Date,Open,High,Low,Close,Volume,Dividends,Stock Splits
2000-02-18 00:00:00+09:00,407.1685314178467,415.3119020462036,372.26837158203125,372.26837158203125,1272000,0.0,0.0
2000-02-21 00:00:00+09:00,366.4517024113582,372.26839610042737,337.3682339660123,340.2765808105469,42000,0.0,0.0
2000-02-22 00:00:00+09:00,334.4598871214777,343.1849276550815,331.5515402769431,340.2765808105469,26000,0.0,0.0
2000-02-23 00:00:00+09:00,334.45996909305967,337.3683166503906,331.5516215357287,337.3683166503906,7000,0.0,0.0
2000-02-24 00:00:00+09:00,325.7349264210668,337.3683166503906,325.7349264210668,337.3683166503906,10000,0.0,0.0
2000-02-25 00:00:00+09:00,349.00170687971445,349.00170687971445,337.3683166503906,337.3683166503906,9000,0.0,0.0
2000-02-28 00:00:00+09:00,349.0015869140625,349.0015869140625,349.0015869140625,349.0015869140625,10000,0.0,0.0
2000-02-29 00:00:00+09:00,349.0015869140625,349.0015869140625,349.0015869140625,349.0015869140625,5000,0.0,0.0
2000-03-01 00:00:00+09:00,349.0015869140625,349.0015869140625,349.0015869140625,349.0015869140625,4000,0.0,0.0
2000-03-02 00:00:00+09:00,349.00159599367254,351.9099426269532,349.00159599367254,351.9099426269531,12000,0.0,0.0
2000-03-03 00:00:00+09:00,349.0015869140625,349.0015869140625,349.0015869140625,349.0015869140625,17000,0.0,0.0
2000-03-06 00:00:00+09:00,349.0015869140625,351.90993347167966,349.0015869140625,349.0015869140625,9000,0.0,0.0
2000-03-07 00:00:00+09:00,353.65502889989835,357.7267150878906,353.65502889989835,357.7267150878906,8000,0.0,0.0
2000-03-08 00:00:00+09:00,354.81828926023377,357.72663589351436,351.9099426269532,351.9099426269531,10000,0.0,0.0
2000-03-09 00:00:00+09:00,357.72666291267643,360.63500976562506,354.81831605972786,360.635009765625,21000,0.0,0.0
2000-03-10 00:00:00+09:00,357.72670166015627,366.4517431640625,357.72670166015627,363.54339599609375,32000,0.0,0.0
2000-03-13 00:00:00+09:00,357.72662658691405,357.72662658691405,349.0015869140625,349.0015869140625,9000,0.0,0.0
2000-03-14 00:00:00+09:00,349.0015869140625,351.90993347167966,349.0015869140625,349.0015869140625,20000,0.0,0.0
2000-03-15 00:00:00+09:00,351.90993347167966,354.8182800292969,343.1848937988281,349.0015869140625,47000,0.0,0.0
2000-03-16 00:00:00+09:00,346.0932403564453,349.0015869140625,346.0932403564453,349.0015869140625,2000,0.0,0.0
2000-03-17 00:00:00+09:00,349.0016084558824,349.0016084558824,346.09326171875,346.09326171875,30000,0.0,0.0
2000-03-20 00:00:00+09:00,346.09326171875,346.09326171875,346.09326171875,346.09326171875,0,0.0,0.0
2000-03-21 00:00:00+09:00,349.0015869140625,349.0015869140625,349.0015869140625,349.0015869140625,3000,0.0,0.0
2000-03-22 00:00:00+09:00,346.09326171875,346.09326171875,346.09326171875,346.09326171875,5000,0.0,0.0
2000-03-23 00:00:00+09:00,346.09326171875,346.09326171875,346.09326171875,346.09326171875,2000,0.0,0.0
2000-03-24 00:00:00+09:00,346.09326171875,349.0016084558824,346.09326171875,346.09326171875,9000,0.0,0.0
2000-03-27 00:00:00+09:00,351.90991469561044,351.90991469561044,343.18487548828125,343.18487548828125,12000,0.0,0.0
2000-03-28 00:00:00+09:00,347.6036071777344,347.6036071777344,347.6036071777344,347.6036071777344,9000,7.5,0.0
2000-03-29 00:00:00+09:00,344.65789794921875,350.5494859483507,344.65789794921875,344.65789794921875,0,0.0,0.0
2000-03-30 00:00:00+09:00,344.65789794921875,344.65789794921875,344.65789794921875,344.65789794921875,1000,0.0,0.0
2000-03-31 00:00:00+09:00,344.6578138965671,347.6036071777344,344.6578138965671,347.6036071777344,6000,0.0,0.0
2000-04-03 00:00:00+09:00,341.712059485394,341.712059485394,338.7662658691406,338.7662658691406,3000,0.0,0.0
2000-04-04 00:00:00+09:00,329.9288330078125,329.9288330078125,326.98303985595703,329.9288330078125,7000,0.0,0.0
2000-04-05 00:00:00+09:00,324.6265123401988,326.9831476384943,321.09155939275564,324.037353515625,5000,0.0,0.0
2000-04-06 00:00:00+09:00,318.1456604003906,318.1456604003906,294.5793151855469,294.5793151855469,5000,0.0,0.0
2000-04-07 00:00:00+09:00,294.57933830492425,294.57933830492425,291.633544921875,291.633544921875,2000,0.0,0.0
2000-04-10 00:00:00+09:00,291.633544921875,291.633544921875,291.633544921875,291.633544921875,3000,0.0,0.0
2000-04-11 00:00:00+09:00,282.79608154296875,282.79608154296875,282.79608154296875,282.79608154296875,3000,0.0,0.0
2000-04-12 00:00:00+09:00,276.90460018235814,288.6877746582031,276.90460018235814,288.6877746582031,2000,0.0,0.0
2000-04-13 00:00:00+09:00,276.90460205078125,276.90460205078125,276.90460205078125,276.90460205078125,4000,0.0,0.0
2000-04-14 00:00:00+09:00,294.5793151855469,294.5793151855469,294.5793151855469,294.5793151855469,6000,0.0,0.0
2000-04-17 00:00:00+09:00,282.79608154296875,282.79608154296875,282.79608154296875,282.79608154296875,3000,0.0,0.0
2000-04-18 00:00:00+09:00,273.9588623046875,273.9588623046875,273.9588623046875,273.9588623046875,1000,0.0,0.0
2000-04-19 00:00:00+09:00,271.0129699707031,271.0129699707031,271.0129699707031,271.0129699707031,2000,0.0,0.0
2000-04-20 00:00:00+09:00,276.90460205078125,276.90460205078125,276.90460205078125,276.90460205078125,1000,0.0,0.0
2000-04-21 00:00:00+09:00,271.0129699707031,282.796142578125,271.0129699707031,271.0129699707031,0,0.0,0.0
2000-04-24 00:00:00+09:00,271.0129699707031,282.796142578125,271.0129699707031,271.0129699707031,0,0.0,0.0
2000-04-25 00:00:00+09:00,282.7961803318299,288.6877674220764,271.013006151337,285.7419738769531,13000,0.0,0.0
2000-04-26 00:00:00+09:00,279.8503723144531,294.5793392783717,279.8503723144531,279.8503723144531,0,0.0,0.0
2000-04-27 00:00:00+09:00,282.79608154296875,291.6334590911865,282.79608154296875,282.79608154296875,0,0.0,0.0
2000-04-28 00:00:00+09:00,282.79616570723687,282.79616570723687,279.8503723144531,279.8503723144531,2000,0.0,0.0
2000-05-01 00:00:00+09:00,276.90460205078125,276.90460205078125,276.90460205078125,276.90460205078125,1000,0.0,0.0
2000-05-02 00:00:00+09:00,273.9588623046875,273.9588623046875,273.9588623046875,273.9588623046875,2000,0.0,0.0
2000-05-03 00:00:00+09:00,273.9588623046875,273.9588623046875,273.9588623046875,273.9588623046875,0,0.0,0.0
2000-05-04 00:00:00+09:00,273.9588623046875,273.9588623046875,273.9588623046875,273.9588623046875,0,0.0,0.0
2000-05-05 00:00:00+09:00,273.9588623046875,273.9588623046875,273.9588623046875,273.9588623046875,0,0.0,0.0
2000-05-08 00:00:00+09:00,268.0671691894531,268.0671691894531,268.0671691894531,268.0671691894531,1000,0.0,0.0
2000-05-09 00:00:00+09:00,268.0671691894531,268.0671691894531,268.0671691894531,268.0671691894531,0,0.0,0.0
2000-05-10 00:00:00+09:00,262.1756591796875,262.1756591796875,262.1756591796875,262.1756591796875,1000,0.0,0.0
2000-05-11 00:00:00+09:00,265.1213684082031,265.1213684082031,265.1213684082031,265.1213684082031,5000,0.0,0.0
2000-05-12 00:00:00+09:00,262.1755905151367,271.0129699707031,262.1755905151367,271.0129699707031,3000,0.0,0.0
2000-05-15 00:00:00+09:00,276.90460205078125,276.90460205078125,276.90460205078125,276.90460205078125,2000,0.0,0.0
2000-05-16 00:00:00+09:00,273.9588623046875,273.9588623046875,273.9588623046875,273.9588623046875,12000,0.0,0.0
2000-05-17 00:00:00+09:00,265.1213684082031,273.95874735514326,265.1213684082031,265.1213684082031,0,0.0,0.0
2000-05-18 00:00:00+09:00,265.1213684082031,265.1213684082031,265.1213684082031,265.1213684082031,1000,0.0,0.0
2000-05-19 00:00:00+09:00,265.1213684082031,265.1213684082031,265.1213684082031,265.1213684082031,3000,0.0,0.0
2000-05-22 00:00:00+09:00,262.1755735782269,262.1755735782269,259.8189392089844,259.8189392089844,2000,0.0,0.0
2000-05-23 00:00:00+09:00,265.1213684082031,265.1213684082031,262.1755754258898,265.1213684082031,6000,0.0,0.0
2000-05-24 00:00:00+09:00,265.1213684082031,273.95874735514326,265.1213684082031,265.1213684082031,0,0.0,0.0
2000-05-25 00:00:00+09:00,271.0130129444356,288.6877746582031,271.0130129444356,288.6877746582031,10000,0.0,0.0
2000-05-26 00:00:00+09:00,276.90460205078125,276.90460205078125,276.90460205078125,276.90460205078125,1000,0.0,0.0
2000-05-29 00:00:00+09:00,271.0129699707031,282.796142578125,271.0129699707031,271.0129699707031,0,0.0,0.0
2000-05-30 00:00:00+09:00,271.0129699707031,271.0129699707031,271.0129699707031,271.0129699707031,0,0.0,0.0
2000-05-31 00:00:00+09:00,273.9588623046875,273.9588623046875,273.9588623046875,273.9588623046875,1000,0.0,0.0
2000-06-01 00:00:00+09:00,273.9588623046875,276.9046565230175,273.9588623046875,273.9588623046875,0,0.0,0.0
2000-06-02 00:00:00+09:00,271.0129699707031,271.0129699707031,271.0129699707031,271.0129699707031,3000,0.0,0.0
2000-06-05 00:00:00+09:00,271.0129699707031,271.0129699707031,265.1213836669922,271.0129699707031,5000,0.0,0.0
2000-06-06 00:00:00+09:00,265.1213684082031,273.95874735514326,265.1213684082031,265.1213684082031,0,0.0,0.0
2000-06-07 00:00:00+09:00,265.1213684082031,265.1213684082031,265.1213684082031,265.1213684082031,1000,0.0,0.0
2000-06-08 00:00:00+09:00,265.1213684082031,265.1213684082031,265.1213684082031,265.1213684082031,1000,0.0,0.0
2000-06-09 00:00:00+09:00,265.1213684082031,265.1213684082031,265.1213684082031,265.1213684082031,1000,0.0,0.0
2000-06-12 00:00:00+09:00,265.1213684082031,273.95874735514326,265.1213684082031,265.1213684082031,0,0.0,0.0
2000-06-13 00:00:00+09:00,265.1213836669922,271.0129699707031,265.1213836669922,271.0129699707031,2000,0.0,0.0
2000-06-14 00:00:00+09:00,265.1213684082031,265.1213684082031,265.1213684082031,265.1213684082031,1000,0.0,0.0
2000-06-15 00:00:00+09:00,262.1755754258898,265.1213684082031,262.1755754258898,265.1213684082031,5000,0.0,0.0
2000-06-16 00:00:00+09:00,259.2298278808594,259.2298278808594,259.2298278808594,259.2298278808594,1000,0.0,0.0
2000-06-19 00:00:00+09:00,259.8189865805886,259.8189865805886,259.2298278808594,259.2298278808594,3000,0.0,0.0
2000-06-20 00:00:00+09:00,259.2298278808594,271.0130018754439,259.2298278808594,259.2298278808594,0,0.0,0.0
2000-06-21 00:00:00+09:00,259.2298278808594,271.0130018754439,259.2298278808594,259.2298278808594,0,0.0,0.0
2000-06-22 00:00:00+09:00,268.0671691894531,268.0671691894531,268.0671691894531,268.0671691894531,2000,0.0,0.0
2000-06-23 00:00:00+09:00,276.9046565230175,276.9046565230175,273.9588623046875,273.9588623046875,10000,0.0,0.0
2000-06-26 00:00:00+09:00,265.1213684082031,268.0671613905165,265.1213684082031,265.1213684082031,8000,0.0,0.0
2000-06-27 00:00:00+09:00,262.1756591796875,271.01304094978934,262.1756591796875,262.1756591796875,0,0.0,0.0
2000-06-28 00:00:00+09:00,262.1755830534212,268.0671691894531,262.1755830534212,268.0671691894531,2000,0.0,0.0
2000-06-29 00:00:00+09:00,265.1213684082031,271.0129543728299,265.1213684082031,265.1213684082031,0,0.0,0.0
2000-06-30 00:00:00+09:00,265.1213684082031,271.0129543728299,265.1213684082031,265.1213684082031,0,0.0,0.0
2000-07-03 00:00:00+09:00,262.1756591796875,273.9588348731566,262.1756591796875,262.1756591796875,0,0.0,0.0
2000-07-04 00:00:00+09:00,265.1213836669922,271.0129699707031,265.1213836669922,271.0129699707031,6000,0.0,0.0
2000-07-05 00:00:00+09:00,268.0671691894531,268.0671691894531,268.0671691894531,268.0671691894531,1000,0.0,0.0
2000-07-06 00:00:00+09:00,268.0671691894531,276.90454839350105,268.0671691894531,268.0671691894531,0,0.0,0.0
2000-07-07 00:00:00+09:00,268.0671691894531,276.90454839350105,268.0671691894531,268.0671691894531,0,0.0,0.0
2000-07-10 00:00:00+09:00,268.0671691894531,276.90454839350105,268.0671691894531,268.0671691894531,0,0.0,0.0
2000-07-11 00:00:00+09:00,276.90460205078125,276.90460205078125,276.90460205078125,276.90460205078125,1000,0.0,0.0
2000-07-12 00:00:00+09:00,273.9588623046875,273.9588623046875,273.9588623046875,273.9588623046875,2000,0.0,0.0
2000-07-13 00:00:00+09:00,273.9588623046875,273.9588623046875,273.9588623046875,273.9588623046875,1000,0.0,0.0
2000-07-14 00:00:00+09:00,271.0129699707031,282.796142578125,271.0129699707031,271.0129699707031,0,0.0,0.0
2000-07-17 00:00:00+09:00,282.79608154296875,282.79608154296875,282.79608154296875,282.79608154296875,6000,0.0,0.0
2000-07-18 00:00:00+09:00,291.6335682771644,291.6335682771644,288.6877746582031,288.6877746582031,3000,0.0,0.0
2000-07-19 00:00:00+09:00,291.6335682771644,291.6335682771644,288.6877746582031,288.6877746582031,3000,0.0,0.0
2000-07-20 00:00:00+09:00,288.6877746582031,288.6877746582031,288.6877746582031,288.6877746582031,0,0.0,0.0
2000-07-21 00:00:00+09:00,294.5793151855469,294.5793151855469,294.5793151855469,294.5793151855469,13000,0.0,0.0
2000-07-24 00:00:00+09:00,291.6335220336914,294.5793151855469,291.6335220336914,294.5793151855469,18000,0.0,0.0
2000-07-25 00:00:00+09:00,300.470947265625,300.470947265625,300.470947265625,300.470947265625,14000,0.0,0.0
2000-07-26 00:00:00+09:00,303.4167175292969,304.0058762041111,303.4167175292969,303.4167175292969,14000,0.0,0.0
2000-07-27 00:00:00+09:00,303.41676164967146,304.00592041015625,303.41676164967146,304.00592041015625,4000,0.0,0.0
2000-07-28 00:00:00+09:00,303.416755089393,306.362548828125,303.416755089393,306.362548828125,5000,0.0,0.0
2000-07-31 00:00:00+09:00,303.4166946411133,303.4166946411133,294.5793151855469,294.5793151855469,15000,0.0,0.0
2000-08-01 00:00:00+09:00,294.5793151855469,294.5793151855469,294.5793151855469,294.5793151855469,4000,0.0,0.0
2000-08-02 00:00:00+09:00,294.5793151855469,294.5793151855469,294.5793151855469,294.5793151855469,2000,0.0,0.0
2000-08-03 00:00:00+09:00,294.5793151855469,297.52510833740234,294.5793151855469,294.5793151855469,0,0.0,0.0
2000-08-04 00:00:00+09:00,294.5793151855469,294.5793151855469,291.6335220336914,294.5793151855469,7000,0.0,0.0
2000-08-07 00:00:00+09:00,291.633544921875,294.57933830492425,291.633544921875,291.633544921875,5000,0.0,0.0
2000-08-08 00:00:00+09:00,291.633544921875,300.4709250710227,291.633544921875,291.633544921875,0,0.0,0.0
2000-08-09 00:00:00+09:00,300.470947265625,300.470947265625,300.470947265625,300.470947265625,6000,0.0,0.0
2000-08-10 00:00:00+09:00,297.52508544921875,303.41667129969835,297.52508544921875,297.52508544921875,0,0.0,0.0
2000-08-11 00:00:00+09:00,297.52508544921875,297.52508544921875,297.52508544921875,297.52508544921875,5000,0.0,0.0
2000-08-14 00:00:00+09:00,297.52508544921875,297.52508544921875,297.52508544921875,297.52508544921875,4000,0.0,0.0
2000-08-15 00:00:00+09:00,294.5793151855469,303.4166946411133,294.5793151855469,294.5793151855469,0,0.0,0.0
2000-08-16 00:00:00+09:00,297.52508544921875,297.52508544921875,297.52508544921875,297.52508544921875,2000,0.0,0.0
2000-08-17 00:00:00+09:00,298.7034912109375,298.7034912109375,298.7034912109375,298.7034912109375,2000,0.0,0.0
2000-08-18 00:00:00+09:00,297.52508544921875,297.52508544921875,297.52508544921875,297.52508544921875,1000,0.0,0.0
2000-08-21 00:00:00+09:00,297.52508544921875,297.52508544921875,297.52508544921875,297.52508544921875,2000,0.0,0.0
2000-08-22 00:00:00+09:00,297.52508544921875,306.3624642249381,297.52508544921875,297.52508544921875,0,0.0,0.0
2000-08-23 00:00:00+09:00,297.52508544921875,306.3624642249381,297.52508544921875,297.52508544921875,0,0.0,0.0
2000-08-24 00:00:00+09:00,300.470947265625,300.470947265625,300.470947265625,300.470947265625,2000,0.0,0.0
2000-08-25 00:00:00+09:00,303.416755089393,306.362548828125,303.416755089393,306.362548828125,9000,0.0,0.0
2000-08-28 00:00:00+09:00,300.470947265625,309.3083280675551,300.470947265625,300.470947265625,0,0.0,0.0
2000-08-29 00:00:00+09:00,303.4167175292969,312.2540976515094,303.4167175292969,303.4167175292969,0,0.0,0.0
2000-08-30 00:00:00+09:00,303.4167175292969,312.2540976515094,303.4167175292969,303.4167175292969,0,0.0,0.0
2000-08-31 00:00:00+09:00,303.4167175292969,312.2540976515094,303.4167175292969,303.4167175292969,0,0.0,0.0
2000-09-01 00:00:00+09:00,303.4167175292969,303.4167175292969,303.4167175292969,303.4167175292969,2000,0.0,0.0
2000-09-04 00:00:00+09:00,303.416755089393,306.362548828125,303.416755089393,306.362548828125,7000,0.0,0.0
2000-09-05 00:00:00+09:00,300.470947265625,315.1999152688419,300.470947265625,300.470947265625,0,0.0,0.0
2000-09-06 00:00:00+09:00,300.470947265625,300.470947265625,300.470947265625,300.470947265625,1000,0.0,0.0
2000-09-07 00:00:00+09:00,300.470947265625,318.14570886948525,300.470947265625,300.470947265625,0,0.0,0.0
2000-09-08 00:00:00+09:00,306.362548828125,306.362548828125,306.362548828125,306.362548828125,2000,0.0,0.0
2000-09-11 00:00:00+09:00,309.308349609375,309.308349609375,309.308349609375,309.308349609375,2000,0.0,0.0
2000-09-12 00:00:00+09:00,309.308349609375,321.0915248325893,309.308349609375,309.308349609375,0,0.0,0.0
2000-09-13 00:00:00+09:00,312.254150390625,321.09153200545404,312.254150390625,312.254150390625,0,0.0,0.0
2000-09-14 00:00:00+09:00,324.03726092839645,347.6036071777344,324.03726092839645,347.6036071777344,4000,0.0,0.0
2000-09-15 00:00:00+09:00,347.6036071777344,347.6036071777344,347.6036071777344,347.6036071777344,0,0.0,0.0
2000-09-18 00:00:00+09:00,344.6578911090719,344.6578911090719,341.7120971679687,341.71209716796875,3000,0.0,0.0
2000-09-19 00:00:00+09:00,344.65789794921875,359.3868679470486,344.65789794921875,344.65789794921875,0,0.0,0.0
2000-09-20 00:00:00+09:00,347.6036071777344,359.38678030240334,347.6036071777344,347.6036071777344,0,0.0,0.0
2000-09-21 00:00:00+09:00,347.60356190999346,353.4951477050781,347.60356190999346,353.4951477050781,8000,0.0,0.0
2000-09-22 00:00:00+09:00,347.60356190999346,353.4951477050781,347.60356190999346,353.4951477050781,5000,0.0,0.0
2000-09-25 00:00:00+09:00,359.3868713378906,359.3868713378906,359.3868713378906,359.3868713378906,5000,0.0,0.0
2000-09-26 00:00:00+09:00,347.6036071777344,347.6036071777344,347.6036071777344,347.6036071777344,3000,0.0,0.0
2000-09-27 00:00:00+09:00,335.82050928576234,341.7120971679687,335.82050928576234,341.71209716796875,2000,0.0,0.0
2000-09-28 00:00:00+09:00,335.8204345703125,347.6036077131305,335.8204345703125,335.8204345703125,0,0.0,0.0
2000-09-29 00:00:00+09:00,335.82041931152344,335.82041931152344,318.1456604003906,318.1456604003906,10000,0.0,0.0
2000-10-02 00:00:00+09:00,318.1456604003906,318.1456604003906,318.1456604003906,318.1456604003906,3000,0.0,0.0
2000-10-03 00:00:00+09:00,312.254150390625,321.09153200545404,312.254150390625,312.254150390625,0,0.0,0.0
2000-10-04 00:00:00+09:00,312.254150390625,324.03732587706367,312.254150390625,312.254150390625,0,0.0,0.0
2000-10-05 00:00:00+09:00,315.1998596191406,321.09144578024603,315.1998596191406,315.1998596191406,0,0.0,0.0
2000-10-06 00:00:00+09:00,315.1998596191406,324.03723886079877,315.1998596191406,315.1998596191406,0,0.0,0.0
2000-10-09 00:00:00+09:00,315.1998596191406,315.1998596191406,315.1998596191406,315.1998596191406,0,0.0,0.0
2000-10-10 00:00:00+09:00,315.1998596191406,324.03723886079877,315.1998596191406,315.1998596191406,0,0.0,0.0
2000-10-11 00:00:00+09:00,315.1998596191406,315.1998596191406,315.1998596191406,315.1998596191406,1000,0.0,0.0
2000-10-12 00:00:00+09:00,315.1998596191406,324.03723886079877,315.1998596191406,315.1998596191406,0,0.0,0.0
2000-10-13 00:00:00+09:00,315.1998596191406,324.03723886079877,315.1998596191406,315.1998596191406,0,0.0,0.0
2000-10-16 00:00:00+09:00,315.1998596191406,315.1998596191406,315.1998596191406,315.1998596191406,0,0.0,0.0
2000-10-17 00:00:00+09:00,315.19986724853516,318.1456604003906,315.19986724853516,318.1456604003906,2000,0.0,0.0
2000-10-18 00:00:00+09:00,315.19986724853516,318.1456604003906,315.19986724853516,318.1456604003906,2000,0.0,0.0
2000-10-19 00:00:00+09:00,312.254150390625,312.254150390625,312.254150390625,312.254150390625,1000,0.0,0.0
2000-10-20 00:00:00+09:00,312.2540665385879,315.1998596191406,312.2540665385879,315.1998596191406,2000,0.0,0.0
2000-10-23 00:00:00+09:00,312.254150390625,315.1999442622347,312.254150390625,312.254150390625,3000,0.0,0.0
2000-10-24 00:00:00+09:00,312.254150390625,312.254150390625,312.254150390625,312.254150390625,2000,0.0,0.0
2000-10-25 00:00:00+09:00,315.1999372209822,315.1999372209822,309.308349609375,309.308349609375,6000,0.0,0.0
2000-10-26 00:00:00+09:00,309.308349609375,315.1999372209822,309.308349609375,309.308349609375,0,0.0,0.0
2000-10-27 00:00:00+09:00,309.308349609375,309.308349609375,309.308349609375,309.308349609375,0,0.0,0.0
2000-10-30 00:00:00+09:00,312.254150390625,312.254150390625,312.254150390625,312.254150390625,2000,0.0,0.0
2000-10-31 00:00:00+09:00,306.36251090336776,309.3083042774386,300.47092415522604,303.4167175292969,24000,0.0,0.0
2000-11-01 00:00:00+09:00,306.362548828125,306.362548828125,306.362548828125,306.362548828125,1000,0.0,0.0
2000-11-02 00:00:00+09:00,300.470947265625,309.3083280675551,300.470947265625,300.470947265625,0,0.0,0.0
2000-11-03 00:00:00+09:00,300.470947265625,300.470947265625,300.470947265625,300.470947265625,0,0.0,0.0
2000-11-06 00:00:00+09:00,306.362548828125,306.362548828125,306.362548828125,306.362548828125,2000,0.0,0.0
2000-11-07 00:00:00+09:00,306.362548828125,315.1999300443209,306.362548828125,306.362548828125,0,0.0,0.0
2000-11-08 00:00:00+09:00,306.362548828125,315.1999300443209,306.362548828125,306.362548828125,0,0.0,0.0
2000-11-09 00:00:00+09:00,306.362548828125,315.1999300443209,306.362548828125,306.362548828125,0,0.0,0.0
2000-11-10 00:00:00+09:00,306.362548828125,306.362548828125,306.362548828125,306.362548828125,1000,0.0,0.0
2000-11-13 00:00:00+09:00,303.4167175292969,312.2540976515094,303.4167175292969,303.4167175292969,0,0.0,0.0
2000-11-14 00:00:00+09:00,303.416755089393,306.362548828125,303.416755089393,306.362548828125,2000,0.0,0.0
2000-11-15 00:00:00+09:00,303.416755089393,306.362548828125,303.416755089393,306.362548828125,4000,0.0,0.0
2000-11-16 00:00:00+09:00,303.4167175292969,309.3083042774386,303.4167175292969,303.4167175292969,0,0.0,0.0
2000-11-17 00:00:00+09:00,309.308349609375,309.308349609375,309.308349609375,309.308349609375,2000,0.0,0.0
2000-11-20 00:00:00+09:00,306.362548828125,318.14572378305286,306.362548828125,306.362548828125,0,0.0,0.0
2000-11-21 00:00:00+09:00,306.362548828125,318.14572378305286,306.362548828125,306.362548828125,0,0.0,0.0
2000-11-22 00:00:00+09:00,318.14565269969336,318.14565269969336,315.1998596191406,315.1998596191406,3000,0.0,0.0
2000-11-23 00:00:00+09:00,315.1998596191406,315.1998596191406,315.1998596191406,315.1998596191406,0,0.0,0.0
2000-11-24 00:00:00+09:00,315.1998596191406,315.1998596191406,309.30827345803516,315.1998596191406,5000,0.0,0.0
2000-11-27 00:00:00+09:00,309.308349609375,324.0373186383929,309.308349609375,309.308349609375,0,0.0,0.0
2000-11-28 00:00:00+09:00,312.254150390625,324.03732587706367,312.254150390625,312.254150390625,0,0.0,0.0
2000-11-29 00:00:00+09:00,324.037353515625,324.037353515625,324.037353515625,324.037353515625,1000,0.0,0.0
2000-11-30 00:00:00+09:00,318.14568266997463,326.9830627441406,318.14568266997463,326.9830627441406,5000,0.0,0.0
2000-12-01 00:00:00+09:00,318.1456604003906,329.9288330078125,318.1456604003906,318.1456604003906,0,0.0,0.0
2000-12-04 00:00:00+09:00,318.14576526988634,324.037353515625,318.14576526988634,324.037353515625,2000,0.0,0.0
2000-12-05 00:00:00+09:00,324.037353515625,324.037353515625,324.037353515625,324.037353515625,2000,0.0,0.0
2000-12-06 00:00:00+09:00,324.037353515625,324.037353515625,324.037353515625,324.037353515625,3000,0.0,0.0
2000-12-07 00:00:00+09:00,318.1456604003906,324.03724670410156,318.1456604003906,318.1456604003906,0,0.0,0.0
2000-12-08 00:00:00+09:00,318.1456604003906,318.1456604003906,318.1456604003906,318.1456604003906,3000,0.0,0.0
2000-12-11 00:00:00+09:00,318.1456604003906,318.1456604003906,318.1456604003906,318.1456604003906,2000,0.0,0.0
2000-12-12 00:00:00+09:00,318.1457284349914,321.0915222167969,318.1457284349914,321.0915222167969,3000,0.0,0.0
2000-12-13 00:00:00+09:00,318.1456604003906,318.1456604003906,318.1456604003906,318.1456604003906,6000,0.0,0.0
2000-12-14 00:00:00+09:00,315.1998596191406,324.03723886079877,315.1998596191406,315.1998596191406,0,0.0,0.0
2000-12-15 00:00:00+09:00,315.1998596191406,324.03723886079877,315.1998596191406,315.1998596191406,0,0.0,0.0
2000-12-18 00:00:00+09:00,315.1998596191406,324.03723886079877,315.1998596191406,315.1998596191406,0,0.0,0.0
2000-12-19 00:00:00+09:00,315.1998596191406,324.03723886079877,315.1998596191406,315.1998596191406,0,0.0,0.0
2000-12-20 00:00:00+09:00,315.1998596191406,315.1998596191406,312.2540665385879,315.1998596191406,6000,0.0,0.0
2000-12-21 00:00:00+09:00,309.308349609375,318.1457310267857,309.308349609375,309.308349609375,0,0.0,0.0
2000-12-22 00:00:00+09:00,309.308349609375,318.1457310267857,309.308349609375,309.308349609375,0,0.0,0.0
2000-12-25 00:00:00+09:00,318.1456604003906,318.1456604003906,318.1456604003906,318.1456604003906,3000,0.0,0.0
2000-12-26 00:00:00+09:00,315.1998596191406,315.1998596191406,315.1998596191406,315.1998596191406,2000,0.0,0.0
2000-12-27 00:00:00+09:00,309.308349609375,318.1457310267857,309.308349609375,309.308349609375,0,0.0,0.0
2000-12-28 00:00:00+09:00,309.308349609375,318.1457310267857,309.308349609375,309.308349609375,0,0.0,0.0
2000-12-29 00:00:00+09:00,309.308349609375,318.1457310267857,309.308349609375,309.308349609375,0,0.0,0.0
2001-01-01 00:00:00+09:00,309.308349609375,309.308349609375,309.308349609375,309.308349609375,0,0.0,0.0
2001-01-02 00:00:00+09:00,309.308349609375,309.308349609375,309.308349609375,309.308349609375,0,0.0,0.0
2001-01-03 00:00:00+09:00,309.308349609375,309.308349609375,309.308349609375,309.308349609375,0,0.0,0.0
2001-01-04 00:00:00+09:00,309.308349609375,318.1457310267857,309.308349609375,309.308349609375,0,0.0,0.0
2001-01-05 00:00:00+09:00,312.254150390625,318.14573813384436,312.254150390625,312.254150390625,0,0.0,0.0
2001-01-08 00:00:00+09:00,312.254150390625,312.254150390625,312.254150390625,312.254150390625,0,0.0,0.0
2001-01-09 00:00:00+09:00,312.254150390625,318.14573813384436,312.254150390625,312.254150390625,0,0.0,0.0
2001-01-10 00:00:00+09:00,312.2540665385879,315.1998596191406,312.2540665385879,315.1998596191406,5000,0.0,0.0
2001-01-11 00:00:00+09:00,312.254150390625,312.254150390625,312.254150390625,312.254150390625,1000,0.0,0.0
2001-01-12 00:00:00+09:00,306.362548828125,315.1999300443209,306.362548828125,306.362548828125,0,0.0,0.0
2001-01-15 00:00:00+09:00,306.362548828125,315.1999300443209,306.362548828125,306.362548828125,0,0.0,0.0
2001-01-16 00:00:00+09:00,306.362548828125,315.1999300443209,306.362548828125,306.362548828125,0,0.0,0.0
2001-01-17 00:00:00+09:00,306.36255580357147,309.308349609375,306.36255580357147,309.308349609375,2000,0.0,0.0
2001-01-18 00:00:00+09:00,306.36255580357147,309.308349609375,306.36255580357147,309.308349609375,2000,0.0,0.0
2001-01-19 00:00:00+09:00,306.362548828125,315.1999300443209,306.362548828125,306.362548828125,0,0.0,0.0
2001-01-22 00:00:00+09:00,306.362548828125,312.25413630558893,306.362548828125,306.362548828125,0,0.0,0.0
2001-01-23 00:00:00+09:00,306.362548828125,312.25413630558893,306.362548828125,306.362548828125,0,0.0,0.0
2001-01-24 00:00:00+09:00,306.362548828125,306.362548828125,306.362548828125,306.362548828125,4000,0.0,0.0
2001-01-25 00:00:00+09:00,309.30834256685694,309.30834256685694,303.416755089393,306.362548828125,4000,0.0,0.0
2001-01-26 00:00:00+09:00,303.4167175292969,309.3083042774386,303.4167175292969,303.4167175292969,0,0.0,0.0
2001-01-29 00:00:00+09:00,303.416755089393,306.362548828125,303.416755089393,306.362548828125,2000,0.0,0.0
2001-01-30 00:00:00+09:00,300.470947265625,309.3083280675551,300.470947265625,300.470947265625,0,0.0,0.0
2001-01-31 00:00:00+09:00,300.470947265625,309.3083280675551,300.470947265625,300.470947265625,0,0.0,0.0
2001-02-01 00:00:00+09:00,300.47096135066107,306.362548828125,300.47096135066107,306.362548828125,2000,0.0,0.0
2001-02-02 00:00:00+09:00,300.470947265625,300.470947265625,300.470947265625,300.470947265625,1000,0.0,0.0
2001-02-05 00:00:00+09:00,300.47092415522604,303.4167175292969,300.47092415522604,303.4167175292969,2000,0.0,0.0
2001-02-06 00:00:00+09:00,294.5793151855469,306.36248779296875,294.5793151855469,294.5793151855469,0,0.0,0.0
2001-02-07 00:00:00+09:00,294.5793151855469,306.36248779296875,294.5793151855469,294.5793151855469,0,0.0,0.0
2001-02-08 00:00:00+09:00,294.5793151855469,306.36248779296875,294.5793151855469,294.5793151855469,0,0.0,0.0
2001-02-09 00:00:00+09:00,300.470947265625,300.470947265625,300.470947265625,300.470947265625,8000,0.0,0.0
2001-02-12 00:00:00+09:00,300.470947265625,300.470947265625,300.470947265625,300.470947265625,0,0.0,0.0
2001-02-13 00:00:00+09:00,294.57936006433823,300.470947265625,294.57936006433823,300.470947265625,2000,0.0,0.0
2001-02-14 00:00:00+09:00,294.5793151855469,306.36248779296875,294.5793151855469,294.5793151855469,0,0.0,0.0
2001-02-15 00:00:00+09:00,294.5793151855469,303.4166946411133,294.5793151855469,294.5793151855469,0,0.0,0.0
2001-02-16 00:00:00+09:00,294.5793151855469,300.4709014892578,294.5793151855469,294.5793151855469,8000,0.0,0.0
2001-02-19 00:00:00+09:00,288.68772888183594,294.5793151855469,288.68772888183594,294.5793151855469,2000,0.0,0.0
2001-02-20 00:00:00+09:00,288.6877746582031,300.47094913404817,288.6877746582031,288.6877746582031,0,0.0,0.0
2001-02-21 00:00:00+09:00,288.6877746582031,300.47094913404817,288.6877746582031,288.6877746582031,0,0.0,0.0
2001-02-22 00:00:00+09:00,291.633544921875,300.4709250710227,291.633544921875,291.633544921875,0,0.0,0.0
2001-02-23 00:00:00+09:00,300.4709014892578,300.4709014892578,294.5793151855469,294.5793151855469,7000,0.0,0.0
2001-02-26 00:00:00+09:00,294.5793151855469,294.5793151855469,294.5793151855469,294.5793151855469,0,0.0,0.0
2001-02-27 00:00:00+09:00,294.5793151855469,294.5793151855469,291.6335220336914,294.5793151855469,20000,0.0,0.0
2001-02-28 00:00:00+09:00,291.633544921875,291.633544921875,291.633544921875,291.633544921875,1000,0.0,0.0
2001-03-01 00:00:00+09:00,288.68775153882575,291.633544921875,288.68775153882575,291.633544921875,6000,0.0,0.0
2001-03-02 00:00:00+09:00,286.9202755089962,291.633544921875,286.9202755089962,291.633544921875,5000,0.0,0.0
2001-03-05 00:00:00+09:00,285.7419738769531,285.7419738769531,285.7419738769531,285.7419738769531,2000,0.0,0.0
2001-03-06 00:00:00+09:00,282.79614873293065,288.68773516486675,280.43951416015625,280.43951416015625,4000,0.0,0.0
2001-03-07 00:00:00+09:00,285.7419738769531,285.7419738769531,285.7419738769531,285.7419738769531,1000,0.0,0.0
2001-03-08 00:00:00+09:00,279.8503723144531,288.6877524928043,279.8503723144531,279.8503723144531,0,0.0,0.0
2001-03-09 00:00:00+09:00,285.7419137482596,297.52508544921875,285.7419137482596,297.52508544921875,6000,0.0,0.0
2001-03-12 00:00:00+09:00,282.79608154296875,297.5250441233317,282.79608154296875,282.79608154296875,0,0.0,0.0
2001-03-13 00:00:00+09:00,282.79608154296875,288.68766657511395,279.8502890268962,282.79608154296875,8000,0.0,0.0
2001-03-14 00:00:00+09:00,282.79608154296875,282.79608154296875,282.79608154296875,282.79608154296875,0,0.0,0.0
2001-03-15 00:00:00+09:00,276.9045789216694,282.79616570723687,276.9045789216694,279.8503723144531,5000,0.0,0.0
2001-03-16 00:00:00+09:00,282.79608154296875,282.79608154296875,279.8502890268962,282.79608154296875,8000,0.0,0.0
2001-03-19 00:00:00+09:00,268.0671691894531,287.5094034383585,268.0671691894531,268.0671691894531,0,0.0,0.0
2001-03-20 00:00:00+09:00,268.0671691894531,268.0671691894531,268.0671691894531,268.0671691894531,0,0.0,0.0
2001-03-21 00:00:00+09:00,268.0671691894531,279.85034146151696,268.0671691894531,268.0671691894531,0,0.0,0.0
2001-03-22 00:00:00+09:00,279.85039568961935,279.85039568961935,276.90460205078125,276.90460205078125,2000,0.0,0.0
2001-03-23 00:00:00+09:00,282.79618932845744,282.79618932845744,271.01301477310506,276.90460205078125,13000,0.0,0.0
2001-03-26 00:00:00+09:00,273.95880841194315,276.90460205078125,273.95880841194315,276.90460205078125,4000,0.0,0.0
2001-03-27 00:00:00+09:00,275.40780185131314,281.3949279785156,275.40780185131314,281.3949279785156,3000,7.5,0.0
2001-03-28 00:00:00+09:00,269.420654296875,287.38203125,269.420654296875,269.420654296875,0,0.0,0.0
2001-03-29 00:00:00+09:00,269.420654296875,287.38203125,269.420654296875,269.420654296875,0,0.0,0.0
2001-03-30 00:00:00+09:00,269.420654296875,287.38203125,269.420654296875,269.420654296875,0,0.0,0.0
2001-04-02 00:00:00+09:00,269.420654296875,287.38203125,269.420654296875,269.420654296875,0,0.0,0.0
2001-04-03 00:00:00+09:00,269.420654296875,287.38203125,269.420654296875,269.420654296875,0,0.0,0.0
2001-04-04 00:00:00+09:00,269.420654296875,287.38203125,269.420654296875,269.420654296875,0,0.0,0.0
2001-04-05 00:00:00+09:00,287.3820541057181,287.3820541057181,281.3949279785156,281.3949279785156,5000,0.0,0.0
2001-04-06 00:00:00+09:00,281.3949279785156,290.3756171693193,281.3949279785156,281.3949279785156,0,0.0,0.0
2001-04-09 00:00:00+09:00,281.3949279785156,290.3756171693193,281.3949279785156,281.3949279785156,0,0.0,0.0
2001-04-10 00:00:00+09:00,281.3949279785156,290.3756171693193,281.3949279785156,281.3949279785156,0,0.0,0.0
2001-04-11 00:00:00+09:00,281.3949279785156,290.3756171693193,281.3949279785156,281.3949279785156,0,0.0,0.0
2001-04-12 00:00:00+09:00,281.3949279785156,290.3756171693193,281.3949279785156,281.3949279785156,0,0.0,0.0
2001-04-13 00:00:00+09:00,281.3949279785156,287.3820541057181,281.3949279785156,281.3949279785156,0,0.0,0.0
2001-04-16 00:00:00+09:00,281.3949279785156,290.3756171693193,281.3949279785156,281.3949279785156,0,0.0,0.0
2001-04-17 00:00:00+09:00,281.3949279785156,281.3949279785156,281.3949279785156,281.3949279785156,1000,0.0,0.0
2001-04-18 00:00:00+09:00,287.38201904296875,287.38201904296875,287.38201904296875,287.38201904296875,2000,0.0,0.0
2001-04-19 00:00:00+09:00,284.3885192871094,284.3885192871094,284.3885192871094,284.3885192871094,1000,0.0,0.0
2001-04-20 00:00:00+09:00,284.3885192871094,287.3820826480263,284.3885192871094,284.3885192871094,0,0.0,0.0
2001-04-23 00:00:00+09:00,281.99371337890625,287.38212828423565,281.99371337890625,281.99371337890625,0,0.0,0.0
2001-04-24 00:00:00+09:00,287.38201904296875,290.375581741333,287.38201904296875,287.38201904296875,4000,0.0,0.0
2001-04-25 00:00:00+09:00,284.3884563446045,287.38201904296875,284.3884563446045,287.38201904296875,3000,0.0,0.0
2001-04-26 00:00:00+09:00,284.3884563446045,287.38201904296875,284.3884563446045,287.38201904296875,3000,0.0,0.0
2001-04-27 00:00:00+09:00,287.38201904296875,287.38201904296875,287.38201904296875,287.38201904296875,1000,0.0,0.0
2001-04-30 00:00:00+09:00,287.38201904296875,287.38201904296875,287.38201904296875,287.38201904296875,0,0.0,0.0
2001-05-01 00:00:00+09:00,281.99371337890625,293.3692559568239,281.99371337890625,281.99371337890625,0,0.0,0.0
2001-05-02 00:00:00+09:00,281.99371337890625,293.3692559568239,281.99371337890625,281.99371337890625,0,0.0,0.0
2001-05-03 00:00:00+09:00,281.99371337890625,281.99371337890625,281.99371337890625,281.99371337890625,0,0.0,0.0
2001-05-04 00:00:00+09:00,281.99371337890625,281.99371337890625,281.99371337890625,281.99371337890625,0,0.0,0.0
2001-05-07 00:00:00+09:00,281.99371337890625,293.3692559568239,281.99371337890625,281.99371337890625,0,0.0,0.0
2001-05-08 00:00:00+09:00,284.3885192871094,293.36920936986024,284.3885192871094,284.3885192871094,0,0.0,0.0
2001-05-09 00:00:00+09:00,284.3885192871094,293.36920936986024,284.3885192871094,284.3885192871094,0,0.0,0.0
2001-05-10 00:00:00+09:00,281.99371337890625,293.3692559568239,281.99371337890625,281.99371337890625,0,0.0,0.0
2001-05-11 00:00:00+09:00,281.99371337890625,293.3692559568239,281.99371337890625,281.99371337890625,0,0.0,0.0
2001-05-14 00:00:00+09:00,293.36920166015625,293.36920166015625,293.36920166015625,293.36920166015625,1000,0.0,0.0
2001-05-15 00:00:00+09:00,284.3885192871094,293.36920936986024,284.3885192871094,284.3885192871094,0,0.0,0.0
2001-05-16 00:00:00+09:00,284.3885192871094,293.36920936986024,284.3885192871094,284.3885192871094,0,0.0,0.0
2001-05-17 00:00:00+09:00,284.3885192871094,293.36920936986024,284.3885192871094,284.3885192871094,0,0.0,0.0
2001-05-18 00:00:00+09:00,287.38201904296875,287.38201904296875,287.38201904296875,287.38201904296875,2000,0.0,0.0
2001-05-21 00:00:00+09:00,284.3885192871094,290.37564600894325,284.3885192871094,284.3885192871094,0,0.0,0.0
2001-05-22 00:00:00+09:00,284.3885192871094,290.37564600894325,284.3885192871094,284.3885192871094,0,0.0,0.0
2001-05-23 00:00:00+09:00,284.3885192871094,284.3885192871094,284.3885192871094,284.3885192871094,1000,0.0,0.0
2001-05-24 00:00:00+09:00,287.38201904296875,287.38201904296875,284.3884563446045,287.38201904296875,8000,0.0,0.0
2001-05-25 00:00:00+09:00,290.3756408691406,290.3756408691406,284.3885142532821,290.3756408691406,10000,0.0,0.0
2001-05-28 00:00:00+09:00,290.37563837790975,293.36920166015625,283.7897991569675,293.36920166015625,11000,0.0,0.0
2001-05-29 00:00:00+09:00,293.36920417706995,293.36920417706995,290.3756408691406,290.3756408691406,2000,0.0,0.0
2001-05-30 00:00:00+09:00,287.98073158264157,287.98073158264157,287.38201904296875,287.38201904296875,2000,0.0,0.0
2001-05-31 00:00:00+09:00,284.3885142532821,290.3756408691406,284.3885142532821,290.3756408691406,3000,0.0,0.0
2001-06-01 00:00:00+09:00,284.3885192871094,293.36920936986024,284.3885192871094,284.3885192871094,0,0.0,0.0
2001-06-04 00:00:00+09:00,284.3885192871094,284.3885192871094,284.3885192871094,284.3885192871094,1000,0.0,0.0
2001-06-05 00:00:00+09:00,284.3885192871094,284.3885192871094,284.3885192871094,284.3885192871094,3000,0.0,0.0
2001-06-06 00:00:00+09:00,281.99371337890625,287.38212828423565,281.99371337890625,281.99371337890625,0,0.0,0.0
2001-06-07 00:00:00+09:00,281.99371337890625,287.38212828423565,281.99371337890625,281.99371337890625,0,0.0,0.0
2001-06-08 00:00:00+09:00,281.99371337890625,287.38212828423565,281.99371337890625,281.99371337890625,0,0.0,0.0
2001-06-11 00:00:00+09:00,279.0000915527344,287.3820685521727,279.0000915527344,279.0000915527344,0,0.0,0.0
2001-06-12 00:00:00+09:00,279.0000915527344,287.3820685521727,279.0000915527344,279.0000915527344,0,0.0,0.0
2001-06-13 00:00:00+09:00,279.0001052374589,284.3885192871094,279.0001052374589,284.3885192871094,4000,0.0,0.0
2001-06-14 00:00:00+09:00,278.4013366699219,287.38202494959677,278.4013366699219,278.4013366699219,0,0.0,0.0
2001-06-15 00:00:00+09:00,278.4013366699219,287.38202494959677,278.4013366699219,278.4013366699219,0,0.0,0.0
2001-06-18 00:00:00+09:00,278.4013366699219,287.38202494959677,278.4013366699219,278.4013366699219,0,0.0,0.0
2001-06-19 00:00:00+09:00,284.38846218970514,284.38846218970514,278.4013366699219,278.4013366699219,5000,0.0,0.0
2001-06-20 00:00:00+09:00,281.3949279785156,281.3949279785156,281.3949279785156,281.3949279785156,1000,0.0,0.0
2001-06-21 00:00:00+09:00,281.3949279785156,281.3949279785156,281.3949279785156,281.3949279785156,2000,0.0,0.0
2001-06-22 00:00:00+09:00,284.3884563446045,287.38201904296875,284.3884563446045,287.38201904296875,2000,0.0,0.0
2001-06-25 00:00:00+09:00,293.36920166015625,293.36920166015625,293.36920166015625,293.36920166015625,4000,0.0,0.0
2001-06-26 00:00:00+09:00,287.38201904296875,293.36914443969727,287.38201904296875,287.38201904296875,0,0.0,0.0
2001-06-27 00:00:00+09:00,287.38201904296875,293.36914443969727,287.38201904296875,287.38201904296875,0,0.0,0.0
2001-06-28 00:00:00+09:00,287.38201904296875,287.38201904296875,287.38201904296875,287.38201904296875,1000,0.0,0.0
2001-06-29 00:00:00+09:00,287.38201904296875,290.375581741333,287.38201904296875,287.38201904296875,0,0.0,0.0
2001-07-02 00:00:00+09:00,287.38201904296875,287.38201904296875,287.38201904296875,287.38201904296875,1000,0.0,0.0
2001-07-03 00:00:00+09:00,284.3885192871094,290.37564600894325,284.3885192871094,284.3885192871094,0,0.0,0.0
2001-07-04 00:00:00+09:00,284.3885192871094,290.37564600894325,284.3885192871094,284.3885192871094,0,0.0,0.0
2001-07-05 00:00:00+09:00,284.3885192871094,284.3885192871094,284.3885192871094,284.3885192871094,2000,0.0,0.0
2001-07-06 00:00:00+09:00,281.3949279785156,287.3820541057181,281.3949279785156,281.3949279785156,0,0.0,0.0
2001-07-09 00:00:00+09:00,284.3885192871094,287.3820826480263,284.3885192871094,284.3885192871094,0,0.0,0.0
2001-07-10 00:00:00+09:00,284.3885192871094,287.3820826480263,284.3885192871094,284.3885192871094,4000,0.0,0.0
2001-07-11 00:00:00+09:00,284.3885192871094,293.36920936986024,284.3885192871094,284.3885192871094,0,0.0,0.0
2001-07-12 00:00:00+09:00,284.3884563446045,287.38201904296875,284.3884563446045,287.38201904296875,2000,0.0,0.0
2001-07-13 00:00:00+09:00,284.3884563446045,287.38201904296875,284.3884563446045,287.38201904296875,3000,0.0,0.0
2001-07-16 00:00:00+09:00,287.38201904296875,287.38201904296875,287.38201904296875,287.38201904296875,1000,0.0,0.0
2001-07-17 00:00:00+09:00,287.3820826480263,287.3820826480263,284.3885192871094,284.3885192871094,4000,0.0,0.0
2001-07-18 00:00:00+09:00,284.3885192871094,287.3820826480263,284.3885192871094,284.3885192871094,0,0.0,0.0
2001-07-19 00:00:00+09:00,284.3885192871094,284.3885192871094,284.3885192871094,284.3885192871094,2000,0.0,0.0
2001-07-20 00:00:00+09:00,284.3885192871094,284.3885192871094,284.3885192871094,284.3885192871094,0,0.0,0.0
2001-07-23 00:00:00+09:00,281.3949279785156,287.3820541057181,281.3949279785156,281.3949279785156,0,0.0,0.0
2001-07-24 00:00:00+09:00,281.39495592619244,284.3885192871094,281.39495592619244,284.3885192871094,5000,0.0,0.0
2001-07-25 00:00:00+09:00,287.38201904296875,287.38201904296875,287.38201904296875,287.38201904296875,18000,0.0,0.0
2001-07-26 00:00:00+09:00,287.3820541057181,293.36918023292054,281.3949279785156,281.3949279785156,27000,0.0,0.0
2001-07-27 00:00:00+09:00,281.3949279785156,281.3949279785156,281.3949279785156,281.3949279785156,3000,0.0,0.0
2001-07-30 00:00:00+09:00,279.0000915527344,281.39494212400245,279.0000915527344,279.0000915527344,0,0.0,0.0
2001-07-31 00:00:00+09:00,279.0000492219002,279.0000492219002,278.4013366699219,278.4013366699219,4000,0.0,0.0
2001-08-01 00:00:00+09:00,281.3949279785156,281.3949279785156,281.3949279785156,281.3949279785156,1000,0.0,0.0
2001-08-02 00:00:00+09:00,281.3948994298135,281.3948994298135,278.4013366699219,278.4013366699219,7000,0.0,0.0
2001-08-03 00:00:00+09:00,278.4013366699219,284.38846218970514,278.4013366699219,278.4013366699219,0,0.0,0.0
2001-08-06 00:00:00+09:00,284.3885192871094,284.3885192871094,284.3885192871094,284.3885192871094,3000,0.0,0.0
2001-08-07 00:00:00+09:00,281.3949279785156,287.3820541057181,281.3949279785156,281.3949279785156,0,0.0,0.0
2001-08-08 00:00:00+09:00,281.3949279785156,287.3820541057181,281.3949279785156,281.3949279785156,0,0.0,0.0
2001-08-09 00:00:00+09:00,281.3949279785156,281.3949279785156,281.3949279785156,281.3949279785156,1000,0.0,0.0
2001-08-10 00:00:00+09:00,281.3948994298135,281.3948994298135,278.4013366699219,278.4013366699219,3000,0.0,0.0
2001-08-13 00:00:00+09:00,281.3949279785156,281.3949279785156,281.3949279785156,281.3949279785156,1000,0.0,0.0
2001-08-14 00:00:00+09:00,278.4013366699219,284.38846218970514,278.4013366699219,278.4013366699219,0,0.0,0.0
2001-08-15 00:00:00+09:00,278.4013366699219,284.38846218970514,278.4013366699219,278.4013366699219,0,0.0,0.0
2001-08-16 00:00:00+09:00,281.3949279785156,284.38849104211687,281.3949279785156,281.3949279785156,0,0.0,0.0
2001-08-17 00:00:00+09:00,278.4013366699219,284.38846218970514,278.4013366699219,278.4013366699219,0,0.0,0.0
2001-08-20 00:00:00+09:00,284.3885192871094,284.3885192871094,284.3885192871094,284.3885192871094,3000,0.0,0.0
2001-08-21 00:00:00+09:00,287.38201904296875,287.38201904296875,287.38201904296875,287.38201904296875,2000,0.0,0.0
2001-08-22 00:00:00+09:00,287.38201904296875,293.36914443969727,287.38201904296875,287.38201904296875,0,0.0,0.0
2001-08-23 00:00:00+09:00,287.38201904296875,293.36914443969727,287.38201904296875,287.38201904296875,0,0.0,0.0
2001-08-24 00:00:00+09:00,296.3627624511719,296.3627624511719,296.3627624511719,296.3627624511719,3000,0.0,0.0
2001-08-27 00:00:00+09:00,290.3756408691406,290.3756408691406,290.3756408691406,290.3756408691406,3000,0.0,0.0
2001-08-28 00:00:00+09:00,290.3756408691406,299.35633079292853,290.3756408691406,290.3756408691406,0,0.0,0.0
2001-08-29 00:00:00+09:00,290.3756408691406,290.3756408691406,290.3756408691406,290.3756408691406,2000,0.0,0.0
2001-08-30 00:00:00+09:00,284.3885192871094,296.3627727307772,284.3885192871094,284.3885192871094,0,0.0,0.0
2001-08-31 00:00:00+09:00,284.3885192871094,296.3627727307772,284.3885192871094,284.3885192871094,0,0.0,0.0
2001-09-03 00:00:00+09:00,284.3885192871094,296.3627727307772,284.3885192871094,284.3885192871094,0,0.0,0.0
2001-09-04 00:00:00+09:00,284.3885192871094,296.3627727307772,284.3885192871094,284.3885192871094,0,0.0,0.0
2001-09-05 00:00:00+09:00,287.38201904296875,296.3627071380615,287.38201904296875,287.38201904296875,0,0.0,0.0
2001-09-06 00:00:00+09:00,287.38201904296875,287.38201904296875,287.38201904296875,287.38201904296875,1000,0.0,0.0
2001-09-07 00:00:00+09:00,281.3949279785156,296.3627432965218,281.3949279785156,281.3949279785156,0,0.0,0.0
2001-09-10 00:00:00+09:00,281.3949279785156,296.3627432965218,281.3949279785156,281.3949279785156,0,0.0,0.0
2001-09-11 00:00:00+09:00,281.39489364624023,287.38201904296875,281.39489364624023,287.38201904296875,2000,0.0,0.0
2001-09-12 00:00:00+09:00,287.38201904296875,287.38201904296875,287.38201904296875,287.38201904296875,1000,0.0,0.0
2001-09-13 00:00:00+09:00,281.39489364624023,287.38201904296875,281.39489364624023,287.38201904296875,2000,0.0,0.0
2001-09-14 00:00:00+09:00,287.38201904296875,293.36914443969727,287.38201904296875,287.38201904296875,0,0.0,0.0
2001-09-17 00:00:00+09:00,287.38201904296875,293.36914443969727,287.38201904296875,287.38201904296875,0,0.0,0.0
2001-09-18 00:00:00+09:00,287.38201904296875,287.38201904296875,287.38201904296875,287.38201904296875,2000,0.0,0.0
2001-09-19 00:00:00+09:00,290.375581741333,290.375581741333,287.38201904296875,287.38201904296875,8000,0.0,0.0
2001-09-20 00:00:00+09:00,284.3885192871094,293.36920936986024,284.3885192871094,284.3885192871094,0,0.0,0.0
2001-09-21 00:00:00+09:00,293.36920166015625,293.36920166015625,290.37563837790975,293.36920166015625,4000,0.0,0.0
2001-09-24 00:00:00+09:00,293.36920166015625,293.36920166015625,293.36920166015625,293.36920166015625,0,0.0,0.0
2001-09-25 00:00:00+09:00,287.3820826480263,287.3820826480263,284.3885192871094,284.3885192871094,4000,0.0,0.0
2001-09-26 00:00:00+09:00,281.3949279785156,290.3756171693193,281.3949279785156,281.3949279785156,0,0.0,0.0
2001-09-27 00:00:00+09:00,281.3949279785156,293.36918023292054,281.3949279785156,281.3949279785156,0,0.0,0.0
2001-09-28 00:00:00+09:00,281.3949279785156,281.3949279785156,281.3949279785156,281.3949279785156,0,0.0,0.0
2001-10-01 00:00:00+09:00,281.3949279785156,290.3756171693193,281.3949279785156,281.3949279785156,0,0.0,0.0
2001-10-02 00:00:00+09:00,281.3949279785156,290.3756171693193,281.3949279785156,281.3949279785156,0,0.0,0.0
2001-10-03 00:00:00+09:00,281.3949279785156,290.3756171693193,281.3949279785156,281.3949279785156,0,0.0,0.0
2001-10-04 00:00:00+09:00,281.3949279785156,290.3756171693193,281.3949279785156,281.3949279785156,0,0.0,0.0
2001-10-05 00:00:00+09:00,281.3949279785156,290.3756171693193,281.3949279785156,281.3949279785156,0,0.0,0.0
2001-10-08 00:00:00+09:00,281.3949279785156,281.3949279785156,281.3949279785156,281.3949279785156,0,0.0,0.0
2001-10-09 00:00:00+09:00,281.3949279785156,290.3756171693193,281.3949279785156,281.3949279785156,0,0.0,0.0
2001-10-10 00:00:00+09:00,281.3949279785156,281.3949279785156,281.3949279785156,281.3949279785156,2000,0.0,0.0
2001-10-11 00:00:00+09:00,275.4078063964844,284.38849573550016,275.4078063964844,275.4078063964844,0,0.0,0.0
2001-10-12 00:00:00+09:00,275.4078063964844,284.38849573550016,275.4078063964844,275.4078063964844,0,0.0,0.0
2001-10-15 00:00:00+09:00,275.4078063964844,284.38849573550016,275.4078063964844,275.4078063964844,0,0.0,0.0
2001-10-16 00:00:00+09:00,281.3949279785156,281.3949279785156,275.40780185131314,281.3949279785156,2000,0.0,0.0
2001-10-17 00:00:00+09:00,263.4335632324219,275.4078161066229,263.4335632324219,263.4335632324219,0,0.0,0.0
2001-10-18 00:00:00+09:00,263.4335632324219,275.4078161066229,263.4335632324219,263.4335632324219,0,0.0,0.0
2001-10-19 00:00:00+09:00,263.4335632324219,275.4078161066229,263.4335632324219,263.4335632324219,0,0.0,0.0
2001-10-22 00:00:00+09:00,251.4593048095703,269.42068372453963,251.4593048095703,251.4593048095703,0,0.0,0.0
2001-10-23 00:00:00+09:00,251.4593048095703,251.4593048095703,251.4593048095703,251.4593048095703,2000,0.0,0.0
2001-10-24 00:00:00+09:00,239.48507169397865,245.47219848632812,239.48507169397865,245.47219848632812,2000,0.0,0.0
2001-10-25 00:00:00+09:00,254.45288867485232,254.45288867485232,230.50438150545446,245.47219848632812,6000,0.0,0.0
2001-10-26 00:00:00+09:00,245.47219848632812,245.47219848632812,245.47219848632812,245.47219848632812,1000,0.0,0.0
2001-10-29 00:00:00+09:00,239.48504638671878,251.4592987060547,239.48504638671878,239.48504638671875,0,0.0,0.0
2001-10-30 00:00:00+09:00,242.47860946655274,242.47860946655274,227.51079406738282,239.48504638671875,3000,0.0,0.0
2001-10-31 00:00:00+09:00,224.51727294921872,233.49796386718748,224.51727294921872,224.51727294921875,0,0.0,0.0
2001-11-01 00:00:00+09:00,224.51727294921872,233.49796386718748,224.51727294921872,224.51727294921875,0,0.0,0.0
2001-11-02 00:00:00+09:00,224.51727294921872,233.49796386718748,224.51727294921872,224.51727294921875,0,0.0,0.0
2001-11-05 00:00:00+09:00,224.51727294921872,233.49796386718748,224.51727294921872,224.51727294921875,0,0.0,0.0
2001-11-06 00:00:00+09:00,233.4979202270508,239.48504638671878,233.4979202270508,239.48504638671875,3000,0.0,0.0
2001-11-07 00:00:00+09:00,230.50440979003903,239.48510108056004,230.50440979003903,230.50440979003906,0,0.0,0.0
2001-11-08 00:00:00+09:00,227.5107727050781,239.4850239000822,227.5107727050781,227.51077270507812,0,0.0,0.0
2001-11-09 00:00:00+09:00,227.5107727050781,227.5107727050781,227.5107727050781,227.51077270507812,0,0.0,0.0
2001-11-12 00:00:00+09:00,230.50440979003903,239.48510108056004,230.50440979003903,230.50440979003906,0,0.0,0.0
2001-11-13 00:00:00+09:00,233.49789428710935,233.49789428710935,233.49789428710935,233.49789428710938,1000,0.0,0.0
2001-11-14 00:00:00+09:00,224.51727294921872,233.49796386718748,224.51727294921872,224.51727294921875,0,0.0,0.0
2001-11-15 00:00:00+09:00,233.49789428710935,233.49789428710935,233.49789428710935,233.49789428710938,1000,0.0,0.0
2001-11-16 00:00:00+09:00,227.5107727050781,233.49789830258015,227.5107727050781,227.51077270507812,0,0.0,0.0
2001-11-19 00:00:00+09:00,227.5107727050781,233.49789830258015,227.5107727050781,227.51077270507812,0,0.0,0.0
2001-11-20 00:00:00+09:00,227.5107727050781,233.49789830258015,227.5107727050781,227.51077270507812,0,0.0,0.0
2001-11-21 00:00:00+09:00,227.5107727050781,233.49789830258015,227.5107727050781,227.51077270507812,0,0.0,0.0
2001-11-22 00:00:00+09:00,239.48501978165064,239.48501978165064,233.49789428710935,233.49789428710938,4000,0.0,0.0
2001-11-23 00:00:00+09:00,233.49789428710935,233.49789428710935,233.49789428710935,233.49789428710938,0,0.0,0.0
2001-11-26 00:00:00+09:00,230.50440979003903,239.48510108056004,230.50440979003903,230.50440979003906,0,0.0,0.0
2001-11-27 00:00:00+09:00,231.70181274414062,242.4786412438681,231.70181274414062,231.70181274414062,0,0.0,0.0
2001-11-28 00:00:00+09:00,229.3069747721354,231.10311295572916,224.51727294921872,224.51727294921875,6000,0.0,0.0
2001-11-29 00:00:00+09:00,224.51727294921872,233.49796386718748,224.51727294921872,224.51727294921875,0,0.0,0.0
2001-11-30 00:00:00+09:00,224.51727294921872,239.4850911458333,224.51727294921872,224.51727294921875,0,0.0,0.0
2001-12-03 00:00:00+09:00,224.51727294921872,230.50440022786458,224.51727294921872,224.51727294921875,0,0.0,0.0
2001-12-04 00:00:00+09:00,224.51727294921872,239.4850911458333,224.51727294921872,224.51727294921875,0,0.0,0.0
2001-12-05 00:00:00+09:00,224.51727294921872,239.4850911458333,224.51727294921872,224.51727294921875,0,0.0,0.0
2001-12-06 00:00:00+09:00,224.51727294921872,239.4850911458333,224.51727294921872,224.51727294921875,0,0.0,0.0
2001-12-07 00:00:00+09:00,224.51727294921872,224.51727294921872,224.51727294921872,224.51727294921875,1000,0.0,0.0
2001-12-10 00:00:00+09:00,224.51727294921872,230.50440022786458,224.51727294921872,224.51727294921875,0,0.0,0.0
2001-12-11 00:00:00+09:00,224.51725006103513,224.51725006103513,212.5429967244466,215.53656005859375,4000,0.0,0.0
2001-12-12 00:00:00+09:00,197.5751495361328,224.5172153819691,197.5751495361328,197.5751495361328,0,0.0,0.0
2001-12-13 00:00:00+09:00,197.5751495361328,224.5172153819691,197.5751495361328,197.5751495361328,0,0.0,0.0
2001-12-14 00:00:00+09:00,197.5751495361328,224.5172153819691,197.5751495361328,197.5751495361328,0,0.0,0.0
2001-12-17 00:00:00+09:00,197.5751495361328,224.5172153819691,197.5751495361328,197.5751495361328,0,0.0,0.0
2001-12-18 00:00:00+09:00,197.5751495361328,224.5172153819691,197.5751495361328,197.5751495361328,0,0.0,0.0
2001-12-19 00:00:00+09:00,197.5751495361328,224.5172153819691,197.5751495361328,197.5751495361328,0,0.0,0.0
2001-12-20 00:00:00+09:00,197.5751495361328,224.5172153819691,197.5751495361328,197.5751495361328,0,0.0,0.0
2001-12-21 00:00:00+09:00,221.5237121582031,224.51727583601667,221.5237121582031,221.52371215820312,0,0.0,0.0
2001-12-24 00:00:00+09:00,221.5237121582031,221.5237121582031,221.5237121582031,221.52371215820312,0,0.0,0.0
2001-12-25 00:00:00+09:00,224.51727294921872,224.51727294921872,224.51727294921872,224.51727294921875,5000,0.0,0.0
2001-12-26 00:00:00+09:00,212.54296875000003,236.49147227112678,212.54296875000003,212.54296875,0,0.0,0.0
2001-12-27 00:00:00+09:00,212.54296875000003,236.49147227112678,212.54296875000003,212.54296875,0,0.0,0.0
2001-12-28 00:00:00+09:00,212.54296875000003,236.49147227112678,212.54296875000003,212.54296875,0,0.0,0.0
2001-12-31 00:00:00+09:00,212.54296875000003,212.54296875000003,212.54296875000003,212.54296875,0,0.0,0.0
2002-01-01 00:00:00+09:00,212.54296875000003,212.54296875000003,212.54296875000003,212.54296875,0,0.0,0.0
2002-01-02 00:00:00+09:00,212.54296875000003,212.54296875000003,212.54296875000003,212.54296875,0,0.0,0.0
2002-01-03 00:00:00+09:00,212.54296875000003,212.54296875000003,212.54296875000003,212.54296875,0,0.0,0.0
2002-01-04 00:00:00+09:00,212.54296875000003,236.49147227112678,212.54296875000003,212.54296875,0,0.0,0.0
2002-01-07 00:00:00+09:00,212.54296875000003,233.49790933098595,212.54296875000003,212.54296875,0,0.0,0.0
2002-01-08 00:00:00+09:00,212.54296875000003,233.49790933098595,212.54296875000003,212.54296875,0,0.0,0.0
2002-01-09 00:00:00+09:00,212.54296875000003,233.49790933098595,212.54296875000003,212.54296875,0,0.0,0.0
2002-01-10 00:00:00+09:00,212.54296875000003,227.51078345070425,212.54296875000003,212.54296875,0,0.0,0.0
2002-01-11 00:00:00+09:00,212.54296875000003,227.51078345070425,212.54296875000003,212.54296875,0,0.0,0.0
2002-01-14 00:00:00+09:00,212.54296875000003,212.54296875000003,212.54296875000003,212.54296875,0,0.0,0.0
2002-01-15 00:00:00+09:00,212.54296875000003,212.54296875000003,212.54296875000003,212.54296875,2000,0.0,0.0
2002-01-16 00:00:00+09:00,200.56871032714844,221.5236502120744,200.56871032714844,200.56871032714844,0,0.0,0.0
2002-01-17 00:00:00+09:00,200.56871032714844,221.5236502120744,200.56871032714844,200.56871032714844,0,0.0,0.0
2002-01-18 00:00:00+09:00,200.56871032714844,221.5236502120744,200.56871032714844,200.56871032714844,0,0.0,0.0
2002-01-21 00:00:00+09:00,200.56871032714844,221.5236502120744,200.56871032714844,200.56871032714844,0,0.0,0.0
2002-01-22 00:00:00+09:00,200.56871032714844,221.5236502120744,200.56871032714844,200.56871032714844,0,0.0,0.0
2002-01-23 00:00:00+09:00,209.54945373535156,221.52370823451452,209.54945373535156,209.54945373535156,0,0.0,0.0
2002-01-24 00:00:00+09:00,221.5237121582031,221.5237121582031,221.5237121582031,221.52371215820312,2000,0.0,0.0
2002-01-25 00:00:00+09:00,239.48504638671878,239.48504638671878,239.48504638671878,239.48504638671875,5000,0.0,0.0
2002-01-28 00:00:00+09:00,239.48504638671878,266.42711410522463,239.48504638671878,239.48504638671875,0,0.0,0.0
2002-01-29 00:00:00+09:00,233.49789428710935,263.4335217598157,233.49789428710935,233.49789428710938,0,0.0,0.0
2002-01-30 00:00:00+09:00,228.10948181152347,257.4463967951577,228.10948181152347,228.10948181152344,0,0.0,0.0
2002-01-31 00:00:00+09:00,228.10948181152347,228.10948181152347,228.10948181152347,228.10948181152344,0,0.0,0.0
2002-02-01 00:00:00+09:00,239.48504638671878,251.4592987060547,239.48504638671878,239.48504638671875,0,0.0,0.0
2002-02-04 00:00:00+09:00,263.4335632324219,263.4335632324219,263.4335632324219,263.4335632324219,2000,0.0,0.0
2002-02-05 00:00:00+09:00,251.4593048095703,251.4593048095703,251.4593048095703,251.4593048095703,2000,0.0,0.0
2002-02-06 00:00:00+09:00,242.4786376953125,269.42070855034723,242.4786376953125,242.4786376953125,0,0.0,0.0
2002-02-07 00:00:00+09:00,239.48504638671878,239.48504638671878,239.48504638671878,239.48504638671875,2000,0.0,0.0
2002-02-08 00:00:00+09:00,239.48504638671878,239.48504638671878,239.48504638671878,239.48504638671875,1000,0.0,0.0
2002-02-11 00:00:00+09:00,239.48504638671878,239.48504638671878,239.48504638671878,239.48504638671875,0,0.0,0.0
2002-02-12 00:00:00+09:00,233.49789428710935,248.46570802346253,233.49789428710935,233.49789428710938,0,0.0,0.0
2002-02-13 00:00:00+09:00,239.48504638671878,239.48504638671878,239.48504638671878,239.48504638671875,2000,0.0,0.0
2002-02-14 00:00:00+09:00,242.4786376953125,242.4786376953125,242.4786376953125,242.4786376953125,1000,0.0,0.0
2002-02-15 00:00:00+09:00,251.4593048095703,251.4593048095703,251.4593048095703,251.4593048095703,1000,0.0,0.0
2002-02-18 00:00:00+09:00,245.47219848632812,245.47219848632812,239.48507169397865,245.47219848632812,2000,0.0,0.0
2002-02-19 00:00:00+09:00,239.48504638671878,251.4592987060547,239.48504638671878,239.48504638671875,0,0.0,0.0
2002-02-20 00:00:00+09:00,239.48504638671878,251.4592987060547,239.48504638671878,239.48504638671875,0,0.0,0.0
2002-02-21 00:00:00+09:00,251.4593048095703,251.4593048095703,251.4593048095703,251.4593048095703,2000,0.0,0.0
2002-02-22 00:00:00+09:00,260.4400329589844,260.4400329589844,260.4400329589844,260.4400329589844,1000,0.0,0.0
2002-02-25 00:00:00+09:00,260.4399658203125,269.420654296875,260.4399658203125,269.420654296875,4000,0.0,0.0
2002-02-26 00:00:00+09:00,251.4593048095703,269.42068372453963,251.4593048095703,251.4593048095703,0,0.0,0.0
2002-02-27 00:00:00+09:00,251.4593048095703,260.43999426705494,251.4593048095703,251.4593048095703,0,0.0,0.0
2002-02-28 00:00:00+09:00,251.4593048095703,251.4593048095703,251.4593048095703,251.4593048095703,2000,0.0,0.0
2002-03-01 00:00:00+09:00,245.47219848632812,245.47219848632812,245.47219848632812,245.47219848632812,1000,0.0,0.0
2002-03-04 00:00:00+09:00,245.47219848632812,245.47219848632812,245.47219848632812,245.47219848632812,1000,0.0,0.0
2002-03-05 00:00:00+09:00,230.50440979003903,263.43361118861606,230.50440979003903,230.50440979003906,0,0.0,0.0
2002-03-06 00:00:00+09:00,233.49789428710935,263.4335217598157,233.49789428710935,233.49789428710938,0,0.0,0.0
2002-03-07 00:00:00+09:00,233.49789428710935,263.4335217598157,233.49789428710935,233.49789428710938,0,0.0,0.0
2002-03-08 00:00:00+09:00,233.4979202270508,239.48504638671878,233.4979202270508,239.48504638671875,5000,0.0,0.0
2002-03-11 00:00:00+09:00,239.48504638671878,239.48504638671878,239.48504638671878,239.48504638671875,1000,0.0,0.0
2002-03-12 00:00:00+09:00,239.48504638671878,263.43355102539067,239.48504638671878,239.48504638671875,0,0.0,0.0
2002-03-13 00:00:00+09:00,239.48504638671878,263.43355102539067,239.48504638671878,239.48504638671875,0,0.0,0.0
2002-03-14 00:00:00+09:00,239.48504638671878,263.43355102539067,239.48504638671878,239.48504638671875,0,0.0,0.0
2002-03-15 00:00:00+09:00,251.4593048095703,284.38849948701403,251.4593048095703,251.4593048095703,0,0.0,0.0
2002-03-18 00:00:00+09:00,269.420654296875,269.420654296875,269.420654296875,269.420654296875,1000,0.0,0.0
2002-03-19 00:00:00+09:00,251.4593048095703,281.3949363345192,251.4593048095703,251.4593048095703,0,0.0,0.0
2002-03-20 00:00:00+09:00,269.420654296875,269.420654296875,269.420654296875,269.420654296875,2000,0.0,0.0
2002-03-21 00:00:00+09:00,269.420654296875,269.420654296875,269.420654296875,269.420654296875,0,0.0,0.0
2002-03-22 00:00:00+09:00,251.4593048095703,281.3949363345192,251.4593048095703,251.4593048095703,0,0.0,0.0
2002-03-25 00:00:00+09:00,281.3949279785156,281.3949279785156,281.3949279785156,281.3949279785156,2000,0.0,0.0
2002-03-26 00:00:00+09:00,252.1790771484375,282.9326231421494,252.1790771484375,252.1790771484375,0,12.5,0.0
2002-03-27 00:00:00+09:00,252.1790771484375,276.781913943407,252.1790771484375,252.1790771484375,0,0.0,0.0
2002-03-28 00:00:00+09:00,252.1790771484375,282.9326231421494,252.1790771484375,252.1790771484375,0,0.0,0.0
2002-03-29 00:00:00+09:00,252.1790771484375,282.9326231421494,252.1790771484375,252.1790771484375,0,0.0,0.0
2002-04-01 00:00:00+09:00,252.1790439605713,252.1790439605713,246.02833557128906,246.02833557128906,3000,0.0,0.0
2002-04-02 00:00:00+09:00,233.72692871093753,255.25440898694492,233.72692871093753,233.7269287109375,0,0.0,0.0
2002-04-03 00:00:00+09:00,233.72692871093753,249.10370033665708,233.72692871093753,233.7269287109375,0,0.0,0.0
2002-04-04 00:00:00+09:00,233.72692871093753,252.17905466180102,233.72692871093753,233.7269287109375,0,0.0,0.0
2002-04-05 00:00:00+09:00,233.72692871093753,252.17905466180102,233.72692871093753,233.7269287109375,0,0.0,0.0
2002-04-08 00:00:00+09:00,246.02833557128906,246.02833557128906,246.02833557128906,246.02833557128906,1000,0.0,0.0
2002-04-09 00:00:00+09:00,246.02834601151318,246.02834601151318,233.72692871093753,233.7269287109375,3000,0.0,0.0
2002-04-10 00:00:00+09:00,258.3297641248588,258.3297641248588,255.25440979003906,255.25440979003906,6000,0.0,0.0
2002-04-11 00:00:00+09:00,263.8653869628906,263.8653869628906,263.8653869628906,263.8653869628906,2000,0.0,0.0
2002-04-12 00:00:00+09:00,227.57629394531253,267.55591315192146,227.57629394531253,227.5762939453125,0,0.0,0.0
2002-04-15 00:00:00+09:00,227.57629394531253,267.55591315192146,227.57629394531253,227.5762939453125,0,0.0,0.0
2002-04-16 00:00:00+09:00,227.57629394531253,267.55591315192146,227.57629394531253,227.5762939453125,0,0.0,0.0
2002-04-17 00:00:00+09:00,227.57629394531253,267.55591315192146,227.57629394531253,227.5762939453125,0,0.0,0.0
2002-04-18 00:00:00+09:00,239.8776550292969,270.6312005458734,239.8776550292969,239.87765502929688,0,0.0,0.0
2002-04-19 00:00:00+09:00,239.8776550292969,270.6312005458734,239.8776550292969,239.87765502929688,0,0.0,0.0
2002-04-22 00:00:00+09:00,239.8776550292969,270.6312005458734,239.8776550292969,239.87765502929688,0,0.0,0.0
2002-04-23 00:00:00+09:00,255.25440979003906,270.6311814641378,255.25440979003906,255.25440979003906,0,0.0,0.0
2002-04-24 00:00:00+09:00,270.6311950683594,270.6311950683594,270.6311950683594,270.6311950683594,2000,0.0,0.0
2002-04-25 00:00:00+09:00,282.9326307508681,282.9326307508681,276.78192138671875,276.78192138671875,5000,0.0,0.0
2002-04-26 00:00:00+09:00,267.55584716796875,292.15868368916125,267.55584716796875,267.55584716796875,0,0.0,0.0
2002-04-29 00:00:00+09:00,267.55584716796875,267.55584716796875,267.55584716796875,267.55584716796875,0,0.0,0.0
2002-04-30 00:00:00+09:00,267.55584716796875,292.15868368916125,267.55584716796875,267.55584716796875,0,0.0,0.0
2002-05-01 00:00:00+09:00,267.55584716796875,292.15868368916125,267.55584716796875,267.55584716796875,0,0.0,0.0
2002-05-02 00:00:00+09:00,267.55584716796875,295.23403825431035,267.55584716796875,267.55584716796875,0,0.0,0.0
2002-05-03 00:00:00+09:00,267.55584716796875,267.55584716796875,267.55584716796875,267.55584716796875,0,0.0,0.0
2002-05-06 00:00:00+09:00,267.55584716796875,267.55584716796875,267.55584716796875,267.55584716796875,0,0.0,0.0
2002-05-07 00:00:00+09:00,267.55584716796875,282.93261999371407,267.55584716796875,267.55584716796875,0,0.0,0.0
2002-05-08 00:00:00+09:00,267.55584716796875,282.93261999371407,267.55584716796875,267.55584716796875,0,0.0,0.0
2002-05-09 00:00:00+09:00,267.55584716796875,282.93261999371407,267.55584716796875,267.55584716796875,0,0.0,0.0
2002-05-10 00:00:00+09:00,267.55584716796875,282.93261999371407,267.55584716796875,267.55584716796875,0,0.0,0.0
2002-05-13 00:00:00+09:00,267.55584716796875,276.78191086341593,267.55584716796875,267.55584716796875,0,0.0,0.0
2002-05-14 00:00:00+09:00,267.55584716796875,276.78191086341593,267.55584716796875,267.55584716796875,0,0.0,0.0
2002-05-15 00:00:00+09:00,246.02833557128906,270.631169128418,246.02833557128906,246.02833557128906,0,0.0,0.0
2002-05-16 00:00:00+09:00,246.02833557128906,270.631169128418,246.02833557128906,246.02833557128906,0,0.0,0.0
2002-05-17 00:00:00+09:00,270.6311950683594,270.6311950683594,270.6311950683594,270.6311950683594,3000,0.0,0.0
2002-05-20 00:00:00+09:00,264.4804992675781,289.0833364087482,264.4804992675781,264.4804992675781,0,0.0,0.0
2002-05-21 00:00:00+09:00,264.4804992675781,282.9326271234557,264.4804992675781,264.4804992675781,0,0.0,0.0
2002-05-22 00:00:00+09:00,279.8572760687934,279.8572760687934,276.78192138671875,276.78192138671875,2000,0.0,0.0
2002-05-23 00:00:00+09:00,282.9325743330286,289.0832824707031,282.9325743330286,289.0832824707031,2000,0.0,0.0
2002-05-24 00:00:00+09:00,304.4600715637207,304.4600715637207,295.2340087890625,295.2340087890625,5000,0.0,0.0
2002-05-27 00:00:00+09:00,282.9326307508681,289.0833401150174,276.78192138671875,276.78192138671875,4000,0.0,0.0
2002-05-28 00:00:00+09:00,270.6311950683594,295.23403098366475,270.6311950683594,270.6311950683594,0,0.0,0.0
2002-05-29 00:00:00+09:00,258.3298034667969,295.2340611049107,258.3298034667969,258.3298034667969,0,0.0,0.0
2002-05-30 00:00:00+09:00,258.3298034667969,295.2340611049107,258.3298034667969,258.3298034667969,0,0.0,0.0
2002-05-31 00:00:00+09:00,258.3298034667969,295.2340611049107,258.3298034667969,258.3298034667969,0,0.0,0.0
2002-06-03 00:00:00+09:00,295.2340860172194,301.3847961425781,276.78195564114316,301.3847961425781,6000,0.0,0.0
2002-06-04 00:00:00+09:00,276.78192138671875,301.384758843316,276.78192138671875,276.78192138671875,0,0.0,0.0
2002-06-05 00:00:00+09:00,282.9326171875,301.38474439538044,282.9326171875,282.9326171875,0,0.0,0.0
2002-06-06 00:00:00+09:00,301.3847961425781,301.3847961425781,292.15873095454003,301.3847961425781,6000,0.0,0.0
2002-06-07 00:00:00+09:00,295.2340087890625,316.7614885965983,295.2340087890625,295.2340087890625,0,0.0,0.0
2002-06-10 00:00:00+09:00,282.9326171875,313.6861625339674,282.9326171875,282.9326171875,0,0.0,0.0
2002-06-11 00:00:00+09:00,282.9326171875,313.6861625339674,282.9326171875,282.9326171875,0,0.0,0.0
2002-06-12 00:00:00+09:00,282.9326171875,313.6861625339674,282.9326171875,282.9326171875,0,0.0,0.0
2002-06-13 00:00:00+09:00,282.9326171875,313.6861625339674,282.9326171875,282.9326171875,0,0.0,0.0
2002-06-14 00:00:00+09:00,282.9326171875,313.6861625339674,282.9326171875,282.9326171875,0,0.0,0.0
2002-06-17 00:00:00+09:00,304.4601068115234,307.53546142578125,304.4601068115234,307.53546142578125,4000,0.0,0.0
2002-06-18 00:00:00+09:00,283.54766845703125,313.68614080929706,283.54766845703125,283.54766845703125,0,0.0,0.0
2002-06-19 00:00:00+09:00,286.62298583984375,313.6861003826616,286.62298583984375,286.62298583984375,0,0.0,0.0
2002-06-20 00:00:00+09:00,282.9326171875,282.9326171875,276.78190811820656,282.9326171875,7000,0.0,0.0
2002-06-21 00:00:00+09:00,282.9326171875,282.9326171875,282.9326171875,282.9326171875,3000,0.0,0.0
2002-06-24 00:00:00+09:00,282.9326307508681,282.9326307508681,276.78192138671875,276.78192138671875,4000,0.0,0.0
2002-06-25 00:00:00+09:00,295.2340494791667,295.2340494791667,276.78192138671875,276.78192138671875,3000,0.0,0.0
2002-06-26 00:00:00+09:00,276.78192138671875,298.30940416124133,276.78192138671875,276.78192138671875,0,0.0,0.0
2002-06-27 00:00:00+09:00,276.78192138671875,276.78192138671875,276.78192138671875,276.78192138671875,2000,0.0,0.0
2002-06-28 00:00:00+09:00,276.78192138671875,276.78192138671875,276.78192138671875,276.78192138671875,1000,0.0,0.0
2002-07-01 00:00:00+09:00,267.55584716796875,298.3093928194594,267.55584716796875,267.55584716796875,0,0.0,0.0
2002-07-02 00:00:00+09:00,282.9326674517463,338.2890589096967,282.9326674517463,313.68621826171875,6000,0.0,0.0
2002-07-03 00:00:00+09:00,313.6861443152795,319.83685302734375,307.53543560321515,319.83685302734375,6000,0.0,0.0
2002-07-04 00:00:00+09:00,295.2340087890625,338.2889684041341,295.2340087890625,295.2340087890625,0,0.0,0.0
2002-07-05 00:00:00+09:00,286.0079650878906,319.8368641843078,286.0079650878906,286.0079650878906,0,0.0,0.0
2002-07-08 00:00:00+09:00,307.53546142578125,307.53546142578125,307.53546142578125,307.53546142578125,8000,0.0,0.0
2002-07-09 00:00:00+09:00,307.53546142578125,356.74113525390624,307.53546142578125,307.53546142578125,0,0.0,0.0
2002-07-10 00:00:00+09:00,307.53546142578125,313.68617065429686,307.53546142578125,307.53546142578125,5000,0.0,0.0
2002-07-11 00:00:00+09:00,313.68617065429686,313.68617065429686,307.53546142578125,307.53546142578125,8000,0.0,0.0
2002-07-12 00:00:00+09:00,307.53546142578125,307.53546142578125,307.53546142578125,307.53546142578125,3000,0.0,0.0
2002-07-15 00:00:00+09:00,301.3847961425781,319.8369265186543,301.3847961425781,301.3847961425781,0,0.0,0.0
2002-07-16 00:00:00+09:00,298.3094177246094,319.8369014779317,298.3094177246094,298.3094177246094,0,0.0,0.0
2002-07-17 00:00:00+09:00,316.761474609375,316.761474609375,307.53541224211165,316.761474609375,4000,0.0,0.0
2002-07-18 00:00:00+09:00,298.3094177246094,313.68619183412534,298.3094177246094,298.3094177246094,0,0.0,0.0
2002-07-19 00:00:00+09:00,282.9326171875,307.53545346467394,282.9326171875,282.9326171875,0,0.0,0.0
2002-07-22 00:00:00+09:00,276.78192138671875,307.5354682074653,276.78192138671875,276.78192138671875,0,0.0,0.0
2002-07-23 00:00:00+09:00,273.7065734863281,304.46012106906164,273.7065734863281,273.7065734863281,0,0.0,0.0
2002-07-24 00:00:00+09:00,276.78192138671875,304.4601135253906,276.78192138671875,276.78192138671875,0,0.0,0.0
2002-07-25 00:00:00+09:00,307.53550809972427,316.76157334271596,307.53550809972427,313.68621826171875,26000,0.0,0.0
2002-07-26 00:00:00+09:00,319.83685302734375,319.83685302734375,315.5313569288988,319.83685302734375,7000,0.0,0.0
2002-07-29 00:00:00+09:00,319.83685302734375,329.06291609544024,319.83685302734375,319.83685302734375,0,0.0,0.0
2002-07-30 00:00:00+09:00,319.83685302734375,319.83685302734375,319.83685302734375,319.83685302734375,2000,0.0,0.0
2002-07-31 00:00:00+09:00,319.83685302734375,322.9122073833759,319.83685302734375,319.83685302734375,0,0.0,0.0
2002-08-01 00:00:00+09:00,316.761474609375,322.91218285421724,316.761474609375,316.761474609375,0,0.0,0.0
2002-08-02 00:00:00+09:00,313.68621826171875,313.68621826171875,313.68621826171875,313.68621826171875,2000,0.0,0.0
2002-08-05 00:00:00+09:00,301.3847961425781,313.6862163932956,301.3847961425781,301.3847961425781,0,0.0,0.0
2002-08-06 00:00:00+09:00,289.0832824707031,307.5354068837267,289.0832824707031,289.0832824707031,0,0.0,0.0
2002-08-07 00:00:00+09:00,282.9326171875,307.53545346467394,282.9326171875,282.9326171875,0,0.0,0.0
2002-08-08 00:00:00+09:00,282.9326171875,307.53545346467394,282.9326171875,282.9326171875,0,0.0,0.0
2002-08-09 00:00:00+09:00,282.9326171875,307.53545346467394,282.9326171875,282.9326171875,0,0.0,0.0
2002-08-12 00:00:00+09:00,270.6311950683594,270.6311950683594,270.6311950683594,270.6311950683594,5000,0.0,0.0
2002-08-13 00:00:00+09:00,258.3298034667969,270.6312226795015,258.3298034667969,258.3298034667969,0,0.0,0.0
2002-08-14 00:00:00+09:00,252.1790771484375,269.40106290491616,252.1790771484375,252.1790771484375,0,0.0,0.0
2002-08-15 00:00:00+09:00,249.1037750244141,261.405196013274,249.1037750244141,249.10377502441406,0,0.0,0.0
2002-08-16 00:00:00+09:00,249.1037750244141,259.559982864945,249.1037750244141,249.10377502441406,0,0.0,0.0
2002-08-19 00:00:00+09:00,249.1037750244141,259.559982864945,249.1037750244141,249.10377502441406,0,0.0,0.0
2002-08-20 00:00:00+09:00,249.1037750244141,259.559982864945,249.1037750244141,249.10377502441406,0,0.0,0.0
2002-08-21 00:00:00+09:00,249.1037750244141,270.631261754919,249.1037750244141,249.10377502441406,0,0.0,0.0
2002-08-22 00:00:00+09:00,249.1037750244141,270.631261754919,249.1037750244141,249.10377502441406,0,0.0,0.0
2002-08-23 00:00:00+09:00,249.1037750244141,249.1037750244141,249.1037750244141,249.10377502441406,0,0.0,0.0
2002-08-26 00:00:00+09:00,279.8572692871094,307.5354607550653,279.8572692871094,279.8572692871094,0,0.0,0.0
2002-08-27 00:00:00+09:00,279.8572692871094,307.5354607550653,279.8572692871094,279.8572692871094,0,0.0,0.0
2002-08-28 00:00:00+09:00,282.9326171875,307.53545346467394,282.9326171875,282.9326171875,0,0.0,0.0
2002-08-29 00:00:00+09:00,282.9326171875,307.53545346467394,282.9326171875,282.9326171875,0,0.0,0.0
2002-08-30 00:00:00+09:00,282.9326171875,307.53545346467394,282.9326171875,282.9326171875,0,0.0,0.0
2002-09-02 00:00:00+09:00,295.2340087890625,295.2340087890625,295.2340087890625,295.2340087890625,1000,0.0,0.0
2002-09-03 00:00:00+09:00,286.0079650878906,307.53544633106515,286.0079650878906,286.0079650878906,0,0.0,0.0
2002-09-04 00:00:00+09:00,286.0079650878906,307.53544633106515,286.0079650878906,286.0079650878906,0,0.0,0.0
2002-09-05 00:00:00+09:00,286.0079650878906,307.53544633106515,286.0079650878906,286.0079650878906,0,0.0,0.0
2002-09-06 00:00:00+09:00,286.0079966953823,286.0079966953823,258.3298034667969,258.3298034667969,4000,0.0,0.0
2002-09-09 00:00:00+09:00,252.1790771484375,252.1790771484375,252.1790771484375,252.1790771484375,1000,0.0,0.0
2002-09-10 00:00:00+09:00,246.02833557128906,270.631169128418,246.02833557128906,246.02833557128906,0,0.0,0.0
2002-09-11 00:00:00+09:00,239.8776550292969,258.3297823392428,239.8776550292969,239.87765502929688,0,0.0,0.0
2002-09-12 00:00:00+09:00,246.0283641326122,246.0283641326122,239.8776550292969,239.87765502929688,3000,0.0,0.0
2002-09-13 00:00:00+09:00,233.72692871093753,252.17905466180102,233.72692871093753,233.7269287109375,0,0.0,0.0
2002-09-16 00:00:00+09:00,233.72692871093753,233.72692871093753,233.72692871093753,233.7269287109375,0,0.0,0.0
2002-09-17 00:00:00+09:00,242.95300292968753,252.1790663320807,242.95300292968753,242.9530029296875,0,0.0,0.0
2002-09-18 00:00:00+09:00,242.95300292968753,242.95300292968753,242.95300292968753,242.9530029296875,1000,0.0,0.0
2002-09-19 00:00:00+09:00,239.8776550292969,258.3297823392428,239.8776550292969,239.87765502929688,0,0.0,0.0
2002-09-20 00:00:00+09:00,252.1790771484375,252.1790771484375,252.1790771484375,252.1790771484375,1000,0.0,0.0
2002-09-23 00:00:00+09:00,252.1790771484375,252.1790771484375,252.1790771484375,252.1790771484375,0,0.0,0.0
2002-09-24 00:00:00+09:00,258.3297863471799,258.3297863471799,252.1790771484375,252.1790771484375,2000,0.0,0.0
2002-09-25 00:00:00+09:00,264.48050265842016,276.78192138671875,264.48050265842016,276.78192138671875,7000,0.0,0.0
2002-09-26 00:00:00+09:00,264.4804992675781,301.38475497933325,264.4804992675781,264.4804992675781,0,0.0,0.0
2002-09-27 00:00:00+09:00,264.4804992675781,301.38475497933325,264.4804992675781,264.4804992675781,0,0.0,0.0
2002-09-30 00:00:00+09:00,264.4804992675781,301.38475497933325,264.4804992675781,264.4804992675781,0,0.0,0.0
2002-10-01 00:00:00+09:00,264.4804992675781,295.23404569404073,264.4804992675781,264.4804992675781,0,0.0,0.0
2002-10-02 00:00:00+09:00,264.4804992675781,295.23404569404073,264.4804992675781,264.4804992675781,0,0.0,0.0
2002-10-03 00:00:00+09:00,264.4804992675781,279.85727248080946,264.4804992675781,264.4804992675781,0,0.0,0.0
2002-10-04 00:00:00+09:00,264.4804992675781,276.78191783816317,264.4804992675781,264.4804992675781,0,0.0,0.0
2002-10-07 00:00:00+09:00,258.3298034667969,270.6312226795015,258.3298034667969,258.3298034667969,0,0.0,0.0
2002-10-08 00:00:00+09:00,264.4804992675781,264.4804992675781,264.4804992675781,264.4804992675781,1000,0.0,0.0
2002-10-09 00:00:00+09:00,264.4804992675781,264.4804992675781,264.4804992675781,264.4804992675781,1000,0.0,0.0
2002-10-10 00:00:00+09:00,264.4804992675781,276.78191783816317,264.4804992675781,264.4804992675781,0,0.0,0.0
2002-10-11 00:00:00+09:00,249.1037750244141,276.781972249349,249.1037750244141,249.10377502441406,0,0.0,0.0
2002-10-14 00:00:00+09:00,249.1037750244141,249.1037750244141,249.1037750244141,249.10377502441406,0,0.0,0.0
2002-10-15 00:00:00+09:00,249.1037750244141,276.781972249349,249.1037750244141,249.10377502441406,0,0.0,0.0
2002-10-16 00:00:00+09:00,249.1037750244141,276.781972249349,249.1037750244141,249.10377502441406,0,0.0,0.0
2002-10-17 00:00:00+09:00,249.1037750244141,276.781972249349,249.1037750244141,249.10377502441406,0,0.0,0.0
2002-10-18 00:00:00+09:00,249.1037750244141,276.781972249349,249.1037750244141,249.10377502441406,0,0.0,0.0
2002-10-21 00:00:00+09:00,249.1037750244141,276.781972249349,249.1037750244141,249.10377502441406,0,0.0,0.0
2002-10-22 00:00:00+09:00,264.4804992675781,264.4804992675781,264.4804992675781,264.4804992675781,3000,0.0,0.0
2002-10-23 00:00:00+09:00,270.6311950683594,270.6311950683594,270.6311950683594,270.6311950683594,1000,0.0,0.0
2002-10-24 00:00:00+09:00,270.6311950683594,286.0079675154252,270.6311950683594,270.6311950683594,0,0.0,0.0
2002-10-25 00:00:00+09:00,286.0079650878906,286.0079650878906,286.0079650878906,286.0079650878906,3000,0.0,0.0
2002-10-28 00:00:00+09:00,276.78192138671875,286.00798543294275,276.78192138671875,276.78192138671875,0,0.0,0.0
2002-10-29 00:00:00+09:00,276.78192138671875,301.384758843316,276.78192138671875,276.78192138671875,0,0.0,0.0
2002-10-30 00:00:00+09:00,289.0832824707031,307.5354068837267,289.0832824707031,289.0832824707031,0,0.0,0.0
2002-10-31 00:00:00+09:00,298.3094177246094,313.68619183412534,298.3094177246094,298.3094177246094,0,0.0,0.0
2002-11-01 00:00:00+09:00,305.690185546875,313.6861058931715,305.690185546875,305.690185546875,0,0.0,0.0
2002-11-04 00:00:00+09:00,305.690185546875,305.690185546875,305.690185546875,305.690185546875,0,0.0,0.0
2002-11-05 00:00:00+09:00,307.53546142578125,307.53546142578125,307.53546142578125,307.53546142578125,1000,0.0,0.0
2002-11-06 00:00:00+09:00,305.69021326700846,305.69021326700846,295.2340087890625,295.2340087890625,4000,0.0,0.0
2002-11-07 00:00:00+09:00,289.0832824707031,304.4600528148894,289.0832824707031,289.0832824707031,0,0.0,0.0
2002-11-08 00:00:00+09:00,289.0832824707031,289.0832824707031,289.0832824707031,289.0832824707031,2000,0.0,0.0
2002-11-11 00:00:00+09:00,273.7065734863281,273.7065734863281,273.7065734863281,273.7065734863281,1000,0.0,0.0
2002-11-12 00:00:00+09:00,264.4804992675781,298.30940033668696,264.4804992675781,264.4804992675781,0,0.0,0.0
2002-11-13 00:00:00+09:00,264.4804992675781,298.30940033668696,264.4804992675781,264.4804992675781,0,0.0,0.0
2002-11-14 00:00:00+09:00,264.4804992675781,264.4804992675781,264.4804992675781,264.4804992675781,1000,0.0,0.0
2002-11-15 00:00:00+09:00,255.25440979003906,282.9325988034168,255.25440979003906,255.25440979003906,0,0.0,0.0
2002-11-18 00:00:00+09:00,255.25440979003906,282.9325988034168,255.25440979003906,255.25440979003906,0,0.0,0.0
2002-11-19 00:00:00+09:00,255.25440979003906,270.6311814641378,255.25440979003906,255.25440979003906,0,0.0,0.0
2002-11-20 00:00:00+09:00,255.25440979003906,282.9325988034168,255.25440979003906,255.25440979003906,0,0.0,0.0
2002-11-21 00:00:00+09:00,270.6311950683594,282.93261302601206,270.6311950683594,270.6311950683594,0,0.0,0.0
2002-11-22 00:00:00+09:00,282.93261062458,286.0079650878906,282.93261062458,286.0079650878906,2000,0.0,0.0
2002-11-25 00:00:00+09:00,292.15868079144025,292.15868079144025,282.9326171875,282.9326171875,6000,0.0,0.0
2002-11-26 00:00:00+09:00,258.3298034667969,282.9326418922061,258.3298034667969,258.3298034667969,0,0.0,0.0
2002-11-27 00:00:00+09:00,258.3298034667969,282.9326418922061,258.3298034667969,258.3298034667969,0,0.0,0.0
2002-11-28 00:00:00+09:00,258.3298034667969,282.9326418922061,258.3298034667969,258.3298034667969,0,0.0,0.0
2002-11-29 00:00:00+09:00,259.55987548828125,282.93256569812644,259.55987548828125,259.55987548828125,0,0.0,0.0
2002-12-02 00:00:00+09:00,259.55987548828125,259.55987548828125,259.55987548828125,259.55987548828125,0,0.0,0.0
2002-12-03 00:00:00+09:00,258.3298034667969,282.9326418922061,258.3298034667969,258.3298034667969,0,0.0,0.0
2002-12-04 00:00:00+09:00,261.4051446249319,264.4804992675781,261.4051446249319,264.4804992675781,4000,0.0,0.0
2002-12-05 00:00:00+09:00,261.4051818847656,269.40110509535845,261.4051818847656,261.4051818847656,0,0.0,0.0
2002-12-06 00:00:00+09:00,261.4051818847656,269.40110509535845,261.4051818847656,261.4051818847656,0,0.0,0.0
2002-12-09 00:00:00+09:00,261.4051818847656,267.5558920467601,261.4051818847656,261.4051818847656,0,0.0,0.0
2002-12-10 00:00:00+09:00,264.48047279449827,264.48047279449827,252.1790554552193,255.25440979003906,11000,0.0,0.0
2002-12-11 00:00:00+09:00,246.02833557128906,264.48046073913576,246.02833557128906,246.02833557128906,0,0.0,0.0
2002-12-12 00:00:00+09:00,246.02833557128906,264.48046073913576,246.02833557128906,246.02833557128906,0,0.0,0.0
2002-12-13 00:00:00+09:00,246.02833557128906,264.48046073913576,246.02833557128906,246.02833557128906,0,0.0,0.0
2002-12-16 00:00:00+09:00,246.02833557128906,264.48046073913576,246.02833557128906,246.02833557128906,0,0.0,0.0
2002-12-17 00:00:00+09:00,246.02833557128906,264.48046073913576,246.02833557128906,246.02833557128906,0,0.0,0.0
2002-12-18 00:00:00+09:00,246.02833557128906,264.48046073913576,246.02833557128906,246.02833557128906,0,0.0,0.0
2002-12-19 00:00:00+09:00,246.02833557128906,264.48046073913576,246.02833557128906,246.02833557128906,0,0.0,0.0
2002-12-20 00:00:00+09:00,246.0283467855798,255.25440979003906,246.0283467855798,255.25440979003906,2000,0.0,0.0
2002-12-23 00:00:00+09:00,255.25440979003906,255.25440979003906,255.25440979003906,255.25440979003906,0,0.0,0.0
2002-12-24 00:00:00+09:00,261.4051818847656,261.4051818847656,261.4051818847656,261.4051818847656,1000,0.0,0.0
2002-12-25 00:00:00+09:00,270.6311950683594,270.6311950683594,270.6311950683594,270.6311950683594,4000,0.0,0.0
2002-12-26 00:00:00+09:00,261.4051818847656,261.4051818847656,261.4051818847656,261.4051818847656,1000,0.0,0.0
2002-12-27 00:00:00+09:00,261.4051818847656,270.6312471277573,261.4051818847656,261.4051818847656,0,0.0,0.0
2002-12-30 00:00:00+09:00,261.4051818847656,273.7066022087546,261.4051818847656,261.4051818847656,0,0.0,0.0
2002-12-31 00:00:00+09:00,261.4051818847656,261.4051818847656,261.4051818847656,261.4051818847656,0,0.0,0.0
2003-01-01 00:00:00+09:00,261.4051818847656,261.4051818847656,261.4051818847656,261.4051818847656,0,0.0,0.0
2003-01-02 00:00:00+09:00,261.4051818847656,261.4051818847656,261.4051818847656,261.4051818847656,0,0.0,0.0
2003-01-03 00:00:00+09:00,261.4051818847656,261.4051818847656,261.4051818847656,261.4051818847656,0,0.0,0.0
2003-01-06 00:00:00+09:00,261.4051818847656,276.7819572897518,261.4051818847656,261.4051818847656,0,0.0,0.0
2003-01-07 00:00:00+09:00,261.4051818847656,276.7819572897518,261.4051818847656,261.4051818847656,0,0.0,0.0
2003-01-08 00:00:00+09:00,261.4051818847656,276.7819572897518,261.4051818847656,261.4051818847656,0,0.0,0.0
2003-01-09 00:00:00+09:00,261.4051818847656,276.7819572897518,261.4051818847656,261.4051818847656,0,0.0,0.0
2003-01-10 00:00:00+09:00,261.4051818847656,276.7819572897518,261.4051818847656,261.4051818847656,0,0.0,0.0
2003-01-13 00:00:00+09:00,261.4051818847656,261.4051818847656,261.4051818847656,261.4051818847656,0,0.0,0.0
2003-01-14 00:00:00+09:00,261.4051818847656,276.7819572897518,261.4051818847656,261.4051818847656,0,0.0,0.0
2003-01-15 00:00:00+09:00,261.4051818847656,276.7819572897518,261.4051818847656,261.4051818847656,0,0.0,0.0
2003-01-16 00:00:00+09:00,261.4051818847656,276.7819572897518,261.4051818847656,261.4051818847656,0,0.0,0.0
2003-01-17 00:00:00+09:00,264.4804992675781,276.78191783816317,264.4804992675781,264.4804992675781,0,0.0,0.0
2003-01-20 00:00:00+09:00,264.4804992675781,264.4804992675781,264.4804992675781,264.4804992675781,1000,0.0,0.0
2003-01-21 00:00:00+09:00,264.4804992675781,276.78191783816317,264.4804992675781,264.4804992675781,0,0.0,0.0
2003-01-22 00:00:00+09:00,264.4804992675781,276.78191783816317,264.4804992675781,264.4804992675781,0,0.0,0.0
2003-01-23 00:00:00+09:00,276.78192138671875,276.78192138671875,276.78192138671875,276.78192138671875,1000,0.0,0.0
2003-01-24 00:00:00+09:00,282.9326171875,282.9326171875,282.9326171875,282.9326171875,2000,0.0,0.0
2003-01-27 00:00:00+09:00,270.6311950683594,289.0833220048384,270.6311950683594,270.6311950683594,0,0.0,0.0
2003-01-28 00:00:00+09:00,270.6311950683594,289.0833220048384,270.6311950683594,270.6311950683594,0,0.0,0.0
2003-01-29 00:00:00+09:00,270.6311950683594,289.0833220048384,270.6311950683594,270.6311950683594,0,0.0,0.0
2003-01-30 00:00:00+09:00,270.6311950683594,289.0833220048384,270.6311950683594,270.6311950683594,0,0.0,0.0
2003-01-31 00:00:00+09:00,270.6311950683594,289.0833220048384,270.6311950683594,270.6311950683594,0,0.0,0.0
2003-02-03 00:00:00+09:00,270.6311950683594,289.0833220048384,270.6311950683594,270.6311950683594,0,0.0,0.0
2003-02-04 00:00:00+09:00,270.6311950683594,289.0833220048384,270.6311950683594,270.6311950683594,0,0.0,0.0
2003-02-05 00:00:00+09:00,270.6311950683594,289.0833220048384,270.6311950683594,270.6311950683594,0,0.0,0.0
2003-02-06 00:00:00+09:00,270.6311950683594,289.0833220048384,270.6311950683594,270.6311950683594,0,0.0,0.0
2003-02-07 00:00:00+09:00,270.6311950683594,289.0833220048384,270.6311950683594,270.6311950683594,0,0.0,0.0
2003-02-10 00:00:00+09:00,270.6311950683594,289.0833220048384,270.6311950683594,270.6311950683594,0,0.0,0.0
2003-02-11 00:00:00+09:00,270.6311950683594,270.6311950683594,270.6311950683594,270.6311950683594,0,0.0,0.0
2003-02-12 00:00:00+09:00,270.6311950683594,289.0833220048384,270.6311950683594,270.6311950683594,0,0.0,0.0
2003-02-13 00:00:00+09:00,270.6311950683594,289.0833220048384,270.6311950683594,270.6311950683594,0,0.0,0.0
2003-02-14 00:00:00+09:00,270.6311950683594,289.0833220048384,270.6311950683594,270.6311950683594,0,0.0,0.0
2003-02-17 00:00:00+09:00,270.6311950683594,270.6311950683594,270.6311950683594,270.6311950683594,1000,0.0,0.0
2003-02-18 00:00:00+09:00,264.4804992675781,270.63120855287065,264.4804992675781,264.4804992675781,0,0.0,0.0
2003-02-19 00:00:00+09:00,264.4804992675781,270.63120855287065,264.4804992675781,264.4804992675781,0,0.0,0.0
2003-02-20 00:00:00+09:00,264.4804992675781,270.63120855287065,264.4804992675781,264.4804992675781,0,0.0,0.0
2003-02-21 00:00:00+09:00,264.48049260281965,267.55584716796875,264.48049260281965,267.55584716796875,5000,0.0,0.0
2003-02-24 00:00:00+09:00,267.55584716796875,267.55584716796875,267.55584716796875,267.55584716796875,2000,0.0,0.0
2003-02-25 00:00:00+09:00,267.55584716796875,267.55584716796875,267.55584716796875,267.55584716796875,5000,0.0,0.0
2003-02-26 00:00:00+09:00,264.4804992675781,273.70656319551694,264.4804992675781,264.4804992675781,0,0.0,0.0
2003-02-27 00:00:00+09:00,270.6311950683594,270.6311950683594,270.6311950683594,270.6311950683594,1000,0.0,0.0
2003-02-28 00:00:00+09:00,270.6311950683594,270.6311950683594,270.6311950683594,270.6311950683594,2000,0.0,0.0
2003-03-03 00:00:00+09:00,264.4804992675781,276.78191783816317,264.4804992675781,264.4804992675781,0,0.0,0.0
2003-03-04 00:00:00+09:00,264.4804992675781,276.78191783816317,264.4804992675781,264.4804992675781,0,0.0,0.0
2003-03-05 00:00:00+09:00,264.4804992675781,276.78191783816317,264.4804992675781,264.4804992675781,0,0.0,0.0
2003-03-06 00:00:00+09:00,276.78192138671875,282.9326307508681,276.78192138671875,276.78192138671875,0,0.0,0.0
2003-03-07 00:00:00+09:00,276.78192138671875,276.78192138671875,276.78192138671875,276.78192138671875,1000,0.0,0.0
2003-03-10 00:00:00+09:00,270.6311950683594,282.93261302601206,270.6311950683594,270.6311950683594,0,0.0,0.0
2003-03-11 00:00:00+09:00,270.6311950683594,282.93261302601206,270.6311950683594,270.6311950683594,0,0.0,0.0
2003-03-12 00:00:00+09:00,270.6311950683594,282.93261302601206,270.6311950683594,270.6311950683594,0,0.0,0.0
2003-03-13 00:00:00+09:00,270.6311950683594,282.93261302601206,270.6311950683594,270.6311950683594,0,0.0,0.0
2003-03-14 00:00:00+09:00,276.78192138671875,301.384758843316,276.78192138671875,276.78192138671875,0,0.0,0.0
2003-03-17 00:00:00+09:00,282.9326171875,313.6861625339674,282.9326171875,282.9326171875,0,0.0,0.0
2003-03-18 00:00:00+09:00,298.3094177246094,298.3094177246094,298.3094177246094,298.3094177246094,1000,0.0,0.0
2003-03-19 00:00:00+09:00,295.2340087890625,319.8368428548177,295.2340087890625,295.2340087890625,0,0.0,0.0
2003-03-20 00:00:00+09:00,307.53546142578125,332.13829833984374,307.53546142578125,307.53546142578125,0,0.0,0.0
2003-03-21 00:00:00+09:00,307.53546142578125,307.53546142578125,307.53546142578125,307.53546142578125,0,0.0,0.0
2003-03-24 00:00:00+09:00,319.83685302734375,338.2889791635367,319.83685302734375,319.83685302734375,0,0.0,0.0
2003-03-25 00:00:00+09:00,338.28900146484375,338.28900146484375,338.28900146484375,338.28900146484375,4000,0.0,0.0
2003-03-26 00:00:00+09:00,336.71551513671875,336.71551513671875,336.71551513671875,336.71551513671875,1000,12.5,0.0
2003-03-27 00:00:00+09:00,298.953125,361.890625,298.953125,298.953125,0,0.0,0.0
2003-03-28 00:00:00+09:00,302.0998840332031,330.4217481613159,302.0998840332031,302.0998840332031,0,0.0,0.0
2003-03-31 00:00:00+09:00,298.953125,330.421875,298.953125,298.953125,0,0.0,0.0
2003-04-01 00:00:00+09:00,298.953125,298.953125,298.953125,298.953125,1000,0.0,0.0
2003-04-02 00:00:00+09:00,289.512451171875,314.68744692595106,289.512451171875,289.512451171875,0,0.0,0.0
2003-04-03 00:00:00+09:00,289.512451171875,314.68744692595106,289.512451171875,289.512451171875,0,0.0,0.0
2003-04-04 00:00:00+09:00,289.512451171875,314.68744692595106,289.512451171875,289.512451171875,0,0.0,0.0
2003-04-07 00:00:00+09:00,289.512451171875,314.68744692595106,289.512451171875,289.512451171875,0,0.0,0.0
2003-04-08 00:00:00+09:00,289.512451171875,314.68744692595106,289.512451171875,289.512451171875,0,0.0,0.0
2003-04-09 00:00:00+09:00,289.512451171875,314.68744692595106,289.512451171875,289.512451171875,0,0.0,0.0
2003-04-10 00:00:00+09:00,289.512451171875,314.68744692595106,289.512451171875,289.512451171875,0,0.0,0.0
2003-04-11 00:00:00+09:00,289.512451171875,314.68744692595106,289.512451171875,289.512451171875,0,0.0,0.0
2003-04-14 00:00:00+09:00,289.512451171875,314.68744692595106,289.512451171875,289.512451171875,0,0.0,0.0
2003-04-15 00:00:00+09:00,289.5124136117788,289.5124136117788,286.36553955078125,286.36553955078125,4000,0.0,0.0
2003-04-16 00:00:00+09:00,283.2186584472656,295.8061543782552,283.2186584472656,283.2186584472656,0,0.0,0.0
2003-04-17 00:00:00+09:00,283.21866548978363,286.36553955078125,283.21866548978363,286.36553955078125,5000,0.0,0.0
2003-04-18 00:00:00+09:00,280.07183178988373,280.07183178988373,276.9249572753906,276.9249572753906,2000,0.0,0.0
2003-04-21 00:00:00+09:00,273.7781066894531,283.21873105805497,273.7781066894531,273.7781066894531,0,0.0,0.0
2003-04-22 00:00:00+09:00,273.7781066894531,283.21873105805497,273.7781066894531,273.7781066894531,0,0.0,0.0
2003-04-23 00:00:00+09:00,273.7781066894531,283.21873105805497,273.7781066894531,273.7781066894531,0,0.0,0.0
2003-04-24 00:00:00+09:00,283.2186584472656,283.2186584472656,283.2186584472656,283.2186584472656,1000,0.0,0.0
2003-04-25 00:00:00+09:00,289.51243059822684,289.51243059822684,280.0718078613281,280.0718078613281,5000,0.0,0.0
2003-04-28 00:00:00+09:00,273.7781066894531,289.51248063712285,273.7781066894531,273.7781066894531,0,0.0,0.0
2003-04-29 00:00:00+09:00,273.7781066894531,273.7781066894531,273.7781066894531,273.7781066894531,0,0.0,0.0
2003-04-30 00:00:00+09:00,273.7781066894531,289.51248063712285,273.7781066894531,273.7781066894531,0,0.0,0.0
2003-05-01 00:00:00+09:00,273.7781066894531,289.51248063712285,273.7781066894531,273.7781066894531,0,0.0,0.0
2003-05-02 00:00:00+09:00,273.7781066894531,289.51248063712285,273.7781066894531,273.7781066894531,0,0.0,0.0
2003-05-05 00:00:00+09:00,273.7781066894531,273.7781066894531,273.7781066894531,273.7781066894531,0,0.0,0.0
2003-05-06 00:00:00+09:00,273.7781066894531,289.51248063712285,273.7781066894531,273.7781066894531,0,0.0,0.0
2003-05-07 00:00:00+09:00,273.7781066894531,273.7781066894531,273.7781066894531,273.7781066894531,1000,0.0,0.0
2003-05-08 00:00:00+09:00,267.4843444824219,281.3305929026884,267.4843444824219,267.4843444824219,0,0.0,0.0
2003-05-09 00:00:00+09:00,267.4843444824219,281.3305929026884,267.4843444824219,267.4843444824219,0,0.0,0.0
2003-05-12 00:00:00+09:00,267.4843444824219,281.3305929026884,267.4843444824219,267.4843444824219,0,0.0,0.0
2003-05-13 00:00:00+09:00,267.4843444824219,281.3305929026884,267.4843444824219,267.4843444824219,0,0.0,0.0
2003-05-14 00:00:00+09:00,267.4843444824219,281.3305929026884,267.4843444824219,267.4843444824219,0,0.0,0.0
2003-05-15 00:00:00+09:00,267.4843444824219,281.3305929026884,267.4843444824219,267.4843444824219,0,0.0,0.0
2003-05-16 00:00:00+09:00,267.4843444824219,281.3305929026884,267.4843444824219,267.4843444824219,0,0.0,0.0
2003-05-19 00:00:00+09:00,267.4843444824219,281.3305929026884,267.4843444824219,267.4843444824219,0,0.0,0.0
2003-05-20 00:00:00+09:00,267.4843444824219,281.3305929026884,267.4843444824219,267.4843444824219,0,0.0,0.0
2003-05-21 00:00:00+09:00,267.4843444824219,281.3305929026884,267.4843444824219,267.4843444824219,0,0.0,0.0
2003-05-22 00:00:00+09:00,276.9249572753906,276.9249572753906,276.9249572753906,276.9249572753906,1000,0.0,0.0
2003-05-23 00:00:00+09:00,289.5124064127604,290.7711560058594,283.2186584472656,283.2186584472656,5000,0.0,0.0
2003-05-26 00:00:00+09:00,273.7781066894531,286.3656058475889,273.7781066894531,273.7781066894531,0,0.0,0.0
2003-05-27 00:00:00+09:00,273.7781066894531,286.3656058475889,273.7781066894531,273.7781066894531,0,0.0,0.0
2003-05-28 00:00:00+09:00,273.7781066894531,286.3656058475889,273.7781066894531,273.7781066894531,0,0.0,0.0
2003-05-29 00:00:00+09:00,273.7781066894531,286.3656058475889,273.7781066894531,273.7781066894531,0,0.0,0.0
2003-05-30 00:00:00+09:00,286.3655563525939,286.3655563525939,280.0718078613281,280.0718078613281,6000,0.0,0.0
2003-06-02 00:00:00+09:00,276.9249572753906,283.2187063043768,276.9249572753906,276.9249572753906,0,0.0,0.0
2003-06-03 00:00:00+09:00,276.9249572753906,276.9249572753906,276.9249572753906,276.9249572753906,1000,0.0,0.0
2003-06-04 00:00:00+09:00,270.6311950683594,280.0718181521393,270.6311950683594,270.6311950683594,0,0.0,0.0
2003-06-05 00:00:00+09:00,270.6311515808106,270.6311515808106,251.74990844726562,251.74990844726562,3000,0.0,0.0
2003-06-06 00:00:00+09:00,248.6030426025391,248.6030426025391,248.6030426025391,248.60304260253906,1000,0.0,0.0
2003-06-09 00:00:00+09:00,242.30927257048776,245.45614624023435,242.30927257048776,245.45614624023438,2000,0.0,0.0
2003-06-10 00:00:00+09:00,251.7499821360518,258.0437316894531,251.7499821360518,258.0437316894531,3000,0.0,0.0
2003-06-11 00:00:00+09:00,254.89688110351562,267.4843814049238,254.89688110351562,254.89688110351562,0,0.0,0.0
2003-06-12 00:00:00+09:00,254.89688110351562,267.4843814049238,254.89688110351562,254.89688110351562,0,0.0,0.0
2003-06-13 00:00:00+09:00,254.89688110351562,267.4843814049238,254.89688110351562,254.89688110351562,0,0.0,0.0
2003-06-16 00:00:00+09:00,254.89688110351562,254.89688110351562,254.89688110351562,254.89688110351562,1000,0.0,0.0
2003-06-17 00:00:00+09:00,254.89688110351562,254.89688110351562,254.89688110351562,254.89688110351562,10000,0.0,0.0
2003-06-18 00:00:00+09:00,251.74990844726562,261.1905300140381,251.74990844726562,251.74990844726562,0,0.0,0.0
2003-06-19 00:00:00+09:00,256.1556091308594,256.1556091308594,256.1556091308594,256.1556091308594,9000,0.0,0.0
2003-06-20 00:00:00+09:00,258.0437316894531,258.0437316894531,258.0437316894531,258.0437316894531,1000,0.0,0.0
2003-06-23 00:00:00+09:00,258.0437316894531,264.33748124285444,258.0437316894531,258.0437316894531,0,0.0,0.0
2003-06-24 00:00:00+09:00,258.0437316894531,264.33748124285444,258.0437316894531,258.0437316894531,0,0.0,0.0
2003-06-25 00:00:00+09:00,258.6731066447932,264.33748124285444,258.0437316894531,258.0437316894531,8000,0.0,0.0
2003-06-26 00:00:00+09:00,254.89688110351562,261.1906312542197,254.89688110351562,254.89688110351562,0,0.0,0.0
2003-06-27 00:00:00+09:00,256.1556091308594,261.19060881893523,256.1556091308594,256.1556091308594,0,0.0,0.0
2003-06-30 00:00:00+09:00,256.1556091308594,256.1556091308594,256.1556091308594,256.1556091308594,1000,0.0,0.0
2003-07-01 00:00:00+09:00,258.0437316894531,258.0437316894531,258.0437316894531,258.0437316894531,2000,0.0,0.0
2003-07-02 00:00:00+09:00,264.3374567606363,264.3374567606363,261.1905822753906,261.1905822753906,3000,0.0,0.0
2003-07-03 00:00:00+09:00,264.3374457726112,264.3374457726112,261.19057141817535,261.8199462890625,4000,0.0,0.0
2003-07-04 00:00:00+09:00,258.0437316894531,267.48435601955504,258.0437316894531,258.0437316894531,0,0.0,0.0
2003-07-07 00:00:00+09:00,261.1905822753906,261.1905822753906,261.1905822753906,261.1905822753906,1000,0.0,0.0
2003-07-08 00:00:00+09:00,258.0437316894531,262.44935637683403,258.0437316894531,258.0437316894531,0,0.0,0.0
2003-07-09 00:00:00+09:00,258.0437316894531,262.44935637683403,258.0437316894531,258.0437316894531,0,0.0,0.0
2003-07-10 00:00:00+09:00,258.0437316894531,262.44935637683403,258.0437316894531,258.0437316894531,0,0.0,0.0
2003-07-11 00:00:00+09:00,258.0437316894531,262.44935637683403,258.0437316894531,258.0437316894531,0,0.0,0.0
2003-07-14 00:00:00+09:00,262.4493320694889,262.4493320694889,261.1905822753906,261.1905822753906,2000,0.0,0.0
2003-07-15 00:00:00+09:00,259.93182373046875,261.19057348219013,252.37932522014037,259.93182373046875,10000,0.0,0.0
2003-07-16 00:00:00+09:00,258.6730826871941,261.1905822753906,258.6730826871941,261.1905822753906,3000,0.0,0.0
2003-07-17 00:00:00+09:00,258.0436561584473,258.0436561584473,251.74990844726562,251.74990844726562,2000,0.0,0.0
2003-07-18 00:00:00+09:00,245.45614624023435,258.0436409192207,245.45614624023435,245.45614624023438,0,0.0,0.0
2003-07-21 00:00:00+09:00,245.45614624023435,245.45614624023435,245.45614624023435,245.45614624023438,0,0.0,0.0
2003-07-22 00:00:00+09:00,245.45614624023435,258.0436409192207,245.45614624023435,245.45614624023438,0,0.0,0.0
2003-07-23 00:00:00+09:00,258.0437316894531,258.0437316894531,258.0437316894531,258.0437316894531,2000,0.0,0.0
2003-07-24 00:00:00+09:00,260.5612315108136,260.5612315108136,258.0437316894531,258.0437316894531,2000,0.0,0.0
2003-07-25 00:00:00+09:00,267.48432070709936,270.6311950683594,266.2255709625954,270.6311950683594,21000,0.0,0.0
2003-07-28 00:00:00+09:00,280.071856268521,283.8481060159617,273.7781066894531,273.7781066894531,24000,0.0,0.0
2003-07-29 00:00:00+09:00,270.6311950683594,270.6311950683594,270.6311950683594,270.6311950683594,1000,0.0,0.0
2003-07-30 00:00:00+09:00,267.4843444824219,267.4843444824219,267.4843444824219,267.4843444824219,1000,0.0,0.0
2003-07-31 00:00:00+09:00,261.1905822753906,270.63120573112764,261.1905822753906,261.1905822753906,0,0.0,0.0
2003-08-01 00:00:00+09:00,251.74990844726562,264.33740386962893,251.74990844726562,251.74990844726562,0,0.0,0.0
2003-08-04 00:00:00+09:00,251.74990844726562,251.74990844726562,251.74990844726562,251.74990844726562,2000,0.0,0.0
2003-08-05 00:00:00+09:00,251.74990844726562,251.74990844726562,251.74990844726562,251.74990844726562,2000,0.0,0.0
2003-08-06 00:00:00+09:00,232.86874389648435,251.7499934016047,232.86874389648435,232.86874389648438,0,0.0,0.0
2003-08-07 00:00:00+09:00,232.86874389648435,251.7499934016047,232.86874389648435,232.86874389648438,0,0.0,0.0
2003-08-08 00:00:00+09:00,223.42807006835938,254.89681233150858,223.42807006835938,223.42807006835938,0,0.0,0.0
2003-08-11 00:00:00+09:00,226.5749053955078,254.8967685699463,226.5749053955078,226.5749053955078,0,0.0,0.0
2003-08-12 00:00:00+09:00,226.57499406144424,232.86874389648435,226.57499406144424,232.86874389648438,13000,0.0,0.0
2003-08-13 00:00:00+09:00,240.4212318321327,242.30935668945312,240.4212318321327,242.30935668945312,5000,0.0,0.0
2003-08-14 00:00:00+09:00,236.0155792236328,248.60307678222657,236.0155792236328,236.0155792236328,0,0.0,0.0
2003-08-15 00:00:00+09:00,242.30935668945312,242.30935668945312,242.30935668945312,242.30935668945312,0,0.0,0.0
2003-08-18 00:00:00+09:00,236.0155792236328,248.60307678222657,236.0155792236328,236.0155792236328,0,0.0,0.0
2003-08-19 00:00:00+09:00,242.30929468855075,251.74991655953326,242.30929468855075,248.60304260253906,3000,0.0,0.0
2003-08-20 00:00:00+09:00,245.45614624023435,254.89676724947415,245.45614624023435,245.45614624023438,0,0.0,0.0
2003-08-21 00:00:00+09:00,245.45614624023435,254.89676724947415,245.45614624023435,245.45614624023438,0,0.0,0.0
2003-08-22 00:00:00+09:00,245.45614624023435,254.89676724947415,245.45614624023435,245.45614624023438,0,0.0,0.0
2003-08-25 00:00:00+09:00,249.23248291015625,254.89685752175072,249.23248291015625,249.23248291015625,6000,0.0,0.0
2003-08-26 00:00:00+09:00,249.23248291015625,254.89685752175072,249.23248291015625,249.23248291015625,0,0.0,0.0
2003-08-27 00:00:00+09:00,249.23248291015625,254.89685752175072,249.23248291015625,249.23248291015625,0,0.0,0.0
2003-08-28 00:00:00+09:00,249.23248291015625,254.89685752175072,249.23248291015625,249.23248291015625,0,0.0,0.0
2003-08-29 00:00:00+09:00,249.86178413391113,251.74990844726562,249.86178413391113,251.74990844726562,2000,0.0,0.0
2003-09-01 00:00:00+09:00,249.23248291015625,254.89685752175072,249.23248291015625,249.23248291015625,0,0.0,0.0
2003-09-02 00:00:00+09:00,249.23248291015625,249.23248291015625,249.23248291015625,249.23248291015625,1000,0.0,0.0
2003-09-03 00:00:00+09:00,249.23248291015625,254.89685752175072,249.23248291015625,249.23248291015625,0,0.0,0.0
2003-09-04 00:00:00+09:00,249.23248291015625,254.89685752175072,249.23248291015625,249.23248291015625,0,0.0,0.0
2003-09-05 00:00:00+09:00,249.23248291015625,254.89685752175072,249.23248291015625,249.23248291015625,0,0.0,0.0
2003-09-08 00:00:00+09:00,249.86187744140625,254.26750248445373,249.86187744140625,249.86187744140625,0,0.0,0.0
2003-09-09 00:00:00+09:00,249.86187744140625,254.26750248445373,249.86187744140625,249.86187744140625,0,0.0,0.0
2003-09-10 00:00:00+09:00,249.86187744140625,254.26750248445373,249.86187744140625,249.86187744140625,0,0.0,0.0
2003-09-11 00:00:00+09:00,250.4912524475559,251.75000245985518,249.86187744140625,249.86187744140625,3000,0.0,0.0
2003-09-12 00:00:00+09:00,248.6030426025391,251.74991655953326,248.6030426025391,248.60304260253906,0,0.0,0.0
2003-09-15 00:00:00+09:00,248.6030426025391,248.6030426025391,248.6030426025391,248.60304260253906,0,0.0,0.0
2003-09-16 00:00:00+09:00,251.74990844726562,251.74990844726562,251.74990844726562,251.74990844726562,1000,0.0,0.0
2003-09-17 00:00:00+09:00,251.74990844726562,251.74990844726562,251.74990844726562,251.74990844726562,1000,0.0,0.0
2003-09-18 00:00:00+09:00,251.74990844726562,254.2674075317383,251.74990844726562,251.74990844726562,5000,0.0,0.0
2003-09-19 00:00:00+09:00,248.6030426025391,254.2674157251286,248.6030426025391,248.60304260253906,0,0.0,0.0
2003-09-22 00:00:00+09:00,232.86871137117086,239.16246032714844,232.86871137117086,239.16246032714844,7000,0.0,0.0
2003-09-23 00:00:00+09:00,239.16246032714844,239.16246032714844,239.16246032714844,239.16246032714844,0,0.0,0.0
2003-09-24 00:00:00+09:00,233.49811887998837,239.16249373152448,232.86874389648435,232.86874389648438,12000,0.0,0.0
2003-09-25 00:00:00+09:00,242.30932412688267,244.19744873046875,242.30932412688267,244.19744873046875,6000,0.0,0.0
2003-09-26 00:00:00+09:00,245.45620928312604,245.45620928312604,230.98058668437758,239.16246032714844,5000,0.0,0.0
2003-09-29 00:00:00+09:00,232.86874389648435,244.19749359955657,232.86874389648435,232.86874389648438,0,0.0,0.0
2003-09-30 00:00:00+09:00,232.86874389648435,244.19749359955657,232.86874389648435,232.86874389648438,0,0.0,0.0
2003-10-01 00:00:00+09:00,244.19744873046875,244.19744873046875,244.19744873046875,244.19744873046875,1000,0.0,0.0
2003-10-02 00:00:00+09:00,238.53311157226562,244.19748625340122,238.53311157226562,238.53311157226562,0,0.0,0.0
2003-10-03 00:00:00+09:00,238.53311157226562,244.19748625340122,238.53311157226562,238.53311157226562,0,0.0,0.0
2003-10-06 00:00:00+09:00,242.30932412688267,244.19744873046875,242.30932412688267,244.19744873046875,2000,0.0,0.0
2003-10-07 00:00:00+09:00,245.45614624023435,245.45614624023435,245.45614624023435,245.45614624023438,1000,0.0,0.0
2003-10-08 00:00:00+09:00,242.30935668945312,251.74998097605518,242.30935668945312,242.30935668945312,0,0.0,0.0
2003-10-09 00:00:00+09:00,242.30935668945312,251.74998097605518,242.30935668945312,242.30935668945312,0,0.0,0.0
2003-10-10 00:00:00+09:00,242.30935668945312,251.74998097605518,242.30935668945312,242.30935668945312,0,0.0,0.0
2003-10-13 00:00:00+09:00,242.30935668945312,242.30935668945312,242.30935668945312,242.30935668945312,0,0.0,0.0
2003-10-14 00:00:00+09:00,242.30932412688267,246.71494820191688,242.30932412688267,244.19744873046875,4000,0.0,0.0
2003-10-15 00:00:00+09:00,242.30932412688267,244.19744873046875,242.30932412688267,244.19744873046875,2000,0.0,0.0
2003-10-16 00:00:00+09:00,236.0155792236328,248.60307678222657,236.0155792236328,236.0155792236328,0,0.0,0.0
2003-10-17 00:00:00+09:00,242.30935668945312,248.6031062138545,242.30935668945312,242.30935668945312,0,0.0,0.0
2003-10-20 00:00:00+09:00,245.45614624023435,254.89676724947415,245.45614624023435,245.45614624023438,0,0.0,0.0
2003-10-21 00:00:00+09:00,245.45614624023435,254.89676724947415,245.45614624023435,245.45614624023438,0,0.0,0.0
2003-10-22 00:00:00+09:00,245.45614624023435,254.89676724947415,245.45614624023435,245.45614624023438,0,0.0,0.0
2003-10-23 00:00:00+09:00,245.456160736084,251.74990844726562,245.456160736084,251.74990844726562,4000,0.0,0.0
2003-10-24 00:00:00+09:00,251.74990844726562,260.56115524291994,251.74990844726562,251.74990844726562,13000,0.0,0.0
2003-10-27 00:00:00+09:00,245.45614624023435,254.89676724947415,245.45614624023435,245.45614624023438,0,0.0,0.0
2003-10-28 00:00:00+09:00,246.08553550720217,251.74990844726562,246.08553550720217,251.74990844726562,2000,0.0,0.0
2003-10-29 00:00:00+09:00,245.45614624023435,254.89676724947415,245.45614624023435,245.45614624023438,0,0.0,0.0
2003-10-30 00:00:00+09:00,239.16246032714844,249.86183355231034,239.16246032714844,239.16246032714844,0,0.0,0.0
2003-10-31 00:00:00+09:00,239.16246032714844,249.86183355231034,239.16246032714844,239.16246032714844,0,0.0,0.0
2003-11-03 00:00:00+09:00,239.16246032714844,239.16246032714844,239.16246032714844,239.16246032714844,0,0.0,0.0
2003-11-04 00:00:00+09:00,249.86187744140625,249.86187744140625,249.86187744140625,249.86187744140625,1000,0.0,0.0
2003-11-05 00:00:00+09:00,245.45614624023435,258.0436409192207,245.45614624023435,245.45614624023438,0,0.0,0.0
2003-11-06 00:00:00+09:00,245.45614624023435,258.0436409192207,245.45614624023435,245.45614624023438,0,0.0,0.0
2003-11-07 00:00:00+09:00,232.86874389648435,245.45624356656458,232.86874389648435,232.86874389648438,0,0.0,0.0
2003-11-10 00:00:00+09:00,232.86874389648435,239.16249373152448,232.86874389648435,232.86874389648438,0,0.0,0.0
2003-11-11 00:00:00+09:00,233.49807739257812,239.1624512376811,233.49807739257812,233.49807739257812,0,0.0,0.0
2003-11-12 00:00:00+09:00,233.49807739257812,239.1624512376811,233.49807739257812,233.49807739257812,0,0.0,0.0
2003-11-13 00:00:00+09:00,239.16246032714844,239.16246032714844,239.16246032714844,239.16246032714844,1000,0.0,0.0
2003-11-14 00:00:00+09:00,236.01558584915963,239.16246032714844,236.01558584915963,239.16246032714844,2000,0.0,0.0
2003-11-17 00:00:00+09:00,236.64492797851562,248.60304933913213,236.64492797851562,236.64492797851562,0,0.0,0.0
2003-11-18 00:00:00+09:00,239.16246032714844,239.16246032714844,239.16246032714844,239.16246032714844,1000,0.0,0.0
2003-11-19 00:00:00+09:00,236.0155792236328,242.30932800292967,236.0155792236328,236.0155792236328,0,0.0,0.0
2003-11-20 00:00:00+09:00,236.0155792236328,242.30932800292967,236.0155792236328,236.0155792236328,0,0.0,0.0
2003-11-21 00:00:00+09:00,236.0155792236328,242.30932800292967,236.0155792236328,236.0155792236328,0,0.0,0.0
2003-11-24 00:00:00+09:00,236.0155792236328,236.0155792236328,236.0155792236328,236.0155792236328,0,0.0,0.0
2003-11-25 00:00:00+09:00,239.1624927520752,242.30936765670776,239.1624927520752,241.67999267578125,6000,0.0,0.0
2003-11-26 00:00:00+09:00,241.67989783653843,251.12051884577824,241.67989783653843,245.45614624023438,4000,0.0,0.0
2003-11-27 00:00:00+09:00,236.0155792236328,245.45620239257812,236.0155792236328,236.0155792236328,0,0.0,0.0
2003-11-28 00:00:00+09:00,236.0155792236328,236.0155792236328,236.0155792236328,236.0155792236328,1000,0.0,0.0
2003-12-01 00:00:00+09:00,229.72184753417966,239.16247140544732,229.72184753417966,229.7218475341797,0,0.0,0.0
2003-12-02 00:00:00+09:00,233.49807739257812,239.1624512376811,233.49807739257812,233.49807739257812,0,0.0,0.0
2003-12-03 00:00:00+09:00,233.49807739257812,239.1624512376811,233.49807739257812,233.49807739257812,0,0.0,0.0
2003-12-04 00:00:00+09:00,234.12747192382815,239.16247132003951,234.12747192382815,234.12747192382812,0,0.0,0.0
2003-12-05 00:00:00+09:00,239.16246032714844,239.16246032714844,239.16246032714844,239.16246032714844,1000,0.0,0.0
2003-12-08 00:00:00+09:00,242.30935668945312,242.30935668945312,242.30935668945312,242.30935668945312,1000,0.0,0.0
2003-12-09 00:00:00+09:00,239.16246032714844,239.16246032714844,239.16246032714844,239.16246032714844,1000,0.0,0.0
2003-12-10 00:00:00+09:00,232.86874389648435,245.45624356656458,232.86874389648435,232.86874389648438,0,0.0,0.0
2003-12-11 00:00:00+09:00,232.86874389648435,245.45624356656458,232.86874389648435,232.86874389648438,0,0.0,0.0
2003-12-12 00:00:00+09:00,232.86874389648435,245.45624356656458,232.86874389648435,232.86874389648438,0,0.0,0.0
2003-12-15 00:00:00+09:00,232.86874389648435,245.45624356656458,232.86874389648435,232.86874389648438,0,0.0,0.0
2003-12-16 00:00:00+09:00,232.86874389648435,245.45624356656458,232.86874389648435,232.86874389648438,0,0.0,0.0
2003-12-17 00:00:00+09:00,233.49807739257812,245.45619995446216,233.49807739257812,233.49807739257812,0,0.0,0.0
2003-12-18 00:00:00+09:00,234.12747192382815,245.4562205653037,234.12747192382815,234.12747192382812,0,0.0,0.0
2003-12-19 00:00:00+09:00,235.38620434570313,239.16245361328126,235.38620434570313,236.0155792236328,6000,0.0,0.0
2003-12-22 00:00:00+09:00,236.01558584915963,239.16246032714844,236.01558584915963,239.16246032714844,2000,0.0,0.0
2003-12-23 00:00:00+09:00,239.16246032714844,239.16246032714844,239.16246032714844,239.16246032714844,0,0.0,0.0
2003-12-24 00:00:00+09:00,237.27433564035516,239.16246032714844,237.27433564035516,239.16246032714844,2000,0.0,0.0
2003-12-25 00:00:00+09:00,245.45618616548694,251.12055969238278,242.30931198387813,251.1205596923828,3000,0.0,0.0
2003-12-26 00:00:00+09:00,242.30935668945312,251.74998097605518,242.30935668945312,242.30935668945312,0,0.0,0.0
2003-12-29 00:00:00+09:00,242.30935668945312,251.74998097605518,242.30935668945312,242.30935668945312,0,0.0,0.0
2003-12-30 00:00:00+09:00,242.30935668945312,251.74998097605518,242.30935668945312,242.30935668945312,0,0.0,0.0
2003-12-31 00:00:00+09:00,242.30935668945312,242.30935668945312,242.30935668945312,242.30935668945312,0,0.0,0.0
2004-01-01 00:00:00+09:00,242.30935668945312,242.30935668945312,242.30935668945312,242.30935668945312,0,0.0,0.0
2004-01-02 00:00:00+09:00,242.30935668945312,242.30935668945312,242.30935668945312,242.30935668945312,0,0.0,0.0
2004-01-05 00:00:00+09:00,251.74990844726562,251.74990844726562,251.74990844726562,251.74990844726562,1000,0.0,0.0
2004-01-06 00:00:00+09:00,246.7150115966797,258.04376212918027,246.7150115966797,246.7150115966797,0,0.0,0.0
2004-01-07 00:00:00+09:00,246.7150115966797,246.7150115966797,246.7150115966797,246.7150115966797,1000,0.0,0.0
2004-01-08 00:00:00+09:00,246.7150115966797,258.04376212918027,246.7150115966797,246.7150115966797,0,0.0,0.0
2004-01-09 00:00:00+09:00,246.7150115966797,258.04376212918027,246.7150115966797,246.7150115966797,0,0.0,0.0
2004-01-12 00:00:00+09:00,246.7150115966797,246.7150115966797,246.7150115966797,246.7150115966797,0,0.0,0.0
2004-01-13 00:00:00+09:00,246.7150115966797,258.04376212918027,246.7150115966797,246.7150115966797,0,0.0,0.0
2004-01-14 00:00:00+09:00,246.7150115966797,258.04376212918027,246.7150115966797,246.7150115966797,0,0.0,0.0
2004-01-15 00:00:00+09:00,246.7150115966797,246.7150115966797,246.7150115966797,246.7150115966797,1000,0.0,0.0
2004-01-16 00:00:00+09:00,244.19751147834623,247.34438662626306,244.19751147834623,246.7150115966797,6000,0.0,0.0
2004-01-19 00:00:00+09:00,251.74990844726562,251.74990844726562,251.74990844726562,251.74990844726562,1000,0.0,0.0
2004-01-20 00:00:00+09:00,248.6030426025391,258.0436644735216,248.6030426025391,248.60304260253906,0,0.0,0.0
2004-01-21 00:00:00+09:00,258.0437316894531,258.0437316894531,257.41435673411297,258.0437316894531,3000,0.0,0.0
2004-01-22 00:00:00+09:00,261.19056664261166,261.19056664261166,256.7849426269531,256.7849426269531,2000,0.0,0.0
2004-01-23 00:00:00+09:00,269.37249378022693,269.37249378022693,264.3374938964844,264.3374938964844,2000,0.0,0.0
2004-01-26 00:00:00+09:00,277.55435643689384,277.55435643689384,268.113732068292,273.7781066894531,8000,0.0,0.0
2004-01-27 00:00:00+09:00,273.1487317315463,273.7781066894531,273.1487317315463,273.7781066894531,2000,0.0,0.0
2004-01-28 00:00:00+09:00,268.1136474609375,280.07176788759904,268.1136474609375,268.1136474609375,0,0.0,0.0
2004-01-29 00:00:00+09:00,273.77806942961934,278.81306840763534,268.7430704516034,270.6311950683594,12000,0.0,0.0
2004-01-30 00:00:00+09:00,268.1136474609375,280.07176788759904,268.1136474609375,268.1136474609375,0,0.0,0.0
2004-02-02 00:00:00+09:00,268.1136474609375,280.07176788759904,268.1136474609375,268.1136474609375,0,0.0,0.0
2004-02-03 00:00:00+09:00,268.1136474609375,280.07176788759904,268.1136474609375,268.1136474609375,0,0.0,0.0
2004-02-04 00:00:00+09:00,273.7780827608976,276.9249572753906,273.7780827608976,276.9249572753906,2000,0.0,0.0
2004-02-05 00:00:00+09:00,276.29558237249205,276.9249572753906,276.29558237249205,276.9249572753906,2000,0.0,0.0
2004-02-06 00:00:00+09:00,268.1136474609375,279.4423931283011,268.1136474609375,268.1136474609375,0,0.0,0.0
2004-02-09 00:00:00+09:00,268.1136474609375,279.4423931283011,268.1136474609375,268.1136474609375,0,0.0,0.0
2004-02-10 00:00:00+09:00,270.6311950683594,279.44244327988736,270.6311950683594,270.6311950683594,0,0.0,0.0
2004-02-11 00:00:00+09:00,270.6311950683594,270.6311950683594,270.6311950683594,270.6311950683594,0,0.0,0.0
2004-02-12 00:00:00+09:00,270.6311950683594,270.6311950683594,270.6311950683594,270.6311950683594,1000,0.0,0.0
2004-02-13 00:00:00+09:00,270.6311950683594,270.6311950683594,270.6311950683594,270.6311950683594,1000,0.0,0.0
2004-02-16 00:00:00+09:00,267.4843444824219,273.7780937643612,267.4843444824219,267.4843444824219,0,0.0,0.0
2004-02-17 00:00:00+09:00,267.4843444824219,273.7780937643612,267.4843444824219,267.4843444824219,0,0.0,0.0
2004-02-18 00:00:00+09:00,273.7781066894531,273.7781066894531,273.7781066894531,273.7781066894531,1000,0.0,0.0
2004-02-19 00:00:00+09:00,270.6311950683594,270.6311950683594,270.6311950683594,270.6311950683594,1000,0.0,0.0
2004-02-20 00:00:00+09:00,273.7781066894531,273.7781066894531,273.7781066894531,273.7781066894531,1000,0.0,0.0
2004-02-23 00:00:00+09:00,268.7430419921875,280.07178849302915,268.7430419921875,268.7430419921875,0,0.0,0.0
2004-02-24 00:00:00+09:00,273.7781066894531,276.92498147898704,273.7781066894531,273.7781066894531,0,0.0,0.0
2004-02-25 00:00:00+09:00,276.92493361569524,280.0718078613281,276.92493361569524,280.0718078613281,5000,0.0,0.0
2004-02-26 00:00:00+09:00,280.0718078613281,280.0718078613281,280.0718078613281,280.0718078613281,3000,0.0,0.0
2004-02-27 00:00:00+09:00,280.0718078613281,295.8061790894926,280.0718078613281,280.0718078613281,0,0.0,0.0
2004-03-01 00:00:00+09:00,292.6593278012599,292.6593278012599,287.62432861328125,287.62432861328125,4000,0.0,0.0
2004-03-02 00:00:00+09:00,288.8830762780231,289.512451171875,288.8830762780231,289.512451171875,2000,0.0,0.0
2004-03-03 00:00:00+09:00,289.512451171875,289.512451171875,289.512451171875,289.512451171875,3000,0.0,0.0
2004-03-04 00:00:00+09:00,292.6593017578125,292.6593017578125,292.6593017578125,292.6593017578125,1000,0.0,0.0
2004-03-05 00:00:00+09:00,289.512451171875,289.512451171875,289.512451171875,289.512451171875,1000,0.0,0.0
2004-03-08 00:00:00+09:00,283.8480529785156,292.65930074281545,283.8480529785156,283.8480529785156,0,0.0,0.0
2004-03-09 00:00:00+09:00,292.6593017578125,292.6593017578125,292.6593017578125,292.6593017578125,1000,0.0,0.0
2004-03-10 00:00:00+09:00,292.0299377441406,295.80618693910793,292.0299377441406,292.0299377441406,0,0.0,0.0
2004-03-11 00:00:00+09:00,292.02990359042553,295.80615234375,292.02990359042553,295.80615234375,3000,0.0,0.0
2004-03-12 00:00:00+09:00,296.435625,346.15625,295.80625000000003,346.15625,8000,0.0,0.0
2004-03-15 00:00:00+09:00,339.86243408203126,339.86243408203126,314.68743896484375,314.68743896484375,6000,0.0,0.0
2004-03-16 00:00:00+09:00,302.0998840332031,324.1280005772909,302.0998840332031,302.0998840332031,0,0.0,0.0
2004-03-17 00:00:00+09:00,304.617431640625,324.12805226223526,304.617431640625,304.617431640625,0,0.0,0.0
2004-03-18 00:00:00+09:00,304.617431640625,324.12805226223526,304.617431640625,304.617431640625,0,0.0,0.0
2004-03-19 00:00:00+09:00,304.6173626549975,314.0579833984375,304.6173626549975,314.0579833984375,5000,0.0,0.0
2004-03-22 00:00:00+09:00,317.8343200683594,317.8343200683594,317.8343200683594,317.8343200683594,2000,0.0,0.0
2004-03-23 00:00:00+09:00,314.68743896484375,330.42181091308595,314.68743896484375,314.68743896484375,0,0.0,0.0
2004-03-24 00:00:00+09:00,330.4217834472656,330.4217834472656,330.4217834472656,330.4217834472656,1000,0.0,0.0
2004-03-25 00:00:00+09:00,336.715625,346.785625,336.715625,346.15625,4000,0.0,0.0
2004-03-26 00:00:00+09:00,322.0057373046875,357.42636840820313,322.0057373046875,322.0057373046875,0,12.5,0.0
2004-03-29 00:00:00+09:00,322.0057373046875,322.0057373046875,322.0057373046875,322.0057373046875,1000,0.0,0.0
2004-03-30 00:00:00+09:00,283.3650309244792,289.8051452636719,283.3650309244792,289.8051452636719,4000,0.0,0.0
2004-03-31 00:00:00+09:00,287.2290954589844,296.2452554061274,287.2290954589844,287.2290954589844,0,0.0,0.0
2004-04-01 00:00:00+09:00,287.2290954589844,296.2452554061274,287.2290954589844,287.2290954589844,0,0.0,0.0
2004-04-02 00:00:00+09:00,296.24530029296875,296.24530029296875,296.24530029296875,296.24530029296875,2000,0.0,0.0
2004-04-05 00:00:00+09:00,299.46530670815326,302.68536376953125,296.2452496467753,302.68536376953125,3000,0.0,0.0
2004-04-06 00:00:00+09:00,305.905517578125,305.905517578125,305.905517578125,305.905517578125,1000,0.0,0.0
2004-04-07 00:00:00+09:00,305.261389541626,309.1254577636719,305.261389541626,309.1254577636719,2000,0.0,0.0
2004-04-08 00:00:00+09:00,315.56561279296875,315.56561279296875,315.56561279296875,315.56561279296875,1000,0.0,0.0
2004-04-09 00:00:00+09:00,312.3456115722656,312.3456115722656,312.3456115722656,312.3456115722656,2000,0.0,0.0
2004-04-12 00:00:00+09:00,312.3456115722656,312.3456115722656,312.3456115722656,312.3456115722656,3000,0.0,0.0
2004-04-13 00:00:00+09:00,314.9216003417969,314.9216003417969,314.9216003417969,314.9216003417969,1000,0.0,0.0
2004-04-14 00:00:00+09:00,312.3456115722656,318.78572727478655,312.3456115722656,312.3456115722656,0,0.0,0.0
2004-04-15 00:00:00+09:00,312.3456115722656,318.78572727478655,312.3456115722656,312.3456115722656,0,0.0,0.0
2004-04-16 00:00:00+09:00,312.3456115722656,318.78572727478655,312.3456115722656,312.3456115722656,0,0.0,0.0
2004-04-19 00:00:00+09:00,312.3456115722656,318.78572727478655,312.3456115722656,312.3456115722656,0,0.0,0.0
2004-04-20 00:00:00+09:00,312.98956298828125,315.56560877419304,312.98956298828125,312.98956298828125,4000,0.0,0.0
2004-04-21 00:00:00+09:00,312.98956298828125,318.78566600658274,312.98956298828125,312.98956298828125,0,0.0,0.0
2004-04-22 00:00:00+09:00,312.98956298828125,318.78566600658274,312.98956298828125,312.98956298828125,0,0.0,0.0
2004-04-23 00:00:00+09:00,325.2257995605469,331.0219029190517,325.2257995605469,325.2257995605469,6000,0.0,0.0
2004-04-26 00:00:00+09:00,318.78570556640625,328.44587846235794,318.78570556640625,318.78570556640625,0,0.0,0.0
2004-04-27 00:00:00+09:00,318.78570556640625,328.44587846235794,318.78570556640625,318.78570556640625,0,0.0,0.0
2004-04-28 00:00:00+09:00,318.78570556640625,325.22582083037406,318.78570556640625,318.78570556640625,0,0.0,0.0
2004-04-29 00:00:00+09:00,318.78570556640625,318.78570556640625,318.78570556640625,318.78570556640625,0,0.0,0.0
2004-04-30 00:00:00+09:00,318.78570556640625,318.78570556640625,312.34559030243844,318.78570556640625,3000,0.0,0.0
2004-05-03 00:00:00+09:00,318.78570556640625,318.78570556640625,318.78570556640625,318.78570556640625,0,0.0,0.0
2004-05-04 00:00:00+09:00,318.78570556640625,318.78570556640625,318.78570556640625,318.78570556640625,0,0.0,0.0
2004-05-05 00:00:00+09:00,318.78570556640625,318.78570556640625,318.78570556640625,318.78570556640625,0,0.0,0.0
2004-05-06 00:00:00+09:00,318.7856700663664,318.7856700663664,315.56561279296875,315.56561279296875,2000,0.0,0.0
2004-05-07 00:00:00+09:00,309.1254577636719,322.0056851704916,309.1254577636719,309.1254577636719,0,0.0,0.0
2004-05-10 00:00:00+09:00,309.1254577636719,322.0056851704916,309.1254577636719,309.1254577636719,0,0.0,0.0
2004-05-11 00:00:00+09:00,309.1254577636719,322.0056851704916,309.1254577636719,309.1254577636719,0,0.0,0.0
2004-05-12 00:00:00+09:00,309.1254577636719,322.0056851704916,309.1254577636719,309.1254577636719,0,0.0,0.0
2004-05-13 00:00:00+09:00,309.1254577636719,322.0056851704916,309.1254577636719,309.1254577636719,0,0.0,0.0
2004-05-14 00:00:00+09:00,315.56561279296875,315.56561279296875,315.56561279296875,315.56561279296875,6000,0.0,0.0
2004-05-17 00:00:00+09:00,315.56561279296875,322.005727339764,315.56561279296875,315.56561279296875,0,0.0,0.0
2004-05-18 00:00:00+09:00,315.56561279296875,315.56561279296875,312.98956697425064,315.56561279296875,3000,0.0,0.0
2004-05-19 00:00:00+09:00,312.3456115722656,322.00578512604704,312.3456115722656,312.3456115722656,0,0.0,0.0
2004-05-20 00:00:00+09:00,312.3456115722656,322.00578512604704,312.3456115722656,312.3456115722656,0,0.0,0.0
2004-05-21 00:00:00+09:00,312.3456115722656,322.00578512604704,312.3456115722656,312.3456115722656,0,0.0,0.0
2004-05-24 00:00:00+09:00,312.98956298828125,322.00572323897245,312.98956298828125,312.98956298828125,0,0.0,0.0
2004-05-25 00:00:00+09:00,322.0057373046875,322.0057373046875,322.0057373046875,322.0057373046875,4000,0.0,0.0
2004-05-26 00:00:00+09:00,322.0057373046875,322.0057373046875,322.0057373046875,322.0057373046875,4000,0.0,0.0
2004-05-27 00:00:00+09:00,322.0057373046875,328.44585205078124,322.0057373046875,322.0057373046875,0,0.0,0.0
2004-05-28 00:00:00+09:00,328.44586181640625,328.44586181640625,328.44586181640625,328.44586181640625,1000,0.0,0.0
2004-05-31 00:00:00+09:00,325.2257995605469,331.66591440333,325.2257995605469,325.2257995605469,0,0.0,0.0
2004-06-01 00:00:00+09:00,328.44586181640625,328.44586181640625,328.44586181640625,328.44586181640625,1000,0.0,0.0
2004-06-02 00:00:00+09:00,325.2257995605469,331.66591440333,325.2257995605469,325.2257995605469,0,0.0,0.0
2004-06-03 00:00:00+09:00,325.2257995605469,331.66591440333,325.2257995605469,325.2257995605469,0,0.0,0.0
2004-06-04 00:00:00+09:00,325.2257995605469,325.2257995605469,325.2257995605469,325.2257995605469,1000,0.0,0.0
2004-06-07 00:00:00+09:00,318.78570556640625,328.44587846235794,318.78570556640625,318.78570556640625,0,0.0,0.0
2004-06-08 00:00:00+09:00,318.78570556640625,328.44587846235794,318.78570556640625,318.78570556640625,0,0.0,0.0
2004-06-09 00:00:00+09:00,318.7856283187866,318.7856283187866,309.1254577636719,309.1254577636719,2000,0.0,0.0
2004-06-10 00:00:00+09:00,296.24530029296875,315.5656459642493,296.24530029296875,296.24530029296875,0,0.0,0.0
2004-06-11 00:00:00+09:00,296.24530029296875,315.5656459642493,296.24530029296875,296.24530029296875,0,0.0,0.0
2004-06-14 00:00:00+09:00,296.24530029296875,315.5656459642493,296.24530029296875,296.24530029296875,0,0.0,0.0
2004-06-15 00:00:00+09:00,296.8892417271932,309.1254577636719,296.8892417271932,309.1254577636719,2000,0.0,0.0
2004-06-16 00:00:00+09:00,300.75335693359375,315.565620765441,300.75335693359375,300.75335693359375,0,0.0,0.0
2004-06-17 00:00:00+09:00,315.56561279296875,315.56561279296875,315.56561279296875,315.56561279296875,1000,0.0,0.0
2004-06-18 00:00:00+09:00,312.3456115722656,312.3456115722656,312.3456115722656,312.3456115722656,1000,0.0,0.0
2004-06-21 00:00:00+09:00,315.5656694235261,315.5656694235261,312.3456115722656,312.3456115722656,3000,0.0,0.0
2004-06-22 00:00:00+09:00,312.3456115722656,318.78572727478655,312.3456115722656,312.3456115722656,0,0.0,0.0
2004-06-23 00:00:00+09:00,312.3456115722656,318.78572727478655,312.3456115722656,312.3456115722656,0,0.0,0.0
2004-06-24 00:00:00+09:00,312.3456115722656,318.78572727478655,312.3456115722656,312.3456115722656,0,0.0,0.0
2004-06-25 00:00:00+09:00,315.56561279296875,316.20962424764826,315.56561279296875,315.56561279296875,6000,0.0,0.0
2004-06-28 00:00:00+09:00,315.56561279296875,315.56561279296875,315.56561279296875,315.56561279296875,2000,0.0,0.0
2004-06-29 00:00:00+09:00,315.56561279296875,315.56561279296875,315.56561279296875,315.56561279296875,4000,0.0,0.0
2004-06-30 00:00:00+09:00,318.78567993164063,322.0057373046875,318.78567993164063,322.0057373046875,2000,0.0,0.0
2004-07-01 00:00:00+09:00,324.581783203125,324.581783203125,322.0057373046875,322.0057373046875,5000,0.0,0.0
2004-07-02 00:00:00+09:00,322.0057631983901,322.0057631983901,315.5656479344223,318.78570556640625,5000,0.0,0.0
2004-07-05 00:00:00+09:00,313.633544921875,322.00569293827004,313.633544921875,313.633544921875,0,0.0,0.0
2004-07-06 00:00:00+09:00,315.56562255859376,322.0057373046875,315.56562255859376,322.0057373046875,3000,0.0,0.0
2004-07-07 00:00:00+09:00,315.56561279296875,322.005727339764,315.56561279296875,315.56561279296875,0,0.0,0.0
2004-07-08 00:00:00+09:00,315.56561279296875,322.005727339764,315.56561279296875,315.56561279296875,0,0.0,0.0
2004-07-09 00:00:00+09:00,315.56561477785186,318.7856720715034,315.56561477785186,316.8536376953125,5000,0.0,0.0
2004-07-12 00:00:00+09:00,309.1254577636719,318.7856283187866,309.1254577636719,309.1254577636719,0,0.0,0.0
2004-07-13 00:00:00+09:00,315.56561279296875,315.56561279296875,315.56561279296875,315.56561279296875,2000,0.0,0.0
2004-07-14 00:00:00+09:00,318.78570556640625,318.78570556640625,318.78570556640625,318.78570556640625,1000,0.0,0.0
2004-07-15 00:00:00+09:00,309.1254577636719,322.0056851704916,309.1254577636719,309.1254577636719,0,0.0,0.0
2004-07-16 00:00:00+09:00,309.1254577636719,322.0056851704916,309.1254577636719,309.1254577636719,0,0.0,0.0
2004-07-19 00:00:00+09:00,309.1254577636719,309.1254577636719,309.1254577636719,309.1254577636719,0,0.0,0.0
2004-07-20 00:00:00+09:00,309.1254577636719,322.0056851704916,309.1254577636719,309.1254577636719,0,0.0,0.0
2004-07-21 00:00:00+09:00,309.1254577636719,322.0056851704916,309.1254577636719,309.1254577636719,0,0.0,0.0
2004-07-22 00:00:00+09:00,315.56561279296875,322.005727339764,315.56561279296875,315.56561279296875,0,0.0,0.0
2004-07-23 00:00:00+09:00,333.5979537664675,334.88597675398285,328.44586181640625,328.44586181640625,41000,0.0,0.0
2004-07-26 00:00:00+09:00,322.0057373046875,322.0057373046875,322.0057373046875,322.0057373046875,8000,0.0,0.0
2004-07-27 00:00:00+09:00,316.20963403320314,322.0057373046875,316.20963403320314,322.0057373046875,3000,0.0,0.0
2004-07-28 00:00:00+09:00,315.56561279296875,322.005727339764,315.56561279296875,315.56561279296875,0,0.0,0.0
2004-07-29 00:00:00+09:00,315.56562255859376,322.0057373046875,315.56562255859376,322.0057373046875,4000,0.0,0.0
2004-07-30 00:00:00+09:00,322.0057373046875,322.0057373046875,322.0057373046875,322.0057373046875,13000,0.0,0.0
2004-08-02 00:00:00+09:00,318.78570556640625,325.22582083037406,318.78570556640625,318.78570556640625,0,0.0,0.0
2004-08-03 00:00:00+09:00,321.3616638183594,328.4457886720707,321.3616638183594,321.3616638183594,0,0.0,0.0
2004-08-04 00:00:00+09:00,322.00574687882965,328.44586181640625,322.00574687882965,328.44586181640625,4000,0.0,0.0
2004-08-05 00:00:00+09:00,325.2257995605469,325.2257995605469,325.2257995605469,325.2257995605469,10000,0.0,0.0
2004-08-06 00:00:00+09:00,325.2257995605469,325.2257995605469,325.2257995605469,325.2257995605469,1000,0.0,0.0
2004-08-09 00:00:00+09:00,322.0057373046875,331.6659094238281,322.0057373046875,322.0057373046875,0,0.0,0.0
2004-08-10 00:00:00+09:00,322.0057373046875,331.6659094238281,322.0057373046875,322.0057373046875,0,0.0,0.0
2004-08-11 00:00:00+09:00,322.0057373046875,331.6659094238281,322.0057373046875,322.0057373046875,0,0.0,0.0
2004-08-12 00:00:00+09:00,322.0057373046875,331.6659094238281,322.0057373046875,322.0057373046875,0,0.0,0.0
2004-08-13 00:00:00+09:00,322.0057373046875,331.6659094238281,322.0057373046875,322.0057373046875,0,0.0,0.0
2004-08-16 00:00:00+09:00,322.0057373046875,338.1060241699219,322.0057373046875,322.0057373046875,0,0.0,0.0
2004-08-17 00:00:00+09:00,322.0057373046875,329.733875,322.0057373046875,322.0057373046875,0,0.0,0.0
2004-08-18 00:00:00+09:00,325.2257791167324,334.88595077366506,325.2257791167324,331.6658935546875,15000,0.0,0.0
2004-08-19 00:00:00+09:00,331.66591928519455,331.66591928519455,328.44586181640625,328.44586181640625,3000,0.0,0.0
2004-08-20 00:00:00+09:00,328.44586181640625,328.44586181640625,328.44586181640625,328.44586181640625,6000,0.0,0.0
2004-08-23 00:00:00+09:00,328.44586181640625,344.54614916034774,328.44586181640625,328.44586181640625,0,0.0,0.0
2004-08-24 00:00:00+09:00,328.44586181640625,341.32609169155944,328.44586181640625,328.44586181640625,0,0.0,0.0
2004-08-25 00:00:00+09:00,350.34227225825475,350.98628378814124,341.32611083984375,341.32611083984375,3000,0.0,0.0
2004-08-26 00:00:00+09:00,334.885986328125,334.885986328125,334.885986328125,334.885986328125,1000,0.0,0.0
2004-08-27 00:00:00+09:00,328.44586181640625,338.10603422277114,328.44586181640625,328.44586181640625,0,0.0,0.0
2004-08-30 00:00:00+09:00,328.44586181640625,338.10603422277114,328.44586181640625,328.44586181640625,0,0.0,0.0
2004-08-31 00:00:00+09:00,328.44586181640625,338.10603422277114,328.44586181640625,328.44586181640625,0,0.0,0.0
2004-09-01 00:00:00+09:00,328.44586181640625,338.10603422277114,328.44586181640625,328.44586181640625,0,0.0,0.0
2004-09-02 00:00:00+09:00,328.44586181640625,328.44586181640625,328.44586181640625,328.44586181640625,1000,0.0,0.0
2004-09-03 00:00:00+09:00,322.0057373046875,331.6659094238281,322.0057373046875,322.0057373046875,0,0.0,0.0
2004-09-06 00:00:00+09:00,322.0057373046875,331.6659094238281,322.0057373046875,322.0057373046875,0,0.0,0.0
2004-09-07 00:00:00+09:00,322.0057373046875,331.6659094238281,322.0057373046875,322.0057373046875,0,0.0,0.0
2004-09-08 00:00:00+09:00,322.0057373046875,331.6659094238281,322.0057373046875,322.0057373046875,0,0.0,0.0
2004-09-09 00:00:00+09:00,322.0057373046875,331.6659094238281,322.0057373046875,322.0057373046875,0,0.0,0.0
2004-09-10 00:00:00+09:00,322.0057373046875,331.6659094238281,322.0057373046875,322.0057373046875,0,0.0,0.0
2004-09-13 00:00:00+09:00,322.0057373046875,331.6659094238281,322.0057373046875,322.0057373046875,0,0.0,0.0
2004-09-14 00:00:00+09:00,322.0057373046875,331.6659094238281,322.0057373046875,322.0057373046875,0,0.0,0.0
2004-09-15 00:00:00+09:00,331.6659094238281,334.88596679687504,322.0057373046875,322.0057373046875,4000,0.0,0.0
2004-09-16 00:00:00+09:00,328.44586181640625,328.44586181640625,328.44586181640625,328.44586181640625,1000,0.0,0.0
2004-09-17 00:00:00+09:00,322.0057373046875,334.88596679687504,322.0057373046875,322.0057373046875,0,0.0,0.0
2004-09-20 00:00:00+09:00,322.0057373046875,322.0057373046875,322.0057373046875,322.0057373046875,0,0.0,0.0
2004-09-21 00:00:00+09:00,322.0057373046875,334.88596679687504,322.0057373046875,322.0057373046875,0,0.0,0.0
2004-09-22 00:00:00+09:00,322.0057373046875,334.88596679687504,322.0057373046875,322.0057373046875,0,0.0,0.0
2004-09-23 00:00:00+09:00,322.0057373046875,322.0057373046875,322.0057373046875,322.0057373046875,0,0.0,0.0
2004-09-24 00:00:00+09:00,340.68208993765023,340.68208993765023,334.885986328125,334.885986328125,4000,0.0,0.0
2004-09-27 00:00:00+09:00,334.885986328125,334.885986328125,334.885986328125,334.885986328125,1000,0.0,0.0
2004-09-28 00:00:00+09:00,336.17397366125607,336.17397366125607,331.6658935546875,331.6658935546875,7000,0.0,0.0
2004-09-29 00:00:00+09:00,334.885986328125,334.885986328125,334.885986328125,334.885986328125,1000,0.0,0.0
2004-09-30 00:00:00+09:00,328.44586181640625,338.10603422277114,328.44586181640625,328.44586181640625,0,0.0,0.0
2004-10-01 00:00:00+09:00,328.44586181640625,338.10603422277114,328.44586181640625,328.44586181640625,0,0.0,0.0
2004-10-04 00:00:00+09:00,328.44586181640625,338.10603422277114,328.44586181640625,328.44586181640625,0,0.0,0.0
2004-10-05 00:00:00+09:00,328.44586181640625,338.10603422277114,328.44586181640625,328.44586181640625,0,0.0,0.0
2004-10-06 00:00:00+09:00,328.44586181640625,328.44586181640625,328.44586181640625,328.44586181640625,1000,0.0,0.0
2004-10-07 00:00:00+09:00,322.64977472478694,322.64977472478694,318.78570556640625,318.78570556640625,3000,0.0,0.0
2004-10-08 00:00:00+09:00,315.56561279296875,322.005727339764,315.56561279296875,315.56561279296875,0,0.0,0.0
2004-10-11 00:00:00+09:00,315.56561279296875,315.56561279296875,315.56561279296875,315.56561279296875,0,0.0,0.0
2004-10-12 00:00:00+09:00,322.0057373046875,322.0057373046875,322.0057373046875,322.0057373046875,1000,0.0,0.0
2004-10-13 00:00:00+09:00,318.14166259765625,328.4458460016289,318.14166259765625,318.14166259765625,0,0.0,0.0
2004-10-14 00:00:00+09:00,318.78570556640625,328.44587846235794,318.78570556640625,318.78570556640625,0,0.0,0.0
2004-10-15 00:00:00+09:00,318.78570556640625,328.44587846235794,318.78570556640625,318.78570556640625,0,0.0,0.0
2004-10-18 00:00:00+09:00,322.0057373046875,328.44585205078124,322.0057373046875,322.0057373046875,0,0.0,0.0
2004-10-19 00:00:00+09:00,328.44586181640625,328.44586181640625,328.44586181640625,328.44586181640625,1000,0.0,0.0
2004-10-20 00:00:00+09:00,325.2257995605469,331.66591440333,325.2257995605469,325.2257995605469,0,0.0,0.0
2004-10-21 00:00:00+09:00,325.2257995605469,331.66591440333,325.2257995605469,325.2257995605469,0,0.0,0.0
2004-10-22 00:00:00+09:00,325.2257995605469,331.66591440333,325.2257995605469,325.2257995605469,0,0.0,0.0
2004-10-25 00:00:00+09:00,340.0380423240291,340.68205376782464,331.6658935546875,331.6658935546875,7000,0.0,0.0
2004-10-26 00:00:00+09:00,325.2257995605469,334.88597182472154,325.2257995605469,325.2257995605469,0,0.0,0.0
2004-10-27 00:00:00+09:00,325.2257995605469,334.88597182472154,325.2257995605469,325.2257995605469,0,0.0,0.0
2004-10-28 00:00:00+09:00,325.2257995605469,334.88597182472154,325.2257995605469,325.2257995605469,0,0.0,0.0
2004-10-29 00:00:00+09:00,325.2257995605469,334.88597182472154,325.2257995605469,325.2257995605469,0,0.0,0.0
2004-11-01 00:00:00+09:00,325.2257995605469,334.88597182472154,325.2257995605469,325.2257995605469,0,0.0,0.0
2004-11-02 00:00:00+09:00,325.2257995605469,334.88597182472154,325.2257995605469,325.2257995605469,0,0.0,0.0
2004-11-03 00:00:00+09:00,325.2257995605469,325.2257995605469,325.2257995605469,325.2257995605469,0,0.0,0.0
2004-11-04 00:00:00+09:00,327.15783401338183,328.44585698193845,325.2257995605469,325.2257995605469,5000,0.0,0.0
2004-11-05 00:00:00+09:00,318.78570556640625,329.7339015151515,318.78570556640625,318.78570556640625,0,0.0,0.0
2004-11-08 00:00:00+09:00,318.78570556640625,329.7339015151515,318.78570556640625,318.78570556640625,0,0.0,0.0
2004-11-09 00:00:00+09:00,322.0057373046875,329.733875,322.0057373046875,322.0057373046875,0,0.0,0.0
2004-11-10 00:00:00+09:00,322.0057373046875,329.733875,322.0057373046875,322.0057373046875,0,0.0,0.0
2004-11-11 00:00:00+09:00,322.6497497558594,329.733875998004,322.6497497558594,322.6497497558594,0,0.0,0.0
2004-11-12 00:00:00+09:00,322.6497497558594,329.733875998004,322.6497497558594,322.6497497558594,0,0.0,0.0
2004-11-15 00:00:00+09:00,322.6497487792969,322.6497487792969,320.7177143554688,322.0057373046875,3000,0.0,0.0
2004-11-16 00:00:00+09:00,323.93780517578125,323.93780517578125,323.93780517578125,323.93780517578125,1000,0.0,0.0
2004-11-17 00:00:00+09:00,322.0057373046875,322.0057373046875,322.0057373046875,322.0057373046875,1000,0.0,0.0
2004-11-18 00:00:00+09:00,322.0057373046875,325.22579467773437,322.0057373046875,322.0057373046875,0,0.0,0.0
2004-11-19 00:00:00+09:00,322.0057373046875,325.22579467773437,322.0057373046875,322.0057373046875,0,0.0,0.0
2004-11-22 00:00:00+09:00,325.2257995605469,325.2257995605469,325.2257995605469,325.2257995605469,1000,0.0,0.0
2004-11-23 00:00:00+09:00,325.2257995605469,325.2257995605469,325.2257995605469,325.2257995605469,0,0.0,0.0
2004-11-24 00:00:00+09:00,322.6497497558594,334.88596781047283,322.6497497558594,322.6497497558594,0,0.0,0.0
2004-11-25 00:00:00+09:00,337.4620323768029,338.10604388897235,334.885986328125,334.885986328125,5000,0.0,0.0
2004-11-26 00:00:00+09:00,334.88597675398285,334.88597675398285,328.44586181640625,328.44586181640625,7000,0.0,0.0
2004-11-29 00:00:00+09:00,322.0057373046875,329.733875,322.0057373046875,322.0057373046875,0,0.0,0.0
2004-11-30 00:00:00+09:00,322.0057373046875,329.733875,322.0057373046875,322.0057373046875,0,0.0,0.0
2004-12-01 00:00:00+09:00,322.0057373046875,328.44585205078124,322.0057373046875,322.0057373046875,0,0.0,0.0
2004-12-02 00:00:00+09:00,322.0057373046875,328.44585205078124,322.0057373046875,322.0057373046875,0,0.0,0.0
2004-12-03 00:00:00+09:00,328.44586181640625,328.44586181640625,328.44586181640625,328.44586181640625,1000,0.0,0.0
2004-12-06 00:00:00+09:00,322.6497497558594,334.88596781047283,322.6497497558594,322.6497497558594,0,0.0,0.0
2004-12-07 00:00:00+09:00,322.6497497558594,334.88596781047283,322.6497497558594,322.6497497558594,0,0.0,0.0
2004-12-08 00:00:00+09:00,328.44586181640625,328.44586181640625,328.44586181640625,328.44586181640625,1000,0.0,0.0
2004-12-09 00:00:00+09:00,325.2257995605469,338.1060292461131,325.2257995605469,325.2257995605469,0,0.0,0.0
2004-12-10 00:00:00+09:00,328.44586181640625,338.10603422277114,328.44586181640625,328.44586181640625,0,0.0,0.0
2004-12-13 00:00:00+09:00,328.44583633570994,331.6658935546875,322.0057218977548,331.6658935546875,5000,0.0,0.0
2004-12-14 00:00:00+09:00,331.66591928519455,331.66591928519455,328.44586181640625,328.44586181640625,4000,0.0,0.0
2004-12-15 00:00:00+09:00,332.95394227270987,332.95394227270987,328.44586181640625,328.44586181640625,2000,0.0,0.0
2004-12-16 00:00:00+09:00,332.9539164422785,333.597927886074,331.6658935546875,331.6658935546875,11000,0.0,0.0
2004-12-17 00:00:00+09:00,331.66592876727765,334.885986328125,331.66592876727765,334.885986328125,5000,0.0,0.0
2004-12-20 00:00:00+09:00,328.44586181640625,334.88597675398285,328.44586181640625,328.44586181640625,0,0.0,0.0
2004-12-21 00:00:00+09:00,338.10600799264256,338.10600799264256,331.6658935546875,331.6658935546875,3000,0.0,0.0
2004-12-22 00:00:00+09:00,329.73388480392157,329.73388480392157,328.44586181640625,328.44586181640625,2000,0.0,0.0
2004-12-23 00:00:00+09:00,328.44586181640625,328.44586181640625,328.44586181640625,328.44586181640625,0,0.0,0.0
2004-12-24 00:00:00+09:00,331.66591928519455,344.54614916034774,328.44586181640625,328.44586181640625,9000,0.0,0.0
2004-12-27 00:00:00+09:00,328.44583633570994,334.2419393298695,328.44583633570994,331.6658935546875,6000,0.0,0.0
2004-12-28 00:00:00+09:00,329.0898477795054,331.6658935546875,329.0898477795054,331.6658935546875,2000,0.0,0.0
2004-12-29 00:00:00+09:00,332.309904998483,332.309904998483,331.6658935546875,331.6658935546875,8000,0.0,0.0
2004-12-30 00:00:00+09:00,331.66591928519455,331.66591928519455,328.44586181640625,328.44586181640625,4000,0.0,0.0
2004-12-31 00:00:00+09:00,328.44586181640625,328.44586181640625,328.44586181640625,328.44586181640625,0,0.0,0.0
2005-01-03 00:00:00+09:00,328.44586181640625,328.44586181640625,328.44586181640625,328.44586181640625,0,0.0,0.0
2005-01-04 00:00:00+09:00,328.44586181640625,334.88597675398285,328.44586181640625,328.44586181640625,0,0.0,0.0
2005-01-05 00:00:00+09:00,329.08990478515625,329.08990478515625,329.08990478515625,329.08990478515625,1000,0.0,0.0
2005-01-06 00:00:00+09:00,331.66592876727765,338.10604388897235,331.66592876727765,334.885986328125,14000,0.0,0.0
2005-01-07 00:00:00+09:00,335.5299987792969,347.76621754476065,334.88598726532507,335.5299987792969,19000,0.0,0.0
2005-01-10 00:00:00+09:00,335.5299987792969,335.5299987792969,335.5299987792969,335.5299987792969,0,0.0,0.0
2005-01-11 00:00:00+09:00,335.52997221447174,341.3260753813244,334.88596075148814,338.10601806640625,9000,0.0,0.0
2005-01-12 00:00:00+09:00,342.61409830729167,342.61409830729167,336.817995140439,338.10601806640625,13000,0.0,0.0
2005-01-13 00:00:00+09:00,335.5300070708653,341.32611083984375,334.8859955409788,341.32611083984375,5000,0.0,0.0
2005-01-14 00:00:00+09:00,336.17400935246394,336.17400935246394,334.885986328125,334.885986328125,4000,0.0,0.0
2005-01-17 00:00:00+09:00,335.5300006465292,338.106046716752,334.88598912897345,336.8180236816406,18000,0.0,0.0
2005-01-18 00:00:00+09:00,336.1740121640849,336.8180236816406,335.5300006465292,336.8180236816406,14000,0.0,0.0
2005-01-19 00:00:00+09:00,339.39408257908883,345.8341979980469,338.10605949529725,345.8341979980469,14000,0.0,0.0
2005-01-20 00:00:00+09:00,343.2580892117224,344.5461120605469,343.2580892117224,344.5461120605469,2000,0.0,0.0
2005-01-21 00:00:00+09:00,346.47821044921875,347.7662335363906,346.47821044921875,346.47821044921875,5000,0.0,0.0
2005-01-24 00:00:00+09:00,341.9700927734375,347.7661960407839,341.9700927734375,341.9700927734375,0,0.0,0.0
2005-01-25 00:00:00+09:00,346.4781199722432,347.12213134765625,346.4781199722432,347.12213134765625,2000,0.0,0.0
2005-01-26 00:00:00+09:00,341.9700927734375,346.47817309248467,341.9700927734375,341.9700927734375,0,0.0,0.0
2005-01-27 00:00:00+09:00,341.97008684430807,341.97008684430807,338.10601806640625,338.10601806640625,13000,0.0,0.0
2005-01-28 00:00:00+09:00,341.9701314290365,347.7662353515625,338.1060621473524,347.7662353515625,38000,0.0,0.0
2005-01-31 00:00:00+09:00,354.2063668637293,359.35845947265625,354.2063668637293,359.35845947265625,8000,0.0,0.0
2005-02-01 00:00:00+09:00,360.0024710487721,360.0024710487721,359.35845947265625,359.35845947265625,4000,0.0,0.0
2005-02-02 00:00:00+09:00,358.07037648318703,360.0024108886719,357.4263650146921,360.0024108886719,18000,0.0,0.0
2005-02-03 00:00:00+09:00,358.7143859863281,358.7143859863281,358.7143859863281,358.7143859863281,1000,0.0,0.0
2005-02-04 00:00:00+09:00,360.64642333984375,360.64642333984375,360.64642333984375,360.64642333984375,2000,0.0,0.0
2005-02-07 00:00:00+09:00,360.6465065696023,360.6465065696023,353.5623787619851,354.2063903808594,21000,0.0,0.0
2005-02-08 00:00:00+09:00,353.5623168945312,360.0024319563624,353.5623168945312,353.56231689453125,0,0.0,0.0
2005-02-09 00:00:00+09:00,353.5623168945312,353.5623168945312,353.5623168945312,353.56231689453125,1000,0.0,0.0
2005-02-10 00:00:00+09:00,360.002411869594,360.64642333984375,356.7823545183454,360.64642333984375,6000,0.0,0.0
2005-02-11 00:00:00+09:00,360.64642333984375,360.64642333984375,360.64642333984375,360.64642333984375,0,0.0,0.0
2005-02-14 00:00:00+09:00,357.42636598859514,360.64642333984375,357.42636598859514,360.64642333984375,4000,0.0,0.0
2005-02-15 00:00:00+09:00,360.64642333984375,360.64642333984375,360.64642333984375,360.64642333984375,1000,0.0,0.0
2005-02-16 00:00:00+09:00,357.42635709620646,357.42635709620646,352.2742654623873,354.8503112792969,12000,0.0,0.0
2005-02-17 00:00:00+09:00,354.20633401956644,357.4263916015625,348.41023037197357,357.4263916015625,9000,0.0,0.0
2005-02-18 00:00:00+09:00,354.2063903808594,354.2063903808594,354.2063903808594,354.2063903808594,2000,0.0,0.0
2005-02-21 00:00:00+09:00,354.2063903808594,354.2063903808594,352.9183671431108,354.2063903808594,3000,0.0,0.0
2005-02-22 00:00:00+09:00,358.714387951682,360.6464223571668,354.2063076722174,360.0024108886719,7000,0.0,0.0
2005-02-23 00:00:00+09:00,354.85034273672795,355.4943542480469,354.85034273672795,355.4943542480469,2000,0.0,0.0
2005-02-24 00:00:00+09:00,355.4942767387998,365.15444730235413,355.4942767387998,363.8664245605469,16000,0.0,0.0
2005-02-25 00:00:00+09:00,372.88269132416826,373.5267028808594,367.08658731394803,373.5267028808594,12000,0.0,0.0
2005-02-28 00:00:00+09:00,370.306640625,370.306640625,370.306640625,370.306640625,2000,0.0,0.0
2005-03-01 00:00:00+09:00,365.1545104980469,373.5266597687252,365.1545104980469,365.1545104980469,0,0.0,0.0
2005-03-02 00:00:00+09:00,373.52661757745835,377.3906860351562,373.52661757745835,377.39068603515625,12000,0.0,0.0
2005-03-03 00:00:00+09:00,376.7467099882019,380.61077880859375,376.7467099882019,380.61077880859375,20000,0.0,0.0
2005-03-04 00:00:00+09:00,380.6108065235372,380.6108065235372,378.67877197265625,378.67877197265625,5000,0.0,0.0
2005-03-07 00:00:00+09:00,376.10274910762394,378.6787953343885,373.5267028808594,373.5267028808594,38000,0.0,0.0
2005-03-08 00:00:00+09:00,373.5266983695652,374.8147214673913,369.66262907608694,370.306640625,19000,0.0,0.0
2005-03-09 00:00:00+09:00,372.23865403395433,376.7467346191406,372.23865403395433,376.7467346191406,10000,0.0,0.0
2005-03-10 00:00:00+09:00,376.7467346191406,379.966792179988,376.7467346191406,376.7467346191406,9000,0.0,0.0
2005-03-11 00:00:00+09:00,376.7467080393145,380.61077683971774,376.7467080393145,379.32275390625,8000,0.0,0.0
2005-03-14 00:00:00+09:00,383.1868011576675,386.4068583102529,383.1868011576675,385.11883544921875,4000,0.0,0.0
2005-03-15 00:00:00+09:00,386.4068603515625,386.4068603515625,386.4068603515625,386.4068603515625,2000,0.0,0.0
2005-03-16 00:00:00+09:00,385.1189372078317,392.8470764160156,381.89887920442175,392.8470764160156,8000,0.0,0.0
2005-03-17 00:00:00+09:00,395.4230726432187,400.5751647949219,395.4230726432187,400.5751647949219,8000,0.0,0.0
2005-03-18 00:00:00+09:00,405.7272386926366,408.9472961425781,404.43921571266,408.9472961425781,11000,0.0,0.0
2005-03-21 00:00:00+09:00,408.9472961425781,408.9472961425781,408.9472961425781,408.9472961425781,0,0.0,0.0
2005-03-22 00:00:00+09:00,414.7433634440104,450.8080037434896,414.7433634440104,444.3678894042969,18000,0.0,0.0
2005-03-23 00:00:00+09:00,444.36794834282557,447.58800593951275,421.8275451660156,421.8275451660156,9000,0.0,0.0
2005-03-24 00:00:00+09:00,421.82748921712243,425.691557820638,421.82748921712243,425.04754638671875,6000,0.0,0.0
2005-03-25 00:00:00+09:00,424.40353388702925,425.0475453193313,405.08319091796875,405.08319091796875,26000,0.0,0.0
2005-03-28 00:00:00+09:00,415.6391924689798,415.6391924689798,392.5481262207031,392.5481262207031,9000,15.0,0.0
2005-03-29 00:00:00+09:00,392.54802514648435,412.3403625488281,392.54802514648435,412.3403625488281,9000,0.0,0.0
2005-03-30 00:00:00+09:00,412.3404102940714,413.00015495054186,409.0416870117188,409.04168701171875,5000,0.0,0.0
2005-03-31 00:00:00+09:00,395.8468017578125,405.7429718017578,395.8468017578125,395.8468017578125,0,0.0,0.0
2005-04-01 00:00:00+09:00,395.8468017578125,405.7429718017578,395.8468017578125,395.8468017578125,0,0.0,0.0
2005-04-04 00:00:00+09:00,388.58963190062434,388.58963190062434,385.9506530761719,385.9506530761719,2000,0.0,0.0
2005-04-05 00:00:00+09:00,385.9506530761719,385.9506530761719,385.9506530761719,385.9506530761719,1000,0.0,0.0
2005-04-06 00:00:00+09:00,379.3532409667969,395.8468601392663,379.3532409667969,379.3532409667969,0,0.0,0.0
2005-04-07 00:00:00+09:00,379.3532409667969,394.5273706054687,379.3532409667969,379.3532409667969,0,0.0,0.0
2005-04-08 00:00:00+09:00,382.6519775390625,382.6519775390625,382.6519775390625,382.6519775390625,1000,0.0,0.0
2005-04-11 00:00:00+09:00,382.6519775390625,382.6519775390625,382.6519775390625,382.6519775390625,6000,0.0,0.0
2005-04-12 00:00:00+09:00,382.6519775390625,382.6519775390625,382.6519775390625,382.6519775390625,2000,0.0,0.0
2005-04-13 00:00:00+09:00,379.3532409667969,385.9506886357846,379.3532409667969,379.3532409667969,0,0.0,0.0
2005-04-14 00:00:00+09:00,382.6519648012907,382.6519648012907,379.3532409667969,379.3532409667969,2000,0.0,0.0
2005-04-15 00:00:00+09:00,376.0544738769531,385.9506442421361,376.0544738769531,376.0544738769531,0,0.0,0.0
2005-04-18 00:00:00+09:00,376.0544738769531,376.0544738769531,376.0544738769531,376.0544738769531,1000,0.0,0.0
2005-04-19 00:00:00+09:00,362.8595886230469,379.3532062877308,362.8595886230469,362.8595886230469,0,0.0,0.0
2005-04-20 00:00:00+09:00,362.8595886230469,379.3532062877308,362.8595886230469,362.8595886230469,0,0.0,0.0
2005-04-21 00:00:00+09:00,379.3532409667969,379.3532409667969,379.3532409667969,379.3532409667969,1000,0.0,0.0
2005-04-22 00:00:00+09:00,381.3324879613416,382.6519775390625,381.3324879613416,382.6519775390625,3000,0.0,0.0
2005-04-25 00:00:00+09:00,382.65187599384683,385.9505990627593,372.7557067871094,372.7557067871094,6000,0.0,0.0
2005-04-26 00:00:00+09:00,359.5608825683594,379.3532247280856,359.5608825683594,359.5608825683594,0,0.0,0.0
2005-04-27 00:00:00+09:00,372.75575474330356,372.75575474330356,369.45703125,369.45703125,3000,0.0,0.0
2005-04-28 00:00:00+09:00,366.8180236816406,372.75572550382543,366.8180236816406,366.8180236816406,0,0.0,0.0
2005-04-29 00:00:00+09:00,366.8180236816406,366.8180236816406,366.8180236816406,366.8180236816406,0,0.0,0.0
2005-05-02 00:00:00+09:00,366.8180236816406,372.75572550382543,366.8180236816406,366.8180236816406,0,0.0,0.0
2005-05-03 00:00:00+09:00,366.8180236816406,366.8180236816406,366.8180236816406,366.8180236816406,0,0.0,0.0
2005-05-04 00:00:00+09:00,366.8180236816406,366.8180236816406,366.8180236816406,366.8180236816406,0,0.0,0.0
2005-05-05 00:00:00+09:00,366.8180236816406,366.8180236816406,366.8180236816406,366.8180236816406,0,0.0,0.0
2005-05-06 00:00:00+09:00,372.7557504218921,376.0544738769531,372.7557504218921,376.0544738769531,2000,0.0,0.0
2005-05-09 00:00:00+09:00,372.7557067871094,395.8467682694967,372.7557067871094,372.7557067871094,0,0.0,0.0
2005-05-10 00:00:00+09:00,372.7557067871094,395.8467682694967,372.7557067871094,372.7557067871094,0,0.0,0.0
2005-05-11 00:00:00+09:00,372.7557067871094,395.8467682694967,372.7557067871094,372.7557067871094,0,0.0,0.0
2005-05-12 00:00:00+09:00,372.7557932978091,379.3532409667969,372.7557932978091,379.3532409667969,2000,0.0,0.0
2005-05-13 00:00:00+09:00,376.0544738769531,389.2493676971971,376.0544738769531,376.0544738769531,0,0.0,0.0
2005-05-16 00:00:00+09:00,376.0544738769531,389.2493676971971,376.0544738769531,376.0544738769531,0,0.0,0.0
2005-05-17 00:00:00+09:00,376.0544738769531,376.0544738769531,376.0544738769531,376.0544738769531,1000,0.0,0.0
2005-05-18 00:00:00+09:00,384.6311610394525,389.90911865234375,384.6311610394525,389.90911865234375,4000,0.0,0.0
2005-05-19 00:00:00+09:00,390.56884765625,390.56884765625,389.24935830605995,390.56884765625,5000,0.0,0.0
2005-05-20 00:00:00+09:00,389.2493591308594,389.2493591308594,389.2493591308594,389.2493591308594,1000,0.0,0.0
2005-05-23 00:00:00+09:00,389.9091038073523,389.9091038073523,389.2493591308594,389.2493591308594,2000,0.0,0.0
2005-05-24 00:00:00+09:00,389.2493591308594,389.9091038073523,385.95063574839446,389.2493591308594,17000,0.0,0.0
2005-05-25 00:00:00+09:00,389.2493905826491,389.9091353124502,386.61041166344467,387.9299011230469,14000,0.0,0.0
2005-05-26 00:00:00+09:00,385.9506530761719,395.8468236678686,385.9506530761719,385.9506530761719,0,0.0,0.0
2005-05-27 00:00:00+09:00,385.9506530761719,389.2493766067374,385.9506530761719,385.9506530761719,0,0.0,0.0
2005-05-30 00:00:00+09:00,389.2493591308594,389.2493591308594,389.2493591308594,389.2493591308594,1000,0.0,0.0
2005-05-31 00:00:00+09:00,395.8468017578125,395.8468017578125,395.8468017578125,395.8468017578125,1000,0.0,0.0
2005-06-01 00:00:00+09:00,398.4857482910156,398.4857482910156,398.4857482910156,398.4857482910156,1000,0.0,0.0
2005-06-02 00:00:00+09:00,395.8468017578125,398.4857804361979,395.8468017578125,395.8468017578125,3000,0.0,0.0
2005-06-03 00:00:00+09:00,395.84687331627157,395.84687331627157,382.6519775390625,382.6519775390625,22000,0.0,0.0
2005-06-06 00:00:00+09:00,389.2493739507323,389.90911865234375,389.2493739507323,389.90911865234375,9000,0.0,0.0
2005-06-07 00:00:00+09:00,389.90911865234375,399.1455444749035,389.90911865234375,389.90911865234375,0,0.0,0.0
2005-06-08 00:00:00+09:00,397.16627388946284,399.1455078125,397.16627388946284,399.1455078125,3000,0.0,0.0
2005-06-09 00:00:00+09:00,397.16632080078125,401.7845338333485,397.16632080078125,397.16632080078125,0,0.0,0.0
2005-06-10 00:00:00+09:00,401.124755859375,401.124755859375,401.124755859375,401.124755859375,5000,0.0,0.0
2005-06-13 00:00:00+09:00,401.7845153808593,401.7845153808593,401.7845153808593,401.7845153808594,1000,0.0,0.0
2005-06-14 00:00:00+09:00,402.44424044701367,415.63913357642394,402.44424044701367,409.04168701171875,5000,0.0,0.0
2005-06-15 00:00:00+09:00,408.3819274902344,408.3819274902344,408.3819274902344,408.3819274902344,1000,0.0,0.0
2005-06-16 00:00:00+09:00,408.3819274902344,409.04167212269033,408.3819274902344,408.3819274902344,11000,0.0,0.0
2005-06-17 00:00:00+09:00,412.3404102940714,412.3404102940714,409.0416870117188,409.04168701171875,10000,0.0,0.0
2005-06-20 00:00:00+09:00,412.3403625488281,412.3403625488281,412.3403625488281,412.3403625488281,2000,0.0,0.0
2005-06-21 00:00:00+09:00,405.0831721679687,412.3403625488281,405.0831721679687,412.3403625488281,4000,0.0,0.0
2005-06-22 00:00:00+09:00,405.74298095703125,415.6391512242759,405.74298095703125,405.74298095703125,0,0.0,0.0
2005-06-23 00:00:00+09:00,405.74298095703125,415.6391512242759,405.74298095703125,405.74298095703125,0,0.0,0.0
2005-06-24 00:00:00+09:00,414.9794006347656,415.6391453098606,414.9794006347656,414.9794006347656,9000,0.0,0.0
2005-06-27 00:00:00+09:00,409.0416870117188,415.63913357642394,409.0416870117188,409.04168701171875,0,0.0,0.0
2005-06-28 00:00:00+09:00,409.0416870117188,415.63913357642394,409.0416870117188,409.04168701171875,0,0.0,0.0
2005-06-29 00:00:00+09:00,415.63922119140625,415.63922119140625,415.63922119140625,415.63922119140625,1000,0.0,0.0
2005-06-30 00:00:00+09:00,409.0417043794461,409.0417043794461,405.74298095703125,405.74298095703125,5000,0.0,0.0
2005-07-01 00:00:00+09:00,389.2493591308594,409.0416994256488,389.2493591308594,389.2493591308594,0,0.0,0.0
2005-07-04 00:00:00+09:00,401.1247854764344,402.44427490234375,401.1247854764344,402.44427490234375,2000,0.0,0.0
2005-07-05 00:00:00+09:00,399.1455078125,409.04167742768595,399.1455078125,399.1455078125,0,0.0,0.0
2005-07-06 00:00:00+09:00,399.1455078125,409.04167742768595,399.1455078125,399.1455078125,0,0.0,0.0
2005-07-07 00:00:00+09:00,397.8260185304752,402.444231017562,397.8260185304752,399.1455078125,3000,0.0,0.0
2005-07-08 00:00:00+09:00,399.14555133757045,402.44427490234375,399.14555133757045,402.44427490234375,5000,0.0,0.0
2005-07-11 00:00:00+09:00,402.44427490234375,403.1040196152984,402.44427490234375,402.44427490234375,3000,0.0,0.0
2005-07-12 00:00:00+09:00,399.14559830943676,400.465087890625,399.14559830943676,400.465087890625,2000,0.0,0.0
2005-07-13 00:00:00+09:00,399.1455078125,403.7637202995868,399.1455078125,399.1455078125,0,0.0,0.0
2005-07-14 00:00:00+09:00,405.74296372936624,409.0416870117188,405.74296372936624,409.04168701171875,2000,0.0,0.0
2005-07-15 00:00:00+09:00,405.74298095703125,409.7014490639291,405.74298095703125,405.74298095703125,0,0.0,0.0
2005-07-18 00:00:00+09:00,405.74298095703125,405.74298095703125,405.74298095703125,405.74298095703125,0,0.0,0.0
2005-07-19 00:00:00+09:00,409.0416870117188,409.7014316681893,409.0416870117188,409.04168701171875,6000,0.0,0.0
2005-07-20 00:00:00+09:00,407.72216796875,407.72216796875,407.72216796875,407.72216796875,3000,0.0,0.0
2005-07-21 00:00:00+09:00,395.8468017578125,409.04169514973955,395.8468017578125,395.8468017578125,0,0.0,0.0
2005-07-22 00:00:00+09:00,407.72219769877773,409.0416870117188,407.72219769877773,409.04168701171875,5000,0.0,0.0
2005-07-25 00:00:00+09:00,409.7013842285156,412.3403625488281,399.80521552734376,412.3403625488281,36000,0.0,0.0
2005-07-26 00:00:00+09:00,411.0208917097612,412.3403809287331,406.4026794433594,406.4026794433594,4000,0.0,0.0
2005-07-27 00:00:00+09:00,409.0416918302837,409.0416918302837,401.124755859375,401.124755859375,10000,0.0,0.0
2005-07-28 00:00:00+09:00,399.1455078125,399.1455078125,397.8260185304752,399.1455078125,4000,0.0,0.0
2005-07-29 00:00:00+09:00,399.1455078125,405.742954222624,399.1455078125,399.1455078125,0,0.0,0.0
2005-08-01 00:00:00+09:00,402.44426534145697,416.9586486816407,402.44426534145697,416.9586486816406,5000,0.0,0.0
2005-08-02 00:00:00+09:00,416.9587107824901,416.9587107824901,415.63922119140625,415.63922119140625,4000,0.0,0.0
2005-08-03 00:00:00+09:00,401.78453018938905,402.44427490234375,395.8468277727971,402.44427490234375,8000,0.0,0.0
2005-08-04 00:00:00+09:00,395.8468017578125,418.9378651936849,395.8468017578125,395.8468017578125,0,0.0,0.0
2005-08-05 00:00:00+09:00,396.50659179687494,417.618423639637,396.50659179687494,396.506591796875,0,0.0,0.0
2005-08-08 00:00:00+09:00,396.50659179687494,415.6391894043781,396.50659179687494,396.506591796875,0,0.0,0.0
2005-08-09 00:00:00+09:00,396.50659179687494,412.3404656789465,396.50659179687494,396.506591796875,0,0.0,0.0
2005-08-10 00:00:00+09:00,402.44427490234375,402.44427490234375,402.44427490234375,402.44427490234375,4000,0.0,0.0
2005-08-11 00:00:00+09:00,411.02098132559723,411.02098132559723,410.3612365722656,410.3612365722656,2000,0.0,0.0
2005-08-12 00:00:00+09:00,402.44427490234375,416.9586585873463,402.44427490234375,402.44427490234375,0,0.0,0.0
2005-08-15 00:00:00+09:00,409.0416870117188,409.7014316681893,409.0416870117188,409.04168701171875,3000,0.0,0.0
2005-08-16 00:00:00+09:00,408.38194235524827,409.0416870117188,404.42347441642517,409.04168701171875,8000,0.0,0.0
2005-08-17 00:00:00+09:00,402.44427490234375,418.9378927262103,402.44427490234375,402.44427490234375,0,0.0,0.0
2005-08-18 00:00:00+09:00,415.6391610309576,415.6391610309576,414.3196716308594,414.3196716308594,2000,0.0,0.0
2005-08-19 00:00:00+09:00,415.63911844724987,423.55605403672126,408.3819274902344,408.3819274902344,12000,0.0,0.0
2005-08-22 00:00:00+09:00,420.25736870765684,423.5560921669006,418.93787932395935,422.2366027832031,12000,0.0,0.0
2005-08-23 00:00:00+09:00,430.1535831894986,430.1535831894986,425.5353698730469,425.5353698730469,15000,0.0,0.0
2005-08-24 00:00:00+09:00,428.8340289596394,431.473007599391,428.8340289596394,430.8132629394531,3000,0.0,0.0
2005-08-25 00:00:00+09:00,428.8340759277344,428.8340759277344,428.8340759277344,428.8340759277344,1000,0.0,0.0
2005-08-26 00:00:00+09:00,421.5768580913543,422.2366027832031,420.25736870765684,422.2366027832031,7000,0.0,0.0
2005-08-29 00:00:00+09:00,415.63922119140625,422.2366691468254,415.63922119140625,415.63922119140625,0,0.0,0.0
2005-08-30 00:00:00+09:00,412.3403625488281,412.3403625488281,412.3403625488281,412.3403625488281,6000,0.0,0.0
2005-08-31 00:00:00+09:00,409.0416870117188,409.0416870117188,409.0416870117188,409.04168701171875,3000,0.0,0.0
2005-09-01 00:00:00+09:00,409.7014770507812,409.7014770507812,409.7014770507812,409.70147705078125,1000,0.0,0.0
2005-09-02 00:00:00+09:00,412.3403625488281,412.3403625488281,412.3403625488281,412.3403625488281,2000,0.0,0.0
2005-09-05 00:00:00+09:00,415.63922119140625,415.63922119140625,415.63922119140625,415.63922119140625,2000,0.0,0.0
2005-09-06 00:00:00+09:00,408.3819274902344,415.63911844724987,408.3819274902344,408.3819274902344,0,0.0,0.0
2005-09-07 00:00:00+09:00,409.0416870117188,415.63913357642394,409.0416870117188,409.04168701171875,0,0.0,0.0
2005-09-08 00:00:00+09:00,415.63922119140625,416.9587107824901,415.63922119140625,415.63922119140625,9000,0.0,0.0
2005-09-09 00:00:00+09:00,415.63922119140625,415.63922119140625,415.63922119140625,415.63922119140625,1000,0.0,0.0
2005-09-12 00:00:00+09:00,418.2781677246094,428.17433888528626,418.2781677246094,418.2781677246094,0,0.0,0.0
2005-09-13 00:00:00+09:00,428.1743015713162,428.1743015713162,427.5145568847657,427.5145568847656,2000,0.0,0.0
2005-09-14 00:00:00+09:00,425.5353522667518,428.8340759277344,425.5353522667518,428.8340759277344,10000,0.0,0.0
2005-09-15 00:00:00+09:00,430.8132890411639,461.8212899369292,430.8132890411639,460.5018005371094,9000,0.0,0.0
2005-09-16 00:00:00+09:00,461.1613622205011,462.48085109666846,458.5223844681663,459.18212890625,11000,0.0,0.0
2005-09-19 00:00:00+09:00,459.18212890625,459.18212890625,459.18212890625,459.18212890625,0,0.0,0.0
2005-09-20 00:00:00+09:00,460.50186052594864,462.48109488351,459.8421157400948,461.82135009765625,12000,0.0,0.0
2005-09-21 00:00:00+09:00,448.62640380859375,463.1407874612247,448.62640380859375,448.62640380859375,0,0.0,0.0
2005-09-22 00:00:00+09:00,461.8212818924376,462.48102658085537,447.9666434356645,449.2861328125,8000,0.0,0.0
2005-09-23 00:00:00+09:00,449.2861328125,449.2861328125,449.2861328125,449.2861328125,0,0.0,0.0
2005-09-26 00:00:00+09:00,449.2861007801808,451.9250793457031,448.6263561388002,451.9250793457031,8000,0.0,0.0
2005-09-27 00:00:00+09:00,462.4810495008215,462.4810495008215,461.16156005859375,461.16156005859375,3000,0.0,0.0
2005-09-28 00:00:00+09:00,438.730224609375,471.7174595424107,438.730224609375,438.730224609375,0,0.0,0.0
2005-09-29 00:00:00+09:00,461.8213500976562,462.48109488351,460.50186052594864,461.82135009765625,9000,0.0,0.0
2005-09-30 00:00:00+09:00,465.1199951171875,465.1199951171875,465.1199951171875,465.1199951171875,2000,0.0,0.0
2005-10-03 00:00:00+09:00,463.1407942219354,463.1407942219354,461.16156005859375,461.16156005859375,4000,0.0,0.0
2005-10-04 00:00:00+09:00,461.16155332677505,461.16155332677505,448.62640380859375,448.62640380859375,8000,0.0,0.0
2005-10-05 00:00:00+09:00,448.62640380859375,461.16155332677505,448.62640380859375,448.62640380859375,0,0.0,0.0
2005-10-06 00:00:00+09:00,448.62640380859375,448.62640380859375,448.62640380859375,448.62640380859375,1000,0.0,0.0
2005-10-07 00:00:00+09:00,459.18212890625,459.18212890625,459.18212890625,459.18212890625,1000,0.0,0.0
2005-10-10 00:00:00+09:00,459.18212890625,459.18212890625,459.18212890625,459.18212890625,0,0.0,0.0
2005-10-11 00:00:00+09:00,448.62640380859375,461.82129803825825,448.62640380859375,448.62640380859375,0,0.0,0.0
2005-10-12 00:00:00+09:00,461.1616053118024,462.48109488351,461.1616053118024,461.82135009765625,7000,0.0,0.0
2005-10-13 00:00:00+09:00,461.8213500976562,461.8213500976562,461.8213500976562,461.82135009765625,2000,0.0,0.0
2005-10-14 00:00:00+09:00,448.62640380859375,461.82129803825825,448.62640380859375,448.62640380859375,0,0.0,0.0
2005-10-17 00:00:00+09:00,448.62640380859375,462.4810427497415,448.62640380859375,448.62640380859375,0,0.0,0.0
2005-10-18 00:00:00+09:00,449.2861328125,449.2861328125,449.2861328125,449.2861328125,2000,0.0,0.0
2005-10-19 00:00:00+09:00,451.2654113769531,461.82132743255437,451.2654113769531,451.2654113769531,0,0.0,0.0
2005-10-20 00:00:00+09:00,461.16156005859375,461.16156005859375,461.16156005859375,461.16156005859375,1000,0.0,0.0
2005-10-21 00:00:00+09:00,451.9250793457031,461.821248966412,451.9250793457031,451.9250793457031,0,0.0,0.0
2005-10-24 00:00:00+09:00,461.8213500976562,461.8213500976562,461.8213500976562,461.82135009765625,3000,0.0,0.0
2005-10-25 00:00:00+09:00,461.8213500976562,462.48109488351,461.8213500976562,461.82135009765625,3000,0.0,0.0
2005-10-26 00:00:00+09:00,457.20313659667966,461.8213500976562,457.20313659667966,461.82135009765625,3000,0.0,0.0
2005-10-27 00:00:00+09:00,455.8834994551064,455.8834994551064,455.2237548828125,455.2237548828125,2000,0.0,0.0
2005-10-28 00:00:00+09:00,458.5223844681663,459.18212890625,458.5223844681663,459.18212890625,4000,0.0,0.0
2005-10-31 00:00:00+09:00,451.2654113769531,459.18234841865404,451.2654113769531,451.2654113769531,0,0.0,0.0
2005-11-01 00:00:00+09:00,459.18212890625,459.18212890625,455.22366227774785,459.18212890625,4000,0.0,0.0
2005-11-02 00:00:00+09:00,455.22366227774785,459.8418733443337,455.22366227774785,459.18212890625,6000,0.0,0.0
2005-11-03 00:00:00+09:00,459.18212890625,459.18212890625,459.18212890625,459.18212890625,0,0.0,0.0
2005-11-04 00:00:00+09:00,458.52246093750006,459.1822054856115,458.52246093750006,458.5224609375,8000,0.0,0.0
2005-11-07 00:00:00+09:00,463.14074020385743,478.3148670196533,461.82125091552734,475.0161437988281,24000,0.0,0.0
2005-11-08 00:00:00+09:00,488.2110366821289,488.870781326294,475.0161437988281,475.0161437988281,8000,0.0,0.0
2005-11-09 00:00:00+09:00,474.3563991546631,475.0161437988281,474.3563991546631,475.0161437988281,2000,0.0,0.0
2005-11-10 00:00:00+09:00,475.6759486317304,476.335693359375,475.6759486317304,476.335693359375,2000,0.0,0.0
2005-11-11 00:00:00+09:00,475.6759486317304,476.335693359375,475.0162039040859,476.335693359375,4000,0.0,0.0
2005-11-14 00:00:00+09:00,475.6758839341461,482.9330749511719,475.6758839341461,482.9330749511719,12000,0.0,0.0
2005-11-15 00:00:00+09:00,481.6135694023703,484.91229248046875,481.6135694023703,484.91229248046875,10000,0.0,0.0
2005-11-16 00:00:00+09:00,485.57202242458277,513.9410400390625,484.9122778288972,513.9410400390625,28000,0.0,0.0
2005-11-17 00:00:00+09:00,514.600830078125,515.2605747320713,514.600830078125,514.600830078125,3000,0.0,0.0
2005-11-18 00:00:00+09:00,511.30211131723394,533.0736850894517,511.30211131723394,532.4139404296875,12000,0.0,0.0
2005-11-21 00:00:00+09:00,535.7127589536517,543.6296962780899,527.7958216292135,528.45556640625,13000,0.0,0.0
2005-11-22 00:00:00+09:00,501.4059143066407,527.795699270148,501.4059143066407,501.4059143066406,0,0.0,0.0
2005-11-23 00:00:00+09:00,501.4059143066407,501.4059143066407,501.4059143066407,501.4059143066406,0,0.0,0.0
2005-11-24 00:00:00+09:00,504.70462172479415,514.6007907782215,501.40589870698506,502.0656433105469,8000,0.0,0.0
2005-11-25 00:00:00+09:00,510.6423793472783,511.30212402343756,502.06569855720767,511.3021240234375,6000,0.0,0.0
2005-11-28 00:00:00+09:00,508.0034475375951,509.3229370117187,508.0034475375951,509.32293701171875,2000,0.0,0.0
2005-11-29 00:00:00+09:00,511.96197842684654,511.96197842684654,508.0035095214844,508.0035095214844,3000,0.0,0.0
2005-11-30 00:00:00+09:00,498.1072918883248,508.6632080078125,498.1072918883248,508.6632080078125,4000,0.0,0.0
2005-12-01 00:00:00+09:00,498.10720825195307,521.8580155328409,498.10720825195307,498.1072082519531,0,0.0,0.0
2005-12-02 00:00:00+09:00,508.6632543390447,508.6632543390447,508.0035095214844,508.0035095214844,2000,0.0,0.0
2005-12-05 00:00:00+09:00,508.00340064264117,511.30212402343756,508.00340064264117,511.3021240234375,6000,0.0,0.0
2005-12-06 00:00:00+09:00,515.9203713989258,527.7957763671875,514.6008819580078,527.7957763671875,9000,0.0,0.0
2005-12-07 00:00:00+09:00,527.7957763671875,527.7957763671875,527.7957763671875,527.7957763671875,1000,0.0,0.0
2005-12-08 00:00:00+09:00,527.7957500988924,527.7957500988924,521.1983032226562,521.1983032226562,4000,0.0,0.0
2005-12-09 00:00:00+09:00,508.0035095214844,540.9907503995029,508.0035095214844,508.0035095214844,0,0.0,0.0
2005-12-12 00:00:00+09:00,534.393310546875,534.393310546875,534.393310546875,534.393310546875,1000,0.0,0.0
2005-12-13 00:00:00+09:00,527.7957763671875,529.1152658081055,527.7957763671875,527.7957763671875,6000,0.0,0.0
2005-12-14 00:00:00+09:00,527.7957763671875,527.7957763671875,527.7957763671875,527.7957763671875,2000,0.0,0.0
2005-12-15 00:00:00+09:00,513.9410854241787,514.600830078125,513.9410854241787,514.600830078125,2000,0.0,0.0
2005-12-16 00:00:00+09:00,516.5801656583461,540.99072265625,516.5801656583461,540.99072265625,6000,0.0,0.0
2005-12-19 00:00:00+09:00,527.1360748101465,532.4140330059928,525.1568404867043,531.0945434570312,13000,0.0,0.0
2005-12-20 00:00:00+09:00,536.3724661048935,540.9906792201879,536.3724661048935,537.6919555664062,9000,0.0,0.0
2005-12-21 00:00:00+09:00,550.8867527817235,554.1854758522728,544.289306640625,544.289306640625,7000,0.0,0.0
2005-12-22 00:00:00+09:00,564.0817900866997,564.0817900866997,540.99072265625,540.99072265625,8000,0.0,0.0
2005-12-23 00:00:00+09:00,540.99072265625,540.99072265625,540.99072265625,540.99072265625,0,0.0,0.0
2005-12-26 00:00:00+09:00,541.6504516601562,559.4635603018422,541.6504516601562,541.6504516601562,0,0.0,0.0
2005-12-27 00:00:00+09:00,542.9698174124053,544.289306640625,542.9698174124053,544.289306640625,2000,0.0,0.0
2005-12-28 00:00:00+09:00,546.9282681017037,547.5880126953125,546.9282681017037,547.5880126953125,4000,0.0,0.0
2005-12-29 00:00:00+09:00,558.1439365003237,558.803681106116,556.1647026829467,557.4841918945312,7000,0.0,0.0
2005-12-30 00:00:00+09:00,548.247802734375,567.380397534973,548.247802734375,548.247802734375,0,0.0,0.0
2006-01-02 00:00:00+09:00,548.247802734375,548.247802734375,548.247802734375,548.247802734375,0,0.0,0.0
2006-01-03 00:00:00+09:00,548.247802734375,548.247802734375,548.247802734375,548.247802734375,0,0.0,0.0
2006-01-04 00:00:00+09:00,557.4841918945312,557.4841918945312,557.4841918945312,557.4841918945312,2000,0.0,0.0
2006-01-05 00:00:00+09:00,562.1025094784007,562.1025094784007,560.7830200195312,560.7830200195312,6000,0.0,0.0
2006-01-06 00:00:00+09:00,566.7206163756241,567.3803609814165,557.4841918945312,557.4841918945312,3000,0.0,0.0
2006-01-09 00:00:00+09:00,557.4841918945312,557.4841918945312,557.4841918945312,557.4841918945312,0,0.0,0.0
2006-01-10 00:00:00+09:00,573.9779052734375,573.9779052734375,560.7830108993354,573.9779052734375,9000,0.0,0.0
2006-01-11 00:00:00+09:00,574.6376499921425,574.6376499921425,573.9779052734375,573.9779052734375,4000,0.0,0.0
2006-01-12 00:00:00+09:00,574.6376953125,583.8741221028273,574.6376953125,574.6376953125,0,0.0,0.0
2006-01-13 00:00:00+09:00,587.1727905273438,587.8325352358014,583.8740669850553,587.1727905273438,6000,0.0,0.0
2006-01-16 00:00:00+09:00,587.8325509116287,639.9523842696744,587.8325509116287,630.0562133789062,17000,0.0,0.0
2006-01-17 00:00:00+09:00,617.52099609375,626.7574212489984,616.8612514398037,617.52099609375,8000,0.0,0.0
2006-01-18 00:00:00+09:00,620.159925672743,620.159925672743,556.8244439019097,593.7701416015625,14000,0.0,0.0
2006-01-19 00:00:00+09:00,580.5753014605979,610.2638111943785,580.5753014605979,606.965087890625,11000,0.0,0.0
2006-01-20 00:00:00+09:00,612.2430451766305,620.1599811056386,606.965087890625,606.965087890625,7000,0.0,0.0
2006-01-23 00:00:00+09:00,600.3676846964976,600.3676846964976,586.5130458188861,587.1727905273438,6000,0.0,0.0
2006-01-24 00:00:00+09:00,590.4714218384443,616.8612060546875,590.4714218384443,616.8612060546875,6000,0.0,0.0
2006-01-25 00:00:00+09:00,620.1599290817179,620.819673687124,616.2014614492815,616.8612060546875,8000,0.0,0.0
2006-01-26 00:00:00+09:00,620.1600341796875,620.8197788969,620.1600341796875,620.1600341796875,4000,0.0,0.0
2006-01-27 00:00:00+09:00,616.8612060546875,620.819673687124,616.8612060546875,616.8612060546875,0,0.0,0.0
2006-01-30 00:00:00+09:00,620.1600341796875,620.1600341796875,619.500289462475,620.1600341796875,4000,0.0,0.0
2006-01-31 00:00:00+09:00,620.1600341796875,620.1600341796875,620.1600341796875,620.1600341796875,1000,0.0,0.0
2006-02-01 00:00:00+09:00,600.3676846964976,600.3676846964976,587.1727905273438,587.1727905273438,3000,0.0,0.0
2006-02-02 00:00:00+09:00,587.1727905273438,616.8613024079398,587.1727905273438,587.1727905273438,0,0.0,0.0
2006-02-03 00:00:00+09:00,593.7701869884156,600.3676335105092,593.7701869884156,594.429931640625,9000,0.0,0.0
2006-02-06 00:00:00+09:00,593.7701416015625,607.6247782389323,593.7701416015625,593.7701416015625,0,0.0,0.0
2006-02-07 00:00:00+09:00,604.3261265155396,604.3261265155396,603.6663818359375,603.6663818359375,3000,0.0,0.0
2006-02-08 00:00:00+09:00,587.1727905273438,603.0066635303283,587.1727905273438,587.1727905273438,0,0.0,0.0
2006-02-09 00:00:00+09:00,580.5753173828125,606.9651045365767,580.5753173828125,580.5753173828125,0,0.0,0.0
2006-02-10 00:00:00+09:00,586.5130458188861,587.1727905273438,586.5130458188861,587.1727905273438,5000,0.0,0.0
2006-02-13 00:00:00+09:00,586.5131225585938,586.5131225585938,586.5131225585938,586.5131225585938,1000,0.0,0.0
2006-02-14 00:00:00+09:00,587.1727996475395,587.1727996475395,573.9779052734375,573.9779052734375,4000,0.0,0.0
2006-02-15 00:00:00+09:00,593.7701416015625,593.7701416015625,593.7701416015625,593.7701416015625,2000,0.0,0.0
2006-02-16 00:00:00+09:00,587.1727905273438,587.1727905273438,587.1727905273438,587.1727905273438,2000,0.0,0.0
2006-02-17 00:00:00+09:00,573.9779052734375,573.9779052734375,573.9779052734375,573.9779052734375,3000,0.0,0.0
2006-02-20 00:00:00+09:00,554.185546875,554.185546875,554.185546875,554.185546875,1000,0.0,0.0
2006-02-21 00:00:00+09:00,527.7958622685185,534.393310546875,527.7958622685185,534.393310546875,2000,0.0,0.0
2006-02-22 00:00:00+09:00,540.99072265625,540.99072265625,540.99072265625,540.99072265625,1000,0.0,0.0
2006-02-23 00:00:00+09:00,514.600830078125,547.5880627754407,514.600830078125,514.600830078125,0,0.0,0.0
2006-02-24 00:00:00+09:00,540.9905667592244,550.8867356633565,514.6007830148719,547.5880126953125,6000,0.0,0.0
2006-02-27 00:00:00+09:00,548.9075927734375,548.9075927734375,548.2478480705848,548.9075927734375,4000,0.0,0.0
2006-02-28 00:00:00+09:00,527.1360473632812,554.8453264487102,527.1360473632812,527.1360473632812,0,0.0,0.0
2006-03-01 00:00:00+09:00,547.5880126953125,547.5880126953125,547.5880126953125,547.5880126953125,4000,0.0,0.0
2006-03-02 00:00:00+09:00,527.7957763671875,548.247862701416,527.7957763671875,527.7957763671875,0,0.0,0.0
2006-03-03 00:00:00+09:00,514.600830078125,547.5880627754407,514.600830078125,514.600830078125,0,0.0,0.0
2006-03-06 00:00:00+09:00,537.6919555664062,537.6919555664062,537.6919555664062,537.6919555664062,1000,0.0,0.0
2006-03-07 00:00:00+09:00,527.7957763671875,547.588117980957,527.7957763671875,527.7957763671875,0,0.0,0.0
2006-03-08 00:00:00+09:00,527.1360473632812,548.2478790474177,527.1360473632812,527.1360473632812,0,0.0,0.0
2006-03-09 00:00:00+09:00,548.247802734375,548.247802734375,548.247802734375,548.247802734375,1000,0.0,0.0
2006-03-10 00:00:00+09:00,537.0322875976562,554.1856530491784,537.0322875976562,537.0322875976562,0,0.0,0.0
2006-03-13 00:00:00+09:00,537.0322875976562,560.783101299764,537.0322875976562,537.0322875976562,0,0.0,0.0
2006-03-14 00:00:00+09:00,548.247802734375,567.380397534973,548.247802734375,548.247802734375,0,0.0,0.0
2006-03-15 00:00:00+09:00,548.247802734375,548.247802734375,548.247802734375,548.247802734375,1000,0.0,0.0
2006-03-16 00:00:00+09:00,540.99072265625,567.3805140053354,540.99072265625,540.99072265625,0,0.0,0.0
2006-03-17 00:00:00+09:00,547.5880126953125,567.3803505035768,547.5880126953125,547.5880126953125,0,0.0,0.0
2006-03-20 00:00:00+09:00,547.5880126953125,567.3803505035768,547.5880126953125,547.5880126953125,0,0.0,0.0
2006-03-21 00:00:00+09:00,547.5880126953125,547.5880126953125,547.5880126953125,547.5880126953125,0,0.0,0.0
2006-03-22 00:00:00+09:00,550.8868860856197,551.546630859375,550.8868860856197,551.546630859375,4000,0.0,0.0
2006-03-23 00:00:00+09:00,540.9905667592244,548.9075018825301,540.9905667592244,547.5880126953125,3000,0.0,0.0
2006-03-24 00:00:00+09:00,535.052978515625,548.2478731769228,535.052978515625,535.052978515625,0,0.0,0.0
2006-03-27 00:00:00+09:00,548.2479152772485,548.2479152772485,536.3725091701601,540.99072265625,10000,0.0,0.0
2006-03-28 00:00:00+09:00,524.861674225636,524.861674225636,524.1896362304688,524.1896362304688,2000,15.0,0.0
2006-03-29 00:00:00+09:00,557.7915649414062,557.7915649414062,557.7915649414062,557.7915649414062,1000,0.0,0.0
2006-03-30 00:00:00+09:00,545.6948416785038,554.4313354492188,545.6948416785038,554.4313354492188,2000,0.0,0.0
2006-03-31 00:00:00+09:00,561.1517944335938,561.1517944335938,561.1517944335938,561.1517944335938,1000,0.0,0.0
2006-04-03 00:00:00+09:00,557.7916040477638,561.1517944335938,557.7916040477638,561.1517944335938,6000,0.0,0.0
2006-04-04 00:00:00+09:00,561.1517944335938,561.1517944335938,561.1517944335938,561.1517944335938,1000,0.0,0.0
2006-04-05 00:00:00+09:00,557.1195678710938,571.2323675397222,557.1195678710938,557.1195678710938,0,0.0,0.0
2006-04-06 00:00:00+09:00,559.8076782226562,571.904362746075,559.8076782226562,559.8076782226562,0,0.0,0.0
2006-04-07 00:00:00+09:00,559.8076782226562,571.904362746075,559.8076782226562,559.8076782226562,0,0.0,0.0
2006-04-10 00:00:00+09:00,564.512100758272,571.2324829101562,564.512100758272,571.2324829101562,8000,0.0,0.0
2006-04-11 00:00:00+09:00,567.8720703125,567.8720703125,567.2000323594675,567.8720703125,4000,0.0,0.0
2006-04-12 00:00:00+09:00,567.8720703125,578.6246775610208,567.8720703125,567.8720703125,0,0.0,0.0
2006-04-13 00:00:00+09:00,547.7110595703125,571.9044315267926,547.7110595703125,547.7110595703125,0,0.0,0.0
2006-04-14 00:00:00+09:00,547.7110595703125,570.5603553069881,547.7110595703125,547.7110595703125,0,0.0,0.0
2006-04-17 00:00:00+09:00,573.9203693233735,574.5924072265625,573.9203693233735,574.5924072265625,4000,0.0,0.0
2006-04-18 00:00:00+09:00,569.8882494823042,571.2323255424039,557.7915649414062,557.7915649414062,4000,0.0,0.0
2006-04-19 00:00:00+09:00,550.3991088867188,574.5924763103108,550.3991088867188,550.3991088867188,0,0.0,0.0
2006-04-20 00:00:00+09:00,550.3991088867188,573.920438326322,550.3991088867188,550.3991088867188,0,0.0,0.0
2006-04-21 00:00:00+09:00,551.0712280273438,564.5119896865473,551.0712280273438,551.0712280273438,0,0.0,0.0
2006-04-24 00:00:00+09:00,527.5498657226562,557.7915777704518,527.5498657226562,527.5498657226562,0,0.0,0.0
2006-04-25 00:00:00+09:00,567.2000973621047,567.8721353921545,557.7915649414062,557.7915649414062,3000,0.0,0.0
2006-04-26 00:00:00+09:00,537.6304321289062,551.74323097229,537.6304321289062,537.6304321289062,0,0.0,0.0
2006-04-27 00:00:00+09:00,537.6304321289062,551.74323097229,537.6304321289062,537.6304321289062,0,0.0,0.0
2006-04-28 00:00:00+09:00,537.6304321289062,550.3991548919678,537.6304321289062,537.6304321289062,0,0.0,0.0
2006-05-01 00:00:00+09:00,537.6304321289062,551.0711929321288,537.6304321289062,537.6304321289062,0,0.0,0.0
2006-05-02 00:00:00+09:00,534.2701416015625,550.399051536704,534.2701416015625,534.2701416015625,0,0.0,0.0
2006-05-03 00:00:00+09:00,534.2701416015625,534.2701416015625,534.2701416015625,534.2701416015625,0,0.0,0.0
2006-05-04 00:00:00+09:00,534.2701416015625,534.2701416015625,534.2701416015625,534.2701416015625,0,0.0,0.0
2006-05-05 00:00:00+09:00,534.2701416015625,534.2701416015625,534.2701416015625,534.2701416015625,0,0.0,0.0
2006-05-08 00:00:00+09:00,534.9421997070312,550.3990723116315,534.9421997070312,534.9421997070312,0,0.0,0.0
2006-05-09 00:00:00+09:00,535.6143188476562,550.3991557543669,535.6143188476562,535.6143188476562,0,0.0,0.0
2006-05-10 00:00:00+09:00,540.99072265625,550.3992569633152,540.99072265625,540.99072265625,0,0.0,0.0
2006-05-11 00:00:00+09:00,550.3991878895278,604.8342724060744,550.3991878895278,598.1138916015625,18000,0.0,0.0
2006-05-12 00:00:00+09:00,604.8343838013956,605.5064220056194,584.6732376746825,585.3452758789062,5000,0.0,0.0
2006-05-15 00:00:00+09:00,577.9526977539062,577.9526977539062,577.9526977539062,577.9526977539062,1000,0.0,0.0
2006-05-16 00:00:00+09:00,564.5119219586059,565.1839599609375,564.5119219586059,565.1839599609375,2000,0.0,0.0
2006-05-17 00:00:00+09:00,565.1839599609375,565.1839599609375,565.1839599609375,565.1839599609375,1000,0.0,0.0
2006-05-18 00:00:00+09:00,551.0712480254643,551.7432861328125,551.0712480254643,551.7432861328125,2000,0.0,0.0
2006-05-19 00:00:00+09:00,540.99072265625,551.743333292896,540.99072265625,540.99072265625,0,0.0,0.0
2006-05-22 00:00:00+09:00,544.3507760854867,545.022814080654,523.5175982353014,524.1896362304688,14000,0.0,0.0
2006-05-23 00:00:00+09:00,490.58776855468744,524.189670510488,490.58776855468744,490.5877685546875,0,0.0,0.0
2006-05-24 00:00:00+09:00,514.109130859375,514.109130859375,514.109130859375,514.109130859375,1000,0.0,0.0
2006-05-25 00:00:00+09:00,524.1896932501542,524.8617313184236,510.7489318847656,510.7489318847656,9000,0.0,0.0
2006-05-26 00:00:00+09:00,510.7489318847656,510.7489318847656,510.7489318847656,510.7489318847656,1000,0.0,0.0
2006-05-29 00:00:00+09:00,490.58776855468744,517.4692901193279,490.58776855468744,490.5877685546875,0,0.0,0.0
2006-05-30 00:00:00+09:00,493.9479064941407,514.1090455347178,493.9479064941407,493.9479064941406,0,0.0,0.0
2006-05-31 00:00:00+09:00,493.2759399414062,511.42096770491844,493.2759399414062,493.27593994140625,0,0.0,0.0
2006-06-01 00:00:00+09:00,493.9479064941407,511.4208936626409,493.9479064941407,493.9479064941406,0,0.0,0.0
2006-06-02 00:00:00+09:00,493.2760289372624,497.30825805664057,489.2437998178843,497.3082580566406,6000,0.0,0.0
2006-06-05 00:00:00+09:00,474.45886230468744,504.0285364426567,474.45886230468744,474.4588623046875,0,0.0,0.0
2006-06-06 00:00:00+09:00,474.45886230468744,490.5877754708525,474.45886230468744,474.4588623046875,0,0.0,0.0
2006-06-07 00:00:00+09:00,474.45886230468744,490.5877754708525,474.45886230468744,474.4588623046875,0,0.0,0.0
2006-06-08 00:00:00+09:00,483.1953021155463,483.8673400878906,483.1953021155463,483.8673400878906,2000,0.0,0.0
2006-06-09 00:00:00+09:00,472.44274902343744,490.5877763685766,472.44274902343744,472.4427490234375,0,0.0,0.0
2006-06-12 00:00:00+09:00,472.44274902343744,490.5877763685766,472.44274902343744,472.4427490234375,0,0.0,0.0
2006-06-13 00:00:00+09:00,471.0987854003906,487.227702446909,471.0987854003906,471.0987854003906,0,0.0,0.0
2006-06-14 00:00:00+09:00,471.0987854003906,487.227702446909,471.0987854003906,471.0987854003906,0,0.0,0.0
2006-06-15 00:00:00+09:00,472.44274902343744,487.22758611947677,472.44274902343744,472.4427490234375,0,0.0,0.0
2006-06-16 00:00:00+09:00,490.58776855468744,490.58776855468744,490.58776855468744,490.5877685546875,1000,0.0,0.0
2006-06-19 00:00:00+09:00,480.50715022616913,483.8673400878906,480.50715022616913,483.8673400878906,2000,0.0,0.0
2006-06-20 00:00:00+09:00,483.8673400878906,487.22752994961206,483.8673400878906,483.8673400878906,0,0.0,0.0
2006-06-21 00:00:00+09:00,487.2275390625,487.2275390625,487.2275390625,487.2275390625,2000,0.0,0.0
2006-06-22 00:00:00+09:00,483.8673400878906,504.0284792582194,483.8673400878906,483.8673400878906,0,0.0,0.0
2006-06-23 00:00:00+09:00,480.50717163085943,497.3081216878825,480.50717163085943,480.5071716308594,0,0.0,0.0
2006-06-26 00:00:00+09:00,479.8351336285785,480.50717163085943,479.8351336285785,480.5071716308594,2000,0.0,0.0
2006-06-27 00:00:00+09:00,482.5234349750078,483.867511395551,471.0987854003906,471.0987854003906,9000,0.0,0.0
2006-06-28 00:00:00+09:00,473.7868041992187,473.7868041992187,473.7868041992187,473.78680419921875,1000,0.0,0.0
2006-06-29 00:00:00+09:00,470.42669677734375,490.5878409249442,470.42669677734375,470.42669677734375,0,0.0,0.0
2006-06-30 00:00:00+09:00,470.42669677734375,487.2276502336775,470.42669677734375,470.42669677734375,0,0.0,0.0
2006-07-03 00:00:00+09:00,467.06640625,487.2275460881295,467.06640625,467.06640625,0,0.0,0.0
2006-07-04 00:00:00+09:00,483.867349137931,487.2275390625,483.867349137931,487.2275390625,2000,0.0,0.0
2006-07-05 00:00:00+09:00,480.50717163085943,496.63608368560153,480.50717163085943,480.5071716308594,0,0.0,0.0
2006-07-06 00:00:00+09:00,477.1470031738282,493.947953989808,477.1470031738282,477.1470031738281,0,0.0,0.0
2006-07-07 00:00:00+09:00,470.42669677734375,490.5878409249442,470.42669677734375,470.42669677734375,0,0.0,0.0
2006-07-10 00:00:00+09:00,477.1470031738282,477.1470031738282,477.1470031738282,477.1470031738281,2000,0.0,0.0
2006-07-11 00:00:00+09:00,470.42669677734375,490.5878409249442,470.42669677734375,470.42669677734375,0,0.0,0.0
2006-07-12 00:00:00+09:00,470.42669677734375,504.02860369001115,470.42669677734375,470.42669677734375,0,0.0,0.0
2006-07-13 00:00:00+09:00,470.42669677734375,470.42669677734375,470.42669677734375,470.42669677734375,1000,0.0,0.0
2006-07-14 00:00:00+09:00,469.7546586390904,470.42669677734375,469.7546586390904,470.42669677734375,2000,0.0,0.0
2006-07-17 00:00:00+09:00,470.42669677734375,470.42669677734375,470.42669677734375,470.42669677734375,0,0.0,0.0
2006-07-18 00:00:00+09:00,459.67407226562494,473.78687272992045,459.67407226562494,459.674072265625,0,0.0,0.0
2006-07-19 00:00:00+09:00,460.34603881835943,460.34603881835943,460.34603881835943,460.3460388183594,1000,0.0,0.0
2006-07-20 00:00:00+09:00,470.42669677734375,470.42669677734375,470.42669677734375,470.42669677734375,1000,0.0,0.0
2006-07-21 00:00:00+09:00,456.9858657374526,456.9858657374526,443.5451049804687,443.54510498046875,3000,0.0,0.0
2006-07-24 00:00:00+09:00,443.5451049804687,443.5451049804687,443.5451049804687,443.54510498046875,1000,0.0,0.0
2006-07-25 00:00:00+09:00,465.05029296875,465.7223309643696,465.05029296875,465.05029296875,3000,0.0,0.0
2006-07-26 00:00:00+09:00,487.8995971679688,501.3403574205299,487.2275591553407,487.89959716796875,22000,0.0,0.0
2006-07-27 00:00:00+09:00,480.50717163085943,493.9479316764779,480.50717163085943,480.5071716308594,0,0.0,0.0
2006-07-28 00:00:00+09:00,480.50717163085943,493.9479316764779,480.50717163085943,480.5071716308594,0,0.0,0.0
2006-07-31 00:00:00+09:00,480.50717163085943,501.340349701568,480.50717163085943,480.5071716308594,0,0.0,0.0
2006-08-01 00:00:00+09:00,480.50717163085943,500.6683116992871,480.50717163085943,480.5071716308594,0,0.0,0.0
2006-08-02 00:00:00+09:00,480.50717163085943,500.6683116992871,480.50717163085943,480.5071716308594,0,0.0,0.0
2006-08-03 00:00:00+09:00,477.1470031738282,497.308144153004,477.1470031738282,477.1470031738281,0,0.0,0.0
2006-08-04 00:00:00+09:00,477.1470031738282,497.308144153004,477.1470031738282,477.1470031738281,0,0.0,0.0
2006-08-07 00:00:00+09:00,477.1470031738282,497.308144153004,477.1470031738282,477.1470031738281,0,0.0,0.0
2006-08-08 00:00:00+09:00,477.1470031738282,501.34037234883914,477.1470031738282,477.1470031738281,0,0.0,0.0
2006-08-09 00:00:00+09:00,477.1470031738282,501.34037234883914,477.1470031738282,477.1470031738281,0,0.0,0.0
2006-08-10 00:00:00+09:00,477.1470031738282,497.308144153004,477.1470031738282,477.1470031738281,0,0.0,0.0
2006-08-11 00:00:00+09:00,470.42669677734375,487.89968837193084,470.42669677734375,470.42669677734375,0,0.0,0.0
2006-08-14 00:00:00+09:00,470.42669677734375,487.89968837193084,470.42669677734375,470.42669677734375,0,0.0,0.0
2006-08-15 00:00:00+09:00,470.42669677734375,487.89968837193084,470.42669677734375,470.42669677734375,0,0.0,0.0
2006-08-16 00:00:00+09:00,470.42669677734375,488.5717265101842,470.42669677734375,470.42669677734375,0,0.0,0.0
2006-08-17 00:00:00+09:00,480.50717163085943,480.50717163085943,480.50717163085943,480.5071716308594,1000,0.0,0.0
2006-08-18 00:00:00+09:00,473.7868041992187,487.22756460203345,473.7868041992187,473.78680419921875,0,0.0,0.0
2006-08-21 00:00:00+09:00,476.47491455078125,487.2275219313349,476.47491455078125,476.47491455078125,0,0.0,0.0
2006-08-22 00:00:00+09:00,487.2275390625,487.2275390625,487.2275390625,487.2275390625,1000,0.0,0.0
2006-08-23 00:00:00+09:00,477.14696928879306,487.2275390625,477.14696928879306,487.2275390625,2000,0.0,0.0
2006-08-24 00:00:00+09:00,497.30825805664057,497.30825805664057,497.30825805664057,497.3082580566406,1000,0.0,0.0
2006-08-25 00:00:00+09:00,494.6199790754068,536.9583740234375,494.6199790754068,536.9583740234375,4000,0.0,0.0
2006-08-28 00:00:00+09:00,504.0285339355469,536.9583981526692,504.0285339355469,504.0285339355469,0,0.0,0.0
2006-08-29 00:00:00+09:00,510.07690429687506,534.9423133337451,510.07690429687506,510.076904296875,0,0.0,0.0
2006-08-30 00:00:00+09:00,510.07690429687506,534.9423133337451,510.07690429687506,510.076904296875,0,0.0,0.0
2006-08-31 00:00:00+09:00,520.8294677734375,520.8294677734375,520.8294677734375,520.8294677734375,1000,0.0,0.0
2006-09-01 00:00:00+09:00,496.6362198700776,497.30825805664057,496.6362198700776,497.3082580566406,2000,0.0,0.0
2006-09-04 00:00:00+09:00,490.58776855468744,504.0285293370077,490.58776855468744,490.5877685546875,0,0.0,0.0
2006-09-05 00:00:00+09:00,490.58776855468744,504.0285293370077,490.58776855468744,490.5877685546875,0,0.0,0.0
2006-09-06 00:00:00+09:00,487.2275390625,510.7488685344827,487.2275390625,487.2275390625,0,0.0,0.0
2006-09-07 00:00:00+09:00,487.2275390625,510.7488685344827,487.2275390625,487.2275390625,0,0.0,0.0
2006-09-08 00:00:00+09:00,487.2275390625,504.0284886853448,487.2275390625,487.2275390625,0,0.0,0.0
2006-09-11 00:00:00+09:00,487.2275390625,504.0284886853448,487.2275390625,487.2275390625,0,0.0,0.0
2006-09-12 00:00:00+09:00,487.2275390625,504.0284886853448,487.2275390625,487.2275390625,0,0.0,0.0
2006-09-13 00:00:00+09:00,487.2275390625,487.2275390625,487.2275390625,487.2275390625,1000,0.0,0.0
2006-09-14 00:00:00+09:00,487.2275390625,497.3081088362069,487.2275390625,487.2275390625,0,0.0,0.0
2006-09-15 00:00:00+09:00,487.2275390625,497.3081088362069,487.2275390625,487.2275390625,0,0.0,0.0
2006-09-18 00:00:00+09:00,487.2275390625,487.2275390625,487.2275390625,487.2275390625,0,0.0,0.0
2006-09-19 00:00:00+09:00,487.2275390625,497.3081088362069,487.2275390625,487.2275390625,0,0.0,0.0
2006-09-20 00:00:00+09:00,487.22752994961206,487.22752994961206,483.8673400878906,483.8673400878906,5000,0.0,0.0
2006-09-21 00:00:00+09:00,456.98590087890625,487.22761490765737,456.98590087890625,456.98590087890625,0,0.0,0.0
2006-09-22 00:00:00+09:00,450.2654418945313,487.2275304082615,450.2654418945313,450.26544189453125,0,0.0,0.0
2006-09-25 00:00:00+09:00,493.2759399414062,493.2759399414062,493.2759399414062,493.27593994140625,1000,0.0,0.0
2006-09-26 00:00:00+09:00,477.1470031738282,493.947953989808,477.1470031738282,477.1470031738281,0,0.0,0.0
2006-09-27 00:00:00+09:00,471.0986654203232,490.58776855468744,471.0986654203232,490.5877685546875,3000,0.0,0.0
2006-09-28 00:00:00+09:00,470.42669677734375,493.948031616211,470.42669677734375,470.42669677734375,0,0.0,0.0
2006-09-29 00:00:00+09:00,470.42669677734375,493.948031616211,470.42669677734375,470.42669677734375,0,0.0,0.0
2006-10-02 00:00:00+09:00,470.42669677734375,493.2759934779576,470.42669677734375,470.42669677734375,0,0.0,0.0
2006-10-03 00:00:00+09:00,470.42669677734375,493.2759934779576,470.42669677734375,470.42669677734375,0,0.0,0.0
2006-10-04 00:00:00+09:00,477.1470031738282,490.58776382661205,477.1470031738282,477.1470031738281,0,0.0,0.0
2006-10-05 00:00:00+09:00,477.1470031738282,490.58776382661205,477.1470031738282,477.1470031738281,0,0.0,0.0
2006-10-06 00:00:00+09:00,477.1470031738282,490.58776382661205,477.1470031738282,477.1470031738281,0,0.0,0.0
2006-10-09 00:00:00+09:00,477.1470031738282,477.1470031738282,477.1470031738282,477.1470031738281,0,0.0,0.0
2006-10-10 00:00:00+09:00,477.1470031738282,490.58776382661205,477.1470031738282,477.1470031738281,0,0.0,0.0
2006-10-11 00:00:00+09:00,470.42669677734375,470.42669677734375,470.42669677734375,470.42669677734375,1000,0.0,0.0
2006-10-12 00:00:00+09:00,453.62567138671875,470.42662217881946,453.62567138671875,453.62567138671875,0,0.0,0.0
2006-10-13 00:00:00+09:00,450.2654418945313,470.42658108383864,450.2654418945313,450.26544189453125,0,0.0,0.0
2006-10-16 00:00:00+09:00,450.2654418945313,471.09861905681555,450.2654418945313,450.26544189453125,0,0.0,0.0
2006-10-17 00:00:00+09:00,443.5451049804687,470.4266264944365,443.5451049804687,443.54510498046875,0,0.0,0.0
2006-10-18 00:00:00+09:00,443.5451049804687,470.4266264944365,443.5451049804687,443.54510498046875,0,0.0,0.0
2006-10-19 00:00:00+09:00,443.5451136997768,446.9053039550781,443.5451136997768,446.9053039550781,2000,0.0,0.0
2006-10-20 00:00:00+09:00,436.8247375488281,470.4266404371995,436.8247375488281,436.8247375488281,0,0.0,0.0
2006-10-23 00:00:00+09:00,442.87298583984375,450.26540290242076,442.87298583984375,442.87298583984375,0,0.0,0.0
2006-10-24 00:00:00+09:00,442.87298583984375,450.26540290242076,442.87298583984375,442.87298583984375,0,0.0,0.0
2006-10-25 00:00:00+09:00,456.98590087890625,456.98590087890625,456.98590087890625,456.98590087890625,1000,0.0,0.0
2006-10-26 00:00:00+09:00,446.2332458496094,456.98585418333494,446.2332458496094,446.2332458496094,0,0.0,0.0
2006-10-27 00:00:00+09:00,443.5451049804687,456.9858657374526,443.5451049804687,443.54510498046875,0,0.0,0.0
2006-10-30 00:00:00+09:00,442.87298583984375,460.34597162411677,442.87298583984375,442.87298583984375,0,0.0,0.0
2006-10-31 00:00:00+09:00,442.87298583984375,460.34597162411677,442.87298583984375,442.87298583984375,0,0.0,0.0
2006-11-01 00:00:00+09:00,442.87298583984375,460.34597162411677,442.87298583984375,442.87298583984375,0,0.0,0.0
2006-11-02 00:00:00+09:00,443.5451049804687,460.34605592669857,443.5451049804687,443.54510498046875,0,0.0,0.0
2006-11-03 00:00:00+09:00,443.5451049804687,443.5451049804687,443.5451049804687,443.54510498046875,0,0.0,0.0
2006-11-06 00:00:00+09:00,460.34606583320254,471.09867467018245,460.34606583320254,468.4105224609375,4000,0.0,0.0
2006-11-07 00:00:00+09:00,469.754638671875,469.754638671875,469.754638671875,469.754638671875,1000,0.0,0.0
2006-11-08 00:00:00+09:00,460.34603881835943,460.34603881835943,460.34603881835943,460.3460388183594,2000,0.0,0.0
2006-11-09 00:00:00+09:00,477.1470031738282,477.1470031738282,477.1470031738282,477.1470031738281,1000,0.0,0.0
2006-11-10 00:00:00+09:00,463.7062072753906,477.8190048881199,463.7062072753906,463.7062072753906,0,0.0,0.0
2006-11-13 00:00:00+09:00,450.2654418945313,477.8189987865847,450.2654418945313,450.26544189453125,0,0.0,0.0
2006-11-14 00:00:00+09:00,436.8247375488281,457.6579173396184,436.8247375488281,436.8247375488281,0,0.0,0.0
2006-11-15 00:00:00+09:00,443.5451390883502,456.98590087890625,443.5451390883502,456.98590087890625,4000,0.0,0.0
2006-11-16 00:00:00+09:00,442.87298583984375,477.1469194936101,442.87298583984375,442.87298583984375,0,0.0,0.0
2006-11-17 00:00:00+09:00,450.2654418945313,470.42658108383864,450.2654418945313,450.26544189453125,0,0.0,0.0
2006-11-20 00:00:00+09:00,450.2654418945313,470.42658108383864,450.2654418945313,450.26544189453125,0,0.0,0.0
2006-11-21 00:00:00+09:00,443.5451049804687,457.6579037753018,443.5451049804687,443.54510498046875,0,0.0,0.0
2006-11-22 00:00:00+09:00,443.5451049804687,457.6579037753018,443.5451049804687,443.54510498046875,0,0.0,0.0
2006-11-23 00:00:00+09:00,443.5451049804687,443.5451049804687,443.5451049804687,443.54510498046875,0,0.0,0.0
2006-11-24 00:00:00+09:00,473.114766179078,473.7868041992187,473.114766179078,473.78680419921875,3000,0.0,0.0
2006-11-27 00:00:00+09:00,456.98590087890625,473.1148150275735,456.98590087890625,456.98590087890625,0,0.0,0.0
2006-11-28 00:00:00+09:00,470.42669677734375,470.42669677734375,470.42669677734375,470.42669677734375,1000,0.0,0.0
2006-11-29 00:00:00+09:00,456.98590087890625,456.98590087890625,456.98590087890625,456.98590087890625,1000,0.0,0.0
2006-11-30 00:00:00+09:00,436.8247375488281,462.3621837439904,436.8247375488281,436.8247375488281,0,0.0,0.0
2006-12-01 00:00:00+09:00,443.5451049804687,463.70624611594457,443.5451049804687,443.54510498046875,0,0.0,0.0
2006-12-04 00:00:00+09:00,450.2654418945313,463.70620135406955,450.2654418945313,450.26544189453125,0,0.0,0.0
2006-12-05 00:00:00+09:00,443.5451049804687,463.70624611594457,443.5451049804687,443.54510498046875,0,0.0,0.0
2006-12-06 00:00:00+09:00,443.5451049804687,450.93752339680987,443.5451049804687,443.54510498046875,0,0.0,0.0
2006-12-07 00:00:00+09:00,443.5451049804687,450.93752339680987,443.5451049804687,443.54510498046875,0,0.0,0.0
2006-12-08 00:00:00+09:00,450.9374798675082,450.9374798675082,450.2654418945313,450.26544189453125,3000,0.0,0.0
2006-12-11 00:00:00+09:00,450.2656143575063,450.9376525878906,450.2656143575063,450.9376525878906,4000,0.0,0.0
2006-12-12 00:00:00+09:00,462.3622026374274,463.03424072265625,462.3622026374274,463.03424072265625,2000,0.0,0.0
2006-12-13 00:00:00+09:00,451.60955810546875,483.8673836844308,451.60955810546875,451.60955810546875,0,0.0,0.0
2006-12-14 00:00:00+09:00,456.98590087890625,477.14704356474033,456.98590087890625,456.98590087890625,0,0.0,0.0
2006-12-15 00:00:00+09:00,456.98590087890625,477.14704356474033,456.98590087890625,456.98590087890625,0,0.0,0.0
2006-12-18 00:00:00+09:00,446.9053039550781,464.3782932826451,446.9053039550781,446.9053039550781,0,0.0,0.0
2006-12-19 00:00:00+09:00,450.9374798675082,450.9374798675082,450.2654418945313,450.26544189453125,2000,0.0,0.0
2006-12-20 00:00:00+09:00,436.8247375488281,455.6418031663161,436.8247375488281,436.8247375488281,0,0.0,0.0
2006-12-21 00:00:00+09:00,436.8247375488281,455.6418031663161,436.8247375488281,436.8247375488281,0,0.0,0.0
2006-12-22 00:00:00+09:00,436.1527404785156,455.64184598525975,436.1527404785156,436.1527404785156,0,0.0,0.0
2006-12-25 00:00:00+09:00,454.96964640238474,455.6416842848107,443.54500240114317,448.249267578125,13000,0.0,0.0
2006-12-26 00:00:00+09:00,448.2493712454131,448.2493712454131,443.5451049804687,443.54510498046875,9000,0.0,0.0
2006-12-27 00:00:00+09:00,423.38393261718755,423.38393261718755,420.0237426757813,420.02374267578125,3000,0.0,0.0
2006-12-28 00:00:00+09:00,421.3678497314453,443.5451049804687,421.3678497314453,443.54510498046875,6000,0.0,0.0
2006-12-29 00:00:00+09:00,436.8247375488281,436.8247375488281,436.8247375488281,436.8247375488281,2000,0.0,0.0
2007-01-04 00:00:00+09:00,430.7763977050781,456.9858821208317,430.7763977050781,430.7763977050781,0,0.0,0.0
2007-01-05 00:00:00+09:00,433.46455860433196,434.1365966796875,433.46455860433196,434.1365966796875,2000,0.0,0.0
2007-01-09 00:00:00+09:00,430.10437400477707,430.10437400477707,422.0399169921875,422.0399169921875,4000,0.0,0.0
2007-01-10 00:00:00+09:00,419.3517150878906,427.4161711472732,419.3517150878906,419.3517150878906,0,0.0,0.0
2007-01-11 00:00:00+09:00,427.4161682128906,427.4161682128906,427.4161682128906,427.4161682128906,1000,0.0,0.0
2007-01-12 00:00:00+09:00,423.3840637207031,433.4646366664341,423.3840637207031,423.3840637207031,0,0.0,0.0
2007-01-15 00:00:00+09:00,432.7925005299176,433.46453857421875,432.7925005299176,433.46453857421875,2000,0.0,0.0
2007-01-16 00:00:00+09:00,433.46455860433196,434.1365966796875,433.46455860433196,434.1365966796875,12000,0.0,0.0
2007-01-17 00:00:00+09:00,429.4322814941406,436.8246994854326,429.4322814941406,429.4322814941406,0,0.0,0.0
2007-01-18 00:00:00+09:00,436.8247375488281,436.8247375488281,436.8247375488281,436.8247375488281,1000,0.0,0.0
2007-01-19 00:00:00+09:00,446.23328881575816,446.90532690132403,441.5290222167969,441.5290222167969,4000,0.0,0.0
2007-01-22 00:00:00+09:00,456.31386278937845,457.65793896843405,456.31386278937845,456.98590087890625,7000,0.0,0.0
2007-01-23 00:00:00+09:00,446.90526303586296,447.5773010253906,446.90526303586296,447.5773010253906,2000,0.0,0.0
2007-01-24 00:00:00+09:00,460.34611038297237,460.34611038297237,459.67407226562494,459.674072265625,2000,0.0,0.0
2007-01-25 00:00:00+09:00,473.1147155761719,473.1147155761719,473.1147155761719,473.1147155761719,1000,0.0,0.0
2007-01-26 00:00:00+09:00,467.0664722218233,467.0664722218233,456.31386278937845,456.98590087890625,3000,0.0,0.0
2007-01-29 00:00:00+09:00,469.7546586390904,470.42669677734375,469.7546586390904,470.42669677734375,2000,0.0,0.0
2007-01-30 00:00:00+09:00,450.2654418945313,450.2654418945313,450.2654418945313,450.26544189453125,1000,0.0,0.0
2007-01-31 00:00:00+09:00,450.2654418945313,450.2654418945313,450.2654418945313,450.26544189453125,3000,0.0,0.0
2007-02-01 00:00:00+09:00,446.9053039550781,446.9053039550781,446.9053039550781,446.9053039550781,2000,0.0,0.0
2007-02-02 00:00:00+09:00,441.5290126654938,442.87308880755006,440.1849365234375,440.1849365234375,3000,0.0,0.0
2007-02-05 00:00:00+09:00,449.59344732111146,449.59344732111146,443.5451049804687,443.54510498046875,3000,0.0,0.0
2007-02-06 00:00:00+09:00,436.8247375488281,450.26549870417665,436.8247375488281,436.8247375488281,0,0.0,0.0
2007-02-07 00:00:00+09:00,437.49681245974085,444.2171936035156,437.49681245974085,444.2171936035156,2000,0.0,0.0
2007-02-08 00:00:00+09:00,436.1527404785156,456.9859222271042,436.1527404785156,436.1527404785156,0,0.0,0.0
2007-02-09 00:00:00+09:00,436.1526994910607,436.8247375488281,436.1526994910607,436.8247375488281,2000,0.0,0.0
2007-02-13 00:00:00+09:00,436.8247375488281,436.8247375488281,436.8247375488281,436.8247375488281,2000,0.0,0.0
2007-02-14 00:00:00+09:00,433.46453857421875,450.2654896817466,433.46453857421875,433.46453857421875,0,0.0,0.0
2007-02-15 00:00:00+09:00,436.8247375488281,450.26549870417665,436.8247375488281,436.8247375488281,0,0.0,0.0
2007-02-16 00:00:00+09:00,439.5129699707031,450.2655808568365,439.5129699707031,439.5129699707031,0,0.0,0.0
2007-02-19 00:00:00+09:00,443.54515548913815,444.2171936035156,443.54515548913815,444.2171936035156,6000,0.0,0.0
2007-02-20 00:00:00+09:00,437.4967956542969,447.57736698273686,437.4967956542969,437.4967956542969,0,0.0,0.0
2007-02-21 00:00:00+09:00,439.5129699707031,447.57742813530314,439.5129699707031,439.5129699707031,0,0.0,0.0
2007-02-22 00:00:00+09:00,438.16876220703125,447.5772939108632,438.16876220703125,438.16876220703125,0,0.0,0.0
2007-02-23 00:00:00+09:00,465.7223711261144,466.39440917968744,465.7223711261144,466.3944091796875,4000,0.0,0.0
2007-02-26 00:00:00+09:00,446.9052520296467,450.2654418945313,446.9052520296467,450.26544189453125,2000,0.0,0.0
2007-02-27 00:00:00+09:00,450.9374798675082,450.9374798675082,449.5934039215544,450.26544189453125,5000,0.0,0.0
2007-02-28 00:00:00+09:00,442.87298583984375,446.9052133285221,442.87298583984375,442.87298583984375,0,0.0,0.0
2007-03-01 00:00:00+09:00,437.4967956542969,447.57736698273686,437.4967956542969,437.4967956542969,0,0.0,0.0
2007-03-02 00:00:00+09:00,440.1849365234375,444.2171649496064,440.1849365234375,440.1849365234375,0,0.0,0.0
2007-03-05 00:00:00+09:00,423.3840637207031,440.18501863025483,423.3840637207031,423.3840637207031,0,0.0,0.0
2007-03-06 00:00:00+09:00,436.82471908640525,437.49675711576896,432.1204528808594,432.1204528808594,7000,0.0,0.0
2007-03-07 00:00:00+09:00,423.3840637207031,436.82482764834447,423.3840637207031,423.3840637207031,0,0.0,0.0
2007-03-08 00:00:00+09:00,426.744140625,434.13655880905515,426.744140625,426.744140625,0,0.0,0.0
2007-03-09 00:00:00+09:00,436.8247375488281,436.8247375488281,436.8247375488281,436.8247375488281,1000,0.0,0.0
2007-03-12 00:00:00+09:00,436.8247375488281,436.8247375488281,436.8247375488281,436.8247375488281,1000,0.0,0.0
2007-03-13 00:00:00+09:00,434.13659388418415,440.1849365234375,433.464555813156,440.1849365234375,7000,0.0,0.0
2007-03-14 00:00:00+09:00,434.1365966796875,450.93754856357634,434.1365966796875,434.1365966796875,0,0.0,0.0
2007-03-15 00:00:00+09:00,441.5290222167969,441.5290222167969,441.5290222167969,441.5290222167969,1000,0.0,0.0
2007-03-16 00:00:00+09:00,440.1849365234375,450.2655075888597,440.1849365234375,440.1849365234375,0,0.0,0.0
2007-03-19 00:00:00+09:00,441.5290222167969,470.42665989613056,441.5290222167969,441.5290222167969,0,0.0,0.0
2007-03-20 00:00:00+09:00,436.8247375488281,456.98587928185094,436.8247375488281,436.8247375488281,0,0.0,0.0
2007-03-22 00:00:00+09:00,436.8247375488281,459.67403151292064,436.8247375488281,436.8247375488281,0,0.0,0.0
2007-03-23 00:00:00+09:00,450.2654896817466,450.93752772604773,433.46453857421875,433.46453857421875,3000,0.0,0.0
2007-03-26 00:00:00+09:00,436.8247375488281,436.8247375488281,436.8247375488281,436.8247375488281,1000,0.0,0.0
2007-03-27 00:00:00+09:00,458.83786261326406,481.5389862508019,457.46203693826175,469.15655517578125,17000,15.0,0.0
2007-03-28 00:00:00+09:00,467.7808837890625,467.7808837890625,467.7808837890625,467.7808837890625,1000,0.0,0.0
2007-03-29 00:00:00+09:00,454.0225524902344,471.2203764481978,454.0225524902344,454.0225524902344,0,0.0,0.0
2007-03-30 00:00:00+09:00,447.1434326171875,474.659951547476,447.1434326171875,447.1434326171875,0,0.0,0.0
2007-04-02 00:00:00+09:00,467.7808837890625,467.7808837890625,467.7808837890625,467.7808837890625,1000,0.0,0.0
2007-04-03 00:00:00+09:00,454.0225524902344,474.6599412397905,454.0225524902344,454.0225524902344,0,0.0,0.0
2007-04-04 00:00:00+09:00,454.0225524902344,471.2203764481978,454.0225524902344,454.0225524902344,0,0.0,0.0
2007-04-05 00:00:00+09:00,440.2642822265625,460.9016704559326,440.2642822265625,440.2642822265625,0,0.0,0.0
2007-04-06 00:00:00+09:00,440.2642822265625,461.5895833969116,440.2642822265625,440.2642822265625,0,0.0,0.0
2007-04-09 00:00:00+09:00,440.2642822265625,467.78079986572266,440.2642822265625,440.2642822265625,0,0.0,0.0
2007-04-10 00:00:00+09:00,447.1434326171875,467.78082181490385,447.1434326171875,447.1434326171875,0,0.0,0.0
2007-04-11 00:00:00+09:00,447.1434326171875,467.78082181490385,447.1434326171875,447.1434326171875,0,0.0,0.0
2007-04-12 00:00:00+09:00,439.57635498046875,454.71043918949897,439.57635498046875,439.57635498046875,0,0.0,0.0
2007-04-13 00:00:00+09:00,443.0159606933594,454.71048139489216,443.0159606933594,443.0159606933594,0,0.0,0.0
2007-04-16 00:00:00+09:00,443.0159606933594,447.8313515704611,443.0159606933594,443.0159606933594,0,0.0,0.0
2007-04-17 00:00:00+09:00,440.2642841398903,440.2642841398903,438.8884582519531,438.8884582519531,5000,0.0,0.0
2007-04-18 00:00:00+09:00,418.2510986328125,418.2510986328125,418.2510986328125,418.2510986328125,1000,0.0,0.0
2007-04-19 00:00:00+09:00,426.5060729980469,426.5060729980469,426.5060729980469,426.5060729980469,1000,0.0,0.0
2007-04-20 00:00:00+09:00,419.626953125,433.3852138831967,419.626953125,419.626953125,0,0.0,0.0
2007-04-23 00:00:00+09:00,416.1873474121094,416.1873474121094,416.1873474121094,416.1873474121094,2000,0.0,0.0
2007-04-24 00:00:00+09:00,416.1873474121094,416.1873474121094,416.1873474121094,416.1873474121094,3000,0.0,0.0
2007-04-25 00:00:00+09:00,423.0664978027344,423.0664978027344,423.0664978027344,423.0664978027344,1000,0.0,0.0
2007-04-26 00:00:00+09:00,416.1873474121094,423.7543900923296,416.1873474121094,416.1873474121094,0,0.0,0.0
2007-04-27 00:00:00+09:00,416.1873474121094,429.94560683069153,416.1873474121094,416.1873474121094,0,0.0,0.0
2007-05-01 00:00:00+09:00,416.1873474121094,423.7543900923296,416.1873474121094,416.1873474121094,0,0.0,0.0
2007-05-02 00:00:00+09:00,419.626953125,423.754431352459,419.626953125,419.626953125,0,0.0,0.0
2007-05-07 00:00:00+09:00,413.4357299804687,420.31486026300564,413.4357299804687,413.43572998046875,0,0.0,0.0
2007-05-08 00:00:00+09:00,416.1873474121094,416.1873474121094,416.1873474121094,416.1873474121094,2000,0.0,0.0
2007-05-09 00:00:00+09:00,416.1873474121094,436.82473653998255,416.1873474121094,416.1873474121094,0,0.0,0.0
2007-05-10 00:00:00+09:00,416.1873474121094,436.82473653998255,416.1873474121094,416.1873474121094,0,0.0,0.0
2007-05-11 00:00:00+09:00,416.8752746582031,447.1434464155644,416.8752746582031,416.8752746582031,0,0.0,0.0
2007-05-14 00:00:00+09:00,412.7477722167969,436.82472559611,412.7477722167969,412.7477722167969,0,0.0,0.0
2007-05-15 00:00:00+09:00,409.3082275390625,420.31483533843226,409.3082275390625,409.3082275390625,0,0.0,0.0
2007-05-16 00:00:00+09:00,412.0598449707031,420.31480012871384,412.0598449707031,412.0598449707031,0,0.0,0.0
2007-05-17 00:00:00+09:00,412.7477722167969,420.31481470743813,412.7477722167969,412.7477722167969,0,0.0,0.0
2007-05-18 00:00:00+09:00,412.7477722167969,420.31481470743813,412.7477722167969,412.7477722167969,0,0.0,0.0
2007-05-21 00:00:00+09:00,420.31494140625,447.1435546875,420.31494140625,420.31494140625,0,0.0,0.0
2007-05-22 00:00:00+09:00,426.5060729980469,426.5060729980469,425.8181599770823,426.5060729980469,8000,0.0,0.0
2007-05-23 00:00:00+09:00,419.626953125,429.2577356557377,419.626953125,419.626953125,0,0.0,0.0
2007-05-24 00:00:00+09:00,419.626953125,429.9456486936475,419.626953125,419.626953125,0,0.0,0.0
2007-05-25 00:00:00+09:00,429.9455871582031,429.9455871582031,429.9455871582031,429.9455871582031,3000,0.0,0.0
2007-05-28 00:00:00+09:00,419.626953125,430.63356173155734,419.626953125,419.626953125,0,0.0,0.0
2007-05-29 00:00:00+09:00,419.6270282451923,420.31494140625,419.6270282451923,420.31494140625,2000,0.0,0.0
2007-05-30 00:00:00+09:00,427.8818990399761,427.8818990399761,426.5060729980469,426.5060729980469,2000,0.0,0.0
2007-05-31 00:00:00+09:00,429.9455405043337,430.6334533691406,429.9455405043337,430.6334533691406,2000,0.0,0.0
2007-06-01 00:00:00+09:00,429.9455405043337,430.6334533691406,429.9455405043337,430.6334533691406,2000,0.0,0.0
2007-06-04 00:00:00+09:00,418.2510986328125,437.51266238563943,418.2510986328125,418.2510986328125,0,0.0,0.0
2007-06-05 00:00:00+09:00,418.2510986328125,418.9390116239849,418.2510986328125,418.2510986328125,4000,0.0,0.0
2007-06-06 00:00:00+09:00,418.2511433317939,418.9390563964844,418.2511433317939,418.9390563964844,2000,0.0,0.0
2007-06-07 00:00:00+09:00,418.2510986328125,418.2510986328125,418.2510986328125,418.2510986328125,2000,0.0,0.0
2007-06-08 00:00:00+09:00,414.1236267089844,419.62693071840613,414.1236267089844,414.1236267089844,0,0.0,0.0
2007-06-11 00:00:00+09:00,419.62696946117484,419.62696946117484,418.9390563964844,418.9390563964844,2000,0.0,0.0
2007-06-12 00:00:00+09:00,419.626953125,419.626953125,419.626953125,419.626953125,1000,0.0,0.0
2007-06-13 00:00:00+09:00,421.0026998846605,421.69061279296875,421.0026998846605,421.69061279296875,2000,0.0,0.0
2007-06-14 00:00:00+09:00,421.69061279296875,421.69061279296875,421.69061279296875,421.69061279296875,1000,0.0,0.0
2007-06-15 00:00:00+09:00,419.626953125,426.50608350409834,419.626953125,419.626953125,0,0.0,0.0
2007-06-18 00:00:00+09:00,412.7477722167969,412.7477722167969,412.0598592631022,412.7477722167969,8000,0.0,0.0
2007-06-19 00:00:00+09:00,412.0598592631022,412.7477722167969,412.0598592631022,412.7477722167969,6000,0.0,0.0
2007-06-20 00:00:00+09:00,405.86865234375,420.31482471530717,405.86865234375,405.86865234375,0,0.0,0.0
2007-06-21 00:00:00+09:00,412.0598449707031,427.19392942705616,412.0598449707031,412.0598449707031,0,0.0,0.0
2007-06-22 00:00:00+09:00,412.7477722167969,427.19394424438474,412.7477722167969,412.7477722167969,0,0.0,0.0
2007-06-25 00:00:00+09:00,426.50612289186506,433.38525390625,426.50612289186506,433.38525390625,3000,0.0,0.0
2007-06-26 00:00:00+09:00,425.8181599770823,426.5060729980469,425.8181599770823,426.5060729980469,2000,0.0,0.0
2007-06-27 00:00:00+09:00,417.5632629394531,432.6973515468139,417.5632629394531,417.5632629394531,0,0.0,0.0
2007-06-28 00:00:00+09:00,417.5632629394531,432.6973515468139,417.5632629394531,417.5632629394531,0,0.0,0.0
2007-06-29 00:00:00+09:00,417.5632629394531,433.3852646653303,417.5632629394531,417.5632629394531,0,0.0,0.0
2007-07-02 00:00:00+09:00,432.6972351074219,433.38514804082,432.6972351074219,432.6972351074219,3000,0.0,0.0
2007-07-03 00:00:00+09:00,429.2576904296875,436.8247330494416,429.2576904296875,429.2576904296875,0,0.0,0.0
2007-07-04 00:00:00+09:00,429.2576904296875,436.8247330494416,429.2576904296875,429.2576904296875,0,0.0,0.0
2007-07-05 00:00:00+09:00,429.25767421875,429.9455871582031,429.25767421875,429.9455871582031,2000,0.0,0.0
2007-07-06 00:00:00+09:00,429.9455871582031,429.9455871582031,429.9455871582031,429.9455871582031,2000,0.0,0.0
2007-07-09 00:00:00+09:00,420.31494140625,434.0732046274038,420.31494140625,420.31494140625,0,0.0,0.0
2007-07-10 00:00:00+09:00,419.626953125,434.07312692110656,419.626953125,419.626953125,0,0.0,0.0
2007-07-11 00:00:00+09:00,419.626953125,436.8247790727459,419.626953125,419.626953125,0,0.0,0.0
2007-07-12 00:00:00+09:00,419.626953125,434.07312692110656,419.626953125,419.626953125,0,0.0,0.0
2007-07-13 00:00:00+09:00,420.31494140625,434.0732046274038,420.31494140625,420.31494140625,0,0.0,0.0
2007-07-17 00:00:00+09:00,419.626953125,434.07312692110656,419.626953125,419.626953125,0,0.0,0.0
2007-07-18 00:00:00+09:00,420.31494140625,420.31494140625,420.31494140625,420.31494140625,2000,0.0,0.0
2007-07-19 00:00:00+09:00,412.7477722167969,427.19394424438474,412.7477722167969,412.7477722167969,0,0.0,0.0
2007-07-20 00:00:00+09:00,412.7477722167969,427.19394424438474,412.7477722167969,412.7477722167969,0,0.0,0.0
2007-07-23 00:00:00+09:00,421.69061279296875,434.0730451425176,421.69061279296875,421.69061279296875,0,0.0,0.0
2007-07-24 00:00:00+09:00,424.44232381184895,424.44232381184895,423.0664978027344,423.0664978027344,2000,0.0,0.0
2007-07-25 00:00:00+09:00,439.576425054109,440.2643380823627,413.4357299804687,413.43572998046875,25000,0.0,0.0
2007-07-26 00:00:00+09:00,416.8752746582031,416.8752746582031,416.8752746582031,416.8752746582031,1000,0.0,0.0
2007-07-27 00:00:00+09:00,415.4993896484375,443.7038184159639,415.4993896484375,415.4993896484375,0,0.0,0.0
2007-07-30 00:00:00+09:00,418.2510986328125,418.2510986328125,418.2510986328125,418.2510986328125,1000,0.0,0.0
2007-07-31 00:00:00+09:00,412.7477722167969,412.7477722167969,412.7477722167969,412.7477722167969,2000,0.0,0.0
2007-08-01 00:00:00+09:00,413.4357299804687,440.2643380823627,413.4357299804687,413.43572998046875,0,0.0,0.0
2007-08-02 00:00:00+09:00,413.4357299804687,437.51268596934796,413.4357299804687,413.43572998046875,0,0.0,0.0
2007-08-03 00:00:00+09:00,414.1236267089844,433.3851907419604,414.1236267089844,414.1236267089844,0,0.0,0.0
2007-08-06 00:00:00+09:00,414.1236267089844,433.3851907419604,414.1236267089844,414.1236267089844,0,0.0,0.0
2007-08-07 00:00:00+09:00,416.1873474121094,433.385171685337,416.1873474121094,416.1873474121094,0,0.0,0.0
2007-08-08 00:00:00+09:00,413.4357299804687,413.4357299804687,413.4357299804687,413.43572998046875,1000,0.0,0.0
2007-08-09 00:00:00+09:00,414.1236267089844,427.193973731361,414.1236267089844,414.1236267089844,0,0.0,0.0
2007-08-10 00:00:00+09:00,414.1235837602058,414.1235837602058,412.0598449707031,412.0598449707031,5000,0.0,0.0
2007-08-13 00:00:00+09:00,412.0598449707031,412.0598449707031,412.0598449707031,412.0598449707031,0,0.0,0.0
2007-08-14 00:00:00+09:00,405.86865234375,412.05986907441735,405.86865234375,405.86865234375,0,0.0,0.0
2007-08-15 00:00:00+09:00,405.18072509765625,423.06646168940335,405.18072509765625,405.18072509765625,0,0.0,0.0
2007-08-16 00:00:00+09:00,405.18072509765625,423.06646168940335,405.18072509765625,405.18072509765625,0,0.0,0.0
2007-08-17 00:00:00+09:00,405.18072509765625,423.06646168940335,405.18072509765625,405.18072509765625,0,0.0,0.0
2007-08-20 00:00:00+09:00,398.98956298828125,412.7478237809806,398.98956298828125,398.98956298828125,0,0.0,0.0
2007-08-21 00:00:00+09:00,398.98956298828125,412.7478237809806,398.98956298828125,398.98956298828125,0,0.0,0.0
2007-08-22 00:00:00+09:00,395.54998779296875,412.74781334918475,395.54998779296875,395.54998779296875,0,0.0,0.0
2007-08-23 00:00:00+09:00,403.116943359375,412.7477235761519,403.116943359375,403.116943359375,0,0.0,0.0
2007-08-24 00:00:00+09:00,426.5060729980469,426.5060729980469,426.5060729980469,426.5060729980469,2000,0.0,0.0
2007-08-27 00:00:00+09:00,405.86865234375,423.75438956567797,405.86865234375,405.86865234375,0,0.0,0.0
2007-08-28 00:00:00+09:00,412.0598449707031,412.0598449707031,412.0598449707031,412.0598449707031,2000,0.0,0.0
2007-08-29 00:00:00+09:00,419.626953125,427.19399654200816,419.626953125,419.626953125,0,0.0,0.0
2007-08-30 00:00:00+09:00,419.626953125,419.626953125,419.626953125,419.626953125,1000,0.0,0.0
2007-08-31 00:00:00+09:00,405.18072509765625,426.5060264185855,405.18072509765625,405.18072509765625,0,0.0,0.0
2007-09-03 00:00:00+09:00,405.18072509765625,426.5060264185855,405.18072509765625,405.18072509765625,0,0.0,0.0
2007-09-04 00:00:00+09:00,398.98956298828125,419.6269541773303,398.98956298828125,398.98956298828125,0,0.0,0.0
2007-09-05 00:00:00+09:00,394.8620300292969,420.3148089684676,394.8620300292969,394.8620300292969,0,0.0,0.0
2007-09-06 00:00:00+09:00,395.54998779296875,419.6269435716712,395.54998779296875,395.54998779296875,0,0.0,0.0
2007-09-07 00:00:00+09:00,395.54998779296875,419.6269435716712,395.54998779296875,395.54998779296875,0,0.0,0.0
2007-09-10 00:00:00+09:00,395.54998779296875,419.6269435716712,395.54998779296875,395.54998779296875,0,0.0,0.0
2007-09-11 00:00:00+09:00,386.60711669921875,419.626941613031,386.60711669921875,386.60711669921875,0,0.0,0.0
2007-09-12 00:00:00+09:00,386.60711669921875,419.626941613031,386.60711669921875,386.60711669921875,0,0.0,0.0
2007-09-13 00:00:00+09:00,388.6708068847656,420.3148017815784,388.6708068847656,388.6708068847656,0,0.0,0.0
2007-09-14 00:00:00+09:00,388.6708068847656,420.3148017815784,388.6708068847656,388.6708068847656,0,0.0,0.0
2007-09-18 00:00:00+09:00,388.6708068847656,416.187324186342,388.6708068847656,388.6708068847656,0,0.0,0.0
2007-09-19 00:00:00+09:00,388.6708068847656,416.187324186342,388.6708068847656,388.6708068847656,0,0.0,0.0
2007-09-20 00:00:00+09:00,388.6708068847656,416.8752371188814,388.6708068847656,388.6708068847656,0,0.0,0.0
2007-09-21 00:00:00+09:00,416.8753498209367,417.5632629394531,416.8753498209367,417.5632629394531,3000,0.0,0.0
2007-09-25 00:00:00+09:00,405.86865234375,436.82473599708686,405.86865234375,405.86865234375,0,0.0,0.0
2007-09-26 00:00:00+09:00,412.7477722167969,412.7477722167969,412.7477722167969,412.7477722167969,1000,0.0,0.0
2007-09-27 00:00:00+09:00,385.23126220703125,423.06647545950756,385.23126220703125,385.23126220703125,0,0.0,0.0
2007-09-28 00:00:00+09:00,405.86865234375,405.86865234375,405.86865234375,405.86865234375,1000,0.0,0.0
2007-10-01 00:00:00+09:00,392.11041259765625,413.4357157389323,392.11041259765625,392.11041259765625,0,0.0,0.0
2007-10-02 00:00:00+09:00,395.54998779296875,419.6269435716712,395.54998779296875,395.54998779296875,0,0.0,0.0
2007-10-03 00:00:00+09:00,388.6708068847656,426.5060181744331,388.6708068847656,388.6708068847656,0,0.0,0.0
2007-10-04 00:00:00+09:00,392.11041259765625,426.5060628255208,392.11041259765625,392.11041259765625,0,0.0,0.0
2007-10-05 00:00:00+09:00,388.6708068847656,426.5060181744331,388.6708068847656,388.6708068847656,0,0.0,0.0
2007-10-09 00:00:00+09:00,395.54998779296875,426.5060737941576,395.54998779296875,395.54998779296875,0,0.0,0.0
2007-10-10 00:00:00+09:00,388.6708068847656,426.5060181744331,388.6708068847656,388.6708068847656,0,0.0,0.0
2007-10-11 00:00:00+09:00,385.23126220703125,405.8686512538365,385.23126220703125,385.23126220703125,0,0.0,0.0
2007-10-12 00:00:00+09:00,391.4224853515625,406.5565709011836,391.4224853515625,391.4224853515625,0,0.0,0.0
2007-10-15 00:00:00+09:00,391.4224853515625,426.50604730750223,391.4224853515625,391.4224853515625,0,0.0,0.0
2007-10-16 00:00:00+09:00,391.4224853515625,426.50604730750223,391.4224853515625,391.4224853515625,0,0.0,0.0
2007-10-17 00:00:00+09:00,392.11041259765625,412.747802734375,392.11041259765625,392.11041259765625,0,0.0,0.0
2007-10-18 00:00:00+09:00,382.4796142578125,419.6269149231396,382.4796142578125,382.4796142578125,0,0.0,0.0
2007-10-19 00:00:00+09:00,398.98956298828125,398.98956298828125,398.98956298828125,398.98956298828125,2000,0.0,0.0
2007-10-22 00:00:00+09:00,381.7917175292969,420.3148457845052,381.7917175292969,381.7917175292969,0,0.0,0.0
2007-10-23 00:00:00+09:00,395.54998779296875,413.4357263714334,395.54998779296875,395.54998779296875,0,0.0,0.0
2007-10-24 00:00:00+09:00,394.8620300292969,413.4356795254485,394.8620300292969,394.8620300292969,0,0.0,0.0
2007-10-25 00:00:00+09:00,392.11041259765625,413.4357157389323,392.11041259765625,392.11041259765625,0,0.0,0.0
2007-10-26 00:00:00+09:00,392.7983703613281,413.43576284966406,392.7983703613281,392.7983703613281,0,0.0,0.0
2007-10-29 00:00:00+09:00,392.79832357126514,393.4862365722656,392.79832357126514,393.4862365722656,2000,0.0,0.0
2007-10-30 00:00:00+09:00,399.6774760279162,399.6774760279162,398.98956298828125,398.98956298828125,6000,0.0,0.0
2007-10-31 00:00:00+09:00,398.98956298828125,433.3852149700296,398.98956298828125,398.98956298828125,0,0.0,0.0
2007-11-01 00:00:00+09:00,398.98956298828125,412.7478237809806,398.98956298828125,398.98956298828125,0,0.0,0.0
2007-11-02 00:00:00+09:00,398.98956298828125,433.3852149700296,398.98956298828125,398.98956298828125,0,0.0,0.0
2007-11-05 00:00:00+09:00,398.98956298828125,412.7478237809806,398.98956298828125,398.98956298828125,0,0.0,0.0
2007-11-06 00:00:00+09:00,398.98956298828125,398.98956298828125,398.98956298828125,398.98956298828125,1000,0.0,0.0
2007-11-07 00:00:00+09:00,398.9895181870008,398.9895181870008,397.613692262218,398.3016052246094,5000,0.0,0.0
2007-11-08 00:00:00+09:00,384.5433349609375,433.3851538915753,384.5433349609375,384.5433349609375,0,0.0,0.0
2007-11-09 00:00:00+09:00,392.11041259765625,433.38519287109375,392.11041259765625,392.11041259765625,0,0.0,0.0
2007-11-12 00:00:00+09:00,376.28845433226417,376.28845433226417,374.9126281738281,374.9126281738281,3000,0.0,0.0
2007-11-13 00:00:00+09:00,374.9126281738281,374.9126281738281,374.9126281738281,374.9126281738281,1000,0.0,0.0
2007-11-14 00:00:00+09:00,381.7917175292969,409.30823771158856,381.7917175292969,381.7917175292969,0,0.0,0.0
2007-11-15 00:00:00+09:00,392.11041259765625,426.5060628255208,392.11041259765625,392.11041259765625,0,0.0,0.0
2007-11-16 00:00:00+09:00,399.6774597167969,399.6774597167969,399.6774597167969,399.6774597167969,1000,0.0,0.0
2007-11-19 00:00:00+09:00,363.90594482421875,420.3148058366685,363.90594482421875,363.90594482421875,0,0.0,0.0
2007-11-20 00:00:00+09:00,357.7147521972656,413.4357039818397,357.7147521972656,357.7147521972656,0,0.0,0.0
2007-11-21 00:00:00+09:00,357.7147521972656,405.8686611468976,357.7147521972656,357.7147521972656,0,0.0,0.0
2007-11-22 00:00:00+09:00,418.9390400870902,419.626953125,418.9390400870902,419.626953125,3000,0.0,0.0
2007-11-26 00:00:00+09:00,381.7917175292969,398.9895426432292,381.7917175292969,381.7917175292969,0,0.0,0.0
2007-11-27 00:00:00+09:00,398.98956298828125,398.98956298828125,398.98956298828125,398.98956298828125,1000,0.0,0.0
2007-11-28 00:00:00+09:00,350.8356628417969,398.9895773494945,350.8356628417969,350.8356628417969,0,0.0,0.0
2007-11-29 00:00:00+09:00,354.275146484375,398.9894853610437,354.275146484375,354.275146484375,0,0.0,0.0
2007-11-30 00:00:00+09:00,354.96307373046875,398.98950147998426,354.96307373046875,354.96307373046875,0,0.0,0.0
2007-12-03 00:00:00+09:00,357.7147521972656,398.98953129695013,357.7147521972656,357.7147521972656,0,0.0,0.0
2007-12-04 00:00:00+09:00,368.0334167480469,398.98949853059287,368.0334167480469,368.0334167480469,0,0.0,0.0
2007-12-05 00:00:00+09:00,378.3521728515625,426.5060857599432,378.3521728515625,378.3521728515625,0,0.0,0.0
2007-12-06 00:00:00+09:00,385.2312589391732,398.30160522460943,385.2312589391732,398.3016052246094,5000,0.0,0.0
2007-12-07 00:00:00+09:00,377.66424560546875,398.3016360757129,377.66424560546875,377.66424560546875,0,0.0,0.0
2007-12-10 00:00:00+09:00,377.66424560546875,398.3016360757129,377.66424560546875,377.66424560546875,0,0.0,0.0
2007-12-11 00:00:00+09:00,377.66424560546875,398.3016360757129,377.66424560546875,377.66424560546875,0,0.0,0.0
2007-12-12 00:00:00+09:00,377.66424560546875,398.3016360757129,377.66424560546875,377.66424560546875,0,0.0,0.0
2007-12-13 00:00:00+09:00,377.66424560546875,409.30824432650985,377.66424560546875,377.66424560546875,0,0.0,0.0
2007-12-14 00:00:00+09:00,377.66424560546875,392.7983319503145,377.66424560546875,377.66424560546875,0,0.0,0.0
2007-12-17 00:00:00+09:00,378.3521728515625,378.3521728515625,378.3521728515625,378.3521728515625,1000,0.0,0.0
2007-12-18 00:00:00+09:00,377.66424560546875,385.9192017935664,377.66424560546875,377.66424560546875,0,0.0,0.0
2007-12-19 00:00:00+09:00,377.6642007758148,378.3521137098327,376.97628784179693,376.9762878417969,3000,0.0,0.0
2007-12-20 00:00:00+09:00,352.89936130230245,357.7147521972656,352.89936130230245,357.7147521972656,3000,0.0,0.0
2007-12-21 00:00:00+09:00,357.7147521972656,370.7850989121657,357.7147521972656,357.7147521972656,0,0.0,0.0
2007-12-25 00:00:00+09:00,371.47301189716046,372.1609248821552,343.9564924973708,357.7147521972656,11000,0.0,0.0
2007-12-26 00:00:00+09:00,347.3960876464844,371.4730442160427,347.3960876464844,347.3960876464844,0,0.0,0.0
2007-12-27 00:00:00+09:00,350.8356628417969,350.8356628417969,350.8356628417969,350.8356628417969,1000,0.0,0.0
2007-12-28 00:00:00+09:00,347.3960876464844,347.3960876464844,347.3960876464844,347.3960876464844,1000,0.0,0.0
2008-01-04 00:00:00+09:00,347.3960876464844,386.6071312026222,347.3960876464844,347.3960876464844,0,0.0,0.0
2008-01-07 00:00:00+09:00,344.6443786621094,378.3521123037129,344.6443786621094,344.6443786621094,0,0.0,0.0
2008-01-08 00:00:00+09:00,344.6443786621094,378.3521123037129,344.6443786621094,344.6443786621094,0,0.0,0.0
2008-01-09 00:00:00+09:00,347.39609751981845,350.8356628417969,347.39609751981845,350.8356628417969,3000,0.0,0.0
2008-01-10 00:00:00+09:00,350.8356628417969,392.11044670553764,350.8356628417969,350.8356628417969,0,0.0,0.0
2008-01-11 00:00:00+09:00,350.8356628417969,350.8356628417969,350.8356628417969,350.8356628417969,2000,0.0,0.0
2008-01-15 00:00:00+09:00,343.95648193359375,343.95648193359375,343.95648193359375,343.95648193359375,1000,0.0,0.0
2008-01-16 00:00:00+09:00,306.12127685546875,379.7279658971208,306.12127685546875,306.12127685546875,0,0.0,0.0
2008-01-17 00:00:00+09:00,316.4399719238281,379.72796630859375,316.4399719238281,316.4399719238281,0,0.0,0.0
2008-01-18 00:00:00+09:00,310.9366760253906,379.72797603100804,310.9366760253906,310.9366760253906,0,0.0,0.0
2008-01-21 00:00:00+09:00,310.9366760253906,379.72797603100804,310.9366760253906,310.9366760253906,0,0.0,0.0
2008-01-22 00:00:00+09:00,296.4905090332031,390.73459195094983,296.4905090332031,296.4905090332031,0,0.0,0.0
2008-01-23 00:00:00+09:00,308.8729248046875,343.95648641947383,308.8729248046875,308.8729248046875,0,0.0,0.0
2008-01-24 00:00:00+09:00,330.1982116699219,330.1982116699219,330.1982116699219,330.1982116699219,1000,0.0,0.0
2008-01-25 00:00:00+09:00,330.19819549116426,330.8861083984375,330.19819549116426,330.8861083984375,2000,0.0,0.0
2008-01-28 00:00:00+09:00,323.3190612792969,357.71470609624333,323.3190612792969,323.3190612792969,0,0.0,0.0
2008-01-29 00:00:00+09:00,323.3190612792969,337.76523210241436,323.3190612792969,323.3190612792969,0,0.0,0.0
2008-01-30 00:00:00+09:00,324.007080078125,343.9565605924894,324.007080078125,324.007080078125,0,0.0,0.0
2008-01-31 00:00:00+09:00,324.007080078125,343.9565605924894,324.007080078125,324.007080078125,0,0.0,0.0
2008-02-01 00:00:00+09:00,330.1982981687898,330.1982981687898,324.007080078125,324.007080078125,4000,0.0,0.0
2008-02-04 00:00:00+09:00,310.9366760253906,337.07737002752526,310.9366760253906,310.9366760253906,0,0.0,0.0
2008-02-05 00:00:00+09:00,309.5608215332031,368.72133409288193,309.5608215332031,309.5608215332031,0,0.0,0.0
2008-02-06 00:00:00+09:00,302.68170166015625,364.59386790882456,302.68170166015625,302.68170166015625,0,0.0,0.0
2008-02-07 00:00:00+09:00,302.68170166015625,337.0773495760831,302.68170166015625,302.68170166015625,0,0.0,0.0
2008-02-08 00:00:00+09:00,299.9300537109375,357.71474295799885,299.9300537109375,299.9300537109375,0,0.0,0.0
2008-02-12 00:00:00+09:00,301.99378870183773,302.68170166015625,301.99378870183773,302.68170166015625,2000,0.0,0.0
2008-02-13 00:00:00+09:00,288.9234924316406,343.95653860909596,288.9234924316406,288.9234924316406,0,0.0,0.0
2008-02-14 00:00:00+09:00,288.9234924316406,344.64445168631414,288.9234924316406,288.9234924316406,0,0.0,0.0
2008-02-15 00:00:00+09:00,344.6444048823143,344.6444048823143,337.0773620605469,337.0773620605469,4000,0.0,0.0
2008-02-18 00:00:00+09:00,290.2992858886719,330.1982398733708,290.2992858886719,290.2992858886719,0,0.0,0.0
2008-02-19 00:00:00+09:00,288.9234924316406,330.1982770647321,288.9234924316406,288.9234924316406,0,0.0,0.0
2008-02-20 00:00:00+09:00,302.68170166015625,330.19821999289775,302.68170166015625,302.68170166015625,0,0.0,0.0
2008-02-21 00:00:00+09:00,309.5608215332031,330.1982096354167,309.5608215332031,309.5608215332031,0,0.0,0.0
2008-02-22 00:00:00+09:00,323.3190612792969,323.3190612792969,323.3190612792969,323.3190612792969,2000,0.0,0.0
2008-02-25 00:00:00+09:00,326.75865077171005,327.4465637207031,326.75865077171005,327.4465637207031,3000,0.0,0.0
2008-02-26 00:00:00+09:00,327.4466105571546,327.4466105571546,326.7586975097656,326.7586975097656,2000,0.0,0.0
2008-02-27 00:00:00+09:00,302.68170166015625,333.6377847844904,302.68170166015625,302.68170166015625,0,0.0,0.0
2008-02-28 00:00:00+09:00,309.5608215332031,343.9564683702257,309.5608215332031,309.5608215332031,0,0.0,0.0
2008-02-29 00:00:00+09:00,330.1982116699219,330.1982116699219,330.1982116699219,330.1982116699219,5000,0.0,0.0
2008-03-03 00:00:00+09:00,302.68170166015625,330.19821999289775,302.68170166015625,302.68170166015625,0,0.0,0.0
2008-03-04 00:00:00+09:00,302.68170166015625,343.9564791592685,302.68170166015625,302.68170166015625,0,0.0,0.0
2008-03-05 00:00:00+09:00,302.68170166015625,330.19821999289775,302.68170166015625,302.68170166015625,0,0.0,0.0
2008-03-06 00:00:00+09:00,302.68170166015625,330.19821999289775,302.68170166015625,302.68170166015625,0,0.0,0.0
2008-03-07 00:00:00+09:00,295.80255126953125,323.3190676666969,295.80255126953125,295.80255126953125,0,0.0,0.0
2008-03-10 00:00:00+09:00,282.0443420410156,330.1982540967988,282.0443420410156,282.0443420410156,0,0.0,0.0
2008-03-11 00:00:00+09:00,282.0443420410156,346.7081668016387,282.0443420410156,282.0443420410156,0,0.0,0.0
2008-03-12 00:00:00+09:00,282.0443420410156,330.1982540967988,282.0443420410156,282.0443420410156,0,0.0,0.0
2008-03-13 00:00:00+09:00,330.1982315726902,330.1982315726902,316.4399719238281,316.4399719238281,2000,0.0,0.0
2008-03-14 00:00:00+09:00,282.0443420410156,330.1982540967988,282.0443420410156,282.0443420410156,0,0.0,0.0
2008-03-17 00:00:00+09:00,282.0443420410156,282.0443420410156,282.0443420410156,282.0443420410156,0,0.0,0.0
2008-03-18 00:00:00+09:00,282.0443420410156,330.1982540967988,282.0443420410156,282.0443420410156,0,0.0,0.0
2008-03-19 00:00:00+09:00,282.0443420410156,357.714775271532,282.0443420410156,282.0443420410156,0,0.0,0.0
2008-03-21 00:00:00+09:00,282.0443420410156,357.714775271532,282.0443420410156,282.0443420410156,0,0.0,0.0
2008-03-24 00:00:00+09:00,299.24216108919575,299.24216108919575,296.4905090332031,296.4905090332031,2000,0.0,0.0
2008-03-25 00:00:00+09:00,311.62457275390625,311.62457275390625,311.62457275390625,311.62457275390625,1000,0.0,0.0
2008-03-26 00:00:00+09:00,337.9490661621094,337.9490661621094,337.9490661621094,337.9490661621094,2000,15.0,0.0
2008-03-27 00:00:00+09:00,393.4438171386719,393.4438171386719,393.4438171386719,393.4438171386719,0,0.0,0.0
2008-03-28 00:00:00+09:00,393.4438171386719,393.4438171386719,393.4438171386719,393.4438171386719,0,0.0,0.0
2008-03-31 00:00:00+09:00,393.4438171386719,393.4438171386719,393.4438171386719,393.4438171386719,0,0.0,0.0
2008-04-01 00:00:00+09:00,281.0312805175781,281.0312805175781,281.0312805175781,281.0312805175781,0,0.0,0.0
2008-04-02 00:00:00+09:00,284.5886535644531,355.7358169555664,284.5886535644531,284.5886535644531,0,0.0,0.0
2008-04-03 00:00:00+09:00,281.0312805175781,355.73579812351664,281.0312805175781,281.0312805175781,0,0.0,0.0
2008-04-04 00:00:00+09:00,281.0312805175781,355.73579812351664,281.0312805175781,281.0312805175781,0,0.0,0.0
2008-04-07 00:00:00+09:00,285.3001403808594,341.506402450904,285.3001403808594,285.3001403808594,0,0.0,0.0
2008-04-08 00:00:00+09:00,281.0312805175781,305.9327863862243,281.0312805175781,281.0312805175781,0,0.0,0.0
2008-04-09 00:00:00+09:00,249.01512145996094,341.50645228794644,249.01512145996094,249.01512145996094,0,0.0,0.0
2008-04-10 00:00:00+09:00,249.72653198242188,341.5063685229701,249.72653198242188,249.72653198242188,0,0.0,0.0
2008-04-11 00:00:00+09:00,285.3001403808594,341.506402450904,285.3001403808594,285.3001403808594,0,0.0,0.0
2008-04-14 00:00:00+09:00,249.72653198242188,348.6210845338653,249.72653198242188,249.72653198242188,0,0.0,0.0
2008-04-15 00:00:00+09:00,251.14947509765625,348.62108441317724,251.14947509765625,251.14947509765625,0,0.0,0.0
2008-04-16 00:00:00+09:00,285.3001403808594,348.62111916863114,285.3001403808594,285.3001403808594,0,0.0,0.0
2008-04-17 00:00:00+09:00,303.0868835449219,303.0868835449219,303.0868835449219,303.0868835449219,1000,0.0,0.0
2008-04-18 00:00:00+09:00,286.0116271972656,348.6211376285079,286.0116271972656,286.0116271972656,0,0.0,0.0
2008-04-21 00:00:00+09:00,295.97222900390625,295.97222900390625,295.97222900390625,295.97222900390625,1000,0.0,0.0
2008-04-22 00:00:00+09:00,285.3001403808594,285.3001403808594,285.3001403808594,285.3001403808594,0,0.0,0.0
2008-04-23 00:00:00+09:00,285.3001403808594,352.88994919926745,285.3001403808594,285.3001403808594,0,0.0,0.0
2008-04-24 00:00:00+09:00,292.4148254394531,292.4148254394531,292.4148254394531,292.4148254394531,1000,0.0,0.0
2008-04-25 00:00:00+09:00,285.3001094920212,292.4148254394531,285.3001094920212,292.4148254394531,3000,0.0,0.0
2008-04-28 00:00:00+09:00,263.24456787109375,263.24456787109375,263.24456787109375,263.24456787109375,0,0.0,0.0
2008-04-30 00:00:00+09:00,286.7231140136719,320.16228611948475,286.7231140136719,286.7231140136719,0,0.0,0.0
2008-05-01 00:00:00+09:00,286.7231140136719,320.16228611948475,286.7231140136719,286.7231140136719,0,0.0,0.0
2008-05-02 00:00:00+09:00,286.7231140136719,320.16228611948475,286.7231140136719,286.7231140136719,0,0.0,0.0
2008-05-07 00:00:00+09:00,286.7231140136719,327.2770035888066,286.7231140136719,286.7231140136719,0,0.0,0.0
2008-05-08 00:00:00+09:00,286.7231140136719,327.2770035888066,286.7231140136719,286.7231140136719,0,0.0,0.0
2008-05-09 00:00:00+09:00,288.14605712890625,327.2770031587577,288.14605712890625,288.14605712890625,0,0.0,0.0
2008-05-12 00:00:00+09:00,235.4971160888672,330.12284551430326,235.4971160888672,235.4971160888672,0,0.0,0.0
2008-05-13 00:00:00+09:00,249.01512145996094,330.1229038783482,249.01512145996094,249.01512145996094,0,0.0,0.0
2008-05-14 00:00:00+09:00,278.1853942871094,330.1228208419917,278.1853942871094,278.1853942871094,0,0.0,0.0
2008-05-15 00:00:00+09:00,288.8574523925781,330.122802734375,288.8574523925781,288.8574523925781,0,0.0,0.0
2008-05-16 00:00:00+09:00,289.5690002441406,334.39172018365133,289.5690002441406,289.5690002441406,0,0.0,0.0
2008-05-19 00:00:00+09:00,295.97222900390625,295.97222900390625,295.97222900390625,295.97222900390625,1000,0.0,0.0
2008-05-20 00:00:00+09:00,313.0475158691406,313.0475158691406,313.0475158691406,313.0475158691406,1000,0.0,0.0
2008-05-21 00:00:00+09:00,295.97222900390625,337.9490595597487,295.97222900390625,295.97222900390625,0,0.0,0.0
2008-05-22 00:00:00+09:00,295.97222900390625,323.71962547302246,295.97222900390625,295.97222900390625,0,0.0,0.0
2008-05-23 00:00:00+09:00,320.1622503266918,320.1622503266918,296.6836853027344,296.6836853027344,2000,0.0,0.0
2008-05-26 00:00:00+09:00,288.14605712890625,327.2770031587577,288.14605712890625,288.14605712890625,0,0.0,0.0
2008-05-27 00:00:00+09:00,288.14605712890625,327.2770031587577,288.14605712890625,288.14605712890625,0,0.0,0.0
2008-05-28 00:00:00+09:00,288.14605712890625,327.2770031587577,288.14605712890625,288.14605712890625,0,0.0,0.0
2008-05-29 00:00:00+09:00,288.14605712890625,288.14605712890625,288.14605712890625,288.14605712890625,1000,0.0,0.0
2008-05-30 00:00:00+09:00,291.7033996582031,327.27698498237424,291.7033996582031,291.7033996582031,0,0.0,0.0
2008-06-02 00:00:00+09:00,291.7033996582031,327.27698498237424,291.7033996582031,291.7033996582031,0,0.0,0.0
2008-06-03 00:00:00+09:00,291.7033996582031,327.27698498237424,291.7033996582031,291.7033996582031,0,0.0,0.0
2008-06-04 00:00:00+09:00,291.7033996582031,327.27698498237424,291.7033996582031,291.7033996582031,0,0.0,0.0
2008-06-05 00:00:00+09:00,291.7033996582031,327.27698498237424,291.7033996582031,291.7033996582031,0,0.0,0.0
2008-06-06 00:00:00+09:00,291.7033996582031,327.27698498237424,291.7033996582031,291.7033996582031,0,0.0,0.0
2008-06-09 00:00:00+09:00,291.7033996582031,291.7033996582031,291.7033996582031,291.7033996582031,1000,0.0,0.0
2008-06-10 00:00:00+09:00,270.3592224121094,327.27695344623766,270.3592224121094,270.3592224121094,0,0.0,0.0
2008-06-11 00:00:00+09:00,270.3592224121094,327.27695344623766,270.3592224121094,270.3592224121094,0,0.0,0.0
2008-06-12 00:00:00+09:00,270.3592224121094,327.27695344623766,270.3592224121094,270.3592224121094,0,0.0,0.0
2008-06-13 00:00:00+09:00,271.7821960449219,327.2769900017384,271.7821960449219,271.7821960449219,0,0.0,0.0
2008-06-16 00:00:00+09:00,270.3592224121094,298.81808792917354,270.3592224121094,270.3592224121094,0,0.0,0.0
2008-06-17 00:00:00+09:00,284.5886535644531,284.5886535644531,284.5886535644531,284.5886535644531,1000,0.0,0.0
2008-06-18 00:00:00+09:00,284.5886535644531,298.81808624267575,284.5886535644531,284.5886535644531,0,0.0,0.0
2008-06-19 00:00:00+09:00,284.5886535644531,298.81808624267575,284.5886535644531,284.5886535644531,0,0.0,0.0
2008-06-20 00:00:00+09:00,285.3001403808594,285.3001403808594,285.3001403808594,285.3001403808594,1000,0.0,0.0
2008-06-23 00:00:00+09:00,286.0116271972656,298.81811796729244,286.0116271972656,286.0116271972656,0,0.0,0.0
2008-06-24 00:00:00+09:00,288.14605712890625,298.8181333188657,288.14605712890625,288.14605712890625,0,0.0,0.0
2008-06-25 00:00:00+09:00,302.37548828125,302.37548828125,302.37548828125,302.37548828125,1000,0.0,0.0
2008-06-26 00:00:00+09:00,317.3163146972656,317.3163146972656,317.3163146972656,317.3163146972656,1000,0.0,0.0
2008-06-27 00:00:00+09:00,284.5886535644531,327.27695159912105,284.5886535644531,284.5886535644531,0,0.0,0.0
2008-06-30 00:00:00+09:00,284.5886535644531,284.5886535644531,284.5886535644531,284.5886535644531,0,0.0,0.0
2008-07-01 00:00:00+09:00,288.14605712890625,341.5064380787037,288.14605712890625,288.14605712890625,0,0.0,0.0
2008-07-02 00:00:00+09:00,305.9327697753906,305.9327697753906,305.9327697753906,305.9327697753906,0,0.0,0.0
2008-07-03 00:00:00+09:00,284.5886535644531,284.5886535644531,284.5886535644531,284.5886535644531,0,0.0,0.0
2008-07-04 00:00:00+09:00,284.5886535644531,284.5886535644531,284.5886535644531,284.5886535644531,0,0.0,0.0
2008-07-07 00:00:00+09:00,284.5886535644531,284.5886535644531,284.5886535644531,284.5886535644531,0,0.0,0.0
2008-07-08 00:00:00+09:00,291.7033996582031,291.7033996582031,291.7033996582031,291.7033996582031,0,0.0,0.0
2008-07-09 00:00:00+09:00,284.5886535644531,284.5886535644531,284.5886535644531,284.5886535644531,0,0.0,0.0
2008-07-10 00:00:00+09:00,284.5886535644531,284.5886535644531,284.5886535644531,284.5886535644531,0,0.0,0.0
2008-07-11 00:00:00+09:00,284.5886535644531,284.5886535644531,284.5886535644531,284.5886535644531,0,0.0,0.0
2008-07-14 00:00:00+09:00,284.5886535644531,374.23407943725584,284.5886535644531,284.5886535644531,0,0.0,0.0
2008-07-15 00:00:00+09:00,284.5886535644531,284.5886535644531,284.5886535644531,284.5886535644531,0,0.0,0.0
2008-07-16 00:00:00+09:00,284.5886535644531,284.5886535644531,284.5886535644531,284.5886535644531,0,0.0,0.0
2008-07-17 00:00:00+09:00,284.5886535644531,284.5886535644531,284.5886535644531,284.5886535644531,0,0.0,0.0
2008-07-18 00:00:00+09:00,284.5886535644531,284.5886535644531,284.5886535644531,284.5886535644531,0,0.0,0.0
2008-07-22 00:00:00+09:00,327.2769470214844,327.2769470214844,327.2769470214844,327.2769470214844,1000,0.0,0.0
2008-07-23 00:00:00+09:00,327.2769470214844,384.19467693826425,327.2769470214844,327.2769470214844,0,0.0,0.0
2008-07-24 00:00:00+09:00,341.50634765625,341.50634765625,341.50634765625,341.50634765625,2000,0.0,0.0
2008-07-25 00:00:00+09:00,358.5816956782246,358.5816956782246,357.15875244140625,357.15875244140625,18000,0.0,0.0
2008-07-28 00:00:00+09:00,286.0116271972656,355.7358547229672,286.0116271972656,286.0116271972656,0,0.0,0.0
2008-07-29 00:00:00+09:00,305.9327697753906,355.73577880859375,305.9327697753906,305.9327697753906,0,0.0,0.0
2008-07-30 00:00:00+09:00,298.818115234375,355.73585146949404,298.818115234375,298.818115234375,0,0.0,0.0
2008-07-31 00:00:00+09:00,291.7033996582031,355.73585324171114,291.7033996582031,291.7033996582031,0,0.0,0.0
2008-08-01 00:00:00+09:00,291.7033996582031,355.73585324171114,291.7033996582031,291.7033996582031,0,0.0,0.0
2008-08-04 00:00:00+09:00,291.7033996582031,355.73585324171114,291.7033996582031,291.7033996582031,0,0.0,0.0
2008-08-05 00:00:00+09:00,284.5886535644531,355.7358169555664,284.5886535644531,284.5886535644531,0,0.0,0.0
2008-08-06 00:00:00+09:00,284.5886535644531,355.7358169555664,284.5886535644531,284.5886535644531,0,0.0,0.0
2008-08-07 00:00:00+09:00,284.5886535644531,355.7358169555664,284.5886535644531,284.5886535644531,0,0.0,0.0
2008-08-08 00:00:00+09:00,284.5886535644531,355.7358169555664,284.5886535644531,284.5886535644531,0,0.0,0.0
2008-08-11 00:00:00+09:00,284.5886535644531,362.8505332946777,284.5886535644531,284.5886535644531,0,0.0,0.0
2008-08-12 00:00:00+09:00,284.5886535644531,362.8505332946777,284.5886535644531,284.5886535644531,0,0.0,0.0
2008-08-13 00:00:00+09:00,305.9327697753906,305.9327697753906,305.9327697753906,305.9327697753906,1000,0.0,0.0
2008-08-14 00:00:00+09:00,284.5886535644531,355.7358169555664,284.5886535644531,284.5886535644531,0,0.0,0.0
2008-08-15 00:00:00+09:00,284.5886535644531,355.7358169555664,284.5886535644531,284.5886535644531,0,0.0,0.0
2008-08-18 00:00:00+09:00,284.5886535644531,355.7358169555664,284.5886535644531,284.5886535644531,0,0.0,0.0
2008-08-19 00:00:00+09:00,284.5886535644531,355.7358169555664,284.5886535644531,284.5886535644531,0,0.0,0.0
2008-08-20 00:00:00+09:00,284.5886535644531,355.7358169555664,284.5886535644531,284.5886535644531,0,0.0,0.0
2008-08-21 00:00:00+09:00,305.9327697753906,355.73577880859375,305.9327697753906,305.9327697753906,0,0.0,0.0
2008-08-22 00:00:00+09:00,305.9327697753906,355.73577880859375,305.9327697753906,305.9327697753906,0,0.0,0.0
2008-08-25 00:00:00+09:00,313.0475158691406,313.0475158691406,313.0475158691406,313.0475158691406,2000,0.0,0.0
2008-08-26 00:00:00+09:00,284.5886535644531,355.7358169555664,284.5886535644531,284.5886535644531,0,0.0,0.0
2008-08-27 00:00:00+09:00,305.9327697753906,327.27691650390625,305.9327697753906,305.9327697753906,0,0.0,0.0
2008-08-28 00:00:00+09:00,305.9327697753906,327.27691650390625,305.9327697753906,305.9327697753906,0,0.0,0.0
2008-08-29 00:00:00+09:00,305.9327697753906,327.27691650390625,305.9327697753906,305.9327697753906,0,0.0,0.0
2008-09-01 00:00:00+09:00,313.0475158691406,362.850529757413,313.0475158691406,313.0475158691406,0,0.0,0.0
2008-09-02 00:00:00+09:00,313.0475189208984,313.0475189208984,284.5886535644531,284.5886535644531,11000,0.0,0.0
2008-09-03 00:00:00+09:00,284.5886535644531,341.5063842773437,284.5886535644531,284.5886535644531,0,0.0,0.0
2008-09-04 00:00:00+09:00,284.5886535644531,339.3719693756103,284.5886535644531,284.5886535644531,0,0.0,0.0
2008-09-05 00:00:00+09:00,284.5886535644531,339.3719693756103,284.5886535644531,284.5886535644531,0,0.0,0.0
2008-09-08 00:00:00+09:00,281.0312953948974,284.5886535644531,281.0312953948974,284.5886535644531,6000,0.0,0.0
2008-09-09 00:00:00+09:00,249.01512145996094,339.37203696114676,249.01512145996094,249.01512145996094,0,0.0,0.0
2008-09-10 00:00:00+09:00,249.72653198242188,339.37195371970154,249.72653198242188,249.72653198242188,0,0.0,0.0
2008-09-11 00:00:00+09:00,249.72653198242188,341.5063685229701,249.72653198242188,249.72653198242188,0,0.0,0.0
2008-09-12 00:00:00+09:00,281.0312805175781,281.0312805175781,281.0312805175781,281.0312805175781,1000,0.0,0.0
2008-09-16 00:00:00+09:00,224.82504272460938,316.6048861153518,224.82504272460938,224.82504272460938,0,0.0,0.0
2008-09-17 00:00:00+09:00,259.6871643066406,259.6871643066406,259.6871643066406,259.6871643066406,1000,0.0,0.0
2008-09-18 00:00:00+09:00,256.1297607421875,256.1297607421875,256.1297607421875,256.1297607421875,1000,0.0,0.0
2008-09-19 00:00:00+09:00,234.78562927246094,312.3360340927586,234.78562927246094,234.78562927246094,0,0.0,0.0
2008-09-22 00:00:00+09:00,270.3592224121094,311.6245774118524,270.3592224121094,270.3592224121094,0,0.0,0.0
2008-09-24 00:00:00+09:00,284.5886535644531,310.2016323852539,284.5886535644531,284.5886535644531,0,0.0,0.0
2008-09-25 00:00:00+09:00,295.2607421875,295.2607421875,295.2607421875,295.2607421875,2000,0.0,0.0
2008-09-26 00:00:00+09:00,238.3429718017578,294.5492248535156,238.3429718017578,238.3429718017578,0,0.0,0.0
2008-09-29 00:00:00+09:00,238.3429718017578,294.5492248535156,238.3429718017578,238.3429718017578,0,0.0,0.0
2008-09-30 00:00:00+09:00,238.3429718017578,291.7033386230469,238.3429718017578,238.3429718017578,0,0.0,0.0
2008-10-01 00:00:00+09:00,238.3429718017578,291.7033386230469,238.3429718017578,238.3429718017578,0,0.0,0.0
2008-10-02 00:00:00+09:00,238.3429718017578,291.7033386230469,238.3429718017578,238.3429718017578,0,0.0,0.0
2008-10-03 00:00:00+09:00,259.6871643066406,259.6871643066406,259.6871643066406,259.6871643066406,1000,0.0,0.0
2008-10-06 00:00:00+09:00,284.5886535644531,284.5886535644531,284.5886535644531,284.5886535644531,0,0.0,0.0
2008-10-07 00:00:00+09:00,220.55621337890625,220.55621337890625,220.55621337890625,220.55621337890625,2000,0.0,0.0
2008-10-08 00:00:00+09:00,199.21206665039065,199.21206665039065,199.21206665039065,199.21206665039062,1000,0.0,0.0
2008-10-09 00:00:00+09:00,213.4414825439453,213.4414825439453,213.4414825439453,213.4414825439453,1000,0.0,0.0
2008-10-10 00:00:00+09:00,192.80885314941406,192.80885314941406,192.80885314941406,192.80885314941406,0,0.0,0.0
2008-10-14 00:00:00+09:00,214.15295415242514,214.15295415242514,213.4414825439453,213.4414825439453,11000,0.0,0.0
2008-10-15 00:00:00+09:00,199.21206665039065,199.21206665039065,199.21206665039065,199.21206665039062,0,0.0,0.0
2008-10-16 00:00:00+09:00,199.21206665039065,199.21206665039065,199.21206665039065,199.21206665039062,0,0.0,0.0
2008-10-17 00:00:00+09:00,199.21206665039065,270.35923331124445,199.21206665039065,199.21206665039062,0,0.0,0.0
2008-10-20 00:00:00+09:00,199.21206665039065,270.35923331124445,199.21206665039065,199.21206665039062,0,0.0,0.0
2008-10-21 00:00:00+09:00,206.32679748535156,206.32679748535156,206.32679748535156,206.32679748535156,1000,0.0,0.0
2008-10-22 00:00:00+09:00,206.32679748535156,206.32679748535156,206.32679748535156,206.32679748535156,0,0.0,0.0
2008-10-23 00:00:00+09:00,214.15299907746862,216.99888610839844,213.44152731973617,216.99888610839844,4000,0.0,0.0
2008-10-24 00:00:00+09:00,227.67096819196428,249.01512145996094,227.67096819196428,249.01512145996094,4000,0.0,0.0
2008-10-27 00:00:00+09:00,206.32679748535156,244.74627012055495,206.32679748535156,206.32679748535156,0,0.0,0.0
2008-10-28 00:00:00+09:00,206.32679748535156,242.61185497415477,206.32679748535156,206.32679748535156,0,0.0,0.0
2008-10-29 00:00:00+09:00,206.32679748535156,242.61185497415477,206.32679748535156,206.32679748535156,0,0.0,0.0
2008-10-30 00:00:00+09:00,206.32679748535156,242.61185497415477,206.32679748535156,206.32679748535156,0,0.0,0.0
2008-10-31 00:00:00+09:00,206.32679748535156,242.61185497415477,206.32679748535156,206.32679748535156,0,0.0,0.0
2008-11-04 00:00:00+09:00,206.32679748535156,284.5886861866918,206.32679748535156,206.32679748535156,0,0.0,0.0
2008-11-05 00:00:00+09:00,206.32679748535156,245.45774183602168,206.32679748535156,206.32679748535156,0,0.0,0.0
2008-11-06 00:00:00+09:00,206.32679748535156,245.45774183602168,206.32679748535156,206.32679748535156,0,0.0,0.0
2008-11-07 00:00:00+09:00,195.65472412109375,245.45774480646307,195.65472412109375,195.65472412109375,0,0.0,0.0
2008-11-10 00:00:00+09:00,195.65472412109375,241.18891446200286,195.65472412109375,195.65472412109375,0,0.0,0.0
2008-11-11 00:00:00+09:00,195.65472412109375,241.18891446200286,195.65472412109375,195.65472412109375,0,0.0,0.0
2008-11-12 00:00:00+09:00,195.65472412109375,241.18891446200286,195.65472412109375,195.65472412109375,0,0.0,0.0
2008-11-13 00:00:00+09:00,195.65472412109375,241.18891446200286,195.65472412109375,195.65472412109375,0,0.0,0.0
2008-11-14 00:00:00+09:00,195.65472412109375,241.18891446200286,195.65472412109375,195.65472412109375,0,0.0,0.0
2008-11-17 00:00:00+09:00,284.5886535644531,284.5886535644531,284.5886535644531,284.5886535644531,0,0.0,0.0
2008-11-18 00:00:00+09:00,298.10662841796875,298.10662841796875,298.10662841796875,298.10662841796875,0,0.0,0.0
2008-11-19 00:00:00+09:00,298.10662841796875,298.10662841796875,298.10662841796875,298.10662841796875,0,0.0,0.0
2008-11-20 00:00:00+09:00,234.07418823242188,298.10664094037924,234.07418823242188,234.07418823242188,0,0.0,0.0
2008-11-21 00:00:00+09:00,251.86096191406253,298.10661876268983,251.86096191406253,251.8609619140625,0,0.0,0.0
2008-11-25 00:00:00+09:00,254.7068328857422,254.7068328857422,254.7068328857422,254.7068328857422,2000,0.0,0.0
2008-11-26 00:00:00+09:00,298.10662841796875,298.10662841796875,298.10662841796875,298.10662841796875,0,0.0,0.0
2008-11-27 00:00:00+09:00,234.78562927246094,298.81807361949575,234.78562927246094,234.78562927246094,0,0.0,0.0
2008-11-28 00:00:00+09:00,234.78562927246094,298.81807361949575,234.78562927246094,234.78562927246094,0,0.0,0.0
2008-12-01 00:00:00+09:00,298.818115234375,298.818115234375,298.818115234375,298.818115234375,0,0.0,0.0
2008-12-02 00:00:00+09:00,201.34646606445312,201.34646606445312,201.34646606445312,201.34646606445312,0,0.0,0.0
2008-12-03 00:00:00+09:00,201.34646606445312,201.34646606445312,201.34646606445312,201.34646606445312,2000,0.0,0.0
2008-12-04 00:00:00+09:00,212.01853942871094,212.01853942871094,212.01853942871094,212.01853942871094,0,0.0,0.0
2008-12-05 00:00:00+09:00,199.21206665039065,212.01855664934433,199.21206665039065,199.21206665039062,0,0.0,0.0
2008-12-08 00:00:00+09:00,199.21206665039065,268.9362899780274,199.21206665039065,199.21206665039062,0,0.0,0.0
2008-12-09 00:00:00+09:00,199.21206665039065,268.9362899780274,199.21206665039065,199.21206665039062,0,0.0,0.0
2008-12-10 00:00:00+09:00,199.21206665039065,268.9362899780274,199.21206665039065,199.21206665039062,0,0.0,0.0
2008-12-11 00:00:00+09:00,201.34646606445312,268.9362691602943,201.34646606445312,201.34646606445312,0,0.0,0.0
2008-12-12 00:00:00+09:00,204.90383911132812,268.93628883361816,204.90383911132812,204.90383911132812,0,0.0,0.0
2008-12-15 00:00:00+09:00,204.90383911132812,265.3789305157132,204.90383911132812,204.90383911132812,0,0.0,0.0
2008-12-16 00:00:00+09:00,199.21206665039065,265.3789316449847,199.21206665039065,199.21206665039062,0,0.0,0.0
2008-12-17 00:00:00+09:00,201.34646606445312,265.3789111026184,201.34646606445312,201.34646606445312,0,0.0,0.0
2008-12-18 00:00:00+09:00,213.4414825439453,265.378909962972,213.4414825439453,213.4414825439453,0,0.0,0.0
2008-12-19 00:00:00+09:00,214.15295415242514,214.15295415242514,213.4414825439453,213.4414825439453,6000,0.0,0.0
2008-12-22 00:00:00+09:00,206.3267827619586,206.3267827619586,202.76942443847656,202.76942443847656,2000,0.0,0.0
2008-12-24 00:00:00+09:00,206.32679748535156,213.44151464001885,206.32679748535156,206.32679748535156,0,0.0,0.0
2008-12-25 00:00:00+09:00,202.76940851403563,212.01853942871094,202.76940851403563,212.01853942871094,5000,0.0,0.0
2008-12-26 00:00:00+09:00,184.98263549804688,212.73003082275392,184.98263549804688,184.98263549804688,0,0.0,0.0
2008-12-29 00:00:00+09:00,210.59561331612724,210.59561331612724,199.21206665039065,199.21206665039062,2000,0.0,0.0
2008-12-30 00:00:00+09:00,152.25491333007812,152.25491333007812,152.25491333007812,152.25491333007812,0,0.0,0.0
2009-01-05 00:00:00+09:00,156.5237579345703,256.12978571111506,156.5237579345703,156.5237579345703,0,0.0,0.0
2009-01-06 00:00:00+09:00,156.5237579345703,256.12978571111506,156.5237579345703,156.5237579345703,0,0.0,0.0
2009-01-07 00:00:00+09:00,170.753173828125,256.1297607421875,170.753173828125,170.753173828125,0,0.0,0.0
2009-01-08 00:00:00+09:00,170.753173828125,256.1297607421875,170.753173828125,170.753173828125,0,0.0,0.0
2009-01-09 00:00:00+09:00,171.4646759033203,256.12980632861127,171.4646759033203,171.4646759033203,0,0.0,0.0
2009-01-13 00:00:00+09:00,171.4646759033203,256.12980632861127,171.4646759033203,171.4646759033203,0,0.0,0.0
2009-01-14 00:00:00+09:00,171.4646759033203,256.12980632861127,171.4646759033203,171.4646759033203,0,0.0,0.0
2009-01-15 00:00:00+09:00,171.4646759033203,256.12980632861127,171.4646759033203,171.4646759033203,0,0.0,0.0
2009-01-16 00:00:00+09:00,171.4646759033203,256.12980632861127,171.4646759033203,171.4646759033203,0,0.0,0.0
2009-01-19 00:00:00+09:00,171.4646759033203,256.12980632861127,171.4646759033203,171.4646759033203,0,0.0,0.0
2009-01-20 00:00:00+09:00,171.4646759033203,256.12980632861127,171.4646759033203,171.4646759033203,0,0.0,0.0
2009-01-21 00:00:00+09:00,144.42872619628906,256.1297607421875,144.42872619628906,144.42872619628906,0,0.0,0.0
2009-01-22 00:00:00+09:00,206.32679748535156,256.12981756802264,206.32679748535156,206.32679748535156,0,0.0,0.0
2009-01-23 00:00:00+09:00,206.32678181135736,209.17266845703125,206.32678181135736,209.17266845703125,3000,0.0,0.0
2009-01-26 00:00:00+09:00,152.25491333007812,152.25491333007812,152.25491333007812,152.25491333007812,0,0.0,0.0
2009-01-27 00:00:00+09:00,152.25491333007812,152.25491333007812,152.25491333007812,152.25491333007812,0,0.0,0.0
2009-01-28 00:00:00+09:00,160.08111572265625,160.08111572265625,160.08111572265625,160.08111572265625,0,0.0,0.0
2009-01-29 00:00:00+09:00,160.08111572265625,160.08111572265625,160.08111572265625,160.08111572265625,0,0.0,0.0
2009-01-30 00:00:00+09:00,160.08111572265625,160.08111572265625,160.08111572265625,160.08111572265625,0,0.0,0.0
2009-02-02 00:00:00+09:00,152.25491333007812,152.25491333007812,152.25491333007812,152.25491333007812,0,0.0,0.0
2009-02-03 00:00:00+09:00,209.17266845703125,209.17266845703125,209.17266845703125,209.17266845703125,0,0.0,0.0
2009-02-04 00:00:00+09:00,152.25491333007812,152.25491333007812,152.25491333007812,152.25491333007812,0,0.0,0.0
2009-02-05 00:00:00+09:00,161.5040740966797,161.5040740966797,161.5040740966797,161.5040740966797,0,0.0,0.0
2009-02-06 00:00:00+09:00,161.5040740966797,161.5040740966797,161.5040740966797,161.5040740966797,0,0.0,0.0
2009-02-09 00:00:00+09:00,206.32679748535156,206.32679748535156,206.32679748535156,206.32679748535156,1000,0.0,0.0
2009-02-10 00:00:00+09:00,206.32679748535156,206.32679748535156,206.32679748535156,206.32679748535156,1000,0.0,0.0
2009-02-12 00:00:00+09:00,177.86790466308594,177.86790466308594,177.86790466308594,177.86790466308594,0,0.0,0.0
2009-02-13 00:00:00+09:00,177.86790466308594,209.8841275024414,177.86790466308594,177.86790466308594,0,0.0,0.0
2009-02-16 00:00:00+09:00,188.5400092464754,188.5400092464754,185.69412231445312,185.69412231445312,2000,0.0,0.0
2009-02-17 00:00:00+09:00,177.86790466308594,213.44148559570314,177.86790466308594,177.86790466308594,0,0.0,0.0
2009-02-18 00:00:00+09:00,177.86790466308594,213.44148559570314,177.86790466308594,177.86790466308594,0,0.0,0.0
2009-02-19 00:00:00+09:00,177.86790466308594,213.44148559570314,177.86790466308594,177.86790466308594,0,0.0,0.0
2009-02-20 00:00:00+09:00,177.86790466308594,213.44148559570314,177.86790466308594,177.86790466308594,0,0.0,0.0
2009-02-23 00:00:00+09:00,177.86790466308594,241.90035034179687,177.86790466308594,177.86790466308594,0,0.0,0.0
2009-02-24 00:00:00+09:00,195.65472412109375,227.67095170454547,195.65472412109375,195.65472412109375,0,0.0,0.0
2009-02-25 00:00:00+09:00,204.90383911132812,204.90383911132812,204.90383911132812,204.90383911132812,3000,0.0,0.0
2009-02-26 00:00:00+09:00,177.86790466308594,227.67091796875002,177.86790466308594,177.86790466308594,0,0.0,0.0
2009-02-27 00:00:00+09:00,177.86790466308594,227.67091796875002,177.86790466308594,177.86790466308594,0,0.0,0.0
2009-03-02 00:00:00+09:00,188.5399932861328,188.5399932861328,188.5399932861328,188.5399932861328,0,0.0,0.0
2009-03-03 00:00:00+09:00,177.86790466308594,177.86790466308594,177.86790466308594,177.86790466308594,0,0.0,0.0
2009-03-04 00:00:00+09:00,177.86790466308594,209.8841275024414,177.86790466308594,177.86790466308594,0,0.0,0.0
2009-03-05 00:00:00+09:00,177.86790466308594,213.44148559570314,177.86790466308594,177.86790466308594,0,0.0,0.0
2009-03-06 00:00:00+09:00,197.78912353515625,197.78912353515625,197.78912353515625,197.78912353515625,1000,0.0,0.0
2009-03-09 00:00:00+09:00,152.25491333007812,152.25491333007812,152.25491333007812,152.25491333007812,0,0.0,0.0
2009-03-10 00:00:00+09:00,152.25491333007812,152.25491333007812,152.25491333007812,152.25491333007812,0,0.0,0.0
2009-03-11 00:00:00+09:00,152.25491333007812,152.25491333007812,152.25491333007812,152.25491333007812,0,0.0,0.0
2009-03-12 00:00:00+09:00,152.25491333007812,152.25491333007812,152.25491333007812,152.25491333007812,0,0.0,0.0
2009-03-13 00:00:00+09:00,156.5237579345703,156.5237579345703,156.5237579345703,156.5237579345703,0,0.0,0.0
2009-03-16 00:00:00+09:00,156.5237579345703,206.3267718228427,156.5237579345703,156.5237579345703,0,0.0,0.0
2009-03-17 00:00:00+09:00,156.5237579345703,192.0973392833363,156.5237579345703,156.5237579345703,0,0.0,0.0
2009-03-18 00:00:00+09:00,156.5237579345703,206.3267718228427,156.5237579345703,156.5237579345703,0,0.0,0.0
2009-03-19 00:00:00+09:00,156.5237579345703,206.3267718228427,156.5237579345703,156.5237579345703,0,0.0,0.0
2009-03-23 00:00:00+09:00,177.86790466308594,213.44148559570314,177.86790466308594,177.86790466308594,0,0.0,0.0
2009-03-24 00:00:00+09:00,213.4414825439453,213.4414825439453,213.4414825439453,213.4414825439453,1000,0.0,0.0
2009-03-25 00:00:00+09:00,206.32679748535156,206.32679748535156,206.32679748535156,206.32679748535156,3000,0.0,0.0
2009-03-26 00:00:00+09:00,148.26312255859375,148.26312255859375,148.26312255859375,148.26312255859375,0,7.5,0.0
2009-03-27 00:00:00+09:00,183.3204345703125,219.10808912786356,183.3204345703125,183.3204345703125,0,0.0,0.0
2009-03-30 00:00:00+09:00,183.3204345703125,183.3204345703125,183.3204345703125,183.3204345703125,0,0.0,0.0
2009-03-31 00:00:00+09:00,183.3204345703125,219.10808912786356,183.3204345703125,183.3204345703125,0,0.0,0.0
2009-04-01 00:00:00+09:00,183.3204345703125,219.10808912786356,183.3204345703125,183.3204345703125,0,0.0,0.0
2009-04-02 00:00:00+09:00,183.3204345703125,219.10808912786356,183.3204345703125,183.3204345703125,0,0.0,0.0
2009-04-03 00:00:00+09:00,183.3204345703125,219.10808912786356,183.3204345703125,183.3204345703125,0,0.0,0.0
2009-04-06 00:00:00+09:00,183.3204345703125,200.8490817005416,183.3204345703125,183.3204345703125,0,0.0,0.0
2009-04-07 00:00:00+09:00,182.59007263183594,200.84907989501954,182.59007263183594,182.59007263183594,0,0.0,0.0
2009-04-08 00:00:00+09:00,182.59007263183594,200.84907989501954,182.59007263183594,182.59007263183594,0,0.0,0.0
2009-04-09 00:00:00+09:00,182.59007263183594,199.38835931396486,182.59007263183594,182.59007263183594,0,0.0,0.0
2009-04-10 00:00:00+09:00,195.73656742887675,195.73656742887675,193.5454864501953,193.5454864501953,2000,0.0,0.0
2009-04-13 00:00:00+09:00,182.59007263183594,222.75988861083985,182.59007263183594,182.59007263183594,0,0.0,0.0
2009-04-14 00:00:00+09:00,182.59007263183594,222.75988861083985,182.59007263183594,182.59007263183594,0,0.0,0.0
2009-04-15 00:00:00+09:00,182.59007263183594,222.75988861083985,182.59007263183594,182.59007263183594,0,0.0,0.0
2009-04-16 00:00:00+09:00,182.59007263183594,222.75988861083985,182.59007263183594,182.59007263183594,0,0.0,0.0
2009-04-17 00:00:00+09:00,182.59007263183594,222.75988861083985,182.59007263183594,182.59007263183594,0,0.0,0.0
2009-04-20 00:00:00+09:00,182.59007263183594,251.9743002319336,182.59007263183594,182.59007263183594,0,0.0,0.0
2009-04-21 00:00:00+09:00,193.5454864501953,233.71530439268867,193.5454864501953,193.5454864501953,0,0.0,0.0
2009-04-22 00:00:00+09:00,193.5454864501953,215.45629623700987,193.5454864501953,193.5454864501953,0,0.0,0.0
2009-04-23 00:00:00+09:00,193.5454864501953,215.45629623700987,193.5454864501953,193.5454864501953,0,0.0,0.0
2009-04-24 00:00:00+09:00,203.0401611328125,203.0401611328125,203.0401611328125,203.0401611328125,1000,0.0,0.0
2009-04-27 00:00:00+09:00,212.53486633300784,212.53486633300784,212.53486633300784,212.5348663330078,2000,0.0,0.0
2009-04-28 00:00:00+09:00,182.59007263183594,212.53484454345704,182.59007263183594,182.59007263183594,0,0.0,0.0
2009-04-30 00:00:00+09:00,182.59007263183594,261.46898400878905,182.59007263183594,182.59007263183594,0,0.0,0.0
2009-05-01 00:00:00+09:00,182.59007263183594,261.46898400878905,182.59007263183594,182.59007263183594,0,0.0,0.0
2009-05-07 00:00:00+09:00,182.59007263183594,212.53484454345704,182.59007263183594,182.59007263183594,0,0.0,0.0
2009-05-08 00:00:00+09:00,212.53486633300784,212.53486633300784,212.53486633300784,212.5348663330078,1000,0.0,0.0
2009-05-11 00:00:00+09:00,182.59007263183594,260.7386237182617,182.59007263183594,182.59007263183594,0,0.0,0.0
2009-05-12 00:00:00+09:00,182.59007263183594,260.7386237182617,182.59007263183594,182.59007263183594,0,0.0,0.0
2009-05-13 00:00:00+09:00,182.59007263183594,260.7386237182617,182.59007263183594,182.59007263183594,0,0.0,0.0
2009-05-14 00:00:00+09:00,182.59007263183594,260.7386237182617,182.59007263183594,182.59007263183594,0,0.0,0.0
2009-05-15 00:00:00+09:00,194.27586364746094,194.27586364746094,194.27586364746094,194.27586364746094,1000,0.0,0.0
2009-05-18 00:00:00+09:00,194.27586364746094,252.70469481962965,194.27586364746094,194.27586364746094,0,0.0,0.0
2009-05-19 00:00:00+09:00,194.27586364746094,252.70469481962965,194.27586364746094,194.27586364746094,0,0.0,0.0
2009-05-20 00:00:00+09:00,201.57945251464844,252.70467597850856,201.57945251464844,201.57945251464844,0,0.0,0.0
2009-05-21 00:00:00+09:00,208.15269470214844,252.7046749717311,208.15269470214844,208.15269470214844,0,0.0,0.0
2009-05-22 00:00:00+09:00,211.80450439453125,232.98495483398438,211.80450439453125,211.80450439453125,0,0.0,0.0
2009-05-25 00:00:00+09:00,222.029541015625,232.98494599994862,222.029541015625,222.029541015625,0,0.0,0.0
2009-05-26 00:00:00+09:00,232.98492431640625,232.98492431640625,232.98492431640625,232.98492431640625,2000,0.0,0.0
2009-05-27 00:00:00+09:00,232.2545623779297,232.2545623779297,232.2545623779297,232.2545623779297,1000,0.0,0.0
2009-05-28 00:00:00+09:00,200.8491058349609,286.3012708629261,200.8491058349609,200.84910583496094,0,0.0,0.0
2009-05-29 00:00:00+09:00,200.8491058349609,200.8491058349609,200.8491058349609,200.84910583496094,0,0.0,0.0
2009-06-01 00:00:00+09:00,200.8491058349609,290.68343317205256,200.8491058349609,200.84910583496094,0,0.0,0.0
2009-06-02 00:00:00+09:00,205.2312469482422,232.2545783969431,205.2312469482422,205.2312469482422,0,0.0,0.0
2009-06-03 00:00:00+09:00,182.59007263183594,182.59007263183594,182.59007263183594,182.59007263183594,0,0.0,0.0
2009-06-04 00:00:00+09:00,182.59007263183594,182.59007263183594,182.59007263183594,182.59007263183594,0,0.0,0.0
2009-06-05 00:00:00+09:00,182.59007263183594,182.59007263183594,182.59007263183594,182.59007263183594,0,0.0,0.0
2009-06-08 00:00:00+09:00,205.2312469482422,232.2545783969431,205.2312469482422,205.2312469482422,0,0.0,0.0
2009-06-09 00:00:00+09:00,205.2312469482422,232.2545783969431,205.2312469482422,205.2312469482422,0,0.0,0.0
2009-06-10 00:00:00+09:00,205.2312469482422,232.2545783969431,205.2312469482422,205.2312469482422,0,0.0,0.0
2009-06-11 00:00:00+09:00,232.2545623779297,232.2545623779297,232.2545623779297,232.2545623779297,1000,0.0,0.0
2009-06-12 00:00:00+09:00,205.2312469482422,232.2545783969431,205.2312469482422,205.2312469482422,0,0.0,0.0
2009-06-15 00:00:00+09:00,205.2312469482422,232.2545783969431,205.2312469482422,205.2312469482422,0,0.0,0.0
2009-06-16 00:00:00+09:00,205.2312469482422,232.2545783969431,205.2312469482422,205.2312469482422,0,0.0,0.0
2009-06-17 00:00:00+09:00,221.29917907714844,221.29917907714844,221.29917907714844,221.29917907714844,1000,0.0,0.0
2009-06-18 00:00:00+09:00,222.029541015625,222.029541015625,222.029541015625,222.029541015625,1000,0.0,0.0
2009-06-19 00:00:00+09:00,208.883056640625,232.25458745356207,208.883056640625,208.883056640625,0,0.0,0.0
2009-06-22 00:00:00+09:00,208.883056640625,232.25458745356207,208.883056640625,208.883056640625,0,0.0,0.0
2009-06-23 00:00:00+09:00,210.34376525878906,232.2545741399129,210.34376525878906,210.34376525878906,0,0.0,0.0
2009-06-24 00:00:00+09:00,227.87240600585938,227.87240600585938,227.87240600585938,227.87240600585938,1000,0.0,0.0
2009-06-25 00:00:00+09:00,231.52423095703125,231.52423095703125,231.52423095703125,231.52423095703125,3000,0.0,0.0
2009-06-26 00:00:00+09:00,231.52423095703125,231.52423095703125,231.52423095703125,231.52423095703125,1000,0.0,0.0
2009-06-29 00:00:00+09:00,224.2206115722656,248.32250141553845,224.2206115722656,224.22061157226562,0,0.0,0.0
2009-06-30 00:00:00+09:00,231.52421455507556,231.52421455507556,224.2206115722656,224.22061157226562,3000,0.0,0.0
2009-07-01 00:00:00+09:00,222.75991821289062,248.3225317783043,222.75991821289062,222.75991821289062,0,0.0,0.0
2009-07-02 00:00:00+09:00,222.029541015625,233.71530633223685,222.029541015625,222.029541015625,0,0.0,0.0
2009-07-03 00:00:00+09:00,220.56881519074136,220.56881519074136,205.96160888671875,205.96160888671875,3000,0.0,0.0
2009-07-06 00:00:00+09:00,208.15271046122567,222.75991821289062,208.15271046122567,222.75991821289062,2000,0.0,0.0
2009-07-07 00:00:00+09:00,208.15269470214844,233.71530633223685,208.15269470214844,208.15269470214844,0,0.0,0.0
2009-07-08 00:00:00+09:00,208.15269470214844,222.75990134791326,208.15269470214844,208.15269470214844,0,0.0,0.0
2009-07-09 00:00:00+09:00,222.75991821289062,222.75991821289062,222.75991821289062,222.75991821289062,1000,0.0,0.0
2009-07-10 00:00:00+09:00,208.15269470214844,222.75990134791326,208.15269470214844,208.15269470214844,0,0.0,0.0
2009-07-13 00:00:00+09:00,219.10808498576537,219.10808498576537,215.45628356933594,215.45628356933594,2000,0.0,0.0
2009-07-14 00:00:00+09:00,220.56878662109375,233.71527059188742,220.56878662109375,220.56878662109375,0,0.0,0.0
2009-07-15 00:00:00+09:00,223.4902496337891,230.79385256299787,223.4902496337891,223.49024963378906,0,0.0,0.0
2009-07-16 00:00:00+09:00,222.75991821289062,233.71532402663934,222.75991821289062,222.75991821289062,0,0.0,0.0
2009-07-17 00:00:00+09:00,224.95095825195312,224.95095825195312,224.95095825195312,224.95095825195312,1000,0.0,0.0
2009-07-21 00:00:00+09:00,223.4902496337891,223.4902496337891,223.4902496337891,223.49024963378906,1000,0.0,0.0
2009-07-22 00:00:00+09:00,224.2206115722656,233.71529544991856,224.2206115722656,224.22061157226562,0,0.0,0.0
2009-07-23 00:00:00+09:00,227.14203882509946,238.09744262695312,227.14203882509946,238.09744262695312,4000,0.0,0.0
2009-07-24 00:00:00+09:00,238.0974492853338,241.01889038085938,238.0974492853338,241.01889038085938,13000,0.0,0.0
2009-07-27 00:00:00+09:00,208.883056640625,242.47963218422203,208.883056640625,208.883056640625,0,0.0,0.0
2009-07-28 00:00:00+09:00,208.15269470214844,242.47963031969573,208.15269470214844,208.15269470214844,0,0.0,0.0
2009-07-29 00:00:00+09:00,208.15269470214844,242.47963031969573,208.15269470214844,208.15269470214844,0,0.0,0.0
2009-07-30 00:00:00+09:00,208.15269470214844,242.47963031969573,208.15269470214844,208.15269470214844,0,0.0,0.0
2009-07-31 00:00:00+09:00,208.15269470214844,242.47963031969573,208.15269470214844,208.15269470214844,0,0.0,0.0
2009-08-03 00:00:00+09:00,241.01889038085938,241.01889038085938,241.01889038085938,241.01889038085938,2000,0.0,0.0
2009-08-04 00:00:00+09:00,189.8936767578125,242.47961801382212,189.8936767578125,189.8936767578125,0,0.0,0.0
2009-08-05 00:00:00+09:00,197.19728088378906,197.19728088378906,197.19728088378906,197.19728088378906,0,0.0,0.0
2009-08-06 00:00:00+09:00,197.19728088378906,241.01889885796442,197.19728088378906,197.19728088378906,0,0.0,0.0
2009-08-07 00:00:00+09:00,197.19728088378906,241.01889885796442,197.19728088378906,197.19728088378906,0,0.0,0.0
2009-08-10 00:00:00+09:00,226.4116973876953,241.01890367077243,226.4116973876953,226.4116973876953,0,0.0,0.0
2009-08-11 00:00:00+09:00,226.4116973876953,241.01890367077243,226.4116973876953,226.4116973876953,0,0.0,0.0
2009-08-12 00:00:00+09:00,226.4116973876953,241.01890367077243,226.4116973876953,226.4116973876953,0,0.0,0.0
2009-08-13 00:00:00+09:00,226.4116973876953,241.01890367077243,226.4116973876953,226.4116973876953,0,0.0,0.0
2009-08-14 00:00:00+09:00,226.4116973876953,241.01890367077243,226.4116973876953,226.4116973876953,0,0.0,0.0
2009-08-17 00:00:00+09:00,197.92767333984375,241.0189380153079,197.92767333984375,197.92767333984375,0,0.0,0.0
2009-08-18 00:00:00+09:00,215.45628356933594,215.45628356933594,215.45628356933594,215.45628356933594,1000,0.0,0.0
2009-08-19 00:00:00+09:00,240.28855895996094,240.28855895996094,240.28855895996094,240.28855895996094,1000,0.0,0.0
2009-08-20 00:00:00+09:00,197.92767333984375,241.0189380153079,197.92767333984375,197.92767333984375,0,0.0,0.0
2009-08-21 00:00:00+09:00,205.2312469482422,241.0189021100353,205.2312469482422,205.2312469482422,0,0.0,0.0
2009-08-24 00:00:00+09:00,241.01889038085938,241.01889038085938,241.01889038085938,241.01889038085938,1000,0.0,0.0
2009-08-25 00:00:00+09:00,244.67069510953974,244.67069510953974,242.4796142578125,242.4796142578125,2000,0.0,0.0
2009-08-26 00:00:00+09:00,208.883056640625,251.9743165769777,208.883056640625,208.883056640625,0,0.0,0.0
2009-08-27 00:00:00+09:00,208.883056640625,251.9743165769777,208.883056640625,208.883056640625,0,0.0,0.0
2009-08-28 00:00:00+09:00,208.883056640625,251.9743165769777,208.883056640625,208.883056640625,0,0.0,0.0
2009-08-31 00:00:00+09:00,208.883056640625,251.9743165769777,208.883056640625,208.883056640625,0,0.0,0.0
2009-09-02 00:00:00+09:00,200.8491058349609,251.97433277476915,200.8491058349609,200.84910583496094,0,0.0,0.0
2009-09-03 00:00:00+09:00,200.8491058349609,241.0189270019531,200.8491058349609,200.84910583496094,0,0.0,0.0
2009-09-04 00:00:00+09:00,208.883056640625,241.01891150841345,208.883056640625,208.883056640625,0,0.0,0.0
2009-09-07 00:00:00+09:00,208.883056640625,241.01891150841345,208.883056640625,208.883056640625,0,0.0,0.0
2009-09-08 00:00:00+09:00,208.883056640625,241.01891150841345,208.883056640625,208.883056640625,0,0.0,0.0
2009-09-09 00:00:00+09:00,208.883056640625,241.01891150841345,208.883056640625,208.883056640625,0,0.0,0.0
2009-09-10 00:00:00+09:00,226.4116973876953,241.01890367077243,226.4116973876953,226.4116973876953,0,0.0,0.0
2009-09-11 00:00:00+09:00,227.14205770184915,227.14205770184915,226.4116973876953,226.4116973876953,6000,0.0,0.0
2009-09-14 00:00:00+09:00,226.4116973876953,226.4116973876953,226.4116973876953,226.4116973876953,0,0.0,0.0
2009-09-15 00:00:00+09:00,226.4116973876953,284.8405225200038,226.4116973876953,226.4116973876953,0,0.0,0.0
2009-09-16 00:00:00+09:00,241.01889038085938,241.01889038085938,241.01889038085938,241.01889038085938,1000,0.0,0.0
2009-09-17 00:00:00+09:00,230.06353759765625,233.71533978174602,230.06353759765625,230.06353759765625,0,0.0,0.0
2009-09-18 00:00:00+09:00,230.06353759765625,233.71533978174602,230.06353759765625,230.06353759765625,0,0.0,0.0
2009-09-21 00:00:00+09:00,230.06353759765625,230.06353759765625,230.06353759765625,230.06353759765625,0,0.0,0.0
2009-09-24 00:00:00+09:00,233.7152862548828,233.7152862548828,233.7152862548828,233.7152862548828,1000,0.0,0.0
2009-09-25 00:00:00+09:00,245.4010467529297,245.4010467529297,245.4010467529297,245.4010467529297,2000,0.0,0.0
2009-09-28 00:00:00+09:00,226.4116973876953,303.829890688004,226.4116973876953,226.4116973876953,0,0.0,0.0
2009-09-29 00:00:00+09:00,226.4116973876953,259.27791152461884,226.4116973876953,226.4116973876953,0,0.0,0.0
2009-09-30 00:00:00+09:00,226.4116973876953,241.01890367077243,226.4116973876953,226.4116973876953,0,0.0,0.0
2009-10-01 00:00:00+09:00,226.4116973876953,240.28854335661856,226.4116973876953,226.4116973876953,0,0.0,0.0
2009-10-02 00:00:00+09:00,226.4116973876953,240.28854335661856,226.4116973876953,226.4116973876953,0,0.0,0.0
2009-10-05 00:00:00+09:00,230.06353759765625,233.71533978174602,230.06353759765625,230.06353759765625,0,0.0,0.0
2009-10-06 00:00:00+09:00,227.14207458496094,233.71531790092445,227.14207458496094,227.14207458496094,0,0.0,0.0
2009-10-07 00:00:00+09:00,226.4116973876953,233.71530052923387,226.4116973876953,226.4116973876953,0,0.0,0.0
2009-10-08 00:00:00+09:00,226.4116973876953,233.71530052923387,226.4116973876953,226.4116973876953,0,0.0,0.0
2009-10-09 00:00:00+09:00,227.14205770184915,227.14205770184915,226.4116973876953,226.4116973876953,2000,0.0,0.0
2009-10-13 00:00:00+09:00,226.4116973876953,226.4116973876953,226.4116973876953,226.4116973876953,0,0.0,0.0
2009-10-14 00:00:00+09:00,226.4116973876953,284.8405225200038,226.4116973876953,226.4116973876953,0,0.0,0.0
2009-10-15 00:00:00+09:00,226.4116973876953,284.8405225200038,226.4116973876953,226.4116973876953,0,0.0,0.0
2009-10-16 00:00:00+09:00,226.4116973876953,226.4116973876953,226.4116973876953,226.4116973876953,0,0.0,0.0
2009-10-19 00:00:00+09:00,237.36709594726562,237.36709594726562,237.36709594726562,237.36709594726562,1000,0.0,0.0
2009-10-20 00:00:00+09:00,226.4116973876953,295.7959272323116,226.4116973876953,226.4116973876953,0,0.0,0.0
2009-10-21 00:00:00+09:00,226.4116973876953,295.7959272323116,226.4116973876953,226.4116973876953,0,0.0,0.0
2009-10-22 00:00:00+09:00,230.06353759765625,230.06353759765625,230.06353759765625,230.06353759765625,1000,0.0,0.0
2009-10-23 00:00:00+09:00,226.4116973876953,226.4116973876953,226.4116973876953,226.4116973876953,3000,0.0,0.0
2009-10-26 00:00:00+09:00,241.74925231933594,241.74925231933594,241.74925231933594,241.74925231933594,1000,0.0,0.0
2009-10-27 00:00:00+09:00,241.74925231933594,241.74925231933594,241.74925231933594,241.74925231933594,0,0.0,0.0
2009-10-28 00:00:00+09:00,212.53486633300784,299.44774981626534,212.53486633300784,212.5348663330078,0,0.0,0.0
2009-10-29 00:00:00+09:00,241.74925231933594,241.74925231933594,241.74925231933594,241.74925231933594,0,0.0,0.0
2009-10-30 00:00:00+09:00,241.74925231933594,241.74925231933594,241.74925231933594,241.74925231933594,0,0.0,0.0
2009-11-02 00:00:00+09:00,241.74925231933594,241.74925231933594,241.74925231933594,241.74925231933594,0,0.0,0.0
2009-11-04 00:00:00+09:00,212.53486633300784,299.44774981626534,212.53486633300784,212.5348663330078,0,0.0,0.0
2009-11-05 00:00:00+09:00,241.74925231933594,241.74925231933594,241.74925231933594,241.74925231933594,0,0.0,0.0
2009-11-06 00:00:00+09:00,241.74925231933594,241.74925231933594,241.74925231933594,241.74925231933594,0,0.0,0.0
2009-11-09 00:00:00+09:00,241.74925231933594,241.74925231933594,241.74925231933594,241.74925231933594,0,0.0,0.0
2009-11-10 00:00:00+09:00,208.883056640625,299.4477385407561,208.883056640625,208.883056640625,0,0.0,0.0
2009-11-11 00:00:00+09:00,241.74925231933594,241.74925231933594,241.74925231933594,241.74925231933594,0,0.0,0.0
2009-11-12 00:00:00+09:00,241.74925231933594,241.74925231933594,241.74925231933594,241.74925231933594,0,0.0,0.0
2009-11-13 00:00:00+09:00,208.883056640625,299.4477385407561,208.883056640625,208.883056640625,0,0.0,0.0
2009-11-16 00:00:00+09:00,208.883056640625,299.4477385407561,208.883056640625,208.883056640625,0,0.0,0.0
2009-11-17 00:00:00+09:00,241.74925231933594,241.74925231933594,241.74925231933594,241.74925231933594,0,0.0,0.0
2009-11-18 00:00:00+09:00,241.74925231933594,241.74925231933594,241.74925231933594,241.74925231933594,0,0.0,0.0
2009-11-19 00:00:00+09:00,241.01889038085938,241.01889038085938,241.01889038085938,241.01889038085938,1000,0.0,0.0
2009-11-20 00:00:00+09:00,241.01889038085938,241.01889038085938,241.01889038085938,241.01889038085938,1000,0.0,0.0
2009-11-24 00:00:00+09:00,241.01891932154138,241.01891932154138,240.28855895996094,240.28855895996094,2000,0.0,0.0
2009-11-25 00:00:00+09:00,240.288530106978,241.01889038085938,240.288530106978,241.01889038085938,4000,0.0,0.0
2009-11-26 00:00:00+09:00,189.8936767578125,241.0188974233774,189.8936767578125,189.8936767578125,0,0.0,0.0
2009-11-27 00:00:00+09:00,241.01889038085938,241.01889038085938,241.01889038085938,241.01889038085938,1000,0.0,0.0
2009-11-30 00:00:00+09:00,193.5454864501953,240.28854732873305,193.5454864501953,193.5454864501953,0,0.0,0.0
2009-12-01 00:00:00+09:00,193.5454864501953,240.28854732873305,193.5454864501953,193.5454864501953,0,0.0,0.0
2009-12-02 00:00:00+09:00,190.62405395507812,240.2885584337958,190.62405395507812,190.62405395507812,0,0.0,0.0
2009-12-03 00:00:00+09:00,190.62405395507812,240.2885584337958,190.62405395507812,190.62405395507812,0,0.0,0.0
2009-12-04 00:00:00+09:00,190.62405395507812,240.2885584337958,190.62405395507812,190.62405395507812,0,0.0,0.0
2009-12-07 00:00:00+09:00,193.5454864501953,240.28854732873305,193.5454864501953,193.5454864501953,0,0.0,0.0
2009-12-08 00:00:00+09:00,193.5454864501953,240.28854732873305,193.5454864501953,193.5454864501953,0,0.0,0.0
2009-12-09 00:00:00+09:00,193.5454864501953,232.9849440664615,193.5454864501953,193.5454864501953,0,0.0,0.0
2009-12-10 00:00:00+09:00,193.5454864501953,232.9849440664615,193.5454864501953,193.5454864501953,0,0.0,0.0
2009-12-11 00:00:00+09:00,193.5454864501953,232.9849440664615,193.5454864501953,193.5454864501953,0,0.0,0.0
2009-12-14 00:00:00+09:00,183.3204345703125,225.68133180169946,183.3204345703125,183.3204345703125,0,0.0,0.0
2009-12-15 00:00:00+09:00,203.77053833007812,203.77053833007812,203.77053833007812,203.77053833007812,1000,0.0,0.0
2009-12-16 00:00:00+09:00,204.50088500976562,219.10809108189173,204.50088500976562,204.50088500976562,0,0.0,0.0
2009-12-17 00:00:00+09:00,204.50088500976562,225.68133381434848,204.50088500976562,204.50088500976562,0,0.0,0.0
2009-12-18 00:00:00+09:00,204.50088500976562,222.02953229631694,204.50088500976562,204.50088500976562,0,0.0,0.0
2009-12-21 00:00:00+09:00,218.3777393541838,222.029541015625,218.3777393541838,222.029541015625,3000,0.0,0.0
2009-12-22 00:00:00+09:00,222.02953614903447,222.02953614903447,219.8384552001953,219.8384552001953,2000,0.0,0.0
2009-12-24 00:00:00+09:00,222.7598900428185,237.36709594726562,222.7598900428185,237.36709594726562,2000,0.0,0.0
2009-12-25 00:00:00+09:00,295.79595947265625,295.79595947265625,295.79595947265625,295.79595947265625,1000,0.0,0.0
2009-12-28 00:00:00+09:00,295.79595947265625,295.79595947265625,295.79595947265625,295.79595947265625,1000,0.0,0.0
2009-12-29 00:00:00+09:00,295.79595947265625,295.79595947265625,295.79595947265625,295.79595947265625,0,0.0,0.0
2009-12-30 00:00:00+09:00,295.79595947265625,295.79595947265625,295.79595947265625,295.79595947265625,0,0.0,0.0
2010-01-04 00:00:00+09:00,237.36709594726562,291.41375779372,237.36709594726562,237.36709594726562,0,0.0,0.0
2010-01-05 00:00:00+09:00,241.74925231933594,291.4137512852418,241.74925231933594,241.74925231933594,0,0.0,0.0
2010-01-06 00:00:00+09:00,241.74925231933594,270.2333031968408,241.74925231933594,241.74925231933594,0,0.0,0.0
2010-01-07 00:00:00+09:00,227.14207458496094,270.2333363229439,227.14207458496094,227.14207458496094,0,0.0,0.0
2010-01-08 00:00:00+09:00,227.14207458496094,270.2333363229439,227.14207458496094,227.14207458496094,0,0.0,0.0
2010-01-12 00:00:00+09:00,227.14207458496094,262.92973263854,227.14207458496094,227.14207458496094,0,0.0,0.0
2010-01-13 00:00:00+09:00,227.14207458496094,262.92973263854,227.14207458496094,227.14207458496094,0,0.0,0.0
2010-01-14 00:00:00+09:00,227.14207458496094,241.01892158532831,227.14207458496094,227.14207458496094,0,0.0,0.0
2010-01-15 00:00:00+09:00,208.15269470214844,241.01890965511924,208.15269470214844,208.15269470214844,0,0.0,0.0
2010-01-18 00:00:00+09:00,208.15269470214844,255.62611630088406,208.15269470214844,208.15269470214844,0,0.0,0.0
2010-01-19 00:00:00+09:00,208.15269470214844,255.62611630088406,208.15269470214844,208.15269470214844,0,0.0,0.0
2010-01-20 00:00:00+09:00,255.6261444091797,255.6261444091797,255.6261444091797,255.6261444091797,1000,0.0,0.0
2010-01-21 00:00:00+09:00,255.6261444091797,255.6261444091797,255.6261444091797,255.6261444091797,2000,0.0,0.0
2010-01-22 00:00:00+09:00,277.5368957519531,277.5368957519531,277.5368957519531,277.5368957519531,2000,0.0,0.0
2010-01-25 00:00:00+09:00,284.8404846191406,284.8404846191406,284.8404846191406,284.8404846191406,1000,0.0,0.0
2010-01-26 00:00:00+09:00,284.8404846191406,284.8404846191406,284.8404846191406,284.8404846191406,1000,0.0,0.0
2010-01-27 00:00:00+09:00,284.8404846191406,284.8404846191406,284.8404846191406,284.8404846191406,0,0.0,0.0
2010-01-28 00:00:00+09:00,231.52423095703125,284.8405365086504,231.52423095703125,231.52423095703125,0,0.0,0.0
2010-01-29 00:00:00+09:00,231.52423095703125,284.8405365086504,231.52423095703125,231.52423095703125,0,0.0,0.0
2010-02-01 00:00:00+09:00,243.94033813476562,243.94033813476562,243.94033813476562,243.94033813476562,1000,0.0,0.0
2010-02-02 00:00:00+09:00,278.9976501464844,278.9976501464844,278.9976501464844,278.9976501464844,1000,0.0,0.0
2010-02-03 00:00:00+09:00,238.09744262695312,277.53689631362636,238.09744262695312,238.09744262695312,0,0.0,0.0
2010-02-04 00:00:00+09:00,251.2439422607422,251.2439422607422,251.2439422607422,251.2439422607422,1000,0.0,0.0
2010-02-05 00:00:00+09:00,197.19728088378906,277.5369138364439,197.19728088378906,197.19728088378906,0,0.0,0.0
2010-02-08 00:00:00+09:00,219.1080780029297,281.18870010375974,219.1080780029297,219.1080780029297,0,0.0,0.0
2010-02-09 00:00:00+09:00,219.1080780029297,281.18870010375974,219.1080780029297,219.1080780029297,0,0.0,0.0
2010-02-10 00:00:00+09:00,219.1080780029297,281.18870010375974,219.1080780029297,219.1080780029297,0,0.0,0.0
2010-02-12 00:00:00+09:00,219.1080780029297,281.18870010375974,219.1080780029297,219.1080780029297,0,0.0,0.0
2010-02-15 00:00:00+09:00,202.309814453125,281.1887312796142,202.309814453125,202.309814453125,0,0.0,0.0
2010-02-16 00:00:00+09:00,202.309814453125,281.1887312796142,202.309814453125,202.309814453125,0,0.0,0.0
2010-02-17 00:00:00+09:00,258.54754638671875,281.1887157030698,258.54754638671875,258.54754638671875,0,0.0,0.0
2010-02-18 00:00:00+09:00,258.54754638671875,281.1887157030698,258.54754638671875,258.54754638671875,0,0.0,0.0
2010-02-19 00:00:00+09:00,258.54754638671875,258.54754638671875,258.54754638671875,258.54754638671875,1000,0.0,0.0
2010-02-22 00:00:00+09:00,262.9296875,262.9296875,262.9296875,262.9296875,1000,0.0,0.0
2010-02-23 00:00:00+09:00,320.628173828125,320.628173828125,320.628173828125,320.628173828125,2000,0.0,0.0
2010-02-24 00:00:00+09:00,320.6281602339311,321.3585205078125,314.78527804287995,321.3585205078125,4000,0.0,0.0
2010-02-25 00:00:00+09:00,310.4031677246094,310.4031677246094,310.4031677246094,310.4031677246094,1000,0.0,0.0
2010-02-26 00:00:00+09:00,299.44775390625,299.44775390625,299.44775390625,299.44775390625,1000,0.0,0.0
2010-03-01 00:00:00+09:00,249.7832489013672,317.70676395349335,249.7832489013672,249.7832489013672,0,0.0,0.0
2010-03-02 00:00:00+09:00,252.70465087890628,306.7513103154354,252.70465087890628,252.70465087890625,0,0.0,0.0
2010-03-03 00:00:00+09:00,255.6261444091797,306.7513732910156,255.6261444091797,255.6261444091797,0,0.0,0.0
2010-03-04 00:00:00+09:00,255.6261444091797,306.7513732910156,255.6261444091797,255.6261444091797,0,0.0,0.0
2010-03-05 00:00:00+09:00,255.6261444091797,306.021012878418,255.6261444091797,255.6261444091797,0,0.0,0.0
2010-03-08 00:00:00+09:00,255.6261444091797,292.1441650390625,255.6261444091797,255.6261444091797,0,0.0,0.0
2010-03-09 00:00:00+09:00,256.3564453125,292.14409722222223,256.3564453125,256.3564453125,0,0.0,0.0
2010-03-10 00:00:00+09:00,255.6261444091797,292.1441650390625,255.6261444091797,255.6261444091797,0,0.0,0.0
2010-03-11 00:00:00+09:00,255.6261444091797,292.1441650390625,255.6261444091797,255.6261444091797,0,0.0,0.0
2010-03-12 00:00:00+09:00,255.6261444091797,292.1441650390625,255.6261444091797,255.6261444091797,0,0.0,0.0
2010-03-15 00:00:00+09:00,292.14410400390625,292.14410400390625,292.14410400390625,292.14410400390625,1000,0.0,0.0
2010-03-16 00:00:00+09:00,262.9296875,292.14409722222223,262.9296875,262.9296875,0,0.0,0.0
2010-03-17 00:00:00+09:00,263.66009521484375,292.1441498225415,263.66009521484375,263.66009521484375,0,0.0,0.0
2010-03-18 00:00:00+09:00,263.66009521484375,292.1441498225415,263.66009521484375,263.66009521484375,0,0.0,0.0
2010-03-19 00:00:00+09:00,266.5815124511719,292.144123234161,266.5815124511719,266.5815124511719,0,0.0,0.0
2010-03-23 00:00:00+09:00,292.14410400390625,292.14410400390625,292.14410400390625,292.14410400390625,1000,0.0,0.0
2010-03-24 00:00:00+09:00,292.1441359747024,306.7513427734375,292.1441359747024,306.7513427734375,2000,0.0,0.0
2010-03-25 00:00:00+09:00,306.7513427734375,306.7513427734375,306.7513427734375,306.7513427734375,2000,0.0,0.0
2010-03-26 00:00:00+09:00,314.0549011230469,314.0549011230469,314.0549011230469,314.0549011230469,1000,0.0,0.0
2010-03-29 00:00:00+09:00,261.7124328613281,309.6316107091769,261.7124328613281,261.7124328613281,0,4.0,0.0
2010-03-30 00:00:00+09:00,261.7124328613281,331.748154331261,261.7124328613281,261.7124328613281,0,0.0,0.0
2010-03-31 00:00:00+09:00,261.7124328613281,317.0037919165383,261.7124328613281,261.7124328613281,0,0.0,0.0
2010-04-01 00:00:00+09:00,261.7124328613281,317.0037919165383,261.7124328613281,261.7124328613281,0,0.0,0.0
2010-04-02 00:00:00+09:00,291.201171875,298.5733534414557,287.5150810917722,291.201171875,4000,0.0,0.0
2010-04-05 00:00:00+09:00,261.7124328613281,317.0037919165383,261.7124328613281,261.7124328613281,0,0.0,0.0
2010-04-06 00:00:00+09:00,261.7124328613281,317.0037919165383,261.7124328613281,261.7124328613281,0,0.0,0.0
2010-04-07 00:00:00+09:00,261.7124328613281,317.0037919165383,261.7124328613281,261.7124328613281,0,0.0,0.0
2010-04-08 00:00:00+09:00,261.7124328613281,317.0037919165383,261.7124328613281,261.7124328613281,0,0.0,0.0
2010-04-09 00:00:00+09:00,294.1500244140625,294.1500244140625,294.1500244140625,294.1500244140625,1000,0.0,0.0
2010-04-12 00:00:00+09:00,273.5079040527344,294.1500100189785,273.5079040527344,273.5079040527344,0,0.0,0.0
2010-04-13 00:00:00+09:00,273.5079040527344,294.1500100189785,273.5079040527344,273.5079040527344,0,0.0,0.0
2010-04-14 00:00:00+09:00,273.5079040527344,294.1500100189785,273.5079040527344,273.5079040527344,0,0.0,0.0
2010-04-15 00:00:00+09:00,273.5079040527344,294.1500100189785,273.5079040527344,273.5079040527344,0,0.0,0.0
2010-04-16 00:00:00+09:00,266.1357727050781,294.1500645687705,266.1357727050781,266.1357727050781,0,0.0,0.0
2010-04-19 00:00:00+09:00,273.5079040527344,294.1500100189785,273.5079040527344,273.5079040527344,0,0.0,0.0
2010-04-20 00:00:00+09:00,294.1500244140625,294.1500244140625,294.1500244140625,294.1500244140625,1000,0.0,0.0
2010-04-21 00:00:00+09:00,294.8872375488281,294.8872375488281,294.8872375488281,294.8872375488281,3000,0.0,0.0
2010-04-22 00:00:00+09:00,294.88720940154735,309.6315698716247,294.88720940154735,303.73382568359375,3000,0.0,0.0
2010-04-23 00:00:00+09:00,305.945556640625,309.631647684488,302.259465596762,305.945556640625,1900,0.0,0.0
2010-04-26 00:00:00+09:00,294.8872375488281,294.8872375488281,294.8872375488281,294.8872375488281,1000,0.0,0.0
2010-04-27 00:00:00+09:00,274.2451477050781,292.67560117988177,274.2451477050781,274.2451477050781,0,0.0,0.0
2010-04-28 00:00:00+09:00,274.2451477050781,291.9383830408896,274.2451477050781,274.2451477050781,0,0.0,0.0
2010-04-30 00:00:00+09:00,265.3985290527344,291.9383819580078,265.3985290527344,265.3985290527344,0,0.0,0.0
2010-05-06 00:00:00+09:00,277.19403076171875,277.19403076171875,277.19403076171875,277.19403076171875,1000,0.0,0.0
2010-05-07 00:00:00+09:00,283.0917663574219,283.0917663574219,283.0917663574219,283.0917663574219,2000,0.0,0.0
2010-05-10 00:00:00+09:00,266.1357727050781,266.1357727050781,266.1357727050781,266.1357727050781,2000,0.0,0.0
2010-05-11 00:00:00+09:00,266.1357727050781,287.51510070631707,266.1357727050781,266.1357727050781,0,0.0,0.0
2010-05-12 00:00:00+09:00,260.9752197265625,286.7778544452904,260.9752197265625,260.9752197265625,0,0.0,0.0
2010-05-13 00:00:00+09:00,261.7124328613281,286.7778489663567,261.7124328613281,261.7124328613281,0,0.0,0.0
2010-05-14 00:00:00+09:00,262.44964599609375,286.77784351820355,262.44964599609375,262.44964599609375,0,0.0,0.0
2010-05-17 00:00:00+09:00,262.44964599609375,286.77784351820355,262.44964599609375,262.44964599609375,0,0.0,0.0
2010-05-18 00:00:00+09:00,250.65414428710938,286.7778297873104,250.65414428710938,250.65414428710938,0,0.0,0.0
2010-05-19 00:00:00+09:00,255.81463623046875,286.77779104798947,255.81463623046875,255.81463623046875,0,0.0,0.0
2010-05-20 00:00:00+09:00,277.9312905158786,277.9312905158786,266.8730163574219,266.8730163574219,2000,0.0,0.0
2010-05-21 00:00:00+09:00,277.93126434722507,283.8290100097656,277.93126434722507,283.8290100097656,2000,0.0,0.0
2010-05-24 00:00:00+09:00,287.51505585491356,290.46392822265625,287.51505585491356,290.46392822265625,2000,0.0,0.0
2010-05-25 00:00:00+09:00,290.46392822265625,290.46392822265625,290.46392822265625,290.46392822265625,1000,0.0,0.0
2010-05-26 00:00:00+09:00,291.201171875,291.201171875,291.201171875,291.201171875,1000,0.0,0.0
2010-05-27 00:00:00+09:00,243.28201293945312,291.2011973063151,243.28201293945312,243.28201293945312,0,0.0,0.0
2010-05-28 00:00:00+09:00,241.80752563476562,291.20113605406226,241.80752563476562,241.80752563476562,0,0.0,0.0
2010-05-31 00:00:00+09:00,270.5590515136719,291.2011589861046,270.5590515136719,270.5590515136719,0,0.0,0.0
2010-06-01 00:00:00+09:00,245.4936065673828,291.2011249072559,245.4936065673828,245.4936065673828,0,0.0,0.0
2010-06-02 00:00:00+09:00,245.4936065673828,291.2011249072559,245.4936065673828,245.4936065673828,0,0.0,0.0
2010-06-03 00:00:00+09:00,245.4936065673828,291.2011249072559,245.4936065673828,245.4936065673828,0,0.0,0.0
2010-06-04 00:00:00+09:00,245.4936065673828,291.2011249072559,245.4936065673828,245.4936065673828,0,0.0,0.0
2010-06-07 00:00:00+09:00,258.0263671875,291.2011858258929,258.0263671875,258.0263671875,0,0.0,0.0
2010-06-08 00:00:00+09:00,258.0263671875,291.2011858258929,258.0263671875,258.0263671875,0,0.0,0.0
2010-06-09 00:00:00+09:00,258.0263671875,291.2011858258929,258.0263671875,258.0263671875,0,0.0,0.0
2010-06-10 00:00:00+09:00,258.0263671875,291.2011858258929,258.0263671875,258.0263671875,0,0.0,0.0
2010-06-11 00:00:00+09:00,265.3985290527344,291.2011638217502,265.3985290527344,265.3985290527344,0,0.0,0.0
2010-06-14 00:00:00+09:00,269.08465576171875,291.20120281062714,269.08465576171875,269.08465576171875,0,0.0,0.0
2010-06-15 00:00:00+09:00,269.08465576171875,291.20120281062714,269.08465576171875,269.08465576171875,0,0.0,0.0
2010-06-16 00:00:00+09:00,270.5590515136719,291.2011589861046,270.5590515136719,270.5590515136719,0,0.0,0.0
2010-06-17 00:00:00+09:00,272.770751953125,287.5151169235642,272.770751953125,272.770751953125,0,0.0,0.0
2010-06-18 00:00:00+09:00,272.770751953125,291.201208166174,272.770751953125,272.770751953125,0,0.0,0.0
2010-06-21 00:00:00+09:00,291.201171875,291.201171875,291.201171875,291.201171875,1000,0.0,0.0
2010-06-22 00:00:00+09:00,291.93841552734375,291.93841552734375,291.93841552734375,291.93841552734375,1000,0.0,0.0
2010-06-23 00:00:00+09:00,293.4128208258213,293.4128208258213,287.51507568359375,287.51507568359375,3000,0.0,0.0
2010-06-24 00:00:00+09:00,287.51507568359375,293.4128208258213,287.51507568359375,287.51507568359375,3200,0.0,0.0
2010-06-25 00:00:00+09:00,291.93841552734375,291.93841552734375,291.93841552734375,291.93841552734375,1000,0.0,0.0
2010-06-28 00:00:00+09:00,292.6756591796875,292.6756591796875,292.6756591796875,292.6756591796875,1000,0.0,0.0
2010-06-29 00:00:00+09:00,262.44964599609375,291.20115215858715,262.44964599609375,262.44964599609375,0,0.0,0.0
2010-06-30 00:00:00+09:00,262.44964599609375,291.20115215858715,262.44964599609375,262.44964599609375,0,0.0,0.0
2010-07-01 00:00:00+09:00,262.44964599609375,291.20115215858715,262.44964599609375,262.44964599609375,0,0.0,0.0
2010-07-02 00:00:00+09:00,262.44964599609375,291.20115215858715,262.44964599609375,262.44964599609375,0,0.0,0.0
2010-07-05 00:00:00+09:00,265.3985290527344,291.2011638217502,265.3985290527344,265.3985290527344,0,0.0,0.0
2010-07-06 00:00:00+09:00,272.0335388183594,291.2012136402492,272.0335388183594,272.0335388183594,0,0.0,0.0
2010-07-07 00:00:00+09:00,272.770751953125,291.201208166174,272.770751953125,272.770751953125,0,0.0,0.0
2010-07-08 00:00:00+09:00,272.770751953125,291.201208166174,272.770751953125,272.770751953125,0,0.0,0.0
2010-07-09 00:00:00+09:00,272.770751953125,291.201208166174,272.770751953125,272.770751953125,0,0.0,0.0
2010-07-12 00:00:00+09:00,272.770751953125,287.5151169235642,272.770751953125,272.770751953125,0,0.0,0.0
2010-07-13 00:00:00+09:00,272.770751953125,287.5151169235642,272.770751953125,272.770751953125,0,0.0,0.0
2010-07-14 00:00:00+09:00,280.880126953125,280.880126953125,280.880126953125,280.880126953125,1000,0.0,0.0
2010-07-15 00:00:00+09:00,281.6173095703125,287.5150542733557,281.6173095703125,281.6173095703125,0,0.0,0.0
2010-07-16 00:00:00+09:00,283.0917663574219,283.0917663574219,283.0917663574219,283.0917663574219,1000,0.0,0.0
2010-07-21 00:00:00+09:00,291.93841552734375,291.93841552734375,291.93841552734375,291.93841552734375,2000,0.0,0.0
2010-07-22 00:00:00+09:00,292.6756591796875,292.6756591796875,292.6756591796875,292.6756591796875,2000,0.0,0.0
2010-07-23 00:00:00+09:00,293.4128112792969,293.4128112792969,293.4128112792969,293.4128112792969,4000,0.0,0.0
2010-07-26 00:00:00+09:00,294.8872375488281,294.8872375488281,294.8872375488281,294.8872375488281,3000,0.0,0.0
2010-07-27 00:00:00+09:00,294.8872375488281,294.8872375488281,294.8872375488281,294.8872375488281,0,0.0,0.0
2010-07-28 00:00:00+09:00,239.59588623046875,287.5150634765625,239.59588623046875,239.59588623046875,0,0.0,0.0
2010-07-29 00:00:00+09:00,287.51507568359375,287.51507568359375,287.51507568359375,287.51507568359375,0,0.0,0.0
2010-07-30 00:00:00+09:00,287.51507568359375,287.51507568359375,287.51507568359375,287.51507568359375,0,0.0,0.0
2010-08-02 00:00:00+09:00,245.4936065673828,287.5150347185565,245.4936065673828,245.4936065673828,0,0.0,0.0
2010-08-03 00:00:00+09:00,245.4936065673828,287.5150347185565,245.4936065673828,245.4936065673828,0,0.0,0.0
2010-08-04 00:00:00+09:00,265.3985290527344,287.5150731404622,265.3985290527344,265.3985290527344,0,0.0,0.0
2010-08-05 00:00:00+09:00,265.3985290527344,294.8872545030382,265.3985290527344,265.3985290527344,0,0.0,0.0
2010-08-06 00:00:00+09:00,265.3985290527344,287.5150731404622,265.3985290527344,265.3985290527344,0,0.0,0.0
2010-08-09 00:00:00+09:00,265.3985290527344,280.1428917778863,265.3985290527344,265.3985290527344,0,0.0,0.0
2010-08-10 00:00:00+09:00,265.3985290527344,280.1428917778863,265.3985290527344,265.3985290527344,0,0.0,0.0
2010-08-11 00:00:00+09:00,265.3985290527344,280.1428917778863,265.3985290527344,265.3985290527344,0,0.0,0.0
2010-08-12 00:00:00+09:00,265.3985290527344,277.1940192328559,265.3985290527344,265.3985290527344,0,0.0,0.0
2010-08-13 00:00:00+09:00,265.3985290527344,277.1940192328559,265.3985290527344,265.3985290527344,0,0.0,0.0
2010-08-16 00:00:00+09:00,265.3985290527344,277.1940192328559,265.3985290527344,265.3985290527344,0,0.0,0.0
2010-08-17 00:00:00+09:00,265.3985290527344,277.1940192328559,265.3985290527344,265.3985290527344,0,0.0,0.0
2010-08-18 00:00:00+09:00,294.8872375488281,294.8872375488281,294.8872375488281,294.8872375488281,300,0.0,0.0
2010-08-19 00:00:00+09:00,265.3985290527344,277.1940192328559,265.3985290527344,265.3985290527344,0,0.0,0.0
2010-08-20 00:00:00+09:00,281.6173095703125,281.6173095703125,281.6173095703125,281.6173095703125,1000,0.0,0.0
2010-08-23 00:00:00+09:00,287.51507568359375,287.51507568359375,287.51507568359375,287.51507568359375,2000,0.0,0.0
2010-08-24 00:00:00+09:00,287.51507568359375,287.51507568359375,287.51507568359375,287.51507568359375,2000,0.0,0.0
2010-08-25 00:00:00+09:00,276.456787109375,276.456787109375,276.456787109375,276.456787109375,1000,0.0,0.0
2010-08-26 00:00:00+09:00,293.4128112792969,293.4128112792969,293.4128112792969,293.4128112792969,2000,0.0,0.0
2010-08-27 00:00:00+09:00,245.4936065673828,293.41277902047557,245.4936065673828,245.4936065673828,0,0.0,0.0
2010-08-30 00:00:00+09:00,250.65414428710938,293.4127924302045,250.65414428710938,250.65414428710938,0,0.0,0.0
2010-08-31 00:00:00+09:00,245.4936065673828,293.41277902047557,245.4936065673828,245.4936065673828,0,0.0,0.0
2010-09-01 00:00:00+09:00,245.4936065673828,293.41277902047557,245.4936065673828,245.4936065673828,0,0.0,0.0
2010-09-02 00:00:00+09:00,254.34022521972656,293.4127815578295,254.34022521972656,254.34022521972656,0,0.0,0.0
2010-09-03 00:00:00+09:00,254.34022521972656,293.4127815578295,254.34022521972656,254.34022521972656,0,0.0,0.0
2010-09-06 00:00:00+09:00,276.456787109375,276.456787109375,276.456787109375,276.456787109375,3000,0.0,0.0
2010-09-07 00:00:00+09:00,261.7124328613281,293.41281205298196,261.7124328613281,261.7124328613281,0,0.0,0.0
2010-09-08 00:00:00+09:00,261.7124328613281,293.41281205298196,261.7124328613281,261.7124328613281,0,0.0,0.0
2010-09-09 00:00:00+09:00,276.456787109375,276.456787109375,276.456787109375,276.456787109375,1000,0.0,0.0
2010-09-10 00:00:00+09:00,261.7124328613281,293.41281205298196,261.7124328613281,261.7124328613281,0,0.0,0.0
2010-09-13 00:00:00+09:00,261.7124328613281,294.88724829445425,261.7124328613281,261.7124328613281,0,0.0,0.0
2010-09-14 00:00:00+09:00,261.7124328613281,294.88724829445425,261.7124328613281,261.7124328613281,0,0.0,0.0
2010-09-16 00:00:00+09:00,261.7124328613281,294.88724829445425,261.7124328613281,261.7124328613281,0,0.0,0.0
2010-09-17 00:00:00+09:00,276.456787109375,276.456787109375,276.456787109375,276.456787109375,2000,0.0,0.0
2010-09-21 00:00:00+09:00,293.4128112792969,293.4128112792969,293.4128112792969,293.4128112792969,1000,0.0,0.0
2010-09-22 00:00:00+09:00,291.938394762806,291.938394762806,286.0406494140625,286.0406494140625,2000,0.0,0.0
2010-09-24 00:00:00+09:00,288.252329614704,288.252329614704,282.3545837402344,282.3545837402344,4000,0.0,0.0
2010-09-27 00:00:00+09:00,282.3545837402344,282.3545837402344,282.3545837402344,282.3545837402344,1000,0.0,0.0
2010-09-28 00:00:00+09:00,246.9680633544922,294.8872398262593,246.9680633544922,246.9680633544922,0,0.0,0.0
2010-09-29 00:00:00+09:00,245.4936065673828,294.88721509595536,245.4936065673828,245.4936065673828,0,0.0,0.0
2010-09-30 00:00:00+09:00,245.4936065673828,276.45676415245816,245.4936065673828,245.4936065673828,0,0.0,0.0
2010-10-01 00:00:00+09:00,245.4936065673828,276.45676415245816,245.4936065673828,245.4936065673828,0,0.0,0.0
2010-10-04 00:00:00+09:00,258.0263671875,276.45682198660717,258.0263671875,258.0263671875,0,0.0,0.0
2010-10-05 00:00:00+09:00,258.0263671875,276.45682198660717,258.0263671875,258.0263671875,0,0.0,0.0
2010-10-06 00:00:00+09:00,258.0263671875,276.45682198660717,258.0263671875,258.0263671875,0,0.0,0.0
2010-10-07 00:00:00+09:00,283.8289996770423,291.2011814868356,280.14290877214563,280.880126953125,600,0.0,0.0
2010-10-08 00:00:00+09:00,258.0263671875,294.8872767857143,258.0263671875,258.0263671875,0,0.0,0.0
2010-10-12 00:00:00+09:00,282.3545837402344,282.3545837402344,282.3545837402344,282.3545837402344,600,0.0,0.0
2010-10-13 00:00:00+09:00,282.3545837402344,282.3545837402344,282.3545837402344,282.3545837402344,600,0.0,0.0
2010-10-14 00:00:00+09:00,282.3545837402344,282.3545837402344,282.3545837402344,282.3545837402344,600,0.0,0.0
2010-10-15 00:00:00+09:00,282.3545837402344,282.3545837402344,282.3545837402344,282.3545837402344,600,0.0,0.0
2010-10-18 00:00:00+09:00,276.456787109375,276.456787109375,276.456787109375,276.456787109375,1000,0.0,0.0
2010-10-19 00:00:00+09:00,276.456787109375,276.456787109375,276.456787109375,276.456787109375,1000,0.0,0.0
2010-10-20 00:00:00+09:00,285.30340576171875,285.30340576171875,285.30340576171875,285.30340576171875,1000,0.0,0.0
2010-10-21 00:00:00+09:00,276.456787109375,276.456787109375,276.456787109375,276.456787109375,2000,0.0,0.0
2010-10-22 00:00:00+09:00,282.3545837402344,282.3545837402344,282.3545837402344,282.3545837402344,2000,0.0,0.0
2010-10-25 00:00:00+09:00,287.51507568359375,287.51507568359375,287.51507568359375,287.51507568359375,1000,0.0,0.0
2010-10-26 00:00:00+09:00,287.51507568359375,287.51507568359375,287.51507568359375,287.51507568359375,1000,0.0,0.0
2010-10-27 00:00:00+09:00,281.6173095703125,281.6173095703125,281.6173095703125,281.6173095703125,1000,0.0,0.0
2010-10-28 00:00:00+09:00,281.6173095703125,281.6173095703125,281.6173095703125,281.6173095703125,1000,0.0,0.0
2010-10-29 00:00:00+09:00,281.6173095703125,281.6173095703125,281.6173095703125,281.6173095703125,1000,0.0,0.0
2010-11-01 00:00:00+09:00,281.6173095703125,281.6173095703125,281.6173095703125,281.6173095703125,1000,0.0,0.0
2010-11-02 00:00:00+09:00,281.6173095703125,281.6173095703125,281.6173095703125,281.6173095703125,1000,0.0,0.0
2010-11-04 00:00:00+09:00,281.6173095703125,281.6173095703125,281.6173095703125,281.6173095703125,1000,0.0,0.0
2010-11-05 00:00:00+09:00,281.6173095703125,281.6173095703125,281.6173095703125,281.6173095703125,1000,0.0,0.0
2010-11-08 00:00:00+09:00,281.6173095703125,281.6173095703125,281.6173095703125,281.6173095703125,1000,0.0,0.0
2010-11-09 00:00:00+09:00,281.6173095703125,281.6173095703125,281.6173095703125,281.6173095703125,1000,0.0,0.0
2010-11-10 00:00:00+09:00,281.6173095703125,281.6173095703125,281.6173095703125,281.6173095703125,1000,0.0,0.0
2010-11-11 00:00:00+09:00,281.6173095703125,281.6173095703125,281.6173095703125,281.6173095703125,1000,0.0,0.0
2010-11-12 00:00:00+09:00,281.6173095703125,281.6173095703125,281.6173095703125,281.6173095703125,1000,0.0,0.0
2010-11-15 00:00:00+09:00,281.6173095703125,281.6173095703125,281.6173095703125,281.6173095703125,1000,0.0,0.0
2010-11-16 00:00:00+09:00,276.456787109375,276.456787109375,276.456787109375,276.456787109375,1000,0.0,0.0
2010-11-17 00:00:00+09:00,276.456787109375,276.456787109375,276.456787109375,276.456787109375,1000,0.0,0.0
2010-11-18 00:00:00+09:00,276.456787109375,276.456787109375,276.456787109375,276.456787109375,1000,0.0,0.0
2010-11-19 00:00:00+09:00,276.456787109375,276.456787109375,276.456787109375,276.456787109375,1000,0.0,0.0
2010-11-22 00:00:00+09:00,282.3545319010417,282.3545319010417,276.456787109375,276.456787109375,3000,0.0,0.0
2010-11-24 00:00:00+09:00,281.6173095703125,281.6173095703125,281.6173095703125,281.6173095703125,2000,0.0,0.0
2010-11-25 00:00:00+09:00,287.51507568359375,287.51507568359375,287.51507568359375,287.51507568359375,2000,0.0,0.0
2010-11-26 00:00:00+09:00,287.51507568359375,287.51507568359375,287.51507568359375,287.51507568359375,1000,0.0,0.0
2010-11-29 00:00:00+09:00,287.51507568359375,287.51507568359375,287.51507568359375,287.51507568359375,1000,0.0,0.0
2010-11-30 00:00:00+09:00,287.51507568359375,287.51507568359375,287.51507568359375,287.51507568359375,1000,0.0,0.0
2010-12-01 00:00:00+09:00,287.51507568359375,287.51507568359375,287.51507568359375,287.51507568359375,1000,0.0,0.0
2010-12-02 00:00:00+09:00,287.51507568359375,287.51507568359375,287.51507568359375,287.51507568359375,1000,0.0,0.0
2010-12-03 00:00:00+09:00,287.51507568359375,287.51507568359375,287.51507568359375,287.51507568359375,1000,0.0,0.0
2010-12-06 00:00:00+09:00,276.456787109375,276.456787109375,276.456787109375,276.456787109375,2000,0.0,0.0
2010-12-07 00:00:00+09:00,276.456787109375,276.456787109375,276.456787109375,276.456787109375,2000,0.0,0.0
2010-12-08 00:00:00+09:00,276.456787109375,276.456787109375,276.456787109375,276.456787109375,2000,0.0,0.0
2010-12-09 00:00:00+09:00,276.456787109375,276.456787109375,276.456787109375,276.456787109375,2000,0.0,0.0
2010-12-10 00:00:00+09:00,276.456787109375,276.456787109375,276.456787109375,276.456787109375,2000,0.0,0.0
2010-12-13 00:00:00+09:00,276.456787109375,276.456787109375,276.456787109375,276.456787109375,2000,0.0,0.0
2010-12-14 00:00:00+09:00,276.456787109375,276.456787109375,276.456787109375,276.456787109375,2000,0.0,0.0
2010-12-15 00:00:00+09:00,276.456787109375,276.456787109375,276.456787109375,276.456787109375,2000,0.0,0.0
2010-12-16 00:00:00+09:00,276.456787109375,276.456787109375,276.456787109375,276.456787109375,2000,0.0,0.0
2010-12-17 00:00:00+09:00,276.456787109375,276.456787109375,276.456787109375,276.456787109375,1000,0.0,0.0
2010-12-20 00:00:00+09:00,278.6684875488281,278.6684875488281,278.6684875488281,278.6684875488281,1000,0.0,0.0
2010-12-21 00:00:00+09:00,287.51505859375,287.51505859375,276.456787109375,276.456787109375,4000,0.0,0.0
2010-12-22 00:00:00+09:00,285.30340576171875,285.30340576171875,285.30340576171875,285.30340576171875,3000,0.0,0.0
2010-12-24 00:00:00+09:00,273.5079040527344,273.5079040527344,273.5079040527344,273.5079040527344,3000,0.0,0.0
2010-12-27 00:00:00+09:00,285.30339317630245,285.30339317630245,261.7124149291663,273.5079040527344,3000,0.0,0.0
2010-12-28 00:00:00+09:00,273.5079040527344,273.5079040527344,273.5079040527344,273.5079040527344,3000,0.0,0.0
2010-12-29 00:00:00+09:00,273.5079040527344,273.5079040527344,273.5079040527344,273.5079040527344,3000,0.0,0.0
2010-12-30 00:00:00+09:00,273.5079040527344,273.5079040527344,273.5079040527344,273.5079040527344,3000,0.0,0.0
2011-01-04 00:00:00+09:00,273.5079040527344,273.5079040527344,273.5079040527344,273.5079040527344,3000,0.0,0.0
2011-01-05 00:00:00+09:00,267.6101594909503,273.5079040527344,267.6101594909503,273.5079040527344,2000,0.0,0.0
2011-01-06 00:00:00+09:00,273.5079040527344,273.5079040527344,273.5079040527344,273.5079040527344,2000,0.0,0.0
2011-01-07 00:00:00+09:00,273.5079040527344,273.5079040527344,273.5079040527344,273.5079040527344,2000,0.0,0.0
2011-01-11 00:00:00+09:00,273.5079040527344,273.5079040527344,273.5079040527344,273.5079040527344,2000,0.0,0.0
2011-01-12 00:00:00+09:00,276.4568431957348,276.4568431957348,272.770751953125,272.770751953125,2000,0.0,0.0
2011-01-13 00:00:00+09:00,272.770751953125,272.770751953125,272.770751953125,272.770751953125,2000,0.0,0.0
2011-01-14 00:00:00+09:00,276.456787109375,276.456787109375,276.456787109375,276.456787109375,1000,0.0,0.0
2011-01-17 00:00:00+09:00,276.456787109375,276.456787109375,276.456787109375,276.456787109375,1000,0.0,0.0
2011-01-18 00:00:00+09:00,276.456787109375,276.456787109375,276.456787109375,276.456787109375,1000,0.0,0.0
2011-01-19 00:00:00+09:00,276.456787109375,276.456787109375,276.456787109375,276.456787109375,1000,0.0,0.0
2011-01-20 00:00:00+09:00,276.456787109375,276.456787109375,276.456787109375,276.456787109375,3000,0.0,0.0
2011-01-21 00:00:00+09:00,279.40566518683187,280.14288330078125,279.40566518683187,280.14288330078125,3000,0.0,0.0
2011-01-24 00:00:00+09:00,285.30343124546954,286.0406494140625,285.30343124546954,286.0406494140625,3000,0.0,0.0
2011-01-25 00:00:00+09:00,283.8290100097656,283.8290100097656,283.8290100097656,283.8290100097656,1000,0.0,0.0
2011-01-26 00:00:00+09:00,283.8290100097656,283.8290100097656,283.8290100097656,283.8290100097656,0,0.0,0.0
2011-01-27 00:00:00+09:00,276.456787109375,276.456787109375,276.456787109375,276.456787109375,1000,0.0,0.0
2011-01-28 00:00:00+09:00,276.456787109375,276.456787109375,276.456787109375,276.456787109375,1000,0.0,0.0
2011-01-31 00:00:00+09:00,276.456787109375,276.456787109375,276.456787109375,276.456787109375,1000,0.0,0.0
2011-02-01 00:00:00+09:00,276.456787109375,276.456787109375,276.456787109375,276.456787109375,1000,0.0,0.0
2011-02-02 00:00:00+09:00,276.456787109375,276.456787109375,276.456787109375,276.456787109375,1000,0.0,0.0
2011-02-03 00:00:00+09:00,276.456787109375,276.456787109375,276.456787109375,276.456787109375,1000,0.0,0.0
2011-02-04 00:00:00+09:00,276.456787109375,276.456787109375,276.456787109375,276.456787109375,1000,0.0,0.0
2011-02-07 00:00:00+09:00,270.559092231646,270.559092231646,269.08465576171875,269.08465576171875,2000,0.0,0.0
2011-02-08 00:00:00+09:00,280.14290406531893,286.0406494140625,280.14290406531893,286.0406494140625,2000,0.0,0.0
2011-02-09 00:00:00+09:00,287.51507568359375,287.51507568359375,287.51507568359375,287.51507568359375,1000,0.0,0.0
2011-02-10 00:00:00+09:00,287.51507568359375,287.51507568359375,287.51507568359375,287.51507568359375,1000,0.0,0.0
2011-02-14 00:00:00+09:00,275.7196044921875,275.7196044921875,275.7196044921875,275.7196044921875,2000,0.0,0.0
2011-02-15 00:00:00+09:00,275.7196044921875,275.7196044921875,275.7196044921875,275.7196044921875,2000,0.0,0.0
2011-02-16 00:00:00+09:00,275.7196044921875,275.7196044921875,275.7196044921875,275.7196044921875,2000,0.0,0.0
2011-02-17 00:00:00+09:00,275.7196044921875,275.7196044921875,275.7196044921875,275.7196044921875,2000,0.0,0.0
2011-02-18 00:00:00+09:00,275.7196044921875,275.7196044921875,275.7196044921875,275.7196044921875,2000,0.0,0.0
2011-02-21 00:00:00+09:00,280.14288330078125,280.14288330078125,280.14288330078125,280.14288330078125,3000,0.0,0.0
2011-02-22 00:00:00+09:00,286.0406494140625,286.0406494140625,286.0406494140625,286.0406494140625,2000,0.0,0.0
2011-02-23 00:00:00+09:00,287.51513118407587,292.6756591796875,287.51513118407587,292.6756591796875,4000,0.0,0.0
2011-02-24 00:00:00+09:00,292.6756591796875,292.6756591796875,292.6756591796875,292.6756591796875,4000,0.0,0.0
2011-02-25 00:00:00+09:00,292.6756591796875,292.6756591796875,292.6756591796875,292.6756591796875,4000,0.0,0.0
2011-02-28 00:00:00+09:00,286.77789306640625,286.77789306640625,286.77789306640625,286.77789306640625,2000,0.0,0.0
2011-03-01 00:00:00+09:00,286.77789306640625,286.77789306640625,286.77789306640625,286.77789306640625,2000,0.0,0.0
2011-03-02 00:00:00+09:00,286.77789306640625,286.77789306640625,286.77789306640625,286.77789306640625,2000,0.0,0.0
2011-03-03 00:00:00+09:00,286.77789306640625,286.77789306640625,286.77789306640625,286.77789306640625,2000,0.0,0.0
2011-03-04 00:00:00+09:00,280.8801119327545,283.0917663574219,280.8801119327545,283.0917663574219,3000,0.0,0.0
2011-03-07 00:00:00+09:00,283.0917663574219,283.0917663574219,283.0917663574219,283.0917663574219,3000,0.0,0.0
2011-03-08 00:00:00+09:00,283.0917663574219,283.0917663574219,283.0917663574219,283.0917663574219,0,0.0,0.0
2011-03-09 00:00:00+09:00,283.0917663574219,283.0917663574219,283.0917663574219,283.0917663574219,3000,0.0,0.0
2011-03-10 00:00:00+09:00,283.8290100097656,283.8290100097656,283.8290100097656,283.8290100097656,1000,0.0,0.0
2011-03-11 00:00:00+09:00,283.8290100097656,283.8290100097656,283.8290100097656,283.8290100097656,1000,0.0,0.0
2011-03-14 00:00:00+09:00,283.8290100097656,283.8290100097656,283.8290100097656,283.8290100097656,0,0.0,0.0
2011-03-15 00:00:00+09:00,272.770751953125,272.770751953125,272.770751953125,272.770751953125,1000,0.0,0.0
2011-03-16 00:00:00+09:00,272.770751953125,272.770751953125,272.770751953125,272.770751953125,1000,0.0,0.0
2011-03-17 00:00:00+09:00,272.770751953125,272.770751953125,272.770751953125,272.770751953125,1000,0.0,0.0
2011-03-18 00:00:00+09:00,301.5222473144531,301.5222473144531,301.5222473144531,301.5222473144531,1000,0.0,0.0
2011-03-22 00:00:00+09:00,302.25946044921875,302.25946044921875,302.25946044921875,302.25946044921875,1000,0.0,0.0
2011-03-23 00:00:00+09:00,325.8504333496094,325.8504333496094,325.8504333496094,325.8504333496094,1000,0.0,0.0
2011-03-24 00:00:00+09:00,355.339111328125,355.339111328125,355.339111328125,355.339111328125,2000,0.0,0.0
2011-03-25 00:00:00+09:00,346.4925231933594,346.4925231933594,346.4925231933594,346.4925231933594,1000,0.0,0.0
2011-03-28 00:00:00+09:00,345.7552795410156,345.7552795410156,345.7552795410156,345.7552795410156,2000,0.0,0.0
2011-03-29 00:00:00+09:00,345.7552795410156,345.7552795410156,345.7552795410156,345.7552795410156,2000,7.0,0.0
2011-03-30 00:00:00+09:00,345.7552795410156,345.7552795410156,345.7552795410156,345.7552795410156,2000,0.0,0.0
2011-03-31 00:00:00+09:00,345.7552795410156,345.7552795410156,345.7552795410156,345.7552795410156,2000,0.0,0.0
2011-04-01 00:00:00+09:00,345.7552795410156,345.7552795410156,345.7552795410156,345.7552795410156,2000,0.0,0.0
2011-04-04 00:00:00+09:00,345.7552795410156,345.7552795410156,345.7552795410156,345.7552795410156,2000,0.0,0.0
2011-04-05 00:00:00+09:00,345.7552795410156,345.7552795410156,345.7552795410156,345.7552795410156,2000,0.0,0.0
2011-04-06 00:00:00+09:00,345.7552795410156,345.7552795410156,345.7552795410156,345.7552795410156,2000,0.0,0.0
2011-04-07 00:00:00+09:00,345.7552795410156,345.7552795410156,345.7552795410156,345.7552795410156,2000,0.0,0.0
2011-04-08 00:00:00+09:00,345.7552795410156,345.7552795410156,345.7552795410156,345.7552795410156,2000,0.0,0.0
2011-04-11 00:00:00+09:00,345.7552795410156,345.7552795410156,345.7552795410156,345.7552795410156,2000,0.0,0.0
2011-04-12 00:00:00+09:00,345.7552795410156,345.7552795410156,345.7552795410156,345.7552795410156,2000,0.0,0.0
2011-04-13 00:00:00+09:00,345.7552795410156,345.7552795410156,345.7552795410156,345.7552795410156,2000,0.0,0.0
2011-04-14 00:00:00+09:00,345.7552795410156,345.7552795410156,345.7552795410156,345.7552795410156,2000,0.0,0.0
2011-04-15 00:00:00+09:00,345.7552795410156,345.7552795410156,345.7552795410156,345.7552795410156,2000,0.0,0.0
2011-04-18 00:00:00+09:00,345.7552795410156,345.7552795410156,345.7552795410156,345.7552795410156,2000,0.0,0.0
2011-04-19 00:00:00+09:00,345.7552795410156,345.7552795410156,345.7552795410156,345.7552795410156,2000,0.0,0.0
2011-04-20 00:00:00+09:00,345.7552795410156,345.7552795410156,345.7552795410156,345.7552795410156,1000,0.0,0.0
2011-04-21 00:00:00+09:00,345.7552516650502,345.7552516650502,322.55522395592345,328.5423278808594,3000,0.0,0.0
2011-04-22 00:00:00+09:00,344.2585219805865,344.2585219805865,322.5552673339844,322.5552673339844,5000,0.0,0.0
2011-04-25 00:00:00+09:00,315.8197937011719,315.8197937011719,315.8197937011719,315.8197937011719,1000,0.0,0.0
2011-04-26 00:00:00+09:00,315.0713806152344,315.0713806152344,315.0713806152344,315.0713806152344,1000,0.0,0.0
2011-04-27 00:00:00+09:00,315.0713806152344,315.0713806152344,315.0713806152344,315.0713806152344,1000,0.0,0.0
2011-04-28 00:00:00+09:00,315.0713806152344,315.0713806152344,315.0713806152344,315.0713806152344,1000,0.0,0.0
2011-05-02 00:00:00+09:00,315.0713806152344,315.0713806152344,315.0713806152344,315.0713806152344,0,0.0,0.0
2011-05-06 00:00:00+09:00,315.0713806152344,315.0713806152344,315.0713806152344,315.0713806152344,0,0.0,0.0
2011-05-09 00:00:00+09:00,315.0713806152344,315.0713806152344,315.0713806152344,315.0713806152344,0,0.0,0.0
2011-05-10 00:00:00+09:00,314.3230285644531,314.3230285644531,314.3230285644531,314.3230285644531,1000,0.0,0.0
2011-05-11 00:00:00+09:00,301.60040283203125,301.60040283203125,301.60040283203125,301.60040283203125,1000,0.0,0.0
2011-05-12 00:00:00+09:00,301.60040283203125,301.60040283203125,301.60040283203125,301.60040283203125,1000,0.0,0.0
2011-05-13 00:00:00+09:00,289.6261729539856,289.6261729539856,283.6390686035156,283.6390686035156,4000,0.0,0.0
2011-05-16 00:00:00+09:00,283.6390686035156,283.6390686035156,283.6390686035156,283.6390686035156,1000,0.0,0.0
2011-05-17 00:00:00+09:00,283.6390686035156,283.6390686035156,283.6390686035156,283.6390686035156,1000,0.0,0.0
2011-05-18 00:00:00+09:00,283.6390686035156,283.6390686035156,283.6390686035156,283.6390686035156,1000,0.0,0.0
2011-05-19 00:00:00+09:00,283.6390686035156,283.6390686035156,283.6390686035156,283.6390686035156,1000,0.0,0.0
2011-05-20 00:00:00+09:00,288.1294392148127,288.1294392148127,282.142333984375,282.142333984375,2000,0.0,0.0
2011-05-23 00:00:00+09:00,288.1294392148127,288.1294392148127,282.142333984375,282.142333984375,3000,0.0,0.0
2011-05-24 00:00:00+09:00,286.6326404481422,286.6326404481422,285.1358642578125,285.1358642578125,3000,0.0,0.0
2011-05-25 00:00:00+09:00,285.13587824844484,285.13587824844484,279.1487731933594,279.1487731933594,2000,0.0,0.0
2011-05-26 00:00:00+09:00,279.1487731933594,279.1487731933594,279.1487731933594,279.1487731933594,1000,0.0,0.0
2011-05-27 00:00:00+09:00,279.1487731933594,279.1487731933594,279.1487731933594,279.1487731933594,1000,0.0,0.0
2011-05-30 00:00:00+09:00,279.1487731933594,279.1487731933594,279.1487731933594,279.1487731933594,0,0.0,0.0
2011-05-31 00:00:00+09:00,279.1487731933594,279.1487731933594,279.1487731933594,279.1487731933594,0,0.0,0.0
2011-06-01 00:00:00+09:00,279.1487731933594,279.1487731933594,279.1487731933594,279.1487731933594,1000,0.0,0.0
2011-06-02 00:00:00+09:00,269.41973876953125,269.41973876953125,269.41973876953125,269.41973876953125,1000,0.0,0.0
2011-06-03 00:00:00+09:00,269.41973876953125,269.41973876953125,269.41973876953125,269.41973876953125,1000,0.0,0.0
2011-06-06 00:00:00+09:00,269.41973876953125,269.41973876953125,269.41973876953125,269.41973876953125,1000,0.0,0.0
2011-06-07 00:00:00+09:00,269.41973876953125,269.41973876953125,269.41973876953125,269.41973876953125,1000,0.0,0.0
2011-06-08 00:00:00+09:00,269.41973876953125,269.41973876953125,269.41973876953125,269.41973876953125,1000,0.0,0.0
2011-06-09 00:00:00+09:00,269.41973876953125,269.41973876953125,269.41973876953125,269.41973876953125,1000,0.0,0.0
2011-06-10 00:00:00+09:00,261.1874694824219,261.1874694824219,261.1874694824219,261.1874694824219,1000,0.0,0.0
2011-06-13 00:00:00+09:00,255.2003021240234,255.2003021240234,255.2003021240234,255.20030212402344,2000,0.0,0.0
2011-06-14 00:00:00+09:00,250.7099795621984,254.45191955566403,250.7099795621984,254.45191955566406,3000,0.0,0.0
2011-06-15 00:00:00+09:00,254.45191955566403,254.45191955566403,254.45191955566403,254.45191955566406,3000,0.0,0.0
2011-06-16 00:00:00+09:00,243.97452326489102,243.97452326489102,234.99386596679685,234.99386596679688,5000,0.0,0.0
2011-06-17 00:00:00+09:00,232.00032334578665,232.00032334578665,227.50999450683594,227.50999450683594,4000,0.0,0.0
2011-06-20 00:00:00+09:00,250.70999145507812,250.70999145507812,250.70999145507812,250.70999145507812,2000,0.0,0.0
2011-06-21 00:00:00+09:00,261.1874694824219,261.1874694824219,261.1874694824219,261.1874694824219,3000,0.0,0.0
2011-06-22 00:00:00+09:00,271.6648864746094,271.6648864746094,271.6648864746094,271.6648864746094,3000,0.0,0.0
2011-06-23 00:00:00+09:00,269.41972781450323,269.41972781450323,262.6842346191406,262.6842346191406,2000,0.0,0.0
2011-06-24 00:00:00+09:00,262.6842346191406,262.6842346191406,262.6842346191406,262.6842346191406,1000,0.0,0.0
2011-06-27 00:00:00+09:00,286.6326599121094,286.6326599121094,286.6326599121094,286.6326599121094,3000,0.0,0.0
2011-06-28 00:00:00+09:00,286.6326599121094,286.6326599121094,286.6326599121094,286.6326599121094,3000,0.0,0.0
2011-06-29 00:00:00+09:00,286.6326599121094,286.6326599121094,286.6326599121094,286.6326599121094,3000,0.0,0.0
2011-06-30 00:00:00+09:00,286.6326599121094,286.6326599121094,286.6326599121094,286.6326599121094,3000,0.0,0.0
2011-07-01 00:00:00+09:00,286.6326599121094,286.6326599121094,286.6326599121094,286.6326599121094,3000,0.0,0.0
2011-07-04 00:00:00+09:00,286.6326599121094,286.6326599121094,286.6326599121094,286.6326599121094,3000,0.0,0.0
2011-07-05 00:00:00+09:00,286.6326599121094,286.6326599121094,286.6326599121094,286.6326599121094,3000,0.0,0.0
2011-07-06 00:00:00+09:00,286.6326599121094,286.6326599121094,286.6326599121094,286.6326599121094,3000,0.0,0.0
2011-07-07 00:00:00+09:00,286.6326599121094,286.6326599121094,286.6326599121094,286.6326599121094,3000,0.0,0.0
2011-07-08 00:00:00+09:00,286.6326599121094,286.6326599121094,286.6326599121094,286.6326599121094,3000,0.0,0.0
2011-07-11 00:00:00+09:00,286.6326599121094,286.6326599121094,286.6326599121094,286.6326599121094,3000,0.0,0.0
2011-07-12 00:00:00+09:00,286.6326599121094,286.6326599121094,286.6326599121094,286.6326599121094,3000,0.0,0.0
2011-07-13 00:00:00+09:00,286.6326599121094,286.6326599121094,286.6326599121094,286.6326599121094,3000,0.0,0.0
2011-07-14 00:00:00+09:00,286.6326599121094,286.6326599121094,286.6326599121094,286.6326599121094,0,0.0,0.0
2011-07-15 00:00:00+09:00,286.6326599121094,286.6326599121094,286.6326599121094,286.6326599121094,3000,0.0,0.0
2011-07-19 00:00:00+09:00,286.6326599121094,286.6326599121094,286.6326599121094,286.6326599121094,3000,0.0,0.0
2011-07-20 00:00:00+09:00,286.6326460185804,286.6326460185804,284.3874816894531,284.3874816894531,2000,0.0,0.0
2011-07-21 00:00:00+09:00,284.3874816894531,284.3874816894531,284.3874816894531,284.3874816894531,4000,0.0,0.0
2011-07-22 00:00:00+09:00,289.62619845741676,289.62619845741676,284.3874816894531,284.3874816894531,3000,0.0,0.0
2011-07-25 00:00:00+09:00,285.1358642578125,285.1358642578125,285.1358642578125,285.1358642578125,4000,0.0,0.0
2011-07-26 00:00:00+09:00,327.0455627441406,327.0455627441406,327.0455627441406,327.0455627441406,4000,0.0,0.0
2011-07-27 00:00:00+09:00,291.12298583984375,291.12298583984375,291.12298583984375,291.12298583984375,1000,0.0,0.0
2011-07-28 00:00:00+09:00,291.12298583984375,291.12298583984375,291.12298583984375,291.12298583984375,1000,0.0,0.0
2011-07-29 00:00:00+09:00,291.12298583984375,291.12298583984375,291.12298583984375,291.12298583984375,1000,0.0,0.0
2011-08-01 00:00:00+09:00,291.12298583984375,291.12298583984375,291.12298583984375,291.12298583984375,1000,0.0,0.0
2011-08-02 00:00:00+09:00,291.12298583984375,291.12298583984375,291.12298583984375,291.12298583984375,1000,0.0,0.0
2011-08-03 00:00:00+09:00,291.12298583984375,291.12298583984375,291.12298583984375,291.12298583984375,1000,0.0,0.0
2011-08-04 00:00:00+09:00,291.12298583984375,291.12298583984375,291.12298583984375,291.12298583984375,6000,0.0,0.0
2011-08-05 00:00:00+09:00,280.6455383300781,280.6455383300781,280.6455383300781,280.6455383300781,1000,0.0,0.0
2011-08-08 00:00:00+09:00,280.6455383300781,280.6455383300781,280.6455383300781,280.6455383300781,1000,0.0,0.0
2011-08-09 00:00:00+09:00,280.6455383300781,280.6455383300781,280.6455383300781,280.6455383300781,1000,0.0,0.0
2011-08-10 00:00:00+09:00,280.6455383300781,280.6455383300781,280.6455383300781,280.6455383300781,1000,0.0,0.0
2011-08-11 00:00:00+09:00,280.6455383300781,280.6455383300781,280.6455383300781,280.6455383300781,1000,0.0,0.0
2011-08-12 00:00:00+09:00,297.85845947265625,297.85845947265625,297.85845947265625,297.85845947265625,1000,0.0,0.0
2011-08-15 00:00:00+09:00,297.85845947265625,297.85845947265625,297.85845947265625,297.85845947265625,1000,0.0,0.0
2011-08-16 00:00:00+09:00,297.85845947265625,297.85845947265625,297.85845947265625,297.85845947265625,1000,0.0,0.0
2011-08-17 00:00:00+09:00,297.85845947265625,297.85845947265625,297.85845947265625,297.85845947265625,1000,0.0,0.0
2011-08-18 00:00:00+09:00,297.85845947265625,297.85845947265625,297.85845947265625,297.85845947265625,1000,0.0,0.0
2011-08-19 00:00:00+09:00,297.85845947265625,297.85845947265625,297.85845947265625,297.85845947265625,1000,0.0,0.0
2011-08-22 00:00:00+09:00,297.85845947265625,297.85845947265625,297.85845947265625,297.85845947265625,1000,0.0,0.0
2011-08-23 00:00:00+09:00,299.355224609375,299.355224609375,299.355224609375,299.355224609375,1000,0.0,0.0
2011-08-24 00:00:00+09:00,299.3552866561637,299.3552866561637,270.9165344238281,270.9165344238281,15000,0.0,0.0
2011-08-25 00:00:00+09:00,270.91654993005704,276.9036560058594,270.91654993005704,276.9036560058594,2000,0.0,0.0
2011-08-26 00:00:00+09:00,288.12945556640625,288.12945556640625,288.12945556640625,288.12945556640625,2000,0.0,0.0
2011-08-29 00:00:00+09:00,288.12945556640625,288.12945556640625,288.12945556640625,288.12945556640625,0,0.0,0.0
2011-08-30 00:00:00+09:00,294.11651611328125,294.11651611328125,294.11651611328125,294.11651611328125,1000,0.0,0.0
2011-08-31 00:00:00+09:00,294.11651611328125,294.11651611328125,294.11651611328125,294.11651611328125,1000,0.0,0.0
2011-09-01 00:00:00+09:00,294.11651611328125,294.11651611328125,294.11651611328125,294.11651611328125,1000,0.0,0.0
2011-09-02 00:00:00+09:00,294.11651611328125,294.11651611328125,294.11651611328125,294.11651611328125,1000,0.0,0.0
2011-09-05 00:00:00+09:00,294.11651611328125,294.11651611328125,294.11651611328125,294.11651611328125,1000,0.0,0.0
2011-09-06 00:00:00+09:00,294.11651611328125,294.11651611328125,294.11651611328125,294.11651611328125,1000,0.0,0.0
2011-09-07 00:00:00+09:00,294.11651611328125,294.11651611328125,294.11651611328125,294.11651611328125,1000,0.0,0.0
2011-09-08 00:00:00+09:00,294.11651611328125,294.11651611328125,294.11651611328125,294.11651611328125,1000,0.0,0.0
2011-09-09 00:00:00+09:00,294.11651611328125,294.11651611328125,294.11651611328125,294.11651611328125,1000,0.0,0.0
2011-09-12 00:00:00+09:00,294.11651611328125,294.11651611328125,294.11651611328125,294.11651611328125,1000,0.0,0.0
2011-09-13 00:00:00+09:00,294.11651611328125,294.11651611328125,294.11651611328125,294.11651611328125,1000,0.0,0.0
2011-09-14 00:00:00+09:00,294.11651611328125,294.11651611328125,294.11651611328125,294.11651611328125,1000,0.0,0.0
2011-09-15 00:00:00+09:00,294.11651611328125,294.11651611328125,294.11651611328125,294.11651611328125,1000,0.0,0.0
2011-09-16 00:00:00+09:00,294.11651611328125,294.11651611328125,294.11651611328125,294.11651611328125,1000,0.0,0.0
2011-09-20 00:00:00+09:00,298.6068420410156,298.6068420410156,298.6068420410156,298.6068420410156,1000,0.0,0.0
2011-09-21 00:00:00+09:00,298.6068420410156,298.6068420410156,298.6068420410156,298.6068420410156,2000,0.0,0.0
2011-09-22 00:00:00+09:00,298.60688699785703,298.60688699785703,292.6197814941406,292.6197814941406,4000,0.0,0.0
2011-09-26 00:00:00+09:00,284.3874816894531,284.3874816894531,284.3874816894531,284.3874816894531,1000,0.0,0.0
2011-09-27 00:00:00+09:00,284.3874816894531,284.3874816894531,284.3874816894531,284.3874816894531,1000,0.0,0.0
2011-09-28 00:00:00+09:00,284.3874816894531,284.3874816894531,284.3874816894531,284.3874816894531,1000,0.0,0.0
2011-09-29 00:00:00+09:00,284.3874816894531,284.3874816894531,284.3874816894531,284.3874816894531,1000,0.0,0.0
2011-09-30 00:00:00+09:00,284.3874816894531,284.3874816894531,284.3874816894531,284.3874816894531,1000,0.0,0.0
2011-10-03 00:00:00+09:00,284.3874816894531,284.3874816894531,284.3874816894531,284.3874816894531,1000,0.0,0.0
2011-10-04 00:00:00+09:00,284.3874816894531,284.3874816894531,284.3874816894531,284.3874816894531,1000,0.0,0.0
2011-10-05 00:00:00+09:00,284.3874816894531,284.3874816894531,284.3874816894531,284.3874816894531,1000,0.0,0.0
2011-10-06 00:00:00+09:00,284.3874816894531,284.3874816894531,284.3874816894531,284.3874816894531,1000,0.0,0.0
2011-10-07 00:00:00+09:00,284.3874816894531,284.3874816894531,284.3874816894531,284.3874816894531,1000,0.0,0.0
2011-10-11 00:00:00+09:00,284.3874816894531,284.3874816894531,284.3874816894531,284.3874816894531,1000,0.0,0.0
2011-10-12 00:00:00+09:00,284.3874816894531,284.3874816894531,284.3874816894531,284.3874816894531,1000,0.0,0.0
2011-10-13 00:00:00+09:00,284.3874816894531,284.3874816894531,284.3874816894531,284.3874816894531,1000,0.0,0.0
2011-10-14 00:00:00+09:00,284.3874816894531,284.3874816894531,284.3874816894531,284.3874816894531,1000,0.0,0.0
2011-10-17 00:00:00+09:00,284.3874816894531,284.3874816894531,284.3874816894531,284.3874816894531,1000,0.0,0.0
2011-10-18 00:00:00+09:00,284.3874816894531,284.3874816894531,284.3874816894531,284.3874816894531,0,0.0,0.0
2011-10-19 00:00:00+09:00,284.3874816894531,284.3874816894531,284.3874816894531,284.3874816894531,1000,0.0,0.0
2011-10-20 00:00:00+09:00,284.3874816894531,284.3874816894531,284.3874816894531,284.3874816894531,1000,0.0,0.0
2011-10-21 00:00:00+09:00,282.8907165527344,282.8907165527344,282.8907165527344,282.8907165527344,2000,0.0,0.0
2011-10-24 00:00:00+09:00,288.12945556640625,288.12945556640625,288.12945556640625,288.12945556640625,2000,0.0,0.0
2011-10-25 00:00:00+09:00,288.12945556640625,288.12945556640625,288.12945556640625,288.12945556640625,1000,0.0,0.0
2011-10-26 00:00:00+09:00,288.8778076171875,288.8778076171875,288.8778076171875,288.8778076171875,1000,0.0,0.0
2011-10-27 00:00:00+09:00,288.8778076171875,288.8778076171875,288.8778076171875,288.8778076171875,1000,0.0,0.0
2011-10-28 00:00:00+09:00,276.9036560058594,276.9036560058594,276.9036560058594,276.9036560058594,1000,0.0,0.0
2011-10-31 00:00:00+09:00,276.9036560058594,276.9036560058594,276.9036560058594,276.9036560058594,1000,0.0,0.0
2011-11-01 00:00:00+09:00,276.9036560058594,276.9036560058594,276.9036560058594,276.9036560058594,1000,0.0,0.0
2011-11-02 00:00:00+09:00,276.9036560058594,276.9036560058594,276.9036560058594,276.9036560058594,1000,0.0,0.0
2011-11-04 00:00:00+09:00,276.9036560058594,276.9036560058594,276.9036560058594,276.9036560058594,1000,0.0,0.0
2011-11-07 00:00:00+09:00,282.89070547003496,284.3874816894531,282.89070547003496,284.3874816894531,2000,0.0,0.0
2011-11-08 00:00:00+09:00,278.400390625,278.400390625,278.400390625,278.400390625,2000,0.0,0.0
2011-11-09 00:00:00+09:00,278.400390625,278.400390625,278.400390625,278.400390625,2000,0.0,0.0
2011-11-10 00:00:00+09:00,278.400390625,278.400390625,278.400390625,278.400390625,2000,0.0,0.0
2011-11-11 00:00:00+09:00,278.400390625,278.400390625,278.400390625,278.400390625,2000,0.0,0.0
2011-11-14 00:00:00+09:00,278.400390625,278.400390625,278.400390625,278.400390625,2000,0.0,0.0
2011-11-15 00:00:00+09:00,274.6584167480469,274.6584167480469,274.6584167480469,274.6584167480469,1000,0.0,0.0
2011-11-16 00:00:00+09:00,274.6584167480469,274.6584167480469,274.6584167480469,274.6584167480469,1000,0.0,0.0
2011-11-17 00:00:00+09:00,274.6584167480469,274.6584167480469,274.6584167480469,274.6584167480469,1000,0.0,0.0
2011-11-18 00:00:00+09:00,279.1487731933594,279.1487731933594,279.1487731933594,279.1487731933594,1000,0.0,0.0
2011-11-21 00:00:00+09:00,283.6390686035156,283.6390686035156,283.6390686035156,283.6390686035156,1000,0.0,0.0
2011-11-22 00:00:00+09:00,283.6390686035156,283.6390686035156,283.6390686035156,283.6390686035156,0,0.0,0.0
2011-11-24 00:00:00+09:00,288.12945556640625,288.12945556640625,288.12945556640625,288.12945556640625,2000,0.0,0.0
2011-11-25 00:00:00+09:00,294.11651611328125,294.11651611328125,294.11651611328125,294.11651611328125,1000,0.0,0.0
2011-11-28 00:00:00+09:00,295.6133117675781,295.6133117675781,295.6133117675781,295.6133117675781,1000,0.0,0.0
2011-11-29 00:00:00+09:00,292.61975653232673,292.61975653232673,291.8713684082031,291.8713684082031,2000,0.0,0.0
2011-11-30 00:00:00+09:00,291.8713684082031,291.8713684082031,291.8713684082031,291.8713684082031,2000,0.0,0.0
2011-12-01 00:00:00+09:00,291.8713684082031,291.8713684082031,291.8713684082031,291.8713684082031,2000,0.0,0.0
2011-12-02 00:00:00+09:00,291.8713684082031,291.8713684082031,291.8713684082031,291.8713684082031,2000,0.0,0.0
2011-12-05 00:00:00+09:00,291.8713684082031,291.8713684082031,291.8713684082031,291.8713684082031,2000,0.0,0.0
2011-12-06 00:00:00+09:00,284.3874816894531,284.3874816894531,284.3874816894531,284.3874816894531,2000,0.0,0.0
2011-12-07 00:00:00+09:00,284.3874816894531,284.3874816894531,284.3874816894531,284.3874816894531,2000,0.0,0.0
2011-12-08 00:00:00+09:00,284.3874816894531,284.3874816894531,284.3874816894531,284.3874816894531,2000,0.0,0.0
2011-12-09 00:00:00+09:00,284.3874816894531,284.3874816894531,284.3874816894531,284.3874816894531,2000,0.0,0.0
2011-12-12 00:00:00+09:00,285.8842634152144,291.8713684082031,285.8842634152144,291.8713684082031,2000,0.0,0.0
2011-12-13 00:00:00+09:00,291.8713684082031,291.8713684082031,291.8713684082031,291.8713684082031,1000,0.0,0.0
2011-12-14 00:00:00+09:00,291.8713684082031,291.8713684082031,291.8713684082031,291.8713684082031,1000,0.0,0.0
2011-12-15 00:00:00+09:00,291.8713684082031,291.8713684082031,291.8713684082031,291.8713684082031,0,0.0,0.0
2011-12-16 00:00:00+09:00,291.8713684082031,291.8713684082031,291.8713684082031,291.8713684082031,1000,0.0,0.0
2011-12-19 00:00:00+09:00,291.8713684082031,291.8713684082031,291.8713684082031,291.8713684082031,1000,0.0,0.0
2011-12-20 00:00:00+09:00,303.8455673438915,309.8326721191406,303.8455673438915,309.8326721191406,2000,0.0,0.0
2011-12-21 00:00:00+09:00,299.355224609375,299.355224609375,299.355224609375,299.355224609375,2000,0.0,0.0
2011-12-22 00:00:00+09:00,299.355224609375,299.355224609375,299.355224609375,299.355224609375,2000,0.0,0.0
2011-12-26 00:00:00+09:00,299.355224609375,299.355224609375,299.355224609375,299.355224609375,0,0.0,0.0
2011-12-27 00:00:00+09:00,299.355224609375,299.355224609375,299.355224609375,299.355224609375,2000,0.0,0.0
2011-12-28 00:00:00+09:00,299.355224609375,299.355224609375,299.355224609375,299.355224609375,2000,0.0,0.0
2011-12-29 00:00:00+09:00,299.355224609375,299.355224609375,299.355224609375,299.355224609375,2000,0.0,0.0
2011-12-30 00:00:00+09:00,299.355224609375,299.355224609375,299.355224609375,299.355224609375,2000,0.0,0.0
2012-01-04 00:00:00+09:00,299.355224609375,299.355224609375,299.355224609375,299.355224609375,2000,0.0,0.0
2012-01-05 00:00:00+09:00,299.355224609375,299.355224609375,299.355224609375,299.355224609375,2000,0.0,0.0
2012-01-06 00:00:00+09:00,299.355224609375,299.355224609375,299.355224609375,299.355224609375,2000,0.0,0.0
2012-01-10 00:00:00+09:00,299.355224609375,299.355224609375,299.355224609375,299.355224609375,2000,0.0,0.0
2012-01-11 00:00:00+09:00,299.355224609375,299.355224609375,299.355224609375,299.355224609375,2000,0.0,0.0
2012-01-12 00:00:00+09:00,299.355224609375,299.355224609375,299.355224609375,299.355224609375,2000,0.0,0.0
2012-01-13 00:00:00+09:00,299.355224609375,299.355224609375,299.355224609375,299.355224609375,2000,0.0,0.0
2012-01-16 00:00:00+09:00,299.355224609375,299.355224609375,299.355224609375,299.355224609375,2000,0.0,0.0
2012-01-17 00:00:00+09:00,299.355224609375,299.355224609375,299.355224609375,299.355224609375,2000,0.0,0.0
2012-01-18 00:00:00+09:00,299.355224609375,299.355224609375,299.355224609375,299.355224609375,2000,0.0,0.0
2012-01-19 00:00:00+09:00,299.355224609375,299.355224609375,299.355224609375,299.355224609375,2000,0.0,0.0
2012-01-20 00:00:00+09:00,311.3294677734375,311.3294677734375,311.3294677734375,311.3294677734375,1000,0.0,0.0
2012-01-23 00:00:00+09:00,316.56818477924054,316.56818477924054,311.3294677734375,311.3294677734375,3000,0.0,0.0
2012-01-24 00:00:00+09:00,311.3294677734375,311.3294677734375,311.3294677734375,311.3294677734375,2000,0.0,0.0
2012-01-25 00:00:00+09:00,311.3294677734375,311.3294677734375,311.3294677734375,311.3294677734375,1000,0.0,0.0
2012-01-26 00:00:00+09:00,311.3294677734375,311.3294677734375,311.3294677734375,311.3294677734375,2000,0.0,0.0
2012-01-27 00:00:00+09:00,311.3294677734375,311.3294677734375,311.3294677734375,311.3294677734375,2000,0.0,0.0
2012-01-30 00:00:00+09:00,311.3294677734375,311.3294677734375,311.3294677734375,311.3294677734375,2000,0.0,0.0
2012-01-31 00:00:00+09:00,311.3294677734375,311.3294677734375,311.3294677734375,311.3294677734375,2000,0.0,0.0
2012-02-01 00:00:00+09:00,311.3294677734375,311.3294677734375,311.3294677734375,311.3294677734375,2000,0.0,0.0
2012-02-02 00:00:00+09:00,311.3294677734375,311.3294677734375,311.3294677734375,311.3294677734375,2000,0.0,0.0
2012-02-03 00:00:00+09:00,311.3294677734375,311.3294677734375,311.3294677734375,311.3294677734375,2000,0.0,0.0
2012-02-06 00:00:00+09:00,311.3294677734375,311.3294677734375,311.3294677734375,311.3294677734375,2000,0.0,0.0
2012-02-07 00:00:00+09:00,311.3294677734375,311.3294677734375,311.3294677734375,311.3294677734375,2000,0.0,0.0
2012-02-08 00:00:00+09:00,311.3294677734375,311.3294677734375,311.3294677734375,311.3294677734375,2000,0.0,0.0
2012-02-09 00:00:00+09:00,311.3294677734375,311.3294677734375,311.3294677734375,311.3294677734375,2000,0.0,0.0
2012-02-10 00:00:00+09:00,305.3423080995858,310.5810241699219,305.3423080995858,310.5810241699219,2000,0.0,0.0
2012-02-13 00:00:00+09:00,310.5810241699219,310.5810241699219,310.5810241699219,310.5810241699219,2000,0.0,0.0
2012-02-14 00:00:00+09:00,310.5810241699219,310.5810241699219,310.5810241699219,310.5810241699219,2000,0.0,0.0
2012-02-15 00:00:00+09:00,304.5939636230469,304.5939636230469,304.5939636230469,304.5939636230469,1000,0.0,0.0
2012-02-16 00:00:00+09:00,304.5939636230469,304.5939636230469,304.5939636230469,304.5939636230469,1000,0.0,0.0
2012-02-17 00:00:00+09:00,304.5939636230469,304.5939636230469,304.5939636230469,304.5939636230469,1000,0.0,0.0
2012-02-20 00:00:00+09:00,314.3230285644531,314.3230285644531,314.3230285644531,314.3230285644531,1000,0.0,0.0
2012-02-21 00:00:00+09:00,321.8069152832031,321.8069152832031,321.8069152832031,321.8069152832031,1000,0.0,0.0
2012-02-22 00:00:00+09:00,381.6779692893804,381.6779692893804,321.8069152832031,321.8069152832031,6000,0.0,0.0
2012-02-23 00:00:00+09:00,321.8069152832031,321.8069152832031,321.8069152832031,321.8069152832031,6000,0.0,0.0
2012-02-24 00:00:00+09:00,321.8069152832031,321.8069152832031,321.8069152832031,321.8069152832031,6000,0.0,0.0
2012-02-27 00:00:00+09:00,321.8069152832031,321.8069152832031,321.8069152832031,321.8069152832031,1000,0.0,0.0
2012-02-28 00:00:00+09:00,321.8069152832031,321.8069152832031,321.8069152832031,321.8069152832031,1000,0.0,0.0
2012-02-29 00:00:00+09:00,321.8069152832031,321.8069152832031,321.8069152832031,321.8069152832031,1000,0.0,0.0
2012-03-01 00:00:00+09:00,321.8069152832031,321.8069152832031,321.8069152832031,321.8069152832031,1000,0.0,0.0
2012-03-02 00:00:00+09:00,321.8069152832031,321.8069152832031,321.8069152832031,321.8069152832031,1000,0.0,0.0
2012-03-05 00:00:00+09:00,321.8069152832031,321.8069152832031,321.8069152832031,321.8069152832031,1000,0.0,0.0
2012-03-06 00:00:00+09:00,321.8069152832031,321.8069152832031,321.8069152832031,321.8069152832031,0,0.0,0.0
2012-03-07 00:00:00+09:00,321.8069152832031,321.8069152832031,321.8069152832031,321.8069152832031,1000,0.0,0.0
2012-03-08 00:00:00+09:00,321.8069152832031,321.8069152832031,321.8069152832031,321.8069152832031,0,0.0,0.0
2012-03-09 00:00:00+09:00,321.8069152832031,321.8069152832031,321.8069152832031,321.8069152832031,1000,0.0,0.0
2012-03-12 00:00:00+09:00,321.8069152832031,321.8069152832031,321.8069152832031,321.8069152832031,0,0.0,0.0
2012-03-13 00:00:00+09:00,308.33587646484375,308.33587646484375,308.33587646484375,308.33587646484375,1000,0.0,0.0
2012-03-14 00:00:00+09:00,306.09075927734375,306.09075927734375,306.09075927734375,306.09075927734375,1000,0.0,0.0
2012-03-15 00:00:00+09:00,306.09075927734375,306.09075927734375,306.09075927734375,306.09075927734375,1000,0.0,0.0
2012-03-16 00:00:00+09:00,306.09075927734375,306.09075927734375,306.09075927734375,306.09075927734375,1000,0.0,0.0
2012-03-19 00:00:00+09:00,300.10365144333036,302.34881591796875,300.10365144333036,302.34881591796875,6000,0.0,0.0
2012-03-21 00:00:00+09:00,303.84552001953125,303.84552001953125,303.84552001953125,303.84552001953125,1000,0.0,0.0
2012-03-22 00:00:00+09:00,304.5939773931736,306.8391418457031,304.5939773931736,306.8391418457031,6000,0.0,0.0
2012-03-23 00:00:00+09:00,311.32945101868876,311.32945101868876,305.34234619140625,305.34234619140625,4000,0.0,0.0
2012-03-26 00:00:00+09:00,311.3294677734375,311.3294677734375,311.3294677734375,311.3294677734375,1000,0.0,0.0
2012-03-27 00:00:00+09:00,311.3294677734375,311.3294677734375,311.3294677734375,311.3294677734375,1000,0.0,0.0
2012-03-28 00:00:00+09:00,317.54052734375,317.54052734375,317.54052734375,317.54052734375,1000,15.0,0.0
2012-03-29 00:00:00+09:00,317.54052734375,317.54052734375,317.54052734375,317.54052734375,1000,0.0,0.0
2012-03-30 00:00:00+09:00,317.54052734375,317.54052734375,317.54052734375,317.54052734375,1000,0.0,0.0
2012-04-02 00:00:00+09:00,317.54052734375,317.54052734375,317.54052734375,317.54052734375,1000,0.0,0.0
2012-04-03 00:00:00+09:00,325.3043518066406,325.3043518066406,325.3043518066406,325.3043518066406,1000,0.0,0.0
2012-04-04 00:00:00+09:00,325.3043518066406,325.3043518066406,325.3043518066406,325.3043518066406,1000,0.0,0.0
2012-04-05 00:00:00+09:00,326.0807189941406,326.0807189941406,326.0807189941406,326.0807189941406,2000,0.0,0.0
2012-04-06 00:00:00+09:00,326.0807189941406,326.0807189941406,326.0807189941406,326.0807189941406,2000,0.0,0.0
2012-04-09 00:00:00+09:00,326.0807189941406,326.0807189941406,326.0807189941406,326.0807189941406,2000,0.0,0.0
2012-04-10 00:00:00+09:00,319.8697182687276,324.52801513671875,319.8697182687276,324.52801513671875,3000,0.0,0.0
2012-04-11 00:00:00+09:00,324.52801513671875,324.52801513671875,324.52801513671875,324.52801513671875,3000,0.0,0.0
2012-04-12 00:00:00+09:00,324.52801513671875,324.52801513671875,324.52801513671875,324.52801513671875,3000,0.0,0.0
2012-04-13 00:00:00+09:00,319.8696739104857,322.1988220214844,319.8696739104857,322.1988220214844,2000,0.0,0.0
2012-04-16 00:00:00+09:00,322.1988220214844,322.1988220214844,322.1988220214844,322.1988220214844,2000,0.0,0.0
2012-04-17 00:00:00+09:00,322.1988220214844,322.1988220214844,322.1988220214844,322.1988220214844,2000,0.0,0.0
2012-04-18 00:00:00+09:00,322.1988220214844,322.1988220214844,322.1988220214844,322.1988220214844,2000,0.0,0.0
2012-04-19 00:00:00+09:00,326.0807189941406,326.0807189941406,326.0807189941406,326.0807189941406,1000,0.0,0.0
2012-04-20 00:00:00+09:00,336.9501037597656,336.9501037597656,336.9501037597656,336.9501037597656,1000,0.0,0.0
2012-04-23 00:00:00+09:00,336.9501054710317,336.9501054710317,332.29180908203125,332.29180908203125,4000,0.0,0.0
2012-04-24 00:00:00+09:00,332.291806842209,338.50286865234375,332.291806842209,338.50286865234375,3000,0.0,0.0
2012-04-25 00:00:00+09:00,338.50286865234375,338.50286865234375,338.50286865234375,338.50286865234375,1000,0.0,0.0
2012-04-26 00:00:00+09:00,344.71392606211975,350.92498779296875,344.71392606211975,350.92498779296875,2000,0.0,0.0
2012-04-27 00:00:00+09:00,350.92498779296875,350.92498779296875,350.92498779296875,350.92498779296875,1000,0.0,0.0
2012-05-01 00:00:00+09:00,350.92498779296875,350.92498779296875,350.92498779296875,350.92498779296875,0,0.0,0.0
2012-05-02 00:00:00+09:00,340.8320007324219,340.8320007324219,340.8320007324219,340.8320007324219,1000,0.0,0.0
2012-05-07 00:00:00+09:00,321.42242431640625,321.42242431640625,321.42242431640625,321.42242431640625,3000,0.0,0.0
2012-05-08 00:00:00+09:00,318.31687488775145,341.6083535380747,318.31687488775145,337.7264404296875,20000,0.0,0.0
2012-05-09 00:00:00+09:00,341.6084185431985,341.6084185431985,329.9626770019531,329.9626770019531,4000,0.0,0.0
2012-05-10 00:00:00+09:00,329.9626770019531,329.9626770019531,329.9626770019531,329.9626770019531,4000,0.0,0.0
2012-05-11 00:00:00+09:00,326.85711669921875,326.85711669921875,326.85711669921875,326.85711669921875,1000,0.0,0.0
2012-05-14 00:00:00+09:00,319.8696607768242,319.8696607768242,315.21136474609375,315.21136474609375,2000,0.0,0.0
2012-05-15 00:00:00+09:00,315.21136474609375,315.21136474609375,315.21136474609375,315.21136474609375,2000,0.0,0.0
2012-05-16 00:00:00+09:00,309.00035129806554,309.00035129806554,308.2239685058594,308.2239685058594,2000,0.0,0.0
2012-05-17 00:00:00+09:00,308.2239685058594,308.2239685058594,308.2239685058594,308.2239685058594,2000,0.0,0.0
2012-05-18 00:00:00+09:00,308.2239685058594,308.2239685058594,308.2239685058594,308.2239685058594,2000,0.0,0.0
2012-05-21 00:00:00+09:00,320.64605712890625,320.64605712890625,320.64605712890625,320.64605712890625,1000,0.0,0.0
2012-05-22 00:00:00+09:00,316.7641006546404,316.7641006546404,309.0002746582031,309.0002746582031,7000,0.0,0.0
2012-05-23 00:00:00+09:00,317.5405311294749,317.5405311294749,305.11840766230716,306.6711730957031,5000,0.0,0.0
2012-05-24 00:00:00+09:00,306.6711730957031,306.6711730957031,306.6711730957031,306.6711730957031,5000,0.0,0.0
2012-05-25 00:00:00+09:00,312.8821716308594,312.8821716308594,312.8821716308594,312.8821716308594,1000,0.0,0.0
2012-05-28 00:00:00+09:00,319.0932922363281,319.0932922363281,319.0932922363281,319.0932922363281,1000,0.0,0.0
2012-05-29 00:00:00+09:00,294.2490234375,294.2490234375,294.2490234375,294.2490234375,2000,0.0,0.0
2012-05-30 00:00:00+09:00,314.43499755859375,314.43499755859375,314.43499755859375,314.43499755859375,3000,0.0,0.0
2012-05-31 00:00:00+09:00,314.43499755859375,314.43499755859375,314.43499755859375,314.43499755859375,3000,0.0,0.0
2012-06-01 00:00:00+09:00,310.5530700683594,310.5530700683594,310.5530700683594,310.5530700683594,1000,0.0,0.0
2012-06-04 00:00:00+09:00,310.5530700683594,310.5530700683594,310.5530700683594,310.5530700683594,1000,0.0,0.0
2012-06-05 00:00:00+09:00,310.5530700683594,310.5530700683594,310.5530700683594,310.5530700683594,1000,0.0,0.0
2012-06-06 00:00:00+09:00,310.5530700683594,310.5530700683594,310.5530700683594,310.5530700683594,1000,0.0,0.0
2012-06-07 00:00:00+09:00,310.5530700683594,310.5530700683594,310.5530700683594,310.5530700683594,1000,0.0,0.0
2012-06-08 00:00:00+09:00,310.5530700683594,310.5530700683594,310.5530700683594,310.5530700683594,1000,0.0,0.0
2012-06-11 00:00:00+09:00,316.7641296386719,316.7641296386719,316.7641296386719,316.7641296386719,1000,0.0,0.0
2012-06-12 00:00:00+09:00,316.7641296386719,316.7641296386719,316.7641296386719,316.7641296386719,1000,0.0,0.0
2012-06-13 00:00:00+09:00,316.7641296386719,316.7641296386719,316.7641296386719,316.7641296386719,1000,0.0,0.0
2012-06-14 00:00:00+09:00,316.7641296386719,316.7641296386719,316.7641296386719,316.7641296386719,1000,0.0,0.0
2012-06-15 00:00:00+09:00,310.5530700683594,310.5530700683594,310.5530700683594,310.5530700683594,2000,0.0,0.0
2012-06-18 00:00:00+09:00,317.54052839867865,317.54052839867865,314.43499755859375,314.43499755859375,3000,0.0,0.0
2012-06-19 00:00:00+09:00,314.43499755859375,314.43499755859375,314.43499755859375,314.43499755859375,3000,0.0,0.0
2012-06-20 00:00:00+09:00,326.0807189941406,326.0807189941406,326.0807189941406,326.0807189941406,3000,0.0,0.0
2012-06-21 00:00:00+09:00,328.40986969891713,328.40986969891713,316.7641296386719,316.7641296386719,5000,0.0,0.0
2012-06-22 00:00:00+09:00,325.3043538856971,325.3043538856971,319.0932922363281,319.0932922363281,4000,0.0,0.0
2012-06-25 00:00:00+09:00,318.31689453125,318.31689453125,318.31689453125,318.31689453125,1000,0.0,0.0
2012-06-26 00:00:00+09:00,330.739013671875,330.739013671875,330.739013671875,330.739013671875,1000,0.0,0.0
2012-06-27 00:00:00+09:00,330.739013671875,330.739013671875,330.739013671875,330.739013671875,1000,0.0,0.0
2012-06-28 00:00:00+09:00,330.739013671875,330.739013671875,330.739013671875,330.739013671875,1000,0.0,0.0
2012-06-29 00:00:00+09:00,330.739013671875,330.739013671875,330.739013671875,330.739013671875,1000,0.0,0.0
2012-07-02 00:00:00+09:00,330.739013671875,330.739013671875,330.739013671875,330.739013671875,1000,0.0,0.0
2012-07-03 00:00:00+09:00,330.739013671875,330.739013671875,330.739013671875,330.739013671875,1000,0.0,0.0
2012-07-04 00:00:00+09:00,330.739013671875,330.739013671875,330.739013671875,330.739013671875,1000,0.0,0.0
2012-07-05 00:00:00+09:00,330.739013671875,330.739013671875,330.739013671875,330.739013671875,1000,0.0,0.0
2012-07-06 00:00:00+09:00,330.739013671875,330.739013671875,330.739013671875,330.739013671875,1000,0.0,0.0
2012-07-09 00:00:00+09:00,330.739013671875,330.739013671875,330.739013671875,330.739013671875,1000,0.0,0.0
2012-07-10 00:00:00+09:00,330.739013671875,330.739013671875,330.739013671875,330.739013671875,1000,0.0,0.0
2012-07-11 00:00:00+09:00,330.739013671875,330.739013671875,330.739013671875,330.739013671875,1000,0.0,0.0
2012-07-12 00:00:00+09:00,330.739013671875,330.739013671875,330.739013671875,330.739013671875,1000,0.0,0.0
2012-07-13 00:00:00+09:00,330.739013671875,330.739013671875,330.739013671875,330.739013671875,1000,0.0,0.0
2012-07-17 00:00:00+09:00,329.186279296875,329.186279296875,329.186279296875,329.186279296875,1000,0.0,0.0
2012-07-18 00:00:00+09:00,329.96263231549943,329.96263231549943,326.0807189941406,326.0807189941406,3000,0.0,0.0
2012-07-19 00:00:00+09:00,328.40988059122054,331.5154113769531,328.40988059122054,331.5154113769531,5000,0.0,0.0
2012-07-20 00:00:00+09:00,333.0682067871094,333.0682067871094,333.0682067871094,333.0682067871094,1000,0.0,0.0
2012-07-23 00:00:00+09:00,336.9501219267004,336.9501219267004,329.9626770019531,329.9626770019531,6000,0.0,0.0
2012-07-24 00:00:00+09:00,335.3973550863199,335.3973550863199,333.0682067871094,333.0682067871094,4000,0.0,0.0
2012-07-25 00:00:00+09:00,357.1360168457031,357.1360168457031,357.1360168457031,357.1360168457031,9000,0.0,0.0
2012-07-26 00:00:00+09:00,419.24664306640625,419.24664306640625,419.24664306640625,419.24664306640625,7000,0.0,0.0
2012-07-27 00:00:00+09:00,403.7189636230469,403.7189636230469,403.7189636230469,403.7189636230469,7000,0.0,0.0
2012-07-30 00:00:00+09:00,380.42755126953125,380.42755126953125,380.42755126953125,380.42755126953125,7000,0.0,0.0
2012-07-31 00:00:00+09:00,380.42755126953125,380.42755126953125,380.42755126953125,380.42755126953125,7000,0.0,0.0
2012-08-01 00:00:00+09:00,380.42755126953125,380.42755126953125,380.42755126953125,380.42755126953125,7000,0.0,0.0
2012-08-02 00:00:00+09:00,380.42755126953125,380.42755126953125,380.42755126953125,380.42755126953125,7000,0.0,0.0
2012-08-03 00:00:00+09:00,380.42755126953125,380.42755126953125,380.42755126953125,380.42755126953125,7000,0.0,0.0
2012-08-06 00:00:00+09:00,380.42755126953125,380.42755126953125,380.42755126953125,380.42755126953125,7000,0.0,0.0
2012-08-07 00:00:00+09:00,380.42755126953125,380.42755126953125,380.42755126953125,380.42755126953125,7000,0.0,0.0
2012-08-08 00:00:00+09:00,380.42755126953125,380.42755126953125,380.42755126953125,380.42755126953125,7000,0.0,0.0
2012-08-09 00:00:00+09:00,353.2540903749869,353.2540903749869,348.5957946777344,348.5957946777344,2000,0.0,0.0
2012-08-10 00:00:00+09:00,351.70135498046875,351.70135498046875,351.70135498046875,351.70135498046875,1000,0.0,0.0
2012-08-13 00:00:00+09:00,351.70135498046875,351.70135498046875,351.70135498046875,351.70135498046875,1000,0.0,0.0
2012-08-14 00:00:00+09:00,351.70135498046875,351.70135498046875,351.70135498046875,351.70135498046875,1000,0.0,0.0
2012-08-15 00:00:00+09:00,351.70135498046875,351.70135498046875,351.70135498046875,351.70135498046875,1000,0.0,0.0
2012-08-16 00:00:00+09:00,353.254150390625,353.254150390625,353.254150390625,353.254150390625,2000,0.0,0.0
2012-08-17 00:00:00+09:00,353.254150390625,353.254150390625,353.254150390625,353.254150390625,2000,0.0,0.0
2012-08-20 00:00:00+09:00,364.8998718261719,364.8998718261719,364.8998718261719,364.8998718261719,1000,0.0,0.0
2012-08-21 00:00:00+09:00,353.254150390625,353.254150390625,353.254150390625,353.254150390625,1000,0.0,0.0
2012-08-22 00:00:00+09:00,353.254150390625,353.254150390625,353.254150390625,353.254150390625,1000,0.0,0.0
2012-08-23 00:00:00+09:00,353.254150390625,353.254150390625,353.254150390625,353.254150390625,1000,0.0,0.0
2012-08-24 00:00:00+09:00,353.254150390625,353.254150390625,353.254150390625,353.254150390625,1000,0.0,0.0
2012-08-27 00:00:00+09:00,365.67626953125,365.67626953125,365.67626953125,365.67626953125,1000,0.0,0.0
2012-08-28 00:00:00+09:00,365.67626953125,365.67626953125,365.67626953125,365.67626953125,1000,0.0,0.0
2012-08-29 00:00:00+09:00,365.67626953125,365.67626953125,365.67626953125,365.67626953125,1000,0.0,0.0
2012-08-30 00:00:00+09:00,365.67626953125,365.67626953125,365.67626953125,365.67626953125,1000,0.0,0.0
2012-08-31 00:00:00+09:00,365.67626953125,365.67626953125,365.67626953125,365.67626953125,1000,0.0,0.0
2012-09-03 00:00:00+09:00,365.67626953125,365.67626953125,365.67626953125,365.67626953125,1000,0.0,0.0
2012-09-04 00:00:00+09:00,365.67626953125,365.67626953125,365.67626953125,365.67626953125,1000,0.0,0.0
2012-09-05 00:00:00+09:00,364.8998718261719,364.8998718261719,364.8998718261719,364.8998718261719,5000,0.0,0.0
2012-09-06 00:00:00+09:00,357.1360168457031,357.1360168457031,357.1360168457031,357.1360168457031,5000,0.0,0.0
2012-09-07 00:00:00+09:00,349.3721923828125,349.3721923828125,349.3721923828125,349.3721923828125,5000,0.0,0.0
2012-09-10 00:00:00+09:00,337.7264404296875,337.7264404296875,337.7264404296875,337.7264404296875,1000,0.0,0.0
2012-09-11 00:00:00+09:00,337.7264404296875,337.7264404296875,337.7264404296875,337.7264404296875,1000,0.0,0.0
2012-09-12 00:00:00+09:00,337.7264404296875,337.7264404296875,337.7264404296875,337.7264404296875,1000,0.0,0.0
2012-09-13 00:00:00+09:00,325.3043518066406,325.3043518066406,325.3043518066406,325.3043518066406,6000,0.0,0.0
2012-09-14 00:00:00+09:00,325.3043518066406,325.3043518066406,325.3043518066406,325.3043518066406,6000,0.0,0.0
2012-09-18 00:00:00+09:00,333.0682067871094,333.0682067871094,333.0682067871094,333.0682067871094,6000,0.0,0.0
2012-09-19 00:00:00+09:00,333.0682067871094,333.0682067871094,333.0682067871094,333.0682067871094,6000,0.0,0.0
2012-09-20 00:00:00+09:00,339.2792663574219,339.2792663574219,339.2792663574219,339.2792663574219,1000,0.0,0.0
2012-09-21 00:00:00+09:00,339.2791600426962,339.2791600426962,333.844482421875,333.844482421875,3000,0.0,0.0
2012-09-24 00:00:00+09:00,339.2792663574219,339.2792663574219,339.2792663574219,339.2792663574219,2000,0.0,0.0
2012-09-25 00:00:00+09:00,320.64605712890625,320.64605712890625,320.64605712890625,320.64605712890625,1000,0.0,0.0
2012-09-26 00:00:00+09:00,331.5154113769531,331.5154113769531,331.5154113769531,331.5154113769531,1000,0.0,0.0
2012-09-27 00:00:00+09:00,331.5154113769531,331.5154113769531,331.5154113769531,331.5154113769531,1000,0.0,0.0
2012-09-28 00:00:00+09:00,331.5154113769531,331.5154113769531,331.5154113769531,331.5154113769531,1000,0.0,0.0
2012-10-01 00:00:00+09:00,331.5154113769531,331.5154113769531,331.5154113769531,331.5154113769531,1000,0.0,0.0
2012-10-02 00:00:00+09:00,331.5154113769531,331.5154113769531,331.5154113769531,331.5154113769531,1000,0.0,0.0
2012-10-03 00:00:00+09:00,331.5154113769531,331.5154113769531,331.5154113769531,331.5154113769531,1000,0.0,0.0
2012-10-04 00:00:00+09:00,331.5154113769531,331.5154113769531,331.5154113769531,331.5154113769531,1000,0.0,0.0
2012-10-05 00:00:00+09:00,331.5154113769531,331.5154113769531,331.5154113769531,331.5154113769531,1000,0.0,0.0
2012-10-09 00:00:00+09:00,336.1737060546875,336.1737060546875,336.1737060546875,336.1737060546875,1000,0.0,0.0
2012-10-10 00:00:00+09:00,336.1737060546875,336.1737060546875,336.1737060546875,336.1737060546875,1000,0.0,0.0
2012-10-11 00:00:00+09:00,336.1737060546875,336.1737060546875,336.1737060546875,336.1737060546875,1000,0.0,0.0
2012-10-12 00:00:00+09:00,347.04302978515625,347.04302978515625,347.04302978515625,347.04302978515625,1000,0.0,0.0
2012-10-15 00:00:00+09:00,347.04302978515625,347.04302978515625,347.04302978515625,347.04302978515625,1000,0.0,0.0
2012-10-16 00:00:00+09:00,347.04302978515625,347.04302978515625,347.04302978515625,347.04302978515625,1000,0.0,0.0
2012-10-17 00:00:00+09:00,347.04302978515625,347.04302978515625,347.04302978515625,347.04302978515625,1000,0.0,0.0
2012-10-18 00:00:00+09:00,347.04302978515625,347.04302978515625,347.04302978515625,347.04302978515625,1000,0.0,0.0
2012-10-19 00:00:00+09:00,347.04302978515625,347.04302978515625,347.04302978515625,347.04302978515625,1000,0.0,0.0
2012-10-22 00:00:00+09:00,365.6762467994777,365.6762467994777,340.8320007324219,340.8320007324219,2000,0.0,0.0
2012-10-23 00:00:00+09:00,346.2666780964712,349.37220884173104,345.49029541015625,345.49029541015625,5000,0.0,0.0
2012-10-24 00:00:00+09:00,349.3721923828125,349.3721923828125,349.3721923828125,349.3721923828125,2000,0.0,0.0
2012-10-25 00:00:00+09:00,349.3721923828125,349.3721923828125,349.3721923828125,349.3721923828125,2000,0.0,0.0
2012-10-26 00:00:00+09:00,349.3721923828125,349.3721923828125,349.3721923828125,349.3721923828125,1000,0.0,0.0
2012-10-29 00:00:00+09:00,349.3721923828125,349.3721923828125,349.3721923828125,349.3721923828125,1000,0.0,0.0
2012-10-30 00:00:00+09:00,349.3721923828125,349.3721923828125,349.3721923828125,349.3721923828125,1000,0.0,0.0
2012-10-31 00:00:00+09:00,349.3721923828125,349.3721923828125,349.3721923828125,349.3721923828125,1000,0.0,0.0
2012-11-01 00:00:00+09:00,349.3721923828125,349.3721923828125,349.3721923828125,349.3721923828125,1000,0.0,0.0
2012-11-02 00:00:00+09:00,349.3721923828125,349.3721923828125,349.3721923828125,349.3721923828125,1000,0.0,0.0
2012-11-05 00:00:00+09:00,349.3721923828125,349.3721923828125,349.3721923828125,349.3721923828125,1000,0.0,0.0
2012-11-06 00:00:00+09:00,349.3721923828125,349.3721923828125,349.3721923828125,349.3721923828125,1000,0.0,0.0
2012-11-07 00:00:00+09:00,349.3721923828125,349.3721923828125,349.3721923828125,349.3721923828125,1000,0.0,0.0
2012-11-08 00:00:00+09:00,349.3721923828125,349.3721923828125,349.3721923828125,349.3721923828125,1000,0.0,0.0
2012-11-09 00:00:00+09:00,336.9501037597656,336.9501037597656,336.9501037597656,336.9501037597656,1000,0.0,0.0
2012-11-12 00:00:00+09:00,336.9501037597656,336.9501037597656,336.9501037597656,336.9501037597656,1000,0.0,0.0
2012-11-13 00:00:00+09:00,336.9501037597656,336.9501037597656,336.9501037597656,336.9501037597656,1000,0.0,0.0
2012-11-14 00:00:00+09:00,336.9501037597656,336.9501037597656,336.9501037597656,336.9501037597656,1000,0.0,0.0
2012-11-15 00:00:00+09:00,336.9501037597656,336.9501037597656,336.9501037597656,336.9501037597656,1000,0.0,0.0
2012-11-16 00:00:00+09:00,336.9501037597656,336.9501037597656,336.9501037597656,336.9501037597656,1000,0.0,0.0
2012-11-19 00:00:00+09:00,336.9501037597656,336.9501037597656,336.9501037597656,336.9501037597656,1000,0.0,0.0
2012-11-20 00:00:00+09:00,347.8194580078125,347.8194580078125,347.8194580078125,347.8194580078125,1000,0.0,0.0
2012-11-21 00:00:00+09:00,352.47772216796875,352.47772216796875,352.47772216796875,352.47772216796875,1000,0.0,0.0
2012-11-22 00:00:00+09:00,353.254150390625,353.254150390625,353.254150390625,353.254150390625,2000,0.0,0.0
2012-11-26 00:00:00+09:00,353.254150390625,353.254150390625,353.254150390625,353.254150390625,1000,0.0,0.0
2012-11-27 00:00:00+09:00,341.60833740234375,341.60833740234375,341.60833740234375,341.60833740234375,1000,0.0,0.0
2012-11-28 00:00:00+09:00,341.60833740234375,341.60833740234375,341.60833740234375,341.60833740234375,1000,0.0,0.0
2012-11-29 00:00:00+09:00,341.60833740234375,341.60833740234375,341.60833740234375,341.60833740234375,1000,0.0,0.0
2012-11-30 00:00:00+09:00,341.60833740234375,341.60833740234375,341.60833740234375,341.60833740234375,1000,0.0,0.0
2012-12-03 00:00:00+09:00,341.60833740234375,341.60833740234375,341.60833740234375,341.60833740234375,1000,0.0,0.0
2012-12-04 00:00:00+09:00,341.60833740234375,341.60833740234375,341.60833740234375,341.60833740234375,1000,0.0,0.0
2012-12-05 00:00:00+09:00,341.60833740234375,341.60833740234375,341.60833740234375,341.60833740234375,1000,0.0,0.0
2012-12-06 00:00:00+09:00,341.60833740234375,341.60833740234375,341.60833740234375,341.60833740234375,1000,0.0,0.0
2012-12-07 00:00:00+09:00,341.60833740234375,341.60833740234375,341.60833740234375,341.60833740234375,2000,0.0,0.0
2012-12-10 00:00:00+09:00,341.60833740234375,341.60833740234375,341.60833740234375,341.60833740234375,2000,0.0,0.0
2012-12-11 00:00:00+09:00,341.60833740234375,341.60833740234375,341.60833740234375,341.60833740234375,2000,0.0,0.0
2012-12-12 00:00:00+09:00,341.60833740234375,341.60833740234375,341.60833740234375,341.60833740234375,1000,0.0,0.0
2012-12-13 00:00:00+09:00,341.60833740234375,341.60833740234375,341.60833740234375,341.60833740234375,1000,0.0,0.0
2012-12-14 00:00:00+09:00,341.60833740234375,341.60833740234375,341.60833740234375,341.60833740234375,1000,0.0,0.0
2012-12-17 00:00:00+09:00,349.3721923828125,349.3721923828125,349.3721923828125,349.3721923828125,1000,0.0,0.0
2012-12-18 00:00:00+09:00,349.3721923828125,349.3721923828125,349.3721923828125,349.3721923828125,1000,0.0,0.0
2012-12-19 00:00:00+09:00,349.3721923828125,349.3721923828125,349.3721923828125,349.3721923828125,1000,0.0,0.0
2012-12-20 00:00:00+09:00,343.9375,343.9375,343.9375,343.9375,3000,0.0,0.0
2012-12-21 00:00:00+09:00,343.9374993172801,349.3721776360633,343.9374993172801,347.04302978515625,4000,0.0,0.0
2012-12-25 00:00:00+09:00,346.26666259765625,346.26666259765625,346.26666259765625,346.26666259765625,3000,0.0,0.0
2012-12-26 00:00:00+09:00,345.49029541015625,345.49029541015625,345.49029541015625,345.49029541015625,2000,0.0,0.0
2012-12-27 00:00:00+09:00,345.49029541015625,345.49029541015625,345.49029541015625,345.49029541015625,2000,0.0,0.0
2012-12-28 00:00:00+09:00,345.49029541015625,345.49029541015625,345.49029541015625,345.49029541015625,2000,0.0,0.0
2013-01-04 00:00:00+09:00,349.37216325239706,349.37216325239706,341.60833740234375,341.60833740234375,2000,0.0,0.0
2013-01-07 00:00:00+09:00,361.0179138183594,361.0179138183594,361.0179138183594,361.0179138183594,1000,0.0,0.0
2013-01-08 00:00:00+09:00,361.0179138183594,361.0179138183594,361.0179138183594,361.0179138183594,1000,0.0,0.0
2013-01-09 00:00:00+09:00,361.0179138183594,361.0179138183594,361.0179138183594,361.0179138183594,1000,0.0,0.0
2013-01-10 00:00:00+09:00,361.0179138183594,361.0179138183594,361.0179138183594,361.0179138183594,1000,0.0,0.0
2013-01-11 00:00:00+09:00,361.0179138183594,361.0179138183594,361.0179138183594,361.0179138183594,1000,0.0,0.0
2013-01-15 00:00:00+09:00,361.0179138183594,361.0179138183594,361.0179138183594,361.0179138183594,1000,0.0,0.0
2013-01-16 00:00:00+09:00,357.1360168457031,357.1360168457031,357.1360168457031,357.1360168457031,1000,0.0,0.0
2013-01-17 00:00:00+09:00,357.1360168457031,357.1360168457031,357.1360168457031,357.1360168457031,1000,0.0,0.0
2013-01-18 00:00:00+09:00,357.1360168457031,357.1360168457031,357.1360168457031,357.1360168457031,1000,0.0,0.0
2013-01-21 00:00:00+09:00,372.6636962890625,372.6636962890625,372.6636962890625,372.6636962890625,2000,0.0,0.0
2013-01-22 00:00:00+09:00,372.6636962890625,372.6636962890625,372.6636962890625,372.6636962890625,2000,0.0,0.0
2013-01-23 00:00:00+09:00,384.3094482421875,388.19136186079544,381.9803000710227,384.3094482421875,4000,0.0,0.0
2013-01-24 00:00:00+09:00,388.19134977348614,388.19134977348614,374.2164611816406,374.2164611816406,2000,0.0,0.0
2013-01-25 00:00:00+09:00,374.2164611816406,374.2164611816406,374.2164611816406,374.2164611816406,1000,0.0,0.0
2013-01-28 00:00:00+09:00,392.849609375,392.849609375,392.849609375,392.849609375,1000,0.0,0.0
2013-01-29 00:00:00+09:00,392.849609375,392.849609375,392.849609375,392.849609375,1000,0.0,0.0
2013-01-30 00:00:00+09:00,386.6385803222656,386.6385803222656,386.6385803222656,386.6385803222656,1000,0.0,0.0
2013-01-31 00:00:00+09:00,392.849609375,392.849609375,392.849609375,392.849609375,1000,0.0,0.0
2013-02-01 00:00:00+09:00,392.849609375,392.849609375,392.849609375,392.849609375,1000,0.0,0.0
2013-02-04 00:00:00+09:00,392.849609375,392.849609375,392.849609375,392.849609375,1000,0.0,0.0
2013-02-05 00:00:00+09:00,392.849609375,392.849609375,392.849609375,392.849609375,1000,0.0,0.0
2013-02-06 00:00:00+09:00,392.849609375,392.849609375,392.849609375,392.849609375,1000,0.0,0.0
2013-02-07 00:00:00+09:00,388.19134521484375,388.19134521484375,388.19134521484375,388.19134521484375,1000,0.0,0.0
2013-02-08 00:00:00+09:00,403.7189636230469,403.7189636230469,403.7189636230469,403.7189636230469,1000,0.0,0.0
2013-02-12 00:00:00+09:00,381.20391845703125,381.20391845703125,381.20391845703125,381.20391845703125,2000,0.0,0.0
2013-02-13 00:00:00+09:00,387.4149475097656,387.4149475097656,387.4149475097656,387.4149475097656,2000,0.0,0.0
2013-02-14 00:00:00+09:00,387.4149475097656,387.4149475097656,387.4149475097656,387.4149475097656,2000,0.0,0.0
2013-02-15 00:00:00+09:00,393.6260070800781,393.6260070800781,393.6260070800781,393.6260070800781,2000,0.0,0.0
2013-02-18 00:00:00+09:00,388.9676818847656,388.9676818847656,388.9676818847656,388.9676818847656,1000,0.0,0.0
2013-02-19 00:00:00+09:00,397.5079040527344,397.5079040527344,397.5079040527344,397.5079040527344,1000,0.0,0.0
2013-02-20 00:00:00+09:00,409.9300537109375,409.9300537109375,409.9300537109375,409.9300537109375,1000,0.0,0.0
2013-02-21 00:00:00+09:00,409.9300537109375,409.9300537109375,409.9300537109375,409.9300537109375,1000,0.0,0.0
2013-02-22 00:00:00+09:00,415.36474609375,415.36474609375,415.36474609375,415.36474609375,2000,0.0,0.0
2013-02-25 00:00:00+09:00,415.36474609375,415.36474609375,415.36474609375,415.36474609375,2000,0.0,0.0
2013-02-26 00:00:00+09:00,412.25921630859375,412.25921630859375,412.25921630859375,412.25921630859375,1000,0.0,0.0
2013-02-27 00:00:00+09:00,412.25921630859375,412.25921630859375,412.25921630859375,412.25921630859375,1000,0.0,0.0
2013-02-28 00:00:00+09:00,412.25921630859375,412.25921630859375,412.25921630859375,412.25921630859375,1000,0.0,0.0
2013-03-01 00:00:00+09:00,412.25921630859375,412.25921630859375,412.25921630859375,412.25921630859375,1000,0.0,0.0
2013-03-04 00:00:00+09:00,412.25921630859375,412.25921630859375,412.25921630859375,412.25921630859375,1000,0.0,0.0
2013-03-05 00:00:00+09:00,412.25921630859375,412.25921630859375,412.25921630859375,412.25921630859375,1000,0.0,0.0
2013-03-06 00:00:00+09:00,412.25921630859375,412.25921630859375,412.25921630859375,412.25921630859375,1000,0.0,0.0
2013-03-07 00:00:00+09:00,412.25921630859375,412.25921630859375,412.25921630859375,412.25921630859375,1000,0.0,0.0
2013-03-08 00:00:00+09:00,412.25921630859375,412.25921630859375,412.25921630859375,412.25921630859375,1000,0.0,0.0
2013-03-11 00:00:00+09:00,412.25921630859375,412.25921630859375,412.25921630859375,412.25921630859375,2000,0.0,0.0
2013-03-12 00:00:00+09:00,412.25921630859375,412.25921630859375,412.25921630859375,412.25921630859375,1000,0.0,0.0
2013-03-13 00:00:00+09:00,412.25921630859375,412.25921630859375,412.25921630859375,412.25921630859375,1000,0.0,0.0
2013-03-14 00:00:00+09:00,413.03558349609375,413.03558349609375,413.03558349609375,413.03558349609375,1000,0.0,0.0
2013-03-15 00:00:00+09:00,415.36474609375,415.36474609375,415.36474609375,415.36474609375,1000,0.0,0.0
2013-03-18 00:00:00+09:00,415.36474609375,415.36474609375,415.36474609375,415.36474609375,1000,0.0,0.0
2013-03-19 00:00:00+09:00,415.36474609375,415.36474609375,415.36474609375,415.36474609375,1000,0.0,0.0
2013-03-21 00:00:00+09:00,419.24664306640625,419.24664306640625,419.24664306640625,419.24664306640625,2000,0.0,0.0
2013-03-22 00:00:00+09:00,424.68133697227717,424.68133697227717,420.0230407714844,420.0230407714844,2000,0.0,0.0
2013-03-25 00:00:00+09:00,427.01046752929693,427.01046752929693,427.01046752929693,427.0104675292969,1000,0.0,0.0
2013-03-26 00:00:00+09:00,427.01046752929693,427.01046752929693,427.01046752929693,427.0104675292969,1000,0.0,0.0
2013-03-27 00:00:00+09:00,429.4184265136719,429.4184265136719,429.4184265136719,429.4184265136719,1000,18.0,0.0
2013-03-28 00:00:00+09:00,417.37860107421875,417.37860107421875,417.37860107421875,417.37860107421875,2000,0.0,0.0
2013-03-29 00:00:00+09:00,417.37860107421875,417.37860107421875,417.37860107421875,417.37860107421875,1000,0.0,0.0
2013-04-01 00:00:00+09:00,417.37860107421875,417.37860107421875,417.37860107421875,417.37860107421875,1000,0.0,0.0
2013-04-02 00:00:00+09:00,417.37860107421875,417.37860107421875,417.37860107421875,417.37860107421875,1000,0.0,0.0
2013-04-03 00:00:00+09:00,417.37860107421875,417.37860107421875,417.37860107421875,417.37860107421875,1000,0.0,0.0
2013-04-04 00:00:00+09:00,417.37860107421875,417.37860107421875,417.37860107421875,417.37860107421875,1000,0.0,0.0
2013-04-05 00:00:00+09:00,417.37860107421875,417.37860107421875,417.37860107421875,417.37860107421875,1000,0.0,0.0
2013-04-08 00:00:00+09:00,417.37860107421875,417.37860107421875,417.37860107421875,417.37860107421875,1000,0.0,0.0
2013-04-09 00:00:00+09:00,421.3919233567644,421.3919233567644,405.3388977050781,405.3388977050781,6000,0.0,0.0
2013-04-10 00:00:00+09:00,413.3654294481465,413.3654294481465,409.3521728515625,409.3521728515625,2000,0.0,0.0
2013-04-11 00:00:00+09:00,416.57596115556737,416.57596115556737,413.3653564453125,413.3653564453125,3000,0.0,0.0
2013-04-12 00:00:00+09:00,413.3653564453125,413.3653564453125,413.3653564453125,413.3653564453125,3000,0.0,0.0
2013-04-15 00:00:00+09:00,413.3654365691531,413.3654365691531,402.93096923828125,402.93096923828125,3000,0.0,0.0
2013-04-16 00:00:00+09:00,402.93096923828125,402.93096923828125,402.93096923828125,402.93096923828125,3000,0.0,0.0
2013-04-17 00:00:00+09:00,402.93096923828125,402.93096923828125,402.93096923828125,402.93096923828125,3000,0.0,0.0
2013-04-18 00:00:00+09:00,410.9574029126214,413.3653564453125,410.9574029126214,413.3653564453125,2000,0.0,0.0
2013-04-19 00:00:00+09:00,413.3653564453125,413.3653564453125,413.3653564453125,413.3653564453125,2000,0.0,0.0
2013-04-22 00:00:00+09:00,420.58920838213055,422.9971618652344,420.58920838213055,422.9971618652344,3000,0.0,0.0
2013-04-23 00:00:00+09:00,431.0237121582031,431.0237121582031,431.0237121582031,431.0237121582031,1000,0.0,0.0
2013-04-24 00:00:00+09:00,432.6290242513021,433.4316755022321,421.39190673828125,421.39190673828125,7000,0.0,0.0
2013-04-25 00:00:00+09:00,421.3919099599066,421.3919099599066,418.1813049316406,418.1813049316406,3000,0.0,0.0
2013-04-26 00:00:00+09:00,433.43170519501086,433.43170519501086,415.77337646484375,415.77337646484375,3000,0.0,0.0
2013-04-30 00:00:00+09:00,417.37860107421875,417.37860107421875,417.37860107421875,417.37860107421875,3000,0.0,0.0
2013-05-01 00:00:00+09:00,417.37860107421875,417.37860107421875,417.37860107421875,417.37860107421875,3000,0.0,0.0
2013-05-02 00:00:00+09:00,417.37860107421875,417.37860107421875,417.37860107421875,417.37860107421875,3000,0.0,0.0
2013-05-07 00:00:00+09:00,419.78661133953347,429.4184265136719,419.78661133953347,429.4184265136719,3000,0.0,0.0
2013-05-08 00:00:00+09:00,436.64227294921875,436.64227294921875,436.64227294921875,436.64227294921875,1000,0.0,0.0
2013-05-09 00:00:00+09:00,476.7748370992726,477.5774883401805,465.53771972656244,465.5377197265625,13000,0.0,0.0
2013-05-10 00:00:00+09:00,465.53771972656244,465.53771972656244,465.53771972656244,465.5377197265625,13000,0.0,0.0
2013-05-13 00:00:00+09:00,465.53771972656244,465.53771972656244,465.53771972656244,465.5377197265625,13000,0.0,0.0
2013-05-14 00:00:00+09:00,465.53771972656244,465.53771972656244,465.53771972656244,465.5377197265625,13000,0.0,0.0
2013-05-15 00:00:00+09:00,473.5642310850915,479.98544099810965,466.340369932946,474.36688232421875,7000,0.0,0.0
2013-05-16 00:00:00+09:00,480.7881145992794,480.7881145992794,475.1695556640625,475.1695556640625,4000,0.0,0.0
2013-05-17 00:00:00+09:00,478.3801879882812,478.3801879882812,478.3801879882812,478.38018798828125,3000,0.0,0.0
2013-05-20 00:00:00+09:00,484.8013411725153,489.6172485351562,483.9986899454085,489.61724853515625,8000,0.0,0.0
2013-05-21 00:00:00+09:00,496.841208476405,497.6438598632812,496.841208476405,497.64385986328125,5000,0.0,0.0
2013-05-22 00:00:00+09:00,499.2491234919107,501.6570774637367,498.44647216796875,498.44647216796875,4000,0.0,0.0
2013-05-23 00:00:00+09:00,501.6570169417584,501.6570169417584,489.6172485351562,489.61724853515625,8000,0.0,0.0
2013-05-24 00:00:00+09:00,475.1695264472336,489.6172485351562,475.1695264472336,489.61724853515625,6000,0.0,0.0
2013-05-27 00:00:00+09:00,489.61734599451864,497.6438598632812,489.61734599451864,497.64385986328125,2000,0.0,0.0
2013-05-28 00:00:00+09:00,481.59072273655937,488.0119323730468,481.59072273655937,488.0119323730469,3000,0.0,0.0
2013-05-29 00:00:00+09:00,488.0119323730468,488.0119323730468,488.0119323730468,488.0119323730469,3000,0.0,0.0
2013-05-30 00:00:00+09:00,481.5906537416388,481.5906537416388,479.9853515625,479.9853515625,2000,0.0,0.0
2013-05-31 00:00:00+09:00,479.9853515625,479.9853515625,479.9853515625,479.9853515625,2000,0.0,0.0
2013-06-03 00:00:00+09:00,466.34039306640625,466.34039306640625,466.34039306640625,466.34039306640625,1000,0.0,0.0
2013-06-04 00:00:00+09:00,458.3138732910156,458.3138732910156,458.3138732910156,458.3138732910156,1000,0.0,0.0
2013-06-05 00:00:00+09:00,458.3138732910156,458.3138732910156,458.3138732910156,458.3138732910156,0,0.0,0.0
2013-06-06 00:00:00+09:00,458.3138732910156,458.3138732910156,458.3138732910156,458.3138732910156,1000,0.0,0.0
2013-06-07 00:00:00+09:00,458.3138817502741,458.3138817502741,457.51123046875,457.51123046875,3000,0.0,0.0
2013-06-10 00:00:00+09:00,457.51123046875,457.51123046875,457.51123046875,457.51123046875,3000,0.0,0.0
2013-06-11 00:00:00+09:00,465.5377417874624,466.34039306640625,465.5377417874624,466.34039306640625,2000,0.0,0.0
2013-06-12 00:00:00+09:00,466.34039306640625,466.34039306640625,466.34039306640625,466.34039306640625,2000,0.0,0.0
2013-06-13 00:00:00+09:00,466.34039306640625,466.34039306640625,466.34039306640625,466.34039306640625,2000,0.0,0.0
2013-06-14 00:00:00+09:00,466.34039306640625,466.34039306640625,466.34039306640625,466.34039306640625,1000,0.0,0.0
2013-06-17 00:00:00+09:00,466.34039306640625,466.34039306640625,466.34039306640625,466.34039306640625,1000,0.0,0.0
2013-06-18 00:00:00+09:00,466.34039306640625,466.34039306640625,466.34039306640625,466.34039306640625,1000,0.0,0.0
2013-06-19 00:00:00+09:00,470.3536682128906,470.3536682128906,470.3536682128906,470.3536682128906,1000,0.0,0.0
2013-06-20 00:00:00+09:00,476.77482534555287,476.77482534555287,469.55096435546875,469.55096435546875,4000,0.0,0.0
2013-06-21 00:00:00+09:00,484.8013000488281,484.8013000488281,484.8013000488281,484.8013000488281,6000,0.0,0.0
2013-06-24 00:00:00+09:00,505.6703737320438,505.6703737320438,497.6438598632812,497.64385986328125,4000,0.0,0.0
2013-06-25 00:00:00+09:00,497.6438598632812,497.6438598632812,497.6438598632812,497.64385986328125,4000,0.0,0.0
2013-06-26 00:00:00+09:00,497.6437461742099,497.6437461742099,496.8410949707031,496.8410949707031,2000,0.0,0.0
2013-06-27 00:00:00+09:00,496.8410949707031,496.8410949707031,496.8410949707031,496.8410949707031,2000,0.0,0.0
2013-06-28 00:00:00+09:00,473.56427001953125,473.56427001953125,473.56427001953125,473.56427001953125,1000,0.0,0.0
2013-07-01 00:00:00+09:00,476.7748107910156,476.7748107910156,476.7748107910156,476.7748107910156,1000,0.0,0.0
2013-07-02 00:00:00+09:00,478.3801879882812,478.3801879882812,478.3801879882812,478.38018798828125,1000,0.0,0.0
2013-07-03 00:00:00+09:00,485.6039733886719,485.6039733886719,485.6039733886719,485.6039733886719,1000,0.0,0.0
2013-07-04 00:00:00+09:00,485.6039733886719,485.6039733886719,485.6039733886719,485.6039733886719,1000,0.0,0.0
2013-07-05 00:00:00+09:00,485.60401110145136,493.6305236816407,485.60401110145136,493.6305236816406,2000,0.0,0.0
2013-07-08 00:00:00+09:00,493.6305236816407,493.6305236816407,493.6305236816407,493.6305236816406,2000,0.0,0.0
2013-07-09 00:00:00+09:00,493.6305236816407,493.6305236816407,493.6305236816407,493.6305236816406,2000,0.0,0.0
2013-07-10 00:00:00+09:00,496.03845214843744,496.03845214843744,496.03845214843744,496.0384521484375,1000,0.0,0.0
2013-07-11 00:00:00+09:00,496.03845214843744,496.03845214843744,496.03845214843744,496.0384521484375,1000,0.0,0.0
2013-07-12 00:00:00+09:00,496.03845214843744,496.03845214843744,496.03845214843744,496.0384521484375,0,0.0,0.0
2013-07-16 00:00:00+09:00,496.03845214843744,496.03845214843744,496.03845214843744,496.0384521484375,0,0.0,0.0
2013-07-17 00:00:00+09:00,496.03845214843744,496.03845214843744,496.03845214843744,496.0384521484375,1000,0.0,0.0
2013-07-18 00:00:00+09:00,496.8410949707031,496.8410949707031,496.8410949707031,496.8410949707031,4000,0.0,0.0
2013-07-19 00:00:00+09:00,493.6305046706903,493.6305046706903,489.6172485351562,489.61724853515625,3000,0.0,0.0
2013-07-22 00:00:00+09:00,489.6172485351562,489.6172485351562,489.6172485351562,489.61724853515625,2000,0.0,0.0
2013-07-23 00:00:00+09:00,492.0252990722656,492.0252990722656,492.0252990722656,492.0252990722656,3000,0.0,0.0
2013-07-24 00:00:00+09:00,492.0251937841237,492.0251937841237,490.4198913574219,490.4198913574219,3000,0.0,0.0
2013-07-25 00:00:00+09:00,492.8278724236217,493.6305236816407,492.8278724236217,493.6305236816406,12000,0.0,0.0
2013-07-26 00:00:00+09:00,496.8410949707031,496.8410949707031,496.8410949707031,496.8410949707031,6000,0.0,0.0
2013-07-29 00:00:00+09:00,496.8410949707031,496.8410949707031,496.8410949707031,496.8410949707031,0,0.0,0.0
2013-07-30 00:00:00+09:00,496.8410949707031,496.8410949707031,496.8410949707031,496.8410949707031,0,0.0,0.0
2013-07-31 00:00:00+09:00,496.8410949707031,496.8410949707031,496.8410949707031,496.8410949707031,0,0.0,0.0
2013-08-01 00:00:00+09:00,496.8410949707031,496.8410949707031,496.8410949707031,496.8410949707031,0,0.0,0.0
2013-08-02 00:00:00+09:00,496.8410949707031,496.8410949707031,496.8410949707031,496.8410949707031,0,0.0,0.0
2013-08-05 00:00:00+09:00,496.8410949707031,496.8410949707031,496.8410949707031,496.8410949707031,0,0.0,0.0
2013-08-06 00:00:00+09:00,496.8410949707031,496.8410949707031,496.8410949707031,496.8410949707031,0,0.0,0.0
2013-08-07 00:00:00+09:00,496.8410949707031,496.8410949707031,496.8410949707031,496.8410949707031,0,0.0,0.0
2013-08-08 00:00:00+09:00,496.8410949707031,496.8410949707031,496.8410949707031,496.8410949707031,0,0.0,0.0
2013-08-09 00:00:00+09:00,496.8410949707031,496.8410949707031,496.8410949707031,496.8410949707031,0,0.0,0.0
2013-08-12 00:00:00+09:00,496.8410949707031,496.8410949707031,496.8410949707031,496.8410949707031,1000,0.0,0.0
2013-08-13 00:00:00+09:00,496.8410949707031,496.8410949707031,496.8410949707031,496.8410949707031,0,0.0,0.0
2013-08-14 00:00:00+09:00,496.8410949707031,496.8410949707031,496.8410949707031,496.8410949707031,0,0.0,0.0
2013-08-15 00:00:00+09:00,496.8410949707031,496.8410949707031,496.8410949707031,496.8410949707031,0,0.0,0.0
2013-08-16 00:00:00+09:00,481.5907287597656,481.5907287597656,481.5907287597656,481.5907287597656,2000,0.0,0.0
2013-08-19 00:00:00+09:00,481.5907287597656,481.5907287597656,481.5907287597656,481.5907287597656,0,0.0,0.0
2013-08-20 00:00:00+09:00,488.0119323730468,488.0119323730468,488.0119323730468,488.0119323730469,1000,0.0,0.0
2013-08-21 00:00:00+09:00,485.6039848327637,485.6039848327637,481.5907287597656,481.5907287597656,3000,0.0,0.0
2013-08-22 00:00:00+09:00,477.5776062011719,477.5776062011719,477.5776062011719,477.5776062011719,2000,0.0,0.0
2013-08-23 00:00:00+09:00,475.1695556640625,475.1695556640625,475.1695556640625,475.1695556640625,1000,0.0,0.0
2013-08-26 00:00:00+09:00,475.1695556640625,475.1695556640625,475.1695556640625,475.1695556640625,0,0.0,0.0
2013-08-27 00:00:00+09:00,481.5907287597656,481.5907287597656,481.5907287597656,481.5907287597656,1000,0.0,0.0
2013-08-28 00:00:00+09:00,473.56427001953125,473.56427001953125,473.56427001953125,473.56427001953125,1000,0.0,0.0
2013-08-29 00:00:00+09:00,473.56427001953125,473.56427001953125,473.56427001953125,473.56427001953125,0,0.0,0.0
2013-08-30 00:00:00+09:00,474.36688232421875,474.36688232421875,474.36688232421875,474.36688232421875,1000,0.0,0.0
2013-09-02 00:00:00+09:00,474.3669058558453,474.3669058558453,466.34039306640625,466.34039306640625,2000,0.0,0.0
2013-09-03 00:00:00+09:00,467.94568849152733,467.94568849152733,458.3138732910156,458.3138732910156,6000,0.0,0.0
2013-09-04 00:00:00+09:00,458.3138732910156,458.3138732910156,458.3138732910156,458.3138732910156,0,0.0,0.0
2013-09-05 00:00:00+09:00,459.11651611328125,459.11651611328125,459.11651611328125,459.11651611328125,1000,0.0,0.0
2013-09-06 00:00:00+09:00,467.14306481402855,469.55101875636893,461.52450561523443,461.5245056152344,5000,0.0,0.0
2013-09-09 00:00:00+09:00,461.52450561523443,461.52450561523443,461.52450561523443,461.5245056152344,0,0.0,0.0
2013-09-10 00:00:00+09:00,481.59071741025315,485.6039733886719,481.59071741025315,485.6039733886719,9000,0.0,0.0
2013-09-11 00:00:00+09:00,485.6039733886719,485.6039733886719,485.6039733886719,485.6039733886719,0,0.0,0.0
2013-09-12 00:00:00+09:00,489.6172485351562,489.6172485351562,489.6172485351562,489.61724853515625,1000,0.0,0.0
2013-09-13 00:00:00+09:00,493.6305236816407,493.6305236816407,493.6305236816407,493.6305236816406,1000,0.0,0.0
2013-09-17 00:00:00+09:00,493.6305236816407,493.6305236816407,493.6305236816407,493.6305236816406,1000,0.0,0.0
2013-09-18 00:00:00+09:00,493.6305236816407,493.6305236816407,493.6305236816407,493.6305236816406,0,0.0,0.0
2013-09-19 00:00:00+09:00,494.43316650390625,494.43316650390625,494.43316650390625,494.43316650390625,1000,0.0,0.0
2013-09-20 00:00:00+09:00,497.64380896815095,502.459716796875,497.64380896815095,502.459716796875,6000,0.0,0.0
2013-09-24 00:00:00+09:00,502.459716796875,502.459716796875,502.459716796875,502.459716796875,1000,0.0,0.0
2013-09-25 00:00:00+09:00,502.459716796875,502.459716796875,502.459716796875,502.459716796875,1000,0.0,0.0
2013-09-26 00:00:00+09:00,500.8543701171875,500.8543701171875,500.8543701171875,500.8543701171875,1000,0.0,0.0
2013-09-27 00:00:00+09:00,500.8543701171875,500.8543701171875,500.8543701171875,500.8543701171875,0,0.0,0.0
2013-09-30 00:00:00+09:00,500.8543701171875,500.8543701171875,500.8543701171875,500.8543701171875,0,0.0,0.0
2013-10-01 00:00:00+09:00,500.8543701171875,500.8543701171875,500.8543701171875,500.8543701171875,0,0.0,0.0
2013-10-02 00:00:00+09:00,490.4198913574219,490.4198913574219,490.4198913574219,490.4198913574219,2000,0.0,0.0
2013-10-03 00:00:00+09:00,486.4066772460937,486.4066772460937,486.4066772460937,486.40667724609375,2000,0.0,0.0
2013-10-04 00:00:00+09:00,487.20927578003943,487.20927578003943,485.6039733886719,485.6039733886719,4000,0.0,0.0
2013-10-07 00:00:00+09:00,486.4066623594703,493.6305236816407,486.4066623594703,493.6305236816406,2000,0.0,0.0
2013-10-08 00:00:00+09:00,493.6305236816407,493.6305236816407,493.6305236816407,493.6305236816406,0,0.0,0.0
2013-10-09 00:00:00+09:00,493.6305236816407,493.6305236816407,493.6305236816407,493.6305236816406,0,0.0,0.0
2013-10-10 00:00:00+09:00,493.6305236816407,493.6305236816407,493.6305236816407,493.6305236816406,0,0.0,0.0
2013-10-11 00:00:00+09:00,485.6039733886719,485.6039733886719,485.6039733886719,485.6039733886719,1000,0.0,0.0
2013-10-15 00:00:00+09:00,485.6039733886719,485.6039733886719,485.6039733886719,485.6039733886719,0,0.0,0.0
2013-10-16 00:00:00+09:00,485.6039733886719,485.6039733886719,485.6039733886719,485.6039733886719,0,0.0,0.0
2013-10-17 00:00:00+09:00,485.6039733886719,485.6039733886719,485.6039733886719,485.6039733886719,0,0.0,0.0
2013-10-18 00:00:00+09:00,490.4199963020462,492.0252990722656,490.4199963020462,492.0252990722656,2000,0.0,0.0
2013-10-21 00:00:00+09:00,492.82784499747464,493.6304962108256,490.4198913574219,490.4198913574219,8000,0.0,0.0
2013-10-22 00:00:00+09:00,492.0252990722656,492.0252990722656,492.0252990722656,492.0252990722656,3000,0.0,0.0
2013-10-23 00:00:00+09:00,493.6305236816407,493.6305236816407,493.6305236816407,493.6305236816406,2000,0.0,0.0
2013-10-24 00:00:00+09:00,493.6305236816407,493.6305236816407,493.6305236816407,493.6305236816406,0,0.0,0.0
2013-10-25 00:00:00+09:00,492.0252990722656,492.0252990722656,492.0252990722656,492.0252990722656,1000,0.0,0.0
2013-10-28 00:00:00+09:00,491.2225036621094,491.2225036621094,491.2225036621094,491.2225036621094,3000,0.0,0.0
2013-10-29 00:00:00+09:00,491.2225036621094,491.2225036621094,491.2225036621094,491.2225036621094,0,0.0,0.0
2013-10-30 00:00:00+09:00,491.2225036621094,491.2225036621094,491.2225036621094,491.2225036621094,0,0.0,0.0
2013-10-31 00:00:00+09:00,491.2225036621094,491.2225036621094,491.2225036621094,491.2225036621094,0,0.0,0.0
2013-11-01 00:00:00+09:00,491.2225036621094,491.2225036621094,491.2225036621094,491.2225036621094,0,0.0,0.0
2013-11-05 00:00:00+09:00,491.2225036621094,491.2225036621094,491.2225036621094,491.2225036621094,0,0.0,0.0
2013-11-06 00:00:00+09:00,491.2225036621094,491.2225036621094,491.2225036621094,491.2225036621094,0,0.0,0.0
2013-11-07 00:00:00+09:00,491.2225036621094,491.2225036621094,491.2225036621094,491.2225036621094,0,0.0,0.0
2013-11-08 00:00:00+09:00,491.2225036621094,491.2225036621094,491.2225036621094,491.2225036621094,0,0.0,0.0
2013-11-11 00:00:00+09:00,492.0252990722656,492.0252990722656,492.0252990722656,492.0252990722656,1000,0.0,0.0
2013-11-12 00:00:00+09:00,489.6172485351562,489.6172485351562,489.6172485351562,489.61724853515625,1000,0.0,0.0
2013-11-13 00:00:00+09:00,489.6172485351562,489.6172485351562,489.6172485351562,489.61724853515625,0,0.0,0.0
2013-11-14 00:00:00+09:00,481.5907287597656,481.5907287597656,481.5907287597656,481.5907287597656,1000,0.0,0.0
2013-11-15 00:00:00+09:00,481.5907287597656,481.5907287597656,481.5907287597656,481.5907287597656,2000,0.0,0.0
2013-11-18 00:00:00+09:00,483.19603345892966,487.20928955078125,483.19603345892966,487.20928955078125,2000,0.0,0.0
2013-11-19 00:00:00+09:00,489.61720136256,491.2225036621094,489.61720136256,491.2225036621094,3000,0.0,0.0
2013-11-20 00:00:00+09:00,492.8278457641602,492.8278457641602,481.5907287597656,481.5907287597656,4000,0.0,0.0
2013-11-21 00:00:00+09:00,487.2092872619629,487.2092872619629,481.5907287597656,481.5907287597656,4000,0.0,0.0
2013-11-22 00:00:00+09:00,488.0118991134567,488.0118991134567,482.3933410644531,482.3933410644531,2000,0.0,0.0
2013-11-25 00:00:00+09:00,483.9986763502422,488.0119323730468,483.9986763502422,488.0119323730469,3000,0.0,0.0
2013-11-26 00:00:00+09:00,488.0118991134567,488.0118991134567,482.3933410644531,482.3933410644531,3000,0.0,0.0
2013-11-27 00:00:00+09:00,482.3933410644531,482.3933410644531,482.3933410644531,482.3933410644531,2000,0.0,0.0
2013-11-28 00:00:00+09:00,483.9986572265625,483.9986572265625,483.9986572265625,483.9986572265625,3000,0.0,0.0
2013-11-29 00:00:00+09:00,483.9986572265625,483.9986572265625,483.9986572265625,483.9986572265625,1000,0.0,0.0
2013-12-02 00:00:00+09:00,483.9986572265625,483.9986572265625,483.9986572265625,483.9986572265625,0,0.0,0.0
2013-12-03 00:00:00+09:00,483.9986488898069,484.8013000488281,483.9986488898069,484.8013000488281,2000,0.0,0.0
2013-12-04 00:00:00+09:00,483.1960754394531,483.1960754394531,483.1960754394531,483.1960754394531,1000,0.0,0.0
2013-12-05 00:00:00+09:00,483.1960754394531,483.1960754394531,483.1960754394531,483.1960754394531,0,0.0,0.0
2013-12-06 00:00:00+09:00,482.3933410644531,482.3933410644531,482.3933410644531,482.3933410644531,1000,0.0,0.0
2013-12-09 00:00:00+09:00,483.9986572265625,483.9986572265625,483.9986572265625,483.9986572265625,1000,0.0,0.0
2013-12-10 00:00:00+09:00,483.9986572265625,483.9986572265625,483.9986572265625,483.9986572265625,1000,0.0,0.0
2013-12-11 00:00:00+09:00,483.1960754394531,483.1960754394531,483.1960754394531,483.1960754394531,1000,0.0,0.0
2013-12-12 00:00:00+09:00,481.5907287597656,481.5907287597656,481.5907287597656,481.5907287597656,1000,0.0,0.0
2013-12-13 00:00:00+09:00,481.5907287597656,481.5907287597656,481.5907287597656,481.5907287597656,0,0.0,0.0
2013-12-16 00:00:00+09:00,480.78807153199847,488.0119323730468,480.78807153199847,488.0119323730469,2000,0.0,0.0
2013-12-17 00:00:00+09:00,484.80132219298815,487.20927578003943,484.80132219298815,485.6039733886719,9000,0.0,0.0
2013-12-18 00:00:00+09:00,485.6039733886719,485.6039733886719,485.6039733886719,485.6039733886719,0,0.0,0.0
2013-12-19 00:00:00+09:00,486.4066360473633,486.4066360473633,481.5907287597656,481.5907287597656,7000,0.0,0.0
2013-12-20 00:00:00+09:00,488.01193847656253,488.01193847656253,481.5907287597656,481.5907287597656,11000,0.0,0.0
2013-12-24 00:00:00+09:00,483.1960754394531,483.1960754394531,483.1960754394531,483.1960754394531,1000,0.0,0.0
2013-12-25 00:00:00+09:00,483.1959980443581,483.1959980443581,467.1429748535156,467.1429748535156,11000,0.0,0.0
2013-12-26 00:00:00+09:00,473.5642531111434,475.1695556640625,471.9589505582242,475.1695556640625,3000,0.0,0.0
2013-12-27 00:00:00+09:00,475.1695556640625,475.1695556640625,475.1695556640625,475.1695556640625,0,0.0,0.0
2013-12-30 00:00:00+09:00,483.1960754394531,483.1960754394531,483.1960754394531,483.1960754394531,1000,0.0,0.0
2014-01-06 00:00:00+09:00,490.4198581619768,490.4198581619768,481.5906954127432,484.8013000488281,7000,0.0,0.0
2014-01-07 00:00:00+09:00,484.8013336181641,484.8013336181641,481.5907287597656,481.5907287597656,2000,0.0,0.0
2014-01-08 00:00:00+09:00,481.5907287597656,481.5907287597656,481.5907287597656,481.5907287597656,0,0.0,0.0
2014-01-09 00:00:00+09:00,483.19603118896487,483.19603118896487,481.5907287597656,481.5907287597656,3000,0.0,0.0
2014-01-10 00:00:00+09:00,484.8013000488281,484.8013000488281,484.8013000488281,484.8013000488281,1000,0.0,0.0
2014-01-14 00:00:00+09:00,484.8013411725153,492.02520221647666,484.8013411725153,489.61724853515625,4000,0.0,0.0
2014-01-15 00:00:00+09:00,496.03845214843744,496.03845214843744,496.03845214843744,496.0384521484375,1000,0.0,0.0
2014-01-16 00:00:00+09:00,491.2225365461556,496.8410949707031,491.2225365461556,496.8410949707031,4000,0.0,0.0
2014-01-17 00:00:00+09:00,500.0516662597656,500.0516662597656,500.0516662597656,500.0516662597656,1000,0.0,0.0
2014-01-20 00:00:00+09:00,505.6702934713925,545.8028564453125,505.6702934713925,545.8028564453125,14000,0.0,0.0
2014-01-21 00:00:00+09:00,553.8293948825315,561.8559078518435,549.8161383978754,557.8426513671875,6000,0.0,0.0
2014-01-22 00:00:00+09:00,565.869140625,565.869140625,565.869140625,565.869140625,1000,0.0,0.0
2014-01-23 00:00:00+09:00,549.0134614832261,549.0134614832261,545.8028564453125,545.8028564453125,5000,0.0,0.0
2014-01-24 00:00:00+09:00,537.776353102464,537.776353102464,521.7233276367188,521.7233276367188,4000,0.0,0.0
2014-01-27 00:00:00+09:00,529.7498168945312,529.7498168945312,529.7498168945312,529.7498168945312,1000,0.0,0.0
2014-01-28 00:00:00+09:00,529.7498607908757,560.2506103515625,529.7498607908757,560.2506103515625,3000,0.0,0.0
2014-01-29 00:00:00+09:00,560.2506103515625,560.2506103515625,560.2506103515625,560.2506103515625,0,0.0,0.0
2014-01-30 00:00:00+09:00,560.2506103515625,560.2506103515625,560.2506103515625,560.2506103515625,0,0.0,0.0
2014-01-31 00:00:00+09:00,560.2506103515625,560.2506103515625,560.2506103515625,560.2506103515625,0,0.0,0.0
2014-02-03 00:00:00+09:00,560.2506103515625,560.2506103515625,560.2506103515625,560.2506103515625,0,0.0,0.0
2014-02-04 00:00:00+09:00,560.2506103515625,560.2506103515625,560.2506103515625,560.2506103515625,0,0.0,0.0
2014-02-05 00:00:00+09:00,561.0532836914062,561.0532836914062,561.0532836914062,561.0532836914062,1000,0.0,0.0
2014-02-06 00:00:00+09:00,561.0532836914062,561.0532836914062,561.0532836914062,561.0532836914062,0,0.0,0.0
2014-02-07 00:00:00+09:00,540.9869723647388,540.9869723647388,537.7763671875,537.7763671875,3000,0.0,0.0
2014-02-10 00:00:00+09:00,537.7763791191846,537.7763791191846,533.7631225585938,533.7631225585938,2000,0.0,0.0
2014-02-12 00:00:00+09:00,541.7895886497777,549.8161010742188,541.7895886497777,549.8161010742188,2000,0.0,0.0
2014-02-13 00:00:00+09:00,549.8161010742188,549.8161010742188,549.8161010742188,549.8161010742188,0,0.0,0.0
2014-02-14 00:00:00+09:00,541.7896728515625,541.7896728515625,541.7896728515625,541.7896728515625,2000,0.0,0.0
2014-02-17 00:00:00+09:00,537.7763671875,537.7763671875,537.7763671875,537.7763671875,1000,0.0,0.0
2014-02-18 00:00:00+09:00,541.7896728515625,541.7896728515625,541.7896728515625,541.7896728515625,1000,0.0,0.0
2014-02-19 00:00:00+09:00,541.7896728515625,541.7896728515625,541.7896728515625,541.7896728515625,0,0.0,0.0
2014-02-20 00:00:00+09:00,544.1975487127262,544.1975487127262,543.3948974609375,543.3948974609375,2000,0.0,0.0
2014-02-21 00:00:00+09:00,550.6187744140625,550.6187744140625,550.6187744140625,550.6187744140625,1000,0.0,0.0
2014-02-24 00:00:00+09:00,545.8029296875,545.8029296875,541.7896728515625,541.7896728515625,3000,0.0,0.0
2014-02-25 00:00:00+09:00,541.7896728515625,541.7896728515625,541.7896728515625,541.7896728515625,0,0.0,0.0
2014-02-26 00:00:00+09:00,537.7763671875,537.7763671875,537.7763671875,537.7763671875,1000,0.0,0.0
2014-02-27 00:00:00+09:00,523.32861328125,523.32861328125,523.32861328125,523.32861328125,4000,0.0,0.0
2014-02-28 00:00:00+09:00,531.3551025390625,531.3551025390625,531.3551025390625,531.3551025390625,8000,0.0,0.0
2014-03-03 00:00:00+09:00,537.7763671875,537.7763671875,537.7763671875,537.7763671875,1000,0.0,0.0
2014-03-04 00:00:00+09:00,536.9736938476562,536.9736938476562,536.9736938476562,536.9736938476562,1000,0.0,0.0
2014-03-05 00:00:00+09:00,536.9736780340021,536.9736780340021,515.3020946155895,529.7498168945312,16000,0.0,0.0
2014-03-06 00:00:00+09:00,529.7498168945312,529.7498168945312,529.7498168945312,529.7498168945312,0,0.0,0.0
2014-03-07 00:00:00+09:00,528.1445466231728,535.368408203125,528.1445466231728,535.368408203125,2000,0.0,0.0
2014-03-10 00:00:00+09:00,531.3552149330698,531.3552149330698,526.539306640625,526.539306640625,2000,0.0,0.0
2014-03-11 00:00:00+09:00,526.539306640625,526.539306640625,526.539306640625,526.539306640625,0,0.0,0.0
2014-03-12 00:00:00+09:00,526.539306640625,526.539306640625,526.539306640625,526.539306640625,1000,0.0,0.0
2014-03-13 00:00:00+09:00,526.539306640625,526.539306640625,526.539306640625,526.539306640625,0,0.0,0.0
2014-03-14 00:00:00+09:00,526.5391623926527,526.5391623926527,525.7365112304688,525.7365112304688,2000,0.0,0.0
2014-03-17 00:00:00+09:00,525.7365112304688,525.7365112304688,525.7365112304688,525.7365112304688,1000,0.0,0.0
2014-03-18 00:00:00+09:00,525.7365112304688,525.7365112304688,525.7365112304688,525.7365112304688,0,0.0,0.0
2014-03-19 00:00:00+09:00,525.7365112304688,525.7365112304688,525.7365112304688,525.7365112304688,0,0.0,0.0
2014-03-20 00:00:00+09:00,532.96044921875,532.96044921875,532.96044921875,532.96044921875,1000,0.0,0.0
2014-03-24 00:00:00+09:00,537.7763568924134,537.7763568924134,532.96044921875,532.96044921875,3000,0.0,0.0
2014-03-25 00:00:00+09:00,532.96044921875,532.96044921875,532.96044921875,532.96044921875,2000,0.0,0.0
2014-03-26 00:00:00+09:00,529.7498168945312,529.7498168945312,529.7498168945312,529.7498168945312,1000,0.0,0.0
2014-03-27 00:00:00+09:00,544.6025390625,544.6025390625,544.6025390625,544.6025390625,0,18.0,0.0
2014-03-28 00:00:00+09:00,544.6025390625,544.6025390625,544.6025390625,544.6025390625,0,0.0,0.0
2014-03-31 00:00:00+09:00,544.6025390625,544.6025390625,544.6025390625,544.6025390625,0,0.0,0.0
2014-04-01 00:00:00+09:00,544.6025390625,544.6025390625,544.6025390625,544.6025390625,0,0.0,0.0
2014-04-02 00:00:00+09:00,544.6025390625,544.6025390625,544.6025390625,544.6025390625,0,0.0,0.0
2014-04-03 00:00:00+09:00,544.6025390625,544.6025390625,544.6025390625,544.6025390625,0,0.0,0.0
2014-04-04 00:00:00+09:00,544.6025390625,544.6025390625,544.6025390625,544.6025390625,0,0.0,0.0
2014-04-07 00:00:00+09:00,519.8479614257812,519.8479614257812,519.8479614257812,519.8479614257812,1000,0.0,0.0
2014-04-08 00:00:00+09:00,519.8479614257812,519.8479614257812,519.8479614257812,519.8479614257812,0,0.0,0.0
2014-04-09 00:00:00+09:00,519.8479614257812,519.8479614257812,519.8479614257812,519.8479614257812,1000,0.0,0.0
2014-04-10 00:00:00+09:00,519.8479614257812,519.8479614257812,519.8479614257812,519.8479614257812,0,0.0,0.0
2014-04-11 00:00:00+09:00,519.8479614257812,519.8479614257812,519.8479614257812,519.8479614257812,0,0.0,0.0
2014-04-14 00:00:00+09:00,519.8479614257812,519.8479614257812,519.8479614257812,519.8479614257812,0,0.0,0.0
2014-04-15 00:00:00+09:00,519.8479614257812,519.8479614257812,519.8479614257812,519.8479614257812,0,0.0,0.0
2014-04-16 00:00:00+09:00,519.8479614257812,519.8479614257812,519.8479614257812,519.8479614257812,0,0.0,0.0
2014-04-17 00:00:00+09:00,532.2252197265625,532.2252197265625,532.2252197265625,532.2252197265625,1000,0.0,0.0
2014-04-18 00:00:00+09:00,532.2252658481511,547.0780639648438,532.2252658481511,547.0780639648438,3000,0.0,0.0
2014-04-21 00:00:00+09:00,530.5748901367188,530.5748901367188,530.5748901367188,530.5748901367188,1000,0.0,0.0
2014-04-22 00:00:00+09:00,536.35107421875,536.35107421875,536.35107421875,536.35107421875,2000,0.0,0.0
2014-04-23 00:00:00+09:00,536.35107421875,536.35107421875,536.35107421875,536.35107421875,1000,0.0,0.0
2014-04-24 00:00:00+09:00,536.35107421875,536.35107421875,536.35107421875,536.35107421875,0,0.0,0.0
2014-04-25 00:00:00+09:00,536.35107421875,536.35107421875,536.35107421875,536.35107421875,0,0.0,0.0
2014-04-28 00:00:00+09:00,536.35107421875,536.35107421875,536.35107421875,536.35107421875,1000,0.0,0.0
2014-04-30 00:00:00+09:00,536.35107421875,536.35107421875,536.35107421875,536.35107421875,2000,0.0,0.0
2014-05-01 00:00:00+09:00,536.351071312314,536.351071312314,519.8479614257812,519.8479614257812,1000,0.0,0.0
2014-05-02 00:00:00+09:00,519.8479614257812,519.8479614257812,519.8479614257812,519.8479614257812,0,0.0,0.0
2014-05-07 00:00:00+09:00,520.6730346679688,520.6730346679688,520.6730346679688,520.6730346679688,1000,0.0,0.0
2014-05-08 00:00:00+09:00,520.6730346679688,520.6730346679688,520.6730346679688,520.6730346679688,100,0.0,0.0
2014-05-09 00:00:00+09:00,520.6730346679688,520.6730346679688,520.6730346679688,520.6730346679688,0,0.0,0.0
2014-05-12 00:00:00+09:00,520.6730346679688,520.6730346679688,520.6730346679688,520.6730346679688,0,0.0,0.0
2014-05-13 00:00:00+09:00,520.6730507772477,527.2742938932826,503.34478759765625,503.34478759765625,3800,0.0,0.0
2014-05-14 00:00:00+09:00,503.34478759765625,503.34478759765625,503.34478759765625,503.34478759765625,0,0.0,0.0
2014-05-15 00:00:00+09:00,495.918530242869,495.918530242869,470.3387058875796,494.2682189941406,2200,0.0,0.0
2014-05-16 00:00:00+09:00,519.0227661132812,519.0227661132812,519.0227661132812,519.0227661132812,500,0.0,0.0
2014-05-19 00:00:00+09:00,526.4491899278429,535.5259000990126,525.6240344577366,534.7007446289062,800,0.0,0.0
2014-05-20 00:00:00+09:00,533.0504199981689,533.0504199981689,528.0994873046875,528.0994873046875,1200,0.0,0.0
2014-05-21 00:00:00+09:00,528.0994873046875,528.0994873046875,528.0994873046875,528.0994873046875,1100,0.0,0.0
2014-05-22 00:00:00+09:00,535.5259399414062,535.5259399414062,535.5259399414062,535.5259399414062,1100,0.0,0.0
2014-05-23 00:00:00+09:00,535.5259399414062,535.5259399414062,535.5259399414062,535.5259399414062,800,0.0,0.0
2014-05-26 00:00:00+09:00,535.5259399414062,535.5259399414062,535.5259399414062,535.5259399414062,1200,0.0,0.0
2014-05-27 00:00:00+09:00,535.5259399414062,535.5259399414062,535.5259399414062,535.5259399414062,600,0.0,0.0
2014-05-28 00:00:00+09:00,535.5259399414062,535.5259399414062,535.5259399414062,535.5259399414062,0,0.0,0.0
2014-05-29 00:00:00+09:00,535.5259399414062,535.5259399414062,535.5259399414062,535.5259399414062,0,0.0,0.0
2014-05-30 00:00:00+09:00,535.5259399414062,535.5259399414062,535.5259399414062,535.5259399414062,0,0.0,0.0
2014-06-02 00:00:00+09:00,523.1486206054688,523.1486206054688,523.1486206054688,523.1486206054688,100,0.0,0.0
2014-06-03 00:00:00+09:00,523.1486206054688,523.1486206054688,523.1486206054688,523.1486206054688,0,0.0,0.0
2014-06-04 00:00:00+09:00,530.5749181955347,530.5749181955347,522.3233642578125,522.3233642578125,300,0.0,0.0
2014-06-05 00:00:00+09:00,519.8479453125,519.8479453125,515.72216796875,515.72216796875,1900,0.0,0.0
2014-06-06 00:00:00+09:00,516.547228700626,531.4000244140625,515.7220733832128,531.4000244140625,1100,0.0,0.0
2014-06-09 00:00:00+09:00,531.4000244140625,531.4000244140625,531.4000244140625,531.4000244140625,0,0.0,0.0
2014-06-10 00:00:00+09:00,531.4000643471414,532.2252197265625,531.4000643471414,532.2252197265625,1000,0.0,0.0
2014-06-11 00:00:00+09:00,532.2252197265625,532.2252197265625,532.2252197265625,532.2252197265625,0,0.0,0.0
2014-06-12 00:00:00+09:00,528.0995008680555,534.7007446289062,528.0995008680555,534.7007446289062,1000,0.0,0.0
2014-06-13 00:00:00+09:00,534.7007446289062,534.7007446289062,534.7007446289062,534.7007446289062,0,0.0,0.0
2014-06-16 00:00:00+09:00,534.7007446289062,534.7007446289062,534.7007446289062,534.7007446289062,1300,0.0,0.0
2014-06-17 00:00:00+09:00,537.1762324546701,552.8541870117188,536.3510769516674,552.8541870117188,1600,0.0,0.0
2014-06-18 00:00:00+09:00,552.8541870117188,552.8541870117188,552.8541870117188,552.8541870117188,0,0.0,0.0
2014-06-19 00:00:00+09:00,552.8542184268728,561.1057739257812,552.8542184268728,561.1057739257812,1600,0.0,0.0
2014-06-20 00:00:00+09:00,576.7836448904701,576.7836448904701,552.0289820196344,561.9308471679688,4300,0.0,0.0
2014-06-23 00:00:00+09:00,575.1333618164062,575.1333618164062,575.1333618164062,575.1333618164062,2700,0.0,0.0
2014-06-24 00:00:00+09:00,577.608846901824,577.608846901824,576.78369140625,576.78369140625,2900,0.0,0.0
2014-06-25 00:00:00+09:00,577.608846901824,577.608846901824,576.78369140625,576.78369140625,3400,0.0,0.0
2014-06-26 00:00:00+09:00,585.0352706799404,585.0352706799404,573.4830932617188,573.4830932617188,700,0.0,0.0
2014-06-27 00:00:00+09:00,574.3082275390625,574.3082275390625,574.3082275390625,574.3082275390625,200,0.0,0.0
2014-06-30 00:00:00+09:00,574.3082275390625,574.3082275390625,574.3082275390625,574.3082275390625,0,0.0,0.0
2014-07-01 00:00:00+09:00,574.3082275390625,574.3082275390625,574.3082275390625,574.3082275390625,0,0.0,0.0
2014-07-02 00:00:00+09:00,572.6578369140625,572.6578369140625,572.6578369140625,572.6578369140625,400,0.0,0.0
2014-07-03 00:00:00+09:00,572.6578604435575,572.6578604435575,569.3572387695312,569.3572387695312,800,0.0,0.0
2014-07-04 00:00:00+09:00,569.3572387695312,569.3572387695312,569.3572387695312,569.3572387695312,0,0.0,0.0
2014-07-07 00:00:00+09:00,569.3572387695312,569.3572387695312,569.3572387695312,569.3572387695312,0,0.0,0.0
2014-07-08 00:00:00+09:00,561.1057739257812,561.1057739257812,561.1057739257812,561.1057739257812,1000,0.0,0.0
2014-07-09 00:00:00+09:00,561.1057739257812,561.1057739257812,561.1057739257812,561.1057739257812,1000,0.0,0.0
2014-07-10 00:00:00+09:00,561.1057739257812,561.1057739257812,561.1057739257812,561.1057739257812,0,0.0,0.0
2014-07-11 00:00:00+09:00,561.1057739257812,561.1057739257812,561.1057739257812,561.1057739257812,0,0.0,0.0
2014-07-14 00:00:00+09:00,561.1057739257812,561.1057739257812,561.1057739257812,561.1057739257812,1000,0.0,0.0
2014-07-15 00:00:00+09:00,561.1057739257812,561.1057739257812,561.1057739257812,561.1057739257812,0,0.0,0.0
2014-07-16 00:00:00+09:00,577.6087929545969,577.6087929545969,569.3572387695312,569.3572387695312,5200,0.0,0.0
2014-07-17 00:00:00+09:00,569.3572387695312,569.3572387695312,569.3572387695312,569.3572387695312,0,0.0,0.0
2014-07-18 00:00:00+09:00,569.3572153756529,572.6578369140625,569.3572153756529,572.6578369140625,1200,0.0,0.0
2014-07-22 00:00:00+09:00,572.6578369140625,572.6578369140625,572.6578369140625,572.6578369140625,2200,0.0,0.0
2014-07-23 00:00:00+09:00,572.6578369140625,572.6578369140625,572.6578369140625,572.6578369140625,2800,0.0,0.0
2014-07-24 00:00:00+09:00,577.6088442897525,579.2591552734375,577.6088442897525,579.2591552734375,2400,0.0,0.0
2014-07-25 00:00:00+09:00,604.0137684355277,604.0137684355277,588.3358154296875,588.3358154296875,5300,0.0,0.0
2014-07-28 00:00:00+09:00,602.363525390625,602.363525390625,602.363525390625,602.363525390625,6700,0.0,0.0
2014-07-29 00:00:00+09:00,610.6150558192686,610.6150558192686,586.685546875,586.685546875,1300,0.0,0.0
2014-07-30 00:00:00+09:00,586.685546875,586.685546875,586.685546875,586.685546875,0,0.0,0.0
2014-07-31 00:00:00+09:00,588.3358154296875,588.3358154296875,588.3358154296875,588.3358154296875,1000,0.0,0.0
2014-08-01 00:00:00+09:00,594.1119995117188,594.1119995117188,594.1119995117188,594.1119995117188,1300,0.0,0.0
2014-08-04 00:00:00+09:00,570.1824340820312,570.1824340820312,570.1824340820312,570.1824340820312,200,0.0,0.0
2014-08-05 00:00:00+09:00,570.1824340820312,570.1824340820312,570.1824340820312,570.1824340820312,0,0.0,0.0
2014-08-06 00:00:00+09:00,570.1824340820312,570.1824340820312,570.1824340820312,570.1824340820312,200,0.0,0.0
2014-08-07 00:00:00+09:00,570.1824340820312,570.1824340820312,570.1824340820312,570.1824340820312,500,0.0,0.0
2014-08-08 00:00:00+09:00,570.1824340820312,570.1824340820312,570.1824340820312,570.1824340820312,200,0.0,0.0
2014-08-11 00:00:00+09:00,570.1824340820312,570.1824340820312,570.1824340820312,570.1824340820312,0,0.0,0.0
2014-08-12 00:00:00+09:00,569.3573294246899,569.3573294246899,561.1057739257812,561.1057739257812,1800,0.0,0.0
2014-08-13 00:00:00+09:00,561.1057739257812,561.1057739257812,561.1057739257812,561.1057739257812,0,0.0,0.0
2014-08-14 00:00:00+09:00,561.1057739257812,561.1057739257812,561.1057739257812,561.1057739257812,0,0.0,0.0
2014-08-15 00:00:00+09:00,602.363525390625,602.363525390625,602.363525390625,602.363525390625,100,0.0,0.0
2014-08-18 00:00:00+09:00,602.363525390625,602.363525390625,602.363525390625,602.363525390625,0,0.0,0.0
2014-08-19 00:00:00+09:00,602.363525390625,602.363525390625,602.363525390625,602.363525390625,0,0.0,0.0
2014-08-20 00:00:00+09:00,602.3635550604926,602.3635550604926,585.8604439629448,594.1119995117188,1900,0.0,0.0
2014-08-21 00:00:00+09:00,594.1118797398012,594.1118797398012,591.6364135742188,591.6364135742188,900,0.0,0.0
2014-08-22 00:00:00+09:00,594.1119995117188,594.1119995117188,594.1119995117188,594.1119995117188,7900,0.0,0.0
2014-08-25 00:00:00+09:00,601.5382690429688,601.5382690429688,601.5382690429688,601.5382690429688,400,0.0,0.0
2014-08-26 00:00:00+09:00,603.1885797948013,603.1885797948013,601.5382690429688,601.5382690429688,500,0.0,0.0
2014-08-27 00:00:00+09:00,601.5382690429688,601.5382690429688,601.5382690429688,601.5382690429688,0,0.0,0.0
2014-08-28 00:00:00+09:00,601.5382690429688,601.5382690429688,601.5382690429688,601.5382690429688,5000,0.0,0.0
2014-08-29 00:00:00+09:00,601.5382690429688,601.5382690429688,601.5382690429688,601.5382690429688,0,0.0,0.0
2014-09-01 00:00:00+09:00,601.5382690429688,601.5382690429688,601.5382690429688,601.5382690429688,0,0.0,0.0
2014-09-02 00:00:00+09:00,576.7836627395264,585.0352172851562,576.7836627395264,585.0352172851562,1100,0.0,0.0
2014-09-03 00:00:00+09:00,602.3634356121684,602.3634356121684,567.7069091796875,567.7069091796875,1600,0.0,0.0
2014-09-04 00:00:00+09:00,567.7069417084527,584.2100504790473,567.7069417084527,575.95849609375,1700,0.0,0.0
2014-09-05 00:00:00+09:00,575.95849609375,575.95849609375,575.95849609375,575.95849609375,0,0.0,0.0
2014-09-08 00:00:00+09:00,575.95849609375,575.95849609375,575.95849609375,575.95849609375,0,0.0,0.0
2014-09-09 00:00:00+09:00,575.95849609375,575.95849609375,575.95849609375,575.95849609375,0,0.0,0.0
2014-09-10 00:00:00+09:00,575.95849609375,575.95849609375,575.95849609375,575.95849609375,0,0.0,0.0
2014-09-11 00:00:00+09:00,569.357257468163,582.5597445978594,569.357257468163,571.007568359375,2700,0.0,0.0
2014-09-12 00:00:00+09:00,571.007568359375,571.007568359375,571.007568359375,571.007568359375,0,0.0,0.0
2014-09-16 00:00:00+09:00,573.4830932617188,573.4830932617188,573.4830932617188,573.4830932617188,100,0.0,0.0
2014-09-17 00:00:00+09:00,584.2100937038203,593.2868041992188,584.2100937038203,593.2868041992188,500,0.0,0.0
2014-09-18 00:00:00+09:00,590.8113698986367,590.8113698986367,582.559814453125,582.559814453125,200,0.0,0.0
2014-09-19 00:00:00+09:00,585.8603702502304,592.4616138586837,585.8603702502304,587.5106811523438,400,0.0,0.0
2014-09-22 00:00:00+09:00,598.2377319335938,598.2377319335938,597.4125764412715,598.2377319335938,1600,0.0,0.0
2014-09-24 00:00:00+09:00,600.7131984105604,600.7131984105604,598.2377319335938,598.2377319335938,1000,0.0,0.0
2014-09-25 00:00:00+09:00,602.363525390625,602.363525390625,602.363525390625,602.363525390625,1300,0.0,0.0
2014-09-26 00:00:00+09:00,600.7132143621576,602.363525390625,600.7132143621576,602.363525390625,500,0.0,0.0
2014-09-29 00:00:00+09:00,602.363525390625,602.363525390625,602.363525390625,602.363525390625,0,0.0,0.0
2014-09-30 00:00:00+09:00,602.363525390625,602.363525390625,602.363525390625,602.363525390625,500,0.0,0.0
2014-10-01 00:00:00+09:00,602.363525390625,602.363525390625,602.363525390625,602.363525390625,100,0.0,0.0
2014-10-02 00:00:00+09:00,602.363525390625,602.363525390625,602.363525390625,602.363525390625,0,0.0,0.0
2014-10-03 00:00:00+09:00,602.363525390625,602.363525390625,602.363525390625,602.363525390625,1000,0.0,0.0
2014-10-06 00:00:00+09:00,602.363525390625,602.363525390625,602.363525390625,602.363525390625,1000,0.0,0.0
2014-10-07 00:00:00+09:00,602.363525390625,602.363525390625,602.363525390625,602.363525390625,0,0.0,0.0
2014-10-08 00:00:00+09:00,602.363525390625,602.363525390625,602.363525390625,602.363525390625,0,0.0,0.0
2014-10-09 00:00:00+09:00,598.2377319335938,598.2377319335938,598.2377319335938,598.2377319335938,300,0.0,0.0
2014-10-10 00:00:00+09:00,598.2377319335938,598.2377319335938,598.2377319335938,598.2377319335938,0,0.0,0.0
2014-10-14 00:00:00+09:00,598.2377319335938,598.2377319335938,598.2377319335938,598.2377319335938,0,0.0,0.0
2014-10-15 00:00:00+09:00,598.2377319335938,598.2377319335938,598.2377319335938,598.2377319335938,0,0.0,0.0
2014-10-16 00:00:00+09:00,548.7284094967059,553.6793425147214,548.7284094967059,552.8541870117188,300,0.0,0.0
2014-10-17 00:00:00+09:00,553.6793212890625,553.6793212890625,553.6793212890625,553.6793212890625,100,0.0,0.0
2014-10-20 00:00:00+09:00,585.8603727397193,585.8603727397193,585.0352172851562,585.0352172851562,1800,0.0,0.0
2014-10-21 00:00:00+09:00,589.160888671875,589.160888671875,589.160888671875,589.160888671875,900,0.0,0.0
2014-10-22 00:00:00+09:00,597.4124417345063,597.4124417345063,589.160888671875,589.160888671875,1000,0.0,0.0
2014-10-23 00:00:00+09:00,589.160888671875,589.160888671875,589.160888671875,589.160888671875,0,0.0,0.0
2014-10-24 00:00:00+09:00,598.2377045581641,598.2377045581641,585.0352172851562,585.0352172851562,500,0.0,0.0
2014-10-27 00:00:00+09:00,598.2377319335938,598.2377319335938,595.7622654566272,598.2377319335938,700,0.0,0.0
2014-10-28 00:00:00+09:00,594.1119995117188,594.1119995117188,594.1119995117188,594.1119995117188,100,0.0,0.0
2014-10-29 00:00:00+09:00,594.1119995117188,594.1119995117188,594.1119995117188,594.1119995117188,0,0.0,0.0
2014-10-30 00:00:00+09:00,594.1119995117188,594.1119995117188,594.1119995117188,594.1119995117188,0,0.0,0.0
2014-10-31 00:00:00+09:00,597.41259765625,597.41259765625,597.41259765625,597.41259765625,1000,0.0,0.0
2014-11-04 00:00:00+09:00,597.41259765625,597.41259765625,597.41259765625,597.41259765625,1000,0.0,0.0
2014-11-05 00:00:00+09:00,597.41259765625,597.41259765625,597.41259765625,597.41259765625,0,0.0,0.0
2014-11-06 00:00:00+09:00,589.986157662528,589.986157662528,577.6088256835938,577.6088256835938,800,0.0,0.0
2014-11-07 00:00:00+09:00,577.6088256835938,577.6088256835938,577.6088256835938,577.6088256835938,1000,0.0,0.0
2014-11-10 00:00:00+09:00,577.6088256835938,577.6088256835938,577.6088256835938,577.6088256835938,0,0.0,0.0
2014-11-11 00:00:00+09:00,577.6088256835938,577.6088256835938,577.6088256835938,577.6088256835938,0,0.0,0.0
2014-11-12 00:00:00+09:00,564.4063961253447,564.4063961253447,552.8542184268728,561.1057739257812,3700,0.0,0.0
2014-11-13 00:00:00+09:00,569.3572387695312,569.3572387695312,569.3572387695312,569.3572387695312,200,0.0,0.0
2014-11-14 00:00:00+09:00,561.1057163783482,577.6088256835938,561.1057163783482,577.6088256835938,2100,0.0,0.0
2014-11-17 00:00:00+09:00,577.6088256835938,577.6088256835938,577.6088256835938,577.6088256835938,0,0.0,0.0
2014-11-18 00:00:00+09:00,577.6088256835938,577.6088256835938,577.6088256835938,577.6088256835938,0,0.0,0.0
2014-11-19 00:00:00+09:00,577.6088256835938,577.6088256835938,577.6088256835938,577.6088256835938,100,0.0,0.0
2014-11-20 00:00:00+09:00,565.2315516752356,565.2315516752356,561.1057739257812,561.1057739257812,4300,0.0,0.0
2014-11-21 00:00:00+09:00,555.3295851694818,560.280517578125,555.3295851694818,560.280517578125,500,0.0,0.0
2014-11-25 00:00:00+09:00,565.2315379629889,573.4830932617188,565.2315379629889,573.4830932617188,900,0.0,0.0
2014-11-26 00:00:00+09:00,573.4830932617188,573.4830932617188,573.4830932617188,573.4830932617188,2400,0.0,0.0
2014-11-27 00:00:00+09:00,573.4830611848483,573.4830611848483,565.2315063476562,565.2315063476562,2100,0.0,0.0
2014-11-28 00:00:00+09:00,565.2315063476562,565.2315063476562,565.2315063476562,565.2315063476562,0,0.0,0.0
2014-12-01 00:00:00+09:00,561.1057066306089,561.1057066306089,544.6025976120616,547.0780639648438,4200,0.0,0.0
2014-12-02 00:00:00+09:00,546.2528686523438,546.2528686523438,546.2528686523438,546.2528686523438,100,0.0,0.0
2014-12-03 00:00:00+09:00,549.5535962273093,561.1057739257812,549.5535962273093,561.1057739257812,2100,0.0,0.0
2014-12-04 00:00:00+09:00,556.9799194335938,556.9799194335938,556.9799194335938,556.9799194335938,2000,0.0,0.0
2014-12-05 00:00:00+09:00,552.8541189651602,560.280517578125,552.8541189651602,560.280517578125,1800,0.0,0.0
2014-12-08 00:00:00+09:00,560.280517578125,560.280517578125,560.280517578125,560.280517578125,400,0.0,0.0
2014-12-09 00:00:00+09:00,560.280517578125,560.280517578125,560.280517578125,560.280517578125,100,0.0,0.0
2014-12-10 00:00:00+09:00,560.280517578125,560.280517578125,560.280517578125,560.280517578125,0,0.0,0.0
2014-12-11 00:00:00+09:00,560.280517578125,560.280517578125,560.280517578125,560.280517578125,100,0.0,0.0
2014-12-12 00:00:00+09:00,560.280517578125,560.280517578125,560.280517578125,560.280517578125,0,0.0,0.0
2014-12-15 00:00:00+09:00,559.4554443359375,559.4554443359375,559.4554443359375,559.4554443359375,100,0.0,0.0
2014-12-16 00:00:00+09:00,559.4554443359375,559.4554443359375,559.4554443359375,559.4554443359375,0,0.0,0.0
2014-12-17 00:00:00+09:00,559.4554443359375,559.4554443359375,559.4554443359375,559.4554443359375,600,0.0,0.0
2014-12-18 00:00:00+09:00,557.8051332906988,559.4554443359375,557.8051332906988,559.4554443359375,2500,0.0,0.0
2014-12-19 00:00:00+09:00,557.8051517262179,561.1057739257812,556.979996176327,561.1057739257812,1700,0.0,0.0
2014-12-22 00:00:00+09:00,556.9798959723629,560.280517578125,552.8541189651602,560.280517578125,3300,0.0,0.0
2014-12-24 00:00:00+09:00,552.8541509575698,568.5321044921875,552.8541509575698,568.5321044921875,700,0.0,0.0
2014-12-25 00:00:00+09:00,568.5321044921875,568.5321044921875,568.5321044921875,568.5321044921875,600,0.0,0.0
2014-12-26 00:00:00+09:00,567.7069091796875,567.7069091796875,567.7069091796875,567.7069091796875,700,0.0,0.0
2014-12-29 00:00:00+09:00,567.7069091796875,567.7069091796875,567.7069091796875,567.7069091796875,0,0.0,0.0
2014-12-30 00:00:00+09:00,566.8817749023438,566.8817749023438,566.8817749023438,566.8817749023438,500,0.0,0.0
2015-01-05 00:00:00+09:00,569.3572387695312,569.3572387695312,569.3572387695312,569.3572387695312,100,0.0,0.0
2015-01-06 00:00:00+09:00,571.007568359375,571.007568359375,571.007568359375,571.007568359375,200,0.0,0.0
2015-01-07 00:00:00+09:00,569.3572387695312,575.1333266990772,569.3572387695312,569.3572387695312,3300,0.0,0.0
2015-01-08 00:00:00+09:00,573.4830134668391,573.4830134668391,565.2314593162371,571.8327026367188,1400,0.0,0.0
2015-01-09 00:00:00+09:00,564.4063961253447,566.0567072251264,561.1057739257812,561.1057739257812,2000,0.0,0.0
2015-01-13 00:00:00+09:00,561.1057739257812,561.1057739257812,561.1057739257812,561.1057739257812,700,0.0,0.0
2015-01-14 00:00:00+09:00,573.4830932617188,573.4830932617188,572.6579377318458,573.4830932617188,300,0.0,0.0
2015-01-15 00:00:00+09:00,573.4830158620641,573.4830158620641,565.2314616769984,569.3572387695312,3700,0.0,0.0
2015-01-16 00:00:00+09:00,577.6088282230766,577.6088282230766,569.3572735341754,575.1333618164062,1800,0.0,0.0
2015-01-19 00:00:00+09:00,575.1333618164062,575.1333618164062,575.1333618164062,575.1333618164062,500,0.0,0.0
2015-01-20 00:00:00+09:00,576.7836702183315,577.6088256835938,576.7836702183315,577.6088256835938,9400,0.0,0.0
2015-01-21 00:00:00+09:00,577.6088256835938,577.6088256835938,577.6088256835938,577.6088256835938,100,0.0,0.0
2015-01-22 00:00:00+09:00,577.6088256835938,577.6088256835938,577.6088256835938,577.6088256835938,2400,0.0,0.0
2015-01-23 00:00:00+09:00,569.3572387695312,570.1823941880378,569.3572387695312,569.3572387695312,2400,0.0,0.0
2015-01-26 00:00:00+09:00,575.9584821175838,575.9584821175838,569.3572387695312,569.3572387695312,1600,0.0,0.0
2015-01-27 00:00:00+09:00,566.0566356857388,571.007568359375,566.0566356857388,571.007568359375,1000,0.0,0.0
2015-01-28 00:00:00+09:00,566.8817749023438,566.8817749023438,566.8817749023438,566.8817749023438,100,0.0,0.0
2015-01-29 00:00:00+09:00,566.8817749023438,566.8817749023438,566.8817749023438,566.8817749023438,0,0.0,0.0
2015-01-30 00:00:00+09:00,566.8817749023438,566.8817749023438,566.8817749023438,566.8817749023438,0,0.0,0.0
2015-02-02 00:00:00+09:00,571.007568359375,571.007568359375,571.007568359375,571.007568359375,100,0.0,0.0
2015-02-03 00:00:00+09:00,570.1823941880378,571.0075496065444,569.3572387695312,569.3572387695312,300,0.0,0.0
2015-02-04 00:00:00+09:00,566.8817749023438,566.8817749023438,566.8817749023438,566.8817749023438,600,0.0,0.0
2015-02-05 00:00:00+09:00,569.3572387695312,569.3572387695312,569.3572387695312,569.3572387695312,400,0.0,0.0
2015-02-06 00:00:00+09:00,569.3572387695312,569.3572387695312,569.3572387695312,569.3572387695312,0,0.0,0.0
2015-02-09 00:00:00+09:00,577.6088256835938,577.6088256835938,577.6088256835938,577.6088256835938,100,0.0,0.0
2015-02-10 00:00:00+09:00,577.6088256835938,577.6088256835938,577.6088256835938,577.6088256835938,0,0.0,0.0
2015-02-12 00:00:00+09:00,577.6087929545969,577.6087929545969,569.3572387695312,569.3572387695312,1900,0.0,0.0
2015-02-13 00:00:00+09:00,570.1824474416577,576.78369140625,570.1824474416577,576.78369140625,800,0.0,0.0
2015-02-16 00:00:00+09:00,576.7836702183315,577.6088256835938,576.7836702183315,577.6088256835938,1100,0.0,0.0
2015-02-17 00:00:00+09:00,574.3082275390625,577.6088495364135,574.3082275390625,574.3082275390625,7800,0.0,0.0
2015-02-18 00:00:00+09:00,574.3081852166906,575.95849609375,574.3081852166906,575.95849609375,1100,0.0,0.0
2015-02-19 00:00:00+09:00,577.6088133058348,589.9861450195312,577.6088133058348,589.9861450195312,4300,0.0,0.0
2015-02-20 00:00:00+09:00,589.9861979616281,597.41259765625,589.9861979616281,597.41259765625,1200,0.0,0.0
2015-02-23 00:00:00+09:00,585.8602905273438,585.8602905273438,585.0351351885729,585.8602905273438,5400,0.0,0.0
2015-02-24 00:00:00+09:00,580.0843107652801,580.0843107652801,579.2591552734375,579.2591552734375,300,0.0,0.0
2015-02-25 00:00:00+09:00,594.1119197749825,594.1119197749825,592.4616088867188,592.4616088867188,900,0.0,0.0
2015-02-26 00:00:00+09:00,594.1119995117188,594.1119995117188,594.1119995117188,594.1119995117188,1800,0.0,0.0
2015-02-27 00:00:00+09:00,594.1119995117188,594.1119995117188,594.1119995117188,594.1119995117188,400,0.0,0.0
2015-03-02 00:00:00+09:00,590.811279296875,590.811279296875,590.811279296875,590.811279296875,200,0.0,0.0
2015-03-03 00:00:00+09:00,589.9862330377439,589.9862330377439,584.2101440429688,584.2101440429688,2800,0.0,0.0
2015-03-04 00:00:00+09:00,589.9861450195312,589.9861450195312,589.1609895719515,589.9861450195312,300,0.0,0.0
2015-03-05 00:00:00+09:00,589.9861450195312,589.9861450195312,589.9861450195312,589.9861450195312,0,0.0,0.0
2015-03-06 00:00:00+09:00,585.8602905273438,585.8602905273438,585.8602905273438,585.8602905273438,1000,0.0,0.0
2015-03-09 00:00:00+09:00,585.8602905273438,585.8602905273438,585.8602905273438,585.8602905273438,100,0.0,0.0
2015-03-10 00:00:00+09:00,585.8603913941631,586.685546875,585.8603913941631,586.685546875,200,0.0,0.0
2015-03-11 00:00:00+09:00,585.8602905273438,585.8602905273438,585.8602905273438,585.8602905273438,1000,0.0,0.0
2015-03-12 00:00:00+09:00,585.8602905273438,585.8602905273438,585.8602905273438,585.8602905273438,200,0.0,0.0
2015-03-13 00:00:00+09:00,614.7408883836534,614.7408883836534,594.1119995117188,594.1119995117188,2100,0.0,0.0
2015-03-16 00:00:00+09:00,599.8880429182382,599.8880429182382,598.2377319335938,598.2377319335938,1700,0.0,0.0
2015-03-17 00:00:00+09:00,594.937109964305,599.8880429182382,594.937109964305,598.2377319335938,1200,0.0,0.0
2015-03-18 00:00:00+09:00,598.2377531778747,598.2377531778747,597.41259765625,597.41259765625,500,0.0,0.0
2015-03-19 00:00:00+09:00,597.41259765625,597.41259765625,597.41259765625,597.41259765625,0,0.0,0.0
2015-03-20 00:00:00+09:00,598.2377744809226,599.0629300319307,596.5874633789062,596.5874633789062,3200,0.0,0.0
2015-03-23 00:00:00+09:00,598.2377744809226,598.2377744809226,596.5874633789062,596.5874633789062,3200,0.0,0.0
2015-03-24 00:00:00+09:00,594.1119755697514,597.41259765625,594.1119755697514,597.41259765625,200,0.0,0.0
2015-03-25 00:00:00+09:00,598.2377293345693,600.7131958007812,598.2377293345693,600.7131958007812,7900,0.0,0.0
2015-03-26 00:00:00+09:00,598.2377531778747,598.2377531778747,597.41259765625,597.41259765625,3100,0.0,0.0
2015-03-27 00:00:00+09:00,614.3845312365487,616.0817260742188,608.4443493047037,616.0817260742188,2200,20.0,0.0
2015-03-30 00:00:00+09:00,616.0817260742188,616.0817260742188,616.0817260742188,616.0817260742188,0,0.0,0.0
2015-03-31 00:00:00+09:00,615.2330932617188,615.2330932617188,615.2330932617188,615.2330932617188,1000,0.0,0.0
2015-04-01 00:00:00+09:00,615.2330932617188,615.2330932617188,615.2330932617188,615.2330932617188,0,0.0,0.0
2015-04-02 00:00:00+09:00,615.2330932617188,615.2330932617188,615.2330932617188,615.2330932617188,0,0.0,0.0
2015-04-03 00:00:00+09:00,613.5359497070312,613.5359497070312,613.5359497070312,613.5359497070312,200,0.0,0.0
2015-04-06 00:00:00+09:00,613.5359497070312,613.5359497070312,613.5359497070312,613.5359497070312,0,0.0,0.0
2015-04-07 00:00:00+09:00,599.9584093686551,600.8070068359375,599.9584093686551,600.8070068359375,1100,0.0,0.0
2015-04-08 00:00:00+09:00,603.3527961730957,610.9901733398438,603.3527961730957,610.9901733398438,400,0.0,0.0
2015-04-09 00:00:00+09:00,603.3527221679688,603.3527221679688,603.3527221679688,603.3527221679688,200,0.0,0.0
2015-04-10 00:00:00+09:00,602.5040283203125,602.5040283203125,602.5040283203125,602.5040283203125,200,0.0,0.0
2015-04-13 00:00:00+09:00,602.5040283203125,602.5040283203125,602.5040283203125,602.5040283203125,0,0.0,0.0
2015-04-14 00:00:00+09:00,602.5040283203125,602.5040283203125,602.5040283203125,602.5040283203125,0,0.0,0.0
2015-04-15 00:00:00+09:00,602.5041638030793,610.1415405273438,602.5041638030793,610.1415405273438,1200,0.0,0.0
2015-04-16 00:00:00+09:00,610.1415405273438,610.1415405273438,610.1415405273438,610.1415405273438,0,0.0,0.0
2015-04-17 00:00:00+09:00,610.1415405273438,610.1415405273438,610.1415405273438,610.1415405273438,0,0.0,0.0
2015-04-20 00:00:00+09:00,604.2013586306937,610.1415405273438,604.2013586306937,610.1415405273438,200,0.0,0.0
2015-04-21 00:00:00+09:00,610.1414752060108,610.1414752060108,604.2012939453125,604.2012939453125,300,0.0,0.0
2015-04-22 00:00:00+09:00,605.8984375,605.8984375,605.8984375,605.8984375,700,0.0,0.0
2015-04-23 00:00:00+09:00,604.2013673266115,604.2013673266115,595.7153930664062,595.7153930664062,1400,0.0,0.0
2015-04-24 00:00:00+09:00,605.8985339611561,606.7471313476562,605.8985339611561,606.7471313476562,1100,0.0,0.0
2015-04-27 00:00:00+09:00,610.9901733398438,610.9901733398438,610.9901733398438,610.9901733398438,1100,0.0,0.0
2015-04-28 00:00:00+09:00,610.9901733398438,610.9901733398438,610.9901733398438,610.9901733398438,0,0.0,0.0
2015-04-30 00:00:00+09:00,610.9901733398438,610.9901733398438,610.9901733398438,610.9901733398438,0,0.0,0.0
2015-05-01 00:00:00+09:00,610.9901733398438,610.9901733398438,610.9901733398438,610.9901733398438,100,0.0,0.0
2015-05-07 00:00:00+09:00,610.9901733398438,610.9901733398438,610.9901733398438,610.9901733398438,0,0.0,0.0
2015-05-08 00:00:00+09:00,610.9901733398438,610.9901733398438,610.9901733398438,610.9901733398438,0,0.0,0.0
2015-05-11 00:00:00+09:00,610.9901733398438,610.9901733398438,610.9901733398438,610.9901733398438,0,0.0,0.0
2015-05-12 00:00:00+09:00,610.9901733398438,610.9901733398438,610.9901733398438,610.9901733398438,0,0.0,0.0
2015-05-13 00:00:00+09:00,618.6275245359635,627.9620962367806,611.8387451171875,611.8387451171875,1100,0.0,0.0
2015-05-14 00:00:00+09:00,603.3527418016554,610.1415208936571,603.3527418016554,606.7471313476562,2100,0.0,0.0
2015-05-15 00:00:00+09:00,606.7471313476562,606.7471313476562,606.7471313476562,606.7471313476562,0,0.0,0.0
2015-05-18 00:00:00+09:00,610.9901733398438,610.9901733398438,610.9901733398438,610.9901733398438,1400,0.0,0.0
2015-05-19 00:00:00+09:00,610.9901733398438,610.9901733398438,610.9901733398438,610.9901733398438,300,0.0,0.0
2015-05-20 00:00:00+09:00,610.9901733398438,610.9901733398438,610.9901733398438,610.9901733398438,200,0.0,0.0
2015-05-21 00:00:00+09:00,610.9901733398438,610.9901733398438,610.9901733398438,610.9901733398438,0,0.0,0.0
2015-05-22 00:00:00+09:00,610.9901733398438,610.9901733398438,610.9901733398438,610.9901733398438,100,0.0,0.0
2015-05-25 00:00:00+09:00,610.1415050793491,610.9901024438544,609.2929077148438,609.2929077148438,1200,0.0,0.0
2015-05-26 00:00:00+09:00,609.2929077148438,609.2929077148438,609.2929077148438,609.2929077148438,900,0.0,0.0
2015-05-27 00:00:00+09:00,610.9901733398438,610.9901733398438,606.7471860249838,610.9901733398438,700,0.0,0.0
2015-05-28 00:00:00+09:00,610.9901733398438,610.9901733398438,610.9901733398438,610.9901733398438,0,0.0,0.0
2015-05-29 00:00:00+09:00,599.9583269684009,608.4443004757333,599.9583269684009,607.595703125,1400,0.0,0.0
2015-06-01 00:00:00+09:00,608.4443103503384,609.2929077148438,608.4443103503384,609.2929077148438,400,0.0,0.0
2015-06-02 00:00:00+09:00,610.9901733398438,615.2331606547037,610.9901733398438,610.9901733398438,800,0.0,0.0
2015-06-03 00:00:00+09:00,610.9901733398438,610.9901733398438,610.9901733398438,610.9901733398438,200,0.0,0.0
2015-06-04 00:00:00+09:00,615.2330521529921,618.62744140625,615.2330521529921,618.62744140625,1100,0.0,0.0
2015-06-05 00:00:00+09:00,618.62744140625,618.62744140625,618.62744140625,618.62744140625,100,0.0,0.0
2015-06-08 00:00:00+09:00,618.62744140625,618.62744140625,618.62744140625,618.62744140625,0,0.0,0.0
2015-06-09 00:00:00+09:00,605.8985339611561,606.7471313476562,605.8985339611561,606.7471313476562,4200,0.0,0.0
2015-06-10 00:00:00+09:00,610.9901733398438,610.9901733398438,610.9901733398438,610.9901733398438,1000,0.0,0.0
2015-06-11 00:00:00+09:00,615.233053422872,615.233053422872,608.4442749023438,608.4442749023438,600,0.0,0.0
2015-06-12 00:00:00+09:00,613.5359531350332,619.4761352539062,610.9901607983733,619.4761352539062,3100,0.0,0.0
2015-06-15 00:00:00+09:00,616.0817004679977,625.4162716872099,615.2331030844331,616.9302978515625,2200,0.0,0.0
2015-06-16 00:00:00+09:00,616.930339470279,616.930339470279,613.5359497070312,613.5359497070312,900,0.0,0.0
2015-06-17 00:00:00+09:00,613.5358985216864,616.0816906317349,613.5358985216864,615.2330932617188,2200,0.0,0.0
2015-06-18 00:00:00+09:00,615.2331445886551,615.2331445886551,612.6873522662194,613.5359497070312,1800,0.0,0.0
2015-06-19 00:00:00+09:00,611.8387548254074,613.5359497070312,611.8387548254074,613.5359497070312,700,0.0,0.0
2015-06-22 00:00:00+09:00,610.9901733398438,610.9901733398438,610.9901733398438,610.9901733398438,1900,0.0,0.0
2015-06-23 00:00:00+09:00,615.2330521529921,618.62744140625,615.2330521529921,618.62744140625,4800,0.0,0.0
2015-06-24 00:00:00+09:00,618.62744140625,618.62744140625,618.62744140625,618.62744140625,900,0.0,0.0
2015-06-25 00:00:00+09:00,619.4760801117995,619.4760801117995,610.990106411638,615.2330932617188,1300,0.0,0.0
2015-06-26 00:00:00+09:00,617.7788952351273,617.7788952351273,608.4443240159152,616.9302978515625,6000,0.0,0.0
2015-06-29 00:00:00+09:00,616.930365311472,618.6275602641858,612.6873779296875,612.6873779296875,1200,0.0,0.0
2015-06-30 00:00:00+09:00,613.5359289550781,721.3078002929688,613.5359289550781,721.3078002929688,11700,0.0,0.0
2015-07-01 00:00:00+09:00,708.5787875018542,708.5787875018542,654.2685570825505,670.3919067382812,12200,0.0,0.0
2015-07-02 00:00:00+09:00,670.3918825279304,670.3918825279304,649.1769495365402,661.0573120117188,5900,0.0,0.0
2015-07-03 00:00:00+09:00,661.0573120117188,661.9059093313743,627.96201654515,661.0573120117188,6600,0.0,0.0
2015-07-06 00:00:00+09:00,648.3284024468106,660.2087658424329,648.3284024468106,659.3601684570312,10800,0.0,0.0
2015-07-07 00:00:00+09:00,645.7825927734375,650.0255795853523,644.9339954110545,645.7825927734375,55500,0.0,0.0
2015-07-08 00:00:00+09:00,648.3284426418476,649.1770400798605,638.9938708237058,639.8424682617188,31300,0.0,0.0
2015-07-09 00:00:00+09:00,638.1452321075197,644.0854137893717,633.0536478087896,643.23681640625,11300,0.0,0.0
2015-07-10 00:00:00+09:00,641.5395805779405,646.6311645507812,641.5395805779405,646.6311645507812,11100,0.0,0.0
2015-07-13 00:00:00+09:00,645.782612400429,650.0255993412991,645.782612400429,649.177001953125,3000,0.0,0.0
2015-07-14 00:00:00+09:00,653.4200252848825,669.5433765581458,653.4200252848825,666.1489868164062,11300,0.0,0.0
2015-07-15 00:00:00+09:00,674.6348804793334,690.7582298241225,674.6348804793334,689.06103515625,33200,0.0,0.0
2015-07-16 00:00:00+09:00,691.6068047743578,712.8217374361478,691.6068047743578,706.032958984375,8500,0.0,0.0
2015-07-17 00:00:00+09:00,711.9732287597657,721.3078002929688,711.9732287597657,721.3078002929688,14200,0.0,0.0
2015-07-21 00:00:00+09:00,717.0648193359375,717.0648193359375,700.9414683686206,717.0648193359375,9300,0.0,0.0
2015-07-22 00:00:00+09:00,710.2760399812778,717.0648193359375,708.5788451426129,717.0648193359375,1600,0.0,0.0
2015-07-23 00:00:00+09:00,715.3675694056919,715.3675694056919,708.5787905738467,712.82177734375,4700,0.0,0.0
2015-07-24 00:00:00+09:00,721.3078259579285,721.3078259579285,711.1246566502871,720.459228515625,7000,0.0,0.0
2015-07-27 00:00:00+09:00,726.3993749078714,726.3993749078714,711.124621697192,719.610595703125,7200,0.0,0.0
2015-07-28 00:00:00+09:00,708.5788062310988,710.2760009765625,705.1844167401714,710.2760009765625,1500,0.0,0.0
2015-07-29 00:00:00+09:00,706.0330141129033,710.2760009765625,700.0928325037803,710.2760009765625,2700,0.0,0.0
2015-07-30 00:00:00+09:00,710.2759970056005,710.2759970056005,704.3358154296875,704.3358154296875,400,0.0,0.0
2015-07-31 00:00:00+09:00,708.578822000993,708.578822000993,695.8498611267237,707.730224609375,4500,0.0,0.0
2015-08-03 00:00:00+09:00,706.0329845442238,706.0329845442238,699.2442058466831,705.1843872070312,900,0.0,0.0
2015-08-04 00:00:00+09:00,699.2442490653758,703.487236013588,691.6068725585938,691.6068725585938,2500,0.0,0.0
2015-08-05 00:00:00+09:00,687.36376953125,689.9095612702546,687.36376953125,687.36376953125,1600,0.0,0.0
2015-08-06 00:00:00+09:00,683.1209167480469,685.666708984375,678.8779296875,678.8779296875,2400,0.0,0.0
2015-08-07 00:00:00+09:00,678.877900169238,678.877900169238,671.2405237923341,673.7863159179688,3200,0.0,0.0
2015-08-10 00:00:00+09:00,673.7863700671073,678.8779547275641,661.906005859375,661.906005859375,3200,0.0,0.0
2015-08-11 00:00:00+09:00,663.6031762695312,678.8779296875,662.7545788574218,678.8779296875,2300,0.0,0.0
2015-08-12 00:00:00+09:00,666.1489551799789,671.2405395507812,666.1489551799789,671.2405395507812,1600,0.0,0.0
2015-08-13 00:00:00+09:00,657.6629658670288,657.6629658670288,646.6311999879689,647.4797973632812,7600,0.0,0.0
2015-08-14 00:00:00+09:00,640.690912748638,645.7824961612099,638.145121042352,644.9338989257812,4700,0.0,0.0
2015-08-17 00:00:00+09:00,651.7227684399478,662.7545340515614,650.0255737304688,650.0255737304688,1000,0.0,0.0
2015-08-18 00:00:00+09:00,661.9059093313743,661.9059093313743,641.5395736596397,661.0573120117188,1600,0.0,0.0
2015-08-19 00:00:00+09:00,661.0573653875613,661.0573653875613,649.177001953125,649.177001953125,400,0.0,0.0
2015-08-20 00:00:00+09:00,649.1769565372016,659.3601244828832,646.6311645507812,646.6311645507812,1700,0.0,0.0
2015-08-21 00:00:00+09:00,636.4480195983723,641.5396037551592,629.6592407226562,629.6592407226562,6400,0.0,0.0
2015-08-24 00:00:00+09:00,638.1452242943549,650.0255875126009,630.5078479397682,631.3564453125,9800,0.0,0.0
2015-08-25 00:00:00+09:00,627.9620638379041,639.8424272078104,614.3845057008683,616.9302978515625,8200,0.0,0.0
2015-08-26 00:00:00+09:00,627.9620518677917,632.2050387047364,621.1732729286805,625.416259765625,3800,0.0,0.0
2015-08-27 00:00:00+09:00,644.0854155198027,661.0573632278343,638.1452338219916,659.3601684570312,2900,0.0,0.0
2015-08-28 00:00:00+09:00,661.9060185420049,661.9060185420049,650.8742515663048,653.4200439453125,2700,0.0,0.0
2015-08-31 00:00:00+09:00,661.9059925598857,661.9059925598857,654.2686157226562,654.2686157226562,1800,0.0,0.0
2015-09-01 00:00:00+09:00,658.511553209182,659.360150571565,645.7825927734375,645.7825927734375,4000,0.0,0.0
2015-09-02 00:00:00+09:00,635.5994518912412,654.2685946704232,633.9022570931337,634.7508544921875,5900,0.0,0.0
2015-09-03 00:00:00+09:00,634.7507991251682,637.2965911002692,628.8106178499327,630.5078125,30100,0.0,0.0
2015-09-04 00:00:00+09:00,632.2050128719671,636.4479995355374,626.2648315429688,626.2648315429688,1900,0.0,0.0
2015-09-07 00:00:00+09:00,606.7470859141832,619.4760457585367,598.2611126846142,604.2012939453125,5000,0.0,0.0
2015-09-08 00:00:00+09:00,605.8984375,606.7470347514005,605.8984375,605.8984375,1300,0.0,0.0
2015-09-09 00:00:00+09:00,613.5359240790099,627.1134825648523,610.9901318629144,614.384521484375,1400,0.0,0.0
2015-09-10 00:00:00+09:00,614.3845036445999,627.1134643554688,610.9901141217016,627.1134643554688,1600,0.0,0.0
2015-09-11 00:00:00+09:00,614.3845095101755,622.8704833984375,614.3845095101755,622.8704833984375,2300,0.0,0.0
2015-09-14 00:00:00+09:00,618.6275183307238,618.6275183307238,616.0817260742188,616.0817260742188,1100,0.0,0.0
2015-09-15 00:00:00+09:00,616.081745471693,619.4761352539062,616.081745471693,619.4761352539062,700,0.0,0.0
2015-09-16 00:00:00+09:00,619.4761479695638,619.4761479695638,610.9901733398438,610.9901733398438,2700,0.0,0.0
2015-09-17 00:00:00+09:00,610.9901009157359,645.7825927734375,610.1415035533529,645.7825927734375,3300,0.0,0.0
2015-09-18 00:00:00+09:00,623.7190395448266,627.9620262083969,623.7190395448266,626.2648315429688,1200,0.0,0.0
2015-09-24 00:00:00+09:00,619.4760801117995,633.9022354020743,608.4443143015894,615.2330932617188,5600,0.0,0.0
2015-09-25 00:00:00+09:00,635.5994713965882,638.145263671875,635.5994713965882,638.145263671875,1300,0.0,0.0
2015-09-28 00:00:00+09:00,642.3881808645357,642.3881808645357,626.2648315429688,626.2648315429688,1100,0.0,0.0
2015-09-29 00:00:00+09:00,622.8705250361194,622.8705250361194,619.4761352539062,619.4761352539062,400,0.0,0.0
2015-09-30 00:00:00+09:00,636.4480053744245,636.4480053744245,622.0218505859375,622.0218505859375,300,0.0,0.0
2015-10-01 00:00:00+09:00,622.0218505859375,622.0218505859375,622.0218505859375,622.0218505859375,0,0.0,0.0
2015-10-02 00:00:00+09:00,623.7190650308472,625.416259765625,622.8704676634583,625.416259765625,700,0.0,0.0
2015-10-05 00:00:00+09:00,634.7508642578125,639.8424487304687,628.8106823730469,636.4480590820312,1000,0.0,0.0
2015-10-06 00:00:00+09:00,640.690912748638,644.9338989257812,639.8423155132093,644.9338989257812,1600,0.0,0.0
2015-10-07 00:00:00+09:00,636.4480590820312,636.4480590820312,636.4480590820312,636.4480590820312,400,0.0,0.0
2015-10-08 00:00:00+09:00,636.4480881463913,641.5396728515625,636.4480881463913,641.5396728515625,400,0.0,0.0
2015-10-09 00:00:00+09:00,641.5395099840666,644.9338989257812,641.5395099840666,644.9338989257812,200,0.0,0.0
2015-10-13 00:00:00+09:00,644.9339954110545,645.7825927734375,643.2368006862886,645.7825927734375,700,0.0,0.0
2015-10-14 00:00:00+09:00,644.9340626550099,644.9340626550099,641.5396728515625,641.5396728515625,1600,0.0,0.0
2015-10-15 00:00:00+09:00,641.5396276223232,651.722796314741,628.8106667568009,638.9938354492188,1700,0.0,0.0
2015-10-16 00:00:00+09:00,644.0853881835938,644.0853881835938,644.0853881835938,644.0853881835938,100,0.0,0.0
2015-10-19 00:00:00+09:00,643.2368482224484,643.2368482224484,636.4480688216838,638.145263671875,500,0.0,0.0
2015-10-20 00:00:00+09:00,641.5396728515625,641.5396728515625,640.6910754007006,641.5396728515625,500,0.0,0.0
2015-10-21 00:00:00+09:00,637.2966564941406,638.14525390625,636.4480590820312,636.4480590820312,700,0.0,0.0
2015-10-22 00:00:00+09:00,642.3882446289062,642.3882446289062,642.3882446289062,642.3882446289062,100,0.0,0.0
2015-10-23 00:00:00+09:00,643.2367908342083,644.0853881835938,643.2367908342083,644.0853881835938,1900,0.0,0.0
2015-10-26 00:00:00+09:00,653.4200085465093,653.4200085465093,652.5714111328125,652.5714111328125,1400,0.0,0.0
2015-10-27 00:00:00+09:00,652.5713401505968,652.5713401505968,646.6311589008515,650.8741455078125,800,0.0,0.0
2015-10-28 00:00:00+09:00,650.874210249238,656.8143920898438,650.874210249238,656.8143920898438,500,0.0,0.0
2015-10-29 00:00:00+09:00,653.4200439453125,653.4200439453125,653.4200439453125,653.4200439453125,200,0.0,0.0
2015-10-30 00:00:00+09:00,651.722794117647,653.4199888939951,649.177001953125,649.177001953125,1000,0.0,0.0
2015-11-02 00:00:00+09:00,649.177001953125,653.4199888939951,648.328404564951,649.177001953125,600,0.0,0.0
2015-11-04 00:00:00+09:00,653.4199631494268,653.4199631494268,650.0255737304688,650.0255737304688,300,0.0,0.0
2015-11-05 00:00:00+09:00,653.4199361348183,661.0573120117188,649.1769495365402,661.0573120117188,1400,0.0,0.0
2015-11-06 00:00:00+09:00,661.9059996392317,666.1489868164062,661.0574022037968,666.1489868164062,1700,0.0,0.0
2015-11-09 00:00:00+09:00,666.1489002334556,666.9974975585938,664.4517055831793,666.9974975585938,1400,0.0,0.0
2015-11-10 00:00:00+09:00,666.9975032635443,666.9975032635443,661.0573219367698,662.7545166015625,1200,0.0,0.0
2015-11-11 00:00:00+09:00,662.7545481035786,669.5433270854335,657.6629638671875,657.6629638671875,700,0.0,0.0
2015-11-12 00:00:00+09:00,667.8461303710938,667.8461303710938,667.8461303710938,667.8461303710938,500,0.0,0.0
2015-11-13 00:00:00+09:00,659.3601722717285,665.3003540039062,659.3601722717285,665.3003540039062,600,0.0,0.0
2015-11-16 00:00:00+09:00,665.3003127974301,668.6947021484375,665.3003127974301,668.6947021484375,400,0.0,0.0
2015-11-17 00:00:00+09:00,670.3919458986823,677.1807250976562,670.3919458986823,677.1807250976562,300,0.0,0.0
2015-11-18 00:00:00+09:00,678.0292770673644,678.0292770673644,672.0890956662736,674.6348876953125,700,0.0,0.0
2015-11-19 00:00:00+09:00,677.1807250976562,677.1807250976562,677.1807250976562,677.1807250976562,200,0.0,0.0
2015-11-20 00:00:00+09:00,678.0292828909959,679.7264775915991,670.3919067382812,670.3919067382812,6900,0.0,0.0
2015-11-24 00:00:00+09:00,670.3919421556475,678.8779161069848,670.3919421556475,671.2405395507812,1700,0.0,0.0
2015-11-25 00:00:00+09:00,678.877910058103,678.877910058103,661.9059623066505,675.4835205078125,1900,0.0,0.0
2015-11-26 00:00:00+09:00,682.2723193359375,682.2723193359375,678.8779296875,678.8779296875,1000,0.0,0.0
2015-11-27 00:00:00+09:00,674.6348876953125,674.6348876953125,674.6348876953125,674.6348876953125,100,0.0,0.0
2015-11-30 00:00:00+09:00,678.8779296875,678.8779296875,678.0293322753906,678.8779296875,600,0.0,0.0
2015-12-01 00:00:00+09:00,678.877900169238,679.7264975444496,672.9377185427572,673.7863159179688,1600,0.0,0.0
2015-12-02 00:00:00+09:00,673.7863060537011,673.7863060537011,672.089111328125,672.089111328125,29700,0.0,0.0
2015-12-03 00:00:00+09:00,683.1208611254423,686.5152504974941,670.3919009802477,674.6348876953125,1700,0.0,0.0
2015-12-04 00:00:00+09:00,674.634926915911,681.4237060546875,671.2405373465228,681.4237060546875,600,0.0,0.0
2015-12-07 00:00:00+09:00,655.9658237555088,677.1807598407452,653.4200314252804,661.906005859375,10200,0.0,0.0
2015-12-08 00:00:00+09:00,663.6031139339589,666.148905931148,662.7545166015625,662.7545166015625,900,0.0,0.0
2015-12-09 00:00:00+09:00,659.3601411843601,671.240504088583,658.5115438340586,670.3919067382812,700,0.0,0.0
2015-12-10 00:00:00+09:00,659.3601173724076,662.7545066510299,659.3601173724076,661.0573120117188,500,0.0,0.0
2015-12-11 00:00:00+09:00,661.0573987004689,661.9059961314066,660.2088012695312,660.2088012695312,500,0.0,0.0
2015-12-14 00:00:00+09:00,659.3601329842793,659.3601329842793,658.5115356445312,658.5115356445312,500,0.0,0.0
2015-12-15 00:00:00+09:00,661.9058937794716,671.2404640763617,661.9058937794716,663.6030883789062,5700,0.0,0.0
2015-12-16 00:00:00+09:00,666.9975074729339,673.7862861749485,666.9975074729339,668.6947021484375,8900,0.0,0.0
2015-12-17 00:00:00+09:00,672.9377662998855,672.9377662998855,666.1489868164062,666.1489868164062,700,0.0,0.0
2015-12-18 00:00:00+09:00,670.3919739935808,670.3919739935808,663.6031945101015,666.1489868164062,600,0.0,0.0
2015-12-21 00:00:00+09:00,670.3919739935808,670.3919739935808,666.1489868164062,666.1489868164062,400,0.0,0.0
2015-12-22 00:00:00+09:00,672.0891406984257,677.1807250976562,672.0891406984257,677.1807250976562,500,0.0,0.0
2015-12-24 00:00:00+09:00,677.1806697580884,678.8778644191362,672.9376831054688,672.9376831054688,1900,0.0,0.0
2015-12-25 00:00:00+09:00,672.9376831054688,672.9376831054688,672.9376831054688,672.9376831054688,0,0.0,0.0
2015-12-28 00:00:00+09:00,702.6386000147406,702.6386000147406,674.6348876953125,674.6348876953125,3000,0.0,0.0
2015-12-29 00:00:00+09:00,694.1526291305954,694.1526291305954,690.7582397460938,690.7582397460938,400,0.0,0.0
2015-12-30 00:00:00+09:00,692.4554502061499,692.4554502061499,679.7264897244191,688.2124633789062,900,0.0,0.0
2016-01-04 00:00:00+09:00,683.9694863257226,690.7582653463254,683.9694863257226,689.90966796875,1900,0.0,0.0
2016-01-05 00:00:00+09:00,689.0610685961174,700.0928344726562,683.9694843454072,700.0928344726562,2600,0.0,0.0
2016-01-06 00:00:00+09:00,700.0929018346275,700.0929018346275,687.3639399830888,695.8499145507812,1000,0.0,0.0
2016-01-07 00:00:00+09:00,695.8498396679447,695.8498396679447,688.2124633789062,688.2124633789062,1300,0.0,0.0
2016-01-08 00:00:00+09:00,688.2123667775849,688.2123667775849,685.6665750385803,687.36376953125,800,0.0,0.0
2016-01-12 00:00:00+09:00,687.3638333619095,688.2124306870478,666.9974975585938,666.9974975585938,2900,0.0,0.0
2016-01-13 00:00:00+09:00,683.9695239744876,689.0611085202033,672.089160034484,680.5751342773438,2000,0.0,0.0
2016-01-14 00:00:00+09:00,680.5750749419008,680.5750749419008,667.8461146873764,670.3919067382812,2100,0.0,0.0
2016-01-15 00:00:00+09:00,670.3919555664063,678.8779296875,670.3919555664063,678.8779296875,1600,0.0,0.0
2016-01-18 00:00:00+09:00,678.0292424740999,678.0292424740999,661.0572964797544,663.6030883789062,2500,0.0,0.0
2016-01-19 00:00:00+09:00,669.5432952607334,670.3918925931298,660.2087246043734,662.7545166015625,1400,0.0,0.0
2016-01-20 00:00:00+09:00,672.0891751802884,672.0891751802884,661.906005859375,661.906005859375,1200,0.0,0.0
2016-01-21 00:00:00+09:00,659.360150571565,661.9059426587138,645.7825927734375,645.7825927734375,2800,0.0,0.0
2016-01-22 00:00:00+09:00,645.7825450848435,663.6030883789062,644.9339477851263,663.6030883789062,2300,0.0,0.0
2016-01-25 00:00:00+09:00,687.3639038085937,687.3639038085937,678.8779296875,678.8779296875,1300,0.0,0.0
2016-01-26 00:00:00+09:00,687.3638435789776,687.3638435789776,663.6031181219265,668.6947021484375,1900,0.0,0.0
2016-01-27 00:00:00+09:00,681.4237060546875,681.4237060546875,681.4237060546875,681.4237060546875,100,0.0,0.0
2016-01-28 00:00:00+09:00,685.6666870117188,685.6666870117188,674.6349210078173,685.6666870117188,400,0.0,0.0
2016-01-29 00:00:00+09:00,685.6666614358004,686.5152587890625,674.6348958433927,686.5152587890625,500,0.0,0.0
2016-02-01 00:00:00+09:00,693.3040956416332,693.3040956416332,680.5751342773438,680.5751342773438,800,0.0,0.0
2016-02-02 00:00:00+09:00,680.5751342773438,680.5751342773438,680.5751342773438,680.5751342773438,0,0.0,0.0
2016-02-03 00:00:00+09:00,687.3638638583097,687.3638638583097,672.089111328125,672.089111328125,700,0.0,0.0
2016-02-04 00:00:00+09:00,678.8779061707859,678.8779061707859,669.5433349609375,669.5433349609375,300,0.0,0.0
2016-02-05 00:00:00+09:00,665.3003127974301,685.666648903474,665.3003127974301,668.6947021484375,500,0.0,0.0
2016-02-08 00:00:00+09:00,674.6349210078173,685.6666870117188,674.6349210078173,685.6666870117188,600,0.0,0.0
2016-02-09 00:00:00+09:00,670.3919802934695,671.240577736879,661.0574084159655,661.906005859375,2000,0.0,0.0
2016-02-10 00:00:00+09:00,666.1489497166054,666.1489497166054,649.177001953125,649.177001953125,800,0.0,0.0
2016-02-12 00:00:00+09:00,636.4480315661822,647.4797974466627,619.4760840577507,621.1732788085938,3500,0.0,0.0
2016-02-15 00:00:00+09:00,631.356474609375,636.4480590820312,630.5078771972657,636.4480590820312,3300,0.0,0.0
2016-02-16 00:00:00+09:00,647.4798459229463,655.9658203125,647.4798459229463,655.9658203125,1700,0.0,0.0
2016-02-17 00:00:00+09:00,633.053643969499,637.296630859375,633.053643969499,637.296630859375,400,0.0,0.0
2016-02-18 00:00:00+09:00,655.9657671878722,667.8461303710938,655.9657671878722,667.8461303710938,2300,0.0,0.0
2016-02-19 00:00:00+09:00,672.0891172222442,672.0891172222442,667.8461303710938,667.8461303710938,1000,0.0,0.0
2016-02-22 00:00:00+09:00,672.0890857749448,678.8778644191362,669.5432937833731,672.9376831054688,1500,0.0,0.0
2016-02-23 00:00:00+09:00,675.483450574948,675.483450574948,663.6030883789062,663.6030883789062,1800,0.0,0.0
2016-02-24 00:00:00+09:00,673.7863354981693,678.8779198973997,673.7863354981693,677.1807250976562,700,0.0,0.0
2016-02-25 00:00:00+09:00,686.5152587890625,686.5152587890625,683.120869376014,686.5152587890625,1200,0.0,0.0
2016-02-26 00:00:00+09:00,695.8498080941133,695.8498080941133,683.1208481899528,693.3040161132812,1700,0.0,0.0
2016-02-29 00:00:00+09:00,686.5152745400705,686.5152745400705,683.969482421875,683.969482421875,500,0.0,0.0
2016-03-01 00:00:00+09:00,684.8180797946069,689.0610666582661,683.969482421875,683.969482421875,800,0.0,0.0
2016-03-02 00:00:00+09:00,683.1208850491432,689.0610666582661,678.8778981854839,683.969482421875,1200,0.0,0.0
2016-03-03 00:00:00+09:00,678.8779040847379,679.7265014648438,678.8779040847379,679.7265014648438,200,0.0,0.0
2016-03-04 00:00:00+09:00,680.5750929309476,683.969482421875,680.5750929309476,683.969482421875,300,0.0,0.0
2016-03-07 00:00:00+09:00,683.9694960518118,691.6068725585938,683.9694960518118,691.6068725585938,1900,0.0,0.0
2016-03-08 00:00:00+09:00,689.9096777793089,691.6068725585938,689.9096777793089,691.6068725585938,400,0.0,0.0
2016-03-09 00:00:00+09:00,691.6068725585938,691.6068725585938,690.7582751689513,691.6068725585938,600,0.0,0.0
2016-03-10 00:00:00+09:00,691.6068528407011,691.6068528407011,688.2124633789062,688.2124633789062,300,0.0,0.0
2016-03-11 00:00:00+09:00,687.3638660134575,688.2124633789062,687.3638660134575,688.2124633789062,500,0.0,0.0
2016-03-14 00:00:00+09:00,689.9096423999683,690.7582397460938,685.6666556693411,690.7582397460938,1900,0.0,0.0
2016-03-15 00:00:00+09:00,688.2124575446634,692.4554443359375,686.5152628281537,692.4554443359375,1600,0.0,0.0
2016-03-16 00:00:00+09:00,690.7582298241225,690.7582298241225,689.06103515625,689.06103515625,1000,0.0,0.0
2016-03-17 00:00:00+09:00,689.0610607443549,689.0610607443549,688.2124633789062,688.2124633789062,1300,0.0,0.0
2016-03-18 00:00:00+09:00,695.0012107671693,695.0012107671693,691.6068214593931,693.3040161132812,3500,0.0,0.0
2016-03-22 00:00:00+09:00,691.6068568148065,694.1526489257812,691.6068568148065,694.1526489257812,1800,0.0,0.0
2016-03-23 00:00:00+09:00,694.1526489257812,695.0012462961062,693.3040515554563,694.1526489257812,2000,0.0,0.0
2016-03-24 00:00:00+09:00,693.3040260249733,695.001220703125,693.3040260249733,695.001220703125,2800,0.0,0.0
2016-03-25 00:00:00+09:00,695.8498436664311,695.8498436664311,694.1526489257812,694.1526489257812,2600,0.0,0.0
2016-03-28 00:00:00+09:00,694.1527196372429,695.8499145507812,694.1527196372429,695.8499145507812,5300,0.0,0.0
2016-03-29 00:00:00+09:00,682.7205810546875,687.9722778320313,678.3441670735677,682.7205810546875,4500,25.0,0.0
2016-03-30 00:00:00+09:00,682.7205851658638,684.4711507688531,672.2171915479274,675.7183227539062,1900,0.0,0.0
2016-03-31 00:00:00+09:00,675.7182489698923,675.7182489698923,670.466552734375,670.466552734375,2700,0.0,0.0
2016-04-01 00:00:00+09:00,669.591363621509,669.591363621509,663.4643838236651,666.9655151367188,1100,0.0,0.0
2016-04-04 00:00:00+09:00,667.8407735188802,667.8407735188802,656.4620971679688,656.4620971679688,1400,0.0,0.0
2016-04-05 00:00:00+09:00,657.3373413085938,662.5890377771044,657.3373413085938,657.3373413085938,900,0.0,0.0
2016-04-06 00:00:00+09:00,656.4620585638419,659.0879067980973,649.4597966058276,657.3373413085938,1100,0.0,0.0
2016-04-07 00:00:00+09:00,656.462146389869,656.462146389869,650.3351663568968,651.21044921875,400,0.0,0.0
2016-04-08 00:00:00+09:00,649.4598002581384,651.2103657574866,649.4598002581384,650.3350830078125,800,0.0,0.0
2016-04-11 00:00:00+09:00,647.7092447255038,650.3350930149315,645.9586791992188,645.9586791992188,29000,0.0,0.0
2016-04-12 00:00:00+09:00,642.4575764535251,649.4598388671875,642.4575764535251,649.4598388671875,600,0.0,0.0
2016-04-13 00:00:00+09:00,649.4598388671875,649.4598388671875,649.4598388671875,649.4598388671875,100,0.0,0.0
2016-04-14 00:00:00+09:00,649.459933557243,655.5869140625,649.459933557243,655.5869140625,200,0.0,0.0
2016-04-15 00:00:00+09:00,663.464326812987,665.2148923190898,657.337347541627,659.9631958007812,1200,0.0,0.0
2016-04-18 00:00:00+09:00,665.2148948120915,669.59130859375,663.4643292994282,669.59130859375,1500,0.0,0.0
2016-04-19 00:00:00+09:00,673.9677673896879,673.9677673896879,670.4666361305207,671.3419189453125,2100,0.0,0.0
2016-04-20 00:00:00+09:00,678.3442218638141,686.2217676661036,678.3442218638141,680.0947875976562,1300,0.0,0.0
2016-04-21 00:00:00+09:00,686.2217407226562,686.2217407226562,686.2217407226562,686.2217407226562,300,0.0,0.0
2016-04-22 00:00:00+09:00,686.2217511432926,686.2217511432926,680.9700540682164,681.8453369140625,400,0.0,0.0
2016-04-25 00:00:00+09:00,697.6004070867,697.6004070867,690.59814453125,690.59814453125,900,0.0,0.0
2016-04-26 00:00:00+09:00,700.2262660435268,700.2262660435268,686.2217407226562,686.2217407226562,1100,0.0,0.0
2016-04-27 00:00:00+09:00,680.9700751534053,680.9700751534053,673.092529296875,673.092529296875,200,0.0,0.0
2016-04-28 00:00:00+09:00,673.0924998157429,695.849853515625,673.0924998157429,695.849853515625,300,0.0,0.0
2016-05-02 00:00:00+09:00,669.5913351610833,689.7228393554688,667.8407695789627,689.7228393554688,400,0.0,0.0
2016-05-06 00:00:00+09:00,690.59814453125,690.59814453125,690.59814453125,690.59814453125,100,0.0,0.0
2016-05-09 00:00:00+09:00,682.7205810546875,687.0969950358073,682.7205810546875,682.7205810546875,400,0.0,0.0
2016-05-10 00:00:00+09:00,680.0947875976562,680.0947875976562,680.0947875976562,680.0947875976562,100,0.0,0.0
2016-05-11 00:00:00+09:00,689.7228556625716,689.7228556625716,687.9722900390625,687.9722900390625,300,0.0,0.0
2016-05-12 00:00:00+09:00,680.0947326660156,695.8498229980469,680.0947326660156,682.7205810546875,700,0.0,0.0
2016-05-13 00:00:00+09:00,682.7205973725698,682.7205973725698,680.0947489211369,680.9700317382812,400,0.0,0.0
2016-05-16 00:00:00+09:00,680.9700540682164,694.974579601753,678.3442055306783,681.8453369140625,800,0.0,0.0
2016-05-17 00:00:00+09:00,681.8453369140625,681.8453369140625,681.8453369140625,681.8453369140625,100,0.0,0.0
2016-05-18 00:00:00+09:00,671.3419427639101,681.8453369140625,671.3419427639101,681.8453369140625,200,0.0,0.0
2016-05-19 00:00:00+09:00,672.217203566838,680.9700317382812,672.217203566838,680.9700317382812,300,0.0,0.0
2016-05-20 00:00:00+09:00,680.9700317382812,680.9700317382812,680.9700317382812,680.9700317382812,100,0.0,0.0
2016-05-23 00:00:00+09:00,680.9700154622395,682.7205810546875,680.9700154622395,682.7205810546875,200,0.0,0.0
2016-05-24 00:00:00+09:00,680.9700540682164,681.8453369140625,680.0947712223704,681.8453369140625,300,0.0,0.0
2016-05-25 00:00:00+09:00,685.3463745117188,685.3463745117188,685.3463745117188,685.3463745117188,900,0.0,0.0
2016-05-26 00:00:00+09:00,698.4757080078125,698.4757080078125,698.4757080078125,698.4757080078125,800,0.0,0.0
2016-05-27 00:00:00+09:00,698.4757080078125,698.4757080078125,698.4757080078125,698.4757080078125,0,0.0,0.0
2016-05-30 00:00:00+09:00,698.4757080078125,698.4757080078125,698.4757080078125,698.4757080078125,0,0.0,0.0
2016-05-31 00:00:00+09:00,672.2172686688311,673.9678344726562,672.2172686688311,673.9678344726562,400,0.0,0.0
2016-06-01 00:00:00+09:00,673.9678344726562,673.9678344726562,673.9678344726562,673.9678344726562,0,0.0,0.0
2016-06-02 00:00:00+09:00,673.9678344726562,674.8431173745688,673.9678344726562,673.9678344726562,300,0.0,0.0
2016-06-03 00:00:00+09:00,673.9678344726562,673.9678344726562,673.9678344726562,673.9678344726562,0,0.0,0.0
2016-06-06 00:00:00+09:00,687.0969141706636,691.4733276367188,687.0969141706636,691.4733276367188,500,0.0,0.0
2016-06-07 00:00:00+09:00,691.4733276367188,691.4733276367188,691.4733276367188,691.4733276367188,100,0.0,0.0
2016-06-08 00:00:00+09:00,678.3441772460938,678.3441772460938,678.3441772460938,678.3441772460938,100,0.0,0.0
2016-06-09 00:00:00+09:00,678.3441772460938,678.3441772460938,678.3441772460938,678.3441772460938,200,0.0,0.0
2016-06-10 00:00:00+09:00,678.3442172882663,687.0970458984375,678.3442172882663,687.0970458984375,9500,0.0,0.0
2016-06-13 00:00:00+09:00,677.4688558676809,691.4733800199843,677.4688558676809,679.2194213867188,600,0.0,0.0
2016-06-14 00:00:00+09:00,679.2194290964227,679.2194290964227,665.2149047851562,665.2149047851562,1000,0.0,0.0
2016-06-15 00:00:00+09:00,662.5890465430964,669.59130859375,662.5890465430964,669.59130859375,600,0.0,0.0
2016-06-16 00:00:00+09:00,665.2149582931886,665.2149582931886,652.0857156952968,652.9609985351562,1300,0.0,0.0
2016-06-17 00:00:00+09:00,691.4733276367188,691.4733276367188,691.4733276367188,691.4733276367188,500,0.0,0.0
2016-06-20 00:00:00+09:00,687.0970458984375,687.0970458984375,687.0970458984375,687.0970458984375,100,0.0,0.0
2016-06-21 00:00:00+09:00,684.4711611671895,684.4711611671895,671.3419189453125,671.3419189453125,300,0.0,0.0
2016-06-22 00:00:00+09:00,672.2172121062993,672.2172121062993,665.2149494801919,666.9655151367188,600,0.0,0.0
2016-06-23 00:00:00+09:00,673.092529296875,673.092529296875,666.0902663132924,673.092529296875,300,0.0,0.0
2016-06-24 00:00:00+09:00,690.598130547454,690.598130547454,648.5845560654797,649.4598388671875,1800,0.0,0.0
2016-06-27 00:00:00+09:00,690.5981050993266,690.5981050993266,665.2149047851562,665.2149047851562,29500,0.0,0.0
2016-06-28 00:00:00+09:00,665.2149369334447,687.9722900390625,665.2149369334447,687.9722900390625,600,0.0,0.0
2016-06-29 00:00:00+09:00,686.2217407226562,686.2217407226562,686.2217407226562,686.2217407226562,200,0.0,0.0
2016-06-30 00:00:00+09:00,673.0924448566385,673.0924448566385,634.5800032783653,645.9586791992188,15100,0.0,0.0
2016-07-01 00:00:00+09:00,643.3328712177787,654.7115478515625,643.3328712177787,654.7115478515625,1900,0.0,0.0
2016-07-04 00:00:00+09:00,653.8362426757812,653.8362426757812,653.8362426757812,653.8362426757812,500,0.0,0.0
2016-07-05 00:00:00+09:00,653.8362077042863,653.8362077042863,647.709228515625,647.709228515625,1400,0.0,0.0
2016-07-06 00:00:00+09:00,648.5845112568624,651.2103594805743,641.5822493269637,647.709228515625,1900,0.0,0.0
2016-07-07 00:00:00+09:00,646.8340170931654,646.8340170931654,643.3328857421875,643.3328857421875,5100,0.0,0.0
2016-07-08 00:00:00+09:00,643.3328857421875,643.3328857421875,643.3328857421875,643.3328857421875,300,0.0,0.0
2016-07-11 00:00:00+09:00,643.3328857421875,643.3328857421875,643.3328857421875,643.3328857421875,0,0.0,0.0
2016-07-12 00:00:00+09:00,643.3327861454176,644.2080688476562,643.3327861454176,644.2080688476562,200,0.0,0.0
2016-07-13 00:00:00+09:00,653.8362077042863,653.8362077042863,647.709228515625,647.709228515625,900,0.0,0.0
2016-07-14 00:00:00+09:00,652.0857275293229,658.2127075195312,652.0857275293229,658.2127075195312,1300,0.0,0.0
2016-07-15 00:00:00+09:00,656.4621969918225,658.2127628504672,655.5869140625,655.5869140625,1300,0.0,0.0
2016-07-19 00:00:00+09:00,657.3373413085938,658.2126240533455,655.5867758190901,657.3373413085938,700,0.0,0.0
2016-07-20 00:00:00+09:00,657.3373963055127,658.2126791234961,654.7115478515625,654.7115478515625,900,0.0,0.0
2016-07-21 00:00:00+09:00,658.2127134209437,660.8385620117188,658.2127134209437,660.8385620117188,1900,0.0,0.0
2016-07-22 00:00:00+09:00,660.8385909439681,673.9678344726562,659.088025140143,673.9678344726562,1000,0.0,0.0
2016-07-25 00:00:00+09:00,683.5958251953125,683.5958251953125,676.5935632214808,683.5958251953125,6300,0.0,0.0
2016-07-26 00:00:00+09:00,696.7251620691562,696.7251620691562,680.0947875976562,680.0947875976562,5000,0.0,0.0
2016-07-27 00:00:00+09:00,671.3419635509794,673.092529296875,671.3419635509794,673.092529296875,200,0.0,0.0
2016-07-28 00:00:00+09:00,673.092529296875,673.092529296875,673.092529296875,673.092529296875,0,0.0,0.0
2016-07-29 00:00:00+09:00,673.0925201221636,687.0970458984375,660.8385600679239,687.0970458984375,400,0.0,0.0
2016-08-01 00:00:00+09:00,686.2216572377873,686.2216572377873,684.4710917856502,685.3463745117188,300,0.0,0.0
2016-08-02 00:00:00+09:00,680.094724722244,696.72509765625,680.094724722244,696.72509765625,1200,0.0,0.0
2016-08-03 00:00:00+09:00,696.72509765625,696.72509765625,696.72509765625,696.72509765625,0,0.0,0.0
2016-08-04 00:00:00+09:00,692.3487356460512,692.3487356460512,674.8430786132812,674.8430786132812,200,0.0,0.0
2016-08-05 00:00:00+09:00,674.8430596553918,693.2239990234375,674.8430596553918,693.2239990234375,300,0.0,0.0
2016-08-08 00:00:00+09:00,693.2240050117925,699.3509848540684,693.2240050117925,695.849853515625,1700,0.0,0.0
2016-08-09 00:00:00+09:00,662.589008381099,678.344097087651,662.589008381099,670.466552734375,2000,0.0,0.0
2016-08-10 00:00:00+09:00,670.466552734375,670.466552734375,670.466552734375,670.466552734375,100,0.0,0.0
2016-08-12 00:00:00+09:00,667.8407046166163,670.466552734375,667.8407046166163,670.466552734375,500,0.0,0.0
2016-08-15 00:00:00+09:00,673.9678344726562,673.9678344726562,673.9678344726562,673.9678344726562,400,0.0,0.0
2016-08-16 00:00:00+09:00,673.9678344726562,673.9678344726562,673.9678344726562,673.9678344726562,100,0.0,0.0
2016-08-17 00:00:00+09:00,666.0902663132924,673.092529296875,666.0902663132924,673.092529296875,1000,0.0,0.0
2016-08-18 00:00:00+09:00,666.9654316444747,666.9654316444747,666.0901489257812,666.0901489257812,300,0.0,0.0
2016-08-19 00:00:00+09:00,673.0924949345626,673.967777762826,666.9655151367188,666.9655151367188,500,0.0,0.0
2016-08-22 00:00:00+09:00,666.9655151367188,666.9655151367188,666.9655151367188,666.9655151367188,300,0.0,0.0
2016-08-23 00:00:00+09:00,682.7205991563688,690.59814453125,669.5913568649001,690.59814453125,1400,0.0,0.0
2016-08-24 00:00:00+09:00,690.59814453125,690.59814453125,690.59814453125,690.59814453125,0,0.0,0.0
2016-08-25 00:00:00+09:00,692.3486938476562,692.3486938476562,692.3486938476562,692.3486938476562,2000,0.0,0.0
2016-08-26 00:00:00+09:00,692.3486938476562,692.3486938476562,692.3486938476562,692.3486938476562,700,0.0,0.0
2016-08-29 00:00:00+09:00,671.3419292780358,672.2172121062993,666.9655151367188,666.9655151367188,2900,0.0,0.0
2016-08-30 00:00:00+09:00,665.2149047851562,665.2149047851562,665.2149047851562,665.2149047851562,3500,0.0,0.0
2016-08-31 00:00:00+09:00,665.2149434648798,665.2149434648798,664.3396606445312,664.3396606445312,1200,0.0,0.0
2016-09-01 00:00:00+09:00,664.3396423339843,664.3396423339843,656.4620971679688,656.4620971679688,1400,0.0,0.0
2016-09-02 00:00:00+09:00,668.7160896526265,668.7160896526265,652.9609985351562,652.9609985351562,900,0.0,0.0
2016-09-05 00:00:00+09:00,656.4620971679688,656.4620971679688,656.4620971679688,656.4620971679688,1400,0.0,0.0
2016-09-06 00:00:00+09:00,656.4620971679688,656.4620971679688,652.085683186849,656.4620971679688,1600,0.0,0.0
2016-09-07 00:00:00+09:00,656.462091039941,656.462091039941,653.8362426757812,653.8362426757812,1600,0.0,0.0
2016-09-08 00:00:00+09:00,663.4643330542541,663.4643330542541,662.5890502929688,662.5890502929688,200,0.0,0.0
2016-09-09 00:00:00+09:00,655.5868306695459,659.0879619414794,654.7115478515625,654.7115478515625,800,0.0,0.0
2016-09-12 00:00:00+09:00,660.8385620117188,660.8385620117188,660.8385620117188,660.8385620117188,1200,0.0,0.0
2016-09-13 00:00:00+09:00,660.8384722876009,665.2148860113598,657.3373413085938,657.3373413085938,400,0.0,0.0
2016-09-14 00:00:00+09:00,657.337430557352,665.2149763296771,657.337430557352,660.8385620117188,1800,0.0,0.0
2016-09-15 00:00:00+09:00,658.2126809020915,664.3396606445312,658.2126809020915,664.3396606445312,600,0.0,0.0
2016-09-16 00:00:00+09:00,666.0901489257812,666.0901489257812,666.0901489257812,666.0901489257812,100,0.0,0.0
2016-09-20 00:00:00+09:00,665.214937401827,665.214937401827,661.7138061523438,661.7138061523438,400,0.0,0.0
2016-09-21 00:00:00+09:00,660.8385233399729,668.7160686513104,660.8385233399729,661.7138061523438,800,0.0,0.0
2016-09-23 00:00:00+09:00,687.0970552640401,687.0970552640401,670.4666806780315,673.092529296875,1700,0.0,0.0
2016-09-26 00:00:00+09:00,699.3508981288164,699.3508981288164,685.3463745117188,685.3463745117188,2300,0.0,0.0
2016-09-27 00:00:00+09:00,682.7206077427635,682.7206077427635,676.5936279296875,676.5936279296875,500,0.0,0.0
2016-09-28 00:00:00+09:00,677.4688883568956,677.4688883568956,675.7183227539062,675.7183227539062,200,0.0,0.0
2016-09-29 00:00:00+09:00,674.8431173745688,674.8431173745688,673.9678344726562,673.9678344726562,300,0.0,0.0
2016-09-30 00:00:00+09:00,672.2171630859375,672.2171630859375,666.9654664993286,672.2171630859375,1100,0.0,0.0
2016-10-03 00:00:00+09:00,672.217225609756,681.8453369140625,672.217225609756,681.8453369140625,400,0.0,0.0
2016-10-04 00:00:00+09:00,682.7205810546875,682.7205810546875,682.7205810546875,682.7205810546875,100,0.0,0.0
2016-10-05 00:00:00+09:00,682.7205912928428,682.7205912928428,678.3441772460938,678.3441772460938,900,0.0,0.0
2016-10-06 00:00:00+09:00,673.9677530924479,682.7205810546875,673.9677530924479,682.7205810546875,300,0.0,0.0
2016-10-07 00:00:00+09:00,682.7205810546875,682.7205810546875,682.7205810546875,682.7205810546875,0,0.0,0.0
2016-10-11 00:00:00+09:00,684.47119140625,684.47119140625,684.47119140625,684.47119140625,100,0.0,0.0
2016-10-12 00:00:00+09:00,685.3463906887704,685.3463906887704,683.5958251953125,683.5958251953125,200,0.0,0.0
2016-10-13 00:00:00+09:00,683.5958251953125,683.5958251953125,683.5958251953125,683.5958251953125,0,0.0,0.0
2016-10-14 00:00:00+09:00,683.5958251953125,683.5958251953125,683.5958251953125,683.5958251953125,0,0.0,0.0
2016-10-17 00:00:00+09:00,683.5959190653405,683.5959190653405,680.0947875976562,680.0947875976562,500,0.0,0.0
2016-10-18 00:00:00+09:00,680.0947041462377,680.0947041462377,679.2194213867188,679.2194213867188,400,0.0,0.0
2016-10-19 00:00:00+09:00,679.2194988240876,679.2194988240876,677.4689331054688,677.4689331054688,300,0.0,0.0
2016-10-20 00:00:00+09:00,678.3441711583903,678.3441711583903,675.7183227539062,675.7183227539062,1000,0.0,0.0
2016-10-21 00:00:00+09:00,678.3441772460938,678.3441772460938,678.3441772460938,678.3441772460938,400,0.0,0.0
2016-10-24 00:00:00+09:00,682.7205810546875,682.7205810546875,681.8452982584636,682.7205810546875,1100,0.0,0.0
2016-10-25 00:00:00+09:00,682.7205810546875,682.7205810546875,680.9700154622395,682.7205810546875,1600,0.0,0.0
2016-10-26 00:00:00+09:00,689.7228169423047,689.7228169423047,688.8475341796875,688.8475341796875,1000,0.0,0.0
2016-10-27 00:00:00+09:00,687.0970458984375,687.0970458984375,684.4711973153861,687.0970458984375,300,0.0,0.0
2016-10-28 00:00:00+09:00,687.0970339891387,687.0970339891387,681.8453369140625,681.8453369140625,300,0.0,0.0
2016-10-31 00:00:00+09:00,681.8452982584636,682.7205810546875,681.8452982584636,682.7205810546875,400,0.0,0.0
2016-11-01 00:00:00+09:00,682.7205810546875,682.7205810546875,681.8452982584636,682.7205810546875,400,0.0,0.0
2016-11-02 00:00:00+09:00,682.7205810546875,682.7205810546875,682.7205810546875,682.7205810546875,0,0.0,0.0
2016-11-04 00:00:00+09:00,682.7206109964623,696.7251363502359,682.7206109964623,695.849853515625,400,0.0,0.0
2016-11-07 00:00:00+09:00,691.4733276367188,697.600306489196,691.4733276367188,691.4733276367188,400,0.0,0.0
2016-11-08 00:00:00+09:00,691.4733276367188,691.4733276367188,691.4733276367188,691.4733276367188,100,0.0,0.0
2016-11-09 00:00:00+09:00,697.6004402306429,697.6004402306429,685.3464801764032,687.0970458984375,600,0.0,0.0
2016-11-10 00:00:00+09:00,687.0970458984375,687.0970458984375,687.0970458984375,687.0970458984375,0,0.0,0.0
2016-11-11 00:00:00+09:00,697.600384475011,697.600384475011,689.7228393554688,689.7228393554688,300,0.0,0.0
2016-11-14 00:00:00+09:00,698.4757020194576,698.4757020194576,687.9723080041274,695.849853515625,400,0.0,0.0
2016-11-15 00:00:00+09:00,689.7228736733491,695.849853515625,687.0970251695165,695.849853515625,1100,0.0,0.0
2016-11-16 00:00:00+09:00,691.4734393425708,695.849853515625,691.4734393425708,695.849853515625,400,0.0,0.0
2016-11-17 00:00:00+09:00,695.8497411027739,695.8497411027739,691.4733276367188,691.4733276367188,1000,0.0,0.0
2016-11-18 00:00:00+09:00,691.4734273506813,691.4734273506813,688.8475788923876,690.59814453125,400,0.0,0.0
2016-11-21 00:00:00+09:00,690.5980449435077,691.4733276367188,690.5980449435077,691.4733276367188,1200,0.0,0.0
2016-11-22 00:00:00+09:00,691.473433369338,698.4756959857364,691.473433369338,693.2239990234375,500,0.0,0.0
2016-11-24 00:00:00+09:00,695.8498372038455,697.6004028320312,695.8498372038455,697.6004028320312,400,0.0,0.0
2016-11-25 00:00:00+09:00,700.2262616398359,700.2262616398359,692.3487161963877,693.2239990234375,2100,0.0,0.0
2016-11-28 00:00:00+09:00,700.2262390368204,700.2262390368204,691.4734110488602,692.3486938476562,2200,0.0,0.0
2016-11-29 00:00:00+09:00,694.0992492982491,698.4756632282506,694.0992492982491,696.72509765625,28800,0.0,0.0
2016-11-30 00:00:00+09:00,697.6004028320312,697.6004028320312,697.6004028320312,697.6004028320312,300,0.0,0.0
2016-12-01 00:00:00+09:00,697.6003804422503,697.6003804422503,696.72509765625,696.72509765625,300,0.0,0.0
2016-12-02 00:00:00+09:00,696.72509765625,696.72509765625,696.72509765625,696.72509765625,5600,0.0,0.0
2016-12-05 00:00:00+09:00,696.7251423235824,698.4757080078125,696.7251423235824,698.4757080078125,1100,0.0,0.0
2016-12-06 00:00:00+09:00,698.4757080078125,698.4757080078125,698.4757080078125,698.4757080078125,500,0.0,0.0
2016-12-07 00:00:00+09:00,698.4757080078125,698.4757080078125,698.4757080078125,698.4757080078125,1100,0.0,0.0
2016-12-08 00:00:00+09:00,698.4756814707881,704.6026611328125,698.4756814707881,704.6026611328125,1400,0.0,0.0
2016-12-09 00:00:00+09:00,704.6026550445176,706.3532206471127,700.2262410380299,701.976806640625,1600,0.0,0.0
2016-12-12 00:00:00+09:00,706.3531682631549,717.7318438361673,706.3531682631549,714.230712890625,700,0.0,0.0
2016-12-13 00:00:00+09:00,713.3554301542395,714.230712890625,710.7295819450827,714.230712890625,700,0.0,0.0
2016-12-14 00:00:00+09:00,715.106026512908,727.3599853515625,711.6048954161496,727.3599853515625,3900,0.0,0.0
2016-12-15 00:00:00+09:00,726.4847229226933,726.4847229226933,714.2307637408647,718.607177734375,1800,0.0,0.0
2016-12-16 00:00:00+09:00,727.3599629229809,727.3599629229809,726.4846801757812,726.4846801757812,600,0.0,0.0
2016-12-19 00:00:00+09:00,726.4847515684186,726.4847515684186,722.1083374023438,722.1083374023438,1200,0.0,0.0
2016-12-20 00:00:00+09:00,722.1083374023438,722.1083374023438,722.1083374023438,722.1083374023438,300,0.0,0.0
2016-12-21 00:00:00+09:00,722.9836202355588,722.9836202355588,722.1083374023438,722.1083374023438,900,0.0,0.0
2016-12-22 00:00:00+09:00,722.1083089291832,722.1083089291832,715.9813293382689,718.607177734375,2000,0.0,0.0
2016-12-26 00:00:00+09:00,718.607216439596,718.607216439596,715.1060850562119,717.73193359375,2700,0.0,0.0
2016-12-27 00:00:00+09:00,714.2307453625308,714.2307453625308,702.8520692721963,710.7296142578125,2600,0.0,0.0
2016-12-28 00:00:00+09:00,710.7296142578125,710.7296142578125,710.7296142578125,710.7296142578125,200,0.0,0.0
2016-12-29 00:00:00+09:00,708.9790263334714,716.85657107051,708.9790263334714,709.8543090820312,4200,0.0,0.0
2016-12-30 00:00:00+09:00,709.8543090820312,713.3554400762706,709.8543090820312,709.8543090820312,1500,0.0,0.0
2017-01-04 00:00:00+09:00,720.3577821312881,720.3577821312881,713.3555193645198,717.73193359375,2000,0.0,0.0
2017-01-05 00:00:00+09:00,722.9836039053054,723.85888671875,721.233038278416,723.85888671875,1000,0.0,0.0
2017-01-06 00:00:00+09:00,723.8589090540789,724.7341918945312,723.8589090540789,724.7341918945312,600,0.0,0.0
2017-01-10 00:00:00+09:00,726.4847249251146,728.2352905273438,726.4847249251146,728.2352905273438,2700,0.0,0.0
2017-01-11 00:00:00+09:00,726.4847694598227,729.9859008789062,725.6094866050519,729.9859008789062,1500,0.0,0.0
2017-01-12 00:00:00+09:00,729.9858622111246,730.8611450195312,728.2352965943113,730.8611450195312,1900,0.0,0.0
2017-01-13 00:00:00+09:00,730.8612013485367,743.9904444865343,730.8612013485367,737.8634643554688,2500,0.0,0.0
2017-01-16 00:00:00+09:00,743.1151346363741,743.9904174804688,742.2398517922794,743.9904174804688,3000,0.0,0.0
2017-01-17 00:00:00+09:00,726.4847208658854,743.9903767903646,726.4847208658854,735.237548828125,4300,0.0,0.0
2017-01-18 00:00:00+09:00,735.2376273327076,743.1151733398438,735.2376273327076,743.1151733398438,300,0.0,0.0
2017-01-19 00:00:00+09:00,739.613970861502,747.4915161132812,739.613970861502,747.4915161132812,1000,0.0,0.0
2017-01-20 00:00:00+09:00,753.618485509586,757.1196166850079,751.867919921875,751.867919921875,1100,0.0,0.0
2017-01-23 00:00:00+09:00,752.7432208786362,764.1218974733132,752.7432208786362,759.7454833984375,2500,0.0,0.0
2017-01-24 00:00:00+09:00,765.872487154874,770.2489013671875,762.3713557850231,770.2489013671875,2000,0.0,0.0
2017-01-25 00:00:00+09:00,776.3758321034451,777.2511148904839,772.8747009552898,775.5005493164062,2100,0.0,0.0
2017-01-26 00:00:00+09:00,786.0039448987947,786.0039448987947,778.1263997940183,785.128662109375,2900,0.0,0.0
2017-01-27 00:00:00+09:00,785.1286682128906,787.7545166015625,782.5028198242187,787.7545166015625,4900,0.0,0.0
2017-01-30 00:00:00+09:00,786.8792418098033,800.0084838867188,784.2533933944202,800.0084838867188,4400,0.0,0.0
2017-01-31 00:00:00+09:00,800.8837890625,812.2624658469945,800.0085062329235,800.8837890625,4400,0.0,0.0
2017-02-01 00:00:00+09:00,800.0084838867188,800.0084838867188,790.3803730303141,800.0084838867188,1400,0.0,0.0
2017-02-02 00:00:00+09:00,794.7568092554644,800.8837890625,786.8792637892759,800.8837890625,2900,0.0,0.0
2017-02-03 00:00:00+09:00,800.8837028832926,804.3848338248589,789.5050273232022,790.3803100585938,1200,0.0,0.0
2017-02-06 00:00:00+09:00,796.50732421875,796.50732421875,792.1309103494162,796.50732421875,600,0.0,0.0
2017-02-07 00:00:00+09:00,796.507352666208,800.0084838867188,796.507352666208,800.0084838867188,600,0.0,0.0
2017-02-08 00:00:00+09:00,799.1331437470898,800.8837092317493,793.0061645507812,793.0061645507812,1600,0.0,0.0
2017-02-09 00:00:00+09:00,796.5073628944925,796.5073628944925,794.7567972617574,795.632080078125,1100,0.0,0.0
2017-02-10 00:00:00+09:00,803.5095574587386,803.5095574587386,789.5050335814622,793.0061645507812,1100,0.0,0.0
2017-02-13 00:00:00+09:00,794.7568092554644,800.8837890625,794.7568092554644,800.8837890625,900,0.0,0.0
2017-02-14 00:00:00+09:00,802.6343770922532,802.6343770922532,801.7590942382812,801.7590942382812,700,0.0,0.0
2017-02-15 00:00:00+09:00,807.0107421875,807.8860249881373,807.0107421875,807.0107421875,2000,0.0,0.0
2017-02-16 00:00:00+09:00,809.6365865071615,814.0130004882812,807.8860209147135,814.0130004882812,3400,0.0,0.0
2017-02-17 00:00:00+09:00,814.0129903701537,818.389404296875,808.7612936580882,818.389404296875,2500,0.0,0.0
2017-02-20 00:00:00+09:00,822.7658868916293,830.6434326171875,819.264755458048,830.6434326171875,3100,0.0,0.0
2017-02-21 00:00:00+09:00,831.5187064847797,871.7817175356217,831.5187064847797,844.64794921875,8300,0.0,0.0
2017-02-22 00:00:00+09:00,847.2737904210245,873.5322756613455,847.2737904210245,868.2805786132812,6600,0.0,0.0
2017-02-23 00:00:00+09:00,871.7817023341642,871.7817023341642,856.026611328125,856.026611328125,3300,0.0,0.0
2017-02-24 00:00:00+09:00,869.1558760699104,892.7885131835938,868.280593213848,892.7885131835938,5000,0.0,0.0
2017-02-27 00:00:00+09:00,912.9200336248225,1010.9517150878906,912.9200336248225,962.8111572265625,15700,0.0,0.0
2017-02-28 00:00:00+09:00,1004.8246579556852,1150.996886072932,1004.8246579556852,1036.3348388671875,43300,0.0,0.0
2017-03-01 00:00:00+09:00,1035.4596096462674,1066.094509339944,1024.0809326171875,1024.0809326171875,12300,0.0,0.0
2017-03-02 00:00:00+09:00,999.5729347991269,999.5729347991269,973.3144513980991,989.94482421875,12000,0.0,0.0
2017-03-03 00:00:00+09:00,989.944804212485,1003.0740456476638,986.4436731631039,998.6976318359375,3600,0.0,0.0
2017-03-06 00:00:00+09:00,998.6976170584572,1030.2077960366382,997.8223343090633,1026.7066650390625,4300,0.0,0.0
2017-03-07 00:00:00+09:00,1046.8383499649397,1073.096837004194,1031.9585406426954,1033.7091064453125,7300,0.0,0.0
2017-03-08 00:00:00+09:00,1030.2078532917387,1030.2078532917387,962.8110778427465,981.1920166015625,10300,0.0,0.0
2017-03-09 00:00:00+09:00,980.3167519358408,1006.5752363626937,973.3144894220134,989.069580078125,13900,0.0,0.0
2017-03-10 00:00:00+09:00,987.3190003263982,987.3190003263982,968.0627786888266,974.1897583007812,13700,0.0,0.0
2017-03-13 00:00:00+09:00,987.31906355997,1005.7000035730546,981.1920835556085,983.8179321289062,5700,0.0,0.0
2017-03-14 00:00:00+09:00,992.5705727081838,992.5705727081838,989.0694419402537,990.8200073242188,2500,0.0,0.0
2017-03-15 00:00:00+09:00,993.4459553388871,996.9470864590241,989.0695414387158,989.94482421875,2800,0.0,0.0
2017-03-16 00:00:00+09:00,989.9447918459182,996.0717711057957,985.5683780888629,993.4459228515625,3700,0.0,0.0
2017-03-17 00:00:00+09:00,989.9448080037614,991.6953735351562,974.1897182212082,991.6953735351562,3300,0.0,0.0
2017-03-21 00:00:00+09:00,982.0672973632812,997.8223876953125,982.0672973632812,997.8223876953125,7600,0.0,0.0
2017-03-22 00:00:00+09:00,996.9470701293407,1002.1987667235251,985.5683941752744,991.6953735351562,12200,0.0,0.0
2017-03-23 00:00:00+09:00,997.8224943083261,1018.8292836621856,997.8224943083261,1009.201171875,11200,0.0,0.0
2017-03-24 00:00:00+09:00,1010.951535151555,1010.951535151555,1001.3234252929688,1001.3234252929688,3500,0.0,0.0
2017-03-27 00:00:00+09:00,1002.1988971314435,1006.5753115293974,999.5730484926711,1003.949462890625,3900,0.0,0.0
2017-03-28 00:00:00+09:00,1005.6999649388099,1021.4550557733604,1005.6999649388099,1020.5797729492188,4000,0.0,0.0
2017-03-29 00:00:00+09:00,966.9120307894417,1011.6350664411273,949.0228165287675,976.7510986328125,8700,25.0,0.0
2017-03-30 00:00:00+09:00,1015.2129177517361,1015.2129177517361,959.7563530815972,966.017578125,7400,0.0,0.0
2017-03-31 00:00:00+09:00,966.9120470825652,967.8065078106712,950.8117539766575,955.2840576171875,3900,0.0,0.0
2017-04-03 00:00:00+09:00,949.917372658988,958.8619806877921,949.917372658988,957.0730590820312,1900,0.0,0.0
2017-04-04 00:00:00+09:00,949.9172865923714,955.2840509234017,896.2496432820678,897.1441040039062,5400,0.0,0.0
2017-04-05 00:00:00+09:00,897.1441158553929,921.2945556640625,897.1441158553929,921.2945556640625,1500,0.0,0.0
2017-04-06 00:00:00+09:00,907.877698953795,907.877698953795,891.7774047851562,891.7774047851562,4500,0.0,0.0
2017-04-07 00:00:00+09:00,889.9884113921032,893.5662542519709,874.7825792376652,879.2548828125,5100,0.0,0.0
2017-04-10 00:00:00+09:00,868.5214233398438,878.3604919873601,864.9435801952924,868.5214233398438,4800,0.0,0.0
2017-04-11 00:00:00+09:00,869.4158163415381,892.6717949679578,869.4158163415381,890.8828735351562,1300,0.0,0.0
2017-04-12 00:00:00+09:00,879.2549527734978,889.0940214210142,867.626962553706,868.5214233398438,3400,0.0,0.0
2017-04-13 00:00:00+09:00,867.6269719630112,872.099275942202,867.6269719630112,869.4158935546875,1200,0.0,0.0
2017-04-14 00:00:00+09:00,869.4158472177934,882.8327584402901,869.4158472177934,876.571533203125,800,0.0,0.0
2017-04-17 00:00:00+09:00,876.5715848242786,881.0438888284841,875.6771240234375,875.6771240234375,600,0.0,0.0
2017-04-18 00:00:00+09:00,876.5714951812245,876.5714951812245,872.99365234375,872.99365234375,1000,0.0,0.0
2017-04-19 00:00:00+09:00,872.9937097597362,889.9884643554688,872.9937097597362,889.9884643554688,700,0.0,0.0
2017-04-20 00:00:00+09:00,889.9884496996106,889.9884496996106,881.9383029184081,882.832763671875,900,0.0,0.0
2017-04-21 00:00:00+09:00,889.093989868164,895.3552151489257,889.093989868164,894.4607543945312,2300,0.0,0.0
2017-04-24 00:00:00+09:00,878.3604743689149,919.5056697059516,875.6770920643256,889.9884643554688,10200,0.0,0.0
2017-04-25 00:00:00+09:00,915.9278369672943,915.9278369672943,902.5109252929688,902.5109252929688,1000,0.0,0.0
2017-04-26 00:00:00+09:00,919.5056806889066,919.5056806889066,912.3499944578645,914.138916015625,1100,0.0,0.0
2017-04-27 00:00:00+09:00,912.3499894165641,913.2444501905019,907.877685546875,907.877685546875,1400,0.0,0.0
2017-04-28 00:00:00+09:00,898.9330633441883,902.5109063823742,898.9330633441883,900.7219848632812,800,0.0,0.0
2017-05-01 00:00:00+09:00,912.349995046422,925.7669067382812,911.4555342669648,925.7669067382812,1700,0.0,0.0
2017-05-02 00:00:00+09:00,925.7668587618095,961.5452880859375,917.7167121638807,961.5452880859375,2000,0.0,0.0
2017-05-08 00:00:00+09:00,970.4899231816682,970.4899231816682,952.6007080078125,952.6007080078125,4000,0.0,0.0
2017-05-09 00:00:00+09:00,953.4951644883214,969.5954580725519,953.4951644883214,957.9674682617188,1400,0.0,0.0
2017-05-10 00:00:00+09:00,957.9675104553394,957.9675104553394,939.1838337797445,956.1785888671875,900,0.0,0.0
2017-05-11 00:00:00+09:00,956.1785183452935,956.1785183452935,955.2840576171875,955.2840576171875,300,0.0,0.0
2017-05-12 00:00:00+09:00,948.1284462183238,951.7062894116004,943.6561422267279,950.8118286132812,1100,0.0,0.0
2017-05-15 00:00:00+09:00,952.6007218270931,955.284104142099,948.12841796875,948.12841796875,900,0.0,0.0
2017-05-16 00:00:00+09:00,951.7062401586725,951.7062401586725,921.2945745896923,923.08349609375,3200,0.0,0.0
2017-05-17 00:00:00+09:00,921.2945515400655,936.5003839441248,921.2945515400655,926.6613159179688,2000,0.0,0.0
2017-05-18 00:00:00+09:00,920.4001607867308,928.4503079656236,920.4001607867308,927.5558471679688,2300,0.0,0.0
2017-05-19 00:00:00+09:00,933.8170537533967,933.8170537533967,919.5056812820803,925.7669067382812,700,0.0,0.0
2017-05-22 00:00:00+09:00,935.6059232144743,935.6059232144743,925.7668551883182,926.6613159179688,900,0.0,0.0
2017-05-23 00:00:00+09:00,926.6613159179688,926.6613159179688,926.6613159179688,926.6613159179688,2800,0.0,0.0
2017-05-24 00:00:00+09:00,936.5003839441248,936.5003839441248,926.6613159179688,926.6613159179688,600,0.0,0.0
2017-05-25 00:00:00+09:00,937.3949208460549,937.3949208460549,933.8170776367188,933.8170776367188,700,0.0,0.0
2017-05-26 00:00:00+09:00,937.3948446737753,937.3948446737753,925.7668551883182,926.6613159179688,1100,0.0,0.0
2017-05-29 00:00:00+09:00,926.6613725014246,938.2893626969058,926.6613725014246,932.0281372070312,1200,0.0,0.0
2017-05-30 00:00:00+09:00,938.2893582409574,938.2893582409574,931.1336720007977,937.3948974609375,3100,0.0,0.0
2017-05-31 00:00:00+09:00,934.7115245197249,938.2893676757812,932.0281421526826,938.2893676757812,800,0.0,0.0
2017-06-01 00:00:00+09:00,939.1838284647953,939.1838284647953,934.7115245197249,938.2893676757812,5800,0.0,0.0
2017-06-02 00:00:00+09:00,939.1838284647953,939.1838284647953,936.5004460977531,938.2893676757812,2500,0.0,0.0
2017-06-05 00:00:00+09:00,929.3447687632782,938.2893767398257,906.088788024255,927.5558471679688,7900,0.0,0.0
2017-06-06 00:00:00+09:00,937.3948880171024,937.3948880171024,921.2945941389461,936.5004272460938,900,0.0,0.0
2017-06-07 00:00:00+09:00,930.2392055645063,930.2392055645063,915.0333723966249,919.5056762695312,1400,0.0,0.0
2017-06-08 00:00:00+09:00,919.5056999890761,932.0281511562425,916.8223175961118,927.5558471679688,600,0.0,0.0
2017-06-09 00:00:00+09:00,929.3447410780242,938.289348788111,929.3447410780242,936.5004272460938,2300,0.0,0.0
2017-06-12 00:00:00+09:00,931.1336669921875,935.6059708682307,930.2392062169789,931.1336669921875,500,0.0,0.0
2017-06-13 00:00:00+09:00,934.7115100930221,934.7115100930221,931.1336669921875,931.1336669921875,200,0.0,0.0
2017-06-14 00:00:00+09:00,931.1336669921875,931.1336669921875,930.2392062169789,931.1336669921875,500,0.0,0.0
2017-06-15 00:00:00+09:00,923.9779473646074,923.9779473646074,922.1890258789062,922.1890258789062,1200,0.0,0.0
2017-06-16 00:00:00+09:00,922.1890685800856,932.0281372070312,922.1890685800856,932.0281372070312,1100,0.0,0.0
2017-06-19 00:00:00+09:00,932.0281515066965,939.183837890625,931.1336907087054,939.183837890625,1100,0.0,0.0
2017-06-20 00:00:00+09:00,934.7115245197249,949.0228971439503,934.7115245197249,938.2893676757812,800,0.0,0.0
2017-06-21 00:00:00+09:00,945.4450456274733,960.65087890625,945.4450456274733,960.65087890625,2100,0.0,0.0
2017-06-22 00:00:00+09:00,966.017578125,966.017578125,966.017578125,966.017578125,6000,0.0,0.0
2017-06-23 00:00:00+09:00,982.1179191343246,982.1179191343246,967.806546906502,970.4899291992188,1800,0.0,0.0
2017-06-26 00:00:00+09:00,968.7010543950753,968.7010543950753,963.3342895507812,963.3342895507812,900,0.0,0.0
2017-06-27 00:00:00+09:00,963.3341959635417,966.017578125,963.3341959635417,966.017578125,200,0.0,0.0
2017-06-28 00:00:00+09:00,960.6508694637188,961.5453302360314,959.7564086914062,959.7564086914062,400,0.0,0.0
2017-06-29 00:00:00+09:00,964.2286648982473,964.2286648982473,939.1837645112798,955.2840576171875,1700,0.0,0.0
2017-06-30 00:00:00+09:00,957.0730496612634,957.0730496612634,914.138931545618,956.1785888671875,2100,0.0,0.0
2017-07-03 00:00:00+09:00,957.0730492562959,966.0176571932706,944.5505981445312,944.5505981445312,3200,0.0,0.0
2017-07-04 00:00:00+09:00,965.1231689453125,966.0176297135658,950.8117966532596,965.1231689453125,2800,0.0,0.0
2017-07-05 00:00:00+09:00,949.0228926382923,949.0228926382923,921.2946083105005,943.6561279296875,3200,0.0,0.0
2017-07-06 00:00:00+09:00,943.6561279296875,944.5505887144549,932.9225985124777,943.6561279296875,2300,0.0,0.0
2017-07-07 00:00:00+09:00,943.6560697813292,943.6560697813292,925.7668551883182,926.6613159179688,2100,0.0,0.0
2017-07-10 00:00:00+09:00,943.6561090337132,943.6561090337132,941.8671875,941.8671875,1900,0.0,0.0
2017-07-11 00:00:00+09:00,938.2893816483888,939.1838424507229,933.8170776367188,933.8170776367188,2500,0.0,0.0
2017-07-12 00:00:00+09:00,933.8170776367188,933.8170776367188,933.8170776367188,933.8170776367188,800,0.0,0.0
2017-07-13 00:00:00+09:00,927.5558659660919,929.3447875976562,927.5558659660919,929.3447875976562,1100,0.0,0.0
2017-07-14 00:00:00+09:00,937.3949068867671,938.2893676757812,935.6059853087389,938.2893676757812,400,0.0,0.0
2017-07-17 00:00:00+09:00,938.2893676757812,938.2893676757812,938.2893676757812,938.2893676757812,0,0.0,0.0
2017-07-18 00:00:00+09:00,939.1837388106104,939.1837388106104,935.6058959960938,935.6058959960938,4000,0.0,0.0
2017-07-19 00:00:00+09:00,934.7114352924647,935.6058959960938,934.7114352924647,935.6058959960938,700,0.0,0.0
2017-07-20 00:00:00+09:00,934.7115339006697,947.2339850725447,934.7115339006697,939.183837890625,2100,0.0,0.0
2017-07-21 00:00:00+09:00,951.706257421513,965.1231689453125,950.8117966532596,965.1231689453125,2200,0.0,0.0
2017-07-24 00:00:00+09:00,949.9173401959678,959.7564086914062,949.0228794236552,959.7564086914062,1900,0.0,0.0
2017-07-25 00:00:00+09:00,967.8065512500724,968.7010120183257,957.0730220310328,965.1231689453125,4900,0.0,0.0
2017-07-26 00:00:00+09:00,966.0176297135658,966.0176297135658,961.5453258722993,965.1231689453125,4400,0.0,0.0
2017-07-27 00:00:00+09:00,965.123211165546,966.0176719729283,963.3342895507812,963.3342895507812,1200,0.0,0.0
2017-07-28 00:00:00+09:00,963.3342336957305,969.595458984375,961.5453121846892,969.595458984375,500,0.0,0.0
2017-07-31 00:00:00+09:00,969.5954237784225,969.5954237784225,939.1837591949665,949.0228271484375,2700,0.0,0.0
2017-08-01 00:00:00+09:00,944.550616951205,966.0176764273689,944.550616951205,946.3395385742188,1400,0.0,0.0
2017-08-02 00:00:00+09:00,946.3395385742188,946.3395385742188,946.3395385742188,946.3395385742188,0,0.0,0.0
2017-08-03 00:00:00+09:00,964.2287081770592,966.0176297135658,957.9674827992861,965.1231689453125,700,0.0,0.0
2017-08-04 00:00:00+09:00,958.8619384765625,958.8619384765625,958.8619384765625,958.8619384765625,400,0.0,0.0
2017-08-07 00:00:00+09:00,974.0677714561349,974.0677714561349,952.6007131320328,958.8619384765625,4100,0.0,0.0
2017-08-08 00:00:00+09:00,957.9674915431701,965.1231777545103,954.3896484375,954.3896484375,2100,0.0,0.0
2017-08-09 00:00:00+09:00,961.5453677069872,961.5453677069872,951.706298828125,951.706298828125,1400,0.0,0.0
2017-08-10 00:00:00+09:00,949.9172656344537,949.9172656344537,922.1889838692294,923.9779052734375,3700,0.0,0.0
2017-08-11 00:00:00+09:00,923.9779052734375,923.9779052734375,923.9779052734375,923.9779052734375,0,0.0,0.0
2017-08-14 00:00:00+09:00,924.8724133559505,938.2893245748472,924.8724133559505,928.4502563476562,1500,0.0,0.0
2017-08-15 00:00:00+09:00,930.2392062169789,931.1336669921875,928.4502846665616,931.1336669921875,700,0.0,0.0
2017-08-16 00:00:00+09:00,934.7115290084942,934.7115290084942,932.922607421875,932.922607421875,500,0.0,0.0
2017-08-17 00:00:00+09:00,934.7115245197249,938.2893676757812,934.7115245197249,938.2893676757812,1200,0.0,0.0
2017-08-18 00:00:00+09:00,938.2893626969058,939.1838234811735,932.0281372070312,932.0281372070312,1300,0.0,0.0
2017-08-21 00:00:00+09:00,949.9173674665179,950.811828264509,939.183837890625,939.183837890625,1100,0.0,0.0
2017-08-22 00:00:00+09:00,940.0782710237322,954.3896433704303,940.0782710237322,948.12841796875,900,0.0,0.0
2017-08-23 00:00:00+09:00,939.1838234811735,939.1838234811735,932.0281372070312,932.0281372070312,600,0.0,0.0
2017-08-24 00:00:00+09:00,932.0281748424958,947.2340087890625,932.0281748424958,947.2340087890625,7100,0.0,0.0
2017-08-25 00:00:00+09:00,961.545367472292,961.545367472292,925.7669351942533,940.0783081054688,3900,0.0,0.0
2017-08-28 00:00:00+09:00,947.2339571970813,948.12841796875,947.2339571970813,948.12841796875,2200,0.0,0.0
2017-08-29 00:00:00+09:00,949.0228271484375,949.0228271484375,940.0782199180093,949.0228271484375,2000,0.0,0.0
2017-08-30 00:00:00+09:00,956.1785699903351,956.1785699903351,940.0782760148196,954.3896484375,2600,0.0,0.0
2017-08-31 00:00:00+09:00,954.3896672790356,956.1785888671875,940.0782945738205,956.1785888671875,1100,0.0,0.0
2017-09-01 00:00:00+09:00,956.1785888671875,956.1785888671875,919.5056963100736,956.1785888671875,4300,0.0,0.0
2017-09-04 00:00:00+09:00,956.1785510425836,959.7563940773548,952.6007080078125,952.6007080078125,800,0.0,0.0
2017-09-05 00:00:00+09:00,952.6007498604911,952.6007498604911,936.5004554966519,939.183837890625,1100,0.0,0.0
2017-09-06 00:00:00+09:00,920.4001420615375,941.8672007685121,919.5056812820803,925.7669067382812,5500,0.0,0.0
2017-09-07 00:00:00+09:00,933.8170251180959,933.8170251180959,923.08349609375,923.08349609375,2500,0.0,0.0
2017-09-08 00:00:00+09:00,922.189058593275,923.9779801424376,919.5056762695312,919.5056762695312,2000,0.0,0.0
2017-09-11 00:00:00+09:00,933.8170449330677,936.5004272460938,917.7167510549114,936.5004272460938,1600,0.0,0.0
2017-09-12 00:00:00+09:00,933.8170493178134,933.8170493178134,930.2392062169789,931.1336669921875,1400,0.0,0.0
2017-09-13 00:00:00+09:00,930.2392062169789,931.1336669921875,930.2392062169789,931.1336669921875,200,0.0,0.0
2017-09-14 00:00:00+09:00,936.5003839441248,936.5003839441248,926.6613159179688,926.6613159179688,1900,0.0,0.0
2017-09-15 00:00:00+09:00,922.1890163977168,922.1890163977168,921.2945556640625,921.2945556640625,1100,0.0,0.0
2017-09-18 00:00:00+09:00,921.2945556640625,921.2945556640625,921.2945556640625,921.2945556640625,0,0.0,0.0
2017-09-19 00:00:00+09:00,925.7668792870626,935.6059475693405,925.7668792870626,934.7114868164062,1100,0.0,0.0
2017-09-20 00:00:00+09:00,936.500451001254,944.5505981445312,932.9226078264641,944.5505981445312,1000,0.0,0.0
2017-09-21 00:00:00+09:00,939.1838333823464,944.5505981445312,939.1838333823464,944.5505981445312,600,0.0,0.0
2017-09-22 00:00:00+09:00,948.1284268211772,948.1284268211772,930.2392112207776,937.3948974609375,1200,0.0,0.0
2017-09-25 00:00:00+09:00,947.2339993857255,947.2339993857255,946.3395385742188,946.3395385742188,700,0.0,0.0
2017-09-26 00:00:00+09:00,948.1284648474632,948.1284648474632,940.9727783203125,940.9727783203125,800,0.0,0.0
2017-09-27 00:00:00+09:00,931.1336818199374,950.8118191878899,931.1336818199374,949.9173583984375,1500,0.0,0.0
2017-09-28 00:00:00+09:00,966.0176671108353,966.0176671108353,953.4952158705097,957.0730590820312,3100,0.0,0.0
2017-09-29 00:00:00+09:00,952.6007080078125,952.6007080078125,948.1284042143486,952.6007080078125,2000,0.0,0.0
2017-10-02 00:00:00+09:00,949.9173534230598,967.8065691184094,932.9225985124777,943.6561279296875,3700,0.0,0.0
2017-10-03 00:00:00+09:00,964.2286978708187,964.2286978708187,944.5505611795775,952.6007080078125,1000,0.0,0.0
2017-10-04 00:00:00+09:00,960.6508607925907,970.4899291992188,935.6059593939012,970.4899291992188,2900,0.0,0.0
2017-10-05 00:00:00+09:00,966.0176193882043,967.8065409055898,952.6007080078125,952.6007080078125,700,0.0,0.0
2017-10-06 00:00:00+09:00,957.9674777130582,966.0176245845965,957.9674777130582,958.8619384765625,500,0.0,0.0
2017-10-09 00:00:00+09:00,958.8619384765625,958.8619384765625,958.8619384765625,958.8619384765625,0,0.0,0.0
2017-10-10 00:00:00+09:00,957.0730447140567,964.2287310296757,949.9173583984375,949.9173583984375,1200,0.0,0.0
2017-10-11 00:00:00+09:00,949.9173358850064,965.1231689453125,949.9173358850064,965.1231689453125,500,0.0,0.0
2017-10-12 00:00:00+09:00,955.2840117840963,970.489843432345,955.2840117840963,962.439697265625,1800,0.0,0.0
2017-10-13 00:00:00+09:00,962.4397352430556,973.1732638888889,961.5452745225695,966.017578125,1300,0.0,0.0
2017-10-16 00:00:00+09:00,966.0176671108353,966.0176671108353,957.0730590820312,957.0730590820312,1400,0.0,0.0
2017-10-17 00:00:00+09:00,957.0730638991049,963.3342895507812,956.1786030917225,963.3342895507812,1200,0.0,0.0
2017-10-18 00:00:00+09:00,962.439828743399,965.123211165546,961.5453679360166,963.3342895507812,800,0.0,0.0
2017-10-19 00:00:00+09:00,957.9675244783101,957.9675244783101,951.706298828125,951.706298828125,2100,0.0,0.0
2017-10-20 00:00:00+09:00,950.8118380209557,951.706298828125,950.8118380209557,951.706298828125,600,0.0,0.0
2017-10-23 00:00:00+09:00,952.6007502099196,957.0730542015154,950.8118286132812,950.8118286132812,2500,0.0,0.0
2017-10-24 00:00:00+09:00,955.284099002849,955.284099002849,921.2945898622982,941.8671875,6900,0.0,0.0
2017-10-25 00:00:00+09:00,954.3895914866945,954.3895914866945,946.3394449793091,949.0228271484375,2500,0.0,0.0
2017-10-26 00:00:00+09:00,965.123201386388,965.123201386388,950.8118286132812,950.8118286132812,2600,0.0,0.0
2017-10-27 00:00:00+09:00,950.8118334618684,960.6509022935529,948.1284510532273,957.0730590820312,2200,0.0,0.0
2017-10-30 00:00:00+09:00,957.0730118012765,957.0730118012765,952.6007080078125,952.6007080078125,600,0.0,0.0
2017-10-31 00:00:00+09:00,960.6509022935529,960.6509022935529,957.0730590820312,957.0730590820312,500,0.0,0.0
2017-11-01 00:00:00+09:00,957.073035781832,962.4398004684591,957.073035781832,960.65087890625,2300,0.0,0.0
2017-11-02 00:00:00+09:00,962.4397954252577,962.4397954252577,954.3896484375,954.3896484375,800,0.0,0.0
2017-11-03 00:00:00+09:00,954.3896484375,954.3896484375,954.3896484375,954.3896484375,0,0.0,0.0
2017-11-06 00:00:00+09:00,954.3895914866945,955.2840522097373,948.1283664253947,949.0228271484375,1900,0.0,0.0
2017-11-07 00:00:00+09:00,947.2339571970813,952.6007218270931,947.2339571970813,948.12841796875,1000,0.0,0.0
2017-11-08 00:00:00+09:00,956.178598279151,958.8619806877921,956.178598279151,957.0730590820312,2200,0.0,0.0
2017-11-09 00:00:00+09:00,957.0730590820312,957.0730590820312,957.0730590820312,957.0730590820312,0,0.0,0.0
2017-11-10 00:00:00+09:00,962.4397815305796,964.2287030575881,952.6007131320328,958.8619384765625,1500,0.0,0.0
2017-11-13 00:00:00+09:00,964.2287125529692,964.2287125529692,959.7564086914062,959.7564086914062,600,0.0,0.0
2017-11-14 00:00:00+09:00,949.9172878714803,949.9172878714803,949.0228271484375,949.0228271484375,2000,0.0,0.0
2017-11-15 00:00:00+09:00,949.0228271484375,949.0228271484375,949.0228271484375,949.0228271484375,0,0.0,0.0
2017-11-16 00:00:00+09:00,958.8619712494153,958.8619712494153,956.1785888671875,956.1785888671875,500,0.0,0.0
2017-11-17 00:00:00+09:00,951.7062890625001,956.1785930524554,930.2392299107144,939.183837890625,6000,0.0,0.0
2017-11-20 00:00:00+09:00,939.1838430244233,957.0730590820312,939.1838430244233,957.0730590820312,4000,0.0,0.0
2017-11-21 00:00:00+09:00,957.0730256854363,957.0730256854363,948.12841796875,948.12841796875,900,0.0,0.0
2017-11-22 00:00:00+09:00,948.12841796875,948.12841796875,948.12841796875,948.12841796875,0,0.0,0.0
2017-11-23 00:00:00+09:00,948.12841796875,948.12841796875,948.12841796875,948.12841796875,0,0.0,0.0
2017-11-24 00:00:00+09:00,965.1232063079549,965.1232063079549,939.1838430244233,957.0730590820312,3000,0.0,0.0
2017-11-27 00:00:00+09:00,957.0730220310328,965.1231689453125,957.0730220310328,965.1231689453125,700,0.0,0.0
2017-11-28 00:00:00+09:00,965.1231689453125,965.1231689453125,965.1231689453125,965.1231689453125,0,0.0,0.0
2017-11-29 00:00:00+09:00,965.1232063079549,966.0176671108353,957.0730590820312,957.0730590820312,1600,0.0,0.0
2017-11-30 00:00:00+09:00,956.1785612627795,965.1231689453125,956.1785612627795,965.1231689453125,500,0.0,0.0
2017-12-01 00:00:00+09:00,965.1231174045139,966.017578125,965.1231174045139,966.017578125,800,0.0,0.0
2017-12-04 00:00:00+09:00,966.0176385309278,966.0176385309278,954.3896484375,954.3896484375,5400,0.0,0.0
2017-12-05 00:00:00+09:00,966.017578125,973.1732638888889,961.5452745225695,966.017578125,5100,0.0,0.0
2017-12-06 00:00:00+09:00,969.5954210069444,970.4898817274305,966.017578125,966.017578125,500,0.0,0.0
2017-12-07 00:00:00+09:00,966.0176297135658,966.0176297135658,965.1231689453125,965.1231689453125,300,0.0,0.0
2017-12-08 00:00:00+09:00,965.1231174045139,966.017578125,965.1231174045139,966.017578125,800,0.0,0.0
2017-12-11 00:00:00+09:00,971.3842926304345,978.5399780273438,964.2286072335252,978.5399780273438,6700,0.0,0.0
2017-12-12 00:00:00+09:00,980.3289646821863,980.3289646821863,973.1732788085938,973.1732788085938,1400,0.0,0.0
2017-12-13 00:00:00+09:00,974.962223517499,974.962223517499,969.595458984375,969.595458984375,2700,0.0,0.0
2017-12-14 00:00:00+09:00,973.1733114919355,973.1733114919355,969.5954684349798,970.4899291992188,3100,0.0,0.0
2017-12-15 00:00:00+09:00,970.4899291992188,970.4899291992188,970.4899291992188,970.4899291992188,0,0.0,0.0
2017-12-18 00:00:00+09:00,983.0124605490944,1002.6905989768288,976.7512346857244,983.9069213867188,10100,0.0,0.0
2017-12-19 00:00:00+09:00,983.9069213867188,983.9069213867188,979.4346171985973,983.9069213867188,3700,0.0,0.0
2017-12-20 00:00:00+09:00,983.9068979456805,992.8515061088231,983.9068979456805,987.4847412109375,4100,0.0,0.0
2017-12-21 00:00:00+09:00,991.9570500385,993.7459716796876,986.5902851149374,993.7459716796875,700,0.0,0.0
2017-12-22 00:00:00+09:00,999.1127791546614,999.1127791546614,980.3291011222103,991.9570922851562,5300,0.0,0.0
2017-12-25 00:00:00+09:00,992.8515531438444,992.8515531438444,990.16817056778,991.9570922851562,2600,0.0,0.0
2017-12-26 00:00:00+09:00,998.2182195728282,1001.7960626537345,984.8013080194299,1000.0071411132812,3700,0.0,0.0
2017-12-27 00:00:00+09:00,1000.0072351019479,1001.7961568105382,995.5349308304723,997.3238525390625,3200,0.0,0.0
2017-12-28 00:00:00+09:00,1010.7406703559999,1017.8963565178123,997.3237588026017,1000.0071411132812,7800,0.0,0.0
2017-12-29 00:00:00+09:00,1001.7960647147796,1034.89111328125,1000.9016039427129,1034.89111328125,14700,0.0,0.0
2018-01-01 00:00:00+09:00,1034.89111328125,1034.89111328125,1034.89111328125,1034.89111328125,0,0.0,0.0
2018-01-02 00:00:00+09:00,1034.89111328125,1034.89111328125,1034.89111328125,1034.89111328125,0,0.0,0.0
2018-01-03 00:00:00+09:00,1034.89111328125,1034.89111328125,1034.89111328125,1034.89111328125,0,0.0,0.0
2018-01-04 00:00:00+09:00,1036.6800021467538,1037.574462890625,1026.8409339641703,1037.574462890625,8300,0.0,0.0
2018-01-05 00:00:00+09:00,1037.5745144992989,1037.5745144992989,1024.157602673877,1036.6800537109375,3400,0.0,0.0
2018-01-08 00:00:00+09:00,1036.6800537109375,1036.6800537109375,1036.6800537109375,1036.6800537109375,0,0.0,0.0
2018-01-09 00:00:00+09:00,1032.2077533820084,1032.2077533820084,982.1179490584447,1008.0573120117188,13100,0.0,0.0
2018-01-10 00:00:00+09:00,1008.9517264076267,1024.15755916377,1008.9517264076267,1015.2129516601562,1200,0.0,0.0
2018-01-11 00:00:00+09:00,1015.2130408530076,1021.4742666556252,1008.9518150503899,1017.8964233398438,1300,0.0,0.0
2018-01-12 00:00:00+09:00,1008.9517063685826,1008.9517063685826,1001.7960205078125,1001.7960205078125,1700,0.0,0.0
2018-01-15 00:00:00+09:00,1010.7407367082807,1018.7908841687891,1010.7407367082807,1017.8964233398438,1500,0.0,0.0
2018-01-16 00:00:00+09:00,1017.8963339112404,1017.8963339112404,1009.8461871579881,1015.2129516601562,500,0.0,0.0
2018-01-17 00:00:00+09:00,1026.8408989013028,1026.8408989013028,1012.5295274880442,1017.0018310546875,2100,0.0,0.0
2018-01-18 00:00:00+09:00,1014.3185800240623,1017.8964233398438,1014.3185800240623,1017.8964233398438,600,0.0,0.0
2018-01-19 00:00:00+09:00,1017.8964233398438,1017.8964233398438,1017.8964233398438,1017.8964233398438,0,0.0,0.0
2018-01-22 00:00:00+09:00,1023.2631319937227,1027.7354358922967,1019.6852888748635,1024.1575927734375,2000,0.0,0.0
2018-01-23 00:00:00+09:00,1027.735422044837,1028.6298828125,1022.3686574388587,1028.6298828125,2300,0.0,0.0
2018-01-24 00:00:00+09:00,1028.6298828125,1028.6298828125,1028.6298828125,1028.6298828125,0,0.0,0.0
2018-01-25 00:00:00+09:00,1035.7855551187095,1037.5744766301407,1033.1021728515625,1033.1021728515625,1800,0.0,0.0
2018-01-26 00:00:00+09:00,1033.1021728515625,1033.1021728515625,1033.1021728515625,1033.1021728515625,0,0.0,0.0
2018-01-29 00:00:00+09:00,1037.5745006443299,1041.15234375,1033.1021967622423,1041.15234375,3300,0.0,0.0
2018-01-30 00:00:00+09:00,1041.15234375,1045.6246476320875,1037.5745006443299,1041.15234375,2700,0.0,0.0
2018-01-31 00:00:00+09:00,1038.469041253625,1042.0468846343438,1031.3133544921875,1031.3133544921875,3100,0.0,0.0
2018-02-01 00:00:00+09:00,1033.1021917371165,1042.941260229851,1033.1021917371165,1034.89111328125,1600,0.0,0.0
2018-02-02 00:00:00+09:00,1034.891155713225,1044.730224609375,1034.891155713225,1044.730224609375,2600,0.0,0.0
2018-02-05 00:00:00+09:00,1037.5744522387654,1037.5744522387654,1025.052001953125,1025.052001953125,4300,0.0,0.0
2018-02-06 00:00:00+09:00,983.9069382799112,1043.8358154296875,945.4451216016964,1043.8358154296875,16100,0.0,0.0
2018-02-07 00:00:00+09:00,1012.5295195550478,1027.7353515625,1010.7405981424064,1027.7353515625,1600,0.0,0.0
2018-02-08 00:00:00+09:00,1027.7353515625,1027.7353515625,1027.7353515625,1027.7353515625,0,0.0,0.0
2018-02-09 00:00:00+09:00,1002.6904812404088,1003.584941973005,998.2181775774275,1001.7960205078125,2200,0.0,0.0
2018-02-12 00:00:00+09:00,1001.7960205078125,1001.7960205078125,1001.7960205078125,1001.7960205078125,0,0.0,0.0
2018-02-13 00:00:00+09:00,1002.6905378812583,1025.946518242465,1002.6905378812583,1007.162841796875,1600,0.0,0.0
2018-02-14 00:00:00+09:00,1000.0071418148348,1011.6351318359375,1000.0071418148348,1011.6351318359375,2600,0.0,0.0
2018-02-15 00:00:00+09:00,1011.6351318359375,1011.6351318359375,1011.6351318359375,1011.6351318359375,0,0.0,0.0
2018-02-16 00:00:00+09:00,1011.6350461582449,1011.6350461582449,1003.5848999023438,1003.5848999023438,700,0.0,0.0
2018-02-19 00:00:00+09:00,983.9068030138828,1019.6852322143876,983.9068030138828,1018.790771484375,3500,0.0,0.0
2018-02-20 00:00:00+09:00,1019.6852322143876,1023.263075134438,1018.790771484375,1018.790771484375,1000,0.0,0.0
2018-02-21 00:00:00+09:00,1018.790771484375,1018.790771484375,1018.790771484375,1018.790771484375,0,0.0,0.0
2018-02-22 00:00:00+09:00,1018.7907142740168,1018.7907142740168,1012.5294895155284,1013.4239501953125,1200,0.0,0.0
2018-02-23 00:00:00+09:00,1017.8964233398438,1017.8964233398438,1014.3185800240623,1017.8964233398438,1100,0.0,0.0
2018-02-26 00:00:00+09:00,1019.6852938334147,1030.4188232421875,1019.6852938334147,1030.4188232421875,2000,0.0,0.0
2018-02-27 00:00:00+09:00,1032.2076820167335,1059.04150390625,1025.0519961795292,1059.04150390625,9800,0.0,0.0
2018-02-28 00:00:00+09:00,1051.885721723072,1070.6693953252698,1050.9912610753483,1067.091552734375,3200,0.0,0.0
2018-03-01 00:00:00+09:00,1051.8857536764706,1066.19712447479,1051.8857536764706,1064.408203125,1200,0.0,0.0
2018-03-02 00:00:00+09:00,1051.8858180690456,1059.04150390625,1042.9412107725402,1059.04150390625,2800,0.0,0.0
2018-03-05 00:00:00+09:00,1043.8356339794095,1055.463623046875,1032.2076449119438,1055.463623046875,1900,0.0,0.0
2018-03-06 00:00:00+09:00,1055.4637110387857,1058.147093354986,1034.89111328125,1034.89111328125,2100,0.0,0.0
2018-03-07 00:00:00+09:00,1035.7855551187095,1052.7803094773067,1033.1021728515625,1033.1021728515625,2600,0.0,0.0
2018-03-08 00:00:00+09:00,1057.2527282244137,1057.2527282244137,1033.1022851939067,1043.8358154296875,600,0.0,0.0
2018-03-09 00:00:00+09:00,1043.8358154296875,1043.8358154296875,1043.8358154296875,1043.8358154296875,0,0.0,0.0
2018-03-12 00:00:00+09:00,1052.7803908128005,1052.7803908128005,1042.0468609149639,1046.5191650390625,1000,0.0,0.0
2018-03-13 00:00:00+09:00,1050.9913195593883,1057.2525444418698,1050.9913195593883,1055.463623046875,2400,0.0,0.0
2018-03-14 00:00:00+09:00,1055.463712406884,1058.1470947265625,1055.463712406884,1058.1470947265625,500,0.0,0.0
2018-03-15 00:00:00+09:00,1055.4637212451964,1059.9360251487776,1047.41357421875,1047.41357421875,800,0.0,0.0
2018-03-16 00:00:00+09:00,1031.313221287083,1059.04150390625,1031.313221287083,1059.04150390625,4400,0.0,0.0
2018-03-19 00:00:00+09:00,1062.619384765625,1062.619384765625,1046.519091057055,1062.619384765625,2200,0.0,0.0
2018-03-20 00:00:00+09:00,1060.8304337120708,1060.8304337120708,1046.5190619250614,1048.3079833984375,1000,0.0,0.0
2018-03-21 00:00:00+09:00,1048.3079833984375,1048.3079833984375,1048.3079833984375,1048.3079833984375,0,0.0,0.0
2018-03-22 00:00:00+09:00,1048.3078673332802,1059.9358556228133,1048.3078673332802,1054.569091796875,3200,0.0,0.0
2018-03-23 00:00:00+09:00,1050.9914263247208,1050.9914263247208,1033.1022105574916,1036.6800537109375,3600,0.0,0.0
2018-03-26 00:00:00+09:00,1036.6800865516532,1043.8357730852279,1033.9967041015625,1033.9967041015625,3500,0.0,0.0
2018-03-27 00:00:00+09:00,1037.5743715454932,1059.9358881736289,1037.5743715454932,1051.8857421875,3600,0.0,0.0
2018-03-28 00:00:00+09:00,982.1272121791926,1018.8422481485081,982.1272121791926,1014.2528686523438,4600,30.0,0.0
2018-03-29 00:00:00+09:00,1018.8422891916323,1018.8422891916323,999.56689453125,999.56689453125,2000,0.0,0.0
2018-03-30 00:00:00+09:00,1000.4848242818704,1000.4848242818704,993.1418163972328,994.0596923828125,1400,0.0,0.0
2018-04-02 00:00:00+09:00,996.8132246229384,996.8132246229384,991.3059692382812,991.3059692382812,900,0.0,0.0
2018-04-03 00:00:00+09:00,991.3061007331399,999.5669849059161,983.9630925795611,998.6491088867188,1500,0.0,0.0
2018-04-04 00:00:00+09:00,976.6199684607838,986.7166034730662,976.6199684607838,979.3735961914062,1400,0.0,0.0
2018-04-05 00:00:00+09:00,981.2093582508176,986.7166137695312,981.2093582508176,986.7166137695312,400,0.0,0.0
2018-04-06 00:00:00+09:00,991.3059959305363,1005.0741347629048,987.6344922419046,988.5523681640625,1900,0.0,0.0
2018-04-09 00:00:00+09:00,1003.2383982760847,1003.2383982760847,988.5523832967459,999.56689453125,1800,0.0,0.0
2018-04-10 00:00:00+09:00,988.5523415459527,997.7311005203812,988.5523415459527,991.3059692382812,1300,0.0,0.0
2018-04-11 00:00:00+09:00,992.2239012310496,993.1417771803846,987.634521484375,987.634521484375,1100,0.0,0.0
2018-04-12 00:00:00+09:00,994.0595969306098,994.0595969306098,986.716589751067,991.3059692382812,600,0.0,0.0
2018-04-13 00:00:00+09:00,984.8809204101562,986.7166723587306,984.8809204101562,984.8809204101562,300,0.0,0.0
2018-04-16 00:00:00+09:00,987.6344793832737,987.6344793832737,979.3735961914062,979.3735961914062,800,0.0,0.0
2018-04-17 00:00:00+09:00,979.3735961914062,979.3735961914062,979.3735961914062,979.3735961914062,0,0.0,0.0
2018-04-18 00:00:00+09:00,983.045166015625,983.045166015625,983.045166015625,983.045166015625,600,0.0,0.0
2018-04-19 00:00:00+09:00,983.04507315092,983.04507315092,976.6199419538551,982.127197265625,800,0.0,0.0
2018-04-20 00:00:00+09:00,971.1127759542724,981.2094116210938,971.1127759542724,981.2094116210938,3400,0.0,0.0
2018-04-23 00:00:00+09:00,981.2094017266104,981.2094017266104,973.8663940429688,973.8663940429688,700,0.0,0.0
2018-04-24 00:00:00+09:00,973.8664597775455,981.2094679568295,972.948583755135,977.5379638671875,3700,0.0,0.0
2018-04-25 00:00:00+09:00,982.12734397924,983.9630960240611,974.784335799956,977.5379638671875,2000,0.0,0.0
2018-04-26 00:00:00+09:00,1001.4027404498606,1001.4027404498606,974.784335799956,977.5379638671875,3800,0.0,0.0
2018-04-27 00:00:00+09:00,977.5378178391502,995.8953355450496,977.5378178391502,982.127197265625,1600,0.0,0.0
2018-04-30 00:00:00+09:00,982.127197265625,982.127197265625,982.127197265625,982.127197265625,0,0.0,0.0
2018-05-01 00:00:00+09:00,994.9774488317252,995.8953247070312,983.9629383280529,995.8953247070312,1900,0.0,0.0
2018-05-02 00:00:00+09:00,995.8953729673873,995.8953729673873,986.7166137695312,986.7166137695312,800,0.0,0.0
2018-05-03 00:00:00+09:00,986.7166137695312,986.7166137695312,986.7166137695312,986.7166137695312,0,0.0,0.0
2018-05-04 00:00:00+09:00,986.7166137695312,986.7166137695312,986.7166137695312,986.7166137695312,0,0.0,0.0
2018-05-07 00:00:00+09:00,986.716589751067,991.3059692382812,986.716589751067,991.3059692382812,600,0.0,0.0
2018-05-08 00:00:00+09:00,991.3059718331216,993.1417236328125,990.3880959332761,993.1417236328125,2500,0.0,0.0
2018-05-09 00:00:00+09:00,994.0597114875384,1008.7457275390625,994.0597114875384,1008.7457275390625,1000,0.0,0.0
2018-05-10 00:00:00+09:00,1008.7456982421875,1009.66357421875,1005.9920703125,1009.66357421875,700,0.0,0.0
2018-05-11 00:00:00+09:00,1009.663449480234,1009.663449480234,1005.9919460275786,1007.8276977539062,700,0.0,0.0
2018-05-14 00:00:00+09:00,1006.909938944759,1014.2529467036999,1004.1563110351562,1004.1563110351562,1300,0.0,0.0
2018-05-15 00:00:00+09:00,1017.924465351898,1017.924465351898,1010.5814574864199,1015.1708374023438,600,0.0,0.0
2018-05-16 00:00:00+09:00,1012.4172550913902,1031.6926516071828,1000.4848667720901,1027.103271484375,5500,0.0,0.0
2018-05-17 00:00:00+09:00,1025.2673446180556,1035.3639791666667,1025.2673446180556,1032.6103515625,2000,0.0,0.0
2018-05-18 00:00:00+09:00,1034.4460979533133,1034.4460979533133,1028.9388427734375,1028.9388427734375,700,0.0,0.0
2018-05-21 00:00:00+09:00,1028.021108503822,1028.021108503822,1020.6781005859375,1020.6781005859375,900,0.0,0.0
2018-05-22 00:00:00+09:00,1026.1853295569997,1026.1853295569997,983.0451591731187,1023.4317016601562,1600,0.0,0.0
2018-05-23 00:00:00+09:00,1023.4317016601562,1023.4317016601562,1023.4317016601562,1023.4317016601562,0,0.0,0.0
2018-05-24 00:00:00+09:00,1023.431694230268,1027.1031980660716,1009.6635548460043,1017.9244384765625,1000,0.0,0.0
2018-05-25 00:00:00+09:00,1027.103178675998,1028.0210546176208,1004.156280135426,1026.185302734375,1800,0.0,0.0
2018-05-28 00:00:00+09:00,1026.1853221071208,1027.1031980660716,1015.1708105997097,1017.9244384765625,1000,0.0,0.0
2018-05-29 00:00:00+09:00,1005.9919460275786,1007.8276977539062,999.5668149854316,1007.8276977539062,3600,0.0,0.0
2018-05-30 00:00:00+09:00,994.0596236970099,994.0596236970099,984.8808644754309,988.5523681640625,2500,0.0,0.0
2018-05-31 00:00:00+09:00,1008.7456708635602,1008.7456708635602,984.8808961206553,989.4702758789062,1500,0.0,0.0
2018-06-01 00:00:00+09:00,990.3881468248989,990.3881468248989,984.8808911428328,985.7987670898438,900,0.0,0.0
2018-06-04 00:00:00+09:00,999.5669458549846,1000.4848218383224,986.7166820882538,992.2239379882812,2500,0.0,0.0
2018-06-05 00:00:00+09:00,994.977565938295,994.977565938295,992.2239379882812,992.2239379882812,400,0.0,0.0
2018-06-06 00:00:00+09:00,992.2239379882812,992.2239379882812,992.2239379882812,992.2239379882812,0,0.0,0.0
2018-06-07 00:00:00+09:00,985.798700806805,985.798700806805,982.127197265625,982.127197265625,1600,0.0,0.0
2018-06-08 00:00:00+09:00,982.127197265625,991.3059561185748,982.127197265625,982.127197265625,2100,0.0,0.0
2018-06-11 00:00:00+09:00,982.1272367089572,988.5523681640625,979.3736089424834,988.5523681640625,3800,0.0,0.0
2018-06-12 00:00:00+09:00,982.1272557862243,982.1272557862243,980.29150390625,980.29150390625,1300,0.0,0.0
2018-06-13 00:00:00+09:00,980.29150390625,980.29150390625,980.29150390625,980.29150390625,0,0.0,0.0
2018-06-14 00:00:00+09:00,985.7987670898438,985.7987670898438,984.8808911428328,985.7987670898438,500,0.0,0.0
2018-06-15 00:00:00+09:00,986.716565953971,995.8953247070312,986.716565953971,995.8953247070312,1500,0.0,0.0
2018-06-18 00:00:00+09:00,995.8953247070312,995.8953247070312,995.8953247070312,995.8953247070312,0,0.0,0.0
2018-06-19 00:00:00+09:00,995.8954050283893,995.8954050283893,987.634521484375,987.634521484375,800,0.0,0.0
2018-06-20 00:00:00+09:00,987.6344552111269,988.5523310988697,983.9629516601562,983.9629516601562,800,0.0,0.0
2018-06-21 00:00:00+09:00,983.9629516601562,983.9629516601562,983.9629516601562,983.9629516601562,0,0.0,0.0
2018-06-22 00:00:00+09:00,983.9629516601562,983.9629516601562,983.9629516601562,983.9629516601562,0,0.0,0.0
2018-06-25 00:00:00+09:00,1000.4847847750639,1000.4847847750639,987.634521484375,987.634521484375,800,0.0,0.0
2018-06-26 00:00:00+09:00,999.5669359987513,999.5669359987513,971.1127807958484,984.8809204101562,2800,0.0,0.0
2018-06-27 00:00:00+09:00,984.88082492151,984.88082492151,977.5378178391502,982.127197265625,400,0.0,0.0
2018-06-28 00:00:00+09:00,983.9629646343577,993.1417236328125,983.9629646343577,993.1417236328125,900,0.0,0.0
2018-06-29 00:00:00+09:00,994.0596211278162,997.7311248069585,986.7166137695312,986.7166137695312,800,0.0,0.0
2018-07-02 00:00:00+09:00,987.634545875642,1005.9920653157096,983.045166015625,983.045166015625,5100,0.0,0.0
2018-07-03 00:00:00+09:00,983.045166015625,983.045166015625,983.045166015625,983.045166015625,0,0.0,0.0
2018-07-04 00:00:00+09:00,999.5668766465297,999.5668766465297,986.7166137695312,986.7166137695312,700,0.0,0.0
2018-07-05 00:00:00+09:00,982.1272404988606,984.8808682759602,968.3591016133626,969.2769775390625,2700,0.0,0.0
2018-07-06 00:00:00+09:00,972.9485719509034,972.9485719509034,966.5234398719823,968.3591918945312,1200,0.0,0.0
2018-07-09 00:00:00+09:00,978.4557763258467,983.0451561397578,974.7842724747178,975.7021484375,600,0.0,0.0
2018-07-10 00:00:00+09:00,984.8808810751166,985.7987570127449,976.6199976364622,978.4557495117188,1800,0.0,0.0
2018-07-11 00:00:00+09:00,986.7165766920999,986.7165766920999,982.127197265625,982.127197265625,800,0.0,0.0
2018-07-12 00:00:00+09:00,986.7166699036385,989.4702978196486,983.045166015625,983.045166015625,800,0.0,0.0
2018-07-13 00:00:00+09:00,983.9629620587384,999.5668523152669,983.9629620587384,991.3059692382812,1800,0.0,0.0
2018-07-16 00:00:00+09:00,991.3059692382812,991.3059692382812,991.3059692382812,991.3059692382812,0,0.0,0.0
2018-07-17 00:00:00+09:00,994.0596389139979,999.56689453125,983.0451276794938,999.56689453125,2000,0.0,0.0
2018-07-18 00:00:00+09:00,999.5669213395092,999.5669213395092,983.0451540446413,996.8132934570312,2300,0.0,0.0
2018-07-19 00:00:00+09:00,998.6490723107111,999.5669482962907,994.0596923828125,994.0596923828125,700,0.0,0.0
2018-07-20 00:00:00+09:00,994.9774970476017,996.8132488871729,986.7166137695312,986.7166137695312,1800,0.0,0.0
2018-07-23 00:00:00+09:00,987.6345073605372,1004.1562742122934,987.6345073605372,999.56689453125,1200,0.0,0.0
2018-07-24 00:00:00+09:00,988.552333278882,1006.9098510742188,988.552333278882,1006.9098510742188,3100,0.0,0.0
2018-07-25 00:00:00+09:00,1005.992048558181,1016.0886840820312,1005.992048558181,1016.0886840820312,5100,0.0,0.0
2018-07-26 00:00:00+09:00,1020.6780759930174,1020.6780759930174,1002.320556640625,1002.320556640625,5200,0.0,0.0
2018-07-27 00:00:00+09:00,1017.9245148261969,1017.9245148261969,1005.9921264648438,1005.9921264648438,800,0.0,0.0
2018-07-30 00:00:00+09:00,1000.4847412109375,1011.4992521233515,993.1417339359948,1000.4847412109375,1600,0.0,0.0
2018-07-31 00:00:00+09:00,1009.6636035422828,1009.6636035422828,1008.7457275390625,1008.7457275390625,200,0.0,0.0
2018-08-01 00:00:00+09:00,1008.7456982421875,1011.4993261718749,995.8954345703124,1009.66357421875,500,0.0,0.0
2018-08-02 00:00:00+09:00,1011.4992416297222,1014.2528693292586,993.1417236328125,993.1417236328125,1300,0.0,0.0
2018-08-03 00:00:00+09:00,993.1418163972328,1007.827832166508,993.1418163972328,994.0596923828125,400,0.0,0.0
2018-08-06 00:00:00+09:00,993.1417871454105,1006.9099265235816,993.1417871454105,994.9775390625,1100,0.0,0.0
2018-08-07 00:00:00+09:00,994.9775390625,994.9775390625,994.9775390625,994.9775390625,0,0.0,0.0
2018-08-08 00:00:00+09:00,991.3060595748378,995.8954394802769,990.38818359375,990.38818359375,700,0.0,0.0
2018-08-09 00:00:00+09:00,990.3881200083783,1009.6635143736943,985.7987403975889,988.5523681640625,2300,0.0,0.0
2018-08-10 00:00:00+09:00,973.8663698235775,982.1272532622318,973.8663698235775,978.4557495117188,1900,0.0,0.0
2018-08-13 00:00:00+09:00,977.5378953971539,977.5378953971539,972.0306396484375,972.0306396484375,1400,0.0,0.0
2018-08-14 00:00:00+09:00,972.0305889097461,979.3735961914062,972.0305889097461,979.3735961914062,1200,0.0,0.0
2018-08-15 00:00:00+09:00,979.3736279662629,988.5523873661341,979.3736279662629,980.29150390625,400,0.0,0.0
2018-08-16 00:00:00+09:00,980.291591934419,994.977608292987,977.5379638671875,977.5379638671875,1500,0.0,0.0
2018-08-17 00:00:00+09:00,978.4557738452447,978.4557738452447,973.8663940429688,973.8663940429688,600,0.0,0.0
2018-08-20 00:00:00+09:00,978.4557713552732,978.4557713552732,972.0306396484375,972.0306396484375,700,0.0,0.0
2018-08-21 00:00:00+09:00,971.112763690318,972.0306396484375,971.112763690318,972.0306396484375,200,0.0,0.0
2018-08-22 00:00:00+09:00,971.1126761858521,974.7841796875,971.1126761858521,974.7841796875,500,0.0,0.0
2018-08-23 00:00:00+09:00,974.7841796875,974.7841796875,974.7841796875,974.7841796875,0,0.0,0.0
2018-08-24 00:00:00+09:00,988.5523656091025,989.4702415288881,985.7987378497456,986.7166137695312,1000,0.0,0.0
2018-08-27 00:00:00+09:00,997.7311248069585,998.6490007267441,986.7166137695312,986.7166137695312,1500,0.0,0.0
2018-08-28 00:00:00+09:00,986.7166137695312,986.7166137695312,986.7166137695312,986.7166137695312,0,0.0,0.0
2018-08-29 00:00:00+09:00,983.9629490362149,983.9629490362149,982.127197265625,982.127197265625,300,0.0,0.0
2018-08-30 00:00:00+09:00,982.1272756428737,1001.4026707723132,977.5378958501499,994.9775390625,1200,0.0,0.0
2018-08-31 00:00:00+09:00,983.045166015625,983.045166015625,983.045166015625,983.045166015625,100,0.0,0.0
2018-09-03 00:00:00+09:00,984.8809154999378,984.8809154999378,981.2094116210938,981.2094116210938,700,0.0,0.0
2018-09-04 00:00:00+09:00,991.3060522301665,1019.7602074330695,983.0451684615819,984.8809204101562,5900,0.0,0.0
2018-09-05 00:00:00+09:00,992.2238368379493,1006.9098510742188,991.3059609481825,1006.9098510742188,600,0.0,0.0
2018-09-06 00:00:00+09:00,989.4702440862204,989.4702440862204,988.5523681640625,988.5523681640625,400,0.0,0.0
2018-09-07 00:00:00+09:00,989.470295348493,991.306047287915,981.2094116210938,981.2094116210938,2700,0.0,0.0
2018-09-10 00:00:00+09:00,986.7166699036385,986.7166699036385,982.1272900436215,983.045166015625,600,0.0,0.0
2018-09-11 00:00:00+09:00,983.045166015625,983.045166015625,983.045166015625,983.045166015625,0,0.0,0.0
2018-09-12 00:00:00+09:00,995.8953923266556,995.8953923266556,978.4557495117188,978.4557495117188,3100,0.0,0.0
2018-09-13 00:00:00+09:00,994.0595729564192,995.8953247070312,994.0595729564192,995.8953247070312,1100,0.0,0.0
2018-09-14 00:00:00+09:00,995.8953247070312,995.8953247070312,995.8953247070312,995.8953247070312,0,0.0,0.0
2018-09-17 00:00:00+09:00,995.8953247070312,995.8953247070312,995.8953247070312,995.8953247070312,0,0.0,0.0
2018-09-18 00:00:00+09:00,991.3059561185748,991.3059561185748,977.5378178391502,982.127197265625,1900,0.0,0.0
2018-09-19 00:00:00+09:00,991.3060151860955,991.3060151860955,980.29150390625,980.29150390625,2100,0.0,0.0
2018-09-20 00:00:00+09:00,993.141779685507,993.141779685507,980.2915163624043,989.4702758789062,1100,0.0,0.0
2018-09-21 00:00:00+09:00,987.6345604837546,994.0596923828125,983.0451805558562,994.0596923828125,900,0.0,0.0
2018-09-24 00:00:00+09:00,994.0596923828125,994.0596923828125,994.0596923828125,994.0596923828125,0,0.0,0.0
2018-09-25 00:00:00+09:00,994.0596631039552,994.9775390625,986.7166554355973,994.9775390625,1500,0.0,0.0
2018-09-26 00:00:00+09:00,1000.4847282127098,1000.4847282127098,991.3059692382812,991.3059692382812,1200,0.0,0.0
2018-09-27 00:00:00+09:00,994.0596655745533,996.8132934570312,991.3060376920753,996.8132934570312,3000,0.0,0.0
2018-09-28 00:00:00+09:00,996.8132934570312,996.8132934570312,996.8132934570312,996.8132934570312,0,0.0,0.0
2018-10-01 00:00:00+09:00,992.2238945111836,1005.0741577148438,992.2238945111836,1005.0741577148438,2100,0.0,0.0
2018-10-02 00:00:00+09:00,1005.0741577148438,1005.0741577148438,1005.0741577148438,1005.0741577148438,0,0.0,0.0
2018-10-03 00:00:00+09:00,1005.0741577148438,1005.0741577148438,1005.0741577148438,1005.0741577148438,0,0.0,0.0
2018-10-04 00:00:00+09:00,1005.074201755012,1005.074201755012,992.2239379882812,992.2239379882812,1100,0.0,0.0
2018-10-05 00:00:00+09:00,991.3060594641644,1013.3350830078125,991.3060594641644,1013.3350830078125,900,0.0,0.0
2018-10-08 00:00:00+09:00,1013.3350830078125,1013.3350830078125,1013.3350830078125,1013.3350830078125,0,0.0,0.0
2018-10-09 00:00:00+09:00,1013.335078125,1013.335078125,1007.827822265625,1009.66357421875,700,0.0,0.0
2018-10-10 00:00:00+09:00,1013.335078125,1013.335078125,1009.66357421875,1009.66357421875,400,0.0,0.0
2018-10-11 00:00:00+09:00,1009.66357421875,1009.66357421875,1009.66357421875,1009.66357421875,0,0.0,0.0
2018-10-12 00:00:00+09:00,1009.66357421875,1009.66357421875,1009.66357421875,1009.66357421875,0,0.0,0.0
2018-10-15 00:00:00+09:00,1007.8276977539062,1007.8276977539062,986.7165529011378,1007.8276977539062,1900,0.0,0.0
2018-10-16 00:00:00+09:00,988.5524171263307,1003.2384326082447,988.5524171263307,1002.320556640625,2400,0.0,0.0
2018-10-17 00:00:00+09:00,993.141806640625,1009.66357421875,993.141806640625,1009.66357421875,1700,0.0,0.0
2018-10-18 00:00:00+09:00,1009.6635816717016,1009.6635816717016,992.2239379882812,992.2239379882812,1400,0.0,0.0
2018-10-19 00:00:00+09:00,992.2239379882812,992.2239379882812,992.2239379882812,992.2239379882812,0,0.0,0.0
2018-10-22 00:00:00+09:00,992.2239306640624,1009.66357421875,992.2239306640624,1009.66357421875,700,0.0,0.0
2018-10-23 00:00:00+09:00,994.9775390625,1004.1562986479474,994.9775390625,994.9775390625,400,0.0,0.0
2018-10-24 00:00:00+09:00,994.977563499189,995.8954394802769,989.4703076126622,990.38818359375,1600,0.0,0.0
2018-10-25 00:00:00+09:00,983.0451276794938,999.56689453125,982.1272517432851,999.56689453125,3200,0.0,0.0
2018-10-26 00:00:00+09:00,1007.8278147427136,1007.8278147427136,981.2094116210938,981.2094116210938,2000,0.0,0.0
2018-10-29 00:00:00+09:00,981.2094116210938,1007.8278147427136,981.2094116210938,981.2094116210938,2300,0.0,0.0
2018-10-30 00:00:00+09:00,981.2093471142131,1000.4847412109375,972.9484639299026,1000.4847412109375,2500,0.0,0.0
2018-10-31 00:00:00+09:00,975.7021242063144,986.7166354861599,972.0306204463659,980.29150390625,2500,0.0,0.0
2018-11-01 00:00:00+09:00,980.29150390625,980.29150390625,980.29150390625,980.29150390625,0,0.0,0.0
2018-11-02 00:00:00+09:00,980.291552599117,994.0596923828125,969.2770407721607,994.0596923828125,3000,0.0,0.0
2018-11-05 00:00:00+09:00,991.3060151860955,1003.2384024059281,980.29150390625,980.29150390625,1500,0.0,0.0
2018-11-06 00:00:00+09:00,983.0451561397578,983.0451561397578,975.7021484375,975.7021484375,400,0.0,0.0
2018-11-07 00:00:00+09:00,975.7021484375,975.7021484375,975.7021484375,975.7021484375,0,0.0,0.0
2018-11-08 00:00:00+09:00,999.5668523152669,999.5668523152669,991.3059692382812,991.3059692382812,500,0.0,0.0
2018-11-09 00:00:00+09:00,995.8954419216329,995.8954419216329,992.2239379882812,992.2239379882812,300,0.0,0.0
2018-11-12 00:00:00+09:00,992.2239379882812,992.2239379882812,992.2239379882812,992.2239379882812,0,0.0,0.0
2018-11-13 00:00:00+09:00,992.2239379882812,992.2239379882812,992.2239379882812,992.2239379882812,0,0.0,0.0
2018-11-14 00:00:00+09:00,983.0450989329487,1000.4847412109375,966.5233325643277,1000.4847412109375,3200,0.0,0.0
2018-11-15 00:00:00+09:00,1000.4847412109375,1000.4847412109375,1000.4847412109375,1000.4847412109375,0,0.0,0.0
2018-11-16 00:00:00+09:00,999.5669884050396,999.5669884050396,963.7698235310299,977.5379638671875,2900,0.0,0.0
2018-11-19 00:00:00+09:00,977.5378531319755,977.5378531319755,962.851838437035,963.7697143554688,2300,0.0,0.0
2018-11-20 00:00:00+09:00,981.2094312559883,981.2094312559883,965.6055394586526,972.9485473632812,400,0.0,0.0
2018-11-21 00:00:00+09:00,981.2093798462371,981.2093798462371,980.29150390625,980.29150390625,500,0.0,0.0
2018-11-22 00:00:00+09:00,980.29150390625,980.29150390625,980.29150390625,980.29150390625,0,0.0,0.0
2018-11-23 00:00:00+09:00,980.29150390625,980.29150390625,980.29150390625,980.29150390625,0,0.0,0.0
2018-11-26 00:00:00+09:00,966.5233764648438,966.5233764648438,966.5233764648438,966.5233764648438,100,0.0,0.0
2018-11-27 00:00:00+09:00,966.5233764648438,966.5233764648438,966.5233764648438,966.5233764648438,0,0.0,0.0
2018-11-28 00:00:00+09:00,967.4411831009054,982.127197265625,967.4411831009054,982.127197265625,800,0.0,0.0
2018-11-29 00:00:00+09:00,985.7987378497456,986.7166137695312,985.7987378497456,986.7166137695312,200,0.0,0.0
2018-11-30 00:00:00+09:00,986.7166137695312,986.7166137695312,986.7166137695312,986.7166137695312,0,0.0,0.0
2018-12-03 00:00:00+09:00,994.0595837744597,994.0595837744597,982.127197265625,982.127197265625,400,0.0,0.0
2018-12-04 00:00:00+09:00,982.127197265625,982.127197265625,982.127197265625,982.127197265625,0,0.0,0.0
2018-12-05 00:00:00+09:00,981.2093992296313,985.7987790202284,963.7697560253629,972.0306396484375,2900,0.0,0.0
2018-12-06 00:00:00+09:00,972.0306713752027,974.7842993394383,963.7697874824955,972.9485473632812,2400,0.0,0.0
2018-12-07 00:00:00+09:00,972.0305976213729,972.0305976213729,963.7697143554688,963.7697143554688,1200,0.0,0.0
2018-12-10 00:00:00+09:00,963.7697143554688,963.7697143554688,963.7697143554688,963.7697143554688,0,0.0,0.0
2018-12-11 00:00:00+09:00,965.60546875,965.60546875,965.60546875,965.60546875,1100,0.0,0.0
2018-12-12 00:00:00+09:00,971.112795387124,972.9485473632812,969.2770434109669,972.9485473632812,300,0.0,0.0
2018-12-13 00:00:00+09:00,972.9485473632812,972.9485473632812,972.9485473632812,972.9485473632812,0,0.0,0.0
2018-12-14 00:00:00+09:00,968.3590965125951,968.3590965125951,965.60546875,965.60546875,500,0.0,0.0
2018-12-17 00:00:00+09:00,973.8663038120881,974.7841796875,972.0305520612642,974.7841796875,800,0.0,0.0
2018-12-18 00:00:00+09:00,974.7843239734523,975.7021999847267,968.3591918945312,968.3591918945312,900,0.0,0.0
2018-12-19 00:00:00+09:00,967.4412423603843,972.9484980094946,959.1803588867188,959.1803588867188,1500,0.0,0.0
2018-12-20 00:00:00+09:00,952.7552486619262,953.6731246240282,929.808349609375,929.808349609375,2700,0.0,0.0
2018-12-21 00:00:00+09:00,924.3010959817906,924.3010959817906,908.6972045898438,908.6972045898438,4500,0.0,0.0
2018-12-24 00:00:00+09:00,908.6972045898438,908.6972045898438,908.6972045898438,908.6972045898438,0,0.0,0.0
2018-12-25 00:00:00+09:00,871.9821198167921,871.9821198167921,807.7308057250284,808.648681640625,10000,0.0,0.0
2018-12-26 00:00:00+09:00,905.025712890625,917.8759765625,889.4218212890624,894.9290771484375,2000,0.0,0.0
2018-12-27 00:00:00+09:00,917.875923171906,934.3976897890003,909.6150398633589,923.3831787109375,1700,0.0,0.0
2018-12-28 00:00:00+09:00,925.2189891581633,944.494384765625,910.53297345724,944.494384765625,1700,0.0,0.0
2018-12-31 00:00:00+09:00,944.494384765625,944.494384765625,944.494384765625,944.494384765625,0,0.0,0.0
2019-01-04 00:00:00+09:00,918.7937894569529,960.0982055664064,918.7937894569529,960.0982055664062,1100,0.0,0.0
2019-01-07 00:00:00+09:00,972.9485351562499,972.9485351562499,940.8228759765625,940.8228759765625,1100,0.0,0.0
2019-01-08 00:00:00+09:00,940.8228759765625,940.8228759765625,940.8228759765625,940.8228759765625,0,0.0,0.0
2019-01-09 00:00:00+09:00,969.2770062196602,969.2770062196602,943.5764795395935,945.4122314453125,700,0.0,0.0
2019-01-10 00:00:00+09:00,945.4122416656868,976.6200244002822,945.4122416656868,975.7021484375,600,0.0,0.0
2019-01-11 00:00:00+09:00,948.1658642767014,949.083740234375,948.1658642767014,949.083740234375,300,0.0,0.0
2019-01-15 00:00:00+09:00,949.083740234375,949.083740234375,949.083740234375,949.083740234375,0,0.0,0.0
2019-01-16 00:00:00+09:00,953.6730690514972,956.4266967773438,953.6730690514972,956.4266967773438,200,0.0,0.0
2019-01-17 00:00:00+09:00,966.5233421107702,967.4412180292039,963.7697143554688,963.7697143554688,300,0.0,0.0
2019-01-18 00:00:00+09:00,963.7697143554688,963.7697143554688,963.7697143554688,963.7697143554688,0,0.0,0.0
2019-01-21 00:00:00+09:00,949.083740234375,977.5378949222527,941.7407325729871,949.083740234375,2000,0.0,0.0
2019-01-22 00:00:00+09:00,949.083740234375,949.083740234375,949.083740234375,949.083740234375,0,0.0,0.0
2019-01-23 00:00:00+09:00,945.412243769719,954.5910034179688,945.412243769719,954.5910034179688,700,0.0,0.0
2019-01-24 00:00:00+09:00,951.8373223445157,960.0982055664064,951.8373223445157,960.0982055664062,600,0.0,0.0
2019-01-25 00:00:00+09:00,960.0982055664064,960.0982055664064,960.0982055664064,960.0982055664062,0,0.0,0.0
2019-01-28 00:00:00+09:00,945.4121516743173,974.7841796875,945.4121516743173,974.7841796875,1000,0.0,0.0
2019-01-29 00:00:00+09:00,974.7841796875,974.7841796875,974.7841796875,974.7841796875,0,0.0,0.0
2019-01-30 00:00:00+09:00,947.247929989141,969.2769516167954,945.4121781868364,950.91943359375,1100,0.0,0.0
2019-01-31 00:00:00+09:00,950.91943359375,950.91943359375,950.91943359375,950.91943359375,0,0.0,0.0
2019-02-01 00:00:00+09:00,945.4121959867932,963.7697143554688,941.740692313058,963.7697143554688,1300,0.0,0.0
2019-02-04 00:00:00+09:00,963.7697143554688,963.7697143554688,963.7697143554688,963.7697143554688,0,0.0,0.0
2019-02-05 00:00:00+09:00,963.7697143554688,963.7697143554688,963.7697143554688,963.7697143554688,0,0.0,0.0
2019-02-06 00:00:00+09:00,972.9485473632812,972.9485473632812,972.9485473632812,972.9485473632812,400,0.0,0.0
2019-02-07 00:00:00+09:00,972.9485473632812,972.9485473632812,972.9485473632812,972.9485473632812,0,0.0,0.0
2019-02-08 00:00:00+09:00,941.7406948075095,965.60546875,941.7406948075095,965.60546875,300,0.0,0.0
2019-02-12 00:00:00+09:00,948.165845101083,957.3446044921875,948.165845101083,957.3446044921875,500,0.0,0.0
2019-02-13 00:00:00+09:00,957.3446362374843,959.1803881765783,957.3446362374843,958.2625122070312,600,0.0,0.0
2019-02-14 00:00:00+09:00,950.9194283892017,950.9194283892017,946.3300489085589,947.2479248046875,600,0.0,0.0
2019-02-15 00:00:00+09:00,947.2479248046875,947.2479248046875,947.2479248046875,947.2479248046875,0,0.0,0.0
2019-02-18 00:00:00+09:00,947.2479248046875,947.2479248046875,947.2479248046875,947.2479248046875,0,0.0,0.0
2019-02-19 00:00:00+09:00,950.0015843733928,953.6730880811161,948.1658325195312,948.1658325195312,1000,0.0,0.0
2019-02-20 00:00:00+09:00,956.4267335616643,961.01611328125,949.0837260103272,961.01611328125,700,0.0,0.0
2019-02-21 00:00:00+09:00,980.2915163624043,989.4702758789062,972.9485087492028,989.4702758789062,1500,0.0,0.0
2019-02-22 00:00:00+09:00,989.4702758789062,989.4702758789062,989.4702758789062,989.4702758789062,0,0.0,0.0
2019-02-25 00:00:00+09:00,994.97755859375,994.97755859375,934.3977441406249,940.8228759765625,16400,0.0,0.0
2019-02-26 00:00:00+09:00,954.5909640080469,967.4412269850783,934.397693615569,948.1658325195312,4600,0.0,0.0
2019-02-27 00:00:00+09:00,948.1658956851599,972.9485473632812,948.1658956851599,972.9485473632812,1300,0.0,0.0
2019-02-28 00:00:00+09:00,950.9194729184144,981.2093789090588,950.9194729184144,957.3446044921875,1300,0.0,0.0
2019-03-01 00:00:00+09:00,971.1127486643386,971.1127486643386,961.01611328125,961.01611328125,1400,0.0,0.0
2019-03-04 00:00:00+09:00,962.8519287109375,962.8519287109375,962.8519287109375,962.8519287109375,100,0.0,0.0
2019-03-05 00:00:00+09:00,962.8519287109375,962.8519287109375,962.8519287109375,962.8519287109375,0,0.0,0.0
2019-03-06 00:00:00+09:00,972.9484648199536,979.3735961914062,968.3590852689161,979.3735961914062,700,0.0,0.0
2019-03-07 00:00:00+09:00,979.3736066809745,1045.4606729237394,977.5378548408977,1030.774658203125,4600,0.0,0.0
2019-03-08 00:00:00+09:00,1003.2383894172192,1005.0741412734264,971.1127319335938,971.1127319335938,4100,0.0,0.0
2019-03-11 00:00:00+09:00,971.1127319335938,971.1127319335938,971.1127319335938,971.1127319335938,0,0.0,0.0
2019-03-12 00:00:00+09:00,1000.4847282127098,1000.4847282127098,991.3059692382812,991.3059692382812,300,0.0,0.0
2019-03-13 00:00:00+09:00,988.5523415459527,991.3059692382812,987.6344656485098,991.3059692382812,700,0.0,0.0
2019-03-14 00:00:00+09:00,991.3060620049433,992.2239379882812,991.3060620049433,992.2239379882812,500,0.0,0.0
2019-03-15 00:00:00+09:00,991.3059453305011,995.8953247070312,991.3059453305011,995.8953247070312,700,0.0,0.0
2019-03-18 00:00:00+09:00,995.8953247070312,995.8953247070312,995.8953247070312,995.8953247070312,0,0.0,0.0
2019-03-19 00:00:00+09:00,1006.9098725765124,1007.8277484858802,1000.4847412109375,1000.4847412109375,500,0.0,0.0
2019-03-20 00:00:00+09:00,1004.1562892487653,1010.5814208984375,1000.4847854489526,1010.5814208984375,1900,0.0,0.0
2019-03-22 00:00:00+09:00,1011.4993459000486,1013.335097888978,1000.4848339664728,1001.4027099609375,1500,0.0,0.0
2019-03-25 00:00:00+09:00,1009.6635374304367,1017.9244209185039,1000.4847779992509,1005.0741577148438,3400,0.0,0.0
2019-03-26 00:00:00+09:00,1019.7602148747098,1019.7602148747098,1003.2384472169738,1013.3350830078125,3900,0.0,0.0
2019-03-27 00:00:00+09:00,944.4584849585557,971.8204190882241,943.5149699885671,967.1028442382812,11700,30.0,0.0
2019-03-28 00:00:00+09:00,967.1028347052853,967.1028347052853,955.7806551770284,960.4982299804688,900,0.0,0.0
2019-03-29 00:00:00+09:00,973.7074605082418,973.7074605082418,944.45849609375,944.45849609375,800,0.0,0.0
2019-04-01 00:00:00+09:00,944.4584900693428,955.7806697704738,943.5149750942485,946.3455200195312,1600,0.0,0.0
2019-04-02 00:00:00+09:00,952.9501435796536,959.5547485351562,952.9501435796536,959.5547485351562,700,0.0,0.0
2019-04-03 00:00:00+09:00,944.4585174925298,952.9501525149402,944.4585174925298,947.2890625,300,0.0,0.0
2019-04-04 00:00:00+09:00,951.0630493164062,951.0630493164062,951.0630493164062,951.0630493164062,100,0.0,0.0
2019-04-05 00:00:00+09:00,951.0630493164062,951.0630493164062,951.0630493164062,951.0630493164062,100,0.0,0.0
2019-04-08 00:00:00+09:00,945.4020267955043,968.04638671875,944.4585117987025,968.04638671875,900,0.0,0.0
2019-04-09 00:00:00+09:00,968.04638671875,968.04638671875,968.04638671875,968.04638671875,0,0.0,0.0
2019-04-10 00:00:00+09:00,952.006591796875,952.006591796875,952.006591796875,952.006591796875,100,0.0,0.0
2019-04-11 00:00:00+09:00,952.006591796875,952.006591796875,952.006591796875,952.006591796875,100,0.0,0.0
2019-04-12 00:00:00+09:00,954.8371030901918,954.8371030901918,952.9500732421875,952.9500732421875,400,0.0,0.0
2019-04-15 00:00:00+09:00,951.0630863219734,958.6112060546875,951.0630863219734,958.6112060546875,300,0.0,0.0
2019-04-16 00:00:00+09:00,943.5149996151478,957.667724609375,943.5149996151478,957.667724609375,2100,0.0,0.0
2019-04-17 00:00:00+09:00,958.6112060546875,960.498235987866,958.6112060546875,958.6112060546875,500,0.0,0.0
2019-04-18 00:00:00+09:00,958.6112363902523,959.5547513866993,949.1760864257812,949.1760864257812,500,0.0,0.0
2019-04-19 00:00:00+09:00,952.9500732421875,952.9500732421875,946.3454687741723,952.9500732421875,400,0.0,0.0
2019-04-22 00:00:00+09:00,943.5149571822349,952.9501067540572,943.5149571822349,952.006591796875,800,0.0,0.0
2019-04-23 00:00:00+09:00,951.0631009615385,951.0631009615385,943.5149811126373,944.45849609375,600,0.0,0.0
2019-04-24 00:00:00+09:00,943.5149964470987,949.1760864257812,942.5714814506516,949.1760864257812,2000,0.0,0.0
2019-04-25 00:00:00+09:00,950.1195343865289,952.950079176161,950.1195343865289,951.0630493164062,1200,0.0,0.0
2019-04-26 00:00:00+09:00,953.8936798095702,953.8936798095702,943.5150146484375,943.5150146484375,700,0.0,0.0
2019-05-07 00:00:00+09:00,943.5149811126373,944.45849609375,943.5149811126373,944.45849609375,600,0.0,0.0
2019-05-08 00:00:00+09:00,944.4584409849302,952.0065603934012,942.5714111328125,942.5714111328125,900,0.0,0.0
2019-05-09 00:00:00+09:00,952.9500732421875,957.6676478621984,952.9500732421875,952.9500732421875,600,0.0,0.0
2019-05-10 00:00:00+09:00,952.9501092027805,952.9501092027805,941.6279296875,941.6279296875,600,0.0,0.0
2019-05-13 00:00:00+09:00,952.9500753194601,952.9500753194601,942.5714111328125,942.5714111328125,500,0.0,0.0
2019-05-14 00:00:00+09:00,941.6279538549558,941.6279538549558,934.079833984375,934.079833984375,1700,0.0,0.0
2019-05-15 00:00:00+09:00,948.2325526206723,948.2325526206723,935.9668579101562,935.9668579101562,300,0.0,0.0
2019-05-16 00:00:00+09:00,935.9668518926056,937.8538818359375,935.9668518926056,937.8538818359375,200,0.0,0.0
2019-05-17 00:00:00+09:00,937.8539245605468,943.5150146484375,935.96689453125,943.5150146484375,500,0.0,0.0
2019-05-20 00:00:00+09:00,943.5149716659331,943.5149716659331,937.8538818359375,937.8538818359375,400,0.0,0.0
2019-05-21 00:00:00+09:00,937.8538365025181,943.5149260588713,937.8538365025181,942.5714111328125,300,0.0,0.0
2019-05-22 00:00:00+09:00,938.7973823963237,952.006591796875,938.7973823963237,952.006591796875,300,0.0,0.0
2019-05-23 00:00:00+09:00,952.006591796875,952.006591796875,952.006591796875,952.006591796875,200,0.0,0.0
2019-05-24 00:00:00+09:00,960.4981986151802,960.4981986151802,938.7973552280002,951.0630493164062,900,0.0,0.0
2019-05-27 00:00:00+09:00,954.8371948242187,954.8371948242187,943.5150146484375,943.5150146484375,700,0.0,0.0
2019-05-28 00:00:00+09:00,943.5149716659331,944.4584866375991,937.8538818359375,937.8538818359375,1500,0.0,0.0
2019-05-29 00:00:00+09:00,939.7408722750282,940.6843872070312,939.7408722750282,940.6843872070312,300,0.0,0.0
2019-05-30 00:00:00+09:00,934.0798124643807,934.0798124643807,931.249267578125,931.249267578125,2200,0.0,0.0
2019-05-31 00:00:00+09:00,931.2492519774894,937.8538566014432,926.5316772460938,926.5316772460938,1100,0.0,0.0
2019-06-03 00:00:00+09:00,924.6446496745463,938.7973739042587,907.6613805988914,916.1530151367188,1900,0.0,0.0
2019-06-04 00:00:00+09:00,929.3622101634802,930.3057250976562,924.6446354925995,930.3057250976562,800,0.0,0.0
2019-06-05 00:00:00+09:00,930.3057740490846,936.9103789358428,925.5881991299716,934.079833984375,800,0.0,0.0
2019-06-06 00:00:00+09:00,935.0233764648438,935.0233764648438,935.0233764648438,935.0233764648438,100,0.0,0.0
2019-06-07 00:00:00+09:00,935.023297615013,940.6843872070312,924.6446333629796,940.6843872070312,500,0.0,0.0
2019-06-10 00:00:00+09:00,940.6843812806948,942.5714111328125,940.6843812806948,942.5714111328125,800,0.0,0.0
2019-06-11 00:00:00+09:00,943.5149681749683,944.4584831431432,923.7011538432939,929.3622436523438,1600,0.0,0.0
2019-06-12 00:00:00+09:00,934.0798279546922,937.8538878656202,934.0798279546922,935.9668579101562,300,0.0,0.0
2019-06-13 00:00:00+09:00,938.79736328125,938.79736328125,938.79736328125,938.79736328125,300,0.0,0.0
2019-06-14 00:00:00+09:00,938.79736328125,938.79736328125,938.79736328125,938.79736328125,0,0.0,0.0
2019-06-17 00:00:00+09:00,938.7973776058275,938.7973776058275,924.6446533203125,924.6446533203125,1500,0.0,0.0
2019-06-18 00:00:00+09:00,938.7974395751953,943.5150146484375,938.7974395751953,943.5150146484375,1300,0.0,0.0
2019-06-19 00:00:00+09:00,940.6844388711332,940.6844388711332,934.079833984375,934.079833984375,300,0.0,0.0
2019-06-20 00:00:00+09:00,934.079833984375,934.079833984375,934.079833984375,934.079833984375,0,0.0,0.0
2019-06-21 00:00:00+09:00,925.5881622998147,926.5316772460938,924.6446473535356,926.5316772460938,400,0.0,0.0
2019-06-24 00:00:00+09:00,940.6843953946742,940.6843953946742,928.418701171875,928.418701171875,300,0.0,0.0
2019-06-25 00:00:00+09:00,943.5150115689645,943.5150115689645,935.0233764648438,935.0233764648438,900,0.0,0.0
2019-06-26 00:00:00+09:00,943.5150146484375,943.5150146484375,943.5150146484375,943.5150146484375,700,0.0,0.0
2019-06-27 00:00:00+09:00,943.5149260588713,943.5149260588713,942.5714111328125,942.5714111328125,200,0.0,0.0
2019-06-28 00:00:00+09:00,942.5714111328125,942.5714111328125,942.5714111328125,942.5714111328125,0,0.0,0.0
2019-07-01 00:00:00+09:00,938.7973692433952,938.7973692433952,936.9103393554688,936.9103393554688,700,0.0,0.0
2019-07-02 00:00:00+09:00,941.6279296875,941.6279296875,941.6279296875,941.6279296875,100,0.0,0.0
2019-07-03 00:00:00+09:00,938.7974395751953,943.5150146484375,935.0233795166015,943.5150146484375,400,0.0,0.0
2019-07-04 00:00:00+09:00,945.4019895259269,945.4019895259269,936.9103548894664,941.6279296875,400,0.0,0.0
2019-07-05 00:00:00+09:00,941.6279296875,941.6279296875,941.6279296875,941.6279296875,2300,0.0,0.0
2019-07-08 00:00:00+09:00,943.5150146484375,943.5150146484375,943.5150146484375,943.5150146484375,300,0.0,0.0
2019-07-09 00:00:00+09:00,942.5714566942672,942.5714566942672,937.8538818359375,937.8538818359375,200,0.0,0.0
2019-07-10 00:00:00+09:00,936.9103334053078,938.79736328125,935.9668184673367,938.79736328125,700,0.0,0.0
2019-07-11 00:00:00+09:00,942.5714814506516,949.1760864257812,942.5714814506516,949.1760864257812,500,0.0,0.0
2019-07-12 00:00:00+09:00,949.1760864257812,949.1760864257812,949.1760864257812,949.1760864257812,0,0.0,0.0
2019-07-16 00:00:00+09:00,948.2325897216797,948.2325897216797,943.5150146484375,943.5150146484375,200,0.0,0.0
2019-07-17 00:00:00+09:00,952.9501525149402,952.9501525149402,947.2890625,947.2890625,500,0.0,0.0
2019-07-18 00:00:00+09:00,941.6279846191405,943.5150146484375,936.9104095458983,943.5150146484375,900,0.0,0.0
2019-07-19 00:00:00+09:00,937.853918505762,956.724218676904,929.362283428748,945.4020385742188,2200,0.0,0.0
2019-07-22 00:00:00+09:00,945.4019990380131,957.6676936363107,945.4019990380131,948.2325439453125,700,0.0,0.0
2019-07-23 00:00:00+09:00,956.7241975224639,965.2158324117165,953.8936525593796,961.4417724609375,1300,0.0,0.0
2019-07-24 00:00:00+09:00,954.8371461883305,958.6112060546875,948.2325414222057,958.6112060546875,1100,0.0,0.0
2019-07-25 00:00:00+09:00,962.3852935160859,962.3852935160859,947.2890536177944,959.5547485351562,5900,0.0,0.0
2019-07-26 00:00:00+09:00,964.2722544321665,964.2722544321665,942.5714111328125,942.5714111328125,3700,0.0,0.0
2019-07-29 00:00:00+09:00,924.6446533203125,924.6446533203125,920.8705935108418,924.6446533203125,4400,0.0,0.0
2019-07-30 00:00:00+09:00,925.5882051290288,932.1928100585938,925.5882051290288,932.1928100585938,600,0.0,0.0
2019-07-31 00:00:00+09:00,934.0798428554008,934.0798428554008,921.8141479492188,921.8141479492188,600,0.0,0.0
2019-08-01 00:00:00+09:00,918.9835815429688,928.4187312508021,918.0400665721854,918.9835815429688,1200,0.0,0.0
2019-08-02 00:00:00+09:00,918.9835815429688,918.9835815429688,918.9835815429688,918.9835815429688,100,0.0,0.0
2019-08-05 00:00:00+09:00,918.9835815429688,918.9835815429688,918.9835815429688,918.9835815429688,200,0.0,0.0
2019-08-06 00:00:00+09:00,918.0400786409673,919.9271086073413,915.2095336914062,915.2095336914062,1200,0.0,0.0
2019-08-07 00:00:00+09:00,916.1530114568444,916.1530114568444,907.661376953125,907.661376953125,300,0.0,0.0
2019-08-08 00:00:00+09:00,930.3057333151336,930.3057333151336,917.0965241199897,918.0400390625,400,0.0,0.0
2019-08-09 00:00:00+09:00,932.1927632001541,932.1927632001541,918.0400390625,918.0400390625,300,0.0,0.0
2019-08-13 00:00:00+09:00,922.7576535569024,922.7576535569024,915.2095336914062,915.2095336914062,500,0.0,0.0
2019-08-14 00:00:00+09:00,915.2095336914062,915.2095336914062,915.2095336914062,915.2095336914062,300,0.0,0.0
2019-08-15 00:00:00+09:00,929.3622462215855,929.3622462215855,916.1530366306188,918.9835815429688,700,0.0,0.0
2019-08-16 00:00:00+09:00,929.3622352126126,942.5714446471067,929.3622352126126,941.6279296875,800,0.0,0.0
2019-08-19 00:00:00+09:00,929.3622352126126,941.6279296875,929.3622352126126,941.6279296875,200,0.0,0.0
2019-08-20 00:00:00+09:00,941.6279296875,941.6279296875,941.6279296875,941.6279296875,0,0.0,0.0
2019-08-21 00:00:00+09:00,939.7409057617188,939.7409057617188,939.7409057617188,939.7409057617188,200,0.0,0.0
2019-08-22 00:00:00+09:00,935.023297615013,941.6279021390343,935.023297615013,940.6843872070312,600,0.0,0.0
2019-08-23 00:00:00+09:00,942.571499633789,943.5150146484375,942.571499633789,943.5150146484375,800,0.0,0.0
2019-08-26 00:00:00+09:00,942.5714435226347,942.5714435226347,922.7576293945312,922.7576293945312,3300,0.0,0.0
2019-08-27 00:00:00+09:00,939.7409576632015,939.7409576632015,924.6447173794553,933.1363525390625,1600,0.0,0.0
2019-08-28 00:00:00+09:00,923.7011287175616,924.6446436600719,918.0400390625,918.0400390625,1600,0.0,0.0
2019-08-29 00:00:00+09:00,918.0400390625,918.0400390625,918.0400390625,918.0400390625,0,0.0,0.0
2019-08-30 00:00:00+09:00,918.0400546021257,922.7576293945312,918.0400546021257,922.7576293945312,300,0.0,0.0
2019-09-02 00:00:00+09:00,922.7576293945312,922.7576293945312,922.7576293945312,922.7576293945312,0,0.0,0.0
2019-09-03 00:00:00+09:00,916.1530211205576,916.1530211205576,914.2659912109375,914.2659912109375,1800,0.0,0.0
2019-09-04 00:00:00+09:00,915.2095181954339,917.0965481298574,910.491943359375,910.491943359375,1300,0.0,0.0
2019-09-05 00:00:00+09:00,918.0400908096976,918.0400908096976,910.4919708441503,911.4354858398438,700,0.0,0.0
2019-09-06 00:00:00+09:00,920.8705935108418,924.6446533203125,911.4354439871652,924.6446533203125,1700,0.0,0.0
2019-09-09 00:00:00+09:00,919.9270689475205,919.9270689475205,918.0400390625,918.0400390625,400,0.0,0.0
2019-09-10 00:00:00+09:00,925.588210775245,928.4187557623253,911.4354858398438,911.4354858398438,1100,0.0,0.0
2019-09-11 00:00:00+09:00,913.3225037250322,927.4752284728374,913.3225037250322,915.2095336914062,400,0.0,0.0
2019-09-12 00:00:00+09:00,931.2492950686559,932.1928100585938,931.2492950686559,932.1928100585938,500,0.0,0.0
2019-09-13 00:00:00+09:00,932.1928040167298,934.079833984375,929.362259065262,934.079833984375,700,0.0,0.0
2019-09-17 00:00:00+09:00,934.0798159679736,939.7409057617188,934.0798159679736,939.7409057617188,300,0.0,0.0
2019-09-18 00:00:00+09:00,939.7409299780965,939.7409299780965,932.1928100585938,932.1928100585938,200,0.0,0.0
2019-09-19 00:00:00+09:00,932.1928100585938,932.1928100585938,932.1928100585938,932.1928100585938,1200,0.0,0.0
2019-09-20 00:00:00+09:00,928.4187500988423,932.1928100585938,928.4187500988423,932.1928100585938,1200,0.0,0.0
2019-09-24 00:00:00+09:00,932.1927469461649,942.5714111328125,932.1927469461649,942.5714111328125,500,0.0,0.0
2019-09-25 00:00:00+09:00,942.5714170710373,942.5714170710373,935.023297615013,940.6843872070312,900,0.0,0.0
2019-09-26 00:00:00+09:00,941.6279599579722,941.6279599579722,932.1928100585938,932.1928100585938,800,0.0,0.0
2019-09-27 00:00:00+09:00,933.1362677510069,941.6279021390343,933.1362677510069,940.6843872070312,500,0.0,0.0
2019-09-30 00:00:00+09:00,926.5317474149235,933.1363525390625,926.5317474149235,933.1363525390625,1200,0.0,0.0
2019-10-01 00:00:00+09:00,933.1363525390625,933.1363525390625,933.1363525390625,933.1363525390625,0,0.0,0.0
2019-10-02 00:00:00+09:00,928.4187380883001,935.9668579101562,928.4187380883001,935.9668579101562,200,0.0,0.0
2019-10-03 00:00:00+09:00,935.9668267088849,935.9668267088849,926.5316772460938,926.5316772460938,300,0.0,0.0
2019-10-04 00:00:00+09:00,935.9668612637362,952.9501309237637,935.9668612637362,944.45849609375,2800,0.0,0.0
2019-10-07 00:00:00+09:00,946.3455596923827,948.2325897216797,943.5150146484375,943.5150146484375,400,0.0,0.0
2019-10-08 00:00:00+09:00,945.4020385742188,945.4020385742188,945.4020385742188,945.4020385742188,200,0.0,0.0
2019-10-09 00:00:00+09:00,944.4584900693428,947.2890349946256,944.4584900693428,946.3455200195312,500,0.0,0.0
2019-10-10 00:00:00+09:00,948.232534404747,949.1760493643536,941.6279296875,941.6279296875,1100,0.0,0.0
2019-10-11 00:00:00+09:00,941.6279296875,941.6279296875,941.6279296875,941.6279296875,100,0.0,0.0
2019-10-15 00:00:00+09:00,944.4585235656617,949.1760986084472,944.4585235656617,945.4020385742188,800,0.0,0.0
2019-10-16 00:00:00+09:00,949.176064944814,949.176064944814,946.3455200195312,946.3455200195312,300,0.0,0.0
2019-10-17 00:00:00+09:00,946.3455535827759,946.3455535827759,945.4020385742188,945.4020385742188,400,0.0,0.0
2019-10-18 00:00:00+09:00,949.1760529079646,950.1195678710938,946.345508018577,950.1195678710938,1700,0.0,0.0
2019-10-21 00:00:00+09:00,952.0066406611512,955.7807006835938,952.0066406611512,955.7807006835938,1200,0.0,0.0
2019-10-23 00:00:00+09:00,956.7242067571271,970.8769317091557,956.7242067571271,968.04638671875,1800,0.0,0.0
2019-10-24 00:00:00+09:00,968.0463592082698,968.0463592082698,965.2158142983042,967.1028442382812,300,0.0,0.0
2019-10-25 00:00:00+09:00,967.102845114384,985.97314453125,967.102845114384,985.97314453125,2200,0.0,0.0
2019-10-28 00:00:00+09:00,994.4647887487375,994.4647887487375,984.0861239705249,992.5777587890625,1500,0.0,0.0
2019-10-29 00:00:00+09:00,994.464837623365,996.3518676757812,992.5778075709488,996.3518676757812,1000,0.0,0.0
2019-10-30 00:00:00+09:00,998.2388126688792,1005.7869322353736,998.2388126688792,1003.89990234375,600,0.0,0.0
2019-10-31 00:00:00+09:00,1004.843472307216,1010.5045622920454,1004.843472307216,1005.7869873046875,1600,0.0,0.0
2019-11-01 00:00:00+09:00,1005.7869784803275,1018.0526733398438,1005.7869784803275,1018.0526733398438,700,0.0,0.0
2019-11-05 00:00:00+09:00,1020.8832489384794,1020.8832489384794,1007.6740386934343,1008.6175537109375,1100,0.0,0.0
2019-11-06 00:00:00+09:00,1023.7138064388938,1023.7138064388938,1001.0694457434713,1004.843505859375,700,0.0,0.0
2019-11-07 00:00:00+09:00,1004.8434304131401,1018.9961547851562,1004.8434304131401,1018.9961547851562,400,0.0,0.0
2019-11-08 00:00:00+09:00,1004.8434304131401,1018.9961547851562,1004.8434304131401,1018.9961547851562,400,0.0,0.0
2019-11-11 00:00:00+09:00,1012.3915168134071,1019.9396362304688,1012.3915168134071,1019.9396362304688,400,0.0,0.0
2019-11-12 00:00:00+09:00,1012.3915168134071,1019.9396362304688,1012.3915168134071,1019.9396362304688,400,0.0,0.0
2019-11-13 00:00:00+09:00,1020.8831393334174,1023.7136840820312,1012.3915050875756,1023.7136840820312,1600,0.0,0.0
2019-11-14 00:00:00+09:00,1023.7137295758282,1023.7137295758282,1018.9961547851562,1018.9961547851562,400,0.0,0.0
2019-11-15 00:00:00+09:00,1019.9396697432906,1019.9396697432906,1012.3915500782153,1018.9961547851562,700,0.0,0.0
2019-11-18 00:00:00+09:00,1022.770181011867,1022.770181011867,1017.1090914490707,1019.9396362304688,1600,0.0,0.0
2019-11-19 00:00:00+09:00,1023.7137295758282,1023.7137295758282,1018.9961547851562,1018.9961547851562,600,0.0,0.0
2019-11-20 00:00:00+09:00,1005.7869453712746,1018.9961547851562,1000.1258556224682,1018.9961547851562,1000,0.0,0.0
2019-11-21 00:00:00+09:00,1005.7869453712746,1018.9961547851562,1000.1258556224682,1018.9961547851562,1000,0.0,0.0
2019-11-22 00:00:00+09:00,1001.0694123173297,1005.7869873046875,1000.1258973198582,1005.7869873046875,1200,0.0,0.0
2019-11-25 00:00:00+09:00,1023.7137970367036,1023.7137970367036,1013.33513181329,1017.1091918945312,900,0.0,0.0
2019-11-26 00:00:00+09:00,1017.109136872132,1017.109136872132,1004.8434422716332,1015.2221069335938,2300,0.0,0.0
2019-11-27 00:00:00+09:00,1001.0693969726562,1001.0693969726562,1001.0693969726562,1001.0693969726562,500,0.0,0.0
2019-11-28 00:00:00+09:00,1004.8434754837391,1014.2786254882812,1004.8434754837391,1014.2786254882812,200,0.0,0.0
2019-11-29 00:00:00+09:00,1004.8434754837391,1014.2786254882812,1004.8434754837391,1014.2786254882812,200,0.0,0.0
2019-12-02 00:00:00+09:00,1017.1090875881821,1017.1090875881821,1011.447998046875,1011.447998046875,700,0.0,0.0
2019-12-03 00:00:00+09:00,1004.843505859375,1004.843505859375,1004.843505859375,1004.843505859375,200,0.0,0.0
2019-12-04 00:00:00+09:00,1004.843505859375,1004.843505859375,1004.843505859375,1004.843505859375,200,0.0,0.0
2019-12-05 00:00:00+09:00,1005.7869873046875,1005.7869873046875,1005.7869873046875,1005.7869873046875,100,0.0,0.0
2019-12-06 00:00:00+09:00,1014.2785919643246,1015.2221069335938,1014.2785919643246,1015.2221069335938,800,0.0,0.0
2019-12-09 00:00:00+09:00,1019.9396697432906,1019.9396697432906,1018.9961547851562,1018.9961547851562,600,0.0,0.0
2019-12-10 00:00:00+09:00,1019.9396362304688,1019.9396362304688,1019.9396362304688,1019.9396362304688,2000,0.0,0.0
2019-12-11 00:00:00+09:00,1019.9397033182308,1019.9397033182308,1016.1656433614567,1018.0526733398438,300,0.0,0.0
2019-12-12 00:00:00+09:00,1016.1656647010562,1021.8267547551012,1014.2786346830413,1020.8832397460938,1100,0.0,0.0
2019-12-13 00:00:00+09:00,1010.5045166015625,1020.883181104473,1009.5610016467524,1010.5045166015625,900,0.0,0.0
2019-12-16 00:00:00+09:00,1010.5045590432273,1010.5045590432273,997.2953491210938,997.2953491210938,2300,0.0,0.0
2019-12-17 00:00:00+09:00,1006.73046875,1008.6174986820525,1003.8999238519214,1006.73046875,500,0.0,0.0
2019-12-18 00:00:00+09:00,1012.3915129704262,1012.3915129704262,1007.6739383526702,1011.447998046875,600,0.0,0.0
2019-12-19 00:00:00+09:00,1011.448077289517,1011.448077289517,1001.0694123173297,1005.7869873046875,1600,0.0,0.0
2019-12-20 00:00:00+09:00,1012.391580114632,1012.391580114632,1009.56103515625,1009.56103515625,1400,0.0,0.0
2019-12-23 00:00:00+09:00,1007.6740295065324,1009.561059524335,1002.012939453125,1002.012939453125,2100,0.0,0.0
2019-12-24 00:00:00+09:00,996.3518493997175,1002.012939453125,996.3518493997175,1002.012939453125,1400,0.0,0.0
2019-12-25 00:00:00+09:00,992.5778075709488,1002.01295783303,992.5778075709488,996.3518676757812,1200,0.0,0.0
2019-12-26 00:00:00+09:00,1007.6740509463028,1007.6740509463028,1004.843505859375,1004.843505859375,400,0.0,0.0
2019-12-27 00:00:00+09:00,1007.6740509463028,1007.6740509463028,1004.843505859375,1004.843505859375,400,0.0,0.0
2019-12-30 00:00:00+09:00,995.4082678314438,1004.8434172895618,995.4082678314438,1003.89990234375,1400,0.0,0.0
2020-01-06 00:00:00+09:00,1002.0129152672313,1016.1656400591413,1002.0129152672313,1009.56103515625,1300,0.0,0.0
2020-01-07 00:00:00+09:00,1014.2786006263597,1014.2786006263597,998.2388460118033,1002.9564208984375,1000,0.0,0.0
2020-01-08 00:00:00+09:00,1001.0693007839805,1012.3914794921875,1001.0693007839805,1012.3914794921875,500,0.0,0.0
2020-01-09 00:00:00+09:00,1000.1257934570312,1000.1257934570312,1000.1257934570312,1000.1257934570312,500,0.0,0.0
2020-01-10 00:00:00+09:00,1000.1257934570312,1000.1257934570312,1000.1257934570312,1000.1257934570312,500,0.0,0.0
2020-01-14 00:00:00+09:00,1018.9961883290373,1018.9961883290373,1002.9564335127469,1018.0526733398438,800,0.0,0.0
2020-01-15 00:00:00+09:00,1017.1090875881821,1017.1090875881821,1009.5609681997727,1011.447998046875,800,0.0,0.0
2020-01-16 00:00:00+09:00,1008.6175201701226,1009.56103515625,1005.7869752117406,1009.56103515625,1200,0.0,0.0
2020-01-17 00:00:00+09:00,1008.6175201701226,1009.56103515625,1005.7869752117406,1009.56103515625,1200,0.0,0.0
2020-01-20 00:00:00+09:00,1013.3350398031514,1013.3350398031514,1005.7869203260329,1007.6739501953125,2800,0.0,0.0
2020-01-21 00:00:00+09:00,1007.6739717371323,1010.5045166015625,1007.6739717371323,1010.5045166015625,400,0.0,0.0
2020-01-22 00:00:00+09:00,1007.6739717371323,1010.5045166015625,1007.6739717371323,1010.5045166015625,400,0.0,0.0
2020-01-23 00:00:00+09:00,1004.8434388179476,1006.73046875,1004.8434388179476,1006.73046875,200,0.0,0.0
2020-01-24 00:00:00+09:00,1005.787020888351,1005.787020888351,1004.843505859375,1004.843505859375,1300,0.0,0.0
2020-01-27 00:00:00+09:00,1000.1258411626707,1000.1258411626707,983.1425721617951,985.0296020507812,3100,0.0,0.0
2020-01-28 00:00:00+09:00,988.8037262397613,993.5213012695312,988.8037262397613,993.5213012695312,500,0.0,0.0
2020-01-29 00:00:00+09:00,988.8037262397613,993.5213012695312,988.8037262397613,993.5213012695312,500,0.0,0.0
2020-01-30 00:00:00+09:00,982.1990631747841,990.6906977267274,982.1990631747841,983.142578125,500,0.0,0.0
2020-01-31 00:00:00+09:00,982.1990631747841,990.6906977267274,982.1990631747841,983.142578125,500,0.0,0.0
2020-02-03 00:00:00+09:00,983.142578125,983.142578125,977.4814884237044,983.142578125,1200,0.0,0.0
2020-02-04 00:00:00+09:00,977.4815217676813,987.8601865740949,977.4815217676813,982.1990966796875,900,0.0,0.0
2020-02-05 00:00:00+09:00,987.8601987686083,987.8601987686083,976.5380188400283,978.425048828125,3300,0.0,0.0
2020-02-06 00:00:00+09:00,978.4250188060568,989.7471983872261,978.4250188060568,987.8601684570312,900,0.0,0.0
2020-02-07 00:00:00+09:00,990.6907348632812,990.6907348632812,985.0296449497769,990.6907348632812,1200,0.0,0.0
2020-02-10 00:00:00+09:00,990.6907062141263,992.5777361307246,970.8768920898438,970.8768920898438,4700,0.0,0.0
2020-02-12 00:00:00+09:00,987.8601431584012,987.8601431584012,976.5379638671875,976.5379638671875,800,0.0,0.0
2020-02-13 00:00:00+09:00,990.6907315212986,990.6907315212986,982.1990966796875,982.1990966796875,300,0.0,0.0
2020-02-14 00:00:00+09:00,990.6907315212986,990.6907315212986,982.1990966796875,982.1990966796875,300,0.0,0.0
2020-02-17 00:00:00+09:00,981.2555482245681,983.142578125,979.3685183241363,983.142578125,700,0.0,0.0
2020-02-18 00:00:00+09:00,980.3120512502073,982.1990811852414,977.4815063476562,977.4815063476562,500,0.0,0.0
2020-02-19 00:00:00+09:00,977.4815063476562,982.1990811852414,977.4815063476562,977.4815063476562,700,0.0,0.0
2020-02-20 00:00:00+09:00,981.2555877421198,981.2555877421198,968.0463779071297,980.3120727539062,2100,0.0,0.0
2020-02-21 00:00:00+09:00,977.4814788081219,980.3120236309254,976.5379638671875,976.5379638671875,500,0.0,0.0
2020-02-25 00:00:00+09:00,962.3852634151351,971.82041305646,962.3852634151351,968.9898681640625,1500,0.0,0.0
2020-02-26 00:00:00+09:00,973.7074333639706,981.2555530024509,962.38525390625,962.38525390625,2500,0.0,0.0
2020-02-27 00:00:00+09:00,964.2723267315423,976.5380216899671,964.2723267315423,968.04638671875,1800,0.0,0.0
2020-02-28 00:00:00+09:00,945.4020446777344,960.4982849121093,942.571499633789,943.5150146484375,4000,0.0,0.0
2020-03-02 00:00:00+09:00,941.6279785399904,959.5547637025753,941.6279785399904,945.4020385742188,2500,0.0,0.0
2020-03-03 00:00:00+09:00,960.4982725348606,977.4815425796812,945.40203249502,947.2890625,3900,0.0,0.0
2020-03-04 00:00:00+09:00,942.5714601191543,947.2890349946256,942.5714601191543,946.3455200195312,3200,0.0,0.0
2020-03-05 00:00:00+09:00,946.3455140071129,968.9898732655084,946.3455140071129,948.2325439453125,1300,0.0,0.0
2020-03-06 00:00:00+09:00,948.2325560182005,952.9501309237637,944.45849609375,944.45849609375,700,0.0,0.0
2020-03-09 00:00:00+09:00,941.6279532206428,941.6279532206428,915.2095336914062,915.2095336914062,4900,0.0,0.0
2020-03-10 00:00:00+09:00,872.7513239933894,910.4919217876981,866.1467193793853,907.661376953125,4700,0.0,0.0
2020-03-11 00:00:00+09:00,921.8140827595173,944.4584409849302,921.8140827595173,942.5714111328125,1900,0.0,0.0
2020-03-12 00:00:00+09:00,919.9271392822266,926.5317443847656,886.9041137695312,886.9041137695312,3000,0.0,0.0
2020-03-13 00:00:00+09:00,849.1634557742884,857.6550903320312,832.1801866588027,857.6550903320312,8000,0.0,0.0
2020-03-16 00:00:00+09:00,858.5986478155552,883.1300377531425,844.4459228515625,844.4459228515625,4100,0.0,0.0
2020-03-17 00:00:00+09:00,872.7513035802937,872.7513035802937,825.5755574408183,846.3328857421875,7600,0.0,0.0
2020-03-18 00:00:00+09:00,846.3329073079427,858.5986016167534,846.3329073079427,849.1634521484375,5500,0.0,0.0
2020-03-19 00:00:00+09:00,891.6216410431415,891.6216410431415,850.1069826242016,853.8810424804688,1100,0.0,0.0
2020-03-23 00:00:00+09:00,855.7680971567868,877.4689419578959,847.2764622346135,865.2032470703125,3700,0.0,0.0
2020-03-24 00:00:00+09:00,874.6384246110407,885.01708984375,873.6949095898854,885.01708984375,3600,0.0,0.0
2020-03-25 00:00:00+09:00,971.8204312226449,971.8204312226449,915.2095323164713,963.3287963867188,1800,0.0,0.0
2020-03-26 00:00:00+09:00,963.3287963867188,963.3287963867188,916.1530472982408,963.3287963867188,2100,0.0,0.0
2020-03-27 00:00:00+09:00,981.2555687881098,981.2555687881098,943.5149699885671,967.1028442382812,3800,0.0,0.0
2020-03-30 00:00:00+09:00,894.2056274414062,933.084132982337,874.7663746709409,894.2056274414062,5600,30.0,0.0
2020-03-31 00:00:00+09:00,931.1401904720547,931.1401904720547,896.1495361328125,896.1495361328125,800,0.0,0.0
2020-04-01 00:00:00+09:00,895.1775555325189,895.1775555325189,875.7383035122688,876.7102661132812,2000,0.0,0.0
2020-04-02 00:00:00+09:00,874.766357421875,888.3738340928819,874.766357421875,874.766357421875,1900,0.0,0.0
2020-04-03 00:00:00+09:00,874.7663510841387,874.7663510841387,861.1588745117188,861.1588745117188,800,0.0,0.0
2020-04-06 00:00:00+09:00,855.3270931395102,859.2149435628717,855.3270931395102,858.2429809570312,1200,0.0,0.0
2020-04-07 00:00:00+09:00,865.0467249609816,871.8504632471916,857.2710240624559,861.1588745117188,800,0.0,0.0
2020-04-08 00:00:00+09:00,871.8504919754831,888.3738569293106,871.8504919754831,886.429931640625,500,0.0,0.0
2020-04-09 00:00:00+09:00,889.3458362621266,889.3458362621266,874.7663963234031,884.4860229492188,400,0.0,0.0
2020-04-10 00:00:00+09:00,884.4860229492188,884.4860229492188,884.4860229492188,884.4860229492188,100,0.0,0.0
2020-04-13 00:00:00+09:00,884.4859784500189,884.4859784500189,882.5420532226562,882.5420532226562,700,0.0,0.0
2020-04-14 00:00:00+09:00,870.8784962016575,880.5981222753367,870.8784962016575,879.6261596679688,400,0.0,0.0
2020-04-15 00:00:00+09:00,879.6262040816436,881.5701293945312,873.7944281429808,881.5701293945312,300,0.0,0.0
2020-04-16 00:00:00+09:00,884.4860173638626,889.3458306460817,881.5701293945312,881.5701293945312,700,0.0,0.0
2020-04-17 00:00:00+09:00,886.4299093972969,886.4299093972969,877.6822458177184,885.4579467773438,600,0.0,0.0
2020-04-20 00:00:00+09:00,871.8505028300932,881.5701293945312,870.8785401736493,881.5701293945312,1000,0.0,0.0
2020-04-21 00:00:00+09:00,884.4859841573906,885.4579467773438,884.4859841573906,885.4579467773438,500,0.0,0.0
2020-04-22 00:00:00+09:00,885.4579801538671,892.26171875,885.4579801538671,892.26171875,400,0.0,0.0
2020-04-23 00:00:00+09:00,892.2617242498712,897.121537562779,884.4860229492188,884.4860229492188,800,0.0,0.0
2020-04-24 00:00:00+09:00,893.2336869124528,893.2336869124528,884.4860229492188,884.4860229492188,1100,0.0,0.0
2020-04-27 00:00:00+09:00,892.2616965190925,892.2616965190925,891.2897338867188,891.2897338867188,700,0.0,0.0
2020-04-28 00:00:00+09:00,886.4299207248501,891.2897338867188,886.4299207248501,891.2897338867188,200,0.0,0.0
2020-04-30 00:00:00+09:00,893.2336759958617,901.0093772014841,893.2336759958617,900.0374145507812,1400,0.0,0.0
2020-05-01 00:00:00+09:00,897.1215376299963,902.9533136059225,895.1776123046875,895.1776123046875,600,0.0,0.0
2020-05-07 00:00:00+09:00,895.1776068516003,902.9533081054688,895.1776068516003,902.9533081054688,300,0.0,0.0
2020-05-08 00:00:00+09:00,902.9533082353307,913.6448974609375,899.0654576078374,913.6448974609375,1900,0.0,0.0
2020-05-11 00:00:00+09:00,913.6448486073015,930.168212890625,908.7850355827945,930.168212890625,1700,0.0,0.0
2020-05-12 00:00:00+09:00,936.9719562430025,936.9719562430025,922.3925170898438,922.3925170898438,400,0.0,0.0
2020-05-13 00:00:00+09:00,922.3925170898438,922.3925170898438,922.3925170898438,922.3925170898438,300,0.0,0.0
2020-05-14 00:00:00+09:00,903.9252211626838,909.7569967830882,903.9252211626838,908.7850341796875,1200,0.0,0.0
2020-05-15 00:00:00+09:00,899.0654519000784,900.0374145507812,899.0654519000784,900.0374145507812,600,0.0,0.0
2020-05-18 00:00:00+09:00,903.9252319335938,917.5327085433469,903.9252319335938,903.9252319335938,600,0.0,0.0
2020-05-19 00:00:00+09:00,903.9252319335938,903.9252319335938,903.9252319335938,903.9252319335938,0,0.0,0.0
2020-05-20 00:00:00+09:00,903.925270892204,913.6448974609375,903.925270892204,913.6448974609375,500,0.0,0.0
2020-05-21 00:00:00+09:00,919.4766681500098,932.1121826171875,919.4766681500098,932.1121826171875,500,0.0,0.0
2020-05-22 00:00:00+09:00,931.1401977539062,936.9719735227198,928.2243098694995,931.1401977539062,700,0.0,0.0
2020-05-25 00:00:00+09:00,939.8878894575915,939.8878894575915,928.2243375718717,935.028076171875,1000,0.0,0.0
2020-05-26 00:00:00+09:00,936.9720014861616,936.9720014861616,931.1402255433017,935.028076171875,1900,0.0,0.0
2020-05-27 00:00:00+09:00,935.0280316670735,935.0280316670735,919.476629892985,933.0841064453125,1400,0.0,0.0
2020-05-28 00:00:00+09:00,933.0840949292453,933.0840949292453,927.2523193359375,927.2523193359375,500,0.0,0.0
2020-05-29 00:00:00+09:00,935.0280316670735,935.0280316670735,933.0841064453125,933.0841064453125,300,0.0,0.0
2020-06-01 00:00:00+09:00,933.0841115743171,933.0841115743171,922.3925227958615,925.3084106445312,2100,0.0,0.0
2020-06-02 00:00:00+09:00,921.4205551147461,934.056069056193,921.4205551147461,933.0841064453125,800,0.0,0.0
2020-06-03 00:00:00+09:00,930.168212890625,930.168212890625,930.168212890625,930.168212890625,200,0.0,0.0
2020-06-04 00:00:00+09:00,934.0560966243524,934.0560966243524,926.2803955078125,926.2803955078125,200,0.0,0.0
2020-06-05 00:00:00+09:00,924.3364645867599,925.3084272203947,923.364501953125,923.364501953125,1000,0.0,0.0
2020-06-08 00:00:00+09:00,926.2803898540296,933.0841282894737,916.5607635176809,923.364501953125,2900,0.0,0.0
2020-06-09 00:00:00+09:00,930.1682351257707,931.1401977539062,929.196272497635,931.1401977539062,1300,0.0,0.0
2020-06-10 00:00:00+09:00,930.168212890625,930.168212890625,923.3644746563153,930.168212890625,3700,0.0,0.0
2020-06-11 00:00:00+09:00,930.168212890625,930.168212890625,930.168212890625,930.168212890625,0,0.0,0.0
2020-06-12 00:00:00+09:00,929.1962890625,929.1962890625,923.3645131897229,929.1962890625,900,0.0,0.0
2020-06-15 00:00:00+09:00,929.1962831015293,929.1962831015293,915.5888061523438,915.5888061523438,1600,0.0,0.0
2020-06-16 00:00:00+09:00,915.5888061523438,915.5888061523438,915.5888061523438,915.5888061523438,100,0.0,0.0
2020-06-17 00:00:00+09:00,915.5888061523438,915.5888061523438,915.5888061523438,915.5888061523438,0,0.0,0.0
2020-06-18 00:00:00+09:00,915.5888008840461,923.364501953125,913.6448756167764,923.364501953125,1700,0.0,0.0
2020-06-19 00:00:00+09:00,908.785062448602,924.3364645867599,908.785062448602,923.364501953125,1600,0.0,0.0
2020-06-22 00:00:00+09:00,930.1682237256474,930.1682237256474,923.3644854120847,925.3084106445312,400,0.0,0.0
2020-06-23 00:00:00+09:00,932.112193620344,932.112193620344,913.6449030272402,916.560791015625,2400,0.0,0.0
2020-06-24 00:00:00+09:00,926.2803955078125,926.2803955078125,926.2803955078125,926.2803955078125,100,0.0,0.0
2020-06-25 00:00:00+09:00,935.0280201270145,935.0280201270145,924.3364315392837,927.2523193359375,900,0.0,0.0
2020-06-26 00:00:00+09:00,932.1121656558388,932.1121656558388,923.364501953125,923.364501953125,800,0.0,0.0
2020-06-29 00:00:00+09:00,914.6168601178108,923.3645240296709,913.6448974609375,913.6448974609375,600,0.0,0.0
2020-06-30 00:00:00+09:00,918.5046997070312,918.5046997070312,918.5046997070312,918.5046997070312,100,0.0,0.0
2020-07-01 00:00:00+09:00,929.196271586622,929.196271586622,909.7570190429688,909.7570190429688,300,0.0,0.0
2020-07-02 00:00:00+09:00,909.7569967830882,925.3083984374999,908.7850341796875,908.7850341796875,500,0.0,0.0
2020-07-03 00:00:00+09:00,907.8131103515625,907.8131103515625,907.8131103515625,907.8131103515625,100,0.0,0.0
2020-07-06 00:00:00+09:00,905.8691520772255,920.4485912200993,905.8691520772255,911.700927734375,700,0.0,0.0
2020-07-07 00:00:00+09:00,911.7009776365093,911.7009776365093,905.8692016601562,905.8692016601562,300,0.0,0.0
2020-07-08 00:00:00+09:00,911.700927734375,911.700927734375,911.700927734375,911.700927734375,400,0.0,0.0
2020-07-09 00:00:00+09:00,911.7009328534526,915.5887833133821,903.9252319335938,903.9252319335938,1100,0.0,0.0
2020-07-10 00:00:00+09:00,916.5607627342487,916.5607627342487,901.9813232421875,901.9813232421875,700,0.0,0.0
2020-07-13 00:00:00+09:00,901.9813232421875,901.9813232421875,901.9813232421875,901.9813232421875,100,0.0,0.0
2020-07-14 00:00:00+09:00,908.785061671816,917.5327253670528,901.0093606093834,901.9813232421875,1400,0.0,0.0
2020-07-15 00:00:00+09:00,916.5607522220935,921.420565330376,915.5887896004369,917.53271484375,1400,0.0,0.0
2020-07-16 00:00:00+09:00,903.9252655415595,921.4205932617188,903.9252655415595,921.4205932617188,2700,0.0,0.0
2020-07-17 00:00:00+09:00,918.5047162755876,918.5047162755876,894.2056497074504,905.8692016601562,2500,0.0,0.0
2020-07-20 00:00:00+09:00,917.5327091358927,917.5327091358927,905.869157748572,914.6168212890625,1700,0.0,0.0
2020-07-21 00:00:00+09:00,905.8691694223807,933.0841230101774,905.8691694223807,931.1401977539062,2700,0.0,0.0
2020-07-22 00:00:00+09:00,928.2242876808223,930.168212890625,925.3083998661181,930.168212890625,4400,0.0,0.0
2020-07-27 00:00:00+09:00,930.168212890625,931.1401754955264,929.1962502857236,930.168212890625,5100,0.0,0.0
2020-07-28 00:00:00+09:00,930.1682121809139,930.1682121809139,919.4766235351562,919.4766235351562,1200,0.0,0.0
2020-07-29 00:00:00+09:00,918.5046779772374,928.2243041992188,918.5046779772374,928.2243041992188,200,0.0,0.0
2020-07-30 00:00:00+09:00,917.5327261513158,923.364501953125,917.5327261513158,923.364501953125,300,0.0,0.0
2020-07-31 00:00:00+09:00,928.2243373140375,928.2243373140375,913.6448974609375,913.6448974609375,800,0.0,0.0
2020-08-03 00:00:00+09:00,931.1402083799844,931.1402083799844,914.6168435131162,915.5888061523438,800,0.0,0.0
2020-08-04 00:00:00+09:00,915.5888008840461,923.364501953125,915.5888008840461,923.364501953125,500,0.0,0.0
2020-08-05 00:00:00+09:00,919.476629259212,923.3644797000543,919.476629259212,922.3925170898438,1200,0.0,0.0
2020-08-06 00:00:00+09:00,917.53271484375,917.53271484375,917.53271484375,917.53271484375,300,0.0,0.0
2020-08-07 00:00:00+09:00,917.53271484375,917.53271484375,917.53271484375,917.53271484375,100,0.0,0.0
2020-08-11 00:00:00+09:00,928.2243151212994,928.2243151212994,922.3925393194902,923.364501953125,300,0.0,0.0
2020-08-12 00:00:00+09:00,930.168212890625,931.1401754955264,930.168212890625,930.168212890625,800,0.0,0.0
2020-08-13 00:00:00+09:00,927.2523250759208,930.168212890625,924.3364372612167,930.168212890625,1000,0.0,0.0
2020-08-14 00:00:00+09:00,920.4485868416111,930.168212890625,920.4485868416111,930.168212890625,1100,0.0,0.0
2020-08-17 00:00:00+09:00,930.168229443615,930.168229443615,928.2243041992188,928.2243041992188,700,0.0,0.0
2020-08-18 00:00:00+09:00,930.168212890625,930.168212890625,930.168212890625,930.168212890625,100,0.0,0.0
2020-08-19 00:00:00+09:00,930.1682071325914,930.1682071325914,927.2523193359375,927.2523193359375,300,0.0,0.0
2020-08-20 00:00:00+09:00,927.2523250759208,930.168212890625,927.2523250759208,930.168212890625,300,0.0,0.0
2020-08-21 00:00:00+09:00,930.168212890625,933.0841007053291,929.1962502857236,930.168212890625,1300,0.0,0.0
2020-08-24 00:00:00+09:00,930.1682517079629,933.0841396443515,929.1962890625,929.1962890625,700,0.0,0.0
2020-08-25 00:00:00+09:00,929.1962502857236,931.1401754955264,929.1962502857236,930.168212890625,1100,0.0,0.0
2020-08-26 00:00:00+09:00,932.1121826171875,932.1121826171875,930.1682573145448,932.1121826171875,900,0.0,0.0
2020-08-27 00:00:00+09:00,932.1121387954586,946.6915778798506,932.1121387954586,940.8598022460938,2000,0.0,0.0
2020-08-28 00:00:00+09:00,962.2430192696887,962.2430192696887,939.8878784179688,939.8878784179688,3000,0.0,0.0
2020-08-31 00:00:00+09:00,939.8878571668617,960.299072265625,939.8878571668617,960.299072265625,900,0.0,0.0
2020-09-01 00:00:00+09:00,960.2990601968814,960.2990601968814,943.7756958007812,943.7756958007812,2500,0.0,0.0
2020-09-02 00:00:00+09:00,958.3551686867809,960.2990939782349,939.8878784179688,939.8878784179688,2800,0.0,0.0
2020-09-03 00:00:00+09:00,938.9159104567308,960.2990885416666,938.9159104567308,947.66357421875,2700,0.0,0.0
2020-09-04 00:00:00+09:00,947.6635909662015,956.4112548828125,947.6635909662015,956.4112548828125,300,0.0,0.0
2020-09-07 00:00:00+09:00,960.2990774972099,961.2710401262556,952.5233764648438,952.5233764648438,1300,0.0,0.0
2020-09-08 00:00:00+09:00,945.7196599272108,951.55143583632,942.8037719726562,942.8037719726562,2000,0.0,0.0
2020-09-09 00:00:00+09:00,950.579428302355,950.579428302355,940.8598022460938,940.8598022460938,900,0.0,0.0
2020-09-10 00:00:00+09:00,951.5513966930637,952.5233593045989,943.7756958007812,943.7756958007812,800,0.0,0.0
2020-09-11 00:00:00+09:00,944.7476533572204,951.5513916015625,942.8037281445512,951.5513916015625,800,0.0,0.0
2020-09-14 00:00:00+09:00,951.5514133953335,951.5514133953335,941.831787109375,941.831787109375,1300,0.0,0.0
2020-09-15 00:00:00+09:00,955.4392864423928,955.4392864423928,942.8037719726562,942.8037719726562,300,0.0,0.0
2020-09-16 00:00:00+09:00,955.4392529121415,955.4392529121415,946.6915893554688,946.6915893554688,600,0.0,0.0
2020-09-17 00:00:00+09:00,955.4392576207665,955.4392576207665,927.2523415770206,928.2243041992188,8200,0.0,0.0
2020-09-18 00:00:00+09:00,928.2242826946041,947.6635346882084,928.2242826946041,937.9439086914062,3200,0.0,0.0
2020-09-23 00:00:00+09:00,941.831787109375,946.6916002523543,937.9439365949917,941.831787109375,1300,0.0,0.0
2020-09-24 00:00:00+09:00,935.9999834920458,948.6354972878886,935.9999834920458,937.9439086914062,1700,0.0,0.0
2020-09-25 00:00:00+09:00,952.5233650599172,952.5233650599172,946.6915893554688,946.6915893554688,700,0.0,0.0
2020-09-28 00:00:00+09:00,948.6355088584577,948.6355088584577,943.7756958007812,943.7756958007812,1100,0.0,0.0
2020-09-29 00:00:00+09:00,938.9159213665833,944.7476972756926,934.0561081089924,942.8037719726562,1100,0.0,0.0
2020-09-30 00:00:00+09:00,955.4392918407228,955.4392918407228,924.3364868164062,924.3364868164062,3600,0.0,0.0
2020-10-02 00:00:00+09:00,950.5794729922934,950.5794729922934,930.1682573145448,932.1121826171875,700,0.0,0.0
2020-10-05 00:00:00+09:00,943.775723342579,944.7476859824786,936.9719848632812,936.9719848632812,1400,0.0,0.0
2020-10-06 00:00:00+09:00,936.0000113378,941.831787109375,936.0000113378,941.831787109375,300,0.0,0.0
2020-10-07 00:00:00+09:00,941.8318091304011,941.8318091304011,932.1121826171875,932.1121826171875,400,0.0,0.0
2020-10-08 00:00:00+09:00,940.8598244807791,942.8037497379709,940.8598244807791,941.831787109375,500,0.0,0.0
2020-10-09 00:00:00+09:00,941.8317757009346,946.6915887850467,936.0,936.0,1100,0.0,0.0
2020-10-12 00:00:00+09:00,935.9999834920458,937.9439086914062,933.0840956930051,937.9439086914062,700,0.0,0.0
2020-10-13 00:00:00+09:00,937.9439587150652,942.8037719726562,937.9439587150652,942.8037719726562,600,0.0,0.0
2020-10-14 00:00:00+09:00,946.691622578729,947.6635852302472,941.831809321138,942.8037719726562,700,0.0,0.0
2020-10-15 00:00:00+09:00,939.8878618521833,942.8037497379709,938.9158992235875,941.831787109375,2800,0.0,0.0
2020-10-16 00:00:00+09:00,940.8598354228799,940.8598354228799,936.9719848632812,936.9719848632812,700,0.0,0.0
2020-10-19 00:00:00+09:00,936.9719518235893,940.8598022460938,936.9719518235893,940.8598022460938,300,0.0,0.0
2020-10-20 00:00:00+09:00,940.8598022460938,940.8598022460938,940.8598022460938,940.8598022460938,100,0.0,0.0
2020-10-21 00:00:00+09:00,936.9719626168225,936.9719626168225,936.0,936.0,400,0.0,0.0
2020-10-22 00:00:00+09:00,942.803738317757,942.803738317757,936.0,936.0,600,0.0,0.0
2020-10-23 00:00:00+09:00,942.8037497379709,942.8037497379709,935.0280487092041,941.831787109375,2900,0.0,0.0
2020-10-26 00:00:00+09:00,941.8317648517199,942.803727457346,939.8878396404676,940.8598022460938,1200,0.0,0.0
2020-10-27 00:00:00+09:00,939.8878447214762,941.8317699432373,933.0841064453125,933.0841064453125,1000,0.0,0.0
2020-10-28 00:00:00+09:00,933.0841070738928,943.7756958007812,931.1401818508223,943.7756958007812,2700,0.0,0.0
2020-10-29 00:00:00+09:00,943.7757290008766,943.7757290008766,932.1121772521531,939.8878784179688,500,0.0,0.0
2020-10-30 00:00:00+09:00,933.0841396443515,933.0841396443515,929.1962890625,929.1962890625,900,0.0,0.0
2020-11-02 00:00:00+09:00,929.1962560017903,935.0280316670735,928.2242933909098,933.0841064453125,800,0.0,0.0
2020-11-04 00:00:00+09:00,933.084097754655,933.084097754655,882.5420424596111,887.40185546875,25400,0.0,0.0
2020-11-05 00:00:00+09:00,889.3458307802288,894.2056440631808,884.4860174972766,892.26171875,3500,0.0,0.0
2020-11-06 00:00:00+09:00,892.2617077729296,898.0934836407266,892.2617077729296,897.1215209960938,600,0.0,0.0
2020-11-09 00:00:00+09:00,899.0654462853595,903.9252595085235,896.149558351461,897.1215209960938,4000,0.0,0.0
2020-11-10 00:00:00+09:00,897.1214822215951,906.8411082478312,894.2055944137243,898.0934448242188,1500,0.0,0.0
2020-11-11 00:00:00+09:00,901.9813288802363,906.8411420746341,901.9813288802363,904.897216796875,1100,0.0,0.0
2020-11-12 00:00:00+09:00,906.8411642565401,908.7850895818489,894.2056496420331,895.1776123046875,4700,0.0,0.0
2020-11-13 00:00:00+09:00,902.9532911881157,902.9532911881157,891.2897395258365,894.2056274414062,2100,0.0,0.0
2020-11-16 00:00:00+09:00,900.0374089299922,901.0093715746251,894.2056330621954,897.1215209960938,700,0.0,0.0
2020-11-17 00:00:00+09:00,900.0373923141892,901.0093549408784,899.0654296875,899.0654296875,300,0.0,0.0
2020-11-18 00:00:00+09:00,903.9252763347054,905.8692016601562,903.9252763347054,905.8692016601562,600,0.0,0.0
2020-11-19 00:00:00+09:00,908.7850786044223,910.72900390625,907.8131159535086,910.72900390625,500,0.0,0.0
2020-11-20 00:00:00+09:00,908.7850896483328,913.6449029619603,905.8692016601562,905.8692016601562,600,0.0,0.0
2020-11-24 00:00:00+09:00,908.7850507304855,912.672901214894,906.8411254882812,906.8411254882812,700,0.0,0.0
2020-11-25 00:00:00+09:00,913.6448695516993,913.6448695516993,908.7850564157861,909.7570190429688,1200,0.0,0.0
2020-11-26 00:00:00+09:00,913.6449030272402,916.560791015625,911.7009777016503,916.560791015625,1000,0.0,0.0
2020-11-27 00:00:00+09:00,916.5607631305536,916.5607631305536,912.6729125976562,912.6729125976562,500,0.0,0.0
2020-11-30 00:00:00+09:00,909.7570523760604,916.560791015625,906.8411643876757,916.560791015625,2200,0.0,0.0
2020-12-01 00:00:00+09:00,917.53271484375,917.53271484375,916.5607522220935,917.53271484375,300,0.0,0.0
2020-12-02 00:00:00+09:00,917.5327205154434,920.4486083984375,913.6448700047848,920.4486083984375,500,0.0,0.0
2020-12-03 00:00:00+09:00,920.448586139316,920.448586139316,919.4766235351562,919.4766235351562,400,0.0,0.0
2020-12-04 00:00:00+09:00,919.4766567092539,919.4766567092539,915.5888061523438,915.5888061523438,600,0.0,0.0
2020-12-07 00:00:00+09:00,915.5888061523438,919.4766567092539,915.5888061523438,915.5888061523438,1200,0.0,0.0
2020-12-08 00:00:00+09:00,915.5887833133821,915.5887833133821,902.9532693186114,903.9252319335938,3900,0.0,0.0
2020-12-09 00:00:00+09:00,903.9252370970885,904.897199717623,896.1495361328125,896.1495361328125,6100,0.0,0.0
2020-12-10 00:00:00+09:00,907.8130823935232,907.8130823935232,897.1214936287173,903.9252319335938,500,0.0,0.0
2020-12-11 00:00:00+09:00,903.9252651535924,904.8972278042952,898.0934892493757,900.0374145507812,700,0.0,0.0
2020-12-14 00:00:00+09:00,903.9252485077957,903.9252485077957,901.0093606093834,901.9813232421875,1100,0.0,0.0
2020-12-15 00:00:00+09:00,905.8691571635585,905.8691571635585,903.9252319335938,903.9252319335938,500,0.0,0.0
2020-12-16 00:00:00+09:00,904.897200246077,908.7850507304855,904.897200246077,906.8411254882812,700,0.0,0.0
2020-12-17 00:00:00+09:00,906.841158862824,913.6448974609375,906.841158862824,913.6448974609375,1000,0.0,0.0
2020-12-18 00:00:00+09:00,913.6448862210586,913.6448862210586,907.8131103515625,907.8131103515625,900,0.0,0.0
2020-12-21 00:00:00+09:00,907.8131103515625,921.4205873803868,903.9252597718984,907.8131103515625,5400,0.0,0.0
2020-12-22 00:00:00+09:00,907.8130823935232,907.8130823935232,903.9252319335938,903.9252319335938,400,0.0,0.0
2020-12-23 00:00:00+09:00,912.6729125976562,912.6729125976562,912.6729125976562,912.6729125976562,300,0.0,0.0
2020-12-24 00:00:00+09:00,908.785073255105,918.5046997070312,908.785073255105,918.5046997070312,1000,0.0,0.0
2020-12-25 00:00:00+09:00,918.5046666490014,922.3925170898438,918.5046666490014,922.3925170898438,1700,0.0,0.0
2020-12-28 00:00:00+09:00,928.2243207869475,928.2243207869475,926.2803955078125,926.2803955078125,1300,0.0,0.0
2020-12-29 00:00:00+09:00,929.1962840544871,948.6355368589743,929.1962840544871,947.66357421875,2300,0.0,0.0
2020-12-30 00:00:00+09:00,947.6635456085205,947.6635456085205,932.1121438344319,933.0841064453125,2600,0.0,0.0
2021-01-04 00:00:00+09:00,937.9439252336449,944.7476635514018,936.0,936.0,1200,0.0,0.0
2021-01-05 00:00:00+09:00,943.7756900629721,943.7756900629721,937.9439144292154,940.8598022460938,500,0.0,0.0
2021-01-06 00:00:00+09:00,940.8598410636956,940.8598410636956,939.8878784179688,939.8878784179688,900,0.0,0.0
2021-01-07 00:00:00+09:00,939.8878784179688,943.7757290008766,939.8878784179688,939.8878784179688,700,0.0,0.0
2021-01-08 00:00:00+09:00,945.7196655273438,945.7196655273438,940.859852240975,945.7196655273438,600,0.0,0.0
2021-01-12 00:00:00+09:00,945.7196655273438,945.7196655273438,943.7757402127962,945.7196655273438,300,0.0,0.0
2021-01-13 00:00:00+09:00,945.7196203867594,945.7196203867594,933.0841064453125,933.0841064453125,2800,0.0,0.0
2021-01-14 00:00:00+09:00,941.831787109375,941.831787109375,941.831787109375,941.831787109375,500,0.0,0.0
2021-01-15 00:00:00+09:00,941.831787109375,942.8037497379709,941.831787109375,941.831787109375,500,0.0,0.0
2021-01-18 00:00:00+09:00,941.8317590901271,941.8317590901271,937.9439086914062,937.9439086914062,1300,0.0,0.0
2021-01-19 00:00:00+09:00,944.7476862980769,947.66357421875,940.8598357371794,947.66357421875,500,0.0,0.0
2021-01-20 00:00:00+09:00,951.551413835798,952.5233764648438,940.8598249162947,952.5233764648438,700,0.0,0.0
2021-01-21 00:00:00+09:00,952.5233599318992,957.3831729927763,942.8037338101451,954.46728515625,2100,0.0,0.0
2021-01-22 00:00:00+09:00,954.46728515625,954.46728515625,954.46728515625,954.46728515625,0,0.0,0.0
2021-01-25 00:00:00+09:00,962.2430197751437,962.2430197751437,947.663580081581,961.2710571289062,1200,0.0,0.0
2021-01-26 00:00:00+09:00,962.2430197751437,962.2430197751437,942.8037668503933,961.2710571289062,2600,0.0,0.0
2021-01-27 00:00:00+09:00,949.6074720953729,954.46728515625,949.6074720953729,954.46728515625,600,0.0,0.0
2021-01-28 00:00:00+09:00,962.2429918008407,962.2429918008407,952.5233656210343,957.3831787109375,1000,0.0,0.0
2021-01-29 00:00:00+09:00,957.383184881659,970.9906616210938,954.467297008923,970.9906616210938,2300,0.0,0.0
2021-02-01 00:00:00+09:00,970.9906838378906,971.962646484375,968.0747958984375,971.962646484375,1600,0.0,0.0
2021-02-02 00:00:00+09:00,971.962646484375,971.962646484375,971.962646484375,971.962646484375,800,0.0,0.0
2021-02-03 00:00:00+09:00,971.9626077047952,973.9065329202049,968.074757273976,972.9345703125,700,0.0,0.0
2021-02-04 00:00:00+09:00,970.9906838378906,971.962646484375,970.9906838378906,971.962646484375,600,0.0,0.0
2021-02-05 00:00:00+09:00,971.962646484375,974.8785344238281,971.962646484375,971.962646484375,1400,0.0,0.0
2021-02-08 00:00:00+09:00,979.7383532994766,979.7383532994766,974.8785400390625,974.8785400390625,1100,0.0,0.0
2021-02-09 00:00:00+09:00,973.9065551757812,974.8785178056972,972.9345925458654,973.9065551757812,800,0.0,0.0
2021-02-10 00:00:00+09:00,980.710293585193,980.710293585193,973.9065551757812,973.9065551757812,800,0.0,0.0
2021-02-12 00:00:00+09:00,976.8224487304688,976.8224487304688,975.850486094916,976.8224487304688,1800,0.0,0.0
2021-02-15 00:00:00+09:00,976.822415702525,982.6541913186594,976.822415702525,980.7102661132812,2400,0.0,0.0
2021-02-16 00:00:00+09:00,980.7103215666936,980.7103215666936,977.79443359375,977.79443359375,1300,0.0,0.0
2021-02-17 00:00:00+09:00,976.8224321836985,981.6822452791398,976.8224321836985,978.766357421875,1900,0.0,0.0
2021-02-18 00:00:00+09:00,981.6822509765625,983.626176226021,981.6822509765625,981.6822509765625,1400,0.0,0.0
2021-02-19 00:00:00+09:00,981.6822344512336,983.6261596679688,979.7383092344986,983.6261596679688,800,0.0,0.0
2021-02-22 00:00:00+09:00,983.6261823177338,1001.1215096712112,983.6261823177338,995.2897338867188,1700,0.0,0.0
2021-02-24 00:00:00+09:00,1002.0934448242188,1002.0934448242188,993.3457813873439,1002.0934448242188,1100,0.0,0.0
2021-02-25 00:00:00+09:00,1005.9813292351533,1019.5888061523438,1005.9813292351533,1019.5888061523438,1900,0.0,0.0
2021-02-26 00:00:00+09:00,1019.5887716979685,1019.5887716979685,1001.1214822201215,1002.0934448242188,2700,0.0,0.0
2021-03-01 00:00:00+09:00,1010.8411197791105,1010.8411197791105,1004.0373814729049,1007.9252319335938,1700,0.0,0.0
2021-03-02 00:00:00+09:00,1007.9252489137376,1016.6729125976562,1007.9252489137376,1016.6729125976562,1600,0.0,0.0
2021-03-03 00:00:00+09:00,1016.6729182415172,1019.5888061523438,1010.8411424198642,1019.5888061523438,800,0.0,0.0
2021-03-04 00:00:00+09:00,1018.6168656994048,1020.560791015625,1015.7009777250744,1020.560791015625,1500,0.0,0.0
2021-03-05 00:00:00+09:00,1020.5607631238423,1022.5046883869354,1015.7009499661098,1016.6729125976562,1200,0.0,0.0
2021-03-08 00:00:00+09:00,1025.4206043061756,1032.2243429129464,1017.6449030412947,1020.560791015625,3000,0.0,0.0
2021-03-09 00:00:00+09:00,1034.1682905926318,1034.1682905926318,1016.6729623683204,1032.224365234375,2300,0.0,0.0
2021-03-10 00:00:00+09:00,1034.1682905926318,1034.1682905926318,1032.224365234375,1032.224365234375,1300,0.0,0.0
2021-03-11 00:00:00+09:00,1034.1682961047536,1038.0561468419894,1034.1682961047536,1035.1402587890625,900,0.0,0.0
2021-03-12 00:00:00+09:00,1035.1402311182733,1043.8878950432165,1035.1402311182733,1041.9439697265625,1800,0.0,0.0
2021-03-15 00:00:00+09:00,1042.9159323848894,1049.7196709931786,1041.9439697265625,1041.9439697265625,3100,0.0,0.0
2021-03-16 00:00:00+09:00,1042.9159379542152,1051.6636019258722,1042.9159379542152,1044.85986328125,1400,0.0,0.0
2021-03-17 00:00:00+09:00,1044.8598301333338,1051.663568562109,1044.8598301333338,1048.7476806640625,1600,0.0,0.0
2021-03-18 00:00:00+09:00,1050.6915670889396,1052.6354922824435,1047.7756792986834,1049.7196044921875,1300,0.0,0.0
2021-03-19 00:00:00+09:00,1049.7196767106313,1066.2430419921875,1049.7196767106313,1066.2430419921875,1900,0.0,0.0
2021-03-22 00:00:00+09:00,1069.158935546875,1069.158935546875,1067.215010209517,1069.158935546875,2600,0.0,0.0
2021-03-23 00:00:00+09:00,1074.01874889027,1074.01874889027,1069.158935546875,1069.158935546875,1100,0.0,0.0
2021-03-24 00:00:00+09:00,1069.1588522413842,1069.1588522413842,1062.3551140907573,1068.1868896484375,2000,0.0,0.0
2021-03-25 00:00:00+09:00,1076.934574796258,1078.878500021522,1020.5607432636019,1058.46728515625,6600,0.0,0.0
2021-03-26 00:00:00+09:00,1059.439208984375,1059.439208984375,1053.6074335220758,1059.439208984375,2100,0.0,0.0
2021-03-29 00:00:00+09:00,1069.1588785046729,1069.1588785046729,1040.0,1040.0,5300,0.0,0.0
2021-03-30 00:00:00+09:00,965.0,1006.0,965.0,1001.0,9700,30.0,0.0
2021-03-31 00:00:00+09:00,1001.0,1001.0,990.0,991.0,3100,0.0,0.0
2021-04-01 00:00:00+09:00,991.0,991.0,983.0,983.0,2500,0.0,0.0
2021-04-02 00:00:00+09:00,982.0,993.0,980.0,993.0,1500,0.0,0.0
2021-04-05 00:00:00+09:00,993.0,995.0,985.0,995.0,900,0.0,0.0
2021-04-06 00:00:00+09:00,986.0,992.0,986.0,992.0,500,0.0,0.0
2021-04-07 00:00:00+09:00,995.0,995.0,994.0,994.0,500,0.0,0.0
2021-04-08 00:00:00+09:00,978.0,988.0,978.0,978.0,6300,0.0,0.0
2021-04-09 00:00:00+09:00,978.0,983.0,972.0,983.0,2600,0.0,0.0
2021-04-12 00:00:00+09:00,980.0,984.0,980.0,980.0,400,0.0,0.0
2021-04-13 00:00:00+09:00,980.0,982.0,976.0,982.0,800,0.0,0.0
2021-04-14 00:00:00+09:00,982.0,982.0,981.0,982.0,400,0.0,0.0
2021-04-15 00:00:00+09:00,980.0,985.0,976.0,978.0,900,0.0,0.0
2021-04-16 00:00:00+09:00,979.0,979.0,978.0,978.0,200,0.0,0.0
2021-04-19 00:00:00+09:00,979.0,985.0,979.0,985.0,800,0.0,0.0
2021-04-20 00:00:00+09:00,988.0,988.0,984.0,986.0,400,0.0,0.0
2021-04-21 00:00:00+09:00,986.0,986.0,984.0,986.0,500,0.0,0.0
2021-04-22 00:00:00+09:00,981.0,988.0,981.0,983.0,600,0.0,0.0
2021-04-23 00:00:00+09:00,987.0,987.0,981.0,981.0,1100,0.0,0.0
2021-04-26 00:00:00+09:00,988.0,999.0,985.0,985.0,2300,0.0,0.0
2021-04-27 00:00:00+09:00,985.0,985.0,985.0,985.0,0,0.0,0.0
2021-04-28 00:00:00+09:00,982.0,1008.0,982.0,1008.0,600,0.0,0.0
2021-04-30 00:00:00+09:00,991.0,991.0,991.0,991.0,300,0.0,0.0
2021-05-06 00:00:00+09:00,999.0,1001.0,994.0,1001.0,600,0.0,0.0
2021-05-07 00:00:00+09:00,1002.0,1002.0,998.0,1000.0,500,0.0,0.0
2021-05-10 00:00:00+09:00,1002.0,1008.0,999.0,999.0,900,0.0,0.0
2021-05-11 00:00:00+09:00,999.0,1000.0,998.0,998.0,400,0.0,0.0
2021-05-12 00:00:00+09:00,1000.0,1000.0,994.0,997.0,1400,0.0,0.0
2021-05-13 00:00:00+09:00,991.0,1000.0,991.0,995.0,400,0.0,0.0
2021-05-14 00:00:00+09:00,994.0,996.0,980.0,993.0,2100,0.0,0.0
2021-05-17 00:00:00+09:00,993.0,997.0,990.0,997.0,600,0.0,0.0
2021-05-18 00:00:00+09:00,997.0,997.0,997.0,997.0,0,0.0,0.0
2021-05-19 00:00:00+09:00,982.0,986.0,982.0,986.0,300,0.0,0.0
2021-05-20 00:00:00+09:00,993.0,995.0,984.0,987.0,600,0.0,0.0
2021-05-21 00:00:00+09:00,999.0,999.0,989.0,992.0,600,0.0,0.0
2021-05-24 00:00:00+09:00,988.0,992.0,988.0,992.0,300,0.0,0.0
2021-05-25 00:00:00+09:00,992.0,992.0,990.0,991.0,1300,0.0,0.0
2021-05-26 00:00:00+09:00,995.0,995.0,991.0,991.0,600,0.0,0.0
2021-05-27 00:00:00+09:00,990.0,990.0,990.0,990.0,200,0.0,0.0
2021-05-28 00:00:00+09:00,991.0,991.0,990.0,990.0,800,0.0,0.0
2021-05-31 00:00:00+09:00,988.0,992.0,988.0,992.0,500,0.0,0.0
2021-06-01 00:00:00+09:00,995.0,995.0,991.0,991.0,200,0.0,0.0
2021-06-02 00:00:00+09:00,995.0,995.0,990.0,990.0,700,0.0,0.0
2021-06-03 00:00:00+09:00,990.0,990.0,990.0,990.0,0,0.0,0.0
2021-06-04 00:00:00+09:00,995.0,996.0,990.0,990.0,500,0.0,0.0
2021-06-07 00:00:00+09:00,997.0,997.0,989.0,989.0,1000,0.0,0.0
2021-06-08 00:00:00+09:00,991.0,991.0,988.0,988.0,200,0.0,0.0
2021-06-09 00:00:00+09:00,988.0,988.0,983.0,983.0,1600,0.0,0.0
2021-06-10 00:00:00+09:00,989.0,989.0,989.0,989.0,100,0.0,0.0
2021-06-11 00:00:00+09:00,989.0,989.0,988.0,989.0,600,0.0,0.0
2021-06-14 00:00:00+09:00,990.0,991.0,990.0,990.0,500,0.0,0.0
2021-06-15 00:00:00+09:00,990.0,992.0,990.0,992.0,200,0.0,0.0
2021-06-16 00:00:00+09:00,995.0,996.0,995.0,996.0,200,0.0,0.0
2021-06-17 00:00:00+09:00,995.0,997.0,995.0,995.0,300,0.0,0.0
2021-06-18 00:00:00+09:00,993.0,993.0,990.0,990.0,600,0.0,0.0
2021-06-21 00:00:00+09:00,990.0,990.0,988.0,988.0,700,0.0,0.0
2021-06-22 00:00:00+09:00,997.0,997.0,988.0,989.0,500,0.0,0.0
2021-06-23 00:00:00+09:00,989.0,993.0,989.0,993.0,200,0.0,0.0
2021-06-24 00:00:00+09:00,993.0,993.0,987.0,987.0,1300,0.0,0.0
2021-06-25 00:00:00+09:00,987.0,995.0,987.0,988.0,800,0.0,0.0
2021-06-28 00:00:00+09:00,988.0,994.0,987.0,992.0,1200,0.0,0.0
2021-06-29 00:00:00+09:00,989.0,989.0,986.0,988.0,700,0.0,0.0
2021-06-30 00:00:00+09:00,987.0,987.0,987.0,987.0,100,0.0,0.0
2021-07-01 00:00:00+09:00,987.0,1018.0,987.0,993.0,2600,0.0,0.0
2021-07-02 00:00:00+09:00,993.0,993.0,993.0,993.0,200,0.0,0.0
2021-07-05 00:00:00+09:00,990.0,994.0,988.0,988.0,1900,0.0,0.0
2021-07-06 00:00:00+09:00,989.0,994.0,989.0,994.0,200,0.0,0.0
2021-07-07 00:00:00+09:00,994.0,994.0,994.0,994.0,0,0.0,0.0
2021-07-08 00:00:00+09:00,996.0,996.0,990.0,990.0,300,0.0,0.0
2021-07-09 00:00:00+09:00,990.0,1000.0,990.0,1000.0,700,0.0,0.0
2021-07-12 00:00:00+09:00,996.0,1003.0,995.0,1003.0,700,0.0,0.0
2021-07-13 00:00:00+09:00,1003.0,1003.0,1003.0,1003.0,200,0.0,0.0
2021-07-14 00:00:00+09:00,1003.0,1003.0,998.0,998.0,500,0.0,0.0
2021-07-15 00:00:00+09:00,1003.0,1008.0,1000.0,1008.0,1300,0.0,0.0
2021-07-16 00:00:00+09:00,1008.0,1015.0,1000.0,1015.0,1400,0.0,0.0
2021-07-19 00:00:00+09:00,1015.0,1015.0,1012.0,1014.0,1200,0.0,0.0
2021-07-20 00:00:00+09:00,1010.0,1010.0,1000.0,1006.0,2000,0.0,0.0
2021-07-21 00:00:00+09:00,1006.0,1010.0,1002.0,1010.0,3600,0.0,0.0
2021-07-26 00:00:00+09:00,1011.0,1011.0,1001.0,1001.0,3200,0.0,0.0
2021-07-27 00:00:00+09:00,1014.0,1015.0,1012.0,1012.0,300,0.0,0.0
2021-07-28 00:00:00+09:00,1003.0,1003.0,1002.0,1002.0,400,0.0,0.0
2021-07-29 00:00:00+09:00,1002.0,1002.0,1002.0,1002.0,0,0.0,0.0
2021-07-30 00:00:00+09:00,1001.0,1001.0,1001.0,1001.0,100,0.0,0.0
2021-08-02 00:00:00+09:00,1001.0,1001.0,998.0,998.0,700,0.0,0.0
2021-08-03 00:00:00+09:00,998.0,1000.0,998.0,999.0,500,0.0,0.0
2021-08-04 00:00:00+09:00,999.0,999.0,999.0,999.0,300,0.0,0.0
2021-08-05 00:00:00+09:00,999.0,999.0,997.0,997.0,500,0.0,0.0
2021-08-06 00:00:00+09:00,997.0,999.0,997.0,999.0,1100,0.0,0.0
2021-08-10 00:00:00+09:00,1000.0,1000.0,998.0,999.0,700,0.0,0.0
2021-08-11 00:00:00+09:00,997.0,997.0,997.0,997.0,400,0.0,0.0
2021-08-12 00:00:00+09:00,1000.0,1010.0,999.0,1010.0,700,0.0,0.0
2021-08-13 00:00:00+09:00,999.0,1000.0,997.0,997.0,600,0.0,0.0
2021-08-16 00:00:00+09:00,997.0,1000.0,997.0,1000.0,400,0.0,0.0
2021-08-17 00:00:00+09:00,1000.0,1000.0,996.0,996.0,1100,0.0,0.0
2021-08-18 00:00:00+09:00,996.0,1000.0,996.0,996.0,400,0.0,0.0
2021-08-19 00:00:00+09:00,996.0,999.0,996.0,996.0,700,0.0,0.0
2021-08-20 00:00:00+09:00,996.0,996.0,996.0,996.0,300,0.0,0.0
2021-08-23 00:00:00+09:00,996.0,1000.0,996.0,1000.0,300,0.0,0.0
2021-08-24 00:00:00+09:00,1000.0,1004.0,1000.0,1004.0,700,0.0,0.0
2021-08-25 00:00:00+09:00,1004.0,1004.0,995.0,995.0,1400,0.0,0.0
2021-08-26 00:00:00+09:00,996.0,999.0,996.0,999.0,700,0.0,0.0
2021-08-27 00:00:00+09:00,995.0,999.0,995.0,999.0,200,0.0,0.0
2021-08-30 00:00:00+09:00,997.0,997.0,997.0,997.0,200,0.0,0.0
2021-08-31 00:00:00+09:00,999.0,999.0,996.0,996.0,300,0.0,0.0
2021-09-01 00:00:00+09:00,996.0,1001.0,996.0,1001.0,300,0.0,0.0
2021-09-02 00:00:00+09:00,1000.0,1000.0,996.0,1000.0,400,0.0,0.0
2021-09-03 00:00:00+09:00,1001.0,1005.0,998.0,1005.0,500,0.0,0.0
2021-09-06 00:00:00+09:00,1003.0,1005.0,1003.0,1005.0,200,0.0,0.0
2021-09-07 00:00:00+09:00,1005.0,1005.0,1000.0,1000.0,500,0.0,0.0
2021-09-08 00:00:00+09:00,1003.0,1005.0,999.0,1005.0,1000,0.0,0.0
2021-09-09 00:00:00+09:00,1000.0,1000.0,999.0,1000.0,400,0.0,0.0
2021-09-10 00:00:00+09:00,1000.0,1000.0,1000.0,1000.0,200,0.0,0.0
2021-09-13 00:00:00+09:00,1003.0,1003.0,1002.0,1002.0,600,0.0,0.0
2021-09-14 00:00:00+09:00,1002.0,1005.0,1001.0,1005.0,1700,0.0,0.0
2021-09-15 00:00:00+09:00,1005.0,1005.0,999.0,999.0,1600,0.0,0.0
2021-09-16 00:00:00+09:00,1003.0,1003.0,1003.0,1003.0,100,0.0,0.0
2021-09-17 00:00:00+09:00,1000.0,1001.0,999.0,999.0,1500,0.0,0.0
2021-09-21 00:00:00+09:00,999.0,1000.0,997.0,997.0,1100,0.0,0.0
2021-09-22 00:00:00+09:00,997.0,1002.0,997.0,1002.0,600,0.0,0.0
2021-09-24 00:00:00+09:00,1000.0,1000.0,999.0,999.0,1100,0.0,0.0
2021-09-27 00:00:00+09:00,1000.0,1000.0,998.0,998.0,1200,0.0,0.0
2021-09-28 00:00:00+09:00,1000.0,1000.0,999.0,1000.0,1100,0.0,0.0
2021-09-29 00:00:00+09:00,1001.0,1001.0,999.0,999.0,2200,0.0,0.0
2021-09-30 00:00:00+09:00,1000.0,1002.0,999.0,1002.0,400,0.0,0.0
2021-10-01 00:00:00+09:00,1004.0,1008.0,999.0,999.0,900,0.0,0.0
2021-10-04 00:00:00+09:00,1014.0,1014.0,998.0,1000.0,1800,0.0,0.0
2021-10-05 00:00:00+09:00,1000.0,1000.0,996.0,998.0,1400,0.0,0.0
2021-10-06 00:00:00+09:00,998.0,998.0,998.0,998.0,100,0.0,0.0
2021-10-07 00:00:00+09:00,1002.0,1002.0,998.0,1000.0,600,0.0,0.0
2021-10-08 00:00:00+09:00,999.0,1000.0,999.0,1000.0,400,0.0,0.0
2021-10-11 00:00:00+09:00,1000.0,1000.0,997.0,997.0,1500,0.0,0.0
2021-10-12 00:00:00+09:00,997.0,997.0,997.0,997.0,0,0.0,0.0
2021-10-13 00:00:00+09:00,1000.0,1000.0,997.0,997.0,400,0.0,0.0
2021-10-14 00:00:00+09:00,997.0,997.0,995.0,995.0,1500,0.0,0.0
2021-10-15 00:00:00+09:00,995.0,1003.0,995.0,1000.0,500,0.0,0.0
2021-10-18 00:00:00+09:00,1000.0,1000.0,1000.0,1000.0,100,0.0,0.0
2021-10-19 00:00:00+09:00,999.0,1001.0,998.0,998.0,300,0.0,0.0
2021-10-20 00:00:00+09:00,998.0,998.0,998.0,998.0,200,0.0,0.0
2021-10-21 00:00:00+09:00,998.0,998.0,998.0,998.0,100,0.0,0.0
2021-10-22 00:00:00+09:00,1000.0,1008.0,1000.0,1008.0,500,0.0,0.0
2021-10-25 00:00:00+09:00,1007.0,1007.0,1002.0,1004.0,800,0.0,0.0
2021-10-26 00:00:00+09:00,1007.0,1007.0,1006.0,1006.0,500,0.0,0.0
2021-10-27 00:00:00+09:00,1000.0,1000.0,1000.0,1000.0,100,0.0,0.0
2021-10-28 00:00:00+09:00,1001.0,1001.0,1001.0,1001.0,300,0.0,0.0
2021-10-29 00:00:00+09:00,1001.0,1005.0,1001.0,1005.0,200,0.0,0.0
2021-11-01 00:00:00+09:00,1001.0,1001.0,1000.0,1000.0,300,0.0,0.0
2021-11-02 00:00:00+09:00,1001.0,1001.0,1000.0,1000.0,400,0.0,0.0
2021-11-04 00:00:00+09:00,1000.0,1000.0,1000.0,1000.0,300,0.0,0.0
2021-11-05 00:00:00+09:00,1000.0,1000.0,1000.0,1000.0,200,0.0,0.0
2021-11-08 00:00:00+09:00,1002.0,1002.0,1002.0,1002.0,100,0.0,0.0
2021-11-09 00:00:00+09:00,1000.0,1000.0,1000.0,1000.0,300,0.0,0.0
2021-11-10 00:00:00+09:00,1000.0,1000.0,1000.0,1000.0,200,0.0,0.0
2021-11-11 00:00:00+09:00,1000.0,1000.0,1000.0,1000.0,0,0.0,0.0
2021-11-12 00:00:00+09:00,1000.0,1000.0,1000.0,1000.0,500,0.0,0.0
2021-11-15 00:00:00+09:00,1002.0,1002.0,999.0,999.0,500,0.0,0.0
2021-11-16 00:00:00+09:00,998.0,1001.0,998.0,1001.0,300,0.0,0.0
2021-11-17 00:00:00+09:00,1002.0,1002.0,1002.0,1002.0,100,0.0,0.0
2021-11-18 00:00:00+09:00,1002.0,1002.0,999.0,999.0,700,0.0,0.0
2021-11-19 00:00:00+09:00,999.0,999.0,998.0,998.0,500,0.0,0.0
2021-11-22 00:00:00+09:00,997.0,997.0,995.0,995.0,2400,0.0,0.0
2021-11-24 00:00:00+09:00,999.0,999.0,995.0,998.0,1100,0.0,0.0
2021-11-25 00:00:00+09:00,998.0,999.0,997.0,999.0,600,0.0,0.0
2021-11-26 00:00:00+09:00,996.0,996.0,995.0,995.0,1600,0.0,0.0
2021-11-29 00:00:00+09:00,994.0,996.0,993.0,996.0,800,0.0,0.0
2021-11-30 00:00:00+09:00,999.0,999.0,997.0,997.0,500,0.0,0.0
2021-12-01 00:00:00+09:00,997.0,1002.0,993.0,1002.0,2700,0.0,0.0
2021-12-02 00:00:00+09:00,997.0,1009.0,992.0,992.0,700,0.0,0.0
2021-12-03 00:00:00+09:00,1000.0,1000.0,1000.0,1000.0,100,0.0,0.0
2021-12-06 00:00:00+09:00,1002.0,1002.0,998.0,998.0,300,0.0,0.0
2021-12-07 00:00:00+09:00,1002.0,1002.0,995.0,1000.0,300,0.0,0.0
2021-12-08 00:00:00+09:00,1001.0,1002.0,1000.0,1002.0,300,0.0,0.0
2021-12-09 00:00:00+09:00,1002.0,1002.0,999.0,1002.0,600,0.0,0.0
2021-12-10 00:00:00+09:00,1002.0,1050.0,1002.0,1011.0,2400,0.0,0.0
2021-12-13 00:00:00+09:00,1008.0,1008.0,1000.0,1000.0,1500,0.0,0.0
2021-12-14 00:00:00+09:00,1000.0,1002.0,1000.0,1002.0,600,0.0,0.0
2021-12-15 00:00:00+09:00,1000.0,1004.0,1000.0,1004.0,400,0.0,0.0
2021-12-16 00:00:00+09:00,1005.0,1005.0,997.0,997.0,1200,0.0,0.0
2021-12-17 00:00:00+09:00,999.0,999.0,998.0,999.0,300,0.0,0.0
2021-12-20 00:00:00+09:00,999.0,999.0,998.0,998.0,500,0.0,0.0
2021-12-21 00:00:00+09:00,1000.0,1000.0,998.0,998.0,300,0.0,0.0
2021-12-22 00:00:00+09:00,999.0,1006.0,999.0,1000.0,1100,0.0,0.0
2021-12-23 00:00:00+09:00,1002.0,1008.0,1002.0,1003.0,400,0.0,0.0
2021-12-24 00:00:00+09:00,1002.0,1004.0,1001.0,1002.0,1000,0.0,0.0
2021-12-27 00:00:00+09:00,1003.0,1003.0,1002.0,1002.0,1000,0.0,0.0
2021-12-28 00:00:00+09:00,1005.0,1005.0,1002.0,1002.0,400,0.0,0.0
2021-12-29 00:00:00+09:00,1003.0,1008.0,1003.0,1008.0,200,0.0,0.0
2021-12-30 00:00:00+09:00,1005.0,1008.0,1004.0,1004.0,500,0.0,0.0
2022-01-04 00:00:00+09:00,1015.0,1020.0,1015.0,1019.0,900,0.0,0.0
2022-01-05 00:00:00+09:00,1019.0,1022.0,1000.0,1000.0,4900,0.0,0.0
2022-01-06 00:00:00+09:00,1010.0,1010.0,1010.0,1010.0,100,0.0,0.0
2022-01-07 00:00:00+09:00,1019.0,1019.0,1019.0,1019.0,200,0.0,0.0
2022-01-11 00:00:00+09:00,1000.0,1020.0,1000.0,1017.0,1300,0.0,0.0
2022-01-12 00:00:00+09:00,1017.0,1017.0,1005.0,1005.0,1500,0.0,0.0
2022-01-13 00:00:00+09:00,1008.0,1008.0,1004.0,1004.0,200,0.0,0.0
2022-01-14 00:00:00+09:00,1017.0,1017.0,1017.0,1017.0,100,0.0,0.0
2022-01-17 00:00:00+09:00,1017.0,1023.0,1015.0,1015.0,800,0.0,0.0
2022-01-18 00:00:00+09:00,1029.0,1029.0,1017.0,1017.0,500,0.0,0.0
2022-01-19 00:00:00+09:00,1000.0,1020.0,1000.0,1020.0,3500,0.0,0.0
2022-01-20 00:00:00+09:00,1007.0,1007.0,1007.0,1007.0,300,0.0,0.0
2022-01-21 00:00:00+09:00,1007.0,1015.0,1007.0,1015.0,600,0.0,0.0
2022-01-24 00:00:00+09:00,1020.0,1020.0,1015.0,1017.0,400,0.0,0.0
2022-01-25 00:00:00+09:00,1020.0,1020.0,1015.0,1015.0,700,0.0,0.0
2022-01-26 00:00:00+09:00,1020.0,1020.0,1020.0,1020.0,400,0.0,0.0
2022-01-27 00:00:00+09:00,1018.0,1018.0,1010.0,1010.0,400,0.0,0.0
2022-01-28 00:00:00+09:00,1008.0,1010.0,1007.0,1007.0,400,0.0,0.0
2022-01-31 00:00:00+09:00,1015.0,1018.0,1015.0,1018.0,300,0.0,0.0
2022-02-01 00:00:00+09:00,1028.0,1028.0,1007.0,1014.0,600,0.0,0.0
2022-02-02 00:00:00+09:00,1014.0,1022.0,1010.0,1022.0,400,0.0,0.0
2022-02-03 00:00:00+09:00,1022.0,1023.0,1014.0,1014.0,600,0.0,0.0
2022-02-04 00:00:00+09:00,1024.0,1024.0,1024.0,1024.0,300,0.0,0.0
2022-02-07 00:00:00+09:00,1025.0,1025.0,1020.0,1025.0,400,0.0,0.0
2022-02-08 00:00:00+09:00,1025.0,1025.0,1000.0,1005.0,3000,0.0,0.0
2022-02-09 00:00:00+09:00,1010.0,1010.0,1010.0,1010.0,300,0.0,0.0
2022-02-10 00:00:00+09:00,1005.0,1018.0,1005.0,1016.0,1500,0.0,0.0
2022-02-14 00:00:00+09:00,1016.0,1016.0,1011.0,1011.0,400,0.0,0.0
2022-02-15 00:00:00+09:00,1011.0,1025.0,1011.0,1025.0,300,0.0,0.0
2022-02-16 00:00:00+09:00,1025.0,1025.0,1010.0,1021.0,1000,0.0,0.0
2022-02-17 00:00:00+09:00,1022.0,1025.0,1022.0,1024.0,500,0.0,0.0
2022-02-18 00:00:00+09:00,1019.0,1020.0,1019.0,1020.0,300,0.0,0.0
2022-02-21 00:00:00+09:00,1011.0,1020.0,1011.0,1019.0,600,0.0,0.0
2022-02-22 00:00:00+09:00,1019.0,1019.0,1015.0,1015.0,200,0.0,0.0
2022-02-24 00:00:00+09:00,1013.0,1015.0,1013.0,1013.0,600,0.0,0.0
2022-02-25 00:00:00+09:00,1020.0,1020.0,1011.0,1018.0,1000,0.0,0.0
2022-02-28 00:00:00+09:00,1015.0,1015.0,1013.0,1013.0,1300,0.0,0.0
2022-03-01 00:00:00+09:00,1015.0,1027.0,1015.0,1018.0,1100,0.0,0.0
2022-03-02 00:00:00+09:00,1017.0,1028.0,1003.0,1027.0,2500,0.0,0.0
2022-03-03 00:00:00+09:00,1025.0,1025.0,1025.0,1025.0,100,0.0,0.0
2022-03-04 00:00:00+09:00,1020.0,1020.0,1020.0,1020.0,100,0.0,0.0
2022-03-07 00:00:00+09:00,1020.0,1020.0,1005.0,1015.0,700,0.0,0.0
2022-03-08 00:00:00+09:00,1014.0,1018.0,1008.0,1008.0,1900,0.0,0.0
2022-03-09 00:00:00+09:00,1005.0,1009.0,1001.0,1009.0,2100,0.0,0.0
2022-03-10 00:00:00+09:00,1000.0,1010.0,999.0,1008.0,2400,0.0,0.0
2022-03-11 00:00:00+09:00,1008.0,1008.0,998.0,1000.0,2900,0.0,0.0
2022-03-14 00:00:00+09:00,998.0,1002.0,990.0,1000.0,3000,0.0,0.0
2022-03-15 00:00:00+09:00,1000.0,1000.0,985.0,1000.0,2700,0.0,0.0
2022-03-16 00:00:00+09:00,1000.0,1000.0,982.0,1000.0,3100,0.0,0.0
2022-03-17 00:00:00+09:00,1020.0,1020.0,987.0,1014.0,3800,0.0,0.0
2022-03-18 00:00:00+09:00,1007.0,1007.0,991.0,1002.0,2900,0.0,0.0
2022-03-22 00:00:00+09:00,1015.0,1015.0,998.0,1000.0,2500,0.0,0.0
2022-03-23 00:00:00+09:00,1000.0,1015.0,998.0,1003.0,6500,0.0,0.0
2022-03-24 00:00:00+09:00,1011.0,1011.0,1002.0,1005.0,1000,0.0,0.0
2022-03-25 00:00:00+09:00,1006.0,1014.0,1006.0,1006.0,1900,0.0,0.0
2022-03-28 00:00:00+09:00,1010.0,1012.0,1008.0,1009.0,3000,0.0,0.0
2022-03-29 00:00:00+09:00,1023.0,1027.0,1011.0,1027.0,3200,0.0,0.0
2022-03-30 00:00:00+09:00,967.0,992.0,960.0,992.0,4000,0.0,0.0
2022-03-31 00:00:00+09:00,982.0,983.0,980.0,980.0,1700,0.0,0.0
2022-04-01 00:00:00+09:00,982.0,982.0,981.0,981.0,300,0.0,0.0
2022-04-04 00:00:00+09:00,981.0,985.0,951.0,962.0,5000,0.0,0.0
2022-04-05 00:00:00+09:00,962.0,971.0,962.0,966.0,900,0.0,0.0
2022-04-06 00:00:00+09:00,968.0,968.0,968.0,968.0,200,0.0,0.0
2022-04-07 00:00:00+09:00,967.0,970.0,967.0,970.0,1000,0.0,0.0
2022-04-08 00:00:00+09:00,970.0,971.0,970.0,971.0,300,0.0,0.0
2022-04-11 00:00:00+09:00,970.0,972.0,970.0,971.0,500,0.0,0.0
2022-04-12 00:00:00+09:00,971.0,975.0,971.0,975.0,300,0.0,0.0
2022-04-13 00:00:00+09:00,975.0,975.0,975.0,975.0,2100,0.0,0.0
2022-04-14 00:00:00+09:00,977.0,977.0,972.0,972.0,300,0.0,0.0
2022-04-15 00:00:00+09:00,976.0,978.0,973.0,973.0,500,0.0,0.0
2022-04-18 00:00:00+09:00,974.0,975.0,974.0,974.0,300,0.0,0.0
2022-04-19 00:00:00+09:00,979.0,979.0,975.0,975.0,300,0.0,0.0
2022-04-20 00:00:00+09:00,976.0,976.0,976.0,976.0,200,0.0,0.0
2022-04-21 00:00:00+09:00,972.0,972.0,970.0,971.0,600,0.0,0.0
2022-04-22 00:00:00+09:00,971.0,975.0,971.0,975.0,300,0.0,0.0
2022-04-25 00:00:00+09:00,976.0,976.0,971.0,976.0,800,0.0,0.0
2022-04-26 00:00:00+09:00,978.0,978.0,970.0,970.0,800,0.0,0.0
2022-04-27 00:00:00+09:00,969.0,969.0,965.0,965.0,500,0.0,0.0
2022-04-28 00:00:00+09:00,973.0,977.0,966.0,977.0,500,0.0,0.0
2022-05-02 00:00:00+09:00,965.0,965.0,965.0,965.0,100,0.0,0.0
2022-05-06 00:00:00+09:00,969.0,969.0,969.0,969.0,100,0.0,0.0
2022-05-09 00:00:00+09:00,977.0,977.0,970.0,970.0,400,0.0,0.0
2022-05-10 00:00:00+09:00,969.0,969.0,966.0,966.0,200,0.0,0.0
2022-05-11 00:00:00+09:00,967.0,976.0,967.0,976.0,300,0.0,0.0
2022-05-12 00:00:00+09:00,975.0,975.0,968.0,968.0,200,0.0,0.0
2022-05-13 00:00:00+09:00,977.0,977.0,968.0,968.0,200,0.0,0.0
2022-05-16 00:00:00+09:00,968.0,968.0,956.0,957.0,1600,0.0,0.0
2022-05-17 00:00:00+09:00,957.0,964.0,957.0,964.0,400,0.0,0.0
2022-05-18 00:00:00+09:00,958.0,958.0,957.0,957.0,200,0.0,0.0
2022-05-19 00:00:00+09:00,962.0,963.0,955.0,963.0,500,0.0,0.0
2022-05-20 00:00:00+09:00,965.0,965.0,965.0,965.0,100,0.0,0.0
2022-05-23 00:00:00+09:00,965.0,970.0,965.0,970.0,500,0.0,0.0
2022-05-24 00:00:00+09:00,973.0,973.0,969.0,972.0,300,0.0,0.0
2022-05-25 00:00:00+09:00,966.0,966.0,966.0,966.0,700,0.0,0.0
2022-05-26 00:00:00+09:00,976.0,976.0,969.0,970.0,900,0.0,0.0
2022-05-27 00:00:00+09:00,970.0,970.0,970.0,970.0,100,0.0,0.0
2022-05-30 00:00:00+09:00,969.0,970.0,969.0,970.0,400,0.0,0.0
2022-05-31 00:00:00+09:00,970.0,970.0,970.0,970.0,100,0.0,0.0
2022-06-01 00:00:00+09:00,971.0,974.0,969.0,974.0,300,0.0,0.0
2022-06-02 00:00:00+09:00,976.0,976.0,972.0,972.0,200,0.0,0.0
2022-06-03 00:00:00+09:00,972.0,975.0,972.0,973.0,400,0.0,0.0
2022-06-06 00:00:00+09:00,973.0,973.0,973.0,973.0,0,0.0,0.0
2022-06-07 00:00:00+09:00,973.0,973.0,973.0,973.0,100,0.0,0.0
2022-06-08 00:00:00+09:00,974.0,975.0,969.0,975.0,900,0.0,0.0
2022-06-09 00:00:00+09:00,971.0,971.0,971.0,971.0,200,0.0,0.0
2022-06-10 00:00:00+09:00,970.0,970.0,969.0,969.0,300,0.0,0.0
2022-06-13 00:00:00+09:00,969.0,978.0,966.0,978.0,400,0.0,0.0
2022-06-14 00:00:00+09:00,970.0,970.0,970.0,970.0,100,0.0,0.0
2022-06-15 00:00:00+09:00,976.0,977.0,976.0,977.0,200,0.0,0.0
2022-06-16 00:00:00+09:00,977.0,977.0,977.0,977.0,0,0.0,0.0
2022-06-17 00:00:00+09:00,967.0,977.0,967.0,977.0,200,0.0,0.0
2022-06-20 00:00:00+09:00,978.0,979.0,970.0,970.0,500,0.0,0.0
2022-06-21 00:00:00+09:00,975.0,977.0,975.0,977.0,200,0.0,0.0
2022-06-22 00:00:00+09:00,978.0,978.0,978.0,978.0,200,0.0,0.0
2022-06-23 00:00:00+09:00,978.0,978.0,978.0,978.0,0,0.0,0.0
2022-06-24 00:00:00+09:00,978.0,978.0,972.0,977.0,600,0.0,0.0
2022-06-27 00:00:00+09:00,979.0,979.0,978.0,979.0,700,0.0,0.0
2022-06-28 00:00:00+09:00,979.0,979.0,975.0,979.0,400,0.0,0.0
2022-06-29 00:00:00+09:00,979.0,980.0,970.0,980.0,400,0.0,0.0
2022-06-30 00:00:00+09:00,982.0,982.0,982.0,982.0,300,0.0,0.0
2022-07-01 00:00:00+09:00,982.0,982.0,980.0,980.0,400,0.0,0.0
2022-07-04 00:00:00+09:00,980.0,981.0,966.0,974.0,1300,0.0,0.0
2022-07-05 00:00:00+09:00,974.0,974.0,974.0,974.0,100,0.0,0.0
2022-07-06 00:00:00+09:00,974.0,974.0,974.0,974.0,100,0.0,0.0
2022-07-07 00:00:00+09:00,973.0,977.0,970.0,977.0,300,0.0,0.0
2022-07-08 00:00:00+09:00,970.0,970.0,970.0,970.0,100,0.0,0.0
2022-07-11 00:00:00+09:00,979.0,979.0,971.0,971.0,300,0.0,0.0
2022-07-12 00:00:00+09:00,971.0,971.0,971.0,971.0,100,0.0,0.0
2022-07-13 00:00:00+09:00,980.0,980.0,980.0,980.0,100,0.0,0.0
2022-07-14 00:00:00+09:00,979.0,981.0,979.0,981.0,900,0.0,0.0
2022-07-15 00:00:00+09:00,985.0,991.0,985.0,991.0,1100,0.0,0.0
2022-07-19 00:00:00+09:00,988.0,988.0,980.0,980.0,500,0.0,0.0
2022-07-20 00:00:00+09:00,985.0,985.0,980.0,980.0,500,0.0,0.0
2022-07-21 00:00:00+09:00,985.0,990.0,985.0,990.0,600,0.0,0.0
2022-07-22 00:00:00+09:00,990.0,994.0,990.0,994.0,400,0.0,0.0
2022-07-25 00:00:00+09:00,993.0,993.0,987.0,992.0,3000,0.0,0.0
2022-07-26 00:00:00+09:00,996.0,996.0,995.0,995.0,2600,0.0,0.0
2022-07-27 00:00:00+09:00,995.0,995.0,995.0,995.0,0,0.0,0.0
2022-07-28 00:00:00+09:00,995.0,995.0,995.0,995.0,0,0.0,0.0
2022-07-29 00:00:00+09:00,986.0,986.0,986.0,986.0,100,0.0,0.0
2022-08-01 00:00:00+09:00,986.0,986.0,986.0,986.0,200,0.0,0.0
2022-08-02 00:00:00+09:00,990.0,990.0,990.0,990.0,100,0.0,0.0
2022-08-03 00:00:00+09:00,990.0,990.0,987.0,987.0,200,0.0,0.0
2022-08-04 00:00:00+09:00,987.0,988.0,987.0,987.0,500,0.0,0.0
2022-08-05 00:00:00+09:00,991.0,991.0,986.0,986.0,500,0.0,0.0
2022-08-08 00:00:00+09:00,987.0,990.0,986.0,990.0,500,0.0,0.0
2022-08-09 00:00:00+09:00,990.0,990.0,990.0,990.0,0,0.0,0.0
2022-08-10 00:00:00+09:00,990.0,990.0,990.0,990.0,200,0.0,0.0
2022-08-12 00:00:00+09:00,988.0,990.0,988.0,990.0,300,0.0,0.0
2022-08-15 00:00:00+09:00,988.0,991.0,987.0,991.0,400,0.0,0.0
2022-08-16 00:00:00+09:00,990.0,991.0,987.0,988.0,700,0.0,0.0
2022-08-17 00:00:00+09:00,992.0,992.0,992.0,992.0,300,0.0,0.0
2022-08-18 00:00:00+09:00,988.0,991.0,988.0,989.0,400,0.0,0.0
2022-08-19 00:00:00+09:00,989.0,989.0,989.0,989.0,0,0.0,0.0
2022-08-22 00:00:00+09:00,989.0,989.0,988.0,988.0,400,0.0,0.0
2022-08-23 00:00:00+09:00,987.0,989.0,987.0,988.0,500,0.0,0.0
2022-08-24 00:00:00+09:00,988.0,988.0,987.0,988.0,300,0.0,0.0
2022-08-25 00:00:00+09:00,986.0,986.0,986.0,986.0,800,0.0,0.0
2022-08-26 00:00:00+09:00,989.0,989.0,986.0,986.0,1500,0.0,0.0
2022-08-29 00:00:00+09:00,986.0,986.0,985.0,986.0,400,0.0,0.0
2022-08-30 00:00:00+09:00,988.0,988.0,985.0,985.0,400,0.0,0.0
2022-08-31 00:00:00+09:00,985.0,986.0,971.0,985.0,1100,0.0,0.0
2022-09-01 00:00:00+09:00,985.0,987.0,985.0,985.0,400,0.0,0.0
2022-09-02 00:00:00+09:00,979.0,984.0,954.0,960.0,4400,0.0,0.0
2022-09-05 00:00:00+09:00,961.0,980.0,961.0,975.0,2200,0.0,0.0
2022-09-06 00:00:00+09:00,973.0,973.0,970.0,970.0,200,0.0,0.0
2022-09-07 00:00:00+09:00,970.0,970.0,955.0,964.0,2600,0.0,0.0
2022-09-08 00:00:00+09:00,970.0,973.0,964.0,973.0,600,0.0,0.0
2022-09-09 00:00:00+09:00,970.0,975.0,962.0,962.0,600,0.0,0.0
2022-09-12 00:00:00+09:00,966.0,968.0,960.0,960.0,900,0.0,0.0
2022-09-13 00:00:00+09:00,961.0,961.0,961.0,961.0,200,0.0,0.0
2022-09-14 00:00:00+09:00,961.0,961.0,961.0,961.0,100,0.0,0.0
2022-09-15 00:00:00+09:00,961.0,965.0,961.0,964.0,500,0.0,0.0
2022-09-16 00:00:00+09:00,964.0,964.0,960.0,960.0,300,0.0,0.0
2022-09-20 00:00:00+09:00,960.0,964.0,960.0,961.0,800,0.0,0.0
2022-09-21 00:00:00+09:00,961.0,962.0,960.0,962.0,500,0.0,0.0
2022-09-22 00:00:00+09:00,960.0,960.0,960.0,960.0,600,0.0,0.0
2022-09-26 00:00:00+09:00,972.0,972.0,955.0,955.0,1900,0.0,0.0
2022-09-27 00:00:00+09:00,967.0,970.0,967.0,970.0,300,0.0,0.0
2022-09-28 00:00:00+09:00,956.0,967.0,956.0,965.0,600,0.0,0.0
2022-09-29 00:00:00+09:00,962.0,962.0,961.0,961.0,500,0.0,0.0
2022-09-30 00:00:00+09:00,961.0,961.0,961.0,961.0,0,0.0,0.0
2022-10-03 00:00:00+09:00,955.0,956.0,955.0,955.0,600,0.0,0.0
2022-10-04 00:00:00+09:00,955.0,962.0,955.0,956.0,600,0.0,0.0
2022-10-05 00:00:00+09:00,956.0,967.0,956.0,967.0,300,0.0,0.0
2022-10-06 00:00:00+09:00,967.0,967.0,956.0,956.0,400,0.0,0.0
2022-10-07 00:00:00+09:00,957.0,957.0,957.0,957.0,100,0.0,0.0
2022-10-11 00:00:00+09:00,957.0,967.0,957.0,957.0,800,0.0,0.0
2022-10-12 00:00:00+09:00,968.0,968.0,956.0,956.0,1400,0.0,0.0
2022-10-13 00:00:00+09:00,956.0,956.0,956.0,956.0,0,0.0,0.0
2022-10-14 00:00:00+09:00,958.0,960.0,958.0,960.0,400,0.0,0.0
2022-10-17 00:00:00+09:00,963.0,968.0,957.0,966.0,900,0.0,0.0
2022-10-18 00:00:00+09:00,958.0,966.0,958.0,966.0,700,0.0,0.0
2022-10-19 00:00:00+09:00,966.0,966.0,966.0,966.0,100,0.0,0.0
2022-10-20 00:00:00+09:00,966.0,966.0,962.0,962.0,500,0.0,0.0
2022-10-21 00:00:00+09:00,961.0,961.0,961.0,961.0,100,0.0,0.0
2022-10-24 00:00:00+09:00,961.0,964.0,961.0,964.0,200,0.0,0.0
2022-10-25 00:00:00+09:00,966.0,966.0,963.0,965.0,600,0.0,0.0
2022-10-26 00:00:00+09:00,968.0,968.0,965.0,965.0,500,0.0,0.0
2022-10-27 00:00:00+09:00,965.0,965.0,965.0,965.0,100,0.0,0.0
2022-10-28 00:00:00+09:00,965.0,969.0,965.0,969.0,700,0.0,0.0
2022-10-31 00:00:00+09:00,965.0,970.0,965.0,970.0,500,0.0,0.0
2022-11-01 00:00:00+09:00,968.0,968.0,968.0,968.0,100,0.0,0.0
2022-11-02 00:00:00+09:00,968.0,968.0,968.0,968.0,100,0.0,0.0
2022-11-04 00:00:00+09:00,970.0,970.0,968.0,968.0,200,0.0,0.0
2022-11-07 00:00:00+09:00,971.0,971.0,971.0,971.0,500,0.0,0.0
2022-11-08 00:00:00+09:00,971.0,971.0,971.0,971.0,400,0.0,0.0
2022-11-09 00:00:00+09:00,975.0,975.0,975.0,975.0,100,0.0,0.0
2022-11-10 00:00:00+09:00,973.0,974.0,968.0,974.0,400,0.0,0.0
2022-11-11 00:00:00+09:00,974.0,974.0,969.0,969.0,500,0.0,0.0
2022-11-14 00:00:00+09:00,969.0,969.0,969.0,969.0,0,0.0,0.0
2022-11-15 00:00:00+09:00,974.0,974.0,974.0,974.0,100,0.0,0.0
2022-11-16 00:00:00+09:00,976.0,976.0,974.0,974.0,200,0.0,0.0
2022-11-17 00:00:00+09:00,974.0,975.0,974.0,975.0,200,0.0,0.0
2022-11-18 00:00:00+09:00,980.0,980.0,980.0,980.0,100,0.0,0.0
2022-11-21 00:00:00+09:00,980.0,980.0,980.0,980.0,0,0.0,0.0
2022-11-22 00:00:00+09:00,981.0,983.0,981.0,983.0,300,0.0,0.0
2022-11-24 00:00:00+09:00,987.0,988.0,985.0,985.0,400,0.0,0.0
2022-11-25 00:00:00+09:00,977.0,979.0,977.0,978.0,900,0.0,0.0
2022-11-28 00:00:00+09:00,1014.0,1016.0,996.0,996.0,7400,0.0,0.0
2022-11-29 00:00:00+09:00,998.0,1003.0,998.0,1003.0,900,0.0,0.0
2022-11-30 00:00:00+09:00,1003.0,1003.0,995.0,995.0,700,0.0,0.0
2022-12-01 00:00:00+09:00,995.0,1003.0,995.0,1003.0,700,0.0,0.0
2022-12-02 00:00:00+09:00,990.0,990.0,990.0,990.0,100,0.0,0.0
2022-12-05 00:00:00+09:00,999.0,999.0,990.0,990.0,300,0.0,0.0
2022-12-06 00:00:00+09:00,990.0,990.0,990.0,990.0,200,0.0,0.0
2022-12-07 00:00:00+09:00,990.0,991.0,990.0,991.0,300,0.0,0.0
2022-12-08 00:00:00+09:00,990.0,990.0,989.0,990.0,400,0.0,0.0
2022-12-09 00:00:00+09:00,993.0,996.0,993.0,996.0,500,0.0,0.0
2022-12-12 00:00:00+09:00,996.0,996.0,994.0,995.0,600,0.0,0.0
2022-12-13 00:00:00+09:00,993.0,993.0,992.0,992.0,400,0.0,0.0
2022-12-14 00:00:00+09:00,995.0,995.0,991.0,991.0,300,0.0,0.0
2022-12-15 00:00:00+09:00,995.0,996.0,994.0,996.0,900,0.0,0.0
2022-12-16 00:00:00+09:00,984.0,988.0,984.0,987.0,2000,0.0,0.0
2022-12-19 00:00:00+09:00,987.0,990.0,984.0,984.0,1600,0.0,0.0
2022-12-20 00:00:00+09:00,984.0,1000.0,979.0,1000.0,1700,0.0,0.0
2022-12-21 00:00:00+09:00,981.0,990.0,981.0,987.0,1100,0.0,0.0
2022-12-22 00:00:00+09:00,990.0,990.0,985.0,985.0,300,0.0,0.0
2022-12-23 00:00:00+09:00,997.0,1000.0,995.0,1000.0,1100,0.0,0.0
2022-12-26 00:00:00+09:00,1000.0,1000.0,995.0,999.0,900,0.0,0.0
2022-12-27 00:00:00+09:00,999.0,1000.0,995.0,1000.0,1800,0.0,0.0
2022-12-28 00:00:00+09:00,997.0,1002.0,997.0,998.0,1500,0.0,0.0
2022-12-29 00:00:00+09:00,990.0,990.0,990.0,990.0,300,0.0,0.0
2022-12-30 00:00:00+09:00,990.0,990.0,990.0,990.0,100,0.0,0.0
2023-01-04 00:00:00+09:00,993.0,999.0,993.0,999.0,700,0.0,0.0
2023-01-05 00:00:00+09:00,999.0,999.0,991.0,991.0,700,0.0,0.0
2023-01-06 00:00:00+09:00,993.0,1000.0,990.0,999.0,2000,0.0,0.0
2023-01-10 00:00:00+09:00,997.0,997.0,997.0,997.0,200,0.0,0.0
2023-01-11 00:00:00+09:00,997.0,997.0,990.0,990.0,400,0.0,0.0
2023-01-12 00:00:00+09:00,993.0,993.0,989.0,989.0,500,0.0,0.0
2023-01-13 00:00:00+09:00,989.0,990.0,989.0,990.0,300,0.0,0.0
2023-01-16 00:00:00+09:00,990.0,994.0,990.0,994.0,600,0.0,0.0
2023-01-17 00:00:00+09:00,993.0,993.0,990.0,992.0,1100,0.0,0.0
2023-01-18 00:00:00+09:00,993.0,994.0,991.0,994.0,300,0.0,0.0
2023-01-19 00:00:00+09:00,991.0,995.0,990.0,995.0,400,0.0,0.0
2023-01-20 00:00:00+09:00,994.0,995.0,992.0,995.0,1100,0.0,0.0
2023-01-23 00:00:00+09:00,999.0,1000.0,991.0,991.0,1200,0.0,0.0
2023-01-24 00:00:00+09:00,995.0,995.0,991.0,991.0,500,0.0,0.0
2023-01-25 00:00:00+09:00,997.0,998.0,994.0,998.0,700,0.0,0.0
2023-01-26 00:00:00+09:00,1000.0,1000.0,998.0,999.0,1500,0.0,0.0
2023-01-27 00:00:00+09:00,996.0,1000.0,995.0,995.0,800,0.0,0.0
2023-01-30 00:00:00+09:00,998.0,1004.0,998.0,998.0,1500,0.0,0.0
2023-01-31 00:00:00+09:00,1005.0,1005.0,1001.0,1001.0,600,0.0,0.0
2023-02-01 00:00:00+09:00,1001.0,1001.0,997.0,1001.0,600,0.0,0.0
2023-02-02 00:00:00+09:00,1000.0,1005.0,996.0,996.0,500,0.0,0.0
2023-02-03 00:00:00+09:00,1004.0,1004.0,999.0,1000.0,600,0.0,0.0
2023-02-06 00:00:00+09:00,1000.0,1000.0,1000.0,1000.0,300,0.0,0.0
2023-02-07 00:00:00+09:00,999.0,1003.0,999.0,999.0,400,0.0,0.0
2023-02-08 00:00:00+09:00,999.0,1010.0,999.0,1003.0,1900,0.0,0.0
2023-02-09 00:00:00+09:00,1007.0,1010.0,1001.0,1001.0,2600,0.0,0.0
2023-02-10 00:00:00+09:00,1001.0,1001.0,991.0,991.0,1300,0.0,0.0
2023-02-13 00:00:00+09:00,993.0,1001.0,993.0,1001.0,1200,0.0,0.0
2023-02-14 00:00:00+09:00,1001.0,1004.0,1001.0,1004.0,500,0.0,0.0
2023-02-15 00:00:00+09:00,1007.0,1007.0,999.0,1004.0,500,0.0,0.0
2023-02-16 00:00:00+09:00,1004.0,1004.0,999.0,1004.0,900,0.0,0.0
2023-02-17 00:00:00+09:00,1001.0,1001.0,1000.0,1000.0,400,0.0,0.0
2023-02-20 00:00:00+09:00,1001.0,1003.0,1001.0,1001.0,600,0.0,0.0
2023-02-21 00:00:00+09:00,1001.0,1001.0,1000.0,1000.0,200,0.0,0.0
2023-02-22 00:00:00+09:00,1001.0,1001.0,1001.0,1001.0,200,0.0,0.0
2023-02-24 00:00:00+09:00,1003.0,1007.0,1003.0,1007.0,1000,0.0,0.0
2023-02-27 00:00:00+09:00,1033.0,1033.0,1020.0,1027.0,5700,0.0,0.0
2023-02-28 00:00:00+09:00,1032.0,1040.0,1032.0,1040.0,3500,0.0,0.0
2023-03-01 00:00:00+09:00,1040.0,1040.0,1027.0,1027.0,1100,0.0,0.0
2023-03-02 00:00:00+09:00,1027.0,1040.0,1027.0,1040.0,1500,0.0,0.0
2023-03-03 00:00:00+09:00,1040.0,1044.0,1033.0,1033.0,2000,0.0,0.0
2023-03-06 00:00:00+09:00,1033.0,1035.0,1031.0,1034.0,1400,0.0,0.0
2023-03-07 00:00:00+09:00,1033.0,1037.0,1033.0,1037.0,700,0.0,0.0
2023-03-08 00:00:00+09:00,1030.0,1036.0,1030.0,1035.0,800,0.0,0.0
2023-03-09 00:00:00+09:00,1029.0,1037.0,1025.0,1031.0,800,0.0,0.0
2023-03-10 00:00:00+09:00,1031.0,1038.0,1030.0,1035.0,700,0.0,0.0
2023-03-13 00:00:00+09:00,1034.0,1036.0,1030.0,1036.0,1400,0.0,0.0
2023-03-14 00:00:00+09:00,1036.0,1036.0,1025.0,1026.0,1500,0.0,0.0
2023-03-15 00:00:00+09:00,1030.0,1032.0,1029.0,1032.0,400,0.0,0.0
2023-03-16 00:00:00+09:00,1032.0,1032.0,1022.0,1022.0,800,0.0,0.0
2023-03-17 00:00:00+09:00,1045.0,1045.0,1034.0,1040.0,2900,0.0,0.0
2023-03-20 00:00:00+09:00,1049.0,1049.0,1036.0,1040.0,2600,0.0,0.0
2023-03-22 00:00:00+09:00,1047.0,1047.0,1040.0,1040.0,1000,0.0,0.0
2023-03-23 00:00:00+09:00,1041.0,1045.0,1041.0,1042.0,800,0.0,0.0
2023-03-24 00:00:00+09:00,1042.0,1048.0,1030.0,1030.0,3200,0.0,0.0
2023-03-27 00:00:00+09:00,1030.0,1039.0,1030.0,1031.0,2300,0.0,0.0
2023-03-28 00:00:00+09:00,1037.0,1037.0,1031.0,1036.0,1500,0.0,0.0
2023-03-29 00:00:00+09:00,1046.0,1048.0,1030.0,1048.0,3000,0.0,0.0
2023-03-30 00:00:00+09:00,1000.0,1010.0,986.0,991.0,6200,0.0,0.0
2023-03-31 00:00:00+09:00,999.0,999.0,983.0,995.0,3000,0.0,0.0
2023-04-03 00:00:00+09:00,991.0,994.0,985.0,988.0,1000,0.0,0.0
2023-04-04 00:00:00+09:00,1003.0,1003.0,991.0,991.0,1200,0.0,0.0
2023-04-05 00:00:00+09:00,991.0,991.0,991.0,991.0,700,0.0,0.0
2023-04-06 00:00:00+09:00,993.0,993.0,992.0,992.0,200,0.0,0.0
2023-04-07 00:00:00+09:00,992.0,995.0,992.0,995.0,600,0.0,0.0
2023-04-10 00:00:00+09:00,992.0,992.0,990.0,990.0,400,0.0,0.0
2023-04-11 00:00:00+09:00,996.0,998.0,996.0,998.0,600,0.0,0.0
2023-04-12 00:00:00+09:00,993.0,999.0,993.0,999.0,400,0.0,0.0
2023-04-13 00:00:00+09:00,999.0,999.0,999.0,999.0,100,0.0,0.0
2023-04-14 00:00:00+09:00,993.0,994.0,993.0,994.0,200,0.0,0.0
2023-04-17 00:00:00+09:00,992.0,997.0,992.0,997.0,300,0.0,0.0
2023-04-18 00:00:00+09:00,997.0,999.0,997.0,999.0,400,0.0,0.0
2023-04-19 00:00:00+09:00,999.0,1010.0,999.0,1002.0,1700,0.0,0.0
2023-04-20 00:00:00+09:00,1003.0,1012.0,1002.0,1010.0,600,0.0,0.0
2023-04-21 00:00:00+09:00,1004.0,1008.0,1004.0,1008.0,400,0.0,0.0
2023-04-24 00:00:00+09:00,1008.0,1020.0,1008.0,1020.0,2000,0.0,0.0
2023-04-25 00:00:00+09:00,1025.0,1025.0,1018.0,1024.0,1000,0.0,0.0
2023-04-26 00:00:00+09:00,1024.0,1024.0,1018.0,1018.0,900,0.0,0.0
2023-04-27 00:00:00+09:00,1017.0,1018.0,1017.0,1017.0,300,0.0,0.0
2023-04-28 00:00:00+09:00,1017.0,1028.0,1015.0,1028.0,1500,0.0,0.0
2023-05-01 00:00:00+09:00,1021.0,1027.0,1002.0,1027.0,3100,0.0,0.0
2023-05-02 00:00:00+09:00,1018.0,1025.0,1018.0,1025.0,500,0.0,0.0
2023-05-08 00:00:00+09:00,1030.0,1030.0,1020.0,1021.0,500,0.0,0.0
2023-05-09 00:00:00+09:00,1017.0,1022.0,1006.0,1006.0,1600,0.0,0.0
2023-05-10 00:00:00+09:00,1015.0,1025.0,995.0,995.0,6300,0.0,0.0
2023-05-11 00:00:00+09:00,1050.0,1050.0,1006.0,1020.0,8500,0.0,0.0
2023-05-12 00:00:00+09:00,1020.0,1020.0,1016.0,1019.0,800,0.0,0.0
2023-05-15 00:00:00+09:00,1014.0,1014.0,1004.0,1004.0,900,0.0,0.0
2023-05-16 00:00:00+09:00,1000.0,1009.0,1000.0,1002.0,2100,0.0,0.0
2023-05-17 00:00:00+09:00,1005.0,1016.0,1005.0,1014.0,400,0.0,0.0
2023-05-18 00:00:00+09:00,1018.0,1018.0,1010.0,1018.0,900,0.0,0.0
2023-05-19 00:00:00+09:00,1010.0,1010.0,1005.0,1005.0,400,0.0,0.0
2023-05-22 00:00:00+09:00,1010.0,1010.0,1003.0,1004.0,700,0.0,0.0
2023-05-23 00:00:00+09:00,1001.0,1022.0,996.0,1022.0,4100,0.0,0.0
2023-05-24 00:00:00+09:00,1015.0,1015.0,1002.0,1010.0,800,0.0,0.0
2023-05-25 00:00:00+09:00,1010.0,1017.0,1006.0,1006.0,700,0.0,0.0
2023-05-26 00:00:00+09:00,1012.0,1012.0,1005.0,1005.0,600,0.0,0.0
2023-05-29 00:00:00+09:00,1005.0,1005.0,1005.0,1005.0,100,0.0,0.0
2023-05-30 00:00:00+09:00,1010.0,1010.0,1005.0,1005.0,200,0.0,0.0
2023-05-31 00:00:00+09:00,1004.0,1004.0,1001.0,1001.0,200,0.0,0.0
2023-06-01 00:00:00+09:00,1002.0,1009.0,1002.0,1009.0,300,0.0,0.0
2023-06-02 00:00:00+09:00,1008.0,1008.0,1008.0,1008.0,200,0.0,0.0
2023-06-05 00:00:00+09:00,1006.0,1007.0,1004.0,1005.0,1600,0.0,0.0
2023-06-06 00:00:00+09:00,1007.0,1007.0,1003.0,1003.0,400,0.0,0.0
2023-06-07 00:00:00+09:00,1007.0,1007.0,1004.0,1005.0,500,0.0,0.0
2023-06-08 00:00:00+09:00,1005.0,1005.0,1005.0,1005.0,100,0.0,0.0
2023-06-09 00:00:00+09:00,1010.0,1010.0,1005.0,1005.0,700,0.0,0.0
2023-06-12 00:00:00+09:00,1005.0,1006.0,1005.0,1006.0,700,0.0,0.0
2023-06-13 00:00:00+09:00,1010.0,1010.0,1007.0,1007.0,200,0.0,0.0
2023-06-14 00:00:00+09:00,1010.0,1012.0,1009.0,1011.0,1100,0.0,0.0
2023-06-15 00:00:00+09:00,1011.0,1012.0,1011.0,1012.0,500,0.0,0.0
2023-06-16 00:00:00+09:00,1012.0,1015.0,1012.0,1015.0,400,0.0,0.0
2023-06-19 00:00:00+09:00,1018.0,1018.0,1003.0,1015.0,1800,0.0,0.0
2023-06-20 00:00:00+09:00,1015.0,1015.0,1002.0,1013.0,1500,0.0,0.0
2023-06-21 00:00:00+09:00,1014.0,1014.0,1010.0,1014.0,400,0.0,0.0
2023-06-22 00:00:00+09:00,1013.0,1016.0,1011.0,1013.0,500,0.0,0.0
2023-06-23 00:00:00+09:00,1016.0,1016.0,1006.0,1006.0,600,0.0,0.0
2023-06-26 00:00:00+09:00,1015.0,1015.0,1007.0,1007.0,1300,0.0,0.0
2023-06-27 00:00:00+09:00,1008.0,1008.0,1008.0,1008.0,100,0.0,0.0
2023-06-28 00:00:00+09:00,1012.0,1012.0,1007.0,1009.0,500,0.0,0.0
2023-06-29 00:00:00+09:00,1017.0,1017.0,1010.0,1010.0,300,0.0,0.0
2023-06-30 00:00:00+09:00,1012.0,1015.0,1008.0,1008.0,1400,0.0,0.0
2023-07-03 00:00:00+09:00,1011.0,1018.0,1011.0,1012.0,700,0.0,0.0
2023-07-04 00:00:00+09:00,1014.0,1014.0,1013.0,1013.0,400,0.0,0.0
2023-07-05 00:00:00+09:00,1013.0,1018.0,1013.0,1018.0,500,0.0,0.0
2023-07-06 00:00:00+09:00,1016.0,1016.0,1016.0,1016.0,200,0.0,0.0
2023-07-07 00:00:00+09:00,1016.0,1016.0,1015.0,1015.0,300,0.0,0.0
2023-07-10 00:00:00+09:00,1015.0,1017.0,1015.0,1017.0,200,0.0,0.0
2023-07-11 00:00:00+09:00,1019.0,1020.0,1016.0,1017.0,1200,0.0,0.0
2023-07-12 00:00:00+09:00,1017.0,1025.0,1017.0,1024.0,400,0.0,0.0
2023-07-13 00:00:00+09:00,1024.0,1024.0,1019.0,1019.0,200,0.0,0.0
2023-07-14 00:00:00+09:00,1015.0,1026.0,1015.0,1019.0,2400,0.0,0.0
2023-07-18 00:00:00+09:00,1019.0,1023.0,1018.0,1023.0,500,0.0,0.0
2023-07-19 00:00:00+09:00,1023.0,1036.0,1016.0,1036.0,700,0.0,0.0
2023-07-20 00:00:00+09:00,1036.0,1036.0,1035.0,1035.0,300,0.0,0.0
2023-07-21 00:00:00+09:00,1033.0,1033.0,1033.0,1033.0,300,0.0,0.0
2023-07-24 00:00:00+09:00,1033.0,1036.0,1033.0,1036.0,700,0.0,0.0
2023-07-25 00:00:00+09:00,1040.0,1043.0,1038.0,1043.0,4000,0.0,0.0
2023-07-26 00:00:00+09:00,1050.0,1050.0,1043.0,1050.0,3500,0.0,0.0
2023-07-27 00:00:00+09:00,1047.0,1047.0,1040.0,1040.0,400,0.0,0.0
2023-07-28 00:00:00+09:00,1047.0,1047.0,1038.0,1038.0,300,0.0,0.0
2023-07-31 00:00:00+09:00,1037.0,1050.0,1037.0,1038.0,1000,0.0,0.0
2023-08-01 00:00:00+09:00,1036.0,1045.0,1036.0,1045.0,200,0.0,0.0
2023-08-02 00:00:00+09:00,1044.0,1046.0,1043.0,1043.0,400,0.0,0.0
2023-08-03 00:00:00+09:00,1038.0,1040.0,1037.0,1040.0,300,0.0,0.0
2023-08-04 00:00:00+09:00,1035.0,1044.0,1030.0,1044.0,1700,0.0,0.0
2023-08-07 00:00:00+09:00,1048.0,1049.0,1040.0,1049.0,600,0.0,0.0
2023-08-08 00:00:00+09:00,1044.0,1044.0,1044.0,1044.0,200,0.0,0.0
2023-08-09 00:00:00+09:00,1040.0,1040.0,1034.0,1034.0,200,0.0,0.0
2023-08-10 00:00:00+09:00,1040.0,1043.0,1033.0,1033.0,500,0.0,0.0
2023-08-14 00:00:00+09:00,1030.0,1035.0,1029.0,1030.0,1800,0.0,0.0
2023-08-15 00:00:00+09:00,1035.0,1041.0,1035.0,1035.0,500,0.0,0.0
2023-08-16 00:00:00+09:00,1035.0,1035.0,1032.0,1032.0,500,0.0,0.0
2023-08-17 00:00:00+09:00,1032.0,1035.0,1032.0,1032.0,500,0.0,0.0
2023-08-18 00:00:00+09:00,1031.0,1031.0,1031.0,1031.0,400,0.0,0.0
2023-08-21 00:00:00+09:00,1029.0,1030.0,1029.0,1030.0,600,0.0,0.0
2023-08-22 00:00:00+09:00,1039.0,1039.0,1039.0,1039.0,100,0.0,0.0
2023-08-23 00:00:00+09:00,1031.0,1033.0,1031.0,1033.0,600,0.0,0.0
2023-08-24 00:00:00+09:00,1039.0,1039.0,1035.0,1036.0,800,0.0,0.0
2023-08-25 00:00:00+09:00,1036.0,1038.0,1031.0,1032.0,1000,0.0,0.0
2023-08-28 00:00:00+09:00,1032.0,1038.0,1031.0,1038.0,1400,0.0,0.0
2023-08-29 00:00:00+09:00,1040.0,1040.0,1038.0,1038.0,800,0.0,0.0
2023-08-30 00:00:00+09:00,1036.0,1039.0,1036.0,1039.0,700,0.0,0.0
2023-08-31 00:00:00+09:00,1038.0,1038.0,1030.0,1030.0,3100,0.0,0.0
2023-09-01 00:00:00+09:00,1031.0,1038.0,1030.0,1038.0,700,0.0,0.0
2023-09-04 00:00:00+09:00,1036.0,1046.0,1036.0,1046.0,2000,0.0,0.0
2023-09-05 00:00:00+09:00,1048.0,1050.0,1044.0,1044.0,1600,0.0,0.0
2023-09-06 00:00:00+09:00,1050.0,1050.0,1045.0,1045.0,300,0.0,0.0
2023-09-07 00:00:00+09:00,1050.0,1050.0,1047.0,1047.0,300,0.0,0.0
2023-09-08 00:00:00+09:00,1047.0,1052.0,1047.0,1052.0,1000,0.0,0.0
2023-09-11 00:00:00+09:00,1070.0,1070.0,1061.0,1061.0,1800,0.0,0.0
2023-09-12 00:00:00+09:00,1057.0,1069.0,1057.0,1062.0,600,0.0,0.0
2023-09-13 00:00:00+09:00,1070.0,1070.0,1068.0,1068.0,400,0.0,0.0
2023-09-14 00:00:00+09:00,1068.0,1068.0,1068.0,1068.0,100,0.0,0.0
2023-09-15 00:00:00+09:00,1070.0,1070.0,1068.0,1068.0,400,0.0,0.0
2023-09-19 00:00:00+09:00,1070.0,1070.0,1066.0,1066.0,1100,0.0,0.0
2023-09-20 00:00:00+09:00,1055.0,1070.0,1055.0,1070.0,1200,0.0,0.0
2023-09-21 00:00:00+09:00,1062.0,1070.0,1062.0,1070.0,300,0.0,0.0
2023-09-22 00:00:00+09:00,1070.0,1070.0,1062.0,1069.0,500,0.0,0.0
2023-09-25 00:00:00+09:00,1069.0,1074.0,1069.0,1074.0,1100,0.0,0.0
2023-09-26 00:00:00+09:00,1082.0,1082.0,1074.0,1082.0,900,0.0,0.0
2023-09-27 00:00:00+09:00,1079.0,1086.0,1079.0,1084.0,400,0.0,0.0
2023-09-28 00:00:00+09:00,1084.0,1096.0,1075.0,1080.0,900,0.0,0.0
2023-09-29 00:00:00+09:00,1082.0,1099.0,1082.0,1095.0,800,0.0,0.0
2023-10-02 00:00:00+09:00,1100.0,1130.0,1100.0,1127.0,4200,0.0,0.0
2023-10-03 00:00:00+09:00,1120.0,1120.0,1081.0,1099.0,1700,0.0,0.0
2023-10-04 00:00:00+09:00,1080.0,1090.0,1080.0,1090.0,1300,0.0,0.0
2023-10-05 00:00:00+09:00,1113.0,1113.0,1085.0,1105.0,900,0.0,0.0
2023-10-06 00:00:00+09:00,1094.0,1107.0,1094.0,1107.0,400,0.0,0.0
2023-10-10 00:00:00+09:00,1100.0,1104.0,1100.0,1102.0,1000,0.0,0.0
2023-10-11 00:00:00+09:00,1106.0,1106.0,1090.0,1090.0,400,0.0,0.0
2023-10-12 00:00:00+09:00,1099.0,1100.0,1095.0,1100.0,1000,0.0,0.0
2023-10-13 00:00:00+09:00,1100.0,1107.0,1093.0,1107.0,500,0.0,0.0
2023-10-16 00:00:00+09:00,1093.0,1093.0,1087.0,1087.0,600,0.0,0.0
2023-10-17 00:00:00+09:00,1099.0,1100.0,1089.0,1100.0,500,0.0,0.0
2023-10-18 00:00:00+09:00,1100.0,1110.0,1100.0,1110.0,800,0.0,0.0
2023-10-19 00:00:00+09:00,1101.0,1107.0,1098.0,1107.0,900,0.0,0.0
2023-10-20 00:00:00+09:00,1093.0,1095.0,1093.0,1095.0,200,0.0,0.0
2023-10-23 00:00:00+09:00,1094.0,1094.0,1094.0,1094.0,300,0.0,0.0
2023-10-24 00:00:00+09:00,1103.0,1103.0,1101.0,1101.0,200,0.0,0.0
2023-10-25 00:00:00+09:00,1107.0,1107.0,1102.0,1107.0,500,0.0,0.0
2023-10-26 00:00:00+09:00,1096.0,1096.0,1096.0,1096.0,600,0.0,0.0
2023-10-27 00:00:00+09:00,1096.0,1096.0,1096.0,1096.0,200,0.0,0.0
2023-10-30 00:00:00+09:00,1096.0,1096.0,1096.0,1096.0,100,0.0,0.0
2023-10-31 00:00:00+09:00,1096.0,1100.0,1094.0,1094.0,400,0.0,0.0
2023-11-01 00:00:00+09:00,1109.0,1109.0,1095.0,1095.0,700,0.0,0.0
2023-11-02 00:00:00+09:00,1100.0,1100.0,1090.0,1090.0,400,0.0,0.0
2023-11-06 00:00:00+09:00,1098.0,1100.0,1079.0,1099.0,3400,0.0,0.0
2023-11-07 00:00:00+09:00,1098.0,1098.0,1082.0,1082.0,400,0.0,0.0
2023-11-08 00:00:00+09:00,1082.0,1082.0,1082.0,1082.0,100,0.0,0.0
2023-11-09 00:00:00+09:00,1075.0,1075.0,1075.0,1075.0,600,0.0,0.0
2023-11-10 00:00:00+09:00,1075.0,1075.0,1075.0,1075.0,200,0.0,0.0
2023-11-13 00:00:00+09:00,1080.0,1085.0,1076.0,1085.0,800,0.0,0.0
2023-11-14 00:00:00+09:00,1077.0,1080.0,1077.0,1080.0,400,0.0,0.0
2023-11-15 00:00:00+09:00,1073.0,1086.0,1026.0,1031.0,9100,0.0,0.0
2023-11-16 00:00:00+09:00,1053.0,1061.0,1032.0,1061.0,2200,0.0,0.0
2023-11-17 00:00:00+09:00,1061.0,1064.0,1061.0,1064.0,300,0.0,0.0
2023-11-20 00:00:00+09:00,1074.0,1084.0,1065.0,1084.0,700,0.0,0.0
2023-11-21 00:00:00+09:00,1068.0,1070.0,1068.0,1068.0,500,0.0,0.0
2023-11-22 00:00:00+09:00,1072.0,1072.0,1072.0,1072.0,200,0.0,0.0
2023-11-24 00:00:00+09:00,1077.0,1077.0,1072.0,1073.0,600,0.0,0.0
2023-11-27 00:00:00+09:00,1073.0,1085.0,1073.0,1085.0,900,0.0,0.0
2023-11-28 00:00:00+09:00,1095.0,1095.0,1074.0,1074.0,1500,0.0,0.0
2023-11-29 00:00:00+09:00,1074.0,1074.0,1074.0,1074.0,700,0.0,0.0
2023-11-30 00:00:00+09:00,1075.0,1089.0,1075.0,1089.0,500,0.0,0.0
2023-12-01 00:00:00+09:00,1082.0,1082.0,1082.0,1082.0,400,0.0,0.0
2023-12-04 00:00:00+09:00,1086.0,1086.0,1084.0,1084.0,600,0.0,0.0
2023-12-05 00:00:00+09:00,1082.0,1087.0,1050.0,1071.0,2600,0.0,0.0
2023-12-06 00:00:00+09:00,1071.0,1071.0,1071.0,1071.0,300,0.0,0.0
2023-12-07 00:00:00+09:00,1071.0,1094.0,1067.0,1094.0,1500,0.0,0.0
2023-12-08 00:00:00+09:00,1094.0,1094.0,1092.0,1092.0,300,0.0,0.0
2023-12-11 00:00:00+09:00,1084.0,1084.0,1082.0,1082.0,500,0.0,0.0
2023-12-12 00:00:00+09:00,1082.0,1082.0,1076.0,1076.0,600,0.0,0.0
2023-12-13 00:00:00+09:00,1081.0,1085.0,1081.0,1085.0,300,0.0,0.0
2023-12-14 00:00:00+09:00,1085.0,1085.0,1073.0,1074.0,800,0.0,0.0
2023-12-15 00:00:00+09:00,1072.0,1085.0,1072.0,1085.0,600,0.0,0.0
2023-12-18 00:00:00+09:00,1085.0,1085.0,1083.0,1083.0,600,0.0,0.0
2023-12-19 00:00:00+09:00,1084.0,1085.0,1083.0,1085.0,700,0.0,0.0
2023-12-20 00:00:00+09:00,1085.0,1085.0,1080.0,1080.0,600,0.0,0.0
2023-12-21 00:00:00+09:00,1087.0,1087.0,1087.0,1087.0,300,0.0,0.0
2023-12-22 00:00:00+09:00,1090.0,1090.0,1090.0,1090.0,200,0.0,0.0
2023-12-25 00:00:00+09:00,1090.0,1090.0,1090.0,1090.0,1100,0.0,0.0
2023-12-26 00:00:00+09:00,1092.0,1098.0,1091.0,1091.0,1300,0.0,0.0
2023-12-27 00:00:00+09:00,1093.0,1096.0,1090.0,1090.0,1000,0.0,0.0
2023-12-28 00:00:00+09:00,1092.0,1111.0,1092.0,1111.0,800,0.0,0.0
2023-12-29 00:00:00+09:00,1110.0,1110.0,1098.0,1101.0,800,0.0,0.0
2024-01-04 00:00:00+09:00,1129.0,1149.0,1129.0,1140.0,3200,0.0,0.0
2024-01-05 00:00:00+09:00,1145.0,1147.0,1142.0,1146.0,1500,0.0,0.0
2024-01-09 00:00:00+09:00,1155.0,1170.0,1155.0,1170.0,2600,0.0,0.0
2024-01-10 00:00:00+09:00,1170.0,1173.0,1165.0,1171.0,1800,0.0,0.0
2024-01-11 00:00:00+09:00,1171.0,1180.0,1170.0,1180.0,2200,0.0,0.0
2024-01-12 00:00:00+09:00,1180.0,1230.0,1180.0,1230.0,3100,0.0,0.0
2024-01-15 00:00:00+09:00,1230.0,1279.0,1230.0,1277.0,1500,0.0,0.0
2024-01-16 00:00:00+09:00,1240.0,1240.0,1184.0,1210.0,4200,0.0,0.0
2024-01-17 00:00:00+09:00,1210.0,1245.0,1210.0,1239.0,1500,0.0,0.0
2024-01-18 00:00:00+09:00,1239.0,1239.0,1235.0,1239.0,600,0.0,0.0
2024-01-19 00:00:00+09:00,1242.0,1250.0,1242.0,1250.0,1100,0.0,0.0
2024-01-22 00:00:00+09:00,1244.0,1250.0,1243.0,1249.0,1400,0.0,0.0
2024-01-23 00:00:00+09:00,1250.0,1259.0,1246.0,1259.0,1000,0.0,0.0
2024-01-24 00:00:00+09:00,1259.0,1260.0,1248.0,1260.0,1600,0.0,0.0
2024-01-25 00:00:00+09:00,1260.0,1260.0,1251.0,1259.0,800,0.0,0.0
2024-01-26 00:00:00+09:00,1260.0,1260.0,1220.0,1220.0,3100,0.0,0.0
2024-01-29 00:00:00+09:00,1249.0,1251.0,1248.0,1250.0,900,0.0,0.0
2024-01-30 00:00:00+09:00,1251.0,1251.0,1246.0,1246.0,500,0.0,0.0
2024-01-31 00:00:00+09:00,1246.0,1247.0,1229.0,1229.0,1500,0.0,0.0
2024-02-01 00:00:00+09:00,1229.0,1234.0,1229.0,1234.0,900,0.0,0.0
2024-02-02 00:00:00+09:00,1235.0,1235.0,1228.0,1230.0,1600,0.0,0.0
2024-02-05 00:00:00+09:00,1246.0,1248.0,1222.0,1230.0,1700,0.0,0.0
2024-02-06 00:00:00+09:00,1230.0,1230.0,1228.0,1230.0,1200,0.0,0.0
2024-02-07 00:00:00+09:00,1230.0,1230.0,1228.0,1229.0,700,0.0,0.0
2024-02-08 00:00:00+09:00,1229.0,1246.0,1228.0,1246.0,4900,0.0,0.0
2024-02-09 00:00:00+09:00,1235.0,1256.0,1235.0,1236.0,1500,0.0,0.0
2024-02-13 00:00:00+09:00,1236.0,1248.0,1236.0,1248.0,400,0.0,0.0
2024-02-14 00:00:00+09:00,1251.0,1257.0,1248.0,1257.0,600,0.0,0.0
2024-02-15 00:00:00+09:00,1258.0,1260.0,1221.0,1221.0,1800,0.0,0.0
2024-02-16 00:00:00+09:00,1225.0,1261.0,1210.0,1210.0,3500,0.0,0.0
2024-02-19 00:00:00+09:00,1223.0,1227.0,1222.0,1227.0,600,0.0,0.0
2024-02-20 00:00:00+09:00,1230.0,1238.0,1215.0,1223.0,2100,0.0,0.0
2024-02-21 00:00:00+09:00,1219.0,1236.0,1215.0,1236.0,2100,0.0,0.0
2024-02-22 00:00:00+09:00,1236.0,1260.0,1235.0,1258.0,1600,0.0,0.0
2024-02-26 00:00:00+09:00,1258.0,1270.0,1258.0,1260.0,1800,0.0,0.0
2024-02-27 00:00:00+09:00,1270.0,1290.0,1270.0,1278.0,1700,0.0,0.0
2024-02-28 00:00:00+09:00,1278.0,1300.0,1278.0,1300.0,1900,0.0,0.0
2024-02-29 00:00:00+09:00,1300.0,1320.0,1300.0,1320.0,3500,0.0,0.0
2024-03-01 00:00:00+09:00,1440.0,1620.0,1352.0,1352.0,27300,0.0,0.0
2024-03-04 00:00:00+09:00,1382.0,1446.0,1352.0,1399.0,5400,0.0,0.0
2024-03-05 00:00:00+09:00,1370.0,1372.0,1352.0,1356.0,5600,0.0,0.0
2024-03-06 00:00:00+09:00,1350.0,1399.0,1350.0,1399.0,1500,0.0,0.0
2024-03-07 00:00:00+09:00,1398.0,1398.0,1358.0,1358.0,1500,0.0,0.0
2024-03-08 00:00:00+09:00,1357.0,1384.0,1356.0,1376.0,1500,0.0,0.0
2024-03-11 00:00:00+09:00,1376.0,1380.0,1360.0,1368.0,2400,0.0,0.0
2024-03-12 00:00:00+09:00,1368.0,1392.0,1364.0,1392.0,1800,0.0,0.0
2024-03-13 00:00:00+09:00,1400.0,1406.0,1392.0,1406.0,600,0.0,0.0
2024-03-14 00:00:00+09:00,1384.0,1409.0,1384.0,1407.0,600,0.0,0.0
2024-03-15 00:00:00+09:00,1401.0,1419.0,1401.0,1412.0,1700,0.0,0.0
2024-03-18 00:00:00+09:00,1435.0,1448.0,1427.0,1448.0,2300,0.0,0.0
2024-03-19 00:00:00+09:00,1448.0,1455.0,1448.0,1451.0,1400,0.0,0.0
2024-03-21 00:00:00+09:00,1481.0,1487.0,1458.0,1483.0,3300,0.0,0.0
2024-03-22 00:00:00+09:00,1498.0,1513.0,1457.0,1488.0,5000,0.0,0.0
2024-03-25 00:00:00+09:00,1489.0,1523.0,1489.0,1523.0,3800,0.0,0.0
2024-03-26 00:00:00+09:00,1524.0,1525.0,1493.0,1520.0,2100,0.0,0.0
2024-03-27 00:00:00+09:00,1490.0,1519.0,1440.0,1504.0,5900,0.0,0.0
2024-03-28 00:00:00+09:00,1351.0,1403.0,1320.0,1386.0,8300,0.0,0.0
2024-03-29 00:00:00+09:00,1377.0,1377.0,1350.0,1350.0,3000,0.0,0.0
2024-04-01 00:00:00+09:00,1346.0,1349.0,1342.0,1349.0,1200,0.0,0.0
2024-04-02 00:00:00+09:00,1349.0,1349.0,1338.0,1338.0,1200,0.0,0.0
2024-04-03 00:00:00+09:00,1332.0,1404.0,1332.0,1404.0,2900,0.0,0.0
2024-04-04 00:00:00+09:00,1402.0,1402.0,1342.0,1354.0,3100,0.0,0.0
2024-04-05 00:00:00+09:00,1331.0,1332.0,1321.0,1322.0,2200,0.0,0.0
2024-04-08 00:00:00+09:00,1323.0,1323.0,1323.0,1323.0,300,0.0,0.0
2024-04-09 00:00:00+09:00,1323.0,1352.0,1322.0,1322.0,1300,0.0,0.0
2024-04-10 00:00:00+09:00,1328.0,1328.0,1328.0,1328.0,100,0.0,0.0
2024-04-11 00:00:00+09:00,1325.0,1325.0,1320.0,1321.0,900,0.0,0.0
2024-04-12 00:00:00+09:00,1335.0,1335.0,1319.0,1319.0,400,0.0,0.0
2024-04-15 00:00:00+09:00,1319.0,1319.0,1318.0,1318.0,300,0.0,0.0
2024-04-16 00:00:00+09:00,1317.0,1318.0,1310.0,1310.0,700,0.0,0.0
2024-04-17 00:00:00+09:00,1303.0,1306.0,1301.0,1306.0,500,0.0,0.0
2024-04-18 00:00:00+09:00,1300.0,1300.0,1276.0,1299.0,1800,0.0,0.0
2024-04-19 00:00:00+09:00,1278.0,1278.0,1272.0,1273.0,1300,0.0,0.0
2024-04-22 00:00:00+09:00,1273.0,1280.0,1272.0,1275.0,600,0.0,0.0
2024-04-23 00:00:00+09:00,1275.0,1275.0,1275.0,1275.0,200,0.0,0.0
2024-04-24 00:00:00+09:00,1275.0,1290.0,1272.0,1290.0,1800,0.0,0.0
2024-04-25 00:00:00+09:00,1290.0,1316.0,1279.0,1316.0,900,0.0,0.0
2024-04-26 00:00:00+09:00,1315.0,1330.0,1315.0,1330.0,500,0.0,0.0
2024-04-30 00:00:00+09:00,1324.0,1324.0,1285.0,1297.0,900,0.0,0.0
2024-05-01 00:00:00+09:00,1299.0,1331.0,1299.0,1328.0,1000,0.0,0.0
2024-05-02 00:00:00+09:00,1325.0,1325.0,1295.0,1296.0,500,0.0,0.0
2024-05-07 00:00:00+09:00,1297.0,1305.0,1297.0,1305.0,400,0.0,0.0
2024-05-08 00:00:00+09:00,1297.0,1298.0,1296.0,1296.0,500,0.0,0.0
2024-05-09 00:00:00+09:00,1296.0,1296.0,1282.0,1282.0,800,0.0,0.0
2024-05-10 00:00:00+09:00,1282.0,1282.0,1282.0,1282.0,100,0.0,0.0
2024-05-13 00:00:00+09:00,1283.0,1283.0,1282.0,1282.0,800,0.0,0.0
2024-05-14 00:00:00+09:00,1282.0,1282.0,1282.0,1282.0,100,0.0,0.0
2024-05-15 00:00:00+09:00,1290.0,1320.0,1290.0,1320.0,1300,0.0,0.0
2024-05-16 00:00:00+09:00,1315.0,1315.0,1280.0,1280.0,1600,0.0,0.0
2024-05-17 00:00:00+09:00,1271.0,1273.0,1271.0,1273.0,800,0.0,0.0
2024-05-20 00:00:00+09:00,1273.0,1280.0,1271.0,1280.0,400,0.0,0.0
2024-05-21 00:00:00+09:00,1280.0,1280.0,1270.0,1271.0,500,0.0,0.0
2024-05-22 00:00:00+09:00,1271.0,1279.0,1270.0,1270.0,700,0.0,0.0
2024-05-23 00:00:00+09:00,1270.0,1280.0,1270.0,1270.0,500,0.0,0.0
2024-05-24 00:00:00+09:00,1270.0,1279.0,1264.0,1277.0,800,0.0,0.0
2024-05-27 00:00:00+09:00,1281.0,1281.0,1281.0,1281.0,700,0.0,0.0
2024-05-28 00:00:00+09:00,1277.0,1277.0,1269.0,1269.0,200,0.0,0.0
2024-05-29 00:00:00+09:00,1266.0,1277.0,1255.0,1277.0,800,0.0,0.0
2024-05-30 00:00:00+09:00,1256.0,1258.0,1256.0,1258.0,300,0.0,0.0
2024-05-31 00:00:00+09:00,1258.0,1258.0,1258.0,1258.0,0,0.0,0.0
2024-06-03 00:00:00+09:00,1264.0,1275.0,1258.0,1258.0,700,0.0,0.0
2024-06-04 00:00:00+09:00,1258.0,1258.0,1258.0,1258.0,300,0.0,0.0
2024-06-05 00:00:00+09:00,1255.0,1255.0,1255.0,1255.0,900,0.0,0.0
2024-06-06 00:00:00+09:00,1255.0,1256.0,1255.0,1256.0,200,0.0,0.0
2024-06-07 00:00:00+09:00,1256.0,1256.0,1256.0,1256.0,0,0.0,0.0
2024-06-10 00:00:00+09:00,1253.0,1279.0,1252.0,1279.0,600,0.0,0.0
2024-06-11 00:00:00+09:00,1268.0,1268.0,1267.0,1268.0,600,0.0,0.0
2024-06-12 00:00:00+09:00,1267.0,1267.0,1255.0,1265.0,500,0.0,0.0
2024-06-13 00:00:00+09:00,1258.0,1258.0,1258.0,1258.0,100,0.0,0.0
2024-06-14 00:00:00+09:00,1262.0,1262.0,1255.0,1256.0,600,0.0,0.0
2024-06-17 00:00:00+09:00,1256.0,1267.0,1256.0,1267.0,200,0.0,0.0
2024-06-18 00:00:00+09:00,1275.0,1275.0,1275.0,1275.0,100,0.0,0.0
2024-06-19 00:00:00+09:00,1268.0,1268.0,1268.0,1268.0,200,0.0,0.0
2024-06-20 00:00:00+09:00,1266.0,1266.0,1263.0,1263.0,300,0.0,0.0
2024-06-21 00:00:00+09:00,1256.0,1269.0,1256.0,1268.0,500,0.0,0.0
2024-06-24 00:00:00+09:00,1268.0,1268.0,1256.0,1256.0,600,0.0,0.0
2024-06-25 00:00:00+09:00,1268.0,1269.0,1257.0,1269.0,1600,0.0,0.0
2024-06-26 00:00:00+09:00,1271.0,1275.0,1271.0,1274.0,500,0.0,0.0
2024-06-27 00:00:00+09:00,1274.0,1274.0,1274.0,1274.0,0,0.0,0.0
2024-06-28 00:00:00+09:00,1273.0,1273.0,1273.0,1273.0,100,0.0,0.0
2024-07-01 00:00:00+09:00,1278.0,1290.0,1278.0,1290.0,500,0.0,0.0
2024-07-02 00:00:00+09:00,1290.0,1290.0,1290.0,1290.0,100,0.0,0.0
2024-07-03 00:00:00+09:00,1290.0,1290.0,1290.0,1290.0,100,0.0,0.0
2024-07-04 00:00:00+09:00,1290.0,1290.0,1290.0,1290.0,0,0.0,0.0
2024-07-05 00:00:00+09:00,1283.0,1283.0,1283.0,1283.0,100,0.0,0.0
2024-07-08 00:00:00+09:00,1283.0,1283.0,1272.0,1274.0,300,0.0,0.0
2024-07-09 00:00:00+09:00,1274.0,1274.0,1274.0,1274.0,400,0.0,0.0
2024-07-10 00:00:00+09:00,1274.0,1274.0,1272.0,1272.0,400,0.0,0.0
2024-07-11 00:00:00+09:00,1270.0,1270.0,1260.0,1260.0,900,0.0,0.0
2024-07-12 00:00:00+09:00,1260.0,1260.0,1260.0,1260.0,1100,0.0,0.0
2024-07-16 00:00:00+09:00,1260.0,1265.0,1258.0,1261.0,3400,0.0,0.0
2024-07-17 00:00:00+09:00,1263.0,1263.0,1255.0,1257.0,1500,0.0,0.0
2024-07-18 00:00:00+09:00,1256.0,1265.0,1256.0,1265.0,400,0.0,0.0
2024-07-19 00:00:00+09:00,1257.0,1257.0,1257.0,1257.0,100,0.0,0.0
2024-07-22 00:00:00+09:00,1264.0,1267.0,1255.0,1257.0,1000,0.0,0.0
2024-07-23 00:00:00+09:00,1257.0,1264.0,1257.0,1260.0,600,0.0,0.0
2024-07-24 00:00:00+09:00,1262.0,1262.0,1260.0,1260.0,600,0.0,0.0
2024-07-25 00:00:00+09:00,1284.0,1284.0,1262.0,1280.0,5500,0.0,0.0
2024-07-26 00:00:00+09:00,1284.0,1284.0,1261.0,1261.0,3000,0.0,0.0
2024-07-29 00:00:00+09:00,1282.0,1282.0,1282.0,1282.0,100,0.0,0.0
2024-07-30 00:00:00+09:00,1275.0,1283.0,1270.0,1283.0,500,0.0,0.0
2024-07-31 00:00:00+09:00,1270.0,1283.0,1270.0,1283.0,400,0.0,0.0
2024-08-01 00:00:00+09:00,1265.0,1282.0,1264.0,1280.0,600,0.0,0.0
2024-08-02 00:00:00+09:00,1258.0,1260.0,1230.0,1230.0,3200,0.0,0.0
2024-08-05 00:00:00+09:00,1230.0,1230.0,1138.0,1138.0,4600,0.0,0.0
2024-08-06 00:00:00+09:00,1130.0,1197.0,1125.0,1175.0,2500,0.0,0.0
2024-08-07 00:00:00+09:00,1175.0,1199.0,1150.0,1185.0,3200,0.0,0.0
2024-08-08 00:00:00+09:00,1211.0,1221.0,1177.0,1177.0,600,0.0,0.0
2024-08-09 00:00:00+09:00,1246.0,1258.0,1200.0,1244.0,4900,0.0,0.0
2024-08-13 00:00:00+09:00,1262.0,1290.0,1260.0,1290.0,1600,0.0,0.0
2024-08-14 00:00:00+09:00,1297.0,1297.0,1292.0,1292.0,1700,0.0,0.0
2024-08-15 00:00:00+09:00,1257.0,1289.0,1233.0,1233.0,4700,0.0,0.0
2024-08-16 00:00:00+09:00,1231.0,1239.0,1197.0,1219.0,1600,0.0,0.0
2024-08-19 00:00:00+09:00,1220.0,1221.0,1205.0,1218.0,1300,0.0,0.0
2024-08-20 00:00:00+09:00,1218.0,1218.0,1215.0,1218.0,700,0.0,0.0
2024-08-21 00:00:00+09:00,1218.0,1218.0,1211.0,1211.0,1400,0.0,0.0
2024-08-22 00:00:00+09:00,1211.0,1211.0,1210.0,1210.0,500,0.0,0.0
2024-08-23 00:00:00+09:00,1215.0,1220.0,1215.0,1219.0,700,0.0,0.0
2024-08-26 00:00:00+09:00,1241.0,1241.0,1220.0,1220.0,900,0.0,0.0
2024-08-27 00:00:00+09:00,1219.0,1220.0,1211.0,1218.0,700,0.0,0.0
2024-08-28 00:00:00+09:00,1212.0,1217.0,1212.0,1213.0,600,0.0,0.0
2024-08-29 00:00:00+09:00,1213.0,1213.0,1205.0,1212.0,1200,0.0,0.0
2024-08-30 00:00:00+09:00,1220.0,1220.0,1220.0,1220.0,300,0.0,0.0
2024-09-02 00:00:00+09:00,1220.0,1234.0,1220.0,1232.0,500,0.0,0.0
2024-09-03 00:00:00+09:00,1226.0,1226.0,1208.0,1208.0,1000,0.0,0.0
2024-09-04 00:00:00+09:00,1210.0,1212.0,1210.0,1211.0,400,0.0,0.0
2024-09-05 00:00:00+09:00,1210.0,1230.0,1210.0,1210.0,500,0.0,0.0
2024-09-06 00:00:00+09:00,1210.0,1210.0,1210.0,1210.0,200,0.0,0.0
2024-09-09 00:00:00+09:00,1209.0,1229.0,1204.0,1229.0,400,0.0,0.0
2024-09-10 00:00:00+09:00,1229.0,1229.0,1229.0,1229.0,0,0.0,0.0
2024-09-11 00:00:00+09:00,1229.0,1229.0,1229.0,1229.0,0,0.0,0.0
2024-09-12 00:00:00+09:00,1229.0,1229.0,1200.0,1212.0,900,0.0,0.0
2024-09-13 00:00:00+09:00,1212.0,1212.0,1212.0,1212.0,100,0.0,0.0
