Date,Open,High,Low,Close,Volume,Dividends,Stock Splits
2004-03-22 00:00:00+09:00,420.3600371854389,420.3600371854389,406.0759582519531,406.0759582519531,26000,0.0,0.0
2004-03-23 00:00:00+09:00,404.0353091514274,404.0353091514274,394.51259142731965,397.2333679199219,13000,0.0,0.0
2004-03-24 00:00:00+09:00,384.3096618652344,384.3096618652344,374.10675048828125,374.10675048828125,15000,0.0,0.0
2004-03-25 00:00:00+09:00,384.98988680158345,387.71066338675365,374.10678046090266,380.9087219238281,32000,0.0,0.0
2004-03-26 00:00:00+09:00,398.06680351391174,398.06680351391174,391.2035827636719,391.2035827636719,21000,5.0,0.0
2004-03-29 00:00:00+09:00,392.5761661924165,411.10685935184875,392.5761661924165,398.0667419433594,51000,0.0,0.0
2004-03-30 00:00:00+09:00,398.06657925458023,398.06657925458023,389.8307189941406,389.8307189941406,25000,0.0,0.0
2004-03-31 00:00:00+09:00,392.5762269137199,404.9300242641516,391.2035827636719,391.2035827636719,63000,0.0,0.0
2004-04-01 00:00:00+09:00,391.20349174167796,398.0667108950408,391.20349174167796,394.6351013183594,49000,0.0,0.0
2004-04-02 00:00:00+09:00,394.6351920952231,406.9889894129866,393.2625479488049,404.9300231933594,53000,0.0,0.0
2004-04-05 00:00:00+09:00,404.92999267578125,415.2248229980469,404.92999267578125,415.2248229980469,119000,0.0,0.0
2004-04-06 00:00:00+09:00,415.22478594827817,415.22478594827817,403.55731262411166,410.4205322265625,28000,0.0,0.0
2004-04-07 00:00:00+09:00,405.61624083014476,405.61624083014476,401.49830945115855,402.18463134765625,12000,0.0,0.0
2004-04-08 00:00:00+09:00,402.18457464198343,402.18457464198343,396.6940002441406,396.6940002441406,7000,0.0,0.0
2004-04-09 00:00:00+09:00,394.63516854314787,394.63516854314787,389.14459228515625,389.14459228515625,8000,0.0,0.0
2004-04-12 00:00:00+09:00,396.0077760367558,401.4983517876987,396.0077760367558,398.0667419433594,34000,0.0,0.0
2004-04-13 00:00:00+09:00,401.4983642264588,401.4983642264588,391.20353437449836,400.8120422363281,27000,0.0,0.0
2004-04-14 00:00:00+09:00,397.3804814388878,400.8120918140077,387.77197238855194,391.2035827636719,16000,0.0,0.0
2004-04-15 00:00:00+09:00,387.7719421386719,387.7719421386719,380.9087219238281,380.9087219238281,22000,0.0,0.0
2004-04-16 00:00:00+09:00,384.34036227876106,387.77197265625,377.4771415237832,387.77197265625,14000,0.0,0.0
2004-04-19 00:00:00+09:00,394.6351920952231,404.9300231933594,390.5172596559686,404.9300231933594,100000,0.0,0.0
2004-04-20 00:00:00+09:00,404.9299026489258,411.7931213378906,404.9299026489258,411.7931213378906,36000,0.0,0.0
2004-04-21 00:00:00+09:00,409.73427770582293,409.73427770582293,404.9300231933594,404.9300231933594,11000,0.0,0.0
2004-04-22 00:00:00+09:00,403.5573176943023,403.5573176943023,398.0667419433594,398.0667419433594,22000,0.0,0.0
2004-04-23 00:00:00+09:00,404.24359703714936,404.24359703714936,401.49830945115855,402.18463134765625,23000,0.0,0.0
2004-04-26 00:00:00+09:00,406.9888674952403,411.7931205685399,404.9299018923976,408.36151123046875,69000,0.0,0.0
2004-04-27 00:00:00+09:00,407.6751337824641,407.6751337824641,398.75295071988495,406.302490234375,40000,0.0,0.0
2004-04-28 00:00:00+09:00,420.02902726060364,420.02902726060364,408.36155428114245,411.1068420410156,53000,0.0,0.0
2004-04-29 00:00:00+09:00,411.1068420410156,411.1068420410156,411.1068420410156,411.1068420410156,0,0.0,0.0
2004-04-30 00:00:00+09:00,412.4794432067871,412.4794432067871,408.3615119934082,411.7931213378906,36000,0.0,0.0
2004-05-03 00:00:00+09:00,411.7931213378906,411.7931213378906,411.7931213378906,411.7931213378906,0,0.0,0.0
2004-05-04 00:00:00+09:00,411.7931213378906,411.7931213378906,411.7931213378906,411.7931213378906,0,0.0,0.0
2004-05-05 00:00:00+09:00,411.7931213378906,411.7931213378906,411.7931213378906,411.7931213378906,0,0.0,0.0
2004-05-06 00:00:00+09:00,411.7931205685399,411.7931205685399,408.36151123046875,408.36151123046875,17000,0.0,0.0
2004-05-07 00:00:00+09:00,414.53853221828655,414.53853221828655,404.9300231933594,404.9300231933594,12000,0.0,0.0
2004-05-10 00:00:00+09:00,411.10685935184875,411.10685935184875,391.20352225468076,398.0667419433594,24000,0.0,0.0
2004-05-11 00:00:00+09:00,396.69415991646906,396.69415991646906,384.3403625488281,384.3403625488281,10000,0.0,0.0
2004-05-12 00:00:00+09:00,402.18473710493606,402.18473710493606,377.4771423339844,377.4771423339844,27000,0.0,0.0
2004-05-13 00:00:00+09:00,396.6941284179688,396.6941284179688,380.9087219238281,380.9087219238281,15000,0.0,0.0
2004-05-14 00:00:00+09:00,382.9676879882813,382.9676879882813,374.0455017089844,374.0455017089844,20000,0.0,0.0
2004-05-17 00:00:00+09:00,369.92750878304673,369.92750878304673,319.13968754010523,334.23876953125,21000,0.0,0.0
2004-05-18 00:00:00+09:00,336.29777323992954,356.2011108398437,336.29777323992954,356.20111083984375,8000,0.0,0.0
2004-05-19 00:00:00+09:00,359.63274538471325,359.63274538471325,358.2601013183594,358.2601013183594,11000,0.0,0.0
2004-05-20 00:00:00+09:00,365.1232511312655,365.1232511312655,344.5335941125851,346.5925598144531,15000,0.0,0.0
2004-05-21 00:00:00+09:00,354.1421404689604,382.2813415527344,354.1421404689604,382.2813415527344,12000,0.0,0.0
2004-05-24 00:00:00+09:00,402.8710586002895,402.8710586002895,384.3403625488281,384.3403625488281,14000,0.0,0.0
2004-05-25 00:00:00+09:00,398.0668040684291,398.0668040684291,380.9087521689279,384.3403625488281,16000,0.0,0.0
2004-05-26 00:00:00+09:00,383.65401000976567,384.34033203125,374.0455017089844,374.0455017089844,4000,0.0,0.0
2004-05-27 00:00:00+09:00,374.0455017089844,374.0455017089844,374.0455017089844,374.0455017089844,3000,0.0,0.0
2004-05-28 00:00:00+09:00,390.5171720195749,390.5171720195749,368.55487060546875,368.55487060546875,22000,0.0,0.0
2004-05-31 00:00:00+09:00,370.61382821890027,370.61382821890027,354.1421025202825,356.88739013671875,24000,0.0,0.0
2004-06-01 00:00:00+09:00,363.75064706443845,365.123291015625,353.45581743053924,365.123291015625,24000,0.0,0.0
2004-06-02 00:00:00+09:00,363.75057242340614,363.75057242340614,358.9463195800781,358.9463195800781,7000,0.0,0.0
2004-06-03 00:00:00+09:00,363.7505493164063,363.7505493164063,360.3189403605911,363.75054931640625,7000,0.0,0.0
2004-06-04 00:00:00+09:00,358.2601013183594,358.2601013183594,358.2601013183594,358.2601013183594,4000,0.0,0.0
2004-06-07 00:00:00+09:00,363.75058068961744,367.18218994140625,363.75058068961744,367.18218994140625,6000,0.0,0.0
2004-06-08 00:00:00+09:00,369.2411236457105,374.0453761838517,363.7505493164063,363.75054931640625,16000,0.0,0.0
2004-06-09 00:00:00+09:00,362.3779602050781,362.3779602050781,362.3779602050781,362.3779602050781,3000,0.0,0.0
2004-06-10 00:00:00+09:00,369.2411978997445,369.2411978997445,356.2010812452925,363.0643005371094,80000,0.0,0.0
2004-06-11 00:00:00+09:00,358.9463694140259,369.92752029476094,358.9463694140259,366.49591064453125,13000,0.0,0.0
2004-06-14 00:00:00+09:00,364.43692775325883,375.4180781187054,364.43692775325883,372.67279052734375,11000,0.0,0.0
2004-06-15 00:00:00+09:00,369.927495927953,370.61381781279147,367.8685302734375,367.8685302734375,8000,0.0,0.0
2004-06-16 00:00:00+09:00,370.61382483382255,373.35911242518415,369.9275029359821,372.67279052734375,8000,0.0,0.0
2004-06-17 00:00:00+09:00,373.35908745659725,376.1043748643663,369.2411563449436,370.6138000488281,41000,0.0,0.0
2004-06-18 00:00:00+09:00,371.9864437527127,374.04540930853955,370.6138000488281,370.6138000488281,15000,0.0,0.0
2004-06-21 00:00:00+09:00,377.47711181640625,377.47711181640625,370.6138916015625,374.0455017089844,40000,0.0,0.0
2004-06-22 00:00:00+09:00,379.5359191894531,379.5359191894531,378.1632757204135,379.5359191894531,14000,0.0,0.0
2004-06-23 00:00:00+09:00,377.4770874908005,378.8497314453125,374.04547760452044,378.8497314453125,51000,0.0,0.0
2004-06-24 00:00:00+09:00,377.47711181640625,381.5950439453125,377.47711181640625,380.9087219238281,18000,0.0,0.0
2004-06-25 00:00:00+09:00,380.9085626584927,387.7717800036908,379.5359191894531,379.5359191894531,49000,0.0,0.0
2004-06-28 00:00:00+09:00,400.1256941253063,400.1256941253063,385.026611328125,385.026611328125,36000,0.0,0.0
2004-06-29 00:00:00+09:00,386.39925521877785,387.7718991094307,385.026611328125,385.026611328125,28000,0.0,0.0
2004-06-30 00:00:00+09:00,385.7129332734514,389.83086494541,385.026611328125,385.026611328125,17000,0.0,0.0
2004-07-01 00:00:00+09:00,385.71300670078824,387.08565085274836,378.16346386500766,384.3403625488281,31000,0.0,0.0
2004-07-02 00:00:00+09:00,378.8496894426243,382.9676208496094,378.8496894426243,382.9676208496094,5000,0.0,0.0
2004-07-05 00:00:00+09:00,395.3215163352273,395.3215163352273,377.4771423339844,377.4771423339844,53000,0.0,0.0
2004-07-06 00:00:00+09:00,377.47700824495234,389.83080124205986,377.47700824495234,378.163330078125,17000,0.0,0.0
2004-07-07 00:00:00+09:00,377.4771423339844,377.4771423339844,374.04553194912995,377.4771423339844,19000,0.0,0.0
2004-07-08 00:00:00+09:00,377.4771423339844,377.4771423339844,377.4771423339844,377.4771423339844,5000,0.0,0.0
2004-07-09 00:00:00+09:00,371.3002436412464,377.4771423339844,371.3002436412464,377.4771423339844,15000,0.0,0.0
2004-07-12 00:00:00+09:00,380.9086424349017,380.9086424349017,377.4770330435963,380.2223205566406,26000,0.0,0.0
2004-07-13 00:00:00+09:00,377.4771423339844,379.536108564897,377.4771423339844,377.4771423339844,6000,0.0,0.0
2004-07-14 00:00:00+09:00,380.9086278279623,380.9086278279623,370.6138000488281,370.6138000488281,34000,0.0,0.0
2004-07-15 00:00:00+09:00,372.67276560465496,374.04540930853955,370.6138000488281,370.6138000488281,19000,0.0,0.0
2004-07-16 00:00:00+09:00,370.61381283928364,373.3591003417969,367.18220346114214,373.3591003417969,18000,0.0,0.0
2004-07-19 00:00:00+09:00,373.3591003417969,373.3591003417969,373.3591003417969,373.3591003417969,0,0.0,0.0
2004-07-20 00:00:00+09:00,380.22230597602,380.22230597602,370.6138000488281,370.6138000488281,17000,0.0,0.0
2004-07-21 00:00:00+09:00,371.30005837521543,379.5359191894531,371.30005837521543,379.5359191894531,14000,0.0,0.0
2004-07-22 00:00:00+09:00,379.5360223466779,380.22234426773883,374.7317688992516,375.4180908203125,24000,0.0,0.0
2004-07-23 00:00:00+09:00,380.9087219238281,380.9087219238281,371.3002136230469,374.0455017089844,46000,0.0,0.0
2004-07-26 00:00:00+09:00,376.7908197130476,391.20358330862865,374.7318534851074,384.3403625488281,101000,0.0,0.0
2004-07-27 00:00:00+09:00,386.3992415572869,391.2034950047132,375.4180908203125,375.4180908203125,119000,0.0,0.0
2004-07-28 00:00:00+09:00,396.007837840489,396.007837840489,378.16346386500766,384.3403625488281,15000,0.0,0.0
2004-07-29 00:00:00+09:00,384.3403072633605,384.3403072633605,378.8497314453125,378.8497314453125,8000,0.0,0.0
2004-07-30 00:00:00+09:00,378.84978567477873,387.77197265625,378.84978567477873,387.77197265625,2000,0.0,0.0
2004-08-02 00:00:00+09:00,389.83088330691766,389.83088330691766,382.2813415527344,382.2813415527344,21000,0.0,0.0
2004-08-03 00:00:00+09:00,380.9085626584927,382.9675278620521,379.5359191894531,379.5359191894531,15000,0.0,0.0
2004-08-04 00:00:00+09:00,379.536108564897,379.536108564897,377.4771423339844,377.4771423339844,26000,0.0,0.0
2004-08-05 00:00:00+09:00,377.47711181640625,380.9087219238281,376.10446777343753,380.9087219238281,19000,0.0,0.0
2004-08-06 00:00:00+09:00,375.41817610307174,377.4771423339844,374.73185402610085,377.4771423339844,11000,0.0,0.0
2004-08-09 00:00:00+09:00,376.1044981800426,377.4771423339844,375.41817610307174,377.4771423339844,6000,0.0,0.0
2004-08-10 00:00:00+09:00,377.47704564029596,382.9676208496094,372.67279233214674,382.9676208496094,18000,0.0,0.0
2004-08-11 00:00:00+09:00,382.9676196244512,382.9676196244512,376.1044006347656,376.1044006347656,2000,0.0,0.0
2004-08-12 00:00:00+09:00,380.9087219238281,380.9087219238281,374.0455017089844,374.0455017089844,7000,0.0,0.0
2004-08-13 00:00:00+09:00,373.35911242518415,374.0454343230246,372.67279052734375,372.67279052734375,8000,0.0,0.0
2004-08-16 00:00:00+09:00,373.3591367259704,373.3591367259704,371.3001708984375,371.3001708984375,15000,0.0,0.0
2004-08-17 00:00:00+09:00,371.3001708984375,371.3001708984375,371.3001708984375,371.3001708984375,2000,0.0,0.0
2004-08-18 00:00:00+09:00,371.9864437527127,372.67276560465496,370.6138000488281,370.6138000488281,9000,0.0,0.0
2004-08-19 00:00:00+09:00,367.868603515625,380.9087219238281,367.868603515625,380.9087219238281,14000,0.0,0.0
2004-08-20 00:00:00+09:00,380.2223999023438,380.9087219238281,373.35917968750005,380.9087219238281,23000,0.0,0.0
2004-08-23 00:00:00+09:00,390.51711938736287,390.51711938736287,384.34022294714094,387.08551025390625,78000,0.0,0.0
2004-08-24 00:00:00+09:00,390.51711938736287,390.51711938736287,385.7128666005236,387.08551025390625,14000,0.0,0.0
2004-08-25 00:00:00+09:00,387.77183208059756,387.77183208059756,387.08551025390625,387.08551025390625,22000,0.0,0.0
2004-08-26 00:00:00+09:00,387.0856261884094,394.63516854314787,387.0856261884094,389.14459228515625,58000,0.0,0.0
2004-08-27 00:00:00+09:00,396.007733658546,404.92991829903315,396.007733658546,398.7530212402344,220000,0.0,0.0
2004-08-30 00:00:00+09:00,411.1067426526869,411.1067426526869,401.4982378160632,406.302490234375,135000,0.0,0.0
2004-08-31 00:00:00+09:00,408.36151123046875,411.7931205685399,401.49829255432644,408.36151123046875,124000,0.0,0.0
2004-09-01 00:00:00+09:00,415.91099343221697,425.51949823098107,415.91099343221697,418.6562805175781,297000,0.0,0.0
2004-09-02 00:00:00+09:00,425.5195302575585,425.5195302575585,417.9699902046018,422.0879211425781,135000,0.0,0.0
2004-09-03 00:00:00+09:00,418.6563400268555,418.6563400268555,408.3615119934082,411.7931213378906,70000,0.0,0.0
2004-09-06 00:00:00+09:00,411.79316398098393,411.79316398098393,403.5573007013643,411.1068420410156,80000,0.0,0.0
2004-09-07 00:00:00+09:00,415.9111818839545,422.7744027071221,412.4795714723707,413.1658935546875,106000,0.0,0.0
2004-09-08 00:00:00+09:00,415.9111691548035,420.7154235839844,415.2248470934919,420.7154235839844,32000,0.0,0.0
2004-09-09 00:00:00+09:00,418.65638419716623,422.0879939037004,417.9700622558594,417.9700622558594,90000,0.0,0.0
2004-09-10 00:00:00+09:00,422.7742111456199,422.7742111456199,415.2246716608767,418.6562805175781,74000,0.0,0.0
2004-09-13 00:00:00+09:00,418.6562936391427,421.4015808105469,415.2246846748874,421.4015808105469,15000,0.0,0.0
2004-09-14 00:00:00+09:00,418.65642101733715,422.77435302734375,412.47952300232726,422.77435302734375,51000,0.0,0.0
2004-09-15 00:00:00+09:00,422.0879493713379,422.0879493713379,411.7931213378906,411.7931213378906,34000,0.0,0.0
2004-09-16 00:00:00+09:00,411.7931205685399,413.8520861713826,408.36151123046875,408.36151123046875,43000,0.0,0.0
2004-09-17 00:00:00+09:00,412.4794981072978,413.852142027788,408.36156634582727,410.4205322265625,36000,0.0,0.0
2004-09-20 00:00:00+09:00,410.42053222656256,410.42053222656256,410.42053222656256,410.4205322265625,0,0.0,0.0
2004-09-21 00:00:00+09:00,413.1658880718684,413.1658880718684,404.9300231933594,404.9300231933594,24000,0.0,0.0
2004-09-22 00:00:00+09:00,404.2435368313604,408.36146759704485,404.2435368313604,405.6161804199219,17000,0.0,0.0
2004-09-23 00:00:00+09:00,405.6161804199219,405.6161804199219,405.6161804199219,405.6161804199219,0,0.0,0.0
2004-09-24 00:00:00+09:00,404.9300231933594,407.6753114861957,404.9300231933594,404.9300231933594,22000,0.0,0.0
2004-09-27 00:00:00+09:00,414.6205937312199,414.6205937312199,404.92996215820307,404.9299621582031,10000,5.0,0.0
2004-09-28 00:00:00+09:00,398.7002680892548,399.3924560546875,398.7002680892548,399.3924560546875,13000,0.0,0.0
2004-09-29 00:00:00+09:00,399.39240186608356,402.8533412236753,398.0080261230469,398.0080261230469,14000,0.0,0.0
2004-09-30 00:00:00+09:00,394.54700787862146,398.70013427734375,394.54700787862146,398.70013427734375,29000,0.0,0.0
2004-10-01 00:00:00+09:00,398.0081396587824,408.3909606933594,397.31595158981065,408.3909606933594,25000,0.0,0.0
2004-10-04 00:00:00+09:00,415.31280973064366,418.77374981173233,409.083117584684,417.3893737792969,50000,0.0,0.0
2004-10-05 00:00:00+09:00,408.39080656676737,411.85174560546875,408.39080656676737,411.85174560546875,4000,0.0,0.0
2004-10-06 00:00:00+09:00,411.85174560546875,415.3126846441702,411.85174560546875,411.85174560546875,22000,0.0,0.0
2004-10-07 00:00:00+09:00,408.3909606933594,408.3909606933594,404.93002034850036,408.3909606933594,12000,0.0,0.0
2004-10-08 00:00:00+09:00,407.6986881697259,408.39087609531117,407.0065002441406,407.0065002441406,10000,0.0,0.0
2004-10-11 00:00:00+09:00,407.0065002441406,407.0065002441406,407.0065002441406,407.0065002441406,0,0.0,0.0
2004-10-12 00:00:00+09:00,408.3908878967596,408.3908878967596,407.0065120055841,407.6986999511719,13000,0.0,0.0
2004-10-13 00:00:00+09:00,407.6986999511719,407.6986999511719,407.6986999511719,407.6986999511719,0,0.0,0.0
2004-10-14 00:00:00+09:00,401.4690246582031,401.4690246582031,397.31589681691133,401.4690246582031,17000,0.0,0.0
2004-10-15 00:00:00+09:00,395.23936821117735,397.31593231736565,394.5471801757812,394.54718017578125,15000,0.0,0.0
2004-10-18 00:00:00+09:00,395.2392272949219,395.2392272949219,387.6251616202386,395.2392272949219,30000,0.0,0.0
2004-10-19 00:00:00+09:00,395.23933289626547,407.6987164201407,395.23933289626547,401.4690246582031,41000,0.0,0.0
2004-10-20 00:00:00+09:00,408.39088531861825,410.4674491422722,401.46900590643827,402.16119384765625,41000,0.0,0.0
2004-10-21 00:00:00+09:00,401.4690559293017,401.4690559293017,392.4706115722656,392.4706115722656,14000,0.0,0.0
2004-10-22 00:00:00+09:00,399.3924584021935,404.92996215820307,391.77839073768024,404.9299621582031,6000,0.0,0.0
2004-10-25 00:00:00+09:00,403.5455153074907,403.5455153074907,394.54707328519675,400.7767639160156,11000,0.0,0.0
2004-10-26 00:00:00+09:00,400.7768724943462,401.4690605297423,394.5471801757812,394.54718017578125,26000,0.0,0.0
2004-10-27 00:00:00+09:00,391.7784280341968,394.5471801757812,391.7784280341968,394.54718017578125,18000,0.0,0.0
2004-10-28 00:00:00+09:00,398.00808479046,401.4690246582031,391.08620505497373,401.4690246582031,30000,0.0,0.0
2004-10-29 00:00:00+09:00,401.4690084408823,407.6986999511719,394.54712898500503,407.6986999511719,47000,0.0,0.0
2004-11-01 00:00:00+09:00,402.8533412236753,402.8533412236753,398.0080261230469,398.0080261230469,9000,0.0,0.0
2004-11-02 00:00:00+09:00,394.5471801757812,394.5471801757812,392.4706160695929,394.54718017578125,27000,0.0,0.0
2004-11-03 00:00:00+09:00,394.5471801757812,394.5471801757812,394.5471801757812,394.54718017578125,0,0.0,0.0
2004-11-04 00:00:00+09:00,391.7783557107453,393.85491943359375,391.7783557107453,393.85491943359375,12000,0.0,0.0
2004-11-05 00:00:00+09:00,394.54710734120994,398.0080468792907,393.85491943359375,393.85491943359375,13000,0.0,0.0
2004-11-08 00:00:00+09:00,395.93152806104814,398.0080920194103,388.31746021372027,391.0862121582031,16000,0.0,0.0
2004-11-09 00:00:00+09:00,387.6252746582031,391.08621461050853,387.6252746582031,387.6252746582031,13000,0.0,0.0
2004-11-10 00:00:00+09:00,388.3174342799831,391.7783739794482,384.164306640625,384.164306640625,14000,0.0,0.0
2004-11-11 00:00:00+09:00,387.6252274547549,387.6252274547549,384.1642879239089,384.8564758300781,20000,0.0,0.0
2004-11-12 00:00:00+09:00,382.08782958984375,387.6253343665082,382.08782958984375,382.08782958984375,12000,0.0,0.0
2004-11-15 00:00:00+09:00,380.7033405828913,382.779904258798,375.8580253391091,377.2424011230469,45000,0.0,0.0
2004-11-16 00:00:00+09:00,387.62527222759957,397.31590403328954,387.62527222759957,391.0862121582031,111000,0.0,0.0
2004-11-17 00:00:00+09:00,384.85654327015817,395.23936368212287,384.85654327015817,392.4706115722656,50000,0.0,0.0
2004-11-18 00:00:00+09:00,391.08609818215865,391.08609818215865,386.24078369140625,386.24078369140625,22000,0.0,0.0
2004-11-19 00:00:00+09:00,384.164306640625,384.856494580518,384.164306640625,384.164306640625,12000,0.0,0.0
2004-11-22 00:00:00+09:00,389.70178913517645,389.70178913517645,382.0877222071357,388.3174133300781,11000,0.0,0.0
2004-11-23 00:00:00+09:00,388.3174133300781,388.3174133300781,388.3174133300781,388.3174133300781,0,0.0,0.0
2004-11-24 00:00:00+09:00,386.93304443359375,386.93304443359375,386.93304443359375,386.93304443359375,0,0.0,0.0
2004-11-25 00:00:00+09:00,387.6252746582031,387.6252746582031,387.6252746582031,387.6252746582031,12000,0.0,0.0
2004-11-26 00:00:00+09:00,390.39402662004744,390.39402662004744,387.6252746582031,387.6252746582031,3000,0.0,0.0
2004-11-29 00:00:00+09:00,392.47053378767487,392.47053378767487,389.7017822265625,389.7017822265625,11000,0.0,0.0
2004-11-30 00:00:00+09:00,385.5486686037777,386.93304443359375,385.5486686037777,386.93304443359375,2000,0.0,0.0
2004-12-01 00:00:00+09:00,389.70189865775734,389.70189865775734,382.08782958984375,382.08782958984375,9000,0.0,0.0
2004-12-02 00:00:00+09:00,382.7799022882635,382.7799022882635,376.55021129261365,380.7033386230469,32000,0.0,0.0
2004-12-03 00:00:00+09:00,380.0111507346414,380.7033386230469,379.3189628462358,380.7033386230469,11000,0.0,0.0
2004-12-06 00:00:00+09:00,387.62523658071495,387.62523658071495,377.2424177437315,380.01116943359375,32000,0.0,0.0
2004-12-07 00:00:00+09:00,382.7799307608389,384.164306640625,380.70336694115986,384.164306640625,15000,0.0,0.0
2004-12-08 00:00:00+09:00,382.0877310962884,383.4721069335938,372.3971002351506,383.47210693359375,31000,0.0,0.0
2004-12-09 00:00:00+09:00,379.31890725658343,383.4720339783708,375.85796832176055,382.77984619140625,29000,0.0,0.0
2004-12-10 00:00:00+09:00,383.4721187007319,387.6252463400901,383.4721187007319,384.164306640625,43000,0.0,0.0
2004-12-13 00:00:00+09:00,387.62527222759957,391.0862121582031,382.08776833863385,391.0862121582031,16000,0.0,0.0
2004-12-14 00:00:00+09:00,392.4704577039172,395.931396484375,391.086082191734,395.931396484375,78000,0.0,0.0
2004-12-15 00:00:00+09:00,394.5471520888067,394.5471520888067,391.0862121582031,391.0862121582031,16000,0.0,0.0
2004-12-16 00:00:00+09:00,391.7783557107453,393.85491943359375,391.0861678031292,393.85491943359375,81000,0.0,0.0
2004-12-17 00:00:00+09:00,394.54703950631426,395.2392272949219,393.8548517177067,395.2392272949219,90000,0.0,0.0
2004-12-20 00:00:00+09:00,394.54703950631426,395.2392272949219,391.778288351884,395.2392272949219,77000,0.0,0.0
2004-12-21 00:00:00+09:00,395.2392272949219,397.31579066074454,393.8548517177067,395.2392272949219,24000,0.0,0.0
2004-12-22 00:00:00+09:00,398.0080261230469,400.77677760912024,397.31583825152853,398.0080261230469,83000,0.0,0.0
2004-12-23 00:00:00+09:00,398.0080261230469,398.0080261230469,398.0080261230469,398.0080261230469,0,0.0,0.0
2004-12-24 00:00:00+09:00,401.4689517638844,401.4689517638844,399.3923882202781,400.7767639160156,84000,0.0,0.0
2004-12-27 00:00:00+09:00,401.4690199509857,401.4690199509857,398.008080123822,399.3924560546875,111000,0.0,0.0
2004-12-28 00:00:00+09:00,401.4690246582031,402.1612126317517,400.7768366846545,401.4690246582031,176000,0.0,0.0
2004-12-29 00:00:00+09:00,402.1612126317517,404.23777655239763,401.4690246582031,401.4690246582031,97000,0.0,0.0
2004-12-30 00:00:00+09:00,402.1612289637735,404.9299809704088,401.4690409621147,404.23779296875,39000,0.0,0.0
2004-12-31 00:00:00+09:00,404.23779296874994,404.23779296874994,404.23779296874994,404.23779296875,0,0.0,0.0
2005-01-03 00:00:00+09:00,404.23779296874994,404.23779296874994,404.23779296874994,404.23779296875,0,0.0,0.0
2005-01-04 00:00:00+09:00,409.0830043053341,409.77519212987784,403.5455017089844,403.5455017089844,43000,0.0,0.0
2005-01-05 00:00:00+09:00,407.6986457265824,409.77520928715927,404.92989431248003,406.31427001953125,78000,0.0,0.0
2005-01-06 00:00:00+09:00,408.3908553717514,411.1596069335938,405.622103809909,411.15960693359375,52000,0.0,0.0
2005-01-07 00:00:00+09:00,415.3128046779415,426.38781280268654,413.23624065455175,424.3112487792969,175000,0.0,0.0
2005-01-10 00:00:00+09:00,424.3112487792969,424.3112487792969,424.3112487792969,424.3112487792969,0,0.0,0.0
2005-01-11 00:00:00+09:00,427.07990181775597,429.1564653598196,424.3111504283378,425.6955261230469,125000,0.0,0.0
2005-01-12 00:00:00+09:00,429.1564823082845,432.6174216817384,422.2346035613767,428.46429443359375,188000,0.0,0.0
2005-01-13 00:00:00+09:00,429.1564079272421,432.61734670084894,428.4642201725208,431.23297119140625,160000,0.0,0.0
2005-01-14 00:00:00+09:00,431.23305392795135,440.2314964657738,425.6955508277529,436.078369140625,263000,0.0,0.0
2005-01-17 00:00:00+09:00,443.000380797956,443.6925688929528,440.23162841796875,440.23162841796875,477000,0.0,0.0
2005-01-18 00:00:00+09:00,440.23145205139735,443.00020332216087,436.770512962943,438.8470764160156,191000,0.0,0.0
2005-01-19 00:00:00+09:00,438.8471206907242,441.61587224082336,436.07836914062494,436.078369140625,268000,0.0,0.0
2005-01-20 00:00:00+09:00,438.1548647820195,438.1548647820195,435.38611366175394,437.4626770019531,110000,0.0,0.0
2005-01-21 00:00:00+09:00,436.0783335124477,436.0783335124477,433.30958218855915,434.00177001953125,78000,0.0,0.0
2005-01-24 00:00:00+09:00,434.69399336557535,437.4627449156746,434.69399336557535,436.078369140625,171000,0.0,0.0
2005-01-25 00:00:00+09:00,437.4627330397953,438.15492090852916,435.38616943359375,435.38616943359375,128000,0.0,0.0
2005-01-26 00:00:00+09:00,440.2315419965086,472.0721881157529,438.84716607828057,469.3034362792969,1042000,0.0,0.0
2005-01-27 00:00:00+09:00,469.30327170074776,469.30327170074776,460.3048313879016,468.611083984375,239000,0.0,0.0
2005-01-28 00:00:00+09:00,463.07357137711324,466.5345098776896,460.30482057665216,464.45794677734375,130000,0.0,0.0
2005-01-31 00:00:00+09:00,466.5347478676693,467.2269359208854,460.99724344194027,465.8425598144531,147000,0.0,0.0
2005-02-01 00:00:00+09:00,467.2268084625699,472.07212351329287,463.76586914062494,463.765869140625,233000,0.0,0.0
2005-02-02 00:00:00+09:00,469.99555628159465,482.45493774414064,468.611180563534,470.687744140625,254000,0.0,0.0
2005-02-03 00:00:00+09:00,475.53316042658594,484.53160451034955,473.45659640725586,483.83941650390625,226000,0.0,0.0
2005-02-04 00:00:00+09:00,497.68300057547435,497.68300057547435,481.07049429757257,484.53143310546875,323000,0.0,0.0
2005-02-07 00:00:00+09:00,484.5315013212316,484.5315013212316,462.381489832261,470.687744140625,153000,0.0,0.0
2005-02-08 00:00:00+09:00,472.07220680126244,478.30189867987144,471.3800188147503,477.6097106933594,53000,0.0,0.0
2005-02-09 00:00:00+09:00,479.68612535361916,483.83925198005744,476.917374269327,483.1470642089844,115000,0.0,0.0
2005-02-10 00:00:00+09:00,483.1471320842875,483.8393199526031,478.99400487439385,481.76275634765625,40000,0.0,0.0
2005-02-11 00:00:00+09:00,481.76275634765625,481.76275634765625,481.76275634765625,481.76275634765625,0,0.0,0.0
2005-02-14 00:00:00+09:00,483.1470575823103,486.6079963902065,481.7626820591518,484.53143310546875,155000,0.0,0.0
2005-02-15 00:00:00+09:00,486.6080030643496,487.99237860649566,483.1470642089844,483.1470642089844,168000,0.0,0.0
2005-02-16 00:00:00+09:00,483.8394025719684,483.8394025719684,476.91752270684725,477.6097106933594,134000,0.0,0.0
2005-02-17 00:00:00+09:00,470.68780743634255,476.91749900535297,467.2268676757812,467.22686767578125,64000,0.0,0.0
2005-02-18 00:00:00+09:00,465.1501913265306,475.5330080972121,465.1501913265306,474.8408203125,61000,0.0,0.0
2005-02-21 00:00:00+09:00,484.53143975113045,486.6080030643496,471.37987210074266,483.1470642089844,554000,0.0,0.0
2005-02-22 00:00:00+09:00,481.07049429757257,488.68455967494424,480.3783065359933,484.53143310546875,413000,0.0,0.0
2005-02-23 00:00:00+09:00,477.6097106933593,481.76283861243206,477.6097106933593,477.6097106933594,200000,0.0,0.0
2005-02-24 00:00:00+09:00,483.14711337862605,485.223676903176,481.0705498540761,482.4549255371094,247000,0.0,0.0
2005-02-25 00:00:00+09:00,485.91580862862725,486.6079963902065,482.45486982073106,484.53143310546875,246000,0.0,0.0
2005-02-28 00:00:00+09:00,485.915859776327,505.29711914062494,484.5314841074486,505.297119140625,1075000,0.0,0.0
2005-03-01 00:00:00+09:00,498.37518310546875,504.6048728942871,494.914244333903,498.37518310546875,461000,0.0,0.0
2005-03-02 00:00:00+09:00,508.75807711126384,510.8346406913098,499.0674470710493,504.6049499511719,332000,0.0,0.0
2005-03-03 00:00:00+09:00,505.29704268260673,518.4486095469485,504.60485495290453,514.9876708984375,347000,0.0,0.0
2005-03-04 00:00:00+09:00,517.7566219535356,528.139441912497,514.2956819672153,526.7550659179688,381000,0.0,0.0
2005-03-07 00:00:00+09:00,532.984648166591,532.984648166591,521.909642490402,523.9862060546875,161000,0.0,0.0
2005-03-08 00:00:00+09:00,510.14254977847105,523.9863096096371,505.9894218291212,515.6800537109375,120000,0.0,0.0
2005-03-09 00:00:00+09:00,515.6801839897064,523.9864419868561,512.9114313239899,519.8333129882812,85000,0.0,0.0
2005-03-10 00:00:00+09:00,529.5238172053685,546.8285171140407,526.062877223634,544.751953125,419000,0.0,0.0
2005-03-11 00:00:00+09:00,553.7502162130996,564.1330327670953,552.365840672567,562.7486572265625,658000,0.0,0.0
2005-03-14 00:00:00+09:00,574.5161743164062,577.9771151255412,566.9021045363094,574.5161743164062,371000,0.0,0.0
2005-03-15 00:00:00+09:00,567.5939716184272,573.8236615508246,553.7502162130996,562.7486572265625,242000,0.0,0.0
2005-03-16 00:00:00+09:00,557.9032731385273,560.672023873706,533.6767042057128,551.673583984375,223000,0.0,0.0
2005-03-17 00:00:00+09:00,544.7518440218635,569.6706068996108,544.7518440218635,566.90185546875,253000,0.0,0.0
2005-03-18 00:00:00+09:00,572.4393583304716,573.1315461881868,558.5956011761675,566.90185546875,202000,0.0,0.0
2005-03-21 00:00:00+09:00,566.90185546875,566.90185546875,566.90185546875,566.90185546875,0,0.0,0.0
2005-03-22 00:00:00+09:00,571.7474216690982,577.2849269637143,565.5177282126554,574.5161743164062,243000,0.0,0.0
2005-03-23 00:00:00+09:00,575.208055471089,577.976806640625,567.5939897548652,577.976806640625,121000,0.0,0.0
2005-03-24 00:00:00+09:00,576.5925453704538,578.6691091593029,567.5941022854407,570.3628540039062,124000,0.0,0.0
2005-03-25 00:00:00+09:00,575.2081357170554,575.2081357170554,564.8253173828125,564.8253173828125,87000,0.0,0.0
2005-03-28 00:00:00+09:00,560.6467832367996,569.0042508130003,558.5574163427494,565.52197265625,124000,5.0,0.0
2005-03-29 00:00:00+09:00,557.860823135376,564.1289222717285,550.1998130798339,557.1643676757812,81000,0.0,0.0
2005-03-30 00:00:00+09:00,556.4679122161865,557.860823135376,536.2707038879395,557.1643676757812,146000,0.0,0.0
2005-03-31 00:00:00+09:00,557.1642145974969,563.4323120117188,552.9854829880156,563.4323120117188,125000,0.0,0.0
2005-04-01 00:00:00+09:00,556.4678739749127,564.1288835039791,555.0749631514461,560.6466064453125,76000,0.0,0.0
2005-04-04 00:00:00+09:00,546.7176288358781,557.1644625079014,546.7176288358781,550.8963623046875,104000,0.0,0.0
2005-04-05 00:00:00+09:00,551.5927182298209,556.4679063959936,550.1998073252001,554.3785400390625,90000,0.0,0.0
2005-04-06 00:00:00+09:00,550.1997300633844,557.1642836084906,550.1997300633844,553.6820068359375,44000,0.0,0.0
2005-04-07 00:00:00+09:00,557.164361848304,557.164361848304,553.6820845867521,554.3785400390625,55000,0.0,0.0
2005-04-08 00:00:00+09:00,560.6466449737549,560.6466449737549,553.6820903778076,557.1643676757812,41000,0.0,0.0
2005-04-11 00:00:00+09:00,557.1643953634085,559.2537618460213,555.0750288807958,555.771484375,61000,0.0,0.0
2005-04-12 00:00:00+09:00,555.7715899037896,557.1645011566814,553.6822230244521,555.0751342773438,99000,0.0,0.0
2005-04-13 00:00:00+09:00,555.7714729405657,555.7714729405657,546.7175517021856,550.1998291015625,39000,0.0,0.0
2005-04-14 00:00:00+09:00,543.2353636739148,544.6282748628223,530.0027073792938,533.4849853515625,106000,0.0,0.0
2005-04-15 00:00:00+09:00,519.5557467074008,523.0380238301045,515.3770141601562,515.3770141601562,91000,0.0,0.0
2005-04-18 00:00:00+09:00,494.4833600237653,501.44791439029717,492.3939937138057,497.96563720703125,104000,0.0,0.0
2005-04-19 00:00:00+09:00,499.3586257032056,507.7160922421714,498.66217015829176,506.32318115234375,175000,0.0,0.0
2005-04-20 00:00:00+09:00,513.2876537692163,524.4309406895792,513.2876537692163,518.162841796875,146000,0.0,0.0
2005-04-21 00:00:00+09:00,514.680593855163,514.680593855163,495.17984063737606,502.8408508300781,132000,0.0,0.0
2005-04-22 00:00:00+09:00,516.7699190222698,516.7699190222698,511.8947311069654,512.5911865234375,251000,0.0,0.0
2005-04-25 00:00:00+09:00,518.8593102543732,518.8593102543732,502.1443794542323,509.8053894042969,79000,0.0,0.0
2005-04-26 00:00:00+09:00,510.50184485430276,515.3770330043438,504.9302012542558,509.8053894042969,62000,0.0,0.0
2005-04-27 00:00:00+09:00,505.6266595908017,514.6805804925654,504.9302041368199,511.19830322265625,35000,0.0,0.0
2005-04-28 00:00:00+09:00,511.89483642578125,514.6806586648331,509.80546974649235,511.89483642578125,59000,0.0,0.0
2005-04-29 00:00:00+09:00,511.89483642578125,511.89483642578125,511.89483642578125,511.89483642578125,0,0.0,0.0
2005-05-02 00:00:00+09:00,518.8592852716861,518.8592852716861,512.5911865234375,512.5911865234375,47000,0.0,0.0
2005-05-03 00:00:00+09:00,512.5911865234375,512.5911865234375,512.5911865234375,512.5911865234375,0,0.0,0.0
2005-05-04 00:00:00+09:00,512.5911865234375,512.5911865234375,512.5911865234375,512.5911865234375,0,0.0,0.0
2005-05-05 00:00:00+09:00,512.5911865234375,512.5911865234375,512.5911865234375,512.5911865234375,0,0.0,0.0
2005-05-06 00:00:00+09:00,511.8947370374525,518.85929128286,510.501826188371,515.3770141601562,68000,0.0,0.0
2005-05-09 00:00:00+09:00,518.8592852716861,518.8592852716861,511.8947311069654,512.5911865234375,52000,0.0,0.0
2005-05-10 00:00:00+09:00,513.2877475453072,516.770025344122,511.89483642578125,511.89483642578125,75000,0.0,0.0
2005-05-11 00:00:00+09:00,511.8947557543145,511.8947557543145,507.0195676042734,509.8053894042969,70000,0.0,0.0
2005-05-12 00:00:00+09:00,514.680577554338,514.680577554338,508.41247850428516,509.8053894042969,39000,0.0,0.0
2005-05-13 00:00:00+09:00,512.5912919855442,512.5912919855442,509.1090141867294,511.89483642578125,56000,0.0,0.0
2005-05-16 00:00:00+09:00,511.89483169103715,511.89483169103715,488.91179843143954,493.7869873046875,56000,0.0,0.0
2005-05-17 00:00:00+09:00,487.51894632975257,497.96578089396155,477.76856740315753,484.7331237792969,268000,0.0,0.0
2005-05-18 00:00:00+09:00,486.12586824042216,491.00105603079885,479.16131425416967,485.4294128417969,143000,0.0,0.0
2005-05-19 00:00:00+09:00,487.5187272876289,490.30454858641536,486.8222719629323,489.60809326171875,82000,0.0,0.0
2005-05-20 00:00:00+09:00,491.00105603079885,491.00105603079885,484.0365020445464,485.4294128417969,47000,0.0,0.0
2005-05-23 00:00:00+09:00,491.00117893542273,493.0905456542968,487.51890107063247,493.0905456542969,88000,0.0,0.0
2005-05-24 00:00:00+09:00,497.965679036796,506.3231449786723,497.965679036796,503.5373229980469,193000,0.0,0.0
2005-05-25 00:00:00+09:00,507.71589220118824,507.71589220118824,498.661973684569,499.3584289550781,129000,0.0,0.0
2005-05-26 00:00:00+09:00,497.96573466500314,500.7515569568354,492.3940900813388,493.0905456542969,54000,0.0,0.0
2005-05-27 00:00:00+09:00,493.09039616114654,494.4833068847656,491.6974854375275,494.4833068847656,39000,0.0,0.0
2005-05-30 00:00:00+09:00,495.1799118190548,504.23383425737785,494.4834562468761,500.7515563964844,114000,0.0,0.0
2005-05-31 00:00:00+09:00,507.7160485839844,522.3416137695312,504.93022664388025,522.3416137695312,332000,0.0,0.0
2005-06-01 00:00:00+09:00,527.9132646068296,555.771484375,521.6451651589913,555.771484375,859000,0.0,0.0
2005-06-02 00:00:00+09:00,557.1645011566814,564.1290574211399,554.378678650898,555.0751342773438,299000,0.0,0.0
2005-06-03 00:00:00+09:00,548.110409034113,560.6466064453125,540.4493995050466,560.6466064453125,158000,0.0,0.0
2005-06-06 00:00:00+09:00,559.9502173402255,560.6466728344299,550.1998404213659,555.771484375,147000,0.0,0.0
2005-06-07 00:00:00+09:00,556.4679122161865,559.9501895141601,553.6820903778076,557.1643676757812,110000,0.0,0.0
2005-06-08 00:00:00+09:00,554.378678650898,556.4680455302355,550.1999448922228,555.0751342773438,69000,0.0,0.0
2005-06-09 00:00:00+09:00,558.5571522009565,562.7358840129338,553.681965086983,562.0394287109375,318000,0.0,0.0
2005-06-10 00:00:00+09:00,562.7359344859182,567.6111220371575,559.9501130280671,564.1288452148438,353000,0.0,0.0
2005-06-13 00:00:00+09:00,559.950162880535,566.9147171452183,559.950162880535,566.21826171875,141000,0.0,0.0
2005-06-14 00:00:00+09:00,566.9146182333053,569.700439453125,566.2181629283505,569.700439453125,258000,0.0,0.0
2005-06-15 00:00:00+09:00,570.3970184326172,587.8084048316592,570.3970184326172,585.0225830078125,906000,0.0,0.0
2005-06-16 00:00:00+09:00,585.0225771671277,585.0225771671277,576.6651117790259,582.2367553710938,285000,0.0,0.0
2005-06-17 00:00:00+09:00,585.719121628259,591.9872216219027,585.719121628259,588.5049438476562,341000,0.0,0.0
2005-06-20 00:00:00+09:00,592.683582020824,596.8623146790202,585.719027590497,587.1119384765625,384000,0.0,0.0
2005-06-21 00:00:00+09:00,586.4154939197359,589.8977711995443,577.3615729922341,585.0225830078125,152000,0.0,0.0
2005-06-22 00:00:00+09:00,584.3261608567769,594.7729932916419,583.6297053611194,586.41552734375,207000,0.0,0.0
2005-06-23 00:00:00+09:00,585.0226767429293,595.4695102561959,585.0226767429293,594.0765991210938,234000,0.0,0.0
2005-06-24 00:00:00+09:00,591.9870437244645,595.4693204522554,586.4154009599989,591.2905883789062,161000,0.0,0.0
2005-06-27 00:00:00+09:00,590.5942603176959,591.9871713090113,582.236794369804,586.41552734375,183000,0.0,0.0
2005-06-28 00:00:00+09:00,589.2012759421369,589.2012759421369,574.5757123549207,580.8438110351562,116000,0.0,0.0
2005-06-29 00:00:00+09:00,579.450862261621,584.3260498046875,579.450862261621,584.3260498046875,96000,0.0,0.0
2005-06-30 00:00:00+09:00,585.0225434886465,585.0225434886465,580.8438110351562,580.8438110351562,71000,0.0,0.0
2005-07-01 00:00:00+09:00,583.6296374910255,583.6296374910255,575.9686279296875,575.9686279296875,59000,0.0,0.0
2005-07-04 00:00:00+09:00,585.0225712702825,585.0225712702825,569.0040961045485,579.450927734375,152000,0.0,0.0
2005-07-05 00:00:00+09:00,575.2722776132673,584.3261996580281,575.2722776132673,582.9332885742188,118000,0.0,0.0
2005-07-06 00:00:00+09:00,579.4509444402761,585.0225881368171,578.0580335161408,580.1473999023438,198000,0.0,0.0
2005-07-07 00:00:00+09:00,584.326104919068,584.326104919068,578.058006058196,581.540283203125,219000,0.0,0.0
2005-07-08 00:00:00+09:00,584.3261664640819,590.5942659851507,580.147433450036,589.2013549804688,209000,0.0,0.0
2005-07-11 00:00:00+09:00,595.469476899305,596.1659324278422,589.2013771424702,592.6836547851562,167000,0.0,0.0
2005-07-12 00:00:00+09:00,596.1656698069853,597.5585802504596,591.9869384765625,591.9869384765625,204000,0.0,0.0
2005-07-13 00:00:00+09:00,595.4694380715629,596.1658935546875,591.290705172815,596.1658935546875,175000,0.0,0.0
2005-07-14 00:00:00+09:00,597.5587024884012,612.1842651367188,596.8622471241956,612.1842651367188,596000,0.0,0.0
2005-07-15 00:00:00+09:00,612.1843320472865,619.8453418908816,609.3985102859791,614.9701538085938,436000,0.0,0.0
2005-07-18 00:00:00+09:00,614.9701538085938,614.9701538085938,614.9701538085938,614.9701538085938,0,0.0,0.0
2005-07-19 00:00:00+09:00,618.4523728850138,634.4708465070355,614.9700960106612,630.2921142578125,371000,0.0,0.0
2005-07-20 00:00:00+09:00,644.2212917110717,649.7929353150594,630.9886381516011,648.4000244140625,559000,0.0,0.0
2005-07-21 00:00:00+09:00,641.4352858170218,647.7033830725628,640.7388305664062,640.7388305664062,202000,0.0,0.0
2005-07-22 00:00:00+09:00,640.0423753157905,640.7388305664062,626.809725554093,640.7388305664062,243000,0.0,0.0
2005-07-25 00:00:00+09:00,640.7389801623775,640.7389801623775,632.3815152037378,639.3460693359375,94000,0.0,0.0
2005-07-26 00:00:00+09:00,633.7743593044825,637.9530913438526,630.2920826050072,636.5601806640625,125000,0.0,0.0
2005-07-27 00:00:00+09:00,636.5602097599117,650.489317194483,632.3814775295402,642.8283081054688,430000,0.0,0.0
2005-07-28 00:00:00+09:00,647.7035342945773,651.8822667738971,638.6496139227175,639.3460693359375,241000,0.0,0.0
2005-07-29 00:00:00+09:00,635.1673187862168,637.2566849664347,628.8992202455634,630.9885864257812,198000,0.0,0.0
2005-08-01 00:00:00+09:00,631.6851365646678,642.1319690326611,631.6851365646678,640.0426025390625,155000,0.0,0.0
2005-08-02 00:00:00+09:00,643.524803005584,651.1858125651743,640.7389813475512,647.007080078125,295000,0.0,0.0
2005-08-03 00:00:00+09:00,647.7035956503669,647.7035956503669,631.6851196289062,631.6851196289062,244000,0.0,0.0
2005-08-04 00:00:00+09:00,637.2566528320312,640.7389296234632,601.0409742011399,637.2566528320312,560000,0.0,0.0
2005-08-05 00:00:00+09:00,623.3276250209185,633.7744567251797,614.2737042105588,617.7559814453125,266000,0.0,0.0
2005-08-08 00:00:00+09:00,598.951610620471,626.8098250679349,598.2551552592845,624.720458984375,159000,0.0,0.0
2005-08-09 00:00:00+09:00,627.5063758933937,637.953207900498,627.5063758933937,633.7744750976562,121000,0.0,0.0
2005-08-10 00:00:00+09:00,638.64969154333,646.3107020198585,637.2567805475976,640.0426025390625,172000,0.0,0.0
2005-08-11 00:00:00+09:00,640.0426191239729,643.5248967035376,626.8099643216275,633.0780639648438,134000,0.0,0.0
2005-08-12 00:00:00+09:00,633.0780472944487,640.0426022701852,625.4170368211385,632.381591796875,140000,0.0,0.0
2005-08-15 00:00:00+09:00,633.7745758671089,635.1674870228608,602.4340748626914,622.6312866210938,183000,0.0,0.0
2005-08-16 00:00:00+09:00,625.4170643385562,625.4170643385562,619.8454201128229,623.3276977539062,76000,0.0,0.0
2005-08-17 00:00:00+09:00,624.0241031390135,625.4170140835201,621.23828125,621.23828125,51000,0.0,0.0
2005-08-18 00:00:00+09:00,621.2381803973265,622.6310911157061,612.8807160870485,617.0594482421875,124000,0.0,0.0
2005-08-19 00:00:00+09:00,633.7743698438358,644.2212001159869,633.7743698438358,634.4708251953125,522000,0.0,0.0
2005-08-22 00:00:00+09:00,641.435524619823,641.435524619823,635.8638805406063,637.9532470703125,213000,0.0,0.0
2005-08-23 00:00:00+09:00,640.7389127034328,641.4353680433278,636.5601806640625,636.5601806640625,150000,0.0,0.0
2005-08-24 00:00:00+09:00,636.5602969662174,637.2567524333576,627.5063758933937,633.7744750976562,110000,0.0,0.0
2005-08-25 00:00:00+09:00,633.7745758671089,633.7745758671089,622.6312866210938,622.6312866210938,155000,0.0,0.0
2005-08-26 00:00:00+09:00,623.3275817260063,627.5063141174655,621.9346709288533,626.1134033203125,132000,0.0,0.0
2005-08-29 00:00:00+09:00,631.685012596241,631.685012596241,623.3275482620019,624.720458984375,112000,0.0,0.0
2005-08-30 00:00:00+09:00,626.1135474010906,632.38164743069,626.1135474010906,629.5958251953125,90000,0.0,0.0
2005-08-31 00:00:00+09:00,630.2922029379066,630.2922029379066,626.1134701007493,628.8992919921875,97000,0.0,0.0
2005-09-01 00:00:00+09:00,633.7743786798007,633.7743786798007,624.720458984375,624.720458984375,131000,0.0,0.0
2005-09-02 00:00:00+09:00,640.7389633528148,658.1503482265326,633.7744094033277,638.6495971679688,513000,0.0,0.0
2005-09-05 00:00:00+09:00,652.5787681053424,652.5787681053424,638.6496588608313,646.3106689453125,278000,0.0,0.0
2005-09-06 00:00:00+09:00,646.3107020198585,647.7036130155909,640.0426025390625,640.0426025390625,137000,0.0,0.0
2005-09-07 00:00:00+09:00,642.8283523923662,644.9177186514964,637.256709034686,642.1318969726562,150000,0.0,0.0
2005-09-08 00:00:00+09:00,647.0069315347326,647.7033867893449,634.4707369517131,635.8636474609375,144000,0.0,0.0
2005-09-09 00:00:00+09:00,639.3460705185348,647.007080078125,635.8637934459937,647.007080078125,278000,0.0,0.0
2005-09-12 00:00:00+09:00,651.1858137414811,656.7574570676113,642.8283487522856,654.6680908203125,251000,0.0,0.0
2005-09-13 00:00:00+09:00,658.1503372192383,681.1333648681641,654.6680603027344,668.59716796875,811000,0.0,0.0
2005-09-14 00:00:00+09:00,668.5972122653806,668.5972122653806,662.3291134003927,667.9007568359375,325000,0.0,0.0
2005-09-15 00:00:00+09:00,668.597219102926,681.1334169611059,658.1503875544429,678.3475952148438,427000,0.0,0.0
2005-09-16 00:00:00+09:00,678.3475952148438,678.3475952148438,669.9901299760571,678.3475952148438,339000,0.0,0.0
2005-09-19 00:00:00+09:00,678.3475952148438,678.3475952148438,678.3475952148438,678.3475952148438,0,0.0,0.0
2005-09-20 00:00:00+09:00,678.3475724762561,681.133394129136,673.4723845837163,674.8652954101562,373000,0.0,0.0
2005-09-21 00:00:00+09:00,675.5618009841982,687.4015438880449,674.8653455192659,676.9547119140625,504000,0.0,0.0
2005-09-22 00:00:00+09:00,675.5616728727483,681.1333155356162,666.5077535455877,674.1687622070312,292000,0.0,0.0
2005-09-23 00:00:00+09:00,674.1687622070312,674.1687622070312,674.1687622070312,674.1687622070312,0,0.0,0.0
2005-09-26 00:00:00+09:00,682.5261763451805,696.4552819848781,679.0438999352561,692.2765502929688,483000,0.0,0.0
2005-09-27 00:00:00+09:00,694.3765974754779,699.9764087454414,690.1767390230052,695.7765502929688,306000,5.0,0.0
2005-09-28 00:00:00+09:00,695.0765738842233,697.1765031104596,691.5766918404961,695.7765502929688,251000,0.0,0.0
2005-09-29 00:00:00+09:00,699.9762894772181,704.8761235035587,677.5770482139471,692.2765502929688,473000,0.0,0.0
2005-09-30 00:00:00+09:00,694.3765193214101,698.5763773011768,677.5770874023438,677.5770874023438,297000,0.0,0.0
2005-10-03 00:00:00+09:00,673.3772326411033,686.6767829739318,645.378179308833,685.976806640625,299000,0.0,0.0
2005-10-04 00:00:00+09:00,682.477010818497,685.9768929252585,678.9771287117355,685.2769165039062,167000,0.0,0.0
2005-10-05 00:00:00+09:00,684.576940082554,685.9768929252585,668.477482391451,685.2769165039062,193000,0.0,0.0
2005-10-06 00:00:00+09:00,671.2774109771286,682.4770341008347,671.2774109771286,676.17724609375,230000,0.0,0.0
2005-10-07 00:00:00+09:00,675.4773764910466,678.977259270793,651.6781735887714,678.2772827148438,283000,0.0,0.0
2005-10-10 00:00:00+09:00,678.2772827148438,678.2772827148438,678.2772827148438,678.2772827148438,0,0.0,0.0
2005-10-11 00:00:00+09:00,683.8769636612017,689.4767750320201,677.577175869031,685.2769165039062,228000,0.0,0.0
2005-10-12 00:00:00+09:00,683.1770124376918,689.4768004622197,680.3771066490127,684.5769653320312,263000,0.0,0.0
2005-10-13 00:00:00+09:00,682.4770421062025,689.476806640625,678.2771833855488,689.476806640625,321000,0.0,0.0
2005-10-14 00:00:00+09:00,691.5767211914062,695.0766033836704,683.8769803684249,691.5767211914062,304000,0.0,0.0
2005-10-17 00:00:00+09:00,695.7765841323993,695.7765841323993,688.0768432617188,688.0768432617188,157000,0.0,0.0
2005-10-18 00:00:00+09:00,684.5768426586045,712.5758955280771,684.5768426586045,708.3760375976562,513000,0.0,0.0
2005-10-19 00:00:00+09:00,708.3762230596947,725.1756591796875,704.1763640296965,725.1756591796875,692000,0.0,0.0
2005-10-20 00:00:00+09:00,729.3754440293098,744.0749491393055,728.6754675955005,735.6752319335938,652000,0.0,0.0
2005-10-21 00:00:00+09:00,728.6753573078036,738.4750258979182,721.6755940291504,737.0750732421875,248000,0.0,0.0
2005-10-24 00:00:00+09:00,741.2749991938753,744.0749047621241,737.075140841502,741.9749755859375,260000,0.0,0.0
2005-10-25 00:00:00+09:00,748.9746452780331,825.972038717831,748.9746452780331,797.2730102539062,1244000,0.0,0.0
2005-10-26 00:00:00+09:00,801.473133414325,815.4726641289858,790.2735088425965,791.6734619140625,493000,0.0,0.0
2005-10-27 00:00:00+09:00,792.373504797894,810.5728962508492,790.9735516092052,804.9730834960938,224000,0.0,0.0
2005-10-28 00:00:00+09:00,807.7726869041455,822.472189872072,795.1731129316372,813.3724975585938,298000,0.0,0.0
2005-10-31 00:00:00+09:00,822.4722859010858,832.9719321040784,821.772309487553,825.97216796875,207000,0.0,0.0
2005-11-01 00:00:00+09:00,830.171969020113,832.9718744805518,820.372299908577,822.4722290039062,96000,0.0,0.0
2005-11-02 00:00:00+09:00,825.271996786428,825.271996786428,804.9726855847262,812.6724243164062,250000,0.0,0.0
2005-11-03 00:00:00+09:00,812.6724243164062,812.6724243164062,812.6724243164062,812.6724243164062,0,0.0,0.0
2005-11-04 00:00:00+09:00,805.6726382759489,829.4718300234573,805.6726382759489,825.27197265625,178000,0.0,0.0
2005-11-07 00:00:00+09:00,844.1714942496703,853.9711633371459,839.2716597059326,846.2714233398438,343000,0.0,0.0
2005-11-08 00:00:00+09:00,848.3714094837572,853.9712207674784,835.7718340953846,849.7713623046875,262000,0.0,0.0
2005-11-09 00:00:00+09:00,852.5713822404308,852.5713822404308,828.0722045898438,828.0722045898438,133000,0.0,0.0
2005-11-10 00:00:00+09:00,830.1720287143784,839.9716985305683,829.4720522989362,834.3718872070312,148000,0.0,0.0
2005-11-11 00:00:00+09:00,845.5714186730489,847.6713476929323,832.9718445537485,838.5716552734375,140000,0.0,0.0
2005-11-14 00:00:00+09:00,846.9715876278291,851.8714232587339,839.2718459221215,842.771728515625,174000,0.0,0.0
2005-11-15 00:00:00+09:00,843.4716186523436,851.8713360165164,837.8718070762285,843.4716186523438,193000,0.0,0.0
2005-11-16 00:00:00+09:00,843.4714391072591,844.1714154052735,755.2744255574545,839.9715576171875,830000,0.0,0.0
2005-11-17 00:00:00+09:00,771.3739488265094,788.173381468829,736.3751308216769,761.5742797851562,1495000,0.0,0.0
2005-11-18 00:00:00+09:00,772.0741528122004,786.7736607079902,770.674199679268,775.5740356445312,960000,0.0,0.0
2005-11-21 00:00:00+09:00,784.673592554568,786.0735454404816,777.673828125,777.673828125,262000,0.0,0.0
2005-11-22 00:00:00+09:00,776.2740939608487,777.6740472412109,762.9745377974076,769.9743041992188,182000,0.0,0.0
2005-11-23 00:00:00+09:00,769.9743041992188,769.9743041992188,769.9743041992188,769.9743041992188,0,0.0,0.0
2005-11-24 00:00:00+09:00,769.9738079325824,769.9738079325824,748.9745222616938,765.073974609375,330000,0.0,0.0
2005-11-25 00:00:00+09:00,760.874292756532,760.874292756532,745.474813050328,760.17431640625,175000,0.0,0.0
2005-11-28 00:00:00+09:00,760.1742042520133,769.9738717101424,748.9745842998658,749.674560546875,302000,0.0,0.0
2005-11-29 00:00:00+09:00,747.5746602662853,755.9743755501761,744.0747788979974,745.4747314453125,369000,0.0,0.0
2005-11-30 00:00:00+09:00,747.5748692562705,751.0747516029759,741.9750575015419,744.7749633789062,250000,0.0,0.0
2005-12-01 00:00:00+09:00,751.7747225735358,768.5741577148438,745.4749343955452,768.5741577148438,227000,0.0,0.0
2005-12-02 00:00:00+09:00,769.9739521238919,783.9734785261445,762.9741889227656,779.7736206054688,283000,0.0,0.0
2005-12-05 00:00:00+09:00,786.7735535596884,786.7735535596884,780.4737653194418,781.8737182617188,289000,0.0,0.0
2005-12-06 00:00:00+09:00,781.1735769397401,781.1735769397401,764.3741451775952,776.2737426757812,120000,0.0,0.0
2005-12-07 00:00:00+09:00,769.9740010846623,776.2737883662641,746.1748046875,746.1748046875,337000,0.0,0.0
2005-12-08 00:00:00+09:00,742.6749791824428,746.8748376886583,729.3754272460938,729.3754272460938,226000,0.0,0.0
2005-12-09 00:00:00+09:00,734.2750831126722,753.1744417819211,733.575106865663,749.674560546875,223000,0.0,0.0
2005-12-12 00:00:00+09:00,759.4741821289062,760.8741345383604,751.0744676721811,759.4741821289062,122000,0.0,0.0
2005-12-13 00:00:00+09:00,753.1746930350621,760.1744578402206,747.5748811909352,754.5746459960938,139000,0.0,0.0
2005-12-14 00:00:00+09:00,748.275040396703,754.5748302597249,736.3754373221062,737.775390625,179000,0.0,0.0
2005-12-15 00:00:00+09:00,751.7746009933715,751.7746009933715,745.474813834209,748.2747192382812,355000,0.0,0.0
2005-12-16 00:00:00+09:00,747.5747107059914,750.3746159895344,744.0748291015625,744.0748291015625,251000,0.0,0.0
2005-12-19 00:00:00+09:00,755.9744689043831,766.4741143058328,755.9744689043831,761.5742797851562,126000,0.0,0.0
2005-12-20 00:00:00+09:00,781.8737689510054,781.8737689510054,771.3741212032301,780.4738159179688,349000,0.0,0.0
2005-12-21 00:00:00+09:00,786.0734797105139,786.0734797105139,774.8738575596963,781.1736450195312,185000,0.0,0.0
2005-12-22 00:00:00+09:00,781.8736214039573,781.8736214039573,769.9740228687135,781.1736450195312,166000,0.0,0.0
2005-12-23 00:00:00+09:00,781.1736450195311,781.1736450195311,781.1736450195311,781.1736450195312,0,0.0,0.0
2005-12-26 00:00:00+09:00,783.2735059100082,783.2735059100082,770.6739320883995,776.2737426757812,98000,0.0,0.0
2005-12-27 00:00:00+09:00,780.4739075515087,794.4734395255268,780.4739075515087,793.073486328125,295000,0.0,0.0
2005-12-28 00:00:00+09:00,800.7730457104451,821.7723388671875,791.67335200919,821.7723388671875,348000,0.0,0.0
2005-12-29 00:00:00+09:00,825.272242081388,832.9719831016554,811.972689410017,824.572265625,292000,0.0,0.0
2005-12-30 00:00:00+09:00,836.4716868984045,838.5716158194883,829.471923828125,829.471923828125,171000,0.0,0.0
2006-01-02 00:00:00+09:00,829.471923828125,829.471923828125,829.471923828125,829.471923828125,0,0.0,0.0
2006-01-03 00:00:00+09:00,829.471923828125,829.471923828125,829.471923828125,829.471923828125,0,0.0,0.0
2006-01-04 00:00:00+09:00,832.9717653033676,834.3717178500959,820.3721923828125,820.3721923828125,182000,0.0,0.0
2006-01-05 00:00:00+09:00,822.4723026670258,827.3721376616379,809.172750538793,811.97265625,165000,0.0,0.0
2006-01-06 00:00:00+09:00,811.97262451595,818.9723885203979,804.9728605115022,807.7727661132812,265000,0.0,0.0
2006-01-09 00:00:00+09:00,807.7727661132812,807.7727661132812,807.7727661132812,807.7727661132812,0,0.0,0.0
2006-01-10 00:00:00+09:00,811.97262451595,814.7725301177292,802.8729313101678,807.7727661132812,493000,0.0,0.0
2006-01-11 00:00:00+09:00,808.4729011751386,817.5725961667202,807.0729480995107,816.8726196289062,442000,0.0,0.0
2006-01-12 00:00:00+09:00,818.2725549082243,839.9718271085279,818.2725549082243,839.2718505859375,286000,0.0,0.0
2006-01-13 00:00:00+09:00,846.2713657538487,858.8709394375288,838.5716262804887,854.6710815429688,446000,0.0,0.0
2006-01-16 00:00:00+09:00,860.2709427693518,860.2709427693518,842.0715574870059,853.2711791992188,158000,0.0,0.0
2006-01-17 00:00:00+09:00,842.0715764806662,848.3713638358831,803.5728759765625,803.5728759765625,139000,0.0,0.0
2006-01-18 00:00:00+09:00,807.0726435271787,821.0721690003301,736.375039887764,745.4747314453125,217000,0.0,0.0
2006-01-19 00:00:00+09:00,746.1747701453329,821.0722376927538,746.1747701453329,801.472900390625,204000,0.0,0.0
2006-01-20 00:00:00+09:00,814.7726508486587,821.0724393861484,778.373872632052,790.9734497070312,89000,0.0,0.0
2006-01-23 00:00:00+09:00,762.974167720979,776.973693734208,741.9748787011356,753.1744995117188,395000,0.0,0.0
2006-01-24 00:00:00+09:00,758.0744152086479,769.974013600658,752.4746042006432,767.8740844726562,148000,0.0,0.0
2006-01-25 00:00:00+09:00,769.2742465463356,790.9735201067873,768.5742699798694,775.5740356445312,175000,0.0,0.0
2006-01-26 00:00:00+09:00,796.5731202202874,837.1717502490894,793.7732147010597,828.7720336914062,372000,0.0,0.0
2006-01-27 00:00:00+09:00,867.9708544467084,867.9708544467084,826.6722412109375,826.6722412109375,522000,0.0,0.0
2006-01-30 00:00:00+09:00,853.9709973765907,857.4708785133801,839.9714728294335,852.571044921875,314000,0.0,0.0
2006-01-31 00:00:00+09:00,839.9716224830021,851.871220468178,826.6720717936879,836.4717407226562,325000,0.0,0.0
2006-02-01 00:00:00+09:00,839.271690124203,839.271690124203,825.9721387377477,830.1719970703125,367000,0.0,0.0
2006-02-02 00:00:00+09:00,816.1723777677792,837.171667075698,800.072922631708,802.1728515625,402000,0.0,0.0
2006-02-03 00:00:00+09:00,825.2721478564083,832.9718879975622,813.3725494564432,832.2719116210938,181000,0.0,0.0
2006-02-06 00:00:00+09:00,839.9718224408223,843.4717050343257,833.6720337725161,842.771728515625,236000,0.0,0.0
2006-02-07 00:00:00+09:00,846.2716826633434,846.2716826633434,839.9718934623755,844.1717529296875,118000,0.0,0.0
2006-02-08 00:00:00+09:00,839.9716943726503,843.4715764325364,836.4718123127643,837.8717651367188,172000,0.0,0.0
2006-02-09 00:00:00+09:00,838.5716697788638,838.5716697788638,823.1721900333421,836.4717407226562,154000,0.0,0.0
2006-02-10 00:00:00+09:00,839.9715576171875,842.0714865112304,835.7716998291015,839.9715576171875,426000,0.0,0.0
2006-02-13 00:00:00+09:00,839.9716419504006,841.3715946869846,702.7762737651685,742.6749267578125,832000,0.0,0.0
2006-02-14 00:00:00+09:00,751.7746201595318,777.6737458074858,727.2754472493049,774.8738403320312,580000,0.0,0.0
2006-02-15 00:00:00+09:00,788.8733475973273,802.8728746176881,743.374884781155,748.2747192382812,160000,0.0,0.0
2006-02-16 00:00:00+09:00,748.2748034506134,753.8746148889716,736.3752041441022,739.1751098632812,141000,0.0,0.0
2006-02-17 00:00:00+09:00,740.5751012948843,744.7749600923978,719.5758073073167,727.9755249023438,301000,0.0,0.0
2006-02-20 00:00:00+09:00,720.9756891205055,720.9756891205055,647.4781674140462,674.0772705078125,706000,0.0,0.0
2006-02-21 00:00:00+09:00,667.7774411184614,712.575927734375,667.7774411184614,712.575927734375,467000,0.0,0.0
2006-02-22 00:00:00+09:00,711.8759420670705,711.8759420670705,686.6767936753158,687.3767700195312,347000,0.0,0.0
2006-02-23 00:00:00+09:00,692.9765001811215,741.2748623149573,692.9765001811215,732.1751708984375,399000,0.0,0.0
2006-02-24 00:00:00+09:00,760.1744833603543,783.9736844968663,727.9755641756616,753.8746948242188,587000,0.0,0.0
2006-02-27 00:00:00+09:00,767.8741834787222,767.8741834787222,725.1756190373347,727.9755249023438,373000,0.0,0.0
2006-02-28 00:00:00+09:00,727.9755063941363,728.6754828425923,708.3761658373711,713.2760009765625,187000,0.0,0.0
2006-03-01 00:00:00+09:00,713.2760060576618,714.6759589645463,689.476806640625,689.476806640625,207000,0.0,0.0
2006-03-02 00:00:00+09:00,703.4763446514423,706.2762505008013,681.0770978565706,682.47705078125,245000,0.0,0.0
2006-03-03 00:00:00+09:00,682.4770774609177,695.7766307652843,673.3773830947721,690.1768188476562,171000,0.0,0.0
2006-03-06 00:00:00+09:00,697.1763916015625,697.1763916015625,681.7769130722107,697.1763916015625,139000,0.0,0.0
2006-03-07 00:00:00+09:00,690.1767918669873,697.8765329527245,682.47705078125,682.47705078125,147000,0.0,0.0
2006-03-08 00:00:00+09:00,683.1771186064886,692.2768138338291,676.1773530469959,678.2772827148438,133000,0.0,0.0
2006-03-09 00:00:00+09:00,685.2769041617871,713.2759605116048,685.2769041617871,695.7765502929688,139000,0.0,0.0
2006-03-10 00:00:00+09:00,702.7762128260428,706.9760706716168,690.8766155969165,698.5763549804688,155000,0.0,0.0
2006-03-13 00:00:00+09:00,714.6757738463272,714.6757738463272,705.5760823086168,709.7759399414062,90000,0.0,0.0
2006-03-14 00:00:00+09:00,716.0759471573853,716.0759471573853,703.4763703745574,710.4761352539062,79000,0.0,0.0
2006-03-15 00:00:00+09:00,717.4759418267543,717.4759418267543,706.9762938975822,716.0759887695312,85000,0.0,0.0
2006-03-16 00:00:00+09:00,719.5756513442545,724.475485546015,714.675817142494,715.3757934570312,106000,0.0,0.0
2006-03-17 00:00:00+09:00,723.0754931117126,723.0754931117126,711.1758964196515,718.1756591796875,60000,0.0,0.0
2006-03-20 00:00:00+09:00,718.1759647082731,733.5754493316474,718.1759647082731,726.57568359375,86000,0.0,0.0
2006-03-21 00:00:00+09:00,726.57568359375,726.57568359375,726.57568359375,726.57568359375,0,0.0,0.0
2006-03-22 00:00:00+09:00,735.6751525129656,744.0748688118766,734.9751761547229,741.2749633789062,156000,0.0,0.0
2006-03-23 00:00:00+09:00,755.2744355910593,762.9741749715057,750.3746014398662,758.0743408203125,201000,0.0,0.0
2006-03-24 00:00:00+09:00,758.0742755109857,760.8741804990225,741.9748218297735,749.674560546875,88000,0.0,0.0
2006-03-27 00:00:00+09:00,763.6742138030605,768.5740483554175,745.4748283228777,746.1748046875,207000,0.0,0.0
2006-03-28 00:00:00+09:00,746.1746651265158,746.1746651265158,708.1260986328125,708.1260986328125,1014000,7.0,0.0
2006-03-29 00:00:00+09:00,722.2183256798486,735.6057873265969,720.1045159461514,734.9011840820312,445000,0.0,0.0
2006-03-30 00:00:00+09:00,734.9011840820312,739.8334067939912,730.673564614637,734.9011840820312,260000,0.0,0.0
2006-03-31 00:00:00+09:00,742.6517200921949,749.6977515921209,734.9010854422763,743.3563232421875,174000,0.0,0.0
2006-04-03 00:00:00+09:00,744.0610827371098,748.9933058234353,737.7196530546912,744.7656860351562,274000,0.0,0.0
2006-04-04 00:00:00+09:00,758.8575854999895,787.0417112381506,755.3345697827193,779.2910766601562,506000,0.0,0.0
2006-04-05 00:00:00+09:00,781.4048757317518,784.9278914023188,768.0174161835973,770.1312255859375,214000,0.0,0.0
2006-04-06 00:00:00+09:00,764.4945096520605,765.9037161214653,743.3564126109898,748.2886352539062,515000,0.0,0.0
2006-04-07 00:00:00+09:00,751.1068933315532,753.9253056892702,733.4918160958226,737.0148315429688,488000,0.0,0.0
2006-04-10 00:00:00+09:00,742.6518605158878,745.4702736487756,725.7413817185621,732.7874145507812,358000,0.0,0.0
2006-04-11 00:00:00+09:00,737.0149878581972,744.7656234857691,732.7873684249762,738.4241943359375,211000,0.0,0.0
2006-04-12 00:00:00+09:00,760.9714622709879,770.8359071522785,753.9254302129232,759.562255859375,1055000,0.0,0.0
2006-04-13 00:00:00+09:00,763.7898145919727,764.4944177419653,741.2425137922097,743.3563232421875,425000,0.0,0.0
2006-04-14 00:00:00+09:00,757.4485317295125,757.4485317295125,744.7656725935765,745.4702758789062,352000,0.0,0.0
2006-04-17 00:00:00+09:00,748.2886642277937,750.4024740137479,724.3321533203125,724.3321533203125,232000,0.0,0.0
2006-04-18 00:00:00+09:00,724.3321690901614,743.356457577938,718.695342871561,736.3104248046875,316000,0.0,0.0
2006-04-19 00:00:00+09:00,745.4700604400342,746.1746635217355,729.264189560903,734.1964111328125,216000,0.0,0.0
2006-04-20 00:00:00+09:00,736.3103174999808,736.3103174999808,718.6952381339526,719.3998413085938,335000,0.0,0.0
2006-04-21 00:00:00+09:00,720.1043915586795,720.1043915586795,705.3077259787067,706.0123291015625,469000,0.0,0.0
2006-04-24 00:00:00+09:00,712.3539822665128,713.7631889574455,696.148105320786,697.5573120117188,803000,0.0,0.0
2006-04-25 00:00:00+09:00,701.080322265625,708.1263556552293,695.4434955539416,701.080322265625,206000,0.0,0.0
2006-04-26 00:00:00+09:00,704.6033389604271,711.6493723500314,699.6711155877042,701.080322265625,330000,0.0,0.0
2006-04-27 00:00:00+09:00,708.1260690325964,718.6951148390531,702.4892446024862,703.19384765625,311000,0.0,0.0
2006-04-28 00:00:00+09:00,703.8985765038467,704.6031796835302,691.2157192695432,693.3295288085938,253000,0.0,0.0
2006-05-01 00:00:00+09:00,694.034116463583,696.8525291192726,686.9880848243588,687.6926879882812,231000,0.0,0.0
2006-05-02 00:00:00+09:00,687.6927223127557,695.4433575027559,687.6927223127557,689.1019287109375,202000,0.0,0.0
2006-05-03 00:00:00+09:00,689.1019287109375,689.1019287109375,689.1019287109375,689.1019287109375,0,0.0,0.0
2006-05-04 00:00:00+09:00,689.1019287109375,689.1019287109375,689.1019287109375,689.1019287109375,0,0.0,0.0
2006-05-05 00:00:00+09:00,689.1019287109375,689.1019287109375,689.1019287109375,689.1019287109375,0,0.0,0.0
2006-05-08 00:00:00+09:00,694.0340762581596,697.5570918736832,687.6926481502171,689.8064575195312,214000,0.0,0.0
2006-05-09 00:00:00+09:00,690.5111602814762,691.2157635062532,680.646715134598,681.351318359375,252000,0.0,0.0
2006-05-10 00:00:00+09:00,679.9421632151125,679.9421632151125,663.7362878224206,665.85009765625,549000,0.0,0.0
2006-05-11 00:00:00+09:00,666.5545829067146,666.5545829067146,635.5520441668674,639.7796630859375,750000,0.0,0.0
2006-05-12 00:00:00+09:00,627.0969357044239,647.5304313622084,569.3194652237916,572.1378784179688,1799000,0.0,0.0
2006-05-15 00:00:00+09:00,529.8616363129058,548.1813205471287,529.8616363129058,542.5444946289062,1933000,0.0,0.0
2006-05-16 00:00:00+09:00,546.0674203408731,550.295039078996,515.7694860509924,521.4063110351562,1424000,0.0,0.0
2006-05-17 00:00:00+09:00,521.4064393335459,522.1110426299425,479.83484484614155,517.8834228515625,2235000,0.0,0.0
2006-05-18 00:00:00+09:00,489.69931864505696,512.246625402815,487.58550863651715,505.2005920410156,822000,0.0,0.0
2006-05-19 00:00:00+09:00,512.246696462116,534.7940063476562,507.3144724246541,534.7940063476562,1114000,0.0,0.0
2006-05-22 00:00:00+09:00,548.8859003380884,562.2733613219442,541.8398682413222,556.6365356445312,1566000,0.0,0.0
2006-05-23 00:00:00+09:00,549.5905075859778,559.4549525939311,541.135269007732,546.7720947265625,1138000,0.0,0.0
2006-05-24 00:00:00+09:00,550.2951046050988,574.251613640404,550.2951046050988,572.8424072265625,815000,0.0,0.0
2006-05-25 00:00:00+09:00,570.7286011182874,587.6390781884589,565.0917754282302,585.5252685546875,820000,0.0,0.0
2006-05-26 00:00:00+09:00,594.6852620923111,610.1865366966131,591.8668485278926,596.799072265625,951000,0.0,0.0
2006-05-29 00:00:00+09:00,606.6633393566285,608.7771489014251,593.27587890625,593.27587890625,331000,0.0,0.0
2006-05-30 00:00:00+09:00,572.1377773916794,580.5930154812116,553.8180948643596,574.2515869140625,596000,0.0,0.0
2006-05-31 00:00:00+09:00,553.818230823078,566.5010910709348,553.818230823078,557.3412475585938,267000,0.0,0.0
2006-06-01 00:00:00+09:00,563.6826692539012,570.728702619575,536.2031391277735,541.8399658203125,677000,0.0,0.0
2006-06-02 00:00:00+09:00,537.6123996310764,559.4551052517361,510.83747016059027,545.363037109375,429000,0.0,0.0
2006-06-05 00:00:00+09:00,552.4090852649007,552.4090852649007,528.4525688120862,531.9755859375,220000,0.0,0.0
2006-06-06 00:00:00+09:00,528.4523502472908,530.56615964828,520.7017157769972,524.2247314453125,158000,0.0,0.0
2006-06-07 00:00:00+09:00,519.9972327407526,529.1570755939094,509.42818329480224,517.8834228515625,188000,0.0,0.0
2006-06-08 00:00:00+09:00,510.83737438031267,511.54197765531995,453.7645091047191,488.2900695800781,817000,0.0,0.0
2006-06-09 00:00:00+09:00,495.33607669310135,506.6097285097295,482.65321839939463,496.0406799316406,487000,0.0,0.0
2006-06-12 00:00:00+09:00,493.2221616252085,503.7912079457487,490.4037492730644,501.6773986816406,297000,0.0,0.0
2006-06-13 00:00:00+09:00,501.6774672154018,501.6774672154018,493.22222900390625,493.22222900390625,308000,0.0,0.0
2006-06-14 00:00:00+09:00,491.8130822630246,491.8130822630246,475.6072070595152,486.880859375,570000,0.0,0.0
2006-06-15 00:00:00+09:00,499.56377726473204,513.655844324386,481.9486934401646,485.4717102050781,249000,0.0,0.0
2006-06-16 00:00:00+09:00,506.6096202978927,506.6096202978927,496.04057397735255,501.6773986816406,314000,0.0,0.0
2006-06-19 00:00:00+09:00,503.086839540822,503.086839540822,493.2223917066882,497.45001220703125,130000,0.0,0.0
2006-06-20 00:00:00+09:00,500.26839865129546,503.08681216482387,494.63157162423863,498.85919189453125,168000,0.0,0.0
2006-06-21 00:00:00+09:00,503.086839540822,505.2006497909935,493.2223917066882,497.45001220703125,310000,0.0,0.0
2006-06-22 00:00:00+09:00,506.6096746118029,510.1326904296875,501.6774524667645,510.1326904296875,225000,0.0,0.0
2006-06-23 00:00:00+09:00,510.13274400499137,510.13274400499137,502.38210839165583,507.3143310546875,133000,0.0,0.0
2006-06-26 00:00:00+09:00,508.7235656486416,514.360391860815,503.79134271299,512.24658203125,294000,0.0,0.0
2006-06-27 00:00:00+09:00,515.7695984138583,518.588011519945,507.3143590955983,512.24658203125,232000,0.0,0.0
2006-06-28 00:00:00+09:00,505.20049668958967,507.3143062991696,500.2682742672367,503.7912902832031,89000,0.0,0.0
2006-06-29 00:00:00+09:00,503.7913036613571,506.6097165489731,495.33606499850913,503.0867004394531,430000,0.0,0.0
2006-06-30 00:00:00+09:00,508.0189783258133,508.0189783258133,500.9729453393249,506.6097717285156,113000,0.0,0.0
2006-07-03 00:00:00+09:00,520.7018638261245,526.3386904981259,514.360433820123,522.815673828125,264000,0.0,0.0
2006-07-04 00:00:00+09:00,528.452575442348,535.4986097815794,524.9295582727324,534.7940063476562,187000,0.0,0.0
2006-07-05 00:00:00+09:00,520.7016837989892,522.8154930701622,509.42803435273225,512.9510498046875,259000,0.0,0.0
2006-07-06 00:00:00+09:00,519.9972870666254,524.9295106566882,514.3604601065535,515.0650634765625,223000,0.0,0.0
2006-07-07 00:00:00+09:00,518.5879918784107,520.7018016279151,511.5419593800627,516.4741821289062,108000,0.0,0.0
2006-07-10 00:00:00+09:00,517.8833676690925,518.5879708904109,508.72352579195206,514.3603515625,158000,0.0,0.0
2006-07-11 00:00:00+09:00,510.13273265849307,513.655748768013,500.2682875518371,503.0867004394531,199000,0.0,0.0
2006-07-12 00:00:00+09:00,502.38216448570006,508.01899101569387,496.040734639457,499.5637512207031,161000,0.0,0.0
2006-07-13 00:00:00+09:00,493.22223471223026,501.6774730215827,484.76699640287774,489.69921875,257000,0.0,0.0
2006-07-14 00:00:00+09:00,488.28996761546415,493.2221895105699,479.130126953125,479.130126953125,228000,0.0,0.0
2006-07-17 00:00:00+09:00,479.130126953125,479.130126953125,479.130126953125,479.130126953125,0,0.0,0.0
2006-07-18 00:00:00+09:00,479.83476027523176,489.6992046861763,467.85650634765625,467.85650634765625,228000,0.0,0.0
2006-07-19 00:00:00+09:00,460.8105832099915,472.0842366218567,449.5369297981262,450.9461364746094,335000,0.0,0.0
2006-07-20 00:00:00+09:00,486.17625975505615,488.99467285508547,478.42562372997554,488.2900695800781,299000,0.0,0.0
2006-07-21 00:00:00+09:00,417.8297267412385,431.92179172407964,417.8297267412385,423.466552734375,1259000,0.0,0.0
2006-07-24 00:00:00+09:00,410.783696492513,422.05734854033494,400.91925095066875,418.5343322753906,692000,0.0,0.0
2006-07-25 00:00:00+09:00,422.0574029954813,425.5804197149762,415.7159729003906,415.7159729003906,279000,0.0,0.0
2006-07-26 00:00:00+09:00,416.42053719823036,419.9435535873863,406.55609130859375,406.55609130859375,193000,0.0,0.0
2006-07-27 00:00:00+09:00,405.14692512538795,408.6699418656087,397.39628829690224,404.44232177734375,243000,0.0,0.0
2006-07-28 00:00:00+09:00,401.6239113782449,402.32851473154005,394.5778778452932,399.5101013183594,272000,0.0,0.0
2006-07-31 00:00:00+09:00,418.53438334249375,422.05740003729585,409.37453993600815,420.648193359375,290000,0.0,0.0
2006-08-01 00:00:00+09:00,415.71599675026266,421.35282382484246,413.6021865972952,419.239013671875,161000,0.0,0.0
2006-08-02 00:00:00+09:00,420.64815307617187,425.5803759765625,417.8297399902344,422.761962890625,213000,0.0,0.0
2006-08-03 00:00:00+09:00,422.7618979769806,426.2849137934554,419.9434853238007,421.3526916503906,214000,0.0,0.0
2006-08-04 00:00:00+09:00,419.23901367187506,422.76203059348745,415.01139336594014,419.239013671875,189000,0.0,0.0
2006-08-07 00:00:00+09:00,422.7619616513325,424.1711681901703,416.4205322265625,416.4205322265625,258000,0.0,0.0
2006-08-08 00:00:00+09:00,420.64819273656724,420.64819273656724,408.6699359919749,414.3067626953125,178000,0.0,0.0
2006-08-09 00:00:00+09:00,414.30671507333363,417.82973135797084,410.07909553176904,413.60211181640625,140000,0.0,0.0
2006-08-10 00:00:00+09:00,419.2389295574819,422.76194577225067,416.4205165856669,422.0573425292969,139000,0.0,0.0
2006-08-11 00:00:00+09:00,422.05734252929693,422.05734252929693,419.94353280043566,422.0573425292969,44000,0.0,0.0
2006-08-14 00:00:00+09:00,422.76202737294955,427.69425102563395,422.05742399399463,424.1712341308594,283000,0.0,0.0
2006-08-15 00:00:00+09:00,422.76196047737335,427.6941833496094,421.35275394244877,427.6941833496094,429000,0.0,0.0
2006-08-16 00:00:00+09:00,424.1711411696214,464.33352496807396,424.1711411696214,457.9920959472656,661000,0.0,0.0
2006-08-17 00:00:00+09:00,467.151981164459,488.29007985968343,464.33356800509574,468.5611877441406,820000,0.0,0.0
2006-08-18 00:00:00+09:00,478.42552382525275,481.24393633674174,473.4933019301471,479.130126953125,171000,0.0,0.0
2006-08-21 00:00:00+09:00,486.1762857297299,486.1762857297299,479.83485591586384,480.5394592285156,141000,0.0,0.0
2006-08-22 00:00:00+09:00,481.94861516085535,496.0406799316406,481.94861516085535,496.0406799316406,285000,0.0,0.0
2006-08-23 00:00:00+09:00,500.26825433028375,535.4984130859375,500.26825433028375,535.4984130859375,658000,0.0,0.0
2006-08-24 00:00:00+09:00,517.883436322537,520.7018495814352,510.8374031752916,517.1788330078125,487000,0.0,0.0
2006-08-25 00:00:00+09:00,503.08675425354863,508.72358063173965,500.2683410644531,500.2683410644531,396000,0.0,0.0
2006-08-28 00:00:00+09:00,487.58561105439156,489.6994215069395,465.0382995605468,465.0382995605469,442000,0.0,0.0
2006-08-29 00:00:00+09:00,462.2198688235015,471.37971378494285,461.51526536492906,464.33367919921875,287000,0.0,0.0
2006-08-30 00:00:00+09:00,459.4013305849862,466.4473632626701,457.99212404944944,462.9243469238281,216000,0.0,0.0
2006-08-31 00:00:00+09:00,463.6290121346933,484.76711299189816,460.10599532515914,475.6072692871094,225000,0.0,0.0
2006-09-01 00:00:00+09:00,489.6992129052592,489.6992129052592,480.5393715127867,481.9485778808594,146000,0.0,0.0
2006-09-04 00:00:00+09:00,482.6532938288546,496.74536080195986,482.6532938288546,490.4039306640625,139000,0.0,0.0
2006-09-05 00:00:00+09:00,493.2223375785708,495.33614759676465,493.2223375785708,493.92694091796875,114000,0.0,0.0
2006-09-06 00:00:00+09:00,496.745223670642,496.745223670642,489.6991921292145,491.1083984375,121000,0.0,0.0
2006-09-07 00:00:00+09:00,496.7453188688859,496.7453188688859,482.65325308537143,486.17626953125,181000,0.0,0.0
2006-09-08 00:00:00+09:00,482.65325927734375,489.69929225949477,479.83484608448333,482.65325927734375,172000,0.0,0.0
2006-09-11 00:00:00+09:00,486.1762857297299,488.99469898033703,480.5394592285156,480.5394592285156,70000,0.0,0.0
2006-09-12 00:00:00+09:00,460.8106489805417,466.4474764910071,451.65080427603556,452.35540771484375,493000,0.0,0.0
2006-09-13 00:00:00+09:00,457.9920729873323,463.6288985010225,445.3092155815292,449.5368347167969,303000,0.0,0.0
2006-09-14 00:00:00+09:00,442.4908484080481,450.9460875496032,442.4908484080481,443.9000549316406,349000,0.0,0.0
2006-09-15 00:00:00+09:00,443.8999219655622,461.5149982340369,440.37690671186726,455.878173828125,403000,0.0,0.0
2006-09-18 00:00:00+09:00,455.878173828125,455.878173828125,455.878173828125,455.878173828125,0,0.0,0.0
2006-09-19 00:00:00+09:00,448.8322826732289,450.946092481737,433.3310107441692,434.0356140136719,744000,0.0,0.0
2006-09-20 00:00:00+09:00,434.03562270410805,434.03562270410805,422.761970166339,425.58038330078125,516000,0.0,0.0
2006-09-21 00:00:00+09:00,426.2850442677241,426.98964764667903,421.3528206150397,424.1712341308594,299000,0.0,0.0
2006-09-22 00:00:00+09:00,421.35277961884566,424.8757961708427,412.8975398940528,419.9435729980469,502000,0.0,0.0
2006-09-25 00:00:00+09:00,426.98962519719055,426.98962519719055,402.3285082303561,403.0331115722656,340000,0.0,0.0
2006-09-26 00:00:00+09:00,417.2494267204783,417.2494267204783,408.7196258335179,413.6953430175781,361000,5.0,0.0
2006-09-27 00:00:00+09:00,420.8035012003926,422.2251346503939,415.82778412538795,418.6710510253906,229000,0.0,0.0
2006-09-28 00:00:00+09:00,424.35754028320315,430.04407348632816,422.22509033203124,426.489990234375,233000,0.0,0.0
2006-09-29 00:00:00+09:00,432.17650831455717,453.5010070800781,431.46569168903983,453.5010070800781,507000,0.0,0.0
2006-10-02 00:00:00+09:00,447.8144836425781,451.36856684609063,442.8387671576606,447.8144836425781,238000,0.0,0.0
2006-10-03 00:00:00+09:00,451.36865504356734,453.5011053823559,444.2604872476057,449.947021484375,154000,0.0,0.0
2006-10-04 00:00:00+09:00,449.2360568145121,449.2360568145121,444.260340995364,447.1036071777344,319000,0.0,0.0
2006-10-05 00:00:00+09:00,452.7901718186311,465.5848705513397,451.368538626108,464.8740539550781,557000,0.0,0.0
2006-10-06 00:00:00+09:00,469.8498483758224,477.6688322368421,469.1390316611842,472.693115234375,300000,0.0,0.0
2006-10-09 00:00:00+09:00,472.693115234375,472.693115234375,472.693115234375,472.693115234375,0,0.0,0.0
2006-10-10 00:00:00+09:00,473.40391143380776,473.40391143380776,459.8983944409514,467.0065612792969,155000,0.0,0.0
2006-10-11 00:00:00+09:00,459.8983728027344,474.11470581054687,457.0551062011719,462.03082275390625,237000,0.0,0.0
2006-10-12 00:00:00+09:00,448.525441981592,470.5607648047764,447.814625116328,468.4283142089844,142000,0.0,0.0
2006-10-13 00:00:00+09:00,467.00647443883554,484.0660716786104,467.00647443883554,483.3552551269531,188000,0.0,0.0
2006-10-16 00:00:00+09:00,494.0177150218413,503.2583341517462,490.4636307411086,501.8367004394531,396000,0.0,0.0
2006-10-17 00:00:00+09:00,500.4149641597323,500.4149641597323,488.33108008201145,491.1743469238281,197000,0.0,0.0
2006-10-18 00:00:00+09:00,488.3311224347335,488.3311224347335,476.2472373089832,484.77703857421875,304000,0.0,0.0
2006-10-19 00:00:00+09:00,488.33108008201145,493.3067970551906,488.33108008201145,491.1743469238281,124000,0.0,0.0
2006-10-20 00:00:00+09:00,494.0175720214844,498.99328857421875,490.4634887695313,497.5716552734375,172000,0.0,0.0
2006-10-23 00:00:00+09:00,491.174403869453,496.86093821237,491.174403869453,493.3068542480469,104000,0.0,0.0
2006-10-24 00:00:00+09:00,496.8609286973548,500.41501259361627,496.8609286973548,498.2825622558594,194000,0.0,0.0
2006-10-25 00:00:00+09:00,502.5473506243932,502.5473506243932,488.3310182163481,491.8851013183594,238000,0.0,0.0
2006-10-26 00:00:00+09:00,496.86087541222076,513.9204762847434,493.30679189711185,511.07720947265625,277000,0.0,0.0
2006-10-27 00:00:00+09:00,506.812343448234,511.07724395410975,506.1015266972547,508.9447937011719,136000,0.0,0.0
2006-10-30 00:00:00+09:00,508.9447593635909,521.7394600179829,508.23394266056914,511.07720947265625,337000,0.0,0.0
2006-10-31 00:00:00+09:00,521.0286951410956,556.5695338273913,517.474611272466,548.7505493164062,912000,0.0,0.0
2006-11-01 00:00:00+09:00,543.0640424363157,554.4371113878616,530.2693398658266,534.5342407226562,673000,0.0,0.0
2006-11-02 00:00:00+09:00,537.3774261474609,547.3288599650066,530.2692591349285,545.9072265625,291000,0.0,0.0
2006-11-03 00:00:00+09:00,545.9072265625,545.9072265625,545.9072265625,545.9072265625,0,0.0,0.0
2006-11-06 00:00:00+09:00,539.5098273391629,577.8939257269294,539.5098273391629,575.0506591796875,559000,0.0,0.0
2006-11-07 00:00:00+09:00,572.9182364671021,574.3398698082116,551.5937363504606,559.4127197265625,410000,0.0,0.0
2006-11-08 00:00:00+09:00,566.5209298770824,580.7372643783893,562.9668462517556,569.3641967773438,280000,0.0,0.0
2006-11-09 00:00:00+09:00,568.6534423828125,574.3399768066406,564.3885415649414,568.6534423828125,195000,0.0,0.0
2006-11-10 00:00:00+09:00,572.2074572087517,575.7615407938993,555.1478560000436,572.9182739257812,309000,0.0,0.0
2006-11-13 00:00:00+09:00,567.942602207006,571.4966860756355,542.3531983528729,548.7505493164062,367000,0.0,0.0
2006-11-14 00:00:00+09:00,549.4613284755139,570.7858302274744,549.4613284755139,569.3641967773438,351000,0.0,0.0
2006-11-15 00:00:00+09:00,575.0505235955083,586.4235871029596,572.9180741878612,584.2911376953125,413000,0.0,0.0
2006-11-16 00:00:00+09:00,577.1832008264751,577.1832008264751,557.9911485822449,558.7019653320312,411000,0.0,0.0
2006-11-17 00:00:00+09:00,555.1478815830998,563.6776825805354,546.6180805856642,558.7019653320312,383000,0.0,0.0
2006-11-20 00:00:00+09:00,558.701893646445,558.701893646445,528.1367773273647,529.5584106445312,233000,0.0,0.0
2006-11-21 00:00:00+09:00,515.3420908249691,529.5584243649682,515.3420908249691,521.7394409179688,189000,0.0,0.0
2006-11-22 00:00:00+09:00,511.78809887210264,540.220771031664,511.0772820681136,536.6666870117188,262000,0.0,0.0
2006-11-23 00:00:00+09:00,536.6666870117188,536.6666870117188,536.6666870117188,536.6666870117188,0,0.0,0.0
2006-11-24 00:00:00+09:00,536.6665710449219,540.2206542968751,523.1610546875,533.1124877929688,112000,0.0,0.0
2006-11-27 00:00:00+09:00,540.2208011583011,560.1236727799228,540.2208011583011,552.3046875,212000,0.0,0.0
2006-11-28 00:00:00+09:00,550.8829836942712,559.4127847321179,550.8829836942712,557.2803344726562,148000,0.0,0.0
2006-11-29 00:00:00+09:00,557.2804305155081,570.7859511530013,557.2804305155081,570.0751342773438,140000,0.0,0.0
2006-11-30 00:00:00+09:00,570.0748878592875,574.3397872697062,567.9424381540782,571.4965209960938,119000,0.0,0.0
2006-12-01 00:00:00+09:00,571.4967680286588,574.3400355312889,567.9426836503711,570.0751342773438,138000,0.0,0.0
2006-12-04 00:00:00+09:00,574.3398700330816,594.2427368164062,574.3398700330816,594.2427368164062,330000,0.0,0.0
2006-12-05 00:00:00+09:00,597.086068802521,599.9293357968187,592.1103515625,592.1103515625,155000,0.0,0.0
2006-12-06 00:00:00+09:00,591.3994701330741,597.0860034997384,591.3994701330741,594.2427368164062,161000,0.0,0.0
2006-12-07 00:00:00+09:00,596.3751197479285,602.0616524749647,593.5318533844103,597.7967529296875,181000,0.0,0.0
2006-12-08 00:00:00+09:00,601.3509547518328,601.3509547518328,596.3752376321368,599.9293212890625,110000,0.0,0.0
2006-12-11 00:00:00+09:00,603.4833289173162,611.3023119774934,603.4833289173162,608.4590454101562,235000,0.0,0.0
2006-12-12 00:00:00+09:00,612.0129910173087,621.2536052835399,611.3021745352909,618.4103393554688,150000,0.0,0.0
2006-12-13 00:00:00+09:00,616.2779518540078,618.4104015144023,611.3022359797541,617.6995849609375,154000,0.0,0.0
2006-12-14 00:00:00+09:00,619.8319754947015,619.8319754947015,611.3021776667928,616.2778930664062,117000,0.0,0.0
2006-12-15 00:00:00+09:00,618.410530090332,618.410530090332,612.723996480306,614.1456298828125,83000,0.0,0.0
2006-12-18 00:00:00+09:00,614.145753367613,614.8565702117885,609.1700354583846,613.4349365234375,127000,0.0,0.0
2006-12-19 00:00:00+09:00,616.9888966878256,631.2052307128906,612.723996480306,614.1456298828125,546000,0.0,0.0
2006-12-20 00:00:00+09:00,614.8563771297136,619.1212768554688,607.7482109201214,619.1212768554688,245000,0.0,0.0
2006-12-21 00:00:00+09:00,616.2780864036125,616.2780864036125,604.9050190651376,610.591552734375,200000,0.0,0.0
2006-12-22 00:00:00+09:00,611.3023863447473,611.3023863447473,595.6644183219747,601.3509521484375,162000,0.0,0.0
2006-12-25 00:00:00+09:00,599.2184636212777,600.6400969869272,585.7129466476072,588.5562133789062,167000,0.0,0.0
2006-12-26 00:00:00+09:00,584.2914777483259,597.086181640625,583.5806608654203,597.086181640625,117000,0.0,0.0
2006-12-27 00:00:00+09:00,600.64007079503,606.3266040096576,595.664354232231,603.4833374023438,125000,0.0,0.0
2006-12-28 00:00:00+09:00,604.9049049368498,609.880620958657,600.6400054895864,606.3265380859375,110000,0.0,0.0
2006-12-29 00:00:00+09:00,602.7725856050531,604.1942190616688,596.3752350502825,601.3509521484375,69000,0.0,0.0
2007-01-04 00:00:00+09:00,606.3266550284422,609.169921875,602.7725714702451,609.169921875,44000,0.0,0.0
2007-01-05 00:00:00+09:00,607.0373686111215,608.4590017928805,596.3751197479285,597.7967529296875,147000,0.0,0.0
2007-01-09 00:00:00+09:00,590.6885986328125,594.2426816570772,582.8696159794299,590.6885986328125,132000,0.0,0.0
2007-01-10 00:00:00+09:00,600.6400239823682,602.7724737716547,594.2426746145087,594.9534912109375,170000,0.0,0.0
2007-01-11 00:00:00+09:00,594.9536784878737,602.0618466896404,592.8212280273438,592.8212280273438,121000,0.0,0.0
2007-01-12 00:00:00+09:00,594.2426699752898,604.1941022476033,588.5561372482535,597.7967529296875,285000,0.0,0.0
2007-01-15 00:00:00+09:00,599.218436279297,605.6157861328126,594.2427197265625,604.1941528320312,96000,0.0,0.0
2007-01-16 00:00:00+09:00,605.6159682313088,605.6159682313088,599.2186164542175,604.9051513671875,59000,0.0,0.0
2007-01-17 00:00:00+09:00,599.2184374913732,604.1941540541723,597.7968041877162,603.4833374023438,83000,0.0,0.0
2007-01-18 00:00:00+09:00,598.5075648922892,603.4832809899685,598.5075648922892,600.6400146484375,85000,0.0,0.0
2007-01-19 00:00:00+09:00,600.6400181278764,600.6400181278764,592.110219053871,598.507568359375,121000,0.0,0.0
2007-01-22 00:00:00+09:00,599.2183896158077,599.2183896158077,592.8210402604789,595.664306640625,121000,0.0,0.0
2007-01-23 00:00:00+09:00,593.5318650522244,593.5318650522244,585.0020657939888,590.6885986328125,130000,0.0,0.0
2007-01-24 00:00:00+09:00,589.9778454899068,593.5319288964726,585.712945402028,589.2670288085938,159000,0.0,0.0
2007-01-25 00:00:00+09:00,596.3752071473656,597.0860238424161,582.8696899414062,582.8696899414062,111000,0.0,0.0
2007-01-26 00:00:00+09:00,572.9180855521732,580.737066868642,572.9180855521732,576.47216796875,129000,0.0,0.0
2007-01-29 00:00:00+09:00,580.7372474764138,589.2670479289437,575.0507138413939,578.6047973632812,103000,0.0,0.0
2007-01-30 00:00:00+09:00,577.1831742279583,580.7372578131058,572.9182739257812,572.9182739257812,67000,0.0,0.0
2007-01-31 00:00:00+09:00,572.2074060272752,572.2074060272752,564.3884228393249,567.231689453125,94000,0.0,0.0
2007-02-01 00:00:00+09:00,572.9182463567614,588.5562133789062,568.6533462598128,588.5562133789062,141000,0.0,0.0
2007-02-02 00:00:00+09:00,583.5804588214133,583.5804588214133,573.6290259060665,575.0506591796875,159000,0.0,0.0
2007-02-05 00:00:00+09:00,559.4126789043476,559.4126789043476,545.9071631493507,547.3287963867188,228000,0.0,0.0
2007-02-06 00:00:00+09:00,544.4855455527061,544.4855455527061,533.8232959661648,538.0881958007812,232000,0.0,0.0
2007-02-07 00:00:00+09:00,552.3045553953751,557.9910887842593,523.1610717773438,523.1610717773438,380000,0.0,0.0
2007-02-08 00:00:00+09:00,533.1123764450485,533.1123764450485,525.2933949238545,526.0042114257812,225000,0.0,0.0
2007-02-09 00:00:00+09:00,525.2935844161884,526.0044011745323,511.7880660076531,522.4503173828125,297000,0.0,0.0
2007-02-13 00:00:00+09:00,528.1368368931174,535.2450042806425,525.2935699381073,530.269287109375,152000,0.0,0.0
2007-02-14 00:00:00+09:00,536.6666106978794,550.8829447561013,536.6666106978794,545.1964111328125,134000,0.0,0.0
2007-02-15 00:00:00+09:00,559.4126776906767,559.4126776906767,542.353078879271,548.0396118164062,114000,0.0,0.0
2007-02-16 00:00:00+09:00,548.0396766662598,553.0153935750326,538.7990595499675,545.9072265625,94000,0.0,0.0
2007-02-19 00:00:00+09:00,545.1963453478386,551.5936949021158,545.1963453478386,548.0396118164062,49000,0.0,0.0
2007-02-20 00:00:00+09:00,553.0154392340244,554.4370727539062,548.0397219144381,554.4370727539062,90000,0.0,0.0
2007-02-21 00:00:00+09:00,554.4370754212524,557.9911592380553,548.0397245510071,553.0154418945312,96000,0.0,0.0
2007-02-22 00:00:00+09:00,555.8586957127915,561.5452296842778,555.8586957127915,560.1235961914062,73000,0.0,0.0
2007-02-23 00:00:00+09:00,565.0991168159418,568.6531993116396,561.5450343202441,567.9423828125,121000,0.0,0.0
2007-02-26 00:00:00+09:00,589.2670440487062,589.2670440487062,577.8939768535563,580.7372436523438,135000,0.0,0.0
2007-02-27 00:00:00+09:00,585.7129111969485,585.7129111969485,572.2073950407082,573.6290283203125,93000,0.0,0.0
2007-02-28 00:00:00+09:00,524.5827170488911,558.7019181577621,524.5827170488911,550.8829345703125,174000,0.0,0.0
2007-03-01 00:00:00+09:00,565.0992076526989,586.4237060546875,553.0153252249053,586.4237060546875,274000,0.0,0.0
2007-03-02 00:00:00+09:00,582.1588951861428,582.1588951861428,569.3641941930407,570.7858276367188,166000,0.0,0.0
2007-03-05 00:00:00+09:00,568.6532875926224,568.6532875926224,549.4612391363714,551.5936889648438,172000,0.0,0.0
2007-03-06 00:00:00+09:00,544.4855577188873,566.5208740234375,543.0639244089163,566.5208740234375,128000,0.0,0.0
2007-03-07 00:00:00+09:00,567.2317031026644,570.0749697848833,558.7019030560078,559.4127197265625,95000,0.0,0.0
2007-03-08 00:00:00+09:00,559.4127512990692,575.7615356445312,555.1478510350357,575.7615356445312,63000,0.0,0.0
2007-03-09 00:00:00+09:00,561.545166015625,565.8100660106804,554.4369993571994,561.545166015625,156000,0.0,0.0
2007-03-12 00:00:00+09:00,568.6532212772786,568.6532212772786,548.7503585325738,553.72607421875,137000,0.0,0.0
2007-03-13 00:00:00+09:00,559.4127247153875,560.1235413922813,554.4370079771312,556.5694580078125,76000,0.0,0.0
2007-03-14 00:00:00+09:00,547.3288158143547,547.3288158143547,533.1124829360597,535.9557495117188,107000,0.0,0.0
2007-03-15 00:00:00+09:00,535.9557965047998,547.3288638046364,535.9557965047998,543.7747802734375,76000,0.0,0.0
2007-03-16 00:00:00+09:00,541.6422875976563,541.6422875976563,533.1124877929688,533.1124877929688,61000,0.0,0.0
2007-03-19 00:00:00+09:00,528.1367822562152,533.823315577951,523.1610655996964,526.7151489257812,122000,0.0,0.0
2007-03-20 00:00:00+09:00,536.6667718332417,538.7992225822479,523.1612504228688,525.293701171875,115000,0.0,0.0
2007-03-22 00:00:00+09:00,528.1369511874792,535.2451201132865,528.1369511874792,533.823486328125,153000,0.0,0.0
2007-03-23 00:00:00+09:00,535.2449810567326,544.4855982595714,526.7151805618047,543.06396484375,143000,0.0,0.0
2007-03-26 00:00:00+09:00,536.6666911510712,540.2207751984292,528.1368894374117,534.5342407226562,101000,0.0,0.0
2007-03-27 00:00:00+09:00,530.9466552734375,537.4041145943307,529.5116643132391,530.9466552734375,71000,7.0,0.0
2007-03-28 00:00:00+09:00,530.9466552734375,538.1216100744299,530.2291597933383,530.9466552734375,57000,0.0,0.0
2007-03-29 00:00:00+09:00,523.7717060845955,539.5566068159121,523.0542105968084,538.839111328125,82000,0.0,0.0
2007-03-30 00:00:00+09:00,539.5564983443709,544.5789657491722,535.2515262831125,541.708984375,67000,0.0,0.0
2007-04-02 00:00:00+09:00,541.7091206868489,547.4490848795573,538.1216430664062,538.1216430664062,107000,0.0,0.0
2007-04-03 00:00:00+09:00,533.099147425828,540.9915977914864,526.641688035744,538.839111328125,43000,0.0,0.0
2007-04-04 00:00:00+09:00,538.8390030008278,546.7314517798013,537.4040123137418,541.708984375,109000,0.0,0.0
2007-04-05 00:00:00+09:00,538.8390907672103,545.2965499108919,533.8166225443468,540.9915771484375,50000,0.0,0.0
2007-04-06 00:00:00+09:00,545.2966100610256,551.7540699170114,544.5791145214716,547.4490966796875,103000,0.0,0.0
2007-04-09 00:00:00+09:00,548.1666242394688,554.6240844726562,548.1666242394688,554.6240844726562,78000,0.0,0.0
2007-04-10 00:00:00+09:00,556.0590627444581,556.0590627444581,551.0365937906372,551.7540893554688,78000,0.0,0.0
2007-04-11 00:00:00+09:00,551.7541186266109,555.3415966410881,543.8616669947608,544.5791625976562,104000,0.0,0.0
2007-04-12 00:00:00+09:00,546.0139494917465,547.4489401605816,540.2739868164062,540.2739868164062,67000,0.0,0.0
2007-04-13 00:00:00+09:00,541.7091776392296,548.166638034929,521.6193008526092,530.229248046875,88000,0.0,0.0
2007-04-16 00:00:00+09:00,540.9915845020709,540.9915845020709,535.2516207407756,535.9691162109375,110000,0.0,0.0
2007-04-17 00:00:00+09:00,540.2741032109427,540.2741032109427,531.6641573430393,532.3816528320312,101000,0.0,0.0
2007-04-18 00:00:00+09:00,533.8166298004519,540.9915845020709,533.8166298004519,535.9691162109375,58000,0.0,0.0
2007-04-19 00:00:00+09:00,536.6866598013753,536.6866598013753,530.9466955254248,533.0991821289062,69000,0.0,0.0
2007-04-20 00:00:00+09:00,538.8391464048568,538.8391464048568,532.3816865944125,533.0991821289062,46000,0.0,0.0
2007-04-23 00:00:00+09:00,535.2517363477873,538.8392144734428,532.381753847263,534.5342407226562,82000,0.0,0.0
2007-04-24 00:00:00+09:00,535.2516479492188,538.1216299757562,531.664170416047,535.2516479492188,34000,0.0,0.0
2007-04-25 00:00:00+09:00,538.1216167439669,538.8391122329588,532.3816528320312,532.3816528320312,36000,0.0,0.0
2007-04-26 00:00:00+09:00,533.8165355960265,541.708984375,533.8165355960265,541.708984375,57000,0.0,0.0
2007-04-27 00:00:00+09:00,543.1440635296647,543.1440635296647,539.5565862276194,540.9915771484375,62000,0.0,0.0
2007-05-01 00:00:00+09:00,548.1667082657482,548.1667082657482,543.144238425617,546.0142211914062,41000,0.0,0.0
2007-05-02 00:00:00+09:00,548.1664424668874,548.1664424668874,538.1215076572847,541.708984375,33000,0.0,0.0
2007-05-07 00:00:00+09:00,539.5566068159121,539.5566068159121,538.839111328125,538.839111328125,42000,0.0,0.0
2007-05-08 00:00:00+09:00,537.4041137695312,538.1216092485292,536.6866182905331,537.4041137695312,61000,0.0,0.0
2007-05-09 00:00:00+09:00,531.6642582221319,538.1217188483116,531.6642582221319,534.5342407226562,79000,0.0,0.0
2007-05-10 00:00:00+09:00,532.3814967434738,535.2514778579939,530.9465061862138,531.6640014648438,43000,0.0,0.0
2007-05-11 00:00:00+09:00,517.3142282237178,531.6641374670942,513.0092554507048,528.07666015625,114000,0.0,0.0
2007-05-14 00:00:00+09:00,528.07666015625,530.9466420049254,523.0541919210683,528.07666015625,113000,0.0,0.0
2007-05-15 00:00:00+09:00,515.8793857879218,520.90185546875,515.8793857879218,520.90185546875,125000,0.0,0.0
2007-05-16 00:00:00+09:00,517.3142765198176,519.4667631072787,513.0093033448954,518.749267578125,103000,0.0,0.0
2007-05-17 00:00:00+09:00,513.7269225561319,514.4444182580258,511.5744354504497,512.2919311523438,71000,0.0,0.0
2007-05-18 00:00:00+09:00,502.24672771115013,508.70418563886494,500.8117370605469,500.8117370605469,106000,0.0,0.0
2007-05-21 00:00:00+09:00,501.5292867463211,509.42173618009724,495.071828118686,499.3768005371094,91000,0.0,0.0
2007-05-22 00:00:00+09:00,492.20197624675876,505.8343924984911,492.20197624675876,501.5294189453125,71000,0.0,0.0
2007-05-23 00:00:00+09:00,502.2467786615545,517.3141820214012,502.2467786615545,505.11676025390625,126000,0.0,0.0
2007-05-24 00:00:00+09:00,505.83432662942283,508.70430862448336,505.83432662942283,507.2693176269531,30000,0.0,0.0
2007-05-25 00:00:00+09:00,496.5069822449615,498.65946916220844,491.4845127713853,495.0719909667969,113000,0.0,0.0
2007-05-28 00:00:00+09:00,505.11676025390625,505.8342556519942,500.8117878653787,505.11676025390625,58000,0.0,0.0
2007-05-29 00:00:00+09:00,512.2917141479663,513.0092095459327,508.7042371581347,511.57421875,46000,0.0,0.0
2007-05-30 00:00:00+09:00,514.4442944032028,523.7717362822009,514.4442944032028,518.749267578125,136000,0.0,0.0
2007-05-31 00:00:00+09:00,525.20677885022,530.9467436463972,525.20677885022,530.229248046875,146000,0.0,0.0
2007-06-01 00:00:00+09:00,528.7942568478308,533.0992304449636,528.7942568478308,530.229248046875,80000,0.0,0.0
2007-06-04 00:00:00+09:00,528.0766535039169,531.6641307695685,524.4891762382653,526.6416625976562,90000,0.0,0.0
2007-06-05 00:00:00+09:00,530.2291597933383,531.6641507535368,528.7941688331398,530.9466552734375,29000,0.0,0.0
2007-06-06 00:00:00+09:00,530.9466353164381,531.6641307695685,526.6416625976562,526.6416625976562,58000,0.0,0.0
2007-06-07 00:00:00+09:00,516.5967679720097,520.1842455273709,513.7267859277208,515.8792724609375,104000,0.0,0.0
2007-06-08 00:00:00+09:00,510.8567710628967,513.7267529228006,508.70428466796875,508.70428466796875,134000,0.0,0.0
2007-06-11 00:00:00+09:00,518.7493094599896,518.7493094599896,514.4443359375,514.4443359375,51000,0.0,0.0
2007-06-12 00:00:00+09:00,518.0316773316971,519.4666681276298,511.57421875,511.57421875,74000,0.0,0.0
2007-06-13 00:00:00+09:00,516.5968145718232,520.1842924507941,516.5968145718232,519.466796875,49000,0.0,0.0
2007-06-14 00:00:00+09:00,523.0541859172953,523.0541859172953,516.5967268318966,520.1842041015625,78000,0.0,0.0
2007-06-15 00:00:00+09:00,528.0767612483086,530.229248046875,523.7717876511756,530.229248046875,126000,0.0,0.0
2007-06-18 00:00:00+09:00,538.1216977369339,539.5566889308991,536.6867065429688,536.6867065429688,122000,0.0,0.0
2007-06-19 00:00:00+09:00,535.2516687323878,535.2516687323878,532.3816865944125,533.0991821289062,98000,0.0,0.0
2007-06-20 00:00:00+09:00,535.251628154033,535.251628154033,530.2291597933383,530.9466552734375,89000,0.0,0.0
2007-06-21 00:00:00+09:00,535.2516413862987,538.1216233776461,533.816650390625,533.816650390625,51000,0.0,0.0
2007-06-22 00:00:00+09:00,535.251627332537,538.1216092485292,535.251627332537,537.4041137695312,170000,0.0,0.0
2007-06-25 00:00:00+09:00,538.121479313548,543.8614417595592,529.5115356445312,529.5115356445312,128000,0.0,0.0
2007-06-26 00:00:00+09:00,534.5341252706137,535.9691162109375,532.3816388601281,535.9691162109375,132000,0.0,0.0
2007-06-27 00:00:00+09:00,535.2516207407756,537.4041071512613,533.8166298004519,535.9691162109375,152000,0.0,0.0
2007-06-28 00:00:00+09:00,545.2967254999589,546.0142211914062,540.2742556598278,546.0142211914062,187000,0.0,0.0
2007-06-29 00:00:00+09:00,553.1890249399039,563.9514573317308,551.7540339543269,559.646484375,537000,0.0,0.0
2007-07-02 00:00:00+09:00,562.5165658045296,569.691522001016,561.0815745652324,568.2565307617188,425000,0.0,0.0
2007-07-03 00:00:00+09:00,559.6465389771449,561.0815301027274,556.0590611631889,558.2115478515625,231000,0.0,0.0
2007-07-04 00:00:00+09:00,559.6466889252534,564.6691592104801,556.0592101500915,557.4942016601562,145000,0.0,0.0
2007-07-05 00:00:00+09:00,558.2116974151886,561.0816804353182,556.7767059051239,557.4942016601562,100000,0.0,0.0
2007-07-06 00:00:00+09:00,558.2116605073019,559.6466519224878,546.731729185815,548.8842163085938,187000,0.0,0.0
2007-07-09 00:00:00+09:00,558.2115297729972,558.2115297729972,536.6866635863778,547.4490966796875,357000,0.0,0.0
2007-07-10 00:00:00+09:00,548.1665564903847,561.081475360577,546.0140700120193,559.646484375,396000,0.0,0.0
2007-07-11 00:00:00+09:00,559.6464825393563,577.5838698002331,559.6464825393563,572.5614013671875,1012000,0.0,0.0
2007-07-12 00:00:00+09:00,573.9963589585977,578.3013316507871,561.0814408820293,565.3864135742188,333000,0.0,0.0
2007-07-13 00:00:00+09:00,565.3865630211642,569.6915368512746,556.0591197225917,564.6690673828125,227000,0.0,0.0
2007-07-17 00:00:00+09:00,567.5389534812304,570.408935546875,566.8214579648192,570.408935546875,366000,0.0,0.0
2007-07-18 00:00:00+09:00,569.6912829212307,569.6912829212307,556.7763671875,556.7763671875,230000,0.0,0.0
2007-07-19 00:00:00+09:00,572.5614338487682,580.4538846912951,571.8439383176294,579.7363891601562,419000,0.0,0.0
2007-07-20 00:00:00+09:00,624.2210469563802,651.4858742947049,622.7860560438369,645.7459106445312,2978000,0.0,0.0
2007-07-23 00:00:00+09:00,622.0685828899515,628.5260422279094,612.0236461420169,624.2210693359375,986000,0.0,0.0
2007-07-24 00:00:00+09:00,643.5932696506316,657.9431753284606,632.1133451083683,651.4857177734375,903000,0.0,0.0
2007-07-25 00:00:00+09:00,646.463384804327,661.5307888896665,641.4409167758805,660.8132934570312,603000,0.0,0.0
2007-07-26 00:00:00+09:00,655.073373330606,655.073373330606,634.2660044077281,637.135986328125,563000,0.0,0.0
2007-07-27 00:00:00+09:00,617.0461228524773,624.2210777693666,609.871167935588,612.7411499023438,631000,0.0,0.0
2007-07-30 00:00:00+09:00,609.8712130076325,624.2211239019298,596.2387976580501,622.7861328125,291000,0.0,0.0
2007-07-31 00:00:00+09:00,627.8085254487537,632.8309936523438,627.8085254487537,632.8309936523438,208000,0.0,0.0
2007-08-01 00:00:00+09:00,629.9611093862898,629.9611093862898,614.1762068731937,620.6336669921875,296000,0.0,0.0
2007-08-02 00:00:00+09:00,556.0588935691729,584.7587074308077,548.8839401037643,580.4537353515625,782000,0.0,0.0
2007-08-03 00:00:00+09:00,579.7362075325362,607.71852448027,571.1262638563105,592.651123046875,606000,0.0,0.0
2007-08-06 00:00:00+09:00,577.5837942835796,604.1311239587255,574.7138126970773,595.5211791992188,296000,0.0,0.0
2007-08-07 00:00:00+09:00,599.8261583768405,601.2611491863544,593.3686997340276,596.9561767578125,344000,0.0,0.0
2007-08-08 00:00:00+09:00,609.8712256195349,630.6785968465543,604.1312611431157,625.6561279296875,586000,0.0,0.0
2007-08-09 00:00:00+09:00,639.288603596111,652.9210205078125,627.8086735652043,652.9210205078125,913000,0.0,0.0
2007-08-10 00:00:00+09:00,652.2034524260556,657.2259212566192,639.2885325760346,643.593505859375,743000,0.0,0.0
2007-08-13 00:00:00+09:00,609.8711218070754,609.8711218070754,591.2162404341531,596.2387084960938,327000,0.0,0.0
2007-08-14 00:00:00+09:00,586.1937794361301,596.2387156810576,584.7587885439975,591.2162475585938,393000,0.0,0.0
2007-08-15 00:00:00+09:00,579.7365139040988,579.7365139040988,573.279052734375,573.279052734375,137000,0.0,0.0
2007-08-16 00:00:00+09:00,544.5791321585294,563.234016791101,542.4266454701558,558.2115478515625,327000,0.0,0.0
2007-08-17 00:00:00+09:00,558.9291259093061,558.9291259093061,515.8793857879218,520.90185546875,362000,0.0,0.0
2007-08-20 00:00:00+09:00,565.3864855206879,565.3864855206879,510.8568244806215,513.726806640625,567000,0.0,0.0
2007-08-21 00:00:00+09:00,517.3143457195102,545.2966750996225,517.3143457195102,534.5342407226562,350000,0.0,0.0
2007-08-22 00:00:00+09:00,541.7091801860744,562.5165526700428,541.7091801860744,544.5791625976562,234000,0.0,0.0
2007-08-23 00:00:00+09:00,561.7990764166306,571.8440152031349,561.0815807890232,569.6915283203125,268000,0.0,0.0
2007-08-24 00:00:00+09:00,571.1265843986743,595.5214385061553,563.234131599195,591.9339599609375,431000,0.0,0.0
2007-08-27 00:00:00+09:00,591.9337090715893,599.1086631209419,587.6287366419778,590.4987182617188,146000,0.0,0.0
2007-08-28 00:00:00+09:00,583.3237167377259,583.3237167377259,573.9962772326946,580.4537353515625,100000,0.0,0.0
2007-08-29 00:00:00+09:00,564.6690336814667,569.6915028501709,561.0815557038208,563.9515380859375,154000,0.0,0.0
2007-08-30 00:00:00+09:00,579.0188126028921,579.7363080336269,571.8438582955453,575.4313354492188,163000,0.0,0.0
2007-08-31 00:00:00+09:00,566.8214620578509,584.7588500976562,566.8214620578509,584.7588500976562,241000,0.0,0.0
2007-09-03 00:00:00+09:00,584.758857878128,585.4763534092667,566.8214695996577,579.7363891601562,134000,0.0,0.0
2007-09-04 00:00:00+09:00,580.4538442291829,580.4538442291829,571.8438984556968,577.5838623046875,175000,0.0,0.0
2007-09-05 00:00:00+09:00,578.3013807024275,578.3013807024275,561.0814884730748,562.5164794921875,209000,0.0,0.0
2007-09-06 00:00:00+09:00,555.3416096080433,570.4090176206646,550.3191402705029,568.2565307617188,128000,0.0,0.0
2007-09-07 00:00:00+09:00,568.9740035782999,576.866455078125,563.2340388511543,576.866455078125,183000,0.0,0.0
2007-09-10 00:00:00+09:00,569.6914010454518,569.6914010454518,546.0140506241673,555.3414916992188,248000,0.0,0.0
2007-09-11 00:00:00+09:00,547.4491159664794,562.5165228279421,540.9916558829954,551.7540893554688,241000,0.0,0.0
2007-09-12 00:00:00+09:00,549.6015832983495,559.6465208521053,543.1441234423636,547.4490966796875,147000,0.0,0.0
2007-09-13 00:00:00+09:00,548.8840481571447,548.8840481571447,538.1216158403379,538.839111328125,159000,0.0,0.0
2007-09-14 00:00:00+09:00,518.7492126132227,531.6641307695685,518.7492126132227,526.6416625976562,336000,0.0,0.0
2007-09-18 00:00:00+09:00,513.7267915122529,515.1617825499967,498.6593856159439,503.6818542480469,283000,0.0,0.0
2007-09-19 00:00:00+09:00,525.2066914326437,533.8166371938345,523.7717004724451,530.9466552734375,220000,0.0,0.0
2007-09-20 00:00:00+09:00,523.771762247777,530.9467178950068,520.1842844241621,524.4892578125,127000,0.0,0.0
2007-09-21 00:00:00+09:00,531.6641804222921,531.6641804222921,510.13931481815075,517.3142700195312,189000,0.0,0.0
2007-09-25 00:00:00+09:00,517.3142563246623,534.6543989947628,510.08919687878716,521.6492919921875,178000,5.0,0.0
2007-09-26 00:00:00+09:00,523.8168334960938,534.6544231546336,519.4817976326779,523.8168334960938,227000,0.0,0.0
2007-09-27 00:00:00+09:00,534.6543534682446,540.4344005327662,531.7643299359838,536.099365234375,340000,0.0,0.0
2007-09-28 00:00:00+09:00,543.3244449013158,549.826998098273,538.2669035259046,549.1044921875,308000,0.0,0.0
2007-10-01 00:00:00+09:00,563.5547125486277,563.5547125486277,520.2043500448872,528.1519165039062,297000,0.0,0.0
2007-10-02 00:00:00+09:00,541.8794078211631,542.6019136982579,531.0418196647398,537.5443725585938,256000,0.0,0.0
2007-10-03 00:00:00+09:00,536.8219511346166,541.879493069936,535.3769391530967,539.7119750976562,205000,0.0,0.0
2007-10-04 00:00:00+09:00,536.0995864145488,538.2671049580038,531.042043146487,533.9320678710938,126000,0.0,0.0
2007-10-05 00:00:00+09:00,544.7695406901042,546.9370587565104,538.9894925130209,541.8795166015625,229000,0.0,0.0
2007-10-09 00:00:00+09:00,544.76953125,554.162109375,539.7119891826923,544.76953125,294000,0.0,0.0
2007-10-10 00:00:00+09:00,551.994443281354,551.994443281354,541.879361859968,542.6018676757812,297000,0.0,0.0
2007-10-11 00:00:00+09:00,548.382080078125,549.8270921468421,534.654465425313,548.382080078125,237000,0.0,0.0
2007-10-12 00:00:00+09:00,541.8793970224809,541.8793970224809,531.0418090820312,531.0418090820312,237000,0.0,0.0
2007-10-15 00:00:00+09:00,536.099377221916,538.2668949195788,513.7016943460678,522.3717651367188,568000,0.0,0.0
2007-10-16 00:00:00+09:00,507.9218239190753,507.9218239190753,505.03179931640625,505.03179931640625,568000,0.0,0.0
2007-10-17 00:00:00+09:00,514.424274008457,514.424274008457,499.25164794921875,499.25164794921875,568000,0.0,0.0
2007-10-18 00:00:00+09:00,499.2516432813064,509.3667272262243,492.02658332065073,500.6966552734375,424000,0.0,0.0
2007-10-19 00:00:00+09:00,505.03168188721753,505.03168188721753,503.586669921875,503.586669921875,424000,0.0,0.0
2007-10-22 00:00:00+09:00,499.251655001973,502.14167905408283,484.80153474142384,497.0841369628906,460000,0.0,0.0
2007-10-23 00:00:00+09:00,495.63900975136863,495.63900975136863,494.91650390625,494.91650390625,460000,0.0,0.0
2007-10-24 00:00:00+09:00,496.36171411168766,496.36171411168766,490.5816650390625,490.5816650390625,460000,0.0,0.0
2007-10-25 00:00:00+09:00,485.52400056306305,485.52400056306305,481.18896484375,481.18896484375,460000,0.0,0.0
2007-10-26 00:00:00+09:00,408.9383239746094,408.9383239746094,408.9383239746094,408.9383239746094,460000,0.0,0.0
2007-10-29 00:00:00+09:00,394.48826133950246,400.26830912469666,369.9230582524272,372.090576171875,2713000,0.0,0.0
2007-10-30 00:00:00+09:00,387.98567932244725,387.98567932244725,380.7606201171875,380.7606201171875,2713000,0.0,0.0
2007-10-31 00:00:00+09:00,383.65063252843413,387.9856679242356,383.65063252843413,384.3731384277344,488000,0.0,0.0
2007-11-01 00:00:00+09:00,397.3783874511719,397.3783874511719,397.3783874511719,397.3783874511719,488000,0.0,0.0
2007-11-02 00:00:00+09:00,386.54066064222803,386.54066064222803,382.9281311035156,382.9281311035156,488000,0.0,0.0
2007-11-05 00:00:00+09:00,374.98062369446035,374.98062369446035,374.25811767578125,374.25811767578125,488000,0.0,0.0
2007-11-06 00:00:00+09:00,372.8130254020468,372.8130254020468,370.6455078125,370.6455078125,488000,0.0,0.0
2007-11-07 00:00:00+09:00,370.6455735059167,370.6455735059167,369.2005615234375,369.2005615234375,488000,0.0,0.0
2007-11-08 00:00:00+09:00,361.9755155982041,361.9755155982041,355.47296142578125,355.47296142578125,488000,0.0,0.0
2007-11-09 00:00:00+09:00,365.5879866584899,365.5879866584899,364.1429748535156,364.1429748535156,488000,0.0,0.0
2007-11-12 00:00:00+09:00,367.75554954095827,369.2005615234375,367.75554954095827,369.2005615234375,488000,0.0,0.0
2007-11-13 00:00:00+09:00,372.0905616339736,373.5355735238143,366.3105140746109,367.03302001953125,364000,0.0,0.0
2007-11-14 00:00:00+09:00,367.03299325796274,375.70306396484375,367.03299325796274,375.70306396484375,364000,0.0,0.0
2007-11-15 00:00:00+09:00,367.03302001953125,367.03302001953125,367.03302001953125,367.03302001953125,364000,0.0,0.0
2007-11-16 00:00:00+09:00,356.9178923646847,361.9754333496094,356.9178923646847,361.9754333496094,364000,0.0,0.0
2007-11-19 00:00:00+09:00,367.7555847167969,367.7555847167969,367.7555847167969,367.7555847167969,364000,0.0,0.0
2007-11-20 00:00:00+09:00,358.36297607421875,358.36297607421875,358.36297607421875,358.36297607421875,364000,0.0,0.0
2007-11-21 00:00:00+09:00,358.3629232414155,365.5879821777344,358.3629232414155,365.5879821777344,364000,0.0,0.0
2007-11-22 00:00:00+09:00,365.5880665357548,373.53563319957556,364.8655604754075,367.7555847167969,267000,0.0,0.0
2007-11-26 00:00:00+09:00,372.09057386531384,373.53558580265485,370.64556192797284,372.8130798339844,247000,0.0,0.0
2007-11-27 00:00:00+09:00,376.42560567334993,383.6506652832031,376.42560567334993,383.6506652832031,267000,0.0,0.0
2007-11-28 00:00:00+09:00,392.3206974450379,406.0483093261719,392.3206974450379,406.0483093261719,267000,0.0,0.0
2007-11-29 00:00:00+09:00,409.66079497001544,410.38330078125,409.66079497001544,410.38330078125,267000,0.0,0.0
2007-11-30 00:00:00+09:00,411.8880895708872,412.55084228515625,411.8880895708872,412.55084228515625,267000,0.0,0.0
2007-12-03 00:00:00+09:00,427.72354326611156,427.72354326611156,417.60845947265625,417.60845947265625,267000,0.0,0.0
2007-12-04 00:00:00+09:00,412.55084228515625,412.55084228515625,412.55084228515625,412.55084228515625,267000,0.0,0.0
2007-12-05 00:00:00+09:00,412.55085557245576,412.55085557245576,408.2158203125,408.2158203125,267000,0.0,0.0
2007-12-06 00:00:00+09:00,408.2159310990021,429.89111328125,408.2159310990021,429.89111328125,267000,0.0,0.0
2007-12-07 00:00:00+09:00,440.72860493012223,441.45111083984375,440.72860493012223,441.45111083984375,267000,0.0,0.0
2007-12-10 00:00:00+09:00,453.7337583312524,474.6864318847656,453.7337583312524,474.6864318847656,267000,0.0,0.0
2007-12-11 00:00:00+09:00,466.7388535985407,466.7388535985407,459.5137939453125,459.5137939453125,267000,0.0,0.0
2007-12-12 00:00:00+09:00,454.45624313354494,462.40380859375,454.45624313354494,462.40380859375,267000,0.0,0.0
2007-12-13 00:00:00+09:00,455.17872443565955,455.17872443565955,450.84368896484375,450.84368896484375,267000,0.0,0.0
2007-12-14 00:00:00+09:00,455.17880770055257,455.9013137445217,440.0061807772008,444.3412170410156,270000,0.0,0.0
2007-12-17 00:00:00+09:00,420.4984904679008,420.4984904679008,415.4409484863281,415.4409484863281,270000,0.0,0.0
2007-12-18 00:00:00+09:00,415.44088300840485,429.8910006782624,403.8807888725188,416.8858947753906,308000,0.0,0.0
2007-12-19 00:00:00+09:00,409.6609482223923,409.6609482223923,400.9908752441406,400.9908752441406,270000,0.0,0.0
2007-12-20 00:00:00+09:00,403.88071599889685,403.88071599889685,390.1531066894531,390.1531066894531,270000,0.0,0.0
2007-12-21 00:00:00+09:00,390.87569294500787,393.7657165527344,390.87569294500787,393.7657165527344,270000,0.0,0.0
2007-12-25 00:00:00+09:00,406.0483004836227,408.9383239746094,406.0483004836227,408.9383239746094,270000,0.0,0.0
2007-12-26 00:00:00+09:00,405.32586452318276,415.4409484863281,403.15834653108016,415.4409484863281,152000,0.0,0.0
2007-12-27 00:00:00+09:00,408.9383410473804,413.27337646484375,408.9383410473804,413.27337646484375,152000,0.0,0.0
2007-12-28 00:00:00+09:00,420.498406672436,420.498406672436,409.6608188716,412.55084228515625,67000,0.0,0.0
2008-01-04 00:00:00+09:00,412.5509438787943,412.5509438787943,382.928196595028,390.8757629394531,122000,0.0,0.0
2008-01-07 00:00:00+09:00,385.81815336659065,385.81815336659065,373.5355529785156,373.5355529785156,152000,0.0,0.0
2008-01-08 00:00:00+09:00,372.81307586842337,385.09567720517373,372.81307586842337,383.6506652832031,233000,0.0,0.0
2008-01-09 00:00:00+09:00,372.0905279155899,377.8705749511719,372.0905279155899,377.8705749511719,233000,0.0,0.0
2008-01-10 00:00:00+09:00,393.76577290146184,395.2107849121094,393.76577290146184,395.2107849121094,233000,0.0,0.0
2008-01-11 00:00:00+09:00,389.4306752065594,389.4306752065594,385.8181457519531,385.8181457519531,233000,0.0,0.0
2008-01-15 00:00:00+09:00,386.54059675873305,386.54059675873305,352.58282470703125,352.58282470703125,233000,0.0,0.0
2008-01-16 00:00:00+09:00,346.80287388392856,346.80287388392856,303.4525146484375,303.4525146484375,675000,0.0,0.0
2008-01-17 00:00:00+09:00,309.955078125,309.955078125,309.955078125,309.955078125,675000,0.0,0.0
2008-01-18 00:00:00+09:00,314.29006159049754,336.687744140625,314.29006159049754,336.687744140625,675000,0.0,0.0
2008-01-21 00:00:00+09:00,333.797685665181,333.797685665181,328.01763916015625,328.01763916015625,675000,0.0,0.0
2008-01-22 00:00:00+09:00,315.0126128640551,315.0126128640551,301.28499900071324,302.7300109863281,372000,0.0,0.0
2008-01-23 00:00:00+09:00,305.6200142263252,312.12256772050233,300.562472619743,309.2325439453125,335000,0.0,0.0
2008-01-24 00:00:00+09:00,331.6301285661048,341.7452087402344,331.6301285661048,341.7452087402344,335000,0.0,0.0
2008-01-25 00:00:00+09:00,344.6353850188079,351.137939453125,344.6353850188079,351.137939453125,335000,0.0,0.0
2008-01-28 00:00:00+09:00,335.24281633129,338.8553466796875,335.24281633129,338.8553466796875,335000,0.0,0.0
2008-01-29 00:00:00+09:00,335.9653636721746,377.87072086139204,335.9653636721746,353.3055114746094,335000,0.0,0.0
2008-01-30 00:00:00+09:00,353.3053863162086,364.1429748535156,353.3053863162086,364.1429748535156,335000,0.0,0.0
2008-01-31 00:00:00+09:00,374.9805603027344,374.9805603027344,374.9805603027344,374.9805603027344,335000,0.0,0.0
2008-02-01 00:00:00+09:00,387.2632751464844,387.2632751464844,387.2632751464844,387.2632751464844,335000,0.0,0.0
2008-02-04 00:00:00+09:00,387.2631844831512,396.65576171875,387.2631844831512,396.65576171875,335000,0.0,0.0
2008-02-05 00:00:00+09:00,390.8758056982239,390.8758056982239,387.2632751464844,387.2632751464844,335000,0.0,0.0
2008-02-06 00:00:00+09:00,373.5356278164696,378.5931701660156,373.5356278164696,378.5931701660156,335000,0.0,0.0
2008-02-07 00:00:00+09:00,374.9806000644721,374.9806000644721,372.090576171875,372.090576171875,335000,0.0,0.0
2008-02-08 00:00:00+09:00,372.8130798339844,372.8130798339844,372.8130798339844,372.8130798339844,335000,0.0,0.0
2008-02-12 00:00:00+09:00,385.0956602260045,385.0956602260045,379.31561279296875,379.31561279296875,335000,0.0,0.0
2008-02-13 00:00:00+09:00,386.5407409667969,386.5407409667969,386.5407409667969,386.5407409667969,335000,0.0,0.0
2008-02-14 00:00:00+09:00,400.2683316576011,403.1583557128906,400.2683316576011,403.1583557128906,335000,0.0,0.0
2008-02-15 00:00:00+09:00,400.9908561638786,408.21591663529983,397.378325928168,406.7709045410156,117000,0.0,0.0
2008-02-18 00:00:00+09:00,421.9434226086782,421.9434226086782,421.22091674804693,421.2209167480469,117000,0.0,0.0
2008-02-19 00:00:00+09:00,432.0585748116041,432.0585748116041,428.446044921875,428.446044921875,117000,0.0,0.0
2008-02-20 00:00:00+09:00,422.66594409942627,422.66594409942627,416.16339111328125,416.16339111328125,117000,0.0,0.0
2008-02-21 00:00:00+09:00,431.3360900878906,431.3360900878906,431.3360900878906,431.3360900878906,117000,0.0,0.0
2008-02-22 00:00:00+09:00,427.0009743458516,427.72348022460943,427.0009743458516,427.7234802246094,117000,0.0,0.0
2008-02-25 00:00:00+09:00,432.05863149947476,432.05863149947476,429.89111328125,429.89111328125,117000,0.0,0.0
2008-02-26 00:00:00+09:00,431.33597639805294,431.33597639805294,418.33087158203125,418.33087158203125,117000,0.0,0.0
2008-02-27 00:00:00+09:00,429.891006114871,434.94854736328125,429.891006114871,434.94854736328125,117000,0.0,0.0
2008-02-28 00:00:00+09:00,436.39356947179317,441.45111083984375,436.39356947179317,441.45111083984375,117000,0.0,0.0
2008-02-29 00:00:00+09:00,432.7810363769531,432.7810363769531,432.7810363769531,432.7810363769531,117000,0.0,0.0
2008-03-03 00:00:00+09:00,420.49853515625,420.49853515625,420.49853515625,420.49853515625,117000,0.0,0.0
2008-03-04 00:00:00+09:00,420.49849536372164,442.1736755371094,420.49849536372164,442.1736755371094,117000,0.0,0.0
2008-03-05 00:00:00+09:00,442.8961675946381,446.5086975097656,442.8961675946381,446.5086975097656,117000,0.0,0.0
2008-03-06 00:00:00+09:00,455.90113883182926,460.95867919921875,455.90113883182926,460.95867919921875,117000,0.0,0.0
2008-03-07 00:00:00+09:00,460.95867383670503,460.95867383670503,452.2886047363281,452.2886047363281,117000,0.0,0.0
2008-03-10 00:00:00+09:00,453.73370138147106,454.45620727539057,453.73370138147106,454.4562072753906,117000,0.0,0.0
2008-03-11 00:00:00+09:00,454.45620727539057,454.45620727539057,454.45620727539057,454.4562072753906,117000,0.0,0.0
2008-03-12 00:00:00+09:00,448.6762390136719,448.6762390136719,448.6762390136719,448.6762390136719,117000,0.0,0.0
2008-03-13 00:00:00+09:00,444.3412170410156,444.3412170410156,444.3412170410156,444.3412170410156,117000,0.0,0.0
2008-03-14 00:00:00+09:00,428.44596868000747,428.44596868000747,423.388427734375,423.388427734375,117000,0.0,0.0
2008-03-17 00:00:00+09:00,400.9908169539517,419.0534663662919,397.37828707148367,409.660888671875,117000,0.0,0.0
2008-03-18 00:00:00+09:00,399.54579312728856,403.8808288574219,399.54579312728856,403.8808288574219,117000,0.0,0.0
2008-03-19 00:00:00+09:00,415.44095102945965,433.50360107421875,413.27343302408855,433.50360107421875,352000,0.0,0.0
2008-03-21 00:00:00+09:00,451.56611541323537,467.46124267578125,451.56611541323537,467.46124267578125,352000,0.0,0.0
2008-03-24 00:00:00+09:00,471.07387702622106,482.6339721679688,471.07387702622106,482.63397216796875,352000,0.0,0.0
2008-03-25 00:00:00+09:00,476.8538494137791,497.80651855468756,476.8538494137791,497.8065185546875,352000,0.0,0.0
2008-03-26 00:00:00+09:00,483.9380341041379,483.9380341041379,478.8285827636719,478.8285827636719,352000,7.0,0.0
2008-03-27 00:00:00+09:00,461.31049703448963,461.31049703448963,457.660888671875,457.660888671875,352000,0.0,0.0
2008-03-28 00:00:00+09:00,458.39086656446585,458.39086656446585,449.63180541992193,449.6318054199219,352000,0.0,0.0
2008-03-31 00:00:00+09:00,418.9750148840118,418.9750148840118,416.0553283691406,416.0553283691406,352000,0.0,0.0
2008-04-01 00:00:00+09:00,423.3545974571946,423.3545974571946,418.9750671386719,418.9750671386719,352000,0.0,0.0
2008-04-02 00:00:00+09:00,421.1647971471151,421.1647971471151,420.43487548828125,420.43487548828125,352000,0.0,0.0
2008-04-03 00:00:00+09:00,406.56639938354493,410.2160079956055,405.83647766113285,408.75616455078125,125000,0.0,0.0
2008-04-04 00:00:00+09:00,394.1577113758434,394.1577113758434,385.3986511230469,385.3986511230469,125000,0.0,0.0
2008-04-07 00:00:00+09:00,405.10650393837375,421.89470139888294,405.10650393837375,416.0553283691406,61000,0.0,0.0
2008-04-08 00:00:00+09:00,413.8656311035156,418.2451615913835,413.13570935553764,413.8656311035156,95000,0.0,0.0
2008-04-09 00:00:00+09:00,410.94594367402556,413.86563066282855,402.9168044548172,404.37664794921875,47000,0.0,0.0
2008-04-10 00:00:00+09:00,403.6467376822856,403.6467376822856,391.2380676269531,391.2380676269531,47000,0.0,0.0
2008-04-11 00:00:00+09:00,410.2160290062103,410.2160290062103,396.3475155700573,402.1868896484375,44000,0.0,0.0
2008-04-14 00:00:00+09:00,402.9168021537162,405.1065673828125,402.9168021537162,405.1065673828125,44000,0.0,0.0
2008-04-15 00:00:00+09:00,399.9971314564533,409.4861145019531,399.9971314564533,409.4861145019531,44000,0.0,0.0
2008-04-16 00:00:00+09:00,409.4860862731934,409.4860862731934,408.75616455078125,408.75616455078125,44000,0.0,0.0
2008-04-17 00:00:00+09:00,403.6467124938965,408.75616455078125,403.6467124938965,408.75616455078125,44000,0.0,0.0
2008-04-18 00:00:00+09:00,405.10654916983515,410.9459228515625,405.10654916983515,410.9459228515625,44000,0.0,0.0
2008-04-21 00:00:00+09:00,403.64672663182387,413.8656311035156,403.64672663182387,413.8656311035156,51000,0.0,0.0
2008-04-22 00:00:00+09:00,405.83648222236224,407.29632568359375,405.83648222236224,407.29632568359375,51000,0.0,0.0
2008-04-23 00:00:00+09:00,410.21600341796875,410.21600341796875,410.21600341796875,410.21600341796875,51000,0.0,0.0
2008-04-24 00:00:00+09:00,410.94594367402556,410.94594367402556,404.37664794921875,404.37664794921875,51000,0.0,0.0
2008-04-25 00:00:00+09:00,409.48611232591713,419.70501708984375,409.48611232591713,419.70501708984375,51000,0.0,0.0
2008-04-28 00:00:00+09:00,421.1648609332753,438.6829833984375,421.1648609332753,438.6829833984375,51000,0.0,0.0
2008-04-30 00:00:00+09:00,436.49320812587706,436.49320812587706,422.62469482421875,422.62469482421875,51000,0.0,0.0
2008-05-01 00:00:00+09:00,424.08447265625,424.08447265625,424.08447265625,424.08447265625,51000,0.0,0.0
2008-05-02 00:00:00+09:00,431.38372575914536,432.1136474609375,431.38372575914536,432.1136474609375,51000,0.0,0.0
2008-05-07 00:00:00+09:00,437.952985667219,437.952985667219,433.5734558105469,433.5734558105469,51000,0.0,0.0
2008-05-08 00:00:00+09:00,444.52235992431645,444.52235992431645,437.223142191569,437.95306396484375,72000,0.0,0.0
2008-05-09 00:00:00+09:00,428.46405029296875,428.46405029296875,428.46405029296875,428.46405029296875,72000,0.0,0.0
2008-05-12 00:00:00+09:00,417.5152425551868,423.3546165769376,417.5152425551868,422.62469482421875,41000,0.0,0.0
2008-05-13 00:00:00+09:00,426.2742614746094,426.2742614746094,426.2742614746094,426.2742614746094,41000,0.0,0.0
2008-05-14 00:00:00+09:00,424.81439826540765,436.4931446094738,424.08447661890347,432.8435363769531,45000,0.0,0.0
2008-05-15 00:00:00+09:00,439.4128074645996,502.1860656738281,439.4128074645996,502.1860656738281,45000,0.0,0.0
2008-05-16 00:00:00+09:00,461.7591582562232,466.41998291015625,461.7591582562232,466.41998291015625,45000,0.0,0.0
2008-05-19 00:00:00+09:00,454.0113220214844,454.0113220214844,454.0113220214844,454.0113220214844,45000,0.0,0.0
2008-05-20 00:00:00+09:00,448.9018098931564,448.9018098931564,443.7923583984375,443.7923583984375,45000,0.0,0.0
2008-05-21 00:00:00+09:00,431.3836930839449,432.8435363769531,431.3836930839449,432.8435363769531,45000,0.0,0.0
2008-05-22 00:00:00+09:00,420.4349055503732,443.7924003031717,420.4349055503732,440.1427917480469,135000,0.0,0.0
2008-05-23 00:00:00+09:00,430.6538154563059,430.6538154563059,428.46405029296875,428.46405029296875,135000,0.0,0.0
2008-05-26 00:00:00+09:00,424.814321344549,424.814321344549,417.5151062011718,417.5151062011719,135000,0.0,0.0
2008-05-27 00:00:00+09:00,418.9750277509326,421.89471435546875,418.9750277509326,421.89471435546875,135000,0.0,0.0
2008-05-28 00:00:00+09:00,414.5955524100293,414.5955524100293,404.37664794921875,404.37664794921875,135000,0.0,0.0
2008-05-29 00:00:00+09:00,414.59549784412843,421.89471435546875,414.59549784412843,421.89471435546875,135000,0.0,0.0
2008-05-30 00:00:00+09:00,421.47289699930786,444.5223693847656,421.47289699930786,444.5223693847656,135000,0.0,0.0
2008-06-02 00:00:00+09:00,443.79243578410984,443.79243578410984,438.6829833984375,438.6829833984375,135000,0.0,0.0
2008-06-03 00:00:00+09:00,436.49318922520496,436.49318922520496,424.0845199662944,428.46405029296875,80000,0.0,0.0
2008-06-04 00:00:00+09:00,431.3837657046199,438.6829833984375,431.3837657046199,438.6829833984375,80000,0.0,0.0
2008-06-05 00:00:00+09:00,432.11365201271184,432.8435737221928,430.65380859375,430.65380859375,45000,0.0,0.0
2008-06-06 00:00:00+09:00,441.60268472623426,441.60268472623426,434.303466796875,434.303466796875,45000,0.0,0.0
2008-06-09 00:00:00+09:00,424.084481541784,424.084481541784,421.164794921875,421.164794921875,45000,0.0,0.0
2008-06-10 00:00:00+09:00,421.16480839022825,421.16480839022825,416.7852783203125,416.7852783203125,45000,0.0,0.0
2008-06-11 00:00:00+09:00,407.29631430048295,416.055374823074,407.29631430048295,410.9459228515625,45000,0.0,0.0
2008-06-12 00:00:00+09:00,411.67588222963025,418.24517822265625,411.67588222963025,418.24517822265625,45000,0.0,0.0
2008-06-13 00:00:00+09:00,412.4056942362181,414.595458984375,412.4056942362181,414.595458984375,45000,0.0,0.0
2008-06-16 00:00:00+09:00,421.16478609751505,424.8143942959337,421.16478609751505,424.08447265625,59000,0.0,0.0
2008-06-17 00:00:00+09:00,424.0844837824504,424.0844837824504,420.43487548828125,420.43487548828125,59000,0.0,0.0
2008-06-18 00:00:00+09:00,421.8947188059489,425.54432710011804,420.43487548828125,420.43487548828125,59000,0.0,0.0
2008-06-19 00:00:00+09:00,433.57357385023585,435.03341753323326,425.54443359375,425.54443359375,204000,0.0,0.0
2008-06-20 00:00:00+09:00,424.81440319676125,424.81440319676125,421.164794921875,421.164794921875,204000,0.0,0.0
2008-06-23 00:00:00+09:00,410.2158910577947,420.4347922585227,410.2158910577947,417.5151062011719,101000,0.0,0.0
2008-06-24 00:00:00+09:00,419.7049100634078,419.7049100634078,413.86553740165607,414.595458984375,85000,0.0,0.0
2008-06-25 00:00:00+09:00,416.0553283691406,416.0553283691406,416.0553283691406,416.0553283691406,85000,0.0,0.0
2008-06-26 00:00:00+09:00,417.51523984340554,418.2451615913835,412.40578760755966,413.8656311035156,55000,0.0,0.0
2008-06-27 00:00:00+09:00,406.56639790285755,418.9750671386719,406.56639790285755,418.9750671386719,55000,0.0,0.0
2008-06-30 00:00:00+09:00,418.9750639891709,418.9750639891709,410.21600341796875,410.21600341796875,55000,0.0,0.0
2008-07-01 00:00:00+09:00,408.82916708613965,409.4861145019531,408.82916708613965,409.4861145019531,55000,0.0,0.0
2008-07-02 00:00:00+09:00,408.756276006284,408.756276006284,402.9169006347656,402.9169006347656,55000,0.0,0.0
2008-07-03 00:00:00+09:00,394.88762088754714,399.26715087890625,394.88762088754714,399.26715087890625,55000,0.0,0.0
2008-07-04 00:00:00+09:00,397.80728368198174,397.80728368198174,397.0773620605469,397.0773620605469,55000,0.0,0.0
2008-07-07 00:00:00+09:00,397.07743940584265,397.07743940584265,391.9679870605469,391.9679870605469,55000,0.0,0.0
2008-07-08 00:00:00+09:00,380.28924560546875,380.28924560546875,380.28924560546875,380.28924560546875,55000,0.0,0.0
2008-07-09 00:00:00+09:00,371.5300661471522,371.5300661471522,369.3403015136719,369.3403015136719,55000,0.0,0.0
2008-07-10 00:00:00+09:00,378.8293901410019,378.8293901410019,374.4498596191406,374.4498596191406,55000,0.0,0.0
2008-07-11 00:00:00+09:00,370.03322144535866,370.0702209472656,370.03322144535866,370.0702209472656,55000,0.0,0.0
2008-07-14 00:00:00+09:00,374.44975232512587,374.44975232512587,369.3403015136719,369.3403015136719,55000,0.0,0.0
2008-07-15 00:00:00+09:00,368.61049017560924,372.9900207519531,368.61049017560924,372.9900207519531,55000,0.0,0.0
2008-07-16 00:00:00+09:00,364.2309734080098,368.6105041503906,364.2309734080098,368.6105041503906,55000,0.0,0.0
2008-07-17 00:00:00+09:00,371.53016573883764,376.6396179199219,371.53016573883764,376.6396179199219,55000,0.0,0.0
2008-07-18 00:00:00+09:00,373.71993786549706,374.4498596191406,373.71993786549706,374.4498596191406,55000,0.0,0.0
2008-07-22 00:00:00+09:00,397.07737351190474,401.4569033668155,375.1797242373512,383.2088623046875,105000,0.0,0.0
2008-07-23 00:00:00+09:00,390.5081435333195,394.8876741150016,390.5081435333195,391.9679870605469,46000,0.0,0.0
2008-07-24 00:00:00+09:00,391.96793862439074,397.80731201171875,391.96793862439074,397.80731201171875,40000,0.0,0.0
2008-07-25 00:00:00+09:00,394.1577523513879,394.1577523513879,391.9679870605469,391.9679870605469,40000,0.0,0.0
2008-07-28 00:00:00+09:00,391.2380003720238,391.2380003720238,383.2088623046875,383.2088623046875,40000,0.0,0.0
2008-07-29 00:00:00+09:00,372.9900207519531,372.9900207519531,372.9900207519531,372.9900207519531,40000,0.0,0.0
2008-07-30 00:00:00+09:00,378.09944540866246,381.7490539550781,378.09944540866246,381.7490539550781,40000,0.0,0.0
2008-07-31 00:00:00+09:00,377.3695584990928,380.28924560546875,377.3695584990928,380.28924560546875,40000,0.0,0.0
2008-08-01 00:00:00+09:00,379.5592612919845,379.5592612919845,370.8002014160156,370.8002014160156,40000,0.0,0.0
2008-08-04 00:00:00+09:00,351.09231789906823,351.09231789906823,350.3623962402344,350.3623962402344,40000,0.0,0.0
2008-08-05 00:00:00+09:00,375.9097220543588,377.3695656351524,368.6105041503906,368.6105041503906,40000,0.0,0.0
2008-08-06 00:00:00+09:00,377.36956551452397,378.0994873046875,377.36956551452397,378.0994873046875,40000,0.0,0.0
2008-08-07 00:00:00+09:00,369.3404164468089,369.3404164468089,362.04119873046875,362.04119873046875,40000,0.0,0.0
2008-08-08 00:00:00+09:00,359.8514196388275,366.42071533203125,359.8514196388275,366.42071533203125,46000,0.0,0.0
2008-08-11 00:00:00+09:00,367.8805823599938,368.6105041503906,367.8805823599938,368.6105041503906,46000,0.0,0.0
2008-08-12 00:00:00+09:00,368.6103970937461,368.6103970937461,363.5009460449219,363.5009460449219,46000,0.0,0.0
2008-08-13 00:00:00+09:00,363.5010445622488,363.5010445622488,351.8222961425781,351.8222961425781,46000,0.0,0.0
2008-08-14 00:00:00+09:00,351.09229826274674,351.09229826274674,346.7127685546875,346.7127685546875,46000,0.0,0.0
2008-08-15 00:00:00+09:00,337.9538059608609,337.9538059608609,335.03411865234375,335.03411865234375,46000,0.0,0.0
2008-08-18 00:00:00+09:00,337.9537658691406,339.4136093502168,336.4939223880644,337.9537658691406,77000,0.0,0.0
2008-08-19 00:00:00+09:00,333.57427978515625,333.57427978515625,333.57427978515625,333.57427978515625,77000,0.0,0.0
2008-08-20 00:00:00+09:00,337.2237897789997,337.2237897789997,333.57418166450833,335.7639465332031,24000,0.0,0.0
2008-08-21 00:00:00+09:00,332.84430159684064,332.84430159684064,332.1143798828125,332.1143798828125,24000,0.0,0.0
2008-08-22 00:00:00+09:00,334.30415195701397,334.30415195701397,329.92462158203125,329.92462158203125,24000,0.0,0.0
2008-08-25 00:00:00+09:00,332.84430159684064,332.84430159684064,332.1143798828125,332.1143798828125,24000,0.0,0.0
2008-08-26 00:00:00+09:00,325.54510034833635,327.00494384765625,325.54510034833635,327.00494384765625,24000,0.0,0.0
2008-08-27 00:00:00+09:00,316.0561547455964,316.0561547455964,315.32623291015625,315.32623291015625,24000,0.0,0.0
2008-08-28 00:00:00+09:00,310.21677111902983,310.21677111902983,308.7569274902344,308.7569274902344,24000,0.0,0.0
2008-08-29 00:00:00+09:00,308.75689792420656,327.73486328125,308.75689792420656,327.73486328125,24000,0.0,0.0
2008-09-01 00:00:00+09:00,317.5160442943304,317.5160442943304,310.9467468261719,310.9467468261719,58000,0.0,0.0
2008-09-02 00:00:00+09:00,311.67652893066406,311.67652893066406,306.56707763671875,306.56707763671875,58000,0.0,0.0
2008-09-03 00:00:00+09:00,308.756892377068,310.21673583984375,308.756892377068,310.21673583984375,58000,0.0,0.0
2008-09-04 00:00:00+09:00,310.216754497868,310.216754497868,294.8883972167969,294.8883972167969,58000,0.0,0.0
2008-09-05 00:00:00+09:00,287.5891200921474,287.5891200921474,284.66943359375,284.66943359375,58000,0.0,0.0
2008-09-08 00:00:00+09:00,290.5087585449219,290.5087585449219,290.5087585449219,290.5087585449219,58000,0.0,0.0
2008-09-09 00:00:00+09:00,284.66949934811936,284.66949934811936,283.20965576171875,283.20965576171875,58000,0.0,0.0
2008-09-10 00:00:00+09:00,281.7497625525253,281.7497625525253,278.83007589394987,279.55999755859375,78000,0.0,0.0
2008-09-11 00:00:00+09:00,280.28989296259846,280.28989296259846,278.1001281738281,278.1001281738281,78000,0.0,0.0
2008-09-12 00:00:00+09:00,276.6403503417969,276.6403503417969,276.6403503417969,276.6403503417969,78000,0.0,0.0
2008-09-16 00:00:00+09:00,276.6402890848559,276.6402890848559,251.09303283691406,251.09303283691406,78000,0.0,0.0
2008-09-17 00:00:00+09:00,252.55292676066793,253.2828485143115,245.983630977876,249.63323974609375,126000,0.0,0.0
2008-09-18 00:00:00+09:00,246.71365522586854,260.5821743066126,245.98373316898727,254.7427978515625,91000,0.0,0.0
2008-09-19 00:00:00+09:00,267.1513146033654,284.66943359375,267.1513146033654,284.66943359375,91000,0.0,0.0
2008-09-22 00:00:00+09:00,294.1584705614862,294.1584705614862,286.8592529296875,286.8592529296875,91000,0.0,0.0
2008-09-24 00:00:00+09:00,271.53087022569446,275.910400390625,271.53087022569446,275.910400390625,91000,0.0,0.0
2008-09-25 00:00:00+09:00,275.17069652660473,275.17069652660473,273.6912841796875,273.6912841796875,91000,5.0,0.0
2008-09-26 00:00:00+09:00,270.73244294467037,270.73244294467037,269.99273681640625,269.99273681640625,91000,0.0,0.0
2008-09-29 00:00:00+09:00,269.2530834056713,269.2530834056713,259.63690185546875,259.63690185546875,91000,0.0,0.0
2008-09-30 00:00:00+09:00,253.7191925048828,253.7191925048828,253.7191925048828,253.7191925048828,91000,0.0,0.0
2008-10-01 00:00:00+09:00,253.7191925048828,253.7191925048828,253.7191925048828,253.7191925048828,91000,0.0,0.0
2008-10-02 00:00:00+09:00,252.97955810915667,252.97955810915667,244.84278869628906,244.84278869628906,91000,0.0,0.0
2008-10-03 00:00:00+09:00,237.44560968537436,237.44560968537436,233.74707993949625,234.48678588867188,58000,0.0,0.0
2008-10-06 00:00:00+09:00,233.00745232160702,233.00745232160702,222.6515655517578,222.6515655517578,58000,0.0,0.0
2008-10-07 00:00:00+09:00,201.20007551115242,201.20007551115242,198.98095703125,198.98095703125,58000,0.0,0.0
2008-10-08 00:00:00+09:00,185.66624355740018,185.66624355740018,166.4338836669922,166.4338836669922,58000,0.0,0.0
2008-10-09 00:00:00+09:00,169.392732438998,169.392732438998,163.47508239746094,163.47508239746094,58000,0.0,0.0
2008-10-10 00:00:00+09:00,157.55743408203125,157.55743408203125,157.55743408203125,157.55743408203125,58000,0.0,0.0
2008-10-14 00:00:00+09:00,185.66623944141824,185.66623944141824,180.48829650878906,180.48829650878906,58000,0.0,0.0
2008-10-15 00:00:00+09:00,171.61181640625,171.61181640625,171.61181640625,171.61181640625,58000,0.0,0.0
2008-10-16 00:00:00+09:00,166.43389305182262,167.17359924316406,166.43389305182262,167.17359924316406,58000,0.0,0.0
2008-10-17 00:00:00+09:00,166.43391961920753,166.43391961920753,161.9956817626953,161.9956817626953,58000,0.0,0.0
2008-10-20 00:00:00+09:00,172.3515425167323,176.78977966308594,172.3515425167323,176.78977966308594,58000,0.0,0.0
2008-10-21 00:00:00+09:00,181.96770446777342,184.92652893066406,181.96770446777342,184.92652893066406,58000,0.0,0.0
2008-10-22 00:00:00+09:00,177.5294773267663,177.5294773267663,170.13241577148438,170.13241577148438,58000,0.0,0.0
2008-10-23 00:00:00+09:00,166.43392071453246,169.3927459716797,166.43392071453246,169.3927459716797,58000,0.0,0.0
2008-10-24 00:00:00+09:00,159.0368587258868,159.0368587258868,156.07803344726562,156.07803344726562,58000,0.0,0.0
2008-10-27 00:00:00+09:00,156.0780253918643,156.0780253918643,145.72213745117188,145.72213745117188,58000,0.0,0.0
2008-10-28 00:00:00+09:00,150.16035684231107,167.17359924316406,150.16035684231107,167.17359924316406,58000,0.0,0.0
2008-10-29 00:00:00+09:00,176.05010947035106,176.05010947035106,172.35157775878906,172.35157775878906,58000,0.0,0.0
2008-10-30 00:00:00+09:00,171.61181640625,171.61181640625,171.61181640625,171.61181640625,58000,0.0,0.0
2008-10-31 00:00:00+09:00,171.61185120457438,171.61185120457438,163.47508239746094,163.47508239746094,58000,0.0,0.0
2008-11-04 00:00:00+09:00,163.47505478631882,170.8721160888672,163.47505478631882,170.8721160888672,208000,0.0,0.0
2008-11-05 00:00:00+09:00,171.61187065972223,193.0633544921875,171.61187065972223,193.0633544921875,208000,0.0,0.0
2008-11-06 00:00:00+09:00,193.06329620361328,193.06329620361328,184.92652893066406,184.92652893066406,208000,0.0,0.0
2008-11-07 00:00:00+09:00,173.09126117800878,179.0089111328125,173.09126117800878,179.0089111328125,208000,0.0,0.0
2008-11-10 00:00:00+09:00,184.18683313440394,184.18683313440394,179.74859619140625,179.74859619140625,60000,0.0,0.0
2008-11-11 00:00:00+09:00,174.5706233897108,174.5706233897108,173.83091735839844,173.83091735839844,60000,0.0,0.0
2008-11-12 00:00:00+09:00,168.65302358354842,168.65302358354842,165.69419860839844,165.69419860839844,60000,0.0,0.0
2008-11-13 00:00:00+09:00,161.995626613072,161.995626613072,155.33827209472656,155.33827209472656,60000,0.0,0.0
2008-11-14 00:00:00+09:00,161.25596502219818,184.18685913085938,161.25596502219818,184.18685913085938,60000,0.0,0.0
2008-11-17 00:00:00+09:00,184.9265333081855,186.40594557465099,180.48829650878906,180.48829650878906,60000,0.0,0.0
2008-11-18 00:00:00+09:00,179.74861392974853,179.74861392974853,177.5294952392578,177.5294952392578,60000,0.0,0.0
2008-11-19 00:00:00+09:00,170.8721586002533,170.8721586002533,169.3927459716797,169.3927459716797,60000,0.0,0.0
2008-11-20 00:00:00+09:00,157.55741267417795,157.55741267417795,147.201526395124,148.68093872070312,750000,0.0,0.0
2008-11-21 00:00:00+09:00,148.68095816098727,153.85890197753906,148.68095816098727,153.85890197753906,750000,0.0,0.0
2008-11-25 00:00:00+09:00,153.85890197753906,153.85890197753906,153.85890197753906,153.85890197753906,250000,0.0,0.0
2008-11-26 00:00:00+09:00,153.85887865750297,156.8177032470703,153.85887865750297,156.8177032470703,131000,0.0,0.0
2008-11-27 00:00:00+09:00,157.55741649203833,159.7765350341797,157.55741649203833,159.7765350341797,131000,0.0,0.0
2008-11-28 00:00:00+09:00,162.7353248939858,164.21473693847656,162.7353248939858,164.21473693847656,131000,0.0,0.0
2008-12-01 00:00:00+09:00,169.3927459716797,169.3927459716797,167.17362702881925,169.3927459716797,185000,0.0,0.0
2008-12-02 00:00:00+09:00,169.39275158253486,169.39275158253486,164.9545135498047,164.9545135498047,185000,0.0,0.0
2008-12-03 00:00:00+09:00,166.43390485218595,166.43390485218595,165.69419860839844,165.69419860839844,185000,0.0,0.0
2008-12-04 00:00:00+09:00,164.95449236461096,165.69419860839844,164.95449236461096,165.69419860839844,185000,0.0,0.0
2008-12-05 00:00:00+09:00,164.95448066913977,167.17359924316406,164.95448066913977,167.17359924316406,185000,0.0,0.0
2008-12-08 00:00:00+09:00,167.17361280653213,173.0912628173828,167.17361280653213,173.0912628173828,185000,0.0,0.0
2008-12-09 00:00:00+09:00,172.35153906456026,175.31036376953125,172.35153906456026,175.31036376953125,185000,0.0,0.0
2008-12-10 00:00:00+09:00,176.78977966308594,176.78977966308594,176.78977966308594,176.78977966308594,185000,0.0,0.0
2008-12-11 00:00:00+09:00,171.61179926446144,173.83091735839844,171.61179926446144,173.83091735839844,185000,0.0,0.0
2008-12-12 00:00:00+09:00,180.48832362151342,180.48832362151342,179.0089111328125,179.0089111328125,185000,0.0,0.0
2008-12-15 00:00:00+09:00,182.7073974609375,182.7073974609375,182.7073974609375,182.7073974609375,185000,0.0,0.0
2008-12-16 00:00:00+09:00,179.74862410382528,181.96774291992188,179.74862410382528,181.96774291992188,132000,0.0,0.0
2008-12-17 00:00:00+09:00,184.92652893066406,184.92652893066406,184.92652893066406,184.92652893066406,178000,0.0,0.0
2008-12-18 00:00:00+09:00,189.36480712890625,189.36480712890625,189.36480712890625,189.36480712890625,179000,0.0,0.0
2008-12-19 00:00:00+09:00,189.3648163910506,190.10452270507812,189.3648163910506,190.10452270507812,137000,0.0,0.0
2008-12-22 00:00:00+09:00,185.66626474808675,185.66626474808675,181.22802734375,181.22802734375,152000,0.0,0.0
2008-12-24 00:00:00+09:00,173.09124870779127,176.78977966308594,173.09124870779127,176.78977966308594,84000,0.0,0.0
2008-12-25 00:00:00+09:00,175.31037991106015,179.0089111328125,173.83096742235924,179.0089111328125,24000,0.0,0.0
2008-12-26 00:00:00+09:00,172.35153906456026,176.050069945774,172.35153906456026,175.31036376953125,61000,0.0,0.0
2008-12-29 00:00:00+09:00,175.31036376953125,175.31036376953125,174.5706575932885,175.31036376953125,44000,0.0,0.0
2008-12-30 00:00:00+09:00,174.57066452849455,178.26919555664062,174.57066452849455,178.26919555664062,24000,0.0,0.0
2009-01-05 00:00:00+09:00,187.14569744896798,190.10452270507812,186.40599113494042,190.10452270507812,77000,0.0,0.0
2009-01-06 00:00:00+09:00,190.8441657433143,192.32357788085938,190.8441657433143,192.32357788085938,102000,0.0,0.0
2009-01-07 00:00:00+09:00,201.93973915691305,201.93973915691305,200.4603271484375,200.4603271484375,178000,0.0,0.0
2009-01-08 00:00:00+09:00,200.4604218870729,201.93983459472656,200.4604218870729,201.93983459472656,159000,0.0,0.0
2009-01-09 00:00:00+09:00,196.76180272985388,199.7206268310547,196.76180272985388,199.7206268310547,152000,0.0,0.0
2009-01-13 00:00:00+09:00,198.24120913572418,200.4603271484375,198.24120913572418,200.4603271484375,294000,0.0,0.0
2009-01-14 00:00:00+09:00,201.20003315267527,202.67944516115082,200.4603271484375,200.4603271484375,91000,0.0,0.0
2009-01-15 00:00:00+09:00,202.67950197075248,204.89862060546875,202.67950197075248,204.89862060546875,338000,0.0,0.0
2009-01-16 00:00:00+09:00,210.81625277678714,216.73390197753906,210.81625277678714,216.73390197753906,129000,0.0,0.0
2009-01-19 00:00:00+09:00,223.3912506575924,238.92507934570312,221.91183840158183,238.92507934570312,290000,0.0,0.0
2009-01-20 00:00:00+09:00,217.47361170881885,218.21331787109375,217.47361170881885,218.21331787109375,244000,0.0,0.0
2009-01-21 00:00:00+09:00,224.13099670410156,227.0898217430996,221.91187792485303,224.13099670410156,396000,0.0,0.0
2009-01-22 00:00:00+09:00,224.13094278971354,233.00741577148438,224.13094278971354,233.00741577148438,136000,0.0,0.0
2009-01-23 00:00:00+09:00,232.26778193882532,232.26778193882532,227.8295440673828,227.8295440673828,228000,0.0,0.0
2009-01-26 00:00:00+09:00,227.8294942289489,227.8294942289489,216.73390197753906,216.73390197753906,201000,0.0,0.0
2009-01-27 00:00:00+09:00,229.30889678077577,233.74713349266176,228.5691906621281,231.52801513671875,222000,0.0,0.0
2009-01-28 00:00:00+09:00,231.5280036078559,233.00741577148438,231.5280036078559,233.00741577148438,176000,0.0,0.0
2009-01-29 00:00:00+09:00,235.96628154623917,237.44569396972656,235.96628154623917,237.44569396972656,148000,0.0,0.0
2009-01-30 00:00:00+09:00,237.44569290740583,237.44569290740583,233.74716186523438,233.74716186523438,122000,0.0,0.0
2009-02-02 00:00:00+09:00,233.7471844951923,240.404541015625,233.7471844951923,240.404541015625,195000,0.0,0.0
2009-02-03 00:00:00+09:00,246.32217407226562,246.32217407226562,246.32217407226562,246.32217407226562,135000,0.0,0.0
2009-02-04 00:00:00+09:00,246.32214417209516,255.93832397460938,246.32214417209516,255.93832397460938,138000,0.0,0.0
2009-02-05 00:00:00+09:00,255.1986687604119,255.1986687604119,251.5001373291016,251.50013732910156,215000,0.0,0.0
2009-02-06 00:00:00+09:00,244.8427283697453,244.8427283697453,238.92507934570312,238.92507934570312,344000,0.0,0.0
2009-02-09 00:00:00+09:00,228.5691935052935,228.5691935052935,223.39125061035156,223.39125061035156,346000,0.0,0.0
2009-02-10 00:00:00+09:00,211.55593872070312,217.47358735624726,205.63829008515899,211.55593872070312,334000,0.0,0.0
2009-02-12 00:00:00+09:00,207.117734444015,209.33685302734375,207.117734444015,209.33685302734375,119000,0.0,0.0
2009-02-13 00:00:00+09:00,220.43243272800902,220.43243272800902,216.73390197753906,216.73390197753906,151000,0.0,0.0
2009-02-16 00:00:00+09:00,219.14917715441243,221.1721954345703,219.14917715441243,221.1721954345703,45000,0.0,0.0
2009-02-17 00:00:00+09:00,215.9942075329548,215.9942075329548,215.25450134277344,215.25450134277344,28000,0.0,0.0
2009-02-18 00:00:00+09:00,217.4736152417732,219.69273376464844,217.4736152417732,219.69273376464844,47000,0.0,0.0
2009-02-19 00:00:00+09:00,220.4324836105597,225.6104278564453,220.4324836105597,225.6104278564453,62000,0.0,0.0
2009-02-20 00:00:00+09:00,223.3912717496042,223.3912717496042,222.6515655517578,222.6515655517578,65000,0.0,0.0
2009-02-23 00:00:00+09:00,227.08984049812693,227.08984049812693,225.6104278564453,225.6104278564453,29000,0.0,0.0
2009-02-24 00:00:00+09:00,221.91185935391144,222.6515655517578,221.91185935391144,222.6515655517578,16000,0.0,0.0
2009-02-25 00:00:00+09:00,224.87066431697883,227.08978271484375,224.87066431697883,227.08978271484375,28000,0.0,0.0
2009-02-26 00:00:00+09:00,221.91182613372803,236.70594787597656,221.91182613372803,236.70594787597656,47000,0.0,0.0
2009-02-27 00:00:00+09:00,230.78834959406836,235.96629333496094,230.78834959406836,235.96629333496094,18000,0.0,0.0
2009-03-02 00:00:00+09:00,235.96628049053723,235.96628049053723,233.74716186523438,233.74716186523438,26000,0.0,0.0
2009-03-03 00:00:00+09:00,224.13095818435718,227.08978271484375,224.13095818435718,227.08978271484375,23000,0.0,0.0
2009-03-04 00:00:00+09:00,230.78835541347289,235.22659301757812,230.78835541347289,235.22659301757812,31000,0.0,0.0
2009-03-05 00:00:00+09:00,265.55455204020876,265.55455204020876,259.63690185546875,259.63690185546875,168000,0.0,0.0
2009-03-06 00:00:00+09:00,241.8839376325438,250.02070617675778,241.8839376325438,250.0207061767578,62000,0.0,0.0
2009-03-09 00:00:00+09:00,250.0206921201764,250.0206921201764,244.10304260253906,244.10304260253906,19000,0.0,0.0
2009-03-10 00:00:00+09:00,244.10304260253906,244.10304260253906,244.10304260253906,244.10304260253906,22000,0.0,0.0
2009-03-11 00:00:00+09:00,250.76041240804997,250.76041240804997,250.02070617675778,250.0207061767578,21000,0.0,0.0
2009-03-12 00:00:00+09:00,241.88389640018858,257.417724609375,241.88389640018858,257.417724609375,65000,0.0,0.0
2009-03-13 00:00:00+09:00,244.10303045602427,262.59568427845034,244.10303045602427,261.11627197265625,109000,0.0,0.0
2009-03-16 00:00:00+09:00,276.6501136192909,278.8692321777344,276.6501136192909,278.8692321777344,39000,0.0,0.0
2009-03-17 00:00:00+09:00,279.60894844748753,329.1692647066983,279.60894844748753,325.4707336425781,121000,0.0,0.0
2009-03-18 00:00:00+09:00,325.47071162740986,325.47071162740986,297.36187744140625,297.36187744140625,238000,0.0,0.0
2009-03-19 00:00:00+09:00,289.96485662897794,322.5119323730469,289.96485662897794,322.5119323730469,162000,0.0,0.0
2009-03-23 00:00:00+09:00,341.00458953790934,341.00458953790934,339.5251770019531,339.5251770019531,277000,0.0,0.0
2009-03-24 00:00:00+09:00,338.0456948852539,369.8530578613281,338.0456948852539,369.8530578613281,392000,0.0,0.0
2009-03-25 00:00:00+09:00,369.8531170280612,369.8531170280612,362.4560546875,362.4560546875,446000,0.0,0.0
2009-03-26 00:00:00+09:00,375.8528128195935,378.0856018066406,375.8528128195935,378.0856018066406,184000,3.0,0.0
2009-03-27 00:00:00+09:00,384.0396423339844,384.0396423339844,384.0396423339844,384.0396423339844,212000,0.0,0.0
2009-03-30 00:00:00+09:00,366.92163495397665,366.92163495397665,355.013427734375,355.013427734375,225000,0.0,0.0
2009-03-31 00:00:00+09:00,355.01342621797363,359.47900390625,355.01342621797363,359.47900390625,200000,0.0,0.0
2009-04-01 00:00:00+09:00,370.6429786211179,370.6429786211179,361.7118225097656,361.7118225097656,70000,0.0,0.0
2009-04-02 00:00:00+09:00,341.6167374180984,341.6167374180984,325.2429504394531,325.2429504394531,423000,0.0,0.0
2009-04-03 00:00:00+09:00,323.0101623535156,323.0101623535156,323.0101623535156,323.0101623535156,165000,0.0,0.0
2009-04-06 00:00:00+09:00,330.4527301656789,330.4527301656789,323.7543640136719,323.7543640136719,140000,0.0,0.0
2009-04-07 00:00:00+09:00,323.7543648633492,323.7543648633492,320.7773132324219,320.7773132324219,82000,0.0,0.0
2009-04-08 00:00:00+09:00,299.9379591473404,299.9379591473404,295.4723815917969,295.4723815917969,125000,0.0,0.0
2009-04-09 00:00:00+09:00,302.9150983156079,305.89215087890625,302.1708351747833,305.89215087890625,89000,0.0,0.0
2009-04-10 00:00:00+09:00,307.38055390507344,308.86907958984375,307.38055390507344,308.86907958984375,28000,0.0,0.0
2009-04-13 00:00:00+09:00,319.2888474673652,322.2658996582031,319.2888474673652,322.2658996582031,37000,0.0,0.0
2009-04-14 00:00:00+09:00,319.288818644586,319.288818644586,318.5445556640625,318.5445556640625,68000,0.0,0.0
2009-04-15 00:00:00+09:00,318.5445585844049,318.5445585844049,311.1019287109375,311.1019287109375,37000,0.0,0.0
2009-04-16 00:00:00+09:00,313.3347188608658,313.3347188608658,308.1248779296875,308.1248779296875,55000,0.0,0.0
2009-04-17 00:00:00+09:00,299.1936334377382,308.1247866746856,299.1936334377382,305.1477355957031,49000,0.0,0.0
2009-04-20 00:00:00+09:00,307.38055390507344,310.3576052746141,305.14776537791795,308.86907958984375,54000,0.0,0.0
2009-04-21 00:00:00+09:00,302.17074540082143,303.6592712402344,302.17074540082143,303.6592712402344,20000,0.0,0.0
2009-04-22 00:00:00+09:00,303.6592716912331,303.6592716912331,302.1707458496094,302.1707458496094,54000,0.0,0.0
2009-04-23 00:00:00+09:00,301.4265113073169,307.380615234375,301.4265113073169,307.380615234375,30000,0.0,0.0
2009-04-24 00:00:00+09:00,305.14776748314756,305.14776748314756,298.44940185546875,298.44940185546875,33000,0.0,0.0
2009-04-27 00:00:00+09:00,298.4494660126279,298.4494660126279,291.0068359375,291.0068359375,62000,0.0,0.0
2009-04-28 00:00:00+09:00,295.4723832350511,295.4723832350511,290.2625427246094,290.2625427246094,23000,0.0,0.0
2009-04-30 00:00:00+09:00,295.4723811328859,297.7051699071898,293.98385528334995,296.9609069824219,31000,0.0,0.0
2009-05-01 00:00:00+09:00,308.8691412161395,308.8691412161395,307.380615234375,307.380615234375,29000,0.0,0.0
2009-05-07 00:00:00+09:00,314.07897778092143,318.5445556640625,314.07897778092143,318.5445556640625,32000,0.0,0.0
2009-05-08 00:00:00+09:00,319.2887267356695,320.0329895019531,319.2887267356695,320.0329895019531,14000,0.0,0.0
2009-05-11 00:00:00+09:00,319.2888499515157,319.2888499515157,317.0560607910156,317.0560607910156,25000,0.0,0.0
2009-05-12 00:00:00+09:00,317.05600128538,317.05600128538,311.8461608886719,311.8461608886719,9000,0.0,0.0
2009-05-13 00:00:00+09:00,311.84619169828426,311.84619169828426,311.1019287109375,311.1019287109375,11000,0.0,0.0
2009-05-14 00:00:00+09:00,305.1477996288079,305.1477996288079,295.4723815917969,295.4723815917969,33000,0.0,0.0
2009-05-15 00:00:00+09:00,297.7051086425781,297.7051086425781,297.7051086425781,297.7051086425781,12000,0.0,0.0
2009-05-18 00:00:00+09:00,286.5411682128906,286.5411682128906,286.5411682128906,286.5411682128906,20000,0.0,0.0
2009-05-19 00:00:00+09:00,290.2624802007908,309.6133122141768,288.0296918915539,305.1477355957031,39000,0.0,0.0
2009-05-20 00:00:00+09:00,310.3576663090633,310.3576663090633,309.6134033203125,309.6134033203125,22000,0.0,0.0
2009-05-21 00:00:00+09:00,299.9379557637335,306.6363220214844,299.9379557637335,306.6363220214844,14000,0.0,0.0
2009-05-22 00:00:00+09:00,299.9379577636719,299.9379577636719,299.9379577636719,299.9379577636719,8000,0.0,0.0
2009-05-25 00:00:00+09:00,300.6822204589844,300.6822204589844,300.6822204589844,300.6822204589844,16000,0.0,0.0
2009-05-26 00:00:00+09:00,303.65924087261976,303.65924087261976,302.91497802734375,302.91497802734375,14000,0.0,0.0
2009-05-27 00:00:00+09:00,313.3346260629049,313.3346260629049,305.1477355957031,305.1477355957031,20000,0.0,0.0
2009-05-28 00:00:00+09:00,301.4264520397979,304.40350341796875,301.4264520397979,304.40350341796875,14000,0.0,0.0
2009-05-29 00:00:00+09:00,295.47235138325755,296.21661423308944,293.98382568359375,293.98382568359375,59000,0.0,0.0
2009-06-01 00:00:00+09:00,299.193694615128,303.65927214669705,299.193694615128,300.6822204589844,35000,0.0,0.0
2009-06-02 00:00:00+09:00,303.65924178810786,304.4035046356277,298.44940185546875,298.44940185546875,25000,0.0,0.0
2009-06-03 00:00:00+09:00,298.44943146882235,301.4264831542969,298.44943146882235,301.4264831542969,7000,0.0,0.0
2009-06-04 00:00:00+09:00,300.68222160626175,300.68222160626175,296.9609069824219,296.9609069824219,33000,0.0,0.0
2009-06-05 00:00:00+09:00,296.9609069824219,297.7051699071898,296.9609069824219,296.9609069824219,17000,0.0,0.0
2009-06-08 00:00:00+09:00,298.44940185546875,299.9379275505085,298.44940185546875,298.44940185546875,16000,0.0,0.0
2009-06-09 00:00:00+09:00,299.1936950683594,299.1936950683594,299.1936950683594,299.1936950683594,8000,0.0,0.0
2009-06-10 00:00:00+09:00,300.68222091447063,300.68222091447063,299.1936950683594,299.1936950683594,97000,0.0,0.0
2009-06-11 00:00:00+09:00,299.9379575370562,301.42648338091254,299.9379575370562,300.6822204589844,25000,0.0,0.0
2009-06-12 00:00:00+09:00,299.9379575370562,300.6822204589844,298.4494316931998,300.6822204589844,72000,0.0,0.0
2009-06-15 00:00:00+09:00,298.4494319186909,299.9379577636719,297.70516899620037,299.9379577636719,16000,0.0,0.0
2009-06-16 00:00:00+09:00,294.72808900171395,294.72808900171395,290.2625118956274,291.75103759765625,35000,0.0,0.0
2009-06-17 00:00:00+09:00,296.21661423308944,296.9608770829213,293.2395628337619,293.98382568359375,18000,0.0,0.0
2009-06-18 00:00:00+09:00,292.49533011696553,294.7281188964844,291.7510671904593,294.7281188964844,15000,0.0,0.0
2009-06-19 00:00:00+09:00,293.98385737492487,293.98385737492487,290.2625427246094,290.2625427246094,26000,0.0,0.0
2009-06-22 00:00:00+09:00,291.0068047228198,295.4723822888989,291.0068047228198,293.2395935058594,31000,0.0,0.0
2009-06-23 00:00:00+09:00,289.5183422503694,289.5183422503694,284.308500616044,287.2855529785156,25000,0.0,0.0
2009-06-24 00:00:00+09:00,287.2854612680677,288.77398697411985,286.5411984150416,288.02972412109375,24000,0.0,0.0
2009-06-25 00:00:00+09:00,288.0296926116943,297.7051086425781,288.0296926116943,297.7051086425781,27000,0.0,0.0
2009-06-26 00:00:00+09:00,299.193634185791,299.193634185791,290.26248092651366,297.7051086425781,27000,0.0,0.0
2009-06-29 00:00:00+09:00,296.96084587097164,297.7051086425781,296.96084587097164,297.7051086425781,17000,0.0,0.0
2009-06-30 00:00:00+09:00,299.1936959884874,299.1936959884874,294.7281184364204,296.2166442871094,9000,0.0,0.0
2009-07-01 00:00:00+09:00,299.9379591473404,299.9379591473404,294.72811866587296,295.4723815917969,23000,0.0,0.0
2009-07-02 00:00:00+09:00,296.9609081442586,296.9609081442586,293.2395935058594,293.2395935058594,18000,0.0,0.0
2009-07-03 00:00:00+09:00,285.7969665527344,287.28549242019653,285.7969665527344,285.7969665527344,39000,0.0,0.0
2009-07-06 00:00:00+09:00,289.51825112214505,289.51825112214505,281.3313597022386,282.07562255859375,37000,0.0,0.0
2009-07-07 00:00:00+09:00,283.5641476304973,285.796936194517,282.8198847758241,285.05267333984375,39000,0.0,0.0
2009-07-08 00:00:00+09:00,285.05270656462636,285.05270656462636,276.1215512675624,276.8658142089844,28000,0.0,0.0
2009-07-09 00:00:00+09:00,275.3772918871661,275.3772918871661,265.701873523563,266.4461364746094,35000,0.0,0.0
2009-07-10 00:00:00+09:00,273.14450303402697,273.14450303402697,264.21334762147023,266.4461364746094,33000,0.0,0.0
2009-07-13 00:00:00+09:00,265.70187696373983,265.70187696373983,256.7707214355469,256.7707214355469,9000,0.0,0.0
2009-07-14 00:00:00+09:00,256.7707214355469,257.51498439622964,253.04940663213316,256.7707214355469,31000,0.0,0.0
2009-07-15 00:00:00+09:00,255.28221224616556,256.02647525562963,249.32810817045325,253.04942321777344,23000,0.0,0.0
2009-07-16 00:00:00+09:00,253.79361007327125,255.28213564554852,250.07229614257812,250.07229614257812,22000,0.0,0.0
2009-07-17 00:00:00+09:00,247.8394775390625,250.072265625,247.09521484375,247.8394775390625,32000,0.0,0.0
2009-07-21 00:00:00+09:00,260.4920054590979,262.7247940773188,253.7936396044354,256.02642822265625,28000,0.0,0.0
2009-07-22 00:00:00+09:00,259.7477425863577,259.7477425863577,255.28216534991597,256.02642822265625,46000,0.0,0.0
2009-07-23 00:00:00+09:00,256.77072196938207,262.7248256672228,255.28219604492188,255.28219604492188,35000,0.0,0.0
2009-07-24 00:00:00+09:00,259.00353968929085,265.70190709504834,256.77075055403833,259.747802734375,42000,0.0,0.0
2009-07-27 00:00:00+09:00,259.747802734375,264.21338100488003,259.747802734375,259.747802734375,22000,0.0,0.0
2009-07-28 00:00:00+09:00,265.70192749023437,282.8199788411458,264.9576643880208,279.0986633300781,205000,0.0,0.0
2009-07-29 00:00:00+09:00,282.819950613079,282.819950613079,267.93469005449595,273.14453125,84000,0.0,0.0
2009-07-30 00:00:00+09:00,275.37732033378745,278.3543724455041,271.6560051941417,273.14453125,43000,0.0,0.0
2009-07-31 00:00:00+09:00,273.88873375086087,273.88873375086087,268.6788937066869,270.16741943359375,32000,0.0,0.0
2009-08-03 00:00:00+09:00,273.8887644338084,273.8887644338084,270.9117126464844,270.9117126464844,43000,0.0,0.0
2009-08-04 00:00:00+09:00,272.400146484375,272.400146484375,268.6788330078125,271.6558837890625,71000,0.0,0.0
2009-08-05 00:00:00+09:00,275.3773206700393,276.86584672771517,271.6560055258496,272.4002685546875,34000,0.0,0.0
2009-08-06 00:00:00+09:00,273.1445014869774,273.1445014869774,269.42318675282235,270.9117126464844,35000,0.0,0.0
2009-08-07 00:00:00+09:00,270.1673583984375,270.91162109375,268.6788330078125,269.423095703125,13000,0.0,0.0
2009-08-10 00:00:00+09:00,271.6559451605006,272.400208023954,270.16741943359375,270.16741943359375,30000,0.0,0.0
2009-08-11 00:00:00+09:00,269.423095703125,270.1673583984375,267.9345703125,269.423095703125,29000,0.0,0.0
2009-08-12 00:00:00+09:00,271.6559776563323,271.6559776563323,264.9576110839844,264.9576110839844,16000,0.0,0.0
2009-08-13 00:00:00+09:00,268.6789253277486,268.6789253277486,264.21334762147023,266.4461364746094,20000,0.0,0.0
2009-08-14 00:00:00+09:00,266.4461367310596,268.6789255863478,265.7018737792969,265.7018737792969,28000,0.0,0.0
2009-08-17 00:00:00+09:00,264.21334762147023,266.4461364746094,263.4690846704238,266.4461364746094,46000,0.0,0.0
2009-08-18 00:00:00+09:00,264.9575504835515,264.9575504835515,261.2362365722656,261.2362365722656,12000,0.0,0.0
2009-08-19 00:00:00+09:00,267.93466289391677,267.93466289391677,262.7248222265351,264.9576110839844,29000,0.0,0.0
2009-08-20 00:00:00+09:00,264.2133483886719,265.70187429508695,261.9805595290493,264.2133483886719,47000,0.0,0.0
2009-08-21 00:00:00+09:00,264.21341028834877,264.21341028834877,262.7248840332031,262.7248840332031,33000,0.0,0.0
2009-08-24 00:00:00+09:00,261.23626657259666,265.70184377896584,261.23626657259666,263.46905517578125,44000,0.0,0.0
2009-08-25 00:00:00+09:00,262.72485386241567,262.72485386241567,261.9805908203125,261.9805908203125,17000,0.0,0.0
2009-08-26 00:00:00+09:00,262.7248840332031,262.7248840332031,261.9806209056303,262.7248840332031,10000,0.0,0.0
2009-08-27 00:00:00+09:00,261.9806209056303,262.7248840332031,261.23635777805754,262.7248840332031,29000,0.0,0.0
2009-08-28 00:00:00+09:00,263.46911690451884,263.46911690451884,261.9805908203125,261.9805908203125,19000,0.0,0.0
2009-08-31 00:00:00+09:00,260.49197379000844,264.2132877012943,260.49197379000844,261.2362365722656,28000,0.0,0.0
2009-09-02 00:00:00+09:00,259.74782121496116,259.74782121496116,249.3281378424412,253.79371643066406,34000,0.0,0.0
2009-09-03 00:00:00+09:00,253.79368880857905,253.79368880857905,247.09532165527344,247.09532165527344,23000,0.0,0.0
2009-09-04 00:00:00+09:00,242.62977727647905,243.37404039695906,240.39698791503906,240.39698791503906,37000,0.0,0.0
2009-09-07 00:00:00+09:00,240.39695513176196,250.07237437855113,240.39695513176196,245.60679626464844,25000,0.0,0.0
2009-09-08 00:00:00+09:00,244.86253324566465,247.09532230261598,244.86253324566465,245.60679626464844,17000,0.0,0.0
2009-09-09 00:00:00+09:00,244.86251775735815,247.8395696449856,244.86251775735815,246.35104370117188,14000,0.0,0.0
2009-09-10 00:00:00+09:00,249.32807832340927,254.537918765988,249.32807832340927,252.3051300048828,49000,0.0,0.0
2009-09-11 00:00:00+09:00,248.58377057030089,251.5608217148554,248.58377057030089,250.07229614257812,61000,0.0,0.0
2009-09-14 00:00:00+09:00,246.35099891380028,247.09526175039787,240.39689622101963,241.1411590576172,36000,0.0,0.0
2009-09-15 00:00:00+09:00,244.86248931409412,244.86248931409412,238.16412334501558,238.90838623046875,18000,0.0,0.0
2009-09-16 00:00:00+09:00,236.67562953404018,238.16415550595238,234.44284057617188,234.44284057617188,22000,0.0,0.0
2009-09-17 00:00:00+09:00,235.18708753285915,238.16413927378142,234.4428245976286,236.6756134033203,21000,0.0,0.0
2009-09-18 00:00:00+09:00,233.69854755828175,235.18707333890774,232.21002177765575,232.95428466796875,33000,0.0,0.0
2009-09-21 00:00:00+09:00,232.95428466796875,232.95428466796875,232.95428466796875,232.95428466796875,0,0.0,0.0
2009-09-24 00:00:00+09:00,231.4657577466815,237.41986083984375,230.72149486003624,237.41986083984375,47000,0.0,0.0
2009-09-25 00:00:00+09:00,235.93136684150454,241.88547073655826,233.69857788085938,233.69857788085938,26000,0.0,0.0
2009-09-28 00:00:00+09:00,229.97724989348768,229.97724989348768,224.76740928101384,227.7444610595703,12000,0.0,0.0
2009-09-29 00:00:00+09:00,231.46577578276592,231.46577578276592,227.0001981149312,227.7444610595703,17000,0.0,0.0
2009-09-30 00:00:00+09:00,226.25592205975508,226.25592205975508,219.5575559461439,220.30181884765625,25000,0.0,0.0
2009-10-01 00:00:00+09:00,227.00018496126742,227.00018496126742,220.30181884765625,220.30181884765625,17000,0.0,0.0
2009-10-02 00:00:00+09:00,212.1149296305626,212.1149296305626,209.8821408976093,210.62640380859375,31000,0.0,0.0
2009-10-05 00:00:00+09:00,210.62641988481792,211.3706828526088,206.90510504586356,208.3936309814453,25000,0.0,0.0
2009-10-06 00:00:00+09:00,200.95097402508338,201.69523689184297,197.22965969128555,198.7181854248047,47000,0.0,0.0
2009-10-07 00:00:00+09:00,198.71819934216174,206.90509144989124,194.25262182885473,203.18377685546875,76000,0.0,0.0
2009-10-08 00:00:00+09:00,202.4395460441931,202.4395460441931,198.7182308595572,199.46249389648438,36000,0.0,0.0
2009-10-09 00:00:00+09:00,198.7181855968963,200.9509741991086,196.48539699468398,197.9739227294922,57000,0.0,0.0
2009-10-13 00:00:00+09:00,198.71818508445995,200.95097368091456,197.2296593534902,200.2067108154297,94000,0.0,0.0
2009-10-14 00:00:00+09:00,200.20671150639373,200.20671150639373,194.99687143001916,197.2296600341797,45000,0.0,0.0
2009-10-15 00:00:00+09:00,197.9739237858699,197.9739237858699,191.27555794349084,193.5083465576172,97000,0.0,0.0
2009-10-16 00:00:00+09:00,192.76408494791025,192.76408494791025,188.2985076904297,188.2985076904297,37000,0.0,0.0
2009-10-19 00:00:00+09:00,186.0657036304474,192.0198061466217,186.0657036304474,190.53128051757812,64000,0.0,0.0
2009-10-20 00:00:00+09:00,192.76408403973247,194.9968726579533,192.0198211669922,192.0198211669922,72000,0.0,0.0
2009-10-21 00:00:00+09:00,193.5083460354533,197.22966038228893,193.5083460354533,195.7411346435547,70000,0.0,0.0
2009-10-22 00:00:00+09:00,191.2755582942519,192.0198211669922,189.78703254877135,192.0198211669922,80000,0.0,0.0
2009-10-23 00:00:00+09:00,190.53132689468504,191.2755898903674,187.5542749119556,189.0428009033203,52000,0.0,0.0
2009-10-26 00:00:00+09:00,186.81001191627323,189.0428009033203,186.81001191627323,189.0428009033203,36000,0.0,0.0
2009-10-27 00:00:00+09:00,186.06575231983828,188.29854134767635,179.3673852363241,180.8559112548828,113000,0.0,0.0
2009-10-28 00:00:00+09:00,178.62312222704477,183.83296329200024,178.62312222704477,180.8559112548828,43000,0.0,0.0
2009-10-29 00:00:00+09:00,178.623046875,181.60009765625,177.134521484375,177.134521484375,68000,0.0,0.0
2009-10-30 00:00:00+09:00,180.85586510635005,183.08865356445312,179.36733946761467,183.08865356445312,29000,0.0,0.0
2009-11-02 00:00:00+09:00,180.85592727344562,181.60019034864496,175.64608574705005,179.36740112304688,44000,0.0,0.0
2009-11-04 00:00:00+09:00,177.13459620848604,183.08870028272088,177.13459620848604,180.8559112548828,21000,0.0,0.0
2009-11-05 00:00:00+09:00,184.5771943991966,184.5771943991966,182.34440575727083,183.8329315185547,34000,0.0,0.0
2009-11-06 00:00:00+09:00,186.80999829692226,189.04278712118824,182.34442064839024,184.57720947265625,30000,0.0,0.0
2009-11-09 00:00:00+09:00,184.57717920318854,184.57717920318854,182.34439074508543,183.08865356445312,23000,0.0,0.0
2009-11-10 00:00:00+09:00,183.08866901008452,183.83293189223932,182.3444061279297,182.3444061279297,22000,0.0,0.0
2009-11-11 00:00:00+09:00,183.08870028272088,183.08870028272088,180.8559112548828,180.8559112548828,28000,0.0,0.0
2009-11-12 00:00:00+09:00,179.36734086706284,179.36734086706284,174.1575010908411,174.90176391601562,142000,0.0,0.0
2009-11-13 00:00:00+09:00,175.6460733700208,176.3903363927751,173.4132843017578,173.4132843017578,31000,0.0,0.0
2009-11-16 00:00:00+09:00,171.18046756243814,171.18046756243814,164.4821014404297,164.4821014404297,63000,0.0,0.0
2009-11-17 00:00:00+09:00,163.7378572162829,163.7378572162829,154.80670136812202,155.55096435546875,114000,0.0,0.0
2009-11-18 00:00:00+09:00,154.80668729894302,157.03947605806238,150.34110978070427,151.8296356201172,60000,0.0,0.0
2009-11-19 00:00:00+09:00,152.57389969562166,152.57389969562166,145.8755333675212,148.1083221435547,53000,0.0,0.0
2009-11-20 00:00:00+09:00,145.8755199291088,145.8755199291088,138.43289136129712,140.66567993164062,305000,0.0,0.0
2009-11-24 00:00:00+09:00,141.4099598978902,142.8984857915522,135.4558563232422,135.4558563232422,175000,0.0,0.0
2009-11-25 00:00:00+09:00,133.96734619140625,134.71160922580296,131.73455708821615,133.96734619140625,144000,0.0,0.0
2009-11-26 00:00:00+09:00,136.9443359375,137.6885986328125,133.2230224609375,134.7115478515625,211000,0.0,0.0
2009-11-27 00:00:00+09:00,131.73455845225942,133.22308453646573,130.24603236805308,130.99029541015625,178000,0.0,0.0
2009-11-30 00:00:00+09:00,135.45585558092273,137.6886444091797,132.47880380991342,137.6886444091797,77000,0.0,0.0
2009-12-01 00:00:00+09:00,141.4099429516082,142.15420580924825,130.9902629446476,139.92141723632812,131000,0.0,0.0
2009-12-02 00:00:00+09:00,141.4099427884218,142.15420564520295,139.1771542180783,140.66567993164062,81000,0.0,0.0
2009-12-03 00:00:00+09:00,140.66569310968572,147.3640594482422,140.66569310968572,147.3640594482422,81000,0.0,0.0
2009-12-04 00:00:00+09:00,150.34113088147393,172.6690216064453,148.1083418089768,172.6690216064453,295000,0.0,0.0
2009-12-07 00:00:00+09:00,172.66899031299656,177.87883053795767,172.66899031299656,175.6460418701172,272000,0.0,0.0
2009-12-08 00:00:00+09:00,178.62310740573346,182.34442214335292,178.62310740573346,180.11163330078125,171000,0.0,0.0
2009-12-09 00:00:00+09:00,177.87881521671378,177.87881521671378,171.92471261531747,174.90176391601562,106000,0.0,0.0
2009-12-10 00:00:00+09:00,174.15754765477675,174.15754765477675,167.4591804372853,172.6690216064453,139000,0.0,0.0
2009-12-11 00:00:00+09:00,171.92475825624916,173.4132843017578,168.2034431424775,173.4132843017578,95000,0.0,0.0
2009-12-14 00:00:00+09:00,173.41328463061103,173.41328463061103,171.18049555811388,172.6690216064453,53000,0.0,0.0
2009-12-15 00:00:00+09:00,172.6690216064453,174.90181067894244,170.43623253394819,172.6690216064453,42000,0.0,0.0
2009-12-16 00:00:00+09:00,172.66899168855758,174.90178037418548,170.4362030029297,170.4362030029297,39000,0.0,0.0
2009-12-17 00:00:00+09:00,169.69192504882812,171.9247135363127,167.45913656134354,169.69192504882812,55000,0.0,0.0
2009-12-18 00:00:00+09:00,168.94767864330396,168.94767864330396,164.48210123422984,165.2263641357422,62000,0.0,0.0
2009-12-21 00:00:00+09:00,166.71485964752907,166.71485964752907,158.52796921840934,160.01649475097656,91000,0.0,0.0
2009-12-22 00:00:00+09:00,158.52801188151042,168.20343044704862,158.52801188151042,167.45916748046875,89000,0.0,0.0
2009-12-24 00:00:00+09:00,168.20339939050507,171.18045070715118,168.20339939050507,169.69192504882812,29000,0.0,0.0
2009-12-25 00:00:00+09:00,170.43621879947344,171.18048176366327,164.4821150859547,168.94769287109375,24000,0.0,0.0
2009-12-28 00:00:00+09:00,172.66902363194828,172.66902363194828,168.2034454345703,168.2034454345703,56000,0.0,0.0
2009-12-29 00:00:00+09:00,170.4362030029297,170.4362030029297,165.22636273646458,170.4362030029297,22000,0.0,0.0
2009-12-30 00:00:00+09:00,164.48211615181825,167.45916802786925,164.48211615181825,165.97064208984375,33000,0.0,0.0
2010-01-04 00:00:00+09:00,171.18048231336806,171.18048231336806,167.45916748046875,167.45916748046875,33000,0.0,0.0
2010-01-05 00:00:00+09:00,171.18049756615562,171.92476059905195,168.2034454345703,168.2034454345703,32000,0.0,0.0
2010-01-06 00:00:00+09:00,172.66897636547424,172.66897636547424,168.20339939050507,169.69192504882812,32000,0.0,0.0
2010-01-07 00:00:00+09:00,168.20339939050507,170.43618787798965,168.20339939050507,169.69192504882812,7000,0.0,0.0
2010-01-08 00:00:00+09:00,168.20342808910925,174.15753173828125,168.20342808910925,174.15753173828125,59000,0.0,0.0
2010-01-12 00:00:00+09:00,182.34439074508543,183.83291638382084,180.85586510635005,183.08865356445312,90000,0.0,0.0
2010-01-13 00:00:00+09:00,182.34443727344154,183.83296329200024,180.11164824560348,180.8559112548828,65000,0.0,0.0
2010-01-14 00:00:00+09:00,178.6230917171556,182.3444061279297,177.8788288350008,182.3444061279297,34000,0.0,0.0
2010-01-15 00:00:00+09:00,183.08866901008452,183.08866901008452,182.3444061279297,182.3444061279297,30000,0.0,0.0
2010-01-18 00:00:00+09:00,182.3444061279297,182.3444061279297,179.36735459931043,182.3444061279297,13000,0.0,0.0
2010-01-19 00:00:00+09:00,181.60017426416218,181.60017426416218,180.11164824560348,180.8559112548828,28000,0.0,0.0
2010-01-20 00:00:00+09:00,182.34442265828451,182.34442265828451,177.8788449605306,178.62310791015625,44000,0.0,0.0
2010-01-21 00:00:00+09:00,175.64605611165365,180.11163380940758,174.901793162028,178.62310791015625,39000,0.0,0.0
2010-01-22 00:00:00+09:00,175.6460418701172,177.13456764867752,174.90177898083704,175.6460418701172,14000,0.0,0.0
2010-01-25 00:00:00+09:00,170.43618761145552,174.15750175144362,169.6919247834579,171.18045043945312,22000,0.0,0.0
2010-01-26 00:00:00+09:00,168.9476622196666,174.90176485295882,168.9476622196666,169.69192504882812,25000,0.0,0.0
2010-01-27 00:00:00+09:00,168.20341532570976,168.94767822538105,165.22636372702462,166.7148895263672,34000,0.0,0.0
2010-01-28 00:00:00+09:00,165.22636434287506,165.22636434287506,162.24931273309355,164.4821014404297,35000,0.0,0.0
2010-01-29 00:00:00+09:00,164.4821018584787,165.2263647628157,162.9935760498047,162.9935760498047,25000,0.0,0.0
2010-02-01 00:00:00+09:00,161.50505173881098,161.50505173881098,157.03947427137842,157.7837371826172,44000,0.0,0.0
2010-02-02 00:00:00+09:00,153.31817482320054,162.9935936227229,152.57391183862188,157.03948974609375,27000,0.0,0.0
2010-02-03 00:00:00+09:00,155.5509181532749,160.76075751726017,155.5509181532749,160.01649475097656,20000,0.0,0.0
2010-02-04 00:00:00+09:00,160.016494680334,163.73780851010923,158.52796914842392,160.76075744628906,29000,0.0,0.0
2010-02-05 00:00:00+09:00,156.2952259099372,160.01654081255475,156.2952259099372,159.27227783203125,15000,0.0,0.0
2010-02-08 00:00:00+09:00,155.55096435546875,158.52801630485573,155.55096435546875,155.55096435546875,32000,0.0,0.0
2010-02-09 00:00:00+09:00,154.80668729894302,154.80668729894302,150.34110978070427,151.8296356201172,36000,0.0,0.0
2010-02-10 00:00:00+09:00,156.29521136013966,163.73784047252727,156.29521136013966,157.7837371826172,51000,0.0,0.0
2010-02-12 00:00:00+09:00,162.24932861328125,166.71490646502292,160.01653968741041,162.24932861328125,42000,0.0,0.0
2010-02-15 00:00:00+09:00,160.0165550829628,164.48213336434782,160.0165550829628,161.5050811767578,19000,0.0,0.0
2010-02-16 00:00:00+09:00,161.50504983064815,164.4821014404297,161.50504983064815,164.4821014404297,10000,0.0,0.0
2010-02-17 00:00:00+09:00,165.97064154730904,168.94769341362849,165.22637858072918,167.45916748046875,20000,0.0,0.0
2010-02-18 00:00:00+09:00,170.43618761145552,173.41323892344602,166.7148734714674,171.18045043945312,22000,0.0,0.0
2010-02-19 00:00:00+09:00,177.134521484375,177.8787841796875,171.9246826171875,177.134521484375,95000,0.0,0.0
2010-02-22 00:00:00+09:00,178.62310740573346,180.85589624830513,175.64605561563792,180.11163330078125,31000,0.0,0.0
2010-02-23 00:00:00+09:00,179.36737035325734,180.11163330078125,175.64605561563792,180.11163330078125,30000,0.0,0.0
2010-02-24 00:00:00+09:00,174.901793162028,180.85589675903321,174.901793162028,178.62310791015625,29000,0.0,0.0
2010-02-25 00:00:00+09:00,178.62310740573346,180.11163330078125,178.62310740573346,180.11163330078125,48000,0.0,0.0
2010-02-26 00:00:00+09:00,180.11161675510638,187.5542455466397,178.6230909967997,185.3214569091797,70000,0.0,0.0
2010-03-01 00:00:00+09:00,188.29852343555467,188.29852343555467,183.83294580467194,186.80999755859375,56000,0.0,0.0
2010-03-02 00:00:00+09:00,189.04276967603107,192.0198211669922,188.2985068032908,192.0198211669922,60000,0.0,0.0
2010-03-03 00:00:00+09:00,192.01983666327212,194.99688839448564,189.78704786486196,191.27557373046875,40000,0.0,0.0
2010-03-04 00:00:00+09:00,191.27555919541672,191.27555919541672,186.8099819379362,188.2985076904297,33000,0.0,0.0
2010-03-05 00:00:00+09:00,187.5542293772978,190.5312806372549,187.5542293772978,189.78701782226562,40000,0.0,0.0
2010-03-08 00:00:00+09:00,191.27557373046875,191.27557373046875,188.29852199925523,191.27557373046875,49000,0.0,0.0
2010-03-09 00:00:00+09:00,189.04276950202853,192.7640838623047,188.2985066299733,192.7640838623047,51000,0.0,0.0
2010-03-10 00:00:00+09:00,194.25260856196567,197.9739229022332,193.50834569391216,197.2296600341797,66000,0.0,0.0
2010-03-11 00:00:00+09:00,200.20671047759674,201.6952362060547,197.97392188490977,201.6952362060547,39000,0.0,0.0
2010-03-12 00:00:00+09:00,200.2067108154297,201.69523654639943,194.99687075703562,200.2067108154297,77000,0.0,0.0
2010-03-15 00:00:00+09:00,202.4394990702837,202.4394990702837,200.95097334182572,201.6952362060547,16000,0.0,0.0
2010-03-16 00:00:00+09:00,201.69525169089988,203.9280404550058,197.22967416268807,200.95098876953125,37000,0.0,0.0
2010-03-17 00:00:00+09:00,205.41657779091284,212.1149444580078,204.67231482790228,212.1149444580078,86000,0.0,0.0
2010-03-18 00:00:00+09:00,215.09200684810398,230.72152983706656,215.09200684810398,224.02316284179688,227000,0.0,0.0
2010-03-19 00:00:00+09:00,225.51164113558258,234.44279523996207,225.51164113558258,232.2100067138672,133000,0.0,0.0
2010-03-23 00:00:00+09:00,236.67562953404018,237.41989251999627,232.95431460425968,234.44284057617188,61000,0.0,0.0
2010-03-24 00:00:00+09:00,237.41986064910887,238.16412353515625,233.69854621887205,238.16412353515625,111000,0.0,0.0
2010-03-25 00:00:00+09:00,236.67558376605695,236.67558376605695,232.2100067138672,232.2100067138672,74000,0.0,0.0
2010-03-26 00:00:00+09:00,227.00021099892393,234.4428408677411,224.76742203827877,233.69857788085938,120000,0.0,0.0
2010-03-29 00:00:00+09:00,230.7215673487991,249.32814536079903,230.7215673487991,240.39698791503906,70000,0.0,0.0
2010-03-30 00:00:00+09:00,240.39690961095388,249.32806414758375,238.90838385484892,248.58380126953125,79000,0.0,0.0
2010-03-31 00:00:00+09:00,246.35101087703262,256.02642822265625,246.35101087703262,256.02642822265625,75000,0.0,0.0
2010-04-01 00:00:00+09:00,259.74774187460713,260.492004745308,253.04937603829921,259.00347900390625,96000,0.0,0.0
2010-04-02 00:00:00+09:00,256.0264584748641,259.74777327827786,253.7936695928159,256.7707214355469,74000,0.0,0.0
2010-04-05 00:00:00+09:00,259.74777327827786,259.74777327827786,253.7936695928159,256.7707214355469,39000,0.0,0.0
2010-04-06 00:00:00+09:00,256.77066121782576,256.77066121782576,248.58377057030089,250.07229614257812,48000,0.0,0.0
2010-04-07 00:00:00+09:00,246.3510586382395,248.58384768934135,242.62974355306972,247.09532165527344,62000,0.0,0.0
2010-04-08 00:00:00+09:00,239.6526634803185,244.86250399076022,239.6526634803185,241.8854522705078,41000,0.0,0.0
2010-04-09 00:00:00+09:00,242.62974199696887,250.81663513183594,242.62974199696887,250.81663513183594,27000,0.0,0.0
2010-04-12 00:00:00+09:00,256.77072012765063,261.98056082589284,256.77072012765063,260.4920349121094,80000,0.0,0.0
2010-04-13 00:00:00+09:00,261.23632882454336,261.9805918696275,255.28222446387,259.747802734375,43000,0.0,0.0
2010-04-14 00:00:00+09:00,253.04943635973626,259.7478037927881,249.32812111915192,257.5150146484375,49000,0.0,0.0
2010-04-15 00:00:00+09:00,253.04937603829921,259.74774187460713,250.81658742619658,259.00347900390625,45000,0.0,0.0
2010-04-16 00:00:00+09:00,260.492066840905,261.98059293713874,255.28222550408688,257.5150146484375,48000,0.0,0.0
2010-04-19 00:00:00+09:00,250.81655892871677,255.28213564554852,247.83950778416227,250.07229614257812,66000,0.0,0.0
2010-04-20 00:00:00+09:00,250.81655892871677,253.79361007327125,250.07229614257812,250.07229614257812,52000,0.0,0.0
2010-04-21 00:00:00+09:00,250.0723711799173,253.04942321777344,250.0723711799173,253.04942321777344,46000,0.0,0.0
2010-04-22 00:00:00+09:00,253.04942321777344,253.04942321777344,252.30516020830942,253.04942321777344,18000,0.0,0.0
2010-04-23 00:00:00+09:00,250.07240094047836,255.28224262673834,250.07240094047836,253.79371643066406,28000,0.0,0.0
2010-04-26 00:00:00+09:00,259.74771100775126,261.2362365722656,257.5149226609798,261.2362365722656,41000,0.0,0.0
2010-04-27 00:00:00+09:00,256.7706602244968,259.003448574275,256.7706602244968,258.2591857910156,14000,0.0,0.0
2010-04-28 00:00:00+09:00,253.79359431573522,255.2821197955929,253.04933157580638,254.53785705566406,23000,0.0,0.0
2010-04-30 00:00:00+09:00,267.93468972911006,276.8658460534137,267.93468972911006,273.8887939453125,173000,0.0,0.0
2010-05-06 00:00:00+09:00,271.6560103676536,271.6560103676536,256.77074952559036,261.9805908203125,50000,0.0,0.0
2010-05-07 00:00:00+09:00,244.1182387622435,252.3051309158553,241.141187070021,249.3280792236328,53000,0.0,0.0
2010-05-10 00:00:00+09:00,250.072280616091,254.53785705566406,249.32801787616216,254.53785705566406,26000,0.0,0.0
2010-05-11 00:00:00+09:00,259.7478037927881,264.2133820814893,253.04943635973626,257.5150146484375,33000,0.0,0.0
2010-05-12 00:00:00+09:00,261.23632882454336,261.9805918696275,256.77075055403833,259.747802734375,36000,0.0,0.0
2010-05-13 00:00:00+09:00,259.7477103315688,267.9346009150853,250.81655696773262,267.1903381347656,76000,0.0,0.0
2010-05-14 00:00:00+09:00,267.1903381347656,270.1673892560444,253.79360808901137,267.1903381347656,75000,0.0,0.0
2010-05-17 00:00:00+09:00,267.19033919012855,267.19033919012855,253.04934630819974,258.2591857910156,93000,0.0,0.0
2010-05-18 00:00:00+09:00,261.98053048670977,261.98053048670977,255.28216465040185,259.00347900390625,21000,0.0,0.0
2010-05-19 00:00:00+09:00,254.537918765988,254.537918765988,244.11823788083058,252.3051300048828,50000,0.0,0.0
2010-05-20 00:00:00+09:00,252.30506883587753,255.2821197955929,250.81654335601985,254.53785705566406,34000,0.0,0.0
2010-05-21 00:00:00+09:00,250.07232702563624,250.07232702563624,244.11822400121633,248.58380126953125,33000,0.0,0.0
2010-05-24 00:00:00+09:00,242.62969824511134,250.07232702563624,242.62969824511134,248.58380126953125,33000,0.0,0.0
2010-05-25 00:00:00+09:00,250.07235912566492,250.07235912566492,244.1182553369586,244.86251831054688,24000,0.0,0.0
2010-05-26 00:00:00+09:00,238.9083864212036,239.65264930725095,235.18707199096679,238.16412353515625,71000,0.0,0.0
2010-05-27 00:00:00+09:00,234.44279465494276,235.93132033529162,230.72148045407064,235.1870574951172,71000,0.0,0.0
2010-05-28 00:00:00+09:00,250.0723445012019,251.5608703613281,241.1411893404447,241.8854522705078,49000,0.0,0.0
2010-05-31 00:00:00+09:00,238.16409139238164,251.5608215332031,237.41982860678044,251.56082153320312,23000,0.0,0.0
2010-06-01 00:00:00+09:00,256.02642752110273,259.00347900390625,256.02642752110273,259.00347900390625,16000,0.0,0.0
2010-06-02 00:00:00+09:00,249.32803317639954,254.53787267560787,249.32803317639954,251.56082153320312,9000,0.0,0.0
2010-06-03 00:00:00+09:00,252.30519023458976,256.7707688228126,252.30519023458976,253.79371643066406,13000,0.0,0.0
2010-06-04 00:00:00+09:00,256.7706452754506,257.51490801537943,253.04933157580638,254.53785705566406,28000,0.0,0.0
2010-06-07 00:00:00+09:00,247.09529206810927,247.83955499602527,237.4198740052014,244.1182403564453,23000,0.0,0.0
2010-06-08 00:00:00+09:00,235.18707180320288,241.14117488682825,233.69854603229652,238.90838623046875,56000,0.0,0.0
2010-06-09 00:00:00+09:00,243.37394873703582,243.37394873703582,235.1870574951172,235.1870574951172,12000,0.0,0.0
2010-06-10 00:00:00+09:00,238.90837154929946,238.90837154929946,230.72148031240758,235.9313201904297,41000,0.0,0.0
2010-06-11 00:00:00+09:00,238.16412353515625,238.16412353515625,233.69854621887205,238.16412353515625,48000,0.0,0.0
2010-06-14 00:00:00+09:00,240.39698791503906,242.62977727647905,231.4658304692791,240.39698791503906,55000,0.0,0.0
2010-06-15 00:00:00+09:00,235.18705735071222,238.90837154929946,232.95426883155992,235.9313201904297,32000,0.0,0.0
2010-06-16 00:00:00+09:00,240.39689622101963,241.14115905761722,238.16410771122688,241.1411590576172,17000,0.0,0.0
2010-06-17 00:00:00+09:00,242.62977727647905,242.62977727647905,238.90846167407906,240.39698791503906,16000,0.0,0.0
2010-06-18 00:00:00+09:00,243.37399236337032,244.86251831054688,243.37399236337032,244.86251831054688,9000,0.0,0.0
2010-06-21 00:00:00+09:00,253.0494071582316,256.02645900715197,253.0494071582316,255.28219604492188,21000,0.0,0.0
2010-06-22 00:00:00+09:00,253.04942321777344,253.04942321777344,253.04942321777344,253.04942321777344,6000,0.0,0.0
2010-06-23 00:00:00+09:00,244.86253324566465,247.09532230261598,244.86253324566465,245.60679626464844,12000,0.0,0.0
2010-06-24 00:00:00+09:00,240.39695450196783,247.09532165527344,240.39695450196783,247.09532165527344,10000,0.0,0.0
2010-06-25 00:00:00+09:00,241.14121815074571,256.77074154940516,241.14121815074571,245.60679626464844,51000,0.0,0.0
2010-06-28 00:00:00+09:00,245.60682975839904,245.60682975839904,240.39698791503906,240.39698791503906,5000,0.0,0.0
2010-06-29 00:00:00+09:00,247.8395564393227,248.58381937157293,238.16413832006987,239.6526641845703,17000,0.0,0.0
2010-06-30 00:00:00+09:00,239.6526641845703,239.6526641845703,229.97724606531747,239.6526641845703,19000,0.0,0.0
2010-07-01 00:00:00+09:00,229.9772629464508,234.4428408677411,229.9772629464508,233.69857788085938,37000,0.0,0.0
2010-07-02 00:00:00+09:00,232.95428545806786,232.95428545806786,229.97723388671875,229.97723388671875,8000,0.0,0.0
2010-07-05 00:00:00+09:00,233.69864188850698,233.69864188850698,227.74453636268515,229.23306274414062,10000,0.0,0.0
2010-07-06 00:00:00+09:00,225.51174679050197,229.23306274414062,223.2789572183188,229.23306274414062,23000,0.0,0.0
2010-07-07 00:00:00+09:00,229.97727897619512,233.6985941699847,229.23301593743722,231.46580505371094,16000,0.0,0.0
2010-07-08 00:00:00+09:00,232.95433113122678,238.90843544129007,229.97727897619512,231.46580505371094,13000,0.0,0.0
2010-07-09 00:00:00+09:00,231.46578892021424,236.67562982838626,231.46578892021424,233.69857788085938,7000,0.0,0.0
2010-07-12 00:00:00+09:00,239.65264930725095,245.60675239562985,236.67559776306152,238.16412353515625,20000,0.0,0.0
2010-07-13 00:00:00+09:00,237.41986083984375,238.164123726489,236.67559795319846,237.41986083984375,16000,0.0,0.0
2010-07-14 00:00:00+09:00,238.16410870958202,238.16410870958202,234.4427945109948,235.9313201904297,12000,0.0,0.0
2010-07-15 00:00:00+09:00,233.69853181476833,235.93132033529162,233.69853181476833,235.1870574951172,15000,0.0,0.0
2010-07-16 00:00:00+09:00,235.1870580819937,235.1870580819937,229.2329553457407,232.2100067138672,17000,0.0,0.0
2010-07-21 00:00:00+09:00,221.79037384337366,227.0002148396945,221.79037384337366,224.02316284179688,28000,0.0,0.0
2010-07-22 00:00:00+09:00,219.55753968493775,226.25590530244432,219.55753968493775,225.5116424560547,13000,0.0,0.0
2010-07-23 00:00:00+09:00,231.46579283654094,231.46579283654094,220.30184784442483,224.02316284179688,14000,0.0,0.0
2010-07-26 00:00:00+09:00,225.51162760552754,229.9772043897954,221.79031361863764,222.53457641601562,8000,0.0,0.0
2010-07-27 00:00:00+09:00,228.4887245077836,228.4887245077836,224.76740977638644,226.2559356689453,13000,0.0,0.0
2010-07-28 00:00:00+09:00,229.23297099388148,232.2100225652306,223.27886785118326,229.97723388671875,17000,0.0,0.0
2010-07-29 00:00:00+09:00,229.23298694884855,229.97724989348768,227.7444610595703,227.7444610595703,10000,0.0,0.0
2010-07-30 00:00:00+09:00,223.2788393161441,223.2788393161441,221.79031372070312,221.79031372070312,20000,0.0,0.0
2010-08-02 00:00:00+09:00,225.51168884074568,226.2559518402201,222.53463684284804,224.02316284179688,25000,0.0,0.0
2010-08-03 00:00:00+09:00,224.0232204090465,229.97732593486836,224.0232204090465,229.23306274414062,23000,0.0,0.0
2010-08-04 00:00:00+09:00,228.48874929676884,277.61010908043903,228.48874929676884,273.8887939453125,1410000,0.0,0.0
2010-08-05 00:00:00+09:00,272.400146484375,276.1214599609375,266.446044921875,271.6558837890625,1173000,0.0,0.0
2010-08-06 00:00:00+09:00,270.16747881018597,276.8658460534137,270.16747881018597,273.8887939453125,443000,0.0,0.0
2010-08-09 00:00:00+09:00,282.8199134239784,297.70517202524036,279.842861703726,290.2625427246094,809000,0.0,0.0
2010-08-10 00:00:00+09:00,289.51824966902586,291.7510382268847,283.564146848069,288.77398681640625,367000,0.0,0.0
2010-08-11 00:00:00+09:00,282.8199472604443,286.54126235597647,279.09863216491215,280.587158203125,236000,0.0,0.0
2010-08-12 00:00:00+09:00,274.6330778398587,293.98391801285686,273.8888147562818,292.4953918457031,361000,0.0,0.0
2010-08-13 00:00:00+09:00,294.72808900171395,296.21661470374283,290.2625118956274,291.75103759765625,315000,0.0,0.0
2010-08-16 00:00:00+09:00,289.5183395113957,293.98391801285686,285.7970240935115,292.4953918457031,270000,0.0,0.0
2010-08-17 00:00:00+09:00,289.5182797945463,291.75106858473555,288.02975393442006,290.2625427246094,221000,0.0,0.0
2010-08-18 00:00:00+09:00,297.7051706025095,297.7051706025095,290.26254133744675,294.7281188964844,223000,0.0,0.0
2010-08-19 00:00:00+09:00,293.23959146125736,302.1707465311434,293.23959146125736,299.9379577636719,487000,0.0,0.0
2010-08-20 00:00:00+09:00,296.2166442871094,303.65927354055435,293.2395925857314,296.2166442871094,451000,0.0,0.0
2010-08-23 00:00:00+09:00,296.9609074436447,297.70517036956863,294.72811866587296,295.4723815917969,140000,0.0,0.0
2010-08-24 00:00:00+09:00,292.4953329563141,293.98385882377625,285.7969665527344,285.7969665527344,459000,0.0,0.0
2010-08-25 00:00:00+09:00,279.84280347574446,285.0526429021546,279.84280347574446,284.3083801269531,208000,0.0,0.0
2010-08-26 00:00:00+09:00,287.28546003510684,293.98382568359375,284.3084086357793,293.98382568359375,230000,0.0,0.0
2010-08-27 00:00:00+09:00,289.51827641239873,301.4264831542969,289.51827641239873,301.4264831542969,256000,0.0,0.0
2010-08-30 00:00:00+09:00,307.3806771605554,309.6134665830292,303.6593614564325,305.89215087890625,304000,0.0,0.0
2010-08-31 00:00:00+09:00,301.4264532455482,308.12481887322707,295.47235046538924,298.44940185546875,225000,0.0,0.0
2010-09-01 00:00:00+09:00,302.1707151820677,304.4035037178958,296.2166124198595,302.91497802734375,155000,0.0,0.0
2010-09-02 00:00:00+09:00,303.65924087261976,305.14776656317184,299.9379266462396,302.91497802734375,110000,0.0,0.0
2010-09-03 00:00:00+09:00,306.6363229190602,306.6363229190602,297.7051678825827,303.6592712402344,126000,0.0,0.0
2010-09-06 00:00:00+09:00,303.65923883796023,315.5674442825861,303.65923883796023,313.33465576171875,324000,0.0,0.0
2010-09-07 00:00:00+09:00,316.31176643994024,321.52160729895104,314.82324048022286,319.288818359375,341000,0.0,0.0
2010-09-08 00:00:00+09:00,314.8231506347656,317.05593893713984,312.5903623323914,314.8231506347656,161000,0.0,0.0
2010-09-09 00:00:00+09:00,317.80023280345347,319.2887584840317,313.33465576171875,313.33465576171875,151000,0.0,0.0
2010-09-10 00:00:00+09:00,314.82318144229697,319.2887584840317,313.33465576171875,313.33465576171875,132000,0.0,0.0
2010-09-13 00:00:00+09:00,314.0789775003642,319.288818359375,313.33471452050554,319.288818359375,142000,0.0,0.0
2010-09-14 00:00:00+09:00,316.31173815046037,317.8002639770508,312.5904235839844,312.5904235839844,100000,0.0,0.0
2010-09-16 00:00:00+09:00,320.77725226823674,322.26577780080396,318.5444639693859,320.0329895019531,79000,0.0,0.0
2010-09-17 00:00:00+09:00,319.288726594713,322.2657776585332,317.8002010628029,321.5215148925781,119000,0.0,0.0
2010-09-21 00:00:00+09:00,325.98718123941876,331.1970220354825,325.2429182685525,329.70849609375,218000,0.0,0.0
2010-09-22 00:00:00+09:00,328.219939978414,331.9412544906409,327.4756770759686,328.9642028808594,136000,0.0,0.0
2010-09-24 00:00:00+09:00,326.73141803381577,327.47568094505453,315.5674743652344,315.5674743652344,192000,0.0,0.0
2010-09-27 00:00:00+09:00,314.0789511967631,318.54452870193035,301.4264815987892,306.6363220214844,256000,0.0,0.0
2010-09-28 00:00:00+09:00,309.6573838909853,311.16790771484375,307.3915981551976,311.16790771484375,164000,6.0,0.0
2010-09-29 00:00:00+09:00,312.678396798514,324.00732421875,312.678396798514,324.00732421875,212000,0.0,0.0
2010-09-30 00:00:00+09:00,323.2520962121352,328.5389295613991,318.720524769909,320.2310485839844,119000,0.0,0.0
2010-10-01 00:00:00+09:00,318.720524769909,322.4968343050975,317.96526286287127,320.2310485839844,68000,0.0,0.0
2010-10-04 00:00:00+09:00,320.2309474238643,327.02830243993685,320.2309474238643,326.2730407714844,127000,0.0,0.0
2010-10-05 00:00:00+09:00,328.5389392175407,328.5389392175407,320.2310579959477,323.2521057128906,91000,0.0,0.0
2010-10-06 00:00:00+09:00,322.4968437836549,323.2521057128906,318.72053413747625,323.2521057128906,138000,0.0,0.0
2010-10-07 00:00:00+09:00,320.9863104910221,327.78366765436135,320.2310485839844,320.2310485839844,71000,0.0,0.0
2010-10-08 00:00:00+09:00,324.00733033683247,324.76259217910945,315.69945007178546,316.4547119140625,94000,0.0,0.0
2010-10-12 00:00:00+09:00,313.4336739719504,313.4336739719504,303.6152697270459,305.12579345703125,159000,0.0,0.0
2010-10-13 00:00:00+09:00,305.1258192679182,308.9021289123231,303.61529541015625,303.61529541015625,73000,0.0,0.0
2010-10-14 00:00:00+09:00,306.63625345020245,308.90203857421875,306.63625345020245,308.90203857421875,22000,0.0,0.0
2010-10-15 00:00:00+09:00,307.39155257375614,318.7204795727889,307.39155257375614,315.6994323730469,99000,0.0,0.0
2010-10-18 00:00:00+09:00,317.2099914550781,317.965253339495,314.1889439174107,317.2099914550781,34000,0.0,0.0
2010-10-19 00:00:00+09:00,315.6994422080958,319.4757513254175,315.6994422080958,318.7204895019531,51000,0.0,0.0
2010-10-20 00:00:00+09:00,316.4547328719174,316.4547328719174,304.37054259518544,313.4336853027344,63000,0.0,0.0
2010-10-21 00:00:00+09:00,312.6784350046069,314.18895884520884,305.12581580159707,307.3916015625,60000,0.0,0.0
2010-10-22 00:00:00+09:00,308.1467768662133,310.4125619902296,305.88099174219707,308.90203857421875,31000,0.0,0.0
2010-10-25 00:00:00+09:00,305.8810093577315,311.1678416182355,305.8810093577315,309.6573181152344,52000,0.0,0.0
2010-10-26 00:00:00+09:00,306.6363171870165,310.4126265119798,303.6152697270459,305.12579345703125,48000,0.0,0.0
2010-10-27 00:00:00+09:00,304.3705573390372,306.6363431256802,302.10477155239425,303.61529541015625,95000,0.0,0.0
2010-10-28 00:00:00+09:00,301.34948246184763,302.10474432265426,298.3284350186211,299.8389587402344,102000,0.0,0.0
2010-10-29 00:00:00+09:00,301.34956557878104,301.34956557878104,290.7758966111045,296.8179931640625,109000,0.0,0.0
2010-11-01 00:00:00+09:00,295.3074164757362,296.0626784104567,294.5521545410156,294.5521545410156,86000,0.0,0.0
2010-11-02 00:00:00+09:00,296.8178838613082,299.08366923429526,291.5310513243383,296.0626220703125,47000,0.0,0.0
2010-11-04 00:00:00+09:00,298.32847002454866,302.8600417211241,298.32847002454866,301.3495178222656,35000,0.0,0.0
2010-11-05 00:00:00+09:00,307.3915806976838,317.2099849951528,306.63631882864775,310.4126281738281,64000,0.0,0.0
2010-11-08 00:00:00+09:00,317.96526286287127,324.7626200262106,317.96526286287127,320.2310485839844,79000,0.0,0.0
2010-11-09 00:00:00+09:00,319.475796066712,325.5178915005978,319.475796066712,323.2521057128906,73000,0.0,0.0
2010-11-10 00:00:00+09:00,323.2519940976743,327.02830243993685,323.2519940976743,326.2730407714844,112000,0.0,0.0
2010-11-11 00:00:00+09:00,326.27308403422273,328.538869340016,324.76256049702727,325.517822265625,115000,0.0,0.0
2010-11-12 00:00:00+09:00,324.0073494203629,354.97308677755376,320.98630187331986,351.19677734375,773000,0.0,0.0
2010-11-15 00:00:00+09:00,369.32312915484755,377.6310114057746,363.28103297235515,372.34417724609375,842000,0.0,0.0
2010-11-16 00:00:00+09:00,375.3651300146877,379.89670100078047,367.812511704533,376.1203918457031,462000,0.0,0.0
2010-11-17 00:00:00+09:00,370.07826425496813,388.9598083496094,370.07826425496813,388.9598083496094,540000,0.0,0.0
2010-11-18 00:00:00+09:00,391.98088228612914,404.06507133541254,386.6940495770677,401.7992858886719,548000,0.0,0.0
2010-11-19 00:00:00+09:00,409.3519698257012,411.6177556365446,391.2256833389543,398.0230407714844,454000,0.0,0.0
2010-11-22 00:00:00+09:00,400.2887585471454,416.90451833589486,400.2887585471454,414.63873291015625,473000,0.0,0.0
2010-11-24 00:00:00+09:00,414.6387802435427,445.60451793021895,407.0861612955729,444.093994140625,1063000,0.0,0.0
2010-11-25 00:00:00+09:00,456.9334795520564,475.0597663442041,451.64664590434666,474.30450439453125,1257000,0.0,0.0
2010-11-26 00:00:00+09:00,477.3255086930072,488.65443690565763,457.68869979107967,460.7097473144531,1250000,0.0,0.0
2010-11-29 00:00:00+09:00,468.2624197084013,472.03872954475935,456.9334901993271,462.9755859375,559000,0.0,0.0
2010-11-30 00:00:00+09:00,450.13609551664575,459.199238379397,449.3808336114165,450.891357421875,497000,0.0,0.0
2010-12-01 00:00:00+09:00,447.1150334592725,463.7307948378266,444.09398593589907,460.7097473144531,396000,0.0,0.0
2010-12-02 00:00:00+09:00,468.26221965241314,475.8148360984198,465.2411730740105,467.5069580078125,437000,0.0,0.0
2010-12-03 00:00:00+09:00,462.97542067537086,465.2412057683988,454.66754200093516,463.7306823730469,362000,0.0,0.0
2010-12-06 00:00:00+09:00,460.70985224339864,474.3045691948432,460.70985224339864,465.2414245605469,391000,0.0,0.0
2010-12-07 00:00:00+09:00,462.97549345703123,474.304420703125,460.7097080078125,472.03863525390625,340000,0.0,0.0
2010-12-08 00:00:00+09:00,475.8149435991299,504.514892578125,475.8149435991299,504.514892578125,1242000,0.0,0.0
2010-12-09 00:00:00+09:00,517.3542601721628,521.1305686405726,496.206932749067,507.5358581542969,1046000,0.0,0.0
2010-12-10 00:00:00+09:00,512.0675482010769,512.82281007158,492.43073956799725,496.9623107910156,514000,0.0,0.0
2010-12-13 00:00:00+09:00,496.9623819074645,509.8018355433716,496.9623819074645,505.270263671875,403000,0.0,0.0
2010-12-14 00:00:00+09:00,505.2702497249275,506.02551168266285,498.47289210530965,500.7386779785156,279000,0.0,0.0
2010-12-15 00:00:00+09:00,494.69656482432623,499.2281364105032,479.5913262037361,480.3465881347656,607000,0.0,0.0
2010-12-16 00:00:00+09:00,487.14398193359375,493.94133982103926,484.122933983618,487.14398193359375,490000,0.0,0.0
2010-12-17 00:00:00+09:00,490.9201564848987,493.18594182252133,476.5701826799555,478.8359680175781,334000,0.0,0.0
2010-12-20 00:00:00+09:00,478.83606182723946,478.83606182723946,468.26239484682725,469.7729187011719,367000,0.0,0.0
2010-12-21 00:00:00+09:00,465.24132314159067,478.83603712949434,462.9755374769401,476.57025146484375,337000,0.0,0.0
2010-12-22 00:00:00+09:00,474.30431280921846,480.3464059660238,465.99643471861117,467.5069580078125,280000,0.0,0.0
2010-12-24 00:00:00+09:00,459.9544677734375,465.9965625881953,459.19920592159275,459.9544677734375,328000,0.0,0.0
2010-12-27 00:00:00+09:00,456.9334901993271,465.99663380658643,456.9334901993271,462.9755859375,228000,0.0,0.0
2010-12-28 00:00:00+09:00,463.7307853935668,486.3886413574218,462.2202616626431,486.3886413574219,474000,0.0,0.0
2010-12-29 00:00:00+09:00,482.6123223781585,489.40967903137204,481.10179867744444,483.3675842285156,319000,0.0,0.0
2010-12-30 00:00:00+09:00,487.1438584007775,487.1438584007775,469.0175752974928,472.79388427734375,271000,0.0,0.0
2011-01-04 00:00:00+09:00,479.5912425928583,482.61228979029363,471.2833627999112,478.0807189941406,216000,0.0,0.0
2011-01-05 00:00:00+09:00,479.5913431619267,509.0465595136041,478.0808192464561,500.7386779785156,673000,0.0,0.0
2011-01-06 00:00:00+09:00,508.29120165430857,509.0464634695453,502.24910713241485,504.514892578125,331000,0.0,0.0
2011-01-07 00:00:00+09:00,502.24902629852295,509.0463815416608,500.73850291115895,507.5358581542969,247000,0.0,0.0
2011-01-11 00:00:00+09:00,509.04637923585784,518.8647812092498,503.7595474040314,511.3121643066406,294000,0.0,0.0
2011-01-12 00:00:00+09:00,515.0886525245949,523.396534016927,509.04655689380786,509.80181884765625,540000,0.0,0.0
2011-01-13 00:00:00+09:00,517.3543015880698,517.3543015880698,503.00432825934956,510.55694580078125,359000,0.0,0.0
2011-01-14 00:00:00+09:00,506.78070415858804,520.3754175339302,506.02544230440236,517.3543701171875,450000,0.0,0.0
2011-01-17 00:00:00+09:00,521.1305107504635,540.0120509950455,521.1305107504635,534.7252197265625,715000,0.0,0.0
2011-01-18 00:00:00+09:00,538.5017277898015,561.9148463893581,530.9491088867188,558.893798828125,649000,0.0,0.0
2011-01-19 00:00:00+09:00,562.6700762484936,573.9990039581949,550.585886691479,567.9569091796875,696000,0.0,0.0
2011-01-20 00:00:00+09:00,561.1594306191246,561.1594306191246,546.8094586382856,549.8305053710938,630000,0.0,0.0
2011-01-21 00:00:00+09:00,553.6069427621211,555.1174664804352,517.3543735225825,527.9280395507812,570000,0.0,0.0
2011-01-24 00:00:00+09:00,530.19378951085,532.4595749361101,506.78067344982964,526.41748046875,324000,0.0,0.0
2011-01-25 00:00:00+09:00,533.9701075400076,564.1805803852696,533.9701075400076,561.914794921875,567000,0.0,0.0
2011-01-26 00:00:00+09:00,552.85181640625,573.2438916015625,546.0544580078125,566.446533203125,382000,0.0,0.0
2011-01-27 00:00:00+09:00,566.4463727122759,570.222681863691,558.8937544094456,568.712158203125,337000,0.0,0.0
2011-01-28 00:00:00+09:00,569.467387263321,569.467387263321,559.648984034643,563.42529296875,228000,0.0,0.0
2011-01-31 00:00:00+09:00,541.5227878348592,567.2016926973212,541.5227878348592,558.1385498046875,247000,0.0,0.0
2011-02-01 00:00:00+09:00,546.8096287687059,596.6569153691681,546.8096287687059,589.8595581054688,884000,0.0,0.0
2011-02-02 00:00:00+09:00,600.4331238415776,601.1883856325733,589.1041969766422,592.125244140625,325000,0.0,0.0
2011-02-03 00:00:00+09:00,592.125330932305,595.1463785391024,586.0832357187101,590.6148071289062,197000,0.0,0.0
2011-02-04 00:00:00+09:00,603.45420403366,607.2305131953224,592.1252765486726,597.412109375,371000,0.0,0.0
2011-02-07 00:00:00+09:00,599.6779432200423,602.6989907929392,592.1253242877999,598.1674194335938,196000,0.0,0.0
2011-02-08 00:00:00+09:00,594.3909731527323,597.4120200302557,584.5725708007812,584.5725708007812,230000,0.0,0.0
2011-02-09 00:00:00+09:00,590.6146876508205,595.1462581443051,584.5725936595078,586.83837890625,184000,0.0,0.0
2011-02-10 00:00:00+09:00,587.5936229725174,595.9015019605607,571.7331267226166,595.146240234375,321000,0.0,0.0
2011-02-14 00:00:00+09:00,591.3700436536769,673.6935874062323,577.0200681371765,663.8751831054688,1938000,0.0,0.0
2011-02-15 00:00:00+09:00,666.1409751273491,670.6725463867188,651.0357375961166,670.6725463867188,918000,0.0,0.0
2011-02-16 00:00:00+09:00,668.4067575555099,720.5198267886514,665.3857100637335,688.798828125,1483000,0.0,0.0
2011-02-17 00:00:00+09:00,692.5750661169379,706.1697784289389,673.6935212391588,685.7777099609375,604000,0.0,0.0
2011-02-18 00:00:00+09:00,685.7777286048982,685.7777286048982,675.9593250015241,677.4698486328125,299000,0.0,0.0
2011-02-21 00:00:00+09:00,685.7777415684291,685.7777415684291,663.1198866707938,676.714599609375,344000,0.0,0.0
2011-02-22 00:00:00+09:00,676.7146315028901,676.7146315028901,649.5252043442919,653.301513671875,439000,0.0,0.0
2011-02-23 00:00:00+09:00,638.1963302041883,654.0568307181385,637.4410682749525,646.5042114257812,449000,0.0,0.0
2011-02-24 00:00:00+09:00,638.9516520081697,641.2174380081988,605.7201240077449,611.0069580078125,545000,0.0,0.0
2011-02-25 00:00:00+09:00,615.5384105436713,631.3989094656554,610.2515775696766,621.5805053710938,528000,0.0,0.0
2011-02-28 00:00:00+09:00,627.6226194884341,659.3436183073441,623.0910482285898,656.3225708007812,642000,0.0,0.0
2011-03-01 00:00:00+09:00,675.9593795226501,678.9804270288967,659.3436182382944,670.6725463867188,755000,0.0,0.0
2011-03-02 00:00:00+09:00,651.0356957495629,662.364623169799,645.7488629534528,648.0146484375,360000,0.0,0.0
2011-03-03 00:00:00+09:00,652.5462363939607,672.1830444335938,648.0146653078915,672.1830444335938,380000,0.0,0.0
2011-03-04 00:00:00+09:00,682.7565477804801,688.0433794557714,669.1618377583023,674.4486694335938,539000,0.0,0.0
2011-03-07 00:00:00+09:00,670.6726936550316,672.1832177398402,652.546404637328,658.5885009765625,278000,0.0,0.0
2011-03-08 00:00:00+09:00,657.0777644667514,660.8540734579398,648.0146228878997,649.525146484375,199000,0.0,0.0
2011-03-09 00:00:00+09:00,660.0988246575779,660.8540864706872,643.483064769172,648.7698974609375,183000,0.0,0.0
2011-03-10 00:00:00+09:00,644.9936727875645,648.7699823472107,613.2726724865367,622.3358154296875,359000,0.0,0.0
2011-03-11 00:00:00+09:00,604.2095431047885,614.7832101091224,598.1674476737406,607.2305908203125,435000,0.0,0.0
2011-03-14 00:00:00+09:00,512.8227683717687,533.9700990262746,493.94122314453125,493.94122314453125,738000,0.0,0.0
2011-03-15 00:00:00+09:00,418.4150695800781,425.9676881645561,418.4150695800781,418.4150695800781,299000,0.0,0.0
2011-03-16 00:00:00+09:00,430.4991523691472,464.4859275561852,423.7017973317396,450.1359558105469,1029000,0.0,0.0
2011-03-17 00:00:00+09:00,422.9466503112297,471.2834103467988,413.1282459290047,464.4860534667969,516000,0.0,0.0
2011-03-18 00:00:00+09:00,498.4728211912685,540.0122229572075,498.4728211912685,535.4806518554688,762000,0.0,0.0
2011-03-22 00:00:00+09:00,581.5518001980251,585.3281105889215,533.2150271945529,543.7886962890625,572000,0.0,0.0
2011-03-23 00:00:00+09:00,536.2359914331993,543.78861103085,523.3965381171931,530.9491577148438,309000,0.0,0.0
2011-03-24 00:00:00+09:00,528.6832225566008,536.235840021695,517.3542963589593,518.1095581054688,268000,0.0,0.0
2011-03-25 00:00:00+09:00,523.3964114972015,524.906935051306,503.0043435167911,506.025390625,259000,0.0,0.0
2011-03-28 00:00:00+09:00,498.47289210530965,503.0044638517216,492.43079644342714,500.7386779785156,272000,0.0,0.0
2011-03-29 00:00:00+09:00,489.3062659190029,510.6467261148473,485.4954694554593,503.78729248046875,248000,6.0,0.0
2011-03-30 00:00:00+09:00,499.21424440624423,519.7925415039062,497.68992610271374,519.7925415039062,348000,0.0,0.0
2011-03-31 00:00:00+09:00,533.5115650318287,533.5115650318287,511.4089430519387,514.4575805664062,341000,0.0,0.0
2011-04-01 00:00:00+09:00,509.12242490647424,513.6953808188078,501.50083171925155,504.5494689941406,255000,0.0,0.0
2011-04-04 00:00:00+09:00,506.07366207880966,509.12229859735675,486.25752470825387,487.0196838378906,316000,0.0,0.0
2011-04-05 00:00:00+09:00,479.39817059626347,479.39817059626347,461.1063485067399,464.9171447753906,358000,0.0,0.0
2011-04-06 00:00:00+09:00,462.6306630184776,471.7765739842465,458.8198667827406,463.392822265625,325000,0.0,0.0
2011-04-07 00:00:00+09:00,466.44142437925433,478.6359714218492,459.5819916677947,461.86846923828125,224000,0.0,0.0
2011-04-08 00:00:00+09:00,460.3441750733212,477.87383736915956,459.5820158430673,471.014404296875,317000,0.0,0.0
2011-04-11 00:00:00+09:00,471.01436003176167,489.3061798388204,471.01436003176167,477.11163330078125,273000,0.0,0.0
2011-04-12 00:00:00+09:00,472.5387818785919,474.0631005298132,464.155029296875,464.155029296875,200000,0.0,0.0
2011-04-13 00:00:00+09:00,461.1063433391292,471.7765727717702,461.1063433391292,468.7279357910156,114000,0.0,0.0
2011-04-14 00:00:00+09:00,464.91715012082625,480.16033537068944,464.1549908583331,478.6360168457031,133000,0.0,0.0
2011-04-15 00:00:00+09:00,481.6846335204288,483.9711112111903,468.72792660611344,471.014404296875,219000,0.0,0.0
2011-04-18 00:00:00+09:00,468.7279357910156,471.01441352658156,464.91713956507243,468.7279357910156,106000,0.0,0.0
2011-04-19 00:00:00+09:00,464.91716593358103,467.96580308724384,464.1550066451653,467.2036437988281,69000,0.0,0.0
2011-04-20 00:00:00+09:00,471.0143256554237,480.92239399445367,469.49000744941907,475.5872802734375,218000,0.0,0.0
2011-04-21 00:00:00+09:00,480.1603191744897,480.1603191744897,469.49008985950104,472.5387268066406,173000,0.0,0.0
2011-04-22 00:00:00+09:00,473.3008259575697,511.4087829589844,473.3008259575697,511.4087829589844,515000,0.0,0.0
2011-04-25 00:00:00+09:00,514.4575130508607,514.4575130508607,499.9764867575772,506.0737609863281,293000,0.0,0.0
2011-04-26 00:00:00+09:00,502.2629171288031,508.3601907813531,499.9764395090969,505.3115539550781,139000,0.0,0.0
2011-04-27 00:00:00+09:00,509.1223991842831,521.316947667739,504.5494435029871,518.268310546875,311000,0.0,0.0
2011-04-28 00:00:00+09:00,518.2682527063963,554.8518940739067,514.457456730614,553.3275756835938,744000,0.0,0.0
2011-05-02 00:00:00+09:00,555.614098509042,561.7113725667544,541.1330726219751,547.2303466796875,334000,0.0,0.0
2011-05-06 00:00:00+09:00,531.9870259827671,556.3761159991691,531.2248669197546,551.8031616210938,265000,0.0,0.0
2011-05-09 00:00:00+09:00,551.8032912234042,551.8032912234042,531.2249916888298,537.322265625,197000,0.0,0.0
2011-05-10 00:00:00+09:00,529.7006200260146,559.4248274807119,529.7006200260146,551.0410766601562,311000,0.0,0.0
2011-05-11 00:00:00+09:00,557.1384511462452,570.8573186163305,555.614132538458,566.2843627929688,315000,0.0,0.0
2011-05-12 00:00:00+09:00,570.8572550563233,579.2410064656951,564.7599813040528,576.9545288085938,315000,0.0,0.0
2011-05-13 00:00:00+09:00,577.7166849228149,593.7220284365077,555.6140676896202,570.0950927734375,611000,0.0,0.0
2011-05-16 00:00:00+09:00,547.2303253387238,564.7599875710227,544.94384765625,544.94384765625,387000,0.0,0.0
2011-05-17 00:00:00+09:00,541.8951363341449,560.186955282133,541.8951363341449,556.3761596679688,343000,0.0,0.0
2011-05-18 00:00:00+09:00,558.6627026655542,585.3382750984251,558.6627026655542,580.7653198242188,401000,0.0,0.0
2011-05-19 00:00:00+09:00,583.0518912005898,584.5762098703952,575.4302978515625,575.4302978515625,175000,0.0,0.0
2011-05-20 00:00:00+09:00,575.4301722631378,583.0517639487423,568.5707397460938,568.5707397460938,273000,0.0,0.0
2011-05-23 00:00:00+09:00,554.0897381218113,563.9978077168367,547.2303053252551,560.18701171875,240000,0.0,0.0
2011-05-24 00:00:00+09:00,560.9492531546409,567.0465276454523,555.614137975181,562.4735717773438,191000,0.0,0.0
2011-05-25 00:00:00+09:00,563.2355652689283,567.8085197907328,557.1382925731889,557.9004516601562,197000,0.0,0.0
2011-05-26 00:00:00+09:00,564.7600802717537,575.4303112080622,562.4736022139734,574.6681518554688,177000,0.0,0.0
2011-05-27 00:00:00+09:00,574.6680461252768,592.9598672221026,570.8572500634381,580.7653198242188,243000,0.0,0.0
2011-05-30 00:00:00+09:00,581.5275110867458,595.2463776654633,576.9545555605067,592.9598999023438,235000,0.0,0.0
2011-05-31 00:00:00+09:00,601.3436648622609,627.257080078125,596.7707092359318,627.257080078125,963000,0.0,0.0
2011-06-01 00:00:00+09:00,620.3976784500421,631.0679087919348,609.7274481081495,621.9219970703125,344000,0.0,0.0
2011-06-02 00:00:00+09:00,610.4894851742296,615.062440119355,599.0570978114164,604.3922119140625,331000,0.0,0.0
2011-06-03 00:00:00+09:00,605.1543636592743,607.4408411038307,586.8625441028227,590.67333984375,167000,0.0,0.0
2011-06-06 00:00:00+09:00,590.6734436357241,590.6734436357241,571.6194615829588,577.7167358398438,139000,0.0,0.0
2011-06-07 00:00:00+09:00,577.716789109713,609.7274819099873,577.716789109713,599.0572509765625,217000,0.0,0.0
2011-06-08 00:00:00+09:00,592.1977010768446,599.8192931112957,589.9112234665093,595.246337890625,91000,0.0,0.0
2011-06-09 00:00:00+09:00,600.5814456176757,615.0624703216553,592.1976944732666,609.7273559570312,221000,0.0,0.0
2011-06-10 00:00:00+09:00,618.8732797099891,618.8732797099891,604.3922546921445,608.9652099609375,203000,0.0,0.0
2011-06-13 00:00:00+09:00,597.5329189664072,602.8680343143216,597.5329189664072,599.8193969726562,55000,0.0,0.0
2011-06-14 00:00:00+09:00,605.1544430261806,614.3003540039062,602.8679652817492,614.3003540039062,141000,0.0,0.0
2011-06-15 00:00:00+09:00,621.9219464853443,624.2084242297757,612.7760355076186,614.3003540039062,155000,0.0,0.0
2011-06-16 00:00:00+09:00,612.7760162933697,612.7760162933697,601.3436279296875,601.3436279296875,84000,0.0,0.0
2011-06-17 00:00:00+09:00,603.6300502232143,603.6300502232143,580.0031164392249,586.862548828125,218000,0.0,0.0
2011-06-20 00:00:00+09:00,594.4842948622376,605.9166851480499,592.1978168050751,599.0572509765625,148000,0.0,0.0
2011-06-21 00:00:00+09:00,599.0570978114164,604.3922119140625,593.7219837087702,604.3922119140625,96000,0.0,0.0
2011-06-22 00:00:00+09:00,607.4407356911317,621.159597977757,603.6299406115136,618.1109619140625,224000,0.0,0.0
2011-06-23 00:00:00+09:00,617.3490412095014,627.2571122412588,612.013926038555,621.9219970703125,172000,0.0,0.0
2011-06-24 00:00:00+09:00,621.9219520346633,628.0192260742188,612.0138817203855,628.0192260742188,182000,0.0,0.0
2011-06-27 00:00:00+09:00,624.2083429886122,634.1164119249395,622.6840246907158,629.54345703125,157000,0.0,0.0
2011-06-28 00:00:00+09:00,636.402972581447,636.402972581447,624.970583852439,631.8300170898438,159000,0.0,0.0
2011-06-29 00:00:00+09:00,632.5921949755088,637.9273098728927,627.257080078125,627.257080078125,85000,0.0,0.0
2011-06-30 00:00:00+09:00,622.6841738404346,638.6895198020615,621.9220145089286,634.8787231445312,187000,0.0,0.0
2011-07-01 00:00:00+09:00,639.4516925811768,640.2138519287109,632.5922584533691,634.1165771484375,150000,0.0,0.0
2011-07-04 00:00:00+09:00,637.1650447401889,640.2136813178932,621.1597027072416,622.6840209960938,155000,0.0,0.0
2011-07-05 00:00:00+09:00,621.1598377601773,628.7814308615292,612.7760853486902,621.9219970703125,145000,0.0,0.0
2011-07-06 00:00:00+09:00,619.6354691122352,631.8300170898438,619.6354691122352,631.8300170898438,101000,0.0,0.0
2011-07-07 00:00:00+09:00,625.7327958540483,633.3543889825994,624.9706365411931,628.7814331054688,87000,0.0,0.0
2011-07-08 00:00:00+09:00,629.5435231960357,635.6407970284429,622.6840901345777,625.7327270507812,115000,0.0,0.0
2011-07-11 00:00:00+09:00,624.9705021375605,630.3056161801983,624.9705021375605,629.54345703125,91000,0.0,0.0
2011-07-12 00:00:00+09:00,620.3976784500421,628.019271551394,618.8733598297717,621.9219970703125,120000,0.0,0.0
2011-07-13 00:00:00+09:00,615.0625654740767,629.5435924183239,614.3004061612215,628.7814331054688,76000,0.0,0.0
2011-07-14 00:00:00+09:00,628.7812412284806,639.4514683523578,622.683968586265,636.40283203125,143000,0.0,0.0
2011-07-15 00:00:00+09:00,639.4515628299198,651.6461099160684,637.9272444441513,648.5974731445312,390000,0.0,0.0
2011-07-19 00:00:00+09:00,649.3597247377811,662.3164328604834,648.5975654364457,660.7921142578125,255000,0.0,0.0
2011-07-20 00:00:00+09:00,667.6514729442684,670.7001098070276,660.7920400030602,661.55419921875,164000,0.0,0.0
2011-07-21 00:00:00+09:00,655.4568612894718,660.0298161356774,650.1217473022319,654.6947021484375,117000,0.0,0.0
2011-07-22 00:00:00+09:00,655.456988939915,655.456988939915,650.12187391366,650.884033203125,79000,0.0,0.0
2011-07-25 00:00:00+09:00,650.8839064432661,659.2676569946432,648.5974290201633,654.6947021484375,70000,0.0,0.0
2011-07-26 00:00:00+09:00,655.4569991484645,662.3164328604834,655.4569991484645,660.7921142578125,70000,0.0,0.0
2011-07-27 00:00:00+09:00,663.8407761760961,664.6029355058046,652.4083862304688,652.4083862304688,94000,0.0,0.0
2011-07-28 00:00:00+09:00,647.0731996149356,653.9326328264013,634.8786516834409,642.500244140625,153000,0.0,0.0
2011-07-29 00:00:00+09:00,645.5489187596363,646.3110780497893,632.5922108270344,633.3543701171875,99000,0.0,0.0
2011-08-01 00:00:00+09:00,626.4948565508869,653.9325874947214,618.1111054291597,648.5974731445312,119000,0.0,0.0
2011-08-02 00:00:00+09:00,650.1218284270476,650.1218284270476,634.8786437042564,639.4515991210938,73000,0.0,0.0
2011-08-03 00:00:00+09:00,628.0191934415609,628.0191934415609,611.2516907040435,615.8246459960938,136000,0.0,0.0
2011-08-04 00:00:00+09:00,615.8246147670628,622.6840473572901,611.2516597069114,621.1597290039062,140000,0.0,0.0
2011-08-05 00:00:00+09:00,605.9165085418315,621.9218502768987,591.4354850672469,602.105712890625,338000,0.0,0.0
2011-08-08 00:00:00+09:00,624.9707060383727,646.3111691713902,610.489677483825,638.6895751953125,538000,0.0,0.0
2011-08-09 00:00:00+09:00,615.8246356451024,653.9325957716558,611.251680429916,651.6461181640625,553000,0.0,0.0
2011-08-10 00:00:00+09:00,663.0785176501296,666.1271545128889,651.6461294147825,661.55419921875,293000,0.0,0.0
2011-08-11 00:00:00+09:00,642.5003447226428,664.6029663085938,637.1652291674133,664.6029663085938,216000,0.0,0.0
2011-08-12 00:00:00+09:00,665.3650597029604,665.3650597029604,649.3597146241949,650.884033203125,167000,0.0,0.0
2011-08-15 00:00:00+09:00,662.3163746176245,668.413648492125,651.6461453372485,667.6514892578125,137000,0.0,0.0
2011-08-16 00:00:00+09:00,668.4137141080511,688.9920154545931,668.4137141080511,681.3704223632812,297000,0.0,0.0
2011-08-17 00:00:00+09:00,682.1324809232816,686.7054361026555,672.9865705645336,683.6567993164062,152000,0.0,0.0
2011-08-18 00:00:00+09:00,689.7539584060441,689.7539584060441,660.791913743691,665.3648681640625,210000,0.0,0.0
2011-08-19 00:00:00+09:00,655.4569295247396,655.4569295247396,635.640789794922,640.2137451171875,178000,0.0,0.0
2011-08-22 00:00:00+09:00,632.5920732606132,637.9271871314859,602.8678674086085,605.91650390625,272000,0.0,0.0
2011-08-23 00:00:00+09:00,601.3436115181859,602.867929925076,573.143720990717,595.246337890625,400000,0.0,0.0
2011-08-24 00:00:00+09:00,606.6787855711625,615.8246969114314,586.8626443339135,588.386962890625,239000,0.0,0.0
2011-08-25 00:00:00+09:00,595.2462807184532,615.8245772349684,592.9598033277294,602.105712890625,152000,0.0,0.0
2011-08-26 00:00:00+09:00,599.0571870490963,627.257080078125,596.008549964877,627.257080078125,138000,0.0,0.0
2011-08-29 00:00:00+09:00,625.7327958540483,644.7867786754261,621.1598399769176,628.7814331054688,154000,0.0,0.0
2011-08-30 00:00:00+09:00,647.0731771158112,669.9379536923416,647.0731771158112,668.4136352539062,350000,0.0,0.0
2011-08-31 00:00:00+09:00,653.170383866369,657.7433387125745,640.2136784687864,654.6947021484375,150000,0.0,0.0
2011-09-01 00:00:00+09:00,658.50559396777,660.7920717246026,653.1704792018274,656.2191162109375,125000,0.0,0.0
2011-09-02 00:00:00+09:00,647.0731367825628,653.9325693279609,645.548818439141,653.17041015625,81000,0.0,0.0
2011-09-05 00:00:00+09:00,641.7380635579427,644.0245412190756,634.8786305745443,640.2137451171875,81000,0.0,0.0
2011-09-06 00:00:00+09:00,638.6893503369383,640.213668595499,608.202985165724,612.7759399414062,138000,0.0,0.0
2011-09-07 00:00:00+09:00,618.1111185934858,642.5002132852139,613.5381633387867,619.6354370117188,125000,0.0,0.0
2011-09-08 00:00:00+09:00,650.1217997590004,655.4569141767179,647.8353221514072,651.6461181640625,152000,0.0,0.0
2011-09-09 00:00:00+09:00,656.981201171875,666.127111164987,646.3109728465778,656.981201171875,232000,0.0,0.0
2011-09-12 00:00:00+09:00,635.6406729509731,647.8352182354042,625.7326049073728,636.40283203125,165000,0.0,0.0
2011-09-13 00:00:00+09:00,640.975915369926,653.9326223393538,634.87864150196,650.121826171875,69000,0.0,0.0
2011-09-14 00:00:00+09:00,644.7867137740707,653.9326246077454,624.9705736344421,639.4515991210938,123000,0.0,0.0
2011-09-15 00:00:00+09:00,639.4515858968099,644.7867004394532,634.1164713541667,640.2137451171875,121000,0.0,0.0
2011-09-16 00:00:00+09:00,651.6461294147825,663.8406768658194,648.5974925520234,661.55419921875,163000,0.0,0.0
2011-09-20 00:00:00+09:00,661.5541344177459,661.5541344177459,651.6460655843005,654.6947021484375,83000,0.0,0.0
2011-09-21 00:00:00+09:00,660.0298114352756,660.0298114352756,654.6946974860297,658.5054931640625,62000,0.0,0.0
2011-09-22 00:00:00+09:00,647.073178100586,651.6461334228516,637.165108235677,640.2137451171875,109000,0.0,0.0
2011-09-26 00:00:00+09:00,640.2138379272004,645.5489532432604,610.4896240234375,610.4896240234375,179000,0.0,0.0
2011-09-27 00:00:00+09:00,620.3976806640625,635.6408669211647,619.6355213512073,628.7814331054688,105000,0.0,0.0
2011-09-28 00:00:00+09:00,638.7742272732526,661.065987310466,638.7742272732526,649.5357666015625,124000,7.0,0.0
2011-09-29 00:00:00+09:00,653.379195257528,697.962716816277,646.46106260186,696.4253540039062,458000,0.0,0.0
2011-09-30 00:00:00+09:00,691.8132463027802,696.4253346114654,671.0588489136967,689.5072021484375,302000,0.0,0.0
2011-10-03 00:00:00+09:00,682.5890734490021,684.8951176160595,654.9165434443128,678.7456665039062,208000,0.0,0.0
2011-10-04 00:00:00+09:00,667.2155331043715,684.1265258789062,654.9166292683461,684.1265258789062,204000,0.0,0.0
2011-10-05 00:00:00+09:00,695.6566465885268,697.1940093434185,667.9841170004748,670.2901611328125,169000,0.0,0.0
2011-10-06 00:00:00+09:00,677.2083075801029,677.2083075801029,666.446768072587,667.984130859375,110000,0.0,0.0
2011-10-07 00:00:00+09:00,679.5144322456334,690.2759730278041,677.2083877923111,684.8952026367188,134000,0.0,0.0
2011-10-11 00:00:00+09:00,691.8132701894855,700.2687657140236,689.5072259555205,695.6566772460938,169000,0.0,0.0
2011-10-12 00:00:00+09:00,684.1263809630325,694.1192382130542,676.4395676937849,687.9697875976562,106000,0.0,0.0
2011-10-13 00:00:00+09:00,685.6637558660409,685.6637558660409,671.058810393558,675.6708984375,139000,0.0,0.0
2011-10-14 00:00:00+09:00,665.6779875578704,674.9021629050926,664.140625,664.140625,98000,0.0,0.0
2011-10-17 00:00:00+09:00,682.5890305034129,682.5890305034129,670.290129052901,675.6708984375,57000,0.0,0.0
2011-10-18 00:00:00+09:00,669.5215921991204,674.1336812383796,667.2155476794909,671.82763671875,53000,0.0,0.0
2011-10-19 00:00:00+09:00,680.2830292819446,680.2830292819446,663.3720387235234,678.7456665039062,87000,0.0,0.0
2011-10-20 00:00:00+09:00,676.4395889751995,681.8203584329568,668.7527754641177,674.133544921875,74000,0.0,0.0
2011-10-21 00:00:00+09:00,674.9021833666684,680.282952482348,669.5214142509889,671.0587768554688,62000,0.0,0.0
2011-10-24 00:00:00+09:00,668.752766587595,679.514305360269,638.774194292289,644.9236450195312,266000,0.0,0.0
2011-10-25 00:00:00+09:00,653.3791224161785,653.3791224161785,624.1692322375728,627.2439575195312,199000,0.0,0.0
2011-10-26 00:00:00+09:00,624.937855388057,645.6922491094316,623.4004928901774,637.2367553710938,205000,0.0,0.0
2011-10-27 00:00:00+09:00,633.3934802827381,646.4610642206102,631.8561174665178,645.6923828125,115000,0.0,0.0
2011-10-28 00:00:00+09:00,661.0659045351749,661.0659045351749,640.3115098579078,642.6175537109375,95000,0.0,0.0
2011-10-31 00:00:00+09:00,642.617574603167,642.617574603167,627.2439484164884,628.7813110351562,124000,0.0,0.0
2011-11-01 00:00:00+09:00,626.475322335293,631.8560919749825,619.5571899414062,619.5571899414062,97000,0.0,0.0
2011-11-02 00:00:00+09:00,608.7957203584558,611.1017647537531,584.966594940385,588.0413208007812,245000,0.0,0.0
2011-11-04 00:00:00+09:00,590.3473746723461,595.7281450144117,585.7352858077184,586.5039672851562,275000,0.0,0.0
2011-11-07 00:00:00+09:00,581.1230604924054,582.6604230863006,562.6747093656624,578.8170166015625,188000,0.0,0.0
2011-11-08 00:00:00+09:00,580.3543521041769,588.0411647148283,579.5856708431118,583.4290771484375,138000,0.0,0.0
2011-11-09 00:00:00+09:00,571.8990669869088,597.2655578613281,561.9062069454709,568.8243408203125,194000,0.0,0.0
2011-11-10 00:00:00+09:00,543.4576733398437,545.7637172154017,531.1587726702008,538.076904296875,209000,0.0,0.0
2011-11-11 00:00:00+09:00,526.5467582713583,545.7637932447656,526.5467582713583,535.7709350585938,158000,0.0,0.0
2011-11-14 00:00:00+09:00,551.9133068675726,559.6001217264525,544.2264920086927,545.7638549804688,193000,0.0,0.0
2011-11-15 00:00:00+09:00,549.6070870437192,555.7565369686838,544.226318359375,544.226318359375,97000,0.0,0.0
2011-11-16 00:00:00+09:00,544.2263823847262,544.2263823847262,531.1587997568444,533.46484375,114000,0.0,0.0
2011-11-17 00:00:00+09:00,525.7780056347519,548.0697631835938,525.0093243399642,548.0697631835938,119000,0.0,0.0
2011-11-18 00:00:00+09:00,545.7637403748876,546.5324216993592,527.3153885875674,534.2335205078125,50000,0.0,0.0
2011-11-21 00:00:00+09:00,535.002224020762,564.9807969184772,532.696179951707,561.1373901367188,197000,0.0,0.0
2011-11-22 00:00:00+09:00,559.6000930498232,571.8989961937752,553.4506414778471,570.3616333007812,162000,0.0,0.0
2011-11-24 00:00:00+09:00,566.518168941959,567.2868503109439,555.7566297761687,559.6000366210938,103000,0.0,0.0
2011-11-25 00:00:00+09:00,559.6001646752451,559.6001646752451,548.838623046875,548.838623046875,32000,0.0,0.0
2011-11-28 00:00:00+09:00,544.226426522943,554.9879660304589,535.7709311956091,546.532470703125,184000,0.0,0.0
2011-11-29 00:00:00+09:00,549.6071016615715,584.1977584095026,549.6071016615715,583.4290771484375,130000,0.0,0.0
2011-11-30 00:00:00+09:00,580.3544968825121,603.4149404672477,577.279771071214,599.571533203125,239000,0.0,0.0
2011-12-01 00:00:00+09:00,612.6388052599236,612.6388052599236,588.0410113222605,588.8096923828125,81000,0.0,0.0
2011-12-02 00:00:00+09:00,584.9665170654921,606.4895952229609,584.1978357027253,601.1088256835938,86000,0.0,0.0
2011-12-05 00:00:00+09:00,612.6390079792448,629.5499969071536,612.6390079792448,628.0126342773438,155000,0.0,0.0
2011-12-06 00:00:00+09:00,628.0126206560833,631.0873458490139,618.7884450772914,630.3186645507812,193000,0.0,0.0
2011-12-07 00:00:00+09:00,630.3187012320082,644.9236467483596,621.0945251164178,624.1692504882812,259000,0.0,0.0
2011-12-08 00:00:00+09:00,627.2440515225821,634.9308658794765,625.7066886512033,631.8561401367188,110000,0.0,0.0
2011-12-09 00:00:00+09:00,627.2439280240729,643.3862349952807,621.8631590336704,642.6175537109375,220000,0.0,0.0
2011-12-12 00:00:00+09:00,641.8488879913979,654.1477888391373,638.774162779463,650.3043823242188,169000,0.0,0.0
2011-12-13 00:00:00+09:00,647.9984130859375,650.3044572606206,644.9236875196934,647.9984130859375,121000,0.0,0.0
2011-12-14 00:00:00+09:00,645.6924057478369,650.3044943603214,614.9451483312732,621.86328125,164000,0.0,0.0
2011-12-15 00:00:00+09:00,614.9450186883478,631.8560067022773,614.9450186883478,623.4005126953125,214000,0.0,0.0
2011-12-16 00:00:00+09:00,621.8631501485917,625.7065565153938,619.5571063285104,623.4005126953125,94000,0.0,0.0
2011-12-19 00:00:00+09:00,619.557097375173,626.4752287354416,619.557097375173,624.9378662109375,106000,0.0,0.0
2011-12-20 00:00:00+09:00,630.3187494692595,640.3116076925527,624.9379796567171,636.4682006835938,108000,0.0,0.0
2011-12-21 00:00:00+09:00,647.9983364439526,650.3043803458884,634.162073032338,640.3115234375,131000,0.0,0.0
2011-12-22 00:00:00+09:00,632.6247038939983,636.4681103575099,622.6318470888684,631.0873413085938,157000,0.0,0.0
2011-12-26 00:00:00+09:00,642.6175582428892,642.6175582428892,637.2367892145397,641.848876953125,63000,0.0,0.0
2011-12-27 00:00:00+09:00,641.0802368459632,641.0802368459632,633.3934234545249,634.9307861328125,82000,0.0,0.0
2011-12-28 00:00:00+09:00,627.2440747364458,641.0803410909263,627.2440747364458,638.005615234375,62000,0.0,0.0
2011-12-29 00:00:00+09:00,628.0127562005836,638.7742966985128,628.0127562005836,638.005615234375,72000,0.0,0.0
2011-12-30 00:00:00+09:00,643.3862927964154,653.379150390625,636.4681606158089,653.379150390625,114000,0.0,0.0
2012-01-04 00:00:00+09:00,657.2225721492324,662.6033417457758,653.3791652945586,661.0659790039062,130000,0.0,0.0
2012-01-05 00:00:00+09:00,652.6104782392395,654.9165223319576,649.5357527822819,651.841796875,85000,0.0,0.0
2012-01-06 00:00:00+09:00,641.8488499554102,650.3043437871581,641.8488499554102,646.4609375,120000,0.0,0.0
2012-01-10 00:00:00+09:00,641.8488428647325,644.154886611552,630.3186241306356,637.2367553710938,107000,0.0,0.0
2012-01-11 00:00:00+09:00,638.0055634871774,638.0055634871774,632.6247936746348,636.4682006835938,36000,0.0,0.0
2012-01-12 00:00:00+09:00,636.4680966867984,650.3043596582505,622.6318337153463,633.3933715820312,146000,0.0,0.0
2012-01-13 00:00:00+09:00,633.3934621223341,648.76708984375,633.3934621223341,648.76708984375,63000,0.0,0.0
2012-01-16 00:00:00+09:00,644.923599728426,653.3790938845793,642.6175558676568,652.6104125976562,58000,0.0,0.0
2012-01-17 00:00:00+09:00,652.6105206986549,656.4539277699073,647.2297507989015,654.9165649414062,41000,0.0,0.0
2012-01-18 00:00:00+09:00,653.379197472844,672.5962326926335,647.998427611303,655.6852416992188,86000,0.0,0.0
2012-01-19 00:00:00+09:00,656.4538862026805,664.9093812240264,655.6852048371035,661.8346557617188,113000,0.0,0.0
2012-01-20 00:00:00+09:00,671.82763671875,674.9023627449228,669.5215921991204,671.82763671875,102000,0.0,0.0
2012-01-23 00:00:00+09:00,676.4394784188486,683.3576094481323,672.5960722914688,682.5889282226562,97000,0.0,0.0
2012-01-24 00:00:00+09:00,681.8203034374121,684.8950285938379,680.2829408591992,683.357666015625,147000,0.0,0.0
2012-01-25 00:00:00+09:00,682.5889602190597,697.9625854492188,682.5889602190597,697.9625854492188,150000,0.0,0.0
2012-01-26 00:00:00+09:00,695.6567148061899,703.3435293344352,691.8133075420674,699.5001220703125,105000,0.0,0.0
2012-01-27 00:00:00+09:00,694.1192951202393,699.5000648498535,685.6637998308454,688.738525390625,120000,0.0,0.0
2012-01-30 00:00:00+09:00,689.5073194609985,695.6567715855113,686.432593398742,690.2760009765625,111000,0.0,0.0
2012-01-31 00:00:00+09:00,690.2759831398046,691.0446646355059,673.364990234375,673.364990234375,71000,0.0,0.0
2012-02-01 00:00:00+09:00,676.439581216718,694.1192520894277,676.439581216718,685.6637573242188,144000,0.0,0.0
2012-02-02 00:00:00+09:00,685.6637436168819,694.1192382130542,681.0516556553334,687.9697875976562,130000,0.0,0.0
2012-02-03 00:00:00+09:00,687.9699285744819,687.9699285744819,684.8952026367188,684.8952026367188,79000,0.0,0.0
2012-02-06 00:00:00+09:00,687.2012749143062,691.8133640076908,686.432593398742,690.2760009765625,83000,0.0,0.0
2012-02-07 00:00:00+09:00,681.051667621268,707.1868331958991,681.051667621268,706.4181518554688,140000,0.0,0.0
2012-02-08 00:00:00+09:00,707.186913960135,733.3220825195312,707.186913960135,733.3220825195312,259000,0.0,0.0
2012-02-09 00:00:00+09:00,730.2473428979314,735.6281127929688,726.4039358300475,735.6281127929688,147000,0.0,0.0
2012-02-10 00:00:00+09:00,733.3220333614865,733.3220333614865,711.0302734375,711.0302734375,149000,0.0,0.0
2012-02-13 00:00:00+09:00,711.0302193992092,753.307691904027,711.0302193992092,751.0016479492188,491000,0.0,0.0
2012-02-14 00:00:00+09:00,747.1584007869704,751.7704896807172,727.1726822474013,734.8594970703125,355000,0.0,0.0
2012-02-15 00:00:00+09:00,739.4714292506168,739.4714292506168,727.9412094598067,730.2472534179688,159000,0.0,0.0
2012-02-16 00:00:00+09:00,718.7171957115312,733.3221440735837,713.3364252623539,723.3292846679688,210000,0.0,0.0
2012-02-17 00:00:00+09:00,732.5534017134686,756.3825260084502,732.5534017134686,753.3078002929688,302000,0.0,0.0
2012-02-20 00:00:00+09:00,758.688664434406,761.7633905314045,754.0765752889081,757.9199829101562,214000,0.0,0.0
2012-02-21 00:00:00+09:00,747.9269226761411,760.9945050867211,744.8521974030634,751.0016479492188,228000,0.0,0.0
2012-02-22 00:00:00+09:00,751.0017153193613,770.21875,750.2330339321358,770.21875,311000,0.0,0.0
2012-02-23 00:00:00+09:00,768.6815043151795,772.5249118367553,761.7633707763429,770.987548828125,121000,0.0,0.0
2012-02-24 00:00:00+09:00,760.9944931906156,764.0692184156281,741.0087792280337,763.300537109375,193000,0.0,0.0
2012-02-27 00:00:00+09:00,767.9126618516021,770.2187058811866,751.0016723013166,757.151123046875,126000,0.0,0.0
2012-02-28 00:00:00+09:00,754.0764630945717,762.5319586032774,741.0088791265721,756.3825073242188,187000,0.0,0.0
2012-02-29 00:00:00+09:00,760.2258469695417,760.2258469695417,744.083538793242,747.1582641601562,133000,0.0,0.0
2012-03-01 00:00:00+09:00,750.2329741099272,752.5390180877242,732.5533036134843,739.471435546875,155000,0.0,0.0
2012-03-02 00:00:00+09:00,736.3966921219915,747.9269117272419,735.6280108149748,742.546142578125,117000,0.0,0.0
2012-03-05 00:00:00+09:00,743.3149602295923,756.3825448458313,743.3149602295923,750.2330932617188,118000,0.0,0.0
2012-03-06 00:00:00+09:00,749.4643312945361,756.3824635834087,735.6280667167908,743.3148803710938,217000,0.0,0.0
2012-03-07 00:00:00+09:00,730.247168447457,747.926836736185,727.941124757623,744.8521118164062,228000,0.0,0.0
2012-03-08 00:00:00+09:00,744.8522201349706,754.0763962357133,744.8522201349706,747.1582641601562,76000,0.0,0.0
2012-03-09 00:00:00+09:00,755.6139383374074,763.3007535799038,751.7705307161591,757.9199829101562,157000,0.0,0.0
2012-03-12 00:00:00+09:00,760.9945724996445,770.9874305223672,758.6885283405547,760.2258911132812,126000,0.0,0.0
2012-03-13 00:00:00+09:00,763.3005645659194,768.6813339032421,757.1511138946935,758.6884765625,109000,0.0,0.0
2012-03-14 00:00:00+09:00,768.6813863632773,769.4500677496407,760.2258911132812,760.2258911132812,97000,0.0,0.0
2012-03-15 00:00:00+09:00,755.6138451881484,780.2116509318114,755.6138451881484,773.2935180664062,153000,0.0,0.0
2012-03-16 00:00:00+09:00,768.6814252068015,788.6671422621783,766.3753809311811,784.0550537109375,179000,0.0,0.0
2012-03-19 00:00:00+09:00,787.129779767667,794.0479125976562,781.7490097887865,794.0479125976562,170000,0.0,0.0
2012-03-21 00:00:00+09:00,793.2792026452852,793.2792026452852,785.5923886661642,788.6671142578125,136000,0.0,0.0
2012-03-22 00:00:00+09:00,780.2115847029776,788.6670797096109,773.2934524248232,774.0621337890625,150000,0.0,0.0
2012-03-23 00:00:00+09:00,773.2934419563018,773.2934419563018,765.6066284179688,765.6066284179688,65000,0.0,0.0
2012-03-26 00:00:00+09:00,775.5994781282842,780.2115662043692,770.9873900521993,777.1368408203125,126000,0.0,0.0
2012-03-27 00:00:00+09:00,777.9054766887549,790.9730588070443,774.0620701833757,784.8236083984375,123000,0.0,0.0
2012-03-28 00:00:00+09:00,791.7895407367421,800.3034067661695,789.467577274171,799.5294189453125,121000,7.0,0.0
2012-03-29 00:00:00+09:00,787.145563120017,794.1114530591321,783.275624264953,791.7894897460938,88000,0.0,0.0
2012-03-30 00:00:00+09:00,793.3375748344089,805.7213808806046,789.4676354449728,801.0774536132812,121000,0.0,0.0
2012-04-02 00:00:00+09:00,804.9474657012196,809.5913933879574,792.5636585365854,793.337646484375,99000,0.0,0.0
2012-04-03 00:00:00+09:00,795.6595643719862,795.6595643719862,773.9879030855898,782.5017700195312,90000,0.0,0.0
2012-04-04 00:00:00+09:00,781.7277930809424,791.0156480482408,767.0220227160535,774.7619018554688,124000,0.0,0.0
2012-04-05 00:00:00+09:00,760.0560860522734,764.7000132582954,743.8023408311963,763.926025390625,212000,0.0,0.0
2012-04-06 00:00:00+09:00,752.3162471731085,752.3162471731085,735.2885131835938,735.2885131835938,142000,0.0,0.0
2012-04-09 00:00:00+09:00,730.6445857319079,739.1584527266652,729.8705978232936,735.2885131835938,105000,0.0,0.0
2012-04-10 00:00:00+09:00,743.0284136680989,749.220317115333,719.0347878100665,720.582763671875,174000,0.0,0.0
2012-04-11 00:00:00+09:00,700.459123208945,731.4186424667989,700.459123208945,729.8706665039062,115000,0.0,0.0
2012-04-12 00:00:00+09:00,731.4185482079978,756.96014830415,727.5486087994899,753.8641967773438,141000,0.0,0.0
2012-04-13 00:00:00+09:00,745.3504039740612,751.5423076415508,739.9324882650078,744.576416015625,178000,0.0,0.0
2012-04-16 00:00:00+09:00,736.062405702998,743.0282959777899,713.6167592620023,714.3907470703125,145000,0.0,0.0
2012-04-17 00:00:00+09:00,715.1647500193592,722.1306404416256,702.0069569995225,702.7809448242188,128000,0.0,0.0
2012-04-18 00:00:00+09:00,723.6787790682395,723.6787790682395,712.0689590831876,719.0348510742188,101000,0.0,0.0
2012-04-19 00:00:00+09:00,719.0347258604647,726.0006166384455,714.3907986751442,721.356689453125,78000,0.0,0.0
2012-04-20 00:00:00+09:00,722.1306342022235,756.9600860126202,722.1306342022235,754.6381225585938,259000,0.0,0.0
2012-04-23 00:00:00+09:00,755.4122078606024,756.9601836963823,726.0006669807839,729.0966186523438,152000,0.0,0.0
2012-04-24 00:00:00+09:00,728.3226230890658,753.8642241113179,728.3226230890658,734.5145263671875,271000,0.0,0.0
2012-04-25 00:00:00+09:00,743.0282916771993,767.7959013997726,743.0282916771993,765.4739379882812,208000,0.0,0.0
2012-04-26 00:00:00+09:00,777.0837641501913,781.727691027583,752.3161541374362,758.508056640625,132000,0.0,0.0
2012-04-27 00:00:00+09:00,759.2820658599248,773.2138468848776,738.3843943224957,742.2543334960938,148000,0.0,0.0
2012-05-01 00:00:00+09:00,746.8982729564373,759.2820785184092,730.644528156349,732.9664916992188,119000,0.0,0.0
2012-05-02 00:00:00+09:00,732.9664061998169,753.090087890625,732.9664061998169,753.090087890625,75000,0.0,0.0
2012-05-07 00:00:00+09:00,740.7064579554966,740.7064579554966,710.5209283209466,715.1648559570312,162000,0.0,0.0
2012-05-08 00:00:00+09:00,718.260545633607,732.9663111153295,715.9385826628087,730.6443481445312,144000,0.0,0.0
2012-05-09 00:00:00+09:00,715.9386671226443,719.0346181156071,707.4248018919967,709.7467651367188,162000,0.0,0.0
2012-05-10 00:00:00+09:00,705.8768831433225,723.6786027839984,702.0069440910016,712.8427734375,84000,0.0,0.0
2012-05-11 00:00:00+09:00,701.2331095468837,706.65102540431,690.3972778320312,690.3972778320312,172000,0.0,0.0
2012-05-14 00:00:00+09:00,688.8491062885516,691.1710695681759,648.6017427750631,650.9237060546875,150000,0.0,0.0
2012-05-15 00:00:00+09:00,650.9237875504928,697.3630589571867,626.1561761335894,681.1093139648438,439000,0.0,0.0
2012-05-16 00:00:00+09:00,669.4994584280042,673.3693974940621,608.3544211842906,616.0942993164062,534000,0.0,0.0
2012-05-17 00:00:00+09:00,626.1561298961238,626.9301176957482,604.4844715066412,624.608154296875,404000,0.0,0.0
2012-05-18 00:00:00+09:00,606.0325339264815,621.5122921366087,596.7446790004052,604.4845581054688,306000,0.0,0.0
2012-05-21 00:00:00+09:00,593.6485400236105,617.6421576777591,593.6485400236105,611.4502563476562,138000,0.0,0.0
2012-05-22 00:00:00+09:00,620.738300868443,636.9920469011579,603.7105669294085,606.8065185546875,353000,0.0,0.0
2012-05-23 00:00:00+09:00,607.5805254243654,616.0943926596113,592.1007668148275,593.6487426757812,355000,0.0,0.0
2012-05-24 00:00:00+09:00,594.4226141590013,601.3885041686771,579.7168463607968,589.0046997070312,248000,0.0,0.0
2012-05-25 00:00:00+09:00,595.9707701439952,607.5805903416054,585.1349379595589,592.100830078125,291000,0.0,0.0
2012-05-28 00:00:00+09:00,582.0388051437856,583.5867806893808,536.3735265487279,543.3394165039062,448000,0.0,0.0
2012-05-29 00:00:00+09:00,543.339515527749,563.463201288036,534.8256484753198,559.59326171875,403000,0.0,0.0
2012-05-30 00:00:00+09:00,560.3671925933371,579.7168884701789,538.6955332112743,556.4972534179688,459000,0.0,0.0
2012-05-31 00:00:00+09:00,534.0517143239017,568.1071859619476,533.2777263321279,562.6892700195312,400000,0.0,0.0
2012-06-01 00:00:00+09:00,562.689187224015,563.4631751019022,532.503659986413,534.0516357421875,254000,0.0,0.0
2012-06-04 00:00:00+09:00,518.5720114018712,529.4078444759402,518.5720114018712,524.763916015625,312000,0.0,0.0
2012-06-05 00:00:00+09:00,526.311747669662,544.1134685467241,520.1198447559013,541.0175170898438,326000,0.0,0.0
2012-06-06 00:00:00+09:00,543.3394418111661,593.6486493862741,535.599563722688,571.2030029296875,516000,0.0,0.0
2012-06-07 00:00:00+09:00,582.8129692325666,602.9366574132396,577.3950531839239,595.19677734375,606000,0.0,0.0
2012-06-08 00:00:00+09:00,603.7105823863636,607.5805220170455,592.1007634943182,595.970703125,493000,0.0,0.0
2012-06-11 00:00:00+09:00,616.8682941780042,623.8341845765011,608.3544281353969,610.6763916015625,381000,0.0,0.0
2012-06-12 00:00:00+09:00,609.1284021588963,627.7041094674269,598.2925728955869,621.51220703125,329000,0.0,0.0
2012-06-13 00:00:00+09:00,622.2862538213315,636.2180356233016,615.3203629203464,623.0602416992188,400000,0.0,0.0
2012-06-14 00:00:00+09:00,611.4504574176342,643.9579500904705,596.7446869227797,641.635986328125,540000,0.0,0.0
2012-06-15 00:00:00+09:00,636.2180155041149,643.9578940382281,634.6700397972921,637.7659912109375,331000,0.0,0.0
2012-06-18 00:00:00+09:00,660.9855917194785,679.5612992151079,657.8896404702069,664.08154296875,248000,0.0,0.0
2012-06-19 00:00:00+09:00,653.2457295687351,659.4376322186757,651.69775390625,651.69775390625,222000,0.0,0.0
2012-06-20 00:00:00+09:00,661.7595755804995,667.177490234375,657.8896365420171,667.177490234375,186000,0.0,0.0
2012-06-21 00:00:00+09:00,667.1774670878598,685.753173828125,667.1774670878598,685.753173828125,136000,0.0,0.0
2012-06-22 00:00:00+09:00,674.1434315672708,678.7873587652084,667.1775407703644,674.9174194335938,132000,0.0,0.0
2012-06-25 00:00:00+09:00,686.5271733543693,691.1711001188859,675.6913442371639,676.46533203125,98000,0.0,0.0
2012-06-26 00:00:00+09:00,664.8555460032761,669.4994729835086,647.0538259123852,652.4717407226562,156000,0.0,0.0
2012-06-27 00:00:00+09:00,656.3416798728499,656.3416798728499,643.9578745922302,652.4717407226562,120000,0.0,0.0
2012-06-28 00:00:00+09:00,652.4717397102247,663.3075693139532,645.505849250685,653.2457275390625,199000,0.0,0.0
2012-06-29 00:00:00+09:00,644.7318505716603,667.1774972302175,644.7318505716603,661.7595825195312,233000,0.0,0.0
2012-07-02 00:00:00+09:00,664.0817495716627,665.6297256778904,647.0540124031586,649.3759765625,207000,0.0,0.0
2012-07-03 00:00:00+09:00,649.3758655359431,654.019793060634,638.5400346449977,641.635986328125,181000,0.0,0.0
2012-07-04 00:00:00+09:00,649.3757429629709,649.3757429629709,637.7659263426556,640.8618774414062,254000,0.0,0.0
2012-07-05 00:00:00+09:00,640.861808530746,647.8276977539062,636.9918700734347,647.8276977539062,186000,0.0,0.0
2012-07-06 00:00:00+09:00,639.313838366567,644.7317522510294,639.313838366567,643.1837768554688,151000,0.0,0.0
2012-07-09 00:00:00+09:00,654.7936784822259,654.7936784822259,622.2861908980019,624.608154296875,287000,0.0,0.0
2012-07-10 00:00:00+09:00,612.9982482672666,619.9641374521218,587.4566545894638,596.7445068359375,312000,0.0,0.0
2012-07-11 00:00:00+09:00,580.4908408410354,589.7786942944919,545.6613903905732,583.5867919921875,283000,0.0,0.0
2012-07-12 00:00:00+09:00,588.2307997993801,588.2307997993801,565.011162965194,569.6550903320312,384000,0.0,0.0
2012-07-13 00:00:00+09:00,569.65518583031,592.8748265570889,567.3332217576321,586.6829223632812,362000,0.0,0.0
2012-07-17 00:00:00+09:00,578.1688992859888,579.716874919954,566.55908203125,566.55908203125,205000,0.0,0.0
2012-07-18 00:00:00+09:00,567.3331266486126,579.7169329601785,565.011162965194,569.6550903320312,238000,0.0,0.0
2012-07-19 00:00:00+09:00,573.5249507509429,586.6827431433397,570.4289995997907,583.5867919921875,250000,0.0,0.0
2012-07-20 00:00:00+09:00,580.4908116658529,580.4908116658529,554.1752282036675,557.2711791992188,173000,0.0,0.0
2012-07-23 00:00:00+09:00,546.4353695242746,560.367149483817,541.7914428710938,541.7914428710938,234000,0.0,0.0
2012-07-24 00:00:00+09:00,537.9215708795816,546.4354374690427,527.8597285465823,537.1475830078125,238000,0.0,0.0
2012-07-25 00:00:00+09:00,537.1476688016577,537.1476688016577,513.9280289399146,520.8939208984375,268000,0.0,0.0
2012-07-26 00:00:00+09:00,528.6337248243326,537.9215794332521,521.667833867643,530.9556884765625,319000,0.0,0.0
2012-07-27 00:00:00+09:00,544.1134431111878,560.3671875,544.1134431111878,560.3671875,315000,0.0,0.0
2012-07-30 00:00:00+09:00,558.0451568311281,566.5590219145435,553.4012304219925,565.7850341796875,291000,0.0,0.0
2012-07-31 00:00:00+09:00,566.5590760766006,575.0729419739266,558.0452101792746,571.2030029296875,331000,0.0,0.0
2012-08-01 00:00:00+09:00,570.4289101943332,570.4289101943332,552.6271938653377,555.72314453125,137000,0.0,0.0
2012-08-02 00:00:00+09:00,550.3053084019252,560.367149483817,541.0174550955636,541.7914428710938,244000,0.0,0.0
2012-08-03 00:00:00+09:00,530.181655656046,531.729631292998,518.5718383789062,518.5718383789062,200000,0.0,0.0
2012-08-06 00:00:00+09:00,530.9556748549826,547.2094200036045,530.9556748549826,541.0175170898438,89000,0.0,0.0
2012-08-07 00:00:00+09:00,541.7914925748286,551.0793467332542,537.9215533421512,550.3053588867188,57000,0.0,0.0
2012-08-08 00:00:00+09:00,543.3396528858249,558.0454269667803,542.565664776301,547.9835815429688,133000,0.0,0.0
2012-08-09 00:00:00+09:00,542.565664776301,555.7234626382084,541.791676666777,547.9835815429688,122000,0.0,0.0
2012-08-10 00:00:00+09:00,565.0110510623816,572.7509284741951,551.8532594622988,561.9151000976562,294000,0.0,0.0
2012-08-13 00:00:00+09:00,557.2714388572564,558.8194150763043,544.8876291048729,547.9835815429688,170000,0.0,0.0
2012-08-14 00:00:00+09:00,547.2094737801268,556.4973290635236,543.3395340787115,546.4354858398438,143000,0.0,0.0
2012-08-15 00:00:00+09:00,551.0792185323816,560.3670705301183,551.0792185323816,555.72314453125,115000,0.0,0.0
2012-08-16 00:00:00+09:00,558.8191491329309,565.785038803563,557.2711736505682,561.9151000976562,73000,0.0,0.0
2012-08-17 00:00:00+09:00,565.7850672671669,589.0047006707442,565.0110794870477,588.230712890625,212000,0.0,0.0
2012-08-20 00:00:00+09:00,600.6145173725329,600.6145173725329,579.7168473093133,588.230712890625,152000,0.0,0.0
2012-08-21 00:00:00+09:00,579.7170471683625,582.8129993561776,575.0731188866399,575.8471069335938,63000,0.0,0.0
2012-08-22 00:00:00+09:00,573.5249162153765,578.1688426624645,561.9151000976562,561.9151000976562,219000,0.0,0.0
2012-08-23 00:00:00+09:00,557.2711791992188,568.8809954325359,553.4012404547798,557.2711791992188,143000,0.0,0.0
2012-08-24 00:00:00+09:00,554.1752950203519,557.2712463891806,548.7573801249016,552.6273193359375,189000,0.0,0.0
2012-08-27 00:00:00+09:00,552.6273492307079,557.2712765351675,529.4077127084092,530.9556884765625,264000,0.0,0.0
2012-08-28 00:00:00+09:00,533.2776008019081,536.3735520402355,521.6677836581799,523.2157592773438,199000,0.0,0.0
2012-08-29 00:00:00+09:00,518.5720114018712,527.0858802457826,518.5720114018712,524.763916015625,179000,0.0,0.0
2012-08-30 00:00:00+09:00,525.5377369676112,526.3117247981968,511.6059560170707,512.3799438476562,99000,0.0,0.0
2012-08-31 00:00:00+09:00,510.8320137306496,510.8320137306496,501.5441589355469,501.5441589355469,130000,0.0,0.0
2012-09-03 00:00:00+09:00,507.73606323053514,512.3799906381315,499.22219631660846,500.7701721191406,169000,0.0,0.0
2012-09-04 00:00:00+09:00,496.90018508863,499.22214857035254,486.83834333449886,490.7082824707031,223000,0.0,0.0
2012-09-05 00:00:00+09:00,483.742392873685,486.06435635947867,465.1666849873355,466.71466064453125,174000,0.0,0.0
2012-09-06 00:00:00+09:00,467.4885801324673,474.4544695715272,456.6527521161518,472.906494140625,219000,0.0,0.0
2012-09-07 00:00:00+09:00,493.0301619140625,495.352125,479.87237109375,483.7423095703125,168000,0.0,0.0
2012-09-10 00:00:00+09:00,493.0302067069948,520.1197785040824,490.7082434101016,497.67413330078125,315000,0.0,0.0
2012-09-11 00:00:00+09:00,496.9002676629401,496.9002676629401,467.4887253402116,476.7765808105469,248000,0.0,0.0
2012-09-12 00:00:00+09:00,479.09849589319214,491.4823019259726,476.7765322620458,489.934326171875,217000,0.0,0.0
2012-09-13 00:00:00+09:00,490.70832940268184,505.41409952673695,486.06440199508546,500.7701721191406,123000,0.0,0.0
2012-09-14 00:00:00+09:00,509.2839845571945,520.8938018343342,507.73600892024257,518.5718383789062,211000,0.0,0.0
2012-09-18 00:00:00+09:00,520.8937919167911,527.8596821504481,505.41403584199793,526.3117065429688,398000,0.0,0.0
2012-09-19 00:00:00+09:00,519.3459449076546,527.085824861569,510.8320769583488,520.8939208984375,247000,0.0,0.0
2012-09-20 00:00:00+09:00,514.7020047969183,514.7020047969183,487.6124255970806,488.38641357421875,273000,0.0,0.0
2012-09-21 00:00:00+09:00,485.2903127974006,492.25620245477955,482.9683495782743,486.0643005371094,171000,0.0,0.0
2012-09-24 00:00:00+09:00,484.5164015304789,484.5164015304789,473.6805714643021,474.4545593261719,210000,0.0,0.0
2012-09-25 00:00:00+09:00,472.1326553394429,478.3245590160258,466.71473962243294,475.2286071777344,154000,0.0,0.0
2012-09-26 00:00:00+09:00,469.74814058554296,473.6627084237558,462.70191847675983,465.0506591796875,190000,7.0,0.0
2012-09-27 00:00:00+09:00,464.2677704660516,476.7943882189299,461.13611602783203,476.011474609375,286000,0.0,0.0
2012-09-28 00:00:00+09:00,478.36016432444256,482.27473195393884,447.04362328847253,450.95819091796875,288000,0.0,0.0
2012-10-01 00:00:00+09:00,444.6948632449466,444.6948632449466,408.6808426300389,421.20745849609375,461000,0.0,0.0
2012-10-02 00:00:00+09:00,416.51001993815106,421.2075013660249,393.0226127987816,394.58843994140625,604000,0.0,0.0
2012-10-03 00:00:00+09:00,394.58841572911285,394.58841572911285,377.3643182171278,378.9301452636719,559000,0.0,0.0
2012-10-04 00:00:00+09:00,383.6276310048205,409.46377758269614,382.8447174721576,404.76629638671875,468000,0.0,0.0
2012-10-05 00:00:00+09:00,399.2859206369272,402.41757491643244,385.19347637915325,396.1542663574219,422000,0.0,0.0
2012-10-09 00:00:00+09:00,391.45678933332806,397.7200979626613,386.7593078613281,386.7593078613281,217000,0.0,0.0
2012-10-10 00:00:00+09:00,374.2326768304083,387.5422071779333,372.6668497306995,384.4105529785156,312000,0.0,0.0
2012-10-11 00:00:00+09:00,379.71312083643994,382.06186179006744,376.5814662316034,377.3643798828125,220000,0.0,0.0
2012-10-12 00:00:00+09:00,375.79847247547787,395.3713095835757,375.01555899115397,389.1080017089844,255000,0.0,0.0
2012-10-15 00:00:00+09:00,389.10804074309596,407.1150526889535,384.41055936591573,403.9833984375,398000,0.0,0.0
2012-10-16 00:00:00+09:00,409.4638193881873,417.29295551415646,403.98342410000885,413.3783874511719,474000,0.0,0.0
2012-10-17 00:00:00+09:00,420.4245455727648,425.90494002157186,411.81249715321104,419.6416320800781,454000,0.0,0.0
2012-10-18 00:00:00+09:00,419.6416731592953,433.7341174071821,419.6416731592953,429.8195495605469,245000,0.0,0.0
2012-10-19 00:00:00+09:00,422.77332602530237,435.2999430927187,421.2074988918753,432.9512023925781,377000,0.0,0.0
2012-10-22 00:00:00+09:00,426.6878327347432,436.86570764401233,425.12200582562485,436.0827941894531,328000,0.0,0.0
2012-10-23 00:00:00+09:00,442.3461227700613,442.3461227700613,420.4245450044653,421.20745849609375,463000,0.0,0.0
2012-10-24 00:00:00+09:00,421.20748633080785,433.7341030246609,412.5954373537839,427.4707946777344,357000,0.0,0.0
2012-10-25 00:00:00+09:00,427.47082135317135,436.86578445983446,425.9049941687275,435.2999572753906,473000,0.0,0.0
2012-10-26 00:00:00+09:00,432.95123120821444,432.95123120821444,406.33216816828804,407.1150817871094,585000,0.0,0.0
2012-10-29 00:00:00+09:00,407.11500736705045,411.81248822128566,400.06878608569764,401.6346130371094,322000,0.0,0.0
2012-10-30 00:00:00+09:00,397.72007024445327,424.3391300639639,396.93715672035,415.7270812988281,281000,0.0,0.0
2012-10-31 00:00:00+09:00,410.24669672368645,430.6024488511976,410.24669672368645,427.4707946777344,245000,0.0,0.0
2012-11-01 00:00:00+09:00,427.47085482186645,436.08290501058536,425.90502751482666,429.03668212890625,222000,0.0,0.0
2012-11-02 00:00:00+09:00,433.7341300909468,437.6486980520564,431.385389314281,435.2999572753906,205000,0.0,0.0
2012-11-05 00:00:00+09:00,434.51702952600516,434.51702952600516,429.81954812572405,432.9512023925781,119000,0.0,0.0
2012-11-06 00:00:00+09:00,433.734156934886,434.5170705755627,410.24674771458535,414.16131591796875,276000,0.0,0.0
2012-11-07 00:00:00+09:00,421.2074307633897,421.99034420347033,409.46372916217996,411.8124694824219,174000,0.0,0.0
2012-11-08 00:00:00+09:00,405.5491619617767,414.16120980266385,403.9833350816154,411.8124694824219,154000,0.0,0.0
2012-11-09 00:00:00+09:00,407.8979691633089,407.8979691633089,396.93717920498585,397.7200927734375,121000,0.0,0.0
2012-11-12 00:00:00+09:00,401.6346666289539,401.6346666289539,383.62765428496573,385.1934814453125,225000,0.0,0.0
2012-11-13 00:00:00+09:00,383.6276264033042,387.5421940196644,376.58140469385575,378.9301452636719,365000,0.0,0.0
2012-11-14 00:00:00+09:00,378.9301748547201,414.94419973760677,369.53521184179317,412.595458984375,651000,0.0,0.0
2012-11-15 00:00:00+09:00,419.64165085565475,422.77330496651786,401.634639718192,411.02960205078125,407000,0.0,0.0
2012-11-16 00:00:00+09:00,411.8125238104181,432.95118948129505,411.0296102670523,427.4707946777344,323000,0.0,0.0
2012-11-19 00:00:00+09:00,438.4315034869745,441.56315708331005,436.08276328972283,437.6485900878906,152000,0.0,0.0
2012-11-20 00:00:00+09:00,442.3462045234546,458.0044772499486,441.56329088712994,446.2607727050781,337000,0.0,0.0
2012-11-21 00:00:00+09:00,450.17525680926667,468.1822670816373,450.17525680926667,465.8335266113281,339000,0.0,0.0
2012-11-22 00:00:00+09:00,470.5310777651718,486.97226351071026,470.5310777651718,479.14312744140625,430000,0.0,0.0
2012-11-26 00:00:00+09:00,486.97215962047636,520.6374375363614,484.6234193007635,515.1570434570312,884000,0.0,0.0
2012-11-27 00:00:00+09:00,501.84751963839636,504.9791734270915,476.0113758816615,499.498779296875,695000,0.0,0.0
2012-11-28 00:00:00+09:00,500.2817948285271,504.97927647010954,479.14312744140625,479.14312744140625,554000,0.0,0.0
2012-11-29 00:00:00+09:00,489.32095273639976,500.28174207769507,489.32095273639976,490.88677978515625,277000,0.0,0.0
2012-11-30 00:00:00+09:00,494.8013624446407,508.110892763563,488.5380540592655,491.6697082519531,346000,0.0,0.0
2012-12-03 00:00:00+09:00,499.4988121396019,505.76212012881325,491.6696771530878,493.2355041503906,264000,0.0,0.0
2012-12-04 00:00:00+09:00,490.10377588441025,494.0183427844455,483.8404688443539,486.189208984375,216000,0.0,0.0
2012-12-05 00:00:00+09:00,479.92595956744935,495.58422904762716,478.36013261943157,494.0184020996094,350000,0.0,0.0
2012-12-06 00:00:00+09:00,490.10389243828854,507.32799089458626,490.10389243828854,500.2817687988281,359000,0.0,0.0
2012-12-07 00:00:00+09:00,497.1501145340467,502.63050949741415,497.1501145340467,500.2817687988281,194000,0.0,0.0
2012-12-10 00:00:00+09:00,511.2426812392928,511.2426812392928,501.84771619354774,503.4135437011719,277000,0.0,0.0
2012-12-11 00:00:00+09:00,497.1502045201437,505.76225530710684,497.1502045201437,501.8476867675781,217000,0.0,0.0
2012-12-12 00:00:00+09:00,501.8476363574069,514.3742544256105,501.8476363574069,510.4596862792969,292000,0.0,0.0
2012-12-13 00:00:00+09:00,515.9400963894157,540.993333239888,515.9400963894157,538.6445922851562,587000,0.0,0.0
2012-12-14 00:00:00+09:00,537.861678633579,542.5591605430426,533.9471103756927,538.6445922851562,513000,0.0,0.0
2012-12-17 00:00:00+09:00,536.2958495740946,561.3490863425194,534.730022276068,541.7762451171875,659000,0.0,0.0
2012-12-18 00:00:00+09:00,540.2103642054966,540.2103642054966,525.3350063505627,526.117919921875,331000,0.0,0.0
2012-12-19 00:00:00+09:00,533.9470609520297,547.256591796875,533.9470609520297,547.256591796875,424000,0.0,0.0
2012-12-20 00:00:00+09:00,547.256550068758,547.256550068758,530.0324526417012,537.0786743164062,363000,0.0,0.0
2012-12-21 00:00:00+09:00,537.078678119784,544.9078133693434,516.7229264709291,527.6837158203125,644000,0.0,0.0
2012-12-25 00:00:00+09:00,544.9078780900187,545.6907917079641,523.7692104054921,524.5521240234375,158000,0.0,0.0
2012-12-26 00:00:00+09:00,527.6836338612976,551.9539493653039,526.9007204579425,550.3881225585938,276000,0.0,0.0
2012-12-27 00:00:00+09:00,554.302839153445,569.9611114459152,552.737011924198,558.2174072265625,397000,0.0,0.0
2012-12-28 00:00:00+09:00,563.6978035177139,587.1852119976187,561.3490626697234,585.619384765625,408000,0.0,0.0
2013-01-04 00:00:00+09:00,605.1922825790386,622.4163837649879,600.4948004374161,619.2847290039062,412000,0.0,0.0
2013-01-07 00:00:00+09:00,627.1136856969692,630.2453395581276,598.9288009465437,603.6262817382812,437000,0.0,0.0
2013-01-08 00:00:00+09:00,591.8827573714717,600.4948080739667,576.2244833669355,582.48779296875,327000,0.0,0.0
2013-01-09 00:00:00+09:00,580.1390052268573,621.6334280028673,578.5731779522908,612.2384643554688,410000,0.0,0.0
2013-01-10 00:00:00+09:00,621.6334439520647,621.6334439520647,608.3239117767686,611.45556640625,261000,0.0,0.0
2013-01-11 00:00:00+09:00,622.4163416401504,622.4163416401504,608.3238961690528,612.2384643554688,225000,0.0,0.0
2013-01-15 00:00:00+09:00,607.5409291184793,612.2384105291892,592.665571317898,596.5801391601562,270000,0.0,0.0
2013-01-16 00:00:00+09:00,588.7510219538513,603.6263802213023,588.7510219538513,589.533935546875,216000,0.0,0.0
2013-01-17 00:00:00+09:00,593.4485242688978,605.1922285750105,573.8756837587099,579.3560791015625,468000,0.0,0.0
2013-01-18 00:00:00+09:00,584.8365170992338,613.8043231670673,584.8365170992338,610.6726684570312,412000,0.0,0.0
2013-01-21 00:00:00+09:00,617.7189016233655,623.9822111455288,599.7118867471456,619.2847290039062,417000,0.0,0.0
2013-01-22 00:00:00+09:00,613.0213108896419,613.8042244412251,584.0535094810637,591.0997314453125,496000,0.0,0.0
2013-01-23 00:00:00+09:00,583.2705521647135,601.2775624999999,580.1388981933593,587.1851196289062,354000,0.0,0.0
2013-01-24 00:00:00+09:00,579.3560281715645,598.1459534095612,575.4414604136485,591.0997314453125,271000,0.0,0.0
2013-01-25 00:00:00+09:00,600.4946649243261,602.0604919515082,580.9218270845502,586.4022216796875,367000,0.0,0.0
2013-01-28 00:00:00+09:00,595.0141778049699,600.4945715479104,582.4875635353916,584.8363037109375,106000,0.0,0.0
2013-01-29 00:00:00+09:00,588.7509239108633,619.2845489541128,588.7509239108633,609.8895874023438,403000,0.0,0.0
2013-01-30 00:00:00+09:00,616.1530325418848,616.1530325418848,602.8435007080703,612.2384643554688,260000,0.0,0.0
2013-01-31 00:00:00+09:00,613.021377992752,621.6334280028673,605.19224161992,612.2384643554688,331000,0.0,0.0
2013-02-01 00:00:00+09:00,620.8505112896544,645.9037475585938,616.1530294892282,645.9037475585938,448000,0.0,0.0
2013-02-04 00:00:00+09:00,644.3378412260425,658.4302848980581,638.074532927369,652.9498901367188,410000,0.0,0.0
2013-02-05 00:00:00+09:00,648.2525218921703,650.6012629135188,633.3771620902969,641.206298828125,361000,0.0,0.0
2013-02-06 00:00:00+09:00,650.6010847024356,669.3910077263328,649.0352577837775,665.4764404296875,417000,0.0,0.0
2013-02-07 00:00:00+09:00,663.9107138029844,683.4835532429308,657.6474051822015,678.7860717773438,514000,0.0,0.0
2013-02-08 00:00:00+09:00,681.134768174032,686.6151628604898,672.5227193810271,674.8714599609375,364000,0.0,0.0
2013-02-12 00:00:00+09:00,675.6543970372275,675.6543970372275,621.6333618164062,621.6333618164062,788000,0.0,0.0
2013-02-13 00:00:00+09:00,621.6334569835547,650.6012629135188,621.6334569835547,641.206298828125,392000,0.0,0.0
2013-02-14 00:00:00+09:00,637.2915923401116,638.0745058442149,598.9288306390483,605.192138671875,602000,0.0,0.0
2013-02-15 00:00:00+09:00,605.192132338038,605.9750458339475,556.6514955916495,580.9218139648438,677000,0.0,0.0
2013-02-18 00:00:00+09:00,580.9217912448829,616.9358106482044,580.9217912448829,603.6262817382812,662000,0.0,0.0
2013-02-19 00:00:00+09:00,591.8826281095805,609.1067257529811,589.5338875218441,595.0142822265625,514000,0.0,0.0
2013-02-20 00:00:00+09:00,601.2776717557251,625.5479944437818,601.2776717557251,615.3701171875,582000,0.0,0.0
2013-02-21 00:00:00+09:00,604.4093262961195,634.1600444298664,604.4093262961195,615.3701171875,652000,0.0,0.0
2013-02-22 00:00:00+09:00,603.6264248246569,605.1922521264069,580.1390152984056,593.4485473632812,542000,0.0,0.0
2013-02-25 00:00:00+09:00,602.8434054650993,604.4092324922814,578.5730865437771,586.4022216796875,471000,0.0,0.0
2013-02-26 00:00:00+09:00,575.4415696667087,602.0606354744203,573.0928285660282,582.48779296875,413000,0.0,0.0
2013-02-27 00:00:00+09:00,586.4022627702848,605.975101981576,582.4876949280266,596.5801391601562,331000,0.0,0.0
2013-02-28 00:00:00+09:00,602.8434087298243,621.6333331577669,602.0604952119934,616.9358520507812,409000,0.0,0.0
2013-03-01 00:00:00+09:00,615.370077820221,615.370077820221,591.8826702698309,602.060546875,482000,0.0,0.0
2013-03-04 00:00:00+09:00,610.6725008649912,614.5870681782283,603.6262797011643,609.8895874023438,468000,0.0,0.0
2013-03-05 00:00:00+09:00,609.8897764760482,618.5018272350167,597.3631571902756,600.4948120117188,323000,0.0,0.0
2013-03-06 00:00:00+09:00,604.4092216734674,616.9358376666999,604.4092216734674,614.5870971679688,488000,0.0,0.0
2013-03-07 00:00:00+09:00,614.5872035524013,629.4625626192748,607.540980836514,615.3701171875,479000,0.0,0.0
2013-03-08 00:00:00+09:00,617.7187631118238,628.6795523178638,617.7187631118238,623.1991577148438,246000,0.0,0.0
2013-03-11 00:00:00+09:00,628.6795486601272,640.423251312558,627.1137216398031,632.5941162109375,403000,0.0,0.0
2013-03-12 00:00:00+09:00,638.0745609910455,645.120783136959,622.4162895556824,623.9821166992188,315000,0.0,0.0
2013-03-13 00:00:00+09:00,616.1530241169537,632.5942102750935,615.3701104903756,627.896728515625,391000,0.0,0.0
2013-03-14 00:00:00+09:00,629.4623243502333,641.2060244313944,623.9819309790248,639.6401977539062,294000,0.0,0.0
2013-03-15 00:00:00+09:00,634.1599069618317,651.3840032003012,633.3769934964467,649.8181762695312,313000,0.0,0.0
2013-03-18 00:00:00+09:00,649.0352363774342,649.0352363774342,633.376967707291,635.7257080078125,234000,0.0,0.0
2013-03-19 00:00:00+09:00,634.1597891436812,644.3376623027773,634.1597891436812,640.423095703125,166000,0.0,0.0
2013-03-21 00:00:00+09:00,646.6865089017884,649.818162697923,639.6402878604856,644.3377685546875,129000,0.0,0.0
2013-03-22 00:00:00+09:00,638.8573377751445,638.8573377751445,609.1066284179688,609.1066284179688,369000,0.0,0.0
2013-03-25 00:00:00+09:00,618.5017290937701,621.6333834182956,605.192198214537,608.3238525390625,233000,0.0,0.0
2013-03-26 00:00:00+09:00,598.1460134634387,600.494754354002,592.6656180521245,594.2314453125,187000,0.0,0.0
2013-03-27 00:00:00+09:00,595.8118606138107,620.3081042199489,595.8118606138107,617.9375,201000,7.0,0.0
2013-03-28 00:00:00+09:00,610.0354993234273,613.1963050194036,601.3432836594924,604.5040893554688,130000,0.0,0.0
2013-03-29 00:00:00+09:00,604.5040254253644,605.2942267657896,594.2314079998353,599.7628173828125,137000,0.0,0.0
2013-04-01 00:00:00+09:00,600.5530986704262,600.5530986704262,553.1410119332872,553.9312133789062,305000,0.0,0.0
2013-04-02 00:00:00+09:00,537.3369543331186,542.8683641571359,529.434940298808,536.5467529296875,277000,0.0,0.0
2013-04-03 00:00:00+09:00,545.238913940078,550.7703232119338,538.9173033436713,548.3997192382812,262000,0.0,0.0
2013-04-04 00:00:00+09:00,541.2878725745461,556.3016967773438,527.8544509194114,556.3016967773438,267000,0.0,0.0
2013-04-05 00:00:00+09:00,571.3155850811086,580.0078000685113,553.931155106303,558.67236328125,316000,0.0,0.0
2013-04-08 00:00:00+09:00,564.9939660128272,581.5881943852319,564.9939660128272,579.2175903320312,178000,0.0,0.0
2013-04-09 00:00:00+09:00,589.4901104974555,591.8607141589733,579.2174946308778,587.1195068359375,215000,0.0,0.0
2013-04-10 00:00:00+09:00,583.1686573603382,589.4902688222388,572.8960387347496,576.8470458984375,324000,0.0,0.0
2013-04-11 00:00:00+09:00,585.5391217983836,600.5529454342395,577.6371093584594,583.1685180664062,539000,0.0,0.0
2013-04-12 00:00:00+09:00,585.5391320122612,609.2451697455512,581.5881257233796,597.3921508789062,448000,0.0,0.0
2013-04-15 00:00:00+09:00,595.811737970285,595.811737970285,578.4273106024517,583.1685180664062,244000,0.0,0.0
2013-04-16 00:00:00+09:00,572.8959235278043,572.8959235278043,553.9310929558494,556.3016967773438,510000,0.0,0.0
2013-04-17 00:00:00+09:00,562.6233402456276,578.4273666570216,562.6233402456276,576.0567626953125,206000,0.0,0.0
2013-04-18 00:00:00+09:00,576.056764196177,592.6509919713756,568.9449522925205,578.4273681640625,181000,0.0,0.0
2013-04-19 00:00:00+09:00,578.4273106024517,584.7489205543911,575.2665056264821,583.1685180664062,92000,0.0,0.0
2013-04-22 00:00:00+09:00,588.7000918001742,594.2315020586993,583.9588830071526,584.7490844726562,196000,0.0,0.0
2013-04-23 00:00:00+09:00,596.6020888058259,597.3922902479528,587.1196715003028,591.0706787109375,155000,0.0,0.0
2013-04-24 00:00:00+09:00,599.7628435520311,610.8256628006851,599.7628435520311,610.0354614257812,187000,0.0,0.0
2013-04-25 00:00:00+09:00,612.4059898795448,619.5178013749202,612.4059898795448,618.7276000976562,134000,0.0,0.0
2013-04-26 00:00:00+09:00,618.7275967984586,622.6786031637106,613.1961878871058,613.9863891601562,174000,0.0,0.0
2013-04-30 00:00:00+09:00,621.0981972542254,621.0981972542254,603.7137693412573,609.2451782226562,105000,0.0,0.0
2013-05-01 00:00:00+09:00,614.7766472498575,614.7766472498575,602.1334257125854,606.8746337890625,97000,0.0,0.0
2013-05-02 00:00:00+09:00,599.7627125545268,600.5529137568385,591.070499329099,595.8117065429688,123000,0.0,0.0
2013-05-07 00:00:00+09:00,611.615769618332,620.3079833984375,611.615769618332,620.3079833984375,150000,0.0,0.0
2013-05-08 00:00:00+09:00,625.8395190491184,632.1611303526448,623.4689148102959,627.419921875,155000,0.0,0.0
2013-05-09 00:00:00+09:00,632.1611665733035,637.6925767808199,615.5669359507542,617.1473388671875,188000,0.0,0.0
2013-05-10 00:00:00+09:00,636.902364473213,640.8533716969922,630.5807529151662,637.6925659179688,275000,0.0,0.0
2013-05-13 00:00:00+09:00,649.5455035465245,673.2515438219451,644.8042954914404,669.300537109375,297000,0.0,0.0
2013-05-14 00:00:00+09:00,693.0067525929418,700.9087680158945,570.5255135371767,572.8961181640625,2035000,0.0,0.0
2013-05-15 00:00:00+09:00,579.2175898891055,581.5881939404934,538.9173210155116,544.44873046875,1676000,0.0,0.0
2013-05-16 00:00:00+09:00,546.0292140733034,560.2528404891057,536.5467964627684,542.868408203125,728000,0.0,0.0
2013-05-17 00:00:00+09:00,537.3368962420165,545.238909422046,534.1760909700046,541.2879028320312,704000,0.0,0.0
2013-05-20 00:00:00+09:00,551.560577772465,574.4764183962494,549.9801749708247,571.3156127929688,536000,0.0,0.0
2013-05-21 00:00:00+09:00,575.2665730307936,596.602009118474,572.8959690210512,595.0216064453125,691000,0.0,0.0
2013-05-22 00:00:00+09:00,597.3921404582699,600.5529454342395,579.2175118464442,583.1685180664062,328000,0.0,0.0
2013-05-23 00:00:00+09:00,595.0216099306069,604.5040260251186,562.6233549410255,567.3645629882812,727000,0.0,0.0
2013-05-24 00:00:00+09:00,568.154789180546,586.3294208233173,554.7213657924107,575.2666015625,417000,0.0,0.0
2013-05-27 00:00:00+09:00,569.7351736835541,569.7351736835541,540.4977237164369,544.44873046875,378000,0.0,0.0
2013-05-28 00:00:00+09:00,545.239001858619,568.1548439657203,542.8683975027119,563.4136352539062,249000,0.0,0.0
2013-05-29 00:00:00+09:00,575.2665373149671,576.8469398900082,559.4625115645559,570.5253295898438,220000,0.0,0.0
2013-05-30 00:00:00+09:00,557.8821946964707,564.2038059678189,539.7075622913449,543.6585693359375,279000,0.0,0.0
2013-05-31 00:00:00+09:00,546.8193345201379,551.5605426229137,543.6585291182873,544.44873046875,163000,0.0,0.0
2013-06-03 00:00:00+09:00,543.6584108102376,543.6584108102376,523.113180169153,523.9033813476562,257000,0.0,0.0
2013-06-04 00:00:00+09:00,514.4211278011924,528.6447534546816,500.9877035728971,525.4839477539062,244000,0.0,0.0
2013-06-05 00:00:00+09:00,533.3858772774147,545.2388967724684,520.7426564826908,522.3230590820312,153000,0.0,0.0
2013-06-06 00:00:00+09:00,522.3230527363127,527.8544617668031,497.8268127441406,497.8268127441406,183000,0.0,0.0
2013-06-07 00:00:00+09:00,476.49138123375116,488.34440066742656,459.8971540266056,472.5403747558594,327000,0.0,0.0
2013-06-10 00:00:00+09:00,494.6660899045073,523.9035425026971,493.0856870613619,520.7427368164062,215000,0.0,0.0
2013-06-11 00:00:00+09:00,512.8405842257987,530.225010809724,494.66595643351303,497.03656005859375,253000,0.0,0.0
2013-06-12 00:00:00+09:00,482.02275087785944,519.1622087323831,478.86194595407017,516.0014038085938,260000,0.0,0.0
2013-06-13 00:00:00+09:00,515.2112768040291,515.2112768040291,485.18362570195376,487.5542297363281,209000,0.0,0.0
2013-06-14 00:00:00+09:00,503.35824510527823,503.35824510527823,478.8620039777058,485.97381591796875,261000,0.0,0.0
2013-06-17 00:00:00+09:00,491.50531936904133,512.8407592773438,484.3935060662738,512.8407592773438,196000,0.0,0.0
2013-06-18 00:00:00+09:00,512.050558827406,516.0015662257656,507.3093499493745,515.2113647460938,76000,0.0,0.0
2013-06-19 00:00:00+09:00,526.2740445223722,529.4348495945786,510.47001916133996,521.5328369140625,140000,0.0,0.0
2013-06-20 00:00:00+09:00,522.323167977354,538.127197265625,518.3721606552863,538.127197265625,231000,0.0,0.0
2013-06-21 00:00:00+09:00,531.8055445091012,541.2879613502738,512.0505094233248,536.5467529296875,430000,0.0,0.0
2013-06-24 00:00:00+09:00,544.4487246988091,546.8193287250739,532.5957045674852,534.96630859375,124000,0.0,0.0
2013-06-25 00:00:00+09:00,534.9663719523529,541.2879834377574,527.8545590312729,539.7075805664062,232000,0.0,0.0
2013-06-26 00:00:00+09:00,539.7075203868831,539.7075203868831,506.5190637891538,507.30926513671875,151000,0.0,0.0
2013-06-27 00:00:00+09:00,515.2113637115996,515.2113637115996,504.1485430184057,512.8407592773438,77000,0.0,0.0
2013-06-28 00:00:00+09:00,513.6307349571815,535.7563666168755,513.6307349571815,534.1759643554688,110000,0.0,0.0
2013-07-01 00:00:00+09:00,545.2389526367188,545.2389526367188,530.2251264046932,545.2389526367188,85000,0.0,0.0
2013-07-02 00:00:00+09:00,546.029094481365,547.6094970703125,541.2878867145224,547.6094970703125,105000,0.0,0.0
2013-07-03 00:00:00+09:00,542.8682652242677,548.3996740402355,540.4976614459958,542.0780639648438,79000,0.0,0.0
2013-07-04 00:00:00+09:00,539.7074049177213,542.8682096317343,523.113180169153,523.9033813476562,137000,0.0,0.0
2013-07-05 00:00:00+09:00,527.0643156608648,535.7565307617188,527.0643156608648,535.7565307617188,104000,0.0,0.0
2013-07-08 00:00:00+09:00,549.1898812958689,549.1898812958689,519.1622331099077,521.5328369140625,184000,0.0,0.0
2013-07-09 00:00:00+09:00,521.5329382379789,529.4349524537059,514.4211254438246,520.7427368164062,181000,0.0,0.0
2013-07-10 00:00:00+09:00,526.2741018550187,526.2741018550187,509.67987341814876,514.4210815429688,288000,0.0,0.0
2013-07-11 00:00:00+09:00,506.5190762220615,513.6308885247114,506.5190762220615,511.2602844238281,101000,0.0,0.0
2013-07-12 00:00:00+09:00,512.0504696731905,534.96630859375,512.0504696731905,534.96630859375,258000,0.0,0.0
2013-07-16 00:00:00+09:00,534.1761043451937,538.9173123719262,530.22509765625,530.22509765625,76000,0.0,0.0
2013-07-17 00:00:00+09:00,531.0152604166667,535.7564680989584,527.064254014757,533.3858642578125,103000,0.0,0.0
2013-07-18 00:00:00+09:00,531.8056059806578,541.2880239179058,531.8056059806578,538.9174194335938,585000,0.0,0.0
2013-07-19 00:00:00+09:00,538.9173987300385,542.8684060521063,526.2741752994218,538.127197265625,150000,0.0,0.0
2013-07-22 00:00:00+09:00,544.448572619208,552.3505838328394,537.3367625269397,549.97998046875,205000,0.0,0.0
2013-07-23 00:00:00+09:00,547.6095567786176,548.3997581592505,536.5467374497566,545.2389526367188,90000,0.0,0.0
2013-07-24 00:00:00+09:00,547.6096358760711,547.6096358760711,538.1272179388232,538.9174194335938,56000,0.0,0.0
2013-07-25 00:00:00+09:00,544.4486119887408,544.4486119887408,519.1621742766367,523.9033813476562,200000,0.0,0.0
2013-07-26 00:00:00+09:00,516.0016250729004,516.7918266426905,507.30940780520996,508.099609375,128000,0.0,0.0
2013-07-29 00:00:00+09:00,506.5189886494362,506.5189886494362,486.7639578908778,488.3443603515625,135000,0.0,0.0
2013-07-30 00:00:00+09:00,488.3445331280048,513.6309814453125,488.3445331280048,513.6309814453125,92000,0.0,0.0
2013-07-31 00:00:00+09:00,512.8407561302186,512.8407561302186,504.1485399246216,505.72894287109375,77000,0.0,0.0
2013-08-01 00:00:00+09:00,505.7289255401235,513.6309400016879,493.0857024016204,512.050537109375,100000,0.0,0.0
2013-08-02 00:00:00+09:00,519.162142872105,534.1759643554688,516.0013383492916,534.1759643554688,201000,0.0,0.0
2013-08-05 00:00:00+09:00,534.1762074984908,534.1762074984908,528.6447970658143,531.8056030273438,64000,0.0,0.0
2013-08-06 00:00:00+09:00,535.7563846419919,559.4624193606641,535.7563846419919,555.5114135742188,399000,0.0,0.0
2013-08-07 00:00:00+09:00,543.6584525197273,557.0918735848951,542.8682512805999,550.770263671875,166000,0.0,0.0
2013-08-08 00:00:00+09:00,542.8683220146326,552.3507381196916,534.96630859375,534.96630859375,136000,0.0,0.0
2013-08-09 00:00:00+09:00,549.1898629324777,613.9863647460937,540.4976492745535,608.4549560546875,1011000,0.0,0.0
2013-08-12 00:00:00+09:00,601.3432928938679,641.6435661364267,584.7490627351672,623.4689331054688,1354000,0.0,0.0
2013-08-13 00:00:00+09:00,623.4689580674777,640.0631888905665,615.5669433898165,633.7415771484375,454000,0.0,0.0
2013-08-14 00:00:00+09:00,633.7415968322754,637.6926042938233,621.0983729553222,632.1611938476562,216000,0.0,0.0
2013-08-15 00:00:00+09:00,621.0983699986666,629.7905863726938,618.7277655330229,625.0493774414062,218000,0.0,0.0
2013-08-16 00:00:00+09:00,625.0493382867777,632.9513526772553,620.3081296524912,628.2101440429688,138000,0.0,0.0
2013-08-19 00:00:00+09:00,634.5317555553509,634.5317555553509,620.3081296524912,628.2101440429688,105000,0.0,0.0
2013-08-20 00:00:00+09:00,630.5807225063938,630.5807225063938,617.1472985933503,617.9375,137000,0.0,0.0
2013-08-21 00:00:00+09:00,616.3569125957758,620.3079184457488,613.1961079157975,615.5667114257812,133000,0.0,0.0
2013-08-22 00:00:00+09:00,614.7766205294048,637.692458569704,613.1962179059359,629.000244140625,223000,0.0,0.0
2013-08-23 00:00:00+09:00,629.7905893707275,636.112201309204,627.4199848937988,632.1611938476562,105000,0.0,0.0
2013-08-26 00:00:00+09:00,636.9022841483023,644.0140962541766,634.5316801130108,639.2728881835938,129000,0.0,0.0
2013-08-27 00:00:00+09:00,639.2728627459129,640.0630640595666,630.5806482957212,631.370849609375,68000,0.0,0.0
2013-08-28 00:00:00+09:00,621.8885744476318,635.3219998168945,612.406156539917,632.1611938476562,282000,0.0,0.0
2013-08-29 00:00:00+09:00,632.9512230884069,635.3218269201988,617.9373988203923,618.7276000976562,56000,0.0,0.0
2013-08-30 00:00:00+09:00,629.0003878784179,636.9024028015136,619.5179699707031,632.1611938476562,112000,0.0,0.0
2013-09-02 00:00:00+09:00,633.7415331785264,636.1121374173489,625.0493176361775,627.419921875,90000,0.0,0.0
2013-09-03 00:00:00+09:00,639.2730092694683,639.2730092694683,619.5179719002017,636.9024047851562,122000,0.0,0.0
2013-09-04 00:00:00+09:00,630.580673387525,639.2728881835938,628.2100693522336,639.2728881835938,89000,0.0,0.0
2013-09-05 00:00:00+09:00,639.2728096776864,645.5944196621381,626.6295897087828,643.2238159179688,126000,0.0,0.0
2013-09-06 00:00:00+09:00,643.2238977724788,646.3847031669383,626.6296694515672,644.0140991210938,105000,0.0,0.0
2013-09-09 00:00:00+09:00,646.3847319605254,659.0279541015625,644.8043291928957,659.0279541015625,136000,0.0,0.0
2013-09-10 00:00:00+09:00,660.6084019718297,713.5518983021079,660.6084019718297,709.6008911132812,472000,0.0,0.0
2013-09-11 00:00:00+09:00,710.3909820660559,711.9713846957914,690.6359491943637,696.1673583984375,232000,0.0,0.0
2013-09-12 00:00:00+09:00,696.1675021931277,700.118509583554,691.426293324616,699.3283081054688,129000,0.0,0.0
2013-09-13 00:00:00+09:00,703.2790603130196,715.1320781834638,689.0554388684867,712.761474609375,307000,0.0,0.0
2013-09-17 00:00:00+09:00,713.5518188476562,714.3420201974321,708.0204093992247,713.5518188476562,170000,0.0,0.0
2013-09-18 00:00:00+09:00,711.1811955067334,715.1322021484375,704.8595848800069,715.1322021484375,237000,0.0,0.0
2013-09-19 00:00:00+09:00,711.9714244796968,727.7754516601562,711.1812231206738,727.7754516601562,227000,0.0,0.0
2013-09-20 00:00:00+09:00,726.1950489421102,727.7754516601562,706.4400149665361,727.7754516601562,236000,0.0,0.0
2013-09-24 00:00:00+09:00,734.8872548462408,786.250342550548,731.7264494490527,780.7189331054688,463000,0.0,0.0
2013-09-25 00:00:00+09:00,769.6561351634838,769.6561351634838,745.9500940393518,746.7402954101562,187000,0.0,0.0
2013-09-26 00:00:00+09:00,745.9442473754883,812.0204187011719,743.5559520263672,796.0984497070312,251000,7.0,0.0
2013-09-27 00:00:00+09:00,787.3413733057229,811.2243269954819,787.3413733057229,792.9140625,231000,0.0,0.0
2013-09-30 00:00:00+09:00,769.8271558704943,811.2242728356088,769.031057467319,804.0593872070312,285000,0.0,0.0
2013-10-01 00:00:00+09:00,803.2633461310405,803.2633461310405,787.3413769312181,798.4867553710938,164000,0.0,0.0
2013-10-02 00:00:00+09:00,790.5256915914601,795.3022818729795,784.9530029296875,784.9530029296875,119000,0.0,0.0
2013-10-03 00:00:00+09:00,784.9530152943071,807.2437702925226,774.6037361879927,801.6710815429688,175000,0.0,0.0
2013-10-04 00:00:00+09:00,786.5452844773349,791.3218752737561,773.8077090202121,780.9725952148438,91000,0.0,0.0
2013-10-07 00:00:00+09:00,780.9724881107704,792.1178651072544,776.9919963263118,788.9334716796875,162000,0.0,0.0
2013-10-08 00:00:00+09:00,779.3802005132039,779.3802005132039,758.6816456476847,764.2543334960938,178000,0.0,0.0
2013-10-09 00:00:00+09:00,765.0505434233567,810.428151097791,765.0505434233567,808.0398559570312,354000,0.0,0.0
2013-10-10 00:00:00+09:00,802.4672008036155,811.2242833520676,800.0789055631285,806.4476928710938,143000,0.0,0.0
2013-10-11 00:00:00+09:00,805.6515440452755,812.0203309547244,802.4671505905511,808.8359375,173000,0.0,0.0
2013-10-15 00:00:00+09:00,809.6320296343634,819.1852099250344,807.2437345616958,812.0203247070312,183000,0.0,0.0
2013-10-16 00:00:00+09:00,811.2242388819517,812.8164356216611,803.2632551834046,805.6515502929688,136000,0.0,0.0
2013-10-17 00:00:00+09:00,814.408659985785,816.7969551763591,796.8944952549078,807.2437744140625,142000,0.0,0.0
2013-10-18 00:00:00+09:00,808.0400009592905,833.5151536988939,806.4478039130654,832.7190551757812,215000,0.0,0.0
2013-10-21 00:00:00+09:00,835.9033220269706,850.2330932617188,825.5540428018749,850.2330932617188,214000,0.0,0.0
2013-10-22 00:00:00+09:00,850.2329939862858,851.8251906042376,832.7188311888156,846.2525024414062,153000,0.0,0.0
2013-10-23 00:00:00+09:00,851.8252413767689,864.562815079599,841.4759627432193,843.8642578125,263000,0.0,0.0
2013-10-24 00:00:00+09:00,840.6799506616636,870.9316913104735,839.8838522235371,868.5433959960938,263000,0.0,0.0
2013-10-25 00:00:00+09:00,865.3588821411132,866.15498046875,851.0291122436523,859.7861938476562,202000,0.0,0.0
2013-10-28 00:00:00+09:00,867.7472386132284,883.6692062942051,865.3589434610818,882.8731079101562,343000,0.0,0.0
2013-10-29 00:00:00+09:00,841.4759307774218,845.4564224083462,835.1071441679427,836.6993408203125,397000,0.0,0.0
2013-10-30 00:00:00+09:00,831.1267217098516,839.8838040267178,823.96183617787,824.7579345703125,193000,0.0,0.0
2013-10-31 00:00:00+09:00,817.5929840058233,838.2915405629327,817.5929840058233,819.1851806640625,185000,0.0,0.0
2013-11-01 00:00:00+09:00,823.9616668481622,823.9616668481622,765.0503979140906,774.6035766601562,288000,0.0,0.0
2013-11-05 00:00:00+09:00,768.235046255319,776.1960311906073,734.7989095271082,739.5755004882812,491000,0.0,0.0
2013-11-06 00:00:00+09:00,741.1676586084336,783.360876552845,741.1676586084336,773.0115966796875,172000,0.0,0.0
2013-11-07 00:00:00+09:00,781.7686796492823,799.2828455884719,771.4193997761248,773.0115966796875,194000,0.0,0.0
2013-11-08 00:00:00+09:00,760.2739265876087,784.1568771610415,760.2739265876087,783.3607788085938,77000,0.0,0.0
2013-11-11 00:00:00+09:00,783.3609759221312,791.321961449795,765.8468077612705,776.9921875,159000,0.0,0.0
2013-11-12 00:00:00+09:00,776.9920048196517,804.0593492498446,772.2154146260883,800.078857421875,170000,0.0,0.0
2013-11-13 00:00:00+09:00,789.7296491350447,804.0594209943499,782.5647632053921,802.4672241210938,265000,0.0,0.0
2013-11-14 00:00:00+09:00,796.8944259643555,859.7861938476562,796.8944259643555,859.7861938476562,629000,0.0,0.0
2013-11-15 00:00:00+09:00,835.9033885755036,862.9707363960438,835.9033885755036,847.0487670898438,271000,0.0,0.0
2013-11-18 00:00:00+09:00,855.009522876812,861.3783088945163,827.1460840493553,837.495361328125,271000,0.0,0.0
2013-11-19 00:00:00+09:00,835.1072114290457,844.6603921126955,825.5540307453961,833.5150146484375,146000,0.0,0.0
2013-11-20 00:00:00+09:00,827.1462297476396,835.9033120645059,814.4086554685615,824.7579345703125,349000,0.0,0.0
2013-11-21 00:00:00+09:00,821.5734061693832,854.2134349028568,821.5734061693832,848.6407470703125,223000,0.0,0.0
2013-11-22 00:00:00+09:00,848.6407210223311,851.8251139717582,796.0982373567834,820.7772827148438,563000,0.0,0.0
2013-11-25 00:00:00+09:00,820.7774512938257,827.9423369016283,806.4476800782206,812.8164672851562,123000,0.0,0.0
2013-11-26 00:00:00+09:00,798.4866938036542,831.1267281465753,798.4866938036542,821.5735473632812,122000,0.0,0.0
2013-11-27 00:00:00+09:00,816.0008738330415,827.1462516219806,806.4476928710938,806.4476928710938,158000,0.0,0.0
2013-11-28 00:00:00+09:00,816.0009861904166,840.6800404069072,816.0009861904166,832.7190551757812,300000,0.0,0.0
2013-11-29 00:00:00+09:00,821.5736558180589,834.3112318772536,820.7775573143592,827.9424438476562,109000,0.0,0.0
2013-12-02 00:00:00+09:00,826.3501165735792,828.7384117081848,816.7969360351562,816.7969360351562,132000,0.0,0.0
2013-12-03 00:00:00+09:00,819.9814031982422,819.9814031982422,796.0984497070312,796.0984497070312,168000,0.0,0.0
2013-12-04 00:00:00+09:00,783.3608229893719,799.2827909363102,780.972527797331,784.1569213867188,177000,0.0,0.0
2013-12-05 00:00:00+09:00,784.1568943068914,814.4086323613706,784.1568943068914,805.6515502929688,255000,0.0,0.0
2013-12-06 00:00:00+09:00,808.8358994038415,838.2915374726822,804.0593094467323,836.6993408203125,469000,0.0,0.0
2013-12-09 00:00:00+09:00,854.2135727963451,854.2135727963451,831.9228178678292,833.5150146484375,205000,0.0,0.0
2013-12-10 00:00:00+09:00,843.8643592675226,843.8643592675226,830.3306855811566,839.0877685546875,184000,0.0,0.0
2013-12-11 00:00:00+09:00,839.0877451549959,847.0487294543791,831.1267608556126,843.0682373046875,200000,0.0,0.0
2013-12-12 00:00:00+09:00,840.6799751112849,840.6799751112849,820.7775135792942,827.1463012695312,124000,0.0,0.0
2013-12-13 00:00:00+09:00,827.1461960162271,831.9227861760897,820.7774091364101,826.35009765625,156000,0.0,0.0
2013-12-16 00:00:00+09:00,823.9618954467774,823.9618954467774,796.0984497070312,796.0984497070312,174000,0.0,0.0
2013-12-17 00:00:00+09:00,797.6905623250933,808.039841077814,792.1178737659359,800.078857421875,181000,0.0,0.0
2013-12-18 00:00:00+09:00,800.0789353572039,804.0594275729114,795.302344698355,799.2828369140625,198000,0.0,0.0
2013-12-19 00:00:00+09:00,807.2437989526866,816.7969800053811,780.1764526367188,780.1764526367188,352000,0.0,0.0
2013-12-20 00:00:00+09:00,777.7882890361735,787.341471706014,775.3999933687135,782.5648803710938,217000,0.0,0.0
2013-12-24 00:00:00+09:00,776.1959022414947,801.6710498022412,776.1959022414947,794.5061645507812,334000,0.0,0.0
2013-12-25 00:00:00+09:00,782.5646742847766,796.0983461696609,782.5646742847766,786.545166015625,185000,0.0,0.0
2013-12-26 00:00:00+09:00,801.6711564415676,813.6126334491381,794.5062702370253,809.6321411132812,292000,0.0,0.0
2013-12-27 00:00:00+09:00,815.2047181372549,815.2047181372549,796.8944559134688,812.0203247070312,154000,0.0,0.0
2013-12-30 00:00:00+09:00,814.4085120139466,838.291459580338,812.8163155095206,837.495361328125,289000,0.0,0.0
2014-01-06 00:00:00+09:00,837.4955860638574,862.1746385049026,827.1463060079352,861.3785400390625,418000,0.0,0.0
2014-01-07 00:00:00+09:00,854.2135846564851,883.6692255067087,850.233092649698,873.3199462890625,384000,0.0,0.0
2014-01-08 00:00:00+09:00,874.9121137845884,905.1638520228181,871.7277202858274,903.5716552734375,274000,0.0,0.0
2014-01-09 00:00:00+09:00,900.3872039054603,901.1833022289842,881.2808441408882,886.0574340820312,176000,0.0,0.0
2014-01-10 00:00:00+09:00,881.2808516624733,905.9598999023438,878.892556671518,905.9598999023438,216000,0.0,0.0
2014-01-14 00:00:00+09:00,882.076925774237,901.183285177289,882.076925774237,886.853515625,172000,0.0,0.0
2014-01-15 00:00:00+09:00,891.6302116131403,949.7453950486396,891.6302116131403,948.1531982421875,518000,0.0,0.0
2014-01-16 00:00:00+09:00,937.8040500563018,948.1533307445293,925.8625723391164,936.2118530273438,134000,0.0,0.0
2014-01-17 00:00:00+09:00,917.1054123300765,939.3961688797659,917.1054123300765,937.0078735351562,104000,0.0,0.0
2014-01-20 00:00:00+09:00,938.5998810615507,942.5803724994707,924.2701118850384,940.1920776367188,147000,0.0,0.0
2014-01-21 00:00:00+09:00,941.7843050611308,968.0555494119484,941.7843050611308,956.1140747070312,231000,0.0,0.0
2014-01-22 00:00:00+09:00,964.0751863016001,982.3854499555529,960.8907926226517,976.0166625976562,231000,0.0,0.0
2014-01-23 00:00:00+09:00,970.4440063679001,981.5893846198694,957.7064312227923,960.0947265625,341000,0.0,0.0
2014-01-24 00:00:00+09:00,939.396094986155,952.9297675410404,933.0273079015033,943.3765869140625,234000,0.0,0.0
2014-01-27 00:00:00+09:00,913.1247214481748,929.0466869485789,910.7364266231142,923.4739990234375,232000,0.0,0.0
2014-01-28 00:00:00+09:00,923.474135700454,947.3570874858106,915.5131517720018,931.4351196289062,191000,0.0,0.0
2014-01-29 00:00:00+09:00,933.0274088133746,952.9298706054688,933.0274088133746,952.9298706054688,122000,0.0,0.0
2014-01-30 00:00:00+09:00,932.2311603399934,932.2311603399934,908.3482100323932,913.9208984375,300000,0.0,0.0
2014-01-31 00:00:00+09:00,905.1639947813561,923.4742602870475,865.3590697689833,879.6888427734375,563000,0.0,0.0
2014-02-03 00:00:00+09:00,880.4847686437063,889.2418504294935,868.543293481269,882.0769653320312,203000,0.0,0.0
2014-02-04 00:00:00+09:00,860.5823291158258,874.1160012665836,817.593017578125,817.593017578125,326000,0.0,0.0
2014-02-05 00:00:00+09:00,841.476063911105,844.6604577196617,816.0009134426515,839.0877685546875,371000,0.0,0.0
2014-02-06 00:00:00+09:00,855.0095331646488,864.5627123061533,831.1265853108877,848.6407470703125,216000,0.0,0.0
2014-02-07 00:00:00+09:00,855.8056992324856,878.892550653641,836.6993394356673,877.3003540039062,234000,0.0,0.0
2014-02-10 00:00:00+09:00,883.6692465594543,886.0575418204259,870.1355734139491,878.0965576171875,148000,0.0,0.0
2014-02-12 00:00:00+09:00,884.4652898231348,901.1833556073703,862.1745354441538,874.912109375,239000,0.0,0.0
2014-02-13 00:00:00+09:00,881.2810016850667,881.2810016850667,858.1941461757018,861.3785400390625,131000,0.0,0.0
2014-02-14 00:00:00+09:00,861.3785024092168,866.1550929955896,829.5345651667319,857.3980102539062,349000,0.0,0.0
2014-02-17 00:00:00+09:00,850.2329435938966,859.786122735401,840.6797644523922,848.6407470703125,329000,0.0,0.0
2014-02-18 00:00:00+09:00,836.6994291560942,842.2721180277332,812.0203784388355,838.2916259765625,446000,0.0,0.0
2014-02-19 00:00:00+09:00,821.5735933220244,821.5735933220244,792.9140493689305,799.2828369140625,658000,0.0,0.0
2014-02-20 00:00:00+09:00,781.7686936809139,797.6906630023175,777.788201350563,780.9725952148438,459000,0.0,0.0
2014-02-21 00:00:00+09:00,791.3217899717133,793.710085112473,777.7881175074084,784.9530029296875,328000,0.0,0.0
2014-02-24 00:00:00+09:00,778.5841825539284,798.4866412081699,775.3997891692497,786.545166015625,272000,0.0,0.0
2014-02-25 00:00:00+09:00,786.5452400051818,787.3413384262396,776.1959605314294,780.1764526367188,216000,0.0,0.0
2014-02-26 00:00:00+09:00,769.0309420232456,769.0309420232456,745.944091796875,745.944091796875,512000,0.0,0.0
2014-02-27 00:00:00+09:00,752.3128780662187,762.6621557539021,743.5557969458711,745.944091796875,305000,0.0,0.0
2014-02-28 00:00:00+09:00,744.3519579102617,744.3519579102617,730.0221875975508,737.1870727539062,224000,0.0,0.0
2014-03-03 00:00:00+09:00,720.4691065912662,732.4105834960938,706.139334305473,732.4105834960938,200000,0.0,0.0
2014-03-04 00:00:00+09:00,717.2846467649781,737.9832048292284,717.2846467649781,735.5949096679688,229000,0.0,0.0
2014-03-05 00:00:00+09:00,747.5363051585662,753.9050915709927,741.963617047693,745.1480102539062,146000,0.0,0.0
2014-03-06 00:00:00+09:00,751.5168061266447,760.2738875539679,741.9636263877468,756.2933959960938,176000,0.0,0.0
2014-03-07 00:00:00+09:00,761.8661393459489,762.6622377151714,750.7207621768337,759.4778442382812,134000,0.0,0.0
2014-03-10 00:00:00+09:00,765.0505476195783,769.8271379272968,750.7207766964228,767.4388427734375,197000,0.0,0.0
2014-03-11 00:00:00+09:00,770.6232363119166,774.6037282350153,759.47785892724,767.4388427734375,161000,0.0,0.0
2014-03-12 00:00:00+09:00,762.6623045303279,762.6623045303279,741.9637451171875,741.9637451171875,205000,0.0,0.0
2014-03-13 00:00:00+09:00,744.3519272915153,756.2934020608978,737.9831407478446,753.1090087890625,99000,0.0,0.0
2014-03-14 00:00:00+09:00,741.9636319394143,741.9636319394143,718.8767807309991,721.2650756835938,178000,0.0,0.0
2014-03-17 00:00:00+09:00,722.8573593311095,722.8573593311095,704.5470958238237,708.527587890625,107000,0.0,0.0
2014-03-18 00:00:00+09:00,711.7119727371805,722.0612519827995,711.7119727371805,720.4690551757812,74000,0.0,0.0
2014-03-19 00:00:00+09:00,720.4689713362809,732.4104459993132,718.0806764036744,724.449462890625,247000,0.0,0.0
2014-03-20 00:00:00+09:00,735.5949394851434,736.3910379044996,725.2456600335126,728.4300537109375,315000,0.0,0.0
2014-03-24 00:00:00+09:00,738.7793624573715,761.0701190832405,731.6144763990565,758.6818237304688,401000,0.0,0.0
2014-03-25 00:00:00+09:00,780.1764126481681,788.9334948309537,773.011527225889,784.9530029296875,431000,0.0,0.0
2014-03-26 00:00:00+09:00,782.5646872846529,805.6515397070893,776.9919987688925,803.2632446289062,376000,0.0,0.0
2014-03-27 00:00:00+09:00,829.7975193594208,829.7975193594208,808.8917679026912,822.5609130859375,296000,10.0,0.0
2014-03-28 00:00:00+09:00,842.6626645688658,868.392822265625,832.2097880045574,868.392822265625,300000,0.0,0.0
2014-03-31 00:00:00+09:00,868.3927393839367,872.4130761403438,845.8788535480569,871.6090087890625,363000,0.0,0.0
2014-04-01 00:00:00+09:00,860.3520593106638,890.1025510812195,858.7439246203635,886.0822143554688,431000,0.0,0.0
2014-04-02 00:00:00+09:00,886.0823279244559,908.5962164742606,877.2375859941754,900.5555419921875,323000,0.0,0.0
2014-04-03 00:00:00+09:00,909.4000881419462,934.3261736701517,898.9472135656019,929.5017700195312,479000,0.0,0.0
2014-04-04 00:00:00+09:00,914.2246045941785,931.9140868290701,914.2246045941785,923.8734130859375,265000,0.0,0.0
2014-04-07 00:00:00+09:00,916.63681640625,945.5832421875,914.2246142578125,944.7791748046875,309000,0.0,0.0
2014-04-08 00:00:00+09:00,927.0896036233988,931.1099401525549,887.690305637669,892.5147094726562,350000,0.0,0.0
2014-04-09 00:00:00+09:00,889.29861684109,909.4003034785469,885.2782795135987,902.1636962890625,198000,0.0,0.0
2014-04-10 00:00:00+09:00,913.4204106005459,919.8529487033667,882.8658546121474,883.669921875,225000,0.0,0.0
2014-04-11 00:00:00+09:00,860.3521966243136,890.9067606165789,860.3521966243136,887.6904907226562,180000,0.0,0.0
2014-04-14 00:00:00+09:00,873.2171250423442,900.5554144083108,864.3723843651197,890.1025390625,138000,0.0,0.0
2014-04-15 00:00:00+09:00,908.5961401388773,915.8327465647621,897.339196809723,909.4002075195312,181000,0.0,0.0
2014-04-16 00:00:00+09:00,909.4001956910125,933.522216796875,906.9879935804263,933.522216796875,235000,0.0,0.0
2014-04-17 00:00:00+09:00,933.5221741580796,940.7587801593049,914.2245581548118,915.0286254882812,218000,0.0,0.0
2014-04-18 00:00:00+09:00,908.5961887198434,919.0490652272398,904.575851601614,913.4205932617188,182000,0.0,0.0
2014-04-21 00:00:00+09:00,913.4205346031526,919.8530735792312,907.7920629990839,908.5961303710938,150000,0.0,0.0
2014-04-22 00:00:00+09:00,903.7718117850167,909.4002839224679,900.5555419921875,900.5555419921875,136000,0.0,0.0
2014-04-23 00:00:00+09:00,895.731006121188,906.1838814170367,895.731006121188,899.7513427734375,151000,0.0,0.0
2014-04-24 00:00:00+09:00,891.7107275390625,912.6164794921875,891.7107275390625,904.5758056640625,138000,0.0,0.0
2014-04-25 00:00:00+09:00,906.9879032953166,913.42044161656,898.9472303937624,911.0082397460938,165000,0.0,0.0
2014-04-28 00:00:00+09:00,911.0082654824936,911.0082654824936,895.7309865379503,898.1431884765625,97000,0.0,0.0
2014-04-30 00:00:00+09:00,910.2042189205393,910.2042189205393,873.2171216852524,874.8252563476562,246000,0.0,0.0
2014-05-01 00:00:00+09:00,880.4536528235896,885.2780564007052,867.5885766179481,883.669921875,287000,0.0,0.0
2014-05-02 00:00:00+09:00,886.8863086992293,894.1229150258775,878.8456350029534,893.31884765625,111000,0.0,0.0
2014-05-07 00:00:00+09:00,879.6497690211461,890.1026456182896,861.1562181185078,863.5684204101562,176000,0.0,0.0
2014-05-08 00:00:00+09:00,872.4131176960888,879.6497242023236,858.7439720732007,870.0009155273438,106000,0.0,0.0
2014-05-09 00:00:00+09:00,863.5683003972085,866.784569672431,853.9194925715415,858.743896484375,170000,0.0,0.0
2014-05-12 00:00:00+09:00,858.7439425792369,859.5480099412025,846.6829321497532,847.4869995117188,126000,0.0,0.0
2014-05-13 00:00:00+09:00,858.743845326751,871.6089216612341,845.0747017213627,859.5479125976562,139000,0.0,0.0
2014-05-14 00:00:00+09:00,859.5480245354133,876.4334394233869,781.553489100488,818.5405883789062,309000,0.0,0.0
2014-05-15 00:00:00+09:00,816.1283097566613,834.6218576624773,812.9120405556499,832.2096557617188,113000,0.0,0.0
2014-05-16 00:00:00+09:00,813.7162475585938,816.9325173117899,799.2430336692117,813.7162475585938,74000,0.0,0.0
2014-05-19 00:00:00+09:00,817.7365089036153,828.9934519957004,816.932441539895,822.5609130859375,187000,0.0,0.0
2014-05-20 00:00:00+09:00,833.8178905968028,837.8382275813583,823.3650144369586,835.426025390625,143000,0.0,0.0
2014-05-21 00:00:00+09:00,811.3039519338896,819.3446253921046,787.1819315592447,796.0266723632812,293000,0.0,0.0
2014-05-22 00:00:00+09:00,801.6551002376398,829.7974558126823,799.2428983312076,827.38525390625,191000,0.0,0.0
2014-05-23 00:00:00+09:00,827.3852519602015,834.6218576624773,821.7567808584314,832.2096557617188,118000,0.0,0.0
2014-05-26 00:00:00+09:00,834.6219002447867,851.5073144115887,834.6219002447867,850.7032470703125,118000,0.0,0.0
2014-05-27 00:00:00+09:00,850.7032116910088,853.1154136145183,836.2300001499519,837.838134765625,192000,0.0,0.0
2014-05-28 00:00:00+09:00,848.2910460580418,874.8252683518006,844.2707093468663,870.804931640625,202000,0.0,0.0
2014-05-29 00:00:00+09:00,859.5481379668796,879.6498250100714,858.744070485152,873.21728515625,299000,0.0,0.0
2014-05-30 00:00:00+09:00,873.2171434916253,880.4537496531581,869.1968067352182,871.6090087890625,168000,0.0,0.0
2014-06-02 00:00:00+09:00,884.473988304561,945.5831002237852,882.0617865182758,943.1708984375,385000,0.0,0.0
2014-06-03 00:00:00+09:00,949.6036982052092,960.8606429764818,923.8735387280146,934.326416015625,148000,0.0,0.0
2014-06-04 00:00:00+09:00,934.3261736701517,939.1505773207721,924.6773663689108,929.5017700195312,158000,0.0,0.0
2014-06-05 00:00:00+09:00,930.3057801378268,964.8806708430355,930.3057801378268,949.6033935546875,365000,0.0,0.0
2014-06-06 00:00:00+09:00,946.3873168635489,954.4279907536386,946.3873168635489,950.4076538085938,117000,0.0,0.0
2014-06-09 00:00:00+09:00,944.779103943599,950.4075752011354,936.7384307185471,943.9750366210938,128000,0.0,0.0
2014-06-10 00:00:00+09:00,929.5017762326909,950.4075255251216,927.0895743912565,939.9546508789062,216000,0.0,0.0
2014-06-11 00:00:00+09:00,935.1302919950695,967.2929847550031,935.1302919950695,953.6238403320312,249000,0.0,0.0
2014-06-12 00:00:00+09:00,942.3667439405963,967.2928267581377,940.7586095652711,965.6846923828125,203000,0.0,0.0
2014-06-13 00:00:00+09:00,964.8809398073524,976.9419515549442,953.6239955095999,966.4890747070312,266000,0.0,0.0
2014-06-16 00:00:00+09:00,972.9214900775547,994.6313084511861,971.3133553832116,991.4150390625,234000,0.0,0.0
2014-06-17 00:00:00+09:00,992.2191746865549,1005.084253126575,988.1988376740486,997.0435791015625,261000,0.0,0.0
2014-06-18 00:00:00+09:00,997.0435967683208,1001.063933852064,979.3541135998506,983.3744506835938,269000,0.0,0.0
2014-06-19 00:00:00+09:00,983.3743363543254,993.8272115567835,983.3743363543254,989.0028076171875,114000,0.0,0.0
2014-06-20 00:00:00+09:00,987.3946455202924,1006.6922607421874,983.374309015731,1006.6922607421875,285000,0.0,0.0
2014-06-23 00:00:00+09:00,1002.6718682770088,1022.7735496779111,998.6515319968283,1021.969482421875,301000,0.0,0.0
2014-06-24 00:00:00+09:00,1005.8883436203004,1030.814433670044,1005.8883436203004,1029.206298828125,178000,0.0,0.0
2014-06-25 00:00:00+09:00,1021.1652631789729,1027.597800269864,1016.3408603608044,1019.55712890625,169000,0.0,0.0
2014-06-26 00:00:00+09:00,1013.124739304243,1034.8345551464768,1012.3206720508269,1031.6182861328125,288000,0.0,0.0
2014-06-27 00:00:00+09:00,1034.8347365946709,1034.8347365946709,1009.9086473682258,1016.3411865234375,254000,0.0,0.0
2014-06-30 00:00:00+09:00,1014.7330467678536,1026.794057624841,1014.7330467678536,1025.989990234375,151000,0.0,0.0
2014-07-01 00:00:00+09:00,1029.2063144804715,1091.1195068359375,1027.598179614096,1091.1195068359375,425000,0.0,0.0
2014-07-02 00:00:00+09:00,1079.8626031019016,1095.9439523662636,1067.8015911536302,1074.234130859375,403000,0.0,0.0
2014-07-03 00:00:00+09:00,1091.1194430843348,1157.8570361396037,1091.1194430843348,1156.2489013671875,514000,0.0,0.0
2014-07-04 00:00:00+09:00,1156.2489311951028,1157.8570660090043,1131.3228415796311,1138.5594482421875,198000,0.0,0.0
2014-07-07 00:00:00+09:00,1137.7553319897236,1143.3838035967399,1125.6943214032601,1134.5390625,166000,0.0,0.0
2014-07-08 00:00:00+09:00,1124.8903598275701,1148.2083158211365,1116.84968534703,1143.3839111328125,305000,0.0,0.0
2014-07-09 00:00:00+09:00,1136.9511095600033,1137.7551768227754,1109.6128226257456,1112.0250244140625,160000,0.0,0.0
2014-07-10 00:00:00+09:00,1136.147266396155,1136.147266396155,1117.6537157046394,1120.06591796875,217000,0.0,0.0
2014-07-11 00:00:00+09:00,1109.6131591796875,1117.653834246207,1098.3562140865602,1109.6131591796875,250000,0.0,0.0
2014-07-14 00:00:00+09:00,1121.6737485636716,1121.6737485636716,1098.3557996687996,1115.2412109375,228000,0.0,0.0
2014-07-15 00:00:00+09:00,1124.8903224969715,1125.6943899183418,1114.4374460191584,1120.06591796875,131000,0.0,0.0
2014-07-16 00:00:00+09:00,1107.200752125999,1128.1065034370201,1107.200752125999,1112.8292236328125,115000,0.0,0.0
2014-07-17 00:00:00+09:00,1103.1805842641963,1117.6537989265546,1103.1805842641963,1116.8497314453125,186000,0.0,0.0
2014-07-18 00:00:00+09:00,1103.1805842641963,1119.261933889039,1099.1602468579858,1116.8497314453125,202000,0.0,0.0
2014-07-22 00:00:00+09:00,1116.8497951864608,1149.8165637988764,1116.8497951864608,1142.5799560546875,236000,0.0,0.0
2014-07-23 00:00:00+09:00,1143.3837885382181,1150.620394794789,1120.8699024066639,1123.2821044921875,167000,0.0,0.0
2014-07-24 00:00:00+09:00,1123.2822168563362,1129.7147563945257,1114.4374749913256,1122.4781494140625,115000,0.0,0.0
2014-07-25 00:00:00+09:00,1135.3431149198059,1135.3431149198059,1115.2414308737752,1123.2821044921875,85000,0.0,0.0
2014-07-28 00:00:00+09:00,1110.4170460240853,1131.322797795719,1109.6129786482531,1124.8902587890625,148000,0.0,0.0
2014-07-29 00:00:00+09:00,1135.3429549073298,1140.9714256469554,1120.065677185489,1140.1673583984375,170000,0.0,0.0
2014-07-30 00:00:00+09:00,1127.3025141832436,1143.3838624597522,1122.478109700291,1139.363525390625,128000,0.0,0.0
2014-07-31 00:00:00+09:00,1140.1673915800768,1140.1673915800768,1128.9104497732212,1132.9307861328125,147000,0.0,0.0
2014-08-01 00:00:00+09:00,1109.6130273720767,1119.261836305747,1103.9845554941023,1108.8089599609375,259000,0.0,0.0
2014-08-04 00:00:00+09:00,1124.0862110936366,1124.0862110936366,1106.396728515625,1106.396728515625,80000,0.0,0.0
2014-08-05 00:00:00+09:00,1099.964169784331,1109.6129782912112,1080.666552770571,1084.6868896484375,133000,0.0,0.0
2014-08-06 00:00:00+09:00,1079.058422833302,1079.058422833302,1054.9364014584892,1075.0380859375,329000,0.0,0.0
2014-08-07 00:00:00+09:00,1071.0175228274195,1088.707001432677,1058.956514687471,1086.2947998046875,306000,0.0,0.0
2014-08-08 00:00:00+09:00,1084.6869588002148,1088.707295934389,1052.524261726821,1070.2137451171875,425000,0.0,0.0
2014-08-11 00:00:00+09:00,1088.7070203044857,1088.7070203044857,1047.699591917832,1058.1524658203125,591000,0.0,0.0
2014-08-12 00:00:00+09:00,1066.9974267651771,1081.4706397883672,1055.740483302696,1066.193359375,551000,0.0,0.0
2014-08-13 00:00:00+09:00,1052.5242230116262,1094.335727669078,1052.5242230116262,1087.09912109375,351000,0.0,0.0
2014-08-14 00:00:00+09:00,1103.180602711567,1106.3968726903179,1080.6667128603103,1087.9033203125,299000,0.0,0.0
2014-08-15 00:00:00+09:00,1103.1803312574514,1105.592533147956,1087.9030526175886,1095.9437255859375,241000,0.0,0.0
2014-08-18 00:00:00+09:00,1096.7479942741224,1099.16019660757,1082.2747802734375,1082.2747802734375,207000,0.0,0.0
2014-08-19 00:00:00+09:00,1088.7072265263043,1091.1194286530242,1079.8624853949975,1084.6868896484375,193000,0.0,0.0
2014-08-20 00:00:00+09:00,1091.119256154253,1121.673811595566,1083.8826509181526,1110.4168701171875,228000,0.0,0.0
2014-08-21 00:00:00+09:00,1115.241536920721,1133.7350880015981,1111.2211997292259,1132.126953125,248000,0.0,0.0
2014-08-22 00:00:00+09:00,1149.816534512285,1149.816534512285,1101.572484113168,1109.6131591796875,241000,0.0,0.0
2014-08-25 00:00:00+09:00,1099.9641990910948,1111.2211426490446,1099.9641990910948,1107.2008056640625,189000,0.0,0.0
2014-08-26 00:00:00+09:00,1102.3763120513483,1112.8291873662045,1077.4502247620765,1079.8624267578125,365000,0.0,0.0
2014-08-27 00:00:00+09:00,1079.8625779399902,1086.29511749585,1075.038173273095,1082.2747802734375,154000,0.0,0.0
2014-08-28 00:00:00+09:00,1082.2749744093562,1082.2749744093562,1065.3895550463574,1067.8017578125,148000,0.0,0.0
2014-08-29 00:00:00+09:00,1061.3690185546875,1063.7812208695846,1053.3283441716976,1061.3690185546875,148000,0.0,0.0
2014-09-01 00:00:00+09:00,1061.3691340266048,1072.626079387493,1059.7609989750492,1071.0179443359375,142000,0.0,0.0
2014-09-02 00:00:00+09:00,1067.8015911536302,1079.8626031019016,1061.3690514478856,1074.234130859375,274000,0.0,0.0
2014-09-03 00:00:00+09:00,1084.6868994140625,1084.6868994140625,1043.679462890625,1045.28759765625,504000,0.0,0.0
2014-09-04 00:00:00+09:00,1043.6792813758577,1044.4833486188284,1006.6921881992095,1010.7125244140625,340000,0.0,0.0
2014-09-05 00:00:00+09:00,1029.206100616808,1046.8955804711595,1022.773562487953,1042.875244140625,360000,0.0,0.0
2014-09-08 00:00:00+09:00,1042.8752713311887,1045.2874731924019,1023.5776564414829,1025.185791015625,272000,0.0,0.0
2014-09-09 00:00:00+09:00,1038.8548946088972,1064.5850467973528,1014.73287693222,1051.719970703125,557000,0.0,0.0
2014-09-10 00:00:00+09:00,1028.4022010938656,1091.1194580800434,1028.4022010938656,1087.09912109375,578000,0.0,0.0
2014-09-11 00:00:00+09:00,1079.862294772698,1114.4371858190318,1075.8419586045197,1079.0582275390625,133000,0.0,0.0
2014-09-12 00:00:00+09:00,1098.3561082593362,1103.1805128344138,1079.8625573882055,1100.768310546875,311000,0.0,0.0
2014-09-16 00:00:00+09:00,1090.315256607979,1124.8901504384683,1090.315256607979,1116.04541015625,142000,0.0,0.0
2014-09-17 00:00:00+09:00,1105.5926903163809,1112.0252296054941,1105.5926903163809,1108.8089599609375,69000,0.0,0.0
2014-09-18 00:00:00+09:00,1108.8089740695666,1125.6943899183418,1108.8089740695666,1120.06591796875,211000,0.0,0.0
2014-09-19 00:00:00+09:00,1120.06585453407,1129.714663044055,1109.6129786482531,1124.8902587890625,173000,0.0,0.0
2014-09-22 00:00:00+09:00,1129.7147563945257,1138.5594982595362,1105.5927331263151,1122.4781494140625,193000,0.0,0.0
2014-09-24 00:00:00+09:00,1103.9845497433075,1141.7757178699903,1103.9845497433075,1138.5594482421875,267000,0.0,0.0
2014-09-25 00:00:00+09:00,1133.7350340934188,1141.7757080940812,1129.7146970930876,1137.75537109375,274000,0.0,0.0
2014-09-26 00:00:00+09:00,1113.461565413769,1147.472755048226,1113.461565413769,1142.614013671875,231000,10.0,0.0
2014-09-29 00:00:00+09:00,1143.4238752670233,1153.9511489061674,1143.4238752670233,1149.0924072265625,170000,0.0,0.0
2014-09-30 00:00:00+09:00,1153.9510740304227,1158.0000251673716,1145.0433815291353,1154.7608642578125,313000,0.0,0.0
2014-10-01 00:00:00+09:00,1166.0980829610587,1211.4463417428776,1166.0980829610587,1200.9190673828125,305000,0.0,0.0
2014-10-02 00:00:00+09:00,1189.5819769674843,1189.5819769674843,1130.4672837621565,1134.5162353515625,319000,0.0,0.0
2014-10-03 00:00:00+09:00,1133.7063979555237,1143.423881366571,1117.5105922704447,1128.84765625,182000,0.0,0.0
2014-10-06 00:00:00+09:00,1153.1411873676782,1153.1411873676782,1136.1355940146436,1147.47265625,123000,0.0,0.0
2014-10-07 00:00:00+09:00,1153.9512058370497,1153.9512058370497,1125.6085446410518,1126.4183349609375,90000,0.0,0.0
2014-10-08 00:00:00+09:00,1102.1245696629346,1107.7931016156463,1062.444845993953,1071.3525390625,528000,0.0,0.0
2014-10-09 00:00:00+09:00,1085.1191865674814,1085.1191865674814,1040.5807124919506,1041.3905029296875,213000,0.0,0.0
2014-10-10 00:00:00+09:00,1018.7163439534173,1023.5750864524002,987.9443081265256,995.232421875,239000,0.0,0.0
2014-10-14 00:00:00+09:00,962.0309950354064,996.8519822294488,959.601623835822,986.32470703125,133000,0.0,0.0
2014-10-15 00:00:00+09:00,976.607041977696,986.3245249824492,973.3678809761117,982.2755737304688,84000,0.0,0.0
2014-10-16 00:00:00+09:00,955.5523805990689,970.93839350702,949.8838495277186,953.9328002929688,81000,0.0,0.0
2014-10-17 00:00:00+09:00,947.4547803795857,975.7974447499151,931.2589721679689,931.2589721679688,74000,0.0,0.0
2014-10-20 00:00:00+09:00,974.1777229309082,974.9875132242838,949.8840141296387,971.7483520507812,231000,0.0,0.0
2014-10-21 00:00:00+09:00,971.7484208776596,975.7973726313164,946.6449200049867,951.503662109375,305000,0.0,0.0
2014-10-22 00:00:00+09:00,983.0854815256323,1000.9008691644823,982.2756911784119,994.4225463867188,220000,0.0,0.0
2014-10-23 00:00:00+09:00,988.7539469232204,989.5637372155408,970.9385604921713,975.7973022460938,265000,0.0,0.0
2014-10-24 00:00:00+09:00,1000.0909636146564,1000.0909636146564,964.4601924413407,966.0797729492188,159000,0.0,0.0
2014-10-27 00:00:00+09:00,983.0853397381975,986.3245006599049,973.3678569730753,981.4657592773438,223000,0.0,0.0
2014-10-28 00:00:00+09:00,991.1832792501033,991.1832792501033,979.8462155985497,980.656005859375,222000,0.0,0.0
2014-10-29 00:00:00+09:00,981.4659323577145,1010.6183857940822,979.8463516112496,1005.7596435546875,192000,0.0,0.0
2014-10-30 00:00:00+09:00,998.4714203983905,1028.433660913184,998.4714203983905,1008.1889038085938,413000,0.0,0.0
2014-10-31 00:00:00+09:00,1011.4279708744385,1054.3468519443707,1011.4279708744385,1047.8685302734375,522000,0.0,0.0
2014-11-04 00:00:00+09:00,1108.6029761043596,1121.5596215518904,1079.450523847415,1115.081298828125,378000,0.0,0.0
2014-11-05 00:00:00+09:00,1090.7873308624564,1107.7929239939424,1074.591527880089,1077.8306884765625,229000,0.0,0.0
2014-11-06 00:00:00+09:00,1098.885757089829,1100.5053381614425,1071.3528788723977,1074.592041015625,257000,0.0,0.0
2014-11-07 00:00:00+09:00,1060.82519346295,1075.4014174952652,1060.82519346295,1068.923095703125,267000,0.0,0.0
2014-11-10 00:00:00+09:00,1077.0208239502495,1097.2655762801414,1065.6837626455101,1095.64599609375,286000,0.0,0.0
2014-11-11 00:00:00+09:00,1086.738695598784,1093.2170186723981,1082.6897436777751,1088.3582763671875,303000,0.0,0.0
2014-11-12 00:00:00+09:00,1098.0754669464386,1110.222319456908,1077.0209225949582,1078.6405029296875,447000,0.0,0.0
2014-11-13 00:00:00+09:00,1069.7328778724532,1115.890920293899,1069.7328778724532,1105.3636474609375,384000,0.0,0.0
2014-11-14 00:00:00+09:00,1125.6085841808517,1125.6085841808517,1073.7820018876328,1086.7386474609375,106000,0.0,0.0
2014-11-17 00:00:00+09:00,1105.3635319890202,1105.3635319890202,1046.2488522562742,1048.67822265625,73000,0.0,0.0
2014-11-18 00:00:00+09:00,1048.678434896325,1074.5917244072766,1048.678434896325,1072.162353515625,51000,0.0,0.0
2014-11-19 00:00:00+09:00,1060.8252958631037,1080.2602631155576,1049.4882316325059,1051.9176025390625,80000,0.0,0.0
2014-11-20 00:00:00+09:00,1076.2110614425567,1076.2110614425567,1049.487987682132,1055.96630859375,189000,0.0,0.0
2014-11-21 00:00:00+09:00,1061.6350464852349,1113.4616238880228,1052.7273534941305,1103.744140625,406000,0.0,0.0
2014-11-25 00:00:00+09:00,1130.4671161629562,1130.4671161629562,1112.6517318108179,1120.7496337890625,146000,0.0,0.0
2014-11-26 00:00:00+09:00,1113.461471918061,1141.8041275668845,1113.461471918061,1131.27685546875,146000,0.0,0.0
2014-11-27 00:00:00+09:00,1140.1846223021582,1140.1846223021582,1115.890915861061,1125.6083984375,68000,0.0,0.0
2014-11-28 00:00:00+09:00,1119.1300811655792,1124.79861269102,1095.6461648458962,1105.3636474609375,136000,0.0,0.0
2014-12-01 00:00:00+09:00,1108.6029593060407,1108.6029593060407,1085.1190397882356,1094.0267333984375,367000,0.0,0.0
2014-12-02 00:00:00+09:00,1102.1245097599265,1129.657377748051,1094.836397645423,1110.222412109375,313000,0.0,0.0
2014-12-03 00:00:00+09:00,1124.7989969282007,1124.7989969282007,1081.8801007171176,1085.1192626953125,146000,0.0,0.0
2014-12-04 00:00:00+09:00,1085.1190730338737,1093.2169765639774,1064.874314208615,1070.5428466796875,189000,0.0,0.0
2014-12-05 00:00:00+09:00,1071.3525366815336,1081.8798102846024,1063.2546339099424,1079.450439453125,87000,0.0,0.0
2014-12-08 00:00:00+09:00,1095.6463184470902,1095.6463184470902,1072.1623988351423,1081.8798828125,82000,0.0,0.0
2014-12-09 00:00:00+09:00,1080.2600872080814,1083.4992478893648,1052.7272214171708,1054.3468017578125,46000,0.0,0.0
2014-12-10 00:00:00+09:00,1047.0587680951287,1048.6783485562194,1029.2433830231312,1032.4825439453125,96000,0.0,0.0
2014-12-11 00:00:00+09:00,1018.7160388251035,1032.4824717821996,996.0419139545925,1026.004150390625,91000,0.0,0.0
2014-12-12 00:00:00+09:00,1013.047535436727,1026.0041785758058,1005.7594236709951,1006.5692138671875,157000,0.0,0.0
2014-12-15 00:00:00+09:00,990.3735764700218,998.4714797935707,974.9875601552791,977.4169311523438,80000,0.0,0.0
2014-12-16 00:00:00+09:00,970.1288647294856,970.9386551007123,948.264524706367,952.3134765625,87000,0.0,0.0
2014-12-17 00:00:00+09:00,954.7427356307571,963.6504286688727,949.8839939736031,958.7916870117188,78000,0.0,0.0
2014-12-18 00:00:00+09:00,992.8026729927714,1004.139734511449,981.4656114740936,996.8516235351562,105000,0.0,0.0
2014-12-19 00:00:00+09:00,1004.9497323926649,1008.998683772168,996.0420393577581,1001.7105712890625,86000,0.0,0.0
2014-12-22 00:00:00+09:00,993.6126108122731,999.2811424142991,988.7538694391079,989.5636596679688,38000,0.0,0.0
2014-12-24 00:00:00+09:00,1001.7105354995913,1003.3301159935276,994.422423276878,998.4713745117188,44000,0.0,0.0
2014-12-25 00:00:00+09:00,998.4714768220875,998.4714768220875,985.5148315429688,985.5148315429688,36000,0.0,0.0
2014-12-26 00:00:00+09:00,985.5147533155045,1004.1399294258222,985.5147533155045,1003.3301391601562,31000,0.0,0.0
2014-12-29 00:00:00+09:00,1016.2867834108121,1016.2867834108121,987.9441241125025,1003.3301391601562,41000,0.0,0.0
2014-12-30 00:00:00+09:00,1001.7104894236514,1001.7104894236514,984.7048950195312,984.7048950195312,49000,0.0,0.0
2015-01-05 00:00:00+09:00,979.8461537612112,1004.1398600528115,966.079720195971,984.7048950195312,133300,0.0,0.0
2015-01-06 00:00:00+09:00,962.0308559627184,990.3735158606099,962.0308559627184,973.367919921875,147300,0.0,0.0
2015-01-07 00:00:00+09:00,961.2209957241511,973.3678490820805,946.6447716946358,962.840576171875,73300,0.0,0.0
2015-01-08 00:00:00+09:00,962.8406868688573,975.7973319402633,957.9819449670802,960.4113159179688,92000,0.0,0.0
2015-01-09 00:00:00+09:00,953.1232299804688,970.1288271169087,950.6938589609774,953.1232299804688,71100,0.0,0.0
2015-01-13 00:00:00+09:00,953.1230981571158,953.1230981571158,933.6881326891712,942.5958251953125,104600,0.0,0.0
2015-01-14 00:00:00+09:00,936.9274153696651,937.7372057027417,906.1553827127531,907.7749633789062,97600,0.0,0.0
2015-01-15 00:00:00+09:00,915.0628165497867,933.687988922039,914.2530264466453,925.590087890625,137200,0.0,0.0
2015-01-16 00:00:00+09:00,901.2966208617612,903.7259918074802,883.4812339264882,894.8182983398438,191100,0.0,0.0
2015-01-19 00:00:00+09:00,894.81822029021,895.6280105348164,858.3776592829163,865.665771484375,235300,0.0,0.0
2015-01-20 00:00:00+09:00,889.9594004881917,889.9594004881917,877.8125478882619,883.4810791015625,224900,0.0,0.0
2015-01-21 00:00:00+09:00,886.7204281831763,886.7204281831763,868.9050405849755,871.3344116210938,207600,0.0,0.0
2015-01-22 00:00:00+09:00,866.4754775972132,866.4754775972132,844.6111431157882,856.7579956054688,146900,0.0,0.0
2015-01-23 00:00:00+09:00,859.1874254776744,865.6657472531894,857.5678450337956,864.85595703125,127300,0.0,0.0
2015-01-26 00:00:00+09:00,865.6658732281985,889.9595834216933,857.5679698303669,887.5302124023438,106800,0.0,0.0
2015-01-27 00:00:00+09:00,896.4378328733453,902.1063647885336,879.4322371277805,885.1007690429688,93700,0.0,0.0
2015-01-28 00:00:00+09:00,888.3399077833744,926.4000496847588,882.6713760108279,923.160888671875,158600,0.0,0.0
2015-01-29 00:00:00+09:00,923.9705722257027,929.6391033436518,900.4866575941993,901.2964477539062,129400,0.0,0.0
2015-01-30 00:00:00+09:00,905.345496856909,913.4433993332678,896.4378041329144,900.4867553710938,79800,0.0,0.0
2015-02-02 00:00:00+09:00,902.9161027628949,912.633585483213,885.1007177756449,895.6279907226562,94300,0.0,0.0
2015-02-03 00:00:00+09:00,890.7692927870639,892.3888733194041,864.8560042696221,870.5245361328125,130600,0.0,0.0
2015-02-04 00:00:00+09:00,885.9104496215484,897.2475120481496,875.3831773682759,883.4810791015625,73100,0.0,0.0
2015-02-05 00:00:00+09:00,874.5734448286336,906.1552636696675,868.9049132417813,895.6279907226562,101100,0.0,0.0
2015-02-06 00:00:00+09:00,895.628042599747,899.6769939677386,882.6713982221738,885.1007690429688,58800,0.0,0.0
2015-02-09 00:00:00+09:00,885.1008045958082,898.8672397999516,879.4322724529255,888.3399658203125,72000,0.0,0.0
2015-02-10 00:00:00+09:00,899.6768566894531,909.3943384898793,881.8614733886719,890.7691650390625,61800,0.0,0.0
2015-02-12 00:00:00+09:00,912.6336606343586,912.6336606343586,886.7203712463379,894.0084838867188,109400,0.0,0.0
2015-02-13 00:00:00+09:00,890.7693380837912,898.0574508499313,872.1441610147665,884.291015625,119800,0.0,0.0
2015-02-16 00:00:00+09:00,885.9105922626609,898.8672371220782,881.8616407440929,896.4378662109375,48800,0.0,0.0
2015-02-17 00:00:00+09:00,898.8672697150633,917.4924473758259,894.8183180496801,907.7749633789062,81100,0.0,0.0
2015-02-18 00:00:00+09:00,932.0685739542826,932.0685739542826,897.2475933460861,904.5357055664062,157000,0.0,0.0
2015-02-19 00:00:00+09:00,919.9217707885111,943.4056892329362,906.965126129518,940.976318359375,173500,0.0,0.0
2015-02-20 00:00:00+09:00,949.8839094818193,965.2699233608939,944.2153780526866,957.9818115234375,134700,0.0,0.0
2015-02-23 00:00:00+09:00,964.4601613467502,971.7482733972294,938.5468740561574,942.5958251953125,120700,0.0,0.0
2015-02-24 00:00:00+09:00,956.3622543809794,970.9384784104947,956.3622543809794,962.840576171875,113700,0.0,0.0
2015-02-25 00:00:00+09:00,971.7484671170595,1007.379244244685,971.7484671170595,987.9442749023438,208100,0.0,0.0
2015-02-26 00:00:00+09:00,981.4657249387,982.2755151407946,966.0797110989018,970.128662109375,149000,0.0,0.0
2015-02-27 00:00:00+09:00,972.5582550868091,978.2267877975565,956.3624473418165,965.2701416015625,114600,0.0,0.0
2015-03-02 00:00:00+09:00,962.0308672766469,979.8462537076958,960.411286692006,975.7973022460938,67900,0.0,0.0
2015-03-03 00:00:00+09:00,969.3189223345588,972.5580833114495,959.6014394038866,963.650390625,78600,0.0,0.0
2015-03-04 00:00:00+09:00,957.1720738750671,970.1287178530714,941.786059151187,943.4056396484375,123300,0.0,0.0
2015-03-05 00:00:00+09:00,943.4056892329362,953.123172727181,929.639254282756,940.976318359375,146400,0.0,0.0
2015-03-06 00:00:00+09:00,940.9762049421479,960.4111695881131,940.166414748566,959.6013793945312,79200,0.0,0.0
2015-03-09 00:00:00+09:00,959.6014288113203,964.4601702230232,948.2643655173468,957.1720581054688,45300,0.0,0.0
2015-03-10 00:00:00+09:00,963.6503429525703,974.1776156066741,949.0741192776575,957.9818115234375,95500,0.0,0.0
2015-03-11 00:00:00+09:00,957.981993036238,970.1288484001801,952.313460533065,962.0309448242188,55300,0.0,0.0
2015-03-12 00:00:00+09:00,972.5581032511226,986.3245376851518,971.7483129902973,980.656005859375,103900,0.0,0.0
2015-03-13 00:00:00+09:00,989.5636859840337,995.2322177368063,981.4657834800727,982.2755737304688,190400,0.0,0.0
2015-03-16 00:00:00+09:00,981.465822749844,983.8951935982348,956.3623239831401,973.367919921875,95600,0.0,0.0
2015-03-17 00:00:00+09:00,970.1288647294856,975.7973973280718,949.8841054488202,952.3134765625,208400,0.0,0.0
2015-03-18 00:00:00+09:00,952.313277663293,975.7971935240375,946.6447462486306,970.128662109375,145600,0.0,0.0
2015-03-19 00:00:00+09:00,965.2698849880916,968.509045675971,936.1174387971761,966.8894653320312,145600,0.0,0.0
2015-03-20 00:00:00+09:00,962.8405131596663,975.7971558935222,951.5034507675425,974.9873657226562,177300,0.0,0.0
2015-03-23 00:00:00+09:00,987.9441503509273,1012.2378589661141,981.4658280535442,996.0420532226562,214400,0.0,0.0
2015-03-24 00:00:00+09:00,996.0420006972092,1013.8573860755333,987.9440982525165,1010.6182250976562,161500,0.0,0.0
2015-03-25 00:00:00+09:00,1016.2865479685628,1026.004028905314,994.4222158608726,1013.857177734375,189900,0.0,0.0
2015-03-26 00:00:00+09:00,1000.0910885511479,1026.0043799144164,987.1344428695136,1000.90087890625,283200,0.0,0.0
2015-03-27 00:00:00+09:00,999.2680735171419,1032.7402883980267,986.205745758748,1009.0648193359375,244600,10.0,0.0
2015-03-30 00:00:00+09:00,1003.3499864035505,1008.2483589978722,986.2056823234248,1004.1663818359375,172100,0.0,0.0
2015-03-31 00:00:00+09:00,1020.4943345128585,1047.4353849439979,1016.4123571748071,1021.3107299804688,150800,0.0,0.0
2015-04-01 00:00:00+09:00,1012.3303654416197,1026.209088193642,998.4516426895975,1015.595947265625,286700,0.0,0.0
2015-04-02 00:00:00+09:00,1015.5958397979379,1050.700840691275,1005.799095362588,1044.169677734375,232500,0.0,0.0
2015-04-03 00:00:00+09:00,1044.169934053926,1067.8454055844686,1044.169934053926,1063.763427734375,135100,0.0,0.0
2015-04-06 00:00:00+09:00,1063.7630505539855,1076.0089797622047,1053.96630718741,1062.9466552734375,138500,0.0,0.0
2015-04-07 00:00:00+09:00,1073.5599527508577,1098.8682101921327,1071.1107665468633,1093.1534423828125,201800,0.0,0.0
2015-04-08 00:00:00+09:00,1093.9700545400945,1096.4192412293633,1077.642143278302,1081.72412109375,145800,0.0,0.0
2015-04-09 00:00:00+09:00,1073.5600374783953,1105.3994606431538,1063.7632918892389,1099.6846923828125,195600,0.0,0.0
2015-04-10 00:00:00+09:00,1101.3173084330683,1104.5828897775698,1077.6418436854337,1086.6221923828125,121800,0.0,0.0
2015-04-13 00:00:00+09:00,1081.7240527160186,1102.1339405031133,1075.1928886241483,1085.8060302734375,84900,0.0,0.0
2015-04-14 00:00:00+09:00,1083.356565740611,1095.6024952704597,1078.4581939286716,1092.3369140625,88400,0.0,0.0
2015-04-15 00:00:00+09:00,1079.2747802734375,1085.8059438454402,1077.6419893804368,1079.2747802734375,71200,0.0,0.0
2015-04-16 00:00:00+09:00,1078.4583848269372,1088.2551301849412,1070.2944303619338,1079.2747802734375,120400,0.0,0.0
2015-04-17 00:00:00+09:00,1068.6618011544874,1068.6618011544874,1046.6191207639822,1063.763427734375,240200,0.0,0.0
2015-04-20 00:00:00+09:00,1053.1502853241318,1071.9273834345622,1044.9863296239448,1063.763427734375,164800,0.0,0.0
2015-04-21 00:00:00+09:00,1061.3139174234161,1076.82542852422,1058.0483361390363,1076.009033203125,73500,0.0,0.0
2015-04-22 00:00:00+09:00,1084.17304980103,1100.5009571775515,1080.0910729568996,1089.8878173828125,108900,0.0,0.0
2015-04-23 00:00:00+09:00,1087.4386745734923,1099.684605593464,1084.1730929681667,1093.1534423828125,130100,0.0,0.0
2015-04-24 00:00:00+09:00,1084.9896414880427,1101.3175518189387,1084.1732459714979,1095.602783203125,86600,0.0,0.0
2015-04-27 00:00:00+09:00,1102.1336120832364,1102.1336120832364,1090.7040783282991,1098.0516357421875,70900,0.0,0.0
2015-04-28 00:00:00+09:00,1092.33711501183,1095.6026968205351,1082.5403695857149,1089.071533203125,91100,0.0,0.0
2015-04-30 00:00:00+09:00,1070.2942568441629,1073.559838100743,1048.2515833622465,1066.2122802734375,218800,0.0,0.0
2015-05-01 00:00:00+09:00,1065.396042457898,1065.396042457898,1049.8845291960588,1059.6812744140625,89800,0.0,0.0
2015-05-07 00:00:00+09:00,1051.5175568623638,1067.029073617321,1049.884765625,1049.884765625,64200,0.0,0.0
2015-05-08 00:00:00+09:00,1049.8842745673214,1085.8056649879761,1049.8842745673214,1076.8253173828125,102600,0.0,0.0
2015-05-11 00:00:00+09:00,1100.501058614263,1109.4814084990974,1077.6419861801387,1088.255126953125,159800,0.0,0.0
2015-05-12 00:00:00+09:00,1079.274906626919,1083.3568843373082,1063.7633913274396,1070.2945556640625,115400,0.0,0.0
2015-05-13 00:00:00+09:00,1070.2942568441629,1080.9073959280486,1062.1303037027124,1066.2122802734375,123600,0.0,0.0
2015-05-14 00:00:00+09:00,1053.966506370227,1068.6616241972326,1052.3337155005597,1059.6812744140625,73500,0.0,0.0
2015-05-15 00:00:00+09:00,1062.1304607185634,1074.376392241068,1054.7829018050606,1059.6812744140625,81800,0.0,0.0
2015-05-18 00:00:00+09:00,1064.5798503382925,1069.4782238827938,1019.6780928470301,1023.7600708007812,228800,0.0,0.0
2015-05-19 00:00:00+09:00,1025.39259736382,1044.1696911053548,1018.0450389432193,1036.0057373046875,158400,0.0,0.0
2015-05-20 00:00:00+09:00,1034.3727031762346,1039.271074304141,1015.5956138525934,1027.025146484375,364100,0.0,0.0
2015-05-21 00:00:00+09:00,1025.3924746455732,1027.0252652102954,1009.0645689983506,1013.1465454101562,163500,0.0,0.0
2015-05-22 00:00:00+09:00,1018.0451952647463,1020.4943817810208,999.2680986399756,1001.71728515625,259100,0.0,0.0
2015-05-25 00:00:00+09:00,1011.5140788093943,1011.5140788093943,987.8386080382301,996.0025634765625,334600,0.0,0.0
2015-05-26 00:00:00+09:00,1004.9826486687912,1012.3302066200658,996.0023000616777,1008.2482299804688,126100,0.0,0.0
2015-05-27 00:00:00+09:00,1000.0843909478956,1013.9631131079889,1000.0843909478956,1012.330322265625,82500,0.0,0.0
2015-05-28 00:00:00+09:00,1020.4941388825213,1038.4548357268536,1020.4941388825213,1029.4744873046875,140300,0.0,0.0
2015-05-29 00:00:00+09:00,1028.658203125,1036.8221571180557,1026.2090169270834,1028.658203125,99600,0.0,0.0
2015-06-01 00:00:00+09:00,1024.5761460248161,1040.904052734375,1020.4941693474265,1040.904052734375,96100,0.0,0.0
2015-06-02 00:00:00+09:00,1036.0058701402559,1043.3534295029528,1036.0058701402559,1036.822265625,89100,0.0,0.0
2015-06-03 00:00:00+09:00,1044.9861918604652,1053.150146484375,1031.1074689998184,1053.150146484375,130000,0.0,0.0
2015-06-04 00:00:00+09:00,1053.966634269889,1077.6421047531012,1053.966634269889,1069.4781494140625,140300,0.0,0.0
2015-06-05 00:00:00+09:00,1063.7631161191048,1070.2942787660372,1053.1499768178398,1067.8450927734375,78600,0.0,0.0
2015-06-08 00:00:00+09:00,1068.661594283915,1068.661594283915,1048.251708984375,1048.251708984375,64400,0.0,0.0
2015-06-09 00:00:00+09:00,1036.8219885340618,1046.6187317328088,1031.9236169346882,1034.372802734375,120400,0.0,0.0
2015-06-10 00:00:00+09:00,1040.0876263490657,1041.7204169712777,1028.6580919935814,1029.4744873046875,70200,0.0,0.0
2015-06-11 00:00:00+09:00,1032.7400559276039,1043.353194842275,1031.1072653253466,1037.638427734375,69300,0.0,0.0
2015-06-12 00:00:00+09:00,1061.314195973746,1061.314195973746,1037.6387254481779,1041.720703125,126600,0.0,0.0
2015-06-15 00:00:00+09:00,1039.2714520792324,1042.5370340182087,1034.3730791707678,1036.822265625,50100,0.0,0.0
2015-06-16 00:00:00+09:00,1037.6384975722112,1038.4548929282869,1013.1466368899403,1024.576171875,112600,0.0,0.0
2015-06-17 00:00:00+09:00,1024.5761827602507,1028.6581595839968,1014.7794383832603,1025.392578125,67800,0.0,0.0
2015-06-18 00:00:00+09:00,1028.6583109735284,1036.005870337625,1009.0648193359375,1009.0648193359375,92100,0.0,0.0
2015-06-19 00:00:00+09:00,1023.7598919969289,1042.5369873046875,1014.7795420671313,1042.5369873046875,133300,0.0,0.0
2015-06-22 00:00:00+09:00,1044.9862852664578,1044.9862852664578,1025.3927924177117,1041.720703125,95700,0.0,0.0
2015-06-23 00:00:00+09:00,1050.7008843485116,1053.1500705591143,1038.4549532954989,1047.435302734375,105200,0.0,0.0
2015-06-24 00:00:00+09:00,1054.7828802414883,1061.3140435866367,1049.0681123144832,1058.0484619140625,126000,0.0,0.0
2015-06-25 00:00:00+09:00,1056.415641026046,1056.415641026046,1005.7991265410267,1009.881103515625,465100,0.0,0.0
2015-06-26 00:00:00+09:00,1010.6973783359248,1013.9629595260247,989.4711006002753,1000.900634765625,181400,0.0,0.0
2015-06-29 00:00:00+09:00,983.7564244141449,986.2056105330183,964.9793308361157,966.6121215820312,162900,0.0,0.0
2015-06-30 00:00:00+09:00,966.6120559873727,974.7760091629417,955.998916859133,961.7136840820312,97000,0.0,0.0
2015-07-01 00:00:00+09:00,973.1432887998949,973.959684176405,963.3465442817752,971.510498046875,76100,0.0,0.0
2015-07-02 00:00:00+09:00,979.6744057409148,982.1235917552672,968.2448710072708,977.2252197265625,74500,0.0,0.0
2015-07-03 00:00:00+09:00,979.6745172711121,979.6745172711121,970.6941675294602,976.408935546875,76100,0.0,0.0
2015-07-06 00:00:00+09:00,979.6744165665065,979.6744165665065,948.6513933752337,955.1825561523438,104100,0.0,0.0
2015-07-07 00:00:00+09:00,971.5105073009277,971.5105073009277,955.9989949994842,958.4481811523438,77500,0.0,0.0
2015-07-08 00:00:00+09:00,958.448023251244,963.3463947499727,933.1397705078125,933.1397705078125,126000,0.0,0.0
2015-07-09 00:00:00+09:00,903.7496576935953,925.7923322714878,868.6446574399145,919.2611694335938,121000,0.0,0.0
2015-07-10 00:00:00+09:00,929.8743503313124,946.2022581510017,915.9956286845763,931.5071411132812,127300,0.0,0.0
2015-07-13 00:00:00+09:00,934.7728807532269,943.7532315726902,932.3236941661005,938.8548583984375,65700,0.0,0.0
2015-07-14 00:00:00+09:00,961.7137385132145,966.6121106957945,952.7333895118178,965.7957153320312,83300,0.0,0.0
2015-07-15 00:00:00+09:00,969.8776291123587,974.7760009765625,964.9792572481549,974.7760009765625,68500,0.0,0.0
2015-07-16 00:00:00+09:00,982.93994140625,987.8383132072779,978.0415696052222,982.93994140625,75200,0.0,0.0
2015-07-17 00:00:00+09:00,980.4908010790323,981.3071964171497,971.5104523597405,977.2252197265625,58500,0.0,0.0
2015-07-21 00:00:00+09:00,995.1861391106495,1004.1664898327308,986.2057883885681,998.4517211914062,91400,0.0,0.0
2015-07-22 00:00:00+09:00,992.7367553710938,1004.9826857416253,985.3891971487748,992.7367553710938,110100,0.0,0.0
2015-07-23 00:00:00+09:00,987.838442741184,987.838442741184,974.7761162255982,978.8580932617188,182700,0.0,0.0
2015-07-24 00:00:00+09:00,967.4285329751485,969.0613237481024,938.8546944484564,949.4678344726562,282900,0.0,0.0
2015-07-27 00:00:00+09:00,952.7334913930372,952.7334913930372,936.405582371734,941.303955078125,92900,0.0,0.0
2015-07-28 00:00:00+09:00,934.7728807532269,947.8352092179008,927.4253209918478,938.8548583984375,71100,0.0,0.0
2015-07-29 00:00:00+09:00,938.8547865798724,941.303972979646,929.8744364473694,938.0383911132812,49400,0.0,0.0
2015-07-30 00:00:00+09:00,939.6710509991952,955.9989580539162,939.6710509991952,951.1005859375,59900,0.0,0.0
2015-07-31 00:00:00+09:00,954.3662580986768,966.6121895541773,944.5695129342763,962.5302124023438,93000,0.0,0.0
2015-08-03 00:00:00+09:00,969.8776527887658,972.3268387806567,959.2645134905722,967.428466796875,55000,0.0,0.0
2015-08-04 00:00:00+09:00,971.510447927326,973.1432385961115,954.3661459050791,972.3268432617188,58500,0.0,0.0
2015-08-05 00:00:00+09:00,975.5924290503277,987.0219637839717,969.8776616835057,977.2252197265625,57900,0.0,0.0
2015-08-06 00:00:00+09:00,985.3892565195117,994.369605998977,978.0416978544946,978.8580932617188,87300,0.0,0.0
2015-08-07 00:00:00+09:00,970.6941922709233,996.002451278828,964.1630286559802,969.0614013671875,127500,0.0,0.0
2015-08-10 00:00:00+09:00,924.1597388756793,938.8548583984375,912.7302014690896,938.8548583984375,289400,0.0,0.0
2015-08-11 00:00:00+09:00,938.854698527053,960.0809786676647,938.854698527053,954.3662109375,74800,0.0,0.0
2015-08-12 00:00:00+09:00,952.7334694949365,952.7334694949365,930.6907928228171,939.671142578125,69400,0.0,0.0
2015-08-13 00:00:00+09:00,938.0382234777959,946.2021766847392,930.6906655915468,943.7529907226562,82300,0.0,0.0
2015-08-14 00:00:00+09:00,943.7530990783797,960.0810073669329,942.936703663952,951.9170532226562,67200,0.0,0.0
2015-08-17 00:00:00+09:00,954.3663327504973,970.6942426350225,949.4679597851398,968.2450561523438,61600,0.0,0.0
2015-08-18 00:00:00+09:00,973.959708631291,979.6744764103514,959.2645914851357,964.1629638671875,80200,0.0,0.0
2015-08-19 00:00:00+09:00,953.5497281438414,958.4481000349914,936.4054265248169,947.8349609375,70100,0.0,0.0
2015-08-20 00:00:00+09:00,943.7530898712346,946.2022760906236,925.7923909290485,928.2415771484375,67000,0.0,0.0
2015-08-21 00:00:00+09:00,902.1168295279679,910.2807827363658,887.4217137528517,889.0545043945312,123200,0.0,0.0
2015-08-24 00:00:00+09:00,865.3791190722941,880.074236188616,836.8052802350014,840.0708618164062,160400,0.0,0.0
2015-08-25 00:00:00+09:00,815.5789402857885,868.6446371011801,800.0674289089817,817.2117309570312,222900,0.0,0.0
2015-08-26 00:00:00+09:00,820.4774108114123,851.5004372898536,815.579038209553,838.4381103515625,192700,0.0,0.0
2015-08-27 00:00:00+09:00,855.5823341780276,878.4414041751505,846.6019852505865,864.5626831054688,136800,0.0,0.0
2015-08-28 00:00:00+09:00,890.6873956169684,902.1169313994043,875.9922781824079,887.4218139648438,327600,0.0,0.0
2015-08-31 00:00:00+09:00,875.9923345809593,878.4415209777374,853.1332615443639,868.644775390625,89800,0.0,0.0
2015-09-01 00:00:00+09:00,864.5627081884097,868.6446850920378,834.3560791015625,834.3560791015625,88300,0.0,0.0
2015-09-02 00:00:00+09:00,817.2118136557126,834.3561174386996,812.3134411462877,818.8446044921875,83700,0.0,0.0
2015-09-03 00:00:00+09:00,827.0085843441866,841.7037023285848,825.3757934570312,825.3757934570312,82100,0.0,0.0
2015-09-04 00:00:00+09:00,835.9889193227092,835.9889193227092,809.0478701648484,819.6610107421875,95200,0.0,0.0
2015-09-07 00:00:00+09:00,795.1691256295607,817.2118015967045,779.6576129119409,804.1494750976562,165900,0.0,0.0
2015-09-08 00:00:00+09:00,806.5985591789047,833.5396041717224,806.5985591789047,814.7625122070312,87000,0.0,0.0
2015-09-09 00:00:00+09:00,846.6020223177396,857.2151624239408,837.6216729971079,849.0512084960938,177700,0.0,0.0
2015-09-10 00:00:00+09:00,832.723244777597,835.988826129666,818.8445240313036,831.0904541015625,120800,0.0,0.0
2015-09-11 00:00:00+09:00,827.824969714201,844.969273820708,809.0478747404075,838.4381103515625,167600,0.0,0.0
2015-09-14 00:00:00+09:00,840.0707963065317,844.9691682966574,830.2740523262806,835.1724243164062,89900,0.0,0.0
2015-09-15 00:00:00+09:00,848.2348697628596,871.093942287749,826.1921926852876,830.274169921875,226900,0.0,0.0
2015-09-16 00:00:00+09:00,837.6216299874443,863.7462812151228,837.6216299874443,845.7855834960938,129500,0.0,0.0
2015-09-17 00:00:00+09:00,852.3167312318915,871.9102193061879,849.8675452226045,862.9298706054688,96900,0.0,0.0
2015-09-18 00:00:00+09:00,857.2151706245915,862.9299384287555,837.6216810103151,858.8479614257812,121000,0.0,0.0
2015-09-24 00:00:00+09:00,840.8873434627757,843.3365299000459,804.1495469037224,804.9659423828125,187300,0.0,0.0
2015-09-25 00:00:00+09:00,811.497081530424,826.1921997070312,800.8839406250964,826.1921997070312,147700,0.0,0.0
2015-09-28 00:00:00+09:00,838.5974624451413,847.6946735762031,820.403040183018,830.3272705078125,93900,13.0,0.0
2015-09-29 00:00:00+09:00,818.7490384615385,827.0192307692308,801.3816346153847,806.34375,136500,0.0,0.0
2015-09-30 00:00:00+09:00,818.7490377118511,833.6353838520665,813.7869223317792,820.403076171875,161100,0.0,0.0
2015-10-01 00:00:00+09:00,832.8083801563819,865.0621307284761,825.365206947437,857.6189575195312,115800,0.0,0.0
2015-10-02 00:00:00+09:00,855.1378353721217,869.1971614855898,845.2136051743795,864.2350463867188,87900,0.0,0.0
2015-10-05 00:00:00+09:00,869.1971902765468,874.1593055397811,858.4459405395392,867.5431518554688,59200,0.0,0.0
2015-10-06 00:00:00+09:00,881.6024638615912,890.6996750271423,863.408041530489,865.8890991210938,72600,0.0,0.0
2015-10-07 00:00:00+09:00,870.8512803393238,896.4888773863505,870.8512803393238,894.8348388671875,163500,0.0,0.0
2015-10-08 00:00:00+09:00,893.1807072254834,907.2400331725512,882.4294579718434,898.142822265625,146000,0.0,0.0
2015-10-09 00:00:00+09:00,905.5859457257624,920.4722900390625,902.2778692116956,920.4722900390625,97900,0.0,0.0
2015-10-13 00:00:00+09:00,922.1263282960958,928.7424813242293,908.894022239829,920.4722900390625,87500,0.0,0.0
2015-10-14 00:00:00+09:00,912.2022563161686,918.8184104870927,890.699755260665,910.5482177734375,117100,0.0,0.0
2015-10-15 00:00:00+09:00,905.5861062063298,942.801973584672,903.9320676561812,939.493896484375,115500,0.0,0.0
2015-10-16 00:00:00+09:00,945.2830474064033,949.4181438517506,926.2616037578055,927.088623046875,105200,0.0,0.0
2015-10-19 00:00:00+09:00,929.5696809140834,932.8777580703612,912.2022758436245,927.088623046875,53000,0.0,0.0
2015-10-20 00:00:00+09:00,932.8775622679456,932.8775622679456,911.3750652653156,918.8182373046875,55800,0.0,0.0
2015-10-21 00:00:00+09:00,914.6833363220755,938.6668957735585,906.413143407771,934.5317993164062,66600,0.0,0.0
2015-10-22 00:00:00+09:00,922.1263323833173,936.1856576304172,917.9912367224056,927.9154663085938,40900,0.0,0.0
2015-10-23 00:00:00+09:00,949.4181277852663,957.688320536009,926.2615880831866,939.493896484375,97000,0.0,0.0
2015-10-26 00:00:00+09:00,955.2071423926208,955.2071423926208,935.3586822909559,946.9369506835938,114300,0.0,0.0
2015-10-27 00:00:00+09:00,955.2071423926208,956.0341615635234,937.839739803664,946.9369506835938,156600,0.0,0.0
2015-10-28 00:00:00+09:00,951.8991856104891,956.0342819858605,932.0507230087065,939.493896484375,68800,0.0,0.0
2015-10-29 00:00:00+09:00,946.9368999997426,948.5909382530173,932.0505557202707,941.1477661132812,120700,0.0,0.0
2015-10-30 00:00:00+09:00,949.4180406441717,951.0720790425065,932.0506374616564,943.62890625,104300,0.0,0.0
2015-11-02 00:00:00+09:00,931.2235789802503,937.0127131302164,920.4723298445991,932.0505981445312,129200,0.0,0.0
2015-11-04 00:00:00+09:00,946.9370543532119,961.8234010592013,943.6289773074365,951.899169921875,114100,0.0,0.0
2015-11-05 00:00:00+09:00,956.0342832686774,962.6504374781492,951.0721676115735,960.9963989257812,163600,0.0,0.0
2015-11-06 00:00:00+09:00,959.3422071468195,978.3636474609375,955.207111426359,978.3636474609375,179200,0.0,0.0
2015-11-09 00:00:00+09:00,984.1527389960872,991.5959109716879,976.7095670204866,987.4608154296875,144600,0.0,0.0
2015-11-10 00:00:00+09:00,989.1151123046875,992.4231896033654,978.3638610839844,989.1151123046875,158100,0.0,0.0
2015-11-11 00:00:00+09:00,989.1148817044614,995.7310347593407,973.4015181991228,976.7095947265625,139700,0.0,0.0
2015-11-12 00:00:00+09:00,984.1527629348467,989.1148777059468,874.1592188421286,920.4722900390625,230100,0.0,0.0
2015-11-13 00:00:00+09:00,909.7211606034608,920.4724106833199,868.3701987578489,884.9105834960938,229800,0.0,0.0
2015-11-16 00:00:00+09:00,866.7161611355947,882.429526652366,866.7161611355947,870.8512573242188,82600,0.0,0.0
2015-11-17 00:00:00+09:00,872.5052667156169,886.5645932882857,872.5052667156169,881.6024780273438,92700,0.0,0.0
2015-11-18 00:00:00+09:00,885.7375303946885,888.2185879027969,856.7918594667575,862.5809936523438,106600,0.0,0.0
2015-11-19 00:00:00+09:00,872.5051959518618,890.699617099673,870.0241385226147,887.3915405273438,95600,0.0,0.0
2015-11-20 00:00:00+09:00,878.2945204403678,881.6025977301621,860.9271146689481,874.159423828125,92400,0.0,0.0
2015-11-24 00:00:00+09:00,877.4674638653604,884.9106374514002,871.678328853996,884.0836181640625,64100,0.0,0.0
2015-11-25 00:00:00+09:00,876.6403198242188,878.2943581635097,868.3701281277639,876.6403198242188,74700,0.0,0.0
2015-11-26 00:00:00+09:00,875.8132469184436,883.2564189885721,870.8511322050247,877.46728515625,39900,0.0,0.0
2015-11-27 00:00:00+09:00,882.4295338697632,886.5646300922082,865.0621297354942,871.6782836914062,88100,0.0,0.0
2015-11-30 00:00:00+09:00,869.197265625,874.1593813183872,865.8891884960751,869.197265625,64900,0.0,0.0
2015-12-01 00:00:00+09:00,870.0241947650469,894.8347706613885,866.7161179788679,894.0077514648438,105800,0.0,0.0
2015-12-02 00:00:00+09:00,884.9105225732377,904.7589828926375,884.9105225732377,898.9698486328125,102100,0.0,0.0
2015-12-03 00:00:00+09:00,890.6996249610628,904.7589505175513,887.3915483595362,902.2778930664062,118800,0.0,0.0
2015-12-04 00:00:00+09:00,901.4508739160246,907.2400079686963,889.8726058106812,902.2778930664062,105900,0.0,0.0
2015-12-07 00:00:00+09:00,917.9913645308674,934.5317494773695,917.1643452835423,928.7426147460938,140200,0.0,0.0
2015-12-08 00:00:00+09:00,928.7426230164401,932.0507000351986,912.2022379226478,915.5103149414062,73900,0.0,0.0
2015-12-09 00:00:00+09:00,915.5101463654968,932.0505284136539,914.6831272630889,917.1641845703125,71800,0.0,0.0
2015-12-10 00:00:00+09:00,910.5481316852831,913.0291892648071,898.1428437876635,900.6239013671875,90200,0.0,0.0
2015-12-11 00:00:00+09:00,900.6239753475259,925.434553180791,900.6239753475259,916.3373413085938,90900,0.0,0.0
2015-12-14 00:00:00+09:00,894.0078575524101,909.7212241513886,889.8727610789947,906.4131469726562,69700,0.0,0.0
2015-12-15 00:00:00+09:00,903.1048686365928,917.1641935146349,896.4887157528082,897.3157348632812,49400,0.0,0.0
2015-12-16 00:00:00+09:00,904.7589408019198,922.1263427734375,898.969806811414,922.1263427734375,46500,0.0,0.0
2015-12-17 00:00:00+09:00,941.1478488691337,946.936983264638,924.6074648819784,929.569580078125,78500,0.0,0.0
2015-12-18 00:00:00+09:00,935.3586343523627,954.3800743082463,914.6831561394458,920.4722900390625,142700,0.0,0.0
2015-12-21 00:00:00+09:00,917.1641287928663,917.1641287928663,877.4672142914618,883.25634765625,126500,0.0,0.0
2015-12-22 00:00:00+09:00,885.7375238127868,898.9698304243691,883.2564663231151,889.8726196289062,59700,0.0,0.0
2015-12-24 00:00:00+09:00,903.1050808351217,909.7212352734742,878.2945016912997,879.1215209960938,67800,0.0,0.0
2015-12-25 00:00:00+09:00,879.1215209960938,879.1215209960938,879.1215209960938,879.1215209960938,0,0.0,0.0
2015-12-28 00:00:00+09:00,878.2944536755574,898.969935165095,878.2944536755574,894.8348388671875,40300,0.0,0.0
2015-12-29 00:00:00+09:00,884.9106635697391,905.5861463634246,884.9106635697391,901.4510498046875,32000,0.0,0.0
2015-12-30 00:00:00+09:00,908.0671056179834,926.2615284992181,907.2400863961092,925.4345092773438,37400,0.0,0.0
2016-01-04 00:00:00+09:00,926.2614208156779,926.2614208156779,877.4672923977091,878.2943115234375,56800,0.0,0.0
2016-01-05 00:00:00+09:00,878.2942604968898,888.218489429058,869.1970506424022,872.505126953125,62300,0.0,0.0
2016-01-06 00:00:00+09:00,868.370229280912,879.1214797386757,851.8298439612756,860.1000366210938,66000,0.0,0.0
2016-01-07 00:00:00+09:00,851.8298268665726,860.1000193604228,832.8083841307171,851.0028076171875,92700,0.0,0.0
2016-01-08 00:00:00+09:00,837.7704720875573,852.6568180871388,831.1543183099656,833.6353759765625,74200,0.0,0.0
2016-01-12 00:00:00+09:00,840.2515195949605,845.213634868159,810.478827955769,811.3058471679688,76900,0.0,0.0
2016-01-13 00:00:00+09:00,820.4029339587476,838.5973538650907,820.4029339587476,831.981201171875,33100,0.0,0.0
2016-01-14 00:00:00+09:00,808.8247644761029,810.4788028492648,787.322265625,801.381591796875,68400,0.0,0.0
2016-01-15 00:00:00+09:00,815.4409475925078,825.365178192011,787.3222942272489,790.63037109375,59900,0.0,0.0
2016-01-18 00:00:00+09:00,765.8198399573752,794.7655142538202,764.9928206917625,788.9763793945312,48700,0.0,0.0
2016-01-19 00:00:00+09:00,784.8411902823876,804.689650310604,781.5331136110182,792.2843627929688,46500,0.0,0.0
2016-01-20 00:00:00+09:00,817.094839978092,818.7488781156994,777.3979246755125,781.5330200195312,82100,0.0,0.0
2016-01-21 00:00:00+09:00,769.1278770217131,784.8412422511889,741.0092234531774,741.8362426757812,66000,0.0,0.0
2016-01-22 00:00:00+09:00,766.6467476250613,791.4573219818594,760.0305944632485,789.8032836914062,68300,0.0,0.0
2016-01-25 00:00:00+09:00,814.6139323560498,814.6139323560498,780.7061443087422,784.0142211914062,48000,0.0,0.0
2016-01-26 00:00:00+09:00,780.7061268682065,785.6682420813519,760.857666015625,760.857666015625,40100,0.0,0.0
2016-01-27 00:00:00+09:00,773.2628392461521,787.3221635960821,761.684572134445,775.743896484375,99200,0.0,0.0
2016-01-28 00:00:00+09:00,775.7439680744831,778.2250255416723,760.857623271348,769.954833984375,55900,0.0,0.0
2016-01-29 00:00:00+09:00,769.9548110175378,802.2085571289062,763.3386579690521,802.2085571289062,64300,0.0,0.0
2016-02-01 00:00:00+09:00,818.7491172806003,826.1922910740603,809.6519048663714,815.4410400390625,37500,0.0,0.0
2016-02-02 00:00:00+09:00,804.6896145220885,814.6138440948172,798.0734614736026,802.2085571289062,33500,0.0,0.0
2016-02-03 00:00:00+09:00,792.2844066332746,792.2844066332746,762.5117149435064,769.1278686523438,73000,0.0,0.0
2016-02-04 00:00:00+09:00,760.0306833410053,764.9927987926332,745.1443369861216,750.9334716796875,63700,0.0,0.0
2016-02-05 00:00:00+09:00,745.9712957928632,767.4737943412163,741.0091807432433,764.9927368164062,86900,0.0,0.0
2016-02-08 00:00:00+09:00,747.6253728308027,774.9170070159979,746.7983536130695,762.51171875,65300,0.0,0.0
2016-02-09 00:00:00+09:00,744.3172716114619,744.3172716114619,718.6796767004005,724.4688110351562,89600,0.0,0.0
2016-02-10 00:00:00+09:00,734.3930226451946,745.1442718505859,696.350140841502,701.312255859375,68400,0.0,0.0
2016-02-12 00:00:00+09:00,672.3665276794825,687.2528714657441,645.9019165039062,645.9019165039062,105100,0.0,0.0
2016-02-15 00:00:00+09:00,679.809752643411,689.7339826090082,640.9398519448217,651.6911010742188,113800,0.0,0.0
2016-02-16 00:00:00+09:00,642.5939225217976,651.6911337801499,627.707576826312,634.32373046875,194900,0.0,0.0
2016-02-17 00:00:00+09:00,627.7076259879179,659.1343582508176,627.7076259879179,640.1129150390625,55200,0.0,0.0
2016-02-18 00:00:00+09:00,656.6532743990192,659.9613513481327,623.5725049078848,644.2479858398438,269500,0.0,0.0
2016-02-19 00:00:00+09:00,638.4588592649287,641.7669362559387,623.5725128053838,631.0156860351562,120800,0.0,0.0
2016-02-22 00:00:00+09:00,635.1507742297817,645.0750050771221,630.1886588061116,644.2479858398438,85400,0.0,0.0
2016-02-23 00:00:00+09:00,650.8641459274771,669.0585693206214,649.2101074371913,659.1343383789062,116300,0.0,0.0
2016-02-24 00:00:00+09:00,647.5559861032586,655.8261774966592,625.2264693410773,628.5345458984375,209100,0.0,0.0
2016-02-25 00:00:00+09:00,632.6697056894084,651.6911478212469,630.1886480200382,650.037109375,104400,0.0,0.0
2016-02-26 00:00:00+09:00,654.9992773193968,668.2315859521119,649.210142292584,663.2694702148438,100100,0.0,0.0
2016-02-29 00:00:00+09:00,669.8856409017135,691.3881429553487,650.8641967773438,650.8641967773438,81000,0.0,0.0
2016-03-01 00:00:00+09:00,662.4423395120872,664.0963778129914,641.7668607507861,657.480224609375,46200,0.0,0.0
2016-03-02 00:00:00+09:00,682.2908325195312,694.6961203835227,678.1557365648674,682.2908325195312,39700,0.0,0.0
2016-03-03 00:00:00+09:00,678.1556657644419,692.2149905424852,678.1556657644419,688.0798950195312,40600,0.0,0.0
2016-03-04 00:00:00+09:00,685.5989721278046,704.6204152628342,682.2908950608429,703.7933959960938,49300,0.0,0.0
2016-03-07 00:00:00+09:00,714.5445880268895,723.6417992170467,711.2365112304688,711.2365112304688,47900,0.0,0.0
2016-03-08 00:00:00+09:00,712.0635379592389,713.7175763749398,690.5610385551272,698.0042114257812,30700,0.0,0.0
2016-03-09 00:00:00+09:00,693.8690901493002,697.1771668603815,661.6153422162577,674.0206298828125,58000,0.0,0.0
2016-03-10 00:00:00+09:00,689.7338842541475,699.6581128045668,686.4258080706743,696.3500366210938,51500,0.0,0.0
2016-03-11 00:00:00+09:00,680.636828930347,706.2744251598011,678.1557712307224,700.4852905273438,73700,0.0,0.0
2016-03-14 00:00:00+09:00,710.4095628058773,729.4310062803071,707.9285049613865,719.5067749023438,26900,0.0,0.0
2016-03-15 00:00:00+09:00,726.1228458180148,750.1064022288602,724.4688074448529,731.0849609375,59400,0.0,0.0
2016-03-16 00:00:00+09:00,725.295683671343,746.7981782841764,715.3714553884968,728.603759765625,64000,0.0,0.0
2016-03-17 00:00:00+09:00,735.2200856251759,764.1657582875845,726.9498934359164,734.39306640625,58600,0.0,0.0
2016-03-18 00:00:00+09:00,730.2579665184021,756.7225813865662,730.2579665184021,741.0092163085938,82500,0.0,0.0
2016-03-22 00:00:00+09:00,769.1279225919167,769.1279225919167,750.9334986166241,768.3009033203125,57700,0.0,0.0
2016-03-23 00:00:00+09:00,766.6468187327979,776.5710493960057,752.5874919599203,755.8955688476562,37100,0.0,0.0
2016-03-24 00:00:00+09:00,745.9713947178968,753.4145682793836,726.949951171875,726.949951171875,55700,0.0,0.0
2016-03-25 00:00:00+09:00,739.3552573900545,741.009295997191,722.8148713186886,736.0471801757812,47600,0.0,0.0
2016-03-28 00:00:00+09:00,737.7011071763519,741.836203068596,719.5066852504777,730.2579345703125,72000,0.0,0.0
2016-03-29 00:00:00+09:00,722.7035575832487,748.7242431640625,720.1854267205892,748.7242431640625,88400,13.0,0.0
2016-03-30 00:00:00+09:00,747.8848063617671,748.7241832488174,731.9366455078125,731.9366455078125,48200,0.0,0.0
2016-03-31 00:00:00+09:00,731.0973115066001,744.5273424872037,730.2579345703125,730.2579345703125,44100,0.0,0.0
2016-04-01 00:00:00+09:00,736.1335603317411,736.1335603317411,670.6621604390664,678.216552734375,123700,0.0,0.0
2016-04-04 00:00:00+09:00,675.6984792537667,689.1285111395557,670.6622172965957,680.7347412109375,67700,0.0,0.0
2016-04-05 00:00:00+09:00,670.6621981319305,671.5015751008065,650.5171508789062,650.5171508789062,82000,0.0,0.0
2016-04-06 00:00:00+09:00,648.838299584296,654.7139374848006,628.6932553539945,647.1595458984375,112900,0.0,0.0
2016-04-07 00:00:00+09:00,647.9989227413668,672.3408511863145,642.1232848408621,647.1595458984375,89300,0.0,0.0
2016-04-08 00:00:00+09:00,634.568995283546,657.2321736865298,622.8177175931099,645.4808959960938,116000,0.0,0.0
2016-04-11 00:00:00+09:00,651.3564270177245,652.1958038566648,633.7295133999768,649.6776733398438,77500,0.0,0.0
2016-04-12 00:00:00+09:00,652.1959513915085,669.8228689966844,652.1959513915085,660.5897216796875,77500,0.0,0.0
2016-04-13 00:00:00+09:00,671.5015586276331,680.7347050587631,665.6259199896414,677.377197265625,87200,0.0,0.0
2016-04-14 00:00:00+09:00,698.3616834497623,706.7554536835335,689.9679132159911,705.9160766601562,88500,0.0,0.0
2016-04-15 00:00:00+09:00,705.9160042679181,708.4341350798131,695.8434810203378,699.2009887695312,37800,0.0,0.0
2016-04-18 00:00:00+09:00,665.6258694832785,682.4134071751645,665.6258694832785,669.82275390625,80600,0.0,0.0
2016-04-19 00:00:00+09:00,672.3409333050323,694.1647338867188,667.3046716323354,694.1647338867188,66500,0.0,0.0
2016-04-20 00:00:00+09:00,694.1646942803703,705.9159708461807,685.7709253047915,693.3253173828125,60900,0.0,0.0
2016-04-21 00:00:00+09:00,705.0765991210938,709.2734836396717,694.1646993727911,705.0765991210938,68700,0.0,0.0
2016-04-22 00:00:00+09:00,695.8433660622048,712.630902034755,695.8433660622048,710.9521484375,86800,0.0,0.0
2016-04-25 00:00:00+09:00,719.3460799163242,721.0248338951255,700.8797861495109,711.7916870117188,109400,0.0,0.0
2016-04-26 00:00:00+09:00,700.879742644128,710.1128889544099,694.1647271457412,699.2009887695312,64700,0.0,0.0
2016-04-27 00:00:00+09:00,699.2010604731394,706.7554536835335,689.9679132159911,705.9160766601562,88700,0.0,0.0
2016-04-28 00:00:00+09:00,706.7554206988219,715.9885675250536,684.9316191095471,685.77099609375,78600,0.0,0.0
2016-05-02 00:00:00+09:00,656.3927184124382,671.501502212213,651.3564571458467,658.0714721679688,115500,0.0,0.0
2016-05-06 00:00:00+09:00,660.589739549296,664.7866248069154,654.7141001886288,662.2684936523438,53700,0.0,0.0
2016-05-09 00:00:00+09:00,671.5014525134154,677.3770902229078,663.9470611726395,664.7864379882812,29500,0.0,0.0
2016-05-10 00:00:00+09:00,668.9833581961838,688.289025998583,661.4289664474188,684.9315185546875,49500,0.0,0.0
2016-05-11 00:00:00+09:00,693.3252871644263,694.1646640254002,682.4133879717658,684.9315185546875,23300,0.0,0.0
2016-05-12 00:00:00+09:00,672.3409500497902,685.770981511459,663.107803419893,681.5740966796875,56200,0.0,0.0
2016-05-13 00:00:00+09:00,677.377170824402,712.6310012762297,669.8227785847247,697.522216796875,147000,0.0,0.0
2016-05-16 00:00:00+09:00,747.0455151473105,774.7449555965928,739.4911222975062,773.9055786132812,233300,0.0,0.0
2016-05-17 00:00:00+09:00,770.5480671980574,785.6568528293918,765.5118053209459,776.4237060546875,90600,0.0,0.0
2016-05-18 00:00:00+09:00,776.4236937345119,821.7500499092833,776.4236937345119,815.0350341796875,177000,0.0,0.0
2016-05-19 00:00:00+09:00,812.5169355708397,822.5894595655195,800.7656575770466,820.9107055664062,88700,0.0,0.0
2016-05-20 00:00:00+09:00,819.2318659702775,830.9831427362445,815.0349814110035,824.2681274414062,53500,0.0,0.0
2016-05-23 00:00:00+09:00,831.8225278979222,836.0194124988199,812.5168587337928,833.5012817382812,101400,0.0,0.0
2016-05-24 00:00:00+09:00,827.6256168287628,833.501255082111,819.2318478954081,822.58935546875,40700,0.0,0.0
2016-05-25 00:00:00+09:00,837.6981663391789,838.5375432593585,831.8225278979222,833.5012817382812,23200,0.0,0.0
2016-05-26 00:00:00+09:00,833.5013462875828,838.537608198686,826.7863304061119,830.9832153320312,43600,0.0,0.0
2016-05-27 00:00:00+09:00,835.1801501296637,857.0039530476248,826.7863797766017,852.8070678710938,111800,0.0,0.0
2016-05-30 00:00:00+09:00,852.807006224975,852.807006224975,836.0194667323574,838.53759765625,51000,0.0,0.0
2016-05-31 00:00:00+09:00,833.5011603307395,854.4855802786433,833.5011603307395,850.2886962890625,85500,0.0,0.0
2016-06-01 00:00:00+09:00,860.3614036782274,877.1489432621928,859.5220266990291,864.5582885742188,65500,0.0,0.0
2016-06-02 00:00:00+09:00,849.4494569177657,858.682603188611,817.5531334366639,823.4287719726562,55900,0.0,0.0
2016-06-03 00:00:00+09:00,825.9469185217785,851.128227013296,825.9469185217785,841.8950805664062,52900,0.0,0.0
2016-06-06 00:00:00+09:00,830.1438562946935,836.8588723213443,818.3925782480547,832.6619873046875,47700,0.0,0.0
2016-06-07 00:00:00+09:00,832.6618866675076,839.3769018825681,823.4287407467992,831.822509765625,59800,0.0,0.0
2016-06-08 00:00:00+09:00,836.858812133668,847.7707123921813,831.8225504758927,846.9313354492188,46400,0.0,0.0
2016-06-09 00:00:00+09:00,846.9313287143049,856.1644750134698,842.7344440328663,851.9675903320312,50600,0.0,0.0
2016-06-10 00:00:00+09:00,856.1644966080344,856.1644966080344,838.5375805013983,851.1282348632812,92400,0.0,0.0
2016-06-13 00:00:00+09:00,834.3406400220699,834.3406400220699,799.0868101619824,800.7655639648438,53800,0.0,0.0
2016-06-14 00:00:00+09:00,793.2112272020797,794.8899811220841,768.8692953620159,774.7449340820312,32700,0.0,0.0
2016-06-15 00:00:00+09:00,774.744930654571,787.3355849989032,767.1905380479718,777.2630615234375,41400,0.0,0.0
2016-06-16 00:00:00+09:00,776.4236294669716,778.1023832604137,741.1697998046875,741.1697998046875,43500,0.0,0.0
2016-06-17 00:00:00+09:00,762.993644459476,772.2267908720769,744.527351634274,753.760498046875,80800,0.0,0.0
2016-06-20 00:00:00+09:00,778.9417265373794,789.0142488632938,771.3873347929436,783.1386108398438,67300,0.0,0.0
2016-06-21 00:00:00+09:00,783.1387258901383,809.9987893719008,773.0662020844774,788.1749877929688,63100,0.0,0.0
2016-06-22 00:00:00+09:00,785.6567682181553,797.4080446658628,783.9780144399115,794.050537109375,64500,0.0,0.0
2016-06-23 00:00:00+09:00,794.0504700476382,799.0867309570312,785.6567018653164,799.0867309570312,33500,0.0,0.0
2016-06-24 00:00:00+09:00,836.858871645018,840.2163796556299,747.0455323611494,761.31494140625,178900,0.0,0.0
2016-06-27 00:00:00+09:00,773.9054678505346,808.3199192408512,772.2267141241776,797.4080200195312,124100,0.0,0.0
2016-06-28 00:00:00+09:00,777.2629814794508,814.1955637527725,763.8329515618793,792.3717651367188,115700,0.0,0.0
2016-06-29 00:00:00+09:00,794.0505617977528,825.1075076608785,794.0505617977528,821.75,79700,0.0,0.0
2016-06-30 00:00:00+09:00,823.4288401442308,841.8951342147436,815.8744471153847,818.392578125,70700,0.0,0.0
2016-07-01 00:00:00+09:00,841.8950670965786,852.8069672683189,829.3044130522629,851.9675903320312,71700,0.0,0.0
2016-07-04 00:00:00+09:00,849.4493560640979,854.4856170684304,839.3768340554326,853.646240234375,42300,0.0,0.0
2016-07-05 00:00:00+09:00,860.3613699880793,860.3613699880793,823.4287843495666,844.4132080078125,68400,0.0,0.0
2016-07-06 00:00:00+09:00,822.5894450455261,824.2681990150068,794.8900045490951,816.7138061523438,59800,0.0,0.0
2016-07-07 00:00:00+09:00,821.7500719806706,842.7344966992781,821.7500719806706,828.465087890625,49100,0.0,0.0
2016-07-08 00:00:00+09:00,841.05564712213,847.7706622688138,822.58935546875,822.58935546875,48500,0.0,0.0
2016-07-11 00:00:00+09:00,822.58935546875,822.58935546875,822.58935546875,822.58935546875,0,0.0,0.0
2016-07-12 00:00:00+09:00,877.1488935868819,919.1177401699863,877.1488935868819,916.599609375,97200,0.0,0.0
2016-07-13 00:00:00+09:00,923.3145624613591,940.1020999606566,923.3145624613591,933.3870849609375,105100,0.0,0.0
2016-07-14 00:00:00+09:00,935.905160472794,940.1020446004748,924.1538849152881,928.3507690429688,58900,0.0,0.0
2016-07-15 00:00:00+09:00,940.1021594799029,956.0503211139369,939.2627825517958,950.1746826171875,90700,0.0,0.0
2016-07-19 00:00:00+09:00,945.9776855895942,961.0864685005195,936.7445404773622,959.40771484375,87400,0.0,0.0
2016-07-20 00:00:00+09:00,969.480362651504,987.9466552734375,961.086593277898,987.9466552734375,106200,0.0,0.0
2016-07-21 00:00:00+09:00,987.9467092918725,1006.4130029234963,987.1073323086168,992.9829711914062,91500,0.0,0.0
2016-07-22 00:00:00+09:00,977.8741774786087,978.7135544549851,959.4078839983259,969.4804077148438,79400,0.0,0.0
2016-07-25 00:00:00+09:00,969.4804694033647,969.4804694033647,920.7966016757499,940.941650390625,143900,0.0,0.0
2016-07-26 00:00:00+09:00,944.2989888615633,971.9984258681691,944.2989888615633,961.9259033203125,59700,0.0,0.0
2016-07-27 00:00:00+09:00,972.8378361539021,973.6772130617139,955.2109210898539,967.8015747070312,51100,0.0,0.0
2016-07-28 00:00:00+09:00,956.8896749054775,971.1590823382785,955.2109210898539,967.8015747070312,44300,0.0,0.0
2016-07-29 00:00:00+09:00,960.2471728431583,977.0347108299268,939.2627503596976,975.35595703125,38600,0.0,0.0
2016-08-01 00:00:00+09:00,953.5321419852121,953.5321419852121,926.6720816476004,940.1021118164062,62100,0.0,0.0
2016-08-02 00:00:00+09:00,925.8327440212574,938.4233978384096,907.3664517561009,909.8845825195312,44000,0.0,0.0
2016-08-03 00:00:00+09:00,891.4183815589317,897.2940206087552,872.112710395226,872.9520874023438,43600,0.0,0.0
2016-08-04 00:00:00+09:00,923.3145355418989,925.8326660933768,890.578838372686,922.4751586914062,50200,0.0,0.0
2016-08-05 00:00:00+09:00,920.7965365478289,929.1903062520023,898.9727353169778,900.6514892578125,22500,0.0,0.0
2016-08-08 00:00:00+09:00,922.4751586914062,928.3507966448547,915.7601438874651,922.4751586914062,27000,0.0,0.0
2016-08-09 00:00:00+09:00,919.95703125,924.9932923699818,913.2420164233577,919.95703125,22000,0.0,0.0
2016-08-10 00:00:00+09:00,924.1540244202321,946.81720213081,909.0452392798468,930.0296630859375,47300,0.0,0.0
2016-08-12 00:00:00+09:00,964.4441006559405,964.4441006559405,937.5840386707446,942.6203002929688,34200,0.0,0.0
2016-08-15 00:00:00+09:00,935.0658114487958,945.1383336547074,920.7964049904209,922.4751586914062,17600,0.0,0.0
2016-08-16 00:00:00+09:00,909.8846166853208,913.2421244959678,880.5064233421601,884.7033081054688,51500,0.0,0.0
2016-08-17 00:00:00+09:00,885.5425388428188,904.8482055664062,885.5425388428188,904.8482055664062,32100,0.0,0.0
2016-08-18 00:00:00+09:00,893.0971034442362,911.5633969365042,893.0971034442362,895.615234375,30200,0.0,0.0
2016-08-19 00:00:00+09:00,898.9727711797093,914.9209342538592,898.1333941758066,904.009033203125,19600,0.0,0.0
2016-08-22 00:00:00+09:00,897.2938779183322,911.5632847701672,890.5788629292333,902.3301391601562,40000,0.0,0.0
2016-08-23 00:00:00+09:00,897.2939486906184,908.2058489085586,891.4183101117276,894.7758178710938,21200,0.0,0.0
2016-08-24 00:00:00+09:00,909.04535285102,917.4391234221282,902.3303363941334,906.5272216796875,10500,0.0,0.0
2016-08-25 00:00:00+09:00,914.92090128961,915.7602782632703,894.7758539217655,898.1333618164062,22400,0.0,0.0
2016-08-26 00:00:00+09:00,895.6151305181719,905.6876530732029,881.3457235652113,897.2938842773438,27100,0.0,0.0
2016-08-29 00:00:00+09:00,919.117826573989,931.7084817325367,919.117826573989,927.5115966796875,24700,0.0,0.0
2016-08-30 00:00:00+09:00,925.8327569574575,930.8690185546875,911.5633490986389,930.8690185546875,12600,0.0,0.0
2016-08-31 00:00:00+09:00,943.4595287877271,982.0708618164062,940.1020215678419,982.0708618164062,51000,0.0,0.0
2016-09-01 00:00:00+09:00,971.1590956504882,972.8378494891234,950.1746726675476,957.7290649414062,24400,0.0,0.0
2016-09-02 00:00:00+09:00,940.9414887019566,955.2108957563128,931.7083429609027,940.1021118164062,43000,0.0,0.0
2016-09-05 00:00:00+09:00,955.2107976893652,980.3921016706315,955.2107976893652,970.319580078125,29200,0.0,0.0
2016-09-06 00:00:00+09:00,967.8015747070312,971.9984592460903,958.5684287211012,967.8015747070312,21800,0.0,0.0
2016-09-07 00:00:00+09:00,948.4959301396594,976.1953688074548,948.4959301396594,964.444091796875,47500,0.0,0.0
2016-09-08 00:00:00+09:00,989.6254225395271,1032.4336469241885,981.2316530523385,1023.2005004882812,191000,0.0,0.0
2016-09-09 00:00:00+09:00,1021.52198866215,1021.52198866215,1004.7344457096084,1011.449462890625,54500,0.0,0.0
2016-09-12 00:00:00+09:00,1011.4492617739505,1013.128015735401,992.1435912172693,1009.7705078125,59500,0.0,0.0
2016-09-13 00:00:00+09:00,998.0191418321745,1006.4129108972054,982.0709806086157,984.589111328125,40100,0.0,0.0
2016-09-14 00:00:00+09:00,972.8380621296086,987.10747287698,972.8380621296086,980.3924560546875,20400,0.0,0.0
2016-09-15 00:00:00+09:00,966.9623124999999,973.6773285590277,938.423494249132,944.2991333007812,77300,0.0,0.0
2016-09-16 00:00:00+09:00,945.9777500152588,953.5321419852121,939.2627349308559,940.1021118164062,41800,0.0,0.0
2016-09-20 00:00:00+09:00,925.8327047620501,945.1383731297084,912.4026745932442,940.1021118164062,51700,0.0,0.0
2016-09-21 00:00:00+09:00,931.7084817325367,941.781005859375,924.9934656479779,941.781005859375,102900,0.0,0.0
2016-09-23 00:00:00+09:00,931.7083901988323,967.8015981074357,914.9208516366912,950.1746826171875,92400,0.0,0.0
2016-09-26 00:00:00+09:00,975.35587458306,987.1071501804462,955.2108307018264,959.40771484375,68400,0.0,0.0
2016-09-27 00:00:00+09:00,948.4958607833414,971.9984130859375,926.672062216645,971.9984130859375,58300,0.0,0.0
2016-09-28 00:00:00+09:00,952.4392832880435,983.9037953252378,949.8881066363791,958.3920288085938,48300,15.0,0.0
2016-09-29 00:00:00+09:00,944.785854997306,955.8409550107759,926.9276165140086,937.13232421875,120500,0.0,0.0
2016-09-30 00:00:00+09:00,927.7781193566041,949.8883220177147,920.9749800762623,936.2820434570312,71100,0.0,0.0
2016-10-03 00:00:00+09:00,958.392099562724,958.392099562724,931.1795466026466,934.5811157226562,29600,0.0,0.0
2016-10-04 00:00:00+09:00,935.431460058064,943.9353824222283,926.0771454574833,940.5338134765625,43800,0.0,0.0
2016-10-05 00:00:00+09:00,950.7385698683719,960.0928849565222,940.5338624994806,959.2424926757812,48900,0.0,0.0
2016-10-06 00:00:00+09:00,968.5969640351013,970.2977488709838,956.6914701839236,966.8961791992188,61000,0.0,0.0
2016-10-07 00:00:00+09:00,954.9904493531791,960.0928025999458,948.1873116908234,957.5416259765625,38500,0.0,0.0
2016-10-11 00:00:00+09:00,948.1875054475822,961.7937835526596,928.6284806715335,933.7308349609375,89200,0.0,0.0
2016-10-12 00:00:00+09:00,908.2190482181128,927.7780726647576,908.2190482181128,917.5733642578125,62100,0.0,0.0
2016-10-13 00:00:00+09:00,920.974931956893,937.1323869035051,909.0694388383366,912.4710083007812,47300,0.0,0.0
2016-10-14 00:00:00+09:00,912.4709178825293,918.4236638519401,905.6677796317742,915.0220947265625,49800,0.0,0.0
2016-10-17 00:00:00+09:00,909.0693509988556,924.3764121008007,909.0693509988556,920.1244506835938,40300,0.0,0.0
2016-10-18 00:00:00+09:00,920.9750825750476,952.4396052484333,920.9750825750476,949.888427734375,57200,0.0,0.0
2016-10-19 00:00:00+09:00,943.9354668827845,956.6913515703895,939.6835053202493,947.3370361328125,68000,0.0,0.0
2016-10-20 00:00:00+09:00,949.0378923766816,950.7386771300448,943.0851457399103,948.1875,43700,0.0,0.0
2016-10-21 00:00:00+09:00,948.1874982938774,951.5890677944833,941.3843592926657,943.0851440429688,34500,0.0,0.0
2016-10-24 00:00:00+09:00,941.3842899452634,947.3370361328125,937.9827206952353,947.3370361328125,34600,0.0,0.0
2016-10-25 00:00:00+09:00,952.4394690472146,960.9433928779933,931.1796594702679,938.8331909179688,93600,0.0,0.0
2016-10-26 00:00:00+09:00,930.3293378596932,941.384439680695,929.4789454119237,939.6836547851562,66900,0.0,0.0
2016-10-27 00:00:00+09:00,939.683595343177,947.3371268889584,936.282025767274,944.7859497070312,35700,0.0,0.0
2016-10-28 00:00:00+09:00,945.6362970132743,968.5968905558627,945.6362970132743,960.943359375,221300,0.0,0.0
2016-10-31 00:00:00+09:00,960.9433298540241,965.1952914905463,956.6913682175019,963.4945068359375,41400,0.0,0.0
2016-11-01 00:00:00+09:00,970.2975968745717,971.1479891592996,960.0928894578366,969.4472045898438,61300,0.0,0.0
2016-11-02 00:00:00+09:00,959.2426459922083,966.896177742146,947.3371521589715,961.7938232421875,75300,0.0,0.0
2016-11-04 00:00:00+09:00,948.1874930629152,948.1874930629152,921.8253295786549,927.778076171875,58300,0.0,0.0
2016-11-07 00:00:00+09:00,937.9828826412959,954.1403393685712,937.9828826412959,950.73876953125,39800,0.0,0.0
2016-11-08 00:00:00+09:00,943.9355364181201,964.3449534217552,929.4788660405453,943.0851440429688,28400,0.0,0.0
2016-11-09 00:00:00+09:00,949.0379118546197,957.5418357959693,874.2033811707428,880.1561279296875,69600,0.0,0.0
2016-11-10 00:00:00+09:00,949.8881874778053,957.5417180841619,926.9275956587358,935.4315185546875,65800,0.0,0.0
2016-11-11 00:00:00+09:00,948.187491280692,952.439453125,921.8253278459822,922.6757202148438,47800,0.0,0.0
2016-11-14 00:00:00+09:00,922.6757788842963,960.093045493429,858.8963471641837,877.60498046875,135200,0.0,0.0
2016-11-15 00:00:00+09:00,889.5104669810769,894.6128214761883,845.2900613567787,852.0932006835938,104900,0.0,0.0
2016-11-16 00:00:00+09:00,859.7467081170333,861.4474929006476,835.0853287546258,840.1876831054688,141200,0.0,0.0
2016-11-17 00:00:00+09:00,834.2349363628188,846.1404298481189,833.3845439710116,840.1876831054688,99200,0.0,0.0
2016-11-18 00:00:00+09:00,850.3922834977521,857.1954217657342,846.9907143637612,851.24267578125,98200,0.0,0.0
2016-11-21 00:00:00+09:00,858.8963189697265,865.6994581298828,846.1404330444336,850.3923950195312,88800,0.0,0.0
2016-11-22 00:00:00+09:00,847.8411043866795,852.9434580740617,839.3371815743758,846.1403198242188,116200,0.0,0.0
2016-11-24 00:00:00+09:00,858.8963062568397,881.0065082000851,850.3923824325146,874.203369140625,79200,0.0,0.0
2016-11-25 00:00:00+09:00,897.1638666400472,899.7150435120094,881.8568054082739,891.2111206054688,123700,0.0,0.0
2016-11-28 00:00:00+09:00,885.2584629738067,888.6600324761075,874.2033620913287,883.5576782226562,73600,0.0,0.0
2016-11-29 00:00:00+09:00,875.0536567228913,892.9118946151953,872.5024798811336,890.3607177734375,82100,0.0,0.0
2016-11-30 00:00:00+09:00,896.3135483488031,931.179635144155,896.3135483488031,926.9276733398438,157800,0.0,0.0
2016-12-01 00:00:00+09:00,934.58108397992,947.3369677467068,915.02206220418,932.0299072265625,117500,0.0,0.0
2016-12-02 00:00:00+09:00,943.0851842368521,948.187538705221,932.8804753001143,941.3843994140625,101500,0.0,0.0
2016-12-05 00:00:00+09:00,941.384269000815,949.8881919366851,928.6283845970099,945.63623046875,123000,0.0,0.0
2016-12-06 00:00:00+09:00,953.2898976236979,966.8961762695312,953.2898976236979,956.6914672851562,149800,0.0,0.0
2016-12-07 00:00:00+09:00,970.2978853722141,994.1088764242929,965.1955301467686,993.2584838867188,155100,0.0,0.0
2016-12-08 00:00:00+09:00,1010.2661550637059,1013.667724609375,992.4079149489435,1013.667724609375,90500,0.0,0.0
2016-12-09 00:00:00+09:00,988.155887740231,1006.0141266752954,983.053533758784,998.360595703125,92000,0.0,0.0
2016-12-12 00:00:00+09:00,998.360832603155,1029.825356288263,998.360832603155,1017.9198608398438,105000,0.0,0.0
2016-12-13 00:00:00+09:00,1025.5734150106975,1030.6757703092583,1011.9671342145358,1024.7230224609375,104700,0.0,0.0
2016-12-14 00:00:00+09:00,1026.4236420571556,1030.6756041203582,1016.2189331054688,1016.2189331054688,91700,0.0,0.0
2016-12-15 00:00:00+09:00,1008.5653069139017,1040.02982323415,1008.5653069139017,1033.2266845703125,106800,0.0,0.0
2016-12-16 00:00:00+09:00,1037.4783786680641,1045.9822998046875,1034.9272023270769,1045.9822998046875,119400,0.0,0.0
2016-12-19 00:00:00+09:00,1048.533762927187,1058.738471082196,1037.4786624259268,1049.3841552734375,124000,0.0,0.0
2016-12-20 00:00:00+09:00,1041.7308734561398,1041.7308734561398,1019.6206671623769,1024.7230224609375,112200,0.0,0.0
2016-12-21 00:00:00+09:00,1024.7226137642458,1031.5257514489879,1016.2186916583186,1021.321044921875,61600,0.0,0.0
2016-12-22 00:00:00+09:00,1011.1167205836042,1020.4710384359337,1001.7624027312748,1017.9198608398438,45800,0.0,0.0
2016-12-26 00:00:00+09:00,1043.431373931333,1043.431373931333,983.9039116858615,987.3054809570312,98900,0.0,0.0
2016-12-27 00:00:00+09:00,982.2031021118164,1005.1636941092355,978.8015329270137,1000.0613403320312,49500,0.0,0.0
2016-12-28 00:00:00+09:00,1004.3133439920716,1004.3133439920716,992.4078513452562,1003.4629516601562,54600,0.0,0.0
2016-12-29 00:00:00+09:00,985.604664751491,991.5574107853654,975.3999572648491,984.7542724609375,59000,0.0,0.0
2016-12-30 00:00:00+09:00,973.69932565305,1001.7622756500375,969.4473635322943,992.407958984375,71500,0.0,0.0
2017-01-04 00:00:00+09:00,992.4081055700532,1030.6757703092583,992.4081055700532,1024.7230224609375,100100,0.0,0.0
2017-01-05 00:00:00+09:00,1030.6755122469742,1034.9274739311613,1017.0692348575751,1018.77001953125,53000,0.0,0.0
2017-01-06 00:00:00+09:00,1008.5653581965322,1014.5181048300699,999.2110420581158,1007.7149658203125,49000,0.0,0.0
2017-01-10 00:00:00+09:00,1030.6754825318633,1030.6754825318633,989.0062592281823,996.6597900390625,70200,0.0,0.0
2017-01-11 00:00:00+09:00,996.6599001642973,997.5102925705808,987.3055836951784,990.7071533203125,38900,0.0,0.0
2017-01-12 00:00:00+09:00,988.1560752199174,989.8568602030842,970.2978328966659,978.8017578125,72300,0.0,0.0
2017-01-13 00:00:00+09:00,967.7464639945653,978.8015641983696,963.4945023777175,977.951171875,57100,0.0,0.0
2017-01-16 00:00:00+09:00,966.0456691196986,968.5968460627964,948.187430518014,952.4393920898438,51600,0.0,0.0
2017-01-17 00:00:00+09:00,950.7387159394054,955.8410704077743,937.9828297684832,941.3843994140625,43700,0.0,0.0
2017-01-18 00:00:00+09:00,939.683613097202,939.683613097202,921.825372486305,936.2820434570312,53300,0.0,0.0
2017-01-19 00:00:00+09:00,949.8883294089509,962.6442156588473,949.0379369922911,961.7938232421875,58200,0.0,0.0
2017-01-20 00:00:00+09:00,958.3922820337741,958.3922820337741,941.3844331955528,954.1403198242188,72100,0.0,0.0
2017-01-23 00:00:00+09:00,952.4393643465909,952.4393643465909,935.4315185546875,935.4315185546875,34300,0.0,0.0
2017-01-24 00:00:00+09:00,935.4315806726336,935.4315806726336,909.0694179445867,910.7702026367188,86300,0.0,0.0
2017-01-25 00:00:00+09:00,932.030038024175,949.8882778038353,921.8253295786549,927.778076171875,75400,0.0,0.0
2017-01-26 00:00:00+09:00,935.4316269243762,936.2820193124893,921.8253487145671,924.3765258789062,85700,0.0,0.0
2017-01-27 00:00:00+09:00,926.9276523590088,927.7780447006226,915.022159576416,925.2268676757812,70000,0.0,0.0
2017-01-30 00:00:00+09:00,920.124518443445,920.124518443445,904.8174562142565,910.7702026367188,60500,0.0,0.0
2017-01-31 00:00:00+09:00,903.9670687536135,907.3686381562611,891.2111834936848,896.3135375976562,74600,0.0,0.0
2017-02-01 00:00:00+09:00,899.7151160433723,922.6757097420217,885.2584459368153,921.8253173828125,84900,0.0,0.0
2017-02-02 00:00:00+09:00,916.722932532713,923.5260711785958,893.7623396028583,894.6127319335938,112100,0.0,0.0
2017-02-03 00:00:00+09:00,897.1640029029953,909.9198892001943,897.1640029029953,902.266357421875,57500,0.0,0.0
2017-02-06 00:00:00+09:00,918.4238531650641,918.4238531650641,893.7624719226689,895.4632568359375,28600,0.0,0.0
2017-02-07 00:00:00+09:00,891.2112380537014,892.9120228591474,875.0537824019644,875.9041748046875,37600,0.0,0.0
2017-02-08 00:00:00+09:00,871.6520853619754,886.1087540948082,862.2977702995541,885.2583618164062,28500,0.0,0.0
2017-02-09 00:00:00+09:00,883.557610910623,884.4080032214129,864.8489800732469,868.2505493164062,54200,0.0,0.0
2017-02-10 00:00:00+09:00,877.6050152466169,909.919928598721,874.2034454200796,895.4632568359375,120500,0.0,0.0
2017-02-13 00:00:00+09:00,920.9749354771205,920.9749354771205,884.4080636160714,892.9119873046875,67800,0.0,0.0
2017-02-14 00:00:00+09:00,899.7152060875526,902.266383420504,884.4081420898438,884.4081420898438,101200,0.0,0.0
2017-02-15 00:00:00+09:00,891.2112025669643,904.8174804687501,883.5576712472099,892.9119873046875,117300,0.0,0.0
2017-02-16 00:00:00+09:00,901.4160040323777,921.8254229916014,892.0616870094002,895.4632568359375,163500,0.0,0.0
2017-02-17 00:00:00+09:00,894.612757889721,899.7151120221719,877.6049107815513,881.8568725585938,77400,0.0,0.0
2017-02-20 00:00:00+09:00,876.7545166015625,889.5104019061439,872.5025548333687,876.7545166015625,144700,0.0,0.0
2017-02-21 00:00:00+09:00,875.9041732549667,877.6049580574036,865.6994644403458,870.8018188476562,168700,0.0,0.0
2017-02-22 00:00:00+09:00,874.2033482006884,876.7545252868772,865.6994245800591,872.5025634765625,107200,0.0,0.0
2017-02-23 00:00:00+09:00,879.3056640625,879.3056640625,864.8489945372944,879.3056640625,58000,0.0,0.0
2017-02-24 00:00:00+09:00,877.6049089552013,880.1560860161175,867.4002007115361,876.7545166015625,58100,0.0,0.0
2017-02-27 00:00:00+09:00,881.8568776448568,881.8568776448568,865.6994227989047,867.4002075195312,70300,0.0,0.0
2017-02-28 00:00:00+09:00,880.1560841630145,891.2111847370427,871.6521606445312,871.6521606445312,89600,0.0,0.0
2017-03-01 00:00:00+09:00,881.0065203238225,886.9592670827673,870.801811594203,880.1561279296875,62300,0.0,0.0
2017-03-02 00:00:00+09:00,887.8096472595453,887.8096472595453,872.50258437576,874.203369140625,140900,0.0,0.0
2017-03-03 00:00:00+09:00,881.0064765148628,881.8568688667111,867.4001988852897,871.6521606445312,92000,0.0,0.0
2017-03-06 00:00:00+09:00,871.6521331373912,881.0064487125242,868.2505638373428,879.3056640625,53100,0.0,0.0
2017-03-07 00:00:00+09:00,872.5025634765625,877.60491764894,867.400209304185,872.5025634765625,81700,0.0,0.0
2017-03-08 00:00:00+09:00,872.5025529963796,872.5025529963796,863.9986294778963,871.6521606445312,73700,0.0,0.0
2017-03-09 00:00:00+09:00,875.0537598492349,884.4080760380994,867.4002284219821,869.1010131835938,113200,0.0,0.0
2017-03-10 00:00:00+09:00,874.2033186042274,878.4552802705904,870.801749271137,875.0537109375,81600,0.0,0.0
2017-03-13 00:00:00+09:00,875.0537024374395,879.3056640625,869.1009561623549,879.3056640625,113200,0.0,0.0
2017-03-14 00:00:00+09:00,883.5576554306725,883.5576554306725,873.3529471870074,876.7545166015625,43600,0.0,0.0
2017-03-15 00:00:00+09:00,874.2034473042244,874.2034473042244,854.64442075948,860.59716796875,155700,0.0,0.0
2017-03-16 00:00:00+09:00,851.2427595004335,861.4474679060331,842.7388358291006,858.0458984375,116700,0.0,0.0
2017-03-17 00:00:00+09:00,858.0458564113029,858.8962487367849,849.5419331564832,854.644287109375,90000,0.0,0.0
2017-03-21 00:00:00+09:00,850.392374103676,850.392374103676,843.5892351108466,848.6915893554688,103600,0.0,0.0
2017-03-22 00:00:00+09:00,835.0852794647217,835.0852794647217,816.3766479492188,816.3766479492188,188400,0.0,0.0
2017-03-23 00:00:00+09:00,811.2744095919697,838.486968404279,811.2744095919697,835.935791015625,149600,0.0,0.0
2017-03-24 00:00:00+09:00,832.5341664137172,858.8963310294733,829.1325967858777,856.3451538085938,149500,0.0,0.0
2017-03-27 00:00:00+09:00,851.2428316732091,865.6995031401867,845.2900845985713,863.9987182617188,201900,0.0,0.0
2017-03-28 00:00:00+09:00,867.4002944625358,889.510498046875,861.4475473436753,889.510498046875,230300,0.0,0.0
2017-03-29 00:00:00+09:00,908.4912518045177,911.9423106907647,887.7848984870358,892.9614868164062,160400,15.0,0.0
2017-03-30 00:00:00+09:00,892.9615090110085,899.8636269550549,872.2551551788691,873.117919921875,118200,0.0,0.0
2017-03-31 00:00:00+09:00,873.1179373961528,873.1179373961528,843.783935546875,843.783935546875,152300,0.0,0.0
2017-04-03 00:00:00+09:00,850.686034403504,851.5487991442784,833.4307395880171,839.4700927734375,116600,0.0,0.0
2017-04-04 00:00:00+09:00,828.2540189302885,828.2540189302885,804.959374647874,807.5476684570312,135200,0.0,0.0
2017-04-05 00:00:00+09:00,806.6849211988778,815.3125674149086,792.0179226316255,800.6455688476562,133900,0.0,0.0
2017-04-06 00:00:00+09:00,796.3317898653678,798.9200838735976,782.5275551548089,783.3903198242188,122800,0.0,0.0
2017-04-07 00:00:00+09:00,787.70419084478,795.4690733394164,778.2137789068911,788.5669555664062,135800,0.0,0.0
2017-04-10 00:00:00+09:00,801.5084080892633,808.4105257046714,787.7041728584472,795.4690551757812,188000,0.0,0.0
2017-04-11 00:00:00+09:00,788.5669746274398,799.78291627969,772.1744445203049,792.8807983398438,171100,0.0,0.0
2017-04-12 00:00:00+09:00,776.488185033007,794.606242683777,771.3115971327869,790.2924194335938,134400,0.0,0.0
2017-04-13 00:00:00+09:00,773.0372364250276,784.2531784713728,767.8606477882528,782.5276489257812,117100,0.0,0.0
2017-04-14 00:00:00+09:00,776.4882097340593,778.2137390890239,768.7233276367188,768.7233276367188,78000,0.0,0.0
2017-04-17 00:00:00+09:00,767.860595703125,772.1744192744909,765.2723015603054,767.860595703125,63400,0.0,0.0
2017-04-18 00:00:00+09:00,780.8020629882812,787.7041806721556,777.3510041463442,780.8020629882812,90300,0.0,0.0
2017-04-19 00:00:00+09:00,776.4882720677199,783.3903900416551,772.1744483340103,779.9393310546875,92500,0.0,0.0
2017-04-20 00:00:00+09:00,783.3902764155947,802.3710980908625,780.8019825507855,800.6455688476562,109900,0.0,0.0
2017-04-21 00:00:00+09:00,809.2733163282072,820.4892578125,802.3711984917193,820.4892578125,148400,0.0,0.0
2017-04-24 00:00:00+09:00,833.4306909333235,835.1562203141378,816.1753971251802,823.0775146484375,126700,0.0,0.0
2017-04-25 00:00:00+09:00,826.5286261797197,839.4700973620744,822.2148024522681,837.7445678710938,182400,0.0,0.0
2017-04-26 00:00:00+09:00,847.2348871995955,852.411475105092,837.7444760395185,849.8231811523438,198400,0.0,0.0
2017-04-27 00:00:00+09:00,849.8232853246731,869.6668747281934,842.9211672712747,867.9413452148438,128600,0.0,0.0
2017-04-28 00:00:00+09:00,862.7647231042505,868.8040761659802,851.5487817038952,857.588134765625,86600,0.0,0.0
2017-05-01 00:00:00+09:00,853.274297668457,864.4902388916016,846.3721799926758,862.7647094726562,79500,0.0,0.0
2017-05-02 00:00:00+09:00,868.8040072991045,883.471006429278,864.490184025524,872.2550659179688,148900,0.0,0.0
2017-05-08 00:00:00+09:00,885.1966224677839,889.5104461640207,876.5689750753104,886.0593872070312,134100,0.0,0.0
2017-05-09 00:00:00+09:00,879.1571699084317,883.4709931170108,873.1178174164208,877.431640625,77900,0.0,0.0
2017-05-10 00:00:00+09:00,878.2944855512704,883.4710738747553,875.706191389528,881.7455444335938,75000,0.0,0.0
2017-05-11 00:00:00+09:00,880.0199689948524,887.7848510742188,873.9806162664564,887.7848510742188,73000,0.0,0.0
2017-05-12 00:00:00+09:00,887.7849265433646,902.4519272734299,883.4711027992278,893.8242797851562,198900,0.0,0.0
2017-05-15 00:00:00+09:00,877.4316274333271,879.1571566908165,828.2540435948811,834.2933959960938,309300,0.0,0.0
2017-05-16 00:00:00+09:00,832.5679127375286,832.5679127375286,819.6264425913494,828.2540893554688,263800,0.0,0.0
2017-05-17 00:00:00+09:00,826.5285734100662,826.5285734100662,808.4105149115156,823.0775146484375,189000,0.0,0.0
2017-05-18 00:00:00+09:00,801.5084792320506,810.1361270171103,801.5084792320506,803.2340087890625,110200,0.0,0.0
2017-05-19 00:00:00+09:00,810.1360164294088,826.5285449833585,807.5477224472062,822.2147216796875,180600,0.0,0.0
2017-05-22 00:00:00+09:00,837.7445496665323,850.6860205676631,828.2541376723698,844.6466674804688,218100,0.0,0.0
2017-05-23 00:00:00+09:00,846.372159627693,847.2349243164062,830.8423952308545,847.2349243164062,155900,0.0,0.0
2017-05-24 00:00:00+09:00,847.2350135407395,849.8233078794586,839.4701305245819,848.0977783203125,122700,0.0,0.0
2017-05-25 00:00:00+09:00,849.8232696627297,849.8232696627297,835.1562690695658,839.4700927734375,128500,0.0,0.0
2017-05-26 00:00:00+09:00,842.058292960729,846.3721161828639,836.0189404497402,840.332763671875,118300,0.0,0.0
2017-05-29 00:00:00+09:00,844.6465957484295,844.6465957484295,833.4306552533022,836.8817138671875,95800,0.0,0.0
2017-05-30 00:00:00+09:00,832.5679038273348,833.4306684945135,819.6264338196561,831.7051391601562,135300,0.0,0.0
2017-05-31 00:00:00+09:00,820.489220577216,830.842396862102,820.489220577216,823.0775146484375,84000,0.0,0.0
2017-06-01 00:00:00+09:00,828.2540893554688,835.1562067667644,822.2147366205852,828.2540893554688,106800,0.0,0.0
2017-06-02 00:00:00+09:00,831.705155535442,851.5487432712462,829.9796261671113,848.96044921875,134400,0.0,0.0
2017-06-05 00:00:00+09:00,845.5093471339492,847.2348764138144,829.9795836151624,842.0582885742188,131500,0.0,0.0
2017-06-06 00:00:00+09:00,832.5679833320394,834.2935128311732,822.2148063372368,824.8031005859375,137500,0.0,0.0
2017-06-07 00:00:00+09:00,824.8029850799023,835.1561606248384,821.3519265649237,834.2933959960938,87400,0.0,0.0
2017-06-08 00:00:00+09:00,834.2934376167408,836.0189669603121,824.8030262270985,829.9796142578125,80900,0.0,0.0
2017-06-09 00:00:00+09:00,830.8424775538281,836.0190661990232,826.5286536828321,827.3914184570312,91800,0.0,0.0
2017-06-12 00:00:00+09:00,832.5679411476286,834.2934705593335,826.5285882066614,829.1168823242188,63900,0.0,0.0
2017-06-13 00:00:00+09:00,831.7052192176212,842.921160970556,831.7052192176212,836.01904296875,65400,0.0,0.0
2017-06-14 00:00:00+09:00,838.6073372194272,841.1956314701044,835.1562782185242,836.01904296875,62000,0.0,0.0
2017-06-15 00:00:00+09:00,837.7445718294407,837.7445718294407,824.8031005859375,824.8031005859375,109900,0.0,0.0
2017-06-16 00:00:00+09:00,823.0775986947,829.1169521442417,803.2340087890625,803.2340087890625,293800,0.0,0.0
2017-06-19 00:00:00+09:00,809.2732325042854,817.90087890625,805.8221739434995,817.90087890625,87800,0.0,0.0
2017-06-20 00:00:00+09:00,819.6265354892384,829.9797127796288,816.1754763924416,827.3914184570312,132600,0.0,0.0
2017-06-21 00:00:00+09:00,822.2147021072324,824.8029960278218,814.4498203454641,817.90087890625,82900,0.0,0.0
2017-06-22 00:00:00+09:00,822.2146911936684,836.8816898823277,818.7636326786896,834.2933959960938,130600,0.0,0.0
2017-06-23 00:00:00+09:00,841.1956059778814,874.8434302169967,841.1956059778814,868.8040771484375,339000,0.0,0.0
2017-06-26 00:00:00+09:00,875.7061484673554,886.059324606871,868.8040310410117,874.8433837890625,171800,0.0,0.0
2017-06-27 00:00:00+09:00,875.706191389528,882.6083091541745,862.7647205808157,881.7455444335938,148600,0.0,0.0
2017-06-28 00:00:00+09:00,871.3923250758907,882.6082658936991,869.6667957193047,874.8433837890625,102100,0.0,0.0
2017-06-29 00:00:00+09:00,880.019962932834,880.882727602376,867.0784928897041,878.29443359375,73400,0.0,0.0
2017-06-30 00:00:00+09:00,868.8039942078417,878.2944052667159,868.8039942078417,877.431640625,88800,0.0,0.0
2017-07-03 00:00:00+09:00,882.6081756862931,882.6081756862931,871.3922360148152,873.9805297851562,89000,0.0,0.0
2017-07-04 00:00:00+09:00,873.9806280457148,879.1572161683943,868.8040399230354,871.392333984375,111800,0.0,0.0
2017-07-05 00:00:00+09:00,867.0784562995455,881.7454550628214,867.0784562995455,880.8826904296875,89300,0.0,0.0
2017-07-06 00:00:00+09:00,873.117901731005,882.608313706342,871.3923722809436,880.02001953125,93800,0.0,0.0
2017-07-07 00:00:00+09:00,869.6668373312067,882.6083081248258,869.6668373312067,870.5296020507812,84400,0.0,0.0
2017-07-10 00:00:00+09:00,880.8826465060657,880.8826465060657,869.6667068345879,873.9805297851562,109700,0.0,0.0
2017-07-11 00:00:00+09:00,882.6083101576654,892.9614868164062,877.4317218282949,892.9614868164062,152700,0.0,0.0
2017-07-12 00:00:00+09:00,892.9614812135696,892.9614812135696,877.4317163228989,883.4710693359375,88500,0.0,0.0
2017-07-13 00:00:00+09:00,880.8827649948045,880.8827649948045,867.0785296961592,875.7061767578125,126000,0.0,0.0
2017-07-14 00:00:00+09:00,873.9805820581367,883.4709931170108,872.2550527747051,877.431640625,77600,0.0,0.0
2017-07-17 00:00:00+09:00,877.431640625,877.431640625,877.431640625,877.431640625,0,0.0,0.0
2017-07-18 00:00:00+09:00,868.8040310410117,875.7061484673554,867.0785016844258,874.8433837890625,101700,0.0,0.0
2017-07-19 00:00:00+09:00,873.9806985115673,873.9806985115673,863.6275214314699,867.9413452148438,90700,0.0,0.0
2017-07-20 00:00:00+09:00,875.706106977678,881.745459439593,872.2550484280123,879.1571655273438,147900,0.0,0.0
2017-07-21 00:00:00+09:00,871.3923012632526,873.1178305726849,865.35294868024,872.2550659179688,72900,0.0,0.0
2017-07-24 00:00:00+09:00,866.2158019778285,873.117919921875,858.4509192907763,873.117919921875,125500,0.0,0.0
2017-07-25 00:00:00+09:00,880.0199080704451,880.0199080704451,861.9018511395831,863.6273803710938,95200,0.0,0.0
2017-07-26 00:00:00+09:00,860.1763916015625,871.3923325151235,858.4508622302454,860.1763916015625,99500,0.0,0.0
2017-07-27 00:00:00+09:00,859.3136733546402,862.7647322837753,852.4115554963699,854.1370849609375,180400,0.0,0.0
2017-07-28 00:00:00+09:00,853.2742636985624,855.8625577239372,847.2349109726879,852.4114990234375,125400,0.0,0.0
2017-07-31 00:00:00+09:00,861.0392028192077,863.627497016059,849.8232612995187,854.1370849609375,97100,0.0,0.0
2017-08-01 00:00:00+09:00,861.9019492843108,861.9019492843108,853.2743021443277,861.0391845703125,113700,0.0,0.0
2017-08-02 00:00:00+09:00,863.6274503441966,864.4902150298552,853.2742741162942,860.1763916015625,90600,0.0,0.0
2017-08-03 00:00:00+09:00,857.5880410352544,859.3135702928706,853.2742178912139,858.4508056640625,70600,0.0,0.0
2017-08-04 00:00:00+09:00,854.136982520022,861.0390995504868,850.6859240047895,858.4508056640625,77100,0.0,0.0
2017-08-07 00:00:00+09:00,862.7646396834538,869.6667568009213,862.7646396834538,866.2156982421875,92600,0.0,0.0
2017-08-08 00:00:00+09:00,870.5295737735809,873.1178678482298,859.3136327834357,869.6668090820312,59400,0.0,0.0
2017-08-09 00:00:00+09:00,871.3923138503712,871.3923138503712,817.900904485299,831.7051391601562,341100,0.0,0.0
2017-08-10 00:00:00+09:00,820.4891816478664,823.9402402457545,801.5083593594826,814.4498291015625,298900,0.0,0.0
2017-08-11 00:00:00+09:00,814.4498291015625,814.4498291015625,814.4498291015625,814.4498291015625,0,0.0,0.0
2017-08-14 00:00:00+09:00,814.4499415106952,814.4499415106952,798.0574109082554,806.68505859375,168200,0.0,0.0
2017-08-15 00:00:00+09:00,807.547795876782,820.4892669645509,804.9595016592282,817.0382080078125,149000,0.0,0.0
2017-08-16 00:00:00+09:00,815.3125849856606,824.8029960278218,811.8615264248748,817.90087890625,142400,0.0,0.0
2017-08-17 00:00:00+09:00,823.0775057288948,831.7051525394703,818.7636823236071,826.528564453125,108500,0.0,0.0
2017-08-18 00:00:00+09:00,826.5285734100662,826.5285734100662,813.5871030539587,823.0775146484375,111800,0.0,0.0
2017-08-21 00:00:00+09:00,825.6658235008089,829.9796470300712,817.0381764422842,829.1168823242188,86500,0.0,0.0
2017-08-22 00:00:00+09:00,834.293415524832,841.1955327163507,827.3912983333132,838.6072387695312,97500,0.0,0.0
2017-08-23 00:00:00+09:00,848.097773037812,850.6860673604097,826.5286536828321,827.3914184570312,74600,0.0,0.0
2017-08-24 00:00:00+09:00,827.3913848780277,829.9796790955814,816.1754432686279,817.0382080078125,51600,0.0,0.0
2017-08-25 00:00:00+09:00,828.2540545886076,828.2540545886076,817.90087890625,817.90087890625,46900,0.0,0.0
2017-08-28 00:00:00+09:00,817.0382178398355,827.3913948346382,807.5478055945998,824.8031005859375,118400,0.0,0.0
2017-08-29 00:00:00+09:00,817.0382178398355,827.3913948346382,814.449923591135,824.8031005859375,109600,0.0,0.0
2017-08-30 00:00:00+09:00,823.0775057288948,829.1168584962977,815.3126235993769,826.528564453125,144800,0.0,0.0
2017-08-31 00:00:00+09:00,826.5285972348076,829.116891380637,823.0775383737019,825.6658325195312,54700,0.0,0.0
2017-09-01 00:00:00+09:00,832.5679321289062,834.2934615219195,822.2147557708265,832.5679321289062,67200,0.0,0.0
2017-09-04 00:00:00+09:00,826.5286300850712,839.4701013285744,820.489276838103,824.8031005859375,95300,0.0,0.0
2017-09-05 00:00:00+09:00,823.940251001156,828.2540743048269,819.6264276974849,822.2147216796875,151300,0.0,0.0
2017-09-06 00:00:00+09:00,819.6264125832039,821.3519418728528,810.1360014901352,816.1753540039062,86800,0.0,0.0
2017-09-07 00:00:00+09:00,818.7636691524775,836.0189624960492,818.7636691524775,831.7051391601562,79800,0.0,0.0
2017-09-08 00:00:00+09:00,829.9796606573135,837.7445431374755,821.3520134571336,823.9403076171875,93300,0.0,0.0
2017-09-11 00:00:00+09:00,836.0189360946906,850.6859349735448,833.4306421748928,842.0582885742188,133700,0.0,0.0
2017-09-12 00:00:00+09:00,845.5093949389798,861.0391593358181,843.7838655615533,847.2349243164062,163300,0.0,0.0
2017-09-13 00:00:00+09:00,850.6860260318024,858.4509086223563,849.8232612995187,854.1370849609375,66100,0.0,0.0
2017-09-14 00:00:00+09:00,854.1371317773239,854.1371317773239,844.6467192020202,848.0977783203125,55000,0.0,0.0
2017-09-15 00:00:00+09:00,851.5486886335976,860.1763349216787,846.372100860749,858.4508056640625,115600,0.0,0.0
2017-09-18 00:00:00+09:00,858.4508056640625,858.4508056640625,858.4508056640625,858.4508056640625,0,0.0,0.0
2017-09-19 00:00:00+09:00,861.9019684111727,868.8040862763272,861.0392036780283,865.35302734375,115000,0.0,0.0
2017-09-20 00:00:00+09:00,857.5880280608063,869.6667326813811,850.6859111347636,863.6273803710938,142700,0.0,0.0
2017-09-21 00:00:00+09:00,861.9019593557985,873.9806654929167,861.0391946317186,868.8040771484375,85600,0.0,0.0
2017-09-22 00:00:00+09:00,865.3530601760347,872.2551783030618,859.3137068148859,864.4902954101562,52600,0.0,0.0
2017-09-25 00:00:00+09:00,869.6668747281934,869.6668747281934,859.3136976480959,867.9413452148438,57900,0.0,0.0
2017-09-26 00:00:00+09:00,861.0391081415986,881.745459439593,861.0391081415986,879.1571655273438,123300,0.0,0.0
2017-09-27 00:00:00+09:00,880.032788772809,889.6649884509194,865.1466619975475,887.0380249023438,73300,15.0,0.0
2017-09-28 00:00:00+09:00,892.2920856740215,892.2920856740215,880.9085752581606,884.4111938476562,38600,0.0,0.0
2017-09-29 00:00:00+09:00,881.7841291693577,883.5354382640337,873.0275836959778,879.1571655273438,68300,0.0,0.0
2017-10-02 00:00:00+09:00,883.5354068375764,893.1676065156868,878.2814797404253,887.0380249023438,82700,0.0,0.0
2017-10-03 00:00:00+09:00,894.918994068394,894.918994068394,884.4111389521311,887.9137573242188,55500,0.0,0.0
2017-10-04 00:00:00+09:00,887.9137067936294,892.2919795095744,883.5354340776846,885.2867431640625,42600,0.0,0.0
2017-10-05 00:00:00+09:00,887.0380249023438,891.4162974833031,884.4110613537682,887.0380249023438,44600,0.0,0.0
2017-10-06 00:00:00+09:00,887.0381194918027,890.5407379300724,882.6598464439655,888.7894287109375,51600,0.0,0.0
2017-10-09 00:00:00+09:00,888.7894287109375,888.7894287109375,888.7894287109375,888.7894287109375,0,0.0,0.0
2017-10-10 00:00:00+09:00,891.4164653640106,901.048666856156,877.4059904663444,895.7947387695312,107300,0.0,0.0
2017-10-11 00:00:00+09:00,893.1676848823502,894.0433394753721,884.4111389521311,887.9137573242188,57700,0.0,0.0
2017-10-12 00:00:00+09:00,887.9137216543223,891.4163398857003,874.7789032866548,876.5302124023438,68500,0.0,0.0
2017-10-13 00:00:00+09:00,876.5301977321727,888.7893613368185,873.0275795594167,885.2867431640625,91700,0.0,0.0
2017-10-16 00:00:00+09:00,882.6598643272274,907.1781938918725,881.7842096999186,899.2973022460938,163500,0.0,0.0
2017-10-17 00:00:00+09:00,900.1730173666647,900.1730173666647,885.2868877020409,889.6651611328125,56800,0.0,0.0
2017-10-18 00:00:00+09:00,885.2868056922509,897.5459701627668,882.6598418771405,894.9190063476562,76500,0.0,0.0
2017-10-19 00:00:00+09:00,894.9190002321494,897.5459640293084,887.9137634397256,891.4163818359375,58400,0.0,0.0
2017-10-20 00:00:00+09:00,891.4163833781281,904.5512023866467,887.9137649758565,901.048583984375,111100,0.0,0.0
2017-10-23 00:00:00+09:00,901.9243063506495,915.9347810124071,900.1729970179298,914.1834716796875,133400,0.0,0.0
2017-10-24 00:00:00+09:00,913.3078052417652,918.5617331722068,906.3025680011764,907.17822265625,80600,0.0,0.0
2017-10-25 00:00:00+09:00,897.5459594726562,902.7998870403011,894.9189956888339,897.5459594726562,138600,0.0,0.0
2017-10-26 00:00:00+09:00,897.545976248401,901.9242493032713,894.9190124154788,898.421630859375,70700,0.0,0.0
2017-10-27 00:00:00+09:00,899.2972326507714,915.0590147225474,898.4215780912283,911.556396484375,154700,0.0,0.0
2017-10-30 00:00:00+09:00,903.6755813909433,909.8051638228586,899.2973082252895,902.7999267578125,110000,0.0,0.0
2017-10-31 00:00:00+09:00,902.7999939781758,916.810469151455,901.048684581516,915.934814453125,102300,0.0,0.0
2017-11-01 00:00:00+09:00,918.5616118131418,918.5616118131418,905.4267937223914,916.810302734375,83700,0.0,0.0
2017-11-02 00:00:00+09:00,910.6808363419822,916.810418894284,902.7999444890228,913.3078002929688,93500,0.0,0.0
2017-11-03 00:00:00+09:00,913.3078002929688,913.3078002929688,913.3078002929688,913.3078002929688,0,0.0,0.0
2017-11-06 00:00:00+09:00,907.1781999234663,907.1781999234663,898.4216535921587,902.7999267578125,88800,0.0,0.0
2017-11-07 00:00:00+09:00,895.7947014670056,910.6808304258902,887.913809665243,909.80517578125,75100,0.0,0.0
2017-11-08 00:00:00+09:00,901.0486293348472,909.80517578125,896.6703561116458,909.80517578125,54200,0.0,0.0
2017-11-09 00:00:00+09:00,905.4268207750823,928.1938394792913,904.5511662095357,915.0590209960938,197400,0.0,0.0
2017-11-10 00:00:00+09:00,903.6755706373913,909.8051529963658,897.5459882784166,905.4268798828125,67300,0.0,0.0
2017-11-13 00:00:00+09:00,896.67031555773,900.1729339778774,890.5407333224721,894.9190063476562,57600,0.0,0.0
2017-11-14 00:00:00+09:00,889.6650884959323,896.6703254132232,818.7370647083629,847.6336669921875,419300,0.0,0.0
2017-11-15 00:00:00+09:00,846.7579257868919,849.3848893622389,820.4882900334205,833.6231079101562,289600,0.0,0.0
2017-11-16 00:00:00+09:00,827.4936307792784,836.250177136731,823.1153576005521,832.74755859375,179800,0.0,0.0
2017-11-17 00:00:00+09:00,840.6283441110819,840.6283441110819,828.369180759462,833.6231079101562,192800,0.0,0.0
2017-11-20 00:00:00+09:00,831.8719331562581,851.136335818824,829.2449691568173,850.2606811523438,123100,0.0,0.0
2017-11-21 00:00:00+09:00,854.638916015625,856.3902252697554,846.7580243720383,854.638916015625,94900,0.0,0.0
2017-11-22 00:00:00+09:00,854.6389268049845,858.141545357464,848.5093443381455,852.011962890625,114000,0.0,0.0
2017-11-23 00:00:00+09:00,852.011962890625,852.011962890625,852.011962890625,852.011962890625,0,0.0,0.0
2017-11-24 00:00:00+09:00,853.763278113905,855.5145874023438,843.2554223832724,855.5145874023438,77700,0.0,0.0
2017-11-27 00:00:00+09:00,859.8928546337037,859.8928546337037,846.7580350619058,852.011962890625,71300,0.0,0.0
2017-11-28 00:00:00+09:00,849.3849989762654,853.7632721668647,843.2554165094264,852.011962890625,85000,0.0,0.0
2017-11-29 00:00:00+09:00,862.5198315035913,869.5250687137727,859.8928675497732,868.6494140625,71600,0.0,0.0
2017-11-30 00:00:00+09:00,866.0223473172739,880.0328200746817,864.2710382225979,879.1571655273438,104900,0.0,0.0
2017-12-01 00:00:00+09:00,885.2868534289709,885.2868534289709,872.1520336451582,878.2816162109375,77400,0.0,0.0
2017-12-04 00:00:00+09:00,886.1623719181847,887.0380264358904,871.2762451171875,871.2762451171875,70900,0.0,0.0
2017-12-05 00:00:00+09:00,866.8980998821087,877.4059556382555,862.5198266503809,874.7789916992188,83900,0.0,0.0
2017-12-06 00:00:00+09:00,880.0328966597436,880.0328966597436,862.519804188903,870.4006958007812,95700,0.0,0.0
2017-12-07 00:00:00+09:00,876.5302521024702,885.2867980775198,873.0276337124503,881.7841796875,92100,0.0,0.0
2017-12-08 00:00:00+09:00,876.5301707080416,887.9136794185356,876.5301707080416,887.0380249023438,65700,0.0,0.0
2017-12-11 00:00:00+09:00,890.5407784040584,903.6755981445312,887.9138144559638,903.6755981445312,94800,0.0,0.0
2017-12-12 00:00:00+09:00,903.6756257584952,912.4321725197209,895.794733673392,901.92431640625,61600,0.0,0.0
2017-12-13 00:00:00+09:00,908.9295436815283,926.4426370087255,908.9295436815283,914.1834716796875,129300,0.0,0.0
2017-12-14 00:00:00+09:00,923.8156248507137,932.5721710578295,920.3130063678674,930.8208618164062,142200,0.0,0.0
2017-12-15 00:00:00+09:00,932.5721926946288,932.5721926946288,915.0590998740724,925.5669555664062,99100,0.0,0.0
2017-12-18 00:00:00+09:00,928.193899257667,942.2043732087261,928.193899257667,940.4530639648438,106300,0.0,0.0
2017-12-19 00:00:00+09:00,941.3287032574306,957.9661408033759,931.6965025729359,949.2095947265625,96400,0.0,0.0
2017-12-20 00:00:00+09:00,945.7070708644313,960.5932006835938,941.3287973882071,960.5932006835938,85400,0.0,0.0
2017-12-21 00:00:00+09:00,961.4688999128257,980.7333041005143,954.4636620263934,978.9819946289062,104600,0.0,0.0
2017-12-22 00:00:00+09:00,976.3549013388557,976.3549013388557,962.3444274182981,965.8470458984375,64400,0.0,0.0
2017-12-25 00:00:00+09:00,985.1115268209707,987.7384908924931,963.2201595582824,966.7227783203125,70500,0.0,0.0
2017-12-26 00:00:00+09:00,963.22012533298,965.8470893111609,955.3392333984375,955.3392333984375,69600,0.0,0.0
2017-12-27 00:00:00+09:00,957.0905377608614,970.225357583746,957.0905377608614,961.4688110351562,63300,0.0,0.0
2017-12-28 00:00:00+09:00,963.2200317382811,971.1009229070489,958.8417588667436,963.2200317382812,48300,0.0,0.0
2017-12-29 00:00:00+09:00,966.7227184346973,976.3549194335938,964.0957545259073,976.3549194335938,61100,0.0,0.0
2018-01-01 00:00:00+09:00,976.3549194335938,976.3549194335938,976.3549194335938,976.3549194335938,0,0.0,0.0
2018-01-02 00:00:00+09:00,976.3549194335938,976.3549194335938,976.3549194335938,976.3549194335938,0,0.0,0.0
2018-01-03 00:00:00+09:00,976.3549194335938,976.3549194335938,976.3549194335938,976.3549194335938,0,0.0,0.0
2018-01-04 00:00:00+09:00,980.733175774237,982.484485016691,965.847047213378,975.479248046875,74900,0.0,0.0
2018-01-05 00:00:00+09:00,976.3549331284627,976.3549331284627,944.8313657808172,948.333984375,210900,0.0,0.0
2018-01-08 00:00:00+09:00,948.333984375,948.333984375,948.333984375,948.333984375,0,0.0,0.0
2018-01-09 00:00:00+09:00,958.8418520360119,958.8418520360119,948.3339961232886,955.3392333984375,82300,0.0,0.0
2018-01-10 00:00:00+09:00,963.220113400277,970.2253505886426,942.2044018351801,948.333984375,177600,0.0,0.0
2018-01-11 00:00:00+09:00,930.8208872526167,930.8208872526167,905.4269025580486,909.80517578125,305100,0.0,0.0
2018-01-12 00:00:00+09:00,911.5564899888149,918.5617271837338,901.0486341964366,903.6755981445312,169100,0.0,0.0
2018-01-15 00:00:00+09:00,910.6808580565935,921.1887141110927,906.3025847005522,908.0538940429688,122200,0.0,0.0
2018-01-16 00:00:00+09:00,976.3550304214941,1005.2516367030272,967.5984830634538,978.9819946289062,741200,0.0,0.0
2018-01-17 00:00:00+09:00,994.7436326019205,994.7436326019205,974.6035766601562,974.6035766601562,362300,0.0,0.0
2018-01-18 00:00:00+09:00,976.3549799158953,996.4950377975684,966.7227783203125,966.7227783203125,214700,0.0,0.0
2018-01-19 00:00:00+09:00,969.3496137584339,978.9818140758167,960.5930680153587,963.2200317382812,131100,0.0,0.0
2018-01-22 00:00:00+09:00,963.2200361497884,965.8469998847423,953.5878357882905,957.0904541015625,113700,0.0,0.0
2018-01-23 00:00:00+09:00,971.9766082763672,983.3601181030274,970.2252990722657,980.733154296875,106200,0.0,0.0
2018-01-24 00:00:00+09:00,986.8626098632812,993.8678457806781,984.2356463942574,986.8626098632812,79500,0.0,0.0
2018-01-25 00:00:00+09:00,991.2411831648892,1005.2516592520254,986.8629093876592,992.9924926757812,164200,0.0,0.0
2018-01-26 00:00:00+09:00,995.6192248022077,1005.2514248662571,994.7435702509304,999.9974975585938,92400,0.0,0.0
2018-01-29 00:00:00+09:00,995.6192391959888,1021.8888761140888,986.8626935566222,1016.6349487304688,223700,0.0,0.0
2018-01-30 00:00:00+09:00,1018.3861941661006,1020.137503184443,1000.8731039826766,1007.002685546875,119900,0.0,0.0
2018-01-31 00:00:00+09:00,1006.1271239271507,1031.5211070375835,999.1218872070312,999.1218872070312,148200,0.0,0.0
2018-02-01 00:00:00+09:00,1015.7593109603594,1024.5158567445003,1008.7540743330466,1017.5106201171875,122000,0.0,0.0
2018-02-02 00:00:00+09:00,1017.5105781100272,1030.6453962439775,1015.7592690255004,1028.0184326171875,98300,0.0,0.0
2018-02-05 00:00:00+09:00,1017.510474413556,1022.7644011316984,1005.2513120712241,1013.1322021484375,156400,0.0,0.0
2018-02-06 00:00:00+09:00,964.0956589271283,977.2304771686422,937.8260224441002,964.9713134765625,259400,0.0,0.0
2018-02-07 00:00:00+09:00,991.2409872543308,999.1218784957521,950.9608764648438,950.9608764648438,145200,0.0,0.0
2018-02-08 00:00:00+09:00,952.7121750172176,960.5930661708527,943.9556292909564,953.5878295898438,167500,0.0,0.0
2018-02-09 00:00:00+09:00,927.318151217788,940.4529692237057,918.5616058805095,938.70166015625,77400,0.0,0.0
2018-02-12 00:00:00+09:00,938.70166015625,938.70166015625,938.70166015625,938.70166015625,0,0.0,0.0
2018-02-13 00:00:00+09:00,964.0959585006923,1059.5423340470822,924.6914915319991,1022.7648315429688,347900,0.0,0.0
2018-02-14 00:00:00+09:00,1035.0236941553965,1086.687313406808,1035.0236941553965,1042.0289306640625,503600,0.0,0.0
2018-02-15 00:00:00+09:00,1050.785436417972,1070.925490615983,1044.6558547055338,1062.1689453125,256100,0.0,0.0
2018-02-16 00:00:00+09:00,1075.303770111231,1100.6977516529457,1071.801151967546,1091.0655517578125,200700,0.0,0.0
2018-02-19 00:00:00+09:00,1091.0657963675778,1141.8537708373367,1083.1849037774427,1139.226806640625,275100,0.0,0.0
2018-02-20 00:00:00+09:00,1135.7240353395866,1162.8693283970476,1117.3352884296935,1156.73974609375,163100,0.0,0.0
2018-02-21 00:00:00+09:00,1156.7397676301093,1171.6258963581274,1147.1075666884506,1151.48583984375,182900,0.0,0.0
2018-02-22 00:00:00+09:00,1138.3507891399104,1155.8638782036014,1127.842935701696,1148.858642578125,148300,0.0,0.0
2018-02-23 00:00:00+09:00,1154.112848982901,1167.2476689637383,1147.9832663251768,1160.242431640625,135800,0.0,0.0
2018-02-26 00:00:00+09:00,1167.2476689637383,1191.7659995946344,1157.6154676444576,1160.242431640625,138200,0.0,0.0
2018-02-27 00:00:00+09:00,1175.1285734630767,1190.0147029331752,1168.1233360653832,1176.8798828125,140300,0.0,0.0
2018-02-28 00:00:00+09:00,1168.9989120895798,1189.138968252921,1164.6206390105926,1166.3719482421875,157800,0.0,0.0
2018-03-01 00:00:00+09:00,1162.869450739504,1169.8746883945612,1145.3563566018606,1147.107666015625,139200,0.0,0.0
2018-03-02 00:00:00+09:00,1120.8379575545173,1131.3458134065909,1117.3353389371593,1124.340576171875,123700,0.0,0.0
2018-03-05 00:00:00+09:00,1117.335315210962,1127.8431708399053,1098.0709132245663,1110.330078125,88400,0.0,0.0
2018-03-06 00:00:00+09:00,1133.0970565831358,1157.6153854736517,1126.091819757274,1130.4700927734375,112600,0.0,0.0
2018-03-07 00:00:00+09:00,1119.962098281219,1127.8429887304223,1099.822044911033,1104.2003173828125,99200,0.0,0.0
2018-03-08 00:00:00+09:00,1122.5893327131469,1123.4649874188513,1095.4440368363078,1108.578857421875,114700,0.0,0.0
2018-03-09 00:00:00+09:00,1119.0863990844146,1125.215980300057,1099.82200097811,1105.075927734375,96600,0.0,0.0
2018-03-12 00:00:00+09:00,1119.0867153953961,1150.6102848431537,1119.0867153953961,1147.107666015625,165700,0.0,0.0
2018-03-13 00:00:00+09:00,1145.3561675230906,1153.2370585840292,1133.9726582128458,1143.6048583984375,81900,0.0,0.0
2018-03-14 00:00:00+09:00,1138.351107595886,1150.6102733699956,1134.8484888032833,1140.1024169921875,58200,0.0,0.0
2018-03-15 00:00:00+09:00,1135.723916333736,1135.723916333736,1106.8273170746666,1115.5838623046875,67900,0.0,0.0
2018-03-16 00:00:00+09:00,1161.1178226426762,1181.2578753732807,1120.8377171814673,1133.9725341796875,218700,0.0,0.0
2018-03-19 00:00:00+09:00,1133.9727977582604,1133.9727977582604,1083.1848268934116,1099.822265625,143300,0.0,0.0
2018-03-20 00:00:00+09:00,1084.9360489352518,1105.9517593262494,1078.8064667378776,1101.573486328125,76000,0.0,0.0
2018-03-21 00:00:00+09:00,1101.573486328125,1101.573486328125,1101.573486328125,1101.573486328125,0,0.0,0.0
2018-03-22 00:00:00+09:00,1097.1951779775352,1097.1951779775352,1077.930777406501,1090.18994140625,62800,0.0,0.0
2018-03-23 00:00:00+09:00,1065.6717966810083,1066.547451403014,1029.7699530787722,1035.8995361328125,107600,0.0,0.0
2018-03-26 00:00:00+09:00,1062.1690649229574,1064.7960288098236,1026.267225135784,1042.9046630859375,143800,0.0,0.0
2018-03-27 00:00:00+09:00,1053.4125339458515,1081.4334824797395,1049.9099153791155,1078.8065185546875,100300,0.0,0.0
2018-03-28 00:00:00+09:00,1069.9419772466545,1084.125135188615,1058.4181614188115,1080.579345703125,59000,15.0,0.0
2018-03-29 00:00:00+09:00,1094.7625036450856,1096.5353983878306,1066.3961877611644,1080.579345703125,45900,0.0,0.0
2018-03-30 00:00:00+09:00,1098.3083074233111,1098.3083074233111,1080.5793597651464,1085.0115966796875,43600,0.0,0.0
2018-04-02 00:00:00+09:00,1092.9894197789633,1100.0809975228658,1082.3520531631098,1090.330078125,48500,0.0,0.0
2018-04-03 00:00:00+09:00,1083.2388372708376,1102.7406821316874,1070.8285723593879,1089.4439697265625,92500,0.0,0.0
2018-04-04 00:00:00+09:00,1096.5354276050082,1108.0592437399032,1092.9896380250404,1097.421875,78400,0.0,0.0
2018-04-05 00:00:00+09:00,1101.8540846285748,1110.7185583584908,1093.8760582716502,1096.535400390625,66000,0.0,0.0
2018-04-06 00:00:00+09:00,1111.6050743689902,1116.923758935349,1092.9896783867346,1094.7625732421875,135000,0.0,0.0
2018-04-09 00:00:00+09:00,1092.1031757429535,1094.7625178916783,1069.9419911702473,1085.0115966796875,111400,0.0,0.0
2018-04-10 00:00:00+09:00,1085.8980220951116,1131.1068377088675,1084.1251273651606,1124.0152587890625,177700,0.0,0.0
2018-04-11 00:00:00+09:00,1125.788159622908,1182.5207912889443,1124.9017122531263,1171.8834228515625,277100,0.0,0.0
2018-04-12 00:00:00+09:00,1170.110528111999,1189.612370247199,1154.1544754559263,1171.8834228515625,171600,0.0,0.0
2018-04-13 00:00:00+09:00,1161.2460674465335,1178.975015041137,1155.9273831681526,1168.337646484375,186400,0.0,0.0
2018-04-16 00:00:00+09:00,1172.7698852173583,1193.1581749830416,1158.5867271194913,1184.293701171875,132000,0.0,0.0
2018-04-17 00:00:00+09:00,1183.4073622973997,1202.909206470091,1177.2022300606343,1187.839599609375,141600,0.0,0.0
2018-04-18 00:00:00+09:00,1186.0666351666468,1186.0666351666468,1164.791897316124,1165.6783447265625,72700,0.0,0.0
2018-04-19 00:00:00+09:00,1165.678330749046,1173.6563573473284,1153.2680671517176,1161.24609375,107200,0.0,0.0
2018-04-20 00:00:00+09:00,1161.2462155464075,1192.2718777938305,1161.2462155464075,1185.1802978515625,179700,0.0,0.0
2018-04-23 00:00:00+09:00,1186.9529627247111,1205.5683564642325,1181.6342787991337,1189.6123046875,120100,0.0,0.0
2018-04-24 00:00:00+09:00,1187.839545778814,1199.363362267713,1181.634413823253,1194.044677734375,83200,0.0,0.0
2018-04-25 00:00:00+09:00,1189.6125079847047,1189.6125079847047,1159.4732939224991,1176.3157958984375,83400,0.0,0.0
2018-04-26 00:00:00+09:00,1178.9751108179694,1178.9751108179694,1163.0190566865983,1167.4512939453125,106300,0.0,0.0
2018-04-27 00:00:00+09:00,1170.1106633112981,1170.9971107835036,1143.5172391451322,1152.3817138671875,82600,0.0,0.0
2018-04-30 00:00:00+09:00,1152.3817138671875,1152.3817138671875,1152.3817138671875,1152.3817138671875,0,0.0,0.0
2018-05-01 00:00:00+09:00,1152.3817138671875,1155.9275037560096,1135.5392118952825,1152.3817138671875,80700,0.0,0.0
2018-05-02 00:00:00+09:00,1157.7004665383513,1170.9971794005835,1150.6088863451607,1158.5869140625,73500,0.0,0.0
2018-05-03 00:00:00+09:00,1158.5869140625,1158.5869140625,1158.5869140625,1158.5869140625,0,0.0,0.0
2018-05-04 00:00:00+09:00,1158.5869140625,1158.5869140625,1158.5869140625,1158.5869140625,0,0.0,0.0
2018-05-07 00:00:00+09:00,1159.4731717616023,1163.018961277693,1142.6306715601725,1160.359619140625,75200,0.0,0.0
2018-05-08 00:00:00+09:00,1158.586927834055,1167.4514031809106,1150.6089000218847,1155.0411376953125,76100,0.0,0.0
2018-05-09 00:00:00+09:00,1154.1544319235122,1156.8137739325525,1139.0848272056169,1150.608642578125,46500,0.0,0.0
2018-05-10 00:00:00+09:00,1156.8138410661604,1160.359630617321,1138.1984459225669,1140.8577880859375,102800,0.0,0.0
2018-05-11 00:00:00+09:00,1161.2461757375233,1198.4769691581157,1147.9494638015976,1187.839599609375,243000,0.0,0.0
2018-05-14 00:00:00+09:00,1191.3853913307853,1282.6894801009273,1191.3853913307853,1275.597900390625,366000,0.0,0.0
2018-05-15 00:00:00+09:00,1280.9166259765625,1292.4404433728914,1260.5283336599807,1280.9166259765625,225300,0.0,0.0
2018-05-16 00:00:00+09:00,1272.0519187428627,1284.4621813647443,1260.5281034511156,1261.41455078125,112900,0.0,0.0
2018-05-17 00:00:00+09:00,1266.733425411517,1282.689479755399,1257.868950776027,1259.641845703125,125800,0.0,0.0
2018-05-18 00:00:00+09:00,1267.6196401053612,1288.8943753239128,1254.3229305937664,1256.0958251953125,211300,0.0,0.0
2018-05-21 00:00:00+09:00,1262.301160871479,1289.7810316488776,1255.2095813160213,1258.75537109375,114500,0.0,0.0
2018-05-22 00:00:00+09:00,1243.6858722800719,1254.323242534784,1236.594292110264,1246.34521484375,131200,0.0,0.0
2018-05-23 00:00:00+09:00,1251.6637219282034,1251.6637219282034,1233.0483266304043,1236.5941162109375,92900,0.0,0.0
2018-05-24 00:00:00+09:00,1231.275511612649,1232.161959065214,1197.5905084151827,1199.3634033203125,77300,0.0,0.0
2018-05-25 00:00:00+09:00,1194.0446060540926,1194.0446060540926,1163.0189481388043,1163.9053955078125,112800,0.0,0.0
2018-05-28 00:00:00+09:00,1163.9054479184358,1163.9054479184358,1134.652683423913,1141.7442626953125,109500,0.0,0.0
2018-05-29 00:00:00+09:00,1135.539101155599,1136.4255485413566,1110.7185743543837,1116.9237060546875,101100,0.0,0.0
2018-05-30 00:00:00+09:00,1093.8760838242827,1099.1947681864754,1079.6929255251025,1081.4658203125,79900,0.0,0.0
2018-05-31 00:00:00+09:00,1090.3302942494877,1097.4218733990779,1077.033583344006,1081.4658203125,155900,0.0,0.0
2018-06-01 00:00:00+09:00,1076.1473632419359,1105.4001334124332,1065.509992270846,1100.9678955078125,118900,0.0,0.0
2018-06-04 00:00:00+09:00,1108.9457607629165,1129.3340521278622,1108.0593133122666,1127.5611572265625,106100,0.0,0.0
2018-06-05 00:00:00+09:00,1124.9017325265067,1127.5610746837797,1108.9456795828683,1116.9237060546875,54100,0.0,0.0
2018-06-06 00:00:00+09:00,1108.0593397892803,1117.810261979426,1101.8542074864604,1112.4915771484375,67800,0.0,0.0
2018-06-07 00:00:00+09:00,1114.2642294002485,1128.447385860395,1113.3777821214892,1120.4693603515625,54300,0.0,0.0
2018-06-08 00:00:00+09:00,1108.9456615870463,1118.6965826721441,1074.3742141035173,1080.579345703125,213600,0.0,0.0
2018-06-11 00:00:00+09:00,1081.4657910400188,1082.3522384097237,1061.0775015368054,1064.623291015625,80500,0.0,0.0
2018-06-12 00:00:00+09:00,1078.806627535166,1092.98978779857,1061.077677205911,1066.3963623046875,103300,0.0,0.0
2018-06-13 00:00:00+09:00,1065.5098741319443,1068.169216579861,1055.7589518229165,1061.07763671875,98200,0.0,0.0
2018-06-14 00:00:00+09:00,1054.8723536233952,1058.4181430473393,1042.4620906395905,1044.2349853515625,115100,0.0,0.0
2018-06-15 00:00:00+09:00,1039.8029177975345,1048.667392800071,1023.8468627929688,1023.8468627929688,99800,0.0,0.0
2018-06-18 00:00:00+09:00,1023.8468216711393,1024.7332691357897,994.5940553376782,1002.5720825195312,70800,0.0,0.0
2018-06-19 00:00:00+09:00,1011.4364383948162,1030.9382803270562,983.0701228570123,984.843017578125,119900,0.0,0.0
2018-06-20 00:00:00+09:00,984.8430382336492,999.0261963000203,960.9089589966478,987.5023803710938,94800,0.0,0.0
2018-06-21 00:00:00+09:00,985.7295524415848,995.4804742732912,969.7734985351564,969.7734985351562,107700,0.0,0.0
2018-06-22 00:00:00+09:00,966.2276626752172,982.1837158203125,952.0445043240213,982.1837158203125,226000,0.0,0.0
2018-06-25 00:00:00+09:00,1006.1178222432474,1006.1178222432474,961.7954512193157,967.1141357421875,121200,0.0,0.0
2018-06-26 00:00:00+09:00,957.3631241621983,994.5939123240616,933.4290460581434,991.9345703125,187800,0.0,0.0
2018-06-27 00:00:00+09:00,983.0701163429884,994.593931953862,965.3411692493368,986.6159057617188,135300,0.0,0.0
2018-06-28 00:00:00+09:00,982.1836895686324,1008.7771107663391,974.2056632093205,989.2752685546875,102700,0.0,0.0
2018-06-29 00:00:00+09:00,995.4803880906084,1005.2313090781388,984.8430197405752,1000.799072265625,97000,0.0,0.0
2018-07-02 00:00:00+09:00,1000.7990891393954,1008.7771155364321,971.5463256835938,971.5463256835938,64800,0.0,0.0
2018-07-03 00:00:00+09:00,950.2716739809142,959.1361485516317,929.883382468264,940.520751953125,148500,0.0,0.0
2018-07-04 00:00:00+09:00,920.1324672056048,951.1581284312273,918.3595722784264,946.7258911132812,153500,0.0,0.0
2018-07-05 00:00:00+09:00,945.8393620594007,946.7258094465229,935.2019934139341,944.0664672851562,65600,0.0,0.0
2018-07-06 00:00:00+09:00,954.7038986709091,970.6599526876931,946.7258716625171,968.0006103515625,169500,0.0,0.0
2018-07-09 00:00:00+09:00,975.0920825151164,983.0701086447856,950.271556778368,980.4107666015625,86200,0.0,0.0
2018-07-10 00:00:00+09:00,977.7514386936741,989.2752543809069,964.4547282853285,984.843017578125,135000,0.0,0.0
2018-07-11 00:00:00+09:00,969.7733573841734,970.6598046943966,937.8612542161385,941.4070434570312,120600,0.0,0.0
2018-07-12 00:00:00+09:00,942.2935937227977,954.703857421875,936.0884618732591,954.703857421875,119200,0.0,0.0
2018-07-13 00:00:00+09:00,963.5683328428224,971.546359517694,953.8174113513128,970.659912109375,43900,0.0,0.0
2018-07-16 00:00:00+09:00,970.659912109375,970.659912109375,970.659912109375,970.659912109375,0,0.0,0.0
2018-07-17 00:00:00+09:00,968.8869975381933,988.3888401235915,962.6818658064757,975.9785766601562,67200,0.0,0.0
2018-07-18 00:00:00+09:00,989.2753023840387,997.253329016168,983.0701705590492,988.3888549804688,63800,0.0,0.0
2018-07-19 00:00:00+09:00,993.7075611168231,1012.3229569985833,987.5024291562363,1007.0042724609375,116800,0.0,0.0
2018-07-20 00:00:00+09:00,1001.6856420196028,1020.3010389066928,999.0262996071614,1016.7552490234375,174100,0.0,0.0
2018-07-23 00:00:00+09:00,1014.0957368732229,1035.370472611822,1007.8906056161314,1013.2092895507812,208400,0.0,0.0
2018-07-24 00:00:00+09:00,1026.506225904659,1031.8249110129732,1011.4366180977685,1018.5281982421875,111400,0.0,0.0
2018-07-25 00:00:00+09:00,1045.1215959608762,1045.1215959608762,1010.5501436771832,1017.6417236328125,65200,0.0,0.0
2018-07-26 00:00:00+09:00,1038.9162160861874,1038.9162160861874,1021.1872704191876,1025.6195068359375,56400,0.0,0.0
2018-07-27 00:00:00+09:00,1025.619670464317,1040.689276685487,1017.641643641345,1038.9163818359375,73500,0.0,0.0
2018-07-30 00:00:00+09:00,1036.2569580078125,1044.2349842029112,1029.1653791677247,1036.2569580078125,58000,0.0,0.0
2018-07-31 00:00:00+09:00,1024.733168385955,1035.370536915913,1014.0957998559969,1029.1654052734375,121800,0.0,0.0
2018-08-01 00:00:00+09:00,1040.6891142370346,1046.0077979554521,1030.9381940866024,1041.5755615234375,71300,0.0,0.0
2018-08-02 00:00:00+09:00,1046.0079472271316,1048.6672894658445,1030.0518937948534,1034.484130859375,58000,0.0,0.0
2018-08-03 00:00:00+09:00,1038.0298790484026,1038.916326425899,1022.960273630962,1029.1654052734375,57700,0.0,0.0
2018-08-06 00:00:00+09:00,1026.5059541192875,1040.6891106528874,1022.0737177025376,1025.6195068359375,45500,0.0,0.0
2018-08-07 00:00:00+09:00,1022.0738812736492,1051.3266463057657,1019.4145389980023,1046.8944091796875,87600,0.0,0.0
2018-08-08 00:00:00+09:00,1047.7806650190987,1053.0993485978759,1034.483956072156,1040.6890869140625,70300,0.0,0.0
2018-08-09 00:00:00+09:00,1051.3264862373178,1148.8356881648936,1047.780697076315,1124.901611328125,310200,0.0,0.0
2018-08-10 00:00:00+09:00,1142.630734851506,1142.630734851506,1098.3083634453187,1102.7406005859375,187300,0.0,0.0
2018-08-13 00:00:00+09:00,1093.876081340371,1093.876081340371,1047.7808169727055,1057.53173828125,96000,0.0,0.0
2018-08-14 00:00:00+09:00,1070.8283834308018,1075.2606201171875,1053.0994366852588,1075.2606201171875,65000,0.0,0.0
2018-08-15 00:00:00+09:00,1075.260519231782,1076.146966485889,1047.780654354465,1052.212890625,66200,0.0,0.0
2018-08-16 00:00:00+09:00,1033.5976290068402,1035.3705237392703,1009.6635501190317,1032.711181640625,76800,0.0,0.0
2018-08-17 00:00:00+09:00,1029.1653264882614,1046.8942726809962,1017.6415114629837,1042.4620361328125,45300,0.0,0.0
2018-08-20 00:00:00+09:00,1069.0556569752289,1069.0556569752289,1022.0739407068315,1022.9603881835938,86000,0.0,0.0
2018-08-21 00:00:00+09:00,1021.1873154527559,1022.0737627751976,1002.5719216814817,1013.2092895507812,40600,0.0,0.0
2018-08-22 00:00:00+09:00,1010.5499189394748,1040.689127048196,1010.5499189394748,1038.02978515625,59900,0.0,0.0
2018-08-23 00:00:00+09:00,868.7185056079428,882.9016648831746,859.854031060923,860.740478515625,1659900,0.0,0.0
2018-08-24 00:00:00+09:00,853.6487191959303,873.1505590944874,851.8758246596979,868.7183227539062,892700,0.0,0.0
2018-08-27 00:00:00+09:00,871.3778421020507,890.8796859741211,870.4913946533203,886.4474487304688,848500,0.0,0.0
2018-08-28 00:00:00+09:00,887.3338678420258,897.9712368870851,869.6049194335938,869.6049194335938,766600,0.0,0.0
2018-08-29 00:00:00+09:00,866.0591489977223,874.0371759588068,843.89796299471,848.3302001953125,1954300,0.0,0.0
2018-08-30 00:00:00+09:00,857.1946745965174,862.5133592372404,834.1470411533845,848.3302001953125,1933300,0.0,0.0
2018-08-31 00:00:00+09:00,843.0114680127107,851.875941914001,841.2385732324526,844.7843627929688,944900,0.0,0.0
2018-09-03 00:00:00+09:00,837.6927902269814,845.6708168005717,825.2825266680632,843.011474609375,874100,0.0,0.0
2018-09-04 00:00:00+09:00,839.4657525242442,845.6708848026706,836.8064101192044,841.2386474609375,521400,0.0,0.0
2018-09-05 00:00:00+09:00,840.3521450018324,848.3301716948877,829.7147760777585,831.4876708984375,557300,0.0,0.0
2018-09-06 00:00:00+09:00,827.94189453125,836.8063687767666,825.282552257595,827.94189453125,712400,0.0,0.0
2018-09-07 00:00:00+09:00,817.3044551769631,819.0773498736593,797.8026135133045,805.7806396484375,3892000,0.0,0.0
2018-09-10 00:00:00+09:00,800.4619972922585,824.3960769455155,800.4619972922585,819.077392578125,860900,0.0,0.0
2018-09-11 00:00:00+09:00,817.3044885756309,817.3044885756309,793.3704091921796,796.9161987304688,461300,0.0,0.0
2018-09-12 00:00:00+09:00,799.5755267047242,804.0077635489855,788.0517109096451,792.4839477539062,283900,0.0,0.0
2018-09-13 00:00:00+09:00,788.051706526942,811.0993379889223,784.5059170712527,810.212890625,630100,0.0,0.0
2018-09-14 00:00:00+09:00,810.2129723567427,821.7367892502194,808.440077450054,820.850341796875,582900,0.0,0.0
2018-09-17 00:00:00+09:00,820.850341796875,820.850341796875,820.850341796875,820.850341796875,0,0.0,0.0
2018-09-18 00:00:00+09:00,807.5535836880497,826.1689791407928,807.5535836880497,825.2825317382812,344800,0.0,0.0
2018-09-19 00:00:00+09:00,827.9418281353339,840.3520910838294,826.168933428406,837.6927490234375,698100,0.0,0.0
2018-09-20 00:00:00+09:00,838.5792435017038,841.23858571154,827.0554272590799,833.2605590820312,337600,0.0,0.0
2018-09-21 00:00:00+09:00,839.4657593411881,848.3302340966388,833.2606270123725,847.4437866210938,733000,0.0,0.0
2018-09-24 00:00:00+09:00,847.4437866210938,847.4437866210938,847.4437866210938,847.4437866210938,0,0.0,0.0
2018-09-25 00:00:00+09:00,852.762371457587,866.05908203125,841.2385556270791,866.05908203125,708700,0.0,0.0
2018-09-26 00:00:00+09:00,860.6575795732492,875.06189052845,849.8543463568486,874.16162109375,529400,15.0,0.0
2018-09-27 00:00:00+09:00,864.2586211186306,871.4607762946192,847.1535025756577,848.0537719726562,515500,0.0,0.0
2018-09-28 00:00:00+09:00,858.8569468820871,864.2585629002134,843.5523681640625,843.5523681640625,405200,0.0,0.0
2018-10-01 00:00:00+09:00,837.2504851445397,852.5550639052464,821.9459063838331,840.8515625,378000,0.0,0.0
2018-10-02 00:00:00+09:00,844.4526199340821,867.8596221923829,841.7518119812012,864.258544921875,582900,0.0,0.0
2018-10-03 00:00:00+09:00,865.1588769964485,868.7599545281715,851.6548362524873,862.4580688476562,379400,0.0,0.0
2018-10-04 00:00:00+09:00,858.8570610722409,863.3584083524937,847.1535581435835,853.4554443359375,438900,0.0,0.0
2018-10-05 00:00:00+09:00,849.8542434210526,863.3582833059211,842.6520888157895,855.255859375,478300,0.0,0.0
2018-10-08 00:00:00+09:00,855.255859375,855.255859375,855.255859375,855.255859375,0,0.0,0.0
2018-10-09 00:00:00+09:00,852.5550662982092,854.3556049809932,828.2477940806257,838.1507568359375,398400,0.0,0.0
2018-10-10 00:00:00+09:00,835.4500088016363,850.7545887042525,830.948661771455,839.0510864257812,408300,0.0,0.0
2018-10-11 00:00:00+09:00,810.2424953294837,812.9433036472486,802.1400703761889,807.5416870117188,354000,0.0,0.0
2018-10-12 00:00:00+09:00,804.8408130126143,816.5443147678312,803.0402742810425,812.9432373046875,242900,0.0,0.0
2018-10-15 00:00:00+09:00,808.4419019460947,812.9432488388903,798.5389387819444,800.3394775390625,252500,0.0,0.0
2018-10-16 00:00:00+09:00,799.439197616408,818.344854316796,799.439197616408,812.04296875,167400,0.0,0.0
2018-10-17 00:00:00+09:00,816.5443639058453,832.7492134651675,813.8435556459583,825.5470581054688,164900,0.0,0.0
2018-10-18 00:00:00+09:00,821.9459426244815,826.4472895172772,800.3394775390625,800.3394775390625,261600,0.0,0.0
2018-10-19 00:00:00+09:00,798.5389371415984,803.9405534018572,787.7357046210807,802.1400146484375,292700,0.0,0.0
2018-10-22 00:00:00+09:00,796.7383903139307,812.9432389304852,789.5362353732397,811.1427001953125,138900,0.0,0.0
2018-10-23 00:00:00+09:00,800.3394892578125,804.8408362165179,787.7357177734375,787.7357177734375,225200,0.0,0.0
2018-10-24 00:00:00+09:00,797.6386239739913,797.6386239739913,779.633237428303,782.3340454101562,300100,0.0,0.0
2018-10-25 00:00:00+09:00,757.1264714461107,761.6278178875264,747.2235092749962,749.0240478515625,288100,0.0,0.0
2018-10-26 00:00:00+09:00,749.0241137636199,756.2262687036547,730.1184570460285,743.6224975585938,356300,0.0,0.0
2018-10-29 00:00:00+09:00,744.5227776746761,752.625202099189,731.0187369671548,731.9190063476562,276200,0.0,0.0
2018-10-30 00:00:00+09:00,727.4176489435155,756.2262687036547,726.5173795760111,743.6224975585938,779700,0.0,0.0
2018-10-31 00:00:00+09:00,755.3260302621085,779.6333041799594,755.3260302621085,776.0322265625,235800,0.0,0.0
2018-11-01 00:00:00+09:00,773.3313559779415,785.0348572907625,768.8300093191641,777.8327026367188,130800,0.0,0.0
2018-11-02 00:00:00+09:00,777.8326325541619,790.4364020631414,774.2315555515963,789.5361328125,181200,0.0,0.0
2018-11-05 00:00:00+09:00,791.3367911598899,801.2397544167258,786.8354442249645,792.237060546875,128300,0.0,0.0
2018-11-06 00:00:00+09:00,793.1373225105896,804.8408244318582,793.1373225105896,800.3394775390625,114900,0.0,0.0
2018-11-07 00:00:00+09:00,801.2397544167258,814.7437952215021,789.5362523859197,792.237060546875,152900,0.0,0.0
2018-11-08 00:00:00+09:00,803.9405444498337,817.4445849501109,803.0402750831486,812.04296875,110400,0.0,0.0
2018-11-09 00:00:00+09:00,812.9432373046875,823.7464696941186,810.2424292073298,812.9432373046875,134800,0.0,0.0
2018-11-12 00:00:00+09:00,807.5416325675355,812.0429794603311,796.7384000248261,800.3394775390625,118000,0.0,0.0
2018-11-13 00:00:00+09:00,787.7356605968256,789.5361992496183,776.0321593536728,783.2343139648438,188400,0.0,0.0
2018-11-14 00:00:00+09:00,783.2344121518342,812.0430342079937,783.2344121518342,807.5416870117188,287400,0.0,0.0
2018-11-15 00:00:00+09:00,804.8408011642157,830.9486123876634,802.1399931066176,826.447265625,218500,0.0,0.0
2018-11-16 00:00:00+09:00,827.3475479836475,833.6494335504434,809.3421606499446,812.04296875,128900,0.0,0.0
2018-11-19 00:00:00+09:00,809.3420953960671,819.2450576311692,805.7410182196663,817.4445190429688,100200,0.0,0.0
2018-11-20 00:00:00+09:00,806.6413517441861,818.344853499403,801.2397355494705,812.9432373046875,77700,0.0,0.0
2018-11-21 00:00:00+09:00,799.4391920637377,821.945926074541,797.6386533428733,818.3448486328125,179700,0.0,0.0
2018-11-22 00:00:00+09:00,818.3448438300461,830.948614802126,816.544305119749,823.7464599609375,119300,0.0,0.0
2018-11-23 00:00:00+09:00,823.7464599609375,823.7464599609375,823.7464599609375,823.7464599609375,0,0.0,0.0
2018-11-26 00:00:00+09:00,828.2478011456074,848.0537268251762,826.4472624474648,830.04833984375,249200,0.0,0.0
2018-11-27 00:00:00+09:00,834.5496771279444,849.854255888651,834.5496771279444,840.8515625,275400,0.0,0.0
2018-11-28 00:00:00+09:00,840.8516243855926,856.1562042726964,839.9513549804688,839.9513549804688,243600,0.0,0.0
2018-11-29 00:00:00+09:00,848.9541052025094,852.5551830612686,841.7519494849906,845.35302734375,141800,0.0,0.0
2018-11-30 00:00:00+09:00,846.2531661184211,855.255859375,838.1507421875,855.255859375,253900,0.0,0.0
2018-12-03 00:00:00+09:00,855.2559322781033,857.9567404852972,840.8516218397352,842.6521606445312,182800,0.0,0.0
2018-12-04 00:00:00+09:00,842.6521815249795,842.6521815249795,821.0457153320312,821.0457153320312,120700,0.0,0.0
2018-12-05 00:00:00+09:00,807.5415664417118,813.8434515755936,800.3394120029897,805.7410278320312,121600,0.0,0.0
2018-12-06 00:00:00+09:00,805.7411005061276,805.7411005061276,785.9351740132396,793.1373291015625,125200,0.0,0.0
2018-12-07 00:00:00+09:00,798.5388893808325,802.1399666722907,777.8326949549486,786.8353881835938,113700,0.0,0.0
2018-12-10 00:00:00+09:00,799.4391763176717,803.9405230311721,765.2289412950686,767.0294799804688,155500,0.0,0.0
2018-12-11 00:00:00+09:00,766.1293288614148,782.334179530634,748.1239392289491,770.6306762695312,178900,0.0,0.0
2018-12-12 00:00:00+09:00,784.1345802150003,797.6386200579681,780.5335029235421,786.8353881835938,157300,0.0,0.0
2018-12-13 00:00:00+09:00,792.237062215262,803.0402948818337,784.1346377153332,790.4365234375,140000,0.0,0.0
2018-12-14 00:00:00+09:00,781.4338534007353,782.3341228170956,759.8273874080883,765.22900390625,153300,0.0,0.0
2018-12-17 00:00:00+09:00,768.8300315455386,777.8327251233552,751.7249137476871,752.6251831054688,118400,0.0,0.0
2018-12-18 00:00:00+09:00,743.6224321218638,753.5253942929781,738.220816392165,749.0240478515625,146200,0.0,0.0
2018-12-19 00:00:00+09:00,745.423029039577,758.0268000619855,736.4203354521426,751.7249145507812,137300,0.0,0.0
2018-12-20 00:00:00+09:00,744.5227248897862,746.3232635231351,715.7141067562031,721.11572265625,187700,0.0,0.0
2018-12-21 00:00:00+09:00,724.7168893404838,726.5174281959881,691.4069205136541,692.3071899414062,419200,0.0,0.0
2018-12-24 00:00:00+09:00,692.3071899414062,692.3071899414062,692.3071899414062,692.3071899414062,0,0.0,0.0
2018-12-25 00:00:00+09:00,655.3960726463189,665.2990352824582,634.6898780434818,637.3906860351562,282200,0.0,0.0
2018-12-26 00:00:00+09:00,648.1939646823347,656.296389240864,640.9918095191977,653.5955810546875,188700,0.0,0.0
2018-12-27 00:00:00+09:00,676.1022790891496,695.0079353619489,673.4014710501783,694.107666015625,164100,0.0,0.0
2018-12-28 00:00:00+09:00,690.5066441912755,704.0106854727215,676.1023334910664,699.5093383789062,154600,0.0,0.0
2018-12-31 00:00:00+09:00,699.5093383789062,699.5093383789062,699.5093383789062,699.5093383789062,0,0.0,0.0
2019-01-04 00:00:00+09:00,686.0053226246554,692.3072087904986,658.9972390567556,673.4015502929688,138200,0.0,0.0
2019-01-07 00:00:00+09:00,698.6090689601432,704.0106854727215,693.2074524475647,699.5093383789062,82100,0.0,0.0
2019-01-08 00:00:00+09:00,707.6116974579404,710.312505463505,694.1076574301171,704.0106201171875,75200,0.0,0.0
2019-01-09 00:00:00+09:00,699.5092820935677,701.3098207862151,682.404164513416,694.107666015625,199700,0.0,0.0
2019-01-10 00:00:00+09:00,693.2073927417244,699.5092781302856,683.3044299882712,698.6090087890625,115500,0.0,0.0
2019-01-11 00:00:00+09:00,703.1103415693384,721.1157280371832,701.3098029225539,714.8138427734375,163000,0.0,0.0
2019-01-15 00:00:00+09:00,707.6116814144225,724.7167983951783,699.509257581433,722.916259765625,133300,0.0,0.0
2019-01-16 00:00:00+09:00,720.2154610461441,721.1157303724518,707.6116904778366,712.113037109375,65700,0.0,0.0
2019-01-17 00:00:00+09:00,713.0133018350062,728.3178802834849,712.1130325145075,717.5146484375,71500,0.0,0.0
2019-01-18 00:00:00+09:00,718.4149131917419,733.7194915429444,718.4149131917419,722.916259765625,91600,0.0,0.0
2019-01-21 00:00:00+09:00,740.921705205792,740.921705205792,723.8165868596074,726.5173950195312,121900,0.0,0.0
2019-01-22 00:00:00+09:00,731.918955230713,731.918955230713,719.3151847839356,720.2154541015625,68500,0.0,0.0
2019-01-23 00:00:00+09:00,715.7141097965025,721.115725719495,706.7114165915151,717.5146484375,88400,0.0,0.0
2019-01-24 00:00:00+09:00,716.6143693335262,730.1184089566455,712.1130227924865,729.2181396484375,81000,0.0,0.0
2019-01-25 00:00:00+09:00,737.3205588845647,750.8245984245749,734.6197509765625,734.6197509765625,97600,0.0,0.0
2019-01-28 00:00:00+09:00,733.7195451086591,739.1211613916677,729.218198206152,731.9190063476562,74200,0.0,0.0
2019-01-29 00:00:00+09:00,729.2182159423828,729.2182159423828,708.5120196872288,713.0133666992188,135600,0.0,0.0
2019-01-30 00:00:00+09:00,715.7141968728355,715.7141968728355,690.5066528320312,690.5066528320312,217100,0.0,0.0
2019-01-31 00:00:00+09:00,693.207400648152,697.7087474056075,686.0052458362231,689.6063232421875,231100,0.0,0.0
2019-02-01 00:00:00+09:00,689.6063272523817,691.4068659658344,683.3044417552973,685.10498046875,88900,0.0,0.0
2019-02-04 00:00:00+09:00,691.4068426042984,712.113037109375,691.4068426042984,712.113037109375,105600,0.0,0.0
2019-02-05 00:00:00+09:00,714.8139072080202,714.8139072080202,708.5120213762114,711.2128295898438,77300,0.0,0.0
2019-02-06 00:00:00+09:00,711.2128278944227,718.4149831136068,707.6117502848307,713.0133666992188,84700,0.0,0.0
2019-02-07 00:00:00+09:00,711.2128304407776,718.4149856857474,704.0106751958076,710.3125610351562,72000,0.0,0.0
2019-02-08 00:00:00+09:00,699.5092893585445,702.210097425566,682.4041716007423,686.0052490234375,150600,0.0,0.0
2019-02-12 00:00:00+09:00,692.3071141896514,715.7141167500298,689.6063062019155,709.4122314453125,177400,0.0,0.0
2019-02-13 00:00:00+09:00,711.2127701038031,729.2181566887095,704.9108847990859,709.4122314453125,231100,0.0,0.0
2019-02-14 00:00:00+09:00,713.0133048943884,714.8138435431116,686.905494487902,713.91357421875,199700,0.0,0.0
2019-02-15 00:00:00+09:00,710.3125705277706,711.212839945423,695.0079904276791,700.4096069335938,84700,0.0,0.0
2019-02-18 00:00:00+09:00,713.9135719184301,719.3151878471949,711.2127639540475,716.6143798828125,81100,0.0,0.0
2019-02-19 00:00:00+09:00,713.0132995605469,721.1157234191895,706.7114143371582,720.2154541015625,95000,0.0,0.0
2019-02-20 00:00:00+09:00,720.2154533395756,731.9189544563436,714.8138374395287,721.11572265625,163900,0.0,0.0
2019-02-21 00:00:00+09:00,723.8165360073599,729.2181519477133,711.2127654798685,714.8138427734375,85800,0.0,0.0
2019-02-22 00:00:00+09:00,711.2127654798685,717.5146507436142,704.9108802161229,714.8138427734375,89100,0.0,0.0
2019-02-25 00:00:00+09:00,726.5173370247315,726.5173370247315,720.2154518212952,722.916259765625,58500,0.0,0.0
2019-02-26 00:00:00+09:00,721.1157280371832,726.5173439775366,713.9135734500452,714.8138427734375,73800,0.0,0.0
2019-02-27 00:00:00+09:00,719.3153076171875,720.2155770885482,710.3126129035807,719.3153076171875,104900,0.0,0.0
2019-02-28 00:00:00+09:00,721.1157366873204,724.716814024086,704.0106193376836,704.910888671875,150200,0.0,0.0
2019-03-01 00:00:00+09:00,710.312505463505,710.312505463505,697.7087347708699,704.0106201171875,136000,0.0,0.0
2019-03-04 00:00:00+09:00,710.3125134403841,714.8138601668758,686.9055104626275,695.0079345703125,230800,0.0,0.0
2019-03-05 00:00:00+09:00,696.8084669846754,704.0106216821915,690.506581624349,702.2100830078125,133000,0.0,0.0
2019-03-06 00:00:00+09:00,696.8084796685823,699.5092877293132,686.0052474256585,687.8057861328125,284300,0.0,0.0
2019-03-07 00:00:00+09:00,682.4042606379852,682.4042606379852,658.0969848632812,658.0969848632812,373700,0.0,0.0
2019-03-08 00:00:00+09:00,644.5928314208985,650.8947166442871,634.689868927002,648.1939086914062,350400,0.0,0.0
2019-03-11 00:00:00+09:00,649.9945801814285,649.9945801814285,637.3908071585199,638.2910766601562,148300,0.0,0.0
2019-03-12 00:00:00+09:00,640.9918178792772,648.1939731363477,637.3907402507419,644.5928955078125,174300,0.0,0.0
2019-03-13 00:00:00+09:00,639.1911641812898,643.6925104079186,631.9890102186837,636.4903564453125,196600,0.0,0.0
2019-03-14 00:00:00+09:00,631.9891445622968,634.6899528723922,621.1859113219157,622.9864501953125,307600,0.0,0.0
2019-03-15 00:00:00+09:00,624.7868562560776,636.4903564453125,624.7868562560776,636.4903564453125,335300,0.0,0.0
2019-03-18 00:00:00+09:00,641.8920182302861,654.4957885742188,641.8920182302861,654.4957885742188,145800,0.0,0.0
2019-03-19 00:00:00+09:00,652.6951958777349,653.5954651134283,644.592772756494,645.4930419921875,137000,0.0,0.0
2019-03-20 00:00:00+09:00,648.1938416280864,658.9970723218879,647.293572403603,656.2962646484375,201800,0.0,0.0
2019-03-22 00:00:00+09:00,658.0969196817149,663.498535985532,654.4958421458368,662.5982666015625,144700,0.0,0.0
2019-03-25 00:00:00+09:00,655.3961240898058,655.3961240898058,643.6926218739164,649.09423828125,138400,0.0,0.0
2019-03-26 00:00:00+09:00,657.1965875483656,667.9998191245031,653.5955103563198,665.2990112304688,212300,0.0,0.0
2019-03-27 00:00:00+09:00,670.8125785466356,670.8125785466356,658.8666011204626,659.7855224609375,161400,15.0,0.0
2019-03-28 00:00:00+09:00,659.7855645898715,660.7044859890217,647.8395864009183,649.6774291992188,91100,0.0,0.0
2019-03-29 00:00:00+09:00,657.0288245422018,658.8666674080542,645.0828459141618,650.5963745117188,79900,0.0,0.0
2019-04-01 00:00:00+09:00,657.9476797799878,668.974735865686,656.1098370990381,659.7855224609375,150900,0.0,0.0
2019-04-02 00:00:00+09:00,667.136930713095,668.0558521052618,658.8666381835938,658.8666381835938,179300,0.0,0.0
2019-04-03 00:00:00+09:00,657.947639036244,678.1639072747878,657.947639036244,669.8936157226562,150700,0.0,0.0
2019-04-04 00:00:00+09:00,671.7314693263319,686.4342101050205,670.8125480276639,672.650390625,169400,0.0,0.0
2019-04-05 00:00:00+09:00,673.5693008569369,681.8395924090685,669.8936157226562,669.8936157226562,260000,0.0,0.0
2019-04-08 00:00:00+09:00,679.0828571743435,679.0828571743435,661.6233520507812,661.6233520507812,88000,0.0,0.0
2019-04-09 00:00:00+09:00,661.6233651418872,676.3261065894847,658.8666011204626,659.7855224609375,274400,0.0,0.0
2019-04-10 00:00:00+09:00,657.9476775911999,665.2990482905428,654.2719922415283,664.380126953125,74400,0.0,0.0
2019-04-11 00:00:00+09:00,669.8936549776322,674.4882616647216,663.4612056157071,664.380126953125,108200,0.0,0.0
2019-04-12 00:00:00+09:00,673.5693270979257,678.1639336947737,665.2990352235992,666.2179565429688,144600,0.0,0.0
2019-04-15 00:00:00+09:00,680.0017459853899,688.2720374906177,678.1639034286726,679.0828247070312,216600,0.0,0.0
2019-04-16 00:00:00+09:00,679.0829121492346,687.3532047193877,671.7315409757653,675.4072265625,140900,0.0,0.0
2019-04-17 00:00:00+09:00,677.2450000485047,696.5423474040252,677.2450000485047,693.7855834960938,331500,0.0,0.0
2019-04-18 00:00:00+09:00,693.7856628500116,696.5424270732567,679.0829203260379,682.7586059570312,244000,0.0,0.0
2019-04-19 00:00:00+09:00,682.7585820200629,688.2721102732532,679.0828965179361,681.8396606445312,70400,0.0,0.0
2019-04-22 00:00:00+09:00,683.6774441888568,683.6774441888568,672.6503886374237,677.2449951171875,130800,0.0,0.0
2019-04-23 00:00:00+09:00,684.5963897291562,684.5963897291562,672.6504124587144,678.1639404296875,157800,0.0,0.0
2019-04-24 00:00:00+09:00,686.4342121612256,688.2720547640669,667.1368648313919,668.0557861328125,168700,0.0,0.0
2019-04-25 00:00:00+09:00,670.8126028854094,670.8126028854094,657.9477036519907,660.7044677734375,252600,0.0,0.0
2019-04-26 00:00:00+09:00,655.1909492285296,655.1909492285296,637.731442867601,642.3260498046875,315200,0.0,0.0
2019-05-07 00:00:00+09:00,643.2449786983735,643.2449786983735,628.542236328125,628.542236328125,243000,0.0,0.0
2019-05-08 00:00:00+09:00,625.7854614257812,628.5422255730314,619.3530117488642,625.7854614257812,339000,0.0,0.0
2019-05-09 00:00:00+09:00,626.7042536440658,627.6231748370923,608.325829783536,609.2447509765625,280600,0.0,0.0
2019-05-10 00:00:00+09:00,611.0827026367188,621.1908375675517,605.569174492628,611.0827026367188,322600,0.0,0.0
2019-05-13 00:00:00+09:00,614.7583927533099,621.1908423037929,600.0556509236343,601.8934936523438,266100,0.0,0.0
2019-05-14 00:00:00+09:00,590.8664711936291,606.4881352842849,582.5961784397525,605.5692138671875,194200,0.0,0.0
2019-05-15 00:00:00+09:00,608.3258869233493,618.4340209960938,601.8934379679664,618.4340209960938,217200,0.0,0.0
2019-05-16 00:00:00+09:00,620.2718876235917,626.7043368285771,610.1637531586147,619.3529663085938,203500,0.0,0.0
2019-05-17 00:00:00+09:00,627.6233041906146,631.2989897202815,615.6773262191974,625.7854614257812,183400,0.0,0.0
2019-05-20 00:00:00+09:00,630.3800683378648,634.0557538675316,618.4340903664475,625.7854614257812,100800,0.0,0.0
2019-05-21 00:00:00+09:00,623.9476244483969,641.4071308762608,623.0287030574568,637.7314453125,239000,0.0,0.0
2019-05-22 00:00:00+09:00,641.4071284172702,648.7584995166086,635.8936000927664,642.3260498046875,225100,0.0,0.0
2019-05-23 00:00:00+09:00,640.4882145039519,641.4071359020925,623.9476293374223,628.542236328125,238400,0.0,0.0
2019-05-24 00:00:00+09:00,623.0286107863823,633.1367445897013,618.4340045121464,629.4610595703125,142600,0.0,0.0
2019-05-27 00:00:00+09:00,628.5422015021829,634.0557295855355,623.9475947660559,624.8665161132812,92300,0.0,0.0
2019-05-28 00:00:00+09:00,626.7044041618336,634.0557754716498,623.0287185069254,631.2990112304688,135000,0.0,0.0
2019-05-29 00:00:00+09:00,622.1097171941453,626.704323672684,608.3258977585291,621.1907958984375,270900,0.0,0.0
2019-05-30 00:00:00+09:00,619.352990270544,629.4611251265915,617.5151475694445,620.2719116210938,154200,0.0,0.0
2019-05-31 00:00:00+09:00,613.839517368651,615.6773602350241,604.6503030367849,608.3259887695312,140700,0.0,0.0
2019-06-03 00:00:00+09:00,600.0555844389288,601.8934269640098,585.3528442382812,585.3528442382812,187100,0.0,0.0
2019-06-04 00:00:00+09:00,583.5150495120245,589.0285775389098,579.8393641607676,587.1907348632812,234400,0.0,0.0
2019-06-05 00:00:00+09:00,592.704359087195,593.623280574152,585.3529871915399,590.8665161132812,418900,0.0,0.0
2019-06-06 00:00:00+09:00,587.1907526773699,589.0285954087544,576.1636962890625,576.1636962890625,397500,0.0,0.0
2019-06-07 00:00:00+09:00,578.0015498085628,579.8393925742498,572.4880215115018,578.9204711914062,246000,0.0,0.0
2019-06-10 00:00:00+09:00,583.515073299408,591.7853656768799,582.5961519241333,588.1096801757812,204200,0.0,0.0
2019-06-11 00:00:00+09:00,589.9475288332695,600.9745854469754,587.190764679843,600.0556640625,246500,0.0,0.0
2019-06-12 00:00:00+09:00,600.0556985283189,615.6773629616748,597.2989342165502,603.7313842773438,258000,0.0,0.0
2019-06-13 00:00:00+09:00,604.6502601036659,607.407024207482,596.3799677922176,597.2988891601562,153000,0.0,0.0
2019-06-14 00:00:00+09:00,601.8934959998497,606.4881028395433,593.6232036884014,597.2988891601562,157600,0.0,0.0
2019-06-17 00:00:00+09:00,595.4610269036092,595.4610269036092,582.5961281742102,587.1907348632812,156700,0.0,0.0
2019-06-18 00:00:00+09:00,587.1907744927429,590.8664600920715,579.8394032940857,581.67724609375,98000,0.0,0.0
2019-06-19 00:00:00+09:00,590.8665161132812,594.5422020611088,586.2719086784969,590.8665161132812,126800,0.0,0.0
2019-06-20 00:00:00+09:00,594.542164678159,597.298928965693,586.2718718155571,591.785400390625,134600,0.0,0.0
2019-06-21 00:00:00+09:00,593.6232484675252,606.4881485891125,589.9475627185003,603.7313842773438,345900,0.0,0.0
2019-06-24 00:00:00+09:00,611.0827372141839,618.4341084889411,605.5692087581161,614.7584228515625,166300,0.0,0.0
2019-06-25 00:00:00+09:00,618.4340401626215,618.4340401626215,602.8123779296875,602.8123779296875,149200,0.0,0.0
2019-06-26 00:00:00+09:00,599.1366595072208,601.8934232779595,594.5420532226562,594.5420532226562,86300,0.0,0.0
2019-06-27 00:00:00+09:00,595.4610782791161,605.5692138671875,594.5421568620187,605.5692138671875,73200,0.0,0.0
2019-06-28 00:00:00+09:00,609.2449102027178,609.2449102027178,604.6503030367849,608.3259887695312,99400,0.0,0.0
2019-07-01 00:00:00+09:00,620.2719116210938,623.028675672743,612.9205408166956,620.2719116210938,146500,0.0,0.0
2019-07-02 00:00:00+09:00,621.190768276688,632.2178233348541,621.190768276688,629.4610595703125,201800,0.0,0.0
2019-07-03 00:00:00+09:00,632.2179352433102,634.9746994958246,620.2719568157476,626.7044067382812,194300,0.0,0.0
2019-07-04 00:00:00+09:00,631.2989261727291,634.0556900424791,623.9475558533961,630.3800048828125,172200,0.0,0.0
2019-07-05 00:00:00+09:00,636.8125397128309,636.8125397128309,628.5422469892876,631.2990112304688,122400,0.0,0.0
2019-07-08 00:00:00+09:00,627.623291015625,635.8935832837665,623.9476055631177,627.623291015625,174800,0.0,0.0
2019-07-09 00:00:00+09:00,626.7044011730428,627.6233225823875,612.0016586235286,614.7584228515625,124900,0.0,0.0
2019-07-10 00:00:00+09:00,617.5152031013973,617.5152031013973,606.488145903158,608.3259887695312,147400,0.0,0.0
2019-07-11 00:00:00+09:00,608.325829783536,611.0825933626155,601.8933814323506,609.2447509765625,74600,0.0,0.0
2019-07-12 00:00:00+09:00,612.0016239940672,615.677309423461,608.3259385646734,611.0827026367188,98900,0.0,0.0
2019-07-16 00:00:00+09:00,611.0826786454902,617.51512789439,609.2448360029473,610.1637573242188,67300,0.0,0.0
2019-07-17 00:00:00+09:00,609.2448995355771,615.6773494552589,603.7313710329927,605.5692138671875,127200,0.0,0.0
2019-07-18 00:00:00+09:00,603.7314169306777,603.7314169306777,589.0286731393675,590.8665161132812,235400,0.0,0.0
2019-07-19 00:00:00+09:00,591.7853350624761,603.731312323054,589.0285710792658,600.9745483398438,108400,0.0,0.0
2019-07-22 00:00:00+09:00,612.9205852039668,612.9205852039668,604.6502924500901,605.5692138671875,174200,0.0,0.0
2019-07-23 00:00:00+09:00,610.1637920448167,617.5151630333085,607.4070279241322,613.8394775390625,238800,0.0,0.0
2019-07-24 00:00:00+09:00,613.8394932364552,613.8394932364552,604.6502792658496,607.4070434570312,130600,0.0,0.0
2019-07-25 00:00:00+09:00,613.8394535642335,614.7583749019045,607.4070042005364,612.9205322265625,92500,0.0,0.0
2019-07-26 00:00:00+09:00,610.163672169589,611.0825933626155,601.8933814323506,609.2447509765625,201600,0.0,0.0
2019-07-29 00:00:00+09:00,610.1637992917305,610.1637992917305,599.1367426780245,600.0556640625,98900,0.0,0.0
2019-07-30 00:00:00+09:00,606.4880958499765,617.5151521381579,605.569174492628,611.0827026367188,171400,0.0,0.0
2019-07-31 00:00:00+09:00,605.5692271518562,610.1638343381373,601.8935414028313,603.7313842773438,160800,0.0,0.0
2019-08-01 00:00:00+09:00,603.7313013032834,603.7313013032834,589.028560327861,598.2177734375,196800,0.0,0.0
2019-08-02 00:00:00+09:00,589.9475033613002,589.9475033613002,574.3258404997082,578.0015258789062,300900,0.0,0.0
2019-08-05 00:00:00+09:00,576.1636542648565,576.1636542648565,552.2717004994877,560.5419921875,294100,0.0,0.0
2019-08-06 00:00:00+09:00,546.7582004439215,554.1095712061928,538.4879083363664,552.271728515625,267800,0.0,0.0
2019-08-07 00:00:00+09:00,549.5149511718749,553.1906364639946,528.3797607421875,528.3797607421875,432200,0.0,0.0
2019-08-08 00:00:00+09:00,532.9744047902602,535.7311689529685,527.4608764648438,527.4608764648438,176400,0.0,0.0
2019-08-09 00:00:00+09:00,533.8932886803668,536.6500526494565,523.785154127038,528.3797607421875,143900,0.0,0.0
2019-08-13 00:00:00+09:00,527.4608373181574,532.974365234375,525.6229946794181,532.974365234375,240900,0.0,0.0
2019-08-14 00:00:00+09:00,536.6500394348462,540.3257246364548,524.7040625296185,530.2175903320312,252800,0.0,0.0
2019-08-15 00:00:00+09:00,518.2716886821546,524.7041387189898,516.4338458144874,523.7852172851562,114300,0.0,0.0
2019-08-16 00:00:00+09:00,522.8662565019396,530.2176274193657,519.1905710432264,529.2987060546875,139600,0.0,0.0
2019-08-19 00:00:00+09:00,541.2447006637985,544.9203862370672,539.4068578771643,544.00146484375,245600,0.0,0.0
2019-08-20 00:00:00+09:00,551.3527941347947,554.1095581054688,546.7581875170048,554.1095581054688,189900,0.0,0.0
2019-08-21 00:00:00+09:00,548.5960609423082,548.5960609423082,540.3257685662935,541.2446899414062,140200,0.0,0.0
2019-08-22 00:00:00+09:00,548.5960609423082,552.2717464427592,541.2446899414062,541.2446899414062,176600,0.0,0.0
2019-08-23 00:00:00+09:00,547.6771479467651,552.2717548926272,540.3257768333857,548.5960693359375,219200,0.0,0.0
2019-08-26 00:00:00+09:00,539.4067674673456,539.4067674673456,524.7040276385934,526.5418701171875,223900,0.0,0.0
2019-08-27 00:00:00+09:00,535.7310662685296,538.4878299028445,529.2986177884616,537.5689086914062,89400,0.0,0.0
2019-08-28 00:00:00+09:00,535.7310662685296,539.4067511142829,534.8121450570914,537.5689086914062,73500,0.0,0.0
2019-08-29 00:00:00+09:00,538.4879282076065,538.4879282076065,531.1365571740555,536.6500854492188,88300,0.0,0.0
2019-08-30 00:00:00+09:00,540.3257039727671,552.2716804211447,540.3257039727671,550.433837890625,108800,0.0,0.0
2019-09-02 00:00:00+09:00,550.4338618977864,555.9473897298177,547.6770979817709,551.352783203125,130000,0.0,0.0
2019-09-03 00:00:00+09:00,551.3527941347947,556.8663220761428,549.5149514876788,554.1095581054688,49900,0.0,0.0
2019-09-04 00:00:00+09:00,554.109597670972,554.109597670972,544.9203837792478,548.5960693359375,66700,0.0,0.0
2019-09-05 00:00:00+09:00,553.1906606914192,561.4609529608922,553.1906606914192,555.0285034179688,179100,0.0,0.0
2019-09-06 00:00:00+09:00,559.623070888832,566.9744412781762,558.7041495901639,560.5419921875,131800,0.0,0.0
2019-09-09 00:00:00+09:00,563.2987283389286,570.6500983661904,560.5419645787056,568.812255859375,114700,0.0,0.0
2019-09-10 00:00:00+09:00,574.3258724392022,589.0286147736457,574.3258724392022,586.2718505859375,168500,0.0,0.0
2019-09-11 00:00:00+09:00,591.7853371924355,600.055629171833,591.7853371924355,596.3799438476562,206000,0.0,0.0
2019-09-12 00:00:00+09:00,597.2989665219795,597.2989665219795,588.1097516524106,590.8665161132812,232000,0.0,0.0
2019-09-13 00:00:00+09:00,590.8664395845854,597.2988891601562,586.2718327448919,597.2988891601562,305000,0.0,0.0
2019-09-17 00:00:00+09:00,601.8935231207375,620.2719513076303,596.3799946646698,614.7584228515625,286400,0.0,0.0
2019-09-18 00:00:00+09:00,615.6772670039425,615.6772670039425,592.7042346530491,595.4609985351562,329700,0.0,0.0
2019-09-19 00:00:00+09:00,597.2988999090735,612.920563445157,597.2988999090735,600.0556640625,201900,0.0,0.0
2019-09-20 00:00:00+09:00,600.0556140062286,609.244827084425,593.623164851491,602.8123779296875,324800,0.0,0.0
2019-09-24 00:00:00+09:00,609.2448943954946,614.7584228515625,604.6502873487715,614.7584228515625,242600,0.0,0.0
2019-09-25 00:00:00+09:00,611.0825933626155,611.0825933626155,599.1366178532711,609.2447509765625,231200,0.0,0.0
2019-09-26 00:00:00+09:00,612.920521288033,621.1908131794758,608.325914681676,610.1637573242188,426000,0.0,0.0
2019-09-27 00:00:00+09:00,604.6083915710449,604.6083915710449,588.8682037353516,592.57177734375,314800,5.0,0.0
2019-09-30 00:00:00+09:00,593.4977121383046,605.534327205072,587.942351338258,590.7200317382812,155300,0.0,0.0
2019-10-01 00:00:00+09:00,599.0530575351861,606.460205078125,596.2753772065839,606.460205078125,167500,0.0,0.0
2019-10-02 00:00:00+09:00,601.8307495117188,605.5343233548679,598.1271756685697,601.8307495117188,88700,0.0,0.0
2019-10-03 00:00:00+09:00,588.868196770335,588.868196770335,578.6833694677033,580.53515625,257500,0.0,0.0
2019-10-04 00:00:00+09:00,582.3869430322967,586.09051659689,576.8315826854067,580.53515625,168100,0.0,0.0
2019-10-07 00:00:00+09:00,582.3869529772717,587.9423134190262,577.7574859424761,581.4610595703125,115200,0.0,0.0
2019-10-08 00:00:00+09:00,587.0163848829931,600.90478515625,583.3128114767912,600.90478515625,169500,0.0,0.0
2019-10-09 00:00:00+09:00,591.6458938289172,598.1271477519257,588.8682135761993,593.4976806640625,123400,0.0,0.0
2019-10-10 00:00:00+09:00,593.4976607965938,598.1271277294845,587.942300477125,591.6458740234375,134200,0.0,0.0
2019-10-11 00:00:00+09:00,595.34944756975,599.0530211160627,588.868193863703,591.6458740234375,204600,0.0,0.0
2019-10-15 00:00:00+09:00,598.1271640923187,614.7932460639313,598.1271640923187,606.460205078125,272800,0.0,0.0
2019-10-16 00:00:00+09:00,614.7932343454072,623.1262751723781,607.3860869436553,611.0896606445312,257900,0.0,0.0
2019-10-17 00:00:00+09:00,611.089652325804,613.8673325636485,604.6083984375,604.6083984375,130900,0.0,0.0
2019-10-18 00:00:00+09:00,609.2379051916857,616.6450529751712,606.4602247728786,608.31201171875,125800,0.0,0.0
2019-10-21 00:00:00+09:00,611.0896407941916,612.9414275844771,609.2378540039062,609.2378540039062,76900,0.0,0.0
2019-10-23 00:00:00+09:00,610.163785100697,618.496826171875,603.6825309342253,618.496826171875,225200,0.0,0.0
2019-10-24 00:00:00+09:00,614.7932523624626,624.0521868859936,613.8673589101095,618.496826171875,226600,0.0,0.0
2019-10-25 00:00:00+09:00,621.2744538483796,624.97802734375,621.2744538483796,624.97802734375,152200,0.0,0.0
2019-10-28 00:00:00+09:00,624.9780570511269,633.3110978118086,624.0521636332734,627.7557373046875,235200,0.0,0.0
2019-10-29 00:00:00+09:00,633.3110451357207,642.5699785441377,629.607471772354,634.2369384765625,224300,0.0,0.0
2019-10-30 00:00:00+09:00,632.3852559798225,632.3852559798225,624.0522145393857,626.8298950195312,464300,0.0,0.0
2019-10-31 00:00:00+09:00,633.3110945991848,639.7923484912817,624.0521604676178,638.866455078125,216800,0.0,0.0
2019-11-01 00:00:00+09:00,633.3111257761326,636.0888061523438,629.6075519411845,636.0888061523438,103700,0.0,0.0
2019-11-05 00:00:00+09:00,640.7182289809201,649.05126953125,640.7182289809201,649.05126953125,309100,0.0,0.0
2019-11-06 00:00:00+09:00,652.7548630173142,654.6066498627534,649.9771827491554,650.903076171875,121900,0.0,0.0
2019-11-07 00:00:00+09:00,649.0513108325789,649.9772042859777,641.6441632053883,647.1995239257812,173500,0.0,0.0
2019-11-08 00:00:00+09:00,653.6808057882018,662.0138472217625,648.1254448324947,655.5325927734375,211500,0.0,0.0
2019-11-11 00:00:00+09:00,662.013750324851,680.5316174668048,661.0878569677533,674.9762573242188,383000,0.0,0.0
2019-11-12 00:00:00+09:00,672.1985573539051,674.0503440132824,662.0137307273309,673.1244506835938,213900,0.0,0.0
2019-11-13 00:00:00+09:00,671.2727680657272,672.1986615389212,664.7915137533685,665.7174072265625,141700,0.0,0.0
2019-11-14 00:00:00+09:00,664.7914758421302,666.6432626829161,655.5325416382008,656.4584350585938,139200,0.0,0.0
2019-11-15 00:00:00+09:00,656.4584862660554,661.0879537291446,650.9031253103483,655.5325927734375,96500,0.0,0.0
2019-11-18 00:00:00+09:00,657.3843797586732,659.2361667439089,651.8290188029661,655.5325927734375,84000,0.0,0.0
2019-11-19 00:00:00+09:00,652.7548431091744,654.6066298981366,645.3476959533256,649.05126953125,120600,0.0,0.0
2019-11-20 00:00:00+09:00,646.2735908343637,650.903057817418,640.7182304546988,643.4959106445312,122700,0.0,0.0
2019-11-21 00:00:00+09:00,643.4959737171455,644.4218672045083,630.5334648940664,637.9406127929688,142200,0.0,0.0
2019-11-22 00:00:00+09:00,637.9405813933797,648.1254092530708,637.9405813933797,640.71826171875,93300,0.0,0.0
2019-11-25 00:00:00+09:00,652.7548828125,656.4584566156915,649.9772024601064,652.7548828125,97400,0.0,0.0
2019-11-26 00:00:00+09:00,658.3102711909959,665.7174191087568,654.6066972321155,661.0879516601562,178400,0.0,0.0
2019-11-27 00:00:00+09:00,663.8655579876078,672.1985984644397,662.0137712149784,671.272705078125,145400,0.0,0.0
2019-11-28 00:00:00+09:00,670.3468031179274,670.3468031179274,662.9396561221491,664.7914428710938,159400,0.0,0.0
2019-11-29 00:00:00+09:00,666.6432610358391,666.6432610358391,659.2361136909965,662.0137939453125,111500,0.0,0.0
2019-12-02 00:00:00+09:00,665.7173741937994,678.6798821753198,665.7173741937994,674.0504150390625,186100,0.0,0.0
2019-12-03 00:00:00+09:00,670.3468477195091,690.7165033131959,665.7173805391258,686.0870361328125,263300,0.0,0.0
2019-12-04 00:00:00+09:00,683.30933299871,696.2718406707722,679.6057593781209,695.345947265625,232700,0.0,0.0
2019-12-05 00:00:00+09:00,695.3460160308274,711.0862054749341,692.568335540691,701.8272705078125,278100,0.0,0.0
2019-12-06 00:00:00+09:00,712.0119739951888,714.7896539977708,698.1235739822787,707.3825073242188,385600,0.0,0.0
2019-12-09 00:00:00+09:00,713.8638062919413,737.9370345196851,713.8638062919413,728.6781005859375,416500,0.0,0.0
2019-12-10 00:00:00+09:00,734.2334594726562,742.5664999963055,731.4557792981064,734.2334594726562,264800,0.0,0.0
2019-12-11 00:00:00+09:00,731.455759465619,733.3075461984434,723.1227191679095,732.3816528320312,183600,0.0,0.0
2019-12-12 00:00:00+09:00,734.2334320931324,734.2334320931324,717.567351667311,720.3450317382812,199100,0.0,0.0
2019-12-13 00:00:00+09:00,737.937014362311,746.2700546750598,725.9004005772293,726.8262939453125,241100,0.0,0.0
2019-12-16 00:00:00+09:00,727.7522186513447,735.1593659149715,722.1968582036245,724.0486450195312,167900,0.0,0.0
2019-12-17 00:00:00+09:00,730.5299188263562,734.2334925593162,724.0486647936763,725.9004516601562,199700,0.0,0.0
2019-12-18 00:00:00+09:00,726.8264040403728,731.4558715820312,722.1969364987144,731.4558715820312,206600,0.0,0.0
2019-12-19 00:00:00+09:00,733.3075874821768,750.8995624344008,726.8263335524101,730.5299072265625,298700,0.0,0.0
2019-12-20 00:00:00+09:00,730.5298660992069,734.2334395648555,725.900399267146,732.3816528320312,139800,0.0,0.0
2019-12-23 00:00:00+09:00,732.3817414877784,733.3076349662712,710.160298003952,712.0120849609375,143000,0.0,0.0
2019-12-24 00:00:00+09:00,712.9379088234089,716.6414823757382,698.1236146140913,705.53076171875,132900,0.0,0.0
2019-12-25 00:00:00+09:00,712.9378913430606,712.9378913430606,691.6423439393069,692.5682373046875,133800,0.0,0.0
2019-12-26 00:00:00+09:00,691.6423721212692,705.530773167881,689.7905853150543,700.9013061523438,173200,0.0,0.0
2019-12-27 00:00:00+09:00,706.4566338840415,712.011994045646,706.4566338840415,709.2343139648438,55900,0.0,0.0
2019-12-30 00:00:00+09:00,708.3085130364054,708.3085130364054,698.1236847443787,706.4567260742188,87700,0.0,0.0
2020-01-06 00:00:00+09:00,698.1236390632854,698.1236390632854,685.1611311761687,690.7164916992188,125800,0.0,0.0
2020-01-07 00:00:00+09:00,689.790596657611,702.753104514264,687.9388098209463,696.2718505859375,137000,0.0,0.0
2020-01-08 00:00:00+09:00,689.7905510377818,689.7905510377818,671.272683895828,674.9762573242188,196000,0.0,0.0
2020-01-09 00:00:00+09:00,682.3834129001783,686.0869863758917,677.7539460555367,681.45751953125,87600,0.0,0.0
2020-01-10 00:00:00+09:00,690.7164733390498,690.7164733390498,681.4575393800814,683.309326171875,121300,0.0,0.0
2020-01-14 00:00:00+09:00,685.16113616608,687.012923020583,671.2727347573082,674.0504150390625,166900,0.0,0.0
2020-01-15 00:00:00+09:00,675.9021306726595,678.6798106617252,667.5690907054623,673.1244506835938,135100,0.0,0.0
2020-01-16 00:00:00+09:00,667.5691041758363,668.4949975242077,654.6065972986355,657.38427734375,204000,0.0,0.0
2020-01-17 00:00:00+09:00,664.7914940316641,668.4950678145702,660.1620268030313,663.8656005859375,117800,0.0,0.0
2020-01-20 00:00:00+09:00,669.4209479028052,675.9022018935655,667.5691610483024,674.0504150390625,138100,0.0,0.0
2020-01-21 00:00:00+09:00,676.8280653960129,677.7539587823276,666.6432381465517,671.272705078125,138300,0.0,0.0
2020-01-22 00:00:00+09:00,669.4209083852188,676.8280553659681,663.8655481496569,670.3468017578125,99700,0.0,0.0
2020-01-23 00:00:00+09:00,670.3468347082605,673.1245149625765,661.0879005272072,662.0137939453125,124900,0.0,0.0
2020-01-24 00:00:00+09:00,662.0137972445102,663.8655840899494,649.9771827491554,650.903076171875,182700,0.0,0.0
2020-01-27 00:00:00+09:00,643.49595382224,643.49595382224,632.3852323173955,636.0888061523438,234700,0.0,0.0
2020-01-28 00:00:00+09:00,626.8298636043772,632.3852242862476,623.1262898164637,629.6075439453125,151400,0.0,0.0
2020-01-29 00:00:00+09:00,634.2370507312797,635.1629442359969,629.6075832076938,633.3111572265625,87500,0.0,0.0
2020-01-30 00:00:00+09:00,637.0146815169367,638.8664683818115,625.9039603276877,628.681640625,167100,0.0,0.0
2020-01-31 00:00:00+09:00,630.5334060691285,637.9405532769891,628.6816192671635,632.3851928710938,119400,0.0,0.0
2020-02-03 00:00:00+09:00,621.2744538483796,629.6074942129629,614.7932002314815,624.97802734375,182100,0.0,0.0
2020-02-04 00:00:00+09:00,626.8298537601252,631.4593209223123,621.2744931655008,628.681640625,79000,0.0,0.0
2020-02-05 00:00:00+09:00,637.014628507653,641.6440952845982,632.3851617307079,635.162841796875,111400,0.0,0.0
2020-02-06 00:00:00+09:00,638.8664352062137,645.3476888967115,633.3110749000728,637.0146484375,246800,0.0,0.0
2020-02-07 00:00:00+09:00,631.4593505859375,637.9406049174647,623.1263093025453,631.4593505859375,331700,0.0,0.0
2020-02-10 00:00:00+09:00,625.9039837619114,625.9039837619114,616.6450490908773,619.4227294921875,203700,0.0,0.0
2020-02-12 00:00:00+09:00,616.644967293137,624.978007391693,613.8672872602851,623.126220703125,159700,0.0,0.0
2020-02-13 00:00:00+09:00,621.274463721281,626.8298240526187,619.4226769441683,625.9039306640625,123100,0.0,0.0
2020-02-14 00:00:00+09:00,624.0521339699075,625.9039207175927,617.5708803530093,624.97802734375,94500,0.0,0.0
2020-02-17 00:00:00+09:00,620.3486031642382,621.2744966017967,612.0155622262112,617.5709228515625,103700,0.0,0.0
2020-02-18 00:00:00+09:00,616.644967293137,626.829794080261,615.7190739488531,623.126220703125,354300,0.0,0.0
2020-02-19 00:00:00+09:00,623.1263033606011,624.0521968277046,616.6450490908773,619.4227294921875,108600,0.0,0.0
2020-02-20 00:00:00+09:00,625.9039737906999,631.4593345048185,616.6450392671687,618.496826171875,105000,0.0,0.0
2020-02-21 00:00:00+09:00,618.4968458488806,624.0522067397388,615.7191654034515,620.3486328125,106800,0.0,0.0
2020-02-25 00:00:00+09:00,606.4601783752441,606.4601783752441,589.7940971374511,592.57177734375,323800,0.0,0.0
2020-02-26 00:00:00+09:00,584.2387596493676,584.2387596493676,574.979825265067,583.3128662109375,224200,0.0,0.0
2020-02-27 00:00:00+09:00,582.3868948514345,583.3127881659836,562.9431352459017,564.794921875,232900,0.0,0.0
2020-02-28 00:00:00+09:00,555.5360030478066,560.1654697398717,541.6476029716115,543.4993896484375,395300,0.0,0.0
2020-03-02 00:00:00+09:00,541.6476409758754,561.0914024468043,536.09228055561,552.7583618164062,232000,0.0,0.0
2020-03-03 00:00:00+09:00,579.6092930708527,579.6092930708527,549.0548095703125,549.0548095703125,254100,0.0,0.0
2020-03-04 00:00:00+09:00,539.7957963992388,547.2029428335337,534.2404365735176,541.6475830078125,271500,0.0,0.0
2020-03-05 00:00:00+09:00,550.9065477299116,555.536014517558,536.0922540094434,538.8699340820312,181100,0.0,0.0
2020-03-06 00:00:00+09:00,531.4627910641068,532.38868442833,518.5002839649823,522.203857421875,284900,0.0,0.0
2020-03-09 00:00:00+09:00,509.2413621571562,509.2413621571562,472.20562672754477,474.9833068847656,555400,0.0,0.0
2020-03-10 00:00:00+09:00,462.9466717059796,483.31632526104266,447.20648486797626,481.46453857421875,276900,0.0,0.0
2020-03-11 00:00:00+09:00,484.24226008234797,496.2788745777027,477.76100612331084,479.61279296875,161500,0.0,0.0
2020-03-12 00:00:00+09:00,465.72438826183765,474.98332242211274,452.7618804374525,456.4654541015625,316700,0.0,0.0
2020-03-13 00:00:00+09:00,444.42883613782055,446.28062295506146,420.3556075136886,433.318115234375,517800,0.0,0.0
2020-03-16 00:00:00+09:00,449.98419498491893,457.391342227469,437.02168731045623,438.87347412109375,256400,0.0,0.0
2020-03-17 00:00:00+09:00,433.3181045264529,478.6868804277268,421.2814905118292,474.9833068847656,435900,0.0,0.0
2020-03-18 00:00:00+09:00,476.8350836634636,492.5752708911896,471.27972346544266,474.0574035644531,292900,0.0,0.0
2020-03-19 00:00:00+09:00,481.4645742441153,499.0565490722656,474.98332036005985,499.0565490722656,359400,0.0,0.0
2020-03-23 00:00:00+09:00,496.27887289032685,496.27887289032685,473.1315374010392,485.16815185546875,277600,0.0,0.0
2020-03-24 00:00:00+09:00,494.4271151560658,499.98247600051593,483.3163934671654,490.7235412597656,197700,0.0,0.0
2020-03-25 00:00:00+09:00,514.7967203055863,523.1297607421875,498.1306394323839,523.1297607421875,282200,0.0,0.0
2020-03-26 00:00:00+09:00,514.7967315673828,524.0556655883789,501.83422393798827,518.5003051757812,237800,0.0,0.0
2020-03-27 00:00:00+09:00,539.7958186141304,539.7958186141304,523.129738451087,532.388671875,350200,0.0,0.0
2020-03-30 00:00:00+09:00,500.0651035822487,529.53662109375,500.0651035822487,529.53662109375,291200,15.0,0.0
2020-03-31 00:00:00+09:00,523.8324423297187,532.3886891191333,510.5227251017404,511.4734191894531,165500,0.0,0.0
2020-04-01 00:00:00+09:00,508.62134287907526,520.9803661639874,491.5088490999662,494.3609313964844,153000,0.0,0.0
2020-04-02 00:00:00+09:00,484.8539996969289,494.3609408674569,468.69219970703125,468.69219970703125,142300,0.0,0.0
2020-04-03 00:00:00+09:00,469.64288735290785,475.34705197662737,453.4810875857025,458.23455810546875,153200,0.0,0.0
2020-04-06 00:00:00+09:00,451.5797035966464,482.9526093202029,447.7769271453063,474.3963623046875,220500,0.0,0.0
2020-04-07 00:00:00+09:00,489.6074599198584,501.9664831799713,480.10051895054073,497.2130126953125,118600,0.0,0.0
2020-04-08 00:00:00+09:00,499.11443970420146,506.71999307112264,490.55819216641515,501.9665222167969,103700,0.0,0.0
2020-04-09 00:00:00+09:00,498.1636944464917,511.4734114736881,497.21300037312056,503.86785888671875,137800,0.0,0.0
2020-04-10 00:00:00+09:00,510.52271555430855,511.4734096242421,493.4102222955049,509.572021484375,174700,0.0,0.0
2020-04-13 00:00:00+09:00,503.8678723848783,507.67064878023587,491.5088490999662,494.3609313964844,127600,0.0,0.0
2020-04-14 00:00:00+09:00,494.3609313964844,499.11440189068134,486.75537860576924,494.3609313964844,106400,0.0,0.0
2020-04-15 00:00:00+09:00,494.36094406752557,494.36094406752557,482.95261458904423,487.7060852050781,143900,0.0,0.0
2020-04-16 00:00:00+09:00,482.0019469864067,498.1637479701718,481.0512528108911,496.2623596191406,104700,0.0,0.0
2020-04-17 00:00:00+09:00,501.0158304967186,507.6706897253278,480.10055863537553,496.2623596191406,213800,0.0,0.0
2020-04-20 00:00:00+09:00,496.2623100133476,501.0157804157743,488.65675736946486,492.45953369140625,60600,0.0,0.0
2020-04-21 00:00:00+09:00,489.6074514499502,495.31161593286225,485.80467512800885,492.45953369140625,71500,0.0,0.0
2020-04-22 00:00:00+09:00,491.5088627833946,496.26233340992644,482.95261565563726,484.85400390625,68200,0.0,0.0
2020-04-23 00:00:00+09:00,493.4102643018409,502.9172058105469,492.4595701509703,502.9172058105469,90200,0.0,0.0
2020-04-24 00:00:00+09:00,505.7692489041627,505.7692489041627,492.45953182773735,498.1636962890625,71700,0.0,0.0
2020-04-27 00:00:00+09:00,500.0651233579351,502.9172058105469,496.2623467544527,502.9172058105469,65200,0.0,0.0
2020-04-28 00:00:00+09:00,502.91716481334754,505.76924703346106,490.5581418595224,503.86785888671875,113700,0.0,0.0
2020-04-30 00:00:00+09:00,511.47341823049044,520.029665003863,506.719947800839,514.3255004882812,125500,0.0,0.0
2020-05-01 00:00:00+09:00,512.4241606029058,512.4241606029058,495.31166544362503,496.2623596191406,78500,0.0,0.0
2020-05-07 00:00:00+09:00,501.966475462682,503.8678636273134,486.75537014563105,489.6074523925781,67400,0.0,0.0
2020-05-08 00:00:00+09:00,498.1636944464917,503.86785888671875,490.5581418595224,503.86785888671875,68600,0.0,0.0
2020-05-11 00:00:00+09:00,513.3748313848921,528.5859375,512.4241372526978,528.5859375,64100,0.0,0.0
2020-05-12 00:00:00+09:00,529.5365932492444,529.5365932492444,520.0296526164034,520.9803466796875,58000,0.0,0.0
2020-05-13 00:00:00+09:00,512.4241810334034,520.9804289541838,511.4734868199834,519.0790405273438,52000,0.0,0.0
2020-05-14 00:00:00+09:00,517.1776314804837,517.1776314804837,496.2623596191406,496.2623596191406,75200,0.0,0.0
2020-05-15 00:00:00+09:00,504.8185884812299,519.0790005852194,501.015811920166,517.1776123046875,73200,0.0,0.0
2020-05-18 00:00:00+09:00,520.9803697374132,520.9803697374132,507.67065226236974,513.3748168945312,54000,0.0,0.0
2020-05-19 00:00:00+09:00,518.1282917344591,530.4873152070243,518.1282917344591,529.53662109375,106300,0.0,0.0
2020-05-20 00:00:00+09:00,530.4872749947212,530.4872749947212,522.8817226650478,527.6351928710938,56100,0.0,0.0
2020-05-21 00:00:00+09:00,527.6352586272013,527.6352586272013,513.3748462318715,516.2269287109375,62100,0.0,0.0
2020-05-22 00:00:00+09:00,520.0296659788678,520.9803600665805,505.7692546631767,511.4734191894531,54700,0.0,0.0
2020-05-25 00:00:00+09:00,518.1282644898353,520.9803466796875,512.4241001101307,520.9803466796875,88500,0.0,0.0
2020-05-26 00:00:00+09:00,524.7830784574468,538.0927942154256,521.9309965093086,536.19140625,120900,0.0,0.0
2020-05-27 00:00:00+09:00,540.9449607914329,557.1067610259748,538.092878397102,556.1560668945312,110700,0.0,0.0
2020-05-28 00:00:00+09:00,556.156023297991,568.5150460379464,554.2546351841518,565.6629638671875,145900,0.0,0.0
2020-05-29 00:00:00+09:00,568.5150643331963,568.5150643331963,541.8956298828125,541.8956298828125,92000,0.0,0.0
2020-06-01 00:00:00+09:00,547.5997643849206,547.5997643849206,528.5858836771109,539.0435180664062,70200,0.0,0.0
2020-06-02 00:00:00+09:00,545.698454594075,551.402619624675,539.9942895634749,548.550537109375,71100,0.0,0.0
2020-06-03 00:00:00+09:00,555.2053914871605,559.9588623046875,550.4519206696334,559.9588623046875,106700,0.0,0.0
2020-06-04 00:00:00+09:00,562.8109172952586,567.5643878805226,546.649117305361,551.402587890625,107200,0.0,0.0
2020-06-05 00:00:00+09:00,556.1560336026279,564.7122802734375,552.3532573044902,564.7122802734375,77700,0.0,0.0
2020-06-08 00:00:00+09:00,567.5643710994561,569.4657592773438,560.9095124768494,569.4657592773438,95100,0.0,0.0
2020-06-09 00:00:00+09:00,571.3671474552314,571.3671474552314,559.9588183879056,569.4657592773438,86700,0.0,0.0
2020-06-10 00:00:00+09:00,574.2192747572686,574.2192747572686,557.1067798141712,559.9588623046875,101400,0.0,0.0
2020-06-11 00:00:00+09:00,554.254702139975,555.2053963117418,544.7477604223083,548.550537109375,76700,0.0,0.0
2020-06-12 00:00:00+09:00,533.3393659319196,539.0435302734375,524.7831194196428,532.388671875,126800,0.0,0.0
2020-06-15 00:00:00+09:00,529.5366166856553,535.2407813178169,513.3748168945312,513.3748168945312,101900,0.0,0.0
2020-06-16 00:00:00+09:00,520.9804084630856,544.7477628637738,520.9804084630856,542.8463745117188,84000,0.0,0.0
2020-06-17 00:00:00+09:00,540.9449483488635,540.9449483488635,530.4873131435252,535.2407836914062,58300,0.0,0.0
2020-06-18 00:00:00+09:00,533.3393783155444,533.3393783155444,521.9310493676184,525.7338256835938,56300,0.0,0.0
2020-06-19 00:00:00+09:00,531.4379795776808,532.3886736377482,522.8817330370741,526.6845092773438,126400,0.0,0.0
2020-06-22 00:00:00+09:00,527.6352455832741,528.5859397194603,521.9310807661577,522.8817749023438,30400,0.0,0.0
2020-06-23 00:00:00+09:00,530.4872855176134,537.1421439380853,524.7831211572089,526.6845092773438,73100,0.0,0.0
2020-06-24 00:00:00+09:00,528.5859098277537,529.5366039101776,520.0296630859375,520.0296630859375,70200,0.0,0.0
2020-06-25 00:00:00+09:00,516.2269287109375,521.9310936690694,516.2269287109375,516.2269287109375,72500,0.0,0.0
2020-06-26 00:00:00+09:00,524.7831107474661,531.4379690359305,523.832416706257,527.6351928710938,84600,0.0,0.0
2020-06-29 00:00:00+09:00,527.6351734860623,532.3886435174683,523.8323974609375,523.8323974609375,81800,0.0,0.0
2020-06-30 00:00:00+09:00,532.3887595152244,535.2408421554844,518.1283463139237,519.0790405273438,70800,0.0,0.0
2020-07-01 00:00:00+09:00,526.6845147431786,530.4872910229128,509.572021484375,509.572021484375,98900,0.0,0.0
2020-07-02 00:00:00+09:00,515.2761859039762,519.0789621837104,507.6706333445079,509.572021484375,83300,0.0,0.0
2020-07-03 00:00:00+09:00,510.52272414456013,515.2761945742116,504.81855962897845,514.3255004882812,67300,0.0,0.0
2020-07-06 00:00:00+09:00,516.2268454106879,530.4872555049059,516.2268454106879,523.8323974609375,91400,0.0,0.0
2020-07-07 00:00:00+09:00,523.8324796193718,525.73386793015,516.2269263762594,521.9310913085938,51700,0.0,0.0
2020-07-08 00:00:00+09:00,516.2268915965144,523.8324443272181,505.7692565917969,505.7692565917969,65500,0.0,0.0
2020-07-09 00:00:00+09:00,506.71996546986014,506.71996546986014,491.5088595645735,493.4102478027344,140100,0.0,0.0
2020-07-10 00:00:00+09:00,500.0650959895207,508.62134287907526,484.85399040809045,494.3609313964844,160500,0.0,0.0
2020-07-13 00:00:00+09:00,501.9665093823014,516.2269215806623,500.0651210891866,508.6213684082031,88200,0.0,0.0
2020-07-14 00:00:00+09:00,508.6213777851126,511.4734602773656,503.867906964691,510.52276611328125,43000,0.0,0.0
2020-07-15 00:00:00+09:00,520.0296696488575,533.3393869707661,520.0296696488575,530.4873046875,91800,0.0,0.0
2020-07-16 00:00:00+09:00,528.5859826615441,529.5366768749642,518.1283463139237,519.0790405273438,49500,0.0,0.0
2020-07-17 00:00:00+09:00,521.9310830060174,521.9310830060174,508.62136504229375,517.1776123046875,52900,0.0,0.0
2020-07-20 00:00:00+09:00,520.9803466796875,520.9803466796875,507.67062979371013,520.9803466796875,76400,0.0,0.0
2020-07-21 00:00:00+09:00,519.0789858477334,532.3887034335727,514.3255152813622,529.53662109375,74400,0.0,0.0
2020-07-22 00:00:00+09:00,524.7831654268152,535.2408009697409,517.1776123046875,517.1776123046875,56100,0.0,0.0
2020-07-27 00:00:00+09:00,511.47348420516306,524.783203125,508.6214015794837,524.783203125,51600,0.0,0.0
2020-07-28 00:00:00+09:00,521.9311231676038,521.9311231676038,512.4241810334034,519.0790405273438,41800,0.0,0.0
2020-07-29 00:00:00+09:00,513.3748522671787,513.3748522671787,501.9665222167969,501.9665222167969,62800,0.0,0.0
2020-07-30 00:00:00+09:00,501.96648520611706,501.96648520611706,486.75537959381046,491.50885009765625,72400,0.0,0.0
2020-07-31 00:00:00+09:00,487.7060621764762,487.7060621764762,464.889404296875,464.889404296875,132000,0.0,0.0
2020-08-03 00:00:00+09:00,468.6921666361896,477.2484130859375,460.13592018644175,477.2484130859375,84800,0.0,0.0
2020-08-04 00:00:00+09:00,478.199132686888,492.4595441984254,475.34705038458054,491.50885009765625,67100,0.0,0.0
2020-08-05 00:00:00+09:00,487.70608414051145,490.55816650390625,481.05122529259023,490.55816650390625,38300,0.0,0.0
2020-08-06 00:00:00+09:00,490.55816650390625,492.45955474616943,487.70608414051145,490.55816650390625,37700,0.0,0.0
2020-08-07 00:00:00+09:00,492.45951701249226,493.4102110607789,477.24841223990563,480.1004943847656,72200,0.0,0.0
2020-08-11 00:00:00+09:00,482.00192369733537,485.80470021565753,473.44567653111045,479.14984130859375,199200,0.0,0.0
2020-08-12 00:00:00+09:00,476.2977190359655,484.8539654857134,471.5442487861056,477.2484130859375,165800,0.0,0.0
2020-08-13 00:00:00+09:00,480.10055628689855,502.91721638766205,480.10055628689855,501.9665222167969,198700,0.0,0.0
2020-08-14 00:00:00+09:00,501.96648520611706,502.9171793068862,488.6567677953488,491.50885009765625,110900,0.0,0.0
2020-08-17 00:00:00+09:00,496.2623596191406,499.1144421456874,488.6568062150159,496.2623596191406,47000,0.0,0.0
2020-08-18 00:00:00+09:00,495.31160903118064,495.31160903118064,481.0511980226054,482.00189208984375,57300,0.0,0.0
2020-08-19 00:00:00+09:00,482.00189973405264,489.6074523925781,479.14981748710557,489.6074523925781,41900,0.0,0.0
2020-08-20 00:00:00+09:00,486.7553943452381,491.5088649931408,479.14984130859375,479.14984130859375,37700,0.0,0.0
2020-08-21 00:00:00+09:00,479.14982128712103,484.8539858262534,478.1991271972656,478.1991271972656,20100,0.0,0.0
2020-08-24 00:00:00+09:00,480.10049523585343,480.10049523585343,475.3470249859935,477.2484130859375,44600,0.0,0.0
2020-08-25 00:00:00+09:00,478.1991554365177,486.75540275049116,478.1991554365177,483.9033203125,65900,0.0,0.0
2020-08-26 00:00:00+09:00,482.9526250362396,490.5581781864166,482.9526250362396,486.7554016113281,38400,0.0,0.0
2020-08-27 00:00:00+09:00,487.70606422794674,489.6074523925781,479.14981748710557,489.6074523925781,43400,0.0,0.0
2020-08-28 00:00:00+09:00,487.70609575510025,495.31164890527725,482.0019308924675,486.7554016113281,75500,0.0,0.0
2020-08-31 00:00:00+09:00,486.7553655660377,504.8185529600899,486.7553655660377,503.86785888671875,96600,0.0,0.0
2020-09-01 00:00:00+09:00,503.86788311261887,503.86788311261887,489.6074713264127,493.4102478027344,76900,0.0,0.0
2020-09-02 00:00:00+09:00,496.2623430490494,496.2623430490494,483.90331918001175,486.7554016113281,53600,0.0,0.0
2020-09-03 00:00:00+09:00,495.31163928462007,495.31163928462007,484.85400390625,484.85400390625,43600,0.0,0.0
2020-09-04 00:00:00+09:00,482.9525938163683,491.50884055720945,480.10051156942126,489.6074523925781,60500,0.0,0.0
2020-09-07 00:00:00+09:00,494.36097126810944,502.9172188477498,493.41027709259384,496.2623596191406,72500,0.0,0.0
2020-09-08 00:00:00+09:00,501.96647737118764,514.3255004882812,497.2130069415362,514.3255004882812,98600,0.0,0.0
2020-09-09 00:00:00+09:00,501.96648964185397,507.670654296875,500.06510142351357,507.670654296875,79100,0.0,0.0
2020-09-10 00:00:00+09:00,509.57201968259915,521.9310425480353,508.62132561602715,515.2761840820312,125900,0.0,0.0
2020-09-11 00:00:00+09:00,512.4241132771658,521.9310541542932,507.67064283860213,511.4734191894531,84400,0.0,0.0
2020-09-14 00:00:00+09:00,514.3254900154592,518.1282662817473,511.4734078157432,515.2761840820312,51100,0.0,0.0
2020-09-15 00:00:00+09:00,518.1282874213324,518.1282874213324,510.5227345784505,513.3748168945312,63400,0.0,0.0
2020-09-16 00:00:00+09:00,516.2269098002305,517.1776039250927,509.5720509261943,512.4241333007812,87500,0.0,0.0
2020-09-17 00:00:00+09:00,513.3748522671787,513.3748522671787,501.01582804593176,501.9665222167969,38200,0.0,0.0
2020-09-18 00:00:00+09:00,500.0650825932341,507.6706351802034,500.0650825932341,503.86785888671875,71300,0.0,0.0
2020-09-23 00:00:00+09:00,500.0651338750666,502.91721638766205,492.45958050814545,501.9665222167969,66600,0.0,0.0
2020-09-24 00:00:00+09:00,500.06510880676626,500.06510880676626,486.7553910818713,487.7060852050781,75700,0.0,0.0
2020-09-25 00:00:00+09:00,493.410237297645,495.31162549532377,487.70607270460863,494.3609313964844,58600,0.0,0.0
2020-09-28 00:00:00+09:00,501.015811920166,517.1776123046875,496.2623412188362,517.1776123046875,113300,0.0,0.0
2020-09-29 00:00:00+09:00,522.0200821725946,522.0200821725946,510.3981137383253,515.2406005859375,102200,10.0,0.0
2020-09-30 00:00:00+09:00,511.36663890165437,511.36663890165437,493.9336853027344,493.9336853027344,77500,0.0,0.0
2020-10-02 00:00:00+09:00,502.65012447650616,521.0515741201547,500.7131297771747,503.6186218261719,125600,0.0,0.0
2020-10-05 00:00:00+09:00,508.4611091471959,522.9885694085443,508.4611091471959,521.0515747070312,76400,0.0,0.0
2020-10-06 00:00:00+09:00,524.9255641100575,527.8310561623272,517.177585304005,521.0515747070312,58900,0.0,0.0
2020-10-07 00:00:00+09:00,520.0831009245267,531.7050696602703,513.3036191620096,530.736572265625,71600,0.0,0.0
2020-10-08 00:00:00+09:00,530.736565483941,531.7050628662109,519.1145968967014,522.9885864257812,96000,0.0,0.0
2020-10-09 00:00:00+09:00,525.8940889165642,526.8625863178838,513.303622699409,517.1776123046875,49800,0.0,0.0
2020-10-12 00:00:00+09:00,513.3035888671875,516.2090808796432,509.42959951724646,513.3035888671875,36400,0.0,0.0
2020-10-13 00:00:00+09:00,518.1460656692733,522.9885522643132,510.39808711720934,519.1145629882812,26900,0.0,0.0
2020-10-14 00:00:00+09:00,513.3036160197095,515.2406107971424,507.4926316874109,509.42962646484375,49300,0.0,0.0
2020-10-15 00:00:00+09:00,510.3981068152508,514.2720962407935,505.55562003332244,507.49261474609375,31800,0.0,0.0
2020-10-16 00:00:00+09:00,510.39810327383185,511.36660062349756,503.6186218261719,503.6186218261719,29000,0.0,0.0
2020-10-19 00:00:00+09:00,507.492621629758,517.1775953249823,504.58712952119066,515.2406005859375,45400,0.0,0.0
2020-10-20 00:00:00+09:00,515.240615990604,515.240615990604,506.5241394042969,506.5241394042969,50700,0.0,0.0
2020-10-21 00:00:00+09:00,507.49261179643935,522.9885694085443,507.49261179643935,521.0515747070312,54700,0.0,0.0
2020-10-22 00:00:00+09:00,519.1145779285756,519.1145779285756,508.4611071128773,510.3981018066406,40100,0.0,0.0
2020-10-23 00:00:00+09:00,510.39814076279146,517.1776227084073,507.4926485003847,511.36663818359375,29200,0.0,0.0
2020-10-26 00:00:00+09:00,505.55566198568937,515.2406363532314,505.55566198568937,512.3351440429688,22900,0.0,0.0
2020-10-27 00:00:00+09:00,513.3035988844078,513.3035988844078,503.6186253205511,507.49261474609375,41600,0.0,0.0
2020-10-28 00:00:00+09:00,503.61864049226335,504.5871378778254,490.0596770943947,498.7761535644531,62400,0.0,0.0
2020-10-29 00:00:00+09:00,492.96516925108085,500.7131483355772,490.0596770943947,498.7761535644531,34700,0.0,0.0
2020-10-30 00:00:00+09:00,495.8706373762376,496.83913471486306,485.2171666513575,489.0911560058594,64900,0.0,0.0
2020-11-02 00:00:00+09:00,496.83914037851184,505.5556165255033,496.83914037851184,503.6186218261719,57600,0.0,0.0
2020-11-04 00:00:00+09:00,512.335135604396,513.3036330251982,503.61865881717563,511.36663818359375,62300,0.0,0.0
2020-11-05 00:00:00+09:00,511.3666362441589,518.1461181640625,497.80767240435165,518.1461181640625,78000,0.0,0.0
2020-11-06 00:00:00+09:00,520.0830759030963,527.8310546875,512.3350971186927,527.8310546875,112200,0.0,0.0
2020-11-09 00:00:00+09:00,527.8310435305359,544.2954980993783,525.894048875378,540.4215087890625,148400,0.0,0.0
2020-11-10 00:00:00+09:00,547.2010057775642,561.728466107942,540.4215242900545,549.1380004882812,168500,0.0,0.0
2020-11-11 00:00:00+09:00,553.0119899097153,557.854476686508,535.5790375132619,549.1380004882812,135100,0.0,0.0
2020-11-12 00:00:00+09:00,550.1065239495553,550.1065239495553,505.5556434888518,517.1776123046875,287100,0.0,0.0
2020-11-13 00:00:00+09:00,516.2091206035651,516.2091206035651,496.83917236328125,496.83917236328125,155800,0.0,0.0
2020-11-16 00:00:00+09:00,506.524113875169,508.46110857450043,493.9336483295147,503.6186218261719,133200,0.0,0.0
2020-11-17 00:00:00+09:00,498.7761467025125,500.7131414469883,486.18568086342,491.0281677246094,161900,0.0,0.0
2020-11-18 00:00:00+09:00,486.1856909959378,491.0281779580488,484.24869621109343,485.2171936035156,151000,0.0,0.0
2020-11-19 00:00:00+09:00,485.2172072416317,488.1226995005636,482.31171498269975,483.28021240234375,149500,0.0,0.0
2020-11-20 00:00:00+09:00,482.31169299316406,489.09117462158207,479.40620086669924,484.2486877441406,120600,0.0,0.0
2020-11-24 00:00:00+09:00,482.3116998166454,484.2486945950255,465.84724420041454,474.563720703125,371300,0.0,0.0
2020-11-25 00:00:00+09:00,473.5952113829937,480.3746929365335,469.7212219238281,469.7212219238281,254400,0.0,0.0
2020-11-26 00:00:00+09:00,469.7212269889863,475.53221124039646,465.84723748804623,466.81573486328125,189300,0.0,0.0
2020-11-27 00:00:00+09:00,467.7842491717378,471.65823881291163,464.87875694085744,468.75274658203125,240800,0.0,0.0
2020-11-30 00:00:00+09:00,464.8787661436028,464.8787661436028,442.6033252658885,452.2882995605469,1047700,0.0,0.0
2020-12-01 00:00:00+09:00,454.22528222401934,470.68973808288575,444.5403081893921,464.8787536621094,310600,0.0,0.0
2020-12-02 00:00:00+09:00,463.9102409346595,464.8787383061306,453.2567698484773,456.1622619628906,194300,0.0,0.0
2020-12-03 00:00:00+09:00,455.1937878900159,471.6582440477399,453.2567930479307,465.8472595214844,265800,0.0,0.0
2020-12-04 00:00:00+09:00,464.8787536621094,468.75274327596026,459.067769241333,464.8787536621094,128700,0.0,0.0
2020-12-07 00:00:00+09:00,464.87875553316593,466.8157503478875,453.2567866448368,458.0992736816406,174300,0.0,0.0
2020-12-08 00:00:00+09:00,455.1937833466755,457.1307781694273,447.44580405566825,451.3197937011719,203600,0.0,0.0
2020-12-09 00:00:00+09:00,450.3512844656657,452.288279237561,445.50879753592733,446.477294921875,143800,0.0,0.0
2020-12-10 00:00:00+09:00,447.44579060872394,453.25677490234375,445.508795844184,453.25677490234375,173600,0.0,0.0
2020-12-11 00:00:00+09:00,449.3827853732639,455.19376966688367,447.44579060872394,453.25677490234375,131800,0.0,0.0
2020-12-14 00:00:00+09:00,453.2567667223743,470.6897192886195,451.3197719927915,469.7212219238281,219100,0.0,0.0
2020-12-15 00:00:00+09:00,470.68970932348685,480.37468276635695,467.7842172906258,475.5321960449219,205900,0.0,0.0
2020-12-16 00:00:00+09:00,477.4692330514231,482.31172020204605,472.62674590080013,480.3747253417969,211600,0.0,0.0
2020-12-17 00:00:00+09:00,483.28018534302004,491.028164266355,481.3431906121863,487.1541748046875,293600,0.0,0.0
2020-12-18 00:00:00+09:00,493.9336649576823,496.8391571044922,484.24869113498266,488.1226806640625,230700,0.0,0.0
2020-12-21 00:00:00+09:00,492.96516757541235,497.80765448676215,487.15418328179254,488.1226806640625,173600,0.0,0.0
2020-12-22 00:00:00+09:00,488.1226875830276,489.0911849790257,476.50071883105073,478.4377136230469,190700,0.0,0.0
2020-12-23 00:00:00+09:00,486.18570137409245,486.18570137409245,476.50072724313446,479.4062194824219,124200,0.0,0.0
2020-12-24 00:00:00+09:00,479.40620086669924,488.12267724609376,479.40620086669924,484.2486877441406,128500,0.0,0.0
2020-12-25 00:00:00+09:00,486.18567743927065,490.05966690093817,481.3431906121863,487.1541748046875,145800,0.0,0.0
2020-12-28 00:00:00+09:00,489.0911560058594,497.80763205348853,485.2171666513575,489.0911560058594,277300,0.0,0.0
2020-12-29 00:00:00+09:00,493.9336801272387,497.80766977529544,489.0911930671677,496.83917236328125,158700,0.0,0.0
2020-12-30 00:00:00+09:00,497.8076527813876,499.74464753929186,491.0281711287228,494.90216064453125,105000,0.0,0.0
2021-01-04 00:00:00+09:00,501.6816508769989,501.6816508769989,488.1226873397827,495.87066650390625,147600,0.0,0.0
2021-01-05 00:00:00+09:00,497.80763205348853,497.80763205348853,487.15416132860844,489.0911560058594,95400,0.0,0.0
2021-01-06 00:00:00+09:00,491.0281728108724,495.87065972222223,486.1856858995226,488.1226806640625,107600,0.0,0.0
2021-01-07 00:00:00+09:00,491.9966769218445,497.80766129493713,489.09118473529816,495.87066650390625,154300,0.0,0.0
2021-01-08 00:00:00+09:00,491.9966784271182,507.49263680277545,490.05968363016103,506.5241394042969,225700,0.0,0.0
2021-01-12 00:00:00+09:00,512.3351204050758,512.3351204050758,499.74465430816474,502.650146484375,184800,0.0,0.0
2021-01-13 00:00:00+09:00,500.7131568258123,503.6186490317648,497.8076646198598,499.7446594238281,65400,0.0,0.0
2021-01-14 00:00:00+09:00,499.74464587355214,505.55563012789577,496.8391537463803,501.681640625,113600,0.0,0.0
2021-01-15 00:00:00+09:00,501.6816508769989,502.65014827251434,494.9021691083908,495.87066650390625,75200,0.0,0.0
2021-01-18 00:00:00+09:00,491.9966480217357,497.80763205348853,488.1226586672339,489.0911560058594,88900,0.0,0.0
2021-01-19 00:00:00+09:00,491.02817447995676,501.68164572113926,491.02817447995676,498.7761535644531,108600,0.0,0.0
2021-01-20 00:00:00+09:00,495.87064302884613,505.5556165255033,495.87064302884613,503.6186218261719,132800,0.0,0.0
2021-01-21 00:00:00+09:00,504.58709716796875,510.3980810125135,499.7446106308482,504.58709716796875,134700,0.0,0.0
2021-01-22 00:00:00+09:00,501.6816371813822,503.61863191953427,497.8076477050781,497.8076477050781,108500,0.0,0.0
2021-01-25 00:00:00+09:00,497.80763772817755,505.5556165255033,497.80763772817755,503.6186218261719,60900,0.0,0.0
2021-01-26 00:00:00+09:00,506.52411738970807,507.49261474609375,502.6501279641654,507.49261474609375,74100,0.0,0.0
2021-01-27 00:00:00+09:00,507.4926485003847,512.335135604396,504.5871562379779,511.36663818359375,111600,0.0,0.0
2021-01-28 00:00:00+09:00,504.5871242028832,505.5556215621978,499.74463740631046,500.713134765625,341600,0.0,0.0
2021-01-29 00:00:00+09:00,499.74463182426547,500.7131291727621,486.1856689453125,486.1856689453125,157900,0.0,0.0
2021-02-01 00:00:00+09:00,487.1541866392601,493.9336683618741,481.34320230559103,491.9966735839844,109000,0.0,0.0
2021-02-02 00:00:00+09:00,491.9966897675485,514.2721304460006,491.02819234674627,511.36663818359375,199600,0.0,0.0
2021-02-03 00:00:00+09:00,518.1461328618667,547.2010561999152,518.1461328618667,526.8626098632812,384400,0.0,0.0
2021-02-04 00:00:00+09:00,531.7051033351732,539.4530829830446,529.7681084232054,534.610595703125,123100,0.0,0.0
2021-02-05 00:00:00+09:00,539.453065962358,541.3900608132102,531.7050865589489,532.673583984375,140700,0.0,0.0
2021-02-08 00:00:00+09:00,533.6420710721462,540.4215529187977,533.6420710721462,538.4845581054688,110800,0.0,0.0
2021-02-09 00:00:00+09:00,540.4215782315658,542.3585731356217,532.6735986153427,541.3900756835938,98700,0.0,0.0
2021-02-10 00:00:00+09:00,540.4215409692855,553.9805043627802,534.6105566577878,551.0750122070312,202100,0.0,0.0
2021-02-12 00:00:00+09:00,556.8860079791095,575.2874586775496,553.0120183583853,573.3504638671875,307300,0.0,0.0
2021-02-15 00:00:00+09:00,575.2874556692024,577.2244504694353,552.0435180664062,552.0435180664062,172900,0.0,0.0
2021-02-16 00:00:00+09:00,552.0434925543568,552.0434925543568,539.453026934696,549.1380004882812,156100,0.0,0.0
2021-02-17 00:00:00+09:00,553.9805297851562,557.8545195039335,550.1065400663789,553.9805297851562,72100,0.0,0.0
2021-02-18 00:00:00+09:00,560.7599703107561,560.7599703107561,541.3900231497629,542.3585205078125,190000,0.0,0.0
2021-02-19 00:00:00+09:00,537.5160988608559,540.4215912871308,518.1461493523566,528.7996215820312,150700,0.0,0.0
2021-02-22 00:00:00+09:00,538.4845141339046,548.1694874096942,538.4845141339046,540.4215087890625,91200,0.0,0.0
2021-02-24 00:00:00+09:00,545.2640505149147,550.1065376420455,531.7050865589489,532.673583984375,84300,0.0,0.0
2021-02-25 00:00:00+09:00,546.2325184867981,546.2325184867981,537.5160421279662,543.3270263671875,71500,0.0,0.0
2021-02-26 00:00:00+09:00,535.5790782949542,535.5790782949542,525.8941040039062,525.8941040039062,156100,0.0,0.0
2021-03-01 00:00:00+09:00,529.7680381856939,540.4215087890625,528.7995408581149,540.4215087890625,102600,0.0,0.0
2021-03-02 00:00:00+09:00,548.1694775304051,548.1694775304051,533.6420178785391,546.2324829101562,128200,0.0,0.0
2021-03-03 00:00:00+09:00,547.2010126528533,557.8544836956521,541.3900284476902,556.885986328125,166300,0.0,0.0
2021-03-04 00:00:00+09:00,556.8859594473568,563.6654406928028,553.9804674850227,560.7599487304688,126300,0.0,0.0
2021-03-05 00:00:00+09:00,560.7600161082903,568.5079956054688,548.1695494253753,568.5079956054688,146100,0.0,0.0
2021-03-08 00:00:00+09:00,575.2874145507812,580.1299012052491,568.5079332345263,575.2874145507812,129400,0.0,0.0
2021-03-09 00:00:00+09:00,581.0984459296112,594.6574096679688,578.1929536999631,594.6574096679688,253800,0.0,0.0
2021-03-10 00:00:00+09:00,589.814916025294,591.7519108234065,575.2874550394492,586.909423828125,153100,0.0,0.0
2021-03-11 00:00:00+09:00,587.8779230643195,587.8779230643195,578.1929490434904,580.1299438476562,122200,0.0,0.0
2021-03-12 00:00:00+09:00,580.129925254165,585.9409094804171,572.3819462858289,584.972412109375,155800,0.0,0.0
2021-03-15 00:00:00+09:00,587.8779010464073,610.1533404600273,585.9409063147881,598.5313720703125,306000,0.0,0.0
2021-03-16 00:00:00+09:00,595.6259323441615,599.499922148026,587.8779527364326,597.5629272460938,118300,0.0,0.0
2021-03-17 00:00:00+09:00,591.751942540297,597.5629272460938,589.8149476383649,597.5629272460938,116000,0.0,0.0
2021-03-18 00:00:00+09:00,594.6573994298135,600.4683837890625,590.7834098569808,600.4683837890625,155800,0.0,0.0
2021-03-19 00:00:00+09:00,596.5943942162298,603.373875968687,590.7834098569808,600.4683837890625,451200,0.0,0.0
2021-03-22 00:00:00+09:00,605.3108155258059,621.7752697081078,601.4368263064407,614.9957885742188,307500,0.0,0.0
2021-03-23 00:00:00+09:00,617.9013628768308,619.8383577447833,603.3739013671875,603.3739013671875,177000,0.0,0.0
2021-03-24 00:00:00+09:00,600.4683805229672,600.4683805229672,573.3504536606396,579.1614379882812,284400,0.0,0.0
2021-03-25 00:00:00+09:00,585.9409282601537,591.7519126726511,578.1929490434904,580.1299438476562,178100,0.0,0.0
2021-03-26 00:00:00+09:00,588.8464460911545,588.8464460911545,579.1614716488658,583.0354614257812,240100,0.0,0.0
2021-03-29 00:00:00+09:00,592.720380939421,596.5943703573258,582.0669100401831,590.7833862304688,259600,0.0,0.0
2021-03-30 00:00:00+09:00,588.814093317751,603.5836775982966,581.9216206534965,600.6297607421875,182500,10.0,0.0
2021-03-31 00:00:00+09:00,595.7065748357448,596.6912138024155,578.9677124023438,578.9677124023438,182200,0.0,0.0
2021-04-01 00:00:00+09:00,587.8295007113752,587.8295007113752,569.1213591476966,571.0906372070312,102200,0.0,0.0
2021-04-02 00:00:00+09:00,578.9677293157002,578.9677293157002,570.1059783567865,572.0752563476562,61200,0.0,0.0
2021-04-05 00:00:00+09:00,576.9984375411011,588.8141052040588,574.0445206253617,584.8755493164062,82600,0.0,0.0
2021-04-06 00:00:00+09:00,586.8448671907992,586.8448671907992,573.0599206460489,582.9063110351562,136000,0.0,0.0
2021-04-07 00:00:00+09:00,581.9216564089753,592.752685546875,580.9370173964389,592.752685546875,83900,0.0,0.0
2021-04-08 00:00:00+09:00,585.8602052652856,586.8448442657315,575.0291762603812,577.9830932617188,139900,0.0,0.0
2021-04-09 00:00:00+09:00,580.9369871788418,582.906265101482,573.0598754882812,573.0598754882812,91100,0.0,0.0
2021-04-12 00:00:00+09:00,577.9830932617188,580.9370102630563,576.0138152608271,577.9830932617188,63700,0.0,0.0
2021-04-13 00:00:00+09:00,580.9370131597149,590.7834032132694,579.9523741543595,583.8909301757812,83200,0.0,0.0
2021-04-14 00:00:00+09:00,583.890907235697,584.8755462023677,575.0291565356612,578.9677124023438,55300,0.0,0.0
2021-04-15 00:00:00+09:00,580.9370131597149,586.8448471918476,578.967735149004,583.8909301757812,36400,0.0,0.0
2021-04-16 00:00:00+09:00,582.9062911704258,587.8294861972031,576.9984571382931,583.8909301757812,58100,0.0,0.0
2021-04-19 00:00:00+09:00,590.7833862304688,592.7526641845703,587.8294692993164,590.7833862304688,88600,0.0,0.0
2021-04-20 00:00:00+09:00,585.8601851690383,587.8294631023796,578.9677124023438,578.9677124023438,103600,0.0,0.0
2021-04-21 00:00:00+09:00,572.0752518660539,573.0598908537752,562.2288619888412,563.2135009765625,134200,0.0,0.0
2021-04-22 00:00:00+09:00,570.1059738906114,573.0598908537752,562.2288619888412,563.2135009765625,72900,0.0,0.0
2021-04-23 00:00:00+09:00,563.2134964233181,566.1674133626013,554.3517456054688,554.3517456054688,76700,0.0,0.0
2021-04-26 00:00:00+09:00,556.3210220336914,560.2595779418946,551.3978271484375,551.3978271484375,76800,0.0,0.0
2021-04-27 00:00:00+09:00,551.397845590715,553.3671236106817,545.4900115308144,547.4592895507812,57300,0.0,0.0
2021-04-28 00:00:00+09:00,550.4131896864246,554.3517456054688,545.4899947876194,554.3517456054688,108900,0.0,0.0
2021-04-30 00:00:00+09:00,552.3824645886516,556.3210204858968,546.4746307427836,548.4439086914062,91700,0.0,0.0
2021-05-06 00:00:00+09:00,552.3824511076275,565.1827574612802,550.4131732070656,561.2442016601562,110200,0.0,0.0
2021-05-07 00:00:00+09:00,567.1520837777304,578.9677521897664,563.213527640385,576.9984741210938,113100,0.0,0.0
2021-05-10 00:00:00+09:00,585.8602267979361,585.8602267979361,576.0138364315842,579.952392578125,71900,0.0,0.0
2021-05-11 00:00:00+09:00,575.0291703464674,578.9677263077446,564.1981414529552,566.1674194335938,74200,0.0,0.0
2021-05-12 00:00:00+09:00,562.2288589747129,563.2134979571555,550.413191185402,557.3056640625,87900,0.0,0.0
2021-05-13 00:00:00+09:00,553.3671066257077,569.1213303018844,553.3671066257077,554.3517456054688,75900,0.0,0.0
2021-05-14 00:00:00+09:00,564.1981338500976,571.0906066894531,551.3978271484375,551.3978271484375,323100,0.0,0.0
2021-05-17 00:00:00+09:00,571.0906316193057,571.0906316193057,559.2749633789062,559.2749633789062,192000,0.0,0.0
2021-05-18 00:00:00+09:00,571.0906231061605,584.8755691811367,569.1213450954496,583.8909301757812,145200,0.0,0.0
2021-05-19 00:00:00+09:00,575.0291549813035,585.8601835854033,575.0291549813035,576.0137939453125,115100,0.0,0.0
2021-05-20 00:00:00+09:00,579.952392578125,587.8295048712065,577.9831145048546,579.952392578125,119000,0.0,0.0
2021-05-21 00:00:00+09:00,580.9369903356851,584.8755462023677,576.9984344690024,578.9677124023438,73100,0.0,0.0
2021-05-24 00:00:00+09:00,579.9523348255318,586.8448073956145,577.9830569483653,585.8601684570312,110700,0.0,0.0
2021-05-25 00:00:00+09:00,585.8601819854422,585.8601819854422,570.105958604321,573.0598754882812,109100,0.0,0.0
2021-05-26 00:00:00+09:00,569.1213164859348,571.0905943976508,564.1981217066447,567.1520385742188,74700,0.0,0.0
2021-05-27 00:00:00+09:00,571.0906128783326,575.0291688292176,563.2135009765625,563.2135009765625,101800,0.0,0.0
2021-05-28 00:00:00+09:00,571.0906202585977,577.9830932617188,569.121342257706,577.9830932617188,88100,0.0,0.0
2021-05-31 00:00:00+09:00,576.0138295668758,576.0138295668758,563.2135222431674,565.1828002929688,103300,0.0,0.0
2021-06-01 00:00:00+09:00,569.1213242584073,582.9062698286801,569.1213242584073,581.921630859375,102900,0.0,0.0
2021-06-02 00:00:00+09:00,580.9370159983437,593.7373231305105,576.9984599576769,589.7987670898438,195700,0.0,0.0
2021-06-03 00:00:00+09:00,588.814085272781,590.7833631499475,582.9062516412815,585.8601684570312,83500,0.0,0.0
2021-06-04 00:00:00+09:00,585.8602166058779,604.5683579764858,585.8602166058779,601.6144409179688,180800,0.0,0.0
2021-06-07 00:00:00+09:00,605.5529586990158,610.4761534851867,601.6144028700792,606.53759765625,151700,0.0,0.0
2021-06-08 00:00:00+09:00,605.552985781715,621.3072098020524,601.6144297766307,620.3225708007812,173500,0.0,0.0
2021-06-09 00:00:00+09:00,616.3840118799454,626.2304018460787,614.4147338867188,614.4147338867188,155300,0.0,0.0
2021-06-10 00:00:00+09:00,614.4147396447523,627.2150467206848,611.4608226272295,626.2304077148438,131000,0.0,0.0
2021-06-11 00:00:00+09:00,623.2764615504152,623.2764615504152,609.4915161132812,609.4915161132812,146300,0.0,0.0
2021-06-14 00:00:00+09:00,615.3993955287721,623.2765077915404,615.3993955287721,619.3379516601562,93100,0.0,0.0
2021-06-15 00:00:00+09:00,619.3379135372511,627.2150253151493,616.3839966205393,624.2611083984375,106900,0.0,0.0
2021-06-16 00:00:00+09:00,624.2611468243864,628.1997029557706,617.3686735944642,619.3379516601562,95300,0.0,0.0
2021-06-17 00:00:00+09:00,618.3533112644768,621.3072283565045,616.384033203125,616.384033203125,68800,0.0,0.0
2021-06-18 00:00:00+09:00,618.3533028050473,618.3533028050473,598.6605224609375,598.6605224609375,175700,0.0,0.0
2021-06-21 00:00:00+09:00,590.7834046639052,593.7373216872247,583.890931609493,586.8448486328125,137100,0.0,0.0
2021-06-22 00:00:00+09:00,606.5376388079923,610.4761949041481,600.6298046637586,607.5222778320312,132500,0.0,0.0
2021-06-23 00:00:00+09:00,609.4915530740142,609.4915530740142,599.6451628789573,601.6144409179688,55400,0.0,0.0
2021-06-24 00:00:00+09:00,601.614398082752,603.5836759815498,595.7065643863584,597.6758422851562,62500,0.0,0.0
2021-06-25 00:00:00+09:00,598.6604859983767,607.5222366134842,597.6758470411424,606.53759765625,63400,0.0,0.0
2021-06-28 00:00:00+09:00,609.4915359645214,611.4608139482517,603.5837020133306,608.5068969726562,44400,0.0,0.0
2021-06-29 00:00:00+09:00,604.5683350012247,604.5683350012247,591.7680282340978,596.6912231445312,100900,0.0,0.0
2021-06-30 00:00:00+09:00,597.6758373860132,601.6143931513247,586.8448090314067,588.8140869140625,101600,0.0,0.0
2021-07-01 00:00:00+09:00,589.798768509266,592.752685546875,583.890934434048,592.752685546875,65600,0.0,0.0
2021-07-02 00:00:00+09:00,595.7065643863584,599.6451201839542,591.7680085887627,597.6758422851562,59100,0.0,0.0
2021-07-05 00:00:00+09:00,598.6604995854063,599.6451385649875,593.7373046875,593.7373046875,38200,0.0,0.0
2021-07-06 00:00:00+09:00,593.7372832591839,596.6912000913192,591.7680053710938,591.7680053710938,40700,0.0,0.0
2021-07-07 00:00:00+09:00,585.8601882883194,592.7526610917114,579.9523544568406,584.8755493164062,72800,0.0,0.0
2021-07-08 00:00:00+09:00,582.9063083271118,587.8295034987934,576.9984741210938,576.9984741210938,87900,0.0,0.0
2021-07-09 00:00:00+09:00,571.0906006689785,581.9216293023558,566.1674058356252,578.9677124023438,134700,0.0,0.0
2021-07-12 00:00:00+09:00,586.8448287989426,593.7373016204067,584.8755508499529,587.8294677734375,97000,0.0,0.0
2021-07-13 00:00:00+09:00,593.7372896527388,604.5683181538667,592.7526506980909,603.5836791992188,88500,0.0,0.0
2021-07-14 00:00:00+09:00,597.675883443732,606.5376345985815,595.706605409321,598.6605224609375,40600,0.0,0.0
2021-07-15 00:00:00+09:00,596.6912216262438,598.6604995854063,592.7526657079187,593.7373046875,59100,0.0,0.0
2021-07-16 00:00:00+09:00,593.7372848813897,599.6451185618015,591.7680069879191,594.721923828125,57400,0.0,0.0
2021-07-19 00:00:00+09:00,594.7219436670813,597.675860605825,588.8141097895937,593.7373046875,138800,0.0,0.0
2021-07-20 00:00:00+09:00,585.8601867365958,587.8294646752062,581.921630859375,581.921630859375,84700,0.0,0.0
2021-07-21 00:00:00+09:00,585.8602067333156,593.7373187566208,580.93701171875,580.93701171875,74700,0.0,0.0
2021-07-26 00:00:00+09:00,597.6758636324276,599.6451416015625,593.737307694158,599.6451416015625,74900,0.0,0.0
2021-07-27 00:00:00+09:00,601.614398082752,603.5836759815498,596.6912033357573,597.6758422851562,69000,0.0,0.0
2021-07-28 00:00:00+09:00,597.6758820336712,602.5990771080836,593.7373259741412,595.7066040039062,74900,0.0,0.0
2021-07-29 00:00:00+09:00,602.5990771080836,602.5990771080836,592.7526869592588,595.7066040039062,52400,0.0,0.0
2021-07-30 00:00:00+09:00,595.7065826466625,597.675860605825,589.798748769175,593.7373046875,48100,0.0,0.0
2021-08-02 00:00:00+09:00,600.62980737579,613.4301147460938,599.6451683473051,613.4301147460938,107800,0.0,0.0
2021-08-03 00:00:00+09:00,614.4147093141233,614.4147093141233,605.5529586990158,606.53759765625,54300,0.0,0.0
2021-08-04 00:00:00+09:00,610.4761949041481,614.4147510003039,606.5376388079923,607.5222778320312,75800,0.0,0.0
2021-08-05 00:00:00+09:00,605.5529927098474,625.2457729605742,584.8755734465843,592.752685546875,275600,0.0,0.0
2021-08-06 00:00:00+09:00,589.7987441759719,595.7065780074508,579.9523544568406,584.8755493164062,123400,0.0,0.0
2021-08-10 00:00:00+09:00,591.7680020885307,598.6604746586135,585.8601684570312,585.8601684570312,66600,0.0,0.0
2021-08-11 00:00:00+09:00,593.7372848813897,596.6912017215956,589.7987290944485,594.721923828125,60100,0.0,0.0
2021-08-12 00:00:00+09:00,600.629779072878,600.629779072878,593.7373061982712,596.6912231445312,94100,0.0,0.0
2021-08-13 00:00:00+09:00,594.721922203229,594.721922203229,590.7833664270487,591.7680053710938,29700,0.0,0.0
2021-08-16 00:00:00+09:00,591.7680623853529,591.7680623853529,580.9370329573347,582.9063110351562,89500,0.0,0.0
2021-08-17 00:00:00+09:00,587.8294631023796,588.8141020690503,578.9677124023438,578.9677124023438,45200,0.0,0.0
2021-08-18 00:00:00+09:00,578.9677322621646,584.8755662648398,574.0445372599353,577.9830932617188,57200,0.0,0.0
2021-08-19 00:00:00+09:00,576.998428132799,579.9523450003729,567.1520385742188,567.1520385742188,95400,0.0,0.0
2021-08-20 00:00:00+09:00,567.1520492033214,569.121327151944,548.4439086914062,548.4439086914062,158300,0.0,0.0
2021-08-23 00:00:00+09:00,551.39785121864,566.1674365191392,551.39785121864,559.2749633789062,94000,0.0,0.0
2021-08-24 00:00:00+09:00,561.2442455589254,570.1059968045927,561.2442455589254,568.13671875,67700,0.0,0.0
2021-08-25 00:00:00+09:00,569.1213577772963,574.0445529137781,564.1981626408145,568.13671875,70800,0.0,0.0
2021-08-26 00:00:00+09:00,571.0906372070312,573.0599152663658,567.152081088362,571.0906372070312,46400,0.0,0.0
2021-08-27 00:00:00+09:00,567.1520628210617,576.0138138026408,567.1520628210617,575.0291748046875,85000,0.0,0.0
2021-08-30 00:00:00+09:00,579.9523544568406,585.8601882883194,579.9523544568406,584.8755493164062,75200,0.0,0.0
2021-08-31 00:00:00+09:00,580.9370102630563,581.9216492635022,576.9984542612729,577.9830932617188,48500,0.0,0.0
2021-09-01 00:00:00+09:00,583.8909301757812,587.8294861972031,581.9216521650703,583.8909301757812,52400,0.0,0.0
2021-09-02 00:00:00+09:00,584.8755477672906,584.8755477672906,577.9830749821541,581.921630859375,55000,0.0,0.0
2021-09-03 00:00:00+09:00,584.875529518448,589.7987242113643,578.9676958869485,585.8601684570312,98700,0.0,0.0
2021-09-06 00:00:00+09:00,590.7833680411837,595.7065627748603,585.8601733075072,594.721923828125,85100,0.0,0.0
2021-09-07 00:00:00+09:00,597.6758422851562,599.6451201839542,590.7833696393637,597.6758422851562,73000,0.0,0.0
2021-09-08 00:00:00+09:00,594.7219691571661,604.568359375,594.7219691571661,604.568359375,80200,0.0,0.0
2021-09-09 00:00:00+09:00,599.6451430975222,602.5990600585938,596.6912261364507,602.5990600585938,71500,0.0,0.0
2021-09-10 00:00:00+09:00,604.5683607599144,607.5222778320312,601.6144436877976,607.5222778320312,108500,0.0,0.0
2021-09-13 00:00:00+09:00,606.5376401839717,610.4761962890625,599.645167000063,610.4761962890625,77100,0.0,0.0
2021-09-14 00:00:00+09:00,614.4147171528328,624.2611068507949,611.4608002434442,621.3071899414062,173900,0.0,0.0
2021-09-15 00:00:00+09:00,616.3840318315484,618.3533098885183,605.5530025182145,613.4301147460938,100200,0.0,0.0
2021-09-16 00:00:00+09:00,621.3072297258483,621.3072297258483,611.460839397388,619.3379516601562,93800,0.0,0.0
2021-09-17 00:00:00+09:00,621.3071914817257,624.2611083984375,615.3993576483019,624.2611083984375,143500,0.0,0.0
2021-09-21 00:00:00+09:00,615.3993955287721,621.3072297258483,607.5222832660038,619.3379516601562,124600,0.0,0.0
2021-09-22 00:00:00+09:00,619.3379243680132,619.3379243680132,602.599061547256,605.552978515625,82800,0.0,0.0
2021-09-24 00:00:00+09:00,620.3225736797981,628.1996857265257,616.3840176564343,626.2304077148438,154200,0.0,0.0
2021-09-27 00:00:00+09:00,645.9231907734618,648.8771078044381,629.1843275979301,632.1382446289062,168200,0.0,0.0
2021-09-28 00:00:00+09:00,632.1382488479263,641.0,627.2150537634409,641.0,145200,0.0,0.0
2021-09-29 00:00:00+09:00,637.0,637.0,616.0,630.0,140900,10.0,0.0
2021-09-30 00:00:00+09:00,632.0,632.0,616.0,617.0,51000,0.0,0.0
2021-10-01 00:00:00+09:00,611.0,613.0,596.0,599.0,116400,0.0,0.0
2021-10-04 00:00:00+09:00,605.0,605.0,597.0,604.0,59900,0.0,0.0
2021-10-05 00:00:00+09:00,598.0,601.0,591.0,597.0,64000,0.0,0.0
2021-10-06 00:00:00+09:00,607.0,608.0,594.0,602.0,97000,0.0,0.0
2021-10-07 00:00:00+09:00,600.0,600.0,586.0,587.0,100100,0.0,0.0
2021-10-08 00:00:00+09:00,596.0,604.0,590.0,592.0,73600,0.0,0.0
2021-10-11 00:00:00+09:00,595.0,602.0,594.0,602.0,69300,0.0,0.0
2021-10-12 00:00:00+09:00,596.0,605.0,596.0,601.0,90400,0.0,0.0
2021-10-13 00:00:00+09:00,601.0,605.0,594.0,603.0,70700,0.0,0.0
2021-10-14 00:00:00+09:00,597.0,602.0,591.0,602.0,59600,0.0,0.0
2021-10-15 00:00:00+09:00,603.0,610.0,603.0,610.0,68700,0.0,0.0
2021-10-18 00:00:00+09:00,609.0,631.0,609.0,631.0,116300,0.0,0.0
2021-10-19 00:00:00+09:00,633.0,633.0,626.0,633.0,83900,0.0,0.0
2021-10-20 00:00:00+09:00,635.0,640.0,626.0,627.0,124300,0.0,0.0
2021-10-21 00:00:00+09:00,625.0,627.0,614.0,614.0,51400,0.0,0.0
2021-10-22 00:00:00+09:00,610.0,610.0,603.0,607.0,61600,0.0,0.0
2021-10-25 00:00:00+09:00,605.0,610.0,600.0,602.0,51800,0.0,0.0
2021-10-26 00:00:00+09:00,609.0,616.0,606.0,616.0,56300,0.0,0.0
2021-10-27 00:00:00+09:00,615.0,615.0,603.0,608.0,52000,0.0,0.0
2021-10-28 00:00:00+09:00,608.0,636.0,600.0,636.0,361100,0.0,0.0
2021-10-29 00:00:00+09:00,620.0,620.0,604.0,610.0,83100,0.0,0.0
2021-11-01 00:00:00+09:00,620.0,621.0,612.0,619.0,49000,0.0,0.0
2021-11-02 00:00:00+09:00,618.0,619.0,611.0,613.0,40500,0.0,0.0
2021-11-04 00:00:00+09:00,616.0,620.0,600.0,602.0,174400,0.0,0.0
2021-11-05 00:00:00+09:00,606.0,615.0,606.0,611.0,79700,0.0,0.0
2021-11-08 00:00:00+09:00,611.0,615.0,604.0,606.0,50500,0.0,0.0
2021-11-09 00:00:00+09:00,606.0,612.0,603.0,603.0,47700,0.0,0.0
2021-11-10 00:00:00+09:00,603.0,604.0,592.0,598.0,65000,0.0,0.0
2021-11-11 00:00:00+09:00,602.0,605.0,598.0,602.0,28000,0.0,0.0
2021-11-12 00:00:00+09:00,598.0,611.0,598.0,611.0,85500,0.0,0.0
2021-11-15 00:00:00+09:00,615.0,628.0,611.0,613.0,98500,0.0,0.0
2021-11-16 00:00:00+09:00,611.0,623.0,608.0,613.0,63100,0.0,0.0
2021-11-17 00:00:00+09:00,613.0,613.0,598.0,598.0,99700,0.0,0.0
2021-11-18 00:00:00+09:00,598.0,601.0,594.0,598.0,60800,0.0,0.0
2021-11-19 00:00:00+09:00,599.0,605.0,595.0,605.0,39700,0.0,0.0
2021-11-22 00:00:00+09:00,600.0,601.0,593.0,597.0,37600,0.0,0.0
2021-11-24 00:00:00+09:00,597.0,607.0,595.0,595.0,38900,0.0,0.0
2021-11-25 00:00:00+09:00,599.0,601.0,593.0,594.0,35100,0.0,0.0
2021-11-26 00:00:00+09:00,594.0,594.0,587.0,592.0,83400,0.0,0.0
2021-11-29 00:00:00+09:00,582.0,582.0,569.0,571.0,105300,0.0,0.0
2021-11-30 00:00:00+09:00,575.0,585.0,566.0,568.0,76800,0.0,0.0
2021-12-01 00:00:00+09:00,568.0,575.0,561.0,574.0,54800,0.0,0.0
2021-12-02 00:00:00+09:00,569.0,575.0,566.0,566.0,67000,0.0,0.0
2021-12-03 00:00:00+09:00,572.0,578.0,569.0,577.0,50500,0.0,0.0
2021-12-06 00:00:00+09:00,584.0,589.0,582.0,582.0,58800,0.0,0.0
2021-12-07 00:00:00+09:00,586.0,600.0,584.0,600.0,80900,0.0,0.0
2021-12-08 00:00:00+09:00,604.0,604.0,597.0,601.0,59300,0.0,0.0
2021-12-09 00:00:00+09:00,597.0,601.0,593.0,596.0,43200,0.0,0.0
2021-12-10 00:00:00+09:00,600.0,600.0,595.0,596.0,66000,0.0,0.0
2021-12-13 00:00:00+09:00,600.0,600.0,587.0,588.0,47400,0.0,0.0
2021-12-14 00:00:00+09:00,588.0,592.0,583.0,590.0,48000,0.0,0.0
2021-12-15 00:00:00+09:00,584.0,595.0,584.0,594.0,52100,0.0,0.0
2021-12-16 00:00:00+09:00,601.0,603.0,599.0,602.0,73400,0.0,0.0
2021-12-17 00:00:00+09:00,603.0,608.0,602.0,605.0,92300,0.0,0.0
2021-12-20 00:00:00+09:00,601.0,601.0,582.0,582.0,88100,0.0,0.0
2021-12-21 00:00:00+09:00,592.0,592.0,582.0,586.0,65800,0.0,0.0
2021-12-22 00:00:00+09:00,586.0,589.0,584.0,586.0,50200,0.0,0.0
2021-12-23 00:00:00+09:00,590.0,596.0,589.0,595.0,44200,0.0,0.0
2021-12-24 00:00:00+09:00,596.0,597.0,591.0,593.0,30300,0.0,0.0
2021-12-27 00:00:00+09:00,593.0,596.0,590.0,595.0,53600,0.0,0.0
2021-12-28 00:00:00+09:00,594.0,598.0,593.0,598.0,55900,0.0,0.0
2021-12-29 00:00:00+09:00,596.0,604.0,595.0,604.0,48300,0.0,0.0
2021-12-30 00:00:00+09:00,601.0,609.0,600.0,606.0,37000,0.0,0.0
2022-01-04 00:00:00+09:00,613.0,620.0,612.0,618.0,78500,0.0,0.0
2022-01-05 00:00:00+09:00,620.0,629.0,620.0,626.0,115600,0.0,0.0
2022-01-06 00:00:00+09:00,623.0,629.0,617.0,617.0,71200,0.0,0.0
2022-01-07 00:00:00+09:00,623.0,630.0,620.0,627.0,102000,0.0,0.0
2022-01-11 00:00:00+09:00,632.0,637.0,622.0,636.0,135900,0.0,0.0
2022-01-12 00:00:00+09:00,638.0,644.0,637.0,643.0,131900,0.0,0.0
2022-01-13 00:00:00+09:00,642.0,647.0,638.0,642.0,73800,0.0,0.0
2022-01-14 00:00:00+09:00,640.0,642.0,632.0,638.0,97500,0.0,0.0
2022-01-17 00:00:00+09:00,640.0,648.0,640.0,643.0,48000,0.0,0.0
2022-01-18 00:00:00+09:00,646.0,646.0,634.0,636.0,85800,0.0,0.0
2022-01-19 00:00:00+09:00,626.0,628.0,614.0,616.0,132600,0.0,0.0
2022-01-20 00:00:00+09:00,611.0,622.0,611.0,617.0,128200,0.0,0.0
2022-01-21 00:00:00+09:00,610.0,614.0,601.0,611.0,88100,0.0,0.0
2022-01-24 00:00:00+09:00,610.0,624.0,607.0,624.0,59500,0.0,0.0
2022-01-25 00:00:00+09:00,620.0,627.0,617.0,622.0,89700,0.0,0.0
2022-01-26 00:00:00+09:00,624.0,624.0,610.0,610.0,59200,0.0,0.0
2022-01-27 00:00:00+09:00,616.0,618.0,601.0,602.0,107600,0.0,0.0
2022-01-28 00:00:00+09:00,604.0,621.0,604.0,621.0,56200,0.0,0.0
2022-01-31 00:00:00+09:00,625.0,625.0,616.0,625.0,61200,0.0,0.0
2022-02-01 00:00:00+09:00,630.0,630.0,617.0,617.0,63200,0.0,0.0
2022-02-02 00:00:00+09:00,622.0,631.0,622.0,630.0,57300,0.0,0.0
2022-02-03 00:00:00+09:00,630.0,635.0,626.0,635.0,80800,0.0,0.0
2022-02-04 00:00:00+09:00,635.0,639.0,625.0,632.0,68500,0.0,0.0
2022-02-07 00:00:00+09:00,631.0,641.0,625.0,636.0,67700,0.0,0.0
2022-02-08 00:00:00+09:00,636.0,643.0,634.0,643.0,50700,0.0,0.0
2022-02-09 00:00:00+09:00,640.0,642.0,633.0,637.0,85900,0.0,0.0
2022-02-10 00:00:00+09:00,645.0,671.0,639.0,670.0,409600,0.0,0.0
2022-02-14 00:00:00+09:00,655.0,655.0,632.0,638.0,228900,0.0,0.0
2022-02-15 00:00:00+09:00,640.0,653.0,640.0,644.0,113000,0.0,0.0
2022-02-16 00:00:00+09:00,655.0,656.0,648.0,650.0,75300,0.0,0.0
2022-02-17 00:00:00+09:00,650.0,650.0,633.0,635.0,111600,0.0,0.0
2022-02-18 00:00:00+09:00,625.0,641.0,622.0,638.0,70200,0.0,0.0
2022-02-21 00:00:00+09:00,630.0,642.0,628.0,636.0,109100,0.0,0.0
2022-02-22 00:00:00+09:00,628.0,631.0,618.0,621.0,106800,0.0,0.0
2022-02-24 00:00:00+09:00,618.0,620.0,606.0,617.0,96300,0.0,0.0
2022-02-25 00:00:00+09:00,617.0,624.0,611.0,621.0,105300,0.0,0.0
2022-02-28 00:00:00+09:00,628.0,638.0,620.0,635.0,129300,0.0,0.0
2022-03-01 00:00:00+09:00,640.0,642.0,632.0,634.0,134000,0.0,0.0
2022-03-02 00:00:00+09:00,621.0,623.0,608.0,608.0,129500,0.0,0.0
2022-03-03 00:00:00+09:00,613.0,624.0,613.0,618.0,59500,0.0,0.0
2022-03-04 00:00:00+09:00,611.0,614.0,601.0,601.0,152500,0.0,0.0
2022-03-07 00:00:00+09:00,593.0,593.0,575.0,578.0,179800,0.0,0.0
2022-03-08 00:00:00+09:00,572.0,579.0,556.0,559.0,119300,0.0,0.0
2022-03-09 00:00:00+09:00,555.0,566.0,552.0,555.0,99600,0.0,0.0
2022-03-10 00:00:00+09:00,575.0,587.0,573.0,583.0,137800,0.0,0.0
2022-03-11 00:00:00+09:00,563.0,571.0,561.0,567.0,122600,0.0,0.0
2022-03-14 00:00:00+09:00,571.0,576.0,569.0,571.0,96300,0.0,0.0
2022-03-15 00:00:00+09:00,575.0,588.0,572.0,581.0,70400,0.0,0.0
2022-03-16 00:00:00+09:00,586.0,586.0,574.0,577.0,100600,0.0,0.0
2022-03-17 00:00:00+09:00,587.0,592.0,581.0,586.0,130400,0.0,0.0
2022-03-18 00:00:00+09:00,586.0,589.0,581.0,586.0,204200,0.0,0.0
2022-03-22 00:00:00+09:00,590.0,596.0,586.0,589.0,116700,0.0,0.0
2022-03-23 00:00:00+09:00,596.0,603.0,591.0,598.0,157100,0.0,0.0
2022-03-24 00:00:00+09:00,583.0,595.0,583.0,592.0,154800,0.0,0.0
2022-03-25 00:00:00+09:00,591.0,600.0,591.0,593.0,177500,0.0,0.0
2022-03-28 00:00:00+09:00,599.0,600.0,594.0,598.0,121800,0.0,0.0
2022-03-29 00:00:00+09:00,595.0,599.0,593.0,599.0,222200,0.0,0.0
2022-03-30 00:00:00+09:00,584.0,589.0,574.0,581.0,152300,0.0,0.0
2022-03-31 00:00:00+09:00,577.0,580.0,571.0,571.0,83200,0.0,0.0
2022-04-01 00:00:00+09:00,570.0,576.0,565.0,575.0,72600,0.0,0.0
2022-04-04 00:00:00+09:00,576.0,580.0,573.0,576.0,41400,0.0,0.0
2022-04-05 00:00:00+09:00,580.0,581.0,571.0,574.0,82100,0.0,0.0
2022-04-06 00:00:00+09:00,571.0,572.0,561.0,562.0,87900,0.0,0.0
2022-04-07 00:00:00+09:00,560.0,560.0,551.0,554.0,88800,0.0,0.0
2022-04-08 00:00:00+09:00,557.0,559.0,548.0,550.0,117700,0.0,0.0
2022-04-11 00:00:00+09:00,552.0,557.0,548.0,551.0,79400,0.0,0.0
2022-04-12 00:00:00+09:00,550.0,552.0,547.0,547.0,64700,0.0,0.0
2022-04-13 00:00:00+09:00,547.0,553.0,545.0,553.0,70800,0.0,0.0
2022-04-14 00:00:00+09:00,554.0,558.0,552.0,558.0,48400,0.0,0.0
2022-04-15 00:00:00+09:00,553.0,557.0,551.0,555.0,44000,0.0,0.0
2022-04-18 00:00:00+09:00,550.0,553.0,547.0,551.0,55600,0.0,0.0
2022-04-19 00:00:00+09:00,554.0,558.0,551.0,555.0,42700,0.0,0.0
2022-04-20 00:00:00+09:00,560.0,566.0,560.0,565.0,76700,0.0,0.0
2022-04-21 00:00:00+09:00,565.0,565.0,559.0,563.0,53500,0.0,0.0
2022-04-22 00:00:00+09:00,555.0,556.0,551.0,555.0,70100,0.0,0.0
2022-04-25 00:00:00+09:00,545.0,551.0,544.0,547.0,81900,0.0,0.0
2022-04-26 00:00:00+09:00,547.0,550.0,545.0,547.0,40800,0.0,0.0
2022-04-27 00:00:00+09:00,540.0,544.0,537.0,542.0,159300,0.0,0.0
2022-04-28 00:00:00+09:00,544.0,563.0,543.0,560.0,64600,0.0,0.0
2022-05-02 00:00:00+09:00,561.0,567.0,557.0,562.0,64200,0.0,0.0
2022-05-06 00:00:00+09:00,562.0,571.0,562.0,570.0,51900,0.0,0.0
2022-05-09 00:00:00+09:00,567.0,568.0,562.0,562.0,47200,0.0,0.0
2022-05-10 00:00:00+09:00,556.0,559.0,551.0,556.0,75300,0.0,0.0
2022-05-11 00:00:00+09:00,551.0,555.0,544.0,549.0,101700,0.0,0.0
2022-05-12 00:00:00+09:00,545.0,556.0,543.0,543.0,113400,0.0,0.0
2022-05-13 00:00:00+09:00,549.0,559.0,526.0,536.0,271300,0.0,0.0
2022-05-16 00:00:00+09:00,534.0,537.0,508.0,509.0,265000,0.0,0.0
2022-05-17 00:00:00+09:00,513.0,515.0,504.0,505.0,128700,0.0,0.0
2022-05-18 00:00:00+09:00,509.0,514.0,504.0,513.0,148600,0.0,0.0
2022-05-19 00:00:00+09:00,503.0,509.0,499.0,506.0,136400,0.0,0.0
2022-05-20 00:00:00+09:00,505.0,511.0,504.0,511.0,79300,0.0,0.0
2022-05-23 00:00:00+09:00,512.0,514.0,509.0,511.0,104700,0.0,0.0
2022-05-24 00:00:00+09:00,511.0,511.0,503.0,503.0,68400,0.0,0.0
2022-05-25 00:00:00+09:00,503.0,505.0,501.0,502.0,72500,0.0,0.0
2022-05-26 00:00:00+09:00,506.0,512.0,505.0,505.0,69500,0.0,0.0
2022-05-27 00:00:00+09:00,511.0,514.0,507.0,512.0,70000,0.0,0.0
2022-05-30 00:00:00+09:00,515.0,529.0,513.0,525.0,192600,0.0,0.0
2022-05-31 00:00:00+09:00,526.0,528.0,519.0,522.0,70900,0.0,0.0
2022-06-01 00:00:00+09:00,523.0,536.0,522.0,536.0,85700,0.0,0.0
2022-06-02 00:00:00+09:00,535.0,538.0,530.0,532.0,62100,0.0,0.0
2022-06-03 00:00:00+09:00,532.0,533.0,527.0,528.0,67500,0.0,0.0
2022-06-06 00:00:00+09:00,523.0,530.0,522.0,529.0,70400,0.0,0.0
2022-06-07 00:00:00+09:00,534.0,540.0,531.0,532.0,67400,0.0,0.0
2022-06-08 00:00:00+09:00,539.0,540.0,536.0,540.0,55400,0.0,0.0
2022-06-09 00:00:00+09:00,537.0,543.0,536.0,537.0,63400,0.0,0.0
2022-06-10 00:00:00+09:00,534.0,535.0,531.0,534.0,79300,0.0,0.0
2022-06-13 00:00:00+09:00,526.0,529.0,523.0,526.0,65400,0.0,0.0
2022-06-14 00:00:00+09:00,518.0,523.0,518.0,521.0,88800,0.0,0.0
2022-06-15 00:00:00+09:00,521.0,525.0,516.0,518.0,68700,0.0,0.0
2022-06-16 00:00:00+09:00,523.0,530.0,523.0,528.0,69400,0.0,0.0
2022-06-17 00:00:00+09:00,518.0,525.0,512.0,518.0,101400,0.0,0.0
2022-06-20 00:00:00+09:00,528.0,528.0,510.0,514.0,80000,0.0,0.0
2022-06-21 00:00:00+09:00,519.0,523.0,517.0,522.0,47000,0.0,0.0
2022-06-22 00:00:00+09:00,529.0,529.0,521.0,521.0,26100,0.0,0.0
2022-06-23 00:00:00+09:00,523.0,525.0,520.0,523.0,21400,0.0,0.0
2022-06-24 00:00:00+09:00,523.0,523.0,520.0,522.0,39400,0.0,0.0
2022-06-27 00:00:00+09:00,527.0,531.0,522.0,525.0,62300,0.0,0.0
2022-06-28 00:00:00+09:00,525.0,528.0,521.0,526.0,57000,0.0,0.0
2022-06-29 00:00:00+09:00,526.0,547.0,524.0,547.0,148600,0.0,0.0
2022-06-30 00:00:00+09:00,537.0,538.0,520.0,520.0,187200,0.0,0.0
2022-07-01 00:00:00+09:00,528.0,528.0,513.0,517.0,148300,0.0,0.0
2022-07-04 00:00:00+09:00,525.0,525.0,515.0,521.0,84600,0.0,0.0
2022-07-05 00:00:00+09:00,525.0,525.0,519.0,521.0,46600,0.0,0.0
2022-07-06 00:00:00+09:00,519.0,520.0,514.0,516.0,69000,0.0,0.0
2022-07-07 00:00:00+09:00,522.0,528.0,518.0,527.0,118600,0.0,0.0
2022-07-08 00:00:00+09:00,527.0,530.0,522.0,522.0,95800,0.0,0.0
2022-07-11 00:00:00+09:00,536.0,536.0,529.0,534.0,114100,0.0,0.0
2022-07-12 00:00:00+09:00,533.0,533.0,524.0,524.0,67700,0.0,0.0
2022-07-13 00:00:00+09:00,527.0,531.0,527.0,531.0,33900,0.0,0.0
2022-07-14 00:00:00+09:00,534.0,536.0,530.0,534.0,42400,0.0,0.0
2022-07-15 00:00:00+09:00,535.0,536.0,528.0,534.0,47300,0.0,0.0
2022-07-19 00:00:00+09:00,538.0,541.0,536.0,541.0,68000,0.0,0.0
2022-07-20 00:00:00+09:00,553.0,553.0,545.0,549.0,148900,0.0,0.0
2022-07-21 00:00:00+09:00,546.0,558.0,543.0,557.0,129300,0.0,0.0
2022-07-22 00:00:00+09:00,555.0,556.0,551.0,553.0,51800,0.0,0.0
2022-07-25 00:00:00+09:00,550.0,554.0,547.0,552.0,45000,0.0,0.0
2022-07-26 00:00:00+09:00,555.0,558.0,554.0,556.0,55600,0.0,0.0
2022-07-27 00:00:00+09:00,556.0,557.0,549.0,549.0,43800,0.0,0.0
2022-07-28 00:00:00+09:00,554.0,555.0,547.0,554.0,63300,0.0,0.0
2022-07-29 00:00:00+09:00,547.0,552.0,543.0,543.0,85100,0.0,0.0
2022-08-01 00:00:00+09:00,553.0,554.0,546.0,554.0,62000,0.0,0.0
2022-08-02 00:00:00+09:00,554.0,554.0,545.0,548.0,45100,0.0,0.0
2022-08-03 00:00:00+09:00,551.0,551.0,542.0,543.0,49500,0.0,0.0
2022-08-04 00:00:00+09:00,545.0,546.0,543.0,544.0,32600,0.0,0.0
2022-08-05 00:00:00+09:00,543.0,553.0,543.0,552.0,51200,0.0,0.0
2022-08-08 00:00:00+09:00,553.0,554.0,549.0,551.0,44100,0.0,0.0
2022-08-09 00:00:00+09:00,554.0,554.0,549.0,551.0,45100,0.0,0.0
2022-08-10 00:00:00+09:00,554.0,563.0,518.0,527.0,395900,0.0,0.0
2022-08-12 00:00:00+09:00,527.0,545.0,527.0,535.0,150200,0.0,0.0
2022-08-15 00:00:00+09:00,539.0,539.0,531.0,538.0,62800,0.0,0.0
2022-08-16 00:00:00+09:00,538.0,538.0,530.0,531.0,63800,0.0,0.0
2022-08-17 00:00:00+09:00,536.0,537.0,532.0,535.0,58400,0.0,0.0
2022-08-18 00:00:00+09:00,533.0,533.0,529.0,529.0,71900,0.0,0.0
2022-08-19 00:00:00+09:00,533.0,537.0,533.0,535.0,55000,0.0,0.0
2022-08-22 00:00:00+09:00,531.0,537.0,531.0,533.0,66700,0.0,0.0
2022-08-23 00:00:00+09:00,531.0,536.0,530.0,533.0,58900,0.0,0.0
2022-08-24 00:00:00+09:00,535.0,538.0,531.0,534.0,51100,0.0,0.0
2022-08-25 00:00:00+09:00,531.0,537.0,531.0,534.0,45300,0.0,0.0
2022-08-26 00:00:00+09:00,536.0,537.0,534.0,536.0,26300,0.0,0.0
2022-08-29 00:00:00+09:00,531.0,533.0,530.0,531.0,56500,0.0,0.0
2022-08-30 00:00:00+09:00,535.0,535.0,530.0,533.0,52300,0.0,0.0
2022-08-31 00:00:00+09:00,530.0,532.0,528.0,529.0,74600,0.0,0.0
2022-09-01 00:00:00+09:00,527.0,528.0,523.0,523.0,155100,0.0,0.0
2022-09-02 00:00:00+09:00,521.0,522.0,516.0,520.0,140000,0.0,0.0
2022-09-05 00:00:00+09:00,520.0,521.0,517.0,521.0,78800,0.0,0.0
2022-09-06 00:00:00+09:00,519.0,524.0,516.0,519.0,102300,0.0,0.0
2022-09-07 00:00:00+09:00,516.0,517.0,511.0,513.0,163200,0.0,0.0
2022-09-08 00:00:00+09:00,519.0,526.0,517.0,526.0,166400,0.0,0.0
2022-09-09 00:00:00+09:00,518.0,524.0,517.0,518.0,158500,0.0,0.0
2022-09-12 00:00:00+09:00,523.0,523.0,519.0,521.0,70600,0.0,0.0
2022-09-13 00:00:00+09:00,522.0,522.0,518.0,518.0,56200,0.0,0.0
2022-09-14 00:00:00+09:00,515.0,518.0,513.0,516.0,102600,0.0,0.0
2022-09-15 00:00:00+09:00,516.0,517.0,513.0,513.0,70500,0.0,0.0
2022-09-16 00:00:00+09:00,514.0,515.0,511.0,512.0,102500,0.0,0.0
2022-09-20 00:00:00+09:00,518.0,518.0,516.0,517.0,65600,0.0,0.0
2022-09-21 00:00:00+09:00,515.0,515.0,510.0,510.0,133800,0.0,0.0
2022-09-22 00:00:00+09:00,508.0,509.0,506.0,509.0,153300,0.0,0.0
2022-09-26 00:00:00+09:00,505.0,505.0,498.0,498.0,259200,0.0,0.0
2022-09-27 00:00:00+09:00,504.0,504.0,495.0,495.0,186900,0.0,0.0
2022-09-28 00:00:00+09:00,494.0,497.0,491.0,497.0,187800,0.0,0.0
2022-09-29 00:00:00+09:00,497.0,497.0,491.0,495.0,105600,0.0,0.0
2022-09-30 00:00:00+09:00,492.0,493.0,481.0,481.0,149100,0.0,0.0
2022-10-03 00:00:00+09:00,480.0,487.0,478.0,486.0,121200,0.0,0.0
2022-10-04 00:00:00+09:00,497.0,500.0,494.0,499.0,115200,0.0,0.0
2022-10-05 00:00:00+09:00,505.0,506.0,498.0,498.0,86000,0.0,0.0
2022-10-06 00:00:00+09:00,504.0,509.0,504.0,506.0,90700,0.0,0.0
2022-10-07 00:00:00+09:00,502.0,512.0,501.0,509.0,162000,0.0,0.0
2022-10-11 00:00:00+09:00,504.0,506.0,494.0,495.0,113200,0.0,0.0
2022-10-12 00:00:00+09:00,495.0,495.0,486.0,488.0,120100,0.0,0.0
2022-10-13 00:00:00+09:00,488.0,490.0,485.0,487.0,136000,0.0,0.0
2022-10-14 00:00:00+09:00,495.0,501.0,491.0,497.0,96500,0.0,0.0
2022-10-17 00:00:00+09:00,495.0,502.0,494.0,494.0,48800,0.0,0.0
2022-10-18 00:00:00+09:00,496.0,502.0,495.0,501.0,83900,0.0,0.0
2022-10-19 00:00:00+09:00,500.0,505.0,498.0,502.0,89700,0.0,0.0
2022-10-20 00:00:00+09:00,498.0,503.0,494.0,495.0,87400,0.0,0.0
2022-10-21 00:00:00+09:00,498.0,499.0,493.0,494.0,100300,0.0,0.0
2022-10-24 00:00:00+09:00,500.0,501.0,497.0,500.0,58200,0.0,0.0
2022-10-25 00:00:00+09:00,500.0,506.0,500.0,505.0,88200,0.0,0.0
2022-10-26 00:00:00+09:00,506.0,510.0,506.0,508.0,84000,0.0,0.0
2022-10-27 00:00:00+09:00,505.0,509.0,504.0,507.0,64600,0.0,0.0
2022-10-28 00:00:00+09:00,501.0,509.0,500.0,505.0,384200,0.0,0.0
2022-10-31 00:00:00+09:00,510.0,513.0,507.0,512.0,98300,0.0,0.0
2022-11-01 00:00:00+09:00,514.0,514.0,510.0,513.0,58700,0.0,0.0
2022-11-02 00:00:00+09:00,515.0,518.0,512.0,512.0,121400,0.0,0.0
2022-11-04 00:00:00+09:00,512.0,516.0,511.0,512.0,93000,0.0,0.0
2022-11-07 00:00:00+09:00,512.0,516.0,512.0,512.0,59600,0.0,0.0
2022-11-08 00:00:00+09:00,514.0,515.0,510.0,512.0,87200,0.0,0.0
2022-11-09 00:00:00+09:00,512.0,516.0,511.0,512.0,94400,0.0,0.0
2022-11-10 00:00:00+09:00,510.0,512.0,476.0,484.0,437800,0.0,0.0
2022-11-11 00:00:00+09:00,490.0,495.0,477.0,489.0,285700,0.0,0.0
2022-11-14 00:00:00+09:00,487.0,487.0,478.0,478.0,131300,0.0,0.0
2022-11-15 00:00:00+09:00,477.0,486.0,477.0,483.0,103200,0.0,0.0
2022-11-16 00:00:00+09:00,478.0,483.0,477.0,481.0,127100,0.0,0.0
2022-11-17 00:00:00+09:00,477.0,483.0,477.0,483.0,85700,0.0,0.0
2022-11-18 00:00:00+09:00,480.0,486.0,480.0,482.0,107900,0.0,0.0
2022-11-21 00:00:00+09:00,489.0,489.0,482.0,486.0,117100,0.0,0.0
2022-11-22 00:00:00+09:00,492.0,493.0,489.0,492.0,89600,0.0,0.0
2022-11-24 00:00:00+09:00,493.0,496.0,492.0,494.0,67300,0.0,0.0
2022-11-25 00:00:00+09:00,492.0,497.0,491.0,497.0,73900,0.0,0.0
2022-11-28 00:00:00+09:00,498.0,499.0,495.0,498.0,45800,0.0,0.0
2022-11-29 00:00:00+09:00,495.0,498.0,492.0,498.0,68800,0.0,0.0
2022-11-30 00:00:00+09:00,495.0,499.0,494.0,495.0,68400,0.0,0.0
2022-12-01 00:00:00+09:00,497.0,497.0,492.0,496.0,84300,0.0,0.0
2022-12-02 00:00:00+09:00,492.0,493.0,486.0,490.0,131100,0.0,0.0
2022-12-05 00:00:00+09:00,493.0,496.0,488.0,489.0,88900,0.0,0.0
2022-12-06 00:00:00+09:00,486.0,491.0,485.0,487.0,75500,0.0,0.0
2022-12-07 00:00:00+09:00,487.0,492.0,487.0,490.0,42500,0.0,0.0
2022-12-08 00:00:00+09:00,485.0,490.0,485.0,490.0,87100,0.0,0.0
2022-12-09 00:00:00+09:00,485.0,488.0,484.0,486.0,143600,0.0,0.0
2022-12-12 00:00:00+09:00,485.0,487.0,483.0,486.0,66000,0.0,0.0
2022-12-13 00:00:00+09:00,490.0,493.0,484.0,484.0,84900,0.0,0.0
2022-12-14 00:00:00+09:00,486.0,490.0,485.0,490.0,52900,0.0,0.0
2022-12-15 00:00:00+09:00,489.0,492.0,488.0,488.0,68300,0.0,0.0
2022-12-16 00:00:00+09:00,486.0,488.0,481.0,484.0,112400,0.0,0.0
2022-12-19 00:00:00+09:00,485.0,486.0,482.0,483.0,111600,0.0,0.0
2022-12-20 00:00:00+09:00,484.0,486.0,475.0,480.0,228000,0.0,0.0
2022-12-21 00:00:00+09:00,480.0,482.0,475.0,476.0,168600,0.0,0.0
2022-12-22 00:00:00+09:00,479.0,483.0,478.0,481.0,91900,0.0,0.0
2022-12-23 00:00:00+09:00,477.0,481.0,475.0,479.0,52000,0.0,0.0
2022-12-26 00:00:00+09:00,478.0,480.0,476.0,480.0,81500,0.0,0.0
2022-12-27 00:00:00+09:00,480.0,482.0,473.0,475.0,110500,0.0,0.0
2022-12-28 00:00:00+09:00,475.0,476.0,469.0,475.0,219100,0.0,0.0
2022-12-29 00:00:00+09:00,471.0,479.0,471.0,479.0,100200,0.0,0.0
2022-12-30 00:00:00+09:00,478.0,484.0,476.0,477.0,105000,0.0,0.0
2023-01-04 00:00:00+09:00,476.0,478.0,471.0,473.0,103200,0.0,0.0
2023-01-05 00:00:00+09:00,475.0,477.0,472.0,474.0,69500,0.0,0.0
2023-01-06 00:00:00+09:00,476.0,477.0,473.0,474.0,59400,0.0,0.0
2023-01-10 00:00:00+09:00,479.0,479.0,476.0,477.0,60800,0.0,0.0
2023-01-11 00:00:00+09:00,480.0,481.0,477.0,479.0,43900,0.0,0.0
2023-01-12 00:00:00+09:00,479.0,481.0,477.0,478.0,43200,0.0,0.0
2023-01-13 00:00:00+09:00,478.0,481.0,475.0,475.0,50400,0.0,0.0
2023-01-16 00:00:00+09:00,473.0,478.0,471.0,475.0,71700,0.0,0.0
2023-01-17 00:00:00+09:00,476.0,480.0,476.0,478.0,41700,0.0,0.0
2023-01-18 00:00:00+09:00,481.0,482.0,479.0,482.0,76100,0.0,0.0
2023-01-19 00:00:00+09:00,481.0,482.0,479.0,480.0,55700,0.0,0.0
2023-01-20 00:00:00+09:00,480.0,480.0,477.0,480.0,75300,0.0,0.0
2023-01-23 00:00:00+09:00,481.0,485.0,480.0,485.0,68800,0.0,0.0
2023-01-24 00:00:00+09:00,485.0,489.0,483.0,488.0,102300,0.0,0.0
2023-01-25 00:00:00+09:00,488.0,491.0,485.0,490.0,48200,0.0,0.0
2023-01-26 00:00:00+09:00,492.0,492.0,487.0,490.0,44600,0.0,0.0
2023-01-27 00:00:00+09:00,492.0,494.0,487.0,494.0,43700,0.0,0.0
2023-01-30 00:00:00+09:00,494.0,495.0,490.0,490.0,96500,0.0,0.0
2023-01-31 00:00:00+09:00,494.0,499.0,494.0,499.0,63100,0.0,0.0
2023-02-01 00:00:00+09:00,500.0,501.0,498.0,498.0,45700,0.0,0.0
2023-02-02 00:00:00+09:00,501.0,505.0,499.0,503.0,76800,0.0,0.0
2023-02-03 00:00:00+09:00,500.0,500.0,497.0,497.0,33100,0.0,0.0
2023-02-06 00:00:00+09:00,500.0,504.0,499.0,502.0,49400,0.0,0.0
2023-02-07 00:00:00+09:00,502.0,504.0,499.0,499.0,34600,0.0,0.0
2023-02-08 00:00:00+09:00,500.0,503.0,498.0,501.0,27500,0.0,0.0
2023-02-09 00:00:00+09:00,500.0,501.0,489.0,492.0,98200,0.0,0.0
2023-02-10 00:00:00+09:00,492.0,497.0,491.0,494.0,65100,0.0,0.0
2023-02-13 00:00:00+09:00,496.0,497.0,488.0,494.0,48300,0.0,0.0
2023-02-14 00:00:00+09:00,499.0,500.0,496.0,500.0,27900,0.0,0.0
2023-02-15 00:00:00+09:00,500.0,502.0,498.0,498.0,30000,0.0,0.0
2023-02-16 00:00:00+09:00,502.0,505.0,500.0,504.0,51700,0.0,0.0
2023-02-17 00:00:00+09:00,504.0,504.0,499.0,501.0,35200,0.0,0.0
2023-02-20 00:00:00+09:00,500.0,510.0,500.0,508.0,80600,0.0,0.0
2023-02-21 00:00:00+09:00,510.0,518.0,510.0,517.0,87200,0.0,0.0
2023-02-22 00:00:00+09:00,515.0,518.0,510.0,515.0,59800,0.0,0.0
2023-02-24 00:00:00+09:00,517.0,518.0,514.0,517.0,71800,0.0,0.0
2023-02-27 00:00:00+09:00,520.0,527.0,518.0,527.0,87600,0.0,0.0
2023-02-28 00:00:00+09:00,525.0,527.0,522.0,523.0,54500,0.0,0.0
2023-03-01 00:00:00+09:00,522.0,523.0,513.0,521.0,117400,0.0,0.0
2023-03-02 00:00:00+09:00,523.0,523.0,516.0,520.0,49800,0.0,0.0
2023-03-03 00:00:00+09:00,522.0,526.0,520.0,525.0,84600,0.0,0.0
2023-03-06 00:00:00+09:00,526.0,527.0,522.0,524.0,75300,0.0,0.0
2023-03-07 00:00:00+09:00,524.0,526.0,522.0,524.0,58700,0.0,0.0
2023-03-08 00:00:00+09:00,522.0,528.0,522.0,528.0,74700,0.0,0.0
2023-03-09 00:00:00+09:00,529.0,535.0,526.0,535.0,140100,0.0,0.0
2023-03-10 00:00:00+09:00,525.0,535.0,521.0,521.0,172900,0.0,0.0
2023-03-13 00:00:00+09:00,515.0,517.0,509.0,514.0,112000,0.0,0.0
2023-03-14 00:00:00+09:00,508.0,509.0,496.0,500.0,122000,0.0,0.0
2023-03-15 00:00:00+09:00,507.0,509.0,502.0,507.0,52800,0.0,0.0
2023-03-16 00:00:00+09:00,498.0,499.0,493.0,499.0,86100,0.0,0.0
2023-03-17 00:00:00+09:00,504.0,506.0,497.0,504.0,92900,0.0,0.0
2023-03-20 00:00:00+09:00,500.0,500.0,489.0,489.0,136400,0.0,0.0
2023-03-22 00:00:00+09:00,497.0,499.0,493.0,497.0,62700,0.0,0.0
2023-03-23 00:00:00+09:00,491.0,504.0,491.0,503.0,57500,0.0,0.0
2023-03-24 00:00:00+09:00,499.0,503.0,498.0,503.0,93800,0.0,0.0
2023-03-27 00:00:00+09:00,506.0,506.0,502.0,505.0,58400,0.0,0.0
2023-03-28 00:00:00+09:00,510.0,510.0,503.0,505.0,50300,0.0,0.0
2023-03-29 00:00:00+09:00,508.0,516.0,507.0,515.0,172600,0.0,0.0
2023-03-30 00:00:00+09:00,510.0,511.0,504.0,506.0,82200,0.0,0.0
2023-03-31 00:00:00+09:00,509.0,514.0,509.0,511.0,48800,0.0,0.0
2023-04-03 00:00:00+09:00,515.0,520.0,513.0,518.0,90200,0.0,0.0
2023-04-04 00:00:00+09:00,520.0,524.0,517.0,524.0,84800,0.0,0.0
2023-04-05 00:00:00+09:00,517.0,518.0,508.0,509.0,57900,0.0,0.0
2023-04-06 00:00:00+09:00,502.0,509.0,498.0,499.0,69300,0.0,0.0
2023-04-07 00:00:00+09:00,503.0,507.0,503.0,505.0,47100,0.0,0.0
2023-04-10 00:00:00+09:00,509.0,509.0,500.0,504.0,47500,0.0,0.0
2023-04-11 00:00:00+09:00,507.0,510.0,505.0,508.0,57800,0.0,0.0
2023-04-12 00:00:00+09:00,511.0,516.0,509.0,514.0,61600,0.0,0.0
2023-04-13 00:00:00+09:00,513.0,513.0,509.0,510.0,29400,0.0,0.0
2023-04-14 00:00:00+09:00,509.0,510.0,507.0,508.0,37000,0.0,0.0
2023-04-17 00:00:00+09:00,507.0,513.0,507.0,513.0,31800,0.0,0.0
2023-04-18 00:00:00+09:00,509.0,516.0,509.0,514.0,35900,0.0,0.0
2023-04-19 00:00:00+09:00,512.0,512.0,507.0,510.0,43600,0.0,0.0
2023-04-20 00:00:00+09:00,512.0,513.0,509.0,510.0,34900,0.0,0.0
2023-04-21 00:00:00+09:00,509.0,513.0,508.0,509.0,26400,0.0,0.0
2023-04-24 00:00:00+09:00,509.0,514.0,509.0,514.0,29600,0.0,0.0
2023-04-25 00:00:00+09:00,519.0,520.0,515.0,518.0,61500,0.0,0.0
2023-04-26 00:00:00+09:00,515.0,516.0,510.0,513.0,48200,0.0,0.0
2023-04-27 00:00:00+09:00,511.0,516.0,511.0,516.0,85000,0.0,0.0
2023-04-28 00:00:00+09:00,520.0,525.0,518.0,525.0,75000,0.0,0.0
2023-05-01 00:00:00+09:00,527.0,528.0,524.0,528.0,61300,0.0,0.0
2023-05-02 00:00:00+09:00,528.0,528.0,520.0,523.0,41200,0.0,0.0
2023-05-08 00:00:00+09:00,529.0,537.0,526.0,536.0,165200,0.0,0.0
2023-05-09 00:00:00+09:00,536.0,539.0,532.0,539.0,51400,0.0,0.0
2023-05-10 00:00:00+09:00,539.0,539.0,531.0,534.0,55000,0.0,0.0
2023-05-11 00:00:00+09:00,530.0,534.0,502.0,502.0,192900,0.0,0.0
2023-05-12 00:00:00+09:00,495.0,503.0,489.0,501.0,202500,0.0,0.0
2023-05-15 00:00:00+09:00,501.0,502.0,497.0,498.0,80500,0.0,0.0
2023-05-16 00:00:00+09:00,500.0,500.0,493.0,494.0,68700,0.0,0.0
2023-05-17 00:00:00+09:00,495.0,495.0,490.0,490.0,65200,0.0,0.0
2023-05-18 00:00:00+09:00,493.0,494.0,490.0,493.0,93700,0.0,0.0
2023-05-19 00:00:00+09:00,493.0,494.0,490.0,492.0,59600,0.0,0.0
2023-05-22 00:00:00+09:00,496.0,496.0,491.0,496.0,52100,0.0,0.0
2023-05-23 00:00:00+09:00,496.0,496.0,488.0,490.0,69300,0.0,0.0
2023-05-24 00:00:00+09:00,488.0,490.0,488.0,489.0,46600,0.0,0.0
2023-05-25 00:00:00+09:00,491.0,491.0,485.0,485.0,81800,0.0,0.0
2023-05-26 00:00:00+09:00,485.0,486.0,480.0,481.0,92300,0.0,0.0
2023-05-29 00:00:00+09:00,489.0,489.0,484.0,484.0,105200,0.0,0.0
2023-05-30 00:00:00+09:00,482.0,485.0,476.0,476.0,102600,0.0,0.0
2023-05-31 00:00:00+09:00,473.0,473.0,461.0,463.0,233900,0.0,0.0
2023-06-01 00:00:00+09:00,463.0,467.0,462.0,464.0,114000,0.0,0.0
2023-06-02 00:00:00+09:00,466.0,474.0,465.0,474.0,82800,0.0,0.0
2023-06-05 00:00:00+09:00,482.0,488.0,480.0,488.0,99900,0.0,0.0
2023-06-06 00:00:00+09:00,485.0,485.0,480.0,480.0,50700,0.0,0.0
2023-06-07 00:00:00+09:00,483.0,486.0,479.0,480.0,84300,0.0,0.0
2023-06-08 00:00:00+09:00,481.0,489.0,480.0,481.0,117900,0.0,0.0
2023-06-09 00:00:00+09:00,483.0,490.0,481.0,487.0,148300,0.0,0.0
2023-06-12 00:00:00+09:00,489.0,492.0,489.0,492.0,47000,0.0,0.0
2023-06-13 00:00:00+09:00,493.0,495.0,489.0,489.0,79400,0.0,0.0
2023-06-14 00:00:00+09:00,490.0,495.0,490.0,493.0,135200,0.0,0.0
2023-06-15 00:00:00+09:00,493.0,497.0,493.0,494.0,79900,0.0,0.0
2023-06-16 00:00:00+09:00,495.0,495.0,489.0,492.0,95800,0.0,0.0
2023-06-19 00:00:00+09:00,492.0,494.0,487.0,492.0,68200,0.0,0.0
2023-06-20 00:00:00+09:00,492.0,492.0,486.0,489.0,64900,0.0,0.0
2023-06-21 00:00:00+09:00,489.0,493.0,487.0,490.0,58900,0.0,0.0
2023-06-22 00:00:00+09:00,489.0,491.0,482.0,484.0,81700,0.0,0.0
2023-06-23 00:00:00+09:00,485.0,488.0,481.0,484.0,78300,0.0,0.0
2023-06-26 00:00:00+09:00,488.0,488.0,482.0,483.0,51900,0.0,0.0
2023-06-27 00:00:00+09:00,483.0,485.0,481.0,483.0,52700,0.0,0.0
2023-06-28 00:00:00+09:00,485.0,490.0,484.0,490.0,71400,0.0,0.0
2023-06-29 00:00:00+09:00,494.0,494.0,489.0,491.0,74100,0.0,0.0
2023-06-30 00:00:00+09:00,491.0,492.0,487.0,491.0,75700,0.0,0.0
2023-07-03 00:00:00+09:00,493.0,495.0,490.0,490.0,65200,0.0,0.0
2023-07-04 00:00:00+09:00,492.0,494.0,490.0,492.0,98400,0.0,0.0
2023-07-05 00:00:00+09:00,509.0,537.0,505.0,537.0,746700,0.0,0.0
2023-07-06 00:00:00+09:00,536.0,560.0,533.0,557.0,761800,0.0,0.0
2023-07-07 00:00:00+09:00,564.0,584.0,544.0,570.0,713100,0.0,0.0
2023-07-10 00:00:00+09:00,562.0,562.0,541.0,546.0,470800,0.0,0.0
2023-07-11 00:00:00+09:00,550.0,554.0,533.0,533.0,323900,0.0,0.0
2023-07-12 00:00:00+09:00,536.0,539.0,528.0,531.0,168900,0.0,0.0
2023-07-13 00:00:00+09:00,531.0,531.0,522.0,525.0,131500,0.0,0.0
2023-07-14 00:00:00+09:00,530.0,530.0,520.0,523.0,68800,0.0,0.0
2023-07-18 00:00:00+09:00,524.0,525.0,518.0,522.0,64600,0.0,0.0
2023-07-19 00:00:00+09:00,530.0,533.0,523.0,530.0,143000,0.0,0.0
2023-07-20 00:00:00+09:00,522.0,527.0,518.0,523.0,201700,0.0,0.0
2023-07-21 00:00:00+09:00,526.0,532.0,522.0,530.0,79500,0.0,0.0
2023-07-24 00:00:00+09:00,532.0,543.0,532.0,543.0,108800,0.0,0.0
2023-07-25 00:00:00+09:00,548.0,548.0,537.0,538.0,148300,0.0,0.0
2023-07-26 00:00:00+09:00,539.0,539.0,528.0,528.0,62400,0.0,0.0
2023-07-27 00:00:00+09:00,525.0,525.0,520.0,520.0,54100,0.0,0.0
2023-07-28 00:00:00+09:00,515.0,524.0,513.0,523.0,150400,0.0,0.0
2023-07-31 00:00:00+09:00,530.0,535.0,526.0,532.0,86700,0.0,0.0
2023-08-01 00:00:00+09:00,535.0,535.0,527.0,531.0,50500,0.0,0.0
2023-08-02 00:00:00+09:00,533.0,533.0,526.0,528.0,63100,0.0,0.0
2023-08-03 00:00:00+09:00,521.0,522.0,512.0,513.0,127700,0.0,0.0
2023-08-04 00:00:00+09:00,510.0,518.0,510.0,514.0,89300,0.0,0.0
2023-08-07 00:00:00+09:00,509.0,518.0,506.0,517.0,74100,0.0,0.0
2023-08-08 00:00:00+09:00,519.0,522.0,515.0,518.0,61000,0.0,0.0
2023-08-09 00:00:00+09:00,518.0,518.0,509.0,513.0,83900,0.0,0.0
2023-08-10 00:00:00+09:00,518.0,538.0,511.0,525.0,315700,0.0,0.0
2023-08-14 00:00:00+09:00,533.0,543.0,526.0,527.0,246800,0.0,0.0
2023-08-15 00:00:00+09:00,527.0,528.0,518.0,525.0,175200,0.0,0.0
2023-08-16 00:00:00+09:00,521.0,533.0,520.0,524.0,103800,0.0,0.0
2023-08-17 00:00:00+09:00,520.0,520.0,506.0,517.0,87600,0.0,0.0
2023-08-18 00:00:00+09:00,509.0,510.0,501.0,503.0,208100,0.0,0.0
2023-08-21 00:00:00+09:00,508.0,511.0,502.0,503.0,89000,0.0,0.0
2023-08-22 00:00:00+09:00,502.0,511.0,502.0,511.0,76700,0.0,0.0
2023-08-23 00:00:00+09:00,505.0,512.0,504.0,512.0,124600,0.0,0.0
2023-08-24 00:00:00+09:00,515.0,520.0,512.0,518.0,89000,0.0,0.0
2023-08-25 00:00:00+09:00,516.0,516.0,508.0,513.0,130700,0.0,0.0
2023-08-28 00:00:00+09:00,516.0,524.0,516.0,523.0,86300,0.0,0.0
2023-08-29 00:00:00+09:00,524.0,533.0,523.0,529.0,96500,0.0,0.0
2023-08-30 00:00:00+09:00,525.0,535.0,525.0,535.0,125200,0.0,0.0
2023-08-31 00:00:00+09:00,534.0,539.0,530.0,530.0,90300,0.0,0.0
2023-09-01 00:00:00+09:00,530.0,537.0,527.0,534.0,72600,0.0,0.0
2023-09-04 00:00:00+09:00,533.0,539.0,532.0,539.0,90400,0.0,0.0
2023-09-05 00:00:00+09:00,541.0,544.0,536.0,543.0,117300,0.0,0.0
2023-09-06 00:00:00+09:00,548.0,561.0,548.0,561.0,259800,0.0,0.0
2023-09-07 00:00:00+09:00,555.0,565.0,554.0,562.0,166100,0.0,0.0
2023-09-08 00:00:00+09:00,559.0,565.0,555.0,558.0,160500,0.0,0.0
2023-09-11 00:00:00+09:00,558.0,558.0,546.0,548.0,102100,0.0,0.0
2023-09-12 00:00:00+09:00,548.0,562.0,548.0,561.0,103300,0.0,0.0
2023-09-13 00:00:00+09:00,558.0,572.0,558.0,563.0,199600,0.0,0.0
2023-09-14 00:00:00+09:00,565.0,566.0,558.0,562.0,123100,0.0,0.0
2023-09-15 00:00:00+09:00,564.0,572.0,563.0,570.0,140500,0.0,0.0
2023-09-19 00:00:00+09:00,570.0,585.0,570.0,585.0,263100,0.0,0.0
2023-09-20 00:00:00+09:00,595.0,598.0,580.0,581.0,232200,0.0,0.0
2023-09-21 00:00:00+09:00,578.0,595.0,578.0,588.0,184600,0.0,0.0
2023-09-22 00:00:00+09:00,585.0,587.0,572.0,583.0,166900,0.0,0.0
2023-09-25 00:00:00+09:00,589.0,605.0,582.0,600.0,241600,0.0,0.0
2023-09-26 00:00:00+09:00,597.0,602.0,590.0,598.0,122000,0.0,0.0
2023-09-27 00:00:00+09:00,595.0,595.0,576.0,584.0,181300,0.0,0.0
2023-09-28 00:00:00+09:00,584.0,595.0,582.0,585.0,124500,0.0,0.0
2023-09-29 00:00:00+09:00,588.0,590.0,568.0,570.0,92900,0.0,0.0
2023-10-02 00:00:00+09:00,575.0,578.0,561.0,561.0,81100,0.0,0.0
2023-10-03 00:00:00+09:00,560.0,560.0,541.0,542.0,99200,0.0,0.0
2023-10-04 00:00:00+09:00,535.0,535.0,522.0,522.0,116400,0.0,0.0
2023-10-05 00:00:00+09:00,526.0,537.0,522.0,533.0,99300,0.0,0.0
2023-10-06 00:00:00+09:00,533.0,537.0,531.0,533.0,65500,0.0,0.0
2023-10-10 00:00:00+09:00,537.0,542.0,534.0,540.0,93000,0.0,0.0
2023-10-11 00:00:00+09:00,546.0,546.0,535.0,536.0,93100,0.0,0.0
2023-10-12 00:00:00+09:00,535.0,543.0,533.0,542.0,72300,0.0,0.0
2023-10-13 00:00:00+09:00,536.0,537.0,523.0,525.0,113000,0.0,0.0
2023-10-16 00:00:00+09:00,523.0,527.0,519.0,521.0,42400,0.0,0.0
2023-10-17 00:00:00+09:00,527.0,528.0,514.0,517.0,137900,0.0,0.0
2023-10-18 00:00:00+09:00,520.0,528.0,520.0,526.0,77300,0.0,0.0
2023-10-19 00:00:00+09:00,521.0,525.0,515.0,520.0,59500,0.0,0.0
2023-10-20 00:00:00+09:00,520.0,520.0,510.0,513.0,89700,0.0,0.0
2023-10-23 00:00:00+09:00,513.0,524.0,512.0,515.0,71700,0.0,0.0
2023-10-24 00:00:00+09:00,517.0,519.0,502.0,512.0,98100,0.0,0.0
2023-10-25 00:00:00+09:00,521.0,525.0,517.0,517.0,78100,0.0,0.0
2023-10-26 00:00:00+09:00,518.0,525.0,516.0,519.0,80400,0.0,0.0
2023-10-27 00:00:00+09:00,520.0,532.0,520.0,530.0,70300,0.0,0.0
2023-10-30 00:00:00+09:00,521.0,522.0,512.0,515.0,106200,0.0,0.0
2023-10-31 00:00:00+09:00,516.0,524.0,515.0,524.0,69600,0.0,0.0
2023-11-01 00:00:00+09:00,534.0,534.0,525.0,532.0,102400,0.0,0.0
2023-11-02 00:00:00+09:00,536.0,545.0,535.0,542.0,150900,0.0,0.0
2023-11-06 00:00:00+09:00,546.0,564.0,545.0,561.0,192300,0.0,0.0
2023-11-07 00:00:00+09:00,558.0,560.0,552.0,554.0,79700,0.0,0.0
2023-11-08 00:00:00+09:00,558.0,558.0,525.0,530.0,251200,0.0,0.0
2023-11-09 00:00:00+09:00,527.0,565.0,521.0,536.0,632000,0.0,0.0
2023-11-10 00:00:00+09:00,546.0,579.0,546.0,579.0,415200,0.0,0.0
2023-11-13 00:00:00+09:00,570.0,577.0,563.0,572.0,183700,0.0,0.0
2023-11-14 00:00:00+09:00,571.0,580.0,565.0,569.0,140500,0.0,0.0
2023-11-15 00:00:00+09:00,573.0,574.0,565.0,567.0,100300,0.0,0.0
2023-11-16 00:00:00+09:00,566.0,570.0,554.0,560.0,116700,0.0,0.0
2023-11-17 00:00:00+09:00,560.0,568.0,555.0,567.0,69200,0.0,0.0
2023-11-20 00:00:00+09:00,573.0,573.0,556.0,556.0,96200,0.0,0.0
2023-11-21 00:00:00+09:00,557.0,562.0,554.0,560.0,64800,0.0,0.0
2023-11-22 00:00:00+09:00,555.0,560.0,554.0,554.0,58800,0.0,0.0
2023-11-24 00:00:00+09:00,554.0,565.0,554.0,560.0,79800,0.0,0.0
2023-11-27 00:00:00+09:00,566.0,566.0,558.0,561.0,66700,0.0,0.0
2023-11-28 00:00:00+09:00,566.0,566.0,554.0,557.0,62700,0.0,0.0
2023-11-29 00:00:00+09:00,556.0,565.0,550.0,562.0,80100,0.0,0.0
2023-11-30 00:00:00+09:00,565.0,579.0,564.0,579.0,171700,0.0,0.0
2023-12-01 00:00:00+09:00,580.0,580.0,565.0,567.0,106000,0.0,0.0
2023-12-04 00:00:00+09:00,562.0,567.0,557.0,567.0,128700,0.0,0.0
2023-12-05 00:00:00+09:00,577.0,595.0,574.0,577.0,303200,0.0,0.0
2023-12-06 00:00:00+09:00,575.0,589.0,571.0,585.0,142000,0.0,0.0
2023-12-07 00:00:00+09:00,581.0,586.0,574.0,574.0,73400,0.0,0.0
2023-12-08 00:00:00+09:00,570.0,570.0,551.0,553.0,171500,0.0,0.0
2023-12-11 00:00:00+09:00,562.0,563.0,554.0,563.0,66200,0.0,0.0
2023-12-12 00:00:00+09:00,565.0,566.0,551.0,551.0,84500,0.0,0.0
2023-12-13 00:00:00+09:00,551.0,556.0,548.0,555.0,67800,0.0,0.0
2023-12-14 00:00:00+09:00,555.0,559.0,544.0,545.0,84200,0.0,0.0
2023-12-15 00:00:00+09:00,544.0,550.0,543.0,550.0,52000,0.0,0.0
2023-12-18 00:00:00+09:00,542.0,549.0,537.0,545.0,93000,0.0,0.0
2023-12-19 00:00:00+09:00,545.0,545.0,538.0,542.0,75200,0.0,0.0
2023-12-20 00:00:00+09:00,550.0,550.0,544.0,544.0,61700,0.0,0.0
2023-12-21 00:00:00+09:00,536.0,540.0,534.0,535.0,65200,0.0,0.0
2023-12-22 00:00:00+09:00,531.0,542.0,531.0,541.0,93100,0.0,0.0
2023-12-25 00:00:00+09:00,550.0,552.0,542.0,544.0,119000,0.0,0.0
2023-12-26 00:00:00+09:00,541.0,547.0,524.0,539.0,179400,0.0,0.0
2023-12-27 00:00:00+09:00,540.0,547.0,539.0,546.0,105400,0.0,0.0
2023-12-28 00:00:00+09:00,542.0,548.0,542.0,548.0,41400,0.0,0.0
2023-12-29 00:00:00+09:00,546.0,550.0,544.0,550.0,72500,0.0,0.0
2024-01-04 00:00:00+09:00,545.0,554.0,541.0,552.0,122300,0.0,0.0
2024-01-05 00:00:00+09:00,552.0,557.0,549.0,550.0,64200,0.0,0.0
2024-01-09 00:00:00+09:00,555.0,558.0,552.0,557.0,90100,0.0,0.0
2024-01-10 00:00:00+09:00,553.0,557.0,551.0,553.0,87900,0.0,0.0
2024-01-11 00:00:00+09:00,556.0,559.0,553.0,553.0,80500,0.0,0.0
2024-01-12 00:00:00+09:00,554.0,554.0,542.0,543.0,109300,0.0,0.0
2024-01-15 00:00:00+09:00,546.0,551.0,545.0,550.0,49000,0.0,0.0
2024-01-16 00:00:00+09:00,546.0,556.0,545.0,549.0,99700,0.0,0.0
2024-01-17 00:00:00+09:00,550.0,558.0,547.0,547.0,83600,0.0,0.0
2024-01-18 00:00:00+09:00,547.0,554.0,547.0,549.0,67500,0.0,0.0
2024-01-19 00:00:00+09:00,547.0,551.0,544.0,545.0,109900,0.0,0.0
2024-01-22 00:00:00+09:00,546.0,553.0,544.0,553.0,126500,0.0,0.0
2024-01-23 00:00:00+09:00,553.0,556.0,545.0,547.0,107600,0.0,0.0
2024-01-24 00:00:00+09:00,545.0,548.0,542.0,543.0,57000,0.0,0.0
2024-01-25 00:00:00+09:00,546.0,551.0,544.0,546.0,127000,0.0,0.0
2024-01-26 00:00:00+09:00,545.0,547.0,541.0,541.0,67100,0.0,0.0
2024-01-29 00:00:00+09:00,543.0,549.0,543.0,548.0,37400,0.0,0.0
2024-01-30 00:00:00+09:00,549.0,550.0,543.0,543.0,89200,0.0,0.0
2024-01-31 00:00:00+09:00,544.0,548.0,541.0,548.0,96400,0.0,0.0
2024-02-01 00:00:00+09:00,546.0,550.0,544.0,549.0,92500,0.0,0.0
2024-02-02 00:00:00+09:00,551.0,554.0,547.0,554.0,78900,0.0,0.0
2024-02-05 00:00:00+09:00,556.0,566.0,554.0,563.0,142900,0.0,0.0
2024-02-06 00:00:00+09:00,562.0,563.0,555.0,557.0,53400,0.0,0.0
2024-02-07 00:00:00+09:00,561.0,573.0,560.0,571.0,135700,0.0,0.0
2024-02-08 00:00:00+09:00,573.0,573.0,564.0,568.0,131200,0.0,0.0
2024-02-09 00:00:00+09:00,573.0,573.0,548.0,552.0,440300,0.0,0.0
2024-02-13 00:00:00+09:00,555.0,556.0,545.0,549.0,213500,0.0,0.0
2024-02-14 00:00:00+09:00,549.0,549.0,532.0,534.0,205200,0.0,0.0
2024-02-15 00:00:00+09:00,537.0,539.0,530.0,531.0,123600,0.0,0.0
2024-02-16 00:00:00+09:00,535.0,544.0,535.0,543.0,77000,0.0,0.0
2024-02-19 00:00:00+09:00,541.0,550.0,540.0,550.0,64700,0.0,0.0
2024-02-20 00:00:00+09:00,553.0,561.0,552.0,553.0,129600,0.0,0.0
2024-02-21 00:00:00+09:00,548.0,552.0,544.0,546.0,89700,0.0,0.0
2024-02-22 00:00:00+09:00,556.0,556.0,546.0,556.0,108100,0.0,0.0
2024-02-26 00:00:00+09:00,565.0,565.0,556.0,561.0,144300,0.0,0.0
2024-02-27 00:00:00+09:00,561.0,565.0,556.0,559.0,90900,0.0,0.0
2024-02-28 00:00:00+09:00,559.0,569.0,556.0,567.0,111200,0.0,0.0
2024-02-29 00:00:00+09:00,564.0,564.0,556.0,560.0,67800,0.0,0.0
2024-03-01 00:00:00+09:00,562.0,562.0,554.0,561.0,60200,0.0,0.0
2024-03-04 00:00:00+09:00,564.0,564.0,554.0,562.0,135600,0.0,0.0
2024-03-05 00:00:00+09:00,563.0,568.0,556.0,566.0,83100,0.0,0.0
2024-03-06 00:00:00+09:00,563.0,589.0,563.0,587.0,255900,0.0,0.0
2024-03-07 00:00:00+09:00,594.0,629.0,591.0,625.0,519800,0.0,0.0
2024-03-08 00:00:00+09:00,620.0,647.0,617.0,631.0,376000,0.0,0.0
2024-03-11 00:00:00+09:00,625.0,625.0,596.0,606.0,271300,0.0,0.0
2024-03-12 00:00:00+09:00,606.0,630.0,597.0,626.0,243600,0.0,0.0
2024-03-13 00:00:00+09:00,636.0,659.0,630.0,650.0,560800,0.0,0.0
2024-03-14 00:00:00+09:00,654.0,702.0,651.0,689.0,1130900,0.0,0.0
2024-03-15 00:00:00+09:00,686.0,709.0,676.0,685.0,801500,0.0,0.0
2024-03-18 00:00:00+09:00,705.0,724.0,688.0,688.0,620900,0.0,0.0
2024-03-19 00:00:00+09:00,691.0,695.0,675.0,687.0,306200,0.0,0.0
2024-03-21 00:00:00+09:00,687.0,701.0,686.0,695.0,336900,0.0,0.0
2024-03-22 00:00:00+09:00,691.0,692.0,672.0,682.0,297900,0.0,0.0
2024-03-25 00:00:00+09:00,692.0,701.0,678.0,678.0,294400,0.0,0.0
2024-03-26 00:00:00+09:00,688.0,688.0,677.0,677.0,115200,0.0,0.0
2024-03-27 00:00:00+09:00,683.0,693.0,680.0,680.0,231100,0.0,0.0
2024-03-28 00:00:00+09:00,676.0,685.0,666.0,670.0,183400,0.0,0.0
2024-03-29 00:00:00+09:00,667.0,679.0,659.0,675.0,121100,0.0,0.0
2024-04-01 00:00:00+09:00,675.0,675.0,654.0,655.0,186300,0.0,0.0
2024-04-02 00:00:00+09:00,657.0,658.0,640.0,644.0,198900,0.0,0.0
2024-04-03 00:00:00+09:00,635.0,670.0,629.0,668.0,277500,0.0,0.0
2024-04-04 00:00:00+09:00,668.0,670.0,648.0,664.0,181400,0.0,0.0
2024-04-05 00:00:00+09:00,650.0,661.0,640.0,648.0,208300,0.0,0.0
2024-04-08 00:00:00+09:00,654.0,657.0,646.0,648.0,94400,0.0,0.0
2024-04-09 00:00:00+09:00,647.0,687.0,647.0,682.0,276300,0.0,0.0
2024-04-10 00:00:00+09:00,676.0,685.0,672.0,680.0,83600,0.0,0.0
2024-04-11 00:00:00+09:00,673.0,675.0,664.0,667.0,144200,0.0,0.0
2024-04-12 00:00:00+09:00,674.0,685.0,669.0,669.0,182500,0.0,0.0
2024-04-15 00:00:00+09:00,663.0,684.0,655.0,681.0,192300,0.0,0.0
2024-04-16 00:00:00+09:00,673.0,673.0,638.0,642.0,356600,0.0,0.0
2024-04-17 00:00:00+09:00,649.0,650.0,624.0,631.0,192900,0.0,0.0
2024-04-18 00:00:00+09:00,624.0,640.0,622.0,631.0,120300,0.0,0.0
2024-04-19 00:00:00+09:00,630.0,630.0,602.0,620.0,246600,0.0,0.0
2024-04-22 00:00:00+09:00,634.0,636.0,624.0,632.0,96100,0.0,0.0
2024-04-23 00:00:00+09:00,640.0,640.0,626.0,628.0,60900,0.0,0.0
2024-04-24 00:00:00+09:00,629.0,634.0,622.0,627.0,138400,0.0,0.0
2024-04-25 00:00:00+09:00,623.0,627.0,613.0,615.0,128800,0.0,0.0
2024-04-26 00:00:00+09:00,611.0,619.0,605.0,615.0,120400,0.0,0.0
2024-04-30 00:00:00+09:00,625.0,628.0,617.0,621.0,91900,0.0,0.0
2024-05-01 00:00:00+09:00,620.0,624.0,613.0,621.0,69300,0.0,0.0
2024-05-02 00:00:00+09:00,616.0,619.0,610.0,610.0,98200,0.0,0.0
2024-05-07 00:00:00+09:00,614.0,614.0,602.0,605.0,99200,0.0,0.0
2024-05-08 00:00:00+09:00,605.0,606.0,598.0,602.0,120200,0.0,0.0
2024-05-09 00:00:00+09:00,602.0,607.0,596.0,600.0,82100,0.0,0.0
2024-05-10 00:00:00+09:00,605.0,606.0,597.0,602.0,79800,0.0,0.0
2024-05-13 00:00:00+09:00,601.0,602.0,588.0,589.0,119400,0.0,0.0
2024-05-14 00:00:00+09:00,588.0,607.0,576.0,597.0,426600,0.0,0.0
2024-05-15 00:00:00+09:00,595.0,630.0,595.0,600.0,366900,0.0,0.0
2024-05-16 00:00:00+09:00,607.0,607.0,578.0,586.0,276300,0.0,0.0
2024-05-17 00:00:00+09:00,584.0,598.0,581.0,591.0,142900,0.0,0.0
2024-05-20 00:00:00+09:00,594.0,613.0,594.0,605.0,147700,0.0,0.0
2024-05-21 00:00:00+09:00,605.0,609.0,593.0,596.0,125300,0.0,0.0
2024-05-22 00:00:00+09:00,594.0,607.0,587.0,588.0,138500,0.0,0.0
2024-05-23 00:00:00+09:00,587.0,595.0,576.0,589.0,114200,0.0,0.0
2024-05-24 00:00:00+09:00,580.0,590.0,577.0,584.0,101100,0.0,0.0
2024-05-27 00:00:00+09:00,590.0,594.0,579.0,589.0,110300,0.0,0.0
2024-05-28 00:00:00+09:00,590.0,599.0,589.0,594.0,71700,0.0,0.0
2024-05-29 00:00:00+09:00,594.0,597.0,586.0,587.0,100800,0.0,0.0
2024-05-30 00:00:00+09:00,583.0,583.0,568.0,572.0,182200,0.0,0.0
2024-05-31 00:00:00+09:00,576.0,600.0,576.0,599.0,171500,0.0,0.0
2024-06-03 00:00:00+09:00,600.0,619.0,600.0,616.0,199100,0.0,0.0
2024-06-04 00:00:00+09:00,615.0,615.0,605.0,607.0,123600,0.0,0.0
2024-06-05 00:00:00+09:00,605.0,605.0,590.0,591.0,83600,0.0,0.0
2024-06-06 00:00:00+09:00,598.0,600.0,587.0,588.0,91200,0.0,0.0
2024-06-07 00:00:00+09:00,589.0,593.0,586.0,592.0,102700,0.0,0.0
2024-06-10 00:00:00+09:00,588.0,599.0,588.0,598.0,88600,0.0,0.0
2024-06-11 00:00:00+09:00,602.0,603.0,594.0,598.0,100700,0.0,0.0
2024-06-12 00:00:00+09:00,600.0,604.0,596.0,600.0,81200,0.0,0.0
2024-06-13 00:00:00+09:00,600.0,600.0,588.0,590.0,120800,0.0,0.0
2024-06-14 00:00:00+09:00,590.0,617.0,588.0,617.0,180300,0.0,0.0
2024-06-17 00:00:00+09:00,607.0,607.0,589.0,597.0,159000,0.0,0.0
2024-06-18 00:00:00+09:00,607.0,620.0,604.0,613.0,163800,0.0,0.0
2024-06-19 00:00:00+09:00,617.0,633.0,617.0,628.0,174900,0.0,0.0
2024-06-20 00:00:00+09:00,630.0,632.0,621.0,632.0,163500,0.0,0.0
2024-06-21 00:00:00+09:00,633.0,642.0,625.0,625.0,240700,0.0,0.0
2024-06-24 00:00:00+09:00,623.0,632.0,618.0,627.0,121000,0.0,0.0
2024-06-25 00:00:00+09:00,637.0,649.0,636.0,642.0,172500,0.0,0.0
2024-06-26 00:00:00+09:00,641.0,645.0,630.0,632.0,123100,0.0,0.0
2024-06-27 00:00:00+09:00,634.0,639.0,629.0,633.0,87000,0.0,0.0
2024-06-28 00:00:00+09:00,632.0,635.0,623.0,624.0,104800,0.0,0.0
2024-07-01 00:00:00+09:00,632.0,632.0,619.0,624.0,76500,0.0,0.0
2024-07-02 00:00:00+09:00,619.0,626.0,618.0,621.0,74500,0.0,0.0
2024-07-03 00:00:00+09:00,623.0,629.0,621.0,627.0,49300,0.0,0.0
2024-07-04 00:00:00+09:00,627.0,636.0,625.0,636.0,65500,0.0,0.0
2024-07-05 00:00:00+09:00,633.0,633.0,622.0,623.0,147100,0.0,0.0
2024-07-08 00:00:00+09:00,627.0,627.0,616.0,616.0,122200,0.0,0.0
2024-07-09 00:00:00+09:00,621.0,629.0,611.0,614.0,102500,0.0,0.0
2024-07-10 00:00:00+09:00,620.0,620.0,610.0,614.0,122400,0.0,0.0
2024-07-11 00:00:00+09:00,622.0,625.0,616.0,625.0,101900,0.0,0.0
2024-07-12 00:00:00+09:00,620.0,636.0,618.0,624.0,114500,0.0,0.0
2024-07-16 00:00:00+09:00,624.0,627.0,616.0,616.0,60000,0.0,0.0
2024-07-17 00:00:00+09:00,617.0,630.0,617.0,623.0,80500,0.0,0.0
2024-07-18 00:00:00+09:00,615.0,621.0,610.0,610.0,84100,0.0,0.0
2024-07-19 00:00:00+09:00,610.0,611.0,601.0,606.0,76400,0.0,0.0
2024-07-22 00:00:00+09:00,614.0,614.0,594.0,595.0,139900,0.0,0.0
2024-07-23 00:00:00+09:00,599.0,609.0,599.0,605.0,67900,0.0,0.0
2024-07-24 00:00:00+09:00,602.0,603.0,587.0,588.0,119600,0.0,0.0
2024-07-25 00:00:00+09:00,587.0,587.0,578.0,579.0,159100,0.0,0.0
2024-07-26 00:00:00+09:00,580.0,585.0,570.0,571.0,85200,0.0,0.0
2024-07-29 00:00:00+09:00,584.0,589.0,580.0,589.0,60100,0.0,0.0
2024-07-30 00:00:00+09:00,584.0,584.0,578.0,582.0,115800,0.0,0.0
2024-07-31 00:00:00+09:00,576.0,600.0,574.0,600.0,86000,0.0,0.0
2024-08-01 00:00:00+09:00,595.0,595.0,575.0,579.0,128800,0.0,0.0
2024-08-02 00:00:00+09:00,559.0,559.0,540.0,540.0,262500,0.0,0.0
2024-08-05 00:00:00+09:00,504.0,510.0,442.0,452.0,414300,0.0,0.0
2024-08-06 00:00:00+09:00,484.0,502.0,476.0,495.0,247700,0.0,0.0
2024-08-07 00:00:00+09:00,483.0,516.0,472.0,492.0,348200,0.0,0.0
2024-08-08 00:00:00+09:00,494.0,514.0,492.0,501.0,222400,0.0,0.0
2024-08-09 00:00:00+09:00,511.0,515.0,485.0,502.0,265100,0.0,0.0
2024-08-13 00:00:00+09:00,515.0,515.0,500.0,509.0,114400,0.0,0.0
2024-08-14 00:00:00+09:00,518.0,521.0,511.0,516.0,109300,0.0,0.0
2024-08-15 00:00:00+09:00,516.0,526.0,515.0,521.0,87400,0.0,0.0
2024-08-16 00:00:00+09:00,531.0,539.0,524.0,538.0,80700,0.0,0.0
2024-08-19 00:00:00+09:00,531.0,535.0,517.0,517.0,100000,0.0,0.0
2024-08-20 00:00:00+09:00,521.0,528.0,519.0,525.0,46500,0.0,0.0
2024-08-21 00:00:00+09:00,511.0,518.0,510.0,517.0,149400,0.0,0.0
2024-08-22 00:00:00+09:00,517.0,518.0,510.0,511.0,69100,0.0,0.0
2024-08-23 00:00:00+09:00,511.0,516.0,510.0,510.0,50700,0.0,0.0
2024-08-26 00:00:00+09:00,516.0,516.0,507.0,509.0,77300,0.0,0.0
2024-08-27 00:00:00+09:00,510.0,516.0,510.0,515.0,60400,0.0,0.0
2024-08-28 00:00:00+09:00,514.0,515.0,508.0,514.0,47400,0.0,0.0
2024-08-29 00:00:00+09:00,512.0,522.0,512.0,521.0,55900,0.0,0.0
2024-08-30 00:00:00+09:00,518.0,527.0,515.0,526.0,69300,0.0,0.0
2024-09-02 00:00:00+09:00,529.0,530.0,515.0,523.0,54000,0.0,0.0
2024-09-03 00:00:00+09:00,523.0,527.0,520.0,520.0,36100,0.0,0.0
2024-09-04 00:00:00+09:00,511.0,515.0,500.0,500.0,154000,0.0,0.0
2024-09-05 00:00:00+09:00,505.0,509.0,493.0,496.0,111900,0.0,0.0
2024-09-06 00:00:00+09:00,501.0,502.0,492.0,495.0,82900,0.0,0.0
2024-09-09 00:00:00+09:00,488.0,494.0,482.0,493.0,114000,0.0,0.0
2024-09-10 00:00:00+09:00,492.0,494.0,481.0,481.0,138700,0.0,0.0
2024-09-11 00:00:00+09:00,482.0,482.0,462.0,467.0,221200,0.0,0.0
2024-09-12 00:00:00+09:00,478.0,480.0,471.0,477.0,95600,0.0,0.0
2024-09-13 00:00:00+09:00,471.0,476.0,469.0,472.0,134300,0.0,0.0
2024-09-17 00:00:00+09:00,478.0,480.0,468.0,474.0,123100,0.0,0.0
2024-09-18 00:00:00+09:00,479.0,483.0,476.0,482.0,106800,0.0,0.0
2024-09-19 00:00:00+09:00,484.0,492.0,484.0,490.0,71300,0.0,0.0
2024-09-20 00:00:00+09:00,498.0,503.0,496.0,500.0,155900,0.0,0.0
