Date,Open,High,Low,Close,Volume,Dividends,Stock Splits
2000-01-04 00:00:00+09:00,189.3617706298828,207.11443662643433,189.3617706298828,189.3617706298828,0,0.0,0.0
2000-01-05 00:00:00+09:00,189.3617706298828,189.3617706298828,189.3617706298828,189.3617706298828,1000,0.0,0.0
2000-01-06 00:00:00+09:00,180.48545837402344,231.37644007948577,180.48545837402344,180.48545837402344,0,0.0,0.0
2000-01-07 00:00:00+09:00,180.48545837402344,231.37644007948577,180.48545837402344,180.48545837402344,0,0.0,0.0
2000-01-10 00:00:00+09:00,180.48545837402344,180.48545837402344,180.48545837402344,180.48545837402344,0,0.0,0.0
2000-01-11 00:00:00+09:00,183.44424438476562,213.0320257371472,183.44424438476562,183.44424438476562,0,0.0,0.0
2000-01-12 00:00:00+09:00,186.40298461914065,186.40298461914065,186.40298461914065,186.40298461914062,1000,0.0,0.0
2000-01-13 00:00:00+09:00,183.44424438476562,186.4030225200038,183.44424438476562,183.44424438476562,0,0.0,0.0
2000-01-14 00:00:00+09:00,186.40298461914065,186.40298461914065,186.40298461914065,186.40298461914062,1000,0.0,0.0
2000-01-17 00:00:00+09:00,186.40298461914065,186.40298461914065,186.40298461914065,186.40298461914062,2000,0.0,0.0
2000-01-18 00:00:00+09:00,186.9947967529297,186.9947967529297,186.9947967529297,186.9947967529297,1000,0.0,0.0
2000-01-19 00:00:00+09:00,183.44424438476562,189.36180065524195,183.44424438476562,183.44424438476562,0,0.0,0.0
2000-01-20 00:00:00+09:00,189.3617706298828,189.3617706298828,189.3617706298828,189.3617706298828,1000,0.0,0.0
2000-01-21 00:00:00+09:00,183.44424438476562,224.86713827809982,183.44424438476562,183.44424438476562,0,0.0,0.0
2000-01-24 00:00:00+09:00,189.3617706298828,224.86710262298584,189.3617706298828,189.3617706298828,0,0.0,0.0
2000-01-25 00:00:00+09:00,189.3617706298828,189.3617706298828,189.3617706298828,189.3617706298828,1000,0.0,0.0
2000-01-26 00:00:00+09:00,189.9535261631012,189.9535261631012,189.3617706298828,189.3617706298828,2000,0.0,0.0
2000-01-27 00:00:00+09:00,189.3617706298828,224.86710262298584,189.3617706298828,189.3617706298828,0,0.0,0.0
2000-01-28 00:00:00+09:00,192.91229248046875,224.86708939441144,192.91229248046875,192.91229248046875,0,0.0,0.0
2000-01-31 00:00:00+09:00,194.09582519531253,218.94955890934645,194.09582519531253,194.0958251953125,0,0.0,0.0
2000-02-01 00:00:00+09:00,194.09580347728146,194.09580347728146,192.91229248046875,192.91229248046875,2000,0.0,0.0
2000-02-02 00:00:00+09:00,195.27931213378906,224.8670866995147,195.27931213378906,195.27931213378906,0,0.0,0.0
2000-02-03 00:00:00+09:00,195.87107849121094,213.03198869134724,195.87107849121094,195.87107849121094,0,0.0,0.0
2000-02-04 00:00:00+09:00,195.87107849121094,195.87107849121094,195.87107849121094,195.87107849121094,2000,0.0,0.0
2000-02-07 00:00:00+09:00,196.462890625,196.462890625,196.462890625,196.462890625,1000,0.0,0.0
2000-02-08 00:00:00+09:00,213.0320281982422,213.0320281982422,213.0320281982422,213.0320281982422,1000,0.0,0.0
2000-02-09 00:00:00+09:00,212.44025652544636,212.44025652544636,197.05461120605472,197.0546112060547,2000,0.0,0.0
2000-02-10 00:00:00+09:00,197.05461120605472,213.03201211465372,197.05461120605472,197.0546112060547,0,0.0,0.0
2000-02-11 00:00:00+09:00,197.05461120605472,197.05461120605472,197.05461120605472,197.0546112060547,0,0.0,0.0
2000-02-14 00:00:00+09:00,213.0320281982422,213.0320281982422,213.0320281982422,213.0320281982422,1000,0.0,0.0
2000-02-15 00:00:00+09:00,198.23814392089844,213.0320352582789,198.23814392089844,198.23814392089844,0,0.0,0.0
2000-02-16 00:00:00+09:00,202.38043212890628,213.03203381990133,202.38043212890628,202.38043212890625,0,0.0,0.0
2000-02-17 00:00:00+09:00,198.82984924316406,224.86709140595937,198.82984924316406,198.82984924316406,0,0.0,0.0
2000-02-18 00:00:00+09:00,198.82984924316406,224.86709140595937,198.82984924316406,198.82984924316406,0,0.0,0.0
2000-02-21 00:00:00+09:00,201.1968536376953,218.94951719396255,201.1968536376953,201.1968536376953,0,0.0,0.0
2000-02-22 00:00:00+09:00,213.0320281982422,213.0320281982422,213.0320281982422,213.0320281982422,1000,0.0,0.0
2000-02-23 00:00:00+09:00,201.1968536376953,201.1968536376953,201.1968536376953,201.1968536376953,1000,0.0,0.0
2000-02-24 00:00:00+09:00,201.1968536376953,201.1968536376953,201.1968536376953,201.1968536376953,2000,0.0,0.0
2000-02-25 00:00:00+09:00,201.19691319619457,201.19691319619457,183.44424438476562,183.44424438476562,2000,0.0,0.0
2000-02-28 00:00:00+09:00,189.3617706298828,213.03199195861816,189.3617706298828,189.3617706298828,0,0.0,0.0
2000-02-29 00:00:00+09:00,213.0320281982422,213.0320281982422,213.0320281982422,213.0320281982422,1000,0.0,0.0
2000-03-01 00:00:00+09:00,213.62374877929688,213.62374877929688,213.62374877929688,213.62374877929688,2000,0.0,0.0
2000-03-02 00:00:00+09:00,213.0320281982422,218.94958453708225,213.0320281982422,213.0320281982422,0,0.0,0.0
2000-03-03 00:00:00+09:00,213.0320281982422,231.37645284864638,213.0320281982422,213.0320281982422,0,0.0,0.0
2000-03-06 00:00:00+09:00,213.0320281982422,213.0320281982422,213.0320281982422,213.0320281982422,0,0.0,0.0
2000-03-07 00:00:00+09:00,213.0320281982422,213.0320281982422,213.0320281982422,213.0320281982422,0,0.0,0.0
2000-03-08 00:00:00+09:00,213.0320281982422,213.0320281982422,213.0320281982422,213.0320281982422,0,0.0,0.0
2000-03-09 00:00:00+09:00,213.0320281982422,213.0320281982422,213.0320281982422,213.0320281982422,0,0.0,0.0
2000-03-10 00:00:00+09:00,201.1968536376953,213.03196267520678,201.1968536376953,201.1968536376953,0,0.0,0.0
2000-03-13 00:00:00+09:00,201.1968536376953,201.1968536376953,201.1968536376953,201.1968536376953,0,0.0,0.0
2000-03-14 00:00:00+09:00,201.1968536376953,201.1968536376953,201.1968536376953,201.1968536376953,0,0.0,0.0
2000-03-15 00:00:00+09:00,201.78865051269534,213.03200640636456,201.78865051269534,201.7886505126953,0,0.0,0.0
2000-03-16 00:00:00+09:00,195.27931213378906,213.03197687322444,195.27931213378906,195.27931213378906,0,0.0,0.0
2000-03-17 00:00:00+09:00,201.1968536376953,213.03196267520678,201.1968536376953,201.1968536376953,0,0.0,0.0
2000-03-20 00:00:00+09:00,201.1968536376953,201.1968536376953,201.1968536376953,201.1968536376953,0,0.0,0.0
2000-03-21 00:00:00+09:00,201.1968536376953,207.11440815645105,201.1968536376953,201.1968536376953,0,0.0,0.0
2000-03-22 00:00:00+09:00,207.1144561767578,207.1144561767578,207.1144561767578,207.1144561767578,3000,0.0,0.0
2000-03-23 00:00:00+09:00,201.1968536376953,201.1968536376953,201.1968536376953,201.1968536376953,4000,0.0,0.0
2000-03-24 00:00:00+09:00,201.78865051269534,207.11445067285445,201.78865051269534,201.7886505126953,0,0.0,0.0
2000-03-27 00:00:00+09:00,210.07318115234375,210.07318115234375,210.07318115234375,210.07318115234375,2000,0.0,0.0
2000-03-28 00:00:00+09:00,210.07318115234375,210.07318115234375,210.07318115234375,210.07318115234375,0,0.0,0.0
2000-03-29 00:00:00+09:00,210.07318115234375,210.07318115234375,210.07318115234375,210.07318115234375,0,0.0,0.0
2000-03-30 00:00:00+09:00,210.07318115234375,210.07318115234375,210.07318115234375,210.07318115234375,1000,0.0,0.0
2000-03-31 00:00:00+09:00,210.07318115234375,210.07318115234375,210.07318115234375,210.07318115234375,2000,0.0,0.0
2000-04-03 00:00:00+09:00,210.07318115234375,210.07318115234375,210.07318115234375,210.07318115234375,1000,0.0,0.0
2000-04-04 00:00:00+09:00,210.07318115234375,210.07318115234375,210.07318115234375,210.07318115234375,0,0.0,0.0
2000-04-05 00:00:00+09:00,210.07318115234375,210.07318115234375,210.07318115234375,210.07318115234375,0,0.0,0.0
2000-04-06 00:00:00+09:00,210.07318115234375,210.07318115234375,210.07318115234375,210.07318115234375,0,0.0,0.0
2000-04-07 00:00:00+09:00,210.07318115234375,210.07318115234375,210.07318115234375,210.07318115234375,0,0.0,0.0
2000-04-10 00:00:00+09:00,210.07318115234375,210.07318115234375,210.07318115234375,210.07318115234375,0,0.0,0.0
2000-04-11 00:00:00+09:00,210.07318115234375,210.07318115234375,210.07318115234375,210.07318115234375,0,0.0,0.0
2000-04-12 00:00:00+09:00,210.07318115234375,210.07318115234375,210.07318115234375,210.07318115234375,0,0.0,0.0
2000-04-13 00:00:00+09:00,210.07318115234375,210.07318115234375,210.07318115234375,210.07318115234375,0,0.0,0.0
2000-04-14 00:00:00+09:00,189.3617706298828,213.03199195861816,189.3617706298828,189.3617706298828,0,0.0,0.0
2000-04-17 00:00:00+09:00,153.8564453125,153.8564453125,153.8564453125,153.8564453125,2000,0.0,0.0
2000-04-18 00:00:00+09:00,189.3617706298828,189.3617706298828,189.3617706298828,189.3617706298828,1000,0.0,0.0
2000-04-19 00:00:00+09:00,189.3617706298828,189.3617706298828,189.3617706298828,189.3617706298828,0,0.0,0.0
2000-04-20 00:00:00+09:00,195.27931213378906,221.90830924294212,195.27931213378906,195.27931213378906,0,0.0,0.0
2000-04-21 00:00:00+09:00,195.27931213378906,195.27931213378906,195.27931213378906,195.27931213378906,2000,0.0,0.0
2000-04-24 00:00:00+09:00,162.7327880859375,195.27934570312502,162.7327880859375,162.7327880859375,0,0.0,0.0
2000-04-25 00:00:00+09:00,178.7102203369141,189.36182287355135,178.7102203369141,178.71022033691406,0,0.0,0.0
2000-04-26 00:00:00+09:00,184.03599548339847,189.36179599577974,184.03599548339847,184.03599548339844,0,0.0,0.0
2000-04-27 00:00:00+09:00,189.3617706298828,189.3617706298828,189.3617706298828,189.3617706298828,2000,0.0,0.0
2000-04-28 00:00:00+09:00,189.3617706298828,189.3617706298828,189.3617706298828,189.3617706298828,1000,0.0,0.0
2000-05-01 00:00:00+09:00,178.7102203369141,207.11449376794678,178.7102203369141,178.71022033691406,0,0.0,0.0
2000-05-02 00:00:00+09:00,177.5266571044922,207.11443328857422,177.5266571044922,177.5266571044922,0,0.0,0.0
2000-05-03 00:00:00+09:00,177.5266571044922,177.5266571044922,177.5266571044922,177.5266571044922,0,0.0,0.0
2000-05-04 00:00:00+09:00,177.5266571044922,177.5266571044922,177.5266571044922,177.5266571044922,0,0.0,0.0
2000-05-05 00:00:00+09:00,177.5266571044922,177.5266571044922,177.5266571044922,177.5266571044922,0,0.0,0.0
2000-05-08 00:00:00+09:00,189.3617706298828,207.11443662643433,189.3617706298828,189.3617706298828,0,0.0,0.0
2000-05-09 00:00:00+09:00,189.3617706298828,189.3617706298828,189.3617706298828,189.3617706298828,0,0.0,0.0
2000-05-10 00:00:00+09:00,189.3617706298828,205.3391700267792,189.3617706298828,189.3617706298828,0,0.0,0.0
2000-05-11 00:00:00+09:00,177.52663556267234,201.1968536376953,177.52663556267234,201.1968536376953,5000,0.0,0.0
2000-05-12 00:00:00+09:00,189.3617706298828,195.27932596206665,189.3617706298828,189.3617706298828,0,0.0,0.0
2000-05-15 00:00:00+09:00,195.27930123465404,195.27930123465404,178.11839294433597,178.11839294433594,2000,0.0,0.0
2000-05-16 00:00:00+09:00,179.30190386090962,179.30190386090962,178.11839294433597,178.11839294433594,4000,0.0,0.0
2000-05-17 00:00:00+09:00,177.5266571044922,177.5266571044922,177.5266571044922,177.5266571044922,13000,0.0,0.0
2000-05-18 00:00:00+09:00,178.11839294433597,178.11839294433597,178.11839294433597,178.11839294433594,1000,0.0,0.0
2000-05-19 00:00:00+09:00,178.11839294433597,178.11839294433597,178.11839294433597,178.11839294433594,3000,0.0,0.0
2000-05-22 00:00:00+09:00,178.11839294433597,194.68754577636722,178.11839294433597,178.11839294433594,0,0.0,0.0
2000-05-23 00:00:00+09:00,177.5266571044922,194.68756729125977,177.5266571044922,177.5266571044922,0,0.0,0.0
2000-05-24 00:00:00+09:00,178.11839294433597,194.68754577636722,178.11839294433597,178.11839294433594,0,0.0,0.0
2000-05-25 00:00:00+09:00,177.5266571044922,194.68756729125977,177.5266571044922,177.5266571044922,0,0.0,0.0
2000-05-26 00:00:00+09:00,178.7102203369141,178.7102203369141,178.7102203369141,178.71022033691406,1000,0.0,0.0
2000-05-29 00:00:00+09:00,178.11839294433597,195.27930123465404,178.11839294433597,178.11839294433594,0,0.0,0.0
2000-05-30 00:00:00+09:00,178.11839294433597,178.11839294433597,178.11839294433597,178.11839294433594,0,0.0,0.0
2000-05-31 00:00:00+09:00,179.3019256591797,186.4029920219195,179.3019256591797,179.3019256591797,0,0.0,0.0
2000-06-01 00:00:00+09:00,178.11839294433597,178.11839294433597,178.11839294433597,178.11839294433594,1000,0.0,0.0
2000-06-02 00:00:00+09:00,179.89369201660156,186.40300324088648,179.89369201660156,179.89369201660156,0,0.0,0.0
2000-06-05 00:00:00+09:00,186.40298461914065,186.40298461914065,186.40298461914065,186.40298461914062,1000,0.0,0.0
2000-06-06 00:00:00+09:00,186.9947967529297,189.36181949663765,186.9947967529297,186.9947967529297,0,0.0,0.0
2000-06-07 00:00:00+09:00,189.3617706298828,189.3617706298828,189.3617706298828,189.3617706298828,2000,0.0,0.0
2000-06-08 00:00:00+09:00,190.5453338623047,190.5453338623047,190.5453338623047,190.5453338623047,6000,0.0,0.0
2000-06-09 00:00:00+09:00,179.3019256591797,179.3019256591797,179.3019256591797,179.3019256591797,2000,0.0,0.0
2000-06-12 00:00:00+09:00,179.3019256591797,183.4442143707779,179.3019256591797,179.3019256591797,0,0.0,0.0
2000-06-13 00:00:00+09:00,179.3019256591797,183.4442143707779,179.3019256591797,179.3019256591797,0,0.0,0.0
2000-06-14 00:00:00+09:00,179.3019256591797,179.3019256591797,179.3019256591797,179.3019256591797,9000,0.0,0.0
2000-06-15 00:00:00+09:00,179.3019256591797,179.3019256591797,179.3019256591797,179.3019256591797,2000,0.0,0.0
2000-06-16 00:00:00+09:00,179.3019256591797,188.17825861260442,179.3019256591797,179.3019256591797,0,0.0,0.0
2000-06-19 00:00:00+09:00,179.3019256591797,179.3019256591797,179.3019256591797,179.3019256591797,0,0.0,0.0
2000-06-20 00:00:00+09:00,179.3019256591797,179.3019256591797,179.3019256591797,179.3019256591797,0,0.0,0.0
2000-06-21 00:00:00+09:00,186.9947967529297,186.9947967529297,186.9947967529297,186.9947967529297,1000,0.0,0.0
2000-06-22 00:00:00+09:00,186.9947967529297,186.9947967529297,186.9947967529297,186.9947967529297,0,0.0,0.0
2000-06-23 00:00:00+09:00,186.9947967529297,186.9947967529297,186.9947967529297,186.9947967529297,0,0.0,0.0
2000-06-26 00:00:00+09:00,186.9947967529297,186.9947967529297,186.9947967529297,186.9947967529297,0,0.0,0.0
2000-06-27 00:00:00+09:00,189.3617706298828,189.3617706298828,189.3617706298828,189.3617706298828,3000,0.0,0.0
2000-06-28 00:00:00+09:00,189.3617706298828,189.3617706298828,189.3617706298828,189.3617706298828,0,0.0,0.0
2000-06-29 00:00:00+09:00,189.3617706298828,189.3617706298828,189.3617706298828,189.3617706298828,0,0.0,0.0
2000-06-30 00:00:00+09:00,178.7102203369141,183.44426590875287,178.7102203369141,178.71022033691406,0,0.0,0.0
2000-07-03 00:00:00+09:00,183.44424438476562,183.44424438476562,183.44424438476562,183.44424438476562,4000,0.0,0.0
2000-07-04 00:00:00+09:00,183.44424438476562,183.44424438476562,183.44424438476562,183.44424438476562,0,0.0,0.0
2000-07-05 00:00:00+09:00,183.44424438476562,183.44424438476562,183.44424438476562,183.44424438476562,0,0.0,0.0
2000-07-06 00:00:00+09:00,184.62777709960938,184.62777709960938,184.62777709960938,184.62777709960938,1000,0.0,0.0
2000-07-07 00:00:00+09:00,184.62777709960938,184.62777709960938,184.62777709960938,184.62777709960938,3000,0.0,0.0
2000-07-10 00:00:00+09:00,184.62777709960938,184.62777709960938,184.62777709960938,184.62777709960938,0,0.0,0.0
2000-07-11 00:00:00+09:00,184.62777709960938,184.62777709960938,184.62777709960938,184.62777709960938,0,0.0,0.0
2000-07-12 00:00:00+09:00,184.62777709960938,184.62777709960938,184.62777709960938,184.62777709960938,0,0.0,0.0
2000-07-13 00:00:00+09:00,186.9947967529297,189.36181949663765,186.9947967529297,186.9947967529297,0,0.0,0.0
2000-07-14 00:00:00+09:00,189.3617706298828,189.3617706298828,189.3617706298828,189.3617706298828,1000,0.0,0.0
2000-07-17 00:00:00+09:00,189.3617706298828,189.3617706298828,189.3617706298828,189.3617706298828,1000,0.0,0.0
2000-07-18 00:00:00+09:00,190.5453338623047,190.5453338623047,190.5453338623047,190.5453338623047,2000,0.0,0.0
2000-07-19 00:00:00+09:00,190.5453338623047,190.5453338623047,190.5453338623047,190.5453338623047,2000,0.0,0.0
2000-07-20 00:00:00+09:00,190.5453338623047,190.5453338623047,190.5453338623047,190.5453338623047,0,0.0,0.0
2000-07-21 00:00:00+09:00,190.5453338623047,190.5453338623047,190.5453338623047,190.5453338623047,0,0.0,0.0
2000-07-24 00:00:00+09:00,190.5453338623047,190.5453338623047,190.5453338623047,190.5453338623047,0,0.0,0.0
2000-07-25 00:00:00+09:00,190.5453338623047,190.5453338623047,190.5453338623047,190.5453338623047,0,0.0,0.0
2000-07-26 00:00:00+09:00,190.5453338623047,190.5453338623047,190.5453338623047,190.5453338623047,0,0.0,0.0
2000-07-27 00:00:00+09:00,190.5453338623047,190.5453338623047,190.5453338623047,190.5453338623047,0,0.0,0.0
2000-07-28 00:00:00+09:00,198.82984924316406,198.82984924316406,198.82984924316406,198.82984924316406,2000,0.0,0.0
2000-07-31 00:00:00+09:00,198.82984508167615,198.82984508167615,195.27931213378906,195.27931213378906,3000,0.0,0.0
2000-08-01 00:00:00+09:00,195.27931213378906,195.27931213378906,195.27931213378906,195.27931213378906,1000,0.0,0.0
2000-08-02 00:00:00+09:00,195.27931213378906,195.27931213378906,195.27931213378906,195.27931213378906,0,0.0,0.0
2000-08-03 00:00:00+09:00,189.95350646972656,201.19686043522438,189.95350646972656,189.95350646972656,0,0.0,0.0
2000-08-04 00:00:00+09:00,201.1968536376953,201.1968536376953,201.1968536376953,201.1968536376953,2000,0.0,0.0
2000-08-07 00:00:00+09:00,201.1968536376953,201.1968536376953,201.1968536376953,201.1968536376953,0,0.0,0.0
2000-08-08 00:00:00+09:00,201.1968536376953,213.03196267520678,201.1968536376953,201.1968536376953,0,0.0,0.0
2000-08-09 00:00:00+09:00,213.0320281982422,213.0320281982422,213.0320281982422,213.0320281982422,2000,0.0,0.0
2000-08-10 00:00:00+09:00,213.0320281982422,213.0320281982422,213.0320281982422,213.0320281982422,0,0.0,0.0
2000-08-11 00:00:00+09:00,201.1968536376953,236.1104252983542,201.1968536376953,201.1968536376953,0,0.0,0.0
2000-08-14 00:00:00+09:00,201.1968536376953,201.1968536376953,201.1968536376953,201.1968536376953,0,0.0,0.0
2000-08-15 00:00:00+09:00,201.1968536376953,201.1968536376953,201.1968536376953,201.1968536376953,0,0.0,0.0
2000-08-16 00:00:00+09:00,212.44029235839844,212.44029235839844,212.44029235839844,212.44029235839844,8000,0.0,0.0
2000-08-17 00:00:00+09:00,189.3617706298828,212.44023642539977,189.3617706298828,189.3617706298828,0,0.0,0.0
2000-08-18 00:00:00+09:00,189.3617706298828,212.44023642539977,189.3617706298828,189.3617706298828,0,0.0,0.0
2000-08-21 00:00:00+09:00,201.1968536376953,201.1968536376953,201.1968536376953,201.1968536376953,1000,0.0,0.0
2000-08-22 00:00:00+09:00,201.1968536376953,201.1968536376953,201.1968536376953,201.1968536376953,1000,0.0,0.0
2000-08-23 00:00:00+09:00,201.1968536376953,201.1968536376953,201.1968536376953,201.1968536376953,0,0.0,0.0
2000-08-24 00:00:00+09:00,201.1968536376953,201.1968536376953,201.1968536376953,201.1968536376953,0,0.0,0.0
2000-08-25 00:00:00+09:00,201.1968536376953,201.1968536376953,201.1968536376953,201.1968536376953,0,0.0,0.0
2000-08-28 00:00:00+09:00,201.1968536376953,201.1968536376953,201.1968536376953,201.1968536376953,0,0.0,0.0
2000-08-29 00:00:00+09:00,201.1968536376953,201.1968536376953,201.1968536376953,201.1968536376953,0,0.0,0.0
2000-08-30 00:00:00+09:00,201.1968536376953,201.1968536376953,201.1968536376953,201.1968536376953,1000,0.0,0.0
2000-08-31 00:00:00+09:00,201.1968536376953,201.1968536376953,201.1968536376953,201.1968536376953,0,0.0,0.0
2000-09-01 00:00:00+09:00,201.1968536376953,201.1968536376953,201.1968536376953,201.1968536376953,0,0.0,0.0
2000-09-04 00:00:00+09:00,153.8564453125,248.53733473557693,153.8564453125,153.8564453125,0,0.0,0.0
2000-09-05 00:00:00+09:00,180.48545837402344,248.53735251504867,180.48545837402344,180.48545837402344,0,0.0,0.0
2000-09-06 00:00:00+09:00,213.0320281982422,213.0320281982422,213.0320281982422,213.0320281982422,1000,0.0,0.0
2000-09-07 00:00:00+09:00,213.0320281982422,213.0320281982422,213.0320281982422,213.0320281982422,1000,0.0,0.0
2000-09-08 00:00:00+09:00,213.0320281982422,215.3990507337782,213.0320281982422,213.0320281982422,0,0.0,0.0
2000-09-11 00:00:00+09:00,213.03205098191356,215.99082946777347,213.03205098191356,215.99082946777344,2000,0.0,0.0
2000-09-12 00:00:00+09:00,215.99082946777347,215.99082946777347,215.99082946777347,215.99082946777344,1000,0.0,0.0
2000-09-13 00:00:00+09:00,215.99082946777347,215.99082946777347,215.99082946777347,215.99082946777344,0,0.0,0.0
2000-09-14 00:00:00+09:00,215.99082946777347,215.99082946777347,215.99082946777347,215.99082946777344,0,0.0,0.0
2000-09-15 00:00:00+09:00,215.99082946777347,215.99082946777347,215.99082946777347,215.99082946777344,0,0.0,0.0
2000-09-18 00:00:00+09:00,215.99082946777347,215.99082946777347,215.99082946777347,215.99082946777344,0,0.0,0.0
2000-09-19 00:00:00+09:00,215.99082946777347,215.99082946777347,215.99082946777347,215.99082946777344,0,0.0,0.0
2000-09-20 00:00:00+09:00,215.99082946777347,215.99082946777347,215.99082946777347,215.99082946777344,0,0.0,0.0
2000-09-21 00:00:00+09:00,215.99082946777347,215.99082946777347,215.99082946777347,215.99082946777344,0,0.0,0.0
2000-09-22 00:00:00+09:00,215.99082946777347,215.99082946777347,215.99082946777347,215.99082946777344,0,0.0,0.0
2000-09-25 00:00:00+09:00,215.99080065022346,217.7660675048828,215.99080065022346,217.7660675048828,3000,0.0,0.0
2000-09-26 00:00:00+09:00,213.0320281982422,213.0320281982422,213.0320281982422,213.0320281982422,2000,0.0,0.0
2000-09-27 00:00:00+09:00,213.0320281982422,213.0320281982422,213.0320281982422,213.0320281982422,1000,0.0,0.0
2000-09-28 00:00:00+09:00,213.0320281982422,213.0320281982422,213.0320281982422,213.0320281982422,0,0.0,0.0
2000-09-29 00:00:00+09:00,178.11839294433597,213.03196498325894,178.11839294433597,178.11839294433594,0,0.0,0.0
2000-10-02 00:00:00+09:00,180.48545837402344,213.0320164414703,180.48545837402344,180.48545837402344,0,0.0,0.0
2000-10-03 00:00:00+09:00,195.27931213378906,195.27931213378906,195.27931213378906,195.27931213378906,1000,0.0,0.0
2000-10-04 00:00:00+09:00,195.27931213378906,213.03197687322444,195.27931213378906,195.27931213378906,0,0.0,0.0
2000-10-05 00:00:00+09:00,201.1968536376953,213.03196267520678,201.1968536376953,201.1968536376953,0,0.0,0.0
2000-10-06 00:00:00+09:00,201.78865051269534,201.78865051269534,201.78865051269534,201.7886505126953,1000,0.0,0.0
2000-10-09 00:00:00+09:00,201.78865051269534,201.78865051269534,201.78865051269534,201.7886505126953,0,0.0,0.0
2000-10-10 00:00:00+09:00,195.27931213378906,207.1144219600793,195.27931213378906,195.27931213378906,0,0.0,0.0
2000-10-11 00:00:00+09:00,195.27931213378906,207.1144219600793,195.27931213378906,195.27931213378906,0,0.0,0.0
2000-10-12 00:00:00+09:00,195.27931213378906,207.1144219600793,195.27931213378906,195.27931213378906,0,0.0,0.0
2000-10-13 00:00:00+09:00,195.27931213378906,195.27931213378906,195.27931213378906,195.27931213378906,0,0.0,0.0
2000-10-16 00:00:00+09:00,195.27931213378906,195.27931213378906,195.27931213378906,195.27931213378906,0,0.0,0.0
2000-10-17 00:00:00+09:00,178.11839294433597,213.03196498325894,178.11839294433597,178.11839294433594,0,0.0,0.0
2000-10-18 00:00:00+09:00,180.48545837402344,180.48545837402344,180.48545837402344,180.48545837402344,1000,0.0,0.0
2000-10-19 00:00:00+09:00,180.48545837402344,180.48545837402344,180.48545837402344,180.48545837402344,0,0.0,0.0
2000-10-20 00:00:00+09:00,178.11839294433597,213.03196498325894,178.11839294433597,178.11839294433594,0,0.0,0.0
2000-10-23 00:00:00+09:00,166.28329467773438,213.0319789465636,166.28329467773438,166.28329467773438,0,0.0,0.0
2000-10-24 00:00:00+09:00,166.28329467773438,213.0319789465636,166.28329467773438,166.28329467773438,0,0.0,0.0
2000-10-25 00:00:00+09:00,166.28329467773438,213.0319789465636,166.28329467773438,166.28329467773438,0,0.0,0.0
2000-10-26 00:00:00+09:00,166.28329467773438,213.0319789465636,166.28329467773438,166.28329467773438,0,0.0,0.0
2000-10-27 00:00:00+09:00,166.28329467773438,166.28329467773438,166.28329467773438,166.28329467773438,0,0.0,0.0
2000-10-30 00:00:00+09:00,166.28329467773438,166.28329467773438,166.28329467773438,166.28329467773438,0,0.0,0.0
2000-10-31 00:00:00+09:00,213.0320281982422,213.0320281982422,213.0320281982422,213.0320281982422,1000,0.0,0.0
2000-11-01 00:00:00+09:00,211.2566833496094,211.2566833496094,211.2566833496094,211.25668334960938,1000,0.0,0.0
2000-11-02 00:00:00+09:00,211.2566833496094,211.2566833496094,211.2566833496094,211.25668334960938,0,0.0,0.0
2000-11-03 00:00:00+09:00,211.2566833496094,211.2566833496094,211.2566833496094,211.25668334960938,0,0.0,0.0
2000-11-06 00:00:00+09:00,211.2566833496094,211.2566833496094,211.2566833496094,211.25668334960938,0,0.0,0.0
2000-11-07 00:00:00+09:00,211.2566833496094,211.2566833496094,211.2566833496094,211.25668334960938,0,0.0,0.0
2000-11-08 00:00:00+09:00,211.2566833496094,211.2566833496094,211.2566833496094,211.25668334960938,0,0.0,0.0
2000-11-09 00:00:00+09:00,213.0320281982422,213.0320281982422,213.0320281982422,213.0320281982422,1000,0.0,0.0
2000-11-10 00:00:00+09:00,213.0320281982422,213.0320281982422,213.0320281982422,213.0320281982422,0,0.0,0.0
2000-11-13 00:00:00+09:00,213.0320281982422,213.0320281982422,213.0320281982422,213.0320281982422,0,0.0,0.0
2000-11-14 00:00:00+09:00,213.0320281982422,213.0320281982422,213.0320281982422,213.0320281982422,1000,0.0,0.0
2000-11-15 00:00:00+09:00,211.84849548339847,211.84849548339847,211.84849548339847,211.84849548339844,1000,0.0,0.0
2000-11-16 00:00:00+09:00,195.27931213378906,209.48144392533737,195.27931213378906,195.27931213378906,0,0.0,0.0
2000-11-17 00:00:00+09:00,195.27931213378906,209.48144392533737,195.27931213378906,195.27931213378906,0,0.0,0.0
2000-11-20 00:00:00+09:00,195.27931213378906,209.48144392533737,195.27931213378906,195.27931213378906,0,0.0,0.0
2000-11-21 00:00:00+09:00,207.1144561767578,207.1144561767578,207.1144561767578,207.1144561767578,1000,0.0,0.0
2000-11-22 00:00:00+09:00,195.27931213378906,195.27931213378906,195.27931213378906,195.27931213378906,1000,0.0,0.0
2000-11-23 00:00:00+09:00,195.27931213378906,195.27931213378906,195.27931213378906,195.27931213378906,0,0.0,0.0
2000-11-24 00:00:00+09:00,195.27931213378906,195.27931213378906,195.27931213378906,195.27931213378906,1000,0.0,0.0
2000-11-27 00:00:00+09:00,195.27931213378906,195.27931213378906,195.27931213378906,195.27931213378906,0,0.0,0.0
2000-11-28 00:00:00+09:00,195.27931213378906,195.27931213378906,195.27931213378906,195.27931213378906,0,0.0,0.0
2000-11-29 00:00:00+09:00,195.27934439522878,207.1144561767578,195.27934439522878,207.1144561767578,2000,0.0,0.0
2000-11-30 00:00:00+09:00,189.3617706298828,213.03199195861816,189.3617706298828,189.3617706298828,0,0.0,0.0
2000-12-01 00:00:00+09:00,210.07318115234375,210.07318115234375,210.07318115234375,210.07318115234375,1000,0.0,0.0
2000-12-04 00:00:00+09:00,210.07318115234375,210.07318115234375,210.07318115234375,210.07318115234375,0,0.0,0.0
2000-12-05 00:00:00+09:00,213.0320281982422,213.0320281982422,213.0320281982422,213.0320281982422,1000,0.0,0.0
2000-12-06 00:00:00+09:00,195.27931213378906,210.07319941665187,195.27931213378906,195.27931213378906,0,0.0,0.0
2000-12-07 00:00:00+09:00,195.27931213378906,210.07319941665187,195.27931213378906,195.27931213378906,0,0.0,0.0
2000-12-08 00:00:00+09:00,210.07318115234375,210.07318115234375,210.07318115234375,210.07318115234375,1000,0.0,0.0
2000-12-11 00:00:00+09:00,198.23814392089844,213.0320352582789,198.23814392089844,198.23814392089844,0,0.0,0.0
2000-12-12 00:00:00+09:00,210.07318115234375,210.07318115234375,210.07318115234375,210.07318115234375,1000,0.0,0.0
2000-12-13 00:00:00+09:00,204.15562438964847,204.15562438964847,204.15562438964847,204.15562438964844,1000,0.0,0.0
2000-12-14 00:00:00+09:00,204.1556267536862,210.07318115234375,204.1556267536862,210.07318115234375,3000,0.0,0.0
2000-12-15 00:00:00+09:00,210.07318115234375,210.07318115234375,210.07318115234375,210.07318115234375,1000,0.0,0.0
2000-12-18 00:00:00+09:00,189.3617706298828,213.03199195861816,189.3617706298828,189.3617706298828,0,0.0,0.0
2000-12-19 00:00:00+09:00,210.07325002882217,213.0320281982422,210.07325002882217,213.0320281982422,2000,0.0,0.0
2000-12-20 00:00:00+09:00,189.3617706298828,213.03199195861816,189.3617706298828,189.3617706298828,0,0.0,0.0
2000-12-21 00:00:00+09:00,189.3617706298828,213.03199195861816,189.3617706298828,189.3617706298828,0,0.0,0.0
2000-12-22 00:00:00+09:00,204.15562438964847,213.03195588485056,204.15562438964847,204.15562438964844,0,0.0,0.0
2000-12-25 00:00:00+09:00,204.15562438964847,213.03195588485056,204.15562438964847,204.15562438964844,0,0.0,0.0
2000-12-26 00:00:00+09:00,213.0320281982422,213.0320281982422,213.0320281982422,213.0320281982422,1000,0.0,0.0
2000-12-27 00:00:00+09:00,204.15562438964847,213.03195588485056,204.15562438964847,204.15562438964844,0,0.0,0.0
2000-12-28 00:00:00+09:00,204.15562438964847,210.0731787197832,204.15562438964847,204.15562438964844,0,0.0,0.0
2000-12-29 00:00:00+09:00,204.15562438964847,213.03195588485056,204.15562438964847,204.15562438964844,0,0.0,0.0
2001-01-01 00:00:00+09:00,204.15562438964847,204.15562438964847,204.15562438964847,204.15562438964844,0,0.0,0.0
2001-01-02 00:00:00+09:00,204.15562438964847,204.15562438964847,204.15562438964847,204.15562438964844,0,0.0,0.0
2001-01-03 00:00:00+09:00,204.15562438964847,204.15562438964847,204.15562438964847,204.15562438964844,0,0.0,0.0
2001-01-04 00:00:00+09:00,177.5266571044922,213.03198852539063,177.5266571044922,177.5266571044922,0,0.0,0.0
2001-01-05 00:00:00+09:00,177.5266571044922,213.03198852539063,177.5266571044922,177.5266571044922,0,0.0,0.0
2001-01-08 00:00:00+09:00,177.5266571044922,177.5266571044922,177.5266571044922,177.5266571044922,0,0.0,0.0
2001-01-09 00:00:00+09:00,204.15562438964847,204.15562438964847,204.15562438964847,204.15562438964844,2000,0.0,0.0
2001-01-10 00:00:00+09:00,201.1968536376953,201.1968536376953,201.1968536376953,201.1968536376953,1000,0.0,0.0
2001-01-11 00:00:00+09:00,195.27931213378906,201.1968670469342,195.27931213378906,195.27931213378906,0,0.0,0.0
2001-01-12 00:00:00+09:00,195.27931213378906,195.27931213378906,195.27931213378906,195.27931213378906,2000,0.0,0.0
2001-01-15 00:00:00+09:00,177.5266571044922,195.27932281494142,177.5266571044922,177.5266571044922,0,0.0,0.0
2001-01-16 00:00:00+09:00,177.5266571044922,177.5266571044922,177.5266571044922,177.5266571044922,0,0.0,0.0
2001-01-17 00:00:00+09:00,183.44424438476562,195.27935692571825,183.44424438476562,183.44424438476562,0,0.0,0.0
2001-01-18 00:00:00+09:00,195.27931213378906,195.27931213378906,195.27931213378906,195.27931213378906,1000,0.0,0.0
2001-01-19 00:00:00+09:00,184.03599548339847,195.27935212064787,184.03599548339847,184.03599548339844,0,0.0,0.0
2001-01-22 00:00:00+09:00,184.03599548339847,195.27935212064787,184.03599548339847,184.03599548339844,0,0.0,0.0
2001-01-23 00:00:00+09:00,195.27931213378906,195.27931213378906,195.27931213378906,195.27931213378906,1000,0.0,0.0
2001-01-24 00:00:00+09:00,183.44424438476562,207.11446946667087,183.44424438476562,183.44424438476562,0,0.0,0.0
2001-01-25 00:00:00+09:00,184.03599548339847,213.03202049525223,184.03599548339847,184.03599548339844,0,0.0,0.0
2001-01-26 00:00:00+09:00,213.0320281982422,213.0320281982422,213.0320281982422,213.0320281982422,1000,0.0,0.0
2001-01-29 00:00:00+09:00,189.3617706298828,213.03199195861816,189.3617706298828,189.3617706298828,0,0.0,0.0
2001-01-30 00:00:00+09:00,189.3617706298828,213.03199195861816,189.3617706298828,189.3617706298828,0,0.0,0.0
2001-01-31 00:00:00+09:00,210.07318115234375,210.07318115234375,210.07318115234375,210.07318115234375,2000,0.0,0.0
2001-02-01 00:00:00+09:00,189.95350646972656,213.03196987259054,189.95350646972656,189.95350646972656,0,0.0,0.0
2001-02-02 00:00:00+09:00,189.95350646972656,213.03196987259054,189.95350646972656,189.95350646972656,0,0.0,0.0
2001-02-05 00:00:00+09:00,189.95350646972656,213.03196987259054,189.95350646972656,189.95350646972656,0,0.0,0.0
2001-02-06 00:00:00+09:00,189.95350646972656,189.95350646972656,189.95350646972656,189.95350646972656,1000,0.0,0.0
2001-02-07 00:00:00+09:00,189.3617706298828,213.03199195861816,189.3617706298828,189.3617706298828,0,0.0,0.0
2001-02-08 00:00:00+09:00,189.3617706298828,189.3617706298828,189.3617706298828,189.3617706298828,1000,0.0,0.0
2001-02-09 00:00:00+09:00,189.3617706298828,189.3617706298828,189.3617706298828,189.3617706298828,1000,0.0,0.0
2001-02-12 00:00:00+09:00,189.3617706298828,189.3617706298828,189.3617706298828,189.3617706298828,0,0.0,0.0
2001-02-13 00:00:00+09:00,189.3617706298828,189.3617706298828,189.3617706298828,189.3617706298828,2000,0.0,0.0
2001-02-14 00:00:00+09:00,189.3617706298828,189.3617706298828,189.3617706298828,189.3617706298828,3000,0.0,0.0
2001-02-15 00:00:00+09:00,189.3617706298828,189.3617706298828,189.3617706298828,189.3617706298828,3000,0.0,0.0
2001-02-16 00:00:00+09:00,189.95350646972656,189.95350646972656,189.95350646972656,189.95350646972656,2000,0.0,0.0
2001-02-19 00:00:00+09:00,189.9535261631012,189.9535261631012,189.3617706298828,189.3617706298828,4000,0.0,0.0
2001-02-20 00:00:00+09:00,178.7102203369141,191.13708996299087,178.7102203369141,178.71022033691406,0,0.0,0.0
2001-02-21 00:00:00+09:00,179.3019256591797,192.32054732420264,179.3019256591797,179.3019256591797,0,0.0,0.0
2001-02-22 00:00:00+09:00,189.3617706298828,189.3617706298828,189.3617706298828,189.3617706298828,1000,0.0,0.0
2001-02-23 00:00:00+09:00,180.48545837402344,213.0320164414703,180.48545837402344,180.48545837402344,0,0.0,0.0
2001-02-26 00:00:00+09:00,196.462890625,196.462890625,196.462890625,196.462890625,1000,0.0,0.0
2001-02-27 00:00:00+09:00,184.62777709960938,213.03205049954929,184.62777709960938,184.62777709960938,0,0.0,0.0
2001-02-28 00:00:00+09:00,189.3617706298828,213.03199195861816,189.3617706298828,189.3617706298828,0,0.0,0.0
2001-03-01 00:00:00+09:00,189.3617706298828,189.3617706298828,189.3617706298828,189.3617706298828,2000,0.0,0.0
2001-03-02 00:00:00+09:00,184.62777709960938,236.11052263700046,184.62777709960938,184.62777709960938,0,0.0,0.0
2001-03-05 00:00:00+09:00,184.62777709960938,189.36182266626602,184.62777709960938,184.62777709960938,0,0.0,0.0
2001-03-06 00:00:00+09:00,184.62777709960938,184.62777709960938,184.62777709960938,184.62777709960938,0,0.0,0.0
2001-03-07 00:00:00+09:00,177.5266571044922,186.99474548339845,177.5266571044922,177.5266571044922,0,0.0,0.0
2001-03-08 00:00:00+09:00,185.21951293945312,185.21951293945312,185.21951293945312,185.21951293945312,1000,0.0,0.0
2001-03-09 00:00:00+09:00,189.3617706298828,189.3617706298828,189.3617706298828,189.3617706298828,1000,0.0,0.0
2001-03-12 00:00:00+09:00,178.11839294433597,189.36174665178572,178.11839294433597,178.11839294433594,0,0.0,0.0
2001-03-13 00:00:00+09:00,189.3617706298828,189.3617706298828,189.3617706298828,189.3617706298828,1000,0.0,0.0
2001-03-14 00:00:00+09:00,189.3617706298828,189.3617706298828,189.3617706298828,189.3617706298828,0,0.0,0.0
2001-03-15 00:00:00+09:00,153.8564453125,189.9535344050481,153.8564453125,153.8564453125,0,0.0,0.0
2001-03-16 00:00:00+09:00,189.95350646972656,189.95350646972656,189.95350646972656,189.95350646972656,1000,0.0,0.0
2001-03-19 00:00:00+09:00,189.3617706298828,189.3617706298828,189.3617706298828,189.3617706298828,1000,0.0,0.0
2001-03-20 00:00:00+09:00,189.3617706298828,189.3617706298828,189.3617706298828,189.3617706298828,0,0.0,0.0
2001-03-21 00:00:00+09:00,184.03599548339847,189.36179599577974,184.03599548339847,184.03599548339844,0,0.0,0.0
2001-03-22 00:00:00+09:00,185.21951293945312,189.36180236621408,185.21951293945312,185.21951293945312,0,0.0,0.0
2001-03-23 00:00:00+09:00,185.21951293945312,189.36180236621408,185.21951293945312,185.21951293945312,0,0.0,0.0
2001-03-26 00:00:00+09:00,189.3617706298828,189.3617706298828,189.3617706298828,189.3617706298828,2000,0.0,0.0
2001-03-27 00:00:00+09:00,190.54526194159484,190.54526194159484,189.36175099785825,189.95350646972656,7000,0.0,0.0
2001-03-28 00:00:00+09:00,178.11839294433597,190.5452575683594,178.11839294433597,178.11839294433594,0,0.0,0.0
2001-03-29 00:00:00+09:00,180.48545837402344,189.361792392418,180.48545837402344,180.48545837402344,0,0.0,0.0
2001-03-30 00:00:00+09:00,189.3617706298828,189.3617706298828,189.3617706298828,189.3617706298828,2000,0.0,0.0
2001-04-02 00:00:00+09:00,153.8564453125,189.36177884615387,153.8564453125,153.8564453125,0,0.0,0.0
2001-04-03 00:00:00+09:00,177.5266571044922,189.361767578125,177.5266571044922,177.5266571044922,0,0.0,0.0
2001-04-04 00:00:00+09:00,183.44424438476562,183.44424438476562,183.44424438476562,183.44424438476562,1000,0.0,0.0
2001-04-05 00:00:00+09:00,189.3617706298828,189.3617706298828,189.3617706298828,189.3617706298828,1000,0.0,0.0
2001-04-06 00:00:00+09:00,183.44424438476562,189.36180065524195,183.44424438476562,183.44424438476562,0,0.0,0.0
2001-04-09 00:00:00+09:00,183.44420708550348,186.40298461914065,183.44420708550348,186.40298461914062,2000,0.0,0.0
2001-04-10 00:00:00+09:00,181.0772247314453,186.40302545884074,181.0772247314453,181.0772247314453,0,0.0,0.0
2001-04-11 00:00:00+09:00,181.0772247314453,186.40302545884074,181.0772247314453,181.0772247314453,0,0.0,0.0
2001-04-12 00:00:00+09:00,181.0772247314453,186.40302545884074,181.0772247314453,181.0772247314453,0,0.0,0.0
2001-04-13 00:00:00+09:00,181.0772247314453,186.40302545884074,181.0772247314453,181.0772247314453,0,0.0,0.0
2001-04-16 00:00:00+09:00,186.4030225200038,186.4030225200038,183.44424438476562,183.44424438476562,2000,0.0,0.0
2001-04-17 00:00:00+09:00,181.6689910888672,183.4442581027649,181.6689910888672,181.6689910888672,0,0.0,0.0
2001-04-18 00:00:00+09:00,181.6689910888672,183.4442581027649,181.6689910888672,181.6689910888672,0,0.0,0.0
2001-04-19 00:00:00+09:00,183.44424438476562,183.44424438476562,183.44424438476562,183.44424438476562,1000,0.0,0.0
2001-04-20 00:00:00+09:00,183.44424438476562,183.44424438476562,183.44424438476562,183.44424438476562,1000,0.0,0.0
2001-04-23 00:00:00+09:00,184.62777709960938,186.40304418710562,184.62777709960938,184.62777709960938,0,0.0,0.0
2001-04-24 00:00:00+09:00,184.03599548339847,186.4030179333457,184.03599548339847,184.03599548339844,0,0.0,0.0
2001-04-25 00:00:00+09:00,183.44424438476562,186.4030225200038,183.44424438476562,183.44424438476562,0,0.0,0.0
2001-04-26 00:00:00+09:00,183.44424438476562,186.4030225200038,183.44424438476562,183.44424438476562,0,0.0,0.0
2001-04-27 00:00:00+09:00,186.4030225200038,186.4030225200038,183.44424438476562,183.44424438476562,8000,0.0,0.0
2001-04-30 00:00:00+09:00,183.44424438476562,183.44424438476562,183.44424438476562,183.44424438476562,0,0.0,0.0
2001-05-01 00:00:00+09:00,183.44424438476562,183.44424438476562,183.44424438476562,183.44424438476562,5000,0.0,0.0
2001-05-02 00:00:00+09:00,183.44420708550348,186.40298461914065,183.44420708550348,186.40298461914062,7000,0.0,0.0
2001-05-03 00:00:00+09:00,186.40298461914065,186.40298461914065,186.40298461914065,186.40298461914062,0,0.0,0.0
2001-05-04 00:00:00+09:00,186.40298461914065,186.40298461914065,186.40298461914065,186.40298461914062,0,0.0,0.0
2001-05-07 00:00:00+09:00,189.3617706298828,195.27932596206665,189.3617706298828,189.3617706298828,0,0.0,0.0
2001-05-08 00:00:00+09:00,195.8711375532479,205.93098449707028,195.8711375532479,205.9309844970703,2000,0.0,0.0
2001-05-09 00:00:00+09:00,205.9309449986049,207.1144561767578,205.9309449986049,207.1144561767578,3000,0.0,0.0
2001-05-10 00:00:00+09:00,195.87107849121094,224.27534365005724,195.87107849121094,195.87107849121094,0,0.0,0.0
2001-05-11 00:00:00+09:00,195.87107849121094,224.27534365005724,195.87107849121094,195.87107849121094,0,0.0,0.0
2001-05-14 00:00:00+09:00,221.90834045410156,221.90834045410156,221.90834045410156,221.90834045410156,1000,0.0,0.0
2001-05-15 00:00:00+09:00,207.1144561767578,221.90834590366907,207.1144561767578,207.1144561767578,0,0.0,0.0
2001-05-16 00:00:00+09:00,201.1968536376953,221.31653900146483,201.1968536376953,201.1968536376953,0,0.0,0.0
2001-05-17 00:00:00+09:00,220.1330596839292,220.1330596839292,213.62374877929688,213.62374877929688,2000,0.0,0.0
2001-05-18 00:00:00+09:00,207.70616149902347,207.70616149902347,207.70616149902347,207.70616149902344,1000,0.0,0.0
2001-05-21 00:00:00+09:00,208.29794311523438,208.29794311523438,208.29794311523438,208.29794311523438,1000,0.0,0.0
2001-05-22 00:00:00+09:00,208.29794311523438,208.29794311523438,208.29794311523438,208.29794311523438,1000,0.0,0.0
2001-05-23 00:00:00+09:00,189.95350646972656,221.90830195061514,189.95350646972656,189.95350646972656,0,0.0,0.0
2001-05-24 00:00:00+09:00,189.95350646972656,218.9495245912736,189.95350646972656,189.95350646972656,0,0.0,0.0
2001-05-25 00:00:00+09:00,207.70616149902347,218.94951497048058,207.70616149902347,207.70616149902344,0,0.0,0.0
2001-05-28 00:00:00+09:00,207.1144561767578,218.94956795828682,207.1144561767578,207.1144561767578,0,0.0,0.0
2001-05-29 00:00:00+09:00,210.07323412214006,210.07323412214006,207.1144561767578,207.1144561767578,2000,0.0,0.0
2001-05-30 00:00:00+09:00,210.07318115234375,210.07318115234375,210.07318115234375,210.07318115234375,3000,0.0,0.0
2001-05-31 00:00:00+09:00,210.07318115234375,210.07318115234375,210.07318115234375,210.07318115234375,2000,0.0,0.0
2001-06-01 00:00:00+09:00,210.66494750976565,213.03196939189783,210.66494750976565,210.66494750976562,0,0.0,0.0
2001-06-04 00:00:00+09:00,207.70616149902347,214.21547140355125,207.70616149902347,207.70616149902344,0,0.0,0.0
2001-06-05 00:00:00+09:00,207.70623437682193,207.70623437682193,198.23814392089844,198.23814392089844,3000,0.0,0.0
2001-06-06 00:00:00+09:00,198.23814392089844,198.23814392089844,198.23814392089844,198.23814392089844,1000,0.0,0.0
2001-06-07 00:00:00+09:00,201.1968536376953,201.1968536376953,201.1968536376953,201.1968536376953,1000,0.0,0.0
2001-06-08 00:00:00+09:00,201.1968536376953,218.94951719396255,201.1968536376953,201.1968536376953,0,0.0,0.0
2001-06-11 00:00:00+09:00,204.74740600585938,215.99076067092102,204.74740600585938,204.74740600585938,0,0.0,0.0
2001-06-12 00:00:00+09:00,204.74740600585938,213.03198312748376,204.74740600585938,204.74740600585938,0,0.0,0.0
2001-06-13 00:00:00+09:00,201.1968536376953,201.1968536376953,201.1968536376953,201.1968536376953,2000,0.0,0.0
2001-06-14 00:00:00+09:00,204.74740600585938,242.6197585618565,204.74740600585938,204.74740600585938,0,0.0,0.0
2001-06-15 00:00:00+09:00,205.33916151454684,205.33916151454684,204.74740600585938,204.74740600585938,3000,0.0,0.0
2001-06-18 00:00:00+09:00,219.54129028320312,219.54129028320312,219.54129028320312,219.54129028320312,1000,0.0,0.0
2001-06-19 00:00:00+09:00,201.78865051269534,218.9495621398747,201.78865051269534,201.7886505126953,0,0.0,0.0
2001-06-20 00:00:00+09:00,204.15562438964847,218.9495102149853,204.15562438964847,204.15562438964844,0,0.0,0.0
2001-06-21 00:00:00+09:00,204.15562438964847,218.9495102149853,204.15562438964847,204.15562438964844,0,0.0,0.0
2001-06-22 00:00:00+09:00,204.15562438964847,218.9495102149853,204.15562438964847,204.15562438964844,0,0.0,0.0
2001-06-25 00:00:00+09:00,204.74740600585938,218.94953821435828,204.74740600585938,204.74740600585938,0,0.0,0.0
2001-06-26 00:00:00+09:00,207.1144561767578,207.1144561767578,207.1144561767578,207.1144561767578,1000,0.0,0.0
2001-06-27 00:00:00+09:00,208.29794311523438,208.29794311523438,208.29794311523438,208.29794311523438,1000,0.0,0.0
2001-06-28 00:00:00+09:00,210.66494750976565,218.94952409722833,210.66494750976565,210.66494750976562,0,0.0,0.0
2001-06-29 00:00:00+09:00,210.66494750976565,210.66494750976565,210.66494750976565,210.66494750976562,1000,0.0,0.0
2001-07-02 00:00:00+09:00,210.07318115234375,218.94951275033011,210.07318115234375,210.07318115234375,0,0.0,0.0
2001-07-03 00:00:00+09:00,211.2566833496094,211.2566833496094,211.2566833496094,211.25668334960938,2000,0.0,0.0
2001-07-04 00:00:00+09:00,210.07318115234375,218.94951275033011,210.07318115234375,210.07318115234375,0,0.0,0.0
2001-07-05 00:00:00+09:00,210.07318115234375,210.07318115234375,210.07318115234375,210.07318115234375,1000,0.0,0.0
2001-07-06 00:00:00+09:00,210.07318115234375,218.94951275033011,210.07318115234375,210.07318115234375,0,0.0,0.0
2001-07-09 00:00:00+09:00,214.2154998779297,214.2154998779297,214.2154998779297,214.2154998779297,1000,0.0,0.0
2001-07-10 00:00:00+09:00,213.0320281982422,213.0320281982422,213.0320281982422,213.0320281982422,1000,0.0,0.0
2001-07-11 00:00:00+09:00,214.2154998779297,218.94954407412703,214.2154998779297,214.2154998779297,0,0.0,0.0
2001-07-12 00:00:00+09:00,214.2154998779297,218.94954407412703,214.2154998779297,214.2154998779297,0,0.0,0.0
2001-07-13 00:00:00+09:00,214.2154998779297,218.94954407412703,214.2154998779297,214.2154998779297,0,0.0,0.0
2001-07-16 00:00:00+09:00,213.0320281982422,224.2753852420383,213.0320281982422,213.0320281982422,0,0.0,0.0
2001-07-17 00:00:00+09:00,213.0320281982422,213.0320281982422,213.0320281982422,213.0320281982422,1000,0.0,0.0
2001-07-18 00:00:00+09:00,207.1144561767578,213.03201206752232,207.1144561767578,207.1144561767578,0,0.0,0.0
2001-07-19 00:00:00+09:00,207.1144561767578,213.03201206752232,207.1144561767578,207.1144561767578,0,0.0,0.0
2001-07-20 00:00:00+09:00,207.1144561767578,207.1144561767578,207.1144561767578,207.1144561767578,0,0.0,0.0
2001-07-23 00:00:00+09:00,207.1144561767578,207.1144561767578,207.1144561767578,207.1144561767578,1000,0.0,0.0
2001-07-24 00:00:00+09:00,207.1144561767578,224.27536825997487,207.1144561767578,207.1144561767578,0,0.0,0.0
2001-07-25 00:00:00+09:00,207.1144561767578,213.03201206752232,207.1144561767578,207.1144561767578,0,0.0,0.0
2001-07-26 00:00:00+09:00,218.94958496093753,218.94958496093753,218.94958496093753,218.9495849609375,1000,0.0,0.0
2001-07-27 00:00:00+09:00,207.1144561767578,218.94956795828682,207.1144561767578,207.1144561767578,0,0.0,0.0
2001-07-30 00:00:00+09:00,207.1144561767578,207.1144561767578,207.1144561767578,207.1144561767578,0,0.0,0.0
2001-07-31 00:00:00+09:00,207.1144561767578,207.1144561767578,207.1144561767578,207.1144561767578,0,0.0,0.0
2001-08-01 00:00:00+09:00,218.94956795828682,218.94956795828682,207.1144561767578,207.1144561767578,2000,0.0,0.0
2001-08-02 00:00:00+09:00,207.1144561767578,207.1144561767578,207.1144561767578,207.1144561767578,1000,0.0,0.0
2001-08-03 00:00:00+09:00,213.0320281982422,213.0320281982422,213.0320281982422,213.0320281982422,1000,0.0,0.0
2001-08-06 00:00:00+09:00,213.0320281982422,213.0320281982422,213.0320281982422,213.0320281982422,0,0.0,0.0
2001-08-07 00:00:00+09:00,215.99082946777347,215.99082946777347,215.99082946777347,215.99082946777344,1000,0.0,0.0
2001-08-08 00:00:00+09:00,215.99082946777347,215.99082946777347,215.99082946777347,215.99082946777344,0,0.0,0.0
2001-08-09 00:00:00+09:00,207.1144561767578,213.03201206752232,207.1144561767578,207.1144561767578,0,0.0,0.0
2001-08-10 00:00:00+09:00,207.1144561767578,207.1144561767578,207.1144561767578,207.1144561767578,2000,0.0,0.0
2001-08-13 00:00:00+09:00,207.1144561767578,207.1144561767578,207.1144561767578,207.1144561767578,0,0.0,0.0
2001-08-14 00:00:00+09:00,207.1144561767578,207.1144561767578,207.1144561767578,207.1144561767578,0,0.0,0.0
2001-08-15 00:00:00+09:00,207.1144561767578,207.1144561767578,207.1144561767578,207.1144561767578,1000,0.0,0.0
2001-08-16 00:00:00+09:00,207.1144561767578,207.1144561767578,207.1144561767578,207.1144561767578,1000,0.0,0.0
2001-08-17 00:00:00+09:00,195.27931213378906,213.03197687322444,195.27931213378906,195.27931213378906,0,0.0,0.0
2001-08-20 00:00:00+09:00,195.27931213378906,213.03197687322444,195.27931213378906,195.27931213378906,0,0.0,0.0
2001-08-21 00:00:00+09:00,201.1968536376953,213.03196267520678,201.1968536376953,201.1968536376953,0,0.0,0.0
2001-08-22 00:00:00+09:00,207.11447185940213,213.0320281982422,207.11447185940213,213.0320281982422,2000,0.0,0.0
2001-08-23 00:00:00+09:00,208.29794311523438,213.03198727694425,208.29794311523438,208.29794311523438,0,0.0,0.0
2001-08-24 00:00:00+09:00,209.4814453125,210.6649563029661,209.4814453125,209.4814453125,3000,0.0,0.0
2001-08-27 00:00:00+09:00,201.1968536376953,213.03196267520678,201.1968536376953,201.1968536376953,0,0.0,0.0
2001-08-28 00:00:00+09:00,207.1144561767578,207.1144561767578,207.1144561767578,207.1144561767578,1000,0.0,0.0
2001-08-29 00:00:00+09:00,201.1968536376953,213.03196267520678,201.1968536376953,201.1968536376953,0,0.0,0.0
2001-08-30 00:00:00+09:00,198.23814392089844,213.0320352582789,198.23814392089844,198.23814392089844,0,0.0,0.0
2001-08-31 00:00:00+09:00,186.40298461914065,201.1968722873264,186.40298461914065,186.40298461914062,0,0.0,0.0
2001-09-03 00:00:00+09:00,201.1968536376953,201.1968536376953,201.1968536376953,201.1968536376953,2000,0.0,0.0
2001-09-04 00:00:00+09:00,186.40298461914065,213.03198242187503,186.40298461914065,186.40298461914062,0,0.0,0.0
2001-09-05 00:00:00+09:00,189.3617706298828,207.11443662643433,189.3617706298828,189.3617706298828,0,0.0,0.0
2001-09-06 00:00:00+09:00,201.1968536376953,201.1968536376953,201.1968536376953,201.1968536376953,2000,0.0,0.0
2001-09-07 00:00:00+09:00,195.27931213378906,195.27931213378906,195.27931213378906,195.27931213378906,2000,0.0,0.0
2001-09-10 00:00:00+09:00,198.82984924316406,207.11442629496256,198.82984924316406,198.82984924316406,0,0.0,0.0
2001-09-11 00:00:00+09:00,198.82984924316406,207.11442629496256,198.82984924316406,198.82984924316406,0,0.0,0.0
2001-09-12 00:00:00+09:00,198.23814392089844,198.23814392089844,198.23814392089844,198.23814392089844,2000,0.0,0.0
2001-09-13 00:00:00+09:00,183.44424438476562,207.11446946667087,183.44424438476562,183.44424438476562,0,0.0,0.0
2001-09-14 00:00:00+09:00,189.95350646972656,207.11441515390746,189.95350646972656,189.95350646972656,0,0.0,0.0
2001-09-17 00:00:00+09:00,195.27931213378906,207.1144219600793,195.27931213378906,195.27931213378906,0,0.0,0.0
2001-09-18 00:00:00+09:00,195.27931213378906,206.5226664687648,195.27931213378906,195.27931213378906,0,0.0,0.0
2001-09-19 00:00:00+09:00,201.1968536376953,201.1968536376953,201.1968536376953,201.1968536376953,2000,0.0,0.0
2001-09-20 00:00:00+09:00,195.27931213378906,207.1144219600793,195.27931213378906,195.27931213378906,0,0.0,0.0
2001-09-21 00:00:00+09:00,204.15562438964847,207.1144015547158,204.15562438964847,204.15562438964844,0,0.0,0.0
2001-09-24 00:00:00+09:00,204.15562438964847,204.15562438964847,204.15562438964847,204.15562438964844,0,0.0,0.0
2001-09-25 00:00:00+09:00,161.4962921142578,213.2969895848688,161.4962921142578,161.4962921142578,0,10.0,0.0
2001-09-26 00:00:00+09:00,188.92019653320312,188.92019653320312,188.92019653320312,188.92019653320312,1000,0.0,0.0
2001-09-27 00:00:00+09:00,195.62376403808594,213.29693898233668,195.62376403808594,195.62376403808594,0,0.0,0.0
2001-09-28 00:00:00+09:00,195.62376403808594,195.62376403808594,195.62376403808594,195.62376403808594,0,0.0,0.0
2001-10-01 00:00:00+09:00,204.76507568359375,204.76507568359375,204.76507568359375,204.76507568359375,1000,0.0,0.0
2001-10-02 00:00:00+09:00,207.2027587890625,207.2027587890625,207.2027587890625,207.2027587890625,2000,0.0,0.0
2001-10-03 00:00:00+09:00,207.2027587890625,207.2027587890625,207.2027587890625,207.2027587890625,1000,0.0,0.0
2001-10-04 00:00:00+09:00,207.2027587890625,207.2027587890625,207.2027587890625,207.2027587890625,1000,0.0,0.0
2001-10-05 00:00:00+09:00,206.5933837890625,206.5933837890625,206.5933837890625,206.5933837890625,1000,0.0,0.0
2001-10-08 00:00:00+09:00,206.5933837890625,206.5933837890625,206.5933837890625,206.5933837890625,0,0.0,0.0
2001-10-09 00:00:00+09:00,206.5933837890625,206.5933837890625,206.5933837890625,206.5933837890625,1000,0.0,0.0
2001-10-10 00:00:00+09:00,207.2027587890625,213.2969575769761,207.2027587890625,207.2027587890625,0,0.0,0.0
2001-10-11 00:00:00+09:00,207.2027587890625,213.2969575769761,207.2027587890625,207.2027587890625,0,0.0,0.0
2001-10-12 00:00:00+09:00,207.2027587890625,207.2027587890625,207.2027587890625,207.2027587890625,1000,0.0,0.0
2001-10-15 00:00:00+09:00,207.2027587890625,213.2969575769761,207.2027587890625,207.2027587890625,0,0.0,0.0
2001-10-16 00:00:00+09:00,210.2498321533203,210.2498321533203,210.2498321533203,210.2498321533203,1000,0.0,0.0
2001-10-17 00:00:00+09:00,210.24985818301928,210.24985818301928,207.2027587890625,207.2027587890625,3000,0.0,0.0
2001-10-18 00:00:00+09:00,207.20273313660553,210.2498321533203,207.20273313660553,210.2498321533203,4000,0.0,0.0
2001-10-19 00:00:00+09:00,207.2027587890625,213.2969575769761,207.2027587890625,207.2027587890625,0,0.0,0.0
2001-10-22 00:00:00+09:00,207.2027587890625,213.2969575769761,207.2027587890625,207.2027587890625,0,0.0,0.0
2001-10-23 00:00:00+09:00,207.2027587890625,213.2969575769761,207.2027587890625,207.2027587890625,0,0.0,0.0
2001-10-24 00:00:00+09:00,207.2027587890625,210.24985818301928,207.2027587890625,207.2027587890625,0,0.0,0.0
2001-10-25 00:00:00+09:00,207.2027587890625,207.2027587890625,207.2027587890625,207.2027587890625,2000,0.0,0.0
2001-10-26 00:00:00+09:00,210.2498321533203,210.2498321533203,210.2498321533203,210.2498321533203,1000,0.0,0.0
2001-10-29 00:00:00+09:00,195.01436205553517,207.81217956542966,195.01436205553517,207.8121795654297,2000,0.0,0.0
2001-10-30 00:00:00+09:00,207.2027587890625,207.2027587890625,207.2027587890625,207.2027587890625,1000,0.0,0.0
2001-10-31 00:00:00+09:00,207.2027587890625,207.2027587890625,207.2027587890625,207.2027587890625,2000,0.0,0.0
2001-11-01 00:00:00+09:00,207.2027587890625,210.24985818301928,207.2027587890625,207.2027587890625,0,0.0,0.0
2001-11-02 00:00:00+09:00,198.0614606071921,207.2027587890625,198.0614606071921,207.2027587890625,3000,0.0,0.0
2001-11-05 00:00:00+09:00,207.2027587890625,212.07811781939338,207.2027587890625,207.2027587890625,0,0.0,0.0
2001-11-06 00:00:00+09:00,161.4962921142578,210.2498897336564,161.4962921142578,161.4962921142578,0,0.0,0.0
2001-11-07 00:00:00+09:00,198.06146240234372,210.2498600886418,198.06146240234372,198.06146240234375,0,0.0,0.0
2001-11-08 00:00:00+09:00,207.2027587890625,210.24985818301928,207.2027587890625,207.2027587890625,0,0.0,0.0
2001-11-09 00:00:00+09:00,207.2027587890625,207.2027587890625,207.2027587890625,207.2027587890625,0,0.0,0.0
2001-11-12 00:00:00+09:00,207.2027587890625,207.2027587890625,207.2027587890625,207.2027587890625,1000,0.0,0.0
2001-11-13 00:00:00+09:00,182.8259735107422,207.20276997884116,182.8259735107422,182.8259735107422,0,0.0,0.0
2001-11-14 00:00:00+09:00,185.87305473558828,201.10855102539062,185.87305473558828,201.10855102539062,2000,0.0,0.0
2001-11-15 00:00:00+09:00,182.8259735107422,204.1556704203288,182.8259735107422,182.8259735107422,0,0.0,0.0
2001-11-16 00:00:00+09:00,182.8259735107422,206.5933500671387,182.8259735107422,182.8259735107422,0,0.0,0.0
2001-11-19 00:00:00+09:00,191.96728515625,206.59336402529763,191.96728515625,191.96728515625,0,0.0,0.0
2001-11-20 00:00:00+09:00,204.15568542480466,204.15568542480466,204.15568542480466,204.1556854248047,1000,0.0,0.0
2001-11-21 00:00:00+09:00,191.96728515625,207.2027839781746,191.96728515625,191.96728515625,0,0.0,0.0
2001-11-22 00:00:00+09:00,191.96728515625,204.1556842137897,191.96728515625,191.96728515625,0,0.0,0.0
2001-11-23 00:00:00+09:00,191.96728515625,191.96728515625,191.96728515625,191.96728515625,0,0.0,0.0
2001-11-26 00:00:00+09:00,191.96728515625,191.96728515625,191.96728515625,191.96728515625,0,0.0,0.0
2001-11-27 00:00:00+09:00,188.92019653320312,206.59337620888988,188.92019653320312,188.92019653320312,0,0.0,0.0
2001-11-28 00:00:00+09:00,204.15568542480466,204.15568542480466,204.15568542480466,204.1556854248047,1000,0.0,0.0
2001-11-29 00:00:00+09:00,188.92019653320312,194.40497643255418,188.92019653320312,188.92019653320312,0,0.0,0.0
2001-11-30 00:00:00+09:00,194.40493774414062,194.40493774414062,194.40493774414062,194.40493774414062,3000,0.0,0.0
2001-12-03 00:00:00+09:00,194.40493774414062,205.98391522733397,194.40493774414062,194.40493774414062,0,0.0,0.0
2001-12-04 00:00:00+09:00,199.88972473144528,199.88972473144528,199.88972473144528,199.8897247314453,1000,0.0,0.0
2001-12-05 00:00:00+09:00,194.40493774414062,206.59333509487047,194.40493774414062,194.40493774414062,0,0.0,0.0
2001-12-06 00:00:00+09:00,194.40493774414062,195.01435761167713,194.40493774414062,194.40493774414062,0,0.0,0.0
2001-12-07 00:00:00+09:00,194.40497643255418,194.40497643255418,188.92019653320312,188.92019653320312,3000,0.0,0.0
2001-12-10 00:00:00+09:00,177.34120178222656,177.34120178222656,177.34120178222656,177.34120178222656,1000,0.0,0.0
2001-12-11 00:00:00+09:00,184.6542475564139,184.6542475564139,170.63758850097656,170.63758850097656,7000,0.0,0.0
2001-12-12 00:00:00+09:00,182.82598767961775,182.82598767961775,163.93396895272392,170.63758850097656,11000,0.0,0.0
2001-12-13 00:00:00+09:00,170.6375669282058,188.31074350291286,170.6375669282058,176.7317657470703,4000,0.0,0.0
2001-12-14 00:00:00+09:00,194.40493865013124,195.0143585205078,194.40493865013124,195.0143585205078,2000,0.0,0.0
2001-12-17 00:00:00+09:00,188.92016242532168,207.2027587890625,182.82596363740808,207.2027587890625,12000,0.0,0.0
2001-12-18 00:00:00+09:00,201.10855102539062,207.20274954131153,201.10855102539062,201.10855102539062,0,0.0,0.0
2001-12-19 00:00:00+09:00,188.92019653320312,201.1085963095388,188.92019653320312,188.92019653320312,0,0.0,0.0
2001-12-20 00:00:00+09:00,188.92019653320312,200.49917632072203,188.92019653320312,188.92019653320312,0,0.0,0.0
2001-12-21 00:00:00+09:00,188.92019653320312,200.49917632072203,188.92019653320312,188.92019653320312,0,0.0,0.0
2001-12-24 00:00:00+09:00,188.92019653320312,188.92019653320312,188.92019653320312,188.92019653320312,0,0.0,0.0
2001-12-25 00:00:00+09:00,188.92019653320312,199.88975633190523,188.92019653320312,188.92019653320312,0,0.0,0.0
2001-12-26 00:00:00+09:00,199.88972473144528,199.88972473144528,199.88972473144528,199.8897247314453,3000,0.0,0.0
2001-12-27 00:00:00+09:00,188.92019653320312,199.88975633190523,188.92019653320312,188.92019653320312,0,0.0,0.0
2001-12-28 00:00:00+09:00,188.92019653320312,199.88975633190523,188.92019653320312,188.92019653320312,0,0.0,0.0
2001-12-31 00:00:00+09:00,188.92019653320312,188.92019653320312,188.92019653320312,188.92019653320312,0,0.0,0.0
2002-01-01 00:00:00+09:00,188.92019653320312,188.92019653320312,188.92019653320312,188.92019653320312,0,0.0,0.0
2002-01-02 00:00:00+09:00,188.92019653320312,188.92019653320312,188.92019653320312,188.92019653320312,0,0.0,0.0
2002-01-03 00:00:00+09:00,188.92019653320312,188.92019653320312,188.92019653320312,188.92019653320312,0,0.0,0.0
2002-01-04 00:00:00+09:00,188.92019653320312,199.88975633190523,188.92019653320312,188.92019653320312,0,0.0,0.0
2002-01-07 00:00:00+09:00,188.92019653320312,199.88975633190523,188.92019653320312,188.92019653320312,0,0.0,0.0
2002-01-08 00:00:00+09:00,188.92019653320312,201.1085963095388,188.92019653320312,188.92019653320312,0,0.0,0.0
2002-01-09 00:00:00+09:00,188.92019653320312,199.88975633190523,188.92019653320312,188.92019653320312,0,0.0,0.0
2002-01-10 00:00:00+09:00,188.92019653320312,209.031056164157,188.92019653320312,188.92019653320312,0,0.0,0.0
2002-01-11 00:00:00+09:00,188.92019653320312,205.98395622007308,188.92019653320312,188.92019653320312,0,0.0,0.0
2002-01-14 00:00:00+09:00,188.92019653320312,188.92019653320312,188.92019653320312,188.92019653320312,0,0.0,0.0
2002-01-15 00:00:00+09:00,199.88972473144528,199.88972473144528,199.88972473144528,199.8897247314453,1000,0.0,0.0
2002-01-16 00:00:00+09:00,188.92019653320312,199.88975633190523,188.92019653320312,188.92019653320312,0,0.0,0.0
2002-01-17 00:00:00+09:00,188.92019653320312,199.88975633190523,188.92019653320312,188.92019653320312,0,0.0,0.0
2002-01-18 00:00:00+09:00,188.92019653320312,199.88975633190523,188.92019653320312,188.92019653320312,0,0.0,0.0
2002-01-21 00:00:00+09:00,188.92019653320312,198.0614963654549,188.92019653320312,188.92019653320312,0,0.0,0.0
2002-01-22 00:00:00+09:00,188.92019653320312,198.0614963654549,188.92019653320312,188.92019653320312,0,0.0,0.0
2002-01-23 00:00:00+09:00,191.96728515625,196.84264477926587,191.96728515625,191.96728515625,0,0.0,0.0
2002-01-24 00:00:00+09:00,191.96729647728705,191.96729647728705,188.92019653320312,188.92019653320312,2000,0.0,0.0
2002-01-25 00:00:00+09:00,176.7317657470703,188.9201633847993,176.7317657470703,176.7317657470703,0,0.0,0.0
2002-01-28 00:00:00+09:00,176.7317657470703,188.9201633847993,176.7317657470703,176.7317657470703,0,0.0,0.0
2002-01-29 00:00:00+09:00,188.92015399354875,201.10855102539062,188.92015399354875,201.10855102539062,6000,0.0,0.0
2002-01-30 00:00:00+09:00,188.92017262776693,188.92017262776693,182.8259735107422,182.8259735107422,2000,0.0,0.0
2002-01-31 00:00:00+09:00,182.8259735107422,182.8259735107422,182.8259735107422,182.8259735107422,0,0.0,0.0
2002-02-01 00:00:00+09:00,182.8259735107422,182.8259735107422,182.8259735107422,182.8259735107422,2000,0.0,0.0
2002-02-04 00:00:00+09:00,170.63758850097656,182.82598767961775,170.63758850097656,170.63758850097656,0,0.0,0.0
2002-02-05 00:00:00+09:00,170.63758850097656,182.82598767961775,170.63758850097656,170.63758850097656,0,0.0,0.0
2002-02-06 00:00:00+09:00,173.68467712402344,182.8259759200247,173.68467712402344,173.68467712402344,0,0.0,0.0
2002-02-07 00:00:00+09:00,173.68467712402344,182.8259759200247,173.68467712402344,173.68467712402344,0,0.0,0.0
2002-02-08 00:00:00+09:00,173.68467712402344,182.8259759200247,173.68467712402344,173.68467712402344,0,0.0,0.0
2002-02-11 00:00:00+09:00,173.68467712402344,173.68467712402344,173.68467712402344,173.68467712402344,0,0.0,0.0
2002-02-12 00:00:00+09:00,173.68467712402344,173.68467712402344,173.68467712402344,173.68467712402344,2000,0.0,0.0
2002-02-13 00:00:00+09:00,170.63758850097656,170.63758850097656,170.63758850097656,170.63758850097656,1000,0.0,0.0
2002-02-14 00:00:00+09:00,170.63758850097656,173.68468829563685,170.63758850097656,170.63758850097656,0,0.0,0.0
2002-02-15 00:00:00+09:00,170.63758850097656,170.63758850097656,170.63758850097656,170.63758850097656,1000,0.0,0.0
2002-02-18 00:00:00+09:00,161.4962921142578,170.63759166789504,161.4962921142578,161.4962921142578,0,0.0,0.0
2002-02-19 00:00:00+09:00,161.4962921142578,188.92019077516952,161.4962921142578,161.4962921142578,0,0.0,0.0
2002-02-20 00:00:00+09:00,161.4962921142578,188.92019077516952,161.4962921142578,161.4962921142578,0,0.0,0.0
2002-02-21 00:00:00+09:00,161.4962921142578,182.2165711025022,161.4962921142578,161.4962921142578,0,0.0,0.0
2002-02-22 00:00:00+09:00,161.4962921142578,182.2165711025022,161.4962921142578,161.4962921142578,0,0.0,0.0
2002-02-25 00:00:00+09:00,161.4962921142578,201.10859018001915,161.4962921142578,161.4962921142578,0,0.0,0.0
2002-02-26 00:00:00+09:00,185.873046875,185.873046875,185.873046875,185.873046875,3000,0.0,0.0
2002-02-27 00:00:00+09:00,176.7317657470703,191.96726279423154,176.7317657470703,176.7317657470703,0,0.0,0.0
2002-02-28 00:00:00+09:00,176.7317657470703,191.96726279423154,176.7317657470703,176.7317657470703,0,0.0,0.0
2002-03-01 00:00:00+09:00,187.0919342041016,187.0919342041016,187.0919342041016,187.09193420410156,3000,0.0,0.0
2002-03-04 00:00:00+09:00,185.873046875,185.873046875,185.873046875,185.873046875,3000,0.0,0.0
2002-03-05 00:00:00+09:00,185.873046875,185.873046875,185.873046875,185.873046875,3000,0.0,0.0
2002-03-06 00:00:00+09:00,185.873046875,185.873046875,185.873046875,185.873046875,3000,0.0,0.0
2002-03-07 00:00:00+09:00,137.1194610595703,191.96724548339844,137.1194610595703,137.1194610595703,0,0.0,0.0
2002-03-08 00:00:00+09:00,137.1194610595703,185.26362738715278,137.1194610595703,137.1194610595703,0,0.0,0.0
2002-03-11 00:00:00+09:00,182.8259735107422,185.87307306925456,182.8259735107422,182.8259735107422,0,0.0,0.0
2002-03-12 00:00:00+09:00,185.873046875,185.873046875,185.873046875,185.873046875,1000,0.0,0.0
2002-03-13 00:00:00+09:00,137.1194610595703,188.92014634874133,137.1194610595703,137.1194610595703,0,0.0,0.0
2002-03-14 00:00:00+09:00,134.07237243652344,188.92016116055575,134.07237243652344,134.07237243652344,0,0.0,0.0
2002-03-15 00:00:00+09:00,176.7317657470703,185.2636440934806,176.7317657470703,176.7317657470703,0,0.0,0.0
2002-03-18 00:00:00+09:00,185.26365661621094,185.26365661621094,185.26365661621094,185.26365661621094,2000,0.0,0.0
2002-03-19 00:00:00+09:00,182.8259735107422,185.26365315755208,182.8259735107422,182.8259735107422,0,0.0,0.0
2002-03-20 00:00:00+09:00,185.26365661621094,185.26365661621094,185.26365661621094,185.26365661621094,1000,0.0,0.0
2002-03-21 00:00:00+09:00,185.26365661621094,185.26365661621094,185.26365661621094,185.26365661621094,0,0.0,0.0
2002-03-22 00:00:00+09:00,182.8259735107422,201.10857086181642,182.8259735107422,182.8259735107422,0,0.0,0.0
2002-03-25 00:00:00+09:00,182.8259735107422,201.10857086181642,182.8259735107422,182.8259735107422,0,0.0,0.0
2002-03-26 00:00:00+09:00,182.8259735107422,182.8259735107422,182.8259735107422,182.8259735107422,0,0.0,0.0
2002-03-27 00:00:00+09:00,185.873046875,191.9672451331967,185.873046875,185.873046875,0,0.0,0.0
2002-03-28 00:00:00+09:00,185.873046875,185.873046875,185.873046875,185.873046875,1000,0.0,0.0
2002-03-29 00:00:00+09:00,182.8259735107422,185.87307306925456,182.8259735107422,182.8259735107422,0,0.0,0.0
2002-04-01 00:00:00+09:00,182.8259735107422,185.87307306925456,182.8259735107422,182.8259735107422,0,0.0,0.0
2002-04-02 00:00:00+09:00,182.8259735107422,185.87307306925456,182.8259735107422,182.8259735107422,0,0.0,0.0
2002-04-03 00:00:00+09:00,182.8259735107422,182.8259735107422,182.8259735107422,182.8259735107422,1000,0.0,0.0
2002-04-04 00:00:00+09:00,140.1665802001953,195.01437245244563,140.1665802001953,140.1665802001953,0,0.0,0.0
2002-04-05 00:00:00+09:00,118.83686065673828,195.01433543669873,118.83686065673828,118.83686065673828,0,0.0,0.0
2002-04-08 00:00:00+09:00,146.2607879638672,191.96728420257568,146.2607879638672,146.2607879638672,0,0.0,0.0
2002-04-09 00:00:00+09:00,176.7317657470703,191.96726279423154,176.7317657470703,176.7317657470703,0,0.0,0.0
2002-04-10 00:00:00+09:00,146.2607879638672,191.35786425272622,146.2607879638672,146.2607879638672,0,0.0,0.0
2002-04-11 00:00:00+09:00,146.2607879638672,195.0143839518229,146.2607879638672,146.2607879638672,0,0.0,0.0
2002-04-12 00:00:00+09:00,170.63758850097656,195.01438685825892,170.63758850097656,170.63758850097656,0,0.0,0.0
2002-04-15 00:00:00+09:00,176.7317657470703,195.01436220366378,176.7317657470703,176.7317657470703,0,0.0,0.0
2002-04-16 00:00:00+09:00,176.7317657470703,195.01436220366378,176.7317657470703,176.7317657470703,0,0.0,0.0
2002-04-17 00:00:00+09:00,176.7317657470703,176.7317657470703,176.7317657470703,176.7317657470703,1000,0.0,0.0
2002-04-18 00:00:00+09:00,168.19993591308594,195.01441844995472,168.19993591308594,168.19993591308594,0,0.0,0.0
2002-04-19 00:00:00+09:00,146.2607879638672,188.92018445332843,146.2607879638672,146.2607879638672,0,0.0,0.0
2002-04-22 00:00:00+09:00,146.2607879638672,188.92018445332843,146.2607879638672,146.2607879638672,0,0.0,0.0
2002-04-23 00:00:00+09:00,179.77888488769528,179.77888488769528,179.77888488769528,179.7788848876953,3000,0.0,0.0
2002-04-24 00:00:00+09:00,146.2607879638672,188.92018445332843,146.2607879638672,146.2607879638672,0,0.0,0.0
2002-04-25 00:00:00+09:00,146.2607879638672,188.92018445332843,146.2607879638672,146.2607879638672,0,0.0,0.0
2002-04-26 00:00:00+09:00,188.92019653320312,188.92019653320312,188.92019653320312,188.92019653320312,1000,0.0,0.0
2002-04-29 00:00:00+09:00,188.92019653320312,188.92019653320312,188.92019653320312,188.92019653320312,0,0.0,0.0
2002-04-30 00:00:00+09:00,146.2607879638672,201.10858345031738,146.2607879638672,146.2607879638672,0,0.0,0.0
2002-05-01 00:00:00+09:00,179.77888488769528,179.77888488769528,179.77888488769528,179.7788848876953,2000,0.0,0.0
2002-05-02 00:00:00+09:00,182.8259735107422,201.10857086181642,182.8259735107422,182.8259735107422,0,0.0,0.0
2002-05-03 00:00:00+09:00,182.8259735107422,182.8259735107422,182.8259735107422,182.8259735107422,0,0.0,0.0
2002-05-06 00:00:00+09:00,182.8259735107422,182.8259735107422,182.8259735107422,182.8259735107422,0,0.0,0.0
2002-05-07 00:00:00+09:00,146.2607879638672,201.10858345031738,146.2607879638672,146.2607879638672,0,0.0,0.0
2002-05-08 00:00:00+09:00,146.2607879638672,201.10858345031738,146.2607879638672,146.2607879638672,0,0.0,0.0
2002-05-09 00:00:00+09:00,146.2607879638672,201.10858345031738,146.2607879638672,146.2607879638672,0,0.0,0.0
2002-05-10 00:00:00+09:00,179.77888488769528,179.77888488769528,179.77888488769528,179.7788848876953,1000,0.0,0.0
2002-05-13 00:00:00+09:00,146.2607879638672,201.10858345031738,146.2607879638672,146.2607879638672,0,0.0,0.0
2002-05-14 00:00:00+09:00,146.2607879638672,201.10858345031738,146.2607879638672,146.2607879638672,0,0.0,0.0
2002-05-15 00:00:00+09:00,146.2607879638672,201.10858345031738,146.2607879638672,146.2607879638672,0,0.0,0.0
2002-05-16 00:00:00+09:00,146.2607879638672,179.77888520558673,146.2607879638672,146.2607879638672,0,0.0,0.0
2002-05-17 00:00:00+09:00,179.77888488769528,179.77888488769528,179.77888488769528,179.7788848876953,1000,0.0,0.0
2002-05-20 00:00:00+09:00,173.68467712402344,201.10857351202714,173.68467712402344,173.68467712402344,0,0.0,0.0
2002-05-21 00:00:00+09:00,173.68467712402344,201.10857351202714,173.68467712402344,173.68467712402344,0,0.0,0.0
2002-05-22 00:00:00+09:00,173.68467712402344,201.10857351202714,173.68467712402344,173.68467712402344,0,0.0,0.0
2002-05-23 00:00:00+09:00,173.68467712402344,201.10857351202714,173.68467712402344,173.68467712402344,0,0.0,0.0
2002-05-24 00:00:00+09:00,179.77888488769528,179.77888488769528,179.77888488769528,179.7788848876953,1000,0.0,0.0
2002-05-27 00:00:00+09:00,179.77888488769528,179.77888488769528,179.77888488769528,179.7788848876953,1000,0.0,0.0
2002-05-28 00:00:00+09:00,179.77888488769528,195.01438360699152,179.77888488769528,179.7788848876953,0,0.0,0.0
2002-05-29 00:00:00+09:00,179.77888488769528,179.77888488769528,179.77888488769528,179.7788848876953,1000,0.0,0.0
2002-05-30 00:00:00+09:00,179.77888488769528,179.77888488769528,179.77888488769528,179.7788848876953,0,0.0,0.0
2002-05-31 00:00:00+09:00,179.77888488769528,179.77888488769528,179.77888488769528,179.7788848876953,0,0.0,0.0
2002-06-03 00:00:00+09:00,182.8259735107422,182.8259735107422,182.8259735107422,182.8259735107422,1000,0.0,0.0
2002-06-04 00:00:00+09:00,179.77888488769528,213.29698207014695,179.77888488769528,179.7788848876953,0,0.0,0.0
2002-06-05 00:00:00+09:00,179.77888488769528,207.20278258242848,179.77888488769528,179.7788848876953,0,0.0,0.0
2002-06-06 00:00:00+09:00,179.77888488769528,207.20278258242848,179.77888488769528,179.7788848876953,0,0.0,0.0
2002-06-07 00:00:00+09:00,179.77888488769528,207.20278258242848,179.77888488769528,179.7788848876953,0,0.0,0.0
2002-06-10 00:00:00+09:00,176.7317657470703,213.29695866025727,176.7317657470703,176.7317657470703,0,0.0,0.0
2002-06-11 00:00:00+09:00,176.7317657470703,213.29695866025727,176.7317657470703,176.7317657470703,0,0.0,0.0
2002-06-12 00:00:00+09:00,176.7317657470703,207.20275984139278,176.7317657470703,176.7317657470703,0,0.0,0.0
2002-06-13 00:00:00+09:00,207.2027587890625,207.2027587890625,207.2027587890625,207.2027587890625,1000,0.0,0.0
2002-06-14 00:00:00+09:00,182.8259735107422,204.1556704203288,182.8259735107422,182.8259735107422,0,0.0,0.0
2002-06-17 00:00:00+09:00,182.8259735107422,204.1556704203288,182.8259735107422,182.8259735107422,0,0.0,0.0
2002-06-18 00:00:00+09:00,182.8259735107422,204.1556704203288,182.8259735107422,182.8259735107422,0,0.0,0.0
2002-06-19 00:00:00+09:00,182.8259735107422,204.1556704203288,182.8259735107422,182.8259735107422,0,0.0,0.0
2002-06-20 00:00:00+09:00,182.8259735107422,204.1556704203288,182.8259735107422,182.8259735107422,0,0.0,0.0
2002-06-21 00:00:00+09:00,182.8259735107422,182.8259735107422,182.8259735107422,182.8259735107422,1000,0.0,0.0
2002-06-24 00:00:00+09:00,182.8259735107422,182.8259735107422,182.8259735107422,182.8259735107422,1000,0.0,0.0
2002-06-25 00:00:00+09:00,134.07237243652344,204.15565802834251,134.07237243652344,134.07237243652344,0,0.0,0.0
2002-06-26 00:00:00+09:00,171.8564453125,204.15570631094857,171.8564453125,171.8564453125,0,0.0,0.0
2002-06-27 00:00:00+09:00,149.30789184570312,198.06148918307557,149.30789184570312,149.30789184570312,0,0.0,0.0
2002-06-28 00:00:00+09:00,170.63758850097656,170.63758850097656,170.63758850097656,170.63758850097656,1000,0.0,0.0
2002-07-01 00:00:00+09:00,171.2469940185547,191.96727087489225,171.2469940185547,171.2469940185547,0,0.0,0.0
2002-07-02 00:00:00+09:00,179.77888488769528,191.96728386313225,179.77888488769528,179.7788848876953,0,0.0,0.0
2002-07-03 00:00:00+09:00,179.77888488769528,191.96728386313225,179.77888488769528,179.7788848876953,0,0.0,0.0
2002-07-04 00:00:00+09:00,179.77888488769528,179.77888488769528,179.77888488769528,179.7788848876953,1000,0.0,0.0
2002-07-05 00:00:00+09:00,179.77888488769528,188.92018411927302,179.77888488769528,179.7788848876953,0,0.0,0.0
2002-07-08 00:00:00+09:00,182.8259735107422,182.8259735107422,182.8259735107422,182.8259735107422,1000,0.0,0.0
2002-07-09 00:00:00+09:00,143.2136993408203,188.92019913044382,143.2136993408203,143.2136993408203,0,0.0,0.0
2002-07-10 00:00:00+09:00,179.77888488769528,188.92018411927302,179.77888488769528,179.7788848876953,0,0.0,0.0
2002-07-11 00:00:00+09:00,179.77888488769528,188.92018411927302,179.77888488769528,179.7788848876953,0,0.0,0.0
2002-07-12 00:00:00+09:00,179.77888488769528,188.92018411927302,179.77888488769528,179.7788848876953,0,0.0,0.0
2002-07-15 00:00:00+09:00,179.77888488769528,188.92018411927302,179.77888488769528,179.7788848876953,0,0.0,0.0
2002-07-16 00:00:00+09:00,179.77888488769528,188.92018411927302,179.77888488769528,179.7788848876953,0,0.0,0.0
2002-07-17 00:00:00+09:00,188.92019653320312,188.92019653320312,188.92019653320312,188.92019653320312,1000,0.0,0.0
2002-07-18 00:00:00+09:00,179.77888488769528,188.92018411927302,179.77888488769528,179.7788848876953,0,0.0,0.0
2002-07-19 00:00:00+09:00,182.8259735107422,182.8259735107422,182.8259735107422,182.8259735107422,1000,0.0,0.0
2002-07-22 00:00:00+09:00,140.1665802001953,188.92017331330672,140.1665802001953,140.1665802001953,0,0.0,0.0
2002-07-23 00:00:00+09:00,164.5433807373047,164.5433807373047,164.5433807373047,164.5433807373047,1000,0.0,0.0
2002-07-24 00:00:00+09:00,165.1527862548828,182.8259626437817,165.1527862548828,165.1527862548828,0,0.0,0.0
2002-07-25 00:00:00+09:00,165.1527862548828,165.1527862548828,165.1527862548828,165.1527862548828,1000,0.0,0.0
2002-07-26 00:00:00+09:00,177.34120178222656,177.34120178222656,177.34120178222656,177.34120178222656,1000,0.0,0.0
2002-07-29 00:00:00+09:00,182.8259735107422,182.8259735107422,182.8259735107422,182.8259735107422,2000,0.0,0.0
2002-07-30 00:00:00+09:00,182.8259735107422,195.01437174479167,182.8259735107422,182.8259735107422,0,0.0,0.0
2002-07-31 00:00:00+09:00,182.8259735107422,195.01437174479167,182.8259735107422,182.8259735107422,0,0.0,0.0
2002-08-01 00:00:00+09:00,146.2607879638672,195.0143839518229,146.2607879638672,146.2607879638672,0,0.0,0.0
2002-08-02 00:00:00+09:00,146.2607879638672,195.0143839518229,146.2607879638672,146.2607879638672,0,0.0,0.0
2002-08-05 00:00:00+09:00,151.13613891601562,194.40495287987494,151.13613891601562,151.13613891601562,0,0.0,0.0
2002-08-06 00:00:00+09:00,151.13613891601562,194.40495287987494,151.13613891601562,151.13613891601562,0,0.0,0.0
2002-08-07 00:00:00+09:00,151.13613891601562,194.40495287987494,151.13613891601562,151.13613891601562,0,0.0,0.0
2002-08-08 00:00:00+09:00,185.873046875,185.873046875,185.873046875,185.873046875,1000,0.0,0.0
2002-08-09 00:00:00+09:00,151.13613891601562,185.87307407009988,151.13613891601562,151.13613891601562,0,0.0,0.0
2002-08-12 00:00:00+09:00,151.13613891601562,201.1085719446982,151.13613891601562,151.13613891601562,0,0.0,0.0
2002-08-13 00:00:00+09:00,151.13613891601562,201.1085719446982,151.13613891601562,151.13613891601562,0,0.0,0.0
2002-08-14 00:00:00+09:00,151.13613891601562,176.12235543035692,151.13613891601562,151.13613891601562,0,0.0,0.0
2002-08-15 00:00:00+09:00,165.1527862548828,176.12234401350972,165.1527862548828,165.1527862548828,0,0.0,0.0
2002-08-16 00:00:00+09:00,151.13613891601562,176.12235543035692,151.13613891601562,151.13613891601562,0,0.0,0.0
2002-08-19 00:00:00+09:00,167.59048461914062,167.59048461914062,167.59048461914062,167.59048461914062,1000,0.0,0.0
2002-08-20 00:00:00+09:00,161.4962921142578,182.8259910727447,161.4962921142578,161.4962921142578,0,0.0,0.0
2002-08-21 00:00:00+09:00,164.5433807373047,182.82597859700522,164.5433807373047,164.5433807373047,0,0.0,0.0
2002-08-22 00:00:00+09:00,161.4962921142578,182.8259910727447,161.4962921142578,161.4962921142578,0,0.0,0.0
2002-08-23 00:00:00+09:00,161.4962921142578,161.4962921142578,161.4962921142578,161.4962921142578,0,0.0,0.0
2002-08-26 00:00:00+09:00,164.5433807373047,192.57669745551215,164.5433807373047,164.5433807373047,0,0.0,0.0
2002-08-27 00:00:00+09:00,165.1527862548828,192.57668065145006,165.1527862548828,165.1527862548828,0,0.0,0.0
2002-08-28 00:00:00+09:00,164.5433807373047,182.82597859700522,164.5433807373047,164.5433807373047,0,0.0,0.0
2002-08-29 00:00:00+09:00,170.63758850097656,182.82598767961775,170.63758850097656,170.63758850097656,0,0.0,0.0
2002-08-30 00:00:00+09:00,176.7317657470703,176.7317657470703,176.7317657470703,176.7317657470703,1000,0.0,0.0
2002-09-02 00:00:00+09:00,164.5433807373047,164.5433807373047,164.5433807373047,164.5433807373047,1000,0.0,0.0
2002-09-03 00:00:00+09:00,164.5433807373047,192.57669745551215,164.5433807373047,164.5433807373047,0,0.0,0.0
2002-09-04 00:00:00+09:00,164.5433807373047,192.57669745551215,164.5433807373047,164.5433807373047,0,0.0,0.0
2002-09-05 00:00:00+09:00,164.5433807373047,164.5433807373047,164.5433807373047,164.5433807373047,1000,0.0,0.0
2002-09-06 00:00:00+09:00,164.5433807373047,192.57669745551215,164.5433807373047,164.5433807373047,0,0.0,0.0
2002-09-09 00:00:00+09:00,164.5433807373047,182.82597859700522,164.5433807373047,164.5433807373047,0,0.0,0.0
2002-09-10 00:00:00+09:00,164.5433807373047,164.5433807373047,164.5433807373047,164.5433807373047,1000,0.0,0.0
2002-09-11 00:00:00+09:00,158.44918823242188,182.82598642202524,158.44918823242188,158.44918823242188,0,0.0,0.0
2002-09-12 00:00:00+09:00,164.5433807373047,182.82597859700522,164.5433807373047,164.5433807373047,0,0.0,0.0
2002-09-13 00:00:00+09:00,164.5433807373047,164.5433807373047,164.5433807373047,164.5433807373047,1000,0.0,0.0
2002-09-16 00:00:00+09:00,164.5433807373047,164.5433807373047,164.5433807373047,164.5433807373047,0,0.0,0.0
2002-09-17 00:00:00+09:00,164.5433807373047,210.249875386556,164.5433807373047,164.5433807373047,0,0.0,0.0
2002-09-18 00:00:00+09:00,164.5433807373047,210.249875386556,164.5433807373047,164.5433807373047,0,0.0,0.0
2002-09-19 00:00:00+09:00,164.5433807373047,187.091918097602,164.5433807373047,164.5433807373047,0,0.0,0.0
2002-09-20 00:00:00+09:00,164.5433807373047,181.60713873969183,164.5433807373047,164.5433807373047,0,0.0,0.0
2002-09-23 00:00:00+09:00,164.5433807373047,164.5433807373047,164.5433807373047,164.5433807373047,0,0.0,0.0
2002-09-24 00:00:00+09:00,176.12237548828125,176.12237548828125,176.12237548828125,176.12237548828125,1000,0.0,0.0
2002-09-25 00:00:00+09:00,157.8157196044922,192.5351779174805,157.8157196044922,157.8157196044922,0,10.0,0.0
2002-09-26 00:00:00+09:00,157.8157196044922,189.37886352539064,157.8157196044922,157.8157196044922,0,0.0,0.0
2002-09-27 00:00:00+09:00,157.8157196044922,189.37886352539064,157.8157196044922,157.8157196044922,0,0.0,0.0
2002-09-30 00:00:00+09:00,157.8157196044922,189.37886352539064,157.8157196044922,157.8157196044922,0,0.0,0.0
2002-10-01 00:00:00+09:00,157.8157196044922,189.37886352539064,157.8157196044922,157.8157196044922,0,0.0,0.0
2002-10-02 00:00:00+09:00,157.8157196044922,189.37886352539064,157.8157196044922,157.8157196044922,0,0.0,0.0
2002-10-03 00:00:00+09:00,170.4409942626953,170.4409942626953,170.4409942626953,170.4409942626953,1000,0.0,0.0
2002-10-04 00:00:00+09:00,160.9720458984375,160.9720458984375,160.9720458984375,160.9720458984375,1000,0.0,0.0
2002-10-07 00:00:00+09:00,160.9720458984375,170.44098977481616,160.9720458984375,160.9720458984375,0,0.0,0.0
2002-10-08 00:00:00+09:00,171.70350646972656,171.70350646972656,171.70350646972656,171.70350646972656,1000,0.0,0.0
2002-10-09 00:00:00+09:00,176.7536163330078,176.7536163330078,176.7536163330078,176.7536163330078,1000,0.0,0.0
2002-10-10 00:00:00+09:00,164.1283721923828,179.9099464416504,164.1283721923828,164.1283721923828,0,0.0,0.0
2002-10-11 00:00:00+09:00,164.1283721923828,173.59731674194336,164.1283721923828,164.1283721923828,0,0.0,0.0
2002-10-14 00:00:00+09:00,164.1283721923828,164.1283721923828,164.1283721923828,164.1283721923828,0,0.0,0.0
2002-10-15 00:00:00+09:00,164.1283721923828,189.37889099121094,164.1283721923828,164.1283721923828,0,0.0,0.0
2002-10-16 00:00:00+09:00,170.4409942626953,188.7476195723922,170.4409942626953,170.4409942626953,0,0.0,0.0
2002-10-17 00:00:00+09:00,170.4409942626953,202.00414134837962,170.4409942626953,170.4409942626953,0,0.0,0.0
2002-10-18 00:00:00+09:00,170.4409942626953,202.00414134837962,170.4409942626953,170.4409942626953,0,0.0,0.0
2002-10-21 00:00:00+09:00,170.4409942626953,170.4409942626953,170.4409942626953,170.4409942626953,1000,0.0,0.0
2002-10-22 00:00:00+09:00,170.4409942626953,170.4409942626953,170.4409942626953,170.4409942626953,10000,0.0,0.0
2002-10-23 00:00:00+09:00,170.4409942626953,186.85383074725115,170.4409942626953,170.4409942626953,0,0.0,0.0
2002-10-24 00:00:00+09:00,170.4409942626953,186.85383074725115,170.4409942626953,170.4409942626953,0,0.0,0.0
2002-10-25 00:00:00+09:00,170.4409942626953,186.85383074725115,170.4409942626953,170.4409942626953,0,0.0,0.0
2002-10-28 00:00:00+09:00,170.4409942626953,170.4409942626953,170.4409942626953,170.4409942626953,2000,0.0,0.0
2002-10-29 00:00:00+09:00,170.4409942626953,186.85383074725115,170.4409942626953,170.4409942626953,0,0.0,0.0
2002-10-30 00:00:00+09:00,170.4409942626953,176.75362367983217,170.4409942626953,170.4409942626953,0,0.0,0.0
2002-10-31 00:00:00+09:00,170.4409942626953,186.85383074725115,170.4409942626953,170.4409942626953,0,0.0,0.0
2002-11-01 00:00:00+09:00,170.4409942626953,186.85383074725115,170.4409942626953,170.4409942626953,0,0.0,0.0
2002-11-04 00:00:00+09:00,170.4409942626953,170.4409942626953,170.4409942626953,170.4409942626953,0,0.0,0.0
2002-11-05 00:00:00+09:00,170.4409942626953,186.85383074725115,170.4409942626953,170.4409942626953,0,0.0,0.0
2002-11-06 00:00:00+09:00,170.4409942626953,186.85383074725115,170.4409942626953,170.4409942626953,0,0.0,0.0
2002-11-07 00:00:00+09:00,170.4409942626953,186.85383074725115,170.4409942626953,170.4409942626953,0,0.0,0.0
2002-11-08 00:00:00+09:00,176.7536163330078,176.7536163330078,176.7536163330078,176.7536163330078,13000,0.0,0.0
2002-11-11 00:00:00+09:00,170.4409942626953,176.75362367983217,170.4409942626953,170.4409942626953,0,0.0,0.0
2002-11-12 00:00:00+09:00,170.4409942626953,176.75362367983217,170.4409942626953,170.4409942626953,0,0.0,0.0
2002-11-13 00:00:00+09:00,170.4409942626953,170.4409942626953,170.4409942626953,170.4409942626953,2000,0.0,0.0
2002-11-14 00:00:00+09:00,145.19049072265625,169.8097478451936,145.19049072265625,145.19049072265625,0,0.0,0.0
2002-11-15 00:00:00+09:00,157.1844724867079,170.4409942626953,157.1844724867079,170.4409942626953,2000,0.0,0.0
2002-11-18 00:00:00+09:00,126.25259399414061,193.16646881103514,126.25259399414061,126.25259399414062,0,0.0,0.0
2002-11-19 00:00:00+09:00,126.25259399414061,193.16646881103514,126.25259399414061,126.25259399414062,0,0.0,0.0
2002-11-20 00:00:00+09:00,126.25259399414061,193.16646881103514,126.25259399414061,126.25259399414062,0,0.0,0.0
2002-11-21 00:00:00+09:00,170.4409942626953,189.3788825141059,170.4409942626953,170.4409942626953,0,0.0,0.0
2002-11-22 00:00:00+09:00,170.4409942626953,170.4409942626953,170.4409942626953,170.4409942626953,1000,0.0,0.0
2002-11-25 00:00:00+09:00,126.25259399414061,183.0662612915039,126.25259399414061,126.25259399414062,0,0.0,0.0
2002-11-26 00:00:00+09:00,160.9720458984375,183.0662482766544,160.9720458984375,160.9720458984375,0,0.0,0.0
2002-11-27 00:00:00+09:00,166.65341186523438,183.06624788226503,166.65341186523438,166.65341186523438,0,0.0,0.0
2002-11-28 00:00:00+09:00,126.25259399414061,183.0662612915039,126.25259399414061,126.25259399414062,0,0.0,0.0
2002-11-29 00:00:00+09:00,126.25259399414061,169.80973892211912,126.25259399414061,126.25259399414062,0,0.0,0.0
2002-12-02 00:00:00+09:00,126.25259399414061,126.25259399414061,126.25259399414061,126.25259399414062,0,0.0,0.0
2002-12-03 00:00:00+09:00,126.25259399414061,169.80973892211912,126.25259399414061,126.25259399414062,0,0.0,0.0
2002-12-04 00:00:00+09:00,126.25259399414061,169.17847595214843,126.25259399414061,126.25259399414062,0,0.0,0.0
2002-12-05 00:00:00+09:00,126.25259399414061,169.17847595214843,126.25259399414061,126.25259399414062,0,0.0,0.0
2002-12-06 00:00:00+09:00,126.25259399414061,157.81574249267578,126.25259399414061,126.25259399414062,0,0.0,0.0
2002-12-09 00:00:00+09:00,157.81574249267578,164.1283721923828,157.81574249267578,164.1283721923828,2000,0.0,0.0
2002-12-10 00:00:00+09:00,164.1283721923828,164.1283721923828,164.1283721923828,164.1283721923828,1000,0.0,0.0
2002-12-11 00:00:00+09:00,126.25259399414061,173.59731674194336,126.25259399414061,126.25259399414062,0,0.0,0.0
2002-12-12 00:00:00+09:00,173.5973008600364,173.5973008600364,158.44699096679688,158.44699096679688,3000,0.0,0.0
2002-12-13 00:00:00+09:00,126.25259399414061,188.11636505126953,126.25259399414061,126.25259399414062,0,0.0,0.0
2002-12-16 00:00:00+09:00,157.18446350097656,157.18446350097656,157.18446350097656,157.18446350097656,1000,0.0,0.0
2002-12-17 00:00:00+09:00,157.18445056787652,169.80970764160156,157.18445056787652,169.80970764160156,73000,0.0,0.0
2002-12-18 00:00:00+09:00,145.19049072265625,169.8097478451936,145.19049072265625,145.19049072265625,0,0.0,0.0
2002-12-19 00:00:00+09:00,157.18446350097656,157.18446350097656,157.18446350097656,157.18446350097656,1000,0.0,0.0
2002-12-20 00:00:00+09:00,157.18446350097656,195.69150074418766,157.18446350097656,157.18446350097656,0,0.0,0.0
2002-12-23 00:00:00+09:00,157.18446350097656,157.18446350097656,157.18446350097656,157.18446350097656,0,0.0,0.0
2002-12-24 00:00:00+09:00,164.1283721923828,164.1283721923828,164.1283721923828,164.1283721923828,1000,0.0,0.0
2002-12-25 00:00:00+09:00,164.1283721923828,164.1283721923828,164.1283721923828,164.1283721923828,0,0.0,0.0
2002-12-26 00:00:00+09:00,170.4409942626953,170.4409942626953,170.4409942626953,170.4409942626953,2000,0.0,0.0
2002-12-27 00:00:00+09:00,176.7536163330078,176.7536163330078,176.7536163330078,176.7536163330078,1000,0.0,0.0
2002-12-30 00:00:00+09:00,176.7536163330078,176.7536163330078,176.7536163330078,176.7536163330078,16000,0.0,0.0
2002-12-31 00:00:00+09:00,176.7536163330078,176.7536163330078,176.7536163330078,176.7536163330078,0,0.0,0.0
2003-01-01 00:00:00+09:00,176.7536163330078,176.7536163330078,176.7536163330078,176.7536163330078,0,0.0,0.0
2003-01-02 00:00:00+09:00,176.7536163330078,176.7536163330078,176.7536163330078,176.7536163330078,0,0.0,0.0
2003-01-03 00:00:00+09:00,176.7536163330078,176.7536163330078,176.7536163330078,176.7536163330078,0,0.0,0.0
2003-01-06 00:00:00+09:00,176.7536163330078,176.7536163330078,176.7536163330078,176.7536163330078,0,0.0,0.0
2003-01-07 00:00:00+09:00,176.7536163330078,176.7536163330078,176.7536163330078,176.7536163330078,0,0.0,0.0
2003-01-08 00:00:00+09:00,176.7536163330078,176.7536163330078,176.7536163330078,176.7536163330078,1000,0.0,0.0
2003-01-09 00:00:00+09:00,176.7536163330078,176.7536163330078,176.7536163330078,176.7536163330078,5000,0.0,0.0
2003-01-10 00:00:00+09:00,176.7536163330078,202.00413295200892,176.7536163330078,176.7536163330078,0,0.0,0.0
2003-01-13 00:00:00+09:00,176.7536163330078,176.7536163330078,176.7536163330078,176.7536163330078,0,0.0,0.0
2003-01-14 00:00:00+09:00,176.7536163330078,202.00413295200892,176.7536163330078,176.7536163330078,0,0.0,0.0
2003-01-15 00:00:00+09:00,164.1283721923828,202.004150390625,164.1283721923828,164.1283721923828,0,0.0,0.0
2003-01-16 00:00:00+09:00,170.4409942626953,202.00414134837962,170.4409942626953,170.4409942626953,0,0.0,0.0
2003-01-17 00:00:00+09:00,170.4409942626953,202.00414134837962,170.4409942626953,170.4409942626953,0,0.0,0.0
2003-01-20 00:00:00+09:00,169.80970764160156,202.00411317960035,169.80970764160156,169.80970764160156,0,0.0,0.0
2003-01-21 00:00:00+09:00,164.1283721923828,202.004150390625,164.1283721923828,164.1283721923828,0,0.0,0.0
2003-01-22 00:00:00+09:00,138.87783813476562,202.00412819602275,138.87783813476562,138.87783813476562,0,0.0,0.0
2003-01-23 00:00:00+09:00,176.7536163330078,202.00413295200892,176.7536163330078,176.7536163330078,0,0.0,0.0
2003-01-24 00:00:00+09:00,176.7536163330078,176.7536163330078,176.7536163330078,176.7536163330078,1000,0.0,0.0
2003-01-27 00:00:00+09:00,138.87783813476562,211.4730717052113,138.87783813476562,138.87783813476562,0,0.0,0.0
2003-01-28 00:00:00+09:00,157.8157196044922,211.47306427001953,157.8157196044922,157.8157196044922,0,0.0,0.0
2003-01-29 00:00:00+09:00,138.87783813476562,211.4730717052113,138.87783813476562,138.87783813476562,0,0.0,0.0
2003-01-30 00:00:00+09:00,176.7536163330078,211.47307668413436,176.7536163330078,176.7536163330078,0,0.0,0.0
2003-01-31 00:00:00+09:00,177.38487243652344,177.38487243652344,177.38487243652344,177.38487243652344,1000,0.0,0.0
2003-02-03 00:00:00+09:00,138.87783813476562,189.3788701837713,138.87783813476562,138.87783813476562,0,0.0,0.0
2003-02-04 00:00:00+09:00,176.7536163330078,176.7536163330078,176.7536163330078,176.7536163330078,1000,0.0,0.0
2003-02-05 00:00:00+09:00,176.7536163330078,211.47307668413436,176.7536163330078,176.7536163330078,0,0.0,0.0
2003-02-06 00:00:00+09:00,176.7536163330078,211.47307668413436,176.7536163330078,176.7536163330078,0,0.0,0.0
2003-02-07 00:00:00+09:00,176.7536163330078,176.7536163330078,176.7536163330078,176.7536163330078,0,0.0,0.0
2003-02-10 00:00:00+09:00,176.7536163330078,184.32877131870814,176.7536163330078,176.7536163330078,0,0.0,0.0
2003-02-11 00:00:00+09:00,176.7536163330078,176.7536163330078,176.7536163330078,176.7536163330078,0,0.0,0.0
2003-02-12 00:00:00+09:00,174.8598175048828,208.3167500960698,174.8598175048828,174.8598175048828,0,0.0,0.0
2003-02-13 00:00:00+09:00,174.8598175048828,211.47306449146478,174.8598175048828,174.8598175048828,0,0.0,0.0
2003-02-14 00:00:00+09:00,174.8598175048828,174.8598175048828,174.8598175048828,174.8598175048828,1000,0.0,0.0
2003-02-17 00:00:00+09:00,179.9099578857422,179.9099578857422,179.9099578857422,179.9099578857422,1000,0.0,0.0
2003-02-18 00:00:00+09:00,176.7536163330078,195.69150379725863,176.7536163330078,176.7536163330078,0,0.0,0.0
2003-02-19 00:00:00+09:00,176.7536163330078,195.69150379725863,176.7536163330078,176.7536163330078,0,0.0,0.0
2003-02-20 00:00:00+09:00,186.22255436066658,195.69149780273438,186.22255436066658,195.69149780273438,2000,0.0,0.0
2003-02-21 00:00:00+09:00,195.69149780273438,195.69149780273438,195.69149780273438,195.69149780273438,5000,0.0,0.0
2003-02-24 00:00:00+09:00,164.1283721923828,195.69152069091797,164.1283721923828,164.1283721923828,0,0.0,0.0
2003-02-25 00:00:00+09:00,179.9099578857422,195.69153313887747,179.9099578857422,179.9099578857422,0,0.0,0.0
2003-02-26 00:00:00+09:00,195.69149780273438,195.69149780273438,195.69149780273438,195.69149780273438,1000,0.0,0.0
2003-02-27 00:00:00+09:00,195.69149780273438,195.69149780273438,195.69149780273438,195.69149780273438,3000,0.0,0.0
2003-02-28 00:00:00+09:00,189.37887573242185,189.37887573242185,189.37887573242185,189.37887573242188,1000,0.0,0.0
2003-03-03 00:00:00+09:00,138.87783813476562,198.84781369295987,138.87783813476562,138.87783813476562,0,0.0,0.0
2003-03-04 00:00:00+09:00,138.87783813476562,192.53518468683419,138.87783813476562,138.87783813476562,0,0.0,0.0
2003-03-05 00:00:00+09:00,138.87783813476562,192.53518468683419,138.87783813476562,138.87783813476562,0,0.0,0.0
2003-03-06 00:00:00+09:00,138.87783813476562,192.53518468683419,138.87783813476562,138.87783813476562,0,0.0,0.0
2003-03-07 00:00:00+09:00,157.8157196044922,202.00412109375003,157.8157196044922,157.8157196044922,0,0.0,0.0
2003-03-10 00:00:00+09:00,170.4409942626953,195.69151193124276,170.4409942626953,170.4409942626953,0,0.0,0.0
2003-03-11 00:00:00+09:00,195.69149780273438,195.69149780273438,195.69149780273438,195.69149780273438,1000,0.0,0.0
2003-03-12 00:00:00+09:00,145.19049072265625,192.53521595830503,145.19049072265625,145.19049072265625,0,0.0,0.0
2003-03-13 00:00:00+09:00,145.19049072265625,145.19049072265625,145.19049072265625,145.19049072265625,0,0.0,0.0
2003-03-14 00:00:00+09:00,177.38487243652344,192.53518182611973,177.38487243652344,177.38487243652344,0,0.0,0.0
2003-03-17 00:00:00+09:00,134.45901489257812,195.69152402206205,134.45901489257812,134.45901489257812,0,0.0,0.0
2003-03-18 00:00:00+09:00,192.53517150878906,192.53517150878906,192.53517150878906,192.53517150878906,1000,0.0,0.0
2003-03-19 00:00:00+09:00,145.19049072265625,183.06627091117528,145.19049072265625,145.19049072265625,0,0.0,0.0
2003-03-20 00:00:00+09:00,164.12835015190973,164.75961303710938,164.12835015190973,164.75961303710938,2000,0.0,0.0
2003-03-21 00:00:00+09:00,164.75961303710938,164.75961303710938,164.75961303710938,164.75961303710938,0,0.0,0.0
2003-03-24 00:00:00+09:00,181.17242431640625,181.17242431640625,181.17242431640625,181.17242431640625,1000,0.0,0.0
2003-03-25 00:00:00+09:00,187.48508697509763,189.37887573242185,187.48508697509763,189.37887573242188,2000,0.0,0.0
2003-03-26 00:00:00+09:00,157.8157196044922,189.37886352539064,157.8157196044922,157.8157196044922,0,0.0,0.0
2003-03-27 00:00:00+09:00,157.8157196044922,189.37886352539064,157.8157196044922,157.8157196044922,0,0.0,0.0
2003-03-28 00:00:00+09:00,157.8157196044922,189.37886352539064,157.8157196044922,157.8157196044922,0,0.0,0.0
2003-03-31 00:00:00+09:00,165.39088439941406,189.37887526650465,165.39088439941406,165.39088439941406,0,0.0,0.0
2003-04-01 00:00:00+09:00,165.39088480631509,189.37887573242185,165.39088480631509,189.37887573242188,2000,0.0,0.0
2003-04-02 00:00:00+09:00,142.03414916992188,188.7476026746962,142.03414916992188,142.03414916992188,0,0.0,0.0
2003-04-03 00:00:00+09:00,142.03414916992188,188.7476026746962,142.03414916992188,142.03414916992188,0,0.0,0.0
2003-04-04 00:00:00+09:00,142.03414916992188,188.7476026746962,142.03414916992188,142.03414916992188,0,0.0,0.0
2003-04-07 00:00:00+09:00,142.03414916992188,188.7476026746962,142.03414916992188,142.03414916992188,0,0.0,0.0
2003-04-08 00:00:00+09:00,178.01614275051438,178.01614275051438,165.39088439941406,165.39088439941406,5000,0.0,0.0
2003-04-09 00:00:00+09:00,166.0221405029297,166.0221405029297,165.39087761128357,166.0221405029297,3000,0.0,0.0
2003-04-10 00:00:00+09:00,166.0221634815804,166.0221634815804,159.70953369140625,159.70953369140625,4000,0.0,0.0
2003-04-11 00:00:00+09:00,159.70953369140625,159.70953369140625,159.70953369140625,159.70953369140625,4000,0.0,0.0
2003-04-14 00:00:00+09:00,159.70953369140625,173.5973192297894,159.70953369140625,159.70953369140625,0,0.0,0.0
2003-04-15 00:00:00+09:00,172.96604919433594,172.96604919433594,172.96604919433594,172.96604919433594,1000,0.0,0.0
2003-04-16 00:00:00+09:00,159.70953369140625,173.5973192297894,159.70953369140625,159.70953369140625,0,0.0,0.0
2003-04-17 00:00:00+09:00,159.70953369140625,173.5973192297894,159.70953369140625,159.70953369140625,0,0.0,0.0
2003-04-18 00:00:00+09:00,159.70953369140625,173.5973192297894,159.70953369140625,159.70953369140625,0,0.0,0.0
2003-04-21 00:00:00+09:00,164.1283721923828,186.22257614135742,164.1283721923828,164.1283721923828,0,0.0,0.0
2003-04-22 00:00:00+09:00,167.28466796875,186.2225549086085,167.28466796875,167.28466796875,0,0.0,0.0
2003-04-23 00:00:00+09:00,167.28466796875,186.2225549086085,167.28466796875,167.28466796875,0,0.0,0.0
2003-04-24 00:00:00+09:00,167.28466796875,186.2225549086085,167.28466796875,167.28466796875,0,0.0,0.0
2003-04-25 00:00:00+09:00,179.90992064395195,186.22254943847656,179.90992064395195,186.22254943847656,5000,0.0,0.0
2003-04-28 00:00:00+09:00,186.22254943847656,186.22254943847656,186.22254943847656,186.22254943847656,1000,0.0,0.0
2003-04-29 00:00:00+09:00,186.22254943847656,186.22254943847656,186.22254943847656,186.22254943847656,0,0.0,0.0
2003-04-30 00:00:00+09:00,186.22254943847656,186.22254943847656,186.22254943847656,186.22254943847656,5000,0.0,0.0
2003-05-01 00:00:00+09:00,179.9099578857422,179.9099578857422,179.9099578857422,179.9099578857422,12000,0.0,0.0
2003-05-02 00:00:00+09:00,179.9099578857422,179.9099578857422,179.9099578857422,179.9099578857422,2000,0.0,0.0
2003-05-05 00:00:00+09:00,179.9099578857422,179.9099578857422,179.9099578857422,179.9099578857422,0,0.0,0.0
2003-05-06 00:00:00+09:00,179.9099578857422,189.37890303762336,179.9099578857422,179.9099578857422,0,0.0,0.0
2003-05-07 00:00:00+09:00,179.9099578857422,195.69153313887747,179.9099578857422,179.9099578857422,0,0.0,0.0
2003-05-08 00:00:00+09:00,179.9099578857422,195.69153313887747,179.9099578857422,179.9099578857422,0,0.0,0.0
2003-05-09 00:00:00+09:00,179.9099578857422,195.69153313887747,179.9099578857422,179.9099578857422,0,0.0,0.0
2003-05-12 00:00:00+09:00,183.0662536621094,183.0662536621094,183.0662536621094,183.06625366210938,1000,0.0,0.0
2003-05-13 00:00:00+09:00,179.9099578857422,179.9099578857422,179.9099578857422,179.9099578857422,4000,0.0,0.0
2003-05-14 00:00:00+09:00,179.9099578857422,179.9099578857422,179.9099578857422,179.9099578857422,3000,0.0,0.0
2003-05-15 00:00:00+09:00,179.9099578857422,195.69153313887747,179.9099578857422,179.9099578857422,0,0.0,0.0
2003-05-16 00:00:00+09:00,179.9099578857422,195.69153313887747,179.9099578857422,179.9099578857422,0,0.0,0.0
2003-05-19 00:00:00+09:00,179.9099578857422,195.69153313887747,179.9099578857422,179.9099578857422,0,0.0,0.0
2003-05-20 00:00:00+09:00,167.28466796875,195.69149837853774,167.28466796875,167.28466796875,0,0.0,0.0
2003-05-21 00:00:00+09:00,179.9099578857422,195.69153313887747,179.9099578857422,179.9099578857422,0,0.0,0.0
2003-05-22 00:00:00+09:00,189.37887573242185,195.69150492350258,189.37887573242185,189.37887573242188,0,0.0,0.0
2003-05-23 00:00:00+09:00,189.37887573242185,189.37887573242185,189.37887573242185,189.37887573242188,1000,0.0,0.0
2003-05-26 00:00:00+09:00,189.37887573242185,189.37887573242185,189.37887573242185,189.37887573242188,1000,0.0,0.0
2003-05-27 00:00:00+09:00,187.48509216308594,192.5351956556943,187.48509216308594,187.48509216308594,0,0.0,0.0
2003-05-28 00:00:00+09:00,187.48509216308594,192.5351956556943,187.48509216308594,187.48509216308594,0,0.0,0.0
2003-05-29 00:00:00+09:00,192.53517150878906,192.53517150878906,192.53517150878906,192.53517150878906,1000,0.0,0.0
2003-05-30 00:00:00+09:00,193.1664581298828,193.1664581298828,193.1664581298828,193.1664581298828,1000,0.0,0.0
2003-06-02 00:00:00+09:00,193.1664581298828,195.69150987014274,193.1664581298828,193.1664581298828,0,0.0,0.0
2003-06-03 00:00:00+09:00,194.4290008544922,195.69152683406682,194.4290008544922,194.4290008544922,0,0.0,0.0
2003-06-04 00:00:00+09:00,179.9099578857422,195.69153313887747,179.9099578857422,179.9099578857422,0,0.0,0.0
2003-06-05 00:00:00+09:00,179.9099578857422,195.69153313887747,179.9099578857422,179.9099578857422,0,0.0,0.0
2003-06-06 00:00:00+09:00,179.9099578857422,195.69153313887747,179.9099578857422,179.9099578857422,0,0.0,0.0
2003-06-09 00:00:00+09:00,176.7536163330078,195.69150379725863,176.7536163330078,176.7536163330078,0,0.0,0.0
2003-06-10 00:00:00+09:00,189.37887573242185,195.69150492350258,189.37887573242185,189.37887573242188,0,0.0,0.0
2003-06-11 00:00:00+09:00,189.37887573242185,189.37887573242185,189.37887573242185,189.37887573242188,1000,0.0,0.0
2003-06-12 00:00:00+09:00,195.69149780273438,195.69149780273438,195.69149780273438,195.69149780273438,1000,0.0,0.0
2003-06-13 00:00:00+09:00,176.7536163330078,195.0602408817836,176.7536163330078,176.7536163330078,0,0.0,0.0
2003-06-16 00:00:00+09:00,189.37887573242185,194.42897908528644,189.37887573242185,189.37887573242188,0,0.0,0.0
2003-06-17 00:00:00+09:00,189.37887573242185,194.42897908528644,189.37887573242185,189.37887573242188,0,0.0,0.0
2003-06-18 00:00:00+09:00,190.01008605957034,194.42892527025802,190.01008605957034,190.0100860595703,0,0.0,0.0
2003-06-19 00:00:00+09:00,194.4290008544922,194.4290008544922,194.4290008544922,194.4290008544922,5000,0.0,0.0
2003-06-20 00:00:00+09:00,194.4290008544922,195.06026384427952,194.4290008544922,194.4290008544922,0,0.0,0.0
2003-06-23 00:00:00+09:00,195.69149780273438,198.84781228342362,195.69149780273438,195.69149780273438,0,0.0,0.0
2003-06-24 00:00:00+09:00,195.06021118164062,196.9539996397148,195.06021118164062,195.06021118164062,0,0.0,0.0
2003-06-25 00:00:00+09:00,195.69149780273438,195.69149780273438,195.69149780273438,195.69149780273438,1000,0.0,0.0
2003-06-26 00:00:00+09:00,195.69149780273438,195.69149780273438,195.69149780273438,195.69149780273438,5000,0.0,0.0
2003-06-27 00:00:00+09:00,202.00408935546875,208.31671714782715,202.00408935546875,202.00408935546875,0,0.0,0.0
2003-06-30 00:00:00+09:00,202.00408935546875,208.31671714782715,202.00408935546875,202.00408935546875,0,0.0,0.0
2003-07-01 00:00:00+09:00,202.00408935546875,208.31671714782715,202.00408935546875,202.00408935546875,0,0.0,0.0
2003-07-02 00:00:00+09:00,202.00408935546875,234.82975387573242,202.00408935546875,202.00408935546875,0,0.0,0.0
2003-07-03 00:00:00+09:00,203.2666778564453,203.2666778564453,203.2666778564453,203.2666778564453,1000,0.0,0.0
2003-07-04 00:00:00+09:00,202.00408935546875,234.82975387573242,202.00408935546875,202.00408935546875,0,0.0,0.0
2003-07-07 00:00:00+09:00,203.2666778564453,233.56730064249928,203.2666778564453,203.2666778564453,0,0.0,0.0
2003-07-08 00:00:00+09:00,203.2666778564453,233.56730064249928,203.2666778564453,203.2666778564453,0,0.0,0.0
2003-07-09 00:00:00+09:00,203.2666778564453,203.2666778564453,203.2666778564453,203.2666778564453,2000,0.0,0.0
2003-07-10 00:00:00+09:00,205.16041564941406,205.16041564941406,205.16041564941406,205.16041564941406,1000,0.0,0.0
2003-07-11 00:00:00+09:00,205.16041564941406,205.16041564941406,205.16041564941406,205.16041564941406,1000,0.0,0.0
2003-07-14 00:00:00+09:00,202.00408935546875,233.56722831726074,202.00408935546875,202.00408935546875,0,0.0,0.0
2003-07-15 00:00:00+09:00,208.31675720214844,234.82979902787645,208.31675720214844,208.31675720214844,0,0.0,0.0
2003-07-16 00:00:00+09:00,211.47309875488284,211.47309875488284,211.47309875488284,211.4730987548828,2000,0.0,0.0
2003-07-17 00:00:00+09:00,202.00408935546875,214.62934494018555,202.00408935546875,202.00408935546875,0,0.0,0.0
2003-07-18 00:00:00+09:00,202.00408935546875,214.62934494018555,202.00408935546875,202.00408935546875,0,0.0,0.0
2003-07-21 00:00:00+09:00,202.00408935546875,202.00408935546875,202.00408935546875,202.00408935546875,0,0.0,0.0
2003-07-22 00:00:00+09:00,195.69149780273438,213.9981217907321,195.69149780273438,195.69149780273438,0,0.0,0.0
2003-07-23 00:00:00+09:00,198.84780883789062,211.4730665418837,198.84780883789062,198.84780883789062,0,0.0,0.0
2003-07-24 00:00:00+09:00,198.84780883789062,211.4730665418837,198.84780883789062,198.84780883789062,0,0.0,0.0
2003-07-25 00:00:00+09:00,208.31675720214844,208.31675720214844,208.31675720214844,208.31675720214844,18000,0.0,0.0
2003-07-28 00:00:00+09:00,205.16041564941406,234.82976806640627,205.16041564941406,205.16041564941406,0,0.0,0.0
2003-07-29 00:00:00+09:00,208.31675720214844,214.62938620827416,208.31675720214844,208.31675720214844,0,0.0,0.0
2003-07-30 00:00:00+09:00,208.31675720214844,208.31675720214844,208.31675720214844,208.31675720214844,2000,0.0,0.0
2003-07-31 00:00:00+09:00,208.31675720214844,234.82979902787645,208.31675720214844,208.31675720214844,0,0.0,0.0
2003-08-01 00:00:00+09:00,208.31675720214844,234.82979902787645,208.31675720214844,208.31675720214844,0,0.0,0.0
2003-08-04 00:00:00+09:00,208.31675720214844,208.31675720214844,208.31675720214844,208.31675720214844,1000,0.0,0.0
2003-08-05 00:00:00+09:00,205.16041564941406,220.94198608398438,205.16041564941406,205.16041564941406,0,0.0,0.0
2003-08-06 00:00:00+09:00,205.16041564941406,220.94198608398438,205.16041564941406,205.16041564941406,0,0.0,0.0
2003-08-07 00:00:00+09:00,220.94203186035156,220.94203186035156,220.94203186035156,220.94203186035156,1000,0.0,0.0
2003-08-08 00:00:00+09:00,205.16041564941406,227.2546142578125,205.16041564941406,205.16041564941406,0,0.0,0.0
2003-08-11 00:00:00+09:00,205.16041564941406,211.4730438232422,205.16041564941406,205.16041564941406,0,0.0,0.0
2003-08-12 00:00:00+09:00,205.16041564941406,211.4730438232422,205.16041564941406,205.16041564941406,0,0.0,0.0
2003-08-13 00:00:00+09:00,214.62938620827416,214.62938620827416,208.31675720214844,208.31675720214844,2000,0.0,0.0
2003-08-14 00:00:00+09:00,215.26065063476562,234.8298006924716,215.26065063476562,215.26065063476562,0,0.0,0.0
2003-08-15 00:00:00+09:00,220.94203186035156,232.9360278756278,220.94203186035156,220.94203186035156,0,0.0,0.0
2003-08-18 00:00:00+09:00,220.94203186035156,220.94203186035156,220.94203186035156,220.94203186035156,2000,0.0,0.0
2003-08-19 00:00:00+09:00,233.56729125976562,233.56729125976562,233.56729125976562,233.56729125976562,1000,0.0,0.0
2003-08-20 00:00:00+09:00,233.567262464954,234.8297882080078,233.567262464954,234.8297882080078,2000,0.0,0.0
2003-08-21 00:00:00+09:00,230.41099548339844,238.61741450061538,230.41099548339844,230.41099548339844,0,0.0,0.0
2003-08-22 00:00:00+09:00,230.41099548339844,237.3548884979666,230.41099548339844,230.41099548339844,0,0.0,0.0
2003-08-25 00:00:00+09:00,237.9862060546875,237.9862060546875,237.9862060546875,237.9862060546875,1000,0.0,0.0
2003-08-26 00:00:00+09:00,237.9862060546875,237.9862060546875,237.9862060546875,237.9862060546875,0,0.0,0.0
2003-08-27 00:00:00+09:00,237.9862060546875,237.9862060546875,237.9862060546875,237.9862060546875,0,0.0,0.0
2003-08-28 00:00:00+09:00,236.0923309326172,284.0683126194592,236.0923309326172,236.0923309326172,0,0.0,0.0
2003-08-29 00:00:00+09:00,236.0923309326172,242.4049601019385,236.0923309326172,236.0923309326172,0,0.0,0.0
2003-09-01 00:00:00+09:00,239.24859619140625,239.24859619140625,239.24859619140625,239.24859619140625,0,0.0,0.0
2003-09-02 00:00:00+09:00,237.9861366190809,237.9861366190809,237.35487365722656,237.35487365722656,2000,0.0,0.0
2003-09-03 00:00:00+09:00,227.2546844482422,252.5052049424913,227.2546844482422,227.2546844482422,0,0.0,0.0
2003-09-04 00:00:00+09:00,252.50518798828122,252.50518798828122,252.50518798828122,252.50518798828125,1000,0.0,0.0
2003-09-05 00:00:00+09:00,230.41099548339844,257.55530454034675,230.41099548339844,230.41099548339844,0,0.0,0.0
2003-09-08 00:00:00+09:00,246.82377624511722,246.82377624511722,246.82377624511722,246.8237762451172,1000,0.0,0.0
2003-09-09 00:00:00+09:00,230.41099548339844,249.3488855231298,230.41099548339844,230.41099548339844,0,0.0,0.0
2003-09-10 00:00:00+09:00,230.41099548339844,252.5052005297517,230.41099548339844,230.41099548339844,0,0.0,0.0
2003-09-11 00:00:00+09:00,249.348876953125,249.348876953125,249.348876953125,249.348876953125,1000,0.0,0.0
2003-09-12 00:00:00+09:00,230.41099548339844,252.5052005297517,230.41099548339844,230.41099548339844,0,0.0,0.0
2003-09-15 00:00:00+09:00,230.41099548339844,230.41099548339844,230.41099548339844,230.41099548339844,0,0.0,0.0
2003-09-16 00:00:00+09:00,246.19252014160156,252.5051488631811,246.19252014160156,246.19252014160156,0,0.0,0.0
2003-09-17 00:00:00+09:00,246.19252014160156,246.19252014160156,246.19252014160156,246.19252014160156,1000,0.0,0.0
2003-09-18 00:00:00+09:00,249.348876953125,249.348876953125,249.348876953125,249.348876953125,1000,0.0,0.0
2003-09-19 00:00:00+09:00,249.98007202148438,252.50512325402462,249.98007202148438,249.98007202148438,0,0.0,0.0
2003-09-22 00:00:00+09:00,250.61135864257812,277.7556619716231,250.61135864257812,250.61135864257812,0,0.0,0.0
2003-09-23 00:00:00+09:00,250.61135864257812,250.61135864257812,250.61135864257812,250.61135864257812,0,0.0,0.0
2003-09-24 00:00:00+09:00,249.98007202148438,249.98007202148438,249.98007202148438,249.98007202148438,1000,0.0,0.0
2003-09-25 00:00:00+09:00,226.66592407226562,226.66592407226562,226.66592407226562,226.66592407226562,2000,10.0,0.0
2003-09-26 00:00:00+09:00,230.55157470703122,233.14204183857092,230.55157470703122,230.55157470703125,0,0.0,0.0
2003-09-29 00:00:00+09:00,180.03749084472656,259.0467494168728,180.03749084472656,180.03749084472656,0,0.0,0.0
2003-09-30 00:00:00+09:00,187.8088684082031,259.0467150457974,187.8088684082031,187.80886840820312,0,0.0,0.0
2003-10-01 00:00:00+09:00,259.0467529296875,259.0467529296875,259.0467529296875,259.0467529296875,1000,0.0,0.0
2003-10-02 00:00:00+09:00,220.189697265625,252.57053509880515,220.189697265625,220.189697265625,0,0.0,0.0
2003-10-03 00:00:00+09:00,220.189697265625,235.73249942555148,220.189697265625,220.189697265625,0,0.0,0.0
2003-10-06 00:00:00+09:00,210.47546386718747,255.80864070012018,210.47546386718747,210.4754638671875,0,0.0,0.0
2003-10-07 00:00:00+09:00,210.47546386718747,255.80864070012018,210.47546386718747,210.4754638671875,0,0.0,0.0
2003-10-08 00:00:00+09:00,210.47546386718747,255.80864070012018,210.47546386718747,210.4754638671875,0,0.0,0.0
2003-10-09 00:00:00+09:00,233.14210510253906,233.14210510253906,233.14210510253906,233.14210510253906,1000,0.0,0.0
2003-10-10 00:00:00+09:00,226.01828002929688,255.808655047485,226.01828002929688,226.01828002929688,0,0.0,0.0
2003-10-13 00:00:00+09:00,226.01828002929688,226.01828002929688,226.01828002929688,226.01828002929688,0,0.0,0.0
2003-10-14 00:00:00+09:00,233.14210510253906,255.8086986541748,233.14210510253906,233.14210510253906,0,0.0,0.0
2003-10-15 00:00:00+09:00,233.14210510253906,255.8086986541748,233.14210510253906,233.14210510253906,0,0.0,0.0
2003-10-16 00:00:00+09:00,233.14210510253906,255.8086986541748,233.14210510253906,233.14210510253906,0,0.0,0.0
2003-10-17 00:00:00+09:00,233.14210510253906,249.33252906799316,233.14210510253906,233.14210510253906,0,0.0,0.0
2003-10-20 00:00:00+09:00,239.61824035644528,259.0467463312922,239.61824035644528,239.6182403564453,0,0.0,0.0
2003-10-21 00:00:00+09:00,239.61824035644528,239.61824035644528,239.61824035644528,239.6182403564453,1000,0.0,0.0
2003-10-22 00:00:00+09:00,239.61824035644528,242.85632468558646,239.61824035644528,239.6182403564453,0,0.0,0.0
2003-10-23 00:00:00+09:00,239.61824035644528,239.61824035644528,239.61824035644528,239.6182403564453,2000,0.0,0.0
2003-10-24 00:00:00+09:00,239.61824035644528,239.61824035644528,239.61824035644528,239.6182403564453,1000,0.0,0.0
2003-10-27 00:00:00+09:00,213.7135467529297,238.97060227827592,213.7135467529297,213.7135467529297,0,0.0,0.0
2003-10-28 00:00:00+09:00,233.14210510253906,265.52295303344727,233.14210510253906,233.14210510253906,0,0.0,0.0
2003-10-29 00:00:00+09:00,236.38017272949216,249.33251096124516,236.38017272949216,236.3801727294922,0,0.0,0.0
2003-10-30 00:00:00+09:00,220.18975481305804,226.66592407226562,213.71358555385044,226.66592407226562,12000,0.0,0.0
2003-10-31 00:00:00+09:00,226.0182661114317,226.0182661114317,213.7135467529297,213.7135467529297,7000,0.0,0.0
2003-11-03 00:00:00+09:00,213.7135467529297,213.7135467529297,213.7135467529297,213.7135467529297,0,0.0,0.0
2003-11-04 00:00:00+09:00,214.36119079589844,258.39913935819783,214.36119079589844,214.36119079589844,0,0.0,0.0
2003-11-05 00:00:00+09:00,213.7135467529297,258.39910652854223,213.7135467529297,213.7135467529297,0,0.0,0.0
2003-11-06 00:00:00+09:00,213.7135467529297,213.7135467529297,213.7135467529297,213.7135467529297,3000,0.0,0.0
2003-11-07 00:00:00+09:00,207.23736572265625,258.39909038543703,207.23736572265625,207.23736572265625,0,0.0,0.0
2003-11-10 00:00:00+09:00,218.89451599121094,255.80867993055713,218.89451599121094,218.89451599121094,0,0.0,0.0
2003-11-11 00:00:00+09:00,213.7135467529297,213.7135467529297,213.7135467529297,213.7135467529297,1000,0.0,0.0
2003-11-12 00:00:00+09:00,207.885009765625,226.665898498345,207.885009765625,207.885009765625,0,0.0,0.0
2003-11-13 00:00:00+09:00,207.885009765625,257.7515074352609,207.885009765625,207.885009765625,0,0.0,0.0
2003-11-14 00:00:00+09:00,213.7135467529297,213.7135467529297,213.7135467529297,213.7135467529297,5000,0.0,0.0
2003-11-17 00:00:00+09:00,203.35168457031247,232.49444191319165,203.35168457031247,203.3516845703125,0,0.0,0.0
2003-11-18 00:00:00+09:00,206.5897674560547,232.49444049129664,206.5897674560547,206.5897674560547,0,0.0,0.0
2003-11-19 00:00:00+09:00,191.04698181152344,212.4183390989142,191.04698181152344,191.04698181152344,0,0.0,0.0
2003-11-20 00:00:00+09:00,207.23736572265625,232.49441967010497,207.23736572265625,207.23736572265625,0,0.0,0.0
2003-11-21 00:00:00+09:00,215.65641784667966,215.65641784667966,215.65641784667966,215.6564178466797,2000,0.0,0.0
2003-11-24 00:00:00+09:00,215.65641784667966,215.65641784667966,215.65641784667966,215.6564178466797,0,0.0,0.0
2003-11-25 00:00:00+09:00,215.65641784667966,215.65641784667966,215.65641784667966,215.6564178466797,0,0.0,0.0
2003-11-26 00:00:00+09:00,233.14210510253906,233.14210510253906,233.14210510253906,233.14210510253906,1000,0.0,0.0
2003-11-27 00:00:00+09:00,213.7135467529297,233.142051003196,213.7135467529297,213.7135467529297,0,0.0,0.0
2003-11-28 00:00:00+09:00,202.7041015625,219.54214194788338,202.7041015625,202.7041015625,0,0.0,0.0
2003-12-01 00:00:00+09:00,203.35168457031247,252.57056363828622,203.35168457031247,203.3516845703125,0,0.0,0.0
2003-12-02 00:00:00+09:00,194.28506469726562,252.57058410644532,194.28506469726562,194.28506469726562,0,0.0,0.0
2003-12-03 00:00:00+09:00,206.5897674560547,206.5897674560547,206.5897674560547,206.5897674560547,3000,0.0,0.0
2003-12-04 00:00:00+09:00,207.23736572265625,258.39909038543703,207.23736572265625,207.23736572265625,0,0.0,0.0
2003-12-05 00:00:00+09:00,207.23736572265625,207.23736572265625,207.23736572265625,207.23736572265625,1000,0.0,0.0
2003-12-08 00:00:00+09:00,194.28506469726562,213.06595428466798,194.28506469726562,194.28506469726562,0,0.0,0.0
2003-12-09 00:00:00+09:00,210.47550462047508,210.47550462047508,208.53265380859378,208.53265380859375,2000,0.0,0.0
2003-12-10 00:00:00+09:00,206.58974895477294,207.23736572265625,206.58974895477294,207.23736572265625,3000,0.0,0.0
2003-12-11 00:00:00+09:00,207.23736572265625,213.06591663360595,207.23736572265625,207.23736572265625,0,0.0,0.0
2003-12-12 00:00:00+09:00,209.82788085937497,209.82788085937497,209.82788085937497,209.827880859375,3000,0.0,0.0
2003-12-15 00:00:00+09:00,207.23736572265625,233.14203643798828,207.23736572265625,207.23736572265625,0,0.0,0.0
2003-12-16 00:00:00+09:00,210.47546386718747,210.47546386718747,210.47546386718747,210.4754638671875,2000,0.0,0.0
2003-12-17 00:00:00+09:00,211.1230926513672,211.1230926513672,211.1230926513672,211.1230926513672,1000,0.0,0.0
2003-12-18 00:00:00+09:00,211.77070949999103,211.77070949999103,211.1230926513672,211.1230926513672,3000,0.0,0.0
2003-12-19 00:00:00+09:00,211.1230926513672,211.1230926513672,211.1230926513672,211.1230926513672,4000,0.0,0.0
2003-12-22 00:00:00+09:00,212.4183349609375,239.6182437059356,212.4183349609375,212.4183349609375,0,0.0,0.0
2003-12-23 00:00:00+09:00,212.4183349609375,212.4183349609375,212.4183349609375,212.4183349609375,0,0.0,0.0
2003-12-24 00:00:00+09:00,214.36119079589844,214.36119079589844,214.36119079589844,214.36119079589844,2000,0.0,0.0
2003-12-25 00:00:00+09:00,220.18974281149687,220.18974281149687,214.36119079589844,214.36119079589844,4000,0.0,0.0
2003-12-26 00:00:00+09:00,249.33245849609375,249.33245849609375,249.33245849609375,249.33245849609375,2000,0.0,0.0
2003-12-29 00:00:00+09:00,216.95167541503903,245.44682084268598,216.95167541503903,216.95167541503906,0,0.0,0.0
2003-12-30 00:00:00+09:00,226.66592407226562,242.20873029436385,226.66592407226562,226.66592407226562,0,0.0,0.0
2003-12-31 00:00:00+09:00,226.66592407226562,226.66592407226562,226.66592407226562,226.66592407226562,0,0.0,0.0
2004-01-01 00:00:00+09:00,226.66592407226562,226.66592407226562,226.66592407226562,226.66592407226562,0,0.0,0.0
2004-01-02 00:00:00+09:00,226.66592407226562,226.66592407226562,226.66592407226562,226.66592407226562,0,0.0,0.0
2004-01-05 00:00:00+09:00,229.90394592285156,241.56104740626375,229.90394592285156,229.90394592285156,0,0.0,0.0
2004-01-06 00:00:00+09:00,233.14210510253906,233.14210510253906,233.14210510253906,233.14210510253906,1000,0.0,0.0
2004-01-07 00:00:00+09:00,226.66592407226562,236.380177961077,226.66592407226562,226.66592407226562,0,0.0,0.0
2004-01-08 00:00:00+09:00,226.66592407226562,236.380177961077,226.66592407226562,226.66592407226562,0,0.0,0.0
2004-01-09 00:00:00+09:00,226.66592407226562,226.66592407226562,226.66592407226562,226.66592407226562,2000,0.0,0.0
2004-01-12 00:00:00+09:00,226.66592407226562,226.66592407226562,226.66592407226562,226.66592407226562,0,0.0,0.0
2004-01-13 00:00:00+09:00,211.1230926513672,229.90398126145814,211.1230926513672,211.1230926513672,0,0.0,0.0
2004-01-14 00:00:00+09:00,211.77076721191403,211.77076721191403,211.77076721191403,211.77076721191406,3000,0.0,0.0
2004-01-15 00:00:00+09:00,213.7135467529297,229.90396696148494,213.7135467529297,213.7135467529297,0,0.0,0.0
2004-01-16 00:00:00+09:00,219.54212951660156,219.54212951660156,219.54212951660156,219.54212951660156,3000,0.0,0.0
2004-01-19 00:00:00+09:00,220.189697265625,241.5610502355239,220.189697265625,220.189697265625,0,0.0,0.0
2004-01-20 00:00:00+09:00,226.66592407226562,226.66592407226562,226.66592407226562,226.66592407226562,1000,0.0,0.0
2004-01-21 00:00:00+09:00,225.37071228027344,225.37071228027344,225.37071228027344,225.37071228027344,1000,0.0,0.0
2004-01-22 00:00:00+09:00,220.189697265625,227.96109834558825,220.189697265625,220.189697265625,0,0.0,0.0
2004-01-23 00:00:00+09:00,227.31347892653775,229.90394592285156,227.31347892653775,229.90394592285156,4000,0.0,0.0
2004-01-26 00:00:00+09:00,242.85630798339844,242.85630798339844,242.85630798339844,242.85630798339844,1000,0.0,0.0
2004-01-27 00:00:00+09:00,233.14210510253906,233.14210510253906,233.14210510253906,233.14210510253906,2000,0.0,0.0
2004-01-28 00:00:00+09:00,238.97064874527302,243.50396728515625,238.97064874527302,243.50396728515625,3000,0.0,0.0
2004-01-29 00:00:00+09:00,242.85630798339844,242.85630798339844,242.85630798339844,242.85630798339844,1000,0.0,0.0
2004-01-30 00:00:00+09:00,233.14210510253906,249.33252906799316,233.14210510253906,233.14210510253906,0,0.0,0.0
2004-02-02 00:00:00+09:00,238.9706573486328,238.9706573486328,238.9706573486328,238.9706573486328,3000,0.0,0.0
2004-02-03 00:00:00+09:00,236.38017272949216,239.61825728743042,236.38017272949216,236.3801727294922,0,0.0,0.0
2004-02-04 00:00:00+09:00,236.38017272949216,236.38017272949216,236.38017272949216,236.3801727294922,2000,0.0,0.0
2004-02-05 00:00:00+09:00,233.14210510253906,233.14210510253906,233.14210510253906,233.14210510253906,8000,0.0,0.0
2004-02-06 00:00:00+09:00,233.14210510253906,233.14210510253906,233.14210510253906,233.14210510253906,9000,0.0,0.0
2004-02-09 00:00:00+09:00,237.02777099609372,237.02777099609372,237.02777099609372,237.02777099609375,1000,0.0,0.0
2004-02-10 00:00:00+09:00,238.32299804687497,239.61823173191235,238.32299804687497,238.322998046875,0,0.0,0.0
2004-02-11 00:00:00+09:00,238.32299804687497,238.32299804687497,238.32299804687497,238.322998046875,0,0.0,0.0
2004-02-12 00:00:00+09:00,240.2658233642578,240.2658233642578,240.2658233642578,240.2658233642578,1000,0.0,0.0
2004-02-13 00:00:00+09:00,242.85630798339844,259.046728515625,242.85630798339844,242.85630798339844,0,0.0,0.0
2004-02-16 00:00:00+09:00,246.09442138671872,246.09442138671872,246.09442138671872,246.09442138671875,5000,0.0,0.0
2004-02-17 00:00:00+09:00,246.74200439453125,257.10387334548267,246.74200439453125,246.74200439453125,0,0.0,0.0
2004-02-18 00:00:00+09:00,259.0467529296875,259.0467529296875,259.0467529296875,259.0467529296875,3000,0.0,0.0
2004-02-19 00:00:00+09:00,259.04674344849815,266.8181457519531,259.04674344849815,266.8181457519531,12000,0.0,0.0
2004-02-20 00:00:00+09:00,271.9991412495458,278.4753112792969,271.9991412495458,278.4753112792969,11000,0.0,0.0
2004-02-23 00:00:00+09:00,278.47524228303325,297.90374755859375,278.47524228303325,297.90374755859375,15000,0.0,0.0
2004-02-24 00:00:00+09:00,283.6561584472656,297.90372804963965,283.6561584472656,283.6561584472656,0,0.0,0.0
2004-02-25 00:00:00+09:00,283.6561584472656,283.6561584472656,283.6561584472656,283.6561584472656,1000,0.0,0.0
2004-02-26 00:00:00+09:00,265.52288818359375,284.9513921970275,265.52288818359375,265.52288818359375,0,0.0,0.0
2004-02-27 00:00:00+09:00,265.52288818359375,265.52288818359375,265.52288818359375,265.52288818359375,3000,0.0,0.0
2004-03-01 00:00:00+09:00,265.52288818359375,292.07517700195314,265.52288818359375,265.52288818359375,0,0.0,0.0
2004-03-02 00:00:00+09:00,265.52288818359375,277.17999059165396,265.52288818359375,265.52288818359375,0,0.0,0.0
2004-03-03 00:00:00+09:00,265.52288818359375,265.52288818359375,265.52288818359375,265.52288818359375,1000,0.0,0.0
2004-03-04 00:00:00+09:00,265.52288818359375,292.07517700195314,265.52288818359375,265.52288818359375,0,0.0,0.0
2004-03-05 00:00:00+09:00,265.52288818359375,292.07517700195314,265.52288818359375,265.52288818359375,0,0.0,0.0
2004-03-08 00:00:00+09:00,265.52288818359375,292.07517700195314,265.52288818359375,265.52288818359375,0,0.0,0.0
2004-03-09 00:00:00+09:00,265.52288818359375,297.90372820598327,265.52288818359375,265.52288818359375,0,0.0,0.0
2004-03-10 00:00:00+09:00,265.52288818359375,284.9513921970275,265.52288818359375,265.52288818359375,0,0.0,0.0
2004-03-11 00:00:00+09:00,266.17059326171875,266.17059326171875,266.17059326171875,266.17059326171875,1000,0.0,0.0
2004-03-12 00:00:00+09:00,266.17059326171875,292.0752738711318,266.17059326171875,266.17059326171875,0,0.0,0.0
2004-03-15 00:00:00+09:00,268.760986328125,268.760986328125,268.760986328125,268.760986328125,1000,0.0,0.0
2004-03-16 00:00:00+09:00,269.4085998535156,269.4085998535156,269.4085998535156,269.4085998535156,1000,0.0,0.0
2004-03-17 00:00:00+09:00,271.999070500753,271.999070500753,268.760986328125,268.760986328125,2000,0.0,0.0
2004-03-18 00:00:00+09:00,278.4753112792969,278.4753112792969,278.4753112792969,278.4753112792969,1000,0.0,0.0
2004-03-19 00:00:00+09:00,279.12288416146134,281.06573486328125,279.12288416146134,281.06573486328125,3000,0.0,0.0
2004-03-22 00:00:00+09:00,281.06573486328125,288.18952076995424,281.06573486328125,281.06573486328125,0,0.0,0.0
2004-03-23 00:00:00+09:00,281.71337890625,292.07525031429594,281.71337890625,281.71337890625,0,0.0,0.0
2004-03-24 00:00:00+09:00,281.71337890625,281.71337890625,281.71337890625,281.71337890625,1000,0.0,0.0
2004-03-25 00:00:00+09:00,282.36102294921875,284.95149104967027,282.36102294921875,282.36102294921875,0,0.0,0.0
2004-03-26 00:00:00+09:00,281.71337890625,284.95146372126436,281.71337890625,281.71337890625,0,0.0,0.0
2004-03-29 00:00:00+09:00,285.59905674293674,292.0752258300781,285.59905674293674,292.0752258300781,7000,0.0,0.0
2004-03-30 00:00:00+09:00,292.0752258300781,292.0752258300781,292.0752258300781,292.0752258300781,2000,0.0,0.0
2004-03-31 00:00:00+09:00,281.71337890625,310.8561422413793,281.71337890625,281.71337890625,0,0.0,0.0
2004-04-01 00:00:00+09:00,291.4275817871094,310.8560872395833,291.4275817871094,291.4275817871094,0,0.0,0.0
2004-04-02 00:00:00+09:00,285.59906005859375,301.14186604817706,285.59906005859375,285.59906005859375,0,0.0,0.0
2004-04-05 00:00:00+09:00,297.90374755859375,297.90374755859375,297.90374755859375,297.90374755859375,4000,0.0,0.0
2004-04-06 00:00:00+09:00,297.90374755859375,310.8560844089674,297.90374755859375,297.90374755859375,0,0.0,0.0
2004-04-07 00:00:00+09:00,304.3799705505371,310.85614013671875,304.3799705505371,310.85614013671875,4000,0.0,0.0
2004-04-08 00:00:00+09:00,297.90374755859375,317.3322528341542,297.90374755859375,297.90374755859375,0,0.0,0.0
2004-04-09 00:00:00+09:00,304.3799743652344,304.3799743652344,304.3799743652344,304.3799743652344,1000,0.0,0.0
2004-04-12 00:00:00+09:00,304.3799743652344,317.33231369992524,304.3799743652344,304.3799743652344,0,0.0,0.0
2004-04-13 00:00:00+09:00,310.85614013671875,310.85614013671875,310.85614013671875,310.85614013671875,3000,0.0,0.0
2004-04-14 00:00:00+09:00,289.4847717285156,317.33230010508424,289.4847717285156,289.4847717285156,0,0.0,0.0
2004-04-15 00:00:00+09:00,303.08465576171875,317.3322250496628,303.08465576171875,303.08465576171875,0,0.0,0.0
2004-04-16 00:00:00+09:00,291.4275817871094,317.3322557237413,291.4275817871094,291.4275817871094,0,0.0,0.0
2004-04-19 00:00:00+09:00,317.3322615475999,317.3322615475999,314.09417724609375,314.09417724609375,2000,0.0,0.0
2004-04-20 00:00:00+09:00,314.09417724609375,314.09417724609375,314.09417724609375,314.09417724609375,1000,0.0,0.0
2004-04-21 00:00:00+09:00,317.3323059082031,317.3323059082031,317.3323059082031,317.3323059082031,2000,0.0,0.0
2004-04-22 00:00:00+09:00,307.6180419921875,323.8084652549342,307.6180419921875,307.6180419921875,0,0.0,0.0
2004-04-23 00:00:00+09:00,307.6180419921875,323.8084652549342,307.6180419921875,307.6180419921875,0,0.0,0.0
2004-04-26 00:00:00+09:00,288.837158203125,323.808473321889,288.837158203125,288.837158203125,0,0.0,0.0
2004-04-27 00:00:00+09:00,288.837158203125,323.808473321889,288.837158203125,288.837158203125,0,0.0,0.0
2004-04-28 00:00:00+09:00,304.3799743652344,323.80848336727064,304.3799743652344,304.3799743652344,0,0.0,0.0
2004-04-29 00:00:00+09:00,304.3799743652344,304.3799743652344,304.3799743652344,304.3799743652344,0,0.0,0.0
2004-04-30 00:00:00+09:00,310.85614013671875,323.80847930908203,310.85614013671875,310.85614013671875,0,0.0,0.0
2004-05-03 00:00:00+09:00,310.85614013671875,310.85614013671875,310.85614013671875,310.85614013671875,0,0.0,0.0
2004-05-04 00:00:00+09:00,310.85614013671875,310.85614013671875,310.85614013671875,310.85614013671875,0,0.0,0.0
2004-05-05 00:00:00+09:00,310.85614013671875,310.85614013671875,310.85614013671875,310.85614013671875,0,0.0,0.0
2004-05-06 00:00:00+09:00,288.837158203125,323.808473321889,288.837158203125,288.837158203125,0,0.0,0.0
2004-05-07 00:00:00+09:00,288.837158203125,323.808473321889,288.837158203125,288.837158203125,0,0.0,0.0
2004-05-10 00:00:00+09:00,316.0370087890625,323.80841064453125,316.0370087890625,323.80841064453125,2000,0.0,0.0
2004-05-11 00:00:00+09:00,304.3799743652344,317.33231369992524,304.3799743652344,304.3799743652344,0,0.0,0.0
2004-05-12 00:00:00+09:00,317.33228895399304,317.33228895399304,314.7418212890625,314.7418212890625,3000,0.0,0.0
2004-05-13 00:00:00+09:00,314.74175578480487,314.74175578480487,309.5608215332031,309.5608215332031,3000,0.0,0.0
2004-05-14 00:00:00+09:00,291.4275817871094,314.7417883300781,291.4275817871094,291.4275817871094,0,0.0,0.0
2004-05-17 00:00:00+09:00,265.52288818359375,304.37989621046114,265.52288818359375,265.52288818359375,0,0.0,0.0
2004-05-18 00:00:00+09:00,265.52288818359375,303.08466260956556,265.52288818359375,265.52288818359375,0,0.0,0.0
2004-05-19 00:00:00+09:00,298.5514221191406,298.5514221191406,298.5514221191406,298.5514221191406,1000,0.0,0.0
2004-05-20 00:00:00+09:00,298.5514221191406,305.6752087640659,298.5514221191406,298.5514221191406,0,0.0,0.0
2004-05-21 00:00:00+09:00,305.67510986328125,305.67510986328125,305.67510986328125,305.67510986328125,1000,0.0,0.0
2004-05-24 00:00:00+09:00,304.3799743652344,304.3799743652344,304.3799743652344,304.3799743652344,1000,0.0,0.0
2004-05-25 00:00:00+09:00,273.2943420410156,305.6751882544061,273.2943420410156,273.2943420410156,0,0.0,0.0
2004-05-26 00:00:00+09:00,273.2943420410156,305.6751882544061,273.2943420410156,273.2943420410156,0,0.0,0.0
2004-05-27 00:00:00+09:00,266.17059326171875,305.67523119107364,266.17059326171875,266.17059326171875,0,0.0,0.0
2004-05-28 00:00:00+09:00,278.47521856674956,278.47521856674956,272.64666748046875,272.64666748046875,6000,0.0,0.0
2004-05-31 00:00:00+09:00,266.17059326171875,266.17059326171875,266.17059326171875,266.17059326171875,1000,0.0,0.0
2004-06-01 00:00:00+09:00,266.17050498404154,266.17050498404154,265.52288818359375,265.52288818359375,2000,0.0,0.0
2004-06-02 00:00:00+09:00,269.4086031626506,269.4086031626506,268.760986328125,268.760986328125,2000,0.0,0.0
2004-06-03 00:00:00+09:00,274.589599609375,274.589599609375,274.589599609375,274.589599609375,2000,0.0,0.0
2004-06-04 00:00:00+09:00,275.88482666015625,310.856142715669,275.88482666015625,275.88482666015625,0,0.0,0.0
2004-06-07 00:00:00+09:00,275.88482666015625,284.303847192039,275.88482666015625,275.88482666015625,0,0.0,0.0
2004-06-08 00:00:00+09:00,276.5323791503906,276.5323791503906,276.5323791503906,276.5323791503906,1000,0.0,0.0
2004-06-09 00:00:00+09:00,279.7705505816606,279.7705505816606,266.17059326171875,266.17059326171875,9000,0.0,0.0
2004-06-10 00:00:00+09:00,268.760986328125,268.760986328125,268.760986328125,268.760986328125,1000,0.0,0.0
2004-06-11 00:00:00+09:00,266.17059326171875,281.06578461213127,266.17059326171875,266.17059326171875,0,0.0,0.0
2004-06-14 00:00:00+09:00,289.48478246228444,289.48478246228444,281.71337890625,281.71337890625,3000,0.0,0.0
2004-06-15 00:00:00+09:00,281.7133690970284,281.7133690970284,271.9991149902344,271.9991149902344,20000,0.0,0.0
2004-06-16 00:00:00+09:00,278.4753112792969,278.4753112792969,278.4753112792969,278.4753112792969,15000,0.0,0.0
2004-06-17 00:00:00+09:00,281.71337890625,281.71337890625,281.71337890625,281.71337890625,1000,0.0,0.0
2004-06-18 00:00:00+09:00,281.71337890625,281.71337890625,281.71337890625,281.71337890625,1000,0.0,0.0
2004-06-21 00:00:00+09:00,282.36102294921875,282.36102294921875,282.36102294921875,282.36102294921875,1000,0.0,0.0
2004-06-22 00:00:00+09:00,281.71337890625,281.71337890625,281.71337890625,281.71337890625,1000,0.0,0.0
2004-06-23 00:00:00+09:00,284.9513854980469,288.83708620938387,284.9513854980469,284.9513854980469,0,0.0,0.0
2004-06-24 00:00:00+09:00,290.1323547363281,290.1323547363281,290.1323547363281,290.1323547363281,2000,0.0,0.0
2004-06-25 00:00:00+09:00,290.1323547363281,290.1323547363281,290.1323547363281,290.1323547363281,1000,0.0,0.0
2004-06-28 00:00:00+09:00,283.6561584472656,283.6561584472656,283.6561584472656,283.6561584472656,1000,0.0,0.0
2004-06-29 00:00:00+09:00,282.36102294921875,282.36102294921875,282.36102294921875,282.36102294921875,1000,0.0,0.0
2004-06-30 00:00:00+09:00,281.71337890625,281.71337890625,281.71337890625,281.71337890625,1000,0.0,0.0
2004-07-01 00:00:00+09:00,283.0085754394531,310.8561011691934,283.0085754394531,283.0085754394531,0,0.0,0.0
2004-07-02 00:00:00+09:00,293.3704104488843,293.3704104488843,283.6561584472656,283.6561584472656,2000,0.0,0.0
2004-07-05 00:00:00+09:00,285.59906005859375,312.1513536241319,285.59906005859375,285.59906005859375,0,0.0,0.0
2004-07-06 00:00:00+09:00,286.2466735839844,286.2466735839844,286.2466735839844,286.2466735839844,1000,0.0,0.0
2004-07-07 00:00:00+09:00,285.59906005859375,285.59906005859375,285.59906005859375,285.59906005859375,3000,0.0,0.0
2004-07-08 00:00:00+09:00,275.88482666015625,275.88482666015625,275.88482666015625,275.88482666015625,1000,0.0,0.0
2004-07-09 00:00:00+09:00,278.4753112792969,278.4753112792969,278.4753112792969,278.4753112792969,1000,0.0,0.0
2004-07-12 00:00:00+09:00,279.1228332519531,279.1228332519531,279.1228332519531,279.1228332519531,1000,0.0,0.0
2004-07-13 00:00:00+09:00,280.4180908203125,289.48472655122333,280.4180908203125,280.4180908203125,0,0.0,0.0
2004-07-14 00:00:00+09:00,278.4753112792969,306.97045941020167,278.4753112792969,278.4753112792969,0,0.0,0.0
2004-07-15 00:00:00+09:00,278.4753112792969,288.83718332689864,278.4753112792969,278.4753112792969,0,0.0,0.0
2004-07-16 00:00:00+09:00,278.4753112792969,278.4753112792969,278.4753112792969,278.4753112792969,1000,0.0,0.0
2004-07-19 00:00:00+09:00,278.4753112792969,278.4753112792969,278.4753112792969,278.4753112792969,0,0.0,0.0
2004-07-20 00:00:00+09:00,279.77045121626423,284.9513854980469,279.77045121626423,284.9513854980469,2000,0.0,0.0
2004-07-21 00:00:00+09:00,278.4753112792969,278.4753112792969,278.4753112792969,278.4753112792969,1000,0.0,0.0
2004-07-22 00:00:00+09:00,281.71337890625,287.54193157327586,281.71337890625,281.71337890625,0,0.0,0.0
2004-07-23 00:00:00+09:00,284.9513854980469,288.1894694241611,284.9513854980469,284.9513854980469,0,0.0,0.0
2004-07-26 00:00:00+09:00,281.71337890625,281.71337890625,281.71337890625,281.71337890625,1000,0.0,0.0
2004-07-27 00:00:00+09:00,283.0085754394531,283.0085754394531,283.0085754394531,283.0085754394531,1000,0.0,0.0
2004-07-28 00:00:00+09:00,282.36102294921875,282.36102294921875,282.36102294921875,282.36102294921875,1000,0.0,0.0
2004-07-29 00:00:00+09:00,283.0085754394531,283.0085754394531,283.0085754394531,283.0085754394531,1000,0.0,0.0
2004-07-30 00:00:00+09:00,277.1799621582031,277.1799621582031,277.1799621582031,277.1799621582031,1000,0.0,0.0
2004-08-02 00:00:00+09:00,277.1799621582031,286.8942131684205,277.1799621582031,277.1799621582031,0,0.0,0.0
2004-08-03 00:00:00+09:00,275.2371826171875,293.37045582490805,275.2371826171875,275.2371826171875,0,0.0,0.0
2004-08-04 00:00:00+09:00,275.88482666015625,292.07525075993067,275.88482666015625,275.88482666015625,0,0.0,0.0
2004-08-05 00:00:00+09:00,275.88482666015625,289.4847829039668,275.88482666015625,275.88482666015625,0,0.0,0.0
2004-08-06 00:00:00+09:00,275.88482666015625,275.88482666015625,275.88482666015625,275.88482666015625,1000,0.0,0.0
2004-08-09 00:00:00+09:00,271.999070500753,271.999070500753,268.760986328125,268.760986328125,2000,0.0,0.0
2004-08-10 00:00:00+09:00,262.28485107421875,262.28485107421875,262.28485107421875,262.28485107421875,1000,0.0,0.0
2004-08-11 00:00:00+09:00,268.760986328125,288.18949136389307,268.760986328125,268.760986328125,0,0.0,0.0
2004-08-12 00:00:00+09:00,266.17059326171875,287.5419547644845,266.17059326171875,266.17059326171875,0,0.0,0.0
2004-08-13 00:00:00+09:00,268.1134338378906,287.5419435362885,268.1134338378906,268.1134338378906,0,0.0,0.0
2004-08-16 00:00:00+09:00,262.9324951171875,287.5419404729834,262.9324951171875,262.9324951171875,0,0.0,0.0
2004-08-17 00:00:00+09:00,268.760986328125,268.760986328125,268.760986328125,268.760986328125,1000,0.0,0.0
2004-08-18 00:00:00+09:00,271.9991149902344,271.9991149902344,271.9991149902344,271.9991149902344,1000,0.0,0.0
2004-08-19 00:00:00+09:00,276.5323791503906,276.5323791503906,276.5323791503906,276.5323791503906,1000,0.0,0.0
2004-08-20 00:00:00+09:00,276.5323791503906,281.06569684138066,276.5323791503906,276.5323791503906,0,0.0,0.0
2004-08-23 00:00:00+09:00,271.9991149902344,281.0657521565755,271.9991149902344,271.9991149902344,0,0.0,0.0
2004-08-24 00:00:00+09:00,269.4085998535156,287.54187099750226,269.4085998535156,269.4085998535156,0,0.0,0.0
2004-08-25 00:00:00+09:00,270.703857421875,282.36096132999404,270.703857421875,270.703857421875,0,0.0,0.0
2004-08-26 00:00:00+09:00,273.2943420410156,273.2943420410156,273.2943420410156,273.2943420410156,1000,0.0,0.0
2004-08-27 00:00:00+09:00,273.2943420410156,273.2943420410156,273.2943420410156,273.2943420410156,1000,0.0,0.0
2004-08-30 00:00:00+09:00,275.2371826171875,275.2371826171875,275.2371826171875,275.2371826171875,1000,0.0,0.0
2004-08-31 00:00:00+09:00,275.2371826171875,310.2084952320772,275.2371826171875,275.2371826171875,0,0.0,0.0
2004-09-01 00:00:00+09:00,275.2371826171875,286.24666992187497,275.2371826171875,275.2371826171875,0,0.0,0.0
2004-09-02 00:00:00+09:00,275.2371826171875,283.656202320772,275.2371826171875,275.2371826171875,0,0.0,0.0
2004-09-03 00:00:00+09:00,282.36102294921875,282.36102294921875,282.36102294921875,282.36102294921875,1000,0.0,0.0
2004-09-06 00:00:00+09:00,279.1228123602466,279.1228123602466,277.1799621582031,277.1799621582031,2000,0.0,0.0
2004-09-07 00:00:00+09:00,277.8276942763218,278.4753112792969,277.8276942763218,278.4753112792969,3000,0.0,0.0
2004-09-08 00:00:00+09:00,277.1799621582031,277.1799621582031,277.1799621582031,277.1799621582031,1000,0.0,0.0
2004-09-09 00:00:00+09:00,278.4753112792969,278.4753112792969,278.4753112792969,278.4753112792969,1000,0.0,0.0
2004-09-10 00:00:00+09:00,281.71337890625,281.71337890625,281.71337890625,281.71337890625,1000,0.0,0.0
2004-09-13 00:00:00+09:00,281.71337890625,281.71337890625,281.71337890625,281.71337890625,1000,0.0,0.0
2004-09-14 00:00:00+09:00,281.71337890625,281.71337890625,281.71337890625,281.71337890625,1000,0.0,0.0
2004-09-15 00:00:00+09:00,278.4753112792969,278.4753112792969,278.4753112792969,278.4753112792969,1000,0.0,0.0
2004-09-16 00:00:00+09:00,278.4751956262321,278.4751956262321,277.1799621582031,277.1799621582031,3000,0.0,0.0
2004-09-17 00:00:00+09:00,278.4753112792969,278.4753112792969,278.4753112792969,278.4753112792969,1000,0.0,0.0
2004-09-20 00:00:00+09:00,278.4753112792969,278.4753112792969,278.4753112792969,278.4753112792969,0,0.0,0.0
2004-09-21 00:00:00+09:00,278.4753112792969,278.4753112792969,278.4753112792969,278.4753112792969,1000,0.0,0.0
2004-09-22 00:00:00+09:00,279.7704772949219,281.71332783169214,279.7704772949219,279.7704772949219,0,0.0,0.0
2004-09-23 00:00:00+09:00,279.7704772949219,279.7704772949219,279.7704772949219,279.7704772949219,0,0.0,0.0
2004-09-24 00:00:00+09:00,281.71330157193273,284.9513854980469,279.77045121626423,284.9513854980469,3000,0.0,0.0
2004-09-27 00:00:00+09:00,284.95147705078125,284.95147705078125,284.95147705078125,284.95147705078125,3000,10.0,0.0
2004-09-28 00:00:00+09:00,272.360595703125,272.360595703125,272.360595703125,272.360595703125,1000,0.0,0.0
2004-09-29 00:00:00+09:00,276.33661281040736,278.32464599609375,276.33661281040736,278.32464599609375,4000,0.0,0.0
2004-09-30 00:00:00+09:00,278.3246187876506,278.3246187876506,275.01123046875,275.01123046875,9000,0.0,0.0
2004-10-01 00:00:00+09:00,275.6739196777344,278.32463044386645,275.6739196777344,275.6739196777344,0,0.0,0.0
2004-10-04 00:00:00+09:00,278.9872741699219,278.9872741699219,278.9872741699219,278.9872741699219,4000,0.0,0.0
2004-10-05 00:00:00+09:00,281.6380310058594,281.6380310058594,281.6380310058594,281.6380310058594,2000,0.0,0.0
2004-10-06 00:00:00+09:00,281.6380310058594,281.6380310058594,281.6380310058594,281.6380310058594,2000,0.0,0.0
2004-10-07 00:00:00+09:00,282.3007507324219,282.3007507324219,282.3007507324219,282.3007507324219,1000,0.0,0.0
2004-10-08 00:00:00+09:00,284.9513665927259,285.6140441894531,284.9513665927259,285.6140441894531,6000,0.0,0.0
2004-10-11 00:00:00+09:00,285.6140441894531,285.6140441894531,285.6140441894531,285.6140441894531,0,0.0,0.0
2004-10-12 00:00:00+09:00,284.95147705078125,284.95147705078125,284.95147705078125,284.95147705078125,1000,0.0,0.0
2004-10-13 00:00:00+09:00,284.95147705078125,284.95147705078125,284.95147705078125,284.95147705078125,2000,0.0,0.0
2004-10-14 00:00:00+09:00,284.95147705078125,284.95147705078125,284.95147705078125,284.95147705078125,1000,0.0,0.0
2004-10-15 00:00:00+09:00,285.6140441894531,290.252787366544,285.6140441894531,285.6140441894531,0,0.0,0.0
2004-10-18 00:00:00+09:00,290.2527770996094,290.2527770996094,290.2527770996094,290.2527770996094,2000,0.0,0.0
2004-10-19 00:00:00+09:00,284.95147705078125,291.57825558684596,284.95147705078125,284.95147705078125,0,0.0,0.0
2004-10-20 00:00:00+09:00,284.95147705078125,288.2648663188136,284.95147705078125,284.95147705078125,0,0.0,0.0
2004-10-21 00:00:00+09:00,278.9872741699219,294.89153683044,278.9872741699219,278.9872741699219,0,0.0,0.0
2004-10-22 00:00:00+09:00,278.9872741699219,278.9872741699219,278.9872741699219,278.9872741699219,1000,0.0,0.0
2004-10-25 00:00:00+09:00,281.6380310058594,281.6380310058594,281.6380310058594,281.6380310058594,1000,0.0,0.0
2004-10-26 00:00:00+09:00,281.6380310058594,281.6380310058594,281.6380310058594,281.6380310058594,1000,0.0,0.0
2004-10-27 00:00:00+09:00,280.9753532858456,281.6380310058594,280.9753532858456,281.6380310058594,2000,0.0,0.0
2004-10-28 00:00:00+09:00,278.32464599609375,294.89158921014695,278.32464599609375,278.32464599609375,0,0.0,0.0
2004-10-29 00:00:00+09:00,278.9872741699219,288.26476072189075,278.9872741699219,278.9872741699219,0,0.0,0.0
2004-11-01 00:00:00+09:00,284.95147705078125,284.95147705078125,284.95147705078125,284.95147705078125,1000,0.0,0.0
2004-11-02 00:00:00+09:00,278.32464599609375,278.32464599609375,278.32464599609375,278.32464599609375,2000,0.0,0.0
2004-11-03 00:00:00+09:00,278.32464599609375,278.32464599609375,278.32464599609375,278.32464599609375,0,0.0,0.0
2004-11-04 00:00:00+09:00,278.32464599609375,278.32464599609375,278.32464599609375,278.32464599609375,1000,0.0,0.0
2004-11-05 00:00:00+09:00,281.6380310058594,281.6380310058594,281.6380310058594,281.6380310058594,1000,0.0,0.0
2004-11-08 00:00:00+09:00,282.3007507324219,284.288784188284,282.3007507324219,282.3007507324219,0,0.0,0.0
2004-11-09 00:00:00+09:00,286.2767639160156,286.2767639160156,286.2767639160156,286.2767639160156,7000,0.0,0.0
2004-11-10 00:00:00+09:00,286.9394226074219,288.26477790814903,286.9394226074219,286.9394226074219,0,0.0,0.0
2004-11-11 00:00:00+09:00,286.9394645866711,287.6021423339844,286.9394645866711,287.6021423339844,2000,0.0,0.0
2004-11-12 00:00:00+09:00,284.95147705078125,290.252899879633,284.95147705078125,284.95147705078125,0,0.0,0.0
2004-11-15 00:00:00+09:00,291.5781555175781,291.5781555175781,291.5781555175781,291.5781555175781,1000,0.0,0.0
2004-11-16 00:00:00+09:00,293.5661926269531,293.5661926269531,293.5661926269531,293.5661926269531,3000,0.0,0.0
2004-11-17 00:00:00+09:00,298.20495948362884,298.20495948362884,294.8915710449219,294.8915710449219,3000,0.0,0.0
2004-11-18 00:00:00+09:00,294.8915710449219,298.20495948362884,294.8915710449219,294.8915710449219,0,0.0,0.0
2004-11-19 00:00:00+09:00,284.95147705078125,294.8916448548783,284.95147705078125,284.95147705078125,0,0.0,0.0
2004-11-22 00:00:00+09:00,291.5781555175781,291.5781555175781,291.5781555175781,291.5781555175781,1000,0.0,0.0
2004-11-23 00:00:00+09:00,291.5781555175781,291.5781555175781,291.5781555175781,291.5781555175781,0,0.0,0.0
2004-11-24 00:00:00+09:00,275.01123046875,291.578172063253,275.01123046875,275.01123046875,0,0.0,0.0
2004-11-25 00:00:00+09:00,284.95147705078125,284.95147705078125,284.95147705078125,284.95147705078125,1000,0.0,0.0
2004-11-26 00:00:00+09:00,291.5781555175781,301.51831991022283,291.5781555175781,291.5781555175781,0,0.0,0.0
2004-11-29 00:00:00+09:00,284.95147705078125,284.95147705078125,284.95147705078125,284.95147705078125,1000,0.0,0.0
2004-11-30 00:00:00+09:00,284.95147705078125,301.5184233909429,284.95147705078125,284.95147705078125,0,0.0,0.0
2004-12-01 00:00:00+09:00,288.26481678721666,301.51837158203125,288.26481678721666,301.51837158203125,2000,0.0,0.0
2004-12-02 00:00:00+09:00,291.5781555175781,291.5781555175781,291.5781555175781,291.5781555175781,1000,0.0,0.0
2004-12-03 00:00:00+09:00,293.5662156694391,294.8915710449219,293.5662156694391,294.8915710449219,2000,0.0,0.0
2004-12-06 00:00:00+09:00,298.2049560546875,298.2049560546875,298.2049560546875,298.2049560546875,1000,0.0,0.0
2004-12-07 00:00:00+09:00,298.2049560546875,301.5183444552951,298.2049560546875,298.2049560546875,0,0.0,0.0
2004-12-08 00:00:00+09:00,298.2049486278433,299.5303039550781,298.2049486278433,299.5303039550781,2000,0.0,0.0
2004-12-09 00:00:00+09:00,300.1930236816406,300.1930236816406,300.1930236816406,300.1930236816406,2000,0.0,0.0
2004-12-10 00:00:00+09:00,298.2049560546875,298.2049560546875,298.2049560546875,298.2049560546875,3000,0.0,0.0
2004-12-13 00:00:00+09:00,298.2049560546875,298.2049560546875,298.2049560546875,298.2049560546875,2000,0.0,0.0
2004-12-14 00:00:00+09:00,321.398681640625,321.398681640625,321.398681640625,321.398681640625,1000,0.0,0.0
2004-12-15 00:00:00+09:00,298.2049560546875,298.2049560546875,298.2049560546875,298.2049560546875,0,0.0,0.0
2004-12-16 00:00:00+09:00,298.2049560546875,320.73599717881945,298.2049560546875,298.2049560546875,0,0.0,0.0
2004-12-17 00:00:00+09:00,265.7337951660156,320.0733742273954,265.7337951660156,265.7337951660156,0,0.0,0.0
2004-12-20 00:00:00+09:00,298.2049560546875,321.3986748589409,298.2049560546875,298.2049560546875,0,0.0,0.0
2004-12-21 00:00:00+09:00,298.2049560546875,298.2049560546875,298.2049560546875,298.2049560546875,0,0.0,0.0
2004-12-22 00:00:00+09:00,298.2049560546875,298.2049560546875,298.2049560546875,298.2049560546875,0,0.0,0.0
2004-12-23 00:00:00+09:00,298.2049560546875,298.2049560546875,298.2049560546875,298.2049560546875,0,0.0,0.0
2004-12-24 00:00:00+09:00,321.398681640625,321.398681640625,321.398681640625,321.398681640625,1000,0.0,0.0
2004-12-27 00:00:00+09:00,321.398681640625,321.398681640625,321.398681640625,321.398681640625,1000,0.0,0.0
2004-12-28 00:00:00+09:00,321.398681640625,321.398681640625,321.398681640625,321.398681640625,1000,0.0,0.0
2004-12-29 00:00:00+09:00,321.3986715698242,331.3388366699219,321.3986715698242,331.3388366699219,7000,0.0,0.0
2004-12-30 00:00:00+09:00,331.33881565197896,340.6163024902344,331.33881565197896,340.6163024902344,2000,0.0,0.0
2004-12-31 00:00:00+09:00,340.6163024902344,340.6163024902344,340.6163024902344,340.6163024902344,0,0.0,0.0
2005-01-03 00:00:00+09:00,340.6163024902344,340.6163024902344,340.6163024902344,340.6163024902344,0,0.0,0.0
2005-01-04 00:00:00+09:00,331.3388470521908,331.3388470521908,321.398681640625,321.398681640625,3000,0.0,0.0
2005-01-05 00:00:00+09:00,351.21917724609375,351.21917724609375,351.21917724609375,351.21917724609375,1000,0.0,0.0
2005-01-06 00:00:00+09:00,327.36280443596115,328.68815991950754,325.37477121064154,328.0254821777344,5000,0.0,0.0
2005-01-07 00:00:00+09:00,319.4106750488281,349.8938515057703,319.4106750488281,319.4106750488281,0,0.0,0.0
2005-01-10 00:00:00+09:00,319.4106750488281,319.4106750488281,319.4106750488281,319.4106750488281,0,0.0,0.0
2005-01-11 00:00:00+09:00,329.35080364990233,331.3388366699219,329.35080364990233,331.3388366699219,2000,0.0,0.0
2005-01-12 00:00:00+09:00,334.65221838857616,337.9656066894531,334.65221838857616,337.9656066894531,4000,0.0,0.0
2005-01-13 00:00:00+09:00,337.9656066894531,337.9656066894531,337.9656066894531,337.9656066894531,1000,0.0,0.0
2005-01-14 00:00:00+09:00,353.86993408203125,353.86993408203125,353.86993408203125,353.86993408203125,4000,0.0,0.0
2005-01-17 00:00:00+09:00,341.2789611816406,357.8459010448271,341.2789611816406,341.2789611816406,0,0.0,0.0
2005-01-18 00:00:00+09:00,341.2789611816406,357.18322345029964,341.2789611816406,341.2789611816406,0,0.0,0.0
2005-01-19 00:00:00+09:00,345.9177551269531,345.9177551269531,345.9177551269531,345.9177551269531,1000,0.0,0.0
2005-01-20 00:00:00+09:00,341.2789611816406,357.18322345029964,341.2789611816406,341.2789611816406,0,0.0,0.0
2005-01-21 00:00:00+09:00,341.2789611816406,341.2789611816406,341.2789611816406,341.2789611816406,2000,0.0,0.0
2005-01-24 00:00:00+09:00,330.0134582519531,364.4726948565748,330.0134582519531,330.0134582519531,0,0.0,0.0
2005-01-25 00:00:00+09:00,333.326904296875,333.326904296875,333.326904296875,333.326904296875,1000,0.0,0.0
2005-01-26 00:00:00+09:00,335.31500244140625,335.31500244140625,335.31500244140625,335.31500244140625,1000,0.0,0.0
2005-01-27 00:00:00+09:00,344.5924072265625,344.5924072265625,344.5924072265625,344.5924072265625,0,0.0,0.0
2005-01-28 00:00:00+09:00,335.9775695800781,335.9775695800781,335.9775695800781,335.9775695800781,1000,0.0,0.0
2005-01-31 00:00:00+09:00,337.30290588619204,337.30290588619204,336.6402282714844,336.6402282714844,2000,0.0,0.0
2005-02-01 00:00:00+09:00,334.65228271484375,334.65228271484375,334.65228271484375,334.65228271484375,2000,0.0,0.0
2005-02-02 00:00:00+09:00,364.47274780273443,364.47274780273443,364.47274780273443,364.4727478027344,0,0.0,0.0
2005-02-03 00:00:00+09:00,364.47274780273443,364.47274780273443,364.47274780273443,364.4727478027344,0,0.0,0.0
2005-02-04 00:00:00+09:00,364.47274780273443,364.47274780273443,364.47274780273443,364.4727478027344,0,0.0,0.0
2005-02-07 00:00:00+09:00,364.47274780273443,364.47274780273443,364.47274780273443,364.4727478027344,0,0.0,0.0
2005-02-08 00:00:00+09:00,364.47274780273443,364.47274780273443,364.47274780273443,364.4727478027344,0,0.0,0.0
2005-02-09 00:00:00+09:00,341.2789611816406,341.2789611816406,341.2789611816406,341.2789611816406,1000,0.0,0.0
2005-02-10 00:00:00+09:00,338.62835693359375,338.62835693359375,338.62835693359375,338.62835693359375,1000,0.0,0.0
2005-02-11 00:00:00+09:00,338.62835693359375,338.62835693359375,338.62835693359375,338.62835693359375,0,0.0,0.0
2005-02-14 00:00:00+09:00,351.21917724609375,351.21917724609375,351.21917724609375,351.21917724609375,0,0.0,0.0
2005-02-15 00:00:00+09:00,345.25506591796875,345.25506591796875,345.25506591796875,345.25506591796875,2000,0.0,0.0
2005-02-16 00:00:00+09:00,364.47274780273443,364.47274780273443,364.47274780273443,364.4727478027344,0,0.0,0.0
2005-02-17 00:00:00+09:00,351.21917724609375,351.21917724609375,351.21917724609375,351.21917724609375,1000,0.0,0.0
2005-02-18 00:00:00+09:00,352.5445251464843,352.5445251464843,352.5445251464843,352.5445251464844,1000,0.0,0.0
2005-02-21 00:00:00+09:00,357.84597778320307,357.84597778320307,357.84597778320307,357.8459777832031,1000,0.0,0.0
2005-02-22 00:00:00+09:00,364.4727407182966,371.0995178222656,364.4727407182966,371.0995178222656,4000,0.0,0.0
2005-02-23 00:00:00+09:00,383.69036865234375,383.69036865234375,383.69036865234375,383.69036865234375,2000,0.0,0.0
2005-02-24 00:00:00+09:00,430.07781982421875,430.07781982421875,430.07781982421875,430.07781982421875,0,0.0,0.0
2005-02-25 00:00:00+09:00,378.38897705078125,404.2334080577523,378.38897705078125,378.38897705078125,0,0.0,0.0
2005-02-28 00:00:00+09:00,404.23343658447266,408.2095031738281,401.58272552490234,408.2095031738281,3000,0.0,0.0
2005-03-01 00:00:00+09:00,394.9559326171875,414.1735870566144,394.9559326171875,394.9559326171875,0,0.0,0.0
2005-03-02 00:00:00+09:00,399.5946350097656,414.1735437497571,399.5946350097656,399.5946350097656,0,0.0,0.0
2005-03-03 00:00:00+09:00,399.5946350097656,399.5946350097656,399.5946350097656,399.5946350097656,0,0.0,0.0
2005-03-04 00:00:00+09:00,402.9080126152664,404.2333679199219,402.9080126152664,404.2333679199219,4000,0.0,0.0
2005-03-07 00:00:00+09:00,412.1855544551727,412.1855544551727,410.8601989746094,410.8601989746094,13000,0.0,0.0
2005-03-08 00:00:00+09:00,398.26931762695307,414.17358322270496,398.26931762695307,398.2693176269531,0,0.0,0.0
2005-03-09 00:00:00+09:00,410.8601989746094,410.8601989746094,410.8601989746094,410.8601989746094,8000,0.0,0.0
2005-03-10 00:00:00+09:00,407.5468102732013,414.1735876760175,407.5468102732013,410.8601989746094,8000,0.0,0.0
2005-03-11 00:00:00+09:00,413.5109099357359,413.5109099357359,410.8601989746094,410.8601989746094,7000,0.0,0.0
2005-03-14 00:00:00+09:00,417.4869079589843,417.4869079589843,417.4869079589843,417.4869079589844,1000,0.0,0.0
2005-03-15 00:00:00+09:00,414.1735876760175,414.1735876760175,410.8601989746094,410.8601989746094,8000,0.0,0.0
2005-03-16 00:00:00+09:00,410.8601989746094,410.8601989746094,409.53484349404613,410.8601989746094,27000,0.0,0.0
2005-03-17 00:00:00+09:00,410.860134765625,414.8362005859375,410.860134765625,414.17352294921875,16000,0.0,0.0
2005-03-18 00:00:00+09:00,410.8601989746094,413.5109099357359,410.8601989746094,410.8601989746094,9000,0.0,0.0
2005-03-21 00:00:00+09:00,410.8601989746094,410.8601989746094,410.8601989746094,410.8601989746094,0,0.0,0.0
2005-03-22 00:00:00+09:00,412.1854838213582,420.80029296875,412.1854838213582,420.80029296875,8000,0.0,0.0
2005-03-23 00:00:00+09:00,427.427090219351,430.740478515625,427.427090219351,430.740478515625,15000,0.0,0.0
2005-03-24 00:00:00+09:00,447.3074951171875,447.3074951171875,447.3074951171875,447.3074951171875,1000,0.0,0.0
2005-03-25 00:00:00+09:00,463.8745108118383,463.8745108118383,445.9822082519531,445.9822082519531,4000,0.0,0.0
2005-03-28 00:00:00+09:00,447.3074951171875,447.3074951171875,447.3074951171875,447.3074951171875,2000,0.0,0.0
2005-03-29 00:00:00+09:00,463.8744201660156,463.8744201660156,463.8744201660156,463.8744201660156,1000,0.0,0.0
2005-03-30 00:00:00+09:00,451.2835388183594,470.50119318801046,451.2835388183594,451.2835388183594,0,0.0,0.0
2005-03-31 00:00:00+09:00,463.8744201660156,463.8744201660156,463.8744201660156,463.8744201660156,3000,0.0,0.0
2005-04-01 00:00:00+09:00,463.8744201660156,463.8744201660156,463.2117424229213,463.8744201660156,9000,0.0,0.0
2005-04-04 00:00:00+09:00,463.8744201660156,463.8744201660156,463.8744201660156,463.8744201660156,10000,0.0,0.0
2005-04-05 00:00:00+09:00,467.18779011068625,469.83850097656244,467.18779011068625,469.8385009765625,9000,0.0,0.0
2005-04-06 00:00:00+09:00,470.5010986328125,470.5010986328125,470.5010986328125,470.5010986328125,1000,0.0,0.0
2005-04-07 00:00:00+09:00,471.163799414474,471.82647705078125,470.5011217781667,471.82647705078125,5000,0.0,0.0
2005-04-08 00:00:00+09:00,471.8265530831473,471.8265530831473,463.8744201660156,463.8744201660156,7000,0.0,0.0
2005-04-11 00:00:00+09:00,490.38150024414057,490.38150024414057,490.38150024414057,490.3815002441406,1000,0.0,0.0
2005-04-12 00:00:00+09:00,470.5011975969587,470.5011975969587,463.8744201660156,463.8744201660156,8000,0.0,0.0
2005-04-13 00:00:00+09:00,463.8744201660156,463.8744201660156,463.8744201660156,463.8744201660156,4000,0.0,0.0
2005-04-14 00:00:00+09:00,489.0562133789062,489.0562133789062,489.0562133789062,489.05621337890625,0,0.0,0.0
2005-04-15 00:00:00+09:00,463.8744201660156,463.8744201660156,463.8744201660156,463.8744201660156,2000,0.0,0.0
2005-04-18 00:00:00+09:00,463.8744201660156,463.8744201660156,463.8744201660156,463.8744201660156,3000,0.0,0.0
2005-04-19 00:00:00+09:00,463.8744201660156,463.8744201660156,463.8744201660156,463.8744201660156,1000,0.0,0.0
2005-04-20 00:00:00+09:00,464.5370001994388,470.5010986328125,464.5370001994388,470.5010986328125,2000,0.0,0.0
2005-04-21 00:00:00+09:00,465.86245727539057,493.6949227171636,465.86245727539057,465.8624572753906,0,0.0,0.0
2005-04-22 00:00:00+09:00,463.8744201660156,463.8744201660156,463.8744201660156,463.8744201660156,1000,0.0,0.0
2005-04-25 00:00:00+09:00,497.0082702636719,497.0082702636719,497.0082702636719,497.0082702636719,0,0.0,0.0
2005-04-26 00:00:00+09:00,491.0441351996527,491.0441351996527,465.19970703124994,465.19970703125,2000,0.0,0.0
2005-04-27 00:00:00+09:00,471.82647705078125,471.82647705078125,471.82647705078125,471.82647705078125,1000,0.0,0.0
2005-04-28 00:00:00+09:00,464.53709790910995,464.53709790910995,463.8744201660156,463.8744201660156,4000,0.0,0.0
2005-04-29 00:00:00+09:00,463.8744201660156,463.8744201660156,463.8744201660156,463.8744201660156,0,0.0,0.0
2005-05-02 00:00:00+09:00,476.46520996093756,476.46520996093756,476.46520996093756,476.4652099609375,0,0.0,0.0
2005-05-03 00:00:00+09:00,476.46520996093756,476.46520996093756,476.46520996093756,476.4652099609375,0,0.0,0.0
2005-05-04 00:00:00+09:00,476.46520996093756,476.46520996093756,476.46520996093756,476.4652099609375,0,0.0,0.0
2005-05-05 00:00:00+09:00,476.46520996093756,476.46520996093756,476.46520996093756,476.4652099609375,0,0.0,0.0
2005-05-06 00:00:00+09:00,464.537109375,486.40547543687586,464.537109375,464.537109375,0,0.0,0.0
2005-05-09 00:00:00+09:00,465.86245727539057,496.3456337116181,465.86245727539057,465.8624572753906,0,0.0,0.0
2005-05-10 00:00:00+09:00,465.19970703124994,465.19970703124994,465.19970703124994,465.19970703125,0,0.0,0.0
2005-05-11 00:00:00+09:00,470.5010986328125,470.5010986328125,470.5010986328125,470.5010986328125,2000,0.0,0.0
2005-05-12 00:00:00+09:00,465.19970703124994,465.19970703124994,465.19970703124994,465.19970703125,0,0.0,0.0
2005-05-13 00:00:00+09:00,465.19970703124994,465.19970703124994,465.19970703124994,465.19970703125,1000,0.0,0.0
2005-05-16 00:00:00+09:00,467.18783569335943,467.18783569335943,467.18783569335943,467.1878356933594,0,0.0,0.0
2005-05-17 00:00:00+09:00,467.1878088814872,467.1878088814872,463.8744201660156,463.8744201660156,10000,0.0,0.0
2005-05-18 00:00:00+09:00,462.5490112304687,462.5490112304687,462.5490112304687,462.54901123046875,4000,0.0,0.0
2005-05-19 00:00:00+09:00,462.5490112304687,462.5490112304687,462.5490112304687,462.54901123046875,3000,0.0,0.0
2005-05-20 00:00:00+09:00,462.54906467982704,463.8744201660156,460.5610314505441,463.8744201660156,13000,0.0,0.0
2005-05-23 00:00:00+09:00,420.80029296875,420.80029296875,420.80029296875,420.80029296875,0,0.0,0.0
2005-05-24 00:00:00+09:00,420.80029296875,420.80029296875,420.80029296875,420.80029296875,0,0.0,0.0
2005-05-25 00:00:00+09:00,420.80029296875,420.80029296875,420.80029296875,420.80029296875,0,0.0,0.0
2005-05-26 00:00:00+09:00,454.59698486328125,454.59698486328125,454.59698486328125,454.59698486328125,0,0.0,0.0
2005-05-27 00:00:00+09:00,420.80029296875,420.80029296875,420.80029296875,420.80029296875,0,0.0,0.0
2005-05-30 00:00:00+09:00,400.9200134277344,400.9200134277344,400.9200134277344,400.9200134277344,0,0.0,0.0
2005-05-31 00:00:00+09:00,400.25738525390625,463.87445310883174,400.25738525390625,400.25738525390625,0,0.0,0.0
2005-06-01 00:00:00+09:00,404.2333679199219,463.87435662941857,404.2333679199219,404.2333679199219,0,0.0,0.0
2005-06-02 00:00:00+09:00,404.2333679199219,404.2333679199219,404.2333679199219,404.2333679199219,0,0.0,0.0
2005-06-03 00:00:00+09:00,404.2333679199219,404.2333679199219,404.2333679199219,404.2333679199219,0,0.0,0.0
2005-06-06 00:00:00+09:00,410.8601989746094,457.2476407943234,410.8601989746094,410.8601989746094,0,0.0,0.0
2005-06-07 00:00:00+09:00,410.8601989746094,457.2476407943234,410.8601989746094,410.8601989746094,0,0.0,0.0
2005-06-08 00:00:00+09:00,410.8601989746094,457.2476407943234,410.8601989746094,410.8601989746094,0,0.0,0.0
2005-06-09 00:00:00+09:00,410.8601989746094,457.2476407943234,410.8601989746094,410.8601989746094,0,0.0,0.0
2005-06-10 00:00:00+09:00,430.740478515625,457.24758488581733,430.740478515625,430.740478515625,0,0.0,0.0
2005-06-13 00:00:00+09:00,443.9941101074219,443.9941101074219,443.9941101074219,443.9941101074219,1000,0.0,0.0
2005-06-14 00:00:00+09:00,390.9798583984375,390.9798583984375,390.9798583984375,390.9798583984375,7000,0.0,0.0
2005-06-15 00:00:00+09:00,440.68066406249994,440.68066406249994,440.68066406249994,440.6806640625,0,0.0,0.0
2005-06-16 00:00:00+09:00,407.54675618156057,407.54675618156057,404.2333679199219,404.2333679199219,2000,0.0,0.0
2005-06-17 00:00:00+09:00,417.4869079589843,417.4869079589843,417.4869079589843,417.4869079589844,1000,0.0,0.0
2005-06-20 00:00:00+09:00,417.4869079589843,417.4869079589843,417.4869079589843,417.4869079589844,1000,0.0,0.0
2005-06-21 00:00:00+09:00,420.800296117389,420.800296117389,417.4869079589843,417.4869079589844,2000,0.0,0.0
2005-06-22 00:00:00+09:00,404.8961486816406,427.4271945984586,404.8961486816406,404.8961486816406,0,0.0,0.0
2005-06-23 00:00:00+09:00,404.8960832722982,404.8960832722982,397.60662841796875,397.60662841796875,11000,0.0,0.0
2005-06-24 00:00:00+09:00,404.2334055582682,404.2334055582682,397.60662841796875,397.60662841796875,4000,0.0,0.0
2005-06-27 00:00:00+09:00,397.60662841796875,397.60662841796875,397.60662841796875,397.60662841796875,4000,0.0,0.0
2005-06-28 00:00:00+09:00,410.8601989746094,410.8601989746094,410.8601989746094,410.8601989746094,3000,0.0,0.0
2005-06-29 00:00:00+09:00,410.8601989746094,410.8601989746094,410.8601989746094,410.8601989746094,1000,0.0,0.0
2005-06-30 00:00:00+09:00,416.16156005859375,416.16156005859375,416.16156005859375,416.16156005859375,1000,0.0,0.0
2005-07-01 00:00:00+09:00,417.4869079589843,417.4869079589843,417.4869079589843,417.4869079589844,3000,0.0,0.0
2005-07-04 00:00:00+09:00,414.17352294921875,424.1136875,414.17352294921875,414.17352294921875,0,0.0,0.0
2005-07-05 00:00:00+09:00,417.4869079589843,417.4869079589843,417.4869079589843,417.4869079589844,1000,0.0,0.0
2005-07-06 00:00:00+09:00,414.17352294921875,414.17352294921875,414.17352294921875,414.17352294921875,1000,0.0,0.0
2005-07-07 00:00:00+09:00,401.5826721191406,417.48693636148283,401.5826721191406,401.5826721191406,0,0.0,0.0
2005-07-08 00:00:00+09:00,401.5826721191406,401.5826721191406,401.5826721191406,401.5826721191406,0,0.0,0.0
2005-07-11 00:00:00+09:00,417.4869079589843,417.4869079589843,417.4869079589843,417.4869079589844,1000,0.0,0.0
2005-07-12 00:00:00+09:00,404.2333679199219,404.2333679199219,404.2333679199219,404.2333679199219,0,0.0,0.0
2005-07-13 00:00:00+09:00,417.4869079589843,417.4869079589843,417.4869079589843,417.4869079589844,1000,0.0,0.0
2005-07-14 00:00:00+09:00,427.4271545410156,427.4271545410156,427.4271545410156,427.4271545410156,0,0.0,0.0
2005-07-15 00:00:00+09:00,420.80029296875,420.80029296875,420.80029296875,420.80029296875,2000,0.0,0.0
2005-07-18 00:00:00+09:00,420.80029296875,420.80029296875,420.80029296875,420.80029296875,0,0.0,0.0
2005-07-19 00:00:00+09:00,427.4271545410156,427.4271545410156,427.4271545410156,427.4271545410156,0,0.0,0.0
2005-07-20 00:00:00+09:00,433.39132690429693,433.39132690429693,433.39132690429693,433.3913269042969,0,0.0,0.0
2005-07-21 00:00:00+09:00,420.80029296875,420.80029296875,420.80029296875,420.80029296875,1000,0.0,0.0
2005-07-22 00:00:00+09:00,424.1136779785156,424.1136779785156,424.1136779785156,424.1136779785156,1000,0.0,0.0
2005-07-25 00:00:00+09:00,433.39132690429693,433.39132690429693,433.39132690429693,433.3913269042969,1000,0.0,0.0
2005-07-26 00:00:00+09:00,443.3314208984375,443.3314208984375,443.3314208984375,443.3314208984375,4000,0.0,0.0
2005-07-27 00:00:00+09:00,445.31939697265625,445.31939697265625,445.31939697265625,445.31939697265625,2000,0.0,0.0
2005-07-28 00:00:00+09:00,455.9223327636718,455.9223327636718,455.9223327636718,455.9223327636719,0,0.0,0.0
2005-07-29 00:00:00+09:00,457.2475280761719,457.2475280761719,457.2475280761719,457.2475280761719,0,0.0,0.0
2005-08-01 00:00:00+09:00,462.5490112304687,462.5490112304687,462.5490112304687,462.54901123046875,2000,0.0,0.0
2005-08-02 00:00:00+09:00,445.31939697265625,463.8743718465169,445.31939697265625,445.31939697265625,0,0.0,0.0
2005-08-03 00:00:00+09:00,447.3074951171875,463.874439380787,447.3074951171875,447.3074951171875,0,0.0,0.0
2005-08-04 00:00:00+09:00,462.5489545934341,462.5489545934341,450.6207580566406,450.6207580566406,2000,0.0,0.0
2005-08-05 00:00:00+09:00,443.9941101074219,443.9941101074219,443.9941101074219,443.9941101074219,1000,0.0,0.0
2005-08-08 00:00:00+09:00,443.9939647377608,443.9939647377608,442.6686096191406,442.6686096191406,3000,0.0,0.0
2005-08-09 00:00:00+09:00,442.6686096191406,442.6686096191406,442.6686096191406,442.6686096191406,1000,0.0,0.0
2005-08-10 00:00:00+09:00,443.9941101074219,443.9941101074219,443.9941101074219,443.9941101074219,2000,0.0,0.0
2005-08-11 00:00:00+09:00,460.56091308593744,460.56091308593744,460.56091308593744,460.5609130859375,0,0.0,0.0
2005-08-12 00:00:00+09:00,477.1280212402344,477.1280212402344,477.1280212402344,477.1280212402344,2000,0.0,0.0
2005-08-15 00:00:00+09:00,444.65673828125006,444.65673828125006,444.65673828125006,444.65673828125,0,0.0,0.0
2005-08-16 00:00:00+09:00,470.5010986328125,470.5010986328125,470.5010986328125,470.5010986328125,1000,0.0,0.0
2005-08-17 00:00:00+09:00,470.5010986328125,470.5010986328125,470.5010986328125,470.5010986328125,1000,0.0,0.0
2005-08-18 00:00:00+09:00,450.6207580566406,450.6207580566406,450.6207580566406,450.6207580566406,0,0.0,0.0
2005-08-19 00:00:00+09:00,447.3074951171875,447.3074951171875,447.3074951171875,447.3074951171875,0,0.0,0.0
2005-08-22 00:00:00+09:00,443.9941101074219,443.9941101074219,443.9941101074219,443.9941101074219,1000,0.0,0.0
2005-08-23 00:00:00+09:00,460.56091308593744,460.56091308593744,460.56091308593744,460.5609130859375,0,0.0,0.0
2005-08-24 00:00:00+09:00,460.56091308593744,460.56091308593744,460.56091308593744,460.5609130859375,0,0.0,0.0
2005-08-25 00:00:00+09:00,447.3074951171875,447.3074951171875,447.3074951171875,447.3074951171875,1000,0.0,0.0
2005-08-26 00:00:00+09:00,443.9941101074219,460.5610545144152,443.9941101074219,443.9941101074219,0,0.0,0.0
2005-08-29 00:00:00+09:00,451.9461669921875,451.9461669921875,451.9461669921875,451.9461669921875,1000,0.0,0.0
2005-08-30 00:00:00+09:00,467.18783569335943,467.18783569335943,467.18783569335943,467.1878356933594,1000,0.0,0.0
2005-08-31 00:00:00+09:00,454.59698486328125,454.59698486328125,454.59698486328125,454.59698486328125,0,0.0,0.0
2005-09-01 00:00:00+09:00,450.6207580566406,450.6207580566406,450.6207580566406,450.6207580566406,0,0.0,0.0
2005-09-02 00:00:00+09:00,447.97015380859375,447.97015380859375,447.97015380859375,447.97015380859375,0,0.0,0.0
2005-09-05 00:00:00+09:00,447.97015380859375,447.97015380859375,447.97015380859375,447.97015380859375,0,0.0,0.0
2005-09-06 00:00:00+09:00,465.8624077710238,466.52508544921875,465.8624077710238,466.52508544921875,2000,0.0,0.0
2005-09-07 00:00:00+09:00,447.97015380859375,447.97015380859375,447.97015380859375,447.97015380859375,0,0.0,0.0
2005-09-08 00:00:00+09:00,448.63278198242193,448.63278198242193,448.63278198242193,448.6327819824219,0,0.0,0.0
2005-09-09 00:00:00+09:00,448.63278198242193,465.1997237099855,448.63278198242193,448.6327819824219,0,0.0,0.0
2005-09-12 00:00:00+09:00,462.5490112304687,462.5490112304687,462.5490112304687,462.54901123046875,4000,0.0,0.0
2005-09-13 00:00:00+09:00,461.88629150390625,461.88629150390625,461.88629150390625,461.88629150390625,1000,0.0,0.0
2005-09-14 00:00:00+09:00,460.56091308593744,460.56091308593744,460.56091308593744,460.5609130859375,2000,0.0,0.0
2005-09-15 00:00:00+09:00,454.59698486328125,454.59698486328125,454.59698486328125,454.59698486328125,0,0.0,0.0
2005-09-16 00:00:00+09:00,452.60888671875,452.60888671875,452.60888671875,452.60888671875,1000,0.0,0.0
2005-09-19 00:00:00+09:00,452.60888671875,452.60888671875,452.60888671875,452.60888671875,0,0.0,0.0
2005-09-20 00:00:00+09:00,453.9342041015625,453.9342041015625,453.9342041015625,453.9342041015625,2000,0.0,0.0
2005-09-21 00:00:00+09:00,460.56091308593744,460.56091308593744,460.56091308593744,460.5609130859375,0,0.0,0.0
2005-09-22 00:00:00+09:00,453.9342041015625,453.9342041015625,453.9342041015625,453.9342041015625,3000,0.0,0.0
2005-09-23 00:00:00+09:00,453.9342041015625,453.9342041015625,453.9342041015625,453.9342041015625,0,0.0,0.0
2005-09-26 00:00:00+09:00,453.93413735808224,460.56091308593744,453.93413735808224,460.5609130859375,10000,0.0,0.0
2005-09-27 00:00:00+09:00,467.9676818847656,467.9676818847656,467.9676818847656,467.9676818847656,1000,11.0,0.0
2005-09-28 00:00:00+09:00,465.94769287109375,474.701045482834,465.94769287109375,465.94769287109375,0,0.0,0.0
2005-09-29 00:00:00+09:00,465.94769287109375,465.94769287109375,465.94769287109375,465.94769287109375,1000,0.0,0.0
2005-09-30 00:00:00+09:00,461.90765380859375,471.33434062101406,461.90765380859375,461.90765380859375,0,0.0,0.0
2005-10-03 00:00:00+09:00,467.9676818847656,467.9676818847656,467.9676818847656,467.9676818847656,1000,0.0,0.0
2005-10-04 00:00:00+09:00,467.9676818847656,467.9676818847656,467.9676818847656,467.9676818847656,2000,0.0,0.0
2005-10-05 00:00:00+09:00,465.94769287109375,465.94769287109375,465.94769287109375,465.94769287109375,1000,0.0,0.0
2005-10-06 00:00:00+09:00,461.90765380859375,467.96766675943536,461.90765380859375,461.90765380859375,0,0.0,0.0
2005-10-07 00:00:00+09:00,464.6010437011719,467.96771793089056,464.6010437011719,464.6010437011719,0,0.0,0.0
2005-10-10 00:00:00+09:00,464.6010437011719,464.6010437011719,464.6010437011719,464.6010437011719,0,0.0,0.0
2005-10-11 00:00:00+09:00,465.94769287109375,465.94769287109375,465.94769287109375,465.94769287109375,1000,0.0,0.0
2005-10-12 00:00:00+09:00,465.94769287109375,465.94769287109375,465.94769287109375,465.94769287109375,4000,0.0,0.0
2005-10-13 00:00:00+09:00,466.6211242675781,466.6211242675781,466.6211242675781,466.6211242675781,1000,0.0,0.0
2005-10-14 00:00:00+09:00,467.9676818847656,467.9676818847656,467.9676818847656,467.9676818847656,0,0.0,0.0
2005-10-17 00:00:00+09:00,467.9676818847656,467.9676818847656,467.9676818847656,467.9676818847656,0,0.0,0.0
2005-10-18 00:00:00+09:00,467.9676818847656,467.9676818847656,467.9676818847656,467.9676818847656,4000,0.0,0.0
2005-10-19 00:00:00+09:00,467.9676818847656,467.9676818847656,467.9676818847656,467.9676818847656,1000,0.0,0.0
2005-10-20 00:00:00+09:00,471.3343200683594,471.3343200683594,471.3343200683594,471.3343200683594,7000,0.0,0.0
2005-10-21 00:00:00+09:00,471.3344059937389,474.7010803222656,471.3344059937389,474.7010803222656,4000,0.0,0.0
2005-10-24 00:00:00+09:00,479.41430664062506,479.41430664062506,479.41430664062506,479.414306640625,1000,0.0,0.0
2005-10-25 00:00:00+09:00,474.7010803222656,474.7010803222656,474.7010803222656,474.7010803222656,1000,0.0,0.0
2005-10-26 00:00:00+09:00,472.6810607910156,472.6810607910156,472.6810607910156,472.6810607910156,1000,0.0,0.0
2005-10-27 00:00:00+09:00,472.00772094726557,474.7010602964654,472.00772094726557,472.0077209472656,0,0.0,0.0
2005-10-28 00:00:00+09:00,472.00772094726557,474.7010602964654,472.00772094726557,472.0077209472656,0,0.0,0.0
2005-10-31 00:00:00+09:00,471.3343200683594,474.70099378313336,471.3343200683594,471.3343200683594,0,0.0,0.0
2005-11-01 00:00:00+09:00,471.3343200683594,474.70099378313336,471.3343200683594,471.3343200683594,0,0.0,0.0
2005-11-02 00:00:00+09:00,474.70099378313336,474.70099378313336,471.3343200683594,471.3343200683594,3000,0.0,0.0
2005-11-03 00:00:00+09:00,471.3343200683594,471.3343200683594,471.3343200683594,471.3343200683594,0,0.0,0.0
2005-11-04 00:00:00+09:00,476.720947265625,476.720947265625,476.720947265625,476.720947265625,0,0.0,0.0
2005-11-07 00:00:00+09:00,476.0476989746093,476.0476989746093,476.0476989746093,476.0476989746094,0,0.0,0.0
2005-11-08 00:00:00+09:00,471.3343200683594,471.3343200683594,471.3343200683594,471.3343200683594,2000,0.0,0.0
2005-11-09 00:00:00+09:00,472.0076045666711,476.720947265625,472.0076045666711,476.720947265625,3000,0.0,0.0
2005-11-10 00:00:00+09:00,472.00772094726557,472.00772094726557,472.00772094726557,472.0077209472656,1000,0.0,0.0
2005-11-11 00:00:00+09:00,474.7010602964654,474.7010602964654,472.00772094726557,472.0077209472656,2000,0.0,0.0
2005-11-14 00:00:00+09:00,472.6810607910156,472.6810607910156,472.6810607910156,472.6810607910156,1000,0.0,0.0
2005-11-15 00:00:00+09:00,476.0476989746093,476.0476989746093,476.0476989746093,476.0476989746094,1000,0.0,0.0
2005-11-16 00:00:00+09:00,472.6810607910156,472.6810607910156,472.6810607910156,472.6810607910156,0,0.0,0.0
2005-11-17 00:00:00+09:00,476.0476989746093,476.0476989746093,476.0476989746093,476.0476989746094,2000,0.0,0.0
2005-11-18 00:00:00+09:00,472.6810607910156,476.72106985760547,472.6810607910156,472.6810607910156,0,0.0,0.0
2005-11-21 00:00:00+09:00,476.720947265625,476.720947265625,476.720947265625,476.720947265625,4000,0.0,0.0
2005-11-22 00:00:00+09:00,491.5343933105469,491.5343933105469,491.5343933105469,491.5343933105469,0,0.0,0.0
2005-11-23 00:00:00+09:00,491.5343933105469,491.5343933105469,491.5343933105469,491.5343933105469,0,0.0,0.0
2005-11-24 00:00:00+09:00,491.5343933105469,491.5343933105469,491.5343933105469,491.5343933105469,0,0.0,0.0
2005-11-25 00:00:00+09:00,494.90114779085724,498.26782226562494,494.90114779085724,498.267822265625,2000,0.0,0.0
2005-11-28 00:00:00+09:00,486.8210754394531,486.8210754394531,486.8210754394531,486.8210754394531,6000,0.0,0.0
2005-11-29 00:00:00+09:00,474.7010293876939,476.0476989746093,474.7010293876939,476.0476989746094,2000,0.0,0.0
2005-11-30 00:00:00+09:00,488.16772460937506,488.16772460937506,488.16772460937506,488.167724609375,1000,0.0,0.0
2005-12-01 00:00:00+09:00,484.80099487304693,484.80099487304693,484.80099487304693,484.8009948730469,1000,0.0,0.0
2005-12-02 00:00:00+09:00,481.43450927734375,491.53453394749783,481.43450927734375,481.43450927734375,0,0.0,0.0
2005-12-05 00:00:00+09:00,484.80099487304693,484.80099487304693,484.80099487304693,484.8009948730469,1000,0.0,0.0
2005-12-06 00:00:00+09:00,484.80099487304693,484.80099487304693,484.80099487304693,484.8009948730469,1000,0.0,0.0
2005-12-07 00:00:00+09:00,484.80099487304693,484.80099487304693,484.80099487304693,484.8009948730469,1000,0.0,0.0
2005-12-08 00:00:00+09:00,498.26782226562494,498.26782226562494,498.26782226562494,498.267822265625,0,0.0,0.0
2005-12-09 00:00:00+09:00,497.59442138671875,497.59442138671875,497.59442138671875,497.59442138671875,0,0.0,0.0
2005-12-12 00:00:00+09:00,484.80099487304693,484.80099487304693,484.80099487304693,484.8009948730469,3000,0.0,0.0
2005-12-13 00:00:00+09:00,498.26782226562494,498.26782226562494,498.26782226562494,498.267822265625,0,0.0,0.0
2005-12-14 00:00:00+09:00,497.59442138671875,497.59442138671875,497.59442138671875,497.59442138671875,0,0.0,0.0
2005-12-15 00:00:00+09:00,492.2077429413957,497.59442138671875,492.2077429413957,497.59442138671875,2000,0.0,0.0
2005-12-16 00:00:00+09:00,491.5343933105469,498.267741164116,491.5343933105469,491.5343933105469,0,0.0,0.0
2005-12-19 00:00:00+09:00,491.5343933105469,491.5343933105469,491.5343933105469,491.5343933105469,0,0.0,0.0
2005-12-20 00:00:00+09:00,497.59442138671875,497.59442138671875,497.59442138671875,497.59442138671875,1000,0.0,0.0
2005-12-21 00:00:00+09:00,492.20776817921376,496.9211120605468,491.5344333390233,496.9211120605469,3000,0.0,0.0
2005-12-22 00:00:00+09:00,486.82103467995927,493.55438232421875,486.82103467995927,493.55438232421875,3000,0.0,0.0
2005-12-23 00:00:00+09:00,493.55438232421875,493.55438232421875,493.55438232421875,493.55438232421875,0,0.0,0.0
2005-12-26 00:00:00+09:00,498.2678895288584,498.2678895288584,494.9012145996094,494.9012145996094,3000,0.0,0.0
2005-12-27 00:00:00+09:00,492.20770263671875,492.20770263671875,492.20770263671875,492.20770263671875,1000,0.0,0.0
2005-12-28 00:00:00+09:00,493.55438232421875,493.55438232421875,493.55438232421875,493.55438232421875,1000,0.0,0.0
2005-12-29 00:00:00+09:00,495.5743713378906,495.5743713378906,495.5743713378906,495.5743713378906,2000,0.0,0.0
2005-12-30 00:00:00+09:00,494.9012145996094,504.3279044015067,494.9012145996094,494.9012145996094,0,0.0,0.0
2006-01-02 00:00:00+09:00,494.9012145996094,494.9012145996094,494.9012145996094,494.9012145996094,0,0.0,0.0
2006-01-03 00:00:00+09:00,494.9012145996094,494.9012145996094,494.9012145996094,494.9012145996094,0,0.0,0.0
2006-01-04 00:00:00+09:00,501.634521484375,501.634521484375,501.634521484375,501.634521484375,0,0.0,0.0
2006-01-05 00:00:00+09:00,501.6344041700487,518.4677734375,501.6344041700487,518.4677734375,5000,0.0,0.0
2006-01-06 00:00:00+09:00,525.2011108398438,525.2011108398438,525.2011108398438,525.2011108398438,2000,0.0,0.0
2006-01-09 00:00:00+09:00,525.2011108398438,525.2011108398438,525.2011108398438,525.2011108398438,0,0.0,0.0
2006-01-10 00:00:00+09:00,535.3013433954518,535.3013433954518,528.5679931640625,528.5679931640625,2000,0.0,0.0
2006-01-11 00:00:00+09:00,525.2011108398438,538.6678059895833,525.2011108398438,525.2011108398438,0,0.0,0.0
2006-01-12 00:00:00+09:00,538.667724609375,538.667724609375,538.667724609375,538.667724609375,2000,0.0,0.0
2006-01-13 00:00:00+09:00,538.667724609375,539.3410592651368,538.667724609375,538.667724609375,3000,0.0,0.0
2006-01-16 00:00:00+09:00,538.6679566936729,545.4013061523438,538.6679566936729,545.4013061523438,4000,0.0,0.0
2006-01-17 00:00:00+09:00,552.1346556110146,552.1346556110146,545.4013061523438,545.4013061523438,6000,0.0,0.0
2006-01-18 00:00:00+09:00,545.4011121586939,545.4011121586939,535.9744262695312,535.9744262695312,8000,0.0,0.0
2006-01-19 00:00:00+09:00,529.9145012350643,572.3345947265625,525.2011575137867,572.3345947265625,8000,0.0,0.0
2006-01-20 00:00:00+09:00,565.6011962890625,565.6011962890625,565.6011962890625,565.6011962890625,2000,0.0,0.0
2006-01-23 00:00:00+09:00,525.2010314941407,538.667724609375,525.2010314941407,538.667724609375,5000,0.0,0.0
2006-01-24 00:00:00+09:00,528.5679931640625,539.3413535342854,528.5679931640625,528.5679931640625,0,0.0,0.0
2006-01-25 00:00:00+09:00,538.667724609375,538.667724609375,538.667724609375,538.667724609375,1000,0.0,0.0
2006-01-26 00:00:00+09:00,538.6678213443396,538.6678213443396,535.3011474609375,535.3011474609375,2000,0.0,0.0
2006-01-27 00:00:00+09:00,538.667724609375,538.667724609375,538.667724609375,538.667724609375,1000,0.0,0.0
2006-01-30 00:00:00+09:00,558.867919921875,558.867919921875,558.867919921875,558.867919921875,5000,0.0,0.0
2006-01-31 00:00:00+09:00,538.667853860294,572.3345947265625,538.667853860294,572.3345947265625,4000,0.0,0.0
2006-02-01 00:00:00+09:00,592.5346282249274,592.5346282249274,579.0679321289062,579.0679321289062,5000,0.0,0.0
2006-02-02 00:00:00+09:00,568.9678955078125,568.9678955078125,568.9678955078125,568.9678955078125,0,0.0,0.0
2006-02-03 00:00:00+09:00,572.3345947265625,572.3345947265625,572.3345947265625,572.3345947265625,0,0.0,0.0
2006-02-06 00:00:00+09:00,552.8079223632812,585.8013306407487,552.8079223632812,552.8079223632812,0,0.0,0.0
2006-02-07 00:00:00+09:00,572.3345947265625,572.3345947265625,572.3345947265625,572.3345947265625,1000,0.0,0.0
2006-02-08 00:00:00+09:00,565.6011962890625,585.8012390136719,565.6011962890625,565.6011962890625,0,0.0,0.0
2006-02-09 00:00:00+09:00,566.2745971679688,579.0679590540465,566.2745971679688,566.2745971679688,0,0.0,0.0
2006-02-10 00:00:00+09:00,566.9479320040781,566.9479320040781,566.2745971679688,566.2745971679688,2000,0.0,0.0
2006-02-13 00:00:00+09:00,558.867919921875,558.867919921875,558.867919921875,558.867919921875,2000,0.0,0.0
2006-02-14 00:00:00+09:00,559.5412456288057,559.5412456288057,549.4412231445312,549.4412231445312,3000,0.0,0.0
2006-02-15 00:00:00+09:00,549.4411203969064,549.4411203969064,535.9744262695312,535.9744262695312,2000,0.0,0.0
2006-02-16 00:00:00+09:00,571.6612548828125,571.6612548828125,571.6612548828125,571.6612548828125,0,0.0,0.0
2006-02-17 00:00:00+09:00,539.3412475585938,539.3412475585938,539.3412475585938,539.3412475585938,2000,0.0,0.0
2006-02-20 00:00:00+09:00,538.667724609375,538.667724609375,538.667724609375,538.667724609375,2000,0.0,0.0
2006-02-21 00:00:00+09:00,537.9946013192972,537.9946013192972,525.8745727539062,525.8745727539062,2000,0.0,0.0
2006-02-22 00:00:00+09:00,538.6679589598997,538.6679589598997,537.3212890625,537.3212890625,2000,0.0,0.0
2006-02-23 00:00:00+09:00,537.3212257375384,537.3212257375384,520.4878540039062,520.4878540039062,2000,0.0,0.0
2006-02-24 00:00:00+09:00,531.9345092773438,531.9345092773438,531.9345092773438,531.9345092773438,1000,0.0,0.0
2006-02-27 00:00:00+09:00,521.83447265625,570.9879133064517,521.83447265625,521.83447265625,0,0.0,0.0
2006-02-28 00:00:00+09:00,518.4677734375,518.4677734375,518.4677734375,518.4677734375,1000,0.0,0.0
2006-03-01 00:00:00+09:00,517.1212158203125,561.5613203048706,517.1212158203125,517.1212158203125,0,0.0,0.0
2006-03-02 00:00:00+09:00,554.8278198242188,554.8278198242188,554.8278198242188,554.8278198242188,0,0.0,0.0
2006-03-03 00:00:00+09:00,538.667724609375,538.667724609375,538.667724609375,538.667724609375,1000,0.0,0.0
2006-03-06 00:00:00+09:00,518.4677734375,545.401164265422,518.4677734375,518.4677734375,0,0.0,0.0
2006-03-07 00:00:00+09:00,518.4677734375,541.3611556412337,518.4677734375,518.4677734375,0,0.0,0.0
2006-03-08 00:00:00+09:00,494.9012145996094,494.9012145996094,494.9012145996094,494.9012145996094,0,0.0,0.0
2006-03-09 00:00:00+09:00,518.4677632649739,525.2011108398438,518.4677632649739,525.2011108398438,2000,0.0,0.0
2006-03-10 00:00:00+09:00,505.0011291503906,505.0011291503906,505.0011291503906,505.0011291503906,0,0.0,0.0
2006-03-13 00:00:00+09:00,505.0011291503906,505.0011291503906,505.0011291503906,505.0011291503906,0,0.0,0.0
2006-03-14 00:00:00+09:00,518.4677632649739,525.2011108398438,518.4677632649739,525.2011108398438,7000,0.0,0.0
2006-03-15 00:00:00+09:00,542.0345458984375,542.0345458984375,542.0345458984375,542.0345458984375,0,0.0,0.0
2006-03-16 00:00:00+09:00,525.2011749078029,542.0345458984375,525.2011749078029,542.0345458984375,3000,0.0,0.0
2006-03-17 00:00:00+09:00,525.2011108398438,525.2011108398438,525.2011108398438,525.2011108398438,1000,0.0,0.0
2006-03-20 00:00:00+09:00,545.4013061523438,545.4013061523438,545.4013061523438,545.4013061523438,0,0.0,0.0
2006-03-21 00:00:00+09:00,545.4013061523438,545.4013061523438,545.4013061523438,545.4013061523438,0,0.0,0.0
2006-03-22 00:00:00+09:00,528.5679931640625,528.5679931640625,528.5679931640625,528.5679931640625,2000,0.0,0.0
2006-03-23 00:00:00+09:00,525.2011108398438,548.767827351888,525.2011108398438,525.2011108398438,0,0.0,0.0
2006-03-24 00:00:00+09:00,525.8745727539062,548.7679600440891,525.8745727539062,525.8745727539062,0,0.0,0.0
2006-03-27 00:00:00+09:00,525.2011108398438,548.094492594401,525.2011108398438,525.2011108398438,0,0.0,0.0
2006-03-28 00:00:00+09:00,525.2011108398438,525.2011108398438,525.2011108398438,525.2011108398438,1000,0.0,0.0
2006-03-29 00:00:00+09:00,525.2011108398438,525.2011108398438,525.2011108398438,525.2011108398438,2000,0.0,0.0
2006-03-30 00:00:00+09:00,530.5879516601562,530.5879516601562,530.5879516601562,530.5879516601562,0,0.0,0.0
2006-03-31 00:00:00+09:00,535.3011474609375,535.3011474609375,535.3011474609375,535.3011474609375,0,0.0,0.0
2006-04-03 00:00:00+09:00,525.2011108398438,525.2011108398438,525.2011108398438,525.2011108398438,1000,0.0,0.0
2006-04-04 00:00:00+09:00,525.8745167139546,526.5478515625,525.8745167139546,526.5478515625,2000,0.0,0.0
2006-04-05 00:00:00+09:00,525.2011108398438,531.9344584147135,525.2011108398438,525.2011108398438,0,0.0,0.0
2006-04-06 00:00:00+09:00,525.2011108398438,531.9344584147135,525.2011108398438,525.2011108398438,0,0.0,0.0
2006-04-07 00:00:00+09:00,525.8745727539062,531.9345870366017,525.8745727539062,525.8745727539062,0,0.0,0.0
2006-04-10 00:00:00+09:00,526.5478515625,526.5478515625,526.5478515625,526.5478515625,1000,0.0,0.0
2006-04-11 00:00:00+09:00,525.2011108398438,531.9344584147135,525.2011108398438,525.2011108398438,0,0.0,0.0
2006-04-12 00:00:00+09:00,525.2011108398438,525.2011108398438,525.2011108398438,525.2011108398438,1000,0.0,0.0
2006-04-13 00:00:00+09:00,535.3011474609375,535.3011474609375,535.3011474609375,535.3011474609375,0,0.0,0.0
2006-04-14 00:00:00+09:00,535.9744262695312,535.9744262695312,535.9744262695312,535.9744262695312,1000,0.0,0.0
2006-04-17 00:00:00+09:00,544.0545043945312,544.0545043945312,544.0545043945312,544.0545043945312,0,0.0,0.0
2006-04-18 00:00:00+09:00,544.0545043945312,544.0545043945312,544.0545043945312,544.0545043945312,0,0.0,0.0
2006-04-19 00:00:00+09:00,538.667724609375,538.667724609375,538.667724609375,538.667724609375,2000,0.0,0.0
2006-04-20 00:00:00+09:00,531.9345092773438,531.9345092773438,531.9345092773438,531.9345092773438,1000,0.0,0.0
2006-04-21 00:00:00+09:00,531.9345554220934,531.9345554220934,529.91455078125,529.91455078125,2000,0.0,0.0
2006-04-24 00:00:00+09:00,525.8745727539062,545.4012854425916,525.8745727539062,525.8745727539062,0,0.0,0.0
2006-04-25 00:00:00+09:00,525.8745727539062,525.8745727539062,525.8745727539062,525.8745727539062,1000,0.0,0.0
2006-04-26 00:00:00+09:00,528.5679931640625,528.5679931640625,528.5679931640625,528.5679931640625,0,0.0,0.0
2006-04-27 00:00:00+09:00,525.2011108398438,531.9344584147135,525.2011108398438,525.2011108398438,0,0.0,0.0
2006-04-28 00:00:00+09:00,525.2011108398438,525.2011108398438,525.2011108398438,525.2011108398438,1000,0.0,0.0
2006-05-01 00:00:00+09:00,544.727783203125,544.727783203125,544.727783203125,544.727783203125,0,0.0,0.0
2006-05-02 00:00:00+09:00,544.727783203125,544.727783203125,544.727783203125,544.727783203125,0,0.0,0.0
2006-05-03 00:00:00+09:00,544.727783203125,544.727783203125,544.727783203125,544.727783203125,0,0.0,0.0
2006-05-04 00:00:00+09:00,544.727783203125,544.727783203125,544.727783203125,544.727783203125,0,0.0,0.0
2006-05-05 00:00:00+09:00,544.727783203125,544.727783203125,544.727783203125,544.727783203125,0,0.0,0.0
2006-05-08 00:00:00+09:00,525.8745727539062,525.8745727539062,525.8745727539062,525.8745727539062,1000,0.0,0.0
2006-05-09 00:00:00+09:00,521.83447265625,535.3011687247983,521.83447265625,521.83447265625,0,0.0,0.0
2006-05-10 00:00:00+09:00,525.2011108398438,525.2011108398438,525.2011108398438,525.2011108398438,1000,0.0,0.0
2006-05-11 00:00:00+09:00,515.1011962890625,538.6679176879085,515.1011962890625,515.1011962890625,0,0.0,0.0
2006-05-12 00:00:00+09:00,515.7744750976562,537.9945242859364,515.7744750976562,515.7744750976562,0,0.0,0.0
2006-05-15 00:00:00+09:00,491.5343933105469,535.3011543587462,491.5343933105469,491.5343933105469,0,0.0,0.0
2006-05-16 00:00:00+09:00,505.0011291503906,505.0011291503906,505.0011291503906,505.0011291503906,1000,0.0,0.0
2006-05-17 00:00:00+09:00,505.0011291503906,505.0011291503906,505.0011291503906,505.0011291503906,1000,0.0,0.0
2006-05-18 00:00:00+09:00,505.0011291503906,505.0011291503906,505.0011291503906,505.0011291503906,1000,0.0,0.0
2006-05-19 00:00:00+09:00,494.9012145996094,494.9012145996094,494.9012145996094,494.9012145996094,0,0.0,0.0
2006-05-22 00:00:00+09:00,524.5278703023555,537.9945678710938,524.5278703023555,537.9945678710938,3000,0.0,0.0
2006-05-23 00:00:00+09:00,509.04116821289057,538.6679028707837,509.04116821289057,509.0411682128906,0,0.0,0.0
2006-05-24 00:00:00+09:00,495.5743713378906,535.3011212141618,495.5743713378906,495.5743713378906,0,0.0,0.0
2006-05-25 00:00:00+09:00,496.24780273437494,496.24780273437494,496.24780273437494,496.247802734375,0,0.0,0.0
2006-05-26 00:00:00+09:00,496.24780273437494,496.24780273437494,496.24780273437494,496.247802734375,0,0.0,0.0
2006-05-29 00:00:00+09:00,505.67443847656256,505.67443847656256,505.67443847656256,505.6744384765625,0,0.0,0.0
2006-05-30 00:00:00+09:00,505.67443847656256,505.67443847656256,505.67443847656256,505.6744384765625,0,0.0,0.0
2006-05-31 00:00:00+09:00,505.67443847656256,505.67443847656256,505.67443847656256,505.6744384765625,0,0.0,0.0
2006-06-01 00:00:00+09:00,505.67443847656256,505.67443847656256,505.67443847656256,505.6744384765625,0,0.0,0.0
2006-06-02 00:00:00+09:00,505.00110367166695,505.67443847656256,505.00110367166695,505.6744384765625,2000,0.0,0.0
2006-06-05 00:00:00+09:00,494.9012145996094,494.9012145996094,494.9012145996094,494.9012145996094,0,0.0,0.0
2006-06-06 00:00:00+09:00,484.80099487304693,484.80099487304693,484.80099487304693,484.8009948730469,0,0.0,0.0
2006-06-07 00:00:00+09:00,484.80099487304693,484.80099487304693,484.80099487304693,484.8009948730469,0,0.0,0.0
2006-06-08 00:00:00+09:00,484.80099487304693,484.80099487304693,484.80099487304693,484.8009948730469,0,0.0,0.0
2006-06-09 00:00:00+09:00,505.0011291503906,505.0011291503906,505.0011291503906,505.0011291503906,1000,0.0,0.0
2006-06-12 00:00:00+09:00,461.23437500000006,461.23437500000006,461.23437500000006,461.234375,0,0.0,0.0
2006-06-13 00:00:00+09:00,464.6010437011719,464.6010437011719,464.6010437011719,464.6010437011719,0,0.0,0.0
2006-06-14 00:00:00+09:00,501.634521484375,501.634521484375,501.634521484375,501.634521484375,1000,0.0,0.0
2006-06-15 00:00:00+09:00,478.0677185058593,478.0677185058593,478.0677185058593,478.0677185058594,0,0.0,0.0
2006-06-16 00:00:00+09:00,478.0677185058593,515.1011333196935,478.0677185058593,478.0677185058594,0,0.0,0.0
2006-06-19 00:00:00+09:00,508.3677518770292,518.4677734375,508.3677518770292,518.4677734375,2000,0.0,0.0
2006-06-20 00:00:00+09:00,509.04116821289057,509.04116821289057,509.04116821289057,509.0411682128906,0,0.0,0.0
2006-06-21 00:00:00+09:00,478.0677185058593,478.0677185058593,478.0677185058593,478.0677185058594,0,0.0,0.0
2006-06-22 00:00:00+09:00,517.7946166992188,517.7946166992188,517.7946166992188,517.7946166992188,1000,0.0,0.0
2006-06-23 00:00:00+09:00,509.04116821289057,518.4678565131293,509.04116821289057,509.0411682128906,0,0.0,0.0
2006-06-26 00:00:00+09:00,478.0677185058593,478.0677185058593,478.0677185058593,478.0677185058594,0,0.0,0.0
2006-06-27 00:00:00+09:00,478.7410583496093,478.7410583496093,478.7410583496093,478.7410583496094,0,0.0,0.0
2006-06-28 00:00:00+09:00,505.67443847656256,505.67443847656256,505.67443847656256,505.6744384765625,0,0.0,0.0
2006-06-29 00:00:00+09:00,505.67443847656256,505.67443847656256,505.67443847656256,505.6744384765625,0,0.0,0.0
2006-06-30 00:00:00+09:00,505.67443847656256,505.67443847656256,505.67443847656256,505.6744384765625,0,0.0,0.0
2006-07-03 00:00:00+09:00,505.67443847656256,505.67443847656256,505.67443847656256,505.6744384765625,0,0.0,0.0
2006-07-04 00:00:00+09:00,505.67443847656256,505.67443847656256,505.67443847656256,505.6744384765625,0,0.0,0.0
2006-07-05 00:00:00+09:00,505.67443847656256,505.67443847656256,505.67443847656256,505.6744384765625,2000,0.0,0.0
2006-07-06 00:00:00+09:00,479.41430664062506,511.73437225684694,479.41430664062506,479.414306640625,0,0.0,0.0
2006-07-07 00:00:00+09:00,479.41430664062506,511.73437225684694,479.41430664062506,479.414306640625,0,0.0,0.0
2006-07-10 00:00:00+09:00,479.41430664062506,511.73437225684694,479.41430664062506,479.414306640625,0,0.0,0.0
2006-07-11 00:00:00+09:00,444.40093994140625,525.2011108398438,444.40093994140625,444.40093994140625,0,0.0,0.0
2006-07-12 00:00:00+09:00,478.0677185058593,478.0677185058593,478.0677185058593,478.0677185058594,0,0.0,0.0
2006-07-13 00:00:00+09:00,478.0677185058593,478.0677185058593,478.0677185058593,478.0677185058594,0,0.0,0.0
2006-07-14 00:00:00+09:00,478.0677185058593,478.0677185058593,478.0677185058593,478.0677185058594,0,0.0,0.0
2006-07-17 00:00:00+09:00,478.0677185058593,478.0677185058593,478.0677185058593,478.0677185058594,0,0.0,0.0
2006-07-18 00:00:00+09:00,478.0677185058593,478.0677185058593,478.0677185058593,478.0677185058594,0,0.0,0.0
2006-07-19 00:00:00+09:00,478.0677185058593,478.0677185058593,478.0677185058593,478.0677185058594,0,0.0,0.0
2006-07-20 00:00:00+09:00,478.0677185058593,478.0677185058593,478.0677185058593,478.0677185058594,0,0.0,0.0
2006-07-21 00:00:00+09:00,495.5744288963607,495.5744288963607,478.7410583496093,478.7410583496094,3000,0.0,0.0
2006-07-24 00:00:00+09:00,478.7410583496093,496.92109854010084,478.7410583496093,478.7410583496094,0,0.0,0.0
2006-07-25 00:00:00+09:00,496.24780273437494,496.24780273437494,496.24780273437494,496.247802734375,0,0.0,0.0
2006-07-26 00:00:00+09:00,479.4143931714794,479.4143931714794,478.7410583496093,478.7410583496094,2000,0.0,0.0
2006-07-27 00:00:00+09:00,484.80099487304693,484.80099487304693,484.80099487304693,484.8009948730469,1000,0.0,0.0
2006-07-28 00:00:00+09:00,484.80099487304693,484.80099487304693,484.80099487304693,484.8009948730469,1000,0.0,0.0
2006-07-31 00:00:00+09:00,471.3343200683594,485.47434967041016,471.3343200683594,471.3343200683594,0,0.0,0.0
2006-08-01 00:00:00+09:00,471.3343200683594,471.3343200683594,471.3343200683594,471.3343200683594,2000,0.0,0.0
2006-08-02 00:00:00+09:00,494.9012145996094,494.9012145996094,494.9012145996094,494.9012145996094,0,0.0,0.0
2006-08-03 00:00:00+09:00,494.9012145996094,494.9012145996094,494.9012145996094,494.9012145996094,0,0.0,0.0
2006-08-04 00:00:00+09:00,472.0076548113142,472.0076548113142,471.3343200683594,471.3343200683594,2000,0.0,0.0
2006-08-07 00:00:00+09:00,471.3343200683594,471.3343200683594,471.3343200683594,471.3343200683594,1000,0.0,0.0
2006-08-08 00:00:00+09:00,471.3343200683594,471.3343200683594,471.3343200683594,471.3343200683594,1000,0.0,0.0
2006-08-09 00:00:00+09:00,471.3343200683594,471.3343200683594,471.3343200683594,471.3343200683594,1000,0.0,0.0
2006-08-10 00:00:00+09:00,471.3343200683594,471.3343200683594,471.3343200683594,471.3343200683594,2000,0.0,0.0
2006-08-11 00:00:00+09:00,471.3343200683594,471.3343200683594,471.3343200683594,471.3343200683594,1000,0.0,0.0
2006-08-14 00:00:00+09:00,471.3343200683594,471.3343200683594,471.3343200683594,471.3343200683594,1000,0.0,0.0
2006-08-15 00:00:00+09:00,471.3343200683594,471.3343200683594,471.3343200683594,471.3343200683594,2000,0.0,0.0
2006-08-16 00:00:00+09:00,471.3343200683594,471.3343200683594,471.3343200683594,471.3343200683594,2000,0.0,0.0
2006-08-17 00:00:00+09:00,471.3343200683594,471.3343200683594,471.3343200683594,471.3343200683594,1000,0.0,0.0
2006-08-18 00:00:00+09:00,470.66098532540457,471.3343200683594,470.66098532540457,471.3343200683594,2000,0.0,0.0
2006-08-21 00:00:00+09:00,471.3343200683594,471.3343200683594,471.3343200683594,471.3343200683594,3000,0.0,0.0
2006-08-22 00:00:00+09:00,482.7810363769531,482.7810363769531,482.7810363769531,482.7810363769531,1000,0.0,0.0
2006-08-23 00:00:00+09:00,471.3343200683594,489.51435812813895,471.3343200683594,471.3343200683594,0,0.0,0.0
2006-08-24 00:00:00+09:00,471.3343200683594,471.3343200683594,471.3343200683594,471.3343200683594,0,0.0,0.0
2006-08-25 00:00:00+09:00,482.7810363769531,482.7810363769531,482.7810363769531,482.7810363769531,1000,0.0,0.0
2006-08-28 00:00:00+09:00,472.00772094726557,484.80108285596464,472.00772094726557,472.0077209472656,0,0.0,0.0
2006-08-29 00:00:00+09:00,472.00772094726557,484.80108285596464,472.00772094726557,472.0077209472656,0,0.0,0.0
2006-08-30 00:00:00+09:00,472.00772094726557,484.80108285596464,472.00772094726557,472.0077209472656,0,0.0,0.0
2006-08-31 00:00:00+09:00,472.00772094726557,484.80108285596464,472.00772094726557,472.0077209472656,0,0.0,0.0
2006-09-01 00:00:00+09:00,473.35439563544725,473.35439563544725,472.6810607910156,472.6810607910156,2000,0.0,0.0
2006-09-04 00:00:00+09:00,479.41430664062506,479.41430664062506,479.41430664062506,479.414306640625,0,0.0,0.0
2006-09-05 00:00:00+09:00,479.41430664062506,479.41430664062506,479.41430664062506,479.414306640625,0,0.0,0.0
2006-09-06 00:00:00+09:00,473.3543395996094,479.4143524821079,473.3543395996094,473.3543395996094,0,0.0,0.0
2006-09-07 00:00:00+09:00,473.3543395996094,479.4143524821079,473.3543395996094,473.3543395996094,0,0.0,0.0
2006-09-08 00:00:00+09:00,473.3543395996094,479.4143524821079,473.3543395996094,473.3543395996094,0,0.0,0.0
2006-09-11 00:00:00+09:00,473.3543395996094,480.76102201155203,473.3543395996094,473.3543395996094,0,0.0,0.0
2006-09-12 00:00:00+09:00,480.7611389160156,480.7611389160156,480.7611389160156,480.7611389160156,0,0.0,0.0
2006-09-13 00:00:00+09:00,473.3543395996094,480.76102201155203,473.3543395996094,473.3543395996094,0,0.0,0.0
2006-09-14 00:00:00+09:00,473.3543395996094,480.76102201155203,473.3543395996094,473.3543395996094,0,0.0,0.0
2006-09-15 00:00:00+09:00,473.3543395996094,480.76102201155203,473.3543395996094,473.3543395996094,0,0.0,0.0
2006-09-18 00:00:00+09:00,473.3543395996094,473.3543395996094,473.3543395996094,473.3543395996094,0,0.0,0.0
2006-09-19 00:00:00+09:00,473.3543395996094,480.76102201155203,473.3543395996094,473.3543395996094,0,0.0,0.0
2006-09-20 00:00:00+09:00,473.3543395996094,480.76102201155203,473.3543395996094,473.3543395996094,0,0.0,0.0
2006-09-21 00:00:00+09:00,473.3543395996094,474.7010091290535,473.3543395996094,473.3543395996094,0,0.0,0.0
2006-09-22 00:00:00+09:00,473.3543395996094,473.3543395996094,473.3543395996094,473.3543395996094,1000,0.0,0.0
2006-09-25 00:00:00+09:00,474.0276794433593,474.0276794433593,474.0276794433593,474.0276794433594,1000,0.0,0.0
2006-09-26 00:00:00+09:00,476.0827331542969,476.0827331542969,476.0827331542969,476.0827331542969,1000,12.0,0.0
2006-09-27 00:00:00+09:00,481.5627746582031,481.5627746582031,481.5627746582031,481.5627746582031,1000,0.0,0.0
2006-09-28 00:00:00+09:00,486.35791015625,486.35791015625,486.35791015625,486.35791015625,1000,0.0,0.0
2006-09-29 00:00:00+09:00,481.5627746582031,481.5627746582031,481.5627746582031,481.5627746582031,0,0.0,0.0
2006-10-02 00:00:00+09:00,482.24780273437494,482.24780273437494,482.24780273437494,482.247802734375,3000,0.0,0.0
2006-10-03 00:00:00+09:00,482.24780273437494,482.24780273437494,482.24780273437494,482.247802734375,1000,0.0,0.0
2006-10-04 00:00:00+09:00,482.24780273437494,482.93281381780446,482.24780273437494,482.247802734375,0,0.0,0.0
2006-10-05 00:00:00+09:00,486.35791015625,486.35791015625,486.35791015625,486.35791015625,1000,0.0,0.0
2006-10-06 00:00:00+09:00,486.35791015625,486.35791015625,486.35791015625,486.35791015625,2000,0.0,0.0
2006-10-09 00:00:00+09:00,486.35791015625,486.35791015625,486.35791015625,486.35791015625,0,0.0,0.0
2006-10-10 00:00:00+09:00,489.7830810546875,489.7830810546875,489.7830810546875,489.7830810546875,3000,0.0,0.0
2006-10-11 00:00:00+09:00,489.7830810546875,489.7830810546875,489.7830810546875,489.7830810546875,2000,0.0,0.0
2006-10-12 00:00:00+09:00,489.7830810546875,489.7830810546875,489.7830810546875,489.7830810546875,4000,0.0,0.0
2006-10-13 00:00:00+09:00,486.35791015625,489.7829658615757,486.35791015625,486.35791015625,0,0.0,0.0
2006-10-16 00:00:00+09:00,489.7830810546875,489.7830810546875,489.7830810546875,489.7830810546875,1000,0.0,0.0
2006-10-17 00:00:00+09:00,489.7830810546875,489.7830810546875,489.7830810546875,489.7830810546875,1000,0.0,0.0
2006-10-18 00:00:00+09:00,503.4833068847657,503.4833068847657,503.4833068847657,503.4833068847656,1000,0.0,0.0
2006-10-19 00:00:00+09:00,506.22320556640625,506.22320556640625,506.22320556640625,506.22320556640625,2000,0.0,0.0
2006-10-20 00:00:00+09:00,502.7982177734375,502.7982177734375,502.7982177734375,502.7982177734375,1000,0.0,0.0
2006-10-23 00:00:00+09:00,502.7982177734375,502.7982177734375,502.7982177734375,502.7982177734375,1000,0.0,0.0
2006-10-24 00:00:00+09:00,502.7982177734375,503.4832289693141,502.7982177734375,502.7982177734375,0,0.0,0.0
2006-10-25 00:00:00+09:00,502.7982177734375,503.4832289693141,502.7982177734375,502.7982177734375,0,0.0,0.0
2006-10-26 00:00:00+09:00,502.7982177734375,503.4832289693141,502.7982177734375,502.7982177734375,0,0.0,0.0
2006-10-27 00:00:00+09:00,502.7982177734375,506.9082849486972,502.7982177734375,502.7982177734375,0,0.0,0.0
2006-10-30 00:00:00+09:00,496.633056640625,502.79815665409484,496.633056640625,496.633056640625,0,0.0,0.0
2006-10-31 00:00:00+09:00,500.05810546875,502.7981498822774,500.05810546875,500.05810546875,0,0.0,0.0
2006-11-01 00:00:00+09:00,503.4833068847657,503.4833068847657,503.4833068847657,503.4833068847656,1000,0.0,0.0
2006-11-02 00:00:00+09:00,502.7982177734375,502.7982177734375,502.7982177734375,502.7982177734375,1000,0.0,0.0
2006-11-03 00:00:00+09:00,502.7982177734375,502.7982177734375,502.7982177734375,502.7982177734375,0,0.0,0.0
2006-11-06 00:00:00+09:00,496.633056640625,503.4831677667026,496.633056640625,496.633056640625,0,0.0,0.0
2006-11-07 00:00:00+09:00,502.7982177734375,506.9082849486972,502.7982177734375,502.7982177734375,0,0.0,0.0
2006-11-08 00:00:00+09:00,502.7982177734375,502.7982177734375,502.7982177734375,502.7982177734375,1000,0.0,0.0
2006-11-09 00:00:00+09:00,486.35791015625,502.79817754181335,486.35791015625,486.35791015625,0,0.0,0.0
2006-11-10 00:00:00+09:00,486.35791015625,502.79817754181335,486.35791015625,486.35791015625,0,0.0,0.0
2006-11-13 00:00:00+09:00,486.35791015625,502.11316640074824,486.35791015625,486.35791015625,0,0.0,0.0
2006-11-14 00:00:00+09:00,500.05810546875,500.05810546875,500.05810546875,500.05810546875,1000,0.0,0.0
2006-11-15 00:00:00+09:00,496.633056640625,503.4831677667026,496.633056640625,496.633056640625,0,0.0,0.0
2006-11-16 00:00:00+09:00,496.633056640625,503.4831677667026,496.633056640625,496.633056640625,0,0.0,0.0
2006-11-17 00:00:00+09:00,476.0827430402729,486.35791015625,476.0827430402729,486.35791015625,4000,0.0,0.0
2006-11-20 00:00:00+09:00,466.4926452636718,486.3579708329031,466.4926452636718,466.4926452636719,0,0.0,0.0
2006-11-21 00:00:00+09:00,466.4926452636718,486.3579708329031,466.4926452636718,466.4926452636719,0,0.0,0.0
2006-11-22 00:00:00+09:00,466.4926452636718,479.50785856765094,466.4926452636718,466.4926452636719,0,0.0,0.0
2006-11-23 00:00:00+09:00,466.4926452636718,466.4926452636718,466.4926452636718,466.4926452636719,0,0.0,0.0
2006-11-24 00:00:00+09:00,472.65771484375,479.5078266530797,472.65771484375,472.65771484375,0,0.0,0.0
2006-11-27 00:00:00+09:00,465.80761718750006,479.5078412224265,465.80761718750006,465.8076171875,0,0.0,0.0
2006-11-28 00:00:00+09:00,465.80753219039354,465.80753219039354,462.3824768066406,462.3824768066406,5000,0.0,0.0
2006-11-29 00:00:00+09:00,458.95742797851557,458.95742797851557,458.95742797851557,458.9574279785156,4000,0.0,0.0
2006-11-30 00:00:00+09:00,458.27241689198047,458.95742797851557,458.27241689198047,458.9574279785156,2000,0.0,0.0
2006-12-01 00:00:00+09:00,455.5324401855469,462.3825520680363,455.5324401855469,455.5324401855469,0,0.0,0.0
2006-12-04 00:00:00+09:00,458.95742797851557,458.95742797851557,458.95742797851557,458.9574279785156,4000,0.0,0.0
2006-12-05 00:00:00+09:00,458.95742797851557,459.64243906505067,458.95742797851557,458.9574279785156,6000,0.0,0.0
2006-12-06 00:00:00+09:00,458.95742797851557,472.65764970921754,458.95742797851557,458.9574279785156,0,0.0,0.0
2006-12-07 00:00:00+09:00,458.95742797851557,472.65764970921754,458.95742797851557,458.9574279785156,0,0.0,0.0
2006-12-08 00:00:00+09:00,458.95742797851557,458.95742797851557,458.95742797851557,458.9574279785156,2000,0.0,0.0
2006-12-11 00:00:00+09:00,458.95742797851557,465.80753884386655,458.95742797851557,458.9574279785156,0,0.0,0.0
2006-12-12 00:00:00+09:00,465.8076340371466,466.4926452636718,465.8076340371466,466.4926452636719,2000,0.0,0.0
2006-12-13 00:00:00+09:00,462.3824768066406,462.3824768066406,462.3824768066406,462.3824768066406,1000,0.0,0.0
2006-12-14 00:00:00+09:00,458.95742797851557,465.80753884386655,458.95742797851557,458.9574279785156,0,0.0,0.0
2006-12-15 00:00:00+09:00,458.95742797851557,465.80753884386655,458.95742797851557,458.9574279785156,0,0.0,0.0
2006-12-18 00:00:00+09:00,465.80761718750006,465.80761718750006,465.80761718750006,465.8076171875,1000,0.0,0.0
2006-12-19 00:00:00+09:00,462.3824768066406,469.2325875741464,462.3824768066406,462.3824768066406,0,0.0,0.0
2006-12-20 00:00:00+09:00,462.3824768066406,462.3824768066406,462.3824768066406,462.3824768066406,1000,0.0,0.0
2006-12-21 00:00:00+09:00,458.95742797851557,465.80753884386655,458.95742797851557,458.9574279785156,0,0.0,0.0
2006-12-22 00:00:00+09:00,458.27239990234375,469.9175879417157,458.27239990234375,458.27239990234375,0,0.0,0.0
2006-12-25 00:00:00+09:00,458.95742797851557,465.80753884386655,458.95742797851557,458.9574279785156,0,0.0,0.0
2006-12-26 00:00:00+09:00,465.80761718750006,465.80761718750006,465.80761718750006,465.8076171875,1000,0.0,0.0
2006-12-27 00:00:00+09:00,469.23267319623164,469.23267319623164,465.80761718750006,465.8076171875,2000,0.0,0.0
2006-12-28 00:00:00+09:00,465.80761718750006,472.6577292049633,465.80761718750006,465.8076171875,0,0.0,0.0
2006-12-29 00:00:00+09:00,465.80761718750006,472.6577292049633,465.80761718750006,465.8076171875,0,0.0,0.0
2007-01-04 00:00:00+09:00,472.65771484375,472.65771484375,472.65771484375,472.65771484375,1000,0.0,0.0
2007-01-05 00:00:00+09:00,472.65771484375,479.5078266530797,472.65771484375,472.65771484375,0,0.0,0.0
2007-01-09 00:00:00+09:00,472.65768767781344,474.02770996093756,472.65768767781344,474.0277099609375,5000,0.0,0.0
2007-01-10 00:00:00+09:00,472.65771484375,479.5078266530797,472.65771484375,472.65771484375,0,0.0,0.0
2007-01-11 00:00:00+09:00,472.65771484375,478.13780429121374,472.65771484375,472.65771484375,0,0.0,0.0
2007-01-12 00:00:00+09:00,472.65771484375,478.13780429121374,472.65771484375,472.65771484375,0,0.0,0.0
2007-01-15 00:00:00+09:00,472.65771484375,479.5078266530797,472.65771484375,472.65771484375,0,0.0,0.0
2007-01-16 00:00:00+09:00,472.65771484375,479.5078266530797,472.65771484375,472.65771484375,0,0.0,0.0
2007-01-17 00:00:00+09:00,472.65771484375,479.5078266530797,472.65771484375,472.65771484375,0,0.0,0.0
2007-01-18 00:00:00+09:00,472.65771484375,479.5078266530797,472.65771484375,472.65771484375,0,0.0,0.0
2007-01-19 00:00:00+09:00,474.7127990722656,479.50787785077335,474.7127990722656,474.7127990722656,0,0.0,0.0
2007-01-22 00:00:00+09:00,474.7127990722656,479.50787785077335,474.7127990722656,474.7127990722656,0,0.0,0.0
2007-01-23 00:00:00+09:00,474.7127990722656,479.50787785077335,474.7127990722656,474.7127990722656,0,0.0,0.0
2007-01-24 00:00:00+09:00,474.7127990722656,474.7127990722656,474.7127990722656,474.7127990722656,1000,0.0,0.0
2007-01-25 00:00:00+09:00,476.0826960972377,479.50775146484375,476.0826960972377,479.50775146484375,2000,0.0,0.0
2007-01-26 00:00:00+09:00,476.0827331542969,479.5077887885005,476.0827331542969,476.0827331542969,0,0.0,0.0
2007-01-29 00:00:00+09:00,479.50775146484375,503.48313903808594,479.50775146484375,479.50775146484375,0,0.0,0.0
2007-01-30 00:00:00+09:00,480.1928470692736,486.35794781624,480.1928470692736,482.9328918457031,3000,0.0,0.0
2007-01-31 00:00:00+09:00,482.9328918457031,482.9328918457031,482.9328918457031,482.9328918457031,1000,0.0,0.0
2007-02-01 00:00:00+09:00,486.35791015625,487.0429212973151,486.35791015625,486.35791015625,3000,0.0,0.0
2007-02-02 00:00:00+09:00,493.2080010775862,496.633056640625,493.2080010775862,496.633056640625,3000,0.0,0.0
2007-02-05 00:00:00+09:00,496.633056640625,496.633056640625,496.633056640625,496.633056640625,3000,0.0,0.0
2007-02-06 00:00:00+09:00,493.8930358886718,500.0581361979618,493.8930358886718,493.8930358886719,0,0.0,0.0
2007-02-07 00:00:00+09:00,493.20794677734375,500.0580571492513,493.20794677734375,493.20794677734375,0,0.0,0.0
2007-02-08 00:00:00+09:00,493.20794677734375,500.0580571492513,493.20794677734375,493.20794677734375,0,0.0,0.0
2007-02-09 00:00:00+09:00,493.8930358886718,500.0581361979618,493.8930358886718,493.8930358886719,0,0.0,0.0
2007-02-13 00:00:00+09:00,493.2080247431952,493.8930358886718,493.2080247431952,493.8930358886719,2000,0.0,0.0
2007-02-14 00:00:00+09:00,494.57805037333594,495.2630615234375,494.57805037333594,495.2630615234375,2000,0.0,0.0
2007-02-15 00:00:00+09:00,495.2630615234375,500.0581395741485,495.2630615234375,495.2630615234375,0,0.0,0.0
2007-02-16 00:00:00+09:00,496.633056640625,503.4831677667026,496.633056640625,496.633056640625,0,0.0,0.0
2007-02-19 00:00:00+09:00,496.633056640625,496.633056640625,496.633056640625,496.633056640625,2000,0.0,0.0
2007-02-20 00:00:00+09:00,496.633056640625,498.0030788658405,496.633056640625,496.633056640625,0,0.0,0.0
2007-02-21 00:00:00+09:00,496.633056640625,496.633056640625,496.633056640625,496.633056640625,4000,0.0,0.0
2007-02-22 00:00:00+09:00,495.94807267353906,495.94807267353906,495.2630615234375,495.2630615234375,2000,0.0,0.0
2007-02-23 00:00:00+09:00,494.5779724121094,496.63300553847546,494.5779724121094,494.5779724121094,0,0.0,0.0
2007-02-26 00:00:00+09:00,495.94807267353906,495.94807267353906,495.2630615234375,495.2630615234375,2000,0.0,0.0
2007-02-27 00:00:00+09:00,494.57805037333594,495.2630615234375,494.57805037333594,495.2630615234375,2000,0.0,0.0
2007-02-28 00:00:00+09:00,482.9328918457031,482.9328918457031,482.9328918457031,482.9328918457031,1000,0.0,0.0
2007-03-01 00:00:00+09:00,478.82274039132255,479.50775146484375,478.82274039132255,479.50775146484375,2000,0.0,0.0
2007-03-02 00:00:00+09:00,479.50775146484375,479.50775146484375,479.50775146484375,479.50775146484375,1000,0.0,0.0
2007-03-05 00:00:00+09:00,466.49262838924636,466.49262838924636,465.80761718750006,465.8076171875,8000,0.0,0.0
2007-03-06 00:00:00+09:00,465.8076276455179,465.8076276455179,463.7525939941406,463.7525939941406,2000,0.0,0.0
2007-03-07 00:00:00+09:00,465.80761718750006,465.80761718750006,465.80761718750006,465.8076171875,2000,0.0,0.0
2007-03-08 00:00:00+09:00,465.80761718750006,479.5078412224265,465.80761718750006,465.8076171875,15000,0.0,0.0
2007-03-09 00:00:00+09:00,458.95742797851557,465.80753884386655,458.95742797851557,458.9574279785156,0,0.0,0.0
2007-03-12 00:00:00+09:00,465.80761718750006,465.80761718750006,465.80761718750006,465.8076171875,1000,0.0,0.0
2007-03-13 00:00:00+09:00,455.5324401855469,469.23266395052576,455.5324401855469,455.5324401855469,0,0.0,0.0
2007-03-14 00:00:00+09:00,455.5324401855469,469.23266395052576,455.5324401855469,455.5324401855469,0,0.0,0.0
2007-03-15 00:00:00+09:00,455.5324401855469,469.23266395052576,455.5324401855469,455.5324401855469,0,0.0,0.0
2007-03-16 00:00:00+09:00,455.5324401855469,465.807608009281,455.5324401855469,455.5324401855469,0,0.0,0.0
2007-03-19 00:00:00+09:00,455.5324401855469,465.807608009281,455.5324401855469,455.5324401855469,0,0.0,0.0
2007-03-20 00:00:00+09:00,465.80761718750006,465.80761718750006,465.80761718750006,465.8076171875,1000,0.0,0.0
2007-03-22 00:00:00+09:00,458.95742797851557,465.80753884386655,458.95742797851557,458.9574279785156,0,0.0,0.0
2007-03-23 00:00:00+09:00,458.95742797851557,465.80753884386655,458.95742797851557,458.9574279785156,0,0.0,0.0
2007-03-26 00:00:00+09:00,465.8076340371466,466.4926452636718,465.8076340371466,466.4926452636719,2000,0.0,0.0
2007-03-27 00:00:00+09:00,458.95742797851557,469.23259427654205,458.95742797851557,458.9574279785156,0,0.0,0.0
2007-03-28 00:00:00+09:00,462.3824768066406,469.2325875741464,462.3824768066406,462.3824768066406,0,0.0,0.0
2007-03-29 00:00:00+09:00,462.3824768066406,467.17755434389466,462.3824768066406,462.3824768066406,0,0.0,0.0
2007-03-30 00:00:00+09:00,467.17764282226557,467.17764282226557,467.17764282226557,467.1776428222656,1000,0.0,0.0
2007-04-02 00:00:00+09:00,462.3824768066406,467.86256542064524,462.3824768066406,462.3824768066406,0,0.0,0.0
2007-04-03 00:00:00+09:00,466.4926316157813,467.17764282226557,466.4926316157813,467.1776428222656,2000,0.0,0.0
2007-04-04 00:00:00+09:00,458.95742797851557,466.49254993040165,458.95742797851557,458.9574279785156,0,0.0,0.0
2007-04-05 00:00:00+09:00,458.95742797851557,466.49254993040165,458.95742797851557,458.9574279785156,0,0.0,0.0
2007-04-06 00:00:00+09:00,465.8076340371466,466.4926452636718,465.8076340371466,466.4926452636719,2000,0.0,0.0
2007-04-09 00:00:00+09:00,455.5324401855469,466.49261919752996,455.5324401855469,455.5324401855469,0,0.0,0.0
2007-04-10 00:00:00+09:00,458.95742797851557,458.95742797851557,458.95742797851557,458.9574279785156,1000,0.0,0.0
2007-04-11 00:00:00+09:00,448.68224450313687,452.1072998046875,448.68224450313687,452.1072998046875,2000,0.0,0.0
2007-04-12 00:00:00+09:00,451.42230602662954,458.95742797851557,451.42230602662954,458.9574279785156,7000,0.0,0.0
2007-04-13 00:00:00+09:00,452.10728695518094,452.10728695518094,429.5019226074219,429.5019226074219,6000,0.0,0.0
2007-04-16 00:00:00+09:00,431.55703072349866,432.2420418833772,428.8169860839844,428.8169860839844,4000,0.0,0.0
2007-04-17 00:00:00+09:00,434.98207246055904,441.8321838378906,434.98207246055904,441.8321838378906,3000,0.0,0.0
2007-04-18 00:00:00+09:00,447.997246469351,448.68225754957933,445.25720214843756,445.2572021484375,3000,0.0,0.0
2007-04-19 00:00:00+09:00,438.4070739746094,445.25718450546265,438.4070739746094,438.4070739746094,0,0.0,0.0
2007-04-20 00:00:00+09:00,438.4070739746094,438.4070739746094,438.4070739746094,438.4070739746094,1000,0.0,0.0
2007-04-23 00:00:00+09:00,434.9820251464844,441.8321357787125,434.9820251464844,434.9820251464844,0,0.0,0.0
2007-04-24 00:00:00+09:00,438.4071495068438,438.4071495068438,425.3919372558594,425.3919372558594,8000,0.0,0.0
2007-04-25 00:00:00+09:00,425.3919541337483,426.0769653320313,425.3919541337483,426.07696533203125,4000,0.0,0.0
2007-04-26 00:00:00+09:00,426.0769653320313,426.0769653320313,426.0769653320313,426.07696533203125,1000,0.0,0.0
2007-04-27 00:00:00+09:00,426.7619765303143,426.7619765303143,426.0769653320313,426.07696533203125,2000,0.0,0.0
2007-05-01 00:00:00+09:00,424.70687866210943,424.70687866210943,424.70687866210943,424.7068786621094,3000,0.0,0.0
2007-05-02 00:00:00+09:00,431.5569763183594,431.5569763183594,431.5569763183594,431.5569763183594,1000,0.0,0.0
2007-05-07 00:00:00+09:00,431.5569763183594,441.8321424211775,431.5569763183594,431.5569763183594,0,0.0,0.0
2007-05-08 00:00:00+09:00,448.682323511096,472.65771484375,448.682323511096,472.65771484375,5000,0.0,0.0
2007-05-09 00:00:00+09:00,431.5569763183594,479.50775146484375,431.5569763183594,431.5569763183594,0,0.0,0.0
2007-05-10 00:00:00+09:00,439.09216308593744,472.65771065412923,439.09216308593744,439.0921630859375,0,0.0,0.0
2007-05-11 00:00:00+09:00,439.09216308593744,465.80759890551866,439.09216308593744,439.0921630859375,0,0.0,0.0
2007-05-14 00:00:00+09:00,438.4070739746094,464.4374939918518,438.4070739746094,438.4070739746094,0,0.0,0.0
2007-05-15 00:00:00+09:00,439.77722167968756,464.4376266336887,439.77722167968756,439.7772216796875,0,0.0,0.0
2007-05-16 00:00:00+09:00,464.4375305175782,464.4375305175782,464.4375305175782,464.4375305175781,2000,0.0,0.0
2007-05-17 00:00:00+09:00,452.1072998046875,463.75248782995976,452.1072998046875,452.1072998046875,0,0.0,0.0
2007-05-18 00:00:00+09:00,452.1072998046875,463.75248782995976,452.1072998046875,452.1072998046875,0,0.0,0.0
2007-05-21 00:00:00+09:00,452.1072998046875,463.75248782995976,452.1072998046875,452.1072998046875,0,0.0,0.0
2007-05-22 00:00:00+09:00,452.1072998046875,463.75248782995976,452.1072998046875,452.1072998046875,0,0.0,0.0
2007-05-23 00:00:00+09:00,452.1072998046875,465.8075210108902,452.1072998046875,452.1072998046875,0,0.0,0.0
2007-05-24 00:00:00+09:00,463.7525362413983,472.65768095504404,463.7525362413983,471.28765869140625,11000,0.0,0.0
2007-05-25 00:00:00+09:00,475.3977118105951,476.0827229227141,471.97265625000006,471.97265625,6000,0.0,0.0
2007-05-28 00:00:00+09:00,472.65771484375,472.65771484375,472.65771484375,472.65771484375,1000,0.0,0.0
2007-05-29 00:00:00+09:00,465.807515670754,467.862548828125,465.807515670754,467.862548828125,4000,0.0,0.0
2007-05-30 00:00:00+09:00,458.95742797851557,472.65764970921754,458.95742797851557,458.9574279785156,0,0.0,0.0
2007-05-31 00:00:00+09:00,458.95742797851557,472.65764970921754,458.95742797851557,458.9574279785156,0,0.0,0.0
2007-06-01 00:00:00+09:00,462.3824768066406,468.5475764973958,462.3824768066406,462.3824768066406,0,0.0,0.0
2007-06-04 00:00:00+09:00,462.3824768066406,469.2325875741464,462.3824768066406,462.3824768066406,0,0.0,0.0
2007-06-05 00:00:00+09:00,462.3824768066406,469.2325875741464,462.3824768066406,462.3824768066406,0,0.0,0.0
2007-06-06 00:00:00+09:00,462.3824768066406,469.2325875741464,462.3824768066406,462.3824768066406,0,0.0,0.0
2007-06-07 00:00:00+09:00,465.1226059857537,465.80761718750006,465.1226059857537,465.8076171875,2000,0.0,0.0
2007-06-08 00:00:00+09:00,463.7525939941406,464.4376052112664,463.7525939941406,463.7525939941406,3000,0.0,0.0
2007-06-11 00:00:00+09:00,448.6823425292969,462.3825667286647,448.6823425292969,448.6823425292969,0,0.0,0.0
2007-06-12 00:00:00+09:00,464.4375305175782,464.4375305175782,464.4375305175782,464.4375305175781,1000,0.0,0.0
2007-06-13 00:00:00+09:00,452.1072998046875,464.4374988902699,452.1072998046875,452.1072998046875,0,0.0,0.0
2007-06-14 00:00:00+09:00,452.1072998046875,464.4374988902699,452.1072998046875,452.1072998046875,0,0.0,0.0
2007-06-15 00:00:00+09:00,464.43745604390074,465.1224670410157,464.43745604390074,465.1224670410156,2000,0.0,0.0
2007-06-18 00:00:00+09:00,465.1224670410157,465.1224670410157,465.1224670410157,465.1224670410156,2000,0.0,0.0
2007-06-19 00:00:00+09:00,465.1224670410157,465.80747803813057,465.1224670410157,465.1224670410156,4000,0.0,0.0
2007-06-20 00:00:00+09:00,456.9024625620448,456.9024625620448,455.5324401855469,455.5324401855469,4000,0.0,0.0
2007-06-21 00:00:00+09:00,452.1072998046875,472.6576316139915,452.1072998046875,452.1072998046875,0,0.0,0.0
2007-06-22 00:00:00+09:00,452.1072998046875,472.6576316139915,452.1072998046875,452.1072998046875,0,0.0,0.0
2007-06-25 00:00:00+09:00,462.3824768066406,472.6576429578993,462.3824768066406,462.3824768066406,0,0.0,0.0
2007-06-26 00:00:00+09:00,464.4375305175782,464.4375305175782,464.4375305175782,464.4375305175781,2000,0.0,0.0
2007-06-27 00:00:00+09:00,462.3824768066406,462.3824768066406,462.3824768066406,462.3824768066406,1000,0.0,0.0
2007-06-28 00:00:00+09:00,452.1072998046875,462.3824657093395,452.1072998046875,452.1072998046875,0,0.0,0.0
2007-06-29 00:00:00+09:00,452.1072998046875,465.8075210108902,452.1072998046875,452.1072998046875,0,0.0,0.0
2007-07-02 00:00:00+09:00,469.232666015625,469.232666015625,469.232666015625,469.232666015625,1000,0.0,0.0
2007-07-03 00:00:00+09:00,462.3824768066406,474.712676188151,462.3824768066406,462.3824768066406,0,0.0,0.0
2007-07-04 00:00:00+09:00,463.7525939941406,474.7127734681528,463.7525939941406,463.7525939941406,0,0.0,0.0
2007-07-05 00:00:00+09:00,463.7525939941406,464.4376052112664,463.7525939941406,463.7525939941406,3000,0.0,0.0
2007-07-06 00:00:00+09:00,462.3824768066406,469.2325875741464,462.3824768066406,462.3824768066406,0,0.0,0.0
2007-07-09 00:00:00+09:00,458.95742797851557,471.28762753614734,458.95742797851557,458.9574279785156,0,0.0,0.0
2007-07-10 00:00:00+09:00,458.95742797851557,458.95742797851557,458.95742797851557,458.9574279785156,2000,0.0,0.0
2007-07-11 00:00:00+09:00,452.1072998046875,465.8075210108902,452.1072998046875,452.1072998046875,0,0.0,0.0
2007-07-12 00:00:00+09:00,445.25720214843756,458.95742375300483,445.25720214843756,445.2572021484375,0,0.0,0.0
2007-07-13 00:00:00+09:00,458.9574104077888,458.9574104077888,452.1072998046875,452.1072998046875,3000,0.0,0.0
2007-07-17 00:00:00+09:00,451.4223642334365,451.4223642334365,439.09216308593744,439.0921630859375,7000,0.0,0.0
2007-07-18 00:00:00+09:00,439.77722167968756,439.77722167968756,439.77722167968756,439.7772216796875,1000,0.0,0.0
2007-07-19 00:00:00+09:00,434.9820251464844,450.737279600609,434.9820251464844,434.9820251464844,0,0.0,0.0
2007-07-20 00:00:00+09:00,434.9820251464844,450.737279600609,434.9820251464844,434.9820251464844,0,0.0,0.0
2007-07-23 00:00:00+09:00,434.982045081354,434.982045081354,424.70687866210943,424.7068786621094,4000,0.0,0.0
2007-07-24 00:00:00+09:00,428.1319885253906,428.1319885253906,428.1319885253906,428.1319885253906,1000,0.0,0.0
2007-07-25 00:00:00+09:00,431.5569763183594,431.5569763183594,431.5569763183594,431.5569763183594,1000,0.0,0.0
2007-07-26 00:00:00+09:00,431.5569763183594,458.9574192592076,431.5569763183594,431.5569763183594,0,0.0,0.0
2007-07-27 00:00:00+09:00,433.612060546875,452.10736170764216,433.612060546875,433.612060546875,0,0.0,0.0
2007-07-30 00:00:00+09:00,434.9820251464844,452.1073017270546,434.9820251464844,434.9820251464844,0,0.0,0.0
2007-07-31 00:00:00+09:00,441.8321838378906,455.5324065925539,441.8321838378906,441.8321838378906,0,0.0,0.0
2007-08-01 00:00:00+09:00,445.25718450546265,445.25718450546265,438.4070739746094,438.4070739746094,4000,0.0,0.0
2007-08-02 00:00:00+09:00,438.4070739746094,458.9574055671692,438.4070739746094,438.4070739746094,0,0.0,0.0
2007-08-03 00:00:00+09:00,438.4070739746094,458.9574055671692,438.4070739746094,438.4070739746094,0,0.0,0.0
2007-08-06 00:00:00+09:00,439.09216308593744,458.95748715690814,439.09216308593744,439.0921630859375,0,0.0,0.0
2007-08-07 00:00:00+09:00,438.4070739746094,438.4070739746094,438.4070739746094,438.4070739746094,2000,0.0,0.0
2007-08-08 00:00:00+09:00,432.9270324707031,452.1073440358609,432.9270324707031,432.9270324707031,0,0.0,0.0
2007-08-09 00:00:00+09:00,434.9820251464844,452.1073017270546,434.9820251464844,434.9820251464844,0,0.0,0.0
2007-08-10 00:00:00+09:00,434.98206585268434,434.98206585268434,432.9270324707031,432.9270324707031,2000,0.0,0.0
2007-08-13 00:00:00+09:00,432.9270324707031,432.9270324707031,432.9270324707031,432.9270324707031,0,0.0,0.0
2007-08-14 00:00:00+09:00,424.70687866210943,465.8075443390877,424.70687866210943,424.7068786621094,0,0.0,0.0
2007-08-15 00:00:00+09:00,424.70687866210943,424.70687866210943,424.70687866210943,424.7068786621094,1000,0.0,0.0
2007-08-16 00:00:00+09:00,420.5968933105469,425.39197189877785,420.5968933105469,420.5968933105469,0,0.0,0.0
2007-08-17 00:00:00+09:00,421.2818298339844,422.65185204482657,421.2818298339844,421.2818298339844,5000,0.0,0.0
2007-08-20 00:00:00+09:00,428.1319251427284,450.0522797100361,428.1319251427284,445.2572021484375,7000,0.0,0.0
2007-08-21 00:00:00+09:00,445.9422302246094,452.10733018163165,445.9422302246094,445.9422302246094,0,0.0,0.0
2007-08-22 00:00:00+09:00,445.25720214843756,448.68225754957933,445.25720214843756,445.2572021484375,0,0.0,0.0
2007-08-23 00:00:00+09:00,452.1072998046875,452.1072998046875,452.1072998046875,452.1072998046875,1000,0.0,0.0
2007-08-24 00:00:00+09:00,449.3673400878906,449.3673400878906,449.3673400878906,449.3673400878906,1000,0.0,0.0
2007-08-27 00:00:00+09:00,452.79241943359375,452.79241943359375,452.79241943359375,452.79241943359375,4000,0.0,0.0
2007-08-28 00:00:00+09:00,453.4773864746094,453.4773864746094,453.4773864746094,453.4773864746094,2000,0.0,0.0
2007-08-29 00:00:00+09:00,451.4223327636719,458.95745516185156,451.4223327636719,451.4223327636719,0,0.0,0.0
2007-08-30 00:00:00+09:00,445.9422302246094,462.38249677666875,445.9422302246094,445.9422302246094,0,0.0,0.0
2007-08-31 00:00:00+09:00,448.6823425292969,465.80762277850664,448.6823425292969,448.6823425292969,0,0.0,0.0
2007-09-03 00:00:00+09:00,441.8321838378906,458.95746228121976,441.8321838378906,441.8321838378906,0,0.0,0.0
2007-09-04 00:00:00+09:00,445.9422302246094,462.38249677666875,445.9422302246094,445.9422302246094,0,0.0,0.0
2007-09-05 00:00:00+09:00,445.9422302246094,462.38249677666875,445.9422302246094,445.9422302246094,0,0.0,0.0
2007-09-06 00:00:00+09:00,445.9422302246094,465.80755230834774,445.9422302246094,445.9422302246094,0,0.0,0.0
2007-09-07 00:00:00+09:00,452.1072998046875,452.1072998046875,452.1072998046875,452.1072998046875,1000,0.0,0.0
2007-09-10 00:00:00+09:00,431.5569763183594,458.9574192592076,431.5569763183594,431.5569763183594,0,0.0,0.0
2007-09-11 00:00:00+09:00,431.5569763183594,458.9574192592076,431.5569763183594,431.5569763183594,0,0.0,0.0
2007-09-12 00:00:00+09:00,431.5569763183594,458.9574192592076,431.5569763183594,431.5569763183594,0,0.0,0.0
2007-09-13 00:00:00+09:00,431.5569763183594,458.9574192592076,431.5569763183594,431.5569763183594,0,0.0,0.0
2007-09-14 00:00:00+09:00,438.4070739746094,500.0580687522888,438.4070739746094,438.4070739746094,0,0.0,0.0
2007-09-18 00:00:00+09:00,452.10739315257354,465.80761718750006,438.4071691176471,465.8076171875,11000,0.0,0.0
2007-09-19 00:00:00+09:00,452.1072998046875,452.1072998046875,452.1072998046875,452.1072998046875,1000,0.0,0.0
2007-09-20 00:00:00+09:00,452.1072998046875,453.47732192530776,451.4222887443774,452.1072998046875,6000,0.0,0.0
2007-09-21 00:00:00+09:00,438.4070739746094,489.0978919029236,438.4070739746094,438.4070739746094,0,0.0,0.0
2007-09-25 00:00:00+09:00,440.5046691894531,440.5046691894531,440.5046691894531,440.5046691894531,1000,13.0,0.0
2007-09-26 00:00:00+09:00,434.2118481018777,434.2118481018777,419.5283556539881,420.2275695800781,4000,0.0,0.0
2007-09-27 00:00:00+09:00,433.5125732421875,433.5125732421875,433.5125732421875,433.5125732421875,2000,0.0,0.0
2007-09-28 00:00:00+09:00,430.0165405273437,455.1882404606516,430.0165405273437,430.01654052734375,0,0.0,0.0
2007-10-01 00:00:00+09:00,434.2118530273438,434.2118530273438,434.2118530273438,434.21185302734375,1000,0.0,0.0
2007-10-02 00:00:00+09:00,430.0165405273437,430.71575441438006,430.0165405273437,430.01654052734375,3000,0.0,0.0
2007-10-03 00:00:00+09:00,420.2275695800781,454.48905195848715,420.2275695800781,420.2275695800781,0,0.0,0.0
2007-10-04 00:00:00+09:00,448.1960803355755,448.8952941894532,448.1960803355755,448.8952941894531,2000,0.0,0.0
2007-10-05 00:00:00+09:00,447.4969177246094,447.4969177246094,447.4969177246094,447.4969177246094,2000,0.0,0.0
2007-10-09 00:00:00+09:00,436.3094482421875,448.1960838513496,436.3094482421875,436.3094482421875,0,0.0,0.0
2007-10-10 00:00:00+09:00,450.9930114746094,450.9930114746094,450.9930114746094,450.9930114746094,2000,0.0,0.0
2007-10-11 00:00:00+09:00,449.59458353205247,450.9930114746094,449.59458353205247,450.9930114746094,5000,0.0,0.0
2007-10-12 00:00:00+09:00,450.9930114746094,464.9772909001787,450.9930114746094,450.9930114746094,0,0.0,0.0
2007-10-15 00:00:00+09:00,450.9930114746094,468.473360756571,450.9930114746094,450.9930114746094,0,0.0,0.0
2007-10-16 00:00:00+09:00,450.9930114746094,451.69222544588786,450.9930114746094,450.9930114746094,3000,0.0,0.0
2007-10-17 00:00:00+09:00,450.9930114746094,450.9930114746094,450.9930114746094,450.9930114746094,500,0.0,0.0
2007-10-18 00:00:00+09:00,450.9930114746094,450.9930114746094,447.4969416182171,450.9930114746094,19500,0.0,0.0
2007-10-19 00:00:00+09:00,437.0086669921875,450.9929443359375,437.0086669921875,437.0086669921875,0,0.0,0.0
2007-10-22 00:00:00+09:00,426.5204772949219,450.9929636970895,426.5204772949219,426.5204772949219,0,0.0,0.0
2007-10-23 00:00:00+09:00,427.2197265625,451.6922149907938,427.2197265625,427.2197265625,0,0.0,0.0
2007-10-24 00:00:00+09:00,436.3094482421875,451.69215314816205,436.3094482421875,436.3094482421875,0,0.0,0.0
2007-10-25 00:00:00+09:00,450.29379750333095,450.9930114746094,440.50480190543243,450.9930114746094,10500,0.0,0.0
2007-10-26 00:00:00+09:00,450.9930114746094,450.9930114746094,450.9930114746094,450.9930114746094,1500,0.0,0.0
2007-10-29 00:00:00+09:00,450.9930114746094,452.39143941716634,450.9930114746094,450.9930114746094,3000,0.0,0.0
2007-10-30 00:00:00+09:00,450.9930114746094,468.473360756571,450.9930114746094,450.9930114746094,0,0.0,0.0
2007-10-31 00:00:00+09:00,451.6922045181487,452.39141845703125,451.6922045181487,452.39141845703125,2000,0.0,0.0
2007-11-01 00:00:00+09:00,420.2275695800781,452.39141018021724,420.2275695800781,420.2275695800781,0,0.0,0.0
2007-11-02 00:00:00+09:00,433.5125732421875,455.1882019042969,433.5125732421875,433.5125732421875,0,0.0,0.0
2007-11-05 00:00:00+09:00,433.5125732421875,455.1882019042969,433.5125732421875,433.5125732421875,0,0.0,0.0
2007-11-06 00:00:00+09:00,433.5125732421875,453.09056042086695,433.5125732421875,433.5125732421875,0,0.0,0.0
2007-11-07 00:00:00+09:00,433.5125732421875,453.09056042086695,433.5125732421875,433.5125732421875,0,0.0,0.0
2007-11-08 00:00:00+09:00,433.5125732421875,467.77405080487654,433.5125732421875,433.5125732421875,0,0.0,0.0
2007-11-09 00:00:00+09:00,433.5125732421875,453.09056042086695,433.5125732421875,433.5125732421875,0,0.0,0.0
2007-11-12 00:00:00+09:00,433.5125732421875,450.992918937437,433.5125732421875,433.5125732421875,0,0.0,0.0
2007-11-13 00:00:00+09:00,433.5125732421875,448.1960636261971,433.5125732421875,433.5125732421875,0,0.0,0.0
2007-11-14 00:00:00+09:00,433.5125732421875,448.1960636261971,433.5125732421875,433.5125732421875,0,0.0,0.0
2007-11-15 00:00:00+09:00,448.19613165855407,448.19613165855407,447.4969177246094,447.4969177246094,1000,0.0,0.0
2007-11-16 00:00:00+09:00,426.5204772949219,426.5204772949219,425.12204950051233,426.5204772949219,1500,0.0,0.0
2007-11-19 00:00:00+09:00,412.53619384765625,440.50474936275157,412.53619384765625,412.53619384765625,0,0.0,0.0
2007-11-20 00:00:00+09:00,412.53619384765625,440.50474936275157,412.53619384765625,412.53619384765625,0,0.0,0.0
2007-11-21 00:00:00+09:00,412.53619384765625,433.51261048397777,412.53619384765625,412.53619384765625,0,0.0,0.0
2007-11-22 00:00:00+09:00,412.53619384765625,426.5204716052039,412.53619384765625,412.53619384765625,0,0.0,0.0
2007-11-26 00:00:00+09:00,426.5204772949219,427.2196911921267,426.5204772949219,426.5204772949219,1500,0.0,0.0
2007-11-27 00:00:00+09:00,426.52049491488793,426.52049491488793,420.2275695800781,420.2275695800781,2500,0.0,0.0
2007-11-28 00:00:00+09:00,416.03222656250006,430.01650308560926,416.03222656250006,416.0322265625,0,0.0,0.0
2007-11-29 00:00:00+09:00,409.0401611328125,420.22758434328256,409.0401611328125,409.0401611328125,0,0.0,0.0
2007-11-30 00:00:00+09:00,419.5283508300781,419.5283508300781,419.5283508300781,419.5283508300781,1000,0.0,0.0
2007-12-03 00:00:00+09:00,409.04014666055895,409.73936058647445,406.9425048828125,406.9425048828125,1500,0.0,0.0
2007-12-04 00:00:00+09:00,395.05584716796875,419.52833327571904,395.05584716796875,395.05584716796875,0,0.0,0.0
2007-12-05 00:00:00+09:00,405.54412841796875,423.0244787808122,405.54412841796875,405.54412841796875,0,0.0,0.0
2007-12-06 00:00:00+09:00,411.8370056152344,423.0244285181949,411.8370056152344,411.8370056152344,0,0.0,0.0
2007-12-07 00:00:00+09:00,420.9267786661784,420.9267786661784,419.5283508300781,419.5283508300781,1000,0.0,0.0
2007-12-10 00:00:00+09:00,419.5283508300781,419.5283508300781,419.5283508300781,419.5283508300781,1000,0.0,0.0
2007-12-11 00:00:00+09:00,416.03222656250006,423.02436482405466,416.03222656250006,416.0322265625,0,0.0,0.0
2007-12-12 00:00:00+09:00,419.5282699277737,419.5282699277737,416.7314147949219,416.7314147949219,2000,0.0,0.0
2007-12-13 00:00:00+09:00,416.0322010117089,416.7314147949219,416.0322010117089,416.7314147949219,2000,0.0,0.0
2007-12-14 00:00:00+09:00,398.552001953125,416.7315669544956,398.552001953125,398.552001953125,0,0.0,0.0
2007-12-17 00:00:00+09:00,395.0558729259246,395.0558729259246,378.27473850075256,381.07159423828125,3000,0.0,0.0
2007-12-18 00:00:00+09:00,378.2747449521665,378.2747449521665,377.5755310058594,377.5755310058594,2500,0.0,0.0
2007-12-19 00:00:00+09:00,377.5754797678592,378.9739074707031,377.5754797678592,378.9739074707031,2500,0.0,0.0
2007-12-20 00:00:00+09:00,378.27471923828125,378.9739331370581,378.27471923828125,378.27471923828125,4000,0.0,0.0
2007-12-21 00:00:00+09:00,378.2747449521665,378.2747449521665,377.5755310058594,377.5755310058594,1000,0.0,0.0
2007-12-25 00:00:00+09:00,377.5755310058594,377.5755310058594,377.5755310058594,377.5755310058594,2500,0.0,0.0
2007-12-26 00:00:00+09:00,377.57558079769734,398.552001953125,377.57558079769734,398.552001953125,10000,0.0,0.0
2007-12-27 00:00:00+09:00,381.07159423828125,411.13779341671443,381.07159423828125,381.07159423828125,0,0.0,0.0
2007-12-28 00:00:00+09:00,381.07159423828125,405.5440819416571,381.07159423828125,381.07159423828125,0,0.0,0.0
2008-01-04 00:00:00+09:00,383.86842413263,384.567638019939,377.5754991468492,381.7707824707031,3500,0.0,0.0
2008-01-07 00:00:00+09:00,356.5990905761719,388.06371621524585,356.5990905761719,356.5990905761719,0,0.0,0.0
2008-01-08 00:00:00+09:00,388.0636901855469,388.0636901855469,388.0636901855469,388.0636901855469,500,0.0,0.0
2008-01-09 00:00:00+09:00,363.5912170410156,412.53618856576776,363.5912170410156,363.5912170410156,0,0.0,0.0
2008-01-10 00:00:00+09:00,363.5912170410156,388.7629166823167,363.5912170410156,363.5912170410156,0,0.0,0.0
2008-01-11 00:00:00+09:00,363.5912170410156,388.7629166823167,363.5912170410156,363.5912170410156,0,0.0,0.0
2008-01-15 00:00:00+09:00,353.10308837890625,381.07164983466123,353.10308837890625,353.10308837890625,0,0.0,0.0
2008-01-16 00:00:00+09:00,346.1109313964844,377.5755615234375,346.1109313964844,346.1109313964844,0,0.0,0.0
2008-01-17 00:00:00+09:00,339.11877918635867,339.8179931640625,339.11877918635867,339.8179931640625,1500,0.0,0.0
2008-01-18 00:00:00+09:00,341.2164001464844,341.2164001464844,341.2164001464844,341.2164001464844,500,0.0,0.0
2008-01-21 00:00:00+09:00,311.15020751953125,367.08732347809865,311.15020751953125,311.15020751953125,0,0.0,0.0
2008-01-22 00:00:00+09:00,311.15020751953125,353.1030444884568,311.15020751953125,311.15020751953125,0,0.0,0.0
2008-01-23 00:00:00+09:00,342.6148376464844,342.6148376464844,342.6148376464844,342.6148376464844,1000,0.0,0.0
2008-01-24 00:00:00+09:00,323.7359924316406,363.59117940486635,323.7359924316406,323.7359924316406,0,0.0,0.0
2008-01-25 00:00:00+09:00,348.9077453613281,381.0715856150778,348.9077453613281,348.9077453613281,0,0.0,0.0
2008-01-28 00:00:00+09:00,332.1265869140625,377.57548828125,332.1265869140625,332.1265869140625,0,0.0,0.0
2008-01-29 00:00:00+09:00,335.6226501464844,377.5754814147949,335.6226501464844,335.6226501464844,0,0.0,0.0
2008-01-30 00:00:00+09:00,334.9234313964844,377.5754758958279,334.9234313964844,334.9234313964844,0,0.0,0.0
2008-01-31 00:00:00+09:00,334.9234313964844,363.5911990107972,334.9234313964844,334.9234313964844,0,0.0,0.0
2008-02-01 00:00:00+09:00,334.9234313964844,360.09512978953956,334.9234313964844,334.9234313964844,0,0.0,0.0
2008-02-04 00:00:00+09:00,338.41949462890625,363.5911925765108,338.41949462890625,338.41949462890625,0,0.0,0.0
2008-02-05 00:00:00+09:00,339.8179931640625,377.57554796006946,339.8179931640625,339.8179931640625,0,0.0,0.0
2008-02-06 00:00:00+09:00,339.1187438964844,381.0715781929567,339.1187438964844,339.1187438964844,0,0.0,0.0
2008-02-07 00:00:00+09:00,341.9156188964844,376.8763161251637,341.9156188964844,341.9156188964844,0,0.0,0.0
2008-02-08 00:00:00+09:00,343.31402587890625,381.071576586566,343.31402587890625,343.31402587890625,0,0.0,0.0
2008-02-12 00:00:00+09:00,351.00536360616576,376.17706298828125,351.00536360616576,376.17706298828125,1500,0.0,0.0
2008-02-13 00:00:00+09:00,344.0132141113281,384.56761740087495,344.0132141113281,344.0132141113281,0,0.0,0.0
2008-02-14 00:00:00+09:00,342.6148376464844,384.5676749093192,342.6148376464844,342.6148376464844,0,0.0,0.0
2008-02-15 00:00:00+09:00,344.0132141113281,384.56761740087495,344.0132141113281,344.0132141113281,0,0.0,0.0
2008-02-18 00:00:00+09:00,344.0132141113281,344.0132141113281,344.0132141113281,344.0132141113281,3000,0.0,0.0
2008-02-19 00:00:00+09:00,335.6226501464844,384.56761995951337,335.6226501464844,335.6226501464844,0,0.0,0.0
2008-02-20 00:00:00+09:00,348.9077322742019,381.7707852138562,346.8100905972027,373.3802185058594,8000,0.0,0.0
2008-02-21 00:00:00+09:00,346.1109313964844,373.38027750651037,346.1109313964844,346.1109313964844,0,0.0,0.0
2008-02-22 00:00:00+09:00,342.6148376464844,374.07946559361045,342.6148376464844,342.6148376464844,0,0.0,0.0
2008-02-25 00:00:00+09:00,342.6148376464844,388.0637446812221,342.6148376464844,342.6148376464844,0,0.0,0.0
2008-02-26 00:00:00+09:00,339.1187438964844,381.7707920978979,339.1187438964844,339.1187438964844,0,0.0,0.0
2008-02-27 00:00:00+09:00,342.6148376464844,388.0637446812221,342.6148376464844,342.6148376464844,0,0.0,0.0
2008-02-28 00:00:00+09:00,342.6148376464844,377.57553536551336,342.6148376464844,342.6148376464844,0,0.0,0.0
2008-02-29 00:00:00+09:00,339.1187438964844,377.5755086682507,339.1187438964844,339.1187438964844,0,0.0,0.0
2008-03-03 00:00:00+09:00,339.1187438964844,384.56764771766274,339.1187438964844,339.1187438964844,0,0.0,0.0
2008-03-04 00:00:00+09:00,339.1187438964844,384.56764771766274,339.1187438964844,339.1187438964844,0,0.0,0.0
2008-03-05 00:00:00+09:00,335.6226501464844,395.055827776591,335.6226501464844,335.6226501464844,0,0.0,0.0
2008-03-06 00:00:00+09:00,335.6226501464844,395.055827776591,335.6226501464844,335.6226501464844,0,0.0,0.0
2008-03-07 00:00:00+09:00,335.6226501464844,395.055827776591,335.6226501464844,335.6226501464844,0,0.0,0.0
2008-03-10 00:00:00+09:00,322.3376159667969,395.0558633866383,322.3376159667969,322.3376159667969,0,0.0,0.0
2008-03-11 00:00:00+09:00,322.3376159667969,395.0558633866383,322.3376159667969,322.3376159667969,0,0.0,0.0
2008-03-12 00:00:00+09:00,358.6967468261719,359.3959607576069,358.6967468261719,358.6967468261719,3000,0.0,0.0
2008-03-13 00:00:00+09:00,328.6305236816406,358.6967205291099,328.6305236816406,328.6305236816406,0,0.0,0.0
2008-03-14 00:00:00+09:00,328.6305236816406,358.6967205291099,328.6305236816406,328.6305236816406,0,0.0,0.0
2008-03-17 00:00:00+09:00,328.6305236816406,328.6305236816406,328.6305236816406,328.6305236816406,0,0.0,0.0
2008-03-18 00:00:00+09:00,321.6383972167969,360.09516210141385,321.6383972167969,321.6383972167969,0,0.0,0.0
2008-03-19 00:00:00+09:00,349.60699462890625,349.60699462890625,349.60699462890625,349.60699462890625,500,0.0,0.0
2008-03-21 00:00:00+09:00,321.6383972167969,346.11088396155316,321.6383972167969,321.6383972167969,0,0.0,0.0
2008-03-24 00:00:00+09:00,318.1423034667969,318.1423034667969,318.1423034667969,318.1423034667969,500,0.0,0.0
2008-03-25 00:00:00+09:00,325.13446044921875,360.09515512117775,325.13446044921875,325.13446044921875,0,0.0,0.0
2008-03-26 00:00:00+09:00,360.09515380859375,360.09515380859375,360.09515380859375,360.09515380859375,500,0.0,0.0
2008-03-27 00:00:00+09:00,357.9975280761719,357.9975280761719,357.9975280761719,357.9975280761719,1000,0.0,0.0
2008-03-28 00:00:00+09:00,329.3298034667969,360.09522035116856,329.3298034667969,329.3298034667969,0,0.0,0.0
2008-03-31 00:00:00+09:00,329.3298034667969,360.09522035116856,329.3298034667969,329.3298034667969,0,0.0,0.0
2008-04-01 00:00:00+09:00,329.3298034667969,349.6070100496782,329.3298034667969,329.3298034667969,0,0.0,0.0
2008-04-02 00:00:00+09:00,332.8258361816406,349.60697077903427,332.8258361816406,332.8258361816406,0,0.0,0.0
2008-04-03 00:00:00+09:00,332.8258361816406,332.8258361816406,332.8258361816406,332.8258361816406,500,0.0,0.0
2008-04-04 00:00:00+09:00,336.3218640009562,337.0210778554281,335.6226501464844,335.6226501464844,1500,0.0,0.0
2008-04-07 00:00:00+09:00,342.6148376464844,342.6148376464844,342.6148376464844,342.6148376464844,500,0.0,0.0
2008-04-08 00:00:00+09:00,335.6226501464844,345.41164410909016,335.6226501464844,335.6226501464844,0,0.0,0.0
2008-04-09 00:00:00+09:00,335.6226501464844,345.41164410909016,335.6226501464844,335.6226501464844,0,0.0,0.0
2008-04-10 00:00:00+09:00,330.72813860175495,333.5249938964844,330.72813860175495,333.5249938964844,2000,0.0,0.0
2008-04-11 00:00:00+09:00,318.1423034667969,344.7124299101777,318.1423034667969,318.1423034667969,0,0.0,0.0
2008-04-14 00:00:00+09:00,318.1423034667969,344.01321605640453,318.1423034667969,318.1423034667969,0,0.0,0.0
2008-04-15 00:00:00+09:00,321.6383972167969,344.7124561475671,321.6383972167969,321.6383972167969,0,0.0,0.0
2008-04-16 00:00:00+09:00,321.6383972167969,344.7124561475671,321.6383972167969,321.6383972167969,0,0.0,0.0
2008-04-17 00:00:00+09:00,333.5249938964844,344.7124150754021,333.5249938964844,333.5249938964844,0,0.0,0.0
2008-04-18 00:00:00+09:00,333.5249938964844,344.01320125171975,333.5249938964844,333.5249938964844,0,0.0,0.0
2008-04-21 00:00:00+09:00,333.5249938964844,348.2084841938139,333.5249938964844,333.5249938964844,0,0.0,0.0
2008-04-22 00:00:00+09:00,333.5249938964844,348.2084841938139,333.5249938964844,333.5249938964844,0,0.0,0.0
2008-04-23 00:00:00+09:00,333.5249938964844,348.2084841938139,333.5249938964844,333.5249938964844,0,0.0,0.0
2008-04-24 00:00:00+09:00,333.5249938964844,348.2084841938139,333.5249938964844,333.5249938964844,0,0.0,0.0
2008-04-25 00:00:00+09:00,333.5249938964844,348.2084841938139,333.5249938964844,333.5249938964844,0,0.0,0.0
2008-04-28 00:00:00+09:00,335.6226501464844,348.20849952697756,335.6226501464844,335.6226501464844,0,0.0,0.0
2008-04-30 00:00:00+09:00,335.6226501464844,348.20849952697756,335.6226501464844,335.6226501464844,0,0.0,0.0
2008-05-01 00:00:00+09:00,335.6226501464844,348.20849952697756,335.6226501464844,335.6226501464844,0,0.0,0.0
2008-05-02 00:00:00+09:00,335.6226501464844,335.6226501464844,335.6226501464844,335.6226501464844,1000,0.0,0.0
2008-05-07 00:00:00+09:00,348.2084756608143,348.2084756608143,323.7359924316406,323.7359924316406,1500,0.0,0.0
2008-05-08 00:00:00+09:00,335.6226501464844,342.6147886912028,335.6226501464844,335.6226501464844,0,0.0,0.0
2008-05-09 00:00:00+09:00,342.6148376464844,342.6148376464844,342.6148376464844,342.6148376464844,500,0.0,0.0
2008-05-12 00:00:00+09:00,339.1187438964844,339.1187438964844,339.1187438964844,339.1187438964844,1000,0.0,0.0
2008-05-13 00:00:00+09:00,339.8179931640625,346.110918963397,339.8179931640625,339.8179931640625,0,0.0,0.0
2008-05-14 00:00:00+09:00,339.8179578014256,339.8179578014256,339.1187438964844,339.1187438964844,1500,0.0,0.0
2008-05-15 00:00:00+09:00,346.8100939622108,347.5093078613281,346.8100939622108,347.5093078613281,2000,0.0,0.0
2008-05-16 00:00:00+09:00,348.20855712890625,348.20855712890625,348.20855712890625,348.20855712890625,1000,0.0,0.0
2008-05-19 00:00:00+09:00,347.5093431587679,348.20855712890625,347.5093431587679,348.20855712890625,1500,0.0,0.0
2008-05-20 00:00:00+09:00,339.1187438964844,351.70459418542606,339.1187438964844,339.1187438964844,0,0.0,0.0
2008-05-21 00:00:00+09:00,342.6148376464844,351.7046190534319,342.6148376464844,342.6148376464844,0,0.0,0.0
2008-05-22 00:00:00+09:00,349.60699462890625,349.60699462890625,349.60699462890625,349.60699462890625,500,0.0,0.0
2008-05-23 00:00:00+09:00,350.3061828613281,381.07159612659444,350.3061828613281,350.3061828613281,0,0.0,0.0
2008-05-26 00:00:00+09:00,339.1187438964844,381.0715781929567,339.1187438964844,339.1187438964844,0,0.0,0.0
2008-05-27 00:00:00+09:00,346.1109313964844,381.0716315375434,346.1109313964844,346.1109313964844,0,0.0,0.0
2008-05-28 00:00:00+09:00,348.20855712890625,381.07161372540946,348.20855712890625,348.20855712890625,0,0.0,0.0
2008-05-29 00:00:00+09:00,348.20855712890625,381.07161372540946,348.20855712890625,348.20855712890625,0,0.0,0.0
2008-05-30 00:00:00+09:00,349.60699462890625,381.0716241455078,349.60699462890625,349.60699462890625,0,0.0,0.0
2008-06-02 00:00:00+09:00,350.3061828613281,381.07159612659444,350.3061828613281,350.3061828613281,0,0.0,0.0
2008-06-03 00:00:00+09:00,350.3061828613281,381.07159612659444,350.3061828613281,350.3061828613281,0,0.0,0.0
2008-06-04 00:00:00+09:00,350.3062086181641,350.3062086181641,349.60699462890625,349.60699462890625,1000,0.0,0.0
2008-06-05 00:00:00+09:00,342.6148376464844,381.07160513741627,342.6148376464844,342.6148376464844,0,0.0,0.0
2008-06-06 00:00:00+09:00,342.6148376464844,381.07160513741627,342.6148376464844,342.6148376464844,0,0.0,0.0
2008-06-09 00:00:00+09:00,342.6148376464844,351.7046190534319,342.6148376464844,342.6148376464844,0,0.0,0.0
2008-06-10 00:00:00+09:00,342.6148376464844,351.7046190534319,342.6148376464844,342.6148376464844,0,0.0,0.0
2008-06-11 00:00:00+09:00,328.6305236816406,351.70458172737284,328.6305236816406,328.6305236816406,0,0.0,0.0
2008-06-12 00:00:00+09:00,351.7046203613281,351.7046203613281,351.7046203613281,351.7046203613281,500,0.0,0.0
2008-06-13 00:00:00+09:00,328.6305236816406,328.6305236816406,328.6305236816406,328.6305236816406,1000,0.0,0.0
2008-06-16 00:00:00+09:00,332.1265869140625,381.0715576171875,332.1265869140625,332.1265869140625,0,0.0,0.0
2008-06-17 00:00:00+09:00,332.1265869140625,376.177060546875,332.1265869140625,332.1265869140625,0,0.0,0.0
2008-06-18 00:00:00+09:00,332.1265869140625,332.1265869140625,332.1265869140625,332.1265869140625,1000,0.0,0.0
2008-06-19 00:00:00+09:00,315.3454895019531,376.1771027761658,315.3454895019531,315.3454895019531,0,0.0,0.0
2008-06-20 00:00:00+09:00,332.1265869140625,332.1265869140625,332.1265869140625,332.1265869140625,1000,0.0,0.0
2008-06-23 00:00:00+09:00,332.1265869140625,332.1265869140625,332.1265869140625,332.1265869140625,1000,0.0,0.0
2008-06-24 00:00:00+09:00,318.1423034667969,376.17705332997076,318.1423034667969,318.1423034667969,0,0.0,0.0
2008-06-25 00:00:00+09:00,332.1265869140625,376.177060546875,332.1265869140625,332.1265869140625,0,0.0,0.0
2008-06-26 00:00:00+09:00,332.1265869140625,376.177060546875,332.1265869140625,332.1265869140625,0,0.0,0.0
2008-06-27 00:00:00+09:00,332.1265869140625,376.177060546875,332.1265869140625,332.1265869140625,0,0.0,0.0
2008-06-30 00:00:00+09:00,332.1265869140625,376.177060546875,332.1265869140625,332.1265869140625,0,0.0,0.0
2008-07-01 00:00:00+09:00,332.1265869140625,376.177060546875,332.1265869140625,332.1265869140625,0,0.0,0.0
2008-07-02 00:00:00+09:00,332.1265869140625,376.177060546875,332.1265869140625,332.1265869140625,0,0.0,0.0
2008-07-03 00:00:00+09:00,339.1187438964844,376.17708085836824,339.1187438964844,339.1187438964844,0,0.0,0.0
2008-07-04 00:00:00+09:00,342.6148376464844,376.1771074567522,342.6148376464844,342.6148376464844,0,0.0,0.0
2008-07-07 00:00:00+09:00,342.6148376464844,342.6148376464844,342.6148376464844,342.6148376464844,0,0.0,0.0
2008-07-08 00:00:00+09:00,343.31402587890625,376.17707927261006,343.31402587890625,343.31402587890625,0,0.0,0.0
2008-07-09 00:00:00+09:00,343.31402587890625,343.31402587890625,343.31402587890625,343.31402587890625,1000,0.0,0.0
2008-07-10 00:00:00+09:00,349.60699462890625,376.17712622070314,349.60699462890625,349.60699462890625,0,0.0,0.0
2008-07-11 00:00:00+09:00,349.60699462890625,349.60699462890625,349.60699462890625,349.60699462890625,500,0.0,0.0
2008-07-14 00:00:00+09:00,328.6305236816406,349.60694008685175,328.6305236816406,328.6305236816406,0,0.0,0.0
2008-07-15 00:00:00+09:00,325.13446044921875,349.60694671959004,325.13446044921875,325.13446044921875,0,0.0,0.0
2008-07-16 00:00:00+09:00,325.13446044921875,349.60694671959004,325.13446044921875,325.13446044921875,0,0.0,0.0
2008-07-17 00:00:00+09:00,325.8337097167969,349.6069846746748,325.8337097167969,325.8337097167969,0,0.0,0.0
2008-07-18 00:00:00+09:00,325.8337097167969,349.6069846746748,325.8337097167969,325.8337097167969,0,0.0,0.0
2008-07-22 00:00:00+09:00,325.13446044921875,376.1770746702789,325.13446044921875,325.13446044921875,0,0.0,0.0
2008-07-23 00:00:00+09:00,325.13446044921875,376.1770746702789,325.13446044921875,325.13446044921875,0,0.0,0.0
2008-07-24 00:00:00+09:00,335.6226501464844,349.60692723592126,335.6226501464844,335.6226501464844,0,0.0,0.0
2008-07-25 00:00:00+09:00,329.3298034667969,349.6070100496782,329.3298034667969,329.3298034667969,0,0.0,0.0
2008-07-28 00:00:00+09:00,325.8337097167969,349.6069846746748,325.8337097167969,325.8337097167969,0,0.0,0.0
2008-07-29 00:00:00+09:00,325.8337097167969,342.61484498118125,325.8337097167969,325.8337097167969,0,0.0,0.0
2008-07-30 00:00:00+09:00,325.8337097167969,342.61484498118125,325.8337097167969,325.8337097167969,0,0.0,0.0
2008-07-31 00:00:00+09:00,325.8337097167969,342.61484498118125,325.8337097167969,325.8337097167969,0,0.0,0.0
2008-08-01 00:00:00+09:00,325.8337097167969,342.61484498118125,325.8337097167969,325.8337097167969,0,0.0,0.0
2008-08-04 00:00:00+09:00,318.1423034667969,342.61478834885816,318.1423034667969,318.1423034667969,0,0.0,0.0
2008-08-05 00:00:00+09:00,321.6383972167969,342.61481442658794,321.6383972167969,321.6383972167969,0,0.0,0.0
2008-08-06 00:00:00+09:00,318.1423034667969,342.61478834885816,318.1423034667969,318.1423034667969,0,0.0,0.0
2008-08-07 00:00:00+09:00,318.1423034667969,342.61478834885816,318.1423034667969,318.1423034667969,0,0.0,0.0
2008-08-08 00:00:00+09:00,318.1423034667969,376.17705332997076,318.1423034667969,318.1423034667969,0,0.0,0.0
2008-08-11 00:00:00+09:00,318.1423034667969,342.61478834885816,318.1423034667969,318.1423034667969,0,0.0,0.0
2008-08-12 00:00:00+09:00,318.1423034667969,376.17705332997076,318.1423034667969,318.1423034667969,0,0.0,0.0
2008-08-13 00:00:00+09:00,318.1423034667969,346.11085761772404,318.1423034667969,318.1423034667969,0,0.0,0.0
2008-08-14 00:00:00+09:00,318.1423034667969,346.11085761772404,318.1423034667969,318.1423034667969,0,0.0,0.0
2008-08-15 00:00:00+09:00,318.1423034667969,346.11085761772404,318.1423034667969,318.1423034667969,0,0.0,0.0
2008-08-18 00:00:00+09:00,318.1423034667969,349.60692688659,318.1423034667969,318.1423034667969,0,0.0,0.0
2008-08-19 00:00:00+09:00,318.1423034667969,342.61478834885816,318.1423034667969,318.1423034667969,0,0.0,0.0
2008-08-20 00:00:00+09:00,318.1423034667969,342.61478834885816,318.1423034667969,318.1423034667969,0,0.0,0.0
2008-08-21 00:00:00+09:00,318.1423034667969,342.61478834885816,318.1423034667969,318.1423034667969,0,0.0,0.0
2008-08-22 00:00:00+09:00,321.6383972167969,321.6383972167969,321.6383972167969,321.6383972167969,1000,0.0,0.0
2008-08-25 00:00:00+09:00,314.646240234375,314.646240234375,314.646240234375,314.646240234375,1000,0.0,0.0
2008-08-26 00:00:00+09:00,314.646240234375,314.646240234375,314.646240234375,314.646240234375,2500,0.0,0.0
2008-08-27 00:00:00+09:00,292.27142333984375,314.6462691457648,292.27142333984375,292.27142333984375,0,0.0,0.0
2008-08-28 00:00:00+09:00,292.27142333984375,314.6462691457648,292.27142333984375,292.27142333984375,0,0.0,0.0
2008-08-29 00:00:00+09:00,292.27142333984375,314.6462691457648,292.27142333984375,292.27142333984375,0,0.0,0.0
2008-09-01 00:00:00+09:00,314.646240234375,314.646240234375,314.646240234375,314.646240234375,1000,0.0,0.0
2008-09-02 00:00:00+09:00,293.6698303222656,314.64624677385603,293.6698303222656,293.6698303222656,0,0.0,0.0
2008-09-03 00:00:00+09:00,293.6698303222656,314.64624677385603,293.6698303222656,293.6698303222656,0,0.0,0.0
2008-09-04 00:00:00+09:00,314.646240234375,314.646240234375,314.646240234375,314.646240234375,500,0.0,0.0
2008-09-05 00:00:00+09:00,293.6698303222656,314.64624677385603,293.6698303222656,293.6698303222656,0,0.0,0.0
2008-09-08 00:00:00+09:00,314.646240234375,314.646240234375,314.646240234375,314.646240234375,1000,0.0,0.0
2008-09-09 00:00:00+09:00,304.1580505371094,314.6462591763201,304.1580505371094,304.1580505371094,0,0.0,0.0
2008-09-10 00:00:00+09:00,304.1580505371094,314.6462591763201,304.1580505371094,304.1580505371094,0,0.0,0.0
2008-09-11 00:00:00+09:00,304.1580505371094,314.6462591763201,304.1580505371094,304.1580505371094,0,0.0,0.0
2008-09-12 00:00:00+09:00,304.1580505371094,314.6462591763201,304.1580505371094,304.1580505371094,0,0.0,0.0
2008-09-16 00:00:00+09:00,301.3611755371094,314.646238959859,301.3611755371094,301.3611755371094,0,0.0,0.0
2008-09-17 00:00:00+09:00,301.3611755371094,314.646238959859,301.3611755371094,301.3611755371094,0,0.0,0.0
2008-09-18 00:00:00+09:00,292.27142333984375,314.6462691457648,292.27142333984375,292.27142333984375,0,0.0,0.0
2008-09-19 00:00:00+09:00,285.9784851074219,285.9784851074219,285.9784851074219,285.9784851074219,500,0.0,0.0
2008-09-22 00:00:00+09:00,287.3769129074582,289.47455460751263,285.9784851074219,285.9784851074219,7500,0.0,0.0
2008-09-24 00:00:00+09:00,279.68560112847223,285.97852715386284,279.68560112847223,283.1816711425781,4500,0.0,0.0
2008-09-25 00:00:00+09:00,275.9576331380208,278.12483968098957,268.0112091471354,270.90081787109375,3500,13.0,0.0
2008-09-26 00:00:00+09:00,265.8439662388393,265.8439662388393,252.84072875976562,252.84072875976562,7500,0.0,0.0
2008-09-29 00:00:00+09:00,253.56313084193638,253.56313084193638,252.84072875976562,252.84072875976562,7000,0.0,0.0
2008-09-30 00:00:00+09:00,252.84072875976562,252.84072875976562,252.84072875976562,252.84072875976562,2500,0.0,0.0
2008-10-01 00:00:00+09:00,252.84072875976562,252.84072875976562,252.84072875976562,252.84072875976562,3500,0.0,0.0
2008-10-02 00:00:00+09:00,252.84073549158433,252.84073549158433,245.61671447753906,245.61671447753906,3500,0.0,0.0
2008-10-03 00:00:00+09:00,242.0046333544182,242.0046333544182,238.39262390136716,238.3926239013672,2000,0.0,0.0
2008-10-06 00:00:00+09:00,238.39272750051398,238.39272750051398,205.88462829589844,205.88462829589844,16000,0.0,0.0
2008-10-07 00:00:00+09:00,205.88463253445096,205.88463253445096,193.60379480432582,195.04859924316406,16000,0.0,0.0
2008-10-08 00:00:00+09:00,191.43654497931985,195.04855526194854,184.2125244140625,184.2125244140625,11000,0.0,0.0
2008-10-09 00:00:00+09:00,188.54697189331054,202.27261352539062,188.54697189331054,202.27261352539062,15000,0.0,0.0
2008-10-10 00:00:00+09:00,205.8846060542737,213.10862731933594,198.66058478921147,213.10862731933594,7500,0.0,0.0
2008-10-14 00:00:00+09:00,234.78070068359372,234.78070068359372,234.78070068359372,234.78070068359375,3500,0.0,0.0
2008-10-15 00:00:00+09:00,223.9446563720703,252.84074106524068,223.9446563720703,223.9446563720703,0,0.0,0.0
2008-10-16 00:00:00+09:00,234.78067670549666,234.78067670549666,227.55665588378906,227.55665588378906,1000,0.0,0.0
2008-10-17 00:00:00+09:00,238.39271146334133,238.39271146334133,234.78070068359372,234.78070068359375,4000,0.0,0.0
2008-10-20 00:00:00+09:00,238.39262390136716,238.39262390136716,238.39262390136716,238.3926239013672,500,0.0,0.0
2008-10-21 00:00:00+09:00,245.61671447753906,263.67676701265225,245.61671447753906,245.61671447753906,0,0.0,0.0
2008-10-22 00:00:00+09:00,231.16867065429688,263.6767649650574,231.16867065429688,231.16867065429688,0,0.0,0.0
2008-10-23 00:00:00+09:00,245.61671447753906,245.61671447753906,245.61671447753906,245.61671447753906,500,0.0,0.0
2008-10-24 00:00:00+09:00,234.78070068359372,252.8407545823317,234.78070068359372,234.78070068359375,0,0.0,0.0
2008-10-27 00:00:00+09:00,231.16867065429688,259.3423523902893,231.16867065429688,231.16867065429688,0,0.0,0.0
2008-10-28 00:00:00+09:00,256.45273917061945,256.45273917061945,227.55665588378906,252.84072875976562,3000,0.0,0.0
2008-10-29 00:00:00+09:00,260.0647888183594,260.0647888183594,260.0647888183594,260.0647888183594,500,0.0,0.0
2008-10-30 00:00:00+09:00,259.34238662719724,260.0647888183594,259.34238662719724,260.0647888183594,2000,0.0,0.0
2008-10-31 00:00:00+09:00,241.28231811523438,262.95438261660274,241.28231811523438,241.28231811523438,0,0.0,0.0
2008-11-04 00:00:00+09:00,238.39262390136716,256.4526711666223,238.39262390136716,238.3926239013672,0,0.0,0.0
2008-11-05 00:00:00+09:00,238.39262390136716,256.4526711666223,238.39262390136716,238.3926239013672,0,0.0,0.0
2008-11-06 00:00:00+09:00,238.39262390136716,256.4526711666223,238.39262390136716,238.3926239013672,0,0.0,0.0
2008-11-07 00:00:00+09:00,223.9446563720703,223.9446563720703,223.9446563720703,223.9446563720703,2000,0.0,0.0
2008-11-10 00:00:00+09:00,223.9446563720703,263.67677282517957,223.9446563720703,223.9446563720703,0,0.0,0.0
2008-11-11 00:00:00+09:00,245.61671447753906,256.452745998607,245.61671447753906,245.61671447753906,0,0.0,0.0
2008-11-12 00:00:00+09:00,263.6767883300781,263.6767883300781,263.6767883300781,263.6767883300781,1500,0.0,0.0
2008-11-13 00:00:00+09:00,245.61671447753906,270.9007880266975,245.61671447753906,245.61671447753906,0,0.0,0.0
2008-11-14 00:00:00+09:00,241.28231811523438,259.34237186637466,241.28231811523438,241.28231811523438,0,0.0,0.0
2008-11-17 00:00:00+09:00,246.3391571044922,246.3391571044922,246.3391571044922,246.3391571044922,500,0.0,0.0
2008-11-18 00:00:00+09:00,235.50311279296875,259.3423849468582,235.50311279296875,235.50311279296875,0,0.0,0.0
2008-11-19 00:00:00+09:00,235.50311279296875,259.3423849468582,235.50311279296875,235.50311279296875,0,0.0,0.0
2008-11-20 00:00:00+09:00,235.50311279296875,256.45277620093225,235.50311279296875,235.50311279296875,0,0.0,0.0
2008-11-21 00:00:00+09:00,235.50311279296875,259.3423849468582,235.50311279296875,235.50311279296875,0,0.0,0.0
2008-11-25 00:00:00+09:00,246.3391571044922,246.3391571044922,246.3391571044922,246.3391571044922,500,0.0,0.0
2008-11-26 00:00:00+09:00,258.6199645996094,258.6199645996094,258.6199645996094,258.6199645996094,500,0.0,0.0
2008-11-27 00:00:00+09:00,258.6199645996094,258.6199645996094,258.6199645996094,258.6199645996094,1000,0.0,0.0
2008-11-28 00:00:00+09:00,258.6199645996094,258.6199645996094,258.6199645996094,258.6199645996094,500,0.0,0.0
2008-12-01 00:00:00+09:00,257.89752197265625,257.89752197265625,257.89752197265625,257.89752197265625,1000,0.0,0.0
2008-12-02 00:00:00+09:00,252.84072875976562,256.45273917061945,252.84072875976562,252.84072875976562,0,0.0,0.0
2008-12-03 00:00:00+09:00,256.4527587890625,256.4527587890625,256.4527587890625,256.4527587890625,500,0.0,0.0
2008-12-04 00:00:00+09:00,253.56314086914062,258.6199556443087,253.56314086914062,253.56314086914062,0,0.0,0.0
2008-12-05 00:00:00+09:00,256.4527587890625,256.4527587890625,256.4527587890625,256.4527587890625,500,0.0,0.0
2008-12-08 00:00:00+09:00,258.6199645996094,258.6199645996094,258.6199645996094,258.6199645996094,1500,0.0,0.0
2008-12-09 00:00:00+09:00,256.4528055624528,256.4528055624528,254.28559875488278,254.2855987548828,2000,0.0,0.0
2008-12-10 00:00:00+09:00,255.00794509061723,255.00794509061723,253.56314086914062,253.56314086914062,1500,0.0,0.0
2008-12-11 00:00:00+09:00,252.84072875976562,258.6199454171317,252.84072875976562,252.84072875976562,0,0.0,0.0
2008-12-12 00:00:00+09:00,252.84072875976562,252.84072875976562,252.84072875976562,252.84072875976562,500,0.0,0.0
2008-12-15 00:00:00+09:00,252.84072875976562,258.6199454171317,252.84072875976562,252.84072875976562,0,0.0,0.0
2008-12-16 00:00:00+09:00,252.84072875976562,258.6199454171317,252.84072875976562,252.84072875976562,0,0.0,0.0
2008-12-17 00:00:00+09:00,252.84073549158433,252.84073549158433,245.61671447753906,245.61671447753906,1000,0.0,0.0
2008-12-18 00:00:00+09:00,245.61671447753906,263.67676701265225,245.61671447753906,245.61671447753906,0,0.0,0.0
2008-12-19 00:00:00+09:00,245.61664280746922,245.61664280746922,238.39262390136716,238.3926239013672,1000,0.0,0.0
2008-12-22 00:00:00+09:00,239.11512756347656,259.3423891096317,239.11512756347656,239.11512756347656,0,0.0,0.0
2008-12-24 00:00:00+09:00,242.0047149658203,252.84074697921525,242.0047149658203,242.0047149658203,0,0.0,0.0
2008-12-25 00:00:00+09:00,242.72712707519534,251.39595304216658,242.72712707519534,242.7271270751953,0,0.0,0.0
2008-12-26 00:00:00+09:00,263.6767440795898,288.9608154296875,263.6767440795898,288.9608154296875,3500,0.0,0.0
2008-12-29 00:00:00+09:00,257.17510986328125,287.51599361119645,257.17510986328125,257.17510986328125,0,0.0,0.0
2008-12-30 00:00:00+09:00,267.288818359375,287.51608028927365,267.288818359375,267.288818359375,0,0.0,0.0
2009-01-05 00:00:00+09:00,265.1216125488281,285.34887454165425,265.1216125488281,265.1216125488281,0,0.0,0.0
2009-01-06 00:00:00+09:00,259.34234619140625,284.626418939872,259.34234619140625,259.34234619140625,0,0.0,0.0
2009-01-07 00:00:00+09:00,256.4527587890625,256.4527587890625,256.4527587890625,256.4527587890625,2000,0.0,0.0
2009-01-08 00:00:00+09:00,256.4527587890625,256.4527587890625,256.4527587890625,256.4527587890625,500,0.0,0.0
2009-01-09 00:00:00+09:00,240.5598295731978,245.61664280746922,234.78061444831616,238.3926239013672,7500,0.0,0.0
2009-01-13 00:00:00+09:00,235.50311279296875,235.50311279296875,235.50311279296875,235.50311279296875,2000,0.0,0.0
2009-01-14 00:00:00+09:00,242.72713465778375,242.72713465778375,235.50311279296875,235.50311279296875,2000,0.0,0.0
2009-01-15 00:00:00+09:00,234.78070068359372,234.78070068359372,234.78070068359372,234.78070068359375,2000,0.0,0.0
2009-01-16 00:00:00+09:00,234.78070068359372,234.78070068359372,234.78070068359372,234.78070068359375,0,0.0,0.0
2009-01-19 00:00:00+09:00,238.39262390136716,244.894240916859,238.39262390136716,238.3926239013672,0,0.0,0.0
2009-01-20 00:00:00+09:00,238.39262390136716,248.50625036991002,238.39262390136716,238.3926239013672,0,0.0,0.0
2009-01-21 00:00:00+09:00,238.39271146334133,238.39271146334133,234.78070068359372,234.78070068359375,2000,0.0,0.0
2009-01-22 00:00:00+09:00,234.78070068359372,247.06153733473556,234.78070068359372,234.78070068359375,0,0.0,0.0
2009-01-23 00:00:00+09:00,234.78070068359372,241.2823200871394,234.78070068359372,234.78070068359375,0,0.0,0.0
2009-01-26 00:00:00+09:00,249.2286834716797,249.2286834716797,249.2286834716797,249.2286834716797,500,0.0,0.0
2009-01-27 00:00:00+09:00,234.78070068359372,248.5063416466346,234.78070068359372,234.78070068359375,0,0.0,0.0
2009-01-28 00:00:00+09:00,245.61675550038942,245.61675550038942,231.89111328125,231.89111328125,4000,0.0,0.0
2009-01-29 00:00:00+09:00,231.16867065429688,245.61671257019043,231.16867065429688,231.16867065429688,0,0.0,0.0
2009-01-30 00:00:00+09:00,231.16867065429688,242.00470209121704,231.16867065429688,231.16867065429688,0,0.0,0.0
2009-02-02 00:00:00+09:00,239.11509370803833,239.11509370803833,231.16867065429688,231.16867065429688,2000,0.0,0.0
2009-02-03 00:00:00+09:00,233.33589172363284,245.61672813013982,233.33589172363284,233.3358917236328,0,0.0,0.0
2009-02-04 00:00:00+09:00,233.33589172363284,243.4495217054621,233.33589172363284,233.3358917236328,0,0.0,0.0
2009-02-05 00:00:00+09:00,233.33589172363284,248.50633669637676,233.33589172363284,233.3358917236328,0,0.0,0.0
2009-02-06 00:00:00+09:00,233.33589172363284,242.72711956390287,233.33589172363284,233.3358917236328,0,0.0,0.0
2009-02-09 00:00:00+09:00,233.3358769416809,233.3358769416809,231.16867065429688,231.16867065429688,1500,0.0,0.0
2009-02-10 00:00:00+09:00,231.89107275009155,231.89107275009155,231.16867065429688,231.16867065429688,1500,0.0,0.0
2009-02-12 00:00:00+09:00,231.16867065429688,231.16867065429688,231.16867065429688,231.16867065429688,500,0.0,0.0
2009-02-13 00:00:00+09:00,231.16867065429688,236.22548532485962,231.16867065429688,231.16867065429688,0,0.0,0.0
2009-02-16 00:00:00+09:00,227.55665588378906,227.55665588378906,227.55665588378906,227.55665588378906,1000,0.0,0.0
2009-02-17 00:00:00+09:00,227.55665588378906,242.00469752720426,227.55665588378906,227.55665588378906,0,0.0,0.0
2009-02-18 00:00:00+09:00,242.0047566860537,242.0047566860537,228.27911376953125,228.27911376953125,1500,0.0,0.0
2009-02-19 00:00:00+09:00,243.4495391845703,243.4495391845703,243.4495391845703,243.4495391845703,1000,0.0,0.0
2009-02-20 00:00:00+09:00,228.27911376953125,242.0047566860537,228.27911376953125,228.27911376953125,0,0.0,0.0
2009-02-23 00:00:00+09:00,242.0047149658203,242.0047149658203,242.0047149658203,242.0047149658203,3000,0.0,0.0
2009-02-24 00:00:00+09:00,227.55665588378906,248.5063162667411,227.55665588378906,227.55665588378906,0,0.0,0.0
2009-02-25 00:00:00+09:00,228.27911376953125,244.89436572111106,228.27911376953125,228.27911376953125,0,0.0,0.0
2009-02-26 00:00:00+09:00,245.61671447753906,245.61671447753906,245.61671447753906,245.61671447753906,2000,0.0,0.0
2009-02-27 00:00:00+09:00,232.61348779517482,239.8375091552734,232.61348779517482,239.83750915527344,1500,0.0,0.0
2009-03-02 00:00:00+09:00,231.89111328125,245.61675550038942,231.89111328125,231.89111328125,0,0.0,0.0
2009-03-03 00:00:00+09:00,227.55665588378906,244.8943058558873,227.55665588378906,227.55665588378906,0,0.0,0.0
2009-03-04 00:00:00+09:00,227.55665588378906,237.6702850341797,227.55665588378906,227.55665588378906,0,0.0,0.0
2009-03-05 00:00:00+09:00,227.55665588378906,244.8943058558873,227.55665588378906,227.55665588378906,0,0.0,0.0
2009-03-06 00:00:00+09:00,227.55665588378906,227.55665588378906,227.55665588378906,227.55665588378906,1000,0.0,0.0
2009-03-09 00:00:00+09:00,223.9446563720703,251.39593683058214,223.9446563720703,223.9446563720703,0,0.0,0.0
2009-03-10 00:00:00+09:00,224.6670837402344,251.39596508553558,224.6670837402344,224.66708374023438,0,0.0,0.0
2009-03-11 00:00:00+09:00,227.55665588378906,251.3959245954241,227.55665588378906,227.55665588378906,0,0.0,0.0
2009-03-12 00:00:00+09:00,227.55665588378906,227.55665588378906,227.55665588378906,227.55665588378906,500,0.0,0.0
2009-03-13 00:00:00+09:00,227.55665588378906,251.3959245954241,227.55665588378906,227.55665588378906,0,0.0,0.0
2009-03-16 00:00:00+09:00,229.0015106201172,244.89435993760165,229.0015106201172,229.0015106201172,0,0.0,0.0
2009-03-17 00:00:00+09:00,229.72389221191406,244.89433792402158,229.72389221191406,229.72389221191406,0,0.0,0.0
2009-03-18 00:00:00+09:00,231.89111328125,244.89435327832945,231.89111328125,231.89111328125,0,0.0,0.0
2009-03-19 00:00:00+09:00,231.89111328125,244.89435327832945,231.89111328125,231.89111328125,0,0.0,0.0
2009-03-23 00:00:00+09:00,231.89111328125,231.89111328125,231.89111328125,231.89111328125,1000,0.0,0.0
2009-03-24 00:00:00+09:00,231.16867065429688,244.89431047439575,231.16867065429688,231.16867065429688,0,0.0,0.0
2009-03-25 00:00:00+09:00,232.61347484588623,232.61347484588623,231.16867065429688,231.16867065429688,1000,0.0,0.0
2009-03-26 00:00:00+09:00,245.61671447753906,245.61671447753906,245.61671447753906,245.61671447753906,2500,0.0,0.0
2009-03-27 00:00:00+09:00,239.11512756347656,239.11512756347656,239.11512756347656,239.11512756347656,500,0.0,0.0
2009-03-30 00:00:00+09:00,239.11512756347656,239.11512756347656,239.11512756347656,239.11512756347656,2000,0.0,0.0
2009-03-31 00:00:00+09:00,231.89111328125,231.89111328125,231.89111328125,231.89111328125,5000,0.0,0.0
2009-04-01 00:00:00+09:00,231.16867065429688,244.89431047439575,231.16867065429688,231.16867065429688,0,0.0,0.0
2009-04-02 00:00:00+09:00,231.89111328125,244.89435327832945,231.89111328125,231.89111328125,0,0.0,0.0
2009-04-03 00:00:00+09:00,231.89111328125,231.89111328125,231.89111328125,231.89111328125,5000,0.0,0.0
2009-04-06 00:00:00+09:00,231.89111328125,231.89111328125,231.89111328125,231.89111328125,2000,0.0,0.0
2009-04-07 00:00:00+09:00,231.89111328125,231.89111328125,231.89111328125,231.89111328125,500,0.0,0.0
2009-04-08 00:00:00+09:00,231.89111328125,231.89111328125,231.89111328125,231.89111328125,1500,0.0,0.0
2009-04-09 00:00:00+09:00,231.89111328125,237.67033105772975,231.89111328125,231.89111328125,0,0.0,0.0
2009-04-10 00:00:00+09:00,237.67027282714847,237.67027282714847,237.67027282714847,237.67027282714844,2000,0.0,0.0
2009-04-13 00:00:00+09:00,242.0047149658203,242.0047149658203,242.0047149658203,242.0047149658203,500,0.0,0.0
2009-04-14 00:00:00+09:00,234.78070068359372,234.78070068359372,234.78070068359372,234.78070068359375,1000,0.0,0.0
2009-04-15 00:00:00+09:00,232.61347961425784,259.3423577065794,232.61347961425784,232.6134796142578,0,0.0,0.0
2009-04-16 00:00:00+09:00,234.78070068359372,259.3423739858774,234.78070068359372,234.78070068359375,0,0.0,0.0
2009-04-17 00:00:00+09:00,234.78070068359372,259.3423739858774,234.78070068359372,234.78070068359375,0,0.0,0.0
2009-04-20 00:00:00+09:00,234.78070068359372,276.68002572866584,234.78070068359372,234.78070068359375,0,0.0,0.0
2009-04-21 00:00:00+09:00,234.78070068359372,243.44952655498795,234.78070068359372,234.78070068359375,0,0.0,0.0
2009-04-22 00:00:00+09:00,234.78070068359372,243.44952655498795,234.78070068359372,234.78070068359375,0,0.0,0.0
2009-04-23 00:00:00+09:00,238.39262390136716,244.894240916859,238.39262390136716,238.3926239013672,0,0.0,0.0
2009-04-24 00:00:00+09:00,242.0047149658203,259.3423661872522,242.0047149658203,242.0047149658203,0,0.0,0.0
2009-04-27 00:00:00+09:00,242.72712707519534,242.72712707519534,242.72712707519534,242.7271270751953,1000,0.0,0.0
2009-04-28 00:00:00+09:00,242.0047149658203,242.0047149658203,242.0047149658203,242.0047149658203,500,0.0,0.0
2009-04-30 00:00:00+09:00,262.954345703125,262.954345703125,262.954345703125,262.954345703125,500,0.0,0.0
2009-05-01 00:00:00+09:00,262.954345703125,262.954345703125,262.954345703125,262.954345703125,5000,0.0,0.0
2009-05-07 00:00:00+09:00,262.954345703125,262.954345703125,262.954345703125,262.954345703125,4000,0.0,0.0
2009-05-08 00:00:00+09:00,263.67680730046453,267.288818359375,263.67680730046453,267.288818359375,3000,0.0,0.0
2009-05-11 00:00:00+09:00,267.288818359375,267.288818359375,267.288818359375,267.288818359375,1000,0.0,0.0
2009-05-12 00:00:00+09:00,249.2286834716797,286.79358648770096,249.2286834716797,249.2286834716797,0,0.0,0.0
2009-05-13 00:00:00+09:00,252.84072875976562,286.7936266217913,252.84072875976562,252.84072875976562,0,0.0,0.0
2009-05-14 00:00:00+09:00,249.2286834716797,286.79358648770096,249.2286834716797,249.2286834716797,0,0.0,0.0
2009-05-15 00:00:00+09:00,252.84072875976562,267.2887704031808,252.84072875976562,252.84072875976562,0,0.0,0.0
2009-05-18 00:00:00+09:00,249.2286834716797,267.288732998613,249.2286834716797,249.2286834716797,0,0.0,0.0
2009-05-19 00:00:00+09:00,252.84072875976562,263.67675999232705,252.84072875976562,252.84072875976562,0,0.0,0.0
2009-05-20 00:00:00+09:00,247.78392028808594,247.78392028808594,247.78392028808594,247.78392028808594,1500,0.0,0.0
2009-05-21 00:00:00+09:00,247.78392028808594,247.78392028808594,247.78392028808594,247.78392028808594,2000,0.0,0.0
2009-05-22 00:00:00+09:00,247.78392028808594,247.78392028808594,247.78392028808594,247.78392028808594,2000,0.0,0.0
2009-05-25 00:00:00+09:00,247.7839296984054,250.67353820800778,247.7839296984054,250.6735382080078,2000,0.0,0.0
2009-05-26 00:00:00+09:00,250.67353294635643,251.39593505859378,250.67353294635643,251.39593505859375,3500,0.0,0.0
2009-05-27 00:00:00+09:00,252.1183624267578,286.07126510314066,252.1183624267578,252.1183624267578,0,0.0,0.0
2009-05-28 00:00:00+09:00,252.1183624267578,286.07126510314066,252.1183624267578,252.1183624267578,0,0.0,0.0
2009-05-29 00:00:00+09:00,252.1183624267578,286.07126510314066,252.1183624267578,252.1183624267578,0,0.0,0.0
2009-06-01 00:00:00+09:00,254.28559875488278,254.28559875488278,254.28559875488278,254.2855987548828,1000,0.0,0.0
2009-06-02 00:00:00+09:00,253.56314086914062,284.6264316308872,253.56314086914062,253.56314086914062,0,0.0,0.0
2009-06-03 00:00:00+09:00,254.28559875488278,283.9040917916731,254.28559875488278,254.2855987548828,0,0.0,0.0
2009-06-04 00:00:00+09:00,272.34564208984375,272.34564208984375,272.34564208984375,272.34564208984375,500,0.0,0.0
2009-06-05 00:00:00+09:00,275.9576110839844,275.9576110839844,275.9576110839844,275.9576110839844,1000,0.0,0.0
2009-06-08 00:00:00+09:00,267.288818359375,283.1816670185811,267.288818359375,267.288818359375,0,0.0,0.0
2009-06-09 00:00:00+09:00,275.9576110839844,275.9576110839844,275.9576110839844,275.9576110839844,500,0.0,0.0
2009-06-10 00:00:00+09:00,267.288818359375,281.73686259501693,267.288818359375,267.288818359375,0,0.0,0.0
2009-06-11 00:00:00+09:00,268.7336227829392,268.7336227829392,267.288818359375,267.288818359375,1500,0.0,0.0
2009-06-12 00:00:00+09:00,260.0647888183594,260.0647888183594,259.34238662719724,260.0647888183594,9500,0.0,0.0
2009-06-15 00:00:00+09:00,261.5095932006836,261.5095932006836,259.34238662719724,260.0647888183594,3000,0.0,0.0
2009-06-16 00:00:00+09:00,260.0647888183594,260.0647888183594,260.0647888183594,260.0647888183594,1500,0.0,0.0
2009-06-17 00:00:00+09:00,260.06474826993383,260.06474826993383,259.34234619140625,259.34234619140625,3000,0.0,0.0
2009-06-18 00:00:00+09:00,260.0647888183594,260.0647888183594,260.0647888183594,260.0647888183594,500,0.0,0.0
2009-06-19 00:00:00+09:00,260.0647888183594,260.0647888183594,260.0647888183594,260.0647888183594,1500,0.0,0.0
2009-06-22 00:00:00+09:00,260.0647888183594,262.9543975830078,260.0647888183594,260.0647888183594,5000,0.0,0.0
2009-06-23 00:00:00+09:00,260.0647888183594,260.0647888183594,260.0647888183594,260.0647888183594,1000,0.0,0.0
2009-06-24 00:00:00+09:00,257.17516092649646,257.17516092649646,256.4527587890625,256.4527587890625,2000,0.0,0.0
2009-06-25 00:00:00+09:00,257.1751800537109,260.0647888183594,256.4527778625488,260.0647888183594,3500,0.0,0.0
2009-06-26 00:00:00+09:00,248.50633239746094,260.0647664624591,248.50633239746094,248.50633239746094,0,0.0,0.0
2009-06-29 00:00:00+09:00,255.73039245605472,255.73039245605472,255.73039245605472,255.7303924560547,500,0.0,0.0
2009-06-30 00:00:00+09:00,254.28554942996,257.89756007527194,248.50633239746094,248.50633239746094,9500,0.0,0.0
2009-07-01 00:00:00+09:00,256.45273917061945,256.45273917061945,252.84072875976562,252.84072875976562,1500,0.0,0.0
2009-07-02 00:00:00+09:00,252.84072875976562,253.56313084193638,252.84072875976562,252.84072875976562,2500,0.0,0.0
2009-07-03 00:00:00+09:00,252.84072875976562,252.84072875976562,252.84072875976562,252.84072875976562,500,0.0,0.0
2009-07-06 00:00:00+09:00,256.45273917061945,256.45273917061945,252.84072875976562,252.84072875976562,4500,0.0,0.0
2009-07-07 00:00:00+09:00,253.56313084193638,253.56313084193638,252.84072875976562,252.84072875976562,4500,0.0,0.0
2009-07-08 00:00:00+09:00,253.56313084193638,253.56313084193638,252.84072875976562,252.84072875976562,7500,0.0,0.0
2009-07-09 00:00:00+09:00,251.3959245954241,252.84072875976562,251.3959245954241,252.84072875976562,1000,0.0,0.0
2009-07-10 00:00:00+09:00,255.73033708844866,255.73033708844866,252.84072875976562,252.84072875976562,2500,0.0,0.0
2009-07-13 00:00:00+09:00,249.2287363080836,249.2287363080836,242.0047149658203,242.0047149658203,4000,0.0,0.0
2009-07-14 00:00:00+09:00,252.84072875976562,252.84072875976562,252.84072875976562,252.84072875976562,500,0.0,0.0
2009-07-15 00:00:00+09:00,252.84072875976562,252.84072875976562,252.84072875976562,252.84072875976562,2000,0.0,0.0
2009-07-16 00:00:00+09:00,252.84072875976562,252.84072875976562,252.84072875976562,252.84072875976562,4000,0.0,0.0
2009-07-17 00:00:00+09:00,252.84072875976562,252.84072875976562,252.84072875976562,252.84072875976562,10500,0.0,0.0
2009-07-21 00:00:00+09:00,254.2855712890625,260.0647888183594,252.84076690673828,260.0647888183594,17500,0.0,0.0
2009-07-22 00:00:00+09:00,260.0647888183594,260.0647888183594,260.0647888183594,260.0647888183594,500,0.0,0.0
2009-07-23 00:00:00+09:00,257.89752197265625,265.84394421831234,257.89752197265625,257.89752197265625,0,0.0,0.0
2009-07-24 00:00:00+09:00,263.6767371366341,266.56634521484375,263.6767371366341,266.56634521484375,1500,0.0,0.0
2009-07-27 00:00:00+09:00,262.95440508868245,267.288818359375,262.95440508868245,267.288818359375,1000,0.0,0.0
2009-07-28 00:00:00+09:00,265.8439636230469,273.7903864487358,265.8439636230469,265.8439636230469,0,0.0,0.0
2009-07-29 00:00:00+09:00,268.0111389160156,270.90074688276513,268.0111389160156,268.0111389160156,0,0.0,0.0
2009-07-30 00:00:00+09:00,270.90081787109375,270.90081787109375,270.90081787109375,270.90081787109375,500,0.0,0.0
2009-07-31 00:00:00+09:00,273.7904036217129,280.2920227050781,273.7904036217129,280.2920227050781,3000,0.0,0.0
2009-08-03 00:00:00+09:00,281.7368059742208,283.1816101074219,281.7368059742208,283.1816101074219,1000,0.0,0.0
2009-08-04 00:00:00+09:00,278.12481689453125,286.79364235617896,278.12481689453125,278.12481689453125,0,0.0,0.0
2009-08-05 00:00:00+09:00,278.12481689453125,278.12481689453125,278.12481689453125,278.12481689453125,500,0.0,0.0
2009-08-06 00:00:00+09:00,283.9039912403078,288.2384033203125,283.9039912403078,288.2384033203125,3000,0.0,0.0
2009-08-07 00:00:00+09:00,278.12481689453125,278.12481689453125,278.12481689453125,278.12481689453125,1000,0.0,0.0
2009-08-10 00:00:00+09:00,288.2384133911133,288.9608154296875,288.2384133911133,288.9608154296875,2000,0.0,0.0
2009-08-11 00:00:00+09:00,288.9608154296875,288.9608154296875,288.9608154296875,288.9608154296875,500,0.0,0.0
2009-08-12 00:00:00+09:00,278.12481689453125,288.9608487215909,278.12481689453125,278.12481689453125,0,0.0,0.0
2009-08-13 00:00:00+09:00,278.8471984863281,288.96082744697213,278.8471984863281,278.8471984863281,0,0.0,0.0
2009-08-14 00:00:00+09:00,278.8471984863281,288.96082744697213,278.8471984863281,278.8471984863281,0,0.0,0.0
2009-08-17 00:00:00+09:00,274.5127868652344,274.5127868652344,274.5127868652344,274.5127868652344,1000,0.0,0.0
2009-08-18 00:00:00+09:00,270.90079567649144,278.12481689453125,270.90079567649144,278.12481689453125,4500,0.0,0.0
2009-08-19 00:00:00+09:00,278.8471984863281,285.348817103885,278.8471984863281,278.8471984863281,0,0.0,0.0
2009-08-20 00:00:00+09:00,280.292002623563,280.292002623563,278.8471984863281,278.8471984863281,1000,0.0,0.0
2009-08-21 00:00:00+09:00,281.73680676079783,281.73680676079783,278.8471984863281,278.8471984863281,1500,0.0,0.0
2009-08-24 00:00:00+09:00,278.8471984863281,285.348817103885,278.8471984863281,278.8471984863281,0,0.0,0.0
2009-08-25 00:00:00+09:00,281.73687744140625,281.73687744140625,281.73687744140625,281.73687744140625,1000,0.0,0.0
2009-08-26 00:00:00+09:00,281.73678520030546,288.2384033203125,281.73678520030546,288.2384033203125,3000,0.0,0.0
2009-08-27 00:00:00+09:00,288.238459777832,303.4089050292969,288.238459777832,303.4089050292969,6000,0.0,0.0
2009-08-28 00:00:00+09:00,302.6865234375,302.6865234375,302.6865234375,302.6865234375,500,0.0,0.0
2009-08-31 00:00:00+09:00,301.2416687011719,301.2416687011719,301.2416687011719,301.2416687011719,500,0.0,0.0
2009-09-02 00:00:00+09:00,288.9608154296875,301.2416500854492,288.9608154296875,288.9608154296875,0,0.0,0.0
2009-09-03 00:00:00+09:00,299.79688677213704,301.2416910457377,294.0176696777344,294.0176696777344,3000,0.0,0.0
2009-09-04 00:00:00+09:00,294.0176696777344,301.2416910457377,294.0176696777344,294.0176696777344,0,0.0,0.0
2009-09-07 00:00:00+09:00,296.90728759765625,300.5192983956813,296.90728759765625,296.90728759765625,0,0.0,0.0
2009-09-08 00:00:00+09:00,299.0745140241942,299.0745140241942,298.35211181640625,298.35211181640625,1500,0.0,0.0
2009-09-09 00:00:00+09:00,301.9640808105469,301.9640808105469,301.9640808105469,301.9640808105469,1500,0.0,0.0
2009-09-10 00:00:00+09:00,304.1312966007757,304.85369873046875,304.1312966007757,304.85369873046875,4000,0.0,0.0
2009-09-11 00:00:00+09:00,306.29853285845587,307.02093505859375,306.29853285845587,307.02093505859375,4500,0.0,0.0
2009-09-14 00:00:00+09:00,307.7433372587316,307.7433372587316,307.02093505859375,307.02093505859375,1000,0.0,0.0
2009-09-15 00:00:00+09:00,310.63292334545616,314.24493408203125,310.63292334545616,314.24493408203125,1000,0.0,0.0
2009-09-16 00:00:00+09:00,314.24496758502465,332.3050231933594,314.24496758502465,332.3050231933594,13000,0.0,0.0
2009-09-17 00:00:00+09:00,332.30501901726973,343.14105224609375,332.30501901726973,343.14105224609375,6500,0.0,0.0
2009-09-18 00:00:00+09:00,350.3650452446017,350.3650452446017,336.639404296875,336.639404296875,2500,0.0,0.0
2009-09-21 00:00:00+09:00,336.639404296875,336.639404296875,336.639404296875,336.639404296875,0,0.0,0.0
2009-09-24 00:00:00+09:00,338.0841979980469,338.0841979980469,338.0841979980469,338.0841979980469,1500,0.0,0.0
2009-09-25 00:00:00+09:00,341.79947308131625,341.79947308131625,332.8829650878906,332.8829650878906,1500,13.0,0.0
2009-09-28 00:00:00+09:00,332.8829356700451,332.8829356700451,329.16772433444186,329.9107666015625,4500,0.0,0.0
2009-09-29 00:00:00+09:00,334.3690185546875,334.3690185546875,334.3690185546875,334.3690185546875,3500,0.0,0.0
2009-09-30 00:00:00+09:00,329.91076771129264,329.91076771129264,326.9385986328125,326.9385986328125,1500,0.0,0.0
2009-10-01 00:00:00+09:00,326.9385986328125,326.9385986328125,326.9385986328125,326.9385986328125,500,0.0,0.0
2009-10-02 00:00:00+09:00,326.9385986328125,327.68164090243255,326.9385986328125,326.9385986328125,3500,0.0,0.0
2009-10-05 00:00:00+09:00,326.9385986328125,326.9385986328125,326.9385986328125,326.9385986328125,1500,0.0,0.0
2009-10-06 00:00:00+09:00,312.82073974609375,326.938540352212,312.82073974609375,312.82073974609375,0,0.0,0.0
2009-10-07 00:00:00+09:00,318.02203369140625,323.2233286349573,318.02203369140625,318.02203369140625,0,0.0,0.0
2009-10-08 00:00:00+09:00,315.79296875,323.22339154411765,315.79296875,315.79296875,0,0.0,0.0
2009-10-09 00:00:00+09:00,315.79296875,323.22339154411765,315.79296875,315.79296875,0,0.0,0.0
2009-10-13 00:00:00+09:00,312.82073974609375,322.48028752922727,312.82073974609375,312.82073974609375,0,0.0,0.0
2009-10-14 00:00:00+09:00,312.82073974609375,323.2233296663914,312.82073974609375,312.82073974609375,0,0.0,0.0
2009-10-15 00:00:00+09:00,315.79296875,323.22339154411765,315.79296875,315.79296875,0,0.0,0.0
2009-10-16 00:00:00+09:00,315.79296875,319.50818014705885,315.79296875,315.79296875,0,0.0,0.0
2009-10-19 00:00:00+09:00,315.792970203218,315.792970203218,312.0777587890625,312.0777587890625,1000,0.0,0.0
2009-10-20 00:00:00+09:00,308.362548828125,319.5081831231175,308.362548828125,308.362548828125,0,0.0,0.0
2009-10-21 00:00:00+09:00,312.0777587890625,312.0777587890625,312.0777587890625,312.0777587890625,500,0.0,0.0
2009-10-22 00:00:00+09:00,305.390380859375,323.22339580006843,305.390380859375,305.390380859375,0,0.0,0.0
2009-10-23 00:00:00+09:00,305.390380859375,319.50818435409064,305.390380859375,305.390380859375,0,0.0,0.0
2009-10-26 00:00:00+09:00,318.7651062011719,318.7651062011719,318.7651062011719,318.7651062011719,500,0.0,0.0
2009-10-27 00:00:00+09:00,305.390380859375,318.02209977569953,305.390380859375,305.390380859375,0,0.0,0.0
2009-10-28 00:00:00+09:00,297.95990005493167,297.95990005493167,297.21685791015625,297.21685791015625,2000,0.0,0.0
2009-10-29 00:00:00+09:00,297.21685791015625,315.792911529541,297.21685791015625,297.21685791015625,0,0.0,0.0
2009-10-30 00:00:00+09:00,297.21685791015625,308.36249008178714,297.21685791015625,297.21685791015625,0,0.0,0.0
2009-11-02 00:00:00+09:00,297.21685791015625,315.792911529541,297.21685791015625,297.21685791015625,0,0.0,0.0
2009-11-04 00:00:00+09:00,297.21685791015625,314.30682723999024,297.21685791015625,297.21685791015625,0,0.0,0.0
2009-11-05 00:00:00+09:00,298.7029724121094,312.07773237086053,298.7029724121094,298.7029724121094,0,0.0,0.0
2009-11-06 00:00:00+09:00,302.418212890625,312.07776268811426,302.418212890625,302.418212890625,0,0.0,0.0
2009-11-09 00:00:00+09:00,297.9599304199219,312.0777326093945,297.9599304199219,297.9599304199219,0,0.0,0.0
2009-11-10 00:00:00+09:00,315.79296875,315.79296875,315.79296875,315.79296875,1500,0.0,0.0
2009-11-11 00:00:00+09:00,309.1055908203125,319.50818281907306,309.1055908203125,309.1055908203125,0,0.0,0.0
2009-11-12 00:00:00+09:00,305.3903462964435,319.5081481933594,305.3903462964435,319.5081481933594,2500,0.0,0.0
2009-11-13 00:00:00+09:00,308.3625187539015,314.3068564648201,306.8764343261719,306.8764343261719,1500,0.0,0.0
2009-11-16 00:00:00+09:00,303.16125609142944,303.9042983857712,300.1890869140625,300.1890869140625,3500,0.0,0.0
2009-11-17 00:00:00+09:00,298.702942199707,298.702942199707,297.21685791015625,297.21685791015625,2000,0.0,0.0
2009-11-18 00:00:00+09:00,290.52951073279746,290.52951073279746,289.7864685058594,289.7864685058594,2500,0.0,0.0
2009-11-19 00:00:00+09:00,283.0991217379205,283.0991217379205,281.613037109375,281.613037109375,2500,0.0,0.0
2009-11-20 00:00:00+09:00,281.613037109375,281.613037109375,281.613037109375,281.613037109375,2500,0.0,0.0
2009-11-24 00:00:00+09:00,282.35601806640625,282.35601806640625,282.35601806640625,282.35601806640625,1000,0.0,0.0
2009-11-25 00:00:00+09:00,274.9255986434562,274.9255986434562,272.69647216796875,272.69647216796875,2000,0.0,0.0
2009-11-26 00:00:00+09:00,272.69647200211233,276.4116827923319,272.69647200211233,273.43951416015625,2500,0.0,0.0
2009-11-27 00:00:00+09:00,273.43951416015625,273.43951416015625,273.43951416015625,273.43951416015625,500,0.0,0.0
2009-11-30 00:00:00+09:00,295.730743331718,296.4737854003906,295.730743331718,296.4737854003906,1000,0.0,0.0
2009-12-01 00:00:00+09:00,280.1269226074219,292.75864060298204,280.1269226074219,280.1269226074219,0,0.0,0.0
2009-12-02 00:00:00+09:00,283.8421325683594,293.50168158246584,283.8421325683594,283.8421325683594,0,0.0,0.0
2009-12-03 00:00:00+09:00,293.50164794921875,293.50164794921875,293.50164794921875,293.50164794921875,1000,0.0,0.0
2009-12-04 00:00:00+09:00,293.50164794921875,293.50164794921875,293.50164794921875,293.50164794921875,1500,0.0,0.0
2009-12-07 00:00:00+09:00,284.5851745605469,294.2447235665184,284.5851745605469,284.5851745605469,0,0.0,0.0
2009-12-08 00:00:00+09:00,294.24468994140625,294.24468994140625,294.24468994140625,294.24468994140625,500,0.0,0.0
2009-12-09 00:00:00+09:00,284.5851745605469,297.21689249143276,284.5851745605469,284.5851745605469,0,0.0,0.0
2009-12-10 00:00:00+09:00,292.0155944824219,296.4738478332985,292.0155944824219,292.0155944824219,0,0.0,0.0
2009-12-11 00:00:00+09:00,296.4737854003906,296.4737854003906,296.4737854003906,296.4737854003906,1500,0.0,0.0
2009-12-14 00:00:00+09:00,300.1890869140625,300.1890869140625,300.1890869140625,300.1890869140625,500,0.0,0.0
2009-12-15 00:00:00+09:00,297.21685791015625,297.21685791015625,297.21685791015625,297.21685791015625,500,0.0,0.0
2009-12-16 00:00:00+09:00,292.0155944824219,292.0155944824219,292.0155944824219,292.0155944824219,1000,0.0,0.0
2009-12-17 00:00:00+09:00,300.9320983886719,300.9320983886719,300.9320983886719,300.9320983886719,500,0.0,0.0
2009-12-18 00:00:00+09:00,304.64727783203125,304.64727783203125,304.64727783203125,304.64727783203125,1000,0.0,0.0
2009-12-21 00:00:00+09:00,306.8764343261719,306.8764343261719,306.8764343261719,306.8764343261719,2000,0.0,0.0
2009-12-22 00:00:00+09:00,306.8764645488942,307.6195068359375,306.8764645488942,307.6195068359375,2000,0.0,0.0
2009-12-24 00:00:00+09:00,306.8764343261719,306.8764343261719,306.8764343261719,306.8764343261719,500,0.0,0.0
2009-12-25 00:00:00+09:00,326.19553212286195,326.19553212286195,305.39035011958146,306.1333923339844,3500,0.0,0.0
2009-12-28 00:00:00+09:00,302.41818126197,306.1333923339844,297.21688576114985,306.1333923339844,4500,0.0,0.0
2009-12-29 00:00:00+09:00,306.1333923339844,306.1333923339844,306.1333923339844,306.1333923339844,0,0.0,0.0
2009-12-30 00:00:00+09:00,308.362548828125,308.362548828125,308.362548828125,308.362548828125,500,0.0,0.0
2010-01-04 00:00:00+09:00,308.3625710037684,326.1955871582031,308.3625710037684,326.1955871582031,300,0.0,0.0
2010-01-05 00:00:00+09:00,326.1955871582031,326.1955871582031,326.1955871582031,326.1955871582031,2000,0.0,0.0
2010-01-06 00:00:00+09:00,308.3625710037684,326.1955871582031,308.3625710037684,326.1955871582031,1500,0.0,0.0
2010-01-07 00:00:00+09:00,310.5916756871235,310.5916756871235,308.362548828125,308.362548828125,600,0.0,0.0
2010-01-08 00:00:00+09:00,308.362548828125,318.7651408367846,308.362548828125,308.362548828125,0,0.0,0.0
2010-01-12 00:00:00+09:00,306.876436134621,306.876436134621,300.9320983886719,300.9320983886719,2200,0.0,0.0
2010-01-13 00:00:00+09:00,306.8764343261719,306.8764343261719,306.8764343261719,306.8764343261719,700,0.0,0.0
2010-01-14 00:00:00+09:00,310.5916442871094,310.5916442871094,310.5916442871094,310.5916442871094,100,0.0,0.0
2010-01-15 00:00:00+09:00,302.418212890625,311.3347203959997,302.418212890625,302.418212890625,0,0.0,0.0
2010-01-18 00:00:00+09:00,309.8486020758962,310.5916442871094,309.8486020758962,310.5916442871094,200,0.0,0.0
2010-01-19 00:00:00+09:00,310.5916442871094,310.5916442871094,310.5916442871094,310.5916442871094,600,0.0,0.0
2010-01-20 00:00:00+09:00,310.5916442871094,310.5916442871094,310.5916442871094,310.5916442871094,1100,0.0,0.0
2010-01-21 00:00:00+09:00,309.1055908203125,309.1055908203125,309.1055908203125,309.1055908203125,1800,0.0,0.0
2010-01-22 00:00:00+09:00,306.8764645488942,307.6195068359375,306.8764645488942,307.6195068359375,400,0.0,0.0
2010-01-25 00:00:00+09:00,300.9320988430279,300.9320988430279,299.4460144042969,299.4460144042969,1100,0.0,0.0
2010-01-26 00:00:00+09:00,304.64727783203125,304.64727783203125,298.70294070360137,304.64727783203125,1700,0.0,0.0
2010-01-27 00:00:00+09:00,305.3903521592209,305.3903521592209,299.4460144042969,299.4460144042969,700,0.0,0.0
2010-01-28 00:00:00+09:00,300.9320671267626,304.64727783203125,300.9320671267626,304.64727783203125,1300,0.0,0.0
2010-01-29 00:00:00+09:00,300.9320983886719,311.33468944408276,300.9320983886719,300.9320983886719,0,0.0,0.0
2010-02-01 00:00:00+09:00,300.1890869140625,310.59167903484683,300.1890869140625,300.1890869140625,0,0.0,0.0
2010-02-02 00:00:00+09:00,300.1890869140625,300.1890869140625,300.1890869140625,300.1890869140625,0,0.0,0.0
2010-02-03 00:00:00+09:00,299.4460144042969,310.5916476947794,299.4460144042969,299.4460144042969,0,0.0,0.0
2010-02-04 00:00:00+09:00,303.904296875,310.5916774908313,303.904296875,303.904296875,0,0.0,0.0
2010-02-05 00:00:00+09:00,297.21685791015625,297.21685791015625,297.21685791015625,297.21685791015625,2000,0.0,0.0
2010-02-08 00:00:00+09:00,297.21685791015625,297.21685791015625,297.21685791015625,297.21685791015625,3000,0.0,0.0
2010-02-09 00:00:00+09:00,294.9877014160156,302.4181221065954,294.9877014160156,294.9877014160156,0,0.0,0.0
2010-02-10 00:00:00+09:00,302.418212890625,302.418212890625,302.418212890625,302.418212890625,100,0.0,0.0
2010-02-12 00:00:00+09:00,294.9877014160156,302.4181221065954,294.9877014160156,294.9877014160156,0,0.0,0.0
2010-02-15 00:00:00+09:00,300.9320983886719,300.9320983886719,300.9320983886719,300.9320983886719,1400,0.0,0.0
2010-02-16 00:00:00+09:00,286.07122802734375,304.6472817953531,286.07122802734375,286.07122802734375,0,0.0,0.0
2010-02-17 00:00:00+09:00,286.8143005371094,303.90427181263664,286.8143005371094,286.8143005371094,0,0.0,0.0
2010-02-18 00:00:00+09:00,297.21685791015625,300.9320686340332,297.21685791015625,297.21685791015625,0,0.0,0.0
2010-02-19 00:00:00+09:00,303.904296875,303.904296875,303.904296875,303.904296875,100,0.0,0.0
2010-02-22 00:00:00+09:00,303.1612548828125,303.1612548828125,303.1612548828125,303.1612548828125,100,0.0,0.0
2010-02-23 00:00:00+09:00,293.50164794921875,297.2168586827532,293.50164794921875,293.50164794921875,0,0.0,0.0
2010-02-24 00:00:00+09:00,297.21685791015625,297.21685791015625,296.4738157653809,297.21685791015625,700,0.0,0.0
2010-02-25 00:00:00+09:00,297.21685791015625,300.9320686340332,297.21685791015625,297.21685791015625,0,0.0,0.0
2010-02-26 00:00:00+09:00,300.9320983886719,300.9320983886719,300.9320983886719,300.9320983886719,100,0.0,0.0
2010-03-01 00:00:00+09:00,300.9320983886719,300.9320983886719,300.9320983886719,300.9320983886719,200,0.0,0.0
2010-03-02 00:00:00+09:00,297.21685791015625,300.9320686340332,297.21685791015625,297.21685791015625,0,0.0,0.0
2010-03-03 00:00:00+09:00,300.9320983886719,300.9320983886719,300.9320983886719,300.9320983886719,100,0.0,0.0
2010-03-04 00:00:00+09:00,297.21685791015625,300.9320686340332,297.21685791015625,297.21685791015625,0,0.0,0.0
2010-03-05 00:00:00+09:00,300.9320983886719,300.9320983886719,300.9320983886719,300.9320983886719,100,0.0,0.0
2010-03-08 00:00:00+09:00,293.50164794921875,293.50164794921875,293.50164794921875,293.50164794921875,1000,0.0,0.0
2010-03-09 00:00:00+09:00,293.50161712569997,296.4737854003906,293.50161712569997,296.4737854003906,600,0.0,0.0
2010-03-10 00:00:00+09:00,297.21685791015625,297.21685791015625,297.21685791015625,297.21685791015625,500,0.0,0.0
2010-03-11 00:00:00+09:00,293.50164794921875,293.50164794921875,293.50164794921875,293.50164794921875,2000,0.0,0.0
2010-03-12 00:00:00+09:00,292.75860595703125,300.1890274280219,292.75860595703125,292.75860595703125,0,0.0,0.0
2010-03-15 00:00:00+09:00,292.75860626843513,292.75860626843513,291.27252197265625,291.27252197265625,1100,0.0,0.0
2010-03-16 00:00:00+09:00,293.50164794921875,293.50164794921875,293.50164794921875,293.50164794921875,1000,0.0,0.0
2010-03-17 00:00:00+09:00,293.5016471862793,297.21685791015625,293.5016471862793,297.21685791015625,2700,0.0,0.0
2010-03-18 00:00:00+09:00,292.0155944824219,293.50167893271407,292.0155944824219,292.0155944824219,0,0.0,0.0
2010-03-19 00:00:00+09:00,293.50168060144614,293.50168060144614,286.8143005371094,286.8143005371094,2200,0.0,0.0
2010-03-23 00:00:00+09:00,292.75860706102634,292.75860706102634,286.8142698618177,287.55731201171875,2100,0.0,0.0
2010-03-24 00:00:00+09:00,292.758636707568,292.758636707568,292.0155944824219,292.0155944824219,200,0.0,0.0
2010-03-25 00:00:00+09:00,292.0155951866737,292.0155951866737,289.7864685058594,289.7864685058594,400,0.0,0.0
2010-03-26 00:00:00+09:00,292.75860595703125,292.75860595703125,292.75860595703125,292.75860595703125,300,0.0,0.0
2010-03-29 00:00:00+09:00,287.55731201171875,287.55731201171875,286.8142698618177,287.55731201171875,3600,0.0,0.0
2010-03-30 00:00:00+09:00,287.55731201171875,288.30035416161985,287.55731201171875,287.55731201171875,5100,0.0,0.0
2010-03-31 00:00:00+09:00,287.55731201171875,287.55731201171875,286.0712277119166,287.55731201171875,4500,0.0,0.0
2010-04-01 00:00:00+09:00,282.3560169624112,287.55731201171875,282.3560169624112,287.55731201171875,3600,0.0,0.0
2010-04-02 00:00:00+09:00,286.0713199774424,286.0713199774424,285.3282775878906,285.3282775878906,39,0.0,0.0
2010-04-05 00:00:00+09:00,287.55737562355705,287.55737562355705,278.640867852284,281.613037109375,8500,0.0,0.0
2010-04-06 00:00:00+09:00,281.61297591359994,282.35601806640625,281.61297591359994,282.35601806640625,4600,0.0,0.0
2010-04-07 00:00:00+09:00,286.8142698618177,287.55731201171875,286.8142698618177,287.55731201171875,200,0.0,0.0
2010-04-08 00:00:00+09:00,284.585143725903,286.81427017806413,284.585143725903,286.07122802734375,3400,0.0,0.0
2010-04-09 00:00:00+09:00,286.07122802734375,286.81427017806413,286.07122802734375,286.07122802734375,900,0.0,0.0
2010-04-12 00:00:00+09:00,286.07125760350556,289.0434265136719,286.07125760350556,289.0434265136719,3900,0.0,0.0
2010-04-13 00:00:00+09:00,286.0712573711689,289.7864685058594,286.0712573711689,289.7864685058594,1500,0.0,0.0
2010-04-14 00:00:00+09:00,288.30035416161985,293.50164921092744,287.55731201171875,287.55731201171875,4400,0.0,0.0
2010-04-15 00:00:00+09:00,289.04339522153595,292.75860595703125,289.04339522153595,292.75860595703125,3400,0.0,0.0
2010-04-16 00:00:00+09:00,297.216858526673,298.7029428193063,294.24468994140625,294.24468994140625,2100,0.0,0.0
2010-04-19 00:00:00+09:00,295.7308063213642,295.7308063213642,289.7864685058594,289.7864685058594,6100,0.0,0.0
2010-04-20 00:00:00+09:00,289.7864685058594,289.7864685058594,289.7864685058594,289.7864685058594,2600,0.0,0.0
2010-04-21 00:00:00+09:00,289.7864687412134,289.7864687412134,289.0434265136719,289.0434265136719,500,0.0,0.0
2010-04-22 00:00:00+09:00,288.30038405198314,289.7864685058594,288.30038405198314,289.7864685058594,3600,0.0,0.0
2010-04-23 00:00:00+09:00,289.7864685058594,297.21689077524036,289.7864685058594,289.7864685058594,7721,0.0,0.0
2010-04-26 00:00:00+09:00,291.27252197265625,291.27252197265625,291.27252197265625,291.27252197265625,1900,0.0,0.0
2010-04-27 00:00:00+09:00,291.27252197265625,291.27252197265625,289.7864376768774,291.27252197265625,1600,0.0,0.0
2010-04-28 00:00:00+09:00,291.27252197265625,291.27252197265625,291.27252197265625,291.27252197265625,200,0.0,0.0
2010-04-30 00:00:00+09:00,291.27252595320994,291.27252595320994,263.7799661055855,273.43951416015625,18800,0.0,0.0
2010-05-06 00:00:00+09:00,268.9813206028294,276.41174382390204,268.9813206028294,274.9256591796875,8700,0.0,0.0
2010-05-07 00:00:00+09:00,268.98123152177413,273.4394839779361,266.0090632176661,270.4673156738281,3700,0.0,0.0
2010-05-10 00:00:00+09:00,270.4674052470439,274.9256591796875,269.72436292493666,274.9256591796875,4300,0.0,0.0
2010-05-11 00:00:00+09:00,276.41165228204414,276.41165228204414,270.4673156738281,270.4673156738281,3700,0.0,0.0
2010-05-12 00:00:00+09:00,270.4673156738281,270.4673156738281,270.4673156738281,270.4673156738281,1500,0.0,0.0
2010-05-13 00:00:00+09:00,271.2103576660156,271.2103576660156,266.7521052112318,271.2103576660156,10000,0.0,0.0
2010-05-14 00:00:00+09:00,266.0091242472331,271.21041997273767,266.0091242472331,267.4952087402344,1600,0.0,0.0
2010-05-17 00:00:00+09:00,267.49514736972014,270.4673156738281,267.49514736972014,270.4673156738281,1200,0.0,0.0
2010-05-18 00:00:00+09:00,267.4952087402344,271.21041997273767,267.4952087402344,267.4952087402344,0,0.0,0.0
2010-05-19 00:00:00+09:00,268.2382507324219,270.46737746981046,268.2382507324219,268.2382507324219,0,0.0,0.0
2010-05-20 00:00:00+09:00,268.23825098673507,268.23825098673507,267.4952087402344,267.4952087402344,1000,0.0,0.0
2010-05-21 00:00:00+09:00,266.00909440924806,266.00909440924806,260.0647571040135,265.26605224609375,7300,0.0,0.0
2010-05-24 00:00:00+09:00,264.5230099129277,266.00909423828125,264.5230099129277,266.00909423828125,1400,0.0,0.0
2010-05-25 00:00:00+09:00,266.0090940682669,269.7243048792762,260.80779893285387,266.75213623046875,600,0.0,0.0
2010-05-26 00:00:00+09:00,266.7521377999442,266.7521377999442,260.06475830078125,260.06475830078125,5700,0.0,0.0
2010-05-27 00:00:00+09:00,259.3217335869284,259.3217335869284,252.63435363769528,252.6343536376953,1200,0.0,0.0
2010-05-28 00:00:00+09:00,258.57867179429235,269.72430419921875,251.1482501910081,269.72430419921875,7100,0.0,0.0
2010-05-31 00:00:00+09:00,258.5787048339844,258.5787048339844,257.83566257871433,258.5787048339844,1200,0.0,0.0
2010-06-01 00:00:00+09:00,252.6343652757548,263.0369567871094,252.6343652757548,263.0369567871094,2800,0.0,0.0
2010-06-02 00:00:00+09:00,260.06475830078125,260.06475830078125,260.06475830078125,260.06475830078125,100,0.0,0.0
2010-06-03 00:00:00+09:00,266.75213623046875,266.75213623046875,266.75213623046875,266.75213623046875,800,0.0,0.0
2010-06-04 00:00:00+09:00,257.8356947829355,257.8356947829355,254.863525390625,254.863525390625,3300,0.0,0.0
2010-06-07 00:00:00+09:00,256.34956587606405,256.34956587606405,246.69001701696595,248.9191436767578,3700,0.0,0.0
2010-06-08 00:00:00+09:00,252.63435363769528,252.63435363769528,252.63435363769528,252.6343536376953,200,0.0,0.0
2010-06-09 00:00:00+09:00,249.66217041015628,256.349549974714,249.66217041015628,249.66217041015625,0,0.0,0.0
2010-06-10 00:00:00+09:00,252.63435363769528,261.55086023667275,252.63435363769528,252.6343536376953,0,0.0,0.0
2010-06-11 00:00:00+09:00,252.63435363769528,261.55086023667275,252.63435363769528,252.6343536376953,0,0.0,0.0
2010-06-14 00:00:00+09:00,261.5508728027344,261.5508728027344,261.5508728027344,261.5508728027344,400,0.0,0.0
2010-06-15 00:00:00+09:00,249.66221586957528,251.8913427969822,249.66221586957528,250.40525817871094,2000,0.0,0.0
2010-06-16 00:00:00+09:00,254.12045104455814,259.3217468261719,254.12045104455814,259.3217468261719,400,0.0,0.0
2010-06-17 00:00:00+09:00,260.06475918534875,260.06475918534875,256.34954833984375,256.34954833984375,600,0.0,0.0
2010-06-18 00:00:00+09:00,260.06475830078125,260.06475830078125,260.06475830078125,260.06475830078125,100,0.0,0.0
2010-06-21 00:00:00+09:00,260.06475830078125,260.06475830078125,260.06475830078125,260.06475830078125,600,0.0,0.0
2010-06-22 00:00:00+09:00,257.0926208496094,262.29391664714484,257.0926208496094,257.0926208496094,0,0.0,0.0
2010-06-23 00:00:00+09:00,256.34954833984375,263.0369278617527,256.34954833984375,256.34954833984375,0,0.0,0.0
2010-06-24 00:00:00+09:00,260.0647890806881,260.0647890806881,259.3217468261719,259.3217468261719,2416,0.0,0.0
2010-06-25 00:00:00+09:00,261.5508728027344,261.5508728027344,261.5508728027344,261.5508728027344,200,0.0,0.0
2010-06-28 00:00:00+09:00,254.12045288085938,264.5230445192571,254.12045288085938,254.12045288085938,0,0.0,0.0
2010-06-29 00:00:00+09:00,256.34954833984375,263.77997003085375,256.34954833984375,256.34954833984375,0,0.0,0.0
2010-06-30 00:00:00+09:00,262.29388427734375,262.29388427734375,262.29388427734375,262.29388427734375,100,0.0,0.0
2010-07-01 00:00:00+09:00,263.0369567871094,263.0369567871094,263.0369567871094,263.0369567871094,100,0.0,0.0
2010-07-02 00:00:00+09:00,260.06475830078125,265.2660534667969,260.06475830078125,260.06475830078125,0,0.0,0.0
2010-07-05 00:00:00+09:00,260.06475830078125,263.77996913364956,260.06475830078125,260.06475830078125,0,0.0,0.0
2010-07-06 00:00:00+09:00,253.3773956298828,262.29390222096373,253.3773956298828,253.3773956298828,0,0.0,0.0
2010-07-07 00:00:00+09:00,261.5508118545228,261.5508118545228,260.8077697753906,260.8077697753906,5200,0.0,0.0
2010-07-08 00:00:00+09:00,260.0648218271684,260.0648218271684,254.863525390625,254.863525390625,6500,0.0,0.0
2010-07-09 00:00:00+09:00,249.66219777074355,258.5787048339844,248.91915551547348,258.5787048339844,5200,0.0,0.0
2010-07-12 00:00:00+09:00,259.3217468261719,259.3217468261719,259.3217468261719,259.3217468261719,200,0.0,0.0
2010-07-13 00:00:00+09:00,259.3217468261719,259.3217468261719,259.3217468261719,259.3217468261719,100,0.0,0.0
2010-07-14 00:00:00+09:00,254.863525390625,257.8356947829355,254.863525390625,254.863525390625,0,0.0,0.0
2010-07-15 00:00:00+09:00,258.57869114134667,258.57869114134667,253.3773956298828,253.3773956298828,600,0.0,0.0
2010-07-16 00:00:00+09:00,253.37740879004187,259.3217468261719,253.37740879004187,259.3217468261719,1400,0.0,0.0
2010-07-21 00:00:00+09:00,253.3773956298828,260.80781778911694,253.3773956298828,253.3773956298828,0,0.0,0.0
2010-07-22 00:00:00+09:00,252.63435363769528,252.63435363769528,252.63435363769528,252.6343536376953,1000,0.0,0.0
2010-07-23 00:00:00+09:00,251.89131164550784,260.06477603518505,251.89131164550784,251.8913116455078,0,0.0,0.0
2010-07-26 00:00:00+09:00,259.3217468261719,259.3217468261719,259.3217468261719,259.3217468261719,100,0.0,0.0
2010-07-27 00:00:00+09:00,258.5787048339844,258.5787048339844,258.5787048339844,258.5787048339844,200,0.0,0.0
2010-07-28 00:00:00+09:00,252.63435363769528,256.3495647206026,252.63435363769528,252.6343536376953,0,0.0,0.0
2010-07-29 00:00:00+09:00,259.3217468261719,259.3217468261719,259.3217468261719,259.3217468261719,100,0.0,0.0
2010-07-30 00:00:00+09:00,252.63435363769528,260.06477580350986,252.63435363769528,252.6343536376953,0,0.0,0.0
2010-08-02 00:00:00+09:00,252.63435363769528,257.8356491537655,252.63435363769528,252.6343536376953,0,0.0,0.0
2010-08-03 00:00:00+09:00,257.0926219204016,257.0926219204016,254.12045288085938,254.12045288085938,300,0.0,0.0
2010-08-04 00:00:00+09:00,253.3773956298828,253.3773956298828,253.3773956298828,253.3773956298828,400,0.0,0.0
2010-08-05 00:00:00+09:00,253.37739585427676,253.37739585427676,252.63435363769528,252.6343536376953,900,0.0,0.0
2010-08-06 00:00:00+09:00,251.89131164550784,252.63435386275123,251.89131164550784,251.8913116455078,0,0.0,0.0
2010-08-09 00:00:00+09:00,252.63435363769528,252.63435363769528,252.63435363769528,252.6343536376953,300,0.0,0.0
2010-08-10 00:00:00+09:00,256.34954833984375,256.34954833984375,256.34954833984375,256.34954833984375,100,0.0,0.0
2010-08-11 00:00:00+09:00,251.14833068847656,257.0926698763695,251.14833068847656,251.14833068847656,0,0.0,0.0
2010-08-12 00:00:00+09:00,251.14833068847656,251.14833068847656,251.14833068847656,251.14833068847656,200,0.0,0.0
2010-08-13 00:00:00+09:00,250.40525817871094,254.86351203352478,250.40525817871094,250.40525817871094,0,0.0,0.0
2010-08-16 00:00:00+09:00,250.40525817871094,254.86351203352478,250.40525817871094,250.40525817871094,0,0.0,0.0
2010-08-17 00:00:00+09:00,250.40525817871094,254.86351203352478,250.40525817871094,250.40525817871094,0,0.0,0.0
2010-08-18 00:00:00+09:00,250.40525817871094,254.12046972438912,250.40525817871094,250.40525817871094,0,0.0,0.0
2010-08-19 00:00:00+09:00,250.40525817871094,254.86351203352478,250.40525817871094,250.40525817871094,0,0.0,0.0
2010-08-20 00:00:00+09:00,250.40525817871094,254.86351203352478,250.40525817871094,250.40525817871094,0,0.0,0.0
2010-08-23 00:00:00+09:00,250.40525817871094,254.86351203352478,250.40525817871094,250.40525817871094,0,0.0,0.0
2010-08-24 00:00:00+09:00,250.40525817871094,250.40525817871094,250.40525817871094,250.40525817871094,300,0.0,0.0
2010-08-25 00:00:00+09:00,247.43304443359375,247.43304443359375,247.43304443359375,247.43304443359375,700,0.0,0.0
2010-08-26 00:00:00+09:00,254.12045288085938,254.12045288085938,254.12045288085938,254.12045288085938,100,0.0,0.0
2010-08-27 00:00:00+09:00,249.66217041015628,256.349549974714,249.66217041015628,249.66217041015625,0,0.0,0.0
2010-08-30 00:00:00+09:00,248.9191436767578,258.5786925358559,248.9191436767578,248.9191436767578,0,0.0,0.0
2010-08-31 00:00:00+09:00,248.9191436767578,257.09260809599465,248.9191436767578,248.9191436767578,0,0.0,0.0
2010-09-01 00:00:00+09:00,257.0926208496094,257.0926208496094,257.0926208496094,257.0926208496094,100,0.0,0.0
2010-09-02 00:00:00+09:00,249.66217041015628,256.349549974714,249.66217041015628,249.66217041015625,0,0.0,0.0
2010-09-03 00:00:00+09:00,255.60650634765625,255.60650634765625,255.60650634765625,255.60650634765625,100,0.0,0.0
2010-09-06 00:00:00+09:00,254.863525390625,254.863525390625,254.863525390625,254.863525390625,200,0.0,0.0
2010-09-07 00:00:00+09:00,252.63435363769528,252.63435363769528,252.63435363769528,252.6343536376953,100,0.0,0.0
2010-09-08 00:00:00+09:00,250.40525817871094,255.60655434266042,250.40525817871094,250.40525817871094,0,0.0,0.0
2010-09-09 00:00:00+09:00,250.40525817871094,255.60655434266042,250.40525817871094,250.40525817871094,0,0.0,0.0
2010-09-10 00:00:00+09:00,252.63435363769528,260.06477580350986,252.63435363769528,252.6343536376953,615,0.0,0.0
2010-09-13 00:00:00+09:00,250.40525817871094,250.40525817871094,250.40525817871094,250.40525817871094,100,0.0,0.0
2010-09-14 00:00:00+09:00,249.66217041015628,254.12042345319477,249.66217041015628,249.66217041015625,0,0.0,0.0
2010-09-16 00:00:00+09:00,251.89131164550784,254.86348051448138,251.89131164550784,251.8913116455078,0,0.0,0.0
2010-09-17 00:00:00+09:00,253.3773956298828,253.3773956298828,253.3773956298828,253.3773956298828,1000,0.0,0.0
2010-09-21 00:00:00+09:00,253.3773956298828,253.3773956298828,252.63435341395942,253.3773956298828,900,0.0,0.0
2010-09-22 00:00:00+09:00,253.3773798388104,255.60650634765625,253.3773798388104,255.60650634765625,3800,0.0,0.0
2010-09-24 00:00:00+09:00,255.60650634765625,255.60650634765625,255.60650634765625,255.60650634765625,800,0.0,0.0
2010-09-27 00:00:00+09:00,255.60650634765625,255.60650634765625,255.60650634765625,255.60650634765625,800,0.0,0.0
2010-09-28 00:00:00+09:00,255.60650634765628,255.60650634765628,255.60650634765628,255.60650634765625,100,13.0,0.0
2010-09-29 00:00:00+09:00,257.1509565370681,257.1509565370681,255.60650634765628,255.60650634765625,700,0.0,0.0
2010-09-30 00:00:00+09:00,254.83424377441406,254.83424377441406,254.83424377441406,254.83424377441406,400,0.0,0.0
2010-10-01 00:00:00+09:00,252.5176239013672,255.60652449954904,252.5176239013672,252.5176239013672,0,0.0,0.0
2010-10-04 00:00:00+09:00,247.11203002929688,247.11203002929688,247.11203002929688,247.11203002929688,3100,0.0,0.0
2010-10-05 00:00:00+09:00,247.11203002929688,253.2898307800293,247.11203002929688,247.11203002929688,0,0.0,0.0
2010-10-06 00:00:00+09:00,250.97315979003906,250.97315979003906,250.97315979003906,250.97315979003906,400,0.0,0.0
2010-10-07 00:00:00+09:00,254.8342672887182,254.8342672887182,254.06204223632812,254.06204223632812,5297,0.0,0.0
2010-10-08 00:00:00+09:00,247.11203002929688,254.83428096771237,247.11203002929688,247.11203002929688,0,0.0,0.0
2010-10-12 00:00:00+09:00,253.28981018066406,253.28981018066406,253.28981018066406,253.28981018066406,5297,0.0,0.0
2010-10-13 00:00:00+09:00,244.79537963867188,244.79537963867188,244.79537963867188,244.79537963867188,200,0.0,0.0
2010-10-14 00:00:00+09:00,244.79537963867188,244.79537963867188,244.79537963867188,244.79537963867188,200,0.0,0.0
2010-10-15 00:00:00+09:00,250.9731810175658,250.9731810175658,244.79537963867188,244.79537963867188,1400,0.0,0.0
2010-10-18 00:00:00+09:00,244.79537963867188,244.79537963867188,244.79537963867188,244.79537963867188,1400,0.0,0.0
2010-10-19 00:00:00+09:00,244.79537963867188,244.79537963867188,244.79537963867188,244.79537963867188,1400,0.0,0.0
2010-10-20 00:00:00+09:00,244.79537963867188,244.79537963867188,244.79537963867188,244.79537963867188,1400,0.0,0.0
2010-10-21 00:00:00+09:00,244.79537963867188,244.79537963867188,244.79537963867188,244.79537963867188,100,0.0,0.0
2010-10-22 00:00:00+09:00,244.79537963867188,244.79537963867188,244.79537963867188,244.79537963867188,100,0.0,0.0
2010-10-25 00:00:00+09:00,244.79537963867188,244.79537963867188,244.79537963867188,244.79537963867188,100,0.0,0.0
2010-10-26 00:00:00+09:00,244.79532793114748,244.79532793114748,232.43972778320312,232.43972778320312,1600,0.0,0.0
2010-10-27 00:00:00+09:00,232.43972778320312,232.43972778320312,232.43972778320312,232.43972778320312,1600,0.0,0.0
2010-10-28 00:00:00+09:00,236.30087280273438,236.30087280273438,236.30087280273438,236.30087280273438,100,0.0,0.0
2010-10-29 00:00:00+09:00,236.30087280273438,236.30087280273438,236.30087280273438,236.30087280273438,100,0.0,0.0
2010-11-01 00:00:00+09:00,236.30087280273438,236.30087280273438,236.30087280273438,236.30087280273438,1000,0.0,0.0
2010-11-02 00:00:00+09:00,236.30090789794923,236.30090789794923,231.6675567626953,231.6675567626953,4300,0.0,0.0
2010-11-04 00:00:00+09:00,227.03420562744142,231.6675567626953,227.03420562744142,231.6675567626953,3100,0.0,0.0
2010-11-05 00:00:00+09:00,231.6675567626953,231.6675567626953,231.6675567626953,231.6675567626953,3100,0.0,0.0
2010-11-08 00:00:00+09:00,233.21197250465943,236.30087280273438,233.21197250465943,236.30087280273438,2500,0.0,0.0
2010-11-09 00:00:00+09:00,242.47867518833706,243.2509002685547,242.47867518833706,243.2509002685547,1900,0.0,0.0
2010-11-10 00:00:00+09:00,246.33982849121094,246.33982849121094,246.33982849121094,246.33982849121094,300,0.0,0.0
2010-11-11 00:00:00+09:00,247.11203002929688,247.11203002929688,247.11203002929688,247.11203002929688,7300,0.0,0.0
2010-11-12 00:00:00+09:00,247.11203002929688,247.11203002929688,247.11203002929688,247.11203002929688,7300,0.0,0.0
2010-11-15 00:00:00+09:00,247.11203002929688,247.11203002929688,247.11203002929688,247.11203002929688,7300,0.0,0.0
2010-11-16 00:00:00+09:00,247.11203002929688,247.11203002929688,247.11203002929688,247.11203002929688,7300,0.0,0.0
2010-11-17 00:00:00+09:00,245.56758117675784,245.56758117675784,245.56758117675784,245.5675811767578,100,0.0,0.0
2010-11-18 00:00:00+09:00,250.20091247558594,250.20091247558594,250.20091247558594,250.20091247558594,200,0.0,0.0
2010-11-19 00:00:00+09:00,247.11203002929688,247.11203002929688,247.11203002929688,247.11203002929688,100,0.0,0.0
2010-11-22 00:00:00+09:00,247.11203002929688,247.11203002929688,247.11203002929688,247.11203002929688,100,0.0,0.0
2010-11-24 00:00:00+09:00,247.11203002929688,247.11203002929688,247.11203002929688,247.11203002929688,100,0.0,0.0
2010-11-25 00:00:00+09:00,250.20091247558594,250.20091247558594,250.20091247558594,250.20091247558594,700,0.0,0.0
2010-11-26 00:00:00+09:00,253.28981718393808,254.06204223632812,253.28981718393808,254.06204223632812,200,0.0,0.0
2010-11-29 00:00:00+09:00,250.9731611600232,250.9731611600232,249.4287109375,249.4287109375,1000,0.0,0.0
2010-11-30 00:00:00+09:00,249.4287109375,249.4287109375,249.4287109375,249.4287109375,1000,0.0,0.0
2010-12-01 00:00:00+09:00,250.97315979003906,250.97315979003906,250.97315979003906,250.97315979003906,100,0.0,0.0
2010-12-02 00:00:00+09:00,260.2398986816406,260.2398986816406,260.2398986816406,260.2398986816406,200,0.0,0.0
2010-12-03 00:00:00+09:00,254.83424377441406,254.83424377441406,254.83424377441406,254.83424377441406,100,0.0,0.0
2010-12-06 00:00:00+09:00,252.5176239013672,252.5176239013672,252.5176239013672,252.5176239013672,1000,0.0,0.0
2010-12-07 00:00:00+09:00,253.28981018066406,253.28981018066406,253.28981018066406,253.28981018066406,2000,0.0,0.0
2010-12-08 00:00:00+09:00,253.28981018066406,253.28981018066406,253.28981018066406,253.28981018066406,2000,0.0,0.0
2010-12-09 00:00:00+09:00,253.28981018066406,253.28981018066406,253.28981018066406,253.28981018066406,1000,0.0,0.0
2010-12-10 00:00:00+09:00,254.83430333884365,256.3787536621094,254.83430333884365,256.3787536621094,300,0.0,0.0
2010-12-13 00:00:00+09:00,254.0620699129305,257.1509704589844,254.0620699129305,257.1509704589844,1600,0.0,0.0
2010-12-14 00:00:00+09:00,259.4676513671875,259.4676513671875,259.4676513671875,259.4676513671875,1500,0.0,0.0
2010-12-15 00:00:00+09:00,259.4676513671875,259.4676513671875,259.4676513671875,259.4676513671875,200,0.0,0.0
2010-12-16 00:00:00+09:00,261.01209878360527,262.5565490722656,261.01209878360527,262.5565490722656,1200,0.0,0.0
2010-12-17 00:00:00+09:00,262.5565490722656,262.5565490722656,262.5565490722656,262.5565490722656,700,0.0,0.0
2010-12-20 00:00:00+09:00,262.5565490722656,262.5565490722656,262.5565490722656,262.5565490722656,700,0.0,0.0
2010-12-21 00:00:00+09:00,264.10101318359375,264.10101318359375,264.10101318359375,264.10101318359375,300,0.0,0.0
2010-12-22 00:00:00+09:00,258.6954585039233,264.8732604980469,247.11207976494168,264.8732604980469,11100,0.0,0.0
2010-12-24 00:00:00+09:00,267.9621137978374,267.9621137978374,266.41766357421875,266.41766357421875,2500,0.0,0.0
2010-12-27 00:00:00+09:00,261.01204362349074,261.01204362349074,253.28979381214486,254.83424377441406,2900,0.0,0.0
2010-12-28 00:00:00+09:00,258.695368680087,258.695368680087,254.83424377441406,254.83424377441406,300,0.0,0.0
2010-12-29 00:00:00+09:00,255.60648650186926,257.15093657136697,247.88423615438077,251.745361328125,3200,0.0,0.0
2010-12-30 00:00:00+09:00,251.745361328125,252.51758636287386,251.745361328125,251.745361328125,1200,0.0,0.0
2011-01-04 00:00:00+09:00,250.97324664776144,261.7844018879727,250.97324664776144,261.0121765136719,1500,0.0,0.0
2011-01-05 00:00:00+09:00,261.0121765136719,261.0121765136719,261.0121765136719,261.0121765136719,600,0.0,0.0
2011-01-06 00:00:00+09:00,262.5565434598375,268.7343444824219,262.5565434598375,268.7343444824219,1500,0.0,0.0
2011-01-07 00:00:00+09:00,264.10101318359375,264.10101318359375,264.10101318359375,264.10101318359375,100,0.0,0.0
2011-01-11 00:00:00+09:00,264.8732604980469,264.8732604980469,264.8732604980469,264.8732604980469,100,0.0,0.0
2011-01-12 00:00:00+09:00,264.10101318359375,264.10101318359375,264.10101318359375,264.10101318359375,1000,0.0,0.0
2011-01-13 00:00:00+09:00,264.10098823879076,266.41766357421875,264.10098823879076,266.41766357421875,500,0.0,0.0
2011-01-14 00:00:00+09:00,264.8732133506001,266.41766357421875,264.8732133506001,266.41766357421875,300,0.0,0.0
2011-01-17 00:00:00+09:00,267.9621276855469,267.9621276855469,267.9621276855469,267.9621276855469,400,0.0,0.0
2011-01-18 00:00:00+09:00,267.9621276855469,267.9621276855469,267.9621276855469,267.9621276855469,600,0.0,0.0
2011-01-19 00:00:00+09:00,267.9620946465734,271.0509948730469,267.9620946465734,271.0509948730469,300,0.0,0.0
2011-01-20 00:00:00+09:00,270.2787780761719,270.2787780761719,270.2787780761719,270.2787780761719,100,0.0,0.0
2011-01-21 00:00:00+09:00,270.27884759329106,270.27884759329106,267.96217175677714,269.5066223144531,800,0.0,0.0
2011-01-24 00:00:00+09:00,269.5066223144531,269.5066223144531,269.5066223144531,269.5066223144531,100,0.0,0.0
2011-01-25 00:00:00+09:00,270.27878913326543,270.27878913326543,266.41766357421875,266.41766357421875,1300,0.0,0.0
2011-01-26 00:00:00+09:00,266.41766357421875,266.41766357421875,266.41766357421875,266.41766357421875,0,0.0,0.0
2011-01-27 00:00:00+09:00,270.2787698164285,271.0509948730469,265.6454194767183,271.0509948730469,1500,0.0,0.0
2011-01-28 00:00:00+09:00,273.3677034005106,276.45660400390625,267.18990219371943,276.45660400390625,2200,0.0,0.0
2011-01-31 00:00:00+09:00,271.0509948730469,271.0509948730469,270.2787698164285,271.0509948730469,2500,0.0,0.0
2011-02-01 00:00:00+09:00,271.0510225537797,274.1399230957031,271.0510225537797,274.1399230957031,300,0.0,0.0
2011-02-02 00:00:00+09:00,274.1399230957031,274.1399230957031,274.1399230957031,274.1399230957031,1100,0.0,0.0
2011-02-03 00:00:00+09:00,274.91215370220846,276.45660400390625,274.91215370220846,276.45660400390625,1500,0.0,0.0
2011-02-04 00:00:00+09:00,276.45660400390625,276.45660400390625,276.45660400390625,276.45660400390625,100,0.0,0.0
2011-02-07 00:00:00+09:00,276.4565652406315,277.2287902832031,274.9121151554883,277.2287902832031,1300,0.0,0.0
2011-02-08 00:00:00+09:00,276.45662394436926,277.22884915091777,271.8232727050781,271.8232727050781,2200,0.0,0.0
2011-02-09 00:00:00+09:00,273.367748708643,273.367748708643,268.73439703561513,269.5066223144531,2100,0.0,0.0
2011-02-10 00:00:00+09:00,267.9621276855469,267.9621276855469,267.9621276855469,267.9621276855469,100,0.0,0.0
2011-02-14 00:00:00+09:00,266.41768571269307,267.9621360646507,264.1010101847566,267.1899108886719,1700,0.0,0.0
2011-02-15 00:00:00+09:00,265.6454772949219,265.6454772949219,264.10102684553283,265.6454772949219,2100,0.0,0.0
2011-02-16 00:00:00+09:00,266.41769625923854,271.8232727050781,266.41769625923854,271.8232727050781,800,0.0,0.0
2011-02-17 00:00:00+09:00,269.5065529959542,270.2787780761719,264.8732025146484,270.2787780761719,600,0.0,0.0
2011-02-18 00:00:00+09:00,268.7343444824219,268.7343444824219,268.7343444824219,268.7343444824219,100,0.0,0.0
2011-02-21 00:00:00+09:00,272.5954701215372,272.5954701215372,267.1898942267758,268.7343444824219,2600,0.0,0.0
2011-02-22 00:00:00+09:00,269.5066223144531,269.5066223144531,269.5066223144531,269.5066223144531,100,0.0,0.0
2011-02-23 00:00:00+09:00,266.41766909895273,268.7343444824219,266.41766909895273,268.7343444824219,2200,0.0,0.0
2011-02-24 00:00:00+09:00,266.41771099657774,266.41771099657774,264.8732604980469,264.8732604980469,1300,0.0,0.0
2011-02-25 00:00:00+09:00,267.1898886860281,267.1898886860281,266.41766357421875,266.41766357421875,1000,0.0,0.0
2011-02-28 00:00:00+09:00,266.41766357421875,266.41766357421875,266.41766357421875,266.41766357421875,800,0.0,0.0
2011-03-01 00:00:00+09:00,273.3676534766178,273.3676534766178,272.5954284667969,272.5954284667969,1300,0.0,0.0
2011-03-02 00:00:00+09:00,270.2787780761719,270.2787780761719,270.2787780761719,270.2787780761719,800,0.0,0.0
2011-03-03 00:00:00+09:00,270.2787780761719,270.2787780761719,270.2787780761719,270.2787780761719,200,0.0,0.0
2011-03-04 00:00:00+09:00,270.2787780761719,270.2787780761719,270.2787780761719,270.2787780761719,200,0.0,0.0
2011-03-07 00:00:00+09:00,267.9621360646507,267.9621360646507,267.1899108886719,267.1899108886719,2000,0.0,0.0
2011-03-08 00:00:00+09:00,267.1899108886719,267.1899108886719,267.1899108886719,267.1899108886719,0,0.0,0.0
2011-03-09 00:00:00+09:00,267.9621360646507,267.9621360646507,267.1899108886719,267.1899108886719,400,0.0,0.0
2011-03-10 00:00:00+09:00,266.41766357421875,266.41766357421875,266.41766357421875,266.41766357421875,600,0.0,0.0
2011-03-11 00:00:00+09:00,264.10101318359375,264.10101318359375,264.10101318359375,264.10101318359375,2000,0.0,0.0
2011-03-14 00:00:00+09:00,264.10101318359375,264.10101318359375,264.10101318359375,264.10101318359375,0,0.0,0.0
2011-03-15 00:00:00+09:00,230.12307635613206,230.12307635613206,202.3229731721698,204.6396484375,22800,0.0,0.0
2011-03-16 00:00:00+09:00,206.18411232927718,216.22303914680754,206.18411232927718,214.6785888671875,2200,0.0,0.0
2011-03-17 00:00:00+09:00,212.36193426724137,223.94531249999997,212.36193426724137,223.9453125,700,0.0,0.0
2011-03-18 00:00:00+09:00,225.489748062626,247.11205267137098,225.489748062626,239.38980102539062,4100,0.0,0.0
2011-03-22 00:00:00+09:00,250.97317949731521,250.97317949731521,246.33982849121094,246.33982849121094,3500,0.0,0.0
2011-03-23 00:00:00+09:00,246.33982849121094,247.11205365889498,246.33982849121094,246.33982849121094,6500,0.0,0.0
2011-03-24 00:00:00+09:00,247.11203002929688,247.11203002929688,247.11203002929688,247.11203002929688,1600,0.0,0.0
2011-03-25 00:00:00+09:00,252.51760568618772,252.51760568618772,247.11203002929688,247.11203002929688,1700,0.0,0.0
2011-03-28 00:00:00+09:00,247.11203002929688,247.11203002929688,247.11203002929688,247.11203002929688,500,0.0,0.0
2011-03-29 00:00:00+09:00,250.20093176499856,250.20093176499856,245.56758117675784,245.5675811767578,400,0.0,0.0
2011-03-30 00:00:00+09:00,247.11203137283806,247.11203137283806,245.56758117675784,245.5675811767578,2700,0.0,0.0
2011-03-31 00:00:00+09:00,247.11203137283806,247.8842564708782,245.56758117675784,245.5675811767578,2200,0.0,0.0
2011-04-01 00:00:00+09:00,247.11203002929688,247.11203002929688,247.11203002929688,247.11203002929688,300,0.0,0.0
2011-04-04 00:00:00+09:00,247.11203002929688,247.11203002929688,247.11203002929688,247.11203002929688,700,0.0,0.0
2011-04-05 00:00:00+09:00,242.47869873046875,242.47869873046875,242.47869873046875,242.47869873046875,600,0.0,0.0
2011-04-06 00:00:00+09:00,243.25090702244492,243.25090702244492,233.98420580254225,235.52865600585938,8600,0.0,0.0
2011-04-07 00:00:00+09:00,239.38980102539062,239.38980102539062,239.38980102539062,239.38980102539062,200,0.0,0.0
2011-04-08 00:00:00+09:00,243.2509002685547,243.2509002685547,243.2509002685547,243.2509002685547,1100,0.0,0.0
2011-04-11 00:00:00+09:00,243.2509002685547,243.2509002685547,243.2509002685547,243.2509002685547,1100,0.0,0.0
2011-04-12 00:00:00+09:00,247.11203002929688,247.11203002929688,242.47867946624754,247.11203002929688,2300,0.0,0.0
2011-04-13 00:00:00+09:00,247.11203002929688,247.11203002929688,247.11203002929688,247.11203002929688,500,0.0,0.0
2011-04-14 00:00:00+09:00,247.11203002929688,247.11203002929688,247.11203002929688,247.11203002929688,500,0.0,0.0
2011-04-15 00:00:00+09:00,247.11203002929688,247.11203002929688,247.11203002929688,247.11203002929688,500,0.0,0.0
2011-04-18 00:00:00+09:00,247.11203002929688,247.11203002929688,247.11203002929688,247.11203002929688,500,0.0,0.0
2011-04-19 00:00:00+09:00,249.4287109375,249.4287109375,249.4287109375,249.4287109375,700,0.0,0.0
2011-04-20 00:00:00+09:00,249.4287109375,249.4287109375,249.4287109375,249.4287109375,300,0.0,0.0
2011-04-21 00:00:00+09:00,250.20091247558594,250.20091247558594,250.20091247558594,250.20091247558594,100,0.0,0.0
2011-04-22 00:00:00+09:00,249.4287109375,249.4287109375,249.4287109375,249.4287109375,1000,0.0,0.0
2011-04-25 00:00:00+09:00,251.74538489708533,251.74538489708533,250.97315979003906,250.97315979003906,300,0.0,0.0
2011-04-26 00:00:00+09:00,253.2898307800293,253.2898307800293,247.11203002929688,247.11203002929688,700,0.0,0.0
2011-04-27 00:00:00+09:00,253.28981018066406,253.28981018066406,253.28981018066406,253.28981018066406,200,0.0,0.0
2011-04-28 00:00:00+09:00,253.28981018066406,253.28981018066406,253.28981018066406,253.28981018066406,200,0.0,0.0
2011-05-02 00:00:00+09:00,253.28981018066406,253.28981018066406,253.28981018066406,253.28981018066406,0,0.0,0.0
2011-05-06 00:00:00+09:00,247.11203002929688,247.11203002929688,247.11203002929688,247.11203002929688,0,0.0,0.0
2011-05-09 00:00:00+09:00,247.11203002929688,247.11203002929688,247.11203002929688,247.11203002929688,0,0.0,0.0
2011-05-10 00:00:00+09:00,247.11203002929688,247.11203002929688,247.11203002929688,247.11203002929688,200,0.0,0.0
2011-05-11 00:00:00+09:00,250.2009360487616,250.9731611600232,249.4287109375,249.4287109375,2400,0.0,0.0
2011-05-12 00:00:00+09:00,252.5175688310103,254.83424377441406,252.5175688310103,254.83424377441406,2500,0.0,0.0
2011-05-13 00:00:00+09:00,254.8342602427413,254.8342602427413,253.28981018066406,253.28981018066406,700,0.0,0.0
2011-05-16 00:00:00+09:00,254.83424377441406,254.83424377441406,250.97311886874112,254.83424377441406,1400,0.0,0.0
2011-05-17 00:00:00+09:00,254.83424377441406,254.83424377441406,254.83424377441406,254.83424377441406,1400,0.0,0.0
2011-05-18 00:00:00+09:00,254.83424377441406,254.83424377441406,254.83424377441406,254.83424377441406,1400,0.0,0.0
2011-05-19 00:00:00+09:00,254.83424377441406,254.83424377441406,254.83424377441406,254.83424377441406,100,0.0,0.0
2011-05-20 00:00:00+09:00,254.83424377441406,254.83424377441406,254.83424377441406,254.83424377441406,500,0.0,0.0
2011-05-23 00:00:00+09:00,254.83424377441406,254.83424377441406,254.83424377441406,254.83424377441406,200,0.0,0.0
2011-05-24 00:00:00+09:00,254.83424377441406,254.83424377441406,254.83424377441406,254.83424377441406,200,0.0,0.0
2011-05-25 00:00:00+09:00,255.60650634765628,255.60650634765628,255.60650634765628,255.60650634765625,100,0.0,0.0
2011-05-26 00:00:00+09:00,255.60650634765628,255.60650634765628,255.60650634765628,255.60650634765625,300,0.0,0.0
2011-05-27 00:00:00+09:00,255.60650634765628,255.60650634765628,255.60650634765628,255.60650634765625,200,0.0,0.0
2011-05-30 00:00:00+09:00,255.60650634765628,255.60650634765628,255.60650634765628,255.60650634765625,0,0.0,0.0
2011-05-31 00:00:00+09:00,255.60650634765628,255.60650634765628,255.60650634765628,255.60650634765625,0,0.0,0.0
2011-06-01 00:00:00+09:00,255.60650634765628,255.60650634765628,255.60650634765628,255.60650634765625,200,0.0,0.0
2011-06-02 00:00:00+09:00,243.2509045600891,249.42870531082153,243.2509045600891,247.11203002929688,3300,0.0,0.0
2011-06-03 00:00:00+09:00,254.06214814496465,261.0121765136719,254.06214814496465,261.0121765136719,2500,0.0,0.0
2011-06-06 00:00:00+09:00,261.0121765136719,261.0121765136719,261.0121765136719,261.0121765136719,2500,0.0,0.0
2011-06-07 00:00:00+09:00,248.65644392533736,254.83424377441406,248.65644392533736,254.83424377441406,2100,0.0,0.0
2011-06-08 00:00:00+09:00,251.745361328125,251.745361328125,251.745361328125,251.745361328125,100,0.0,0.0
2011-06-09 00:00:00+09:00,246.3398270176207,247.88427734375,246.3398270176207,247.88427734375,1200,0.0,0.0
2011-06-10 00:00:00+09:00,257.1509704589844,257.1509704589844,257.1509704589844,257.1509704589844,300,0.0,0.0
2011-06-13 00:00:00+09:00,257.1509704589844,257.1509704589844,257.1509704589844,257.1509704589844,300,0.0,0.0
2011-06-14 00:00:00+09:00,257.1509704589844,257.1509704589844,257.1509704589844,257.1509704589844,500,0.0,0.0
2011-06-15 00:00:00+09:00,257.1509704589844,257.1509704589844,257.1509704589844,257.1509704589844,500,0.0,0.0
2011-06-16 00:00:00+09:00,257.1509704589844,257.1509704589844,257.1509704589844,257.1509704589844,500,0.0,0.0
2011-06-17 00:00:00+09:00,250.97316936687665,257.1509704589844,250.97316936687665,257.1509704589844,4500,0.0,0.0
2011-06-20 00:00:00+09:00,257.1509704589844,257.1509704589844,257.1509704589844,257.1509704589844,4500,0.0,0.0
2011-06-21 00:00:00+09:00,256.3787536621094,256.3787536621094,256.3787536621094,256.3787536621094,800,0.0,0.0
2011-06-22 00:00:00+09:00,254.83424377441406,254.83424377441406,254.83424377441406,254.83424377441406,100,0.0,0.0
2011-06-23 00:00:00+09:00,255.60652850047651,256.3787536621094,255.60652850047651,256.3787536621094,1600,0.0,0.0
2011-06-24 00:00:00+09:00,256.3787536621094,256.3787536621094,256.3787536621094,256.3787536621094,100,0.0,0.0
2011-06-27 00:00:00+09:00,255.60650634765628,255.60650634765628,255.60650634765628,255.60650634765625,100,0.0,0.0
2011-06-28 00:00:00+09:00,255.60650634765628,255.60650634765628,255.60650634765628,255.60650634765625,2000,0.0,0.0
2011-06-29 00:00:00+09:00,255.60652449954904,255.60652449954904,251.7453987518217,252.5176239013672,1000,0.0,0.0
2011-06-30 00:00:00+09:00,254.83424377441406,254.83424377441406,254.83424377441406,254.83424377441406,700,0.0,0.0
2011-07-01 00:00:00+09:00,255.60646875554863,255.60646875554863,254.83424377441406,254.83424377441406,1600,0.0,0.0
2011-07-04 00:00:00+09:00,254.83424377441406,254.83424377441406,254.06201879327946,254.83424377441406,1900,0.0,0.0
2011-07-05 00:00:00+09:00,256.37873144236215,256.37873144236215,254.06205615824445,255.60650634765625,1200,0.0,0.0
2011-07-06 00:00:00+09:00,255.60646875554863,255.60646875554863,254.83424377441406,254.83424377441406,900,0.0,0.0
2011-07-07 00:00:00+09:00,256.3787536621094,256.3787536621094,256.3787536621094,256.3787536621094,100,0.0,0.0
2011-07-08 00:00:00+09:00,256.3787536621094,256.3787536621094,256.3787536621094,256.3787536621094,2200,0.0,0.0
2011-07-11 00:00:00+09:00,256.37882426786706,261.0121765136719,256.37882426786706,261.0121765136719,800,0.0,0.0
2011-07-12 00:00:00+09:00,261.01210167294454,261.01210167294454,259.4676513671875,259.4676513671875,200,0.0,0.0
2011-07-13 00:00:00+09:00,261.0121071064367,261.7843322753906,261.0121071064367,261.7843322753906,900,0.0,0.0
2011-07-14 00:00:00+09:00,261.7843212780652,262.55654641457863,257.1509704589844,257.1509704589844,2900,0.0,0.0
2011-07-15 00:00:00+09:00,261.7843212780652,262.55654641457863,257.1509704589844,257.1509704589844,2900,0.0,0.0
2011-07-19 00:00:00+09:00,258.6954482443609,260.2398986816406,255.60654736980132,260.2398986816406,2900,0.0,0.0
2011-07-20 00:00:00+09:00,259.46765974813434,259.46765974813434,258.6954345703125,258.6954345703125,600,0.0,0.0
2011-07-21 00:00:00+09:00,258.6954345703125,258.6954345703125,258.6954345703125,258.6954345703125,1000,0.0,0.0
2011-07-22 00:00:00+09:00,258.6954345703125,258.6954345703125,258.6954345703125,258.6954345703125,1000,0.0,0.0
2011-07-25 00:00:00+09:00,260.2398986816406,260.2398986816406,260.2398986816406,260.2398986816406,100,0.0,0.0
2011-07-26 00:00:00+09:00,260.2398986816406,260.2398986816406,260.2398986816406,260.2398986816406,300,0.0,0.0
2011-07-27 00:00:00+09:00,260.2398849259561,260.2398849259561,258.6954345703125,258.6954345703125,200,0.0,0.0
2011-07-28 00:00:00+09:00,257.15097882374226,257.15097882374226,256.3787536621094,256.3787536621094,1100,0.0,0.0
2011-07-29 00:00:00+09:00,261.0121071064367,261.7843322753906,261.0121071064367,261.7843322753906,400,0.0,0.0
2011-08-01 00:00:00+09:00,261.01211010377796,261.01211010377796,258.6954345703125,258.6954345703125,200,0.0,0.0
2011-08-02 00:00:00+09:00,257.9232177734375,257.9232177734375,257.9232177734375,257.9232177734375,400,0.0,0.0
2011-08-03 00:00:00+09:00,259.46766817926647,259.46766817926647,257.9232177734375,257.9232177734375,1000,0.0,0.0
2011-08-04 00:00:00+09:00,259.46764586852476,261.7843212780652,257.1509704589844,257.1509704589844,2400,0.0,0.0
2011-08-05 00:00:00+09:00,254.83429504944397,257.1509704589844,253.28984477641703,257.1509704589844,4300,0.0,0.0
2011-08-08 00:00:00+09:00,258.6954108605018,258.6954108605018,250.97315979003906,250.97315979003906,2100,0.0,0.0
2011-08-09 00:00:00+09:00,247.8842901355492,257.9232177734375,247.8842901355492,257.9232177734375,200,0.0,0.0
2011-08-10 00:00:00+09:00,257.9232177734375,257.9232177734375,257.9232177734375,257.9232177734375,300,0.0,0.0
2011-08-11 00:00:00+09:00,250.97315979003906,250.97315979003906,250.97315979003906,250.97315979003906,300,0.0,0.0
2011-08-12 00:00:00+09:00,255.60649234110824,255.60649234110824,254.06204223632812,254.06204223632812,800,0.0,0.0
2011-08-15 00:00:00+09:00,254.06204223632812,254.06204223632812,254.06204223632812,254.06204223632812,300,0.0,0.0
2011-08-16 00:00:00+09:00,255.60650634765628,255.60650634765628,255.60650634765628,255.60650634765625,100,0.0,0.0
2011-08-17 00:00:00+09:00,257.9231436989524,257.9231436989524,254.83424377441406,254.83424377441406,2300,0.0,0.0
2011-08-18 00:00:00+09:00,258.6954345703125,258.6954345703125,258.6954345703125,258.6954345703125,800,0.0,0.0
2011-08-19 00:00:00+09:00,255.60652850047651,257.15097882374226,254.83430333884365,256.3787536621094,2200,0.0,0.0
2011-08-22 00:00:00+09:00,257.92320939249066,258.6954345703125,256.378759036847,258.6954345703125,900,0.0,0.0
2011-08-23 00:00:00+09:00,258.6954345703125,258.6954345703125,258.6954345703125,258.6954345703125,900,0.0,0.0
2011-08-24 00:00:00+09:00,259.4676513671875,259.4676513671875,259.4676513671875,259.4676513671875,500,0.0,0.0
2011-08-25 00:00:00+09:00,259.4676513671875,259.4676513671875,259.4676513671875,259.4676513671875,500,0.0,0.0
2011-08-26 00:00:00+09:00,259.4676513671875,259.4676513671875,259.4676513671875,259.4676513671875,300,0.0,0.0
2011-08-29 00:00:00+09:00,259.4676734630007,260.2398986816406,259.4676734630007,260.2398986816406,1200,0.0,0.0
2011-08-30 00:00:00+09:00,261.0121765136719,261.0121765136719,261.0121765136719,261.0121765136719,200,0.0,0.0
2011-08-31 00:00:00+09:00,261.01209878360527,262.5565490722656,261.01209878360527,262.5565490722656,1000,0.0,0.0
2011-09-01 00:00:00+09:00,264.1010780108751,264.1010780108751,261.0121765136719,261.0121765136719,600,0.0,0.0
2011-09-02 00:00:00+09:00,262.55656045942163,262.55656045942163,258.6954345703125,258.6954345703125,900,0.0,0.0
2011-09-05 00:00:00+09:00,258.6954345703125,258.6954345703125,258.6954345703125,258.6954345703125,500,0.0,0.0
2011-09-06 00:00:00+09:00,261.7843437880099,270.27882102006924,257.9232177734375,257.9232177734375,2200,0.0,0.0
2011-09-07 00:00:00+09:00,267.9621276855469,267.9621276855469,267.9621276855469,267.9621276855469,200,0.0,0.0
2011-09-08 00:00:00+09:00,262.5565574443446,262.5565574443446,257.1509812616669,261.7843322753906,700,0.0,0.0
2011-09-09 00:00:00+09:00,262.5565490722656,262.5565490722656,262.5565490722656,262.5565490722656,100,0.0,0.0
2011-09-12 00:00:00+09:00,261.0121765136719,261.0121765136719,261.0121765136719,261.0121765136719,500,0.0,0.0
2011-09-13 00:00:00+09:00,261.0121765136719,261.0121765136719,261.0121765136719,261.0121765136719,500,0.0,0.0
2011-09-14 00:00:00+09:00,261.0121765136719,261.0121765136719,261.0121765136719,261.0121765136719,100,0.0,0.0
2011-09-15 00:00:00+09:00,261.0121765136719,261.0121765136719,261.0121765136719,261.0121765136719,3000,0.0,0.0
2011-09-16 00:00:00+09:00,264.10099936092604,267.962125082577,262.5565490722656,262.5565490722656,1300,0.0,0.0
2011-09-20 00:00:00+09:00,262.55655197870163,262.55655197870163,257.9232010614304,259.4676513671875,2100,0.0,0.0
2011-09-21 00:00:00+09:00,261.7843322753906,261.7843322753906,261.7843322753906,261.7843322753906,600,0.0,0.0
2011-09-22 00:00:00+09:00,258.6955003907695,261.0121765136719,258.6955003907695,261.0121765136719,1100,0.0,0.0
2011-09-26 00:00:00+09:00,260.2399511393711,261.0121765136719,258.6955003907695,261.0121765136719,1600,0.0,0.0
2011-09-27 00:00:00+09:00,264.1010453625873,269.5066223144531,261.01214424723537,269.5066223144531,3500,0.0,0.0
2011-09-28 00:00:00+09:00,264.6939272996856,264.6939272996856,263.0897216796875,263.0897216796875,700,13.0,0.0
2011-09-29 00:00:00+09:00,262.2876281738281,262.2876281738281,262.2876281738281,262.2876281738281,500,0.0,0.0
2011-09-30 00:00:00+09:00,260.68344577201543,265.4960632324219,260.68344577201543,265.4960632324219,600,0.0,0.0
2011-10-03 00:00:00+09:00,265.4960057764878,265.4960057764878,259.88128662109375,259.88128662109375,2400,0.0,0.0
2011-10-04 00:00:00+09:00,262.2875701904297,264.6938781738281,262.2875701904297,264.6938781738281,200,0.0,0.0
2011-10-05 00:00:00+09:00,264.6938781738281,264.6938781738281,264.6938781738281,264.6938781738281,200,0.0,0.0
2011-10-06 00:00:00+09:00,266.2981614332933,266.2981614332933,260.6834411621094,260.6834411621094,800,0.0,0.0
2011-10-07 00:00:00+09:00,259.0792236328125,259.0792236328125,259.0792236328125,259.0792236328125,100,0.0,0.0
2011-10-11 00:00:00+09:00,260.6834411621094,260.6834411621094,260.6834411621094,260.6834411621094,700,0.0,0.0
2011-10-12 00:00:00+09:00,260.6834411621094,260.6834411621094,260.6834411621094,260.6834411621094,700,0.0,0.0
2011-10-13 00:00:00+09:00,261.48553466796875,261.48553466796875,261.48553466796875,261.48553466796875,100,0.0,0.0
2011-10-14 00:00:00+09:00,261.48553466796875,261.48553466796875,261.48553466796875,261.48553466796875,100,0.0,0.0
2011-10-17 00:00:00+09:00,261.48553466796875,261.48553466796875,261.48553466796875,261.48553466796875,100,0.0,0.0
2011-10-18 00:00:00+09:00,261.48553466796875,261.48553466796875,261.48553466796875,261.48553466796875,0,0.0,0.0
2011-10-19 00:00:00+09:00,261.48553466796875,261.48553466796875,261.48553466796875,261.48553466796875,100,0.0,0.0
2011-10-20 00:00:00+09:00,260.6834411621094,260.6834411621094,260.6834411621094,260.6834411621094,500,0.0,0.0
2011-10-21 00:00:00+09:00,261.4855160596894,263.0897216796875,260.6834132496904,263.0897216796875,1100,0.0,0.0
2011-10-24 00:00:00+09:00,260.6834411621094,260.6834411621094,260.6834411621094,260.6834411621094,100,0.0,0.0
2011-10-25 00:00:00+09:00,261.48553466796875,261.48553466796875,261.48553466796875,261.48553466796875,500,0.0,0.0
2011-10-26 00:00:00+09:00,263.0897498497596,263.0897498497596,260.6834411621094,260.6834411621094,600,0.0,0.0
2011-10-27 00:00:00+09:00,261.48553466796875,261.48553466796875,261.48553466796875,261.48553466796875,800,0.0,0.0
2011-10-28 00:00:00+09:00,263.8918388297966,267.1002502441406,263.8918388297966,267.1002502441406,600,0.0,0.0
2011-10-31 00:00:00+09:00,267.1002502441406,267.1002502441406,267.1002502441406,267.1002502441406,600,0.0,0.0
2011-11-01 00:00:00+09:00,256.67291259765625,256.67291259765625,256.67291259765625,256.67291259765625,1000,0.0,0.0
2011-11-02 00:00:00+09:00,259.0792236328125,259.0792236328125,258.27712077326817,259.0792236328125,600,0.0,0.0
2011-11-04 00:00:00+09:00,259.0792236328125,259.0792236328125,259.0792236328125,259.0792236328125,600,0.0,0.0
2011-11-07 00:00:00+09:00,259.0792236328125,259.0792236328125,259.0792236328125,259.0792236328125,600,0.0,0.0
2011-11-08 00:00:00+09:00,259.0792236328125,259.0792236328125,259.0792236328125,259.0792236328125,600,0.0,0.0
2011-11-09 00:00:00+09:00,258.2770568847656,264.6938781738281,258.2770568847656,264.6938781738281,300,0.0,0.0
2011-11-10 00:00:00+09:00,264.6938781738281,264.6938781738281,264.6938781738281,264.6938781738281,300,0.0,0.0
2011-11-11 00:00:00+09:00,264.6938781738281,264.6938781738281,264.6938781738281,264.6938781738281,300,0.0,0.0
2011-11-14 00:00:00+09:00,264.6938781738281,264.6938781738281,264.6938781738281,264.6938781738281,300,0.0,0.0
2011-11-15 00:00:00+09:00,264.6938781738281,264.6938781738281,264.6938781738281,264.6938781738281,300,0.0,0.0
2011-11-16 00:00:00+09:00,264.6938781738281,264.6938781738281,264.6938781738281,264.6938781738281,300,0.0,0.0
2011-11-17 00:00:00+09:00,264.6938781738281,264.6938781738281,264.6938781738281,264.6938781738281,300,0.0,0.0
2011-11-18 00:00:00+09:00,259.88128662109375,259.88128662109375,259.88128662109375,259.88128662109375,400,0.0,0.0
2011-11-21 00:00:00+09:00,259.88128662109375,259.88128662109375,259.88128662109375,259.88128662109375,400,0.0,0.0
2011-11-22 00:00:00+09:00,259.88128662109375,259.88128662109375,259.88128662109375,259.88128662109375,0,0.0,0.0
2011-11-24 00:00:00+09:00,256.67291259765625,256.67291259765625,256.67291259765625,256.67291259765625,200,0.0,0.0
2011-11-25 00:00:00+09:00,256.67291259765625,256.67291259765625,256.67291259765625,256.67291259765625,300,0.0,0.0
2011-11-28 00:00:00+09:00,256.67291259765625,256.67291259765625,256.67291259765625,256.67291259765625,300,0.0,0.0
2011-11-29 00:00:00+09:00,256.67293500296677,260.68344961238813,253.4645233154297,253.4645233154297,2800,0.0,0.0
2011-11-30 00:00:00+09:00,256.6729160524764,256.6729160524764,255.06871032714844,255.06871032714844,2200,0.0,0.0
2011-12-01 00:00:00+09:00,255.06872915919823,255.06872915919823,253.4645233154297,253.4645233154297,2400,0.0,0.0
2011-12-02 00:00:00+09:00,253.4645233154297,255.06872915919823,253.4645233154297,253.4645233154297,2100,0.0,0.0
2011-12-05 00:00:00+09:00,255.06871032714844,255.87081318981242,255.06871032714844,255.06871032714844,1300,0.0,0.0
2011-12-06 00:00:00+09:00,255.06869245256695,255.06869245256695,252.66238403320312,252.66238403320312,700,0.0,0.0
2011-12-07 00:00:00+09:00,253.4645233154297,253.4645233154297,253.4645233154297,253.4645233154297,1300,0.0,0.0
2011-12-08 00:00:00+09:00,253.46452913976242,254.26663208007812,253.46452913976242,254.26663208007812,1000,0.0,0.0
2011-12-09 00:00:00+09:00,255.8708343505859,256.67293727958463,255.8708343505859,255.87083435058594,600,0.0,0.0
2011-12-12 00:00:00+09:00,256.67291259765625,256.67291259765625,256.67291259765625,256.67291259765625,300,0.0,0.0
2011-12-13 00:00:00+09:00,260.68344829238464,260.68344829238464,257.47503662109375,257.47503662109375,200,0.0,0.0
2011-12-14 00:00:00+09:00,260.68343036579637,260.68343036579637,255.06871032714844,255.06871032714844,1400,0.0,0.0
2011-12-15 00:00:00+09:00,259.0792246404684,259.0792246404684,254.26660746448445,255.06871032714844,900,0.0,0.0
2011-12-16 00:00:00+09:00,259.0792246404684,259.0792246404684,254.26660746448445,255.06871032714844,900,0.0,0.0
2011-12-19 00:00:00+09:00,256.6728980654762,256.6728980654762,252.66238403320312,252.66238403320312,1300,0.0,0.0
2011-12-20 00:00:00+09:00,255.87079525902158,255.87079525902158,251.0581784202939,252.66238403320312,3600,0.0,0.0
2011-12-21 00:00:00+09:00,253.46448683965772,253.46448683965772,252.66238403320312,252.66238403320312,1300,0.0,0.0
2011-12-22 00:00:00+09:00,255.87081318981242,255.87081318981242,255.06871032714844,255.06871032714844,200,0.0,0.0
2011-12-26 00:00:00+09:00,255.06871032714844,255.06871032714844,255.06871032714844,255.06871032714844,0,0.0,0.0
2011-12-27 00:00:00+09:00,256.67287567515433,259.88128662109375,256.67287567515433,259.88128662109375,200,0.0,0.0
2011-12-28 00:00:00+09:00,259.88128662109375,259.88128662109375,259.88128662109375,259.88128662109375,200,0.0,0.0
2011-12-29 00:00:00+09:00,264.6939665695716,264.6939665695716,253.4645255635898,255.87083435058594,1300,0.0,0.0
2011-12-30 00:00:00+09:00,258.2771301269531,258.2771301269531,258.2771301269531,258.2771301269531,200,0.0,0.0
2012-01-04 00:00:00+09:00,259.88128662109375,259.88128662109375,259.88128662109375,259.88128662109375,200,0.0,0.0
2012-01-05 00:00:00+09:00,263.89182448968654,263.89182448968654,263.0897216796875,263.0897216796875,300,0.0,0.0
2012-01-06 00:00:00+09:00,263.8918151855469,268.7044318758608,263.8918151855469,263.8918151855469,500,0.0,0.0
2012-01-10 00:00:00+09:00,264.6939648365055,270.3086853027344,263.8918619127585,270.3086853027344,3000,0.0,0.0
2012-01-11 00:00:00+09:00,269.506591796875,269.506591796875,269.506591796875,269.506591796875,400,0.0,0.0
2012-01-12 00:00:00+09:00,271.11083984375,271.9129429202108,265.4961183085244,271.11083984375,600,0.0,0.0
2012-01-13 00:00:00+09:00,270.3087367672892,271.11083984375,270.3087367672892,271.11083984375,700,0.0,0.0
2012-01-16 00:00:00+09:00,272.7149963378906,272.7149963378906,266.29817289464614,272.7149963378906,1700,0.0,0.0
2012-01-17 00:00:00+09:00,272.71500579023785,272.71500579023785,271.11079987382465,271.91290283203125,500,0.0,0.0
2012-01-18 00:00:00+09:00,271.91290283203125,272.71500579023785,271.91290283203125,271.91290283203125,900,0.0,0.0
2012-01-19 00:00:00+09:00,268.70447718454693,268.70447718454693,267.9023742675781,267.9023742675781,200,0.0,0.0
2012-01-20 00:00:00+09:00,273.51711090266355,274.3192138671875,272.7150079381396,274.3192138671875,1200,0.0,0.0
2012-01-23 00:00:00+09:00,272.7149937220982,280.73602294921875,272.7149937220982,280.73602294921875,3300,0.0,0.0
2012-01-24 00:00:00+09:00,274.3192138671875,274.3192138671875,274.3192138671875,274.3192138671875,200,0.0,0.0
2012-01-25 00:00:00+09:00,279.1318220577852,279.1318220577852,273.5171014991516,275.1213073730469,1400,0.0,0.0
2012-01-26 00:00:00+09:00,279.1318220577852,279.1318220577852,275.1213073730469,275.1213073730469,300,0.0,0.0
2012-01-27 00:00:00+09:00,275.1213002493471,278.3297119140625,275.1213002493471,278.3297119140625,400,0.0,0.0
2012-01-30 00:00:00+09:00,278.3296694548234,278.3296694548234,276.7254638671875,276.7254638671875,300,0.0,0.0
2012-01-31 00:00:00+09:00,275.1213073730469,275.1213073730469,275.1213073730469,275.1213073730469,100,0.0,0.0
2012-02-01 00:00:00+09:00,275.1213073730469,275.1213073730469,275.1213073730469,275.1213073730469,100,0.0,0.0
2012-02-02 00:00:00+09:00,276.7254638671875,276.7254638671875,276.7254638671875,276.7254638671875,100,0.0,0.0
2012-02-03 00:00:00+09:00,280.73599560013236,293.56964111328125,280.73599560013236,293.56964111328125,3500,0.0,0.0
2012-02-06 00:00:00+09:00,285.5486523021351,286.35075525804,281.5381375226107,282.3402404785156,1000,0.0,0.0
2012-02-07 00:00:00+09:00,284.74652099609375,284.74652099609375,284.74652099609375,284.74652099609375,500,0.0,0.0
2012-02-08 00:00:00+09:00,284.74652564388583,284.74652564388583,279.1318054199219,279.1318054199219,1200,0.0,0.0
2012-02-09 00:00:00+09:00,279.1318054199219,279.1318054199219,279.1318054199219,279.1318054199219,1200,0.0,0.0
2012-02-10 00:00:00+09:00,276.7254508993781,283.14227294921875,276.7254508993781,283.14227294921875,600,0.0,0.0
2012-02-13 00:00:00+09:00,274.3191926600569,283.9444274902344,274.3191926600569,283.9444274902344,2900,0.0,0.0
2012-02-14 00:00:00+09:00,280.73602294921875,280.73602294921875,280.73602294921875,280.73602294921875,100,0.0,0.0
2012-02-15 00:00:00+09:00,280.73602294921875,280.73602294921875,280.73602294921875,280.73602294921875,100,0.0,0.0
2012-02-16 00:00:00+09:00,276.7255060817048,278.3297119140625,276.7255060817048,278.3297119140625,1300,0.0,0.0
2012-02-17 00:00:00+09:00,278.3297141810826,283.1423317173549,278.3297141810826,280.73602294921875,1500,0.0,0.0
2012-02-20 00:00:00+09:00,280.73602294921875,280.73602294921875,280.73602294921875,280.73602294921875,1000,0.0,0.0
2012-02-21 00:00:00+09:00,280.73602294921875,280.73602294921875,280.73602294921875,280.73602294921875,1200,0.0,0.0
2012-02-22 00:00:00+09:00,278.3297119140625,278.3297119140625,276.7255060817048,278.3297119140625,800,0.0,0.0
2012-02-23 00:00:00+09:00,278.3297235439705,279.9339294433594,278.3297235439705,279.9339294433594,600,0.0,0.0
2012-02-24 00:00:00+09:00,279.93392002650666,280.73602294921875,279.93392002650666,280.73602294921875,700,0.0,0.0
2012-02-27 00:00:00+09:00,284.74649717325497,284.74649717325497,281.5380859375,281.5380859375,600,0.0,0.0
2012-02-28 00:00:00+09:00,281.5380859375,281.5380859375,281.5380859375,281.5380859375,600,0.0,0.0
2012-02-29 00:00:00+09:00,275.9234054129464,280.73602294921875,275.9234054129464,280.73602294921875,1800,0.0,0.0
2012-03-01 00:00:00+09:00,276.7254638671875,276.7254638671875,276.7254638671875,276.7254638671875,2200,0.0,0.0
2012-03-02 00:00:00+09:00,276.7254638671875,276.7254638671875,276.7254638671875,276.7254638671875,300,0.0,0.0
2012-03-05 00:00:00+09:00,276.7254638671875,276.7254638671875,276.7254638671875,276.7254638671875,700,0.0,0.0
2012-03-06 00:00:00+09:00,276.7254638671875,276.7254638671875,276.7254638671875,276.7254638671875,0,0.0,0.0
2012-03-07 00:00:00+09:00,276.7254638671875,276.7254638671875,276.7254638671875,276.7254638671875,700,0.0,0.0
2012-03-08 00:00:00+09:00,276.7254638671875,276.7254638671875,276.7254638671875,276.7254638671875,0,0.0,0.0
2012-03-09 00:00:00+09:00,274.3192087954983,279.9339294433594,274.3192087954983,279.9339294433594,200,0.0,0.0
2012-03-12 00:00:00+09:00,279.9339294433594,279.9339294433594,279.9339294433594,279.9339294433594,0,0.0,0.0
2012-03-13 00:00:00+09:00,279.9339294433594,279.9339294433594,279.9339294433594,279.9339294433594,200,0.0,0.0
2012-03-14 00:00:00+09:00,279.93392723833205,279.93392723833205,277.5276184082031,277.5276184082031,200,0.0,0.0
2012-03-15 00:00:00+09:00,277.5276184082031,277.5276184082031,276.7255154648268,277.5276184082031,2000,0.0,0.0
2012-03-16 00:00:00+09:00,277.5276066979697,277.5276066979697,275.92340087890625,275.92340087890625,3800,0.0,0.0
2012-03-19 00:00:00+09:00,277.52756666100544,280.7359778362772,276.7254638671875,276.7254638671875,4000,0.0,0.0
2012-03-21 00:00:00+09:00,279.9339154265648,279.9339154265648,275.92340087890625,275.92340087890625,1700,0.0,0.0
2012-03-22 00:00:00+09:00,275.1213002493471,278.3297119140625,275.1213002493471,278.3297119140625,600,0.0,0.0
2012-03-23 00:00:00+09:00,279.9339083090596,280.7360111981973,279.1318054199219,279.1318054199219,3000,0.0,0.0
2012-03-26 00:00:00+09:00,279.9339177464202,279.9339177464202,277.52760899788365,278.3297119140625,2700,0.0,0.0
2012-03-27 00:00:00+09:00,276.72550378843795,276.72550378843795,275.92340087890625,275.92340087890625,2200,0.0,0.0
2012-03-28 00:00:00+09:00,276.72550378843795,276.72550378843795,271.91288633124776,275.92340087890625,1400,0.0,0.0
2012-03-29 00:00:00+09:00,275.92340316552594,278.3297119140625,272.7149915008105,278.3297119140625,800,0.0,0.0
2012-03-30 00:00:00+09:00,279.13182649366496,279.9339294433594,278.3297235439705,279.9339294433594,700,0.0,0.0
2012-04-02 00:00:00+09:00,279.9339294433594,280.73603239305385,277.5276205942761,279.9339294433594,2400,0.0,0.0
2012-04-03 00:00:00+09:00,277.5276205942761,279.9339294433594,277.5276205942761,279.9339294433594,4900,0.0,0.0
2012-04-04 00:00:00+09:00,280.7360183360965,281.5381212456282,275.92340087890625,275.92340087890625,10000,0.0,0.0
2012-04-05 00:00:00+09:00,275.12131683171145,275.12131683171145,272.7150079381396,274.3192138671875,3200,0.0,0.0
2012-04-06 00:00:00+09:00,274.3192066346979,277.5276184082031,274.3192066346979,277.5276184082031,500,0.0,0.0
2012-04-09 00:00:00+09:00,274.3191554857337,276.7254638671875,274.3191554857337,276.7254638671875,500,0.0,0.0
2012-04-10 00:00:00+09:00,278.32972135157945,278.32972135157945,277.5276184082031,277.5276184082031,400,0.0,0.0
2012-04-11 00:00:00+09:00,277.5276184082031,277.5276184082031,277.5276184082031,277.5276184082031,400,0.0,0.0
2012-04-12 00:00:00+09:00,274.3192044360992,275.1213073730469,274.3192044360992,275.1213073730469,3700,0.0,0.0
2012-04-13 00:00:00+09:00,274.3192138671875,274.3192138671875,274.3192138671875,274.3192138671875,1000,0.0,0.0
2012-04-16 00:00:00+09:00,272.71498924077946,275.92340087890625,272.71498924077946,275.92340087890625,1700,0.0,0.0
2012-04-17 00:00:00+09:00,275.12131174519277,279.9339294433594,275.12131174519277,279.9339294433594,2300,0.0,0.0
2012-04-18 00:00:00+09:00,279.9339294433594,279.9339294433594,279.9339294433594,279.9339294433594,2300,0.0,0.0
2012-04-19 00:00:00+09:00,279.9339294433594,279.9339294433594,279.13182649366496,279.9339294433594,400,0.0,0.0
2012-04-20 00:00:00+09:00,279.1318054199219,279.1318054199219,279.1318054199219,279.1318054199219,200,0.0,0.0
2012-04-23 00:00:00+09:00,276.7254967525088,279.1318054199219,276.7254967525088,279.1318054199219,500,0.0,0.0
2012-04-24 00:00:00+09:00,279.1318054199219,279.1318054199219,279.1318054199219,279.1318054199219,500,0.0,0.0
2012-04-25 00:00:00+09:00,276.7255154648268,277.5276184082031,276.7255154648268,277.5276184082031,200,0.0,0.0
2012-04-26 00:00:00+09:00,278.3297119140625,278.3297119140625,276.7255060817048,278.3297119140625,500,0.0,0.0
2012-04-27 00:00:00+09:00,278.3297119140625,278.3297119140625,278.3297119140625,278.3297119140625,100,0.0,0.0
2012-05-01 00:00:00+09:00,278.3297119140625,278.3297119140625,278.3297119140625,278.3297119140625,600,0.0,0.0
2012-05-02 00:00:00+09:00,278.3297119140625,278.3297119140625,278.3297119140625,278.3297119140625,600,0.0,0.0
2012-05-07 00:00:00+09:00,265.4961183085244,271.11083984375,265.4961183085244,271.11083984375,4500,0.0,0.0
2012-05-08 00:00:00+09:00,271.11074022101775,271.91284300273674,260.68340405867093,263.8918151855469,3300,0.0,0.0
2012-05-09 00:00:00+09:00,267.1001861572266,267.1001861572266,264.6938781738281,264.6938781738281,1000,0.0,0.0
2012-05-10 00:00:00+09:00,264.69391796726586,264.69391796726586,263.8918151855469,263.8918151855469,3800,0.0,0.0
2012-05-11 00:00:00+09:00,263.89182448968654,263.89182448968654,263.0897216796875,263.0897216796875,900,0.0,0.0
2012-05-14 00:00:00+09:00,265.4960301096846,265.4960301096846,263.0897216796875,263.0897216796875,1600,0.0,0.0
2012-05-15 00:00:00+09:00,262.2876375350484,262.2876375350484,261.48553466796875,261.48553466796875,800,0.0,0.0
2012-05-16 00:00:00+09:00,261.48552533537605,263.0897310122802,261.48552533537605,262.2876281738281,1700,0.0,0.0
2012-05-17 00:00:00+09:00,262.2876281738281,262.2876281738281,261.48552533537605,262.2876281738281,1200,0.0,0.0
2012-05-18 00:00:00+09:00,260.6834365660886,266.29815673828125,260.6834365660886,266.29815673828125,200,0.0,0.0
2012-05-21 00:00:00+09:00,266.29815673828125,266.29815673828125,266.29815673828125,266.29815673828125,200,0.0,0.0
2012-05-22 00:00:00+09:00,260.6834411621094,260.6834411621094,260.6834411621094,260.6834411621094,200,0.0,0.0
2012-05-23 00:00:00+09:00,260.6834411621094,261.4855440579928,260.6834411621094,260.6834411621094,600,0.0,0.0
2012-05-24 00:00:00+09:00,260.68344829238464,260.68344829238464,257.47503662109375,257.47503662109375,1000,0.0,0.0
2012-05-25 00:00:00+09:00,260.6834411621094,260.6834411621094,260.6834411621094,260.6834411621094,100,0.0,0.0
2012-05-28 00:00:00+09:00,257.4750295785757,260.6834411621094,257.4750295785757,260.6834411621094,800,0.0,0.0
2012-05-29 00:00:00+09:00,257.4750295785757,260.6834411621094,257.4750295785757,260.6834411621094,400,0.0,0.0
2012-05-30 00:00:00+09:00,260.68343036579637,260.68343036579637,255.06871032714844,255.06871032714844,2300,0.0,0.0
2012-05-31 00:00:00+09:00,255.06871032714844,256.6729160524764,255.06871032714844,255.06871032714844,1200,0.0,0.0
2012-06-01 00:00:00+09:00,255.06873502039383,255.06873502039383,253.46452913976242,254.26663208007812,1700,0.0,0.0
2012-06-04 00:00:00+09:00,254.26658964611235,254.26658964611235,251.8602812267485,252.66238403320312,800,0.0,0.0
2012-06-05 00:00:00+09:00,251.86031287408645,251.86031287408645,248.6519012451172,248.6519012451172,5800,0.0,0.0
2012-06-06 00:00:00+09:00,251.86032104492188,251.86032104492188,251.86032104492188,251.86032104492188,200,0.0,0.0
2012-06-07 00:00:00+09:00,255.8708343505859,255.8708343505859,255.8708343505859,255.87083435058594,200,0.0,0.0
2012-06-08 00:00:00+09:00,252.66242397818596,252.66242397818596,251.86032104492188,251.86032104492188,200,0.0,0.0
2012-06-11 00:00:00+09:00,253.4645255635898,255.8708343505859,253.4645255635898,255.87083435058594,500,0.0,0.0
2012-06-12 00:00:00+09:00,259.0792236328125,259.0792236328125,259.0792236328125,259.0792236328125,500,0.0,0.0
2012-06-13 00:00:00+09:00,257.47503662109375,257.47503662109375,257.47503662109375,257.47503662109375,800,0.0,0.0
2012-06-14 00:00:00+09:00,257.47503662109375,257.47503662109375,257.47503662109375,257.47503662109375,800,0.0,0.0
2012-06-15 00:00:00+09:00,256.67291259765625,256.67291259765625,256.67291259765625,256.67291259765625,1900,0.0,0.0
2012-06-18 00:00:00+09:00,256.6729266826923,260.6834411621094,256.6729266826923,260.6834411621094,200,0.0,0.0
2012-06-19 00:00:00+09:00,256.67293370327104,257.47503662109375,256.67293370327104,257.47503662109375,900,0.0,0.0
2012-06-20 00:00:00+09:00,255.87083208108248,256.67293500296677,253.4645233154297,253.4645233154297,700,0.0,0.0
2012-06-21 00:00:00+09:00,256.67291259765625,257.47501544952394,256.67291259765625,256.67291259765625,300,0.0,0.0
2012-06-22 00:00:00+09:00,257.47503662109375,257.47503662109375,257.47503662109375,257.47503662109375,500,0.0,0.0
2012-06-25 00:00:00+09:00,259.07924245673917,259.8813453745619,257.47503662109375,257.47503662109375,400,0.0,0.0
2012-06-26 00:00:00+09:00,258.2771301269531,258.2771301269531,258.2771301269531,258.2771301269531,100,0.0,0.0
2012-06-27 00:00:00+09:00,259.07923537034253,260.6834411621094,259.07923537034253,260.6834411621094,700,0.0,0.0
2012-06-28 00:00:00+09:00,259.88131043969133,263.0897216796875,259.88131043969133,263.0897216796875,300,0.0,0.0
2012-06-29 00:00:00+09:00,260.6834411621094,260.6834411621094,259.07923537034253,260.6834411621094,900,0.0,0.0
2012-07-02 00:00:00+09:00,260.6834132496904,263.0897216796875,260.6834132496904,263.0897216796875,800,0.0,0.0
2012-07-03 00:00:00+09:00,263.0897404021281,263.8918432692077,261.48553466796875,261.48553466796875,700,0.0,0.0
2012-07-04 00:00:00+09:00,261.48553466796875,261.48553466796875,261.48553466796875,261.48553466796875,900,0.0,0.0
2012-07-05 00:00:00+09:00,262.28759483054836,262.28759483054836,259.88128662109375,259.88128662109375,500,0.0,0.0
2012-07-06 00:00:00+09:00,261.4855160596894,263.0897216796875,261.4855160596894,263.0897216796875,1100,0.0,0.0
2012-07-09 00:00:00+09:00,263.08975676576534,267.9023742675781,263.08975676576534,267.9023742675781,1300,0.0,0.0
2012-07-10 00:00:00+09:00,267.9023742675781,267.9023742675781,267.9023742675781,267.9023742675781,500,0.0,0.0
2012-07-11 00:00:00+09:00,267.90236250176486,267.90236250176486,266.29815673828125,266.29815673828125,900,0.0,0.0
2012-07-12 00:00:00+09:00,261.48553466796875,261.48553466796875,261.48553466796875,261.48553466796875,100,0.0,0.0
2012-07-13 00:00:00+09:00,265.4960632324219,265.4960632324219,265.4960632324219,265.4960632324219,100,0.0,0.0
2012-07-17 00:00:00+09:00,262.2876423295722,267.10025962002305,262.2876423295722,266.29815673828125,1300,0.0,0.0
2012-07-18 00:00:00+09:00,261.4855440579928,261.4855440579928,260.6834411621094,260.6834411621094,400,0.0,0.0
2012-07-19 00:00:00+09:00,260.6834411621094,260.6834411621094,260.6834411621094,260.6834411621094,400,0.0,0.0
2012-07-20 00:00:00+09:00,262.2876281738281,262.2876281738281,262.2876281738281,262.2876281738281,300,0.0,0.0
2012-07-23 00:00:00+09:00,263.0897498497596,263.0897498497596,260.6834411621094,260.6834411621094,300,0.0,0.0
2012-07-24 00:00:00+09:00,260.6834411621094,260.6834411621094,260.6834411621094,260.6834411621094,300,0.0,0.0
2012-07-25 00:00:00+09:00,260.6834411621094,260.6834411621094,260.6834411621094,260.6834411621094,100,0.0,0.0
2012-07-26 00:00:00+09:00,263.8918151855469,263.8918151855469,263.8918151855469,263.8918151855469,100,0.0,0.0
2012-07-27 00:00:00+09:00,263.8918151855469,263.8918151855469,263.8918151855469,263.8918151855469,100,0.0,0.0
2012-07-30 00:00:00+09:00,263.8918151855469,263.8918151855469,263.8918151855469,263.8918151855469,100,0.0,0.0
2012-07-31 00:00:00+09:00,260.6834411621094,260.6834411621094,260.6834411621094,260.6834411621094,300,0.0,0.0
2012-08-01 00:00:00+09:00,260.6834411621094,260.6834411621094,260.6834411621094,260.6834411621094,500,0.0,0.0
2012-08-02 00:00:00+09:00,262.2876281738281,262.2876281738281,262.2876281738281,262.2876281738281,300,0.0,0.0
2012-08-03 00:00:00+09:00,262.2876281738281,262.2876281738281,262.2876281738281,262.2876281738281,300,0.0,0.0
2012-08-06 00:00:00+09:00,260.6834411621094,260.6834411621094,260.6834411621094,260.6834411621094,100,0.0,0.0
2012-08-07 00:00:00+09:00,260.6834411621094,260.6834411621094,260.6834411621094,260.6834411621094,100,0.0,0.0
2012-08-08 00:00:00+09:00,260.6834387927322,260.6834387927322,258.2771301269531,258.2771301269531,1200,0.0,0.0
2012-08-09 00:00:00+09:00,258.2771301269531,258.2771301269531,258.2771301269531,258.2771301269531,1200,0.0,0.0
2012-08-10 00:00:00+09:00,258.2771301269531,258.2771301269531,258.2771301269531,258.2771301269531,1200,0.0,0.0
2012-08-13 00:00:00+09:00,263.8918151855469,263.8918151855469,263.8918151855469,263.8918151855469,300,0.0,0.0
2012-08-14 00:00:00+09:00,263.8918151855469,263.8918151855469,263.8918151855469,263.8918151855469,300,0.0,0.0
2012-08-15 00:00:00+09:00,264.6938781738281,264.6938781738281,264.6938781738281,264.6938781738281,500,0.0,0.0
2012-08-16 00:00:00+09:00,262.2876281738281,262.2876281738281,262.2876281738281,262.2876281738281,100,0.0,0.0
2012-08-17 00:00:00+09:00,262.2876281738281,262.2876281738281,262.2876281738281,262.2876281738281,100,0.0,0.0
2012-08-20 00:00:00+09:00,262.2876281738281,262.2876281738281,262.2876281738281,262.2876281738281,600,0.0,0.0
2012-08-21 00:00:00+09:00,267.10025326710826,267.10025326710826,252.66240173915648,255.06871032714844,5100,0.0,0.0
2012-08-22 00:00:00+09:00,257.47503662109375,257.47503662109375,257.47503662109375,257.47503662109375,100,0.0,0.0
2012-08-23 00:00:00+09:00,263.0897216796875,263.0897216796875,263.0897216796875,263.0897216796875,200,0.0,0.0
2012-08-24 00:00:00+09:00,263.0897474585113,263.0897474585113,258.2771301269531,258.2771301269531,300,0.0,0.0
2012-08-27 00:00:00+09:00,258.2771301269531,258.2771301269531,258.2771301269531,258.2771301269531,300,0.0,0.0
2012-08-28 00:00:00+09:00,259.0792236328125,259.0792236328125,259.0792236328125,259.0792236328125,600,0.0,0.0
2012-08-29 00:00:00+09:00,263.8918432692077,263.8918432692077,261.48553466796875,261.48553466796875,200,0.0,0.0
2012-08-30 00:00:00+09:00,259.07921682001984,262.2876281738281,258.27711398156777,262.2876281738281,1200,0.0,0.0
2012-08-31 00:00:00+09:00,262.2876281738281,262.2876281738281,262.2876281738281,262.2876281738281,200,0.0,0.0
2012-09-03 00:00:00+09:00,260.6834411621094,260.6834411621094,260.6834411621094,260.6834411621094,600,0.0,0.0
2012-09-04 00:00:00+09:00,262.2876375350484,262.2876375350484,261.48553466796875,261.48553466796875,600,0.0,0.0
2012-09-05 00:00:00+09:00,261.4855440579928,261.4855440579928,260.6834411621094,260.6834411621094,900,0.0,0.0
2012-09-06 00:00:00+09:00,260.6834411621094,260.6834411621094,260.6834411621094,260.6834411621094,900,0.0,0.0
2012-09-07 00:00:00+09:00,260.6834318008891,261.48553466796875,260.6834318008891,261.48553466796875,300,0.0,0.0
2012-09-10 00:00:00+09:00,261.48546752929684,267.1001861572266,261.48546752929684,264.6938781738281,600,0.0,0.0
2012-09-11 00:00:00+09:00,264.6938781738281,265.4959808349609,264.6938781738281,264.6938781738281,1100,0.0,0.0
2012-09-12 00:00:00+09:00,263.8918151855469,263.8918151855469,263.8918151855469,263.8918151855469,700,0.0,0.0
2012-09-13 00:00:00+09:00,263.8918432692077,263.8918432692077,261.48553466796875,261.48553466796875,1500,0.0,0.0
2012-09-14 00:00:00+09:00,261.4855068403899,263.8918151855469,261.4855068403899,263.8918151855469,200,0.0,0.0
2012-09-18 00:00:00+09:00,263.8918574122864,265.4960632324219,263.8918574122864,265.4960632324219,500,0.0,0.0
2012-09-19 00:00:00+09:00,263.0897216796875,268.70444134968085,263.0897216796875,263.0897216796875,1600,0.0,0.0
2012-09-20 00:00:00+09:00,263.8918151855469,264.69391796726586,263.0897124038279,263.8918151855469,1000,0.0,0.0
2012-09-21 00:00:00+09:00,262.2876096221089,264.69391796726586,262.2876096221089,263.8918151855469,1200,0.0,0.0
2012-09-24 00:00:00+09:00,266.2981661424896,267.10026905255734,265.4960632324219,265.4960632324219,900,0.0,0.0
2012-09-25 00:00:00+09:00,265.4959808349609,265.4959808349609,261.48546752929684,264.6938781738281,6500,0.0,0.0
2012-09-26 00:00:00+09:00,255.59512470386647,268.0026550292969,253.1136186387804,268.0026550292969,5000,10.0,0.0
2012-09-27 00:00:00+09:00,266.34821491241456,266.34821491241456,264.6938781738281,264.6938781738281,900,0.0,0.0
2012-09-28 00:00:00+09:00,265.5211486816406,265.5211486816406,265.5211486816406,265.5211486816406,100,0.0,0.0
2012-10-01 00:00:00+09:00,263.03961181640625,263.8667804070239,263.03961181640625,263.03961181640625,600,0.0,0.0
2012-10-02 00:00:00+09:00,263.03961181640625,263.03961181640625,263.03961181640625,263.03961181640625,200,0.0,0.0
2012-10-03 00:00:00+09:00,263.0395708054022,263.0395708054022,262.21240234375,262.21240234375,200,0.0,0.0
2012-10-04 00:00:00+09:00,260.5580749511719,260.5580749511719,260.5580749511719,260.5580749511719,500,0.0,0.0
2012-10-05 00:00:00+09:00,262.21240234375,262.21240234375,262.21240234375,262.21240234375,3000,0.0,0.0
2012-10-09 00:00:00+09:00,262.2124530454225,262.2124530454225,261.3852844238281,261.3852844238281,600,0.0,0.0
2012-10-10 00:00:00+09:00,261.38524344308036,262.21241193498884,260.5580749511719,260.5580749511719,500,0.0,0.0
2012-10-11 00:00:00+09:00,260.5580749511719,260.5580749511719,260.5580749511719,260.5580749511719,600,0.0,0.0
2012-10-12 00:00:00+09:00,260.5580749511719,260.5580749511719,260.5580749511719,260.5580749511719,200,0.0,0.0
2012-10-15 00:00:00+09:00,260.5581256842158,260.5581256842158,259.73095703125,259.73095703125,600,0.0,0.0
2012-10-16 00:00:00+09:00,259.73095703125,259.73095703125,259.73095703125,259.73095703125,600,0.0,0.0
2012-10-17 00:00:00+09:00,262.2124535252682,263.8667907714844,262.2124535252682,263.8667907714844,400,0.0,0.0
2012-10-18 00:00:00+09:00,263.8667907714844,263.8667907714844,263.8667907714844,263.8667907714844,200,0.0,0.0
2012-10-19 00:00:00+09:00,263.8667907714844,263.8667907714844,263.8667907714844,263.8667907714844,1000,0.0,0.0
2012-10-22 00:00:00+09:00,263.0396426191954,265.5211486816406,262.21247393171365,265.5211486816406,1100,0.0,0.0
2012-10-23 00:00:00+09:00,265.5211486816406,265.5211486816406,265.5211486816406,265.5211486816406,1100,0.0,0.0
2012-10-24 00:00:00+09:00,265.5211486816406,265.5211486816406,265.5211486816406,265.5211486816406,1100,0.0,0.0
2012-10-25 00:00:00+09:00,264.69395891020565,264.69395891020565,261.3852844238281,261.3852844238281,1600,0.0,0.0
2012-10-26 00:00:00+09:00,263.8667902886113,263.8667902886113,261.3852844238281,261.3852844238281,400,0.0,0.0
2012-10-29 00:00:00+09:00,261.3852844238281,261.3852844238281,261.3852844238281,261.3852844238281,400,0.0,0.0
2012-10-30 00:00:00+09:00,264.6939689490446,264.6939689490446,259.73095703125,259.73095703125,2500,0.0,0.0
2012-10-31 00:00:00+09:00,259.73095703125,263.86680029607885,259.73095703125,259.73095703125,1400,0.0,0.0
2012-11-01 00:00:00+09:00,259.7308969587934,263.0395708054022,259.7308969587934,262.21240234375,600,0.0,0.0
2012-11-02 00:00:00+09:00,258.90380859375,258.90380859375,258.90380859375,258.90380859375,1200,0.0,0.0
2012-11-05 00:00:00+09:00,257.2494201660156,257.2494201660156,257.2494201660156,257.2494201660156,800,0.0,0.0
2012-11-06 00:00:00+09:00,256.4222866393844,256.4222866393844,253.94078063964844,253.94078063964844,2600,0.0,0.0
2012-11-07 00:00:00+09:00,253.94078063964844,253.94078063964844,253.94078063964844,253.94078063964844,100,0.0,0.0
2012-11-08 00:00:00+09:00,253.94078063964844,253.94078063964844,253.94078063964844,253.94078063964844,100,0.0,0.0
2012-11-09 00:00:00+09:00,255.59509217505362,255.59509217505362,253.11358642578125,253.11358642578125,1900,0.0,0.0
2012-11-12 00:00:00+09:00,253.11359132860528,261.3852773197362,252.2864227294922,252.2864227294922,2200,0.0,0.0
2012-11-13 00:00:00+09:00,252.28641784269047,259.73093509050756,252.28641784269047,253.11358642578125,1100,0.0,0.0
2012-11-14 00:00:00+09:00,252.2864227294922,253.94075992771837,252.2864227294922,252.2864227294922,1000,0.0,0.0
2012-11-15 00:00:00+09:00,252.2864227294922,252.2864227294922,252.2864227294922,252.2864227294922,100,0.0,0.0
2012-11-16 00:00:00+09:00,252.2864227294922,255.59509712594456,251.4592541303791,252.2864227294922,2300,0.0,0.0
2012-11-19 00:00:00+09:00,253.11353482698138,254.7678716559159,251.45919799804688,251.45919799804688,4100,0.0,0.0
2012-11-20 00:00:00+09:00,251.4592541303791,252.2864227294922,251.4592541303791,252.2864227294922,200,0.0,0.0
2012-11-21 00:00:00+09:00,251.45919799804688,251.45919799804688,251.45919799804688,251.45919799804688,900,0.0,0.0
2012-11-22 00:00:00+09:00,251.4592689362583,251.4592689362583,245.6690884015418,249.804931640625,4600,0.0,0.0
2012-11-26 00:00:00+09:00,249.80493164062503,251.4592689362583,249.80493164062503,249.804931640625,3100,0.0,0.0
2012-11-27 00:00:00+09:00,249.80493164062503,250.63210028844165,249.80493164062503,249.804931640625,600,0.0,0.0
2012-11-28 00:00:00+09:00,249.80493164062503,249.80493164062503,249.80493164062503,249.804931640625,1800,0.0,0.0
2012-11-29 00:00:00+09:00,249.80493164062503,249.80493164062503,249.80493164062503,249.804931640625,300,0.0,0.0
2012-11-30 00:00:00+09:00,249.80493164062503,250.63210028844165,249.80493164062503,249.804931640625,1300,0.0,0.0
2012-12-03 00:00:00+09:00,248.97776299280838,251.4592689362583,248.97776299280838,249.804931640625,2300,0.0,0.0
2012-12-04 00:00:00+09:00,249.80489628857904,251.4592333500928,249.80489628857904,250.63206481933594,500,0.0,0.0
2012-12-05 00:00:00+09:00,250.63210028844165,253.11360623189157,248.97776299280838,249.804931640625,2300,0.0,0.0
2012-12-06 00:00:00+09:00,249.8049059896374,253.94074880403537,248.9777374267578,248.9777374267578,4400,0.0,0.0
2012-12-07 00:00:00+09:00,250.63210028844165,251.4592689362583,249.80493164062503,249.804931640625,1300,0.0,0.0
2012-12-10 00:00:00+09:00,251.45927463991245,254.76794930622708,248.97776864017646,253.94078063964844,6300,0.0,0.0
2012-12-11 00:00:00+09:00,250.6320648193359,250.6320648193359,250.6320648193359,250.63206481933594,600,0.0,0.0
2012-12-12 00:00:00+09:00,253.94070324144863,253.94070324144863,251.45919799804688,251.45919799804688,1600,0.0,0.0
2012-12-13 00:00:00+09:00,249.8049059896374,249.8049059896374,248.15056886387822,248.9777374267578,6400,0.0,0.0
2012-12-14 00:00:00+09:00,249.8049059896374,249.8049059896374,248.9777374267578,248.9777374267578,1800,0.0,0.0
2012-12-17 00:00:00+09:00,248.9777729288737,248.9777729288737,247.32343556722006,248.15060424804688,3600,0.0,0.0
2012-12-18 00:00:00+09:00,248.15056820043782,249.80490532177407,246.49623107910156,246.49623107910156,2400,0.0,0.0
2012-12-19 00:00:00+09:00,246.49623107910156,249.80490532177407,245.66906251843344,246.49623107910156,8300,0.0,0.0
2012-12-20 00:00:00+09:00,246.49624087359456,248.15057806066565,244.84190368652344,244.84190368652344,5600,0.0,0.0
2012-12-21 00:00:00+09:00,244.84191401317864,247.32341989844736,244.01474538475574,245.66908264160156,10000,0.0,0.0
2012-12-25 00:00:00+09:00,246.4962353349543,249.80490963475233,239.8788867353582,243.18756103515625,11400,0.0,0.0
2012-12-26 00:00:00+09:00,249.80492578371604,249.80492578371604,245.66908264160156,245.66908264160156,3600,0.0,0.0
2012-12-27 00:00:00+09:00,249.80492578371604,249.80492578371604,245.66908264160156,245.66908264160156,3600,0.0,0.0
2012-12-28 00:00:00+09:00,245.66908264160156,247.32341989844736,243.18757675633285,245.66908264160156,5300,0.0,0.0
2013-01-04 00:00:00+09:00,248.15060424804688,248.15060424804688,246.49626688639324,248.15060424804688,9200,0.0,0.0
2013-01-07 00:00:00+09:00,248.9777374267578,249.8049059896374,248.15056886387822,248.9777374267578,1400,0.0,0.0
2013-01-08 00:00:00+09:00,248.9777374267578,248.9777374267578,248.9777374267578,248.9777374267578,200,0.0,0.0
2013-01-09 00:00:00+09:00,249.80489628857904,251.4592333500928,249.80489628857904,250.63206481933594,1500,0.0,0.0
2013-01-10 00:00:00+09:00,252.28641784269047,253.11358642578125,249.80491209341812,253.11358642578125,3000,0.0,0.0
2013-01-11 00:00:00+09:00,253.11358642578125,253.11358642578125,253.11358642578125,253.11358642578125,3000,0.0,0.0
2013-01-15 00:00:00+09:00,253.11361197306977,253.94078063964844,252.28644330649112,253.94078063964844,4900,0.0,0.0
2013-01-16 00:00:00+09:00,253.94075500887206,253.94075500887206,253.11358642578125,253.11358642578125,1500,0.0,0.0
2013-01-17 00:00:00+09:00,253.94075500887206,255.59509217505362,253.11358642578125,253.11358642578125,4700,0.0,0.0
2013-01-18 00:00:00+09:00,254.76794433593753,256.42228163682023,254.76794433593753,254.7679443359375,6600,0.0,0.0
2013-01-21 00:00:00+09:00,253.9407459516617,257.2494201660156,253.9407459516617,257.2494201660156,1700,0.0,0.0
2013-01-22 00:00:00+09:00,257.2494502872616,257.2494502872616,254.76794433593753,254.7679443359375,1200,0.0,0.0
2013-01-23 00:00:00+09:00,254.76794930622708,255.59511797280575,253.94078063964844,253.94078063964844,3900,0.0,0.0
2013-01-24 00:00:00+09:00,253.94077568549616,254.76794433593753,253.94077568549616,254.7679443359375,4400,0.0,0.0
2013-01-25 00:00:00+09:00,256.4222412109375,258.0765782510081,255.59507269090224,256.4222412109375,3100,0.0,0.0
2013-01-28 00:00:00+09:00,256.42228241938693,259.73095703125,254.76794511345543,259.73095703125,2900,0.0,0.0
2013-01-29 00:00:00+09:00,257.2494097309728,257.2494097309728,256.4222412109375,256.4222412109375,1100,0.0,0.0
2013-01-30 00:00:00+09:00,256.4222412109375,256.4222412109375,256.4222412109375,256.4222412109375,1100,0.0,0.0
2013-01-31 00:00:00+09:00,257.2494001144018,258.0765686035156,256.42223162528796,258.0765686035156,1700,0.0,0.0
2013-02-01 00:00:00+09:00,256.42230244109425,259.7309773113019,256.42230244109425,258.90380859375,2200,0.0,0.0
2013-02-04 00:00:00+09:00,259.73091529107865,259.73091529107865,253.11356713079638,256.4222412109375,3100,0.0,0.0
2013-02-05 00:00:00+09:00,256.4222412109375,256.4222412109375,256.4222412109375,256.4222412109375,3100,0.0,0.0
2013-02-06 00:00:00+09:00,259.7309064592634,260.5580749511719,259.7309064592634,260.5580749511719,1800,0.0,0.0
2013-02-07 00:00:00+09:00,260.5580943803695,260.5580943803695,257.2494201660156,257.2494201660156,600,0.0,0.0
2013-02-08 00:00:00+09:00,256.4222412109375,256.4222412109375,256.4222412109375,256.4222412109375,900,0.0,0.0
2013-02-12 00:00:00+09:00,258.07656947544643,262.21241193498884,256.4222324916295,260.5580749511719,4500,0.0,0.0
2013-02-13 00:00:00+09:00,258.0765887196041,263.0396000411349,257.2494201660156,257.2494201660156,3100,0.0,0.0
2013-02-14 00:00:00+09:00,259.7309374539357,263.03961181640625,259.7309374539357,263.03961181640625,3700,0.0,0.0
2013-02-15 00:00:00+09:00,261.38529433718156,261.38529433718156,259.73095703125,259.73095703125,5500,0.0,0.0
2013-02-18 00:00:00+09:00,258.90373709262946,258.90373709262946,258.0765686035156,258.0765686035156,1400,0.0,0.0
2013-02-19 00:00:00+09:00,258.0765686035156,258.0765686035156,258.0765686035156,258.0765686035156,1300,0.0,0.0
2013-02-20 00:00:00+09:00,258.90380859375,259.7309773113019,258.0766398761981,258.90380859375,1200,0.0,0.0
2013-02-21 00:00:00+09:00,261.3852844238281,261.3852844238281,261.3852844238281,261.3852844238281,1200,0.0,0.0
2013-02-22 00:00:00+09:00,261.3852844238281,261.3852844238281,261.3852844238281,261.3852844238281,1100,0.0,0.0
2013-02-25 00:00:00+09:00,259.7309471806393,261.3852844238281,258.90377855904495,261.3852844238281,1600,0.0,0.0
2013-02-26 00:00:00+09:00,262.21241193498884,262.21241193498884,253.94072701590403,260.5580749511719,2000,0.0,0.0
2013-02-27 00:00:00+09:00,258.90380859375,258.90380859375,258.90380859375,258.90380859375,100,0.0,0.0
2013-02-28 00:00:00+09:00,262.21240234375,262.21240234375,258.07656003548897,262.21240234375,5000,0.0,0.0
2013-03-01 00:00:00+09:00,262.21241193498884,263.0395804268973,260.5580749511719,260.5580749511719,600,0.0,0.0
2013-03-04 00:00:00+09:00,263.0395804268973,265.52108590262276,259.7309064592634,260.5580749511719,13800,0.0,0.0
2013-03-05 00:00:00+09:00,260.5581158022337,262.2124530454225,260.5581158022337,261.3852844238281,2600,0.0,0.0
2013-03-06 00:00:00+09:00,262.2124530454225,262.2124530454225,261.3852844238281,261.3852844238281,1300,0.0,0.0
2013-03-07 00:00:00+09:00,263.8667392670544,264.6939077287066,262.21240234375,262.21240234375,5500,0.0,0.0
2013-03-08 00:00:00+09:00,263.86681130667716,265.5211486816406,261.3853052442319,265.5211486816406,3400,0.0,0.0
2013-03-11 00:00:00+09:00,265.5210465431214,267.17538328170775,262.2123730659485,264.6938781738281,4300,0.0,0.0
2013-03-12 00:00:00+09:00,264.6939317409366,273.79278564453125,264.6939317409366,273.79278564453125,15500,0.0,0.0
2013-03-13 00:00:00+09:00,268.0026058876983,273.79278564453125,266.3482688143174,273.79278564453125,800,0.0,0.0
2013-03-14 00:00:00+09:00,271.3112890325441,271.3112890325441,269.6569519042969,269.6569519042969,500,0.0,0.0
2013-03-15 00:00:00+09:00,271.31132083722014,277.10150146484375,268.8298148539529,277.10150146484375,8100,0.0,0.0
2013-03-18 00:00:00+09:00,277.101459791293,277.101459791293,273.79278564453125,273.79278564453125,3500,0.0,0.0
2013-03-19 00:00:00+09:00,276.27429125460253,276.27429125460253,273.79278564453125,273.79278564453125,200,0.0,0.0
2013-03-21 00:00:00+09:00,277.10151172819593,278.7558491116478,271.3113308861142,277.9286804199219,2800,0.0,0.0
2013-03-22 00:00:00+09:00,273.79280635616084,275.4471435546875,272.96563775689754,275.4471435546875,1600,0.0,0.0
2013-03-25 00:00:00+09:00,275.44715433092426,278.7558288574219,275.44715433092426,278.7558288574219,5600,0.0,0.0
2013-03-26 00:00:00+09:00,278.75585990420655,286.20037841796875,277.10152245670383,286.20037841796875,7300,0.0,0.0
2013-03-27 00:00:00+09:00,285.37312970842635,289.50897216796875,283.7187927246094,289.50897216796875,9200,0.0,0.0
2013-03-28 00:00:00+09:00,287.8547047206334,287.8547047206334,277.9286804199219,277.9286804199219,800,0.0,0.0
2013-03-29 00:00:00+09:00,282.06448426357537,284.5459899902344,277.92864138581035,284.5459899902344,3000,0.0,0.0
2013-04-01 00:00:00+09:00,278.7558179517408,280.4101551502675,275.4471435546875,275.4471435546875,6100,0.0,0.0
2013-04-02 00:00:00+09:00,272.9656566702544,272.9656566702544,266.3483074176422,267.17547607421875,5900,0.0,0.0
2013-04-03 00:00:00+09:00,267.1754965444712,268.829833984375,267.1754965444712,268.829833984375,3100,0.0,0.0
2013-04-04 00:00:00+09:00,272.13848876953125,272.13848876953125,272.13848876953125,272.13848876953125,400,0.0,0.0
2013-04-05 00:00:00+09:00,275.4471634050271,275.4471634050271,272.13848876953125,272.13848876953125,5700,0.0,0.0
2013-04-08 00:00:00+09:00,275.4471737948331,275.4471737948331,272.9656677246094,272.9656677246094,5700,0.0,0.0
2013-04-09 00:00:00+09:00,275.4471641426656,277.10150146484375,269.656983515042,277.10150146484375,4500,0.0,0.0
2013-04-10 00:00:00+09:00,277.9286804199219,277.9286804199219,272.96566826956615,277.9286804199219,4400,0.0,0.0
2013-04-11 00:00:00+09:00,277.9286401511649,280.41014586680035,277.9286401511649,279.5829772949219,2700,0.0,0.0
2013-04-12 00:00:00+09:00,279.5829772949219,279.5829772949219,279.5829772949219,279.5829772949219,2700,0.0,0.0
2013-04-15 00:00:00+09:00,281.23733475229506,281.23733475229506,273.7928170676755,278.7558288574219,17600,0.0,0.0
2013-04-16 00:00:00+09:00,280.4101257324219,280.4101257324219,280.4101257324219,280.4101257324219,100,0.0,0.0
2013-04-17 00:00:00+09:00,279.5829772949219,279.5829772949219,277.9286401511649,279.5829772949219,3200,0.0,0.0
2013-04-18 00:00:00+09:00,275.4471344355295,279.5829772949219,275.4471344355295,279.5829772949219,1200,0.0,0.0
2013-04-19 00:00:00+09:00,277.10150146484375,277.10150146484375,277.10150146484375,277.10150146484375,300,0.0,0.0
2013-04-22 00:00:00+09:00,277.1014516824818,280.4101257324219,277.1014516824818,280.4101257324219,1300,0.0,0.0
2013-04-23 00:00:00+09:00,281.23728724888394,289.50897216796875,277.92861328125,289.50897216796875,5100,0.0,0.0
2013-04-24 00:00:00+09:00,287.8546747622283,289.50901197350544,285.3731689453125,285.3731689453125,4100,0.0,0.0
2013-04-25 00:00:00+09:00,289.50901303196224,290.336181640625,288.68184442329954,290.336181640625,5500,0.0,0.0
2013-04-26 00:00:00+09:00,291.1633100212465,291.990478515625,290.33614152686795,291.990478515625,3700,0.0,0.0
2013-04-30 00:00:00+09:00,292.8176461356027,292.8176461356027,282.0644557407924,289.50897216796875,4300,0.0,0.0
2013-05-01 00:00:00+09:00,293.64483642578125,293.64483642578125,293.64483642578125,293.64483642578125,3900,0.0,0.0
2013-05-02 00:00:00+09:00,292.8176461356027,292.8176461356027,281.23728724888394,289.50897216796875,1900,0.0,0.0
2013-05-07 00:00:00+09:00,291.99049046834307,297.7806701660156,291.16332194010414,297.7806701660156,9500,0.0,0.0
2013-05-08 00:00:00+09:00,297.78065105060955,306.05233580201536,297.78065105060955,301.0893249511719,5500,0.0,0.0
2013-05-09 00:00:00+09:00,304.3980118858623,309.36102294921875,304.3980118858623,309.36102294921875,5600,0.0,0.0
2013-05-10 00:00:00+09:00,310.1882237367157,318.45990970302813,310.1882237367157,316.8055725097656,10400,0.0,0.0
2013-05-13 00:00:00+09:00,315.9784039131344,316.8055725097656,314.3240667198719,316.8055725097656,8400,0.0,0.0
2013-05-14 00:00:00+09:00,315.1512451171875,315.1512451171875,312.66973925012303,315.1512451171875,7400,0.0,0.0
2013-05-15 00:00:00+09:00,315.1512451171875,318.4599196066068,315.1512451171875,315.1512451171875,4200,0.0,0.0
2013-05-16 00:00:00+09:00,313.49690787247783,315.1512451171875,311.01540200541336,315.1512451171875,1600,0.0,0.0
2013-05-17 00:00:00+09:00,311.84255561399993,311.84255561399993,282.06448664290184,294.4720153808594,26100,0.0,0.0
2013-05-20 00:00:00+09:00,306.8795453487839,306.8795453487839,298.6078594903261,299.4350280761719,5000,0.0,0.0
2013-05-21 00:00:00+09:00,305.22523044453226,308.5339050292969,305.22523044453226,308.5339050292969,6100,0.0,0.0
2013-05-22 00:00:00+09:00,300.2621765136719,300.2621765136719,300.2621765136719,300.2621765136719,300,0.0,0.0
2013-05-23 00:00:00+09:00,299.435023690948,299.435023690948,281.2373150688462,282.0644836425781,6900,0.0,0.0
2013-05-24 00:00:00+09:00,282.89167247099033,282.89167247099033,279.58299793916586,281.2373352050781,2700,0.0,0.0
2013-05-27 00:00:00+09:00,280.4101960637019,280.4101960637019,268.829833984375,268.829833984375,8200,0.0,0.0
2013-05-28 00:00:00+09:00,268.82978334017326,276.27430041728576,268.82978334017326,269.6569519042969,900,0.0,0.0
2013-05-29 00:00:00+09:00,272.96563775689754,275.4471435546875,268.8297947605809,275.4471435546875,2600,0.0,0.0
2013-05-30 00:00:00+09:00,272.96564611588946,272.96564611588946,265.52112849454704,266.3482971191406,6000,0.0,0.0
2013-05-31 00:00:00+09:00,268.829833984375,268.829833984375,266.34832782451923,268.829833984375,1800,0.0,0.0
2013-06-03 00:00:00+09:00,268.82979195072966,268.82979195072966,263.03961181640625,263.03961181640625,3100,0.0,0.0
2013-06-04 00:00:00+09:00,263.8667907714844,270.4841397563492,263.8667907714844,263.8667907714844,300,0.0,0.0
2013-06-05 00:00:00+09:00,265.5211495139382,272.9656677246094,265.5211495139382,272.9656677246094,1400,0.0,0.0
2013-06-06 00:00:00+09:00,268.82979195072966,268.82979195072966,263.03961181640625,263.03961181640625,1900,0.0,0.0
2013-06-07 00:00:00+09:00,263.0396216670169,263.0396216670169,260.5581158022337,261.3852844238281,1700,0.0,0.0
2013-06-10 00:00:00+09:00,261.385295478183,267.17547607421875,261.385295478183,267.17547607421875,2400,0.0,0.0
2013-06-11 00:00:00+09:00,272.13839349746706,272.13839349746706,262.2123730659485,264.6938781738281,2200,0.0,0.0
2013-06-12 00:00:00+09:00,272.9656677246094,272.9656677246094,272.9656677246094,272.9656677246094,500,0.0,0.0
2013-06-13 00:00:00+09:00,271.3113303444602,272.9656677246094,271.3113303444602,272.9656677246094,1200,0.0,0.0
2013-06-14 00:00:00+09:00,273.79284630408654,273.79284630408654,268.829833984375,268.829833984375,4300,0.0,0.0
2013-06-17 00:00:00+09:00,273.79278564453125,273.79278564453125,273.79278564453125,273.79278564453125,300,0.0,0.0
2013-06-18 00:00:00+09:00,273.79278564453125,273.79278564453125,273.79278564453125,273.79278564453125,300,0.0,0.0
2013-06-19 00:00:00+09:00,273.79278564453125,273.79278564453125,273.79278564453125,273.79278564453125,300,0.0,0.0
2013-06-20 00:00:00+09:00,272.9656677246094,272.9656677246094,272.9656677246094,272.9656677246094,100,0.0,0.0
2013-06-21 00:00:00+09:00,271.3112890325441,271.3112890325441,269.6569519042969,269.6569519042969,400,0.0,0.0
2013-06-24 00:00:00+09:00,272.9656677246094,272.9656677246094,272.9656677246094,272.9656677246094,300,0.0,0.0
2013-06-25 00:00:00+09:00,265.52112801770056,272.13847700256537,263.0396221483763,263.8667907714844,2100,0.0,0.0
2013-06-26 00:00:00+09:00,269.6569711332411,269.6569711332411,263.8667907714844,263.8667907714844,300,0.0,0.0
2013-06-27 00:00:00+09:00,265.5211486816406,265.5211486816406,265.5211486816406,265.5211486816406,200,0.0,0.0
2013-06-28 00:00:00+09:00,265.52113949853964,272.13848876953125,265.52113949853964,272.13848876953125,700,0.0,0.0
2013-07-01 00:00:00+09:00,272.1384990345348,272.9656677246094,272.1384990345348,272.9656677246094,11000,0.0,0.0
2013-07-02 00:00:00+09:00,270.48409170127775,276.2742710343326,270.48409170127775,274.61993408203125,800,0.0,0.0
2013-07-03 00:00:00+09:00,274.6200051047585,274.6200051047585,272.9656677246094,272.9656677246094,300,0.0,0.0
2013-07-04 00:00:00+09:00,275.4471435546875,275.4471435546875,275.4471435546875,275.4471435546875,100,0.0,0.0
2013-07-05 00:00:00+09:00,272.9656677246094,272.9656677246094,272.9656677246094,272.9656677246094,200,0.0,0.0
2013-07-08 00:00:00+09:00,277.1014605310863,277.1014605310863,276.2742919921875,276.2742919921875,2200,0.0,0.0
2013-07-09 00:00:00+09:00,278.7558491116478,278.7558491116478,276.27434303647,277.9286804199219,1300,0.0,0.0
2013-07-10 00:00:00+09:00,274.61995491438995,276.2742919921875,274.61995491438995,276.2742919921875,300,0.0,0.0
2013-07-11 00:00:00+09:00,275.44715433092426,278.7558288574219,275.44715433092426,278.7558288574219,1200,0.0,0.0
2013-07-12 00:00:00+09:00,279.583007448111,279.583007448111,276.27433280375465,277.10150146484375,2500,0.0,0.0
2013-07-16 00:00:00+09:00,277.1014395104833,277.1014395104833,274.61993408203125,274.61993408203125,2100,0.0,0.0
2013-07-17 00:00:00+09:00,274.61993408203125,274.61993408203125,274.61993408203125,274.61993408203125,800,0.0,0.0
2013-07-18 00:00:00+09:00,274.62000565301804,277.9286804199219,274.62000565301804,277.9286804199219,7100,0.0,0.0
2013-07-19 00:00:00+09:00,276.27434303647,279.5830178033738,276.27434303647,277.9286804199219,800,0.0,0.0
2013-07-22 00:00:00+09:00,277.1014605310863,278.75579760888377,276.2742919921875,276.2742919921875,3000,0.0,0.0
2013-07-23 00:00:00+09:00,277.10149159417307,288.68185243691465,277.10149159417307,278.7558288574219,1300,0.0,0.0
2013-07-24 00:00:00+09:00,278.7557817731585,289.50897216796875,278.7557817731585,289.50897216796875,3800,0.0,0.0
2013-07-25 00:00:00+09:00,287.8546642924464,287.8546642924464,284.5459899902344,284.5459899902344,1200,0.0,0.0
2013-07-26 00:00:00+09:00,277.92867012593285,278.7558387870219,277.10150146484375,277.10150146484375,2700,0.0,0.0
2013-07-29 00:00:00+09:00,277.10148075321416,277.10148075321416,274.6199749554242,275.4471435546875,3400,0.0,0.0
2013-07-30 00:00:00+09:00,275.4471435546875,275.4471435546875,275.4471435546875,275.4471435546875,400,0.0,0.0
2013-07-31 00:00:00+09:00,275.4471344355295,279.5829772949219,275.4471344355295,279.5829772949219,1700,0.0,0.0
2013-08-01 00:00:00+09:00,281.23733475229506,285.37317791041704,275.44715433092426,278.7558288574219,2200,0.0,0.0
2013-08-02 00:00:00+09:00,278.7558288574219,278.7558288574219,276.2743229625487,278.7558288574219,800,0.0,0.0
2013-08-05 00:00:00+09:00,278.75582010020383,285.3731689453125,278.75582010020383,285.3731689453125,3000,0.0,0.0
2013-08-06 00:00:00+09:00,285.3732096942174,286.20037841796875,285.3732096942174,286.20037841796875,500,0.0,0.0
2013-08-07 00:00:00+09:00,281.2373352050781,281.2373352050781,281.2373352050781,281.2373352050781,100,0.0,0.0
2013-08-08 00:00:00+09:00,289.50898019891036,289.50898019891036,282.8916320800781,282.8916320800781,1300,0.0,0.0
2013-08-09 00:00:00+09:00,282.8916320800781,282.8916320800781,282.8916320800781,282.8916320800781,400,0.0,0.0
2013-08-12 00:00:00+09:00,286.20037841796875,286.20037841796875,286.20037841796875,286.20037841796875,200,0.0,0.0
2013-08-13 00:00:00+09:00,289.50897216796875,289.50897216796875,289.50897216796875,289.50897216796875,400,0.0,0.0
2013-08-14 00:00:00+09:00,289.50897216796875,289.50897216796875,289.50897216796875,289.50897216796875,100,0.0,0.0
2013-08-15 00:00:00+09:00,289.50897216796875,289.50897216796875,289.50897216796875,289.50897216796875,500,0.0,0.0
2013-08-16 00:00:00+09:00,289.50897216796875,289.50897216796875,289.50897216796875,289.50897216796875,0,0.0,0.0
2013-08-19 00:00:00+09:00,289.50897216796875,289.50897216796875,289.50897216796875,289.50897216796875,100,0.0,0.0
2013-08-20 00:00:00+09:00,289.5090125072962,290.33618111445986,287.85467529296875,287.85467529296875,1900,0.0,0.0
2013-08-21 00:00:00+09:00,287.8546725436374,310.1882247237472,275.4471435546875,275.4471435546875,19000,0.0,0.0
2013-08-22 00:00:00+09:00,277.9286602257975,286.2003465420415,275.44715433092426,278.7558288574219,2000,0.0,0.0
2013-08-23 00:00:00+09:00,278.7558491116478,284.54602995372954,274.62000565301804,277.9286804199219,1200,0.0,0.0
2013-08-26 00:00:00+09:00,284.5459899902344,284.5459899902344,284.5459899902344,284.5459899902344,300,0.0,0.0
2013-08-27 00:00:00+09:00,284.5459899902344,284.5459899902344,284.5459899902344,284.5459899902344,0,0.0,0.0
2013-08-28 00:00:00+09:00,284.5459899902344,284.5459899902344,284.5459899902344,284.5459899902344,0,0.0,0.0
2013-08-29 00:00:00+09:00,282.8916120612587,284.5459489738976,282.8916120612587,283.7187805175781,1300,0.0,0.0
2013-08-30 00:00:00+09:00,283.7187805175781,283.7187805175781,283.7187805175781,283.7187805175781,0,0.0,0.0
2013-09-02 00:00:00+09:00,283.7188214146814,284.5459899902344,283.7188214146814,284.5459899902344,300,0.0,0.0
2013-09-03 00:00:00+09:00,286.2003380786414,287.85467529296875,285.37316947147764,287.85467529296875,1100,0.0,0.0
2013-09-04 00:00:00+09:00,287.0274866317268,289.50899227983973,287.0274866317268,288.68182373046875,1000,0.0,0.0
2013-09-05 00:00:00+09:00,291.990478515625,291.990478515625,289.5089730324894,291.990478515625,1700,0.0,0.0
2013-09-06 00:00:00+09:00,289.50897216796875,289.50897216796875,289.50897216796875,289.50897216796875,300,0.0,0.0
2013-09-09 00:00:00+09:00,289.50897216796875,291.9904776436942,288.68180367606027,289.50897216796875,1800,0.0,0.0
2013-09-10 00:00:00+09:00,293.64483642578125,301.0893534055898,292.8176678724692,293.64483642578125,5200,0.0,0.0
2013-09-11 00:00:00+09:00,293.6448673695825,296.1263732910156,293.6448673695825,296.1263732910156,400,0.0,0.0
2013-09-12 00:00:00+09:00,294.472006335483,298.60784912109375,294.472006335483,298.60784912109375,1700,0.0,0.0
2013-09-13 00:00:00+09:00,300.2621765136719,301.08934504401253,297.7806709226498,300.2621765136719,2200,0.0,0.0
2013-09-17 00:00:00+09:00,300.262208507907,310.188231929656,300.262208507907,307.70672607421875,3600,0.0,0.0
2013-09-18 00:00:00+09:00,307.70672607421875,308.5338946926978,307.70672607421875,307.70672607421875,1300,0.0,0.0
2013-09-19 00:00:00+09:00,309.361073675488,309.361073675488,301.9165558597677,308.5339050292969,1400,0.0,0.0
2013-09-20 00:00:00+09:00,307.70673597181167,307.70673597181167,306.0523986816406,306.0523986816406,1400,0.0,0.0
2013-09-24 00:00:00+09:00,306.0523986816406,310.18824190706823,306.0523986816406,306.0523986816406,20400,0.0,0.0
2013-09-25 00:00:00+09:00,311.0154101296407,311.0154101296407,303.5708923339844,303.5708923339844,9200,0.0,0.0
2013-09-26 00:00:00+09:00,297.61850297281205,303.5708730322683,296.76816439288973,298.4688415527344,3600,10.0,0.0
2013-09-27 00:00:00+09:00,298.4688415527344,299.3191801326567,297.61850297281205,298.4688415527344,6500,0.0,0.0
2013-09-30 00:00:00+09:00,297.61850935203836,300.1695251464844,297.61850935203836,300.1695251464844,800,0.0,0.0
2013-10-01 00:00:00+09:00,299.3191865483357,300.1695251464844,299.3191865483357,300.1695251464844,4000,0.0,0.0
2013-10-02 00:00:00+09:00,299.3191960366924,302.7205505371094,299.3191960366924,302.7205505371094,4100,0.0,0.0
2013-10-03 00:00:00+09:00,298.46886053005187,303.5708923339844,298.46886053005187,303.5708923339844,3900,0.0,0.0
2013-10-04 00:00:00+09:00,298.4688350819585,298.4688350819585,296.7681579589844,296.7681579589844,600,0.0,0.0
2013-10-07 00:00:00+09:00,296.7681547142993,296.7681547142993,295.9178161621094,295.9178161621094,3000,0.0,0.0
2013-10-08 00:00:00+09:00,292.51642181838764,293.36676025390625,291.6660833828691,293.36676025390625,4200,0.0,0.0
2013-10-09 00:00:00+09:00,293.36676025390625,293.36676025390625,293.36676025390625,293.36676025390625,300,0.0,0.0
2013-10-10 00:00:00+09:00,297.6185302734375,297.6185302734375,297.6185302734375,297.6185302734375,200,0.0,0.0
2013-10-11 00:00:00+09:00,297.6185302734375,297.6185302734375,297.6185302734375,297.6185302734375,1300,0.0,0.0
2013-10-15 00:00:00+09:00,297.6185302734375,300.16954624720984,291.66615966796877,297.6185302734375,9800,0.0,0.0
2013-10-16 00:00:00+09:00,290.8158295300542,297.6185389927455,289.9654908472178,291.6661682128906,2100,0.0,0.0
2013-10-17 00:00:00+09:00,289.11514369419643,297.6185302734375,288.2648050362723,297.6185302734375,4500,0.0,0.0
2013-10-18 00:00:00+09:00,297.6185302734375,297.6185302734375,297.6185302734375,297.6185302734375,400,0.0,0.0
2013-10-21 00:00:00+09:00,297.6185365156694,299.3192138671875,297.6185365156694,299.3192138671875,500,0.0,0.0
2013-10-22 00:00:00+09:00,301.01983642578125,301.01983642578125,300.1694979048045,301.01983642578125,3100,0.0,0.0
2013-10-23 00:00:00+09:00,301.01983642578125,301.01983642578125,301.01983642578125,301.01983642578125,0,0.0,0.0
2013-10-24 00:00:00+09:00,300.1695251464844,300.1695251464844,300.1695251464844,300.1695251464844,600,0.0,0.0
2013-10-25 00:00:00+09:00,302.72051675286093,302.72051675286093,301.87017822265625,301.87017822265625,400,0.0,0.0
2013-10-28 00:00:00+09:00,301.87017822265625,301.87017822265625,301.87017822265625,301.87017822265625,600,0.0,0.0
2013-10-29 00:00:00+09:00,301.87017822265625,301.87017822265625,301.87017822265625,301.87017822265625,0,0.0,0.0
2013-10-30 00:00:00+09:00,301.0198396924516,301.87017822265625,301.0198396924516,301.87017822265625,700,0.0,0.0
2013-10-31 00:00:00+09:00,301.87017822265625,301.87017822265625,301.87017822265625,301.87017822265625,0,0.0,0.0
2013-11-01 00:00:00+09:00,300.16950116224695,301.87017822265625,297.61848557163296,301.87017822265625,6000,0.0,0.0
2013-11-05 00:00:00+09:00,298.4688415527344,298.4688415527344,298.4688415527344,298.4688415527344,700,0.0,0.0
2013-11-06 00:00:00+09:00,298.4688415527344,298.4688415527344,298.4688415527344,298.4688415527344,100,0.0,0.0
2013-11-07 00:00:00+09:00,301.87017822265625,301.87017822265625,301.87017822265625,301.87017822265625,4600,0.0,0.0
2013-11-08 00:00:00+09:00,308.67290451180224,314.6252745712585,298.4688415527344,298.4688415527344,9200,0.0,0.0
2013-11-11 00:00:00+09:00,300.1695187955289,366.49592804779877,300.1695187955289,314.6252746582031,40600,0.0,0.0
2013-11-12 00:00:00+09:00,312.0742715437782,338.43476859516005,301.87020816904976,318.0266418457031,18300,0.0,0.0
2013-11-13 00:00:00+09:00,314.6252550397601,315.47559356689453,306.1218697684152,309.5232238769531,6100,0.0,0.0
2013-11-14 00:00:00+09:00,306.1218936140366,307.82257080078125,301.0198620538026,307.82257080078125,1800,0.0,0.0
2013-11-15 00:00:00+09:00,302.7205251750894,312.0742492675781,301.8701866212268,312.0742492675781,1500,0.0,0.0
2013-11-18 00:00:00+09:00,308.67291259765625,314.62528281303804,308.67291259765625,308.67291259765625,2000,0.0,0.0
2013-11-19 00:00:00+09:00,308.67291259765625,308.67291259765625,308.67291259765625,308.67291259765625,0,0.0,0.0
2013-11-20 00:00:00+09:00,308.67291259765625,308.67291259765625,308.67291259765625,308.67291259765625,0,0.0,0.0
2013-11-21 00:00:00+09:00,306.1218904194079,307.82256758840464,306.1218904194079,306.97222900390625,3600,0.0,0.0
2013-11-22 00:00:00+09:00,307.8225500655501,311.2239042099208,306.9722115294574,310.3735656738281,1000,0.0,0.0
2013-11-25 00:00:00+09:00,310.3735817574166,314.6252746582031,310.3735817574166,314.6252746582031,2300,0.0,0.0
2013-11-26 00:00:00+09:00,314.62524083248644,314.62524083248644,310.37354838880424,313.77490234375,4300,0.0,0.0
2013-11-27 00:00:00+09:00,307.8225660169447,314.6252746582031,307.8225660169447,314.6252746582031,2500,0.0,0.0
2013-11-28 00:00:00+09:00,310.3735656738281,310.3735656738281,310.3735656738281,310.3735656738281,100,0.0,0.0
2013-11-29 00:00:00+09:00,308.672904597102,314.6252746582031,308.672904597102,314.6252746582031,400,0.0,0.0
2013-12-02 00:00:00+09:00,314.6252746582031,314.6252746582031,314.6252746582031,314.6252746582031,400,0.0,0.0
2013-12-03 00:00:00+09:00,314.62525835429153,314.62525835429153,310.3735656738281,310.3735656738281,1300,0.0,0.0
2013-12-04 00:00:00+09:00,309.5232431772593,314.6252746582031,309.5232431772593,314.6252746582031,200,0.0,0.0
2013-12-05 00:00:00+09:00,310.37354838880424,313.77490234375,310.37354838880424,313.77490234375,200,0.0,0.0
2013-12-06 00:00:00+09:00,313.77490234375,314.62524083248644,310.37354838880424,313.77490234375,1900,0.0,0.0
2013-12-09 00:00:00+09:00,313.7749360780458,314.6252746582031,313.7749360780458,314.6252746582031,4600,0.0,0.0
2013-12-10 00:00:00+09:00,314.6252746582031,314.6252746582031,313.7749360780458,314.6252746582031,1300,0.0,0.0
2013-12-11 00:00:00+09:00,315.47561323836044,315.47561323836044,314.6252746582031,314.6252746582031,800,0.0,0.0
2013-12-12 00:00:00+09:00,314.62532955667245,314.62532955667245,312.9246520996094,312.9246520996094,400,0.0,0.0
2013-12-13 00:00:00+09:00,312.9245833333333,319.72729166666664,312.9245833333333,318.876953125,6900,0.0,0.0
2013-12-16 00:00:00+09:00,319.7273045844327,322.2783203125,319.7273045844327,322.2783203125,1100,0.0,0.0
2013-12-17 00:00:00+09:00,322.27832516569975,322.27832516569975,312.07426209976734,315.4756164550781,2800,0.0,0.0
2013-12-18 00:00:00+09:00,311.22392033757393,315.47561323836044,311.22392033757393,314.6252746582031,6600,0.0,0.0
2013-12-19 00:00:00+09:00,314.6252539586126,317.17626953125,314.6252539586126,317.17626953125,5300,0.0,0.0
2013-12-20 00:00:00+09:00,311.22392033757393,318.8769675589897,311.22392033757393,314.6252746582031,8500,0.0,0.0
2013-12-24 00:00:00+09:00,319.72736192786175,322.2783781134564,312.9246520996094,312.9246520996094,5700,0.0,0.0
2013-12-25 00:00:00+09:00,318.87698046026384,323.97901214762805,314.62528738746033,318.0266418457031,15000,0.0,0.0
2013-12-26 00:00:00+09:00,345.23743759155275,345.23743759155275,340.1354064941406,340.1354064941406,3100,0.0,0.0
2013-12-27 00:00:00+09:00,339.2850850153349,339.2850850153349,314.6252668062003,320.57763671875,6900,0.0,0.0
2013-12-30 00:00:00+09:00,326.52999120843987,335.03337639615967,326.52999120843987,332.48236083984375,500,0.0,0.0
2014-01-06 00:00:00+09:00,327.38035176863457,327.38035176863457,322.2783203125,322.2783203125,900,0.0,0.0
2014-01-07 00:00:00+09:00,322.27829308760795,323.1286315917969,322.27829308760795,323.1286315917969,800,0.0,0.0
2014-01-08 00:00:00+09:00,323.97900226299583,331.6320495605469,323.97900226299583,331.6320495605469,1100,0.0,0.0
2014-01-09 00:00:00+09:00,331.63203712745945,344.3871154785156,331.63203712745945,344.3871154785156,8500,0.0,0.0
2014-01-10 00:00:00+09:00,340.1354064941406,340.1354064941406,340.1354064941406,340.1354064941406,2100,0.0,0.0
2014-01-14 00:00:00+09:00,344.387152294562,346.08782958984375,331.63207257994856,346.08782958984375,2700,0.0,0.0
2014-01-15 00:00:00+09:00,345.2374637080174,346.9381408691406,345.2374637080174,346.9381408691406,600,0.0,0.0
2014-01-16 00:00:00+09:00,346.93811462402346,346.93811462402346,340.1354064941406,340.1354064941406,1500,0.0,0.0
2014-01-17 00:00:00+09:00,340.1354064941406,340.1354064941406,340.1354064941406,340.1354064941406,0,0.0,0.0
2014-01-20 00:00:00+09:00,340.13544161534367,349.4891662597656,340.13544161534367,349.4891662597656,1100,0.0,0.0
2014-01-21 00:00:00+09:00,349.4891662597656,349.4891662597656,349.4891662597656,349.4891662597656,0,0.0,0.0
2014-01-22 00:00:00+09:00,346.9381408691406,346.9381408691406,346.9381408691406,346.9381408691406,100,0.0,0.0
2014-01-23 00:00:00+09:00,346.93811462402346,346.93811462402346,340.1354064941406,340.1354064941406,700,0.0,0.0
2014-01-24 00:00:00+09:00,340.1354419941805,340.1354419941805,333.3327331542969,333.3327331542969,1700,0.0,0.0
2014-01-27 00:00:00+09:00,333.3327551055373,340.9858030543889,331.63207778357025,339.2851257324219,4100,0.0,0.0
2014-01-28 00:00:00+09:00,339.28508413809317,345.2374540352527,339.28508413809317,344.3871154785156,700,0.0,0.0
2014-01-29 00:00:00+09:00,344.3871154785156,344.3871154785156,344.3871154785156,344.3871154785156,0,0.0,0.0
2014-01-30 00:00:00+09:00,339.28506797790527,340.1354064941406,339.28506797790527,340.1354064941406,4500,0.0,0.0
2014-01-31 00:00:00+09:00,340.13543057082285,341.83610772367695,338.43475341796875,338.43475341796875,3300,0.0,0.0
2014-02-03 00:00:00+09:00,335.0334167480469,340.1354484751745,335.0334167480469,335.0334167480469,1300,0.0,0.0
2014-02-04 00:00:00+09:00,331.63209291968013,343.5368347167969,331.63209291968013,343.5368347167969,2800,0.0,0.0
2014-02-05 00:00:00+09:00,342.6864663656656,343.5368049918831,327.38037109375,327.38037109375,2300,0.0,0.0
2014-02-06 00:00:00+09:00,327.38037109375,327.38037109375,327.38037109375,327.38037109375,0,0.0,0.0
2014-02-07 00:00:00+09:00,328.2306672668457,342.6864220428467,328.2306672668457,340.1354064941406,1500,0.0,0.0
2014-02-10 00:00:00+09:00,340.1354064941406,340.1354064941406,340.1354064941406,340.1354064941406,900,0.0,0.0
2014-02-12 00:00:00+09:00,340.1354064941406,340.985745010376,338.4347294616699,340.1354064941406,8000,0.0,0.0
2014-02-13 00:00:00+09:00,340.1354064941406,340.1354064941406,340.1354064941406,340.1354064941406,4300,0.0,0.0
2014-02-14 00:00:00+09:00,340.1354064941406,340.1354064941406,340.1354064941406,340.1354064941406,1200,0.0,0.0
2014-02-17 00:00:00+09:00,339.28506797790527,340.1354064941406,339.28506797790527,340.1354064941406,2900,0.0,0.0
2014-02-18 00:00:00+09:00,340.1354064941406,340.1354064941406,339.28506797790527,340.1354064941406,1500,0.0,0.0
2014-02-19 00:00:00+09:00,340.1354064941406,340.1354064941406,338.4347294616699,340.1354064941406,2600,0.0,0.0
2014-02-20 00:00:00+09:00,340.1354064941406,340.1354064941406,340.1354064941406,340.1354064941406,1700,0.0,0.0
2014-02-21 00:00:00+09:00,340.1354402080736,340.98577880859375,340.1354402080736,340.98577880859375,700,0.0,0.0
2014-02-24 00:00:00+09:00,339.28506797790527,340.1354064941406,338.4347294616699,340.1354064941406,4500,0.0,0.0
2014-02-25 00:00:00+09:00,340.135468273628,348.63885498046875,340.135468273628,348.63885498046875,6800,0.0,0.0
2014-02-26 00:00:00+09:00,350.3395066901819,350.3395066901819,339.2851047800548,341.83612060546875,3100,0.0,0.0
2014-02-27 00:00:00+09:00,340.1354064941406,340.985745010376,340.1354064941406,340.1354064941406,900,0.0,0.0
2014-02-28 00:00:00+09:00,340.1354064941406,340.1354064941406,340.1354064941406,340.1354064941406,1900,0.0,0.0
2014-03-03 00:00:00+09:00,340.1354433885261,341.83612060546875,338.4347661715835,341.83612060546875,900,0.0,0.0
2014-03-04 00:00:00+09:00,340.1354064941406,341.83608352661133,340.1354064941406,340.1354064941406,1200,0.0,0.0
2014-03-05 00:00:00+09:00,340.13540552414423,347.7884521484375,340.13540552414423,347.7884521484375,3700,0.0,0.0
2014-03-06 00:00:00+09:00,346.0878389684165,348.63885498046875,346.0878389684165,348.63885498046875,4200,0.0,0.0
2014-03-07 00:00:00+09:00,349.4891422447223,351.1898193359375,348.6388036991147,351.1898193359375,1800,0.0,0.0
2014-03-10 00:00:00+09:00,349.4891393184662,350.339477856954,326.5299987792969,326.5299987792969,4500,0.0,0.0
2014-03-11 00:00:00+09:00,335.03340860495246,340.98577880859375,330.78171560235154,340.98577880859375,3500,0.0,0.0
2014-03-12 00:00:00+09:00,338.43480251803254,343.5368347167969,338.43480251803254,343.5368347167969,200,0.0,0.0
2014-03-13 00:00:00+09:00,343.5368347167969,343.5368347167969,343.5368347167969,343.5368347167969,0,0.0,0.0
2014-03-14 00:00:00+09:00,340.1354064941406,342.6864220428467,337.58439094543456,340.1354064941406,3600,0.0,0.0
2014-03-17 00:00:00+09:00,340.1354064941406,340.1354064941406,340.1354064941406,340.1354064941406,500,0.0,0.0
2014-03-18 00:00:00+09:00,340.1354433885261,341.83612060546875,340.1354433885261,341.83612060546875,1700,0.0,0.0
2014-03-19 00:00:00+09:00,341.8361237859608,342.68646240234375,341.8361237859608,342.68646240234375,800,0.0,0.0
2014-03-20 00:00:00+09:00,340.9857851695778,343.53680101872675,340.9857851695778,342.68646240234375,2200,0.0,0.0
2014-03-24 00:00:00+09:00,340.1354064941406,340.1354064941406,340.1354064941406,340.1354064941406,400,0.0,0.0
2014-03-25 00:00:00+09:00,340.1354064941406,341.83608352661133,340.1354064941406,340.1354064941406,400,0.0,0.0
2014-03-26 00:00:00+09:00,340.1354064941406,340.1354064941406,340.1354064941406,340.1354064941406,1000,0.0,0.0
2014-03-27 00:00:00+09:00,340.1354064941406,340.1354064941406,340.1354064941406,340.1354064941406,500,0.0,0.0
2014-03-28 00:00:00+09:00,340.1354465531948,342.68646240234375,340.1354465531948,342.68646240234375,800,0.0,0.0
2014-03-31 00:00:00+09:00,342.6864960170028,343.5368347167969,342.6864960170028,343.5368347167969,2000,0.0,0.0
2014-04-01 00:00:00+09:00,343.5368347167969,343.5368347167969,343.5368347167969,343.5368347167969,0,0.0,0.0
2014-04-02 00:00:00+09:00,342.68646240234375,342.68646240234375,342.68646240234375,342.68646240234375,100,0.0,0.0
2014-04-03 00:00:00+09:00,342.68646240234375,342.68646240234375,342.68646240234375,342.68646240234375,100,0.0,0.0
2014-04-04 00:00:00+09:00,342.68646240234375,342.68646240234375,342.68646240234375,342.68646240234375,1200,0.0,0.0
2014-04-07 00:00:00+09:00,340.985745010376,340.985745010376,340.1354064941406,340.1354064941406,600,0.0,0.0
2014-04-08 00:00:00+09:00,339.2851257324219,339.2851257324219,339.2851257324219,339.2851257324219,100,0.0,0.0
2014-04-09 00:00:00+09:00,340.13539657784946,340.9857350692941,332.4823501548479,337.5843811035156,3600,0.0,0.0
2014-04-10 00:00:00+09:00,337.5843811035156,337.5843811035156,337.5843811035156,337.5843811035156,0,0.0,0.0
2014-04-11 00:00:00+09:00,335.8837139129639,340.1354064941406,335.8837139129639,340.1354064941406,2100,0.0,0.0
2014-04-14 00:00:00+09:00,340.1354064941406,340.1354064941406,340.1354064941406,340.1354064941406,100,0.0,0.0
2014-04-15 00:00:00+09:00,340.1354064941406,340.1354064941406,340.1354064941406,340.1354064941406,7000,0.0,0.0
2014-04-16 00:00:00+09:00,340.1354064941406,341.83608352661133,340.1354064941406,340.1354064941406,1900,0.0,0.0
2014-04-17 00:00:00+09:00,340.1354643934054,340.1354643934054,339.2851257324219,339.2851257324219,700,0.0,0.0
2014-04-18 00:00:00+09:00,340.1354433885261,341.83612060546875,340.1354433885261,341.83612060546875,2500,0.0,0.0
2014-04-21 00:00:00+09:00,340.985745010376,340.985745010376,340.1354064941406,340.1354064941406,600,0.0,0.0
2014-04-22 00:00:00+09:00,340.1354064941406,340.1354064941406,340.1354064941406,340.1354064941406,1200,0.0,0.0
2014-04-23 00:00:00+09:00,337.5844358033772,337.5844358033772,335.8837585449219,335.8837585449219,300,0.0,0.0
2014-04-24 00:00:00+09:00,335.8837585449219,335.8837585449219,335.8837585449219,335.8837585449219,0,0.0,0.0
2014-04-25 00:00:00+09:00,341.83612060546875,341.83612060546875,341.83612060546875,341.83612060546875,100,0.0,0.0
2014-04-28 00:00:00+09:00,341.83612060546875,341.83612060546875,341.83612060546875,341.83612060546875,0,0.0,0.0
2014-04-30 00:00:00+09:00,341.83612060546875,341.83612060546875,341.83612060546875,341.83612060546875,0,0.0,0.0
2014-05-01 00:00:00+09:00,340.98577880859375,340.98577880859375,340.98577880859375,340.98577880859375,3000,0.0,0.0
2014-05-02 00:00:00+09:00,342.6864220428467,342.6864220428467,340.1354064941406,340.1354064941406,300,0.0,0.0
2014-05-07 00:00:00+09:00,340.1354064941406,340.1354064941406,340.1354064941406,340.1354064941406,0,0.0,0.0
2014-05-08 00:00:00+09:00,337.5843811035156,337.5843811035156,337.5843811035156,337.5843811035156,400,0.0,0.0
2014-05-09 00:00:00+09:00,339.2851257324219,339.2851257324219,339.2851257324219,339.2851257324219,100,0.0,0.0
2014-05-12 00:00:00+09:00,338.43475341796875,338.43475341796875,338.43475341796875,338.43475341796875,300,0.0,0.0
2014-05-13 00:00:00+09:00,338.4347870714384,339.2851257324219,338.4347870714384,339.2851257324219,200,0.0,0.0
2014-05-14 00:00:00+09:00,339.28506797790527,340.1354064941406,339.28506797790527,340.1354064941406,200,0.0,0.0
2014-05-15 00:00:00+09:00,338.4347294616699,340.1354064941406,337.58439094543456,340.1354064941406,1300,0.0,0.0
2014-05-16 00:00:00+09:00,340.1354064941406,340.1354064941406,340.1354064941406,340.1354064941406,100,0.0,0.0
2014-05-19 00:00:00+09:00,340.135450487013,340.135450487013,327.38037109375,327.38037109375,1100,0.0,0.0
2014-05-20 00:00:00+09:00,326.5299987792969,326.5299987792969,326.5299987792969,326.5299987792969,500,0.0,0.0
2014-05-21 00:00:00+09:00,326.5299987792969,326.5299987792969,326.5299987792969,326.5299987792969,0,0.0,0.0
2014-05-22 00:00:00+09:00,327.38037109375,327.38037109375,327.38037109375,327.38037109375,900,0.0,0.0
2014-05-23 00:00:00+09:00,329.08104834618507,329.08104834618507,327.38037109375,327.38037109375,1000,0.0,0.0
2014-05-26 00:00:00+09:00,339.28509025966997,339.28509025966997,327.38035025055876,329.9313659667969,900,0.0,0.0
2014-05-27 00:00:00+09:00,334.18307359660577,334.18307359660577,325.6796875,325.6796875,700,0.0,0.0
2014-05-28 00:00:00+09:00,325.6796875,325.6796875,325.6796875,325.6796875,0,0.0,0.0
2014-05-29 00:00:00+09:00,325.6796875,325.6796875,325.6796875,325.6796875,600,0.0,0.0
2014-05-30 00:00:00+09:00,325.6796875,325.6796875,325.6796875,325.6796875,0,0.0,0.0
2014-06-02 00:00:00+09:00,327.38037109375,327.38037109375,327.38037109375,327.38037109375,1000,0.0,0.0
2014-06-03 00:00:00+09:00,327.38037109375,327.38037109375,327.38037109375,327.38037109375,0,0.0,0.0
2014-06-04 00:00:00+09:00,327.38037109375,327.38037109375,327.38037109375,327.38037109375,0,0.0,0.0
2014-06-05 00:00:00+09:00,327.38037109375,327.38037109375,327.38037109375,327.38037109375,0,0.0,0.0
2014-06-06 00:00:00+09:00,336.734130859375,336.734130859375,336.734130859375,336.734130859375,100,0.0,0.0
2014-06-09 00:00:00+09:00,329.9313659667969,329.9313659667969,329.9313659667969,329.9313659667969,400,0.0,0.0
2014-06-10 00:00:00+09:00,327.38037109375,327.38037109375,327.38037109375,327.38037109375,1000,0.0,0.0
2014-06-11 00:00:00+09:00,335.8837585449219,335.8837585449219,335.8837585449219,335.8837585449219,400,0.0,0.0
2014-06-12 00:00:00+09:00,337.5843811035156,337.5843811035156,337.5843811035156,337.5843811035156,100,0.0,0.0
2014-06-13 00:00:00+09:00,331.6320495605469,331.6320495605469,331.6320495605469,331.6320495605469,100,0.0,0.0
2014-06-16 00:00:00+09:00,338.43475341796875,338.43475341796875,338.43475341796875,338.43475341796875,100,0.0,0.0
2014-06-17 00:00:00+09:00,332.48236083984375,332.48236083984375,332.48236083984375,332.48236083984375,100,0.0,0.0
2014-06-18 00:00:00+09:00,332.48236083984375,332.48236083984375,332.48236083984375,332.48236083984375,0,0.0,0.0
2014-06-19 00:00:00+09:00,332.4823585169835,336.7340510811393,323.9789733886719,323.9789733886719,1300,0.0,0.0
2014-06-20 00:00:00+09:00,327.38034704242875,329.0810241699219,327.38034704242875,329.0810241699219,1100,0.0,0.0
2014-06-23 00:00:00+09:00,329.0810241699219,329.0810241699219,329.0810241699219,329.0810241699219,0,0.0,0.0
2014-06-24 00:00:00+09:00,329.0810241699219,329.0810241699219,329.0810241699219,329.0810241699219,0,0.0,0.0
2014-06-25 00:00:00+09:00,335.8837585449219,335.8837585449219,335.03341991569425,335.8837585449219,1000,0.0,0.0
2014-06-26 00:00:00+09:00,339.28509199439577,339.28509199439577,335.8837376886876,338.43475341796875,1300,0.0,0.0
2014-06-27 00:00:00+09:00,338.43475341796875,338.43475341796875,338.43475341796875,338.43475341796875,0,0.0,0.0
2014-06-30 00:00:00+09:00,338.4347455813561,345.2374540352527,338.4347455813561,344.3871154785156,2000,0.0,0.0
2014-07-01 00:00:00+09:00,344.3871154785156,344.3871154785156,344.3871154785156,344.3871154785156,0,0.0,0.0
2014-07-02 00:00:00+09:00,341.83608352661133,341.83608352661133,340.1354064941406,340.1354064941406,400,0.0,0.0
2014-07-03 00:00:00+09:00,344.3871154785156,344.3871154785156,344.3871154785156,344.3871154785156,200,0.0,0.0
2014-07-04 00:00:00+09:00,344.3871154785156,344.3871154785156,344.3871154785156,344.3871154785156,500,0.0,0.0
2014-07-07 00:00:00+09:00,342.68646240234375,342.68646240234375,342.68646240234375,342.68646240234375,100,0.0,0.0
2014-07-08 00:00:00+09:00,342.6864415812375,346.0877958401083,342.6864415812375,345.2374572753906,1700,0.0,0.0
2014-07-09 00:00:00+09:00,342.68646240234375,342.68646240234375,342.68646240234375,342.68646240234375,100,0.0,0.0
2014-07-10 00:00:00+09:00,342.68646240234375,342.68646240234375,342.68646240234375,342.68646240234375,0,0.0,0.0
2014-07-11 00:00:00+09:00,342.68646240234375,342.68646240234375,342.68646240234375,342.68646240234375,100,0.0,0.0
2014-07-14 00:00:00+09:00,342.6864560096341,342.6864560096341,340.98577880859375,340.98577880859375,800,0.0,0.0
2014-07-15 00:00:00+09:00,340.98577080520926,346.9381408691406,340.98577080520926,346.9381408691406,400,0.0,0.0
2014-07-16 00:00:00+09:00,340.98577880859375,341.83611740911397,340.98577880859375,340.98577880859375,400,0.0,0.0
2014-07-17 00:00:00+09:00,344.3870990753174,344.3870990753174,340.1354064941406,340.1354064941406,300,0.0,0.0
2014-07-18 00:00:00+09:00,345.2375002977325,348.63885498046875,345.2375002977325,348.63885498046875,800,0.0,0.0
2014-07-22 00:00:00+09:00,348.63885498046875,348.63885498046875,348.63885498046875,348.63885498046875,0,0.0,0.0
2014-07-23 00:00:00+09:00,348.63885498046875,348.63885498046875,348.63885498046875,348.63885498046875,0,0.0,0.0
2014-07-24 00:00:00+09:00,340.985745010376,341.83608352661133,340.1354064941406,340.1354064941406,2600,0.0,0.0
2014-07-25 00:00:00+09:00,346.93811462402346,346.93811462402346,340.1354064941406,340.1354064941406,4000,0.0,0.0
2014-07-28 00:00:00+09:00,340.1354402080736,348.6388262132754,340.1354402080736,340.98577880859375,2100,0.0,0.0
2014-07-29 00:00:00+09:00,340.9858186174147,343.5368347167969,338.43480251803254,343.5368347167969,1600,0.0,0.0
2014-07-30 00:00:00+09:00,340.1354064941406,340.1354064941406,339.28506797790527,340.1354064941406,2700,0.0,0.0
2014-07-31 00:00:00+09:00,340.13539657784946,343.536750543628,337.5843811035156,337.5843811035156,1200,0.0,0.0
2014-08-01 00:00:00+09:00,337.5844148415417,344.3871234529581,337.5844148415417,338.43475341796875,600,0.0,0.0
2014-08-04 00:00:00+09:00,338.43471959496026,338.43471959496026,337.5843811035156,337.5843811035156,600,0.0,0.0
2014-08-05 00:00:00+09:00,337.5844326116107,337.5844326116107,335.0334167480469,335.0334167480469,700,0.0,0.0
2014-08-06 00:00:00+09:00,335.03341356427916,335.03341356427916,334.1830749511719,334.1830749511719,300,0.0,0.0
2014-08-07 00:00:00+09:00,337.5844326116107,337.5844326116107,335.0334167480469,335.0334167480469,500,0.0,0.0
2014-08-08 00:00:00+09:00,334.1830717592823,340.1354419941805,333.3327331542969,333.3327331542969,400,0.0,0.0
2014-08-11 00:00:00+09:00,333.3327331542969,333.3327331542969,333.3327331542969,333.3327331542969,600,0.0,0.0
2014-08-12 00:00:00+09:00,333.3327267377805,333.3327267377805,331.6320495605469,331.6320495605469,1300,0.0,0.0
2014-08-13 00:00:00+09:00,331.6320495605469,331.6320495605469,331.6320495605469,331.6320495605469,100,0.0,0.0
2014-08-14 00:00:00+09:00,331.6320495605469,331.6320495605469,331.6320495605469,331.6320495605469,0,0.0,0.0
2014-08-15 00:00:00+09:00,331.6320495605469,331.6320495605469,331.6320495605469,331.6320495605469,0,0.0,0.0
2014-08-18 00:00:00+09:00,337.58444841045485,339.2851257324219,332.4824164445538,339.2851257324219,1400,0.0,0.0
2014-08-19 00:00:00+09:00,340.1354484751745,340.1354484751745,335.0334167480469,335.0334167480469,600,0.0,0.0
2014-08-20 00:00:00+09:00,335.88379214508365,340.1354857165404,335.88379214508365,336.734130859375,900,0.0,0.0
2014-08-21 00:00:00+09:00,336.73405242919927,340.1354064941406,334.1830368804932,340.1354064941406,800,0.0,0.0
2014-08-22 00:00:00+09:00,340.985745010376,343.53676055908204,335.8837139129639,340.1354064941406,5800,0.0,0.0
2014-08-25 00:00:00+09:00,340.1354857165404,340.1354857165404,336.734130859375,336.734130859375,900,0.0,0.0
2014-08-26 00:00:00+09:00,340.985745010376,340.985745010376,340.1354064941406,340.1354064941406,400,0.0,0.0
2014-08-27 00:00:00+09:00,337.5843811035156,337.5843811035156,337.5843811035156,337.5843811035156,200,0.0,0.0
2014-08-28 00:00:00+09:00,340.1354433885261,341.83612060546875,340.1354433885261,341.83612060546875,1600,0.0,0.0
2014-08-29 00:00:00+09:00,340.13543057082285,341.83610772367695,338.43475341796875,338.43475341796875,1000,0.0,0.0
2014-09-01 00:00:00+09:00,339.28508413809317,344.3871154785156,339.28508413809317,344.3871154785156,600,0.0,0.0
2014-09-02 00:00:00+09:00,342.68645921394005,350.3395066901819,341.83612060546875,341.83612060546875,12000,0.0,0.0
2014-09-03 00:00:00+09:00,342.6864667514672,352.89053027756546,342.6864667514672,352.0401916503906,4200,0.0,0.0
2014-09-04 00:00:00+09:00,352.0401852802165,352.0401852802165,348.6388308330647,350.3395080566406,900,0.0,0.0
2014-09-05 00:00:00+09:00,346.087802288579,352.89051093307194,346.087802288579,346.9381408691406,1300,0.0,0.0
2014-09-08 00:00:00+09:00,347.7884890516889,352.89052067591905,347.7884890516889,349.4891662597656,1800,0.0,0.0
2014-09-09 00:00:00+09:00,349.48914868458206,352.8905029296875,348.63881012330575,352.8905029296875,2600,0.0,0.0
2014-09-10 00:00:00+09:00,356.29188478626486,356.29188478626486,351.18985302321573,352.0401916503906,900,0.0,0.0
2014-09-11 00:00:00+09:00,352.0401643684111,354.5911800522402,350.33948724585844,352.8905029296875,3500,0.0,0.0
2014-09-12 00:00:00+09:00,352.89053027756546,354.5912075319152,351.18985302321573,352.0401916503906,1600,0.0,0.0
2014-09-16 00:00:00+09:00,352.0401643684111,352.8905029296875,352.0401643684111,352.8905029296875,1000,0.0,0.0
2014-09-17 00:00:00+09:00,353.7408479466427,355.4415251002323,353.7408479466427,354.5911865234375,1600,0.0,0.0
2014-09-18 00:00:00+09:00,357.14218784386003,422.6182556152344,355.44151075888925,422.6182556152344,75100,0.0,0.0
2014-09-19 00:00:00+09:00,463.43450520833335,490.64533854166666,380.95166666666665,382.65234375,284400,0.0,0.0
2014-09-22 00:00:00+09:00,434.5229810606759,450.67941284179693,430.2712884866967,450.6794128417969,37400,0.0,0.0
2014-09-24 00:00:00+09:00,396.2577619708952,420.06724123094904,386.9040379758741,414.9652099609375,84900,0.0,0.0
2014-09-25 00:00:00+09:00,397.1081030013713,403.0604728536403,391.1557331491024,399.65911865234375,36000,0.0,0.0
2014-09-26 00:00:00+09:00,390.9708769425102,399.65911865234375,374.46321769382644,399.65911865234375,17400,10.0,0.0
2014-09-29 00:00:00+09:00,386.62676348501566,388.3644118602292,374.4632248585208,381.413818359375,13700,0.0,0.0
2014-09-30 00:00:00+09:00,386.62676348501566,386.62676348501566,381.413818359375,381.413818359375,7900,0.0,0.0
2014-10-01 00:00:00+09:00,384.0202876099753,384.88911179008835,371.85674908839235,378.8073425292969,2900,0.0,0.0
2014-10-02 00:00:00+09:00,364.90616954456675,382.28265380859375,351.87380634654653,382.28265380859375,10500,0.0,0.0
2014-10-03 00:00:00+09:00,379.6761485279857,379.6761485279857,369.25025886589,372.7255554199219,2800,0.0,0.0
2014-10-06 00:00:00+09:00,366.643797550645,373.5943908691406,353.61143507846566,373.5943908691406,4500,0.0,0.0
2014-10-07 00:00:00+09:00,377.9385246114528,377.9385246114528,365.7749858883256,367.51263427734375,4200,0.0,0.0
2014-10-08 00:00:00+09:00,366.643837483724,371.85678304036463,364.90618896484375,364.90618896484375,2700,0.0,0.0
2014-10-09 00:00:00+09:00,364.9061537798713,370.98792300953585,364.9061537798713,369.2502746582031,3000,0.0,0.0
2014-10-10 00:00:00+09:00,369.2502760486923,369.2502760486923,362.2996826171875,362.2996826171875,3000,0.0,0.0
2014-10-14 00:00:00+09:00,351.8737987761802,367.51263427734375,351.8737987761802,367.51263427734375,4000,0.0,0.0
2014-10-15 00:00:00+09:00,364.03736470540366,364.90618896484375,351.8738250732422,364.90618896484375,6300,0.0,0.0
2014-10-16 00:00:00+09:00,360.56201618473705,361.43084032012194,356.2178955078125,356.2178955078125,3500,0.0,0.0
2014-10-17 00:00:00+09:00,352.74263233249474,358.82440185546875,351.873808114927,358.82440185546875,600,0.0,0.0
2014-10-20 00:00:00+09:00,360.5620615493848,360.5620615493848,349.26734636831975,359.6932373046875,3300,0.0,0.0
2014-10-21 00:00:00+09:00,351.00494968834107,363.1684875488281,351.00494968834107,363.1684875488281,5200,0.0,0.0
2014-10-22 00:00:00+09:00,363.1684875488281,364.03731168172004,361.43083928304424,363.1684875488281,2700,0.0,0.0
2014-10-23 00:00:00+09:00,363.16855155600507,365.7750244140625,363.16855155600507,365.7750244140625,2000,0.0,0.0
2014-10-24 00:00:00+09:00,369.2502700450808,373.5943908691406,369.2502700450808,373.5943908691406,3500,0.0,0.0
2014-10-27 00:00:00+09:00,372.7255588107639,375.33203125,372.7255588107639,375.33203125,1000,0.0,0.0
2014-10-28 00:00:00+09:00,374.463180863606,377.9384772057276,368.38141226489313,370.9878845214844,3700,0.0,0.0
2014-10-29 00:00:00+09:00,369.2503032728376,376.2008972167969,369.2503032728376,376.2008972167969,1000,0.0,0.0
2014-10-30 00:00:00+09:00,377.06968292587106,377.9385070800781,377.06968292587106,377.9385070800781,3200,0.0,0.0
2014-10-31 00:00:00+09:00,378.8073312342852,378.8073312342852,371.8567380006286,377.9385070800781,2500,0.0,0.0
2014-11-04 00:00:00+09:00,377.93849918880505,379.6761474609375,373.594378508474,379.6761474609375,5700,0.0,0.0
2014-11-05 00:00:00+09:00,374.463207103588,375.33203125,374.463207103588,375.33203125,1800,0.0,0.0
2014-11-06 00:00:00+09:00,374.4632263183594,375.3320505093533,374.4632263183594,374.4632263183594,5300,0.0,0.0
2014-11-07 00:00:00+09:00,373.5944021273655,375.3320505093533,373.5944021273655,374.4632263183594,7000,0.0,0.0
2014-11-10 00:00:00+09:00,373.5944315592448,373.5944315592448,364.90618896484375,364.90618896484375,11300,0.0,0.0
2014-11-11 00:00:00+09:00,365.77500198109334,367.51265044656174,356.2179354210173,364.037353515625,6000,0.0,0.0
2014-11-12 00:00:00+09:00,358.82440185546875,364.9061713784428,357.95557763790106,358.82440185546875,2200,0.0,0.0
2014-11-13 00:00:00+09:00,359.69324340820316,370.1191345214844,359.69324340820316,364.90618896484375,4200,0.0,0.0
2014-11-14 00:00:00+09:00,363.16853238508037,366.6438293457031,358.8244111843019,366.6438293457031,4300,0.0,0.0
2014-11-17 00:00:00+09:00,364.90618896484375,364.90618896484375,364.90618896484375,364.90618896484375,600,0.0,0.0
2014-11-18 00:00:00+09:00,367.51265044656174,367.51265044656174,362.2997050501566,364.037353515625,400,0.0,0.0
2014-11-19 00:00:00+09:00,364.037353515625,364.037353515625,364.037353515625,364.037353515625,0,0.0,0.0
2014-11-20 00:00:00+09:00,364.9061537798713,369.2502746582031,364.03732960420496,369.2502746582031,1900,0.0,0.0
2014-11-21 00:00:00+09:00,369.25025886589,373.5943795584298,369.25025886589,372.7255554199219,3100,0.0,0.0
2014-11-25 00:00:00+09:00,372.7255554199219,372.7255554199219,372.7255554199219,372.7255554199219,0,0.0,0.0
2014-11-26 00:00:00+09:00,372.7255554199219,372.7255554199219,372.7255554199219,372.7255554199219,100,0.0,0.0
2014-11-27 00:00:00+09:00,373.5944244878121,376.2008972167969,373.5944244878121,376.2008972167969,1300,0.0,0.0
2014-11-28 00:00:00+09:00,376.20085877166395,377.9385070800781,376.20085877166395,377.9385070800781,1100,0.0,0.0
2014-12-01 00:00:00+09:00,371.8567380006286,377.9385070800781,371.8567380006286,377.9385070800781,1200,0.0,0.0
2014-12-02 00:00:00+09:00,377.9385070800781,377.9385070800781,377.9385070800781,377.9385070800781,700,0.0,0.0
2014-12-03 00:00:00+09:00,376.2008972167969,377.93854570278666,375.3320729738019,376.2008972167969,1000,0.0,0.0
2014-12-04 00:00:00+09:00,378.80735054543493,378.80735054543493,374.4632295529414,377.0697021484375,1300,0.0,0.0
2014-12-05 00:00:00+09:00,377.0696974213411,381.413818359375,377.0696974213411,381.413818359375,400,0.0,0.0
2014-12-08 00:00:00+09:00,377.06967505273883,379.6761474609375,377.06967505273883,379.6761474609375,300,0.0,0.0
2014-12-09 00:00:00+09:00,380.5450134277344,380.5450134277344,380.5450134277344,380.5450134277344,200,0.0,0.0
2014-12-10 00:00:00+09:00,374.463207103588,377.93850368923614,374.463207103588,375.33203125,1300,0.0,0.0
2014-12-11 00:00:00+09:00,373.5944053544427,377.0697021484375,372.725581155944,377.0697021484375,1200,0.0,0.0
2014-12-12 00:00:00+09:00,377.9385070800781,377.9385070800781,373.59438630904276,377.9385070800781,1000,0.0,0.0
2014-12-15 00:00:00+09:00,377.9385070800781,377.9385070800781,377.9385070800781,377.9385070800781,0,0.0,0.0
2014-12-16 00:00:00+09:00,375.33206349498823,376.2008877160414,368.3814697265625,368.3814697265625,1100,0.0,0.0
2014-12-17 00:00:00+09:00,373.5944069159423,376.20087952233257,368.3814617031617,370.1191101074219,1100,0.0,0.0
2014-12-18 00:00:00+09:00,370.1191101074219,370.1191101074219,370.1191101074219,370.1191101074219,200,0.0,0.0
2014-12-19 00:00:00+09:00,370.9879327589466,377.0697021484375,370.1191085604479,377.0697021484375,800,0.0,0.0
2014-12-22 00:00:00+09:00,371.85670860701475,377.06965312019724,370.9878845214844,370.9878845214844,1000,0.0,0.0
2014-12-24 00:00:00+09:00,368.3814697265625,372.7255908318286,368.3814697265625,368.3814697265625,1400,0.0,0.0
2014-12-25 00:00:00+09:00,368.38145847185285,370.9879310553801,367.51263427734375,367.51263427734375,1100,0.0,0.0
2014-12-26 00:00:00+09:00,377.0697021484375,377.0697021484375,377.0697021484375,377.0697021484375,1700,0.0,0.0
2014-12-29 00:00:00+09:00,377.06967611246176,377.06967611246176,372.7255554199219,372.7255554199219,1800,0.0,0.0
2014-12-30 00:00:00+09:00,372.7255667043286,385.75792917650796,370.98791837470475,373.5943908691406,2800,0.0,0.0
2015-01-05 00:00:00+09:00,371.8567199707031,371.8567199707031,371.8567199707031,371.8567199707031,100,0.0,0.0
2015-01-06 00:00:00+09:00,372.7255667043286,379.6761600228243,372.7255667043286,373.5943908691406,400,0.0,0.0
2015-01-07 00:00:00+09:00,373.5943908691406,373.5943908691406,373.5943908691406,373.5943908691406,100,0.0,0.0
2015-01-08 00:00:00+09:00,380.5450134277344,384.02031035401507,374.4632438067432,380.5450134277344,700,0.0,0.0
2015-01-09 00:00:00+09:00,380.5450134277344,380.5450134277344,380.5450134277344,380.5450134277344,0,0.0,0.0
2015-01-13 00:00:00+09:00,380.5450134277344,380.5450134277344,380.5450134277344,380.5450134277344,0,0.0,0.0
2015-01-14 00:00:00+09:00,383.1514440052024,383.1514440052024,374.4632026445402,379.6761474609375,500,0.0,0.0
2015-01-15 00:00:00+09:00,379.6761474609375,379.6761474609375,379.6761474609375,379.6761474609375,0,0.0,0.0
2015-01-16 00:00:00+09:00,377.0696941690708,379.67616670941,377.0696941690708,378.8073425292969,400,0.0,0.0
2015-01-19 00:00:00+09:00,378.8073358580123,378.8073358580123,370.1190942098928,373.5943908691406,2000,0.0,0.0
2015-01-20 00:00:00+09:00,369.25023635042356,374.463180863606,369.25023635042356,370.9878845214844,1600,0.0,0.0
2015-01-21 00:00:00+09:00,370.987934309552,370.987934309552,370.1191101074219,370.1191101074219,200,0.0,0.0
2015-01-22 00:00:00+09:00,370.1191101074219,370.1191101074219,370.1191101074219,370.1191101074219,0,0.0,0.0
2015-01-23 00:00:00+09:00,370.1191101074219,370.1191101074219,370.1191101074219,370.1191101074219,100,0.0,0.0
2015-01-26 00:00:00+09:00,369.2502859052918,370.1191101074219,369.2502859052918,370.1191101074219,700,0.0,0.0
2015-01-27 00:00:00+09:00,369.25026553800734,377.9385070800781,369.25026553800734,377.9385070800781,2200,0.0,0.0
2015-01-28 00:00:00+09:00,370.98791837470475,373.5943908691406,370.98791837470475,373.5943908691406,400,0.0,0.0
2015-01-29 00:00:00+09:00,377.0696795428241,377.93850368923614,375.33203125,375.33203125,2600,0.0,0.0
2015-01-30 00:00:00+09:00,376.2008972167969,376.2008972167969,376.2008972167969,376.2008972167969,100,0.0,0.0
2015-02-02 00:00:00+09:00,369.2502746582031,369.2502746582031,369.2502746582031,369.2502746582031,1000,0.0,0.0
2015-02-03 00:00:00+09:00,369.25023635042356,372.7255326925452,369.25023635042356,370.9878845214844,400,0.0,0.0
2015-02-04 00:00:00+09:00,370.11911816866893,370.11911816866893,368.3814697265625,368.3814697265625,1300,0.0,0.0
2015-02-05 00:00:00+09:00,373.5943908691406,374.46321503395257,373.5943908691406,373.5943908691406,1100,0.0,0.0
2015-02-06 00:00:00+09:00,369.2502746582031,369.2502746582031,369.2502746582031,369.2502746582031,200,0.0,0.0
2015-02-09 00:00:00+09:00,368.38145048253676,369.2502746582031,368.38145048253676,369.2502746582031,1200,0.0,0.0
2015-02-10 00:00:00+09:00,372.7256072998047,373.5944315592448,364.90618896484375,364.90618896484375,4200,0.0,0.0
2015-02-12 00:00:00+09:00,370.9878845214844,370.9878845214844,370.9878845214844,370.9878845214844,200,0.0,0.0
2015-02-13 00:00:00+09:00,370.9878845214844,370.9878845214844,370.9878845214844,370.9878845214844,0,0.0,0.0
2015-02-16 00:00:00+09:00,373.5943908691406,373.5943908691406,373.5943908691406,373.5943908691406,5300,0.0,0.0
2015-02-17 00:00:00+09:00,369.2502746582031,369.2502746582031,369.2502746582031,369.2502746582031,100,0.0,0.0
2015-02-18 00:00:00+09:00,373.5943795584298,373.5943795584298,372.7255554199219,372.7255554199219,1800,0.0,0.0
2015-02-19 00:00:00+09:00,372.7255554199219,372.7255554199219,372.7255554199219,372.7255554199219,0,0.0,0.0
2015-02-20 00:00:00+09:00,376.20090433756513,376.20090433756513,362.2997161865235,364.90618896484375,11400,0.0,0.0
2015-02-23 00:00:00+09:00,363.1685135094828,384.0202941894531,363.1685135094828,384.0202941894531,5200,0.0,0.0
2015-02-24 00:00:00+09:00,380.54497954269937,380.54497954269937,370.11908969221446,377.9385070800781,2100,0.0,0.0
2015-02-25 00:00:00+09:00,370.1190942098928,373.5943908691406,364.90614922102105,373.5943908691406,4300,0.0,0.0
2015-02-26 00:00:00+09:00,375.33201641902747,376.20084053110855,371.8567199707031,371.8567199707031,500,0.0,0.0
2015-02-27 00:00:00+09:00,381.4138247351131,381.4138247351131,370.1191101074219,370.1191101074219,2100,0.0,0.0
2015-03-02 00:00:00+09:00,371.8567312814139,372.7255554199219,371.8567312814139,372.7255554199219,400,0.0,0.0
2015-03-03 00:00:00+09:00,376.20085877166395,377.9385070800781,376.20085877166395,377.9385070800781,400,0.0,0.0
2015-03-04 00:00:00+09:00,377.93850368923614,377.93850368923614,374.463207103588,375.33203125,800,0.0,0.0
2015-03-05 00:00:00+09:00,377.93852792659277,377.93852792659277,367.5126375010316,370.1191101074219,2900,0.0,0.0
2015-03-06 00:00:00+09:00,370.11908969221446,377.9385070800781,370.11908969221446,377.9385070800781,1900,0.0,0.0
2015-03-09 00:00:00+09:00,370.98795175882736,376.2008972167969,370.98795175882736,376.2008972167969,300,0.0,0.0
2015-03-10 00:00:00+09:00,377.06968752838844,377.06968752838844,373.5943908691406,373.5943908691406,300,0.0,0.0
2015-03-11 00:00:00+09:00,372.7255554199219,372.7255554199219,372.7255554199219,372.7255554199219,200,0.0,0.0
2015-03-12 00:00:00+09:00,377.0697021484375,377.0697021484375,376.20087794993884,377.0697021484375,700,0.0,0.0
2015-03-13 00:00:00+09:00,376.20086336357645,376.20086336357645,373.5943908691406,373.5943908691406,200,0.0,0.0
2015-03-16 00:00:00+09:00,371.8567199707031,377.06966464318964,370.98789585862204,371.8567199707031,600,0.0,0.0
2015-03-17 00:00:00+09:00,377.06968752838844,377.06968752838844,373.5943908691406,373.5943908691406,300,0.0,0.0
2015-03-18 00:00:00+09:00,376.2008519739538,376.2008519739538,372.7255554199219,372.7255554199219,400,0.0,0.0
2015-03-19 00:00:00+09:00,377.06972145979177,377.06972145979177,376.2008972167969,376.2008972167969,300,0.0,0.0
2015-03-20 00:00:00+09:00,373.5944021273655,374.4632263183594,373.5944021273655,374.4632263183594,800,0.0,0.0
2015-03-23 00:00:00+09:00,374.4632036969378,378.8073243894777,371.8567312814139,372.7255554199219,1500,0.0,0.0
2015-03-24 00:00:00+09:00,372.7255554199219,372.7255554199219,372.7255554199219,372.7255554199219,1200,0.0,0.0
2015-03-25 00:00:00+09:00,372.7255554199219,372.7255554199219,372.7255554199219,372.7255554199219,1200,0.0,0.0
2015-03-26 00:00:00+09:00,377.06968752838844,377.06968752838844,373.5943908691406,373.5943908691406,1000,0.0,0.0
2015-03-27 00:00:00+09:00,373.5943908691406,375.3320391987645,373.5943908691406,373.5943908691406,2000,0.0,0.0
2015-03-30 00:00:00+09:00,375.3320458088446,378.8073425292969,375.3320458088446,378.8073425292969,1000,0.0,0.0
2015-03-31 00:00:00+09:00,377.0697021484375,378.80735054543493,377.0697021484375,377.0697021484375,1200,0.0,0.0
2015-04-01 00:00:00+09:00,378.80735695578835,382.28265380859375,378.80735695578835,382.28265380859375,600,0.0,0.0
2015-04-02 00:00:00+09:00,382.2826425469818,382.2826425469818,381.413818359375,381.413818359375,800,0.0,0.0
2015-04-03 00:00:00+09:00,381.4138376593046,381.4138376593046,379.6761891961642,380.5450134277344,800,0.0,0.0
2015-04-06 00:00:00+09:00,379.6761474609375,379.6761474609375,377.06967505273883,379.6761474609375,1300,0.0,0.0
2015-04-07 00:00:00+09:00,380.5449715970037,380.5449715970037,372.72555437240777,379.6761474609375,1500,0.0,0.0
2015-04-08 00:00:00+09:00,380.54497612847223,380.54497612847223,373.5943829571759,375.33203125,700,0.0,0.0
2015-04-09 00:00:00+09:00,376.20087794993884,377.0697021484375,376.20087794993884,377.0697021484375,300,0.0,0.0
2015-04-10 00:00:00+09:00,381.4138295953924,382.28265380859375,379.6761811689897,382.28265380859375,400,0.0,0.0
2015-04-13 00:00:00+09:00,374.4632295529414,377.9385263469362,374.4632295529414,377.0697021484375,3700,0.0,0.0
2015-04-14 00:00:00+09:00,380.5450134277344,380.5450134277344,380.5450134277344,380.5450134277344,100,0.0,0.0
2015-04-15 00:00:00+09:00,379.6761553884923,379.6761553884923,377.9385070800781,377.9385070800781,400,0.0,0.0
2015-04-16 00:00:00+09:00,379.67616670941,379.67616670941,378.8073425292969,378.8073425292969,300,0.0,0.0
2015-04-17 00:00:00+09:00,378.8073312342852,378.8073312342852,375.3320346174569,377.9385070800781,900,0.0,0.0
2015-04-20 00:00:00+09:00,377.9385070800781,377.9385070800781,372.72556215483564,377.9385070800781,2300,0.0,0.0
2015-04-21 00:00:00+09:00,379.6761474609375,379.6761474609375,379.6761474609375,379.6761474609375,200,0.0,0.0
2015-04-22 00:00:00+09:00,382.28261986913617,382.28261986913617,375.33202678060644,379.6761474609375,1400,0.0,0.0
2015-04-23 00:00:00+09:00,379.6761474609375,379.6761474609375,379.6761474609375,379.6761474609375,400,0.0,0.0
2015-04-24 00:00:00+09:00,384.02031349649235,384.02031349649235,378.80736806441325,383.1514892578125,900,0.0,0.0
2015-04-27 00:00:00+09:00,384.02031540375106,384.02031540375106,376.2008972167969,376.2008972167969,400,0.0,0.0
2015-04-28 00:00:00+09:00,382.2826569774619,384.8891296386719,382.2826569774619,384.8891296386719,500,0.0,0.0
2015-04-30 00:00:00+09:00,385.7579244679418,385.7579244679418,375.3320346174569,377.9385070800781,900,0.0,0.0
2015-05-01 00:00:00+09:00,384.8891199349259,384.8891199349259,377.0697021484375,377.0697021484375,400,0.0,0.0
2015-05-07 00:00:00+09:00,384.02027615952767,385.7579244679418,377.9385070800781,377.9385070800781,1700,0.0,0.0
2015-05-08 00:00:00+09:00,384.02031035401507,384.02031035401507,380.5450134277344,380.5450134277344,800,0.0,0.0
2015-05-11 00:00:00+09:00,384.0203068266881,394.4461975097656,384.0203068266881,394.4461975097656,1600,0.0,0.0
2015-05-12 00:00:00+09:00,392.70854436700995,392.70854436700995,382.28265380859375,382.28265380859375,800,0.0,0.0
2015-05-13 00:00:00+09:00,381.41379573306995,381.41379573306995,379.6761474609375,379.6761474609375,300,0.0,0.0
2015-05-14 00:00:00+09:00,381.4138216044568,386.62676677444944,373.594403849468,384.0202941894531,3900,0.0,0.0
2015-05-15 00:00:00+09:00,384.0202941894531,384.0202941894531,384.0202941894531,384.0202941894531,100,0.0,0.0
2015-05-18 00:00:00+09:00,383.1514892578125,383.1514892578125,382.28266501913265,383.1514892578125,2200,0.0,0.0
2015-05-19 00:00:00+09:00,383.1514892578125,383.1514892578125,382.28266501913265,383.1514892578125,600,0.0,0.0
2015-05-20 00:00:00+09:00,384.02030541826855,384.8891296386719,379.6761843162519,384.8891296386719,2200,0.0,0.0
2015-05-21 00:00:00+09:00,384.8891377351722,384.8891377351722,383.1514892578125,383.1514892578125,1200,0.0,0.0
2015-05-22 00:00:00+09:00,385.7579392974089,385.7579392974089,379.67616998416145,381.413818359375,2500,0.0,0.0
2015-05-25 00:00:00+09:00,386.6267780794785,390.10207496109183,384.8891296386719,384.8891296386719,4500,0.0,0.0
2015-05-26 00:00:00+09:00,384.8891216149491,386.62677001953125,384.8891216149491,386.62677001953125,500,0.0,0.0
2015-05-27 00:00:00+09:00,389.2332442434211,396.183837890625,388.3644200375206,396.183837890625,1900,0.0,0.0
2015-05-28 00:00:00+09:00,396.18379951043937,397.92144775390625,390.10203065830547,397.92144775390625,3900,0.0,0.0
2015-05-29 00:00:00+09:00,408.34738006259363,467.4274265397348,386.62677474011525,398.7903137207031,141200,0.0,0.0
2015-06-01 00:00:00+09:00,405.7408990644222,410.95384423441476,380.54499740945806,384.0202941894531,10400,0.0,0.0
2015-06-02 00:00:00+09:00,387.4956037210473,401.396791298484,387.4956037210473,394.4461975097656,5100,0.0,0.0
2015-06-03 00:00:00+09:00,394.4461943294415,394.4461943294415,386.6267763801794,391.8397216796875,4100,0.0,0.0
2015-06-04 00:00:00+09:00,390.9709006154065,394.4461975097656,385.7579552738677,394.4461975097656,3700,0.0,0.0
2015-06-05 00:00:00+09:00,392.7085064207395,401.39674771323376,388.3643857744924,400.5279235839844,3100,0.0,0.0
2015-06-08 00:00:00+09:00,400.5279235839844,400.5279235839844,399.6590994547349,400.5279235839844,1600,0.0,0.0
2015-06-09 00:00:00+09:00,397.92147976345484,397.92147976345484,388.3644136555989,390.97088623046875,2700,0.0,0.0
2015-06-10 00:00:00+09:00,395.3150185460262,395.3150185460262,390.9708974631028,391.8397216796875,1700,0.0,0.0
2015-06-11 00:00:00+09:00,398.7903137207031,398.7903137207031,398.7903137207031,398.7903137207031,600,0.0,0.0
2015-06-12 00:00:00+09:00,400.5279201191065,403.1343924843068,397.92144775390625,397.92144775390625,900,0.0,0.0
2015-06-15 00:00:00+09:00,397.92144775390625,397.92144775390625,397.92144775390625,397.92144775390625,200,0.0,0.0
2015-06-16 00:00:00+09:00,402.2656370785362,412.6915283203125,402.2656370785362,412.6915283203125,2300,0.0,0.0
2015-06-17 00:00:00+09:00,412.6915283203125,412.6915283203125,404.8721098889803,412.6915283203125,2900,0.0,0.0
2015-06-18 00:00:00+09:00,413.56036376953125,413.56036376953125,407.478593714097,413.56036376953125,1600,0.0,0.0
2015-06-19 00:00:00+09:00,411.82269287109375,411.82269287109375,411.82269287109375,411.82269287109375,200,0.0,0.0
2015-06-22 00:00:00+09:00,411.8226656164013,414.42913818359375,411.8226656164013,414.42913818359375,1200,0.0,0.0
2015-06-23 00:00:00+09:00,416.1668024450783,427.4615173339844,416.1668024450783,427.4615173339844,2600,0.0,0.0
2015-06-24 00:00:00+09:00,413.56028597472147,423.9861755371094,407.47851706332847,423.9861755371094,10600,0.0,0.0
2015-06-25 00:00:00+09:00,423.1173245494089,429.19909307475973,422.24850047435876,426.5926208496094,2400,0.0,0.0
2015-06-26 00:00:00+09:00,426.5926469372165,430.936767578125,426.5926469372165,430.936767578125,1300,0.0,0.0
2015-06-29 00:00:00+09:00,423.9862204450902,430.067990000655,423.9862204450902,427.4615173339844,2300,0.0,0.0
2015-06-30 00:00:00+09:00,439.62500988069127,439.62500988069127,422.2485272767114,423.9861755371094,1100,0.0,0.0
2015-07-01 00:00:00+09:00,421.3797302246094,421.3797302246094,408.34736743415755,421.3797302246094,1100,0.0,0.0
2015-07-02 00:00:00+09:00,421.37973499298096,421.37973499298096,413.5603172302246,417.0356140136719,900,0.0,0.0
2015-07-03 00:00:00+09:00,417.0356333181106,417.0356333181106,403.1344455408403,416.16680908203125,900,0.0,0.0
2015-07-06 00:00:00+09:00,416.1667995371717,416.1667995371717,408.3473815917969,408.3473815917969,600,0.0,0.0
2015-07-07 00:00:00+09:00,408.34738967765094,408.34738967765094,404.8720927442241,406.6097412109375,600,0.0,0.0
2015-07-08 00:00:00+09:00,400.5279638455342,400.5279638455342,386.6267763801794,391.8397216796875,6300,0.0,0.0
2015-07-09 00:00:00+09:00,391.83972015380857,391.83972015380857,380.54500538219105,382.28265380859375,2200,0.0,0.0
2015-07-10 00:00:00+09:00,382.28264733942973,382.28264733942973,376.20087794993884,377.0697021484375,1700,0.0,0.0
2015-07-13 00:00:00+09:00,397.0526326043265,397.92145674569264,388.3643911906651,389.23321533203125,600,0.0,0.0
2015-07-14 00:00:00+09:00,396.183803937293,399.6591004630588,393.57733154296875,393.57733154296875,2400,0.0,0.0
2015-07-15 00:00:00+09:00,390.97087158750526,390.97087158750526,379.67615751942174,387.4955749511719,7200,0.0,0.0
2015-07-16 00:00:00+09:00,387.4955749511719,389.23322326933857,385.7579266330052,387.4955749511719,2300,0.0,0.0
2015-07-17 00:00:00+09:00,390.1020394733974,390.1020394733974,384.0202704838344,389.23321533203125,400,0.0,0.0
2015-07-21 00:00:00+09:00,389.23326517058166,389.23326517058166,384.02031965490426,388.36444091796875,1200,0.0,0.0
2015-07-22 00:00:00+09:00,388.3644184241134,388.3644184241134,382.28264900807585,386.62677001953125,2400,0.0,0.0
2015-07-23 00:00:00+09:00,388.3643991102552,388.3643991102552,387.4955749511719,387.4955749511719,300,0.0,0.0
2015-07-24 00:00:00+09:00,387.4956005967641,394.4461943294415,387.4956005967641,391.8397216796875,700,0.0,0.0
2015-07-27 00:00:00+09:00,391.8397216796875,391.8397216796875,390.9708974631028,391.8397216796875,600,0.0,0.0
2015-07-28 00:00:00+09:00,391.839710422092,391.839710422092,386.62676527235243,390.97088623046875,500,0.0,0.0
2015-07-29 00:00:00+09:00,393.57736370481297,403.1344299316406,393.57736370481297,403.1344299316406,1500,0.0,0.0
2015-07-30 00:00:00+09:00,394.44620561177754,396.1838540946488,392.70855712890625,392.70855712890625,2400,0.0,0.0
2015-07-31 00:00:00+09:00,399.65913793360227,399.65913793360227,393.57736844330833,398.7903137207031,2000,0.0,0.0
2015-08-03 00:00:00+09:00,399.65913793360227,399.65913793360227,394.4461926562075,398.7903137207031,4400,0.0,0.0
2015-08-04 00:00:00+09:00,397.921470310377,399.65911865234375,397.0526461393937,399.65911865234375,2200,0.0,0.0
2015-08-05 00:00:00+09:00,404.00326396925334,404.00326396925334,394.4461975097656,394.4461975097656,800,0.0,0.0
2015-08-06 00:00:00+09:00,396.18384910934077,397.05267333984375,396.18384910934077,397.05267333984375,300,0.0,0.0
2015-08-07 00:00:00+09:00,397.9215076967107,398.7903319493236,388.36444091796875,388.36444091796875,1700,0.0,0.0
2015-08-10 00:00:00+09:00,402.2655911652938,402.2655911652938,397.921470310377,399.65911865234375,4300,0.0,0.0
2015-08-11 00:00:00+09:00,399.6591460313526,399.6591460313526,391.8397279568261,397.05267333984375,800,0.0,0.0
2015-08-12 00:00:00+09:00,397.052670180535,397.9214944041248,392.7085490625861,394.4461975097656,900,0.0,0.0
2015-08-13 00:00:00+09:00,400.5279235839844,400.5279235839844,400.5279235839844,400.5279235839844,100,0.0,0.0
2015-08-14 00:00:00+09:00,400.5279670748942,400.5279670748942,393.5773732861758,394.4461975097656,1700,0.0,0.0
2015-08-17 00:00:00+09:00,400.5279653309744,401.39678955078125,399.6591411111675,401.39678955078125,1000,0.0,0.0
2015-08-18 00:00:00+09:00,401.3967442408399,401.3967442408399,396.18379951043937,397.92144775390625,1500,0.0,0.0
2015-08-19 00:00:00+09:00,401.39678955078125,401.39678955078125,397.9214926715537,401.39678955078125,900,0.0,0.0
2015-08-20 00:00:00+09:00,401.3967442408399,401.3967442408399,397.92144775390625,397.92144775390625,2000,0.0,0.0
2015-08-21 00:00:00+09:00,397.9214944041248,399.6591428513044,394.4461975097656,394.4461975097656,1100,0.0,0.0
2015-08-24 00:00:00+09:00,391.8397216796875,392.70854589627214,391.8397216796875,391.8397216796875,6200,0.0,0.0
2015-08-25 00:00:00+09:00,391.8397086106563,391.8397086106563,381.413818359375,381.413818359375,6200,0.0,0.0
2015-08-26 00:00:00+09:00,381.4138083524482,381.4138083524482,368.38144588026887,373.5943908691406,1400,0.0,0.0
2015-08-27 00:00:00+09:00,384.0202926974826,390.97088623046875,382.2826443142361,390.97088623046875,3400,0.0,0.0
2015-08-28 00:00:00+09:00,394.44618784015097,397.0526604470242,386.62677001953125,386.62677001953125,2600,0.0,0.0
2015-08-31 00:00:00+09:00,387.4955749511719,394.44616822383864,387.4955749511719,387.4955749511719,500,0.0,0.0
2015-09-01 00:00:00+09:00,398.7903186277146,398.7903186277146,394.4461975097656,394.4461975097656,200,0.0,0.0
2015-09-02 00:00:00+09:00,399.65914138552836,399.65914138552836,384.8891296386719,384.8891296386719,1900,0.0,0.0
2015-09-03 00:00:00+09:00,391.8397216796875,391.8397216796875,391.8397216796875,391.8397216796875,100,0.0,0.0
2015-09-04 00:00:00+09:00,397.92144775390625,397.92144775390625,397.92144775390625,397.92144775390625,100,0.0,0.0
2015-09-07 00:00:00+09:00,397.0526508037861,397.0526508037861,386.62676062950726,395.31500244140625,1000,0.0,0.0
2015-09-08 00:00:00+09:00,397.92144775390625,397.92144775390625,397.92144775390625,397.92144775390625,100,0.0,0.0
2015-09-09 00:00:00+09:00,398.7903218008496,398.7903218008496,397.05267333984375,397.05267333984375,300,0.0,0.0
2015-09-10 00:00:00+09:00,397.0526236321728,397.92144775390625,395.314975388706,397.92144775390625,500,0.0,0.0
2015-09-11 00:00:00+09:00,398.79027187563963,398.79027187563963,397.92144775390625,397.92144775390625,200,0.0,0.0
2015-09-14 00:00:00+09:00,398.7903137207031,399.65913793360227,397.05266529490484,398.7903137207031,400,0.0,0.0
2015-09-15 00:00:00+09:00,398.79027187563963,398.79027187563963,397.92144775390625,397.92144775390625,300,0.0,0.0
2015-09-16 00:00:00+09:00,395.31500244140625,395.31500244140625,395.31500244140625,395.31500244140625,100,0.0,0.0
2015-09-17 00:00:00+09:00,391.83971686112255,396.183837890625,390.9708926552221,396.183837890625,400,0.0,0.0
2015-09-18 00:00:00+09:00,397.92149119578016,397.92149119578016,388.36442481334876,391.8397216796875,1200,0.0,0.0
2015-09-24 00:00:00+09:00,387.49560229988185,387.49560229988185,384.8891296386719,384.8891296386719,1400,0.0,0.0
2015-09-25 00:00:00+09:00,386.6267893335841,386.6267893335841,373.5944256481824,385.7579650878906,3400,0.0,0.0
2015-09-28 00:00:00+09:00,378.647219187653,385.7579650878906,376.8695327125936,385.7579650878906,2600,10.0,0.0
2015-09-29 00:00:00+09:00,385.75794848065044,385.75794848065044,382.20257568359375,382.20257568359375,300,0.0,0.0
2015-09-30 00:00:00+09:00,377.7583312988281,377.7583312988281,377.7583312988281,377.7583312988281,100,0.0,0.0
2015-10-01 00:00:00+09:00,381.3137146439448,386.646773590014,366.20338096341555,367.09222412109375,2300,0.0,0.0
2015-10-02 00:00:00+09:00,366.2034230992414,380.4249152584352,366.2034230992414,367.9811096191406,1900,0.0,0.0
2015-10-05 00:00:00+09:00,362.6480247442671,370.6476135253906,362.6480247442671,370.6476135253906,2200,0.0,0.0
2015-10-06 00:00:00+09:00,371.53648023218415,373.3141667404721,370.64763697804017,372.4253234863281,900,0.0,0.0
2015-10-07 00:00:00+09:00,371.53648023218415,373.3141667404721,371.53648023218415,372.4253234863281,1300,0.0,0.0
2015-10-08 00:00:00+09:00,372.4253234863281,377.75838301119205,372.4253234863281,372.4253234863281,900,0.0,0.0
2015-10-09 00:00:00+09:00,372.4253234863281,378.64722626533603,372.4253234863281,372.4253234863281,2600,0.0,0.0
2015-10-13 00:00:00+09:00,372.4253234863281,372.4253234863281,372.4253234863281,372.4253234863281,100,0.0,0.0
2015-10-14 00:00:00+09:00,378.647216796875,378.647216796875,378.647216796875,378.647216796875,100,0.0,0.0
2015-10-15 00:00:00+09:00,378.647216796875,378.647216796875,378.647216796875,378.647216796875,0,0.0,0.0
2015-10-16 00:00:00+09:00,370.6476135253906,371.53645672329327,370.6476135253906,370.6476135253906,2600,0.0,0.0
2015-10-19 00:00:00+09:00,370.64759975261194,374.2029724121094,370.64759975261194,374.2029724121094,600,0.0,0.0
2015-10-20 00:00:00+09:00,374.2029724121094,374.2029724121094,374.2029724121094,374.2029724121094,200,0.0,0.0
2015-10-21 00:00:00+09:00,374.2029841997047,375.0918273925781,374.2029841997047,375.0918273925781,200,0.0,0.0
2015-10-22 00:00:00+09:00,375.0918273925781,380.42488654981855,375.0918273925781,375.0918273925781,1100,0.0,0.0
2015-10-23 00:00:00+09:00,375.0917730422247,375.0917730422247,373.3140869140625,373.3140869140625,200,0.0,0.0
2015-10-26 00:00:00+09:00,373.31412924723503,380.42487456622996,373.31412924723503,374.2029724121094,500,0.0,0.0
2015-10-27 00:00:00+09:00,372.42524384998137,376.8694591703869,372.42524384998137,373.3140869140625,400,0.0,0.0
2015-10-28 00:00:00+09:00,374.20296555827974,382.20255389563016,374.20296555827974,375.98065185546875,1300,0.0,0.0
2015-10-29 00:00:00+09:00,375.98065185546875,375.98065185546875,375.98065185546875,375.98065185546875,100,0.0,0.0
2015-10-30 00:00:00+09:00,376.86948816636027,377.7583312988281,376.86948816636027,377.7583312988281,300,0.0,0.0
2015-11-02 00:00:00+09:00,372.4252860823606,374.2029724121094,372.4252860823606,374.2029724121094,300,0.0,0.0
2015-11-04 00:00:00+09:00,387.5356140136719,387.5356140136719,387.5356140136719,387.5356140136719,2000,0.0,0.0
2015-11-05 00:00:00+09:00,386.6467888999324,386.6467888999324,373.3141410068313,375.0918273925781,1900,0.0,0.0
2015-11-06 00:00:00+09:00,382.2025658949366,382.2025658949366,375.0918204829378,376.8695068359375,2600,0.0,0.0
2015-11-09 00:00:00+09:00,376.8694746822188,385.7579056888749,376.8694746822188,381.3136901855469,1200,0.0,0.0
2015-11-10 00:00:00+09:00,381.3136901855469,382.2025332862125,381.3136901855469,381.3136901855469,800,0.0,0.0
2015-11-11 00:00:00+09:00,381.313729742692,382.2025729355654,375.0918273925781,375.0918273925781,1800,0.0,0.0
2015-11-12 00:00:00+09:00,375.09180685738534,380.42486572265625,375.09180685738534,380.42486572265625,300,0.0,0.0
2015-11-13 00:00:00+09:00,382.20257568359375,382.20257568359375,382.20257568359375,382.20257568359375,300,0.0,0.0
2015-11-16 00:00:00+09:00,382.20257568359375,382.20257568359375,382.20257568359375,382.20257568359375,300,0.0,0.0
2015-11-17 00:00:00+09:00,382.20257568359375,382.20257568359375,382.20257568359375,382.20257568359375,100,0.0,0.0
2015-11-18 00:00:00+09:00,378.64722626533603,378.64722626533603,371.53648023218415,372.4253234863281,2300,0.0,0.0
2015-11-19 00:00:00+09:00,375.9806161063058,375.9806161063058,373.3140869140625,373.3140869140625,500,0.0,0.0
2015-11-20 00:00:00+09:00,373.3140869140625,373.3140869140625,373.3140869140625,373.3140869140625,100,0.0,0.0
2015-11-24 00:00:00+09:00,374.2029587689568,378.6471744312959,374.2029587689568,377.7583312988281,500,0.0,0.0
2015-11-25 00:00:00+09:00,375.0918019014246,380.42486069623163,375.0918019014246,377.7583312988281,800,0.0,0.0
2015-11-26 00:00:00+09:00,379.53600398421565,389.31327809153737,379.53600398421565,381.3136901855469,1900,0.0,0.0
2015-11-27 00:00:00+09:00,380.42488239429616,388.42447104277437,380.42488239429616,383.9802551269531,1000,0.0,0.0
2015-11-30 00:00:00+09:00,380.424887190194,391.09100552262936,380.424887190194,386.64678955078125,2400,0.0,0.0
2015-12-01 00:00:00+09:00,385.75791417902167,391.0909729003906,385.75791417902167,391.0909729003906,200,0.0,0.0
2015-12-02 00:00:00+09:00,387.535600419478,391.0909729003906,387.535600419478,391.0909729003906,300,0.0,0.0
2015-12-03 00:00:00+09:00,387.5356140136719,393.75751607352436,387.5356140136719,387.5356140136719,600,0.0,0.0
2015-12-04 00:00:00+09:00,387.53561894931664,391.09099160022777,387.53561894931664,390.2021484375,600,0.0,0.0
2015-12-07 00:00:00+09:00,386.64679694068803,396.424072265625,386.64679694068803,396.424072265625,1000,0.0,0.0
2015-12-08 00:00:00+09:00,395.53517839549914,401.757080078125,392.86864910294526,401.757080078125,4400,0.0,0.0
2015-12-09 00:00:00+09:00,398.20174395737985,398.20174395737985,388.4244689941406,388.4244689941406,9400,0.0,0.0
2015-12-10 00:00:00+09:00,389.3133239746094,395.5352264125597,389.3133239746094,389.3133239746094,300,0.0,0.0
2015-12-11 00:00:00+09:00,387.5356375637664,394.64638320713823,387.5356375637664,389.3133239746094,600,0.0,0.0
2015-12-14 00:00:00+09:00,398.2017560288242,398.2017560288242,388.4244807691879,389.3133239746094,1200,0.0,0.0
2015-12-15 00:00:00+09:00,389.31331016575047,404.4236441219554,389.31331016575047,392.8686828613281,900,0.0,0.0
2015-12-16 00:00:00+09:00,392.86867792568336,392.86867792568336,390.2021484375,390.2021484375,1500,0.0,0.0
2015-12-17 00:00:00+09:00,389.3133239746094,389.3133239746094,389.3133239746094,389.3133239746094,100,0.0,0.0
2015-12-18 00:00:00+09:00,390.2021671800308,397.3129128234027,388.4244807691879,389.3133239746094,1900,0.0,0.0
2015-12-21 00:00:00+09:00,386.6467757865888,391.9798347629556,386.6467757865888,390.2021484375,700,0.0,0.0
2015-12-22 00:00:00+09:00,386.64678955078125,386.64678955078125,386.64678955078125,386.64678955078125,300,0.0,0.0
2015-12-24 00:00:00+09:00,395.5351800086514,397.3128662109375,395.5351800086514,397.3128662109375,1500,0.0,0.0
2015-12-25 00:00:00+09:00,397.3128662109375,397.3128662109375,397.3128662109375,397.3128662109375,0,0.0,0.0
2015-12-28 00:00:00+09:00,386.6467916799146,386.6467916799146,382.20257568359375,382.20257568359375,1700,0.0,0.0
2015-12-29 00:00:00+09:00,382.20257568359375,386.6467916799146,382.20257568359375,382.20257568359375,600,0.0,0.0
2015-12-30 00:00:00+09:00,382.2025687606247,390.2021574091028,381.3137255774604,383.9802551269531,1100,0.0,0.0
2016-01-04 00:00:00+09:00,383.9802551269531,383.9802551269531,383.9802551269531,383.9802551269531,1000,0.0,0.0
2016-01-05 00:00:00+09:00,383.9802551269531,383.9802551269531,383.9802551269531,383.9802551269531,0,0.0,0.0
2016-01-06 00:00:00+09:00,386.64678955078125,386.64678955078125,386.64678955078125,386.64678955078125,500,0.0,0.0
2016-01-07 00:00:00+09:00,386.64678955078125,386.64678955078125,386.64678955078125,386.64678955078125,100,0.0,0.0
2016-01-08 00:00:00+09:00,374.202951913261,411.53436279296875,374.202951913261,411.53436279296875,1900,0.0,0.0
2016-01-12 00:00:00+09:00,411.53438840119736,411.53438840119736,408.86785888671875,408.86785888671875,300,0.0,0.0
2016-01-13 00:00:00+09:00,399.9794006347656,399.9794006347656,399.9794006347656,399.9794006347656,100,0.0,0.0
2016-01-14 00:00:00+09:00,397.3128662109375,397.3128662109375,397.3128662109375,397.3128662109375,200,0.0,0.0
2016-01-15 00:00:00+09:00,397.31287307203235,397.31287307203235,378.64716762569526,379.5360107421875,1200,0.0,0.0
2016-01-18 00:00:00+09:00,379.5360107421875,379.5360107421875,379.5360107421875,379.5360107421875,400,0.0,0.0
2016-01-19 00:00:00+09:00,379.5360107421875,379.5360107421875,379.5360107421875,379.5360107421875,100,0.0,0.0
2016-01-20 00:00:00+09:00,377.7583470711341,377.7583470711341,369.7587585449219,369.7587585449219,500,0.0,0.0
2016-01-21 00:00:00+09:00,356.42608642578125,362.6479881838373,356.42608642578125,356.42608642578125,1500,0.0,0.0
2016-01-22 00:00:00+09:00,356.4261137764409,376.8695068359375,356.4261137764409,376.8695068359375,800,0.0,0.0
2016-01-25 00:00:00+09:00,376.8694988555539,376.8694988555539,359.09263570199,367.09222412109375,1000,0.0,0.0
2016-01-26 00:00:00+09:00,375.0918273925781,375.0918273925781,375.0918273925781,375.0918273925781,100,0.0,0.0
2016-01-27 00:00:00+09:00,375.0918273925781,375.0918273925781,375.0918273925781,375.0918273925781,100,0.0,0.0
2016-01-28 00:00:00+09:00,375.0918145273246,375.0918145273246,362.64801025390625,362.64801025390625,600,0.0,0.0
2016-01-29 00:00:00+09:00,363.5368957519531,363.5368957519531,363.5368957519531,363.5368957519531,300,0.0,0.0
2016-02-01 00:00:00+09:00,363.5368957519531,363.5368957519531,363.5368957519531,363.5368957519531,0,0.0,0.0
2016-02-02 00:00:00+09:00,363.5368957519531,363.5368957519531,363.5368957519531,363.5368957519531,0,0.0,0.0
2016-02-03 00:00:00+09:00,363.5368957519531,363.5368957519531,363.5368957519531,363.5368957519531,100,0.0,0.0
2016-02-04 00:00:00+09:00,363.5368957519531,363.5368957519531,363.5368957519531,363.5368957519531,0,0.0,0.0
2016-02-05 00:00:00+09:00,363.5368769948076,364.42572021484375,363.5368769948076,364.42572021484375,200,0.0,0.0
2016-02-08 00:00:00+09:00,364.42572247540505,364.42572247540505,351.98191731770834,359.98150634765625,700,0.0,0.0
2016-02-09 00:00:00+09:00,359.98148677913287,359.98148677913287,349.31536865234375,349.31536865234375,200,0.0,0.0
2016-02-10 00:00:00+09:00,346.6488342285156,346.6488342285156,335.0938730875651,346.6488342285156,1100,0.0,0.0
2016-02-12 00:00:00+09:00,324.42777689025394,336.87158203125,324.42777689025394,336.87158203125,2100,0.0,0.0
2016-02-15 00:00:00+09:00,326.20542067087035,340.4269104003906,326.20542067087035,340.4269104003906,700,0.0,0.0
2016-02-16 00:00:00+09:00,326.20545399029197,331.53851318359375,324.42776759252473,331.53851318359375,4100,0.0,0.0
2016-02-17 00:00:00+09:00,331.53851318359375,331.53851318359375,331.53851318359375,331.53851318359375,0,0.0,0.0
2016-02-18 00:00:00+09:00,331.53851318359375,331.53851318359375,331.53851318359375,331.53851318359375,100,0.0,0.0
2016-02-19 00:00:00+09:00,332.42734744423313,337.7604064941406,331.53850426924856,337.7604064941406,5600,0.0,0.0
2016-02-22 00:00:00+09:00,331.53849449769695,332.4273376464844,331.53849449769695,332.4273376464844,200,0.0,0.0
2016-02-23 00:00:00+09:00,332.4273376464844,332.4273376464844,332.4273376464844,332.4273376464844,100,0.0,0.0
2016-02-24 00:00:00+09:00,335.0938483072917,335.0938483072917,333.316162109375,333.316162109375,600,0.0,0.0
2016-02-25 00:00:00+09:00,333.3162022387888,338.6492614746094,333.3162022387888,338.6492614746094,1300,0.0,0.0
2016-02-26 00:00:00+09:00,348.4265439478892,348.4265439478892,333.31620913382255,336.87158203125,1700,0.0,0.0
2016-02-29 00:00:00+09:00,336.87158203125,336.87158203125,335.9827388068931,336.87158203125,4100,0.0,0.0
2016-03-01 00:00:00+09:00,336.87158203125,336.87158203125,336.87158203125,336.87158203125,0,0.0,0.0
2016-03-02 00:00:00+09:00,336.87158203125,336.87158203125,336.87158203125,336.87158203125,0,0.0,0.0
2016-03-03 00:00:00+09:00,336.87158203125,336.87158203125,336.87158203125,336.87158203125,0,0.0,0.0
2016-03-04 00:00:00+09:00,336.87158203125,336.87158203125,336.87158203125,336.87158203125,0,0.0,0.0
2016-03-07 00:00:00+09:00,336.87158203125,336.87158203125,336.87158203125,336.87158203125,0,0.0,0.0
2016-03-08 00:00:00+09:00,336.87158203125,336.87158203125,336.87158203125,336.87158203125,0,0.0,0.0
2016-03-09 00:00:00+09:00,335.982666015625,335.982666015625,335.982666015625,335.982666015625,1600,0.0,0.0
2016-03-10 00:00:00+09:00,335.982666015625,335.982666015625,335.982666015625,335.982666015625,0,0.0,0.0
2016-03-11 00:00:00+09:00,335.982666015625,335.982666015625,335.982666015625,335.982666015625,0,0.0,0.0
2016-03-14 00:00:00+09:00,335.982666015625,335.982666015625,335.982666015625,335.982666015625,0,0.0,0.0
2016-03-15 00:00:00+09:00,339.53810468057947,340.4269478865496,338.6492614746094,338.6492614746094,1000,0.0,0.0
2016-03-16 00:00:00+09:00,341.3157722513089,341.3157722513089,339.5380859375,339.5380859375,600,0.0,0.0
2016-03-17 00:00:00+09:00,339.5380859375,339.5380859375,339.5380859375,339.5380859375,0,0.0,0.0
2016-03-18 00:00:00+09:00,339.5380859375,339.5380859375,339.5380859375,339.5380859375,0,0.0,0.0
2016-03-22 00:00:00+09:00,335.98271817294034,342.2046203613281,335.98271817294034,342.2046203613281,1200,0.0,0.0
2016-03-23 00:00:00+09:00,352.87074342707996,352.87074342707996,344.87115478515625,344.87115478515625,1700,0.0,0.0
2016-03-24 00:00:00+09:00,344.87115478515625,391.97984345426266,337.7604093256685,344.87115478515625,12100,0.0,0.0
2016-03-25 00:00:00+09:00,351.98189818404103,407.97901834968394,340.4269368800195,349.31536865234375,39300,0.0,0.0
2016-03-28 00:00:00+09:00,356.42612115806327,356.42612115806327,347.5376892089844,347.5376892089844,3100,0.0,0.0
2016-03-29 00:00:00+09:00,354.6484347682475,354.6484347682475,347.5376892089844,347.5376892089844,900,0.0,0.0
2016-03-30 00:00:00+09:00,343.9823047344501,346.6488342285156,343.9823047344501,346.6488342285156,1200,0.0,0.0
2016-03-31 00:00:00+09:00,353.7595915733396,353.7595915733396,347.5376892089844,347.5376892089844,200,0.0,0.0
2016-04-01 00:00:00+09:00,346.6488342285156,347.5376773932041,346.6488342285156,346.6488342285156,500,0.0,0.0
2016-04-04 00:00:00+09:00,345.760009765625,345.760009765625,345.760009765625,345.760009765625,200,0.0,0.0
2016-04-05 00:00:00+09:00,348.426513671875,348.426513671875,348.426513671875,348.426513671875,100,0.0,0.0
2016-04-06 00:00:00+09:00,346.6488342285156,346.6488342285156,346.6488342285156,346.6488342285156,200,0.0,0.0
2016-04-07 00:00:00+09:00,346.6488342285156,346.6488342285156,346.6488342285156,346.6488342285156,0,0.0,0.0
2016-04-08 00:00:00+09:00,346.6488342285156,346.6488342285156,346.6488342285156,346.6488342285156,0,0.0,0.0
2016-04-11 00:00:00+09:00,346.6488342285156,346.6488342285156,346.6488342285156,346.6488342285156,0,0.0,0.0
2016-04-12 00:00:00+09:00,354.6484069824219,354.6484069824219,353.7595638571526,354.6484069824219,1500,0.0,0.0
2016-04-13 00:00:00+09:00,354.6484069824219,354.6484069824219,354.6484069824219,354.6484069824219,0,0.0,0.0
2016-04-14 00:00:00+09:00,354.6484069824219,354.6484069824219,354.6484069824219,354.6484069824219,0,0.0,0.0
2016-04-15 00:00:00+09:00,351.0930761687207,351.0930761687207,343.9823303222656,343.9823303222656,200,0.0,0.0
2016-04-18 00:00:00+09:00,343.9823303222656,343.9823303222656,343.9823303222656,343.9823303222656,0,0.0,0.0
2016-04-19 00:00:00+09:00,343.9823303222656,343.9823303222656,343.9823303222656,343.9823303222656,0,0.0,0.0
2016-04-20 00:00:00+09:00,343.9823303222656,343.9823303222656,343.9823303222656,343.9823303222656,0,0.0,0.0
2016-04-21 00:00:00+09:00,343.9823303222656,343.9823303222656,343.9823303222656,343.9823303222656,0,0.0,0.0
2016-04-22 00:00:00+09:00,343.9823303222656,343.9823303222656,343.9823303222656,343.9823303222656,0,0.0,0.0
2016-04-25 00:00:00+09:00,342.20461751900467,362.64801025390625,342.20461751900467,362.64801025390625,700,0.0,0.0
2016-04-26 00:00:00+09:00,369.7587544501582,369.7587544501582,348.42651861649523,351.0930480957031,1800,0.0,0.0
2016-04-27 00:00:00+09:00,372.4252891348834,372.4252891348834,346.64883714225425,353.75958251953125,1500,0.0,0.0
2016-04-28 00:00:00+09:00,350.2042118295762,353.7595845385059,345.7599959434141,349.31536865234375,4700,0.0,0.0
2016-05-02 00:00:00+09:00,349.3153804256226,350.2042236328125,342.2046347681036,350.2042236328125,2800,0.0,0.0
2016-05-06 00:00:00+09:00,351.0930480957031,351.0930480957031,351.0930480957031,351.0930480957031,100,0.0,0.0
2016-05-09 00:00:00+09:00,353.7595400870297,364.4256568735733,352.8706970214844,352.8706970214844,1100,0.0,0.0
2016-05-10 00:00:00+09:00,350.2042118295762,350.2042118295762,349.31536865234375,349.31536865234375,900,0.0,0.0
2016-05-11 00:00:00+09:00,346.6488529783901,346.6488529783901,345.760009765625,345.760009765625,2800,0.0,0.0
2016-05-12 00:00:00+09:00,350.20421387977206,351.09305706220806,344.87115478515625,344.87115478515625,1400,0.0,0.0
2016-05-13 00:00:00+09:00,344.87115478515625,344.87115478515625,341.31578205541234,344.87115478515625,1400,0.0,0.0
2016-05-16 00:00:00+09:00,344.87115478515625,344.87115478515625,344.87115478515625,344.87115478515625,100,0.0,0.0
2016-05-17 00:00:00+09:00,344.87115478515625,344.87115478515625,344.87115478515625,344.87115478515625,100,0.0,0.0
2016-05-18 00:00:00+09:00,343.9823116027203,349.3153706973361,341.31578205541234,344.87115478515625,1800,0.0,0.0
2016-05-19 00:00:00+09:00,341.3157958984375,341.3157958984375,341.3157958984375,341.3157958984375,2000,0.0,0.0
2016-05-20 00:00:00+09:00,340.4269104003906,340.4269104003906,340.4269104003906,340.4269104003906,2400,0.0,0.0
2016-05-23 00:00:00+09:00,346.6488188549988,358.20377948349875,346.6488188549988,354.6484069824219,2000,0.0,0.0
2016-05-24 00:00:00+09:00,354.648383152575,354.648383152575,352.8706970214844,352.8706970214844,300,0.0,0.0
2016-05-25 00:00:00+09:00,352.8706970214844,352.8706970214844,352.8706970214844,352.8706970214844,500,0.0,0.0
2016-05-26 00:00:00+09:00,359.98148076674516,362.64801025390625,355.53726495481004,362.64801025390625,300,0.0,0.0
2016-05-27 00:00:00+09:00,355.5372619628906,355.5372619628906,355.5372619628906,355.5372619628906,200,0.0,0.0
2016-05-30 00:00:00+09:00,355.53727583451706,355.53727583451706,351.9819030761719,351.9819030761719,1300,0.0,0.0
2016-05-31 00:00:00+09:00,359.092641552489,359.092641552489,351.981896175212,353.75958251953125,800,0.0,0.0
2016-06-01 00:00:00+09:00,355.5372688638505,355.5372688638505,353.75958251953125,353.75958251953125,200,0.0,0.0
2016-06-02 00:00:00+09:00,351.9818912554391,355.53726389438293,351.0930480957031,351.0930480957031,1300,0.0,0.0
2016-06-03 00:00:00+09:00,350.2042166969993,355.53727583451706,350.2042166969993,351.9819030761719,1900,0.0,0.0
2016-06-06 00:00:00+09:00,351.09305500680864,351.09305500680864,349.31536865234375,349.31536865234375,500,0.0,0.0
2016-06-07 00:00:00+09:00,349.31536865234375,349.31536865234375,349.31536865234375,349.31536865234375,200,0.0,0.0
2016-06-08 00:00:00+09:00,352.8706970214844,352.8706970214844,352.8706970214844,352.8706970214844,100,0.0,0.0
2016-06-09 00:00:00+09:00,352.8706970214844,352.8706970214844,352.8706970214844,352.8706970214844,0,0.0,0.0
2016-06-10 00:00:00+09:00,351.09306904221563,351.09306904221563,345.760009765625,345.760009765625,1100,0.0,0.0
2016-06-13 00:00:00+09:00,345.7599959434141,349.31536865234375,345.7599959434141,349.31536865234375,200,0.0,0.0
2016-06-14 00:00:00+09:00,356.42611902410334,356.42611902410334,351.9819030761719,351.9819030761719,1500,0.0,0.0
2016-06-15 00:00:00+09:00,351.9819030761719,351.9819030761719,351.9819030761719,351.9819030761719,100,0.0,0.0
2016-06-16 00:00:00+09:00,355.5372619628906,355.5372619628906,355.5372619628906,355.5372619628906,100,0.0,0.0
2016-06-17 00:00:00+09:00,355.5372619628906,355.5372619628906,355.5372619628906,355.5372619628906,0,0.0,0.0
2016-06-20 00:00:00+09:00,355.5372619628906,355.5372619628906,355.5372619628906,355.5372619628906,400,0.0,0.0
2016-06-21 00:00:00+09:00,355.5372619628906,355.5372619628906,355.5372619628906,355.5372619628906,100,0.0,0.0
2016-06-22 00:00:00+09:00,355.5372619628906,355.5372619628906,355.5372619628906,355.5372619628906,100,0.0,0.0
2016-06-23 00:00:00+09:00,355.5372619628906,355.5372619628906,355.5372619628906,355.5372619628906,0,0.0,0.0
2016-06-24 00:00:00+09:00,355.5372619628906,355.5372619628906,339.53808517456054,355.5372619628906,2900,0.0,0.0
2016-06-27 00:00:00+09:00,350.20423293791384,351.0930761687207,343.9823303222656,343.9823303222656,600,0.0,0.0
2016-06-28 00:00:00+09:00,371.5364387512207,371.5364387512207,355.5372619628906,355.5372619628906,1000,0.0,0.0
2016-06-29 00:00:00+09:00,359.98150634765625,359.98150634765625,359.98150634765625,359.98150634765625,600,0.0,0.0
2016-06-30 00:00:00+09:00,350.2042068872696,350.2042068872696,344.8711478991386,346.6488342285156,1000,0.0,0.0
2016-07-01 00:00:00+09:00,346.648850804053,350.2042236328125,346.648850804053,350.2042236328125,200,0.0,0.0
2016-07-04 00:00:00+09:00,343.0934753417969,343.0934753417969,343.0934753417969,343.0934753417969,500,0.0,0.0
2016-07-05 00:00:00+09:00,345.7599959434141,355.53727089297075,345.7599959434141,349.31536865234375,2000,0.0,0.0
2016-07-06 00:00:00+09:00,348.42648026955067,357.3149108886719,344.87110802190216,357.3149108886719,3500,0.0,0.0
2016-07-07 00:00:00+09:00,353.75958251953125,353.75958251953125,353.75958251953125,353.75958251953125,100,0.0,0.0
2016-07-08 00:00:00+09:00,353.75958251953125,353.75958251953125,353.75958251953125,353.75958251953125,0,0.0,0.0
2016-07-11 00:00:00+09:00,353.75958251953125,353.75958251953125,353.75958251953125,353.75958251953125,0,0.0,0.0
2016-07-12 00:00:00+09:00,350.2042118295762,350.2042118295762,349.31536865234375,349.31536865234375,200,0.0,0.0
2016-07-13 00:00:00+09:00,352.87073441517504,352.87073441517504,351.0930480957031,351.0930480957031,300,0.0,0.0
2016-07-14 00:00:00+09:00,351.0930598865856,351.9819030761719,351.0930598865856,351.9819030761719,200,0.0,0.0
2016-07-15 00:00:00+09:00,355.53727089297075,355.53727089297075,349.31536865234375,349.31536865234375,800,0.0,0.0
2016-07-19 00:00:00+09:00,352.8706970214844,352.8706970214844,352.8706970214844,352.8706970214844,200,0.0,0.0
2016-07-20 00:00:00+09:00,352.8706970214844,352.8706970214844,352.8706970214844,352.8706970214844,100,0.0,0.0
2016-07-21 00:00:00+09:00,353.7595915733396,353.7595915733396,347.5376892089844,347.5376892089844,1100,0.0,0.0
2016-07-22 00:00:00+09:00,350.2042118295762,352.8707413612735,349.31536865234375,349.31536865234375,700,0.0,0.0
2016-07-25 00:00:00+09:00,352.8706970214844,352.8706970214844,352.8706970214844,352.8706970214844,100,0.0,0.0
2016-07-26 00:00:00+09:00,352.8706970214844,352.8706970214844,352.8706970214844,352.8706970214844,200,0.0,0.0
2016-07-27 00:00:00+09:00,352.8706970214844,352.8706970214844,352.8706970214844,352.8706970214844,0,0.0,0.0
2016-07-28 00:00:00+09:00,352.8706970214844,352.8706970214844,352.8706970214844,352.8706970214844,100,0.0,0.0
2016-07-29 00:00:00+09:00,348.4265303178267,351.9819030761719,348.4265303178267,351.9819030761719,300,0.0,0.0
2016-08-01 00:00:00+09:00,353.75958251953125,353.75958251953125,353.75958251953125,353.75958251953125,100,0.0,0.0
2016-08-02 00:00:00+09:00,354.6484069824219,354.6484069824219,354.6484069824219,354.6484069824219,200,0.0,0.0
2016-08-03 00:00:00+09:00,358.2037914276123,359.0926345825195,355.5372619628906,355.5372619628906,500,0.0,0.0
2016-08-04 00:00:00+09:00,358.2037554147562,358.2037554147562,352.8706970214844,352.8706970214844,300,0.0,0.0
2016-08-05 00:00:00+09:00,351.09305500680864,351.09305500680864,349.31536865234375,349.31536865234375,200,0.0,0.0
2016-08-08 00:00:00+09:00,353.75958251953125,353.75958251953125,353.75958251953125,353.75958251953125,200,0.0,0.0
2016-08-09 00:00:00+09:00,353.75958251953125,353.75958251953125,353.75958251953125,353.75958251953125,0,0.0,0.0
2016-08-10 00:00:00+09:00,353.75958251953125,353.75958251953125,353.75958251953125,353.75958251953125,0,0.0,0.0
2016-08-12 00:00:00+09:00,351.9819030761719,351.9819030761719,351.9819030761719,351.9819030761719,200,0.0,0.0
2016-08-15 00:00:00+09:00,358.2038054032759,358.2038054032759,351.9819030761719,351.9819030761719,600,0.0,0.0
2016-08-16 00:00:00+09:00,356.4261100522933,358.20379638671875,356.4261100522933,358.20379638671875,400,0.0,0.0
2016-08-17 00:00:00+09:00,354.6484069824219,355.5372501076911,354.6484069824219,354.6484069824219,1500,0.0,0.0
2016-08-18 00:00:00+09:00,352.8706970214844,352.8706970214844,352.8706970214844,352.8706970214844,4700,0.0,0.0
2016-08-19 00:00:00+09:00,352.8706970214844,352.8706970214844,352.8706970214844,352.8706970214844,700,0.0,0.0
2016-08-22 00:00:00+09:00,352.8706970214844,352.8706970214844,352.8706970214844,352.8706970214844,0,0.0,0.0
2016-08-23 00:00:00+09:00,352.8706970214844,352.8706970214844,352.8706970214844,352.8706970214844,0,0.0,0.0
2016-08-24 00:00:00+09:00,354.6484069824219,354.6484069824219,354.6484069824219,354.6484069824219,200,0.0,0.0
2016-08-25 00:00:00+09:00,355.5372688638505,355.5372688638505,353.75958251953125,353.75958251953125,3000,0.0,0.0
2016-08-26 00:00:00+09:00,357.31492953407496,357.31492953407496,356.42608642578125,356.42608642578125,500,0.0,0.0
2016-08-29 00:00:00+09:00,355.5372483659499,359.0926208496094,355.5372483659499,359.0926208496094,200,0.0,0.0
2016-08-30 00:00:00+09:00,356.42608642578125,356.42608642578125,356.42608642578125,356.42608642578125,100,0.0,0.0
2016-08-31 00:00:00+09:00,356.42608642578125,356.42608642578125,356.42608642578125,356.42608642578125,0,0.0,0.0
2016-09-01 00:00:00+09:00,359.0926376043581,362.64801025390625,359.0926376043581,362.64801025390625,200,0.0,0.0
2016-09-02 00:00:00+09:00,362.64801025390625,362.64801025390625,362.64801025390625,362.64801025390625,0,0.0,0.0
2016-09-05 00:00:00+09:00,362.64801025390625,362.64801025390625,362.64801025390625,362.64801025390625,0,0.0,0.0
2016-09-06 00:00:00+09:00,362.64803377477136,364.42572021484375,362.64803377477136,364.42572021484375,400,0.0,0.0
2016-09-07 00:00:00+09:00,365.31455862434257,365.31455862434257,361.7591857910156,361.7591857910156,200,0.0,0.0
2016-09-08 00:00:00+09:00,360.8703308105469,360.8703308105469,360.8703308105469,360.8703308105469,100,0.0,0.0
2016-09-09 00:00:00+09:00,363.5368957519531,363.5368957519531,362.6480524860559,363.5368957519531,400,0.0,0.0
2016-09-12 00:00:00+09:00,361.7591857910156,361.7591857910156,361.7591857910156,361.7591857910156,100,0.0,0.0
2016-09-13 00:00:00+09:00,364.4257154160108,364.4257154160108,361.7591857910156,361.7591857910156,500,0.0,0.0
2016-09-14 00:00:00+09:00,359.98150634765625,359.98150634765625,359.98150634765625,359.98150634765625,500,0.0,0.0
2016-09-15 00:00:00+09:00,359.0925984803015,359.0925984803015,351.9818539559391,352.8706970214844,2900,0.0,0.0
2016-09-16 00:00:00+09:00,355.5372619628906,355.5372619628906,355.5372619628906,355.5372619628906,400,0.0,0.0
2016-09-20 00:00:00+09:00,360.87032089233395,360.87032089233395,354.6484188079834,355.5372619628906,3300,0.0,0.0
2016-09-21 00:00:00+09:00,359.98150634765625,359.98150634765625,351.09307409215853,359.98150634765625,2900,0.0,0.0
2016-09-23 00:00:00+09:00,359.9814827211442,360.87032588835683,355.53726688508067,358.20379638671875,1900,0.0,0.0
2016-09-26 00:00:00+09:00,355.53724331748754,359.9814588589561,355.53724331748754,356.42608642578125,2600,0.0,0.0
2016-09-27 00:00:00+09:00,356.4261427088085,365.3145751953125,354.6484562115077,365.3145751953125,2900,0.0,0.0
2016-09-28 00:00:00+09:00,355.293466302413,360.7595196301424,351.64943075059335,359.8485107421875,2500,10.0,0.0
2016-09-29 00:00:00+09:00,355.2934265136719,359.84847044333435,355.2934265136719,355.2934265136719,700,0.0,0.0
2016-09-30 00:00:00+09:00,357.1154766424233,357.1154766424233,355.29345890445177,356.2044677734375,300,0.0,0.0
2016-10-03 00:00:00+09:00,352.5604553222656,352.5604553222656,352.5604553222656,352.5604553222656,300,0.0,0.0
2016-10-04 00:00:00+09:00,352.56043963854825,359.8485107421875,352.56043963854825,359.8485107421875,800,0.0,0.0
2016-10-05 00:00:00+09:00,355.2934265136719,355.2934265136719,355.2934265136719,355.2934265136719,600,0.0,0.0
2016-10-06 00:00:00+09:00,359.8485107421875,359.8485107421875,359.8485107421875,359.8485107421875,100,0.0,0.0
2016-10-07 00:00:00+09:00,366.22557295787186,366.22557295787186,359.8485107421875,359.8485107421875,5300,0.0,0.0
2016-10-11 00:00:00+09:00,359.8485107421875,359.8485107421875,359.8485107421875,359.8485107421875,0,0.0,0.0
2016-10-12 00:00:00+09:00,359.8485107421875,359.8485107421875,359.8485107421875,359.8485107421875,0,0.0,0.0
2016-10-13 00:00:00+09:00,359.8485107421875,359.8485107421875,359.8485107421875,359.8485107421875,0,0.0,0.0
2016-10-14 00:00:00+09:00,355.2934265136719,355.2934265136719,355.2934265136719,355.2934265136719,500,0.0,0.0
2016-10-17 00:00:00+09:00,355.2934265136719,355.2934265136719,355.2934265136719,355.2934265136719,200,0.0,0.0
2016-10-18 00:00:00+09:00,355.2934265136719,355.2934265136719,355.2934265136719,355.2934265136719,0,0.0,0.0
2016-10-19 00:00:00+09:00,356.2044677734375,356.2044677734375,356.2044677734375,356.2044677734375,100,0.0,0.0
2016-10-20 00:00:00+09:00,357.11544993936866,358.0264587402344,357.11544993936866,358.0264587402344,200,0.0,0.0
2016-10-21 00:00:00+09:00,358.9374694824219,358.9374694824219,358.9374694824219,358.9374694824219,100,0.0,0.0
2016-10-24 00:00:00+09:00,358.9374694824219,358.9374694824219,358.9374694824219,358.9374694824219,100,0.0,0.0
2016-10-25 00:00:00+09:00,358.9374694824219,358.9374694824219,358.9374694824219,358.9374694824219,200,0.0,0.0
2016-10-26 00:00:00+09:00,364.4035223171796,364.4035223171796,358.9374694824219,358.9374694824219,200,0.0,0.0
2016-10-27 00:00:00+09:00,360.759521484375,360.759521484375,360.759521484375,360.759521484375,100,0.0,0.0
2016-10-28 00:00:00+09:00,360.7595196301424,360.7595196301424,359.8485107421875,359.8485107421875,200,0.0,0.0
2016-10-31 00:00:00+09:00,362.58148193359375,362.58148193359375,362.58148193359375,362.58148193359375,100,0.0,0.0
2016-11-01 00:00:00+09:00,362.58148193359375,362.58148193359375,362.58148193359375,362.58148193359375,100,0.0,0.0
2016-11-02 00:00:00+09:00,358.9374694824219,358.9374694824219,358.9374694824219,358.9374694824219,100,0.0,0.0
2016-11-04 00:00:00+09:00,355.2934342592501,358.9374694824219,355.2934342592501,358.9374694824219,300,0.0,0.0
2016-11-07 00:00:00+09:00,359.84849906262053,368.9585876464844,359.84849906262053,368.9585876464844,1200,0.0,0.0
2016-11-08 00:00:00+09:00,358.0264587402344,358.0264587402344,358.0264587402344,358.0264587402344,200,0.0,0.0
2016-11-09 00:00:00+09:00,356.2044677734375,356.2044677734375,356.2044677734375,356.2044677734375,400,0.0,0.0
2016-11-10 00:00:00+09:00,363.4924985971024,366.22552490234375,363.4924985971024,366.22552490234375,600,0.0,0.0
2016-11-11 00:00:00+09:00,364.4035073655162,366.22552490234375,364.4035073655162,366.22552490234375,1000,0.0,0.0
2016-11-14 00:00:00+09:00,364.4035339355469,364.4035339355469,364.4035339355469,364.4035339355469,200,0.0,0.0
2016-11-15 00:00:00+09:00,360.7594985961914,364.4035339355469,360.7594985961914,364.4035339355469,300,0.0,0.0
2016-11-16 00:00:00+09:00,365.3145446777344,365.3145446777344,365.3145446777344,365.3145446777344,100,0.0,0.0
2016-11-17 00:00:00+09:00,365.3145446777344,365.3145446777344,365.3145446777344,365.3145446777344,100,0.0,0.0
2016-11-18 00:00:00+09:00,365.3145446777344,365.3145446777344,365.3145446777344,365.3145446777344,100,0.0,0.0
2016-11-21 00:00:00+09:00,365.3145446777344,365.3145446777344,365.3145446777344,365.3145446777344,100,0.0,0.0
2016-11-22 00:00:00+09:00,364.4035339355469,364.4035339355469,364.4035339355469,364.4035339355469,100,0.0,0.0
2016-11-24 00:00:00+09:00,364.4035339355469,364.4035339355469,364.4035339355469,364.4035339355469,0,0.0,0.0
2016-11-25 00:00:00+09:00,365.31454277038574,365.31454277038574,364.4035339355469,364.4035339355469,300,0.0,0.0
2016-11-28 00:00:00+09:00,364.4035339355469,364.4035339355469,364.4035339355469,364.4035339355469,1500,0.0,0.0
2016-11-29 00:00:00+09:00,365.3145446777344,365.3145446777344,365.3145446777344,365.3145446777344,100,0.0,0.0
2016-11-30 00:00:00+09:00,368.04754638671875,368.04754638671875,368.04754638671875,368.04754638671875,1000,0.0,0.0
2016-12-01 00:00:00+09:00,368.04754638671875,368.04754638671875,368.04754638671875,368.04754638671875,0,0.0,0.0
2016-12-02 00:00:00+09:00,368.04754638671875,368.04754638671875,368.04754638671875,368.04754638671875,2300,0.0,0.0
2016-12-05 00:00:00+09:00,364.4035339355469,364.4035339355469,364.4035339355469,364.4035339355469,1500,0.0,0.0
2016-12-06 00:00:00+09:00,369.8696058319836,373.5136413574219,369.8696058319836,373.5136413574219,1800,0.0,0.0
2016-12-07 00:00:00+09:00,373.5136505494635,378.0686950683594,373.5136505494635,378.0686950683594,1300,0.0,0.0
2016-12-08 00:00:00+09:00,377.1577022468136,378.0687111894387,370.7806396484375,370.7806396484375,1700,0.0,0.0
2016-12-09 00:00:00+09:00,370.78062383812596,378.0686950683594,370.78062383812596,378.0686950683594,1600,0.0,0.0
2016-12-12 00:00:00+09:00,370.78062496328715,378.06869621563675,363.4925537109375,363.4925537109375,1200,0.0,0.0
2016-12-13 00:00:00+09:00,378.97970397213857,378.97970397213857,378.0686950683594,378.0686950683594,400,0.0,0.0
2016-12-14 00:00:00+09:00,369.8695639430886,369.8695639430886,368.04754638671875,368.04754638671875,700,0.0,0.0
2016-12-15 00:00:00+09:00,368.04754638671875,368.04754638671875,368.04754638671875,368.04754638671875,0,0.0,0.0
2016-12-16 00:00:00+09:00,371.6916161147244,371.6916161147244,368.95858952564555,369.8695983886719,300,0.0,0.0
2016-12-19 00:00:00+09:00,369.86961493434677,378.97970397213857,368.0475971267884,378.0686950683594,4500,0.0,0.0
2016-12-20 00:00:00+09:00,378.0687005440014,380.8017272949219,378.0687005440014,380.8017272949219,500,0.0,0.0
2016-12-21 00:00:00+09:00,379.8906705152143,379.8906705152143,370.7805824932667,372.60260009765625,1600,0.0,0.0
2016-12-22 00:00:00+09:00,379.89068603515625,379.89068603515625,373.5136241592663,379.89068603515625,500,0.0,0.0
2016-12-26 00:00:00+09:00,382.62371826171875,382.62371826171875,382.62371826171875,382.62371826171875,11100,0.0,0.0
2016-12-27 00:00:00+09:00,378.9796828497024,382.62371826171875,378.9796828497024,382.62371826171875,600,0.0,0.0
2016-12-28 00:00:00+09:00,378.97967529296875,378.97967529296875,378.97967529296875,378.97967529296875,600,0.0,0.0
2016-12-29 00:00:00+09:00,378.97967529296875,378.97967529296875,378.97967529296875,378.97967529296875,300,0.0,0.0
2016-12-30 00:00:00+09:00,376.24664306640625,376.24664306640625,376.24664306640625,376.24664306640625,100,0.0,0.0
2017-01-04 00:00:00+09:00,376.2466562906901,386.2677536737351,368.9585854666574,382.62371826171875,8900,0.0,0.0
2017-01-05 00:00:00+09:00,382.62371826171875,382.62371826171875,382.62371826171875,382.62371826171875,600,0.0,0.0
2017-01-06 00:00:00+09:00,379.8906917027065,382.62371826171875,379.8906917027065,382.62371826171875,200,0.0,0.0
2017-01-10 00:00:00+09:00,382.62371826171875,384.44573596772693,382.62371826171875,382.62371826171875,400,0.0,0.0
2017-01-11 00:00:00+09:00,382.62371826171875,382.62371826171875,382.62371826171875,382.62371826171875,0,0.0,0.0
2017-01-12 00:00:00+09:00,386.2677248413376,414.5089971764354,382.623689701325,383.5346984863281,2900,0.0,0.0
2017-01-13 00:00:00+09:00,383.53472521652185,383.53472521652185,381.71270751953125,381.71270751953125,200,0.0,0.0
2017-01-16 00:00:00+09:00,381.71270940871466,382.62371826171875,381.71270940871466,382.62371826171875,1400,0.0,0.0
2017-01-17 00:00:00+09:00,382.62371826171875,382.62371826171875,382.62371826171875,382.62371826171875,0,0.0,0.0
2017-01-18 00:00:00+09:00,382.62371826171875,382.62371826171875,382.62371826171875,382.62371826171875,0,0.0,0.0
2017-01-19 00:00:00+09:00,382.62371826171875,382.62371826171875,382.62371826171875,382.62371826171875,0,0.0,0.0
2017-01-20 00:00:00+09:00,382.62371826171875,382.62371826171875,382.62371826171875,382.62371826171875,0,0.0,0.0
2017-01-23 00:00:00+09:00,382.62371826171875,382.62371826171875,382.62371826171875,382.62371826171875,0,0.0,0.0
2017-01-24 00:00:00+09:00,382.62371826171875,382.62371826171875,382.62371826171875,382.62371826171875,200,0.0,0.0
2017-01-25 00:00:00+09:00,377.1576843261719,378.06869322551046,377.1576843261719,377.1576843261719,1900,0.0,0.0
2017-01-26 00:00:00+09:00,378.06864961664724,385.3567199707031,378.06864961664724,385.3567199707031,200,0.0,0.0
2017-01-27 00:00:00+09:00,388.08978271484375,388.08978271484375,388.08978271484375,388.08978271484375,500,0.0,0.0
2017-01-30 00:00:00+09:00,388.08978271484375,388.08978271484375,388.08978271484375,388.08978271484375,0,0.0,0.0
2017-01-31 00:00:00+09:00,388.08978271484375,388.08978271484375,388.08978271484375,388.08978271484375,1300,0.0,0.0
2017-02-01 00:00:00+09:00,388.08978271484375,388.08978271484375,388.08978271484375,388.08978271484375,1400,0.0,0.0
2017-02-02 00:00:00+09:00,388.08978271484375,388.08978271484375,388.08978271484375,388.08978271484375,400,0.0,0.0
2017-02-03 00:00:00+09:00,388.08978271484375,388.08978271484375,388.08978271484375,388.08978271484375,0,0.0,0.0
2017-02-06 00:00:00+09:00,388.08978271484375,388.08978271484375,388.08978271484375,388.08978271484375,200,0.0,0.0
2017-02-07 00:00:00+09:00,388.08978271484375,388.08978271484375,388.08978271484375,388.08978271484375,200,0.0,0.0
2017-02-08 00:00:00+09:00,380.8017272949219,380.8017272949219,380.8017272949219,380.8017272949219,200,0.0,0.0
2017-02-09 00:00:00+09:00,388.0897986307098,388.0897986307098,380.8017272949219,380.8017272949219,200,0.0,0.0
2017-02-10 00:00:00+09:00,380.8016929626465,382.6237106323242,378.97967529296875,378.97967529296875,400,0.0,0.0
2017-02-13 00:00:00+09:00,378.9796946455793,378.9796946455793,373.5136413574219,373.5136413574219,500,0.0,0.0
2017-02-14 00:00:00+09:00,374.42465395140414,375.3356628417969,374.42465395140414,375.3356628417969,400,0.0,0.0
2017-02-15 00:00:00+09:00,375.33563424542217,378.0686607083743,375.33563424542217,376.24664306640625,300,0.0,0.0
2017-02-16 00:00:00+09:00,375.33563424542217,376.24664306640625,375.33563424542217,376.24664306640625,3600,0.0,0.0
2017-02-17 00:00:00+09:00,379.89071837794836,383.53475404584236,379.89071837794836,380.8017272949219,900,0.0,0.0
2017-02-20 00:00:00+09:00,380.8017272949219,380.8017272949219,380.8017272949219,380.8017272949219,200,0.0,0.0
2017-02-21 00:00:00+09:00,380.8017272949219,380.8017272949219,380.8017272949219,380.8017272949219,300,0.0,0.0
2017-02-22 00:00:00+09:00,380.8017272949219,380.8017272949219,380.8017272949219,380.8017272949219,0,0.0,0.0
2017-02-23 00:00:00+09:00,396.2888488769531,396.2888488769531,395.3778400289601,396.2888488769531,1600,0.0,0.0
2017-02-24 00:00:00+09:00,396.2888488769531,396.2888488769531,396.2888488769531,396.2888488769531,800,0.0,0.0
2017-02-27 00:00:00+09:00,396.2888488769531,396.2888488769531,396.2888488769531,396.2888488769531,0,0.0,0.0
2017-02-28 00:00:00+09:00,395.37786865234375,395.37786865234375,395.37786865234375,395.37786865234375,100,0.0,0.0
2017-03-01 00:00:00+09:00,386.2677881322201,386.2677881322201,384.4457702636719,384.4457702636719,200,0.0,0.0
2017-03-02 00:00:00+09:00,380.8016986710359,381.71270751953125,380.8016986710359,381.71270751953125,500,0.0,0.0
2017-03-03 00:00:00+09:00,384.4457702636719,384.4457702636719,384.4457702636719,384.4457702636719,100,0.0,0.0
2017-03-06 00:00:00+09:00,389.00079345703125,389.00079345703125,389.00079345703125,389.00079345703125,300,0.0,0.0
2017-03-07 00:00:00+09:00,389.00079345703125,389.00079345703125,389.00079345703125,389.00079345703125,0,0.0,0.0
2017-03-08 00:00:00+09:00,389.00079345703125,389.00079345703125,389.00079345703125,389.00079345703125,0,0.0,0.0
2017-03-09 00:00:00+09:00,389.00079345703125,389.00079345703125,389.00079345703125,389.00079345703125,300,0.0,0.0
2017-03-10 00:00:00+09:00,389.00079345703125,389.00079345703125,389.00079345703125,389.00079345703125,0,0.0,0.0
2017-03-13 00:00:00+09:00,397.1998596191406,397.1998596191406,397.1998596191406,397.1998596191406,1000,0.0,0.0
2017-03-14 00:00:00+09:00,389.91180234100557,389.91180234100557,389.00079345703125,389.00079345703125,200,0.0,0.0
2017-03-15 00:00:00+09:00,389.9117431640625,389.9117431640625,389.9117431640625,389.9117431640625,100,0.0,0.0
2017-03-16 00:00:00+09:00,393.55584716796875,393.55584716796875,393.55584716796875,393.55584716796875,100,0.0,0.0
2017-03-17 00:00:00+09:00,393.55584716796875,393.55584716796875,393.55584716796875,393.55584716796875,100,0.0,0.0
2017-03-21 00:00:00+09:00,393.55584716796875,393.55584716796875,393.55584716796875,393.55584716796875,1000,0.0,0.0
2017-03-22 00:00:00+09:00,391.7338048529796,391.7338048529796,379.89068982254065,381.71270751953125,1700,0.0,0.0
2017-03-23 00:00:00+09:00,381.71272507454586,381.71272507454586,375.3356628417969,375.3356628417969,1300,0.0,0.0
2017-03-24 00:00:00+09:00,382.62373396493854,382.62373396493854,375.3356628417969,375.3356628417969,1500,0.0,0.0
2017-03-27 00:00:00+09:00,375.33563424542217,376.24664306640625,375.33563424542217,376.24664306640625,400,0.0,0.0
2017-03-28 00:00:00+09:00,376.24664306640625,376.24664306640625,376.24664306640625,376.24664306640625,0,0.0,0.0
2017-03-29 00:00:00+09:00,376.2466754268333,377.1576843261719,376.2466754268333,377.1576843261719,200,0.0,0.0
2017-03-30 00:00:00+09:00,386.2677101544289,398.11082390916374,386.2677101544289,390.82275390625,700,0.0,0.0
2017-03-31 00:00:00+09:00,378.97967529296875,378.97967529296875,378.97967529296875,378.97967529296875,500,0.0,0.0
2017-04-03 00:00:00+09:00,376.24664306640625,376.24664306640625,376.24664306640625,376.24664306640625,300,0.0,0.0
2017-04-04 00:00:00+09:00,374.42464648976045,374.42464648976045,371.6916198730469,371.6916198730469,900,0.0,0.0
2017-04-05 00:00:00+09:00,373.5136413574219,373.5136413574219,373.5136413574219,373.5136413574219,1400,0.0,0.0
2017-04-06 00:00:00+09:00,373.5136413574219,373.5136413574219,373.5136413574219,373.5136413574219,0,0.0,0.0
2017-04-07 00:00:00+09:00,373.51362228393555,378.97967529296875,373.51362228393555,378.97967529296875,200,0.0,0.0
2017-04-10 00:00:00+09:00,378.0686950683594,378.0686950683594,378.0686950683594,378.0686950683594,100,0.0,0.0
2017-04-11 00:00:00+09:00,378.0686950683594,378.0686950683594,378.0686950683594,378.0686950683594,0,0.0,0.0
2017-04-12 00:00:00+09:00,378.0686950683594,378.0686950683594,378.0686950683594,378.0686950683594,100,0.0,0.0
2017-04-13 00:00:00+09:00,378.0686950683594,378.0686950683594,378.0686950683594,378.0686950683594,0,0.0,0.0
2017-04-14 00:00:00+09:00,381.71270751953125,381.71270751953125,381.71270751953125,381.71270751953125,400,0.0,0.0
2017-04-17 00:00:00+09:00,381.71270751953125,381.71270751953125,381.71270751953125,381.71270751953125,0,0.0,0.0
2017-04-18 00:00:00+09:00,378.97967529296875,378.97967529296875,378.97967529296875,378.97967529296875,100,0.0,0.0
2017-04-19 00:00:00+09:00,378.97967529296875,378.97967529296875,378.97967529296875,378.97967529296875,100,0.0,0.0
2017-04-20 00:00:00+09:00,382.623689701325,384.4457072713313,382.623689701325,383.5346984863281,1700,0.0,0.0
2017-04-21 00:00:00+09:00,383.5347136342785,383.5347136342785,376.24664306640625,376.24664306640625,1300,0.0,0.0
2017-04-24 00:00:00+09:00,376.24665442855945,381.71270751953125,376.24665442855945,381.71270751953125,1000,0.0,0.0
2017-04-25 00:00:00+09:00,381.71270751953125,381.71270751953125,381.71270751953125,381.71270751953125,0,0.0,0.0
2017-04-26 00:00:00+09:00,381.71270751953125,381.71270751953125,381.71270751953125,381.71270751953125,100,0.0,0.0
2017-04-27 00:00:00+09:00,381.71270751953125,381.71270751953125,381.71270751953125,381.71270751953125,0,0.0,0.0
2017-04-28 00:00:00+09:00,378.0686950683594,378.0686950683594,378.0686950683594,378.0686950683594,100,0.0,0.0
2017-05-01 00:00:00+09:00,380.8016948745691,380.8016948745691,379.89068603515625,379.89068603515625,900,0.0,0.0
2017-05-02 00:00:00+09:00,379.89068603515625,379.89068603515625,379.89068603515625,379.89068603515625,200,0.0,0.0
2017-05-08 00:00:00+09:00,380.8016986710359,381.71270751953125,378.06867212555005,381.71270751953125,1200,0.0,0.0
2017-05-09 00:00:00+09:00,381.71270751953125,381.71270751953125,381.71270751953125,381.71270751953125,0,0.0,0.0
2017-05-10 00:00:00+09:00,381.7127362118954,381.7127362118954,380.8017272949219,380.8017272949219,300,0.0,0.0
2017-05-11 00:00:00+09:00,378.0686950683594,378.0686950683594,378.0686950683594,378.0686950683594,100,0.0,0.0
2017-05-12 00:00:00+09:00,378.0686950683594,378.0686950683594,378.0686950683594,378.0686950683594,0,0.0,0.0
2017-05-15 00:00:00+09:00,378.0686950683594,378.0686950683594,378.0686950683594,378.0686950683594,100,0.0,0.0
2017-05-16 00:00:00+09:00,378.0686950683594,378.0686950683594,378.0686950683594,378.0686950683594,1600,0.0,0.0
2017-05-17 00:00:00+09:00,378.0686950683594,378.0686950683594,378.0686950683594,378.0686950683594,100,0.0,0.0
2017-05-18 00:00:00+09:00,378.0686950683594,378.0686950683594,378.0686950683594,378.0686950683594,500,0.0,0.0
2017-05-19 00:00:00+09:00,378.0686950683594,378.0686950683594,378.0686950683594,378.0686950683594,0,0.0,0.0
2017-05-22 00:00:00+09:00,378.9796771957434,379.89068603515625,378.9796771957434,379.89068603515625,200,0.0,0.0
2017-05-23 00:00:00+09:00,379.8907128759177,379.8907128759177,378.0686950683594,378.0686950683594,200,0.0,0.0
2017-05-24 00:00:00+09:00,378.0686950683594,378.0686950683594,378.0686950683594,378.0686950683594,100,0.0,0.0
2017-05-25 00:00:00+09:00,378.0686950683594,378.0686950683594,378.0686950683594,378.0686950683594,300,0.0,0.0
2017-05-26 00:00:00+09:00,382.6237523951237,384.4457702636719,382.6237523951237,384.4457702636719,200,0.0,0.0
2017-05-29 00:00:00+09:00,384.44576156237895,448.2163855182238,384.44576156237895,440.9283142089844,11200,0.0,0.0
2017-05-30 00:00:00+09:00,437.28424479166665,437.28424479166665,408.13196180555553,409.9539794921875,8000,0.0,0.0
2017-05-31 00:00:00+09:00,408.1319848304372,408.1319848304372,399.93290477804004,406.3099670410156,2400,0.0,0.0
2017-06-01 00:00:00+09:00,406.3099670410156,412.6870293039912,406.3099670410156,406.3099670410156,1500,0.0,0.0
2017-06-02 00:00:00+09:00,406.3099670410156,409.95400261985884,406.3099670410156,406.3099670410156,3100,0.0,0.0
2017-06-05 00:00:00+09:00,406.30995390246835,406.30995390246835,385.3567500016684,399.9328918457031,5400,0.0,0.0
2017-06-06 00:00:00+09:00,399.9329095063386,399.9329095063386,393.55584716796875,393.55584716796875,300,0.0,0.0
2017-06-07 00:00:00+09:00,393.55584716796875,393.55584716796875,393.55584716796875,393.55584716796875,300,0.0,0.0
2017-06-08 00:00:00+09:00,398.11090087890625,398.11090087890625,387.17879376095004,398.11090087890625,2200,0.0,0.0
2017-06-09 00:00:00+09:00,397.1998131297459,397.1998131297459,389.9117431640625,389.9117431640625,1900,0.0,0.0
2017-06-12 00:00:00+09:00,390.82275190977293,390.82275190977293,389.9117431640625,389.9117431640625,200,0.0,0.0
2017-06-13 00:00:00+09:00,393.55584716796875,393.55584716796875,393.55584716796875,393.55584716796875,400,0.0,0.0
2017-06-14 00:00:00+09:00,397.19984449781816,404.4879150390625,397.19984449781816,404.4879150390625,400,0.0,0.0
2017-06-15 00:00:00+09:00,399.9328918457031,399.9328918457031,399.9328918457031,399.9328918457031,100,0.0,0.0
2017-06-16 00:00:00+09:00,399.9329095063386,399.9329095063386,393.55584716796875,393.55584716796875,200,0.0,0.0
2017-06-19 00:00:00+09:00,397.1998577249461,397.1998577249461,396.2888488769531,396.2888488769531,200,0.0,0.0
2017-06-20 00:00:00+09:00,396.2888488769531,396.2888488769531,396.2888488769531,396.2888488769531,100,0.0,0.0
2017-06-21 00:00:00+09:00,400.8438720703125,400.8438720703125,400.8438720703125,400.8438720703125,200,0.0,0.0
2017-06-22 00:00:00+09:00,400.8438720703125,400.8438720703125,400.8438720703125,400.8438720703125,200,0.0,0.0
2017-06-23 00:00:00+09:00,400.8438720703125,400.8438720703125,400.8438720703125,400.8438720703125,400,0.0,0.0
2017-06-26 00:00:00+09:00,404.48794740826895,405.3989562988281,404.48794740826895,405.3989562988281,200,0.0,0.0
2017-06-27 00:00:00+09:00,405.39895814630484,406.3099670410156,405.39895814630484,406.3099670410156,1900,0.0,0.0
2017-06-28 00:00:00+09:00,411.7760007157285,426.3521423339844,411.7760007157285,426.3521423339844,1100,0.0,0.0
2017-06-29 00:00:00+09:00,411.7760121707833,417.2420654296875,411.7760121707833,417.2420654296875,1600,0.0,0.0
2017-06-30 00:00:00+09:00,414.50902943053256,414.50902943053256,412.68701171875,412.68701171875,300,0.0,0.0
2017-07-03 00:00:00+09:00,413.5979938884358,414.5090026855469,413.5979938884358,414.5090026855469,500,0.0,0.0
2017-07-04 00:00:00+09:00,414.50906732671893,416.3310852050781,414.50906732671893,416.3310852050781,300,0.0,0.0
2017-07-05 00:00:00+09:00,416.33105655320344,418.1530743061715,416.33105655320344,417.2420654296875,1600,0.0,0.0
2017-07-06 00:00:00+09:00,414.5090026855469,414.5090026855469,414.5090026855469,414.5090026855469,100,0.0,0.0
2017-07-07 00:00:00+09:00,418.1531030834373,419.06411202261694,416.3310852050781,416.3310852050781,6200,0.0,0.0
2017-07-10 00:00:00+09:00,419.0640677914599,424.5301208496094,419.0640677914599,424.5301208496094,200,0.0,0.0
2017-07-11 00:00:00+09:00,417.2420654296875,417.2420654296875,417.2420654296875,417.2420654296875,100,0.0,0.0
2017-07-12 00:00:00+09:00,416.3310852050781,416.3310852050781,416.3310852050781,416.3310852050781,800,0.0,0.0
2017-07-13 00:00:00+09:00,419.0640869140625,419.0640869140625,419.0640869140625,419.0640869140625,100,0.0,0.0
2017-07-14 00:00:00+09:00,419.0640869140625,419.0640869140625,419.0640869140625,419.0640869140625,100,0.0,0.0
2017-07-17 00:00:00+09:00,419.0640869140625,419.0640869140625,419.0640869140625,419.0640869140625,0,0.0,0.0
2017-07-18 00:00:00+09:00,420.88611391129035,423.619140625,420.88611391129035,423.619140625,200,0.0,0.0
2017-07-19 00:00:00+09:00,419.0640869140625,419.0640869140625,419.0640869140625,419.0640869140625,1000,0.0,0.0
2017-07-20 00:00:00+09:00,419.0640869140625,419.0640869140625,419.0640869140625,419.0640869140625,100,0.0,0.0
2017-07-21 00:00:00+09:00,419.97507096160825,421.7970886230469,419.97507096160825,421.7970886230469,400,0.0,0.0
2017-07-24 00:00:00+09:00,421.79711356784986,421.79711356784986,419.0640869140625,419.0640869140625,2700,0.0,0.0
2017-07-25 00:00:00+09:00,421.79712098220296,422.7081298828125,421.79712098220296,422.7081298828125,200,0.0,0.0
2017-07-26 00:00:00+09:00,423.6191138976136,425.4411315917969,423.6191138976136,425.4411315917969,600,0.0,0.0
2017-07-27 00:00:00+09:00,422.7081088003065,427.2631530761719,422.7081088003065,427.2631530761719,2000,0.0,0.0
2017-07-28 00:00:00+09:00,426.3521442209988,427.2631530761719,426.3521442209988,427.2631530761719,200,0.0,0.0
2017-07-31 00:00:00+09:00,427.2631530761719,427.2631530761719,427.2631530761719,427.2631530761719,1000,0.0,0.0
2017-08-01 00:00:00+09:00,427.26315118512537,427.26315118512537,426.3521423339844,426.3521423339844,200,0.0,0.0
2017-08-02 00:00:00+09:00,427.2631530761719,428.17416193134494,427.2631530761719,427.2631530761719,1300,0.0,0.0
2017-08-03 00:00:00+09:00,428.174181292134,500.1438841050671,428.174181292134,451.86041259765625,59100,0.0,0.0
2017-08-04 00:00:00+09:00,459.1484385323071,459.1484385323071,426.3521214942852,430.90716552734375,10400,0.0,0.0
2017-08-07 00:00:00+09:00,431.8181743339555,435.46220956040236,430.90716552734375,430.90716552734375,1800,0.0,0.0
2017-08-08 00:00:00+09:00,430.90716552734375,430.90716552734375,430.90716552734375,430.90716552734375,900,0.0,0.0
2017-08-09 00:00:00+09:00,427.2631549591714,428.1741638183594,426.3521460999834,428.1741638183594,2500,0.0,0.0
2017-08-10 00:00:00+09:00,428.1741638183594,428.1741638183594,428.1741638183594,428.1741638183594,0,0.0,0.0
2017-08-11 00:00:00+09:00,428.1741638183594,428.1741638183594,428.1741638183594,428.1741638183594,0,0.0,0.0
2017-08-14 00:00:00+09:00,428.1741638183594,428.1741638183594,428.1741638183594,428.1741638183594,600,0.0,0.0
2017-08-15 00:00:00+09:00,428.1741638183594,428.1741638183594,428.1741638183594,428.1741638183594,0,0.0,0.0
2017-08-16 00:00:00+09:00,429.9962158203125,429.9962158203125,429.9962158203125,429.9962158203125,1400,0.0,0.0
2017-08-17 00:00:00+09:00,437.28424072265625,437.28424072265625,434.55121421813965,437.28424072265625,900,0.0,0.0
2017-08-18 00:00:00+09:00,436.3732183670141,444.57229762651957,430.90716552734375,430.90716552734375,3000,0.0,0.0
2017-08-21 00:00:00+09:00,448.21634674072266,448.21634674072266,437.28424072265625,437.28424072265625,700,0.0,0.0
2017-08-22 00:00:00+09:00,437.28423108552636,437.28423108552636,432.72918701171875,432.72918701171875,300,0.0,0.0
2017-08-23 00:00:00+09:00,432.7291965484619,437.28424072265625,432.7291965484619,437.28424072265625,700,0.0,0.0
2017-08-24 00:00:00+09:00,437.2842426260395,438.19525146484375,437.2842426260395,438.19525146484375,300,0.0,0.0
2017-08-25 00:00:00+09:00,443.6613464355469,444.57235536046585,443.6613464355469,443.6613464355469,600,0.0,0.0
2017-08-28 00:00:00+09:00,443.6612911925024,446.3943176269531,443.6612911925024,446.3943176269531,600,0.0,0.0
2017-08-29 00:00:00+09:00,440.0172823296219,445.48333552626315,439.106273463515,444.57232666015625,600,0.0,0.0
2017-08-30 00:00:00+09:00,439.106267870087,441.83929443359375,439.106267870087,441.83929443359375,200,0.0,0.0
2017-08-31 00:00:00+09:00,443.6613464355469,443.6613464355469,443.6613464355469,443.6613464355469,200,0.0,0.0
2017-09-01 00:00:00+09:00,446.39438046457326,447.3053894042969,446.39438046457326,447.3053894042969,300,0.0,0.0
2017-09-04 00:00:00+09:00,446.3943573922822,450.94940185546875,444.57233960700756,450.94940185546875,1700,0.0,0.0
2017-09-05 00:00:00+09:00,452.77139661402884,454.5934143066406,446.3943346898876,454.5934143066406,1200,0.0,0.0
2017-09-06 00:00:00+09:00,454.5934143066406,454.5934143066406,454.5934143066406,454.5934143066406,1000,0.0,0.0
2017-09-07 00:00:00+09:00,447.30536074754673,448.21636962890625,447.30536074754673,448.21636962890625,1100,0.0,0.0
2017-09-08 00:00:00+09:00,450.94937703695643,453.6824035644531,450.94937703695643,453.6824035644531,500,0.0,0.0
2017-09-11 00:00:00+09:00,450.94937703695643,453.6824035644531,450.94937703695643,453.6824035644531,1300,0.0,0.0
2017-09-12 00:00:00+09:00,451.86038776772295,454.5934143066406,451.86038776772295,454.5934143066406,900,0.0,0.0
2017-09-13 00:00:00+09:00,454.5934143066406,454.5934143066406,454.5934143066406,454.5934143066406,200,0.0,0.0
2017-09-14 00:00:00+09:00,454.5934143066406,454.5934143066406,454.5934143066406,454.5934143066406,1600,0.0,0.0
2017-09-15 00:00:00+09:00,454.5934143066406,454.5934143066406,454.5934143066406,454.5934143066406,100,0.0,0.0
2017-09-18 00:00:00+09:00,454.5934143066406,454.5934143066406,454.5934143066406,454.5934143066406,0,0.0,0.0
2017-09-19 00:00:00+09:00,455.5044288179314,457.3264465332031,455.5044288179314,457.3264465332031,1300,0.0,0.0
2017-09-20 00:00:00+09:00,455.5044250488281,459.1484604492187,455.5044250488281,455.5044250488281,3700,0.0,0.0
2017-09-21 00:00:00+09:00,457.32642181698634,460.0594482421875,455.5044042001856,460.0594482421875,1000,0.0,0.0
2017-09-22 00:00:00+09:00,460.0594692993164,460.0594692993164,455.5044250488281,455.5044250488281,1700,0.0,0.0
2017-09-25 00:00:00+09:00,467.3475609945458,467.3475609945458,464.61453432206304,465.5255432128906,900,0.0,0.0
2017-09-26 00:00:00+09:00,466.4365720785441,477.368679236635,465.52556314870316,475.5466613769531,3600,0.0,0.0
2017-09-27 00:00:00+09:00,462.54342821584754,466.2586364746094,462.54342821584754,466.2586364746094,4500,10.0,0.0
2017-09-28 00:00:00+09:00,466.2586044892519,466.2586044892519,463.4721984863281,463.4721984863281,1400,0.0,0.0
2017-09-29 00:00:00+09:00,463.4722285749443,463.4722285749443,462.5434265136719,462.5434265136719,1400,0.0,0.0
2017-10-02 00:00:00+09:00,463.4721984863281,463.4721984863281,462.54339648535347,463.4721984863281,1000,0.0,0.0
2017-10-03 00:00:00+09:00,463.4721984863281,463.4721984863281,463.4721984863281,463.4721984863281,100,0.0,0.0
2017-10-04 00:00:00+09:00,464.40100146386914,466.2586054697246,464.40100146386914,465.3298034667969,800,0.0,0.0
2017-10-05 00:00:00+09:00,465.3298049200149,469.0450129433284,465.3298049200149,468.1162109375,800,0.0,0.0
2017-10-06 00:00:00+09:00,467.1874084472656,467.1874084472656,467.1874084472656,467.1874084472656,100,0.0,0.0
2017-10-09 00:00:00+09:00,467.1874084472656,467.1874084472656,467.1874084472656,467.1874084472656,0,0.0,0.0
2017-10-10 00:00:00+09:00,468.1162109375,468.1162109375,468.1162109375,468.1162109375,200,0.0,0.0
2017-10-11 00:00:00+09:00,469.04501582126994,473.68902587890625,469.04501582126994,473.68902587890625,1700,0.0,0.0
2017-10-12 00:00:00+09:00,469.9737854003906,469.9737854003906,469.9737854003906,469.9737854003906,200,0.0,0.0
2017-10-13 00:00:00+09:00,469.9737854003906,469.9737854003906,469.9737854003906,469.9737854003906,200,0.0,0.0
2017-10-16 00:00:00+09:00,469.9738168791523,474.6178269273653,469.9738168791523,471.8314208984375,600,0.0,0.0
2017-10-17 00:00:00+09:00,470.9026184082031,470.9026184082031,470.9026184082031,470.9026184082031,100,0.0,0.0
2017-10-18 00:00:00+09:00,471.83142041689786,471.83142041689786,470.9026184082031,470.9026184082031,1000,0.0,0.0
2017-10-19 00:00:00+09:00,470.9026184082031,470.9026184082031,470.9026184082031,470.9026184082031,0,0.0,0.0
2017-10-20 00:00:00+09:00,470.9026184082031,470.9026184082031,470.9026184082031,470.9026184082031,0,0.0,0.0
2017-10-23 00:00:00+09:00,470.9026184082031,470.9026184082031,470.9026184082031,470.9026184082031,3700,0.0,0.0
2017-10-24 00:00:00+09:00,475.5466289370079,475.5466289370079,471.8314208984375,471.8314208984375,700,0.0,0.0
2017-10-25 00:00:00+09:00,471.8314208984375,471.8314208984375,471.8314208984375,471.8314208984375,0,0.0,0.0
2017-10-26 00:00:00+09:00,471.8314208984375,471.8314208984375,471.8314208984375,471.8314208984375,0,0.0,0.0
2017-10-27 00:00:00+09:00,475.5466613769531,475.5466613769531,475.5466613769531,475.5466613769531,600,0.0,0.0
2017-10-30 00:00:00+09:00,477.40423440653285,487.6210565436376,474.6178283691406,474.6178283691406,1500,0.0,0.0
2017-10-31 00:00:00+09:00,474.6178283691406,474.6178283691406,474.6178283691406,474.6178283691406,0,0.0,0.0
2017-11-01 00:00:00+09:00,474.6178283691406,474.6178283691406,474.6178283691406,474.6178283691406,0,0.0,0.0
2017-11-02 00:00:00+09:00,474.6178283691406,475.5466303816047,474.6178283691406,474.6178283691406,600,0.0,0.0
2017-11-03 00:00:00+09:00,474.6178283691406,474.6178283691406,474.6178283691406,474.6178283691406,0,0.0,0.0
2017-11-06 00:00:00+09:00,480.19067174196243,481.1194738149643,475.5466613769531,475.5466613769531,400,0.0,0.0
2017-11-07 00:00:00+09:00,478.3330383300781,478.3330383300781,478.3330383300781,478.3330383300781,100,0.0,0.0
2017-11-08 00:00:00+09:00,478.3330383300781,478.3330383300781,478.3330383300781,478.3330383300781,0,0.0,0.0
2017-11-09 00:00:00+09:00,490.40746930803573,490.40746930803573,483.9058551316034,487.6210632324219,1500,0.0,0.0
2017-11-10 00:00:00+09:00,487.6210632324219,487.6210632324219,487.6210632324219,487.6210632324219,0,0.0,0.0
2017-11-13 00:00:00+09:00,483.9058532714844,483.9058532714844,483.9058532714844,483.9058532714844,300,0.0,0.0
2017-11-14 00:00:00+09:00,483.9058532714844,483.9058532714844,483.9058532714844,483.9058532714844,0,0.0,0.0
2017-11-15 00:00:00+09:00,483.9058532714844,483.9058532714844,483.9058532714844,483.9058532714844,100,0.0,0.0
2017-11-16 00:00:00+09:00,483.9058532714844,483.9058532714844,483.9058532714844,483.9058532714844,0,0.0,0.0
2017-11-17 00:00:00+09:00,483.9058532714844,483.9058532714844,483.9058532714844,483.9058532714844,0,0.0,0.0
2017-11-20 00:00:00+09:00,483.9058532714844,483.9058532714844,483.9058532714844,483.9058532714844,300,0.0,0.0
2017-11-21 00:00:00+09:00,483.9058532714844,483.9058532714844,483.9058532714844,483.9058532714844,0,0.0,0.0
2017-11-22 00:00:00+09:00,483.9058565081972,491.3362727309718,483.9058565081972,490.407470703125,500,0.0,0.0
2017-11-23 00:00:00+09:00,490.407470703125,490.407470703125,490.407470703125,490.407470703125,0,0.0,0.0
2017-11-24 00:00:00+09:00,490.407470703125,490.407470703125,490.407470703125,490.407470703125,0,0.0,0.0
2017-11-27 00:00:00+09:00,490.407470703125,490.407470703125,490.407470703125,490.407470703125,0,0.0,0.0
2017-11-28 00:00:00+09:00,484.8346862792969,484.8346862792969,484.8346862792969,484.8346862792969,100,0.0,0.0
2017-11-29 00:00:00+09:00,484.8346862792969,484.8346862792969,484.8346862792969,484.8346862792969,0,0.0,0.0
2017-11-30 00:00:00+09:00,483.9058222257174,483.9058222257174,482.9770202636719,482.9770202636719,3100,0.0,0.0
2017-12-01 00:00:00+09:00,482.9770202636719,482.9770202636719,482.9770202636719,482.9770202636719,0,0.0,0.0
2017-12-04 00:00:00+09:00,482.9770202636719,482.9770202636719,482.9770202636719,482.9770202636719,0,0.0,0.0
2017-12-05 00:00:00+09:00,482.9770202636719,482.9770202636719,482.9770202636719,482.9770202636719,0,0.0,0.0
2017-12-06 00:00:00+09:00,478.3330383300781,478.3330383300781,478.3330383300781,478.3330383300781,300,0.0,0.0
2017-12-07 00:00:00+09:00,478.3330383300781,478.3330383300781,478.3330383300781,478.3330383300781,100,0.0,0.0
2017-12-08 00:00:00+09:00,478.3330383300781,478.3330383300781,478.3330383300781,478.3330383300781,0,0.0,0.0
2017-12-11 00:00:00+09:00,478.3330383300781,478.3330383300781,478.3330383300781,478.3330383300781,300,0.0,0.0
2017-12-12 00:00:00+09:00,478.3330383300781,478.3330383300781,478.3330383300781,478.3330383300781,0,0.0,0.0
2017-12-13 00:00:00+09:00,482.97701266443306,482.97701266443306,469.9737854003906,469.9737854003906,600,0.0,0.0
2017-12-14 00:00:00+09:00,476.4754342977283,490.40746454035195,476.4754342977283,478.3330383300781,1400,0.0,0.0
2017-12-15 00:00:00+09:00,478.3330383300781,478.3330383300781,478.3330383300781,478.3330383300781,0,0.0,0.0
2017-12-18 00:00:00+09:00,479.2618103027344,479.2618103027344,479.2618103027344,479.2618103027344,100,0.0,0.0
2017-12-19 00:00:00+09:00,476.47540283203125,476.47540283203125,476.47540283203125,476.47540283203125,100,0.0,0.0
2017-12-20 00:00:00+09:00,477.40426841544735,482.04827880859375,477.40426841544735,482.04827880859375,300,0.0,0.0
2017-12-21 00:00:00+09:00,482.04827880859375,482.04827880859375,482.04827880859375,482.04827880859375,0,0.0,0.0
2017-12-22 00:00:00+09:00,482.977053566124,488.54986572265625,482.977053566124,488.54986572265625,800,0.0,0.0
2017-12-25 00:00:00+09:00,486.6922564756523,486.6922564756523,478.3330383300781,478.3330383300781,2000,0.0,0.0
2017-12-26 00:00:00+09:00,478.3330383300781,478.3330383300781,478.3330383300781,478.3330383300781,200,0.0,0.0
2017-12-27 00:00:00+09:00,478.3330383300781,480.1906423624279,478.3330383300781,478.3330383300781,300,0.0,0.0
2017-12-28 00:00:00+09:00,478.3330383300781,478.3330383300781,478.3330383300781,478.3330383300781,0,0.0,0.0
2017-12-29 00:00:00+09:00,478.3330383300781,478.3330383300781,478.3330383300781,478.3330383300781,100,0.0,0.0
2018-01-01 00:00:00+09:00,478.3330383300781,478.3330383300781,478.3330383300781,478.3330383300781,0,0.0,0.0
2018-01-02 00:00:00+09:00,478.3330383300781,478.3330383300781,478.3330383300781,478.3330383300781,0,0.0,0.0
2018-01-03 00:00:00+09:00,478.3330383300781,478.3330383300781,478.3330383300781,478.3330383300781,0,0.0,0.0
2018-01-04 00:00:00+09:00,481.11944580078125,481.11944580078125,481.11944580078125,481.11944580078125,100,0.0,0.0
2018-01-05 00:00:00+09:00,481.11944580078125,481.11944580078125,481.11944580078125,481.11944580078125,0,0.0,0.0
2018-01-08 00:00:00+09:00,481.11944580078125,481.11944580078125,481.11944580078125,481.11944580078125,0,0.0,0.0
2018-01-09 00:00:00+09:00,481.11944580078125,481.11944580078125,481.11944580078125,481.11944580078125,0,0.0,0.0
2018-01-10 00:00:00+09:00,481.11944580078125,481.11944580078125,481.11944580078125,481.11944580078125,100,0.0,0.0
2018-01-11 00:00:00+09:00,481.11944580078125,481.11944580078125,481.11944580078125,481.11944580078125,0,0.0,0.0
2018-01-12 00:00:00+09:00,482.04827588796616,482.04827588796616,471.8314530849457,475.5466613769531,1300,0.0,0.0
2018-01-15 00:00:00+09:00,476.47540283203125,477.4042047868695,476.47540283203125,476.47540283203125,1700,0.0,0.0
2018-01-16 00:00:00+09:00,477.40423583984375,477.40423583984375,477.40423583984375,477.40423583984375,100,0.0,0.0
2018-01-17 00:00:00+09:00,475.5466613769531,475.5466613769531,475.5466613769531,475.5466613769531,100,0.0,0.0
2018-01-18 00:00:00+09:00,475.5466289370079,475.5466289370079,471.8314208984375,471.8314208984375,800,0.0,0.0
2018-01-19 00:00:00+09:00,471.8314208984375,471.8314208984375,471.8314208984375,471.8314208984375,0,0.0,0.0
2018-01-22 00:00:00+09:00,471.8314208984375,471.8314208984375,471.8314208984375,471.8314208984375,0,0.0,0.0
2018-01-23 00:00:00+09:00,477.40426552295685,477.40426552295685,475.5466613769531,475.5466613769531,200,0.0,0.0
2018-01-24 00:00:00+09:00,475.5466613769531,475.5466613769531,475.5466613769531,475.5466613769531,100,0.0,0.0
2018-01-25 00:00:00+09:00,475.5466613769531,475.5466613769531,475.5466613769531,475.5466613769531,900,0.0,0.0
2018-01-26 00:00:00+09:00,475.5466613769531,475.5466613769531,475.5466613769531,475.5466613769531,0,0.0,0.0
2018-01-29 00:00:00+09:00,477.40426841544735,482.04827880859375,475.5466642581888,482.04827880859375,2600,0.0,0.0
2018-01-30 00:00:00+09:00,482.9770202636719,482.9770202636719,482.9770202636719,482.9770202636719,800,0.0,0.0
2018-01-31 00:00:00+09:00,483.9058532714844,483.9058532714844,483.9058532714844,483.9058532714844,700,0.0,0.0
2018-02-01 00:00:00+09:00,482.9770202636719,482.9770202636719,482.9770202636719,482.9770202636719,400,0.0,0.0
2018-02-02 00:00:00+09:00,482.9770202636719,482.9770202636719,482.9770202636719,482.9770202636719,0,0.0,0.0
2018-02-05 00:00:00+09:00,482.9770202636719,482.9770202636719,482.9770202636719,482.9770202636719,0,0.0,0.0
2018-02-06 00:00:00+09:00,473.68902587890625,473.68902587890625,473.68902587890625,473.68902587890625,100,0.0,0.0
2018-02-07 00:00:00+09:00,473.68902587890625,473.68902587890625,473.68902587890625,473.68902587890625,200,0.0,0.0
2018-02-08 00:00:00+09:00,473.68902587890625,473.68902587890625,473.68902587890625,473.68902587890625,0,0.0,0.0
2018-02-09 00:00:00+09:00,473.68905597679276,473.68905597679276,463.4722332008227,472.76025390625,500,0.0,0.0
2018-02-12 00:00:00+09:00,472.76025390625,472.76025390625,472.76025390625,472.76025390625,0,0.0,0.0
2018-02-13 00:00:00+09:00,472.76025390625,472.76025390625,472.76025390625,472.76025390625,0,0.0,0.0
2018-02-14 00:00:00+09:00,472.76025390625,472.76025390625,472.76025390625,472.76025390625,100,0.0,0.0
2018-02-15 00:00:00+09:00,472.76025390625,472.76025390625,472.76025390625,472.76025390625,0,0.0,0.0
2018-02-16 00:00:00+09:00,472.76025390625,472.76025390625,472.76025390625,472.76025390625,0,0.0,0.0
2018-02-19 00:00:00+09:00,464.4010314941406,464.4010314941406,464.4010314941406,464.4010314941406,1600,0.0,0.0
2018-02-20 00:00:00+09:00,464.4010314941406,464.4010314941406,464.4010314941406,464.4010314941406,0,0.0,0.0
2018-02-21 00:00:00+09:00,465.3298034667969,465.3298034667969,465.3298034667969,465.3298034667969,100,0.0,0.0
2018-02-22 00:00:00+09:00,469.9737854003906,469.9737854003906,469.9737854003906,469.9737854003906,100,0.0,0.0
2018-02-23 00:00:00+09:00,469.9737854003906,469.9737854003906,469.9737854003906,469.9737854003906,0,0.0,0.0
2018-02-26 00:00:00+09:00,467.1874084472656,467.1874084472656,467.1874084472656,467.1874084472656,500,0.0,0.0
2018-02-27 00:00:00+09:00,466.2586364746094,466.2586364746094,466.2586364746094,466.2586364746094,100,0.0,0.0
2018-02-28 00:00:00+09:00,466.2586364746094,466.2586364746094,466.2586364746094,466.2586364746094,0,0.0,0.0
2018-03-01 00:00:00+09:00,466.2586364746094,466.2586364746094,466.2586364746094,466.2586364746094,300,0.0,0.0
2018-03-02 00:00:00+09:00,466.2586364746094,466.2586364746094,466.2586364746094,466.2586364746094,0,0.0,0.0
2018-03-05 00:00:00+09:00,466.2586364746094,466.2586364746094,466.2586364746094,466.2586364746094,0,0.0,0.0
2018-03-06 00:00:00+09:00,466.2586364746094,466.2586364746094,466.2586364746094,466.2586364746094,0,0.0,0.0
2018-03-07 00:00:00+09:00,469.0450439453125,469.0450439453125,469.0450439453125,469.0450439453125,100,0.0,0.0
2018-03-08 00:00:00+09:00,469.0450439453125,469.0450439453125,469.0450439453125,469.0450439453125,0,0.0,0.0
2018-03-09 00:00:00+09:00,469.0450439453125,469.0450439453125,469.0450439453125,469.0450439453125,0,0.0,0.0
2018-03-12 00:00:00+09:00,469.0450439453125,469.0450439453125,469.0450439453125,469.0450439453125,0,0.0,0.0
2018-03-13 00:00:00+09:00,469.0450439453125,469.0450439453125,469.0450439453125,469.0450439453125,0,0.0,0.0
2018-03-14 00:00:00+09:00,469.0450439453125,469.0450439453125,469.0450439453125,469.0450439453125,0,0.0,0.0
2018-03-15 00:00:00+09:00,469.0450439453125,469.0450439453125,469.0450439453125,469.0450439453125,0,0.0,0.0
2018-03-16 00:00:00+09:00,469.0450439453125,469.0450439453125,469.0450439453125,469.0450439453125,0,0.0,0.0
2018-03-19 00:00:00+09:00,479.26184129253807,480.1906433105469,479.26184129253807,480.1906433105469,500,0.0,0.0
2018-03-20 00:00:00+09:00,469.9738447333712,469.9738447333712,466.2586364746094,466.2586364746094,1400,0.0,0.0
2018-03-21 00:00:00+09:00,466.2586364746094,466.2586364746094,466.2586364746094,466.2586364746094,0,0.0,0.0
2018-03-22 00:00:00+09:00,466.2586364746094,466.2586364746094,466.2586364746094,466.2586364746094,0,0.0,0.0
2018-03-23 00:00:00+09:00,466.2586364746094,466.2586364746094,466.2586364746094,466.2586364746094,0,0.0,0.0
2018-03-26 00:00:00+09:00,465.3298335571289,465.3298335571289,464.4010314941406,464.4010314941406,800,0.0,0.0
2018-03-27 00:00:00+09:00,464.4010314941406,464.4010314941406,464.4010314941406,464.4010314941406,0,0.0,0.0
2018-03-28 00:00:00+09:00,464.4010314941406,464.4010314941406,464.4010314941406,464.4010314941406,0,0.0,0.0
2018-03-29 00:00:00+09:00,464.4010314941406,464.4010314941406,464.4010314941406,464.4010314941406,0,0.0,0.0
2018-03-30 00:00:00+09:00,469.97384387207035,469.97384387207035,464.4010314941406,464.4010314941406,1500,0.0,0.0
2018-04-02 00:00:00+09:00,464.4010314941406,464.4010314941406,464.4010314941406,464.4010314941406,10500,0.0,0.0
2018-04-03 00:00:00+09:00,473.6890282492036,480.1906423624279,473.6890282492036,478.3330383300781,600,0.0,0.0
2018-04-04 00:00:00+09:00,478.3330383300781,478.3330383300781,478.3330383300781,478.3330383300781,0,0.0,0.0
2018-04-05 00:00:00+09:00,478.3330383300781,478.3330383300781,478.3330383300781,478.3330383300781,0,0.0,0.0
2018-04-06 00:00:00+09:00,467.1874385392998,467.1874385392998,466.2586364746094,466.2586364746094,200,0.0,0.0
2018-04-09 00:00:00+09:00,466.2586364746094,466.2586364746094,466.2586364746094,466.2586364746094,0,0.0,0.0
2018-04-10 00:00:00+09:00,466.2586364746094,466.2586364746094,466.2586364746094,466.2586364746094,0,0.0,0.0
2018-04-11 00:00:00+09:00,482.9770498386221,482.9770498386221,481.11944580078125,481.11944580078125,200,0.0,0.0
2018-04-12 00:00:00+09:00,482.04827880859375,482.04827880859375,482.04827880859375,482.04827880859375,200,0.0,0.0
2018-04-13 00:00:00+09:00,482.04827880859375,482.04827880859375,482.04827880859375,482.04827880859375,0,0.0,0.0
2018-04-16 00:00:00+09:00,482.04827880859375,482.04827880859375,482.04827880859375,482.04827880859375,0,0.0,0.0
2018-04-17 00:00:00+09:00,482.04827880859375,482.04827880859375,482.04827880859375,482.04827880859375,0,0.0,0.0
2018-04-18 00:00:00+09:00,482.04827880859375,482.04827880859375,482.04827880859375,482.04827880859375,0,0.0,0.0
2018-04-19 00:00:00+09:00,482.04827880859375,482.04827880859375,482.04827880859375,482.04827880859375,0,0.0,0.0
2018-04-20 00:00:00+09:00,482.04827880859375,482.04827880859375,482.04827880859375,482.04827880859375,0,0.0,0.0
2018-04-23 00:00:00+09:00,482.04827880859375,482.04827880859375,482.04827880859375,482.04827880859375,0,0.0,0.0
2018-04-24 00:00:00+09:00,482.04827880859375,482.04827880859375,482.04827880859375,482.04827880859375,0,0.0,0.0
2018-04-25 00:00:00+09:00,482.04827880859375,482.04827880859375,482.04827880859375,482.04827880859375,0,0.0,0.0
2018-04-26 00:00:00+09:00,482.04827880859375,482.04827880859375,482.04827880859375,482.04827880859375,0,0.0,0.0
2018-04-27 00:00:00+09:00,472.76025390625,472.76025390625,472.76025390625,472.76025390625,300,0.0,0.0
2018-04-30 00:00:00+09:00,472.76025390625,472.76025390625,472.76025390625,472.76025390625,0,0.0,0.0
2018-05-01 00:00:00+09:00,478.3330325056497,478.3330325056497,457.89938839861225,467.1874084472656,10700,0.0,0.0
2018-05-02 00:00:00+09:00,467.1874398108756,469.0450439453125,467.1874398108756,469.0450439453125,2200,0.0,0.0
2018-05-03 00:00:00+09:00,469.0450439453125,469.0450439453125,469.0450439453125,469.0450439453125,0,0.0,0.0
2018-05-04 00:00:00+09:00,469.0450439453125,469.0450439453125,469.0450439453125,469.0450439453125,0,0.0,0.0
2018-05-07 00:00:00+09:00,469.9738303444602,561.9252319335938,469.9738303444602,561.9252319335938,161800,0.0,0.0
2018-05-08 00:00:00+09:00,608.3652899940673,608.3652899940673,530.3459245597137,544.2779541015625,156400,0.0,0.0
2018-05-09 00:00:00+09:00,571.21321011896,571.21321011896,524.7731117353047,542.4203491210938,14600,0.0,0.0
2018-05-10 00:00:00+09:00,520.1290925905477,538.7051316116386,497.8378457652385,525.701904296875,22800,0.0,0.0
2018-05-11 00:00:00+09:00,516.4140008038131,516.4140008038131,497.8379576094314,514.556396484375,3300,0.0,0.0
2018-05-14 00:00:00+09:00,513.62755711163,513.62755711163,493.19391107825595,498.7667236328125,11200,0.0,0.0
2018-05-15 00:00:00+09:00,499.69551957521406,499.69551957521406,478.33307171233315,484.8346862792969,13600,0.0,0.0
2018-05-16 00:00:00+09:00,485.7634619301546,494.1226802042873,485.7634619301546,493.1938781738281,3200,0.0,0.0
2018-05-17 00:00:00+09:00,493.1938418461726,493.1938418461726,480.19061437753527,482.9770202636719,5900,0.0,0.0
2018-05-18 00:00:00+09:00,485.76346102103395,491.3362731933594,483.90585696359216,491.3362731933594,3200,0.0,0.0
2018-05-21 00:00:00+09:00,488.5498671071967,491.3362731933594,487.6210650784758,491.3362731933594,3600,0.0,0.0
2018-05-22 00:00:00+09:00,492.26510898582984,501.5531299100908,492.26510898582984,498.7667236328125,1800,0.0,0.0
2018-05-23 00:00:00+09:00,495.9802833369639,498.76668942312665,491.3362731933594,491.3362731933594,800,0.0,0.0
2018-05-24 00:00:00+09:00,495.9802551269531,495.9802551269531,495.9802551269531,495.9802551269531,700,0.0,0.0
2018-05-25 00:00:00+09:00,496.90905710284625,496.90905710284625,495.9802551269531,495.9802551269531,800,0.0,0.0
2018-05-28 00:00:00+09:00,495.9802318621815,508.0546569824219,495.9802318621815,508.0546569824219,1100,0.0,0.0
2018-05-29 00:00:00+09:00,508.98351689091436,508.98351689091436,501.5531005859375,501.5531005859375,1100,0.0,0.0
2018-05-30 00:00:00+09:00,501.55313070718347,501.55313070718347,489.47870348645495,500.62432861328125,2000,0.0,0.0
2018-05-31 00:00:00+09:00,499.69549560546875,499.69549560546875,499.69549560546875,499.69549560546875,200,0.0,0.0
2018-06-01 00:00:00+09:00,500.6242930094401,500.6242930094401,490.407470703125,490.407470703125,600,0.0,0.0
2018-06-04 00:00:00+09:00,493.19385421977324,505.2682800292969,493.19385421977324,505.2682800292969,400,0.0,0.0
2018-06-05 00:00:00+09:00,495.9802551269531,495.9802551269531,495.9802551269531,495.9802551269531,600,0.0,0.0
2018-06-06 00:00:00+09:00,495.9802551269531,495.9802551269531,495.9802551269531,495.9802551269531,0,0.0,0.0
2018-06-07 00:00:00+09:00,495.9802551269531,495.9802551269531,495.9802551269531,495.9802551269531,0,0.0,0.0
2018-06-08 00:00:00+09:00,495.9802551269531,495.9802551269531,495.9802551269531,495.9802551269531,0,0.0,0.0
2018-06-11 00:00:00+09:00,495.05145315105995,495.9802551269531,495.05145315105995,495.9802551269531,200,0.0,0.0
2018-06-12 00:00:00+09:00,495.9802551269531,495.9802551269531,495.9802551269531,495.9802551269531,0,0.0,0.0
2018-06-13 00:00:00+09:00,495.05148631908276,507.12591281467013,488.549872052228,501.5531005859375,3200,0.0,0.0
2018-06-14 00:00:00+09:00,495.9802551269531,495.9802551269531,495.9802551269531,495.9802551269531,100,0.0,0.0
2018-06-15 00:00:00+09:00,494.122713170682,505.26833827979516,494.122713170682,498.7667236328125,800,0.0,0.0
2018-06-18 00:00:00+09:00,517.3427897337855,591.6469606111693,517.3427897337855,560.0676879882812,66500,0.0,0.0
2018-06-19 00:00:00+09:00,538.7051115117522,543.34912109375,504.33944060496793,543.34912109375,17100,0.0,0.0
2018-06-20 00:00:00+09:00,529.417110313699,574.9284057617188,529.417110313699,574.9284057617188,4000,0.0,0.0
2018-06-21 00:00:00+09:00,564.7116633234797,564.7116633234797,549.850830078125,549.850830078125,700,0.0,0.0
2018-06-22 00:00:00+09:00,549.850830078125,549.850830078125,549.850830078125,549.850830078125,0,0.0,0.0
2018-06-25 00:00:00+09:00,547.064453125,547.064453125,530.3460148291596,547.064453125,1800,0.0,0.0
2018-06-26 00:00:00+09:00,530.3459423697568,530.3459423697568,521.0579223632812,521.0579223632812,2300,0.0,0.0
2018-06-27 00:00:00+09:00,511.7699061495977,528.4883422851562,511.7699061495977,528.4883422851562,1600,0.0,0.0
2018-06-28 00:00:00+09:00,528.4883422851562,528.4883422851562,528.4883422851562,528.4883422851562,0,0.0,0.0
2018-06-29 00:00:00+09:00,508.98349098899143,513.6275009432705,507.1258870072798,510.8410949707031,1200,0.0,0.0
2018-07-02 00:00:00+09:00,510.8410949707031,510.8410949707031,510.8410949707031,510.8410949707031,0,0.0,0.0
2018-07-03 00:00:00+09:00,510.8410949707031,510.8410949707031,510.8410949707031,510.8410949707031,0,0.0,0.0
2018-07-04 00:00:00+09:00,509.912258021506,509.912258021506,503.41064453125,503.41064453125,1100,0.0,0.0
2018-07-05 00:00:00+09:00,503.4107395732901,511.76995849609375,503.4107395732901,511.76995849609375,600,0.0,0.0
2018-07-06 00:00:00+09:00,511.7698674962141,517.3426791204922,511.7698674962141,512.6986694335938,400,0.0,0.0
2018-07-09 00:00:00+09:00,512.6986694335938,512.6986694335938,512.6986694335938,512.6986694335938,0,0.0,0.0
2018-07-10 00:00:00+09:00,512.6986694335938,512.6986694335938,512.6986694335938,512.6986694335938,0,0.0,0.0
2018-07-11 00:00:00+09:00,512.6986694335938,512.6986694335938,512.6986694335938,512.6986694335938,0,0.0,0.0
2018-07-12 00:00:00+09:00,512.6986694335938,512.6986694335938,512.6986694335938,512.6986694335938,0,0.0,0.0
2018-07-13 00:00:00+09:00,521.9866964926567,525.701904296875,521.9866964926567,525.701904296875,200,0.0,0.0
2018-07-16 00:00:00+09:00,525.701904296875,525.701904296875,525.701904296875,525.701904296875,0,0.0,0.0
2018-07-17 00:00:00+09:00,525.701904296875,525.701904296875,525.701904296875,525.701904296875,0,0.0,0.0
2018-07-18 00:00:00+09:00,520.129149515569,520.129149515569,518.2715454101562,518.2715454101562,800,0.0,0.0
2018-07-19 00:00:00+09:00,520.129150390625,520.129150390625,520.129150390625,520.129150390625,500,0.0,0.0
2018-07-20 00:00:00+09:00,526.6306762695312,526.6306762695312,526.6306762695312,526.6306762695312,200,0.0,0.0
2018-07-23 00:00:00+09:00,521.0579233389765,522.91552734375,518.2715173318162,522.91552734375,1000,0.0,0.0
2018-07-24 00:00:00+09:00,527.5595155913254,538.7051391601562,527.5595155913254,538.7051391601562,3200,0.0,0.0
2018-07-25 00:00:00+09:00,547.9931950448128,557.2812152998097,547.9931950448128,548.9219970703125,1200,0.0,0.0
2018-07-26 00:00:00+09:00,566.5692355548065,566.5692355548065,548.9219970703125,548.9219970703125,300,0.0,0.0
2018-07-27 00:00:00+09:00,563.7827976032839,563.7827976032839,543.3491541975636,547.9931640625,1500,0.0,0.0
2018-07-30 00:00:00+09:00,549.8507648624786,549.8507648624786,542.4203491210938,542.4203491210938,3600,0.0,0.0
2018-07-31 00:00:00+09:00,542.4203470164332,542.4203470164332,538.7051391601562,538.7051391601562,600,0.0,0.0
2018-08-01 00:00:00+09:00,538.7051391601562,538.7051391601562,538.7051391601562,538.7051391601562,0,0.0,0.0
2018-08-02 00:00:00+09:00,547.9932156415053,566.5692568496919,527.5595703125,527.5595703125,9100,0.0,0.0
2018-08-03 00:00:00+09:00,527.5594781677139,527.5594781677139,526.6306762695312,526.6306762695312,400,0.0,0.0
2018-08-06 00:00:00+09:00,535.918731159634,535.918731159634,534.9899291992188,534.9899291992188,1400,0.0,0.0
2018-08-07 00:00:00+09:00,540.562744140625,555.4235755946628,535.9187343112382,540.562744140625,2100,0.0,0.0
2018-08-08 00:00:00+09:00,536.8475352320178,538.7051391601562,536.8475352320178,538.7051391601562,200,0.0,0.0
2018-08-09 00:00:00+09:00,538.7051391601562,538.7051391601562,538.7051391601562,538.7051391601562,0,0.0,0.0
2018-08-10 00:00:00+09:00,538.7051391601562,538.7051391601562,538.7051391601562,538.7051391601562,0,0.0,0.0
2018-08-13 00:00:00+09:00,537.7763885169901,537.7763885169901,518.2715454101562,518.2715454101562,2000,0.0,0.0
2018-08-14 00:00:00+09:00,529.4171897963722,562.8540649414062,529.4171897963722,562.8540649414062,1100,0.0,0.0
2018-08-15 00:00:00+09:00,559.1387834581723,559.1387834581723,540.562744140625,540.562744140625,700,0.0,0.0
2018-08-16 00:00:00+09:00,556.3524471015037,556.3524471015037,546.1356241998067,555.4236450195312,600,0.0,0.0
2018-08-17 00:00:00+09:00,555.4237029406489,558.2101094771405,546.1356811523438,546.1356811523438,1300,0.0,0.0
2018-08-20 00:00:00+09:00,546.1355700883709,566.5692138671875,531.2747382492315,566.5692138671875,7000,0.0,0.0
2018-08-21 00:00:00+09:00,567.4980530273438,589.7893022460937,567.4980530273438,580.5012817382812,17100,0.0,0.0
2018-08-22 00:00:00+09:00,589.7892737010169,602.7925017826141,571.2132335844494,585.145263671875,21500,0.0,0.0
2018-08-23 00:00:00+09:00,601.8636711060532,601.8636711060532,572.1420083353838,589.7892456054688,19300,0.0,0.0
2018-08-24 00:00:00+09:00,575.8572697293931,598.1485188802084,575.8572697293931,576.7860717773438,14300,0.0,0.0
2018-08-27 00:00:00+09:00,575.8572367878703,580.5012467619661,556.3523948966683,572.1420288085938,13200,0.0,0.0
2018-08-28 00:00:00+09:00,574.9284212791314,575.8572232521186,547.9931640625,547.9931640625,11900,0.0,0.0
2018-08-29 00:00:00+09:00,548.9219129676197,548.9219129676197,508.0546301070863,513.62744140625,14200,0.0,0.0
2018-08-30 00:00:00+09:00,536.8475475311279,536.8475475311279,505.2682800292969,505.2682800292969,9700,0.0,0.0
2018-08-31 00:00:00+09:00,501.5531368771115,515.4851684570312,500.6243347717835,515.4851684570312,12400,0.0,0.0
2018-09-03 00:00:00+09:00,524.773183882567,524.773183882567,501.55313149838264,502.48193359375,5200,0.0,0.0
2018-09-04 00:00:00+09:00,502.4818694783149,508.0546813394422,495.980255640333,496.9090576171875,3300,0.0,0.0
2018-09-05 00:00:00+09:00,496.90908442864605,496.90908442864605,482.9770540241046,489.4786682128906,3300,0.0,0.0
2018-09-06 00:00:00+09:00,487.6210300738995,487.6210300738995,481.1194163395808,482.9770202636719,1300,0.0,0.0
2018-09-07 00:00:00+09:00,482.0482800363124,484.8346862792969,482.0482800363124,484.8346862792969,1100,0.0,0.0
2018-09-10 00:00:00+09:00,482.9770202636719,483.9058222257174,479.26181241548977,482.9770202636719,1100,0.0,0.0
2018-09-11 00:00:00+09:00,480.19061437753527,482.9770202636719,480.19061437753527,482.9770202636719,2000,0.0,0.0
2018-09-12 00:00:00+09:00,482.977080887223,482.977080887223,481.11947672996445,482.04827880859375,500,0.0,0.0
2018-09-13 00:00:00+09:00,479.261819560876,496.90905710284625,479.261819560876,495.9802551269531,2600,0.0,0.0
2018-09-14 00:00:00+09:00,492.2650724159372,492.2650724159372,485.7634582519531,485.7634582519531,4000,0.0,0.0
2018-09-17 00:00:00+09:00,485.7634582519531,485.7634582519531,485.7634582519531,485.7634582519531,0,0.0,0.0
2018-09-18 00:00:00+09:00,486.69226167047884,489.47866774874495,486.69226167047884,488.54986572265625,1400,0.0,0.0
2018-09-19 00:00:00+09:00,490.40750558035717,501.55313070718347,490.40750558035717,500.62432861328125,2000,0.0,0.0
2018-09-20 00:00:00+09:00,497.8379027454566,523.8443603515625,492.26509040129105,523.8443603515625,5000,0.0,0.0
2018-09-21 00:00:00+09:00,542.4203704023784,545.2067764147193,501.5530822213772,524.7731323242188,7900,0.0,0.0
2018-09-24 00:00:00+09:00,524.7731323242188,524.7731323242188,524.7731323242188,524.7731323242188,0,0.0,0.0
2018-09-25 00:00:00+09:00,546.1355833899456,546.1355833899456,522.9155330757472,534.0611572265625,6600,0.0,0.0
2018-09-26 00:00:00+09:00,510.43009589700137,521.7729869169348,509.4848549786736,514.2110595703125,3500,10.0,0.0
2018-09-27 00:00:00+09:00,510.43009589700137,525.5539505902459,510.43009589700137,514.2110595703125,2800,0.0,0.0
2018-09-28 00:00:00+09:00,514.2110595703125,514.2110595703125,514.2110595703125,514.2110595703125,0,0.0,0.0
2018-10-01 00:00:00+09:00,513.2659198155702,513.2659198155702,500.0325443507121,512.3206787109375,2800,0.0,0.0
2018-10-02 00:00:00+09:00,511.3753845557738,511.3753845557738,504.7586975097656,504.7586975097656,400,0.0,0.0
2018-10-03 00:00:00+09:00,504.7586975097656,504.7586975097656,504.7586975097656,504.7586975097656,0,0.0,0.0
2018-10-04 00:00:00+09:00,504.75874987387573,512.3206787109375,504.75874987387573,512.3206787109375,900,0.0,0.0
2018-10-05 00:00:00+09:00,506.6491795229108,506.6491795229108,504.7586975097656,504.7586975097656,1300,0.0,0.0
2018-10-08 00:00:00+09:00,504.7586975097656,504.7586975097656,504.7586975097656,504.7586975097656,0,0.0,0.0
2018-10-09 00:00:00+09:00,505.70391845703125,511.3753642715026,505.70391845703125,505.70391845703125,500,0.0,0.0
2018-10-10 00:00:00+09:00,506.6491875594106,506.6491875594106,494.36105427905176,497.19677734375,1400,0.0,0.0
2018-10-11 00:00:00+09:00,487.74436386642753,496.25153300363263,482.07291777495743,485.8538818359375,5800,0.0,0.0
2018-10-12 00:00:00+09:00,486.7991132514421,491.5253182344659,486.7991132514421,487.7443542480469,1200,0.0,0.0
2018-10-15 00:00:00+09:00,490.5800982147571,490.5800982147571,489.6348571777344,489.6348571777344,200,0.0,0.0
2018-10-16 00:00:00+09:00,489.6348371266859,490.580078125,489.6348371266859,490.580078125,400,0.0,0.0
2018-10-17 00:00:00+09:00,490.58008857140175,502.86822181114786,490.58008857140175,491.52532958984375,1200,0.0,0.0
2018-10-18 00:00:00+09:00,494.3610735779978,494.3610735779978,493.41583251953125,493.41583251953125,800,0.0,0.0
2018-10-19 00:00:00+09:00,493.41583251953125,493.41583251953125,493.41583251953125,493.41583251953125,0,0.0,0.0
2018-10-22 00:00:00+09:00,495.3062438964843,495.3062438964843,495.3062438964843,495.3062438964844,100,0.0,0.0
2018-10-23 00:00:00+09:00,497.19677734375,497.19677734375,497.19677734375,497.19677734375,900,0.0,0.0
2018-10-24 00:00:00+09:00,502.8682266859317,508.5396728515625,502.8682266859317,508.5396728515625,1900,0.0,0.0
2018-10-25 00:00:00+09:00,495.3062734768624,495.3062734768624,491.5253095571917,492.4705505371094,1300,0.0,0.0
2018-10-26 00:00:00+09:00,496.25155912431256,507.5944519042969,493.41583592931653,507.5944519042969,1700,0.0,0.0
2018-10-29 00:00:00+09:00,501.922954580717,505.70391845703125,472.6204845392815,505.70391845703125,5300,0.0,0.0
2018-10-30 00:00:00+09:00,489.6348181409088,494.36102294921875,489.6348181409088,494.36102294921875,800,0.0,0.0
2018-10-31 00:00:00+09:00,494.3610960654425,503.8135070800781,488.68964945666113,503.8135070800781,900,0.0,0.0
2018-11-01 00:00:00+09:00,503.8135070800781,503.8135070800781,503.8135070800781,503.8135070800781,300,0.0,0.0
2018-11-02 00:00:00+09:00,503.8134325658386,504.7586735275006,494.36102294921875,494.36102294921875,1700,0.0,0.0
2018-11-05 00:00:00+09:00,495.3062762566333,500.97772216796875,493.4157942861881,500.97772216796875,1500,0.0,0.0
2018-11-06 00:00:00+09:00,493.4157593671013,514.2110595703125,493.4157593671013,514.2110595703125,1300,0.0,0.0
2018-11-07 00:00:00+09:00,504.75866902669276,510.43011474609375,504.75866902669276,510.43011474609375,200,0.0,0.0
2018-11-08 00:00:00+09:00,515.1563824664106,542.5683734600361,506.6492128476992,516.1016235351562,3800,0.0,0.0
2018-11-09 00:00:00+09:00,516.1015921745511,517.0468331858598,513.265869140625,513.265869140625,2100,0.0,0.0
2018-11-12 00:00:00+09:00,514.2111413976648,516.1016235351562,514.2111413976648,516.1016235351562,200,0.0,0.0
2018-11-13 00:00:00+09:00,524.608752396855,524.608752396855,517.9920654296875,517.9920654296875,400,0.0,0.0
2018-11-14 00:00:00+09:00,517.9920654296875,517.9920654296875,517.9920654296875,517.9920654296875,0,0.0,0.0
2018-11-15 00:00:00+09:00,532.1707153320312,532.1707153320312,532.1707153320312,532.1707153320312,100,0.0,0.0
2018-11-16 00:00:00+09:00,532.1707153320312,532.1707153320312,532.1707153320312,532.1707153320312,0,0.0,0.0
2018-11-19 00:00:00+09:00,519.8825302944389,527.4444580078125,519.8825302944389,527.4444580078125,300,0.0,0.0
2018-11-20 00:00:00+09:00,515.1563254735803,527.4444580078125,515.1563254735803,527.4444580078125,1700,0.0,0.0
2018-11-21 00:00:00+09:00,515.1563720703125,515.1563720703125,515.1563720703125,515.1563720703125,100,0.0,0.0
2018-11-22 00:00:00+09:00,515.1563720703125,515.1563720703125,515.1563720703125,515.1563720703125,0,0.0,0.0
2018-11-23 00:00:00+09:00,515.1563720703125,515.1563720703125,515.1563720703125,515.1563720703125,0,0.0,0.0
2018-11-26 00:00:00+09:00,517.0468139648438,517.0468139648438,517.0468139648438,517.0468139648438,100,0.0,0.0
2018-11-27 00:00:00+09:00,517.0468139648438,517.0468139648438,517.0468139648438,517.0468139648438,200,0.0,0.0
2018-11-28 00:00:00+09:00,517.0468139648438,517.0468139648438,517.0468139648438,517.0468139648438,200,0.0,0.0
2018-11-29 00:00:00+09:00,517.0468139648438,517.0468139648438,517.0468139648438,517.0468139648438,0,0.0,0.0
2018-11-30 00:00:00+09:00,517.0468331858598,517.0468331858598,513.265869140625,513.265869140625,400,0.0,0.0
2018-12-03 00:00:00+09:00,502.8681993799302,502.8681993799302,486.7991027832031,486.7991027832031,5000,0.0,0.0
2018-12-04 00:00:00+09:00,500.97772216796875,500.97772216796875,500.97772216796875,500.97772216796875,200,0.0,0.0
2018-12-05 00:00:00+09:00,500.97772216796875,500.97772216796875,500.97772216796875,500.97772216796875,0,0.0,0.0
2018-12-06 00:00:00+09:00,493.41584417274635,500.03253173828125,493.41584417274635,500.03253173828125,300,0.0,0.0
2018-12-07 00:00:00+09:00,500.03253173828125,500.03253173828125,500.03253173828125,500.03253173828125,0,0.0,0.0
2018-12-10 00:00:00+09:00,492.4705505371094,492.4705505371094,492.4705505371094,492.4705505371094,400,0.0,0.0
2018-12-11 00:00:00+09:00,490.580078125,490.580078125,490.580078125,490.580078125,2000,0.0,0.0
2018-12-12 00:00:00+09:00,490.580078125,490.580078125,490.580078125,490.580078125,0,0.0,0.0
2018-12-13 00:00:00+09:00,485.85387313342966,490.580078125,485.85387313342966,490.580078125,400,0.0,0.0
2018-12-14 00:00:00+09:00,490.580078125,490.580078125,490.580078125,490.580078125,100,0.0,0.0
2018-12-17 00:00:00+09:00,490.580078125,490.580078125,490.580078125,490.580078125,0,0.0,0.0
2018-12-18 00:00:00+09:00,500.03253173828125,500.03253173828125,491.52536201116493,500.03253173828125,900,0.0,0.0
2018-12-19 00:00:00+09:00,491.52532958984375,492.47057060828575,491.52532958984375,491.52532958984375,900,0.0,0.0
2018-12-20 00:00:00+09:00,452.77042579251014,460.33235357192575,445.2084980130945,450.87994384765625,2900,0.0,0.0
2018-12-21 00:00:00+09:00,450.87994384765625,450.87994384765625,450.87994384765625,450.87994384765625,0,0.0,0.0
2018-12-24 00:00:00+09:00,450.87994384765625,450.87994384765625,450.87994384765625,450.87994384765625,0,0.0,0.0
2018-12-25 00:00:00+09:00,450.8799938500306,458.44192246806045,446.1537884637619,447.0990295410156,3400,0.0,0.0
2018-12-26 00:00:00+09:00,477.3467102050781,477.3467102050781,477.3467102050781,477.3467102050781,1300,0.0,0.0
2018-12-27 00:00:00+09:00,481.12770226035593,481.12770226035593,463.16812201881027,466.00384521484375,1600,0.0,0.0
2018-12-28 00:00:00+09:00,466.00384521484375,466.00384521484375,464.11336308415474,466.00384521484375,1600,0.0,0.0
2018-12-31 00:00:00+09:00,466.00384521484375,466.00384521484375,466.00384521484375,466.00384521484375,0,0.0,0.0
2019-01-04 00:00:00+09:00,466.0038060567465,470.7300109863281,466.0038060567465,470.7300109863281,200,0.0,0.0
2019-01-07 00:00:00+09:00,459.3871355509021,459.3871355509021,458.44189453125,458.44189453125,400,0.0,0.0
2019-01-08 00:00:00+09:00,458.44189453125,458.44189453125,458.44189453125,458.44189453125,0,0.0,0.0
2019-01-09 00:00:00+09:00,458.44189453125,458.44189453125,458.44189453125,458.44189453125,100,0.0,0.0
2019-01-10 00:00:00+09:00,458.44187816941593,470.7300109863281,458.44187816941593,470.7300109863281,3300,0.0,0.0
2019-01-11 00:00:00+09:00,470.7300109863281,470.7300109863281,470.7300109863281,470.7300109863281,0,0.0,0.0
2019-01-15 00:00:00+09:00,458.44188227314334,458.44188227314334,451.8251953125,451.8251953125,4000,0.0,0.0
2019-01-16 00:00:00+09:00,451.8251935021352,451.8251935021352,446.15374755859375,446.15374755859375,700,0.0,0.0
2019-01-17 00:00:00+09:00,444.26328557818306,445.2085266113281,443.318044545038,445.2085266113281,3900,0.0,0.0
2019-01-18 00:00:00+09:00,445.20853630667807,448.0442594678671,443.31805419921875,443.31805419921875,1000,0.0,0.0
2019-01-21 00:00:00+09:00,447.0989790003008,450.8799428819101,447.0989790003008,448.0442199707031,600,0.0,0.0
2019-01-22 00:00:00+09:00,448.0442199707031,448.0442199707031,448.0442199707031,448.0442199707031,0,0.0,0.0
2019-01-23 00:00:00+09:00,448.0442199707031,448.0442199707031,448.0442199707031,448.0442199707031,0,0.0,0.0
2019-01-24 00:00:00+09:00,448.0442199707031,448.0442199707031,448.0442199707031,448.0442199707031,200,0.0,0.0
2019-01-25 00:00:00+09:00,448.0442199707031,448.0442199707031,448.0442199707031,448.0442199707031,400,0.0,0.0
2019-01-28 00:00:00+09:00,448.04427061826937,448.04427061826937,447.0990295410156,447.0990295410156,600,0.0,0.0
2019-01-29 00:00:00+09:00,442.37276922487746,442.37276922487746,433.8656005859375,433.8656005859375,1500,0.0,0.0
2019-01-30 00:00:00+09:00,433.8656005859375,433.8656005859375,433.8656005859375,433.8656005859375,0,0.0,0.0
2019-01-31 00:00:00+09:00,433.8656005859375,434.8108415458197,433.8656005859375,433.8656005859375,400,0.0,0.0
2019-02-01 00:00:00+09:00,433.8656005859375,433.8656005859375,433.8656005859375,433.8656005859375,0,0.0,0.0
2019-02-04 00:00:00+09:00,433.86565445946337,448.04427061826937,433.86565445946337,447.0990295410156,1500,0.0,0.0
2019-02-05 00:00:00+09:00,448.9895116955231,448.9895116955231,439.53710092298576,447.0990295410156,2000,0.0,0.0
2019-02-06 00:00:00+09:00,444.2632878621419,453.7156982421875,439.53708267211914,453.7156982421875,2000,0.0,0.0
2019-02-07 00:00:00+09:00,453.7156982421875,453.7156982421875,453.7156982421875,453.7156982421875,0,0.0,0.0
2019-02-08 00:00:00+09:00,446.1537537631132,488.6895989312066,393.22025755393025,399.8369445800781,16000,0.0,0.0
2019-02-12 00:00:00+09:00,407.3988768695152,415.9060459920805,400.78218977418663,414.01556396484375,3700,0.0,0.0
2019-02-13 00:00:00+09:00,414.01555616438657,421.5774841308594,414.01555616438657,421.5774841308594,1500,0.0,0.0
2019-02-14 00:00:00+09:00,416.8512878417969,416.8512878417969,402.6726726090827,416.8512878417969,1300,0.0,0.0
2019-02-15 00:00:00+09:00,414.0155847722834,415.90606689453125,407.39889734441584,415.90606689453125,1200,0.0,0.0
2019-02-18 00:00:00+09:00,414.0155507025318,414.0155507025318,397.00121300242773,404.5631408691406,3400,0.0,0.0
2019-02-19 00:00:00+09:00,406.453632480102,407.3988734858697,402.67266845703125,402.67266845703125,3000,0.0,0.0
2019-02-20 00:00:00+09:00,402.67266845703125,402.67266845703125,402.67266845703125,402.67266845703125,0,0.0,0.0
2019-02-21 00:00:00+09:00,406.453632480102,414.0155605262434,402.67266845703125,402.67266845703125,3200,0.0,0.0
2019-02-22 00:00:00+09:00,406.4536255720824,413.0703125,406.4536255720824,413.0703125,2500,0.0,0.0
2019-02-25 00:00:00+09:00,413.0703125,413.0703125,413.0703125,413.0703125,0,0.0,0.0
2019-02-26 00:00:00+09:00,413.0703106590324,413.0703106590324,406.45362376060393,407.39886474609375,1600,0.0,0.0
2019-02-27 00:00:00+09:00,410.234619140625,410.234619140625,405.50841385098647,410.234619140625,4100,0.0,0.0
2019-02-28 00:00:00+09:00,410.234619140625,410.234619140625,410.234619140625,410.234619140625,0,0.0,0.0
2019-03-01 00:00:00+09:00,409.2893780826973,411.1798601985527,409.2893780826973,410.234619140625,400,0.0,0.0
2019-03-04 00:00:00+09:00,419.6870213849512,419.6870213849512,417.7965393066406,417.7965393066406,1000,0.0,0.0
2019-03-05 00:00:00+09:00,417.7965393066406,417.7965393066406,417.7965393066406,417.7965393066406,0,0.0,0.0
2019-03-06 00:00:00+09:00,417.7965490167791,417.7965490167791,415.90606689453125,415.90606689453125,200,0.0,0.0
2019-03-07 00:00:00+09:00,419.6870422363281,419.6870422363281,419.6870422363281,419.6870422363281,100,0.0,0.0
2019-03-08 00:00:00+09:00,419.6870422363281,419.6870422363281,419.6870422363281,419.6870422363281,0,0.0,0.0
2019-03-11 00:00:00+09:00,419.6870422363281,419.6870422363281,419.6870422363281,419.6870422363281,200,0.0,0.0
2019-03-12 00:00:00+09:00,419.6870422363281,419.6870422363281,419.6870422363281,419.6870422363281,0,0.0,0.0
2019-03-13 00:00:00+09:00,422.52272688604035,427.2489318847656,422.52272688604035,427.2489318847656,1100,0.0,0.0
2019-03-14 00:00:00+09:00,424.4132080078125,424.4132080078125,424.4132080078125,424.4132080078125,500,0.0,0.0
2019-03-15 00:00:00+09:00,430.08466778379494,436.70135498046875,430.08466778379494,436.70135498046875,1200,0.0,0.0
2019-03-18 00:00:00+09:00,436.70135498046875,436.70135498046875,436.70135498046875,436.70135498046875,0,0.0,0.0
2019-03-19 00:00:00+09:00,439.53707644813943,439.53707644813943,431.0299072265625,431.0299072265625,1500,0.0,0.0
2019-03-20 00:00:00+09:00,426.30372983915316,426.30372983915316,415.90607789185674,419.6870422363281,1600,0.0,0.0
2019-03-22 00:00:00+09:00,419.6870422363281,419.6870422363281,419.6870422363281,419.6870422363281,0,0.0,0.0
2019-03-25 00:00:00+09:00,421.5775011163936,421.5775011163936,409.28936767578125,409.28936767578125,400,0.0,0.0
2019-03-26 00:00:00+09:00,421.5775011163936,421.5775011163936,409.28936767578125,409.28936767578125,400,0.0,0.0
2019-03-27 00:00:00+09:00,427.2489318847656,427.2489318847656,427.2489318847656,427.2489318847656,100,0.0,0.0
2019-03-28 00:00:00+09:00,427.2489541758662,434.8108825683594,427.2489541758662,434.8108825683594,600,0.0,0.0
2019-03-29 00:00:00+09:00,427.2489259908128,440.4822998046875,427.2489259908128,440.4822998046875,700,0.0,0.0
2019-04-01 00:00:00+09:00,440.4822998046875,440.4822998046875,440.4822998046875,440.4822998046875,0,0.0,0.0
2019-04-02 00:00:00+09:00,439.5370788574219,439.5370788574219,439.5370788574219,439.5370788574219,100,0.0,0.0
2019-04-03 00:00:00+09:00,437.6465983461676,445.2085266113281,437.6465983461676,445.2085266113281,200,0.0,0.0
2019-04-04 00:00:00+09:00,439.5370780647575,439.5370780647575,436.70135498046875,436.70135498046875,200,0.0,0.0
2019-04-05 00:00:00+09:00,439.5370780647575,439.5370780647575,436.70135498046875,436.70135498046875,200,0.0,0.0
2019-04-08 00:00:00+09:00,440.4822998046875,440.4822998046875,440.4822998046875,440.4822998046875,900,0.0,0.0
2019-04-09 00:00:00+09:00,440.4822998046875,440.4822998046875,440.4822998046875,440.4822998046875,900,0.0,0.0
2019-04-10 00:00:00+09:00,424.4132080078125,424.4132080078125,424.4132080078125,424.4132080078125,100,0.0,0.0
2019-04-11 00:00:00+09:00,424.4132080078125,424.4132080078125,424.4132080078125,424.4132080078125,100,0.0,0.0
2019-04-12 00:00:00+09:00,420.632251903854,420.632251903854,413.07032377973974,416.8512878417969,2400,0.0,0.0
2019-04-15 00:00:00+09:00,415.90606689453125,415.90606689453125,412.1251026500355,415.90606689453125,1100,0.0,0.0
2019-04-16 00:00:00+09:00,415.90606689453125,415.90606689453125,415.90606689453125,415.90606689453125,0,0.0,0.0
2019-04-17 00:00:00+09:00,424.4132080078125,424.4132080078125,424.4132080078125,424.4132080078125,100,0.0,0.0
2019-04-18 00:00:00+09:00,424.41321763416266,424.41321763416266,421.5774945764734,422.5227355957031,300,0.0,0.0
2019-04-19 00:00:00+09:00,421.5774841308594,421.5774841308594,421.5774841308594,421.5774841308594,300,0.0,0.0
2019-04-22 00:00:00+09:00,424.4132080078125,424.4132080078125,424.4132080078125,424.4132080078125,100,0.0,0.0
2019-04-23 00:00:00+09:00,424.4132080078125,424.4132080078125,424.4132080078125,424.4132080078125,0,0.0,0.0
2019-04-24 00:00:00+09:00,424.4132080078125,424.4132080078125,424.4132080078125,424.4132080078125,0,0.0,0.0
2019-04-25 00:00:00+09:00,432.92041015625,432.92041015625,432.92041015625,432.92041015625,300,0.0,0.0
2019-04-26 00:00:00+09:00,436.70135498046875,436.70135498046875,436.70135498046875,436.70135498046875,100,0.0,0.0
2019-05-07 00:00:00+09:00,429.1394348144531,435.7561221353808,429.1394348144531,429.1394348144531,400,0.0,0.0
2019-05-08 00:00:00+09:00,436.70135498046875,436.70135498046875,436.70135498046875,436.70135498046875,100,0.0,0.0
2019-05-09 00:00:00+09:00,436.70135498046875,436.70135498046875,436.70135498046875,436.70135498046875,0,0.0,0.0
2019-05-10 00:00:00+09:00,437.6465759277344,437.6465759277344,437.6465759277344,437.6465759277344,200,0.0,0.0
2019-05-13 00:00:00+09:00,435.756103515625,435.756103515625,435.756103515625,435.756103515625,200,0.0,0.0
2019-05-14 00:00:00+09:00,439.5370788574219,439.5370788574219,439.5370788574219,439.5370788574219,100,0.0,0.0
2019-05-15 00:00:00+09:00,439.53705881798214,440.4822998046875,439.53705881798214,440.4822998046875,3500,0.0,0.0
2019-05-16 00:00:00+09:00,443.318044545038,445.2085266113281,437.6465983461676,445.2085266113281,1200,0.0,0.0
2019-05-17 00:00:00+09:00,448.04425423276933,462.2228698730469,448.04425423276933,462.2228698730469,1600,0.0,0.0
2019-05-20 00:00:00+09:00,461.27762883036166,462.2228698730469,461.27762883036166,462.2228698730469,300,0.0,0.0
2019-05-21 00:00:00+09:00,462.2228480567617,466.003812049046,457.49664306640625,457.49664306640625,1700,0.0,0.0
2019-05-22 00:00:00+09:00,456.5514221191406,456.5514221191406,448.9894938024675,456.5514221191406,300,0.0,0.0
2019-05-23 00:00:00+09:00,448.9894714355469,448.9894714355469,448.9894714355469,448.9894714355469,200,0.0,0.0
2019-05-24 00:00:00+09:00,448.98946831025273,470.7300109863281,446.1537453525038,470.7300109863281,700,0.0,0.0
2019-05-27 00:00:00+09:00,470.7300109863281,470.7300109863281,470.7300109863281,470.7300109863281,0,0.0,0.0
2019-05-28 00:00:00+09:00,470.7300152000523,470.7300152000523,450.87995431812243,451.8251953125,1400,0.0,0.0
2019-05-29 00:00:00+09:00,447.09900867761826,447.09900867761826,445.2085266113281,445.2085266113281,200,0.0,0.0
2019-05-30 00:00:00+09:00,444.2632664730674,452.7704354055304,441.42754349557976,448.9894714355469,1200,0.0,0.0
2019-05-31 00:00:00+09:00,456.5513943928044,465.0585632324219,444.2632616244681,465.0585632324219,800,0.0,0.0
2019-06-03 00:00:00+09:00,465.0585632324219,465.0585632324219,465.0585632324219,465.0585632324219,0,0.0,0.0
2019-06-04 00:00:00+09:00,465.0585632324219,465.0585632324219,465.0585632324219,465.0585632324219,0,0.0,0.0
2019-06-05 00:00:00+09:00,453.71568080357144,463.1680908203125,453.71568080357144,463.1680908203125,900,0.0,0.0
2019-06-06 00:00:00+09:00,451.8251953125,451.8251953125,451.8251953125,451.8251953125,200,0.0,0.0
2019-06-07 00:00:00+09:00,451.82521054058725,469.7847900390625,451.82521054058725,469.7847900390625,4800,0.0,0.0
2019-06-10 00:00:00+09:00,469.7847900390625,469.7847900390625,463.16810285541374,469.7847900390625,900,0.0,0.0
2019-06-11 00:00:00+09:00,469.7848094762218,469.7848094762218,466.00384521484375,466.00384521484375,2200,0.0,0.0
2019-06-12 00:00:00+09:00,470.7300294460444,470.7300294460444,464.11334228515625,464.11334228515625,700,0.0,0.0
2019-06-13 00:00:00+09:00,464.1133398158916,470.7300269415764,454.6609296363419,455.6061706542969,3100,0.0,0.0
2019-06-14 00:00:00+09:00,466.0038138253348,466.0038138253348,463.1680908203125,463.1680908203125,300,0.0,0.0
2019-06-17 00:00:00+09:00,468.83953857421875,468.83953857421875,468.83953857421875,468.83953857421875,400,0.0,0.0
2019-06-18 00:00:00+09:00,463.1680908203125,463.1680908203125,463.1680908203125,463.1680908203125,300,0.0,0.0
2019-06-19 00:00:00+09:00,467.894287109375,467.894287109375,467.894287109375,467.894287109375,500,0.0,0.0
2019-06-20 00:00:00+09:00,466.9490661621094,466.9490661621094,466.9490661621094,466.9490661621094,200,0.0,0.0
2019-06-21 00:00:00+09:00,466.9490661621094,466.9490661621094,466.9490661621094,466.9490661621094,0,0.0,0.0
2019-06-24 00:00:00+09:00,465.0585728236607,465.0585728236607,463.1680908203125,463.1680908203125,400,0.0,0.0
2019-06-25 00:00:00+09:00,460.3323974609375,460.3323974609375,460.3323974609375,460.3323974609375,200,0.0,0.0
2019-06-26 00:00:00+09:00,467.89430637709233,467.89430637709233,464.11334228515625,464.11334228515625,300,0.0,0.0
2019-06-27 00:00:00+09:00,464.11334228515625,464.11334228515625,464.11334228515625,464.11334228515625,0,0.0,0.0
2019-06-28 00:00:00+09:00,461.2776265462239,461.2776265462239,453.7156982421875,453.7156982421875,200,0.0,0.0
2019-07-01 00:00:00+09:00,453.7156982421875,453.7156982421875,453.7156982421875,453.7156982421875,600,0.0,0.0
2019-07-02 00:00:00+09:00,472.620496562883,482.0729064941406,472.620496562883,482.0729064941406,2400,0.0,0.0
2019-07-03 00:00:00+09:00,482.072902817324,482.072902817324,470.7300109863281,470.7300109863281,400,0.0,0.0
2019-07-04 00:00:00+09:00,471.6752555697572,482.0729064941406,471.6752555697572,482.0729064941406,500,0.0,0.0
2019-07-05 00:00:00+09:00,482.07289790181284,503.81344035620833,478.29193399670055,486.7991027832031,2000,0.0,0.0
2019-07-08 00:00:00+09:00,485.85386550584826,498.1419982910156,484.9086245223739,498.1419982910156,3600,0.0,0.0
2019-07-09 00:00:00+09:00,494.36102294921875,495.3062639108807,494.36102294921875,494.36102294921875,4200,0.0,0.0
2019-07-10 00:00:00+09:00,494.36108525353706,508.53970146539757,494.36108525353706,500.03253173828125,4100,0.0,0.0
2019-07-11 00:00:00+09:00,496.2515482088414,557.692216082317,496.2515482088414,542.568359375,15200,0.0,0.0
2019-07-12 00:00:00+09:00,538.7873937042666,538.7873937042666,513.2658855814329,536.8969116210938,14700,0.0,0.0
2019-07-16 00:00:00+09:00,535.9516496961614,536.8968907009165,519.8825526153241,535.0064086914062,5100,0.0,0.0
2019-07-17 00:00:00+09:00,525.5539877837559,525.5539877837559,496.2515172418559,500.97772216796875,9600,0.0,0.0
2019-07-18 00:00:00+09:00,491.52530766459347,493.4157896171496,483.0181388780909,486.7991027832031,2700,0.0,0.0
2019-07-19 00:00:00+09:00,486.79911145976945,492.47055741852404,482.0729064941406,482.0729064941406,1300,0.0,0.0
2019-07-22 00:00:00+09:00,482.0729064941406,485.8538704666437,482.0729064941406,482.0729064941406,5000,0.0,0.0
2019-07-23 00:00:00+09:00,480.1824405067846,480.1824405067846,466.9490661621094,466.9490661621094,6300,0.0,0.0
2019-07-24 00:00:00+09:00,466.94908489877434,466.94908489877434,460.3323974609375,460.3323974609375,500,0.0,0.0
2019-07-25 00:00:00+09:00,460.3323974609375,466.0038438362262,456.55143321074496,460.3323974609375,2000,0.0,0.0
2019-07-26 00:00:00+09:00,466.94907081127167,485.85389149188995,466.00382977724075,483.9634094238281,3800,0.0,0.0
2019-07-29 00:00:00+09:00,483.96341839250493,483.96341839250493,468.83956156773917,479.2372131347656,2100,0.0,0.0
2019-07-30 00:00:00+09:00,473.5657653808594,473.5657653808594,473.5657653808594,473.5657653808594,1500,0.0,0.0
2019-07-31 00:00:00+09:00,473.5657653808594,473.5657653808594,462.2228727968867,473.5657653808594,2600,0.0,0.0
2019-08-01 00:00:00+09:00,463.16812201881027,466.00384521484375,463.16812201881027,466.00384521484375,2600,0.0,0.0
2019-08-02 00:00:00+09:00,463.1680908203125,463.1680908203125,463.1680908203125,463.1680908203125,200,0.0,0.0
2019-08-05 00:00:00+09:00,460.3323988227767,469.7848094762218,460.3323988227767,466.00384521484375,1600,0.0,0.0
2019-08-06 00:00:00+09:00,466.00384521484375,466.00384521484375,466.00384521484375,466.00384521484375,0,0.0,0.0
2019-08-07 00:00:00+09:00,461.277587890625,461.277587890625,461.277587890625,461.277587890625,100,0.0,0.0
2019-08-08 00:00:00+09:00,458.4418745001648,462.2228384135682,458.4418745001648,459.3871154785156,900,0.0,0.0
2019-08-09 00:00:00+09:00,458.44189453125,458.44189453125,458.44189453125,458.44189453125,100,0.0,0.0
2019-08-13 00:00:00+09:00,458.44189453125,458.44189453125,458.44189453125,458.44189453125,0,0.0,0.0
2019-08-14 00:00:00+09:00,463.16808126806245,465.0585632324219,463.16808126806245,465.0585632324219,200,0.0,0.0
2019-08-15 00:00:00+09:00,457.49664306640625,457.49664306640625,457.49664306640625,457.49664306640625,100,0.0,0.0
2019-08-16 00:00:00+09:00,457.49664306640625,457.49664306640625,457.49664306640625,457.49664306640625,0,0.0,0.0
2019-08-19 00:00:00+09:00,457.49664306640625,457.49664306640625,457.49664306640625,457.49664306640625,0,0.0,0.0
2019-08-20 00:00:00+09:00,457.49664306640625,457.49664306640625,457.49664306640625,457.49664306640625,0,0.0,0.0
2019-08-21 00:00:00+09:00,457.49664306640625,457.49664306640625,457.49664306640625,457.49664306640625,0,0.0,0.0
2019-08-22 00:00:00+09:00,456.5514221191406,456.5514221191406,456.5514221191406,456.5514221191406,100,0.0,0.0
2019-08-23 00:00:00+09:00,453.7156982421875,453.7156982421875,453.7156982421875,453.7156982421875,1400,0.0,0.0
2019-08-26 00:00:00+09:00,462.2228288494173,462.2228288494173,461.277587890625,461.277587890625,300,0.0,0.0
2019-08-27 00:00:00+09:00,454.66093928019205,455.6061803181966,453.7156982421875,453.7156982421875,600,0.0,0.0
2019-08-28 00:00:00+09:00,458.44189453125,458.44189453125,458.44189453125,458.44189453125,100,0.0,0.0
2019-08-29 00:00:00+09:00,458.4418745001648,459.3871154785156,458.4418745001648,459.3871154785156,400,0.0,0.0
2019-08-30 00:00:00+09:00,453.7157100231006,460.3323974609375,453.7157100231006,460.3323974609375,300,0.0,0.0
2019-09-02 00:00:00+09:00,456.5514221191406,456.5514221191406,456.5514221191406,456.5514221191406,100,0.0,0.0
2019-09-03 00:00:00+09:00,457.4966623942057,459.3871444702148,453.7156982421875,453.7156982421875,1800,0.0,0.0
2019-09-04 00:00:00+09:00,453.7156982421875,453.7156982421875,453.7156982421875,453.7156982421875,1000,0.0,0.0
2019-09-05 00:00:00+09:00,453.7156790741219,457.49664306640625,452.7704380760508,457.49664306640625,700,0.0,0.0
2019-09-06 00:00:00+09:00,457.4966518585269,457.4966518585269,452.77044677734375,452.77044677734375,1600,0.0,0.0
2019-09-09 00:00:00+09:00,452.77045720418295,455.6061803181966,452.77045720418295,453.7156982421875,3600,0.0,0.0
2019-09-10 00:00:00+09:00,454.660928809817,455.60616982605364,452.77044677734375,452.77044677734375,400,0.0,0.0
2019-09-11 00:00:00+09:00,453.7156982421875,453.7156982421875,453.7156982421875,453.7156982421875,200,0.0,0.0
2019-09-12 00:00:00+09:00,453.7156781932173,454.6609191894531,453.7156781932173,454.6609191894531,500,0.0,0.0
2019-09-13 00:00:00+09:00,455.6061714722938,458.44189453125,455.6061714722938,458.44189453125,400,0.0,0.0
2019-09-17 00:00:00+09:00,450.87996391488724,450.87996391488724,449.9347229003906,449.9347229003906,3100,0.0,0.0
2019-09-18 00:00:00+09:00,463.1680908203125,463.1680908203125,463.1680908203125,463.1680908203125,500,0.0,0.0
2019-09-19 00:00:00+09:00,463.1680908203125,463.1680908203125,463.1680908203125,463.1680908203125,0,0.0,0.0
2019-09-20 00:00:00+09:00,463.1680908203125,466.9490548270089,463.1680908203125,463.1680908203125,500,0.0,0.0
2019-09-24 00:00:00+09:00,466.00380421460164,470.7300091255002,465.0585632324219,465.0585632324219,800,0.0,0.0
2019-09-25 00:00:00+09:00,465.0585849078848,471.67527209153354,465.0585849078848,469.7847900390625,400,0.0,0.0
2019-09-26 00:00:00+09:00,471.6752666072623,485.8538818359375,471.6752666072623,485.8538818359375,2000,0.0,0.0
2019-09-27 00:00:00+09:00,481.0339138812516,481.0339138812516,474.28594314544245,475.24993896484375,3000,10.0,0.0
2019-09-30 00:00:00+09:00,475.24992806570873,477.17791966029574,472.3579406738281,472.3579406738281,300,0.0,0.0
2019-10-01 00:00:00+09:00,470.4299621582031,471.3939579822978,470.4299621582031,470.4299621582031,500,0.0,0.0
2019-10-02 00:00:00+09:00,473.321943037349,473.321943037349,471.3939514160156,471.3939514160156,1200,0.0,0.0
2019-10-03 00:00:00+09:00,469.4659423828125,469.4659423828125,469.4659423828125,469.4659423828125,400,0.0,0.0
2019-10-04 00:00:00+09:00,469.46592749468226,476.2138977050781,469.46592749468226,476.2138977050781,600,0.0,0.0
2019-10-07 00:00:00+09:00,470.42995127255153,470.42995127255153,467.5379638671875,467.5379638671875,300,0.0,0.0
2019-10-08 00:00:00+09:00,467.5379638671875,467.5379638671875,467.5379638671875,467.5379638671875,0,0.0,0.0
2019-10-09 00:00:00+09:00,467.5379638671875,472.3579428761276,467.5379638671875,467.5379638671875,2200,0.0,0.0
2019-10-10 00:00:00+09:00,471.3939514160156,471.3939514160156,471.3939514160156,471.3939514160156,100,0.0,0.0
2019-10-11 00:00:00+09:00,471.3939514160156,471.3939514160156,471.3939514160156,471.3939514160156,0,0.0,0.0
2019-10-15 00:00:00+09:00,471.3939514160156,471.3939514160156,471.3939514160156,471.3939514160156,100,0.0,0.0
2019-10-16 00:00:00+09:00,474.2859191894531,478.1419022722942,474.2859191894531,474.2859191894531,800,0.0,0.0
2019-10-17 00:00:00+09:00,476.2139151788527,478.14190673828125,476.2139151788527,478.14190673828125,700,0.0,0.0
2019-10-18 00:00:00+09:00,480.06988525390625,480.06988525390625,480.06988525390625,480.06988525390625,300,0.0,0.0
2019-10-21 00:00:00+09:00,477.1778979933406,481.9978767609501,476.21390223981865,480.06988525390625,2600,0.0,0.0
2019-10-23 00:00:00+09:00,483.9258924342826,483.9258924342826,481.0339050292969,481.0339050292969,300,0.0,0.0
2019-10-24 00:00:00+09:00,481.0339050292969,481.0339050292969,475.24993021932534,481.0339050292969,2500,0.0,0.0
2019-10-25 00:00:00+09:00,476.2139216875789,479.1059090662484,476.2139216875789,477.17791748046875,1200,0.0,0.0
2019-10-28 00:00:00+09:00,481.99791399765786,481.99791399765786,478.1419306856766,479.1059265136719,700,0.0,0.0
2019-10-29 00:00:00+09:00,476.2138977050781,476.2138977050781,476.2138977050781,476.2138977050781,200,0.0,0.0
2019-10-30 00:00:00+09:00,477.1778934494204,480.0698806824472,476.2138977050781,476.2138977050781,400,0.0,0.0
2019-10-31 00:00:00+09:00,475.24992589468906,477.17791748046875,474.28593010179924,477.17791748046875,800,0.0,0.0
2019-11-01 00:00:00+09:00,476.21393028547465,484.889892578125,475.24993447518017,484.889892578125,7600,0.0,0.0
2019-11-05 00:00:00+09:00,472.3579341476658,473.3219299316406,472.3579341476658,473.3219299316406,300,0.0,0.0
2019-11-06 00:00:00+09:00,472.3579341476658,473.3219299316406,472.3579341476658,473.3219299316406,300,0.0,0.0
2019-11-07 00:00:00+09:00,488.7458557501072,488.7458557501072,474.2859191894531,474.2859191894531,2100,0.0,0.0
2019-11-08 00:00:00+09:00,481.0338940774241,482.9618856368526,478.14190673828125,478.14190673828125,1400,0.0,0.0
2019-11-11 00:00:00+09:00,476.21390223981865,481.9978767609501,476.21390223981865,480.06988525390625,600,0.0,0.0
2019-11-12 00:00:00+09:00,476.21390223981865,481.9978767609501,476.21390223981865,480.06988525390625,600,0.0,0.0
2019-11-13 00:00:00+09:00,480.0698982977098,480.0698982977098,478.14190673828125,478.14190673828125,400,0.0,0.0
2019-11-14 00:00:00+09:00,478.1419306856766,481.0339181696625,478.1419306856766,479.1059265136719,800,0.0,0.0
2019-11-15 00:00:00+09:00,479.1059112548828,479.1059112548828,472.3579406738281,472.3579406738281,800,0.0,0.0
2019-11-18 00:00:00+09:00,472.3579406738281,472.3579406738281,472.3579406738281,472.3579406738281,500,0.0,0.0
2019-11-19 00:00:00+09:00,470.4299621582031,470.4299621582031,470.4299621582031,470.4299621582031,100,0.0,0.0
2019-11-20 00:00:00+09:00,470.4299621582031,470.4299621582031,470.4299621582031,470.4299621582031,100,0.0,0.0
2019-11-21 00:00:00+09:00,470.42995560534894,477.1779262800158,470.42995560534894,471.3939514160156,1900,0.0,0.0
2019-11-22 00:00:00+09:00,471.3939514160156,471.3939514160156,464.6459807413487,471.3939514160156,1700,0.0,0.0
2019-11-25 00:00:00+09:00,471.39395568723853,475.24993896484375,471.39395568723853,475.24993896484375,400,0.0,0.0
2019-11-26 00:00:00+09:00,467.5379487944812,474.2859191894531,467.5379487944812,474.2859191894531,1600,0.0,0.0
2019-11-27 00:00:00+09:00,474.28594314544245,476.21393478424505,474.28594314544245,475.24993896484375,500,0.0,0.0
2019-11-28 00:00:00+09:00,475.24993896484375,480.0699180618503,475.24993896484375,475.24993896484375,500,0.0,0.0
2019-11-29 00:00:00+09:00,475.24992589468906,480.06990485913826,475.24992589468906,477.17791748046875,400,0.0,0.0
2019-12-02 00:00:00+09:00,477.17791748046875,477.17791748046875,477.17791748046875,477.17791748046875,0,0.0,0.0
2019-12-03 00:00:00+09:00,476.2138977050781,476.2138977050781,476.2138977050781,476.2138977050781,100,0.0,0.0
2019-12-04 00:00:00+09:00,482.9618900756836,482.9618900756836,481.9978942871094,481.9978942871094,400,0.0,0.0
2019-12-05 00:00:00+09:00,482.9618900756836,482.9618900756836,481.9978942871094,481.9978942871094,400,0.0,0.0
2019-12-06 00:00:00+09:00,485.8538818359375,485.8538818359375,485.8538818359375,485.8538818359375,200,0.0,0.0
2019-12-09 00:00:00+09:00,476.2139432073354,482.9619140625,476.2139432073354,482.9619140625,2600,0.0,0.0
2019-12-10 00:00:00+09:00,483.9258728027344,483.9258728027344,483.9258728027344,483.9258728027344,300,0.0,0.0
2019-12-11 00:00:00+09:00,493.56583737864077,496.45782470703125,493.56583737864077,496.45782470703125,400,0.0,0.0
2019-12-12 00:00:00+09:00,493.56583737864077,496.45782470703125,493.56583737864077,496.45782470703125,400,0.0,0.0
2019-12-13 00:00:00+09:00,496.45782470703125,496.45782470703125,496.45782470703125,496.45782470703125,0,0.0,0.0
2019-12-16 00:00:00+09:00,496.45782470703125,496.45782470703125,496.45782470703125,496.45782470703125,0,0.0,0.0
2019-12-17 00:00:00+09:00,485.85386432784486,485.85386432784486,483.9258728027344,483.9258728027344,300,0.0,0.0
2019-12-18 00:00:00+09:00,485.85386432784486,485.85386432784486,483.9258728027344,483.9258728027344,300,0.0,0.0
2019-12-19 00:00:00+09:00,483.9258945495125,489.7098693847656,483.9258945495125,489.7098693847656,800,0.0,0.0
2019-12-20 00:00:00+09:00,483.9258945495125,489.7098693847656,483.9258945495125,489.7098693847656,800,0.0,0.0
2019-12-23 00:00:00+09:00,491.6378609965167,491.6378609965167,489.7098693847656,489.7098693847656,1300,0.0,0.0
2019-12-24 00:00:00+09:00,492.60185022860003,492.60185022860003,490.6738586425781,490.6738586425781,600,0.0,0.0
2019-12-25 00:00:00+09:00,495.4938289309011,496.45782470703125,495.4938289309011,496.45782470703125,1400,0.0,0.0
2019-12-26 00:00:00+09:00,495.4938289309011,496.45782470703125,495.4938289309011,496.45782470703125,1400,0.0,0.0
2019-12-27 00:00:00+09:00,496.45782470703125,496.45782470703125,496.45782470703125,496.45782470703125,0,0.0,0.0
2019-12-30 00:00:00+09:00,496.45782470703125,496.45782470703125,496.45782470703125,496.45782470703125,0,0.0,0.0
2020-01-06 00:00:00+09:00,501.2777994791667,510.9177571614583,501.2777994791667,506.0977783203125,1100,0.0,0.0
2020-01-07 00:00:00+09:00,501.27782117006166,501.27782117006166,496.45784212034954,498.3858337402344,900,0.0,0.0
2020-01-08 00:00:00+09:00,509.95379638671875,509.95379638671875,500.31383804292443,509.95379638671875,1100,0.0,0.0
2020-01-09 00:00:00+09:00,510.9177551269531,510.9177551269531,510.9177551269531,510.9177551269531,100,0.0,0.0
2020-01-10 00:00:00+09:00,510.9177551269531,510.9177551269531,510.9177551269531,510.9177551269531,100,0.0,0.0
2020-01-14 00:00:00+09:00,510.9177551269531,510.9177551269531,510.9177551269531,510.9177551269531,0,0.0,0.0
2020-01-15 00:00:00+09:00,505.1337890625,505.1337890625,505.1337890625,505.1337890625,500,0.0,0.0
2020-01-16 00:00:00+09:00,508.0257873535156,508.0257873535156,508.0257873535156,508.0257873535156,200,0.0,0.0
2020-01-17 00:00:00+09:00,508.0257873535156,508.0257873535156,508.0257873535156,508.0257873535156,200,0.0,0.0
2020-01-20 00:00:00+09:00,510.9177551269531,510.9177551269531,510.9177551269531,510.9177551269531,100,0.0,0.0
2020-01-21 00:00:00+09:00,508.0257764044608,508.0257764044608,505.1337890625,505.1337890625,1100,0.0,0.0
2020-01-22 00:00:00+09:00,508.0257764044608,508.0257764044608,505.1337890625,505.1337890625,1100,0.0,0.0
2020-01-23 00:00:00+09:00,505.1337890625,505.1337890625,505.1337890625,505.1337890625,0,0.0,0.0
2020-01-24 00:00:00+09:00,507.0617980957031,507.0617980957031,507.0617980957031,507.0617980957031,600,0.0,0.0
2020-01-27 00:00:00+09:00,507.0617980957031,507.0617980957031,506.0978022818329,507.0617980957031,1200,0.0,0.0
2020-01-28 00:00:00+09:00,514.773745036257,529.2336816945788,513.8097492590355,523.44970703125,3300,0.0,0.0
2020-01-29 00:00:00+09:00,532.1257243436926,532.1257243436926,513.8098026724423,524.4137573242188,1500,0.0,0.0
2020-01-30 00:00:00+09:00,510.9177551269531,522.4857042996389,508.9897635981722,510.9177551269531,3000,0.0,0.0
2020-01-31 00:00:00+09:00,520.557745825603,520.557745825603,517.665758348794,519.59375,1600,0.0,0.0
2020-02-03 00:00:00+09:00,519.59375,519.59375,519.59375,519.59375,0,0.0,0.0
2020-02-04 00:00:00+09:00,519.5937413792152,519.5937413792152,511.88177490234375,511.88177490234375,700,0.0,0.0
2020-02-05 00:00:00+09:00,511.88177490234375,511.88177490234375,511.88177490234375,511.88177490234375,0,0.0,0.0
2020-02-06 00:00:00+09:00,515.7377319335938,515.7377319335938,515.7377319335938,515.7377319335938,100,0.0,0.0
2020-02-07 00:00:00+09:00,515.7377319335938,515.7377319335938,515.7377319335938,515.7377319335938,100,0.0,0.0
2020-02-10 00:00:00+09:00,515.7377319335938,515.7377319335938,515.7377319335938,515.7377319335938,0,0.0,0.0
2020-02-12 00:00:00+09:00,513.8097534179688,513.8097534179688,513.8097534179688,513.8097534179688,200,0.0,0.0
2020-02-13 00:00:00+09:00,513.8097534179688,513.8097534179688,513.8097534179688,513.8097534179688,0,0.0,0.0
2020-02-14 00:00:00+09:00,509.95378328312586,512.8457707119527,509.95378328312586,511.88177490234375,700,0.0,0.0
2020-02-17 00:00:00+09:00,519.5937215397867,519.5937215397867,510.9177595845769,514.7737426757812,700,0.0,0.0
2020-02-18 00:00:00+09:00,515.7377713929953,515.7377713929953,509.95379638671875,509.95379638671875,1400,0.0,0.0
2020-02-19 00:00:00+09:00,509.95379638671875,509.95379638671875,509.95379638671875,509.95379638671875,0,0.0,0.0
2020-02-20 00:00:00+09:00,509.95379638671875,509.95379638671875,509.95379638671875,509.95379638671875,0,0.0,0.0
2020-02-21 00:00:00+09:00,509.95379638671875,509.95379638671875,509.95379638671875,509.95379638671875,0,0.0,0.0
2020-02-25 00:00:00+09:00,496.4578611200506,509.95380297574127,496.4578611200506,508.98980712890625,1300,0.0,0.0
2020-02-26 00:00:00+09:00,517.6657299941845,517.6657299941845,498.3858145381628,514.7737426757812,59300,0.0,0.0
2020-02-27 00:00:00+09:00,516.7017338679386,520.5577169565054,501.2778015136719,501.2778015136719,1900,0.0,0.0
2020-02-28 00:00:00+09:00,500.3138165726877,501.27781236569865,490.6738586425781,490.6738586425781,2900,0.0,0.0
2020-03-02 00:00:00+09:00,481.03389849853517,481.9978942871094,480.06990270996096,481.9978942871094,1000,0.0,0.0
2020-03-03 00:00:00+09:00,481.9978942871094,481.9978942871094,481.9978942871094,481.9978942871094,0,0.0,0.0
2020-03-04 00:00:00+09:00,494.5298307516829,497.42181806602025,487.7818603515625,487.7818603515625,400,0.0,0.0
2020-03-05 00:00:00+09:00,487.7818603515625,487.7818603515625,487.7818603515625,487.7818603515625,0,0.0,0.0
2020-03-06 00:00:00+09:00,491.63784343734557,491.63784343734557,487.7818603515625,487.7818603515625,700,0.0,0.0
2020-03-09 00:00:00+09:00,481.99789198741405,481.99789198741405,462.71797630791747,473.3219299316406,3900,0.0,0.0
2020-03-10 00:00:00+09:00,472.3579406738281,472.3579406738281,472.3579406738281,472.3579406738281,100,0.0,0.0
2020-03-11 00:00:00+09:00,472.3579406738281,472.3579406738281,472.3579406738281,472.3579406738281,100,0.0,0.0
2020-03-12 00:00:00+09:00,477.17791508820096,477.17791508820096,455.0060119628906,455.0060119628906,1200,0.0,0.0
2020-03-13 00:00:00+09:00,455.0060211757444,455.0060211757444,388.49031045301905,408.7342224121094,10800,0.0,0.0
2020-03-16 00:00:00+09:00,396.2022788948605,417.4101867675781,396.2022788948605,417.4101867675781,600,0.0,0.0
2020-03-17 00:00:00+09:00,412.5902099609375,412.5902099609375,412.5902099609375,412.5902099609375,100,0.0,0.0
2020-03-18 00:00:00+09:00,412.5902099609375,412.5902099609375,412.5902099609375,412.5902099609375,0,0.0,0.0
2020-03-19 00:00:00+09:00,419.3381652832031,419.3381652832031,419.3381652832031,419.3381652832031,300,0.0,0.0
2020-03-23 00:00:00+09:00,419.33817839237065,419.33817839237065,416.44619095518186,417.4101867675781,1700,0.0,0.0
2020-03-24 00:00:00+09:00,417.41016139265173,494.529821696144,417.41016139265173,434.7620849609375,1500,0.0,0.0
2020-03-25 00:00:00+09:00,442.47406005859375,442.47406005859375,434.7620938702087,442.47406005859375,400,0.0,0.0
2020-03-26 00:00:00+09:00,427.050131541285,427.050131541285,419.3381652832031,419.3381652832031,200,0.0,0.0
2020-03-27 00:00:00+09:00,416.4461735063805,417.41016927838604,415.482177734375,415.482177734375,500,0.0,0.0
2020-03-30 00:00:00+09:00,415.482177734375,415.482177734375,412.5901904183585,415.482177734375,2500,0.0,0.0
2020-03-31 00:00:00+09:00,412.5902034163753,413.55419921875,412.5902034163753,413.55419921875,200,0.0,0.0
2020-04-01 00:00:00+09:00,412.5901859471055,412.5901859471055,411.6261901855469,411.6261901855469,200,0.0,0.0
2020-04-02 00:00:00+09:00,428.0141296386719,435.7260959384678,428.0141296386719,428.0141296386719,2000,0.0,0.0
2020-04-03 00:00:00+09:00,411.6262011150981,414.5181884765625,411.6262011150981,414.5181884765625,700,0.0,0.0
2020-04-06 00:00:00+09:00,414.5181884765625,414.5181884765625,414.5181884765625,414.5181884765625,0,0.0,0.0
2020-04-07 00:00:00+09:00,417.4101867675781,417.4101867675781,417.4101867675781,417.4101867675781,100,0.0,0.0
2020-04-08 00:00:00+09:00,416.4461975097656,416.4461975097656,416.4461975097656,416.4461975097656,200,0.0,0.0
2020-04-09 00:00:00+09:00,416.4461975097656,416.4461975097656,416.4461975097656,416.4461975097656,0,0.0,0.0
2020-04-10 00:00:00+09:00,476.21392386300226,476.21392386300226,469.4659532819476,472.3579406738281,1200,0.0,0.0
2020-04-13 00:00:00+09:00,439.5820835658482,445.3660583496094,437.65409197126115,445.3660583496094,400,0.0,0.0
2020-04-14 00:00:00+09:00,445.3660583496094,445.3660583496094,445.3660583496094,445.3660583496094,0,0.0,0.0
2020-04-15 00:00:00+09:00,441.5100858954973,448.258056640625,441.5100858954973,448.258056640625,1000,0.0,0.0
2020-04-16 00:00:00+09:00,448.258056640625,448.258056640625,448.258056640625,448.258056640625,0,0.0,0.0
2020-04-17 00:00:00+09:00,448.258056640625,448.258056640625,448.258056640625,448.258056640625,0,0.0,0.0
2020-04-20 00:00:00+09:00,429.9421341210081,441.51008391798587,429.9421341210081,439.58209228515625,1000,0.0,0.0
2020-04-21 00:00:00+09:00,439.58209228515625,439.58209228515625,439.58209228515625,439.58209228515625,0,0.0,0.0
2020-04-22 00:00:00+09:00,439.58209228515625,439.58209228515625,439.58209228515625,439.58209228515625,0,0.0,0.0
2020-04-23 00:00:00+09:00,430.9061279296875,430.9061279296875,430.9061279296875,430.9061279296875,3100,0.0,0.0
2020-04-24 00:00:00+09:00,447.2940631368886,447.2940631368886,443.4380798339844,443.4380798339844,5100,0.0,0.0
2020-04-27 00:00:00+09:00,441.51006184895834,441.51006184895834,433.798095703125,433.798095703125,1100,0.0,0.0
2020-04-28 00:00:00+09:00,433.79808920714385,434.7620849609375,433.79808920714385,434.7620849609375,800,0.0,0.0
2020-04-30 00:00:00+09:00,441.51009535200143,441.51009535200143,424.1581702071629,428.9781494140625,15900,0.0,0.0
2020-05-01 00:00:00+09:00,442.47408400825833,453.07803809124493,442.47408400825833,443.4380798339844,1000,0.0,0.0
2020-05-07 00:00:00+09:00,443.4380798339844,443.4380798339844,443.4380798339844,443.4380798339844,0,0.0,0.0
2020-05-08 00:00:00+09:00,428.01412109375,433.798095703125,428.01412109375,433.798095703125,400,0.0,0.0
2020-05-11 00:00:00+09:00,455.0060119628906,455.0060119628906,455.0060119628906,455.0060119628906,100,0.0,0.0
2020-05-12 00:00:00+09:00,432.83409792721926,439.58206827352336,432.83409792721926,438.6180725097656,1400,0.0,0.0
2020-05-13 00:00:00+09:00,442.47406005859375,442.47406005859375,442.47406005859375,442.47406005859375,100,0.0,0.0
2020-05-14 00:00:00+09:00,454.04203584910965,454.04203584910965,451.15004835962486,452.1140441894531,800,0.0,0.0
2020-05-15 00:00:00+09:00,453.0780029296875,453.0780029296875,453.0780029296875,453.0780029296875,400,0.0,0.0
2020-05-18 00:00:00+09:00,453.0780029296875,453.0780029296875,453.0780029296875,453.0780029296875,0,0.0,0.0
2020-05-19 00:00:00+09:00,430.9061399302573,455.97003173828125,430.9061399302573,455.97003173828125,400,0.0,0.0
2020-05-20 00:00:00+09:00,455.97003173828125,455.97003173828125,455.97003173828125,455.97003173828125,0,0.0,0.0
2020-05-21 00:00:00+09:00,455.97003173828125,455.97003173828125,455.97003173828125,455.97003173828125,0,0.0,0.0
2020-05-22 00:00:00+09:00,455.97003173828125,455.97003173828125,455.97003173828125,455.97003173828125,0,0.0,0.0
2020-05-25 00:00:00+09:00,441.5100642850456,442.47406005859375,441.5100642850456,442.47406005859375,200,0.0,0.0
2020-05-26 00:00:00+09:00,457.89800162267204,505.133795474274,457.89800162267204,477.17791748046875,1300,0.0,0.0
2020-05-27 00:00:00+09:00,461.75399974135104,470.4299621582031,461.75399974135104,470.4299621582031,1100,0.0,0.0
2020-05-28 00:00:00+09:00,462.7179719584189,470.42993815772587,461.75397618350553,469.4659423828125,1100,0.0,0.0
2020-05-29 00:00:00+09:00,458.86198447407156,465.6099548339844,458.86198447407156,465.6099548339844,1300,0.0,0.0
2020-06-01 00:00:00+09:00,472.3579318098013,472.3579318098013,464.6459655761719,464.6459655761719,200,0.0,0.0
2020-06-02 00:00:00+09:00,472.3579406738281,472.3579406738281,472.3579406738281,472.3579406738281,200,0.0,0.0
2020-06-03 00:00:00+09:00,476.2138977050781,476.2138977050781,476.2138977050781,476.2138977050781,200,0.0,0.0
2020-06-04 00:00:00+09:00,476.21392608327966,476.21392608327966,467.5379638671875,467.5379638671875,300,0.0,0.0
2020-06-05 00:00:00+09:00,466.5739680043681,481.0339050292969,466.5739680043681,481.0339050292969,800,0.0,0.0
2020-06-08 00:00:00+09:00,480.06988525390625,480.06988525390625,480.06988525390625,480.06988525390625,200,0.0,0.0
2020-06-09 00:00:00+09:00,473.321920959599,473.321920959599,465.6099548339844,465.6099548339844,2000,0.0,0.0
2020-06-10 00:00:00+09:00,456.93399934254245,464.6459655761719,456.93399934254245,464.6459655761719,800,0.0,0.0
2020-06-11 00:00:00+09:00,464.6459655761719,464.6459655761719,464.6459655761719,464.6459655761719,0,0.0,0.0
2020-06-12 00:00:00+09:00,471.3939448765346,472.3579406738281,471.3939448765346,472.3579406738281,1700,0.0,0.0
2020-06-15 00:00:00+09:00,472.3579428761276,472.3579428761276,467.5379638671875,467.5379638671875,1400,0.0,0.0
2020-06-16 00:00:00+09:00,459.8260064894153,466.573977234543,448.258056640625,448.258056640625,3400,0.0,0.0
2020-06-17 00:00:00+09:00,448.258056640625,448.258056640625,448.258056640625,448.258056640625,1200,0.0,0.0
2020-06-18 00:00:00+09:00,448.258056640625,448.258056640625,448.258056640625,448.258056640625,0,0.0,0.0
2020-06-19 00:00:00+09:00,445.3660649032758,445.3660649032758,444.4020690917969,444.4020690917969,900,0.0,0.0
2020-06-22 00:00:00+09:00,444.4020690917969,444.4020690917969,439.5820900344021,444.4020690917969,500,0.0,0.0
2020-06-23 00:00:00+09:00,440.54608154296875,440.54608154296875,440.54608154296875,440.54608154296875,100,0.0,0.0
2020-06-24 00:00:00+09:00,440.54608154296875,440.54608154296875,440.54608154296875,440.54608154296875,0,0.0,0.0
2020-06-25 00:00:00+09:00,443.4380798339844,443.4380798339844,443.4380798339844,443.4380798339844,100,0.0,0.0
2020-06-26 00:00:00+09:00,451.1500244140625,451.1500244140625,451.1500244140625,451.1500244140625,100,0.0,0.0
2020-06-29 00:00:00+09:00,438.6180725097656,438.6180725097656,438.6180725097656,438.6180725097656,900,0.0,0.0
2020-06-30 00:00:00+09:00,430.9061279296875,430.9061279296875,430.9061279296875,430.9061279296875,1200,0.0,0.0
2020-07-01 00:00:00+09:00,430.9061279296875,430.9061279296875,430.9061279296875,430.9061279296875,0,0.0,0.0
2020-07-02 00:00:00+09:00,430.9061279296875,430.9061279296875,430.9061279296875,430.9061279296875,0,0.0,0.0
2020-07-03 00:00:00+09:00,431.8701171875,431.8701171875,431.8701171875,431.8701171875,100,0.0,0.0
2020-07-06 00:00:00+09:00,431.8701171875,431.8701171875,431.8701171875,431.8701171875,0,0.0,0.0
2020-07-07 00:00:00+09:00,431.8701171875,431.8701171875,431.8701171875,431.8701171875,200,0.0,0.0
2020-07-08 00:00:00+09:00,431.8701171875,431.8701171875,431.8701171875,431.8701171875,100,0.0,0.0
2020-07-09 00:00:00+09:00,431.8701171875,431.8701171875,431.8701171875,431.8701171875,0,0.0,0.0
2020-07-10 00:00:00+09:00,430.9061019457629,434.7620849609375,430.9061019457629,434.7620849609375,500,0.0,0.0
2020-07-13 00:00:00+09:00,437.6540767460079,438.6180725097656,437.6540767460079,438.6180725097656,200,0.0,0.0
2020-07-14 00:00:00+09:00,433.798095703125,433.798095703125,433.798095703125,433.798095703125,200,0.0,0.0
2020-07-15 00:00:00+09:00,439.58209023699663,439.58209023699663,429.94213211776423,430.9061279296875,1000,0.0,0.0
2020-07-16 00:00:00+09:00,430.9061279296875,430.9061279296875,430.9061279296875,430.9061279296875,100,0.0,0.0
2020-07-17 00:00:00+09:00,430.9061279296875,430.9061279296875,430.9061279296875,430.9061279296875,0,0.0,0.0
2020-07-20 00:00:00+09:00,430.9061279296875,430.9061279296875,430.9061279296875,430.9061279296875,0,0.0,0.0
2020-07-21 00:00:00+09:00,430.9061340995457,443.4380798339844,430.9061340995457,443.4380798339844,600,0.0,0.0
2020-07-22 00:00:00+09:00,458.86199951171875,458.86199951171875,458.86199951171875,458.86199951171875,300,0.0,0.0
2020-07-27 00:00:00+09:00,458.86199951171875,458.86199951171875,458.86199951171875,458.86199951171875,0,0.0,0.0
2020-07-28 00:00:00+09:00,458.86199951171875,458.86199951171875,458.86199951171875,458.86199951171875,0,0.0,0.0
2020-07-29 00:00:00+09:00,458.86199951171875,458.86199951171875,458.86199951171875,458.86199951171875,0,0.0,0.0
2020-07-30 00:00:00+09:00,465.6099548339844,465.6099548339844,465.6099548339844,465.6099548339844,200,0.0,0.0
2020-07-31 00:00:00+09:00,465.6099548339844,465.6099548339844,465.6099548339844,465.6099548339844,0,0.0,0.0
2020-08-03 00:00:00+09:00,465.6099548339844,465.6099548339844,465.6099548339844,465.6099548339844,0,0.0,0.0
2020-08-04 00:00:00+09:00,472.3579406738281,472.3579406738281,472.3579406738281,472.3579406738281,1600,0.0,0.0
2020-08-05 00:00:00+09:00,472.3579472266823,472.3579472266823,471.3939514160156,471.3939514160156,1000,0.0,0.0
2020-08-06 00:00:00+09:00,471.39394707433956,478.14191768685566,467.5379638671875,467.5379638671875,900,0.0,0.0
2020-08-07 00:00:00+09:00,475.24993021932534,481.0339050292969,475.24993021932534,481.0339050292969,1100,0.0,0.0
2020-08-11 00:00:00+09:00,481.0339050292969,481.99790083095877,473.32193861600155,481.0339050292969,900,0.0,0.0
2020-08-12 00:00:00+09:00,498.3858293975771,498.3858293975771,490.6738629852355,494.52984619140625,1900,0.0,0.0
2020-08-13 00:00:00+09:00,493.56585693359375,493.56585693359375,493.56585693359375,493.56585693359375,100,0.0,0.0
2020-08-14 00:00:00+09:00,493.56585693359375,493.56585693359375,493.56585693359375,493.56585693359375,0,0.0,0.0
2020-08-17 00:00:00+09:00,493.56585693359375,493.56585693359375,493.56585693359375,493.56585693359375,0,0.0,0.0
2020-08-18 00:00:00+09:00,493.56585693359375,493.56585693359375,493.56585693359375,493.56585693359375,0,0.0,0.0
2020-08-19 00:00:00+09:00,493.56585693359375,493.56585693359375,493.56585693359375,493.56585693359375,0,0.0,0.0
2020-08-20 00:00:00+09:00,474.28592589727725,486.81787109375,474.28592589727725,486.81787109375,1000,0.0,0.0
2020-08-21 00:00:00+09:00,486.81787109375,486.81787109375,486.81787109375,486.81787109375,0,0.0,0.0
2020-08-24 00:00:00+09:00,493.56583042828686,493.56583042828686,483.9258728027344,483.9258728027344,200,0.0,0.0
2020-08-25 00:00:00+09:00,484.8898774390127,491.6378479003906,484.8898774390127,491.6378479003906,500,0.0,0.0
2020-08-26 00:00:00+09:00,492.6018371582031,492.6018371582031,492.6018371582031,492.6018371582031,100,0.0,0.0
2020-08-27 00:00:00+09:00,492.6018371582031,492.6018371582031,492.6018371582031,492.6018371582031,0,0.0,0.0
2020-08-28 00:00:00+09:00,492.6018371582031,492.6018371582031,492.6018371582031,492.6018371582031,0,0.0,0.0
2020-08-31 00:00:00+09:00,492.6018371582031,492.6018371582031,492.6018371582031,492.6018371582031,100,0.0,0.0
2020-09-01 00:00:00+09:00,493.56585693359375,493.56585693359375,493.56585693359375,493.56585693359375,200,0.0,0.0
2020-09-02 00:00:00+09:00,493.56585693359375,493.56585693359375,493.56585693359375,493.56585693359375,0,0.0,0.0
2020-09-03 00:00:00+09:00,493.56585693359375,493.56585693359375,493.56585693359375,493.56585693359375,0,0.0,0.0
2020-09-04 00:00:00+09:00,493.565874270428,495.4938659667969,493.565874270428,495.4938659667969,200,0.0,0.0
2020-09-07 00:00:00+09:00,505.1337805406103,510.9177551269531,504.1697847762198,510.9177551269531,700,0.0,0.0
2020-09-08 00:00:00+09:00,501.2777994791667,506.0977783203125,501.2777994791667,506.0977783203125,400,0.0,0.0
2020-09-09 00:00:00+09:00,518.6297739512885,518.6297739512885,516.7017822265625,516.7017822265625,200,0.0,0.0
2020-09-10 00:00:00+09:00,510.9177551269531,510.9177551269531,510.9177551269531,510.9177551269531,300,0.0,0.0
2020-09-11 00:00:00+09:00,510.9177551269531,510.9177551269531,510.9177551269531,510.9177551269531,0,0.0,0.0
2020-09-14 00:00:00+09:00,505.13375956595604,518.6296997070312,505.13375956595604,518.6296997070312,400,0.0,0.0
2020-09-15 00:00:00+09:00,515.7377319335938,515.7377319335938,515.7377319335938,515.7377319335938,100,0.0,0.0
2020-09-16 00:00:00+09:00,515.737779784247,518.629767334439,515.737779784247,517.665771484375,700,0.0,0.0
2020-09-17 00:00:00+09:00,517.6657299941845,517.6657299941845,514.7737426757812,514.7737426757812,1100,0.0,0.0
2020-09-18 00:00:00+09:00,514.7737669258338,515.7377627440469,502.2418212890625,502.2418212890625,2400,0.0,0.0
2020-09-23 00:00:00+09:00,484.88989035538805,489.7098693847656,484.88989035538805,489.7098693847656,400,0.0,0.0
2020-09-24 00:00:00+09:00,489.7098463967582,518.6297192154644,489.7098463967582,515.7377319335938,700,0.0,0.0
2020-09-25 00:00:00+09:00,518.6296997070312,518.6296997070312,512.8457253608561,518.6296997070312,1300,0.0,0.0
2020-09-28 00:00:00+09:00,518.6297152737959,525.377685546875,517.6657195204989,525.377685546875,4200,0.0,0.0
2020-09-29 00:00:00+09:00,504.75541881003915,519.4856353122776,504.75541881003915,517.5216064453125,1200,10.0,0.0
2020-09-30 00:00:00+09:00,518.5036010742188,518.5036010742188,518.5036010742188,518.5036010742188,200,0.0,0.0
2020-10-02 00:00:00+09:00,519.4856369306456,520.4676513671875,519.4856369306456,520.4676513671875,600,0.0,0.0
2020-10-05 00:00:00+09:00,520.4676513671875,520.4676513671875,520.4676513671875,520.4676513671875,0,0.0,0.0
2020-10-06 00:00:00+09:00,520.4676513671875,520.4676513671875,520.4676513671875,520.4676513671875,0,0.0,0.0
2020-10-07 00:00:00+09:00,520.4676513671875,520.4676513671875,520.4676513671875,520.4676513671875,0,0.0,0.0
2020-10-08 00:00:00+09:00,521.449685686252,522.4317001602375,519.4856567382812,519.4856567382812,400,0.0,0.0
2020-10-09 00:00:00+09:00,519.4856567382812,519.4856567382812,519.4856567382812,519.4856567382812,200,0.0,0.0
2020-10-12 00:00:00+09:00,520.4676513671875,520.4676513671875,520.4676513671875,520.4676513671875,100,0.0,0.0
2020-10-13 00:00:00+09:00,518.5035849883177,525.377685546875,518.5035849883177,525.377685546875,300,0.0,0.0
2020-10-14 00:00:00+09:00,520.4676513671875,520.4676513671875,520.4676513671875,520.4676513671875,100,0.0,0.0
2020-10-15 00:00:00+09:00,528.323771687297,529.3057861328125,528.323771687297,529.3057861328125,200,0.0,0.0
2020-10-16 00:00:00+09:00,523.4136765155006,524.3956909179688,523.4136765155006,524.3956909179688,300,0.0,0.0
2020-10-19 00:00:00+09:00,526.3597412109375,526.3597412109375,526.3597412109375,526.3597412109375,100,0.0,0.0
2020-10-20 00:00:00+09:00,530.2877824477728,535.1978545074744,525.3777103880713,533.2338256835938,2800,0.0,0.0
2020-10-21 00:00:00+09:00,533.2338256835938,533.2338256835938,533.2338256835938,533.2338256835938,0,0.0,0.0
2020-10-22 00:00:00+09:00,533.2338041351375,534.2158185073937,531.269775390625,531.269775390625,1700,0.0,0.0
2020-10-23 00:00:00+09:00,531.2698150238433,531.2698150238433,529.3057861328125,529.3057861328125,400,0.0,0.0
2020-10-26 00:00:00+09:00,529.3057829264628,533.2338406847297,522.4316818494958,523.4136962890625,2000,0.0,0.0
2020-10-27 00:00:00+09:00,523.413711577027,523.413711577027,513.5935668945312,513.5935668945312,1300,0.0,0.0
2020-10-28 00:00:00+09:00,513.5935668945312,513.5935668945312,513.5935668945312,513.5935668945312,0,0.0,0.0
2020-10-29 00:00:00+09:00,528.3237519440828,530.2877807617188,528.3237519440828,530.2877807617188,200,0.0,0.0
2020-10-30 00:00:00+09:00,530.2877592065521,530.2877592065521,528.32373046875,528.32373046875,200,0.0,0.0
2020-11-02 00:00:00+09:00,528.32373046875,528.32373046875,528.32373046875,528.32373046875,0,0.0,0.0
2020-11-04 00:00:00+09:00,533.2338059369255,534.2158203125,533.2338059369255,534.2158203125,800,0.0,0.0
2020-11-05 00:00:00+09:00,536.1798689194147,537.161883331355,533.2338256835938,533.2338256835938,400,0.0,0.0
2020-11-06 00:00:00+09:00,533.2338273603838,547.9640435858088,532.2518129453555,536.1798706054688,1700,0.0,0.0
2020-11-09 00:00:00+09:00,536.1798706054688,536.1798706054688,536.1798706054688,536.1798706054688,700,0.0,0.0
2020-11-10 00:00:00+09:00,536.1798706054688,536.1798706054688,536.1798706054688,536.1798706054688,0,0.0,0.0
2020-11-11 00:00:00+09:00,539.1259104410808,539.1259104410808,527.3417375352648,530.2877807617188,700,0.0,0.0
2020-11-12 00:00:00+09:00,526.3597565277448,536.1799012390833,516.5396118164062,516.5396118164062,800,0.0,0.0
2020-11-13 00:00:00+09:00,516.5396118164062,516.5396118164062,516.5396118164062,516.5396118164062,0,0.0,0.0
2020-11-16 00:00:00+09:00,539.1259155273438,539.1259155273438,539.1259155273438,539.1259155273438,100,0.0,0.0
2020-11-17 00:00:00+09:00,539.1259155273438,539.1259155273438,539.1259155273438,539.1259155273438,0,0.0,0.0
2020-11-18 00:00:00+09:00,539.1259353526317,539.1259353526317,538.1439208984375,538.1439208984375,200,0.0,0.0
2020-11-19 00:00:00+09:00,539.1259155273438,539.1259155273438,539.1259155273438,539.1259155273438,100,0.0,0.0
2020-11-20 00:00:00+09:00,539.1259188265415,545.0180053710938,539.1259188265415,545.0180053710938,500,0.0,0.0
2020-11-24 00:00:00+09:00,548.9460597081697,554.8381462166652,539.1259155273438,539.1259155273438,800,0.0,0.0
2020-11-25 00:00:00+09:00,556.8021473917928,561.7122192382812,556.8021473917928,561.7122192382812,600,0.0,0.0
2020-11-26 00:00:00+09:00,561.7122192382812,561.7122192382812,561.7122192382812,561.7122192382812,300,0.0,0.0
2020-11-27 00:00:00+09:00,560.730237844597,560.730237844597,547.9640502929688,547.9640502929688,400,0.0,0.0
2020-11-30 00:00:00+09:00,540.1079348765821,547.9640502929688,540.1079348765821,547.9640502929688,600,0.0,0.0
2020-12-01 00:00:00+09:00,547.9640502929688,547.9640502929688,547.9640502929688,547.9640502929688,0,0.0,0.0
2020-12-02 00:00:00+09:00,547.9640502929688,547.9640502929688,547.9640502929688,547.9640502929688,0,0.0,0.0
2020-12-03 00:00:00+09:00,554.838134765625,554.838134765625,554.838134765625,554.838134765625,100,0.0,0.0
2020-12-04 00:00:00+09:00,554.838134765625,554.838134765625,554.838134765625,554.838134765625,200,0.0,0.0
2020-12-07 00:00:00+09:00,559.7482299804688,559.7482299804688,559.7482299804688,559.7482299804688,100,0.0,0.0
2020-12-08 00:00:00+09:00,559.7482299804688,559.7482299804688,559.7482299804688,559.7482299804688,0,0.0,0.0
2020-12-09 00:00:00+09:00,558.7661743164062,559.7481886825159,558.7661743164062,558.7661743164062,300,0.0,0.0
2020-12-10 00:00:00+09:00,554.838134765625,554.838134765625,554.838134765625,554.838134765625,200,0.0,0.0
2020-12-11 00:00:00+09:00,564.6582641601562,564.6582641601562,564.6582641601562,564.6582641601562,200,0.0,0.0
2020-12-14 00:00:00+09:00,574.4784297315045,576.4424585510994,566.622314453125,566.622314453125,600,0.0,0.0
2020-12-15 00:00:00+09:00,568.5863449622844,569.568359375,568.5863449622844,569.568359375,200,0.0,0.0
2020-12-16 00:00:00+09:00,564.6582839380989,564.6582839380989,563.67626953125,563.67626953125,400,0.0,0.0
2020-12-17 00:00:00+09:00,563.67626953125,563.67626953125,563.67626953125,563.67626953125,0,0.0,0.0
2020-12-18 00:00:00+09:00,563.6762479768767,563.6762479768767,561.7122192382812,561.7122192382812,400,0.0,0.0
2020-12-21 00:00:00+09:00,569.568359375,569.568359375,569.568359375,569.568359375,100,0.0,0.0
2020-12-22 00:00:00+09:00,569.5683396252421,570.5503540039062,569.5683396252421,570.5503540039062,400,0.0,0.0
2020-12-23 00:00:00+09:00,561.7122210427989,564.6582641601562,561.7122210427989,564.6582641601562,700,0.0,0.0
2020-12-24 00:00:00+09:00,564.6582641601562,564.6582641601562,564.6582641601562,564.6582641601562,0,0.0,0.0
2020-12-25 00:00:00+09:00,574.4784078846807,574.4784078846807,564.6582641601562,564.6582641601562,900,0.0,0.0
2020-12-28 00:00:00+09:00,560.730244419031,561.7122588575933,559.7482299804688,559.7482299804688,1000,0.0,0.0
2020-12-29 00:00:00+09:00,559.7482299804688,559.7482299804688,559.7482299804688,559.7482299804688,500,0.0,0.0
2020-12-30 00:00:00+09:00,564.6582605130643,564.6582605130643,558.7661743164062,558.7661743164062,200,0.0,0.0
2021-01-04 00:00:00+09:00,556.8021850585938,556.8021850585938,556.8021850585938,556.8021850585938,500,0.0,0.0
2021-01-05 00:00:00+09:00,569.5683807687661,571.5324096679688,569.5683807687661,571.5324096679688,300,0.0,0.0
2021-01-06 00:00:00+09:00,569.568359375,569.568359375,569.568359375,569.568359375,100,0.0,0.0
2021-01-07 00:00:00+09:00,569.568359375,569.568359375,569.568359375,569.568359375,100,0.0,0.0
2021-01-08 00:00:00+09:00,552.8741042384897,557.7841762121886,549.9280610542705,551.89208984375,1700,0.0,0.0
2021-01-12 00:00:00+09:00,553.8561186332296,553.8561186332296,551.89208984375,551.89208984375,300,0.0,0.0
2021-01-13 00:00:00+09:00,551.89208984375,551.89208984375,551.89208984375,551.89208984375,0,0.0,0.0
2021-01-14 00:00:00+09:00,552.8741455078125,552.8741455078125,552.8741455078125,552.8741455078125,100,0.0,0.0
2021-01-15 00:00:00+09:00,552.8741455078125,552.8741455078125,552.8741455078125,552.8741455078125,0,0.0,0.0
2021-01-18 00:00:00+09:00,552.8741455078125,552.8741455078125,552.8741455078125,552.8741455078125,100,0.0,0.0
2021-01-19 00:00:00+09:00,552.8741455078125,552.8741455078125,552.8741455078125,552.8741455078125,0,0.0,0.0
2021-01-20 00:00:00+09:00,563.67626953125,563.67626953125,563.67626953125,563.67626953125,200,0.0,0.0
2021-01-21 00:00:00+09:00,563.67626953125,563.67626953125,563.67626953125,563.67626953125,200,0.0,0.0
2021-01-22 00:00:00+09:00,563.6762893437091,566.6223326678052,562.6942749023438,562.6942749023438,900,0.0,0.0
2021-01-25 00:00:00+09:00,562.6942499481471,562.6942499481471,554.838134765625,554.838134765625,300,0.0,0.0
2021-01-26 00:00:00+09:00,560.730224609375,560.730224609375,560.730224609375,560.730224609375,100,0.0,0.0
2021-01-27 00:00:00+09:00,556.8021669938978,560.730224609375,556.8021669938978,560.730224609375,200,0.0,0.0
2021-01-28 00:00:00+09:00,559.7482299804688,559.7482299804688,559.7482299804688,559.7482299804688,100,0.0,0.0
2021-01-29 00:00:00+09:00,561.7122588575933,562.6942732961554,559.7482299804688,559.7482299804688,1400,0.0,0.0
2021-02-01 00:00:00+09:00,555.8201525900284,560.730224609375,555.8201525900284,560.730224609375,300,0.0,0.0
2021-02-02 00:00:00+09:00,562.6942749023438,562.6942749023438,562.6942749023438,562.6942749023438,300,0.0,0.0
2021-02-03 00:00:00+09:00,562.6942749023438,562.6942749023438,562.6942749023438,562.6942749023438,0,0.0,0.0
2021-02-04 00:00:00+09:00,562.6942749023438,562.6942749023438,562.6942749023438,562.6942749023438,0,0.0,0.0
2021-02-05 00:00:00+09:00,568.586317977503,568.586317977503,558.7661743164062,558.7661743164062,800,0.0,0.0
2021-02-08 00:00:00+09:00,559.7482452392578,559.7482452392578,549.9281005859375,549.9281005859375,1800,0.0,0.0
2021-02-09 00:00:00+09:00,545.0180053710938,545.0180053710938,545.0180053710938,545.0180053710938,100,0.0,0.0
2021-02-10 00:00:00+09:00,549.9281005859375,559.7482452392578,549.9281005859375,549.9281005859375,500,0.0,0.0
2021-02-12 00:00:00+09:00,549.9281005859375,549.9281005859375,549.9281005859375,549.9281005859375,100,0.0,0.0
2021-02-15 00:00:00+09:00,549.9281005859375,549.9281005859375,549.9281005859375,549.9281005859375,0,0.0,0.0
2021-02-16 00:00:00+09:00,549.9280593135062,549.9280593135062,548.946044921875,548.946044921875,500,0.0,0.0
2021-02-17 00:00:00+09:00,548.946044921875,548.946044921875,548.946044921875,548.946044921875,100,0.0,0.0
2021-02-18 00:00:00+09:00,548.946044921875,548.946044921875,547.9640305302437,548.946044921875,50000,0.0,0.0
2021-02-19 00:00:00+09:00,548.946044921875,548.946044921875,548.946044921875,548.946044921875,300,0.0,0.0
2021-02-22 00:00:00+09:00,547.9640502929688,547.9640502929688,547.9640502929688,547.9640502929688,200,0.0,0.0
2021-02-24 00:00:00+09:00,547.9640701266551,547.9640701266551,546.9820556640625,546.9820556640625,200,0.0,0.0
2021-02-25 00:00:00+09:00,552.8741455078125,552.8741455078125,552.8741455078125,552.8741455078125,100,0.0,0.0
2021-02-26 00:00:00+09:00,551.8921096448167,551.8921096448167,550.9100952148438,550.9100952148438,200,0.0,0.0
2021-03-01 00:00:00+09:00,550.9100952148438,550.9100952148438,550.9100952148438,550.9100952148438,100,0.0,0.0
2021-03-02 00:00:00+09:00,546.9820556640625,546.9820556640625,546.9820556640625,546.9820556640625,500,0.0,0.0
2021-03-03 00:00:00+09:00,551.89208984375,551.89208984375,551.89208984375,551.89208984375,100,0.0,0.0
2021-03-04 00:00:00+09:00,551.89208984375,551.89208984375,551.89208984375,551.89208984375,0,0.0,0.0
2021-03-05 00:00:00+09:00,551.89208984375,551.89208984375,551.89208984375,551.89208984375,0,0.0,0.0
2021-03-08 00:00:00+09:00,552.8741455078125,552.8741455078125,552.8741455078125,552.8741455078125,100,0.0,0.0
2021-03-09 00:00:00+09:00,557.7841796875,557.7841796875,557.7841796875,557.7841796875,100,0.0,0.0
2021-03-10 00:00:00+09:00,559.7482299804688,559.7482299804688,559.7482299804688,559.7482299804688,100,0.0,0.0
2021-03-11 00:00:00+09:00,559.7482084892165,559.7482084892165,557.7841796875,557.7841796875,200,0.0,0.0
2021-03-12 00:00:00+09:00,557.7841796875,557.7841796875,557.7841796875,557.7841796875,100,0.0,0.0
2021-03-15 00:00:00+09:00,557.7841796875,557.7841796875,557.7841796875,557.7841796875,100,0.0,0.0
2021-03-16 00:00:00+09:00,557.7842011033443,559.7482299804688,557.7842011033443,559.7482299804688,400,0.0,0.0
2021-03-17 00:00:00+09:00,560.730244419031,560.730244419031,559.7482299804688,559.7482299804688,1000,0.0,0.0
2021-03-18 00:00:00+09:00,559.7482102055058,560.730224609375,559.7482102055058,560.730224609375,300,0.0,0.0
2021-03-19 00:00:00+09:00,560.730224609375,560.730224609375,560.730224609375,560.730224609375,100,0.0,0.0
2021-03-22 00:00:00+09:00,567.6043518695635,571.5324096679688,567.6043518695635,571.5324096679688,2600,0.0,0.0
2021-03-23 00:00:00+09:00,571.5324080867471,572.5144225336315,568.5863647460938,568.5863647460938,1200,0.0,0.0
2021-03-24 00:00:00+09:00,568.5863647460938,568.5863647460938,568.5863647460938,568.5863647460938,200,0.0,0.0
2021-03-25 00:00:00+09:00,570.5503540039062,570.5503540039062,570.5503540039062,570.5503540039062,100,0.0,0.0
2021-03-26 00:00:00+09:00,580.3705397143807,589.2086697607925,571.5324096679688,571.5324096679688,1500,0.0,0.0
2021-03-29 00:00:00+09:00,566.6223178032536,572.514404296875,566.6223178032536,572.514404296875,900,0.0,0.0
2021-03-30 00:00:00+09:00,582.3345319327661,584.2985607082561,579.3884887695312,579.3884887695312,400,0.0,0.0
2021-03-31 00:00:00+09:00,579.3885299760072,580.3705444335938,579.3885299760072,580.3705444335938,200,0.0,0.0
2021-04-01 00:00:00+09:00,586.2625912542487,588.2266200356701,582.3345336914062,582.3345336914062,400,0.0,0.0
2021-04-02 00:00:00+09:00,582.3345336914062,582.3345336914062,582.3345336914062,582.3345336914062,0,0.0,0.0
2021-04-05 00:00:00+09:00,580.3705444335938,580.3705444335938,580.3705444335938,580.3705444335938,100,0.0,0.0
2021-04-06 00:00:00+09:00,587.2446487401198,587.2446487401198,586.2626342773438,586.2626342773438,200,0.0,0.0
2021-04-07 00:00:00+09:00,576.4424473471424,582.3345336914062,576.4424473471424,582.3345336914062,200,0.0,0.0
2021-04-08 00:00:00+09:00,582.3345748952744,583.3165893554688,579.3885315146912,583.3165893554688,400,0.0,0.0
2021-04-09 00:00:00+09:00,579.3884905192743,582.3345336914062,579.3884905192743,582.3345336914062,400,0.0,0.0
2021-04-12 00:00:00+09:00,579.3884905192743,582.3345336914062,579.3884905192743,582.3345336914062,500,0.0,0.0
2021-04-13 00:00:00+09:00,582.3345265478767,582.3345265478767,570.5503540039062,570.5503540039062,600,0.0,0.0
2021-04-14 00:00:00+09:00,570.5503540039062,570.5503540039062,570.5503540039062,570.5503540039062,100,0.0,0.0
2021-04-15 00:00:00+09:00,570.5503540039062,570.5503540039062,570.5503540039062,570.5503540039062,0,0.0,0.0
2021-04-16 00:00:00+09:00,570.5503540039062,570.5503540039062,570.5503540039062,570.5503540039062,0,0.0,0.0
2021-04-19 00:00:00+09:00,570.5503540039062,570.5503540039062,570.5503540039062,570.5503540039062,0,0.0,0.0
2021-04-20 00:00:00+09:00,570.5503540039062,570.5503540039062,570.5503540039062,570.5503540039062,0,0.0,0.0
2021-04-21 00:00:00+09:00,570.5503540039062,570.5503540039062,570.5503540039062,570.5503540039062,0,0.0,0.0
2021-04-22 00:00:00+09:00,570.5503540039062,570.5503540039062,570.5503540039062,570.5503540039062,0,0.0,0.0
2021-04-23 00:00:00+09:00,570.5503540039062,570.5503540039062,570.5503540039062,570.5503540039062,200,0.0,0.0
2021-04-26 00:00:00+09:00,580.3705161902892,580.3705161902892,566.622314453125,566.622314453125,500,0.0,0.0
2021-04-27 00:00:00+09:00,566.622314453125,566.622314453125,566.622314453125,566.622314453125,0,0.0,0.0
2021-04-28 00:00:00+09:00,580.3705229832078,580.3705229832078,570.550378770294,578.406494140625,700,0.0,0.0
2021-04-30 00:00:00+09:00,579.3884834118841,581.3525121692126,570.5503540039062,570.5503540039062,800,0.0,0.0
2021-05-06 00:00:00+09:00,580.3705444335938,580.3705444335938,580.3705444335938,580.3705444335938,100,0.0,0.0
2021-05-07 00:00:00+09:00,580.3705444335938,580.3705444335938,580.3705444335938,580.3705444335938,100,0.0,0.0
2021-05-10 00:00:00+09:00,583.3165893554688,583.3165893554688,583.3165893554688,583.3165893554688,600,0.0,0.0
2021-05-11 00:00:00+09:00,583.3165662470819,583.3165662470819,571.5323931915854,578.406494140625,3400,0.0,0.0
2021-05-12 00:00:00+09:00,571.5323898812715,576.4424619592893,571.5323898812715,572.514404296875,900,0.0,0.0
2021-05-13 00:00:00+09:00,572.514404296875,572.514404296875,572.514404296875,572.514404296875,0,0.0,0.0
2021-05-14 00:00:00+09:00,572.5144241175701,572.5144241175701,571.5324096679688,571.5324096679688,300,0.0,0.0
2021-05-17 00:00:00+09:00,571.5324096679688,571.5324096679688,571.5324096679688,571.5324096679688,0,0.0,0.0
2021-05-18 00:00:00+09:00,571.5324096679688,571.5324096679688,571.5324096679688,571.5324096679688,200,0.0,0.0
2021-05-19 00:00:00+09:00,571.5324096679688,571.5324096679688,571.5324096679688,571.5324096679688,100,0.0,0.0
2021-05-20 00:00:00+09:00,571.5324096679688,571.5324096679688,571.5324096679688,571.5324096679688,0,0.0,0.0
2021-05-21 00:00:00+09:00,561.7122772540305,561.7122772540305,555.8201904296875,555.8201904296875,900,0.0,0.0
2021-05-24 00:00:00+09:00,555.8201904296875,555.8201904296875,555.8201904296875,555.8201904296875,200,0.0,0.0
2021-05-25 00:00:00+09:00,565.6402890493255,582.3345336914062,565.6402890493255,582.3345336914062,500,0.0,0.0
2021-05-26 00:00:00+09:00,582.3345534865921,582.3345534865921,581.3525390625,581.3525390625,300,0.0,0.0
2021-05-27 00:00:00+09:00,572.514404296875,572.514404296875,572.514404296875,572.514404296875,100,0.0,0.0
2021-05-28 00:00:00+09:00,572.514404296875,572.514404296875,572.514404296875,572.514404296875,100,0.0,0.0
2021-05-31 00:00:00+09:00,572.514404296875,572.514404296875,572.514404296875,572.514404296875,100,0.0,0.0
2021-06-01 00:00:00+09:00,572.5144193159972,572.5144193159972,562.6942749023438,562.6942749023438,200,0.0,0.0
2021-06-02 00:00:00+09:00,562.6942601408394,572.514404296875,562.6942601408394,572.514404296875,200,0.0,0.0
2021-06-03 00:00:00+09:00,572.514404296875,572.514404296875,572.514404296875,572.514404296875,600,0.0,0.0
2021-06-04 00:00:00+09:00,572.5144026131466,572.5144026131466,569.568359375,569.568359375,300,0.0,0.0
2021-06-07 00:00:00+09:00,569.568359375,569.568359375,569.568359375,569.568359375,0,0.0,0.0
2021-06-08 00:00:00+09:00,569.568359375,569.568359375,569.568359375,569.568359375,0,0.0,0.0
2021-06-09 00:00:00+09:00,569.568359375,569.568359375,569.568359375,569.568359375,0,0.0,0.0
2021-06-10 00:00:00+09:00,564.6583021732799,564.6583021732799,549.9280855948465,559.7482299804688,1500,0.0,0.0
2021-06-11 00:00:00+09:00,553.8561401367188,553.8561401367188,553.8561401367188,553.8561401367188,400,0.0,0.0
2021-06-14 00:00:00+09:00,569.5683341926627,569.5683341926627,559.7481904996858,561.7122192382812,500,0.0,0.0
2021-06-15 00:00:00+09:00,561.7122192382812,561.7122192382812,561.7122192382812,561.7122192382812,0,0.0,0.0
2021-06-16 00:00:00+09:00,561.7122192382812,561.7122192382812,561.7122192382812,561.7122192382812,0,0.0,0.0
2021-06-17 00:00:00+09:00,571.5324064890543,571.5324064890543,565.6403198242188,565.6403198242188,200,0.0,0.0
2021-06-18 00:00:00+09:00,575.4604690421342,575.4604690421342,574.4784545898438,574.4784545898438,300,0.0,0.0
2021-06-21 00:00:00+09:00,561.7122636179026,576.4424803211693,561.7122636179026,568.5863647460938,1400,0.0,0.0
2021-06-22 00:00:00+09:00,568.5863694171517,577.4244995117188,568.5863694171517,577.4244995117188,300,0.0,0.0
2021-06-23 00:00:00+09:00,574.4784545898438,574.4784545898438,574.4784545898438,574.4784545898438,100,0.0,0.0
2021-06-24 00:00:00+09:00,574.4784545898438,574.4784545898438,574.4784545898438,574.4784545898438,0,0.0,0.0
2021-06-25 00:00:00+09:00,580.3705444335938,580.3705444335938,580.3705444335938,580.3705444335938,400,0.0,0.0
2021-06-28 00:00:00+09:00,583.3165893554688,583.3165893554688,582.3345748952744,583.3165893554688,2300,0.0,0.0
2021-06-29 00:00:00+09:00,566.6223194525918,578.4064924741361,566.6223194525918,575.46044921875,1900,0.0,0.0
2021-06-30 00:00:00+09:00,575.46044921875,575.46044921875,575.46044921875,575.46044921875,0,0.0,0.0
2021-07-01 00:00:00+09:00,583.3165893554688,583.3165893554688,583.3165893554688,583.3165893554688,400,0.0,0.0
2021-07-02 00:00:00+09:00,583.3165463205111,583.3165463205111,579.3884887695312,579.3884887695312,1600,0.0,0.0
2021-07-05 00:00:00+09:00,575.4604525179477,587.2446256070524,575.4604525179477,581.3525390625,3900,0.0,0.0
2021-07-06 00:00:00+09:00,584.2985624728275,589.2086344263806,582.3345336914062,582.3345336914062,2000,0.0,0.0
2021-07-07 00:00:00+09:00,582.3345336914062,582.3345336914062,582.3345336914062,582.3345336914062,0,0.0,0.0
2021-07-08 00:00:00+09:00,592.1547241210938,592.1547241210938,592.1547241210938,592.1547241210938,100,0.0,0.0
2021-07-09 00:00:00+09:00,572.5143897842999,587.2446056449594,572.5143897842999,582.3345336914062,1200,0.0,0.0
2021-07-12 00:00:00+09:00,586.2626111829603,586.2626111829603,581.3525390625,581.3525390625,300,0.0,0.0
2021-07-13 00:00:00+09:00,581.3525390625,581.3525390625,581.3525390625,581.3525390625,100,0.0,0.0
2021-07-14 00:00:00+09:00,581.3525390625,581.3525390625,581.3525390625,581.3525390625,0,0.0,0.0
2021-07-15 00:00:00+09:00,581.3525390625,581.3525390625,581.3525390625,581.3525390625,0,0.0,0.0
2021-07-16 00:00:00+09:00,581.3525390625,581.3525390625,581.3525390625,581.3525390625,0,0.0,0.0
2021-07-19 00:00:00+09:00,581.3525390625,581.3525390625,581.3525390625,581.3525390625,0,0.0,0.0
2021-07-20 00:00:00+09:00,581.3525390625,581.3525390625,581.3525390625,581.3525390625,100,0.0,0.0
2021-07-21 00:00:00+09:00,581.3525390625,581.3525390625,581.3525390625,581.3525390625,0,0.0,0.0
2021-07-26 00:00:00+09:00,581.352554163982,581.352554163982,571.5324096679688,571.5324096679688,300,0.0,0.0
2021-07-27 00:00:00+09:00,570.5503737877156,570.5503737877156,569.568359375,569.568359375,300,0.0,0.0
2021-07-28 00:00:00+09:00,569.568359375,569.568359375,569.568359375,569.568359375,100,0.0,0.0
2021-07-29 00:00:00+09:00,577.4244995117188,577.4244995117188,577.4244995117188,577.4244995117188,100,0.0,0.0
2021-07-30 00:00:00+09:00,569.568359375,569.568359375,569.568359375,569.568359375,400,0.0,0.0
2021-08-02 00:00:00+09:00,587.2445984411978,588.226612819862,570.5503540039062,570.5503540039062,800,0.0,0.0
2021-08-03 00:00:00+09:00,577.4245056152344,589.2086791992188,570.5504043579102,589.2086791992188,900,0.0,0.0
2021-08-04 00:00:00+09:00,591.1726575931684,687.4100669688005,591.1726575931684,606.8848876953125,22500,0.0,0.0
2021-08-05 00:00:00+09:00,636.3453386016705,705.0863474012336,603.9388630247336,639.2913818359375,88300,0.0,0.0
2021-08-06 00:00:00+09:00,609.8309347896252,620.6330930548199,572.5143880553164,579.3884887695312,13500,0.0,0.0
2021-08-10 00:00:00+09:00,577.424451002038,579.388479746943,563.6762497877038,564.6582641601562,2500,0.0,0.0
2021-08-11 00:00:00+09:00,564.658293852935,564.658293852935,530.2877890097128,545.0180053710938,12700,0.0,0.0
2021-08-12 00:00:00+09:00,545.0179820667614,545.9999964488636,538.1438813920455,540.10791015625,1800,0.0,0.0
2021-08-13 00:00:00+09:00,549.928086157364,549.928086157364,522.4316818494958,523.4136962890625,10600,0.0,0.0
2021-08-16 00:00:00+09:00,523.4136730540882,523.4136730540882,513.5935290943493,518.5036010742188,2000,0.0,0.0
2021-08-17 00:00:00+09:00,524.3957091133549,524.3957091133549,520.4676513671875,520.4676513671875,800,0.0,0.0
2021-08-18 00:00:00+09:00,519.4856552298078,519.4856552298078,514.5755828741386,516.5396118164062,1200,0.0,0.0
2021-08-19 00:00:00+09:00,520.4676697009417,520.4676697009417,512.6115539318708,516.5396118164062,2500,0.0,0.0
2021-08-20 00:00:00+09:00,511.629539460737,520.4676697009417,511.629539460737,516.5396118164062,1100,0.0,0.0
2021-08-23 00:00:00+09:00,516.5396118164062,516.5396118164062,515.5575973452724,516.5396118164062,600,0.0,0.0
2021-08-24 00:00:00+09:00,516.5396118164062,516.5396118164062,516.5396118164062,516.5396118164062,200,0.0,0.0
2021-08-25 00:00:00+09:00,516.5396118164062,516.5396118164062,516.5396118164062,516.5396118164062,0,0.0,0.0
2021-08-26 00:00:00+09:00,520.4676281156994,520.4676281156994,509.665469796317,515.5575561523438,4200,0.0,0.0
2021-08-27 00:00:00+09:00,516.539570545015,516.539570545015,515.5575561523438,515.5575561523438,400,0.0,0.0
2021-08-30 00:00:00+09:00,528.32373046875,528.32373046875,528.32373046875,528.32373046875,1000,0.0,0.0
2021-08-31 00:00:00+09:00,528.32373046875,528.32373046875,528.32373046875,528.32373046875,500,0.0,0.0
2021-09-01 00:00:00+09:00,528.323770096053,528.323770096053,526.3597412109375,526.3597412109375,300,0.0,0.0
2021-09-02 00:00:00+09:00,529.3057861328125,529.3057861328125,529.3057861328125,529.3057861328125,200,0.0,0.0
2021-09-03 00:00:00+09:00,529.3057845386106,529.3057845386106,526.3597412109375,526.3597412109375,1000,0.0,0.0
2021-09-06 00:00:00+09:00,521.4496510823568,530.2877807617188,521.4496510823568,530.2877807617188,2000,0.0,0.0
2021-09-07 00:00:00+09:00,522.431640625,528.3237267974624,522.431640625,522.431640625,700,0.0,0.0
2021-09-08 00:00:00+09:00,522.431640625,522.431640625,522.431640625,522.431640625,0,0.0,0.0
2021-09-09 00:00:00+09:00,522.4316834407066,526.3597412109375,522.4316834407066,526.3597412109375,1100,0.0,0.0
2021-09-10 00:00:00+09:00,526.3596999123831,526.3596999123831,525.377685546875,525.377685546875,400,0.0,0.0
2021-09-13 00:00:00+09:00,525.3777267683797,526.3597412109375,525.3777267683797,526.3597412109375,300,0.0,0.0
2021-09-14 00:00:00+09:00,525.3777267683797,526.3597412109375,525.3777267683797,526.3597412109375,300,0.0,0.0
2021-09-15 00:00:00+09:00,528.3237502455046,530.2877790568261,527.3417358398438,527.3417358398438,700,0.0,0.0
2021-09-16 00:00:00+09:00,535.1978578550134,539.1259155273438,534.2158434369308,539.1259155273438,1200,0.0,0.0
2021-09-17 00:00:00+09:00,540.1079013603224,558.7661743164062,537.1618582619933,558.7661743164062,2900,0.0,0.0
2021-09-21 00:00:00+09:00,557.7841726618705,557.7841726618705,546.0,546.0,1000,0.0,0.0
2021-09-22 00:00:00+09:00,541.0899658203125,541.0899658203125,541.0899658203125,541.0899658203125,700,0.0,0.0
2021-09-24 00:00:00+09:00,541.0899476747255,549.9280774915541,541.0899476747255,545.0180053710938,800,0.0,0.0
2021-09-27 00:00:00+09:00,547.9640502929688,547.9640502929688,546.0000214388721,547.9640502929688,1000,0.0,0.0
2021-09-28 00:00:00+09:00,557.7841726618705,557.7841726618705,546.0,546.0,900,0.0,0.0
2021-09-29 00:00:00+09:00,552.0,556.0,552.0,556.0,900,10.0,0.0
2021-09-30 00:00:00+09:00,556.0,563.0,556.0,560.0,50800,0.0,0.0
2021-10-01 00:00:00+09:00,560.0,560.0,557.0,560.0,500,0.0,0.0
2021-10-04 00:00:00+09:00,570.0,570.0,570.0,570.0,1100,0.0,0.0
2021-10-05 00:00:00+09:00,567.0,601.0,566.0,601.0,2500,0.0,0.0
2021-10-06 00:00:00+09:00,607.0,612.0,582.0,582.0,2600,0.0,0.0
2021-10-07 00:00:00+09:00,589.0,589.0,579.0,582.0,1400,0.0,0.0
2021-10-08 00:00:00+09:00,599.0,609.0,599.0,609.0,600,0.0,0.0
2021-10-11 00:00:00+09:00,601.0,604.0,601.0,604.0,300,0.0,0.0
2021-10-12 00:00:00+09:00,604.0,609.0,604.0,609.0,300,0.0,0.0
2021-10-13 00:00:00+09:00,605.0,605.0,605.0,605.0,100,0.0,0.0
2021-10-14 00:00:00+09:00,609.0,609.0,609.0,609.0,200,0.0,0.0
2021-10-15 00:00:00+09:00,609.0,609.0,609.0,609.0,0,0.0,0.0
2021-10-18 00:00:00+09:00,609.0,609.0,609.0,609.0,100,0.0,0.0
2021-10-19 00:00:00+09:00,609.0,609.0,609.0,609.0,0,0.0,0.0
2021-10-20 00:00:00+09:00,604.0,604.0,601.0,604.0,800,0.0,0.0
2021-10-21 00:00:00+09:00,600.0,600.0,600.0,600.0,100,0.0,0.0
2021-10-22 00:00:00+09:00,603.0,603.0,603.0,603.0,100,0.0,0.0
2021-10-25 00:00:00+09:00,602.0,602.0,602.0,602.0,200,0.0,0.0
2021-10-26 00:00:00+09:00,602.0,602.0,602.0,602.0,100,0.0,0.0
2021-10-27 00:00:00+09:00,605.0,605.0,596.0,596.0,500,0.0,0.0
2021-10-28 00:00:00+09:00,596.0,596.0,596.0,596.0,100,0.0,0.0
2021-10-29 00:00:00+09:00,596.0,596.0,596.0,596.0,0,0.0,0.0
2021-11-01 00:00:00+09:00,595.0,595.0,592.0,592.0,300,0.0,0.0
2021-11-02 00:00:00+09:00,592.0,593.0,592.0,593.0,200,0.0,0.0
2021-11-04 00:00:00+09:00,593.0,593.0,593.0,593.0,0,0.0,0.0
2021-11-05 00:00:00+09:00,594.0,594.0,594.0,594.0,100,0.0,0.0
2021-11-08 00:00:00+09:00,594.0,594.0,594.0,594.0,0,0.0,0.0
2021-11-09 00:00:00+09:00,605.0,605.0,566.0,566.0,3800,0.0,0.0
2021-11-10 00:00:00+09:00,572.0,597.0,572.0,580.0,3400,0.0,0.0
2021-11-11 00:00:00+09:00,572.0,572.0,554.0,554.0,1400,0.0,0.0
2021-11-12 00:00:00+09:00,554.0,566.0,554.0,566.0,600,0.0,0.0
2021-11-15 00:00:00+09:00,566.0,566.0,566.0,566.0,0,0.0,0.0
2021-11-16 00:00:00+09:00,566.0,577.0,566.0,577.0,1700,0.0,0.0
2021-11-17 00:00:00+09:00,579.0,580.0,579.0,580.0,900,0.0,0.0
2021-11-18 00:00:00+09:00,580.0,580.0,580.0,580.0,0,0.0,0.0
2021-11-19 00:00:00+09:00,580.0,580.0,580.0,580.0,0,0.0,0.0
2021-11-22 00:00:00+09:00,580.0,580.0,580.0,580.0,0,0.0,0.0
2021-11-24 00:00:00+09:00,572.0,572.0,572.0,572.0,100,0.0,0.0
2021-11-25 00:00:00+09:00,581.0,581.0,581.0,581.0,100,0.0,0.0
2021-11-26 00:00:00+09:00,573.0,573.0,573.0,573.0,200,0.0,0.0
2021-11-29 00:00:00+09:00,589.0,589.0,589.0,589.0,100,0.0,0.0
2021-11-30 00:00:00+09:00,586.0,586.0,586.0,586.0,100,0.0,0.0
2021-12-01 00:00:00+09:00,582.0,582.0,582.0,582.0,100,0.0,0.0
2021-12-02 00:00:00+09:00,574.0,574.0,574.0,574.0,100,0.0,0.0
2021-12-03 00:00:00+09:00,574.0,582.0,574.0,582.0,200,0.0,0.0
2021-12-06 00:00:00+09:00,584.0,587.0,584.0,587.0,200,0.0,0.0
2021-12-07 00:00:00+09:00,588.0,588.0,587.0,587.0,300,0.0,0.0
2021-12-08 00:00:00+09:00,587.0,587.0,587.0,587.0,0,0.0,0.0
2021-12-09 00:00:00+09:00,587.0,587.0,587.0,587.0,0,0.0,0.0
2021-12-10 00:00:00+09:00,587.0,587.0,587.0,587.0,0,0.0,0.0
2021-12-13 00:00:00+09:00,587.0,587.0,587.0,587.0,0,0.0,0.0
2021-12-14 00:00:00+09:00,587.0,587.0,587.0,587.0,200,0.0,0.0
2021-12-15 00:00:00+09:00,587.0,587.0,587.0,587.0,0,0.0,0.0
2021-12-16 00:00:00+09:00,577.0,586.0,577.0,586.0,1000,0.0,0.0
2021-12-17 00:00:00+09:00,586.0,586.0,586.0,586.0,1000,0.0,0.0
2021-12-20 00:00:00+09:00,586.0,586.0,586.0,586.0,0,0.0,0.0
2021-12-21 00:00:00+09:00,589.0,589.0,589.0,589.0,100,0.0,0.0
2021-12-22 00:00:00+09:00,579.0,579.0,579.0,579.0,100,0.0,0.0
2021-12-23 00:00:00+09:00,570.0,570.0,570.0,570.0,100,0.0,0.0
2021-12-24 00:00:00+09:00,610.0,616.0,575.0,585.0,1500,0.0,0.0
2021-12-27 00:00:00+09:00,575.0,578.0,568.0,578.0,300,0.0,0.0
2021-12-28 00:00:00+09:00,578.0,659.0,578.0,610.0,10800,0.0,0.0
2021-12-29 00:00:00+09:00,608.0,608.0,595.0,606.0,2500,0.0,0.0
2021-12-30 00:00:00+09:00,590.0,598.0,553.0,553.0,4400,0.0,0.0
2022-01-04 00:00:00+09:00,553.0,553.0,543.0,546.0,1400,0.0,0.0
2022-01-05 00:00:00+09:00,543.0,545.0,540.0,543.0,1000,0.0,0.0
2022-01-06 00:00:00+09:00,538.0,542.0,528.0,534.0,2200,0.0,0.0
2022-01-07 00:00:00+09:00,528.0,528.0,528.0,528.0,700,0.0,0.0
2022-01-11 00:00:00+09:00,528.0,534.0,528.0,534.0,2800,0.0,0.0
2022-01-12 00:00:00+09:00,529.0,534.0,529.0,533.0,1800,0.0,0.0
2022-01-13 00:00:00+09:00,533.0,533.0,533.0,533.0,0,0.0,0.0
2022-01-14 00:00:00+09:00,548.0,548.0,548.0,548.0,200,0.0,0.0
2022-01-17 00:00:00+09:00,548.0,548.0,538.0,538.0,300,0.0,0.0
2022-01-18 00:00:00+09:00,538.0,538.0,538.0,538.0,200,0.0,0.0
2022-01-19 00:00:00+09:00,538.0,538.0,534.0,534.0,300,0.0,0.0
2022-01-20 00:00:00+09:00,534.0,534.0,534.0,534.0,0,0.0,0.0
2022-01-21 00:00:00+09:00,534.0,534.0,534.0,534.0,0,0.0,0.0
2022-01-24 00:00:00+09:00,534.0,534.0,534.0,534.0,0,0.0,0.0
2022-01-25 00:00:00+09:00,534.0,534.0,534.0,534.0,0,0.0,0.0
2022-01-26 00:00:00+09:00,544.0,547.0,544.0,547.0,200,0.0,0.0
2022-01-27 00:00:00+09:00,547.0,547.0,532.0,532.0,600,0.0,0.0
2022-01-28 00:00:00+09:00,532.0,532.0,532.0,532.0,0,0.0,0.0
2022-01-31 00:00:00+09:00,540.0,540.0,532.0,532.0,400,0.0,0.0
2022-02-01 00:00:00+09:00,532.0,532.0,532.0,532.0,0,0.0,0.0
2022-02-02 00:00:00+09:00,532.0,532.0,532.0,532.0,0,0.0,0.0
2022-02-03 00:00:00+09:00,532.0,532.0,532.0,532.0,0,0.0,0.0
2022-02-04 00:00:00+09:00,528.0,528.0,527.0,527.0,600,0.0,0.0
2022-02-07 00:00:00+09:00,527.0,527.0,527.0,527.0,0,0.0,0.0
2022-02-08 00:00:00+09:00,532.0,532.0,532.0,532.0,100,0.0,0.0
2022-02-09 00:00:00+09:00,532.0,532.0,532.0,532.0,100,0.0,0.0
2022-02-10 00:00:00+09:00,533.0,533.0,533.0,533.0,100,0.0,0.0
2022-02-14 00:00:00+09:00,533.0,533.0,533.0,533.0,100,0.0,0.0
2022-02-15 00:00:00+09:00,533.0,533.0,532.0,532.0,200,0.0,0.0
2022-02-16 00:00:00+09:00,532.0,533.0,531.0,533.0,600,0.0,0.0
2022-02-17 00:00:00+09:00,533.0,533.0,531.0,531.0,800,0.0,0.0
2022-02-18 00:00:00+09:00,531.0,531.0,531.0,531.0,0,0.0,0.0
2022-02-21 00:00:00+09:00,527.0,527.0,526.0,526.0,700,0.0,0.0
2022-02-22 00:00:00+09:00,519.0,526.0,519.0,525.0,300,0.0,0.0
2022-02-24 00:00:00+09:00,524.0,524.0,524.0,524.0,300,0.0,0.0
2022-02-25 00:00:00+09:00,529.0,529.0,529.0,529.0,100,0.0,0.0
2022-02-28 00:00:00+09:00,529.0,529.0,529.0,529.0,0,0.0,0.0
2022-03-01 00:00:00+09:00,529.0,529.0,529.0,529.0,0,0.0,0.0
2022-03-02 00:00:00+09:00,529.0,529.0,529.0,529.0,0,0.0,0.0
2022-03-03 00:00:00+09:00,530.0,530.0,530.0,530.0,100,0.0,0.0
2022-03-04 00:00:00+09:00,519.0,519.0,519.0,519.0,50300,0.0,0.0
2022-03-07 00:00:00+09:00,519.0,519.0,519.0,519.0,0,0.0,0.0
2022-03-08 00:00:00+09:00,519.0,519.0,519.0,519.0,0,0.0,0.0
2022-03-09 00:00:00+09:00,508.0,508.0,508.0,508.0,1000,0.0,0.0
2022-03-10 00:00:00+09:00,508.0,508.0,508.0,508.0,0,0.0,0.0
2022-03-11 00:00:00+09:00,508.0,508.0,508.0,508.0,0,0.0,0.0
2022-03-14 00:00:00+09:00,508.0,508.0,508.0,508.0,0,0.0,0.0
2022-03-15 00:00:00+09:00,508.0,508.0,508.0,508.0,0,0.0,0.0
2022-03-16 00:00:00+09:00,508.0,508.0,508.0,508.0,0,0.0,0.0
2022-03-17 00:00:00+09:00,508.0,508.0,508.0,508.0,0,0.0,0.0
2022-03-18 00:00:00+09:00,508.0,508.0,508.0,508.0,0,0.0,0.0
2022-03-22 00:00:00+09:00,490.0,507.0,490.0,507.0,1100,0.0,0.0
2022-03-23 00:00:00+09:00,507.0,507.0,507.0,507.0,0,0.0,0.0
2022-03-24 00:00:00+09:00,507.0,507.0,507.0,507.0,0,0.0,0.0
2022-03-25 00:00:00+09:00,517.0,521.0,517.0,521.0,700,0.0,0.0
2022-03-28 00:00:00+09:00,521.0,521.0,521.0,521.0,100,0.0,0.0
2022-03-29 00:00:00+09:00,521.0,521.0,521.0,521.0,0,0.0,0.0
2022-03-30 00:00:00+09:00,512.0,512.0,512.0,512.0,100,0.0,0.0
2022-03-31 00:00:00+09:00,512.0,512.0,512.0,512.0,0,0.0,0.0
2022-04-01 00:00:00+09:00,512.0,512.0,512.0,512.0,0,0.0,0.0
2022-04-04 00:00:00+09:00,508.0,510.0,508.0,508.0,300,0.0,0.0
2022-04-05 00:00:00+09:00,508.0,508.0,508.0,508.0,100,0.0,0.0
2022-04-06 00:00:00+09:00,510.0,510.0,510.0,510.0,100,0.0,0.0
2022-04-07 00:00:00+09:00,510.0,510.0,510.0,510.0,100,0.0,0.0
2022-04-08 00:00:00+09:00,519.0,519.0,510.0,510.0,300,0.0,0.0
2022-04-11 00:00:00+09:00,508.0,508.0,508.0,508.0,200,0.0,0.0
2022-04-12 00:00:00+09:00,508.0,508.0,508.0,508.0,0,0.0,0.0
2022-04-13 00:00:00+09:00,508.0,508.0,507.0,507.0,200,0.0,0.0
2022-04-14 00:00:00+09:00,506.0,506.0,503.0,503.0,300,0.0,0.0
2022-04-15 00:00:00+09:00,503.0,503.0,503.0,503.0,0,0.0,0.0
2022-04-18 00:00:00+09:00,503.0,503.0,503.0,503.0,0,0.0,0.0
2022-04-19 00:00:00+09:00,503.0,503.0,503.0,503.0,0,0.0,0.0
2022-04-20 00:00:00+09:00,503.0,503.0,503.0,503.0,0,0.0,0.0
2022-04-21 00:00:00+09:00,503.0,503.0,503.0,503.0,0,0.0,0.0
2022-04-22 00:00:00+09:00,503.0,503.0,503.0,503.0,0,0.0,0.0
2022-04-25 00:00:00+09:00,503.0,503.0,503.0,503.0,0,0.0,0.0
2022-04-26 00:00:00+09:00,513.0,513.0,513.0,513.0,100,0.0,0.0
2022-04-27 00:00:00+09:00,513.0,513.0,513.0,513.0,0,0.0,0.0
2022-04-28 00:00:00+09:00,513.0,513.0,513.0,513.0,0,0.0,0.0
2022-05-02 00:00:00+09:00,513.0,513.0,513.0,513.0,0,0.0,0.0
2022-05-06 00:00:00+09:00,513.0,513.0,513.0,513.0,0,0.0,0.0
2022-05-09 00:00:00+09:00,496.0,516.0,496.0,510.0,1900,0.0,0.0
2022-05-10 00:00:00+09:00,510.0,510.0,510.0,510.0,0,0.0,0.0
2022-05-11 00:00:00+09:00,510.0,510.0,510.0,510.0,0,0.0,0.0
2022-05-12 00:00:00+09:00,510.0,510.0,510.0,510.0,0,0.0,0.0
2022-05-13 00:00:00+09:00,501.0,501.0,501.0,501.0,200,0.0,0.0
2022-05-16 00:00:00+09:00,501.0,501.0,501.0,501.0,0,0.0,0.0
2022-05-17 00:00:00+09:00,501.0,501.0,501.0,501.0,0,0.0,0.0
2022-05-18 00:00:00+09:00,501.0,501.0,501.0,501.0,0,0.0,0.0
2022-05-19 00:00:00+09:00,501.0,501.0,501.0,501.0,0,0.0,0.0
2022-05-20 00:00:00+09:00,501.0,501.0,501.0,501.0,0,0.0,0.0
2022-05-23 00:00:00+09:00,501.0,501.0,501.0,501.0,0,0.0,0.0
2022-05-24 00:00:00+09:00,501.0,501.0,501.0,501.0,0,0.0,0.0
2022-05-25 00:00:00+09:00,501.0,501.0,501.0,501.0,0,0.0,0.0
2022-05-26 00:00:00+09:00,501.0,501.0,501.0,501.0,0,0.0,0.0
2022-05-27 00:00:00+09:00,500.0,500.0,500.0,500.0,100,0.0,0.0
2022-05-30 00:00:00+09:00,510.0,512.0,510.0,512.0,200,0.0,0.0
2022-05-31 00:00:00+09:00,512.0,512.0,512.0,512.0,0,0.0,0.0
2022-06-01 00:00:00+09:00,512.0,512.0,512.0,512.0,0,0.0,0.0
2022-06-02 00:00:00+09:00,512.0,512.0,512.0,512.0,0,0.0,0.0
2022-06-03 00:00:00+09:00,513.0,533.0,513.0,533.0,2200,0.0,0.0
2022-06-06 00:00:00+09:00,523.0,523.0,523.0,523.0,100,0.0,0.0
2022-06-07 00:00:00+09:00,523.0,523.0,523.0,523.0,0,0.0,0.0
2022-06-08 00:00:00+09:00,520.0,520.0,520.0,520.0,100,0.0,0.0
2022-06-09 00:00:00+09:00,520.0,520.0,519.0,519.0,200,0.0,0.0
2022-06-10 00:00:00+09:00,519.0,519.0,519.0,519.0,0,0.0,0.0
2022-06-13 00:00:00+09:00,519.0,519.0,519.0,519.0,0,0.0,0.0
2022-06-14 00:00:00+09:00,529.0,529.0,519.0,519.0,400,0.0,0.0
2022-06-15 00:00:00+09:00,519.0,519.0,519.0,519.0,0,0.0,0.0
2022-06-16 00:00:00+09:00,519.0,519.0,519.0,519.0,100,0.0,0.0
2022-06-17 00:00:00+09:00,505.0,505.0,505.0,505.0,100,0.0,0.0
2022-06-20 00:00:00+09:00,510.0,510.0,508.0,508.0,500,0.0,0.0
2022-06-21 00:00:00+09:00,509.0,509.0,509.0,509.0,100,0.0,0.0
2022-06-22 00:00:00+09:00,509.0,509.0,509.0,509.0,0,0.0,0.0
2022-06-23 00:00:00+09:00,509.0,509.0,509.0,509.0,0,0.0,0.0
2022-06-24 00:00:00+09:00,529.0,529.0,525.0,525.0,200,0.0,0.0
2022-06-27 00:00:00+09:00,505.0,505.0,505.0,505.0,100,0.0,0.0
2022-06-28 00:00:00+09:00,506.0,510.0,506.0,510.0,200,0.0,0.0
2022-06-29 00:00:00+09:00,520.0,520.0,520.0,520.0,100,0.0,0.0
2022-06-30 00:00:00+09:00,528.0,528.0,518.0,518.0,200,0.0,0.0
2022-07-01 00:00:00+09:00,518.0,518.0,518.0,518.0,0,0.0,0.0
2022-07-04 00:00:00+09:00,500.0,504.0,496.0,496.0,1900,0.0,0.0
2022-07-05 00:00:00+09:00,496.0,497.0,496.0,497.0,1300,0.0,0.0
2022-07-06 00:00:00+09:00,505.0,505.0,496.0,496.0,3600,0.0,0.0
2022-07-07 00:00:00+09:00,496.0,496.0,496.0,496.0,1300,0.0,0.0
2022-07-08 00:00:00+09:00,496.0,496.0,496.0,496.0,0,0.0,0.0
2022-07-11 00:00:00+09:00,504.0,504.0,497.0,497.0,300,0.0,0.0
2022-07-12 00:00:00+09:00,497.0,497.0,497.0,497.0,0,0.0,0.0
2022-07-13 00:00:00+09:00,495.0,495.0,495.0,495.0,100,0.0,0.0
2022-07-14 00:00:00+09:00,496.0,496.0,496.0,496.0,200,0.0,0.0
2022-07-15 00:00:00+09:00,494.0,494.0,494.0,494.0,200,0.0,0.0
2022-07-19 00:00:00+09:00,494.0,494.0,494.0,494.0,0,0.0,0.0
2022-07-20 00:00:00+09:00,494.0,494.0,494.0,494.0,0,0.0,0.0
2022-07-21 00:00:00+09:00,494.0,494.0,494.0,494.0,0,0.0,0.0
2022-07-22 00:00:00+09:00,494.0,494.0,494.0,494.0,0,0.0,0.0
2022-07-25 00:00:00+09:00,507.0,509.0,507.0,509.0,200,0.0,0.0
2022-07-26 00:00:00+09:00,503.0,503.0,503.0,503.0,100,0.0,0.0
2022-07-27 00:00:00+09:00,503.0,503.0,503.0,503.0,0,0.0,0.0
2022-07-28 00:00:00+09:00,503.0,503.0,503.0,503.0,0,0.0,0.0
2022-07-29 00:00:00+09:00,503.0,503.0,503.0,503.0,0,0.0,0.0
2022-08-01 00:00:00+09:00,496.0,496.0,493.0,493.0,1000,0.0,0.0
2022-08-02 00:00:00+09:00,496.0,496.0,496.0,496.0,100,0.0,0.0
2022-08-03 00:00:00+09:00,496.0,496.0,496.0,496.0,0,0.0,0.0
2022-08-04 00:00:00+09:00,498.0,515.0,494.0,494.0,1500,0.0,0.0
2022-08-05 00:00:00+09:00,494.0,494.0,494.0,494.0,300,0.0,0.0
2022-08-08 00:00:00+09:00,493.0,493.0,493.0,493.0,100,0.0,0.0
2022-08-09 00:00:00+09:00,501.0,501.0,501.0,501.0,100,0.0,0.0
2022-08-10 00:00:00+09:00,501.0,501.0,501.0,501.0,0,0.0,0.0
2022-08-12 00:00:00+09:00,500.0,505.0,500.0,505.0,300,0.0,0.0
2022-08-15 00:00:00+09:00,512.0,512.0,511.0,511.0,2100,0.0,0.0
2022-08-16 00:00:00+09:00,501.0,501.0,500.0,500.0,500,0.0,0.0
2022-08-17 00:00:00+09:00,505.0,506.0,505.0,506.0,200,0.0,0.0
2022-08-18 00:00:00+09:00,506.0,506.0,506.0,506.0,0,0.0,0.0
2022-08-19 00:00:00+09:00,506.0,506.0,506.0,506.0,0,0.0,0.0
2022-08-22 00:00:00+09:00,506.0,506.0,506.0,506.0,0,0.0,0.0
2022-08-23 00:00:00+09:00,507.0,507.0,500.0,500.0,700,0.0,0.0
2022-08-24 00:00:00+09:00,500.0,500.0,500.0,500.0,0,0.0,0.0
2022-08-25 00:00:00+09:00,500.0,500.0,500.0,500.0,0,0.0,0.0
2022-08-26 00:00:00+09:00,502.0,502.0,502.0,502.0,100,0.0,0.0
2022-08-29 00:00:00+09:00,502.0,502.0,502.0,502.0,0,0.0,0.0
2022-08-30 00:00:00+09:00,502.0,502.0,502.0,502.0,0,0.0,0.0
2022-08-31 00:00:00+09:00,500.0,500.0,495.0,495.0,200,0.0,0.0
2022-09-01 00:00:00+09:00,496.0,496.0,496.0,496.0,100,0.0,0.0
2022-09-02 00:00:00+09:00,495.0,497.0,495.0,496.0,400,0.0,0.0
2022-09-05 00:00:00+09:00,496.0,496.0,496.0,496.0,0,0.0,0.0
2022-09-06 00:00:00+09:00,496.0,496.0,496.0,496.0,0,0.0,0.0
2022-09-07 00:00:00+09:00,496.0,496.0,496.0,496.0,0,0.0,0.0
2022-09-08 00:00:00+09:00,496.0,496.0,496.0,496.0,0,0.0,0.0
2022-09-09 00:00:00+09:00,505.0,505.0,498.0,499.0,300,0.0,0.0
2022-09-12 00:00:00+09:00,500.0,500.0,500.0,500.0,300,0.0,0.0
2022-09-13 00:00:00+09:00,500.0,500.0,500.0,500.0,0,0.0,0.0
2022-09-14 00:00:00+09:00,505.0,514.0,505.0,514.0,200,0.0,0.0
2022-09-15 00:00:00+09:00,510.0,510.0,510.0,510.0,100,0.0,0.0
2022-09-16 00:00:00+09:00,513.0,513.0,513.0,513.0,100,0.0,0.0
2022-09-20 00:00:00+09:00,507.0,507.0,507.0,507.0,100,0.0,0.0
2022-09-21 00:00:00+09:00,503.0,513.0,503.0,513.0,600,0.0,0.0
2022-09-22 00:00:00+09:00,513.0,513.0,513.0,513.0,100,0.0,0.0
2022-09-26 00:00:00+09:00,513.0,513.0,512.0,512.0,200,0.0,0.0
2022-09-27 00:00:00+09:00,512.0,512.0,511.0,511.0,400,0.0,0.0
2022-09-28 00:00:00+09:00,504.0,504.0,504.0,504.0,100,0.0,0.0
2022-09-29 00:00:00+09:00,495.0,504.0,494.0,494.0,52600,0.0,0.0
2022-09-30 00:00:00+09:00,499.0,499.0,494.0,494.0,200,0.0,0.0
2022-10-03 00:00:00+09:00,502.0,502.0,502.0,502.0,100,0.0,0.0
2022-10-04 00:00:00+09:00,502.0,502.0,502.0,502.0,0,0.0,0.0
2022-10-05 00:00:00+09:00,502.0,502.0,502.0,502.0,0,0.0,0.0
2022-10-06 00:00:00+09:00,492.0,492.0,492.0,492.0,100,0.0,0.0
2022-10-07 00:00:00+09:00,492.0,492.0,492.0,492.0,0,0.0,0.0
2022-10-11 00:00:00+09:00,492.0,492.0,486.0,489.0,900,0.0,0.0
2022-10-12 00:00:00+09:00,489.0,489.0,489.0,489.0,0,0.0,0.0
2022-10-13 00:00:00+09:00,489.0,489.0,489.0,489.0,0,0.0,0.0
2022-10-14 00:00:00+09:00,490.0,490.0,490.0,490.0,100,0.0,0.0
2022-10-17 00:00:00+09:00,490.0,490.0,490.0,490.0,0,0.0,0.0
2022-10-18 00:00:00+09:00,490.0,490.0,490.0,490.0,0,0.0,0.0
2022-10-19 00:00:00+09:00,497.0,497.0,497.0,497.0,100,0.0,0.0
2022-10-20 00:00:00+09:00,497.0,497.0,497.0,497.0,0,0.0,0.0
2022-10-21 00:00:00+09:00,497.0,497.0,497.0,497.0,0,0.0,0.0
2022-10-24 00:00:00+09:00,497.0,497.0,497.0,497.0,400,0.0,0.0
2022-10-25 00:00:00+09:00,497.0,497.0,497.0,497.0,0,0.0,0.0
2022-10-26 00:00:00+09:00,497.0,497.0,497.0,497.0,1100,0.0,0.0
2022-10-27 00:00:00+09:00,497.0,497.0,497.0,497.0,0,0.0,0.0
2022-10-28 00:00:00+09:00,491.0,493.0,491.0,493.0,200,0.0,0.0
2022-10-31 00:00:00+09:00,497.0,497.0,490.0,490.0,700,0.0,0.0
2022-11-01 00:00:00+09:00,490.0,490.0,490.0,490.0,200,0.0,0.0
2022-11-02 00:00:00+09:00,490.0,492.0,487.0,487.0,700,0.0,0.0
2022-11-04 00:00:00+09:00,495.0,495.0,495.0,495.0,100,0.0,0.0
2022-11-07 00:00:00+09:00,495.0,495.0,495.0,495.0,0,0.0,0.0
2022-11-08 00:00:00+09:00,494.0,494.0,494.0,494.0,200,0.0,0.0
2022-11-09 00:00:00+09:00,495.0,504.0,495.0,503.0,2000,0.0,0.0
2022-11-10 00:00:00+09:00,487.0,491.0,482.0,491.0,2100,0.0,0.0
2022-11-11 00:00:00+09:00,491.0,491.0,491.0,491.0,1100,0.0,0.0
2022-11-14 00:00:00+09:00,491.0,491.0,491.0,491.0,0,0.0,0.0
2022-11-15 00:00:00+09:00,491.0,491.0,491.0,491.0,0,0.0,0.0
2022-11-16 00:00:00+09:00,491.0,491.0,491.0,491.0,0,0.0,0.0
2022-11-17 00:00:00+09:00,491.0,491.0,491.0,491.0,0,0.0,0.0
2022-11-18 00:00:00+09:00,491.0,491.0,485.0,485.0,300,0.0,0.0
2022-11-21 00:00:00+09:00,487.0,487.0,487.0,487.0,100,0.0,0.0
2022-11-22 00:00:00+09:00,487.0,487.0,487.0,487.0,0,0.0,0.0
2022-11-24 00:00:00+09:00,494.0,495.0,494.0,495.0,300,0.0,0.0
2022-11-25 00:00:00+09:00,495.0,495.0,495.0,495.0,100,0.0,0.0
2022-11-28 00:00:00+09:00,495.0,495.0,495.0,495.0,0,0.0,0.0
2022-11-29 00:00:00+09:00,495.0,495.0,495.0,495.0,0,0.0,0.0
2022-11-30 00:00:00+09:00,495.0,495.0,495.0,495.0,100,0.0,0.0
2022-12-01 00:00:00+09:00,495.0,495.0,495.0,495.0,0,0.0,0.0
2022-12-02 00:00:00+09:00,495.0,495.0,495.0,495.0,0,0.0,0.0
2022-12-05 00:00:00+09:00,495.0,495.0,495.0,495.0,0,0.0,0.0
2022-12-06 00:00:00+09:00,495.0,495.0,495.0,495.0,0,0.0,0.0
2022-12-07 00:00:00+09:00,485.0,485.0,478.0,478.0,1100,0.0,0.0
2022-12-08 00:00:00+09:00,478.0,479.0,476.0,478.0,1500,0.0,0.0
2022-12-09 00:00:00+09:00,482.0,482.0,482.0,482.0,200,0.0,0.0
2022-12-12 00:00:00+09:00,482.0,482.0,482.0,482.0,0,0.0,0.0
2022-12-13 00:00:00+09:00,490.0,490.0,490.0,490.0,200,0.0,0.0
2022-12-14 00:00:00+09:00,490.0,490.0,490.0,490.0,0,0.0,0.0
2022-12-15 00:00:00+09:00,490.0,490.0,490.0,490.0,0,0.0,0.0
2022-12-16 00:00:00+09:00,490.0,490.0,490.0,490.0,0,0.0,0.0
2022-12-19 00:00:00+09:00,487.0,487.0,487.0,487.0,200,0.0,0.0
2022-12-20 00:00:00+09:00,487.0,487.0,487.0,487.0,0,0.0,0.0
2022-12-21 00:00:00+09:00,483.0,493.0,478.0,485.0,500,0.0,0.0
2022-12-22 00:00:00+09:00,485.0,485.0,485.0,485.0,800,0.0,0.0
2022-12-23 00:00:00+09:00,485.0,487.0,485.0,487.0,400,0.0,0.0
2022-12-26 00:00:00+09:00,496.0,496.0,495.0,495.0,1100,0.0,0.0
2022-12-27 00:00:00+09:00,481.0,489.0,481.0,489.0,500,0.0,0.0
2022-12-28 00:00:00+09:00,490.0,490.0,490.0,490.0,1100,0.0,0.0
2022-12-29 00:00:00+09:00,490.0,490.0,490.0,490.0,0,0.0,0.0
2022-12-30 00:00:00+09:00,482.0,482.0,482.0,482.0,100,0.0,0.0
2023-01-04 00:00:00+09:00,482.0,482.0,482.0,482.0,0,0.0,0.0
2023-01-05 00:00:00+09:00,482.0,482.0,482.0,482.0,0,0.0,0.0
2023-01-06 00:00:00+09:00,482.0,482.0,476.0,476.0,52600,0.0,0.0
2023-01-10 00:00:00+09:00,476.0,476.0,476.0,476.0,0,0.0,0.0
2023-01-11 00:00:00+09:00,476.0,476.0,476.0,476.0,0,0.0,0.0
2023-01-12 00:00:00+09:00,479.0,479.0,479.0,479.0,100,0.0,0.0
2023-01-13 00:00:00+09:00,479.0,479.0,479.0,479.0,100,0.0,0.0
2023-01-16 00:00:00+09:00,476.0,476.0,476.0,476.0,100,0.0,0.0
2023-01-17 00:00:00+09:00,476.0,476.0,476.0,476.0,100,0.0,0.0
2023-01-18 00:00:00+09:00,476.0,477.0,476.0,476.0,400,0.0,0.0
2023-01-19 00:00:00+09:00,476.0,476.0,476.0,476.0,100,0.0,0.0
2023-01-20 00:00:00+09:00,475.0,475.0,475.0,475.0,400,0.0,0.0
2023-01-23 00:00:00+09:00,478.0,478.0,477.0,477.0,200,0.0,0.0
2023-01-24 00:00:00+09:00,475.0,478.0,473.0,473.0,400,0.0,0.0
2023-01-25 00:00:00+09:00,473.0,483.0,462.0,472.0,4700,0.0,0.0
2023-01-26 00:00:00+09:00,470.0,470.0,469.0,470.0,1800,0.0,0.0
2023-01-27 00:00:00+09:00,466.0,470.0,464.0,470.0,2700,0.0,0.0
2023-01-30 00:00:00+09:00,465.0,467.0,457.0,457.0,4300,0.0,0.0
2023-01-31 00:00:00+09:00,458.0,459.0,456.0,457.0,2100,0.0,0.0
2023-02-01 00:00:00+09:00,463.0,464.0,456.0,464.0,1500,0.0,0.0
2023-02-02 00:00:00+09:00,460.0,472.0,456.0,462.0,5700,0.0,0.0
2023-02-03 00:00:00+09:00,456.0,462.0,456.0,456.0,2900,0.0,0.0
2023-02-06 00:00:00+09:00,457.0,460.0,456.0,456.0,2200,0.0,0.0
2023-02-07 00:00:00+09:00,457.0,460.0,456.0,456.0,600,0.0,0.0
2023-02-08 00:00:00+09:00,456.0,464.0,456.0,459.0,600,0.0,0.0
2023-02-09 00:00:00+09:00,457.0,464.0,457.0,457.0,600,0.0,0.0
2023-02-10 00:00:00+09:00,460.0,462.0,456.0,457.0,1600,0.0,0.0
2023-02-13 00:00:00+09:00,456.0,460.0,456.0,457.0,1900,0.0,0.0
2023-02-14 00:00:00+09:00,457.0,457.0,456.0,457.0,2700,0.0,0.0
2023-02-15 00:00:00+09:00,457.0,457.0,456.0,457.0,5700,0.0,0.0
2023-02-16 00:00:00+09:00,457.0,457.0,456.0,457.0,1800,0.0,0.0
2023-02-17 00:00:00+09:00,457.0,457.0,456.0,456.0,4100,0.0,0.0
2023-02-20 00:00:00+09:00,458.0,458.0,452.0,452.0,3400,0.0,0.0
2023-02-21 00:00:00+09:00,453.0,457.0,453.0,457.0,1400,0.0,0.0
2023-02-22 00:00:00+09:00,454.0,457.0,454.0,456.0,1300,0.0,0.0
2023-02-24 00:00:00+09:00,456.0,457.0,456.0,457.0,200,0.0,0.0
2023-02-27 00:00:00+09:00,457.0,457.0,454.0,454.0,1500,0.0,0.0
2023-02-28 00:00:00+09:00,453.0,454.0,453.0,453.0,4300,0.0,0.0
2023-03-01 00:00:00+09:00,454.0,457.0,453.0,456.0,8200,0.0,0.0
2023-03-02 00:00:00+09:00,455.0,455.0,454.0,455.0,900,0.0,0.0
2023-03-03 00:00:00+09:00,455.0,455.0,452.0,452.0,4600,0.0,0.0
2023-03-06 00:00:00+09:00,452.0,452.0,445.0,446.0,6400,0.0,0.0
2023-03-07 00:00:00+09:00,445.0,448.0,444.0,448.0,1500,0.0,0.0
2023-03-08 00:00:00+09:00,449.0,450.0,448.0,449.0,5600,0.0,0.0
2023-03-09 00:00:00+09:00,449.0,449.0,449.0,449.0,900,0.0,0.0
2023-03-10 00:00:00+09:00,449.0,450.0,449.0,450.0,800,0.0,0.0
2023-03-13 00:00:00+09:00,448.0,450.0,448.0,449.0,1300,0.0,0.0
2023-03-14 00:00:00+09:00,449.0,449.0,448.0,448.0,1800,0.0,0.0
2023-03-15 00:00:00+09:00,449.0,449.0,449.0,449.0,1700,0.0,0.0
2023-03-16 00:00:00+09:00,449.0,449.0,448.0,448.0,700,0.0,0.0
2023-03-17 00:00:00+09:00,449.0,449.0,449.0,449.0,100,0.0,0.0
2023-03-20 00:00:00+09:00,449.0,449.0,447.0,447.0,1000,0.0,0.0
2023-03-22 00:00:00+09:00,447.0,447.0,447.0,447.0,300,0.0,0.0
2023-03-23 00:00:00+09:00,447.0,460.0,447.0,453.0,6700,0.0,0.0
2023-03-24 00:00:00+09:00,446.0,450.0,446.0,449.0,5500,0.0,0.0
2023-03-27 00:00:00+09:00,445.0,448.0,442.0,442.0,2800,0.0,0.0
2023-03-28 00:00:00+09:00,443.0,448.0,443.0,443.0,3300,0.0,0.0
2023-03-29 00:00:00+09:00,443.0,448.0,443.0,443.0,2300,0.0,0.0
2023-03-30 00:00:00+09:00,445.0,445.0,444.0,444.0,500,0.0,0.0
2023-03-31 00:00:00+09:00,446.0,448.0,443.0,444.0,4600,0.0,0.0
2023-04-03 00:00:00+09:00,444.0,444.0,444.0,444.0,300,0.0,0.0
2023-04-04 00:00:00+09:00,444.0,445.0,444.0,445.0,400,0.0,0.0
2023-04-05 00:00:00+09:00,445.0,445.0,444.0,444.0,500,0.0,0.0
2023-04-06 00:00:00+09:00,444.0,445.0,444.0,445.0,3200,0.0,0.0
2023-04-07 00:00:00+09:00,445.0,445.0,443.0,445.0,1200,0.0,0.0
2023-04-10 00:00:00+09:00,444.0,444.0,444.0,444.0,200,0.0,0.0
2023-04-11 00:00:00+09:00,443.0,445.0,443.0,443.0,700,0.0,0.0
2023-04-12 00:00:00+09:00,444.0,445.0,444.0,445.0,11500,0.0,0.0
2023-04-13 00:00:00+09:00,444.0,445.0,444.0,445.0,1600,0.0,0.0
2023-04-14 00:00:00+09:00,444.0,444.0,444.0,444.0,200,0.0,0.0
2023-04-17 00:00:00+09:00,444.0,444.0,444.0,444.0,1400,0.0,0.0
2023-04-18 00:00:00+09:00,443.0,444.0,443.0,443.0,600,0.0,0.0
2023-04-19 00:00:00+09:00,444.0,447.0,444.0,447.0,9700,0.0,0.0
2023-04-20 00:00:00+09:00,444.0,446.0,443.0,445.0,23100,0.0,0.0
2023-04-21 00:00:00+09:00,445.0,445.0,445.0,445.0,400,0.0,0.0
2023-04-24 00:00:00+09:00,445.0,445.0,444.0,444.0,2100,0.0,0.0
2023-04-25 00:00:00+09:00,445.0,445.0,445.0,445.0,800,0.0,0.0
2023-04-26 00:00:00+09:00,443.0,444.0,443.0,444.0,1200,0.0,0.0
2023-04-27 00:00:00+09:00,445.0,445.0,444.0,445.0,300,0.0,0.0
2023-04-28 00:00:00+09:00,445.0,445.0,444.0,444.0,700,0.0,0.0
2023-05-01 00:00:00+09:00,443.0,446.0,443.0,445.0,18700,0.0,0.0
2023-05-02 00:00:00+09:00,444.0,444.0,444.0,444.0,100,0.0,0.0
2023-05-08 00:00:00+09:00,444.0,444.0,444.0,444.0,100,0.0,0.0
2023-05-09 00:00:00+09:00,444.0,451.0,444.0,451.0,31300,0.0,0.0
2023-05-10 00:00:00+09:00,450.0,451.0,446.0,451.0,2700,0.0,0.0
2023-05-11 00:00:00+09:00,444.0,444.0,442.0,442.0,5400,0.0,0.0
2023-05-12 00:00:00+09:00,442.0,442.0,441.0,441.0,7400,0.0,0.0
2023-05-15 00:00:00+09:00,444.0,444.0,443.0,443.0,200,0.0,0.0
2023-05-16 00:00:00+09:00,444.0,444.0,444.0,444.0,1000,0.0,0.0
2023-05-17 00:00:00+09:00,444.0,444.0,442.0,443.0,1300,0.0,0.0
2023-05-18 00:00:00+09:00,442.0,442.0,441.0,441.0,800,0.0,0.0
2023-05-19 00:00:00+09:00,442.0,442.0,440.0,440.0,2900,0.0,0.0
2023-05-22 00:00:00+09:00,443.0,443.0,440.0,443.0,1200,0.0,0.0
2023-05-23 00:00:00+09:00,439.0,441.0,439.0,440.0,1300,0.0,0.0
2023-05-24 00:00:00+09:00,441.0,441.0,440.0,440.0,2000,0.0,0.0
2023-05-25 00:00:00+09:00,442.0,445.0,441.0,441.0,1800,0.0,0.0
2023-05-26 00:00:00+09:00,442.0,444.0,442.0,443.0,1300,0.0,0.0
2023-05-29 00:00:00+09:00,443.0,443.0,442.0,442.0,2400,0.0,0.0
2023-05-30 00:00:00+09:00,440.0,440.0,436.0,436.0,5900,0.0,0.0
2023-05-31 00:00:00+09:00,437.0,439.0,437.0,439.0,800,0.0,0.0
2023-06-01 00:00:00+09:00,439.0,441.0,439.0,440.0,600,0.0,0.0
2023-06-02 00:00:00+09:00,441.0,441.0,440.0,440.0,300,0.0,0.0
2023-06-05 00:00:00+09:00,442.0,442.0,438.0,442.0,1500,0.0,0.0
2023-06-06 00:00:00+09:00,441.0,441.0,441.0,441.0,900,0.0,0.0
2023-06-07 00:00:00+09:00,440.0,443.0,440.0,441.0,2900,0.0,0.0
2023-06-08 00:00:00+09:00,441.0,446.0,440.0,442.0,1300,0.0,0.0
2023-06-09 00:00:00+09:00,441.0,446.0,441.0,442.0,1200,0.0,0.0
2023-06-12 00:00:00+09:00,441.0,445.0,441.0,442.0,1000,0.0,0.0
2023-06-13 00:00:00+09:00,444.0,444.0,441.0,441.0,400,0.0,0.0
2023-06-14 00:00:00+09:00,442.0,442.0,442.0,442.0,400,0.0,0.0
2023-06-15 00:00:00+09:00,442.0,442.0,442.0,442.0,100,0.0,0.0
2023-06-16 00:00:00+09:00,446.0,446.0,444.0,445.0,1100,0.0,0.0
2023-06-19 00:00:00+09:00,445.0,445.0,443.0,445.0,1900,0.0,0.0
2023-06-20 00:00:00+09:00,445.0,450.0,443.0,448.0,43700,0.0,0.0
2023-06-21 00:00:00+09:00,447.0,450.0,445.0,449.0,3500,0.0,0.0
2023-06-22 00:00:00+09:00,446.0,447.0,440.0,440.0,7900,0.0,0.0
2023-06-23 00:00:00+09:00,442.0,444.0,439.0,439.0,24500,0.0,0.0
2023-06-26 00:00:00+09:00,443.0,445.0,439.0,440.0,2400,0.0,0.0
2023-06-27 00:00:00+09:00,444.0,444.0,441.0,444.0,1600,0.0,0.0
2023-06-28 00:00:00+09:00,444.0,444.0,441.0,442.0,1000,0.0,0.0
2023-06-29 00:00:00+09:00,442.0,443.0,442.0,442.0,2200,0.0,0.0
2023-06-30 00:00:00+09:00,442.0,442.0,442.0,442.0,1200,0.0,0.0
2023-07-03 00:00:00+09:00,443.0,445.0,442.0,445.0,1900,0.0,0.0
2023-07-04 00:00:00+09:00,442.0,443.0,442.0,442.0,3800,0.0,0.0
2023-07-05 00:00:00+09:00,442.0,445.0,442.0,445.0,3100,0.0,0.0
2023-07-06 00:00:00+09:00,443.0,445.0,443.0,443.0,2300,0.0,0.0
2023-07-07 00:00:00+09:00,443.0,444.0,443.0,444.0,1500,0.0,0.0
2023-07-10 00:00:00+09:00,444.0,444.0,442.0,443.0,7400,0.0,0.0
2023-07-11 00:00:00+09:00,442.0,449.0,442.0,444.0,2100,0.0,0.0
2023-07-12 00:00:00+09:00,444.0,447.0,443.0,444.0,1800,0.0,0.0
2023-07-13 00:00:00+09:00,443.0,443.0,442.0,443.0,1700,0.0,0.0
2023-07-14 00:00:00+09:00,443.0,445.0,443.0,445.0,1300,0.0,0.0
2023-07-18 00:00:00+09:00,445.0,445.0,444.0,444.0,500,0.0,0.0
2023-07-19 00:00:00+09:00,448.0,449.0,444.0,444.0,1500,0.0,0.0
2023-07-20 00:00:00+09:00,448.0,448.0,444.0,444.0,2600,0.0,0.0
2023-07-21 00:00:00+09:00,443.0,444.0,443.0,444.0,6100,0.0,0.0
2023-07-24 00:00:00+09:00,444.0,444.0,444.0,444.0,300,0.0,0.0
2023-07-25 00:00:00+09:00,445.0,448.0,444.0,444.0,2100,0.0,0.0
2023-07-26 00:00:00+09:00,446.0,447.0,446.0,447.0,700,0.0,0.0
2023-07-27 00:00:00+09:00,445.0,447.0,444.0,445.0,3900,0.0,0.0
2023-07-28 00:00:00+09:00,445.0,445.0,444.0,444.0,600,0.0,0.0
2023-07-31 00:00:00+09:00,444.0,448.0,444.0,445.0,2300,0.0,0.0
2023-08-01 00:00:00+09:00,445.0,447.0,445.0,445.0,2900,0.0,0.0
2023-08-02 00:00:00+09:00,447.0,448.0,445.0,446.0,4300,0.0,0.0
2023-08-03 00:00:00+09:00,447.0,447.0,442.0,447.0,4200,0.0,0.0
2023-08-04 00:00:00+09:00,444.0,447.0,443.0,446.0,3400,0.0,0.0
2023-08-07 00:00:00+09:00,446.0,449.0,442.0,444.0,10800,0.0,0.0
2023-08-08 00:00:00+09:00,443.0,445.0,441.0,445.0,4200,0.0,0.0
2023-08-09 00:00:00+09:00,444.0,444.0,443.0,443.0,1300,0.0,0.0
2023-08-10 00:00:00+09:00,443.0,443.0,443.0,443.0,1600,0.0,0.0
2023-08-14 00:00:00+09:00,443.0,449.0,443.0,444.0,1000,0.0,0.0
2023-08-15 00:00:00+09:00,443.0,445.0,443.0,444.0,2400,0.0,0.0
2023-08-16 00:00:00+09:00,443.0,444.0,443.0,444.0,5100,0.0,0.0
2023-08-17 00:00:00+09:00,444.0,444.0,442.0,444.0,2100,0.0,0.0
2023-08-18 00:00:00+09:00,443.0,443.0,443.0,443.0,2100,0.0,0.0
2023-08-21 00:00:00+09:00,442.0,442.0,442.0,442.0,500,0.0,0.0
2023-08-22 00:00:00+09:00,443.0,445.0,443.0,445.0,600,0.0,0.0
2023-08-23 00:00:00+09:00,443.0,443.0,442.0,442.0,400,0.0,0.0
2023-08-24 00:00:00+09:00,444.0,444.0,443.0,443.0,1400,0.0,0.0
2023-08-25 00:00:00+09:00,444.0,444.0,444.0,444.0,600,0.0,0.0
2023-08-28 00:00:00+09:00,443.0,445.0,443.0,445.0,1400,0.0,0.0
2023-08-29 00:00:00+09:00,444.0,447.0,444.0,446.0,1500,0.0,0.0
2023-08-30 00:00:00+09:00,446.0,446.0,445.0,446.0,1300,0.0,0.0
2023-08-31 00:00:00+09:00,447.0,449.0,446.0,446.0,12800,0.0,0.0
2023-09-01 00:00:00+09:00,450.0,454.0,450.0,451.0,5600,0.0,0.0
2023-09-04 00:00:00+09:00,453.0,458.0,452.0,456.0,2000,0.0,0.0
2023-09-05 00:00:00+09:00,451.0,457.0,451.0,457.0,1400,0.0,0.0
2023-09-06 00:00:00+09:00,452.0,457.0,452.0,457.0,1300,0.0,0.0
2023-09-07 00:00:00+09:00,456.0,456.0,450.0,451.0,1000,0.0,0.0
2023-09-08 00:00:00+09:00,451.0,452.0,450.0,452.0,700,0.0,0.0
2023-09-11 00:00:00+09:00,452.0,456.0,452.0,453.0,7500,0.0,0.0
2023-09-12 00:00:00+09:00,453.0,453.0,453.0,453.0,0,0.0,0.0
2023-09-13 00:00:00+09:00,456.0,456.0,454.0,455.0,400,0.0,0.0
2023-09-14 00:00:00+09:00,461.0,461.0,461.0,461.0,400,0.0,0.0
2023-09-15 00:00:00+09:00,454.0,461.0,454.0,461.0,5800,0.0,0.0
2023-09-19 00:00:00+09:00,461.0,462.0,460.0,462.0,2500,0.0,0.0
2023-09-20 00:00:00+09:00,461.0,470.0,461.0,464.0,3700,0.0,0.0
2023-09-21 00:00:00+09:00,463.0,463.0,458.0,458.0,1000,0.0,0.0
2023-09-22 00:00:00+09:00,456.0,458.0,456.0,458.0,700,0.0,0.0
2023-09-25 00:00:00+09:00,463.0,471.0,460.0,460.0,2100,0.0,0.0
2023-09-26 00:00:00+09:00,460.0,460.0,456.0,456.0,300,0.0,0.0
2023-09-27 00:00:00+09:00,459.0,465.0,456.0,465.0,500,0.0,0.0
2023-09-28 00:00:00+09:00,455.0,455.0,453.0,453.0,96700,0.0,0.0
2023-09-29 00:00:00+09:00,454.0,454.0,453.0,453.0,500,0.0,0.0
2023-10-02 00:00:00+09:00,453.0,460.0,449.0,458.0,2300,0.0,0.0
2023-10-03 00:00:00+09:00,458.0,465.0,454.0,456.0,1800,0.0,0.0
2023-10-04 00:00:00+09:00,452.0,464.0,451.0,452.0,2800,0.0,0.0
2023-10-05 00:00:00+09:00,457.0,458.0,457.0,458.0,200,0.0,0.0
2023-10-06 00:00:00+09:00,458.0,458.0,458.0,458.0,0,0.0,0.0
2023-10-10 00:00:00+09:00,457.0,457.0,453.0,453.0,500,0.0,0.0
2023-10-11 00:00:00+09:00,453.0,456.0,453.0,456.0,800,0.0,0.0
2023-10-12 00:00:00+09:00,454.0,454.0,454.0,454.0,100,0.0,0.0
2023-10-13 00:00:00+09:00,466.0,466.0,458.0,458.0,4500,0.0,0.0
2023-10-16 00:00:00+09:00,459.0,460.0,456.0,457.0,1200,0.0,0.0
2023-10-17 00:00:00+09:00,457.0,457.0,457.0,457.0,0,0.0,0.0
2023-10-18 00:00:00+09:00,456.0,456.0,455.0,455.0,600,0.0,0.0
2023-10-19 00:00:00+09:00,455.0,455.0,445.0,448.0,3400,0.0,0.0
2023-10-20 00:00:00+09:00,451.0,452.0,450.0,452.0,300,0.0,0.0
2023-10-23 00:00:00+09:00,451.0,452.0,451.0,452.0,300,0.0,0.0
2023-10-24 00:00:00+09:00,445.0,452.0,445.0,452.0,1400,0.0,0.0
2023-10-25 00:00:00+09:00,452.0,452.0,452.0,452.0,0,0.0,0.0
2023-10-26 00:00:00+09:00,455.0,455.0,453.0,453.0,200,0.0,0.0
2023-10-27 00:00:00+09:00,454.0,454.0,454.0,454.0,200,0.0,0.0
2023-10-30 00:00:00+09:00,454.0,454.0,454.0,454.0,0,0.0,0.0
2023-10-31 00:00:00+09:00,454.0,454.0,452.0,454.0,1500,0.0,0.0
2023-11-01 00:00:00+09:00,455.0,458.0,449.0,456.0,2100,0.0,0.0
2023-11-02 00:00:00+09:00,458.0,460.0,452.0,460.0,1600,0.0,0.0
2023-11-06 00:00:00+09:00,463.0,465.0,463.0,465.0,1600,0.0,0.0
2023-11-07 00:00:00+09:00,464.0,469.0,458.0,469.0,1500,0.0,0.0
2023-11-08 00:00:00+09:00,469.0,475.0,469.0,475.0,300,0.0,0.0
2023-11-09 00:00:00+09:00,474.0,484.0,461.0,484.0,7800,0.0,0.0
2023-11-10 00:00:00+09:00,484.0,499.0,451.0,468.0,7600,0.0,0.0
2023-11-13 00:00:00+09:00,468.0,472.0,456.0,472.0,2700,0.0,0.0
2023-11-14 00:00:00+09:00,460.0,470.0,460.0,469.0,2900,0.0,0.0
2023-11-15 00:00:00+09:00,474.0,477.0,469.0,477.0,1400,0.0,0.0
2023-11-16 00:00:00+09:00,479.0,482.0,479.0,482.0,500,0.0,0.0
2023-11-17 00:00:00+09:00,480.0,490.0,479.0,488.0,11100,0.0,0.0
2023-11-20 00:00:00+09:00,490.0,490.0,483.0,483.0,400,0.0,0.0
2023-11-21 00:00:00+09:00,482.0,482.0,482.0,482.0,800,0.0,0.0
2023-11-22 00:00:00+09:00,481.0,481.0,481.0,481.0,100,0.0,0.0
2023-11-24 00:00:00+09:00,481.0,481.0,471.0,475.0,1200,0.0,0.0
2023-11-27 00:00:00+09:00,482.0,482.0,482.0,482.0,100,0.0,0.0
2023-11-28 00:00:00+09:00,490.0,495.0,490.0,495.0,1800,0.0,0.0
2023-11-29 00:00:00+09:00,487.0,488.0,487.0,488.0,400,0.0,0.0
2023-11-30 00:00:00+09:00,483.0,485.0,483.0,484.0,8200,0.0,0.0
2023-12-01 00:00:00+09:00,484.0,484.0,484.0,484.0,0,0.0,0.0
2023-12-04 00:00:00+09:00,485.0,485.0,483.0,483.0,300,0.0,0.0
2023-12-05 00:00:00+09:00,485.0,485.0,483.0,483.0,2600,0.0,0.0
2023-12-06 00:00:00+09:00,484.0,484.0,482.0,482.0,200,0.0,0.0
2023-12-07 00:00:00+09:00,471.0,485.0,471.0,485.0,19400,0.0,0.0
2023-12-08 00:00:00+09:00,565.0,565.0,520.0,533.0,141700,0.0,0.0
2023-12-11 00:00:00+09:00,529.0,532.0,494.0,515.0,35500,0.0,0.0
2023-12-12 00:00:00+09:00,522.0,522.0,509.0,515.0,3600,0.0,0.0
2023-12-13 00:00:00+09:00,515.0,515.0,512.0,512.0,2400,0.0,0.0
2023-12-14 00:00:00+09:00,512.0,518.0,505.0,505.0,3400,0.0,0.0
2023-12-15 00:00:00+09:00,505.0,513.0,502.0,513.0,1100,0.0,0.0
2023-12-18 00:00:00+09:00,513.0,513.0,502.0,504.0,2000,0.0,0.0
2023-12-19 00:00:00+09:00,504.0,510.0,504.0,508.0,5800,0.0,0.0
2023-12-20 00:00:00+09:00,510.0,510.0,502.0,502.0,1000,0.0,0.0
2023-12-21 00:00:00+09:00,503.0,509.0,503.0,509.0,800,0.0,0.0
2023-12-22 00:00:00+09:00,505.0,510.0,505.0,509.0,2100,0.0,0.0
2023-12-25 00:00:00+09:00,505.0,507.0,505.0,505.0,600,0.0,0.0
2023-12-26 00:00:00+09:00,511.0,511.0,506.0,509.0,1600,0.0,0.0
2023-12-27 00:00:00+09:00,509.0,510.0,509.0,510.0,400,0.0,0.0
2023-12-28 00:00:00+09:00,512.0,516.0,510.0,516.0,900,0.0,0.0
2023-12-29 00:00:00+09:00,510.0,518.0,509.0,513.0,2700,0.0,0.0
2024-01-04 00:00:00+09:00,517.0,517.0,513.0,516.0,1900,0.0,0.0
2024-01-05 00:00:00+09:00,506.0,529.0,503.0,515.0,15700,0.0,0.0
2024-01-09 00:00:00+09:00,515.0,528.0,514.0,520.0,3000,0.0,0.0
2024-01-10 00:00:00+09:00,525.0,525.0,515.0,520.0,3400,0.0,0.0
2024-01-11 00:00:00+09:00,520.0,523.0,513.0,523.0,3300,0.0,0.0
2024-01-12 00:00:00+09:00,520.0,525.0,517.0,521.0,800,0.0,0.0
2024-01-15 00:00:00+09:00,521.0,524.0,520.0,523.0,1200,0.0,0.0
2024-01-16 00:00:00+09:00,521.0,538.0,520.0,531.0,8700,0.0,0.0
2024-01-17 00:00:00+09:00,527.0,531.0,521.0,531.0,4000,0.0,0.0
2024-01-18 00:00:00+09:00,525.0,525.0,514.0,515.0,7400,0.0,0.0
2024-01-19 00:00:00+09:00,512.0,522.0,512.0,519.0,2600,0.0,0.0
2024-01-22 00:00:00+09:00,521.0,523.0,513.0,520.0,4400,0.0,0.0
2024-01-23 00:00:00+09:00,521.0,536.0,521.0,533.0,4000,0.0,0.0
2024-01-24 00:00:00+09:00,532.0,533.0,531.0,531.0,700,0.0,0.0
2024-01-25 00:00:00+09:00,538.0,543.0,530.0,543.0,7200,0.0,0.0
2024-01-26 00:00:00+09:00,541.0,541.0,535.0,538.0,1000,0.0,0.0
2024-01-29 00:00:00+09:00,538.0,545.0,536.0,545.0,4300,0.0,0.0
2024-01-30 00:00:00+09:00,545.0,547.0,541.0,547.0,600,0.0,0.0
2024-01-31 00:00:00+09:00,541.0,541.0,526.0,532.0,4200,0.0,0.0
2024-02-01 00:00:00+09:00,538.0,546.0,538.0,541.0,2600,0.0,0.0
2024-02-02 00:00:00+09:00,545.0,554.0,535.0,538.0,6600,0.0,0.0
2024-02-05 00:00:00+09:00,541.0,548.0,540.0,548.0,1500,0.0,0.0
2024-02-06 00:00:00+09:00,538.0,559.0,537.0,541.0,6900,0.0,0.0
2024-02-07 00:00:00+09:00,545.0,545.0,539.0,539.0,2400,0.0,0.0
2024-02-08 00:00:00+09:00,545.0,558.0,541.0,558.0,2200,0.0,0.0
2024-02-09 00:00:00+09:00,560.0,560.0,509.0,542.0,11600,0.0,0.0
2024-02-13 00:00:00+09:00,535.0,540.0,519.0,524.0,6000,0.0,0.0
2024-02-14 00:00:00+09:00,521.0,537.0,519.0,521.0,4400,0.0,0.0
2024-02-15 00:00:00+09:00,521.0,521.0,521.0,521.0,1400,0.0,0.0
2024-02-16 00:00:00+09:00,520.0,523.0,520.0,520.0,3700,0.0,0.0
2024-02-19 00:00:00+09:00,516.0,534.0,515.0,524.0,2000,0.0,0.0
2024-02-20 00:00:00+09:00,527.0,527.0,517.0,517.0,2400,0.0,0.0
2024-02-21 00:00:00+09:00,517.0,533.0,517.0,517.0,6200,0.0,0.0
2024-02-22 00:00:00+09:00,527.0,533.0,527.0,527.0,2200,0.0,0.0
2024-02-26 00:00:00+09:00,527.0,534.0,523.0,523.0,4300,0.0,0.0
2024-02-27 00:00:00+09:00,524.0,528.0,524.0,528.0,800,0.0,0.0
2024-02-28 00:00:00+09:00,528.0,528.0,521.0,521.0,2300,0.0,0.0
2024-02-29 00:00:00+09:00,525.0,525.0,525.0,525.0,300,0.0,0.0
2024-03-01 00:00:00+09:00,519.0,530.0,519.0,522.0,6500,0.0,0.0
2024-03-04 00:00:00+09:00,524.0,530.0,524.0,530.0,2800,0.0,0.0
2024-03-05 00:00:00+09:00,530.0,530.0,518.0,522.0,1800,0.0,0.0
2024-03-06 00:00:00+09:00,522.0,534.0,522.0,529.0,5000,0.0,0.0
2024-03-07 00:00:00+09:00,529.0,529.0,529.0,529.0,800,0.0,0.0
2024-03-08 00:00:00+09:00,529.0,534.0,529.0,534.0,800,0.0,0.0
2024-03-11 00:00:00+09:00,534.0,534.0,523.0,523.0,1900,0.0,0.0
2024-03-12 00:00:00+09:00,522.0,538.0,516.0,538.0,7100,0.0,0.0
2024-03-13 00:00:00+09:00,523.0,529.0,523.0,529.0,1200,0.0,0.0
2024-03-14 00:00:00+09:00,529.0,537.0,529.0,529.0,1100,0.0,0.0
2024-03-15 00:00:00+09:00,529.0,536.0,522.0,527.0,3000,0.0,0.0
2024-03-18 00:00:00+09:00,527.0,532.0,525.0,532.0,17300,0.0,0.0
2024-03-19 00:00:00+09:00,523.0,529.0,519.0,529.0,4500,0.0,0.0
2024-03-21 00:00:00+09:00,545.0,545.0,519.0,525.0,5100,0.0,0.0
2024-03-22 00:00:00+09:00,526.0,530.0,521.0,525.0,4200,0.0,0.0
2024-03-25 00:00:00+09:00,525.0,534.0,525.0,533.0,5700,0.0,0.0
2024-03-26 00:00:00+09:00,524.0,530.0,524.0,526.0,3000,0.0,0.0
2024-03-27 00:00:00+09:00,506.0,526.0,505.0,518.0,119300,0.0,0.0
2024-03-28 00:00:00+09:00,515.0,529.0,515.0,519.0,1600,0.0,0.0
2024-03-29 00:00:00+09:00,525.0,525.0,525.0,525.0,100,0.0,0.0
2024-04-01 00:00:00+09:00,525.0,525.0,525.0,525.0,0,0.0,0.0
2024-04-02 00:00:00+09:00,525.0,528.0,522.0,522.0,2000,0.0,0.0
2024-04-03 00:00:00+09:00,529.0,530.0,518.0,520.0,7100,0.0,0.0
2024-04-04 00:00:00+09:00,517.0,518.0,516.0,516.0,600,0.0,0.0
2024-04-05 00:00:00+09:00,515.0,515.0,512.0,512.0,400,0.0,0.0
2024-04-08 00:00:00+09:00,513.0,513.0,508.0,508.0,1900,0.0,0.0
2024-04-09 00:00:00+09:00,512.0,524.0,512.0,524.0,1500,0.0,0.0
2024-04-10 00:00:00+09:00,523.0,523.0,519.0,519.0,2200,0.0,0.0
2024-04-11 00:00:00+09:00,518.0,524.0,509.0,514.0,8300,0.0,0.0
2024-04-12 00:00:00+09:00,525.0,557.0,525.0,543.0,30800,0.0,0.0
2024-04-15 00:00:00+09:00,540.0,540.0,530.0,532.0,7600,0.0,0.0
2024-04-16 00:00:00+09:00,532.0,539.0,531.0,531.0,1700,0.0,0.0
2024-04-17 00:00:00+09:00,538.0,538.0,525.0,525.0,5400,0.0,0.0
2024-04-18 00:00:00+09:00,532.0,533.0,527.0,527.0,500,0.0,0.0
2024-04-19 00:00:00+09:00,527.0,531.0,527.0,527.0,600,0.0,0.0
2024-04-22 00:00:00+09:00,535.0,535.0,528.0,528.0,300,0.0,0.0
2024-04-23 00:00:00+09:00,528.0,628.0,523.0,535.0,381900,0.0,0.0
2024-04-24 00:00:00+09:00,537.0,537.0,515.0,519.0,59200,0.0,0.0
2024-04-25 00:00:00+09:00,520.0,529.0,516.0,525.0,11400,0.0,0.0
2024-04-26 00:00:00+09:00,526.0,528.0,515.0,519.0,20600,0.0,0.0
2024-04-30 00:00:00+09:00,527.0,527.0,525.0,527.0,3200,0.0,0.0
2024-05-01 00:00:00+09:00,527.0,532.0,526.0,532.0,2700,0.0,0.0
2024-05-02 00:00:00+09:00,533.0,535.0,529.0,529.0,15500,0.0,0.0
2024-05-07 00:00:00+09:00,528.0,535.0,526.0,529.0,8100,0.0,0.0
2024-05-08 00:00:00+09:00,530.0,532.0,528.0,530.0,3600,0.0,0.0
2024-05-09 00:00:00+09:00,530.0,550.0,529.0,550.0,28400,0.0,0.0
2024-05-10 00:00:00+09:00,540.0,566.0,536.0,537.0,32200,0.0,0.0
2024-05-13 00:00:00+09:00,531.0,531.0,516.0,524.0,19100,0.0,0.0
2024-05-14 00:00:00+09:00,516.0,530.0,516.0,530.0,9000,0.0,0.0
2024-05-15 00:00:00+09:00,531.0,531.0,524.0,524.0,2700,0.0,0.0
2024-05-16 00:00:00+09:00,528.0,529.0,525.0,525.0,1100,0.0,0.0
2024-05-17 00:00:00+09:00,524.0,530.0,522.0,522.0,5300,0.0,0.0
2024-05-20 00:00:00+09:00,527.0,536.0,527.0,530.0,17800,0.0,0.0
2024-05-21 00:00:00+09:00,537.0,537.0,525.0,531.0,8100,0.0,0.0
2024-05-22 00:00:00+09:00,530.0,538.0,528.0,528.0,1600,0.0,0.0
2024-05-23 00:00:00+09:00,529.0,529.0,529.0,529.0,100,0.0,0.0
2024-05-24 00:00:00+09:00,528.0,534.0,523.0,529.0,3600,0.0,0.0
2024-05-27 00:00:00+09:00,527.0,531.0,527.0,528.0,2800,0.0,0.0
2024-05-28 00:00:00+09:00,529.0,529.0,527.0,529.0,300,0.0,0.0
2024-05-29 00:00:00+09:00,529.0,531.0,526.0,526.0,2900,0.0,0.0
2024-05-30 00:00:00+09:00,524.0,530.0,522.0,530.0,4700,0.0,0.0
2024-05-31 00:00:00+09:00,527.0,533.0,527.0,530.0,1800,0.0,0.0
2024-06-03 00:00:00+09:00,530.0,533.0,527.0,530.0,2800,0.0,0.0
2024-06-04 00:00:00+09:00,532.0,532.0,528.0,530.0,4300,0.0,0.0
2024-06-05 00:00:00+09:00,530.0,530.0,529.0,529.0,200,0.0,0.0
2024-06-06 00:00:00+09:00,530.0,530.0,526.0,528.0,3600,0.0,0.0
2024-06-07 00:00:00+09:00,530.0,530.0,529.0,529.0,1100,0.0,0.0
2024-06-10 00:00:00+09:00,530.0,536.0,525.0,528.0,8900,0.0,0.0
2024-06-11 00:00:00+09:00,530.0,530.0,528.0,528.0,9000,0.0,0.0
2024-06-12 00:00:00+09:00,530.0,530.0,527.0,527.0,4000,0.0,0.0
2024-06-13 00:00:00+09:00,530.0,530.0,525.0,527.0,6900,0.0,0.0
2024-06-14 00:00:00+09:00,528.0,530.0,521.0,521.0,35400,0.0,0.0
2024-06-17 00:00:00+09:00,523.0,527.0,523.0,527.0,900,0.0,0.0
2024-06-18 00:00:00+09:00,527.0,534.0,525.0,526.0,3500,0.0,0.0
2024-06-19 00:00:00+09:00,530.0,530.0,525.0,525.0,16500,0.0,0.0
2024-06-20 00:00:00+09:00,525.0,530.0,525.0,526.0,18000,0.0,0.0
2024-06-21 00:00:00+09:00,530.0,531.0,527.0,530.0,11700,0.0,0.0
2024-06-24 00:00:00+09:00,537.0,537.0,529.0,529.0,6900,0.0,0.0
2024-06-25 00:00:00+09:00,530.0,530.0,528.0,530.0,6800,0.0,0.0
2024-06-26 00:00:00+09:00,528.0,531.0,528.0,528.0,1800,0.0,0.0
2024-06-27 00:00:00+09:00,529.0,531.0,524.0,528.0,4400,0.0,0.0
2024-06-28 00:00:00+09:00,526.0,534.0,526.0,532.0,4000,0.0,0.0
2024-07-01 00:00:00+09:00,531.0,535.0,527.0,530.0,3600,0.0,0.0
2024-07-02 00:00:00+09:00,528.0,532.0,528.0,529.0,2900,0.0,0.0
2024-07-03 00:00:00+09:00,532.0,532.0,521.0,525.0,25400,0.0,0.0
2024-07-04 00:00:00+09:00,528.0,530.0,527.0,527.0,9500,0.0,0.0
2024-07-05 00:00:00+09:00,526.0,528.0,526.0,526.0,7000,0.0,0.0
2024-07-08 00:00:00+09:00,526.0,526.0,525.0,525.0,1700,0.0,0.0
2024-07-09 00:00:00+09:00,525.0,530.0,525.0,530.0,2200,0.0,0.0
2024-07-10 00:00:00+09:00,528.0,531.0,523.0,525.0,13300,0.0,0.0
2024-07-11 00:00:00+09:00,526.0,527.0,524.0,526.0,3300,0.0,0.0
2024-07-12 00:00:00+09:00,525.0,531.0,522.0,530.0,19400,0.0,0.0
2024-07-16 00:00:00+09:00,529.0,530.0,520.0,525.0,23700,0.0,0.0
2024-07-17 00:00:00+09:00,523.0,528.0,515.0,528.0,35600,0.0,0.0
2024-07-18 00:00:00+09:00,526.0,529.0,523.0,529.0,3900,0.0,0.0
2024-07-19 00:00:00+09:00,525.0,530.0,523.0,530.0,9400,0.0,0.0
2024-07-22 00:00:00+09:00,528.0,530.0,528.0,530.0,1100,0.0,0.0
2024-07-23 00:00:00+09:00,529.0,529.0,529.0,529.0,1000,0.0,0.0
2024-07-24 00:00:00+09:00,529.0,533.0,529.0,532.0,2000,0.0,0.0
2024-07-25 00:00:00+09:00,542.0,544.0,531.0,533.0,51500,0.0,0.0
2024-07-26 00:00:00+09:00,537.0,539.0,531.0,536.0,2400,0.0,0.0
2024-07-29 00:00:00+09:00,544.0,544.0,536.0,538.0,3700,0.0,0.0
2024-07-30 00:00:00+09:00,537.0,542.0,535.0,535.0,2000,0.0,0.0
2024-07-31 00:00:00+09:00,537.0,537.0,533.0,536.0,3600,0.0,0.0
2024-08-01 00:00:00+09:00,535.0,538.0,531.0,532.0,8100,0.0,0.0
2024-08-02 00:00:00+09:00,530.0,532.0,503.0,518.0,13600,0.0,0.0
2024-08-05 00:00:00+09:00,498.0,510.0,418.0,426.0,44800,0.0,0.0
2024-08-06 00:00:00+09:00,440.0,477.0,440.0,450.0,17600,0.0,0.0
2024-08-07 00:00:00+09:00,442.0,469.0,430.0,460.0,12200,0.0,0.0
2024-08-08 00:00:00+09:00,456.0,475.0,456.0,475.0,6000,0.0,0.0
2024-08-09 00:00:00+09:00,476.0,478.0,462.0,472.0,3200,0.0,0.0
2024-08-13 00:00:00+09:00,477.0,488.0,472.0,488.0,3700,0.0,0.0
2024-08-14 00:00:00+09:00,490.0,490.0,484.0,485.0,5000,0.0,0.0
2024-08-15 00:00:00+09:00,490.0,510.0,490.0,510.0,6200,0.0,0.0
2024-08-16 00:00:00+09:00,512.0,550.0,512.0,550.0,10700,0.0,0.0
2024-08-19 00:00:00+09:00,537.0,547.0,531.0,535.0,15400,0.0,0.0
2024-08-20 00:00:00+09:00,540.0,549.0,540.0,545.0,5700,0.0,0.0
2024-08-21 00:00:00+09:00,545.0,549.0,540.0,547.0,1800,0.0,0.0
2024-08-22 00:00:00+09:00,546.0,546.0,540.0,540.0,700,0.0,0.0
2024-08-23 00:00:00+09:00,539.0,540.0,539.0,540.0,1500,0.0,0.0
2024-08-26 00:00:00+09:00,540.0,547.0,540.0,547.0,8400,0.0,0.0
2024-08-27 00:00:00+09:00,547.0,561.0,545.0,561.0,4100,0.0,0.0
2024-08-28 00:00:00+09:00,554.0,554.0,545.0,545.0,700,0.0,0.0
2024-08-29 00:00:00+09:00,542.0,546.0,542.0,546.0,900,0.0,0.0
2024-08-30 00:00:00+09:00,547.0,548.0,543.0,548.0,1700,0.0,0.0
2024-09-02 00:00:00+09:00,548.0,555.0,543.0,548.0,6400,0.0,0.0
2024-09-03 00:00:00+09:00,550.0,560.0,549.0,552.0,6500,0.0,0.0
2024-09-04 00:00:00+09:00,549.0,549.0,525.0,538.0,5700,0.0,0.0
2024-09-05 00:00:00+09:00,544.0,544.0,538.0,539.0,600,0.0,0.0
2024-09-06 00:00:00+09:00,545.0,545.0,535.0,535.0,1800,0.0,0.0
2024-09-09 00:00:00+09:00,540.0,540.0,536.0,538.0,700,0.0,0.0
2024-09-10 00:00:00+09:00,540.0,540.0,540.0,540.0,400,0.0,0.0
2024-09-11 00:00:00+09:00,536.0,536.0,531.0,534.0,1600,0.0,0.0
2024-09-12 00:00:00+09:00,536.0,538.0,534.0,536.0,2100,0.0,0.0
2024-09-13 00:00:00+09:00,537.0,538.0,534.0,534.0,1400,0.0,0.0
2024-09-17 00:00:00+09:00,500.0,509.0,489.0,502.0,54000,0.0,0.0
2024-09-18 00:00:00+09:00,504.0,506.0,500.0,501.0,11200,0.0,0.0
2024-09-19 00:00:00+09:00,501.0,515.0,492.0,507.0,26600,0.0,0.0
2024-09-20 00:00:00+09:00,511.0,519.0,500.0,510.0,11800,0.0,0.0
