Date,Open,High,Low,Close,Volume,Dividends,Stock Splits
2000-01-03 00:00:00+08:00,0.08373007797897114,0.08472686033447879,0.08073974400758743,0.08073974400758743,468367,0.0,0.0
2000-01-04 00:00:00+08:00,0.07974296050022797,0.08073974284133754,0.07874618470668793,0.07874618470668793,305265,0.0,0.0
2000-01-05 00:00:00+08:00,0.073762066482805,0.07575584059146383,0.0727652907371521,0.0727652907371521,203877,0.0,0.0
2000-01-06 00:00:00+08:00,0.07475906484581092,0.07575584059146383,0.07176850844392998,0.0727652907371521,404448,0.0,0.0
2000-01-07 00:00:00+08:00,0.07376207513802135,0.07575584948062897,0.07376207513802135,0.07575584948062897,197265,0.0,0.0
2000-01-10 00:00:00+08:00,0.07575584059146383,0.07675262288468594,0.0727652907371521,0.0727652907371521,93673,0.0,0.0
2000-01-11 00:00:00+08:00,0.0727652907371521,0.0727652907371521,0.07077173269827708,0.0727652907371521,117918,0.0,0.0
2000-01-12 00:00:00+08:00,0.07077174633741379,0.07176852227516543,0.06977496385209167,0.07077174633741379,93673,0.0,0.0
2000-01-13 00:00:00+08:00,0.07276531230178108,0.07276531230178108,0.06977497108347049,0.07176852971315384,105795,0.0,0.0
2000-01-14 00:00:00+08:00,0.06977496385209167,0.07077174633741379,0.06977496385209167,0.07077174633741379,164203,0.0,0.0
2000-01-17 00:00:00+08:00,0.07077173787725846,0.07077173787725846,0.06977495551109314,0.06977495551109314,52897,0.0,0.0
2000-01-18 00:00:00+08:00,0.0687781796924975,0.06977495551109314,0.06778139732633219,0.06977495551109314,82653,0.0,0.0
2000-01-19 00:00:00+08:00,0.06877817213535309,0.06977494784442592,0.06877817213535309,0.06877817213535309,296448,0.0,0.0
2000-01-20 00:00:00+08:00,0.06977496385209167,0.07077174633741379,0.06977496385209167,0.07077174633741379,72734,0.0,0.0
2000-01-21 00:00:00+08:00,0.06977495551109314,0.07176851369585409,0.06977495551109314,0.06977495551109314,71632,0.0,0.0
2000-01-24 00:00:00+08:00,0.06977494784442592,0.06977494784442592,0.06877817213535309,0.06877817213535309,126734,0.0,0.0
2000-01-25 00:00:00+08:00,0.0687781796924975,0.06977495551109314,0.06778139732633219,0.06977495551109314,130040,0.0,0.0
2000-01-26 00:00:00+08:00,0.0677813898787113,0.07077173010106771,0.0677813898787113,0.06877817213535309,144367,0.0,0.0
2000-01-27 00:00:00+08:00,0.06977494784442592,0.06977494784442592,0.06877817213535309,0.06877817213535309,111306,0.0,0.0
2000-01-28 00:00:00+08:00,0.0687781785599452,0.0687781785599452,0.06778139621019363,0.06778139621019363,57306,0.0,0.0
2000-01-31 00:00:00+08:00,0.06678462773561478,0.06678462773561478,0.06678462773561478,0.06678462773561478,22040,0.0,0.0
2000-02-01 00:00:00+08:00,0.06678462773561478,0.06678462773561478,0.06678462773561478,0.06678462773561478,9918,0.0,0.0
2000-02-02 00:00:00+08:00,0.06678462773561478,0.06678462773561478,0.06678462773561478,0.06678462773561478,8816,0.0,0.0
2000-02-03 00:00:00+08:00,0.06678462040801166,0.06778139621019363,0.06678462040801166,0.06778139621019363,23142,0.0,0.0
2000-02-04 00:00:00+08:00,0.06778139621019363,0.06778139621019363,0.06778139621019363,0.06778139621019363,5510,0.0,0.0
2000-02-07 00:00:00+08:00,0.06778139621019363,0.06778139621019363,0.06778139621019363,0.06778139621019363,0,0.0,0.0
2000-02-08 00:00:00+08:00,0.0657878292015447,0.0657878292015447,0.06479105353355408,0.06479105353355408,49591,0.0,0.0
2000-02-09 00:00:00+08:00,0.06678461167816933,0.06678461167816933,0.06578782945871353,0.06578782945871353,66122,0.0,0.0
2000-02-10 00:00:00+08:00,0.06578785382410379,0.07176852971315384,0.06578785382410379,0.07176852971315384,150979,0.0,0.0
2000-02-11 00:00:00+08:00,0.07176851251406073,0.07176851251406073,0.06778139621019363,0.06778139621019363,159795,0.0,0.0
2000-02-14 00:00:00+08:00,0.0687781785599452,0.0687781785599452,0.06778139621019363,0.06778139621019363,56204,0.0,0.0
2000-02-15 00:00:00+08:00,0.06778138735005643,0.06778138735005643,0.06578782945871353,0.06578782945871353,38571,0.0,0.0
2000-02-16 00:00:00+08:00,0.06479106936494819,0.06678462773561478,0.06479106936494819,0.06678462773561478,53999,0.0,0.0
2000-02-17 00:00:00+08:00,0.0647910622560781,0.06778139621019363,0.0647910622560781,0.06778139621019363,159795,0.0,0.0
2000-02-18 00:00:00+08:00,0.06778140364716292,0.06778140364716292,0.06678462773561478,0.06678462773561478,52897,0.0,0.0
2000-02-21 00:00:00+08:00,0.06678460990976462,0.06678460990976462,0.06180071858716134,0.06279749423265457,242448,0.0,0.0
2000-02-22 00:00:00+08:00,0.06180072467356489,0.06279750041722493,0.06080394238233566,0.06080394238233566,171918,0.0,0.0
2000-02-23 00:00:00+08:00,0.06279750184211746,0.06479105992224111,0.06180072607584031,0.06379427760839462,173020,0.0,0.0
2000-02-24 00:00:00+08:00,0.0637942698781478,0.0637942698781478,0.06279749423265457,0.06279749423265457,79346,0.0,0.0
2000-02-25 00:00:00+08:00,0.06578782771670283,0.06578782771670283,0.06279749423265457,0.06279749423265457,123428,0.0,0.0
2000-02-28 00:00:00+08:00,0.06080394238233566,0.06080394238233566,0.05980716663867562,0.06080394238233566,72734,0.0,0.0
2000-02-29 00:00:00+08:00,0.06180073693394661,0.06279751287535273,0.06080395444497,0.06180073693394661,121224,0.0,0.0
2000-03-01 00:00:00+08:00,0.06379428391456732,0.06379428391456732,0.059807173907756805,0.059807173907756805,136652,0.0,0.0
2000-03-02 00:00:00+08:00,0.059807173907756805,0.06080394977256694,0.059807173907756805,0.059807173907756805,94775,0.0,0.0
2000-03-03 00:00:00+08:00,0.05881036818027496,0.059807150197485406,0.05881036818027496,0.05881036818027496,87061,0.0,0.0
2000-03-06 00:00:00+08:00,0.05980718826373805,0.05980718826373805,0.0578136295080185,0.057813629508018494,53999,0.0,0.0
2000-03-07 00:00:00+08:00,0.059807179658819626,0.059807179658819626,0.05382650425214668,0.056816838681697845,77142,0.0,0.0
2000-03-08 00:00:00+08:00,0.0578136295080185,0.0578136295080185,0.0578136295080185,0.057813629508018494,26448,0.0,0.0
2000-03-09 00:00:00+08:00,0.057813632801703346,0.057813632801703346,0.055820073932409286,0.055820073932409286,67224,0.0,0.0
2000-03-10 00:00:00+08:00,0.053826515063115234,0.055820073932409286,0.053826515063115234,0.055820073932409286,65020,0.0,0.0
2000-03-13 00:00:00+08:00,0.05282971692333545,0.05382649600505829,0.05282971692333545,0.05382649600505829,55102,0.0,0.0
2000-03-14 00:00:00+08:00,0.05382649600505829,0.05382649600505829,0.05382649600505829,0.05382649600505829,13224,0.0,0.0
2000-03-15 00:00:00+08:00,0.05282971692333545,0.05382649600505829,0.05282971692333545,0.05382649600505829,71632,0.0,0.0
2000-03-16 00:00:00+08:00,0.05382649600505829,0.05382649600505829,0.05382649600505829,0.05382649600505829,0,0.0,0.0
2000-03-17 00:00:00+08:00,0.05482327508678113,0.05482327508678113,0.05382649600505829,0.05382649600505829,22040,0.0,0.0
2000-03-20 00:00:00+08:00,0.055820069919660584,0.055820069919660584,0.05282973183068654,0.054823290556669235,11020,0.0,0.0
2000-03-21 00:00:00+08:00,0.05482328348659218,0.056816838681697845,0.05382650425214668,0.056816838681697845,110204,0.0,0.0
2000-03-22 00:00:00+08:00,0.058810397150588826,0.058810397150588826,0.056816838681697845,0.056816838681697845,78244,0.0,0.0
2000-03-23 00:00:00+08:00,0.05781362864564328,0.05781362864564328,0.054823290556669235,0.054823290556669235,18734,0.0,0.0
2000-03-24 00:00:00+08:00,0.05382649600505829,0.05382649600505829,0.05382649600505829,0.05382649600505829,14326,0.0,0.0
2000-03-27 00:00:00+08:00,0.055820073932409286,0.055820073932409286,0.053826515063115234,0.055820073932409286,31959,0.0,0.0
2000-03-28 00:00:00+08:00,0.055820073932409286,0.055820073932409286,0.055820073932409286,0.055820073932409286,14326,0.0,0.0
2000-03-29 00:00:00+08:00,0.055820073932409286,0.055820073932409286,0.055820073932409286,0.055820073932409286,4408,0.0,0.0
2000-03-30 00:00:00+08:00,0.05781359271063191,0.059807150197485406,0.05781359271063191,0.05881036818027496,41877,0.0,0.0
2000-03-31 00:00:00+08:00,0.055820070752298945,0.0578136295080185,0.055820070752298945,0.057813629508018494,23142,0.0,0.0
2000-04-03 00:00:00+08:00,0.0578136295080185,0.0578136295080185,0.0578136295080185,0.057813629508018494,0,0.0,0.0
2000-04-04 00:00:00+08:00,0.05382651199657939,0.0578136295080185,0.05382651199657939,0.057813629508018494,15428,0.0,0.0
2000-04-05 00:00:00+08:00,0.057813621189928645,0.057813621189928645,0.05382650425214668,0.056816838681697845,25346,0.0,0.0
2000-04-06 00:00:00+08:00,0.05382650425214668,0.056816838681697845,0.05382650425214668,0.056816838681697845,5510,0.0,0.0
2000-04-07 00:00:00+08:00,0.05382651119367789,0.056816846008866204,0.05382651119367789,0.054823290556669235,26448,0.0,0.0
2000-04-10 00:00:00+08:00,0.05781361233194965,0.058810388139887676,0.05282971692333545,0.05382649600505829,142163,0.0,0.0
2000-04-11 00:00:00+08:00,0.05382649600505829,0.05382649600505829,0.05382649600505829,0.05382649600505829,36367,0.0,0.0
2000-04-12 00:00:00+08:00,0.05482329449776226,0.055820073932409286,0.05482329449776226,0.055820073932409286,37469,0.0,0.0
2000-04-13 00:00:00+08:00,0.05183295246769519,0.054823290556669235,0.05183295246769519,0.054823290556669235,9918,0.0,0.0
2000-04-14 00:00:00+08:00,0.05482328348659218,0.056816838681697845,0.05382650425214668,0.056816838681697845,211591,0.0,0.0
2000-04-17 00:00:00+08:00,0.05183294093861868,0.052829720079898834,0.04983938265605836,0.052829720079898834,82653,0.0,0.0
2000-04-18 00:00:00+08:00,0.05282971196707778,0.05282971196707778,0.049839375002449886,0.051832932978868484,50693,0.0,0.0
2000-04-19 00:00:00+08:00,0.05083617310470384,0.054823290556669235,0.0498393937417125,0.054823290556669235,41877,0.0,0.0
2000-04-20 00:00:00+08:00,0.05183294093861868,0.054823278362459156,0.04983938265605836,0.052829720079898834,51795,0.0,0.0
2000-04-21 00:00:00+08:00,0.052829720079898834,0.052829720079898834,0.052829720079898834,0.052829720079898834,0,0.0,0.0
2000-04-24 00:00:00+08:00,0.05083616783887075,0.05083616783887075,0.04983938857913017,0.04983938857913017,16530,0.0,0.0
2000-04-25 00:00:00+08:00,0.04983938729795323,0.04983938729795323,0.04784560948610306,0.04784560948610306,50693,0.0,0.0
2000-04-26 00:00:00+08:00,0.049839388962178446,0.050836168229579926,0.048842390351153994,0.050836168229579926,18734,0.0,0.0
2000-04-27 00:00:00+08:00,0.0498393937417125,0.054823290556669235,0.0498393937417125,0.054823290556669235,45183,0.0,0.0
2000-04-28 00:00:00+08:00,0.05382651119367789,0.056816846008866204,0.05183295246769519,0.054823290556669235,65020,0.0,0.0
2000-05-01 00:00:00+08:00,0.054823290556669235,0.054823290556669235,0.054823290556669235,0.054823290556669235,0,0.0,0.0
2000-05-02 00:00:00+08:00,0.054823290556669235,0.054823290556669235,0.054823290556669235,0.054823290556669235,3306,0.0,0.0
2000-05-03 00:00:00+08:00,0.051832937841612615,0.05382649600505829,0.051832937841612615,0.05382649600505829,34163,0.0,0.0
2000-05-04 00:00:00+08:00,0.05582005750373931,0.05582005750373931,0.052829720079898834,0.052829720079898834,63918,0.0,0.0
2000-05-05 00:00:00+08:00,0.05382649600505829,0.05482327508678113,0.05382649600505829,0.05382649600505829,29755,0.0,0.0
2000-05-08 00:00:00+08:00,0.05382649600505829,0.05382649600505829,0.05382649600505829,0.05382649600505829,11020,0.0,0.0
2000-05-09 00:00:00+08:00,0.05382649600505829,0.05382649600505829,0.05382649600505829,0.05382649600505829,0,0.0,0.0
2000-05-10 00:00:00+08:00,0.05382649600505829,0.05382649600505829,0.05382649600505829,0.05382649600505829,22040,0.0,0.0
2000-05-11 00:00:00+08:00,0.05382651119367789,0.054823290556669235,0.05382651119367789,0.054823290556669235,13224,0.0,0.0
2000-05-12 00:00:00+08:00,0.052829720079898834,0.052829720079898834,0.05183294093861868,0.052829720079898834,15428,0.0,0.0
2000-05-15 00:00:00+08:00,0.05183294749698141,0.05183294749698141,0.050836168229579926,0.050836168229579926,22040,0.0,0.0
2000-05-16 00:00:00+08:00,0.05183294749698141,0.05183294749698141,0.050836168229579926,0.050836168229579926,11020,0.0,0.0
2000-05-17 00:00:00+08:00,0.04983938857913017,0.04983938857913017,0.04983938857913017,0.04983938857913017,1102,0.0,0.0
2000-05-18 00:00:00+08:00,0.04983938857913017,0.04983938857913017,0.04983938857913017,0.04983938857913017,0,0.0,0.0
2000-05-19 00:00:00+08:00,0.04784561071602772,0.04983938857913017,0.04784561071602772,0.04983938857913017,80448,0.0,0.0
2000-05-22 00:00:00+08:00,0.04784561071602772,0.04983938857913017,0.04784561071602772,0.04983938857913017,19836,0.0,0.0
2000-05-23 00:00:00+08:00,0.046848830251985794,0.04784560948610306,0.04585205101786853,0.04784560948610306,23142,0.0,0.0
2000-05-24 00:00:00+08:00,0.04585205101786853,0.04784560948610306,0.04485527178375127,0.04784560948610306,25346,0.0,0.0
2000-05-25 00:00:00+08:00,0.04585205101786853,0.04784560948610306,0.04585205101786853,0.04784560948610306,22040,0.0,0.0
2000-05-26 00:00:00+08:00,0.043858492549634004,0.04784560948610306,0.04186493735518479,0.04784560948610306,67224,0.0,0.0
2000-05-29 00:00:00+08:00,0.0448552630841732,0.0448552630841732,0.043858484043379005,0.0448552630841732,27551,0.0,0.0
2000-05-30 00:00:00+08:00,0.0448552630841732,0.0448552630841732,0.0448552630841732,0.0448552630841732,0,0.0,0.0
2000-05-31 00:00:00+08:00,0.04385848715901375,0.04485526627061749,0.04385848715901375,0.04385848715901375,67224,0.0,0.0
2000-06-01 00:00:00+08:00,0.046848821788670475,0.046848821788670475,0.04385848462652792,0.045852042734622955,30857,0.0,0.0
2000-06-02 00:00:00+08:00,0.045852042734622955,0.045852042734622955,0.045852042734622955,0.045852042734622955,22040,0.0,0.0
2000-06-05 00:00:00+08:00,0.046848823904853995,0.046848823904853995,0.042861707508563995,0.042861707508563995,36367,0.0,0.0
2000-06-06 00:00:00+08:00,0.042861707508563995,0.042861707508563995,0.042861707508563995,0.042861707508563995,0,0.0,0.0
2000-06-07 00:00:00+08:00,0.046848821788670475,0.046848821788670475,0.045852042734622955,0.045852042734622955,110204,0.0,0.0
2000-06-08 00:00:00+08:00,0.0458520421249674,0.0458520421249674,0.0448552630841732,0.0448552630841732,31959,0.0,0.0
2000-06-09 00:00:00+08:00,0.046848830251985794,0.04784560948610306,0.046848830251985794,0.04784560948610306,135550,0.0,0.0
2000-06-12 00:00:00+08:00,0.04784560948610306,0.04784560948610306,0.04784560948610306,0.04784560948610306,5510,0.0,0.0
2000-06-13 00:00:00+08:00,0.04684882611036301,0.04684882611036301,0.04684882611036301,0.04684882611036301,34163,0.0,0.0
2000-06-14 00:00:00+08:00,0.04684882611036301,0.04684882611036301,0.045852046964364984,0.04684882611036301,25346,0.0,0.0
2000-06-15 00:00:00+08:00,0.046848821788670475,0.046848821788670475,0.045852042734622955,0.045852042734622955,102489,0.0,0.0
2000-06-16 00:00:00+08:00,0.045852046964364984,0.04684882611036301,0.045852046964364984,0.04684882611036301,27551,0.0,0.0
2000-06-19 00:00:00+08:00,0.04684882611036301,0.04684882611036301,0.04684882611036301,0.04684882611036301,0,0.0,0.0
2000-06-20 00:00:00+08:00,0.04485526781836697,0.04684882611036301,0.04485526781836697,0.04684882611036301,20938,0.0,0.0
2000-06-21 00:00:00+08:00,0.045852042734622955,0.046848821788670475,0.045852042734622955,0.045852042734622955,33061,0.0,0.0
2000-06-22 00:00:00+08:00,0.046848821788670475,0.046848821788670475,0.045852042734622955,0.045852042734622955,25346,0.0,0.0
2000-06-23 00:00:00+08:00,0.04485526368057544,0.045852042734622955,0.04485526368057544,0.045852042734622955,29755,0.0,0.0
2000-06-26 00:00:00+08:00,0.04485526368057544,0.045852042734622955,0.04485526368057544,0.045852042734622955,33061,0.0,0.0
2000-06-27 00:00:00+08:00,0.045852042734622955,0.045852042734622955,0.045852042734622955,0.045852042734622955,0,0.0,0.0
2000-06-28 00:00:00+08:00,0.04485527178375127,0.04784560948610306,0.04485527178375127,0.04784560948610306,60612,0.0,0.0
2000-06-29 00:00:00+08:00,0.04784560948610306,0.04784560948610306,0.04784560948610306,0.04784560948610306,0,0.0,0.0
2000-06-30 00:00:00+08:00,0.04784560948610306,0.04784560948610306,0.04784560948610306,0.04784560948610306,6612,0.0,0.0
2000-07-03 00:00:00+08:00,0.04684882611036301,0.04784560525636102,0.04684882611036301,0.04684882611036301,36367,0.0,0.0
2000-07-04 00:00:00+08:00,0.04684882611036301,0.04684882611036301,0.045852046964364984,0.04684882611036301,20938,0.0,0.0
2000-07-05 00:00:00+08:00,0.04684882611036301,0.04684882611036301,0.04684882611036301,0.04684882611036301,5510,0.0,0.0
2000-07-06 00:00:00+08:00,0.045852046964364984,0.04684882611036301,0.045852046964364984,0.04684882611036301,127836,0.0,0.0
2000-07-07 00:00:00+08:00,0.046848830251985794,0.04784560948610306,0.04585205101786853,0.04784560948610306,36367,0.0,0.0
2000-07-10 00:00:00+08:00,0.04983938392145109,0.04983938392145109,0.04884238541126251,0.04884238541126251,69428,0.0,0.0
2000-07-11 00:00:00+08:00,0.04784560624467472,0.05482327975439008,0.04784560624467472,0.04884238541126251,39673,0.0,0.0
2000-07-12 00:00:00+08:00,0.05183294749698141,0.05382650603178438,0.049839388962178446,0.050836168229579926,72734,0.0,0.0
2000-07-13 00:00:00+08:00,0.04983938729795323,0.04983938729795323,0.04784560948610306,0.04784560948610306,85959,0.0,0.0
2000-07-14 00:00:00+08:00,0.04784560948610306,0.04784560948610306,0.04784560948610306,0.04784560948610306,9918,0.0,0.0
2000-07-17 00:00:00+08:00,0.04784560525636102,0.04784560525636102,0.04684882611036301,0.04684882611036301,18734,0.0,0.0
2000-07-18 00:00:00+08:00,0.04684882611036301,0.04684882611036301,0.04684882611036301,0.04684882611036301,0,0.0,0.0
2000-07-19 00:00:00+08:00,0.04684882611036301,0.04684882611036301,0.04684882611036301,0.04684882611036301,0,0.0,0.0
2000-07-20 00:00:00+08:00,0.046848830251985794,0.04784560948610306,0.046848830251985794,0.04784560948610306,7714,0.0,0.0
2000-07-21 00:00:00+08:00,0.04784560948610306,0.04784560948610306,0.04784560948610306,0.04784560948610306,12122,0.0,0.0
2000-07-24 00:00:00+08:00,0.043858492549634004,0.04784560948610306,0.043858492549634004,0.04784560948610306,6612,0.0,0.0
2000-07-25 00:00:00+08:00,0.045852042734622955,0.045852042734622955,0.045852042734622955,0.045852042734622955,11020,0.0,0.0
2000-07-26 00:00:00+08:00,0.045852042734622955,0.045852042734622955,0.045852042734622955,0.045852042734622955,20938,0.0,0.0
2000-07-27 00:00:00+08:00,0.045852042734622955,0.045852042734622955,0.045852042734622955,0.045852042734622955,0,0.0,0.0
2000-07-28 00:00:00+08:00,0.0458520421249674,0.0458520421249674,0.0448552630841732,0.0448552630841732,18734,0.0,0.0
2000-07-31 00:00:00+08:00,0.04385848462652792,0.045852042734622955,0.04385848462652792,0.045852042734622955,7714,0.0,0.0
2000-08-01 00:00:00+08:00,0.04385848715901375,0.04485526627061749,0.04385848715901375,0.04385848715901375,19836,0.0,0.0
2000-08-02 00:00:00+08:00,0.045852042734622955,0.045852042734622955,0.045852042734622955,0.045852042734622955,1102,0.0,0.0
2000-08-03 00:00:00+08:00,0.04385848715901375,0.04385848715901375,0.04385848715901375,0.04385848715901375,16530,0.0,0.0
2000-08-04 00:00:00+08:00,0.04485526627061749,0.04485526627061749,0.042861708047410005,0.04385848715901375,17632,0.0,0.0
2000-08-07 00:00:00+08:00,0.04385848715901375,0.04385848715901375,0.04385848715901375,0.04385848715901375,0,0.0,0.0
2000-08-08 00:00:00+08:00,0.042861707508563995,0.042861707508563995,0.04186493168327636,0.042861707508563995,41877,0.0,0.0
2000-08-09 00:00:00+08:00,0.042861707508563995,0.042861707508563995,0.042861707508563995,0.042861707508563995,0,0.0,0.0
2000-08-10 00:00:00+08:00,0.041864929792217606,0.045852042734622955,0.041864929792217606,0.045852042734622955,14326,0.0,0.0
2000-08-11 00:00:00+08:00,0.042861707508563995,0.042861707508563995,0.04186493168327636,0.042861707508563995,37469,0.0,0.0
2000-08-14 00:00:00+08:00,0.041864932209591164,0.04385848715901375,0.041864932209591164,0.04385848715901375,27551,0.0,0.0
2000-08-15 00:00:00+08:00,0.042861707508563995,0.042861707508563995,0.042861707508563995,0.042861707508563995,36367,0.0,0.0
2000-08-16 00:00:00+08:00,0.042861708047410005,0.04385848715901375,0.042861708047410005,0.04385848715901375,60612,0.0,0.0
2000-08-17 00:00:00+08:00,0.043858492549634004,0.04784560948610306,0.043858492549634004,0.04784560948610306,123428,0.0,0.0
2000-08-18 00:00:00+08:00,0.04784560525636102,0.04784560525636102,0.041864933654157936,0.04684882611036301,18734,0.0,0.0
2000-08-21 00:00:00+08:00,0.045852042734622955,0.045852042734622955,0.045852042734622955,0.045852042734622955,51795,0.0,0.0
2000-08-22 00:00:00+08:00,0.04684882611036301,0.04684882611036301,0.045852046964364984,0.04684882611036301,33061,0.0,0.0
2000-08-23 00:00:00+08:00,0.0458520421249674,0.0458520421249674,0.043858484043379005,0.0448552630841732,180734,0.0,0.0
2000-08-24 00:00:00+08:00,0.0458520421249674,0.0458520421249674,0.0448552630841732,0.0448552630841732,9918,0.0,0.0
2000-08-25 00:00:00+08:00,0.04485526627061749,0.04485526627061749,0.04385848715901375,0.04385848715901375,112408,0.0,0.0
2000-08-28 00:00:00+08:00,0.04385848715901375,0.04385848715901375,0.04385848715901375,0.04385848715901375,25346,0.0,0.0
2000-08-29 00:00:00+08:00,0.04385848715901375,0.04385848715901375,0.042861708047410005,0.04385848715901375,49591,0.0,0.0
2000-08-30 00:00:00+08:00,0.045852045382221235,0.045852045382221235,0.04385848715901375,0.04385848715901375,48489,0.0,0.0
2000-08-31 00:00:00+08:00,0.04385848715901375,0.04385848715901375,0.04385848715901375,0.04385848715901375,53999,0.0,0.0
2000-09-01 00:00:00+08:00,0.0438584866076365,0.0438584866076365,0.042861707508563995,0.042861707508563995,15428,0.0,0.0
2000-09-04 00:00:00+08:00,0.042861707508563995,0.042861707508563995,0.042861707508563995,0.042861707508563995,8816,0.0,0.0
2000-09-05 00:00:00+08:00,0.042861711220301246,0.04585204877647592,0.04086815612330328,0.04186493530869484,145469,0.0,0.0
2000-09-06 00:00:00+08:00,0.04186493530869484,0.04186493530869484,0.04186493530869484,0.04186493530869484,47387,0.0,0.0
2000-09-07 00:00:00+08:00,0.04086815612330328,0.04186493530869484,0.037877818567128616,0.04186493530869484,171918,0.0,0.0
2000-09-08 00:00:00+08:00,0.04186493483229382,0.04186493483229382,0.03987137648419636,0.04086815565824509,37469,0.0,0.0
2000-09-11 00:00:00+08:00,0.03887459731014763,0.04086815565824509,0.03787781813609889,0.04086815565824509,16530,0.0,0.0
2000-09-12 00:00:00+08:00,0.03787782043218613,0.03987137890112962,0.03787782043218613,0.03787782043218613,45183,0.0,0.0
2000-09-13 00:00:00+08:00,0.03987137890112962,0.03987137890112962,0.03588426196324264,0.03787782043218613,136652,0.0,0.0
2000-09-14 00:00:00+08:00,0.0368810345238587,0.03887459263205528,0.0368810345238587,0.03887459263205528,6612,0.0,0.0
2000-09-15 00:00:00+08:00,0.03787781357795699,0.03887459263205528,0.03787781357795699,0.03887459263205528,16530,0.0,0.0
2000-09-18 00:00:00+08:00,0.03787781440896392,0.03787781440896392,0.03389069810509682,0.03389069810509682,84857,0.0,0.0
2000-09-19 00:00:00+08:00,0.03688103533299714,0.03688103533299714,0.03189713995316327,0.03389069810509682,204979,0.0,0.0
2000-09-20 00:00:00+08:00,0.035884256257030366,0.03688103533299714,0.03389069810509682,0.03389069810509682,369183,0.0,0.0
2000-09-21 00:00:00+08:00,0.033890698663166095,0.03488747775554657,0.033890698663166095,0.03488747775554657,111306,0.0,0.0
2000-09-22 00:00:00+08:00,0.033890698663166095,0.03488747775554657,0.033890698663166095,0.03488747775554657,62816,0.0,0.0
2000-09-25 00:00:00+08:00,0.03588426485657692,0.03588426485657692,0.03588426485657692,0.03588426485657692,55102,0.0,0.0
2000-09-26 00:00:00+08:00,0.03488747775554657,0.035884256847927044,0.03488747775554657,0.03488747775554657,87061,0.0,0.0
2000-09-27 00:00:00+08:00,0.03588426485657692,0.03588426485657692,0.03588426485657692,0.03588426485657692,34163,0.0,0.0
2000-09-28 00:00:00+08:00,0.035884256847927044,0.035884256847927044,0.03488747775554657,0.03488747775554657,139959,0.0,0.0
2000-09-29 00:00:00+08:00,0.03588426155850721,0.036881040781736374,0.03488748233527805,0.036881040781736374,76040,0.0,0.0
2000-10-02 00:00:00+08:00,0.036881040781736374,0.036881040781736374,0.036881040781736374,0.036881040781736374,0,0.0,0.0
2000-10-03 00:00:00+08:00,0.03389069810509682,0.03389069810509682,0.03389069810509682,0.03389069810509682,136652,0.0,0.0
2000-10-04 00:00:00+08:00,0.03389069810509682,0.03389069810509682,0.03389069810509682,0.03389069810509682,0,0.0,0.0
2000-10-05 00:00:00+08:00,0.035884256847927044,0.035884256847927044,0.03488747775554657,0.03488747775554657,33061,0.0,0.0
2000-10-06 00:00:00+08:00,0.03488748554173524,0.03588426485657692,0.03488748554173524,0.03588426485657692,67224,0.0,0.0
2000-10-09 00:00:00+08:00,0.03488747775554657,0.03488747775554657,0.03488747775554657,0.03488747775554657,3306,0.0,0.0
2000-10-10 00:00:00+08:00,0.03389069367502821,0.03389069367502821,0.032893914729356766,0.032893914729356766,22040,0.0,0.0
2000-10-11 00:00:00+08:00,0.028906804957796507,0.03189713880419731,0.028906804957796507,0.03189713880419731,18734,0.0,0.0
2000-10-12 00:00:00+08:00,0.03189713880419731,0.03189713880419731,0.03189713880419731,0.03189713880419731,6612,0.0,0.0
2000-10-13 00:00:00+08:00,0.030900363037920157,0.03189713880419731,0.030900363037920157,0.03189713880419731,25346,0.0,0.0
2000-10-16 00:00:00+08:00,0.03189713880419731,0.03189713880419731,0.03189713880419731,0.03189713880419731,0,0.0,0.0
2000-10-17 00:00:00+08:00,0.03189713880419731,0.03189713880419731,0.03189713880419731,0.03189713880419731,0,0.0,0.0
2000-10-18 00:00:00+08:00,0.03189713880419731,0.03189713880419731,0.03189713880419731,0.03189713880419731,0,0.0,0.0
2000-10-19 00:00:00+08:00,0.03189714195728366,0.03189714195728366,0.029903586953878403,0.029903586953878403,44081,0.0,0.0
2000-10-20 00:00:00+08:00,0.03189713995316327,0.03389069810509682,0.03189713995316327,0.03389069810509682,14326,0.0,0.0
2000-10-23 00:00:00+08:00,0.03389069810509682,0.03389069810509682,0.03389069810509682,0.03389069810509682,0,0.0,0.0
2000-10-24 00:00:00+08:00,0.02990357927827395,0.03987136483192444,0.02990357927827395,0.03987136483192444,3306,0.0,0.0
2000-10-25 00:00:00+08:00,0.03987136483192444,0.03987136483192444,0.03987136483192444,0.03987136483192444,0,0.0,0.0
2000-10-26 00:00:00+08:00,0.03987136483192444,0.03987136483192444,0.03987136483192444,0.03987136483192444,0,0.0,0.0
2000-10-27 00:00:00+08:00,0.03987136483192444,0.03987136483192444,0.03987136483192444,0.03987136483192444,0,0.0,0.0
2000-10-30 00:00:00+08:00,0.03289391265272019,0.03987136483192444,0.03289391265272019,0.03987136483192444,13224,0.0,0.0
2000-10-31 00:00:00+08:00,0.036881040781736374,0.036881040781736374,0.036881040781736374,0.036881040781736374,11020,0.0,0.0
2000-11-01 00:00:00+08:00,0.039871371686153574,0.039871371686153574,0.03787781357795699,0.03887459263205528,27551,0.0,0.0
2000-11-02 00:00:00+08:00,0.03787782043218613,0.03787782043218613,0.03787782043218613,0.03787782043218613,38571,0.0,0.0
2000-11-03 00:00:00+08:00,0.04086815565824509,0.04086815565824509,0.04086815565824509,0.04086815565824509,11020,0.0,0.0
2000-11-06 00:00:00+08:00,0.03987136483192444,0.03987136483192444,0.03987136483192444,0.03987136483192444,33061,0.0,0.0
2000-11-07 00:00:00+08:00,0.03787782043218613,0.03787782043218613,0.03787782043218613,0.03787782043218613,16530,0.0,0.0
2000-11-08 00:00:00+08:00,0.03787782043218613,0.03787782043218613,0.03787782043218613,0.03787782043218613,11020,0.0,0.0
2000-11-09 00:00:00+08:00,0.04186493530869484,0.04186493530869484,0.04186493530869484,0.04186493530869484,11020,0.0,0.0
2000-11-10 00:00:00+08:00,0.03588426196324264,0.03787782043218613,0.03588426196324264,0.03787782043218613,8816,0.0,0.0
2000-11-13 00:00:00+08:00,0.03787782043218613,0.03787782043218613,0.03787782043218613,0.03787782043218613,0,0.0,0.0
2000-11-14 00:00:00+08:00,0.03787782043218613,0.03787782043218613,0.03787782043218613,0.03787782043218613,0,0.0,0.0
2000-11-15 00:00:00+08:00,0.03987136483192444,0.03987136483192444,0.03987136483192444,0.03987136483192444,11020,0.0,0.0
2000-11-16 00:00:00+08:00,0.03987136483192444,0.03987136483192444,0.03987136483192444,0.03987136483192444,0,0.0,0.0
2000-11-17 00:00:00+08:00,0.03987136483192444,0.03987136483192444,0.03987136483192444,0.03987136483192444,0,0.0,0.0
2000-11-20 00:00:00+08:00,0.03987136483192444,0.03987136483192444,0.03987136483192444,0.03987136483192444,0,0.0,0.0
2000-11-21 00:00:00+08:00,0.04186493737007311,0.04186493737007311,0.03588426196324264,0.03787782043218613,27551,0.0,0.0
2000-11-22 00:00:00+08:00,0.03588426485657692,0.037877823486260266,0.03588426485657692,0.03588426485657692,31959,0.0,0.0
2000-11-23 00:00:00+08:00,0.03588426485657692,0.03588426485657692,0.03588426485657692,0.03588426485657692,0,0.0,0.0
2000-11-24 00:00:00+08:00,0.034887477181063595,0.034887477181063595,0.03389069810509682,0.03389069810509682,17632,0.0,0.0
2000-11-27 00:00:00+08:00,0.03910452499985695,0.03910452499985695,0.03910452499985695,0.03910452499985695,16530,0.000907,0.0
2000-11-28 00:00:00+08:00,0.03910452499985695,0.03910452499985695,0.03910452499985695,0.03910452499985695,0,0.0,0.0
2000-11-29 00:00:00+08:00,0.03910452499985695,0.03910452499985695,0.03910452499985695,0.03910452499985695,0,0.0,0.0
2000-11-30 00:00:00+08:00,0.03910452499985695,0.03910452499985695,0.03910452499985695,0.03910452499985695,0,0.0,0.0
2000-12-01 00:00:00+08:00,0.04010719433426857,0.04010719433426857,0.04010719433426857,0.04010719433426857,16530,0.0,0.0
2000-12-04 00:00:00+08:00,0.04010719433426857,0.04010719433426857,0.04010719433426857,0.04010719433426857,0,0.0,0.0
2000-12-05 00:00:00+08:00,0.04010719433426857,0.04010719433426857,0.04010719433426857,0.04010719433426857,0,0.0,0.0
2000-12-06 00:00:00+08:00,0.036096490919589996,0.036096490919589996,0.036096490919589996,0.036096490919589996,11020,0.0,0.0
2000-12-07 00:00:00+08:00,0.03810184448957443,0.03810184448957443,0.03810184448957443,0.03810184448957443,16530,0.0,0.0
2000-12-08 00:00:00+08:00,0.038101845155628096,0.04010719433426857,0.038101845155628096,0.04010719433426857,7714,0.0,0.0
2000-12-11 00:00:00+08:00,0.04110987111926079,0.04110987111926079,0.04110987111926079,0.04110987111926079,2204,0.0,0.0
2000-12-12 00:00:00+08:00,0.04110987111926079,0.04110987111926079,0.04110987111926079,0.04110987111926079,0,0.0,0.0
2000-12-13 00:00:00+08:00,0.03910452499985695,0.03910452499985695,0.03910452499985695,0.03910452499985695,16530,0.0,0.0
2000-12-14 00:00:00+08:00,0.04010719433426857,0.04010719433426857,0.04010719433426857,0.04010719433426857,11020,0.0,0.0
2000-12-15 00:00:00+08:00,0.03509382138766738,0.04010719433426857,0.03509382138766738,0.04010719433426857,15428,0.0,0.0
2000-12-18 00:00:00+08:00,0.04010719433426857,0.04010719433426857,0.04010719433426857,0.04010719433426857,0,0.0,0.0
2000-12-19 00:00:00+08:00,0.04010719433426857,0.04010719433426857,0.04010719433426857,0.04010719433426857,0,0.0,0.0
2000-12-20 00:00:00+08:00,0.04010719433426857,0.04010719433426857,0.04010719433426857,0.04010719433426857,5510,0.0,0.0
2000-12-21 00:00:00+08:00,0.04010719433426857,0.04010719433426857,0.04010719433426857,0.04010719433426857,0,0.0,0.0
2000-12-22 00:00:00+08:00,0.04010719433426857,0.04010719433426857,0.04010719433426857,0.04010719433426857,0,0.0,0.0
2000-12-25 00:00:00+08:00,0.04010719433426857,0.04010719433426857,0.04010719433426857,0.04010719433426857,0,0.0,0.0
2000-12-26 00:00:00+08:00,0.04010719433426857,0.04010719433426857,0.04010719433426857,0.04010719433426857,0,0.0,0.0
2000-12-27 00:00:00+08:00,0.04010719433426857,0.04010719433426857,0.04010719433426857,0.04010719433426857,0,0.0,0.0
2000-12-28 00:00:00+08:00,0.04010719433426857,0.04010719433426857,0.04010719433426857,0.04010719433426857,0,0.0,0.0
2000-12-29 00:00:00+08:00,0.030080451734213986,0.04010719433426857,0.030080451734213986,0.04010719433426857,12122,0.0,0.0
2001-01-01 00:00:00+08:00,0.04010719433426857,0.04010719433426857,0.04010719433426857,0.04010719433426857,0,0.0,0.0
2001-01-02 00:00:00+08:00,0.04010719433426857,0.04010719433426857,0.04010719433426857,0.04010719433426857,0,0.0,0.0
2001-01-03 00:00:00+08:00,0.04010719433426857,0.04010719433426857,0.04010719433426857,0.04010719433426857,0,0.0,0.0
2001-01-04 00:00:00+08:00,0.04010719433426857,0.04010719433426857,0.04010719433426857,0.04010719433426857,0,0.0,0.0
2001-01-05 00:00:00+08:00,0.04010719433426857,0.04010719433426857,0.04010719433426857,0.04010719433426857,0,0.0,0.0
2001-01-08 00:00:00+08:00,0.04010719433426857,0.04010719433426857,0.04010719433426857,0.04010719433426857,0,0.0,0.0
2001-01-09 00:00:00+08:00,0.04010719433426857,0.04010719433426857,0.04010719433426857,0.04010719433426857,0,0.0,0.0
2001-01-10 00:00:00+08:00,0.03409114416865199,0.037099167704582214,0.03409114416865199,0.037099167704582214,23142,0.0,0.0
2001-01-11 00:00:00+08:00,0.037099167704582214,0.037099167704582214,0.037099167704582214,0.037099167704582214,0,0.0,0.0
2001-01-12 00:00:00+08:00,0.033088469461556094,0.03509381847368425,0.03208579495549202,0.03208579495549202,45183,0.0,0.0
2001-01-15 00:00:00+08:00,0.029077773913741112,0.029077773913741112,0.029077773913741112,0.029077773913741112,19836,0.0,0.0
2001-01-16 00:00:00+08:00,0.03208579495549202,0.03208579495549202,0.030080449236511386,0.03208579495549202,79346,0.0,0.0
2001-01-17 00:00:00+08:00,0.030080449236511386,0.03208579495549202,0.030080449236511386,0.03208579495549202,13224,0.0,0.0
2001-01-18 00:00:00+08:00,0.03208579495549202,0.03208579495549202,0.03208579495549202,0.03208579495549202,0,0.0,0.0
2001-01-19 00:00:00+08:00,0.03208579495549202,0.03208579495549202,0.03208579495549202,0.03208579495549202,0,0.0,0.0
2001-01-22 00:00:00+08:00,0.03208579495549202,0.03208579495549202,0.03208579495549202,0.03208579495549202,0,0.0,0.0
2001-01-23 00:00:00+08:00,0.03208579495549202,0.03208579495549202,0.03208579495549202,0.03208579495549202,0,0.0,0.0
2001-01-24 00:00:00+08:00,0.03208579495549202,0.03208579495549202,0.03208579495549202,0.03208579495549202,0,0.0,0.0
2001-01-25 00:00:00+08:00,0.03208579495549202,0.03208579495549202,0.03208579495549202,0.03208579495549202,0,0.0,0.0
2001-01-26 00:00:00+08:00,0.03108312717827067,0.03108312717827067,0.03008045256137848,0.03008045256137848,37469,0.0,0.0
2001-01-29 00:00:00+08:00,0.03008045256137848,0.03008045256137848,0.03008045256137848,0.03008045256137848,0,0.0,0.0
2001-01-30 00:00:00+08:00,0.03008045256137848,0.03008045256137848,0.03008045256137848,0.03008045256137848,0,0.0,0.0
2001-01-31 00:00:00+08:00,0.03008045256137848,0.03008045256137848,0.03008045256137848,0.03008045256137848,0,0.0,0.0
2001-02-01 00:00:00+08:00,0.03008045256137848,0.03008045256137848,0.03008045256137848,0.03008045256137848,0,0.0,0.0
2001-02-02 00:00:00+08:00,0.03208578920367381,0.03208578920367381,0.0310831181704998,0.0310831181704998,13224,0.0,0.0
2001-02-05 00:00:00+08:00,0.03308846352999475,0.03308846352999475,0.0310831181704998,0.0310831181704998,66122,0.0,0.0
2001-02-06 00:00:00+08:00,0.03409114480018616,0.03609649386128848,0.03409114480018616,0.03409114480018616,95877,0.0,0.0
2001-02-07 00:00:00+08:00,0.03409114480018616,0.03409114480018616,0.03409114480018616,0.03409114480018616,0,0.0,0.0
2001-02-08 00:00:00+08:00,0.03208579495549202,0.03208579495549202,0.03208579495549202,0.03208579495549202,11020,0.0,0.0
2001-02-09 00:00:00+08:00,0.03208578920367381,0.03208578920367381,0.0310831181704998,0.0310831181704998,15428,0.0,0.0
2001-02-12 00:00:00+08:00,0.0310831181704998,0.0310831181704998,0.0310831181704998,0.0310831181704998,0,0.0,0.0
2001-02-13 00:00:00+08:00,0.03208579495549202,0.03208579495549202,0.03208579495549202,0.03208579495549202,5510,0.0,0.0
2001-02-14 00:00:00+08:00,0.03208579495549202,0.03208579495549202,0.03208579495549202,0.03208579495549202,0,0.0,0.0
2001-02-15 00:00:00+08:00,0.03208579495549202,0.03208579495549202,0.03208579495549202,0.03208579495549202,0,0.0,0.0
2001-02-16 00:00:00+08:00,0.026069751212255077,0.03208579495549202,0.026069751212255077,0.03208579495549202,2204,0.0,0.0
2001-02-19 00:00:00+08:00,0.03208579495549202,0.03208579495549202,0.03208579495549202,0.03208579495549202,0,0.0,0.0
2001-02-20 00:00:00+08:00,0.028075102158021656,0.03308847174048424,0.028075102158021656,0.03308847174048424,16530,0.0,0.0
2001-02-21 00:00:00+08:00,0.03308847174048424,0.03308847174048424,0.03308847174048424,0.03308847174048424,0,0.0,0.0
2001-02-22 00:00:00+08:00,0.03008045256137848,0.03008045256137848,0.03008045256137848,0.03008045256137848,5510,0.0,0.0
2001-02-23 00:00:00+08:00,0.03008045256137848,0.03008045256137848,0.03008045256137848,0.03008045256137848,0,0.0,0.0
2001-02-26 00:00:00+08:00,0.03208579495549202,0.03208579495549202,0.031083123742575464,0.03208579495549202,33061,0.0,0.0
2001-02-27 00:00:00+08:00,0.03208578920367381,0.03208578920367381,0.0310831181704998,0.0310831181704998,6612,0.0,0.0
2001-02-28 00:00:00+08:00,0.0310831181704998,0.0310831181704998,0.0310831181704998,0.0310831181704998,0,0.0,0.0
2001-03-01 00:00:00+08:00,0.0310831181704998,0.0310831181704998,0.0310831181704998,0.0310831181704998,0,0.0,0.0
2001-03-02 00:00:00+08:00,0.028075100224383233,0.03208579495549202,0.028075100224383233,0.03208579495549202,41877,0.0,0.0
2001-03-05 00:00:00+08:00,0.030080449236511386,0.03208579495549202,0.030080449236511386,0.03208579495549202,24244,0.0,0.0
2001-03-06 00:00:00+08:00,0.03208579495549202,0.03208579495549202,0.03208579495549202,0.03208579495549202,0,0.0,0.0
2001-03-07 00:00:00+08:00,0.03208579495549202,0.03208579495549202,0.03208579495549202,0.03208579495549202,0,0.0,0.0
2001-03-08 00:00:00+08:00,0.03208578920367381,0.03208578920367381,0.0310831181704998,0.0310831181704998,58408,0.0,0.0
2001-03-09 00:00:00+08:00,0.03008045256137848,0.03008045256137848,0.03008045256137848,0.03008045256137848,5510,0.0,0.0
2001-03-12 00:00:00+08:00,0.028075100854039192,0.028075100854039192,0.026069751796935953,0.028075100854039192,39673,0.0,0.0
2001-03-13 00:00:00+08:00,0.028075100854039192,0.028075100854039192,0.028075100854039192,0.028075100854039192,0,0.0,0.0
2001-03-14 00:00:00+08:00,0.028075100854039192,0.028075100854039192,0.028075100854039192,0.028075100854039192,0,0.0,0.0
2001-03-15 00:00:00+08:00,0.027072423037935632,0.031083120665101226,0.025067074224352837,0.025067074224352837,150979,0.0,0.0
2001-03-16 00:00:00+08:00,0.025067074224352837,0.025067074224352837,0.025067074224352837,0.025067074224352837,2204,0.0,0.0
2001-03-19 00:00:00+08:00,0.025067074224352837,0.025067074224352837,0.025067074224352837,0.025067074224352837,0,0.0,0.0
2001-03-20 00:00:00+08:00,0.025067074224352837,0.025067074224352837,0.025067074224352837,0.025067074224352837,22040,0.0,0.0
2001-03-21 00:00:00+08:00,0.029077773386833417,0.029077773386833417,0.02205883152782917,0.02205883152782917,6612,0.0,0.0
2001-03-22 00:00:00+08:00,0.020053487896593242,0.023061510175466537,0.020053487896593242,0.023061510175466537,15428,0.0,0.0
2001-03-23 00:00:00+08:00,0.023061510175466537,0.023061510175466537,0.023061510175466537,0.023061510175466537,0,0.0,0.0
2001-03-26 00:00:00+08:00,0.023061510175466537,0.023061510175466537,0.023061510175466537,0.023061510175466537,0,0.0,0.0
2001-03-27 00:00:00+08:00,0.02105615846812725,0.02105615846812725,0.02105615846812725,0.02105615846812725,7714,0.0,0.0
2001-03-28 00:00:00+08:00,0.02105615846812725,0.02105615846812725,0.02105615846812725,0.02105615846812725,5510,0.0,0.0
2001-03-29 00:00:00+08:00,0.02005348727107048,0.02005348727107048,0.02005348727107048,0.02005348727107048,11020,0.0,0.0
2001-03-30 00:00:00+08:00,0.021056157068096264,0.02205883152782917,0.021056157068096264,0.02205883152782917,48489,0.0,0.0
2001-04-02 00:00:00+08:00,0.02105615846812725,0.02105615846812725,0.02105615846812725,0.02105615846812725,47387,0.0,0.0
2001-04-03 00:00:00+08:00,0.02105616023503616,0.02105616023503616,0.02005348727107048,0.02005348727107048,99183,0.0,0.0
2001-04-04 00:00:00+08:00,0.02005348727107048,0.02005348727107048,0.02005348727107048,0.02005348727107048,115714,0.0,0.0
2001-04-05 00:00:00+08:00,0.0260697603225708,0.0260697603225708,0.0260697603225708,0.0260697603225708,11020,0.0,0.0
2001-04-06 00:00:00+08:00,0.0260697603225708,0.0260697603225708,0.0260697603225708,0.0260697603225708,0,0.0,0.0
2001-04-09 00:00:00+08:00,0.0260697603225708,0.0260697603225708,0.0260697603225708,0.0260697603225708,0,0.0,0.0
2001-04-10 00:00:00+08:00,0.0260697603225708,0.0260697603225708,0.0260697603225708,0.0260697603225708,0,0.0,0.0
2001-04-11 00:00:00+08:00,0.0260697603225708,0.0260697603225708,0.0260697603225708,0.0260697603225708,0,0.0,0.0
2001-04-12 00:00:00+08:00,0.0260697603225708,0.0260697603225708,0.0260697603225708,0.0260697603225708,0,0.0,0.0
2001-04-13 00:00:00+08:00,0.0260697603225708,0.0260697603225708,0.0260697603225708,0.0260697603225708,0,0.0,0.0
2001-04-16 00:00:00+08:00,0.0260697603225708,0.0260697603225708,0.0260697603225708,0.0260697603225708,0,0.0,0.0
2001-04-17 00:00:00+08:00,0.02205883152782917,0.02205883152782917,0.02205883152782917,0.02205883152782917,5510,0.0,0.0
2001-04-18 00:00:00+08:00,0.02205883152782917,0.02205883152782917,0.02205883152782917,0.02205883152782917,0,0.0,0.0
2001-04-19 00:00:00+08:00,0.02105615846812725,0.02105615846812725,0.02105615846812725,0.02105615846812725,1102,0.0,0.0
2001-04-20 00:00:00+08:00,0.02105615846812725,0.02105615846812725,0.02105615846812725,0.02105615846812725,0,0.0,0.0
2001-04-23 00:00:00+08:00,0.02105615846812725,0.02105615846812725,0.02105615846812725,0.02105615846812725,0,0.0,0.0
2001-04-24 00:00:00+08:00,0.02205883152782917,0.02205883152782917,0.02205883152782917,0.02205883152782917,11020,0.0,0.0
2001-04-25 00:00:00+08:00,0.024064181372523308,0.0250670765116898,0.024064181372523308,0.024064181372523308,76040,0.0,0.0
2001-04-26 00:00:00+08:00,0.024064181372523308,0.0250670765116898,0.024064181372523308,0.024064181372523308,76040,0.0,0.0
2001-04-27 00:00:00+08:00,0.024064181372523308,0.024064181372523308,0.024064181372523308,0.024064181372523308,0,0.0,0.0
2001-04-30 00:00:00+08:00,0.025067074224352837,0.025067074224352837,0.025067074224352837,0.025067074224352837,45183,0.0,0.0
2001-05-01 00:00:00+08:00,0.025067074224352837,0.025067074224352837,0.025067074224352837,0.025067074224352837,0,0.0,0.0
2001-05-02 00:00:00+08:00,0.025067077268384332,0.028075100854039192,0.025067077268384332,0.028075100854039192,51795,0.0,0.0
2001-05-03 00:00:00+08:00,0.02807511003548672,0.02807511003548672,0.0260697603225708,0.0260697603225708,59510,0.0,0.0
2001-05-04 00:00:00+08:00,0.0260697603225708,0.0260697603225708,0.0260697603225708,0.0260697603225708,0,0.0,0.0
2001-05-07 00:00:00+08:00,0.0260697603225708,0.0260697603225708,0.0260697603225708,0.0260697603225708,0,0.0,0.0
2001-05-08 00:00:00+08:00,0.026069751796935953,0.028075100854039192,0.026069751796935953,0.028075100854039192,71632,0.0,0.0
2001-05-09 00:00:00+08:00,0.027072428710701903,0.03008045256137848,0.027072428710701903,0.03008045256137848,36367,0.0,0.0
2001-05-10 00:00:00+08:00,0.03008045130826579,0.03308847174048424,0.029077776733143722,0.03308847174048424,178530,0.0,0.0
2001-05-11 00:00:00+08:00,0.03208579716536217,0.03308847174048424,0.03208579716536217,0.03308847174048424,67224,0.0,0.0
2001-05-14 00:00:00+08:00,0.0310831181704998,0.0310831181704998,0.0310831181704998,0.0310831181704998,11020,0.0,0.0
2001-05-15 00:00:00+08:00,0.0310831181704998,0.0310831181704998,0.0310831181704998,0.0310831181704998,0,0.0,0.0
2001-05-16 00:00:00+08:00,0.031083122869545118,0.03208579405429969,0.029077773913741112,0.029077773913741112,39673,0.0,0.0
2001-05-17 00:00:00+08:00,0.029077773913741112,0.029077773913741112,0.029077773913741112,0.029077773913741112,41877,0.0,0.0
2001-05-18 00:00:00+08:00,0.028075100854039192,0.028075100854039192,0.028075100854039192,0.028075100854039192,62816,0.0,0.0
2001-05-21 00:00:00+08:00,0.028075100854039192,0.028075100854039192,0.028075100854039192,0.028075100854039192,9918,0.0,0.0
2001-05-22 00:00:00+08:00,0.028075100854039192,0.028075100854039192,0.028075100854039192,0.028075100854039192,28653,0.0,0.0
2001-05-23 00:00:00+08:00,0.028075100854039192,0.028075100854039192,0.028075100854039192,0.028075100854039192,1102,0.0,0.0
2001-05-24 00:00:00+08:00,0.029077769517857923,0.0310831181704998,0.029077769517857923,0.0310831181704998,38571,0.0,0.0
2001-05-25 00:00:00+08:00,0.0310831181704998,0.0310831181704998,0.0310831181704998,0.0310831181704998,0,0.0,0.0
2001-05-28 00:00:00+08:00,0.029077773913741112,0.029077773913741112,0.029077773913741112,0.029077773913741112,22040,0.0,0.0
2001-05-29 00:00:00+08:00,0.028075100854039192,0.028075100854039192,0.028075100854039192,0.028075100854039192,1102,0.0,0.0
2001-05-30 00:00:00+08:00,0.029077773913741112,0.029077773913741112,0.029077773913741112,0.029077773913741112,36367,0.0,0.0
2001-05-31 00:00:00+08:00,0.029077773913741112,0.029077773913741112,0.029077773913741112,0.029077773913741112,0,0.0,0.0
2001-06-01 00:00:00+08:00,0.029077773913741112,0.029077773913741112,0.029077773913741112,0.029077773913741112,0,0.0,0.0
2001-06-04 00:00:00+08:00,0.02907777495962556,0.02907777495962556,0.027072425931692123,0.027072425931692123,28653,0.0,0.0
2001-06-05 00:00:00+08:00,0.028075100854039192,0.028075100854039192,0.028075100854039192,0.028075100854039192,1102,0.0,0.0
2001-06-06 00:00:00+08:00,0.028075095191536985,0.0310831181704998,0.025067072212574166,0.0310831181704998,29755,0.0,0.0
2001-06-07 00:00:00+08:00,0.026069751796935953,0.028075100854039192,0.026069751796935953,0.028075100854039192,16530,0.0,0.0
2001-06-08 00:00:00+08:00,0.028075100854039192,0.028075100854039192,0.028075100854039192,0.028075100854039192,0,0.0,0.0
2001-06-11 00:00:00+08:00,0.028075100854039192,0.028075100854039192,0.028075100854039192,0.028075100854039192,0,0.0,0.0
2001-06-12 00:00:00+08:00,0.028075100854039192,0.028075100854039192,0.028075100854039192,0.028075100854039192,0,0.0,0.0
2001-06-13 00:00:00+08:00,0.028075100854039192,0.028075100854039192,0.028075100854039192,0.028075100854039192,0,0.0,0.0
2001-06-14 00:00:00+08:00,0.028075100854039192,0.028075100854039192,0.028075100854039192,0.028075100854039192,0,0.0,0.0
2001-06-15 00:00:00+08:00,0.028075100854039192,0.028075100854039192,0.028075100854039192,0.028075100854039192,0,0.0,0.0
2001-06-18 00:00:00+08:00,0.028075100854039192,0.028075100854039192,0.028075100854039192,0.028075100854039192,0,0.0,0.0
2001-06-19 00:00:00+08:00,0.028075100854039192,0.028075100854039192,0.028075100854039192,0.028075100854039192,0,0.0,0.0
2001-06-20 00:00:00+08:00,0.028075100854039192,0.028075100854039192,0.028075100854039192,0.028075100854039192,0,0.0,0.0
2001-06-21 00:00:00+08:00,0.028075100854039192,0.028075100854039192,0.028075100854039192,0.028075100854039192,0,0.0,0.0
2001-06-22 00:00:00+08:00,0.0260697603225708,0.0260697603225708,0.022058840255777753,0.0260697603225708,77142,0.0,0.0
2001-06-25 00:00:00+08:00,0.027072425931692123,0.027072425931692123,0.027072425931692123,0.027072425931692123,12122,0.0,0.0
2001-06-26 00:00:00+08:00,0.02807509943583911,0.029077773913741112,0.02807509943583911,0.029077773913741112,7714,0.0,0.0
2001-06-27 00:00:00+08:00,0.028075100854039192,0.028075100854039192,0.028075100854039192,0.028075100854039192,19836,0.0,0.0
2001-06-28 00:00:00+08:00,0.028075100854039192,0.028075100854039192,0.028075100854039192,0.028075100854039192,17632,0.0,0.0
2001-06-29 00:00:00+08:00,0.028075100854039192,0.028075100854039192,0.028075100854039192,0.028075100854039192,0,0.0,0.0
2001-07-02 00:00:00+08:00,0.027072425931692123,0.027072425931692123,0.027072425931692123,0.027072425931692123,2204,0.0,0.0
2001-07-03 00:00:00+08:00,0.024064181372523308,0.024064181372523308,0.024064181372523308,0.024064181372523308,16530,0.0,0.0
2001-07-04 00:00:00+08:00,0.023061504769907776,0.025067074224352837,0.02205883036311638,0.025067074224352837,48489,0.0,0.0
2001-07-05 00:00:00+08:00,0.024064179176699174,0.025067074224352837,0.024064179176699174,0.025067074224352837,33061,0.0,0.0
2001-07-06 00:00:00+08:00,0.025067074224352837,0.025067074224352837,0.025067074224352837,0.025067074224352837,6612,0.0,0.0
2001-07-09 00:00:00+08:00,0.025067074224352837,0.025067074224352837,0.025067074224352837,0.025067074224352837,0,0.0,0.0
2001-07-10 00:00:00+08:00,0.025067076002133103,0.030080448391643113,0.025067076002133103,0.029077773913741112,37469,0.0,0.0
2001-07-11 00:00:00+08:00,0.029077773913741112,0.029077773913741112,0.029077773913741112,0.029077773913741112,0,0.0,0.0
2001-07-12 00:00:00+08:00,0.025067074224352837,0.025067074224352837,0.025067074224352837,0.025067074224352837,16530,0.0,0.0
2001-07-13 00:00:00+08:00,0.025067074224352837,0.025067074224352837,0.025067074224352837,0.025067074224352837,16530,0.0,0.0
2001-07-16 00:00:00+08:00,0.025067074224352837,0.025067074224352837,0.025067074224352837,0.025067074224352837,0,0.0,0.0
2001-07-17 00:00:00+08:00,0.024064181372523308,0.024064181372523308,0.024064181372523308,0.024064181372523308,3306,0.0,0.0
2001-07-18 00:00:00+08:00,0.024064181372523308,0.024064181372523308,0.024064181372523308,0.024064181372523308,0,0.0,0.0
2001-07-19 00:00:00+08:00,0.024064181372523308,0.024064181372523308,0.024064181372523308,0.024064181372523308,0,0.0,0.0
2001-07-20 00:00:00+08:00,0.024064181372523308,0.024064181372523308,0.024064181372523308,0.024064181372523308,0,0.0,0.0
2001-07-23 00:00:00+08:00,0.022058832375955115,0.024064181372523308,0.022058832375955115,0.024064181372523308,12122,0.0,0.0
2001-07-24 00:00:00+08:00,0.024064181372523308,0.024064181372523308,0.024064181372523308,0.024064181372523308,5510,0.0,0.0
2001-07-25 00:00:00+08:00,0.024064181372523308,0.024064181372523308,0.024064181372523308,0.024064181372523308,0,0.0,0.0
2001-07-26 00:00:00+08:00,0.023061510175466537,0.023061510175466537,0.023061510175466537,0.023061510175466537,4408,0.0,0.0
2001-07-27 00:00:00+08:00,0.023061510175466537,0.023061510175466537,0.023061510175466537,0.023061510175466537,0,0.0,0.0
2001-07-30 00:00:00+08:00,0.023061510175466537,0.023061510175466537,0.023061510175466537,0.023061510175466537,0,0.0,0.0
2001-07-31 00:00:00+08:00,0.023061510175466537,0.023061510175466537,0.023061510175466537,0.023061510175466537,0,0.0,0.0
2001-08-01 00:00:00+08:00,0.023061510175466537,0.023061510175466537,0.023061510175466537,0.023061510175466537,0,0.0,0.0
2001-08-02 00:00:00+08:00,0.023061510175466537,0.023061510175466537,0.023061510175466537,0.023061510175466537,0,0.0,0.0
2001-08-03 00:00:00+08:00,0.023061510175466537,0.023061510175466537,0.023061510175466537,0.023061510175466537,0,0.0,0.0
2001-08-06 00:00:00+08:00,0.023061510175466537,0.023061510175466537,0.023061510175466537,0.023061510175466537,0,0.0,0.0
2001-08-07 00:00:00+08:00,0.023061510175466537,0.023061510175466537,0.023061510175466537,0.023061510175466537,0,0.0,0.0
2001-08-08 00:00:00+08:00,0.023061510175466537,0.023061510175466537,0.023061510175466537,0.023061510175466537,0,0.0,0.0
2001-08-09 00:00:00+08:00,0.023061510175466537,0.023061510175466537,0.023061510175466537,0.023061510175466537,0,0.0,0.0
2001-08-10 00:00:00+08:00,0.023061510175466537,0.023061510175466537,0.023061510175466537,0.023061510175466537,0,0.0,0.0
2001-08-13 00:00:00+08:00,0.024064181372523308,0.024064181372523308,0.024064181372523308,0.024064181372523308,7714,0.0,0.0
2001-08-14 00:00:00+08:00,0.024064181372523308,0.024064181372523308,0.024064181372523308,0.024064181372523308,0,0.0,0.0
2001-08-15 00:00:00+08:00,0.024064181372523308,0.024064181372523308,0.024064181372523308,0.024064181372523308,0,0.0,0.0
2001-08-16 00:00:00+08:00,0.024064181372523308,0.024064181372523308,0.024064181372523308,0.024064181372523308,11020,0.0,0.0
2001-08-17 00:00:00+08:00,0.024064181372523308,0.024064181372523308,0.024064181372523308,0.024064181372523308,0,0.0,0.0
2001-08-20 00:00:00+08:00,0.024064181372523308,0.024064181372523308,0.024064181372523308,0.024064181372523308,0,0.0,0.0
2001-08-21 00:00:00+08:00,0.025067074224352837,0.025067074224352837,0.025067074224352837,0.025067074224352837,22040,0.0,0.0
2001-08-22 00:00:00+08:00,0.0260697603225708,0.0260697603225708,0.0260697603225708,0.0260697603225708,11020,0.0,0.0
2001-08-23 00:00:00+08:00,0.0260697603225708,0.0260697603225708,0.0260697603225708,0.0260697603225708,0,0.0,0.0
2001-08-24 00:00:00+08:00,0.024064181372523308,0.024064181372523308,0.024064181372523308,0.024064181372523308,22040,0.0,0.0
2001-08-27 00:00:00+08:00,0.024064181372523308,0.024064181372523308,0.024064181372523308,0.024064181372523308,11020,0.0,0.0
2001-08-28 00:00:00+08:00,0.024064184817282296,0.024064184817282296,0.023061510175466537,0.023061510175466537,35265,0.0,0.0
2001-08-29 00:00:00+08:00,0.023061510175466537,0.023061510175466537,0.023061510175466537,0.023061510175466537,15428,0.0,0.0
2001-08-30 00:00:00+08:00,0.025067074224352837,0.025067074224352837,0.025067074224352837,0.025067074224352837,58408,0.0,0.0
2001-08-31 00:00:00+08:00,0.025067074224352837,0.025067074224352837,0.025067074224352837,0.025067074224352837,0,0.0,0.0
2001-09-03 00:00:00+08:00,0.0310831181704998,0.0310831181704998,0.0310831181704998,0.0310831181704998,22040,0.0,0.0
2001-09-04 00:00:00+08:00,0.0310831181704998,0.0310831181704998,0.0310831181704998,0.0310831181704998,0,0.0,0.0
2001-09-05 00:00:00+08:00,0.02205883152782917,0.02205883152782917,0.02205883152782917,0.02205883152782917,30857,0.0,0.0
2001-09-06 00:00:00+08:00,0.02205883152782917,0.02205883152782917,0.02205883152782917,0.02205883152782917,0,0.0,0.0
2001-09-07 00:00:00+08:00,0.023061510175466537,0.023061510175466537,0.023061510175466537,0.023061510175466537,41877,0.0,0.0
2001-09-10 00:00:00+08:00,0.02205883152782917,0.02205883152782917,0.02205883152782917,0.02205883152782917,17632,0.0,0.0
2001-09-11 00:00:00+08:00,0.022058834845575775,0.022058834845575775,0.02005348727107048,0.02005348727107048,29755,0.0,0.0
2001-09-12 00:00:00+08:00,0.018048137426376343,0.018048137426376343,0.018048137426376343,0.018048137426376343,50693,0.0,0.0
2001-09-13 00:00:00+08:00,0.02306150687423921,0.0250670765116898,0.02306150687423921,0.024064181372523308,25346,0.0,0.0
2001-09-14 00:00:00+08:00,0.019050806760787964,0.019050806760787964,0.019050806760787964,0.019050806760787964,7714,0.0,0.0
2001-09-17 00:00:00+08:00,0.019050806760787964,0.019050806760787964,0.019050806760787964,0.019050806760787964,0,0.0,0.0
2001-09-18 00:00:00+08:00,0.01804813903175657,0.01804813903175657,0.015040115036510131,0.017045464366674423,63918,0.0,0.0
2001-09-19 00:00:00+08:00,0.01905081560322783,0.01905081560322783,0.015040116541554063,0.016042791306972504,215999,0.0,0.0
2001-09-20 00:00:00+08:00,0.015040113590657711,0.015040113590657711,0.015040113590657711,0.015040113590657711,9918,0.0,0.0
2001-09-21 00:00:00+08:00,0.017045462728041617,0.017045462728041617,0.015040113590657711,0.015040113590657711,42979,0.0,0.0
2001-09-24 00:00:00+08:00,0.015040113590657711,0.015040113590657711,0.015040113590657711,0.015040113590657711,0,0.0,0.0
2001-09-25 00:00:00+08:00,0.015040113590657711,0.015040113590657711,0.015040113590657711,0.015040113590657711,119020,0.0,0.0
2001-09-26 00:00:00+08:00,0.015040113590657711,0.015040113590657711,0.015040113590657711,0.015040113590657711,0,0.0,0.0
2001-09-27 00:00:00+08:00,0.016042791306972504,0.016042791306972504,0.016042791306972504,0.016042791306972504,48489,0.0,0.0
2001-09-28 00:00:00+08:00,0.016042791306972504,0.016042791306972504,0.016042791306972504,0.016042791306972504,0,0.0,0.0
2001-10-01 00:00:00+08:00,0.016042791306972504,0.016042791306972504,0.016042791306972504,0.016042791306972504,0,0.0,0.0
2001-10-02 00:00:00+08:00,0.016042791306972504,0.016042791306972504,0.016042791306972504,0.016042791306972504,0,0.0,0.0
2001-10-03 00:00:00+08:00,0.016042791306972504,0.016042791306972504,0.016042791306972504,0.016042791306972504,0,0.0,0.0
2001-10-04 00:00:00+08:00,0.018048137426376343,0.018048137426376343,0.018048137426376343,0.018048137426376343,29755,0.0,0.0
2001-10-05 00:00:00+08:00,0.018048137426376343,0.018048137426376343,0.018048137426376343,0.018048137426376343,17632,0.0,0.0
2001-10-08 00:00:00+08:00,0.018048137426376343,0.018048137426376343,0.018048137426376343,0.018048137426376343,0,0.0,0.0
2001-10-09 00:00:00+08:00,0.018048137426376343,0.018048137426376343,0.018048137426376343,0.018048137426376343,4408,0.0,0.0
2001-10-10 00:00:00+08:00,0.018048137426376343,0.018048137426376343,0.018048137426376343,0.018048137426376343,0,0.0,0.0
2001-10-11 00:00:00+08:00,0.014037441462278366,0.014037441462278366,0.014037441462278366,0.014037441462278366,11020,0.0,0.0
2001-10-12 00:00:00+08:00,0.014037441462278366,0.014037441462278366,0.014037441462278366,0.014037441462278366,0,0.0,0.0
2001-10-15 00:00:00+08:00,0.014037441462278366,0.014037441462278366,0.014037441462278366,0.014037441462278366,0,0.0,0.0
2001-10-16 00:00:00+08:00,0.015040113590657711,0.015040113590657711,0.015040113590657711,0.015040113590657711,2204,0.0,0.0
2001-10-17 00:00:00+08:00,0.016042791306972504,0.016042791306972504,0.016042791306972504,0.016042791306972504,44081,0.0,0.0
2001-10-18 00:00:00+08:00,0.016042791306972504,0.016042791306972504,0.016042791306972504,0.016042791306972504,27551,0.0,0.0
2001-10-19 00:00:00+08:00,0.016042791306972504,0.016042791306972504,0.016042791306972504,0.016042791306972504,0,0.0,0.0
2001-10-22 00:00:00+08:00,0.017045464366674423,0.017045464366674423,0.017045464366674423,0.017045464366674423,11020,0.0,0.0
2001-10-23 00:00:00+08:00,0.017045464366674423,0.017045464366674423,0.017045464366674423,0.017045464366674423,0,0.0,0.0
2001-10-24 00:00:00+08:00,0.017045464366674423,0.017045464366674423,0.017045464366674423,0.017045464366674423,0,0.0,0.0
2001-10-25 00:00:00+08:00,0.017045464366674423,0.017045464366674423,0.017045464366674423,0.017045464366674423,0,0.0,0.0
2001-10-26 00:00:00+08:00,0.017045464366674423,0.017045464366674423,0.017045464366674423,0.017045464366674423,0,0.0,0.0
2001-10-29 00:00:00+08:00,0.018048137426376343,0.018048137426376343,0.018048137426376343,0.018048137426376343,16530,0.0,0.0
2001-10-30 00:00:00+08:00,0.018048137426376343,0.018048137426376343,0.018048137426376343,0.018048137426376343,5510,0.0,0.0
2001-10-31 00:00:00+08:00,0.018048137426376343,0.018048137426376343,0.018048137426376343,0.018048137426376343,0,0.0,0.0
2001-11-01 00:00:00+08:00,0.018048137426376343,0.018048137426376343,0.018048137426376343,0.018048137426376343,1102,0.0,0.0
2001-11-02 00:00:00+08:00,0.018048137426376343,0.018048137426376343,0.018048137426376343,0.018048137426376343,0,0.0,0.0
2001-11-05 00:00:00+08:00,0.018048137426376343,0.018048137426376343,0.018048137426376343,0.018048137426376343,0,0.0,0.0
2001-11-06 00:00:00+08:00,0.02005348727107048,0.02005348727107048,0.02005348727107048,0.02005348727107048,8816,0.0,0.0
2001-11-07 00:00:00+08:00,0.02005348727107048,0.02005348727107048,0.02005348727107048,0.02005348727107048,0,0.0,0.0
2001-11-08 00:00:00+08:00,0.017045464366674423,0.017045464366674423,0.017045464366674423,0.017045464366674423,4408,0.0,0.0
2001-11-09 00:00:00+08:00,0.017045464366674423,0.017045464366674423,0.017045464366674423,0.017045464366674423,0,0.0,0.0
2001-11-12 00:00:00+08:00,0.017045462850482012,0.018048137426376343,0.017045462850482012,0.018048137426376343,45183,0.0,0.0
2001-11-13 00:00:00+08:00,0.018048138612961725,0.023061510175466537,0.018048138612961725,0.023061510175466537,20938,0.0,0.0
2001-11-14 00:00:00+08:00,0.023061510175466537,0.023061510175466537,0.023061510175466537,0.023061510175466537,0,0.0,0.0
2001-11-15 00:00:00+08:00,0.020053484254937044,0.02205883152782917,0.020053484254937044,0.02205883152782917,82653,0.0,0.0
2001-11-16 00:00:00+08:00,0.020053485588299978,0.02105615846812725,0.020053485588299978,0.02105615846812725,87061,0.0,0.0
2001-11-19 00:00:00+08:00,0.02205883553365078,0.023061510175466537,0.02205883553365078,0.023061510175466537,161999,0.0,0.0
2001-11-20 00:00:00+08:00,0.02205883152782917,0.02205883152782917,0.02205883152782917,0.02205883152782917,22040,0.0,0.0
2001-11-21 00:00:00+08:00,0.02205883152782917,0.02205883152782917,0.02205883152782917,0.02205883152782917,90367,0.0,0.0
2001-11-22 00:00:00+08:00,0.023061510175466537,0.023061510175466537,0.023061510175466537,0.023061510175466537,22040,0.0,0.0
2001-11-23 00:00:00+08:00,0.02205883152782917,0.02205883152782917,0.02205883152782917,0.02205883152782917,11020,0.0,0.0
2001-11-26 00:00:00+08:00,0.02105615846812725,0.02105615846812725,0.02105615846812725,0.02105615846812725,44081,0.0,0.0
2001-11-27 00:00:00+08:00,0.02105615846812725,0.02105615846812725,0.02105615846812725,0.02105615846812725,50693,0.0,0.0
2001-11-28 00:00:00+08:00,0.02105615846812725,0.02105615846812725,0.02105615846812725,0.02105615846812725,11020,0.0,0.0
2001-11-29 00:00:00+08:00,0.023061510175466537,0.023061510175466537,0.023061510175466537,0.023061510175466537,11020,0.0,0.0
2001-11-30 00:00:00+08:00,0.023061510175466537,0.023061510175466537,0.023061510175466537,0.023061510175466537,0,0.0,0.0
2001-12-03 00:00:00+08:00,0.02205883152782917,0.02205883152782917,0.02205883152782917,0.02205883152782917,18734,0.0,0.0
2001-12-04 00:00:00+08:00,0.02306150687423921,0.024064181372523308,0.02306150687423921,0.024064181372523308,38571,0.0,0.0
2001-12-05 00:00:00+08:00,0.023061505987562073,0.023061505987562073,0.02205883152782917,0.02205883152782917,22040,0.0,0.0
2001-12-06 00:00:00+08:00,0.02205883152782917,0.02205883152782917,0.02205883152782917,0.02205883152782917,0,0.0,0.0
2001-12-07 00:00:00+08:00,0.02205883152782917,0.02205883152782917,0.02205883152782917,0.02205883152782917,0,0.0,0.0
2001-12-10 00:00:00+08:00,0.02205883152782917,0.02205883152782917,0.02205883152782917,0.02205883152782917,0,0.0,0.0
2001-12-11 00:00:00+08:00,0.02205883152782917,0.02205883152782917,0.02205883152782917,0.02205883152782917,0,0.0,0.0
2001-12-12 00:00:00+08:00,0.02205883152782917,0.02205883152782917,0.02205883152782917,0.02205883152782917,0,0.0,0.0
2001-12-13 00:00:00+08:00,0.02205883152782917,0.02205883152782917,0.02205883152782917,0.02205883152782917,0,0.0,0.0
2001-12-14 00:00:00+08:00,0.02205883152782917,0.02205883152782917,0.02205883152782917,0.02205883152782917,4408,0.0,0.0
2001-12-17 00:00:00+08:00,0.02205883152782917,0.02205883152782917,0.02205883152782917,0.02205883152782917,0,0.0,0.0
2001-12-18 00:00:00+08:00,0.02205883152782917,0.02205883152782917,0.02205883152782917,0.02205883152782917,0,0.0,0.0
2001-12-19 00:00:00+08:00,0.02205883152782917,0.02205883152782917,0.02205883152782917,0.02205883152782917,0,0.0,0.0
2001-12-20 00:00:00+08:00,0.02205883152782917,0.02205883152782917,0.02205883152782917,0.02205883152782917,0,0.0,0.0
2001-12-21 00:00:00+08:00,0.02105615846812725,0.02105615846812725,0.02105615846812725,0.02105615846812725,4408,0.0,0.0
2001-12-24 00:00:00+08:00,0.02105615846812725,0.02105615846812725,0.02105615846812725,0.02105615846812725,0,0.0,0.0
2001-12-25 00:00:00+08:00,0.02105615846812725,0.02105615846812725,0.02105615846812725,0.02105615846812725,0,0.0,0.0
2001-12-26 00:00:00+08:00,0.02105615846812725,0.02105615846812725,0.02105615846812725,0.02105615846812725,0,0.0,0.0
2001-12-27 00:00:00+08:00,0.02105615846812725,0.02105615846812725,0.02105615846812725,0.02105615846812725,0,0.0,0.0
2001-12-28 00:00:00+08:00,0.02105615846812725,0.02105615846812725,0.02105615846812725,0.02105615846812725,0,0.0,0.0
2001-12-31 00:00:00+08:00,0.02105615846812725,0.02105615846812725,0.02105615846812725,0.02105615846812725,0,0.0,0.0
2002-01-01 00:00:00+08:00,0.02105615846812725,0.02105615846812725,0.02105615846812725,0.02105615846812725,0,0.0,0.0
2002-01-02 00:00:00+08:00,0.02105615846812725,0.02105615846812725,0.02105615846812725,0.02105615846812725,0,0.0,0.0
2002-01-03 00:00:00+08:00,0.02105615846812725,0.02105615846812725,0.02105615846812725,0.02105615846812725,0,0.0,0.0
2002-01-04 00:00:00+08:00,0.02205883152782917,0.02205883152782917,0.02205883152782917,0.02205883152782917,9918,0.0,0.0
2002-01-07 00:00:00+08:00,0.024064181372523308,0.024064181372523308,0.024064181372523308,0.024064181372523308,81550,0.0,0.0
2002-01-08 00:00:00+08:00,0.024064181372523308,0.0250670765116898,0.022058832375955115,0.024064181372523308,103591,0.0,0.0
2002-01-09 00:00:00+08:00,0.024064179176699174,0.026069748631144234,0.024064179176699174,0.025067074224352837,166408,0.0,0.0
2002-01-10 00:00:00+08:00,0.0250670765116898,0.0250670765116898,0.024064181372523308,0.024064181372523308,33061,0.0,0.0
2002-01-11 00:00:00+08:00,0.024064181372523308,0.024064181372523308,0.024064181372523308,0.024064181372523308,11020,0.0,0.0
2002-01-14 00:00:00+08:00,0.024064181372523308,0.024064181372523308,0.024064181372523308,0.024064181372523308,0,0.0,0.0
2002-01-15 00:00:00+08:00,0.02105615846812725,0.02105615846812725,0.02105615846812725,0.02105615846812725,2204,0.0,0.0
2002-01-16 00:00:00+08:00,0.02005348727107048,0.02005348727107048,0.02005348727107048,0.02005348727107048,11020,0.0,0.0
2002-01-17 00:00:00+08:00,0.02005348727107048,0.02005348727107048,0.02005348727107048,0.02005348727107048,0,0.0,0.0
2002-01-18 00:00:00+08:00,0.02005348727107048,0.02005348727107048,0.02005348727107048,0.02005348727107048,0,0.0,0.0
2002-01-21 00:00:00+08:00,0.02005348727107048,0.02005348727107048,0.02005348727107048,0.02005348727107048,0,0.0,0.0
2002-01-22 00:00:00+08:00,0.02005348727107048,0.02005348727107048,0.02005348727107048,0.02005348727107048,0,0.0,0.0
2002-01-23 00:00:00+08:00,0.02005348727107048,0.02005348727107048,0.02005348727107048,0.02005348727107048,0,0.0,0.0
2002-01-24 00:00:00+08:00,0.02005348727107048,0.02005348727107048,0.02005348727107048,0.02005348727107048,0,0.0,0.0
2002-01-25 00:00:00+08:00,0.02005348727107048,0.02005348727107048,0.02005348727107048,0.02005348727107048,0,0.0,0.0
2002-01-28 00:00:00+08:00,0.022058832375955115,0.024064181372523308,0.022058832375955115,0.024064181372523308,16530,0.0,0.0
2002-01-29 00:00:00+08:00,0.02406418421911683,0.03008045256137848,0.02406418421911683,0.03008045256137848,38571,0.0,0.0
2002-01-30 00:00:00+08:00,0.026069751417725405,0.028075100445658842,0.026069751417725405,0.027072425931692123,59510,0.0,0.0
2002-01-31 00:00:00+08:00,0.027072425931692123,0.027072425931692123,0.027072425931692123,0.027072425931692123,0,0.0,0.0
2002-02-01 00:00:00+08:00,0.027072425931692123,0.027072425931692123,0.027072425931692123,0.027072425931692123,0,0.0,0.0
2002-02-04 00:00:00+08:00,0.027072425931692123,0.027072425931692123,0.027072425931692123,0.027072425931692123,0,0.0,0.0
2002-02-05 00:00:00+08:00,0.028075100854039192,0.028075100854039192,0.028075100854039192,0.028075100854039192,77142,0.0,0.0
2002-02-06 00:00:00+08:00,0.02205883152782917,0.02205883152782917,0.02205883152782917,0.02205883152782917,4408,0.0,0.0
2002-02-07 00:00:00+08:00,0.02205883553365078,0.023061510175466537,0.02205883553365078,0.023061510175466537,49591,0.0,0.0
2002-02-08 00:00:00+08:00,0.023061510175466537,0.023061510175466537,0.023061510175466537,0.023061510175466537,0,0.0,0.0
2002-02-11 00:00:00+08:00,0.024064181372523308,0.024064181372523308,0.024064181372523308,0.024064181372523308,28653,0.0,0.0
2002-02-12 00:00:00+08:00,0.024064181372523308,0.024064181372523308,0.024064181372523308,0.024064181372523308,0,0.0,0.0
2002-02-13 00:00:00+08:00,0.024064181372523308,0.024064181372523308,0.024064181372523308,0.024064181372523308,0,0.0,0.0
2002-02-14 00:00:00+08:00,0.025067074224352837,0.025067074224352837,0.025067074224352837,0.025067074224352837,44081,0.0,0.0
2002-02-15 00:00:00+08:00,0.02205883152782917,0.02205883152782917,0.02205883152782917,0.02205883152782917,5510,0.0,0.0
2002-02-18 00:00:00+08:00,0.02205883152782917,0.02205883152782917,0.02205883152782917,0.02205883152782917,44081,0.0,0.0
2002-02-19 00:00:00+08:00,0.02205883152782917,0.02205883152782917,0.02205883152782917,0.02205883152782917,0,0.0,0.0
2002-02-20 00:00:00+08:00,0.021056157068096264,0.02205883152782917,0.021056157068096264,0.02205883152782917,12122,0.0,0.0
2002-02-21 00:00:00+08:00,0.02205883152782917,0.02205883152782917,0.02205883152782917,0.02205883152782917,4408,0.0,0.0
2002-02-22 00:00:00+08:00,0.02105615846812725,0.02105615846812725,0.02105615846812725,0.02105615846812725,3306,0.0,0.0
2002-02-25 00:00:00+08:00,0.020053484254937044,0.02205883152782917,0.020053484254937044,0.02205883152782917,69428,0.0,0.0
2002-02-26 00:00:00+08:00,0.02205883152782917,0.02205883152782917,0.02205883152782917,0.02205883152782917,0,0.0,0.0
2002-02-27 00:00:00+08:00,0.02005348727107048,0.02005348727107048,0.02005348727107048,0.02005348727107048,11020,0.0,0.0
2002-02-28 00:00:00+08:00,0.01905080979520414,0.02205883152782917,0.01905080979520414,0.02205883152782917,22040,0.0,0.0
2002-03-01 00:00:00+08:00,0.021056157068096264,0.02205883152782917,0.021056157068096264,0.02205883152782917,16530,0.0,0.0
2002-03-04 00:00:00+08:00,0.02005348727107048,0.02005348727107048,0.02005348727107048,0.02005348727107048,27551,0.0,0.0
2002-03-05 00:00:00+08:00,0.02005348727107048,0.02005348727107048,0.02005348727107048,0.02005348727107048,0,0.0,0.0
2002-03-06 00:00:00+08:00,0.020053485025960674,0.024064181372523308,0.020053485025960674,0.024064181372523308,146571,0.0,0.0
2002-03-07 00:00:00+08:00,0.024064181372523308,0.024064181372523308,0.024064181372523308,0.024064181372523308,0,0.0,0.0
2002-03-08 00:00:00+08:00,0.02306151511223571,0.0260697603225708,0.02306151511223571,0.0260697603225708,19836,0.0,0.0
2002-03-11 00:00:00+08:00,0.0260697603225708,0.0260697603225708,0.0260697603225708,0.0260697603225708,22040,0.0,0.0
2002-03-12 00:00:00+08:00,0.024064184817282296,0.024064184817282296,0.023061510175466537,0.023061510175466537,132244,0.0,0.0
2002-03-13 00:00:00+08:00,0.023061510175466537,0.023061510175466537,0.023061510175466537,0.023061510175466537,8816,0.0,0.0
2002-03-14 00:00:00+08:00,0.02205883553365078,0.023061510175466537,0.02205883553365078,0.023061510175466537,27551,0.0,0.0
2002-03-15 00:00:00+08:00,0.023061510175466537,0.023061510175466537,0.023061510175466537,0.023061510175466537,0,0.0,0.0
2002-03-18 00:00:00+08:00,0.023061510175466537,0.023061510175466537,0.023061510175466537,0.023061510175466537,0,0.0,0.0
2002-03-19 00:00:00+08:00,0.02205883152782917,0.02205883152782917,0.02205883152782917,0.02205883152782917,27551,0.0,0.0
2002-03-20 00:00:00+08:00,0.02205883152782917,0.02205883152782917,0.02205883152782917,0.02205883152782917,28653,0.0,0.0
2002-03-21 00:00:00+08:00,0.02205883152782917,0.023061505987562073,0.02205883152782917,0.02205883152782917,212693,0.0,0.0
2002-03-22 00:00:00+08:00,0.023061504769907776,0.025067074224352837,0.023061504769907776,0.025067074224352837,271101,0.0,0.0
2002-03-25 00:00:00+08:00,0.025067074224352837,0.025067074224352837,0.025067074224352837,0.025067074224352837,0,0.0,0.0
2002-03-26 00:00:00+08:00,0.025067074224352837,0.025067074224352837,0.025067074224352837,0.025067074224352837,0,0.0,0.0
2002-03-27 00:00:00+08:00,0.023061510175466537,0.023061510175466537,0.023061510175466537,0.023061510175466537,77142,0.0,0.0
2002-03-28 00:00:00+08:00,0.023061510175466537,0.023061510175466537,0.023061510175466537,0.023061510175466537,37469,0.0,0.0
2002-03-29 00:00:00+08:00,0.023061510175466537,0.023061510175466537,0.023061510175466537,0.023061510175466537,0,0.0,0.0
2002-04-01 00:00:00+08:00,0.02205883152782917,0.02205883152782917,0.02205883152782917,0.02205883152782917,5510,0.0,0.0
2002-04-02 00:00:00+08:00,0.02205883152782917,0.02205883152782917,0.02205883152782917,0.02205883152782917,0,0.0,0.0
2002-04-03 00:00:00+08:00,0.02205883152782917,0.02205883152782917,0.02205883152782917,0.02205883152782917,13224,0.0,0.0
2002-04-04 00:00:00+08:00,0.02205883152782917,0.02205883152782917,0.02205883152782917,0.02205883152782917,0,0.0,0.0
2002-04-05 00:00:00+08:00,0.021056157068096264,0.02205883152782917,0.021056157068096264,0.02205883152782917,49591,0.0,0.0
2002-04-08 00:00:00+08:00,0.022058832994528318,0.022058832994528318,0.02105615846812725,0.02105615846812725,62816,0.0,0.0
2002-04-09 00:00:00+08:00,0.02205883152782917,0.02205883152782917,0.02205883152782917,0.02205883152782917,22040,0.0,0.0
2002-04-10 00:00:00+08:00,0.02005348727107048,0.02005348727107048,0.02005348727107048,0.02005348727107048,22040,0.0,0.0
2002-04-11 00:00:00+08:00,0.02005348727107048,0.02005348727107048,0.02005348727107048,0.02005348727107048,0,0.0,0.0
2002-04-12 00:00:00+08:00,0.02005348727107048,0.02005348727107048,0.02005348727107048,0.02005348727107048,0,0.0,0.0
2002-04-15 00:00:00+08:00,0.02005348727107048,0.02005348727107048,0.02005348727107048,0.02005348727107048,0,0.0,0.0
2002-04-16 00:00:00+08:00,0.02105615846812725,0.02105615846812725,0.02105615846812725,0.02105615846812725,33061,0.0,0.0
2002-04-17 00:00:00+08:00,0.02105615846812725,0.022058832994528318,0.02105615846812725,0.02105615846812725,30857,0.0,0.0
2002-04-18 00:00:00+08:00,0.02105615846812725,0.02105615846812725,0.02105615846812725,0.02105615846812725,0,0.0,0.0
2002-04-19 00:00:00+08:00,0.02105615846812725,0.02105615846812725,0.02105615846812725,0.02105615846812725,4408,0.0,0.0
2002-04-22 00:00:00+08:00,0.02105616023503616,0.02105616023503616,0.02005348727107048,0.02005348727107048,115714,0.0,0.0
2002-04-23 00:00:00+08:00,0.02005348727107048,0.02005348727107048,0.02005348727107048,0.02005348727107048,66122,0.0,0.0
2002-04-24 00:00:00+08:00,0.02005348727107048,0.02005348727107048,0.02005348727107048,0.02005348727107048,0,0.0,0.0
2002-04-25 00:00:00+08:00,0.018048137426376343,0.018048137426376343,0.018048137426376343,0.018048137426376343,90367,0.0,0.0
2002-04-26 00:00:00+08:00,0.018048137426376343,0.018048137426376343,0.018048137426376343,0.018048137426376343,0,0.0,0.0
2002-04-29 00:00:00+08:00,0.018048137426376343,0.018048137426376343,0.018048137426376343,0.018048137426376343,0,0.0,0.0
2002-04-30 00:00:00+08:00,0.018048132460761215,0.02205882801429479,0.018048132460761215,0.019050806760787964,147673,0.0,0.0
2002-05-01 00:00:00+08:00,0.019050806760787964,0.019050806760787964,0.019050806760787964,0.019050806760787964,0,0.0,0.0
2002-05-02 00:00:00+08:00,0.02105616023503616,0.02105616023503616,0.02005348727107048,0.02005348727107048,14326,0.0,0.0
2002-05-03 00:00:00+08:00,0.02005348727107048,0.02005348727107048,0.02005348727107048,0.02005348727107048,11020,0.0,0.0
2002-05-06 00:00:00+08:00,0.023061510175466537,0.023061510175466537,0.023061510175466537,0.023061510175466537,11020,0.0,0.0
2002-05-07 00:00:00+08:00,0.02005348727107048,0.02005348727107048,0.02005348727107048,0.02005348727107048,6612,0.0,0.0
2002-05-08 00:00:00+08:00,0.02205883152782917,0.02205883152782917,0.02205883152782917,0.02205883152782917,20938,0.0,0.0
2002-05-09 00:00:00+08:00,0.02105615846812725,0.02105615846812725,0.02105615846812725,0.02105615846812725,16530,0.0,0.0
2002-05-10 00:00:00+08:00,0.02005348727107048,0.02005348727107048,0.02005348727107048,0.02005348727107048,33061,0.0,0.0
2002-05-13 00:00:00+08:00,0.02005348727107048,0.02005348727107048,0.02005348727107048,0.02005348727107048,0,0.0,0.0
2002-05-14 00:00:00+08:00,0.02005348727107048,0.02005348727107048,0.02005348727107048,0.02005348727107048,0,0.0,0.0
2002-05-15 00:00:00+08:00,0.02005348727107048,0.02005348727107048,0.02005348727107048,0.02005348727107048,9918,0.0,0.0
2002-05-16 00:00:00+08:00,0.022058834845575775,0.022058834845575775,0.02005348727107048,0.02005348727107048,28653,0.0,0.0
2002-05-17 00:00:00+08:00,0.02005348727107048,0.02005348727107048,0.02005348727107048,0.02005348727107048,11020,0.0,0.0
2002-05-20 00:00:00+08:00,0.02005348727107048,0.02005348727107048,0.02005348727107048,0.02005348727107048,0,0.0,0.0
2002-05-21 00:00:00+08:00,0.02005348727107048,0.02005348727107048,0.02005348727107048,0.02005348727107048,0,0.0,0.0
2002-05-22 00:00:00+08:00,0.02005348727107048,0.02005348727107048,0.02005348727107048,0.02005348727107048,0,0.0,0.0
2002-05-23 00:00:00+08:00,0.02005348727107048,0.02005348727107048,0.02005348727107048,0.02005348727107048,0,0.0,0.0
2002-05-24 00:00:00+08:00,0.02105615846812725,0.02105615846812725,0.02105615846812725,0.02105615846812725,1102,0.0,0.0
2002-05-27 00:00:00+08:00,0.02105615846812725,0.02105615846812725,0.02105615846812725,0.02105615846812725,0,0.0,0.0
2002-05-28 00:00:00+08:00,0.02105615846812725,0.02105615846812725,0.02105615846812725,0.02105615846812725,0,0.0,0.0
2002-05-29 00:00:00+08:00,0.02105615846812725,0.02105615846812725,0.02105615846812725,0.02105615846812725,0,0.0,0.0
2002-05-30 00:00:00+08:00,0.018048137426376343,0.018048137426376343,0.018048137426376343,0.018048137426376343,1102,0.0,0.0
2002-05-31 00:00:00+08:00,0.018048137426376343,0.018048137426376343,0.018048137426376343,0.018048137426376343,0,0.0,0.0
2002-06-03 00:00:00+08:00,0.018048137426376343,0.018048137426376343,0.018048137426376343,0.018048137426376343,0,0.0,0.0
2002-06-04 00:00:00+08:00,0.018048137426376343,0.018048137426376343,0.018048137426376343,0.018048137426376343,0,0.0,0.0
2002-06-05 00:00:00+08:00,0.018048137426376343,0.018048137426376343,0.018048137426376343,0.018048137426376343,22040,0.0,0.0
2002-06-06 00:00:00+08:00,0.018048137426376343,0.018048137426376343,0.018048137426376343,0.018048137426376343,5510,0.0,0.0
2002-06-07 00:00:00+08:00,0.018048137426376343,0.018048137426376343,0.018048137426376343,0.018048137426376343,0,0.0,0.0
2002-06-10 00:00:00+08:00,0.019050806760787964,0.019050806760787964,0.019050806760787964,0.019050806760787964,22040,0.0,0.0
2002-06-11 00:00:00+08:00,0.019050806760787964,0.019050806760787964,0.019050806760787964,0.019050806760787964,33061,0.0,0.0
2002-06-12 00:00:00+08:00,0.019050806760787964,0.019050806760787964,0.019050806760787964,0.019050806760787964,0,0.0,0.0
2002-06-13 00:00:00+08:00,0.020053481060814716,0.020053481060814716,0.019050806760787964,0.019050806760787964,22040,0.0,0.0
2002-06-14 00:00:00+08:00,0.019050806760787964,0.019050806760787964,0.019050806760787964,0.019050806760787964,0,0.0,0.0
2002-06-17 00:00:00+08:00,0.019050806760787964,0.019050806760787964,0.019050806760787964,0.019050806760787964,0,0.0,0.0
2002-06-18 00:00:00+08:00,0.019050806760787964,0.019050806760787964,0.019050806760787964,0.019050806760787964,0,0.0,0.0
2002-06-19 00:00:00+08:00,0.019050806760787964,0.019050806760787964,0.019050806760787964,0.019050806760787964,0,0.0,0.0
2002-06-20 00:00:00+08:00,0.018048137426376343,0.018048137426376343,0.018048137426376343,0.018048137426376343,4408,0.0,0.0
2002-06-21 00:00:00+08:00,0.018048137426376343,0.018048137426376343,0.018048137426376343,0.018048137426376343,0,0.0,0.0
2002-06-24 00:00:00+08:00,0.018048137426376343,0.018048137426376343,0.018048137426376343,0.018048137426376343,0,0.0,0.0
2002-06-25 00:00:00+08:00,0.018048137426376343,0.018048137426376343,0.018048137426376343,0.018048137426376343,28653,0.0,0.0
2002-06-26 00:00:00+08:00,0.018048137426376343,0.018048137426376343,0.018048137426376343,0.018048137426376343,0,0.0,0.0
2002-06-27 00:00:00+08:00,0.018048137426376343,0.018048137426376343,0.018048137426376343,0.018048137426376343,0,0.0,0.0
2002-06-28 00:00:00+08:00,0.018048137426376343,0.018048137426376343,0.018048137426376343,0.018048137426376343,0,0.0,0.0
2002-07-01 00:00:00+08:00,0.018048137426376343,0.018048137426376343,0.018048137426376343,0.018048137426376343,0,0.0,0.0
2002-07-02 00:00:00+08:00,0.017045464366674423,0.017045464366674423,0.017045464366674423,0.017045464366674423,2204,0.0,0.0
2002-07-03 00:00:00+08:00,0.017045464366674423,0.017045464366674423,0.017045464366674423,0.017045464366674423,0,0.0,0.0
2002-07-04 00:00:00+08:00,0.017045464366674423,0.017045464366674423,0.017045464366674423,0.017045464366674423,0,0.0,0.0
2002-07-05 00:00:00+08:00,0.018048132460761215,0.019050806760787964,0.018048132460761215,0.019050806760787964,116816,0.0,0.0
2002-07-08 00:00:00+08:00,0.020053486578165008,0.020053486578165008,0.018048137426376343,0.018048137426376343,17632,0.0,0.0
2002-07-09 00:00:00+08:00,0.018048137426376343,0.018048137426376343,0.018048137426376343,0.018048137426376343,0,0.0,0.0
2002-07-10 00:00:00+08:00,0.018048137426376343,0.018048137426376343,0.018048137426376343,0.018048137426376343,39673,0.0,0.0
2002-07-11 00:00:00+08:00,0.018048137426376343,0.018048137426376343,0.018048137426376343,0.018048137426376343,0,0.0,0.0
2002-07-12 00:00:00+08:00,0.019050810527676577,0.024064181372523308,0.019050810527676577,0.024064181372523308,9918,0.0,0.0
2002-07-15 00:00:00+08:00,0.024064181372523308,0.024064181372523308,0.024064181372523308,0.024064181372523308,0,0.0,0.0
2002-07-16 00:00:00+08:00,0.024064181372523308,0.024064181372523308,0.024064181372523308,0.024064181372523308,0,0.0,0.0
2002-07-17 00:00:00+08:00,0.024064181372523308,0.024064181372523308,0.024064181372523308,0.024064181372523308,0,0.0,0.0
2002-07-18 00:00:00+08:00,0.016042791306972504,0.016042791306972504,0.016042791306972504,0.016042791306972504,5510,0.0,0.0
2002-07-19 00:00:00+08:00,0.016042791306972504,0.016042791306972504,0.016042791306972504,0.016042791306972504,0,0.0,0.0
2002-07-22 00:00:00+08:00,0.02205883152782917,0.02205883152782917,0.02205883152782917,0.02205883152782917,1102,0.0,0.0
2002-07-23 00:00:00+08:00,0.024064181372523308,0.0250670765116898,0.021056157877671018,0.024064181372523308,20938,0.0,0.0
2002-07-24 00:00:00+08:00,0.024064181372523308,0.024064181372523308,0.024064181372523308,0.024064181372523308,0,0.0,0.0
2002-07-25 00:00:00+08:00,0.024064181372523308,0.024064181372523308,0.024064181372523308,0.024064181372523308,0,0.0,0.0
2002-07-26 00:00:00+08:00,0.024064181372523308,0.024064181372523308,0.024064181372523308,0.024064181372523308,0,0.0,0.0
2002-07-29 00:00:00+08:00,0.024064181372523308,0.024064181372523308,0.024064181372523308,0.024064181372523308,0,0.0,0.0
2002-07-30 00:00:00+08:00,0.024064181372523308,0.024064181372523308,0.024064181372523308,0.024064181372523308,0,0.0,0.0
2002-07-31 00:00:00+08:00,0.024064181372523308,0.024064181372523308,0.024064181372523308,0.024064181372523308,0,0.0,0.0
2002-08-01 00:00:00+08:00,0.024064181372523308,0.024064181372523308,0.024064181372523308,0.024064181372523308,0,0.0,0.0
2002-08-02 00:00:00+08:00,0.024064181372523308,0.024064181372523308,0.024064181372523308,0.024064181372523308,0,0.0,0.0
2002-08-05 00:00:00+08:00,0.024064181372523308,0.024064181372523308,0.024064181372523308,0.024064181372523308,0,0.0,0.0
2002-08-06 00:00:00+08:00,0.024064181372523308,0.024064181372523308,0.024064181372523308,0.024064181372523308,0,0.0,0.0
2002-08-07 00:00:00+08:00,0.024064181372523308,0.024064181372523308,0.024064181372523308,0.024064181372523308,0,0.0,0.0
2002-08-08 00:00:00+08:00,0.020053485025960674,0.024064181372523308,0.020053485025960674,0.024064181372523308,28653,0.0,0.0
2002-08-09 00:00:00+08:00,0.024064181372523308,0.024064181372523308,0.024064181372523308,0.024064181372523308,0,0.0,0.0
2002-08-12 00:00:00+08:00,0.024064181372523308,0.024064181372523308,0.024064181372523308,0.024064181372523308,0,0.0,0.0
2002-08-13 00:00:00+08:00,0.024064181372523308,0.024064181372523308,0.024064181372523308,0.024064181372523308,0,0.0,0.0
2002-08-14 00:00:00+08:00,0.018048138612961725,0.023061510175466537,0.018048138612961725,0.023061510175466537,12122,0.0,0.0
2002-08-15 00:00:00+08:00,0.023061510175466537,0.023061510175466537,0.023061510175466537,0.023061510175466537,0,0.0,0.0
2002-08-16 00:00:00+08:00,0.01704546087573833,0.02205883152782917,0.01704546087573833,0.02205883152782917,3306,0.0,0.0
2002-08-19 00:00:00+08:00,0.02205883152782917,0.02205883152782917,0.02205883152782917,0.02205883152782917,0,0.0,0.0
2002-08-20 00:00:00+08:00,0.017045462009096773,0.02105615846812725,0.017045462009096773,0.02105615846812725,24244,0.0,0.0
2002-08-21 00:00:00+08:00,0.02105615846812725,0.02105615846812725,0.02105615846812725,0.02105615846812725,0,0.0,0.0
2002-08-22 00:00:00+08:00,0.017045462009096773,0.02105615846812725,0.017045462009096773,0.02105615846812725,7714,0.0,0.0
2002-08-23 00:00:00+08:00,0.02105615846812725,0.02105615846812725,0.02105615846812725,0.02105615846812725,0,0.0,0.0
2002-08-26 00:00:00+08:00,0.02105615846812725,0.02105615846812725,0.02105615846812725,0.02105615846812725,0,0.0,0.0
2002-08-27 00:00:00+08:00,0.02105615846812725,0.02105615846812725,0.02105615846812725,0.02105615846812725,0,0.0,0.0
2002-08-28 00:00:00+08:00,0.02105615846812725,0.02105615846812725,0.02105615846812725,0.02105615846812725,0,0.0,0.0
2002-08-29 00:00:00+08:00,0.018048132460761215,0.019050806760787964,0.018048132460761215,0.019050806760787964,2204,0.0,0.0
2002-08-30 00:00:00+08:00,0.019050806760787964,0.019050806760787964,0.019050806760787964,0.019050806760787964,0,0.0,0.0
2002-09-02 00:00:00+08:00,0.019050806760787964,0.019050806760787964,0.019050806760787964,0.019050806760787964,0,0.0,0.0
2002-09-03 00:00:00+08:00,0.017045462009096773,0.02105615846812725,0.017045462009096773,0.02105615846812725,4408,0.0,0.0
2002-09-04 00:00:00+08:00,0.02105615846812725,0.02105615846812725,0.02105615846812725,0.02105615846812725,0,0.0,0.0
2002-09-05 00:00:00+08:00,0.02105615846812725,0.02105615846812725,0.02105615846812725,0.02105615846812725,0,0.0,0.0
2002-09-06 00:00:00+08:00,0.02105615846812725,0.02105615846812725,0.02105615846812725,0.02105615846812725,0,0.0,0.0
2002-09-09 00:00:00+08:00,0.02105615846812725,0.02105615846812725,0.02105615846812725,0.02105615846812725,0,0.0,0.0
2002-09-10 00:00:00+08:00,0.016042791306972504,0.021056163487490526,0.016042791306972504,0.016042791306972504,134448,0.0,0.0
2002-09-11 00:00:00+08:00,0.01604278386070772,0.019050806760787964,0.01604278386070772,0.019050806760787964,12122,0.0,0.0
2002-09-12 00:00:00+08:00,0.02205883152782917,0.02205883152782917,0.02205883152782917,0.02205883152782917,1102,0.0,0.0
2002-09-13 00:00:00+08:00,0.01804813903175657,0.01804813903175657,0.017045464366674423,0.017045464366674423,17632,0.0,0.0
2002-09-16 00:00:00+08:00,0.017045464366674423,0.017045464366674423,0.017045464366674423,0.017045464366674423,55102,0.0,0.0
2002-09-17 00:00:00+08:00,0.017045464366674423,0.017045464366674423,0.017045464366674423,0.017045464366674423,7714,0.0,0.0
2002-09-18 00:00:00+08:00,0.017045464366674423,0.017045464366674423,0.017045464366674423,0.017045464366674423,0,0.0,0.0
2002-09-19 00:00:00+08:00,0.016042791306972504,0.017045466072390946,0.016042791306972504,0.016042791306972504,454040,0.0,0.0
2002-09-20 00:00:00+08:00,0.016042791306972504,0.016042791306972504,0.016042791306972504,0.016042791306972504,632570,0.0,0.0
2002-09-23 00:00:00+08:00,0.015040113590657711,0.015040113590657711,0.015040113590657711,0.015040113590657711,603917,0.0,0.0
2002-09-24 00:00:00+08:00,0.015040116541554063,0.016042791306972504,0.015040116541554063,0.016042791306972504,190652,0.0,0.0
2002-09-25 00:00:00+08:00,0.015040113590657711,0.015040113590657711,0.015040113590657711,0.015040113590657711,426489,0.0,0.0
2002-09-26 00:00:00+08:00,0.015040116541554063,0.016042791306972504,0.015040116541554063,0.016042791306972504,58408,0.0,0.0
2002-09-27 00:00:00+08:00,0.015040113590657711,0.015040113590657711,0.015040113590657711,0.015040113590657711,209387,0.0,0.0
2002-09-30 00:00:00+08:00,0.015040113590657711,0.015040113590657711,0.015040113590657711,0.015040113590657711,0,0.0,0.0
2002-10-01 00:00:00+08:00,0.015040113590657711,0.015040113590657711,0.015040113590657711,0.015040113590657711,123428,0.0,0.0
2002-10-02 00:00:00+08:00,0.015040113590657711,0.015040113590657711,0.015040113590657711,0.015040113590657711,189550,0.0,0.0
2002-10-03 00:00:00+08:00,0.015040113590657711,0.015040113590657711,0.015040113590657711,0.015040113590657711,111306,0.0,0.0
2002-10-04 00:00:00+08:00,0.015040113590657711,0.015040113590657711,0.015040113590657711,0.015040113590657711,0,0.0,0.0
2002-10-07 00:00:00+08:00,0.015040109560680968,0.019050806760787964,0.015040109560680968,0.019050806760787964,16530,0.0,0.0
2002-10-08 00:00:00+08:00,0.016042791306972504,0.016042791306972504,0.016042791306972504,0.016042791306972504,5510,0.0,0.0
2002-10-09 00:00:00+08:00,0.019050806760787964,0.019050806760787964,0.019050806760787964,0.019050806760787964,1102,0.0,0.0
2002-10-10 00:00:00+08:00,0.019050806760787964,0.019050806760787964,0.019050806760787964,0.019050806760787964,0,0.0,0.0
2002-10-11 00:00:00+08:00,0.016042791306972504,0.016042791306972504,0.016042791306972504,0.016042791306972504,258979,0.0,0.0
2002-10-14 00:00:00+08:00,0.017045464366674423,0.017045464366674423,0.017045464366674423,0.017045464366674423,22040,0.0,0.0
2002-10-15 00:00:00+08:00,0.017045464366674423,0.017045464366674423,0.017045464366674423,0.017045464366674423,0,0.0,0.0
2002-10-16 00:00:00+08:00,0.016042791306972504,0.016042791306972504,0.016042791306972504,0.016042791306972504,33061,0.0,0.0
2002-10-17 00:00:00+08:00,0.016042791306972504,0.016042791306972504,0.016042791306972504,0.016042791306972504,0,0.0,0.0
2002-10-18 00:00:00+08:00,0.016042791306972504,0.016042791306972504,0.016042791306972504,0.016042791306972504,0,0.0,0.0
2002-10-21 00:00:00+08:00,0.016042791306972504,0.016042791306972504,0.016042791306972504,0.016042791306972504,0,0.0,0.0
2002-10-22 00:00:00+08:00,0.016042791306972504,0.016042791306972504,0.016042791306972504,0.016042791306972504,0,0.0,0.0
2002-10-23 00:00:00+08:00,0.016042791306972504,0.016042791306972504,0.016042791306972504,0.016042791306972504,0,0.0,0.0
2002-10-24 00:00:00+08:00,0.017045464366674423,0.017045464366674423,0.017045464366674423,0.017045464366674423,61714,0.0,0.0
2002-10-25 00:00:00+08:00,0.017045464366674423,0.017045464366674423,0.017045464366674423,0.017045464366674423,16530,0.0,0.0
2002-10-28 00:00:00+08:00,0.017045464366674423,0.017045464366674423,0.017045464366674423,0.017045464366674423,11020,0.0,0.0
2002-10-29 00:00:00+08:00,0.01704546343945164,0.02005348727107048,0.01704546343945164,0.02005348727107048,84857,0.0,0.0
2002-10-30 00:00:00+08:00,0.017045464366674423,0.017045464366674423,0.017045464366674423,0.017045464366674423,112408,0.0,0.0
2002-10-31 00:00:00+08:00,0.017045464366674423,0.017045464366674423,0.017045464366674423,0.017045464366674423,0,0.0,0.0
2002-11-01 00:00:00+08:00,0.017045464366674423,0.017045464366674423,0.017045464366674423,0.017045464366674423,0,0.0,0.0
2002-11-04 00:00:00+08:00,0.017045464366674423,0.017045464366674423,0.017045464366674423,0.017045464366674423,0,0.0,0.0
2002-11-05 00:00:00+08:00,0.017045464366674423,0.017045464366674423,0.017045464366674423,0.017045464366674423,0,0.0,0.0
2002-11-06 00:00:00+08:00,0.016042791306972504,0.016042791306972504,0.016042791306972504,0.016042791306972504,27551,0.0,0.0
2002-11-07 00:00:00+08:00,0.016042791306972504,0.016042791306972504,0.016042791306972504,0.016042791306972504,116816,0.0,0.0
2002-11-08 00:00:00+08:00,0.016042791306972504,0.016042791306972504,0.016042791306972504,0.016042791306972504,0,0.0,0.0
2002-11-11 00:00:00+08:00,0.017045458160734467,0.019050806760787964,0.017045458160734467,0.019050806760787964,253469,0.0,0.0
2002-11-12 00:00:00+08:00,0.019050806760787964,0.019050806760787964,0.019050806760787964,0.019050806760787964,26448,0.0,0.0
2002-11-13 00:00:00+08:00,0.018048137426376343,0.018048137426376343,0.018048137426376343,0.018048137426376343,40775,0.0,0.0
2002-11-14 00:00:00+08:00,0.019050806760787964,0.019050806760787964,0.019050806760787964,0.019050806760787964,22040,0.0,0.0
2002-11-15 00:00:00+08:00,0.019050806760787964,0.019050806760787964,0.019050806760787964,0.019050806760787964,0,0.0,0.0
2002-11-18 00:00:00+08:00,0.018048137426376343,0.018048137426376343,0.018048137426376343,0.018048137426376343,27551,0.0,0.0
2002-11-19 00:00:00+08:00,0.019050806760787964,0.020053481060814716,0.019050806760787964,0.019050806760787964,310775,0.0,0.0
2002-11-20 00:00:00+08:00,0.02105615950748546,0.02105615950748546,0.018048137426376343,0.018048137426376343,127836,0.0,0.0
2002-11-21 00:00:00+08:00,0.018048137426376343,0.018048137426376343,0.018048137426376343,0.018048137426376343,12122,0.0,0.0
2002-11-22 00:00:00+08:00,0.018048137426376343,0.018048137426376343,0.018048137426376343,0.018048137426376343,0,0.0,0.0
2002-11-25 00:00:00+08:00,0.018048137426376343,0.018048137426376343,0.018048137426376343,0.018048137426376343,76040,0.0,0.0
2002-11-26 00:00:00+08:00,0.018048137426376343,0.018048137426376343,0.018048137426376343,0.018048137426376343,50693,0.0,0.0
2002-11-27 00:00:00+08:00,0.018048137426376343,0.019050812002270677,0.018048137426376343,0.018048137426376343,34163,0.0,0.0
2002-11-28 00:00:00+08:00,0.018048137426376343,0.018048137426376343,0.018048137426376343,0.018048137426376343,0,0.0,0.0
2002-11-29 00:00:00+08:00,0.018048137426376343,0.018048137426376343,0.018048137426376343,0.018048137426376343,109101,0.0,0.0
2002-12-02 00:00:00+08:00,0.018048137426376343,0.018048137426376343,0.018048137426376343,0.018048137426376343,0,0.0,0.0
2002-12-03 00:00:00+08:00,0.018048137426376343,0.018048137426376343,0.018048137426376343,0.018048137426376343,246856,0.0,0.0
2002-12-04 00:00:00+08:00,0.018048137426376343,0.018048137426376343,0.018048137426376343,0.018048137426376343,78244,0.0,0.0
2002-12-05 00:00:00+08:00,0.018048137426376343,0.018048137426376343,0.018048137426376343,0.018048137426376343,90367,0.0,0.0
2002-12-06 00:00:00+08:00,0.018048137426376343,0.018048137426376343,0.018048137426376343,0.018048137426376343,0,0.0,0.0
2002-12-09 00:00:00+08:00,0.018048137426376343,0.018048137426376343,0.018048137426376343,0.018048137426376343,152081,0.0,0.0
2002-12-10 00:00:00+08:00,0.018048137426376343,0.018048137426376343,0.018048137426376343,0.018048137426376343,94775,0.0,0.0
2002-12-11 00:00:00+08:00,0.018048137426376343,0.018048137426376343,0.018048137426376343,0.018048137426376343,49591,0.0,0.0
2002-12-12 00:00:00+08:00,0.018048137426376343,0.018048137426376343,0.018048137426376343,0.018048137426376343,25346,0.0,0.0
2002-12-13 00:00:00+08:00,0.018048137426376343,0.018048137426376343,0.018048137426376343,0.018048137426376343,6612,0.0,0.0
2002-12-16 00:00:00+08:00,0.019050812002270677,0.019050812002270677,0.018048137426376343,0.018048137426376343,161999,0.0,0.0
2002-12-17 00:00:00+08:00,0.018048137426376343,0.018048137426376343,0.018048137426376343,0.018048137426376343,362571,0.0,0.0
2002-12-18 00:00:00+08:00,0.018048137426376343,0.018048137426376343,0.018048137426376343,0.018048137426376343,8816,0.0,0.0
2002-12-19 00:00:00+08:00,0.018048137426376343,0.018048137426376343,0.018048137426376343,0.018048137426376343,57306,0.0,0.0
2002-12-20 00:00:00+08:00,0.018048137426376343,0.018048137426376343,0.018048137426376343,0.018048137426376343,33061,0.0,0.0
2002-12-23 00:00:00+08:00,0.019050806760787964,0.019050806760787964,0.019050806760787964,0.019050806760787964,35265,0.0,0.0
2002-12-24 00:00:00+08:00,0.019050806760787964,0.019050806760787964,0.019050806760787964,0.019050806760787964,112408,0.0,0.0
2002-12-25 00:00:00+08:00,0.019050806760787964,0.019050806760787964,0.019050806760787964,0.019050806760787964,0,0.0,0.0
2002-12-26 00:00:00+08:00,0.019050806760787964,0.019050806760787964,0.019050806760787964,0.019050806760787964,149877,0.0,0.0
2002-12-27 00:00:00+08:00,0.018048137426376343,0.018048137426376343,0.018048137426376343,0.018048137426376343,61714,0.0,0.0
2002-12-30 00:00:00+08:00,0.018048132460761215,0.019050806760787964,0.018048132460761215,0.019050806760787964,219305,0.0,0.0
2002-12-31 00:00:00+08:00,0.019050806760787964,0.019050806760787964,0.019050806760787964,0.019050806760787964,52897,0.0,0.0
2003-01-01 00:00:00+08:00,0.019050806760787964,0.019050806760787964,0.019050806760787964,0.019050806760787964,0,0.0,0.0
2003-01-02 00:00:00+08:00,0.018048132460761215,0.019050806760787964,0.018048132460761215,0.019050806760787964,53999,0.0,0.0
2003-01-03 00:00:00+08:00,0.019050806760787964,0.019050806760787964,0.019050806760787964,0.019050806760787964,0,0.0,0.0
2003-01-06 00:00:00+08:00,0.019050806760787964,0.019050806760787964,0.019050806760787964,0.019050806760787964,11020,0.0,0.0
2003-01-07 00:00:00+08:00,0.019050806760787964,0.019050806760787964,0.019050806760787964,0.019050806760787964,55102,0.0,0.0
2003-01-08 00:00:00+08:00,0.019050806760787964,0.020053481060814716,0.019050806760787964,0.019050806760787964,124530,0.0,0.0
2003-01-09 00:00:00+08:00,0.019050806760787964,0.019050806760787964,0.019050806760787964,0.019050806760787964,0,0.0,0.0
2003-01-10 00:00:00+08:00,0.019050806760787964,0.019050806760787964,0.019050806760787964,0.019050806760787964,0,0.0,0.0
2003-01-13 00:00:00+08:00,0.019050806760787964,0.019050806760787964,0.019050806760787964,0.019050806760787964,0,0.0,0.0
2003-01-14 00:00:00+08:00,0.019050806760787964,0.019050806760787964,0.019050806760787964,0.019050806760787964,28653,0.0,0.0
2003-01-15 00:00:00+08:00,0.019050806760787964,0.019050806760787964,0.019050806760787964,0.019050806760787964,22040,0.0,0.0
2003-01-16 00:00:00+08:00,0.019050806760787964,0.019050806760787964,0.019050806760787964,0.019050806760787964,22040,0.0,0.0
2003-01-17 00:00:00+08:00,0.019050806760787964,0.019050806760787964,0.019050806760787964,0.019050806760787964,0,0.0,0.0
2003-01-20 00:00:00+08:00,0.019050806760787964,0.019050806760787964,0.019050806760787964,0.019050806760787964,16530,0.0,0.0
2003-01-21 00:00:00+08:00,0.019050806760787964,0.019050806760787964,0.019050806760787964,0.019050806760787964,0,0.0,0.0
2003-01-22 00:00:00+08:00,0.020053481060814716,0.020053481060814716,0.019050806760787964,0.019050806760787964,39673,0.0,0.0
2003-01-23 00:00:00+08:00,0.019050806760787964,0.019050806760787964,0.019050806760787964,0.019050806760787964,2204,0.0,0.0
2003-01-24 00:00:00+08:00,0.019050806760787964,0.019050806760787964,0.019050806760787964,0.019050806760787964,20938,0.0,0.0
2003-01-27 00:00:00+08:00,0.019050806760787964,0.019050806760787964,0.019050806760787964,0.019050806760787964,153183,0.0,0.0
2003-01-28 00:00:00+08:00,0.019050806760787964,0.019050806760787964,0.019050806760787964,0.019050806760787964,0,0.0,0.0
2003-01-29 00:00:00+08:00,0.019050806760787964,0.019050806760787964,0.019050806760787964,0.019050806760787964,308571,0.0,0.0
2003-01-30 00:00:00+08:00,0.019050812660530866,0.02005348727107048,0.019050812660530866,0.02005348727107048,16530,0.0,0.0
2003-01-31 00:00:00+08:00,0.02005348727107048,0.02005348727107048,0.02005348727107048,0.02005348727107048,0,0.0,0.0
2003-02-03 00:00:00+08:00,0.02005348727107048,0.02005348727107048,0.02005348727107048,0.02005348727107048,0,0.0,0.0
2003-02-04 00:00:00+08:00,0.019050806760787964,0.019050806760787964,0.019050806760787964,0.019050806760787964,16530,0.0,0.0
2003-02-05 00:00:00+08:00,0.019050806760787964,0.019050806760787964,0.019050806760787964,0.019050806760787964,0,0.0,0.0
2003-02-06 00:00:00+08:00,0.019050806760787964,0.019050806760787964,0.019050806760787964,0.019050806760787964,11020,0.0,0.0
2003-02-07 00:00:00+08:00,0.019050806760787964,0.019050806760787964,0.019050806760787964,0.019050806760787964,104693,0.0,0.0
2003-02-10 00:00:00+08:00,0.019050806760787964,0.019050806760787964,0.019050806760787964,0.019050806760787964,11020,0.0,0.0
2003-02-11 00:00:00+08:00,0.019050806760787964,0.019050806760787964,0.019050806760787964,0.019050806760787964,0,0.0,0.0
2003-02-12 00:00:00+08:00,0.019050806760787964,0.019050806760787964,0.019050806760787964,0.019050806760787964,0,0.0,0.0
2003-02-13 00:00:00+08:00,0.019050806760787964,0.019050806760787964,0.019050806760787964,0.019050806760787964,11020,0.0,0.0
2003-02-14 00:00:00+08:00,0.019050806760787964,0.019050806760787964,0.019050806760787964,0.019050806760787964,14326,0.0,0.0
2003-02-17 00:00:00+08:00,0.019050806760787964,0.019050806760787964,0.019050806760787964,0.019050806760787964,11020,0.0,0.0
2003-02-18 00:00:00+08:00,0.019050812660530866,0.02005348727107048,0.019050812660530866,0.02005348727107048,3306,0.0,0.0
2003-02-19 00:00:00+08:00,0.019050806760787964,0.019050806760787964,0.019050806760787964,0.019050806760787964,2204,0.0,0.0
2003-02-20 00:00:00+08:00,0.02005348727107048,0.02005348727107048,0.019050812660530866,0.02005348727107048,39673,0.0,0.0
2003-02-21 00:00:00+08:00,0.019050812660530866,0.02005348727107048,0.019050812660530866,0.02005348727107048,12122,0.0,0.0
2003-02-24 00:00:00+08:00,0.02005348727107048,0.02005348727107048,0.02005348727107048,0.02005348727107048,55102,0.0,0.0
2003-02-25 00:00:00+08:00,0.02005348727107048,0.02005348727107048,0.02005348727107048,0.02005348727107048,0,0.0,0.0
2003-02-26 00:00:00+08:00,0.02005348727107048,0.02005348727107048,0.02005348727107048,0.02005348727107048,0,0.0,0.0
2003-02-27 00:00:00+08:00,0.02005348727107048,0.02005348727107048,0.02005348727107048,0.02005348727107048,0,0.0,0.0
2003-02-28 00:00:00+08:00,0.016042791306972504,0.016042791306972504,0.016042791306972504,0.016042791306972504,3306,0.0,0.0
2003-03-03 00:00:00+08:00,0.016042791306972504,0.016042791306972504,0.016042791306972504,0.016042791306972504,0,0.0,0.0
2003-03-04 00:00:00+08:00,0.016042791306972504,0.016042791306972504,0.016042791306972504,0.016042791306972504,0,0.0,0.0
2003-03-05 00:00:00+08:00,0.016042791306972504,0.016042791306972504,0.016042791306972504,0.016042791306972504,0,0.0,0.0
2003-03-06 00:00:00+08:00,0.016042791306972504,0.016042791306972504,0.016042791306972504,0.016042791306972504,0,0.0,0.0
2003-03-07 00:00:00+08:00,0.016042788159349664,0.016042788159349664,0.015040113590657711,0.015040113590657711,87061,0.0,0.0
2003-03-10 00:00:00+08:00,0.015040113590657711,0.015040113590657711,0.015040113590657711,0.015040113590657711,0,0.0,0.0
2003-03-11 00:00:00+08:00,0.015040113590657711,0.015040113590657711,0.015040113590657711,0.015040113590657711,7714,0.0,0.0
2003-03-12 00:00:00+08:00,0.015040116541554063,0.016042791306972504,0.015040116541554063,0.016042791306972504,33061,0.0,0.0
2003-03-13 00:00:00+08:00,0.016042791306972504,0.016042791306972504,0.016042791306972504,0.016042791306972504,0,0.0,0.0
2003-03-14 00:00:00+08:00,0.016042791306972504,0.016042791306972504,0.016042791306972504,0.016042791306972504,0,0.0,0.0
2003-03-17 00:00:00+08:00,0.016042791306972504,0.016042791306972504,0.016042791306972504,0.016042791306972504,0,0.0,0.0
2003-03-18 00:00:00+08:00,0.016042791306972504,0.016042791306972504,0.016042791306972504,0.016042791306972504,0,0.0,0.0
2003-03-19 00:00:00+08:00,0.016042791306972504,0.016042791306972504,0.016042791306972504,0.016042791306972504,0,0.0,0.0
2003-03-20 00:00:00+08:00,0.016042791306972504,0.016042791306972504,0.016042791306972504,0.016042791306972504,0,0.0,0.0
2003-03-21 00:00:00+08:00,0.017045464366674423,0.017045464366674423,0.017045464366674423,0.017045464366674423,56204,0.0,0.0
2003-03-24 00:00:00+08:00,0.017045464366674423,0.017045464366674423,0.017045464366674423,0.017045464366674423,0,0.0,0.0
2003-03-25 00:00:00+08:00,0.017045464366674423,0.017045464366674423,0.017045464366674423,0.017045464366674423,0,0.0,0.0
2003-03-26 00:00:00+08:00,0.015040113590657711,0.015040113590657711,0.015040113590657711,0.015040113590657711,2204,0.0,0.0
2003-03-27 00:00:00+08:00,0.015040113590657711,0.015040113590657711,0.015040113590657711,0.015040113590657711,0,0.0,0.0
2003-03-28 00:00:00+08:00,0.01604278970159228,0.017045464366674423,0.01604278970159228,0.017045464366674423,24244,0.0,0.0
2003-03-31 00:00:00+08:00,0.015040113590657711,0.015040113590657711,0.015040113590657711,0.015040113590657711,13224,0.0,0.0
2003-04-01 00:00:00+08:00,0.017045464366674423,0.017045464366674423,0.017045464366674423,0.017045464366674423,13224,0.0,0.0
2003-04-02 00:00:00+08:00,0.017045464366674423,0.017045464366674423,0.017045464366674423,0.017045464366674423,0,0.0,0.0
2003-04-03 00:00:00+08:00,0.017045464366674423,0.017045464366674423,0.017045464366674423,0.017045464366674423,0,0.0,0.0
2003-04-04 00:00:00+08:00,0.017045464366674423,0.017045464366674423,0.017045464366674423,0.017045464366674423,0,0.0,0.0
2003-04-07 00:00:00+08:00,0.017045462850482012,0.018048137426376343,0.017045462850482012,0.018048137426376343,26448,0.0,0.0
2003-04-08 00:00:00+08:00,0.018048137426376343,0.018048137426376343,0.018048137426376343,0.018048137426376343,0,0.0,0.0
2003-04-09 00:00:00+08:00,0.018048137426376343,0.018048137426376343,0.018048137426376343,0.018048137426376343,0,0.0,0.0
2003-04-10 00:00:00+08:00,0.018048137426376343,0.018048137426376343,0.018048137426376343,0.018048137426376343,0,0.0,0.0
2003-04-11 00:00:00+08:00,0.018048137426376343,0.018048137426376343,0.018048137426376343,0.018048137426376343,0,0.0,0.0
2003-04-14 00:00:00+08:00,0.018048137426376343,0.018048137426376343,0.018048137426376343,0.018048137426376343,0,0.0,0.0
2003-04-15 00:00:00+08:00,0.018048137426376343,0.018048137426376343,0.018048137426376343,0.018048137426376343,0,0.0,0.0
2003-04-16 00:00:00+08:00,0.015040113590657711,0.015040113590657711,0.015040113590657711,0.015040113590657711,23142,0.0,0.0
2003-04-17 00:00:00+08:00,0.015040113590657711,0.015040113590657711,0.015040113590657711,0.015040113590657711,0,0.0,0.0
2003-04-18 00:00:00+08:00,0.015040113590657711,0.015040113590657711,0.015040113590657711,0.015040113590657711,0,0.0,0.0
2003-04-21 00:00:00+08:00,0.015040113590657711,0.015040113590657711,0.015040113590657711,0.015040113590657711,0,0.0,0.0
2003-04-22 00:00:00+08:00,0.015040113590657711,0.015040113590657711,0.015040113590657711,0.015040113590657711,0,0.0,0.0
2003-04-23 00:00:00+08:00,0.015040113590657711,0.015040113590657711,0.015040113590657711,0.015040113590657711,0,0.0,0.0
2003-04-24 00:00:00+08:00,0.015040113590657711,0.015040113590657711,0.015040113590657711,0.015040113590657711,0,0.0,0.0
2003-04-25 00:00:00+08:00,0.016042791306972504,0.016042791306972504,0.016042791306972504,0.016042791306972504,15428,0.0,0.0
2003-04-28 00:00:00+08:00,0.016042791306972504,0.016042791306972504,0.016042791306972504,0.016042791306972504,0,0.0,0.0
2003-04-29 00:00:00+08:00,0.017045462728041617,0.017045462728041617,0.015040113590657711,0.015040113590657711,22040,0.0,0.0
2003-04-30 00:00:00+08:00,0.015040113590657711,0.015040113590657711,0.015040113590657711,0.015040113590657711,31959,0.0,0.0
2003-05-01 00:00:00+08:00,0.015040113590657711,0.015040113590657711,0.015040113590657711,0.015040113590657711,0,0.0,0.0
2003-05-02 00:00:00+08:00,0.016042791306972504,0.016042791306972504,0.016042791306972504,0.016042791306972504,11020,0.0,0.0
2003-05-05 00:00:00+08:00,0.016042791306972504,0.016042791306972504,0.016042791306972504,0.016042791306972504,0,0.0,0.0
2003-05-06 00:00:00+08:00,0.014037443422709808,0.016042791306972504,0.014037443422709808,0.016042791306972504,34163,0.0,0.0
2003-05-07 00:00:00+08:00,0.016042791306972504,0.016042791306972504,0.016042791306972504,0.016042791306972504,0,0.0,0.0
2003-05-08 00:00:00+08:00,0.016042791306972504,0.01804814083780939,0.016042791306972504,0.016042791306972504,13224,0.0,0.0
2003-05-09 00:00:00+08:00,0.016042791306972504,0.016042791306972504,0.016042791306972504,0.016042791306972504,0,0.0,0.0
2003-05-12 00:00:00+08:00,0.016042791306972504,0.016042791306972504,0.016042791306972504,0.016042791306972504,0,0.0,0.0
2003-05-13 00:00:00+08:00,0.016042791306972504,0.016042791306972504,0.016042791306972504,0.016042791306972504,5510,0.0,0.0
2003-05-14 00:00:00+08:00,0.016042791306972504,0.016042791306972504,0.016042791306972504,0.016042791306972504,0,0.0,0.0
2003-05-15 00:00:00+08:00,0.016042791306972504,0.016042791306972504,0.016042791306972504,0.016042791306972504,0,0.0,0.0
2003-05-16 00:00:00+08:00,0.016042791306972504,0.016042791306972504,0.016042791306972504,0.016042791306972504,0,0.0,0.0
2003-05-19 00:00:00+08:00,0.016042791306972504,0.016042791306972504,0.016042791306972504,0.016042791306972504,11020,0.0,0.0
2003-05-20 00:00:00+08:00,0.016042791306972504,0.016042791306972504,0.016042791306972504,0.016042791306972504,0,0.0,0.0
2003-05-21 00:00:00+08:00,0.01604278970159228,0.017045464366674423,0.01604278970159228,0.017045464366674423,30857,0.0,0.0
2003-05-22 00:00:00+08:00,0.017045464366674423,0.017045464366674423,0.017045464366674423,0.017045464366674423,0,0.0,0.0
2003-05-23 00:00:00+08:00,0.017045464366674423,0.017045464366674423,0.017045464366674423,0.017045464366674423,52897,0.0,0.0
2003-05-26 00:00:00+08:00,0.018048132460761215,0.019050806760787964,0.018048132460761215,0.019050806760787964,22040,0.0,0.0
2003-05-27 00:00:00+08:00,0.019050806760787964,0.019050806760787964,0.019050806760787964,0.019050806760787964,0,0.0,0.0
2003-05-28 00:00:00+08:00,0.017045462850482012,0.018048137426376343,0.017045462850482012,0.018048137426376343,11020,0.0,0.0
2003-05-29 00:00:00+08:00,0.018048137426376343,0.018048137426376343,0.018048137426376343,0.018048137426376343,0,0.0,0.0
2003-05-30 00:00:00+08:00,0.019050812002270677,0.019050812002270677,0.018048137426376343,0.018048137426376343,57306,0.0,0.0
2003-06-02 00:00:00+08:00,0.018048137426376343,0.018048137426376343,0.018048137426376343,0.018048137426376343,0,0.0,0.0
2003-06-03 00:00:00+08:00,0.019050812660530866,0.022058834845575775,0.019050812660530866,0.02005348727107048,632570,0.0,0.0
2003-06-04 00:00:00+08:00,0.02005348727107048,0.02005348727107048,0.02005348727107048,0.02005348727107048,53999,0.0,0.0
2003-06-05 00:00:00+08:00,0.02105615846812725,0.023061507520929385,0.02105615846812725,0.02105615846812725,382407,0.0,0.0
2003-06-06 00:00:00+08:00,0.02105615846812725,0.02105615846812725,0.02105615846812725,0.02105615846812725,36367,0.0,0.0
2003-06-09 00:00:00+08:00,0.019050806760787964,0.019050806760787964,0.019050806760787964,0.019050806760787964,7714,0.0,0.0
2003-06-10 00:00:00+08:00,0.02005348727107048,0.02005348727107048,0.02005348727107048,0.02005348727107048,146571,0.0,0.0
2003-06-11 00:00:00+08:00,0.02105615846812725,0.02105615846812725,0.02105615846812725,0.02105615846812725,143265,0.0,0.0
2003-06-12 00:00:00+08:00,0.020053485588299978,0.02105615846812725,0.020053485588299978,0.02105615846812725,156489,0.0,0.0
2003-06-13 00:00:00+08:00,0.02105615846812725,0.02105615846812725,0.02105615846812725,0.02105615846812725,0,0.0,0.0
2003-06-16 00:00:00+08:00,0.02105615846812725,0.02105615846812725,0.02105615846812725,0.02105615846812725,5510,0.0,0.0
2003-06-17 00:00:00+08:00,0.02105615846812725,0.02105615846812725,0.02105615846812725,0.02105615846812725,0,0.0,0.0
2003-06-18 00:00:00+08:00,0.020053481060814716,0.020053481060814716,0.019050806760787964,0.019050806760787964,93673,0.0,0.0
2003-06-19 00:00:00+08:00,0.02005348727107048,0.022058834845575775,0.02005348727107048,0.02005348727107048,103591,0.0,0.0
2003-06-20 00:00:00+08:00,0.02105615846812725,0.02105615846812725,0.02105615846812725,0.02105615846812725,213795,0.0,0.0
2003-06-23 00:00:00+08:00,0.02105615846812725,0.02105615846812725,0.02105615846812725,0.02105615846812725,55102,0.0,0.0
2003-06-24 00:00:00+08:00,0.02105615846812725,0.02105615846812725,0.02105615846812725,0.02105615846812725,0,0.0,0.0
2003-06-25 00:00:00+08:00,0.02205883152782917,0.02205883152782917,0.02205883152782917,0.02205883152782917,40775,0.0,0.0
2003-06-26 00:00:00+08:00,0.02205883152782917,0.02205883152782917,0.02205883152782917,0.02205883152782917,0,0.0,0.0
2003-06-27 00:00:00+08:00,0.020053485588299978,0.02105615846812725,0.020053485588299978,0.02105615846812725,61714,0.0,0.0
2003-06-30 00:00:00+08:00,0.02005348727107048,0.02005348727107048,0.02005348727107048,0.02005348727107048,46285,0.0,0.0
2003-07-01 00:00:00+08:00,0.02005348727107048,0.02005348727107048,0.02005348727107048,0.02005348727107048,49591,0.0,0.0
2003-07-02 00:00:00+08:00,0.019050806760787964,0.019050806760787964,0.019050806760787964,0.019050806760787964,28653,0.0,0.0
2003-07-03 00:00:00+08:00,0.019050806760787964,0.019050806760787964,0.019050806760787964,0.019050806760787964,28653,0.0,0.0
2003-07-04 00:00:00+08:00,0.02005348727107048,0.02005348727107048,0.02005348727107048,0.02005348727107048,44081,0.0,0.0
2003-07-07 00:00:00+08:00,0.02005348727107048,0.02005348727107048,0.02005348727107048,0.02005348727107048,0,0.0,0.0
2003-07-08 00:00:00+08:00,0.02005348727107048,0.02005348727107048,0.02005348727107048,0.02005348727107048,19836,0.0,0.0
2003-07-09 00:00:00+08:00,0.020053485588299978,0.022058832994528318,0.020053485588299978,0.02105615846812725,390122,0.0,0.0
2003-07-10 00:00:00+08:00,0.02105615846812725,0.02105615846812725,0.020053485588299978,0.02105615846812725,148775,0.0,0.0
2003-07-11 00:00:00+08:00,0.020053484254937044,0.02205883152782917,0.020053484254937044,0.02205883152782917,185142,0.0,0.0
2003-07-14 00:00:00+08:00,0.02105615846812725,0.02105615846812725,0.020053485588299978,0.02105615846812725,221510,0.0,0.0
2003-07-15 00:00:00+08:00,0.02105615846812725,0.02105615846812725,0.02105615846812725,0.02105615846812725,149877,0.0,0.0
2003-07-16 00:00:00+08:00,0.02105615846812725,0.02105615846812725,0.02105615846812725,0.02105615846812725,0,0.0,0.0
2003-07-17 00:00:00+08:00,0.02105615846812725,0.02105615846812725,0.02105615846812725,0.02105615846812725,88163,0.0,0.0
2003-07-18 00:00:00+08:00,0.02105615846812725,0.02105615846812725,0.02105615846812725,0.02105615846812725,0,0.0,0.0
2003-07-21 00:00:00+08:00,0.02105616023503616,0.02105616023503616,0.02005348727107048,0.02005348727107048,104693,0.0,0.0
2003-07-22 00:00:00+08:00,0.019050806760787964,0.019050806760787964,0.019050806760787964,0.019050806760787964,15428,0.0,0.0
2003-07-23 00:00:00+08:00,0.019050806760787964,0.019050806760787964,0.019050806760787964,0.019050806760787964,0,0.0,0.0
2003-07-24 00:00:00+08:00,0.019050812002270677,0.019050812002270677,0.018048137426376343,0.018048137426376343,38571,0.0,0.0
2003-07-25 00:00:00+08:00,0.018048137426376343,0.018048137426376343,0.018048137426376343,0.018048137426376343,20938,0.0,0.0
2003-07-28 00:00:00+08:00,0.018048137426376343,0.018048137426376343,0.018048137426376343,0.018048137426376343,0,0.0,0.0
2003-07-29 00:00:00+08:00,0.019050806760787964,0.021056153714268038,0.019050806760787964,0.019050806760787964,39673,0.0,0.0
2003-07-30 00:00:00+08:00,0.02005348727107048,0.02005348727107048,0.02005348727107048,0.02005348727107048,17632,0.0,0.0
2003-07-31 00:00:00+08:00,0.020053481060814716,0.020053481060814716,0.019050806760787964,0.019050806760787964,25346,0.0,0.0
2003-08-01 00:00:00+08:00,0.019050806760787964,0.019050806760787964,0.019050806760787964,0.019050806760787964,0,0.0,0.0
2003-08-04 00:00:00+08:00,0.019050806760787964,0.019050806760787964,0.019050806760787964,0.019050806760787964,0,0.0,0.0
2003-08-05 00:00:00+08:00,0.019050806760787964,0.019050806760787964,0.019050806760787964,0.019050806760787964,0,0.0,0.0
2003-08-06 00:00:00+08:00,0.019050806760787964,0.019050806760787964,0.019050806760787964,0.019050806760787964,0,0.0,0.0
2003-08-07 00:00:00+08:00,0.019050806760787964,0.019050806760787964,0.019050806760787964,0.019050806760787964,0,0.0,0.0
2003-08-08 00:00:00+08:00,0.019050806760787964,0.019050806760787964,0.019050806760787964,0.019050806760787964,26448,0.0,0.0
2003-08-11 00:00:00+08:00,0.019050806760787964,0.019050806760787964,0.019050806760787964,0.019050806760787964,0,0.0,0.0
2003-08-12 00:00:00+08:00,0.019050812002270677,0.019050812002270677,0.018048137426376343,0.018048137426376343,122326,0.0,0.0
2003-08-13 00:00:00+08:00,0.018048137426376343,0.018048137426376343,0.018048137426376343,0.018048137426376343,28653,0.0,0.0
2003-08-14 00:00:00+08:00,0.019050812002270677,0.019050812002270677,0.018048137426376343,0.018048137426376343,119020,0.0,0.0
2003-08-15 00:00:00+08:00,0.019050806760787964,0.019050806760787964,0.019050806760787964,0.019050806760787964,69428,0.0,0.0
2003-08-18 00:00:00+08:00,0.02005348727107048,0.02005348727107048,0.02005348727107048,0.02005348727107048,136652,0.0,0.0
2003-08-19 00:00:00+08:00,0.020053481060814716,0.020053481060814716,0.019050806760787964,0.019050806760787964,123428,0.0,0.0
2003-08-20 00:00:00+08:00,0.02005348727107048,0.02005348727107048,0.02005348727107048,0.02005348727107048,11020,0.0,0.0
2003-08-21 00:00:00+08:00,0.019050806760787964,0.019050806760787964,0.019050806760787964,0.019050806760787964,27551,0.0,0.0
2003-08-22 00:00:00+08:00,0.019050812660530866,0.02005348727107048,0.019050812660530866,0.02005348727107048,34163,0.0,0.0
2003-08-25 00:00:00+08:00,0.02005348727107048,0.02005348727107048,0.02005348727107048,0.02005348727107048,0,0.0,0.0
2003-08-26 00:00:00+08:00,0.018048132460761215,0.019050806760787964,0.018048132460761215,0.019050806760787964,12122,0.0,0.0
2003-08-27 00:00:00+08:00,0.017045462850482012,0.018048137426376343,0.017045462850482012,0.018048137426376343,65020,0.0,0.0
2003-08-28 00:00:00+08:00,0.018048137426376343,0.018048137426376343,0.018048137426376343,0.018048137426376343,60612,0.0,0.0
2003-08-29 00:00:00+08:00,0.018048137426376343,0.018048137426376343,0.018048137426376343,0.018048137426376343,45183,0.0,0.0
2003-09-01 00:00:00+08:00,0.018048137426376343,0.018048137426376343,0.018048137426376343,0.018048137426376343,0,0.0,0.0
2003-09-02 00:00:00+08:00,0.018048137426376343,0.018048137426376343,0.018048137426376343,0.018048137426376343,0,0.0,0.0
2003-09-03 00:00:00+08:00,0.018048137426376343,0.018048137426376343,0.018048137426376343,0.018048137426376343,0,0.0,0.0
2003-09-04 00:00:00+08:00,0.017045464366674423,0.017045464366674423,0.017045464366674423,0.017045464366674423,1102,0.0,0.0
2003-09-05 00:00:00+08:00,0.021056153714268038,0.021056153714268038,0.019050806760787964,0.019050806760787964,9918,0.0,0.0
2003-09-08 00:00:00+08:00,0.019050806760787964,0.019050806760787964,0.019050806760787964,0.019050806760787964,0,0.0,0.0
2003-09-09 00:00:00+08:00,0.018048137426376343,0.018048137426376343,0.018048137426376343,0.018048137426376343,70530,0.0,0.0
2003-09-10 00:00:00+08:00,0.018048137426376343,0.018048137426376343,0.018048137426376343,0.018048137426376343,69428,0.0,0.0
2003-09-11 00:00:00+08:00,0.018048137426376343,0.018048137426376343,0.018048137426376343,0.018048137426376343,0,0.0,0.0
2003-09-12 00:00:00+08:00,0.017045458160734467,0.019050806760787964,0.017045458160734467,0.019050806760787964,22040,0.0,0.0
2003-09-15 00:00:00+08:00,0.019050806760787964,0.019050806760787964,0.019050806760787964,0.019050806760787964,55102,0.0,0.0
2003-09-16 00:00:00+08:00,0.017045464366674423,0.017045464366674423,0.017045464366674423,0.017045464366674423,1102,0.0,0.0
2003-09-17 00:00:00+08:00,0.018048132460761215,0.020053481060814716,0.018048132460761215,0.019050806760787964,56204,0.0,0.0
2003-09-18 00:00:00+08:00,0.017045458160734467,0.019050806760787964,0.01604278386070772,0.019050806760787964,195061,0.0,0.0
2003-09-19 00:00:00+08:00,0.019050812002270677,0.019050812002270677,0.018048137426376343,0.018048137426376343,154285,0.0,0.0
2003-09-22 00:00:00+08:00,0.018048137426376343,0.018048137426376343,0.018048137426376343,0.018048137426376343,131142,0.0,0.0
2003-09-23 00:00:00+08:00,0.018048137426376343,0.018048137426376343,0.018048137426376343,0.018048137426376343,27551,0.0,0.0
2003-09-24 00:00:00+08:00,0.018048132460761215,0.019050806760787964,0.018048132460761215,0.019050806760787964,122326,0.0,0.0
2003-09-25 00:00:00+08:00,0.019050812660530866,0.02005348727107048,0.019050812660530866,0.02005348727107048,27551,0.0,0.0
2003-09-26 00:00:00+08:00,0.018048137426376343,0.018048137426376343,0.018048137426376343,0.018048137426376343,2204,0.0,0.0
2003-09-29 00:00:00+08:00,0.018048137426376343,0.018048137426376343,0.018048137426376343,0.018048137426376343,125632,0.0,0.0
2003-09-30 00:00:00+08:00,0.019050806760787964,0.019050806760787964,0.019050806760787964,0.019050806760787964,18734,0.0,0.0
2003-10-01 00:00:00+08:00,0.019050806760787964,0.019050806760787964,0.019050806760787964,0.019050806760787964,31959,0.0,0.0
2003-10-02 00:00:00+08:00,0.01804813903175657,0.01804813903175657,0.017045464366674423,0.017045464366674423,206081,0.0,0.0
2003-10-03 00:00:00+08:00,0.017045464366674423,0.017045464366674423,0.017045464366674423,0.017045464366674423,0,0.0,0.0
2003-10-06 00:00:00+08:00,0.019050812002270677,0.019050812002270677,0.018048137426376343,0.018048137426376343,126734,0.0,0.0
2003-10-07 00:00:00+08:00,0.018048137426376343,0.018048137426376343,0.018048137426376343,0.018048137426376343,264489,0.0,0.0
2003-10-08 00:00:00+08:00,0.018048137426376343,0.018048137426376343,0.018048137426376343,0.018048137426376343,1102,0.0,0.0
2003-10-09 00:00:00+08:00,0.01804813653549784,0.022058832994528318,0.01804813653549784,0.02105615846812725,860693,0.0,0.0
2003-10-10 00:00:00+08:00,0.020053485588299978,0.02105615846812725,0.020053485588299978,0.02105615846812725,258979,0.0,0.0
2003-10-13 00:00:00+08:00,0.021056157068096264,0.02205883152782917,0.020053484254937044,0.02205883152782917,158693,0.0,0.0
2003-10-14 00:00:00+08:00,0.022058832375955115,0.024064181372523308,0.022058832375955115,0.024064181372523308,531183,0.0,0.0
2003-10-15 00:00:00+08:00,0.023061505987562073,0.023061505987562073,0.02205883152782917,0.02205883152782917,99183,0.0,0.0
2003-10-16 00:00:00+08:00,0.02205883152782917,0.023061505987562073,0.02205883152782917,0.02205883152782917,94775,0.0,0.0
2003-10-17 00:00:00+08:00,0.02205883152782917,0.02205883152782917,0.021056157068096264,0.02205883152782917,201673,0.0,0.0
2003-10-20 00:00:00+08:00,0.02205883553365078,0.023061510175466537,0.02205883553365078,0.023061510175466537,115714,0.0,0.0
2003-10-21 00:00:00+08:00,0.02205883152782917,0.02205883152782917,0.021056157068096264,0.02205883152782917,111306,0.0,0.0
2003-10-22 00:00:00+08:00,0.02205883553365078,0.023061510175466537,0.02205883553365078,0.023061510175466537,11020,0.0,0.0
2003-10-23 00:00:00+08:00,0.022058832994528318,0.022058832994528318,0.02105615846812725,0.02105615846812725,121224,0.0,0.0
2003-10-24 00:00:00+08:00,0.02105615846812725,0.02105615846812725,0.02105615846812725,0.02105615846812725,0,0.0,0.0
2003-10-27 00:00:00+08:00,0.02105615846812725,0.02105615846812725,0.02105615846812725,0.02105615846812725,0,0.0,0.0
2003-10-28 00:00:00+08:00,0.02105615846812725,0.02105615846812725,0.02105615846812725,0.02105615846812725,0,0.0,0.0
2003-10-29 00:00:00+08:00,0.020053487896593242,0.023061510175466537,0.020053487896593242,0.023061510175466537,28653,0.0,0.0
2003-10-30 00:00:00+08:00,0.02005348727107048,0.02105616023503616,0.02005348727107048,0.02005348727107048,88163,0.0,0.0
2003-10-31 00:00:00+08:00,0.02205883152782917,0.02205883152782917,0.02205883152782917,0.02205883152782917,1102,0.0,0.0
2003-11-03 00:00:00+08:00,0.02205883152782917,0.02205883152782917,0.02205883152782917,0.02205883152782917,22040,0.0,0.0
2003-11-04 00:00:00+08:00,0.02205883152782917,0.02205883152782917,0.02205883152782917,0.02205883152782917,0,0.0,0.0
2003-11-05 00:00:00+08:00,0.019050806760787964,0.019050806760787964,0.019050806760787964,0.019050806760787964,36367,0.0,0.0
2003-11-06 00:00:00+08:00,0.019050806760787964,0.019050806760787964,0.019050806760787964,0.019050806760787964,0,0.0,0.0
2003-11-07 00:00:00+08:00,0.019050806760787964,0.019050806760787964,0.019050806760787964,0.019050806760787964,0,0.0,0.0
2003-11-10 00:00:00+08:00,0.020053481060814716,0.020053481060814716,0.019050806760787964,0.019050806760787964,72734,0.0,0.0
2003-11-11 00:00:00+08:00,0.019050806760787964,0.019050806760787964,0.019050806760787964,0.019050806760787964,0,0.0,0.0
2003-11-12 00:00:00+08:00,0.02105615846812725,0.02105615846812725,0.02105615846812725,0.02105615846812725,3306,0.0,0.0
2003-11-13 00:00:00+08:00,0.02105615846812725,0.02105615846812725,0.02105615846812725,0.02105615846812725,0,0.0,0.0
2003-11-14 00:00:00+08:00,0.02105615846812725,0.02105615846812725,0.02105615846812725,0.02105615846812725,0,0.0,0.0
2003-11-17 00:00:00+08:00,0.02105615846812725,0.02105615846812725,0.02105615846812725,0.02105615846812725,0,0.0,0.0
2003-11-18 00:00:00+08:00,0.02105615846812725,0.02105615846812725,0.02105615846812725,0.02105615846812725,0,0.0,0.0
2003-11-19 00:00:00+08:00,0.019050806760787964,0.019050806760787964,0.019050806760787964,0.019050806760787964,22040,0.0,0.0
2003-11-20 00:00:00+08:00,0.019050806760787964,0.019050806760787964,0.019050806760787964,0.019050806760787964,0,0.0,0.0
2003-11-21 00:00:00+08:00,0.018048137426376343,0.018048137426376343,0.018048137426376343,0.018048137426376343,70530,0.0,0.0
2003-11-24 00:00:00+08:00,0.018048137426376343,0.018048137426376343,0.018048137426376343,0.018048137426376343,0,0.0,0.0
2003-11-25 00:00:00+08:00,0.018048137426376343,0.018048137426376343,0.018048137426376343,0.018048137426376343,0,0.0,0.0
2003-11-26 00:00:00+08:00,0.01604278386070772,0.019050806760787964,0.015040109560680968,0.019050806760787964,58408,0.0,0.0
2003-11-27 00:00:00+08:00,0.018048137426376343,0.018048137426376343,0.018048137426376343,0.018048137426376343,42979,0.0,0.0
2003-11-28 00:00:00+08:00,0.018048137426376343,0.018048137426376343,0.018048137426376343,0.018048137426376343,0,0.0,0.0
2003-12-01 00:00:00+08:00,0.018048137426376343,0.018048137426376343,0.018048137426376343,0.018048137426376343,0,0.0,0.0
2003-12-02 00:00:00+08:00,0.018048137426376343,0.018048137426376343,0.018048137426376343,0.018048137426376343,0,0.0,0.0
2003-12-03 00:00:00+08:00,0.018048137426376343,0.018048137426376343,0.018048137426376343,0.018048137426376343,0,0.0,0.0
2003-12-04 00:00:00+08:00,0.018048137426376343,0.018048137426376343,0.018048137426376343,0.018048137426376343,0,0.0,0.0
2003-12-05 00:00:00+08:00,0.018048137426376343,0.018048137426376343,0.018048137426376343,0.018048137426376343,23142,0.0,0.0
2003-12-08 00:00:00+08:00,0.018048137426376343,0.018048137426376343,0.018048137426376343,0.018048137426376343,0,0.0,0.0
2003-12-09 00:00:00+08:00,0.018048137426376343,0.018048137426376343,0.018048137426376343,0.018048137426376343,0,0.0,0.0
2003-12-10 00:00:00+08:00,0.016042791306972504,0.016042791306972504,0.016042791306972504,0.016042791306972504,2204,0.0,0.0
2003-12-11 00:00:00+08:00,0.016042791306972504,0.016042791306972504,0.016042791306972504,0.016042791306972504,0,0.0,0.0
2003-12-12 00:00:00+08:00,0.016042791306972504,0.016042791306972504,0.016042791306972504,0.016042791306972504,0,0.0,0.0
2003-12-15 00:00:00+08:00,0.016042791306972504,0.016042791306972504,0.016042791306972504,0.016042791306972504,0,0.0,0.0
2003-12-16 00:00:00+08:00,0.016042791306972504,0.016042791306972504,0.016042791306972504,0.016042791306972504,0,0.0,0.0
2003-12-17 00:00:00+08:00,0.016042791306972504,0.016042791306972504,0.016042791306972504,0.016042791306972504,0,0.0,0.0
2003-12-18 00:00:00+08:00,0.016042791306972504,0.016042791306972504,0.016042791306972504,0.016042791306972504,0,0.0,0.0
2003-12-19 00:00:00+08:00,0.018048137426376343,0.018048137426376343,0.018048137426376343,0.018048137426376343,99183,0.0,0.0
2003-12-22 00:00:00+08:00,0.018048137426376343,0.018048137426376343,0.018048137426376343,0.018048137426376343,0,0.0,0.0
2003-12-23 00:00:00+08:00,0.018048137426376343,0.018048137426376343,0.018048137426376343,0.018048137426376343,0,0.0,0.0
2003-12-24 00:00:00+08:00,0.018048137426376343,0.018048137426376343,0.018048137426376343,0.018048137426376343,0,0.0,0.0
2003-12-25 00:00:00+08:00,0.018048137426376343,0.018048137426376343,0.018048137426376343,0.018048137426376343,0,0.0,0.0
2003-12-26 00:00:00+08:00,0.018048137426376343,0.018048137426376343,0.018048137426376343,0.018048137426376343,0,0.0,0.0
2003-12-29 00:00:00+08:00,0.018048137426376343,0.018048137426376343,0.018048137426376343,0.018048137426376343,0,0.0,0.0
2003-12-30 00:00:00+08:00,0.01604278970159228,0.017045464366674423,0.01604278970159228,0.017045464366674423,30857,0.0,0.0
2003-12-31 00:00:00+08:00,0.017045464366674423,0.017045464366674423,0.017045464366674423,0.017045464366674423,0,0.0,0.0
2004-01-01 00:00:00+08:00,0.017045464366674423,0.017045464366674423,0.017045464366674423,0.017045464366674423,0,0.0,0.0
2004-01-02 00:00:00+08:00,0.02005348727107048,0.02005348727107048,0.02005348727107048,0.02005348727107048,40775,0.0,0.0
2004-01-05 00:00:00+08:00,0.02005348727107048,0.02005348727107048,0.02005348727107048,0.02005348727107048,0,0.0,0.0
2004-01-06 00:00:00+08:00,0.02005348727107048,0.02005348727107048,0.02005348727107048,0.02005348727107048,0,0.0,0.0
2004-01-07 00:00:00+08:00,0.017045464366674423,0.017045464366674423,0.017045464366674423,0.017045464366674423,1102,0.0,0.0
2004-01-08 00:00:00+08:00,0.017045464366674423,0.017045464366674423,0.017045464366674423,0.017045464366674423,0,0.0,0.0
2004-01-09 00:00:00+08:00,0.018048137426376343,0.018048137426376343,0.018048137426376343,0.018048137426376343,13224,0.0,0.0
2004-01-12 00:00:00+08:00,0.018048137426376343,0.018048137426376343,0.018048137426376343,0.018048137426376343,0,0.0,0.0
2004-01-13 00:00:00+08:00,0.018048137426376343,0.018048137426376343,0.018048137426376343,0.018048137426376343,0,0.0,0.0
2004-01-14 00:00:00+08:00,0.018048137426376343,0.018048137426376343,0.018048137426376343,0.018048137426376343,0,0.0,0.0
2004-01-15 00:00:00+08:00,0.017045464366674423,0.017045464366674423,0.017045464366674423,0.017045464366674423,2204,0.0,0.0
2004-01-16 00:00:00+08:00,0.018048137426376343,0.018048137426376343,0.018048137426376343,0.018048137426376343,2204,0.0,0.0
2004-01-19 00:00:00+08:00,0.018048137426376343,0.018048137426376343,0.018048137426376343,0.018048137426376343,0,0.0,0.0
2004-01-20 00:00:00+08:00,0.018048137426376343,0.018048137426376343,0.018048137426376343,0.018048137426376343,0,0.0,0.0
2004-01-21 00:00:00+08:00,0.018048137426376343,0.018048137426376343,0.018048137426376343,0.018048137426376343,0,0.0,0.0
2004-01-22 00:00:00+08:00,0.018048137426376343,0.018048137426376343,0.018048137426376343,0.018048137426376343,0,0.0,0.0
2004-01-23 00:00:00+08:00,0.018048137426376343,0.018048137426376343,0.018048137426376343,0.018048137426376343,0,0.0,0.0
2004-01-26 00:00:00+08:00,0.018048137426376343,0.018048137426376343,0.018048137426376343,0.018048137426376343,0,0.0,0.0
2004-01-27 00:00:00+08:00,0.018048137426376343,0.018048137426376343,0.018048137426376343,0.018048137426376343,0,0.0,0.0
2004-01-28 00:00:00+08:00,0.02205883152782917,0.02205883152782917,0.02205883152782917,0.02205883152782917,1102,0.0,0.0
2004-01-29 00:00:00+08:00,0.02205883152782917,0.02205883152782917,0.02205883152782917,0.02205883152782917,0,0.0,0.0
2004-01-30 00:00:00+08:00,0.02205883152782917,0.02205883152782917,0.02205883152782917,0.02205883152782917,0,0.0,0.0
2004-02-02 00:00:00+08:00,0.02205883152782917,0.02205883152782917,0.02205883152782917,0.02205883152782917,0,0.0,0.0
2004-02-03 00:00:00+08:00,0.02205883152782917,0.02205883152782917,0.02205883152782917,0.02205883152782917,0,0.0,0.0
2004-02-04 00:00:00+08:00,0.018048137426376343,0.018048137426376343,0.018048137426376343,0.018048137426376343,20938,0.0,0.0
2004-02-05 00:00:00+08:00,0.020053485588299978,0.02105615846812725,0.01804813653549784,0.02105615846812725,37469,0.0,0.0
2004-02-06 00:00:00+08:00,0.02105615846812725,0.02105615846812725,0.02105615846812725,0.02105615846812725,0,0.0,0.0
2004-02-09 00:00:00+08:00,0.017045464366674423,0.017045464366674423,0.017045464366674423,0.017045464366674423,2204,0.0,0.0
2004-02-10 00:00:00+08:00,0.018048137426376343,0.018048137426376343,0.018048137426376343,0.018048137426376343,18734,0.0,0.0
2004-02-11 00:00:00+08:00,0.018048137426376343,0.018048137426376343,0.018048137426376343,0.018048137426376343,0,0.0,0.0
2004-02-12 00:00:00+08:00,0.018048137426376343,0.018048137426376343,0.018048137426376343,0.018048137426376343,0,0.0,0.0
2004-02-13 00:00:00+08:00,0.01804813653549784,0.02105615846812725,0.01804813653549784,0.02105615846812725,52897,0.0,0.0
2004-02-16 00:00:00+08:00,0.017045462850482012,0.018048137426376343,0.017045462850482012,0.018048137426376343,154285,0.0,0.0
2004-02-17 00:00:00+08:00,0.018048132460761215,0.019050806760787964,0.018048132460761215,0.019050806760787964,128938,0.0,0.0
2004-02-18 00:00:00+08:00,0.02005348727107048,0.02105616023503616,0.02005348727107048,0.02005348727107048,355958,0.0,0.0
2004-02-19 00:00:00+08:00,0.02005348727107048,0.02005348727107048,0.02005348727107048,0.02005348727107048,196163,0.0,0.0
2004-02-20 00:00:00+08:00,0.02105616023503616,0.02105616023503616,0.02005348727107048,0.02005348727107048,165306,0.0,0.0
2004-02-23 00:00:00+08:00,0.02005348727107048,0.02005348727107048,0.02005348727107048,0.02005348727107048,69428,0.0,0.0
2004-02-24 00:00:00+08:00,0.019050806760787964,0.019050806760787964,0.019050806760787964,0.019050806760787964,18734,0.0,0.0
2004-02-25 00:00:00+08:00,0.019050806760787964,0.019050806760787964,0.019050806760787964,0.019050806760787964,22040,0.0,0.0
2004-02-26 00:00:00+08:00,0.02105615846812725,0.02105615846812725,0.02105615846812725,0.02105615846812725,1102,0.0,0.0
2004-02-27 00:00:00+08:00,0.018048137426376343,0.018048137426376343,0.018048137426376343,0.018048137426376343,1102,0.0,0.0
2004-03-01 00:00:00+08:00,0.018048137426376343,0.018048137426376343,0.018048137426376343,0.018048137426376343,0,0.0,0.0
2004-03-02 00:00:00+08:00,0.01804813653549784,0.02105615846812725,0.01804813653549784,0.02105615846812725,65020,0.0,0.0
2004-03-03 00:00:00+08:00,0.020053481060814716,0.020053481060814716,0.019050806760787964,0.019050806760787964,23142,0.0,0.0
2004-03-04 00:00:00+08:00,0.02005348727107048,0.02005348727107048,0.02005348727107048,0.02005348727107048,22040,0.0,0.0
2004-03-05 00:00:00+08:00,0.02005348727107048,0.02005348727107048,0.02005348727107048,0.02005348727107048,0,0.0,0.0
2004-03-08 00:00:00+08:00,0.019050806760787964,0.019050806760787964,0.019050806760787964,0.019050806760787964,8816,0.0,0.0
2004-03-09 00:00:00+08:00,0.018048132460761215,0.019050806760787964,0.018048132460761215,0.019050806760787964,22040,0.0,0.0
2004-03-10 00:00:00+08:00,0.019050806760787964,0.019050806760787964,0.019050806760787964,0.019050806760787964,0,0.0,0.0
2004-03-11 00:00:00+08:00,0.019050806760787964,0.019050806760787964,0.019050806760787964,0.019050806760787964,0,0.0,0.0
2004-03-12 00:00:00+08:00,0.018048137426376343,0.018048137426376343,0.018048137426376343,0.018048137426376343,8816,0.0,0.0
2004-03-15 00:00:00+08:00,0.018048137426376343,0.018048137426376343,0.018048137426376343,0.018048137426376343,25346,0.0,0.0
2004-03-16 00:00:00+08:00,0.017045464366674423,0.017045464366674423,0.017045464366674423,0.017045464366674423,16530,0.0,0.0
2004-03-17 00:00:00+08:00,0.018048137426376343,0.019050812002270677,0.018048137426376343,0.018048137426376343,60612,0.0,0.0
2004-03-18 00:00:00+08:00,0.017045464366674423,0.017045464366674423,0.017045464366674423,0.017045464366674423,30857,0.0,0.0
2004-03-19 00:00:00+08:00,0.017045464366674423,0.017045464366674423,0.017045464366674423,0.017045464366674423,0,0.0,0.0
2004-03-22 00:00:00+08:00,0.017045464366674423,0.017045464366674423,0.017045464366674423,0.017045464366674423,0,0.0,0.0
2004-03-23 00:00:00+08:00,0.017045464366674423,0.017045464366674423,0.017045464366674423,0.017045464366674423,0,0.0,0.0
2004-03-24 00:00:00+08:00,0.017045464366674423,0.017045464366674423,0.017045464366674423,0.017045464366674423,0,0.0,0.0
2004-03-25 00:00:00+08:00,0.01704546343945164,0.02005348727107048,0.016042788828912025,0.02005348727107048,58408,0.0,0.0
2004-03-26 00:00:00+08:00,0.017045464366674423,0.017045464366674423,0.017045464366674423,0.017045464366674423,5510,0.0,0.0
2004-03-29 00:00:00+08:00,0.017045464366674423,0.017045464366674423,0.017045464366674423,0.017045464366674423,110204,0.0,0.0
2004-03-30 00:00:00+08:00,0.018048137426376343,0.018048137426376343,0.018048137426376343,0.018048137426376343,88163,0.0,0.0
2004-03-31 00:00:00+08:00,0.018048137426376343,0.018048137426376343,0.018048137426376343,0.018048137426376343,66122,0.0,0.0
2004-04-01 00:00:00+08:00,0.018048137426376343,0.018048137426376343,0.018048137426376343,0.018048137426376343,0,0.0,0.0
2004-04-02 00:00:00+08:00,0.017045464366674423,0.017045464366674423,0.017045464366674423,0.017045464366674423,147673,0.0,0.0
2004-04-05 00:00:00+08:00,0.018048137426376343,0.018048137426376343,0.018048137426376343,0.018048137426376343,120122,0.0,0.0
2004-04-06 00:00:00+08:00,0.018048137426376343,0.018048137426376343,0.018048137426376343,0.018048137426376343,76040,0.0,0.0
2004-04-07 00:00:00+08:00,0.018048137426376343,0.018048137426376343,0.018048137426376343,0.018048137426376343,0,0.0,0.0
2004-04-08 00:00:00+08:00,0.018048132460761215,0.019050806760787964,0.018048132460761215,0.019050806760787964,46285,0.0,0.0
2004-04-09 00:00:00+08:00,0.019050806760787964,0.019050806760787964,0.019050806760787964,0.019050806760787964,0,0.0,0.0
2004-04-12 00:00:00+08:00,0.018048137426376343,0.018048137426376343,0.018048137426376343,0.018048137426376343,60612,0.0,0.0
2004-04-13 00:00:00+08:00,0.018048137426376343,0.018048137426376343,0.018048137426376343,0.018048137426376343,15428,0.0,0.0
2004-04-14 00:00:00+08:00,0.018048137426376343,0.018048137426376343,0.018048137426376343,0.018048137426376343,5510,0.0,0.0
2004-04-15 00:00:00+08:00,0.018048137426376343,0.018048137426376343,0.018048137426376343,0.018048137426376343,7714,0.0,0.0
2004-04-16 00:00:00+08:00,0.017045464366674423,0.017045464366674423,0.017045464366674423,0.017045464366674423,5510,0.0,0.0
2004-04-19 00:00:00+08:00,0.017045464366674423,0.017045464366674423,0.017045464366674423,0.017045464366674423,9918,0.0,0.0
2004-04-20 00:00:00+08:00,0.017045464366674423,0.017045464366674423,0.017045464366674423,0.017045464366674423,7714,0.0,0.0
2004-04-21 00:00:00+08:00,0.017045464366674423,0.017045464366674423,0.017045464366674423,0.017045464366674423,0,0.0,0.0
2004-04-22 00:00:00+08:00,0.017045464366674423,0.017045464366674423,0.017045464366674423,0.017045464366674423,0,0.0,0.0
2004-04-23 00:00:00+08:00,0.017045464366674423,0.017045464366674423,0.017045464366674423,0.017045464366674423,11020,0.0,0.0
2004-04-26 00:00:00+08:00,0.017045464366674423,0.017045464366674423,0.017045464366674423,0.017045464366674423,7714,0.0,0.0
2004-04-27 00:00:00+08:00,0.018048137426376343,0.018048137426376343,0.018048137426376343,0.018048137426376343,16530,0.0,0.0
2004-04-28 00:00:00+08:00,0.018048137426376343,0.018048137426376343,0.018048137426376343,0.018048137426376343,0,0.0,0.0
2004-04-29 00:00:00+08:00,0.018048137426376343,0.018048137426376343,0.018048137426376343,0.018048137426376343,0,0.0,0.0
2004-04-30 00:00:00+08:00,0.018048137426376343,0.018048137426376343,0.018048137426376343,0.018048137426376343,0,0.0,0.0
2004-05-03 00:00:00+08:00,0.018048137426376343,0.018048137426376343,0.018048137426376343,0.018048137426376343,0,0.0,0.0
2004-05-04 00:00:00+08:00,0.01804813903175657,0.01804813903175657,0.017045464366674423,0.017045464366674423,83755,0.0,0.0
2004-05-05 00:00:00+08:00,0.017045464366674423,0.017045464366674423,0.017045464366674423,0.017045464366674423,180734,0.0,0.0
2004-05-06 00:00:00+08:00,0.016042791306972504,0.016042791306972504,0.016042791306972504,0.016042791306972504,23142,0.0,0.0
2004-05-07 00:00:00+08:00,0.018048137426376343,0.018048137426376343,0.018048137426376343,0.018048137426376343,33061,0.0,0.0
2004-05-10 00:00:00+08:00,0.01604278970159228,0.017045464366674423,0.01604278970159228,0.017045464366674423,57306,0.0,0.0
2004-05-11 00:00:00+08:00,0.017045464366674423,0.017045464366674423,0.017045464366674423,0.017045464366674423,55102,0.0,0.0
2004-05-12 00:00:00+08:00,0.017045464366674423,0.017045464366674423,0.017045464366674423,0.017045464366674423,82653,0.0,0.0
2004-05-13 00:00:00+08:00,0.016042791306972504,0.016042791306972504,0.016042791306972504,0.016042791306972504,33061,0.0,0.0
2004-05-14 00:00:00+08:00,0.01604278970159228,0.017045464366674423,0.01604278970159228,0.017045464366674423,119020,0.0,0.0
2004-05-17 00:00:00+08:00,0.016042791306972504,0.017045466072390946,0.016042791306972504,0.016042791306972504,95877,0.0,0.0
2004-05-18 00:00:00+08:00,0.016042791306972504,0.016042791306972504,0.016042791306972504,0.016042791306972504,0,0.0,0.0
2004-05-19 00:00:00+08:00,0.016042791306972504,0.016042791306972504,0.016042791306972504,0.016042791306972504,33061,0.0,0.0
2004-05-20 00:00:00+08:00,0.015040113590657711,0.015040113590657711,0.015040113590657711,0.015040113590657711,6612,0.0,0.0
2004-05-21 00:00:00+08:00,0.017045464366674423,0.017045464366674423,0.017045464366674423,0.017045464366674423,27551,0.0,0.0
2004-05-24 00:00:00+08:00,0.017045464366674423,0.017045464366674423,0.017045464366674423,0.017045464366674423,0,0.0,0.0
2004-05-25 00:00:00+08:00,0.017045464366674423,0.017045464366674423,0.017045464366674423,0.017045464366674423,0,0.0,0.0
2004-05-26 00:00:00+08:00,0.016042791306972504,0.016042791306972504,0.016042791306972504,0.016042791306972504,4408,0.0,0.0
2004-05-27 00:00:00+08:00,0.016042791306972504,0.017045466072390946,0.016042791306972504,0.016042791306972504,49591,0.0,0.0
2004-05-28 00:00:00+08:00,0.016042791306972504,0.016042791306972504,0.016042791306972504,0.016042791306972504,33061,0.0,0.0
2004-05-31 00:00:00+08:00,0.017045464366674423,0.017045464366674423,0.017045464366674423,0.017045464366674423,20938,0.0,0.0
2004-06-01 00:00:00+08:00,0.017045464366674423,0.017045464366674423,0.017045464366674423,0.017045464366674423,88163,0.0,0.0
2004-06-02 00:00:00+08:00,0.017045464366674423,0.017045464366674423,0.017045464366674423,0.017045464366674423,0,0.0,0.0
2004-06-03 00:00:00+08:00,0.017045464366674423,0.017045464366674423,0.017045464366674423,0.017045464366674423,0,0.0,0.0
2004-06-04 00:00:00+08:00,0.017045464366674423,0.017045464366674423,0.017045464366674423,0.017045464366674423,0,0.0,0.0
2004-06-07 00:00:00+08:00,0.017045464366674423,0.017045464366674423,0.017045464366674423,0.017045464366674423,61714,0.0,0.0
2004-06-08 00:00:00+08:00,0.017045464366674423,0.017045464366674423,0.017045464366674423,0.017045464366674423,0,0.0,0.0
2004-06-09 00:00:00+08:00,0.016042791306972504,0.016042791306972504,0.016042791306972504,0.016042791306972504,57306,0.0,0.0
2004-06-10 00:00:00+08:00,0.016042791306972504,0.016042791306972504,0.016042791306972504,0.016042791306972504,55102,0.0,0.0
2004-06-11 00:00:00+08:00,0.017045464366674423,0.017045464366674423,0.017045464366674423,0.017045464366674423,22040,0.0,0.0
2004-06-14 00:00:00+08:00,0.017045464366674423,0.017045464366674423,0.017045464366674423,0.017045464366674423,0,0.0,0.0
2004-06-15 00:00:00+08:00,0.016042791306972504,0.016042791306972504,0.016042791306972504,0.016042791306972504,102489,0.0,0.0
2004-06-16 00:00:00+08:00,0.016042791306972504,0.016042791306972504,0.016042791306972504,0.016042791306972504,2204,0.0,0.0
2004-06-17 00:00:00+08:00,0.016042791306972504,0.016042791306972504,0.016042791306972504,0.016042791306972504,0,0.0,0.0
2004-06-18 00:00:00+08:00,0.016042791306972504,0.016042791306972504,0.016042791306972504,0.016042791306972504,28653,0.0,0.0
2004-06-21 00:00:00+08:00,0.016042791306972504,0.016042791306972504,0.016042791306972504,0.016042791306972504,22040,0.0,0.0
2004-06-22 00:00:00+08:00,0.016042791306972504,0.016042791306972504,0.016042791306972504,0.016042791306972504,0,0.0,0.0
2004-06-23 00:00:00+08:00,0.015040115036510131,0.017045464366674423,0.015040115036510131,0.017045464366674423,46285,0.0,0.0
2004-06-24 00:00:00+08:00,0.016042791306972504,0.016042791306972504,0.016042791306972504,0.016042791306972504,37469,0.0,0.0
2004-06-25 00:00:00+08:00,0.016042791306972504,0.016042791306972504,0.016042791306972504,0.016042791306972504,110204,0.0,0.0
2004-06-28 00:00:00+08:00,0.016042791306972504,0.016042791306972504,0.016042791306972504,0.016042791306972504,0,0.0,0.0
2004-06-29 00:00:00+08:00,0.016042791306972504,0.016042791306972504,0.016042791306972504,0.016042791306972504,0,0.0,0.0
2004-06-30 00:00:00+08:00,0.016042791306972504,0.016042791306972504,0.016042791306972504,0.016042791306972504,33061,0.0,0.0
2004-07-01 00:00:00+08:00,0.016042791306972504,0.016042791306972504,0.016042791306972504,0.016042791306972504,0,0.0,0.0
2004-07-02 00:00:00+08:00,0.016042791306972504,0.016042791306972504,0.016042791306972504,0.016042791306972504,145469,0.0,0.0
2004-07-05 00:00:00+08:00,0.016042791306972504,0.016042791306972504,0.016042791306972504,0.016042791306972504,0,0.0,0.0
2004-07-06 00:00:00+08:00,0.016042791306972504,0.016042791306972504,0.016042791306972504,0.016042791306972504,0,0.0,0.0
2004-07-07 00:00:00+08:00,0.015040113590657711,0.015040113590657711,0.015040113590657711,0.015040113590657711,77142,0.0,0.0
2004-07-08 00:00:00+08:00,0.01604278970159228,0.017045464366674423,0.01604278970159228,0.017045464366674423,63918,0.0,0.0
2004-07-09 00:00:00+08:00,0.015040113590657711,0.015040113590657711,0.015040113590657711,0.015040113590657711,71632,0.0,0.0
2004-07-12 00:00:00+08:00,0.016042791306972504,0.016042791306972504,0.016042791306972504,0.016042791306972504,55102,0.0,0.0
2004-07-13 00:00:00+08:00,0.016042791306972504,0.016042791306972504,0.016042791306972504,0.016042791306972504,22040,0.0,0.0
2004-07-14 00:00:00+08:00,0.016042791306972504,0.016042791306972504,0.016042791306972504,0.016042791306972504,72734,0.0,0.0
2004-07-15 00:00:00+08:00,0.016042791306972504,0.016042791306972504,0.016042791306972504,0.016042791306972504,0,0.0,0.0
2004-07-16 00:00:00+08:00,0.016042791306972504,0.016042791306972504,0.016042791306972504,0.016042791306972504,0,0.0,0.0
2004-07-19 00:00:00+08:00,0.016042791306972504,0.016042791306972504,0.016042791306972504,0.016042791306972504,0,0.0,0.0
2004-07-20 00:00:00+08:00,0.016042788159349664,0.016042788159349664,0.015040113590657711,0.015040113590657711,12122,0.0,0.0
2004-07-21 00:00:00+08:00,0.016042788159349664,0.016042788159349664,0.015040113590657711,0.015040113590657711,60612,0.0,0.0
2004-07-22 00:00:00+08:00,0.015040113590657711,0.015040113590657711,0.015040113590657711,0.015040113590657711,5510,0.0,0.0
2004-07-23 00:00:00+08:00,0.015040113590657711,0.015040113590657711,0.015040113590657711,0.015040113590657711,0,0.0,0.0
2004-07-26 00:00:00+08:00,0.014037441462278366,0.014037441462278366,0.014037441462278366,0.014037441462278366,11020,0.0,0.0
2004-07-27 00:00:00+08:00,0.01604278906647959,0.01604278906647959,0.014037441462278366,0.014037441462278366,65020,0.0,0.0
2004-07-28 00:00:00+08:00,0.015040113590657711,0.015040113590657711,0.015040113590657711,0.015040113590657711,61714,0.0,0.0
2004-07-29 00:00:00+08:00,0.014037441462278366,0.015040114441092,0.014037441462278366,0.014037441462278366,123428,0.0,0.0
2004-07-30 00:00:00+08:00,0.015040116541554063,0.016042791306972504,0.015040116541554063,0.016042791306972504,114612,0.0,0.0
2004-08-02 00:00:00+08:00,0.016042791306972504,0.016042791306972504,0.016042791306972504,0.016042791306972504,0,0.0,0.0
2004-08-03 00:00:00+08:00,0.014037441462278366,0.014037441462278366,0.014037441462278366,0.014037441462278366,28653,0.0,0.0
2004-08-04 00:00:00+08:00,0.015040114441092,0.015040114441092,0.014037441462278366,0.014037441462278366,12122,0.0,0.0
2004-08-05 00:00:00+08:00,0.014037441462278366,0.014037441462278366,0.014037441462278366,0.014037441462278366,4408,0.0,0.0
2004-08-06 00:00:00+08:00,0.014037441462278366,0.014037441462278366,0.014037441462278366,0.014037441462278366,16530,0.0,0.0
2004-08-09 00:00:00+08:00,0.014037441462278366,0.014037441462278366,0.014037441462278366,0.014037441462278366,0,0.0,0.0
2004-08-10 00:00:00+08:00,0.014037441462278366,0.014037441462278366,0.014037441462278366,0.014037441462278366,14326,0.0,0.0
2004-08-11 00:00:00+08:00,0.014037441462278366,0.014037441462278366,0.014037441462278366,0.014037441462278366,0,0.0,0.0
2004-08-12 00:00:00+08:00,0.014037441462278366,0.014037441462278366,0.014037441462278366,0.014037441462278366,17632,0.0,0.0
2004-08-13 00:00:00+08:00,0.014037441462278366,0.014037441462278366,0.014037441462278366,0.014037441462278366,5510,0.0,0.0
2004-08-16 00:00:00+08:00,0.014037441462278366,0.014037441462278366,0.014037441462278366,0.014037441462278366,0,0.0,0.0
2004-08-17 00:00:00+08:00,0.014037438133587474,0.014037438133587474,0.013034763745963573,0.013034763745963573,24244,0.0,0.0
2004-08-18 00:00:00+08:00,0.013034763745963573,0.013034763745963573,0.013034763745963573,0.013034763745963573,0,0.0,0.0
2004-08-19 00:00:00+08:00,0.014037441462278366,0.014037441462278366,0.014037441462278366,0.014037441462278366,82653,0.0,0.0
2004-08-20 00:00:00+08:00,0.013034766836890773,0.014037441462278366,0.013034766836890773,0.014037441462278366,11020,0.0,0.0
2004-08-23 00:00:00+08:00,0.013034763745963573,0.013034763745963573,0.013034763745963573,0.013034763745963573,5510,0.0,0.0
2004-08-24 00:00:00+08:00,0.013034763745963573,0.013034763745963573,0.013034763745963573,0.013034763745963573,0,0.0,0.0
2004-08-25 00:00:00+08:00,0.014037443422709808,0.016042791306972504,0.014037443422709808,0.016042791306972504,73836,0.0,0.0
2004-08-26 00:00:00+08:00,0.015040113590657711,0.015040113590657711,0.015040113590657711,0.015040113590657711,48489,0.0,0.0
2004-08-27 00:00:00+08:00,0.015040113590657711,0.015040113590657711,0.015040113590657711,0.015040113590657711,0,0.0,0.0
2004-08-30 00:00:00+08:00,0.015040113590657711,0.015040113590657711,0.015040113590657711,0.015040113590657711,0,0.0,0.0
2004-08-31 00:00:00+08:00,0.015040113590657711,0.015040113590657711,0.015040113590657711,0.015040113590657711,0,0.0,0.0
2004-09-01 00:00:00+08:00,0.015040113590657711,0.015040113590657711,0.015040113590657711,0.015040113590657711,0,0.0,0.0
2004-09-02 00:00:00+08:00,0.015040113590657711,0.015040113590657711,0.015040113590657711,0.015040113590657711,0,0.0,0.0
2004-09-03 00:00:00+08:00,0.015040113590657711,0.015040113590657711,0.015040113590657711,0.015040113590657711,0,0.0,0.0
2004-09-06 00:00:00+08:00,0.015040113590657711,0.015040113590657711,0.015040113590657711,0.015040113590657711,0,0.0,0.0
2004-09-07 00:00:00+08:00,0.015040113590657711,0.015040113590657711,0.015040113590657711,0.015040113590657711,0,0.0,0.0
2004-09-08 00:00:00+08:00,0.015040113590657711,0.015040113590657711,0.015040113590657711,0.015040113590657711,0,0.0,0.0
2004-09-09 00:00:00+08:00,0.016042791306972504,0.016042791306972504,0.016042791306972504,0.016042791306972504,44081,0.0,0.0
2004-09-10 00:00:00+08:00,0.015040113590657711,0.015040113590657711,0.015040113590657711,0.015040113590657711,88163,0.0,0.0
2004-09-13 00:00:00+08:00,0.015040113590657711,0.015040113590657711,0.015040113590657711,0.015040113590657711,0,0.0,0.0
2004-09-14 00:00:00+08:00,0.015040113590657711,0.015040113590657711,0.015040113590657711,0.015040113590657711,0,0.0,0.0
2004-09-15 00:00:00+08:00,0.015040113590657711,0.015040113590657711,0.015040113590657711,0.015040113590657711,0,0.0,0.0
2004-09-16 00:00:00+08:00,0.016042791306972504,0.017045466072390946,0.015040116541554063,0.016042791306972504,177428,0.0,0.0
2004-09-17 00:00:00+08:00,0.016042791306972504,0.016042791306972504,0.016042791306972504,0.016042791306972504,0,0.0,0.0
2004-09-20 00:00:00+08:00,0.016042791306972504,0.016042791306972504,0.016042791306972504,0.016042791306972504,0,0.0,0.0
2004-09-21 00:00:00+08:00,0.016042791306972504,0.016042791306972504,0.016042791306972504,0.016042791306972504,0,0.0,0.0
2004-09-22 00:00:00+08:00,0.015040113590657711,0.015040113590657711,0.015040113590657711,0.015040113590657711,16530,0.0,0.0
2004-09-23 00:00:00+08:00,0.015040113590657711,0.015040113590657711,0.015040113590657711,0.015040113590657711,2204,0.0,0.0
2004-09-24 00:00:00+08:00,0.015040113590657711,0.015040113590657711,0.015040113590657711,0.015040113590657711,0,0.0,0.0
2004-09-27 00:00:00+08:00,0.015040113590657711,0.015040113590657711,0.015040113590657711,0.015040113590657711,0,0.0,0.0
2004-09-28 00:00:00+08:00,0.015040113590657711,0.015040113590657711,0.015040113590657711,0.015040113590657711,0,0.0,0.0
2004-09-29 00:00:00+08:00,0.015040113590657711,0.015040113590657711,0.015040113590657711,0.015040113590657711,112408,0.0,0.0
2004-09-30 00:00:00+08:00,0.016042791306972504,0.016042791306972504,0.016042791306972504,0.016042791306972504,141061,0.0,0.0
2004-10-01 00:00:00+08:00,0.016042791306972504,0.016042791306972504,0.016042791306972504,0.016042791306972504,132244,0.0,0.0
2004-10-04 00:00:00+08:00,0.016042791306972504,0.016042791306972504,0.016042791306972504,0.016042791306972504,0,0.0,0.0
2004-10-05 00:00:00+08:00,0.016042791306972504,0.016042791306972504,0.016042791306972504,0.016042791306972504,0,0.0,0.0
2004-10-06 00:00:00+08:00,0.017045464366674423,0.017045464366674423,0.017045464366674423,0.017045464366674423,44081,0.0,0.0
2004-10-07 00:00:00+08:00,0.015040113590657711,0.015040113590657711,0.015040113590657711,0.015040113590657711,5510,0.0,0.0
2004-10-08 00:00:00+08:00,0.01604278827458768,0.018048137426376343,0.01604278827458768,0.018048137426376343,4408,0.0,0.0
2004-10-11 00:00:00+08:00,0.016042791306972504,0.016042791306972504,0.016042791306972504,0.016042791306972504,22040,0.0,0.0
2004-10-12 00:00:00+08:00,0.01604278827458768,0.018048137426376343,0.01604278827458768,0.018048137426376343,102489,0.0,0.0
2004-10-13 00:00:00+08:00,0.017045464366674423,0.017045464366674423,0.017045464366674423,0.017045464366674423,209387,0.0,0.0
2004-10-14 00:00:00+08:00,0.017045464366674423,0.017045464366674423,0.017045464366674423,0.017045464366674423,92571,0.0,0.0
2004-10-15 00:00:00+08:00,0.017045464366674423,0.017045464366674423,0.017045464366674423,0.017045464366674423,0,0.0,0.0
2004-10-18 00:00:00+08:00,0.017045464366674423,0.017045464366674423,0.017045464366674423,0.017045464366674423,79346,0.0,0.0
2004-10-19 00:00:00+08:00,0.017045464366674423,0.017045464366674423,0.017045464366674423,0.017045464366674423,19836,0.0,0.0
2004-10-20 00:00:00+08:00,0.017045464366674423,0.017045464366674423,0.017045464366674423,0.017045464366674423,57306,0.0,0.0
2004-10-21 00:00:00+08:00,0.017045464366674423,0.017045464366674423,0.017045464366674423,0.017045464366674423,0,0.0,0.0
2004-10-22 00:00:00+08:00,0.017045464366674423,0.017045464366674423,0.017045464366674423,0.017045464366674423,0,0.0,0.0
2004-10-25 00:00:00+08:00,0.016042791306972504,0.016042791306972504,0.016042791306972504,0.016042791306972504,2204,0.0,0.0
2004-10-26 00:00:00+08:00,0.016042791306972504,0.016042791306972504,0.016042791306972504,0.016042791306972504,0,0.0,0.0
2004-10-27 00:00:00+08:00,0.017045464366674423,0.017045464366674423,0.017045464366674423,0.017045464366674423,6612,0.0,0.0
2004-10-28 00:00:00+08:00,0.017045464366674423,0.017045464366674423,0.017045464366674423,0.017045464366674423,0,0.0,0.0
2004-10-29 00:00:00+08:00,0.017045464366674423,0.017045464366674423,0.017045464366674423,0.017045464366674423,46285,0.0,0.0
2004-11-01 00:00:00+08:00,0.017045464366674423,0.017045464366674423,0.017045464366674423,0.017045464366674423,0,0.0,0.0
2004-11-02 00:00:00+08:00,0.016042791306972504,0.016042791306972504,0.016042791306972504,0.016042791306972504,56204,0.0,0.0
2004-11-03 00:00:00+08:00,0.016042791306972504,0.016042791306972504,0.016042791306972504,0.016042791306972504,31959,0.0,0.0
2004-11-04 00:00:00+08:00,0.016042791306972504,0.016042791306972504,0.016042791306972504,0.016042791306972504,22040,0.0,0.0
2004-11-05 00:00:00+08:00,0.016042791306972504,0.016042791306972504,0.016042791306972504,0.016042791306972504,11020,0.0,0.0
2004-11-08 00:00:00+08:00,0.015040113590657711,0.015040113590657711,0.015040113590657711,0.015040113590657711,50693,0.0,0.0
2004-11-09 00:00:00+08:00,0.015040113590657711,0.015040113590657711,0.015040113590657711,0.015040113590657711,77142,0.0,0.0
2004-11-10 00:00:00+08:00,0.015040114441092,0.015040114441092,0.014037441462278366,0.014037441462278366,115714,0.0,0.0
2004-11-11 00:00:00+08:00,0.014037441462278366,0.014037441462278366,0.014037441462278366,0.014037441462278366,0,0.0,0.0
2004-11-12 00:00:00+08:00,0.014037441462278366,0.014037441462278366,0.014037441462278366,0.014037441462278366,2204,0.0,0.0
2004-11-15 00:00:00+08:00,0.014037441462278366,0.014037441462278366,0.014037441462278366,0.014037441462278366,0,0.0,0.0
2004-11-16 00:00:00+08:00,0.014037441462278366,0.014037441462278366,0.014037441462278366,0.014037441462278366,0,0.0,0.0
2004-11-17 00:00:00+08:00,0.014037441462278366,0.014037441462278366,0.014037441462278366,0.014037441462278366,0,0.0,0.0
2004-11-18 00:00:00+08:00,0.015040114441092,0.015040114441092,0.014037441462278366,0.014037441462278366,82653,0.0,0.0
2004-11-19 00:00:00+08:00,0.014037441462278366,0.014037441462278366,0.014037441462278366,0.014037441462278366,13224,0.0,0.0
2004-11-22 00:00:00+08:00,0.014037441462278366,0.014037441462278366,0.014037441462278366,0.014037441462278366,5510,0.0,0.0
2004-11-23 00:00:00+08:00,0.014037440668539623,0.015040113590657711,0.014037440668539623,0.015040113590657711,290938,0.0,0.0
2004-11-24 00:00:00+08:00,0.015040113590657711,0.015040113590657711,0.015040113590657711,0.015040113590657711,0,0.0,0.0
2004-11-25 00:00:00+08:00,0.015040113590657711,0.015040113590657711,0.015040113590657711,0.015040113590657711,0,0.0,0.0
2004-11-26 00:00:00+08:00,0.015040114441092,0.015040114441092,0.014037441462278366,0.014037441462278366,17632,0.0,0.0
2004-11-29 00:00:00+08:00,0.014037441462278366,0.014037441462278366,0.014037441462278366,0.014037441462278366,16530,0.0,0.0
2004-11-30 00:00:00+08:00,0.014037441462278366,0.014037441462278366,0.014037441462278366,0.014037441462278366,11020,0.0,0.0
2004-12-01 00:00:00+08:00,0.014037441462278366,0.014037441462278366,0.014037441462278366,0.014037441462278366,0,0.0,0.0
2004-12-02 00:00:00+08:00,0.013034763745963573,0.013034763745963573,0.013034763745963573,0.013034763745963573,57306,0.0,0.0
2004-12-03 00:00:00+08:00,0.013034763745963573,0.013034763745963573,0.013034763745963573,0.013034763745963573,0,0.0,0.0
2004-12-06 00:00:00+08:00,0.014037441462278366,0.014037441462278366,0.014037441462278366,0.014037441462278366,68326,0.0,0.0
2004-12-07 00:00:00+08:00,0.014037441462278366,0.014037441462278366,0.014037441462278366,0.014037441462278366,80448,0.0,0.0
2004-12-08 00:00:00+08:00,0.014037441462278366,0.014037441462278366,0.014037441462278366,0.014037441462278366,0,0.0,0.0
2004-12-09 00:00:00+08:00,0.014037441462278366,0.014037441462278366,0.014037441462278366,0.014037441462278366,0,0.0,0.0
2004-12-10 00:00:00+08:00,0.014037441462278366,0.014037441462278366,0.014037441462278366,0.014037441462278366,0,0.0,0.0
2004-12-13 00:00:00+08:00,0.014037441462278366,0.014037441462278366,0.014037441462278366,0.014037441462278366,0,0.0,0.0
2004-12-14 00:00:00+08:00,0.014037441462278366,0.014037441462278366,0.014037441462278366,0.014037441462278366,55102,0.0,0.0
2004-12-15 00:00:00+08:00,0.014037441462278366,0.014037441462278366,0.014037441462278366,0.014037441462278366,0,0.0,0.0
2004-12-16 00:00:00+08:00,0.014037441462278366,0.014037441462278366,0.014037441462278366,0.014037441462278366,0,0.0,0.0
2004-12-17 00:00:00+08:00,0.014037441462278366,0.014037441462278366,0.014037441462278366,0.014037441462278366,8816,0.0,0.0
2004-12-20 00:00:00+08:00,0.014037441462278366,0.014037441462278366,0.014037441462278366,0.014037441462278366,0,0.0,0.0
2004-12-21 00:00:00+08:00,0.014037441462278366,0.014037441462278366,0.014037441462278366,0.014037441462278366,22040,0.0,0.0
2004-12-22 00:00:00+08:00,0.014037441462278366,0.014037441462278366,0.014037441462278366,0.014037441462278366,24244,0.0,0.0
2004-12-23 00:00:00+08:00,0.013034763745963573,0.013034763745963573,0.013034763745963573,0.013034763745963573,28653,0.0,0.0
2004-12-24 00:00:00+08:00,0.013034763745963573,0.013034763745963573,0.013034763745963573,0.013034763745963573,0,0.0,0.0
2004-12-27 00:00:00+08:00,0.014037441462278366,0.014037441462278366,0.014037441462278366,0.014037441462278366,28653,0.0,0.0
2004-12-28 00:00:00+08:00,0.013034766836890773,0.014037441462278366,0.013034766836890773,0.014037441462278366,12122,0.0,0.0
2004-12-29 00:00:00+08:00,0.014037441462278366,0.014037441462278366,0.014037441462278366,0.014037441462278366,61714,0.0,0.0
2004-12-30 00:00:00+08:00,0.015040113590657711,0.015040113590657711,0.015040113590657711,0.015040113590657711,44081,0.0,0.0
2004-12-31 00:00:00+08:00,0.014037441462278366,0.014037441462278366,0.014037441462278366,0.014037441462278366,28653,0.0,0.0
2005-01-03 00:00:00+08:00,0.014037441462278366,0.014037441462278366,0.014037441462278366,0.014037441462278366,0,0.0,0.0
2005-01-04 00:00:00+08:00,0.014037441462278366,0.014037441462278366,0.014037441462278366,0.014037441462278366,24244,0.0,0.0
2005-01-05 00:00:00+08:00,0.014037441462278366,0.014037441462278366,0.014037441462278366,0.014037441462278366,0,0.0,0.0
2005-01-06 00:00:00+08:00,0.014037440668539623,0.015040113590657711,0.014037440668539623,0.015040113590657711,93673,0.0,0.0
2005-01-07 00:00:00+08:00,0.015040113590657711,0.015040113590657711,0.015040113590657711,0.015040113590657711,0,0.0,0.0
2005-01-10 00:00:00+08:00,0.014037441462278366,0.014037441462278366,0.014037441462278366,0.014037441462278366,196163,0.0,0.0
2005-01-11 00:00:00+08:00,0.014037440668539623,0.015040113590657711,0.014037440668539623,0.015040113590657711,87061,0.0,0.0
2005-01-12 00:00:00+08:00,0.015040113590657711,0.015040113590657711,0.015040113590657711,0.015040113590657711,0,0.0,0.0
2005-01-13 00:00:00+08:00,0.014037440668539623,0.015040113590657711,0.014037440668539623,0.015040113590657711,230326,0.0,0.0
2005-01-14 00:00:00+08:00,0.015040113590657711,0.015040113590657711,0.015040113590657711,0.015040113590657711,107999,0.0,0.0
2005-01-17 00:00:00+08:00,0.015040113590657711,0.015040113590657711,0.015040113590657711,0.015040113590657711,55102,0.0,0.0
2005-01-18 00:00:00+08:00,0.014037441462278366,0.014037441462278366,0.014037441462278366,0.014037441462278366,23142,0.0,0.0
2005-01-19 00:00:00+08:00,0.014037441462278366,0.014037441462278366,0.014037441462278366,0.014037441462278366,0,0.0,0.0
2005-01-20 00:00:00+08:00,0.014037441462278366,0.014037441462278366,0.014037441462278366,0.014037441462278366,7714,0.0,0.0
2005-01-24 00:00:00+08:00,0.015040114441092,0.015040114441092,0.014037441462278366,0.014037441462278366,113510,0.0,0.0
2005-01-25 00:00:00+08:00,0.014037441462278366,0.014037441462278366,0.014037441462278366,0.014037441462278366,49591,0.0,0.0
2005-01-26 00:00:00+08:00,0.014037440668539623,0.015040113590657711,0.014037440668539623,0.015040113590657711,67224,0.0,0.0
2005-01-27 00:00:00+08:00,0.014037441462278366,0.014037441462278366,0.014037441462278366,0.014037441462278366,3306,0.0,0.0
2005-01-28 00:00:00+08:00,0.014037441462278366,0.014037441462278366,0.014037441462278366,0.014037441462278366,0,0.0,0.0
2005-01-31 00:00:00+08:00,0.014037441462278366,0.014037441462278366,0.014037441462278366,0.014037441462278366,0,0.0,0.0
2005-02-01 00:00:00+08:00,0.014037441462278366,0.014037441462278366,0.014037441462278366,0.014037441462278366,5510,0.0,0.0
2005-02-02 00:00:00+08:00,0.014037441462278366,0.014037441462278366,0.014037441462278366,0.014037441462278366,17632,0.0,0.0
2005-02-03 00:00:00+08:00,0.014037441462278366,0.014037441462278366,0.014037441462278366,0.014037441462278366,0,0.0,0.0
2005-02-04 00:00:00+08:00,0.014037441462278366,0.014037441462278366,0.014037441462278366,0.014037441462278366,0,0.0,0.0
2005-02-07 00:00:00+08:00,0.013034763745963573,0.013034763745963573,0.013034763745963573,0.013034763745963573,66122,0.0,0.0
2005-02-08 00:00:00+08:00,0.013034763745963573,0.013034763745963573,0.013034763745963573,0.013034763745963573,0,0.0,0.0
2005-02-11 00:00:00+08:00,0.014037441462278366,0.014037441462278366,0.014037441462278366,0.014037441462278366,143265,0.0,0.0
2005-02-14 00:00:00+08:00,0.014037441462278366,0.014037441462278366,0.014037441462278366,0.014037441462278366,33061,0.0,0.0
2005-02-15 00:00:00+08:00,0.014037441462278366,0.014037441462278366,0.014037441462278366,0.014037441462278366,0,0.0,0.0
2005-02-16 00:00:00+08:00,0.015040113590657711,0.015040113590657711,0.015040113590657711,0.015040113590657711,60612,0.0,0.0
2005-02-17 00:00:00+08:00,0.013034763745963573,0.013034763745963573,0.013034763745963573,0.013034763745963573,2204,0.0,0.0
2005-02-18 00:00:00+08:00,0.013034763745963573,0.013034763745963573,0.013034763745963573,0.013034763745963573,0,0.0,0.0
2005-02-21 00:00:00+08:00,0.014037438133587474,0.014037438133587474,0.013034763745963573,0.013034763745963573,84857,0.0,0.0
2005-02-22 00:00:00+08:00,0.013034763745963573,0.013034763745963573,0.013034763745963573,0.013034763745963573,0,0.0,0.0
2005-02-23 00:00:00+08:00,0.013034763745963573,0.013034763745963573,0.013034763745963573,0.013034763745963573,15428,0.0,0.0
2005-02-24 00:00:00+08:00,0.013034763745963573,0.013034763745963573,0.013034763745963573,0.013034763745963573,0,0.0,0.0
2005-02-25 00:00:00+08:00,0.013034763745963573,0.013034763745963573,0.013034763745963573,0.013034763745963573,16530,0.0,0.0
2005-02-28 00:00:00+08:00,0.013034763745963573,0.013034763745963573,0.013034763745963573,0.013034763745963573,0,0.0,0.0
2005-03-01 00:00:00+08:00,0.012032090686261654,0.012032090686261654,0.012032090686261654,0.012032090686261654,23142,0.0,0.0
2005-03-02 00:00:00+08:00,0.014037441462278366,0.014037441462278366,0.014037441462278366,0.014037441462278366,22040,0.0,0.0
2005-03-03 00:00:00+08:00,0.014037441462278366,0.014037441462278366,0.014037441462278366,0.014037441462278366,0,0.0,0.0
2005-03-04 00:00:00+08:00,0.012032090686261654,0.012032090686261654,0.012032090686261654,0.012032090686261654,5510,0.0,0.0
2005-03-07 00:00:00+08:00,0.013034763745963573,0.013034763745963573,0.013034763745963573,0.013034763745963573,1102,0.0,0.0
2005-03-08 00:00:00+08:00,0.013034766836890773,0.014037441462278366,0.013034766836890773,0.014037441462278366,17632,0.0,0.0
2005-03-09 00:00:00+08:00,0.014037441462278366,0.014037441462278366,0.014037441462278366,0.014037441462278366,37469,0.0,0.0
2005-03-10 00:00:00+08:00,0.014037438133587474,0.014037438133587474,0.013034763745963573,0.013034763745963573,39673,0.0,0.0
2005-03-11 00:00:00+08:00,0.014037441462278366,0.014037441462278366,0.014037441462278366,0.014037441462278366,17632,0.0,0.0
2005-03-14 00:00:00+08:00,0.014037441462278366,0.014037441462278366,0.014037441462278366,0.014037441462278366,0,0.0,0.0
2005-03-15 00:00:00+08:00,0.014037441462278366,0.014037441462278366,0.014037441462278366,0.014037441462278366,0,0.0,0.0
2005-03-16 00:00:00+08:00,0.014037441462278366,0.014037441462278366,0.014037441462278366,0.014037441462278366,0,0.0,0.0
2005-03-17 00:00:00+08:00,0.014037441462278366,0.014037441462278366,0.014037441462278366,0.014037441462278366,110204,0.0,0.0
2005-03-18 00:00:00+08:00,0.014037441462278366,0.014037441462278366,0.014037441462278366,0.014037441462278366,5510,0.0,0.0
2005-03-21 00:00:00+08:00,0.013034763745963573,0.013034763745963573,0.013034763745963573,0.013034763745963573,8816,0.0,0.0
2005-03-22 00:00:00+08:00,0.013034763745963573,0.013034763745963573,0.013034763745963573,0.013034763745963573,28653,0.0,0.0
2005-03-23 00:00:00+08:00,0.014037438133587474,0.014037438133587474,0.013034763745963573,0.013034763745963573,273305,0.0,0.0
2005-03-24 00:00:00+08:00,0.013034763745963573,0.013034763745963573,0.013034763745963573,0.013034763745963573,0,0.0,0.0
2005-03-28 00:00:00+08:00,0.014037441462278366,0.014037441462278366,0.014037441462278366,0.014037441462278366,23142,0.0,0.0
2005-03-29 00:00:00+08:00,0.014037441462278366,0.01604278906647959,0.014037441462278366,0.014037441462278366,61714,0.0,0.0
2005-03-30 00:00:00+08:00,0.014037440668539623,0.015040113590657711,0.01303476609984767,0.015040113590657711,143265,0.0,0.0
2005-03-31 00:00:00+08:00,0.014037441462278366,0.014037441462278366,0.014037441462278366,0.014037441462278366,5510,0.0,0.0
2005-04-01 00:00:00+08:00,0.014037441462278366,0.014037441462278366,0.014037441462278366,0.014037441462278366,44081,0.0,0.0
2005-04-04 00:00:00+08:00,0.014037441462278366,0.014037441462278366,0.014037441462278366,0.014037441462278366,16530,0.0,0.0
2005-04-05 00:00:00+08:00,0.015040116541554063,0.016042791306972504,0.015040116541554063,0.016042791306972504,81550,0.0,0.0
2005-04-06 00:00:00+08:00,0.016042791306972504,0.016042791306972504,0.016042791306972504,0.016042791306972504,0,0.0,0.0
2005-04-07 00:00:00+08:00,0.015040114441092,0.015040114441092,0.014037441462278366,0.014037441462278366,47387,0.0,0.0
2005-04-08 00:00:00+08:00,0.014037441462278366,0.014037441462278366,0.014037441462278366,0.014037441462278366,22040,0.0,0.0
2005-04-11 00:00:00+08:00,0.016042788159349664,0.016042788159349664,0.015040113590657711,0.015040113590657711,107999,0.0,0.0
2005-04-12 00:00:00+08:00,0.016042788159349664,0.016042788159349664,0.015040113590657711,0.015040113590657711,154285,0.0,0.0
2005-04-13 00:00:00+08:00,0.015040113590657711,0.015040113590657711,0.015040113590657711,0.015040113590657711,50693,0.0,0.0
2005-04-14 00:00:00+08:00,0.015040113590657711,0.015040113590657711,0.015040113590657711,0.015040113590657711,73836,0.0,0.0
2005-04-15 00:00:00+08:00,0.015040113590657711,0.015040113590657711,0.015040113590657711,0.015040113590657711,109101,0.0,0.0
2005-04-18 00:00:00+08:00,0.015040113590657711,0.015040113590657711,0.015040113590657711,0.015040113590657711,0,0.0,0.0
2005-04-19 00:00:00+08:00,0.014037441462278366,0.014037441462278366,0.014037441462278366,0.014037441462278366,106897,0.0,0.0
2005-04-20 00:00:00+08:00,0.015040113590657711,0.015040113590657711,0.015040113590657711,0.015040113590657711,173020,0.0,0.0
2005-04-21 00:00:00+08:00,0.014037441462278366,0.014037441462278366,0.014037441462278366,0.014037441462278366,5510,0.0,0.0
2005-04-22 00:00:00+08:00,0.015040114441092,0.015040114441092,0.014037441462278366,0.014037441462278366,92571,0.0,0.0
2005-04-25 00:00:00+08:00,0.014037441462278366,0.014037441462278366,0.014037441462278366,0.014037441462278366,0,0.0,0.0
2005-04-26 00:00:00+08:00,0.014037440668539623,0.015040113590657711,0.014037440668539623,0.015040113590657711,152081,0.0,0.0
2005-04-27 00:00:00+08:00,0.014037441462278366,0.014037441462278366,0.014037441462278366,0.014037441462278366,1102,0.0,0.0
2005-04-28 00:00:00+08:00,0.014037441462278366,0.014037441462278366,0.014037441462278366,0.014037441462278366,27551,0.0,0.0
2005-04-29 00:00:00+08:00,0.014037441462278366,0.014037441462278366,0.014037441462278366,0.014037441462278366,20938,0.0,0.0
2005-05-03 00:00:00+08:00,0.014037440668539623,0.015040113590657711,0.014037440668539623,0.015040113590657711,192857,0.0,0.0
2005-05-04 00:00:00+08:00,0.015040113590657711,0.015040113590657711,0.015040113590657711,0.015040113590657711,59510,0.0,0.0
2005-05-05 00:00:00+08:00,0.015040113590657711,0.015040113590657711,0.015040113590657711,0.015040113590657711,0,0.0,0.0
2005-05-06 00:00:00+08:00,0.015040113590657711,0.015040113590657711,0.015040113590657711,0.015040113590657711,0,0.0,0.0
2005-05-09 00:00:00+08:00,0.015040113590657711,0.015040113590657711,0.015040113590657711,0.015040113590657711,35265,0.0,0.0
2005-05-10 00:00:00+08:00,0.015040113590657711,0.015040113590657711,0.015040113590657711,0.015040113590657711,46285,0.0,0.0
2005-05-11 00:00:00+08:00,0.015040113590657711,0.015040113590657711,0.015040113590657711,0.015040113590657711,55102,0.0,0.0
2005-05-12 00:00:00+08:00,0.015040113590657711,0.015040113590657711,0.015040113590657711,0.015040113590657711,78244,0.0,0.0
2005-05-13 00:00:00+08:00,0.015040113590657711,0.015040113590657711,0.015040113590657711,0.015040113590657711,192857,0.0,0.0
2005-05-16 00:00:00+08:00,0.015040113590657711,0.015040113590657711,0.015040113590657711,0.015040113590657711,65020,0.0,0.0
2005-05-17 00:00:00+08:00,0.015040113590657711,0.015040113590657711,0.015040113590657711,0.015040113590657711,0,0.0,0.0
2005-05-18 00:00:00+08:00,0.015040113590657711,0.015040113590657711,0.015040113590657711,0.015040113590657711,2204,0.0,0.0
2005-05-19 00:00:00+08:00,0.015040113590657711,0.015040113590657711,0.015040113590657711,0.015040113590657711,228122,0.0,0.0
2005-05-20 00:00:00+08:00,0.01604278970159228,0.017045464366674423,0.01604278970159228,0.017045464366674423,211591,0.0,0.0
2005-05-24 00:00:00+08:00,0.017045458160734467,0.019050806760787964,0.017045458160734467,0.019050806760787964,787958,0.0,0.0
2005-05-25 00:00:00+08:00,0.01804814083780939,0.02005349036864627,0.016042791306972504,0.016042791306972504,656815,0.0,0.0
2005-05-26 00:00:00+08:00,0.016042791306972504,0.01804814083780939,0.016042791306972504,0.016042791306972504,344938,0.0,0.0
2005-05-27 00:00:00+08:00,0.016042791306972504,0.016042791306972504,0.016042791306972504,0.016042791306972504,274407,0.0,0.0
2005-05-30 00:00:00+08:00,0.017045466072390946,0.017045466072390946,0.016042791306972504,0.016042791306972504,365877,0.0,0.0
2005-05-31 00:00:00+08:00,0.016042791306972504,0.016042791306972504,0.016042791306972504,0.016042791306972504,115714,0.0,0.0
2005-06-01 00:00:00+08:00,0.016042791306972504,0.016042791306972504,0.016042791306972504,0.016042791306972504,82653,0.0,0.0
2005-06-02 00:00:00+08:00,0.016042791306972504,0.016042791306972504,0.016042791306972504,0.016042791306972504,22040,0.0,0.0
2005-06-03 00:00:00+08:00,0.016042791306972504,0.016042791306972504,0.016042791306972504,0.016042791306972504,3306,0.0,0.0
2005-06-06 00:00:00+08:00,0.017045466072390946,0.017045466072390946,0.016042791306972504,0.016042791306972504,565346,0.0,0.0
2005-06-07 00:00:00+08:00,0.016042791306972504,0.016042791306972504,0.016042791306972504,0.016042791306972504,256775,0.0,0.0
2005-06-08 00:00:00+08:00,0.016042791306972504,0.016042791306972504,0.016042791306972504,0.016042791306972504,13224,0.0,0.0
2005-06-09 00:00:00+08:00,0.016042791306972504,0.016042791306972504,0.016042791306972504,0.016042791306972504,0,0.0,0.0
2005-06-10 00:00:00+08:00,0.016042791306972504,0.016042791306972504,0.016042791306972504,0.016042791306972504,0,0.0,0.0
2005-06-13 00:00:00+08:00,0.016042791306972504,0.016042791306972504,0.016042791306972504,0.016042791306972504,0,0.0,0.0
2005-06-14 00:00:00+08:00,0.016042791306972504,0.016042791306972504,0.016042791306972504,0.016042791306972504,0,0.0,0.0
2005-06-15 00:00:00+08:00,0.016042791306972504,0.016042791306972504,0.016042791306972504,0.016042791306972504,0,0.0,0.0
2005-06-16 00:00:00+08:00,0.016042791306972504,0.016042791306972504,0.016042791306972504,0.016042791306972504,0,0.0,0.0
2005-06-17 00:00:00+08:00,0.016042791306972504,0.016042791306972504,0.016042791306972504,0.016042791306972504,11020,0.0,0.0
2005-06-20 00:00:00+08:00,0.016042791306972504,0.016042791306972504,0.016042791306972504,0.016042791306972504,266693,0.0,0.0
2005-06-21 00:00:00+08:00,0.016042791306972504,0.016042791306972504,0.016042791306972504,0.016042791306972504,0,0.0,0.0
2005-06-22 00:00:00+08:00,0.016042791306972504,0.016042791306972504,0.016042791306972504,0.016042791306972504,0,0.0,0.0
2005-06-23 00:00:00+08:00,0.015040116541554063,0.016042791306972504,0.015040116541554063,0.016042791306972504,8816,0.0,0.0
2005-06-24 00:00:00+08:00,0.015040113590657711,0.015040113590657711,0.015040113590657711,0.015040113590657711,1102,0.0,0.0
2005-06-27 00:00:00+08:00,0.014037441462278366,0.014037441462278366,0.014037441462278366,0.014037441462278366,25346,0.0,0.0
2005-06-28 00:00:00+08:00,0.015040113590657711,0.015040113590657711,0.015040113590657711,0.015040113590657711,16530,0.0,0.0
2005-06-29 00:00:00+08:00,0.015040113590657711,0.015040113590657711,0.015040113590657711,0.015040113590657711,0,0.0,0.0
2005-06-30 00:00:00+08:00,0.014037441462278366,0.014037441462278366,0.014037441462278366,0.014037441462278366,48489,0.0,0.0
2005-07-01 00:00:00+08:00,0.014037440668539623,0.015040113590657711,0.014037440668539623,0.015040113590657711,110204,0.0,0.0
2005-07-04 00:00:00+08:00,0.015040113590657711,0.015040113590657711,0.015040113590657711,0.015040113590657711,0,0.0,0.0
2005-07-05 00:00:00+08:00,0.014037441462278366,0.014037441462278366,0.014037441462278366,0.014037441462278366,1102,0.0,0.0
2005-07-06 00:00:00+08:00,0.014037441462278366,0.014037441462278366,0.014037441462278366,0.014037441462278366,0,0.0,0.0
2005-07-07 00:00:00+08:00,0.014037441462278366,0.014037441462278366,0.014037441462278366,0.014037441462278366,22040,0.0,0.0
2005-07-08 00:00:00+08:00,0.014037441462278366,0.014037441462278366,0.014037441462278366,0.014037441462278366,22040,0.0,0.0
2005-07-11 00:00:00+08:00,0.014037441462278366,0.014037441462278366,0.014037441462278366,0.014037441462278366,0,0.0,0.0
2005-07-12 00:00:00+08:00,0.014037441462278366,0.014037441462278366,0.014037441462278366,0.014037441462278366,11020,0.0,0.0
2005-07-13 00:00:00+08:00,0.014037443422709808,0.016042791306972504,0.014037443422709808,0.016042791306972504,82653,0.0,0.0
2005-07-14 00:00:00+08:00,0.015040116541554063,0.016042791306972504,0.015040116541554063,0.016042791306972504,693183,0.0,0.0
2005-07-15 00:00:00+08:00,0.015040116541554063,0.016042791306972504,0.015040116541554063,0.016042791306972504,24244,0.0,0.0
2005-07-18 00:00:00+08:00,0.016042791306972504,0.016042791306972504,0.016042791306972504,0.016042791306972504,454040,0.0,0.0
2005-07-19 00:00:00+08:00,0.016042791306972504,0.017045466072390946,0.016042791306972504,0.016042791306972504,192857,0.0,0.0
2005-07-20 00:00:00+08:00,0.016042791306972504,0.016042791306972504,0.016042791306972504,0.016042791306972504,7714,0.0,0.0
2005-07-21 00:00:00+08:00,0.015040116541554063,0.016042791306972504,0.015040116541554063,0.016042791306972504,82653,0.0,0.0
2005-07-22 00:00:00+08:00,0.015040115036510131,0.017045464366674423,0.015040115036510131,0.017045464366674423,113510,0.0,0.0
2005-07-25 00:00:00+08:00,0.017045464366674423,0.017045464366674423,0.017045464366674423,0.017045464366674423,0,0.0,0.0
2005-07-26 00:00:00+08:00,0.015040116541554063,0.016042791306972504,0.015040116541554063,0.016042791306972504,59510,0.0,0.0
2005-07-27 00:00:00+08:00,0.016042791306972504,0.016042791306972504,0.016042791306972504,0.016042791306972504,4408,0.0,0.0
2005-07-28 00:00:00+08:00,0.017045462850482012,0.018048137426376343,0.017045462850482012,0.018048137426376343,1085509,0.0,0.0
2005-07-29 00:00:00+08:00,0.018048137426376343,0.018048137426376343,0.018048137426376343,0.018048137426376343,330612,0.0,0.0
2005-08-01 00:00:00+08:00,0.018048137426376343,0.018048137426376343,0.018048137426376343,0.018048137426376343,16530,0.0,0.0
2005-08-02 00:00:00+08:00,0.018048137426376343,0.018048137426376343,0.018048137426376343,0.018048137426376343,39673,0.0,0.0
2005-08-03 00:00:00+08:00,0.018048137426376343,0.018048137426376343,0.018048137426376343,0.018048137426376343,0,0.0,0.0
2005-08-04 00:00:00+08:00,0.018048137426376343,0.018048137426376343,0.018048137426376343,0.018048137426376343,0,0.0,0.0
2005-08-05 00:00:00+08:00,0.018048137426376343,0.018048137426376343,0.018048137426376343,0.018048137426376343,60612,0.0,0.0
2005-08-08 00:00:00+08:00,0.018048137426376343,0.018048137426376343,0.018048137426376343,0.018048137426376343,0,0.0,0.0
2005-08-10 00:00:00+08:00,0.020053487896593242,0.023061510175466537,0.020053487896593242,0.023061510175466537,1953916,0.0,0.0
2005-08-11 00:00:00+08:00,0.02205883152782917,0.02205883152782917,0.021056157068096264,0.02205883152782917,616040,0.0,0.0
2005-08-12 00:00:00+08:00,0.02205883152782917,0.023061505987562073,0.02205883152782917,0.02205883152782917,220408,0.0,0.0
2005-08-15 00:00:00+08:00,0.021056157068096264,0.02205883152782917,0.021056157068096264,0.02205883152782917,176326,0.0,0.0
2005-08-16 00:00:00+08:00,0.021056157068096264,0.023061505987562073,0.021056157068096264,0.02205883152782917,35265,0.0,0.0
2005-08-17 00:00:00+08:00,0.02005348727107048,0.02005348727107048,0.02005348727107048,0.02005348727107048,105795,0.0,0.0
2005-08-18 00:00:00+08:00,0.02105616023503616,0.02105616023503616,0.02005348727107048,0.02005348727107048,79346,0.0,0.0
2005-08-19 00:00:00+08:00,0.02105616023503616,0.02105616023503616,0.02005348727107048,0.02005348727107048,94775,0.0,0.0
2005-08-22 00:00:00+08:00,0.02105615846812725,0.02105615846812725,0.02105615846812725,0.02105615846812725,47387,0.0,0.0
2005-08-23 00:00:00+08:00,0.02105616023503616,0.02105616023503616,0.02005348727107048,0.02005348727107048,211591,0.0,0.0
2005-08-24 00:00:00+08:00,0.02105615846812725,0.02105615846812725,0.02105615846812725,0.02105615846812725,88163,0.0,0.0
2005-08-25 00:00:00+08:00,0.02105616023503616,0.02105616023503616,0.02005348727107048,0.02005348727107048,138857,0.0,0.0
2005-08-26 00:00:00+08:00,0.02005348727107048,0.02005348727107048,0.02005348727107048,0.02005348727107048,83755,0.0,0.0
2005-08-29 00:00:00+08:00,0.020053481060814716,0.020053481060814716,0.019050806760787964,0.019050806760787964,233632,0.0,0.0
2005-08-30 00:00:00+08:00,0.019050806760787964,0.019050806760787964,0.019050806760787964,0.019050806760787964,76040,0.0,0.0
2005-08-31 00:00:00+08:00,0.01804813903175657,0.01804813903175657,0.017045464366674423,0.017045464366674423,176326,0.0,0.0
2005-09-01 00:00:00+08:00,0.018048137426376343,0.018048137426376343,0.017045462850482012,0.018048137426376343,88163,0.0,0.0
2005-09-02 00:00:00+08:00,0.017045464366674423,0.017045464366674423,0.017045464366674423,0.017045464366674423,17632,0.0,0.0
2005-09-05 00:00:00+08:00,0.017045464366674423,0.017045464366674423,0.017045464366674423,0.017045464366674423,12122,0.0,0.0
2005-09-06 00:00:00+08:00,0.017045464366674423,0.017045464366674423,0.017045464366674423,0.017045464366674423,0,0.0,0.0
2005-09-07 00:00:00+08:00,0.017045464366674423,0.017045464366674423,0.017045464366674423,0.017045464366674423,0,0.0,0.0
2005-09-08 00:00:00+08:00,0.017045464366674423,0.017045464366674423,0.017045464366674423,0.017045464366674423,0,0.0,0.0
2005-09-09 00:00:00+08:00,0.017045464366674423,0.017045464366674423,0.017045464366674423,0.017045464366674423,16530,0.0,0.0
2005-09-12 00:00:00+08:00,0.017045464366674423,0.017045464366674423,0.017045464366674423,0.017045464366674423,0,0.0,0.0
2005-09-13 00:00:00+08:00,0.017045464366674423,0.017045464366674423,0.017045464366674423,0.017045464366674423,0,0.0,0.0
2005-09-14 00:00:00+08:00,0.019050812660530866,0.02005348727107048,0.019050812660530866,0.02005348727107048,104693,0.0,0.0
2005-09-15 00:00:00+08:00,0.020053487896593242,0.024064184817282296,0.020053487896593242,0.023061510175466537,1842610,0.0,0.0
2005-09-16 00:00:00+08:00,0.023061510175466537,0.023061510175466537,0.023061510175466537,0.023061510175466537,306367,0.0,0.0
2005-09-19 00:00:00+08:00,0.02306150687423921,0.024064181372523308,0.022058832375955115,0.024064181372523308,584081,0.0,0.0
2005-09-20 00:00:00+08:00,0.02306150687423921,0.024064181372523308,0.02306150687423921,0.024064181372523308,122326,0.0,0.0
2005-09-21 00:00:00+08:00,0.02306150687423921,0.024064181372523308,0.02306150687423921,0.024064181372523308,152081,0.0,0.0
2005-09-22 00:00:00+08:00,0.023061510175466537,0.023061510175466537,0.023061510175466537,0.023061510175466537,257877,0.0,0.0
2005-09-23 00:00:00+08:00,0.023061510175466537,0.023061510175466537,0.023061510175466537,0.023061510175466537,474979,0.0,0.0
2005-09-26 00:00:00+08:00,0.023061505987562073,0.023061505987562073,0.02205883152782917,0.02205883152782917,169714,0.0,0.0
2005-09-27 00:00:00+08:00,0.02205883152782917,0.02205883152782917,0.02205883152782917,0.02205883152782917,55102,0.0,0.0
2005-09-28 00:00:00+08:00,0.023061510175466537,0.023061510175466537,0.023061510175466537,0.023061510175466537,38571,0.0,0.0
2005-09-29 00:00:00+08:00,0.024064179176699174,0.026069748631144234,0.023061504769907776,0.025067074224352837,263,0.0,0.0
2005-09-30 00:00:00+08:00,0.02506707690375869,0.027072425931692123,0.02506707690375869,0.027072425931692123,674,0.0,0.0
2005-10-03 00:00:00+08:00,0.028075098622035,0.036096490919589996,0.028075098622035,0.036096490919589996,2460855,0.0,0.0
2005-10-04 00:00:00+08:00,0.03709917254776903,0.042112545762133725,0.036096497904896094,0.04110987111926079,4915,0.0,0.0
2005-10-05 00:00:00+08:00,0.04110986156159385,0.04712590472700848,0.04010718715183354,0.04512055590748787,3648,0.0,0.0
2005-10-06 00:00:00+08:00,0.04512056263174965,0.04512056263174965,0.04211254224733437,0.04311521351337433,1401,0.0,0.0
2005-10-07 00:00:00+08:00,0.04311521480908149,0.04311521480908149,0.03910451974494833,0.04010719433426857,1309,0.0,0.0
2005-10-10 00:00:00+08:00,0.04010719433426857,0.04110986892358881,0.04010719433426857,0.04010719433426857,548,0.0,0.0
2005-10-11 00:00:00+08:00,0.040107188714941164,0.040107188714941164,0.036096490919589996,0.036096490919589996,801,0.0,0.0
2005-10-12 00:00:00+08:00,0.03609649386128848,0.03609649386128848,0.03409114480018616,0.03409114480018616,1716,0.0,0.0
2005-10-13 00:00:00+08:00,0.03208579705881879,0.04010719363315965,0.03208579705881879,0.03810184448957443,2299,0.0,0.0
2005-10-14 00:00:00+08:00,0.038101842216558955,0.039104516728535696,0.037099167704582214,0.037099167704582214,704,0.0,0.0
2005-10-17 00:00:00+08:00,0.03609649386128848,0.03609649386128848,0.03409114480018616,0.03409114480018616,364,0.0,0.0
2005-10-18 00:00:00+08:00,0.03308847174048424,0.0340911463156063,0.03008045130826579,0.03308847174048424,405550,0.0,0.0
2005-10-19 00:00:00+08:00,0.03108312717827067,0.03108312717827067,0.03008045256137848,0.03008045256137848,328,0.0,0.0
2005-10-20 00:00:00+08:00,0.03008045974840264,0.03208580616816988,0.0260697603225708,0.0260697603225708,609428,0.0,0.0
2005-10-21 00:00:00+08:00,0.024064182098943662,0.03208579567509807,0.024064182098943662,0.028075100854039192,852,0.0,0.0
2005-10-24 00:00:00+08:00,0.02807509943583911,0.03208579405429969,0.02807509943583911,0.029077773913741112,748,0.0,0.0
2005-10-25 00:00:00+08:00,0.02907777538259081,0.02907777538259081,0.028075100854039192,0.028075100854039192,303,0.0,0.0
2005-10-26 00:00:00+08:00,0.02807509943583911,0.031083122869545118,0.02807509943583911,0.029077773913741112,710,0.0,0.0
2005-10-27 00:00:00+08:00,0.02907777538259081,0.02907777538259081,0.02707242632548757,0.028075100854039192,187,0.0,0.0
2005-10-28 00:00:00+08:00,0.02707242632548757,0.028075100854039192,0.02707242632548757,0.028075100854039192,65,0.0,0.0
2005-10-31 00:00:00+08:00,0.028075100854039192,0.028075100854039192,0.028075100854039192,0.028075100854039192,0,0.0,0.0
2005-11-02 00:00:00+08:00,0.027072425931692123,0.027072425931692123,0.027072425931692123,0.027072425931692123,22,0.0,0.0
2005-11-04 00:00:00+08:00,0.026069748631144234,0.027072423037935632,0.025067074224352837,0.025067074224352837,309,0.0,0.0
2005-11-07 00:00:00+08:00,0.025067074224352837,0.026069748631144234,0.025067074224352837,0.025067074224352837,217,0.0,0.0
2005-11-08 00:00:00+08:00,0.025067074224352837,0.025067074224352837,0.025067074224352837,0.025067074224352837,60,0.0,0.0
2005-11-09 00:00:00+08:00,0.025067074224352837,0.025067074224352837,0.024064179176699174,0.025067074224352837,257,0.0,0.0
2005-11-10 00:00:00+08:00,0.024064184817282296,0.024064184817282296,0.023061510175466537,0.023061510175466537,267,0.0,0.0
2005-11-11 00:00:00+08:00,0.023061507520929385,0.023061507520929385,0.020053485588299978,0.02105615846812725,1044,0.0,0.0
2005-11-14 00:00:00+08:00,0.020053486578165008,0.020053486578165008,0.017045462850482012,0.018048137426376343,4034,0.0,0.0
2005-11-15 00:00:00+08:00,0.01804813903175657,0.01804813903175657,0.017045464366674423,0.017045464366674423,696,0.0,0.0
2005-11-16 00:00:00+08:00,0.017045464366674423,0.01804813903175657,0.017045464366674423,0.017045464366674423,802,0.0,0.0
2005-11-17 00:00:00+08:00,0.01704546343945164,0.02005348727107048,0.01704546343945164,0.02005348727107048,1970,0.0,0.0
2005-11-18 00:00:00+08:00,0.020053481060814716,0.021056153714268038,0.019050806760787964,0.019050806760787964,1891,0.0,0.0
2005-11-21 00:00:00+08:00,0.020053481060814716,0.020053481060814716,0.018048132460761215,0.019050806760787964,1161,0.0,0.0
2005-11-22 00:00:00+08:00,0.019050812002270677,0.019050812002270677,0.018048137426376343,0.018048137426376343,920,0.0,0.0
2005-11-23 00:00:00+08:00,0.018048132460761215,0.019050806760787964,0.018048132460761215,0.019050806760787964,332,0.0,0.0
2005-11-24 00:00:00+08:00,0.02005348727107048,0.022058834845575775,0.02005348727107048,0.02005348727107048,3805,0.0,0.0
2005-11-25 00:00:00+08:00,0.02105616023503616,0.02105616023503616,0.019050812660530866,0.02005348727107048,633,0.0,0.0
2005-11-28 00:00:00+08:00,0.02005348727107048,0.02005348727107048,0.02005348727107048,0.02005348727107048,625,0.0,0.0
2005-11-29 00:00:00+08:00,0.019050812660530866,0.02005348727107048,0.019050812660530866,0.02005348727107048,574,0.0,0.0
2005-11-30 00:00:00+08:00,0.020053485588299978,0.022058832994528318,0.020053485588299978,0.02105615846812725,2053,0.0,0.0
2005-12-01 00:00:00+08:00,0.02105615846812725,0.022058832994528318,0.02105615846812725,0.02105615846812725,775,0.0,0.0
2005-12-02 00:00:00+08:00,0.02105615846812725,0.02105615846812725,0.020053485588299978,0.02105615846812725,512,0.0,0.0
2005-12-05 00:00:00+08:00,0.02005348727107048,0.02005348727107048,0.02005348727107048,0.02005348727107048,987,0.0,0.0
2005-12-06 00:00:00+08:00,0.02005348727107048,0.02005348727107048,0.02005348727107048,0.02005348727107048,243,0.0,0.0
2005-12-07 00:00:00+08:00,0.019050806760787964,0.020053481060814716,0.019050806760787964,0.019050806760787964,494,0.0,0.0
2005-12-08 00:00:00+08:00,0.019050806760787964,0.020053481060814716,0.019050806760787964,0.019050806760787964,316,0.0,0.0
2005-12-09 00:00:00+08:00,0.019050806760787964,0.020053481060814716,0.019050806760787964,0.019050806760787964,844,0.0,0.0
2005-12-12 00:00:00+08:00,0.019050812660530866,0.02005348727107048,0.019050812660530866,0.02005348727107048,1283,0.0,0.0
2005-12-13 00:00:00+08:00,0.020053481060814716,0.021056153714268038,0.019050806760787964,0.019050806760787964,944,0.0,0.0
2005-12-14 00:00:00+08:00,0.02005348727107048,0.02005348727107048,0.019050812660530866,0.02005348727107048,707,0.0,0.0
2005-12-15 00:00:00+08:00,0.02005348727107048,0.02005348727107048,0.019050812660530866,0.02005348727107048,3999,0.0,0.0
2005-12-16 00:00:00+08:00,0.02005348727107048,0.02105616023503616,0.019050812660530866,0.02005348727107048,2807,0.0,0.0
2005-12-19 00:00:00+08:00,0.020053481060814716,0.020053481060814716,0.019050806760787964,0.019050806760787964,2165,0.0,0.0
2005-12-20 00:00:00+08:00,0.019050806760787964,0.019050806760787964,0.019050806760787964,0.019050806760787964,653,0.0,0.0
2005-12-21 00:00:00+08:00,0.019050806760787964,0.019050806760787964,0.019050806760787964,0.019050806760787964,296,0.0,0.0
2005-12-22 00:00:00+08:00,0.019050806760787964,0.019050806760787964,0.019050806760787964,0.019050806760787964,273,0.0,0.0
2005-12-23 00:00:00+08:00,0.019050812002270677,0.019050812002270677,0.018048137426376343,0.018048137426376343,26,0.0,0.0
2005-12-27 00:00:00+08:00,0.019050806760787964,0.019050806760787964,0.019050806760787964,0.019050806760787964,200,0.0,0.0
2005-12-28 00:00:00+08:00,0.019050812660530866,0.02005348727107048,0.019050812660530866,0.02005348727107048,133,0.0,0.0
2005-12-29 00:00:00+08:00,0.019050806760787964,0.019050806760787964,0.019050806760787964,0.019050806760787964,214,0.0,0.0
2005-12-30 00:00:00+08:00,0.019050806760787964,0.019050806760787964,0.019050806760787964,0.019050806760787964,165,0.0,0.0
2006-01-03 00:00:00+08:00,0.019050812660530866,0.02005348727107048,0.019050812660530866,0.02005348727107048,1705,0.0,0.0
2006-01-04 00:00:00+08:00,0.02105616023503616,0.02105616023503616,0.019050812660530866,0.02005348727107048,1785,0.0,0.0
2006-01-05 00:00:00+08:00,0.02005348727107048,0.02105616023503616,0.019050812660530866,0.02005348727107048,840,0.0,0.0
2006-01-06 00:00:00+08:00,0.02005348727107048,0.02105616023503616,0.02005348727107048,0.02005348727107048,609,0.0,0.0
2006-01-09 00:00:00+08:00,0.020053485588299978,0.02105615846812725,0.020053485588299978,0.02105615846812725,2966,0.0,0.0
2006-01-10 00:00:00+08:00,0.02105615846812725,0.02105615846812725,0.02105615846812725,0.02105615846812725,0,0.0,0.0
2006-01-11 00:00:00+08:00,0.02005348727107048,0.02005348727107048,0.019050812660530866,0.02005348727107048,1919,0.0,0.0
2006-01-12 00:00:00+08:00,0.02005348727107048,0.02005348727107048,0.02005348727107048,0.02005348727107048,749,0.0,0.0
2006-01-13 00:00:00+08:00,0.02005348727107048,0.02005348727107048,0.02005348727107048,0.02005348727107048,834,0.0,0.0
2006-01-16 00:00:00+08:00,0.02005348727107048,0.02005348727107048,0.02005348727107048,0.02005348727107048,677,0.0,0.0
2006-01-17 00:00:00+08:00,0.02005348727107048,0.02005348727107048,0.019050812660530866,0.02005348727107048,1135,0.0,0.0
2006-01-18 00:00:00+08:00,0.020053481060814716,0.020053481060814716,0.019050806760787964,0.019050806760787964,480,0.0,0.0
2006-01-19 00:00:00+08:00,0.020053485588299978,0.02105615846812725,0.020053485588299978,0.02105615846812725,330,0.0,0.0
2006-01-20 00:00:00+08:00,0.02005348727107048,0.02005348727107048,0.02005348727107048,0.02005348727107048,588,0.0,0.0
2006-01-23 00:00:00+08:00,0.019050806760787964,0.020053481060814716,0.019050806760787964,0.019050806760787964,321,0.0,0.0
2006-01-24 00:00:00+08:00,0.02005348727107048,0.02005348727107048,0.02005348727107048,0.02005348727107048,439,0.0,0.0
2006-01-25 00:00:00+08:00,0.02005348727107048,0.02005348727107048,0.019050812660530866,0.02005348727107048,625,0.0,0.0
2006-01-26 00:00:00+08:00,0.02005348727107048,0.02005348727107048,0.02005348727107048,0.02005348727107048,718,0.0,0.0
2006-01-27 00:00:00+08:00,0.02005348727107048,0.02005348727107048,0.02005348727107048,0.02005348727107048,225,0.0,0.0
2006-01-30 00:00:00+08:00,0.02005348727107048,0.02005348727107048,0.02005348727107048,0.02005348727107048,0,0.0,0.0
2006-01-31 00:00:00+08:00,0.02005348727107048,0.02005348727107048,0.02005348727107048,0.02005348727107048,0,0.0,0.0
2006-02-01 00:00:00+08:00,0.02005348727107048,0.02005348727107048,0.02005348727107048,0.02005348727107048,995,0.0,0.0
2006-02-02 00:00:00+08:00,0.02005348727107048,0.02105616023503616,0.02005348727107048,0.02005348727107048,952,0.0,0.0
2006-02-03 00:00:00+08:00,0.020053485588299978,0.02105615846812725,0.020053485588299978,0.02105615846812725,455,0.0,0.0
2006-02-06 00:00:00+08:00,0.020053487896593242,0.023061510175466537,0.020053487896593242,0.023061510175466537,4103,0.0,0.0
2006-02-07 00:00:00+08:00,0.02306150687423921,0.024064181372523308,0.02306150687423921,0.024064181372523308,5271,0.0,0.0
2006-02-08 00:00:00+08:00,0.024064181372523308,0.024064181372523308,0.022058832375955115,0.024064181372523308,2046,0.0,0.0
2006-02-09 00:00:00+08:00,0.027072425931692123,0.028075100445658842,0.026069751417725405,0.027072425931692123,14071,0.0,0.0
2006-02-10 00:00:00+08:00,0.02707243517902876,0.02707243517902876,0.025067085466112842,0.0260697603225708,2781,0.0,0.0
2006-02-13 00:00:00+08:00,0.02707243517902876,0.02707243517902876,0.025067085466112842,0.0260697603225708,2629,0.0,0.0
2006-02-14 00:00:00+08:00,0.025067074224352837,0.025067074224352837,0.023061504769907776,0.025067074224352837,2815,0.0,0.0
2006-02-15 00:00:00+08:00,0.025067080100012035,0.025067080100012035,0.023061510175466537,0.023061510175466537,1465,0.0,0.0
2006-02-16 00:00:00+08:00,0.02306150687423921,0.0250670765116898,0.02306150687423921,0.024064181372523308,1635,0.0,0.0
2006-02-17 00:00:00+08:00,0.024064184817282296,0.024064184817282296,0.023061510175466537,0.023061510175466537,828,0.0,0.0
2006-02-20 00:00:00+08:00,0.024064184817282296,0.024064184817282296,0.023061510175466537,0.023061510175466537,1711,0.0,0.0
2006-02-21 00:00:00+08:00,0.024064181372523308,0.0250670765116898,0.024064181372523308,0.024064181372523308,1199,0.0,0.0
2006-02-22 00:00:00+08:00,0.024064181372523308,0.024064181372523308,0.02306150687423921,0.024064181372523308,1125,0.0,0.0
2006-02-23 00:00:00+08:00,0.024064181372523308,0.024064181372523308,0.024064181372523308,0.024064181372523308,855,0.0,0.0
2006-02-24 00:00:00+08:00,0.024064181372523308,0.024064181372523308,0.024064181372523308,0.024064181372523308,179,0.0,0.0
2006-02-27 00:00:00+08:00,0.024064179176699174,0.025067074224352837,0.024064179176699174,0.025067074224352837,196,0.0,0.0
2006-02-28 00:00:00+08:00,0.024064181372523308,0.024064181372523308,0.024064181372523308,0.024064181372523308,1109,0.0,0.0
2006-03-01 00:00:00+08:00,0.024064181372523308,0.024064181372523308,0.024064181372523308,0.024064181372523308,498,0.0,0.0
2006-03-02 00:00:00+08:00,0.024064184817282296,0.024064184817282296,0.023061510175466537,0.023061510175466537,416,0.0,0.0
2006-03-03 00:00:00+08:00,0.02306150687423921,0.024064181372523308,0.02306150687423921,0.024064181372523308,101,0.0,0.0
2006-03-06 00:00:00+08:00,0.024064181372523308,0.024064181372523308,0.02306150687423921,0.024064181372523308,1031,0.0,0.0
2006-03-07 00:00:00+08:00,0.025067074224352837,0.025067074224352837,0.024064179176699174,0.025067074224352837,2845,0.0,0.0
2006-03-08 00:00:00+08:00,0.025067074224352837,0.026069748631144234,0.024064179176699174,0.025067074224352837,1053,0.0,0.0
2006-03-09 00:00:00+08:00,0.025067074224352837,0.025067074224352837,0.025067074224352837,0.025067074224352837,247,0.0,0.0
2006-03-10 00:00:00+08:00,0.024064181372523308,0.0250670765116898,0.024064181372523308,0.024064181372523308,423,0.0,0.0
2006-03-13 00:00:00+08:00,0.025067085466112842,0.0260697603225708,0.025067085466112842,0.0260697603225708,3319,0.0,0.0
2006-03-14 00:00:00+08:00,0.0250670765116898,0.026069751009973892,0.024064181372523308,0.024064181372523308,2143,0.0,0.0
2006-03-15 00:00:00+08:00,0.024064179176699174,0.025067074224352837,0.024064179176699174,0.025067074224352837,1181,0.0,0.0
2006-03-16 00:00:00+08:00,0.025067074224352837,0.025067074224352837,0.024064179176699174,0.025067074224352837,517,0.0,0.0
2006-03-17 00:00:00+08:00,0.025067085466112842,0.0260697603225708,0.025067085466112842,0.0260697603225708,815,0.0,0.0
2006-03-20 00:00:00+08:00,0.0260697603225708,0.0260697603225708,0.025067085466112842,0.0260697603225708,376,0.0,0.0
2006-03-21 00:00:00+08:00,0.025067085466112842,0.0260697603225708,0.025067085466112842,0.0260697603225708,369,0.0,0.0
2006-03-22 00:00:00+08:00,0.026069748631144234,0.026069748631144234,0.025067074224352837,0.025067074224352837,751,0.0,0.0
2006-03-23 00:00:00+08:00,0.025067077268384332,0.02907777538259081,0.025067077268384332,0.028075100854039192,11249,0.0,0.0
2006-03-24 00:00:00+08:00,0.029077774730447307,0.03208579495549202,0.029077774730447307,0.03208579495549202,15137,0.0,0.0
2006-03-27 00:00:00+08:00,0.032085797800288245,0.035093821585178375,0.032085797800288245,0.035093821585178375,17092,0.0,0.0
2006-03-28 00:00:00+08:00,0.03509382089072837,0.03509382089072837,0.03208579716536217,0.03308847174048424,5712,0.0,0.0
2006-03-29 00:00:00+08:00,0.03208579495549202,0.03208579495549202,0.031083123742575464,0.03208579495549202,3876,0.0,0.0
2006-03-30 00:00:00+08:00,0.03208579495549202,0.03208579495549202,0.03208579495549202,0.03208579495549202,3689,0.0,0.0
2006-03-31 00:00:00+08:00,0.03208579495549202,0.033088469461556094,0.03208579495549202,0.03208579495549202,2301,0.0,0.0
2006-04-03 00:00:00+08:00,0.03208579495549202,0.033088469461556094,0.031083123742575464,0.03208579495549202,2355,0.0,0.0
2006-04-04 00:00:00+08:00,0.03308847311890716,0.03308847311890716,0.03008045256137848,0.03008045256137848,3074,0.0,0.0
2006-04-05 00:00:00+08:00,0.031083123742575464,0.033088469461556094,0.031083123742575464,0.03208579495549202,4026,0.0,0.0
2006-04-06 00:00:00+08:00,0.03208578920367381,0.03208578920367381,0.0310831181704998,0.0310831181704998,1341,0.0,0.0
2006-04-07 00:00:00+08:00,0.031083123742575464,0.03208579495549202,0.030080449236511386,0.03208579495549202,2128,0.0,0.0
2006-04-10 00:00:00+08:00,0.03208579495549202,0.03208579495549202,0.030080449236511386,0.03208579495549202,1539,0.0,0.0
2006-04-11 00:00:00+08:00,0.03108312649847269,0.036096496180141754,0.03108312649847269,0.035093821585178375,18776,0.0,0.0
2006-04-12 00:00:00+08:00,0.035093821585178375,0.035093821585178375,0.033088472395251624,0.035093821585178375,3017,0.0,0.0
2006-04-13 00:00:00+08:00,0.03409114480018616,0.03409114480018616,0.033088470269635,0.03409114480018616,1660,0.0,0.0
2006-04-14 00:00:00+08:00,0.03409114480018616,0.03409114480018616,0.03409114480018616,0.03409114480018616,0,0.0,0.0
2006-04-17 00:00:00+08:00,0.03409114480018616,0.03409114480018616,0.033088470269635,0.03409114480018616,2297,0.0,0.0
2006-04-18 00:00:00+08:00,0.033088472395251624,0.03709917077510513,0.033088472395251624,0.035093821585178375,10964,0.0,0.0
2006-04-19 00:00:00+08:00,0.03609649386128848,0.03609649386128848,0.033088470269635,0.03409114480018616,5446,0.0,0.0
2006-04-20 00:00:00+08:00,0.03409114480018616,0.03409114480018616,0.033088470269635,0.03409114480018616,2866,0.0,0.0
2006-04-21 00:00:00+08:00,0.03409114480018616,0.03409114480018616,0.033088470269635,0.03409114480018616,1423,0.0,0.0
2006-04-24 00:00:00+08:00,0.03409114480018616,0.03409114480018616,0.03409114480018616,0.03409114480018616,2528,0.0,0.0
2006-04-25 00:00:00+08:00,0.03308847174048424,0.03308847174048424,0.03208579716536217,0.03308847174048424,2636079,0.0,0.0
2006-04-26 00:00:00+08:00,0.033088469461556094,0.033088469461556094,0.03208579495549202,0.03208579495549202,943346,0.0,0.0
2006-04-27 00:00:00+08:00,0.03208579716536217,0.03308847174048424,0.03208579716536217,0.03308847174048424,2120,0.0,0.0
2006-04-28 00:00:00+08:00,0.03308847174048424,0.03308847174048424,0.03208579716536217,0.03308847174048424,1049,0.0,0.0
2006-05-01 00:00:00+08:00,0.03308847174048424,0.03308847174048424,0.03308847174048424,0.03308847174048424,0,0.0,0.0
2006-05-02 00:00:00+08:00,0.03208579716536217,0.03308847174048424,0.03208579716536217,0.03308847174048424,1388,0.0,0.0
2006-05-03 00:00:00+08:00,0.0340911463156063,0.03509382089072837,0.03308847174048424,0.03308847174048424,9403,0.0,0.0
2006-05-04 00:00:00+08:00,0.033088469461556094,0.034091143967620176,0.03208579495549202,0.03208579495549202,1497,0.0,0.0
2006-05-05 00:00:00+08:00,0.03208579495549202,0.033088469461556094,0.030080449236511386,0.03208579495549202,4129,0.0,0.0
2006-05-08 00:00:00+08:00,0.0310831181704998,0.0310831181704998,0.030080443844178864,0.0310831181704998,1044,0.0,0.0
2006-05-09 00:00:00+08:00,0.031083123742575464,0.03208579495549202,0.031083123742575464,0.03208579495549202,2807,0.0,0.0
2006-05-10 00:00:00+08:00,0.03208578920367381,0.03208578920367381,0.0310831181704998,0.0310831181704998,1246,0.0,0.0
2006-05-11 00:00:00+08:00,0.031083123742575464,0.03208579495549202,0.031083123742575464,0.03208579495549202,1973,0.0,0.0
2006-05-12 00:00:00+08:00,0.03208579495549202,0.03208579495549202,0.03208579495549202,0.03208579495549202,0,0.0,0.0
2006-05-15 00:00:00+08:00,0.03208578920367381,0.03208578920367381,0.030080443844178864,0.0310831181704998,1796,0.0,0.0
2006-05-16 00:00:00+08:00,0.031083122869545118,0.031083122869545118,0.02807509943583911,0.029077773913741112,3064,0.0,0.0
2006-05-17 00:00:00+08:00,0.029077777944486287,0.03008045256137848,0.029077777944486287,0.03008045256137848,832,0.0,0.0
2006-05-18 00:00:00+08:00,0.029077773913741112,0.029077773913741112,0.02807509943583911,0.029077773913741112,1135101,0.0,0.0
2006-05-19 00:00:00+08:00,0.029077773913741112,0.029077773913741112,0.02807509943583911,0.029077773913741112,623754,0.0,0.0
2006-05-22 00:00:00+08:00,0.02907777495962556,0.02907777495962556,0.026069751417725405,0.027072425931692123,2877,0.0,0.0
2006-05-23 00:00:00+08:00,0.026069751417725405,0.028075100445658842,0.02506707690375869,0.027072425931692123,1764,0.0,0.0
2006-05-24 00:00:00+08:00,0.027072425931692123,0.027072425931692123,0.027072425931692123,0.027072425931692123,319,0.0,0.0
2006-05-25 00:00:00+08:00,0.026069748631144234,0.027072423037935632,0.025067074224352837,0.025067074224352837,1611,0.0,0.0
2006-05-26 00:00:00+08:00,0.02506707690375869,0.027072425931692123,0.02506707690375869,0.027072425931692123,1007,0.0,0.0
2006-05-29 00:00:00+08:00,0.0260697603225708,0.0260697603225708,0.025067085466112842,0.0260697603225708,738366,0.0,0.0
2006-05-30 00:00:00+08:00,0.026069751417725405,0.027072425931692123,0.02506707690375869,0.027072425931692123,416,0.0,0.0
2006-05-31 00:00:00+08:00,0.02506707690375869,0.027072425931692123,0.02506707690375869,0.027072425931692123,269,0.0,0.0
2006-06-01 00:00:00+08:00,0.025067085466112842,0.0260697603225708,0.025067085466112842,0.0260697603225708,245,0.0,0.0
2006-06-02 00:00:00+08:00,0.026069751417725405,0.027072425931692123,0.026069751417725405,0.027072425931692123,298,0.0,0.0
2006-06-05 00:00:00+08:00,0.0260697603225708,0.0260697603225708,0.0260697603225708,0.0260697603225708,79,0.0,0.0
2006-06-06 00:00:00+08:00,0.025067074224352837,0.026069748631144234,0.025067074224352837,0.025067074224352837,113,0.0,0.0
2006-06-07 00:00:00+08:00,0.025067085466112842,0.0260697603225708,0.025067085466112842,0.0260697603225708,240,0.0,0.0
2006-06-08 00:00:00+08:00,0.0250670765116898,0.0250670765116898,0.024064181372523308,0.024064181372523308,618,0.0,0.0
2006-06-09 00:00:00+08:00,0.024064179176699174,0.025067074224352837,0.023061504769907776,0.025067074224352837,746,0.0,0.0
2006-06-12 00:00:00+08:00,0.024064179176699174,0.025067074224352837,0.024064179176699174,0.025067074224352837,50,0.0,0.0
2006-06-13 00:00:00+08:00,0.024064179176699174,0.025067074224352837,0.024064179176699174,0.025067074224352837,346,0.0,0.0
2006-06-14 00:00:00+08:00,0.024064184817282296,0.024064184817282296,0.023061510175466537,0.023061510175466537,125,0.0,0.0
2006-06-15 00:00:00+08:00,0.024064181372523308,0.0250670765116898,0.024064181372523308,0.024064181372523308,132,0.0,0.0
2006-06-16 00:00:00+08:00,0.025067074224352837,0.025067074224352837,0.024064179176699174,0.025067074224352837,585,0.0,0.0
2006-06-19 00:00:00+08:00,0.025067074224352837,0.025067074224352837,0.025067074224352837,0.025067074224352837,111,0.0,0.0
2006-06-20 00:00:00+08:00,0.024064179176699174,0.025067074224352837,0.024064179176699174,0.025067074224352837,163,0.0,0.0
2006-06-21 00:00:00+08:00,0.024064179176699174,0.025067074224352837,0.024064179176699174,0.025067074224352837,125,0.0,0.0
2006-06-22 00:00:00+08:00,0.024064189968693674,0.0260697603225708,0.024064189968693674,0.0260697603225708,393,0.0,0.0
2006-06-23 00:00:00+08:00,0.02506707690375869,0.027072425931692123,0.02506707690375869,0.027072425931692123,791,0.0,0.0
2006-06-26 00:00:00+08:00,0.025067085466112842,0.0260697603225708,0.025067085466112842,0.0260697603225708,374,0.0,0.0
2006-06-27 00:00:00+08:00,0.0260697603225708,0.0260697603225708,0.0260697603225708,0.0260697603225708,136,0.0,0.0
2006-06-28 00:00:00+08:00,0.0260697603225708,0.0260697603225708,0.0260697603225708,0.0260697603225708,71,0.0,0.0
2006-06-29 00:00:00+08:00,0.02707242632548757,0.028075100854039192,0.02707242632548757,0.028075100854039192,2037,0.0,0.0
2006-06-30 00:00:00+08:00,0.028075100854039192,0.02907777538259081,0.02707242632548757,0.028075100854039192,832,0.0,0.0
2006-07-03 00:00:00+08:00,0.027072425931692123,0.027072425931692123,0.026069751417725405,0.027072425931692123,260,0.0,0.0
2006-07-04 00:00:00+08:00,0.02707243517902876,0.02807511003548672,0.025067085466112842,0.0260697603225708,1784,0.0,0.0
2006-07-05 00:00:00+08:00,0.0260697603225708,0.0260697603225708,0.025067085466112842,0.0260697603225708,144,0.0,0.0
2006-07-06 00:00:00+08:00,0.0260697603225708,0.0260697603225708,0.0260697603225708,0.0260697603225708,525,0.0,0.0
2006-07-07 00:00:00+08:00,0.026069751417725405,0.027072425931692123,0.026069751417725405,0.027072425931692123,107,0.0,0.0
2006-07-10 00:00:00+08:00,0.026069751417725405,0.027072425931692123,0.02506707690375869,0.027072425931692123,655,0.0,0.0
2006-07-11 00:00:00+08:00,0.0260697603225708,0.0260697603225708,0.0260697603225708,0.0260697603225708,297,0.0,0.0
2006-07-12 00:00:00+08:00,0.025067074224352837,0.026069748631144234,0.025067074224352837,0.025067074224352837,215,0.0,0.0
2006-07-13 00:00:00+08:00,0.025067074224352837,0.026069748631144234,0.025067074224352837,0.025067074224352837,957,0.0,0.0
2006-07-14 00:00:00+08:00,0.024064179176699174,0.025067074224352837,0.024064179176699174,0.025067074224352837,275,0.0,0.0
2006-07-17 00:00:00+08:00,0.024064179176699174,0.025067074224352837,0.024064179176699174,0.025067074224352837,312,0.0,0.0
2006-07-18 00:00:00+08:00,0.0250670765116898,0.0250670765116898,0.024064181372523308,0.024064181372523308,89,0.0,0.0
2006-07-19 00:00:00+08:00,0.025067074224352837,0.025067074224352837,0.025067074224352837,0.025067074224352837,159,0.0,0.0
2006-07-20 00:00:00+08:00,0.026069748631144234,0.026069748631144234,0.025067074224352837,0.025067074224352837,242,0.0,0.0
2006-07-21 00:00:00+08:00,0.025067085466112842,0.0260697603225708,0.025067085466112842,0.0260697603225708,447,0.0,0.0
2006-07-24 00:00:00+08:00,0.0250670765116898,0.0250670765116898,0.024064181372523308,0.024064181372523308,1012,0.0,0.0
2006-07-25 00:00:00+08:00,0.025067085466112842,0.0260697603225708,0.025067085466112842,0.0260697603225708,41,0.0,0.0
2006-07-26 00:00:00+08:00,0.025067085466112842,0.0260697603225708,0.025067085466112842,0.0260697603225708,229224,0.0,0.0
2006-07-27 00:00:00+08:00,0.0260697603225708,0.02707243517902876,0.025067085466112842,0.0260697603225708,278816,0.0,0.0
2006-07-28 00:00:00+08:00,0.025067085466112842,0.0260697603225708,0.025067085466112842,0.0260697603225708,684,0.0,0.0
2006-07-31 00:00:00+08:00,0.026069748631144234,0.026069748631144234,0.024064179176699174,0.025067074224352837,916,0.0,0.0
2006-08-01 00:00:00+08:00,0.025067074224352837,0.025067074224352837,0.025067074224352837,0.025067074224352837,147,0.0,0.0
2006-08-02 00:00:00+08:00,0.025067074224352837,0.026069748631144234,0.025067074224352837,0.025067074224352837,393,0.0,0.0
2006-08-03 00:00:00+08:00,0.025067085466112842,0.0260697603225708,0.025067085466112842,0.0260697603225708,359,0.0,0.0
2006-08-04 00:00:00+08:00,0.026069751417725405,0.028075100445658842,0.026069751417725405,0.027072425931692123,3421,0.0,0.0
2006-08-07 00:00:00+08:00,0.02707243517902876,0.02707243517902876,0.0260697603225708,0.0260697603225708,317,0.0,0.0
2006-08-08 00:00:00+08:00,0.0260697603225708,0.0260697603225708,0.0260697603225708,0.0260697603225708,196,0.0,0.0
2006-08-09 00:00:00+08:00,0.0260697603225708,0.0260697603225708,0.0260697603225708,0.0260697603225708,0,0.0,0.0
2006-08-10 00:00:00+08:00,0.0260697603225708,0.0260697603225708,0.025067085466112842,0.0260697603225708,253,0.0,0.0
2006-08-11 00:00:00+08:00,0.026069748631144234,0.026069748631144234,0.025067074224352837,0.025067074224352837,95,0.0,0.0
2006-08-14 00:00:00+08:00,0.026069751417725405,0.027072425931692123,0.026069751417725405,0.027072425931692123,504,0.0,0.0
2006-08-15 00:00:00+08:00,0.02707243517902876,0.02807511003548672,0.0260697603225708,0.0260697603225708,2194,0.0,0.0
2006-08-16 00:00:00+08:00,0.02707243517902876,0.02707243517902876,0.025067085466112842,0.0260697603225708,699,0.0,0.0
2006-08-17 00:00:00+08:00,0.02707243517902876,0.02707243517902876,0.025067085466112842,0.0260697603225708,510,0.0,0.0
2006-08-18 00:00:00+08:00,0.0260697603225708,0.0260697603225708,0.0260697603225708,0.0260697603225708,133,0.0,0.0
2006-08-21 00:00:00+08:00,0.0260697603225708,0.02707243517902876,0.0260697603225708,0.0260697603225708,610,0.0,0.0
2006-08-22 00:00:00+08:00,0.0260697603225708,0.0260697603225708,0.0260697603225708,0.0260697603225708,425,0.0,0.0
2006-08-23 00:00:00+08:00,0.027072425931692123,0.027072425931692123,0.027072425931692123,0.027072425931692123,55,0.0,0.0
2006-08-24 00:00:00+08:00,0.02707243517902876,0.02707243517902876,0.0260697603225708,0.0260697603225708,187,0.0,0.0
2006-08-25 00:00:00+08:00,0.028075100854039192,0.02907777538259081,0.028075100854039192,0.028075100854039192,5456,0.0,0.0
2006-08-28 00:00:00+08:00,0.02707242632548757,0.028075100854039192,0.02707242632548757,0.028075100854039192,503,0.0,0.0
2006-08-29 00:00:00+08:00,0.027072425931692123,0.027072425931692123,0.026069751417725405,0.027072425931692123,351,0.0,0.0
2006-08-30 00:00:00+08:00,0.027072425931692123,0.027072425931692123,0.027072425931692123,0.027072425931692123,472,0.0,0.0
2006-08-31 00:00:00+08:00,0.027072425931692123,0.027072425931692123,0.027072425931692123,0.027072425931692123,57,0.0,0.0
2006-09-01 00:00:00+08:00,0.027072425931692123,0.028075100445658842,0.027072425931692123,0.027072425931692123,404,0.0,0.0
2006-09-04 00:00:00+08:00,0.027072425931692123,0.027072425931692123,0.027072425931692123,0.027072425931692123,883,0.0,0.0
2006-09-05 00:00:00+08:00,0.027072425931692123,0.027072425931692123,0.027072425931692123,0.027072425931692123,678,0.0,0.0
2006-09-06 00:00:00+08:00,0.027072425931692123,0.027072425931692123,0.027072425931692123,0.027072425931692123,654,0.0,0.0
2006-09-07 00:00:00+08:00,0.027072425931692123,0.028075100445658842,0.027072425931692123,0.027072425931692123,245,0.0,0.0
2006-09-08 00:00:00+08:00,0.028075100854039192,0.02907777538259081,0.02707242632548757,0.028075100854039192,2196,0.0,0.0
2006-09-11 00:00:00+08:00,0.02807509943583911,0.030080448391643113,0.02807509943583911,0.029077773913741112,3092,0.0,0.0
2006-09-12 00:00:00+08:00,0.028075100854039192,0.028075100854039192,0.028075100854039192,0.028075100854039192,484,0.0,0.0
2006-09-13 00:00:00+08:00,0.02907777538259081,0.02907777538259081,0.028075100854039192,0.028075100854039192,376,0.0,0.0
2006-09-14 00:00:00+08:00,0.02907777538259081,0.02907777538259081,0.028075100854039192,0.028075100854039192,541,0.0,0.0
2006-09-15 00:00:00+08:00,0.028075100854039192,0.028075100854039192,0.028075100854039192,0.028075100854039192,1358,0.0,0.0
2006-09-18 00:00:00+08:00,0.029077773913741112,0.029077773913741112,0.02807509943583911,0.029077773913741112,1061,0.0,0.0
2006-09-19 00:00:00+08:00,0.028075100854039192,0.028075100854039192,0.028075100854039192,0.028075100854039192,599,0.0,0.0
2006-09-20 00:00:00+08:00,0.028075100854039192,0.028075100854039192,0.02707242632548757,0.028075100854039192,865,0.0,0.0
2006-09-21 00:00:00+08:00,0.028075100854039192,0.028075100854039192,0.02707242632548757,0.028075100854039192,207,0.0,0.0
2006-09-22 00:00:00+08:00,0.028075100854039192,0.028075100854039192,0.02707242632548757,0.028075100854039192,670,0.0,0.0
2006-09-25 00:00:00+08:00,0.028075100854039192,0.028075100854039192,0.028075100854039192,0.028075100854039192,403,0.0,0.0
2006-09-26 00:00:00+08:00,0.028075100854039192,0.028075100854039192,0.02707242632548757,0.028075100854039192,2161,0.0,0.0
2006-09-27 00:00:00+08:00,0.028075103327594095,0.03108312717827067,0.028075103327594095,0.03008045256137848,6208,0.0,0.0
2006-09-28 00:00:00+08:00,0.03008045256137848,0.03108312717827067,0.029077777944486287,0.03008045256137848,4078,0.0,0.0
2006-09-29 00:00:00+08:00,0.030080448391643113,0.030080448391643113,0.02807509943583911,0.029077773913741112,1665,0.0,0.0
2006-10-02 00:00:00+08:00,0.029077773913741112,0.029077773913741112,0.02807509943583911,0.029077773913741112,665,0.0,0.0
2006-10-03 00:00:00+08:00,0.029077769517857923,0.0310831181704998,0.029077769517857923,0.0310831181704998,4677,0.0,0.0
2006-10-04 00:00:00+08:00,0.0310831181704998,0.0310831181704998,0.029077769517857923,0.0310831181704998,3288,0.0,0.0
2006-10-05 00:00:00+08:00,0.030080443844178864,0.0310831181704998,0.030080443844178864,0.0310831181704998,3449,0.0,0.0
2006-10-06 00:00:00+08:00,0.03008045256137848,0.03008045256137848,0.03008045256137848,0.03008045256137848,1056,0.0,0.0
2006-10-09 00:00:00+08:00,0.03008045256137848,0.03008045256137848,0.03008045256137848,0.03008045256137848,1416,0.0,0.0
2006-10-10 00:00:00+08:00,0.030080443844178864,0.0310831181704998,0.030080443844178864,0.0310831181704998,3482,0.0,0.0
2006-10-11 00:00:00+08:00,0.0310831181704998,0.03208578920367381,0.030080443844178864,0.0310831181704998,2236,0.0,0.0
2006-10-12 00:00:00+08:00,0.03108312450168028,0.03409114480018616,0.03108312450168028,0.03409114480018616,9421,0.0,0.0
2006-10-13 00:00:00+08:00,0.0340911463156063,0.03509382089072837,0.03308847174048424,0.03308847174048424,13447,0.0,0.0
2006-10-16 00:00:00+08:00,0.0340911463156063,0.0340911463156063,0.03208579716536217,0.03308847174048424,3082,0.0,0.0
2006-10-17 00:00:00+08:00,0.03308847174048424,0.0340911463156063,0.031083125883387856,0.03308847174048424,2875,0.0,0.0
2006-10-18 00:00:00+08:00,0.03208579495549202,0.033088469461556094,0.03208579495549202,0.03208579495549202,2056,0.0,0.0
2006-10-19 00:00:00+08:00,0.03208579495549202,0.03208579495549202,0.03208579495549202,0.03208579495549202,1181386,0.0,0.0
2006-10-20 00:00:00+08:00,0.03208578920367381,0.03208578920367381,0.0310831181704998,0.0310831181704998,778,0.0,0.0
2006-10-23 00:00:00+08:00,0.03208579495549202,0.03208579495549202,0.031083123742575464,0.03208579495549202,2476,0.0,0.0
2006-10-24 00:00:00+08:00,0.03208579495549202,0.03208579495549202,0.03208579495549202,0.03208579495549202,0,0.0,0.0
2006-10-25 00:00:00+08:00,0.03208579495549202,0.03208579495549202,0.03208579495549202,0.03208579495549202,321,0.0,0.0
2006-10-26 00:00:00+08:00,0.03308847174048424,0.0340911463156063,0.03208579716536217,0.03308847174048424,4184,0.0,0.0
2006-10-27 00:00:00+08:00,0.033088469461556094,0.033088469461556094,0.03208579495549202,0.03208579495549202,968,0.0,0.0
2006-10-30 00:00:00+08:00,0.03208579495549202,0.033088469461556094,0.031083123742575464,0.03208579495549202,3010,0.0,0.0
2006-10-31 00:00:00+08:00,0.03208579495549202,0.03208579495549202,0.031083123742575464,0.03208579495549202,698,0.0,0.0
2006-11-01 00:00:00+08:00,0.032085795739083836,0.03409114480018616,0.032085795739083836,0.03409114480018616,9872,0.0,0.0
2006-11-02 00:00:00+08:00,0.03308847174048424,0.0340911463156063,0.03308847174048424,0.03308847174048424,3260,0.0,0.0
2006-11-03 00:00:00+08:00,0.03412247903513697,0.03722450282490359,0.03308847110521476,0.036190494894981384,13804,0.004537,0.0
2006-11-06 00:00:00+08:00,0.03722449637182459,0.03825850412249565,0.03619048862115353,0.03825850412249565,10941,0.0,0.0
2006-11-07 00:00:00+08:00,0.03825850926093056,0.03929251715047745,0.036190493481836776,0.03722450137138367,11519,0.0,0.0
2006-11-08 00:00:00+08:00,0.03722450436392416,0.03722450436392416,0.0351564884185791,0.0351564884185791,5807,0.0,0.0
2006-11-09 00:00:00+08:00,0.0351564884185791,0.0351564884185791,0.03412248044590657,0.0351564884185791,2179,0.0,0.0
2006-11-10 00:00:00+08:00,0.03412248044590657,0.0351564884185791,0.03412248044590657,0.0351564884185791,2514,0.0,0.0
2006-11-13 00:00:00+08:00,0.034122479690258486,0.035156487640032735,0.03308847174048424,0.03308847174048424,1007,0.0,0.0
2006-11-14 00:00:00+08:00,0.03412247449159622,0.03412247449159622,0.03412247449159622,0.03412247449159622,2525,0.0,0.0
2006-11-15 00:00:00+08:00,0.03412247449159622,0.03412247449159622,0.03412247449159622,0.03412247449159622,1061,0.0,0.0
2006-11-16 00:00:00+08:00,0.03412247449159622,0.03412247449159622,0.03308846669935619,0.03412247449159622,920,0.0,0.0
2006-11-17 00:00:00+08:00,0.03412247449159622,0.03412247449159622,0.03308846669935619,0.03412247449159622,1727,0.0,0.0
2006-11-20 00:00:00+08:00,0.03412247367789975,0.03412247367789975,0.031020453771208937,0.032054461538791656,4164,0.0,0.0
2006-11-21 00:00:00+08:00,0.03205446230317358,0.03412247449159622,0.03205446230317358,0.03412247449159622,2323,0.0,0.0
2006-11-22 00:00:00+08:00,0.03308846669935619,0.03412247449159622,0.03205446230317358,0.03412247449159622,805,0.0,0.0
2006-11-23 00:00:00+08:00,0.033088465910317034,0.03412247367789975,0.032054461538791656,0.032054461538791656,2921,0.0,0.0
2006-11-24 00:00:00+08:00,0.032054461538791656,0.033088465910317034,0.032054461538791656,0.032054461538791656,3046,0.0,0.0
2006-11-27 00:00:00+08:00,0.03205446718676793,0.03308847174048424,0.03205446718676793,0.03308847174048424,1378,0.0,0.0
2006-11-28 00:00:00+08:00,0.032054461538791656,0.032054461538791656,0.032054461538791656,0.032054461538791656,3042,0.0,0.0
2006-11-29 00:00:00+08:00,0.032054461538791656,0.032054461538791656,0.032054461538791656,0.032054461538791656,761,0.0,0.0
2006-11-30 00:00:00+08:00,0.03308847174048424,0.034122479690258486,0.03308847174048424,0.03308847174048424,4413,0.0,0.0
2006-12-01 00:00:00+08:00,0.033088465910317034,0.033088465910317034,0.032054461538791656,0.032054461538791656,2103,0.0,0.0
2006-12-04 00:00:00+08:00,0.03308846669935619,0.03412247449159622,0.03308846669935619,0.03412247449159622,1556,0.0,0.0
2006-12-05 00:00:00+08:00,0.034122477702742994,0.03722450137138367,0.034122477702742994,0.03722450137138367,18957,0.0,0.0
2006-12-06 00:00:00+08:00,0.03722450436392416,0.03722450436392416,0.03412248044590657,0.0351564884185791,5668,0.0,0.0
2006-12-07 00:00:00+08:00,0.0351564884185791,0.0351564884185791,0.03412248044590657,0.0351564884185791,2117018,0.0,0.0
2006-12-08 00:00:00+08:00,0.03412247449159622,0.035156482283836256,0.03308846669935619,0.03412247449159622,754,0.0,0.0
2006-12-11 00:00:00+08:00,0.034122479690258486,0.034122479690258486,0.03308847174048424,0.03308847174048424,1703753,0.0,0.0
2006-12-12 00:00:00+08:00,0.034122479690258486,0.034122479690258486,0.03308847174048424,0.03308847174048424,1292,0.0,0.0
2006-12-13 00:00:00+08:00,0.03308847174048424,0.034122479690258486,0.03205446718676793,0.03308847174048424,2552,0.0,0.0
2006-12-14 00:00:00+08:00,0.03308847174048424,0.034122479690258486,0.03308847174048424,0.03308847174048424,1416,0.0,0.0
2006-12-15 00:00:00+08:00,0.03308847174048424,0.034122479690258486,0.03308847174048424,0.03308847174048424,2318,0.0,0.0
2006-12-18 00:00:00+08:00,0.03308846669935619,0.03412247449159622,0.03308846669935619,0.03412247449159622,960,0.0,0.0
2006-12-19 00:00:00+08:00,0.034122479690258486,0.034122479690258486,0.03205446718676793,0.03308847174048424,1496,0.0,0.0
2006-12-20 00:00:00+08:00,0.03308846669935619,0.03412247449159622,0.03308846669935619,0.03412247449159622,4160,0.0,0.0
2006-12-21 00:00:00+08:00,0.03412247449159622,0.03412247449159622,0.03308846669935619,0.03412247449159622,1409,0.0,0.0
2006-12-22 00:00:00+08:00,0.03412247449159622,0.035156482283836256,0.03412247449159622,0.03412247449159622,1265,0.0,0.0
2006-12-26 00:00:00+08:00,0.03412247449159622,0.03412247449159622,0.03412247449159622,0.03412247449159622,591,0.0,0.0
2006-12-27 00:00:00+08:00,0.03515648696505917,0.03722450282490359,0.03515648696505917,0.036190494894981384,7519,0.0,0.0
2006-12-28 00:00:00+08:00,0.03722450137138367,0.03722450137138367,0.036190493481836776,0.03722450137138367,6399,0.0,0.0
2006-12-29 00:00:00+08:00,0.037224505752292636,0.040326529786006926,0.036190497741054546,0.03929252177476883,17968,0.0,0.0
2007-01-03 00:00:00+08:00,0.04032653197646141,0.041360540043864705,0.039292523909058116,0.04032653197646141,10769,0.0,0.0
2007-01-04 00:00:00+08:00,0.04032651962383777,0.04136052737450883,0.03825850412249565,0.03825850412249565,7511,0.0,0.0
2007-01-05 00:00:00+08:00,0.03825851376353073,0.040326529786006926,0.03825851376353073,0.03929252177476883,2498,0.0,0.0
2007-01-08 00:00:00+08:00,0.039292517514354725,0.0496325931095225,0.039292517514354725,0.04756457731127739,32649037,0.0,0.0
2007-01-09 00:00:00+08:00,0.048598582805493944,0.049632590653448515,0.04446255141367567,0.04653056710958481,16828,0.0,0.0
2007-01-10 00:00:00+08:00,0.0465305738788338,0.0465305738788338,0.04239454528136538,0.04446255788207054,6849,0.0,0.0
2007-01-11 00:00:00+08:00,0.044462552149384285,0.045496560014448274,0.04342854768037796,0.04342854768037796,7066,0.0,0.0
2007-01-12 00:00:00+08:00,0.043428555382908095,0.04549656808376312,0.043428555382908095,0.04549656808376312,7325,0.0,0.0
2007-01-15 00:00:00+08:00,0.045496556693616685,0.04963258785198027,0.045496556693616685,0.048598580062389374,17516,0.0,0.0
2007-01-16 00:00:00+08:00,0.0496326002775897,0.0496326002775897,0.04549656808376312,0.04549656808376312,7650,0.0,0.0
2007-01-17 00:00:00+08:00,0.04549656808376312,0.04653057613221977,0.04549656808376312,0.04549656808376312,4257,0.0,0.0
2007-01-18 00:00:00+08:00,0.04549656808376312,0.04756458418067641,0.04549656808376312,0.04549656808376312,4031,0.0,0.0
2007-01-19 00:00:00+08:00,0.045496559261630244,0.04653056710958481,0.045496559261630244,0.04653056710958481,3993,0.0,0.0
2007-01-22 00:00:00+08:00,0.04653056737928465,0.05273484203883289,0.04549655952533678,0.051700834184885025,21949,0.0,0.0
2007-01-23 00:00:00+08:00,0.051700837360152616,0.051700837360152616,0.048598586071919574,0.04963259398937225,8275,0.0,0.0
2007-01-24 00:00:00+08:00,0.049632590941128256,0.05273484203883289,0.049632590941128256,0.051700834184885025,12505,0.0,0.0
2007-01-25 00:00:00+08:00,0.05170083644363858,0.05170083644363858,0.04653056941215483,0.04756457731127739,8302,0.0,0.0
2007-01-26 00:00:00+08:00,0.04653056941215483,0.04859858521039994,0.044462553613909724,0.04756457731127739,4788,0.0,0.0
2007-01-29 00:00:00+08:00,0.048598582805493944,0.048598582805493944,0.04653056710958481,0.04653056710958481,3508,0.0,0.0
2007-01-30 00:00:00+08:00,0.04653057613221977,0.04653057613221977,0.04549656808376312,0.04549656808376312,2454,0.0,0.0
2007-01-31 00:00:00+08:00,0.04549656588045217,0.0465305738788338,0.04342855327974701,0.04446255788207054,3201,0.0,0.0
2007-02-01 00:00:00+08:00,0.04549656808376312,0.04653057613221977,0.04549656808376312,0.04549656808376312,6225,0.0,0.0
2007-02-02 00:00:00+08:00,0.04756458418067641,0.04756458418067641,0.04549656808376312,0.04549656808376312,2712,0.0,0.0
2007-02-05 00:00:00+08:00,0.04549656808376312,0.04756458418067641,0.04549656808376312,0.04549656808376312,3523,0.0,0.0
2007-02-06 00:00:00+08:00,0.04549656151303228,0.04756457731127739,0.044462553613909724,0.04756457731127739,4350,0.0,0.0
2007-02-07 00:00:00+08:00,0.04653056710958481,0.049632590653448515,0.04653056710958481,0.04653056710958481,10459,0.0,0.0
2007-02-08 00:00:00+08:00,0.04653056710958481,0.04756457495753938,0.045496559261630244,0.04653056710958481,1982,0.0,0.0
2007-02-09 00:00:00+08:00,0.04653056710958481,0.04653056710958481,0.045496559261630244,0.04653056710958481,2074,0.0,0.0
2007-02-12 00:00:00+08:00,0.04653056710958481,0.04653056710958481,0.045496559261630244,0.04653056710958481,1925,0.0,0.0
2007-02-13 00:00:00+08:00,0.04653056710958481,0.04653056710958481,0.045496559261630244,0.04653056710958481,3074,0.0,0.0
2007-02-14 00:00:00+08:00,0.04653057613221977,0.04653057613221977,0.04446256003530648,0.04549656808376312,4229,0.0,0.0
2007-02-15 00:00:00+08:00,0.04549656588045217,0.04549656588045217,0.04446255788207054,0.04446255788207054,1727,0.0,0.0
2007-02-16 00:00:00+08:00,0.04446256003530648,0.04549656808376312,0.043428555382908095,0.04549656808376312,1534,0.0,0.0
2007-02-21 00:00:00+08:00,0.04549656808376312,0.04549656808376312,0.04446256003530648,0.04549656808376312,2508,0.0,0.0
2007-02-22 00:00:00+08:00,0.04446255788207054,0.04549656588045217,0.04342855327974701,0.04446255788207054,2373,0.0,0.0
2007-02-23 00:00:00+08:00,0.04446255788207054,0.04549656588045217,0.04342855327974701,0.04446255788207054,2040978,0.0,0.0
2007-02-26 00:00:00+08:00,0.044462552149384285,0.044462552149384285,0.04342854768037796,0.04342854768037796,3155,0.0,0.0
2007-02-27 00:00:00+08:00,0.043428542773459144,0.043428542773459144,0.040326519528759625,0.0413605272769928,3016,0.0,0.0
2007-02-28 00:00:00+08:00,0.03722449637182459,0.03929251187316671,0.03515648087048247,0.03825850412249565,4766,0.0,0.0
2007-03-01 00:00:00+08:00,0.03825850412249565,0.03929251187316671,0.03722449637182459,0.03825850412249565,3753548,0.0,0.0
2007-03-02 00:00:00+08:00,0.03825850412249565,0.03825850412249565,0.03722449637182459,0.03825850412249565,1141,0.0,0.0
2007-03-05 00:00:00+08:00,0.03722449786831632,0.03722449786831632,0.03412247449159622,0.03412247449159622,2928,0.0,0.0
2007-03-06 00:00:00+08:00,0.03412247903513697,0.03722450282490359,0.03412247903513697,0.036190494894981384,1503,0.0,0.0
2007-03-07 00:00:00+08:00,0.03722450282490359,0.038258510754825795,0.036190494894981384,0.036190494894981384,1989,0.0,0.0
2007-03-08 00:00:00+08:00,0.034122477702742994,0.03722450137138367,0.034122477702742994,0.03722450137138367,1272,0.0,0.0
2007-03-09 00:00:00+08:00,0.03722450282490359,0.03722450282490359,0.036190494894981384,0.036190494894981384,1195,0.0,0.0
2007-03-12 00:00:00+08:00,0.03722450137138367,0.03722450137138367,0.03722450137138367,0.03722450137138367,1174,0.0,0.0
2007-03-13 00:00:00+08:00,0.03722450137138367,0.03722450137138367,0.036190493481836776,0.03722450137138367,597,0.0,0.0
2007-03-14 00:00:00+08:00,0.03619049639125163,0.03619049639125163,0.0351564884185791,0.0351564884185791,477,0.0,0.0
2007-03-15 00:00:00+08:00,0.036190494894981384,0.036190494894981384,0.036190494894981384,0.036190494894981384,811,0.0,0.0
2007-03-16 00:00:00+08:00,0.036190493481836776,0.03722450137138367,0.036190493481836776,0.03722450137138367,1338,0.0,0.0
2007-03-19 00:00:00+08:00,0.037224505752292636,0.03929252177476883,0.036190497741054546,0.03929252177476883,2734,0.0,0.0
2007-03-20 00:00:00+08:00,0.03929252177476883,0.03929252177476883,0.03825851376353073,0.03929252177476883,1418,0.0,0.0
2007-03-21 00:00:00+08:00,0.039292523909058116,0.04032653197646141,0.039292523909058116,0.04032653197646141,1186,0.0,0.0
2007-03-22 00:00:00+08:00,0.0413605272769928,0.04239453502522597,0.040326519528759625,0.0413605272769928,2590,0.0,0.0
2007-03-23 00:00:00+08:00,0.0413605272769928,0.0413605272769928,0.040326519528759625,0.0413605272769928,1033,0.0,0.0
2007-03-26 00:00:00+08:00,0.04239454120397568,0.04239454120397568,0.041360533305042066,0.04239454120397568,2207,0.0,0.0
2007-03-27 00:00:00+08:00,0.04239454528136538,0.04446255788207054,0.04136053728298375,0.04446255788207054,3788,0.0,0.0
2007-03-28 00:00:00+08:00,0.04342854768037796,0.044462552149384285,0.04239453981531398,0.04342854768037796,5055,0.0,0.0
2007-03-29 00:00:00+08:00,0.04342854696177872,0.04756457495753938,0.04342854696177872,0.04653056710958481,7960,0.0,0.0
2007-03-30 00:00:00+08:00,0.04756457495753938,0.04756457495753938,0.045496559261630244,0.04653056710958481,2058,0.0,0.0
2007-04-02 00:00:00+08:00,0.04653057613221977,0.04653057613221977,0.04549656808376312,0.04549656808376312,1870,0.0,0.0
2007-04-03 00:00:00+08:00,0.04653056710958481,0.04756457495753938,0.045496559261630244,0.04653056710958481,2294,0.0,0.0
2007-04-04 00:00:00+08:00,0.04756458418067641,0.04756458418067641,0.04549656808376312,0.04549656808376312,1662,0.0,0.0
2007-04-05 00:00:00+08:00,0.04549656808376312,0.04549656808376312,0.04446256003530648,0.04549656808376312,1669,0.0,0.0
2007-04-09 00:00:00+08:00,0.045496559261630244,0.04756457495753938,0.045496559261630244,0.04653056710958481,2910,0.0,0.0
2007-04-10 00:00:00+08:00,0.04653057613221977,0.04653057613221977,0.04549656808376312,0.04549656808376312,1178,0.0,0.0
2007-04-11 00:00:00+08:00,0.045496559261630244,0.04756457495753938,0.045496559261630244,0.04653056710958481,2637,0.0,0.0
2007-04-12 00:00:00+08:00,0.04653057023701422,0.04963259398937225,0.04549656231956154,0.04963259398937225,6835,0.0,0.0
2007-04-13 00:00:00+08:00,0.0496325931095225,0.0496325931095225,0.04653056941215483,0.04756457731127739,5946,0.0,0.0
2007-04-16 00:00:00+08:00,0.048598580062389374,0.048598580062389374,0.04756457227279848,0.048598580062389374,4458,0.0,0.0
2007-04-17 00:00:00+08:00,0.049632590941128256,0.05273484203883289,0.04756457523323252,0.051700834184885025,18472,0.0,0.0
2007-04-18 00:00:00+08:00,0.052734843777730286,0.0537688516657739,0.050666600465774536,0.050666600465774536,11273,0.0,0.0
2007-04-19 00:00:00+08:00,0.05066660190682493,0.05066660190682493,0.0475645781544669,0.04963259398937225,6724,0.0,0.0
2007-04-20 00:00:00+08:00,0.05066659879507613,0.05273484203883289,0.05066659879507613,0.051700834184885025,8437,0.0,0.0
2007-04-23 00:00:00+08:00,0.0537688522865593,0.05480286018654099,0.05170083648659591,0.052734844386577606,10442,0.0,0.0
2007-04-24 00:00:00+08:00,0.05170083588968668,0.052734843777730286,0.050666600465774536,0.050666600465774536,3796,0.0,0.0
2007-04-25 00:00:00+08:00,0.05170083588968668,0.05170083588968668,0.050666600465774536,0.050666600465774536,3610,0.0,0.0
2007-04-26 00:00:00+08:00,0.051700837360152616,0.051700837360152616,0.04963259398937225,0.04963259398937225,2447,0.0,0.0
2007-04-27 00:00:00+08:00,0.04963259398937225,0.05066660190682493,0.048598586071919574,0.04963259398937225,3266,0.0,0.0
2007-04-30 00:00:00+08:00,0.04963259398937225,0.04963259398937225,0.048598586071919574,0.04963259398937225,3889,0.0,0.0
2007-05-02 00:00:00+08:00,0.04963258785198027,0.04963258785198027,0.048598580062389374,0.048598580062389374,3354,0.0,0.0
2007-05-03 00:00:00+08:00,0.04963258785198027,0.04963258785198027,0.048598580062389374,0.048598580062389374,2599,0.0,0.0
2007-05-04 00:00:00+08:00,0.048598580062389374,0.04963258785198027,0.04756457227279848,0.048598580062389374,2595,0.0,0.0
2007-05-07 00:00:00+08:00,0.048598580062389374,0.05066659564157117,0.048598580062389374,0.048598580062389374,4674,0.0,0.0
2007-05-08 00:00:00+08:00,0.048598580062389374,0.048598580062389374,0.048598580062389374,0.048598580062389374,3136,0.0,0.0
2007-05-09 00:00:00+08:00,0.048598586071919574,0.04963259398937225,0.048598586071919574,0.04963259398937225,2965,0.0,0.0
2007-05-10 00:00:00+08:00,0.04963259398937225,0.05066660190682493,0.048598586071919574,0.04963259398937225,3663,0.0,0.0
2007-05-11 00:00:00+08:00,0.048598584689687314,0.050666600465774536,0.048598584689687314,0.050666600465774536,4898567,0.0,0.0
2007-05-14 00:00:00+08:00,0.05066660190682493,0.05066660190682493,0.04963259398937225,0.04963259398937225,2992,0.0,0.0
2007-05-15 00:00:00+08:00,0.0496325931095225,0.0496325931095225,0.04756457731127739,0.04756457731127739,2912,0.0,0.0
2007-05-16 00:00:00+08:00,0.048598580062389374,0.048598580062389374,0.04756457227279848,0.048598580062389374,1316,0.0,0.0
2007-05-17 00:00:00+08:00,0.0496325931095225,0.0496325931095225,0.04756457731127739,0.04756457731127739,1651,0.0,0.0
2007-05-18 00:00:00+08:00,0.048598580062389374,0.04963258785198027,0.048598580062389374,0.048598580062389374,994,0.0,0.0
2007-05-21 00:00:00+08:00,0.048598584689687314,0.05170083588968668,0.048598584689687314,0.050666600465774536,16216,0.0,0.0
2007-05-22 00:00:00+08:00,0.05170083588968668,0.05170083588968668,0.050666600465774536,0.050666600465774536,4129,0.0,0.0
2007-05-23 00:00:00+08:00,0.051700834184885025,0.051700834184885025,0.05066659879507613,0.051700834184885025,4269,0.0,0.0
2007-05-24 00:00:00+08:00,0.051700837360152616,0.051700837360152616,0.04963259398937225,0.04963259398937225,1867,0.0,0.0
2007-05-25 00:00:00+08:00,0.04963259257773092,0.050666600465774536,0.04963259257773092,0.050666600465774536,912,0.0,0.0
2007-05-28 00:00:00+08:00,0.05066660190682493,0.05066660190682493,0.04963259398937225,0.04963259398937225,3805,0.0,0.0
2007-05-29 00:00:00+08:00,0.04963258785198027,0.04963258785198027,0.048598580062389374,0.048598580062389374,2044,0.0,0.0
2007-05-30 00:00:00+08:00,0.04963258785198027,0.04963258785198027,0.048598580062389374,0.048598580062389374,2874,0.0,0.0
2007-06-01 00:00:00+08:00,0.048598580062389374,0.04963258785198027,0.048598580062389374,0.048598580062389374,297,0.0,0.0
2007-06-04 00:00:00+08:00,0.04963259398937225,0.05066660190682493,0.048598586071919574,0.04963259398937225,2249,0.0,0.0
2007-06-05 00:00:00+08:00,0.04963259398937225,0.05066660190682493,0.048598586071919574,0.04963259398937225,1880,0.0,0.0
2007-06-06 00:00:00+08:00,0.04963259398937225,0.05066660190682493,0.04963259398937225,0.04963259398937225,3450,0.0,0.0
2007-06-07 00:00:00+08:00,0.048598586071919574,0.05066660190682493,0.048598586071919574,0.04963259398937225,1593,0.0,0.0
2007-06-08 00:00:00+08:00,0.04963259398937225,0.04963259398937225,0.048598586071919574,0.04963259398937225,1741,0.0,0.0
2007-06-11 00:00:00+08:00,0.04963259398937225,0.05066660190682493,0.04963259398937225,0.04963259398937225,1564,0.0,0.0
2007-06-12 00:00:00+08:00,0.04963259257773092,0.05170083588968668,0.04963259257773092,0.050666600465774536,4635,0.0,0.0
2007-06-13 00:00:00+08:00,0.05066659879507613,0.05273484203883289,0.05066659879507613,0.051700834184885025,10146,0.0,0.0
2007-06-14 00:00:00+08:00,0.05273484203883289,0.05273484203883289,0.05066659879507613,0.051700834184885025,4416,0.0,0.0
2007-06-15 00:00:00+08:00,0.05170083588968668,0.052734843777730286,0.050666600465774536,0.050666600465774536,2446,0.0,0.0
2007-06-18 00:00:00+08:00,0.051700833457479965,0.05790488049387932,0.05066659808222224,0.05790488049387932,30408,0.0,0.0
2007-06-19 00:00:00+08:00,0.058938892185513764,0.06410893541438159,0.057904887615009795,0.06307492405176163,50245,0.0,0.0
2007-06-20 00:00:00+08:00,0.06410893541438159,0.06514293998488556,0.06204091948125766,0.06307492405176163,11838,0.0,0.0
2007-06-21 00:00:00+08:00,0.06204091948125766,0.06514293998488556,0.06204091948125766,0.06307492405176163,11222,0.0,0.0
2007-06-22 00:00:00+08:00,0.06410894499335107,0.06410894499335107,0.06204092875123024,0.06204092875123024,5978,0.0,0.0
2007-06-25 00:00:00+08:00,0.06204091493522959,0.06307491942996721,0.05997289915363885,0.061006903648376465,10488,0.0,0.0
2007-06-26 00:00:00+08:00,0.06100690061602142,0.062040911851478885,0.05790488049387932,0.05790488049387932,8580,0.0,0.0
2007-06-27 00:00:00+08:00,0.05790488615120698,0.06204091791289831,0.05790488615120698,0.0589388906955719,9549,0.0,0.0
2007-06-28 00:00:00+08:00,0.05997291207313538,0.06100691679062057,0.05997291207313538,0.059972912073135376,3598160,0.0,0.0
2007-06-29 00:00:00+08:00,0.06100690712815518,0.06617694348096848,0.06100690712815518,0.06617694348096848,24238,0.0,0.0
2007-07-02 00:00:00+08:00,0.0672109533280524,0.08582332014877277,0.0672109533280524,0.0827212929725647,91458299,0.0,0.0
2007-07-03 00:00:00+08:00,0.08375530230033695,0.08478930680636644,0.07755125488781334,0.08168728649616241,33062,0.0,0.0
2007-07-04 00:00:00+08:00,0.08375531806461078,0.09823142462638347,0.08375531806461078,0.09306138753890991,66356,0.0,0.0
2007-07-05 00:00:00+08:00,0.09512939619584065,0.10236744890330325,0.0930613801662633,0.10029943287372589,42231,0.0,0.0
2007-07-06 00:00:00+08:00,0.10029942644337088,0.10029942644337088,0.09409537875239013,0.09719740599393845,15425,0.0,0.0
2007-07-09 00:00:00+08:00,0.09823141247034073,0.10133343977264544,0.09719740789764983,0.09823141247034073,12987,0.0,0.0
2007-07-10 00:00:00+08:00,0.09823141684414853,0.10029943287372589,0.09512939619584065,0.10029943287372589,16948,0.0,0.0
2007-07-11 00:00:00+08:00,0.09823140751141926,0.11167373796244509,0.09823140751141926,0.10960572212934494,56287,0.0,0.0
2007-07-12 00:00:00+08:00,0.11580976339692567,0.13028609758947265,0.11477575893207317,0.12718383967876434,85008,0.0,0.0
2007-07-13 00:00:00+08:00,0.13028611090171494,0.1344221427679628,0.12408183896251532,0.12614984810352325,46195,0.0,0.0
2007-07-16 00:00:00+08:00,0.128218076681108,0.128218076681108,0.11891177828051888,0.12097980082035065,19998,0.0,0.0
2007-07-17 00:00:00+08:00,0.1209798086084702,0.12304781769720004,0.11374175642156831,0.1178777813911438,24252,0.0,0.0
2007-07-18 00:00:00+08:00,0.11787775200809827,0.12718381775614981,0.09926539637222893,0.10236741602420807,48374045,0.0,0.0
2007-07-19 00:00:00+08:00,0.10340166691495993,0.11684376543110095,0.10340166691495993,0.11580976098775864,47472,0.0,0.0
2007-07-20 00:00:00+08:00,0.1168437654668357,0.11994579238204166,0.11270773410797119,0.11270773410797119,24385,0.0,0.0
2007-07-23 00:00:00+08:00,0.11270771744439997,0.11891175677332892,0.11167371315361653,0.11477573961019516,23195,0.0,0.0
2007-07-24 00:00:00+08:00,0.11580975607848039,0.11684376047799033,0.10960570930507607,0.11063971370458603,12717,0.0,0.0
2007-07-25 00:00:00+08:00,0.10960572212934494,0.11477576510815317,0.10753770629624478,0.10960572212934494,20312,0.0,0.0
2007-07-26 00:00:00+08:00,0.11063972961321747,0.11270774550170747,0.10753770917654037,0.10753770917654037,13977173,0.0,0.0
2007-07-27 00:00:00+08:00,0.10133342852207092,0.10340166836977005,0.09823140156416968,0.10340166836977005,17239,0.0,0.0
2007-07-30 00:00:00+08:00,0.10133342852207092,0.10650368853555603,0.10029941727206541,0.10340166836977005,12296,0.0,0.0
2007-07-31 00:00:00+08:00,0.10650367912757082,0.10753769028623711,0.0971973885203639,0.09926540404558182,13925377,0.0,0.0
2007-08-01 00:00:00+08:00,0.09719740163141367,0.09719740163141367,0.07961927069198788,0.08168728649616241,27384,0.0,0.0
2007-08-02 00:00:00+08:00,0.08582332014877277,0.08892534053286509,0.08168728844190583,0.0827212929725647,17803,0.0,0.0
2007-08-03 00:00:00+08:00,0.08478931010114786,0.08995935320854187,0.08272129421661342,0.08995935320854187,18401,0.0,0.0
2007-08-06 00:00:00+08:00,0.0837553042953393,0.08478930882599817,0.08065327711913123,0.0827212929725647,8710,0.0,0.0
2007-08-07 00:00:00+08:00,0.08685733384902428,0.08789134528096022,0.0785852695620025,0.07961928099393845,13259,0.0,0.0
2007-08-08 00:00:00+08:00,0.08168728564739657,0.08685732170805623,0.08065327435999532,0.08478930592536926,16547,0.0,0.0
2007-08-10 00:00:00+08:00,0.07858524273713897,0.08375528454780579,0.07858524273713897,0.08375528454780579,7244,0.0,0.0
2007-08-13 00:00:00+08:00,0.08375530230033695,0.08478930680636644,0.08065327519801736,0.08168728649616241,5800,0.0,0.0
2007-08-14 00:00:00+08:00,0.0827212901426823,0.08685732170805623,0.08065327435999532,0.08478930592536926,16009,0.0,0.0
2007-08-15 00:00:00+08:00,0.0827212910021919,0.08478930680636644,0.08065327519801736,0.08168728649616241,7701,0.0,0.0
2007-08-16 00:00:00+08:00,0.07961927283529596,0.07961927283529596,0.07238098978996277,0.07238098978996277,10379,0.0,0.0
2007-08-17 00:00:00+08:00,0.07341500035861122,0.07548301619712249,0.05790488496583463,0.06514293700456619,20795,0.0,0.0
2007-08-20 00:00:00+08:00,0.07134698820588875,0.07134698820588875,0.06927897226054369,0.0703129768371582,11495,0.0,0.0
2007-08-21 00:00:00+08:00,0.07134698936588736,0.07341500534485536,0.06617694602240928,0.06721095740795135,8313,0.0,0.0
2007-08-22 00:00:00+08:00,0.06824496089181314,0.0703129768371582,0.06617694494646809,0.0703129768371582,6151,0.0,0.0
2007-08-23 00:00:00+08:00,0.07238098781927235,0.07444900362281166,0.07134698331356049,0.07134698331356049,13718,0.0,0.0
2007-08-24 00:00:00+08:00,0.07134698820588875,0.07134698820588875,0.06927897226054369,0.0703129768371582,3745,0.0,0.0
2007-08-27 00:00:00+08:00,0.07341500088835279,0.0837553042953393,0.07341500088835279,0.0827212929725647,33947,0.0,0.0
2007-08-28 00:00:00+08:00,0.08065327519801736,0.08478930680636644,0.07961927069198788,0.08168728649616241,16766,0.0,0.0
2007-08-29 00:00:00+08:00,0.07548301264511084,0.09823140314596328,0.07341499690391441,0.0940953716635704,52594859,0.0,0.0
2007-08-30 00:00:00+08:00,0.09823140314596328,0.10236743462835614,0.09306136718902987,0.0940953716635704,57117,0.0,0.0
2007-08-31 00:00:00+08:00,0.09512939009694486,0.09926542189093203,0.09512939009694486,0.09719740599393845,22722,0.0,0.0
2007-09-03 00:00:00+08:00,0.09719740789764983,0.10133343977264544,0.09409538059534511,0.09823141247034073,32533,0.0,0.0
2007-09-04 00:00:00+08:00,0.09823139819950699,0.0992654094140951,0.09409536692538457,0.09512937813997269,7935,0.0,0.0
2007-09-05 00:00:00+08:00,0.09719739867142274,0.09823140314596328,0.09202735592237396,0.0940953716635704,8113,0.0,0.0
2007-09-06 00:00:00+08:00,0.09202735592237396,0.09616338740476683,0.09099335144783344,0.0940953716635704,12801,0.0,0.0
2007-09-07 00:00:00+08:00,0.09512937813997269,0.09823139819950699,0.09409536692538457,0.09512937813997269,13733,0.0,0.0
2007-09-10 00:00:00+08:00,0.09202736616134644,0.0940953821326305,0.09099336157176247,0.09202736616134644,10475992,0.0,0.0
2007-09-11 00:00:00+08:00,0.09306138753890991,0.09616340843297068,0.0920273760461451,0.09306138753890991,10539,0.0,0.0
2007-09-12 00:00:00+08:00,0.09512939009694486,0.10133343778792561,0.09409537875239013,0.09719740599393845,47288,0.0,0.0
2007-09-13 00:00:00+08:00,0.0982314002976064,0.09926541153427969,0.09409536893514354,0.09616338461637497,9243,0.0,0.0
2007-09-14 00:00:00+08:00,0.0971973937770339,0.0971973937770339,0.09512937813997269,0.09512937813997269,5163,0.0,0.0
2007-09-17 00:00:00+08:00,0.09512938952382004,0.09512938952382004,0.08995935320854187,0.08995935320854187,8239,0.0,0.0
2007-09-18 00:00:00+08:00,0.088925335706637,0.0940953716635704,0.088925335706637,0.0940953716635704,6003,0.0,0.0
2007-09-19 00:00:00+08:00,0.09719740948561466,0.09719740948561466,0.09202736616134644,0.09202736616134644,14243,0.0,0.0
2007-09-20 00:00:00+08:00,0.09202736230096047,0.09616339407002934,0.08995935320854187,0.08995935320854187,11478848,0.0,0.0
2007-09-21 00:00:00+08:00,0.09099335144783344,0.0951293829302263,0.0899593469732929,0.0940953716635704,13298,0.0,0.0
2007-09-24 00:00:00+08:00,0.0951293829302263,0.09719739867142274,0.09306136718902987,0.0940953716635704,19036,0.0,0.0
2007-09-25 00:00:00+08:00,0.0951294037323227,0.0971974199257355,0.09306138753890991,0.09306138753890991,8738075,0.0,0.0
2007-09-26 00:00:00+08:00,0.09512937813997269,0.09512937813997269,0.09306136250291148,0.09512937813997269,4952567,0.0,0.0
2007-09-27 00:00:00+08:00,0.09616338740476683,0.09616338740476683,0.0940953716635704,0.0940953716635704,9880,0.0,0.0
2007-09-28 00:00:00+08:00,0.0951293829302263,0.09616338740476683,0.0940953716635704,0.0940953716635704,4509,0.0,0.0
2007-10-01 00:00:00+08:00,0.09512939009694486,0.09719740599393845,0.09512939009694486,0.09719740599393845,17228,0.0,0.0
2007-10-02 00:00:00+08:00,0.09823141188702762,0.11374175886204467,0.09719740732047681,0.10857171565294266,104676167,0.0,0.0
2007-10-03 00:00:00+08:00,0.11063972487700591,0.11477576326904824,0.10546968877315521,0.10546968877315521,33973689,0.0,0.0
2007-10-04 00:00:00+08:00,0.10650368252231648,0.11167372489621084,0.10650368252231648,0.11063971370458603,34421,0.0,0.0
2007-10-05 00:00:00+08:00,0.1116737499833107,0.11477577746292943,0.10960573392760367,0.1116737499833107,37323,0.0,0.0
2007-10-08 00:00:00+08:00,0.11270774750337788,0.11374175886204467,0.10753771108639183,0.10857171565294266,9214156,0.0,0.0
2007-10-09 00:00:00+08:00,0.10960572701160945,0.11063973157816027,0.10546969516117422,0.10857171565294266,9238,0.0,0.0
2007-10-10 00:00:00+08:00,0.10960572037308199,0.10960572037308199,0.10443567747711574,0.10546968877315521,7341790,0.0,0.0
2007-10-11 00:00:00+08:00,0.10546969810472923,0.10753771408766312,0.1044356867172042,0.10650370270013809,7434,0.0,0.0
2007-10-12 00:00:00+08:00,0.10546969810472923,0.10960573007059701,0.1044356867172042,0.10650370270013809,19322,0.0,0.0
2007-10-15 00:00:00+08:00,0.1075377045731186,0.10857170907704251,0.10546968877315521,0.10546968877315521,6894,0.0,0.0
2007-10-16 00:00:00+08:00,0.1044356636023529,0.10650367912757082,0.0971973885203639,0.09926540404558182,10376,0.0,0.0
2007-10-17 00:00:00+08:00,0.09823139288691553,0.09926540404558182,0.09409536183647968,0.09926540404558182,9986,0.0,0.0
2007-10-18 00:00:00+08:00,0.09926542189093203,0.10133343778792561,0.09719740599393845,0.09719740599393845,6462,0.0,0.0
2007-10-19 00:00:00+08:00,0.0982314105463773,0.0982314105463773,0.09409537875239013,0.09719740599393845,5775,0.0,0.0
2007-10-22 00:00:00+08:00,0.09099335223436356,0.09306136799343555,0.08995934775088527,0.09099335223436356,5451,0.0,0.0
2007-10-23 00:00:00+08:00,0.09202735592237396,0.0951293829302263,0.09202735592237396,0.0940953716635704,4033,0.0,0.0
2007-10-24 00:00:00+08:00,0.09616339810391455,0.09616339810391455,0.09202736616134644,0.09202736616134644,3550,0.0,0.0
2007-10-25 00:00:00+08:00,0.09306137754304653,0.0940953821326305,0.08995935698217848,0.09202736616134644,4037874,0.0,0.0
2007-10-26 00:00:00+08:00,0.09306136718902987,0.09616338740476683,0.09306136718902987,0.0940953716635704,3954,0.0,0.0
2007-10-29 00:00:00+08:00,0.0940953716635704,0.09616338740476683,0.09306136718902987,0.0940953716635704,3172,0.0,0.0
2007-10-30 00:00:00+08:00,0.09409539223955789,0.09616340843297068,0.0920273760461451,0.09306138753890991,3225,0.0,0.0
2007-10-31 00:00:00+08:00,0.09202736616134644,0.0940953821326305,0.09202736616134644,0.09202736616134644,1777,0.0,0.0
2007-11-01 00:00:00+08:00,0.09306136718902987,0.09719739867142274,0.09306136718902987,0.0940953716635704,8537,0.0,0.0
2007-11-02 00:00:00+08:00,0.09220921821212472,0.09430486708879471,0.09220921821212472,0.09430486708879471,2262,0.005444,0.0
2007-11-05 00:00:00+08:00,0.0953526694627202,0.0953526694627202,0.08697008247608451,0.08801790326833725,2841,0.0,0.0
2007-11-06 00:00:00+08:00,0.0880179088371793,0.09116138517856598,0.0880179088371793,0.09116138517856598,1391,0.0,0.0
2007-11-07 00:00:00+08:00,0.09220922295887707,0.09325704400971556,0.08906575292348862,0.08906575292348862,1812,0.0,0.0
2007-11-09 00:00:00+08:00,0.08592223445162071,0.08801788242267596,0.08487441390752792,0.08487441390752792,2575,0.0,0.0
2007-11-12 00:00:00+08:00,0.08382660401145015,0.08382660401145015,0.07649161088550621,0.07963530719280243,4648,0.0,0.0
2007-11-13 00:00:00+08:00,0.0806831493973732,0.08173097034966847,0.07858750060991032,0.0806831493973732,4054,0.0,0.0
2007-11-14 00:00:00+08:00,0.0838266256510934,0.0838266256510934,0.08173097670078278,0.08173097670078278,2436,0.0,0.0
2007-11-15 00:00:00+08:00,0.081730965750793,0.08801791175942487,0.07963531708124905,0.08697009086608887,6189,0.0,0.0
2007-11-16 00:00:00+08:00,0.08487443766057678,0.08592225849791382,0.08277878910303116,0.08277878910303116,3408,0.0,0.0
2007-11-19 00:00:00+08:00,0.08382660401145015,0.08487443165754763,0.07963530719280243,0.07963530719280243,1888,0.0,0.0
2007-11-20 00:00:00+08:00,0.07649161177162393,0.08068313577357436,0.0754437841133879,0.07858748733997345,2580,0.0,0.0
2007-11-21 00:00:00+08:00,0.0785874850471953,0.0785874850471953,0.07544378191232681,0.07544378191232681,2225,0.0,0.0
2007-11-22 00:00:00+08:00,0.07439596995814582,0.07649161857822795,0.07334814220666885,0.07334814220666885,2751,0.0,0.0
2007-11-23 00:00:00+08:00,0.07334814220666885,0.075443790826751,0.07230032133806368,0.07334814220666885,1431,0.0,0.0
2007-11-26 00:00:00+08:00,0.07544379628954863,0.07753944506137427,0.07544379628954863,0.07649162411689758,1690529,0.0,0.0
2007-11-27 00:00:00+08:00,0.07334814911055539,0.07439597696065903,0.07334814911055539,0.07439597696065903,1145,0.0,0.0
2007-11-28 00:00:00+08:00,0.07544378191232681,0.07649160953999264,0.07439596116753194,0.07544378191232681,1141,0.0,0.0
2007-11-29 00:00:00+08:00,0.0764916083402058,0.07963530454289379,0.0764916083402058,0.07753942906856537,3655,0.0,0.0
2007-11-30 00:00:00+08:00,0.07753942906856537,0.07963530454289379,0.07753942906856537,0.07753942906856537,1607,0.0,0.0
2007-12-03 00:00:00+08:00,0.07858750002350846,0.07858750002350846,0.07649162411689758,0.07649162411689758,1617,0.0,0.0
2007-12-04 00:00:00+08:00,0.07544379792789024,0.07544379792789024,0.07334814911055539,0.07439597696065903,3849,0.0,0.0
2007-12-05 00:00:00+08:00,0.0743959600006158,0.07858748381453422,0.0743959600006158,0.07753942906856537,5989587,0.0,0.0
2007-12-06 00:00:00+08:00,0.08068314054548553,0.08697008621812242,0.07858749198793989,0.08277878910303116,14084071,0.0,0.0
2007-12-07 00:00:00+08:00,0.08487443666376245,0.08697008519669557,0.08277878813082933,0.08382660895586014,5236894,0.0,0.0
2007-12-10 00:00:00+08:00,0.08487443666376245,0.08592225748879326,0.08277878813082933,0.08382660895586014,1776488,0.0,0.0
2007-12-11 00:00:00+08:00,0.08487444266357752,0.08697009134465306,0.08277879398250199,0.08592226356267929,5682118,0.0,0.0
2007-12-12 00:00:00+08:00,0.0827787659364727,0.08487441390752792,0.0827787659364727,0.08487441390752792,2136855,0.0,0.0
2007-12-13 00:00:00+08:00,0.085922252420774,0.085922252420774,0.07963530719280243,0.07963530719280243,2612936,0.0,0.0
2007-12-14 00:00:00+08:00,0.08068313577357436,0.08068313577357436,0.0775394325469888,0.07858748733997345,3138609,0.0,0.0
2007-12-17 00:00:00+08:00,0.07649162577799389,0.07753944674522509,0.07334814911055539,0.07439597696065903,2881834,0.0,0.0
2007-12-18 00:00:00+08:00,0.07334814911055539,0.07544379792789024,0.07334814911055539,0.07439597696065903,4576772,0.0,0.0
2007-12-19 00:00:00+08:00,0.075443790826751,0.075443790826751,0.07334814220666885,0.07334814220666885,2670242,0.0,0.0
2007-12-21 00:00:00+08:00,0.07334814911055539,0.07544379792789024,0.07334814911055539,0.07439597696065903,2193059,0.0,0.0
2007-12-24 00:00:00+08:00,0.0754437841133879,0.07963530811533832,0.0754437841133879,0.07858748733997345,8733667,0.0,0.0
2007-12-26 00:00:00+08:00,0.08173095786620703,0.08906573094346125,0.08173095786620703,0.08801790326833725,13017296,0.0,0.0
2007-12-27 00:00:00+08:00,0.09011353039373118,0.09011353039373118,0.08487441390752792,0.08487441390752792,4767425,0.0,0.0
2007-12-28 00:00:00+08:00,0.08277879398250199,0.08592226356267929,0.08173096620052822,0.08592226356267929,2762814,0.0,0.0
2007-12-31 00:00:00+08:00,0.08592226356267929,0.08697009134465306,0.08487444266357752,0.08592226356267929,1569304,0.0,0.0
2008-01-02 00:00:00+08:00,0.08487443400870778,0.09116137941083799,0.08487443400870778,0.08801790326833725,8858197,0.0,0.0
2008-01-03 00:00:00+08:00,0.08697009086608887,0.09116138820517679,0.08487444219654491,0.08697009086608887,14037785,0.0,0.0
2008-01-04 00:00:00+08:00,0.08801791175942487,0.08906573953563283,0.08697009086608887,0.08697009086608887,3947507,0.0,0.0
2008-01-07 00:00:00+08:00,0.08592226308988092,0.08801791175942487,0.08487444219654491,0.08697009086608887,2869712,0.0,0.0
2008-01-08 00:00:00+08:00,0.08801790693874299,0.09744832199375732,0.08801790693874299,0.09325702488422394,28313611,0.0,0.0
2008-01-09 00:00:00+08:00,0.09325701622959975,0.09744831295016403,0.09220919549089415,0.0953526645898819,21247331,0.0,0.0
2008-01-10 00:00:00+08:00,0.09640047979446256,0.09640047979446256,0.09011353552341461,0.09011353552341461,7367137,0.0,0.0
2008-01-11 00:00:00+08:00,0.09116137941083799,0.09325702099534346,0.08697008247608451,0.08801790326833725,5521220,0.0,0.0
2008-01-14 00:00:00+08:00,0.08592227460140404,0.08801792355171467,0.0806831556670639,0.08173097670078278,3754650,0.0,0.0
2008-01-15 00:00:00+08:00,0.08173095288248379,0.0838266012220738,0.0743959600006158,0.07753942906856537,6909790,0.0,0.0
2008-01-16 00:00:00+08:00,0.07439597258580166,0.07544379349141572,0.07020467519760132,0.07020467519760132,11470032,0.0,0.0
2008-01-17 00:00:00+08:00,0.0723003149044221,0.07858748733997345,0.06810901803722026,0.07858748733997345,10656726,0.0,0.0
2008-01-18 00:00:00+08:00,0.07334813353986612,0.0785874850471953,0.07230031279507126,0.07544378191232681,6817219,0.0,0.0
2008-01-21 00:00:00+08:00,0.07439595829903155,0.07544377900342537,0.06706118583679199,0.06706118583679199,4854486,0.0,0.0
2008-01-22 00:00:00+08:00,0.06286989931167232,0.0660133684664895,0.0597264232739841,0.0618220716714859,6632076,0.0,0.0
2008-01-23 00:00:00+08:00,0.06601335929224737,0.06706117990394132,0.06077424246803748,0.06496553868055344,7270157,0.0,0.0
2008-01-24 00:00:00+08:00,0.06915682801019929,0.06915682801019929,0.06496553868055344,0.06496553868055344,5379057,0.0,0.0
2008-01-25 00:00:00+08:00,0.06706119871501505,0.0712524961032154,0.06706119871501505,0.07020467519760132,6716933,0.0,0.0
2008-01-28 00:00:00+08:00,0.0670611867018736,0.0670611867018736,0.06496554526605243,0.06601336598396301,1721386,0.0,0.0
2008-01-29 00:00:00+08:00,0.06810901430265498,0.06915683502056556,0.06601336598396301,0.06601336598396301,1475631,0.0,0.0
2008-01-30 00:00:00+08:00,0.06706117990394132,0.06810900739850535,0.06391771118598939,0.06496553868055344,1686121,0.0,0.0
2008-01-31 00:00:00+08:00,0.06496556275903449,0.06496556275903449,0.06286991387605667,0.06286991387605667,1713672,0.0,0.0
2008-02-01 00:00:00+08:00,0.06496554526605243,0.06601336598396301,0.06391771766527105,0.06601336598396301,1636529,0.0,0.0
2008-02-04 00:00:00+08:00,0.06601336513239818,0.06915683412845033,0.06601336513239818,0.06706118583679199,4175629,0.0,0.0
2008-02-05 00:00:00+08:00,0.06706120022921734,0.06810902804136276,0.06601337929994408,0.06810902804136276,1040325,0.0,0.0
2008-02-06 00:00:00+08:00,0.06496554526605243,0.06601336598396301,0.06496554526605243,0.06601336598396301,1476733,0.0,0.0
2008-02-11 00:00:00+08:00,0.06601335929224737,0.06601335929224737,0.06496553868055344,0.06496553868055344,703101,0.0,0.0
2008-02-12 00:00:00+08:00,0.06391771684073982,0.06706118583679199,0.06391771684073982,0.06706118583679199,1929672,0.0,0.0
2008-02-13 00:00:00+08:00,0.06915683502056556,0.07020466262134695,0.06601336598396301,0.06601336598396301,2745181,0.0,0.0
2008-02-14 00:00:00+08:00,0.06810902804136276,0.06915684897063602,0.06706120022921734,0.06810902804136276,1937386,0.0,0.0
2008-02-15 00:00:00+08:00,0.0670611919605855,0.06915684044361115,0.06601337116050836,0.06915684044361115,1507590,0.0,0.0
2008-02-18 00:00:00+08:00,0.06915684740911522,0.0712524961032154,0.06810902650350115,0.07020467519760132,3689629,0.0,0.0
2008-02-19 00:00:00+08:00,0.07230031490325928,0.0764916117703937,0.07230031490325928,0.07230031490325928,9159054,0.0,0.0
2008-02-20 00:00:00+08:00,0.07230031660958526,0.07230031660958526,0.068109019643534,0.06915684044361115,1806243,0.0,0.0
2008-02-21 00:00:00+08:00,0.0712524961032154,0.0712524961032154,0.06810902650350115,0.07020467519760132,2088365,0.0,0.0
2008-02-22 00:00:00+08:00,0.07020466812655962,0.07020466812655962,0.06915684044361115,0.06915684044361115,478285,0.0,0.0
2008-02-25 00:00:00+08:00,0.07020467678278144,0.07020467678278144,0.06810902804136276,0.06810902804136276,849672,0.0,0.0
2008-02-26 00:00:00+08:00,0.06915683502056556,0.06915683502056556,0.06601336598396301,0.06601336598396301,1766570,0.0,0.0
2008-02-27 00:00:00+08:00,0.06601336513239818,0.06810901342405652,0.06601336513239818,0.06706118583679199,2974405,0.0,0.0
2008-02-28 00:00:00+08:00,0.06706117990394132,0.06706117990394132,0.06391771118598939,0.06496553868055344,1708162,0.0,0.0
2008-02-29 00:00:00+08:00,0.06496553868055344,0.06496553868055344,0.06286989057429546,0.06496553868055344,1131795,0.0,0.0
2008-03-03 00:00:00+08:00,0.06286989931167232,0.06286989931167232,0.0618220716714859,0.0618220716714859,1167060,0.0,0.0
2008-03-04 00:00:00+08:00,0.0618220716714859,0.06286989931167232,0.0618220716714859,0.0618220716714859,1515305,0.0,0.0
2008-03-05 00:00:00+08:00,0.06182208017060424,0.06182208017060424,0.06077425926923752,0.06077425926923752,827632,0.0,0.0
2008-03-06 00:00:00+08:00,0.06182207681230319,0.06286990453962177,0.05972642824053764,0.05972642824053764,1492162,0.0,0.0
2008-03-07 00:00:00+08:00,0.058678604662418365,0.058678604662418365,0.0576307804253508,0.058678604662418365,1229876,0.0,0.0
2008-03-10 00:00:00+08:00,0.05658295820242676,0.05658295820242676,0.054487309653694305,0.05553513392806053,1593549,0.0,0.0
2008-03-11 00:00:00+08:00,0.054487312570551755,0.057630785561929285,0.05343948824009258,0.05658296123147011,1730202,0.0,0.0
2008-03-12 00:00:00+08:00,0.05972643078141168,0.05972643078141168,0.05658296123147011,0.05658296123147011,1243101,0.0,0.0
2008-03-13 00:00:00+08:00,0.05658295573240818,0.05658295573240818,0.05343948304653168,0.05343948304653168,1245305,0.0,0.0
2008-03-14 00:00:00+08:00,0.05448730407738279,0.055535128244513135,0.050295776832688155,0.0523916557431221,3276364,0.0,0.0
2008-03-17 00:00:00+08:00,0.050295778237155725,0.050295778237155725,0.04924795404076576,0.04924795404076576,1255223,0.0,0.0
2008-03-18 00:00:00+08:00,0.04924795404076576,0.050295778237155725,0.047152305647985844,0.04924795404076576,1796325,0.0,0.0
2008-03-19 00:00:00+08:00,0.0502957795561328,0.0502957795561328,0.047152306884527206,0.047152306884527206,1063468,0.0,0.0
2008-03-20 00:00:00+08:00,0.04400884255447746,0.046104487794116425,0.04400884255447746,0.04505666345357895,2603018,0.0,0.0
2008-03-24 00:00:00+08:00,0.04610448145159588,0.04924795404076576,0.04610448145159588,0.04924795404076576,1511998,0.0,0.0
2008-03-25 00:00:00+08:00,0.050295779784468385,0.054487307275157174,0.04924795555584288,0.05343948304653168,3684119,0.0,0.0
2008-03-26 00:00:00+08:00,0.05343948304653168,0.05658295573240818,0.052391658817906174,0.05343948304653168,4124935,0.0,0.0
2008-03-27 00:00:00+08:00,0.05239166110496186,0.05553513392806053,0.05239166110496186,0.05553513392806053,869509,0.0,0.0
2008-03-28 00:00:00+08:00,0.05343948824009258,0.057630785561929285,0.05343948824009258,0.05658296123147011,3313834,0.0,0.0
2008-03-31 00:00:00+08:00,0.05448730407738279,0.05448730407738279,0.0523916557431221,0.0523916557431221,1044733,0.0,0.0
2008-04-01 00:00:00+08:00,0.05343948606218577,0.054487310349941254,0.05343948606218577,0.054487310349941254,644693,0.0,0.0
2008-04-02 00:00:00+08:00,0.05658295820242676,0.058678606751159205,0.05553513392806053,0.05553513392806053,3776691,0.0,0.0
2008-04-03 00:00:00+08:00,0.05553513392806053,0.05763078247679298,0.05553513392806053,0.05553513392806053,458448,0.0,0.0
2008-04-04 00:00:00+08:00,0.05658295820242676,0.05658295820242676,0.05553513392806053,0.05553513392806053,797876,0.0,0.0
2008-04-07 00:00:00+08:00,0.05553513690101093,0.05658296123147011,0.05553513690101093,0.05658296123147011,994040,0.0,0.0
2008-04-08 00:00:00+08:00,0.05658295820242676,0.05658295820242676,0.054487309653694305,0.05553513392806053,1238692,0.0,0.0
2008-04-09 00:00:00+08:00,0.05553513150378268,0.05553513150378268,0.05343948304653168,0.05343948304653168,1011672,0.0,0.0
2008-04-10 00:00:00+08:00,0.052391658817906174,0.05343948304653168,0.052391658817906174,0.05343948304653168,558734,0.0,0.0
2008-04-11 00:00:00+08:00,0.053439480633743486,0.058678601540325115,0.05239165645242716,0.05763077735900879,2169916,0.0,0.0
2008-04-14 00:00:00+08:00,0.05553513195121567,0.0607742531365535,0.05553513195121567,0.058678604662418365,6035873,0.0,0.0
2008-04-15 00:00:00+08:00,0.05972642228020598,0.05972642228020598,0.05658295317769246,0.05763077735900879,649101,0.0,0.0
2008-04-16 00:00:00+08:00,0.057630785561929285,0.05867860989238846,0.05658296123147011,0.05658296123147011,1284978,0.0,0.0
2008-04-17 00:00:00+08:00,0.05867860989238846,0.05867860989238846,0.05553513690101093,0.05658296123147011,500326,0.0,0.0
2008-04-18 00:00:00+08:00,0.05658296123147011,0.05658296123147011,0.05553513690101093,0.05658296123147011,281020,0.0,0.0
2008-04-21 00:00:00+08:00,0.057630785561929285,0.057630785561929285,0.05658296123147011,0.05658296123147011,951060,0.0,0.0
2008-04-22 00:00:00+08:00,0.05658295317769246,0.05763077735900879,0.05553512899637614,0.05763077735900879,865101,0.0,0.0
2008-04-23 00:00:00+08:00,0.05658295618828323,0.05972642545805028,0.05658295618828323,0.058678604662418365,4544812,0.0,0.0
2008-04-24 00:00:00+08:00,0.0597264314849988,0.06286990795484296,0.05867861058363208,0.06077425926923752,6295954,0.0,0.0
2008-04-25 00:00:00+08:00,0.06182208017060424,0.06286990795484296,0.0597264314849988,0.06077425926923752,2671344,0.0,0.0
2008-04-28 00:00:00+08:00,0.05972642824053764,0.05972642824053764,0.05867860739609068,0.05972642824053764,619346,0.0,0.0
2008-04-29 00:00:00+08:00,0.05867860989238846,0.05867860989238846,0.05658296123147011,0.05658296123147011,1057958,0.0,0.0
2008-04-30 00:00:00+08:00,0.05658296123147011,0.05867860989238846,0.05658296123147011,0.05658296123147011,757101,0.0,0.0
2008-05-02 00:00:00+08:00,0.058678601540325115,0.05972642228020598,0.05658295317769246,0.05763077735900879,1672896,0.0,0.0
2008-05-05 00:00:00+08:00,0.058678601540325115,0.058678601540325115,0.05763077735900879,0.05763077735900879,1390774,0.0,0.0
2008-05-06 00:00:00+08:00,0.0576307804253508,0.06182207393218541,0.0576307804253508,0.058678604662418365,3719385,0.0,0.0
2008-05-07 00:00:00+08:00,0.060774249902957767,0.060774249902957767,0.05763077735900879,0.05763077735900879,1702651,0.0,0.0
2008-05-08 00:00:00+08:00,0.0576307804253508,0.058678604662418365,0.0576307804253508,0.058678604662418365,931223,0.0,0.0
2008-05-09 00:00:00+08:00,0.05867860989238846,0.05867860989238846,0.05658296123147011,0.05658296123147011,991836,0.0,0.0
2008-05-12 00:00:00+08:00,0.05658295317769246,0.058678601540325115,0.05658295317769246,0.05763077735900879,1063468,0.0,0.0
2008-05-13 00:00:00+08:00,0.05763078247679298,0.05763078247679298,0.05553513392806053,0.05553513392806053,1120774,0.0,0.0
2008-05-14 00:00:00+08:00,0.05658296123147011,0.05658296123147011,0.05553513690101093,0.05658296123147011,767019,0.0,0.0
2008-05-15 00:00:00+08:00,0.05658296123147011,0.057630785561929285,0.05658296123147011,0.05658296123147011,1554978,0.0,0.0
2008-05-16 00:00:00+08:00,0.05763077735900879,0.05763077735900879,0.05658295317769246,0.05763077735900879,624856,0.0,0.0
2008-05-20 00:00:00+08:00,0.057630785561929285,0.057630785561929285,0.05658296123147011,0.05658296123147011,483795,0.0,0.0
2008-05-21 00:00:00+08:00,0.05553513690101093,0.05658296123147011,0.05553513690101093,0.05658296123147011,447428,0.0,0.0
2008-05-22 00:00:00+08:00,0.055535134637696736,0.055535134637696736,0.054487310349941254,0.054487310349941254,429795,0.0,0.0
2008-05-23 00:00:00+08:00,0.05553513392806053,0.05553513392806053,0.05553513392806053,0.05553513392806053,774734,0.0,0.0
2008-05-26 00:00:00+08:00,0.054487310349941254,0.055535134637696736,0.054487310349941254,0.054487310349941254,252367,0.0,0.0
2008-05-27 00:00:00+08:00,0.054487309653694305,0.05553513392806053,0.054487309653694305,0.05553513392806053,168612,0.0,0.0
2008-05-28 00:00:00+08:00,0.054487310349941254,0.054487310349941254,0.054487310349941254,0.054487310349941254,513550,0.0,0.0
2008-05-29 00:00:00+08:00,0.054487307275157174,0.054487307275157174,0.05343948304653168,0.05343948304653168,676652,0.0,0.0
2008-05-30 00:00:00+08:00,0.05343947991025244,0.05343947991025244,0.0523916557431221,0.0523916557431221,605019,0.0,0.0
2008-06-02 00:00:00+08:00,0.05343948304653168,0.05553513150378268,0.05343948304653168,0.05343948304653168,1424937,0.0,0.0
2008-06-03 00:00:00+08:00,0.05343948606218577,0.054487310349941254,0.0523916617744303,0.054487310349941254,308571,0.0,0.0
2008-06-04 00:00:00+08:00,0.05343948304653168,0.05343948304653168,0.05343948304653168,0.05343948304653168,235836,0.0,0.0
2008-06-05 00:00:00+08:00,0.054487310349941254,0.054487310349941254,0.054487310349941254,0.054487310349941254,141061,0.0,0.0
2008-06-06 00:00:00+08:00,0.054487307275157174,0.054487307275157174,0.05343948304653168,0.05343948304653168,342734,0.0,0.0
2008-06-09 00:00:00+08:00,0.05239165974566602,0.05239165974566602,0.05134360492229462,0.05134360492229462,650203,0.0,0.0
2008-06-10 00:00:00+08:00,0.052391657206115334,0.052391657206115334,0.04924795404076576,0.04924795404076576,585183,0.0,0.0
2008-06-11 00:00:00+08:00,0.05239166044260778,0.05239166044260778,0.04924795708305608,0.05029578134417534,425387,0.0,0.0
2008-06-12 00:00:00+08:00,0.04924795404076576,0.050295778237155725,0.0482001298443758,0.04924795404076576,312979,0.0,0.0
2008-06-13 00:00:00+08:00,0.050295778237155725,0.050295778237155725,0.0482001298443758,0.04924795404076576,284326,0.0,0.0
2008-06-16 00:00:00+08:00,0.050295778237155725,0.050295778237155725,0.04924795404076576,0.04924795404076576,249061,0.0,0.0
2008-06-17 00:00:00+08:00,0.05029578276956633,0.05029578276956633,0.04820013418793678,0.04820013418793678,336122,0.0,0.0
2008-06-18 00:00:00+08:00,0.04820013418793678,0.04924795847875156,0.04820013418793678,0.04820013418793678,214897,0.0,0.0
2008-06-19 00:00:00+08:00,0.04715230989712201,0.04820013418793678,0.04715230989712201,0.04820013418793678,385714,0.0,0.0
2008-06-20 00:00:00+08:00,0.04820013110839574,0.04820013110839574,0.047152306884527206,0.047152306884527206,236938,0.0,0.0
2008-06-23 00:00:00+08:00,0.04924795533226427,0.04924795533226427,0.046104482660658676,0.047152306884527206,130040,0.0,0.0
2008-06-24 00:00:00+08:00,0.047152315164863685,0.047152315164863685,0.046104490756988525,0.046104490756988525,296448,0.0,0.0
2008-06-25 00:00:00+08:00,0.046104482660658676,0.047152306884527206,0.046104482660658676,0.047152306884527206,115714,0.0,0.0
2008-06-26 00:00:00+08:00,0.04820013957273885,0.04820013957273885,0.041913196566924084,0.046104490756988525,383509,0.0,0.0
2008-06-27 00:00:00+08:00,0.04400884538267441,0.046104490756988525,0.04400884538267441,0.046104490756988525,484897,0.0,0.0
2008-06-30 00:00:00+08:00,0.04505665362946623,0.04505665362946623,0.042961008846759796,0.042961008846759796,440816,0.0,0.0
2008-07-01 00:00:00+08:00,0.04191318526864052,0.04400883351947963,0.04191318526864052,0.04191318526864052,607224,0.0,0.0
2008-07-02 00:00:00+08:00,0.041913193471594154,0.041913193471594154,0.04086536914110184,0.04086536914110184,663428,0.0,0.0
2008-07-03 00:00:00+08:00,0.04086537373659777,0.04086537373659777,0.03981754928827286,0.03981754928827286,649101,0.0,0.0
2008-07-04 00:00:00+08:00,0.03981754481060951,0.041913193471594154,0.03981754481060951,0.04086536914110184,493713,0.0,0.0
2008-07-07 00:00:00+08:00,0.04086536062261812,0.042961008846759796,0.04086536062261812,0.042961008846759796,564244,0.0,0.0
2008-07-08 00:00:00+08:00,0.04191318526864052,0.04191318526864052,0.04191318526864052,0.04191318526864052,431999,0.0,0.0
2008-07-09 00:00:00+08:00,0.04191318473468896,0.042961008846759796,0.04191318473468896,0.042961008846759796,627060,0.0,0.0
2008-07-10 00:00:00+08:00,0.04191318526864052,0.04191318526864052,0.04086536114322096,0.04191318526864052,350448,0.0,0.0
2008-07-11 00:00:00+08:00,0.04191318473468896,0.042961008846759796,0.04191318473468896,0.042961008846759796,407754,0.0,0.0
2008-07-14 00:00:00+08:00,0.04191318526864052,0.04296100939406007,0.04086536114322096,0.04191318526864052,366979,0.0,0.0
2008-07-15 00:00:00+08:00,0.041913193471594154,0.041913193471594154,0.04086536914110184,0.04086536914110184,153183,0.0,0.0
2008-07-16 00:00:00+08:00,0.04191318526864052,0.04191318526864052,0.04191318526864052,0.04191318526864052,82653,0.0,0.0
2008-07-17 00:00:00+08:00,0.04191318473468896,0.042961008846759796,0.04191318473468896,0.042961008846759796,204979,0.0,0.0
2008-07-18 00:00:00+08:00,0.04191318473468896,0.042961008846759796,0.04086536062261812,0.042961008846759796,101387,0.0,0.0
2008-07-21 00:00:00+08:00,0.04191318473468896,0.042961008846759796,0.04191318473468896,0.042961008846759796,212693,0.0,0.0
2008-07-22 00:00:00+08:00,0.04086536114322096,0.04296100939406007,0.04086536114322096,0.04191318526864052,72734,0.0,0.0
2008-07-23 00:00:00+08:00,0.04191318473468896,0.042961008846759796,0.04191318473468896,0.042961008846759796,235836,0.0,0.0
2008-07-24 00:00:00+08:00,0.04400883295883064,0.04505665362946623,0.042961008846759796,0.042961008846759796,501428,0.0,0.0
2008-07-25 00:00:00+08:00,0.041913187774059946,0.04400883615016937,0.041913187774059946,0.04400883615016937,59510,0.0,0.0
2008-07-28 00:00:00+08:00,0.042961008846759796,0.042961008846759796,0.042961008846759796,0.042961008846759796,187346,0.0,0.0
2008-07-29 00:00:00+08:00,0.04191318526864052,0.04191318526864052,0.04191318526864052,0.04191318526864052,190652,0.0,0.0
2008-07-30 00:00:00+08:00,0.04191318526864052,0.04191318526864052,0.04191318526864052,0.04191318526864052,111306,0.0,0.0
2008-07-31 00:00:00+08:00,0.04191318526864052,0.04296100939406007,0.04191318526864052,0.04191318526864052,229224,0.0,0.0
2008-08-01 00:00:00+08:00,0.041913187774059946,0.04400883615016937,0.041913187774059946,0.04400883615016937,195061,0.0,0.0
2008-08-04 00:00:00+08:00,0.04296100939406007,0.04296100939406007,0.04191318526864052,0.04191318526864052,79346,0.0,0.0
2008-08-05 00:00:00+08:00,0.041913193471594154,0.041913193471594154,0.04086536914110184,0.04086536914110184,154285,0.0,0.0
2008-08-06 00:00:00+08:00,0.041913193471594154,0.041913193471594154,0.04086536914110184,0.04086536914110184,196163,0.0,0.0
2008-08-07 00:00:00+08:00,0.04086537373659777,0.04191319818492269,0.03981754928827286,0.03981754928827286,234734,0.0,0.0
2008-08-08 00:00:00+08:00,0.04086536914110184,0.04086536914110184,0.03981754481060951,0.04086536914110184,213795,0.0,0.0
2008-08-11 00:00:00+08:00,0.03981753932862409,0.03981753932862409,0.037721890956163406,0.037721890956163406,145469,0.0,0.0
2008-08-12 00:00:00+08:00,0.038769714534282684,0.038769714534282684,0.038769714534282684,0.038769714534282684,231428,0.0,0.0
2008-08-13 00:00:00+08:00,0.03876971514239375,0.03876971514239375,0.037721890956163406,0.037721890956163406,241346,0.0,0.0
2008-08-14 00:00:00+08:00,0.037721890956163406,0.037721890956163406,0.03667406676993306,0.037721890956163406,185142,0.0,0.0
2008-08-15 00:00:00+08:00,0.037721890956163406,0.037721890956163406,0.03667406676993306,0.037721890956163406,355958,0.0,0.0
2008-08-18 00:00:00+08:00,0.0377218954133755,0.0377218954133755,0.03667407110333443,0.03667407110333443,135550,0.0,0.0
2008-08-19 00:00:00+08:00,0.03562624446331839,0.03562624446331839,0.03457842022180557,0.03457842022180557,343836,0.0,0.0
2008-08-20 00:00:00+08:00,0.03353060236823598,0.03562625125050545,0.03353060236823598,0.03562625125050545,397836,0.0,0.0
2008-08-21 00:00:00+08:00,0.034578414005099645,0.034578414005099645,0.03248276934027672,0.03248276934027672,639183,0.0,0.0
2008-08-22 00:00:00+08:00,0.033530592918395996,0.033530592918395996,0.03248277221400218,0.033530592918395996,319591,0.0,0.0
2008-08-25 00:00:00+08:00,0.033530592918395996,0.033530592918395996,0.03248277221400218,0.033530592918395996,35265,0.0,0.0
2008-08-26 00:00:00+08:00,0.032482781379517246,0.032482781379517246,0.03038713249653942,0.031434956938028336,257877,0.0,0.0
2008-08-27 00:00:00+08:00,0.031434956938028336,0.032482781379517246,0.031434956938028336,0.031434956938028336,480489,0.0,0.0
2008-08-28 00:00:00+08:00,0.03248276934027672,0.03353058995197066,0.03143494528714773,0.03248276934027672,668938,0.0,0.0
2008-08-29 00:00:00+08:00,0.03353059598029275,0.03457842022180557,0.03353059598029275,0.03457842022180557,445224,0.0,0.0
2008-09-01 00:00:00+08:00,0.03248276934027672,0.03248276934027672,0.03143494528714773,0.03248276934027672,201673,0.0,0.0
2008-09-02 00:00:00+08:00,0.03248276934027672,0.03353058995197066,0.03248276934027672,0.03248276934027672,81550,0.0,0.0
2008-09-03 00:00:00+08:00,0.03248276934027672,0.03353058995197066,0.03248276934027672,0.03248276934027672,77142,0.0,0.0
2008-09-04 00:00:00+08:00,0.031434956938028336,0.032482781379517246,0.031434956938028336,0.031434956938028336,104693,0.0,0.0
2008-09-05 00:00:00+08:00,0.031434956938028336,0.032482781379517246,0.03038713249653942,0.031434956938028336,1024897,0.0,0.0
2008-09-08 00:00:00+08:00,0.031434948068173006,0.033530592918395996,0.031434948068173006,0.033530592918395996,282122,0.0,0.0
2008-09-09 00:00:00+08:00,0.03353058995197066,0.03353058995197066,0.03248276934027672,0.03248276934027672,49591,0.0,0.0
2008-09-10 00:00:00+08:00,0.03038712963461876,0.03143495397742148,0.02933930529181604,0.03038712963461876,884938,0.0,0.0
2008-09-11 00:00:00+08:00,0.03038712963461876,0.03038712963461876,0.03038712963461876,0.03038712963461876,415469,0.0,0.0
2008-09-12 00:00:00+08:00,0.030387129276653407,0.031434953607112584,0.028291480615735054,0.028291480615735054,357060,0.0,0.0
2008-09-15 00:00:00+08:00,0.027243652252311172,0.027243652252311172,0.024099949150096844,0.025147773325443268,1115264,0.0,0.0
2008-09-16 00:00:00+08:00,0.02305212910933227,0.02409995347261429,0.02305212910933227,0.02409995347261429,1340080,0.0,0.0
2008-09-17 00:00:00+08:00,0.025147773325443268,0.026195828076964748,0.02305212497475042,0.025147773325443268,1596855,0.0,0.0
2008-09-18 00:00:00+08:00,0.02409995347261429,0.025147777835896307,0.02305212910933227,0.02409995347261429,238040,0.0,0.0
2008-09-19 00:00:00+08:00,0.025147773128257455,0.02619582787156105,0.024099948961127108,0.02619582787156105,1224366,0.0,0.0
2008-09-22 00:00:00+08:00,0.027243652252311172,0.027243652252311172,0.025147773325443268,0.025147773325443268,829836,0.0,0.0
2008-09-23 00:00:00+08:00,0.02619583088721515,0.027243655174970627,0.02619583088721515,0.027243655174970627,347142,0.0,0.0
2008-09-24 00:00:00+08:00,0.02619583088721515,0.028291479462726105,0.02619583088721515,0.027243655174970627,321795,0.0,0.0
2008-09-25 00:00:00+08:00,0.027243656285275877,0.028291480615735054,0.027243656285275877,0.028291480615735054,242448,0.0,0.0
2008-09-26 00:00:00+08:00,0.027243652038691394,0.027243652038691394,0.02619582787156105,0.02619582787156105,191754,0.0,0.0
2008-09-29 00:00:00+08:00,0.02619583088721515,0.028291479462726105,0.02619583088721515,0.027243655174970627,616040,0.0,0.0
2008-09-30 00:00:00+08:00,0.025147773325443268,0.027243652252311172,0.025147773325443268,0.025147773325443268,234734,0.0,0.0
2008-10-02 00:00:00+08:00,0.02619583088721515,0.027243655174970627,0.02619583088721515,0.027243655174970627,308571,0.0,0.0
2008-10-03 00:00:00+08:00,0.02619582787156105,0.027243652038691394,0.02619582787156105,0.02619582787156105,191754,0.0,0.0
2008-10-06 00:00:00+08:00,0.02619583088721515,0.027243655174970627,0.025147776023259873,0.027243655174970627,1170366,0.0,0.0
2008-10-07 00:00:00+08:00,0.02619582787156105,0.027243652038691394,0.02619582787156105,0.02619582787156105,281020,0.0,0.0
2008-10-08 00:00:00+08:00,0.02619583277539474,0.02619583277539474,0.02409995347261429,0.02409995347261429,1405101,0.0,0.0
2008-10-09 00:00:00+08:00,0.025147777835896307,0.025147777835896307,0.02305212910933227,0.02409995347261429,1450284,0.0,0.0
2008-10-10 00:00:00+08:00,0.022004300728440285,0.023052124900407485,0.020956478277190806,0.022004300728440285,748285,0.0,0.0
2008-10-13 00:00:00+08:00,0.023052124306559563,0.023052124306559563,0.020956477737329032,0.023052124306559563,751591,0.0,0.0
2008-10-14 00:00:00+08:00,0.023052124306559563,0.024099948451533664,0.023052124306559563,0.023052124306559563,1713672,0.0,0.0
2008-10-15 00:00:00+08:00,0.022004300728440285,0.023052124900407485,0.020956478277190806,0.022004300728440285,714121,0.0,0.0
2008-10-16 00:00:00+08:00,0.022004303456781626,0.022004303456781626,0.020956480875611305,0.020956480875611305,1083305,0.0,0.0
2008-10-17 00:00:00+08:00,0.022004303456781626,0.023052127758669883,0.020956480875611305,0.020956480875611305,473877,0.0,0.0
2008-10-20 00:00:00+08:00,0.022004300728440285,0.022004300728440285,0.022004300728440285,0.022004300728440285,512448,0.0,0.0
2008-10-21 00:00:00+08:00,0.023052127758669883,0.023052127758669883,0.020956480875611305,0.020956480875611305,1087713,0.0,0.0
2008-10-22 00:00:00+08:00,0.020956479676794267,0.02200430219802382,0.019908655434846878,0.019908655434846878,585183,0.0,0.0
2008-10-23 00:00:00+08:00,0.019908655434846878,0.020956479676794267,0.019908655434846878,0.019908655434846878,587387,0.0,0.0
2008-10-24 00:00:00+08:00,0.0199086581016798,0.020956482483986853,0.01886083371937275,0.01886083371937275,1267346,0.0,0.0
2008-10-27 00:00:00+08:00,0.01886083371937275,0.01886083371937275,0.01886083371937275,0.01886083371937275,0,0.0,0.0
2008-10-29 00:00:00+08:00,0.017813005738310482,0.01886082990892599,0.015717357397079468,0.015717357397079468,1747835,0.0,0.0
2008-10-30 00:00:00+08:00,0.016765180975198746,0.01781300510878323,0.016765180975198746,0.016765180975198746,1309223,0.0,0.0
2008-10-31 00:00:00+08:00,0.017813006415963173,0.017813006415963173,0.01676518220548573,0.017813006415963173,1091019,0.0,0.0
2008-11-03 00:00:00+08:00,0.018926319659760122,0.020039632903557075,0.017813006415963173,0.017813006415963173,1385264,0.004537,0.0
2008-11-04 00:00:00+08:00,0.018926321431102084,0.021152948127089215,0.018926321431102084,0.02003963477909565,2898365,0.0,0.0
2008-11-05 00:00:00+08:00,0.02226626039184858,0.02226626039184858,0.020039633804184893,0.02115294709801674,2506038,0.0,0.0
2008-11-06 00:00:00+08:00,0.020039633896489276,0.020039633896489276,0.01892632059752941,0.01892632059752941,1597958,0.0,0.0
2008-11-07 00:00:00+08:00,0.02003963477909565,0.021152948127089215,0.02003963477909565,0.02003963477909565,417673,0.0,0.0
2008-11-10 00:00:00+08:00,0.020039633896489276,0.02115294719544914,0.01892632059752941,0.01892632059752941,644693,0.0,0.0
2008-11-11 00:00:00+08:00,0.01892632059752941,0.01892632059752941,0.01892632059752941,0.01892632059752941,305265,0.0,0.0
2008-11-12 00:00:00+08:00,0.018926319659760122,0.018926319659760122,0.017813006415963173,0.017813006415963173,899264,0.0,0.0
2008-11-13 00:00:00+08:00,0.018926319659760122,0.018926319659760122,0.017813006415963173,0.017813006415963173,167510,0.0,0.0
2008-11-14 00:00:00+08:00,0.01892632059752941,0.01892632059752941,0.01892632059752941,0.01892632059752941,355958,0.0,0.0
2008-11-17 00:00:00+08:00,0.017813007298569546,0.01892632059752941,0.017813007298569546,0.01892632059752941,79346,0.0,0.0
2008-11-18 00:00:00+08:00,0.017813006415963173,0.018926319659760122,0.017813006415963173,0.017813006415963173,154285,0.0,0.0
2008-11-19 00:00:00+08:00,0.017813007298569546,0.01892632059752941,0.017813007298569546,0.01892632059752941,717428,0.0,0.0
2008-11-20 00:00:00+08:00,0.017813006415963173,0.018926319659760122,0.017813006415963173,0.017813006415963173,269999,0.0,0.0
2008-11-21 00:00:00+08:00,0.01892632059752941,0.01892632059752941,0.01892632059752941,0.01892632059752941,109101,0.0,0.0
2008-11-24 00:00:00+08:00,0.01892632059752941,0.01892632059752941,0.01892632059752941,0.01892632059752941,82653,0.0,0.0
2008-11-25 00:00:00+08:00,0.01892632059752941,0.01892632059752941,0.01892632059752941,0.01892632059752941,88163,0.0,0.0
2008-11-26 00:00:00+08:00,0.01892632059752941,0.01892632059752941,0.01892632059752941,0.01892632059752941,85959,0.0,0.0
2008-11-27 00:00:00+08:00,0.01892632059752941,0.01892632059752941,0.01892632059752941,0.01892632059752941,0,0.0,0.0
2008-11-28 00:00:00+08:00,0.018926321431102084,0.02003963477909565,0.018926321431102084,0.02003963477909565,41877,0.0,0.0
2008-12-01 00:00:00+08:00,0.017813007298569546,0.01892632059752941,0.017813007298569546,0.01892632059752941,84857,0.0,0.0
2008-12-02 00:00:00+08:00,0.017813007298569546,0.020039633896489276,0.017813007298569546,0.01892632059752941,19836,0.0,0.0
2008-12-03 00:00:00+08:00,0.01892632059752941,0.01892632059752941,0.01892632059752941,0.01892632059752941,116816,0.0,0.0
2008-12-04 00:00:00+08:00,0.01892632059752941,0.020039633896489276,0.01892632059752941,0.01892632059752941,135550,0.0,0.0
2008-12-05 00:00:00+08:00,0.018926321431102084,0.02003963477909565,0.018926321431102084,0.02003963477909565,44081,0.0,0.0
2008-12-09 00:00:00+08:00,0.01892632059752941,0.01892632059752941,0.01892632059752941,0.01892632059752941,25346,0.0,0.0
2008-12-10 00:00:00+08:00,0.01892632059752941,0.01892632059752941,0.01892632059752941,0.01892632059752941,7993096,0.0,0.0
2008-12-11 00:00:00+08:00,0.01892632059752941,0.01892632059752941,0.01892632059752941,0.01892632059752941,5588444,0.0,0.0
2008-12-12 00:00:00+08:00,0.017813006415963173,0.018926319659760122,0.017813006415963173,0.017813006415963173,1626611,0.0,0.0
2008-12-15 00:00:00+08:00,0.017813006415963173,0.017813006415963173,0.016699693172166224,0.017813006415963173,5031914,0.0,0.0
2008-12-16 00:00:00+08:00,0.017813006415963173,0.017813006415963173,0.016699693172166224,0.017813006415963173,538897,0.0,0.0
2008-12-17 00:00:00+08:00,0.016699692234396935,0.01781300541567591,0.016699692234396935,0.016699692234396935,1914243,0.0,0.0
2008-12-18 00:00:00+08:00,0.016699693172166224,0.017813006415963173,0.016699693172166224,0.017813006415963173,760407,0.0,0.0
2008-12-19 00:00:00+08:00,0.017813007298569546,0.020039633896489276,0.017813007298569546,0.01892632059752941,4682567,0.0,0.0
2008-12-22 00:00:00+08:00,0.01892632059752941,0.01892632059752941,0.01892632059752941,0.01892632059752941,589591,0.0,0.0
2008-12-23 00:00:00+08:00,0.017813006415963173,0.017813006415963173,0.017813006415963173,0.017813006415963173,622652,0.0,0.0
2008-12-24 00:00:00+08:00,0.017813006415963173,0.017813006415963173,0.017813006415963173,0.017813006415963173,17632,0.0,0.0
2008-12-26 00:00:00+08:00,0.017813006415963173,0.017813006415963173,0.017813006415963173,0.017813006415963173,450734,0.0,0.0
2008-12-29 00:00:00+08:00,0.017813006415963173,0.017813006415963173,0.017813006415963173,0.017813006415963173,770325,0.0,0.0
2008-12-30 00:00:00+08:00,0.017813006415963173,0.017813006415963173,0.017813006415963173,0.017813006415963173,481591,0.0,0.0
2008-12-31 00:00:00+08:00,0.017813006415963173,0.017813006415963173,0.016699693172166224,0.017813006415963173,122326,0.0,0.0
2009-01-02 00:00:00+08:00,0.017813007298569546,0.01892632059752941,0.017813007298569546,0.01892632059752941,826530,0.0,0.0
2009-01-05 00:00:00+08:00,0.02003963477909565,0.02003963477909565,0.02003963477909565,0.02003963477909565,2496120,0.0,0.0
2009-01-06 00:00:00+08:00,0.02003963477909565,0.02003963477909565,0.02003963477909565,0.02003963477909565,1077795,0.0,0.0
2009-01-07 00:00:00+08:00,0.02003963477909565,0.021152948127089215,0.02003963477909565,0.02003963477909565,2219508,0.0,0.0
2009-01-08 00:00:00+08:00,0.01892632059752941,0.01892632059752941,0.01892632059752941,0.01892632059752941,55102,0.0,0.0
2009-01-09 00:00:00+08:00,0.018926321431102084,0.02003963477909565,0.018926321431102084,0.02003963477909565,171918,0.0,0.0
2009-01-12 00:00:00+08:00,0.020039633896489276,0.020039633896489276,0.01892632059752941,0.01892632059752941,252367,0.0,0.0
2009-01-13 00:00:00+08:00,0.01892632059752941,0.01892632059752941,0.01892632059752941,0.01892632059752941,516856,0.0,0.0
2009-01-14 00:00:00+08:00,0.01892632059752941,0.01892632059752941,0.01892632059752941,0.01892632059752941,22040,0.0,0.0
2009-01-15 00:00:00+08:00,0.01892632059752941,0.01892632059752941,0.01892632059752941,0.01892632059752941,305265,0.0,0.0
2009-01-16 00:00:00+08:00,0.01892632059752941,0.01892632059752941,0.01892632059752941,0.01892632059752941,123428,0.0,0.0
2009-01-19 00:00:00+08:00,0.01892632059752941,0.01892632059752941,0.01892632059752941,0.01892632059752941,385714,0.0,0.0
2009-01-20 00:00:00+08:00,0.01892632059752941,0.01892632059752941,0.01892632059752941,0.01892632059752941,110204,0.0,0.0
2009-01-21 00:00:00+08:00,0.017813006415963173,0.017813006415963173,0.017813006415963173,0.017813006415963173,132244,0.0,0.0
2009-01-22 00:00:00+08:00,0.017813006415963173,0.018926319659760122,0.017813006415963173,0.017813006415963173,52897,0.0,0.0
2009-01-23 00:00:00+08:00,0.017813006415963173,0.017813006415963173,0.017813006415963173,0.017813006415963173,720734,0.0,0.0
2009-01-28 00:00:00+08:00,0.017813006415963173,0.017813006415963173,0.017813006415963173,0.017813006415963173,0,0.0,0.0
2009-01-29 00:00:00+08:00,0.017813006415963173,0.017813006415963173,0.017813006415963173,0.017813006415963173,33061,0.0,0.0
2009-01-30 00:00:00+08:00,0.017813006415963173,0.017813006415963173,0.017813006415963173,0.017813006415963173,292040,0.0,0.0
2009-02-02 00:00:00+08:00,0.017813007298569546,0.01892632059752941,0.017813007298569546,0.01892632059752941,242448,0.0,0.0
2009-02-03 00:00:00+08:00,0.017813006415963173,0.017813006415963173,0.017813006415963173,0.017813006415963173,119020,0.0,0.0
2009-02-04 00:00:00+08:00,0.017813006415963173,0.017813006415963173,0.017813006415963173,0.017813006415963173,115714,0.0,0.0
2009-02-05 00:00:00+08:00,0.017813006415963173,0.017813006415963173,0.017813006415963173,0.017813006415963173,0,0.0,0.0
2009-02-06 00:00:00+08:00,0.017813006415963173,0.017813006415963173,0.017813006415963173,0.017813006415963173,202775,0.0,0.0
2009-02-09 00:00:00+08:00,0.016699693172166224,0.017813006415963173,0.016699693172166224,0.017813006415963173,415469,0.0,0.0
2009-02-10 00:00:00+08:00,0.017813006415963173,0.017813006415963173,0.017813006415963173,0.017813006415963173,47387,0.0,0.0
2009-02-11 00:00:00+08:00,0.017813006415963173,0.017813006415963173,0.016699693172166224,0.017813006415963173,177428,0.0,0.0
2009-02-12 00:00:00+08:00,0.017813006415963173,0.017813006415963173,0.017813006415963173,0.017813006415963173,230326,0.0,0.0
2009-02-13 00:00:00+08:00,0.017813007298569546,0.01892632059752941,0.017813007298569546,0.01892632059752941,95877,0.0,0.0
2009-02-16 00:00:00+08:00,0.017813006415963173,0.017813006415963173,0.016699693172166224,0.017813006415963173,586285,0.0,0.0
2009-02-17 00:00:00+08:00,0.018926319659760122,0.018926319659760122,0.016699693172166224,0.017813006415963173,549917,0.0,0.0
2009-02-18 00:00:00+08:00,0.016699693172166224,0.017813006415963173,0.016699693172166224,0.017813006415963173,166408,0.0,0.0
2009-02-19 00:00:00+08:00,0.017813006415963173,0.017813006415963173,0.017813006415963173,0.017813006415963173,168612,0.0,0.0
2009-02-20 00:00:00+08:00,0.016699692234396935,0.016699692234396935,0.016699692234396935,0.016699692234396935,1680611,0.0,0.0
2009-02-23 00:00:00+08:00,0.01669969419303572,0.01669969419303572,0.01558638270944357,0.01558638270944357,575264,0.0,0.0
2009-02-24 00:00:00+08:00,0.01669969419303572,0.01669969419303572,0.01558638270944357,0.01558638270944357,1629917,0.0,0.0
2009-02-25 00:00:00+08:00,0.01558638270944357,0.01669969419303572,0.01558638270944357,0.01558638270944357,2769426,0.0,0.0
2009-02-26 00:00:00+08:00,0.01558638270944357,0.01558638270944357,0.01558638270944357,0.01558638270944357,289836,0.0,0.0
2009-02-27 00:00:00+08:00,0.01558638088138053,0.016699692234396935,0.01558638088138053,0.016699692234396935,573060,0.0,0.0
2009-03-02 00:00:00+08:00,0.01558638270944357,0.01558638270944357,0.01558638270944357,0.01558638270944357,275510,0.0,0.0
2009-03-03 00:00:00+08:00,0.01558638088138053,0.016699692234396935,0.01558638088138053,0.016699692234396935,805591,0.0,0.0
2009-03-04 00:00:00+08:00,0.016699692234396935,0.016699692234396935,0.016699692234396935,0.016699692234396935,992938,0.0,0.0
2009-03-05 00:00:00+08:00,0.016699692234396935,0.016699692234396935,0.016699692234396935,0.016699692234396935,654611,0.0,0.0
2009-03-06 00:00:00+08:00,0.016699692234396935,0.016699692234396935,0.016699692234396935,0.016699692234396935,376897,0.0,0.0
2009-03-09 00:00:00+08:00,0.016699692234396935,0.016699692234396935,0.01558638088138053,0.016699692234396935,376897,0.0,0.0
2009-03-10 00:00:00+08:00,0.01558638088138053,0.016699692234396935,0.01558638088138053,0.016699692234396935,1146121,0.0,0.0
2009-03-11 00:00:00+08:00,0.017813006415963173,0.017813006415963173,0.016699693172166224,0.017813006415963173,694285,0.0,0.0
2009-03-12 00:00:00+08:00,0.017813006415963173,0.017813006415963173,0.017813006415963173,0.017813006415963173,5510,0.0,0.0
2009-03-13 00:00:00+08:00,0.016699692234396935,0.016699692234396935,0.016699692234396935,0.016699692234396935,22040,0.0,0.0
2009-03-16 00:00:00+08:00,0.016699692234396935,0.016699692234396935,0.016699692234396935,0.016699692234396935,126734,0.0,0.0
2009-03-17 00:00:00+08:00,0.017813006415963173,0.017813006415963173,0.017813006415963173,0.017813006415963173,220408,0.0,0.0
2009-03-18 00:00:00+08:00,0.017813006415963173,0.017813006415963173,0.016699693172166224,0.017813006415963173,145469,0.0,0.0
2009-03-19 00:00:00+08:00,0.01781300541567591,0.01781300541567591,0.016699692234396935,0.016699692234396935,73836,0.0,0.0
2009-03-20 00:00:00+08:00,0.016699692234396935,0.016699692234396935,0.016699692234396935,0.016699692234396935,9918,0.0,0.0
2009-03-23 00:00:00+08:00,0.017813007298569546,0.01892632059752941,0.017813007298569546,0.01892632059752941,190652,0.0,0.0
2009-03-24 00:00:00+08:00,0.01892632059752941,0.01892632059752941,0.017813007298569546,0.01892632059752941,322897,0.0,0.0
2009-03-25 00:00:00+08:00,0.01892632059752941,0.01892632059752941,0.017813007298569546,0.01892632059752941,103591,0.0,0.0
2009-03-26 00:00:00+08:00,0.01892632059752941,0.01892632059752941,0.01892632059752941,0.01892632059752941,780244,0.0,0.0
2009-03-27 00:00:00+08:00,0.020039633896489276,0.020039633896489276,0.01892632059752941,0.01892632059752941,585183,0.0,0.0
2009-03-30 00:00:00+08:00,0.01892632059752941,0.01892632059752941,0.017813007298569546,0.01892632059752941,45183,0.0,0.0
2009-03-31 00:00:00+08:00,0.01892632059752941,0.020039633896489276,0.01892632059752941,0.01892632059752941,166408,0.0,0.0
2009-04-01 00:00:00+08:00,0.01892632059752941,0.01892632059752941,0.01892632059752941,0.01892632059752941,33061,0.0,0.0
2009-04-02 00:00:00+08:00,0.02003963477909565,0.02003963477909565,0.018926321431102084,0.02003963477909565,1195713,0.0,0.0
2009-04-03 00:00:00+08:00,0.02003963477909565,0.02003963477909565,0.018926321431102084,0.02003963477909565,3881384,0.0,0.0
2009-04-06 00:00:00+08:00,0.020039633804184893,0.02115294709801674,0.020039633804184893,0.02115294709801674,2704406,0.0,0.0
2009-04-07 00:00:00+08:00,0.021152948127089215,0.021152948127089215,0.02003963477909565,0.02003963477909565,568652,0.0,0.0
2009-04-08 00:00:00+08:00,0.02003963477909565,0.02003963477909565,0.02003963477909565,0.02003963477909565,253469,0.0,0.0
2009-04-09 00:00:00+08:00,0.02003963477909565,0.02003963477909565,0.02003963477909565,0.02003963477909565,308571,0.0,0.0
2009-04-13 00:00:00+08:00,0.02003963210343863,0.023379569873213768,0.02003963210343863,0.023379569873213768,2803589,0.0,0.0
2009-04-14 00:00:00+08:00,0.024492888836009925,0.03339964151382446,0.024492888836009925,0.03339964151382446,28863529,0.0,0.0
2009-04-15 00:00:00+08:00,0.03228632929563135,0.0367395796558538,0.031173015791444183,0.03562626615166664,18160517,0.0,0.0
2009-04-16 00:00:00+08:00,0.035626263985187666,0.037852890858157955,0.032286327332258224,0.032286327332258224,6724648,0.0,0.0
2009-04-17 00:00:00+08:00,0.03339963398337195,0.03339963398337195,0.030059694352448835,0.03117300756275654,1602366,0.0,0.0
2009-04-20 00:00:00+08:00,0.03117301389577308,0.032286327332258224,0.030059700459287936,0.032286327332258224,2653712,0.0,0.0
2009-04-21 00:00:00+08:00,0.030059694352448835,0.03117300756275654,0.02894638114214113,0.03117300756275654,1115264,0.0,0.0
2009-04-22 00:00:00+08:00,0.03117300756275654,0.03339963398337195,0.030059694352448835,0.03117300756275654,5125588,0.0,0.0
2009-04-23 00:00:00+08:00,0.030059694352448835,0.032286320773064245,0.030059694352448835,0.03117300756275654,2263590,0.0,0.0
2009-04-24 00:00:00+08:00,0.03005969524383545,0.031173008487157212,0.03005969524383545,0.03005969524383545,1420529,0.0,0.0
2009-04-27 00:00:00+08:00,0.030059695228884156,0.030059695228884156,0.025606197270613668,0.02783306874334812,2709916,0.0,0.0
2009-04-28 00:00:00+08:00,0.026719511521102645,0.026719511521102645,0.024492884951589845,0.025606198236346245,1547264,0.0,0.0
2009-04-29 00:00:00+08:00,0.025606199748792517,0.03005969813807446,0.025606199748792517,0.02894638478755951,4712323,0.0,0.0
2009-04-30 00:00:00+08:00,0.03005969524383545,0.03005969524383545,0.027833068757191923,0.03005969524383545,2411263,0.0,0.0
2009-05-01 00:00:00+08:00,0.03005969524383545,0.03005969524383545,0.03005969524383545,0.03005969524383545,0,0.0,0.0
2009-05-04 00:00:00+08:00,0.028946387022802795,0.032286327332258224,0.028946387022802795,0.032286327332258224,7518116,0.0,0.0
2009-05-05 00:00:00+08:00,0.032286327332258224,0.03339964076874337,0.030059700459287936,0.032286327332258224,5336077,0.0,0.0
2009-05-06 00:00:00+08:00,0.03228632929563135,0.03785289316004097,0.031173015791444183,0.03562626615166664,16818232,0.0,0.0
2009-05-07 00:00:00+08:00,0.0367395796558538,0.0367395796558538,0.03339964279981852,0.03562626615166664,6168117,0.0,0.0
2009-05-08 00:00:00+08:00,0.03451294644178099,0.03896619552946814,0.033399633255727916,0.036739569157361984,15624723,0.0,0.0
2009-05-11 00:00:00+08:00,0.03785288023513008,0.03896619335917516,0.034512944519519806,0.034512944519519806,6688280,0.0,0.0
2009-05-12 00:00:00+08:00,0.03339964279981852,0.03562626615166664,0.03339964279981852,0.03562626615166664,1835998,0.0,0.0
2009-05-13 00:00:00+08:00,0.036739569157361984,0.03896619552946814,0.036739569157361984,0.036739569157361984,8425095,0.0,0.0
2009-05-14 00:00:00+08:00,0.036739569157361984,0.036739569157361984,0.035626255971308904,0.036739569157361984,2450936,0.0,0.0
2009-05-15 00:00:00+08:00,0.03562626615166664,0.03785289316004097,0.03451295630400568,0.03562626615166664,6720239,0.0,0.0
2009-05-18 00:00:00+08:00,0.03339964151382446,0.03451295497514546,0.03228632805250346,0.03339964151382446,2686773,0.0,0.0
2009-05-19 00:00:00+08:00,0.03451294644178099,0.036739569157361984,0.03451294644178099,0.036739569157361984,4052201,0.0,0.0
2009-05-20 00:00:00+08:00,0.036739573739319145,0.041192827038916656,0.036739573739319145,0.03785288706421852,20796596,0.0,0.0
2009-05-21 00:00:00+08:00,0.03785288234341506,0.03896619552946814,0.035626255971308904,0.036739569157361984,3944201,0.0,0.0
2009-05-22 00:00:00+08:00,0.036739573739319145,0.03785288706421852,0.03562626041441976,0.03785288706421852,1517509,0.0,0.0
2009-05-25 00:00:00+08:00,0.03785288427755526,0.03896619752049446,0.03673957103461606,0.03896619752049446,3496772,0.0,0.0
2009-05-26 00:00:00+08:00,0.03896619552946814,0.03896619552946814,0.036739569157361984,0.036739569157361984,3256528,0.0,0.0
2009-05-27 00:00:00+08:00,0.03785288427755526,0.04007951076343366,0.03785288427755526,0.03896619752049446,13731418,0.0,0.0
2009-05-28 00:00:00+08:00,0.03896620122221708,0.050099331052712075,0.03785288787351501,0.04898601770401001,59556445,0.0,0.0
2009-05-29 00:00:00+08:00,0.05009932135891852,0.051212634492203944,0.04453275934901638,0.046759385615587234,21730024,0.0,0.0
2009-06-01 00:00:00+08:00,0.04675939196353275,0.05232595472913841,0.04675939196353275,0.05009932816028595,22002228,0.0,0.0
2009-06-02 00:00:00+08:00,0.051212634492203944,0.051212634492203944,0.045646072482301805,0.046759385615587234,8868115,0.0,0.0
2009-06-03 00:00:00+08:00,0.046759386572323494,0.050099322383992666,0.046759386572323494,0.047872696071863174,11801746,0.0,0.0
2009-06-04 00:00:00+08:00,0.047872696071863174,0.047872696071863174,0.046759386572323494,0.047872696071863174,4003711,0.0,0.0
2009-06-05 00:00:00+08:00,0.04787270180695265,0.04787270180695265,0.04564607888460159,0.04564607888460159,3926568,0.0,0.0
2009-06-08 00:00:00+08:00,0.045646078047120814,0.045646078047120814,0.0400795117020607,0.0400795117020607,7726402,0.0,0.0
2009-06-09 00:00:00+08:00,0.041192830375409134,0.042306143790483475,0.0400795169603348,0.042306143790483475,6054607,0.0,0.0
2009-06-10 00:00:00+08:00,0.0423061346297382,0.045646074151748484,0.0423061346297382,0.044532760977745056,7849830,0.0,0.0
2009-06-11 00:00:00+08:00,0.04453276376515749,0.04453276376515749,0.04230613727778074,0.043419450521469116,2828936,0.0,0.0
2009-06-12 00:00:00+08:00,0.043419452470977955,0.043419452470977955,0.04119282588362694,0.04119282588362694,1946202,0.0,0.0
2009-06-15 00:00:00+08:00,0.041192824971072725,0.042306138240084744,0.0400795117020607,0.0400795117020607,2056406,0.0,0.0
2009-06-16 00:00:00+08:00,0.03896619752049446,0.03896619752049446,0.03673957103461606,0.03896619752049446,3033916,0.0,0.0
2009-06-17 00:00:00+08:00,0.037852885164036655,0.042306138240084744,0.037852885164036655,0.0400795117020607,5059465,0.0,0.0
2009-06-18 00:00:00+08:00,0.04007951371401728,0.04007951371401728,0.03785288706421852,0.03785288706421852,1420529,0.0,0.0
2009-06-19 00:00:00+08:00,0.03896619843304868,0.041192824971072725,0.03896619843304868,0.0400795117020607,2543508,0.0,0.0
2009-06-22 00:00:00+08:00,0.04007951076343366,0.04119282400637286,0.03896619752049446,0.03896619752049446,1971549,0.0,0.0
2009-06-23 00:00:00+08:00,0.03896619752049446,0.03896619752049446,0.03785288427755526,0.03896619752049446,1471223,0.0,0.0
2009-06-24 00:00:00+08:00,0.03896619843304868,0.0400795117020607,0.03896619843304868,0.0400795117020607,2077345,0.0,0.0
2009-06-25 00:00:00+08:00,0.040079512589951426,0.04230613917730244,0.040079512589951426,0.04119282588362694,6354362,0.0,0.0
2009-06-26 00:00:00+08:00,0.04119282588362694,0.04119282588362694,0.040079512589951426,0.04119282588362694,1227672,0.0,0.0
2009-06-29 00:00:00+08:00,0.040079512589951426,0.04119282588362694,0.03896619929627592,0.04119282588362694,613836,0.0,0.0
2009-06-30 00:00:00+08:00,0.0400795117020607,0.0400795117020607,0.0400795117020607,0.0400795117020607,418775,0.0,0.0
2009-07-01 00:00:00+08:00,0.03896619752049446,0.03896619752049446,0.03896619752049446,0.03896619752049446,1011672,0.0,0.0
2009-07-02 00:00:00+08:00,0.0400795117020607,0.041192824971072725,0.03896619843304868,0.0400795117020607,3321548,0.0,0.0
2009-07-03 00:00:00+08:00,0.03896619752049446,0.03896619752049446,0.03896619752049446,0.03896619752049446,383509,0.0,0.0
2009-07-06 00:00:00+08:00,0.03896619752049446,0.03896619752049446,0.03785288427755526,0.03896619752049446,327305,0.0,0.0
2009-07-07 00:00:00+08:00,0.03896619752049446,0.04119282400637286,0.03896619752049446,0.03896619752049446,1565998,0.0,0.0
2009-07-08 00:00:00+08:00,0.038966200389117904,0.038966200389117904,0.036739573739319145,0.03785288706421852,2573263,0.0,0.0
2009-07-09 00:00:00+08:00,0.03785288706421852,0.038966200389117904,0.03785288706421852,0.03785288706421852,1716978,0.0,0.0
2009-07-10 00:00:00+08:00,0.03785288706421852,0.03785288706421852,0.036739573739319145,0.03785288706421852,347142,0.0,0.0
2009-07-13 00:00:00+08:00,0.03562626615166664,0.03562626615166664,0.03451295630400568,0.03562626615166664,1330162,0.0,0.0
2009-07-14 00:00:00+08:00,0.036739569157361984,0.036739569157361984,0.036739569157361984,0.036739569157361984,1180284,0.0,0.0
2009-07-15 00:00:00+08:00,0.037852885164036655,0.041192824971072725,0.037852885164036655,0.0400795117020607,9377258,0.0,0.0
2009-07-16 00:00:00+08:00,0.041192824971072725,0.042306138240084744,0.03896619843304868,0.0400795117020607,4220813,0.0,0.0
2009-07-17 00:00:00+08:00,0.04119282588362694,0.04119282588362694,0.03896619929627592,0.04119282588362694,3947507,0.0,0.0
2009-07-20 00:00:00+08:00,0.0423061346297382,0.044532760977745056,0.041192821455734774,0.044532760977745056,8989340,0.0,0.0
2009-07-21 00:00:00+08:00,0.044532760977745056,0.045646074151748484,0.04341944780374163,0.044532760977745056,7099341,0.0,0.0
2009-07-22 00:00:00+08:00,0.04453276376515749,0.04564607700884586,0.043419450521469116,0.043419450521469116,5401098,0.0,0.0
2009-07-23 00:00:00+08:00,0.04341945230572504,0.04564607888460159,0.04341945230572504,0.04564607888460159,3846119,0.0,0.0
2009-07-24 00:00:00+08:00,0.046759394663131566,0.04898601770401001,0.045646081314429494,0.04898601770401001,10645706,0.0,0.0
2009-07-27 00:00:00+08:00,0.050099331052712075,0.05121264440141415,0.04787270435530794,0.04898601770401001,12168725,0.0,0.0
2009-07-28 00:00:00+08:00,0.04898601770401001,0.050099331052712075,0.046759394663131566,0.04898601770401001,4674853,0.0,0.0
2009-07-29 00:00:00+08:00,0.04787269509234767,0.04787269509234767,0.04453275934901638,0.046759385615587234,4975710,0.0,0.0
2009-07-30 00:00:00+08:00,0.04453275934901638,0.046759385615587234,0.04453275934901638,0.046759385615587234,2360569,0.0,0.0
2009-07-31 00:00:00+08:00,0.047872696071863174,0.050099322383992666,0.046759386572323494,0.047872696071863174,6283832,0.0,0.0
2009-08-03 00:00:00+08:00,0.047872696071863174,0.04898600922792792,0.046759386572323494,0.047872696071863174,5315138,0.0,0.0
2009-08-04 00:00:00+08:00,0.05009932135891852,0.05009932135891852,0.046759385615587234,0.046759385615587234,8203585,0.0,0.0
2009-08-05 00:00:00+08:00,0.04787269509234767,0.04787269509234767,0.045646072482301805,0.046759385615587234,2174324,0.0,0.0
2009-08-06 00:00:00+08:00,0.046759386572323494,0.047872696071863174,0.045646073416258745,0.047872696071863174,1415019,0.0,0.0
2009-08-07 00:00:00+08:00,0.04675939217403988,0.04675939217403988,0.044532765595163316,0.04564607888460159,1422733,0.0,0.0
2009-08-11 00:00:00+08:00,0.046759385615587234,0.046759385615587234,0.046759385615587234,0.046759385615587234,2708814,0.0,0.0
2009-08-12 00:00:00+08:00,0.04564607888460159,0.04675939217403988,0.044532765595163316,0.04564607888460159,2003508,0.0,0.0
2009-08-13 00:00:00+08:00,0.046759385615587234,0.04787269509234767,0.046759385615587234,0.046759385615587234,3481344,0.0,0.0
2009-08-14 00:00:00+08:00,0.047872696071863174,0.047872696071863174,0.046759386572323494,0.047872696071863174,2703304,0.0,0.0
2009-08-17 00:00:00+08:00,0.04787269684323022,0.04787269684323022,0.044532760977745056,0.044532760977745056,2265794,0.0,0.0
2009-08-18 00:00:00+08:00,0.045646072482301805,0.046759385615587234,0.04453275934901638,0.046759385615587234,1793019,0.0,0.0
2009-08-19 00:00:00+08:00,0.04787270180695265,0.04787270180695265,0.044532765595163316,0.04564607888460159,2037671,0.0,0.0
2009-08-20 00:00:00+08:00,0.045646073416258745,0.050099322383992666,0.045646073416258745,0.047872696071863174,13148439,0.0,0.0
2009-08-21 00:00:00+08:00,0.04898600822563309,0.04898600822563309,0.046759385615587234,0.046759385615587234,1481141,0.0,0.0
2009-08-24 00:00:00+08:00,0.04898601770401001,0.04898601770401001,0.04787270435530794,0.04898601770401001,1953916,0.0,0.0
2009-08-25 00:00:00+08:00,0.04898601770401001,0.04898601770401001,0.04787270435530794,0.04898601770401001,2450936,0.0,0.0
2009-08-26 00:00:00+08:00,0.04898600922792792,0.04898600922792792,0.047872696071863174,0.047872696071863174,3125385,0.0,0.0
2009-08-27 00:00:00+08:00,0.04787270435530794,0.050099331052712075,0.04787270435530794,0.04898601770401001,3123181,0.0,0.0
2009-08-28 00:00:00+08:00,0.05009932816028595,0.05121264144471218,0.04898601487585972,0.05009932816028595,2795875,0.0,0.0
2009-08-31 00:00:00+08:00,0.050099322383992666,0.050099322383992666,0.047872696071863174,0.047872696071863174,3274160,0.0,0.0
2009-09-01 00:00:00+08:00,0.047872696071863174,0.047872696071863174,0.046759386572323494,0.047872696071863174,1906529,0.0,0.0
2009-09-02 00:00:00+08:00,0.04787269509234767,0.04787269509234767,0.045646072482301805,0.046759385615587234,1507590,0.0,0.0
2009-09-03 00:00:00+08:00,0.046759386572323494,0.047872696071863174,0.046759386572323494,0.047872696071863174,986325,0.0,0.0
2009-09-04 00:00:00+08:00,0.04787270180695265,0.04787270180695265,0.04564607888460159,0.04564607888460159,1401794,0.0,0.0
2009-09-07 00:00:00+08:00,0.046759386572323494,0.04898600922792792,0.046759386572323494,0.047872696071863174,3757956,0.0,0.0
2009-09-08 00:00:00+08:00,0.047872696071863174,0.047872696071863174,0.046759386572323494,0.047872696071863174,887142,0.0,0.0
2009-09-09 00:00:00+08:00,0.04898600922792792,0.04898600922792792,0.047872696071863174,0.047872696071863174,946652,0.0,0.0
2009-09-10 00:00:00+08:00,0.047872696071863174,0.047872696071863174,0.046759386572323494,0.047872696071863174,1027101,0.0,0.0
2009-09-11 00:00:00+08:00,0.04787269509234767,0.04787269509234767,0.046759385615587234,0.046759385615587234,611632,0.0,0.0
2009-09-14 00:00:00+08:00,0.04675939217403988,0.04675939217403988,0.044532765595163316,0.04564607888460159,2964487,0.0,0.0
2009-09-15 00:00:00+08:00,0.045646072482301805,0.046759385615587234,0.04453275934901638,0.046759385615587234,1355509,0.0,0.0
2009-09-16 00:00:00+08:00,0.04675939217403988,0.04675939217403988,0.04564607888460159,0.04564607888460159,2085059,0.0,0.0
2009-09-17 00:00:00+08:00,0.04675939217403988,0.04675939217403988,0.044532765595163316,0.04564607888460159,809999,0.0,0.0
2009-09-18 00:00:00+08:00,0.044532765595163316,0.04564607888460159,0.044532765595163316,0.04564607888460159,779142,0.0,0.0
2009-09-21 00:00:00+08:00,0.04564607888460159,0.04564607888460159,0.04564607888460159,0.04564607888460159,0,0.0,0.0
2009-09-22 00:00:00+08:00,0.04564607888460159,0.04564607888460159,0.044532765595163316,0.04564607888460159,471673,0.0,0.0
2009-09-23 00:00:00+08:00,0.045646073416258745,0.047872696071863174,0.045646073416258745,0.047872696071863174,3712772,0.0,0.0
2009-09-24 00:00:00+08:00,0.04675939217403988,0.04675939217403988,0.04564607888460159,0.04564607888460159,643591,0.0,0.0
2009-09-25 00:00:00+08:00,0.045646072482301805,0.04787269509234767,0.045646072482301805,0.046759385615587234,2515957,0.0,0.0
2009-09-28 00:00:00+08:00,0.046759385615587234,0.046759385615587234,0.045646072482301805,0.046759385615587234,1238692,0.0,0.0
2009-09-29 00:00:00+08:00,0.04787269509234767,0.04787269509234767,0.045646072482301805,0.046759385615587234,1624406,0.0,0.0
2009-09-30 00:00:00+08:00,0.04675939217403988,0.04675939217403988,0.04564607888460159,0.04564607888460159,1068978,0.0,0.0
2009-10-01 00:00:00+08:00,0.04564607888460159,0.04675939217403988,0.04564607888460159,0.04564607888460159,3008569,0.0,0.0
2009-10-02 00:00:00+08:00,0.04453276376515749,0.04564607700884586,0.043419450521469116,0.043419450521469116,1751141,0.0,0.0
2009-10-05 00:00:00+08:00,0.043419457205557815,0.043419457205557815,0.041192830375409134,0.042306143790483475,1781998,0.0,0.0
2009-10-06 00:00:00+08:00,0.043419450521469116,0.043419450521469116,0.04230613727778074,0.043419450521469116,602815,0.0,0.0
2009-10-07 00:00:00+08:00,0.043419457205557815,0.044532770620632156,0.042306143790483475,0.042306143790483475,650203,0.0,0.0
2009-10-08 00:00:00+08:00,0.04230613727778074,0.043419450521469116,0.04230613727778074,0.043419450521469116,336122,0.0,0.0
2009-10-09 00:00:00+08:00,0.043419450521469116,0.043419450521469116,0.043419450521469116,0.043419450521469116,485999,0.0,0.0
2009-10-12 00:00:00+08:00,0.04341944780374163,0.044532760977745056,0.04341944780374163,0.044532760977745056,536693,0.0,0.0
2009-10-13 00:00:00+08:00,0.044532760977745056,0.045646074151748484,0.044532760977745056,0.044532760977745056,1570407,0.0,0.0
2009-10-14 00:00:00+08:00,0.045646074151748484,0.045646074151748484,0.044532760977745056,0.044532760977745056,315183,0.0,0.0
2009-10-15 00:00:00+08:00,0.04564607888460159,0.04564607888460159,0.044532765595163316,0.04564607888460159,783550,0.0,0.0
2009-10-16 00:00:00+08:00,0.04564607888460159,0.04564607888460159,0.044532765595163316,0.04564607888460159,314081,0.0,0.0
2009-10-19 00:00:00+08:00,0.044532765595163316,0.04564607888460159,0.044532765595163316,0.04564607888460159,232530,0.0,0.0
2009-10-20 00:00:00+08:00,0.04564607888460159,0.04564607888460159,0.044532765595163316,0.04564607888460159,459550,0.0,0.0
2009-10-21 00:00:00+08:00,0.044532760977745056,0.044532760977745056,0.044532760977745056,0.044532760977745056,468367,0.0,0.0
2009-10-22 00:00:00+08:00,0.04453276376515749,0.04453276376515749,0.043419450521469116,0.043419450521469116,156489,0.0,0.0
2009-10-23 00:00:00+08:00,0.044532765595163316,0.04564607888460159,0.044532765595163316,0.04564607888460159,195061,0.0,0.0
2009-10-26 00:00:00+08:00,0.044532765595163316,0.04564607888460159,0.044532765595163316,0.04564607888460159,374693,0.0,0.0
2009-10-27 00:00:00+08:00,0.04341944780374163,0.044532760977745056,0.04341944780374163,0.044532760977745056,245754,0.0,0.0
2009-10-28 00:00:00+08:00,0.043419450521469116,0.04453276376515749,0.043419450521469116,0.043419450521469116,311877,0.0,0.0
2009-10-29 00:00:00+08:00,0.043419457205557815,0.043419457205557815,0.042306143790483475,0.042306143790483475,605019,0.0,0.0
2009-10-30 00:00:00+08:00,0.043419457205557815,0.043419457205557815,0.042306143790483475,0.042306143790483475,138857,0.0,0.0
2009-11-02 00:00:00+08:00,0.042306143790483475,0.042306143790483475,0.042306143790483475,0.042306143790483475,544407,0.0,0.0
2009-11-03 00:00:00+08:00,0.04287034135386546,0.04287034135386546,0.04061402007937431,0.04061402007937431,678856,0.002269,0.0
2009-11-04 00:00:00+08:00,0.039485864341259,0.040614025118478884,0.039485864341259,0.039485864341259,584081,0.0,0.0
2009-11-05 00:00:00+08:00,0.04061402007937431,0.04061402007937431,0.03948585944212874,0.04061402007937431,528979,0.0,0.0
2009-11-06 00:00:00+08:00,0.04061402007937431,0.041742180716619885,0.04061402007937431,0.04061402007937431,154285,0.0,0.0
2009-11-09 00:00:00+08:00,0.03948585944212874,0.04061402007937431,0.03948585944212874,0.04061402007937431,214897,0.0,0.0
2009-11-10 00:00:00+08:00,0.040614011688044876,0.041742172092199326,0.03948585128389043,0.041742172092199326,337224,0.0,0.0
2009-11-11 00:00:00+08:00,0.03948585128389043,0.041742172092199326,0.03948585128389043,0.041742172092199326,110204,0.0,0.0
2009-11-12 00:00:00+08:00,0.040614025118478884,0.040614025118478884,0.039485864341259,0.039485864341259,800081,0.0,0.0
2009-11-13 00:00:00+08:00,0.03948585944212874,0.04061402007937431,0.03948585944212874,0.04061402007937431,408856,0.0,0.0
2009-11-17 00:00:00+08:00,0.041742180716619885,0.04287034135386546,0.04061402007937431,0.04061402007937431,308571,0.0,0.0
2009-11-18 00:00:00+08:00,0.041742172092199326,0.041742172092199326,0.040614011688044876,0.041742172092199326,149877,0.0,0.0
2009-11-19 00:00:00+08:00,0.040614011688044876,0.041742172092199326,0.040614011688044876,0.041742172092199326,230326,0.0,0.0
2009-11-20 00:00:00+08:00,0.040614011688044876,0.041742172092199326,0.040614011688044876,0.041742172092199326,80448,0.0,0.0
2009-11-23 00:00:00+08:00,0.040614025118478884,0.041742185895698766,0.039485864341259,0.039485864341259,297550,0.0,0.0
2009-11-24 00:00:00+08:00,0.04061402007937431,0.04061402007937431,0.04061402007937431,0.04061402007937431,53999,0.0,0.0
2009-11-25 00:00:00+08:00,0.040614011688044876,0.041742172092199326,0.040614011688044876,0.041742172092199326,47387,0.0,0.0
2009-11-26 00:00:00+08:00,0.041742185895698766,0.041742185895698766,0.039485864341259,0.039485864341259,132244,0.0,0.0
2009-11-30 00:00:00+08:00,0.04061402007937431,0.04061402007937431,0.04061402007937431,0.04061402007937431,11020,0.0,0.0
2009-12-01 00:00:00+08:00,0.040614011688044876,0.041742172092199326,0.03948585128389043,0.041742172092199326,263387,0.0,0.0
2009-12-02 00:00:00+08:00,0.040614011688044876,0.041742172092199326,0.040614011688044876,0.041742172092199326,11020,0.0,0.0
2009-12-03 00:00:00+08:00,0.04061402007937431,0.04061402007937431,0.04061402007937431,0.04061402007937431,40775,0.0,0.0
2009-12-04 00:00:00+08:00,0.040614025118478884,0.040614025118478884,0.039485864341259,0.039485864341259,149877,0.0,0.0
2009-12-07 00:00:00+08:00,0.03948585944212874,0.041742180716619885,0.03948585944212874,0.04061402007937431,156489,0.0,0.0
2009-12-08 00:00:00+08:00,0.03948585944212874,0.04061402007937431,0.03948585944212874,0.04061402007937431,304163,0.0,0.0
2009-12-09 00:00:00+08:00,0.040614011688044876,0.041742172092199326,0.03948585128389043,0.041742172092199326,417673,0.0,0.0
2009-12-10 00:00:00+08:00,0.04061402007937431,0.04061402007937431,0.03948585944212874,0.04061402007937431,187346,0.0,0.0
2009-12-11 00:00:00+08:00,0.04061402007937431,0.04061402007937431,0.03948585944212874,0.04061402007937431,276612,0.0,0.0
2009-12-14 00:00:00+08:00,0.04061402007937431,0.041742180716619885,0.04061402007937431,0.04061402007937431,381305,0.0,0.0
2009-12-15 00:00:00+08:00,0.04061402007937431,0.04061402007937431,0.04061402007937431,0.04061402007937431,273305,0.0,0.0
2009-12-16 00:00:00+08:00,0.041742180716619885,0.041742180716619885,0.04061402007937431,0.04061402007937431,180734,0.0,0.0
2009-12-17 00:00:00+08:00,0.040614025118478884,0.040614025118478884,0.039485864341259,0.039485864341259,214897,0.0,0.0
2009-12-18 00:00:00+08:00,0.03948585944212874,0.04061402007937431,0.03948585944212874,0.04061402007937431,93673,0.0,0.0
2009-12-21 00:00:00+08:00,0.04061402007937431,0.04061402007937431,0.03948585944212874,0.04061402007937431,419877,0.0,0.0
2009-12-22 00:00:00+08:00,0.04061402007937431,0.04061402007937431,0.03948585944212874,0.04061402007937431,136652,0.0,0.0
2009-12-23 00:00:00+08:00,0.03948585944212874,0.04061402007937431,0.03948585944212874,0.04061402007937431,11020,0.0,0.0
2009-12-28 00:00:00+08:00,0.04061402007937431,0.04061402007937431,0.04061402007937431,0.04061402007937431,190652,0.0,0.0
2009-12-29 00:00:00+08:00,0.04061402007937431,0.041742180716619885,0.04061402007937431,0.04061402007937431,242448,0.0,0.0
2009-12-30 00:00:00+08:00,0.041742172092199326,0.041742172092199326,0.040614011688044876,0.041742172092199326,904774,0.0,0.0
2010-01-04 00:00:00+08:00,0.04174218090994059,0.04399850219488144,0.04174218090994059,0.04399850219488144,1528529,0.0,0.0
2010-01-05 00:00:00+08:00,0.04512666165828705,0.04738298288427497,0.04512666165828705,0.04512666165828705,4544812,0.0,0.0
2010-01-06 00:00:00+08:00,0.046254822271281006,0.046254822271281006,0.04399850104529309,0.04512666165828705,1048040,0.0,0.0
2010-01-07 00:00:00+08:00,0.04399850104529309,0.04512666165828705,0.04399850104529309,0.04512666165828705,462856,0.0,0.0
2010-01-08 00:00:00+08:00,0.04512666417116732,0.04738298552279859,0.04512666417116732,0.046254824846982956,2693385,0.0,0.0
2010-01-11 00:00:00+08:00,0.04625482606676035,0.0518956258893013,0.04625482606676035,0.0518956258893013,5963138,0.0,0.0
2010-01-12 00:00:00+08:00,0.0530237723288029,0.0541519327308371,0.0507674515247345,0.0507674515247345,21461126,0.0,0.0
2010-01-13 00:00:00+08:00,0.04963930829131257,0.04963930829131257,0.04851114749908447,0.04851114749908447,1493264,0.0,0.0
2010-01-14 00:00:00+08:00,0.049639291122700296,0.0518956119267687,0.048511130720666096,0.0507674515247345,1733508,0.0,0.0
2010-01-15 00:00:00+08:00,0.05076746908354067,0.05076746908354067,0.04851114749908447,0.04851114749908447,891550,0.0,0.0
2010-01-18 00:00:00+08:00,0.04963930829131257,0.04963930829131257,0.04738299041214647,0.04851114749908447,994040,0.0,0.0
2010-01-19 00:00:00+08:00,0.04851114125204782,0.04851114125204782,0.04625482366343969,0.047382984310388565,1735713,0.0,0.0
2010-01-20 00:00:00+08:00,0.04738298552279859,0.04851114249332451,0.046254824846982956,0.046254824846982956,660121,0.0,0.0
2010-01-21 00:00:00+08:00,0.04625482366343969,0.047382984310388565,0.04625482366343969,0.047382984310388565,769223,0.0,0.0
2010-01-22 00:00:00+08:00,0.046254822271281006,0.046254822271281006,0.04512666165828705,0.04512666165828705,1432652,0.0,0.0
2010-01-25 00:00:00+08:00,0.04399850104529309,0.04512666165828705,0.04399850104529309,0.04512666165828705,552122,0.0,0.0
2010-01-26 00:00:00+08:00,0.04625483279075173,0.047382993660316834,0.041742189312491323,0.04287035018205643,1664080,0.0,0.0
2010-01-27 00:00:00+08:00,0.04287034135386546,0.04287034135386546,0.04061402007937431,0.04061402007937431,887142,0.0,0.0
2010-01-28 00:00:00+08:00,0.041742189312491323,0.04399851105162153,0.041742189312491323,0.04287035018205643,674448,0.0,0.0
2010-01-29 00:00:00+08:00,0.04512667192118663,0.04512667192118663,0.04287035018205643,0.04287035018205643,195061,0.0,0.0
2010-02-01 00:00:00+08:00,0.04287035018205643,0.04287035018205643,0.041742189312491323,0.04287035018205643,251265,0.0,0.0
2010-02-02 00:00:00+08:00,0.042870332496353775,0.042870332496353775,0.041742172092199326,0.041742172092199326,176326,0.0,0.0
2010-02-03 00:00:00+08:00,0.041742172092199326,0.042870332496353775,0.041742172092199326,0.041742172092199326,247959,0.0,0.0
2010-02-04 00:00:00+08:00,0.04287035018205643,0.04287035018205643,0.041742189312491323,0.04287035018205643,602815,0.0,0.0
2010-02-05 00:00:00+08:00,0.04061402007937431,0.041742180716619885,0.04061402007937431,0.04061402007937431,689877,0.0,0.0
2010-02-08 00:00:00+08:00,0.040614011688044876,0.041742172092199326,0.040614011688044876,0.041742172092199326,577468,0.0,0.0
2010-02-09 00:00:00+08:00,0.040614011688044876,0.041742172092199326,0.03948585128389043,0.041742172092199326,591795,0.0,0.0
2010-02-10 00:00:00+08:00,0.040614011688044876,0.041742172092199326,0.040614011688044876,0.041742172092199326,428693,0.0,0.0
2010-02-11 00:00:00+08:00,0.041742172092199326,0.045126653304662666,0.041742172092199326,0.041742172092199326,1751141,0.0,0.0
2010-02-12 00:00:00+08:00,0.042870332496353775,0.042870332496353775,0.041742172092199326,0.041742172092199326,315183,0.0,0.0
2010-02-17 00:00:00+08:00,0.042870332496353775,0.042870332496353775,0.041742172092199326,0.041742172092199326,403346,0.0,0.0
2010-02-18 00:00:00+08:00,0.041742172092199326,0.041742172092199326,0.040614011688044876,0.041742172092199326,474979,0.0,0.0
2010-02-19 00:00:00+08:00,0.040614011688044876,0.041742172092199326,0.040614011688044876,0.041742172092199326,224816,0.0,0.0
2010-02-22 00:00:00+08:00,0.04061402007937431,0.04061402007937431,0.04061402007937431,0.04061402007937431,122326,0.0,0.0
2010-02-23 00:00:00+08:00,0.04061402007937431,0.04061402007937431,0.04061402007937431,0.04061402007937431,185142,0.0,0.0
2010-02-24 00:00:00+08:00,0.04061402007937431,0.04061402007937431,0.04061402007937431,0.04061402007937431,160897,0.0,0.0
2010-02-25 00:00:00+08:00,0.041742172092199326,0.042870332496353775,0.040614011688044876,0.041742172092199326,1315835,0.0,0.0
2010-02-26 00:00:00+08:00,0.042870332496353775,0.042870332496353775,0.040614011688044876,0.041742172092199326,542203,0.0,0.0
2010-03-01 00:00:00+08:00,0.041742189312491323,0.04287035018205643,0.04061402844292623,0.04287035018205643,214897,0.0,0.0
2010-03-02 00:00:00+08:00,0.04399851105162153,0.04512667192118663,0.04287035018205643,0.04287035018205643,8126442,0.0,0.0
2010-03-03 00:00:00+08:00,0.042870332496353775,0.042870332496353775,0.041742172092199326,0.041742172092199326,93673,0.0,0.0
2010-03-04 00:00:00+08:00,0.041742189312491323,0.04287035018205643,0.04061402844292623,0.04287035018205643,392326,0.0,0.0
2010-03-05 00:00:00+08:00,0.04399849290050822,0.04399849290050822,0.040614011688044876,0.041742172092199326,467264,0.0,0.0
2010-03-08 00:00:00+08:00,0.041742172092199326,0.041742172092199326,0.041742172092199326,0.041742172092199326,698693,0.0,0.0
2010-03-09 00:00:00+08:00,0.041742180716619885,0.041742180716619885,0.04061402007937431,0.04061402007937431,614938,0.0,0.0
2010-03-10 00:00:00+08:00,0.041742172092199326,0.042870332496353775,0.040614011688044876,0.041742172092199326,549917,0.0,0.0
2010-03-11 00:00:00+08:00,0.041742172092199326,0.041742172092199326,0.041742172092199326,0.041742172092199326,155387,0.0,0.0
2010-03-12 00:00:00+08:00,0.041742172092199326,0.041742172092199326,0.041742172092199326,0.041742172092199326,173020,0.0,0.0
2010-03-15 00:00:00+08:00,0.041742172092199326,0.045126653304662666,0.041742172092199326,0.041742172092199326,2974405,0.0,0.0
2010-03-16 00:00:00+08:00,0.04287035018205643,0.04287035018205643,0.041742189312491323,0.04287035018205643,145469,0.0,0.0
2010-03-17 00:00:00+08:00,0.04287035018205643,0.04287035018205643,0.041742189312491323,0.04287035018205643,767019,0.0,0.0
2010-03-18 00:00:00+08:00,0.042870332496353775,0.042870332496353775,0.041742172092199326,0.041742172092199326,333918,0.0,0.0
2010-03-19 00:00:00+08:00,0.042870332496353775,0.042870332496353775,0.041742172092199326,0.041742172092199326,91469,0.0,0.0
2010-03-22 00:00:00+08:00,0.041742172092199326,0.041742172092199326,0.041742172092199326,0.041742172092199326,197265,0.0,0.0
2010-03-23 00:00:00+08:00,0.041742172092199326,0.042870332496353775,0.041742172092199326,0.041742172092199326,170816,0.0,0.0
2010-03-24 00:00:00+08:00,0.04287035018205643,0.04287035018205643,0.041742189312491323,0.04287035018205643,328407,0.0,0.0
2010-03-25 00:00:00+08:00,0.04287035018205643,0.04399851105162153,0.04287035018205643,0.04287035018205643,1262937,0.0,0.0
2010-03-26 00:00:00+08:00,0.04287034155241101,0.04399850219488144,0.04287034155241101,0.04399850219488144,377999,0.0,0.0
2010-03-29 00:00:00+08:00,0.04399850219488144,0.045126662837351866,0.04287034155241101,0.04399850219488144,1084407,0.0,0.0
2010-03-30 00:00:00+08:00,0.04399850219488144,0.04399850219488144,0.04287034155241101,0.04399850219488144,185142,0.0,0.0
2010-03-31 00:00:00+08:00,0.04287035018205643,0.04287035018205643,0.041742189312491323,0.04287035018205643,463958,0.0,0.0
2010-04-01 00:00:00+08:00,0.04287035018205643,0.04399851105162153,0.04287035018205643,0.04287035018205643,476081,0.0,0.0
2010-04-05 00:00:00+08:00,0.04399850219488144,0.04399850219488144,0.04287034155241101,0.04399850219488144,425387,0.0,0.0
2010-04-06 00:00:00+08:00,0.04399851105162153,0.04399851105162153,0.04287035018205643,0.04287035018205643,955468,0.0,0.0
2010-04-07 00:00:00+08:00,0.04287034155241101,0.045126662837351866,0.04287034155241101,0.04399850219488144,1476733,0.0,0.0
2010-04-08 00:00:00+08:00,0.04399850219488144,0.04399850219488144,0.04399850219488144,0.04399850219488144,521264,0.0,0.0
2010-04-09 00:00:00+08:00,0.04399850104529309,0.046254822271281006,0.04399850104529309,0.04512666165828705,1882284,0.0,0.0
2010-04-12 00:00:00+08:00,0.046254823479822293,0.046254823479822293,0.04399850219488144,0.04399850219488144,607224,0.0,0.0
2010-04-13 00:00:00+08:00,0.045126662837351866,0.045126662837351866,0.04287034155241101,0.04399850219488144,532285,0.0,0.0
2010-04-14 00:00:00+08:00,0.04399850219488144,0.045126662837351866,0.04399850219488144,0.04399850219488144,765917,0.0,0.0
2010-04-15 00:00:00+08:00,0.04399850219488144,0.045126662837351866,0.04399850219488144,0.04399850219488144,1041427,0.0,0.0
2010-04-16 00:00:00+08:00,0.043998503495351685,0.046254824846982956,0.04287034281953604,0.046254824846982956,1971549,0.0,0.0
2010-04-19 00:00:00+08:00,0.04512666301649081,0.047382984310388565,0.04399850236954194,0.047382984310388565,1655264,0.0,0.0
2010-04-20 00:00:00+08:00,0.047382984310388565,0.0496393018989967,0.04625482366343969,0.047382984310388565,9589952,0.0,0.0
2010-04-21 00:00:00+08:00,0.046254824846982956,0.046254824846982956,0.04512666417116732,0.046254824846982956,393428,0.0,0.0
2010-04-22 00:00:00+08:00,0.04512666165828705,0.04512666165828705,0.04512666165828705,0.04512666165828705,681060,0.0,0.0
2010-04-23 00:00:00+08:00,0.04512666165828705,0.04512666165828705,0.04399850104529309,0.04512666165828705,1298203,0.0,0.0
2010-04-26 00:00:00+08:00,0.04512666165828705,0.04512666165828705,0.04399850104529309,0.04512666165828705,586285,0.0,0.0
2010-04-27 00:00:00+08:00,0.04399851105162153,0.04399851105162153,0.04287035018205643,0.04287035018205643,1545060,0.0,0.0
2010-04-28 00:00:00+08:00,0.04399850219488144,0.04399850219488144,0.04174218090994059,0.04399850219488144,1010570,0.0,0.0
2010-04-29 00:00:00+08:00,0.04287034155241101,0.04399850219488144,0.04287034155241101,0.04399850219488144,55102,0.0,0.0
2010-04-30 00:00:00+08:00,0.04287035018205643,0.04287035018205643,0.04287035018205643,0.04287035018205643,126734,0.0,0.0
2010-05-03 00:00:00+08:00,0.042870332496353775,0.042870332496353775,0.041742172092199326,0.041742172092199326,751591,0.0,0.0
2010-05-04 00:00:00+08:00,0.042870332496353775,0.042870332496353775,0.041742172092199326,0.041742172092199326,243550,0.0,0.0
2010-05-05 00:00:00+08:00,0.041742189312491323,0.04287035018205643,0.04061402844292623,0.04287035018205643,783550,0.0,0.0
2010-05-06 00:00:00+08:00,0.041742172092199326,0.041742172092199326,0.040614011688044876,0.041742172092199326,1416121,0.0,0.0
2010-05-07 00:00:00+08:00,0.04061402007937431,0.04061402007937431,0.04061402007937431,0.04061402007937431,903672,0.0,0.0
2010-05-10 00:00:00+08:00,0.040614011688044876,0.041742172092199326,0.040614011688044876,0.041742172092199326,500326,0.0,0.0
2010-05-11 00:00:00+08:00,0.041742180716619885,0.041742180716619885,0.04061402007937431,0.04061402007937431,198367,0.0,0.0
2010-05-12 00:00:00+08:00,0.040614011688044876,0.041742172092199326,0.040614011688044876,0.041742172092199326,312979,0.0,0.0
2010-05-13 00:00:00+08:00,0.04061402007937431,0.04061402007937431,0.04061402007937431,0.04061402007937431,182938,0.0,0.0
2010-05-14 00:00:00+08:00,0.04061402007937431,0.04061402007937431,0.04061402007937431,0.04061402007937431,260081,0.0,0.0
2010-05-17 00:00:00+08:00,0.03948585944212874,0.04061402007937431,0.03948585944212874,0.04061402007937431,546611,0.0,0.0
2010-05-18 00:00:00+08:00,0.04061402007937431,0.04061402007937431,0.04061402007937431,0.04061402007937431,419877,0.0,0.0
2010-05-19 00:00:00+08:00,0.03948585944212874,0.04061402007937431,0.03948585944212874,0.04061402007937431,251265,0.0,0.0
2010-05-20 00:00:00+08:00,0.039485864341259,0.039485864341259,0.039485864341259,0.039485864341259,211591,0.0,0.0
2010-05-21 00:00:00+08:00,0.03835770356403912,0.039485864341259,0.03722954278681924,0.039485864341259,490407,0.0,0.0
2010-05-24 00:00:00+08:00,0.038357704877853394,0.038357704877853394,0.038357704877853394,0.038357704877853394,208285,0.0,0.0
2010-05-25 00:00:00+08:00,0.03722953148461191,0.03722953148461191,0.03610137104988098,0.03610137104988098,796774,0.0,0.0
2010-05-26 00:00:00+08:00,0.03610137372039301,0.03722953423857689,0.03610137372039301,0.03722953423857689,320693,0.0,0.0
2010-05-27 00:00:00+08:00,0.03610137372039301,0.03722953423857689,0.03610137372039301,0.03722953423857689,74938,0.0,0.0
2010-05-31 00:00:00+08:00,0.03722953423857689,0.03835769475676078,0.03722953423857689,0.03722953423857689,200571,0.0,0.0
2010-06-01 00:00:00+08:00,0.03722953148461191,0.03722953148461191,0.03610137104988098,0.03610137104988098,264489,0.0,0.0
2010-06-02 00:00:00+08:00,0.03722953423857689,0.03722953423857689,0.03610137372039301,0.03722953423857689,578571,0.0,0.0
2010-06-03 00:00:00+08:00,0.03722953423857689,0.03722953423857689,0.03722953423857689,0.03722953423857689,47387,0.0,0.0
2010-06-04 00:00:00+08:00,0.038357704877853394,0.038357704877853394,0.038357704877853394,0.038357704877853394,656815,0.0,0.0
2010-06-07 00:00:00+08:00,0.03722953423857689,0.03722953423857689,0.03722953423857689,0.03722953423857689,195061,0.0,0.0
2010-06-08 00:00:00+08:00,0.03722953148461191,0.03722953148461191,0.03610137104988098,0.03610137104988098,407754,0.0,0.0
2010-06-09 00:00:00+08:00,0.03610137372039301,0.03722953423857689,0.03610137372039301,0.03722953423857689,234734,0.0,0.0
2010-06-10 00:00:00+08:00,0.03722953423857689,0.03835769475676078,0.03722953423857689,0.03722953423857689,590693,0.0,0.0
2010-06-11 00:00:00+08:00,0.03835769475676078,0.03835769475676078,0.03722953423857689,0.03722953423857689,102489,0.0,0.0
2010-06-14 00:00:00+08:00,0.03722954406199215,0.038357704877853394,0.03722954406199215,0.038357704877853394,149877,0.0,0.0
2010-06-15 00:00:00+08:00,0.038357704877853394,0.038357704877853394,0.038357704877853394,0.038357704877853394,297550,0.0,0.0
2010-06-16 00:00:00+08:00,0.038357704877853394,0.03948586569371463,0.038357704877853394,0.038357704877853394,238040,0.0,0.0
2010-06-17 00:00:00+08:00,0.038357704877853394,0.038357704877853394,0.03722954406199215,0.038357704877853394,300856,0.0,0.0
2010-06-18 00:00:00+08:00,0.03835769880488317,0.04061402007937431,0.03835769880488317,0.04061402007937431,462856,0.0,0.0
2010-06-21 00:00:00+08:00,0.03948585944212874,0.041742180716619885,0.03835769880488317,0.04061402007937431,1698243,0.0,0.0
2010-06-22 00:00:00+08:00,0.040614025118478884,0.040614025118478884,0.039485864341259,0.039485864341259,204979,0.0,0.0
2010-06-23 00:00:00+08:00,0.03948585128389043,0.041742172092199326,0.03948585128389043,0.041742172092199326,71632,0.0,0.0
2010-06-24 00:00:00+08:00,0.04061402007937431,0.04287034135386546,0.04061402007937431,0.04061402007937431,4138160,0.0,0.0
2010-06-25 00:00:00+08:00,0.041742180716619885,0.041742180716619885,0.03948585944212874,0.04061402007937431,379101,0.0,0.0
2010-06-28 00:00:00+08:00,0.04061402007937431,0.04061402007937431,0.04061402007937431,0.04061402007937431,47387,0.0,0.0
2010-06-29 00:00:00+08:00,0.040614025118478884,0.040614025118478884,0.039485864341259,0.039485864341259,495918,0.0,0.0
2010-06-30 00:00:00+08:00,0.039485864341259,0.039485864341259,0.039485864341259,0.039485864341259,462856,0.0,0.0
2010-07-01 00:00:00+08:00,0.039485864341259,0.039485864341259,0.039485864341259,0.039485864341259,212693,0.0,0.0
2010-07-02 00:00:00+08:00,0.03835770356403912,0.039485864341259,0.03835770356403912,0.039485864341259,396734,0.0,0.0
2010-07-05 00:00:00+08:00,0.03835770356403912,0.039485864341259,0.03722954278681924,0.039485864341259,477183,0.0,0.0
2010-07-06 00:00:00+08:00,0.03835770356403912,0.039485864341259,0.03835770356403912,0.039485864341259,133346,0.0,0.0
2010-07-07 00:00:00+08:00,0.039485864341259,0.039485864341259,0.03835770356403912,0.039485864341259,578571,0.0,0.0
2010-07-08 00:00:00+08:00,0.03948585944212874,0.04061402007937431,0.03948585944212874,0.04061402007937431,113510,0.0,0.0
2010-07-09 00:00:00+08:00,0.03948585944212874,0.04061402007937431,0.03948585944212874,0.04061402007937431,144367,0.0,0.0
2010-07-12 00:00:00+08:00,0.03948585944212874,0.04061402007937431,0.03948585944212874,0.04061402007937431,92571,0.0,0.0
2010-07-13 00:00:00+08:00,0.03948585944212874,0.04061402007937431,0.03948585944212874,0.04061402007937431,196163,0.0,0.0
2010-07-14 00:00:00+08:00,0.03948585944212874,0.04061402007937431,0.03835769880488317,0.04061402007937431,321795,0.0,0.0
2010-07-15 00:00:00+08:00,0.039485864341259,0.039485864341259,0.039485864341259,0.039485864341259,363673,0.0,0.0
2010-07-16 00:00:00+08:00,0.039485864341259,0.039485864341259,0.03835770356403912,0.039485864341259,38571,0.0,0.0
2010-07-19 00:00:00+08:00,0.038357704877853394,0.03948586569371463,0.038357704877853394,0.038357704877853394,119020,0.0,0.0
2010-07-20 00:00:00+08:00,0.03948585944212874,0.04061402007937431,0.03835769880488317,0.04061402007937431,222612,0.0,0.0
2010-07-21 00:00:00+08:00,0.039485864341259,0.039485864341259,0.039485864341259,0.039485864341259,184040,0.0,0.0
2010-07-22 00:00:00+08:00,0.03835770356403912,0.039485864341259,0.03835770356403912,0.039485864341259,66122,0.0,0.0
2010-07-23 00:00:00+08:00,0.039485864341259,0.039485864341259,0.039485864341259,0.039485864341259,154285,0.0,0.0
2010-07-26 00:00:00+08:00,0.039485864341259,0.040614025118478884,0.039485864341259,0.039485864341259,90367,0.0,0.0
2010-07-27 00:00:00+08:00,0.03948585944212874,0.04061402007937431,0.03948585944212874,0.04061402007937431,44081,0.0,0.0
2010-07-28 00:00:00+08:00,0.039485864341259,0.039485864341259,0.03835770356403912,0.039485864341259,230326,0.0,0.0
2010-07-29 00:00:00+08:00,0.039485864341259,0.039485864341259,0.039485864341259,0.039485864341259,102489,0.0,0.0
2010-07-30 00:00:00+08:00,0.039485864341259,0.039485864341259,0.039485864341259,0.039485864341259,141061,0.0,0.0
2010-08-02 00:00:00+08:00,0.039485864341259,0.039485864341259,0.039485864341259,0.039485864341259,143265,0.0,0.0
2010-08-03 00:00:00+08:00,0.04061402007937431,0.041742180716619885,0.03948585944212874,0.04061402007937431,1485549,0.0,0.0
2010-08-04 00:00:00+08:00,0.040614025118478884,0.040614025118478884,0.039485864341259,0.039485864341259,233632,0.0,0.0
2010-08-05 00:00:00+08:00,0.04061402007937431,0.04061402007937431,0.03948585944212874,0.04061402007937431,490407,0.0,0.0
2010-08-06 00:00:00+08:00,0.03948585944212874,0.04061402007937431,0.03948585944212874,0.04061402007937431,272203,0.0,0.0
2010-08-10 00:00:00+08:00,0.039485864341259,0.039485864341259,0.039485864341259,0.039485864341259,770325,0.0,0.0
2010-08-11 00:00:00+08:00,0.03948586569371463,0.03948586569371463,0.038357704877853394,0.038357704877853394,443020,0.0,0.0
2010-08-12 00:00:00+08:00,0.03835770356403912,0.039485864341259,0.03835770356403912,0.039485864341259,798979,0.0,0.0
2010-08-13 00:00:00+08:00,0.03948585944212874,0.04061402007937431,0.03835769880488317,0.04061402007937431,215999,0.0,0.0
2010-08-16 00:00:00+08:00,0.038357704877853394,0.03948586569371463,0.038357704877853394,0.038357704877853394,168612,0.0,0.0
2010-08-17 00:00:00+08:00,0.038357704877853394,0.038357704877853394,0.038357704877853394,0.038357704877853394,424285,0.0,0.0
2010-08-18 00:00:00+08:00,0.038357704877853394,0.038357704877853394,0.038357704877853394,0.038357704877853394,142163,0.0,0.0
2010-08-19 00:00:00+08:00,0.038357704877853394,0.038357704877853394,0.038357704877853394,0.038357704877853394,688775,0.0,0.0
2010-08-20 00:00:00+08:00,0.039485864341259,0.039485864341259,0.03835770356403912,0.039485864341259,199469,0.0,0.0
2010-08-23 00:00:00+08:00,0.038357704877853394,0.038357704877853394,0.03722954406199215,0.038357704877853394,468367,0.0,0.0
2010-08-24 00:00:00+08:00,0.03835769087973598,0.041742172092199326,0.03722953047558153,0.041742172092199326,2563345,0.0,0.0
2010-08-25 00:00:00+08:00,0.041742180716619885,0.04287034135386546,0.03948585944212874,0.04061402007937431,15108968,0.0,0.0
2010-08-26 00:00:00+08:00,0.040614025118478884,0.040614025118478884,0.039485864341259,0.039485864341259,3204732,0.0,0.0
2010-08-27 00:00:00+08:00,0.039485864341259,0.039485864341259,0.03835770356403912,0.039485864341259,288734,0.0,0.0
2010-08-30 00:00:00+08:00,0.03948586569371463,0.03948586569371463,0.038357704877853394,0.038357704877853394,168612,0.0,0.0
2010-08-31 00:00:00+08:00,0.03835769475676078,0.03835769475676078,0.03722953423857689,0.03722953423857689,1186897,0.0,0.0
2010-09-01 00:00:00+08:00,0.038357704877853394,0.03948586569371463,0.038357704877853394,0.038357704877853394,978611,0.0,0.0
2010-09-02 00:00:00+08:00,0.038357704877853394,0.038357704877853394,0.03722954406199215,0.038357704877853394,449632,0.0,0.0
2010-09-03 00:00:00+08:00,0.038357704877853394,0.038357704877853394,0.03722954406199215,0.038357704877853394,1074489,0.0,0.0
2010-09-06 00:00:00+08:00,0.03835770356403912,0.039485864341259,0.03835770356403912,0.039485864341259,483795,0.0,0.0
2010-09-07 00:00:00+08:00,0.038357704877853394,0.03948586569371463,0.038357704877853394,0.038357704877853394,353754,0.0,0.0
2010-09-08 00:00:00+08:00,0.03835769475676078,0.03835769475676078,0.03722953423857689,0.03722953423857689,728448,0.0,0.0
2010-09-09 00:00:00+08:00,0.038357704877853394,0.03948586569371463,0.038357704877853394,0.038357704877853394,1313631,0.0,0.0
2010-09-13 00:00:00+08:00,0.039485864341259,0.039485864341259,0.03835770356403912,0.039485864341259,299754,0.0,0.0
2010-09-14 00:00:00+08:00,0.03835770356403912,0.039485864341259,0.03835770356403912,0.039485864341259,743877,0.0,0.0
2010-09-15 00:00:00+08:00,0.03835770356403912,0.039485864341259,0.03835770356403912,0.039485864341259,701999,0.0,0.0
2010-09-16 00:00:00+08:00,0.03948585944212874,0.041742180716619885,0.03948585944212874,0.04061402007937431,12011133,0.0,0.0
2010-09-17 00:00:00+08:00,0.040614025118478884,0.041742185895698766,0.039485864341259,0.039485864341259,3113263,0.0,0.0
2010-09-20 00:00:00+08:00,0.03948585944212874,0.04061402007937431,0.03835769880488317,0.04061402007937431,895958,0.0,0.0
2010-09-21 00:00:00+08:00,0.04061402007937431,0.041742180716619885,0.03835769880488317,0.04061402007937431,3097834,0.0,0.0
2010-09-22 00:00:00+08:00,0.040614011688044876,0.042870332496353775,0.040614011688044876,0.041742172092199326,9370646,0.0,0.0
2010-09-23 00:00:00+08:00,0.040614025118478884,0.041742185895698766,0.039485864341259,0.039485864341259,1521917,0.0,0.0
2010-09-24 00:00:00+08:00,0.040614025118478884,0.040614025118478884,0.039485864341259,0.039485864341259,470571,0.0,0.0
2010-09-27 00:00:00+08:00,0.04061402007937431,0.041742180716619885,0.04061402007937431,0.04061402007937431,894856,0.0,0.0
2010-09-28 00:00:00+08:00,0.040614025118478884,0.040614025118478884,0.039485864341259,0.039485864341259,1552774,0.0,0.0
2010-09-29 00:00:00+08:00,0.04061402007937431,0.041742180716619885,0.04061402007937431,0.04061402007937431,2111508,0.0,0.0
2010-09-30 00:00:00+08:00,0.04061402007937431,0.04061402007937431,0.03948585944212874,0.04061402007937431,395632,0.0,0.0
2010-10-01 00:00:00+08:00,0.040614025118478884,0.040614025118478884,0.039485864341259,0.039485864341259,666734,0.0,0.0
2010-10-04 00:00:00+08:00,0.04061402007937431,0.041742180716619885,0.04061402007937431,0.04061402007937431,893754,0.0,0.0
2010-10-05 00:00:00+08:00,0.040614011688044876,0.041742172092199326,0.040614011688044876,0.041742172092199326,559836,0.0,0.0
2010-10-06 00:00:00+08:00,0.041742180716619885,0.04287034135386546,0.04061402007937431,0.04061402007937431,3166160,0.0,0.0
2010-10-07 00:00:00+08:00,0.04061402007937431,0.041742180716619885,0.04061402007937431,0.04061402007937431,425387,0.0,0.0
2010-10-08 00:00:00+08:00,0.04061402007937431,0.041742180716619885,0.03948585944212874,0.04061402007937431,1772080,0.0,0.0
2010-10-11 00:00:00+08:00,0.04061402007937431,0.04061402007937431,0.03948585944212874,0.04061402007937431,878325,0.0,0.0
2010-10-12 00:00:00+08:00,0.04061402007937431,0.041742180716619885,0.04061402007937431,0.04061402007937431,716326,0.0,0.0
2010-10-13 00:00:00+08:00,0.04061402007937431,0.04061402007937431,0.04061402007937431,0.04061402007937431,190652,0.0,0.0
2010-10-14 00:00:00+08:00,0.040614025118478884,0.040614025118478884,0.039485864341259,0.039485864341259,736162,0.0,0.0
2010-10-15 00:00:00+08:00,0.03948585944212874,0.04061402007937431,0.03948585944212874,0.04061402007937431,554326,0.0,0.0
2010-10-18 00:00:00+08:00,0.04061402007937431,0.041742180716619885,0.04061402007937431,0.04061402007937431,603917,0.0,0.0
2010-10-19 00:00:00+08:00,0.04061402007937431,0.041742180716619885,0.03948585944212874,0.04061402007937431,644693,0.0,0.0
2010-10-20 00:00:00+08:00,0.04061402007937431,0.04061402007937431,0.04061402007937431,0.04061402007937431,481591,0.0,0.0
2010-10-21 00:00:00+08:00,0.040614011688044876,0.041742172092199326,0.040614011688044876,0.041742172092199326,1788610,0.0,0.0
2010-10-22 00:00:00+08:00,0.041742180716619885,0.041742180716619885,0.04061402007937431,0.04061402007937431,284326,0.0,0.0
2010-10-25 00:00:00+08:00,0.04061402007937431,0.041742180716619885,0.03948585944212874,0.04061402007937431,1014978,0.0,0.0
2010-10-26 00:00:00+08:00,0.04061402007937431,0.04061402007937431,0.03948585944212874,0.04061402007937431,717428,0.0,0.0
2010-10-27 00:00:00+08:00,0.039485864341259,0.040614025118478884,0.039485864341259,0.039485864341259,171918,0.0,0.0
2010-10-28 00:00:00+08:00,0.040614025118478884,0.040614025118478884,0.039485864341259,0.039485864341259,277714,0.0,0.0
2010-10-29 00:00:00+08:00,0.04061402007937431,0.04061402007937431,0.03948585944212874,0.04061402007937431,545509,0.0,0.0
2010-11-01 00:00:00+08:00,0.04061402007937431,0.041742180716619885,0.03948585944212874,0.04061402007937431,599509,0.0,0.0
2010-11-02 00:00:00+08:00,0.04061402007937431,0.04061402007937431,0.03948585944212874,0.04061402007937431,202775,0.0,0.0
2010-11-03 00:00:00+08:00,0.040614011688044876,0.041742172092199326,0.03948585128389043,0.041742172092199326,1324652,0.0,0.0
2010-11-04 00:00:00+08:00,0.041170496493577964,0.041170496493577964,0.04002687826841489,0.04117049649357796,1206733,0.002269,0.0
2010-11-08 00:00:00+08:00,0.041170496493577964,0.041170496493577964,0.04002687826841489,0.04117049649357796,1221060,0.0,0.0
2010-11-09 00:00:00+08:00,0.04002688452601433,0.04117050292996488,0.04002688452601433,0.04002688452601433,957672,0.0,0.0
2010-11-10 00:00:00+08:00,0.04117050292996488,0.04117050292996488,0.04002688452601433,0.04002688452601433,1980365,0.0,0.0
2010-11-11 00:00:00+08:00,0.041170496493577964,0.041170496493577964,0.04002687826841489,0.04117049649357796,307469,0.0,0.0
2010-11-12 00:00:00+08:00,0.041170496493577964,0.041170496493577964,0.04002687826841489,0.04117049649357796,392326,0.0,0.0
2010-11-15 00:00:00+08:00,0.041170496493577964,0.041170496493577964,0.04002687826841489,0.04117049649357796,274407,0.0,0.0
2010-11-16 00:00:00+08:00,0.04117050292996488,0.04117050292996488,0.04002688452601433,0.04002688452601433,832040,0.0,0.0
2010-11-18 00:00:00+08:00,0.04002687826841489,0.041170496493577964,0.038883260043251815,0.04117049649357796,1731304,0.0,0.0
2010-11-19 00:00:00+08:00,0.039070043712854385,0.039070043712854385,0.03780972093374881,0.039070043712854385,894000,0.0,0.0
2010-11-22 00:00:00+08:00,0.03907004109489531,0.03907004109489531,0.037809718400239944,0.037809718400239944,198000,0.0,0.0
2010-11-23 00:00:00+08:00,0.03780972728508134,0.03780972728508134,0.0365494005382061,0.0365494005382061,663000,0.0,0.0
2010-11-24 00:00:00+08:00,0.03654939194952667,0.037809718400239944,0.03654939194952667,0.037809718400239944,340000,0.0,0.0
2010-11-25 00:00:00+08:00,0.037809718400239944,0.037809718400239944,0.03654939194952667,0.037809718400239944,265000,0.0,0.0
2010-11-26 00:00:00+08:00,0.03654939041681432,0.03654939041681432,0.0340287451332078,0.03528906777501106,1516000,0.0,0.0
2010-11-29 00:00:00+08:00,0.03528906500528105,0.03528906500528105,0.03402874246239662,0.03402874246239662,228000,0.0,0.0
2010-11-30 00:00:00+08:00,0.03402874246239662,0.03402874246239662,0.03150809362057031,0.03402874246239662,1696000,0.0,0.0
2010-12-01 00:00:00+08:00,0.03402874246239662,0.03402874246239662,0.03150809362057031,0.03402874246239662,3019000,0.0,0.0
2010-12-02 00:00:00+08:00,0.03402874246239662,0.03402874246239662,0.03276841616345474,0.03402874246239662,1262000,0.0,0.0
2010-12-03 00:00:00+08:00,0.0340287473552308,0.0340287473552308,0.03276842087507248,0.03276842087507248,1137000,0.0,0.0
2010-12-06 00:00:00+08:00,0.03276842087507248,0.03276842087507248,0.03276842087507248,0.03276842087507248,747000,0.0,0.0
2010-12-07 00:00:00+08:00,0.03276842087507248,0.0340287473552308,0.03276842087507248,0.03276842087507248,334000,0.0,0.0
2010-12-08 00:00:00+08:00,0.03276842087507248,0.0340287473552308,0.03276842087507248,0.03276842087507248,445000,0.0,0.0
2010-12-09 00:00:00+08:00,0.03276842087507248,0.0340287473552308,0.03276842087507248,0.03276842087507248,117000,0.0,0.0
2010-12-10 00:00:00+08:00,0.03276842087507248,0.0340287473552308,0.03276842087507248,0.03276842087507248,400000,0.0,0.0
2010-12-13 00:00:00+08:00,0.034028754556573206,0.0365494005382061,0.034028754556573206,0.0365494005382061,1423000,0.0,0.0
2010-12-14 00:00:00+08:00,0.03654939041681432,0.03654939041681432,0.03528906777501106,0.03528906777501106,518000,0.0,0.0
2010-12-15 00:00:00+08:00,0.03528906777501106,0.03528906777501106,0.03528906777501106,0.03528906777501106,396000,0.0,0.0
2010-12-16 00:00:00+08:00,0.0340287451332078,0.03528906777501106,0.0340287451332078,0.03528906777501106,744000,0.0,0.0
2010-12-17 00:00:00+08:00,0.035289077547389656,0.03780972728508134,0.035289077547389656,0.0365494005382061,5986000,0.0,0.0
2010-12-20 00:00:00+08:00,0.03528906500528105,0.03528906500528105,0.03402874246239662,0.03402874246239662,369000,0.0,0.0
2010-12-21 00:00:00+08:00,0.03276841616345474,0.03528906500528105,0.03276841616345474,0.03402874246239662,2170000,0.0,0.0
2010-12-22 00:00:00+08:00,0.03402874246239662,0.03402874246239662,0.03402874246239662,0.03402874246239662,790000,0.0,0.0
2010-12-23 00:00:00+08:00,0.03402874246239662,0.03528906500528105,0.03402874246239662,0.03402874246239662,1273000,0.0,0.0
2010-12-24 00:00:00+08:00,0.03402874246239662,0.03402874246239662,0.03402874246239662,0.03402874246239662,0,0.0,0.0
2010-12-27 00:00:00+08:00,0.03402874246239662,0.03402874246239662,0.03402874246239662,0.03402874246239662,809000,0.0,0.0
2010-12-28 00:00:00+08:00,0.03402874246239662,0.03528906500528105,0.03402874246239662,0.03402874246239662,402000,0.0,0.0
2010-12-29 00:00:00+08:00,0.03528906500528105,0.036549387548165474,0.03402874246239662,0.03402874246239662,2172000,0.0,0.0
2010-12-30 00:00:00+08:00,0.035289077547389656,0.0365494005382061,0.035289077547389656,0.0365494005382061,2469000,0.0,0.0
2010-12-31 00:00:00+08:00,0.0365494005382061,0.0365494005382061,0.0365494005382061,0.0365494005382061,0,0.0,0.0
2011-01-03 00:00:00+08:00,0.03528906777501106,0.03528906777501106,0.03528906777501106,0.03528906777501106,637000,0.0,0.0
2011-01-04 00:00:00+08:00,0.0365494005382061,0.0365494005382061,0.0365494005382061,0.0365494005382061,4021000,0.0,0.0
2011-01-05 00:00:00+08:00,0.03654939194952667,0.037809718400239944,0.03654939194952667,0.037809718400239944,1293000,0.0,0.0
2011-01-06 00:00:00+08:00,0.03780972093374881,0.04033036649195996,0.03780972093374881,0.039070043712854385,13813000,0.0,0.0
2011-01-07 00:00:00+08:00,0.03907004109489531,0.03907004109489531,0.037809718400239944,0.037809718400239944,1148000,0.0,0.0
2011-01-10 00:00:00+08:00,0.039070043712854385,0.039070043712854385,0.03780972093374881,0.039070043712854385,2507000,0.0,0.0
2011-01-11 00:00:00+08:00,0.039070043712854385,0.039070043712854385,0.03780972093374881,0.039070043712854385,556000,0.0,0.0
2011-01-12 00:00:00+08:00,0.03780972093374881,0.039070043712854385,0.03780972093374881,0.039070043712854385,710000,0.0,0.0
2011-01-13 00:00:00+08:00,0.03907004109489531,0.03907004109489531,0.037809718400239944,0.037809718400239944,2076000,0.0,0.0
2011-01-14 00:00:00+08:00,0.037809718400239944,0.03907004109489531,0.03654939194952667,0.037809718400239944,3442000,0.0,0.0
2011-01-17 00:00:00+08:00,0.03907004109489531,0.03907004109489531,0.037809718400239944,0.037809718400239944,436000,0.0,0.0
2011-01-18 00:00:00+08:00,0.037809718400239944,0.03907004109489531,0.037809718400239944,0.037809718400239944,582000,0.0,0.0
2011-01-19 00:00:00+08:00,0.037809718400239944,0.037809718400239944,0.037809718400239944,0.037809718400239944,370000,0.0,0.0
2011-01-20 00:00:00+08:00,0.037809718400239944,0.037809718400239944,0.03654939194952667,0.037809718400239944,480000,0.0,0.0
2011-01-21 00:00:00+08:00,0.03654939439858508,0.039070043712854385,0.03654939439858508,0.039070043712854385,1708000,0.0,0.0
2011-01-24 00:00:00+08:00,0.03907004109489531,0.04159069024026393,0.037809718400239944,0.037809718400239944,9656000,0.0,0.0
2011-01-25 00:00:00+08:00,0.039070043712854385,0.039070043712854385,0.03780972093374881,0.039070043712854385,510000,0.0,0.0
2011-01-26 00:00:00+08:00,0.03780972093374881,0.039070043712854385,0.03780972093374881,0.039070043712854385,1346000,0.0,0.0
2011-01-27 00:00:00+08:00,0.03907004109489531,0.03907004109489531,0.037809718400239944,0.037809718400239944,752000,0.0,0.0
2011-01-28 00:00:00+08:00,0.037809718400239944,0.037809718400239944,0.037809718400239944,0.037809718400239944,1875000,0.0,0.0
2011-01-31 00:00:00+08:00,0.03780972728508134,0.03780972728508134,0.0365494005382061,0.0365494005382061,1574000,0.0,0.0
2011-02-01 00:00:00+08:00,0.037809718400239944,0.037809718400239944,0.03654939194952667,0.037809718400239944,339000,0.0,0.0
2011-02-02 00:00:00+08:00,0.03654939194952667,0.037809718400239944,0.03654939194952667,0.037809718400239944,62000,0.0,0.0
2011-02-07 00:00:00+08:00,0.03780972728508134,0.03780972728508134,0.0365494005382061,0.0365494005382061,165000,0.0,0.0
2011-02-08 00:00:00+08:00,0.037809718400239944,0.037809718400239944,0.037809718400239944,0.037809718400239944,30000,0.0,0.0
2011-02-09 00:00:00+08:00,0.0365494005382061,0.03780972728508134,0.0365494005382061,0.0365494005382061,209000,0.0,0.0
2011-02-10 00:00:00+08:00,0.03654939194952667,0.037809718400239944,0.03654939194952667,0.037809718400239944,300000,0.0,0.0
2011-02-11 00:00:00+08:00,0.0365494005382061,0.03780972728508134,0.035289077547389656,0.0365494005382061,1145000,0.0,0.0
2011-02-14 00:00:00+08:00,0.0365494005382061,0.03780972728508134,0.0365494005382061,0.0365494005382061,437000,0.0,0.0
2011-02-15 00:00:00+08:00,0.035289077547389656,0.0365494005382061,0.035289077547389656,0.0365494005382061,1939000,0.0,0.0
2011-02-16 00:00:00+08:00,0.03528906777501106,0.03654939041681432,0.03528906777501106,0.03528906777501106,269000,0.0,0.0
2011-02-17 00:00:00+08:00,0.035289077547389656,0.0365494005382061,0.035289077547389656,0.0365494005382061,731000,0.0,0.0
2011-02-18 00:00:00+08:00,0.03528906777501106,0.03528906777501106,0.03528906777501106,0.03528906777501106,200000,0.0,0.0
2011-02-21 00:00:00+08:00,0.03528906777501106,0.03654939041681432,0.0340287451332078,0.03528906777501106,483000,0.0,0.0
2011-02-22 00:00:00+08:00,0.03528907007933113,0.03528907007933113,0.03276842087507248,0.03276842087507248,962000,0.0,0.0
2011-02-23 00:00:00+08:00,0.03276842087507248,0.03276842087507248,0.03150809815097215,0.03276842087507248,1616000,0.0,0.0
2011-02-24 00:00:00+08:00,0.0327684181830179,0.0327684181830179,0.03150809556245804,0.03150809556245804,950000,0.0,0.0
2011-02-25 00:00:00+08:00,0.03276841616345474,0.03402874246239662,0.03276841616345474,0.03402874246239662,571000,0.0,0.0
2011-02-28 00:00:00+08:00,0.03276842087507248,0.0340287473552308,0.03276842087507248,0.03276842087507248,151000,0.0,0.0
2011-03-01 00:00:00+08:00,0.03402874246239662,0.03402874246239662,0.03276841616345474,0.03402874246239662,239000,0.0,0.0
2011-03-02 00:00:00+08:00,0.03402874246239662,0.03402874246239662,0.03276841616345474,0.03402874246239662,463000,0.0,0.0
2011-03-03 00:00:00+08:00,0.03276841616345474,0.03402874246239662,0.03276841616345474,0.03402874246239662,108000,0.0,0.0
2011-03-04 00:00:00+08:00,0.0340287473552308,0.0340287473552308,0.03276842087507248,0.03276842087507248,248000,0.0,0.0
2011-03-07 00:00:00+08:00,0.03276841616345474,0.03402874246239662,0.03276841616345474,0.03402874246239662,92000,0.0,0.0
2011-03-08 00:00:00+08:00,0.03276842087507248,0.0340287473552308,0.03276842087507248,0.03276842087507248,255000,0.0,0.0
2011-03-09 00:00:00+08:00,0.03402874246239662,0.03402874246239662,0.03402874246239662,0.03402874246239662,50000,0.0,0.0
2011-03-10 00:00:00+08:00,0.03276841616345474,0.03402874246239662,0.03276841616345474,0.03402874246239662,579000,0.0,0.0
2011-03-11 00:00:00+08:00,0.03276842087507248,0.03276842087507248,0.03150809815097215,0.03276842087507248,152000,0.0,0.0
2011-03-14 00:00:00+08:00,0.03150809815097215,0.03276842087507248,0.03150809815097215,0.03276842087507248,188000,0.0,0.0
2011-03-15 00:00:00+08:00,0.031508102475536176,0.031508102475536176,0.030247777700424198,0.030247777700424194,665000,0.0,0.0
2011-03-16 00:00:00+08:00,0.03150809556245804,0.0327684181830179,0.030247771063869333,0.03150809556245804,817000,0.0,0.0
2011-03-17 00:00:00+08:00,0.031508102475536176,0.0327684253726189,0.030247777700424198,0.030247777700424194,210000,0.0,0.0
2011-03-18 00:00:00+08:00,0.03150809556245804,0.03150809556245804,0.03150809556245804,0.03150809556245804,275000,0.0,0.0
2011-03-21 00:00:00+08:00,0.03150809815097215,0.03276842087507248,0.03150809815097215,0.03276842087507248,305000,0.0,0.0
2011-03-22 00:00:00+08:00,0.03150809815097215,0.03276842087507248,0.03150809815097215,0.03276842087507248,249000,0.0,0.0
2011-03-23 00:00:00+08:00,0.032768418735346784,0.03528906777501106,0.032768418735346784,0.03528906777501106,1275000,0.0,0.0
2011-03-24 00:00:00+08:00,0.03528906777501106,0.037809716814675334,0.03528906777501106,0.03528906777501106,7439000,0.0,0.0
2011-03-25 00:00:00+08:00,0.03528906777501106,0.03654939041681432,0.03528906777501106,0.03528906777501106,605000,0.0,0.0
2011-03-28 00:00:00+08:00,0.03528906500528105,0.03528906500528105,0.03402874246239662,0.03402874246239662,344000,0.0,0.0
2011-03-29 00:00:00+08:00,0.03528906500528105,0.03528906500528105,0.03402874246239662,0.03402874246239662,92000,0.0,0.0
2011-03-30 00:00:00+08:00,0.03402874246239662,0.03528906500528105,0.03402874246239662,0.03402874246239662,540000,0.0,0.0
2011-03-31 00:00:00+08:00,0.0340287451332078,0.03528906777501106,0.0340287451332078,0.03528906777501106,218000,0.0,0.0
2011-04-01 00:00:00+08:00,0.03402874246239662,0.03528906500528105,0.03402874246239662,0.03402874246239662,259000,0.0,0.0
2011-04-04 00:00:00+08:00,0.03528906777501106,0.03528906777501106,0.0340287451332078,0.03528906777501106,87000,0.0,0.0
2011-04-05 00:00:00+08:00,0.03528906777501106,0.037809716814675334,0.03528906777501106,0.03528906777501106,2453000,0.0,0.0
2011-04-06 00:00:00+08:00,0.03654939194952667,0.037809718400239944,0.03528906925487131,0.037809718400239944,3881000,0.0,0.0
2011-04-07 00:00:00+08:00,0.03780972728508134,0.03780972728508134,0.0365494005382061,0.0365494005382061,901000,0.0,0.0
2011-04-08 00:00:00+08:00,0.03654939439858508,0.039070043712854385,0.03654939439858508,0.039070043712854385,2766000,0.0,0.0
2011-04-11 00:00:00+08:00,0.03907005338494134,0.04159070332321659,0.03907005338494134,0.04033037647604942,14035000,0.0,0.0
2011-04-12 00:00:00+08:00,0.03907004109489531,0.03907004109489531,0.037809718400239944,0.037809718400239944,1149000,0.0,0.0
2011-04-13 00:00:00+08:00,0.039070034445816776,0.04159068316221237,0.037809711965647606,0.04159068316221237,5089000,0.0,0.0
2011-04-14 00:00:00+08:00,0.04159070332321659,0.04159070332321659,0.03907005338494134,0.04033037647604942,4159000,0.0,0.0
2011-04-15 00:00:00+08:00,0.040330375729233155,0.04537167551243156,0.040330375729233155,0.04411134868860245,20820000,0.0,0.0
2011-04-18 00:00:00+08:00,0.050412956223320635,0.051673278908184836,0.046631984412670135,0.046631984412670135,19579000,0.0,0.0
2011-04-19 00:00:00+08:00,0.04663198936946787,0.04663198936946787,0.04411133997574643,0.04537166655063629,5038000,0.0,0.0
2011-04-20 00:00:00+08:00,0.04663198936946787,0.04663198936946787,0.04537166655063629,0.04537166655063629,3179000,0.0,0.0
2011-04-21 00:00:00+08:00,0.04663198936946787,0.04663198936946787,0.04537166655063629,0.04537166655063629,2427000,0.0,0.0
2011-04-25 00:00:00+08:00,0.04537167551243156,0.04537167551243156,0.04411134868860245,0.04411134868860245,1577000,0.0,0.0
2011-04-26 00:00:00+08:00,0.04411134868860245,0.04411134868860245,0.04285102562083236,0.04411134868860245,4613000,0.0,0.0
2011-04-27 00:00:00+08:00,0.044111334873160664,0.04537166130226206,0.04285101220011711,0.04285101220011711,2073000,0.0,0.0
2011-04-28 00:00:00+08:00,0.04285101220011711,0.044111334873160664,0.04159068952707356,0.04285101220011711,2191000,0.0,0.0
2011-04-29 00:00:00+08:00,0.04159068952707356,0.04285101220011711,0.04159068952707356,0.04285101220011711,555000,0.0,0.0
2011-05-03 00:00:00+08:00,0.04285101220011711,0.04537166130226206,0.04285101220011711,0.04285101220011711,8611000,0.0,0.0
2011-05-04 00:00:00+08:00,0.042851005642381534,0.042851005642381534,0.04159068316221237,0.04159068316221237,2662000,0.0,0.0
2011-05-05 00:00:00+08:00,0.04159068316221237,0.042851005642381534,0.04159068316221237,0.04159068316221237,549000,0.0,0.0
2011-05-06 00:00:00+08:00,0.04159068316221237,0.042851005642381534,0.04033035692598594,0.04159068316221237,2025000,0.0,0.0
2011-05-09 00:00:00+08:00,0.04159068316221237,0.042851005642381534,0.04159068316221237,0.04159068316221237,1248000,0.0,0.0
2011-05-10 00:00:00+08:00,0.04159068316221237,0.042851005642381534,0.04159068316221237,0.04159068316221237,1367000,0.0,0.0
2011-05-11 00:00:00+08:00,0.042851005642381534,0.042851005642381534,0.04033035692598594,0.04159068316221237,4923000,0.0,0.0
2011-05-12 00:00:00+08:00,0.04159068316221237,0.04159068316221237,0.04159068316221237,0.04159068316221237,571000,0.0,0.0
2011-05-13 00:00:00+08:00,0.04159068952707356,0.04285101220011711,0.04159068952707356,0.04285101220011711,938000,0.0,0.0
2011-05-16 00:00:00+08:00,0.04033037647604942,0.04033037647604942,0.04033037647604942,0.04033037647604942,192000,0.0,0.0
2011-05-18 00:00:00+08:00,0.04033035692598594,0.04159068316221237,0.04033035692598594,0.04159068316221237,1796000,0.0,0.0
2011-05-19 00:00:00+08:00,0.04159070255306226,0.04537167551243156,0.04159070255306226,0.04411134868860245,27791000,0.0,0.0
2011-05-20 00:00:00+08:00,0.044111334873160664,0.044111334873160664,0.04285101220011711,0.04285101220011711,1055000,0.0,0.0
2011-05-23 00:00:00+08:00,0.04285101220011711,0.044111334873160664,0.04159068952707356,0.04285101220011711,1407000,0.0,0.0
2011-05-24 00:00:00+08:00,0.04285102562083236,0.04411134868860245,0.04285102562083236,0.04411134868860245,5754000,0.0,0.0
2011-05-25 00:00:00+08:00,0.04411134868860245,0.04411134868860245,0.04285102562083236,0.04411134868860245,2239000,0.0,0.0
2011-05-26 00:00:00+08:00,0.04285101220011711,0.04285101220011711,0.04159068952707356,0.04285101220011711,3573000,0.0,0.0
2011-05-27 00:00:00+08:00,0.04159068316221237,0.042851005642381534,0.04159068316221237,0.04159068316221237,694000,0.0,0.0
2011-05-30 00:00:00+08:00,0.04159068316221237,0.04159068316221237,0.04159068316221237,0.04159068316221237,1210000,0.0,0.0
2011-05-31 00:00:00+08:00,0.04159068952707356,0.04285101220011711,0.04159068952707356,0.04285101220011711,1701000,0.0,0.0
2011-06-01 00:00:00+08:00,0.042851005642381534,0.042851005642381534,0.04159068316221237,0.04159068316221237,631000,0.0,0.0
2011-06-02 00:00:00+08:00,0.04159068952707356,0.04285101220011711,0.04159068952707356,0.04285101220011711,1226000,0.0,0.0
2011-06-03 00:00:00+08:00,0.04159068316221237,0.04159068316221237,0.04159068316221237,0.04159068316221237,36000,0.0,0.0
2011-06-06 00:00:00+08:00,0.04159068316221237,0.042851005642381534,0.04159068316221237,0.04159068316221237,1181000,0.0,0.0
2011-06-07 00:00:00+08:00,0.04159068316221237,0.04159068316221237,0.04033035692598594,0.04159068316221237,246000,0.0,0.0
2011-06-08 00:00:00+08:00,0.04159068316221237,0.042851005642381534,0.04159068316221237,0.04159068316221237,259000,0.0,0.0
2011-06-09 00:00:00+08:00,0.04159068952707356,0.04285101220011711,0.04033036309797216,0.04285101220011711,1279000,0.0,0.0
2011-06-10 00:00:00+08:00,0.04159068316221237,0.04159068316221237,0.04033035692598594,0.04159068316221237,408000,0.0,0.0
2011-06-13 00:00:00+08:00,0.04033037647604942,0.04033037647604942,0.03907005338494134,0.04033037647604942,7402000,0.0,0.0
2011-06-14 00:00:00+08:00,0.039070043712854385,0.039070043712854385,0.03780972093374881,0.039070043712854385,1386000,0.0,0.0
2011-06-15 00:00:00+08:00,0.039070043712854385,0.039070043712854385,0.03780972093374881,0.039070043712854385,840000,0.0,0.0
2011-06-16 00:00:00+08:00,0.03780972093374881,0.039070043712854385,0.03780972093374881,0.039070043712854385,2589000,0.0,0.0
2011-06-17 00:00:00+08:00,0.03780972728508134,0.03780972728508134,0.0365494005382061,0.0365494005382061,863000,0.0,0.0
2011-06-20 00:00:00+08:00,0.03780972728508134,0.03780972728508134,0.0365494005382061,0.0365494005382061,1659000,0.0,0.0
2011-06-21 00:00:00+08:00,0.03654939194952667,0.03907004109489531,0.03654939194952667,0.037809718400239944,2423000,0.0,0.0
2011-06-22 00:00:00+08:00,0.037809718400239944,0.03907004109489531,0.037809718400239944,0.037809718400239944,1691000,0.0,0.0
2011-06-23 00:00:00+08:00,0.03780972093374881,0.039070043712854385,0.03780972093374881,0.039070043712854385,1202000,0.0,0.0
2011-06-24 00:00:00+08:00,0.03780972093374881,0.039070043712854385,0.03780972093374881,0.039070043712854385,794000,0.0,0.0
2011-06-27 00:00:00+08:00,0.037809718400239944,0.037809718400239944,0.037809718400239944,0.037809718400239944,1301000,0.0,0.0
2011-06-28 00:00:00+08:00,0.03780972093374881,0.039070043712854385,0.03780972093374881,0.039070043712854385,1157000,0.0,0.0
2011-06-29 00:00:00+08:00,0.03780972093374881,0.039070043712854385,0.03780972093374881,0.039070043712854385,218000,0.0,0.0
2011-06-30 00:00:00+08:00,0.03907004109489531,0.03907004109489531,0.037809718400239944,0.037809718400239944,340000,0.0,0.0
2011-07-01 00:00:00+08:00,0.039070043712854385,0.04033036649195996,0.039070043712854385,0.039070043712854385,3398000,0.0,0.0
2011-07-04 00:00:00+08:00,0.039826238847500764,0.039826238847500764,0.0383138470351696,0.0383138470351696,462000,0.0,0.0
2011-07-05 00:00:00+08:00,0.03856591880321503,0.03881798414753168,0.03831385345889837,0.03856591880321503,239000,0.0,0.0
2011-07-06 00:00:00+08:00,0.038313847791756145,0.039070043712854385,0.038313847791756145,0.039070043712854385,1120000,0.0,0.0
2011-07-07 00:00:00+08:00,0.038817978405821636,0.03957417432691988,0.038817978405821636,0.039070043712854385,833000,0.0,0.0
2011-07-08 00:00:00+08:00,0.03932210803031921,0.03957417333100856,0.03907004272962986,0.039322108030319214,1038000,0.0,0.0
2011-07-11 00:00:00+08:00,0.039070043712854385,0.039070043712854385,0.038817978405821636,0.039070043712854385,1596000,0.0,0.0
2011-07-12 00:00:00+08:00,0.03881798414753168,0.03881798414753168,0.03806178811458172,0.03856591880321503,1057000,0.0,0.0
2011-07-13 00:00:00+08:00,0.038313848768472505,0.03881797939538956,0.038313848768472505,0.03881797939538956,143000,0.0,0.0
2011-07-14 00:00:00+08:00,0.03856591408193103,0.03881797939538956,0.038313848768472505,0.03881797939538956,417000,0.0,0.0
2011-07-15 00:00:00+08:00,0.038313836776397006,0.038313836776397006,0.03806177154183387,0.03806177154183388,639000,0.0,0.0
2011-07-18 00:00:00+08:00,0.037809718400239944,0.038061779934324684,0.03730558781995463,0.037809718400239944,1755000,0.0,0.0
2011-07-19 00:00:00+08:00,0.039070034445816776,0.04159068316221237,0.038817969198571486,0.04159068316221237,7565000,0.0,0.0
2011-07-20 00:00:00+08:00,0.0423468875488016,0.0423468875488016,0.04083449937849768,0.04133863002061844,3647000,0.0,0.0
2011-07-21 00:00:00+08:00,0.041338623534081256,0.041590688815589506,0.04033036240804827,0.04108655825257301,1109000,0.0,0.0
2011-07-22 00:00:00+08:00,0.04133863075250207,0.04285101894958221,0.04133863075250207,0.042094822973012924,5365000,0.0,0.0
2011-07-25 00:00:00+08:00,0.041338630020618446,0.04159069534167882,0.041338630020618446,0.04133863002061844,1436000,0.0,0.0
2011-07-26 00:00:00+08:00,0.04159068952707356,0.04335514277175767,0.04159068952707356,0.04285101220011711,5960000,0.0,0.0
2011-07-27 00:00:00+08:00,0.04285101645314283,0.045119600494627765,0.04285101645314283,0.04461546987295151,13842000,0.0,0.0
2011-07-28 00:00:00+08:00,0.044111335286883845,0.04713611498903897,0.044111335286883845,0.046631984412670135,19088000,0.0,0.0
2011-07-29 00:00:00+08:00,0.04612785313071186,0.04637991841504059,0.04461546518079731,0.04486753046512604,6271000,0.0,0.0
2011-08-01 00:00:00+08:00,0.044867535183789636,0.045371665805465894,0.04436340456211338,0.04461546987295151,1453000,0.0,0.0
2011-08-02 00:00:00+08:00,0.04411133950234756,0.04436340481462039,0.043607208877801895,0.043607208877801895,3144000,0.0,0.0
2011-08-03 00:00:00+08:00,0.043103077230882754,0.04511959574945477,0.042851011946554024,0.04486753046512604,3683000,0.0,0.0
2011-08-04 00:00:00+08:00,0.04486753258159317,0.04486753258159317,0.04335514456033707,0.04335514456033707,2121000,0.0,0.0
2011-08-05 00:00:00+08:00,0.0423468956754578,0.0423468956754578,0.03957418412380821,0.04033037647604942,5828000,0.0,0.0
2011-08-08 00:00:00+08:00,0.03957416294921265,0.03957416294921265,0.0375576448287647,0.03806177154183388,2697000,0.0,0.0
2011-08-10 00:00:00+08:00,0.038565912525687064,0.03881797782897404,0.03680145915873634,0.03730558976531029,3404000,0.0,0.0
2011-08-11 00:00:00+08:00,0.03680145937976238,0.03730558998936409,0.03554113661181623,0.036297328770160675,1628000,0.0,0.0
2011-08-12 00:00:00+08:00,0.03755766193570629,0.03755766193570629,0.036297335188831055,0.0365494005382061,2128000,0.0,0.0
2011-08-15 00:00:00+08:00,0.037305589765310294,0.037305589765310294,0.03680145915873634,0.03730558976531029,1428000,0.0,0.0
2011-08-16 00:00:00+08:00,0.037305584211319916,0.038565906784062055,0.036801453679800034,0.036801453679800034,2252000,0.0,0.0
2011-08-17 00:00:00+08:00,0.03705351894555997,0.03780971474283979,0.036549388414040096,0.036801453679800034,327000,0.0,0.0
2011-08-18 00:00:00+08:00,0.03755766193570629,0.03755766193570629,0.0365494005382061,0.0365494005382061,463000,0.0,0.0
2011-08-19 00:00:00+08:00,0.03629732973341807,0.03629732973341807,0.03528907224351567,0.036045268177986145,1299000,0.0,0.0
2011-08-22 00:00:00+08:00,0.03554114224108677,0.03654939986392741,0.03503701155163709,0.035793207585811615,1522000,0.0,0.0
2011-08-23 00:00:00+08:00,0.03579320824613975,0.0370535312369562,0.035289077547389656,0.0365494005382061,1820000,0.0,0.0
2011-08-24 00:00:00+08:00,0.03654939504490823,0.036801460356398384,0.03579320286649598,0.036045268177986145,1187000,0.0,0.0
2011-08-25 00:00:00+08:00,0.036297328770160675,0.03654939407496153,0.036045267221417945,0.036297328770160675,775000,0.0,0.0
2011-08-26 00:00:00+08:00,0.03528907421746666,0.035793204868646324,0.03478494356628699,0.03554113954305649,3249000,0.0,0.0
2011-08-29 00:00:00+08:00,0.035541137555005826,0.03629732973341807,0.03528907224351567,0.036045268177986145,1341000,0.0,0.0
2011-08-31 00:00:00+08:00,0.036297331199701896,0.037557657808065414,0.036297331199701896,0.037557657808065414,2138000,0.0,0.0
2011-09-01 00:00:00+08:00,0.03780971757650846,0.03780971757650846,0.03654939115325296,0.03705352172255516,1109000,0.0,0.0
2011-09-02 00:00:00+08:00,0.03705352468456324,0.03705352468456324,0.036297328770160675,0.036297328770160675,597000,0.0,0.0
2011-09-05 00:00:00+08:00,0.03604527293053645,0.03604527293053645,0.03579320758581161,0.035793207585811615,221000,0.0,0.0
2011-09-06 00:00:00+08:00,0.03554113661181623,0.036297328770160675,0.03554113661181623,0.036297328770160675,513000,0.0,0.0
2011-09-07 00:00:00+08:00,0.036297328770160675,0.03654939407496153,0.036045267221417945,0.036297328770160675,373000,0.0,0.0
2011-09-08 00:00:00+08:00,0.036801453679800034,0.036801453679800034,0.036549388414040096,0.036801453679800034,1266000,0.0,0.0
2011-09-09 00:00:00+08:00,0.036549388414040096,0.03705351894555997,0.036549388414040096,0.036801453679800034,540000,0.0,0.0
2011-09-12 00:00:00+08:00,0.03629732314828016,0.036801453679800034,0.03629732314828016,0.036801453679800034,955000,0.0,0.0
2011-09-13 00:00:00+08:00,0.036801453679800034,0.036801453679800034,0.036801453679800034,0.036801453679800034,725000,0.0,0.0
2011-09-14 00:00:00+08:00,0.03755765229185736,0.03755765229185736,0.036801456437904057,0.03705352172255516,920000,0.0,0.0
2011-09-15 00:00:00+08:00,0.03755765229185736,0.03755765229185736,0.03705352172255516,0.03705352172255516,735000,0.0,0.0
2011-09-16 00:00:00+08:00,0.037305584211319916,0.037305584211319916,0.036801453679800034,0.036801453679800034,739000,0.0,0.0
2011-09-19 00:00:00+08:00,0.036801456437904057,0.03705352172255516,0.036801456437904057,0.03705352172255516,230000,0.0,0.0
2011-09-20 00:00:00+08:00,0.03705351894555997,0.03705351894555997,0.036801453679800034,0.036801453679800034,181000,0.0,0.0
2011-09-21 00:00:00+08:00,0.03705352172255516,0.03705352172255516,0.03705352172255516,0.03705352172255516,100000,0.0,0.0
2011-09-22 00:00:00+08:00,0.03680146588758115,0.037305596586331244,0.0360452735955148,0.0365494005382061,1161000,0.0,0.0
2011-09-23 00:00:00+08:00,0.035793201916617085,0.036297328770160675,0.035793201916617085,0.036297328770160675,97000,0.0,0.0
2011-09-26 00:00:00+08:00,0.03629733451920257,0.03629733451920257,0.03528907689636193,0.035793207585811615,549000,0.0,0.0
2011-09-27 00:00:00+08:00,0.036045264340008584,0.03755765229185736,0.036045264340008584,0.03705352172255516,1196000,0.0,0.0
2011-09-28 00:00:00+08:00,0.037305596586331244,0.037305596586331244,0.0365494005382061,0.0365494005382061,969000,0.0,0.0
2011-09-29 00:00:00+08:00,0.03654939407496153,0.03680145937976238,0.036297328770160675,0.036297328770160675,2413000,0.0,0.0
2011-09-30 00:00:00+08:00,0.03629733451920257,0.03629733451920257,0.03554114224108677,0.035793207585811615,2474000,0.0,0.0
2011-10-03 00:00:00+08:00,0.035793198334155465,0.035793198334155465,0.03528906777501106,0.03528906777501106,1681000,0.0,0.0
2011-10-04 00:00:00+08:00,0.03528906787009962,0.03528906787009962,0.03402874522490034,0.03428081050515175,1671000,0.0,0.0
2011-10-05 00:00:00+08:00,0.03428081598040861,0.035037008185882436,0.03428081598040861,0.034784942865371704,1021000,0.0,0.0
2011-10-06 00:00:00+08:00,0.035037009203571376,0.035037009203571376,0.03453287854790688,0.034532878547906876,993000,0.0,0.0
2011-10-07 00:00:00+08:00,0.035037002495438854,0.035793198334155465,0.035037002495438854,0.03528906777501106,2051000,0.0,0.0
2011-10-10 00:00:00+08:00,0.03528906777501106,0.03528906777501106,0.035037002495438854,0.03528906777501106,1192000,0.0,0.0
2011-10-11 00:00:00+08:00,0.035541137809425645,0.03604526843601476,0.03503700718283653,0.03503700718283653,3152000,0.0,0.0
2011-10-12 00:00:00+08:00,0.03554113954305649,0.03604527019423616,0.03528907421746666,0.03554113954305649,1617000,0.0,0.0
2011-10-13 00:00:00+08:00,0.035793204868646324,0.035793204868646324,0.03554113954305649,0.03554113954305649,937000,0.0,0.0
2011-10-14 00:00:00+08:00,0.035541137555005826,0.03604526817798614,0.035541137555005826,0.036045268177986145,1080000,0.0,0.0
2011-10-17 00:00:00+08:00,0.036297335188831055,0.0365494005382061,0.0360452735955148,0.0365494005382061,741000,0.0,0.0
2011-10-18 00:00:00+08:00,0.03579320758581161,0.03604527293053645,0.03579320758581161,0.035793207585811615,355000,0.0,0.0
2011-10-19 00:00:00+08:00,0.03579320758581161,0.03629733451920257,0.03579320758581161,0.035793207585811615,731000,0.0,0.0
2011-10-20 00:00:00+08:00,0.036045267221417945,0.036297328770160675,0.035793201916617085,0.036297328770160675,295000,0.0,0.0
2011-10-21 00:00:00+08:00,0.036297335188831055,0.03680146588758115,0.036297335188831055,0.0365494005382061,675000,0.0,0.0
2011-10-24 00:00:00+08:00,0.03705352172255516,0.03755765229185736,0.03654939115325296,0.03705352172255516,1826000,0.0,0.0
2011-10-25 00:00:00+08:00,0.03730558700720626,0.03730558700720626,0.03705352172255516,0.03705352172255516,1215000,0.0,0.0
2011-10-27 00:00:00+08:00,0.03730559583769047,0.039070049491848335,0.03680146514905716,0.03856591880321503,2441000,0.0,0.0
2011-10-28 00:00:00+08:00,0.03907003248008639,0.03907003248008639,0.0375576448287647,0.03806177154183388,1557000,0.0,0.0
2011-10-31 00:00:00+08:00,0.038061779934324684,0.03831384522446734,0.03755765311009729,0.037809718400239944,734000,0.0,0.0
2011-11-01 00:00:00+08:00,0.03780971757650846,0.03780971757650846,0.03705352172255516,0.03705352172255516,1127000,0.0,0.0
2011-11-02 00:00:00+08:00,0.0365493965213746,0.03780972312973812,0.0365493965213746,0.037557657808065414,789000,0.0,0.0
2011-11-03 00:00:00+08:00,0.03781846791364465,0.03781846791364465,0.03729683668780155,0.03755765035748482,1016000,0.005,0.0
2011-11-04 00:00:00+08:00,0.03755765035748482,0.03781846791364465,0.03755765035748482,0.03755765035748482,626000,0.0,0.0
2011-11-08 00:00:00+08:00,0.03755765035748482,0.038079285469804484,0.03755765035748482,0.03755765035748482,169000,0.0,0.0
2011-11-09 00:00:00+08:00,0.038079297924487984,0.03834011556595404,0.03781848028302192,0.03781848028302193,608000,0.0,0.0
2011-11-10 00:00:00+08:00,0.03755766264155586,0.03781848028302192,0.03755766264155586,0.03781848028302193,351000,0.0,0.0
2011-11-11 00:00:00+08:00,0.03755765386493199,0.03834010660648346,0.03755765386493199,0.03834010660648346,268000,0.0,0.0
2011-11-14 00:00:00+08:00,0.03886174176751778,0.03886174176751778,0.0380792890259663,0.03834010660648346,1430000,0.0,0.0
2011-11-15 00:00:00+08:00,0.03860092418700062,0.03860092418700062,0.0380792890259663,0.03834010660648346,584000,0.0,0.0
2011-11-16 00:00:00+08:00,0.03886173919410527,0.03886173919410527,0.03834010406761348,0.038600921630859375,242000,0.0,0.0
2011-11-17 00:00:00+08:00,0.038600921630859375,0.03886173919410527,0.03834010406761348,0.038600921630859375,175000,0.0,0.0
2011-11-18 00:00:00+08:00,0.038600919225514015,0.038600919225514015,0.03807928413152695,0.03807928413152695,297000,0.0,0.0
2011-11-21 00:00:00+08:00,0.038079297924487984,0.03834011556595404,0.03781848028302192,0.03781848028302193,417000,0.0,0.0
2011-11-22 00:00:00+08:00,0.03781846658453342,0.03807928413152695,0.03781846658453342,0.03807928413152695,132000,0.0,0.0
2011-11-23 00:00:00+08:00,0.03781848028302192,0.03781848028302192,0.03781848028302192,0.03781848028302193,200000,0.0,0.0
2011-11-24 00:00:00+08:00,0.03727820683217936,0.03835873678326607,0.03727820683217936,0.03835873678326607,64000,0.005,0.0
2011-11-25 00:00:00+08:00,0.037278205156326294,0.037278205156326294,0.037278205156326294,0.037278205156326294,91000,0.0,0.0
2011-11-28 00:00:00+08:00,0.037818470107581874,0.037818470107581874,0.037278205156326294,0.037278205156326294,237000,0.0,0.0
2011-11-29 00:00:00+08:00,0.037278212056688735,0.03781847710794978,0.037278212056688735,0.03754834458231926,208000,0.0,0.0
2011-11-30 00:00:00+08:00,0.03781848028302193,0.03781848028302193,0.03754834773471228,0.03781848028302193,6000,0.0,0.0
2011-12-01 00:00:00+08:00,0.03781848028302193,0.03781848028302193,0.03646782156675416,0.03781848028302193,128000,0.0,0.0
2011-12-02 00:00:00+08:00,0.037818470107581874,0.037818470107581874,0.037278205156326294,0.037278205156326294,295000,0.0,0.0
2011-12-05 00:00:00+08:00,0.037278205156326294,0.03754833763195409,0.03700807268069851,0.037278205156326294,270000,0.0,0.0
2011-12-06 00:00:00+08:00,0.03700808063149452,0.03700808063149452,0.03700808063149452,0.03700808063149452,91000,0.0,0.0
2011-12-07 00:00:00+08:00,0.03700808063149452,0.03727821316515744,0.03700808063149452,0.03700808063149452,11000,0.0,0.0
2011-12-08 00:00:00+08:00,0.03727821316515744,0.03727821316515744,0.03700808063149452,0.03700808063149452,70000,0.0,0.0
2011-12-09 00:00:00+08:00,0.03592755477468676,0.036737952381372445,0.035117157168001074,0.03673795238137245,161000,0.0,0.0
2011-12-12 00:00:00+08:00,0.03673795212311187,0.03727821316515744,0.03619768705578604,0.03700808063149452,78000,0.0,0.0
2011-12-13 00:00:00+08:00,0.03619768705578604,0.03727821316515744,0.03619768705578604,0.03700808063149452,5000,0.0,0.0
2011-12-14 00:00:00+08:00,0.03511714937658338,0.03754833763195409,0.03511714937658338,0.037278205156326294,213000,0.0,0.0
2011-12-15 00:00:00+08:00,0.03916913571082222,0.042410721993108295,0.036197685979446816,0.03754834458231926,572000,0.0,0.0
2011-12-16 00:00:00+08:00,0.03646782156675416,0.03781848028302193,0.03646782156675416,0.03781848028302193,335000,0.0,0.0
2011-12-19 00:00:00+08:00,0.036467812955379486,0.036467812955379486,0.036467812955379486,0.036467812955379486,13000,0.0,0.0
2011-12-20 00:00:00+08:00,0.03646781175472233,0.037278205156326294,0.03646781175472233,0.037278205156326294,284000,0.0,0.0
2011-12-21 00:00:00+08:00,0.03673794423035012,0.037278205156326294,0.03673794423035012,0.037278205156326294,95000,0.0,0.0
2011-12-22 00:00:00+08:00,0.03700808089165405,0.03700808089165405,0.036737952381372445,0.03673795238137245,199000,0.0,0.0
2011-12-23 00:00:00+08:00,0.03700807953105822,0.03754834458231926,0.03700807953105822,0.03754834458231926,166000,0.0,0.0
2011-12-27 00:00:00+08:00,0.036737952381372445,0.03781847849833973,0.036737952381372445,0.03673795238137245,21000,0.0,0.0
2011-12-28 00:00:00+08:00,0.037548345962777833,0.037548345962777833,0.036737952381372445,0.03673795238137245,35000,0.0,0.0
2011-12-29 00:00:00+08:00,0.036737952381372445,0.03781847849833973,0.036737952381372445,0.03673795238137245,180000,0.0,0.0
2011-12-30 00:00:00+08:00,0.03781847823248327,0.03781847823248327,0.03646781958944896,0.03700808063149452,257000,0.0,0.0
2012-01-03 00:00:00+08:00,0.03700807953105822,0.03754834458231926,0.03673795103070785,0.03754834458231926,240000,0.0,0.0
2012-01-04 00:00:00+08:00,0.03754833763195409,0.03754833763195409,0.037278205156326294,0.037278205156326294,124000,0.0,0.0
2012-01-05 00:00:00+08:00,0.037278205156326294,0.037278205156326294,0.03700807268069851,0.037278205156326294,233000,0.0,0.0
2012-01-06 00:00:00+08:00,0.03700808063149452,0.03700808063149452,0.03700808063149452,0.03700808063149452,14000,0.0,0.0
2012-01-09 00:00:00+08:00,0.03700808063149452,0.03700808063149452,0.03700808063149452,0.03700808063149452,71000,0.0,0.0
2012-01-10 00:00:00+08:00,0.03700808063149452,0.03781847823248327,0.03700808063149452,0.03700808063149452,188000,0.0,0.0
2012-01-11 00:00:00+08:00,0.03754834458231926,0.03754834458231926,0.03754834458231926,0.03754834458231926,90000,0.0,0.0
2012-01-12 00:00:00+08:00,0.03754834773471228,0.03808861283133158,0.037278215186402626,0.03781848028302193,560000,0.0,0.0
2012-01-13 00:00:00+08:00,0.03835873557177229,0.039979526421932914,0.03781847061329226,0.039169128984212875,1262000,0.0,0.0
2012-01-16 00:00:00+08:00,0.03943926451250259,0.04187045298833845,0.03916913201237863,0.04160032048821449,8154000,0.0,0.0
2012-01-17 00:00:00+08:00,0.04214058443903923,0.04295097789395018,0.04214058443903923,0.04214058443903923,13193000,0.0,0.0
2012-01-18 00:00:00+08:00,0.04214058548846241,0.04214058548846241,0.041060055487966575,0.04160032048821449,2033000,0.0,0.0
2012-01-19 00:00:00+08:00,0.04160032048821449,0.04187045298833845,0.04133018798809053,0.04160032048821449,852000,0.0,0.0
2012-01-20 00:00:00+08:00,0.04160032209362353,0.04160032209362353,0.040789924561977386,0.040789924561977386,917000,0.0,0.0
2012-01-25 00:00:00+08:00,0.0410600570725261,0.041330189583074814,0.040789924561977386,0.040789924561977386,970000,0.0,0.0
2012-01-26 00:00:00+08:00,0.0410600570725261,0.041330189583074814,0.040789924561977386,0.040789924561977386,587000,0.0,0.0
2012-01-27 00:00:00+08:00,0.041060055487966575,0.042410717988586366,0.041060055487966575,0.04160032048821449,3639000,0.0,0.0
2012-01-30 00:00:00+08:00,0.04160032048821449,0.04160032048821449,0.04133018798809053,0.04160032048821449,687000,0.0,0.0
2012-01-31 00:00:00+08:00,0.04160032259826506,0.04268085265356751,0.04160032259826506,0.0424107201397419,1065000,0.0,0.0
2012-02-01 00:00:00+08:00,0.04268084942583298,0.04295097789395018,0.04187045194564236,0.04214058443903923,1883000,0.0,0.0
2012-02-02 00:00:00+08:00,0.04214058443903923,0.04295097789395018,0.04214058443903923,0.04214058443903923,3015000,0.0,0.0
2012-02-03 00:00:00+08:00,0.0424107201397419,0.04268085265356751,0.04187045511209067,0.0424107201397419,1703000,0.0,0.0
2012-02-06 00:00:00+08:00,0.04295097789395018,0.04349124288074393,0.04214058443903923,0.04214058443903923,2813000,0.0,0.0
2012-02-07 00:00:00+08:00,0.04295098114211315,0.04295098114211315,0.042140587625916284,0.0424107201397419,393000,0.0,0.0
2012-02-08 00:00:00+08:00,0.04295097931147677,0.04403150932072538,0.04214058582982011,0.043491244316101074,5294000,0.0,0.0
2012-02-09 00:00:00+08:00,0.043491244316101074,0.04457177432534969,0.043221111813788925,0.043491244316101074,6412000,0.0,0.0
2012-02-10 00:00:00+08:00,0.04349124109772058,0.044031506062364924,0.04295097613307624,0.04322110861539841,1920000,0.0,0.0
2012-02-13 00:00:00+08:00,0.04322111287421617,0.04322111287421617,0.0426808518816164,0.04295098036527634,732000,0.0,0.0
2012-02-14 00:00:00+08:00,0.04322110861539841,0.04322110861539841,0.042410715193711396,0.04322110861539841,847000,0.0,0.0
2012-02-15 00:00:00+08:00,0.042680852115154266,0.043491245621128126,0.04241071960473634,0.042680852115154266,3898000,0.0,0.0
2012-02-16 00:00:00+08:00,0.042680851030569386,0.042680851030569386,0.041330188512802124,0.041330188512802124,1385000,0.0,0.0
2012-02-17 00:00:00+08:00,0.042140584960365574,0.04241071745710429,0.04187045246362686,0.04187045246362686,626000,0.0,0.0
2012-02-20 00:00:00+08:00,0.04214058443903923,0.0424107169324361,0.04187045194564236,0.04214058443903923,711000,0.0,0.0
2012-02-21 00:00:00+08:00,0.042140587625916284,0.04268085265356751,0.04187045511209067,0.0424107201397419,652000,0.0,0.0
2012-02-22 00:00:00+08:00,0.04241071937267656,0.04349124538315601,0.04241071937267656,0.04295098036527634,2400000,0.0,0.0
2012-02-23 00:00:00+08:00,0.04322111092204072,0.04322111092204072,0.04160031996688814,0.04187045246362686,932000,0.0,0.0
2012-02-24 00:00:00+08:00,0.042680849953843004,0.042680849953843004,0.04187045246362686,0.04187045246362686,606000,0.0,0.0
2012-02-27 00:00:00+08:00,0.04241071745710429,0.04241071745710429,0.04187045246362686,0.04187045246362686,941000,0.0,0.0
2012-02-28 00:00:00+08:00,0.04187045194564236,0.0424107169324361,0.04160031945224548,0.04214058443903923,712000,0.0,0.0
2012-02-29 00:00:00+08:00,0.04214058443903923,0.0424107169324361,0.04214058443903923,0.04214058443903923,359000,0.0,0.0
2012-03-01 00:00:00+08:00,0.04214058443903923,0.04214058443903923,0.04187045194564236,0.04214058443903923,601000,0.0,0.0
2012-03-02 00:00:00+08:00,0.042410715193711396,0.04349124109772058,0.04214058271138923,0.04322110861539841,1629000,0.0,0.0
2012-03-05 00:00:00+08:00,0.044031506062364924,0.04511203196637411,0.04322110861539841,0.04322110861539841,8800000,0.0,0.0
2012-03-06 00:00:00+08:00,0.04322111038734706,0.04322111038734706,0.04214058443903923,0.04214058443903923,1456000,0.0,0.0
2012-03-07 00:00:00+08:00,0.04214058443903923,0.04322111038734706,0.04214058443903923,0.04214058443903923,268000,0.0,0.0
2012-03-08 00:00:00+08:00,0.0432211131107102,0.0432211131107102,0.042140587094318414,0.042680852115154266,661000,0.0,0.0
2012-03-09 00:00:00+08:00,0.04322111365593876,0.04322111365593876,0.042140587625916284,0.0424107201397419,166000,0.0,0.0
2012-03-12 00:00:00+08:00,0.04295098114211315,0.04295098114211315,0.04187045511209067,0.0424107201397419,771000,0.0,0.0
2012-03-13 00:00:00+08:00,0.04268085265356751,0.04268085265356751,0.04187045511209067,0.0424107201397419,444000,0.0,0.0
2012-03-14 00:00:00+08:00,0.04295097828353736,0.04403150826692581,0.04241071731712284,0.04403150826692581,2606000,0.0,0.0
2012-03-15 00:00:00+08:00,0.04430164290997552,0.04457177541891536,0.04295098036527634,0.04295098036527634,3685000,0.0,0.0
2012-03-16 00:00:00+08:00,0.04322111287421617,0.04322111287421617,0.04295098036527634,0.04295098036527634,104000,0.0,0.0
2012-03-19 00:00:00+08:00,0.04322111287421617,0.04322111287421617,0.04241071937267656,0.04295098036527634,386000,0.0,0.0
2012-03-20 00:00:00+08:00,0.042950980600292274,0.0432211131107102,0.042680852115154266,0.042680852115154266,768000,0.0,0.0
2012-03-21 00:00:00+08:00,0.042680852115154266,0.042680852115154266,0.04241071960473634,0.042680852115154266,454000,0.0,0.0
2012-03-22 00:00:00+08:00,0.04268084942583298,0.04322111038734706,0.04214058443903923,0.04214058443903923,977000,0.0,0.0
2012-03-23 00:00:00+08:00,0.042140587625916284,0.0424107201397419,0.042140587625916284,0.0424107201397419,184000,0.0,0.0
2012-03-26 00:00:00+08:00,0.04295097789395018,0.04295097789395018,0.04214058443903923,0.04214058443903923,183000,0.0,0.0
2012-03-27 00:00:00+08:00,0.04241071960473634,0.042950980600292274,0.04241071960473634,0.042680852115154266,624000,0.0,0.0
2012-03-28 00:00:00+08:00,0.04295097931147677,0.04403150932072538,0.04214058582982011,0.043491244316101074,2936000,0.0,0.0
2012-03-29 00:00:00+08:00,0.04295098036527634,0.04349124538315601,0.0426808518816164,0.04295098036527634,678000,0.0,0.0
2012-03-30 00:00:00+08:00,0.04349124109772058,0.04349124109772058,0.04295097613307624,0.04322110861539841,774000,0.0,0.0
2012-04-02 00:00:00+08:00,0.043491244316101074,0.04430164182303754,0.043491244316101074,0.043491244316101074,1542000,0.0,0.0
2012-04-03 00:00:00+08:00,0.043761373580042756,0.043761373580042756,0.04322110861539841,0.04322110861539841,390000,0.0,0.0
2012-04-04 00:00:00+08:00,0.04322111365593876,0.04322111365593876,0.0424107201397419,0.0424107201397419,957000,0.0,0.0
2012-04-05 00:00:00+08:00,0.04268085265356751,0.04295098114211315,0.0424107201397419,0.0424107201397419,484000,0.0,0.0
2012-04-09 00:00:00+08:00,0.04268084942583298,0.04268084942583298,0.04214058443903923,0.04214058443903923,656000,0.0,0.0
2012-04-10 00:00:00+08:00,0.042140587625916284,0.04268085265356751,0.042140587625916284,0.0424107201397419,710000,0.0,0.0
2012-04-11 00:00:00+08:00,0.042140587625916284,0.0424107201397419,0.04187045511209067,0.0424107201397419,692000,0.0,0.0
2012-04-12 00:00:00+08:00,0.0424107201397419,0.0424107201397419,0.0424107201397419,0.0424107201397419,398000,0.0,0.0
2012-04-13 00:00:00+08:00,0.04268085265356751,0.04295098114211315,0.0424107201397419,0.0424107201397419,621000,0.0,0.0
2012-04-16 00:00:00+08:00,0.042140584960365574,0.042140584960365574,0.04187045246362686,0.04187045246362686,60000,0.0,0.0
2012-04-17 00:00:00+08:00,0.04187045194564236,0.04214058443903923,0.04187045194564236,0.04214058443903923,678000,0.0,0.0
2012-04-18 00:00:00+08:00,0.04214058443903923,0.04268084942583298,0.04214058443903923,0.04214058443903923,402000,0.0,0.0
2012-04-19 00:00:00+08:00,0.04187045511209067,0.04268085265356751,0.04187045511209067,0.0424107201397419,76000,0.0,0.0
2012-04-20 00:00:00+08:00,0.04214058443903923,0.0424107169324361,0.04187045194564236,0.04214058443903923,170000,0.0,0.0
2012-04-23 00:00:00+08:00,0.042140584960365574,0.04241071745710429,0.04160031996688814,0.04187045246362686,668000,0.0,0.0
2012-04-24 00:00:00+08:00,0.042140587625916284,0.0424107201397419,0.042140587625916284,0.0424107201397419,627000,0.0,0.0
2012-04-25 00:00:00+08:00,0.0424107201397419,0.0424107201397419,0.042140587625916284,0.0424107201397419,241000,0.0,0.0
2012-04-26 00:00:00+08:00,0.0424107169324361,0.04268084942583298,0.04214058443903923,0.04214058443903923,265000,0.0,0.0
2012-04-27 00:00:00+08:00,0.0424107201397419,0.04349124616976437,0.0424107201397419,0.0424107201397419,1342000,0.0,0.0
2012-04-30 00:00:00+08:00,0.04187045194564236,0.0424107169324361,0.04187045194564236,0.04214058443903923,105000,0.0,0.0
2012-05-02 00:00:00+08:00,0.042140587625916284,0.04268085265356751,0.042140587625916284,0.0424107201397419,66000,0.0,0.0
2012-05-03 00:00:00+08:00,0.04187045194564236,0.0424107169324361,0.04187045194564236,0.04214058443903923,177000,0.0,0.0
2012-05-04 00:00:00+08:00,0.0424107201397419,0.0424107201397419,0.042140587625916284,0.0424107201397419,223000,0.0,0.0
2012-05-07 00:00:00+08:00,0.04187045246362686,0.04187045246362686,0.04078992247667199,0.04187045246362686,403000,0.0,0.0
2012-05-08 00:00:00+08:00,0.04160031996688814,0.04187045246362686,0.04133018747014943,0.04187045246362686,1269000,0.0,0.0
2012-05-09 00:00:00+08:00,0.04133018798809053,0.04160032048821449,0.04133018798809053,0.04160032048821449,171000,0.0,0.0
2012-05-10 00:00:00+08:00,0.040789923505695214,0.041330188512802124,0.040789923505695214,0.041330188512802124,65000,0.0,0.0
2012-05-11 00:00:00+08:00,0.04106005281209946,0.04106005281209946,0.04078992032957992,0.04106005281209946,550000,0.0,0.0
2012-05-14 00:00:00+08:00,0.040519789848504524,0.04133018323030703,0.03997952491044998,0.03997952491044998,679000,0.0,0.0
2012-05-15 00:00:00+08:00,0.03997952491044998,0.04024965737947725,0.039709392441422714,0.03997952491044998,214000,0.0,0.0
2012-05-16 00:00:00+08:00,0.04078991546042289,0.04078991546042289,0.03916912478406155,0.039439257234334946,130000,0.0,0.0
2012-05-17 00:00:00+08:00,0.039439257234334946,0.039439257234334946,0.039439257234334946,0.039439257234334946,52000,0.0,0.0
2012-05-18 00:00:00+08:00,0.038628869271037744,0.038628869271037744,0.037818471807722714,0.03835873678326607,333000,0.0,0.0
2012-05-21 00:00:00+08:00,0.03889899700880051,0.03889899700880051,0.037548338620385896,0.03889899700880051,286000,0.0,0.0
2012-05-22 00:00:00+08:00,0.03916912949153933,0.03916912949153933,0.038358736068602364,0.03889899700880051,23000,0.0,0.0
2012-05-23 00:00:00+08:00,0.038628872483968735,0.038628872483968735,0.03808860746348919,0.038628872483968735,81000,0.0,0.0
2012-05-24 00:00:00+08:00,0.038628872483968735,0.038628872483968735,0.038628872483968735,0.038628872483968735,0,0.0,0.0
2012-05-25 00:00:00+08:00,0.03808860746348919,0.038628872483968735,0.03808860746348919,0.038628872483968735,27000,0.0,0.0
2012-05-28 00:00:00+08:00,0.03754833410770022,0.039439257234334946,0.03754833410770022,0.039439257234334946,4000,0.0,0.0
2012-05-29 00:00:00+08:00,0.03889899700880051,0.039439261974278154,0.03889899700880051,0.03889899700880051,28000,0.0,0.0
2012-05-30 00:00:00+08:00,0.03916912949153933,0.039439261974278154,0.038088603585863544,0.03889899700880051,212000,0.0,0.0
2012-05-31 00:00:00+08:00,0.03835873678326607,0.039169130221301515,0.03835873678326607,0.03835873678326607,4000,0.0,0.0
2012-06-01 00:00:00+08:00,0.03835873678326607,0.03835873678326607,0.03835873678326607,0.03835873678326607,198000,0.0,0.0
2012-06-04 00:00:00+08:00,0.03781848028302193,0.03781848028302193,0.03781848028302193,0.03781848028302193,86000,0.0,0.0
2012-06-05 00:00:00+08:00,0.03835873678326607,0.03835873678326607,0.03835873678326607,0.03835873678326607,110000,0.0,0.0
2012-06-06 00:00:00+08:00,0.038628866590592933,0.03997952491044998,0.038628866590592933,0.03997952491044998,241000,0.0,0.0
2012-06-07 00:00:00+08:00,0.03862886855134119,0.039439261974278154,0.03862886855134119,0.03889899700880051,154000,0.0,0.0
2012-06-08 00:00:00+08:00,0.0380886048078537,0.0380886048078537,0.03781847231644826,0.0380886048078537,61000,0.0,0.0
2012-06-11 00:00:00+08:00,0.03808860746348919,0.038628872483968735,0.03808860746348919,0.038628872483968735,104000,0.0,0.0
2012-06-12 00:00:00+08:00,0.03835873678326607,0.03835873678326607,0.03835873678326607,0.03835873678326607,58000,0.0,0.0
2012-06-13 00:00:00+08:00,0.03916913347916835,0.03916913347916835,0.03835873997372896,0.038628872483968735,165000,0.0,0.0
2012-06-14 00:00:00+08:00,0.038628872483968735,0.03970939849964789,0.03835873997372896,0.038628872483968735,161000,0.0,0.0
2012-06-15 00:00:00+08:00,0.03862886855134119,0.0399795269397558,0.03862886855134119,0.03889899700880051,176000,0.0,0.0
2012-06-18 00:00:00+08:00,0.038628872483968735,0.038628872483968735,0.038628872483968735,0.038628872483968735,6000,0.0,0.0
2012-06-19 00:00:00+08:00,0.03889899650497286,0.039169128984212875,0.03889899650497286,0.039169128984212875,72000,0.0,0.0
2012-06-20 00:00:00+08:00,0.039169128984212875,0.039169128984212875,0.0386288680510123,0.039169128984212875,267000,0.0,0.0
2012-06-21 00:00:00+08:00,0.03889899650497286,0.039169128984212875,0.03889899650497286,0.039169128984212875,25000,0.0,0.0
2012-06-22 00:00:00+08:00,0.0386288680510123,0.039169128984212875,0.0386288680510123,0.039169128984212875,182000,0.0,0.0
2012-06-25 00:00:00+08:00,0.039169128984212875,0.039169128984212875,0.03889899650497286,0.039169128984212875,270000,0.0,0.0
2012-06-26 00:00:00+08:00,0.0386288680510123,0.0397093939426929,0.0386288680510123,0.039169128984212875,234000,0.0,0.0
2012-06-27 00:00:00+08:00,0.03889899650497286,0.039169128984212875,0.03889899650497286,0.039169128984212875,172000,0.0,0.0
2012-06-28 00:00:00+08:00,0.039169128984212875,0.039439261463452883,0.039169128984212875,0.039169128984212875,358000,0.0,0.0
2012-06-29 00:00:00+08:00,0.039439261974278154,0.039709394457016975,0.03889899700880051,0.03889899700880051,89000,0.0,0.0
2012-07-02 00:00:00+08:00,0.03970938968460834,0.039979522134881734,0.039439257234334946,0.039439257234334946,229000,0.0,0.0
2012-07-03 00:00:00+08:00,0.03970938968460834,0.04024965458515513,0.039439257234334946,0.039439257234334946,244000,0.0,0.0
2012-07-04 00:00:00+08:00,0.0397093939426929,0.0397093939426929,0.039169128984212875,0.039169128984212875,297000,0.0,0.0
2012-07-05 00:00:00+08:00,0.039439257234334946,0.04024965458515513,0.03916912478406155,0.039439257234334946,257000,0.0,0.0
2012-07-06 00:00:00+08:00,0.03970939930500613,0.04024966433644295,0.03970939930500613,0.04024966433644295,157000,0.0,0.0
2012-07-09 00:00:00+08:00,0.03970939930500613,0.04024966433644295,0.03943926678928772,0.04024966433644295,154000,0.0,0.0
2012-07-10 00:00:00+08:00,0.03970939666032791,0.03997952915805528,0.03970939666032791,0.03970939666032791,81000,0.0,0.0
2012-07-11 00:00:00+08:00,0.039709392441422714,0.03997952491044998,0.039709392441422714,0.03997952491044998,254000,0.0,0.0
2012-07-12 00:00:00+08:00,0.03997952491044998,0.03997952491044998,0.03997952491044998,0.03997952491044998,142000,0.0,0.0
2012-07-13 00:00:00+08:00,0.03997952491044998,0.03997952491044998,0.039709392441422714,0.03997952491044998,100000,0.0,0.0
2012-07-16 00:00:00+08:00,0.041330189822924454,0.041330189822924454,0.0399795312876226,0.040519796311855316,452000,0.0,0.0
2012-07-17 00:00:00+08:00,0.04106005731080809,0.041330189822924454,0.040519796311855316,0.040519796311855316,461000,0.0,0.0
2012-07-18 00:00:00+08:00,0.04078992479869173,0.04078992479869173,0.040519796311855316,0.040519796311855316,360000,0.0,0.0
2012-07-19 00:00:00+08:00,0.040249663799738954,0.040519796311855316,0.040249663799738954,0.040519796311855316,118000,0.0,0.0
2012-07-20 00:00:00+08:00,0.04024966433644295,0.04024966433644295,0.04024966433644295,0.04024966433644295,23000,0.0,0.0
2012-07-23 00:00:00+08:00,0.03997952915805528,0.03997952915805528,0.03970939666032791,0.03970939666032791,224000,0.0,0.0
2012-07-24 00:00:00+08:00,0.03997952491044998,0.03997952491044998,0.03997952491044998,0.03997952491044998,48000,0.0,0.0
2012-07-25 00:00:00+08:00,0.03970939666032791,0.03970939666032791,0.03970939666032791,0.03970939666032791,81000,0.0,0.0
2012-07-26 00:00:00+08:00,0.03997952915805528,0.03997952915805528,0.03970939666032791,0.03970939666032791,303000,0.0,0.0
2012-07-27 00:00:00+08:00,0.03997952915805528,0.03997952915805528,0.03970939666032791,0.03970939666032791,61000,0.0,0.0
2012-07-30 00:00:00+08:00,0.039709392441422714,0.03997952491044998,0.03943925997239544,0.03997952491044998,352000,0.0,0.0
2012-07-31 00:00:00+08:00,0.039709392441422714,0.03997952491044998,0.039709392441422714,0.03997952491044998,46000,0.0,0.0
2012-08-01 00:00:00+08:00,0.03970939666032791,0.03997952915805528,0.03970939666032791,0.03970939666032791,214000,0.0,0.0
2012-08-02 00:00:00+08:00,0.03997952491044998,0.04078991829225249,0.03997952491044998,0.03997952491044998,341000,0.0,0.0
2012-08-03 00:00:00+08:00,0.03997952491044998,0.03997952491044998,0.039709392441422714,0.03997952491044998,132000,0.0,0.0
2012-08-06 00:00:00+08:00,0.040249663799738954,0.040519796311855316,0.0399795312876226,0.040519796311855316,381000,0.0,0.0
2012-08-07 00:00:00+08:00,0.04024966433644295,0.04024966433644295,0.039979531820724536,0.04024966433644295,99000,0.0,0.0
2012-08-08 00:00:00+08:00,0.03997952915805528,0.03997952915805528,0.03970939666032791,0.03970939666032791,116000,0.0,0.0
2012-08-10 00:00:00+08:00,0.0399795312876226,0.040519796311855316,0.0399795312876226,0.040519796311855316,124000,0.0,0.0
2012-08-13 00:00:00+08:00,0.0399795312876226,0.040519796311855316,0.039709398775506236,0.040519796311855316,47000,0.0,0.0
2012-08-14 00:00:00+08:00,0.03970939930500613,0.04024966433644295,0.03943926678928772,0.04024966433644295,196000,0.0,0.0
2012-08-15 00:00:00+08:00,0.039709392441422714,0.03997952491044998,0.039709392441422714,0.03997952491044998,41000,0.0,0.0
2012-08-16 00:00:00+08:00,0.039979531820724536,0.04024966433644295,0.03970939930500613,0.04024966433644295,74000,0.0,0.0
2012-08-17 00:00:00+08:00,0.04024966433644295,0.04024966433644295,0.039979531820724536,0.04024966433644295,220000,0.0,0.0
2012-08-21 00:00:00+08:00,0.04024966433644295,0.04024966433644295,0.039979531820724536,0.04024966433644295,142000,0.0,0.0
2012-08-22 00:00:00+08:00,0.0399795312876226,0.040519796311855316,0.0399795312876226,0.040519796311855316,140000,0.0,0.0
2012-08-23 00:00:00+08:00,0.0405197960767086,0.0410600570725261,0.0405197960767086,0.040789924561977386,1670000,0.0,0.0
2012-08-24 00:00:00+08:00,0.040789925342599766,0.040789925342599766,0.04024966433644295,0.04024966433644295,89000,0.0,0.0
2012-08-27 00:00:00+08:00,0.03970939854506245,0.040789924561977386,0.03970939854506245,0.040789924561977386,328000,0.0,0.0
2012-08-28 00:00:00+08:00,0.040249663799738954,0.040519796311855316,0.040249663799738954,0.040519796311855316,347000,0.0,0.0
2012-08-29 00:00:00+08:00,0.0405197960767086,0.040789924561977386,0.0405197960767086,0.040789924561977386,305000,0.0,0.0
2012-08-30 00:00:00+08:00,0.040789925342599766,0.040789925342599766,0.04024966433644295,0.04024966433644295,575000,0.0,0.0
2012-08-31 00:00:00+08:00,0.040519796311855316,0.040519796311855316,0.040519796311855316,0.040519796311855316,389000,0.0,0.0
2012-09-03 00:00:00+08:00,0.04051979685216136,0.04051979685216136,0.04024966433644295,0.04024966433644295,130000,0.0,0.0
2012-09-04 00:00:00+08:00,0.04024965737947725,0.04024965737947725,0.03997952491044998,0.03997952491044998,238000,0.0,0.0
2012-09-05 00:00:00+08:00,0.039709392441422714,0.03997952491044998,0.039709392441422714,0.03997952491044998,552000,0.0,0.0
2012-09-06 00:00:00+08:00,0.03943925997239544,0.03997952491044998,0.03943925997239544,0.03997952491044998,112000,0.0,0.0
2012-09-07 00:00:00+08:00,0.04106005785831817,0.04106005785831817,0.039979531820724536,0.04024966433644295,412000,0.0,0.0
2012-09-10 00:00:00+08:00,0.040519789848504524,0.040519789848504524,0.03997952491044998,0.03997952491044998,221000,0.0,0.0
2012-09-11 00:00:00+08:00,0.03970939930500613,0.04024966433644295,0.03970939930500613,0.04024966433644295,79000,0.0,0.0
2012-09-12 00:00:00+08:00,0.0399795312876226,0.040519796311855316,0.0399795312876226,0.040519796311855316,110000,0.0,0.0
2012-09-13 00:00:00+08:00,0.04024966356615989,0.040789924561977386,0.039979531055611174,0.040789924561977386,47000,0.0,0.0
2012-09-14 00:00:00+08:00,0.040519791872339894,0.04133018529461899,0.040519791872339894,0.04106005281209946,1215000,0.0,0.0
2012-09-17 00:00:00+08:00,0.04133018529461899,0.041870450259658056,0.04106005281209946,0.04106005281209946,423000,0.0,0.0
2012-09-18 00:00:00+08:00,0.041330189583074814,0.041330189583074814,0.0405197960767086,0.040789924561977386,213000,0.0,0.0
2012-09-19 00:00:00+08:00,0.04133018747014943,0.042140584960365574,0.04078992247667199,0.04187045246362686,1604000,0.0,0.0
2012-09-20 00:00:00+08:00,0.04241071962526967,0.04241071962526967,0.040789924561977386,0.040789924561977386,529000,0.0,0.0
2012-09-21 00:00:00+08:00,0.04106005600924867,0.04160032101635557,0.040789923505695214,0.041330188512802124,617000,0.0,0.0
2012-09-24 00:00:00+08:00,0.04133018798809053,0.04187045298833845,0.04133018798809053,0.04160032048821449,1841000,0.0,0.0
2012-09-25 00:00:00+08:00,0.041870454583900485,0.042680852115154266,0.041600322073482555,0.042680852115154266,3479000,0.0,0.0
2012-09-26 00:00:00+08:00,0.0424107169324361,0.04295097789395018,0.04187045194564236,0.04214058443903923,1510000,0.0,0.0
2012-09-27 00:00:00+08:00,0.04187045246362686,0.042140584960365574,0.04160031996688814,0.04187045246362686,1079000,0.0,0.0
2012-09-28 00:00:00+08:00,0.04214058686373672,0.04322111287421617,0.04214058686373672,0.04295098036527634,3455000,0.0,0.0
2012-10-01 00:00:00+08:00,0.04295097613307624,0.043761373580042756,0.04295097613307624,0.04322110861539841,3411000,0.0,0.0
2012-10-02 00:00:00+08:00,0.0432211131107102,0.043491245621128126,0.042680852115154266,0.042680852115154266,1643000,0.0,0.0
2012-10-03 00:00:00+08:00,0.042680852115154266,0.042680852115154266,0.04241071960473634,0.042680852115154266,700000,0.0,0.0
2012-10-04 00:00:00+08:00,0.042680852115154266,0.042950980600292274,0.04241071960473634,0.042680852115154266,800000,0.0,0.0
2012-10-05 00:00:00+08:00,0.04295098036527634,0.04295098036527634,0.0426808518816164,0.04295098036527634,232000,0.0,0.0
2012-10-08 00:00:00+08:00,0.04268085265356751,0.04268085265356751,0.0424107201397419,0.0424107201397419,596000,0.0,0.0
2012-10-09 00:00:00+08:00,0.0424107201397419,0.04268085265356751,0.0424107201397419,0.0424107201397419,246000,0.0,0.0
2012-10-10 00:00:00+08:00,0.0424107169324361,0.0424107169324361,0.04214058443903923,0.04214058443903923,263000,0.0,0.0
2012-10-11 00:00:00+08:00,0.04187045194564236,0.04214058443903923,0.04187045194564236,0.04214058443903923,328000,0.0,0.0
2012-10-12 00:00:00+08:00,0.04187045194564236,0.04214058443903923,0.04187045194564236,0.04214058443903923,228000,0.0,0.0
2012-10-15 00:00:00+08:00,0.04187045194564236,0.0424107169324361,0.04187045194564236,0.04214058443903923,150000,0.0,0.0
2012-10-16 00:00:00+08:00,0.04241071960473634,0.042680852115154266,0.042140587094318414,0.042680852115154266,527000,0.0,0.0
2012-10-17 00:00:00+08:00,0.04241071960473634,0.042680852115154266,0.042140587094318414,0.042680852115154266,134000,0.0,0.0
2012-10-18 00:00:00+08:00,0.04268085265356751,0.04268085265356751,0.0424107201397419,0.0424107201397419,375000,0.0,0.0
2012-10-19 00:00:00+08:00,0.04214058443903923,0.04214058443903923,0.04214058443903923,0.04214058443903923,485000,0.0,0.0
2012-10-22 00:00:00+08:00,0.04187045246362686,0.04187045246362686,0.04187045246362686,0.04187045246362686,44000,0.0,0.0
2012-10-23 00:00:00+08:00,0.042140584960365574,0.042680849953843004,0.04187045246362686,0.04187045246362686,255000,0.0,0.0
2012-10-24 00:00:00+08:00,0.042140587625916284,0.0424107201397419,0.042140587625916284,0.0424107201397419,3000,0.0,0.0
2012-10-25 00:00:00+08:00,0.042410718332132266,0.043491244316101074,0.042410718332132266,0.043491244316101074,3074000,0.0,0.0
2012-10-29 00:00:00+08:00,0.043761378131546055,0.044031510641963985,0.042680852115154266,0.042680852115154266,4592000,0.0,0.0
2012-10-30 00:00:00+08:00,0.042950980600292274,0.042950980600292274,0.042680852115154266,0.042680852115154266,252000,0.0,0.0
2012-10-31 00:00:00+08:00,0.04241071960473634,0.042680852115154266,0.04241071960473634,0.042680852115154266,528000,0.0,0.0
2012-11-01 00:00:00+08:00,0.042680852115154266,0.042680852115154266,0.04241071960473634,0.042680852115154266,215000,0.0,0.0
2012-11-02 00:00:00+08:00,0.0424107201397419,0.0424107201397419,0.0424107201397419,0.0424107201397419,186000,0.0,0.0
2012-11-05 00:00:00+08:00,0.042140584960365574,0.042140584960365574,0.04187045246362686,0.04187045246362686,1386000,0.0,0.0
2012-11-06 00:00:00+08:00,0.041870450516956585,0.041870450516956585,0.0410330398428353,0.04131217673420906,914000,0.005,0.0
2012-11-07 00:00:00+08:00,0.04159131925973025,0.04187045618891716,0.041312182330543346,0.04187045618891716,200000,0.0,0.0
2012-11-08 00:00:00+08:00,0.041312182330543346,0.04187045618891716,0.041312182330543346,0.04187045618891716,61000,0.0,0.0
2012-11-09 00:00:00+08:00,0.041033040732145316,0.04131217762956881,0.041033040732145316,0.04103304073214531,113000,0.0,0.0
2012-11-12 00:00:00+08:00,0.041033040732145316,0.04131217762956881,0.041033040732145316,0.04103304073214531,120000,0.0,0.0
2012-11-14 00:00:00+08:00,0.041033040732145316,0.04187045142441582,0.041033040732145316,0.04103304073214531,406000,0.0,0.0
2012-11-15 00:00:00+08:00,0.04075389355421067,0.04075389355421067,0.04075389355421067,0.04075389355421066,433000,0.0,0.0
2012-11-16 00:00:00+08:00,0.04103303038121957,0.04103303038121957,0.04075389355421067,0.04075389355421066,350000,0.0,0.0
2012-11-19 00:00:00+08:00,0.04047475672720177,0.04075389355421067,0.04047475672720177,0.04075389355421066,329000,0.0,0.0
2012-11-20 00:00:00+08:00,0.040474765890870505,0.040474765890870505,0.04019562900066376,0.04019562900066376,203000,0.0,0.0
2012-11-21 00:00:00+08:00,0.04019562900066376,0.040753902781077246,0.04019562900066376,0.04019562900066376,166000,0.0,0.0
2012-11-22 00:00:00+08:00,0.04019562900066376,0.04019562900066376,0.04019562900066376,0.04019562900066376,12000,0.0,0.0
2012-11-23 00:00:00+08:00,0.04019562900066376,0.040753902781077246,0.04019562900066376,0.04019562900066376,16000,0.0,0.0
2012-11-26 00:00:00+08:00,0.040753901886809114,0.040753901886809114,0.0404747650027275,0.04047476500272751,191000,0.0,0.0
2012-11-27 00:00:00+08:00,0.040474765890870505,0.040753902781077246,0.04019562900066376,0.04019562900066376,212000,0.0,0.0
2012-11-28 00:00:00+08:00,0.04019562900066376,0.04019562900066376,0.04019562900066376,0.04019562900066376,0,0.0,0.0
2012-11-29 00:00:00+08:00,0.0404747650027275,0.040753901886809114,0.0404747650027275,0.04047476500272751,58000,0.0,0.0
2012-11-30 00:00:00+08:00,0.0404747650027275,0.040753901886809114,0.0404747650027275,0.04047476500272751,109000,0.0,0.0
2012-12-03 00:00:00+08:00,0.0404747650027275,0.04103303877089072,0.0404747650027275,0.04047476500272751,342000,0.0,0.0
2012-12-04 00:00:00+08:00,0.040753901886809114,0.04103303877089072,0.0404747650027275,0.04047476500272751,287000,0.0,0.0
2012-12-05 00:00:00+08:00,0.04047476693729831,0.04131217762956881,0.04047476693729831,0.04103304073214531,155000,0.0,0.0
2012-12-06 00:00:00+08:00,0.04103303896546236,0.04159131273627281,0.04047476519465191,0.04159131273627281,297000,0.0,0.0
2012-12-07 00:00:00+08:00,0.04159131273627281,0.04159131273627281,0.04159131273627281,0.04159131273627281,60000,0.0,0.0
2012-12-10 00:00:00+08:00,0.04159131273627281,0.04159131273627281,0.04103303896546236,0.04159131273627281,221000,0.0,0.0
2012-12-11 00:00:00+08:00,0.04103304540135644,0.04187045618891716,0.04075390847216953,0.04187045618891716,540000,0.0,0.0
2012-12-12 00:00:00+08:00,0.04214958846569061,0.042986999243457454,0.04187045569922423,0.04214958846569061,3637000,0.0,0.0
2012-12-13 00:00:00+08:00,0.04187044962167804,0.04187044962167804,0.04159131273627281,0.04159131273627281,38000,0.0,0.0
2012-12-14 00:00:00+08:00,0.04131218184737967,0.04214958846569061,0.04131218184737967,0.04214958846569061,228000,0.0,0.0
2012-12-17 00:00:00+08:00,0.04187044962167804,0.04214958234762797,0.041312175850867584,0.04159131273627281,119000,0.0,0.0
2012-12-18 00:00:00+08:00,0.04159131925973025,0.04214958895864812,0.041312182330543346,0.04187045618891716,477000,0.0,0.0
2012-12-19 00:00:00+08:00,0.042428719233033194,0.042428719233033194,0.041312175850867584,0.04159131273627281,389000,0.0,0.0
2012-12-20 00:00:00+08:00,0.04159131273627281,0.04159131273627281,0.04159131273627281,0.04159131273627281,72000,0.0,0.0
2012-12-21 00:00:00+08:00,0.04187044962167804,0.04187044962167804,0.041312175850867584,0.04159131273627281,280000,0.0,0.0
2012-12-24 00:00:00+08:00,0.04159131273627281,0.04159131273627281,0.04159131273627281,0.04159131273627281,0,0.0,0.0
2012-12-26 00:00:00+08:00,0.04159131925973025,0.04187045618891716,0.04159131925973025,0.04187045618891716,526000,0.0,0.0
2012-12-27 00:00:00+08:00,0.04242871701717377,0.04270785388800094,0.0418704474349745,0.04242871701717377,2159000,0.0,0.0
2012-12-28 00:00:00+08:00,0.042986990758828114,0.042986990758828114,0.042149580146346594,0.04242871701717377,415000,0.0,0.0
2012-12-31 00:00:00+08:00,0.04214958846569061,0.042428725391612895,0.04214958846569061,0.04214958846569061,422000,0.0,0.0
2013-01-02 00:00:00+08:00,0.04270785586285682,0.043266129630326326,0.04242871897912206,0.04298699274659157,820000,0.0,0.0
2013-01-03 00:00:00+08:00,0.04298699274659157,0.043545266514061085,0.04270785586285682,0.04298699274659157,1298000,0.0,0.0
2013-01-04 00:00:00+08:00,0.042986991005856554,0.04382440162315032,0.042707854133425295,0.04354526475071907,2975000,0.0,0.0
2013-01-07 00:00:00+08:00,0.04382441099857004,0.04410354793071747,0.04354527406642262,0.04410354793071747,1842000,0.0,0.0
2013-01-08 00:00:00+08:00,0.04382440627810706,0.04382440627810706,0.04326613247394562,0.04326613247394562,1113000,0.0,0.0
2013-01-09 00:00:00+08:00,0.04354526541175455,0.04522008251231142,0.04326612853508587,0.044661808758974075,3131000,0.0,0.0
2013-01-10 00:00:00+08:00,0.04466181713651936,0.04522009099457624,0.04410354743791843,0.04438268020749092,2296000,0.0,0.0
2013-01-11 00:00:00+08:00,0.04438267787259474,0.04438267787259474,0.04382440820336342,0.04382440820336342,1128000,0.0,0.0
2013-01-14 00:00:00+08:00,0.04354526475071907,0.04354526475071907,0.042986991005856554,0.04354526475071907,731000,0.0,0.0
2013-01-15 00:00:00+08:00,0.043266129630326326,0.043545266514061085,0.04270785586285682,0.04298699274659157,1035000,0.0,0.0
2013-01-16 00:00:00+08:00,0.04270785586285682,0.043266129630326326,0.04270785586285682,0.04298699274659157,152000,0.0,0.0
2013-01-17 00:00:00+08:00,0.042986990758828114,0.04326612762965529,0.04242871701717377,0.04242871701717377,812000,0.0,0.0
2013-01-18 00:00:00+08:00,0.04298699274659157,0.043266129630326326,0.04270785586285682,0.04298699274659157,699000,0.0,0.0
2013-01-21 00:00:00+08:00,0.042986997383663794,0.043545271211355145,0.04270786046981812,0.042707860469818115,427000,0.0,0.0
2013-01-22 00:00:00+08:00,0.04270786046981812,0.042986997383663794,0.04270786046981812,0.042707860469818115,302000,0.0,0.0
2013-01-23 00:00:00+08:00,0.04270786046981812,0.042986997383663794,0.04270786046981812,0.042707860469818115,221000,0.0,0.0
2013-01-24 00:00:00+08:00,0.04298699274659157,0.043545266514061085,0.04298699274659157,0.04298699274659157,846000,0.0,0.0
2013-01-25 00:00:00+08:00,0.04326613247394562,0.04382440627810706,0.04326613247394562,0.04326613247394562,621000,0.0,0.0
2013-01-28 00:00:00+08:00,0.04326613665083311,0.04438268020749092,0.04326613665083311,0.04438268020749092,1631000,0.0,0.0
2013-01-29 00:00:00+08:00,0.04438267787259474,0.04466181478693827,0.04382440820336342,0.04382440820336342,923000,0.0,0.0
2013-01-30 00:00:00+08:00,0.04438267659062275,0.04605749802830751,0.04410354384379756,0.045499224215745926,7265000,0.0,0.0
2013-01-31 00:00:00+08:00,0.045499225125544565,0.045499225125544565,0.044940951301819784,0.045220088213682175,1874000,0.0,0.0
2013-02-01 00:00:00+08:00,0.04522008872140691,0.04633663222193718,0.04494095180641041,0.04633663222193718,4406000,0.0,0.0
2013-02-04 00:00:00+08:00,0.04633662608916826,0.04689489984527233,0.04577835649251938,0.04577835649251938,3774000,0.0,0.0
2013-02-05 00:00:00+08:00,0.045499224215745926,0.045499224215745926,0.045220087309465126,0.045499224215745926,1233000,0.0,0.0
2013-02-06 00:00:00+08:00,0.045499219614467346,0.04577835649251938,0.04522008273641531,0.04577835649251938,1221000,0.0,0.0
2013-02-07 00:00:00+08:00,0.04577835649251938,0.04633662608916826,0.045499219614467346,0.04577835649251938,3030000,0.0,0.0
2013-02-08 00:00:00+08:00,0.04549921938898009,0.04549921938898009,0.04410353916509189,0.044661808758974075,2941000,0.0,0.0
2013-02-13 00:00:00+08:00,0.045220087309465126,0.04577836112202672,0.045220087309465126,0.045499224215745926,1818000,0.0,0.0
2013-02-14 00:00:00+08:00,0.045499224215745926,0.045499224215745926,0.045220087309465126,0.045499224215745926,468000,0.0,0.0
2013-02-15 00:00:00+08:00,0.045499224215745926,0.04577836112202672,0.045499224215745926,0.045499224215745926,1638000,0.0,0.0
2013-02-18 00:00:00+08:00,0.045778362551399915,0.04633663222193718,0.045778362551399915,0.04633663222193718,2981000,0.0,0.0
2013-02-19 00:00:00+08:00,0.0463366313144711,0.04717404204306058,0.0463366313144711,0.04661576822400093,4743000,0.0,0.0
2013-02-20 00:00:00+08:00,0.04661576585105911,0.04661576585105911,0.04577835932455286,0.04605749621987343,1183000,0.0,0.0
2013-02-21 00:00:00+08:00,0.04605749802830751,0.0463366307751327,0.045499224215745926,0.045499224215745926,2486000,0.0,0.0
2013-02-22 00:00:00+08:00,0.045499224215745926,0.04577836112202672,0.045220087309465126,0.045499224215745926,689000,0.0,0.0
2013-02-25 00:00:00+08:00,0.045499219614467346,0.04577835649251938,0.045499219614467346,0.04577835649251938,515000,0.0,0.0
2013-02-26 00:00:00+08:00,0.045778362037406956,0.045778362037406956,0.044940951301819784,0.045220088213682175,1439000,0.0,0.0
2013-02-27 00:00:00+08:00,0.045220087309465126,0.04577836112202672,0.045220087309465126,0.045499224215745926,974000,0.0,0.0
2013-02-28 00:00:00+08:00,0.04522008273641531,0.04577835649251938,0.04522008273641531,0.04577835649251938,434000,0.0,0.0
2013-03-01 00:00:00+08:00,0.045220088213682175,0.045220088213682175,0.044940951301819784,0.045220088213682175,1292000,0.0,0.0
2013-03-04 00:00:00+08:00,0.04494095456770376,0.04494095456770376,0.04410354793071747,0.04410354793071747,1745000,0.0,0.0
2013-03-05 00:00:00+08:00,0.0443826807034089,0.0443826807034089,0.04410354793071747,0.04410354793071747,200000,0.0,0.0
2013-03-06 00:00:00+08:00,0.04466181713651936,0.04466181713651936,0.04438268020749092,0.04438268020749092,151000,0.0,0.0
2013-03-07 00:00:00+08:00,0.04410354793071747,0.04410354793071747,0.04382441099857004,0.04410354793071747,512000,0.0,0.0
2013-03-08 00:00:00+08:00,0.04410354793071747,0.0443826807034089,0.04410354793071747,0.04410354793071747,438000,0.0,0.0
2013-03-11 00:00:00+08:00,0.043545271211355145,0.04382440812520082,0.04270786046981812,0.042707860469818115,565000,0.0,0.0
2013-03-12 00:00:00+08:00,0.042986990758828114,0.04326612762965529,0.04242871701717377,0.04242871701717377,914000,0.0,0.0
2013-03-13 00:00:00+08:00,0.04242871701717377,0.04242871701717377,0.042149580146346594,0.04242871701717377,1489000,0.0,0.0
2013-03-14 00:00:00+08:00,0.04242871701717377,0.04270785388800094,0.0418704474349745,0.04242871701717377,679000,0.0,0.0
2013-03-15 00:00:00+08:00,0.04242872355597244,0.043266134297509466,0.04214958664212677,0.042707860469818115,523000,0.0,0.0
2013-03-18 00:00:00+08:00,0.04270785388800094,0.042986990758828114,0.042149580146346594,0.04242871701717377,264000,0.0,0.0
2013-03-19 00:00:00+08:00,0.04214958846569061,0.042428725391612895,0.04214958846569061,0.04214958846569061,44000,0.0,0.0
2013-03-20 00:00:00+08:00,0.04214958664212677,0.04270786046981812,0.04214958664212677,0.042707860469818115,272000,0.0,0.0
2013-03-21 00:00:00+08:00,0.04242871701717377,0.04270785388800094,0.042149580146346594,0.04242871701717377,174000,0.0,0.0
2013-03-22 00:00:00+08:00,0.04242872355597244,0.043266134297509466,0.04242872355597244,0.042707860469818115,152000,0.0,0.0
2013-03-25 00:00:00+08:00,0.04242871701717377,0.04270785388800094,0.04242871701717377,0.04242871701717377,281000,0.0,0.0
2013-03-26 00:00:00+08:00,0.04270785586285682,0.04298699274659157,0.04270785586285682,0.04298699274659157,873000,0.0,0.0
2013-03-27 00:00:00+08:00,0.042707854133425295,0.04410353849558158,0.042707854133425295,0.04354526475071907,547000,0.0,0.0
2013-03-28 00:00:00+08:00,0.042986995571864896,0.04354526937602634,0.042986995571864896,0.04326613247394562,182000,0.0,0.0
2013-04-01 00:00:00+08:00,0.04326613247394562,0.04382440627810706,0.042986995571864896,0.04326613247394562,658000,0.0,0.0
2013-04-02 00:00:00+08:00,0.04382440627810706,0.04382440627810706,0.042986995571864896,0.04326613247394562,244000,0.0,0.0
2013-04-03 00:00:00+08:00,0.04326612787828781,0.04354526475071907,0.04326612787828781,0.04354526475071907,410000,0.0,0.0
2013-04-04 00:00:00+08:00,0.043266129630326326,0.043266129630326326,0.04270785586285682,0.04298699274659157,550000,0.0,0.0
2013-04-05 00:00:00+08:00,0.04270785586285682,0.04298699274659157,0.04270785586285682,0.04298699274659157,350000,0.0,0.0
2013-04-08 00:00:00+08:00,0.04270786046981812,0.04270786046981812,0.04270786046981812,0.042707860469818115,251000,0.0,0.0
2013-04-09 00:00:00+08:00,0.04242872355597244,0.042986997383663794,0.04242872355597244,0.042707860469818115,335000,0.0,0.0
2013-04-10 00:00:00+08:00,0.042707858669784174,0.04326613247394562,0.042707858669784174,0.04326613247394562,1014000,0.0,0.0
2013-04-11 00:00:00+08:00,0.04298699274659157,0.043266129630326326,0.04270785586285682,0.04298699274659157,517000,0.0,0.0
2013-04-12 00:00:00+08:00,0.04270785388800094,0.04270785388800094,0.04242871701717377,0.04242871701717377,225000,0.0,0.0
2013-04-15 00:00:00+08:00,0.04242871701717377,0.04270785388800094,0.04242871701717377,0.04242871701717377,143000,0.0,0.0
2013-04-16 00:00:00+08:00,0.042149580146346594,0.04270785388800094,0.042149580146346594,0.04242871701717377,82000,0.0,0.0
2013-04-17 00:00:00+08:00,0.04270785586285682,0.04298699274659157,0.04187044937110782,0.04298699274659157,546000,0.0,0.0
2013-04-18 00:00:00+08:00,0.042149580146346594,0.04270785388800094,0.042149580146346594,0.04242871701717377,144000,0.0,0.0
2013-04-19 00:00:00+08:00,0.042149580146346594,0.04242871701717377,0.0418704474349745,0.04242871701717377,363000,0.0,0.0
2013-04-22 00:00:00+08:00,0.04187045569922423,0.04214958846569061,0.04187045569922423,0.04214958846569061,118000,0.0,0.0
2013-04-23 00:00:00+08:00,0.042428725391612895,0.042428725391612895,0.04214958846569061,0.04214958846569061,122000,0.0,0.0
2013-04-24 00:00:00+08:00,0.04242871701717377,0.04242871701717377,0.04242871701717377,0.04242871701717377,72000,0.0,0.0
2013-04-25 00:00:00+08:00,0.042428725391612895,0.042428725391612895,0.04187045569922423,0.04214958846569061,235000,0.0,0.0
2013-04-26 00:00:00+08:00,0.04242871897912206,0.043824403397795836,0.04187044937110782,0.04298699274659157,788000,0.0,0.0
2013-04-29 00:00:00+08:00,0.04270786046981812,0.043266134297509466,0.04242872355597244,0.042707860469818115,569000,0.0,0.0
2013-04-30 00:00:00+08:00,0.04242871701717377,0.04270785388800094,0.042149580146346594,0.04242871701717377,150000,0.0,0.0
2013-05-02 00:00:00+08:00,0.042428725391612895,0.04270786231753518,0.04214958846569061,0.04214958846569061,377000,0.0,0.0
2013-05-03 00:00:00+08:00,0.042149580146346594,0.04270785388800094,0.042149580146346594,0.04242871701717377,366000,0.0,0.0
2013-05-06 00:00:00+08:00,0.04270785388800094,0.04270785388800094,0.04242871701717377,0.04242871701717377,124000,0.0,0.0
2013-05-07 00:00:00+08:00,0.042149580146346594,0.04242871701717377,0.042149580146346594,0.04242871701717377,53000,0.0,0.0
2013-05-08 00:00:00+08:00,0.042707854133425295,0.04410353849558158,0.04242871726099404,0.04354526475071907,1267000,0.0,0.0
2013-05-09 00:00:00+08:00,0.04298699274659157,0.043266129630326326,0.04298699274659157,0.04298699274659157,456000,0.0,0.0
2013-05-10 00:00:00+08:00,0.04270785586285682,0.04298699274659157,0.04270785586285682,0.04298699274659157,121000,0.0,0.0
2013-05-13 00:00:00+08:00,0.04242872176770345,0.04326613247394562,0.04242872176770345,0.04326613247394562,241000,0.0,0.0
2013-05-14 00:00:00+08:00,0.04242871897912206,0.04298699274659157,0.04242871897912206,0.04298699274659157,156000,0.0,0.0
2013-05-15 00:00:00+08:00,0.04270786046981812,0.04270786046981812,0.04270786046981812,0.042707860469818115,22000,0.0,0.0
2013-05-16 00:00:00+08:00,0.04270785586285682,0.043266129630326326,0.04270785586285682,0.04298699274659157,135000,0.0,0.0
2013-05-17 00:00:00+08:00,0.042986995571864896,0.04326613247394562,0.042707858669784174,0.04326613247394562,200000,0.0,0.0
2013-05-20 00:00:00+08:00,0.04270785586285682,0.04298699274659157,0.04270785586285682,0.04298699274659157,242000,0.0,0.0
2013-05-21 00:00:00+08:00,0.042986991005856554,0.04354526475071907,0.042707854133425295,0.04354526475071907,718000,0.0,0.0
2013-05-22 00:00:00+08:00,0.04354526937602634,0.04382440627810706,0.042986995571864896,0.04326613247394562,328000,0.0,0.0
2013-05-23 00:00:00+08:00,0.04326612762965529,0.04326612762965529,0.04242871701717377,0.04242871701717377,612000,0.0,0.0
2013-05-27 00:00:00+08:00,0.04242871701717377,0.04270785388800094,0.042149580146346594,0.04242871701717377,256000,0.0,0.0
2013-05-28 00:00:00+08:00,0.04214958209538731,0.04298699274659157,0.04214958209538731,0.04298699274659157,113000,0.0,0.0
2013-05-29 00:00:00+08:00,0.04354526937602634,0.04354526937602634,0.042986995571864896,0.04326613247394562,1645000,0.0,0.0
2013-05-30 00:00:00+08:00,0.04270785388800094,0.042986990758828114,0.042149580146346594,0.04242871701717377,776000,0.0,0.0
2013-05-31 00:00:00+08:00,0.04270785388800094,0.04270785388800094,0.04242871701717377,0.04242871701717377,188000,0.0,0.0
2013-06-03 00:00:00+08:00,0.04270785388800094,0.04270785388800094,0.042149580146346594,0.04242871701717377,183000,0.0,0.0
2013-06-04 00:00:00+08:00,0.04242871897912206,0.04298699274659157,0.04242871897912206,0.04298699274659157,512000,0.0,0.0
2013-06-05 00:00:00+08:00,0.04298699274659157,0.04298699274659157,0.04298699274659157,0.04298699274659157,430000,0.0,0.0
2013-06-06 00:00:00+08:00,0.04298699274659157,0.04298699274659157,0.04270785586285682,0.04298699274659157,660000,0.0,0.0
2013-06-07 00:00:00+08:00,0.04270786046981812,0.04270786046981812,0.04270786046981812,0.042707860469818115,44000,0.0,0.0
2013-06-10 00:00:00+08:00,0.04270786046981812,0.04270786046981812,0.04242872355597244,0.042707860469818115,261000,0.0,0.0
2013-06-11 00:00:00+08:00,0.04214958895864812,0.04214958895864812,0.04187045618891716,0.04187045618891716,2108000,0.0,0.0
2013-06-12 00:00:00+08:00,0.04187045618891716,0.04214958895864812,0.04187045618891716,0.04187045618891716,390000,0.0,0.0
2013-06-13 00:00:00+08:00,0.04214958234762797,0.04214958234762797,0.041312175850867584,0.04159131273627281,673000,0.0,0.0
2013-06-14 00:00:00+08:00,0.04270786231753518,0.043266136169379736,0.041591318773301945,0.04214958846569061,237000,0.0,0.0
2013-06-17 00:00:00+08:00,0.04187045618891716,0.04187045618891716,0.041312182330543346,0.04187045618891716,108000,0.0,0.0
2013-06-18 00:00:00+08:00,0.042707862817021935,0.04326613667539575,0.04187045618891716,0.04187045618891716,64000,0.0,0.0
2013-06-19 00:00:00+08:00,0.04214958895864812,0.04214958895864812,0.04159131925973025,0.04187045618891716,158000,0.0,0.0
2013-06-20 00:00:00+08:00,0.04159131273627281,0.04159131273627281,0.041312175850867584,0.04159131273627281,213000,0.0,0.0
2013-06-21 00:00:00+08:00,0.04103304540135644,0.04214958895864812,0.04103304540135644,0.04187045618891716,383000,0.0,0.0
2013-06-24 00:00:00+08:00,0.04187045142441582,0.04187045142441582,0.041033040732145316,0.04103304073214531,52000,0.0,0.0
2013-06-25 00:00:00+08:00,0.0410330398428353,0.04159131362558282,0.0410330398428353,0.04131217673420906,554000,0.0,0.0
2013-06-26 00:00:00+08:00,0.04187044962167804,0.04187044962167804,0.04159131273627281,0.04159131273627281,85000,0.0,0.0
2013-06-27 00:00:00+08:00,0.04159131925973025,0.04214958895864812,0.041312182330543346,0.04187045618891716,164000,0.0,0.0
2013-06-28 00:00:00+08:00,0.04159131273627281,0.04187044962167804,0.04159131273627281,0.04159131273627281,125000,0.0,0.0
2013-07-01 00:00:00+08:00,0.04159131273627281,0.04159131273627281,0.04159131273627281,0.04159131273627281,83000,0.0,0.0
2013-07-02 00:00:00+08:00,0.04159131273627281,0.04187044962167804,0.04159131273627281,0.04159131273627281,149000,0.0,0.0
2013-07-03 00:00:00+08:00,0.04187045618891716,0.04187045618891716,0.041312182330543346,0.04187045618891716,184000,0.0,0.0
2013-07-04 00:00:00+08:00,0.04187045618891716,0.04187045618891716,0.04187045618891716,0.04187045618891716,0,0.0,0.0
2013-07-05 00:00:00+08:00,0.04187045569922423,0.04214958846569061,0.041591318773301945,0.04214958846569061,231000,0.0,0.0
2013-07-08 00:00:00+08:00,0.04187045618891716,0.04187045618891716,0.04159131925973025,0.04187045618891716,212000,0.0,0.0
2013-07-09 00:00:00+08:00,0.04187045569922423,0.04214958846569061,0.04187045569922423,0.04214958846569061,64000,0.0,0.0
2013-07-10 00:00:00+08:00,0.04214958895864812,0.04214958895864812,0.04187045618891716,0.04187045618891716,330000,0.0,0.0
2013-07-11 00:00:00+08:00,0.04187045569922423,0.042428725391612895,0.04187045569922423,0.04214958846569061,205000,0.0,0.0
2013-07-12 00:00:00+08:00,0.04187045618891716,0.04214958895864812,0.04187045618891716,0.04187045618891716,151000,0.0,0.0
2013-07-15 00:00:00+08:00,0.04270786231753518,0.04270786231753518,0.04187045569922423,0.04214958846569061,82000,0.0,0.0
2013-07-16 00:00:00+08:00,0.04187045569922423,0.04214958846569061,0.041591318773301945,0.04214958846569061,151000,0.0,0.0
2013-07-17 00:00:00+08:00,0.04187045569922423,0.04214958846569061,0.041591318773301945,0.04214958846569061,223000,0.0,0.0
2013-07-18 00:00:00+08:00,0.04187045569922423,0.04270786231753518,0.04187045569922423,0.04214958846569061,38000,0.0,0.0
2013-07-19 00:00:00+08:00,0.04214958846569061,0.04214958846569061,0.04214958846569061,0.04214958846569061,11000,0.0,0.0
2013-07-22 00:00:00+08:00,0.04214958895864812,0.04214958895864812,0.04159131925973025,0.04187045618891716,106000,0.0,0.0
2013-07-23 00:00:00+08:00,0.0418704474349745,0.04242871701717377,0.0418704474349745,0.04242871701717377,364000,0.0,0.0
2013-07-24 00:00:00+08:00,0.04187045569922423,0.04214958846569061,0.04187045569922423,0.04214958846569061,527000,0.0,0.0
2013-07-25 00:00:00+08:00,0.04187045569922423,0.042428725391612895,0.04187045569922423,0.04214958846569061,386000,0.0,0.0
2013-07-26 00:00:00+08:00,0.04187045569922423,0.04214958846569061,0.04187045569922423,0.04214958846569061,122000,0.0,0.0
2013-07-29 00:00:00+08:00,0.04214958846569061,0.04270786231753518,0.04187045569922423,0.04214958846569061,331000,0.0,0.0
2013-07-30 00:00:00+08:00,0.042149589405685486,0.04410354793071747,0.04187045663299405,0.04410354793071747,2959000,0.0,0.0
2013-07-31 00:00:00+08:00,0.044661808758974075,0.04661576273619962,0.044661808758974075,0.044661808758974075,25663000,0.0,0.0
2013-08-01 00:00:00+08:00,0.04466181763555633,0.04494095456770376,0.04354527406642262,0.04410354793071747,2656000,0.0,0.0
2013-08-02 00:00:00+08:00,0.043824403397795836,0.043824403397795836,0.04298699274659157,0.04298699274659157,760000,0.0,0.0
2013-08-05 00:00:00+08:00,0.042986995571864896,0.04326613247394562,0.042986995571864896,0.04326613247394562,1433000,0.0,0.0
2013-08-06 00:00:00+08:00,0.042986997383663794,0.043266134297509466,0.04242872355597244,0.042707860469818115,2094000,0.0,0.0
2013-08-07 00:00:00+08:00,0.04270785388800094,0.042986990758828114,0.04242871701717377,0.04242871701717377,795000,0.0,0.0
2013-08-12 00:00:00+08:00,0.042986995571864896,0.04326613247394562,0.042707858669784174,0.04326613247394562,1017000,0.0,0.0
2013-08-13 00:00:00+08:00,0.04298699274659157,0.04298699274659157,0.04270785586285682,0.04298699274659157,854000,0.0,0.0
2013-08-14 00:00:00+08:00,0.04298699274659157,0.04298699274659157,0.04270785586285682,0.04298699274659157,288000,0.0,0.0
2013-08-15 00:00:00+08:00,0.042986995571864896,0.04326613247394562,0.042707858669784174,0.04326613247394562,398000,0.0,0.0
2013-08-16 00:00:00+08:00,0.043266129630326326,0.043545266514061085,0.04298699274659157,0.04298699274659157,353000,0.0,0.0
2013-08-19 00:00:00+08:00,0.042986997383663794,0.043266134297509466,0.04270786046981812,0.042707860469818115,468000,0.0,0.0
2013-08-20 00:00:00+08:00,0.04270785388800094,0.042986990758828114,0.04242871701717377,0.04242871701717377,847000,0.0,0.0
2013-08-21 00:00:00+08:00,0.04242871701717377,0.04270785388800094,0.04242871701717377,0.04242871701717377,362000,0.0,0.0
2013-08-22 00:00:00+08:00,0.04242872355597244,0.042986997383663794,0.04242872355597244,0.042707860469818115,845000,0.0,0.0
2013-08-23 00:00:00+08:00,0.04298699274659157,0.043266129630326326,0.04242871897912206,0.04298699274659157,516000,0.0,0.0
2013-08-26 00:00:00+08:00,0.042986995571864896,0.04382440627810706,0.042986995571864896,0.04326613247394562,699000,0.0,0.0
2013-08-27 00:00:00+08:00,0.043266134297509466,0.043545271211355145,0.04242872355597244,0.042707860469818115,1127000,0.0,0.0
2013-08-28 00:00:00+08:00,0.04242871701717377,0.04242871701717377,0.0418704474349745,0.04242871701717377,1587000,0.0,0.0
2013-08-29 00:00:00+08:00,0.04214958895864812,0.04242872588783503,0.04187045618891716,0.04187045618891716,231000,0.0,0.0
2013-08-30 00:00:00+08:00,0.04214958846569061,0.04270786231753518,0.04214958846569061,0.04214958846569061,309000,0.0,0.0
2013-09-02 00:00:00+08:00,0.04214958664212677,0.043266134297509466,0.04187045388773682,0.042707860469818115,270000,0.0,0.0
2013-09-03 00:00:00+08:00,0.04242871701717377,0.04242871701717377,0.042149580146346594,0.04242871701717377,118000,0.0,0.0
2013-09-04 00:00:00+08:00,0.04214958846569061,0.04214958846569061,0.04187045569922423,0.04214958846569061,542000,0.0,0.0
2013-09-05 00:00:00+08:00,0.04242871701717377,0.04270785388800094,0.042149580146346594,0.04242871701717377,575000,0.0,0.0
2013-09-06 00:00:00+08:00,0.04214958664212677,0.04270786046981812,0.04214958664212677,0.042707860469818115,302000,0.0,0.0
2013-09-09 00:00:00+08:00,0.04242872355597244,0.04270786046981812,0.04214958664212677,0.042707860469818115,336000,0.0,0.0
2013-09-10 00:00:00+08:00,0.04242872355597244,0.04270786046981812,0.04242872355597244,0.042707860469818115,255000,0.0,0.0
2013-09-11 00:00:00+08:00,0.04270786046981812,0.04270786046981812,0.04214958664212677,0.042707860469818115,329000,0.0,0.0
2013-09-12 00:00:00+08:00,0.042707858669784174,0.04326613247394562,0.042707858669784174,0.04326613247394562,155000,0.0,0.0
2013-09-13 00:00:00+08:00,0.042986997383663794,0.042986997383663794,0.04242872355597244,0.042707860469818115,241000,0.0,0.0
2013-09-16 00:00:00+08:00,0.042986995571864896,0.04326613247394562,0.04242872176770345,0.04326613247394562,360000,0.0,0.0
2013-09-17 00:00:00+08:00,0.04270786046981812,0.042986997383663794,0.04270786046981812,0.042707860469818115,276000,0.0,0.0
2013-09-18 00:00:00+08:00,0.04270785586285682,0.04298699274659157,0.04270785586285682,0.04298699274659157,169000,0.0,0.0
2013-09-19 00:00:00+08:00,0.04326613247394562,0.04354526937602634,0.042707858669784174,0.04326613247394562,211000,0.0,0.0
2013-09-20 00:00:00+08:00,0.04270786046981812,0.04270786046981812,0.04270786046981812,0.042707860469818115,235000,0.0,0.0
2013-09-23 00:00:00+08:00,0.04298699274659157,0.04298699274659157,0.04298699274659157,0.04298699274659157,30000,0.0,0.0
2013-09-24 00:00:00+08:00,0.042986995571864896,0.04354526937602634,0.042986995571864896,0.04326613247394562,152000,0.0,0.0
2013-09-25 00:00:00+08:00,0.04298699274659157,0.043266129630326326,0.04270785586285682,0.04298699274659157,240000,0.0,0.0
2013-09-26 00:00:00+08:00,0.04270785586285682,0.04298699274659157,0.04242871897912206,0.04298699274659157,1310000,0.0,0.0
2013-09-27 00:00:00+08:00,0.043266134374676364,0.04466181478693827,0.043266134374676364,0.04382440820336342,4744000,0.0,0.0
2013-09-30 00:00:00+08:00,0.04354526937602634,0.04354526937602634,0.04326613247394562,0.04326613247394562,1422000,0.0,0.0
2013-10-01 00:00:00+08:00,0.04270785586285682,0.04298699274659157,0.04270785586285682,0.04298699274659157,905000,0.0,0.0
2013-10-02 00:00:00+08:00,0.04298699274659157,0.043266129630326326,0.04298699274659157,0.04298699274659157,470000,0.0,0.0
2013-10-03 00:00:00+08:00,0.04298699274659157,0.04298699274659157,0.04298699274659157,0.04298699274659157,81000,0.0,0.0
2013-10-04 00:00:00+08:00,0.04270786046981812,0.04270786046981812,0.04242872355597244,0.042707860469818115,714000,0.0,0.0
2013-10-07 00:00:00+08:00,0.04242871701717377,0.04242871701717377,0.041591310564147325,0.04242871701717377,1151000,0.0,0.0
2013-10-08 00:00:00+08:00,0.04242872355597244,0.042986997383663794,0.04242872355597244,0.042707860469818115,403000,0.0,0.0
2013-10-09 00:00:00+08:00,0.04242871701717377,0.04270785388800094,0.04242871701717377,0.04242871701717377,465000,0.0,0.0
2013-10-10 00:00:00+08:00,0.04242871897912206,0.04298699274659157,0.04242871897912206,0.04298699274659157,141000,0.0,0.0
2013-10-11 00:00:00+08:00,0.04270786046981812,0.042986997383663794,0.04270786046981812,0.042707860469818115,333000,0.0,0.0
2013-10-14 00:00:00+08:00,0.042986997383663794,0.042986997383663794,0.04270786046981812,0.042707860469818115,294000,0.0,0.0
2013-10-16 00:00:00+08:00,0.04298699274659157,0.043266129630326326,0.04270785586285682,0.04298699274659157,480000,0.0,0.0
2013-10-17 00:00:00+08:00,0.042986997383663794,0.042986997383663794,0.04270786046981812,0.042707860469818115,417000,0.0,0.0
2013-10-18 00:00:00+08:00,0.04270785586285682,0.04298699274659157,0.04270785586285682,0.04298699274659157,434000,0.0,0.0
2013-10-21 00:00:00+08:00,0.04298699274659157,0.043266129630326326,0.04298699274659157,0.04298699274659157,216000,0.0,0.0
2013-10-22 00:00:00+08:00,0.04298699274659157,0.043266129630326326,0.04298699274659157,0.04298699274659157,99000,0.0,0.0
2013-10-23 00:00:00+08:00,0.04326613247394562,0.04354526937602634,0.04326613247394562,0.04326613247394562,146000,0.0,0.0
2013-10-24 00:00:00+08:00,0.04326613247394562,0.04326613247394562,0.042986995571864896,0.04326613247394562,198000,0.0,0.0
2013-10-25 00:00:00+08:00,0.043266129630326326,0.043266129630326326,0.04298699274659157,0.04298699274659157,136000,0.0,0.0
2013-10-28 00:00:00+08:00,0.043266129630326326,0.043545266514061085,0.04298699274659157,0.04298699274659157,198000,0.0,0.0
2013-10-29 00:00:00+08:00,0.04298699274659157,0.043266129630326326,0.04298699274659157,0.04298699274659157,192000,0.0,0.0
2013-10-30 00:00:00+08:00,0.043266134297509466,0.043266134297509466,0.04270786046981812,0.042707860469818115,1033000,0.0,0.0
2013-10-31 00:00:00+08:00,0.04298699274659157,0.043266129630326326,0.04270785586285682,0.04298699274659157,324000,0.0,0.0
2013-11-01 00:00:00+08:00,0.04270785586285682,0.043266129630326326,0.04270785586285682,0.04298699274659157,52000,0.0,0.0
2013-11-05 00:00:00+08:00,0.042282294481992715,0.042282294481992715,0.04171852943546791,0.04228229448199272,725000,0.0015,0.0
2013-11-06 00:00:00+08:00,0.042282294481992715,0.042282294481992715,0.04171852943546791,0.04228229448199272,94000,0.0,0.0
2013-11-07 00:00:00+08:00,0.04143664146319049,0.041718523949384696,0.04143664146319049,0.04171852394938469,195000,0.0,0.0
2013-11-08 00:00:00+08:00,0.041718526710836014,0.042000409215688705,0.041718526710836014,0.042000409215688705,239000,0.0,0.0
2013-11-11 00:00:00+08:00,0.04171852943546791,0.042282294481992715,0.0414366469122055,0.04228229448199272,263000,0.0,0.0
2013-11-12 00:00:00+08:00,0.04228228320921836,0.04228228320921836,0.04115475341677666,0.04115475341677666,170000,0.0,0.0
2013-11-13 00:00:00+08:00,0.04143663868308067,0.04143663868308067,0.04143663868308067,0.04143663868308067,87000,0.0,0.0
2013-11-14 00:00:00+08:00,0.041154756215798824,0.04171852115036252,0.041154756215798824,0.04143663868308067,126000,0.0,0.0
2013-11-15 00:00:00+08:00,0.04143664146319049,0.042000406435578896,0.04143664146319049,0.04171852394938469,117000,0.0,0.0
2013-11-18 00:00:00+08:00,0.04171851831299751,0.04171851831299751,0.04115475341677666,0.04115475341677666,62000,0.0,0.0
2013-11-19 00:00:00+08:00,0.04143663868308067,0.04143663868308067,0.04143663868308067,0.04143663868308067,92000,0.0,0.0
2013-11-20 00:00:00+08:00,0.041436635864887085,0.041436635864887085,0.04087287096866623,0.04115475341677666,414000,0.0,0.0
2013-11-21 00:00:00+08:00,0.041154756215798824,0.04143663868308067,0.041154756215798824,0.04143663868308067,47000,0.0,0.0
2013-11-22 00:00:00+08:00,0.04115475341677666,0.04115475341677666,0.04115475341677666,0.04115475341677666,2000,0.0,0.0
2013-11-25 00:00:00+08:00,0.04115475341677666,0.04115475341677666,0.04115475341677666,0.04115475341677666,39000,0.0,0.0
2013-11-26 00:00:00+08:00,0.04115475341677666,0.04171851831299751,0.04115475341677666,0.04115475341677666,108000,0.0,0.0
2013-11-27 00:00:00+08:00,0.04115475341677666,0.04171851831299751,0.04115475341677666,0.04115475341677666,47000,0.0,0.0
2013-11-28 00:00:00+08:00,0.04143663868308067,0.04171852115036252,0.04143663868308067,0.04143663868308067,165000,0.0,0.0
2013-11-29 00:00:00+08:00,0.04143663868308067,0.04143663868308067,0.04143663868308067,0.04143663868308067,193000,0.0,0.0
2013-12-02 00:00:00+08:00,0.041154756215798824,0.04171852115036252,0.041154756215798824,0.04143663868308067,27000,0.0,0.0
2013-12-03 00:00:00+08:00,0.041154756215798824,0.04143663868308067,0.041154756215798824,0.04143663868308067,182000,0.0,0.0
2013-12-04 00:00:00+08:00,0.04143663868308067,0.04143663868308067,0.04143663868308067,0.04143663868308067,22000,0.0,0.0
2013-12-05 00:00:00+08:00,0.04143663868308067,0.04143663868308067,0.04143663868308067,0.04143663868308067,0,0.0,0.0
2013-12-06 00:00:00+08:00,0.0414366469122055,0.042282294481992715,0.040872881865680694,0.04228229448199272,23000,0.0,0.0
2013-12-09 00:00:00+08:00,0.04115475808111123,0.04115475808111123,0.04087287560105324,0.04087287560105324,58000,0.0,0.0
2013-12-10 00:00:00+08:00,0.04115475808111123,0.0417185230412272,0.04087287560105324,0.04087287560105324,120000,0.0,0.0
2013-12-11 00:00:00+08:00,0.04115475341677666,0.04115475341677666,0.04115475341677666,0.04115475341677666,5000,0.0,0.0
2013-12-12 00:00:00+08:00,0.04087287654661867,0.04087287654661867,0.04059099406003952,0.04059099406003952,316000,0.0,0.0
2013-12-13 00:00:00+08:00,0.04059099406003952,0.04059099406003952,0.04059099406003952,0.04059099406003952,2000,0.0,0.0
2013-12-16 00:00:00+08:00,0.04059100129344147,0.04200041397749749,0.03946347534656525,0.03946347534656525,729000,0.0,0.0
2013-12-17 00:00:00+08:00,0.03946346292848138,0.04115475341677666,0.03946346292848138,0.04115475341677666,6000,0.0,0.0
2013-12-18 00:00:00+08:00,0.04115475341677666,0.04115475341677666,0.04115475341677666,0.04115475341677666,0,0.0,0.0
2013-12-19 00:00:00+08:00,0.04115475341677666,0.04115475341677666,0.04115475341677666,0.04115475341677666,0,0.0,0.0
2013-12-20 00:00:00+08:00,0.04115475341677666,0.04115475341677666,0.04115475341677666,0.04115475341677666,0,0.0,0.0
2013-12-23 00:00:00+08:00,0.04087287702368675,0.04171852449329457,0.0403091162443161,0.0403091162443161,258000,0.0,0.0
2013-12-24 00:00:00+08:00,0.0403091162443161,0.0403091162443161,0.0403091162443161,0.0403091162443161,0,0.0,0.0
2013-12-26 00:00:00+08:00,0.04059099400460789,0.041718523949384696,0.04059099400460789,0.04171852394938469,124000,0.0,0.0
2013-12-27 00:00:00+08:00,0.04087287374851697,0.04200040361764437,0.04087287374851697,0.04143663868308067,56000,0.0,0.0
2013-12-30 00:00:00+08:00,0.04087287374851697,0.04143663868308067,0.04087287374851697,0.04143663868308067,109000,0.0,0.0
2013-12-31 00:00:00+08:00,0.04115475808111123,0.04115475808111123,0.04087287560105324,0.04087287560105324,10000,0.0,0.0
2014-01-02 00:00:00+08:00,0.04143663868308067,0.04200040361764437,0.041154756215798824,0.04143663868308067,40000,0.0,0.0
2014-01-03 00:00:00+08:00,0.04115475341677666,0.04115475341677666,0.04115475341677666,0.04115475341677666,2000,0.0,0.0
2014-01-06 00:00:00+08:00,0.04087287560105324,0.04115475808111123,0.04087287560105324,0.04087287560105324,75000,0.0,0.0
2014-01-07 00:00:00+08:00,0.04087287560105324,0.04087287560105324,0.04087287560105324,0.04087287560105324,10000,0.0,0.0
2014-01-08 00:00:00+08:00,0.04143663868308067,0.04171852115036252,0.041154756215798824,0.04143663868308067,384000,0.0,0.0
2014-01-09 00:00:00+08:00,0.04143664056116922,0.04143664056116922,0.04087287560105324,0.04087287560105324,373000,0.0,0.0
2014-01-10 00:00:00+08:00,0.04087287560105324,0.04087287560105324,0.04059099312099525,0.04087287560105324,103000,0.0,0.0
2014-01-13 00:00:00+08:00,0.04059099312099525,0.04143664056116922,0.04059099312099525,0.04087287560105324,381000,0.0,0.0
2014-01-14 00:00:00+08:00,0.04059099400460789,0.041718523949384696,0.04059099400460789,0.04171852394938469,119000,0.0,0.0
2014-01-15 00:00:00+08:00,0.04059099400460789,0.041718523949384696,0.04059099400460789,0.04171852394938469,37000,0.0,0.0
2014-01-16 00:00:00+08:00,0.04087287560105324,0.04143664056116922,0.04059099312099525,0.04087287560105324,123000,0.0,0.0
2014-01-17 00:00:00+08:00,0.04087287374851697,0.04143663868308067,0.04059099128123512,0.04143663868308067,88000,0.0,0.0
2014-01-20 00:00:00+08:00,0.04087287560105324,0.04087287560105324,0.04087287560105324,0.04087287560105324,159000,0.0,0.0
2014-01-21 00:00:00+08:00,0.04143664056116922,0.04143664056116922,0.04059099312099525,0.04087287560105324,491000,0.0,0.0
2014-01-22 00:00:00+08:00,0.04059099128123512,0.04143663868308067,0.04059099128123512,0.04143663868308067,36000,0.0,0.0
2014-01-23 00:00:00+08:00,0.0405909885205558,0.04115475341677666,0.0405909885205558,0.04115475341677666,238000,0.0,0.0
2014-01-24 00:00:00+08:00,0.0405909885205558,0.04115475341677666,0.0405909885205558,0.04115475341677666,137000,0.0,0.0
2014-01-27 00:00:00+08:00,0.040309121947076566,0.040309121947076566,0.039745356887578964,0.039745356887578964,815000,0.0,0.0
2014-01-28 00:00:00+08:00,0.03974535220675102,0.04002723470330238,0.03974535220675102,0.04002723470330238,253000,0.0,0.0
2014-01-29 00:00:00+08:00,0.04002723941732776,0.04002723941732776,0.03946347435783017,0.039745356887578964,581000,0.0,0.0
2014-01-30 00:00:00+08:00,0.03946347435783017,0.039745356887578964,0.03889970929833257,0.039745356887578964,441000,0.0,0.0
2014-02-03 00:00:00+08:00,0.038899704813957214,0.03918158731121047,0.03861782231670396,0.038899704813957214,696000,0.0,0.0
2014-02-04 00:00:00+08:00,0.038899704813957214,0.038899704813957214,0.038899704813957214,0.038899704813957214,75000,0.0,0.0
2014-02-05 00:00:00+08:00,0.038899704813957214,0.038899704813957214,0.038899704813957214,0.038899704813957214,243000,0.0,0.0
2014-02-06 00:00:00+08:00,0.03918159008026123,0.03946347259743575,0.0388997075630867,0.03918159008026123,196000,0.0,0.0
2014-02-07 00:00:00+08:00,0.03918159008026123,0.04002723763178481,0.03918159008026123,0.03918159008026123,323000,0.0,0.0
2014-02-10 00:00:00+08:00,0.03918159008026123,0.03946347259743575,0.03918159008026123,0.03918159008026123,108000,0.0,0.0
2014-02-11 00:00:00+08:00,0.03889971027294284,0.03946347534656525,0.03889971027294284,0.03946347534656525,200000,0.0,0.0
2014-02-12 00:00:00+08:00,0.03946347259743575,0.03974535511461028,0.03918159008026123,0.03918159008026123,61000,0.0,0.0
2014-02-13 00:00:00+08:00,0.038899704813957214,0.03918158731121047,0.038899704813957214,0.038899704813957214,41000,0.0,0.0
2014-02-14 00:00:00+08:00,0.03946347259743575,0.03946347259743575,0.0388997075630867,0.03918159008026123,102000,0.0,0.0
2014-02-17 00:00:00+08:00,0.0388997075630867,0.03918159008026123,0.0388997075630867,0.03918159008026123,105000,0.0,0.0
2014-02-18 00:00:00+08:00,0.0388997075630867,0.03918159008026123,0.03861782504591218,0.03918159008026123,220000,0.0,0.0
2014-02-19 00:00:00+08:00,0.03946347259743575,0.03946347259743575,0.03861782504591218,0.03918159008026123,42000,0.0,0.0
2014-02-20 00:00:00+08:00,0.03833594401981872,0.038899704813957214,0.03833594401981872,0.038899704813957214,6000,0.0,0.0
2014-02-21 00:00:00+08:00,0.03918159206108395,0.03918159206108395,0.038617826998233795,0.038617826998233795,3000,0.0,0.0
2014-02-24 00:00:00+08:00,0.03861782376467431,0.03861782376467431,0.03833594545722008,0.03833594545722008,67000,0.0,0.0
2014-02-25 00:00:00+08:00,0.03861782504591218,0.03946347259743575,0.03861782504591218,0.03918159008026123,137000,0.0,0.0
2014-02-26 00:00:00+08:00,0.03946347259743575,0.03974535511461028,0.03861782504591218,0.03918159008026123,164000,0.0,0.0
2014-02-27 00:00:00+08:00,0.03946347435783017,0.039745356887578964,0.03918159182808137,0.039745356887578964,92000,0.0,0.0
2014-02-28 00:00:00+08:00,0.039463474592509026,0.039463474592509026,0.038617826998233795,0.038617826998233795,8000,0.0,0.0
2014-03-03 00:00:00+08:00,0.03861781812419735,0.03861781812419735,0.037772174924612045,0.037772174924612045,376000,0.0,0.0
2014-03-04 00:00:00+08:00,0.038054064211931436,0.03918159008026123,0.038054064211931436,0.03918159008026123,152000,0.0,0.0
2014-03-05 00:00:00+08:00,0.03918159008026123,0.03974535511461028,0.038335946729105966,0.03918159008026123,249000,0.0,0.0
2014-03-06 00:00:00+08:00,0.03833594401981872,0.038899704813957214,0.03833594401981872,0.038899704813957214,75000,0.0,0.0
2014-03-07 00:00:00+08:00,0.038617826998233795,0.038617826998233795,0.038617826998233795,0.038617826998233795,18000,0.0,0.0
2014-03-10 00:00:00+08:00,0.038335946729105966,0.03918159008026123,0.038335946729105966,0.03918159008026123,294000,0.0,0.0
2014-03-11 00:00:00+08:00,0.03861782231670396,0.03918158731121047,0.03861782231670396,0.038899704813957214,132000,0.0,0.0
2014-03-12 00:00:00+08:00,0.03946347534656525,0.03946347534656525,0.03946347534656525,0.03946347534656525,30000,0.0,0.0
2014-03-13 00:00:00+08:00,0.03861782231670396,0.038899704813957214,0.03861782231670396,0.038899704813957214,130000,0.0,0.0
2014-03-14 00:00:00+08:00,0.03918158731121047,0.039463469808463734,0.03861782231670396,0.038899704813957214,20000,0.0,0.0
2014-03-17 00:00:00+08:00,0.038617827736131635,0.03946347534656525,0.038617827736131635,0.03946347534656525,158000,0.0,0.0
2014-03-18 00:00:00+08:00,0.03946347534656525,0.03946347534656525,0.03946347534656525,0.03946347534656525,0,0.0,0.0
2014-03-19 00:00:00+08:00,0.03889971027294284,0.03946347534656525,0.03889971027294284,0.03946347534656525,91000,0.0,0.0
2014-03-20 00:00:00+08:00,0.03918158731121047,0.03918158731121047,0.03833594401981872,0.038899704813957214,246000,0.0,0.0
2014-03-21 00:00:00+08:00,0.03861782231670396,0.03918158731121047,0.03861782231670396,0.038899704813957214,61000,0.0,0.0
2014-03-24 00:00:00+08:00,0.03833594866717724,0.03974535712393411,0.03833594866717724,0.038617826998233795,246000,0.0,0.0
2014-03-25 00:00:00+08:00,0.038899704813957214,0.038899704813957214,0.038899704813957214,0.038899704813957214,17000,0.0,0.0
2014-03-26 00:00:00+08:00,0.03918159280975404,0.03974535788337646,0.03889971027294284,0.03946347534656525,119000,0.0,0.0
2014-03-27 00:00:00+08:00,0.03946347534656525,0.03946347534656525,0.03946347534656525,0.03946347534656525,0,0.0,0.0
2014-03-28 00:00:00+08:00,0.038617827736131635,0.03946347534656525,0.038617827736131635,0.03946347534656525,114000,0.0,0.0
2014-03-31 00:00:00+08:00,0.038899704813957214,0.03918158731121047,0.038899704813957214,0.038899704813957214,16000,0.0,0.0
2014-04-01 00:00:00+08:00,0.0388997075630867,0.03918159008026123,0.0388997075630867,0.03918159008026123,79000,0.0,0.0
2014-04-02 00:00:00+08:00,0.038899704813957214,0.03974535230571699,0.038899704813957214,0.038899704813957214,199000,0.0,0.0
2014-04-03 00:00:00+08:00,0.03946347435783017,0.039745356887578964,0.03946347435783017,0.039745356887578964,275000,0.0,0.0
2014-04-04 00:00:00+08:00,0.039745356887578964,0.039745356887578964,0.03946347435783017,0.039745356887578964,467000,0.0,0.0
2014-04-07 00:00:00+08:00,0.04002723470330238,0.040872877992588486,0.03974535220675102,0.04002723470330238,1706000,0.0,0.0
2014-04-08 00:00:00+08:00,0.04030911577382824,0.04087287654661867,0.04030911577382824,0.04059099406003952,2245000,0.0,0.0
2014-04-09 00:00:00+08:00,0.04059099406003952,0.04087287654661867,0.04059099406003952,0.04059099406003952,696000,0.0,0.0
2014-04-10 00:00:00+08:00,0.04059099406003952,0.04059099406003952,0.04030911577382824,0.04059099406003952,951000,0.0,0.0
2014-04-11 00:00:00+08:00,0.04030911577382824,0.04059099406003952,0.04030911577382824,0.04059099406003952,894000,0.0,0.0
2014-04-14 00:00:00+08:00,0.04059099669142524,0.042000409215688705,0.04059099669142524,0.042000409215688705,3134000,0.0,0.0
2014-04-15 00:00:00+08:00,0.04200040778232822,0.04256416857242584,0.041436642791862606,0.04256416857242584,3972000,0.0,0.0
2014-04-16 00:00:00+08:00,0.04256417280488672,0.04256417280488672,0.04200041195873031,0.04228229448199272,600000,0.0,0.0
2014-04-17 00:00:00+08:00,0.04256416762448452,0.04284605011343956,0.04256416762448452,0.04284605011343956,559000,0.0,0.0
2014-04-21 00:00:00+08:00,0.04284605011343956,0.04284605011343956,0.04284605011343956,0.04284605011343956,0,0.0,0.0
2014-04-22 00:00:00+08:00,0.04848369306668241,0.049047453862537026,0.04791992807045977,0.04820181056857109,31729000,0.0,0.0
2014-04-23 00:00:00+08:00,0.048765573650598526,0.04932933867325097,0.04848369533964054,0.048765573650598526,14588000,0.0,0.0
2014-04-24 00:00:00+08:00,0.04876556898198201,0.04961121643500183,0.04876556898198201,0.049047451466321945,11312000,0.0,0.0
2014-04-25 00:00:00+08:00,0.04961121638752672,0.050456863839737305,0.04961121638752672,0.050174981355667114,10120000,0.0,0.0
2014-04-28 00:00:00+08:00,0.050174981355667114,0.0507387463238075,0.049893098871596916,0.050174981355667114,5318000,0.0,0.0
2014-04-29 00:00:00+08:00,0.050174982704138525,0.05186627345364595,0.050174982704138525,0.05102062597870827,12778000,0.0,0.0
2014-04-30 00:00:00+08:00,0.051020621328477726,0.05158438626038564,0.051020621328477726,0.051302503794431686,4854000,0.0,0.0
2014-05-02 00:00:00+08:00,0.051302503794431686,0.051302503794431686,0.05073874306289132,0.051302503794431686,2385000,0.0,0.0
2014-05-05 00:00:00+08:00,0.05130250847035416,0.05130250847035416,0.051020625978708274,0.05102062597870827,4222000,0.0,0.0
2014-05-06 00:00:00+08:00,0.05102062645690474,0.05102062645690474,0.05073874816298485,0.05073874816298485,2204000,0.0,0.0
2014-05-07 00:00:00+08:00,0.05102062365391652,0.05102062365391652,0.05045686289668083,0.05045686289668083,6449000,0.0,0.0
2014-05-08 00:00:00+08:00,0.0507387463238075,0.0507387463238075,0.04932933390345653,0.050174981355667114,4200000,0.0,0.0
2014-05-09 00:00:00+08:00,0.04989309793907741,0.05045686289668083,0.04989309793907741,0.05045686289668083,2228000,0.0,0.0
2014-05-12 00:00:00+08:00,0.0507387463238075,0.0507387463238075,0.050174981355667114,0.050174981355667114,2364000,0.0,0.0
2014-05-14 00:00:00+08:00,0.04989309981465339,0.05045686479344981,0.04989309981465339,0.0498930998146534,2378000,0.0,0.0
2014-05-15 00:00:00+08:00,0.04961121923286287,0.049893101733099784,0.04932933673262596,0.04932933673262596,11952000,0.0,0.0
2014-05-16 00:00:00+08:00,0.049329334835856976,0.0501749823040516,0.049329334835856976,0.0498930998146534,10110000,0.0,0.0
2014-05-19 00:00:00+08:00,0.04989309833979221,0.05327567971184438,0.04989309833979221,0.05271191895008087,23831000,0.0,0.0
2014-05-20 00:00:00+08:00,0.05271192181621754,0.05271192181621754,0.05186627432703972,0.05186627432703972,6740000,0.0,0.0
2014-05-21 00:00:00+08:00,0.05130251572578201,0.05468510190354504,0.051020633194271046,0.05440321937203407,23139000,0.0,0.0
2014-05-22 00:00:00+08:00,0.05496697756990322,0.05778579854798864,0.05383945169889005,0.056376390159130096,41024000,0.0,0.0
2014-05-23 00:00:00+08:00,0.05637638949201793,0.05919520623637945,0.05637638949201793,0.057785797864198685,16563000,0.0,0.0
2014-05-26 00:00:00+08:00,0.05919520623637945,0.060604618808928486,0.05637638949201793,0.057785797864198685,13788000,0.0,0.0
2014-05-27 00:00:00+08:00,0.05778579854798864,0.05778579854798864,0.05355756918104468,0.056376390159130096,18954000,0.0,0.0
2014-05-28 00:00:00+08:00,0.05637638836960785,0.05637638836960785,0.055530740842914615,0.05581262335181236,6329000,0.0,0.0
2014-05-29 00:00:00+08:00,0.055248859433978705,0.05919520623637945,0.055248859433978705,0.057785797864198685,35923000,0.0,0.0
2014-05-30 00:00:00+08:00,0.057785803243091786,0.062014032953579906,0.057785803243091786,0.06060462445020676,23223000,0.0,0.0
2014-06-02 00:00:00+08:00,0.062014024107438656,0.06624225321478075,0.062014024107438656,0.06342343240976334,29590000,0.0,0.0
2014-06-03 00:00:00+08:00,0.06342343221973223,0.07047048211097717,0.06342343221973223,0.07047048211097717,24378000,0.0,0.0
2014-06-04 00:00:00+08:00,0.07328929330664719,0.07751752629011902,0.07187988511240175,0.07469870150089264,24859000,0.0,0.0
2014-06-05 00:00:00+08:00,0.07469870700528247,0.07469870700528247,0.0690610738128754,0.07047048211097717,17308000,0.0,0.0
2014-06-06 00:00:00+08:00,0.07047047787732663,0.07187988609075546,0.0690610696638978,0.07187988609075546,13751000,0.0,0.0
2014-06-09 00:00:00+08:00,0.07187987463122086,0.07328928261995316,0.07047046664248857,0.07328928261995316,9291000,0.0,0.0
2014-06-10 00:00:00+08:00,0.07328929330664719,0.07610811809587358,0.07328929330664719,0.07469870150089264,5377000,0.0,0.0
2014-06-11 00:00:00+08:00,0.07469870150089264,0.07610811809587358,0.07187988511240175,0.07469870150089264,6813000,0.0,0.0
2014-06-12 00:00:00+08:00,0.07469870150089264,0.07469870150089264,0.07328929330664719,0.07469870150089264,4827000,0.0,0.0
2014-06-13 00:00:00+08:00,0.07469870150089264,0.07469870150089264,0.07469870150089264,0.07469870150089264,1596000,0.0,0.0
2014-06-16 00:00:00+08:00,0.0746987047036777,0.08315516263246535,0.07328929644900241,0.08315516263246536,8962000,0.0,0.0
2014-06-17 00:00:00+08:00,0.08315517363884856,0.0887928158044815,0.07892694831517656,0.0887928158044815,12427000,0.0,0.0
2014-06-18 00:00:00+08:00,0.08738339692354202,0.08879280519638368,0.08597398865070037,0.08738339692354202,2744000,0.0,0.0
2014-06-19 00:00:00+08:00,0.08738340579587268,0.08738340579587268,0.083155172147305,0.08456458896398544,4587000,0.0,0.0
2014-06-20 00:00:00+08:00,0.08738339692354202,0.09161162174206698,0.08597398865070037,0.08738339692354202,6640000,0.0,0.0
2014-06-23 00:00:00+08:00,0.08597399737992906,0.0887928142118163,0.08456458896398543,0.08456458896398544,4451000,0.0,0.0
2014-06-24 00:00:00+08:00,0.08456457600268637,0.08597398420260856,0.08033634300218429,0.08174575120210648,3684000,0.0,0.0
2014-06-25 00:00:00+08:00,0.08174575120210648,0.08174575120210648,0.08033634300218429,0.08174575120210648,1484000,0.0,0.0
2014-06-26 00:00:00+08:00,0.08033634300218429,0.08174575120210648,0.07892693480226211,0.08174575120210648,1309000,0.0,0.0
2014-06-27 00:00:00+08:00,0.08174575951336834,0.08597399294376372,0.08033635117014866,0.08597399294376373,7068000,0.0,0.0
2014-06-30 00:00:00+08:00,0.0859739875425518,0.0859739875425518,0.08315516263246535,0.08315516263246536,4115000,0.0,0.0
2014-07-01 00:00:00+08:00,0.08315516785658801,0.08597399294376372,0.08174575951336834,0.08597399294376373,4528000,0.0,0.0
2014-07-02 00:00:00+08:00,0.08456458896398543,0.08456458896398543,0.083155172147305,0.08456458896398544,1689000,0.0,0.0
2014-07-03 00:00:00+08:00,0.08456458896398543,0.08597399737992906,0.08456458896398543,0.08456458896398544,1287000,0.0,0.0
2014-07-04 00:00:00+08:00,0.08456458896398543,0.08456458896398543,0.083155172147305,0.08456458896398544,2642000,0.0,0.0
2014-07-07 00:00:00+08:00,0.08456458896398543,0.08597399737992906,0.08456458896398543,0.08456458896398544,2965000,0.0,0.0
2014-07-08 00:00:00+08:00,0.08456458896398543,0.08456458896398543,0.083155172147305,0.08456458896398544,1647000,0.0,0.0
2014-07-09 00:00:00+08:00,0.08456458896398543,0.08456458896398543,0.08456458896398543,0.08456458896398544,3252000,0.0,0.0
2014-07-10 00:00:00+08:00,0.0859739875425518,0.0859739875425518,0.08315516263246535,0.08315516263246536,845000,0.0,0.0
2014-07-11 00:00:00+08:00,0.08315516263246535,0.08315516263246535,0.08315516263246535,0.08315516263246536,2656000,0.0,0.0
2014-07-14 00:00:00+08:00,0.08033634300218429,0.08315515940202867,0.07892693480226211,0.08174575120210648,3772000,0.0,0.0
2014-07-15 00:00:00+08:00,0.08174576373136139,0.08597399737992906,0.08174576373136139,0.08456458896398544,7135000,0.0,0.0
2014-07-16 00:00:00+08:00,0.08456458896398543,0.08456458896398543,0.083155172147305,0.08456458896398544,1454000,0.0,0.0
2014-07-17 00:00:00+08:00,0.08456458896398543,0.08456458896398543,0.083155172147305,0.08456458896398544,936000,0.0,0.0
2014-07-18 00:00:00+08:00,0.08315516263246535,0.0845645792878765,0.08174575437779005,0.08315516263246536,1006000,0.0,0.0
2014-07-21 00:00:00+08:00,0.08174575120210648,0.08315515940202867,0.08174575120210648,0.08174575120210648,1527000,0.0,0.0
2014-07-22 00:00:00+08:00,0.08174575120210648,0.08174575120210648,0.08033634300218429,0.08174575120210648,1056000,0.0,0.0
2014-07-23 00:00:00+08:00,0.08174575120210648,0.08174575120210648,0.08033634300218429,0.08174575120210648,527000,0.0,0.0
2014-07-24 00:00:00+08:00,0.08174576307758033,0.08174576307758033,0.08033635467290878,0.08033635467290878,1948000,0.0,0.0
2014-07-25 00:00:00+08:00,0.08033634300218429,0.08174575120210648,0.08033634300218429,0.08174575120210648,763000,0.0,0.0
2014-07-29 00:00:00+08:00,0.08033634300218429,0.08315515940202867,0.08033634300218429,0.08174575120210648,4343000,0.0,0.0
2014-07-30 00:00:00+08:00,0.08174576307758033,0.08315517148225188,0.08033635467290878,0.08033635467290878,408000,0.0,0.0
2014-07-31 00:00:00+08:00,0.08033634612311476,0.08315516263246535,0.08033634612311476,0.08315516263246536,2354000,0.0,0.0
2014-08-01 00:00:00+08:00,0.0845645792878765,0.0845645792878765,0.08174575437779005,0.08315516263246536,119000,0.0,0.0
2014-08-04 00:00:00+08:00,0.08174576307758033,0.08315517148225188,0.08033635467290878,0.08033635467290878,148000,0.0,0.0
2014-08-05 00:00:00+08:00,0.08174576307758033,0.08174576307758033,0.08033635467290878,0.08033635467290878,59000,0.0,0.0
2014-08-06 00:00:00+08:00,0.08033635467290878,0.08174576307758033,0.08033635467290878,0.08033635467290878,276000,0.0,0.0
2014-08-07 00:00:00+08:00,0.08033635467290878,0.08033635467290878,0.08033635467290878,0.08033635467290878,656000,0.0,0.0
2014-08-08 00:00:00+08:00,0.08033635467290878,0.08033635467290878,0.07751753786356569,0.08033635467290878,991000,0.0,0.0
2014-08-11 00:00:00+08:00,0.07892694626823724,0.08033635467290878,0.07751753786356569,0.08033635467290878,494000,0.0,0.0
2014-08-12 00:00:00+08:00,0.0789269506931305,0.08033635917681792,0.07751754220944308,0.0789269506931305,1358000,0.0,0.0
2014-08-13 00:00:00+08:00,0.07892693480226211,0.08174575120210648,0.07892693480226211,0.08174575120210648,1056000,0.0,0.0
2014-08-14 00:00:00+08:00,0.08033635467290878,0.08174576307758033,0.07892694626823724,0.08033635467290878,553000,0.0,0.0
2014-08-15 00:00:00+08:00,0.08033635467290878,0.08174576307758033,0.08033635467290878,0.08033635467290878,742000,0.0,0.0
2014-08-18 00:00:00+08:00,0.08033635467290878,0.08174576307758033,0.08033635467290878,0.08033635467290878,416000,0.0,0.0
2014-08-19 00:00:00+08:00,0.08033635467290878,0.08315517148225188,0.08033635467290878,0.08033635467290878,1183000,0.0,0.0
2014-08-20 00:00:00+08:00,0.08033634300218429,0.08174575120210648,0.07892693480226211,0.08174575120210648,1223000,0.0,0.0
2014-08-21 00:00:00+08:00,0.08033634300218429,0.08315515940202867,0.08033634300218429,0.08174575120210648,1045000,0.0,0.0
2014-08-22 00:00:00+08:00,0.08033634612311476,0.08315516263246535,0.08033634612311476,0.08315516263246536,2544000,0.0,0.0
2014-08-25 00:00:00+08:00,0.08315516263246535,0.08315516263246535,0.08033634612311476,0.08315516263246536,216000,0.0,0.0
2014-08-26 00:00:00+08:00,0.08174576307758033,0.08174576307758033,0.08033635467290878,0.08033635467290878,102000,0.0,0.0
2014-08-27 00:00:00+08:00,0.08174575437779005,0.08315516263246535,0.08033634612311476,0.08315516263246536,758000,0.0,0.0
2014-08-28 00:00:00+08:00,0.08174575120210648,0.08315515940202867,0.08033634300218429,0.08174575120210648,886000,0.0,0.0
2014-08-29 00:00:00+08:00,0.08174576373136139,0.08456458896398543,0.08033635531541776,0.08456458896398544,1482000,0.0,0.0
2014-09-01 00:00:00+08:00,0.08174575120210648,0.08315515940202867,0.08174575120210648,0.08174575120210648,319000,0.0,0.0
2014-09-02 00:00:00+08:00,0.08174575120210648,0.08315515940202867,0.08174575120210648,0.08174575120210648,208000,0.0,0.0
2014-09-03 00:00:00+08:00,0.08174575120210648,0.08174575120210648,0.08174575120210648,0.08174575120210648,111000,0.0,0.0
2014-09-04 00:00:00+08:00,0.08174575120210648,0.08174575120210648,0.08033634300218429,0.08174575120210648,408000,0.0,0.0
2014-09-05 00:00:00+08:00,0.08174575437779005,0.08315516263246535,0.08174575437779005,0.08315516263246536,345000,0.0,0.0
2014-09-08 00:00:00+08:00,0.08174576307758033,0.08174576307758033,0.08033635467290878,0.08033635467290878,24000,0.0,0.0
2014-09-09 00:00:00+08:00,0.08033634300218429,0.08174575120210648,0.08033634300218429,0.08174575120210648,119000,0.0,0.0
2014-09-10 00:00:00+08:00,0.08033635467290878,0.08033635467290878,0.08033635467290878,0.08033635467290878,104000,0.0,0.0
2014-09-11 00:00:00+08:00,0.08033635467290878,0.08033635467290878,0.08033635467290878,0.08033635467290878,158000,0.0,0.0
2014-09-12 00:00:00+08:00,0.08033635467290878,0.08174576307758033,0.08033635467290878,0.08033635467290878,297000,0.0,0.0
2014-09-15 00:00:00+08:00,0.07892694626823724,0.08033635467290878,0.07892694626823724,0.08033635467290878,476000,0.0,0.0
2014-09-16 00:00:00+08:00,0.08033635467290878,0.08033635467290878,0.07892694626823724,0.08033635467290878,842000,0.0,0.0
2014-09-17 00:00:00+08:00,0.0789269506931305,0.08033635917681792,0.0789269506931305,0.0789269506931305,481000,0.0,0.0
2014-09-18 00:00:00+08:00,0.0789269506931305,0.08033635917681792,0.07751754220944308,0.0789269506931305,676000,0.0,0.0
2014-09-19 00:00:00+08:00,0.0789269506931305,0.0789269506931305,0.0789269506931305,0.0789269506931305,0,0.0,0.0
2014-09-22 00:00:00+08:00,0.08174576307758033,0.08456458828766017,0.08033635467290878,0.08033635467290878,313325000,0.0,0.0
2014-09-23 00:00:00+08:00,0.08174576307758033,0.08174576307758033,0.08033635467290878,0.08033635467290878,1168000,0.0,0.0
2014-09-24 00:00:00+08:00,0.0789269506931305,0.0789269506931305,0.07751754220944308,0.0789269506931305,448000,0.0,0.0
2014-09-25 00:00:00+08:00,0.07892693448436447,0.07892693448436447,0.07469870150089264,0.07469870150089264,930000,0.0,0.0
2014-09-26 00:00:00+08:00,0.07469870251761314,0.07469870251761314,0.0690610696638978,0.07187988609075546,1114000,0.0,0.0
2014-09-29 00:00:00+08:00,0.07187988609075546,0.07187988609075546,0.07187988609075546,0.07187988609075546,0,0.0,0.0
2014-09-30 00:00:00+08:00,0.0746987047036777,0.0845645792878765,0.0746987047036777,0.08315516263246536,5539000,0.0,0.0
2014-10-01 00:00:00+08:00,0.08033634300218429,0.08315515940202867,0.07751752660233992,0.08174575120210648,1540000,0.0,0.0
2014-10-02 00:00:00+08:00,0.0789269506931305,0.08174576766050534,0.0789269506931305,0.0789269506931305,4363000,0.0,0.0
2014-10-03 00:00:00+08:00,0.08033634612311476,0.08315516263246535,0.07892693786843945,0.08315516263246536,10601000,0.0,0.0
2014-10-07 00:00:00+08:00,0.08315516263246535,0.0845645792878765,0.08033634612311476,0.08315516263246536,18879000,0.0,0.0
2014-10-08 00:00:00+08:00,0.08315516263246535,0.08315516263246535,0.08174575437779005,0.08315516263246536,2833000,0.0,0.0
2014-10-09 00:00:00+08:00,0.08315516263246535,0.0845645792878765,0.08174575437779005,0.08315516263246536,2157000,0.0,0.0
2014-10-10 00:00:00+08:00,0.0845645792878765,0.0845645792878765,0.08174575437779005,0.08315516263246536,2026000,0.0,0.0
2014-10-13 00:00:00+08:00,0.08174575437779005,0.08315516263246535,0.08174575437779005,0.08315516263246536,1074000,0.0,0.0
2014-10-14 00:00:00+08:00,0.08315516263246535,0.08315516263246535,0.08174575437779005,0.08315516263246536,1676000,0.0,0.0
2014-10-15 00:00:00+08:00,0.08315516263246535,0.08315516263246535,0.08174575437779005,0.08315516263246536,5116000,0.0,0.0
2014-10-16 00:00:00+08:00,0.08174575437779005,0.08315516263246535,0.08033634612311476,0.08315516263246536,3832000,0.0,0.0
2014-10-17 00:00:00+08:00,0.083155172147305,0.08456458896398543,0.08174576373136139,0.08456458896398544,4979000,0.0,0.0
2014-10-20 00:00:00+08:00,0.08456458896398543,0.08597399737992906,0.083155172147305,0.08456458896398544,1402000,0.0,0.0
2014-10-21 00:00:00+08:00,0.08456458460054406,0.08597399294376372,0.08456458460054406,0.08597399294376373,310000,0.0,0.0
2014-10-22 00:00:00+08:00,0.08597399294376372,0.08597399294376372,0.08597399294376372,0.08597399294376373,0,0.0,0.0
2014-10-24 00:00:00+08:00,0.08597398865070037,0.08738339692354202,0.08597398865070037,0.08738339692354202,1480000,0.0,0.0
2014-10-27 00:00:00+08:00,0.08597399737992906,0.08738340579587268,0.083155172147305,0.08456458896398544,1406000,0.0,0.0
2014-10-28 00:00:00+08:00,0.08456458460054406,0.08597399294376372,0.08456458460054406,0.08597399294376373,592000,0.0,0.0
2014-10-29 00:00:00+08:00,0.08456458037785872,0.08738339692354202,0.08456458037785872,0.08738339692354202,1347000,0.0,0.0
2014-10-30 00:00:00+08:00,0.08597399294376372,0.0873834012869834,0.08597399294376372,0.08597399294376373,2945000,0.0,0.0
2014-10-31 00:00:00+08:00,0.08597399294376372,0.08597399294376372,0.08456458460054406,0.08597399294376373,2595000,0.0,0.0
2014-11-03 00:00:00+08:00,0.08456458460054406,0.08597399294376372,0.08456458460054406,0.08597399294376373,1480000,0.0,0.0
2014-11-04 00:00:00+08:00,0.08597399737992906,0.08597399737992906,0.08456458896398543,0.08456458896398544,3640000,0.0,0.0
2014-11-05 00:00:00+08:00,0.08456458896398543,0.08456458896398543,0.08456458896398543,0.08456458896398544,1736000,0.0,0.0
2014-11-06 00:00:00+08:00,0.08602257948756449,0.08602257948756449,0.08310656249523163,0.08310656249523163,4071000,0.01,0.0
2014-11-07 00:00:00+08:00,0.08310656249523163,0.08456457099139805,0.08310656249523163,0.08310656249523163,199000,0.0,0.0
2014-11-10 00:00:00+08:00,0.08456457099139805,0.08456457099139805,0.0816485539990652,0.08310656249523163,4545000,0.0,0.0
2014-11-11 00:00:00+08:00,0.08164856291661583,0.08164856291661583,0.07873254560579933,0.08019055426120758,2373000,0.0,0.0
2014-11-12 00:00:00+08:00,0.08019055426120758,0.08164856291661583,0.08019055426120758,0.08019055426120758,440000,0.0,0.0
2014-11-13 00:00:00+08:00,0.08019054248631942,0.08310655936895858,0.08019054248631942,0.08164855092763901,620000,0.0,0.0
2014-11-14 00:00:00+08:00,0.081648550927639,0.081648550927639,0.081648550927639,0.08164855092763901,11000,0.0,0.0
2014-11-17 00:00:00+08:00,0.08019055426120758,0.08019055426120758,0.08019055426120758,0.08019055426120758,141000,0.0,0.0
2014-11-18 00:00:00+08:00,0.08164856291661583,0.08164856291661583,0.08019055426120758,0.08019055426120758,216000,0.0,0.0
2014-11-19 00:00:00+08:00,0.081648550927639,0.08310655936895858,0.08019054248631942,0.08164855092763901,226000,0.0,0.0
2014-11-20 00:00:00+08:00,0.08019054248631942,0.081648550927639,0.08019054248631942,0.08164855092763901,2099000,0.0,0.0
2014-11-21 00:00:00+08:00,0.08019055426120758,0.08164856291661583,0.08019055426120758,0.08019055426120758,1963000,0.0,0.0
2014-11-24 00:00:00+08:00,0.081648550927639,0.081648550927639,0.08019054248631942,0.08164855092763901,2113000,0.0,0.0
2014-11-25 00:00:00+08:00,0.081648550927639,0.081648550927639,0.081648550927639,0.08164855092763901,0,0.0,0.0
2014-11-26 00:00:00+08:00,0.07873254269361496,0.08019055129509393,0.07581651680024028,0.07873254269361496,1943000,0.0,0.0
2014-11-27 00:00:00+08:00,0.07727452540171924,0.07873254269361496,0.07727452540171924,0.07873254269361496,103000,0.0,0.0
2014-11-28 00:00:00+08:00,0.07727452367544174,0.07727452367544174,0.07435850653762631,0.07727452367544174,618000,0.0,0.0
2014-12-01 00:00:00+08:00,0.07581650465726852,0.07727451302522902,0.07435849628930803,0.07581650465726852,310000,0.0,0.0
2014-12-02 00:00:00+08:00,0.0743585005402565,0.07581650899156885,0.0743585005402565,0.0743585005402565,266000,0.0,0.0
2014-12-03 00:00:00+08:00,0.07435849628930803,0.07581650465726852,0.07435849628930803,0.07581650465726852,172000,0.0,0.0
2014-12-04 00:00:00+08:00,0.07435849628930803,0.07581650465726852,0.07290048792134754,0.07581650465726852,703000,0.0,0.0
2014-12-05 00:00:00+08:00,0.07581650465726852,0.07581650465726852,0.07581650465726852,0.07581650465726852,0,0.0,0.0
2014-12-08 00:00:00+08:00,0.07290048792134754,0.07873253008360488,0.07290048792134754,0.07581650465726852,2384000,0.0,0.0
2014-12-09 00:00:00+08:00,0.077274528259974,0.08164856291661583,0.07581651960456574,0.08019055426120758,1998000,0.0,0.0
2014-12-10 00:00:00+08:00,0.08019054135025214,0.08456456661224365,0.08019054135025214,0.08456456661224365,1634000,0.0,0.0
2014-12-11 00:00:00+08:00,0.08456456732571081,0.08893860131502153,0.08456456732571081,0.08893860131502151,2910000,0.0,0.0
2014-12-12 00:00:00+08:00,0.0874806029211161,0.0874806029211161,0.0845645770301344,0.08602258563041687,322000,0.0,0.0
2014-12-15 00:00:00+08:00,0.08602258563041687,0.08602258563041687,0.0845645770301344,0.08602258563041687,821000,0.0,0.0
2014-12-16 00:00:00+08:00,0.08456456661224365,0.08602257503290749,0.0831065581915798,0.08456456661224365,842000,0.0,0.0
2014-12-17 00:00:00+08:00,0.08602258563041687,0.08602258563041687,0.0845645770301344,0.08602258563041687,720000,0.0,0.0
2014-12-18 00:00:00+08:00,0.08602258563041687,0.08602258563041687,0.08602258563041687,0.08602258563041687,400000,0.0,0.0
2014-12-19 00:00:00+08:00,0.0845645770301344,0.08602258563041687,0.0845645770301344,0.08602258563041687,929000,0.0,0.0
2014-12-22 00:00:00+08:00,0.08456457149779838,0.08748059719800949,0.08456457149779838,0.08748059719800949,1643000,0.0,0.0
2014-12-23 00:00:00+08:00,0.08602258563041687,0.08602258563041687,0.08602258563041687,0.08602258563041687,1499000,0.0,0.0
2014-12-24 00:00:00+08:00,0.08602258563041687,0.0874806029211161,0.0845645770301344,0.08602258563041687,125000,0.0,0.0
2014-12-26 00:00:00+08:00,0.0845645770301344,0.0874806029211161,0.0845645770301344,0.08602258563041687,1034000,0.0,0.0
2014-12-29 00:00:00+08:00,0.08456456661224365,0.08456456661224365,0.08456456661224365,0.08456456661224365,125000,0.0,0.0
2014-12-30 00:00:00+08:00,0.08456457099139805,0.08456457099139805,0.08310656249523163,0.08310656249523163,98000,0.0,0.0
2014-12-31 00:00:00+08:00,0.08602257575867579,0.08893860131502153,0.08456456732571081,0.08893860131502151,2689000,0.0,0.0
2015-01-02 00:00:00+08:00,0.08748059288205653,0.08893860131502153,0.08602257575867579,0.08893860131502151,1876000,0.0,0.0
2015-01-05 00:00:00+08:00,0.08748059719800949,0.08748059719800949,0.08602258000269584,0.08748059719800949,1178000,0.0,0.0
2015-01-06 00:00:00+08:00,0.08602258563041687,0.0874806029211161,0.08602258563041687,0.08602258563041687,638000,0.0,0.0
2015-01-07 00:00:00+08:00,0.08748059719800949,0.08748059719800949,0.08602258000269584,0.08748059719800949,1171000,0.0,0.0
2015-01-08 00:00:00+08:00,0.08748059719800949,0.08748059719800949,0.08748059719800949,0.08748059719800949,1293000,0.0,0.0
2015-01-09 00:00:00+08:00,0.08748059719800949,0.08748059719800949,0.08748059719800949,0.08748059719800949,976000,0.0,0.0
2015-01-12 00:00:00+08:00,0.08748059719800949,0.08748059719800949,0.08748059719800949,0.08748059719800949,0,0.0,0.0
2015-01-13 00:00:00+08:00,0.08748059719800949,0.08748059719800949,0.08748059719800949,0.08748059719800949,0,0.0,0.0
2015-01-14 00:00:00+08:00,0.08748059719800949,0.08748059719800949,0.08748059719800949,0.08748059719800949,0,0.0,0.0
2015-01-15 00:00:00+08:00,0.09768667072057724,0.0991446793045473,0.09768667072057724,0.09768667072057724,22029000,0.0,0.0
2015-01-16 00:00:00+08:00,0.09768665481099308,0.10060267150402069,0.09768665481099308,0.10060267150402069,8200000,0.0,0.0
2015-01-19 00:00:00+08:00,0.10060267150402069,0.1020606798505345,0.10060267150402069,0.10060267150402069,2992100,0.0,0.0
2015-01-20 00:00:00+08:00,0.10060267150402069,0.1020606798505345,0.10060267150402069,0.10060267150402069,2657200,0.0,0.0
2015-01-21 00:00:00+08:00,0.1020606798505345,0.1020606798505345,0.10060267150402069,0.10060267150402069,1106100,0.0,0.0
2015-01-22 00:00:00+08:00,0.10060268936737181,0.10351870657817723,0.10060268936737181,0.1020606979727745,2420600,0.0,0.0
2015-01-23 00:00:00+08:00,0.10206069797277452,0.10206069797277452,0.10060268936737181,0.1020606979727745,319000,0.0,0.0
2015-01-26 00:00:00+08:00,0.10060267150402069,0.10060267150402069,0.10060267150402069,0.10060267150402069,805700,0.0,0.0
2015-01-27 00:00:00+08:00,0.10060267150402069,0.1020606798505345,0.10060267150402069,0.10060267150402069,466600,0.0,0.0
2015-01-28 00:00:00+08:00,0.10060267150402069,0.1020606798505345,0.10060267150402069,0.10060267150402069,439600,0.0,0.0
2015-01-29 00:00:00+08:00,0.10060267150402069,0.10060267150402069,0.10060267150402069,0.10060267150402069,774700,0.0,0.0
2015-01-30 00:00:00+08:00,0.10060267150402069,0.10060267150402069,0.09914466315750689,0.10060267150402069,3320000,0.0,0.0
2015-02-02 00:00:00+08:00,0.10060268936737181,0.10206069797277452,0.10060268936737181,0.1020606979727745,5859800,0.0,0.0
2015-02-03 00:00:00+08:00,0.09914467483758928,0.10060268335586883,0.09914467483758928,0.09914467483758926,1008900,0.0,0.0
2015-02-04 00:00:00+08:00,0.09477064758539201,0.09477064758539201,0.09477064758539201,0.094770647585392,317000,0.0,0.0
2015-02-05 00:00:00+08:00,0.09622866490167388,0.09622866490167388,0.09477064758539201,0.094770647585392,188300,0.0,0.0
2015-02-06 00:00:00+08:00,0.09477064758539201,0.09622866490167388,0.09477064758539201,0.094770647585392,82300,0.0,0.0
2015-02-09 00:00:00+08:00,0.09477064758539201,0.09477064758539201,0.09477064758539201,0.094770647585392,153200,0.0,0.0
2015-02-10 00:00:00+08:00,0.09477064758539201,0.09477064758539201,0.09477064758539201,0.094770647585392,26000,0.0,0.0
2015-02-11 00:00:00+08:00,0.09477064758539201,0.09477064758539201,0.09477064758539201,0.094770647585392,351000,0.0,0.0
2015-02-12 00:00:00+08:00,0.09477064758539201,0.09477064758539201,0.09477064758539201,0.094770647585392,369000,0.0,0.0
2015-02-13 00:00:00+08:00,0.09477064758539201,0.09477064758539201,0.09477064758539201,0.094770647585392,5797600,0.0,0.0
2015-02-16 00:00:00+08:00,0.09477064758539201,0.09622866490167388,0.09477064758539201,0.094770647585392,136100,0.0,0.0
2015-02-17 00:00:00+08:00,0.09477064758539201,0.09477064758539201,0.09477064758539201,0.094770647585392,99700,0.0,0.0
2015-02-18 00:00:00+08:00,0.09477064758539201,0.09477064758539201,0.09477064758539201,0.094770647585392,156000,0.0,0.0
2015-02-23 00:00:00+08:00,0.09477064758539201,0.09477064758539201,0.09477064758539201,0.094770647585392,231000,0.0,0.0
2015-02-24 00:00:00+08:00,0.09477064758539201,0.09477064758539201,0.09477064758539201,0.094770647585392,175100,0.0,0.0
2015-02-25 00:00:00+08:00,0.09477064758539201,0.09477064758539201,0.09477064758539201,0.094770647585392,222000,0.0,0.0
2015-02-26 00:00:00+08:00,0.09477064758539201,0.09477064758539201,0.09477064758539201,0.094770647585392,359900,0.0,0.0
2015-02-27 00:00:00+08:00,0.09477064758539201,0.09477064758539201,0.09477064758539201,0.094770647585392,416300,0.0,0.0
2015-03-02 00:00:00+08:00,0.09477064758539201,0.09477064758539201,0.09477064758539201,0.094770647585392,34000,0.0,0.0
2015-03-03 00:00:00+08:00,0.09477064758539201,0.09477064758539201,0.09477064758539201,0.094770647585392,186900,0.0,0.0
2015-03-04 00:00:00+08:00,0.09477064758539201,0.09622866490167388,0.09477064758539201,0.094770647585392,615200,0.0,0.0
2015-03-05 00:00:00+08:00,0.09477064758539201,0.09477064758539201,0.09477064758539201,0.094770647585392,102700,0.0,0.0
2015-03-06 00:00:00+08:00,0.09477064758539201,0.09622866490167388,0.09477064758539201,0.094770647585392,294700,0.0,0.0
2015-03-09 00:00:00+08:00,0.09477064758539201,0.09477064758539201,0.09477064758539201,0.094770647585392,13000,0.0,0.0
2015-03-10 00:00:00+08:00,0.09477064758539201,0.09477064758539201,0.09477064758539201,0.094770647585392,0,0.0,0.0
2015-03-11 00:00:00+08:00,0.09185462136613759,0.09331262984966103,0.09039661288261414,0.09039661288261414,115800,0.0,0.0
2015-03-12 00:00:00+08:00,0.09039661288261414,0.09039661288261414,0.09039661288261414,0.09039661288261414,0,0.0,0.0
2015-03-13 00:00:00+08:00,0.09039661288261414,0.09039661288261414,0.09039661288261414,0.09039661288261414,1000,0.0,0.0
2015-03-16 00:00:00+08:00,0.09039661288261414,0.09039661288261414,0.09039661288261414,0.09039661288261414,1800,0.0,0.0
2015-03-17 00:00:00+08:00,0.09039661288261414,0.09039661288261414,0.09039661288261414,0.09039661288261414,0,0.0,0.0
2015-03-18 00:00:00+08:00,0.09185462445020676,0.09185462445020676,0.09185462445020676,0.09185462445020676,15300,0.0,0.0
2015-03-19 00:00:00+08:00,0.09185461818095149,0.09185461818095149,0.08310655889274583,0.08893860131502151,20600,0.0,0.0
2015-03-20 00:00:00+08:00,0.08164854977091597,0.08456456661224365,0.08164854977091597,0.08456456661224365,19900,0.0,0.0
2015-03-23 00:00:00+08:00,0.08456456661224365,0.08456456661224365,0.08456456661224365,0.08456456661224365,0,0.0,0.0
2015-03-24 00:00:00+08:00,0.08456456661224365,0.08456456661224365,0.08456456661224365,0.08456456661224365,10000,0.0,0.0
2015-03-25 00:00:00+08:00,0.08456456661224365,0.087480592143987,0.08456456661224365,0.08456456661224365,21000,0.0,0.0
2015-03-26 00:00:00+08:00,0.08456457099139805,0.08456457099139805,0.08310656249523163,0.08310656249523163,60000,0.0,0.0
2015-03-27 00:00:00+08:00,0.08310656249523163,0.08310656249523163,0.08310656249523163,0.08310656249523163,14000,0.0,0.0
2015-03-30 00:00:00+08:00,0.08893860182465273,0.08893860182465273,0.081648550927639,0.08164855092763901,31100,0.0,0.0
2015-03-31 00:00:00+08:00,0.08019055129509393,0.08019055129509393,0.07873254269361496,0.07873254269361496,1900,0.0,0.0
2015-04-01 00:00:00+08:00,0.08019054950367376,0.08019054950367376,0.07727452367544174,0.07727452367544174,12000,0.0,0.0
2015-04-02 00:00:00+08:00,0.07727452367544174,0.07727452367544174,0.07727452367544174,0.07727452367544174,0,0.0,0.0
2015-04-06 00:00:00+08:00,0.0743585005402565,0.0743585005402565,0.0743585005402565,0.0743585005402565,4100,0.0,0.0
2015-04-07 00:00:00+08:00,0.07581650465726852,0.07581650465726852,0.07581650465726852,0.07581650465726852,5100,0.0,0.0
2015-04-08 00:00:00+08:00,0.07581650465726852,0.07581650465726852,0.07581650465726852,0.07581650465726852,0,0.0,0.0
2015-04-09 00:00:00+08:00,0.07435850467965154,0.09185462445020676,0.07144248761469778,0.09185462445020676,14300,0.0,0.0
2015-04-10 00:00:00+08:00,0.09185462445020676,0.09185462445020676,0.09185462445020676,0.09185462445020676,0,0.0,0.0
2015-04-13 00:00:00+08:00,0.09185462445020676,0.09185462445020676,0.09185462445020676,0.09185462445020676,0,0.0,0.0
2015-04-14 00:00:00+08:00,0.09185462445020676,0.09185462445020676,0.09185462445020676,0.09185462445020676,0,0.0,0.0
2015-04-15 00:00:00+08:00,0.08748059719800949,0.08748059719800949,0.08748059719800949,0.08748059719800949,29100,0.0,0.0
2015-04-16 00:00:00+08:00,0.07873254269361496,0.07873254269361496,0.07873254269361496,0.07873254269361496,1000,0.0,0.0
2015-04-17 00:00:00+08:00,0.08019054950367376,0.08164855807258148,0.07290049796871859,0.07727452367544174,29500,0.0,0.0
2015-04-20 00:00:00+08:00,0.07727452367544174,0.07727452367544174,0.07727452367544174,0.07727452367544174,0,0.0,0.0
2015-04-21 00:00:00+08:00,0.077274528259974,0.08019055426120758,0.07581651960456574,0.08019055426120758,27800,0.0,0.0
2015-04-22 00:00:00+08:00,0.07873254560579933,0.08310657157202408,0.07873254560579933,0.08019055426120758,78000,0.0,0.0
2015-04-23 00:00:00+08:00,0.081648550927639,0.081648550927639,0.081648550927639,0.08164855092763901,22800,0.0,0.0
2015-04-24 00:00:00+08:00,0.08456456661224365,0.08456456661224365,0.08456456661224365,0.08456456661224365,26000,0.0,0.0
2015-04-27 00:00:00+08:00,0.08019055426120758,0.08019055426120758,0.08019055426120758,0.08019055426120758,59100,0.0,0.0
2015-04-28 00:00:00+08:00,0.08019055426120758,0.08019055426120758,0.08019055426120758,0.08019055426120758,10000,0.0,0.0
2015-04-29 00:00:00+08:00,0.08019055426120758,0.08019055426120758,0.08019055426120758,0.08019055426120758,25100,0.0,0.0
2015-04-30 00:00:00+08:00,0.08019055426120758,0.08019055426120758,0.08019055426120758,0.08019055426120758,0,0.0,0.0
2015-05-04 00:00:00+08:00,0.08019055426120758,0.08310657157202408,0.08019055426120758,0.08019055426120758,164600,0.0,0.0
2015-05-05 00:00:00+08:00,0.08019055426120758,0.08019055426120758,0.08019055426120758,0.08019055426120758,0,0.0,0.0
2015-05-06 00:00:00+08:00,0.08019055426120758,0.08019055426120758,0.08019055426120758,0.08019055426120758,0,0.0,0.0
2015-05-07 00:00:00+08:00,0.0831065581915798,0.08456456661224365,0.0831065581915798,0.08456456661224365,80000,0.0,0.0
2015-05-08 00:00:00+08:00,0.08456456661224365,0.08456456661224365,0.08456456661224365,0.08456456661224365,0,0.0,0.0
2015-05-11 00:00:00+08:00,0.081648550927639,0.081648550927639,0.081648550927639,0.08164855092763901,400,0.0,0.0
2015-05-12 00:00:00+08:00,0.081648550927639,0.081648550927639,0.081648550927639,0.08164855092763901,36100,0.0,0.0
2015-05-13 00:00:00+08:00,0.08019055129509393,0.08019055129509393,0.07873254269361496,0.07873254269361496,54400,0.0,0.0
2015-05-14 00:00:00+08:00,0.08019054248631942,0.081648550927639,0.08019054248631942,0.08164855092763901,37100,0.0,0.0
2015-05-15 00:00:00+08:00,0.081648550927639,0.081648550927639,0.081648550927639,0.08164855092763901,0,0.0,0.0
2015-05-18 00:00:00+08:00,0.08164856291661583,0.08164856291661583,0.08019055426120758,0.08019055426120758,6000,0.0,0.0
2015-05-19 00:00:00+08:00,0.08164854977091597,0.08456456661224365,0.08164854977091597,0.08456456661224365,49900,0.0,0.0
2015-05-20 00:00:00+08:00,0.08019054550289877,0.08310656249523163,0.07873253700673234,0.08310656249523163,119600,0.0,0.0
2015-05-21 00:00:00+08:00,0.081648550927639,0.081648550927639,0.081648550927639,0.08164855092763901,10000,0.0,0.0
2015-05-22 00:00:00+08:00,0.08019054550289877,0.08310656249523163,0.08019054550289877,0.08310656249523163,9200,0.0,0.0
2015-05-25 00:00:00+08:00,0.08310656249523163,0.08310656249523163,0.08310656249523163,0.08310656249523163,0,0.0,0.0
2015-05-26 00:00:00+08:00,0.07873253404499983,0.081648550927639,0.07873253404499983,0.08164855092763901,28000,0.0,0.0
2015-05-27 00:00:00+08:00,0.08019054550289877,0.08310656249523163,0.08019054550289877,0.08310656249523163,85900,0.0,0.0
2015-05-28 00:00:00+08:00,0.08019055426120758,0.08019055426120758,0.08019055426120758,0.08019055426120758,1000,0.0,0.0
2015-05-29 00:00:00+08:00,0.08019055426120758,0.08019055426120758,0.08019055426120758,0.08019055426120758,45200,0.0,0.0
2015-06-02 00:00:00+08:00,0.07873254269361496,0.07873254269361496,0.07873254269361496,0.07873254269361496,200300,0.0,0.0
2015-06-03 00:00:00+08:00,0.07873254269361496,0.07873254269361496,0.07873254269361496,0.07873254269361496,0,0.0,0.0
2015-06-04 00:00:00+08:00,0.0816485539990652,0.08310656249523163,0.0816485539990652,0.08310656249523163,30000,0.0,0.0
2015-06-05 00:00:00+08:00,0.081648550927639,0.081648550927639,0.081648550927639,0.08164855092763901,32000,0.0,0.0
2015-06-08 00:00:00+08:00,0.08164856291661583,0.08164856291661583,0.08019055426120758,0.08019055426120758,68000,0.0,0.0
2015-06-09 00:00:00+08:00,0.07873253404499983,0.081648550927639,0.07873253404499983,0.08164855092763901,124700,0.0,0.0
2015-06-10 00:00:00+08:00,0.081648550927639,0.081648550927639,0.081648550927639,0.08164855092763901,0,0.0,0.0
2015-06-11 00:00:00+08:00,0.081648550927639,0.081648550927639,0.081648550927639,0.08164855092763901,0,0.0,0.0
2015-06-12 00:00:00+08:00,0.08310656849805186,0.08748060299290551,0.07873254269361496,0.07873254269361496,35400,0.0,0.0
2015-06-15 00:00:00+08:00,0.07873253700673234,0.08310656249523163,0.0729004943316505,0.08310656249523163,122700,0.0,0.0
2015-06-16 00:00:00+08:00,0.08310656249523163,0.08310656249523163,0.08310656249523163,0.08310656249523163,0,0.0,0.0
2015-06-17 00:00:00+08:00,0.08019055426120758,0.08019055426120758,0.08019055426120758,0.08019055426120758,3700,0.0,0.0
2015-06-18 00:00:00+08:00,0.07873253700673234,0.08310656249523163,0.07873253700673234,0.08310656249523163,16000,0.0,0.0
2015-06-19 00:00:00+08:00,0.07873253700673234,0.08310656249523163,0.07873253700673234,0.08310656249523163,29000,0.0,0.0
2015-06-22 00:00:00+08:00,0.08310656249523163,0.08310656249523163,0.08310656249523163,0.08310656249523163,0,0.0,0.0
2015-06-23 00:00:00+08:00,0.08310656249523163,0.08310656249523163,0.08310656249523163,0.08310656249523163,0,0.0,0.0
2015-06-24 00:00:00+08:00,0.07873254269361496,0.07873254269361496,0.07873254269361496,0.07873254269361496,8000,0.0,0.0
2015-06-25 00:00:00+08:00,0.07873254269361496,0.07873254269361496,0.07873254269361496,0.07873254269361496,7000,0.0,0.0
2015-06-26 00:00:00+08:00,0.07873254269361496,0.07873254269361496,0.07873254269361496,0.07873254269361496,0,0.0,0.0
2015-06-29 00:00:00+08:00,0.07873254269361496,0.07873254269361496,0.07873254269361496,0.07873254269361496,40000,0.0,0.0
2015-06-30 00:00:00+08:00,0.07873254269361496,0.07873254269361496,0.07873254269361496,0.07873254269361496,4000,0.0,0.0
2015-07-01 00:00:00+08:00,0.07873253926565393,0.07873253926565393,0.07290049642324448,0.07290049642324448,25900,0.0,0.0
2015-07-02 00:00:00+08:00,0.08019054248631942,0.081648550927639,0.08019054248631942,0.08164855092763901,12000,0.0,0.0
2015-07-03 00:00:00+08:00,0.07581650847194485,0.081648550927639,0.07581650847194485,0.08164855092763901,11100,0.0,0.0
2015-07-06 00:00:00+08:00,0.07581651960456574,0.08019055426120758,0.07581651960456574,0.08019055426120758,13600,0.0,0.0
2015-07-07 00:00:00+08:00,0.08019055426120758,0.08019055426120758,0.08019055426120758,0.08019055426120758,2300,0.0,0.0
2015-07-08 00:00:00+08:00,0.07435851094915749,0.08019055426120758,0.07435851094915749,0.08019055426120758,45800,0.0,0.0
2015-07-09 00:00:00+08:00,0.07581651680024028,0.07873254269361496,0.07581651680024028,0.07873254269361496,1100,0.0,0.0
2015-07-10 00:00:00+08:00,0.07727452540171924,0.07873254269361496,0.07581651680024028,0.07873254269361496,30400,0.0,0.0
2015-07-13 00:00:00+08:00,0.07435850653762631,0.07727452367544174,0.07290049796871859,0.07727452367544174,14900,0.0,0.0
2015-07-14 00:00:00+08:00,0.07581651680024028,0.07873254269361496,0.07581651680024028,0.07873254269361496,13200,0.0,0.0
2015-07-15 00:00:00+08:00,0.07873254560579933,0.08019055426120758,0.07581651960456574,0.08019055426120758,113000,0.0,0.0
2015-07-16 00:00:00+08:00,0.07581651960456574,0.08019055426120758,0.07581651960456574,0.08019055426120758,55000,0.0,0.0
2015-07-20 00:00:00+08:00,0.08893861159438449,0.08893861159438449,0.07581651680024028,0.07873254269361496,27600,0.0,0.0
2015-07-21 00:00:00+08:00,0.07873254269361496,0.07873254269361496,0.07873254269361496,0.07873254269361496,0,0.0,0.0
2015-07-22 00:00:00+08:00,0.07873254269361496,0.08019055129509393,0.07581651680024028,0.07873254269361496,37100,0.0,0.0
2015-07-23 00:00:00+08:00,0.07581651680024028,0.07873254269361496,0.07581651680024028,0.07873254269361496,26800,0.0,0.0
2015-07-24 00:00:00+08:00,0.07873254269361496,0.07873254269361496,0.07873254269361496,0.07873254269361496,0,0.0,0.0
2015-07-27 00:00:00+08:00,0.07873254269361496,0.07873254269361496,0.07873254269361496,0.07873254269361496,0,0.0,0.0
2015-07-28 00:00:00+08:00,0.0743585081987613,0.07873254269361496,0.07290049959728234,0.07873254269361496,13100,0.0,0.0
2015-07-29 00:00:00+08:00,0.0743585081987613,0.07873254269361496,0.07290049959728234,0.07873254269361496,49200,0.0,0.0
2015-07-30 00:00:00+08:00,0.07873254269361496,0.07873254269361496,0.07873254269361496,0.07873254269361496,0,0.0,0.0
2015-07-31 00:00:00+08:00,0.07290049959728234,0.07873254269361496,0.07144249099580338,0.07873254269361496,107900,0.0,0.0
2015-08-03 00:00:00+08:00,0.07290048792134754,0.07581650465726852,0.07144247955338705,0.07581650465726852,40300,0.0,0.0
2015-08-04 00:00:00+08:00,0.07873254269361496,0.07873254269361496,0.07873254269361496,0.07873254269361496,500,0.0,0.0
2015-08-05 00:00:00+08:00,0.07290049642324448,0.07290049642324448,0.07290049642324448,0.07290049642324448,5000,0.0,0.0
2015-08-06 00:00:00+08:00,0.07581651680024028,0.07873254269361496,0.07581651680024028,0.07873254269361496,6000,0.0,0.0
2015-08-07 00:00:00+08:00,0.07873254269361496,0.07873254269361496,0.07873254269361496,0.07873254269361496,0,0.0,0.0
2015-08-11 00:00:00+08:00,0.07873254269361496,0.07873254269361496,0.07873254269361496,0.07873254269361496,0,0.0,0.0
2015-08-12 00:00:00+08:00,0.07290048792134754,0.07581650465726852,0.06852645847225838,0.07581650465726852,38500,0.0,0.0
2015-08-13 00:00:00+08:00,0.07144248939981086,0.07727452367544174,0.07144248939981086,0.07727452367544174,9100,0.0,0.0
2015-08-14 00:00:00+08:00,0.07727452367544174,0.07727452367544174,0.07727452367544174,0.07727452367544174,0,0.0,0.0
2015-08-17 00:00:00+08:00,0.07727452367544174,0.07727452367544174,0.07727452367544174,0.07727452367544174,0,0.0,0.0
2015-08-18 00:00:00+08:00,0.07727452367544174,0.07727452367544174,0.07727452367544174,0.07727452367544174,0,0.0,0.0
2015-08-19 00:00:00+08:00,0.07727452367544174,0.07727452367544174,0.07727452367544174,0.07727452367544174,0,0.0,0.0
2015-08-20 00:00:00+08:00,0.07727452367544174,0.07727452367544174,0.07727452367544174,0.07727452367544174,0,0.0,0.0
2015-08-21 00:00:00+08:00,0.07727452367544174,0.08893860960753665,0.07727452367544174,0.07727452367544174,103700,0.0,0.0
2015-08-24 00:00:00+08:00,0.07727452367544174,0.07727452367544174,0.07727452367544174,0.07727452367544174,0,0.0,0.0
2015-08-25 00:00:00+08:00,0.07727452367544174,0.07727452367544174,0.07727452367544174,0.07727452367544174,0,0.0,0.0
2015-08-26 00:00:00+08:00,0.07727452367544174,0.07727452367544174,0.07727452367544174,0.07727452367544174,0,0.0,0.0
2015-08-27 00:00:00+08:00,0.07727452367544174,0.07727452367544174,0.07727452367544174,0.07727452367544174,0,0.0,0.0
2015-08-28 00:00:00+08:00,0.06852647662162781,0.06852647662162781,0.06852647662162781,0.06852647662162781,4000,0.0,0.0
2015-08-31 00:00:00+08:00,0.07435851598330433,0.07435851598330433,0.06852647662162781,0.06852647662162781,6900,0.0,0.0
2015-09-01 00:00:00+08:00,0.07581650471218064,0.07581650471218064,0.06706845015287399,0.06706845015287399,8200,0.0,0.0
2015-09-02 00:00:00+08:00,0.07290049158930569,0.081648550927639,0.0714424831479861,0.08164855092763901,30400,0.0,0.0
2015-09-03 00:00:00+08:00,0.081648550927639,0.081648550927639,0.081648550927639,0.08164855092763901,0,0.0,0.0
2015-09-04 00:00:00+08:00,0.081648550927639,0.081648550927639,0.081648550927639,0.08164855092763901,0,0.0,0.0
2015-09-07 00:00:00+08:00,0.06706845347881944,0.081648550927639,0.06706845347881944,0.08164855092763901,900,0.0,0.0
2015-09-08 00:00:00+08:00,0.081648550927639,0.081648550927639,0.081648550927639,0.08164855092763901,0,0.0,0.0
2015-09-09 00:00:00+08:00,0.081648550927639,0.081648550927639,0.081648550927639,0.08164855092763901,0,0.0,0.0
2015-09-10 00:00:00+08:00,0.081648550927639,0.081648550927639,0.081648550927639,0.08164855092763901,0,0.0,0.0
2015-09-14 00:00:00+08:00,0.08310656249523163,0.08310656249523163,0.06706845600177672,0.08310656249523163,18700,0.0,0.0
2015-09-15 00:00:00+08:00,0.08310656249523163,0.08310656249523163,0.08310656249523163,0.08310656249523163,0,0.0,0.0
2015-09-16 00:00:00+08:00,0.08310656249523163,0.08310656249523163,0.08310656249523163,0.08310656249523163,0,0.0,0.0
2015-09-17 00:00:00+08:00,0.08310656249523163,0.08310656249523163,0.08310656249523163,0.08310656249523163,0,0.0,0.0
2015-09-18 00:00:00+08:00,0.08310656249523163,0.08310656249523163,0.08310656249523163,0.08310656249523163,0,0.0,0.0
2015-09-21 00:00:00+08:00,0.0699844806377242,0.08164856291661583,0.06706846332690769,0.08019055426120758,13100,0.0,0.0
2015-09-22 00:00:00+08:00,0.07144247960513116,0.07290048797414765,0.06706845015287399,0.06706845015287399,79900,0.0,0.0
2015-09-23 00:00:00+08:00,0.06706846332690769,0.08019055426120758,0.06706846332690769,0.08019055426120758,49100,0.0,0.0
2015-09-25 00:00:00+08:00,0.06706845015287399,0.078732530140629,0.06706845015287399,0.06706845015287399,104100,0.0,0.0
2015-09-28 00:00:00+08:00,0.06852646791678714,0.07727452367544174,0.06852646791678714,0.07727452367544174,56000,0.0,0.0
2015-09-29 00:00:00+08:00,0.06852646238979919,0.0743585005402565,0.06852646238979919,0.0743585005402565,400,0.0,0.0
2015-09-30 00:00:00+08:00,0.06852646944763707,0.07873254269361496,0.06852646944763707,0.07873254269361496,7100,0.0,0.0
2015-10-01 00:00:00+08:00,0.07873254269361496,0.07873254269361496,0.07873254269361496,0.07873254269361496,0,0.0,0.0
2015-10-02 00:00:00+08:00,0.07873254269361496,0.07873254269361496,0.07873254269361496,0.07873254269361496,0,0.0,0.0
2015-10-05 00:00:00+08:00,0.07581651680024028,0.07873254269361496,0.0743585081987613,0.07873254269361496,28700,0.0,0.0
2015-10-06 00:00:00+08:00,0.07873254269361496,0.07873254269361496,0.07873254269361496,0.07873254269361496,0,0.0,0.0
2015-10-07 00:00:00+08:00,0.06852645847225838,0.07581650465726852,0.06852645847225838,0.07581650465726852,69900,0.0,0.0
2015-10-08 00:00:00+08:00,0.06852645847225838,0.07581650465726852,0.06852645847225838,0.07581650465726852,19400,0.0,0.0
2015-10-09 00:00:00+08:00,0.07144248363763181,0.0743585005402565,0.06706845393848684,0.0743585005402565,51500,0.0,0.0
2015-10-12 00:00:00+08:00,0.06852646944763707,0.07873254269361496,0.06852646944763707,0.07873254269361496,54500,0.0,0.0
2015-10-13 00:00:00+08:00,0.07873254269361496,0.07873254269361496,0.07873254269361496,0.07873254269361496,0,0.0,0.0
2015-10-14 00:00:00+08:00,0.07144248788524621,0.07873253926565393,0.07144248788524621,0.07290049642324448,25700,0.0,0.0
2015-10-15 00:00:00+08:00,0.07727451302522902,0.07727451302522902,0.07290048792134754,0.07581650465726852,44400,0.0,0.0
2015-10-16 00:00:00+08:00,0.07727452540171924,0.07873254269361496,0.0743585081987613,0.07873254269361496,7700,0.0,0.0
2015-10-19 00:00:00+08:00,0.07290049796871859,0.07727452367544174,0.06998447648569486,0.07727452367544174,23000,0.0,0.0
2015-10-20 00:00:00+08:00,0.06998447648569486,0.07727452367544174,0.06998447648569486,0.07727452367544174,3200,0.0,0.0
2015-10-21 00:00:00+08:00,0.07290049796871859,0.07727452367544174,0.07290049796871859,0.07727452367544174,2700,0.0,0.0
2015-10-22 00:00:00+08:00,0.07290048792134754,0.07581650465726852,0.07290048792134754,0.07581650465726852,4600,0.0,0.0
2015-10-23 00:00:00+08:00,0.07435849628930803,0.07581650465726852,0.07435849628930803,0.07581650465726852,300,0.0,0.0
2015-10-26 00:00:00+08:00,0.07144248939981086,0.07727452367544174,0.06561044643376342,0.07727452367544174,32800,0.0,0.0
2015-10-27 00:00:00+08:00,0.07727452367544174,0.07727452367544174,0.07727452367544174,0.07727452367544174,0,0.0,0.0
2015-10-28 00:00:00+08:00,0.07290049796871859,0.07727452367544174,0.07144248939981086,0.07727452367544174,13600,0.0,0.0
2015-10-29 00:00:00+08:00,0.07144247955338705,0.07581650465726852,0.07144247955338705,0.07581650465726852,2100,0.0,0.0
2015-10-30 00:00:00+08:00,0.07581650465726852,0.07581650465726852,0.07581650465726852,0.07581650465726852,0,0.0,0.0
2015-11-02 00:00:00+08:00,0.07873254269361496,0.07873254269361496,0.07873254269361496,0.07873254269361496,4000,0.0,0.0
2015-11-03 00:00:00+08:00,0.07581650465726852,0.07581650465726852,0.06123640794204055,0.07581650465726852,75500,0.0,0.0
2015-11-04 00:00:00+08:00,0.07144247955338705,0.07581650465726852,0.07144247955338705,0.07581650465726852,3200,0.0,0.0
2015-11-05 00:00:00+08:00,0.07144248939981086,0.07727452367544174,0.07144248939981086,0.07727452367544174,2100,0.0,0.0
2015-11-06 00:00:00+08:00,0.07727452367544174,0.07727452367544174,0.07727452367544174,0.07727452367544174,0,0.0,0.0
2015-11-09 00:00:00+08:00,0.07290048792134754,0.07727451302522902,0.07144247955338705,0.07581650465726852,48000,0.0,0.0
2015-11-11 00:00:00+08:00,0.07290048792134754,0.07581650465726852,0.06998446684021888,0.07581650465726852,16300,0.0,0.0
2015-11-12 00:00:00+08:00,0.07144247955338705,0.07581650465726852,0.07144247955338705,0.07581650465726852,10100,0.0,0.0
2015-11-13 00:00:00+08:00,0.07581650465726852,0.07581650465726852,0.07581650465726852,0.07581650465726852,0,0.0,0.0
2015-11-16 00:00:00+08:00,0.07290050722918741,0.07290050722918741,0.06706846786751089,0.06852647662162781,24600,0.0,0.0
2015-11-17 00:00:00+08:00,0.07290048792134754,0.07873253008360488,0.07290048792134754,0.07581650465726852,85400,0.0,0.0
2015-11-18 00:00:00+08:00,0.06852645847225838,0.07581650465726852,0.06852645847225838,0.07581650465726852,1100,0.0,0.0
2015-11-19 00:00:00+08:00,0.06998447084111153,0.0743585005402565,0.06852646238979919,0.0743585005402565,168800,0.0,0.0
2015-11-20 00:00:00+08:00,0.0743585005402565,0.0743585005402565,0.0743585005402565,0.0743585005402565,0,0.0,0.0
2015-11-23 00:00:00+08:00,0.07581650465726852,0.07873253008360488,0.07290048792134754,0.07581650465726852,145500,0.0,0.0
2015-11-24 00:00:00+08:00,0.07290049208894415,0.0743585005402565,0.07290049208894415,0.0743585005402565,61100,0.0,0.0
2015-11-25 00:00:00+08:00,0.07290049208894415,0.0743585005402565,0.07290049208894415,0.0743585005402565,26100,0.0,0.0
2015-11-26 00:00:00+08:00,0.07290049208894415,0.07581650899156885,0.07290049208894415,0.0743585005402565,14000,0.0,0.0
2015-11-27 00:00:00+08:00,0.07581651349924101,0.07581651349924101,0.07290049642324448,0.07290049642324448,60000,0.0,0.0
2015-11-30 00:00:00+08:00,0.07435849628930803,0.07581650465726852,0.07435849628930803,0.07581650465726852,131000,0.0,0.0
2015-12-01 00:00:00+08:00,0.07873254269361496,0.08310656849805186,0.07873254269361496,0.07873254269361496,429000,0.0,0.0
2015-12-02 00:00:00+08:00,0.08310655936895858,0.08310655936895858,0.081648550927639,0.08164855092763901,196500,0.0,0.0
2015-12-03 00:00:00+08:00,0.0831065666414892,0.0831065666414892,0.07727452367544174,0.07727452367544174,121000,0.0,0.0
2015-12-04 00:00:00+08:00,0.08019053845156537,0.08019053845156537,0.07581650465726852,0.07581650465726852,347600,0.0,0.0
2015-12-07 00:00:00+08:00,0.08226898312568665,0.08226898312568665,0.08226898312568665,0.08226898312568665,12000,0.025,0.0
2015-12-08 00:00:00+08:00,0.08226898312568665,0.08226898312568665,0.08226898312568665,0.08226898312568665,0,0.0,0.0
2015-12-09 00:00:00+08:00,0.08226898312568665,0.08226898312568665,0.08226898312568665,0.08226898312568665,0,0.0,0.0
2015-12-10 00:00:00+08:00,0.08226898312568665,0.08226898312568665,0.08226898312568665,0.08226898312568665,0,0.0,0.0
2015-12-11 00:00:00+08:00,0.0725902738450251,0.07420339435338974,0.0725902738450251,0.07420339435338974,47000,0.0,0.0
2015-12-14 00:00:00+08:00,0.08065586196445633,0.08065586196445633,0.06775092193485915,0.07420339435338974,20300,0.0,0.0
2015-12-15 00:00:00+08:00,0.07259028361664122,0.08065587282180786,0.07259028361664122,0.08065587282180786,12000,0.0,0.0
2015-12-16 00:00:00+08:00,0.08065587282180786,0.08065587282180786,0.08065587282180786,0.08065587282180786,0,0.0,0.0
2015-12-17 00:00:00+08:00,0.07904275690376039,0.08065587282180786,0.07904275690376039,0.08065587282180786,11000,0.0,0.0
2015-12-18 00:00:00+08:00,0.08065587282180786,0.08065587282180786,0.08065587282180786,0.08065587282180786,0,0.0,0.0
2015-12-21 00:00:00+08:00,0.07097716812184417,0.08065587330277425,0.06936405219417738,0.07259028404951096,29800,0.0,0.0
2015-12-22 00:00:00+08:00,0.08065587099035035,0.08549521863460541,0.08065587099035035,0.08549521863460541,61800,0.0,0.0
2015-12-23 00:00:00+08:00,0.08549521863460541,0.08549521863460541,0.08549521863460541,0.08549521863460541,0,0.0,0.0
2015-12-24 00:00:00+08:00,0.0725902738998107,0.08388209342956543,0.0725902738998107,0.08388209342956543,1000,0.0,0.0
2015-12-28 00:00:00+08:00,0.08388209342956543,0.08388209342956543,0.08388209342956543,0.08388209342956543,0,0.0,0.0
2015-12-29 00:00:00+08:00,0.08388209342956543,0.08388209342956543,0.08388209342956543,0.08388209342956543,0,0.0,0.0
2015-12-30 00:00:00+08:00,0.08388209342956543,0.08388209342956543,0.08388209342956543,0.08388209342956543,0,0.0,0.0
2015-12-31 00:00:00+08:00,0.08388210275318705,0.08549521863460541,0.08388210275318705,0.08549521863460541,12000,0.0,0.0
2016-01-04 00:00:00+08:00,0.08549521863460541,0.08549521863460541,0.08549521863460541,0.08549521863460541,0,0.0,0.0
2016-01-05 00:00:00+08:00,0.07742964307064934,0.08065588000139247,0.07581652700901031,0.07581652700901031,65400,0.0,0.0
2016-01-06 00:00:00+08:00,0.08065586624270378,0.08065586624270378,0.0774296298623085,0.0774296298623085,1900,0.0,0.0
2016-01-07 00:00:00+08:00,0.07259029007826719,0.07742964307064934,0.06936405795498914,0.07581652700901031,94400,0.0,0.0
2016-01-08 00:00:00+08:00,0.07581652700901031,0.07581652700901031,0.07581652700901031,0.07581652700901031,0,0.0,0.0
2016-01-11 00:00:00+08:00,0.06613782077172702,0.07581652671953731,0.06613782077172702,0.07097717374563217,126300,0.0,0.0
2016-01-12 00:00:00+08:00,0.07420340478464242,0.07581652071230921,0.06775093145904591,0.07259028404951096,42200,0.0,0.0
2016-01-13 00:00:00+08:00,0.07097716769859375,0.0838821046579028,0.07097716769859375,0.08065587282180786,143100,0.0,0.0
2016-01-14 00:00:00+08:00,0.07259028404951096,0.07259028404951096,0.07259028404951096,0.07259028404951096,34000,0.0,0.0
2016-01-15 00:00:00+08:00,0.07581651407584299,0.0774296298623085,0.07581651407584299,0.0774296298623085,30700,0.0,0.0
2016-01-18 00:00:00+08:00,0.07259029007826719,0.07581652700901031,0.07097717401662816,0.07581652700901031,83700,0.0,0.0
2016-01-19 00:00:00+08:00,0.07581652700901031,0.07581652700901031,0.07259029007826719,0.07581652700901031,42800,0.0,0.0
2016-01-20 00:00:00+08:00,0.07259028404951096,0.07420340478464242,0.07097716812184417,0.07259028404951096,35700,0.0,0.0
2016-01-21 00:00:00+08:00,0.07420339435338974,0.07420339435338974,0.07420339435338974,0.07420339435338974,1000,0.0,0.0
2016-01-22 00:00:00+08:00,0.07420339435338974,0.07420339435338974,0.07420339435338974,0.07420339435338974,0,0.0,0.0
2016-01-25 00:00:00+08:00,0.07420339435338974,0.07420339435338974,0.07420339435338974,0.07420339435338974,0,0.0,0.0
2016-01-26 00:00:00+08:00,0.07420339435338974,0.07420339435338974,0.07420339435338974,0.07420339435338974,0,0.0,0.0
2016-01-27 00:00:00+08:00,0.07420339435338974,0.07420339435338974,0.07420339435338974,0.07420339435338974,0,0.0,0.0
2016-01-28 00:00:00+08:00,0.06936404957253475,0.07097716543923316,0.06613781303167343,0.06613781303167343,17300,0.0,0.0
2016-01-29 00:00:00+08:00,0.06613781303167343,0.06613781303167343,0.06613781303167343,0.06613781303167343,0,0.0,0.0
2016-02-01 00:00:00+08:00,0.06775093682720705,0.07097717374563217,0.06775093682720705,0.07097717374563217,45800,0.0,0.0
2016-02-02 00:00:00+08:00,0.06775092333555222,0.06775092333555222,0.06775092333555222,0.06775092333555222,16000,0.0,0.0
2016-02-03 00:00:00+08:00,0.06775092333555222,0.06775092333555222,0.06775092333555222,0.06775092333555222,0,0.0,0.0
2016-02-04 00:00:00+08:00,0.06775092333555222,0.06775092333555222,0.06775092333555222,0.06775092333555222,0,0.0,0.0
2016-02-05 00:00:00+08:00,0.07097716438329198,0.07097716438329198,0.06452469620502846,0.0693640485405922,128700,0.0,0.0
2016-02-10 00:00:00+08:00,0.07259027534576766,0.07259027534576766,0.06775092333555222,0.06775092333555222,22600,0.0,0.0
2016-02-11 00:00:00+08:00,0.06613781303167343,0.06613781303167343,0.06613781303167343,0.06613781303167343,11100,0.0,0.0
2016-02-12 00:00:00+08:00,0.06613781303167343,0.06613781303167343,0.06613781303167343,0.06613781303167343,0,0.0,0.0
2016-02-15 00:00:00+08:00,0.06613781303167343,0.06613781303167343,0.06613781303167343,0.06613781303167343,0,0.0,0.0
2016-02-16 00:00:00+08:00,0.06613781303167343,0.06613781303167343,0.06613781303167343,0.06613781303167343,0,0.0,0.0
2016-02-17 00:00:00+08:00,0.06775092333555222,0.06775092333555222,0.06775092333555222,0.06775092333555222,12000,0.0,0.0
2016-02-18 00:00:00+08:00,0.06775092333555222,0.06775092333555222,0.06775092333555222,0.06775092333555222,0,0.0,0.0
2016-02-19 00:00:00+08:00,0.06775092333555222,0.06775092333555222,0.06775092333555222,0.06775092333555222,0,0.0,0.0
2016-02-22 00:00:00+08:00,0.0645247018450195,0.0645247018450195,0.06420207768678665,0.06420207768678665,39600,0.0,0.0
2016-02-23 00:00:00+08:00,0.06452470272779465,0.06613781873356342,0.06452470272779465,0.06452470272779465,90700,0.0,0.0
2016-02-24 00:00:00+08:00,0.06452470272779465,0.06452470272779465,0.06452470272779465,0.06452470272779465,0,0.0,0.0
2016-02-25 00:00:00+08:00,0.06452470272779465,0.06452470272779465,0.06452470272779465,0.06452470272779465,0,0.0,0.0
2016-02-26 00:00:00+08:00,0.0645247018450195,0.06775093381241833,0.06420207768678665,0.06420207768678665,101100,0.0,0.0
2016-02-29 00:00:00+08:00,0.0642020677587084,0.06775092333555222,0.0642020677587084,0.06775092333555222,2400,0.0,0.0
2016-03-01 00:00:00+08:00,0.06775092333555222,0.06775092333555222,0.06775092333555222,0.06775092333555222,0,0.0,0.0
2016-03-02 00:00:00+08:00,0.06452470272779465,0.06452470272779465,0.06452470272779465,0.06452470272779465,50000,0.0,0.0
2016-03-03 00:00:00+08:00,0.06452470272779465,0.06452470272779465,0.06452470272779465,0.06452470272779465,67100,0.0,0.0
2016-03-04 00:00:00+08:00,0.06452470272779465,0.06452470272779465,0.06452470272779465,0.06452470272779465,0,0.0,0.0
2016-03-07 00:00:00+08:00,0.06452470272779465,0.06452470272779465,0.06420207856514791,0.06452470272779465,22000,0.0,0.0
2016-03-08 00:00:00+08:00,0.06452470272779465,0.06613781873356342,0.06420207856514791,0.06452470272779465,39100,0.0,0.0
2016-03-09 00:00:00+08:00,0.06387945440250117,0.06452470272779465,0.06387945440250117,0.06452470272779465,24600,0.0,0.0
2016-03-10 00:00:00+08:00,0.06613781303167343,0.06613781303167343,0.06613781303167343,0.06613781303167343,100,0.0,0.0
2016-03-11 00:00:00+08:00,0.06420207768678665,0.06420207768678665,0.06420207768678665,0.06420207768678665,10800,0.0,0.0
2016-03-14 00:00:00+08:00,0.06420207768678665,0.06420207768678665,0.06420207768678665,0.06420207768678665,0,0.0,0.0
2016-03-15 00:00:00+08:00,0.06420207768678665,0.06420207768678665,0.06420207768678665,0.06420207768678665,0,0.0,0.0
2016-03-16 00:00:00+08:00,0.06452470095332742,0.06452470095332742,0.06387945264577866,0.06387945264577866,12900,0.0,0.0
2016-03-17 00:00:00+08:00,0.064524704716247,0.07097717374563217,0.064524704716247,0.07097717374563217,32000,0.0,0.0
2016-03-18 00:00:00+08:00,0.07097717374563217,0.07097717374563217,0.07097717374563217,0.07097717374563217,0,0.0,0.0
2016-03-21 00:00:00+08:00,0.0693640485405922,0.0693640485405922,0.0693640485405922,0.0693640485405922,5000,0.0,0.0
2016-03-22 00:00:00+08:00,0.0693640485405922,0.0693640485405922,0.0693640485405922,0.0693640485405922,0,0.0,0.0
2016-03-23 00:00:00+08:00,0.0693640485405922,0.0693640485405922,0.0693640485405922,0.0693640485405922,0,0.0,0.0
2016-03-24 00:00:00+08:00,0.06452470095332742,0.06452470095332742,0.06387945264577866,0.06387945264577866,81000,0.0,0.0
2016-03-28 00:00:00+08:00,0.0645247018450195,0.0645247018450195,0.06420207768678665,0.06420207768678665,22600,0.0,0.0
2016-03-29 00:00:00+08:00,0.06420207768678665,0.06420207768678665,0.06420207768678665,0.06420207768678665,0,0.0,0.0
2016-03-30 00:00:00+08:00,0.06613780760130177,0.06775092333555222,0.06613780760130177,0.06775092333555222,46600,0.0,0.0
2016-03-31 00:00:00+08:00,0.06613781303167343,0.06936404957253475,0.06613781303167343,0.06613781303167343,23600,0.0,0.0
2016-04-01 00:00:00+08:00,0.06613781303167343,0.06613781303167343,0.06613781303167343,0.06613781303167343,0,0.0,0.0
2016-04-04 00:00:00+08:00,0.06452470272779465,0.06452470272779465,0.06452470272779465,0.06452470272779465,54000,0.0,0.0
2016-04-05 00:00:00+08:00,0.06452470272779465,0.06452470272779465,0.06452470272779465,0.06452470272779465,5000,0.0,0.0
2016-04-06 00:00:00+08:00,0.06452470272779465,0.06452470272779465,0.06452470272779465,0.06452470272779465,0,0.0,0.0
2016-04-07 00:00:00+08:00,0.06452470272779465,0.06452470272779465,0.06452470272779465,0.06452470272779465,0,0.0,0.0
2016-04-08 00:00:00+08:00,0.06258896255937914,0.06452470272779465,0.0622663383967324,0.06452470272779465,24700,0.0,0.0
2016-04-11 00:00:00+08:00,0.06452470005258261,0.06452470005258261,0.06323420345550002,0.06355682760477066,30500,0.0,0.0
2016-04-12 00:00:00+08:00,0.06420207590331196,0.06420207590331196,0.06355682760477066,0.06355682760477066,7900,0.0,0.0
2016-04-13 00:00:00+08:00,0.06355681921988979,0.06355681921988979,0.06323419511318207,0.06323419511318207,41000,0.0,0.0
2016-04-14 00:00:00+08:00,0.0638794517540413,0.0638794517540413,0.06355682760477066,0.06355682760477066,19700,0.0,0.0
2016-04-15 00:00:00+08:00,0.06355682760477066,0.06355682760477066,0.06355682760477066,0.06355682760477066,8200,0.0,0.0
2016-04-18 00:00:00+08:00,0.06420207856514791,0.06452470272779465,0.06387945440250117,0.06452470272779465,17500,0.0,0.0
2016-04-19 00:00:00+08:00,0.06613781204772823,0.0693640485405922,0.06613781204772823,0.0693640485405922,32300,0.0,0.0
2016-04-20 00:00:00+08:00,0.06775092299216193,0.06775092299216193,0.06323419511318207,0.06323419511318207,32400,0.0,0.0
2016-04-21 00:00:00+08:00,0.06936405178054628,0.08065587282180786,0.06936405178054628,0.08065587282180786,353700,0.0,0.0
2016-04-22 00:00:00+08:00,0.07742964307064934,0.07742964307064934,0.07581652700901031,0.07581652700901031,35000,0.0,0.0
2016-04-25 00:00:00+08:00,0.07259028404951096,0.07259028404951096,0.07259028404951096,0.07259028404951096,130000,0.0,0.0
2016-04-26 00:00:00+08:00,0.07259028404951096,0.07259028404951096,0.07259028404951096,0.07259028404951096,10300,0.0,0.0
2016-04-27 00:00:00+08:00,0.07259028404951096,0.07259028404951096,0.07259028404951096,0.07259028404951096,14600,0.0,0.0
2016-04-28 00:00:00+08:00,0.07259028404951096,0.07420340478464242,0.07259028404951096,0.07259028404951096,76400,0.0,0.0
2016-04-29 00:00:00+08:00,0.07259028404951096,0.07259028404951096,0.07259028404951096,0.07259028404951096,10100,0.0,0.0
2016-05-03 00:00:00+08:00,0.07259028404951096,0.07259028404951096,0.07259028404951096,0.07259028404951096,30300,0.0,0.0
2016-05-04 00:00:00+08:00,0.07259028404951096,0.07259028404951096,0.07259028404951096,0.07259028404951096,0,0.0,0.0
2016-05-05 00:00:00+08:00,0.06452469186705131,0.06775092333555222,0.06452469186705131,0.06775092333555222,110000,0.0,0.0
2016-05-06 00:00:00+08:00,0.06613781873356342,0.06613781873356342,0.06452470272779465,0.06452470272779465,25900,0.0,0.0
2016-05-09 00:00:00+08:00,0.06452470272779465,0.06452470272779465,0.06452470272779465,0.06452470272779465,0,0.0,0.0
2016-05-10 00:00:00+08:00,0.06452470272779465,0.06452470272779465,0.06452470272779465,0.06452470272779465,0,0.0,0.0
2016-05-11 00:00:00+08:00,0.06452470272779465,0.06452470272779465,0.06452470272779465,0.06452470272779465,0,0.0,0.0
2016-05-12 00:00:00+08:00,0.06452469186705131,0.06775092333555222,0.06452469186705131,0.06775092333555222,806600,0.0,0.0
2016-05-13 00:00:00+08:00,0.06775092333555222,0.06775092333555222,0.06775092333555222,0.06775092333555222,0,0.0,0.0
2016-05-16 00:00:00+08:00,0.06452469716497501,0.06613781303167343,0.06452469716497501,0.06613781303167343,90100,0.0,0.0
2016-05-17 00:00:00+08:00,0.06775092333555222,0.06775092333555222,0.06775092333555222,0.06775092333555222,15000,0.0,0.0
2016-05-18 00:00:00+08:00,0.06936404387726676,0.06936404387726676,0.06775092333555222,0.06775092333555222,10000,0.0,0.0
2016-05-19 00:00:00+08:00,0.06613781303167343,0.06613781303167343,0.06613781303167343,0.06613781303167343,34600,0.0,0.0
2016-05-20 00:00:00+08:00,0.06613780760130177,0.06775092333555222,0.06613780760130177,0.06775092333555222,20900,0.0,0.0
2016-05-23 00:00:00+08:00,0.06775092333555222,0.06775092333555222,0.06775092333555222,0.06775092333555222,0,0.0,0.0
2016-05-24 00:00:00+08:00,0.06613781303167343,0.06613781303167343,0.06613781303167343,0.06613781303167343,66100,0.0,0.0
2016-05-25 00:00:00+08:00,0.06613781303167343,0.06613781303167343,0.06613781303167343,0.06613781303167343,0,0.0,0.0
2016-05-26 00:00:00+08:00,0.06613781303167343,0.06775092889837184,0.06613781303167343,0.06613781303167343,68000,0.0,0.0
2016-05-27 00:00:00+08:00,0.06613781303167343,0.06613781303167343,0.06613781303167343,0.06613781303167343,20000,0.0,0.0
2016-05-30 00:00:00+08:00,0.06613781303167343,0.06613781303167343,0.06613781303167343,0.06613781303167343,10000,0.0,0.0
2016-05-31 00:00:00+08:00,0.06613781303167343,0.06613781303167343,0.06613781303167343,0.06613781303167343,0,0.0,0.0
2016-06-01 00:00:00+08:00,0.06613781303167343,0.06613781303167343,0.06613781303167343,0.06613781303167343,0,0.0,0.0
2016-06-02 00:00:00+08:00,0.06452470272779465,0.06452470272779465,0.06452470272779465,0.06452470272779465,7700,0.0,0.0
2016-06-03 00:00:00+08:00,0.06613781303167343,0.06613781303167343,0.06613781303167343,0.06613781303167343,25000,0.0,0.0
2016-06-06 00:00:00+08:00,0.06613781873356342,0.06613781873356342,0.06452470272779465,0.06452470272779465,18900,0.0,0.0
2016-06-07 00:00:00+08:00,0.06452470272779465,0.06452470272779465,0.06452470272779465,0.06452470272779465,23500,0.0,0.0
2016-06-08 00:00:00+08:00,0.06452469716497501,0.06613781303167343,0.06452469716497501,0.06613781303167343,56700,0.0,0.0
2016-06-09 00:00:00+08:00,0.06613781303167343,0.06613781303167343,0.06613781303167343,0.06613781303167343,0,0.0,0.0
2016-06-10 00:00:00+08:00,0.06613781303167343,0.06613781303167343,0.06613781303167343,0.06613781303167343,0,0.0,0.0
2016-06-13 00:00:00+08:00,0.06452470272779465,0.06452470272779465,0.06452470272779465,0.06452470272779465,10000,0.0,0.0
2016-06-14 00:00:00+08:00,0.06452470272779465,0.06452470272779465,0.06452470272779465,0.06452470272779465,29900,0.0,0.0
2016-06-15 00:00:00+08:00,0.06452470272779465,0.06452470272779465,0.06452470272779465,0.06452470272779465,0,0.0,0.0
2016-06-16 00:00:00+08:00,0.06775093473933219,0.06775093473933219,0.06452470272779465,0.06452470272779465,33100,0.0,0.0
2016-06-17 00:00:00+08:00,0.06452470272779465,0.06452470272779465,0.06452470272779465,0.06452470272779465,85700,0.0,0.0
2016-06-20 00:00:00+08:00,0.06452470272779465,0.06452470272779465,0.06452470272779465,0.06452470272779465,67900,0.0,0.0
2016-06-21 00:00:00+08:00,0.06452470272779465,0.06613781873356342,0.06452470272779465,0.06452470272779465,63300,0.0,0.0
2016-06-22 00:00:00+08:00,0.06452470272779465,0.06452470272779465,0.06452470272779465,0.06452470272779465,26000,0.0,0.0
2016-06-23 00:00:00+08:00,0.06452470272779465,0.06452470272779465,0.06452470272779465,0.06452470272779465,10000,0.0,0.0
2016-06-24 00:00:00+08:00,0.0645247018450195,0.06613781782871891,0.06420207768678665,0.06420207768678665,115000,0.0,0.0
2016-06-27 00:00:00+08:00,0.06420207768678665,0.06420207768678665,0.06420207768678665,0.06420207768678665,50000,0.0,0.0
2016-06-28 00:00:00+08:00,0.06420207768678665,0.06420207768678665,0.06420207768678665,0.06420207768678665,0,0.0,0.0
2016-06-29 00:00:00+08:00,0.06420207768678665,0.06420207768678665,0.06420207768678665,0.06420207768678665,0,0.0,0.0
2016-06-30 00:00:00+08:00,0.06452470272779465,0.06452470272779465,0.06452470272779465,0.06452470272779465,25800,0.0,0.0
2016-07-01 00:00:00+08:00,0.06420207768678665,0.06420207768678665,0.06420207768678665,0.06420207768678665,15000,0.0,0.0
2016-07-04 00:00:00+08:00,0.06420207768678665,0.06420207768678665,0.06420207768678665,0.06420207768678665,35000,0.0,0.0
2016-07-05 00:00:00+08:00,0.06420207768678665,0.06420207768678665,0.06420207768678665,0.06420207768678665,21600,0.0,0.0
2016-07-07 00:00:00+08:00,0.06420207768678665,0.06420207768678665,0.06420207768678665,0.06420207768678665,34800,0.0,0.0
2016-07-08 00:00:00+08:00,0.06420207768678665,0.06420207768678665,0.06420207768678665,0.06420207768678665,0,0.0,0.0
2016-07-11 00:00:00+08:00,0.06420207768678665,0.06420207768678665,0.06420207768678665,0.06420207768678665,0,0.0,0.0
2016-07-12 00:00:00+08:00,0.06420207303014243,0.06613781303167343,0.06420207303014243,0.06613781303167343,24100,0.0,0.0
2016-07-13 00:00:00+08:00,0.06775093473933219,0.06775093473933219,0.06452470272779465,0.06452470272779465,28300,0.0,0.0
2016-07-14 00:00:00+08:00,0.06452470272779465,0.06452470272779465,0.06452470272779465,0.06452470272779465,0,0.0,0.0
2016-07-15 00:00:00+08:00,0.06420207856514791,0.06452470272779465,0.06420207856514791,0.06452470272779465,37900,0.0,0.0
2016-07-18 00:00:00+08:00,0.06420207768678665,0.06420207768678665,0.06420207768678665,0.06420207768678665,57100,0.0,0.0
2016-07-19 00:00:00+08:00,0.0645247018450195,0.0645247018450195,0.06420207768678665,0.06420207768678665,46600,0.0,0.0
2016-07-20 00:00:00+08:00,0.06420207768678665,0.06420207768678665,0.06420207768678665,0.06420207768678665,37000,0.0,0.0
2016-07-21 00:00:00+08:00,0.06420207768678665,0.06420207768678665,0.06420207768678665,0.06420207768678665,26500,0.0,0.0
2016-07-22 00:00:00+08:00,0.06420207768678665,0.0645247018450195,0.06420207768678665,0.06420207768678665,203800,0.0,0.0
2016-07-25 00:00:00+08:00,0.06387945264577866,0.06387945264577866,0.06387945264577866,0.06387945264577866,59000,0.0,0.0
2016-07-26 00:00:00+08:00,0.06387945264577866,0.06387945264577866,0.06387945264577866,0.06387945264577866,0,0.0,0.0
2016-07-27 00:00:00+08:00,0.06420207856514791,0.06452470272779465,0.06387945440250117,0.06452470272779465,7800,0.0,0.0
2016-07-28 00:00:00+08:00,0.06452470272779465,0.06452470272779465,0.06452470272779465,0.06452470272779465,0,0.0,0.0
2016-07-29 00:00:00+08:00,0.06387944332659751,0.06387944332659751,0.06323419511318207,0.06323419511318207,59400,0.0,0.0
2016-08-01 00:00:00+08:00,0.06323419511318207,0.06323419511318207,0.06323419511318207,0.06323419511318207,50600,0.0,0.0
2016-08-02 00:00:00+08:00,0.06355682849200428,0.06452470095332742,0.06323420433822989,0.06387945264577866,140000,0.0,0.0
2016-08-03 00:00:00+08:00,0.06323419511318207,0.06323419511318207,0.06323419511318207,0.06323419511318207,27100,0.0,0.0
2016-08-04 00:00:00+08:00,0.06323419511318207,0.06323419511318207,0.06323419511318207,0.06323419511318207,15000,0.0,0.0
2016-08-05 00:00:00+08:00,0.06323419511318207,0.06323419511318207,0.06323419511318207,0.06323419511318207,10000,0.0,0.0
2016-08-08 00:00:00+08:00,0.06420207768678665,0.06420207768678665,0.06420207768678665,0.06420207768678665,5300,0.0,0.0
2016-08-10 00:00:00+08:00,0.06323419511318207,0.06323419511318207,0.06323419511318207,0.06323419511318207,9000,0.0,0.0
2016-08-11 00:00:00+08:00,0.06387945264577866,0.06387945264577866,0.06387945264577866,0.06387945264577866,14000,0.0,0.0
2016-08-12 00:00:00+08:00,0.06387945264577866,0.06387945264577866,0.06387945264577866,0.06387945264577866,5000,0.0,0.0
2016-08-15 00:00:00+08:00,0.06387945264577866,0.06387945264577866,0.06387945264577866,0.06387945264577866,0,0.0,0.0
2016-08-16 00:00:00+08:00,0.06323419511318207,0.06323419511318207,0.06323419511318207,0.06323419511318207,825900,0.0,0.0
2016-08-17 00:00:00+08:00,0.06323419511318207,0.06323419511318207,0.06323419511318207,0.06323419511318207,0,0.0,0.0
2016-08-18 00:00:00+08:00,0.06323420166287928,0.06323420166287928,0.06291157752275467,0.06291157752275467,93600,0.0,0.0
2016-08-19 00:00:00+08:00,0.06291157752275467,0.06291157752275467,0.06291157752275467,0.06291157752275467,0,0.0,0.0
2016-08-22 00:00:00+08:00,0.05645910205937608,0.058394841849803925,0.05645910205937608,0.058394841849803925,80000,0.0,0.0
2016-08-23 00:00:00+08:00,0.05871746689081192,0.05904009099563287,0.05871746689081192,0.05871746689081192,53300,0.0,0.0
2016-08-24 00:00:00+08:00,0.05839484730700137,0.05839484730700137,0.05807222798466683,0.058072227984666824,18100,0.0,0.0
2016-08-25 00:00:00+08:00,0.05807222798466683,0.05807222798466683,0.05807222798466683,0.058072227984666824,12300,0.0,0.0
2016-08-26 00:00:00+08:00,0.05807222798466683,0.05807222798466683,0.05807222798466683,0.058072227984666824,0,0.0,0.0
2016-08-29 00:00:00+08:00,0.05807222798466683,0.05968534382619721,0.05807222798466683,0.058072227984666824,60700,0.0,0.0
2016-08-30 00:00:00+08:00,0.05807222798466683,0.05807222798466683,0.05807222798466683,0.058072227984666824,0,0.0,0.0
2016-08-31 00:00:00+08:00,0.05807222798466683,0.05807222798466683,0.05807222798466683,0.058072227984666824,0,0.0,0.0
2016-09-01 00:00:00+08:00,0.05807222798466683,0.05807222798466683,0.05807222798466683,0.058072227984666824,0,0.0,0.0
2016-09-02 00:00:00+08:00,0.05839484835212346,0.05839484835212346,0.05484599247574807,0.05484599247574806,179000,0.0,0.0
2016-09-05 00:00:00+08:00,0.056459110230207436,0.056459110230207436,0.056459110230207436,0.05645911023020744,23000,0.0,0.0
2016-09-06 00:00:00+08:00,0.056459110230207436,0.056459110230207436,0.056459110230207436,0.05645911023020744,20500,0.0,0.0
2016-09-07 00:00:00+08:00,0.056781734376546635,0.056781734376546635,0.056459110230207436,0.05645911023020744,100000,0.0,0.0
2016-09-08 00:00:00+08:00,0.056459110230207436,0.056459110230207436,0.056459110230207436,0.05645911023020744,0,0.0,0.0
2016-09-09 00:00:00+08:00,0.05484599430597612,0.056459110230207436,0.05484599430597612,0.05645911023020744,5400,0.0,0.0
2016-09-13 00:00:00+08:00,0.056459110230207436,0.056459110230207436,0.056459110230207436,0.05645911023020744,0,0.0,0.0
2016-09-14 00:00:00+08:00,0.056459110230207436,0.056459110230207436,0.056459110230207436,0.05645911023020744,0,0.0,0.0
2016-09-15 00:00:00+08:00,0.05484599247574807,0.05484599247574807,0.05484599247574807,0.05484599247574806,16500,0.0,0.0
2016-09-16 00:00:00+08:00,0.05484599247574807,0.05484599247574807,0.05484599247574807,0.05484599247574806,5000,0.0,0.0
2016-09-19 00:00:00+08:00,0.05355549603700638,0.05355549603700638,0.05355549603700638,0.05355549603700638,17700,0.0,0.0
2016-09-20 00:00:00+08:00,0.05355549603700638,0.05355549603700638,0.05355549603700638,0.05355549603700638,27900,0.0,0.0
2016-09-21 00:00:00+08:00,0.05291025624846728,0.05291025624846728,0.05258763208985329,0.05258763208985329,10000,0.0,0.0
2016-09-22 00:00:00+08:00,0.05258763208985329,0.05258763208985329,0.05258763208985329,0.05258763208985329,0,0.0,0.0
2016-09-23 00:00:00+08:00,0.05420074239373207,0.05420074239373207,0.05420074239373207,0.05420074239373207,7500,0.0,0.0
2016-09-26 00:00:00+08:00,0.05420074239373207,0.05420074239373207,0.05420074239373207,0.05420074239373207,0,0.0,0.0
2016-09-27 00:00:00+08:00,0.05549124074689432,0.05549124074689432,0.05484599247574807,0.05484599247574806,71200,0.0,0.0
2016-09-28 00:00:00+08:00,0.05484599247574807,0.05484599247574807,0.05484599247574807,0.05484599247574806,108700,0.0,0.0
2016-09-29 00:00:00+08:00,0.05516861661132119,0.05516861661132119,0.05484599247574807,0.05484599247574806,19300,0.0,0.0
2016-09-30 00:00:00+08:00,0.05355549603700638,0.05355549603700638,0.05355549603700638,0.05355549603700638,400,0.0,0.0
2016-10-03 00:00:00+08:00,0.05484599247574807,0.05484599247574807,0.05484599247574807,0.05484599247574806,21600,0.0,0.0
2016-10-04 00:00:00+08:00,0.05420074239373207,0.054845990643320304,0.05420074239373207,0.05420074239373207,14500,0.0,0.0
2016-10-05 00:00:00+08:00,0.05742698162794113,0.05742698162794113,0.05742698162794113,0.05742698162794113,100,0.0,0.0
2016-10-06 00:00:00+08:00,0.057749605768430405,0.057749605768430405,0.051942380854552606,0.05742698162794113,10300,0.0,0.0
2016-10-07 00:00:00+08:00,0.05420074239373207,0.05420074239373207,0.05420074239373207,0.05420074239373207,6900,0.0,0.0
2016-10-10 00:00:00+08:00,0.05194237823335727,0.05194237823335727,0.04968401417136192,0.04968401417136192,10000,0.0,0.0
2016-10-11 00:00:00+08:00,0.05226500326321438,0.05807222798466683,0.05226500326321438,0.058072227984666824,29400,0.0,0.0
2016-10-12 00:00:00+08:00,0.056459110230207436,0.056459110230207436,0.056459110230207436,0.05645911023020744,8900,0.0,0.0
2016-10-13 00:00:00+08:00,0.056459110230207436,0.056459110230207436,0.056459110230207436,0.05645911023020744,0,0.0,0.0
2016-10-14 00:00:00+08:00,0.056459110230207436,0.056459110230207436,0.056459110230207436,0.05645911023020744,0,0.0,0.0
2016-10-17 00:00:00+08:00,0.051297131925821304,0.051297131925821304,0.051297131925821304,0.051297131925821304,10000,0.0,0.0
2016-10-18 00:00:00+08:00,0.051297131925821304,0.051297131925821304,0.051297131925821304,0.051297131925821304,0,0.0,0.0
2016-10-19 00:00:00+08:00,0.051297131925821304,0.051297131925821304,0.051297131925821304,0.051297131925821304,0,0.0,0.0
2016-10-20 00:00:00+08:00,0.05161975048811334,0.05323287099599838,0.05161975048811334,0.05323287099599838,97100,0.0,0.0
2016-10-21 00:00:00+08:00,0.0516197569668293,0.0516197569668293,0.0516197569668293,0.0516197569668293,5100,0.0,0.0
2016-10-24 00:00:00+08:00,0.05226500332355499,0.05226500332355499,0.05226500332355499,0.05226500332355499,19000,0.0,0.0
2016-10-25 00:00:00+08:00,0.05355549029011139,0.05355549029011139,0.05323287099599838,0.05323287099599838,43900,0.0,0.0
2016-10-26 00:00:00+08:00,0.05420074239373207,0.05420074239373207,0.05420074239373207,0.05420074239373207,17000,0.0,0.0
2016-10-27 00:00:00+08:00,0.05420074239373207,0.05420074239373207,0.05420074239373207,0.05420074239373207,0,0.0,0.0
2016-10-28 00:00:00+08:00,0.05420074239373207,0.05420074239373207,0.05420074239373207,0.05420074239373207,0,0.0,0.0
2016-10-31 00:00:00+08:00,0.053878121078014374,0.053878121078014374,0.053878121078014374,0.053878121078014374,6000,0.0,0.0
2016-11-01 00:00:00+08:00,0.053878121078014374,0.053878121078014374,0.053878121078014374,0.053878121078014374,0,0.0,0.0
2016-11-02 00:00:00+08:00,0.053878121078014374,0.053878121078014374,0.053878121078014374,0.053878121078014374,0,0.0,0.0
2016-11-03 00:00:00+08:00,0.053878121078014374,0.053878121078014374,0.053878121078014374,0.053878121078014374,0,0.0,0.0
2016-11-04 00:00:00+08:00,0.053878121078014374,0.053878121078014374,0.053878121078014374,0.053878121078014374,0,0.0,0.0
2016-11-07 00:00:00+08:00,0.053878121078014374,0.053878121078014374,0.053878121078014374,0.053878121078014374,0,0.0,0.0
2016-11-08 00:00:00+08:00,0.0545233692350199,0.058072229977104185,0.0545233692350199,0.05516861751675606,25700,0.0,0.0
2016-11-09 00:00:00+08:00,0.05516861751675606,0.05516861751675606,0.05516861751675606,0.05516861751675606,0,0.0,0.0
2016-11-10 00:00:00+08:00,0.05516861751675606,0.05516861751675606,0.05516861751675606,0.05516861751675606,0,0.0,0.0
2016-11-11 00:00:00+08:00,0.05774960385486787,0.05807222798466683,0.055168615623940605,0.058072227984666824,21100,0.0,0.0
2016-11-14 00:00:00+08:00,0.05807222798466683,0.05807222798466683,0.05807222798466683,0.058072227984666824,0,0.0,0.0
2016-11-15 00:00:00+08:00,0.058394841849803925,0.058394841849803925,0.058394841849803925,0.058394841849803925,40000,0.0,0.0
2016-11-16 00:00:00+08:00,0.056459110230207436,0.056459110230207436,0.056459110230207436,0.05645911023020744,20000,0.0,0.0
2016-11-17 00:00:00+08:00,0.055491238832473755,0.055491238832473755,0.055168614708031,0.055491238832473755,30000,0.0,0.0
2016-11-18 00:00:00+08:00,0.05581386387348176,0.05581386387348176,0.05581386387348176,0.05581386387348175,5000,0.0,0.0
2016-11-21 00:00:00+08:00,0.05581386387348176,0.05581386387348176,0.05581386387348176,0.05581386387348175,0,0.0,0.0
2016-11-22 00:00:00+08:00,0.05581386387348176,0.05581386387348176,0.05581386387348176,0.05581386387348175,0,0.0,0.0
2016-11-23 00:00:00+08:00,0.055491238832473755,0.055491238832473755,0.055491238832473755,0.055491238832473755,9000,0.0,0.0
2016-11-24 00:00:00+08:00,0.055491238832473755,0.055491238832473755,0.055491238832473755,0.055491238832473755,33600,0.0,0.0
2016-11-25 00:00:00+08:00,0.055491238832473755,0.055491238832473755,0.055491238832473755,0.055491238832473755,0,0.0,0.0
2016-11-28 00:00:00+08:00,0.056781734892481166,0.06355682760477066,0.056781734892481166,0.06355682760477066,59800,0.0,0.0
2016-11-29 00:00:00+08:00,0.06000797170130992,0.06129846349358559,0.06000797170130992,0.06129846349358559,35100,0.0,0.0
2016-11-30 00:00:00+08:00,0.06452469716497501,0.06613781303167343,0.06452469716497501,0.06613781303167343,87900,0.0,0.0
2016-12-01 00:00:00+08:00,0.06775093473933219,0.06775093473933219,0.06452470272779465,0.06452470272779465,84900,0.0,0.0
2016-12-02 00:00:00+08:00,0.0719768467218982,0.0719768467218982,0.0647064596414566,0.0647064596414566,33000,0.0225,0.0
2016-12-05 00:00:00+08:00,0.0647064596414566,0.0647064596414566,0.0647064596414566,0.0647064596414566,0,0.0,0.0
2016-12-06 00:00:00+08:00,0.0647064596414566,0.0647064596414566,0.0647064596414566,0.0647064596414566,0,0.0,0.0
2016-12-07 00:00:00+08:00,0.0647064596414566,0.0647064596414566,0.0647064596414566,0.0647064596414566,0,0.0,0.0
2016-12-08 00:00:00+08:00,0.07197684480173154,0.07197684480173154,0.05925366639616671,0.06107126176357269,77600,0.0,0.0
2016-12-09 00:00:00+08:00,0.06107126176357269,0.06107126176357269,0.06107126176357269,0.06107126176357269,8000,0.0,0.0
2016-12-12 00:00:00+08:00,0.059253666549921036,0.059253666549921036,0.059253666549921036,0.059253666549921036,4300,0.0,0.0
2016-12-13 00:00:00+08:00,0.05998070516647059,0.06361589580774307,0.05961718501897108,0.06361589580774307,92100,0.0,0.0
2016-12-14 00:00:00+08:00,0.059617184102535255,0.059617184102535255,0.059617184102535255,0.05961718410253525,4000,0.0,0.0
2016-12-15 00:00:00+08:00,0.059617184102535255,0.059617184102535255,0.059617184102535255,0.05961718410253525,0,0.0,0.0
2016-12-16 00:00:00+08:00,0.059617184102535255,0.059617184102535255,0.059617184102535255,0.05961718410253525,5000,0.0,0.0
2016-12-19 00:00:00+08:00,0.059617184102535255,0.059980704244446736,0.05743606866792762,0.05961718410253525,60900,0.0,0.0
2016-12-20 00:00:00+08:00,0.05925366508284716,0.05998070538043976,0.05925366508284716,0.05998070538043976,64900,0.0,0.0
2016-12-21 00:00:00+08:00,0.05998070538043976,0.05998070538043976,0.05998070538043976,0.05998070538043976,0,0.0,0.0
2016-12-22 00:00:00+08:00,0.06252534687519073,0.06252534687519073,0.06252534687519073,0.06252534687519073,35000,0.0,0.0
2016-12-23 00:00:00+08:00,0.06252534687519073,0.06252534687519073,0.06252534687519073,0.06252534687519073,0,0.0,0.0
2016-12-27 00:00:00+08:00,0.058890144934050856,0.05998070538043976,0.058526624785254555,0.05998070538043976,10100,0.0,0.0
2016-12-28 00:00:00+08:00,0.061798304319381714,0.061798304319381714,0.061798304319381714,0.061798304319381714,10000,0.0,0.0
2016-12-29 00:00:00+08:00,0.061798304319381714,0.061798304319381714,0.061798304319381714,0.061798304319381714,0,0.0,0.0
2016-12-30 00:00:00+08:00,0.061798304319381714,0.061798304319381714,0.061798304319381714,0.061798304319381714,0,0.0,0.0
2017-01-03 00:00:00+08:00,0.061798304319381714,0.061798304319381714,0.061798304319381714,0.061798304319381714,0,0.0,0.0
2017-01-04 00:00:00+08:00,0.061798304319381714,0.061798304319381714,0.061798304319381714,0.061798304319381714,0,0.0,0.0
2017-01-05 00:00:00+08:00,0.059617184102535255,0.059617184102535255,0.059617184102535255,0.05961718410253525,10800,0.0,0.0
2017-01-06 00:00:00+08:00,0.059617184102535255,0.059617184102535255,0.059617184102535255,0.05961718410253525,0,0.0,0.0
2017-01-09 00:00:00+08:00,0.0596171865530202,0.06107126176357269,0.0596171865530202,0.06107126176357269,48200,0.0,0.0
2017-01-10 00:00:00+08:00,0.06107126176357269,0.06107126176357269,0.06107126176357269,0.06107126176357269,13600,0.0,0.0
2017-01-11 00:00:00+08:00,0.06107126176357269,0.06107126176357269,0.06107126176357269,0.06107126176357269,0,0.0,0.0
2017-01-12 00:00:00+08:00,0.06107126184463758,0.06725109368562698,0.06107126184463758,0.06725109368562698,6200,0.0,0.0
2017-01-13 00:00:00+08:00,0.06107126176357269,0.06107126176357269,0.06107126176357269,0.06107126176357269,5000,0.0,0.0
2017-01-16 00:00:00+08:00,0.0614347889259636,0.06216182932257652,0.0614347889259636,0.06216182932257652,29400,0.0,0.0
2017-01-17 00:00:00+08:00,0.06216182932257652,0.06216182932257652,0.06216182932257652,0.06216182932257652,0,0.0,0.0
2017-01-18 00:00:00+08:00,0.05998070538043976,0.05998070538043976,0.05998070538043976,0.05998070538043976,2500,0.0,0.0
2017-01-19 00:00:00+08:00,0.05998070538043976,0.05998070538043976,0.05998070538043976,0.05998070538043976,0,0.0,0.0
2017-01-20 00:00:00+08:00,0.05998070888603162,0.061798304319381714,0.058890148375904554,0.061798304319381714,26900,0.0,0.0
2017-01-23 00:00:00+08:00,0.06179830650934173,0.06252534687519073,0.06179830650934173,0.06252534687519073,18000,0.0,0.0
2017-01-24 00:00:00+08:00,0.06252534687519073,0.06252534687519073,0.06252534687519073,0.06252534687519073,0,0.0,0.0
2017-01-25 00:00:00+08:00,0.06252534405901028,0.0647064596414566,0.06252534405901028,0.0647064596414566,38000,0.0,0.0
2017-01-26 00:00:00+08:00,0.0647064596414566,0.0647064596414566,0.0647064596414566,0.0647064596414566,0,0.0,0.0
2017-01-27 00:00:00+08:00,0.0647064596414566,0.0647064596414566,0.0647064596414566,0.0647064596414566,0,0.0,0.0
2017-01-31 00:00:00+08:00,0.060344220112374704,0.060344220112374704,0.05998070538043976,0.05998070538043976,10000,0.0,0.0
2017-02-01 00:00:00+08:00,0.05998070538043976,0.05998070538043976,0.05998070538043976,0.05998070538043976,0,0.0,0.0
2017-02-02 00:00:00+08:00,0.05998070831001265,0.06543349997455924,0.05998070831001265,0.0647064596414566,64200,0.0,0.0
2017-02-03 00:00:00+08:00,0.0647064596414566,0.0647064596414566,0.0647064596414566,0.0647064596414566,0,0.0,0.0
2017-02-06 00:00:00+08:00,0.0647064596414566,0.0647064596414566,0.0647064596414566,0.0647064596414566,0,0.0,0.0
2017-02-07 00:00:00+08:00,0.0647064596414566,0.0647064596414566,0.0647064596414566,0.0647064596414566,0,0.0,0.0
2017-02-08 00:00:00+08:00,0.06397941708564758,0.06470645739349215,0.06397941708564758,0.06397941708564758,80000,0.0,0.0
2017-02-09 00:00:00+08:00,0.06143478414933936,0.06506998043290123,0.06143478414933936,0.061798304319381714,25100,0.0,0.0
2017-02-10 00:00:00+08:00,0.06252534687519073,0.06252534687519073,0.06252534687519073,0.06252534687519073,1800,0.0,0.0
2017-02-13 00:00:00+08:00,0.06361589914180263,0.0647064596414566,0.06361589914180263,0.0647064596414566,53100,0.0,0.0
2017-02-14 00:00:00+08:00,0.06397941820327961,0.0643429383635521,0.06397941820327961,0.0643429383635521,27500,0.0,0.0
2017-02-15 00:00:00+08:00,0.0643429383635521,0.0643429383635521,0.0643429383635521,0.0643429383635521,0,0.0,0.0
2017-02-16 00:00:00+08:00,0.0647064596414566,0.0647064596414566,0.0647064596414566,0.0647064596414566,58800,0.0,0.0
2017-02-17 00:00:00+08:00,0.0647064596414566,0.0647064596414566,0.0647064596414566,0.0647064596414566,0,0.0,0.0
2017-02-20 00:00:00+08:00,0.061434779316186905,0.061434779316186905,0.061434779316186905,0.061434779316186905,50000,0.0,0.0
2017-02-21 00:00:00+08:00,0.06179830558688168,0.06288886070251465,0.06179830558688168,0.06288886070251465,30600,0.0,0.0
2017-02-22 00:00:00+08:00,0.06397941708564758,0.06397941708564758,0.06397941708564758,0.06397941708564758,29000,0.0,0.0
2017-02-23 00:00:00+08:00,0.06361589580774307,0.06361589580774307,0.06361589580774307,0.06361589580774307,20900,0.0,0.0
2017-02-24 00:00:00+08:00,0.06361589580774307,0.06361589580774307,0.06361589580774307,0.06361589580774307,0,0.0,0.0
2017-02-27 00:00:00+08:00,0.06361589580774307,0.06361589580774307,0.06361589580774307,0.06361589580774307,0,0.0,0.0
2017-02-28 00:00:00+08:00,0.06361589580774307,0.06361589580774307,0.06361589580774307,0.06361589580774307,0,0.0,0.0
2017-03-01 00:00:00+08:00,0.06361589580774307,0.06361589580774307,0.06361589580774307,0.06361589580774307,0,0.0,0.0
2017-03-02 00:00:00+08:00,0.06470646026285887,0.06470646026285887,0.061798304319381714,0.061798304319381714,8500,0.0,0.0
2017-03-03 00:00:00+08:00,0.061798304319381714,0.061798304319381714,0.061798304319381714,0.061798304319381714,0,0.0,0.0
2017-03-06 00:00:00+08:00,0.06361589580774307,0.06361589580774307,0.06361589580774307,0.06361589580774307,32600,0.0,0.0
2017-03-07 00:00:00+08:00,0.06361589580774307,0.06397941595524258,0.06361589580774307,0.06361589580774307,55700,0.0,0.0
2017-03-08 00:00:00+08:00,0.0650699820183659,0.06543350219726562,0.06216182600402998,0.06543350219726562,83700,0.0,0.0
2017-03-09 00:00:00+08:00,0.06325237452983856,0.0705227665161745,0.06325237452983856,0.06325237452983856,1600,0.0,0.0
2017-03-10 00:00:00+08:00,0.06361589580774307,0.06397941595524258,0.06361589580774307,0.06361589580774307,46700,0.0,0.0
2017-03-13 00:00:00+08:00,0.06361589580774307,0.06361589580774307,0.06361589580774307,0.06361589580774307,0,0.0,0.0
2017-03-14 00:00:00+08:00,0.06761461438914287,0.06797813454941536,0.06288885772246218,0.0643429383635521,14100,0.0,0.0
2017-03-15 00:00:00+08:00,0.0643429383635521,0.0643429383635521,0.0643429383635521,0.0643429383635521,58900,0.0,0.0
2017-03-16 00:00:00+08:00,0.06397941595524258,0.06397941595524258,0.06361589580774307,0.06361589580774307,29000,0.0,0.0
2017-03-17 00:00:00+08:00,0.06361589580774307,0.06361589580774307,0.06361589580774307,0.06361589580774307,0,0.0,0.0
2017-03-20 00:00:00+08:00,0.06397941708564758,0.06543349770133672,0.06397941708564758,0.06397941708564758,122000,0.0,0.0
2017-03-21 00:00:00+08:00,0.06397941708564758,0.06434293723956987,0.06397941708564758,0.06397941708564758,37000,0.0,0.0
2017-03-22 00:00:00+08:00,0.06397941708564758,0.06397941708564758,0.06397941708564758,0.06397941708564758,0,0.0,0.0
2017-03-23 00:00:00+08:00,0.06361590105751115,0.06361590105751115,0.06288886070251465,0.06288886070251465,100000,0.0,0.0
2017-03-24 00:00:00+08:00,0.06288886070251465,0.06288886070251465,0.06288886070251465,0.06288886070251465,0,0.0,0.0
2017-03-27 00:00:00+08:00,0.0654335019450024,0.0654335019450024,0.06288886070251465,0.06288886070251465,2100,0.0,0.0
2017-03-28 00:00:00+08:00,0.06325237452983856,0.06325237452983856,0.06325237452983856,0.06325237452983856,10000,0.0,0.0
2017-03-29 00:00:00+08:00,0.06325237452983856,0.06325237452983856,0.06325237452983856,0.06325237452983856,0,0.0,0.0
2017-03-30 00:00:00+08:00,0.06506998176750416,0.06506998176750416,0.06288886070251465,0.06288886070251465,25900,0.0,0.0
2017-03-31 00:00:00+08:00,0.06288886070251465,0.06288886070251465,0.06288886070251465,0.06288886070251465,0,0.0,0.0
2017-04-03 00:00:00+08:00,0.06288886070251465,0.06288886070251465,0.06288886070251465,0.06288886070251465,1000,0.0,0.0
2017-04-04 00:00:00+08:00,0.06216182448942407,0.06216182448942407,0.061798304319381714,0.061798304319381714,12500,0.0,0.0
2017-04-05 00:00:00+08:00,0.06252534687519073,0.06288886164125336,0.06252534687519073,0.06252534687519073,22100,0.0,0.0
2017-04-06 00:00:00+08:00,0.06288886171675649,0.06325238190011742,0.0581631101667881,0.0581631101667881,60500,0.0,0.0
2017-04-07 00:00:00+08:00,0.06179830912427006,0.06216182932257652,0.06179830912427006,0.06216182932257652,10900,0.0,0.0
2017-04-10 00:00:00+08:00,0.06325237452983856,0.06325237452983856,0.06325237452983856,0.06325237452983856,600,0.0,0.0
2017-04-11 00:00:00+08:00,0.06325237452983856,0.06325237452983856,0.06325237452983856,0.06325237452983856,0,0.0,0.0
2017-04-12 00:00:00+08:00,0.06325237452983856,0.06325237452983856,0.06325237452983856,0.06325237452983856,0,0.0,0.0
2017-04-13 00:00:00+08:00,0.062161826692266234,0.06252534687519073,0.062161826692266234,0.06252534687519073,11100,0.0,0.0
2017-04-17 00:00:00+08:00,0.06252534687519073,0.06252534687519073,0.06252534687519073,0.06252534687519073,0,0.0,0.0
2017-04-18 00:00:00+08:00,0.06252534687519073,0.06252534687519073,0.06252534687519073,0.06252534687519073,0,0.0,0.0
2017-04-19 00:00:00+08:00,0.06252534687519073,0.06252534687519073,0.06252534687519073,0.06252534687519073,0,0.0,0.0
2017-04-20 00:00:00+08:00,0.06252534006784462,0.06252534006784462,0.06034421920776367,0.06034421920776367,20000,0.0,0.0
2017-04-21 00:00:00+08:00,0.06034421920776367,0.06034421920776367,0.06034421920776367,0.06034421920776367,0,0.0,0.0
2017-04-24 00:00:00+08:00,0.06434293775839264,0.06434293775839264,0.06107126176357269,0.06107126176357269,600,0.0,0.0
2017-04-25 00:00:00+08:00,0.06107126176357269,0.06107126176357269,0.06107126176357269,0.06107126176357269,0,0.0,0.0
2017-04-26 00:00:00+08:00,0.06107126176357269,0.06107126176357269,0.06107126176357269,0.06107126176357269,0,0.0,0.0
2017-04-27 00:00:00+08:00,0.061434779316186905,0.061798299457630664,0.061434779316186905,0.061434779316186905,18300,0.0,0.0
2017-04-28 00:00:00+08:00,0.06107126176357269,0.06107126176357269,0.06107126176357269,0.06107126176357269,5000,0.0,0.0
2017-05-02 00:00:00+08:00,0.061798304319381714,0.061798304319381714,0.061798304319381714,0.061798304319381714,25800,0.0,0.0
2017-05-03 00:00:00+08:00,0.06034421920776367,0.06034421920776367,0.06034421920776367,0.06034421920776367,31500,0.0,0.0
2017-05-04 00:00:00+08:00,0.06034421920776367,0.06034421920776367,0.06034421920776367,0.06034421920776367,14800,0.0,0.0
2017-05-05 00:00:00+08:00,0.06034421889185562,0.06252533974051819,0.06034421889185562,0.061434779316186905,130800,0.0,0.0
2017-05-08 00:00:00+08:00,0.06252534687519073,0.06252534687519073,0.06252534687519073,0.06252534687519073,12900,0.0,0.0
2017-05-09 00:00:00+08:00,0.06252534687519073,0.06252534687519073,0.06252534687519073,0.06252534687519073,30000,0.0,0.0
2017-05-11 00:00:00+08:00,0.06252534687519073,0.06252534687519073,0.06252534687519073,0.06252534687519073,0,0.0,0.0
2017-05-12 00:00:00+08:00,0.06252534687519073,0.06252534687519073,0.06252534687519073,0.06252534687519073,0,0.0,0.0
2017-05-15 00:00:00+08:00,0.06034422427595781,0.06034422427595781,0.058890148997306824,0.058890148997306824,65700,0.0,0.0
2017-05-16 00:00:00+08:00,0.06143478632641724,0.06252534687519073,0.06107126614349274,0.06252534687519073,50100,0.0,0.0
2017-05-17 00:00:00+08:00,0.059980704244446736,0.059980704244446736,0.059617184102535255,0.05961718410253525,15000,0.0,0.0
2017-05-18 00:00:00+08:00,0.059617184102535255,0.059617184102535255,0.059617184102535255,0.05961718410253525,0,0.0,0.0
2017-05-19 00:00:00+08:00,0.06107126192204341,0.061434782079840176,0.059253666549921036,0.059253666549921036,86000,0.0,0.0
2017-05-22 00:00:00+08:00,0.059617184102535255,0.059617184102535255,0.059617184102535255,0.05961718410253525,5000,0.0,0.0
2017-05-23 00:00:00+08:00,0.059617184102535255,0.059617184102535255,0.059617184102535255,0.05961718410253525,0,0.0,0.0
2017-05-24 00:00:00+08:00,0.06034421920776367,0.06034421920776367,0.06034421920776367,0.06034421920776367,30000,0.0,0.0
2017-05-25 00:00:00+08:00,0.06361589236618424,0.06361589236618424,0.060707736760377884,0.060707736760377884,59800,0.0,0.0
2017-05-26 00:00:00+08:00,0.060707740261171005,0.060707740261171005,0.05925366508284716,0.05998070538043976,161300,0.0,0.0
2017-05-29 00:00:00+08:00,0.05998070538043976,0.05998070538043976,0.05998070538043976,0.05998070538043976,0,0.0,0.0
2017-05-30 00:00:00+08:00,0.05998070538043976,0.05998070538043976,0.05998070538043976,0.05998070538043976,0,0.0,0.0
2017-05-31 00:00:00+08:00,0.05998070538043976,0.05998070538043976,0.05998070538043976,0.05998070538043976,0,0.0,0.0
2017-06-01 00:00:00+08:00,0.060707739642111014,0.06652405112981796,0.060707739642111014,0.06652405112981796,73300,0.0,0.0
2017-06-02 00:00:00+08:00,0.06361589580774307,0.06361589580774307,0.06361589580774307,0.06361589580774307,34300,0.0,0.0
2017-06-05 00:00:00+08:00,0.061798302077279675,0.061798302077279675,0.06107126176357269,0.06107126176357269,17200,0.0,0.0
2017-06-06 00:00:00+08:00,0.06107126872765714,0.06470646529385965,0.06107126872765714,0.06216182932257652,73300,0.0,0.0
2017-06-07 00:00:00+08:00,0.06216182448942407,0.06216182448942407,0.061798304319381714,0.061798304319381714,105000,0.0,0.0
2017-06-08 00:00:00+08:00,0.061798299457630664,0.061798299457630664,0.06034421889185562,0.061434779316186905,56600,0.0,0.0
2017-06-09 00:00:00+08:00,0.061434779316186905,0.06252533974051819,0.061434779316186905,0.061434779316186905,84200,0.0,0.0
2017-06-12 00:00:00+08:00,0.062161819158120045,0.06616052985191345,0.062161819158120045,0.06616052985191345,165200,0.0,0.0
2017-06-13 00:00:00+08:00,0.06616052985191345,0.06616052985191345,0.06616052985191345,0.06616052985191345,0,0.0,0.0
2017-06-14 00:00:00+08:00,0.06616052985191345,0.06616052985191345,0.06616052985191345,0.06616052985191345,0,0.0,0.0
2017-06-15 00:00:00+08:00,0.06616052985191345,0.06616052985191345,0.06616052985191345,0.06616052985191345,0,0.0,0.0
2017-06-16 00:00:00+08:00,0.061434780339607316,0.06361589580774307,0.061434780339607316,0.06361589580774307,26000,0.0,0.0
2017-06-19 00:00:00+08:00,0.06361589580774307,0.06361589580774307,0.06361589580774307,0.06361589580774307,0,0.0,0.0
2017-06-20 00:00:00+08:00,0.06361589474798822,0.06361589474798822,0.061071259174743146,0.061434779316186905,20100,0.0,0.0
2017-06-21 00:00:00+08:00,0.061434779316186905,0.061434779316186905,0.061434779316186905,0.061434779316186905,0,0.0,0.0
2017-06-22 00:00:00+08:00,0.06143478414933936,0.061798304319381714,0.06143478414933936,0.061798304319381714,77300,0.0,0.0
2017-06-23 00:00:00+08:00,0.061798302077279675,0.061798302077279675,0.06107126176357269,0.06107126176357269,81000,0.0,0.0
2017-06-27 00:00:00+08:00,0.061798304319381714,0.061798304319381714,0.061798304319381714,0.061798304319381714,44900,0.0,0.0
2017-06-28 00:00:00+08:00,0.061798304319381714,0.061798304319381714,0.061798304319381714,0.061798304319381714,0,0.0,0.0
2017-06-29 00:00:00+08:00,0.061798302077279675,0.061798302077279675,0.06107126176357269,0.06107126176357269,56100,0.0,0.0
2017-06-30 00:00:00+08:00,0.06070773935111049,0.06070773935111049,0.06034421920776367,0.06034421920776367,9000,0.0,0.0
2017-07-03 00:00:00+08:00,0.059253666549921036,0.059253666549921036,0.059253666549921036,0.059253666549921036,49500,0.0,0.0
2017-07-04 00:00:00+08:00,0.059253666549921036,0.059253666549921036,0.059253666549921036,0.059253666549921036,34200,0.0,0.0
2017-07-05 00:00:00+08:00,0.059253666549921036,0.059253666549921036,0.059253666549921036,0.059253666549921036,700,0.0,0.0
2017-07-06 00:00:00+08:00,0.059253666549921036,0.059253666549921036,0.059253666549921036,0.059253666549921036,2500,0.0,0.0
2017-07-07 00:00:00+08:00,0.05998070448127812,0.06034421920776367,0.05998070448127812,0.06034421920776367,105500,0.0,0.0
2017-07-10 00:00:00+08:00,0.059617190828656616,0.06252534687519073,0.059253670645732115,0.06252534687519073,88900,0.0,0.0
2017-07-11 00:00:00+08:00,0.061798304319381714,0.061798304319381714,0.061798304319381714,0.061798304319381714,3500,0.0,0.0
2017-07-12 00:00:00+08:00,0.05998070888603162,0.061798304319381714,0.05998070888603162,0.061798304319381714,56000,0.0,0.0
2017-07-13 00:00:00+08:00,0.06107125688821131,0.06107125688821131,0.060707736760377884,0.060707736760377884,60000,0.0,0.0
2017-07-14 00:00:00+08:00,0.06070773911140844,0.06070773911140844,0.059617184102535255,0.05961718410253525,54700,0.0,0.0
2017-07-17 00:00:00+08:00,0.059980704244446736,0.059980704244446736,0.059617184102535255,0.05961718410253525,23900,0.0,0.0
2017-07-18 00:00:00+08:00,0.05998070538043976,0.05998070538043976,0.05998070538043976,0.05998070538043976,22900,0.0,0.0
2017-07-19 00:00:00+08:00,0.05998070538043976,0.05998070538043976,0.05998070538043976,0.05998070538043976,20000,0.0,0.0
2017-07-20 00:00:00+08:00,0.06107126176357269,0.06107126176357269,0.06107126176357269,0.06107126176357269,500,0.0,0.0
2017-07-21 00:00:00+08:00,0.06107126176357269,0.06107126176357269,0.06107126176357269,0.06107126176357269,0,0.0,0.0
2017-07-24 00:00:00+08:00,0.059617184102535255,0.059617184102535255,0.059617184102535255,0.05961718410253525,24000,0.0,0.0
2017-07-25 00:00:00+08:00,0.059617184102535255,0.059617184102535255,0.059617184102535255,0.05961718410253525,0,0.0,0.0
2017-07-26 00:00:00+08:00,0.059617184102535255,0.059617184102535255,0.059617184102535255,0.05961718410253525,8000,0.0,0.0
2017-07-27 00:00:00+08:00,0.059253666549921036,0.059253666549921036,0.059253666549921036,0.059253666549921036,7000,0.0,0.0
2017-07-28 00:00:00+08:00,0.059617184102535255,0.059617184102535255,0.059617184102535255,0.05961718410253525,60000,0.0,0.0
2017-07-31 00:00:00+08:00,0.059617184102535255,0.059617184102535255,0.05889014381871229,0.05961718410253525,117900,0.0,0.0
2017-08-01 00:00:00+08:00,0.059253666549921036,0.059253666549921036,0.059253666549921036,0.059253666549921036,50000,0.0,0.0
2017-08-02 00:00:00+08:00,0.059253666549921036,0.059253666549921036,0.05816310607653072,0.059253666549921036,43600,0.0,0.0
2017-08-03 00:00:00+08:00,0.0599807072740054,0.06543349884436954,0.0599807072740054,0.0643429383635521,119500,0.0,0.0
2017-08-04 00:00:00+08:00,0.061798304319381714,0.06252534465946642,0.061798304319381714,0.061798304319381714,108000,0.0,0.0
2017-08-07 00:00:00+08:00,0.06034421920776367,0.06252534006784462,0.06034421920776367,0.06034421920776367,25800,0.0,0.0
2017-08-08 00:00:00+08:00,0.06034421920776367,0.06034421920776367,0.06034421920776367,0.06034421920776367,0,0.0,0.0
2017-08-10 00:00:00+08:00,0.059617184102535255,0.059617184102535255,0.059617184102535255,0.05961718410253525,7000,0.0,0.0
2017-08-11 00:00:00+08:00,0.059617184102535255,0.059617184102535255,0.059617184102535255,0.05961718410253525,0,0.0,0.0
2017-08-14 00:00:00+08:00,0.059253666549921036,0.059253666549921036,0.059253666549921036,0.059253666549921036,10000,0.0,0.0
2017-08-15 00:00:00+08:00,0.05889014639212427,0.05961718670771781,0.05889014639212427,0.059253666549921036,24400,0.0,0.0
2017-08-16 00:00:00+08:00,0.058526631444692605,0.058526631444692605,0.058526631444692605,0.05852663144469261,10800,0.0,0.0
2017-08-17 00:00:00+08:00,0.058890148997306824,0.059253669171185006,0.05852662882342865,0.058890148997306824,28600,0.0,0.0
2017-08-18 00:00:00+08:00,0.058890148997306824,0.058890148997306824,0.058890148997306824,0.058890148997306824,26400,0.0,0.0
2017-08-21 00:00:00+08:00,0.058890144934050856,0.05998070538043976,0.058163104636458254,0.05998070538043976,32000,0.0,0.0
2017-08-22 00:00:00+08:00,0.058526626082459725,0.06107126176357269,0.058526626082459725,0.06107126176357269,3200,0.0,0.0
2017-08-23 00:00:00+08:00,0.061071259174743146,0.061798299457630664,0.061071259174743146,0.061434779316186905,120400,0.0,0.0
2017-08-24 00:00:00+08:00,0.06070774596056824,0.06252534687519073,0.06070774596056824,0.06252534687519073,80600,0.0,0.0
2017-08-25 00:00:00+08:00,0.059617184102535255,0.059617184102535255,0.059617184102535255,0.05961718410253525,1000,0.0,0.0
2017-08-28 00:00:00+08:00,0.059617184102535255,0.059617184102535255,0.059617184102535255,0.05961718410253525,0,0.0,0.0
2017-08-29 00:00:00+08:00,0.058890152954680475,0.06216182932257652,0.058526632756374014,0.06216182932257652,87500,0.0,0.0
2017-08-30 00:00:00+08:00,0.059617184102535255,0.059617184102535255,0.059617184102535255,0.05961718410253525,15000,0.0,0.0
2017-08-31 00:00:00+08:00,0.0596171865530202,0.06252534239098666,0.0596171865530202,0.06107126176357269,134200,0.0,0.0
2017-09-04 00:00:00+08:00,0.06107126176357269,0.06107126176357269,0.06107126176357269,0.06107126176357269,0,0.0,0.0
2017-09-05 00:00:00+08:00,0.059617184102535255,0.059980704244446736,0.059617184102535255,0.05961718410253525,49700,0.0,0.0
2017-09-06 00:00:00+08:00,0.059253669171185006,0.059253669171185006,0.058890148997306824,0.058890148997306824,20800,0.0,0.0
2017-09-07 00:00:00+08:00,0.058890148997306824,0.058890148997306824,0.058890148997306824,0.058890148997306824,0,0.0,0.0
2017-09-08 00:00:00+08:00,0.058890148997306824,0.058890148997306824,0.058890148997306824,0.058890148997306824,0,0.0,0.0
2017-09-11 00:00:00+08:00,0.05925366854594691,0.0628888594126471,0.05925366854594691,0.061798304319381714,50900,0.0,0.0
2017-09-12 00:00:00+08:00,0.05998070538043976,0.05998070538043976,0.05998070538043976,0.05998070538043976,6000,0.0,0.0
2017-09-13 00:00:00+08:00,0.05998071101158111,0.06252534687519073,0.05998071101158111,0.06252534687519073,63800,0.0,0.0
2017-09-14 00:00:00+08:00,0.05998070538043976,0.05998070538043976,0.05998070538043976,0.05998070538043976,8500,0.0,0.0
2017-09-15 00:00:00+08:00,0.060707736760377884,0.060707736760377884,0.060707736760377884,0.060707736760377884,2000,0.0,0.0
2017-09-18 00:00:00+08:00,0.06107126176357269,0.06107126176357269,0.0607077416067192,0.06107126176357269,87500,0.0,0.0
2017-09-19 00:00:00+08:00,0.06034422144986571,0.06107126176357269,0.06034422144986571,0.06107126176357269,30300,0.0,0.0
2017-09-20 00:00:00+08:00,0.06107126176357269,0.06107126176357269,0.06107126176357269,0.06107126176357269,15800,0.0,0.0
2017-09-21 00:00:00+08:00,0.06107126176357269,0.06107126176357269,0.06107126176357269,0.06107126176357269,0,0.0,0.0
2017-09-22 00:00:00+08:00,0.06034421920776367,0.06034421920776367,0.06034421920776367,0.06034421920776367,207300,0.0,0.0
2017-09-25 00:00:00+08:00,0.06107126176357269,0.06107126176357269,0.06107126176357269,0.06107126176357269,50000,0.0,0.0
2017-09-26 00:00:00+08:00,0.06034422144986571,0.06107126176357269,0.06034422144986571,0.06107126176357269,26000,0.0,0.0
2017-09-27 00:00:00+08:00,0.06107126176357269,0.06107126176357269,0.06107126176357269,0.06107126176357269,0,0.0,0.0
2017-09-28 00:00:00+08:00,0.06143478192042619,0.061798302077279675,0.06107126176357269,0.06107126176357269,101800,0.0,0.0
2017-09-29 00:00:00+08:00,0.06107126872765714,0.06216182932257652,0.06107126872765714,0.06216182932257652,163500,0.0,0.0
2017-10-02 00:00:00+08:00,0.06761461607211526,0.06834165099389508,0.06616053539483233,0.067978136241436,422900,0.0,0.0
2017-10-03 00:00:00+08:00,0.06652405112981796,0.06652405112981796,0.06652405112981796,0.06652405112981796,20000,0.0,0.0
2017-10-04 00:00:00+08:00,0.06470645582123254,0.06652405112981796,0.06470645582123254,0.06652405112981796,93400,0.0,0.0
2017-10-05 00:00:00+08:00,0.06361589467084149,0.06361589467084149,0.06325237452983856,0.06325237452983856,10600,0.0,0.0
2017-10-06 00:00:00+08:00,0.06325237452983856,0.06325237452983856,0.06325237452983856,0.06325237452983856,0,0.0,0.0
2017-10-09 00:00:00+08:00,0.06834165279473975,0.06834165279473975,0.06543350219726562,0.06543350219726562,28000,0.0,0.0
2017-10-10 00:00:00+08:00,0.06543350219726562,0.06543350219726562,0.06543350219726562,0.06543350219726562,0,0.0,0.0
2017-10-11 00:00:00+08:00,0.06870516685684153,0.07270388305187225,0.06616053124795337,0.07270388305187225,21100,0.0,0.0
2017-10-12 00:00:00+08:00,0.0781566744161842,0.0781566744161842,0.07270388305187225,0.07270388305187225,13200,0.0,0.0
2017-10-13 00:00:00+08:00,0.07270387426243294,0.07815666496753693,0.07270387426243294,0.07815666496753693,279300,0.0,0.0
2017-10-16 00:00:00+08:00,0.07815668655055928,0.08542707435946693,0.07452148993767438,0.08179187774658203,375000,0.0,0.0
2017-10-17 00:00:00+08:00,0.07997427303625489,0.08542706462585688,0.07997427303625489,0.08360946923494339,311400,0.0,0.0
2017-10-19 00:00:00+08:00,0.08360946923494339,0.08360946923494339,0.08360946923494339,0.08360946923494339,391300,0.0,0.0
2017-10-20 00:00:00+08:00,0.08360946923494339,0.08360946923494339,0.08360946923494339,0.08360946923494339,216000,0.0,0.0
2017-10-23 00:00:00+08:00,0.08542705698335881,0.08724465221166611,0.08360946175505152,0.08724465221166611,167500,0.0,0.0
2017-10-24 00:00:00+08:00,0.08724466364028872,0.08724466364028872,0.08542706817388535,0.08542706817388535,112000,0.0,0.0
2017-10-25 00:00:00+08:00,0.08542706817388535,0.08724466364028872,0.08542706817388535,0.08542706817388535,58600,0.0,0.0
2017-10-26 00:00:00+08:00,0.08724466364028872,0.08724466364028872,0.08542706817388535,0.08542706817388535,88900,0.0,0.0
2017-10-27 00:00:00+08:00,0.08542706817388535,0.08542706817388535,0.08360947270748197,0.08542706817388535,15000,0.0,0.0
2017-10-30 00:00:00+08:00,0.08724466364028872,0.08724466364028872,0.07997427635781344,0.08542706817388535,16400,0.0,0.0
2017-10-31 00:00:00+08:00,0.08542706817388535,0.08542706817388535,0.08360947270748197,0.08542706817388535,15000,0.0,0.0
2017-11-01 00:00:00+08:00,0.08724466364028872,0.08724466364028872,0.08542706817388535,0.08542706817388535,52800,0.0,0.0
2017-11-02 00:00:00+08:00,0.08724465783878835,0.08906225860118866,0.08360946714771054,0.08906225860118866,122000,0.0,0.0
2017-11-03 00:00:00+08:00,0.08360946923494339,0.08724466001677035,0.07452148144665288,0.08360946923494339,77000,0.0,0.0
2017-11-06 00:00:00+08:00,0.08360947876145557,0.08360947876145557,0.08179187774658203,0.08179187774658203,123700,0.0,0.0
2017-11-07 00:00:00+08:00,0.08360946714771054,0.08906225860118866,0.08360946714771054,0.08906225860118866,269200,0.0,0.0
2017-11-08 00:00:00+08:00,0.08906225285683446,0.08906225285683446,0.08542705698335881,0.08724465221166611,101200,0.0,0.0
2017-11-09 00:00:00+08:00,0.08724466364028872,0.08724466364028872,0.08542706817388535,0.08542706817388535,20300,0.0,0.0
2017-11-10 00:00:00+08:00,0.08724466364028872,0.08724466364028872,0.08360947270748197,0.08542706817388535,218600,0.0,0.0
2017-11-13 00:00:00+08:00,0.08542706817388535,0.08542706817388535,0.08542706817388535,0.08542706817388535,126900,0.0,0.0
2017-11-14 00:00:00+08:00,0.08542706462585688,0.08542706462585688,0.08360946923494339,0.08360946923494339,154000,0.0,0.0
2017-11-15 00:00:00+08:00,0.08360946923494339,0.08360946923494339,0.08360946923494339,0.08360946923494339,40000,0.0,0.0
2017-11-16 00:00:00+08:00,0.08360947876145557,0.08360947876145557,0.08179187774658203,0.08179187774658203,54900,0.0,0.0
2017-11-17 00:00:00+08:00,0.07997428214857066,0.08179187774658203,0.07997428214857066,0.08179187774658203,1300,0.0,0.0
2017-11-20 00:00:00+08:00,0.08179186110988315,0.08724465221166611,0.08179186110988315,0.08724465221166611,76900,0.0,0.0
2017-11-21 00:00:00+08:00,0.08724465221166611,0.08724465221166611,0.08724465221166611,0.08724465221166611,0,0.0,0.0
2017-11-22 00:00:00+08:00,0.08724466364028872,0.08724466364028872,0.08360947270748197,0.08542706817388535,143300,0.0,0.0
2017-11-23 00:00:00+08:00,0.08179186110988315,0.08724465221166611,0.08179186110988315,0.08724465221166611,19000,0.0,0.0
2017-11-24 00:00:00+08:00,0.08724465221166611,0.08724465221166611,0.08724465221166611,0.08724465221166611,0,0.0,0.0
2017-11-27 00:00:00+08:00,0.08542706462585688,0.08542706462585688,0.08360946923494339,0.08360946923494339,176900,0.0,0.0
2017-11-28 00:00:00+08:00,0.08360947876145557,0.08360947876145557,0.08179187774658203,0.08179187774658203,55000,0.0,0.0
2017-11-29 00:00:00+08:00,0.08179187774658203,0.08179187774658203,0.08179187774658203,0.08179187774658203,0,0.0,0.0
2017-11-30 00:00:00+08:00,0.08179187774658203,0.08179187774658203,0.08179187774658203,0.08179187774658203,0,0.0,0.0
2017-12-01 00:00:00+08:00,0.08179187774658203,0.08179187774658203,0.08179187774658203,0.08179187774658203,0,0.0,0.0
2017-12-04 00:00:00+08:00,0.08179187774658203,0.08179187774658203,0.08179187774658203,0.08179187774658203,0,0.0,0.0
2017-12-05 00:00:00+08:00,0.07997427303625489,0.08360946923494339,0.07997427303625489,0.08360946923494339,21900,0.0,0.0
2017-12-06 00:00:00+08:00,0.08360946923494339,0.08360946923494339,0.08360946923494339,0.08360946923494339,0,0.0,0.0
2017-12-07 00:00:00+08:00,0.07997427303625489,0.08360946923494339,0.0781566776453414,0.08360946923494339,23500,0.0,0.0
2017-12-08 00:00:00+08:00,0.07997428214857066,0.08360947876145557,0.07997428214857066,0.08179187774658203,42500,0.0,0.0
2017-12-11 00:00:00+08:00,0.08360946923494339,0.08360946923494339,0.0781566776453414,0.08360946923494339,25200,0.0,0.0
2017-12-12 00:00:00+08:00,0.07633906445459515,0.07815666496753693,0.07633906445459515,0.07815666496753693,23200,0.0,0.0
2017-12-13 00:00:00+08:00,0.07633907347917557,0.07633907347917557,0.07633907347917557,0.07633907347917557,17200,0.0,0.0
2017-12-14 00:00:00+08:00,0.07633907347917557,0.07633907347917557,0.07633907347917557,0.07633907347917557,0,0.0,0.0
2017-12-15 00:00:00+08:00,0.07815666496753693,0.07815666496753693,0.07633906445459515,0.07815666496753693,70000,0.0,0.0
2017-12-18 00:00:00+08:00,0.07815666496753693,0.07815666496753693,0.07815666496753693,0.07815666496753693,0,0.0,0.0
2017-12-19 00:00:00+08:00,0.07452146935851404,0.07815666496753693,0.07452146935851404,0.07815666496753693,54900,0.0,0.0
2017-12-20 00:00:00+08:00,0.07815666496753693,0.07815666496753693,0.07815666496753693,0.07815666496753693,0,0.0,0.0
2017-12-21 00:00:00+08:00,0.07633907000810021,0.08724465221166611,0.07633907000810021,0.08724465221166611,13300,0.0,0.0
2017-12-22 00:00:00+08:00,0.08724465221166611,0.08724465221166611,0.08724465221166611,0.08724465221166611,0,0.0,0.0
2017-12-26 00:00:00+08:00,0.08724465221166611,0.08724465221166611,0.08724465221166611,0.08724465221166611,0,0.0,0.0
2017-12-27 00:00:00+08:00,0.08724465221166611,0.08724465221166611,0.08724465221166611,0.08724465221166611,0,0.0,0.0
2017-12-28 00:00:00+08:00,0.08179186842716836,0.08542706462585688,0.07997427303625489,0.08360946923494339,121300,0.0,0.0
2017-12-29 00:00:00+08:00,0.08360947270748197,0.08542706817388535,0.08360947270748197,0.08542706817388535,5100,0.0,0.0
2018-01-02 00:00:00+08:00,0.08360946175505152,0.08724465221166611,0.08360946175505152,0.08724465221166611,342000,0.0,0.0
2018-01-03 00:00:00+08:00,0.08724466364028872,0.08724466364028872,0.08542706817388535,0.08542706817388535,366600,0.0,0.0
2018-01-04 00:00:00+08:00,0.08922382444143295,0.08922382444143295,0.08732544700361876,0.08922382444143295,54000,0.01,0.0
2018-01-05 00:00:00+08:00,0.08732543413711003,0.08732543413711003,0.08163029700517654,0.08163029700517654,220400,0.0,0.0
2018-01-08 00:00:00+08:00,0.08352867513895035,0.08352867513895035,0.08352867513895035,0.08352867513895035,24300,0.0,0.0
2018-01-09 00:00:00+08:00,0.0816303079499587,0.08352868536259601,0.07593517005443573,0.07593517005443573,30400,0.0,0.0
2018-01-10 00:00:00+08:00,0.07593517005443573,0.07593517005443573,0.07593517005443573,0.07593517005443573,0,0.0,0.0
2018-01-11 00:00:00+08:00,0.07973191418945859,0.08163029700517654,0.07973191418945859,0.08163029700517654,55100,0.0,0.0
2018-01-12 00:00:00+08:00,0.08352867513895035,0.08352867513895035,0.08352867513895035,0.08352867513895035,83800,0.0,0.0
2018-01-15 00:00:00+08:00,0.08352867513895035,0.08352867513895035,0.08352867513895035,0.08352867513895035,0,0.0,0.0
2018-01-16 00:00:00+08:00,0.08163029700517654,0.08542705132139207,0.08163029700517654,0.08163029700517654,15800,0.0,0.0
2018-01-17 00:00:00+08:00,0.08352867513895035,0.08352867513895035,0.08352867513895035,0.08352867513895035,21500,0.0,0.0
2018-01-18 00:00:00+08:00,0.08163029700517654,0.08163029700517654,0.08163029700517654,0.08163029700517654,30000,0.0,0.0
2018-01-19 00:00:00+08:00,0.07973191418945859,0.08163029700517654,0.07973191418945859,0.08163029700517654,69300,0.0,0.0
2018-01-22 00:00:00+08:00,0.08163029700517654,0.08163029700517654,0.08163029700517654,0.08163029700517654,200500,0.0,0.0
2018-01-23 00:00:00+08:00,0.08352867513895035,0.08542705231923231,0.08163029795866837,0.08352867513895035,112900,0.0,0.0
2018-01-24 00:00:00+08:00,0.08352867513895035,0.08352867513895035,0.08352867513895035,0.08352867513895035,72200,0.0,0.0
2018-01-25 00:00:00+08:00,0.08163029795866837,0.08352867513895035,0.08163029795866837,0.08352867513895035,22300,0.0,0.0
2018-01-26 00:00:00+08:00,0.08163029700517654,0.08163029700517654,0.08163029700517654,0.08163029700517654,82000,0.0,0.0
2018-01-29 00:00:00+08:00,0.08163029700517654,0.08163029700517654,0.08163029700517654,0.08163029700517654,5100,0.0,0.0
2018-01-30 00:00:00+08:00,0.08163029700517654,0.08163029700517654,0.08163029700517654,0.08163029700517654,0,0.0,0.0
2018-01-31 00:00:00+08:00,0.08163029700517654,0.08163029700517654,0.08163029700517654,0.08163029700517654,26300,0.0,0.0
2018-02-01 00:00:00+08:00,0.08352867513895035,0.08352867513895035,0.08352867513895035,0.08352867513895035,20000,0.0,0.0
2018-02-02 00:00:00+08:00,0.0816303202281148,0.08542707562446594,0.0816303202281148,0.08542707562446594,3400,0.0,0.0
2018-02-05 00:00:00+08:00,0.08542707562446594,0.08542707562446594,0.08542707562446594,0.08542707562446594,6500,0.0,0.0
2018-02-06 00:00:00+08:00,0.08542707562446594,0.08542707562446594,0.08542707562446594,0.08542707562446594,0,0.0,0.0
2018-02-07 00:00:00+08:00,0.08542707562446594,0.08542707562446594,0.08542707562446594,0.08542707562446594,0,0.0,0.0
2018-02-08 00:00:00+08:00,0.07973193687232742,0.08542707562446594,0.07973193687232742,0.08542707562446594,37000,0.0,0.0
2018-02-09 00:00:00+08:00,0.07973191887140274,0.07973191887140274,0.07973191887140274,0.07973191887140274,17000,0.0,0.0
2018-02-12 00:00:00+08:00,0.07973191887140274,0.07973191887140274,0.07973191887140274,0.07973191887140274,0,0.0,0.0
2018-02-13 00:00:00+08:00,0.07973191418945859,0.08163029700517654,0.07973191418945859,0.08163029700517654,69000,0.0,0.0
2018-02-14 00:00:00+08:00,0.08163029700517654,0.08163029700517654,0.08163029700517654,0.08163029700517654,0,0.0,0.0
2018-02-15 00:00:00+08:00,0.08163029700517654,0.08163029700517654,0.08163029700517654,0.08163029700517654,0,0.0,0.0
2018-02-19 00:00:00+08:00,0.07973191887140274,0.07973191887140274,0.07973191887140274,0.07973191887140274,38300,0.0,0.0
2018-02-20 00:00:00+08:00,0.07973191887140274,0.07973191887140274,0.07973191887140274,0.07973191887140274,7300,0.0,0.0
2018-02-21 00:00:00+08:00,0.07973191887140274,0.07973191887140274,0.07973191887140274,0.07973191887140274,0,0.0,0.0
2018-02-22 00:00:00+08:00,0.08352869792629038,0.08542707562446594,0.07973193687232742,0.08542707562446594,48300,0.0,0.0
2018-02-23 00:00:00+08:00,0.07973191512077614,0.08352867513895035,0.07973191512077614,0.08352867513895035,51300,0.0,0.0
2018-02-26 00:00:00+08:00,0.08163029700517654,0.08163029700517654,0.08163029700517654,0.08163029700517654,42500,0.0,0.0
2018-02-27 00:00:00+08:00,0.08163029700517654,0.08163029700517654,0.08163029700517654,0.08163029700517654,0,0.0,0.0
2018-02-28 00:00:00+08:00,0.08163029700517654,0.08163029700517654,0.08163029700517654,0.08163029700517654,41700,0.0,0.0
2018-03-01 00:00:00+08:00,0.08163029700517654,0.08163029700517654,0.08163029700517654,0.08163029700517654,0,0.0,0.0
2018-03-02 00:00:00+08:00,0.08163029700517654,0.08163029700517654,0.08163029700517654,0.08163029700517654,0,0.0,0.0
2018-03-05 00:00:00+08:00,0.08163029700517654,0.08163029700517654,0.08163029700517654,0.08163029700517654,0,0.0,0.0
2018-03-06 00:00:00+08:00,0.07783354160182022,0.07973191887140274,0.0759351643322377,0.07973191887140274,25000,0.0,0.0
2018-03-07 00:00:00+08:00,0.07973191887140274,0.07973191887140274,0.07973191887140274,0.07973191887140274,0,0.0,0.0
2018-03-08 00:00:00+08:00,0.07973191887140274,0.07973191887140274,0.07973191887140274,0.07973191887140274,0,0.0,0.0
2018-03-09 00:00:00+08:00,0.07593517254429608,0.07593517254429608,0.07555549591779709,0.07555549591779709,8000,0.0,0.0
2018-03-12 00:00:00+08:00,0.07555549591779709,0.07555549591779709,0.07555549591779709,0.07555549591779709,0,0.0,0.0
2018-03-13 00:00:00+08:00,0.07555549591779709,0.07555549591779709,0.07555549591779709,0.07555549591779709,0,0.0,0.0
2018-03-14 00:00:00+08:00,0.07555549591779709,0.07555549591779709,0.07555549591779709,0.07555549591779709,0,0.0,0.0
2018-03-15 00:00:00+08:00,0.07555549591779709,0.07555549591779709,0.07555549591779709,0.07555549591779709,0,0.0,0.0
2018-03-16 00:00:00+08:00,0.07555549591779709,0.07555549591779709,0.07555549591779709,0.07555549591779709,0,0.0,0.0
2018-03-19 00:00:00+08:00,0.07479614019393921,0.07479614019393921,0.07479614019393921,0.07479614019393921,20000,0.0,0.0
2018-03-20 00:00:00+08:00,0.07479614019393921,0.07479614019393921,0.07479614019393921,0.07479614019393921,0,0.0,0.0
2018-03-21 00:00:00+08:00,0.07783353703135082,0.08163029700517654,0.07593515987324306,0.08163029700517654,10000,0.0,0.0
2018-03-22 00:00:00+08:00,0.08163029700517654,0.08163029700517654,0.08163029700517654,0.08163029700517654,0,0.0,0.0
2018-03-23 00:00:00+08:00,0.08352867513895035,0.08352867513895035,0.08352867513895035,0.08352867513895035,300,0.0,0.0
2018-03-26 00:00:00+08:00,0.08352867513895035,0.08352867513895035,0.08352867513895035,0.08352867513895035,0,0.0,0.0
2018-03-27 00:00:00+08:00,0.07327744364738464,0.07327744364738464,0.07289776701139875,0.07327744364738464,2600,0.0,0.0
2018-03-28 00:00:00+08:00,0.07251808791471537,0.07365711778402328,0.07251808791471537,0.07365711778402328,59000,0.0,0.0
2018-03-29 00:00:00+08:00,0.07365711778402328,0.07365711778402328,0.07365711778402328,0.07365711778402328,0,0.0,0.0
2018-04-02 00:00:00+08:00,0.07099938953579234,0.07213841378688812,0.07061971289955664,0.07213841378688812,16300,0.0,0.0
2018-04-03 00:00:00+08:00,0.07517581929129812,0.07555549591779709,0.07517581929129812,0.07555549591779709,9000,0.0,0.0
2018-04-04 00:00:00+08:00,0.07555549591779709,0.07555549591779709,0.07555549591779709,0.07555549591779709,0,0.0,0.0
2018-04-05 00:00:00+08:00,0.07555549591779709,0.07555549591779709,0.07555549591779709,0.07555549591779709,0,0.0,0.0
2018-04-06 00:00:00+08:00,0.07555549591779709,0.07555549591779709,0.07555549591779709,0.07555549591779709,0,0.0,0.0
2018-04-09 00:00:00+08:00,0.07555549591779709,0.07555549591779709,0.07555549591779709,0.07555549591779709,0,0.0,0.0
2018-04-10 00:00:00+08:00,0.07555549591779709,0.07555549591779709,0.07555549591779709,0.07555549591779709,0,0.0,0.0
2018-04-11 00:00:00+08:00,0.07783353703135082,0.08163029700517654,0.07024002274130958,0.08163029700517654,10500,0.0,0.0
2018-04-12 00:00:00+08:00,0.07593517005443573,0.07593517005443573,0.07593517005443573,0.07593517005443573,68000,0.0,0.0
2018-04-13 00:00:00+08:00,0.07593517005443573,0.07593517005443573,0.07593517005443573,0.07593517005443573,0,0.0,0.0
2018-04-16 00:00:00+08:00,0.07593517005443573,0.07593517005443573,0.07251808618559977,0.07593517005443573,211300,0.0,0.0
2018-04-17 00:00:00+08:00,0.07593517075798352,0.07973192561843553,0.07593517075798352,0.07783354818820953,48800,0.0,0.0
2018-04-18 00:00:00+08:00,0.07783354818820953,0.07783354818820953,0.07783354818820953,0.07783354818820953,10200,0.0,0.0
2018-04-19 00:00:00+08:00,0.07973192561843553,0.07973192561843553,0.07783354818820953,0.07783354818820953,52900,0.0,0.0
2018-04-20 00:00:00+08:00,0.08163030870627257,0.08163030870627257,0.07783354818820953,0.07783354818820953,44000,0.0,0.0
2018-04-23 00:00:00+08:00,0.07783354818820953,0.07783354818820953,0.07783354818820953,0.07783354818820953,0,0.0,0.0
2018-04-24 00:00:00+08:00,0.0797319248797104,0.0797319248797104,0.07593517005443573,0.07593517005443573,10900,0.0,0.0
2018-04-25 00:00:00+08:00,0.07593517005443573,0.07593517005443573,0.07593517005443573,0.07593517005443573,6000,0.0,0.0
2018-04-26 00:00:00+08:00,0.07593517005443573,0.07593517005443573,0.07593517005443573,0.07593517005443573,34300,0.0,0.0
2018-04-27 00:00:00+08:00,0.07593517005443573,0.07593517005443573,0.07593517005443573,0.07593517005443573,0,0.0,0.0
2018-04-30 00:00:00+08:00,0.07213840957155011,0.07783354746707306,0.0709993853870121,0.07593517005443573,12600,0.0,0.0
2018-05-02 00:00:00+08:00,0.07973191887140274,0.07973191887140274,0.07973191887140274,0.07973191887140274,5100,0.0,0.0
2018-05-03 00:00:00+08:00,0.07973191887140274,0.07973191887140274,0.07973191887140274,0.07973191887140274,0,0.0,0.0
2018-05-04 00:00:00+08:00,0.07593517254429608,0.07593517254429608,0.07403678941180115,0.07555549591779709,49300,0.0,0.0
2018-05-07 00:00:00+08:00,0.07555549591779709,0.07555549591779709,0.07555549591779709,0.07555549591779709,0,0.0,0.0
2018-05-08 00:00:00+08:00,0.07441646357998269,0.07479614019393921,0.07441646357998269,0.07479614019393921,35400,0.0,0.0
2018-05-09 00:00:00+08:00,0.07479614019393921,0.07479614019393921,0.07479614019393921,0.07479614019393921,0,0.0,0.0
2018-05-10 00:00:00+08:00,0.07441645799048326,0.07973191887140274,0.07441645799048326,0.07973191887140274,20700,0.0,0.0
2018-05-11 00:00:00+08:00,0.07479614021228675,0.07593517005443573,0.0744164635982371,0.07593517005443573,23300,0.0,0.0
2018-05-14 00:00:00+08:00,0.07593517005443573,0.07593517005443573,0.07593517005443573,0.07593517005443573,0,0.0,0.0
2018-05-15 00:00:00+08:00,0.07593517005443573,0.07593517005443573,0.07593517005443573,0.07593517005443573,0,0.0,0.0
2018-05-16 00:00:00+08:00,0.07555549591779709,0.07555549591779709,0.07555549591779709,0.07555549591779709,8000,0.0,0.0
2018-05-17 00:00:00+08:00,0.07555549591779709,0.07555549591779709,0.07555549591779709,0.07555549591779709,0,0.0,0.0
2018-05-18 00:00:00+08:00,0.07593515987324306,0.08163029700517654,0.07555548331009947,0.08163029700517654,10900,0.0,0.0
2018-05-21 00:00:00+08:00,0.08163029700517654,0.08163029700517654,0.08163029700517654,0.08163029700517654,0,0.0,0.0
2018-05-22 00:00:00+08:00,0.07517581680789573,0.07517581680789573,0.07479614019393921,0.07479614019393921,27400,0.0,0.0
2018-05-23 00:00:00+08:00,0.07479614019393921,0.07479614019393921,0.07479614019393921,0.07479614019393921,0,0.0,0.0
2018-05-24 00:00:00+08:00,0.07479614019393921,0.07479614019393921,0.07479614019393921,0.07479614019393921,0,0.0,0.0
2018-05-25 00:00:00+08:00,0.07479614019393921,0.07479614019393921,0.07479614019393921,0.07479614019393921,0,0.0,0.0
2018-05-28 00:00:00+08:00,0.07479614019393921,0.07479614019393921,0.07479614019393921,0.07479614019393921,0,0.0,0.0
2018-05-30 00:00:00+08:00,0.07327744364738464,0.07327744364738464,0.07327744364738464,0.07327744364738464,1000,0.0,0.0
2018-05-31 00:00:00+08:00,0.07327744364738464,0.07327744364738464,0.07327744364738464,0.07327744364738464,0,0.0,0.0
2018-06-01 00:00:00+08:00,0.07327744364738464,0.07327744364738464,0.07327744364738464,0.07327744364738464,0,0.0,0.0
2018-06-04 00:00:00+08:00,0.07327744364738464,0.07327744364738464,0.07327744364738464,0.07327744364738464,0,0.0,0.0
2018-06-05 00:00:00+08:00,0.07327744364738464,0.07327744364738464,0.07327744364738464,0.07327744364738464,0,0.0,0.0
2018-06-06 00:00:00+08:00,0.07327744364738464,0.07327744364738464,0.07327744364738464,0.07327744364738464,0,0.0,0.0
2018-06-07 00:00:00+08:00,0.07327744364738464,0.07327744364738464,0.07327744364738464,0.07327744364738464,0,0.0,0.0
2018-06-08 00:00:00+08:00,0.07327743692537854,0.0816303051779954,0.07327743692537854,0.07403678447008133,19500,0.0,0.0
2018-06-11 00:00:00+08:00,0.07403678447008133,0.07403678447008133,0.07403678447008133,0.07403678447008133,0,0.0,0.0
2018-06-12 00:00:00+08:00,0.08163029700517654,0.08163029700517654,0.07365710615199171,0.08163029700517654,5100,0.0,0.0
2018-06-13 00:00:00+08:00,0.0740367770575251,0.08163029700517654,0.07365710615199171,0.08163029700517654,39600,0.0,0.0
2018-06-14 00:00:00+08:00,0.08163029700517654,0.08163029700517654,0.08163029700517654,0.08163029700517654,0,0.0,0.0
2018-06-18 00:00:00+08:00,0.07251807646256093,0.08163029700517654,0.07024002274130958,0.08163029700517654,58400,0.0,0.0
2018-06-19 00:00:00+08:00,0.0732774411698243,0.07973192679052012,0.07251808792352676,0.07251808792352676,15800,0.0,0.0
2018-06-20 00:00:00+08:00,0.07251808792352676,0.07251808792352676,0.07251808792352676,0.07251808792352676,0,0.0,0.0
2018-06-21 00:00:00+08:00,0.07251808792352676,0.07251808792352676,0.07251808792352676,0.07251808792352676,0,0.0,0.0
2018-06-22 00:00:00+08:00,0.07251808792352676,0.07251808792352676,0.07251808792352676,0.07251808792352676,0,0.0,0.0
2018-06-25 00:00:00+08:00,0.07251807646256093,0.08163029700517654,0.07213839989941734,0.08163029700517654,13700,0.0,0.0
2018-06-26 00:00:00+08:00,0.07251807646256093,0.0835286741632843,0.07061969930445317,0.08163029700517654,64200,0.0,0.0
2018-06-27 00:00:00+08:00,0.08163029700517654,0.08163029700517654,0.08163029700517654,0.08163029700517654,0,0.0,0.0
2018-06-28 00:00:00+08:00,0.0736571203318309,0.07593517449163377,0.06948068299084957,0.07213841378688812,112000,0.0,0.0
2018-06-29 00:00:00+08:00,0.0721384095538545,0.07479614019393921,0.0721384095538545,0.07479614019393921,21600,0.0,0.0
2018-07-02 00:00:00+08:00,0.06872132342123793,0.07517581433057785,0.06834165247740392,0.07517581433057785,47900,0.0,0.0
2018-07-03 00:00:00+08:00,0.07517581433057785,0.07517581433057785,0.07517581433057785,0.07517581433057785,0,0.0,0.0
2018-07-04 00:00:00+08:00,0.07517581433057785,0.07517581433057785,0.07517581433057785,0.07517581433057785,0,0.0,0.0
2018-07-05 00:00:00+08:00,0.07517581433057785,0.07517581433057785,0.07517581433057785,0.07517581433057785,0,0.0,0.0
2018-07-06 00:00:00+08:00,0.07517581433057785,0.07517581433057785,0.07517581433057785,0.07517581433057785,0,0.0,0.0
2018-07-09 00:00:00+08:00,0.07517581433057785,0.07517581433057785,0.07517581433057785,0.07517581433057785,0,0.0,0.0
2018-07-10 00:00:00+08:00,0.07403678698418745,0.07593517005443573,0.06834165474627545,0.07593517005443573,56200,0.0,0.0
2018-07-11 00:00:00+08:00,0.06986035962708526,0.0740367913104553,0.06492457467124382,0.07213841378688812,72000,0.0,0.0
2018-07-12 00:00:00+08:00,0.07213841378688812,0.07213841378688812,0.07213841378688812,0.07213841378688812,20000,0.0,0.0
2018-07-13 00:00:00+08:00,0.07213841378688812,0.07213841378688812,0.07213841378688812,0.07213841378688812,0,0.0,0.0
2018-07-16 00:00:00+08:00,0.07213841378688812,0.07213841378688812,0.07213841378688812,0.07213841378688812,0,0.0,0.0
2018-07-17 00:00:00+08:00,0.07213841378688812,0.07213841378688812,0.07213841378688812,0.07213841378688812,1800,0.0,0.0
2018-07-18 00:00:00+08:00,0.07137905806303024,0.07137905806303024,0.06644327327669955,0.07137905806303024,122300,0.0,0.0
2018-07-19 00:00:00+08:00,0.07137906291473257,0.072897769510746,0.07137906291473257,0.072897769510746,9300,0.0,0.0
2018-07-20 00:00:00+08:00,0.072897769510746,0.072897769510746,0.072897769510746,0.072897769510746,0,0.0,0.0
2018-07-23 00:00:00+08:00,0.072897769510746,0.072897769510746,0.072897769510746,0.072897769510746,0,0.0,0.0
2018-07-24 00:00:00+08:00,0.07213841378688812,0.07213841378688812,0.07213841378688812,0.07213841378688812,100,0.0,0.0
2018-07-25 00:00:00+08:00,0.07213841378688812,0.07213841378688812,0.07213841378688812,0.07213841378688812,0,0.0,0.0
2018-07-26 00:00:00+08:00,0.07213841378688812,0.07213841378688812,0.07213841378688812,0.07213841378688812,0,0.0,0.0
2018-07-27 00:00:00+08:00,0.07213841378688812,0.07213841378688812,0.07213841378688812,0.07213841378688812,0,0.0,0.0
2018-07-30 00:00:00+08:00,0.06834165639268143,0.07137905806303024,0.06834165639268143,0.07137905806303024,20000,0.0,0.0
2018-07-31 00:00:00+08:00,0.07137905806303024,0.07137905806303024,0.07137905806303024,0.07137905806303024,0,0.0,0.0
2018-08-01 00:00:00+08:00,0.07365711778402328,0.07365711778402328,0.06872132734130008,0.07365711778402328,3500,0.0,0.0
2018-08-02 00:00:00+08:00,0.07365711778402328,0.07365711778402328,0.07365711778402328,0.07365711778402328,0,0.0,0.0
2018-08-03 00:00:00+08:00,0.07213841378688812,0.07213841378688812,0.07213841378688812,0.07213841378688812,400,0.0,0.0
2018-08-06 00:00:00+08:00,0.07213841378688812,0.07213841378688812,0.07213841378688812,0.07213841378688812,0,0.0,0.0
2018-08-07 00:00:00+08:00,0.07213841378688812,0.07213841378688812,0.07213841378688812,0.07213841378688812,0,0.0,0.0
2018-08-08 00:00:00+08:00,0.07137905806303024,0.07137905806303024,0.07137905806303024,0.07137905806303024,3000,0.0,0.0
2018-08-10 00:00:00+08:00,0.07137905806303024,0.07137905806303024,0.07137905806303024,0.07137905806303024,0,0.0,0.0
2018-08-13 00:00:00+08:00,0.07137905806303024,0.07137905806303024,0.07137905806303024,0.07137905806303024,0,0.0,0.0
2018-08-14 00:00:00+08:00,0.06910100876163326,0.07213841629971059,0.06834166112032254,0.07175873965024948,44700,0.0,0.0
2018-08-15 00:00:00+08:00,0.07175873965024948,0.07175873965024948,0.07175873965024948,0.07175873965024948,0,0.0,0.0
2018-08-16 00:00:00+08:00,0.07175873965024948,0.07175873965024948,0.07175873965024948,0.07175873965024948,0,0.0,0.0
2018-08-17 00:00:00+08:00,0.07175873965024948,0.07175873965024948,0.07175873965024948,0.07175873965024948,0,0.0,0.0
2018-08-20 00:00:00+08:00,0.07175873965024948,0.07175873965024948,0.07175873965024948,0.07175873965024948,0,0.0,0.0
2018-08-21 00:00:00+08:00,0.07175873965024948,0.07175873965024948,0.07175873965024948,0.07175873965024948,0,0.0,0.0
2018-08-23 00:00:00+08:00,0.08163030325453972,0.08163030325453972,0.0691009983420372,0.0691009983420372,14800,0.0,0.0
2018-08-24 00:00:00+08:00,0.06834165573026629,0.07555549452824258,0.06644327263268486,0.07061970978975296,101300,0.0,0.0
2018-08-27 00:00:00+08:00,0.06758229771149789,0.07024002820253372,0.05922942964572659,0.07024002820253372,41000,0.0,0.0
2018-08-28 00:00:00+08:00,0.06264650884327651,0.06986034661531448,0.058849748845692704,0.06986034661531448,33800,0.0,0.0
2018-08-29 00:00:00+08:00,0.062266834454459075,0.06948067247867584,0.062266834454459075,0.06948067247867584,20400,0.0,0.0
2018-08-30 00:00:00+08:00,0.06948067247867584,0.06948067247867584,0.06948067247867584,0.06948067247867584,0,0.0,0.0
2018-08-31 00:00:00+08:00,0.06644327437206249,0.06834165751934052,0.06644327437206249,0.06834165751934052,21000,0.0,0.0
2018-09-03 00:00:00+08:00,0.062266842763273204,0.06834165751934052,0.062266842763273204,0.06834165751934052,4000,0.0,0.0
2018-09-04 00:00:00+08:00,0.06454489581832876,0.072138411309423,0.06454489581832876,0.07137905806303024,2800,0.0,0.0
2018-09-05 00:00:00+08:00,0.07137905806303024,0.07137905806303024,0.07137905806303024,0.07137905806303024,0,0.0,0.0
2018-09-06 00:00:00+08:00,0.07137905806303024,0.07137905806303024,0.07137905806303024,0.07137905806303024,0,0.0,0.0
2018-09-07 00:00:00+08:00,0.07024003071391392,0.0709993839263916,0.07024003071391392,0.0709993839263916,2000,0.0,0.0
2018-09-10 00:00:00+08:00,0.072138411309423,0.072138411309423,0.06264651835995798,0.07137905806303024,7600,0.0,0.0
2018-09-11 00:00:00+08:00,0.07137905806303024,0.07137905806303024,0.07137905806303024,0.07137905806303024,0,0.0,0.0
2018-09-12 00:00:00+08:00,0.07137905806303024,0.07137905806303024,0.07137905806303024,0.07137905806303024,0,0.0,0.0
2018-09-13 00:00:00+08:00,0.07137905806303024,0.07137905806303024,0.07137905806303024,0.07137905806303024,0,0.0,0.0
2018-09-14 00:00:00+08:00,0.07137905806303024,0.07137905806303024,0.07137905806303024,0.07137905806303024,0,0.0,0.0
2018-09-17 00:00:00+08:00,0.06606359665350317,0.07137905806303024,0.06568392003030679,0.07137905806303024,5200,0.0,0.0
2018-09-18 00:00:00+08:00,0.07137905806303024,0.07137905806303024,0.07137905806303024,0.07137905806303024,0,0.0,0.0
2018-09-19 00:00:00+08:00,0.06264651566743851,0.06264651566743851,0.06264651566743851,0.06264651566743851,10300,0.0,0.0
2018-09-20 00:00:00+08:00,0.06112781287490639,0.06834165751934052,0.06074813624545078,0.06834165751934052,61800,0.0,0.0
2018-09-21 00:00:00+08:00,0.06834165751934052,0.06834165751934052,0.06834165751934052,0.06834165751934052,0,0.0,0.0
2018-09-24 00:00:00+08:00,0.06834165751934052,0.06834165751934052,0.06834165751934052,0.06834165751934052,0,0.0,0.0
2018-09-25 00:00:00+08:00,0.06074813627064426,0.067202627658844,0.059609112039416254,0.067202627658844,6500,0.0,0.0
2018-09-26 00:00:00+08:00,0.067202627658844,0.067202627658844,0.067202627658844,0.067202627658844,0,0.0,0.0
2018-09-27 00:00:00+08:00,0.067202627658844,0.067202627658844,0.067202627658844,0.067202627658844,0,0.0,0.0
2018-09-28 00:00:00+08:00,0.067202627658844,0.067202627658844,0.067202627658844,0.067202627658844,0,0.0,0.0
2018-10-01 00:00:00+08:00,0.06834165751934052,0.06834165751934052,0.06834165751934052,0.06834165751934052,54700,0.0,0.0
2018-10-02 00:00:00+08:00,0.0709993839263916,0.0709993839263916,0.0709993839263916,0.0709993839263916,200,0.0,0.0
2018-10-03 00:00:00+08:00,0.06834165425691101,0.07061970826728586,0.06340586396721944,0.06454489380121231,64800,0.0,0.0
2018-10-04 00:00:00+08:00,0.06492457289919737,0.06834165687444167,0.06492457289919737,0.06530424952507019,58300,0.0,0.0
2018-10-05 00:00:00+08:00,0.06530424952507019,0.06530424952507019,0.06530424952507019,0.06530424952507019,0,0.0,0.0
2018-10-08 00:00:00+08:00,0.06834165089682545,0.07024002820253372,0.06834165089682545,0.07024002820253372,7500,0.0,0.0
2018-10-09 00:00:00+08:00,0.07099938953579234,0.0728977670593595,0.06644327555857531,0.07213841378688812,20400,0.0,0.0
2018-10-10 00:00:00+08:00,0.0702400298270171,0.0702400298270171,0.06682294607162476,0.06682294607162476,69400,0.0,0.0
2018-10-11 00:00:00+08:00,0.06682294607162476,0.06682294607162476,0.06682294607162476,0.06682294607162476,0,0.0,0.0
2018-10-12 00:00:00+08:00,0.06834165639268143,0.07137905806303024,0.06834165639268143,0.07137905806303024,46200,0.0,0.0
2018-10-15 00:00:00+08:00,0.06682294855051554,0.06682294855051554,0.06644327193498611,0.06644327193498611,27200,0.0,0.0
2018-10-16 00:00:00+08:00,0.06492456786668302,0.06910099911233308,0.06378553807735443,0.06378553807735443,15000,0.0,0.0
2018-10-17 00:00:00+08:00,0.06492457351185126,0.07024003500900736,0.06492457351185126,0.06834165751934052,10200,0.0,0.0
2018-10-18 00:00:00+08:00,0.06834165751934052,0.06834165751934052,0.06834165751934052,0.06834165751934052,0,0.0,0.0
2018-10-19 00:00:00+08:00,0.06834165751934052,0.06834165751934052,0.06834165751934052,0.06834165751934052,0,0.0,0.0
2018-10-22 00:00:00+08:00,0.06150748501744753,0.06796197593212128,0.06112780841568898,0.06796197593212128,4200,0.0,0.0
2018-10-23 00:00:00+08:00,0.06340586702032452,0.067202627658844,0.06074813627064426,0.067202627658844,40600,0.0,0.0
2018-10-24 00:00:00+08:00,0.06644327193498611,0.06644327193498611,0.06644327193498611,0.06644327193498611,10000,0.0,0.0
2018-10-25 00:00:00+08:00,0.06644327193498611,0.06644327193498611,0.06644327193498611,0.06644327193498611,0,0.0,0.0
2018-10-26 00:00:00+08:00,0.06226684047938438,0.06644327193498611,0.061507487248325526,0.06644327193498611,11000,0.0,0.0
2018-10-29 00:00:00+08:00,0.06644327193498611,0.06644327193498611,0.06644327193498611,0.06644327193498611,0,0.0,0.0
2018-10-30 00:00:00+08:00,0.06644327193498611,0.06644327193498611,0.06644327193498611,0.06644327193498611,0,0.0,0.0
2018-10-31 00:00:00+08:00,0.06644327193498611,0.06644327193498611,0.06644327193498611,0.06644327193498611,0,0.0,0.0
2018-11-01 00:00:00+08:00,0.06644327193498611,0.06644327193498611,0.06644327193498611,0.06644327193498611,0,0.0,0.0
2018-11-02 00:00:00+08:00,0.06644327193498611,0.06644327193498611,0.06644327193498611,0.06644327193498611,0,0.0,0.0
2018-11-05 00:00:00+08:00,0.06112780923992633,0.06264651566743851,0.060748132633048284,0.06264651566743851,179100,0.0,0.0
2018-11-07 00:00:00+08:00,0.06454489380121231,0.06454489380121231,0.06150748656817554,0.06454489380121231,15900,0.0,0.0
2018-11-08 00:00:00+08:00,0.06112780995684458,0.06454489380121231,0.06112780995684458,0.06454489380121231,19400,0.0,0.0
2018-11-09 00:00:00+08:00,0.06454488879588086,0.06454488879588086,0.06150748179838913,0.06416521221399307,11000,0.0,0.0
2018-11-12 00:00:00+08:00,0.061887163668870926,0.06340586446859278,0.061887163668870926,0.061887163668870926,24200,0.0,0.0
2018-11-13 00:00:00+08:00,0.061887163668870926,0.061887163668870926,0.061887163668870926,0.061887163668870926,5100,0.0,0.0
2018-11-14 00:00:00+08:00,0.06378554625376678,0.06378554625376678,0.06112781539559364,0.06112781539559364,6700,0.0,0.0
2018-11-15 00:00:00+08:00,0.06112781539559364,0.06112781539559364,0.06112781539559364,0.06112781539559364,0,0.0,0.0
2018-11-16 00:00:00+08:00,0.06340585649013519,0.06340585649013519,0.06340585649013519,0.06340585649013519,100,0.0,0.0
2018-11-19 00:00:00+08:00,0.06340585649013519,0.06340585649013519,0.06340585649013519,0.06340585649013519,0,0.0,0.0
2018-11-20 00:00:00+08:00,0.06340585649013519,0.06340585649013519,0.06340585649013519,0.06340585649013519,0,0.0,0.0
2018-11-21 00:00:00+08:00,0.06340585649013519,0.06340585649013519,0.06340585649013519,0.06340585649013519,0,0.0,0.0
2018-11-22 00:00:00+08:00,0.05733104473771102,0.05733104473771102,0.0569513738155365,0.0569513738155365,62700,0.0,0.0
2018-11-23 00:00:00+08:00,0.06226683780550957,0.06226683780550957,0.06226683780550957,0.06226683780550957,100,0.0,0.0
2018-11-26 00:00:00+08:00,0.06226683780550957,0.06226683780550957,0.06226683780550957,0.06226683780550957,0,0.0,0.0
2018-11-27 00:00:00+08:00,0.06226683780550957,0.06226683780550957,0.06226683780550957,0.06226683780550957,0,0.0,0.0
2018-11-28 00:00:00+08:00,0.06226683780550957,0.06226683780550957,0.06226683780550957,0.06226683780550957,0,0.0,0.0
2018-11-29 00:00:00+08:00,0.06150748953223229,0.06150748953223229,0.06150748953223229,0.061507489532232285,100,0.0,0.0
2018-11-30 00:00:00+08:00,0.06150748953223229,0.06150748953223229,0.06150748953223229,0.061507489532232285,0,0.0,0.0
2018-12-03 00:00:00+08:00,0.061887163668870926,0.061887163668870926,0.061887163668870926,0.061887163668870926,300,0.0,0.0
2018-12-04 00:00:00+08:00,0.061887163668870926,0.061887163668870926,0.061887163668870926,0.061887163668870926,0,0.0,0.0
2018-12-05 00:00:00+08:00,0.06226683919764533,0.06226683919764533,0.05429364740848541,0.05429364740848541,13300,0.0,0.0
2018-12-06 00:00:00+08:00,0.05429364740848541,0.05429364740848541,0.05429364740848541,0.05429364740848541,0,0.0,0.0
2018-12-07 00:00:00+08:00,0.05429364740848541,0.05429364740848541,0.05429364740848541,0.05429364740848541,7000,0.0,0.0
2018-12-10 00:00:00+08:00,0.06188716245368242,0.06340586322358374,0.06188716245368242,0.06264651566743851,66200,0.0,0.0
2018-12-11 00:00:00+08:00,0.06264651566743851,0.06264651566743851,0.06264651566743851,0.06264651566743851,0,0.0,0.0
2018-12-12 00:00:00+08:00,0.06264651566743851,0.06264651566743851,0.06264651566743851,0.06264651566743851,0,0.0,0.0
2018-12-13 00:00:00+08:00,0.06264651566743851,0.06264651566743851,0.06264651566743851,0.06264651566743851,0,0.0,0.0
2018-12-14 00:00:00+08:00,0.05733105345371338,0.0607481375336647,0.055432675923789886,0.0607481375336647,68400,0.0,0.0
2018-12-17 00:00:00+08:00,0.06264651640216842,0.06530424702387425,0.06264651640216842,0.06454489380121231,85500,0.0,0.0
2018-12-18 00:00:00+08:00,0.06796197764558005,0.06796197764558005,0.05922943255780069,0.06454489380121231,41700,0.0,0.0
2018-12-19 00:00:00+08:00,0.06454489380121231,0.06454489380121231,0.06454489380121231,0.06454489380121231,0,0.0,0.0
2018-12-20 00:00:00+08:00,0.06454489825112299,0.06454489825112299,0.0607481375336647,0.0607481375336647,26300,0.0,0.0
2018-12-21 00:00:00+08:00,0.0607481356722074,0.06606359711920472,0.0607481356722074,0.06530424952507019,53100,0.0,0.0
2018-12-24 00:00:00+08:00,0.06530424952507019,0.06530424952507019,0.06530424952507019,0.06530424952507019,5000,0.0,0.0
2018-12-26 00:00:00+08:00,0.06644327711193992,0.06644327711193992,0.06112781539559364,0.06112781539559364,47700,0.0,0.0
2018-12-27 00:00:00+08:00,0.06112781539559364,0.06112781539559364,0.06112781539559364,0.06112781539559364,0,0.0,0.0
2018-12-28 00:00:00+08:00,0.06112781539559364,0.06112781539559364,0.06112781539559364,0.06112781539559364,31700,0.0,0.0
2018-12-31 00:00:00+08:00,0.0607481375336647,0.0607481375336647,0.0607481375336647,0.0607481375336647,16800,0.0,0.0
2019-01-01 00:00:00+08:00,0.0607481375336647,0.0607481375336647,0.0607481375336647,0.0607481375336647,0,0.0,0.0
2019-01-02 00:00:00+08:00,0.0607481375336647,0.0607481375336647,0.0607481375336647,0.0607481375336647,0,0.0,0.0
2019-01-03 00:00:00+08:00,0.0607481375336647,0.0607481375336647,0.0607481375336647,0.0607481375336647,0,0.0,0.0
2019-01-04 00:00:00+08:00,0.06340585649013519,0.06340585649013519,0.05922942557321868,0.06340585649013519,15400,0.0,0.0
2019-01-07 00:00:00+08:00,0.06340585649013519,0.06340585649013519,0.06340585649013519,0.06340585649013519,0,0.0,0.0
2019-01-08 00:00:00+08:00,0.06036845273839645,0.06036845273839645,0.059988781809806824,0.059988781809806824,5100,0.0,0.0
2019-01-09 00:00:00+08:00,0.05998878625481588,0.061887163668870926,0.058849756411816265,0.061887163668870926,58300,0.0,0.0
2019-01-10 00:00:00+08:00,0.06340585649013519,0.06340585649013519,0.06340585649013519,0.06340585649013519,35000,0.0,0.0
2019-01-11 00:00:00+08:00,0.06340586446859278,0.06340586446859278,0.061887163668870926,0.061887163668870926,40000,0.0,0.0
2019-01-14 00:00:00+08:00,0.061887163668870926,0.061887163668870926,0.061887163668870926,0.061887163668870926,0,0.0,0.0
2019-01-15 00:00:00+08:00,0.061887163668870926,0.061887163668870926,0.061887163668870926,0.061887163668870926,0,0.0,0.0
2019-01-16 00:00:00+08:00,0.061887163668870926,0.061887163668870926,0.061887163668870926,0.061887163668870926,0,0.0,0.0
2019-01-17 00:00:00+08:00,0.061887163668870926,0.061887163668870926,0.061887163668870926,0.061887163668870926,0,0.0,0.0
2019-01-18 00:00:00+08:00,0.06454489380121231,0.06454489380121231,0.06454489380121231,0.06454489380121231,100,0.0,0.0
2019-01-21 00:00:00+08:00,0.06074813875048156,0.06416522289887887,0.06036846210536948,0.06112781539559364,64900,0.0,0.0
2019-01-22 00:00:00+08:00,0.06112781539559364,0.06112781539559364,0.06112781539559364,0.06112781539559364,0,0.0,0.0
2019-01-23 00:00:00+08:00,0.06264651394563656,0.06378553807735443,0.06264651394563656,0.06378553807735443,20100,0.0,0.0
2019-01-24 00:00:00+08:00,0.0607481375336647,0.0607481375336647,0.0607481375336647,0.0607481375336647,19000,0.0,0.0
2019-01-25 00:00:00+08:00,0.0607481375336647,0.0607481375336647,0.0607481375336647,0.0607481375336647,0,0.0,0.0
2019-01-28 00:00:00+08:00,0.0607481375336647,0.0607481375336647,0.0607481375336647,0.0607481375336647,0,0.0,0.0
2019-01-29 00:00:00+08:00,0.05998878052595239,0.05998878052595239,0.05960910394787789,0.059609103947877884,10000,0.0,0.0
2019-01-30 00:00:00+08:00,0.05884975363881865,0.06378553807735443,0.05884975363881865,0.06378553807735443,3700,0.0,0.0
2019-01-31 00:00:00+08:00,0.06378553807735443,0.06378553807735443,0.06378553807735443,0.06378553807735443,0,0.0,0.0
2019-02-01 00:00:00+08:00,0.06340586446859278,0.06340586446859278,0.05998878625481588,0.061887163668870926,18100,0.0,0.0
2019-02-04 00:00:00+08:00,0.061887163668870926,0.061887163668870926,0.061887163668870926,0.061887163668870926,0,0.0,0.0
2019-02-05 00:00:00+08:00,0.061887163668870926,0.061887163668870926,0.061887163668870926,0.061887163668870926,0,0.0,0.0
2019-02-07 00:00:00+08:00,0.060748132633048284,0.06264651566743851,0.060748132633048284,0.06264651566743851,37900,0.0,0.0
2019-02-08 00:00:00+08:00,0.0607481325528221,0.0607481325528221,0.060368455946445465,0.060368455946445465,8400,0.0,0.0
2019-02-11 00:00:00+08:00,0.06264650901462962,0.06340585649013519,0.06226683244807171,0.06340585649013519,20100,0.0,0.0
2019-02-12 00:00:00+08:00,0.05922943178492643,0.060368455946445465,0.05922943178492643,0.060368455946445465,5000,0.0,0.0
2019-02-13 00:00:00+08:00,0.060368455946445465,0.060368455946445465,0.060368455946445465,0.060368455946445465,0,0.0,0.0
2019-02-14 00:00:00+08:00,0.06074813875048156,0.06112781539559364,0.058090407892308425,0.06112781539559364,32500,0.0,0.0
2019-02-15 00:00:00+08:00,0.06112781539559364,0.06112781539559364,0.06112781539559364,0.06112781539559364,0,0.0,0.0
2019-02-18 00:00:00+08:00,0.06112781539559364,0.06112781539559364,0.06112781539559364,0.06112781539559364,0,0.0,0.0
2019-02-19 00:00:00+08:00,0.06302618785425958,0.06302618785425958,0.05847007979748306,0.061887163668870926,15100,0.0,0.0
2019-02-20 00:00:00+08:00,0.06264651440473484,0.06264651440473484,0.05884975407009279,0.06226683780550957,5300,0.0,0.0
2019-02-21 00:00:00+08:00,0.0656839128839337,0.06606358946582147,0.06112780521650135,0.06416521221399307,38200,0.0,0.0
2019-02-22 00:00:00+08:00,0.061887163668870926,0.061887163668870926,0.061887163668870926,0.061887163668870926,6400,0.0,0.0
2019-02-25 00:00:00+08:00,0.05884975138278518,0.06416521221399307,0.05884975138278518,0.06416521221399307,2600,0.0,0.0
2019-02-26 00:00:00+08:00,0.06606359458892525,0.06606359458892525,0.06036845673418266,0.06454489380121231,108200,0.0,0.0
2019-02-27 00:00:00+08:00,0.06454489380121231,0.06454489380121231,0.06454489380121231,0.06454489380121231,0,0.0,0.0
2019-02-28 00:00:00+08:00,0.06150748584680438,0.06264651566743851,0.06150748584680438,0.06264651566743851,105500,0.0,0.0
2019-03-01 00:00:00+08:00,0.06378553807735443,0.06378553807735443,0.06188716075275083,0.06378553807735443,54400,0.0,0.0
2019-03-04 00:00:00+08:00,0.061887163668870926,0.061887163668870926,0.061887163668870926,0.061887163668870926,10000,0.0,0.0
2019-03-05 00:00:00+08:00,0.0637855330566931,0.0637855330566931,0.061887155881513806,0.06340585649013519,15700,0.0,0.0
2019-03-06 00:00:00+08:00,0.06416522028201462,0.06416522028201462,0.06150748953223229,0.061507489532232285,60100,0.0,0.0
2019-03-07 00:00:00+08:00,0.06150748953223229,0.06150748953223229,0.06150748953223229,0.061507489532232285,0,0.0,0.0
2019-03-08 00:00:00+08:00,0.06150748953223229,0.06150748953223229,0.06150748953223229,0.061507489532232285,0,0.0,0.0
2019-03-11 00:00:00+08:00,0.0630261866167057,0.0630261866167057,0.06264651566743851,0.06264651566743851,28900,0.0,0.0
2019-03-12 00:00:00+08:00,0.06188716744618558,0.06188716744618558,0.0607481375336647,0.0607481375336647,13300,0.0,0.0
2019-03-13 00:00:00+08:00,0.0607481375336647,0.0607481375336647,0.0607481375336647,0.0607481375336647,0,0.0,0.0
2019-03-14 00:00:00+08:00,0.0607481375336647,0.0607481375336647,0.0607481375336647,0.0607481375336647,65900,0.0,0.0
2019-03-15 00:00:00+08:00,0.060748132633048284,0.06264651566743851,0.059609108470025006,0.06264651566743851,15500,0.0,0.0
2019-03-18 00:00:00+08:00,0.06226683897832862,0.06378553974622429,0.060368455946445465,0.060368455946445465,1200,0.0,0.0
2019-03-19 00:00:00+08:00,0.059229429811239236,0.059229429811239236,0.05847007662378971,0.05922942981123924,103700,0.0,0.0
2019-03-20 00:00:00+08:00,0.059229429811239236,0.059229429811239236,0.059229429811239236,0.05922942981123924,0,0.0,0.0
2019-03-21 00:00:00+08:00,0.059229429811239236,0.059229429811239236,0.059229429811239236,0.05922942981123924,0,0.0,0.0
2019-03-22 00:00:00+08:00,0.060368460896157744,0.0607481375336647,0.060368460896157744,0.0607481375336647,4900,0.0,0.0
2019-03-25 00:00:00+08:00,0.05922943228417756,0.05922943228417756,0.058849755674600594,0.0588497556746006,13500,0.0,0.0
2019-03-26 00:00:00+08:00,0.06264651566743851,0.06264651566743851,0.06264651566743851,0.06264651566743851,22000,0.0,0.0
2019-03-27 00:00:00+08:00,0.058849754414116454,0.058849754414116454,0.05847007781267166,0.05847007781267166,182100,0.0,0.0
2019-03-28 00:00:00+08:00,0.06150748584680438,0.06264651566743851,0.06150748584680438,0.06264651566743851,70100,0.0,0.0
2019-03-29 00:00:00+08:00,0.06264651566743851,0.06264651566743851,0.06264651566743851,0.06264651566743851,0,0.0,0.0
2019-04-01 00:00:00+08:00,0.059229429811239236,0.059229429811239236,0.059229429811239236,0.05922942981123924,10800,0.0,0.0
2019-04-02 00:00:00+08:00,0.059609106404964,0.059609106404964,0.059229429811239236,0.05922942981123924,20200,0.0,0.0
2019-04-03 00:00:00+08:00,0.05884975525626892,0.06264651566743851,0.05884975525626892,0.06264651566743851,65100,0.0,0.0
2019-04-04 00:00:00+08:00,0.06264651566743851,0.06264651566743851,0.06264651566743851,0.06264651566743851,0,0.0,0.0
2019-04-05 00:00:00+08:00,0.06264651566743851,0.06264651566743851,0.06264651566743851,0.06264651566743851,0,0.0,0.0
2019-04-08 00:00:00+08:00,0.06264651566743851,0.06454489304421787,0.06264651566743851,0.06264651566743851,97300,0.0,0.0
2019-04-09 00:00:00+08:00,0.05922943066931807,0.06378553854479994,0.05922943066931807,0.06226683780550957,88600,0.0,0.0
2019-04-10 00:00:00+08:00,0.06416522028201462,0.06416522028201462,0.06150748953223229,0.061507489532232285,5100,0.0,0.0
2019-04-11 00:00:00+08:00,0.06112780923992633,0.06416521643733983,0.06112780923992633,0.06264651566743851,257300,0.0,0.0
2019-04-12 00:00:00+08:00,0.06340586148091157,0.06378553807735443,0.0630261848844687,0.06378553807735443,115000,0.0,0.0
2019-04-15 00:00:00+08:00,0.061127802748397984,0.06340585649013519,0.061127802748397984,0.06340585649013519,32400,0.0,0.0
2019-04-16 00:00:00+08:00,0.06340586148091157,0.06378553807735443,0.06340586148091157,0.06378553807735443,137600,0.0,0.0
2019-04-17 00:00:00+08:00,0.06416521964745171,0.06530424952507019,0.06378554302157888,0.06530424952507019,170400,0.0,0.0
2019-04-18 00:00:00+08:00,0.06530424774600882,0.06644327193498611,0.06530424774600882,0.06644327193498611,10100,0.0,0.0
2019-04-22 00:00:00+08:00,0.06644327193498611,0.06644327193498611,0.06644327193498611,0.06644327193498611,0,0.0,0.0
2019-04-23 00:00:00+08:00,0.0664432712002562,0.0664432712002562,0.06454489380121231,0.06454489380121231,121800,0.0,0.0
2019-04-24 00:00:00+08:00,0.06796197673409174,0.07213840808749727,0.06796197673409174,0.0709993839263916,574100,0.0,0.0
2019-04-25 00:00:00+08:00,0.07137905632594145,0.07517581680789573,0.06834165472951119,0.07479614019393921,363400,0.0,0.0
2019-04-26 00:00:00+08:00,0.0744164635982371,0.07783354746707306,0.07061970877296243,0.07593517005443573,398900,0.0,0.0
2019-04-29 00:00:00+08:00,0.07593517075798352,0.07783354818820953,0.0725180868574879,0.07783354818820953,379400,0.0,0.0
2019-04-30 00:00:00+08:00,0.058764323012297434,0.07005019236334757,0.05837516030278964,0.06576934456825256,586800,0.005,0.0
2019-05-02 00:00:00+08:00,0.06576935172639865,0.07588771085397465,0.06576935172639865,0.073552705347538,143900,0.0,0.0
2019-05-03 00:00:00+08:00,0.07666604795580405,0.07666604795580405,0.0681043572328353,0.073552705347538,12900,0.0,0.0
2019-05-06 00:00:00+08:00,0.07005019283831922,0.07005019283831922,0.06693685054779053,0.06693685054779053,91100,0.0,0.0
2019-05-07 00:00:00+08:00,0.06810434982055397,0.06810434982055397,0.06576934456825256,0.06576934456825256,52500,0.0,0.0
2019-05-08 00:00:00+08:00,0.07783354540478228,0.07977938215521027,0.07394186610487533,0.07705520838499069,457100,0.0,0.0
2019-05-09 00:00:00+08:00,0.07783354540478228,0.08172521890563827,0.07705520838499069,0.07705520838499069,922700,0.0,0.0
2019-05-10 00:00:00+08:00,0.07783354818820953,0.08172522182823677,0.07744437966439659,0.07783354818820953,315200,0.0,0.0
2019-05-13 00:00:00+08:00,0.07705521347628098,0.07783355054749984,0.07666604494067156,0.07744438201189041,365300,0.0,0.0
2019-05-14 00:00:00+08:00,0.07666604220867157,0.0778335477738957,0.07627687368693019,0.07666604220867157,558700,0.0,0.0
2019-05-15 00:00:00+08:00,0.08098525196894234,0.08314485493370537,0.08044534921646117,0.08044534921646118,295300,0.055,0.0
2019-05-16 00:00:00+08:00,0.08044535312278384,0.08044535312278384,0.0799054503440857,0.0799054503440857,9000,0.0,0.0
2019-05-17 00:00:00+08:00,0.07828574627637863,0.07828574627637863,0.07828574627637863,0.07828574627637863,81000,0.0,0.0
2019-05-21 00:00:00+08:00,0.07828574627637863,0.07828574627637863,0.07828574627637863,0.07828574627637863,0,0.0,0.0
2019-05-22 00:00:00+08:00,0.07882564567695302,0.07882564567695302,0.07558623701334,0.07558623701334,99900,0.0,0.0
2019-05-23 00:00:00+08:00,0.07342663709348528,0.07828574627637863,0.07234683147721455,0.07828574627637863,112100,0.0,0.0
2019-05-24 00:00:00+08:00,0.07828574627637863,0.07828574627637863,0.07828574627637863,0.07828574627637863,0,0.0,0.0
2019-05-27 00:00:00+08:00,0.07828573954350378,0.07828573954350378,0.07396652549505234,0.07396652549505234,19900,0.0,0.0
2019-05-28 00:00:00+08:00,0.0734266304575214,0.07504633069038391,0.07288672769817998,0.07504633069038391,18200,0.0,0.0
2019-05-29 00:00:00+08:00,0.07504633069038391,0.07504633069038391,0.07504633069038391,0.07504633069038391,0,0.0,0.0
2019-05-30 00:00:00+08:00,0.0723468279965519,0.07828574250999015,0.07126702243223146,0.07666604220867157,179300,0.0,0.0
2019-05-31 00:00:00+08:00,0.07828574250999015,0.07828574250999015,0.07666604220867157,0.07666604220867157,200,0.0,0.0
2019-06-03 00:00:00+08:00,0.07666604220867157,0.07666604220867157,0.07666604220867157,0.07666604220867157,0,0.0,0.0
2019-06-04 00:00:00+08:00,0.07558624028086428,0.07828574627637863,0.07558624028086428,0.07828574627637863,7300,0.0,0.0
2019-06-06 00:00:00+08:00,0.07828574627637863,0.07828574627637863,0.07828574627637863,0.07828574627637863,0,0.0,0.0
2019-06-07 00:00:00+08:00,0.07828574627637863,0.07828574627637863,0.07558624028086428,0.07828574627637863,107000,0.0,0.0
2019-06-10 00:00:00+08:00,0.0799054503440857,0.0799054503440857,0.0799054503440857,0.0799054503440857,100,0.0,0.0
2019-06-11 00:00:00+08:00,0.0799054503440857,0.0799054503440857,0.0799054503440857,0.0799054503440857,0,0.0,0.0
2019-06-12 00:00:00+08:00,0.07990545528946849,0.09070348739624023,0.07990545528946849,0.09070348739624023,20800,0.0,0.0
2019-06-13 00:00:00+08:00,0.07720595054291833,0.08422467112541199,0.07558624207996009,0.08422467112541199,10200,0.0,0.0
2019-06-14 00:00:00+08:00,0.09070348739624023,0.09070348739624023,0.09070348739624023,0.09070348739624023,100,0.0,0.0
2019-06-17 00:00:00+08:00,0.09124338788962871,0.09124338788962871,0.07666604451367577,0.0836847648024559,35300,0.0,0.0
2019-06-18 00:00:00+08:00,0.07882564095901767,0.08314485493370537,0.07774583545405533,0.08044534921646118,145700,0.0,0.0
2019-06-19 00:00:00+08:00,0.08368476631256981,0.08368476631256981,0.07828574627637863,0.07828574627637863,62600,0.0,0.0
2019-06-20 00:00:00+08:00,0.0772059441505886,0.08098525553941727,0.07666604137430422,0.08098525553941727,109700,0.0,0.0
2019-06-21 00:00:00+08:00,0.08098525965324521,0.08152515441179276,0.07828574563469544,0.08152515441179276,62800,0.0,0.0
2019-06-24 00:00:00+08:00,0.08206504942874304,0.08206504942874304,0.07612613524177347,0.08044534921646118,26800,0.0,0.0
2019-06-25 00:00:00+08:00,0.08098525553941727,0.08098525553941727,0.08098525553941727,0.08098525553941727,100,0.0,0.0
2019-06-26 00:00:00+08:00,0.0782857382065365,0.08044534921646117,0.0782857382065365,0.08044534921646118,76300,0.0,0.0
2019-06-27 00:00:00+08:00,0.07936554371149884,0.08044534921646117,0.07882564095901767,0.08044534921646118,20000,0.0,0.0
2019-06-28 00:00:00+08:00,0.0842246604386677,0.0842246604386677,0.07720594074673581,0.08044534921646118,23100,0.0,0.0
2019-07-01 00:00:00+08:00,0.08314486721184813,0.08314486721184813,0.07882565259933472,0.07882565259933472,70900,0.0,0.0
2019-07-02 00:00:00+08:00,0.08098525553941727,0.08098525553941727,0.07882564443427974,0.08098525553941727,82400,0.0,0.0
2019-07-03 00:00:00+08:00,0.0788256447866894,0.08098525590148199,0.07126702197523935,0.0799054503440857,43200,0.0,0.0
2019-07-04 00:00:00+08:00,0.07828574627637863,0.07828574627637863,0.07828574627637863,0.07828574627637863,900,0.0,0.0
2019-07-05 00:00:00+08:00,0.07720594853162766,0.07720594853162766,0.07720594853162766,0.07720594853162766,42200,0.0,0.0
2019-07-08 00:00:00+08:00,0.07720594853162766,0.07720594853162766,0.07720594853162766,0.07720594853162766,0,0.0,0.0
2019-07-09 00:00:00+08:00,0.07720594853162766,0.08044535732799167,0.07666604572470657,0.07720594853162766,28000,0.0,0.0
2019-07-10 00:00:00+08:00,0.07720594449575696,0.0799054503440857,0.07666604171705882,0.0799054503440857,8200,0.0,0.0
2019-07-11 00:00:00+08:00,0.07936554402112961,0.07936554402112961,0.07936554402112961,0.07936554402112961,6500,0.0,0.0
2019-07-12 00:00:00+08:00,0.07720594853162766,0.07720594853162766,0.07666604572470657,0.07720594853162766,13100,0.0,0.0
2019-07-15 00:00:00+08:00,0.07720594853162766,0.07720594853162766,0.07720594853162766,0.07720594853162766,32900,0.0,0.0
2019-07-16 00:00:00+08:00,0.07936554756538754,0.0799054503440857,0.07936554756538754,0.0799054503440857,149500,0.0,0.0
2019-07-17 00:00:00+08:00,0.07774583250284195,0.07774583250284195,0.07774583250284195,0.07774583250284195,2000,0.0,0.0
2019-07-18 00:00:00+08:00,0.07774583250284195,0.07774583250284195,0.07774583250284195,0.07774583250284195,0,0.0,0.0
2019-07-19 00:00:00+08:00,0.07774583250284195,0.07774583250284195,0.07774583250284195,0.07774583250284195,0,0.0,0.0
2019-07-22 00:00:00+08:00,0.08098525590148199,0.08098525590148199,0.07828574200799124,0.0799054503440857,84800,0.0,0.0
2019-07-23 00:00:00+08:00,0.07828573523482854,0.07828573523482854,0.07774583250284195,0.07774583250284195,23500,0.0,0.0
2019-07-24 00:00:00+08:00,0.07774583922929308,0.0799054503440857,0.07612613893836066,0.0799054503440857,46100,0.0,0.0
2019-07-25 00:00:00+08:00,0.07774583250284195,0.07774583250284195,0.07774583250284195,0.07774583250284195,1200,0.0,0.0
2019-07-26 00:00:00+08:00,0.07774583250284195,0.07774583250284195,0.07774583250284195,0.07774583250284195,0,0.0,0.0
2019-07-29 00:00:00+08:00,0.07990545124654475,0.08044535403134061,0.07558623701334,0.07558623701334,60300,0.0,0.0
2019-07-30 00:00:00+08:00,0.07612613979813586,0.07612613979813586,0.07558623701334,0.07558623701334,69100,0.0,0.0
2019-07-31 00:00:00+08:00,0.07612614333629608,0.07612614333629608,0.07612614333629608,0.07612614333629608,300,0.0,0.0
2019-08-01 00:00:00+08:00,0.07612614333629608,0.07612614333629608,0.07612614333629608,0.07612614333629608,0,0.0,0.0
2019-08-02 00:00:00+08:00,0.07612614308899963,0.07828574627637863,0.07612614308899963,0.07828574627637863,13000,0.0,0.0
2019-08-05 00:00:00+08:00,0.0799054503440857,0.0799054503440857,0.0799054503440857,0.0799054503440857,5000,0.0,0.0
2019-08-06 00:00:00+08:00,0.0799054503440857,0.0799054503440857,0.0799054503440857,0.0799054503440857,0,0.0,0.0
2019-08-07 00:00:00+08:00,0.0799054503440857,0.0799054503440857,0.0799054503440857,0.0799054503440857,0,0.0,0.0
2019-08-08 00:00:00+08:00,0.0799054503440857,0.0799054503440857,0.0799054503440857,0.0799054503440857,0,0.0,0.0
2019-08-13 00:00:00+08:00,0.07612614333629608,0.07612614333629608,0.07612614333629608,0.07612614333629608,700,0.0,0.0
2019-08-14 00:00:00+08:00,0.07612614333629608,0.07612614333629608,0.07612614333629608,0.07612614333629608,0,0.0,0.0
2019-08-15 00:00:00+08:00,0.07612614333629608,0.07612614333629608,0.07612614333629608,0.07612614333629608,0,0.0,0.0
2019-08-16 00:00:00+08:00,0.07612614333629608,0.07612614333629608,0.07612614333629608,0.07612614333629608,0,0.0,0.0
2019-08-19 00:00:00+08:00,0.07612613893836066,0.0799054503440857,0.07612613893836066,0.0799054503440857,114800,0.0,0.0
2019-08-20 00:00:00+08:00,0.07612614333629608,0.07612614333629608,0.07612614333629608,0.07612614333629608,32000,0.0,0.0
2019-08-21 00:00:00+08:00,0.07612613942651135,0.07666604220867157,0.07612613942651135,0.07666604220867157,55200,0.0,0.0
2019-08-22 00:00:00+08:00,0.07558623615966252,0.0799054503440857,0.07558623615966252,0.0799054503440857,1900,0.0,0.0
2019-08-23 00:00:00+08:00,0.0761261429177855,0.07720594853162766,0.0761261429177855,0.07720594853162766,48200,0.0,0.0
2019-08-26 00:00:00+08:00,0.07558624365124038,0.07882565259933472,0.07504634081903085,0.07882565259933472,73500,0.0,0.0
2019-08-27 00:00:00+08:00,0.07990545124654475,0.07990545124654475,0.07558623701334,0.07558623701334,78400,0.0,0.0
2019-08-28 00:00:00+08:00,0.0799054503440857,0.0799054503440857,0.0799054503440857,0.0799054503440857,200,0.0,0.0
2019-08-29 00:00:00+08:00,0.0799054503440857,0.0799054503440857,0.0799054503440857,0.0799054503440857,0,0.0,0.0
2019-08-30 00:00:00+08:00,0.07666604171705882,0.0799054503440857,0.07666604171705882,0.0799054503440857,2300,0.0,0.0
2019-09-02 00:00:00+08:00,0.07666604614618533,0.07666604614618533,0.07612614333629608,0.07612614333629608,46600,0.0,0.0
2019-09-03 00:00:00+08:00,0.07936554402112961,0.07936554402112961,0.07936554402112961,0.07936554402112961,10000,0.0,0.0
2019-09-04 00:00:00+08:00,0.07936555543154425,0.07936555543154425,0.07666604931565943,0.07882565259933472,8200,0.0,0.0
2019-09-05 00:00:00+08:00,0.07450643798682131,0.07882565259933472,0.07288673753535556,0.07882565259933472,36500,0.0,0.0
2019-09-06 00:00:00+08:00,0.07882565259933472,0.07882565259933472,0.07882565259933472,0.07882565259933472,0,0.0,0.0
2019-09-09 00:00:00+08:00,0.07882565259933472,0.07882565259933472,0.07882565259933472,0.07882565259933472,0,0.0,0.0
2019-09-10 00:00:00+08:00,0.07450642727500374,0.07936554402112961,0.07450642727500374,0.07936554402112961,5300,0.0,0.0
2019-09-11 00:00:00+08:00,0.07936554402112961,0.07936554402112961,0.07936554402112961,0.07936554402112961,0,0.0,0.0
2019-09-12 00:00:00+08:00,0.07558623278417875,0.07936554402112961,0.07558623278417875,0.07936554402112961,116100,0.0,0.0
2019-09-13 00:00:00+08:00,0.07936554402112961,0.07936554402112961,0.07936554402112961,0.07936554402112961,0,0.0,0.0
2019-09-16 00:00:00+08:00,0.0750463377165176,0.07612614333629608,0.0750463377165176,0.07612614333629608,30200,0.0,0.0
2019-09-17 00:00:00+08:00,0.07612614333629608,0.07612614333629608,0.07612614333629608,0.07612614333629608,0,0.0,0.0
2019-09-18 00:00:00+08:00,0.07612614333629608,0.07612614333629608,0.07612614333629608,0.07612614333629608,0,0.0,0.0
2019-09-19 00:00:00+08:00,0.07612614333629608,0.07612614333629608,0.07612614333629608,0.07612614333629608,0,0.0,0.0
2019-09-20 00:00:00+08:00,0.07612614333629608,0.07612614333629608,0.07612614333629608,0.07612614333629608,0,0.0,0.0
2019-09-23 00:00:00+08:00,0.07612614333629608,0.07612614333629608,0.07612614333629608,0.07612614333629608,0,0.0,0.0
2019-09-24 00:00:00+08:00,0.07612614333629608,0.07612614333629608,0.07612614333629608,0.07612614333629608,0,0.0,0.0
2019-09-25 00:00:00+08:00,0.07612614333629608,0.07612614333629608,0.07612614333629608,0.07612614333629608,0,0.0,0.0
2019-09-26 00:00:00+08:00,0.07612614333629608,0.07612614333629608,0.07612614333629608,0.07612614333629608,0,0.0,0.0
2019-09-27 00:00:00+08:00,0.07612614333629608,0.07612614333629608,0.07612614333629608,0.07612614333629608,0,0.0,0.0
2019-09-30 00:00:00+08:00,0.07936554402112961,0.07936554402112961,0.07936554402112961,0.07936554402112961,100,0.0,0.0
2019-10-01 00:00:00+08:00,0.0750463374727289,0.07828574627637863,0.07288673428534992,0.07828574627637863,10800,0.0,0.0
2019-10-02 00:00:00+08:00,0.07828574627637863,0.07828574627637863,0.07828574627637863,0.07828574627637863,0,0.0,0.0
2019-10-03 00:00:00+08:00,0.07828574627637863,0.07828574627637863,0.07828574627637863,0.07828574627637863,0,0.0,0.0
2019-10-04 00:00:00+08:00,0.07450643159995084,0.07450643159995084,0.07342663407325745,0.07342663407325745,6400,0.0,0.0
2019-10-07 00:00:00+08:00,0.07342663407325745,0.07342663407325745,0.07342663407325745,0.07342663407325745,0,0.0,0.0
2019-10-08 00:00:00+08:00,0.07288672775030136,0.07288672775030136,0.07288672775030136,0.07288672775030136,200,0.0,0.0
2019-10-09 00:00:00+08:00,0.07288673166666351,0.07288673166666351,0.07234682887792586,0.07234682887792587,3400,0.0,0.0
2019-10-10 00:00:00+08:00,0.07234682887792586,0.07234682887792586,0.07234682887792586,0.07234682887792587,0,0.0,0.0
2019-10-11 00:00:00+08:00,0.07072711671139136,0.07288672775030136,0.06694780543846059,0.07288672775030136,26600,0.0,0.0
2019-10-14 00:00:00+08:00,0.07072711735963821,0.07072711735963821,0.07072711735963821,0.07072711735963821,30000,0.0,0.0
2019-10-15 00:00:00+08:00,0.07072711735963821,0.07072711735963821,0.07072711735963821,0.07072711735963821,0,0.0,0.0
2019-10-16 00:00:00+08:00,0.07072711735963821,0.07072711735963821,0.07072711735963821,0.07072711735963821,0,0.0,0.0
2019-10-17 00:00:00+08:00,0.07072711735963821,0.07072711735963821,0.07072711735963821,0.07072711735963821,0,0.0,0.0
2019-10-18 00:00:00+08:00,0.0712670162320137,0.0712670162320137,0.0712670162320137,0.0712670162320137,7000,0.0,0.0
2019-10-21 00:00:00+08:00,0.07126701947111885,0.07288672775030136,0.07126701947111885,0.07288672775030136,56000,0.0,0.0
2019-10-22 00:00:00+08:00,0.07288672775030136,0.07288672775030136,0.07288672775030136,0.07288672775030136,900,0.0,0.0
2019-10-23 00:00:00+08:00,0.07288672443758003,0.07288672443758003,0.0712670162320137,0.0712670162320137,18200,0.0,0.0
2019-10-24 00:00:00+08:00,0.06586800515651703,0.06586800515651703,0.06586800515651703,0.06586800515651703,5200,0.0,0.0
2019-10-25 00:00:00+08:00,0.06694780976472421,0.0728867324603467,0.06694780976472421,0.07018721848726273,15800,0.0,0.0
2019-10-29 00:00:00+08:00,0.06802761585261514,0.06802761585261514,0.06640791147947311,0.06640791147947311,48000,0.0,0.0
2019-10-30 00:00:00+08:00,0.06802760809659958,0.06802760809659958,0.06802760809659958,0.06802760809659958,30100,0.0,0.0
2019-10-31 00:00:00+08:00,0.06856751441955566,0.06856751441955566,0.06856751441955566,0.06856751441955566,5200,0.0,0.0
2019-11-01 00:00:00+08:00,0.06856751441955566,0.06856751441955566,0.06856751441955566,0.06856751441955566,0,0.0,0.0
2019-11-04 00:00:00+08:00,0.07288672775030136,0.07288672775030136,0.07288672775030136,0.07288672775030136,10000,0.0,0.0
2019-11-05 00:00:00+08:00,0.07288672775030136,0.07288672775030136,0.07288672775030136,0.07288672775030136,0,0.0,0.0
2019-11-06 00:00:00+08:00,0.07180692866907919,0.07828574627637863,0.07072712305280845,0.07828574627637863,315200,0.0,0.0
2019-11-07 00:00:00+08:00,0.07828574200799124,0.0799054503440857,0.07828574200799124,0.0799054503440857,45000,0.0,0.0
2019-11-08 00:00:00+08:00,0.0799054503440857,0.0799054503440857,0.0799054503440857,0.0799054503440857,0,0.0,0.0
2019-11-11 00:00:00+08:00,0.0799054503440857,0.0799054503440857,0.0799054503440857,0.0799054503440857,0,0.0,0.0
2019-11-12 00:00:00+08:00,0.07342663407325745,0.07342663407325745,0.07342663407325745,0.07342663407325745,30000,0.0,0.0
2019-11-13 00:00:00+08:00,0.07396652423184881,0.08044534921646117,0.07396652423184881,0.08044534921646118,205600,0.0,0.0
2019-11-14 00:00:00+08:00,0.08098525553941727,0.08098525553941727,0.08098525553941727,0.08098525553941727,60000,0.0,0.0
2019-11-15 00:00:00+08:00,0.07882564443427974,0.08098525553941727,0.07558623582173545,0.08098525553941727,130000,0.0,0.0
2019-11-18 00:00:00+08:00,0.08098525553941727,0.08098525553941727,0.08098525553941727,0.08098525553941727,0,0.0,0.0
2019-11-19 00:00:00+08:00,0.08314485847949983,0.08476456680601739,0.08314485847949983,0.08314485847949982,221700,0.0,0.0
2019-11-20 00:00:00+08:00,0.080985259249237,0.08260495960712431,0.07990545364720388,0.08260495960712433,262800,0.0,0.0
2019-11-21 00:00:00+08:00,0.08260495960712431,0.08260495960712431,0.08260495960712431,0.08260495960712433,0,0.0,0.0
2019-11-22 00:00:00+08:00,0.08260495960712431,0.08260495960712431,0.08260495960712431,0.08260495960712433,0,0.0,0.0
2019-11-25 00:00:00+08:00,0.08098525590148199,0.08098525590148199,0.0799054503440857,0.0799054503440857,114000,0.0,0.0
2019-11-26 00:00:00+08:00,0.07936554402112961,0.07936554402112961,0.07936554402112961,0.07936554402112961,20000,0.0,0.0
2019-11-27 00:00:00+08:00,0.07990544677571712,0.07990544677571712,0.07936554402112961,0.07936554402112961,41900,0.0,0.0
2019-11-28 00:00:00+08:00,0.0799054503440857,0.0799054503440857,0.0799054503440857,0.0799054503440857,46500,0.0,0.0
2019-11-29 00:00:00+08:00,0.07774583250284195,0.07774583250284195,0.07774583250284195,0.07774583250284195,6000,0.0,0.0
2019-12-02 00:00:00+08:00,0.07774584346824326,0.0804453575089201,0.07774584346824326,0.07828574627637863,42700,0.0,0.0
2019-12-03 00:00:00+08:00,0.07828574627637863,0.07828574627637863,0.07828574627637863,0.07828574627637863,0,0.0,0.0
2019-12-04 00:00:00+08:00,0.07828574627637863,0.07828574627637863,0.07828574627637863,0.07828574627637863,24000,0.0,0.0
2019-12-05 00:00:00+08:00,0.0799054503440857,0.0799054503440857,0.0799054503440857,0.0799054503440857,15000,0.0,0.0
2019-12-06 00:00:00+08:00,0.08098525577363853,0.08368476161770581,0.08098525577363853,0.08206505328416824,140000,0.0,0.0
2019-12-09 00:00:00+08:00,0.08206505328416823,0.08206505328416823,0.08206505328416823,0.08206505328416824,42300,0.0,0.0
2019-12-10 00:00:00+08:00,0.08476457081119057,0.08476457081119057,0.08260495960712431,0.08260495960712433,119300,0.0,0.0
2019-12-11 00:00:00+08:00,0.0799054503440857,0.0799054503440857,0.0799054503440857,0.0799054503440857,800,0.0,0.0
2019-12-12 00:00:00+08:00,0.0799054503440857,0.0799054503440857,0.0799054503440857,0.0799054503440857,0,0.0,0.0
2019-12-13 00:00:00+08:00,0.08206505721550271,0.08206505721550271,0.08152515441179276,0.08152515441179276,147000,0.0,0.0
2019-12-16 00:00:00+08:00,0.08152515015298226,0.08314485847949983,0.08152515015298226,0.08314485847949982,32300,0.0,0.0
2019-12-17 00:00:00+08:00,0.08314486504810664,0.0863842739118994,0.08314486504810664,0.08530447632074356,249100,0.0,0.0
2019-12-18 00:00:00+08:00,0.08044535276313289,0.08206505304682403,0.08044535276313289,0.08098525553941727,35200,0.0,0.0
2019-12-19 00:00:00+08:00,0.08098525553941727,0.08098525553941727,0.08098525553941727,0.08098525553941727,0,0.0,0.0
2019-12-20 00:00:00+08:00,0.08044534921646117,0.08044534921646117,0.08044534921646117,0.08044534921646118,7600,0.0,0.0
2019-12-23 00:00:00+08:00,0.08044534921646117,0.08044534921646117,0.08044534921646117,0.08044534921646118,0,0.0,0.0
2019-12-24 00:00:00+08:00,0.08098525553941727,0.08098525553941727,0.08098525553941727,0.08098525553941727,5100,0.0,0.0
2019-12-25 00:00:00+08:00,0.08098525553941727,0.08098525553941727,0.08098525553941727,0.08098525553941727,0,0.0,0.0
2019-12-26 00:00:00+08:00,0.08098525553941727,0.08098525553941727,0.08098525553941727,0.08098525553941727,0,0.0,0.0
2019-12-27 00:00:00+08:00,0.08044535312278384,0.08044535312278384,0.0799054503440857,0.0799054503440857,33200,0.0,0.0
2019-12-30 00:00:00+08:00,0.08098525553941727,0.08098525553941727,0.08098525553941727,0.08098525553941727,4300,0.0,0.0
2019-12-31 00:00:00+08:00,0.08098525553941727,0.08098525553941727,0.08098525553941727,0.08098525553941727,0,0.0,0.0
2020-01-02 00:00:00+08:00,0.08044535312278384,0.08044535312278384,0.0799054503440857,0.0799054503440857,51000,0.0,0.0
2020-01-03 00:00:00+08:00,0.0799054503440857,0.0799054503440857,0.0799054503440857,0.0799054503440857,0,0.0,0.0
2020-01-06 00:00:00+08:00,0.07828574627637863,0.07828574627637863,0.07828574627637863,0.07828574627637863,12900,0.0,0.0
2020-01-07 00:00:00+08:00,0.07828574627637863,0.07828574627637863,0.07828574627637863,0.07828574627637863,0,0.0,0.0
2020-01-08 00:00:00+08:00,0.07828574627637863,0.07828574627637863,0.07828574627637863,0.07828574627637863,0,0.0,0.0
2020-01-09 00:00:00+08:00,0.07774584346824326,0.07828574627637863,0.07774584346824326,0.07828574627637863,17100,0.0,0.0
2020-01-10 00:00:00+08:00,0.07828574627637863,0.07828574627637863,0.07828574627637863,0.07828574627637863,0,0.0,0.0
2020-01-13 00:00:00+08:00,0.07828574627637863,0.07828574627637863,0.07828574627637863,0.07828574627637863,0,0.0,0.0
2020-01-14 00:00:00+08:00,0.08098525553941727,0.08098525553941727,0.08098525553941727,0.08098525553941727,59000,0.0,0.0
2020-01-15 00:00:00+08:00,0.08098525553941727,0.08098525553941727,0.07990544998684851,0.08098525553941727,140000,0.0,0.0
2020-01-16 00:00:00+08:00,0.08098525553941727,0.08098525553941727,0.08098525553941727,0.08098525553941727,0,0.0,0.0
2020-01-17 00:00:00+08:00,0.08098525553941727,0.08098525553941727,0.08098525553941727,0.08098525553941727,0,0.0,0.0
2020-01-20 00:00:00+08:00,0.08098525553941727,0.08098525553941727,0.08098525553941727,0.08098525553941727,13300,0.0,0.0
2020-01-21 00:00:00+08:00,0.08098525553941727,0.08098525553941727,0.08098525553941727,0.08098525553941727,96000,0.0,0.0
2020-01-22 00:00:00+08:00,0.08098525553941727,0.08098525553941727,0.08098525553941727,0.08098525553941727,0,0.0,0.0
2020-01-23 00:00:00+08:00,0.07720594499083179,0.07720594499083179,0.07666604220867157,0.07666604220867157,33100,0.0,0.0
2020-01-24 00:00:00+08:00,0.07666604220867157,0.07666604220867157,0.07666604220867157,0.07666604220867157,0,0.0,0.0
2020-01-28 00:00:00+08:00,0.07720594449575696,0.0799054503440857,0.07720594449575696,0.0799054503440857,58300,0.0,0.0
2020-01-29 00:00:00+08:00,0.0799054503440857,0.0799054503440857,0.0799054503440857,0.0799054503440857,0,0.0,0.0
2020-01-30 00:00:00+08:00,0.07558623529934018,0.08638426661491394,0.07558623529934018,0.08638426661491394,300,0.0,0.0
2020-01-31 00:00:00+08:00,0.08638426661491394,0.08638426661491394,0.08638426661491394,0.08638426661491394,0,0.0,0.0
2020-02-03 00:00:00+08:00,0.08638426661491394,0.08638426661491394,0.08638426661491394,0.08638426661491394,0,0.0,0.0
2020-02-04 00:00:00+08:00,0.083144858024758,0.08908378047767884,0.08206505247965205,0.08638426661491394,78600,0.0,0.0
2020-02-05 00:00:00+08:00,0.08152514970709908,0.08638426661491394,0.08152514970709908,0.08638426661491394,55700,0.0,0.0
2020-02-06 00:00:00+08:00,0.08638426661491394,0.08638426661491394,0.08638426661491394,0.08638426661491394,0,0.0,0.0
2020-02-07 00:00:00+08:00,0.08638427116907789,0.08638427116907789,0.07990545364720388,0.08260495960712433,13300,0.0,0.0
2020-02-10 00:00:00+08:00,0.08044535276313289,0.08098525553941727,0.07990544998684851,0.08098525553941727,22900,0.0,0.0
2020-02-11 00:00:00+08:00,0.08314485847949983,0.08314485847949983,0.08314485847949983,0.08314485847949982,700,0.0,0.0
2020-02-12 00:00:00+08:00,0.08098525553941727,0.08098525553941727,0.08098525553941727,0.08098525553941727,20000,0.0,0.0
2020-02-13 00:00:00+08:00,0.0799054532588695,0.0836847648024559,0.0799054532588695,0.0836847648024559,79600,0.0,0.0
2020-02-14 00:00:00+08:00,0.08476457039924125,0.08476457039924125,0.08044535605726218,0.0836847648024559,62500,0.0,0.0
2020-02-17 00:00:00+08:00,0.07990544998684851,0.08098525553941727,0.07990544998684851,0.08098525553941727,159900,0.0,0.0
2020-02-18 00:00:00+08:00,0.07666604220867157,0.07666604220867157,0.07666604220867157,0.07666604220867157,11000,0.0,0.0
2020-02-19 00:00:00+08:00,0.07828574627637863,0.07828574627637863,0.07828574627637863,0.07828574627637863,10000,0.0,0.0
2020-02-20 00:00:00+08:00,0.07342662673727192,0.07774583250284195,0.07342662673727192,0.07774583250284195,20200,0.0,0.0
2020-02-21 00:00:00+08:00,0.08206505328416823,0.0826049560620141,0.07936554744010095,0.08206505328416824,34500,0.0,0.0
2020-02-24 00:00:00+08:00,0.08206505328416823,0.08206505328416823,0.08206505328416823,0.08206505328416824,0,0.0,0.0
2020-02-25 00:00:00+08:00,0.07936554402112961,0.07936554402112961,0.07936554402112961,0.07936554402112961,29000,0.0,0.0
2020-02-26 00:00:00+08:00,0.0761261429177855,0.07828574610030736,0.0761261429177855,0.07720594853162766,14100,0.0,0.0
2020-02-27 00:00:00+08:00,0.07720594853162766,0.07720594853162766,0.07720594853162766,0.07720594853162766,0,0.0,0.0
2020-02-28 00:00:00+08:00,0.08098525553941727,0.08098525553941727,0.07558623582173545,0.08098525553941727,18100,0.0,0.0
2020-03-02 00:00:00+08:00,0.06856751366861039,0.07828573920127067,0.06856751366861039,0.07504633069038391,23000,0.0,0.0
2020-03-03 00:00:00+08:00,0.07450643466459354,0.07828574627637863,0.07450643466459354,0.07828574627637863,30000,0.0,0.0
2020-03-04 00:00:00+08:00,0.07504632688807035,0.07774583250284195,0.06910741292654055,0.07774583250284195,29100,0.0,0.0
2020-03-05 00:00:00+08:00,0.07774583250284195,0.07774583250284195,0.07774583250284195,0.07774583250284195,0,0.0,0.0
2020-03-06 00:00:00+08:00,0.07936554402112961,0.07936554402112961,0.07936554402112961,0.07936554402112961,100,0.0,0.0
2020-03-09 00:00:00+08:00,0.07936554402112961,0.07936554402112961,0.07936554402112961,0.07936554402112961,0,0.0,0.0
2020-03-10 00:00:00+08:00,0.07234682127329874,0.07774583250284195,0.0669478019985942,0.07774583250284195,205800,0.0,0.0
2020-03-11 00:00:00+08:00,0.06694780637314214,0.07450642902453224,0.06478819932666198,0.06964731216430664,30000,0.0,0.0
2020-03-12 00:00:00+08:00,0.07018721978092658,0.07018721978092658,0.06370840221643448,0.06370840221643448,13800,0.0,0.0
2020-03-13 00:00:00+08:00,0.06370839831728559,0.06802761244431868,0.06370839831728559,0.06424830108880997,48500,0.0,0.0
2020-03-16 00:00:00+08:00,0.06424830108880997,0.06424830108880997,0.06424830108880997,0.06424830108880997,0,0.0,0.0
2020-03-17 00:00:00+08:00,0.06208869814872742,0.06208869814872742,0.06208869814872742,0.06208869814872742,500,0.0,0.0
2020-03-18 00:00:00+08:00,0.06208869814872742,0.06208869814872742,0.06208869814872742,0.06208869814872742,0,0.0,0.0
2020-03-19 00:00:00+08:00,0.04751134793304942,0.061008889228105545,0.04589164362125564,0.061008889228105545,65000,0.0,0.0
2020-03-20 00:00:00+08:00,0.06100888947884916,0.06100888947884916,0.05129065954556405,0.05938918516039848,22100,0.0,0.0
2020-03-23 00:00:00+08:00,0.04697144540280543,0.058309383690357215,0.04643154664441232,0.05830938369035721,5500,0.0,0.0
2020-03-24 00:00:00+08:00,0.049670955227113366,0.05938918516039848,0.04859115368900659,0.05938918516039848,32000,0.0,0.0
2020-03-25 00:00:00+08:00,0.05938918516039848,0.05938918516039848,0.05938918516039848,0.05938918516039848,0,0.0,0.0
2020-03-26 00:00:00+08:00,0.05830938321168164,0.06208869460231329,0.05075075640783733,0.06154879182577133,201100,0.0,0.0
2020-03-27 00:00:00+08:00,0.05938918813440667,0.06208869814872742,0.051830564921406044,0.06208869814872742,64600,0.0,0.0
2020-03-30 00:00:00+08:00,0.06208869814872742,0.06208869814872742,0.06208869814872742,0.06208869814872742,0,0.0,0.0
2020-03-31 00:00:00+08:00,0.052370462566614144,0.052370462566614144,0.052370462566614144,0.05237046256661415,100,0.0,0.0
2020-04-01 00:00:00+08:00,0.05345026681027729,0.0599290881267724,0.05291036402825744,0.0588492825627327,50800,0.0,0.0
2020-04-02 00:00:00+08:00,0.05399016920280552,0.061008889228105545,0.05399016920280552,0.061008889228105545,84100,0.0,0.0
2020-04-03 00:00:00+08:00,0.06262859660729833,0.06370840221643448,0.05183056465142403,0.06370840221643448,45500,0.0,0.0
2020-04-06 00:00:00+08:00,0.06370840221643448,0.06370840221643448,0.06370840221643448,0.06370840221643448,0,0.0,0.0
2020-04-07 00:00:00+08:00,0.05399016578092864,0.06262858957052231,0.05399016578092864,0.06262858957052231,15400,0.0,0.0
2020-04-08 00:00:00+08:00,0.05614977933528675,0.06208869814872742,0.05614977933528675,0.06208869814872742,4500,0.0,0.0
2020-04-09 00:00:00+08:00,0.05830938299075443,0.0631684958934784,0.04859115316272552,0.0631684958934784,5500,0.0,0.0
2020-04-13 00:00:00+08:00,0.0631684958934784,0.0631684958934784,0.0631684958934784,0.0631684958934784,0,0.0,0.0
2020-04-14 00:00:00+08:00,0.053990169424702535,0.05938918516039848,0.053990169424702535,0.05938918516039848,76000,0.0,0.0
2020-04-15 00:00:00+08:00,0.06046899035573005,0.06046899035573005,0.06046899035573005,0.06046899035573006,2000,0.0,0.0
2020-04-16 00:00:00+08:00,0.06262858957052231,0.06262858957052231,0.05884927840834119,0.06262858957052231,10500,0.0,0.0
2020-04-17 00:00:00+08:00,0.06262858957052231,0.06262858957052231,0.06262858957052231,0.06262858957052231,0,0.0,0.0
2020-04-20 00:00:00+08:00,0.057229580927466314,0.06208869814872742,0.056689678120085914,0.06208869814872742,38000,0.0,0.0
2020-04-21 00:00:00+08:00,0.05722957771582033,0.06046899035573005,0.05722957771582033,0.06046899035573006,53500,0.0,0.0
2020-04-22 00:00:00+08:00,0.06046898973330126,0.06424830108880997,0.06046898973330126,0.06424830108880997,7900,0.0,0.0
2020-04-23 00:00:00+08:00,0.06424830108880997,0.06424830108880997,0.06424830108880997,0.06424830108880997,0,0.0,0.0
2020-04-24 00:00:00+08:00,0.06424830108880997,0.06424830108880997,0.06424830108880997,0.06424830108880997,0,0.0,0.0
2020-04-27 00:00:00+08:00,0.06910742221695285,0.06910742221695285,0.05399017184711513,0.06370840221643448,27200,0.0,0.0
2020-04-28 00:00:00+08:00,0.06208869814872742,0.06208869814872742,0.057229580927466314,0.06208869814872742,74100,0.0,0.0
2020-04-29 00:00:00+08:00,0.053990169098491615,0.06046899035573005,0.053990169098491615,0.06046899035573006,67500,0.0,0.0
2020-04-30 00:00:00+08:00,0.06100889253396662,0.06208869814872742,0.06100889253396662,0.06208869814872742,128500,0.0,0.0
2020-05-04 00:00:00+08:00,0.06154879200623047,0.06154879200623047,0.05722957782639307,0.061008889228105545,155200,0.0,0.0
2020-05-05 00:00:00+08:00,0.05776948102127403,0.0599290881267724,0.05776948102127403,0.0588492825627327,172500,0.0,0.0
2020-05-06 00:00:00+08:00,0.057769477367401116,0.06046898708417752,0.05722957461952968,0.05776947736740112,29800,0.0,0.0
2020-05-08 00:00:00+08:00,0.0572295780616039,0.05938918516039848,0.0572295780616039,0.05938918516039848,7500,0.0,0.0
2020-05-11 00:00:00+08:00,0.05560987374315322,0.05938918516039848,0.05560987374315322,0.05938918516039848,6600,0.0,0.0
2020-05-12 00:00:00+08:00,0.05938918516039848,0.05938918516039848,0.05938918516039848,0.05938918516039848,0,0.0,0.0
2020-05-13 00:00:00+08:00,0.05938918516039848,0.05938918516039848,0.05938918516039848,0.05938918516039848,0,0.0,0.0
2020-05-14 00:00:00+08:00,0.05938918522972446,0.05938918522972446,0.05614977658904168,0.05830938369035721,146800,0.0,0.0
2020-05-15 00:00:00+08:00,0.05560987069318535,0.05830938042426706,0.05560987069318535,0.05668967217206955,21800,0.0,0.0
2020-05-18 00:00:00+08:00,0.05506996794245284,0.05668967217206955,0.05506996794245284,0.05668967217206955,33700,0.0,0.0
2020-05-19 00:00:00+08:00,0.05668967217206955,0.05668967217206955,0.056149773443917854,0.05668967217206955,86300,0.0,0.0
2020-05-20 00:00:00+08:00,0.05506996765062471,0.057769477367401116,0.05506996765062471,0.05776947736740112,47500,0.0,0.0
2020-05-21 00:00:00+08:00,0.057769477367401116,0.057769477367401116,0.057769477367401116,0.05776947736740112,0,0.0,0.0
2020-05-22 00:00:00+08:00,0.05560987069318535,0.05668967217206955,0.05560987069318535,0.05668967217206955,13300,0.0,0.0
2020-05-26 00:00:00+08:00,0.05506996794245284,0.05668967217206955,0.05506996794245284,0.05668967217206955,29000,0.0,0.0
2020-05-27 00:00:00+08:00,0.05560987815260887,0.05560987815260887,0.05560987815260887,0.05560987815260887,100,0.0,0.0
2020-05-28 00:00:00+08:00,0.05560987069318535,0.05668967217206955,0.05560987069318535,0.05668967217206955,20300,0.0,0.0
2020-05-29 00:00:00+08:00,0.05560987069318535,0.05668967217206955,0.05506996794245284,0.05668967217206955,31600,0.0,0.0
2020-06-01 00:00:00+08:00,0.055069971829652786,0.05722957896244124,0.055069971829652786,0.055069971829652786,42500,0.0,0.0
2020-06-02 00:00:00+08:00,0.055069971829652786,0.05614977740733756,0.055069971829652786,0.055069971829652786,55700,0.0,0.0
2020-06-03 00:00:00+08:00,0.055069967960313805,0.05614977346212903,0.054530069231987,0.054530069231987,140900,0.0,0.0
2020-06-04 00:00:00+08:00,0.05614977346212903,0.05614977346212903,0.054530069231987,0.054530069231987,12600,0.0,0.0
2020-06-05 00:00:00+08:00,0.057229580927466314,0.06208869814872742,0.056689678120085914,0.06208869814872742,932500,0.0,0.0
2020-06-08 00:00:00+08:00,0.06316849880154918,0.06748771315120028,0.06316849880154918,0.0669478103518486,1885500,0.0,0.0
2020-06-09 00:00:00+08:00,0.06694781099868054,0.06748771380324861,0.06370840221643448,0.06370840221643448,2256400,0.0,0.0
2020-06-10 00:00:00+08:00,0.06478819983775339,0.06478819983775339,0.06316849554576122,0.06424830108880997,1600900,0.0,0.0
2020-06-11 00:00:00+08:00,0.06247999783058141,0.06483773401207742,0.06247999783058141,0.0630694329738617,598300,0.01,0.0
2020-06-12 00:00:00+08:00,0.06306943563968806,0.06306943563968806,0.06130113452672958,0.061301134526729584,125100,0.0,0.0
2020-06-15 00:00:00+08:00,0.05894339824557649,0.06189056530329885,0.05835396307738189,0.061301134526729584,397700,0.0,0.0
2020-06-16 00:00:00+08:00,0.0630694303094767,0.0630694303094767,0.060711694227583886,0.06247999519109726,511200,0.0,0.0
2020-06-17 00:00:00+08:00,0.06483773127299007,0.06483773127299007,0.061890560072717815,0.06247999519109726,330100,0.0,0.0
2020-06-18 00:00:00+08:00,0.062480000471493456,0.062480000471493456,0.06130113452672958,0.061301134526729584,210000,0.0,0.0
2020-06-19 00:00:00+08:00,0.06189056485891342,0.06248000002287578,0.06189056485891342,0.06189056485891342,49800,0.0,0.0
2020-06-22 00:00:00+08:00,0.06483773628709989,0.06483773628709989,0.06189056485891342,0.06189056485891342,218600,0.0,0.0
2020-06-23 00:00:00+08:00,0.06424829886879714,0.06424829886879714,0.06247999783058141,0.0630694329738617,48100,0.0,0.0
2020-06-24 00:00:00+08:00,0.06189056530329885,0.06306943563968806,0.06130113452672958,0.061301134526729584,113100,0.0,0.0
2020-06-25 00:00:00+08:00,0.06130113452672958,0.06130113452672958,0.06130113452672958,0.061301134526729584,0,0.0,0.0
2020-06-26 00:00:00+08:00,0.06424830112313754,0.06424830112313754,0.060711698922614014,0.06189056485891342,43400,0.0,0.0
2020-06-29 00:00:00+08:00,0.061890560072717815,0.06365886542785615,0.061890560072717815,0.06247999519109726,105500,0.0,0.0
2020-06-30 00:00:00+08:00,0.0630694329738617,0.06424829886879714,0.06247999783058141,0.0630694329738617,122500,0.0,0.0
2020-07-01 00:00:00+08:00,0.0630694329738617,0.0630694329738617,0.0630694329738617,0.0630694329738617,0,0.0,0.0
2020-07-02 00:00:00+08:00,0.0630694303094767,0.0630694303094767,0.06130112934596333,0.06247999519109726,68400,0.0,0.0
2020-07-03 00:00:00+08:00,0.061890560072717815,0.06483773127299007,0.061890560072717815,0.06247999519109726,107400,0.0,0.0
2020-07-06 00:00:00+08:00,0.06189056525346611,0.0642483015327208,0.06189056525346611,0.06365887075662613,222100,0.0,0.0
2020-07-07 00:00:00+08:00,0.06189056485891342,0.06189056485891342,0.06189056485891342,0.06189056485891342,133000,0.0,0.0
2020-07-08 00:00:00+08:00,0.060711698922614014,0.06424830112313754,0.060711698922614014,0.06189056485891342,125400,0.0,0.0
2020-07-09 00:00:00+08:00,0.06189056530329885,0.06189056530329885,0.06130113452672958,0.061301134526729584,158000,0.0,0.0
2020-07-13 00:00:00+08:00,0.060711696743965156,0.06365886806639191,0.060711696743965156,0.06071169674396515,233100,0.0,0.0
2020-07-14 00:00:00+08:00,0.060711694227583886,0.06247999519109726,0.060711694227583886,0.06247999519109726,35000,0.0,0.0
2020-07-15 00:00:00+08:00,0.06071169935853497,0.06130113452672958,0.06071169935853497,0.061301134526729584,38200,0.0,0.0
2020-07-16 00:00:00+08:00,0.06130113452672958,0.06130113452672958,0.06130113452672958,0.061301134526729584,0,0.0,0.0
2020-07-17 00:00:00+08:00,0.06365887080788267,0.06365887080788267,0.06071169935853497,0.061301134526729584,160300,0.0,0.0
2020-07-20 00:00:00+08:00,0.06130113452672958,0.06130113452672958,0.06130113452672958,0.061301134526729584,0,0.0,0.0
2020-07-21 00:00:00+08:00,0.060122263758651665,0.06365887035080048,0.05953283298631461,0.06189056485891342,73400,0.0,0.0
2020-07-22 00:00:00+08:00,0.059532832354307175,0.060122263120386765,0.05894339719660233,0.059532832354307175,184000,0.0,0.0
2020-07-23 00:00:00+08:00,0.06130113070573445,0.06130113070573445,0.058353959440088546,0.05894339457154274,169200,0.0,0.0
2020-07-24 00:00:00+08:00,0.05835396056434878,0.060711696743965156,0.05835396056434878,0.06071169674396515,3600,0.0,0.0
2020-07-27 00:00:00+08:00,0.05835395784666312,0.06012225880111505,0.05776452273130417,0.05776452273130417,16200,0.0,0.0
2020-07-28 00:00:00+08:00,0.057764527909187284,0.06306943563968806,0.057764527909187284,0.061301134526729584,44300,0.0,0.0
2020-07-29 00:00:00+08:00,0.06130113452672958,0.06130113452672958,0.06130113452672958,0.061301134526729584,0,0.0,0.0
2020-07-30 00:00:00+08:00,0.06130113452672958,0.06130113452672958,0.06130113452672958,0.061301134526729584,0,0.0,0.0
2020-08-03 00:00:00+08:00,0.061301132976314884,0.061301132976314884,0.055406790226697915,0.05540679022669792,25200,0.0,0.0
2020-08-04 00:00:00+08:00,0.06306943406212055,0.06306943406212055,0.05717509570248669,0.06012226268649101,15100,0.0,0.0
2020-08-05 00:00:00+08:00,0.061301129031832956,0.061301129031832956,0.05599622177685224,0.05776452273130417,568800,0.0,0.0
2020-08-06 00:00:00+08:00,0.05599622537998466,0.056585660533271395,0.055406790226697915,0.05540679022669792,687400,0.0,0.0
2020-08-07 00:00:00+08:00,0.06130113177668842,0.06130113177668842,0.05481735839229349,0.05599622428417206,70300,0.0,0.0
2020-08-11 00:00:00+08:00,0.059532831908079877,0.059532831908079877,0.05304905839680139,0.05540679022669792,125200,0.0,0.0
2020-08-12 00:00:00+08:00,0.054227924727032424,0.057764526890586074,0.054227924727032424,0.05717509612441063,45100,0.0,0.0
2020-08-13 00:00:00+08:00,0.05599622433648375,0.058353960514068604,0.054227923301201394,0.058353960514068604,36000,0.0,0.0
2020-08-14 00:00:00+08:00,0.05245962324351465,0.05599622537998466,0.05187018809022791,0.05540679022669792,63200,0.0,0.0
2020-08-17 00:00:00+08:00,0.05187018960714341,0.05599622701756388,0.05187018960714341,0.0518701896071434,72100,0.0,0.0
2020-08-18 00:00:00+08:00,0.05304905399680137,0.05540678563114268,0.05128074868360811,0.053049053996801376,171700,0.0,0.0
2020-08-19 00:00:00+08:00,0.05069132365771985,0.05540679184703942,0.0501018884871954,0.0518701896071434,898700,0.0,0.0
2020-08-20 00:00:00+08:00,0.055406790226697915,0.055406790226697915,0.055406790226697915,0.05540679022669792,100,0.0,0.0
2020-08-21 00:00:00+08:00,0.05187018696487761,0.05245962210537625,0.05128075182437897,0.05128075182437897,1297100,0.0,0.0
2020-08-24 00:00:00+08:00,0.05304905399680137,0.05304905399680137,0.05010188286643746,0.053049053996801376,9700,0.0,0.0
2020-08-25 00:00:00+08:00,0.054227922111749656,0.054227922111749656,0.05010188498938419,0.05422792211174965,13600,0.0,0.0
2020-08-26 00:00:00+08:00,0.050101886346851254,0.055996224625414585,0.050101886346851254,0.05069132149219513,691600,0.0,0.0
2020-08-27 00:00:00+08:00,0.0554067906831266,0.0554067906831266,0.05010188743472099,0.05010188743472099,110800,0.0,0.0
2020-08-28 00:00:00+08:00,0.0554067906831266,0.0554067906831266,0.048923017118436246,0.05010188743472099,603300,0.0,0.0
2020-08-31 00:00:00+08:00,0.0530490576819455,0.0530490576819455,0.04892301605616349,0.05069132149219513,277000,0.0,0.0
2020-09-01 00:00:00+08:00,0.05069132149219513,0.05069132149219513,0.05069132149219513,0.05069132149219513,0,0.0,0.0
2020-09-02 00:00:00+08:00,0.05069132149219513,0.05069132149219513,0.05069132149219513,0.05069132149219513,0,0.0,0.0
2020-09-03 00:00:00+08:00,0.05069131715388714,0.05069131715388714,0.04892301186919212,0.04892301186919212,80500,0.0,0.0
2020-09-04 00:00:00+08:00,0.05187018295205904,0.05187018295205904,0.04892301186919212,0.04892301186919212,84100,0.0,0.0
2020-09-07 00:00:00+08:00,0.05304905314185571,0.05304905314185571,0.04892301186919212,0.04892301186919212,38200,0.0,0.0
2020-09-08 00:00:00+08:00,0.04774414607102023,0.05187018295205904,0.04774414607102023,0.04892301186919212,190300,0.0,0.0
2020-09-09 00:00:00+08:00,0.05128075182437897,0.05128075182437897,0.05128075182437897,0.05128075182437897,100,0.0,0.0
2020-09-10 00:00:00+08:00,0.048333581537008286,0.048333581537008286,0.048333581537008286,0.048333581537008286,561000,0.0,0.0
2020-09-11 00:00:00+08:00,0.048333581537008286,0.0489230122448073,0.048333581537008286,0.048333581537008286,666000,0.0,0.0
2020-09-14 00:00:00+08:00,0.048333581537008286,0.048333581537008286,0.048333581537008286,0.048333581537008286,285500,0.0,0.0
2020-09-15 00:00:00+08:00,0.04951244734423113,0.04951244734423113,0.04715471133816062,0.048333581537008286,100200,0.0,0.0
2020-09-16 00:00:00+08:00,0.04774414643758445,0.048333581537008286,0.04774414643758445,0.048333581537008286,687500,0.0,0.0
2020-09-17 00:00:00+08:00,0.048333581537008286,0.048333581537008286,0.048333581537008286,0.048333581537008286,130500,0.0,0.0
2020-09-18 00:00:00+08:00,0.047744152319389166,0.047744152319389166,0.04715471714735031,0.04715471714735031,262500,0.0,0.0
2020-09-21 00:00:00+08:00,0.04715471714735031,0.04715471714735031,0.04715471714735031,0.04715471714735031,0,0.0,0.0
2020-09-22 00:00:00+08:00,0.05187018960714341,0.05187018960714341,0.05187018960714341,0.0518701896071434,100,0.0,0.0
2020-09-23 00:00:00+08:00,0.05187018960714341,0.05187018960714341,0.05187018960714341,0.0518701896071434,0,0.0,0.0
2020-09-24 00:00:00+08:00,0.05187018960714341,0.05187018960714341,0.05187018960714341,0.0518701896071434,0,0.0,0.0
2020-09-25 00:00:00+08:00,0.05128075182437897,0.05128075182437897,0.05128075182437897,0.05128075182437897,1100,0.0,0.0
2020-09-28 00:00:00+08:00,0.05128075182437897,0.05128075182437897,0.05128075182437897,0.05128075182437897,0,0.0,0.0
2020-09-29 00:00:00+08:00,0.05128075182437897,0.05128075182437897,0.05128075182437897,0.05128075182437897,0,0.0,0.0
2020-09-30 00:00:00+08:00,0.04479697719216347,0.048333583543929665,0.04420754645988994,0.04479697719216347,2402000,0.0,0.0
2020-10-01 00:00:00+08:00,0.04479697719216347,0.0471547132961326,0.04420754645988994,0.04479697719216347,2702100,0.0,0.0
2020-10-02 00:00:00+08:00,0.04892301827184151,0.04892301827184151,0.04479698085082026,0.04715471714735031,21300,0.0,0.0
2020-10-05 00:00:00+08:00,0.04715471714735031,0.04715471714735031,0.04715471714735031,0.04715471714735031,0,0.0,0.0
2020-10-06 00:00:00+08:00,0.04302867972632906,0.04715471714735031,0.04302867972632906,0.04715471714735031,18700,0.0,0.0
2020-10-07 00:00:00+08:00,0.04361811390362775,0.04715471607195558,0.04302867874503136,0.04302867874503136,583800,0.0,0.0
2020-10-08 00:00:00+08:00,0.0471547132961326,0.0471547132961326,0.04243924108819434,0.04479697719216347,21200,0.0,0.0
2020-10-09 00:00:00+08:00,0.044796980991490994,0.044796980991490994,0.0418498139052928,0.04243924468755722,1519300,0.0,0.0
2020-10-12 00:00:00+08:00,0.04479697719216347,0.04479697719216347,0.04479697719216347,0.04479697719216347,100,0.0,0.0
2020-10-13 00:00:00+08:00,0.04243924136621804,0.04420754674949798,0.041849810630083084,0.041849810630083084,3256200,0.0,0.0
2020-10-14 00:00:00+08:00,0.0412603755023231,0.041849810630083084,0.0412603755023231,0.041849810630083084,439500,0.0,0.0
2020-10-15 00:00:00+08:00,0.04184981171565876,0.04184981171565876,0.04126037657260895,0.04126037657260895,430200,0.0,0.0
2020-10-16 00:00:00+08:00,0.04538641498779166,0.04538641498779166,0.04302867874503136,0.04302867874503136,1600,0.0,0.0
2020-10-19 00:00:00+08:00,0.04420754685997963,0.04420754685997963,0.04420754685997963,0.04420754685997963,100,0.0,0.0
2020-10-20 00:00:00+08:00,0.04008151067813447,0.04126037657260895,0.04008151067813447,0.04126037657260895,500200,0.0,0.0
2020-10-21 00:00:00+08:00,0.04420755020922658,0.04420755020922658,0.0418498139052928,0.04243924468755722,1200,0.0,0.0
2020-10-22 00:00:00+08:00,0.04243924468755722,0.04243924468755722,0.04243924468755722,0.04243924468755722,2300,0.0,0.0
2020-10-23 00:00:00+08:00,0.04243924136621804,0.04243924136621804,0.03949207451066819,0.041849810630083084,101500,0.0,0.0
2020-10-26 00:00:00+08:00,0.04479697748563293,0.04479697748563293,0.0412603755023231,0.041849810630083084,19600,0.0,0.0
2020-10-27 00:00:00+08:00,0.041849810630083084,0.041849810630083084,0.041849810630083084,0.041849810630083084,0,0.0,0.0
2020-10-28 00:00:00+08:00,0.04008151067813447,0.04126037657260895,0.04008151067813447,0.04126037657260895,9300,0.0,0.0
2020-10-29 00:00:00+08:00,0.03890264039203486,0.04126037657260895,0.03890264039203486,0.04126037657260895,60100,0.0,0.0
2020-10-30 00:00:00+08:00,0.0389026403427124,0.04067094137799476,0.0389026403427124,0.0389026403427124,1186100,0.0,0.0
2020-11-02 00:00:00+08:00,0.04479697759758766,0.04479697759758766,0.03890263948013206,0.04420754685997963,25800,0.0,0.0
2020-11-03 00:00:00+08:00,0.04479697719216347,0.04479697719216347,0.04479697719216347,0.04479697719216347,100,0.0,0.0
2020-11-04 00:00:00+08:00,0.04479697719216347,0.04479697719216347,0.04479697719216347,0.04479697719216347,0,0.0,0.0
2020-11-05 00:00:00+08:00,0.04479697719216347,0.04479697719216347,0.04479697719216347,0.04479697719216347,0,0.0,0.0
2020-11-06 00:00:00+08:00,0.04715471714735031,0.04715471714735031,0.04715471714735031,0.04715471714735031,200,0.0,0.0
2020-11-09 00:00:00+08:00,0.04715471714735031,0.04715471714735031,0.04715471714735031,0.04715471714735031,0,0.0,0.0
2020-11-10 00:00:00+08:00,0.03713434033394322,0.04538641498779166,0.03654490517534684,0.04302867874503136,4800,0.0,0.0
2020-11-11 00:00:00+08:00,0.04302867874503136,0.04302867874503136,0.04302867874503136,0.04302867874503136,0,0.0,0.0
2020-11-12 00:00:00+08:00,0.03772377351901327,0.041849810630083084,0.03772377351901327,0.041849810630083084,221500,0.0,0.0
2020-11-13 00:00:00+08:00,0.03713433935451057,0.04126037657260895,0.03713433935451057,0.04126037657260895,10400,0.0,0.0
2020-11-16 00:00:00+08:00,0.041260373518796745,0.04951244734423113,0.03949207261215006,0.048333581537008286,306900,0.0,0.0
2020-11-17 00:00:00+08:00,0.0400815077115739,0.048333581537008286,0.0400815077115739,0.048333581537008286,900,0.0,0.0
2020-11-18 00:00:00+08:00,0.0412603755023231,0.041849810630083084,0.0412603755023231,0.041849810630083084,323900,0.0,0.0
2020-11-19 00:00:00+08:00,0.046565283089876175,0.046565283089876175,0.046565283089876175,0.046565283089876175,3700,0.0,0.0
2020-11-20 00:00:00+08:00,0.046565283089876175,0.046565283089876175,0.046565283089876175,0.046565283089876175,0,0.0,0.0
2020-11-23 00:00:00+08:00,0.03949207230894262,0.04892301186919212,0.03536603323209142,0.04892301186919212,101100,0.0,0.0
2020-11-24 00:00:00+08:00,0.04892301186919212,0.04892301186919212,0.04892301186919212,0.04892301186919212,0,0.0,0.0
2020-11-25 00:00:00+08:00,0.04774414997128143,0.048923015865755905,0.04126037657260895,0.04126037657260895,386400,0.0,0.0
2020-11-26 00:00:00+08:00,0.04126037657260895,0.047154714828231616,0.04126037657260895,0.04126037657260895,736100,0.0,0.0
2020-11-27 00:00:00+08:00,0.04479697759758766,0.04479697759758766,0.04420754685997963,0.04420754685997963,128100,0.0,0.0
2020-11-30 00:00:00+08:00,0.04420754685997963,0.04420754685997963,0.04420754685997963,0.04420754685997963,0,0.0,0.0
2020-12-01 00:00:00+08:00,0.03890263948013206,0.04420754685997963,0.03890263948013206,0.04420754685997963,18100,0.0,0.0
2020-12-02 00:00:00+08:00,0.04067093917643149,0.04067093917643149,0.040081508457660675,0.040081508457660675,46000,0.0,0.0
2020-12-03 00:00:00+08:00,0.04597584893375714,0.047154714828231616,0.04126037657260895,0.04126037657260895,865600,0.0,0.0
2020-12-04 00:00:00+08:00,0.04126037657260895,0.04126037657260895,0.04126037657260895,0.04126037657260895,200000,0.0,0.0
2020-12-07 00:00:00+08:00,0.045386411276347446,0.045386411276347446,0.040081508457660675,0.040081508457660675,80100,0.0,0.0
2020-12-08 00:00:00+08:00,0.03890264141810714,0.04302867874503136,0.03890264141810714,0.04302867874503136,51200,0.0,0.0
2020-12-09 00:00:00+08:00,0.04008151173529992,0.04302867874503136,0.04008151173529992,0.04302867874503136,320300,0.0,0.0
2020-12-10 00:00:00+08:00,0.03890264039203486,0.04126037657260895,0.03890264039203486,0.04126037657260895,173500,0.0,0.0
2020-12-11 00:00:00+08:00,0.04067094142955914,0.04126037657260895,0.04067094142955914,0.04126037657260895,191000,0.0,0.0
2020-12-14 00:00:00+08:00,0.040081508457660675,0.040081508457660675,0.040081508457660675,0.040081508457660675,42600,0.0,0.0
2020-12-15 00:00:00+08:00,0.04067094142955914,0.04126037657260895,0.04067094142955914,0.04126037657260895,207200,0.0,0.0
2020-12-16 00:00:00+08:00,0.04126037657260895,0.04126037657260895,0.04126037657260895,0.04126037657260895,0,0.0,0.0
2020-12-17 00:00:00+08:00,0.04126037657260895,0.04126037657260895,0.04126037657260895,0.04126037657260895,0,0.0,0.0
2020-12-18 00:00:00+08:00,0.04126037428682721,0.04126037428682721,0.040081508457660675,0.040081508457660675,893000,0.0,0.0
2020-12-21 00:00:00+08:00,0.040081508457660675,0.040081508457660675,0.040081508457660675,0.040081508457660675,0,0.0,0.0
2020-12-22 00:00:00+08:00,0.040081508457660675,0.040081508457660675,0.040081508457660675,0.040081508457660675,76700,0.0,0.0
2020-12-23 00:00:00+08:00,0.040081508457660675,0.040081508457660675,0.040081508457660675,0.040081508457660675,0,0.0,0.0
2020-12-24 00:00:00+08:00,0.03890264141810714,0.04302867874503136,0.03890264141810714,0.04302867874503136,55500,0.0,0.0
2020-12-28 00:00:00+08:00,0.04302867874503136,0.04302867874503136,0.04302867874503136,0.04302867874503136,0,0.0,0.0
2020-12-29 00:00:00+08:00,0.0412603755023231,0.041849810630083084,0.03949207451066819,0.041849810630083084,11400,0.0,0.0
2020-12-30 00:00:00+08:00,0.041849810630083084,0.041849810630083084,0.041849810630083084,0.041849810630083084,0,0.0,0.0
2020-12-31 00:00:00+08:00,0.040670940374563126,0.040670940374563126,0.040081509638428166,0.041849810630083084,50000,0.0,0.0
2021-01-04 00:00:00+08:00,0.04243924468755722,0.04243924468755722,0.04243924468755722,0.04243924468755722,10000,0.0,0.0
2021-01-05 00:00:00+08:00,0.03890264242746924,0.04243924468755722,0.03890264242746924,0.04243924468755722,17300,0.0,0.0
2021-01-06 00:00:00+08:00,0.040081509526297535,0.040081509526297535,0.03949207440018654,0.03949207440018654,6100,0.0,0.0
2021-01-07 00:00:00+08:00,0.040081508457660675,0.040081508457660675,0.040081508457660675,0.040081508457660675,36800,0.0,0.0
2021-01-08 00:00:00+08:00,0.03949207440018654,0.042439241247491495,0.03949207440018654,0.03949207440018654,204000,0.0,0.0
2021-01-11 00:00:00+08:00,0.04243923971259865,0.04243923971259865,0.04067093878984451,0.04067093878984451,380200,0.0,0.0
2021-01-12 00:00:00+08:00,0.03949207451066819,0.041849810630083084,0.03949207451066819,0.041849810630083084,118200,0.0,0.0
2021-01-13 00:00:00+08:00,0.041849810630083084,0.041849810630083084,0.041849810630083084,0.041849810630083084,0,0.0,0.0
2021-01-14 00:00:00+08:00,0.04184980939722293,0.04184980939722293,0.040081508457660675,0.040081508457660675,173500,0.0,0.0
2021-01-15 00:00:00+08:00,0.04361811503533679,0.04361811503533679,0.04067094355751323,0.04243924468755722,187900,0.0,0.0
2021-01-18 00:00:00+08:00,0.040081508457660675,0.040081508457660675,0.040081508457660675,0.040081508457660675,16700,0.0,0.0
2021-01-19 00:00:00+08:00,0.040081508457660675,0.040081508457660675,0.040081508457660675,0.040081508457660675,20800,0.0,0.0
2021-01-20 00:00:00+08:00,0.04067093878984451,0.04243923971259865,0.040081508076676375,0.04067093878984451,968300,0.0,0.0
2021-01-21 00:00:00+08:00,0.04067093878984451,0.04067093878984451,0.04067093878984451,0.04067093878984451,0,0.0,0.0
2021-01-22 00:00:00+08:00,0.04067093878984451,0.04067093878984451,0.04067093878984451,0.04067093878984451,9800,0.0,0.0
2021-01-25 00:00:00+08:00,0.0412603755023231,0.04656528286891287,0.0412603755023231,0.041849810630083084,183100,0.0,0.0
2021-01-26 00:00:00+08:00,0.04067093878984451,0.04067093878984451,0.04067093878984451,0.04067093878984451,242200,0.0,0.0
2021-01-27 00:00:00+08:00,0.04008151277524881,0.04243924468755722,0.04008151277524881,0.04243924468755722,9500,0.0,0.0
2021-01-28 00:00:00+08:00,0.04126037428682721,0.04126037428682721,0.040081508457660675,0.040081508457660675,148900,0.0,0.0
2021-01-29 00:00:00+08:00,0.040081508457660675,0.040081508457660675,0.040081508457660675,0.040081508457660675,0,0.0,0.0
2021-02-01 00:00:00+08:00,0.040081508457660675,0.040081508457660675,0.040081508457660675,0.040081508457660675,0,0.0,0.0
2021-02-02 00:00:00+08:00,0.03949207440018654,0.03949207440018654,0.03949207440018654,0.03949207440018654,25000,0.0,0.0
2021-02-03 00:00:00+08:00,0.03949207440018654,0.03949207440018654,0.03949207440018654,0.03949207440018654,0,0.0,0.0
2021-02-04 00:00:00+08:00,0.03890263786709038,0.04067093878984451,0.03890263786709038,0.04067093878984451,17300,0.0,0.0
2021-02-05 00:00:00+08:00,0.04067094137799476,0.04067094137799476,0.0389026403427124,0.0389026403427124,15000,0.0,0.0
2021-02-08 00:00:00+08:00,0.03890264242746924,0.04243924468755722,0.03890264242746924,0.04243924468755722,5200,0.0,0.0
2021-02-09 00:00:00+08:00,0.0389026403427124,0.04067094137799476,0.03831320520040991,0.0389026403427124,225700,0.0,0.0
2021-02-10 00:00:00+08:00,0.03831320520040991,0.04126037652029726,0.03831320520040991,0.0389026403427124,239000,0.0,0.0
2021-02-11 00:00:00+08:00,0.0389026403427124,0.0389026403427124,0.0389026403427124,0.0389026403427124,0,0.0,0.0
2021-02-15 00:00:00+08:00,0.037134338391253296,0.041849810630083084,0.036544903263493314,0.041849810630083084,13100,0.0,0.0
2021-02-16 00:00:00+08:00,0.03772377595305443,0.04184981333034744,0.03713434078726248,0.03772377595305443,126700,0.0,0.0
2021-02-17 00:00:00+08:00,0.03890264039203486,0.04243924246708343,0.037723774497560376,0.04126037657260895,161000,0.0,0.0
2021-02-18 00:00:00+08:00,0.037723772049129245,0.04067093878984451,0.037723772049129245,0.04067093878984451,201300,0.0,0.0
2021-02-19 00:00:00+08:00,0.04126037657260895,0.04126037657260895,0.03890264039203486,0.04126037657260895,62300,0.0,0.0
2021-02-22 00:00:00+08:00,0.041849810630083084,0.041849810630083084,0.041849810630083084,0.041849810630083084,100,0.0,0.0
2021-02-23 00:00:00+08:00,0.03949207440018654,0.040081509526297535,0.03890263927407554,0.03949207440018654,1842000,0.0,0.0
2021-02-24 00:00:00+08:00,0.04126037657260895,0.04126037657260895,0.038313205248985044,0.04126037657260895,4700,0.0,0.0
2021-02-25 00:00:00+08:00,0.04184980939722293,0.0565856564157416,0.038902638236869236,0.040081508457660675,365300,0.0,0.0
2021-02-26 00:00:00+08:00,0.03890264039203486,0.04126037657260895,0.03890264039203486,0.04126037657260895,45200,0.0,0.0
2021-03-01 00:00:00+08:00,0.03890263786709038,0.04067093878984451,0.03890263786709038,0.04067093878984451,70000,0.0,0.0
2021-03-02 00:00:00+08:00,0.0389026403427124,0.04067094137799476,0.03831320520040991,0.0389026403427124,243800,0.0,0.0
2021-03-03 00:00:00+08:00,0.037723774497560376,0.04126037657260895,0.037723774497560376,0.04126037657260895,19600,0.0,0.0
2021-03-04 00:00:00+08:00,0.037134336944336245,0.04067093878984451,0.037134336944336245,0.04067093878984451,3700,0.0,0.0
2021-03-05 00:00:00+08:00,0.04126037652029726,0.04479697859086197,0.0389026403427124,0.0389026403427124,129000,0.0,0.0
2021-03-08 00:00:00+08:00,0.0389026403427124,0.0389026403427124,0.0389026403427124,0.0389026403427124,1300,0.0,0.0
2021-03-09 00:00:00+08:00,0.04126037652029726,0.04126037652029726,0.0389026403427124,0.0389026403427124,3100,0.0,0.0
2021-03-10 00:00:00+08:00,0.03949207440018654,0.03949207440018654,0.03949207440018654,0.03949207440018654,51400,0.0,0.0
2021-03-11 00:00:00+08:00,0.04126037538689451,0.04126037538689451,0.03890263927407554,0.03949207440018654,377700,0.0,0.0
2021-03-12 00:00:00+08:00,0.03772377341347856,0.040670940260783515,0.03772377341347856,0.03949207440018654,11200,0.0,0.0
2021-03-15 00:00:00+08:00,0.03831320276229738,0.04126037389463751,0.03595546893056268,0.04067093878984451,368800,0.0,0.0
2021-03-16 00:00:00+08:00,0.03831320402717023,0.040081509399928085,0.03713433817028999,0.03713433817028999,45700,0.0,0.0
2021-03-17 00:00:00+08:00,0.040081509399928085,0.040081509399928085,0.03654490304603737,0.03713433817028999,3244100,0.0,0.0
2021-03-18 00:00:00+08:00,0.03713433817028999,0.03831320402717023,0.03654490304603737,0.03713433817028999,501100,0.0,0.0
2021-03-19 00:00:00+08:00,0.03654490298276126,0.03831320396083237,0.03595547005534172,0.03595547005534172,3347600,0.0,0.0
2021-03-22 00:00:00+08:00,0.03654490304603737,0.03890263915142285,0.03654490304603737,0.03713433817028999,948400,0.0,0.0
2021-03-23 00:00:00+08:00,0.03654490164653303,0.03831320255994797,0.03654490164653303,0.03831320255994797,1270000,0.0,0.0
2021-03-24 00:00:00+08:00,0.03831320414796454,0.04420754662582448,0.03772377341347856,0.03949207440018654,26213500,0.0,0.0
2021-03-25 00:00:00+08:00,0.04067093878984451,0.04126037389463751,0.039492072971883375,0.04067093878984451,2134000,0.0,0.0
2021-03-26 00:00:00+08:00,0.04067094137799476,0.04067094137799476,0.0389026403427124,0.0389026403427124,719600,0.0,0.0
2021-03-29 00:00:00+08:00,0.038902638236869236,0.040081508457660675,0.038313203126473516,0.040081508457660675,800200,0.0,0.0
2021-03-30 00:00:00+08:00,0.03831320255994797,0.039492072763307816,0.03831320255994797,0.03831320255994797,868500,0.0,0.0
2021-03-31 00:00:00+08:00,0.038313203126473516,0.040081508457660675,0.038313203126473516,0.040081508457660675,2082900,0.0,0.0
2021-04-01 00:00:00+08:00,0.040081508457660675,0.04067093917643149,0.039492073347264955,0.040081508457660675,633200,0.0,0.0
2021-04-05 00:00:00+08:00,0.04067093917643149,0.04067093917643149,0.040081508457660675,0.040081508457660675,57900,0.0,0.0
2021-04-06 00:00:00+08:00,0.0400815106273174,0.0400815106273174,0.0389026403427124,0.0389026403427124,740800,0.0,0.0
2021-04-07 00:00:00+08:00,0.039492076576703526,0.04479697982919527,0.039492076576703526,0.04302867874503136,8616900,0.0,0.0
2021-04-08 00:00:00+08:00,0.042439243553745884,0.05658566099941135,0.04184981278722876,0.05010188743472099,37669000,0.0,0.0
2021-04-09 00:00:00+08:00,0.05187018696487761,0.054817358275745694,0.0501018859350068,0.05128075182437897,7264900,0.0,0.0
2021-04-12 00:00:00+08:00,0.05010188477885337,0.05069131990575018,0.048333583789787964,0.04951244965195656,1778400,0.0,0.0
2021-04-13 00:00:00+08:00,0.04833358116591857,0.0501018820589888,0.046565280272848335,0.04892301186919212,3704500,0.0,0.0
2021-04-14 00:00:00+08:00,0.048333587491428014,0.048333587491428014,0.045975851194897964,0.04715471714735031,2588300,0.0,0.0
2021-04-15 00:00:00+08:00,0.04715471603563438,0.05128075335938049,0.04715471603563438,0.05010188743472099,9185000,0.0,0.0
2021-04-16 00:00:00+08:00,0.05128075182437897,0.053049057245874894,0.04951245079450816,0.05128075182437897,9116100,0.0,0.0
2021-04-19 00:00:00+08:00,0.05069132149219513,0.05128075224591386,0.050101886346851254,0.05069132149219513,2036200,0.0,0.0
2021-04-20 00:00:00+08:00,0.05069131990575018,0.05128075064102197,0.04892301452505975,0.04951244965195656,2407400,0.0,0.0
2021-04-21 00:00:00+08:00,0.048333587491428014,0.048333587491428014,0.045975851194897964,0.04715471714735031,2908100,0.0,0.0
2021-04-22 00:00:00+08:00,0.04774414895936511,0.048333584089922096,0.04597584795931919,0.046565283089876175,2426900,0.0,0.0
2021-04-23 00:00:00+08:00,0.04656528527989217,0.048923017129756725,0.045975850121613406,0.04774415120482445,2190500,0.0,0.0
2021-04-26 00:00:00+08:00,0.048333583789787964,0.05010188477885337,0.048333583789787964,0.04951244965195656,3865700,0.0,0.0
2021-04-27 00:00:00+08:00,0.04892301186919212,0.04892301186919212,0.04833358116591857,0.04892301186919212,1810000,0.0,0.0
2021-04-28 00:00:00+08:00,0.04892301186919212,0.0501018820589888,0.04833358116591857,0.04892301186919212,2428200,0.0,0.0
2021-04-29 00:00:00+08:00,0.048333581537008286,0.048333581537008286,0.048333581537008286,0.048333581537008286,1623400,0.0,0.0
2021-04-30 00:00:00+08:00,0.048333587491428014,0.04892301827184151,0.04715471714735031,0.04715471714735031,934400,0.0,0.0
2021-05-03 00:00:00+08:00,0.047744150073720355,0.047744150073720355,0.04597584903240204,0.04597584903240204,1916200,0.0,0.0
2021-05-04 00:00:00+08:00,0.04715471218815921,0.04715471218815921,0.0453864112496376,0.045386411249637604,495000,0.0,0.0
2021-05-05 00:00:00+08:00,0.04538641771834485,0.04597585291240304,0.0430286813337376,0.04361811652779579,3119800,0.0,0.0
2021-05-06 00:00:00+08:00,0.04420754685997963,0.04420754685997963,0.04361811173074656,0.04420754685997963,363200,0.0,0.0
2021-05-07 00:00:00+08:00,0.044207549062224134,0.044207549062224134,0.042439243586434965,0.04302867874503136,759000,0.0,0.0
2021-05-10 00:00:00+08:00,0.04302867761013324,0.04302867761013324,0.04126037657260895,0.04126037657260895,972000,0.0,0.0
2021-05-11 00:00:00+08:00,0.0412603755023231,0.041849810630083084,0.040670940374563126,0.041849810630083084,1142400,0.0,0.0
2021-05-12 00:00:00+08:00,0.04126037657260895,0.04243924246708343,0.04126037657260895,0.04126037657260895,670000,0.0,0.0
2021-05-14 00:00:00+08:00,0.04067093878984451,0.04126037389463751,0.039492072971883375,0.04067093878984451,820900,0.0,0.0
2021-05-17 00:00:00+08:00,0.04067094142955914,0.04184981171565876,0.04067094142955914,0.04126037657260895,49000,0.0,0.0
2021-05-18 00:00:00+08:00,0.0418498139052928,0.04243924468755722,0.04008151277524881,0.04243924468755722,566600,0.0,0.0
2021-05-19 00:00:00+08:00,0.04126037657260895,0.04126037657260895,0.04067094142955914,0.04126037657260895,600100,0.0,0.0
2021-05-20 00:00:00+08:00,0.04067094250227105,0.04302867874503136,0.04067094250227105,0.04302867874503136,1264700,0.0,0.0
2021-05-21 00:00:00+08:00,0.043028679861447004,0.043028679861447004,0.0418498139052928,0.04243924468755722,362900,0.0,0.0
2021-05-24 00:00:00+08:00,0.0418498139052928,0.04243924468755722,0.041260378731403015,0.04243924468755722,692500,0.0,0.0
2021-05-25 00:00:00+08:00,0.04243924147228041,0.045386412726820737,0.04243924147228041,0.04420754685997963,3250000,0.0,0.0
2021-05-27 00:00:00+08:00,0.04420754645988994,0.045386412316062004,0.04420754645988994,0.04479697719216347,1387900,0.0,0.0
2021-05-28 00:00:00+08:00,0.044207549028173004,0.050691322592863367,0.04361811387003063,0.05010188743472099,7883600,0.0,0.0
2021-05-31 00:00:00+08:00,0.04951245228803549,0.04951245228803549,0.04715471604654568,0.04774415120482445,2527800,0.0,0.0
2021-06-01 00:00:00+08:00,0.04774415015710089,0.055996224625414585,0.047154715011757005,0.05069132149219513,30664700,0.0,0.0
2021-06-02 00:00:00+08:00,0.05128075182437897,0.05187018696487761,0.0501018859350068,0.05128075182437897,3527600,0.0,0.0
2021-06-03 00:00:00+08:00,0.05128075064102197,0.05128075064102197,0.049512449651956565,0.04951244965195656,2588400,0.0,0.0
2021-06-04 00:00:00+08:00,0.0501018820589888,0.05069131715388714,0.04892301186919212,0.04892301186919212,1225600,0.0,0.0
2021-06-07 00:00:00+08:00,0.049512453316670944,0.053049059948192305,0.049512453316670944,0.0518701896071434,6828500,0.0,0.0
2021-06-08 00:00:00+08:00,0.05540678914242021,0.061890562526815136,0.0536384881087898,0.05599622428417206,60141500,0.0,0.0
2021-06-09 00:00:00+08:00,0.05599622537998466,0.05717509568655814,0.05422792431174965,0.05540679022669792,4485500,0.0,0.0
2021-06-10 00:00:00+08:00,0.05599622537998466,0.05599622537998466,0.054817359465036394,0.05540679022669792,2392400,0.0,0.0
2021-06-11 00:00:00+08:00,0.05540678914242021,0.05776452531780247,0.05540678914242021,0.05599622428417206,5730400,0.0,0.0
2021-06-14 00:00:00+08:00,0.0559962243847324,0.06189056263796077,0.0559962243847324,0.06071169674396515,12711000,0.0,0.0
2021-06-15 00:00:00+08:00,0.061890564795118834,0.07426868126744283,0.06012226369667977,0.06660603731870651,63293000,0.0,0.0
2021-06-16 00:00:00+08:00,0.06778490262799351,0.06837433335609348,0.06424829630126887,0.0648377314209938,8818700,0.0,0.0
2021-06-17 00:00:00+08:00,0.06483773625245738,0.06660603735177435,0.06424830108880997,0.06424830108880997,2496500,0.0,0.0
2021-06-18 00:00:00+08:00,0.06542717141610481,0.0677849076790692,0.06424830108880997,0.06424830108880997,3557500,0.0,0.0
2021-06-21 00:00:00+08:00,0.06542717192084115,0.06542717192084115,0.06130113452672958,0.061301134526729584,9530900,0.0,0.0
2021-06-22 00:00:00+08:00,0.06189056420187604,0.06365886967499056,0.059532832354307175,0.059532832354307175,5070300,0.0,0.0
2021-06-23 00:00:00+08:00,0.059532831924665276,0.06130113299339292,0.059532831924665276,0.06012226268649101,2595400,0.0,0.0
2021-06-24 00:00:00+08:00,0.059532830849969534,0.06247999778077115,0.05894339570715915,0.06071169674396515,2845600,0.0,0.0
2021-06-25 00:00:00+08:00,0.06189056541542253,0.06189056541542253,0.056585662066936486,0.05658566206693649,5117800,0.0,0.0
2021-06-28 00:00:00+08:00,0.055996225808809245,0.05835396204838676,0.055996225808809245,0.05717509612441063,2716500,0.0,0.0
2021-06-29 00:00:00+08:00,0.05658565947878625,0.0595328307986736,0.05658565947878625,0.058353960514068604,3212300,0.0,0.0
2021-06-30 00:00:00+08:00,0.058353959440088546,0.06071169557428026,0.05776452430863435,0.05894339457154274,4413100,0.0,0.0
2021-07-01 00:00:00+08:00,0.0595328307986736,0.060122261549350964,0.058353960514068604,0.058353960514068604,4169000,0.0,0.0
2021-07-02 00:00:00+08:00,0.058943396771214324,0.06247999890866961,0.058943396771214324,0.06012226268649101,11220200,0.0,0.0
2021-07-05 00:00:00+08:00,0.060711697839941965,0.060711697839941965,0.058943396771214324,0.06012226268649101,2467900,0.0,0.0
2021-07-06 00:00:00+08:00,0.06071169557428026,0.06071169557428026,0.05894339457154274,0.05894339457154274,2210500,0.0,0.0
2021-07-07 00:00:00+08:00,0.058943395656371106,0.060122261549350964,0.058353960514068604,0.058353960514068604,1573100,0.0,0.0
2021-07-08 00:00:00+08:00,0.0583539616015064,0.0583539616015064,0.055406790226697915,0.05540679022669792,3724800,0.0,0.0
2021-07-09 00:00:00+08:00,0.05658565843735103,0.05894339457154274,0.05599622330589683,0.05894339457154274,4175800,0.0,0.0
2021-07-12 00:00:00+08:00,0.05894339296202208,0.05953282807738103,0.05717509200757015,0.05776452273130417,892800,0.0,0.0
2021-07-13 00:00:00+08:00,0.05717509200757015,0.05953282807738103,0.05717509200757015,0.05776452273130417,2468100,0.0,0.0
2021-07-14 00:00:00+08:00,0.05776452273130417,0.05835395784666312,0.05717509200757015,0.05776452273130417,274100,0.0,0.0
2021-07-15 00:00:00+08:00,0.057175094621088746,0.058353960514068604,0.057175094621088746,0.058353960514068604,432600,0.0,0.0
2021-07-16 00:00:00+08:00,0.05776452537176611,0.058943395656371106,0.05776452537176611,0.058353960514068604,1029900,0.0,0.0
2021-07-19 00:00:00+08:00,0.05717509612441063,0.057764526890586074,0.055996225808809245,0.05717509612441063,720300,0.0,0.0
2021-07-21 00:00:00+08:00,0.05717509612441063,0.05717509612441063,0.055996225808809245,0.05717509612441063,176000,0.0,0.0
2021-07-22 00:00:00+08:00,0.05658566096660994,0.05717509612441063,0.055996225808809245,0.05717509612441063,348200,0.0,0.0
2021-07-23 00:00:00+08:00,0.055406791728411585,0.056585662066936486,0.054817360950774476,0.05658566206693649,805400,0.0,0.0
2021-07-26 00:00:00+08:00,0.05599622581869842,0.05599622581869842,0.05481735989451409,0.054817359894514084,236400,0.0,0.0
2021-07-27 00:00:00+08:00,0.05540678914242021,0.05599622428417206,0.05540678914242021,0.05599622428417206,177500,0.0,0.0
2021-07-28 00:00:00+08:00,0.05540678914242021,0.05599622428417206,0.05422792325054165,0.05599622428417206,324000,0.0,0.0
2021-07-29 00:00:00+08:00,0.054817359465036394,0.05599622537998466,0.053638489158462914,0.05540679022669792,890800,0.0,0.0
2021-07-30 00:00:00+08:00,0.054817359465036394,0.05599622537998466,0.05422792431174965,0.05540679022669792,278800,0.0,0.0
2021-08-02 00:00:00+08:00,0.055406791728411585,0.056585662066936486,0.054817360950774476,0.05658566206693649,106700,0.0,0.0
2021-08-03 00:00:00+08:00,0.054817359465036394,0.05717509568655814,0.054817359465036394,0.05540679022669792,133800,0.0,0.0
2021-08-04 00:00:00+08:00,0.0542279247366093,0.05481735989451409,0.0542279247366093,0.054817359894514084,161900,0.0,0.0
2021-08-05 00:00:00+08:00,0.05422792325054165,0.05599622428417206,0.05422792325054165,0.05599622428417206,21800,0.0,0.0
2021-08-06 00:00:00+08:00,0.056585660533271395,0.0583539616015064,0.055406790226697915,0.05540679022669792,691800,0.0,0.0
2021-08-10 00:00:00+08:00,0.05481735989451409,0.05481735989451409,0.05481735989451409,0.054817359894514084,505500,0.0,0.0
2021-08-11 00:00:00+08:00,0.05599622073554043,0.05599622073554043,0.05304905399680137,0.053049053996801376,1530900,0.0,0.0
2021-08-12 00:00:00+08:00,0.05304905730474785,0.05363848805427551,0.052459622163595065,0.05363848805427551,32900,0.0,0.0
2021-08-13 00:00:00+08:00,0.05363848957870451,0.05481735989451409,0.05363848957870451,0.054817359894514084,55000,0.0,0.0
2021-08-16 00:00:00+08:00,0.055406790226697915,0.05599622537998466,0.054817359465036394,0.05540679022669792,729300,0.0,0.0
2021-08-17 00:00:00+08:00,0.05363848805427551,0.054227923195428296,0.05304905730474785,0.05363848805427551,478800,0.0,0.0
2021-08-18 00:00:00+08:00,0.05363848957870451,0.05481735989451409,0.05363848957870451,0.054817359894514084,16000,0.0,0.0
2021-08-19 00:00:00+08:00,0.05304905881242497,0.05481735989451409,0.052459623654520185,0.054817359894514084,177300,0.0,0.0
2021-08-20 00:00:00+08:00,0.05304905881242497,0.055406790660793626,0.05304905881242497,0.054817359894514084,426700,0.0,0.0
2021-08-23 00:00:00+08:00,0.05481735989451409,0.05481735989451409,0.05481735989451409,0.054817359894514084,0,0.0,0.0
2021-08-24 00:00:00+08:00,0.05304905881242497,0.055406790660793626,0.05304905881242497,0.054817359894514084,742400,0.0,0.0
2021-08-25 00:00:00+08:00,0.0542279247366093,0.055406790660793626,0.0542279247366093,0.054817359894514084,152900,0.0,0.0
2021-08-26 00:00:00+08:00,0.05481735989451409,0.05481735989451409,0.05481735989451409,0.054817359894514084,0,0.0,0.0
2021-08-27 00:00:00+08:00,0.05481735989451409,0.05481735989451409,0.05363848957870451,0.054817359894514084,191100,0.0,0.0
2021-08-30 00:00:00+08:00,0.0542279247366093,0.05481735989451409,0.0542279247366093,0.054817359894514084,3000,0.0,0.0
2021-08-31 00:00:00+08:00,0.05363848805427551,0.054227923195428296,0.05363848805427551,0.05363848805427551,322100,0.0,0.0
2021-09-01 00:00:00+08:00,0.053638484709574275,0.053638484709574275,0.05304905399680137,0.053049053996801376,92900,0.0,0.0
2021-09-02 00:00:00+08:00,0.05304905730474785,0.05363848805427551,0.05304905730474785,0.05363848805427551,207000,0.0,0.0
2021-09-03 00:00:00+08:00,0.0542279247366093,0.055406790660793626,0.05363848957870451,0.054817359894514084,545900,0.0,0.0
2021-09-06 00:00:00+08:00,0.05363848957870451,0.055406790660793626,0.05363848957870451,0.054817359894514084,2000,0.0,0.0
2021-09-07 00:00:00+08:00,0.0536384881087898,0.05599622428417206,0.0536384881087898,0.05599622428417206,2231800,0.0,0.0
2021-09-08 00:00:00+08:00,0.055406790226697915,0.05776452644821966,0.054817359465036394,0.05540679022669792,1677500,0.0,0.0
2021-09-09 00:00:00+08:00,0.056585660976603204,0.056585660976603204,0.05481735989451409,0.054817359894514084,100700,0.0,0.0
2021-09-10 00:00:00+08:00,0.05481735839229349,0.05599622428417206,0.05481735839229349,0.05599622428417206,298200,0.0,0.0
2021-09-13 00:00:00+08:00,0.054227923195428296,0.054227923195428296,0.05363848805427551,0.05363848805427551,243300,0.0,0.0
2021-09-14 00:00:00+08:00,0.054227923195428296,0.054227923195428296,0.05363848805427551,0.05363848805427551,367600,0.0,0.0
2021-09-15 00:00:00+08:00,0.05363848957870451,0.05481735989451409,0.05363848957870451,0.054817359894514084,56200,0.0,0.0
2021-09-16 00:00:00+08:00,0.0542279247366093,0.055406790660793626,0.0542279247366093,0.054817359894514084,162400,0.0,0.0
2021-09-17 00:00:00+08:00,0.053638486982376006,0.054227922111749656,0.053638486982376006,0.05422792211174965,125300,0.0,0.0
2021-09-20 00:00:00+08:00,0.05363848805427551,0.05363848805427551,0.05363848805427551,0.05363848805427551,356600,0.0,0.0
2021-09-21 00:00:00+08:00,0.0542279247366093,0.05481735989451409,0.05363848957870451,0.054817359894514084,537600,0.0,0.0
2021-09-22 00:00:00+08:00,0.054817359465036394,0.055406790226697915,0.054817359465036394,0.05540679022669792,230600,0.0,0.0
2021-09-23 00:00:00+08:00,0.05540678914242021,0.05599622428417206,0.05540678914242021,0.05599622428417206,120000,0.0,0.0
2021-09-24 00:00:00+08:00,0.05599622537998466,0.05599622537998466,0.055406790226697915,0.05540679022669792,400000,0.0,0.0
2021-09-27 00:00:00+08:00,0.054817359465036394,0.055406790226697915,0.054817359465036394,0.05540679022669792,113100,0.0,0.0
2021-09-28 00:00:00+08:00,0.05481735989451409,0.056585660976603204,0.05481735989451409,0.054817359894514084,343800,0.0,0.0
2021-09-29 00:00:00+08:00,0.0542279247366093,0.05481735989451409,0.0542279247366093,0.054817359894514084,63100,0.0,0.0
2021-09-30 00:00:00+08:00,0.055406790226697915,0.055406790226697915,0.055406790226697915,0.05540679022669792,100000,0.0,0.0
2021-10-01 00:00:00+08:00,0.05422792325054165,0.05599622428417206,0.05422792325054165,0.05599622428417206,100100,0.0,0.0
2021-10-04 00:00:00+08:00,0.05481735989451409,0.055406790660793626,0.05481735989451409,0.054817359894514084,120000,0.0,0.0
2021-10-05 00:00:00+08:00,0.054227922111749656,0.054227922111749656,0.053638486982376006,0.05422792211174965,226000,0.0,0.0
2021-10-06 00:00:00+08:00,0.0542279247366093,0.05481735989451409,0.05363848957870451,0.054817359894514084,242500,0.0,0.0
2021-10-07 00:00:00+08:00,0.054227922111749656,0.0548173572411233,0.053638486982376006,0.05422792211174965,166800,0.0,0.0
2021-10-08 00:00:00+08:00,0.055406790226697915,0.05599622537998466,0.054817359465036394,0.05540679022669792,409900,0.0,0.0
2021-10-11 00:00:00+08:00,0.055406790226697915,0.055406790226697915,0.055406790226697915,0.05540679022669792,0,0.0,0.0
2021-10-12 00:00:00+08:00,0.055406790226697915,0.05599622537998466,0.055406790226697915,0.05540679022669792,68700,0.0,0.0
2021-10-13 00:00:00+08:00,0.055996225799703384,0.060122263120386765,0.055996225799703384,0.059532832354307175,3949300,0.0,0.0
2021-10-14 00:00:00+08:00,0.06012225910920444,0.0630694303094767,0.06012225910920444,0.06247999519109726,2903000,0.0,0.0
2021-10-15 00:00:00+08:00,0.061301134086576364,0.06306943518683812,0.061301134086576364,0.06189056485891342,554000,0.0,0.0
2021-10-18 00:00:00+08:00,0.060122261601154775,0.06189056263796077,0.060122261601154775,0.06071169674396515,150500,0.0,0.0
2021-10-19 00:00:00+08:00,0.06012226419034037,0.06130113452672958,0.06012226419034037,0.061301134526729584,210000,0.0,0.0
2021-10-20 00:00:00+08:00,0.061301134086576364,0.06248000002287578,0.061301134086576364,0.06189056485891342,1328500,0.0,0.0
2021-10-21 00:00:00+08:00,0.062479999989492996,0.06424830108880997,0.062479999989492996,0.06424830108880997,1241100,0.0,0.0
2021-10-22 00:00:00+08:00,0.0630694329738617,0.0630694329738617,0.0630694329738617,0.0630694329738617,230000,0.0,0.0
2021-10-25 00:00:00+08:00,0.061890560072717815,0.06247999519109726,0.061890560072717815,0.06247999519109726,94300,0.0,0.0
2021-10-26 00:00:00+08:00,0.06189056485891342,0.06189056485891342,0.060711698922614014,0.06189056485891342,360900,0.0,0.0
2021-10-27 00:00:00+08:00,0.06189056530329885,0.062480000471493456,0.06130113452672958,0.061301134526729584,227600,0.0,0.0
2021-10-28 00:00:00+08:00,0.06130113452672958,0.062480000471493456,0.06071169935853497,0.061301134526729584,615000,0.0,0.0
2021-10-29 00:00:00+08:00,0.06130112934596333,0.0630694303094767,0.06130112934596333,0.06247999519109726,952700,0.0,0.0
2021-11-01 00:00:00+08:00,0.061890560072717815,0.0630694303094767,0.06130112934596333,0.06247999519109726,343600,0.0,0.0
2021-11-02 00:00:00+08:00,0.06189056485891342,0.06306943518683812,0.06189056485891342,0.06189056485891342,467900,0.0,0.0
2021-11-03 00:00:00+08:00,0.06189056530329885,0.062480000471493456,0.06130113452672958,0.061301134526729584,424400,0.0,0.0
2021-11-05 00:00:00+08:00,0.061301134086576364,0.06248000002287578,0.060711698922614014,0.06189056485891342,602800,0.0,0.0
2021-11-08 00:00:00+08:00,0.06189056485891342,0.06189056485891342,0.06189056485891342,0.06189056485891342,178000,0.0,0.0
2021-11-09 00:00:00+08:00,0.06189056485891342,0.06189056485891342,0.06189056485891342,0.06189056485891342,100000,0.0,0.0
2021-11-10 00:00:00+08:00,0.06130112934596333,0.06247999519109726,0.060711694227583886,0.06247999519109726,923700,0.0,0.0
2021-11-11 00:00:00+08:00,0.061301134086576364,0.06189056485891342,0.061301134086576364,0.06189056485891342,49500,0.0,0.0
2021-11-12 00:00:00+08:00,0.06189056485891342,0.06248000002287578,0.06189056485891342,0.06189056485891342,299100,0.0,0.0
2021-11-15 00:00:00+08:00,0.06130113452672958,0.06130113452672958,0.06130113452672958,0.061301134526729584,41000,0.0,0.0
2021-11-16 00:00:00+08:00,0.06189056485891342,0.06189056485891342,0.061301134086576364,0.06189056485891342,133200,0.0,0.0
2021-11-17 00:00:00+08:00,0.06130113452672958,0.06189056530329885,0.06130113452672958,0.061301134526729584,69000,0.0,0.0
2021-11-18 00:00:00+08:00,0.06130112934596333,0.06247999519109726,0.06130112934596333,0.06247999519109726,2700,0.0,0.0
2021-11-19 00:00:00+08:00,0.06130113452672958,0.06130113452672958,0.06130113452672958,0.061301134526729584,2300,0.0,0.0
2021-11-22 00:00:00+08:00,0.062480000471493456,0.062480000471493456,0.06130113452672958,0.061301134526729584,159500,0.0,0.0
2021-11-23 00:00:00+08:00,0.06071169935853497,0.06130113452672958,0.06071169935853497,0.061301134526729584,18000,0.0,0.0
2021-11-24 00:00:00+08:00,0.060711698922614014,0.06189056485891342,0.060122263758651665,0.06189056485891342,135100,0.0,0.0
2021-11-25 00:00:00+08:00,0.060122261601154775,0.060711696743965156,0.060122261601154775,0.06071169674396515,18200,0.0,0.0
2021-11-26 00:00:00+08:00,0.06189056420187604,0.06189056420187604,0.059532832354307175,0.059532832354307175,391000,0.0,0.0
2021-11-29 00:00:00+08:00,0.059532833521623404,0.059532833521623404,0.056585662066936486,0.05658566206693649,94800,0.0,0.0
2021-11-30 00:00:00+08:00,0.05658566096660994,0.05717509612441063,0.05658566096660994,0.05717509612441063,100300,0.0,0.0
2021-12-01 00:00:00+08:00,0.05894339457154274,0.05894339457154274,0.05894339457154274,0.05894339457154274,800,0.0,0.0
2021-12-02 00:00:00+08:00,0.05776452801383605,0.05776452801383605,0.056585662066936486,0.05658566206693649,532600,0.0,0.0
2021-12-03 00:00:00+08:00,0.056585662066936486,0.056585662066936486,0.056585662066936486,0.05658566206693649,0,0.0,0.0
2021-12-06 00:00:00+08:00,0.059532832354307175,0.059532832354307175,0.059532832354307175,0.059532832354307175,500,0.0,0.0
2021-12-07 00:00:00+08:00,0.059532832354307175,0.059532832354307175,0.059532832354307175,0.059532832354307175,0,0.0,0.0
2021-12-08 00:00:00+08:00,0.06071169827809161,0.06071169827809161,0.05776452688119266,0.059532832354307175,35900,0.0,0.0
2021-12-09 00:00:00+08:00,0.057764526464312425,0.06012226268649101,0.057764526464312425,0.06012226268649101,148100,0.0,0.0
2021-12-10 00:00:00+08:00,0.05776452273130417,0.05776452273130417,0.05776452273130417,0.05776452273130417,200,0.0,0.0
2021-12-13 00:00:00+08:00,0.06012226044282607,0.06012226044282607,0.05894339457154274,0.05894339457154274,42800,0.0,0.0
2021-12-14 00:00:00+08:00,0.05953282970299693,0.06012226044282607,0.05894339457154274,0.05894339457154274,113100,0.0,0.0
2021-12-15 00:00:00+08:00,0.060122261601154775,0.060711696743965156,0.060122261601154775,0.06071169674396515,44000,0.0,0.0
2021-12-16 00:00:00+08:00,0.059532833413771094,0.06130113452672958,0.05894339824557649,0.061301134526729584,367200,0.0,0.0
2021-12-17 00:00:00+08:00,0.06130113299339292,0.06130113299339292,0.05835396161776338,0.06012226268649101,414000,0.0,0.0
2021-12-20 00:00:00+08:00,0.058353960514068604,0.058353960514068604,0.058353960514068604,0.058353960514068604,72000,0.0,0.0
2021-12-21 00:00:00+08:00,0.059532832354307175,0.060122263120386765,0.05894339719660233,0.059532832354307175,50000,0.0,0.0
2021-12-22 00:00:00+08:00,0.058943395656371106,0.060122261549350964,0.058353960514068604,0.058353960514068604,83800,0.0,0.0
2021-12-23 00:00:00+08:00,0.058353959440088546,0.05953282970299693,0.058353959440088546,0.05894339457154274,179600,0.0,0.0
2021-12-24 00:00:00+08:00,0.05894339719660233,0.059532832354307175,0.05894339719660233,0.059532832354307175,90300,0.0,0.0
2021-12-27 00:00:00+08:00,0.059532832354307175,0.059532832354307175,0.05894339719660233,0.059532832354307175,25400,0.0,0.0
2021-12-28 00:00:00+08:00,0.059532831924665276,0.06012226268649101,0.059532831924665276,0.06012226268649101,34900,0.0,0.0
2021-12-29 00:00:00+08:00,0.06012226419034037,0.06130113452672958,0.06012226419034037,0.061301134526729584,152400,0.0,0.0
2021-12-30 00:00:00+08:00,0.06071169935853497,0.06189056530329885,0.06071169935853497,0.061301134526729584,319600,0.0,0.0
2021-12-31 00:00:00+08:00,0.06012226268649101,0.06012226268649101,0.059532831924665276,0.06012226268649101,280000,0.0,0.0
2022-01-03 00:00:00+08:00,0.06012226419034037,0.06130113452672958,0.06012226419034037,0.061301134526729584,162400,0.0,0.0
2022-01-04 00:00:00+08:00,0.06071169935853497,0.06130113452672958,0.06071169935853497,0.061301134526729584,146900,0.0,0.0
2022-01-05 00:00:00+08:00,0.05953283298631461,0.06189056485891342,0.05953283298631461,0.06189056485891342,73500,0.0,0.0
2022-01-06 00:00:00+08:00,0.061301134086576364,0.06189056485891342,0.060711698922614014,0.06189056485891342,30000,0.0,0.0
2022-01-07 00:00:00+08:00,0.06130112934596333,0.06247999519109726,0.06130112934596333,0.06247999519109726,92600,0.0,0.0
2022-01-10 00:00:00+08:00,0.060711698922614014,0.06189056485891342,0.060711698922614014,0.06189056485891342,70600,0.0,0.0
2022-01-11 00:00:00+08:00,0.06189056263796077,0.06189056263796077,0.060122261601154775,0.06071169674396515,61500,0.0,0.0
2022-01-12 00:00:00+08:00,0.061301134086576364,0.06189056485891342,0.061301134086576364,0.06189056485891342,53000,0.0,0.0
2022-01-13 00:00:00+08:00,0.06130113452672958,0.06130113452672958,0.06071169935853497,0.061301134526729584,111300,0.0,0.0
2022-01-14 00:00:00+08:00,0.06071169935853497,0.06130113452672958,0.06071169935853497,0.061301134526729584,117000,0.0,0.0
2022-01-17 00:00:00+08:00,0.06130113452672958,0.06130113452672958,0.06130113452672958,0.061301134526729584,0,0.0,0.0
2022-01-18 00:00:00+08:00,0.05953282970299693,0.05953282970299693,0.05894339457154274,0.05894339457154274,87000,0.0,0.0
2022-01-19 00:00:00+08:00,0.06012226419034037,0.06130113452672958,0.06012226419034037,0.061301134526729584,8200,0.0,0.0
2022-01-20 00:00:00+08:00,0.060122261601154775,0.06130113188677553,0.060122261601154775,0.06071169674396515,26400,0.0,0.0
2022-01-21 00:00:00+08:00,0.060122261601154775,0.060711696743965156,0.060122261601154775,0.06071169674396515,18300,0.0,0.0
2022-01-24 00:00:00+08:00,0.06012226419034037,0.06130113452672958,0.05894339824557649,0.061301134526729584,40000,0.0,0.0
2022-01-25 00:00:00+08:00,0.06130113452672958,0.06130113452672958,0.06130113452672958,0.061301134526729584,0,0.0,0.0
2022-01-26 00:00:00+08:00,0.06130113452672958,0.06130113452672958,0.06130113452672958,0.061301134526729584,0,0.0,0.0
2022-01-27 00:00:00+08:00,0.06130113452672958,0.06130113452672958,0.06130113452672958,0.061301134526729584,0,0.0,0.0
2022-01-28 00:00:00+08:00,0.05894339570715915,0.060711696743965156,0.05835396056434878,0.06071169674396515,123000,0.0,0.0
2022-01-31 00:00:00+08:00,0.060711696743965156,0.06130113188677553,0.05835396056434878,0.06071169674396515,21000,0.0,0.0
2022-02-03 00:00:00+08:00,0.060711697839941965,0.060711697839941965,0.058943396771214324,0.06012226268649101,56100,0.0,0.0
2022-02-04 00:00:00+08:00,0.058943396771214324,0.06012226268649101,0.058943396771214324,0.06012226268649101,53100,0.0,0.0
2022-02-07 00:00:00+08:00,0.06012226268649101,0.06012226268649101,0.06012226268649101,0.06012226268649101,0,0.0,0.0
2022-02-08 00:00:00+08:00,0.06012226268649101,0.06012226268649101,0.06012226268649101,0.06012226268649101,0,0.0,0.0
2022-02-09 00:00:00+08:00,0.059532831924665276,0.060711697839941965,0.058943396771214324,0.06012226268649101,102400,0.0,0.0
2022-02-10 00:00:00+08:00,0.05894339570715915,0.060711696743965156,0.05894339570715915,0.06071169674396515,609600,0.0,0.0
2022-02-11 00:00:00+08:00,0.058943396771214324,0.06012226268649101,0.05835396161776338,0.06012226268649101,241400,0.0,0.0
2022-02-14 00:00:00+08:00,0.058943396771214324,0.06012226268649101,0.05835396161776338,0.06012226268649101,93000,0.0,0.0
2022-02-15 00:00:00+08:00,0.058943396771214324,0.06012226268649101,0.05835396161776338,0.06012226268649101,96400,0.0,0.0
2022-02-16 00:00:00+08:00,0.060122261601154775,0.060711696743965156,0.060122261601154775,0.06071169674396515,25300,0.0,0.0
2022-02-17 00:00:00+08:00,0.058943396771214324,0.06012226268649101,0.058943396771214324,0.06012226268649101,70000,0.0,0.0
2022-02-18 00:00:00+08:00,0.06012226268649101,0.06012226268649101,0.06012226268649101,0.06012226268649101,0,0.0,0.0
2022-02-21 00:00:00+08:00,0.06012226268649101,0.06012226268649101,0.06012226268649101,0.06012226268649101,0,0.0,0.0
2022-02-22 00:00:00+08:00,0.058943396771214324,0.060711697839941965,0.05835396161776338,0.06012226268649101,91000,0.0,0.0
2022-02-23 00:00:00+08:00,0.06012226268649101,0.06012226268649101,0.05835396161776338,0.06012226268649101,167800,0.0,0.0
2022-02-24 00:00:00+08:00,0.05894339719660233,0.059532832354307175,0.05835396203889749,0.059532832354307175,98200,0.0,0.0
2022-02-25 00:00:00+08:00,0.058943396771214324,0.06012226268649101,0.058943396771214324,0.06012226268649101,14300,0.0,0.0
2022-02-28 00:00:00+08:00,0.06012226268649101,0.06012226268649101,0.06012226268649101,0.06012226268649101,0,0.0,0.0
2022-03-01 00:00:00+08:00,0.05540679024213383,0.06012226268649101,0.05540679024213383,0.06012226268649101,21800,0.0,0.0
2022-03-02 00:00:00+08:00,0.057764526464312425,0.06012226268649101,0.057764526464312425,0.06012226268649101,38500,0.0,0.0
2022-03-03 00:00:00+08:00,0.059532832354307175,0.060122263120386765,0.059532832354307175,0.059532832354307175,11000,0.0,0.0
2022-03-04 00:00:00+08:00,0.05894339296202208,0.05894339296202208,0.05776452273130417,0.05776452273130417,385000,0.0,0.0
2022-03-07 00:00:00+08:00,0.05776452273130417,0.05776452273130417,0.05776452273130417,0.05776452273130417,29600,0.0,0.0
2022-03-08 00:00:00+08:00,0.060122263120386765,0.060122263120386765,0.059532832354307175,0.059532832354307175,20000,0.0,0.0
2022-03-09 00:00:00+08:00,0.05835396203889749,0.060122263120386765,0.056585660957408225,0.059532832354307175,23400,0.0,0.0
2022-03-10 00:00:00+08:00,0.057764526890586074,0.057764526890586074,0.05717509612441063,0.05717509612441063,48200,0.0,0.0
2022-03-11 00:00:00+08:00,0.059532832354307175,0.059532832354307175,0.059532832354307175,0.059532832354307175,5800,0.0,0.0
2022-03-14 00:00:00+08:00,0.056585659425923904,0.056585659425923904,0.05599622428417206,0.05599622428417206,50000,0.0,0.0
2022-03-15 00:00:00+08:00,0.05599622428417206,0.05599622428417206,0.05599622428417206,0.05599622428417206,0,0.0,0.0
2022-03-16 00:00:00+08:00,0.05599622428417206,0.05599622428417206,0.05599622428417206,0.05599622428417206,0,0.0,0.0
2022-03-17 00:00:00+08:00,0.05599622428417206,0.05599622428417206,0.05599622428417206,0.05599622428417206,0,0.0,0.0
2022-03-18 00:00:00+08:00,0.05599622428417206,0.05599622428417206,0.05599622428417206,0.05599622428417206,0,0.0,0.0
2022-03-21 00:00:00+08:00,0.05599622428417206,0.05599622428417206,0.05599622428417206,0.05599622428417206,0,0.0,0.0
2022-03-22 00:00:00+08:00,0.05599622428417206,0.05599622428417206,0.05599622428417206,0.05599622428417206,0,0.0,0.0
2022-03-23 00:00:00+08:00,0.05599622537998466,0.05599622537998466,0.055406790226697915,0.05540679022669792,10900,0.0,0.0
2022-03-24 00:00:00+08:00,0.055406790226697915,0.055406790226697915,0.055406790226697915,0.05540679022669792,0,0.0,0.0
2022-03-25 00:00:00+08:00,0.055406790226697915,0.055406790226697915,0.055406790226697915,0.05540679022669792,0,0.0,0.0
2022-03-28 00:00:00+08:00,0.055406790226697915,0.055406790226697915,0.055406790226697915,0.05540679022669792,0,0.0,0.0
2022-03-29 00:00:00+08:00,0.055406790226697915,0.055406790226697915,0.055406790226697915,0.05540679022669792,500,0.0,0.0
2022-03-30 00:00:00+08:00,0.055406790226697915,0.055406790226697915,0.055406790226697915,0.05540679022669792,0,0.0,0.0
2022-03-31 00:00:00+08:00,0.05422792471821411,0.059532832354307175,0.05422792471821411,0.059532832354307175,11900,0.0,0.0
2022-04-01 00:00:00+08:00,0.05894339457154274,0.05894339457154274,0.058353959440088546,0.05894339457154274,2900,0.0,0.0
2022-04-04 00:00:00+08:00,0.05894339570715915,0.060711696743965156,0.05894339570715915,0.06071169674396515,159100,0.0,0.0
2022-04-05 00:00:00+08:00,0.060711699468522964,0.060711699468522964,0.056585662066936486,0.05658566206693649,5500,0.0,0.0
2022-04-06 00:00:00+08:00,0.056585658237619206,0.056585658237619206,0.054227922111749656,0.05422792211174965,178400,0.0,0.0
2022-04-07 00:00:00+08:00,0.05481735989451409,0.05481735989451409,0.0542279247366093,0.054817359894514084,13200,0.0,0.0
2022-04-08 00:00:00+08:00,0.05481735989451409,0.05481735989451409,0.0542279247366093,0.054817359894514084,62300,0.0,0.0
2022-04-11 00:00:00+08:00,0.05481735989451409,0.05481735989451409,0.05481735989451409,0.054817359894514084,0,0.0,0.0
2022-04-12 00:00:00+08:00,0.054227925781512025,0.056585662066936486,0.054227925781512025,0.05658566206693649,73000,0.0,0.0
2022-04-13 00:00:00+08:00,0.055406790226697915,0.055406790226697915,0.055406790226697915,0.05540679022669792,1500,0.0,0.0
2022-04-14 00:00:00+08:00,0.055406790226697915,0.055406790226697915,0.055406790226697915,0.05540679022669792,1700,0.0,0.0
2022-04-18 00:00:00+08:00,0.055406790226697915,0.055406790226697915,0.055406790226697915,0.05540679022669792,0,0.0,0.0
2022-04-19 00:00:00+08:00,0.05776452690078753,0.05894339721659711,0.05481735989451409,0.054817359894514084,33000,0.0,0.0
2022-04-20 00:00:00+08:00,0.05481735989451409,0.05481735989451409,0.05481735989451409,0.054817359894514084,1800,0.0,0.0
2022-04-21 00:00:00+08:00,0.05481735989451409,0.05481735989451409,0.05481735989451409,0.054817359894514084,15600,0.0,0.0
2022-04-22 00:00:00+08:00,0.05481735989451409,0.05481735989451409,0.05481735989451409,0.054817359894514084,0,0.0,0.0
2022-04-25 00:00:00+08:00,0.05658565843735103,0.05953282970299693,0.051870186168967596,0.05894339457154274,146300,0.0,0.0
2022-04-26 00:00:00+08:00,0.058353960514068604,0.058353960514068604,0.058353960514068604,0.058353960514068604,100,0.0,0.0
2022-04-27 00:00:00+08:00,0.057764526890586074,0.057764526890586074,0.05717509612441063,0.05717509612441063,500,0.0,0.0
2022-04-28 00:00:00+08:00,0.05717509456767575,0.05717509456767575,0.05187018707515939,0.05599622428417206,207400,0.0,0.0
2022-04-29 00:00:00+08:00,0.05717509450956711,0.05717509450956711,0.05363848805427551,0.05363848805427551,62400,0.0,0.0
2022-05-04 00:00:00+08:00,0.05245962477766786,0.05245962477766786,0.05187018960714341,0.0518701896071434,135800,0.0,0.0
2022-05-05 00:00:00+08:00,0.05894339186590435,0.05894339186590435,0.05304905399680137,0.053049053996801376,900,0.0,0.0
2022-05-06 00:00:00+08:00,0.05304905399680137,0.05304905399680137,0.05304905399680137,0.053049053996801376,0,0.0,0.0
2022-05-09 00:00:00+08:00,0.05304905399680137,0.05304905399680137,0.05304905399680137,0.053049053996801376,0,0.0,0.0
2022-05-10 00:00:00+08:00,0.05245962477766786,0.05245962477766786,0.05187018960714341,0.0518701896071434,22800,0.0,0.0
2022-05-11 00:00:00+08:00,0.05187018960714341,0.05187018960714341,0.05187018960714341,0.0518701896071434,0,0.0,0.0
2022-05-12 00:00:00+08:00,0.05187018960714341,0.05187018960714341,0.05187018960714341,0.0518701896071434,0,0.0,0.0
2022-05-13 00:00:00+08:00,0.05599622428417206,0.05599622428417206,0.05422792325054165,0.05599622428417206,20100,0.0,0.0
2022-05-17 00:00:00+08:00,0.05599622428417206,0.05599622428417206,0.05599622428417206,0.05599622428417206,0,0.0,0.0
2022-05-18 00:00:00+08:00,0.05599622428417206,0.05599622428417206,0.05599622428417206,0.05599622428417206,0,0.0,0.0
2022-05-19 00:00:00+08:00,0.055406790226697915,0.055406790226697915,0.05245962324351465,0.05540679022669792,35000,0.0,0.0
2022-05-20 00:00:00+08:00,0.055406790226697915,0.055406790226697915,0.055406790226697915,0.05540679022669792,0,0.0,0.0
2022-05-23 00:00:00+08:00,0.055406790226697915,0.055406790226697915,0.055406790226697915,0.05540679022669792,0,0.0,0.0
2022-05-24 00:00:00+08:00,0.05894339722794246,0.05894339722794246,0.052459623664617545,0.05245962366461754,9100,0.0,0.0
2022-05-25 00:00:00+08:00,0.052459623664617545,0.052459623664617545,0.052459623664617545,0.05245962366461754,0,0.0,0.0
2022-05-26 00:00:00+08:00,0.055406790660793626,0.055406790660793626,0.05481735989451409,0.054817359894514084,500,0.0,0.0
2022-05-27 00:00:00+08:00,0.05540678914242021,0.058353960459554315,0.05540678914242021,0.05599622428417206,196500,0.0,0.0
2022-05-30 00:00:00+08:00,0.05658565947878625,0.058353960514068604,0.05599622433648375,0.058353960514068604,403100,0.0,0.0
2022-05-31 00:00:00+08:00,0.05835396203889749,0.060122263120386765,0.05835396203889749,0.059532832354307175,829800,0.0,0.0
2022-06-01 00:00:00+08:00,0.058353960459554315,0.058353960459554315,0.05599622428417206,0.05599622428417206,130000,0.0,0.0
2022-06-02 00:00:00+08:00,0.055406790226697915,0.055406790226697915,0.055406790226697915,0.05540679022669792,1500,0.0,0.0
2022-06-03 00:00:00+08:00,0.055406790226697915,0.055406790226697915,0.055406790226697915,0.05540679022669792,0,0.0,0.0
2022-06-06 00:00:00+08:00,0.055406790226697915,0.055406790226697915,0.055406790226697915,0.05540679022669792,0,0.0,0.0
2022-06-07 00:00:00+08:00,0.05540678817444264,0.05894339457154274,0.05540678817444264,0.05894339457154274,70100,0.0,0.0
2022-06-08 00:00:00+08:00,0.05894339457154274,0.05894339457154274,0.05894339457154274,0.05894339457154274,0,0.0,0.0
2022-06-09 00:00:00+08:00,0.05599622177685224,0.05776452273130417,0.05481735593775927,0.05776452273130417,30100,0.0,0.0
2022-06-10 00:00:00+08:00,0.05481735593775927,0.05776452273130417,0.05363848570704137,0.05776452273130417,15600,0.0,0.0
2022-06-13 00:00:00+08:00,0.054227923301201394,0.058353960514068604,0.054227923301201394,0.058353960514068604,900,0.0,0.0
2022-06-14 00:00:00+08:00,0.05245962477766786,0.05245962477766786,0.05187018960714341,0.0518701896071434,80000,0.0,0.0
2022-06-15 00:00:00+08:00,0.05599622428417206,0.05599622428417206,0.05599622428417206,0.05599622428417206,14900,0.0,0.0
2022-06-16 00:00:00+08:00,0.05599622330589683,0.05894339457154274,0.05540678817444264,0.05894339457154274,20100,0.0,0.0
2022-06-17 00:00:00+08:00,0.05245961986794839,0.05776452273130417,0.05245961986794839,0.05776452273130417,10200,0.0,0.0
2022-06-20 00:00:00+08:00,0.05776452273130417,0.05776452273130417,0.05776452273130417,0.05776452273130417,10000,0.0,0.0
2022-06-21 00:00:00+08:00,0.05776452273130417,0.05776452273130417,0.05776452273130417,0.05776452273130417,0,0.0,0.0
2022-06-22 00:00:00+08:00,0.05481735593775927,0.05776452273130417,0.05481735593775927,0.05776452273130417,2800,0.0,0.0
2022-06-23 00:00:00+08:00,0.05304905399680137,0.05304905399680137,0.05304905399680137,0.053049053996801376,5000,0.0,0.0
2022-06-24 00:00:00+08:00,0.05304905399680137,0.05304905399680137,0.05304905399680137,0.053049053996801376,1800,0.0,0.0
2022-06-27 00:00:00+08:00,0.05599622428417206,0.05599622428417206,0.05599622428417206,0.05599622428417206,10000,0.0,0.0
2022-06-28 00:00:00+08:00,0.052459622265919034,0.058943395656371106,0.05187018712361654,0.058353960514068604,40400,0.0,0.0
2022-06-29 00:00:00+08:00,0.058353960514068604,0.058353960514068604,0.058353960514068604,0.058353960514068604,0,0.0,0.0
2022-06-30 00:00:00+08:00,0.058353960514068604,0.058353960514068604,0.058353960514068604,0.058353960514068604,0,0.0,0.0
2022-07-01 00:00:00+08:00,0.05304905735866308,0.05599622428417206,0.052459622216911236,0.05599622428417206,31400,0.0,0.0
2022-07-04 00:00:00+08:00,0.05599622428417206,0.05599622428417206,0.05599622428417206,0.05599622428417206,0,0.0,0.0
2022-07-05 00:00:00+08:00,0.053049058803056284,0.05717509612441063,0.053049058803056284,0.05717509612441063,3300,0.0,0.0
2022-07-06 00:00:00+08:00,0.05717509612441063,0.05717509612441063,0.05717509612441063,0.05717509612441063,0,0.0,0.0
2022-07-07 00:00:00+08:00,0.05717509612441063,0.05717509612441063,0.05717509612441063,0.05717509612441063,0,0.0,0.0
2022-07-08 00:00:00+08:00,0.05363848805427551,0.05363848805427551,0.05363848805427551,0.05363848805427551,2800,0.0,0.0
2022-07-12 00:00:00+08:00,0.05363848805427551,0.05363848805427551,0.05363848805427551,0.05363848805427551,0,0.0,0.0
2022-07-13 00:00:00+08:00,0.05304905399680137,0.05304905399680137,0.05304905399680137,0.053049053996801376,600,0.0,0.0
2022-07-14 00:00:00+08:00,0.05304905399680137,0.05304905399680137,0.05304905399680137,0.053049053996801376,400,0.0,0.0
2022-07-15 00:00:00+08:00,0.055996226897674035,0.056585662066936486,0.055996226897674035,0.05658566206693649,1000,0.0,0.0
2022-07-18 00:00:00+08:00,0.056585662066936486,0.056585662066936486,0.056585662066936486,0.05658566206693649,200,0.0,0.0
2022-07-19 00:00:00+08:00,0.05658566096660994,0.05717509612441063,0.05658566096660994,0.05717509612441063,200,0.0,0.0
2022-07-20 00:00:00+08:00,0.05717509456767575,0.05717509456767575,0.05304905735866308,0.05599622428417206,11100,0.0,0.0
2022-07-21 00:00:00+08:00,0.056585662066936486,0.056585662066936486,0.056585662066936486,0.05658566206693649,700,0.0,0.0
2022-07-22 00:00:00+08:00,0.05658566096660994,0.05717509612441063,0.055996225808809245,0.05717509612441063,1100,0.0,0.0
2022-07-25 00:00:00+08:00,0.056585659425923904,0.056585659425923904,0.051280751933407545,0.05599622428417206,53400,0.0,0.0
2022-07-26 00:00:00+08:00,0.05599622428417206,0.05599622428417206,0.05599622428417206,0.05599622428417206,100,0.0,0.0
2022-07-27 00:00:00+08:00,0.055996225808809245,0.05717509612441063,0.05481735988483311,0.05717509612441063,1000,0.0,0.0
2022-07-28 00:00:00+08:00,0.056585660987494735,0.056585660987494735,0.052459623664617545,0.05245962366461754,23000,0.0,0.0
2022-07-29 00:00:00+08:00,0.052459623664617545,0.052459623664617545,0.052459623664617545,0.05245962366461754,0,0.0,0.0
2022-08-01 00:00:00+08:00,0.054817360950774476,0.056585662066936486,0.054817360950774476,0.05658566206693649,500,0.0,0.0
2022-08-02 00:00:00+08:00,0.05599622428417206,0.05599622428417206,0.05599622428417206,0.05599622428417206,300,0.0,0.0
2022-08-03 00:00:00+08:00,0.055996223108245556,0.055996223108245556,0.05245962111525375,0.05422792211174965,25600,0.0,0.0
2022-08-04 00:00:00+08:00,0.054227924727032424,0.057764526890586074,0.05363848956923173,0.05717509612441063,1000,0.0,0.0
2022-08-05 00:00:00+08:00,0.056585662066936486,0.056585662066936486,0.056585662066936486,0.05658566206693649,300,0.0,0.0
2022-08-08 00:00:00+08:00,0.056585659425923904,0.056585659425923904,0.05599622428417206,0.05599622428417206,400,0.0,0.0
2022-08-10 00:00:00+08:00,0.055996226897674035,0.05776452801383605,0.053638490612249574,0.05658566206693649,56900,0.0,0.0
2022-08-11 00:00:00+08:00,0.056585662066936486,0.056585662066936486,0.056585662066936486,0.05658566206693649,0,0.0,0.0
2022-08-12 00:00:00+08:00,0.054817358336581086,0.054817358336581086,0.05363848805427551,0.05363848805427551,10300,0.0,0.0
2022-08-15 00:00:00+08:00,0.0536384881087898,0.05599622428417206,0.0536384881087898,0.05599622428417206,70100,0.0,0.0
2022-08-16 00:00:00+08:00,0.05304905882263578,0.05304905882263578,0.052459623664617545,0.05245962366461754,40900,0.0,0.0
2022-08-17 00:00:00+08:00,0.0536384881087898,0.05599622428417206,0.052459622216911236,0.05599622428417206,29000,0.0,0.0
2022-08-18 00:00:00+08:00,0.05599622428417206,0.05599622428417206,0.05599622428417206,0.05599622428417206,0,0.0,0.0
2022-08-19 00:00:00+08:00,0.052459622216911236,0.05599622428417206,0.052459622216911236,0.05599622428417206,6700,0.0,0.0
2022-08-22 00:00:00+08:00,0.05540678914242021,0.05599622428417206,0.052459622216911236,0.05599622428417206,231600,0.0,0.0
2022-08-23 00:00:00+08:00,0.05304905498330735,0.05776452273130417,0.05304905498330735,0.05776452273130417,33400,0.0,0.0
2022-08-24 00:00:00+08:00,0.05776452273130417,0.05776452273130417,0.05776452273130417,0.05776452273130417,0,0.0,0.0
2022-08-25 00:00:00+08:00,0.0536384881087898,0.05599622428417206,0.0536384881087898,0.05599622428417206,22600,0.0,0.0
2022-08-26 00:00:00+08:00,0.05599622428417206,0.05599622428417206,0.05599622428417206,0.05599622428417206,0,0.0,0.0
2022-08-29 00:00:00+08:00,0.05599622428417206,0.05599622428417206,0.05599622428417206,0.05599622428417206,0,0.0,0.0
2022-08-30 00:00:00+08:00,0.053049058803056284,0.05717509612441063,0.053049058803056284,0.05717509612441063,4000,0.0,0.0
2022-08-31 00:00:00+08:00,0.058353960514068604,0.058353960514068604,0.058353960514068604,0.058353960514068604,700,0.0,0.0
2022-09-01 00:00:00+08:00,0.058353960514068604,0.058353960514068604,0.058353960514068604,0.058353960514068604,0,0.0,0.0
2022-09-02 00:00:00+08:00,0.05481735491836978,0.05481735491836978,0.05304905399680137,0.053049053996801376,1000,0.0,0.0
2022-09-05 00:00:00+08:00,0.05304905735866308,0.05599622428417206,0.052459622216911236,0.05599622428417206,18500,0.0,0.0
2022-09-06 00:00:00+08:00,0.05599622428417206,0.05599622428417206,0.05304905735866308,0.05599622428417206,44900,0.0,0.0
2022-09-07 00:00:00+08:00,0.05599622428417206,0.05599622428417206,0.05599622428417206,0.05599622428417206,0,0.0,0.0
2022-09-08 00:00:00+08:00,0.05599622428417206,0.05599622428417206,0.05599622428417206,0.05599622428417206,0,0.0,0.0
2022-09-09 00:00:00+08:00,0.053638484709574275,0.053638484709574275,0.05304905399680137,0.053049053996801376,12700,0.0,0.0
2022-09-12 00:00:00+08:00,0.0559962258294765,0.0559962258294765,0.052459623664617545,0.05245962366461754,25300,0.0,0.0
2022-09-13 00:00:00+08:00,0.05304905881242497,0.05599622581869842,0.052459623654520185,0.054817359894514084,13100,0.0,0.0
2022-09-14 00:00:00+08:00,0.05481735989451409,0.05481735989451409,0.05481735989451409,0.054817359894514084,0,0.0,0.0
2022-09-15 00:00:00+08:00,0.05481735989451409,0.05481735989451409,0.05481735989451409,0.054817359894514084,0,0.0,0.0
2022-09-16 00:00:00+08:00,0.0530490562446274,0.054227922111749656,0.05245962111525375,0.05422792211174965,68900,0.0,0.0
2022-09-19 00:00:00+08:00,0.0518701885065993,0.052459623664617545,0.0518701885065993,0.05245962366461754,8700,0.0,0.0
2022-09-20 00:00:00+08:00,0.05187018809022791,0.055406790226697915,0.05187018809022791,0.05540679022669792,42200,0.0,0.0
2022-09-21 00:00:00+08:00,0.05187018849661539,0.05481735989451409,0.05128075333871061,0.054817359894514084,32900,0.0,0.0
2022-09-22 00:00:00+08:00,0.048333581537008286,0.048333581537008286,0.048333581537008286,0.048333581537008286,39000,0.0,0.0
2022-09-23 00:00:00+08:00,0.055406790660793626,0.055406790660793626,0.05481735989451409,0.054817359894514084,700,0.0,0.0
2022-09-26 00:00:00+08:00,0.054227922111749656,0.054227922111749656,0.054227922111749656,0.05422792211174965,100,0.0,0.0
2022-09-27 00:00:00+08:00,0.054227922111749656,0.054227922111749656,0.054227922111749656,0.05422792211174965,0,0.0,0.0
2022-09-28 00:00:00+08:00,0.04833358399288829,0.054227922111749656,0.04833358399288829,0.05422792211174965,66000,0.0,0.0
2022-09-29 00:00:00+08:00,0.05481735989451409,0.05481735989451409,0.05481735989451409,0.054817359894514084,1000,0.0,0.0
2022-09-30 00:00:00+08:00,0.05481735989451409,0.05481735989451409,0.05481735989451409,0.054817359894514084,0,0.0,0.0
2022-10-03 00:00:00+08:00,0.05481735989451409,0.05481735989451409,0.05481735989451409,0.054817359894514084,0,0.0,0.0
2022-10-04 00:00:00+08:00,0.05481735989451409,0.05481735989451409,0.05481735989451409,0.054817359894514084,0,0.0,0.0
2022-10-05 00:00:00+08:00,0.05010188452400026,0.05010188452400026,0.04479697719216347,0.04479697719216347,100000,0.0,0.0
2022-10-06 00:00:00+08:00,0.054227922111749656,0.054227922111749656,0.054227922111749656,0.05422792211174965,100,0.0,0.0
2022-10-07 00:00:00+08:00,0.054227922111749656,0.054227922111749656,0.054227922111749656,0.05422792211174965,0,0.0,0.0
2022-10-10 00:00:00+08:00,0.04479697719216347,0.04479697719216347,0.04479697719216347,0.04479697719216347,2700,0.0,0.0
2022-10-11 00:00:00+08:00,0.052459623664617545,0.052459623664617545,0.052459623664617545,0.05245962366461754,100,0.0,0.0
2022-10-12 00:00:00+08:00,0.048333587491428014,0.04892301827184151,0.04715471714735031,0.04715471714735031,200900,0.0,0.0
2022-10-13 00:00:00+08:00,0.05187018960714341,0.05187018960714341,0.05187018960714341,0.0518701896071434,100,0.0,0.0
2022-10-14 00:00:00+08:00,0.05187018960714341,0.05187018960714341,0.05187018960714341,0.0518701896071434,0,0.0,0.0
2022-10-17 00:00:00+08:00,0.05187018960714341,0.05187018960714341,0.05187018960714341,0.0518701896071434,0,0.0,0.0
2022-10-18 00:00:00+08:00,0.043618114786302474,0.05187018960714341,0.043618114786302474,0.0518701896071434,3400,0.0,0.0
2022-10-19 00:00:00+08:00,0.05187018960714341,0.05187018960714341,0.05187018960714341,0.0518701896071434,0,0.0,0.0
2022-10-20 00:00:00+08:00,0.04420755007040676,0.04715471714735031,0.04420755007040676,0.04715471714735031,22500,0.0,0.0
2022-10-21 00:00:00+08:00,0.04302867660151349,0.04420754685997963,0.04302867660151349,0.04420754685997963,121400,0.0,0.0
2022-10-25 00:00:00+08:00,0.04243924468755722,0.04243924468755722,0.04243924468755722,0.04243924468755722,25900,0.0,0.0
2022-10-26 00:00:00+08:00,0.04243924468755722,0.04243924468755722,0.04243924468755722,0.04243924468755722,0,0.0,0.0
2022-10-27 00:00:00+08:00,0.04302867874503136,0.05010188747331227,0.04302867874503136,0.04302867874503136,2400,0.0,0.0
2022-10-28 00:00:00+08:00,0.05010188743472099,0.05010188743472099,0.04302867871188826,0.05010188743472099,500,0.0,0.0
2022-10-31 00:00:00+08:00,0.04243924468755722,0.04243924468755722,0.04243924468755722,0.04243924468755722,12900,0.0,0.0
2022-11-01 00:00:00+08:00,0.04243924468755722,0.04243924468755722,0.04243924468755722,0.04243924468755722,11000,0.0,0.0
2022-11-02 00:00:00+08:00,0.04420754685997963,0.045386412726820737,0.03890263948013206,0.04420754685997963,126900,0.0,0.0
2022-11-03 00:00:00+08:00,0.04420754685997963,0.04420754685997963,0.04420754685997963,0.04420754685997963,100,0.0,0.0
2022-11-04 00:00:00+08:00,0.04420754685997963,0.04420754685997963,0.04420754685997963,0.04420754685997963,35000,0.0,0.0
2022-11-07 00:00:00+08:00,0.047154714828231616,0.047154714828231616,0.04126037657260895,0.04126037657260895,51900,0.0,0.0
2022-11-08 00:00:00+08:00,0.04126037657260895,0.04126037657260895,0.04126037657260895,0.04126037657260895,0,0.0,0.0
2022-11-09 00:00:00+08:00,0.042439239000184745,0.04892301186919212,0.042439239000184745,0.04892301186919212,212400,0.0,0.0
2022-11-10 00:00:00+08:00,0.04361811652779579,0.04361811652779579,0.04361811652779579,0.04361811652779579,13000,0.0,0.0
2022-11-11 00:00:00+08:00,0.04420754428487976,0.04892301186919212,0.04420754428487976,0.04892301186919212,11000,0.0,0.0
2022-11-14 00:00:00+08:00,0.04892301186919212,0.04892301186919212,0.04892301186919212,0.04892301186919212,0,0.0,0.0
2022-11-15 00:00:00+08:00,0.04892301186919212,0.04892301186919212,0.04892301186919212,0.04892301186919212,0,0.0,0.0
2022-11-16 00:00:00+08:00,0.04892301186919212,0.04892301186919212,0.04892301186919212,0.04892301186919212,0,0.0,0.0
2022-11-17 00:00:00+08:00,0.049512449651956565,0.049512449651956565,0.049512449651956565,0.04951244965195656,700,0.0,0.0
2022-11-18 00:00:00+08:00,0.049512449651956565,0.049512449651956565,0.049512449651956565,0.04951244965195656,0,0.0,0.0
2022-11-21 00:00:00+08:00,0.049512449651956565,0.049512449651956565,0.049512449651956565,0.04951244965195656,0,0.0,0.0
2022-11-22 00:00:00+08:00,0.049512449651956565,0.049512449651956565,0.049512449651956565,0.04951244965195656,0,0.0,0.0
2022-11-23 00:00:00+08:00,0.049512449651956565,0.049512449651956565,0.049512449651956565,0.04951244965195656,0,0.0,0.0
2022-11-24 00:00:00+08:00,0.049512449651956565,0.049512449651956565,0.049512449651956565,0.04951244965195656,0,0.0,0.0
2022-11-25 00:00:00+08:00,0.049512449651956565,0.049512449651956565,0.049512449651956565,0.04951244965195656,0,0.0,0.0
2022-11-28 00:00:00+08:00,0.04715471372289491,0.04892301471896909,0.04420754685997963,0.04420754685997963,110500,0.0,0.0
2022-11-29 00:00:00+08:00,0.04420754685997963,0.04420754685997963,0.04420754685997963,0.04420754685997963,32700,0.0,0.0
2022-11-30 00:00:00+08:00,0.044207546959273265,0.046565283089876175,0.04302867669815929,0.046565283089876175,96200,0.0,0.0
2022-12-01 00:00:00+08:00,0.046565283089876175,0.046565283089876175,0.046565283089876175,0.046565283089876175,0,0.0,0.0
2022-12-02 00:00:00+08:00,0.046565283089876175,0.046565283089876175,0.046565283089876175,0.046565283089876175,50000,0.0,0.0
2022-12-05 00:00:00+08:00,0.046565283089876175,0.046565283089876175,0.046565283089876175,0.046565283089876175,0,0.0,0.0
2022-12-06 00:00:00+08:00,0.046565283089876175,0.046565283089876175,0.046565283089876175,0.046565283089876175,0,0.0,0.0
2022-12-07 00:00:00+08:00,0.04420754685997963,0.04420754685997963,0.04420754685997963,0.04420754685997963,36400,0.0,0.0
2022-12-08 00:00:00+08:00,0.04420754685997963,0.04420754685997963,0.04420754685997963,0.04420754685997963,90000,0.0,0.0
2022-12-09 00:00:00+08:00,0.04420754685997963,0.04420754685997963,0.04420754685997963,0.04420754685997963,2600,0.0,0.0
2022-12-12 00:00:00+08:00,0.04302867409508308,0.04892301186919212,0.04302867409508308,0.04892301186919212,72300,0.0,0.0
2022-12-13 00:00:00+08:00,0.04892301186919212,0.04892301186919212,0.04892301186919212,0.04892301186919212,0,0.0,0.0
2022-12-14 00:00:00+08:00,0.04892301186919212,0.04892301186919212,0.04892301186919212,0.04892301186919212,0,0.0,0.0
2022-12-15 00:00:00+08:00,0.04892301186919212,0.04892301186919212,0.04892301186919212,0.04892301186919212,0,0.0,0.0
2022-12-16 00:00:00+08:00,0.047154710976121894,0.04951244696409046,0.047154710976121894,0.04892301186919212,31000,0.0,0.0
2022-12-19 00:00:00+08:00,0.045975851194897964,0.04715471714735031,0.045975851194897964,0.04715471714735031,124800,0.0,0.0
2022-12-20 00:00:00+08:00,0.04715471714735031,0.04715471714735031,0.04715471714735031,0.04715471714735031,0,0.0,0.0
2022-12-21 00:00:00+08:00,0.04302867972632906,0.04715471714735031,0.04302867972632906,0.04715471714735031,204000,0.0,0.0
2022-12-22 00:00:00+08:00,0.04302867874503136,0.04302867874503136,0.04302867874503136,0.04302867874503136,700,0.0,0.0
2022-12-23 00:00:00+08:00,0.04479697533209011,0.048333581537008286,0.04479697533209011,0.048333581537008286,8100,0.0,0.0
2022-12-27 00:00:00+08:00,0.04420754685997963,0.04420754685997963,0.04420754685997963,0.04420754685997963,32800,0.0,0.0
2022-12-28 00:00:00+08:00,0.04715471714735031,0.04951245344388036,0.04715471714735031,0.04715471714735031,301000,0.0,0.0
2022-12-29 00:00:00+08:00,0.0453864112496376,0.0453864112496376,0.0453864112496376,0.045386411249637604,6000,0.0,0.0
2022-12-30 00:00:00+08:00,0.05187018960714341,0.05187018960714341,0.05187018960714341,0.0518701896071434,200,0.0,0.0
2023-01-03 00:00:00+08:00,0.05187018960714341,0.05187018960714341,0.05187018960714341,0.0518701896071434,0,0.0,0.0
2023-01-04 00:00:00+08:00,0.05187018960714341,0.05187018960714341,0.05187018960714341,0.0518701896071434,0,0.0,0.0
2023-01-05 00:00:00+08:00,0.05187018960714341,0.05187018960714341,0.05187018960714341,0.0518701896071434,0,0.0,0.0
2023-01-06 00:00:00+08:00,0.05187018960714341,0.05187018960714341,0.05187018960714341,0.0518701896071434,0,0.0,0.0
2023-01-09 00:00:00+08:00,0.04715471714735031,0.04715471714735031,0.04715471714735031,0.04715471714735031,5600,0.0,0.0
2023-01-10 00:00:00+08:00,0.04656528624729938,0.05187018960714341,0.04597585107677493,0.0518701896071434,14200,0.0,0.0
2023-01-11 00:00:00+08:00,0.05187018960714341,0.05187018960714341,0.05187018960714341,0.0518701896071434,0,0.0,0.0
2023-01-12 00:00:00+08:00,0.045386412316062004,0.045386412316062004,0.04479697719216347,0.04479697719216347,2000,0.0,0.0
2023-01-13 00:00:00+08:00,0.045386415906250484,0.05187018960714341,0.04420754995682692,0.0518701896071434,132800,0.0,0.0
2023-01-16 00:00:00+08:00,0.05187018960714341,0.05187018960714341,0.05187018960714341,0.0518701896071434,0,0.0,0.0
2023-01-17 00:00:00+08:00,0.05187018960714341,0.05187018960714341,0.05187018960714341,0.0518701896071434,0,0.0,0.0
2023-01-18 00:00:00+08:00,0.05187018960714341,0.05187018960714341,0.05187018960714341,0.0518701896071434,0,0.0,0.0
2023-01-19 00:00:00+08:00,0.046565284258038284,0.05069132149219513,0.046565284258038284,0.05069132149219513,107500,0.0,0.0
2023-01-20 00:00:00+08:00,0.0506913175430788,0.0506913175430788,0.048333581537008286,0.048333581537008286,18500,0.0,0.0
2023-01-25 00:00:00+08:00,0.04479697742003212,0.0530490560217124,0.04479697742003212,0.04951244965195656,26100,0.0,0.0
2023-01-26 00:00:00+08:00,0.049512449651956565,0.049512449651956565,0.049512449651956565,0.04951244965195656,21000,0.0,0.0
2023-01-27 00:00:00+08:00,0.0495124477620397,0.05304905399680137,0.0495124477620397,0.053049053996801376,23000,0.0,0.0
2023-01-30 00:00:00+08:00,0.05304905399680137,0.05304905399680137,0.05304905399680137,0.053049053996801376,0,0.0,0.0
2023-01-31 00:00:00+08:00,0.045386412546928934,0.049512449651956565,0.045386412546928934,0.04951244965195656,5500,0.0,0.0
2023-02-01 00:00:00+08:00,0.049512449651956565,0.049512449651956565,0.049512449651956565,0.04951244965195656,0,0.0,0.0
2023-02-02 00:00:00+08:00,0.049512449651956565,0.049512449651956565,0.049512449651956565,0.04951244965195656,0,0.0,0.0
2023-02-03 00:00:00+08:00,0.049512449651956565,0.049512449651956565,0.049512449651956565,0.04951244965195656,0,0.0,0.0
2023-02-06 00:00:00+08:00,0.049512449651956565,0.049512449651956565,0.049512449651956565,0.04951244965195656,0,0.0,0.0
2023-02-07 00:00:00+08:00,0.044796978453769266,0.05128075182437897,0.044796978453769266,0.05128075182437897,14700,0.0,0.0
2023-02-08 00:00:00+08:00,0.05128075182437897,0.05128075182437897,0.05128075182437897,0.05128075182437897,0,0.0,0.0
2023-02-09 00:00:00+08:00,0.05069132149219513,0.05069132149219513,0.05069132149219513,0.05069132149219513,500,0.0,0.0
2023-02-10 00:00:00+08:00,0.05069132107550545,0.05128075182437897,0.05069132107550545,0.05128075182437897,1000,0.0,0.0
2023-02-13 00:00:00+08:00,0.05128075182437897,0.05128075182437897,0.05128075182437897,0.05128075182437897,0,0.0,0.0
2023-02-14 00:00:00+08:00,0.05128075182437897,0.05128075182437897,0.05128075182437897,0.05128075182437897,0,0.0,0.0
2023-02-15 00:00:00+08:00,0.04715471714735031,0.04715471714735031,0.04715471714735031,0.04715471714735031,200000,0.0,0.0
2023-02-16 00:00:00+08:00,0.05187018960714341,0.05187018960714341,0.05187018960714341,0.0518701896071434,39800,0.0,0.0
2023-02-17 00:00:00+08:00,0.05069132365771985,0.05187018960714341,0.05069132365771985,0.0518701896071434,1087600,0.0,0.0
2023-02-20 00:00:00+08:00,0.05187018378800586,0.05304905399680137,0.05010188286643746,0.053049053996801376,449200,0.0,0.0
2023-02-21 00:00:00+08:00,0.05010188286643746,0.05304905399680137,0.05010188286643746,0.053049053996801376,502700,0.0,0.0
2023-02-22 00:00:00+08:00,0.053049057245874894,0.053049057245874894,0.05069132107550545,0.05128075182437897,676000,0.0,0.0
2023-02-23 00:00:00+08:00,0.05304905399680137,0.05304905399680137,0.05069131797083521,0.053049053996801376,118700,0.0,0.0
2023-02-24 00:00:00+08:00,0.05069131797083521,0.05304905399680137,0.05069131797083521,0.053049053996801376,19000,0.0,0.0
2023-02-27 00:00:00+08:00,0.052459622536601615,0.052459622536601615,0.05069132149219513,0.05069132149219513,295800,0.0,0.0
2023-02-28 00:00:00+08:00,0.05010188286643746,0.05304905399680137,0.05010188286643746,0.053049053996801376,3000,0.0,0.0
2023-03-01 00:00:00+08:00,0.049512452266151585,0.052459623664617545,0.049512452266151585,0.05245962366461754,110600,0.0,0.0
2023-03-02 00:00:00+08:00,0.05128075335938049,0.052459623675665236,0.05010188743472099,0.05010188743472099,135400,0.0,0.0
2023-03-03 00:00:00+08:00,0.05069131990575018,0.0554067877460496,0.049512449651956565,0.04951244965195656,159000,0.0,0.0
2023-03-06 00:00:00+08:00,0.049512449651956565,0.049512449651956565,0.049512449651956565,0.04951244965195656,0,0.0,0.0
2023-03-07 00:00:00+08:00,0.0489230170987167,0.055406790660793626,0.0489230170987167,0.054817359894514084,1800,0.0,0.0
2023-03-08 00:00:00+08:00,0.04774414886351464,0.054227922111749656,0.04774414886351464,0.05422792211174965,4200,0.0,0.0
2023-03-09 00:00:00+08:00,0.054227922111749656,0.054227922111749656,0.054227922111749656,0.05422792211174965,0,0.0,0.0
2023-03-10 00:00:00+08:00,0.054227922111749656,0.054227922111749656,0.054227922111749656,0.05422792211174965,0,0.0,0.0
2023-03-13 00:00:00+08:00,0.054227922111749656,0.054227922111749656,0.054227922111749656,0.05422792211174965,0,0.0,0.0
2023-03-14 00:00:00+08:00,0.054227922111749656,0.054227922111749656,0.054227922111749656,0.05422792211174965,0,0.0,0.0
2023-03-15 00:00:00+08:00,0.054227922111749656,0.054227922111749656,0.054227922111749656,0.05422792211174965,0,0.0,0.0
2023-03-16 00:00:00+08:00,0.054227922111749656,0.054227922111749656,0.054227922111749656,0.05422792211174965,0,0.0,0.0
2023-03-17 00:00:00+08:00,0.054227922111749656,0.054227922111749656,0.054227922111749656,0.05422792211174965,0,0.0,0.0
2023-03-20 00:00:00+08:00,0.054227922111749656,0.054227922111749656,0.054227922111749656,0.05422792211174965,0,0.0,0.0
2023-03-21 00:00:00+08:00,0.054227922111749656,0.054227922111749656,0.054227922111749656,0.05422792211174965,0,0.0,0.0
2023-03-22 00:00:00+08:00,0.054227922111749656,0.054227922111749656,0.054227922111749656,0.05422792211174965,0,0.0,0.0
2023-03-23 00:00:00+08:00,0.05304905730474785,0.05363848805427551,0.0483335849587758,0.05363848805427551,47000,0.0,0.0
2023-03-24 00:00:00+08:00,0.05363848805427551,0.05363848805427551,0.05363848805427551,0.05363848805427551,0,0.0,0.0
2023-03-27 00:00:00+08:00,0.05363848805427551,0.05363848805427551,0.05363848805427551,0.05363848805427551,0,0.0,0.0
2023-03-28 00:00:00+08:00,0.05363848805427551,0.05363848805427551,0.05363848805427551,0.05363848805427551,0,0.0,0.0
2023-03-29 00:00:00+08:00,0.048333581537008286,0.048333581537008286,0.048333581537008286,0.048333581537008286,11600,0.0,0.0
2023-03-30 00:00:00+08:00,0.05010188743472099,0.05010188743472099,0.05010188743472099,0.05010188743472099,84400,0.0,0.0
2023-03-31 00:00:00+08:00,0.05010188477885337,0.05010188477885337,0.049512449651956565,0.04951244965195656,150100,0.0,0.0
2023-04-03 00:00:00+08:00,0.04774414684047129,0.05304905399680137,0.04715471173607354,0.053049053996801376,43500,0.0,0.0
2023-04-04 00:00:00+08:00,0.048333585218034845,0.048333585218034845,0.04597584903240204,0.04597584903240204,12900,0.0,0.0
2023-04-05 00:00:00+08:00,0.04597584903240204,0.04597584903240204,0.04597584903240204,0.04597584903240204,0,0.0,0.0
2023-04-06 00:00:00+08:00,0.046565285259310876,0.052459623664617545,0.046565285259310876,0.05245962366461754,2800,0.0,0.0
2023-04-10 00:00:00+08:00,0.04715471133816062,0.048333581537008286,0.04715471133816062,0.048333581537008286,13900,0.0,0.0
2023-04-11 00:00:00+08:00,0.04656528387526519,0.05128075182437897,0.04656528387526519,0.05128075182437897,28700,0.0,0.0
2023-04-12 00:00:00+08:00,0.05128075182437897,0.05128075182437897,0.05128075182437897,0.05128075182437897,0,0.0,0.0
2023-04-13 00:00:00+08:00,0.05128075182437897,0.05128075182437897,0.05128075182437897,0.05128075182437897,3000,0.0,0.0
2023-04-14 00:00:00+08:00,0.05128075182437897,0.05128075182437897,0.05128075182437897,0.05128075182437897,0,0.0,0.0
2023-04-17 00:00:00+08:00,0.05128075182437897,0.05128075182437897,0.05128075182437897,0.05128075182437897,0,0.0,0.0
2023-04-18 00:00:00+08:00,0.048333586351919124,0.05010188743472099,0.048333586351919124,0.05010188743472099,12700,0.0,0.0
2023-04-19 00:00:00+08:00,0.05010188743472099,0.05010188743472099,0.05010188743472099,0.05010188743472099,0,0.0,0.0
2023-04-20 00:00:00+08:00,0.05010188742416982,0.052459623664617545,0.05010188742416982,0.05245962366461754,1800,0.0,0.0
2023-04-21 00:00:00+08:00,0.049512453316670944,0.05245962477766786,0.04597585107677493,0.0518701896071434,9200,0.0,0.0
2023-04-24 00:00:00+08:00,0.05010188742416982,0.052459623664617545,0.05010188742416982,0.05245962366461754,27900,0.0,0.0
2023-04-25 00:00:00+08:00,0.052459623664617545,0.052459623664617545,0.052459623664617545,0.05245962366461754,0,0.0,0.0
2023-04-26 00:00:00+08:00,0.052459623664617545,0.052459623664617545,0.052459623664617545,0.05245962366461754,0,0.0,0.0
2023-04-27 00:00:00+08:00,0.04774414684047129,0.05304905399680137,0.04774414684047129,0.053049053996801376,23300,0.0,0.0
2023-04-28 00:00:00+08:00,0.05304905399680137,0.05304905399680137,0.05304905399680137,0.053049053996801376,0,0.0,0.0
2023-05-02 00:00:00+08:00,0.05010188742416982,0.052459623664617545,0.047744151183722106,0.05245962366461754,32200,0.0,0.0
2023-05-03 00:00:00+08:00,0.04715471702619849,0.05187018960714341,0.04715471702619849,0.0518701896071434,10200,0.0,0.0
2023-05-04 00:00:00+08:00,0.048333581537008286,0.048333581537008286,0.048333581537008286,0.048333581537008286,1400,0.0,0.0
2023-05-05 00:00:00+08:00,0.04715471603563438,0.05010188743472099,0.04715471603563438,0.05010188743472099,79500,0.0,0.0
2023-05-08 00:00:00+08:00,0.05010188743472099,0.05010188743472099,0.05010188743472099,0.05010188743472099,0,0.0,0.0
2023-05-09 00:00:00+08:00,0.05010188743472099,0.05010188743472099,0.05010188743472099,0.05010188743472099,0,0.0,0.0
2023-05-10 00:00:00+08:00,0.05010188743472099,0.05010188743472099,0.05010188743472099,0.05010188743472099,0,0.0,0.0
2023-05-11 00:00:00+08:00,0.049512449651956565,0.049512449651956565,0.049512449651956565,0.04951244965195656,1900,0.0,0.0
2023-05-12 00:00:00+08:00,0.049512449651956565,0.049512449651956565,0.049512449651956565,0.04951244965195656,0,0.0,0.0
2023-05-15 00:00:00+08:00,0.049512449651956565,0.049512449651956565,0.049512449651956565,0.04951244965195656,0,0.0,0.0
2023-05-16 00:00:00+08:00,0.04538641388808755,0.04597584903240204,0.04538641388808755,0.04597584903240204,16200,0.0,0.0
2023-05-17 00:00:00+08:00,0.04715471702619849,0.05187018960714341,0.04656528624729938,0.0518701896071434,5200,0.0,0.0
2023-05-18 00:00:00+08:00,0.05128075095945695,0.05128075095945695,0.046565283089876175,0.046565283089876175,8400,0.0,0.0
2023-05-19 00:00:00+08:00,0.04597584903240204,0.04597584903240204,0.04597584903240204,0.04597584903240204,10000,0.0,0.0
2023-05-22 00:00:00+08:00,0.04597585107677493,0.05187018960714341,0.045386415906250484,0.0518701896071434,6100,0.0,0.0
2023-05-23 00:00:00+08:00,0.05187018960714341,0.05187018960714341,0.05187018960714341,0.0518701896071434,0,0.0,0.0
2023-05-24 00:00:00+08:00,0.05187018960714341,0.05187018960714341,0.05187018960714341,0.0518701896071434,0,0.0,0.0
2023-05-25 00:00:00+08:00,0.05187018960714341,0.05187018960714341,0.05187018960714341,0.0518701896071434,0,0.0,0.0
2023-05-26 00:00:00+08:00,0.05010188743472099,0.05010188743472099,0.05010188743472099,0.05010188743472099,50000,0.0,0.0
2023-05-29 00:00:00+08:00,0.05010188743472099,0.05010188743472099,0.05010188743472099,0.05010188743472099,18600,0.0,0.0
2023-05-30 00:00:00+08:00,0.04597584903240204,0.04597584903240204,0.04597584903240204,0.04597584903240204,3200,0.0,0.0
2023-05-31 00:00:00+08:00,0.045975846359686434,0.045975846359686434,0.0453864112496376,0.045386411249637604,5100,0.0,0.0
2023-06-01 00:00:00+08:00,0.0453864112496376,0.0453864112496376,0.0453864112496376,0.045386411249637604,0,0.0,0.0
2023-06-05 00:00:00+08:00,0.0453864112496376,0.0453864112496376,0.0453864112496376,0.045386411249637604,0,0.0,0.0
2023-06-06 00:00:00+08:00,0.04774415120482445,0.04774415120482445,0.04774415120482445,0.04774415120482445,80000,0.0,0.0
2023-06-07 00:00:00+08:00,0.04774415120482445,0.04774415120482445,0.04774415120482445,0.04774415120482445,22900,0.0,0.0
2023-06-08 00:00:00+08:00,0.04774415120482445,0.04774415120482445,0.04774415120482445,0.04774415120482445,156700,0.0,0.0
2023-06-09 00:00:00+08:00,0.04774414866289115,0.049512449651956565,0.04774414866289115,0.04951244965195656,45300,0.0,0.0
2023-06-12 00:00:00+08:00,0.049512449651956565,0.049512449651956565,0.049512449651956565,0.04951244965195656,0,0.0,0.0
2023-06-13 00:00:00+08:00,0.049512449651956565,0.049512449651956565,0.049512449651956565,0.04951244965195656,0,0.0,0.0
2023-06-14 00:00:00+08:00,0.04597585010129263,0.052459623664617545,0.04126037762039719,0.05245962366461754,19400,0.0,0.0
2023-06-15 00:00:00+08:00,0.05010188743472099,0.05010188743472099,0.05010188743472099,0.05010188743472099,21300,0.0,0.0
2023-06-16 00:00:00+08:00,0.0501018859350068,0.05245962210537625,0.0501018859350068,0.05128075182437897,196700,0.0,0.0
2023-06-19 00:00:00+08:00,0.05069132107550545,0.05245962210537625,0.04833358490513599,0.05128075182437897,5200,0.0,0.0
2023-06-20 00:00:00+08:00,0.05128075334858106,0.052459623664617545,0.05128075334858106,0.05245962366461754,53800,0.0,0.0
2023-06-21 00:00:00+08:00,0.052459623664617545,0.052459623664617545,0.050691322582188066,0.05245962366461754,153100,0.0,0.0
2023-06-22 00:00:00+08:00,0.05069131797083521,0.05304905399680137,0.05069131797083521,0.053049053996801376,104100,0.0,0.0
2023-06-23 00:00:00+08:00,0.04951244696409046,0.04951244696409046,0.04892301186919212,0.04892301186919212,800,0.0,0.0
2023-06-26 00:00:00+08:00,0.04892301186919212,0.04892301186919212,0.04892301186919212,0.04892301186919212,0,0.0,0.0
2023-06-27 00:00:00+08:00,0.047154710976121894,0.04892301186919212,0.047154710976121894,0.04892301186919212,1000,0.0,0.0
2023-06-28 00:00:00+08:00,0.05010188742416982,0.052459623664617545,0.04715471602570386,0.05245962366461754,25300,0.0,0.0
2023-06-30 00:00:00+08:00,0.052459623664617545,0.052459623664617545,0.052459623664617545,0.05245962366461754,0,0.0,0.0
2023-07-03 00:00:00+08:00,0.04715471702619849,0.05187018960714341,0.04715471702619849,0.0518701896071434,36400,0.0,0.0
2023-07-04 00:00:00+08:00,0.048923018146146496,0.05187018960714341,0.048923018146146496,0.0518701896071434,21200,0.0,0.0
2023-07-05 00:00:00+08:00,0.05187018960714341,0.05187018960714341,0.05187018960714341,0.0518701896071434,0,0.0,0.0
2023-07-06 00:00:00+08:00,0.05187018960714341,0.05187018960714341,0.05187018960714341,0.0518701896071434,0,0.0,0.0
2023-07-07 00:00:00+08:00,0.04774415120482445,0.04774415120482445,0.04774415120482445,0.04774415120482445,4300,0.0,0.0
2023-07-10 00:00:00+08:00,0.04774414976463735,0.05128075182437897,0.04715471462413871,0.05128075182437897,18300,0.0,0.0
2023-07-11 00:00:00+08:00,0.05069132149219513,0.05069132149219513,0.05069132149219513,0.05069132149219513,10000,0.0,0.0
2023-07-12 00:00:00+08:00,0.04656528651316035,0.04656528651316035,0.0418498139052928,0.04243924468755722,24600,0.0,0.0
2023-07-13 00:00:00+08:00,0.04302867961577802,0.05187018960714341,0.04302867961577802,0.0518701896071434,11000,0.0,0.0
2023-07-14 00:00:00+08:00,0.05187018960714341,0.05187018960714341,0.05187018960714341,0.0518701896071434,0,0.0,0.0
2023-07-17 00:00:00+08:00,0.05187018960714341,0.05187018960714341,0.05187018960714341,0.0518701896071434,0,0.0,0.0
2023-07-18 00:00:00+08:00,0.050691325681617536,0.050691325681617536,0.04361811652779579,0.04361811652779579,9900,0.0,0.0
2023-07-19 00:00:00+08:00,0.04420754685997963,0.04420754685997963,0.04420754685997963,0.04420754685997963,17400,0.0,0.0
2023-07-20 00:00:00+08:00,0.04420754645988994,0.0471547132961326,0.04420754645988994,0.04479697719216347,30200,0.0,0.0
2023-07-21 00:00:00+08:00,0.04420755007040676,0.04715471714735031,0.04420755007040676,0.04715471714735031,8200,0.0,0.0
2023-07-24 00:00:00+08:00,0.0453864149528325,0.05010188743472099,0.0453864149528325,0.05010188743472099,78700,0.0,0.0
2023-07-25 00:00:00+08:00,0.05010188743472099,0.05010188743472099,0.05010188743472099,0.05010188743472099,0,0.0,0.0
2023-07-26 00:00:00+08:00,0.05010188743472099,0.05010188743472099,0.05010188743472099,0.05010188743472099,0,0.0,0.0
2023-07-27 00:00:00+08:00,0.04715471714735031,0.04715471714735031,0.04715471714735031,0.04715471714735031,90000,0.0,0.0
2023-07-28 00:00:00+08:00,0.04715471714735031,0.04715471714735031,0.04715471714735031,0.04715471714735031,41300,0.0,0.0
2023-07-31 00:00:00+08:00,0.048333581537008286,0.048333581537008286,0.048333581537008286,0.048333581537008286,27800,0.0,0.0
2023-08-01 00:00:00+08:00,0.050101887446314254,0.05069132260459302,0.04774415120482445,0.04774415120482445,65900,0.0,0.0
2023-08-02 00:00:00+08:00,0.04774415120482445,0.04774415120482445,0.04774415120482445,0.04774415120482445,0,0.0,0.0
2023-08-03 00:00:00+08:00,0.051870188529525296,0.051870188529525296,0.04774415120482445,0.04774415120482445,35200,0.0,0.0
2023-08-04 00:00:00+08:00,0.04774415120482445,0.04774415120482445,0.04774415120482445,0.04774415120482445,0,0.0,0.0
2023-08-07 00:00:00+08:00,0.047744151230551965,0.047744151230551965,0.04302867874503136,0.04302867874503136,623100,0.0,0.0
2023-08-08 00:00:00+08:00,0.04302867874503136,0.04302867874503136,0.04302867874503136,0.04302867874503136,3800,0.0,0.0
2023-08-10 00:00:00+08:00,0.044207551721853984,0.044207551721853984,0.04361811652779579,0.04361811652779579,84200,0.0,0.0
2023-08-11 00:00:00+08:00,0.04361811652779579,0.04361811652779579,0.04361811652779579,0.04361811652779579,0,0.0,0.0
2023-08-14 00:00:00+08:00,0.04361811652779579,0.04361811652779579,0.04361811652779579,0.04361811652779579,0,0.0,0.0
2023-08-15 00:00:00+08:00,0.04420754685997963,0.04420754685997963,0.04420754685997963,0.04420754685997963,20000,0.0,0.0
2023-08-16 00:00:00+08:00,0.04420754799108372,0.04597584903240204,0.04361811284676923,0.04597584903240204,35300,0.0,0.0
2023-08-17 00:00:00+08:00,0.045975851194897964,0.04715471714735031,0.04538641602285911,0.04715471714735031,66000,0.0,0.0
2023-08-18 00:00:00+08:00,0.04479697759758766,0.04479697759758766,0.04420754685997963,0.04420754685997963,70000,0.0,0.0
2023-08-21 00:00:00+08:00,0.04420754685997963,0.04420754685997963,0.04420754685997963,0.04420754685997963,117800,0.0,0.0
2023-08-22 00:00:00+08:00,0.04361811652779579,0.04361811652779579,0.04361811652779579,0.04361811652779579,75000,0.0,0.0
2023-08-23 00:00:00+08:00,0.04420754542116482,0.0453864112496376,0.04420754542116482,0.045386411249637604,134500,0.0,0.0
2023-08-24 00:00:00+08:00,0.04597584903240204,0.04597584903240204,0.04597584903240204,0.04597584903240204,70000,0.0,0.0
2023-08-25 00:00:00+08:00,0.04420754799108372,0.04597584903240204,0.04420754799108372,0.04597584903240204,112600,0.0,0.0
2023-08-28 00:00:00+08:00,0.0453864112496376,0.0453864112496376,0.0453864112496376,0.045386411249637604,7000,0.0,0.0
2023-08-29 00:00:00+08:00,0.04538641602285911,0.04951245344388036,0.04538641602285911,0.04715471714735031,24000,0.0,0.0
2023-08-30 00:00:00+08:00,0.04715471714735031,0.04715471714735031,0.04715471714735031,0.04715471714735031,0,0.0,0.0
2023-08-31 00:00:00+08:00,0.04479697759758766,0.04479697759758766,0.04420754685997963,0.04420754685997963,135000,0.0,0.0
2023-09-04 00:00:00+08:00,0.04479697874377306,0.047154714929405865,0.04420754799108372,0.04597584903240204,60200,0.0,0.0
2023-09-05 00:00:00+08:00,0.04597584903240204,0.04597584903240204,0.04420754799108372,0.04597584903240204,56500,0.0,0.0
2023-09-06 00:00:00+08:00,0.045975851194897964,0.04715471714735031,0.045975851194897964,0.04715471714735031,5300,0.0,0.0
2023-09-07 00:00:00+08:00,0.04420755007040676,0.04715471714735031,0.04420755007040676,0.04715471714735031,26300,0.0,0.0
2023-09-08 00:00:00+08:00,0.04479697759758766,0.04479697759758766,0.04420754685997963,0.04420754685997963,50000,0.0,0.0
2023-09-11 00:00:00+08:00,0.04361811284676923,0.04597584903240204,0.04361811284676923,0.04597584903240204,60300,0.0,0.0
2023-09-12 00:00:00+08:00,0.04361811173074656,0.04420754685997963,0.04361811173074656,0.04420754685997963,88500,0.0,0.0
2023-09-13 00:00:00+08:00,0.04420754645988994,0.04479697719216347,0.0436181113359914,0.04479697719216347,100100,0.0,0.0
2023-09-14 00:00:00+08:00,0.04479697719216347,0.04479697719216347,0.04479697719216347,0.04479697719216347,10800,0.0,0.0
2023-09-15 00:00:00+08:00,0.04361811652779579,0.04361811652779579,0.04361811652779579,0.04361811652779579,50000,0.0,0.0
2023-09-18 00:00:00+08:00,0.04302867874503136,0.04302867874503136,0.04302867874503136,0.04302867874503136,2000,0.0,0.0
2023-09-19 00:00:00+08:00,0.04302867874503136,0.04302867874503136,0.04302867874503136,0.04302867874503136,16200,0.0,0.0
2023-09-20 00:00:00+08:00,0.04302867520106715,0.0453864112496376,0.04302867520106715,0.045386411249637604,110100,0.0,0.0
2023-09-21 00:00:00+08:00,0.04361811031111599,0.0453864112496376,0.04302867520106715,0.045386411249637604,20100,0.0,0.0
2023-09-22 00:00:00+08:00,0.04302867621209287,0.04479697719216347,0.04243924108819434,0.04479697719216347,50100,0.0,0.0
2023-09-25 00:00:00+08:00,0.04302867874503136,0.04302867874503136,0.04302867874503136,0.04302867874503136,140000,0.0,0.0
2023-09-26 00:00:00+08:00,0.04302867874503136,0.04302867874503136,0.04302867874503136,0.04302867874503136,200000,0.0,0.0
2023-09-27 00:00:00+08:00,0.04302867874503136,0.04302867874503136,0.04302867874503136,0.04302867874503136,27700,0.0,0.0
2023-09-28 00:00:00+08:00,0.04361811652779579,0.04361811652779579,0.0430286813337376,0.04361811652779579,144100,0.0,0.0
2023-09-29 00:00:00+08:00,0.043028679861447004,0.04538641616538078,0.04243924468755722,0.04243924468755722,144000,0.0,0.0
2023-10-02 00:00:00+08:00,0.04243924468755722,0.04243924468755722,0.04243924468755722,0.04243924468755722,0,0.0,0.0
2023-10-03 00:00:00+08:00,0.04361811390362775,0.04361811390362775,0.04302867874503136,0.04302867874503136,100000,0.0,0.0
2023-10-04 00:00:00+08:00,0.04302867874503136,0.04479697982919527,0.042439243586434965,0.04302867874503136,269800,0.0,0.0
2023-10-05 00:00:00+08:00,0.04302867874503136,0.04302867874503136,0.04302867874503136,0.04302867874503136,70000,0.0,0.0
2023-10-06 00:00:00+08:00,0.04302867874503136,0.04302867874503136,0.04302867874503136,0.04302867874503136,100000,0.0,0.0
2023-10-09 00:00:00+08:00,0.04302867874503136,0.04302867874503136,0.04302867874503136,0.04302867874503136,20000,0.0,0.0
2023-10-10 00:00:00+08:00,0.04597585014638805,0.04597585014638805,0.04302867874503136,0.04302867874503136,165300,0.0,0.0
2023-10-11 00:00:00+08:00,0.04302867874503136,0.04302867874503136,0.04302867874503136,0.04302867874503136,139400,0.0,0.0
2023-10-12 00:00:00+08:00,0.0430286813337376,0.04361811652779579,0.0430286813337376,0.04361811652779579,123000,0.0,0.0
2023-10-13 00:00:00+08:00,0.04302867874503136,0.04302867874503136,0.04302867874503136,0.04302867874503136,77200,0.0,0.0
2023-10-16 00:00:00+08:00,0.042439243586434965,0.04302867874503136,0.042439243586434965,0.04302867874503136,117800,0.0,0.0
2023-10-17 00:00:00+08:00,0.04302867874503136,0.04302867874503136,0.04302867874503136,0.04302867874503136,0,0.0,0.0
2023-10-18 00:00:00+08:00,0.043028679861447004,0.043028679861447004,0.04243924468755722,0.04243924468755722,91000,0.0,0.0
2023-10-19 00:00:00+08:00,0.04243924468755722,0.04243924468755722,0.04243924468755722,0.04243924468755722,0,0.0,0.0
2023-10-20 00:00:00+08:00,0.041849810630083084,0.04243924136621804,0.0412603755023231,0.041849810630083084,134700,0.0,0.0
2023-10-23 00:00:00+08:00,0.04184981281946383,0.04302867874503136,0.041260377660867445,0.04302867874503136,99600,0.0,0.0
2023-10-24 00:00:00+08:00,0.041260377660867445,0.04302867874503136,0.041260377660867445,0.04302867874503136,111700,0.0,0.0
2023-10-25 00:00:00+08:00,0.041849810630083084,0.041849810630083084,0.0412603755023231,0.041849810630083084,194600,0.0,0.0
2023-10-26 00:00:00+08:00,0.04126037657260895,0.04420754789623285,0.04126037657260895,0.04126037657260895,264400,0.0,0.0
2023-10-27 00:00:00+08:00,0.04126037657260895,0.04184981171565876,0.04126037657260895,0.04126037657260895,81900,0.0,0.0
2023-10-30 00:00:00+08:00,0.04184981171565876,0.04184981171565876,0.04126037657260895,0.04126037657260895,46800,0.0,0.0
2023-10-31 00:00:00+08:00,0.041849810630083084,0.04656528286891287,0.0412603755023231,0.041849810630083084,250900,0.0,0.0
2023-11-01 00:00:00+08:00,0.04302867660151349,0.04420754685997963,0.04184981073467238,0.04420754685997963,259700,0.0,0.0
2023-11-02 00:00:00+08:00,0.04420754799108372,0.04597584903240204,0.04420754799108372,0.04597584903240204,90500,0.0,0.0
2023-11-03 00:00:00+08:00,0.045975846359686434,0.045975846359686434,0.0453864112496376,0.045386411249637604,70800,0.0,0.0
2023-11-06 00:00:00+08:00,0.04479697719216347,0.04479697719216347,0.04479697719216347,0.04479697719216347,7700,0.0,0.0
2023-11-07 00:00:00+08:00,0.044796976139588766,0.0453864112496376,0.044796976139588766,0.045386411249637604,26000,0.0,0.0
2023-11-08 00:00:00+08:00,0.04420754799108372,0.04597584903240204,0.04420754799108372,0.04597584903240204,27800,0.0,0.0
2023-11-09 00:00:00+08:00,0.04420754685997963,0.04420754685997963,0.04302867660151349,0.04420754685997963,121300,0.0,0.0
2023-11-10 00:00:00+08:00,0.04243924468755722,0.04243924468755722,0.04243924468755722,0.04243924468755722,5000,0.0,0.0
2023-11-14 00:00:00+08:00,0.04302867669815929,0.046565283089876175,0.04302867669815929,0.046565283089876175,26300,0.0,0.0
2023-11-15 00:00:00+08:00,0.04302867874503136,0.044207549062224134,0.04302867874503136,0.04302867874503136,327700,0.0,0.0
2023-11-16 00:00:00+08:00,0.04302867874503136,0.04302867874503136,0.04302867874503136,0.04302867874503136,0,0.0,0.0
2023-11-17 00:00:00+08:00,0.04361811652779579,0.04361811652779579,0.04361811652779579,0.04361811652779579,50000,0.0,0.0
2023-11-20 00:00:00+08:00,0.04361811503533679,0.04361811503533679,0.04243924468755722,0.04243924468755722,68000,0.0,0.0
2023-11-21 00:00:00+08:00,0.04243924108819434,0.04479697719216347,0.04243924108819434,0.04479697719216347,66300,0.0,0.0
2023-11-22 00:00:00+08:00,0.04479697719216347,0.04479697719216347,0.04479697719216347,0.04479697719216347,52400,0.0,0.0
2023-11-23 00:00:00+08:00,0.04597584903240204,0.04597584903240204,0.04597584903240204,0.04597584903240204,20000,0.0,0.0
2023-11-24 00:00:00+08:00,0.04479697769820521,0.046565283089876175,0.04479697769820521,0.046565283089876175,1200,0.0,0.0
2023-11-27 00:00:00+08:00,0.04302867669815929,0.046565283089876175,0.04302867669815929,0.046565283089876175,20100,0.0,0.0
2023-11-28 00:00:00+08:00,0.04656528636693682,0.04715471714735031,0.04656528636693682,0.04715471714735031,136000,0.0,0.0
2023-11-29 00:00:00+08:00,0.04597584903240204,0.04597584903240204,0.04597584903240204,0.04597584903240204,23000,0.0,0.0
2023-11-30 00:00:00+08:00,0.046565283089876175,0.046565283089876175,0.046565283089876175,0.046565283089876175,40500,0.0,0.0
2023-12-01 00:00:00+08:00,0.046565283089876175,0.046565283089876175,0.046565283089876175,0.046565283089876175,1300,0.0,0.0
2023-12-04 00:00:00+08:00,0.046565283089876175,0.046565283089876175,0.046565283089876175,0.046565283089876175,4800,0.0,0.0
2023-12-05 00:00:00+08:00,0.046565283089876175,0.046565283089876175,0.046565283089876175,0.046565283089876175,18000,0.0,0.0
2023-12-06 00:00:00+08:00,0.046565283089876175,0.046565283089876175,0.046565283089876175,0.046565283089876175,15600,0.0,0.0
2023-12-07 00:00:00+08:00,0.04302867874503136,0.04302867874503136,0.04302867874503136,0.04302867874503136,1000,0.0,0.0
2023-12-08 00:00:00+08:00,0.045975850121613406,0.04774415120482445,0.045386414963334634,0.04774415120482445,5300,0.0,0.0
2023-12-11 00:00:00+08:00,0.04774415120482445,0.04774415120482445,0.04774415120482445,0.04774415120482445,0,0.0,0.0
2023-12-12 00:00:00+08:00,0.04302867972632906,0.04715471714735031,0.04243924455429021,0.04715471714735031,25500,0.0,0.0
2023-12-13 00:00:00+08:00,0.04715471714735031,0.04715471714735031,0.04715471714735031,0.04715471714735031,0,0.0,0.0
2023-12-14 00:00:00+08:00,0.04361811031111599,0.0453864112496376,0.04361811031111599,0.045386411249637604,17500,0.0,0.0
2023-12-15 00:00:00+08:00,0.04479697769820521,0.046565283089876175,0.04479697769820521,0.046565283089876175,271200,0.0,0.0
2023-12-18 00:00:00+08:00,0.044796976139588766,0.0453864112496376,0.04302867520106715,0.045386411249637604,40000,0.0,0.0
2023-12-19 00:00:00+08:00,0.0453864112496376,0.0453864112496376,0.0453864112496376,0.045386411249637604,3100,0.0,0.0
2023-12-20 00:00:00+08:00,0.04538641602285911,0.04715471714735031,0.04538641602285911,0.04715471714735031,3600,0.0,0.0
2023-12-21 00:00:00+08:00,0.04715471714735031,0.04715471714735031,0.04715471714735031,0.04715471714735031,0,0.0,0.0
2023-12-22 00:00:00+08:00,0.04715471714735031,0.04715471714735031,0.04715471714735031,0.04715471714735031,0,0.0,0.0
2023-12-26 00:00:00+08:00,0.04715471714735031,0.04715471714735031,0.04715471714735031,0.04715471714735031,0,0.0,0.0
2023-12-27 00:00:00+08:00,0.04420755007040676,0.04715471714735031,0.043618114898367914,0.04715471714735031,27000,0.0,0.0
2023-12-28 00:00:00+08:00,0.044207546959273265,0.046565283089876175,0.04361811182871628,0.046565283089876175,33500,0.0,0.0
2023-12-29 00:00:00+08:00,0.046565283089876175,0.046565283089876175,0.046565283089876175,0.046565283089876175,0,0.0,0.0
2024-01-02 00:00:00+08:00,0.04597584795931919,0.046565283089876175,0.04479697769820521,0.046565283089876175,41000,0.0,0.0
2024-01-03 00:00:00+08:00,0.046565283089876175,0.046565283089876175,0.046565283089876175,0.046565283089876175,0,0.0,0.0
2024-01-04 00:00:00+08:00,0.046565283089876175,0.046565283089876175,0.046565283089876175,0.046565283089876175,60000,0.0,0.0
2024-01-05 00:00:00+08:00,0.046565283089876175,0.046565283089876175,0.046565283089876175,0.046565283089876175,55800,0.0,0.0
2024-01-08 00:00:00+08:00,0.04479697719216347,0.04656528256385906,0.0436181113359914,0.04479697719216347,25300,0.0,0.0
2024-01-09 00:00:00+08:00,0.04420755007040676,0.04715471714735031,0.04420755007040676,0.04715471714735031,25300,0.0,0.0
2024-01-10 00:00:00+08:00,0.04715471714735031,0.04715471714735031,0.04715471714735031,0.04715471714735031,0,0.0,0.0
2024-01-11 00:00:00+08:00,0.0483335849587758,0.054227923195428296,0.0483335849587758,0.05363848805427551,1882500,0.0,0.0
2024-01-12 00:00:00+08:00,0.05422791981397203,0.05422791981397203,0.052459618892403616,0.053049053996801376,156000,0.0,0.0
2024-01-15 00:00:00+08:00,0.052459624570311836,0.06365887080788267,0.052459624570311836,0.061301134526729584,3113200,0.0,0.0
2024-01-16 00:00:00+08:00,0.06189056420187604,0.06189056420187604,0.059532832354307175,0.059532832354307175,743400,0.0,0.0
2024-01-17 00:00:00+08:00,0.059532831924665276,0.06130113299339292,0.058943396771214324,0.06012226268649101,853700,0.0,0.0
2024-01-18 00:00:00+08:00,0.059532830849969534,0.060711696743965156,0.059532830849969534,0.06071169674396515,285200,0.0,0.0
2024-01-19 00:00:00+08:00,0.06071169827809161,0.06071169827809161,0.059532832354307175,0.059532832354307175,574000,0.0,0.0
2024-01-22 00:00:00+08:00,0.05953282970299693,0.06012226044282607,0.058353959440088546,0.05894339457154274,596600,0.0,0.0
2024-01-23 00:00:00+08:00,0.059532832354307175,0.059532832354307175,0.059532832354307175,0.059532832354307175,430500,0.0,0.0
2024-01-24 00:00:00+08:00,0.060122263120386765,0.060122263120386765,0.05894339719660233,0.059532832354307175,609100,0.0,0.0
2024-01-25 00:00:00+08:00,0.05894339719660233,0.059532832354307175,0.05894339719660233,0.059532832354307175,410000,0.0,0.0
2024-01-26 00:00:00+08:00,0.05894339824557649,0.06130113452672958,0.05717509713261801,0.061301134526729584,1234000,0.0,0.0
2024-01-29 00:00:00+08:00,0.06189056144556359,0.06189056144556359,0.05894339457154274,0.05894339457154274,546200,0.0,0.0
2024-01-30 00:00:00+08:00,0.05894339457154274,0.06012226044282607,0.05894339457154274,0.05894339457154274,552700,0.0,0.0
2024-01-31 00:00:00+08:00,0.058943395656371106,0.058943395656371106,0.058353960514068604,0.058353960514068604,499300,0.0,0.0
2024-02-01 00:00:00+08:00,0.05894339720618746,0.05894339720618746,0.05717509612441063,0.05717509612441063,264500,0.0,0.0
2024-02-02 00:00:00+08:00,0.05776452273130417,0.05776452273130417,0.05776452273130417,0.05776452273130417,40800,0.0,0.0
2024-02-05 00:00:00+08:00,0.05776452537176611,0.058353960514068604,0.057175094621088746,0.058353960514068604,53600,0.0,0.0
2024-02-06 00:00:00+08:00,0.058353959440088546,0.05894339457154274,0.057175093568805214,0.05894339457154274,103600,0.0,0.0
2024-02-07 00:00:00+08:00,0.05717509612441063,0.05717509612441063,0.05717509612441063,0.05717509612441063,250000,0.0,0.0
2024-02-08 00:00:00+08:00,0.057175093568805214,0.05894339457154274,0.057175093568805214,0.05894339457154274,200400,0.0,0.0
2024-02-09 00:00:00+08:00,0.05894339457154274,0.05894339457154274,0.05894339457154274,0.05894339457154274,400,0.0,0.0
2024-02-13 00:00:00+08:00,0.05717509200757015,0.05835395784666312,0.05717509200757015,0.05776452273130417,1321700,0.0,0.0
2024-02-14 00:00:00+08:00,0.057175094621088746,0.058353960514068604,0.057175094621088746,0.058353960514068604,388000,0.0,0.0
2024-02-15 00:00:00+08:00,0.05776452273130417,0.05776452273130417,0.0565856568922112,0.05776452273130417,308500,0.0,0.0
2024-02-16 00:00:00+08:00,0.05776452801383605,0.05776452801383605,0.056585662066936486,0.05658566206693649,591800,0.0,0.0
2024-02-19 00:00:00+08:00,0.056585659425923904,0.05717509456767575,0.05599622428417206,0.05599622428417206,100200,0.0,0.0
2024-02-20 00:00:00+08:00,0.05481735839229349,0.05599622428417206,0.0536384881087898,0.05599622428417206,238000,0.0,0.0
2024-02-21 00:00:00+08:00,0.055406790226697915,0.056585660533271395,0.055406790226697915,0.05540679022669792,539500,0.0,0.0
2024-02-22 00:00:00+08:00,0.05304905730474785,0.05363848805427551,0.05304905730474785,0.05363848805427551,18100,0.0,0.0
2024-02-23 00:00:00+08:00,0.055996225808809245,0.059532832363988146,0.055996225808809245,0.05717509612441063,3632600,0.0,0.0
2024-02-26 00:00:00+08:00,0.05717509200757015,0.05776452273130417,0.05717509200757015,0.05776452273130417,709800,0.0,0.0
2024-02-27 00:00:00+08:00,0.05658566096660994,0.05717509612441063,0.05658566096660994,0.05717509612441063,199300,0.0,0.0
2024-02-28 00:00:00+08:00,0.055996226897674035,0.057175097236198937,0.055996226897674035,0.05658566206693649,304300,0.0,0.0
2024-02-29 00:00:00+08:00,0.05599622428417206,0.056585659425923904,0.05599622428417206,0.05599622428417206,654500,0.0,0.0
2024-03-01 00:00:00+08:00,0.05599622428417206,0.056585659425923904,0.05481735839229349,0.05599622428417206,807500,0.0,0.0
2024-03-04 00:00:00+08:00,0.05599622537998466,0.05599622537998466,0.054817359465036394,0.05540679022669792,304400,0.0,0.0
2024-03-05 00:00:00+08:00,0.05599622422726153,0.05599622422726153,0.05363848805427551,0.05363848805427551,315800,0.0,0.0
2024-03-06 00:00:00+08:00,0.05363848957870451,0.05481735989451409,0.05363848957870451,0.054817359894514084,154300,0.0,0.0
2024-03-07 00:00:00+08:00,0.0542279247366093,0.055406790660793626,0.0542279247366093,0.054817359894514084,591000,0.0,0.0
2024-03-08 00:00:00+08:00,0.054817359465036394,0.055406790226697915,0.054817359465036394,0.05540679022669792,450700,0.0,0.0
2024-03-11 00:00:00+08:00,0.055406790226697915,0.055406790226697915,0.054817359465036394,0.05540679022669792,731100,0.0,0.0
2024-03-12 00:00:00+08:00,0.054817359465036394,0.055406790226697915,0.05422792431174965,0.05540679022669792,523800,0.0,0.0
2024-03-13 00:00:00+08:00,0.05481735989451409,0.05481735989451409,0.05363848957870451,0.054817359894514084,340400,0.0,0.0
2024-03-14 00:00:00+08:00,0.0548173572411233,0.05540678797887191,0.054227922111749656,0.05422792211174965,1026900,0.0,0.0
2024-03-15 00:00:00+08:00,0.0548173572411233,0.0548173572411233,0.054227922111749656,0.05422792211174965,355000,0.0,0.0
2024-03-18 00:00:00+08:00,0.05481735491836978,0.05481735491836978,0.05187018378800586,0.053049053996801376,366000,0.0,0.0
2024-03-19 00:00:00+08:00,0.05304905399680137,0.05422791981397203,0.05304905399680137,0.053049053996801376,481000,0.0,0.0
2024-03-20 00:00:00+08:00,0.053638489589028775,0.053638489589028775,0.052459623664617545,0.05245962366461754,205600,0.0,0.0
2024-03-21 00:00:00+08:00,0.05422792474704702,0.05422792474704702,0.052459623664617545,0.05245962366461754,332500,0.0,0.0
2024-03-22 00:00:00+08:00,0.05304905399680137,0.053638484709574275,0.05304905399680137,0.053049053996801376,847700,0.0,0.0
2024-03-25 00:00:00+08:00,0.05304905399680137,0.053638484709574275,0.05304905399680137,0.053049053996801376,512200,0.0,0.0
2024-03-26 00:00:00+08:00,0.054227922111749656,0.054227922111749656,0.053638486982376006,0.05422792211174965,741100,0.0,0.0
2024-03-27 00:00:00+08:00,0.054227922111749656,0.054227922111749656,0.053638486982376006,0.05422792211174965,485100,0.0,0.0
2024-03-28 00:00:00+08:00,0.055406790226697915,0.055406790226697915,0.05422792431174965,0.05540679022669792,257200,0.0,0.0
2024-04-01 00:00:00+08:00,0.05481735989451409,0.05481735989451409,0.0542279247366093,0.054817359894514084,250000,0.0,0.0
2024-04-02 00:00:00+08:00,0.0542279247366093,0.05481735989451409,0.05363848957870451,0.054817359894514084,117500,0.0,0.0
2024-04-03 00:00:00+08:00,0.054817359465036394,0.055406790226697915,0.054817359465036394,0.05540679022669792,366500,0.0,0.0
2024-04-04 00:00:00+08:00,0.05540678914242021,0.05717509456767575,0.05540678914242021,0.05599622428417206,278000,0.0,0.0
2024-04-05 00:00:00+08:00,0.05599622428417206,0.05599622428417206,0.05599622428417206,0.05599622428417206,0,0.0,0.0
2024-04-08 00:00:00+08:00,0.05599622428417206,0.058353960459554315,0.05540678914242021,0.05599622428417206,637600,0.0,0.0
2024-04-09 00:00:00+08:00,0.056585659425923904,0.056585659425923904,0.05599622428417206,0.05599622428417206,297000,0.0,0.0
2024-04-11 00:00:00+08:00,0.05599622428417206,0.05599622428417206,0.05599622428417206,0.05599622428417206,28200,0.0,0.0
2024-04-12 00:00:00+08:00,0.055996225799703384,0.059532832354307175,0.055996225799703384,0.059532832354307175,408500,0.0,0.0
2024-04-15 00:00:00+08:00,0.05658566096660994,0.05717509612441063,0.05658566096660994,0.05717509612441063,110800,0.0,0.0
2024-04-16 00:00:00+08:00,0.05540679065100856,0.05717509612441063,0.05540679065100856,0.05717509612441063,159200,0.0,0.0
2024-04-17 00:00:00+08:00,0.054817359465036394,0.055406790226697915,0.054817359465036394,0.05540679022669792,11000,0.0,0.0
2024-04-18 00:00:00+08:00,0.05481735989451409,0.055406790660793626,0.05128075333871061,0.054817359894514084,265000,0.0,0.0
2024-04-19 00:00:00+08:00,0.054227922111749656,0.054227922111749656,0.054227922111749656,0.05422792211174965,19000,0.0,0.0
2024-04-22 00:00:00+08:00,0.05481735989451409,0.05599622581869842,0.05481735989451409,0.054817359894514084,216700,0.0,0.0
2024-04-23 00:00:00+08:00,0.05540678914242021,0.05599622428417206,0.05540678914242021,0.05599622428417206,140800,0.0,0.0
2024-04-24 00:00:00+08:00,0.056585662066936486,0.056585662066936486,0.056585662066936486,0.05658566206693649,71000,0.0,0.0
2024-04-25 00:00:00+08:00,0.05540678919418125,0.058353960514068604,0.05540678919418125,0.058353960514068604,169200,0.0,0.0
2024-04-26 00:00:00+08:00,0.056585662066936486,0.056585662066936486,0.056585662066936486,0.05658566206693649,1000,0.0,0.0
2024-04-29 00:00:00+08:00,0.05776452273130417,0.05776452273130417,0.05717509200757015,0.05776452273130417,111800,0.0,0.0
2024-04-30 00:00:00+08:00,0.057764526890586074,0.05835396204838676,0.05717509612441063,0.05717509612441063,130400,0.0,0.0
2024-05-02 00:00:00+08:00,0.05599622433648375,0.058353960514068604,0.05540678919418125,0.058353960514068604,10500,0.0,0.0
2024-05-03 00:00:00+08:00,0.058353960514068604,0.058353960514068604,0.058353960514068604,0.058353960514068604,0,0.0,0.0
2024-05-06 00:00:00+08:00,0.056585658237619206,0.056585658237619206,0.054227922111749656,0.05422792211174965,12200,0.0,0.0
2024-05-07 00:00:00+08:00,0.05422792325054165,0.05599622428417206,0.0536384881087898,0.05599622428417206,61700,0.0,0.0
2024-05-08 00:00:00+08:00,0.054227925781512025,0.056585662066936486,0.054227925781512025,0.05658566206693649,77000,0.0,0.0
2024-05-09 00:00:00+08:00,0.054227922111749656,0.054227922111749656,0.053638486982376006,0.05422792211174965,40100,0.0,0.0
2024-05-10 00:00:00+08:00,0.054227922111749656,0.054227922111749656,0.054227922111749656,0.05422792211174965,29000,0.0,0.0
2024-05-13 00:00:00+08:00,0.0536384881087898,0.05599622428417206,0.0536384881087898,0.05599622428417206,16300,0.0,0.0
2024-05-14 00:00:00+08:00,0.05599622428417206,0.05599622428417206,0.05599622428417206,0.05599622428417206,0,0.0,0.0
2024-05-15 00:00:00+08:00,0.054227922111749656,0.054227922111749656,0.053638486982376006,0.05422792211174965,48200,0.0,0.0
2024-05-16 00:00:00+08:00,0.053638489158462914,0.055406790226697915,0.053638489158462914,0.05540679022669792,5000,0.0,0.0
2024-05-17 00:00:00+08:00,0.05422792325054165,0.05599622428417206,0.05422792325054165,0.05599622428417206,14200,0.0,0.0
2024-05-20 00:00:00+08:00,0.05599622428417206,0.05599622428417206,0.05599622428417206,0.05599622428417206,0,0.0,0.0
2024-05-21 00:00:00+08:00,0.05599622428417206,0.05599622428417206,0.05599622428417206,0.05599622428417206,0,0.0,0.0
2024-05-23 00:00:00+08:00,0.05599622428417206,0.05599622428417206,0.05599622428417206,0.05599622428417206,0,0.0,0.0
2024-05-24 00:00:00+08:00,0.053638489158462914,0.055406790226697915,0.05304905839680139,0.05540679022669792,134200,0.0,0.0
2024-05-27 00:00:00+08:00,0.05363848805427551,0.05363848805427551,0.05363848805427551,0.05363848805427551,12900,0.0,0.0
2024-05-28 00:00:00+08:00,0.05304905882263578,0.05304905882263578,0.052459623664617545,0.05245962366461754,15600,0.0,0.0
2024-05-29 00:00:00+08:00,0.052459623664617545,0.052459623664617545,0.052459623664617545,0.05245962366461754,0,0.0,0.0
2024-05-30 00:00:00+08:00,0.052459623664617545,0.052459623664617545,0.052459623664617545,0.05245962366461754,0,0.0,0.0
2024-05-31 00:00:00+08:00,0.052459623664617545,0.052459623664617545,0.052459623664617545,0.05245962366461754,0,0.0,0.0
2024-06-03 00:00:00+08:00,0.052459618892403616,0.053638484709574275,0.052459618892403616,0.053049053996801376,104400,0.0,0.0
2024-06-04 00:00:00+08:00,0.052459623664617545,0.052459623664617545,0.052459623664617545,0.05245962366461754,59300,0.0,0.0
2024-06-05 00:00:00+08:00,0.052459623664617545,0.052459623664617545,0.052459623664617545,0.05245962366461754,0,0.0,0.0
2024-06-06 00:00:00+08:00,0.052459623664617545,0.052459623664617545,0.052459623664617545,0.05245962366461754,0,0.0,0.0
2024-06-07 00:00:00+08:00,0.05245962111525375,0.054227922111749656,0.05010188498938419,0.05422792211174965,30400,0.0,0.0
2024-06-10 00:00:00+08:00,0.0530490562446274,0.054227922111749656,0.0518701859858801,0.05422792211174965,73400,0.0,0.0
2024-06-11 00:00:00+08:00,0.052459623664617545,0.052459623664617545,0.052459623664617545,0.05245962366461754,18500,0.0,0.0
2024-06-12 00:00:00+08:00,0.052459623664617545,0.052459623664617545,0.052459623664617545,0.05245962366461754,15500,0.0,0.0
2024-06-13 00:00:00+08:00,0.05069132365771985,0.05187018960714341,0.0501018884871954,0.0518701896071434,175500,0.0,0.0
2024-06-14 00:00:00+08:00,0.05187018960714341,0.05187018960714341,0.05187018960714341,0.0518701896071434,0,0.0,0.0
2024-06-18 00:00:00+08:00,0.05128075335938049,0.05128075335938049,0.05010188743472099,0.05010188743472099,6400,0.0,0.0
2024-06-19 00:00:00+08:00,0.05010188742416982,0.052459623664617545,0.05010188742416982,0.05245962366461754,3000,0.0,0.0
2024-06-20 00:00:00+08:00,0.05010188743472099,0.05010188743472099,0.05010188743472099,0.05010188743472099,51900,0.0,0.0
2024-06-21 00:00:00+08:00,0.051280754436618954,0.05187018960714341,0.049512453316670944,0.0518701896071434,145000,0.0,0.0
2024-06-24 00:00:00+08:00,0.04951245227657862,0.05010188743472099,0.04951245227657862,0.05010188743472099,25600,0.0,0.0
2024-06-25 00:00:00+08:00,0.04892301186919212,0.04892301186919212,0.04892301186919212,0.04892301186919212,13000,0.0,0.0
2024-06-26 00:00:00+08:00,0.04892301605616349,0.05069132149219513,0.04892301605616349,0.05069132149219513,14700,0.0,0.0
2024-06-27 00:00:00+08:00,0.049512449651956565,0.049512449651956565,0.049512449651956565,0.04951244965195656,1800,0.0,0.0
2024-06-28 00:00:00+08:00,0.0489230122448073,0.0489230122448073,0.048333581537008286,0.048333581537008286,19200,0.0,0.0
2024-07-01 00:00:00+08:00,0.048333581537008286,0.048333581537008286,0.048333581537008286,0.048333581537008286,0,0.0,0.0
2024-07-02 00:00:00+08:00,0.05069131990575018,0.05069131990575018,0.049512449651956565,0.04951244965195656,90000,0.0,0.0
2024-07-03 00:00:00+08:00,0.049512449651956565,0.049512449651956565,0.049512449651956565,0.04951244965195656,0,0.0,0.0
2024-07-04 00:00:00+08:00,0.05010188743472099,0.05010188743472099,0.05010188743472099,0.05010188743472099,700,0.0,0.0
2024-07-05 00:00:00+08:00,0.05010188743472099,0.05010188743472099,0.05010188743472099,0.05010188743472099,8900,0.0,0.0
2024-07-08 00:00:00+08:00,0.05010188743472099,0.05010188743472099,0.05010188743472099,0.05010188743472099,0,0.0,0.0
2024-07-09 00:00:00+08:00,0.04892301452505975,0.05069131990575018,0.04892301452505975,0.04951244965195656,54600,0.0,0.0
2024-07-10 00:00:00+08:00,0.04892301186919212,0.04892301186919212,0.04892301186919212,0.04892301186919212,41000,0.0,0.0
2024-07-11 00:00:00+08:00,0.04892301186919212,0.04892301186919212,0.04892301186919212,0.04892301186919212,0,0.0,0.0
2024-07-12 00:00:00+08:00,0.05540678914242021,0.05717509456767575,0.05540678914242021,0.05599622428417206,942700,0.0,0.0
2024-07-15 00:00:00+08:00,0.05599622177685224,0.05776452273130417,0.05599622177685224,0.05776452273130417,410500,0.0,0.0
2024-07-16 00:00:00+08:00,0.05835396307738189,0.06189056530329885,0.05835396307738189,0.061301134526729584,1332500,0.0,0.0
2024-07-17 00:00:00+08:00,0.06012226044282607,0.06130113070573445,0.05894339457154274,0.05894339457154274,759300,0.0,0.0
2024-07-18 00:00:00+08:00,0.059532831924665276,0.060711697839941965,0.059532831924665276,0.06012226268649101,527100,0.0,0.0
2024-07-19 00:00:00+08:00,0.060711697839941965,0.060711697839941965,0.059532831924665276,0.06012226268649101,577000,0.0,0.0
2024-07-22 00:00:00+08:00,0.059532832354307175,0.059532832354307175,0.059532832354307175,0.059532832354307175,68400,0.0,0.0
2024-07-23 00:00:00+08:00,0.060122263120386765,0.06071169827809161,0.059532832354307175,0.059532832354307175,377200,0.0,0.0
2024-07-24 00:00:00+08:00,0.056585660957408225,0.060122263120386765,0.056585660957408225,0.059532832354307175,102600,0.0,0.0
2024-07-25 00:00:00+08:00,0.059532830849969534,0.06306943292358153,0.059532830849969534,0.06071169674396515,344600,0.0,0.0
2024-07-26 00:00:00+08:00,0.06189056530329885,0.06306943563968806,0.06130113452672958,0.061301134526729584,165200,0.0,0.0
2024-07-29 00:00:00+08:00,0.061890560072717815,0.0630694303094767,0.06130112934596333,0.06247999519109726,421300,0.0,0.0
2024-07-30 00:00:00+08:00,0.061890560072717815,0.06365886542785615,0.061890560072717815,0.06247999519109726,147600,0.0,0.0
2024-07-31 00:00:00+08:00,0.06189056268730112,0.0630694329738617,0.06189056268730112,0.0630694329738617,109400,0.0,0.0
2024-08-01 00:00:00+08:00,0.061890560072717815,0.06247999519109726,0.061890560072717815,0.06247999519109726,59300,0.0,0.0
2024-08-02 00:00:00+08:00,0.06189056485891342,0.06189056485891342,0.061301134086576364,0.06189056485891342,151900,0.0,0.0
2024-08-05 00:00:00+08:00,0.06189056530329885,0.06189056530329885,0.06130113452672958,0.061301134526729584,61000,0.0,0.0
2024-08-06 00:00:00+08:00,0.06130113452672958,0.06130113452672958,0.06130113452672958,0.061301134526729584,0,0.0,0.0
2024-08-07 00:00:00+08:00,0.07426867621198659,0.07662640792166474,0.07073206986421937,0.07191094011068344,3233900,0.0,0.0
2024-08-08 00:00:00+08:00,0.07191094494132716,0.07191094494132716,0.07073207461567205,0.0713215097784996,639300,0.0,0.0
2024-08-12 00:00:00+08:00,0.0713215097784996,0.0713215097784996,0.07014264384446978,0.0713215097784996,531700,0.0,0.0
2024-08-13 00:00:00+08:00,0.0713215097784996,0.0725003801041547,0.07073207461567205,0.0713215097784996,1008900,0.0,0.0
2024-08-14 00:00:00+08:00,0.07250038007484294,0.07367924600839615,0.0719109449122537,0.07367924600839615,1905700,0.0,0.0
2024-08-15 00:00:00+08:00,0.07568867335705393,0.07568867335705393,0.07099999487400055,0.07099999487400055,421600,0.015,0.0
2024-08-16 00:00:00+08:00,0.07099999881666455,0.07233962416648865,0.0703301861417525,0.07233962416648865,527300,0.0,0.0
2024-08-19 00:00:00+08:00,0.07099999686375624,0.0716698095202446,0.07033018420726789,0.0716698095202446,548800,0.0,0.0
2024-08-20 00:00:00+08:00,0.07166981101177936,0.0730094313621521,0.0709999983413514,0.0730094313621521,236100,0.0,0.0
2024-08-21 00:00:00+08:00,0.07300942987981805,0.07903773381030871,0.07300942987981805,0.07501886785030365,345800,0.0,0.0
2024-08-22 00:00:00+08:00,0.07434905810001693,0.07903773690014594,0.07434905810001693,0.07769811153411865,404300,0.0,0.0
2024-08-23 00:00:00+08:00,0.07635848969221115,0.08037735573214952,0.07434905667224197,0.07635848969221115,1548800,0.0,0.0
2024-08-26 00:00:00+08:00,0.07769811203530615,0.07769811203530615,0.07568867896378673,0.0770283043384552,182600,0.0,0.0
2024-08-27 00:00:00+08:00,0.07568867702206036,0.07635848969221115,0.07501886934239275,0.07635848969221115,112100,0.0,0.0
2024-08-28 00:00:00+08:00,0.07501886738378695,0.0756886750459671,0.07501886738378695,0.0756886750459671,87200,0.0,0.0
2024-08-29 00:00:00+08:00,0.07434905519347512,0.07501886785030365,0.07434905519347512,0.07501886785030365,19600,0.0,0.0
2024-08-30 00:00:00+08:00,0.07501886553018232,0.0783679187297821,0.07501886553018232,0.0783679187297821,162100,0.0,0.0
2024-09-02 00:00:00+08:00,0.07702830236236193,0.07769811004202955,0.07635848969221115,0.07635848969221115,123300,0.0,0.0
2024-09-03 00:00:00+08:00,0.07635849165112096,0.0770283043384552,0.07635849165112096,0.0770283043384552,118100,0.0,0.0
2024-09-04 00:00:00+08:00,0.07635848817347765,0.07635848817347765,0.07434905519347512,0.07501886785030365,354800,0.0,0.0
2024-09-05 00:00:00+08:00,0.07501886785030365,0.07568867551664911,0.07501886785030365,0.07501886785030365,431100,0.0,0.0
2024-09-06 00:00:00+08:00,0.07501886738378695,0.0756886750459671,0.07501886738378695,0.0756886750459671,125100,0.0,0.0
2024-09-09 00:00:00+08:00,0.0756886750459671,0.0756886750459671,0.0756886750459671,0.0756886750459671,270000,0.0,0.0
2024-09-10 00:00:00+08:00,0.07501886785030365,0.07568867551664911,0.07501886785030365,0.07501886785030365,136700,0.0,0.0
2024-09-11 00:00:00+08:00,0.07501886738378695,0.0756886750459671,0.07501886738378695,0.0756886750459671,359600,0.0,0.0
2024-09-12 00:00:00+08:00,0.07501886785030365,0.07501886785030365,0.07501886785030365,0.07501886785030365,57000,0.0,0.0
2024-09-13 00:00:00+08:00,0.07568867896378673,0.07769811203530615,0.07568867896378673,0.0770283043384552,473900,0.0,0.0
2024-09-16 00:00:00+08:00,0.07769811004202955,0.07769811004202955,0.07635848969221115,0.07635848969221115,40800,0.0,0.0
2024-09-17 00:00:00+08:00,0.07568867551664911,0.07635848817347765,0.07434905519347512,0.07501886785030365,321200,0.0,0.0
2024-09-18 00:00:00+08:00,0.07501886785030365,0.07501886785030365,0.07501886785030365,0.07501886785030365,0,0.0,0.0
2024-09-19 00:00:00+08:00,0.07501886785030365,0.07501886785030365,0.07501886785030365,0.07501886785030365,115200,0.0,0.0
2024-09-20 00:00:00+08:00,0.07501886934239275,0.07635848969221115,0.07501886934239275,0.07635848969221115,18100,0.0,0.0
2024-09-23 00:00:00+08:00,0.0756886750459671,0.0756886750459671,0.0756886750459671,0.0756886750459671,201700,0.0,0.0
2024-09-24 00:00:00+08:00,0.07501886934239275,0.07635848969221115,0.07501886934239275,0.07635848969221115,43600,0.0,0.0
2024-09-25 00:00:00+08:00,0.07635848969221115,0.07635848969221115,0.07501886934239275,0.07635848969221115,167500,0.0,0.0
2024-09-26 00:00:00+08:00,0.07501886934239275,0.07635848969221115,0.07367924400209118,0.07635848969221115,240500,0.0,0.0
2024-09-27 00:00:00+08:00,0.07367924207846055,0.0756886750459671,0.07367924207846055,0.0756886750459671,48700,0.0,0.0
2024-09-30 00:00:00+08:00,0.07568867702206036,0.07635848969221115,0.07568867702206036,0.07635848969221115,126200,0.0,0.0
2024-10-01 00:00:00+08:00,0.07501886738378695,0.0756886750459671,0.07501886738378695,0.0756886750459671,221300,0.0,0.0
2024-10-02 00:00:00+08:00,0.0750188712669358,0.07769811203530615,0.0750188712669358,0.0770283043384552,833700,0.0,0.0
2024-10-03 00:00:00+08:00,0.07635849165112096,0.0770283043384552,0.07568867896378673,0.0770283043384552,370500,0.0,0.0
2024-10-04 00:00:00+08:00,0.07635849165112096,0.0770283043384552,0.07568867896378673,0.0770283043384552,84700,0.0,0.0
2024-10-07 00:00:00+08:00,0.0770283043384552,0.0770283043384552,0.0770283043384552,0.0770283043384552,0,0.0,0.0
2024-10-08 00:00:00+08:00,0.07501886584296544,0.07501886584296544,0.0743490532040596,0.0743490532040596,187400,0.0,0.0
2024-10-09 00:00:00+08:00,0.07501886785030365,0.07501886785030365,0.07501886785030365,0.07501886785030365,199800,0.0,0.0
2024-10-10 00:00:00+08:00,0.07501886785030365,0.07501886785030365,0.07501886785030365,0.07501886785030365,22800,0.0,0.0
2024-10-11 00:00:00+08:00,0.07501886738378695,0.0756886750459671,0.07501886738378695,0.0756886750459671,106300,0.0,0.0
2024-10-14 00:00:00+08:00,0.07568867551664911,0.07568867551664911,0.07367924253664658,0.07501886785030365,269200,0.0,0.0
2024-10-15 00:00:00+08:00,0.07434905473112374,0.0756886750459671,0.07367924207846055,0.0756886750459671,150000,0.0,0.0
2024-10-16 00:00:00+08:00,0.07434905473112374,0.0756886750459671,0.07434905473112374,0.0756886750459671,13600,0.0,0.0
2024-10-17 00:00:00+08:00,0.0756886750459671,0.0756886750459671,0.0756886750459671,0.0756886750459671,0,0.0,0.0
2024-10-18 00:00:00+08:00,0.07434905473112374,0.0756886750459671,0.07434905473112374,0.0756886750459671,6900,0.0,0.0
2024-10-21 00:00:00+08:00,0.07367924403258005,0.07434905670300801,0.0730094313621521,0.0730094313621521,27300,0.0,0.0
2024-10-22 00:00:00+08:00,0.07367924600839615,0.07367924600839615,0.07367924600839615,0.07367924600839615,23100,0.0,0.0
2024-10-23 00:00:00+08:00,0.0743490532040596,0.0743490532040596,0.0743490532040596,0.0743490532040596,10000,0.0,0.0
2024-10-24 00:00:00+08:00,0.07300942792624793,0.0743490532040596,0.07300942792624793,0.0743490532040596,28300,0.0,0.0
2024-10-25 00:00:00+08:00,0.0783679187297821,0.08238678955597792,0.07501886553018232,0.0783679187297821,1400300,0.0,0.0
2024-10-28 00:00:00+08:00,0.07836792271218034,0.07903773538233111,0.07635848969221115,0.07635848969221115,890000,0.0,0.0
2024-10-29 00:00:00+08:00,0.0756886750459671,0.07769810801347365,0.07233962176361719,0.0756886750459671,795100,0.0,0.0
2024-10-30 00:00:00+08:00,0.07233962014943462,0.07635848599477096,0.06899056195133238,0.07099999487400055,2109900,0.0,0.0
2024-11-01 00:00:00+08:00,0.07999999821186066,0.07999999821186066,0.07000000029802322,0.07100000232458115,3167400,0.035,0.0
2024-11-04 00:00:00+08:00,0.07100000232458115,0.07199999690055847,0.07100000232458115,0.07100000232458115,1498000,0.0,0.0
2024-11-05 00:00:00+08:00,0.07100000232458115,0.07199999690055847,0.07100000232458115,0.07100000232458115,1020000,0.0,0.0
2024-11-06 00:00:00+08:00,0.07100000232458115,0.07100000232458115,0.0689999982714653,0.07000000029802322,595100,0.0,0.0
2024-11-07 00:00:00+08:00,0.07000000029802322,0.07000000029802322,0.0689999982714653,0.0689999982714653,945500,0.0,0.0
2024-11-08 00:00:00+08:00,0.07000000029802322,0.07000000029802322,0.0689999982714653,0.07000000029802322,470500,0.0,0.0
2024-11-11 00:00:00+08:00,0.07000000029802322,0.07000000029802322,0.06800000369548798,0.0689999982714653,6000,0.0,0.0
2024-11-12 00:00:00+08:00,0.07000000029802322,0.07100000232458115,0.0689999982714653,0.07000000029802322,663700,0.0,0.0
2024-11-13 00:00:00+08:00,0.0689999982714653,0.07000000029802322,0.0689999982714653,0.0689999982714653,100200,0.0,0.0
2024-11-14 00:00:00+08:00,0.0689999982714653,0.0689999982714653,0.0689999982714653,0.0689999982714653,0,0.0,0.0
2024-11-15 00:00:00+08:00,0.0689999982714653,0.07100000232458115,0.0689999982714653,0.07100000232458115,1069800,0.0,0.0
2024-11-18 00:00:00+08:00,0.07100000232458115,0.0729999989271164,0.07100000232458115,0.07100000232458115,400300,0.0,0.0
2024-11-19 00:00:00+08:00,0.07100000232458115,0.07199999690055847,0.07000000029802322,0.07000000029802322,300200,0.0,0.0
2024-11-20 00:00:00+08:00,0.07100000232458115,0.07100000232458115,0.07000000029802322,0.07100000232458115,310600,0.0,0.0
2024-11-21 00:00:00+08:00,0.07100000232458115,0.07100000232458115,0.07100000232458115,0.07100000232458115,0,0.0,0.0
2024-11-22 00:00:00+08:00,0.07000000029802322,0.07400000095367432,0.07000000029802322,0.07400000095367432,42600,0.0,0.0
2024-11-25 00:00:00+08:00,0.07400000095367432,0.07400000095367432,0.07400000095367432,0.07400000095367432,0,0.0,0.0
2024-11-26 00:00:00+08:00,0.07199999690055847,0.07400000095367432,0.07199999690055847,0.07400000095367432,16100,0.0,0.0
2024-11-27 00:00:00+08:00,0.07400000095367432,0.07400000095367432,0.07400000095367432,0.07400000095367432,0,0.0,0.0
2024-11-28 00:00:00+08:00,0.07400000095367432,0.07400000095367432,0.07000000029802322,0.07400000095367432,34500,0.0,0.0
2024-11-29 00:00:00+08:00,0.07500000298023224,0.07500000298023224,0.07500000298023224,0.07500000298023224,3300,0.0,0.0
2024-12-02 00:00:00+08:00,0.07000000029802322,0.07500000298023224,0.07000000029802322,0.07500000298023224,90700,0.0,0.0
2024-12-03 00:00:00+08:00,0.07500000298023224,0.07500000298023224,0.07500000298023224,0.07500000298023224,0,0.0,0.0
2024-12-04 00:00:00+08:00,0.07000000029802322,0.07400000095367432,0.07000000029802322,0.07400000095367432,17900,0.0,0.0
2024-12-05 00:00:00+08:00,0.07000000029802322,0.07500000298023224,0.07000000029802322,0.07500000298023224,12500,0.0,0.0
2024-12-06 00:00:00+08:00,0.07400000095367432,0.07400000095367432,0.07000000029802322,0.07000000029802322,16700,0.0,0.0
2024-12-09 00:00:00+08:00,0.07199999690055847,0.07500000298023224,0.07199999690055847,0.07500000298023224,13100,0.0,0.0
2024-12-10 00:00:00+08:00,0.07500000298023224,0.07500000298023224,0.07100000232458115,0.07100000232458115,12900,0.0,0.0
2024-12-11 00:00:00+08:00,0.07199999690055847,0.07500000298023224,0.07199999690055847,0.07199999690055847,115100,0.0,0.0
2024-12-12 00:00:00+08:00,0.07199999690055847,0.07199999690055847,0.07199999690055847,0.07199999690055847,0,0.0,0.0
2024-12-13 00:00:00+08:00,0.07199999690055847,0.07500000298023224,0.07199999690055847,0.07500000298023224,205600,0.0,0.0
2024-12-16 00:00:00+08:00,0.07199999690055847,0.07199999690055847,0.07199999690055847,0.07199999690055847,100000,0.0,0.0
2024-12-17 00:00:00+08:00,0.07500000298023224,0.07599999755620956,0.07100000232458115,0.07100000232458115,1087000,0.0,0.0
2024-12-18 00:00:00+08:00,0.08799999952316284,0.08799999952316284,0.0729999989271164,0.0729999989271164,23400,0.0,0.0
2024-12-19 00:00:00+08:00,0.07199999690055847,0.0729999989271164,0.07100000232458115,0.0729999989271164,170800,0.0,0.0
2024-12-20 00:00:00+08:00,0.0729999989271164,0.0729999989271164,0.0729999989271164,0.0729999989271164,0,0.0,0.0
2024-12-23 00:00:00+08:00,0.0729999989271164,0.0729999989271164,0.07199999690055847,0.0729999989271164,80300,0.0,0.0
2024-12-24 00:00:00+08:00,0.07400000095367432,0.07400000095367432,0.0729999989271164,0.0729999989271164,38400,0.0,0.0
2024-12-26 00:00:00+08:00,0.07199999690055847,0.0729999989271164,0.07199999690055847,0.07199999690055847,325100,0.0,0.0
2024-12-27 00:00:00+08:00,0.07199999690055847,0.07400000095367432,0.07199999690055847,0.0729999989271164,624600,0.0,0.0
2024-12-30 00:00:00+08:00,0.07800000160932541,0.07800000160932541,0.07199999690055847,0.0729999989271164,108100,0.0,0.0
2024-12-31 00:00:00+08:00,0.0729999989271164,0.07800000160932541,0.0729999989271164,0.07800000160932541,1100,0.0,0.0
2025-01-02 00:00:00+08:00,0.07400000095367432,0.07900000363588333,0.07400000095367432,0.07900000363588333,282000,0.0,0.0
2025-01-03 00:00:00+08:00,0.07900000363588333,0.07900000363588333,0.07900000363588333,0.07900000363588333,0,0.0,0.0
2025-01-06 00:00:00+08:00,0.07900000363588333,0.07900000363588333,0.07900000363588333,0.07900000363588333,0,0.0,0.0
2025-01-07 00:00:00+08:00,0.07900000363588333,0.07900000363588333,0.07900000363588333,0.07900000363588333,0,0.0,0.0
2025-01-08 00:00:00+08:00,0.0729999989271164,0.07900000363588333,0.0729999989271164,0.07900000363588333,7900,0.0,0.0
2025-01-09 00:00:00+08:00,0.07199999690055847,0.07199999690055847,0.07199999690055847,0.07199999690055847,2600,0.0,0.0
2025-01-10 00:00:00+08:00,0.07500000298023224,0.07500000298023224,0.07500000298023224,0.07500000298023224,106400,0.0,0.0
2025-01-13 00:00:00+08:00,0.07500000298023224,0.07500000298023224,0.07500000298023224,0.07500000298023224,28500,0.0,0.0
2025-01-14 00:00:00+08:00,0.07500000298023224,0.07500000298023224,0.07500000298023224,0.07500000298023224,0,0.0,0.0
2025-01-15 00:00:00+08:00,0.07199999690055847,0.07500000298023224,0.07199999690055847,0.07500000298023224,27200,0.0,0.0
2025-01-16 00:00:00+08:00,0.07199999690055847,0.07800000160932541,0.07000000029802322,0.07800000160932541,201500,0.0,0.0
2025-01-17 00:00:00+08:00,0.07800000160932541,0.07800000160932541,0.07800000160932541,0.07800000160932541,0,0.0,0.0
2025-01-20 00:00:00+08:00,0.07800000160932541,0.07800000160932541,0.07800000160932541,0.07800000160932541,0,0.0,0.0
2025-01-21 00:00:00+08:00,0.07000000029802322,0.07699999958276749,0.07000000029802322,0.07699999958276749,159500,0.0,0.0
2025-01-22 00:00:00+08:00,0.07000000029802322,0.07500000298023224,0.07000000029802322,0.07500000298023224,33100,0.0,0.0
2025-01-23 00:00:00+08:00,0.07100000232458115,0.07400000095367432,0.07100000232458115,0.07100000232458115,130300,0.0,0.0
2025-01-24 00:00:00+08:00,0.07100000232458115,0.07699999958276749,0.07100000232458115,0.07500000298023224,291300,0.0,0.0
2025-01-27 00:00:00+08:00,0.07199999690055847,0.07199999690055847,0.07199999690055847,0.07199999690055847,8200,0.0,0.0
2025-01-28 00:00:00+08:00,0.07199999690055847,0.07199999690055847,0.07199999690055847,0.07199999690055847,0,0.0,0.0
2025-01-31 00:00:00+08:00,0.07199999690055847,0.07400000095367432,0.07199999690055847,0.07400000095367432,800,0.0,0.0
2025-02-03 00:00:00+08:00,0.07400000095367432,0.07400000095367432,0.07400000095367432,0.07400000095367432,0,0.0,0.0
2025-02-04 00:00:00+08:00,0.07400000095367432,0.07400000095367432,0.07400000095367432,0.07400000095367432,0,0.0,0.0
2025-02-05 00:00:00+08:00,0.07400000095367432,0.07400000095367432,0.07400000095367432,0.07400000095367432,0,0.0,0.0
2025-02-06 00:00:00+08:00,0.0729999989271164,0.07400000095367432,0.0729999989271164,0.07400000095367432,90000,0.0,0.0
2025-02-07 00:00:00+08:00,0.07100000232458115,0.07400000095367432,0.07100000232458115,0.07400000095367432,82700,0.0,0.0
2025-02-10 00:00:00+08:00,0.07000000029802322,0.07400000095367432,0.07000000029802322,0.07400000095367432,41600,0.0,0.0
2025-02-11 00:00:00+08:00,0.07100000232458115,0.0729999989271164,0.07100000232458115,0.0729999989271164,4900,0.0,0.0
2025-02-12 00:00:00+08:00,0.0729999989271164,0.0729999989271164,0.07000000029802322,0.0729999989271164,132300,0.0,0.0
2025-02-13 00:00:00+08:00,0.07000000029802322,0.0729999989271164,0.06499999761581421,0.0729999989271164,194200,0.0,0.0
2025-02-14 00:00:00+08:00,0.07199999690055847,0.07199999690055847,0.0689999982714653,0.07199999690055847,102400,0.0,0.0
2025-02-17 00:00:00+08:00,0.07000000029802322,0.07100000232458115,0.07000000029802322,0.07000000029802322,203200,0.0,0.0
2025-02-18 00:00:00+08:00,0.0729999989271164,0.0729999989271164,0.07000000029802322,0.07100000232458115,183400,0.0,0.0
2025-02-19 00:00:00+08:00,0.07000000029802322,0.07000000029802322,0.07000000029802322,0.07000000029802322,100000,0.0,0.0
2025-02-20 00:00:00+08:00,0.07100000232458115,0.07199999690055847,0.0689999982714653,0.07199999690055847,9600,0.0,0.0
2025-02-21 00:00:00+08:00,0.0689999982714653,0.07100000232458115,0.0689999982714653,0.07100000232458115,9200,0.0,0.0
2025-02-24 00:00:00+08:00,0.0689999982714653,0.07100000232458115,0.0689999982714653,0.07100000232458115,19900,0.0,0.0
2025-02-25 00:00:00+08:00,0.07000000029802322,0.07100000232458115,0.0689999982714653,0.07100000232458115,45100,0.0,0.0
2025-02-26 00:00:00+08:00,0.07000000029802322,0.07000000029802322,0.07000000029802322,0.07000000029802322,248700,0.0,0.0
2025-02-27 00:00:00+08:00,0.0689999982714653,0.07100000232458115,0.0689999982714653,0.07100000232458115,7200,0.0,0.0
2025-02-28 00:00:00+08:00,0.07000000029802322,0.07000000029802322,0.06800000369548798,0.07000000029802322,114900,0.0,0.0
2025-03-03 00:00:00+08:00,0.07000000029802322,0.07000000029802322,0.0689999982714653,0.0689999982714653,130000,0.0,0.0
2025-03-04 00:00:00+08:00,0.06800000369548798,0.06800000369548798,0.06700000166893005,0.06800000369548798,704100,0.0,0.0
2025-03-05 00:00:00+08:00,0.06700000166893005,0.0689999982714653,0.06700000166893005,0.0689999982714653,20000,0.0,0.0
2025-03-06 00:00:00+08:00,0.06700000166893005,0.06800000369548798,0.06599999964237213,0.06800000369548798,708200,0.0,0.0
2025-03-07 00:00:00+08:00,0.06800000369548798,0.06800000369548798,0.06800000369548798,0.06800000369548798,93200,0.0,0.0
2025-03-10 00:00:00+08:00,0.06599999964237213,0.0689999982714653,0.0560000017285347,0.06700000166893005,99500,0.0,0.0
2025-03-11 00:00:00+08:00,0.06700000166893005,0.06700000166893005,0.06499999761581421,0.06700000166893005,31100,0.0,0.0
2025-03-12 00:00:00+08:00,0.0689999982714653,0.07000000029802322,0.06700000166893005,0.06800000369548798,912800,0.0,0.0
2025-03-13 00:00:00+08:00,0.06800000369548798,0.06800000369548798,0.06800000369548798,0.06800000369548798,0,0.0,0.0
2025-03-14 00:00:00+08:00,0.06599999964237213,0.06800000369548798,0.06599999964237213,0.06800000369548798,24400,0.0,0.0
2025-03-17 00:00:00+08:00,0.06800000369548798,0.06800000369548798,0.06800000369548798,0.06800000369548798,507500,0.0,0.0
2025-03-18 00:00:00+08:00,0.06499999761581421,0.06800000369548798,0.06499999761581421,0.06800000369548798,15600,0.0,0.0
2025-03-19 00:00:00+08:00,0.06499999761581421,0.06800000369548798,0.06400000303983688,0.06800000369548798,478800,0.0,0.0
2025-03-20 00:00:00+08:00,0.0689999982714653,0.0689999982714653,0.0689999982714653,0.0689999982714653,120000,0.0,0.0
2025-03-21 00:00:00+08:00,0.0689999982714653,0.0689999982714653,0.0689999982714653,0.0689999982714653,0,0.0,0.0
2025-03-24 00:00:00+08:00,0.0689999982714653,0.0689999982714653,0.0689999982714653,0.0689999982714653,0,0.0,0.0
2025-03-25 00:00:00+08:00,0.0689999982714653,0.0689999982714653,0.0689999982714653,0.0689999982714653,0,0.0,0.0
2025-03-26 00:00:00+08:00,0.06400000303983688,0.06800000369548798,0.06400000303983688,0.06800000369548798,12000,0.0,0.0
2025-03-27 00:00:00+08:00,0.06499999761581421,0.06499999761581421,0.06499999761581421,0.06499999761581421,5000,0.0,0.0
2025-03-28 00:00:00+08:00,0.0689999982714653,0.0689999982714653,0.0689999982714653,0.0689999982714653,50000,0.0,0.0
2025-04-01 00:00:00+08:00,0.0689999982714653,0.0689999982714653,0.06599999964237213,0.06599999964237213,7700,0.0,0.0
2025-04-02 00:00:00+08:00,0.06700000166893005,0.0689999982714653,0.06599999964237213,0.0689999982714653,53000,0.0,0.0
2025-04-03 00:00:00+08:00,0.0689999982714653,0.0689999982714653,0.0689999982714653,0.0689999982714653,0,0.0,0.0
2025-04-04 00:00:00+08:00,0.0689999982714653,0.0689999982714653,0.0689999982714653,0.0689999982714653,0,0.0,0.0
2025-04-07 00:00:00+08:00,0.0689999982714653,0.0689999982714653,0.0689999982714653,0.0689999982714653,0,0.0,0.0
2025-04-08 00:00:00+08:00,0.0560000017285347,0.06499999761581421,0.05299999937415123,0.06499999761581421,10400,0.0,0.0
2025-04-09 00:00:00+08:00,0.06499999761581421,0.06499999761581421,0.06499999761581421,0.06499999761581421,0,0.0,0.0
2025-04-10 00:00:00+08:00,0.06499999761581421,0.06499999761581421,0.06499999761581421,0.06499999761581421,0,0.0,0.0
2025-04-11 00:00:00+08:00,0.06499999761581421,0.06499999761581421,0.06499999761581421,0.06499999761581421,300,0.0,0.0
2025-04-14 00:00:00+08:00,0.06499999761581421,0.06499999761581421,0.06499999761581421,0.06499999761581421,0,0.0,0.0
2025-04-15 00:00:00+08:00,0.06199999898672104,0.07199999690055847,0.06199999898672104,0.07199999690055847,13100,0.0,0.0
2025-04-16 00:00:00+08:00,0.07199999690055847,0.07199999690055847,0.07199999690055847,0.07199999690055847,0,0.0,0.0
2025-04-17 00:00:00+08:00,0.061000000685453415,0.06400000303983688,0.061000000685453415,0.06400000303983688,7000,0.0,0.0
2025-04-21 00:00:00+08:00,0.061000000685453415,0.06400000303983688,0.061000000685453415,0.06400000303983688,20800,0.0,0.0
2025-04-22 00:00:00+08:00,0.06400000303983688,0.06499999761581421,0.06400000303983688,0.06499999761581421,800,0.0,0.0
2025-04-23 00:00:00+08:00,0.07000000029802322,0.07000000029802322,0.061000000685453415,0.06400000303983688,29100,0.0,0.0
2025-04-24 00:00:00+08:00,0.06400000303983688,0.06400000303983688,0.06400000303983688,0.06400000303983688,0,0.0,0.0
2025-04-25 00:00:00+08:00,0.06199999898672104,0.06199999898672104,0.06199999898672104,0.06199999898672104,50400,0.0,0.0
2025-04-28 00:00:00+08:00,0.06199999898672104,0.06199999898672104,0.06199999898672104,0.06199999898672104,0,0.0,0.0
2025-04-29 00:00:00+08:00,0.06199999898672104,0.06199999898672104,0.06199999898672104,0.06199999898672104,0,0.0,0.0
2025-04-30 00:00:00+08:00,0.061000000685453415,0.06300000101327896,0.05999999865889549,0.06300000101327896,50100,0.0,0.0
2025-05-02 00:00:00+08:00,0.061000000685453415,0.07699999958276749,0.061000000685453415,0.07699999958276749,4500,0.0,0.0
