Date,Open,High,Low,Close,Volume,Dividends,Stock Splits
1992-06-16 00:00:00-04:00,2.476179500039764,2.476179500039764,2.3757941722869873,2.3757941722869873,27334,0.0,0.0
1992-06-17 00:00:00-04:00,2.476180076599121,2.476180076599121,2.375794725472393,2.476180076599121,20616,0.0,0.0
1992-06-18 00:00:00-04:00,2.3757941722869873,2.476179500039764,2.3757941722869873,2.3757941722869873,36600,0.0,0.0
1992-06-19 00:00:00-04:00,2.476179500039764,2.476179500039764,2.3757941722869873,2.3757941722869873,15752,0.0,0.0
1992-06-22 00:00:00-04:00,2.4427196979522705,2.4427196979522705,2.4427196979522705,2.4427196979522705,1853,0.0,0.0
1992-06-23 00:00:00-04:00,2.3757945803373515,2.3757945803373515,2.342332601547241,2.342332601547241,33357,0.0,0.0
1992-06-24 00:00:00-04:00,2.342332601547241,2.342332601547241,2.342332601547241,2.342332601547241,463,0.0,0.0
1992-06-25 00:00:00-04:00,2.3423321992440793,2.4092561453298953,2.3088702262011718,2.3757941722869873,15057,0.0,0.0
1992-06-26 00:00:00-04:00,2.2754085063934326,2.409256413461289,2.2754085063934326,2.2754085063934326,3011,0.0,0.0
1992-06-29 00:00:00-04:00,2.2754085063934326,2.2754085063934326,2.2754085063934326,2.2754085063934326,0,0.0,0.0
1992-06-30 00:00:00-04:00,2.409256935119629,2.409256935119629,2.308870983082919,2.409256935119629,1622,0.0,0.0
1992-07-01 00:00:00-04:00,2.409256413461289,2.409256413461289,2.2754085063934326,2.2754085063934326,7644,0.0,0.0
1992-07-02 00:00:00-04:00,2.409256559127462,2.409256559127462,2.342332601547241,2.342332601547241,1158,0.0,0.0
1992-07-06 00:00:00-04:00,2.2754085063934326,2.2754085063934326,2.2754085063934326,2.2754085063934326,463,0.0,0.0
1992-07-07 00:00:00-04:00,2.342332601547241,2.342332601547241,2.342332601547241,2.342332601547241,463,0.0,0.0
1992-07-08 00:00:00-04:00,2.409256413461289,2.409256413461289,2.2754085063934326,2.2754085063934326,5559,0.0,0.0
1992-07-09 00:00:00-04:00,2.4092561453298953,2.4092561453298953,2.3757941722869873,2.3757941722869873,1390,0.0,0.0
1992-07-10 00:00:00-04:00,2.3757941722869873,2.3757941722869873,2.3757941722869873,2.3757941722869873,0,0.0,0.0
1992-07-13 00:00:00-04:00,2.409256935119629,2.409256935119629,2.409256935119629,2.409256935119629,927,0.0,0.0
1992-07-14 00:00:00-04:00,2.409256935119629,2.409256935119629,2.409256935119629,2.409256935119629,0,0.0,0.0
1992-07-15 00:00:00-04:00,2.409256935119629,2.409256935119629,2.409256935119629,2.409256935119629,0,0.0,0.0
1992-07-16 00:00:00-04:00,2.2754085761771394,2.308870553970337,2.2754085761771394,2.308870553970337,10192,0.0,0.0
1992-07-17 00:00:00-04:00,2.342332459927361,2.342332459927361,2.2754085063934326,2.2754085063934326,2548,0.0,0.0
1992-07-20 00:00:00-04:00,2.2754085063934326,2.2754085063934326,2.2754085063934326,2.2754085063934326,463,0.0,0.0
1992-07-21 00:00:00-04:00,2.3757941722869873,2.3757941722869873,2.3757941722869873,2.3757941722869873,2316,0.0,0.0
1992-07-22 00:00:00-04:00,2.2754085063934326,2.2754085063934326,2.2754085063934326,2.2754085063934326,2316,0.0,0.0
1992-07-23 00:00:00-04:00,2.275408253158264,2.3757941722869873,2.275408253158264,2.3757941722869873,3706,0.0,0.0
1992-07-24 00:00:00-04:00,2.3757944366943247,2.3757944366943247,2.2754085063934326,2.2754085063934326,11119,0.0,0.0
1992-07-27 00:00:00-04:00,2.3757944366943247,2.3757944366943247,2.2754085063934326,2.2754085063934326,30114,0.0,0.0
1992-07-28 00:00:00-04:00,2.2754085761771394,2.308870553970337,2.2754085761771394,2.308870553970337,3475,0.0,0.0
1992-07-29 00:00:00-04:00,2.3757941722869873,2.3757941722869873,2.3757941722869873,2.3757941722869873,463,0.0,0.0
1992-07-30 00:00:00-04:00,2.3757941722869873,2.3757941722869873,2.3088702262011718,2.3757941722869873,8339,0.0,0.0
1992-07-31 00:00:00-04:00,2.2754085063934326,2.2754085063934326,2.2754085063934326,2.2754085063934326,4170,0.0,0.0
1992-08-03 00:00:00-04:00,2.2754085063934326,2.2754085063934326,2.2754085063934326,2.2754085063934326,0,0.0,0.0
1992-08-04 00:00:00-04:00,2.2754085063934326,2.2754085063934326,2.2754085063934326,2.2754085063934326,7876,0.0,0.0
1992-08-05 00:00:00-04:00,2.275408253158264,2.3757941722869873,2.275408253158264,2.3757941722869873,5559,0.0,0.0
1992-08-06 00:00:00-04:00,2.3757941722869873,2.3757941722869873,2.3757941722869873,2.3757941722869873,0,0.0,0.0
1992-08-07 00:00:00-04:00,2.3088702262011718,2.3757941722869873,2.3088702262011718,2.3757941722869873,4865,0.0,0.0
1992-08-10 00:00:00-04:00,2.3757941722869873,2.3757941722869873,2.3757941722869873,2.3757941722869873,0,0.0,0.0
1992-08-11 00:00:00-04:00,2.275408918480774,2.275408918480774,2.2419469356536865,2.2419469356536865,14594,0.0,0.0
1992-08-12 00:00:00-04:00,2.24194666517691,2.342332601547241,2.24194666517691,2.342332601547241,33820,0.0,0.0
1992-08-13 00:00:00-04:00,2.342332531763535,2.342332531763535,2.2419465983839415,2.308870553970337,11582,0.0,0.0
1992-08-14 00:00:00-04:00,2.342332601547241,2.342332601547241,2.24194666517691,2.342332601547241,10656,0.0,0.0
1992-08-17 00:00:00-04:00,2.342332601547241,2.342332601547241,2.342332601547241,2.342332601547241,4633,0.0,0.0
1992-08-18 00:00:00-04:00,2.308870901307862,2.308870901307862,2.2419469356536865,2.2419469356536865,4401,0.0,0.0
1992-08-19 00:00:00-04:00,2.2419469356536865,2.2419469356536865,2.2419469356536865,2.2419469356536865,2316,0.0,0.0
1992-08-20 00:00:00-04:00,2.2419469356536865,2.2419469356536865,2.2419469356536865,2.2419469356536865,0,0.0,0.0
1992-08-21 00:00:00-04:00,2.342332601547241,2.342332601547241,2.342332601547241,2.342332601547241,1390,0.0,0.0
1992-08-24 00:00:00-04:00,2.34233288413495,2.34233288413495,2.2419469356536865,2.2419469356536865,6718,0.0,0.0
1992-08-25 00:00:00-04:00,2.2419465983839415,2.342332531763535,2.2419465983839415,2.308870553970337,20848,0.0,0.0
1992-08-26 00:00:00-04:00,2.308870553970337,2.308870553970337,2.308870553970337,2.308870553970337,0,0.0,0.0
1992-08-27 00:00:00-04:00,2.275408253158264,2.3757941722869873,2.275408253158264,2.3757941722869873,3243,0.0,0.0
1992-08-28 00:00:00-04:00,2.4092564873499303,2.4092564873499303,2.308870553970337,2.308870553970337,8803,0.0,0.0
1992-08-31 00:00:00-04:00,2.308870983082919,2.409256935119629,2.308870983082919,2.409256935119629,21311,0.0,0.0
1992-09-01 00:00:00-04:00,2.308870553970337,2.308870553970337,2.308870553970337,2.308870553970337,695,0.0,0.0
1992-09-02 00:00:00-04:00,2.409256559127462,2.409256559127462,2.308870622757131,2.342332601547241,7181,0.0,0.0
1992-09-03 00:00:00-04:00,2.409256935119629,2.409256935119629,2.409256935119629,2.409256935119629,232,0.0,0.0
1992-09-04 00:00:00-04:00,2.409256559127462,2.409256559127462,2.342332601547241,2.342332601547241,45171,0.0,0.0
1992-09-08 00:00:00-04:00,2.409256935119629,2.409256935119629,2.308870983082919,2.409256935119629,11119,0.0,0.0
1992-09-09 00:00:00-04:00,2.409256935119629,2.409256935119629,2.308870983082919,2.409256935119629,12740,0.0,0.0
1992-09-10 00:00:00-04:00,2.409256935119629,2.409256935119629,2.409256935119629,2.409256935119629,232,0.0,0.0
1992-09-11 00:00:00-04:00,2.4761803117679615,2.4761803117679615,2.3757949511073924,2.409256935119629,5791,0.0,0.0
1992-09-14 00:00:00-04:00,2.4761803117679615,2.4761803117679615,2.409256935119629,2.409256935119629,6486,0.0,0.0
1992-09-15 00:00:00-04:00,2.5431034461255795,2.5431034461255795,2.3757941722869873,2.3757941722869873,11351,0.0,0.0
1992-09-16 00:00:00-04:00,2.5431050906190467,2.5431050906190467,2.4427196979522705,2.4427196979522705,26176,0.0,0.0
1992-09-17 00:00:00-04:00,2.4427196979522705,2.4427196979522705,2.4427196979522705,2.4427196979522705,0,0.0,0.0
1992-09-18 00:00:00-04:00,2.509641647338867,2.509641647338867,2.509641647338867,2.509641647338867,1158,0.0,0.0
1992-09-21 00:00:00-04:00,2.442718586349713,2.5431039333343506,2.442718586349713,2.5431039333343506,12740,0.0,0.0
1992-09-22 00:00:00-04:00,2.543104038267663,2.543104038267663,2.4427186871409345,2.476180076599121,50267,0.0,0.0
1992-09-23 00:00:00-04:00,2.543104038267663,2.543104038267663,2.4092567063066634,2.476180076599121,25481,0.0,0.0
1992-09-24 00:00:00-04:00,2.509641647338867,2.509641647338867,2.4761795260998074,2.509641647338867,6949,0.0,0.0
1992-09-25 00:00:00-04:00,2.5431039333343506,2.5431039333343506,2.4092566068961467,2.5431039333343506,20153,0.0,0.0
1992-09-28 00:00:00-04:00,2.4427196979522705,2.4427196979522705,2.4427196979522705,2.4427196979522705,463,0.0,0.0
1992-09-29 00:00:00-04:00,2.4427196979522705,2.4427196979522705,2.4427196979522705,2.4427196979522705,0,0.0,0.0
1992-09-30 00:00:00-04:00,2.5431042797924346,2.5431042797924346,2.409256935119629,2.409256935119629,13899,0.0,0.0
1992-10-01 00:00:00-04:00,2.409256935119629,2.5431042797924346,2.409256935119629,2.409256935119629,30114,0.0,0.0
1992-10-02 00:00:00-04:00,2.5431050906190467,2.5431050906190467,2.4092577032712357,2.4427196979522705,30809,0.0,0.0
1992-10-05 00:00:00-04:00,2.4092561706856177,2.509641647338867,2.4092561706856177,2.509641647338867,25018,0.0,0.0
1992-10-06 00:00:00-04:00,2.476180076599121,2.476180076599121,2.476180076599121,2.476180076599121,2316,0.0,0.0
1992-10-07 00:00:00-04:00,2.543104038267663,2.543104038267663,2.476180076599121,2.476180076599121,2085,0.0,0.0
1992-10-08 00:00:00-04:00,2.5431039333343506,2.5431039333343506,2.4761799744272186,2.5431039333343506,7644,0.0,0.0
1992-10-09 00:00:00-04:00,2.5431039333343506,2.5431039333343506,2.5431039333343506,2.5431039333343506,232,0.0,0.0
1992-10-12 00:00:00-04:00,2.5431039333343506,2.5431039333343506,2.5431039333343506,2.5431039333343506,1390,0.0,0.0
1992-10-13 00:00:00-04:00,2.409256935119629,2.409256935119629,2.409256935119629,2.409256935119629,2316,0.0,0.0
1992-10-14 00:00:00-04:00,2.409256935119629,2.409256935119629,2.409256935119629,2.409256935119629,2316,0.0,0.0
1992-10-15 00:00:00-04:00,2.409256935119629,2.409256935119629,2.409256935119629,2.409256935119629,2316,0.0,0.0
1992-10-16 00:00:00-04:00,2.5431039333343506,2.5431039333343506,2.5431039333343506,2.5431039333343506,2780,0.0,0.0
1992-10-19 00:00:00-04:00,2.4092577032712357,2.5431050906190467,2.4092577032712357,2.4427196979522705,9729,0.0,0.0
1992-10-20 00:00:00-04:00,2.4092561706856177,2.509641647338867,2.4092561706856177,2.509641647338867,4865,0.0,0.0
1992-10-21 00:00:00-04:00,2.4427189191318655,2.4427189191318655,2.409256935119629,2.409256935119629,1390,0.0,0.0
1992-10-22 00:00:00-04:00,2.409256935119629,2.409256935119629,2.409256935119629,2.409256935119629,2316,0.0,0.0
1992-10-23 00:00:00-04:00,2.409256935119629,2.409256935119629,2.409256935119629,2.409256935119629,0,0.0,0.0
1992-10-26 00:00:00-05:00,2.409256935119629,2.409256935119629,2.409256935119629,2.409256935119629,1158,0.0,0.0
1992-10-27 00:00:00-05:00,2.409256935119629,2.409256935119629,2.409256935119629,2.409256935119629,0,0.0,0.0
1992-10-28 00:00:00-05:00,2.409256935119629,2.409256935119629,2.409256935119629,2.409256935119629,5791,0.0,0.0
1992-10-29 00:00:00-05:00,2.4427189191318655,2.5431042797924346,2.409256935119629,2.409256935119629,39611,0.0,0.0
1992-10-30 00:00:00-05:00,2.4092566068961467,2.5431039333343506,2.4092566068961467,2.5431039333343506,12740,0.0,0.0
1992-11-02 00:00:00-05:00,2.509641647338867,2.509641647338867,2.509641647338867,2.509641647338867,2316,0.0,0.0
1992-11-03 00:00:00-05:00,2.476180076599121,2.476180076599121,2.476180076599121,2.476180076599121,2316,0.0,0.0
1992-11-04 00:00:00-05:00,2.342332601547241,2.342332601547241,2.342332601547241,2.342332601547241,2780,0.0,0.0
1992-11-05 00:00:00-05:00,2.476180076599121,2.476180076599121,2.3423327446381217,2.476180076599121,6486,0.0,0.0
1992-11-06 00:00:00-05:00,2.476180076599121,2.476180076599121,2.476180076599121,2.476180076599121,4401,0.0,0.0
1992-11-09 00:00:00-05:00,2.342332601547241,2.342332601547241,2.342332601547241,2.342332601547241,695,0.0,0.0
1992-11-10 00:00:00-05:00,2.342332601547241,2.342332601547241,2.342332601547241,2.342332601547241,2316,0.0,0.0
1992-11-11 00:00:00-05:00,2.342332459927361,2.342332459927361,2.2754085063934326,2.2754085063934326,13899,0.0,0.0
1992-11-12 00:00:00-05:00,2.2754085063934326,2.2754085063934326,2.2754085063934326,2.2754085063934326,0,0.0,0.0
1992-11-13 00:00:00-05:00,2.2754089990706823,2.409256935119629,2.2754089990706823,2.409256935119629,8339,0.0,0.0
1992-11-16 00:00:00-05:00,2.2754085063934326,2.2754085063934326,2.2754085063934326,2.2754085063934326,1158,0.0,0.0
1992-11-17 00:00:00-05:00,2.2754085063934326,2.2754085063934326,2.2754085063934326,2.2754085063934326,0,0.0,0.0
1992-11-18 00:00:00-05:00,2.476180076599121,2.476180076599121,2.476180076599121,2.476180076599121,5791,0.0,0.0
1992-11-19 00:00:00-05:00,2.2754085063934326,2.2754085063934326,2.2754085063934326,2.2754085063934326,463,0.0,0.0
1992-11-20 00:00:00-05:00,2.2754085063934326,2.2754085063934326,2.2754085063934326,2.2754085063934326,2316,0.0,0.0
1992-11-23 00:00:00-05:00,2.2754085063934326,2.2754085063934326,2.2754085063934326,2.2754085063934326,1853,0.0,0.0
1992-11-24 00:00:00-05:00,2.2754085063934326,2.2754085063934326,2.2754085063934326,2.2754085063934326,0,0.0,0.0
1992-11-25 00:00:00-05:00,2.275408253158264,2.4092561453298953,2.275408253158264,2.3757941722869873,12740,0.0,0.0
1992-11-27 00:00:00-05:00,2.4427196979522705,2.4427196979522705,2.4427196979522705,2.4427196979522705,5559,0.0,0.0
1992-11-30 00:00:00-05:00,2.308870622757131,2.4427185379175724,2.2754086439670207,2.342332601547241,17605,0.0,0.0
1992-12-01 00:00:00-05:00,2.3757949511073924,2.409256935119629,2.3757949511073924,2.409256935119629,927,0.0,0.0
1992-12-02 00:00:00-05:00,2.3423327446381217,2.476180076599121,2.3423327446381217,2.476180076599121,927,0.0,0.0
1992-12-03 00:00:00-05:00,2.4761803117679615,2.4761803117679615,2.2754089990706823,2.409256935119629,2316,0.0,0.0
1992-12-04 00:00:00-05:00,2.2754085063934326,2.2754085063934326,2.2754085063934326,2.2754085063934326,2316,0.0,0.0
1992-12-07 00:00:00-05:00,2.476180076599121,2.476180076599121,2.476180076599121,2.476180076599121,463,0.0,0.0
1992-12-08 00:00:00-05:00,2.27540878296958,2.476180076599121,2.27540878296958,2.476180076599121,13899,0.0,0.0
1992-12-09 00:00:00-05:00,2.4092567063066634,2.476180076599121,2.4092567063066634,2.476180076599121,2780,0.0,0.0
1992-12-10 00:00:00-05:00,2.342332967095156,2.4761803117679615,2.342332967095156,2.409256935119629,4401,0.0,0.0
1992-12-11 00:00:00-05:00,2.27540878296958,2.476180076599121,2.27540878296958,2.476180076599121,927,0.0,0.0
1992-12-14 00:00:00-05:00,2.476180076599121,2.476180076599121,2.476180076599121,2.476180076599121,232,0.0,0.0
1992-12-15 00:00:00-05:00,2.476180076599121,2.476180076599121,2.476180076599121,2.476180076599121,0,0.0,0.0
1992-12-16 00:00:00-05:00,2.2754085063934326,2.2754085063934326,2.2754085063934326,2.2754085063934326,695,0.0,0.0
1992-12-17 00:00:00-05:00,2.2754085063934326,2.2754085063934326,2.2754085063934326,2.2754085063934326,0,0.0,0.0
1992-12-18 00:00:00-05:00,2.4427185379175724,2.4761799253316346,2.2754086439670207,2.342332601547241,18763,0.0,0.0
1992-12-21 00:00:00-05:00,2.409256559127462,2.409256559127462,2.342332601547241,2.342332601547241,10192,0.0,0.0
1992-12-22 00:00:00-05:00,2.409256935119629,2.409256935119629,2.342332967095156,2.409256935119629,3475,0.0,0.0
1992-12-23 00:00:00-05:00,2.4092561453298953,2.4092561453298953,2.3757941722869873,2.3757941722869873,11814,0.0,0.0
1992-12-24 00:00:00-05:00,2.476180076599121,2.476180076599121,2.476180076599121,2.476180076599121,463,0.0,0.0
1992-12-28 00:00:00-05:00,2.4092567063066634,2.476180076599121,2.4092567063066634,2.476180076599121,19227,0.0,0.0
1992-12-29 00:00:00-05:00,2.4761799744272186,2.5431039333343506,2.4092566068961467,2.5431039333343506,58143,0.0,0.0
1992-12-30 00:00:00-05:00,2.5431050906190467,2.5431050906190467,2.4092577032712357,2.4427196979522705,23628,0.0,0.0
1992-12-31 00:00:00-05:00,2.4761799744272186,2.5431039333343506,2.4092566068961467,2.5431039333343506,5559,0.0,0.0
1993-01-04 00:00:00-05:00,2.5431042797924346,2.5431042797924346,2.409256935119629,2.409256935119629,3938,0.0,0.0
1993-01-05 00:00:00-05:00,2.6100282478169077,2.6100282478169077,2.409256935119629,2.409256935119629,2780,0.0,0.0
1993-01-06 00:00:00-05:00,2.610027313232422,2.610027313232422,2.610027313232422,2.610027313232422,2548,0.0,0.0
1993-01-07 00:00:00-05:00,2.610027999936205,2.610027999936205,2.4092567063066634,2.476180076599121,11814,0.0,0.0
1993-01-08 00:00:00-05:00,2.4761795260998074,2.509641647338867,2.4092561706856177,2.509641647338867,6486,0.0,0.0
1993-01-11 00:00:00-05:00,2.5096421017247996,2.5431039333343506,2.4092566068961467,2.5431039333343506,3938,0.0,0.0
1993-01-12 00:00:00-05:00,2.442718586349713,2.5431039333343506,2.4092566068961467,2.5431039333343506,20616,0.0,0.0
1993-01-13 00:00:00-05:00,2.5431039333343506,2.5431039333343506,2.5431039333343506,2.5431039333343506,2085,0.0,0.0
1993-01-14 00:00:00-05:00,2.5431042797924346,2.5431042797924346,2.409256935119629,2.409256935119629,8803,0.0,0.0
1993-01-15 00:00:00-05:00,2.4427196979522705,2.4427196979522705,2.4427196979522705,2.4427196979522705,1622,0.0,0.0
1993-01-18 00:00:00-05:00,2.4761811012569765,2.4761811012569765,2.4427196979522705,2.4427196979522705,4633,0.0,0.0
1993-01-19 00:00:00-05:00,2.409256935119629,2.4761803117679615,2.409256935119629,2.409256935119629,9729,0.0,0.0
1993-01-20 00:00:00-05:00,2.5431039333343506,2.5431039333343506,2.5431039333343506,2.5431039333343506,3243,0.0,0.0
1993-01-21 00:00:00-05:00,2.5431034728899506,2.5431034728899506,2.509641647338867,2.509641647338867,7876,0.0,0.0
1993-01-22 00:00:00-05:00,2.5096424436242333,2.5431042797924346,2.409256935119629,2.409256935119629,5559,0.0,0.0
1993-01-25 00:00:00-05:00,2.409256935119629,2.409256935119629,2.409256935119629,2.409256935119629,0,0.0,0.0
1993-01-26 00:00:00-05:00,2.409256935119629,2.409256935119629,2.409256935119629,2.409256935119629,0,0.0,0.0
1993-01-27 00:00:00-05:00,2.4761803117679615,2.5431042797924346,2.409256935119629,2.409256935119629,16447,0.0,0.0
1993-01-28 00:00:00-05:00,2.543104038267663,2.543104038267663,2.4092567063066634,2.476180076599121,9266,0.0,0.0
1993-01-29 00:00:00-05:00,2.476180076599121,2.476180076599121,2.476180076599121,2.476180076599121,1158,0.0,0.0
1993-02-01 00:00:00-05:00,2.5431039333343506,2.5431039333343506,2.5431039333343506,2.5431039333343506,695,0.0,0.0
1993-02-02 00:00:00-05:00,2.4092567063066634,2.543104038267663,2.3423327446381217,2.476180076599121,23396,0.0,0.0
1993-02-03 00:00:00-05:00,2.4761804470206634,2.676952362060547,2.409257066716875,2.676952362060547,105167,0.0,0.0
1993-02-04 00:00:00-05:00,2.6769509660435564,2.944645530409634,2.6769509660435564,2.7438743114471436,194350,0.0,0.0
1993-02-05 00:00:00-05:00,2.877723349048321,2.877723349048321,2.676952048873618,2.7773375511169434,204079,0.0,0.0
1993-02-08 00:00:00-05:00,2.9446468303771978,3.279266070622303,2.810799489104831,2.877723455429077,325925,0.0,0.0
1993-02-09 00:00:00-05:00,3.07849383354187,3.07849383354187,2.8107986404457144,3.07849383354187,60228,0.0,0.0
1993-02-10 00:00:00-05:00,3.0784953872116554,3.1454193671051955,2.8108000590137405,3.0115714073181152,176745,0.0,0.0
1993-02-11 00:00:00-05:00,3.011569887423845,3.145417779659896,3.011569887423845,3.07849383354187,85245,0.0,0.0
1993-02-12 00:00:00-05:00,3.145418882369995,3.2123422605738408,3.011570943209995,3.145418882369995,208944,0.0,0.0
1993-02-16 00:00:00-05:00,3.2123427391052246,3.2123427391052246,3.078495371382608,3.2123427391052246,127636,0.0,0.0
1993-02-17 00:00:00-05:00,3.078493761004233,3.2123410587105328,3.078493761004233,3.1119558811187744,84319,0.0,0.0
1993-02-18 00:00:00-05:00,3.2792667186546542,3.2792667186546542,3.078495371382608,3.2123427391052246,207554,0.0,0.0
1993-02-19 00:00:00-05:00,3.1788804236278794,3.2123422605738408,3.011570943209995,3.145418882369995,209407,0.0,0.0
1993-02-22 00:00:00-05:00,3.1454193671051955,3.1454193671051955,3.0115714073181152,3.0115714073181152,57680,0.0,0.0
1993-02-23 00:00:00-05:00,3.1454193509320376,3.2123427391052246,3.011571391833179,3.2123427391052246,100302,0.0,0.0
1993-02-24 00:00:00-05:00,3.2123425001372046,3.413113832473755,3.011571167800654,3.413113832473755,121382,0.0,0.0
1993-02-25 00:00:00-05:00,3.413113832473755,3.413113832473755,3.2123425001372046,3.413113832473755,55132,0.0,0.0
1993-02-26 00:00:00-05:00,3.413113832473755,3.413113832473755,3.2123425001372046,3.413113832473755,65556,0.0,0.0
1993-03-01 00:00:00-05:00,3.4131124585875177,3.613884301483219,3.2123412070677766,3.5469603538513184,128795,0.0,0.0
1993-03-02 00:00:00-05:00,3.546960264637923,3.881578811629155,3.3461890181679945,3.613884210586548,359976,0.0,0.0
1993-03-03 00:00:00-05:00,3.8146569728851323,3.8146569728851323,3.6138856466347855,3.814656972885132,236046,0.0,0.0
1993-03-04 00:00:00-05:00,3.8146569728851323,3.8815803540511276,3.6808090278007803,3.814656972885132,254115,0.0,0.0
1993-03-05 00:00:00-05:00,3.814656471656266,3.814656471656266,3.6808085441589355,3.6808085441589355,125088,0.0,0.0
1993-03-08 00:00:00-05:00,3.814656471656266,3.814656471656266,3.6808085441589355,3.6808085441589355,82929,0.0,0.0
1993-03-09 00:00:00-05:00,3.8146554570564764,3.8146554570564764,3.546960264637923,3.613884210586548,142693,0.0,0.0
1993-03-10 00:00:00-05:00,3.747733116149903,3.747733116149903,3.613885758305777,3.7477331161499023,38685,0.0,0.0
1993-03-11 00:00:00-05:00,3.747732507907601,3.747732507907601,3.5469612080377084,3.6808085441589355,102387,0.0,0.0
1993-03-12 00:00:00-05:00,3.6808085441589355,3.747732507907601,3.5469612080377084,3.6808085441589355,33589,0.0,0.0
1993-03-15 00:00:00-05:00,3.680807657739159,3.680807657739159,3.5469603538513184,3.5469603538513184,22470,0.0,0.0
1993-03-16 00:00:00-05:00,3.6808085441589355,3.6808085441589355,3.5469612080377084,3.6808085441589355,67640,0.0,0.0
1993-03-17 00:00:00-05:00,3.6808085441589355,3.6808085441589355,3.5469612080377084,3.6808085441589355,53047,0.0,0.0
1993-03-18 00:00:00-05:00,3.6808085441589355,3.6808085441589355,3.5469612080377084,3.6808085441589355,50035,0.0,0.0
1993-03-19 00:00:00-05:00,3.6808091415397404,3.747733116149903,3.613885758305777,3.7477331161499023,26871,0.0,0.0
1993-03-22 00:00:00-05:00,3.7477330003429565,3.8146569728851323,3.5469616740926093,3.814656972885132,53510,0.0,0.0
1993-03-23 00:00:00-05:00,3.814655799770495,3.814655799770495,3.613884535262995,3.781193971633911,15752,0.0,0.0
1993-03-24 00:00:00-05:00,3.8146569728851323,3.8146569728851323,3.6138856466347855,3.814656972885132,69957,0.0,0.0
1993-03-25 00:00:00-05:00,3.8146547599911753,3.8815781023347165,3.680806892552418,3.848116874694824,37990,0.0,0.0
1993-03-26 00:00:00-05:00,3.881580114364624,3.881580114364624,3.6808088005118504,3.881580114364624,14825,0.0,0.0
1993-03-29 00:00:00-05:00,3.8815803540511276,3.8815803540511276,3.6808090278007803,3.814656972885132,35673,0.0,0.0
1993-03-30 00:00:00-05:00,3.8146570907600648,3.8146570907600648,3.6808091415397404,3.7477331161499023,10656,0.0,0.0
1993-03-31 00:00:00-05:00,3.814656471656266,3.814656471656266,3.6808085441589355,3.6808085441589355,27334,0.0,0.0
1993-04-01 00:00:00-05:00,3.6808090278007803,3.8146569728851323,3.6808090278007803,3.814656972885132,23165,0.0,0.0
1993-04-02 00:00:00-05:00,3.6808090278007803,3.8146569728851323,3.6808090278007803,3.814656972885132,66482,0.0,0.0
1993-04-05 00:00:00-04:00,3.8146569728851323,3.8146569728851323,3.6808090278007803,3.814656972885132,8803,0.0,0.0
1993-04-06 00:00:00-04:00,3.814656737331129,3.881580114364624,3.714270932560706,3.881580114364624,36368,0.0,0.0
1993-04-07 00:00:00-04:00,3.7477330003429565,3.8815803540511276,3.6808090278007803,3.814656972885132,16678,0.0,0.0
1993-04-08 00:00:00-04:00,3.8146569728851323,3.8146569728851323,3.6808090278007803,3.814656972885132,18532,0.0,0.0
1993-04-12 00:00:00-04:00,3.8146569728851323,3.8146569728851323,3.6808090278007803,3.814656972885132,16910,0.0,0.0
1993-04-13 00:00:00-04:00,3.8146569728851323,3.8815803540511276,3.7142711619159137,3.814656972885132,68104,0.0,0.0
1993-04-14 00:00:00-04:00,3.881580114364624,3.881580114364624,3.8481188693799844,3.881580114364624,58606,0.0,0.0
1993-04-15 00:00:00-04:00,3.94850492477417,3.94850492477417,3.8146575507887195,3.94850492477417,23859,0.0,0.0
1993-04-16 00:00:00-04:00,3.94850492477417,3.94850492477417,3.8146575507887195,3.94850492477417,26871,0.0,0.0
1993-04-19 00:00:00-04:00,3.9485051998620357,3.9485051998620357,3.81465781655159,3.915043354034424,51425,0.0,0.0
1993-04-20 00:00:00-04:00,3.94850492477417,3.94850492477417,3.8146575507887195,3.94850492477417,48414,0.0,0.0
1993-04-21 00:00:00-04:00,3.9485040827742632,3.9485040827742632,3.881580114364624,3.881580114364624,43318,0.0,0.0
1993-04-22 00:00:00-04:00,3.9485036287030075,4.08235155013,3.8815796679895107,4.015427589416504,50035,0.0,0.0
1993-04-23 00:00:00-04:00,4.0154267836125985,4.082350730895996,3.8815788890458025,4.082350730895996,49572,0.0,0.0
1993-04-26 00:00:00-04:00,4.0823528901358905,4.0823528901358905,3.747733568107859,3.94850492477417,72505,0.0,0.0
1993-04-27 00:00:00-04:00,3.9485038077774934,3.9485038077774934,3.647346710128629,3.6808085441589355,56521,0.0,0.0
1993-04-28 00:00:00-04:00,3.6808085441589355,3.747732507907601,3.5469612080377084,3.6808085441589355,47719,0.0,0.0
1993-04-29 00:00:00-04:00,3.7477330003429565,3.8146569728851323,3.5469616740926093,3.814656972885132,17837,0.0,0.0
1993-04-30 00:00:00-04:00,3.8146554570564764,3.8146554570564764,3.613884210586548,3.613884210586548,42391,0.0,0.0
1993-05-03 00:00:00-04:00,3.8146569728851323,3.8146569728851323,3.6138856466347855,3.814656972885132,5328,0.0,0.0
1993-05-04 00:00:00-04:00,3.8146569728851323,3.8146569728851323,3.6138856466347855,3.814656972885132,26408,0.0,0.0
1993-05-05 00:00:00-04:00,3.8146569728851323,3.8146569728851323,3.6138856466347855,3.814656972885132,9961,0.0,0.0
1993-05-06 00:00:00-04:00,3.8146570907600648,3.8146570907600648,3.613885758305777,3.7477331161499023,17142,0.0,0.0
1993-05-07 00:00:00-04:00,3.8146570907600648,3.8146570907600648,3.613885758305777,3.7477331161499023,25713,0.0,0.0
1993-05-10 00:00:00-04:00,3.613884210586548,3.8146554570564764,3.613884210586548,3.613884210586548,7413,0.0,0.0
1993-05-11 00:00:00-04:00,3.8146570907600648,3.8146570907600648,3.613885758305777,3.7477331161499023,11351,0.0,0.0
1993-05-12 00:00:00-04:00,3.7477316053710594,3.7477316053710594,3.5469603538513184,3.5469603538513184,26408,0.0,0.0
1993-05-13 00:00:00-04:00,3.6808075651592267,3.6808075651592267,3.4800363186892986,3.613884210586548,54900,0.0,0.0
1993-05-14 00:00:00-04:00,3.613884210586548,3.613884210586548,3.4800363186892986,3.613884210586548,16678,0.0,0.0
1993-05-17 00:00:00-04:00,3.613884210586548,3.613884210586548,3.613884210586548,3.613884210586548,6023,0.0,0.0
1993-05-18 00:00:00-04:00,3.6808075651592267,3.6808075651592267,3.4800363186892986,3.613884210586548,7644,0.0,0.0
1993-05-19 00:00:00-04:00,3.6138851717863734,3.6808085441589355,3.480037244289043,3.6808085441589355,51194,0.0,0.0
1993-05-20 00:00:00-04:00,3.7477330003429565,3.8146569728851323,3.5469616740926093,3.814656972885132,13667,0.0,0.0
1993-05-21 00:00:00-04:00,3.5469617836956147,3.9485044486041905,3.5469617836956147,3.7477331161499023,23859,0.0,0.0
1993-05-24 00:00:00-04:00,3.881580473994028,3.9485044486041905,3.747733116149903,3.7477331161499023,19458,0.0,0.0
1993-05-25 00:00:00-04:00,3.94850492477417,3.94850492477417,3.747733568107859,3.94850492477417,8803,0.0,0.0
1993-05-26 00:00:00-04:00,3.915042609143159,3.9485044486041905,3.747733116149903,3.7477331161499023,9729,0.0,0.0
1993-05-27 00:00:00-04:00,3.9485040827742632,3.9485040827742632,3.7477327689214897,3.881580114364624,10887,0.0,0.0
1993-05-28 00:00:00-04:00,3.881580473994028,3.9485044486041905,3.747733116149903,3.7477331161499023,67177,0.0,0.0
1993-06-01 00:00:00-04:00,3.9485044486041905,3.9485044486041905,3.747733116149903,3.7477331161499023,8108,0.0,0.0
1993-06-02 00:00:00-04:00,3.9485044486041905,3.9485044486041905,3.747733116149903,3.7477331161499023,16678,0.0,0.0
1993-06-03 00:00:00-04:00,3.9485031123168284,3.9485031123168284,3.7477318478093284,3.781193971633911,19690,0.0,0.0
1993-06-04 00:00:00-04:00,3.9485040827742632,3.9485040827742632,3.881580114364624,3.881580114364624,33820,0.0,0.0
1993-06-07 00:00:00-04:00,3.9485044486041905,3.9485044486041905,3.747733116149903,3.7477331161499023,20848,0.0,0.0
1993-06-08 00:00:00-04:00,3.747732507907601,3.881579844028828,3.6138851717863734,3.6808085441589355,44708,0.0,0.0
1993-06-09 00:00:00-04:00,3.6808090504709026,3.6808090504709026,3.546961695938365,3.6473472118377686,35673,0.0,0.0
1993-06-10 00:00:00-04:00,3.613885758305777,3.747733116149903,3.613885758305777,3.7477331161499023,6023,0.0,0.0
1993-06-11 00:00:00-04:00,3.747733116149903,3.747733116149903,3.613885758305777,3.7477331161499023,23628,0.0,0.0
1993-06-14 00:00:00-04:00,3.7477315111078515,3.7477315111078515,3.613884210586548,3.613884210586548,22006,0.0,0.0
1993-06-15 00:00:00-04:00,3.747732507907601,3.747732507907601,3.6138851717863734,3.6808085441589355,6949,0.0,0.0
1993-06-16 00:00:00-04:00,3.6138851717863734,3.6808085441589355,3.6138851717863734,3.6808085441589355,8108,0.0,0.0
1993-06-17 00:00:00-04:00,3.6808085441589355,3.6808085441589355,3.6138851717863734,3.6808085441589355,11119,0.0,0.0
1993-06-18 00:00:00-04:00,3.6808082582268495,3.6808082582268495,3.346189648229531,3.480036973953247,45866,0.0,0.0
1993-06-21 00:00:00-04:00,3.480036406219418,3.5469603538513184,3.480036406219418,3.5469603538513184,4401,0.0,0.0
1993-06-22 00:00:00-04:00,3.4131124585875177,3.5469603538513184,3.3461891023315773,3.5469603538513184,6254,0.0,0.0
1993-06-23 00:00:00-04:00,3.5469603538513184,3.5469603538513184,3.480036406219418,3.5469603538513184,6023,0.0,0.0
1993-06-24 00:00:00-04:00,3.5469609325031337,3.5469609325031337,3.480036973953247,3.480036973953247,17605,0.0,0.0
1993-06-25 00:00:00-04:00,3.480036322741361,3.480036322741361,3.346189022064209,3.346189022064209,13204,0.0,0.0
1993-06-28 00:00:00-04:00,3.346189648229531,3.480036973953247,3.346189648229531,3.480036973953247,12509,0.0,0.0
1993-06-29 00:00:00-04:00,3.3461891023315773,3.5469603538513184,3.3461891023315773,3.5469603538513184,6254,0.0,0.0
1993-06-30 00:00:00-04:00,3.546960264637923,3.613884210586548,3.546960264637923,3.613884210586548,11582,0.0,0.0
1993-07-01 00:00:00-04:00,3.613884210586548,3.613884210586548,3.546960264637923,3.613884210586548,18995,0.0,0.0
1993-07-02 00:00:00-04:00,3.613884210586548,3.613884210586548,3.613884210586548,3.613884210586548,927,0.0,0.0
1993-07-06 00:00:00-04:00,3.613884210586548,3.613884210586548,3.413112372740674,3.613884210586548,2085,0.0,0.0
1993-07-07 00:00:00-04:00,3.413112372740674,3.613884210586548,3.413112372740674,3.613884210586548,10887,0.0,0.0
1993-07-08 00:00:00-04:00,3.61388489105302,3.61388489105302,3.480036973953247,3.480036973953247,9034,0.0,0.0
1993-07-09 00:00:00-04:00,3.413112372740674,3.613884210586548,3.413112372740674,3.613884210586548,9497,0.0,0.0
1993-07-12 00:00:00-04:00,3.613884210586548,3.613884210586548,3.413112372740674,3.613884210586548,6486,0.0,0.0
1993-07-13 00:00:00-04:00,3.6138851717863734,3.6808085441589355,3.6138851717863734,3.6808085441589355,11582,0.0,0.0
1993-07-14 00:00:00-04:00,3.5469609325031337,3.6808082582268495,3.4131130154033604,3.480036973953247,37758,0.0,0.0
1993-07-15 00:00:00-04:00,3.5469609325031337,3.5469609325031337,3.4131130154033604,3.480036973953247,7181,0.0,0.0
1993-07-16 00:00:00-04:00,3.480036973953247,3.5469609325031337,3.4131130154033604,3.480036973953247,23396,0.0,0.0
1993-07-19 00:00:00-04:00,3.5469609325031337,3.5469609325031337,3.346189648229531,3.480036973953247,25018,0.0,0.0
1993-07-20 00:00:00-04:00,3.480036322741361,3.54696026876791,3.27926507603766,3.346189022064209,37990,0.0,0.0
1993-07-21 00:00:00-04:00,3.54696061151431,3.54696061151431,3.3461893454098783,3.5134987831115723,39380,0.0,0.0
1993-07-22 00:00:00-04:00,3.54696061151431,3.54696061151431,3.3461893454098783,3.5134987831115723,8108,0.0,0.0
1993-07-23 00:00:00-04:00,3.4800384416245245,3.5469624283989307,3.2792670726776127,3.2792670726776123,18300,0.0,0.0
1993-07-26 00:00:00-04:00,3.480036973953247,3.480036973953247,3.480036973953247,3.480036973953247,8339,0.0,0.0
1993-07-27 00:00:00-04:00,3.480036973953247,3.480036973953247,3.279265689679644,3.480036973953247,13667,0.0,0.0
1993-07-28 00:00:00-04:00,3.279265689679644,3.480036973953247,3.279265689679644,3.480036973953247,6718,0.0,0.0
1993-07-29 00:00:00-04:00,3.27926507603766,3.480036322741361,3.27926507603766,3.346189022064209,3938,0.0,0.0
1993-07-30 00:00:00-04:00,3.480036659020832,3.54696061151431,3.2792653929163995,3.5134987831115723,22701,0.0,0.0
1993-08-02 00:00:00-04:00,3.5469603538513184,3.5469603538513184,3.5134985278793582,3.5469603538513184,21543,0.0,0.0
1993-08-03 00:00:00-04:00,3.5469603538513184,3.5469603538513184,3.3461891023315773,3.5469603538513184,2316,0.0,0.0
1993-08-04 00:00:00-04:00,3.5469609325031337,3.5469609325031337,3.480036973953247,3.480036973953247,8803,0.0,0.0
1993-08-05 00:00:00-04:00,3.480036973953247,3.480036973953247,3.279265689679644,3.480036973953247,7644,0.0,0.0
1993-08-06 00:00:00-04:00,3.480036973953247,3.480036973953247,3.279265689679644,3.480036973953247,42391,0.0,0.0
1993-08-09 00:00:00-04:00,3.480036973953247,3.5469609325031337,3.279265689679644,3.480036973953247,39148,0.0,0.0
1993-08-10 00:00:00-04:00,3.2123430859032065,3.4800384416245245,3.2123430859032065,3.2792670726776123,893687,0.0,0.0
1993-08-11 00:00:00-04:00,3.4131123767148117,3.4131123767148117,3.2123411300111107,3.346189022064209,126710,0.0,0.0
1993-08-12 00:00:00-04:00,3.413113832473755,3.413113832473755,3.2792664747081206,3.413113832473755,80612,0.0,0.0
1993-08-13 00:00:00-04:00,3.4131144548501187,3.4800384416245245,3.2792670726776127,3.2792670726776123,69262,0.0,0.0
1993-08-16 00:00:00-04:00,3.480036406219418,3.5469603538513184,3.3461891023315773,3.5469603538513184,123698,0.0,0.0
1993-08-17 00:00:00-04:00,3.5469603538513184,3.5469603538513184,3.3461891023315773,3.5469603538513184,97986,0.0,0.0
1993-08-18 00:00:00-04:00,3.613884210586548,3.613884210586548,3.413112372740674,3.613884210586548,100997,0.0,0.0
1993-08-19 00:00:00-04:00,3.613884564007789,3.613884564007789,3.4131127065273534,3.5134987831115723,143852,0.0,0.0
1993-08-20 00:00:00-04:00,3.613885756186504,3.613885756186504,3.413113832473755,3.413113832473755,53973,0.0,0.0
1993-08-23 00:00:00-04:00,3.61388489105302,3.61388489105302,3.346189648229531,3.480036973953247,63471,0.0,0.0
1993-08-24 00:00:00-04:00,3.480036973953247,3.480036973953247,3.346189648229531,3.480036973953247,47719,0.0,0.0
1993-08-25 00:00:00-04:00,3.480036322741361,3.480036322741361,3.27926507603766,3.346189022064209,28492,0.0,0.0
1993-08-26 00:00:00-04:00,3.4131123767148117,3.4131123767148117,3.27926507603766,3.346189022064209,62544,0.0,0.0
1993-08-27 00:00:00-04:00,3.346189022064209,3.346189022064209,3.2123411300111107,3.346189022064209,13204,0.0,0.0
1993-08-30 00:00:00-04:00,3.346189022064209,3.346189022064209,3.2123411300111107,3.346189022064209,10192,0.0,0.0
1993-08-31 00:00:00-04:00,3.346190449279037,3.413113832473755,3.2123425001372046,3.413113832473755,21311,0.0,0.0
1993-09-01 00:00:00-04:00,3.413113832473755,3.413113832473755,3.2792664747081206,3.413113832473755,12046,0.0,0.0
1993-09-02 00:00:00-04:00,3.413113832473755,3.413113832473755,3.2792664747081206,3.413113832473755,10424,0.0,0.0
1993-09-03 00:00:00-04:00,3.4131144548501187,3.4131144548501187,3.2792670726776127,3.2792670726776123,9729,0.0,0.0
1993-09-07 00:00:00-04:00,3.413113832473755,3.413113832473755,3.2792664747081206,3.413113832473755,17373,0.0,0.0
1993-09-08 00:00:00-04:00,3.4131144548501187,3.4131144548501187,3.2792670726776127,3.2792670726776123,35442,0.0,0.0
1993-09-09 00:00:00-04:00,3.346189022064209,3.4131123767148117,3.2123411300111107,3.346189022064209,71810,0.0,0.0
1993-09-10 00:00:00-04:00,3.346190698204084,3.346190698204084,3.2123427391052246,3.2123427391052246,36832,0.0,0.0
1993-09-13 00:00:00-04:00,3.346189022064209,3.346189022064209,3.2123411300111107,3.346189022064209,10192,0.0,0.0
1993-09-14 00:00:00-04:00,3.346189022064209,3.346189022064209,3.2123411300111107,3.346189022064209,26176,0.0,0.0
1993-09-15 00:00:00-04:00,3.2123423015056174,3.346190242371113,3.2123423015056174,3.3127284049987793,37295,0.0,0.0
1993-09-16 00:00:00-04:00,3.346190449279037,3.4800378070446714,3.2792664747081206,3.413113832473755,73663,0.0,0.0
1993-09-17 00:00:00-04:00,3.4800384567869265,3.4800384567869265,3.2792670869652607,3.379653215408325,60228,0.0,0.0
1993-09-20 00:00:00-04:00,3.3461910740312524,3.4800384567869265,3.3461910740312524,3.379653215408325,55826,0.0,0.0
1993-09-21 00:00:00-04:00,3.4800380659267005,3.4800380659267005,3.2123427391052246,3.2123427391052246,47487,0.0,0.0
1993-09-22 00:00:00-04:00,3.2123422605738408,3.346190199733841,3.145418882369995,3.145418882369995,29651,0.0,0.0
1993-09-23 00:00:00-04:00,3.1454196905051064,3.2792670726776127,3.1454196905051064,3.2792670726776123,20616,0.0,0.0
1993-09-24 00:00:00-04:00,3.2792670726776127,3.2792670726776127,3.1454196905051064,3.2792670726776123,26639,0.0,0.0
1993-09-27 00:00:00-04:00,3.346190199733841,3.346190199733841,3.145418882369995,3.145418882369995,6718,0.0,0.0
1993-09-28 00:00:00-04:00,3.346190199733841,3.346190199733841,3.145418882369995,3.145418882369995,12046,0.0,0.0
1993-09-29 00:00:00-04:00,3.1454177753605075,3.346189022064209,3.1454177753605075,3.346189022064209,2085,0.0,0.0
1993-09-30 00:00:00-04:00,3.1454193509320376,3.346190698204084,3.1454193509320376,3.2123427391052246,46097,0.0,0.0
1993-10-01 00:00:00-04:00,3.346189022064209,3.346189022064209,3.1788793048418227,3.346189022064209,52120,0.0,0.0
1993-10-04 00:00:00-04:00,3.413113832473755,3.413113832473755,3.2123425001372046,3.413113832473755,7413,0.0,0.0
1993-10-05 00:00:00-04:00,3.4131136214276983,3.4131136214276983,3.2792662719383654,3.3127284049987793,28956,0.0,0.0
1993-10-06 00:00:00-04:00,3.346190449279037,3.413113832473755,3.2792664747081206,3.413113832473755,24091,0.0,0.0
1993-10-07 00:00:00-04:00,3.3127286098376283,3.413113832473755,3.2792664747081206,3.413113832473755,34978,0.0,0.0
1993-10-08 00:00:00-04:00,3.413113832473755,3.413113832473755,3.2792664747081206,3.413113832473755,18763,0.0,0.0
1993-10-11 00:00:00-04:00,3.346190449279037,3.413113832473755,3.2792664747081206,3.413113832473755,19227,0.0,0.0
1993-10-12 00:00:00-04:00,3.3127271968949206,3.4131123767148117,3.27926507603766,3.346189022064209,49340,0.0,0.0
1993-10-13 00:00:00-04:00,3.413113832473755,3.413113832473755,3.2792664747081206,3.413113832473755,5096,0.0,0.0
1993-10-14 00:00:00-04:00,3.4131144548501187,3.4131144548501187,3.245805227134486,3.2792670726776123,31504,0.0,0.0
1993-10-15 00:00:00-04:00,3.346190199733841,3.346190199733841,3.145418882369995,3.145418882369995,7644,0.0,0.0
1993-10-18 00:00:00-04:00,3.346190698204084,3.346190698204084,3.2123427391052246,3.2123427391052246,22006,0.0,0.0
1993-10-19 00:00:00-04:00,3.2123427391052246,3.346190698204084,3.2123427391052246,3.2123427391052246,0,0.0,0.0
1993-10-20 00:00:00-04:00,3.2123427391052246,3.346190698204084,3.2123427391052246,3.2123427391052246,8339,0.0,0.0
1993-10-21 00:00:00-04:00,3.346189022064209,3.346189022064209,3.1454177753605075,3.346189022064209,15984,0.0,0.0
1993-10-22 00:00:00-04:00,3.3461908511697667,3.3461908511697667,3.245805025100708,3.245805025100708,3475,0.0,0.0
1993-10-25 00:00:00-04:00,3.3461910594520186,3.3461910594520186,3.1454196905051064,3.2792670726776123,9729,0.0,0.0
1993-10-26 00:00:00-04:00,3.2792650805200005,3.2792650805200005,3.07849383354187,3.07849383354187,17605,0.0,0.0
1993-10-27 00:00:00-04:00,3.07849383354187,3.2123411344019748,3.07849383354187,3.07849383354187,59070,0.0,0.0
1993-10-28 00:00:00-04:00,3.1454193509320376,3.2792667186546542,3.1454193509320376,3.2123427391052246,21080,0.0,0.0
1993-10-29 00:00:00-04:00,3.2792670726776127,3.2792670726776127,3.0784957037307006,3.2792670726776123,3706,0.0,0.0
1993-11-01 00:00:00-05:00,3.145418911541525,3.2792662605667102,3.078494941340853,3.178880453109741,39611,0.0,0.0
1993-11-02 00:00:00-05:00,3.2792650805200005,3.2792650805200005,3.07849383354187,3.07849383354187,1853,0.0,0.0
1993-11-03 00:00:00-05:00,3.07849383354187,3.2792650805200005,3.07849383354187,3.07849383354187,24091,0.0,0.0
1993-11-04 00:00:00-05:00,3.078495371382608,3.2792667186546542,3.078495371382608,3.2123427391052246,4633,0.0,0.0
1993-11-05 00:00:00-05:00,3.2123411344019748,3.2123411344019748,3.07849383354187,3.07849383354187,15984,0.0,0.0
1993-11-08 00:00:00-05:00,3.1454177055453494,3.1454177055453494,3.1119558811187744,3.1119558811187744,1622,0.0,0.0
1993-11-09 00:00:00-05:00,3.2123422605738408,3.2792662301538407,3.145418882369995,3.145418882369995,16447,0.0,0.0
1993-11-10 00:00:00-05:00,3.145418225288517,3.145418225288517,2.810799038667003,2.9446463584899902,55595,0.0,0.0
1993-11-11 00:00:00-05:00,2.8108000590137405,3.0115714073181152,2.8108000590137405,3.0115714073181152,22933,0.0,0.0
1993-11-12 00:00:00-05:00,3.011571391833179,3.2123427391052246,3.011571391833179,3.2123427391052246,22701,0.0,0.0
1993-11-15 00:00:00-05:00,3.0115714073181152,3.2123427556224904,3.0115714073181152,3.0115714073181152,8571,0.0,0.0
1993-11-16 00:00:00-05:00,3.2123427391052246,3.2123427391052246,3.011571391833179,3.2123427391052246,2316,0.0,0.0
1993-11-17 00:00:00-05:00,3.011571391833179,3.2123427391052246,3.011571391833179,3.2123427391052246,10424,0.0,0.0
1993-11-18 00:00:00-05:00,3.2123422605738408,3.2792662301538407,3.078494912789995,3.145418882369995,19690,0.0,0.0
1993-11-19 00:00:00-05:00,3.078495512111033,3.279266868561016,3.078495512111033,3.245805025100708,4865,0.0,0.0
1993-11-22 00:00:00-05:00,3.2792662605667102,3.2792662605667102,3.078494941340853,3.178880453109741,3243,0.0,0.0
1993-11-23 00:00:00-05:00,3.07849383354187,3.2792650805200005,3.07849383354187,3.07849383354187,58375,0.0,0.0
1993-11-24 00:00:00-05:00,3.2792670726776127,3.2792670726776127,3.2792670726776127,3.2792670726776123,1158,0.0,0.0
1993-11-26 00:00:00-05:00,3.2123427391052246,3.2123427391052246,3.2123427391052246,3.2123427391052246,2780,0.0,0.0
1993-11-29 00:00:00-05:00,3.2123427391052246,3.2123427391052246,3.011571391833179,3.2123427391052246,10424,0.0,0.0
1993-11-30 00:00:00-05:00,3.011569887423845,3.2123411344019748,3.011569887423845,3.07849383354187,9729,0.0,0.0
1993-12-01 00:00:00-05:00,3.2123427556224904,3.2123427556224904,3.0115714073181152,3.0115714073181152,12972,0.0,0.0
1993-12-02 00:00:00-05:00,3.011570314089499,3.145418225288517,2.9446463584899902,2.9446463584899902,17605,0.0,0.0
1993-12-03 00:00:00-05:00,2.9446468303771978,3.011570796701444,2.810799489104831,2.877723455429077,47951,0.0,0.0
1993-12-06 00:00:00-05:00,2.743874311447143,2.877722185006047,2.743874311447143,2.7438743114471436,12046,0.0,0.0
1993-12-07 00:00:00-05:00,2.877723685724258,2.944647066028046,2.676952362060547,2.676952362060547,39380,0.0,0.0
1993-12-08 00:00:00-05:00,2.877723685724258,2.877723685724258,2.676952362060547,2.676952362060547,31967,0.0,0.0
1993-12-09 00:00:00-05:00,2.877723455429077,2.877723455429077,2.6769521478324645,2.877723455429077,33820,0.0,0.0
1993-12-10 00:00:00-05:00,2.877723349048321,2.877723349048321,2.676952048873618,2.7773375511169434,15520,0.0,0.0
1993-12-13 00:00:00-05:00,2.8107997140442964,2.877723685724258,2.676952362060547,2.676952362060547,2316,0.0,0.0
1993-12-14 00:00:00-05:00,2.810798248226595,2.810798248226595,2.743874311447143,2.7438743114471436,56753,0.0,0.0
1993-12-15 00:00:00-05:00,2.6769509660435564,2.810798248226595,2.6769509660435564,2.7438743114471436,62081,0.0,0.0
1993-12-16 00:00:00-05:00,2.877722994266512,3.011570314089499,2.810799038667003,2.9446463584899902,13667,0.0,0.0
1993-12-17 00:00:00-05:00,3.011570314089499,3.011570314089499,2.810799038667003,2.9446463584899902,14130,0.0,0.0
1993-12-20 00:00:00-05:00,2.810799038667003,3.011570314089499,2.810799038667003,2.9446463584899902,28261,0.0,0.0
1993-12-21 00:00:00-05:00,3.0115706586697737,3.0115706586697737,2.8107993602752686,2.8107993602752686,2316,0.0,0.0
1993-12-22 00:00:00-05:00,2.810799385198052,2.810799385198052,2.743875421347783,2.7773375511169434,41464,0.0,0.0
1993-12-23 00:00:00-05:00,2.8107993602752686,2.8777233235321362,2.6769520251376315,2.8107993602752686,28261,0.0,0.0
1993-12-27 00:00:00-05:00,2.676952362060547,2.8107997140442964,2.676952362060547,2.676952362060547,3243,0.0,0.0
1993-12-28 00:00:00-05:00,2.6769512572931307,2.810798554038619,2.610027313232422,2.610027313232422,60691,0.0,0.0
1993-12-29 00:00:00-05:00,2.6100284177594495,2.810799743529226,2.6100284177594495,2.710413932800293,28492,0.0,0.0
1993-12-30 00:00:00-05:00,2.810798554038619,2.810798554038619,2.610027313232422,2.610027313232422,26639,0.0,0.0
1993-12-31 00:00:00-05:00,2.8107993602752686,2.8107993602752686,2.6100280618807634,2.8107993602752686,14594,0.0,0.0
1994-01-03 00:00:00-05:00,2.810799489104831,2.877723455429077,2.6769521478324645,2.877723455429077,29419,0.0,0.0
1994-01-04 00:00:00-05:00,2.877723723120103,2.9446471042935567,2.810799750570469,2.844261884689331,34052,0.0,0.0
1994-01-05 00:00:00-05:00,2.8108000590137405,3.0115714073181152,2.8108000590137405,3.0115714073181152,16678,0.0,0.0
1994-01-06 00:00:00-05:00,3.011569887423845,3.145417779659896,2.8107986404457144,3.07849383354187,22006,0.0,0.0
1994-01-07 00:00:00-05:00,3.1454188982745834,3.1454188982745834,2.944646988519394,2.978109121322632,31967,0.0,0.0
1994-01-10 00:00:00-05:00,3.07849383354187,3.07849383354187,3.011569887423845,3.07849383354187,9266,0.0,0.0
1994-01-11 00:00:00-05:00,3.0784953872116554,3.0784953872116554,2.944647427424575,3.0115714073181152,31272,0.0,0.0
1994-01-12 00:00:00-05:00,3.011570610699827,3.078494572890693,2.9446466485089604,3.0450327396392822,44939,0.0,0.0
1994-01-13 00:00:00-05:00,3.045032008326844,3.145417779659896,2.944645941305819,3.07849383354187,13899,0.0,0.0
1994-01-14 00:00:00-05:00,3.0450327396392822,3.0450327396392822,3.0450327396392822,3.0450327396392822,2316,0.0,0.0
1994-01-17 00:00:00-05:00,3.145418225288517,3.145418225288517,2.9446463584899902,2.9446463584899902,6254,0.0,0.0
1994-01-18 00:00:00-05:00,3.1454185350815598,3.1454185350815598,2.9446466485089604,3.0450327396392822,5791,0.0,0.0
1994-01-19 00:00:00-05:00,3.145418882369995,3.145418882369995,2.944646973629995,3.145418882369995,13204,0.0,0.0
1994-01-20 00:00:00-05:00,3.145418882369995,3.145418882369995,2.944646973629995,3.145418882369995,4170,0.0,0.0
1994-01-21 00:00:00-05:00,3.145418882369995,3.145418882369995,3.145418882369995,3.145418882369995,695,0.0,0.0
1994-01-24 00:00:00-05:00,2.9446463584899902,2.9446463584899902,2.9446463584899902,2.9446463584899902,1158,0.0,0.0
1994-01-25 00:00:00-05:00,2.944645941305819,3.145417779659896,2.944645941305819,3.07849383354187,3475,0.0,0.0
1994-01-26 00:00:00-05:00,3.145418882369995,3.145418882369995,2.944646973629995,3.145418882369995,1853,0.0,0.0
1994-01-27 00:00:00-05:00,3.145418882369995,3.145418882369995,2.944646973629995,3.145418882369995,18068,0.0,0.0
1994-01-28 00:00:00-05:00,3.145418882369995,3.145418882369995,2.944646973629995,3.145418882369995,6023,0.0,0.0
1994-01-31 00:00:00-05:00,3.145418882369995,3.145418882369995,2.944646973629995,3.145418882369995,18068,0.0,0.0
1994-02-01 00:00:00-05:00,2.9446466485089604,3.1454185350815598,2.9446466485089604,3.0450327396392822,10656,0.0,0.0
1994-02-02 00:00:00-05:00,2.944646973629995,3.145418882369995,2.944646973629995,3.145418882369995,7876,0.0,0.0
1994-02-03 00:00:00-05:00,3.145417779659896,3.2123411344019748,2.944645941305819,3.07849383354187,41233,0.0,0.0
1994-02-04 00:00:00-05:00,3.07849383354187,3.2123411344019748,3.07849383354187,3.07849383354187,6254,0.0,0.0
1994-02-07 00:00:00-05:00,3.07849383354187,3.145417779659896,2.944645941305819,3.07849383354187,13899,0.0,0.0
1994-02-08 00:00:00-05:00,3.2123411344019748,3.2123411344019748,3.07849383354187,3.07849383354187,36832,0.0,0.0
1994-02-09 00:00:00-05:00,3.078495371382608,3.2123427391052246,3.078495371382608,3.2123427391052246,1158,0.0,0.0
1994-02-10 00:00:00-05:00,3.2123411344019748,3.2123411344019748,3.07849383354187,3.07849383354187,23396,0.0,0.0
1994-02-11 00:00:00-05:00,3.011569887423845,3.145417779659896,3.011569887423845,3.07849383354187,23859,0.0,0.0
1994-02-14 00:00:00-05:00,3.145418882369995,3.145418882369995,2.944646973629995,3.145418882369995,3475,0.0,0.0
1994-02-15 00:00:00-05:00,3.145418225288517,3.145418225288517,2.9446463584899902,2.9446463584899902,1158,0.0,0.0
1994-02-16 00:00:00-05:00,3.145418882369995,3.145418882369995,2.944646973629995,3.145418882369995,5096,0.0,0.0
1994-02-17 00:00:00-05:00,3.145418882369995,3.145418882369995,2.944646973629995,3.145418882369995,4401,0.0,0.0
1994-02-18 00:00:00-05:00,3.145418225288517,3.145418225288517,2.9446463584899902,2.9446463584899902,6949,0.0,0.0
1994-02-22 00:00:00-05:00,3.145418225288517,3.145418225288517,2.9446463584899902,2.9446463584899902,1158,0.0,0.0
1994-02-23 00:00:00-05:00,2.9446463584899902,2.9446463584899902,2.9446463584899902,2.9446463584899902,695,0.0,0.0
1994-02-24 00:00:00-05:00,3.145418882369995,3.145418882369995,3.145418882369995,3.145418882369995,2780,0.0,0.0
1994-02-25 00:00:00-05:00,2.9446463584899902,2.9446463584899902,2.9446463584899902,2.9446463584899902,927,0.0,0.0
1994-02-28 00:00:00-05:00,2.944647427424575,3.0784953872116554,2.911186176698112,3.0115714073181152,7644,0.0,0.0
1994-03-01 00:00:00-05:00,2.877722994266512,2.9781084841337524,2.877722994266512,2.9446463584899902,9266,0.0,0.0
1994-03-02 00:00:00-05:00,3.07849383354187,3.07849383354187,2.91118470746674,3.07849383354187,5328,0.0,0.0
1994-03-03 00:00:00-05:00,3.07849383354187,3.07849383354187,3.07849383354187,3.07849383354187,232,0.0,0.0
1994-03-04 00:00:00-05:00,2.8777240389072807,3.0784953872116554,2.8777240389072807,3.0115714073181152,7644,0.0,0.0
1994-03-07 00:00:00-05:00,3.078494269689008,3.145418225288517,2.9446463584899902,2.9446463584899902,6254,0.0,0.0
1994-03-08 00:00:00-05:00,3.145418225288517,3.145418225288517,2.9446463584899902,2.9446463584899902,2085,0.0,0.0
1994-03-09 00:00:00-05:00,2.944647427424575,3.0784953872116554,2.944647427424575,3.0115714073181152,4865,0.0,0.0
1994-03-10 00:00:00-05:00,2.944646988519394,3.078494928356187,2.944646988519394,2.978109121322632,16910,0.0,0.0
1994-03-11 00:00:00-05:00,2.944645941305819,3.07849383354187,2.944645941305819,3.07849383354187,5328,0.0,0.0
1994-03-14 00:00:00-05:00,2.9446463584899902,2.9446463584899902,2.9446463584899902,2.9446463584899902,2316,0.0,0.0
1994-03-15 00:00:00-05:00,2.944646973629995,3.145418882369995,2.944646973629995,3.145418882369995,1390,0.0,0.0
1994-03-16 00:00:00-05:00,3.145418882369995,3.145418882369995,2.944646973629995,3.145418882369995,8571,0.0,0.0
1994-03-17 00:00:00-05:00,3.145417779659896,3.145417779659896,2.944645941305819,3.07849383354187,1853,0.0,0.0
1994-03-18 00:00:00-05:00,3.145418882369995,3.145418882369995,3.145418882369995,3.145418882369995,2085,0.0,0.0
1994-03-21 00:00:00-05:00,3.0115714073181152,3.1454193671051955,3.0115714073181152,3.0115714073181152,3938,0.0,0.0
1994-03-22 00:00:00-05:00,3.0115714073181152,3.0784953872116554,3.0115714073181152,3.0115714073181152,29882,0.0,0.0
1994-03-23 00:00:00-05:00,3.078494912789995,3.145418882369995,2.944646973629995,3.145418882369995,19227,0.0,0.0
1994-03-24 00:00:00-05:00,3.145418225288517,3.145418225288517,2.9446463584899902,2.9446463584899902,8571,0.0,0.0
1994-03-25 00:00:00-05:00,3.145418225288517,3.145418225288517,2.9446463584899902,2.9446463584899902,3243,0.0,0.0
1994-03-28 00:00:00-05:00,2.9446466485089604,3.1454185350815598,2.9446466485089604,3.0450327396392822,7181,0.0,0.0
1994-03-29 00:00:00-05:00,2.9446463584899902,2.9446463584899902,2.9446463584899902,2.9446463584899902,2780,0.0,0.0
1994-03-30 00:00:00-05:00,2.9446463584899902,3.145418225288517,2.9446463584899902,2.9446463584899902,7181,0.0,0.0
1994-03-31 00:00:00-05:00,2.9446468303771978,3.011570796701444,2.877723455429077,2.877723455429077,36368,0.0,0.0
1994-04-04 00:00:00-04:00,2.877723455429077,2.9446468303771978,2.877723455429077,2.877723455429077,9729,0.0,0.0
1994-04-05 00:00:00-04:00,3.0784947073109667,3.0784947073109667,2.8777234033479213,2.9864745140075684,6949,0.0,0.0
1994-04-06 00:00:00-04:00,2.87772258656374,3.07849383354187,2.87772258656374,3.07849383354187,927,0.0,0.0
1994-04-07 00:00:00-04:00,2.8777240389072807,3.0784953872116554,2.8777240389072807,3.0115714073181152,2085,0.0,0.0
1994-04-08 00:00:00-04:00,3.0784953872116554,3.0784953872116554,3.0115714073181152,3.0115714073181152,695,0.0,0.0
1994-04-11 00:00:00-04:00,3.07849383354187,3.07849383354187,2.87772258656374,3.07849383354187,4401,0.0,0.0
1994-04-12 00:00:00-04:00,3.011570796701444,3.0784947630256903,2.877723455429077,2.877723455429077,4865,0.0,0.0
1994-04-13 00:00:00-04:00,2.877722994266512,3.078494269689008,2.877722994266512,2.9446463584899902,11351,0.0,0.0
1994-04-14 00:00:00-04:00,2.8777240389072807,3.0784953872116554,2.8777240389072807,3.0115714073181152,8803,0.0,0.0
1994-04-15 00:00:00-04:00,2.944645941305819,3.07849383354187,2.944645941305819,3.07849383354187,4401,0.0,0.0
1994-04-18 00:00:00-04:00,2.9446463584899902,3.078494269689008,2.9446463584899902,2.9446463584899902,7413,0.0,0.0
1994-04-19 00:00:00-04:00,2.9781084841337524,2.9781084841337524,2.877722994266512,2.9446463584899902,21311,0.0,0.0
1994-04-20 00:00:00-04:00,3.011570796701444,3.011570796701444,2.877723455429077,2.877723455429077,9497,0.0,0.0
1994-04-21 00:00:00-04:00,2.877723455429077,3.011570796701444,2.877723455429077,2.877723455429077,10656,0.0,0.0
1994-04-22 00:00:00-04:00,2.810798248226595,3.0115694671890854,2.743874311447143,2.7438743114471436,17605,0.0,0.0
1994-04-25 00:00:00-04:00,2.810799489104831,2.9446468303771978,2.810799489104831,2.877723455429077,16678,0.0,0.0
1994-04-26 00:00:00-04:00,2.877723455429077,2.877723455429077,2.877723455429077,2.877723455429077,0,0.0,0.0
1994-04-28 00:00:00-04:00,2.8777240389072807,3.0115714073181152,2.8777240389072807,3.0115714073181152,14825,0.0,0.0
1994-04-29 00:00:00-04:00,2.877723455429077,2.877723455429077,2.877723455429077,2.877723455429077,1158,0.0,0.0
1994-05-02 00:00:00-04:00,2.877723455429077,3.011570796701444,2.877723455429077,2.877723455429077,9729,0.0,0.0
1994-05-03 00:00:00-04:00,2.877722994266512,3.011570314089499,2.877722994266512,2.9446463584899902,695,0.0,0.0
1994-05-04 00:00:00-04:00,2.877722994266512,3.011570314089499,2.877722994266512,2.9446463584899902,15057,0.0,0.0
1994-05-05 00:00:00-04:00,3.011570314089499,3.011570314089499,2.877722994266512,2.9446463584899902,3938,0.0,0.0
1994-05-06 00:00:00-04:00,3.0115714073181152,3.0115714073181152,2.944647427424575,3.0115714073181152,3475,0.0,0.0
1994-05-09 00:00:00-04:00,2.8777233729587905,2.9446467459890098,2.810799408552463,2.9111855030059814,12509,0.0,0.0
1994-05-10 00:00:00-04:00,3.011570796701444,3.011570796701444,2.877723455429077,2.877723455429077,2780,0.0,0.0
1994-05-11 00:00:00-04:00,3.0115714073181152,3.0115714073181152,3.0115714073181152,3.0115714073181152,232,0.0,0.0
1994-05-12 00:00:00-04:00,3.0115706586697737,3.0115706586697737,2.8107993602752686,2.8107993602752686,2548,0.0,0.0
1994-05-13 00:00:00-04:00,3.011570314089499,3.011570314089499,2.9446463584899902,2.9446463584899902,463,0.0,0.0
1994-05-16 00:00:00-04:00,2.8107993602752686,3.0115706586697737,2.8107993602752686,2.8107993602752686,9497,0.0,0.0
1994-05-17 00:00:00-04:00,2.8107993602752686,2.9446466954129056,2.8107993602752686,2.8107993602752686,14825,0.0,0.0
1994-05-18 00:00:00-04:00,2.810799038667003,2.9446463584899902,2.810799038667003,2.9446463584899902,9034,0.0,0.0
1994-05-19 00:00:00-04:00,2.944645530409634,2.944645530409634,2.743874311447143,2.7438743114471436,8571,0.0,0.0
1994-05-20 00:00:00-04:00,2.8442615385996537,2.9446467459890098,2.8442615385996537,2.9111855030059814,5791,0.0,0.0
1994-05-23 00:00:00-04:00,2.7438750830674943,2.9446463584899902,2.7438750830674943,2.9446463584899902,8803,0.0,0.0
1994-05-24 00:00:00-04:00,2.944645530409634,2.944645530409634,2.743874311447143,2.7438743114471436,4170,0.0,0.0
1994-05-25 00:00:00-04:00,2.7438753970184004,2.9446466954129056,2.7438753970184004,2.8107993602752686,21080,0.0,0.0
1994-05-26 00:00:00-04:00,2.9446463584899902,2.9446463584899902,2.7438750830674943,2.9446463584899902,1853,0.0,0.0
1994-05-27 00:00:00-04:00,2.743874311447143,2.944645530409634,2.743874311447143,2.7438743114471436,6718,0.0,0.0
1994-05-31 00:00:00-04:00,2.743874311447143,2.944645530409634,2.743874311447143,2.7438743114471436,17605,0.0,0.0
1994-06-01 00:00:00-04:00,2.9446463584899902,2.9446463584899902,2.9446463584899902,2.9446463584899902,1853,0.0,0.0
1994-06-02 00:00:00-04:00,2.743874311447143,2.743874311447143,2.743874311447143,2.7438743114471436,463,0.0,0.0
1994-06-03 00:00:00-04:00,2.9446468303771978,2.9446468303771978,2.8442616201109856,2.877723455429077,5328,0.0,0.0
1994-06-06 00:00:00-04:00,2.743874311447143,2.743874311447143,2.743874311447143,2.7438743114471436,695,0.0,0.0
1994-06-07 00:00:00-04:00,2.7438750830674943,2.9446463584899902,2.7438750830674943,2.9446463584899902,2085,0.0,0.0
1994-06-08 00:00:00-04:00,2.743875522780585,2.9446468303771978,2.743875522780585,2.877723455429077,8339,0.0,0.0
1994-06-09 00:00:00-04:00,2.743874311447143,2.743874311447143,2.743874311447143,2.7438743114471436,2780,0.0,0.0
1994-06-10 00:00:00-04:00,2.743874311447143,2.944645530409634,2.743874311447143,2.7438743114471436,3011,0.0,0.0
1994-06-13 00:00:00-04:00,2.7438753970184004,2.8107993602752686,2.7438753970184004,2.8107993602752686,3938,0.0,0.0
1994-06-14 00:00:00-04:00,2.743874311447143,2.877722185006047,2.743874311447143,2.7438743114471436,13204,0.0,0.0
1994-06-15 00:00:00-04:00,2.877722994266512,2.9446463584899902,2.7438750830674943,2.9446463584899902,8571,0.0,0.0
1994-06-16 00:00:00-04:00,2.8107993602752686,2.8777233235321362,2.8107993602752686,2.8107993602752686,10656,0.0,0.0
1994-06-17 00:00:00-04:00,2.810799038667003,2.9446463584899902,2.810799038667003,2.9446463584899902,3706,0.0,0.0
1994-06-20 00:00:00-04:00,2.9446466954129056,2.9446466954129056,2.8107993602752686,2.8107993602752686,17605,0.0,0.0
1994-06-21 00:00:00-04:00,2.9446466954129056,2.9446466954129056,2.8107993602752686,2.8107993602752686,7876,0.0,0.0
1994-06-22 00:00:00-04:00,2.877722994266512,2.9446463584899902,2.810799038667003,2.9446463584899902,6023,0.0,0.0
1994-06-23 00:00:00-04:00,2.844261489747727,2.844261489747727,2.8107993602752686,2.8107993602752686,3938,0.0,0.0
1994-06-24 00:00:00-04:00,2.844261489747727,2.9446466954129056,2.8107993602752686,2.8107993602752686,18995,0.0,0.0
1994-06-27 00:00:00-04:00,2.810799038667003,2.9446463584899902,2.810799038667003,2.9446463584899902,9034,0.0,0.0
1994-06-28 00:00:00-04:00,2.810799038667003,2.9446463584899902,2.810799038667003,2.9446463584899902,10192,0.0,0.0
1994-06-29 00:00:00-04:00,2.877722994266512,2.9446463584899902,2.877722994266512,2.9446463584899902,927,0.0,0.0
1994-06-30 00:00:00-04:00,2.9446463584899902,2.9446463584899902,2.9446463584899902,2.9446463584899902,232,0.0,0.0
1994-07-01 00:00:00-04:00,2.743874311447143,2.743874311447143,2.743874311447143,2.7438743114471436,2548,0.0,0.0
1994-07-05 00:00:00-04:00,2.877723455429077,2.877723455429077,2.877723455429077,2.877723455429077,463,0.0,0.0
1994-07-06 00:00:00-04:00,2.877723455429077,2.877723455429077,2.877723455429077,2.877723455429077,0,0.0,0.0
1994-07-07 00:00:00-04:00,2.743874311447143,2.944645530409634,2.743874311447143,2.7438743114471436,3706,0.0,0.0
1994-07-08 00:00:00-04:00,2.944645530409634,2.944645530409634,2.743874311447143,2.7438743114471436,1622,0.0,0.0
1994-07-11 00:00:00-04:00,2.844261489747727,2.8777233235321362,2.7438753970184004,2.8107993602752686,22470,0.0,0.0
1994-07-12 00:00:00-04:00,2.810799489104831,2.877723455429077,2.810799489104831,2.877723455429077,463,0.0,0.0
1994-07-13 00:00:00-04:00,2.743874311447143,2.877722185006047,2.743874311447143,2.7438743114471436,31735,0.0,0.0
1994-07-14 00:00:00-04:00,2.6769509660435564,2.743874311447143,2.6769509660435564,2.7438743114471436,927,0.0,0.0
1994-07-15 00:00:00-04:00,2.8107993602752686,2.8107993602752686,2.6769520251376315,2.8107993602752686,13667,0.0,0.0
1994-07-18 00:00:00-04:00,2.8107997140442964,2.8107997140442964,2.676952362060547,2.676952362060547,3706,0.0,0.0
1994-07-19 00:00:00-04:00,2.6769520251376315,2.8777233235321362,2.6769520251376315,2.8107993602752686,4633,0.0,0.0
1994-07-20 00:00:00-04:00,2.6769520251376315,2.8777233235321362,2.6769520251376315,2.8107993602752686,44708,0.0,0.0
1994-07-21 00:00:00-04:00,2.676952396847381,2.877723723120103,2.676952396847381,2.844261884689331,6023,0.0,0.0
1994-07-22 00:00:00-04:00,2.877723685724258,2.877723685724258,2.676952362060547,2.676952362060547,9266,0.0,0.0
1994-07-25 00:00:00-04:00,2.8777237159112112,2.8777237159112112,2.6769523901414347,2.710413932800293,15752,0.0,0.0
1994-07-26 00:00:00-04:00,2.6769520251376315,2.8777233235321362,2.6769520251376315,2.8107993602752686,10424,0.0,0.0
1994-07-27 00:00:00-04:00,2.6769521478324645,2.877723455429077,2.6769521478324645,2.877723455429077,1622,0.0,0.0
1994-07-28 00:00:00-04:00,2.877723455429077,2.877723455429077,2.6769521478324645,2.877723455429077,4170,0.0,0.0
1994-07-29 00:00:00-04:00,2.877723685724258,2.877723685724258,2.676952362060547,2.676952362060547,1390,0.0,0.0
1994-08-01 00:00:00-04:00,2.6769521478324645,2.877723455429077,2.6769521478324645,2.877723455429077,695,0.0,0.0
1994-08-02 00:00:00-04:00,2.743875522780585,2.877723455429077,2.6769521478324645,2.877723455429077,14130,0.0,0.0
1994-08-03 00:00:00-04:00,2.8107997140442964,2.8107997140442964,2.676952362060547,2.676952362060547,7181,0.0,0.0
1994-08-04 00:00:00-04:00,2.676952362060547,2.676952362060547,2.676952362060547,2.676952362060547,463,0.0,0.0
1994-08-05 00:00:00-04:00,2.6769521478324645,2.877723455429077,2.6769521478324645,2.877723455429077,463,0.0,0.0
1994-08-08 00:00:00-04:00,2.6769521478324645,2.877723455429077,2.6769521478324645,2.877723455429077,6023,0.0,0.0
1994-08-09 00:00:00-04:00,2.877723685724258,2.877723685724258,2.676952362060547,2.676952362060547,25944,0.0,0.0
1994-08-10 00:00:00-04:00,2.676952362060547,2.8107997140442964,2.676952362060547,2.676952362060547,25481,0.0,0.0
1994-08-11 00:00:00-04:00,2.8107993602752686,2.8107993602752686,2.6769520251376315,2.8107993602752686,9034,0.0,0.0
1994-08-12 00:00:00-04:00,2.8107997140442964,2.8107997140442964,2.676952362060547,2.676952362060547,11582,0.0,0.0
1994-08-15 00:00:00-04:00,2.743875522780585,2.877723455429077,2.743875522780585,2.877723455429077,18995,0.0,0.0
1994-08-16 00:00:00-04:00,2.7438753970184004,2.8777233235321362,2.7438753970184004,2.8107993602752686,11119,0.0,0.0
1994-08-17 00:00:00-04:00,2.7438753970184004,2.8777233235321362,2.7438753970184004,2.8107993602752686,3475,0.0,0.0
1994-08-18 00:00:00-04:00,2.743875778020835,2.844261884689331,2.743875778020835,2.844261884689331,6718,0.0,0.0
1994-08-19 00:00:00-04:00,2.877723455429077,2.877723455429077,2.810799489104831,2.877723455429077,6023,0.0,0.0
1994-08-22 00:00:00-04:00,2.877723723120103,2.877723723120103,2.743875778020835,2.844261884689331,8108,0.0,0.0
1994-08-23 00:00:00-04:00,2.877723723120103,2.9446471042935567,2.810799750570469,2.844261884689331,44476,0.0,0.0
1994-08-24 00:00:00-04:00,2.844261884689331,2.844261884689331,2.844261884689331,2.844261884689331,0,0.0,0.0
1994-08-25 00:00:00-04:00,2.7438753970184004,2.9446466954129056,2.7438753970184004,2.8107993602752686,8803,0.0,0.0
1994-08-26 00:00:00-04:00,2.7438750830674943,2.9446463584899902,2.7438750830674943,2.9446463584899902,12046,0.0,0.0
1994-08-29 00:00:00-04:00,2.743875522780585,2.9446468303771978,2.743875522780585,2.877723455429077,3938,0.0,0.0
1994-08-30 00:00:00-04:00,2.944645530409634,2.944645530409634,2.743874311447143,2.7438743114471436,6949,0.0,0.0
1994-08-31 00:00:00-04:00,2.877722185006047,2.877722185006047,2.743874311447143,2.7438743114471436,12277,0.0,0.0
1994-09-01 00:00:00-04:00,2.743874311447143,2.944645530409634,2.743874311447143,2.7438743114471436,8339,0.0,0.0
1994-09-02 00:00:00-04:00,2.7438750830674943,2.9446463584899902,2.7438750830674943,2.9446463584899902,2085,0.0,0.0
1994-09-06 00:00:00-04:00,2.743874311447143,2.810798248226595,2.743874311447143,2.7438743114471436,5096,0.0,0.0
1994-09-07 00:00:00-04:00,2.777337526490859,2.8777233235321362,2.777337526490859,2.8107993602752686,20848,0.0,0.0
1994-09-08 00:00:00-04:00,2.810799750570469,2.9446471042935567,2.810799750570469,2.844261884689331,8339,0.0,0.0
1994-09-09 00:00:00-04:00,2.9446466954129056,2.9446466954129056,2.8107993602752686,2.8107993602752686,4865,0.0,0.0
1994-09-12 00:00:00-04:00,2.9446466954129056,2.9446466954129056,2.8107993602752686,2.8107993602752686,8803,0.0,0.0
1994-09-13 00:00:00-04:00,2.8107993602752686,2.9446466954129056,2.8107993602752686,2.8107993602752686,10192,0.0,0.0
1994-09-14 00:00:00-04:00,2.8107993602752686,2.9446466954129056,2.8107993602752686,2.8107993602752686,6718,0.0,0.0
1994-09-15 00:00:00-04:00,2.777337574193326,2.9111855030059814,2.777337574193326,2.9111855030059814,8803,0.0,0.0
1994-09-16 00:00:00-04:00,2.777337912139697,2.9111858572389653,2.777337912139697,2.844261884689331,7644,0.0,0.0
1994-09-19 00:00:00-04:00,2.810799489104831,2.9446468303771978,2.810799489104831,2.877723455429077,20848,0.0,0.0
1994-09-20 00:00:00-04:00,2.9446468303771978,2.9446468303771978,2.8442616201109856,2.877723455429077,6486,0.0,0.0
1994-09-21 00:00:00-04:00,2.7773376537867396,2.9446468303771978,2.7773376537867396,2.877723455429077,26408,0.0,0.0
1994-09-22 00:00:00-04:00,2.777337526490859,2.8107993602752686,2.777337526490859,2.8107993602752686,1853,0.0,0.0
1994-09-23 00:00:00-04:00,2.9446463584899902,2.9446463584899902,2.810799038667003,2.9446463584899902,7181,0.0,0.0
1994-09-26 00:00:00-04:00,2.9446471042935567,2.9446471042935567,2.810799750570469,2.844261884689331,7644,0.0,0.0
1994-09-27 00:00:00-04:00,2.810799489104831,2.9446468303771978,2.810799489104831,2.877723455429077,12740,0.0,0.0
1994-09-28 00:00:00-04:00,2.9446463584899902,2.9446463584899902,2.810799038667003,2.9446463584899902,5791,0.0,0.0
1994-09-29 00:00:00-04:00,2.9446468303771978,2.9446468303771978,2.810799489104831,2.877723455429077,3706,0.0,0.0
1994-09-30 00:00:00-04:00,2.8107993602752686,2.9446466954129056,2.8107993602752686,2.8107993602752686,5559,0.0,0.0
1994-10-03 00:00:00-04:00,2.8107993602752686,2.8107993602752686,2.8107993602752686,2.8107993602752686,1158,0.0,0.0
1994-10-04 00:00:00-04:00,2.810799038667003,2.9446463584899902,2.810799038667003,2.9446463584899902,25249,0.0,0.0
1994-10-05 00:00:00-04:00,2.810799038667003,2.9446463584899902,2.810799038667003,2.9446463584899902,4170,0.0,0.0
1994-10-06 00:00:00-04:00,2.8107993602752686,2.8107993602752686,2.8107993602752686,2.8107993602752686,2316,0.0,0.0
1994-10-07 00:00:00-04:00,2.810799408552463,2.9111855030059814,2.810799408552463,2.9111855030059814,16215,0.0,0.0
1994-10-10 00:00:00-04:00,2.9446466954129056,2.9446466954129056,2.8107993602752686,2.8107993602752686,5096,0.0,0.0
1994-10-11 00:00:00-04:00,2.9446466954129056,2.9446466954129056,2.8107993602752686,2.8107993602752686,1622,0.0,0.0
1994-10-12 00:00:00-04:00,2.8107993602752686,2.9446466954129056,2.8107993602752686,2.8107993602752686,7644,0.0,0.0
1994-10-13 00:00:00-04:00,2.8107993602752686,2.8107993602752686,2.8107993602752686,2.8107993602752686,2780,0.0,0.0
1994-10-14 00:00:00-04:00,2.911185453004595,2.9446466954129056,2.8107993602752686,2.8107993602752686,7644,0.0,0.0
1994-10-17 00:00:00-04:00,2.8107993602752686,2.8107993602752686,2.8107993602752686,2.8107993602752686,2780,0.0,0.0
1994-10-18 00:00:00-04:00,2.8107999660903324,2.9111860804559977,2.8107999660903324,2.881906747817993,17373,0.0,0.0
1994-10-19 00:00:00-04:00,2.844261489747727,2.911185453004595,2.8107993602752686,2.8107993602752686,36368,0.0,0.0
1994-10-20 00:00:00-04:00,2.8777233729587905,2.9111855030059814,2.810799408552463,2.9111855030059814,18763,0.0,0.0
1994-10-21 00:00:00-04:00,2.844261489747727,2.844261489747727,2.8107993602752686,2.8107993602752686,1390,0.0,0.0
1994-10-24 00:00:00-04:00,2.8107993602752686,2.911185453004595,2.8107993602752686,2.8107993602752686,10656,0.0,0.0
1994-10-25 00:00:00-04:00,2.810798248226595,2.877722185006047,2.743874311447143,2.7438743114471436,13899,0.0,0.0
1994-10-26 00:00:00-04:00,2.877722185006047,2.877722185006047,2.743874311447143,2.7438743114471436,1853,0.0,0.0
1994-10-27 00:00:00-04:00,2.810798248226595,2.810798248226595,2.743874311447143,2.7438743114471436,20385,0.0,0.0
1994-10-28 00:00:00-04:00,2.877722185006047,2.877722185006047,2.743874311447143,2.7438743114471436,12740,0.0,0.0
1994-10-31 00:00:00-05:00,2.877723455429077,2.877723455429077,2.6769521478324645,2.877723455429077,17837,0.0,0.0
1994-11-01 00:00:00-05:00,2.877723455429077,2.877723455429077,2.6769521478324645,2.877723455429077,7413,0.0,0.0
1994-11-02 00:00:00-05:00,2.6769520251376315,2.8777233235321362,2.6769520251376315,2.8107993602752686,12046,0.0,0.0
1994-11-03 00:00:00-05:00,2.810798248226595,2.810798248226595,2.743874311447143,2.7438743114471436,6486,0.0,0.0
1994-11-04 00:00:00-05:00,2.810799605621213,2.810799605621213,2.727144718170166,2.727144718170166,5559,0.0,0.0
1994-11-07 00:00:00-05:00,2.777337876048359,2.777337876048359,2.676952362060547,2.676952362060547,5791,0.0,0.0
1994-11-08 00:00:00-05:00,2.676952362060547,2.676952362060547,2.676952362060547,2.676952362060547,13899,0.0,0.0
1994-11-09 00:00:00-05:00,2.676951908390132,2.7438752773522324,2.6434900760650635,2.6434900760650635,22470,0.0,0.0
1994-11-10 00:00:00-05:00,2.7438746099779103,2.7438746099779103,2.610027313232422,2.610027313232422,10424,0.0,0.0
1994-11-11 00:00:00-05:00,2.7438746099779103,2.7438746099779103,2.610027313232422,2.610027313232422,12277,0.0,0.0
1994-11-14 00:00:00-05:00,2.743874311447143,2.743874311447143,2.6100270292641046,2.7438743114471436,35905,0.0,0.0
1994-11-15 00:00:00-05:00,2.6100270292641046,2.743874311447143,2.6100270292641046,2.7438743114471436,22238,0.0,0.0
1994-11-16 00:00:00-05:00,2.610027313232422,2.7438746099779103,2.610027313232422,2.610027313232422,8571,0.0,0.0
1994-11-17 00:00:00-05:00,2.610027313232422,2.6769512572931307,2.4761794251110043,2.610027313232422,59301,0.0,0.0
1994-11-18 00:00:00-05:00,2.4761799744272186,2.6100278922414826,2.4761799744272186,2.5431039333343506,5791,0.0,0.0
1994-11-21 00:00:00-05:00,2.4761794251110043,2.610027313232422,2.4761794251110043,2.610027313232422,12972,0.0,0.0
1994-11-22 00:00:00-05:00,2.4761794251110043,2.610027313232422,2.4761794251110043,2.610027313232422,12046,0.0,0.0
1994-11-23 00:00:00-05:00,2.476180076599121,2.543104038267663,2.476180076599121,2.476180076599121,15289,0.0,0.0
1994-11-25 00:00:00-05:00,2.610027313232422,2.610027313232422,2.4761794251110043,2.610027313232422,6023,0.0,0.0
1994-11-28 00:00:00-05:00,2.5431039333343506,2.6100278922414826,2.5431039333343506,2.5431039333343506,12972,0.0,0.0
1994-11-29 00:00:00-05:00,2.676952362060547,2.676952362060547,2.5431044187006244,2.676952362060547,7413,0.0,0.0
1994-11-30 00:00:00-05:00,2.5431044187006244,2.676952362060547,2.5431044187006244,2.676952362060547,6718,0.0,0.0
1994-12-01 00:00:00-05:00,2.509642024074795,2.576565980911255,2.509642024074795,2.576565980911255,6949,0.0,0.0
1994-12-02 00:00:00-05:00,2.6434900760650635,2.676951908390132,2.476180027375612,2.6434900760650635,13204,0.0,0.0
1994-12-05 00:00:00-05:00,2.509641647338867,2.6434895409191532,2.509641647338867,2.509641647338867,17373,0.0,0.0
1994-12-06 00:00:00-05:00,2.509641544985341,2.610027313232422,2.509641544985341,2.610027313232422,6718,0.0,0.0
1994-12-07 00:00:00-05:00,2.509642155388717,2.6434900760650635,2.509642155388717,2.6434900760650635,6718,0.0,0.0
1994-12-08 00:00:00-05:00,2.6434900760650635,2.676951908390132,2.57656611572689,2.6434900760650635,20616,0.0,0.0
1994-12-09 00:00:00-05:00,2.676952362060547,2.676952362060547,2.676952362060547,2.676952362060547,463,0.0,0.0
1994-12-12 00:00:00-05:00,2.5765665523846484,2.676952362060547,2.5765665523846484,2.676952362060547,3938,0.0,0.0
1994-12-13 00:00:00-05:00,2.576565980911255,2.6769517683219344,2.576565980911255,2.576565980911255,3011,0.0,0.0
1994-12-14 00:00:00-05:00,2.576565980911255,2.6769517683219344,2.576565980911255,2.576565980911255,6023,0.0,0.0
1994-12-15 00:00:00-05:00,2.64349052406461,2.676952362060547,2.5765665523846484,2.676952362060547,17373,0.0,0.0
1994-12-16 00:00:00-05:00,2.610027313232422,2.7438746099779103,2.610027313232422,2.610027313232422,10424,0.0,0.0
1994-12-19 00:00:00-05:00,2.610027313232422,2.7438746099779103,2.610027313232422,2.610027313232422,29882,0.0,0.0
1994-12-20 00:00:00-05:00,2.610027948051959,2.710413445027164,2.610027948051959,2.6434900760650635,17142,0.0,0.0
1994-12-21 00:00:00-05:00,2.6100278114854745,2.6769517683219344,2.4092565323521367,2.576565980911255,65324,0.0,0.0
1994-12-22 00:00:00-05:00,2.4092560724262246,2.610027313232422,2.4092560724262246,2.610027313232422,67640,0.0,0.0
1994-12-23 00:00:00-05:00,2.4092566068961467,2.5431039333343506,2.4092566068961467,2.5431039333343506,26871,0.0,0.0
1994-12-27 00:00:00-05:00,2.442718144080689,2.5431034728899506,2.442718144080689,2.509641647338867,17605,0.0,0.0
1994-12-28 00:00:00-05:00,2.4427186871409345,2.476180076599121,2.4427186871409345,2.476180076599121,9497,0.0,0.0
1994-12-29 00:00:00-05:00,2.442718144080689,2.5431034728899506,2.442718144080689,2.509641647338867,45634,0.0,0.0
1994-12-30 00:00:00-05:00,2.4427196979522705,2.5431050906190467,2.4427196979522705,2.4427196979522705,40538,0.0,0.0
1995-01-03 00:00:00-05:00,2.543104038267663,2.543104038267663,2.476180076599121,2.476180076599121,14594,0.0,0.0
1995-01-04 00:00:00-05:00,2.4427196979522705,2.509643243782094,2.4427196979522705,2.4427196979522705,3243,0.0,0.0
1995-01-05 00:00:00-05:00,2.5431034728899506,2.5431034728899506,2.442718144080689,2.509641647338867,6718,0.0,0.0
1995-01-06 00:00:00-05:00,2.4761795260998074,2.5431034728899506,2.4761795260998074,2.509641647338867,3011,0.0,0.0
1995-01-09 00:00:00-05:00,2.610027313232422,2.610027313232422,2.4761794251110043,2.610027313232422,5791,0.0,0.0
1995-01-10 00:00:00-05:00,2.610027999936205,2.610027999936205,2.476180076599121,2.476180076599121,2780,0.0,0.0
1995-01-11 00:00:00-05:00,2.4761794251110043,2.610027313232422,2.4761794251110043,2.610027313232422,4633,0.0,0.0
1995-01-12 00:00:00-05:00,2.476180076599121,2.476180076599121,2.476180076599121,2.476180076599121,2548,0.0,0.0
1995-01-13 00:00:00-05:00,2.476180076599121,2.476180076599121,2.476180076599121,2.476180076599121,0,0.0,0.0
1995-01-16 00:00:00-05:00,2.476180076599121,2.476180076599121,2.476180076599121,2.476180076599121,3475,0.0,0.0
1995-01-17 00:00:00-05:00,2.476181130446189,2.643491253667698,2.476181130446189,2.4929120540618896,4633,0.0,0.0
1995-01-18 00:00:00-05:00,2.6434900760650635,2.6434900760650635,2.509642155388717,2.6434900760650635,2316,0.0,0.0
1995-01-19 00:00:00-05:00,2.509642024074795,2.576565980911255,2.509642024074795,2.576565980911255,8571,0.0,0.0
1995-01-20 00:00:00-05:00,2.509641647338867,2.509641647338867,2.509641647338867,2.509641647338867,2780,0.0,0.0
1995-01-23 00:00:00-05:00,2.509641647338867,2.6100274196800934,2.509641647338867,2.509641647338867,13435,0.0,0.0
1995-01-24 00:00:00-05:00,2.5096421017247996,2.643490019539063,2.5096421017247996,2.5431039333343506,5096,0.0,0.0
1995-01-25 00:00:00-05:00,2.5431039877137853,2.6434900760650635,2.509642155388717,2.6434900760650635,10887,0.0,0.0
1995-01-26 00:00:00-05:00,2.509642155388717,2.6434900760650635,2.509642155388717,2.6434900760650635,11119,0.0,0.0
1995-01-27 00:00:00-05:00,2.6434900760650635,2.6434900760650635,2.6434900760650635,2.6434900760650635,0,0.0,0.0
1995-01-30 00:00:00-05:00,2.509642155388717,2.6434900760650635,2.509642155388717,2.6434900760650635,26408,0.0,0.0
1995-01-31 00:00:00-05:00,2.509642155388717,2.6434900760650635,2.509642155388717,2.6434900760650635,695,0.0,0.0
1995-02-01 00:00:00-05:00,2.509641647338867,2.6434895409191532,2.509641647338867,2.509641647338867,9497,0.0,0.0
1995-02-02 00:00:00-05:00,2.57656611572689,2.6434900760650635,2.57656611572689,2.6434900760650635,5559,0.0,0.0
1995-02-03 00:00:00-05:00,2.5431039877137853,2.6434900760650635,2.5431039877137853,2.6434900760650635,4633,0.0,0.0
1995-02-06 00:00:00-05:00,2.6434891454977967,2.743874311447143,2.6100270292641046,2.7438743114471436,10887,0.0,0.0
1995-02-07 00:00:00-05:00,2.610028390380586,2.676952362060547,2.610028390380586,2.676952362060547,5328,0.0,0.0
1995-02-08 00:00:00-05:00,2.7438746099779103,2.7438746099779103,2.610027313232422,2.610027313232422,9961,0.0,0.0
1995-02-09 00:00:00-05:00,2.7438752773522324,2.7438752773522324,2.6434900760650635,2.6434900760650635,3706,0.0,0.0
1995-02-10 00:00:00-05:00,2.7438757423643354,2.7438757423643354,2.610028390380586,2.676952362060547,4865,0.0,0.0
1995-02-13 00:00:00-05:00,2.743874311447143,2.743874311447143,2.6769509660435564,2.7438743114471436,22933,0.0,0.0
1995-02-14 00:00:00-05:00,2.844261489747727,2.844261489747727,2.8107993602752686,2.8107993602752686,5791,0.0,0.0
1995-02-15 00:00:00-05:00,2.810799750570469,2.844261884689331,2.7104139395900626,2.844261884689331,41233,0.0,0.0
1995-02-16 00:00:00-05:00,2.8275299536448766,2.9446463584899902,2.7438750830674943,2.9446463584899902,32430,0.0,0.0
1995-02-17 00:00:00-05:00,2.944647427424575,3.0784953872116554,2.911186176698112,3.0115714073181152,47487,0.0,0.0
1995-02-21 00:00:00-05:00,3.0784953872116554,3.0784953872116554,2.9781095652154064,3.0115714073181152,18300,0.0,0.0
1995-02-22 00:00:00-05:00,2.944645941305819,3.07849383354187,2.944645941305819,3.07849383354187,6718,0.0,0.0
1995-02-23 00:00:00-05:00,2.944645941305819,3.07849383354187,2.944645941305819,3.07849383354187,30346,0.0,0.0
1995-02-24 00:00:00-05:00,2.944647427424575,3.0784953872116554,2.944647427424575,3.0115714073181152,13435,0.0,0.0
1995-02-27 00:00:00-05:00,3.0115714073181152,3.0784953872116554,2.944647427424575,3.0115714073181152,31272,0.0,0.0
1995-02-28 00:00:00-05:00,3.1454193671051955,3.2123427556224904,3.0115714073181152,3.0115714073181152,106093,0.0,0.0
1995-03-01 00:00:00-05:00,3.0115714073181152,3.1454193671051955,3.0115714073181152,3.0115714073181152,2548,0.0,0.0
1995-03-02 00:00:00-05:00,3.0115714073181152,3.1454193671051955,3.0115714073181152,3.0115714073181152,12972,0.0,0.0
1995-03-03 00:00:00-05:00,3.111957074285229,3.2123422903660375,3.078494941340853,3.178880453109741,25713,0.0,0.0
1995-03-06 00:00:00-05:00,3.078495371382608,3.2123427391052246,3.078495371382608,3.2123427391052246,46097,0.0,0.0
1995-03-07 00:00:00-05:00,3.078494912789995,3.2123422605738408,3.078494912789995,3.145418882369995,6949,0.0,0.0
1995-03-08 00:00:00-05:00,3.2123411344019748,3.2123411344019748,3.011569887423845,3.07849383354187,29651,0.0,0.0
1995-03-09 00:00:00-05:00,3.011570943209995,3.145418882369995,2.944646973629995,3.145418882369995,44708,0.0,0.0
1995-03-10 00:00:00-05:00,3.1454187293499363,3.1454187293499363,2.877723455429077,2.877723455429077,28492,0.0,0.0
1995-03-13 00:00:00-05:00,2.9446466954129056,2.9446466954129056,2.8107993602752686,2.8107993602752686,2780,0.0,0.0
1995-03-14 00:00:00-05:00,2.8442616201109856,2.9446468303771978,2.810799489104831,2.877723455429077,18532,0.0,0.0
1995-03-15 00:00:00-05:00,2.9446463584899902,2.9446463584899902,2.810799038667003,2.9446463584899902,12740,0.0,0.0
1995-03-16 00:00:00-05:00,2.844261489747727,2.9446466954129056,2.8107993602752686,2.8107993602752686,19690,0.0,0.0
1995-03-17 00:00:00-05:00,2.9446463584899902,2.9446463584899902,2.877722994266512,2.9446463584899902,10887,0.0,0.0
1995-03-20 00:00:00-05:00,2.810799038667003,2.9446463584899902,2.810799038667003,2.9446463584899902,3938,0.0,0.0
1995-03-21 00:00:00-05:00,2.8777233235321362,2.8777233235321362,2.8107993602752686,2.8107993602752686,4401,0.0,0.0
1995-03-22 00:00:00-05:00,2.8107993602752686,2.8777233235321362,2.6769520251376315,2.8107993602752686,25713,0.0,0.0
1995-03-23 00:00:00-05:00,2.6769520251376315,2.8107993602752686,2.6769520251376315,2.8107993602752686,695,0.0,0.0
1995-03-24 00:00:00-05:00,2.810799385198052,2.810799385198052,2.676952048873618,2.7773375511169434,15984,0.0,0.0
1995-03-27 00:00:00-05:00,2.6769520251376315,2.8107993602752686,2.6769520251376315,2.8107993602752686,4401,0.0,0.0
1995-03-28 00:00:00-05:00,2.6769520251376315,2.8107993602752686,2.6769520251376315,2.8107993602752686,4170,0.0,0.0
1995-03-29 00:00:00-05:00,2.676952362060547,2.8107997140442964,2.676952362060547,2.676952362060547,15520,0.0,0.0
1995-03-30 00:00:00-05:00,2.8107995746062953,2.8107995746062953,2.676952229262438,2.69368314743042,8108,0.0,0.0
1995-03-31 00:00:00-05:00,2.7438757423643354,2.7438757423643354,2.64349052406461,2.676952362060547,15984,0.0,0.0
1995-04-03 00:00:00-04:00,2.7438752773522324,2.7438752773522324,2.6434900760650635,2.6434900760650635,7644,0.0,0.0
1995-04-04 00:00:00-04:00,2.6434900760650635,2.7438752773522324,2.6434900760650635,2.6434900760650635,8339,0.0,0.0
1995-04-05 00:00:00-04:00,2.7438750731804444,2.7438750731804444,2.643489879362939,2.7187788486480713,40306,0.0,0.0
1995-04-06 00:00:00-04:00,2.8107993602752686,2.8107993602752686,2.8107993602752686,2.8107993602752686,232,0.0,0.0
1995-04-07 00:00:00-04:00,2.810798248226595,2.810798248226595,2.743874311447143,2.7438743114471436,13667,0.0,0.0
1995-04-10 00:00:00-04:00,2.743875421347783,2.810799385198052,2.743875421347783,2.7773375511169434,4865,0.0,0.0
1995-04-11 00:00:00-04:00,2.810798248226595,2.810798248226595,2.743874311447143,2.7438743114471436,1158,0.0,0.0
1995-04-12 00:00:00-04:00,2.810798248226595,2.810798248226595,2.743874311447143,2.7438743114471436,8571,0.0,0.0
1995-04-13 00:00:00-04:00,2.7438753970184004,2.8777233235321362,2.7438753970184004,2.8107993602752686,30577,0.0,0.0
1995-04-17 00:00:00-04:00,2.777337574193326,2.9111855030059814,2.777337574193326,2.9111855030059814,8571,0.0,0.0
1995-04-18 00:00:00-04:00,2.911185478817482,2.911185478817482,2.777337551116944,2.7773375511169434,2085,0.0,0.0
1995-04-19 00:00:00-04:00,2.777337574193326,2.9111855030059814,2.777337574193326,2.9111855030059814,3475,0.0,0.0
1995-04-20 00:00:00-04:00,2.911185478817482,2.911185478817482,2.777337551116944,2.7773375511169434,5096,0.0,0.0
1995-04-21 00:00:00-04:00,2.877723455429077,3.011570796701444,2.877723455429077,2.877723455429077,7181,0.0,0.0
1995-04-24 00:00:00-04:00,2.8777240389072807,3.0115714073181152,2.8777240389072807,3.0115714073181152,6254,0.0,0.0
1995-04-25 00:00:00-04:00,2.8777240389072807,3.0115714073181152,2.8777240389072807,3.0115714073181152,12740,0.0,0.0
1995-04-26 00:00:00-04:00,2.8777240389072807,3.0115714073181152,2.8777240389072807,3.0115714073181152,4633,0.0,0.0
1995-04-27 00:00:00-04:00,2.87772258656374,3.07849383354187,2.87772258656374,3.07849383354187,15057,0.0,0.0
1995-04-28 00:00:00-04:00,3.07849383354187,3.07849383354187,3.011569887423845,3.07849383354187,37758,0.0,0.0
1995-05-01 00:00:00-04:00,3.1454193509320376,3.2792667186546542,3.078495371382608,3.2123427391052246,71347,0.0,0.0
1995-05-02 00:00:00-04:00,3.2123430859032065,3.3461910594520186,3.1454196905051064,3.2792670726776123,39380,0.0,0.0
1995-05-03 00:00:00-04:00,3.145418882369995,3.2792662301538407,3.145418882369995,3.145418882369995,6949,0.0,0.0
1995-05-04 00:00:00-04:00,3.2792670726776127,3.3461910594520186,3.1454196905051064,3.2792670726776123,10656,0.0,0.0
1995-05-05 00:00:00-04:00,3.145418911541525,3.2792662605667102,3.145418911541525,3.178880453109741,12740,0.0,0.0
1995-05-08 00:00:00-04:00,3.2792662301538407,3.2792662301538407,3.145418882369995,3.145418882369995,22933,0.0,0.0
1995-05-09 00:00:00-04:00,3.2792662301538407,3.312728362787879,3.145418882369995,3.145418882369995,8803,0.0,0.0
1995-05-10 00:00:00-04:00,3.1454193509320376,3.245804876724,3.1454193509320376,3.2123427391052246,11814,0.0,0.0
1995-05-11 00:00:00-04:00,3.2458043932078793,3.312728362787879,3.145418882369995,3.145418882369995,4865,0.0,0.0
1995-05-12 00:00:00-04:00,3.145418882369995,3.312728362787879,3.145418882369995,3.145418882369995,1158,0.0,0.0
1995-05-15 00:00:00-04:00,3.312728362787879,3.312728362787879,3.145418882369995,3.145418882369995,3938,0.0,0.0
1995-05-16 00:00:00-04:00,3.145418882369995,3.312728362787879,3.145418882369995,3.145418882369995,3938,0.0,0.0
1995-05-17 00:00:00-04:00,3.145418922449032,3.3127284049987793,3.145418922449032,3.3127284049987793,6254,0.0,0.0
1995-05-18 00:00:00-04:00,3.145418882369995,3.312728362787879,3.145418882369995,3.145418882369995,15984,0.0,0.0
1995-05-19 00:00:00-04:00,3.2123422605738408,3.2458043932078793,3.145418882369995,3.145418882369995,32430,0.0,0.0
1995-05-22 00:00:00-04:00,3.2792670726776127,3.2792670726776127,3.2123430859032065,3.2792670726776123,10192,0.0,0.0
1995-05-23 00:00:00-04:00,3.1454193509320376,3.2123427391052246,3.1454193509320376,3.2123427391052246,6718,0.0,0.0
1995-05-24 00:00:00-04:00,3.145418882369995,3.145418882369995,3.145418882369995,3.145418882369995,4865,0.0,0.0
1995-05-25 00:00:00-04:00,3.1454193509320376,3.245804876724,3.1454193509320376,3.2123427391052246,24323,0.0,0.0
1995-05-26 00:00:00-04:00,3.2123422903660375,3.2123422903660375,3.1788804531097417,3.178880453109741,3938,0.0,0.0
1995-05-30 00:00:00-04:00,3.1788804531097417,3.2792662605667102,3.1788804531097417,3.178880453109741,2085,0.0,0.0
1995-05-31 00:00:00-04:00,3.1788808971745706,3.2792667186546542,3.1788808971745706,3.2123427391052246,5328,0.0,0.0
1995-06-01 00:00:00-04:00,3.2792662719383654,3.3127284049987793,3.178880464133284,3.3127284049987793,6718,0.0,0.0
1995-06-02 00:00:00-04:00,3.1788804531097417,3.3127283935110863,3.1788804531097417,3.178880453109741,12740,0.0,0.0
1995-06-05 00:00:00-04:00,3.3127290077094584,3.3127290077094584,3.212342885952265,3.245805025100708,8339,0.0,0.0
1995-06-06 00:00:00-04:00,3.3127290077094584,3.3127290077094584,3.245805025100708,3.245805025100708,16678,0.0,0.0
1995-06-07 00:00:00-04:00,3.3127283935110863,3.3127283935110863,3.1788804531097417,3.178880453109741,7876,0.0,0.0
1995-06-08 00:00:00-04:00,3.1788804531097417,3.2123422903660375,3.1788804531097417,3.178880453109741,5559,0.0,0.0
1995-06-09 00:00:00-04:00,3.178880464133284,3.3127284049987793,3.178880464133284,3.3127284049987793,3706,0.0,0.0
1995-06-12 00:00:00-04:00,3.1788804531097417,3.245804423310414,3.111957074285229,3.178880453109741,33589,0.0,0.0
1995-06-13 00:00:00-04:00,3.0450327396392822,3.178880072644926,3.0450327396392822,3.0450327396392822,14130,0.0,0.0
1995-06-14 00:00:00-04:00,3.1788804531097417,3.1788804531097417,3.0450331040845566,3.178880453109741,6718,0.0,0.0
1995-06-15 00:00:00-04:00,3.178880072644926,3.178880072644926,3.0450327396392822,3.0450327396392822,695,0.0,0.0
1995-06-16 00:00:00-04:00,3.178880072644926,3.178880072644926,3.0450327396392822,3.0450327396392822,4401,0.0,0.0
1995-06-19 00:00:00-04:00,3.01157097114018,3.1788804531097417,3.01157097114018,3.178880453109741,6023,0.0,0.0
1995-06-20 00:00:00-04:00,3.0450335451089465,3.0450335451089465,3.0115714073181152,3.0115714073181152,12277,0.0,0.0
1995-06-21 00:00:00-04:00,3.145417779659896,3.1788793091869487,3.011569887423845,3.07849383354187,10887,0.0,0.0
1995-06-22 00:00:00-04:00,3.01157097114018,3.1788804531097417,3.01157097114018,3.178880453109741,3475,0.0,0.0
1995-06-23 00:00:00-04:00,3.0450327396392822,3.0450327396392822,3.0450327396392822,3.0450327396392822,1158,0.0,0.0
1995-06-26 00:00:00-04:00,3.0450327396392822,3.0450327396392822,3.0450327396392822,3.0450327396392822,927,0.0,0.0
1995-06-27 00:00:00-04:00,3.0450335451089465,3.1788809135197815,3.0115714073181152,3.0115714073181152,40538,0.0,0.0
1995-06-28 00:00:00-04:00,2.9781080622088187,3.07849383354187,2.9781080622088187,3.07849383354187,7181,0.0,0.0
1995-06-29 00:00:00-04:00,2.978109121322632,3.0115709584377908,2.978109121322632,2.978109121322632,1622,0.0,0.0
1995-06-30 00:00:00-04:00,3.078494572890693,3.078494572890693,2.978108777448416,3.0450327396392822,22701,0.0,0.0
1995-07-03 00:00:00-04:00,2.978109121322632,2.978109121322632,2.978109121322632,2.978109121322632,463,0.0,0.0
1995-07-05 00:00:00-04:00,3.07849383354187,3.07849383354187,3.07849383354187,3.07849383354187,2085,0.0,0.0
1995-07-06 00:00:00-04:00,3.078494928356187,3.078494928356187,2.978109121322632,2.978109121322632,2548,0.0,0.0
1995-07-07 00:00:00-04:00,3.011569887423845,3.07849383354187,3.011569887423845,3.07849383354187,12972,0.0,0.0
1995-07-10 00:00:00-04:00,2.978109121322632,3.045033091241028,2.978109121322632,2.978109121322632,3706,0.0,0.0
1995-07-11 00:00:00-04:00,2.9781080622088187,3.07849383354187,2.9781080622088187,3.07849383354187,18763,0.0,0.0
1995-07-12 00:00:00-04:00,2.9781080622088187,3.07849383354187,2.9781080622088187,3.07849383354187,4401,0.0,0.0
1995-07-13 00:00:00-04:00,3.0784953872116554,3.0784953872116554,2.9781095652154064,3.0115714073181152,8803,0.0,0.0
1995-07-14 00:00:00-04:00,2.9781080622088187,3.07849383354187,2.9781080622088187,3.07849383354187,6718,0.0,0.0
1995-07-17 00:00:00-04:00,3.011570610699827,3.0450327396392822,3.011570610699827,3.0450327396392822,3938,0.0,0.0
1995-07-18 00:00:00-04:00,3.0115714073181152,3.0115714073181152,3.0115714073181152,3.0115714073181152,2780,0.0,0.0
1995-07-19 00:00:00-04:00,3.0115714073181152,3.1119575250024867,3.0115714073181152,3.0115714073181152,14594,0.0,0.0
1995-07-20 00:00:00-04:00,3.0784953872116554,3.0784953872116554,3.0115714073181152,3.0115714073181152,3706,0.0,0.0
1995-07-21 00:00:00-04:00,3.0115698164631164,3.1119558811187744,3.0115698164631164,3.1119558811187744,6486,0.0,0.0
1995-07-24 00:00:00-04:00,3.0115698164631164,3.1119558811187744,3.0115698164631164,3.1119558811187744,3938,0.0,0.0
1995-07-25 00:00:00-04:00,3.111955841441285,3.111955841441285,3.061762809753418,3.061762809753418,6718,0.0,0.0
1995-07-26 00:00:00-04:00,3.0115714073181152,3.0115714073181152,3.0115714073181152,3.0115714073181152,3938,0.0,0.0
1995-07-27 00:00:00-04:00,3.145417779659896,3.145417779659896,3.07849383354187,3.07849383354187,21080,0.0,0.0
1995-07-28 00:00:00-04:00,3.078494912789995,3.145418882369995,3.078494912789995,3.145418882369995,5096,0.0,0.0
1995-07-31 00:00:00-04:00,3.1119570454240337,3.145418882369995,3.078494912789995,3.145418882369995,4170,0.0,0.0
1995-08-01 00:00:00-04:00,3.2123427391052246,3.2123427391052246,3.078495371382608,3.2123427391052246,9497,0.0,0.0
1995-08-02 00:00:00-04:00,3.2123411344019748,3.2123411344019748,3.07849383354187,3.07849383354187,3243,0.0,0.0
1995-08-03 00:00:00-04:00,3.1119558811187744,3.2123410587105328,3.1119558811187744,3.1119558811187744,6718,0.0,0.0
1995-08-04 00:00:00-04:00,3.078495371382608,3.2123427391052246,3.078495371382608,3.2123427391052246,2085,0.0,0.0
1995-08-07 00:00:00-04:00,3.078495371382608,3.2123427391052246,3.078495371382608,3.2123427391052246,695,0.0,0.0
1995-08-08 00:00:00-04:00,3.078494912789995,3.2123422605738408,3.078494912789995,3.145418882369995,3243,0.0,0.0
1995-08-09 00:00:00-04:00,3.07849383354187,3.07849383354187,3.07849383354187,3.07849383354187,6718,0.0,0.0
1995-08-10 00:00:00-04:00,3.078495371382608,3.2123427391052246,3.078495371382608,3.2123427391052246,9961,0.0,0.0
1995-08-11 00:00:00-04:00,3.07849383354187,3.07849383354187,3.07849383354187,3.07849383354187,4170,0.0,0.0
1995-08-14 00:00:00-04:00,3.245805025100708,3.245805025100708,3.245805025100708,3.245805025100708,463,0.0,0.0
1995-08-15 00:00:00-04:00,3.078494912789995,3.2458043932078793,3.078494912789995,3.145418882369995,64629,0.0,0.0
1995-08-16 00:00:00-04:00,3.078495371382608,3.2123427391052246,3.078495371382608,3.2123427391052246,1158,0.0,0.0
1995-08-17 00:00:00-04:00,3.2123427391052246,3.2123427391052246,3.078495371382608,3.2123427391052246,2085,0.0,0.0
1995-08-18 00:00:00-04:00,3.078494941340853,3.2123422903660375,3.078494941340853,3.178880453109741,5328,0.0,0.0
1995-08-21 00:00:00-04:00,3.078495512111033,3.245805025100708,3.078495512111033,3.245805025100708,6718,0.0,0.0
1995-08-22 00:00:00-04:00,3.2458043932078793,3.2458043932078793,3.1119570454240337,3.145418882369995,10424,0.0,0.0
1995-08-23 00:00:00-04:00,3.2123410587105328,3.2123410587105328,3.1119558811187744,3.1119558811187744,4170,0.0,0.0
1995-08-24 00:00:00-04:00,3.1621489134466034,3.2458031788250747,3.1119558811187744,3.1119558811187744,3243,0.0,0.0
1995-08-25 00:00:00-04:00,3.145417607007227,3.212340958075868,3.145417607007227,3.1956100463867188,26408,0.0,0.0
1995-08-28 00:00:00-04:00,3.1788804531097417,3.1788804531097417,3.1788804531097417,3.178880453109741,13435,0.0,0.0
1995-08-29 00:00:00-04:00,3.1956113717378893,3.2123422903660375,3.1788804531097417,3.178880453109741,4865,0.0,0.0
1995-08-30 00:00:00-04:00,3.2123430859032065,3.2792670726776127,3.2123430859032065,3.2792670726776123,23165,0.0,0.0
1995-08-31 00:00:00-04:00,3.2123427391052246,3.2792667186546542,3.2123427391052246,3.2123427391052246,3938,0.0,0.0
1995-09-01 00:00:00-04:00,3.2123427391052246,3.2123427391052246,3.2123427391052246,3.2123427391052246,2316,0.0,0.0
1995-09-05 00:00:00-04:00,3.2792667186546542,3.2792667186546542,3.2123427391052246,3.2123427391052246,1390,0.0,0.0
1995-09-06 00:00:00-04:00,3.2792670726776127,3.2792670726776127,3.2123430859032065,3.2792670726776123,6023,0.0,0.0
1995-09-07 00:00:00-04:00,3.2792670726776127,3.2792670726776127,3.2792670726776127,3.2792670726776123,0,0.0,0.0
1995-09-08 00:00:00-04:00,3.212342885952265,3.3127290077094584,3.212342885952265,3.245805025100708,21080,0.0,0.0
1995-09-11 00:00:00-04:00,3.2792667186546542,3.31272885627343,3.2123427391052246,3.2123427391052246,22933,0.0,0.0
1995-09-12 00:00:00-04:00,3.2123423015056174,3.3127284049987793,3.2123423015056174,3.3127284049987793,3475,0.0,0.0
1995-09-13 00:00:00-04:00,3.2123423015056174,3.3127284049987793,3.2123423015056174,3.3127284049987793,6486,0.0,0.0
1995-09-14 00:00:00-04:00,3.2123427391052246,3.31272885627343,3.2123427391052246,3.2123427391052246,19227,0.0,0.0
1995-09-15 00:00:00-04:00,3.2123427391052246,3.31272885627343,3.2123427391052246,3.2123427391052246,47487,0.0,0.0
1995-09-18 00:00:00-04:00,3.145418882369995,3.2792662301538407,3.145418882369995,3.145418882369995,18532,0.0,0.0
1995-09-19 00:00:00-04:00,3.1454194947197838,3.245805025100708,3.1454194947197838,3.245805025100708,40075,0.0,0.0
1995-09-20 00:00:00-04:00,3.245805025100708,3.245805025100708,3.1454194947197838,3.245805025100708,4865,0.0,0.0
1995-09-21 00:00:00-04:00,3.145418882369995,3.2458043932078793,3.145418882369995,3.145418882369995,7644,0.0,0.0
1995-09-22 00:00:00-04:00,3.2458030771421247,3.2458030771421247,3.145417607007227,3.1956100463867188,14594,0.0,0.0
1995-09-25 00:00:00-04:00,3.245805025100708,3.245805025100708,3.178881042491957,3.245805025100708,2780,0.0,0.0
1995-09-26 00:00:00-04:00,3.1454194947197838,3.245805025100708,3.1454194947197838,3.245805025100708,1853,0.0,0.0
1995-09-27 00:00:00-04:00,3.1454194947197838,3.245805025100708,3.1454194947197838,3.245805025100708,9961,0.0,0.0
1995-09-28 00:00:00-04:00,3.1788804236278794,3.1788804236278794,3.145418882369995,3.145418882369995,463,0.0,0.0
1995-09-29 00:00:00-04:00,3.245805025100708,3.245805025100708,3.245805025100708,3.245805025100708,695,0.0,0.0
1995-10-02 00:00:00-04:00,3.145418882369995,3.2458043932078793,3.078494912789995,3.145418882369995,43318,0.0,0.0
1995-10-03 00:00:00-04:00,3.2123411344019748,3.2123411344019748,3.07849383354187,3.07849383354187,7181,0.0,0.0
1995-10-04 00:00:00-04:00,3.078494912789995,3.145418882369995,3.078494912789995,3.145418882369995,2780,0.0,0.0
1995-10-05 00:00:00-04:00,3.145418882369995,3.145418882369995,3.078494912789995,3.145418882369995,15289,0.0,0.0
1995-10-06 00:00:00-04:00,3.145417779659896,3.145417779659896,3.07849383354187,3.07849383354187,927,0.0,0.0
1995-10-09 00:00:00-04:00,3.07849383354187,3.07849383354187,3.07849383354187,3.07849383354187,2316,0.0,0.0
1995-10-10 00:00:00-04:00,3.0784953872116554,3.0784953872116554,3.0115714073181152,3.0115714073181152,6023,0.0,0.0
1995-10-11 00:00:00-04:00,3.145418882369995,3.145418882369995,3.145418882369995,3.145418882369995,3243,0.0,0.0
1995-10-12 00:00:00-04:00,3.1454193671051955,3.1454193671051955,3.0115714073181152,3.0115714073181152,4401,0.0,0.0
1995-10-13 00:00:00-04:00,3.078494912789995,3.145418882369995,3.045033075844034,3.145418882369995,6023,0.0,0.0
1995-10-16 00:00:00-04:00,3.045032008326844,3.145417779659896,3.045032008326844,3.07849383354187,9497,0.0,0.0
1995-10-17 00:00:00-04:00,3.145417779659896,3.145417779659896,3.07849383354187,3.07849383354187,1622,0.0,0.0
1995-10-18 00:00:00-04:00,3.078494912789995,3.145418882369995,3.078494912789995,3.145418882369995,10192,0.0,0.0
1995-10-19 00:00:00-04:00,3.145418882369995,3.145418882369995,3.078494912789995,3.145418882369995,3938,0.0,0.0
1995-10-20 00:00:00-04:00,3.1454177055453494,3.1454177055453494,3.078493761004233,3.1119558811187744,11119,0.0,0.0
1995-10-23 00:00:00-04:00,3.145417779659896,3.145417779659896,3.07849383354187,3.07849383354187,8108,0.0,0.0
1995-10-24 00:00:00-04:00,3.07849383354187,3.145417779659896,3.07849383354187,3.07849383354187,10192,0.0,0.0
1995-10-25 00:00:00-04:00,3.078495371382608,3.2123427391052246,3.078495371382608,3.2123427391052246,13435,0.0,0.0
1995-10-26 00:00:00-04:00,3.2792650805200005,3.2792650805200005,3.07849383354187,3.07849383354187,25481,0.0,0.0
1995-10-27 00:00:00-04:00,3.078494912789995,3.145418882369995,3.011570943209995,3.145418882369995,38453,0.0,0.0
1995-10-30 00:00:00-05:00,3.011570943209995,3.145418882369995,3.011570943209995,3.145418882369995,3243,0.0,0.0
1995-10-31 00:00:00-05:00,3.0115698164631164,3.1454177055453494,3.0115698164631164,3.1119558811187744,10192,0.0,0.0
1995-11-01 00:00:00-05:00,3.145418882369995,3.145418882369995,3.1119570454240337,3.145418882369995,14825,0.0,0.0
1995-11-02 00:00:00-05:00,3.2123427391052246,3.2123427391052246,3.1454193509320376,3.2123427391052246,56521,0.0,0.0
1995-11-03 00:00:00-05:00,3.1454193509320376,3.2123427391052246,3.1454193509320376,3.2123427391052246,5328,0.0,0.0
1995-11-06 00:00:00-05:00,3.145418882369995,3.2123422605738408,3.145418882369995,3.145418882369995,7876,0.0,0.0
1995-11-07 00:00:00-05:00,3.2123427391052246,3.2123427391052246,3.1454193509320376,3.2123427391052246,9266,0.0,0.0
1995-11-08 00:00:00-05:00,3.1788804236278794,3.2792662301538407,3.145418882369995,3.145418882369995,10192,0.0,0.0
1995-11-09 00:00:00-05:00,3.2792670726776127,3.2792670726776127,3.1454196905051064,3.2792670726776123,16678,0.0,0.0
1995-11-10 00:00:00-05:00,3.2792667186546542,3.2792667186546542,3.1454193509320376,3.2123427391052246,6486,0.0,0.0
1995-11-13 00:00:00-05:00,3.2792667186546542,3.2792667186546542,3.1454193509320376,3.2123427391052246,8571,0.0,0.0
1995-11-14 00:00:00-05:00,3.145418736020717,3.199794292449951,3.145418736020717,3.199794292449951,4633,0.0,0.0
1995-11-15 00:00:00-05:00,3.2792670726776127,3.2792670726776127,3.2123430859032065,3.2792670726776123,3706,0.0,0.0
1995-11-16 00:00:00-05:00,3.145419593114458,3.279266971142689,3.145419593114458,3.26253604888916,15289,0.0,0.0
1995-11-17 00:00:00-05:00,3.245805227134486,3.2792670726776127,3.2123430859032065,3.2792670726776123,41001,0.0,0.0
1995-11-20 00:00:00-05:00,3.2792662301538407,3.2792662301538407,3.145418882369995,3.145418882369995,9961,0.0,0.0
1995-11-21 00:00:00-05:00,3.2792670726776127,3.2792670726776127,3.1454196905051064,3.2792670726776123,2548,0.0,0.0
1995-11-22 00:00:00-05:00,3.1454193509320376,3.2792667186546542,3.1454193509320376,3.2123427391052246,21543,0.0,0.0
1995-11-24 00:00:00-05:00,3.212342885952265,3.245805025100708,3.212342885952265,3.245805025100708,2316,0.0,0.0
1995-11-27 00:00:00-05:00,3.2792667186546542,3.2792667186546542,3.2123427391052246,3.2123427391052246,2780,0.0,0.0
1995-11-28 00:00:00-05:00,3.2792670726776127,3.2792670726776127,3.2123430859032065,3.2792670726776123,7644,0.0,0.0
1995-11-29 00:00:00-05:00,3.245805025100708,3.245805025100708,3.212342885952265,3.245805025100708,5791,0.0,0.0
1995-11-30 00:00:00-05:00,3.2792662719383654,3.3127284049987793,3.2123423015056174,3.3127284049987793,36368,0.0,0.0
1995-12-01 00:00:00-05:00,3.2792667186546542,3.31272885627343,3.2123427391052246,3.2123427391052246,6949,0.0,0.0
1995-12-04 00:00:00-05:00,3.2792670726776127,3.3127292139088924,3.2792670726776127,3.2792670726776123,6023,0.0,0.0
1995-12-05 00:00:00-05:00,3.27926507603766,3.346189022064209,3.27926507603766,3.346189022064209,44013,0.0,0.0
1995-12-06 00:00:00-05:00,3.212342885952265,3.3461908511697667,3.212342885952265,3.245805025100708,14825,0.0,0.0
1995-12-07 00:00:00-05:00,3.27926507603766,3.346189022064209,3.2123411300111107,3.346189022064209,21543,0.0,0.0
1995-12-08 00:00:00-05:00,3.212342885952265,3.279266868561016,3.212342885952265,3.245805025100708,17142,0.0,0.0
1995-12-11 00:00:00-05:00,3.2123411300111107,3.346189022064209,3.2123411300111107,3.346189022064209,695,0.0,0.0
1995-12-12 00:00:00-05:00,3.2123411300111107,3.346189022064209,3.2123411300111107,3.346189022064209,3011,0.0,0.0
1995-12-13 00:00:00-05:00,3.2123427391052246,3.2123427391052246,3.2123427391052246,3.2123427391052246,463,0.0,0.0
1995-12-14 00:00:00-05:00,3.2123427391052246,3.346190698204084,3.2123427391052246,3.2123427391052246,14825,0.0,0.0
1995-12-15 00:00:00-05:00,3.346189022064209,3.346189022064209,3.346189022064209,3.346189022064209,3475,0.0,0.0
1995-12-18 00:00:00-05:00,3.2123427391052246,3.2123427391052246,3.2123427391052246,3.2123427391052246,1853,0.0,0.0
1995-12-19 00:00:00-05:00,3.2123427391052246,3.2123427391052246,3.2123427391052246,3.2123427391052246,1158,0.0,0.0
1995-12-20 00:00:00-05:00,3.2123427391052246,3.346190698204084,3.2123427391052246,3.2123427391052246,40075,0.0,0.0
1995-12-21 00:00:00-05:00,3.3461908511697667,3.3461908511697667,3.212342885952265,3.245805025100708,9497,0.0,0.0
1995-12-22 00:00:00-05:00,3.2123427391052246,3.346190698204084,3.2123427391052246,3.2123427391052246,17837,0.0,0.0
1995-12-26 00:00:00-05:00,3.31272885627343,3.31272885627343,3.2123427391052246,3.2123427391052246,4170,0.0,0.0
1995-12-27 00:00:00-05:00,3.2123427391052246,3.346190698204084,3.2123427391052246,3.2123427391052246,4170,0.0,0.0
1995-12-28 00:00:00-05:00,3.2123425001372046,3.413113832473755,3.2123425001372046,3.413113832473755,17837,0.0,0.0
1995-12-29 00:00:00-05:00,3.413114086377271,3.413114086377271,3.2123427391052246,3.2123427391052246,5096,0.0,0.0
1996-01-02 00:00:00-05:00,3.2123427391052246,3.2123427391052246,3.2123427391052246,3.2123427391052246,927,0.0,0.0
1996-01-03 00:00:00-05:00,3.346190698204084,3.413114086377271,3.2123427391052246,3.2123427391052246,4633,0.0,0.0
1996-01-04 00:00:00-05:00,3.413114469720935,3.413114469720935,3.3127292283423335,3.379653215408325,6023,0.0,0.0
1996-01-05 00:00:00-05:00,3.346190698204084,3.346190698204084,3.2123427391052246,3.2123427391052246,2780,0.0,0.0
1996-01-08 00:00:00-05:00,3.4131123813801048,3.4131123813801048,3.07849383354187,3.07849383354187,33125,0.0,0.0
1996-01-09 00:00:00-05:00,3.2458043932078793,3.2792662301538407,3.145418882369995,3.145418882369995,74590,0.0,0.0
1996-01-10 00:00:00-05:00,3.1454196905051064,3.2792670726776127,3.1454196905051064,3.2792670726776123,67872,0.0,0.0
1996-01-11 00:00:00-05:00,3.2123423015056174,3.3127284049987793,3.2123423015056174,3.3127284049987793,7876,0.0,0.0
1996-01-12 00:00:00-05:00,3.3461908511697667,3.3461908511697667,3.245805025100708,3.245805025100708,25944,0.0,0.0
1996-01-15 00:00:00-05:00,3.2123425001372046,3.413113832473755,3.2123425001372046,3.413113832473755,22238,0.0,0.0
1996-01-16 00:00:00-05:00,3.446575403213501,3.446575403213501,3.346189901327781,3.446575403213501,25944,0.0,0.0
1996-01-17 00:00:00-05:00,3.31272751700714,3.513498783111572,3.31272751700714,3.5134987831115723,59764,0.0,0.0
1996-01-18 00:00:00-05:00,3.513499366825365,3.513499366825365,3.346189901327781,3.446575403213501,10656,0.0,0.0
1996-01-19 00:00:00-05:00,3.346189901327781,3.5469612007872717,3.346189901327781,3.446575403213501,76443,0.0,0.0
1996-01-22 00:00:00-05:00,3.5469609325031337,3.5469609325031337,3.446575142522318,3.480036973953247,10192,0.0,0.0
1996-01-23 00:00:00-05:00,3.5469603538513184,3.5469603538513184,3.4465745802474577,3.5469603538513184,4633,0.0,0.0
1996-01-24 00:00:00-05:00,3.5469603538513184,3.613884301483219,3.5134985278793582,3.5469603538513184,23165,0.0,0.0
1996-01-25 00:00:00-05:00,3.546960264637923,3.647345740028901,3.546960264637923,3.613884210586548,23165,0.0,0.0
1996-01-26 00:00:00-05:00,3.613884564007789,3.6473460967225257,3.480036659020832,3.5134987831115723,26408,0.0,0.0
1996-01-29 00:00:00-05:00,3.6473464849243595,3.7142704445408254,3.5804231166839595,3.58042311668396,14130,0.0,0.0
1996-01-30 00:00:00-05:00,3.7142704445408254,3.7142704445408254,3.5804231166839595,3.58042311668396,12046,0.0,0.0
1996-01-31 00:00:00-05:00,3.714271783828735,3.714271783828735,3.580424407709334,3.7142717838287354,19921,0.0,0.0
1996-02-01 00:00:00-05:00,3.580424407709334,3.714271783828735,3.580424407709334,3.7142717838287354,8339,0.0,0.0
1996-02-02 00:00:00-05:00,3.714270932560706,3.881580114364624,3.580423587117572,3.881580114364624,96828,0.0,0.0
1996-02-05 00:00:00-05:00,3.8815809420933096,3.94850492477417,3.747733568107859,3.94850492477417,37527,0.0,0.0
1996-02-06 00:00:00-05:00,3.9485040827742632,3.9485040827742632,3.814656737331129,3.881580114364624,54668,0.0,0.0
1996-02-07 00:00:00-05:00,3.8815803540511276,3.8815803540511276,3.7477330003429565,3.814656972885132,36832,0.0,0.0
1996-02-08 00:00:00-05:00,3.8146570907600648,3.8146570907600648,3.6808091415397404,3.7477331161499023,7644,0.0,0.0
1996-02-09 00:00:00-05:00,3.6808085441589355,3.747732507907601,3.6808085441589355,3.6808085441589355,3011,0.0,0.0
1996-02-12 00:00:00-05:00,3.6808091415397404,3.747733116149903,3.6808091415397404,3.7477331161499023,12509,0.0,0.0
1996-02-13 00:00:00-05:00,3.747733116149903,3.747733116149903,3.6808091415397404,3.7477331161499023,4401,0.0,0.0
1996-02-14 00:00:00-05:00,3.6808085441589355,3.747732507907601,3.6808085441589355,3.6808085441589355,6718,0.0,0.0
1996-02-15 00:00:00-05:00,3.613885758305777,3.747733116149903,3.613885758305777,3.7477331161499023,6949,0.0,0.0
1996-02-16 00:00:00-05:00,3.6473478000808948,3.714271783828735,3.6473478000808948,3.7142717838287354,1390,0.0,0.0
1996-02-20 00:00:00-05:00,3.7477315111078515,3.7477315111078515,3.613884210586548,3.613884210586548,6023,0.0,0.0
1996-02-21 00:00:00-05:00,3.613885758305777,3.747733116149903,3.613885758305777,3.7477331161499023,3011,0.0,0.0
1996-02-22 00:00:00-05:00,3.7477318478093284,3.814655799770495,3.6808078958481625,3.781193971633911,19458,0.0,0.0
1996-02-23 00:00:00-05:00,3.8146547599911753,3.8815781023347165,3.7811929409754454,3.848116874694824,24554,0.0,0.0
1996-02-26 00:00:00-05:00,3.781193971633911,3.814655799770495,3.781193971633911,3.781193971633911,4170,0.0,0.0
1996-02-27 00:00:00-05:00,3.7811952512990334,3.797926171029549,3.747733116149903,3.7477331161499023,22933,0.0,0.0
1996-02-28 00:00:00-05:00,3.7477336278585853,3.8146576116064255,3.714271783828735,3.7142717838287354,2316,0.0,0.0
1996-02-29 00:00:00-05:00,3.7142711619159137,3.8146569728851323,3.7142711619159137,3.814656972885132,6949,0.0,0.0
1996-03-01 00:00:00-05:00,3.714270019672745,3.781193971633911,3.714270019672745,3.781193971633911,33589,0.0,0.0
1996-03-04 00:00:00-05:00,3.7811946376259593,3.7811946376259593,3.6808085441589355,3.6808085441589355,8571,0.0,0.0
1996-03-05 00:00:00-05:00,3.7477318478093284,3.781193971633911,3.714270019672745,3.781193971633911,18068,0.0,0.0
1996-03-06 00:00:00-05:00,3.8146569728851323,3.8146569728851323,3.6808090278007803,3.814656972885132,5791,0.0,0.0
1996-03-07 00:00:00-05:00,3.8146570907600648,3.8146570907600648,3.6808091415397404,3.7477331161499023,5791,0.0,0.0
1996-03-08 00:00:00-05:00,3.6808096441107447,3.8146576116064255,3.6473478000808948,3.7142717838287354,17373,0.0,0.0
1996-03-11 00:00:00-05:00,3.546962267991344,3.714271783828735,3.546962267991344,3.7142717838287354,29187,0.0,0.0
1996-03-12 00:00:00-05:00,3.54696061151431,3.613884564007789,3.513498783111572,3.5134987831115723,5559,0.0,0.0
1996-03-13 00:00:00-05:00,3.6473478000808948,3.714271783828735,3.5135004239614935,3.7142717838287354,3475,0.0,0.0
1996-03-14 00:00:00-05:00,3.513498783111572,3.714270049216004,3.513498783111572,3.5134987831115723,6023,0.0,0.0
1996-03-15 00:00:00-05:00,3.714271783828735,3.714271783828735,3.5135004239614935,3.7142717838287354,1390,0.0,0.0
1996-03-18 00:00:00-05:00,3.5135004239614935,3.714271783828735,3.5135004239614935,3.7142717838287354,5328,0.0,0.0
1996-03-19 00:00:00-05:00,3.6473458317671987,3.6473458317671987,3.5469603538513184,3.5469603538513184,4401,0.0,0.0
1996-03-20 00:00:00-05:00,3.6808096441107447,3.714271783828735,3.546962267991344,3.7142717838287354,4633,0.0,0.0
1996-03-21 00:00:00-05:00,3.5469603538513184,3.5469603538513184,3.5469603538513184,3.5469603538513184,463,0.0,0.0
1996-03-22 00:00:00-05:00,3.6473458317671987,3.7142697793990993,3.5469603538513184,3.5469603538513184,5559,0.0,0.0
1996-03-25 00:00:00-05:00,3.5469603538513184,3.7142697793990993,3.5469603538513184,3.5469603538513184,5096,0.0,0.0
1996-03-26 00:00:00-05:00,3.6808083168885757,3.6808083168885757,3.480037029415244,3.58042311668396,61386,0.0,0.0
1996-03-27 00:00:00-05:00,3.580423059622091,3.6808082582268495,3.480036973953247,3.480036973953247,7413,0.0,0.0
1996-03-28 00:00:00-05:00,3.480036406219418,3.680807657739159,3.480036406219418,3.5469603538513184,6023,0.0,0.0
1996-03-29 00:00:00-05:00,3.6808090504709026,3.6808090504709026,3.480037722984004,3.6473472118377686,12277,0.0,0.0
1996-04-01 00:00:00-05:00,3.480036406219418,3.5469603538513184,3.480036406219418,3.5469603538513184,8571,0.0,0.0
1996-04-02 00:00:00-05:00,3.480036973953247,3.6808082582268495,3.480036973953247,3.480036973953247,3243,0.0,0.0
1996-04-03 00:00:00-05:00,3.480036973953247,3.61388489105302,3.480036973953247,3.480036973953247,5328,0.0,0.0
1996-04-04 00:00:00-05:00,3.480036973953247,3.480036973953247,3.480036973953247,3.480036973953247,1158,0.0,0.0
1996-04-08 00:00:00-04:00,3.61388489105302,3.61388489105302,3.480036973953247,3.480036973953247,32199,0.0,0.0
1996-04-09 00:00:00-04:00,3.480036973953247,3.480036973953247,3.480036973953247,3.480036973953247,11582,0.0,0.0
1996-04-10 00:00:00-04:00,3.613884210586548,3.613884210586548,3.4800363186892986,3.613884210586548,8571,0.0,0.0
1996-04-11 00:00:00-04:00,3.61388489105302,3.61388489105302,3.480036973953247,3.480036973953247,4170,0.0,0.0
1996-04-12 00:00:00-04:00,3.613884210586548,3.613884210586548,3.4800363186892986,3.613884210586548,3011,0.0,0.0
1996-04-15 00:00:00-04:00,3.4800363186892986,3.613884210586548,3.4800363186892986,3.613884210586548,23859,0.0,0.0
1996-04-16 00:00:00-04:00,3.5804231166839595,3.613884948648176,3.480037029415244,3.58042311668396,18300,0.0,0.0
1996-04-17 00:00:00-04:00,3.480036406219418,3.613884301483219,3.480036406219418,3.5469603538513184,34283,0.0,0.0
1996-04-18 00:00:00-04:00,3.480036973953247,3.480036973953247,3.480036973953247,3.480036973953247,927,0.0,0.0
1996-04-19 00:00:00-04:00,3.613884564007789,3.613884564007789,3.513498783111572,3.5134987831115723,695,0.0,0.0
1996-04-22 00:00:00-04:00,3.513498439507597,3.613884210586548,3.513498439507597,3.613884210586548,6023,0.0,0.0
1996-04-23 00:00:00-04:00,3.613884564007789,3.613884564007789,3.513498783111572,3.5134987831115723,5096,0.0,0.0
1996-04-24 00:00:00-04:00,3.6138868728065843,3.6473484268988567,3.5135010277770045,3.5302319526672363,29187,0.0,0.0
1996-04-25 00:00:00-04:00,3.6808090278007803,3.8146569728851323,3.6808090278007803,3.814656972885132,116054,0.0,0.0
1996-04-26 00:00:00-04:00,3.8146569728851323,3.8146569728851323,3.7477330003429565,3.814656972885132,13204,0.0,0.0
1996-04-29 00:00:00-04:00,3.7477327689214897,3.881580114364624,3.6808088005118504,3.881580114364624,38685,0.0,0.0
1996-04-30 00:00:00-04:00,3.8815788277706127,4.416969214834127,3.8146554729196347,4.216197967529297,237205,0.0,0.0
1996-05-01 00:00:00-04:00,4.249660088486747,4.283121913756223,4.149274021302371,4.216197967529297,27566,0.0,0.0
1996-05-02 00:00:00-04:00,4.216197967529297,4.216197967529297,4.082350666451392,4.216197967529297,18068,0.0,0.0
1996-05-03 00:00:00-04:00,4.216198785256561,4.216198785256561,4.08235145821911,4.149274826049805,14130,0.0,0.0
1996-05-06 00:00:00-04:00,4.216198603634725,4.216198603634725,4.005388717806191,4.128361225128174,7060,0.0,1.05
1996-05-07 00:00:00-04:00,4.216198340429629,4.216198340429629,4.005388467761348,4.145928382873535,32872,0.0,0.0
1996-05-08 00:00:00-04:00,4.216197967529297,4.216197967529297,4.075658064847118,4.216197967529297,9045,0.0,0.0
1996-05-09 00:00:00-04:00,4.0756584253174415,4.216198340429629,4.0756584253174415,4.145928382873535,13016,0.0,0.0
1996-05-10 00:00:00-04:00,4.216198217092546,4.35673842378149,4.145928261592069,4.321603298187256,46770,0.0,0.0
1996-05-13 00:00:00-04:00,4.356741905212402,4.356741905212402,4.21620158621903,4.356741905212402,16325,0.0,0.0
1996-05-14 00:00:00-04:00,4.356739001948475,4.427008966774223,4.356739001948475,4.391873836517334,5074,0.0,0.0
1996-05-15 00:00:00-04:00,4.427011916864975,4.637821656134465,4.21620158621903,4.356741905212402,60669,0.0,0.0
1996-05-16 00:00:00-04:00,4.28647189355983,4.356741905212402,4.28647189355983,4.356741905212402,19414,0.0,0.0
1996-05-17 00:00:00-04:00,4.427008152008057,4.427008152008057,4.427008152008057,4.427008152008057,1103,0.0,0.0
1996-05-20 00:00:00-04:00,4.216198000641215,4.532413227691476,4.216198000641215,4.427008152008057,49859,0.0,0.0
1996-05-21 00:00:00-04:00,4.497281928517547,4.567552235858348,4.356741905212402,4.356741905212402,15002,0.0,0.0
1996-05-22 00:00:00-04:00,4.497278690338135,4.497278690338135,4.35673876822607,4.497278690338135,15664,0.0,0.0
1996-05-23 00:00:00-04:00,4.497279437093229,4.567549705505371,4.3918743301630805,4.567549705505371,23385,0.0,0.0
1996-05-24 00:00:00-04:00,4.497278103901011,4.497278103901011,4.356738200115101,4.427008152008057,28239,0.0,0.0
1996-05-28 00:00:00-04:00,4.427011916864975,4.497281928517547,4.356741905212402,4.356741905212402,19855,0.0,0.0
1996-05-29 00:00:00-04:00,4.497281928517547,4.497281928517547,4.356741905212402,4.356741905212402,2206,0.0,0.0
1996-05-30 00:00:00-04:00,4.35673876822607,4.497278690338135,4.35673876822607,4.497278690338135,3971,0.0,0.0
1996-05-31 00:00:00-04:00,4.497278731012027,4.497278731012027,4.356738807628902,4.462143898010254,28239,0.0,0.0
1996-06-03 00:00:00-04:00,4.497278103901011,4.497278103901011,4.356738200115101,4.427008152008057,8163,0.0,0.0
1996-06-04 00:00:00-04:00,4.497279437093229,4.567549705505371,4.356739491645074,4.567549705505371,16767,0.0,0.0
1996-06-05 00:00:00-04:00,4.56754908896662,4.56754908896662,4.427008866800858,4.532413959503174,11031,0.0,0.0
1996-06-06 00:00:00-04:00,4.567549705505371,4.567549705505371,4.427009464369151,4.567549705505371,4192,0.0,0.0
1996-06-07 00:00:00-04:00,4.427011916864975,4.462147070535376,4.356741905212402,4.356741905212402,27577,0.0,0.0
1996-06-10 00:00:00-04:00,4.356738200115101,4.532413227691476,4.356738200115101,4.427008152008057,10589,0.0,0.0
1996-06-11 00:00:00-04:00,4.532415516897879,4.532415516897879,4.286470413208008,4.286470413208008,20297,0.0,0.0
1996-06-12 00:00:00-04:00,4.286470413208008,4.497280375361557,4.286470413208008,4.286470413208008,16546,0.0,0.0
1996-06-13 00:00:00-04:00,4.286470413208008,4.356740400592524,4.286470413208008,4.286470413208008,17870,0.0,0.0
1996-06-14 00:00:00-04:00,4.427010387977041,4.427010387977041,4.286470413208008,4.286470413208008,17429,0.0,0.0
1996-06-17 00:00:00-04:00,4.427010387977041,4.427010387977041,4.286470413208008,4.286470413208008,16325,0.0,0.0
1996-06-18 00:00:00-04:00,4.356741905212402,4.356741905212402,4.28647189355983,4.356741905212402,3530,0.0,0.0
1996-06-19 00:00:00-04:00,4.35673782650155,4.35673782650155,4.216197639079736,4.251332759857178,17208,0.0,0.0
1996-06-20 00:00:00-04:00,4.35673816589945,4.35673816589945,4.145928016188207,4.216197967529297,39269,0.0,0.0
1996-06-21 00:00:00-04:00,4.282077966100732,4.286470413208008,4.282077966100732,4.286470413208008,6839,0.0,0.0
1996-06-24 00:00:00-04:00,4.145928016188207,4.286468214558361,4.145928016188207,4.216197967529297,12796,0.0,0.0
1996-06-25 00:00:00-04:00,4.216197967529297,4.216197967529297,4.216197967529297,4.216197967529297,0,0.0,0.0
1996-06-26 00:00:00-04:00,4.216200130135365,4.286470413208008,4.216200130135365,4.286470413208008,5515,0.0,0.0
1996-06-27 00:00:00-04:00,4.356738551229817,4.356738551229817,4.145928382873535,4.145928382873535,3309,0.0,0.0
1996-06-28 00:00:00-04:00,4.21620158621903,4.356741905212402,4.1459315745664576,4.356741905212402,11913,0.0,0.0
1996-07-01 00:00:00-04:00,4.25133673988943,4.356741905212402,4.25133673988943,4.356741905212402,1765,0.0,0.0
1996-07-02 00:00:00-04:00,4.356741905212402,4.356741905212402,4.1459315745664576,4.356741905212402,4412,0.0,0.0
1996-07-03 00:00:00-04:00,4.145927693212805,4.35673782650155,4.145927693212805,4.251332759857178,10369,0.0,0.0
1996-07-05 00:00:00-04:00,4.251332759857178,4.251332759857178,4.251332759857178,4.251332759857178,0,0.0,0.0
1996-07-08 00:00:00-04:00,4.356741905212402,4.356741905212402,4.1459315745664576,4.356741905212402,10369,0.0,0.0
1996-07-09 00:00:00-04:00,4.356741905212402,4.356741905212402,4.1459315745664576,4.356741905212402,2206,0.0,0.0
1996-07-10 00:00:00-04:00,4.356738551229817,4.356738551229817,4.145928382873535,4.145928382873535,9266,0.0,0.0
1996-07-11 00:00:00-04:00,4.356738551229817,4.356738551229817,4.145928382873535,4.145928382873535,5957,0.0,0.0
1996-07-12 00:00:00-04:00,4.145928382873535,4.286468593673723,4.145928382873535,4.145928382873535,13899,0.0,0.0
1996-07-15 00:00:00-04:00,4.356738551229817,4.356738551229817,4.0756584253174415,4.145928382873535,17870,0.0,0.0
1996-07-16 00:00:00-04:00,4.075659669405045,4.14592964841092,4.00538969039917,4.00538969039917,18311,0.0,0.0
1996-07-17 00:00:00-04:00,4.0053915512613125,4.356741905212402,4.0053915512613125,4.356741905212402,66626,0.0,0.0
1996-07-18 00:00:00-04:00,4.145928048748261,4.427008152008057,4.145928048748261,4.427008152008057,46991,0.0,0.0
1996-07-19 00:00:00-04:00,4.286468807170038,4.497278690338135,4.286468807170038,4.497278690338135,10589,0.0,0.0
1996-07-22 00:00:00-04:00,4.286468807170038,4.497278690338135,4.286468807170038,4.497278690338135,13237,0.0,0.0
1996-07-23 00:00:00-04:00,4.497278690338135,4.497278690338135,4.286468807170038,4.497278690338135,1324,0.0,0.0
1996-07-24 00:00:00-04:00,4.286468214558361,4.42700811724054,4.216197967529297,4.216197967529297,20738,0.0,0.0
1996-07-25 00:00:00-04:00,4.23376567713055,4.23376567713055,4.216197967529297,4.216197967529297,3530,0.0,0.0
1996-07-26 00:00:00-04:00,4.42700811724054,4.42700811724054,4.216197967529297,4.216197967529297,6398,0.0,0.0
1996-07-29 00:00:00-04:00,4.427008152008057,4.427008152008057,4.427008152008057,4.427008152008057,1765,0.0,0.0
1996-07-30 00:00:00-04:00,4.21620158621903,4.427011916864975,4.21620158621903,4.356741905212402,36843,0.0,0.0
1996-07-31 00:00:00-04:00,4.286468248222147,4.427008152008057,4.286468248222147,4.427008152008057,7280,0.0,0.0
1996-08-01 00:00:00-04:00,4.427010387977041,4.427010387977041,4.286470413208008,4.286470413208008,9045,0.0,0.0
1996-08-02 00:00:00-04:00,4.497280375361557,4.497280375361557,4.286470413208008,4.286470413208008,2206,0.0,0.0
1996-08-05 00:00:00-04:00,4.286470413208008,4.286470413208008,4.286470413208008,4.286470413208008,0,0.0,0.0
1996-08-06 00:00:00-04:00,4.286470413208008,4.286470413208008,4.286470413208008,4.286470413208008,1103,0.0,0.0
1996-08-07 00:00:00-04:00,4.497281928517547,4.497281928517547,4.356741905212402,4.356741905212402,4192,0.0,0.0
1996-08-08 00:00:00-04:00,4.497278731012027,4.497278731012027,4.462143898010254,4.462143898010254,1103,0.0,0.0
1996-08-09 00:00:00-04:00,4.35673876822607,4.497278690338135,4.286468807170038,4.497278690338135,4854,0.0,0.0
1996-08-12 00:00:00-04:00,4.497278690338135,4.497278690338135,4.462143857654126,4.497278690338135,8163,0.0,0.0
1996-08-13 00:00:00-04:00,4.497278690338135,4.497278690338135,4.286468807170038,4.497278690338135,8163,0.0,0.0
1996-08-14 00:00:00-04:00,4.497278103901011,4.497278103901011,4.286468248222147,4.427008152008057,10810,0.0,0.0
1996-08-15 00:00:00-04:00,4.497278334782442,4.497278334782442,4.286468468281013,4.321603298187256,7280,0.0,0.0
1996-08-16 00:00:00-04:00,4.497280375361557,4.497280375361557,4.286470413208008,4.286470413208008,26915,0.0,0.0
1996-08-19 00:00:00-04:00,4.497278690338135,4.497278690338135,4.286468807170038,4.497278690338135,36843,0.0,0.0
1996-08-20 00:00:00-04:00,4.497278690338135,4.497278690338135,4.286468807170038,4.497278690338135,23606,0.0,0.0
1996-08-21 00:00:00-04:00,4.497278690338135,4.497278690338135,4.286468807170038,4.497278690338135,7722,0.0,0.0
1996-08-22 00:00:00-04:00,4.497278103901011,4.497278103901011,4.286468248222147,4.427008152008057,18532,0.0,0.0
1996-08-23 00:00:00-04:00,4.427008152008057,4.427008152008057,4.427008152008057,4.427008152008057,0,0.0,0.0
1996-08-26 00:00:00-04:00,4.286470413208008,4.286470413208008,4.286470413208008,4.286470413208008,662,0.0,0.0
1996-08-27 00:00:00-04:00,4.427008966774223,4.427008966774223,4.391873836517334,4.391873836517334,4412,0.0,0.0
1996-08-28 00:00:00-04:00,4.497280375361557,4.497280375361557,4.286470413208008,4.286470413208008,1986,0.0,0.0
1996-08-29 00:00:00-04:00,4.497278690338135,4.497278690338135,4.286468807170038,4.497278690338135,7501,0.0,0.0
1996-08-30 00:00:00-04:00,4.497281928517547,4.497281928517547,4.28647189355983,4.356741905212402,3971,0.0,0.0
1996-09-03 00:00:00-04:00,4.321605259056203,4.497280375361557,4.286470413208008,4.286470413208008,6398,0.0,0.0
1996-09-04 00:00:00-04:00,4.286470413208008,4.497280375361557,4.286470413208008,4.286470413208008,1986,0.0,0.0
1996-09-05 00:00:00-04:00,4.321606751542003,4.497281928517547,4.28647189355983,4.356741905212402,22723,0.0,0.0
1996-09-06 00:00:00-04:00,4.286468807170038,4.497278690338135,4.286468807170038,4.497278690338135,41917,0.0,0.0
1996-09-09 00:00:00-04:00,4.497280375361557,4.497280375361557,4.286470413208008,4.286470413208008,7280,0.0,0.0
1996-09-10 00:00:00-04:00,4.286470413208008,4.321605259056203,4.286470413208008,4.286470413208008,5515,0.0,0.0
1996-09-11 00:00:00-04:00,4.497280375361557,4.497280375361557,4.286470413208008,4.286470413208008,5736,0.0,0.0
1996-09-12 00:00:00-04:00,4.497278334782442,4.497278334782442,4.286468468281013,4.321603298187256,5074,0.0,0.0
1996-09-13 00:00:00-04:00,4.286468248222147,4.427008152008057,4.286468248222147,4.427008152008057,5957,0.0,0.0
1996-09-16 00:00:00-04:00,4.427008152008057,4.427008152008057,4.427008152008057,4.427008152008057,2427,0.0,0.0
1996-09-17 00:00:00-04:00,4.286468248222147,4.427008152008057,4.286468248222147,4.427008152008057,5295,0.0,0.0
1996-09-18 00:00:00-04:00,4.286470413208008,4.356740400592524,4.286470413208008,4.286470413208008,9707,0.0,0.0
1996-09-19 00:00:00-04:00,4.427008152008057,4.427008152008057,4.216198000641215,4.427008152008057,19193,0.0,0.0
1996-09-20 00:00:00-04:00,4.216198000641215,4.427008152008057,4.216198000641215,4.427008152008057,5736,0.0,0.0
1996-09-23 00:00:00-04:00,4.216197967529297,4.216197967529297,4.216197967529297,4.216197967529297,5515,0.0,0.0
1996-09-24 00:00:00-04:00,4.216197967529297,4.42700811724054,4.216197967529297,4.216197967529297,6618,0.0,0.0
1996-09-25 00:00:00-04:00,4.427008152008057,4.427008152008057,4.216198000641215,4.427008152008057,3089,0.0,0.0
1996-09-26 00:00:00-04:00,4.216197967529297,4.321603042384918,4.216197967529297,4.216197967529297,1765,0.0,0.0
1996-09-27 00:00:00-04:00,4.216200130135365,4.427010387977041,4.216200130135365,4.286470413208008,10589,0.0,0.0
1996-09-30 00:00:00-04:00,4.286468214558361,4.35673816589945,4.216197967529297,4.216197967529297,32651,0.0,0.0
1996-10-01 00:00:00-04:00,4.216197967529297,4.216197967529297,4.216197967529297,4.216197967529297,4412,0.0,0.0
1996-10-02 00:00:00-04:00,4.356738200115101,4.427008152008057,4.216198000641215,4.427008152008057,17208,0.0,0.0
1996-10-03 00:00:00-04:00,4.356738807628902,4.462143898010254,4.356738807628902,4.462143898010254,24268,0.0,0.0
1996-10-04 00:00:00-04:00,4.497281928517547,4.497281928517547,4.356741905212402,4.356741905212402,8604,0.0,0.0
1996-10-07 00:00:00-04:00,4.497278690338135,4.497278690338135,4.427008729282102,4.497278690338135,7942,0.0,0.0
1996-10-08 00:00:00-04:00,4.427008152008057,4.497278103901011,4.427008152008057,4.427008152008057,5957,0.0,0.0
1996-10-09 00:00:00-04:00,4.427008729282102,4.497278690338135,4.427008729282102,4.497278690338135,7060,0.0,0.0
1996-10-10 00:00:00-04:00,4.356741905212402,4.497281928517547,4.356741905212402,4.356741905212402,13237,0.0,0.0
1996-10-11 00:00:00-04:00,4.356738200115101,4.497278103901011,4.356738200115101,4.427008152008057,14561,0.0,0.0
1996-10-14 00:00:00-04:00,4.497278690338135,4.497278690338135,4.35673876822607,4.497278690338135,882,0.0,0.0
1996-10-15 00:00:00-04:00,4.497278690338135,4.637818316762185,4.35673876822607,4.497278690338135,49418,0.0,0.0
1996-10-16 00:00:00-04:00,4.602682588208479,4.602682588208479,4.427008152008057,4.427008152008057,25591,0.0,0.0
1996-10-17 00:00:00-04:00,4.427008729282102,4.567548947082182,4.427008729282102,4.497278690338135,13237,0.0,0.0
1996-10-18 00:00:00-04:00,4.567548351481943,4.567548351481943,4.356738200115101,4.427008152008057,26474,0.0,0.0
1996-10-21 00:00:00-04:00,4.427011916864975,4.427011916864975,4.25133673988943,4.356741905212402,9707,0.0,0.0
1996-10-22 00:00:00-04:00,4.18106528428717,4.356740400592524,4.18106528428717,4.286470413208008,9045,0.0,0.0
1996-10-23 00:00:00-04:00,4.181066036224365,4.216200888391333,4.181066036224365,4.181066036224365,5736,0.0,0.0
1996-10-24 00:00:00-04:00,4.356741905212402,4.356741905212402,4.181066728236858,4.356741905212402,2868,0.0,0.0
1996-10-25 00:00:00-04:00,4.35673816589945,4.35673816589945,4.216197967529297,4.216197967529297,10148,0.0,0.0
1996-10-28 00:00:00-05:00,4.321603042384918,4.35673816589945,4.145928016188207,4.216197967529297,21400,0.0,0.0
1996-10-29 00:00:00-05:00,4.356741905212402,4.356741905212402,4.181066728236858,4.356741905212402,3971,0.0,0.0
1996-10-30 00:00:00-05:00,4.356740400592524,4.356740400592524,4.286470413208008,4.286470413208008,2868,0.0,0.0
1996-10-31 00:00:00-05:00,4.356740400592524,4.356740400592524,4.216200130135365,4.286470413208008,2647,0.0,0.0
1996-11-01 00:00:00-05:00,4.356741905212402,4.356741905212402,4.21620158621903,4.356741905212402,5295,0.0,0.0
1996-11-04 00:00:00-05:00,4.286470413208008,4.321605259056203,4.216200130135365,4.286470413208008,6618,0.0,0.0
1996-11-05 00:00:00-05:00,4.356740400592524,4.356740400592524,4.216200130135365,4.286470413208008,37284,0.0,0.0
1996-11-06 00:00:00-05:00,4.21620158621903,4.356741905212402,4.21620158621903,4.356741905212402,56698,0.0,0.0
1996-11-07 00:00:00-05:00,4.35673876822607,4.497278690338135,4.251333678798014,4.497278690338135,33975,0.0,0.0
1996-11-08 00:00:00-05:00,4.286468384687212,4.778357767909831,4.286468384687212,4.637817859649658,75009,0.0,0.0
1996-11-11 00:00:00-05:00,4.848628495618297,4.848628495618297,4.427008729282102,4.497278690338135,17649,0.0,0.0
1996-11-12 00:00:00-05:00,4.427011916864975,4.497281928517547,4.356741905212402,4.356741905212402,579554,0.0,0.0
1996-11-13 00:00:00-05:00,4.391876763194575,4.567552235858348,4.356741905212402,4.356741905212402,145826,0.0,0.0
1996-11-14 00:00:00-05:00,4.356739001948475,4.567549192113749,4.356739001948475,4.391873836517334,50300,0.0,0.0
1996-11-15 00:00:00-05:00,4.391873836517334,4.567549192113749,4.356739001948475,4.391873836517334,151562,0.0,0.0
1996-11-18 00:00:00-05:00,4.532413227691476,4.567548351481943,4.356738200115101,4.427008152008057,244441,0.0,0.0
1996-11-19 00:00:00-05:00,4.356741905212402,4.427011916864975,4.356741905212402,4.356741905212402,79862,0.0,0.0
1996-11-20 00:00:00-05:00,4.356741905212402,4.427011916864975,4.356741905212402,4.356741905212402,31107,0.0,0.0
1996-11-21 00:00:00-05:00,4.356741905212402,4.427011916864975,4.356741905212402,4.356741905212402,154871,0.0,0.0
1996-11-22 00:00:00-05:00,4.356739001948475,4.427008966774223,4.356739001948475,4.391873836517334,52286,0.0,0.0
1996-11-25 00:00:00-05:00,4.427008152008057,4.497278103901011,4.356738200115101,4.427008152008057,65302,0.0,0.0
1996-11-26 00:00:00-05:00,4.497278690338135,4.497278690338135,4.35673876822607,4.497278690338135,30224,0.0,0.0
1996-11-27 00:00:00-05:00,4.35673876822607,4.497278690338135,4.35673876822607,4.497278690338135,17429,0.0,0.0
1996-11-29 00:00:00-05:00,4.497278103901011,4.497278103901011,4.356738200115101,4.427008152008057,17208,0.0,0.0
1996-12-02 00:00:00-05:00,4.356738200115101,4.427008152008057,4.356738200115101,4.427008152008057,26253,0.0,0.0
1996-12-03 00:00:00-05:00,4.462144097031112,4.462144097031112,4.356739001948475,4.391873836517334,95085,0.0,0.0
1996-12-04 00:00:00-05:00,4.286467880634619,4.427007772368482,4.233765347312432,4.251332759857178,72582,0.0,0.0
1996-12-05 00:00:00-05:00,4.216197967529297,4.35673816589945,4.216197967529297,4.216197967529297,115823,0.0,0.0
1996-12-06 00:00:00-05:00,4.145930888369219,4.251336036246478,4.110795740514073,4.181066036224365,33533,0.0,0.0
1996-12-09 00:00:00-05:00,4.110795001214528,4.286470413208008,4.110795001214528,4.286470413208008,36181,0.0,0.0
1996-12-10 00:00:00-05:00,4.216197967529297,4.35673816589945,4.216197967529297,4.216197967529297,89349,0.0,0.0
1996-12-11 00:00:00-05:00,4.21620158621903,4.356741905212402,4.21620158621903,4.356741905212402,11913,0.0,0.0
1996-12-12 00:00:00-05:00,4.216200888391333,4.356741184123738,4.145930888369219,4.181066036224365,36181,0.0,0.0
1996-12-13 00:00:00-05:00,4.216198340429629,4.216198340429629,4.145928382873535,4.145928382873535,7280,0.0,0.0
1996-12-16 00:00:00-05:00,4.0756584253174415,4.216198340429629,4.0756584253174415,4.145928382873535,27136,0.0,0.0
1996-12-17 00:00:00-05:00,4.075658064847118,4.216197967529297,4.075658064847118,4.216197967529297,21400,0.0,0.0
1996-12-18 00:00:00-05:00,4.075660888347106,4.286471184101624,4.075660888347106,4.181066036224365,39269,0.0,0.0
1996-12-19 00:00:00-05:00,4.145930142750849,4.286470413208008,4.145930142750849,4.286470413208008,12796,0.0,0.0
1996-12-20 00:00:00-05:00,4.145930142750849,4.286470413208008,4.145930142750849,4.286470413208008,9045,0.0,0.0
1996-12-23 00:00:00-05:00,4.286468468281013,4.321603298187256,4.145928261592069,4.321603298187256,18973,0.0,0.0
1996-12-24 00:00:00-05:00,4.35673876822607,4.497278690338135,4.35673876822607,4.497278690338135,28900,0.0,0.0
1996-12-26 00:00:00-05:00,4.35673876822607,4.497278690338135,4.35673876822607,4.497278690338135,62654,0.0,0.0
1996-12-27 00:00:00-05:00,4.567549705505371,4.567549705505371,4.356739491645074,4.567549705505371,15002,0.0,0.0
1996-12-30 00:00:00-05:00,4.567548351481943,4.567548351481943,4.427008152008057,4.427008152008057,11913,0.0,0.0
1996-12-31 00:00:00-05:00,4.567549705505371,4.567549705505371,4.567549705505371,4.567549705505371,4192,0.0,0.0
1997-01-02 00:00:00-05:00,4.567548947082182,4.567548947082182,4.35673876822607,4.497278690338135,16325,0.0,0.0
1997-01-03 00:00:00-05:00,4.356741905212402,4.497281928517547,4.356741905212402,4.356741905212402,10589,0.0,0.0
1997-01-06 00:00:00-05:00,4.497279437093229,4.567549705505371,4.427009464369151,4.567549705505371,32872,0.0,0.0
1997-01-07 00:00:00-05:00,4.637819456497481,4.778359413146973,4.497279795536077,4.778359413146973,151562,0.0,0.0
1997-01-08 00:00:00-05:00,4.77835934825395,4.77835934825395,4.637819393513077,4.650995254516602,73465,0.0,0.0
1997-01-09 00:00:00-05:00,4.637819636201065,4.743224755616405,4.602684497833252,4.602684497833252,35078,0.0,0.0
1997-01-10 00:00:00-05:00,4.743224755616405,4.7783595982961184,4.602684497833252,4.602684497833252,8604,0.0,0.0
1997-01-13 00:00:00-05:00,4.778357392920965,4.778357392920965,4.60268237353812,4.70808744430542,38166,0.0,0.0
1997-01-14 00:00:00-05:00,4.778359413146973,4.778359413146973,4.708089434822226,4.778359413146973,10589,0.0,0.0
1997-01-15 00:00:00-05:00,4.708087813779745,4.778357767909831,4.637817859649658,4.637817859649658,54271,0.0,0.0
1997-01-16 00:00:00-05:00,4.602684497833252,4.7783595982961184,4.602684497833252,4.602684497833252,10369,0.0,0.0
1997-01-17 00:00:00-05:00,4.602682734740622,4.637817859649658,4.567548496895544,4.637817859649658,18090,0.0,0.0
1997-01-20 00:00:00-05:00,4.778360912476873,4.989171504974365,4.743226060134107,4.989171504974365,139649,0.0,0.0
1997-01-21 00:00:00-05:00,4.989168565324973,5.059438228607178,4.848628351696546,5.059438228607178,110087,0.0,0.0
1997-01-22 00:00:00-05:00,5.059438228607178,5.129708483265394,4.918898310666757,5.059438228607178,91114,0.0,0.0
1997-01-23 00:00:00-05:00,5.05943868782013,5.05943868782013,4.9716010093688965,4.9716010093688965,83172,0.0,0.0
1997-01-24 00:00:00-05:00,5.05944041396262,5.05944041396262,4.918900435317895,4.95403528213501,124427,0.0,0.0
1997-01-27 00:00:00-05:00,5.059438508164393,5.059438508164393,4.918898582458496,4.918898582458496,22944,0.0,0.0
1997-01-28 00:00:00-05:00,5.024305567145506,5.05944041396262,4.918900435317895,4.95403528213501,37504,0.0,0.0
1997-01-29 00:00:00-05:00,4.848629339965358,4.95403415206074,4.8134942054748535,4.8134942054748535,29562,0.0,0.0
1997-01-30 00:00:00-05:00,4.918900842895779,4.918900842895779,4.813495702334346,4.883765697479248,17208,0.0,0.0
1997-01-31 00:00:00-05:00,4.918899313258302,4.918899313258302,4.8134942054748535,4.8134942054748535,35960,0.0,0.0
1997-02-03 00:00:00-05:00,4.918899313258302,4.918899313258302,4.778359070984348,4.8134942054748535,53168,0.0,0.0
1997-02-04 00:00:00-05:00,4.848629687159805,4.883764528478134,4.778359413146973,4.778359413146973,43902,0.0,0.0
1997-02-05 00:00:00-05:00,4.883764178767796,4.883764178767796,4.8134942054748535,4.8134942054748535,82289,0.0,0.0
1997-02-06 00:00:00-05:00,4.813495702334346,4.883765697479248,4.778360556917816,4.883765697479248,15664,0.0,0.0
1997-02-07 00:00:00-05:00,4.88376198610141,4.88376198610141,4.778356925641753,4.831059455871582,73465,0.0,0.0
1997-02-10 00:00:00-05:00,4.883765697479248,4.883765697479248,4.813495702334346,4.883765697479248,59786,0.0,0.0
1997-02-11 00:00:00-05:00,4.883765697479248,4.883765697479248,4.813495702334346,4.883765697479248,30886,0.0,0.0
1997-02-12 00:00:00-05:00,4.918900435317895,4.95403528213501,4.848630445995534,4.95403528213501,41917,0.0,0.0
1997-02-13 00:00:00-05:00,4.883765292812647,5.05944041396262,4.883765292812647,4.95403528213501,195244,0.0,0.0
1997-02-14 00:00:00-05:00,5.059436827680309,5.059436827680309,4.954031770567001,5.024302005767822,64861,0.0,0.0
1997-02-18 00:00:00-05:00,4.954031770567001,5.024302005767822,4.954031770567001,5.024302005767822,4192,0.0,0.0
1997-02-19 00:00:00-05:00,4.9716010093688965,5.024303852990063,4.9716010093688965,4.9716010093688965,15664,0.0,0.0
1997-02-20 00:00:00-05:00,4.95403528213501,5.024305567145506,4.95403528213501,4.95403528213501,41696,0.0,0.0
1997-02-21 00:00:00-05:00,5.024302005767822,5.024302005767822,4.954031770567001,5.024302005767822,18973,0.0,0.0
1997-02-24 00:00:00-05:00,5.059441209659896,5.059441209659896,4.883766060881529,4.989171504974365,53609,0.0,0.0
1997-02-25 00:00:00-05:00,4.9891711337288385,4.9891711337288385,4.883765697479248,4.883765697479248,7942,0.0,0.0
1997-02-26 00:00:00-05:00,4.883765697479248,4.9891711337288385,4.883765697479248,4.883765697479248,38608,0.0,0.0
1997-02-27 00:00:00-05:00,4.989171504974365,4.989171504974365,4.989171504974365,4.989171504974365,4412,0.0,0.0
1997-02-28 00:00:00-05:00,4.9891711337288385,4.9891711337288385,4.883765697479248,4.883765697479248,24488,0.0,0.0
1997-03-03 00:00:00-05:00,4.989168579187964,4.989168579187964,4.883763196907758,4.936465740203857,19414,0.0,0.0
1997-03-04 00:00:00-05:00,4.989170720328392,4.989170720328392,4.95403528213501,4.95403528213501,6839,0.0,0.0
1997-03-05 00:00:00-05:00,4.883765292812647,4.95403528213501,4.883765292812647,4.95403528213501,10369,0.0,0.0
1997-03-06 00:00:00-05:00,4.989168840999468,4.989168840999468,4.918898582458496,4.918898582458496,16325,0.0,0.0
1997-03-07 00:00:00-05:00,4.918900435317895,4.989170720328392,4.918900435317895,4.95403528213501,22944,0.0,0.0
1997-03-10 00:00:00-05:00,5.024302005767822,5.059436827680309,4.918896948654514,5.024302005767822,15664,0.0,0.0
1997-03-11 00:00:00-05:00,5.059438228607178,5.059438228607178,4.918898310666757,5.059438228607178,35960,0.0,0.0
1997-03-12 00:00:00-05:00,4.989168840999468,4.989168840999468,4.883763453188011,4.918898582458496,20076,0.0,0.0
1997-03-13 00:00:00-05:00,4.989171504974365,4.989171504974365,4.989171504974365,4.989171504974365,1765,0.0,0.0
1997-03-14 00:00:00-05:00,4.989171504974365,4.989171504974365,4.918901208912475,4.989171504974365,4412,0.0,0.0
1997-03-17 00:00:00-05:00,4.883766060881529,4.989171504974365,4.883766060881529,4.989171504974365,13678,0.0,0.0
1997-03-18 00:00:00-05:00,4.989168840999468,4.989168840999468,4.918898582458496,4.918898582458496,45005,0.0,0.0
1997-03-19 00:00:00-05:00,4.918900842895779,4.9891711337288385,4.883765697479248,4.883765697479248,14340,0.0,0.0
1997-03-20 00:00:00-05:00,4.918898582458496,4.918898582458496,4.848628619605548,4.918898582458496,21179,0.0,0.0
1997-03-21 00:00:00-05:00,4.918900842895779,4.918900842895779,4.848630847750877,4.883765697479248,13457,0.0,0.0
1997-03-24 00:00:00-05:00,4.91889944988464,4.91889944988464,4.848629474639893,4.848629474639893,17649,0.0,0.0
1997-03-25 00:00:00-05:00,4.848630086573692,4.883764930786312,4.778359806772229,4.79592752456665,78318,0.0,0.0
1997-03-26 00:00:00-05:00,4.848629474639893,4.848629474639893,4.77835920370707,4.848629474639893,9928,0.0,0.0
1997-03-27 00:00:00-05:00,4.848627637224473,4.848627637224473,4.70808744430542,4.70808744430542,22723,0.0,0.0
1997-03-31 00:00:00-05:00,4.778359032301476,4.778359032301476,4.567549705505371,4.567549705505371,55595,0.0,0.0
1997-04-01 00:00:00-05:00,4.672953294604864,4.672953294604864,4.532413959503174,4.532413959503174,22944,0.0,0.0
1997-04-02 00:00:00-05:00,4.53241319209616,4.602682552061302,4.181063139702739,4.216197967529297,76553,0.0,0.0
1997-04-03 00:00:00-05:00,4.216198000641215,4.427008152008057,4.145928048748261,4.427008152008057,71258,0.0,0.0
1997-04-04 00:00:00-05:00,4.356738903561989,4.56754908896662,4.321603774098542,4.532413959503174,44343,0.0,0.0
1997-04-07 00:00:00-04:00,4.6378190868533204,4.6378190868533204,4.497279437093229,4.567549705505371,21841,0.0,0.0
1997-04-08 00:00:00-04:00,4.672953128814697,4.672953128814697,4.5675489269160545,4.672953128814697,41917,0.0,0.0
1997-04-09 00:00:00-04:00,4.567548496895544,4.6729526888707085,4.567548496895544,4.637817859649658,21179,0.0,0.0
1997-04-10 00:00:00-04:00,4.567550246529736,4.637819636201065,4.567550246529736,4.602684497833252,7722,0.0,0.0
1997-04-11 00:00:00-04:00,4.637817711998944,4.637817711998944,4.427008152008057,4.427008152008057,56477,0.0,0.0
1997-04-14 00:00:00-04:00,4.462143898010254,4.462143898010254,4.356738807628902,4.462143898010254,16105,0.0,0.0
1997-04-15 00:00:00-04:00,4.497278731012027,4.497278731012027,4.391873640630675,4.462143898010254,35960,0.0,0.0
1997-04-16 00:00:00-04:00,4.39187302821759,4.427008152008057,4.356738200115101,4.427008152008057,38608,0.0,0.0
1997-04-17 00:00:00-04:00,4.497278690338135,4.497278690338135,4.3918736009100785,4.497278690338135,35078,0.0,0.0
1997-04-18 00:00:00-04:00,4.462143275798522,4.497278103901011,4.39187302821759,4.427008152008057,20517,0.0,0.0
1997-04-21 00:00:00-04:00,4.497278217950873,4.497278217950873,4.356738310600906,4.374305725097656,40814,0.0,0.0
1997-04-22 00:00:00-04:00,4.462143898010254,4.497278731012027,4.356738807628902,4.462143898010254,3309,0.0,0.0
1997-04-23 00:00:00-04:00,4.391874850378771,4.602684497833252,4.374307429038914,4.602684497833252,135016,0.0,0.0
1997-04-24 00:00:00-04:00,4.567550246529736,4.602684497833252,4.49727996979411,4.602684497833252,71920,0.0,0.0
1997-04-25 00:00:00-04:00,4.462143857654126,4.602683188390161,4.462143857654126,4.497278690338135,67729,0.0,0.0
1997-04-28 00:00:00-04:00,4.60268395264725,4.60268395264725,4.462144598575223,4.567549705505371,17649,0.0,0.0
1997-04-29 00:00:00-04:00,4.567550246529736,4.672954478880778,4.567550246529736,4.602684497833252,60890,0.0,0.0
1997-04-30 00:00:00-04:00,4.708088138068119,5.059438228607178,4.637818179097908,5.059438228607178,97070,0.0,0.0
1997-05-01 00:00:00-04:00,5.059439267785566,5.059439267785566,4.848629347575846,4.901331901550293,70817,0.0,0.0
1997-05-02 00:00:00-04:00,4.778359413146973,4.918899665484552,4.778359413146973,4.778359413146973,49859,0.0,0.0
1997-05-05 00:00:00-04:00,4.918899665484552,4.989169939497384,4.778359413146973,4.778359413146973,36843,0.0,0.0
1997-05-06 00:00:00-04:00,4.7221423202963955,5.01727621531492,4.7221423202963955,4.943492889404297,3572,0.0,1.05
1997-05-07 00:00:00-04:00,5.01727621531492,5.01727621531492,4.906601078604977,4.943492889404297,3362,0.0,0.0
1997-05-08 00:00:00-04:00,5.017277628183365,5.017277628183365,4.722143650054932,4.722143650054932,7984,0.0,0.0
1997-05-09 00:00:00-04:00,4.943492960112883,5.017276287078857,4.795926010492917,5.017276287078857,9035,0.0,0.0
1997-05-12 00:00:00-04:00,5.017276287078857,5.017276287078857,4.795926010492917,5.017276287078857,11766,0.0,0.0
1997-05-13 00:00:00-04:00,5.017276885445118,5.23862777980566,4.980385069718362,5.054168701171875,62612,0.0,0.0
1997-05-14 00:00:00-04:00,5.1648427688240295,5.312409400939941,5.1648427688240295,5.312409400939941,43913,0.0,0.0
1997-05-15 00:00:00-04:00,5.386196546906319,5.386196546906319,5.164846157802641,5.2386298179626465,122914,0.0,0.0
1997-05-16 00:00:00-04:00,5.23862638056996,5.386193012685873,5.1648427688240295,5.312409400939941,8614,0.0,0.0
1997-05-19 00:00:00-04:00,5.312410704426083,5.312410704426083,5.091060406252353,5.164844036102295,17859,0.0,0.0
1997-05-20 00:00:00-04:00,5.201736212887157,5.275519847869873,5.017277125430367,5.275519847869873,29205,0.0,0.0
1997-05-21 00:00:00-04:00,5.275518910848602,5.459977374166317,5.127951667093606,5.386193752288818,32777,0.0,0.0
1997-05-22 00:00:00-04:00,5.4230844683396775,5.4230844683396775,5.312409057868125,5.349300861358643,12607,0.0,0.0
1997-05-23 00:00:00-04:00,5.423085814154797,5.53376066071596,5.312410376217576,5.459977626800537,27734,0.0,0.0
1997-05-27 00:00:00-04:00,5.533759287435319,5.533759287435319,5.349300861358643,5.349300861358643,71437,0.0,0.0
1997-05-28 00:00:00-04:00,5.459976271830195,5.459976271830195,5.349300861358643,5.349300861358643,10926,0.0,0.0
1997-05-29 00:00:00-04:00,5.533761978149414,5.533761978149414,5.349303462382373,5.533761978149414,16809,0.0,0.0
1997-05-30 00:00:00-04:00,5.533759644801785,5.533759644801785,5.312409400939941,5.312409400939941,4412,0.0,0.0
1997-06-02 00:00:00-04:00,5.533761736192774,5.607545375823975,5.459978687937746,5.607545375823975,8404,0.0,0.0
1997-06-03 00:00:00-04:00,5.386194001509057,5.607544286007441,5.386194001509057,5.459977626800537,89927,0.0,0.0
1997-06-04 00:00:00-04:00,5.60754562100671,5.60754562100671,5.459978926668318,5.533761978149414,11136,0.0,0.0
1997-06-05 00:00:00-04:00,5.386193914786286,5.681327819824219,5.386193914786286,5.681327819824219,26054,0.0,0.0
1997-06-06 00:00:00-04:00,5.533760571617228,5.792003255979462,5.533760571617228,5.681327819824219,43072,0.0,0.0
1997-06-09 00:00:00-04:00,5.792003631591797,5.792003631591797,5.533760930482484,5.792003631591797,2731,0.0,0.0
1997-06-10 00:00:00-04:00,5.533760930482484,5.792003631591797,5.533760930482484,5.792003631591797,21641,0.0,0.0
1997-06-11 00:00:00-04:00,5.792005648902961,5.828897476196289,5.533762857849664,5.828897476196289,22061,0.0,0.0
1997-06-12 00:00:00-04:00,5.865789303489618,5.865789303489618,5.644438339729648,5.828897476196289,283017,0.0,0.0
1997-06-13 00:00:00-04:00,5.644432836570183,5.865783584519548,5.644432836570183,5.718216419219971,84254,0.0,0.0
1997-06-16 00:00:00-04:00,5.86578893661499,5.86578893661499,5.86578893661499,5.86578893661499,2521,0.0,0.0
1997-06-17 00:00:00-04:00,5.865788107320976,5.902679927091216,5.644437188699532,5.755112648010254,13237,0.0,0.0
1997-06-18 00:00:00-04:00,5.644437313079834,5.902680057162132,5.644437313079834,5.644437313079834,7144,0.0,0.0
1997-06-19 00:00:00-04:00,5.902675375844441,5.902675375844441,5.681324627895077,5.718216419219971,9665,0.0,0.0
1997-06-20 00:00:00-04:00,5.9395729580762735,5.9395729580762735,5.718221994316305,5.828897476196289,14287,0.0,0.0
1997-06-23 00:00:00-04:00,5.828896864032943,5.939572334289551,5.755113217195205,5.939572334289551,5463,0.0,0.0
1997-06-24 00:00:00-04:00,5.939571260106287,5.939571260106287,5.755112176371732,5.902679443359375,10295,0.0,0.0
1997-06-25 00:00:00-04:00,5.939572334289551,5.939572334289551,5.939572334289551,5.939572334289551,5883,0.0,0.0
1997-06-26 00:00:00-04:00,5.902679086972039,6.087136976817291,5.828895457933068,6.01335334777832,77320,0.0,0.0
1997-06-27 00:00:00-04:00,5.902679325006252,6.08713722229004,5.902679325006252,6.087137222290039,17859,0.0,0.0
1997-06-30 00:00:00-04:00,5.828896864032943,6.087138445212566,5.828896864032943,5.939572334289551,19120,0.0,0.0
1997-07-01 00:00:00-04:00,6.08713829073756,6.124030113220215,6.0133546457722495,6.124030113220215,43072,0.0,0.0
1997-07-02 00:00:00-04:00,5.902680137128968,6.124029880874454,5.8288964949630095,6.050246238708496,51267,0.0,0.0
1997-07-03 00:00:00-04:00,5.939571958211946,6.050246238708496,5.902680137128968,6.050246238708496,7144,0.0,0.0
1997-07-07 00:00:00-04:00,6.050246238708496,6.050246238708496,5.902680137128968,6.050246238708496,7354,0.0,0.0
1997-07-08 00:00:00-04:00,6.013354417625518,6.050246238708496,5.976463779294925,6.050246238708496,27314,0.0,0.0
1997-07-09 00:00:00-04:00,6.124030340033923,6.419164930825967,6.050246692335912,6.197813987731934,29415,0.0,0.0
1997-07-10 00:00:00-04:00,6.345382369151433,6.345382369151433,6.160923218335894,6.234706878662109,27524,0.0,0.0
1997-07-11 00:00:00-04:00,6.345380646591679,6.566730976104736,6.160921545850649,6.566730976104736,41181,0.0,0.0
1997-07-14 00:00:00-04:00,6.3084864838594035,6.788078784942626,6.3084864838594035,6.788078784942627,40341,0.0,0.0
1997-07-15 00:00:00-04:00,6.788077743498854,7.156995160011237,6.566727530141772,7.120103359222412,60091,0.0,0.0
1997-07-16 00:00:00-04:00,7.120104280108315,7.230779696789107,6.935645843682939,7.009429454803467,51477,0.0,0.0
1997-07-17 00:00:00-04:00,6.935646757129569,7.230780649105805,6.861863136291504,6.861863136291504,28995,0.0,0.0
1997-07-18 00:00:00-04:00,7.009429454803467,7.009429454803467,6.861862232562411,7.009429454803467,9455,0.0,0.0
1997-07-21 00:00:00-04:00,7.083214174674599,7.452131727449589,7.083214174674599,7.193889617919922,27524,0.0,0.0
1997-07-22 00:00:00-04:00,7.452135508708209,7.452135508708209,6.9356510275815255,7.304568767547607,47275,0.0,0.0
1997-07-23 00:00:00-04:00,7.304564703556623,7.304564703556623,7.00943079406068,7.230781078338623,17649,0.0,0.0
1997-07-24 00:00:00-04:00,7.009429454803467,7.230779696789107,7.009429454803467,7.009429454803467,8404,0.0,0.0
1997-07-25 00:00:00-04:00,7.009429454803467,7.230779696789107,7.009429454803467,7.009429454803467,9035,0.0,0.0
1997-07-28 00:00:00-04:00,6.93564716884268,7.230781078338623,6.89875535623368,7.230781078338623,5253,0.0,0.0
1997-07-29 00:00:00-04:00,7.1570006226591705,7.23078428055289,6.89875841140747,6.898758411407471,10505,0.0,0.0
1997-07-30 00:00:00-04:00,7.064766276079946,7.230779696789107,6.861862232562411,7.009429454803467,8825,0.0,0.0
1997-07-31 00:00:00-04:00,6.86186354362468,7.230781078338623,6.86186354362468,7.230781078338623,13867,0.0,0.0
1997-08-01 00:00:00-04:00,7.23078143233503,7.3045650611652455,6.8618638795600395,7.193889617919922,31096,0.0,0.0
1997-08-04 00:00:00-04:00,7.083213109257646,7.304563962453946,6.935646465169444,7.156996726989746,7354,0.0,0.0
1997-08-05 00:00:00-04:00,7.304568767547608,7.304568767547608,6.9356510275815255,7.304568767547607,10505,0.0,0.0
1997-08-06 00:00:00-04:00,7.304568767547608,7.304568767547608,6.9356510275815255,7.304568767547607,91397,0.0,0.0
1997-08-07 00:00:00-04:00,7.193887891228844,7.3783469190301645,7.009429454803467,7.009429454803467,8404,0.0,0.0
1997-08-08 00:00:00-04:00,7.009430814723445,7.3783483505249015,7.009430814723445,7.378348350524902,15338,0.0,0.0
1997-08-11 00:00:00-04:00,7.378350292939732,7.452133346423206,7.083215713500976,7.083215713500977,7564,0.0,0.0
1997-08-12 00:00:00-04:00,7.08321128391826,7.525912284851074,7.08321128391826,7.525912284851074,24793,0.0,0.0
1997-08-13 00:00:00-04:00,7.562803952945609,7.599695160288514,7.267670154571533,7.267670154571533,36769,0.0,0.0
1997-08-14 00:00:00-04:00,7.525915356279805,7.525915356279805,7.193889617919922,7.193889617919922,34038,0.0,0.0
1997-08-15 00:00:00-04:00,7.525917199075458,7.525917199075458,7.193891379415753,7.3599042892456055,20381,0.0,0.0
1997-08-18 00:00:00-04:00,7.267672153587895,7.525914224274247,7.156996726989746,7.156996726989746,20381,0.0,0.0
1997-08-19 00:00:00-04:00,7.525912284851074,7.525912284851074,7.15699488263637,7.525912284851074,14918,0.0,0.0
1997-08-20 00:00:00-04:00,7.525912284851074,7.525912284851074,7.15699488263637,7.525912284851074,5883,0.0,0.0
1997-08-21 00:00:00-04:00,7.525914224274247,7.525914224274247,7.120104918123696,7.156996726989746,20381,0.0,0.0
1997-08-22 00:00:00-04:00,7.3045623631665375,7.3045623631665375,7.083211558433587,7.120103359222412,71647,0.0,0.0
1997-08-25 00:00:00-04:00,7.156999358360665,7.156999358360665,7.083215713500976,7.083215713500977,53998,0.0,0.0
1997-08-26 00:00:00-04:00,7.156998274148066,7.156998274148066,6.93564796447754,6.935647964477539,61352,0.0,0.0
1997-08-27 00:00:00-04:00,7.083215713500976,7.083215713500976,6.935649015157813,7.083215713500977,50006,0.0,0.0
1997-08-28 00:00:00-04:00,7.083215713500976,7.083215713500976,6.935649015157813,7.083215713500977,17649,0.0,0.0
1997-08-29 00:00:00-04:00,7.083211648265836,7.120103449522539,6.935645034614902,7.04632043838501,21431,0.0,0.0
1997-09-02 00:00:00-04:00,7.083212474548051,7.120104280108315,7.009429454803467,7.009429454803467,24163,0.0,0.0
1997-09-03 00:00:00-04:00,7.083214762791938,7.083214762791938,6.861864449298724,6.972539901733398,17229,0.0,0.0
1997-09-04 00:00:00-04:00,6.82497581690037,6.82497581690037,6.640517234802246,6.640517234802246,18910,0.0,0.0
1997-09-05 00:00:00-04:00,6.751188880271997,6.93564796447754,6.640514021124796,6.935647964477539,28575,0.0,0.0
1997-09-08 00:00:00-04:00,6.861863136291504,6.935646757129569,6.861863136291504,6.861863136291504,8194,0.0,0.0
1997-09-09 00:00:00-04:00,6.93564796447754,6.93564796447754,6.824972513954213,6.935647964477539,2521,0.0,0.0
1997-09-10 00:00:00-04:00,6.824972513954213,6.93564796447754,6.824972513954213,6.935647964477539,57150,0.0,0.0
1997-09-11 00:00:00-04:00,6.93564796447754,6.93564796447754,6.93564796447754,6.935647964477539,4833,0.0,0.0
1997-09-12 00:00:00-04:00,6.82497215270996,6.93564759737526,6.82497215270996,6.824972152709961,34668,0.0,0.0
1997-09-15 00:00:00-04:00,6.93564796447754,6.93564796447754,6.824972513954213,6.935647964477539,2311,0.0,0.0
1997-09-16 00:00:00-04:00,6.93564796447754,6.93564796447754,6.93564796447754,6.935647964477539,1261,0.0,0.0
1997-09-17 00:00:00-04:00,6.93564796447754,6.93564796447754,6.861864330795322,6.935647964477539,3572,0.0,0.0
1997-09-18 00:00:00-04:00,6.93564759737526,6.93564759737526,6.82497215270996,6.824972152709961,46854,0.0,0.0
1997-09-19 00:00:00-04:00,6.86186658246061,6.93565024035433,6.82497475351375,6.898758411407471,15758,0.0,0.0
1997-09-22 00:00:00-04:00,6.7880785204537375,6.7880785204537375,6.714294910430908,6.714294910430908,31306,0.0,0.0
1997-09-23 00:00:00-04:00,6.788081439522559,6.788081439522559,6.492948055267334,6.492948055267334,17859,0.0,0.0
1997-09-24 00:00:00-04:00,6.714300312815649,6.714300312815649,6.492950487399028,6.640517234802246,1261,0.0,0.0
1997-09-25 00:00:00-04:00,6.492950487399028,6.751192147510555,6.492950487399028,6.640517234802246,182375,0.0,0.0
1997-09-26 00:00:00-04:00,6.788083982205463,6.788083982205463,6.640517234802246,6.640517234802246,27524,0.0,0.0
1997-09-29 00:00:00-04:00,6.788078784942626,6.788078784942626,6.640512150523158,6.788078784942627,7984,0.0,0.0
1997-09-30 00:00:00-04:00,6.788078784942626,6.788078784942626,6.640512150523158,6.788078784942627,11136,0.0,0.0
1997-10-01 00:00:00-04:00,6.640512150523158,6.788078784942626,6.640512150523158,6.788078784942627,4833,0.0,0.0
1997-10-02 00:00:00-04:00,6.788080814342274,6.972539901733399,6.714297179385824,6.972539901733398,57990,0.0,0.0
1997-10-03 00:00:00-04:00,7.046320438385009,7.175440855719654,7.009428637128307,7.04632043838501,216412,0.0,0.0
1997-10-06 00:00:00-04:00,7.175445778023883,7.34145929325106,7.175445778023883,7.249229431152344,86985,0.0,0.0
1997-10-07 00:00:00-04:00,7.267673246750138,7.378348689995461,7.120105989089707,7.193889617919922,81102,0.0,0.0
1997-10-08 00:00:00-04:00,7.230785517563688,7.415244102478027,7.230785517563688,7.415244102478027,19540,0.0,0.0
1997-10-09 00:00:00-04:00,7.415239550007565,7.415239550007565,7.230781078338623,7.230781078338623,2942,0.0,0.0
1997-10-10 00:00:00-04:00,7.415243675573962,7.452135508708209,7.304568767547608,7.304568767547607,10085,0.0,0.0
1997-10-13 00:00:00-04:00,7.3783483505249015,7.452131384584345,7.304564725089398,7.378348350524902,17439,0.0,0.0
1997-10-14 00:00:00-04:00,7.378352433816102,7.452135508708209,7.304568767547608,7.304568767547607,28995,0.0,0.0
1997-10-15 00:00:00-04:00,7.378348689995461,7.4152399130344815,7.193889617919922,7.193889617919922,3782,0.0,0.0
1997-10-16 00:00:00-04:00,7.304564725089398,7.3783483505249015,7.230781099653895,7.378348350524902,10085,0.0,0.0
1997-10-17 00:00:00-04:00,7.3783483505249015,7.3783483505249015,7.193889286936144,7.378348350524902,8194,0.0,0.0
1997-10-20 00:00:00-04:00,7.193889265729623,7.230781078338623,7.193889265729623,7.230781078338623,7564,0.0,0.0
1997-10-21 00:00:00-04:00,7.378352433816102,7.378352433816102,7.193893268144867,7.304568767547607,11556,0.0,0.0
1997-10-22 00:00:00-04:00,7.193889286936144,7.3783483505249015,7.193889286936144,7.378348350524902,8825,0.0,0.0
1997-10-23 00:00:00-04:00,7.3783483287746225,7.3783483287746225,7.156997453120622,7.230781078338623,5043,0.0,0.0
1997-10-24 00:00:00-04:00,7.378349663060963,7.378349663060963,7.156998747378295,7.341457843780518,6513,0.0,0.0
1997-10-27 00:00:00-05:00,7.304566648080042,7.378350292939732,7.083215713500976,7.083215713500977,109047,0.0,0.0
1997-10-28 00:00:00-05:00,7.0094300829015435,7.193888535855796,6.935646465169444,7.156996726989746,39921,0.0,0.0
1997-10-29 00:00:00-05:00,7.304566024500073,7.378349663060963,7.230782385939184,7.341457843780518,36349,0.0,0.0
1997-10-30 00:00:00-05:00,7.083213109257646,7.304563962453946,7.083213109257646,7.156996726989746,7144,0.0,0.0
1997-10-31 00:00:00-05:00,7.157000740382199,7.747268830488435,7.157000740382199,7.636593341827393,277344,0.0,0.0
1997-11-03 00:00:00-05:00,7.525918444542679,7.673485171381073,7.452134785435317,7.636593341827393,27524,0.0,0.0
1997-11-04 00:00:00-05:00,7.489020485492019,7.710370690270503,7.489020485492019,7.525912284851074,6513,0.0,0.0
1997-11-05 00:00:00-05:00,7.710371359598944,7.710371359598944,7.6734795570373535,7.6734795570373535,5043,0.0,0.0
1997-11-06 00:00:00-05:00,7.710370690270503,7.710370690270503,7.489020485492019,7.525912284851074,35298,0.0,0.0
1997-11-07 00:00:00-05:00,7.5996952921933385,7.5996952921933385,7.489020485492019,7.525912284851074,18069,0.0,0.0
1997-11-10 00:00:00-05:00,7.784159277927526,7.968618392944335,7.673483808917441,7.968618392944336,56309,0.0,0.0
1997-11-11 00:00:00-05:00,8.005508070670816,8.22685776662233,7.968616257553542,8.116182327270508,31096,0.0,0.0
1997-11-12 00:00:00-05:00,7.968617199716599,8.116183286880922,7.894833564758301,7.894833564758301,40341,0.0,0.0
1997-11-13 00:00:00-05:00,7.968612810993351,8.005504608154297,7.747262028027673,8.005504608154297,8404,0.0,0.0
1997-11-14 00:00:00-05:00,7.747265706630866,8.00550840937784,7.747265706630866,7.857941150665283,8194,0.0,0.0
1997-11-17 00:00:00-05:00,8.042398452758789,8.116180883112682,7.8948312265471605,8.042398452758789,64503,0.0,0.0
1997-11-18 00:00:00-05:00,8.116184502205334,8.189968148212058,7.968618392944335,7.968618392944336,15548,0.0,0.0
1997-11-19 00:00:00-05:00,8.263751794218782,8.263751794218782,7.968618392944335,7.968618392944336,20170,0.0,0.0
1997-11-20 00:00:00-05:00,8.116184502205334,8.300643617222144,7.968618392944335,7.968618392944336,10716,0.0,0.0
1997-11-21 00:00:00-05:00,8.18996524810791,8.30064067792732,8.042399191100726,8.18996524810791,11556,0.0,0.0
1997-11-24 00:00:00-05:00,8.005508070670816,8.300641392856878,7.931724444436267,8.116182327270508,10505,0.0,0.0
1997-11-25 00:00:00-05:00,7.93172538223745,8.263750556797516,7.894833564758301,7.894833564758301,26684,0.0,0.0
1997-11-26 00:00:00-05:00,7.968618392944335,7.968618392944335,7.784159277927526,7.968618392944336,11136,0.0,0.0
1997-11-28 00:00:00-05:00,7.876388539747818,7.968618392944335,7.876388539747818,7.968618392944336,3152,0.0,0.0
1997-12-01 00:00:00-05:00,7.821051100930888,8.116184502205334,7.821051100930888,7.968618392944336,5043,0.0,0.0
1997-12-02 00:00:00-05:00,7.968618392944335,8.116184502205334,7.968618392944335,7.968618392944336,11556,0.0,0.0
1997-12-03 00:00:00-05:00,8.079291001040529,8.18996524810791,7.96861557122112,8.18996524810791,30256,0.0,0.0
1997-12-04 00:00:00-05:00,8.263748867987516,8.337532487867122,8.116181628228304,8.18996524810791,6513,0.0,0.0
1997-12-05 00:00:00-05:00,8.189966324250783,8.226858139038086,7.968616618279146,8.226858139038086,8825,0.0,0.0
1997-12-08 00:00:00-05:00,8.226856302771404,8.226856302771404,7.968614839652974,8.042398452758789,26474,0.0,0.0
1997-12-09 00:00:00-05:00,7.96861557122112,8.18996524810791,7.96861557122112,8.18996524810791,7564,0.0,0.0
1997-12-10 00:00:00-05:00,7.96861557122112,8.18996524810791,7.96861557122112,8.18996524810791,5673,0.0,0.0
1997-12-11 00:00:00-05:00,7.96861557122112,8.18996524810791,7.96861557122112,8.18996524810791,13237,0.0,0.0
1997-12-12 00:00:00-05:00,8.18996524810791,8.18996524810791,8.042399191100726,8.18996524810791,15548,0.0,0.0
1997-12-15 00:00:00-05:00,8.042399191100726,8.18996524810791,8.042399191100726,8.18996524810791,17439,0.0,0.0
1997-12-16 00:00:00-05:00,8.189966445625867,8.263750076293945,8.042400367041912,8.263750076293945,88666,0.0,0.0
1997-12-17 00:00:00-05:00,8.153073438168107,8.18996524810791,8.153073438168107,8.18996524810791,14287,0.0,0.0
1997-12-18 00:00:00-05:00,8.189966324250783,8.26374995382539,8.042400247853752,8.226858139038086,31726,0.0,0.0
1997-12-19 00:00:00-05:00,8.337533706962024,8.337533706962024,8.042400367041912,8.263750076293945,10295,0.0,0.0
1997-12-22 00:00:00-05:00,8.153072689665589,8.153072689665589,8.042398452758789,8.042398452758789,2521,0.0,0.0
1997-12-23 00:00:00-05:00,8.042398452758789,8.079290259311696,8.042398452758789,8.042398452758789,13027,0.0,0.0
1997-12-24 00:00:00-05:00,8.042398452758789,8.079290259311696,8.042398452758789,8.042398452758789,17439,0.0,0.0
1997-12-26 00:00:00-05:00,8.189964496218497,8.189964496218497,8.042398452758789,8.042398452758789,19540,0.0,0.0
1997-12-29 00:00:00-05:00,8.263749579739605,8.263749579739605,8.079291696905365,8.116182327270508,3362,0.0,0.0
1997-12-30 00:00:00-05:00,8.263751794218782,8.263751794218782,7.968618392944335,7.968618392944336,10926,0.0,0.0
1997-12-31 00:00:00-05:00,8.337535440225505,8.337535440225505,7.968618392944335,7.968618392944336,10505,0.0,0.0
1998-01-02 00:00:00-05:00,8.005509128975909,8.300642490177745,7.894833674993111,8.153075218200684,147076,0.0,0.0
1998-01-05 00:00:00-05:00,8.263748867987516,8.30064067792732,8.042399191100726,8.18996524810791,3572,0.0,0.0
1998-01-06 00:00:00-05:00,8.18996656592206,8.300642013549805,7.968616853418789,8.300642013549805,17649,0.0,0.0
1998-01-07 00:00:00-05:00,8.300641392856878,8.300641392856878,8.079291696905365,8.116182327270508,17439,0.0,0.0
1998-01-08 00:00:00-05:00,8.337532487867122,8.41131610774673,8.18996524810791,8.18996524810791,39921,0.0,0.0
1998-01-09 00:00:00-05:00,8.263749579739605,8.263749579739605,8.042399883788091,8.116182327270508,23742,0.0,0.0
1998-01-12 00:00:00-05:00,8.116178816885517,8.263746005529303,8.005504608154297,8.005504608154297,39921,0.0,0.0
1998-01-13 00:00:00-05:00,8.005504608154297,8.263746005529303,8.005504608154297,8.005504608154297,23952,0.0,0.0
1998-01-14 00:00:00-05:00,8.005504608154297,8.263746005529303,8.005504608154297,8.005504608154297,16809,0.0,0.0
1998-01-15 00:00:00-05:00,8.337533706962024,8.337533706962024,8.005508551707873,8.263750076293945,16809,0.0,0.0
1998-01-16 00:00:00-05:00,8.263753153683785,8.337536811828613,8.153077666466542,8.337536811828613,57570,0.0,0.0
1998-01-20 00:00:00-05:00,8.33753312164308,8.374424934387207,8.18996587066657,8.374424934387207,15128,0.0,0.0
1998-01-21 00:00:00-05:00,8.374424297806927,8.374424297806927,8.18996524810791,8.18996524810791,69126,0.0,0.0
1998-01-22 00:00:00-05:00,8.189966324250783,8.558884472123816,8.189966324250783,8.226858139038086,96020,0.0,0.0
1998-01-23 00:00:00-05:00,8.48510084254921,8.48510084254921,8.189966324250783,8.226858139038086,14708,0.0,0.0
1998-01-26 00:00:00-05:00,8.226858260959906,8.411317337630102,8.226858260959906,8.263750076293945,18069,0.0,0.0
1998-01-27 00:00:00-05:00,8.226862468993728,8.411321640014648,8.226862468993728,8.411321640014648,7144,0.0,0.0
1998-01-28 00:00:00-05:00,8.374424297806927,8.41131610774673,8.18996524810791,8.18996524810791,16809,0.0,0.0
1998-01-29 00:00:00-05:00,8.411316747131334,8.411316747131334,8.263749496154826,8.374424934387207,15338,0.0,0.0
1998-01-30 00:00:00-05:00,8.374424934387207,8.392871136447301,8.18996587066657,8.374424934387207,28155,0.0,0.0
1998-02-02 00:00:00-05:00,8.226860005502356,8.558886413916392,8.226860005502356,8.521994590759277,67655,0.0,0.0
1998-02-03 00:00:00-05:00,8.558880943646777,8.706447550584214,8.558880943646777,8.595772743225098,145185,0.0,0.0
1998-02-04 00:00:00-05:00,8.595780811035569,8.706455722271716,8.411321640014648,8.411321640014648,16388,0.0,0.0
1998-02-05 00:00:00-05:00,8.558886413916392,8.632669468854397,8.411319121287931,8.521994590759277,36139,0.0,0.0
1998-02-06 00:00:00-05:00,8.63266395142757,8.63266395142757,8.558880943646777,8.595772743225098,7354,0.0,0.0
1998-02-09 00:00:00-05:00,8.632667541503906,8.632667541503906,8.558884503038884,8.632667541503906,4622,0.0,0.0
1998-02-10 00:00:00-05:00,8.632667541503906,8.706451171345023,8.558884503038884,8.632667541503906,30676,0.0,0.0
1998-02-11 00:00:00-05:00,8.780233278347973,8.89090811253818,8.743341469825907,8.854016304016113,34458,0.0,0.0
1998-02-12 00:00:00-05:00,8.780238495100566,9.296722938525203,8.780238495100566,9.149155616760254,72488,0.0,0.0
1998-02-13 00:00:00-05:00,9.075373099870054,9.296723504619564,9.075373099870054,9.241385459899902,32147,0.0,0.0
1998-02-17 00:00:00-05:00,9.33361208980395,9.370503909655591,9.14915299054574,9.222936630249023,43072,0.0,0.0
1998-02-18 00:00:00-05:00,9.149152642809945,9.259828098158382,9.001585960388184,9.001585960388184,38450,0.0,0.0
1998-02-19 00:00:00-05:00,9.020029428680711,9.038475036621094,8.89090780759415,9.038475036621094,44963,0.0,0.0
1998-02-20 00:00:00-05:00,8.927802323489226,9.222936279708902,8.927802323489226,9.001585960388184,2731,0.0,0.0
1998-02-23 00:00:00-05:00,9.222936630249023,9.296720269952306,9.14915299054574,9.222936630249023,44123,0.0,0.0
1998-02-24 00:00:00-05:00,9.259831108083967,9.259831108083967,9.149155616760254,9.149155616760254,10085,0.0,0.0
1998-02-25 00:00:00-05:00,9.296722938525203,9.296722938525203,9.149155616760254,9.149155616760254,67865,0.0,0.0
1998-02-26 00:00:00-05:00,9.296714642981332,9.296714642981332,9.112256246745408,9.259822845458984,29205,0.0,0.0
1998-02-27 00:00:00-05:00,9.259822845458984,9.259822845458984,9.075364449223061,9.259822845458984,36559,0.0,0.0
1998-03-02 00:00:00-05:00,9.149152882354507,9.259828340600665,9.075369834899902,9.075369834899902,12607,0.0,0.0
1998-03-03 00:00:00-05:00,9.186047447201492,9.259831108083967,9.001588886371648,9.149155616760254,10295,0.0,0.0
1998-03-04 00:00:00-05:00,9.259822845458984,9.259822845458984,9.075364449223061,9.259822845458984,5883,0.0,0.0
1998-03-05 00:00:00-05:00,9.259828450100665,9.259828450100665,9.001586302515348,9.222936630249023,24583,0.0,0.0
1998-03-06 00:00:00-05:00,9.112261052563126,9.259827729103549,9.112261052563126,9.204489707946777,17859,0.0,0.0
1998-03-09 00:00:00-05:00,9.222936630249023,9.222936630249023,9.001586302515348,9.222936630249023,28575,0.0,0.0
1998-03-10 00:00:00-05:00,9.259822845458984,9.259822845458984,9.001580854178366,9.259822845458984,15968,0.0,0.0
1998-03-11 00:00:00-05:00,9.259831108083967,9.259831108083967,9.149155616760254,9.149155616760254,9665,0.0,0.0
1998-03-12 00:00:00-05:00,9.112256246745408,9.259822845458984,9.112256246745408,9.259822845458984,4202,0.0,0.0
1998-03-13 00:00:00-05:00,9.204493627212253,9.259831671931916,9.112264932557704,9.241385459899902,27524,0.0,0.0
1998-03-16 00:00:00-05:00,9.259822845458984,9.259822845458984,9.149147452891942,9.259822845458984,22272,0.0,0.0
1998-03-17 00:00:00-05:00,9.259822845458984,9.259822845458984,9.149147452891942,9.259822845458984,6093,0.0,0.0
1998-03-18 00:00:00-05:00,9.112261762070272,9.259828450100665,9.112261762070272,9.222936630249023,29835,0.0,0.0
1998-03-19 00:00:00-05:00,9.25982606562202,9.407393307028851,9.075367605239503,9.278271675109863,52317,0.0,0.0
1998-03-20 00:00:00-05:00,9.2782740643384,9.2782740643384,9.14915299054574,9.222936630249023,7564,0.0,0.0
1998-03-23 00:00:00-05:00,9.241385459899902,9.241385459899902,9.149156173868972,9.241385459899902,6513,0.0,0.0
1998-03-24 00:00:00-05:00,9.222933337847163,9.370500564575195,9.149149724483147,9.370500564575195,41181,0.0,0.0
1998-03-25 00:00:00-05:00,9.370503909655591,9.370503909655591,9.14915299054574,9.222936630249023,27944,0.0,0.0
1998-03-26 00:00:00-05:00,9.29671695121118,9.370500564575195,9.186041531165156,9.370500564575195,26894,0.0,0.0
1998-03-27 00:00:00-05:00,9.25982514452917,9.407392371257203,9.25982514452917,9.370500564575195,24583,0.0,0.0
1998-03-30 00:00:00-05:00,9.407394162077662,9.407394162077662,9.222935093553428,9.333610534667969,25633,0.0,0.0
1998-03-31 00:00:00-05:00,9.296718965158059,9.407394409179688,9.296718965158059,9.407394409179688,22272,0.0,0.0
1998-04-01 00:00:00-05:00,9.407394162077662,9.44428597578251,9.29671872096312,9.333610534667969,17649,0.0,0.0
1998-04-02 00:00:00-05:00,9.370504431261624,9.960771807616407,9.370504431261624,9.923880577087402,49586,0.0,0.0
1998-04-03 00:00:00-05:00,9.923878915086073,10.182121033797264,9.739419836452289,10.10833740234375,89717,0.0,0.0
1998-04-06 00:00:00-04:00,10.292796605395258,10.624822378650093,9.960770832140426,10.55103874206543,52317,0.0,0.0
1998-04-07 00:00:00-04:00,10.182118675976417,10.32968590471206,9.96076783287295,10.255902290344238,27944,0.0,0.0
1998-04-08 00:00:00-04:00,10.329687575789375,10.329687575789375,10.03455307057293,10.182120323181152,31306,0.0,0.0
1998-04-09 00:00:00-04:00,10.071446177993101,10.551038008312618,10.034553770890236,10.10833740234375,69756,0.0,0.0
1998-04-13 00:00:00-04:00,10.071450812148798,10.477259197738569,10.071450812148798,10.40347671508789,21431,0.0,0.0
1998-04-14 00:00:00-04:00,10.329692541457204,10.551042344024212,10.292800119194236,10.477258682250977,17859,0.0,0.0
1998-04-15 00:00:00-04:00,10.477255103581548,10.919956923009275,10.329689013191269,10.846173286437988,57570,0.0,0.0
1998-04-16 00:00:00-04:00,10.846171628309595,10.919955253601074,10.772388003018113,10.919955253601074,9665,0.0,0.0
1998-04-17 00:00:00-04:00,10.919955064858371,11.510222874235794,10.919955064858371,11.251980781555176,63243,0.0,0.0
1998-04-20 00:00:00-04:00,11.67623687052711,11.971371410303021,11.362657309079408,11.694683074951172,220824,0.0,0.0
1998-04-21 00:00:00-04:00,11.952928192633767,11.952928192633767,11.288876494959384,11.473336219787598,168507,0.0,0.0
1998-04-22 00:00:00-04:00,11.58400893556099,11.95292595051105,11.251983149004996,11.510225296020508,117241,0.0,0.0
1998-04-23 00:00:00-04:00,11.805358648018915,11.971372132343863,11.657791369230592,11.916034698486328,198973,0.0,0.0
1998-04-24 00:00:00-04:00,12.026707853761671,12.026707853761671,11.215089118741718,11.584007263183594,151699,0.0,0.0
1998-04-27 00:00:00-04:00,11.510222887855429,11.510222887855429,10.919955077779562,11.362655639648438,64293,0.0,0.0
1998-04-28 00:00:00-04:00,11.584008949803954,11.584008949803954,11.067523472385547,11.21509075164795,24583,0.0,0.0
1998-04-29 00:00:00-04:00,11.58400893556099,11.58400893556099,11.215090737858583,11.510225296020508,53578,0.0,0.0
1998-04-30 00:00:00-04:00,11.510225296020508,11.510225296020508,11.325766788545478,11.510225296020508,53788,0.0,0.0
1998-05-01 00:00:00-04:00,11.51021642108973,11.51021642108973,11.417986647089636,11.436432838439941,44333,0.0,0.0
1998-05-04 00:00:00-04:00,11.510225296020508,11.510225296020508,11.362658016939546,11.510225296020508,27524,0.0,0.0
1998-05-05 00:00:00-04:00,11.473336219787598,11.5102274551017,11.362660148340156,11.473336219787598,18279,0.0,0.0
1998-05-06 00:00:00-04:00,11.547107621038908,11.547107621038908,11.215082090490577,11.436432838439941,23532,0.0,0.0
1998-05-07 00:00:00-04:00,11.436443801720928,11.473336219787598,10.809284522113215,11.473336219787598,28785,0.0,0.0
1998-05-08 00:00:00-04:00,11.473336219787598,11.473336219787598,11.30732270399272,11.473336219787598,5673,0.0,0.0
1998-05-11 00:00:00-04:00,11.473336219787598,11.473336219787598,11.215092841578612,11.473336219787598,9665,0.0,0.0
1998-05-12 00:00:00-04:00,11.344209644071185,11.399548250218443,11.141304969787598,11.141304969787598,25843,0.0,0.0
1998-05-13 00:00:00-04:00,11.399548226619643,11.436439447889324,10.919955253601074,10.919955253601074,22692,0.0,0.0
1998-05-14 00:00:00-04:00,11.251980781555176,11.251980781555176,10.919955064858371,11.251980781555176,11136,0.0,0.0
1998-05-15 00:00:00-04:00,11.251981489375417,11.288872712328153,11.067521826355224,11.178197860717773,14077,0.0,0.0
1998-05-18 00:00:00-04:00,11.288871709168278,11.288871709168278,10.919954781415196,10.99373722076416,23952,0.0,0.0
1998-05-19 00:00:00-04:00,10.809280220210134,11.436439250219603,10.809280220210134,11.251980781555176,56940,0.0,0.0
1998-05-20 00:00:00-04:00,11.251980781555176,11.362655626203413,11.067521130138653,11.251980781555176,36139,0.0,0.0
1998-05-21 00:00:00-04:00,11.454888376987732,11.454888376987732,10.956849083389084,11.067523956298828,35298,0.0,1.5
1998-05-22 00:00:00-04:00,11.09519445695735,11.12286376953125,10.873843504623721,11.12286376953125,44683,0.0,0.0
1998-05-26 00:00:00-04:00,11.122857885476943,11.122857885476943,10.624818801879883,10.624818801879883,24373,0.0,0.0
1998-05-27 00:00:00-04:00,10.9015109724541,10.9015109724541,10.403472892421632,10.514147758483887,22412,0.0,0.0
1998-05-28 00:00:00-04:00,10.846176644122844,11.122865071232402,10.790839195251465,10.790839195251465,22412,0.0,0.0
1998-05-29 00:00:00-04:00,11.178199755786297,11.288874626159668,10.624823038414704,11.288874626159668,21151,0.0,0.0
1998-06-01 00:00:00-04:00,11.28887392311342,11.28887392311342,10.735498422957205,10.846173286437988,49726,0.0,0.0
1998-06-02 00:00:00-04:00,10.735499337569594,11.178200011960971,10.735499337569594,11.067523956298828,4622,0.0,0.0
1998-06-03 00:00:00-04:00,10.901511646934212,11.067523956298828,10.735499337569594,11.067523956298828,22832,0.0,0.0
1998-06-04 00:00:00-04:00,11.067523956298828,11.067523956298828,10.624823281907451,11.067523956298828,27454,0.0,0.0
1998-06-05 00:00:00-04:00,10.735500490011795,11.178201211926526,10.735500490011795,11.12286376953125,15828,0.0,0.0
1998-06-08 00:00:00-04:00,11.12285939186962,11.12285939186962,10.680157661437988,10.680157661437988,12747,0.0,0.0
1998-06-09 00:00:00-04:00,10.62481546796716,11.012178421020508,10.62481546796716,11.012178421020508,137551,0.0,0.0
1998-06-10 00:00:00-04:00,11.012181876482098,11.012181876482098,10.624818801879883,10.624818801879883,18069,0.0,0.0
1998-06-11 00:00:00-04:00,10.62482024082205,10.901508526653805,10.348133137742355,10.680157661437988,25213,0.0,0.0
1998-06-12 00:00:00-04:00,10.624818801879883,10.624818801879883,10.182118314156197,10.624818801879883,24653,0.0,0.0
1998-06-15 00:00:00-04:00,9.960770242406436,10.597153626739544,9.739419937133789,9.739419937133789,18910,0.0,0.0
1998-06-16 00:00:00-04:00,9.739424317833326,10.40347671508789,9.739424317833326,10.40347671508789,19750,0.0,0.0
1998-06-17 00:00:00-04:00,10.403471202093487,10.62482089825369,10.182120323181152,10.182120323181152,56869,0.0,0.0
1998-06-18 00:00:00-04:00,10.624818801879883,10.624818801879883,9.960767478918404,10.624818801879883,38660,0.0,0.0
1998-06-19 00:00:00-04:00,10.071445210870126,10.624820619504598,9.960769182941549,10.016106605529785,64714,0.0,0.0
1998-06-22 00:00:00-04:00,10.514146050173588,10.514146050173588,9.850094596188717,10.182120323181152,10926,0.0,0.0
1998-06-23 00:00:00-04:00,10.40347092915165,10.40347092915165,9.850094337765075,10.016106605529785,33617,0.0,0.0
1998-06-24 00:00:00-04:00,10.40347092915165,10.40347092915165,9.960769182941549,10.016106605529785,19750,0.0,0.0
1998-06-25 00:00:00-04:00,10.016105160576776,10.403469428316324,9.96076774597168,9.96076774597168,42862,0.0,0.0
1998-06-26 00:00:00-04:00,9.960770377559996,10.071446418762207,9.850095519110026,10.071446418762207,23812,0.0,0.0
1998-06-29 00:00:00-04:00,9.905430331366581,10.071443757933807,9.794755502156386,9.96076774597168,14568,0.0,0.0
1998-06-30 00:00:00-04:00,9.794754337128087,9.960766561197204,8.798677444458008,8.798677444458008,107576,0.0,0.0
1998-07-01 00:00:00-04:00,8.854020091345275,9.85009757338771,8.854020091345275,9.656415939331055,185736,0.0,0.0
1998-07-02 00:00:00-04:00,9.407392041644389,9.684079695001023,9.407392041644389,9.462729454040527,19610,0.0,0.0
1998-07-06 00:00:00-04:00,9.739417107397161,9.85009252356538,9.462729454040527,9.462729454040527,29835,0.0,0.0
1998-07-07 00:00:00-04:00,9.462736356322525,9.850099708396842,9.462736356322525,9.490405082702637,18630,0.0,0.0
1998-07-08 00:00:00-04:00,9.850097809933416,9.850097809933416,9.518071974612484,9.68408489227295,26614,0.0,0.0
1998-07-09 00:00:00-04:00,9.850095002514024,9.850095002514024,9.407394409179688,9.407394409179688,45243,0.0,0.0
1998-07-10 00:00:00-04:00,9.739419173234747,9.739419173234747,9.29671859741211,9.29671859741211,24793,0.0,0.0
1998-07-13 00:00:00-04:00,9.628744125366211,9.628744125366211,9.186042967344566,9.628744125366211,29976,0.0,0.0
1998-07-14 00:00:00-04:00,9.407394774912873,9.739419937133789,9.407394774912873,9.739419937133789,9945,0.0,0.0
1998-07-15 00:00:00-04:00,9.739417496175323,9.96076774597168,9.739417496175323,9.96076774597168,12466,0.0,0.0
1998-07-16 00:00:00-04:00,9.739417496175323,9.96076774597168,9.628742666965127,9.96076774597168,12326,0.0,0.0
1998-07-17 00:00:00-04:00,10.126786231994629,10.403474626008668,9.850097837980591,10.126786231994629,25073,0.0,0.0
1998-07-20 00:00:00-04:00,10.403471202093487,10.403471202093487,9.739419156732549,10.182120323181152,32077,0.0,0.0
1998-07-21 00:00:00-04:00,10.40347671508789,10.40347671508789,9.739424317833326,10.40347671508789,15548,0.0,0.0
1998-07-22 00:00:00-04:00,10.40347671508789,10.40347671508789,9.739424317833326,10.40347671508789,18770,0.0,0.0
1998-07-23 00:00:00-04:00,10.403474346551004,10.403474346551004,9.656415939331055,9.656415939331055,19750,0.0,0.0
1998-07-24 00:00:00-04:00,9.739418741357566,9.739418741357566,9.296718185165696,9.711750030517578,3502,0.0,0.0
1998-07-27 00:00:00-04:00,9.29671840469399,9.628744125366211,9.130706135733936,9.628744125366211,16809,0.0,0.0
1998-07-28 00:00:00-04:00,9.628743934909542,9.628743934909542,8.743342227755564,9.186042785644531,52947,0.0,0.0
1998-07-29 00:00:00-04:00,9.186042785644531,9.296718220804793,8.854017071539783,9.186042785644531,23812,0.0,0.0
1998-07-30 00:00:00-04:00,9.186042785644531,9.739418778693762,9.130705955128464,9.186042785644531,41882,0.0,0.0
1998-07-31 00:00:00-04:00,9.186044456028585,9.352057343268628,9.15837574005127,9.15837574005127,11346,0.0,0.0
1998-08-03 00:00:00-04:00,9.158374074698475,9.296718220804793,9.07536794186031,9.186042785644531,28715,0.0,0.0
1998-08-04 00:00:00-04:00,9.186040685086521,9.241378094324709,8.854015046905573,8.992359161376953,35298,0.0,0.0
1998-08-05 00:00:00-04:00,8.854016304016113,9.075367155148511,8.854016304016113,8.854016304016113,38380,0.0,0.0
1998-08-06 00:00:00-04:00,9.047697998788122,9.047697998788122,8.743341608559728,8.937023162841797,12046,0.0,0.0
1998-08-07 00:00:00-04:00,8.854018918407588,9.29672016001605,8.854018918407588,9.075369834899902,21431,0.0,0.0
1998-08-10 00:00:00-04:00,9.075368309500792,9.29671859741211,9.075368309500792,9.29671859741211,14427,0.0,0.0
1998-08-11 00:00:00-04:00,9.186041989338717,9.296717414904915,8.854016304016113,8.854016304016113,18770,0.0,0.0
1998-08-12 00:00:00-04:00,8.854018918407588,9.186044701769893,8.854018918407588,9.075369834899902,2801,0.0,0.0
1998-08-13 00:00:00-04:00,9.296718145973612,9.296718145973612,8.632666723109203,8.715673446655273,21431,0.0,0.0
1998-08-14 00:00:00-04:00,8.632668252863407,9.07536947701401,8.632668252863407,8.964694023132324,5463,0.0,0.0
1998-08-17 00:00:00-04:00,8.798684436572527,9.13071092269235,8.798684436572527,8.9093599319458,18770,0.0,0.0
1998-08-18 00:00:00-04:00,9.075369834899902,9.241382135204889,8.798681484972592,9.075369834899902,14708,0.0,0.0
1998-08-19 00:00:00-04:00,9.18604778331444,9.18604778331444,8.9093599319458,8.9093599319458,2241,0.0,0.0
1998-08-20 00:00:00-04:00,8.881685603939658,9.103035863696062,8.854016304016113,8.854016304016113,39921,0.0,0.0
1998-08-21 00:00:00-04:00,8.854016304016113,9.075367155148511,8.79867888692101,8.854016304016113,16388,0.0,0.0
1998-08-24 00:00:00-04:00,9.075365667324995,9.075365667324995,8.521989812966916,8.798677444458008,27174,0.0,0.0
1998-08-25 00:00:00-04:00,8.632669832642451,9.075371137807416,8.411319475748092,8.494325637817383,11626,0.0,0.0
1998-08-26 00:00:00-04:00,8.41131908623223,8.41131908623223,7.968618392944335,7.968618392944336,37680,0.0,0.0
1998-08-27 00:00:00-04:00,8.189966300016355,8.189966300016355,6.972539372518216,7.857941150665283,72137,0.0,0.0
1998-08-28 00:00:00-04:00,7.525915495701255,7.968616685507728,7.304565196486068,7.442908763885498,49306,0.0,0.0
1998-08-31 00:00:00-04:00,7.581252651152493,7.581252651152493,6.5851749396156904,6.695850372314453,77880,0.0,0.0
1998-09-01 00:00:00-04:00,6.917205607315417,8.632672053863349,6.363828685629061,8.411321640014648,274262,0.0,0.0
1998-09-02 00:00:00-04:00,8.632671353782474,8.743346847419613,8.189969970610276,8.328314781188965,57710,0.0,0.0
1998-09-03 00:00:00-04:00,8.079295834552923,8.798684488943856,8.079295834552923,8.466658592224121,17509,0.0,0.0
1998-09-04 00:00:00-04:00,8.632669537023657,8.632669537023657,7.3599042892456055,7.3599042892456055,67795,0.0,0.0
1998-09-08 00:00:00-04:00,7.96861557122112,8.18996524810791,7.7472647115823,8.18996524810791,41041,0.0,0.0
1998-09-09 00:00:00-04:00,8.411316684125792,8.52199212152915,7.747265242457743,7.913278102874756,71297,0.0,0.0
1998-09-10 00:00:00-04:00,8.079296545748342,8.079296545748342,7.3045691880799914,7.415244102478027,43703,0.0,0.0
1998-09-11 00:00:00-04:00,7.8579453097046965,8.411321640014648,7.525919393243444,8.411321640014648,27594,0.0,0.0
1998-09-14 00:00:00-04:00,8.411318306796995,8.521993765551334,8.245305414353572,8.35598087310791,9245,0.0,0.0
1998-09-15 00:00:00-04:00,8.41131610774673,8.41131610774673,7.96861557122112,8.18996524810791,18630,0.0,0.0
1998-09-16 00:00:00-04:00,8.41131610774673,8.41131610774673,8.134627828886213,8.18996524810791,10085,0.0,0.0
1998-09-17 00:00:00-04:00,8.30064067792732,8.30064067792732,7.774934012569164,8.18996524810791,19890,0.0,0.0
1998-09-18 00:00:00-04:00,8.245307922363281,8.411320865303553,7.968620078380392,8.245307922363281,26754,0.0,0.0
1998-09-21 00:00:00-04:00,7.525918315915254,8.189969462403052,7.304567933752654,8.07929515838623,14848,0.0,0.0
1998-09-22 00:00:00-04:00,8.41131610774673,8.45281946785101,7.885608851012559,8.18996524810791,19050,0.0,0.0
1998-09-23 00:00:00-04:00,8.3559788462697,8.411316266536062,8.023953141919485,8.383646965026855,24653,0.0,0.0
1998-09-24 00:00:00-04:00,8.466651203229635,8.5219891986394,8.217632293701172,8.217632293701172,18069,0.0,0.0
1998-09-25 00:00:00-04:00,8.521997142627201,8.632672053863349,8.189970634789544,8.411321640014648,11206,0.0,0.0
1998-09-28 00:00:00-04:00,8.18996818234524,8.632669468854397,8.18996818234524,8.521994590759277,2942,0.0,0.0
1998-09-29 00:00:00-04:00,8.63267081810457,8.63267081810457,8.07929515838623,8.07929515838623,20311,0.0,0.0
1998-09-30 00:00:00-04:00,8.189970634789544,8.411321640014648,8.0792963149298,8.411321640014648,5883,0.0,0.0
1998-10-01 00:00:00-04:00,8.41132043594197,8.41132043594197,8.07929515838623,8.07929515838623,30256,0.0,0.0
1998-10-02 00:00:00-04:00,8.189969462403052,8.63267081810457,8.02395711931334,8.07929515838623,17789,0.0,0.0
1998-10-05 00:00:00-04:00,8.079291001040529,8.30064067792732,7.96861557122112,8.18996524810791,11766,0.0,0.0
1998-10-06 00:00:00-04:00,8.521991537566139,8.521991537566139,7.96861557122112,8.18996524810791,4342,0.0,0.0
1998-10-07 00:00:00-04:00,7.968616059251989,7.968616059251989,7.249226608431475,7.498246192932129,15688,0.0,0.0
1998-10-08 00:00:00-04:00,7.747265651394365,7.747265651394365,6.83419516659273,7.193889617919922,30396,0.0,0.0
1998-10-09 00:00:00-04:00,7.30456208007259,7.525912284851074,7.027874471943446,7.525912284851074,11906,0.0,0.0
1998-10-12 00:00:00-04:00,7.747262489629558,7.747262489629558,7.359899483423249,7.525912284851074,4482,0.0,0.0
1998-10-13 00:00:00-04:00,7.193889224947316,7.636589790993523,6.917201519012451,6.917201519012451,29976,0.0,0.0
1998-10-14 00:00:00-04:00,7.359904910845035,7.581255870230416,7.221560709073242,7.249229431152344,15408,0.0,0.0
1998-10-15 00:00:00-04:00,7.415244102478027,7.747270028424974,7.276900459480483,7.415244102478027,17649,0.0,0.0
1998-10-16 00:00:00-04:00,7.83027248895407,8.632667541503906,7.83027248895407,8.632667541503906,35298,0.0,0.0
1998-10-19 00:00:00-04:00,8.688009123433195,8.854022074287103,8.411321266260936,8.74334716796875,15688,0.0,0.0
1998-10-20 00:00:00-04:00,8.964691810772432,9.130705246313253,8.632666122442787,8.688003540039062,29976,0.0,0.0
1998-10-21 00:00:00-04:00,8.466653201598408,9.075367155148511,8.466653201598408,8.854016304016113,6443,0.0,0.0
1998-10-22 00:00:00-04:00,9.07536923454698,9.186044094095617,8.577330592449725,9.047699928283691,18209,0.0,0.0
1998-10-23 00:00:00-04:00,9.269051077774854,9.269051077774854,8.854018569250638,8.964694023132324,8404,0.0,0.0
1998-10-26 00:00:00-05:00,9.130705285589242,9.130705285589242,8.688003577410758,8.826348304748535,18069,0.0,0.0
1998-10-27 00:00:00-05:00,8.854020298316305,8.90935833175196,8.577332496643066,8.577332496643066,11906,0.0,0.0
1998-10-28 00:00:00-05:00,8.909355857720046,8.909355857720046,8.494323383395836,8.632667541503906,12186,0.0,0.0
1998-10-29 00:00:00-05:00,8.521996763955666,8.798684621127926,8.521996763955666,8.74334716796875,27454,0.0,0.0
1998-10-30 00:00:00-05:00,8.854021888570982,8.9093599319458,8.743346984574073,8.9093599319458,20451,0.0,0.0
1998-11-02 00:00:00-05:00,8.66033475280726,8.854016304016113,8.66033475280726,8.854016304016113,7704,0.0,0.0
1998-11-03 00:00:00-05:00,8.854017000271993,8.854017000271993,8.438985156669757,8.715673446655273,49306,0.0,0.0
1998-11-04 00:00:00-05:00,8.854016422289689,8.854016422289689,8.521991323907827,8.826348304748535,17649,0.0,0.0
1998-11-05 00:00:00-05:00,8.632671698994656,9.296723504619564,8.632671698994656,9.241385459899902,29275,0.0,0.0
1998-11-06 00:00:00-05:00,9.296721391600661,9.85009757338771,9.241383359458585,9.656415939331055,26614,0.0,0.0
1998-11-09 00:00:00-05:00,9.794763059968492,9.960775431881864,9.6287500966787,9.85010051727295,7704,0.0,0.0
1998-11-10 00:00:00-05:00,9.628749407432018,9.960774718868091,9.241385459899902,9.241385459899902,19470,0.0,0.0
1998-11-11 00:00:00-05:00,9.186044701769893,9.628745943378355,9.075369834899902,9.075369834899902,12186,0.0,0.0
1998-11-12 00:00:00-05:00,8.909355857720046,9.047699424452022,8.632667541503906,8.632667541503906,9385,0.0,0.0
1998-11-13 00:00:00-05:00,8.909357584461263,8.909357584461263,8.521994339783863,8.605000495910645,10085,0.0,0.0
1998-11-16 00:00:00-05:00,8.632669468854397,8.909357846844648,8.521994590759277,8.521994590759277,18770,0.0,0.0
1998-11-17 00:00:00-05:00,8.521992688118326,8.854017839651162,8.300641798594976,8.632667541503906,20731,0.0,0.0
1998-11-18 00:00:00-05:00,8.909355857720046,8.909355857720046,8.632667541503906,8.632667541503906,12186,0.0,0.0
1998-11-19 00:00:00-05:00,8.688003577410758,8.854016422289689,8.688003577410758,8.826348304748535,3502,0.0,0.0
1998-11-20 00:00:00-05:00,8.632669468854397,8.881689127320868,8.521994590759277,8.521994590759277,28295,0.0,0.0
1998-11-23 00:00:00-05:00,8.41131610774673,8.854016644272338,7.96861557122112,8.18996524810791,21011,0.0,0.0
1998-11-24 00:00:00-05:00,8.30064067792732,8.30064067792732,7.85794014140171,8.18996524810791,50986,0.0,0.0
1998-11-25 00:00:00-05:00,8.35598381310176,8.964697571981834,8.272977041986618,8.74334716796875,21151,0.0,0.0
1998-11-27 00:00:00-05:00,8.743346152310226,8.854021045772186,8.521995774009998,8.549664497375488,5183,0.0,0.0
1998-11-30 00:00:00-05:00,8.438986190174703,8.854018084605025,8.41131747606283,8.6603364944458,53088,0.0,0.0
1998-12-01 00:00:00-05:00,8.798682377373302,8.85401981642086,8.46665656033549,8.521994590759277,43142,0.0,0.0
1998-12-02 00:00:00-05:00,8.466657021148016,8.743345414197513,8.41131957908862,8.577332496643066,18770,0.0,0.0
1998-12-03 00:00:00-05:00,8.411321640014648,8.632672053863349,8.411321640014648,8.411321640014648,24933,0.0,0.0
1998-12-04 00:00:00-05:00,8.57732707260215,8.57732707260215,8.41131426002916,8.438982963562012,27454,0.0,0.0
1998-12-07 00:00:00-05:00,8.743344680831491,8.743344680831491,8.245305969942171,8.605000495910645,42162,0.0,0.0
1998-12-08 00:00:00-05:00,8.35598087310791,8.60499991608496,8.35598087310791,8.35598087310791,40061,0.0,0.0
1998-12-09 00:00:00-05:00,8.632668632929503,8.715675374839298,8.35598087310791,8.35598087310791,42582,0.0,0.0
1998-12-10 00:00:00-05:00,8.355979024499726,8.715673446655273,8.355979024499726,8.715673446655273,18069,0.0,0.0
1998-12-11 00:00:00-05:00,8.41131746117755,8.660336479119838,8.245304585423987,8.300642013549805,37680,0.0,0.0
1998-12-14 00:00:00-05:00,8.189964510640465,8.411315350347692,8.023952267923987,8.106958389282227,22272,0.0,0.0
1998-12-15 00:00:00-05:00,8.245302446374362,8.30063986014419,7.968614786149265,8.272971153259277,18910,0.0,0.0
1998-12-16 00:00:00-05:00,8.245305414353572,8.35598087310791,8.079293113286317,8.35598087310791,13307,0.0,0.0
1998-12-17 00:00:00-05:00,8.07929515838623,8.300644949172511,8.07929515838623,8.07929515838623,1681,0.0,0.0
1998-12-18 00:00:00-05:00,8.134628873687191,8.189966300016355,7.857941150665284,7.857941150665283,25073,0.0,0.0
1998-12-21 00:00:00-05:00,7.996286520976576,8.07929386195442,7.8579429239342495,7.968618392944336,51827,0.0,0.0
1998-12-22 00:00:00-05:00,7.8026022823570855,7.968615725998753,7.525914589498367,7.747264862060547,22692,0.0,0.0
1998-12-23 00:00:00-05:00,7.525916582288223,7.608922734712256,7.304566251114617,7.470579147338867,54768,0.0,0.0
1998-12-24 00:00:00-05:00,7.470577169201828,7.8579402940296506,7.470577169201828,7.747264862060547,10926,0.0,0.0
1998-12-28 00:00:00-05:00,7.691928280301703,7.940947290159029,7.525915409938122,7.857941150665283,29415,0.0,0.0
1998-12-29 00:00:00-05:00,7.747262489629558,7.747262489629558,7.193886681995425,7.525912284851074,100992,0.0,0.0
1998-12-30 00:00:00-05:00,7.30456676163627,7.968618392944335,7.30456676163627,7.968618392944336,43703,0.0,0.0
1998-12-31 00:00:00-05:00,8.079291001040529,8.18996524810791,7.63658928176289,8.18996524810791,16388,0.0,0.0
1999-01-04 00:00:00-05:00,7.857940679861104,8.300641246722432,7.636589805054384,7.913278102874756,44263,0.0,0.0
1999-01-05 00:00:00-05:00,7.857939822622793,8.411315766518596,7.802601814270019,7.8026018142700195,19890,0.0,0.0
1999-01-06 00:00:00-05:00,7.8026022823570855,8.245303418857473,7.691927441764008,7.747264862060547,20451,0.0,0.0
1999-01-07 00:00:00-05:00,7.69192886352539,7.968617198902677,7.69192886352539,7.691928863525391,31376,0.0,0.0
1999-01-08 00:00:00-05:00,7.691931381846079,7.747268830488435,7.525918444542679,7.636593341827393,29275,0.0,0.0
1999-01-11 00:00:00-05:00,7.5812572203662665,7.6365940830030565,7.249230722158044,7.304568767547607,46924,0.0,0.0
1999-01-12 00:00:00-05:00,7.304568426552898,7.691931769314863,7.304568426552898,7.581256866455078,27174,0.0,0.0
1999-01-13 00:00:00-05:00,7.415239467639894,7.7472651860567305,7.304564622418315,7.498246192932129,38380,0.0,0.0
1999-01-14 00:00:00-05:00,7.415241121013328,7.525916582288223,7.304566251114617,7.470579147338867,16809,0.0,0.0
1999-01-15 00:00:00-05:00,7.3322349781271035,7.3599042892456055,7.08321590907044,7.3599042892456055,46644,0.0,0.0
1999-01-19 00:00:00-05:00,7.110883479017995,7.4152399130344815,7.083214174674599,7.193889617919922,27874,0.0,0.0
1999-01-20 00:00:00-05:00,7.193893268144867,7.4705817209635255,7.027880906105336,7.304568767547607,42582,0.0,0.0
1999-01-21 00:00:00-05:00,7.4705817209635255,7.4705817209635255,7.083217768742126,7.304568767547607,13307,0.0,0.0
1999-01-22 00:00:00-05:00,7.193893682305536,7.415244102478027,6.917205804934027,7.415244102478027,35158,0.0,0.0
1999-01-25 00:00:00-05:00,7.249224085346085,7.747262489629558,6.9725364772169405,7.525912284851074,43563,0.0,0.0
1999-01-26 00:00:00-05:00,7.525914589498367,7.747264862060547,7.525914589498367,7.747264862060547,13727,0.0,0.0
1999-01-27 00:00:00-05:00,7.525919608252483,7.747270028424974,7.193893682305536,7.415244102478027,14708,0.0,0.0
1999-01-28 00:00:00-05:00,7.249231139504554,7.498250879652974,7.138555633730098,7.415244102478027,39080,0.0,0.0
1999-01-29 00:00:00-05:00,7.498243583175745,7.525912284851074,7.249224085346085,7.525912284851074,27314,0.0,0.0
1999-02-01 00:00:00-05:00,7.415240050405612,7.4982467822213685,7.304565196486068,7.442908763885498,13587,0.0,0.0
1999-02-02 00:00:00-05:00,7.304565196486068,7.442908763885499,7.1385517328545545,7.442908763885498,26474,0.0,0.0
1999-02-03 00:00:00-05:00,7.415241121013328,7.470579147338867,7.138552763514185,7.470579147338867,9105,0.0,0.0
1999-02-04 00:00:00-05:00,7.138550809310092,7.4152390910648185,7.110882690785845,7.387570381164551,47345,0.0,0.0
1999-02-05 00:00:00-05:00,7.415244102478027,7.636594522650518,7.3045691880799914,7.415244102478027,43002,0.0,0.0
1999-02-08 00:00:00-05:00,7.581255870230416,7.581255870230416,7.19389198699414,7.249229431152344,29415,0.0,0.0
1999-02-09 00:00:00-05:00,7.359906645279009,7.415244102478027,7.138555633730098,7.415244102478027,19330,0.0,0.0
1999-02-10 00:00:00-05:00,7.3045691880799914,7.415244102478027,7.193893682305536,7.415244102478027,21011,0.0,0.0
1999-02-11 00:00:00-05:00,7.415244102478027,7.581257656827921,7.3045691880799914,7.415244102478027,27034,0.0,0.0
1999-02-12 00:00:00-05:00,7.691931381846079,7.747268830488435,7.415242955881636,7.636593341827393,28855,0.0,0.0
1999-02-16 00:00:00-05:00,7.415239467639894,7.7472651860567305,7.304564622418315,7.498246192932129,16529,0.0,0.0
1999-02-17 00:00:00-05:00,7.359906221560785,7.5259191749767025,7.249230722158044,7.304568767547607,24092,0.0,0.0
1999-02-18 00:00:00-05:00,7.249224085346085,7.636587091552394,7.249224085346085,7.525912284851074,30116,0.0,0.0
1999-02-19 00:00:00-05:00,7.470579147338867,7.636591452186933,7.332234377213112,7.470579147338867,21431,0.0,0.0
1999-02-22 00:00:00-05:00,7.415243675573962,7.553587901983291,7.249230722158044,7.304568767547607,45664,0.0,0.0
1999-02-23 00:00:00-05:00,7.442910328020759,7.470579638691477,7.249228701583065,7.332234859466553,23532,0.0,0.0
1999-02-24 00:00:00-05:00,7.470581372218934,7.747269220744756,7.249230383746646,7.581256866455078,17089,0.0,0.0
1999-02-25 00:00:00-05:00,7.691931381846079,7.802606279130792,7.581256484561365,7.636593341827393,21991,0.0,0.0
1999-02-26 00:00:00-05:00,7.636593726508612,7.802606672174648,7.525918823648826,7.581256866455078,48045,0.0,0.0
1999-03-01 00:00:00-05:00,7.525912284851074,7.857937887706723,7.470574881500414,7.525912284851074,34598,0.0,0.0
1999-03-02 00:00:00-05:00,7.857939459797812,7.968614880017149,7.525913790515768,7.774933338165283,14007,0.0,0.0
1999-03-03 00:00:00-05:00,7.747264862060547,7.968615725998753,7.636589430091443,7.747264862060547,10646,0.0,0.0
1999-03-04 00:00:00-05:00,7.747267454924164,7.968618392944335,7.747267454924164,7.968618392944336,17509,0.0,0.0
1999-03-05 00:00:00-05:00,7.968615721653125,8.466653686802422,7.968615721653125,8.383646965026855,18910,0.0,0.0
1999-03-08 00:00:00-05:00,8.521993278281114,8.521993278281114,7.69192886352539,7.691928863525391,32917,0.0,0.0
1999-03-09 00:00:00-05:00,7.664263842626448,7.691932571225957,7.415244102478027,7.415244102478027,36139,0.0,0.0
1999-03-10 00:00:00-05:00,7.4705780687414824,7.4705780687414824,7.304565196486068,7.442908763885498,60371,0.0,0.0
1999-03-11 00:00:00-05:00,7.359903909742198,7.581254839019165,7.359903909742198,7.553585529327393,51267,0.0,0.0
1999-03-12 00:00:00-05:00,7.581250279577579,7.691925086278898,7.525912284851074,7.525912284851074,33057,0.0,0.0
1999-03-15 00:00:00-05:00,7.691932571225957,7.691932571225957,7.415244102478027,7.415244102478027,9385,0.0,0.0
1999-03-16 00:00:00-05:00,7.41523688677391,7.581250279577579,7.41523688677391,7.525912284851074,23672,0.0,0.0
1999-03-17 00:00:00-05:00,7.415244102478027,7.553588336851992,7.3045691880799914,7.415244102478027,26054,0.0,0.0
1999-03-18 00:00:00-05:00,7.5812546086137615,7.5812546086137615,7.332234377213112,7.470579147338867,18770,0.0,0.0
1999-03-19 00:00:00-05:00,7.4705817209635255,7.5259191749767025,7.304568767547608,7.304568767547607,19750,0.0,0.0
1999-03-22 00:00:00-05:00,7.249230722158044,7.415243675573962,7.249230722158044,7.304568767547607,21011,0.0,0.0
1999-03-23 00:00:00-05:00,7.249228618747169,7.249228618747169,7.027878866920532,7.083215713500977,34738,0.0,0.0
1999-03-24 00:00:00-05:00,7.083216507301449,7.30456746668683,7.083216507301449,7.249229431152344,13027,0.0,0.0
1999-03-25 00:00:00-05:00,6.640513184907145,7.138551171105537,6.640513184907145,6.668181896209717,48325,0.0,0.0
1999-03-26 00:00:00-05:00,6.972538567548601,7.027876578865161,6.751187705034407,6.861863136291504,66675,0.0,0.0
1999-03-29 00:00:00-05:00,6.751188030117432,6.8618634667037695,6.668181896209717,6.668181896209717,32497,0.0,0.0
1999-03-30 00:00:00-05:00,6.668181575123601,6.861863136291504,6.640512865153332,6.861863136291504,37399,0.0,0.0
1999-03-31 00:00:00-05:00,6.72352401070989,6.8618676515952775,6.640517234802246,6.640517234802246,63033,0.0,0.0
1999-04-01 00:00:00-05:00,6.5851759910583505,6.751188870925443,6.529839152937486,6.58517599105835,35158,0.0,0.0
1999-04-05 00:00:00-04:00,6.640513747978641,6.695851175276031,5.395417494154659,6.142475128173828,116680,0.0,0.0
1999-04-06 00:00:00-04:00,6.170145267689239,6.197813987731934,5.976464227390377,6.197813987731934,81662,0.0,0.0
1999-04-07 00:00:00-04:00,6.197811433310949,6.474499702453613,6.197811433310949,6.474499702453613,57990,0.0,0.0
1999-04-08 00:00:00-04:00,6.363826274871826,6.502170452885601,6.308488840216788,6.363826274871826,40621,0.0,0.0
1999-04-09 00:00:00-04:00,6.474501370141069,6.640514256112693,6.419163938609243,6.502170085906982,38380,0.0,0.0
1999-04-12 00:00:00-04:00,6.529841094545873,6.585177949120814,6.253152682037066,6.41916561126709,45103,0.0,0.0
1999-04-13 00:00:00-04:00,6.419161092339849,6.6405113116961525,6.308485686973756,6.446829795837402,51547,0.0,0.0
1999-04-14 00:00:00-04:00,6.3638256816942675,6.640514011931464,6.308488252197279,6.58517599105835,50846,0.0,0.0
1999-04-15 00:00:00-04:00,6.640512865153332,7.027876578865161,6.640512865153332,6.861863136291504,26754,0.0,0.0
1999-04-16 00:00:00-04:00,6.751187792975819,6.9725386583733435,6.695850372314452,6.695850372314453,44543,0.0,0.0
1999-04-19 00:00:00-04:00,6.861863136291504,6.972538567548601,6.585174853836772,6.861863136291504,55889,0.0,0.0
1999-04-20 00:00:00-04:00,6.972541030101359,7.525917199075458,6.861865559756047,7.3599042892456055,76480,0.0,0.0
1999-04-21 00:00:00-04:00,7.525914589498367,7.747264862060547,7.193888884967083,7.747264862060547,34178,0.0,0.0
1999-04-22 00:00:00-04:00,7.581250279577579,7.747262489629558,7.470574881500414,7.525912284851074,18630,0.0,0.0
1999-04-23 00:00:00-04:00,7.636593341827393,7.747268830488435,7.470580995900322,7.636593341827393,30956,0.0,0.0
1999-04-26 00:00:00-04:00,7.470577102241377,7.553583231942182,7.1938888204866505,7.387570381164551,32777,0.0,0.0
1999-04-27 00:00:00-04:00,7.4152417287301455,7.4152417287301455,7.193891379415753,7.3599042892456055,24092,0.0,0.0
1999-04-28 00:00:00-04:00,7.442907867677532,7.747264862060547,7.249226305263622,7.747264862060547,39220,0.0,0.0
1999-04-29 00:00:00-04:00,7.7472657949164425,7.7472657949164425,7.249227178150197,7.442908763885498,19750,0.0,0.0
1999-04-30 00:00:00-04:00,7.249224085346085,7.636587091552394,7.249224085346085,7.525912284851074,44403,0.0,0.0
1999-05-03 00:00:00-04:00,7.525918444542679,7.719600106167257,7.525918444542679,7.636593341827393,17789,0.0,0.0
1999-05-04 00:00:00-04:00,7.7472651860567305,7.7472651860567305,7.470577481626734,7.498246192932129,18630,0.0,0.0
1999-05-05 00:00:00-04:00,7.470580995900322,7.747268830488435,7.415242955881636,7.636593341827393,14848,0.0,0.0
1999-05-06 00:00:00-04:00,7.63658861935914,7.774933338165283,7.63658861935914,7.774933338165283,17369,0.0,0.0
1999-05-07 00:00:00-04:00,7.691928979315121,7.96861731885751,7.691928979315121,7.885610580444336,40761,0.0,0.0
1999-05-10 00:00:00-04:00,8.250838796435563,8.250838796435563,7.437375516652616,8.134629249572754,29215,0.0,1.05
1999-05-11 00:00:00-04:00,7.669794128226395,8.105578046796396,7.611689645175473,7.960317134857178,42956,0.0,0.0
1999-05-12 00:00:00-04:00,7.669793745501219,8.047473162173974,7.669793745501219,7.902211666107178,24679,0.0,0.0
1999-05-13 00:00:00-04:00,8.134624227877179,8.134624227877179,7.66978869288437,7.698840618133545,20944,0.0,0.0
1999-05-14 00:00:00-04:00,7.669792473899993,7.815053354507346,7.437374591827393,7.437374591827393,25747,0.0,0.0
1999-05-17 00:00:00-04:00,7.756953544065372,7.756953544065372,7.321168899536133,7.321168899536133,5470,0.0,0.0
1999-05-18 00:00:00-04:00,7.321168899536133,7.611691995888958,7.321168899536133,7.321168899536133,13073,0.0,0.0
1999-05-19 00:00:00-04:00,7.263060445950788,7.844105092386536,7.263060445950788,7.6697916984558105,20144,0.0,0.0
1999-05-20 00:00:00-04:00,7.902212969932421,7.902212969932421,7.437377052024924,7.611690521240234,27081,0.0,0.0
1999-05-21 00:00:00-04:00,7.902211438285044,7.902211438285044,7.669793524379734,7.684319496154785,19077,0.0,0.0
1999-05-24 00:00:00-04:00,7.786003297180342,7.960316737634811,7.495480305046749,7.902211666107178,15475,0.0,0.0
1999-05-25 00:00:00-04:00,7.786000629704078,7.960314010438952,7.669791117838222,7.873157024383545,9205,0.0,0.0
1999-05-26 00:00:00-04:00,7.873160114592708,7.960317134857178,7.669794128226395,7.960317134857178,9205,0.0,0.0
1999-05-27 00:00:00-04:00,7.960312429886916,8.01841628721918,7.582633217596444,7.756946563720703,14007,0.0,0.0
1999-05-28 00:00:00-04:00,7.960314278723773,7.960314278723773,7.379269065315406,7.640739440917969,35352,0.0,0.0
1999-06-01 00:00:00-04:00,7.786001842599638,7.8731582508562425,7.669792312630777,7.8441057205200195,4269,0.0,0.0
1999-06-02 00:00:00-04:00,7.786001219118946,7.786001219118946,7.437373839881512,7.6697916984558105,38687,0.0,0.0
1999-06-03 00:00:00-04:00,7.495483875274658,7.669797398757657,7.495483875274658,7.495483875274658,45624,0.0,0.0
1999-06-04 00:00:00-04:00,7.611690276382752,7.611690276382752,6.972540909820488,7.088749885559082,71637,0.0,0.0
1999-06-07 00:00:00-04:00,6.856328671899402,7.263060519922851,6.856328671899402,7.2049560546875,26280,0.0,0.0
1999-06-08 00:00:00-04:00,7.2049557950151835,7.2049557950151835,6.827277080285237,6.914433479309082,59498,0.0,0.0
1999-06-09 00:00:00-04:00,6.856333382349788,6.914438478880596,6.507706942799714,6.536758899688721,120996,0.0,0.0
1999-06-10 00:00:00-04:00,6.507705974883026,6.62391496790763,6.478653430938721,6.478653430938721,77774,0.0,0.0
1999-06-11 00:00:00-04:00,6.798226663878502,6.798226663878502,6.464125749234038,6.507704257965088,66835,0.0,0.0
1999-06-14 00:00:00-04:00,6.507703007678686,6.7401208877563485,6.507703007678686,6.740120887756348,34418,0.0,0.0
1999-06-15 00:00:00-04:00,6.507703007678686,6.7401208877563485,6.507703007678686,6.740120887756348,11606,0.0,0.0
1999-06-16 00:00:00-04:00,6.594862779919072,6.914437823673854,6.565810234406665,6.682019233703613,30282,0.0,0.0
1999-06-17 00:00:00-04:00,6.74012218269582,6.856330553685032,6.507704257965088,6.507704257965088,16809,0.0,0.0
1999-06-18 00:00:00-04:00,6.7255945133955,6.885381958227973,6.594859600067139,6.594859600067139,22145,0.0,0.0
1999-06-21 00:00:00-04:00,6.507703963728492,6.827278891472197,6.3914944152412225,6.798226356506348,28281,0.0,0.0
1999-06-22 00:00:00-04:00,6.74012282456509,6.74012282456509,6.449600390984907,6.5658087730407715,16675,0.0,0.0
1999-06-23 00:00:00-04:00,6.507703539517249,6.536755481213191,6.333390115213332,6.420546531677246,49092,0.0,0.0
1999-06-24 00:00:00-04:00,6.333390115213332,6.507703539517249,6.333390115213332,6.420546531677246,35752,0.0,0.0
1999-06-25 00:00:00-04:00,6.420547240502987,6.565808147771618,6.39149470422357,6.507704257965088,18543,0.0,0.0
1999-06-28 00:00:00-04:00,6.507706247596006,6.522231633112397,6.391496658325195,6.391496658325195,14941,0.0,0.0
1999-06-29 00:00:00-04:00,6.449599776782406,6.74012218269582,6.39149470422357,6.507704257965088,34818,0.0,0.0
1999-06-30 00:00:00-04:00,6.507704597446213,7.146853923797607,6.449600113232449,7.146853923797607,195835,0.0,0.0
1999-07-01 00:00:00-04:00,7.204954803956631,7.553581534849521,7.146850348807816,7.379268169403076,61899,0.0,0.0
1999-07-02 00:00:00-04:00,7.437372713627358,7.437372713627358,6.972537066869622,7.175902366638184,18009,0.0,0.0
1999-07-06 00:00:00-04:00,7.030640274092522,7.146849766294229,6.652961642096371,7.001588344573975,27348,0.0,0.0
1999-07-07 00:00:00-04:00,6.696543720307801,6.8853837456670774,6.565808773040771,6.5658087730407715,45223,0.0,0.0
1999-07-08 00:00:00-04:00,6.565810856577728,6.740124963417361,6.507706942799714,6.536758899688721,35485,0.0,0.0
1999-07-09 00:00:00-04:00,6.682019583617073,6.798229180375845,6.623915672302246,6.623915672302246,22011,0.0,0.0
1999-07-12 00:00:00-04:00,6.507702387229695,6.652963252740939,6.507702387229695,6.522227764129639,41755,0.0,0.0
1999-07-13 00:00:00-04:00,6.74012218269582,6.74012218269582,6.39149470422357,6.507704257965088,36952,0.0,0.0
1999-07-14 00:00:00-04:00,6.507704257965088,6.594860684051036,6.39149470422357,6.507704257965088,19077,0.0,0.0
1999-07-15 00:00:00-04:00,6.507704257965088,6.594860684051036,6.39149470422357,6.507704257965088,20544,0.0,0.0
1999-07-16 00:00:00-04:00,6.507704257965088,6.74012218269582,6.420547240502987,6.507704257965088,56029,0.0,0.0
1999-07-19 00:00:00-04:00,6.740120652327202,6.740120652327202,6.33338937639822,6.44959831237793,42956,0.0,0.0
1999-07-20 00:00:00-04:00,6.449598312377929,6.594859186664556,6.362440723329119,6.44959831237793,32550,0.0,0.0
1999-07-21 00:00:00-04:00,6.449600390984907,6.711070285518967,6.449600390984907,6.5658087730407715,6003,0.0,0.0
1999-07-22 00:00:00-04:00,6.623915672302246,6.711072130650859,6.53675862257726,6.623915672302246,34551,0.0,0.0
1999-07-23 00:00:00-04:00,6.623913851133017,6.74012282456509,6.507704877700944,6.5658087730407715,22145,0.0,0.0
1999-07-26 00:00:00-04:00,6.711069107055664,6.856330002649847,6.507703734948588,6.711069107055664,28148,0.0,0.0
1999-07-27 00:00:00-04:00,6.667493066069357,6.711070992162776,6.59486200649445,6.652966499328613,31483,0.0,0.0
1999-07-28 00:00:00-04:00,6.638441035215938,6.769176006317139,6.638441035215938,6.769176006317139,32817,0.0,0.0
1999-07-29 00:00:00-04:00,6.623912687974376,6.7982261175130585,6.623912687974376,6.711069107055664,13607,0.0,0.0
1999-07-30 00:00:00-04:00,6.667493579558603,6.798228550659804,6.667493579558603,6.769176006317139,14407,0.0,0.0
1999-08-02 00:00:00-04:00,6.827281095002469,6.885385000935164,6.68201896466546,6.769176006317139,4269,0.0,0.0
1999-08-03 00:00:00-04:00,6.812752088797256,6.812752088797256,6.711069107055664,6.711069107055664,22412,0.0,0.0
1999-08-04 00:00:00-04:00,6.711069342984928,6.856330243685793,6.711069342984928,6.798226356506348,74172,0.0,0.0
1999-08-05 00:00:00-04:00,6.740121641000164,6.7982261175130585,6.711069107055664,6.711069107055664,21745,0.0,0.0
1999-08-06 00:00:00-04:00,6.682015826360893,6.885381767116867,6.682015826360893,6.740120887756348,24012,0.0,0.0
1999-08-09 00:00:00-04:00,6.682018450057559,6.682018450057559,6.623914548599667,6.652966499328613,9872,0.0,0.0
1999-08-10 00:00:00-04:00,6.536758280270598,6.885385278161445,6.536758280270598,6.682019233703613,27214,0.0,0.0
1999-08-11 00:00:00-04:00,6.565807620085375,6.769173583568559,6.565807620085375,6.711069107055664,13874,0.0,0.0
1999-08-12 00:00:00-04:00,6.769176920306368,6.769176920306368,6.536758899688721,6.536758899688721,23479,0.0,0.0
1999-08-13 00:00:00-04:00,6.594860154029876,6.711069107055664,6.594860154029876,6.711069107055664,21745,0.0,0.0
1999-08-16 00:00:00-04:00,6.827278651457559,6.827278651457559,6.507703734948588,6.711069107055664,24146,0.0,0.0
1999-08-17 00:00:00-04:00,6.827280569207374,6.827280569207374,6.652966499328613,6.652966499328613,20010,0.0,0.0
1999-08-18 00:00:00-04:00,6.682016808019079,6.798226356506348,6.682016808019079,6.798226356506348,1067,0.0,0.0
1999-08-19 00:00:00-04:00,6.59486200649445,6.827280569207374,6.59486200649445,6.652966499328613,22545,0.0,0.0
1999-08-20 00:00:00-04:00,6.682019233703613,6.74012432472843,6.682019233703613,6.682019233703613,9071,0.0,0.0
1999-08-23 00:00:00-04:00,6.740119682673469,6.856328010559082,6.682014631666761,6.856328010559082,8671,0.0,0.0
1999-08-24 00:00:00-04:00,6.856332456592499,6.856332456592499,6.594862514390099,6.769176006317139,25213,0.0,0.0
1999-08-25 00:00:00-04:00,6.7401208877563485,6.856329236419139,6.7401208877563485,6.740120887756348,14808,0.0,0.0
1999-08-26 00:00:00-04:00,6.740124677684645,6.769176633342059,6.59486312526846,6.623915672302246,13207,0.0,0.0
1999-08-27 00:00:00-04:00,6.682015826360893,6.798225357775763,6.59485941701979,6.740120887756348,21078,0.0,0.0
1999-08-30 00:00:00-04:00,6.609385386680634,6.7401208877563485,6.609385386680634,6.740120887756348,22011,0.0,0.0
1999-08-31 00:00:00-04:00,6.682016573111165,6.711069107055664,6.594860154029876,6.711069107055664,28148,0.0,0.0
1999-09-01 00:00:00-04:00,6.68201896466546,6.769176006317139,6.652967011699112,6.769176006317139,64033,0.0,0.0
1999-09-02 00:00:00-04:00,6.769176633342059,6.769176633342059,6.623915672302246,6.623915672302246,17342,0.0,0.0
1999-09-03 00:00:00-04:00,6.62391532543148,6.711071779216022,6.594862779919072,6.682019233703613,25613,0.0,0.0
1999-09-07 00:00:00-04:00,6.652964071699306,6.652964071699306,6.594859600067139,6.594859600067139,15475,0.0,0.0
1999-09-08 00:00:00-04:00,6.5948634048431325,6.6093893832876365,6.536758899688721,6.536758899688721,20010,0.0,0.0
1999-09-09 00:00:00-04:00,6.56580665698162,6.56580665698162,6.391493253012055,6.44959831237793,25213,0.0,0.0
1999-09-10 00:00:00-04:00,6.449601748648767,6.507706247596006,6.391496658325195,6.391496658325195,46824,0.0,0.0
1999-09-13 00:00:00-04:00,6.420549203486981,6.420549203486981,6.275287660430719,6.391496658325195,55762,0.0,0.0
1999-09-14 00:00:00-04:00,6.391494324583549,6.391494324583549,6.18812894821167,6.18812894821167,25480,0.0,0.0
1999-09-15 00:00:00-04:00,6.275287660430719,6.391496658325195,6.042869664641766,6.391496658325195,141540,0.0,0.0
1999-09-16 00:00:00-04:00,6.362440902942847,6.391493433445946,6.1590761463013335,6.304337024688721,38153,0.0,0.0
1999-09-17 00:00:00-04:00,6.246234330162885,6.246234330162885,6.07192087173462,6.071920871734619,15208,0.0,0.0
1999-09-20 00:00:00-04:00,6.1009741635890045,6.391496658325195,6.1009741635890045,6.391496658325195,2001,0.0,0.0
1999-09-21 00:00:00-04:00,6.333393187214597,6.333393187214597,6.042870081080924,6.217183589935303,16809,0.0,0.0
1999-09-22 00:00:00-04:00,6.071916437468021,6.391490582182914,5.926655032506144,5.955707550048828,34818,0.0,0.0
1999-09-23 00:00:00-04:00,5.999288955981014,6.042866866480355,5.926657922396659,6.013814926147461,60832,0.0,0.0
1999-09-24 00:00:00-04:00,5.926655032506144,5.98475947621574,5.636132813958162,5.955707550048828,57230,0.0,0.0
1999-09-27 00:00:00-04:00,5.984764508429273,5.984764508429273,5.810451030731201,5.810451030731201,15208,0.0,0.0
1999-09-28 00:00:00-04:00,5.810446145086951,5.955707550048828,5.810446145086951,5.955707550048828,42822,0.0,0.0
1999-09-29 00:00:00-04:00,5.9557130822490185,5.9557130822490185,5.694242546990678,5.926660537719727,16542,0.0,0.0
1999-09-30 00:00:00-04:00,5.98476321557015,6.100972175598145,5.810449775528158,6.1009721755981445,26414,0.0,0.0
1999-10-01 00:00:00-04:00,6.100972140199327,6.188129155402695,5.984763180845595,6.042867660522461,6804,0.0,0.0
1999-10-04 00:00:00-04:00,5.955713521919052,6.100974481160182,5.752347469329834,5.752347469329834,19477,0.0,0.0
1999-10-05 00:00:00-04:00,5.868553511582988,5.868553511582988,5.403716594488086,5.578030586242676,91247,0.0,0.0
1999-10-06 00:00:00-04:00,5.607083320617676,5.607083320617676,5.578031378781486,5.607083320617676,53895,0.0,0.0
1999-10-07 00:00:00-04:00,5.432769895472263,5.607083320617676,5.418243924554168,5.607083320617676,30149,0.0,0.0
1999-10-08 00:00:00-04:00,5.607082523951103,5.607082523951103,5.519926119449814,5.578030586242676,29349,0.0,0.0
1999-10-11 00:00:00-04:00,5.665188387042238,5.665188387042238,5.578031378781486,5.607083320617676,27214,0.0,0.0
1999-10-12 00:00:00-04:00,5.592556334695493,5.723291231983195,5.578030366413744,5.665187358856201,109657,0.0,0.0
1999-10-13 00:00:00-04:00,5.650662504495333,5.926658942020625,5.636136531829834,5.636136531829834,25747,0.0,0.0
1999-10-14 00:00:00-04:00,5.63613883850585,5.92666136759743,5.63613883850585,5.868557453155518,30683,0.0,0.0
1999-10-15 00:00:00-04:00,5.636135053035537,5.868553511582988,5.578030586242676,5.578030586242676,15208,0.0,0.0
1999-10-18 00:00:00-04:00,5.665190050214644,5.868556068276027,5.665190050214644,5.694242000579834,2801,0.0,0.0
1999-10-19 00:00:00-04:00,5.694243344324167,5.868557453155518,5.578034332687535,5.868557453155518,40688,0.0,0.0
1999-10-20 00:00:00-04:00,5.694240782461266,6.042867660522461,5.578031823107534,6.042867660522461,48292,0.0,0.0
1999-10-21 00:00:00-04:00,6.071920196048963,6.071920196048963,5.955711236695231,6.042867660522461,38687,0.0,0.0
1999-10-22 00:00:00-04:00,6.100972298310156,6.507704257965088,5.984763335944789,6.507704257965088,131135,0.0,0.0
1999-10-25 00:00:00-04:00,6.507706247596006,6.6239152454904815,6.333392750754291,6.391496658325195,21611,0.0,0.0
1999-10-26 00:00:00-04:00,6.5948627003286955,6.740124243384957,6.304340205592505,6.391496658325195,37086,0.0,0.0
1999-10-27 00:00:00-04:00,6.275287660430719,6.682019153061385,6.275287660430719,6.391496658325195,2935,0.0,0.0
1999-10-28 00:00:00-04:00,6.6529631207920135,6.740120111470953,6.2171793501492605,6.2752838134765625,39087,0.0,0.0
1999-10-29 00:00:00-04:00,6.333390687030276,6.507704127072268,6.100972175598145,6.1009721755981445,18676,0.0,0.0
1999-11-01 00:00:00-05:00,6.246233226400033,6.740121567027258,6.100971741023991,6.333390235900879,42155,0.0,0.0
1999-11-02 00:00:00-05:00,6.5077029640823065,6.5077029640823065,6.304337024688721,6.304337024688721,14674,0.0,0.0
1999-11-03 00:00:00-05:00,6.594859372839532,6.711068312099856,6.21718002455546,6.304337024688721,87112,0.0,0.0
1999-11-04 00:00:00-05:00,6.2171793501492605,6.391492740131167,6.2171793501492605,6.2752838134765625,40421,0.0,0.0
1999-11-05 00:00:00-05:00,6.24623613709922,6.333393187214597,6.159079678360218,6.217183589935303,18543,0.0,0.0
1999-11-08 00:00:00-05:00,6.2171793501492605,6.36244021277953,6.2171793501492605,6.2752838134765625,20544,0.0,0.0
1999-11-09 00:00:00-05:00,6.217180692774385,6.478651129900822,6.217180692774385,6.333390235900879,14141,0.0,0.0
1999-11-10 00:00:00-05:00,6.420546654025625,6.420546654025625,6.333390235900878,6.333390235900879,44023,0.0,0.0
1999-11-11 00:00:00-05:00,6.420549203486981,6.420549203486981,6.333392750754291,6.391496658325195,16008,0.0,0.0
1999-11-12 00:00:00-05:00,6.391493433445946,6.391493433445946,6.304337024688721,6.304337024688721,14541,0.0,0.0
1999-11-15 00:00:00-05:00,6.333392562405038,6.420549012545775,6.333392562405038,6.362443923950195,44290,0.0,0.0
1999-11-16 00:00:00-05:00,6.333392750754291,6.652967199275934,6.333392750754291,6.391496658325195,46157,0.0,0.0
1999-11-17 00:00:00-05:00,6.65296365465441,6.65296365465441,6.33338937639822,6.44959831237793,48559,0.0,0.0
1999-11-18 00:00:00-05:00,6.44959871667475,6.623912131571251,6.44959871667475,6.594859600067139,33484,0.0,0.0
1999-11-19 00:00:00-05:00,6.5367575136602865,6.652966499328613,6.4786530208261235,6.652966499328613,45624,0.0,0.0
1999-11-22 00:00:00-05:00,6.59486312526846,6.711072130650859,6.478654119886061,6.623915672302246,47625,0.0,0.0
1999-11-23 00:00:00-05:00,6.74012218269582,6.74012218269582,6.507704257965088,6.507704257965088,22945,0.0,0.0
1999-11-24 00:00:00-05:00,6.507706326134531,6.74012432472843,6.507706326134531,6.682019233703613,31350,0.0,0.0
1999-11-26 00:00:00-05:00,6.623915672302246,6.623915672302246,6.623915672302246,6.623915672302246,2001,0.0,0.0
1999-11-29 00:00:00-05:00,6.783699446342215,7.815053354507346,6.769172885180644,7.437374591827393,142074,0.0,0.0
1999-11-30 00:00:00-05:00,7.2340110422522725,7.669795010978672,7.146854603332737,7.611690521240234,91914,0.0,0.0
1999-12-01 00:00:00-05:00,7.379268169403076,7.611685989998337,7.204954803956631,7.379268169403076,26147,0.0,0.0
1999-12-02 00:00:00-05:00,7.379273991907782,7.437378492903076,7.175907942736075,7.321168899536133,41622,0.0,0.0
1999-12-03 00:00:00-05:00,7.40832265225634,7.64074053432894,7.321165059415048,7.437374591827393,33884,0.0,0.0
1999-12-06 00:00:00-05:00,7.321167731889666,7.960318323653058,7.321167731889666,7.524533748626709,47358,0.0,0.0
1999-12-07 00:00:00-05:00,7.52453374862671,7.56811226526697,7.234011289985404,7.524533748626709,24679,0.0,0.0
1999-12-08 00:00:00-05:00,7.524531147265162,7.902210508616652,7.2340087890625,7.2340087890625,28682,0.0,0.0
1999-12-09 00:00:00-05:00,7.204955359719658,7.234007293847077,6.856328010559082,6.856328010559082,40421,0.0,0.0
1999-12-10 00:00:00-05:00,6.885380952050487,6.972537942450303,6.885380952050487,6.914433479309082,20277,0.0,0.0
1999-12-13 00:00:00-05:00,6.972537521196563,6.972537521196563,6.769171616800889,6.856328010559082,52561,0.0,0.0
1999-12-14 00:00:00-05:00,6.769173228515104,6.972539181331433,6.769173228515104,6.885382175445557,13607,0.0,0.0
1999-12-15 00:00:00-05:00,6.856329236419139,6.914434297814594,6.6239119477175175,6.740120887756348,31883,0.0,0.0
1999-12-16 00:00:00-05:00,6.62391532543148,6.74012432472843,6.39149673546124,6.682019233703613,33617,0.0,0.0
1999-12-17 00:00:00-05:00,6.623914548599667,6.798228027102156,6.5367575136602865,6.652966499328613,44156,0.0,0.0
1999-12-20 00:00:00-05:00,6.652963887039205,6.914434297814594,6.565806886322062,6.740120887756348,69369,0.0,0.0
1999-12-21 00:00:00-05:00,6.623913220330454,6.769174127599085,6.4786517216856705,6.507704257965088,269206,0.0,0.0
1999-12-22 00:00:00-05:00,6.522231359790715,6.536757927451022,6.478653430938721,6.478653430938721,42155,0.0,0.0
1999-12-23 00:00:00-05:00,6.507706247596006,6.536758201381457,6.391496658325195,6.391496658325195,169421,0.0,0.0
1999-12-27 00:00:00-05:00,6.347918727647017,6.420549203486981,6.275287660430719,6.391496658325195,75239,0.0,0.0
1999-12-28 00:00:00-05:00,6.333392750754291,6.449601748648767,6.275287660430719,6.391496658325195,77774,0.0,0.0
1999-12-29 00:00:00-05:00,6.362441586774328,6.6529645575264125,6.333390235900878,6.333390235900879,92048,0.0,0.0
1999-12-30 00:00:00-05:00,6.333388868179837,6.333388868179837,6.2171793501492605,6.2752838134765625,25480,0.0,0.0
1999-12-31 00:00:00-05:00,6.246233671321209,6.275285615640137,6.100972175598145,6.1009721755981445,26814,0.0,0.0
2000-01-03 00:00:00-05:00,6.100971338522203,6.275284754647746,6.013814926147461,6.013814926147461,18009,0.0,0.0
2000-01-04 00:00:00-05:00,6.013818422013106,6.071922927831421,5.868557453155518,5.868557453155518,16409,0.0,0.0
2000-01-05 00:00:00-05:00,5.984765035401989,6.071922077613544,5.810451542355202,5.926660537719727,112192,0.0,0.0
2000-01-06 00:00:00-05:00,5.839504904558158,5.95571391619479,5.839504904558158,5.868557453155518,43623,0.0,0.0
2000-01-07 00:00:00-05:00,6.042870379234062,6.042870379234062,5.578034332687535,5.868557453155518,90847,0.0,0.0
2000-01-10 00:00:00-05:00,5.766871468571649,5.810449977944309,5.636136531829834,5.636136531829834,30282,0.0,0.0
2000-01-11 00:00:00-05:00,5.766872467869072,5.897607427264953,5.665190050214644,5.694242000579834,33751,0.0,0.0
2000-01-12 00:00:00-05:00,5.79592491059033,5.926659867752676,5.723293853165689,5.897607326507568,28948,0.0,0.0
2000-01-13 00:00:00-05:00,5.694242908228459,5.9266609137019035,5.6070858604877385,5.883082389831543,28548,0.0,0.0
2000-01-14 00:00:00-05:00,5.883082840389592,5.92666136759743,5.694243344324167,5.868557453155518,43889,0.0,0.0
2000-01-18 00:00:00-05:00,5.781398935655903,5.984764358866636,5.781398935655903,5.897607326507568,36285,0.0,0.0
2000-01-19 00:00:00-05:00,5.883081351573143,5.926659867752676,5.86855596801497,5.897607326507568,25880,0.0,0.0
2000-01-20 00:00:00-05:00,5.694241903296836,5.926659867752676,5.694241903296836,5.897607326507568,54695,0.0,0.0
2000-01-21 00:00:00-05:00,5.839504086884494,5.926660537719727,5.723294500143648,5.926660537719727,20411,0.0,0.0
2000-01-24 00:00:00-05:00,5.926659212390205,5.926659212390205,5.7523457583236866,5.781398296356201,16275,0.0,0.0
2000-01-25 00:00:00-05:00,5.752347850142482,5.92666136759743,5.752347850142482,5.868557453155518,25880,0.0,0.0
2000-01-26 00:00:00-05:00,5.86855596801497,5.926659867752676,5.781398935655903,5.897607326507568,25613,0.0,0.0
2000-01-27 00:00:00-05:00,5.839504086884494,5.926660537719727,5.839504086884494,5.926660537719727,62699,0.0,0.0
2000-01-28 00:00:00-05:00,5.897607326507569,5.926659867752676,5.86855596801497,5.897607326507568,29615,0.0,0.0
2000-01-31 00:00:00-05:00,5.868552907843599,6.04286569891339,5.8104478556524075,5.9847612380981445,34685,0.0,0.0
2000-02-01 00:00:00-05:00,6.100972175598145,6.159077246988284,5.897606199861084,6.1009721755981445,120729,0.0,0.0
2000-02-02 00:00:00-05:00,5.984763180845595,6.100972140199327,5.984763180845595,6.042867660522461,39087,0.0,0.0
2000-02-03 00:00:00-05:00,6.159077211252331,6.159077211252331,6.042867660522461,6.042867660522461,68702,0.0,0.0
2000-02-04 00:00:00-05:00,6.04286833297514,6.100972819117896,6.04286833297514,6.071920871734619,15341,0.0,0.0
2000-02-07 00:00:00-05:00,6.071918225008986,6.159075211919827,5.9847612380981445,5.9847612380981445,20144,0.0,0.0
2000-02-08 00:00:00-05:00,5.926660537719727,6.071922077613544,5.868556631413786,5.926660537719727,33217,0.0,0.0
2000-02-09 00:00:00-05:00,5.926660537719727,5.984765035401989,5.7523470446729394,5.926660537719727,43756,0.0,0.0
2000-02-10 00:00:00-05:00,5.868556114673495,5.926660015863249,5.7523465381651775,5.810451030731201,86978,0.0,0.0
2000-02-11 00:00:00-05:00,5.810451971301559,5.810451971301559,5.694242967358109,5.752347469329834,29215,0.0,0.0
2000-02-14 00:00:00-05:00,5.6942416495317385,5.86855570648153,5.6942416495317385,5.745082855224609,13340,0.0,0.0
2000-02-15 00:00:00-05:00,5.781396690161993,5.810448628747077,5.578030754562317,5.803185939788818,16142,0.0,0.0
2000-02-16 00:00:00-05:00,5.810452355960798,5.868557453155518,5.63613883850585,5.868557453155518,26013,0.0,0.0
2000-02-17 00:00:00-05:00,5.694240782461266,6.478651553787024,5.694240782461266,6.042867660522461,68435,0.0,0.0
2000-02-18 00:00:00-05:00,6.042867660522461,6.159077211252331,5.752345262138132,6.042867660522461,15741,0.0,0.0
2000-02-22 00:00:00-05:00,5.7523465381651775,6.01381705040042,5.694242045599154,5.810451030731201,25080,0.0,0.0
2000-02-23 00:00:00-05:00,5.694239637133801,6.623911716347493,5.636135169143946,6.44959831237793,44957,0.0,0.0
2000-02-24 00:00:00-05:00,6.478653702434219,6.507706247596006,6.391496658325195,6.391496658325195,12006,0.0,0.0
2000-02-25 00:00:00-05:00,5.897606165642228,6.217181099553059,5.868554812868002,6.042867660522461,19477,0.0,0.0
2000-02-28 00:00:00-05:00,5.868553280304613,6.04286608243756,5.636134830916721,5.665187358856201,52961,0.0,0.0
2000-02-29 00:00:00-05:00,5.636136065855556,5.636136065855556,5.287509202449749,5.374666213989258,50159,0.0,0.0
2000-03-01 00:00:00-05:00,5.578031588621255,5.578031588621255,5.374666213989258,5.374666213989258,38553,0.0,0.0
2000-03-02 00:00:00-05:00,5.389191471344756,5.461822509765625,5.229404014745384,5.461822509765625,34818,0.0,0.0
2000-03-03 00:00:00-05:00,5.31656189488765,5.40371832733803,5.2294048710610745,5.345614433288574,20411,0.0,0.0
2000-03-06 00:00:00-05:00,5.519927549763684,5.548980086376161,5.34561410421731,5.403717994689941,34685,0.0,0.0
2000-03-07 00:00:00-05:00,5.3746654212651785,5.5489788272581215,5.287508422580694,5.432769298553467,19477,0.0,0.0
2000-03-08 00:00:00-05:00,5.403717947617049,5.926658871076888,5.28750957630794,5.519927501678467,78707,0.0,0.0
2000-03-09 00:00:00-05:00,5.63613750847319,5.81045098479312,5.578033016366547,5.694242000579834,30016,0.0,0.0
2000-03-10 00:00:00-05:00,5.810451030731201,5.926660015863249,5.694242045599154,5.810451030731201,16275,0.0,0.0
2000-03-13 00:00:00-05:00,5.636136665489517,5.781398169717837,5.548980236053467,5.548980236053467,10139,0.0,0.0
2000-03-14 00:00:00-05:00,5.519927111386954,5.694240543089857,5.374666213989258,5.374666213989258,8805,0.0,0.0
2000-03-15 00:00:00-05:00,5.519927889565531,5.519927889565531,5.345614433288574,5.345614433288574,14407,0.0,0.0
2000-03-16 00:00:00-05:00,5.432769976122057,5.578031461587696,5.345613557943555,5.461822509765625,21478,0.0,0.0
2000-03-17 00:00:00-05:00,5.578031823107534,6.042867660522461,5.54897987895717,6.042867660522461,34418,0.0,0.0
2000-03-20 00:00:00-05:00,5.810449908391625,5.810449908391625,5.345614057650572,5.519927501678467,19343,0.0,0.0
2000-03-21 00:00:00-05:00,5.752344803926899,6.042867179169254,5.578031378781486,5.607083320617676,16008,0.0,0.0
2000-03-22 00:00:00-05:00,5.5780320316124765,5.752345477158851,5.403717994689941,5.403717994689941,20544,0.0,0.0
2000-03-23 00:00:00-05:00,5.519928524259904,6.013817002854504,5.519928524259904,5.694242000579834,23879,0.0,0.0
2000-03-24 00:00:00-05:00,5.4618240321532605,5.78139903442793,5.4037189486703525,5.694242000579834,14808,0.0,0.0
2000-03-27 00:00:00-05:00,5.679716989709269,5.8395045179756035,5.57803396341466,5.752347469329834,21078,0.0,0.0
2000-03-28 00:00:00-05:00,5.63613646436373,5.63613646436373,5.374666594009965,5.519927501678467,23079,0.0,0.0
2000-03-29 00:00:00-05:00,5.519928524259904,5.694242000579833,5.4037189486703525,5.694242000579834,18143,0.0,0.0
2000-03-30 00:00:00-05:00,5.403716594488086,5.636135053035537,5.403716594488086,5.578030586242676,5336,0.0,0.0
2000-03-31 00:00:00-05:00,5.51992698567666,5.578031461587696,5.40371744247849,5.461822509765625,16942,0.0,0.0
2000-04-03 00:00:00-04:00,5.578030586242676,5.66518758211997,5.5489786485342485,5.578030586242676,11072,0.0,0.0
2000-04-04 00:00:00-04:00,5.578030586242676,5.66518758211997,5.578030586242676,5.578030586242676,15341,0.0,0.0
2000-04-05 00:00:00-04:00,5.665189398817759,5.665189398817759,5.345614433288574,5.345614433288574,22412,0.0,0.0
2000-04-06 00:00:00-04:00,5.374665248155666,5.578030586242676,5.374665248155666,5.578030586242676,13607,0.0,0.0
2000-04-07 00:00:00-04:00,5.578030586242676,5.636135053035537,5.403716594488086,5.578030586242676,11739,0.0,0.0
2000-04-10 00:00:00-04:00,5.534452679680035,5.578030586242676,5.43276912357252,5.578030586242676,1734,0.0,0.0
2000-04-11 00:00:00-04:00,5.519928524259904,5.694242000579833,5.4037189486703525,5.694242000579834,181427,0.0,0.0
2000-04-12 00:00:00-04:00,5.578031461587696,5.578031461587696,5.40371744247849,5.461822509765625,22945,0.0,0.0
2000-04-13 00:00:00-04:00,5.548979519320228,5.607083403855164,5.461822509765625,5.461822509765625,27748,0.0,0.0
2000-04-14 00:00:00-04:00,5.403716413491398,5.461821469714045,5.229403018951416,5.229403018951416,22145,0.0,0.0
2000-04-17 00:00:00-04:00,5.229403816721905,5.490874835484508,5.171299934387207,5.171299934387207,10005,0.0,0.0
2000-04-18 00:00:00-04:00,5.432770865738955,5.432770865738955,5.142248438610695,5.345614433288574,15475,0.0,0.0
2000-04-19 00:00:00-04:00,5.200352466930633,5.287508881808757,5.113195460676432,5.171299934387207,42422,0.0,0.0
2000-04-20 00:00:00-04:00,5.331089219546732,5.331089219546732,5.14224917146831,5.316562652587891,8938,0.0,0.0
2000-04-24 00:00:00-04:00,5.171300658670935,5.69424099531006,5.171300658670935,5.403717994689941,14541,0.0,0.0
2000-04-25 00:00:00-04:00,5.403718012301039,5.984763424058783,5.403718012301039,5.636136531829834,44423,0.0,0.0
2000-04-26 00:00:00-04:00,5.839504086884494,6.042869533084252,5.345615560897103,5.926660537719727,67502,0.0,0.0
2000-04-27 00:00:00-04:00,5.81045098479312,5.98476446111305,5.694242000579833,5.694242000579834,22412,0.0,0.0
2000-04-28 00:00:00-04:00,5.69424040852649,5.897605778352662,5.69424040852649,5.723292350769043,26280,0.0,0.0
2000-05-01 00:00:00-04:00,5.868556631413786,5.926660537719727,5.7523470446729394,5.926660537719727,16675,0.0,0.0
2000-05-02 00:00:00-04:00,5.897606674357691,5.897606674357691,5.7523457583236866,5.781398296356201,19343,0.0,0.0
2000-05-03 00:00:00-04:00,5.810451030731201,5.810451030731201,5.7523465381651775,5.810451030731201,32150,0.0,0.0
2000-05-04 00:00:00-04:00,5.810448224425652,5.810448224425652,5.665187358856201,5.665187358856201,15741,0.0,0.0
2000-05-05 00:00:00-04:00,5.665190095004276,5.868556114673495,5.636137553033129,5.810451030731201,15741,0.0,0.0
2000-05-08 00:00:00-04:00,6.0399646818280495,6.391496507784496,5.944091935566241,6.103879451751709,17342,0.0,1.1
2000-05-09 00:00:00-04:00,6.071920375278683,6.519324822859331,6.071920375278683,6.327579975128174,34927,0.0,0.0
2000-05-10 00:00:00-04:00,6.407474508600373,6.615198365907752,6.391495522893563,6.583240985870361,20981,0.0,0.0
2000-05-11 00:00:00-04:00,6.391491293807791,6.5193213207517315,6.008001804351807,6.008001804351807,32744,0.0,0.0
2000-05-12 00:00:00-04:00,6.0080055411329605,6.327580511569977,6.0080055411329605,6.135835647583008,17585,0.0,0.0
2000-05-15 00:00:00-04:00,6.087900134925523,6.26366662979126,6.008006381145877,6.26366662979126,14189,0.0,0.0
2000-05-16 00:00:00-04:00,6.071920890046087,6.263665754033056,5.944090783596039,6.135835647583008,12976,0.0,0.0
2000-05-17 00:00:00-04:00,5.944090924139235,6.008005683187368,5.752346055618614,5.816260814666748,14674,0.0,0.0
2000-05-18 00:00:00-04:00,5.81626151628724,5.880176874421757,5.688431391394499,5.720389366149902,48874,0.0,0.0
2000-05-19 00:00:00-04:00,5.688430149354526,6.008005096120661,5.624515987927926,5.880175590515137,17342,0.0,0.0
2000-05-22 00:00:00-04:00,5.8801761650911,5.8801761650911,5.6245165375223465,5.816260814666748,19768,0.0,0.0
2000-05-23 00:00:00-04:00,5.624517919817858,5.752347469329834,5.624517919817858,5.752347469329834,22557,0.0,0.0
2000-05-24 00:00:00-04:00,5.656472427719926,5.8482166543788425,5.624515056610107,5.624515056610107,39414,0.0,0.0
2000-05-25 00:00:00-04:00,5.656473480142116,5.784303579741045,5.560600757598876,5.560600757598877,18191,0.0,0.0
2000-05-26 00:00:00-04:00,5.624514260153973,5.816258459661061,5.560598935608963,5.6884284019470215,16493,0.0,0.0
2000-05-30 00:00:00-04:00,5.656473480142116,5.688430265821632,5.560600757598876,5.560600757598877,16615,0.0,0.0
2000-05-31 00:00:00-04:00,5.560599723014405,5.624515056610107,5.496684980794766,5.624515056610107,50693,0.0,0.0
2000-06-01 00:00:00-04:00,5.624516679349719,6.135835947380614,5.560601327313682,5.912133693695068,24740,0.0,0.0
2000-06-02 00:00:00-04:00,5.912133404827578,6.359537890338438,5.8162606771459915,6.135835647583008,18191,0.0,0.0
2000-06-05 00:00:00-04:00,6.26366522300984,6.519324822859331,6.1358351273970175,6.327579975128174,41597,0.0,0.0
2000-06-06 00:00:00-04:00,6.263665735143332,6.6471548705845525,5.880176008325908,6.071920871734619,40021,0.0,0.0
2000-06-07 00:00:00-04:00,6.423454137350552,6.439432533280708,6.135836505468569,6.26366662979126,32138,0.0,0.0
2000-06-08 00:00:00-04:00,6.29562401302786,6.359538779501062,6.26366662979126,6.26366662979126,20132,0.0,0.0
2000-06-09 00:00:00-04:00,6.263663550746688,6.391493020855642,6.263663550746688,6.295620918273926,26074,0.0,0.0
2000-06-12 00:00:00-04:00,6.29562173608362,6.391493851119252,6.29562173608362,6.375515460968018,10915,0.0,0.0
2000-06-13 00:00:00-04:00,6.375514673676432,6.391493061854547,6.327578326390082,6.3595356941223145,52148,0.0,0.0
2000-06-14 00:00:00-04:00,6.32758073063076,6.487367630004883,6.32758073063076,6.487367630004883,39414,0.0,0.0
2000-06-15 00:00:00-04:00,6.551282734568298,6.567261719592443,6.07192087173462,6.071920871734619,26438,0.0,0.0
2000-06-16 00:00:00-04:00,6.071920890046087,6.135835647583008,6.039963511277627,6.135835647583008,5336,0.0,0.0
2000-06-19 00:00:00-04:00,6.135835647583008,6.135835647583008,6.0080055411329605,6.135835647583008,10187,0.0,0.0
2000-06-20 00:00:00-04:00,6.071917113511695,6.231703907971824,6.008001804351807,6.008001804351807,31774,0.0,0.0
2000-06-21 00:00:00-04:00,6.008001804351807,6.008001804351807,6.008001804351807,6.008001804351807,9823,0.0,0.0
2000-06-22 00:00:00-04:00,6.119856644054645,6.231707765095043,6.008005523014247,6.071920871734619,11642,0.0,0.0
2000-06-23 00:00:00-04:00,6.151810806429679,6.167789190187773,6.008001804351807,6.008001804351807,21344,0.0,0.0
2000-06-26 00:00:00-04:00,6.008006381145877,6.26366662979126,6.008006381145877,6.26366662979126,4366,0.0,0.0
2000-06-27 00:00:00-04:00,6.135835647583008,6.135835647583008,5.944090783596039,6.135835647583008,93260,0.0,0.0
2000-06-28 00:00:00-04:00,6.263665754033056,6.263665754033056,6.135835647583008,6.135835647583008,29834,0.0,0.0
2000-06-29 00:00:00-04:00,6.263665062717345,6.263665062717345,6.135834970375802,6.2317070960998535,20859,0.0,0.0
2000-06-30 00:00:00-04:00,6.167793888705169,6.26366662979126,6.167793888705169,6.26366662979126,3032,0.0,0.0
2000-07-03 00:00:00-04:00,6.167793888705169,6.29562401302786,6.167793888705169,6.26366662979126,9217,0.0,0.0
2000-07-05 00:00:00-04:00,6.391493061854547,6.391493061854547,6.327578326390082,6.3595356941223145,20981,0.0,0.0
2000-07-06 00:00:00-04:00,6.3914958348573485,6.64715547901124,6.32758107166294,6.4234538078308105,97263,0.0,0.0
2000-07-07 00:00:00-04:00,6.359538453260145,6.519325952622423,6.359538453260145,6.4234538078308105,22557,0.0,0.0
2000-07-10 00:00:00-04:00,6.519325634419353,6.647155154568913,6.519325634419353,6.583240985870361,23891,0.0,0.0
2000-07-11 00:00:00-04:00,6.61519718170166,6.6471539646421425,6.583239807385055,6.61519718170166,25710,0.0,0.0
2000-07-12 00:00:00-04:00,6.615198365907752,6.647155154568913,6.583240985870361,6.583240985870361,42931,0.0,0.0
2000-07-13 00:00:00-04:00,6.599216101411485,6.599216101411485,6.519322395324707,6.519322395324707,20253,0.0,0.0
2000-07-14 00:00:00-04:00,6.5193244673757205,6.61519718170166,6.5193244673757205,6.61519718170166,7640,0.0,0.0
2000-07-17 00:00:00-04:00,6.6152003937728265,6.647157192230225,6.5193276328949885,6.647157192230225,8004,0.0,0.0
2000-07-18 00:00:00-04:00,6.6471539646421425,6.6471539646421425,6.61519718170166,6.61519718170166,8732,0.0,0.0
2000-07-19 00:00:00-04:00,6.583240985870361,6.647155154568913,6.583240985870361,6.583240985870361,43053,0.0,0.0
2000-07-20 00:00:00-04:00,6.647157192230225,6.647157192230225,6.5193276328949885,6.647157192230225,70340,0.0,0.0
2000-07-21 00:00:00-04:00,6.6471518519628034,6.6471518519628034,6.519322395324707,6.519322395324707,18555,0.0,0.0
2000-07-24 00:00:00-04:00,6.61519718170166,6.679111930334871,6.583239807385055,6.61519718170166,16130,0.0,0.0
2000-07-25 00:00:00-04:00,6.647157192230225,6.647157192230225,6.5832430039390175,6.647157192230225,12491,0.0,0.0
2000-07-26 00:00:00-04:00,6.6471555680345045,6.870858424963432,6.6471555680345045,6.838901042938232,18676,0.0,0.0
2000-07-27 00:00:00-04:00,6.7749834060668945,6.838898739970363,6.7749834060668945,6.7749834060668945,9823,0.0,0.0
2000-07-28 00:00:00-04:00,6.806939264136359,6.838897219671818,6.519322395324707,6.519322395324707,17342,0.0,0.0
2000-07-31 00:00:00-04:00,6.6471518519628034,6.790960877744564,6.519322395324707,6.519322395324707,38929,0.0,0.0
2000-08-01 00:00:00-04:00,6.5193276328949885,6.647157192230225,6.423455463393561,6.647157192230225,89744,0.0,0.0
2000-08-02 00:00:00-04:00,6.455410841506284,6.647155120755233,6.455410841506284,6.487367630004883,64640,0.0,0.0
2000-08-03 00:00:00-04:00,6.407474117679671,6.583240584226128,6.407474117679671,6.455410480499268,31895,0.0,0.0
2000-08-04 00:00:00-04:00,6.583240985870361,6.583240985870361,6.583240985870361,6.583240985870361,1334,0.0,0.0
2000-08-07 00:00:00-04:00,6.647157192230225,6.774987342941872,6.647157192230225,6.647157192230225,41961,0.0,0.0
2000-08-08 00:00:00-04:00,6.711069304651477,6.711069304651477,6.61519718170166,6.61519718170166,47176,0.0,0.0
2000-08-09 00:00:00-04:00,6.679115173440445,6.711072563274254,6.6152003937728265,6.647157192230225,16251,0.0,0.0
2000-08-10 00:00:00-04:00,6.6152003937728265,6.647157192230225,6.5832430039390175,6.647157192230225,12491,0.0,0.0
2000-08-11 00:00:00-04:00,6.631175573171902,6.838899393294022,6.61519718170166,6.61519718170166,17827,0.0,0.0
2000-08-14 00:00:00-04:00,6.6152003937728265,6.711072563274254,6.5832430039390175,6.647157192230225,35534,0.0,0.0
2000-08-15 00:00:00-04:00,6.647155154568913,6.647155154568913,6.583240985870361,6.583240985870361,3638,0.0,0.0
2000-08-16 00:00:00-04:00,6.599215504294424,6.870853962135609,6.583237119348403,6.806938648223877,56029,0.0,0.0
2000-08-17 00:00:00-04:00,6.93477224277698,6.93477224277698,6.806942140742097,6.902814865112305,17464,0.0,0.0
2000-08-18 00:00:00-04:00,6.886835871801476,7.158474445343018,6.838899513793878,7.158474445343018,25346,0.0,0.0
2000-08-21 00:00:00-04:00,7.142495071203664,7.158474053456815,6.958739732172933,7.0945587158203125,21830,0.0,0.0
2000-08-22 00:00:00-04:00,7.158474053456815,7.158474053456815,7.0945587158203125,7.0945587158203125,14068,0.0,0.0
2000-08-23 00:00:00-04:00,7.158474053456815,7.190430835210915,7.0945587158203125,7.0945587158203125,16615,0.0,0.0
2000-08-24 00:00:00-04:00,7.0945587158203125,7.158474053456815,7.062601342690111,7.0945587158203125,55301,0.0,0.0
2000-08-25 00:00:00-04:00,7.158474053456815,7.158474053456815,7.030643378183809,7.0945587158203125,22921,0.0,0.0
2000-08-28 00:00:00-04:00,7.15847573004728,7.15847573004728,7.062602996826172,7.062602996826172,11036,0.0,0.0
2000-08-29 00:00:00-04:00,7.0945587158203125,7.2223887997172165,7.0945587158203125,7.0945587158203125,14674,0.0,0.0
2000-08-30 00:00:00-04:00,7.0945587158203125,7.0945587158203125,7.0945587158203125,7.0945587158203125,15887,0.0,0.0
2000-08-31 00:00:00-04:00,7.11053808733542,7.158474445343018,7.09455910420751,7.158474445343018,39536,0.0,0.0
2000-09-01 00:00:00-04:00,7.110538748501391,7.158475110966301,7.030644416809082,7.030644416809082,16008,0.0,0.0
2000-09-05 00:00:00-04:00,7.158475110966301,7.222389866668721,7.030644416809082,7.030644416809082,5457,0.0,0.0
2000-09-06 00:00:00-04:00,7.222389866668721,7.222389866668721,7.030644416809082,7.030644416809082,20253,0.0,0.0
2000-09-07 00:00:00-04:00,7.0945587158203125,7.158474053456815,6.998686596429709,7.0945587158203125,46085,0.0,0.0
2000-09-08 00:00:00-04:00,7.094559395884092,7.190431524464716,6.998687267303467,6.998687267303467,12734,0.0,0.0
2000-09-11 00:00:00-04:00,7.030643763072002,7.2863045362379,7.030643763072002,7.158474445343018,17585,0.0,0.0
2000-09-12 00:00:00-04:00,7.014665578682861,7.0945587158203125,6.998686596429709,7.0945587158203125,24012,0.0,0.0
2000-09-13 00:00:00-04:00,7.158474445343018,7.158474445343018,7.030643763072002,7.158474445343018,28863,0.0,0.0
2000-09-14 00:00:00-04:00,7.222386353708828,7.286301669699106,7.0306409971138955,7.038630485534668,24740,0.0,0.0
2000-09-15 00:00:00-04:00,7.030644375771002,7.15847506918207,6.902814865112306,6.902814865112305,39536,0.0,0.0
2000-09-18 00:00:00-04:00,7.15847506918207,7.15847506918207,6.902814865112306,6.902814865112305,44629,0.0,0.0
2000-09-19 00:00:00-04:00,7.09455910420751,7.158474445343018,6.9667290133126265,7.158474445343018,38687,0.0,0.0
2000-09-20 00:00:00-04:00,7.030643763072002,7.158474445343018,7.030643763072002,7.158474445343018,9459,0.0,0.0
2000-09-21 00:00:00-04:00,7.062601342690111,7.2223887997172165,7.062601342690111,7.0945587158203125,104903,0.0,0.0
2000-09-22 00:00:00-04:00,7.126514434814453,7.190428569559881,7.094556480377867,7.126514434814453,46812,0.0,0.0
2000-09-25 00:00:00-04:00,7.126516680326614,7.2223887997172165,7.0945587158203125,7.0945587158203125,38565,0.0,0.0
2000-09-26 00:00:00-04:00,7.12651707046333,7.254346569982079,7.09455910420751,7.158474445343018,30076,0.0,0.0
2000-09-27 00:00:00-04:00,7.158474053456815,7.158474053456815,7.0945587158203125,7.0945587158203125,5215,0.0,0.0
2000-09-28 00:00:00-04:00,7.09455910420751,7.158474445343018,7.09455910420751,7.158474445343018,11642,0.0,0.0
2000-09-29 00:00:00-04:00,7.12651773311509,7.174453504203812,7.030644416809082,7.030644416809082,60880,0.0,0.0
2000-10-02 00:00:00-04:00,7.158475110966301,7.158475110966301,7.030644416809082,7.030644416809082,25953,0.0,0.0
2000-10-03 00:00:00-04:00,7.030647309626689,7.094562683003804,7.030647309626689,7.070594787597656,44144,0.0,0.0
2000-10-04 00:00:00-04:00,7.070588605926342,7.158471797875125,7.062599117317196,7.126514434814453,10430,0.0,0.0
2000-10-05 00:00:00-04:00,7.0945587158203125,7.158474053456815,7.030643378183809,7.0945587158203125,49359,0.0,0.0
2000-10-06 00:00:00-04:00,7.07858139144553,7.126518349432324,7.062602996826172,7.062602996826172,14068,0.0,0.0
2000-10-09 00:00:00-04:00,7.078579733567161,7.0945587158203125,7.062601342690111,7.0945587158203125,45357,0.0,0.0
2000-10-10 00:00:00-04:00,7.062602996826172,7.094560377441128,7.062602996826172,7.062602996826172,29349,0.0,0.0
2000-10-11 00:00:00-04:00,7.118528856434525,7.118528856434525,6.998688235596259,7.062602996826172,2062,0.0,0.0
2000-10-12 00:00:00-04:00,6.998684907635034,7.030641681677909,6.87085485458374,6.87085485458374,42446,0.0,0.0
2000-10-13 00:00:00-04:00,7.126514960686326,7.126514960686326,6.87085485458374,6.87085485458374,24740,0.0,0.0
2000-10-16 00:00:00-04:00,6.902814865112306,7.15847506918207,6.902814865112306,6.902814865112305,30804,0.0,0.0
2000-10-17 00:00:00-04:00,7.158475110966301,7.350219378073564,7.030644416809082,7.030644416809082,16493,0.0,0.0
2000-10-18 00:00:00-04:00,6.966729620441654,7.094559722476536,6.902814865112306,6.902814865112305,36746,0.0,0.0
2000-10-19 00:00:00-04:00,6.9667290133126265,7.2863045362379,6.9667290133126265,7.158474445343018,48631,0.0,0.0
2000-10-20 00:00:00-04:00,7.214399703538437,7.222389195102392,7.09455910420751,7.158474445343018,22315,0.0,0.0
2000-10-23 00:00:00-04:00,7.09455910420751,7.158474445343018,7.09455910420751,7.158474445343018,22072,0.0,0.0
2000-10-24 00:00:00-04:00,7.070588605926342,7.126514434814453,7.062599117317196,7.126514434814453,26559,0.0,0.0
2000-10-25 00:00:00-04:00,7.070592489823971,7.15847573004728,7.062602996826172,7.062602996826172,5821,0.0,0.0
2000-10-26 00:00:00-04:00,7.062602996826172,7.126518349432324,7.030645024834976,7.062602996826172,60880,0.0,0.0
2000-10-27 00:00:00-04:00,7.04662236043696,7.0945587158203125,7.030643378183809,7.0945587158203125,27529,0.0,0.0
2000-10-30 00:00:00-05:00,7.030644375771002,7.062602344811862,6.902814865112306,6.902814865112305,42931,0.0,0.0
2000-10-31 00:00:00-05:00,7.062601729327822,7.158474445343018,6.9667290133126265,7.158474445343018,10066,0.0,0.0
2000-11-01 00:00:00-05:00,7.126516680326614,7.126516680326614,6.934771258793207,7.0945587158203125,20738,0.0,0.0
2000-11-02 00:00:00-05:00,7.11053545759616,7.158471797875125,7.03064116288061,7.126514434814453,20859,0.0,0.0
2000-11-03 00:00:00-05:00,7.126514434814453,7.158471797875125,7.03064116288061,7.126514434814453,7277,0.0,0.0
2000-11-06 00:00:00-05:00,7.12651773311509,7.12651773311509,7.030644416809082,7.030644416809082,1334,0.0,0.0
2000-11-07 00:00:00-05:00,7.158474053456815,7.158474053456815,7.030643378183809,7.0945587158203125,29470,0.0,0.0
2000-11-08 00:00:00-05:00,7.150484562330239,7.150484562330239,7.030643378183809,7.0945587158203125,42931,0.0,0.0
2000-11-09 00:00:00-05:00,7.062602996826172,7.126518349432324,7.030645024834976,7.062602996826172,44508,0.0,0.0
2000-11-10 00:00:00-05:00,7.062602344811862,7.062602344811862,6.902814865112306,6.902814865112305,32987,0.0,0.0
2000-11-13 00:00:00-05:00,6.838900109782957,7.030644375771002,6.838900109782957,6.902814865112305,15159,0.0,0.0
2000-11-14 00:00:00-05:00,7.0626033084908935,7.158476045942757,6.838901042938232,6.838901042938232,8489,0.0,0.0
2000-11-15 00:00:00-05:00,6.774987342941872,6.966732273321136,6.647157192230225,6.647157192230225,148562,0.0,0.0
2000-11-16 00:00:00-05:00,6.647154749025269,6.806942230839796,6.455410480499268,6.455410480499268,36504,0.0,0.0
2000-11-17 00:00:00-05:00,6.535304939109154,6.615198688790294,6.4234538078308105,6.4234538078308105,20374,0.0,0.0
2000-11-20 00:00:00-05:00,6.455410480499268,6.455410480499268,6.455410480499268,6.455410480499268,17464,0.0,0.0
2000-11-21 00:00:00-05:00,6.615197962313795,6.647154749025269,6.455410480499268,6.455410480499268,21102,0.0,0.0
2000-11-22 00:00:00-05:00,6.463401515403307,6.463401515403307,6.391496658325195,6.391496658325195,25104,0.0,0.0
2000-11-24 00:00:00-05:00,6.391496658325195,6.391496658325195,6.391496658325195,6.391496658325195,0,0.0,0.0
2000-11-27 00:00:00-05:00,6.391495132947741,6.455410480499268,6.391495132947741,6.455410480499268,4851,0.0,0.0
2000-11-28 00:00:00-05:00,6.391496658325195,6.391496658325195,6.391496658325195,6.391496658325195,8853,0.0,0.0
2000-11-29 00:00:00-05:00,6.399482551631606,6.455408388695013,6.3595356941223145,6.3595356941223145,10308,0.0,0.0
2000-11-30 00:00:00-05:00,6.375518261156096,6.42345463541606,6.3595392726106645,6.391496658325195,39536,0.0,0.0
2000-12-01 00:00:00-05:00,6.42345463541606,6.4554120211305905,6.391496658325195,6.391496658325195,6791,0.0,0.0
2000-12-04 00:00:00-05:00,6.391493061854547,6.391493061854547,6.3595356941223145,6.3595356941223145,9702,0.0,0.0
2000-12-05 00:00:00-05:00,6.583240584226128,6.583240584226128,6.359537754860074,6.455410480499268,23649,0.0,0.0
2000-12-06 00:00:00-05:00,6.519324493939817,6.679111957550049,6.519324493939817,6.679111957550049,6670,0.0,0.0
2000-12-07 00:00:00-05:00,6.583240985870361,6.639166253091737,6.583240985870361,6.583240985870361,970,0.0,0.0
2000-12-08 00:00:00-05:00,6.61519654974839,6.7749834060668945,6.61519654974839,6.7749834060668945,8247,0.0,0.0
2000-12-11 00:00:00-05:00,6.655143396740128,6.77498399289121,6.655143396740128,6.743027210235596,10430,0.0,0.0
2000-12-12 00:00:00-05:00,6.727049491726731,6.7430284774335405,6.583240985870361,6.583240985870361,9217,0.0,0.0
2000-12-13 00:00:00-05:00,6.647153768928207,6.711069107055664,6.58323961355296,6.711069107055664,18434,0.0,0.0
2000-12-14 00:00:00-05:00,6.583239834209585,6.679111957550049,6.583239834209585,6.679111957550049,6913,0.0,0.0
2000-12-15 00:00:00-05:00,6.679115173440445,6.711072563274254,6.5832430039390175,6.647157192230225,8732,0.0,0.0
2000-12-18 00:00:00-05:00,6.647153768928207,6.711069107055664,6.58323961355296,6.711069107055664,8974,0.0,0.0
2000-12-19 00:00:00-05:00,6.61519718170166,6.663132947488507,6.61519718170166,6.61519718170166,4730,0.0,0.0
2000-12-20 00:00:00-05:00,6.615196986928637,6.711069107055664,6.615196986928637,6.711069107055664,35776,0.0,0.0
2000-12-21 00:00:00-05:00,6.647153905388166,6.77498399289121,6.647153905388166,6.743027210235596,24376,0.0,0.0
2000-12-22 00:00:00-05:00,6.838900741145239,7.062602996826172,6.838900741145239,7.062602996826172,28015,0.0,0.0
2000-12-26 00:00:00-05:00,7.12651707046333,7.318261319741453,7.030643763072002,7.158474445343018,51421,0.0,0.0
2000-12-27 00:00:00-05:00,7.286302704909006,7.797621757222069,7.158472646142747,7.6697916984558105,31046,0.0,0.0
2000-12-28 00:00:00-05:00,7.4460886314866235,7.797621426005926,7.382174491882324,7.382174491882324,15644,0.0,0.0
2000-12-29 00:00:00-05:00,7.605879889631063,7.957412242889405,7.318262294646525,7.957412242889404,23891,0.0,0.0
2001-01-02 00:00:00-05:00,7.302280501268812,7.8615364909172065,7.286302704909006,7.6697916984558105,28500,0.0,0.0
2001-01-03 00:00:00-05:00,7.821592721646179,7.82958221435547,7.669794725674547,7.829582214355469,55665,0.0,0.0
2001-01-04 00:00:00-05:00,7.925457116456291,8.053286669337716,7.701754807537418,7.797626972198486,39657,0.0,0.0
2001-01-05 00:00:00-05:00,7.925448943722733,7.925448943722733,7.733703629375861,7.8615336418151855,156081,0.0,0.0
2001-01-08 00:00:00-05:00,7.917466076880492,7.925455570220947,7.829582832888016,7.925455570220947,45357,0.0,0.0
2001-01-09 00:00:00-05:00,7.925457116456291,7.925457116456291,7.797626972198486,7.797626972198486,14553,0.0,0.0
2001-01-10 00:00:00-05:00,7.8934909970810745,7.9893630628787395,7.7976189312834085,7.8615336418151855,8974,0.0,0.0
2001-01-11 00:00:00-05:00,7.92545494411451,7.9574123235754515,7.7976248348945285,7.829582214355469,24012,0.0,0.0
2001-01-12 00:00:00-05:00,7.82958221435547,7.82958221435547,7.82958221435547,7.829582214355469,1698,0.0,0.0
2001-01-16 00:00:00-05:00,7.837569731630373,7.957410317935629,7.701750755310059,7.701750755310059,81497,0.0,0.0
2001-01-17 00:00:00-05:00,7.877512023760245,8.021321009520399,7.669788918844083,7.8615336418151855,86712,0.0,0.0
2001-01-18 00:00:00-05:00,7.733706912961736,8.117197113102407,7.733706912961736,8.053281784057617,14674,0.0,0.0
2001-01-19 00:00:00-05:00,7.733706358260251,8.245026588439941,7.733706358260251,8.245026588439941,17100,0.0,0.0
2001-01-22 00:00:00-05:00,8.005348451303727,8.308944456680672,8.005348451303727,8.276987075805664,4366,0.0,0.0
2001-01-23 00:00:00-05:00,7.741697720562698,8.276985365922517,7.741697720562698,8.181113243103027,11764,0.0,0.0
2001-01-24 00:00:00-05:00,7.861538369283055,8.308942794799805,7.733708279974215,8.308942794799805,9338,0.0,0.0
2001-01-25 00:00:00-05:00,8.308941326108709,8.308941326108709,8.053281784057617,8.053281784057617,9581,0.0,0.0
2001-01-26 00:00:00-05:00,8.053283123247002,8.372858047485352,8.053283123247002,8.372858047485352,44023,0.0,0.0
2001-01-29 00:00:00-05:00,8.372857297008618,8.404814668292822,7.989367067469959,8.085240364074707,22072,0.0,0.0
2001-01-30 00:00:00-05:00,7.941428877445707,8.372854736276476,7.941428877445707,7.9893646240234375,34563,0.0,0.0
2001-01-31 00:00:00-05:00,7.925457116456291,8.085244648934452,7.797626972198486,7.797626972198486,36625,0.0,0.0
2001-02-01 00:00:00-05:00,7.765668068916904,7.957412952206504,7.765668068916904,7.925455570220947,18798,0.0,0.0
2001-02-02 00:00:00-05:00,7.797621757222069,7.925451815988328,7.605876964760674,7.6697916984558105,164206,0.0,0.0
2001-02-05 00:00:00-05:00,7.605877970554636,7.605877970554636,7.28630366844277,7.350217819213867,10430,0.0,0.0
2001-02-06 00:00:00-05:00,7.478046894073486,7.669791686229217,7.350216835511005,7.478046894073486,5094,0.0,0.0
2001-02-07 00:00:00-05:00,7.4141321604802375,7.605876952635968,7.4141321604802375,7.478046894073486,5215,0.0,0.0
2001-02-08 00:00:00-05:00,7.414133229902232,7.701750755310059,7.286303744277481,7.701750755310059,26802,0.0,0.0
2001-02-09 00:00:00-05:00,7.669791698455811,7.701749656679365,7.541962231065537,7.6697916984558105,12370,0.0,0.0
2001-02-12 00:00:00-05:00,7.541962231065537,7.669791698455811,7.390164295007599,7.6697916984558105,27651,0.0,0.0
2001-02-13 00:00:00-05:00,7.541962231065537,7.669791698455811,7.541962231065537,7.6697916984558105,17585,0.0,0.0
2001-02-14 00:00:00-05:00,7.541962231065537,7.669791698455811,7.541962231065537,7.6697916984558105,22193,0.0,0.0
2001-02-15 00:00:00-05:00,7.494027722872242,7.669793579325054,7.4780487398419275,7.605878829956055,26438,0.0,0.0
2001-02-16 00:00:00-05:00,7.669791698455811,7.733706432150948,7.541962231065537,7.6697916984558105,71067,0.0,0.0
2001-02-20 00:00:00-05:00,7.701749656679365,7.733706432150948,7.541962231065537,7.6697916984558105,12613,0.0,0.0
2001-02-21 00:00:00-05:00,7.549951720621426,7.765664390374501,7.4780469059944155,7.6697916984558105,15766,0.0,0.0
2001-02-22 00:00:00-05:00,7.541962146759033,7.637834246230049,7.541962146759033,7.541962146759033,3638,0.0,0.0
2001-02-23 00:00:00-05:00,7.541962146759033,7.5739189218733936,7.478046822402377,7.541962146759033,32138,0.0,0.0
2001-02-26 00:00:00-05:00,7.669791698455811,7.669791698455811,7.573919006537121,7.6697916984558105,22436,0.0,0.0
2001-02-27 00:00:00-05:00,7.478045728090977,7.669790490349719,7.478045728090977,7.510003089904785,2183,0.0,0.0
2001-02-28 00:00:00-05:00,7.510004188892716,7.5739189218733936,7.510004188892716,7.541962146759033,5215,0.0,0.0
2001-03-01 00:00:00-05:00,7.573920863895426,7.669793579325054,7.573920863895426,7.605878829956055,45842,0.0,0.0
2001-03-02 00:00:00-05:00,7.637834331608243,7.669791698455811,7.4780469059944155,7.6697916984558105,12976,0.0,0.0
2001-03-05 00:00:00-05:00,7.605879649956503,7.66979440621624,7.541964893696765,7.5739216804504395,16372,0.0,0.0
2001-03-06 00:00:00-05:00,7.478046822402377,7.701749570586704,7.478046822402377,7.541962146759033,34927,0.0,0.0
2001-03-07 00:00:00-05:00,7.478047672438212,7.685771465301515,7.478047672438212,7.685771465301514,57484,0.0,0.0
2001-03-08 00:00:00-05:00,7.637834319432592,7.669791686229217,7.478046894073486,7.478046894073486,27166,0.0,0.0
2001-03-09 00:00:00-05:00,7.557942472241241,7.605878829956056,7.414133990472929,7.605878829956055,11642,0.0,0.0
2001-03-12 00:00:00-05:00,7.414134979248047,7.446091766818285,7.382177600301598,7.414134979248047,9217,0.0,0.0
2001-03-13 00:00:00-05:00,7.3502156894598505,7.510003089904785,7.222386242204617,7.510003089904785,21708,0.0,0.0
2001-03-14 00:00:00-05:00,7.4460886314866235,7.4460886314866235,7.382174491882324,7.382174491882324,1819,0.0,0.0
2001-03-15 00:00:00-05:00,7.3821766608769614,7.3821766608769614,6.902814263553252,7.158474445343018,28378,0.0,0.0
2001-03-16 00:00:00-05:00,6.902813482497764,6.902813482497764,6.7749834060668945,6.7749834060668945,7155,0.0,0.0
2001-03-19 00:00:00-05:00,6.774987342941872,6.934774883487327,6.5832430039390175,6.647157192230225,25346,0.0,0.0
2001-03-20 00:00:00-05:00,6.647153329636025,6.7749834060668945,6.647153329636025,6.7749834060668945,5094,0.0,0.0
2001-03-21 00:00:00-05:00,6.830913218683345,6.934774883487327,6.647157192230225,6.647157192230225,4972,0.0,0.0
2001-03-22 00:00:00-05:00,6.391495534296172,6.647155166427624,5.145154162357078,5.304941654205322,422886,0.0,0.0
2001-03-23 00:00:00-05:00,6.167793172183922,6.1997511430842085,5.656473917046413,5.816260814666748,20859,0.0,0.0
2001-03-26 00:00:00-05:00,5.6884290900340355,5.976046606837582,5.6245149405097665,5.848216533660889,25589,0.0,0.0
2001-03-27 00:00:00-05:00,5.960067625924476,5.976046606837582,5.816259163210728,5.848216533660889,12006,0.0,0.0
2001-03-28 00:00:00-05:00,5.848219631463815,6.008007159730149,5.752347469329834,5.752347469329834,33714,0.0,0.0
2001-03-29 00:00:00-05:00,5.816262244085822,5.848219631463815,5.752347469329834,5.752347469329834,27166,0.0,0.0
2001-03-30 00:00:00-05:00,5.752347469329834,5.816262244085822,5.752347469329834,5.752347469329834,60395,0.0,0.0
2001-04-02 00:00:00-04:00,5.760335103417148,5.784303579741045,5.560600757598876,5.560600757598877,84650,0.0,0.0
2001-04-03 00:00:00-04:00,5.496684921356438,5.720387108082236,5.496684921356438,5.528641700744629,28378,0.0,0.0
2001-04-04 00:00:00-04:00,5.656475307195852,5.816262244085822,5.560602553685506,5.752347469329834,12370,0.0,0.0
2001-04-05 00:00:00-04:00,5.600546584745695,5.784302503535267,5.600546584745695,5.624515056610107,43538,0.0,0.0
2001-04-06 00:00:00-04:00,5.744357974641244,5.784305448084193,5.688432103197481,5.752347469329834,20132,0.0,0.0
2001-04-09 00:00:00-04:00,5.721664606789702,5.803475555462484,5.6858715775254245,5.772796154022217,8368,0.0,0.0
2001-04-10 00:00:00-04:00,5.701213023550867,5.803476730090088,5.624515095802434,5.757458209991455,126611,0.0,0.0
2001-04-11 00:00:00-04:00,5.752345721603651,5.798364250826006,5.701214153884631,5.726779937744141,74948,0.0,0.0
2001-04-12 00:00:00-04:00,5.777910359923232,5.788137026265188,5.757458209991455,5.757458209991455,12855,0.0,0.0
2001-04-16 00:00:00-04:00,5.7472315436495,5.788137026265188,5.680760282243023,5.757458209991455,60638,0.0,0.0
2001-04-17 00:00:00-04:00,5.752343979589503,5.7881364209793045,5.726778203472218,5.777909755706787,135707,0.0,0.0
2001-04-18 00:00:00-04:00,5.803476123200078,5.813702788472596,5.757457607913764,5.777909755706787,44387,0.0,0.0
2001-04-19 00:00:00-04:00,5.798364536061527,5.839270028799457,5.74211933570282,5.8341569900512695,142741,0.0,0.0
2001-04-20 00:00:00-04:00,5.8034759405387195,5.997777252216966,5.8034759405387195,5.931305408477783,43902,0.0,0.0
2001-04-23 00:00:00-04:00,5.9568702666749,6.05913393340455,5.905738728997994,6.008001804351807,22072,0.0,0.0
2001-04-24 00:00:00-04:00,6.084702333795902,6.171626331817424,5.915966783583727,6.1511735916137695,9702,0.0,0.0
2001-04-25 00:00:00-04:00,6.008005114210984,6.176740700804599,5.956873548365279,6.013118743896484,7155,0.0,0.0
2001-04-26 00:00:00-04:00,6.135835083806946,6.135835083806946,5.818816661834717,5.818816661834717,13098,0.0,0.0
2001-04-27 00:00:00-04:00,5.752343601588438,6.294342041015624,5.650079321087333,6.294342041015625,12734,0.0,0.0
2001-04-30 00:00:00-04:00,6.314797114961793,6.688060753263126,6.0847038771526165,6.110269069671631,14432,0.0,0.0
2001-05-01 00:00:00-04:00,6.13583777213646,6.800553727910047,6.13583777213646,6.647157192230225,19404,0.0,0.0
2001-05-02 00:00:00-04:00,6.846568540061038,6.851681577715107,6.457965850830078,6.457965850830078,4608,0.0,0.0
2001-05-03 00:00:00-04:00,6.463081580806598,6.519326792559652,6.294345945547434,6.391496658325195,9581,0.0,0.0
2001-05-04 00:00:00-04:00,6.268779742749554,6.51932636357153,6.268779742749554,6.4017229080200195,10793,0.0,0.0
2001-05-07 00:00:00-04:00,6.401724154445895,6.897704453210447,6.401724154445895,6.647157192230225,12370,0.0,0.0
2001-05-08 00:00:00-04:00,6.647157192230225,6.764761262055729,6.647157192230225,6.647157192230225,11521,0.0,0.0
2001-05-09 00:00:00-04:00,6.647153481793813,6.902813640507784,6.5448903645099525,6.749417781829834,20253,0.0,0.0
2001-05-10 00:00:00-04:00,6.897701826616242,6.902814865112306,6.647154661042541,6.902814865112305,6306,0.0,0.0
2001-05-11 00:00:00-04:00,6.647150144200264,6.953942298889161,6.647150144200264,6.95394229888916,13462,0.0,0.0
2001-05-14 00:00:00-04:00,6.672720884450457,7.030644215802382,6.672720884450457,7.025531768798828,40263,0.0,0.0
2001-05-15 00:00:00-04:00,7.020420172985193,7.593098378714878,6.953948880662305,7.393683910369873,156566,0.0,0.0
2001-05-16 00:00:00-04:00,7.337436604860159,7.628888664453134,7.337436604860159,7.465266704559326,69369,0.0,0.0
2001-05-17 00:00:00-04:00,7.465266989432707,7.593096502633655,7.465266989432707,7.572643756866455,135100,0.0,0.0
2001-05-18 00:00:00-04:00,7.593092978033581,7.613545714306927,7.4908292966668535,7.562414169311523,48874,0.0,0.0
2001-05-21 00:00:00-04:00,7.593094557626647,7.623773372730824,7.398793818297402,7.618660926818848,331081,0.0,0.0
2001-05-22 00:00:00-04:00,7.603320479445434,7.644226551055907,7.455037670063562,7.644226551055908,58091,0.0,0.0
2001-05-23 00:00:00-04:00,7.639113326022752,7.639113326022752,7.281190059376459,7.337435245513916,160811,0.0,0.0
2001-05-24 00:00:00-04:00,7.311869584722088,7.564972651203122,7.289371862910508,7.418735980987549,110912,0.0,1.1
2001-05-25 00:00:00-04:00,7.564971833407596,7.705585092877784,7.519975803272517,7.6943359375,53141,0.0,0.0
2001-05-29 00:00:00-04:00,7.694334279890698,7.694334279890698,7.581843933099042,7.587469100952148,11797,0.0,0.0
2001-05-30 00:00:00-04:00,7.576222810601756,7.615594863891602,7.2050053248785275,7.615594863891602,90295,0.0,0.0
2001-05-31 00:00:00-04:00,7.699963298743767,7.874322891235352,7.587472895692033,7.874322891235352,67694,0.0,0.0
2001-06-01 00:00:00-04:00,7.8743242820079455,7.8743242820079455,7.609971965559015,7.795581340789795,42777,0.0,0.0
2001-06-04 00:00:00-04:00,7.497478390624725,7.846198081970215,7.497478390624725,7.846198081970215,35942,0.0,0.0
2001-06-05 00:00:00-04:00,7.508724968472553,7.874318268054942,7.508724968472553,7.840571403503418,7277,0.0,0.0
2001-06-06 00:00:00-04:00,7.789952132203672,7.789952132203672,7.171255718142621,7.19937801361084,9261,0.0,0.0
2001-06-07 00:00:00-04:00,7.368115554571687,7.463732212966675,7.176882237781711,7.424360752105713,16648,0.0,0.0
2001-06-08 00:00:00-04:00,7.283746447465607,7.424359114599241,6.608804225921631,6.608804225921631,23153,0.0,0.0
2001-06-11 00:00:00-04:00,6.670673665663189,7.143132209777832,6.670673665663189,7.143132209777832,8710,0.0,0.0
2001-06-12 00:00:00-04:00,7.002519551819876,7.368112908825478,7.002519551819876,7.339990615844727,82908,0.0,0.0
2001-06-13 00:00:00-04:00,7.176879671054573,7.362488933948729,7.086887032359237,7.143132209777832,15986,0.0,0.0
2001-06-14 00:00:00-04:00,7.311867742033618,7.311867742033618,7.143132209777832,7.143132209777832,3969,0.0,0.0
2001-06-15 00:00:00-04:00,7.22750118648302,7.368113852140899,7.143133113987455,7.311868667602539,15876,0.0,0.0
2001-06-18 00:00:00-04:00,7.30061981487409,7.30061981487409,7.19937801361084,7.19937801361084,9812,0.0,0.0
2001-06-19 00:00:00-04:00,7.311868378235762,7.311868378235762,7.171255718142621,7.19937801361084,71773,0.0,0.0
2001-06-20 00:00:00-04:00,7.19375114555922,7.210624279529796,6.681920132434946,6.890027046203613,16207,0.0,0.0
2001-06-21 00:00:00-04:00,6.721297021679713,7.261251348592743,6.721297021679713,7.216254711151123,25578,0.0,0.0
2001-06-22 00:00:00-04:00,7.227500112667065,7.368112757433613,7.171254936485254,7.283745288848877,17861,0.0,0.0
2001-06-25 00:00:00-04:00,7.283744443383193,7.311866732521804,7.283744443383193,7.3006181716918945,48510,0.0,0.0
2001-06-26 00:00:00-04:00,7.289370660136393,7.311868378235762,6.861907511112096,7.19937801361084,23042,0.0,0.0
2001-06-27 00:00:00-04:00,7.1993782678796086,7.311868636477484,6.890030049923474,6.946275234222412,40131,0.0,0.0
2001-06-28 00:00:00-04:00,7.075638802519744,7.311868085679455,6.890029530902256,7.294994354248047,53141,0.0,0.0
2001-06-29 00:00:00-04:00,7.261247947117707,7.44685662411238,6.805661937447164,7.1768798828125,478706,0.0,0.0
2001-07-02 00:00:00-04:00,7.311868774069313,7.311868774069313,6.248836012705361,6.901279926300049,78608,0.0,0.0
2001-07-03 00:00:00-04:00,6.935029214453806,7.19938152276119,6.935029214453806,7.1937575340271,21609,0.0,0.0
2001-07-05 00:00:00-04:00,6.676296981005779,7.368111527191748,6.670672405189127,7.14875602722168,56007,0.0,0.0
2001-07-06 00:00:00-04:00,7.362490187833849,7.362490187833849,7.002520754499063,7.008145332336426,8600,0.0,0.0
2001-07-09 00:00:00-04:00,6.991268713622402,7.368111133575439,6.974395578449701,7.3681111335754395,23814,0.0,0.0
2001-07-10 00:00:00-04:00,7.362488923330106,7.368112908825478,7.1712550838323015,7.339990615844727,27232,0.0,0.0
2001-07-11 00:00:00-04:00,7.311868667602538,7.317493836570027,7.22750118648302,7.311868667602539,11025,0.0,0.0
2001-07-12 00:00:00-04:00,7.29499224324097,7.368111133575439,7.176877931528747,7.3681111335754395,14443,0.0,0.0
2001-07-13 00:00:00-04:00,7.3118659697895,7.390609435640146,7.210624793249978,7.3681111335754395,40352,0.0,0.0
2001-07-16 00:00:00-04:00,7.368111133575439,7.390609435640146,7.17125335601257,7.3681111335754395,38698,0.0,0.0
2001-07-17 00:00:00-04:00,7.368111133575439,7.390609435640146,7.283743683584446,7.3681111335754395,33516,0.0,0.0
2001-07-18 00:00:00-04:00,7.227504133866818,7.368116856866713,7.171258926391602,7.171258926391602,16207,0.0,0.0
2001-07-19 00:00:00-04:00,7.278124761456883,7.356868288472701,7.171258926391602,7.171258926391602,9261,0.0,0.0
2001-07-20 00:00:00-04:00,7.233129310573857,7.306248263737735,7.1712595181084735,7.227504730224609,18302,0.0,0.0
2001-07-23 00:00:00-04:00,7.1768795132410315,7.339990465030688,7.1768795132410315,7.283745288848877,44210,0.0,0.0
2001-07-24 00:00:00-04:00,7.289371284547764,7.323118160275606,7.199378630313394,7.255623817443848,38036,0.0,0.0
2001-07-25 00:00:00-04:00,7.30062044024907,7.30062044024907,7.255623817443847,7.255623817443848,46195,0.0,0.0
2001-07-26 00:00:00-04:00,7.255623315591876,7.2724970479767235,7.1712558364197045,7.244374752044678,56669,0.0,0.0
2001-07-27 00:00:00-04:00,7.255623817443847,7.283746706697111,7.199378630313394,7.255623817443848,173644,0.0,0.0
2001-07-30 00:00:00-04:00,7.255622758341099,7.283745643489268,7.2162513105096515,7.238749027252197,57110,0.0,0.0
2001-07-31 00:00:00-04:00,7.261247573201728,7.429982510371201,7.188128666752585,7.283745288848877,113999,0.0,0.0
2001-08-01 00:00:00-04:00,7.351240120954115,7.452481926245867,7.266872639816377,7.429983615875244,57220,0.0,0.0
2001-08-02 00:00:00-04:00,7.424364922431703,7.424364922431703,7.283752145301394,7.31749963760376,71111,0.0,0.0
2001-08-03 00:00:00-04:00,7.356864195298019,7.418733948235607,7.283745288848877,7.283745288848877,9261,0.0,0.0
2001-08-06 00:00:00-04:00,7.2893703684802444,7.373737842885284,7.221876625506614,7.294994354248047,34288,0.0,0.0
2001-08-07 00:00:00-04:00,7.311869790912405,7.356866418556685,7.300621225377473,7.306245803833008,2756,0.0,0.0
2001-08-08 00:00:00-04:00,7.351240430120059,7.362490177154541,7.2837466789217515,7.362490177154541,14333,0.0,0.0
2001-08-09 00:00:00-04:00,7.356862153166093,7.396233588151774,7.328739277193609,7.3456130027771,82577,0.0,0.0
2001-08-10 00:00:00-04:00,7.317494608896043,7.368114629809613,7.311869439334845,7.334367752075195,83570,0.0,0.0
2001-08-13 00:00:00-04:00,7.351242139904231,7.581847519032535,7.339993573005654,7.5143537521362305,49282,0.0,0.0
2001-08-14 00:00:00-04:00,7.548098794993892,7.593094825744629,7.548098794993892,7.593094825744629,68024,0.0,0.0
2001-08-15 00:00:00-04:00,7.593097618256438,7.677465133019885,7.570599890295118,7.671841144561768,22712,0.0,0.0
2001-08-16 00:00:00-04:00,7.649338058441101,7.744954673288631,7.570595172581694,7.733705520629883,17309,0.0,0.0
2001-08-17 00:00:00-04:00,7.570598606517394,7.761831922953667,7.570598606517394,7.728085041046143,27563,0.0,0.0
2001-08-20 00:00:00-04:00,7.733707706342358,7.846198081970215,7.621217330714502,7.846198081970215,23263,0.0,0.0
2001-08-21 00:00:00-04:00,7.8461981605741,7.891194784376888,7.8349495959994915,7.851823329925537,27342,0.0,0.0
2001-08-22 00:00:00-04:00,7.896817814159708,7.924940109252931,7.846197209891096,7.92494010925293,85334,0.0,0.0
2001-08-23 00:00:00-04:00,7.9586902926864775,8.138675053466553,7.902445091903718,8.014935493469238,51266,0.0,0.0
2001-08-24 00:00:00-04:00,8.003686440781488,8.014935599361905,7.846199994784304,7.874322891235352,9592,0.0,0.0
2001-08-27 00:00:00-04:00,7.846198081970215,7.975562191355074,7.756206609394445,7.846198081970215,24365,0.0,0.0
2001-08-28 00:00:00-04:00,7.936191021480879,7.986811633188452,7.733707983274483,7.739333152770996,26570,0.0,0.0
2001-08-29 00:00:00-04:00,7.688710963388513,7.94181398945862,7.649339512972281,7.773078441619873,133513,0.0,0.0
2001-08-30 00:00:00-04:00,7.874320243423943,7.874320243423943,7.767454455597006,7.773078441619873,14002,0.0,0.0
2001-08-31 00:00:00-04:00,7.86869373505271,7.86869373505271,7.7674531332362795,7.789950847625732,7277,0.0,0.0
2001-09-04 00:00:00-04:00,7.773076963559586,7.896816460053986,7.733705520629883,7.733705520629883,27122,0.0,0.0
2001-09-05 00:00:00-04:00,7.767454436382998,7.924940237658363,7.761829858998016,7.879944801330566,46746,0.0,0.0
2001-09-06 00:00:00-04:00,7.795577719604121,7.902442921223285,7.570596978271856,7.683087348937988,18412,0.0,0.0
2001-09-07 00:00:00-04:00,7.874321841342878,7.90244414266812,7.536850677183098,7.756207466125488,26240,0.0,0.0
2001-09-10 00:00:00-04:00,7.846198490059699,7.908068259010543,7.587471440585463,7.767455577850342,138915,0.0,0.0
2001-09-17 00:00:00-04:00,7.7618302775256245,7.93056583404541,7.311868793472862,7.93056583404541,50274,0.0,0.0
2001-09-18 00:00:00-04:00,7.9305658585721615,8.009308763699286,7.823700064916734,7.941814422607422,75080,0.0,0.0
2001-09-19 00:00:00-04:00,7.936190164337196,7.936190164337196,7.2556233817852345,7.857446670532227,85113,0.0,0.0
2001-09-20 00:00:00-04:00,7.840575086316813,7.930567161641837,7.480605602264404,7.480605602264404,312779,0.0,0.0
2001-09-21 00:00:00-04:00,6.884410718092083,7.609973435567654,6.861912392611592,7.581850528717041,66701,0.0,0.0
2001-09-24 00:00:00-04:00,7.328742627629987,7.694336042777806,7.328742627629987,7.593094825744629,508804,0.0,0.0
2001-09-25 00:00:00-04:00,7.429983831809439,7.649339998793861,7.323118037195288,7.564971923828125,135056,0.0,0.0
2001-09-26 00:00:00-04:00,7.441234987111303,7.621219158172607,7.328744584509875,7.621219158172607,42667,0.0,0.0
2001-09-27 00:00:00-04:00,7.413111379349325,7.76183109302785,7.334367874816427,7.50872802734375,28114,0.0,0.0
2001-09-28 00:00:00-04:00,7.5087294748668825,7.874322993861699,7.480606578049309,7.705587387084961,46746,0.0,0.0
2001-10-01 00:00:00-04:00,7.576223108127173,7.964314937591554,7.328744577467572,7.964314937591553,101761,0.0,0.0
2001-10-02 00:00:00-04:00,7.396236831355962,7.56497179567692,7.368113943051765,7.536849498748779,13340,0.0,0.0
2001-10-03 00:00:00-04:00,7.4299835674733234,7.806826124094006,7.4299835674733234,7.598719120025635,124583,0.0,0.0
2001-10-04 00:00:00-04:00,7.8461995540061995,7.9530653717642945,7.593096457046554,7.784330368041992,57220,0.0,0.0
2001-10-05 00:00:00-04:00,7.59309454246962,7.705584910837828,7.59309454246962,7.598719120025635,7718,0.0,0.0
2001-10-08 00:00:00-04:00,7.5987209095443,7.7280850410461435,7.593096330663681,7.728085041046143,7828,0.0,0.0
2001-10-09 00:00:00-04:00,7.6605896949768075,7.733708625235483,7.283747660637298,7.660589694976807,177503,0.0,0.0
2001-10-10 00:00:00-04:00,7.694332965258715,7.733704402496122,7.3456134228865615,7.3681111335754395,91508,0.0,0.0
2001-10-11 00:00:00-04:00,7.339992316913748,7.339992316913748,6.974398875180581,7.0587663650512695,73537,0.0,0.0
2001-10-12 00:00:00-04:00,7.0418932672020915,7.05314301594504,6.946276612336738,7.025020122528076,5623,0.0,0.0
2001-10-15 00:00:00-04:00,7.0250219048439435,7.1937575340271,6.912531485388506,7.1937575340271,69899,0.0,0.0
2001-10-16 00:00:00-04:00,6.9462777012860855,7.250002040922539,6.9462777012860855,7.120637893676758,10033,0.0,0.0
2001-10-17 00:00:00-04:00,7.272499916576881,7.300622814977893,6.805665125506483,7.216254711151123,12679,0.0,0.0
2001-10-18 00:00:00-04:00,7.250001220910529,7.328744143163798,6.940652928074053,7.030644416809082,20617,0.0,0.0
2001-10-19 00:00:00-04:00,7.109389465352362,7.109389465352362,6.895657211813963,7.019396781921387,24255,0.0,0.0
2001-10-22 00:00:00-04:00,7.01939746181473,7.18813309429311,6.681926196857971,6.800041198730469,29216,0.0,0.0
2001-10-23 00:00:00-04:00,6.8000423423567655,6.946279678548256,6.676303330830008,6.805666923522949,16648,0.0,0.0
2001-10-24 00:00:00-04:00,6.839409845450581,6.845035014724968,6.569433063212258,6.749417781829834,22050,0.0,0.0
2001-10-25 00:00:00-04:00,6.771918316793374,6.777542305162081,6.378201874278662,6.614431858062744,11025,0.0,0.0
2001-10-26 00:00:00-04:00,6.5694348334783195,6.788791656494141,6.5694348334783195,6.788791656494141,20286,0.0,0.0
2001-10-29 00:00:00-05:00,6.721293515813273,6.721293515813273,6.400696189524798,6.411945343017578,19735,0.0,0.0
2001-10-30 00:00:00-05:00,6.417569596385468,6.580680539683812,6.327577555729806,6.4681901931762695,26570,0.0,0.0
2001-10-31 00:00:00-05:00,6.383824358072456,6.856283579145501,6.383824358072456,6.749417781829834,28004,0.0,0.0
2001-11-01 00:00:00-05:00,6.890032523236336,6.890032523236336,6.6369293987227875,6.7775421142578125,21940,0.0,0.0
2001-11-02 00:00:00-05:00,6.86190560339665,7.593092178801495,6.86190560339665,7.458104133605957,146633,0.0,0.0
2001-11-05 00:00:00-05:00,7.576221783942096,7.654965288474995,7.3681147531156,7.50872802734375,77175,0.0,0.0
2001-11-06 00:00:00-05:00,7.317494050815233,7.593094812608726,7.210627664825017,7.564971923828125,22601,0.0,0.0
2001-11-07 00:00:00-05:00,7.5593461119396625,7.868693674189389,7.5368478063483035,7.812448501586914,99335,0.0,0.0
2001-11-08 00:00:00-05:00,7.80682626958879,7.8743206101428065,7.536849498748778,7.536849498748779,34398,0.0,0.0
2001-11-09 00:00:00-05:00,7.73370915727387,7.801203513588506,7.542475837654624,7.784330368041992,20396,0.0,0.0
2001-11-12 00:00:00-05:00,7.598719973473356,7.857447613228726,7.593095395285619,7.829324722290039,18302,0.0,0.0
2001-11-13 00:00:00-05:00,7.705585054876977,7.958688092748633,7.705585054876977,7.8911943435668945,60638,0.0,0.0
2001-11-14 00:00:00-05:00,7.846196938760818,8.155545130976622,7.7393317479985555,7.750580310821533,125465,0.0,0.0
2001-11-15 00:00:00-05:00,7.840571974952035,7.846195959973953,7.688709594962208,7.812448501586914,11135,0.0,0.0
2001-11-16 00:00:00-05:00,7.688711465011955,7.694336042777806,7.351240347317323,7.593094825744629,6836,0.0,0.0
2001-11-19 00:00:00-05:00,7.536850351094617,7.564972651203122,7.294995849831312,7.418735980987549,9812,0.0,0.0
2001-11-20 00:00:00-05:00,7.368113852140899,7.47498023500223,7.311868667602538,7.311868667602539,3197,0.0,0.0
2001-11-21 00:00:00-05:00,7.311870343513706,7.7280850410461435,7.311870343513706,7.728085041046143,16868,0.0,0.0
2001-11-23 00:00:00-05:00,7.593096547725976,7.711211524843113,7.401863225822955,7.615594863891602,4410,0.0,0.0
2001-11-26 00:00:00-05:00,7.593094825744629,7.593094825744629,7.503102764243153,7.593094825744629,2646,0.0,0.0
2001-11-27 00:00:00-05:00,7.514348873481008,7.87431756493278,7.514348873481008,7.868692398071289,5623,0.0,0.0
2001-11-28 00:00:00-05:00,7.868697720568916,7.874322891235352,7.548100840660568,7.874322891235352,11907,0.0,0.0
2001-11-29 00:00:00-05:00,7.7393295274043,7.868692398071288,7.5030997225096785,7.868692398071289,15766,0.0,0.0
2001-11-30 00:00:00-05:00,7.863072885000931,7.863072885000931,7.660589826510127,7.716835021972656,4079,0.0,0.0
2001-12-03 00:00:00-05:00,7.503102764243153,7.761830384591946,7.503102764243153,7.593094825744629,23704,0.0,0.0
2001-12-04 00:00:00-05:00,7.593092886523275,7.733705520629883,7.452480252416668,7.733705520629883,5623,0.0,0.0
2001-12-05 00:00:00-05:00,7.593099062242892,7.7899570283784465,7.4581108946753,7.778708457946777,11687,0.0,0.0
2001-12-06 00:00:00-05:00,7.48060598974524,7.705586781087523,7.48060598974524,7.649341583251953,2977,0.0,0.0
2001-12-07 00:00:00-05:00,7.649338210719887,7.789950847625732,7.4918518444900055,7.789950847625732,7387,0.0,0.0
2001-12-10 00:00:00-05:00,7.486231518540211,7.767457543400802,7.486231518540211,7.491856098175049,3308,0.0,0.0
2001-12-11 00:00:00-05:00,7.542476723512329,7.593097348849609,7.491856098175049,7.491856098175049,6615,0.0,0.0
2001-12-12 00:00:00-05:00,7.536849639462191,7.6043439812763305,7.536849639462191,7.593094825744629,8930,0.0,0.0
2001-12-13 00:00:00-05:00,7.593095992108762,7.7618315768752995,7.480605602264404,7.480605602264404,10694,0.0,0.0
2001-12-14 00:00:00-05:00,7.666211447500019,7.666211447500019,7.4018593286207075,7.609966278076172,7497,0.0,0.0
2001-12-17 00:00:00-05:00,7.649342085131883,7.874322891235352,7.609970621476644,7.874322891235352,32744,0.0,0.0
2001-12-18 00:00:00-05:00,7.840575566408157,8.00931057013046,7.699962866180841,7.784330368041992,30760,0.0,0.0
2001-12-19 00:00:00-05:00,7.9586884204679915,7.969937576253512,7.773079124135136,7.806826591491699,18412,0.0,0.0
2001-12-20 00:00:00-05:00,7.874318902869982,7.981184081127757,7.789950847625732,7.789950847625732,11246,0.0,0.0
2001-12-21 00:00:00-05:00,7.930564075907506,7.930564075907506,7.761828556794934,7.789950847625732,104517,0.0,0.0
2001-12-24 00:00:00-05:00,7.902440622056549,7.902440622056549,7.733705115149913,7.801199436187744,9923,0.0,0.0
2001-12-26 00:00:00-05:00,7.87432166916288,7.919317705125071,7.677463198686111,7.761831283569336,20948,0.0,0.0
2001-12-27 00:00:00-05:00,7.7055870687146895,8.014935372669308,7.7055870687146895,7.986813068389893,39580,0.0,0.0
2001-12-28 00:00:00-05:00,7.986813294287085,8.009311020071696,7.874322891235352,7.874322891235352,5954,0.0,0.0
2001-12-31 00:00:00-05:00,7.818074327525278,7.90806637471485,7.339990615844727,7.339990615844727,42667,0.0,0.0
2002-01-02 00:00:00-05:00,7.576222451021497,7.671839698811053,7.43560975578865,7.486230373382568,11356,0.0,0.0
2002-01-03 00:00:00-05:00,7.576220950998599,7.593094683981117,7.463730580533923,7.536849498748779,9702,0.0,0.0
2002-01-04 00:00:00-05:00,7.486230856449262,7.761832277300505,7.486230856449262,7.5143537521362305,9702,0.0,0.0
2002-01-07 00:00:00-05:00,7.587470697696332,7.593094683981117,7.435608283605782,7.536849498748779,33406,0.0,0.0
2002-01-08 00:00:00-05:00,7.519978042217677,7.70558738708496,7.452484272607969,7.705587387084961,7056,0.0,0.0
2002-01-09 00:00:00-05:00,7.705585184978998,7.733707482383533,7.564971923828126,7.564971923828125,8048,0.0,0.0
2002-01-10 00:00:00-05:00,7.564971923828126,7.671838309818342,7.564971923828126,7.564971923828125,9041,0.0,0.0
2002-01-11 00:00:00-05:00,7.570597092960311,7.626842279145446,7.564971923828126,7.564971923828125,14553,0.0,0.0
2002-01-14 00:00:00-05:00,7.67746217989102,7.716833632211349,7.564971809224887,7.683087348937988,8820,0.0,0.0
2002-01-15 00:00:00-05:00,7.570597092960311,7.677462296198397,7.564971923828126,7.564971923828125,5292,0.0,0.0
2002-01-16 00:00:00-05:00,7.4806049892935444,7.756206954067567,7.4806049892935444,7.5705976486206055,10584,0.0,0.0
2002-01-17 00:00:00-05:00,7.671836363758597,7.733705520629883,7.564970004876405,7.733705520629883,6064,0.0,0.0
2002-01-18 00:00:00-05:00,7.564972627383665,7.593095518779743,7.508728027343749,7.50872802734375,27011,0.0,0.0
2002-01-22 00:00:00-05:00,7.508727329019055,7.564971923828126,7.508727329019055,7.564971923828125,14663,0.0,0.0
2002-01-23 00:00:00-05:00,7.508727342009005,7.593094825744629,7.508727342009005,7.593094825744629,16868,0.0,0.0
2002-01-24 00:00:00-05:00,7.733708416693819,7.8237010802877,7.362490970951589,7.396237850189209,76183,0.0,0.0
2002-01-25 00:00:00-05:00,7.396241780325625,7.474985328890165,6.608808660186033,6.974402904510498,110691,0.0,0.0
2002-01-28 00:00:00-05:00,6.940650473880248,6.946274459444409,6.7494166320434035,6.833784103393555,51156,0.0,0.0
2002-01-29 00:00:00-05:00,6.72129377752113,6.805661840626071,6.631302320202759,6.665048599243164,26681,0.0,0.0
2002-01-30 00:00:00-05:00,6.749416679581244,6.8619070364243955,6.636926322738092,6.693171501159668,29106,0.0,0.0
2002-01-31 00:00:00-05:00,6.777541099293605,6.83378629535992,6.698798179626464,6.698798179626465,12679,0.0,0.0
2002-02-01 00:00:00-05:00,6.8562864849539595,6.8562864849539595,6.721297740936279,6.721297740936279,19625,0.0,0.0
2002-02-04 00:00:00-05:00,6.70441974688366,6.78878779877483,6.186964057228744,6.473814487457275,14112,0.0,0.0
2002-02-05 00:00:00-05:00,6.8112862372520295,6.8112862372520295,6.327577953418843,6.687546730041504,19955,0.0,0.0
2002-02-06 00:00:00-05:00,6.687547721652184,6.693172299302655,6.411946373659332,6.608804225921631,23924,0.0,0.0
2002-02-07 00:00:00-05:00,6.743792920665008,6.74941749832706,6.411946386860285,6.636927127838135,12017,0.0,0.0
2002-02-08 00:00:00-05:00,6.496314141910351,6.749417781829833,6.496314141910351,6.749417781829834,7497,0.0,0.0
2002-02-11 00:00:00-05:00,6.749418723922638,7.025020122528076,6.749418723922638,7.025020122528076,5954,0.0,0.0
2002-02-12 00:00:00-05:00,7.03064048274581,7.03064048274581,6.721292363008084,6.861905574798584,12348,0.0,0.0
2002-02-13 00:00:00-05:00,6.833789237977441,6.833789237977441,6.552563136550402,6.805666923522949,12017,0.0,0.0
2002-02-14 00:00:00-05:00,6.833784151525617,6.890029329947192,6.6706737846166275,6.693171501159668,23594,0.0,0.0
2002-02-15 00:00:00-05:00,6.693172594222846,6.946275642766249,6.693172594222846,6.749417781829834,18081,0.0,0.0
2002-02-19 00:00:00-05:00,6.693171484070138,6.890029312355029,6.665048599243164,6.665048599243164,9482,0.0,0.0
2002-02-20 00:00:00-05:00,6.749414442444613,6.890027046203613,6.665046407088583,6.890027046203613,15876,0.0,0.0
2002-02-21 00:00:00-05:00,6.890030151564955,6.985647380246922,6.608804225921631,6.608804225921631,14774,0.0,0.0
2002-02-22 00:00:00-05:00,6.636927406615859,6.749417781829833,6.608804517124325,6.749417781829834,5843,0.0,0.0
2002-02-25 00:00:00-05:00,6.715670905816073,6.75504235972814,6.70442175001946,6.749417781829834,5623,0.0,0.0
2002-02-26 00:00:00-05:00,6.755043989100966,6.890032117092347,6.698798787927168,6.783166885375977,15545,0.0,0.0
2002-02-27 00:00:00-05:00,6.906904188854182,6.906904188854182,6.749417781829833,6.749417781829834,3638,0.0,0.0
2002-02-28 00:00:00-05:00,6.760666937626447,6.8056629694368205,6.749417781829833,6.749417781829834,6284,0.0,0.0
2002-03-01 00:00:00-05:00,6.75504235972814,6.906904188854182,6.749417781829833,6.749417781829834,11246,0.0,0.0
2002-03-04 00:00:00-05:00,6.749416679581244,6.90690306088646,6.693171501159668,6.693171501159668,10805,0.0,0.0
2002-03-05 00:00:00-05:00,6.7494187969485315,7.058767079625183,6.653802141048645,6.698798179626465,24365,0.0,0.0
2002-03-06 00:00:00-05:00,6.743793203931527,6.99689684385101,6.70442175001946,6.749417781829834,37485,0.0,0.0
2002-03-07 00:00:00-05:00,6.73254354001796,6.80566185800282,6.693171501159668,6.693171501159668,13340,0.0,0.0
2002-03-08 00:00:00-05:00,6.749418957452984,6.805664154856838,6.665050865659111,6.79441499710083,170336,0.0,0.0
2002-03-11 00:00:00-05:00,6.788791864807174,6.788791864807174,6.693174603212049,6.7775421142578125,280366,0.0,0.0
2002-03-12 00:00:00-05:00,6.884403062463947,7.008141940876583,6.861904762002128,6.890027046203613,13230,0.0,0.0
2002-03-13 00:00:00-05:00,6.968771331898951,6.97439590768064,6.749415241916527,6.861905574798584,36493,0.0,0.0
2002-03-14 00:00:00-05:00,6.861912143808357,6.968778003212989,6.749421703237541,6.805666923522949,52920,0.0,0.0
2002-03-15 00:00:00-05:00,6.755039691925049,6.800035705964912,6.755039691925049,6.755039691925049,32414,0.0,0.0
2002-03-18 00:00:00-05:00,6.805663602734883,6.963150024414062,6.800039024313183,6.9631500244140625,13561,0.0,0.0
2002-03-19 00:00:00-05:00,6.833789551654488,6.974402904510497,6.833789551654488,6.974402904510498,12017,0.0,0.0
2002-03-20 00:00:00-05:00,6.918155788441274,7.1993812344410655,6.918155788441274,7.171258926391602,14112,0.0,0.0
2002-03-21 00:00:00-05:00,7.1712573258804975,7.480605602264404,7.030644042886971,7.480605602264404,9041,0.0,0.0
2002-03-22 00:00:00-05:00,7.503100645808748,7.519973782966251,7.323115982246816,7.379361152648926,14112,0.0,0.0
2002-03-25 00:00:00-05:00,7.39061228074889,7.429983733142831,7.3512402369788905,7.356865406036377,2977,0.0,0.0
2002-03-26 00:00:00-05:00,7.3512431408441605,7.519978763812263,7.3512431408441605,7.435611248016357,7607,0.0,0.0
2002-03-27 00:00:00-05:00,7.429985813833241,7.53122764907462,7.384989771157197,7.452484130859375,32193,0.0,0.0
2002-03-28 00:00:00-05:00,7.424360407342225,7.576222256219261,7.407486671452724,7.480605602264404,41013,0.0,0.0
2002-04-01 00:00:00-05:00,7.587471902558959,7.587471902558959,7.3737396916353415,7.46373176574707,20396,0.0,0.0
2002-04-02 00:00:00-05:00,7.39623760035973,7.48060509129209,7.39623760035973,7.4412336349487305,4851,0.0,0.0
2002-04-03 00:00:00-05:00,7.503102531583386,7.503102531583386,7.311868667602538,7.311868667602539,17861,0.0,0.0
2002-04-04 00:00:00-05:00,7.480607295865926,7.480607295865926,7.401864359973253,7.435611248016357,12128,0.0,0.0
2002-04-05 00:00:00-05:00,7.458107897397005,7.458107897397005,7.233127117156982,7.233127117156982,11797,0.0,0.0
2002-04-08 00:00:00-04:00,7.199378298525816,7.311868667602538,7.199378298525816,7.311868667602539,13230,0.0,0.0
2002-04-09 00:00:00-04:00,7.311868667602538,7.311868667602538,7.22750118648302,7.311868667602539,16758,0.0,0.0
2002-04-10 00:00:00-04:00,7.311869790912405,7.311869790912405,7.221878309752259,7.306245803833008,16758,0.0,0.0
2002-04-11 00:00:00-04:00,7.30624557710817,7.311869564013045,7.261249542236329,7.261249542236328,21940,0.0,0.0
2002-04-12 00:00:00-04:00,7.2699656345232295,7.52981741399905,7.145945225119604,7.382174491882324,67095,0.0,1.05
2002-04-15 00:00:00-04:00,7.464856678575687,7.464856678575687,7.234532833099366,7.234532833099365,8820,0.0,0.0
2002-04-16 00:00:00-04:00,7.2935881472363295,7.4117030763056695,7.2404364587239245,7.382174491882324,66675,0.0,0.0
2002-04-17 00:00:00-04:00,7.29359036743948,7.441233925875556,7.027831843979312,7.110512733459473,8190,0.0,0.0
2002-04-18 00:00:00-04:00,7.382176957023898,7.382176957023898,6.909717082977294,6.909717082977295,58380,0.0,0.0
2002-04-19 00:00:00-04:00,7.364462371129425,7.364462371129425,6.791605512853378,6.827040195465088,171780,0.0,0.0
2002-04-22 00:00:00-04:00,6.868375293409187,6.891998991124568,6.643957557313269,6.750260353088379,31920,0.0,0.0
2002-04-23 00:00:00-04:00,6.956963208268163,6.962868690490723,6.762074015657608,6.962868690490723,14595,0.0,0.0
2002-04-24 00:00:00-04:00,6.738449924975915,7.086888109885571,6.738449924975915,7.021925449371338,17430,0.0,0.0
2002-04-25 00:00:00-04:00,6.732542988497187,7.210906982421875,6.732542988497187,7.210906982421875,6615,0.0,0.0
2002-04-26 00:00:00-04:00,7.116416274019073,7.205003220199732,6.939244747161865,6.939244747161865,21840,0.0,0.0
2002-04-29 00:00:00-04:00,6.939245361181585,7.128229049536077,6.90971617938313,7.086888313293457,6195,0.0,0.0
2002-04-30 00:00:00-04:00,7.157758020815222,7.2404383149476335,7.04554913468925,7.234532833099365,36645,0.0,0.0
2002-05-01 00:00:00-04:00,7.205005290163234,7.205005290163234,6.998303933360127,7.057361125946045,55020,0.0,0.0
2002-05-02 00:00:00-04:00,6.998303413391113,7.027832007490119,6.939246225193103,6.998303413391113,57750,0.0,0.0
2002-05-03 00:00:00-04:00,6.9687729842061295,7.086887329499117,6.9687729842061295,7.033736228942871,12705,0.0,0.0
2002-05-06 00:00:00-04:00,7.027835916836821,7.128233902272816,7.027835916836821,7.098705291748047,78435,0.0,0.0
2002-05-07 00:00:00-04:00,7.086888815474714,7.210909258862499,7.086888815474714,7.116417407989502,11865,0.0,0.0
2002-05-08 00:00:00-04:00,7.086889538935169,7.340836524963379,7.086889538935169,7.340836524963379,15435,0.0,0.0
2002-05-09 00:00:00-04:00,7.2345351076197995,7.2345351076197995,7.1223255948393165,7.134137153625488,80955,0.0,0.0
2002-05-10 00:00:00-04:00,7.057360881314732,7.193193484031094,6.921529461350725,6.956963539123535,17745,0.0,0.0
2002-05-13 00:00:00-04:00,7.033737579616604,7.234532833099366,7.033737579616604,7.234532833099365,9555,0.0,0.0
2002-05-14 00:00:00-04:00,7.228625714109084,7.240437267472952,7.145946023314062,7.1695685386657715,21840,0.0,0.0
2002-05-15 00:00:00-04:00,7.110514874168392,7.122325841988114,6.791604550004273,6.850661754608154,111405,0.0,0.0
2002-05-16 00:00:00-04:00,6.821129695010315,7.1223222320324995,6.821129695010315,7.104605197906494,82950,0.0,0.0
2002-05-17 00:00:00-04:00,6.992395498439128,7.110511026484111,6.880186633860392,7.033736228942871,11760,0.0,0.0
2002-05-20 00:00:00-04:00,6.880186854544441,6.92743306727787,6.850658267274056,6.868375301361084,58170,0.0,0.0
2002-05-21 00:00:00-04:00,6.886096432196273,6.909718959212035,6.791604550004273,6.850661754608154,47145,0.0,0.0
2002-05-22 00:00:00-04:00,6.9097158353743495,6.9097158353743495,6.797506960805353,6.897904872894287,21630,0.0,0.0
2002-05-23 00:00:00-04:00,6.9333383257926355,7.033736228942871,6.797506355604902,7.033736228942871,26355,0.0,0.0
2002-05-24 00:00:00-04:00,6.797508716583252,7.057361194408768,6.785697159676246,6.797508716583252,19425,0.0,0.0
2002-05-28 00:00:00-04:00,6.797506355604902,7.033736228942871,6.762072288567405,7.033736228942871,61215,0.0,0.0
2002-05-29 00:00:00-04:00,6.827037904538868,6.862471983883682,6.791603233817851,6.797508716583252,33075,0.0,0.0
2002-05-30 00:00:00-04:00,6.79160195614369,6.82703662019854,6.561277526851304,6.77979040145874,40320,0.0,0.0
2002-05-31 00:00:00-04:00,6.8152231853008844,7.010112913682545,6.7030143240779765,6.7620720863342285,55440,0.0,0.0
2002-06-03 00:00:00-04:00,6.655770420859264,6.655770420859264,6.555373668670654,6.555373668670654,53130,0.0,0.0
2002-06-04 00:00:00-04:00,6.555374657804861,6.620337341538023,6.537657024626476,6.614431858062744,13125,0.0,0.0
2002-06-05 00:00:00-04:00,6.555373690756656,6.661676517263807,6.555373690756656,6.584902286529541,28455,0.0,0.0
2002-06-06 00:00:00-04:00,6.543562286064425,6.614431633620663,6.543562286064425,6.567185401916504,25305,0.0,0.0
2002-06-07 00:00:00-04:00,6.508128476140883,6.703017711639405,6.484505359299766,6.703017711639404,14805,0.0,0.0
2002-06-10 00:00:00-04:00,6.779792545684897,6.791604104105455,6.6439605109128905,6.703017711639404,26250,0.0,0.0
2002-06-11 00:00:00-04:00,6.703015270958641,6.850658810391707,6.614429502124439,6.64395809173584,16590,0.0,0.0
2002-06-12 00:00:00-04:00,6.584901863048476,6.880188393163372,6.4845039342259225,6.791602611541748,17325,0.0,0.0
2002-06-13 00:00:00-04:00,6.614430882302427,6.7148282262054755,6.57309072994515,6.584902286529541,28140,0.0,0.0
2002-06-14 00:00:00-04:00,6.578994778597013,6.862470300707763,6.4726913838834745,6.844753265380859,37275,0.0,0.0
2002-06-17 00:00:00-04:00,6.59080989911486,6.850663068512949,6.584905005448803,6.661679267883301,31080,0.0,0.0
2002-06-18 00:00:00-04:00,6.6439605109128905,6.791604104105455,6.6439605109128905,6.703017711639404,23520,0.0,0.0
2002-06-19 00:00:00-04:00,6.6262423127745915,6.762074927344537,6.6262423127745915,6.732546329498291,78855,0.0,0.0
2002-06-20 00:00:00-04:00,6.703016238543975,6.8920005403643,6.703016238543975,6.791602611541748,47565,0.0,0.0
2002-06-21 00:00:00-04:00,6.803414292680803,6.992397415229772,6.791602736638462,6.915623188018799,49140,0.0,0.0
2002-06-24 00:00:00-04:00,6.8329433210185995,7.057361125946044,6.827037838310487,7.057361125946045,75705,0.0,0.0
2002-06-25 00:00:00-04:00,7.086890790743573,7.264063577966413,6.933341712043569,7.004210472106934,31710,0.0,0.0
2002-06-26 00:00:00-04:00,6.7975085683310015,7.559349536895751,6.7975085683310015,7.559349536895752,41265,0.0,0.0
2002-06-27 00:00:00-04:00,7.470760923050086,7.677461624145508,7.340834430146671,7.677461624145508,32655,0.0,0.0
2002-06-28 00:00:00-04:00,7.677462190727125,7.677462190727125,7.470761474377597,7.624310493469238,64260,0.0,0.0
2002-07-01 00:00:00-04:00,7.529818097255632,7.677461624145508,7.39989219572823,7.677461624145508,44625,0.0,0.0
2002-07-02 00:00:00-04:00,7.677462978853377,7.972750676113408,7.500290833598253,7.854635715484619,131460,0.0,0.0
2002-07-03 00:00:00-04:00,7.854636328434164,7.854636328434164,7.677463577976953,7.736520767211914,83055,0.0,0.0
2002-07-05 00:00:00-04:00,7.677465217610712,7.9727530009769865,7.624313499397464,7.937318325042725,29715,0.0,0.0
2002-07-08 00:00:00-04:00,7.754238743170345,7.895976240210741,7.535726423596955,7.559349536895752,210210,0.0,0.0
2002-07-09 00:00:00-04:00,7.565252756604567,7.677461624145508,7.547535722618106,7.677461624145508,42525,0.0,0.0
2002-07-10 00:00:00-04:00,7.624311607191344,7.795578869346925,7.559348937832104,7.754238128662109,60795,0.0,0.0
2002-07-11 00:00:00-04:00,7.60068968948055,7.677463920637352,7.535726423596955,7.559349536895752,40530,0.0,0.0
2002-07-12 00:00:00-04:00,7.541632599810714,7.600689792481831,7.500291855289493,7.506197929382324,29925,0.0,0.0
2002-07-15 00:00:00-04:00,7.500293451888326,7.500293451888326,7.323121244783858,7.334932804107666,51555,0.0,0.0
2002-07-16 00:00:00-04:00,7.323117453839295,7.323117453839295,7.027830397733774,7.104605197906494,10920,0.0,0.0
2002-07-17 00:00:00-04:00,7.116417727799947,7.246344250355235,7.075078169522349,7.205004692077637,36015,0.0,0.0
2002-07-18 00:00:00-04:00,7.128230302727852,7.228627646089683,7.104607189686415,7.1459479331970215,26985,0.0,0.0
2002-07-19 00:00:00-04:00,7.157757639958451,7.1754752673127395,6.998302542026333,7.086888313293457,38115,0.0,0.0
2002-07-22 00:00:00-04:00,7.027832051488946,7.199098726262031,6.77979114985302,6.909717082977295,67095,0.0,0.0
2002-07-23 00:00:00-04:00,6.874284421673088,6.897907538514205,6.484505359299766,6.703017711639404,65520,0.0,0.0
2002-07-24 00:00:00-04:00,6.5022213367780735,7.3939888248425865,6.378200880729743,7.340836524963379,54810,0.0,0.0
2002-07-25 00:00:00-04:00,7.205007243600117,7.293593056496568,6.673490000715983,6.821133613586426,21840,0.0,0.0
2002-07-26 00:00:00-04:00,7.1990966796875,7.1990966796875,6.850657946889922,7.1990966796875,10710,0.0,0.0
2002-07-29 00:00:00-04:00,7.086889030803287,7.234533180615505,6.980586212795361,7.110512733459473,28770,0.0,0.0
2002-07-30 00:00:00-04:00,6.939245361181585,7.086888313293456,6.821130408116007,7.086888313293457,17010,0.0,0.0
2002-07-31 00:00:00-04:00,7.1459479331970215,7.169570454862274,7.086889559217245,7.1459479331970215,25410,0.0,0.0
2002-08-01 00:00:00-04:00,7.145948166899412,7.163664615195616,6.6144310629651715,6.797508716583252,18270,0.0,0.0
2002-08-02 00:00:00-04:00,6.661676114946568,7.027831981444786,6.649865150451661,6.64986515045166,20895,0.0,0.0
2002-08-05 00:00:00-04:00,6.685300827026366,6.933341785566577,6.661677709629311,6.685300827026367,18165,0.0,0.0
2002-08-06 00:00:00-04:00,6.708922385975953,7.086889219647673,6.708922385975953,7.02783203125,20370,0.0,0.0
2002-08-07 00:00:00-04:00,7.033737852834434,7.057360372521206,6.773885405270869,6.92743444442749,7140,0.0,0.0
2002-08-08 00:00:00-04:00,6.797507299227675,7.086888313293456,6.797507299227675,7.086888313293457,17850,0.0,0.0
2002-08-09 00:00:00-04:00,7.080985339975202,7.175477209731623,7.021927551767288,7.063267707824707,8925,0.0,0.0
2002-08-12 00:00:00-04:00,7.104607189686415,7.1459479331970215,6.945152063720992,7.1459479331970215,18375,0.0,0.0
2002-08-13 00:00:00-04:00,7.175477327731482,7.559350296202585,7.0691733072090805,7.518010139465332,35700,0.0,0.0
2002-08-14 00:00:00-04:00,7.234531837570152,7.677461839275074,7.234531837570152,7.6715569496154785,32340,0.0,0.0
2002-08-15 00:00:00-04:00,7.647934024117313,7.67746261503117,7.086888431249674,7.157757759094238,40635,0.0,0.0
2002-08-16 00:00:00-04:00,7.222720762873476,7.382175857917058,7.086888184914222,7.370363712310791,28770,0.0,0.0
2002-08-19 00:00:00-04:00,7.346739883620022,7.382174539984504,7.104604543569306,7.29949426651001,15750,0.0,0.0
2002-08-20 00:00:00-04:00,7.1695678804965555,7.222719570066601,7.098699158195152,7.1813788414001465,13860,0.0,0.0
2002-08-21 00:00:00-04:00,7.175476098235839,7.216815656513437,7.086889133958149,7.205004692077637,37590,0.0,0.0
2002-08-22 00:00:00-04:00,7.086886854786005,7.2935881279549015,7.086886854786005,7.264059543609619,14175,0.0,0.0
2002-08-23 00:00:00-04:00,7.175475775771322,7.181380666347709,7.086888815474714,7.116417407989502,34860,0.0,0.0
2002-08-26 00:00:00-04:00,7.222719260087344,7.264059395603622,7.116415294133556,7.258153915405273,7980,0.0,0.0
2002-08-27 00:00:00-04:00,7.122327825341973,7.2522544213027365,7.08689313788636,7.098705291748047,43050,0.0,0.0
2002-08-28 00:00:00-04:00,7.258154914807305,7.258154914807305,6.927433193762846,6.939244747161865,42105,0.0,0.0
2002-08-29 00:00:00-04:00,6.9687747640894315,7.045549581239601,6.90971698498309,6.962868690490723,111195,0.0,0.0
2002-08-30 00:00:00-04:00,6.968774766161145,7.086889141656644,6.6734876446701,6.791602611541748,33075,0.0,0.0
2002-09-03 00:00:00-04:00,6.909716512578231,6.909716512578231,6.62624096637695,6.673487186431885,19425,0.0,0.0
2002-09-04 00:00:00-04:00,6.7384510301360105,7.063266751483815,6.6262415434218545,6.915623188018799,11655,0.0,0.0
2002-09-05 00:00:00-04:00,6.785698029207037,6.903813022036345,6.685300669696706,6.703017711639404,19530,0.0,0.0
2002-09-06 00:00:00-04:00,6.708921917340904,6.998302948202124,6.7030158440879966,6.88018798828125,19740,0.0,0.0
2002-09-09 00:00:00-04:00,6.880187400003107,6.945150651973827,6.64395809173584,6.64395809173584,25830,0.0,0.0
2002-09-10 00:00:00-04:00,6.638051542608122,6.791600538714102,6.632145470810218,6.691202640533447,17115,0.0,0.0
2002-09-11 00:00:00-04:00,6.584903807794634,6.832944779241498,6.584903807794634,6.708924293518066,29505,0.0,0.0
2002-09-12 00:00:00-04:00,6.726640828480522,6.726640828480522,6.5730917517658165,6.703017711639404,33600,0.0,0.0
2002-09-13 00:00:00-04:00,6.756165899368646,6.850657725993551,6.661674072743741,6.809317588806152,15855,0.0,0.0
2002-09-16 00:00:00-04:00,6.779790014014135,6.844753265380859,6.626240403260776,6.844753265380859,4200,0.0,0.0
2002-09-17 00:00:00-04:00,6.85066130483197,6.85066130483197,6.649866585811309,6.703017711639404,20160,0.0,0.0
2002-09-18 00:00:00-04:00,6.726637460277923,6.844752393964007,6.5553714273778825,6.815223217010498,19530,0.0,0.0
2002-09-19 00:00:00-04:00,6.620334983496294,6.79750711254076,6.614429502124439,6.64395809173584,12180,0.0,0.0
2002-09-20 00:00:00-04:00,6.7916035251907845,6.7916035251907845,6.614431346737076,6.732546329498291,61005,0.0,0.0
2002-09-23 00:00:00-04:00,6.726639074961479,6.726639074961479,6.525844408284532,6.590806484222412,6930,0.0,0.0
2002-09-24 00:00:00-04:00,6.508128154717942,6.6616772238491775,6.502222080111212,6.531750679016113,38220,0.0,0.0
2002-09-25 00:00:00-04:00,6.531750949774923,6.620337341538023,6.525846057675919,6.614431858062744,69090,0.0,0.0
2002-09-26 00:00:00-04:00,6.590808150032807,6.732546849954786,6.590808150032807,6.614431858062744,19110,0.0,0.0
2002-09-27 00:00:00-04:00,6.608524808322138,6.726639782789867,6.531749986211685,6.584902286529541,20790,0.0,0.0
2002-09-30 00:00:00-04:00,6.549469775045788,6.614433061979425,6.496317457212465,6.537658214569092,55860,0.0,0.0
2002-10-01 00:00:00-04:00,6.5022228926026875,6.821133219928363,6.496316817257958,6.708924293518066,142485,0.0,0.0
2002-10-02 00:00:00-04:00,6.791600556118974,6.933338000368345,6.732543386244397,6.809317588806152,63000,0.0,0.0
2002-10-03 00:00:00-04:00,6.809319983459266,6.809319983459266,6.496315217196011,6.638053894042969,17115,0.0,0.0
2002-10-04 00:00:00-04:00,6.638055529015579,7.175478225193445,6.555375205199957,6.708924293518066,82320,0.0,0.0
2002-10-07 00:00:00-04:00,6.543559755207941,6.720731872821061,6.443162438731714,6.466784954071045,25515,0.0,0.0
2002-10-08 00:00:00-04:00,6.437256666672997,6.6262403464601825,6.437256666672997,6.549466133117676,46095,0.0,0.0
2002-10-09 00:00:00-04:00,6.5494644182356785,6.555370489331639,6.378197818467194,6.384103298187256,71820,0.0,0.0
2002-10-10 00:00:00-04:00,6.41363533592938,6.773885726928712,6.354577555467756,6.773885726928711,94395,0.0,0.0
2002-10-11 00:00:00-04:00,6.649865543024243,6.791603039092071,6.50222138160796,6.608524799346924,15855,0.0,0.0
2002-10-14 00:00:00-04:00,6.5435620022546095,6.756168852949551,6.5435620022546095,6.732546329498291,19005,0.0,0.0
2002-10-15 00:00:00-04:00,6.643958409645954,6.78569588311317,6.561277526851304,6.77979040145874,20265,0.0,0.0
2002-10-16 00:00:00-04:00,6.5612747931341895,6.791599126463277,6.5612747931341895,6.720729827880859,11655,0.0,0.0
2002-10-17 00:00:00-04:00,6.726639376549316,6.726639376549316,6.555373294859342,6.64986515045166,25095,0.0,0.0
2002-10-18 00:00:00-04:00,6.673487670817627,6.791602638152064,6.649865150451661,6.64986515045166,53025,0.0,0.0
2002-10-21 00:00:00-04:00,6.703017140275816,6.762074927344537,6.673488542429569,6.732546329498291,57435,0.0,0.0
2002-10-22 00:00:00-04:00,6.6734876446701,6.880188393163372,6.6734876446701,6.791602611541748,64890,0.0,0.0
2002-10-23 00:00:00-04:00,6.7916033694206375,6.874283678044289,6.578996523601982,6.626242160797119,29715,0.0,0.0
2002-10-24 00:00:00-04:00,6.691204223264431,6.72073281511071,6.614430002739325,6.673487186431885,141435,0.0,0.0
2002-10-25 00:00:00-04:00,6.6498640170749335,7.027830783648886,6.6498640170749335,7.016019821166992,43155,0.0,0.0
2002-10-28 00:00:00-05:00,7.01602156423686,7.0987018704076235,6.7443569407635255,7.057361125946045,63840,0.0,0.0
2002-10-29 00:00:00-05:00,7.063265064750299,7.22862562710204,7.027830405085203,7.222720146179199,95025,0.0,0.0
2002-10-30 00:00:00-05:00,7.145947057118686,7.246343796795901,7.080983799907188,7.234532833099365,12915,0.0,0.0
2002-10-31 00:00:00-05:00,7.205005290163234,7.264062482749151,7.057361125946044,7.057361125946045,36120,0.0,0.0
2002-11-01 00:00:00-05:00,7.057360098385785,7.234532833099366,7.057360098385785,7.234532833099365,24255,0.0,0.0
2002-11-04 00:00:00-05:00,7.264062250311984,7.382177223080546,7.1459478689196,7.2817792892456055,34335,0.0,0.0
2002-11-05 00:00:00-05:00,7.281781269575084,7.382179230713926,7.281781269575084,7.376273155212402,13125,0.0,0.0
2002-11-06 00:00:00-05:00,7.364460154146491,7.5239152908325195,7.293591401633665,7.5239152908325195,56805,0.0,0.0
2002-11-07 00:00:00-05:00,7.29359287252054,7.458953525523888,7.264064268966562,7.411707878112793,16800,0.0,0.0
2002-11-08 00:00:00-05:00,7.464856745305193,7.588877187612448,7.417610524592267,7.4412336349487305,16065,0.0,0.0
2002-11-11 00:00:00-05:00,7.500288782041694,7.541629509623527,7.447137685242101,7.4884772300720215,8400,0.0,0.0
2002-11-12 00:00:00-05:00,7.512103694024962,7.777861641473678,7.500291546325884,7.68927526473999,34440,0.0,0.0
2002-11-13 00:00:00-05:00,7.535725163360983,7.7955781834388755,7.535725163360983,7.712897300720215,25830,0.0,0.0
2002-11-14 00:00:00-05:00,7.577067822807435,7.795580769708105,7.577067822807435,7.7247114181518555,41055,0.0,0.0
2002-11-15 00:00:00-05:00,7.795581788341683,7.819204317237522,7.636126613568855,7.789675712585449,14910,0.0,0.0
2002-11-18 00:00:00-05:00,7.618403911590577,7.760141947594481,7.618403911590577,7.618403911590576,18585,0.0,0.0
2002-11-19 00:00:00-05:00,7.677463312213372,7.766050275751609,7.677463312213372,7.754238128662109,29715,0.0,0.0
2002-11-20 00:00:00-05:00,7.7837657620267064,7.872352123260498,7.701086064985143,7.872352123260498,10395,0.0,0.0
2002-11-21 00:00:00-05:00,7.736518831373261,7.878257469373993,7.6184044824580175,7.683367729187012,40005,0.0,0.0
2002-11-22 00:00:00-05:00,7.819200452409756,7.901880741119385,7.7128970551042135,7.901880741119385,16065,0.0,0.0
2002-11-25 00:00:00-05:00,7.913691341875941,7.913691341875941,7.79557699588042,7.8782572746276855,95235,0.0,0.0
2002-11-26 00:00:00-05:00,7.5593476636372205,7.854634732569428,7.5593476636372205,7.825106143951416,52605,0.0,0.0
2002-11-27 00:00:00-05:00,7.8251067021915235,7.913692474365234,7.671557675598106,7.913692474365234,11550,0.0,0.0
2002-11-29 00:00:00-05:00,7.913692323157268,7.937315431835988,7.706991009282573,7.9314093589782715,7140,0.0,0.0
2002-12-02 00:00:00-05:00,7.712899893544975,7.937318325042725,7.712899893544975,7.937318325042725,26040,0.0,0.0
2002-12-03 00:00:00-05:00,7.848730318080515,7.913693581589389,7.736520829701124,7.748332977294922,31290,0.0,0.0
2002-12-04 00:00:00-05:00,7.836920911828259,7.890073225077374,7.7365229521235195,7.795581340789795,12180,0.0,0.0
2002-12-05 00:00:00-05:00,7.8310108210913585,7.854634519270709,7.766048755822289,7.8073883056640625,10185,0.0,0.0
2002-12-06 00:00:00-05:00,7.890072442441661,7.907789484183082,7.677464984663251,7.860543251037598,29400,0.0,0.0
2002-12-09 00:00:00-05:00,7.842823086903708,7.8605401215916055,7.677461928104531,7.760142803192139,19950,0.0,0.0
2002-12-10 00:00:00-05:00,7.706994791632737,7.972754007630481,7.677466186980665,7.789675712585449,26145,0.0,0.0
2002-12-11 00:00:00-05:00,7.901879789001188,7.901879789001188,7.712896125757154,7.8782572746276855,5355,0.0,0.0
2002-12-12 00:00:00-05:00,7.848730318080515,7.854636391877413,7.677463639989148,7.748332977294922,47355,0.0,0.0
2002-12-13 00:00:00-05:00,7.706990244144451,7.813294222644998,7.677461656915639,7.683367729187012,19635,0.0,0.0
2002-12-16 00:00:00-05:00,7.68927302000765,7.907785861126565,7.665650505634146,7.8782572746276855,22680,0.0,0.0
2002-12-17 00:00:00-05:00,7.760140821490512,7.866443593847469,7.742423199951114,7.813292503356934,19845,0.0,0.0
2002-12-18 00:00:00-05:00,7.777859929061762,7.97274967841752,7.771953856512533,7.825106143951416,53445,0.0,0.0
2002-12-19 00:00:00-05:00,7.819200782179076,7.8900701109556834,7.742425971692466,7.801483154296875,28140,0.0,0.0
2002-12-20 00:00:00-05:00,7.742426572948754,8.025902135940854,7.588877531427421,7.754238128662109,52605,0.0,0.0
2002-12-23 00:00:00-05:00,7.588875453601008,7.937314181926319,7.588875453601008,7.919597148895264,23100,0.0,0.0
2002-12-24 00:00:00-05:00,7.760146662415828,7.813298384288612,7.706994349166713,7.795581340789795,11550,0.0,0.0
2002-12-26 00:00:00-05:00,7.754236026879475,7.754236026879475,7.5888754744657,7.600687026977539,5040,0.0,0.0
2002-12-27 00:00:00-05:00,7.5888776779174805,7.7896729461682375,7.5888776779174805,7.5888776779174805,14595,0.0,0.0
2002-12-30 00:00:00-05:00,7.783769347370325,7.783769347370325,7.411707878112793,7.411707878112793,40740,0.0,0.0
2002-12-31 00:00:00-05:00,7.594782701907579,7.766049957034384,7.447139739990234,7.447139739990234,26355,0.0,0.0
2003-01-02 00:00:00-05:00,7.453044439083654,7.653839674127219,7.4471389577776925,7.624310493469238,12600,0.0,0.0
2003-01-03 00:00:00-05:00,7.671558421420909,7.795578869346925,7.447140045619444,7.754238128662109,12285,0.0,0.0
2003-01-06 00:00:00-05:00,7.819200701410973,7.825106774436066,7.671557746425022,7.712897300720215,16800,0.0,0.0
2003-01-07 00:00:00-05:00,7.5593515882096085,7.813298646642541,7.447142656655474,7.5652570724487305,24255,0.0,0.0
2003-01-08 00:00:00-05:00,7.647935113297915,7.766050676526949,7.506197620175423,7.68927526473999,17430,0.0,0.0
2003-01-09 00:00:00-05:00,7.70699378457465,7.783768619739109,7.5593507806065166,7.7247114181518555,11550,0.0,0.0
2003-01-10 00:00:00-05:00,7.730618503281305,7.78967571258545,7.677466186980665,7.789675712585449,7350,0.0,0.0
2003-01-13 00:00:00-05:00,7.695178804110558,7.82510528949382,7.695178804110558,7.706989765167236,20580,0.0,0.0
2003-01-14 00:00:00-05:00,7.712899469352814,7.831013866551749,7.677464795367379,7.819202899932861,16590,0.0,0.0
2003-01-15 00:00:00-05:00,7.683369782266625,7.771955567624139,7.677463708417086,7.68927526473999,19215,0.0,0.0
2003-01-16 00:00:00-05:00,7.64793504513316,7.831012688065987,7.64793504513316,7.748332977294922,19320,0.0,0.0
2003-01-17 00:00:00-05:00,7.789673413118539,7.795579487131333,7.559349536895751,7.559349536895752,31185,0.0,0.0
2003-01-21 00:00:00-05:00,7.5002897203179,7.706990427205265,7.5002897203179,7.6715569496154785,5880,0.0,0.0
2003-01-22 00:00:00-05:00,7.453048140894597,7.671561111140093,7.447142656655474,7.5652570724487305,23835,0.0,0.0
2003-01-23 00:00:00-05:00,7.73651998083641,7.73651998083641,7.47076206491578,7.577065467834473,6825,0.0,0.0
2003-01-24 00:00:00-05:00,7.423515301960854,7.789671083062462,7.423515301960854,7.677461624145508,29505,0.0,0.0
2003-01-27 00:00:00-05:00,7.68336769639167,7.695179249507982,7.58887586283719,7.677461624145508,10920,0.0,0.0
2003-01-28 00:00:00-05:00,7.6774631608079,7.78376656875557,7.647934567794909,7.7719550132751465,109935,0.0,0.0
2003-01-29 00:00:00-05:00,7.677463577976953,7.766050544581723,7.677463577976953,7.736520767211914,19845,0.0,0.0
2003-01-30 00:00:00-05:00,7.74833049436953,7.766048118706507,7.677461179773581,7.706989765167236,11130,0.0,0.0
2003-01-31 00:00:00-05:00,7.712895837071556,7.766048118706507,7.677461179773581,7.706989765167236,13230,0.0,0.0
2003-02-03 00:00:00-05:00,7.683369052141682,7.854635715484619,7.683369052141682,7.854635715484619,51765,0.0,0.0
2003-02-04 00:00:00-05:00,7.854639158130276,8.155831877937507,7.831015445999032,8.03771686553955,130830,0.0,0.0
2003-02-05 00:00:00-05:00,8.043622305001135,8.114491070282186,7.931412785981778,8.00228214263916,46410,0.0,0.0
2003-02-06 00:00:00-05:00,7.913692868094936,7.972750643858462,7.8428241285548195,7.848729610443115,18900,0.0,0.0
2003-02-07 00:00:00-05:00,7.860541810807194,7.943222112286605,7.736520767211914,7.736520767211914,11445,0.0,0.0
2003-02-10 00:00:00-05:00,7.695183822872999,7.78967571258545,7.653843658084826,7.789675712585449,45150,0.0,0.0
2003-02-11 00:00:00-05:00,7.848728257268007,7.966843197055111,7.677461624145508,7.677461624145508,23520,0.0,0.0
2003-02-12 00:00:00-05:00,7.695179554168465,7.854634640487652,7.689273481688475,7.760142803192139,13020,0.0,0.0
2003-02-13 00:00:00-05:00,7.766049938545116,7.854635715484619,7.6184057942270424,7.854635715484619,63525,0.0,0.0
2003-02-14 00:00:00-05:00,7.890071714971347,7.890071714971347,7.736521471405965,7.7837677001953125,29925,0.0,0.0
2003-02-18 00:00:00-05:00,7.677462392210342,7.972750066907128,7.677462392210342,7.901880741119385,19215,0.0,0.0
2003-02-19 00:00:00-05:00,7.801481510441229,7.972748723208814,7.801481510441229,7.9668426513671875,6825,0.0,0.0
2003-02-20 00:00:00-05:00,7.706989795642688,7.94321966247801,7.706989795642688,7.919597148895264,13440,0.0,0.0
2003-02-21 00:00:00-05:00,7.842823738351049,7.943221065089805,7.842823738351049,7.913692474365234,49035,0.0,0.0
2003-02-24 00:00:00-05:00,7.825105901229329,7.913691664335579,7.777859687805176,7.777859687805176,9345,0.0,0.0
2003-02-25 00:00:00-05:00,7.831011033748557,7.836917106297785,7.7896714827841755,7.825106143951416,7770,0.0,0.0
2003-02-26 00:00:00-05:00,7.766051080847878,8.415682572795859,7.766051080847878,8.220792770385742,57015,0.0,0.0
2003-02-27 00:00:00-05:00,8.096771550849141,8.15582873862787,7.943221916422607,7.990467548370361,52605,0.0,0.0
2003-02-28 00:00:00-05:00,7.884162916616942,8.061335030609591,7.677461624145508,7.677461624145508,138180,0.0,0.0
2003-03-03 00:00:00-05:00,7.795577155308624,7.795577155308624,7.677461624145508,7.677461624145508,26565,0.0,0.0
2003-03-04 00:00:00-05:00,7.695180416107178,7.706991379638033,7.677462788058689,7.695180416107178,91560,0.0,0.0
2003-03-05 00:00:00-05:00,7.677461928104531,7.783765318983989,7.665650965896624,7.760142803192139,55230,0.0,0.0
2003-03-06 00:00:00-05:00,7.712897644454849,7.901881344910464,7.712897644454849,7.854635715484619,70560,0.0,0.0
2003-03-07 00:00:00-05:00,7.766049938545116,7.901881344910464,7.766049938545116,7.854635715484619,23730,0.0,0.0
2003-03-10 00:00:00-05:00,7.766049938545116,7.860541197396806,7.7483323100563215,7.854635715484619,12285,0.0,0.0
2003-03-11 00:00:00-05:00,7.683369750838148,7.842824873480838,7.677463677012767,7.831012725830078,10185,0.0,0.0
2003-03-12 00:00:00-05:00,7.748331717998085,7.901880741119385,7.7069909822671985,7.901880741119385,17010,0.0,0.0
2003-03-13 00:00:00-05:00,7.884162376592195,7.972748723208814,7.7306133793494896,7.9668426513671875,27615,0.0,0.0
2003-03-14 00:00:00-05:00,8.031807924785356,8.108582147136566,7.9550331110580235,8.061336517333984,31815,0.0,0.0
2003-03-17 00:00:00-05:00,8.073146030664516,8.462924891296439,7.8959733374333,8.427490234375,66465,0.0,0.0
2003-03-18 00:00:00-05:00,8.409774028545206,8.409774028545206,8.279847531766748,8.356621742248535,30555,0.0,0.0
2003-03-19 00:00:00-05:00,8.35662248922562,8.427491816371987,8.220791090635295,8.409774780273438,37695,0.0,0.0
2003-03-20 00:00:00-05:00,8.374336153934912,8.533791177495432,8.167635526009684,8.291656494140625,46305,0.0,0.0
2003-03-21 00:00:00-05:00,8.285756381524568,8.285756381524568,8.108583611484509,8.268038749694824,32025,0.0,0.0
2003-03-24 00:00:00-05:00,7.966845017055591,8.19716887700039,7.559349002643725,8.084959983825684,43890,0.0,0.0
2003-03-25 00:00:00-05:00,8.002278529866325,8.262130946166014,7.8605404719180925,8.185356140136719,47670,0.0,0.0
2003-03-26 00:00:00-05:00,8.185357332517233,8.185357332517233,7.84282457892354,7.990467548370361,26145,0.0,0.0
2003-03-27 00:00:00-05:00,7.925505949794918,8.268038749694824,7.925505949794918,8.268038749694824,35175,0.0,0.0
2003-03-28 00:00:00-05:00,8.191262951304259,8.268037172878518,8.191262951304259,8.262131690979004,30450,0.0,0.0
2003-03-31 00:00:00-05:00,8.144018776685689,8.268039250119104,8.10267861887455,8.12039566040039,17325,0.0,0.0
2003-04-01 00:00:00-05:00,8.037714586441057,8.315284698164637,8.03180910361503,8.309378623962402,16485,0.0,0.0
2003-04-02 00:00:00-05:00,8.344814310190076,8.787745091439202,8.344814310190076,8.70506477355957,33495,0.0,0.0
2003-04-03 00:00:00-05:00,8.693247543919401,8.799550909380644,8.533792495727539,8.533792495727539,21735,0.0,0.0
2003-04-04 00:00:00-05:00,8.421583607408447,8.69915358988988,8.208977454022087,8.48064136505127,23310,0.0,0.0
2003-04-07 00:00:00-04:00,8.268036927260098,8.9471968943342,8.179451153142312,8.333000183105469,72660,0.0,0.0
2003-04-08 00:00:00-04:00,8.3625283445668,8.817270520730341,8.3625283445668,8.7464017868042,60060,0.0,0.0
2003-04-09 00:00:00-04:00,8.787741841541512,8.799553395638473,8.67553237330841,8.681438446044922,61950,0.0,0.0
2003-04-10 00:00:00-04:00,8.62237933788933,8.817268458447353,8.62237933788933,8.651907920837402,12810,0.0,0.0
2003-04-11 00:00:00-04:00,8.799552907004454,8.799552907004454,8.563323020935059,8.563323020935059,21105,0.0,0.0
2003-04-14 00:00:00-04:00,8.740497589111328,8.740497589111328,8.563325420599098,8.740497589111328,19950,0.0,0.0
2003-04-15 00:00:00-04:00,8.693252473138422,8.740498111590318,8.521985777075807,8.598760604858398,37905,0.0,0.0
2003-04-16 00:00:00-04:00,8.581040013607513,8.59875763937083,8.297564506530762,8.297564506530762,37905,0.0,0.0
2003-04-17 00:00:00-04:00,8.681439148752265,8.705062258858327,8.2857547156682,8.486549377441406,23205,0.0,0.0
2003-04-21 00:00:00-04:00,8.581039525245956,8.70506053302681,8.521982353065354,8.646002769470215,77385,0.0,0.0
2003-04-22 00:00:00-04:00,8.474740226691324,8.734592719317655,8.356624650893579,8.693252563476562,101115,0.0,0.0
2003-04-23 00:00:00-04:00,8.787742127967842,8.929479598999023,8.681438729006416,8.929479598999023,75600,0.0,0.0
2003-04-24 00:00:00-04:00,8.882235172702956,8.941292953093155,8.705063014284681,8.858612060546875,43680,0.0,0.0
2003-04-25 00:00:00-04:00,8.91766887411731,8.91766887411731,8.770025316422009,8.781837463378906,26040,0.0,0.0
2003-04-28 00:00:00-04:00,8.77002484519157,9.006255352737519,8.752308399836572,8.976725578308105,68355,0.0,0.0
2003-04-29 00:00:00-04:00,9.047595701800383,9.301542676982065,8.858611988833944,9.088935852050781,19530,0.0,0.0
2003-04-30 00:00:00-04:00,8.976722957313042,9.254293530438124,8.870420176588274,9.112555503845215,15855,0.0,0.0
2003-05-01 00:00:00-04:00,8.91766850941028,9.189333093905196,8.91766850941028,9.047595024108887,14910,0.0,0.0
2003-05-02 00:00:00-04:00,8.864516526215295,9.360598867715856,8.864516526215295,9.325164794921875,22470,0.0,0.0
2003-05-05 00:00:00-04:00,9.408109352763866,9.479203224182129,8.868979591894604,9.479203224182129,60165,0.04762,0.0
2003-05-06 00:00:00-04:00,9.27184431570068,9.775426760791042,9.27184431570068,9.627313613891602,68775,0.0,0.0
2003-05-07 00:00:00-04:00,9.633239780252488,9.77542811244397,9.479202964195236,9.621391296386719,62265,0.0,0.0
2003-05-08 00:00:00-04:00,9.479203224182129,9.544372853505024,9.42588267230474,9.479203224182129,39165,0.0,0.0
2003-05-09 00:00:00-04:00,9.77542782753584,10.047955406855376,9.502900248216301,9.816899299621582,57225,0.0,0.0
2003-05-12 00:00:00-04:00,10.006486576111463,10.071655629558716,9.562149316311459,9.75173282623291,29085,0.0,0.0
2003-05-13 00:00:00-04:00,9.621391295374298,9.787276595279865,9.609542218255026,9.710258483886719,21315,0.0,0.0
2003-05-14 00:00:00-04:00,9.597693203381233,9.775428779054499,9.597693203381233,9.686561584472656,24780,0.0,0.0
2003-05-15 00:00:00-04:00,9.59769047091626,10.047953524246292,9.591766823520642,9.982783317565918,23520,0.0,0.0
2003-05-16 00:00:00-04:00,9.633237073356895,10.04202744950021,9.479200300583273,9.953160285949707,23100,0.0,0.0
2003-05-19 00:00:00-04:00,10.000557539605786,10.071650802656375,9.834671083887397,9.905765533447266,28770,0.0,0.0
2003-05-20 00:00:00-04:00,9.893921787250738,10.284938504153045,9.893921787250738,10.071656227111816,41475,0.0,0.0
2003-05-21 00:00:00-04:00,10.071652498255839,10.308632850175966,10.071652498255839,10.219765663146973,20370,0.0,0.0
2003-05-22 00:00:00-04:00,10.213839842245598,10.32640516571486,10.213839842245598,10.279008865356445,24150,0.0,0.0
2003-05-23 00:00:00-04:00,10.213840186729042,10.24938681994209,10.213840186729042,10.23753833770752,12180,0.0,0.0
2003-05-27 00:00:00-04:00,10.219764395412797,10.255311028513034,10.219764395412797,10.24938678741455,53340,0.0,0.0
2003-05-28 00:00:00-04:00,10.178290268034718,10.43304444863582,10.178290268034718,10.427120208740234,81060,0.0,0.0
2003-05-29 00:00:00-04:00,10.427125219394311,10.729274650864173,10.367880418950755,10.593009948730469,59010,0.0,0.0
2003-05-30 00:00:00-04:00,10.521916416137337,11.102517107986719,10.521916416137337,10.85368824005127,77490,0.0,0.0
2003-06-02 00:00:00-04:00,10.960327151461902,10.960327151461902,10.77074312066099,10.776668548583984,78645,0.0,0.0
2003-06-03 00:00:00-04:00,10.693725695369636,10.930706058700125,10.693725695369636,10.91885757446289,34860,0.0,0.0
2003-06-04 00:00:00-04:00,10.92478404005421,11.197311098072152,10.693727871816504,11.138066291809082,69405,0.0,0.0
2003-06-05 00:00:00-04:00,11.138061743534765,11.138061743534765,10.812214255639296,10.954401969909668,40005,0.0,0.0
2003-06-06 00:00:00-04:00,11.12028834182212,11.256551821406177,10.52191387988738,10.664101600646973,92190,0.0,0.0
2003-06-09 00:00:00-04:00,10.515990893221076,10.598933839101328,10.456746101379395,10.456746101379395,33390,0.0,0.0
2003-06-10 00:00:00-04:00,10.55746169995929,10.735196054281442,10.456744853937796,10.664101600646973,44835,0.0,0.0
2003-06-11 00:00:00-04:00,10.72334766413753,10.72334766413753,10.367878913104992,10.634480476379395,75810,0.0,0.0
2003-06-12 00:00:00-04:00,10.664102872298773,10.812216038405154,10.468594584627082,10.634480476379395,52185,0.0,0.0
2003-06-13 00:00:00-04:00,10.652253150939943,10.693724025805126,10.521913912131994,10.652253150939941,64575,0.0,0.0
2003-06-16 00:00:00-04:00,10.539689174386464,11.215081233339411,10.539689174386464,11.12028980255127,70980,0.0,0.0
2003-06-17 00:00:00-04:00,10.960327693629639,11.191383798774039,10.664102556693193,10.752969741821289,55230,0.0,0.0
2003-06-18 00:00:00-04:00,10.989950728516108,10.989950728516108,10.397500484113065,10.9603271484375,36225,0.0,0.0
2003-06-19 00:00:00-04:00,10.527841305228876,10.954405783032248,10.421200185778032,10.87146282196045,108675,0.0,0.0
2003-06-20 00:00:00-04:00,10.960325865408237,10.9662501061267,10.81221391490034,10.901081085205078,36540,0.0,0.0
2003-06-23 00:00:00-04:00,10.812215488582584,10.901082671821648,10.776668852588847,10.841837882995605,56595,0.0,0.0
2003-06-24 00:00:00-04:00,10.81221332968617,11.161758937776654,10.664100200685683,10.948476791381836,89670,0.0,0.0
2003-06-25 00:00:00-04:00,11.049199752515067,11.049199752515067,10.504144416913444,10.510069847106934,13755,0.0,0.0
2003-06-26 00:00:00-04:00,10.504140062599118,10.984024959222962,10.504140062599118,10.90700626373291,60165,0.0,0.0
2003-06-27 00:00:00-04:00,10.88923443260681,11.00772401291336,10.515990593527933,10.569311141967773,39585,0.0,0.0
2003-06-30 00:00:00-04:00,10.515991818395927,10.78259340513854,10.225690889020235,10.640405654907227,48930,0.0,0.0
2003-07-01 00:00:00-04:00,10.231613686253114,10.776668827087416,10.225689444686415,10.670027732849121,18795,0.0,0.0
2003-07-02 00:00:00-04:00,10.557462146884552,10.924780539938833,10.515990083881485,10.859611511230469,109200,0.0,0.0
2003-07-03 00:00:00-04:00,10.634479267008535,10.960326771575259,10.634479267008535,10.735196113586426,7560,0.0,0.0
2003-07-07 00:00:00-04:00,10.812215180591437,10.989950728516108,10.57523484552834,10.9603271484375,47670,0.0,0.0
2003-07-08 00:00:00-04:00,11.078817909223746,11.078817909223746,10.705574089138514,10.9603271484375,32970,0.0,0.0
2003-07-09 00:00:00-04:00,10.794441269846152,10.989950728516108,10.794441269846152,10.9603271484375,33810,0.0,0.0
2003-07-10 00:00:00-04:00,11.00772400030174,11.00772400030174,10.752969741821289,10.752969741821289,20475,0.0,0.0
2003-07-11 00:00:00-04:00,10.741120724119689,10.995873783418675,10.741120724119689,10.9603271484375,40635,0.0,0.0
2003-07-14 00:00:00-04:00,10.984026075601644,11.238780339384885,10.93070552611301,11.209157943725586,47460,0.0,0.0
2003-07-15 00:00:00-04:00,11.197307899911323,11.197307899911323,10.954403314403015,11.078818321228027,48090,0.0,0.0
2003-07-16 00:00:00-04:00,11.108443888677547,11.167688694940617,11.031425165931646,11.138066291809082,28035,0.0,0.0
2003-07-17 00:00:00-04:00,11.138065933274213,11.155838662675162,10.924783688384906,10.930707931518555,22365,0.0,0.0
2003-07-18 00:00:00-04:00,10.960326476183438,11.013647018639473,10.924779843382524,10.94255256652832,11235,0.0,0.0
2003-07-21 00:00:00-04:00,11.108440302792959,11.108440302792959,10.924780513456323,10.9603271484375,42000,0.0,0.0
2003-07-22 00:00:00-04:00,10.960325603307128,11.143985366752354,10.924778973337133,11.007721900939941,130935,0.0,0.0
2003-07-23 00:00:00-04:00,11.031421604909246,11.031421604909246,10.924780513456323,10.9603271484375,44835,0.0,0.0
2003-07-24 00:00:00-04:00,11.025497961834832,11.061044598745072,10.646329879760742,10.646329879760742,77700,0.0,0.0
2003-07-25 00:00:00-04:00,10.604857444763184,10.847762025949022,10.515990262332098,10.604857444763184,246540,0.0,0.0
2003-07-28 00:00:00-04:00,10.664104840940828,10.812218034389575,10.545615235389597,10.699652671813965,41790,0.0,0.0
2003-07-29 00:00:00-04:00,10.55746169995929,10.859611051514428,10.545612031098871,10.664101600646973,17745,0.0,0.0
2003-07-30 00:00:00-04:00,10.664104806575324,10.8181422425033,10.563387930275518,10.79444408416748,15540,0.0,0.0
2003-07-31 00:00:00-04:00,10.73519622249986,11.00179894467005,10.73519622249986,10.972176551818848,53760,0.0,0.0
2003-08-01 00:00:00-04:00,10.954402625124963,11.072892196352603,10.788516750802522,10.978100776672363,44940,0.0,0.0
2003-08-04 00:00:00-04:00,11.019576360426543,11.066971492159732,10.871463162544813,11.001802444458008,29400,0.0,0.0
2003-08-05 00:00:00-04:00,11.168132182973542,11.168132182973542,10.97209490638676,10.989916801452637,28770,0.04762,0.0
2003-08-06 00:00:00-04:00,10.983980358995778,10.989920596164636,10.799824678769966,10.805766105651855,24150,0.0,0.0
2003-08-07 00:00:00-04:00,10.936454772949219,10.936454772949219,10.74041864185437,10.936454772949219,24360,0.0,0.0
2003-08-08 00:00:00-04:00,10.871110762705612,10.960217886662587,10.698836751779531,10.782002449035645,21210,0.0,0.0
2003-08-11 00:00:00-04:00,10.69883338355658,11.019620356466639,10.639427463241198,10.989916801452637,43575,0.0,0.0
2003-08-12 00:00:00-04:00,11.013678931636266,11.031500826702143,10.811701419931731,10.989916801452637,35175,0.0,0.0
2003-08-13 00:00:00-04:00,10.81170175133403,10.960214772105804,10.81170175133403,10.894869804382324,7035,0.0,0.0
2003-08-14 00:00:00-04:00,10.88892923531299,11.019620356466639,10.83546473982798,10.989916801452637,18165,0.0,0.0
2003-08-15 00:00:00-04:00,10.871112061428274,11.031505617540116,10.841409683227539,10.841409683227539,7140,0.0,0.0
2003-08-18 00:00:00-04:00,11.102786027540407,11.102786027540407,10.829523314997607,10.989916801452637,18165,0.0,0.0
2003-08-19 00:00:00-04:00,10.83546473982798,11.138429817672161,10.83546473982798,10.989916801452637,70035,0.0,0.0
2003-08-20 00:00:00-04:00,10.91863214691814,10.978036880493164,10.85328598821547,10.978036880493164,12180,0.0,0.0
2003-08-21 00:00:00-04:00,10.89487003701041,11.04338187124056,10.89487003701041,11.013679504394531,47985,0.0,0.0
2003-08-22 00:00:00-04:00,11.013680196492718,11.013680196492718,10.532499681866875,10.550321578979492,16170,0.0,0.0
2003-08-25 00:00:00-04:00,10.657253523949983,10.657253523949983,10.217656918007533,10.318644523620605,42735,0.0,0.0
2003-08-26 00:00:00-04:00,10.336464702393632,10.900812149047852,10.336464702393632,10.900812149047852,27930,0.0,0.0
2003-08-27 00:00:00-04:00,10.787942714702595,11.025561686347855,10.734478208139837,10.930514335632324,29505,0.0,0.0
2003-08-28 00:00:00-04:00,10.888933407977554,10.960218636132485,10.752300809635605,10.853289604187012,15960,0.0,0.0
2003-08-29 00:00:00-04:00,10.758239563375708,10.966156148493312,10.758239563375708,10.787941932678223,13125,0.0,0.0
2003-09-02 00:00:00-04:00,10.97209490638676,10.989916801452637,10.781999054630349,10.989916801452637,36330,0.0,0.0
2003-09-03 00:00:00-04:00,10.972094766324862,11.138429675486952,10.847345071594052,11.132488250732422,50925,0.0,0.0
2003-09-04 00:00:00-04:00,11.132489573076436,11.168133366987043,10.995858202319768,11.150311470031738,14175,0.0,0.0
2003-09-05 00:00:00-04:00,10.942396528006048,11.221600767108779,10.942396528006048,10.96021842956543,50820,0.0,0.0
2003-09-08 00:00:00-04:00,11.07903022068103,11.2572444950672,10.96615975258065,11.197839736938477,52500,0.0,0.0
2003-09-09 00:00:00-04:00,11.019624728763375,11.20972065594484,11.019624728763375,11.090909957885742,8190,0.0,0.0
2003-09-10 00:00:00-04:00,11.037445291394556,11.1621962252353,10.853289604187012,10.853289604187012,9765,0.0,0.0
2003-09-11 00:00:00-04:00,10.829525553236092,11.132490693696887,10.562203020561016,11.084967613220215,18060,0.0,0.0
2003-09-12 00:00:00-04:00,10.805764249643262,11.185954829417664,10.758239981029151,11.067145347595215,24570,0.0,0.0
2003-09-15 00:00:00-04:00,11.138430579714344,11.1859536536203,10.978037082285901,10.983977317810059,9555,0.0,0.0
2003-09-16 00:00:00-04:00,10.811704410359173,11.203777882264376,10.811704410359173,11.037444114685059,16275,0.0,0.0
2003-09-17 00:00:00-04:00,10.817643407325656,11.174072999190706,10.758238673633596,11.013679504394531,17745,0.0,0.0
2003-09-18 00:00:00-04:00,10.787942561911015,11.227539080884101,10.787942561911015,11.185955047607422,31920,0.0,0.0
2003-09-19 00:00:00-04:00,11.286942055847417,11.286942055847417,11.156250929927076,11.239418983459473,32550,0.0,0.0
2003-09-22 00:00:00-04:00,11.00774323394301,11.286946296691895,10.752301121459467,11.286946296691895,16065,0.0,0.0
2003-09-23 00:00:00-04:00,11.203780540822232,11.281007206176321,11.13249411363848,11.257245063781738,19950,0.0,0.0
2003-09-24 00:00:00-04:00,11.197837239535184,11.286944356855109,10.752299273509747,10.758240699768066,33495,0.0,0.0
2003-09-25 00:00:00-04:00,10.734474102137682,10.924569920568795,10.372103167504603,10.50279426574707,39795,0.0,0.0
2003-09-26 00:00:00-04:00,10.526559057068026,10.627547820786317,10.158247795102914,10.496856689453125,36330,0.0,0.0
2003-09-29 00:00:00-04:00,10.490918158095386,10.758240699768066,10.425573176670023,10.758240699768066,48300,0.0,0.0
2003-09-30 00:00:00-04:00,10.585966535884076,10.6691322256432,10.407751114322396,10.479036331176758,73185,0.0,0.0
2003-10-01 00:00:00-04:00,10.490916170426257,11.07902565067956,10.461213803613862,11.05526351928711,32340,0.0,0.0
2003-10-02 00:00:00-04:00,10.72259463059056,11.233477469863358,10.72259463059056,10.859227180480957,13020,0.0,0.0
2003-10-03 00:00:00-04:00,11.221597858354064,11.286942830945277,10.787941613759426,11.269122123718262,43260,0.0,0.0
2003-10-06 00:00:00-04:00,11.067149114338298,11.257245063781737,10.79982649954077,11.257245063781738,18060,0.0,0.0
2003-10-07 00:00:00-04:00,11.144371096571778,11.52456283569336,11.144371096571778,11.52456283569336,34965,0.0,0.0
2003-10-08 00:00:00-04:00,11.346351023482175,11.524566478019528,11.263184128621571,11.477042198181152,28350,0.0,0.0
2003-10-09 00:00:00-04:00,11.37011524514351,11.583973353858141,11.286948335055968,11.411699295043945,26985,0.0,0.0
2003-10-10 00:00:00-04:00,11.174077024079073,11.471101989240077,11.114672268989496,11.286946296691895,36015,0.0,0.0
2003-10-13 00:00:00-04:00,11.197835274478,11.79188499845623,11.197835274478,11.696836471557617,37065,0.0,0.0
2003-10-14 00:00:00-04:00,11.696834264713344,11.880989858550203,11.554262690977135,11.869108200073242,32130,0.0,0.0
2003-10-15 00:00:00-04:00,11.863171556279044,11.875052027447907,11.6196100001902,11.631491661071777,27090,0.0,0.0
2003-10-16 00:00:00-04:00,11.673080258391792,11.785949537523502,11.64337787913151,11.738425254821777,8820,0.0,0.0
2003-10-17 00:00:00-04:00,11.655252800066325,11.75624036553542,11.518621444702148,11.518621444702148,24885,0.0,0.0
2003-10-20 00:00:00-04:00,11.566143159741621,11.87504962416796,11.518620094971201,11.869108200073242,15015,0.0,0.0
2003-10-21 00:00:00-04:00,11.863169155403474,11.87504962416796,11.72059639195479,11.869108200073242,24990,0.0,0.0
2003-10-22 00:00:00-04:00,11.827526975690002,11.833468400591478,11.595847095911514,11.601788520812988,26565,0.0,0.0
2003-10-23 00:00:00-04:00,11.572087228242387,11.768123335641102,11.084966482759063,11.191895484924316,49980,0.0,0.0
2003-10-24 00:00:00-04:00,11.08496838538718,11.40575425723,10.978039364868588,11.227540016174316,51765,0.0,0.0
2003-10-27 00:00:00-05:00,11.233477720161474,11.524562342578154,10.989917360529697,11.05526351928711,122115,0.0,0.0
2003-10-28 00:00:00-05:00,10.995857411756148,11.75624084472656,10.995857411756148,11.756240844726562,38115,0.0,0.0
2003-10-29 00:00:00-05:00,11.583966124034864,11.869109297880987,11.560203994595591,11.845348358154297,39165,0.0,0.0
2003-10-30 00:00:00-05:00,11.869112557794342,11.869112557794342,11.74436283111572,11.744362831115723,19635,0.0,0.0
2003-10-31 00:00:00-05:00,11.875052810233983,11.875052810233983,11.506741523742676,11.506741523742676,29505,0.0,0.0
2003-11-03 00:00:00-05:00,11.625863249307223,11.893878893954202,11.518658661357563,11.840274810791016,51555,0.04762,0.0
2003-11-04 00:00:00-05:00,11.679462396516275,11.941521152740618,11.679462396516275,11.858139038085938,64365,0.0,0.0
2003-11-05 00:00:00-05:00,11.697330523227336,11.92961004006812,11.679462501072855,11.881962776184082,35385,0.0,0.0
2003-11-06 00:00:00-05:00,11.76284480034941,11.90578538694943,11.63181543230282,11.893874168395996,60690,0.0,0.0
2003-11-07 00:00:00-05:00,11.887917127360993,11.90578514762373,11.82240304105052,11.82835865020752,36645,0.0,0.0
2003-11-10 00:00:00-05:00,11.86409726466073,11.870051682317806,11.316156054713861,11.459097862243652,26040,0.0,0.0
2003-11-11 00:00:00-05:00,11.167260930991493,11.584171595428021,11.095790020177182,11.304245948791504,29400,0.0,0.0
2003-11-12 00:00:00-05:00,11.494831440907976,11.899829605546696,11.494831440907976,11.881962776184082,19320,0.0,0.0
2003-11-13 00:00:00-05:00,11.804533958435059,11.941518920676739,11.804533958435059,11.804533958435059,28455,0.0,0.0
2003-11-14 00:00:00-05:00,11.852190436544172,11.905793341431247,11.637778816995867,11.74498462677002,39585,0.0,0.0
2003-11-17 00:00:00-05:00,11.750933474597682,11.864096025268484,11.4114494009609,11.739022254943848,15750,0.0,0.0
2003-11-18 00:00:00-05:00,11.369762458068307,11.852188524213348,11.369762458068307,11.762850761413574,12705,0.0,0.0
2003-11-19 00:00:00-05:00,11.322113199891854,11.899832540394794,11.322113199891854,11.8700532913208,44100,0.0,0.0
2003-11-20 00:00:00-05:00,11.768800409626126,11.89982858488095,11.703286321998712,11.893874168395996,13440,0.0,0.0
2003-11-21 00:00:00-05:00,11.905782850604163,11.905782850604163,11.739018669632072,11.899826049804688,12180,0.0,0.0
2003-11-24 00:00:00-05:00,11.881963967260221,12.144022752099952,11.67350925425733,12.114243507385254,138495,0.0,0.0
2003-11-25 00:00:00-05:00,12.102328139481363,12.733650120344272,12.102328139481363,12.727694511413574,34230,0.0,0.0
2003-11-26 00:00:00-05:00,12.406076471447182,12.769385290581024,12.269091511404216,12.733649253845215,24990,0.0,0.0
2003-11-28 00:00:00-05:00,12.78725643198893,12.78725643198893,12.346522167688883,12.501375198364258,11550,0.0,0.0
2003-12-01 00:00:00-05:00,12.501375198364258,12.805124456387478,12.400125048092512,12.501375198364258,44625,0.0,0.0
2003-12-02 00:00:00-05:00,12.507328867144501,12.739608377096307,12.292917378817243,12.334609031677246,59745,0.0,0.0
2003-12-03 00:00:00-05:00,12.21549342264142,12.507331475139223,12.21549342264142,12.28100872039795,27300,0.0,0.0
2003-12-04 00:00:00-05:00,12.215488033264657,12.423943863478605,11.923651302314992,12.155929565429688,19110,0.0,0.0
2003-12-05 00:00:00-05:00,12.215495517105477,12.215495517105477,11.929614219235413,12.126157760620117,15120,0.0,0.0
2003-12-08 00:00:00-05:00,12.120196798829154,12.495415687561035,11.923653344199737,12.495415687561035,35700,0.0,0.0
2003-12-09 00:00:00-05:00,12.316741384249328,12.489462417755874,11.97725731261181,12.030858993530273,38220,0.0,0.0
2003-12-10 00:00:00-05:00,12.090419530264482,12.32269908671963,11.98321495742988,12.257184982299805,7140,0.0,0.0
2003-12-11 00:00:00-05:00,12.149974547393862,12.894457817077637,12.084460468151335,12.894457817077637,76230,0.0,0.0
2003-12-12 00:00:00-05:00,12.894461390447205,13.341151237487793,12.745565172364323,13.341151237487793,59535,0.0,0.0
2003-12-15 00:00:00-05:00,13.341148717774633,13.341148717774633,12.483504039456408,12.596665382385254,52605,0.0,0.0
2003-12-16 00:00:00-05:00,12.328654232321508,12.805123309969268,12.018948198698151,12.78725528717041,33705,0.0,0.0
2003-12-17 00:00:00-05:00,12.447767684627282,12.852766942172602,12.37034119810944,12.817030906677246,18375,0.0,0.0
2003-12-18 00:00:00-05:00,12.519242511248729,12.954021140303213,12.513285708259748,12.882550239562988,34860,0.0,0.0
2003-12-19 00:00:00-05:00,13.01358472273425,13.01358472273425,12.394173585525905,12.578805923461914,14490,0.0,0.0
2003-12-22 00:00:00-05:00,12.680051122946367,12.721742783764364,12.394169879136323,12.71578598022461,8820,0.0,0.0
2003-12-23 00:00:00-05:00,12.495419593796205,13.03740406036377,12.495419593796205,13.03740406036377,23205,0.0,0.0
2003-12-24 00:00:00-05:00,13.07314146117092,13.07314146117092,12.697921223641963,12.93019962310791,8505,0.0,0.0
2003-12-26 00:00:00-05:00,12.822986884880558,13.067177545400712,12.703868762192986,13.019530296325684,3990,0.0,0.0
2003-12-29 00:00:00-05:00,12.912331455951026,13.102919360915704,12.90637584484416,13.03740406036377,19530,0.0,0.0
2003-12-30 00:00:00-05:00,12.930192637772135,13.096958025419902,12.805120088025822,13.055266380310059,15540,0.0,0.0
2003-12-31 00:00:00-05:00,13.102916652316784,13.102916652316784,12.757475773229354,12.900416374206543,32760,0.0,0.0
2004-01-02 00:00:00-05:00,13.096959069545349,13.10291467852395,12.894458821939276,13.061223030090332,8820,0.0,0.0
2004-01-05 00:00:00-05:00,13.34115589422538,13.615127178153202,13.251818132192257,13.519832611083984,282345,0.0,0.0
2004-01-06 00:00:00-05:00,13.281592560093483,13.51982769840707,13.186299220443203,13.311371803283691,22155,0.0,0.0
2004-01-07 00:00:00-05:00,13.442395903723154,13.442395903723154,12.828942065293568,13.102911949157715,30135,0.0,0.0
2004-01-08 00:00:00-05:00,13.126741494982829,13.216079229732108,12.817035439384806,13.132697105407715,27090,0.0,0.0
2004-01-09 00:00:00-05:00,12.989757195331318,13.102918570705796,12.686006733694065,12.71578598022461,24465,0.0,0.0
2004-01-12 00:00:00-05:00,12.572841623594364,13.061223030090334,12.572841623594364,13.061223030090332,16695,0.0,0.0
2004-01-13 00:00:00-05:00,12.733649122122284,13.073134310850993,12.632400199862495,13.049310684204102,12075,0.0,0.0
2004-01-14 00:00:00-05:00,13.180344227461942,13.454314231872559,12.757476807337047,13.454314231872559,28980,0.0,0.0
2004-01-15 00:00:00-05:00,13.627034089020823,13.627034089020823,12.995711956804707,13.454314231872559,10500,0.0,0.0
2004-01-16 00:00:00-05:00,13.436444528976699,13.448356940997087,13.222033040528027,13.305415153503418,9345,0.0,0.0
2004-01-20 00:00:00-05:00,13.442401381459318,13.549608328387711,12.912329413733927,13.341151237487793,74235,0.0,0.0
2004-01-21 00:00:00-05:00,13.222033424792702,13.632988391998738,12.900416182772709,13.579386711120605,39480,0.0,0.0
2004-01-22 00:00:00-05:00,13.10292170468828,13.609171402377438,12.965936660766602,12.965936660766602,23205,0.0,0.0
2004-01-23 00:00:00-05:00,12.84085590800589,13.400708198547365,12.84085590800589,13.400708198547363,14385,0.0,0.0
2004-01-26 00:00:00-05:00,13.204166379481752,13.668724212760129,13.025489739239985,13.66276741027832,26355,0.0,0.0
2004-01-27 00:00:00-05:00,13.692548385667191,13.692548385667191,13.132696004047444,13.287549018859863,25410,0.0,0.0
2004-01-28 00:00:00-05:00,13.478136731745588,13.632988551993675,12.97784284069026,13.079092979431152,17955,0.0,0.0
2004-01-29 00:00:00-05:00,12.959978861640387,13.281594985381792,12.572846243891409,13.096963882446289,24360,0.0,0.0
2004-01-30 00:00:00-05:00,13.388798466717338,13.54365028073386,12.656225085582372,13.174386978149414,354375,0.0,0.0
2004-02-02 00:00:00-05:00,13.394759803875901,13.507921206164777,13.031450762767848,13.490053176879883,73815,0.0,0.0
2004-02-03 00:00:00-05:00,13.758060242232512,13.847397954955873,13.323281703737104,13.400708198547363,75285,0.0,0.0
2004-02-04 00:00:00-05:00,13.644905903908036,13.644905903908036,13.108876966876695,13.245862007141113,41475,0.0,0.0
2004-02-05 00:00:00-05:00,13.245857472887897,13.585342747727678,13.102916869540996,13.4602689743042,28140,0.0,0.0
2004-02-06 00:00:00-05:00,13.484095839174037,14.115418082012017,13.30541914756712,13.889095306396484,272580,0.0,0.0
2004-02-09 00:00:00-05:00,14.277064195431224,14.277064195431224,13.572760681472655,13.79957103729248,81690,0.04762,0.0
2004-02-10 00:00:00-05:00,13.727939993352773,13.936842627666083,13.620503874706776,13.847312927246094,58800,0.0,0.0
2004-02-11 00:00:00-05:00,13.799563125092815,14.223337955369276,13.644377369882045,14.086058616638184,148890,0.0,0.0
2004-02-12 00:00:00-05:00,14.265120294210075,14.265120294210075,13.93087393452033,14.038310050964355,42630,0.0,0.0
2004-02-13 00:00:00-05:00,14.032340760594463,14.205432934727781,13.912967836658318,14.145745277404785,46200,0.0,0.0
2004-02-17 00:00:00-05:00,14.324804853733141,14.324804853733141,13.966683716338201,14.205431938171387,41475,0.0,0.0
2004-02-18 00:00:00-05:00,14.235275769702039,14.438209973819065,14.145744883885659,14.384491920471191,18690,0.0,0.0
2004-02-19 00:00:00-05:00,14.444178380778853,14.61130094778226,14.241244176661828,14.384491920471191,91350,0.0,0.0
2004-02-20 00:00:00-05:00,14.533708090885119,14.736643490631334,14.324805479525937,14.647113800048828,120750,0.0,0.0
2004-02-23 00:00:00-05:00,15.243980535701468,15.429008320691379,14.742611647175133,14.856016159057617,66570,0.0,0.0
2004-02-24 00:00:00-05:00,15.041040946072052,15.041040946072052,14.474017349386726,14.76648235321045,132510,0.0,0.0
2004-02-25 00:00:00-05:00,15.041041495733229,15.041041495733229,14.563547545699834,14.915699005126953,40530,0.0,0.0
2004-02-26 00:00:00-05:00,14.921667850862386,14.969416287165979,14.766482145650777,14.957479476928711,32235,0.0,0.0
2004-02-27 00:00:00-05:00,15.011202355202585,15.011202355202585,14.772455315264505,14.802298545837402,28665,0.0,0.0
2004-03-01 00:00:00-05:00,14.921672333246542,14.921672333246542,14.641144059501944,14.790361404418945,63735,0.0,0.0
2004-03-02 00:00:00-05:00,15.01716450613806,15.01716450613806,14.748574347520982,14.760512351989746,95655,0.0,0.0
2004-03-03 00:00:00-05:00,14.742614022293706,14.969423082598897,14.557585012139706,14.72470760345459,27825,0.0,0.0
2004-03-04 00:00:00-05:00,14.915704558974994,15.041047096252441,14.563552968424574,15.041047096252441,31815,0.0,0.0
2004-03-05 00:00:00-05:00,15.041043629567417,15.041043629567417,14.808265026947655,14.879889488220215,12915,0.0,0.0
2004-03-08 00:00:00-05:00,15.16041196077834,15.279786026871058,14.670982473538562,14.700825691223145,60165,0.0,0.0
2004-03-09 00:00:00-05:00,15.166390579622092,15.369324819627378,14.921675092799633,15.321575164794922,98490,0.0,0.0
2004-03-10 00:00:00-05:00,14.814232687523605,15.75131299077885,14.814232687523605,15.518535614013672,127575,0.0,0.0
2004-03-11 00:00:00-05:00,15.434973155800476,15.816967841826825,15.34544348745653,15.518535614013672,62370,0.0,0.0
2004-03-12 00:00:00-05:00,15.661780918276154,15.816965413846509,15.524501636413296,15.810997009277344,36540,0.0,0.0
2004-03-15 00:00:00-05:00,15.894564778785082,15.924409204581023,15.291729372237246,15.297698974609375,84630,0.0,0.0
2004-03-16 00:00:00-05:00,15.464819815787004,15.476757824765624,14.963452127201595,14.999263763427734,33810,0.0,0.0
2004-03-17 00:00:00-05:00,14.951513690441878,15.4290065045883,14.867952418082385,15.05298137664795,51450,0.0,0.0
2004-03-18 00:00:00-05:00,14.867952450944617,15.052981409919145,14.742609944450972,14.897795677185059,75285,0.0,0.0
2004-03-19 00:00:00-05:00,15.04104881680175,15.082830065791942,14.772458488593838,14.981362342834473,70560,0.0,0.0
2004-03-22 00:00:00-05:00,15.052982264657851,15.052982264657851,14.861984888660963,14.963451385498047,48720,0.0,0.0
2004-03-23 00:00:00-05:00,15.023141588936175,15.25591904544565,14.87392422855651,15.232044219970703,70350,0.0,0.0
2004-03-24 00:00:00-05:00,14.87988861349773,15.220102094994573,14.87988861349773,15.06491756439209,57225,0.0,0.0
2004-03-25 00:00:00-05:00,14.92764064896753,15.667755376055156,14.92764064896753,15.458852767944336,55230,0.0,0.0
2004-03-26 00:00:00-05:00,15.297702215735502,15.667759068821335,15.279795795535081,15.602104187011719,61110,0.0,0.0
2004-03-29 00:00:00-05:00,15.727440191688258,15.816969871520996,15.667753738466434,15.816969871520996,58065,0.0,0.0
2004-03-30 00:00:00-05:00,15.512568392196787,15.936344372320443,15.512568392196787,15.918437957763672,39900,0.0,0.0
2004-03-31 00:00:00-05:00,15.793095488265326,16.748082280028388,15.793095488265326,16.700332641601562,96810,0.0,0.0
2004-04-01 00:00:00-05:00,16.75405511967019,16.75405511967019,16.24074935913086,16.24074935913086,103950,0.0,0.0
2004-04-02 00:00:00-05:00,16.497402878364102,16.736148743566382,16.31834228410738,16.443683624267578,59955,0.0,0.0
2004-04-05 00:00:00-04:00,16.712270376986798,16.712270376986798,16.025872622993866,16.204933166503906,42420,0.0,0.0
2004-04-06 00:00:00-04:00,16.204942939659933,16.204942939659933,15.279798830174668,15.291735649108887,47460,0.0,0.0
2004-04-07 00:00:00-04:00,15.637909625636455,15.679690857736787,14.515800304451282,15.238008499145508,100275,0.0,0.0
2004-04-08 00:00:00-04:00,15.51854376109858,15.542417395573386,14.53968171484366,15.220108985900879,32340,0.0,0.0
2004-04-12 00:00:00-04:00,15.190259914887482,15.5782242564657,15.190259914887482,15.267852783203125,15120,0.0,0.0
2004-04-13 00:00:00-04:00,14.921675218424026,15.500635903237697,14.444181056789686,14.62324047088623,40530,0.0,0.0
2004-04-14 00:00:00-04:00,14.33076825660019,14.748574510536761,14.229300596589017,14.396424293518066,40320,0.0,0.0
2004-04-15 00:00:00-04:00,14.17558811403949,14.76648670086609,13.883124219460973,14.384491920471191,58065,0.0,0.0
2004-04-16 00:00:00-04:00,14.324806097827524,14.569521552266274,14.229306800800236,14.390460968017578,41160,0.0,0.0
2004-04-19 00:00:00-04:00,14.623238080118126,14.623238080118126,14.121870368190788,14.378523826599121,28665,0.0,0.0
2004-04-20 00:00:00-04:00,14.462080435997565,14.623233352090908,14.145740618261845,14.175583839416504,20265,0.0,0.0
2004-04-21 00:00:00-04:00,14.438210616531222,14.444179023756693,13.895061651914611,14.390460968017578,20160,0.0,0.0
2004-04-22 00:00:00-04:00,14.348679996364016,14.354648403204429,13.924903985016932,14.312867164611816,24990,0.0,0.0
2004-04-23 00:00:00-04:00,14.360618232775325,14.378524650425444,14.145746002393826,14.163652420043945,38430,0.0,0.0
2004-04-26 00:00:00-04:00,14.384487673513227,14.426268900605796,13.87715051997744,14.187521934509277,28035,0.0,0.0
2004-04-27 00:00:00-04:00,14.038304543963264,14.408362398848274,14.038304543963264,14.175583839416504,46095,0.0,0.0
2004-04-28 00:00:00-04:00,14.086057277277924,14.145743732728398,13.280286542632124,13.375785827636719,70140,0.0,0.0
2004-04-29 00:00:00-04:00,13.3459445691659,13.674221317937027,13.3459445691659,13.483223915100098,49980,0.0,0.0
2004-04-30 00:00:00-04:00,13.483220120620643,13.57274979181122,13.137037051853937,13.328034400939941,51345,0.0,0.0
2004-05-03 00:00:00-04:00,13.554847748226338,13.554847748226338,13.119134867836621,13.196727752685547,73605,0.0,0.0
2004-05-04 00:00:00-04:00,13.268352447959996,13.608567226294888,13.244477621817632,13.44144344329834,34020,0.0,0.0
2004-05-05 00:00:00-04:00,13.638410932930645,13.817470342173191,13.453381920429287,13.572754859924316,18165,0.0,0.0
2004-05-06 00:00:00-04:00,13.43547261793429,13.835373791986727,13.250443645142576,13.82343578338623,36225,0.0,0.0
2004-05-07 00:00:00-04:00,13.847308265830598,13.966681159539455,13.727935372121742,13.877151489257812,35700,0.0,0.0
2004-05-10 00:00:00-04:00,14.076536157798484,14.8812693618513,13.516995785743052,14.384597778320312,66300,0.07,1.05
2004-05-11 00:00:00-04:00,14.900134984405423,14.900134984405423,14.051392905698295,14.22742748260498,28600,0.0,0.0
2004-05-12 00:00:00-04:00,14.18342360962346,14.18342360962346,13.837640260826134,13.843927383422852,45700,0.0,0.0
2004-05-13 00:00:00-04:00,13.831354016742736,14.145702971668706,13.517005061816764,13.554726600646973,19400,0.0,0.0
2004-05-14 00:00:00-04:00,12.90087696419484,13.435270243738396,12.89458984335954,13.18379020690918,47600,0.0,0.0
2004-05-17 00:00:00-04:00,12.888299898962577,13.309527309479854,12.762559908095017,12.900874137878418,51500,0.0,0.0
2004-05-18 00:00:00-04:00,13.039186595627498,13.114630826662406,12.900873571066434,13.076908111572266,29200,0.0,0.0
2004-05-19 00:00:00-04:00,13.158643883182641,13.164931004476847,12.768850756962324,12.9134521484375,24300,0.0,0.0
2004-05-20 00:00:00-04:00,12.831720852413314,13.164931088251942,12.756277794694315,12.825433731079102,47400,0.0,0.0
2004-05-21 00:00:00-04:00,12.831719177954277,13.102059364318848,12.749989009566338,13.102059364318848,34600,0.0,0.0
2004-05-24 00:00:00-04:00,12.888302226757473,13.328391075134277,12.888302226757473,13.328391075134277,40200,0.0,0.0
2004-05-25 00:00:00-04:00,13.20264413143147,14.535483018990261,12.970025588158633,14.491473197937012,79300,0.0,0.0
2004-05-26 00:00:00-04:00,14.126835661279122,14.284010072638395,13.435269210614793,13.61759090423584,111700,0.0,0.0
2004-05-27 00:00:00-04:00,13.579870042704954,13.957088888169524,13.510712914611847,13.83763599395752,37900,0.0,0.0
2004-05-28 00:00:00-04:00,13.86906947221273,13.938226595688954,13.340963363647461,13.340963363647461,24100,0.0,0.0
2004-06-01 00:00:00-04:00,13.617590579067851,14.145696684556263,13.479277532066815,14.133122444152832,35000,0.0,0.0
2004-06-02 00:00:00-04:00,13.99480924257231,14.290296693915723,13.516998904829702,13.686747550964355,26500,0.0,0.0
2004-06-03 00:00:00-04:00,13.831348575377417,13.90679282250355,13.37868669005749,13.510712623596191,31900,0.0,0.0
2004-06-04 00:00:00-04:00,13.573584556579588,13.73075899452132,13.334678739386511,13.57358455657959,14500,0.0,0.0
2004-06-07 00:00:00-04:00,13.441557506438905,14.284012596086402,13.441557506438905,14.271439552307129,20700,0.0,0.0
2004-06-08 00:00:00-04:00,13.548435522521526,13.9885244106033,13.548435522521526,13.862784385681152,20400,0.0,0.0
2004-06-09 00:00:00-04:00,14.03881530918976,14.114259537792599,13.680457921403272,13.875353813171387,19800,0.0,0.0
2004-06-10 00:00:00-04:00,14.133122444152834,14.133122444152834,13.579869057003126,14.133122444152832,50400,0.0,0.0
2004-06-14 00:00:00-04:00,14.239997712065135,14.246284830775767,13.422691466007466,13.460412979125977,64000,0.0,0.0
2004-06-15 00:00:00-04:00,14.107978826941324,14.114265948776074,13.535863930583588,13.586159706115723,35100,0.0,0.0
2004-06-16 00:00:00-04:00,13.586161160905341,13.925657382313622,13.586161160905341,13.642744064331055,37500,0.0,0.0
2004-06-17 00:00:00-04:00,13.881647237473778,13.881647237473778,13.586159706115723,13.586159706115723,61700,0.0,0.0
2004-06-18 00:00:00-04:00,13.57986766684544,13.705606460571289,13.3283888802483,13.705606460571289,65100,0.0,0.0
2004-06-21 00:00:00-04:00,13.5170025109141,13.755907143947933,13.309532287782185,13.535863876342773,58700,0.0,0.0
2004-06-22 00:00:00-04:00,13.825061079264259,13.93822684730623,13.32210344257282,13.61759090423584,60200,0.0,0.0
2004-06-23 00:00:00-04:00,13.466702301383014,13.95708684874604,13.466702301383014,13.799912452697754,26600,0.0,0.0
2004-06-24 00:00:00-04:00,14.013673804584627,14.01995972700745,13.416410446166992,13.416410446166992,91000,0.0,0.0
2004-06-25 00:00:00-04:00,13.347243978849704,14.35315994296656,13.347243978849704,14.340585708618164,122300,0.0,0.0
2004-06-28 00:00:00-04:00,13.579875523478647,14.25886923969527,13.322109468192917,13.749624252319336,278700,0.0,0.0
2004-06-29 00:00:00-04:00,13.561010916679965,13.919368459256576,13.491853777184179,13.605019569396973,144600,0.0,0.0
2004-06-30 00:00:00-04:00,13.762193409767569,14.491482706273242,13.762193409767569,13.969663619995117,164600,0.0,0.0
2004-07-01 00:00:00-04:00,14.328022528972408,14.328022528972408,13.774767828535591,13.787342071533203,40200,0.0,0.0
2004-07-02 00:00:00-04:00,13.856495331206775,14.013669727255062,13.737042454449343,13.799912452697754,22900,0.0,0.0
2004-07-06 00:00:00-04:00,13.737046087657573,14.095403613563683,13.737046087657573,14.0451078414917,42400,0.0,0.0
2004-07-07 00:00:00-04:00,13.787337523717408,14.139407817497881,13.75590192659255,13.938224792480469,27400,0.0,0.0
2004-07-08 00:00:00-04:00,13.957094078371563,14.019962910039878,13.548439477650922,13.554726600646973,39900,0.0,0.0
2004-07-09 00:00:00-04:00,13.554724419397562,14.302875147488587,13.548437297413244,13.950804710388184,46900,0.0,0.0
2004-07-12 00:00:00-04:00,14.10798053675489,14.177136487026743,13.61130864392838,13.843927383422852,33400,0.0,0.0
2004-07-13 00:00:00-04:00,14.30287669206945,14.42232962437949,13.724474597655085,13.869074821472168,25000,0.0,0.0
2004-07-14 00:00:00-04:00,13.799921345297678,14.145704759766812,13.799921345297678,13.96338176727295,29900,0.0,0.0
2004-07-15 00:00:00-04:00,13.887931760076418,14.076540583235877,13.83763599395752,13.83763599395752,50600,0.0,0.0
2004-07-16 00:00:00-04:00,13.78105498756602,14.001099444040259,13.64902783402315,13.711897850036621,29900,0.0,0.0
2004-07-19 00:00:00-04:00,13.781055838134575,13.81877737041251,13.567298489983134,13.611307144165039,23700,0.0,0.0
2004-07-20 00:00:00-04:00,13.611305014374508,13.944515228271484,13.586157729839366,13.944515228271484,16200,0.0,0.0
2004-07-21 00:00:00-04:00,14.01996032040068,14.01996032040068,13.586159706115723,13.586159706115723,17200,0.0,0.0
2004-07-22 00:00:00-04:00,13.825059458751552,13.825059458751552,13.328389000629484,13.523284912109375,20300,0.0,0.0
2004-07-23 00:00:00-04:00,13.202649519131809,13.793625595272735,13.202649519131809,13.57986831665039,44700,0.0,0.0
2004-07-26 00:00:00-04:00,13.755901218220698,13.80619697188503,13.479275172639557,13.718179702758789,32800,0.0,0.0
2004-07-27 00:00:00-04:00,13.768482612864705,14.013675588674412,13.510716591462845,13.850214004516602,74100,0.0,0.0
2004-07-28 00:00:00-04:00,14.045109141861126,14.076543552636803,13.542151374574834,13.950804710388184,17200,0.0,0.0
2004-07-29 00:00:00-04:00,13.913083333694704,14.145702073189176,13.479282666835372,13.843927383422852,52800,0.0,0.0
2004-07-30 00:00:00-04:00,13.812486356173114,13.98852212244004,13.523286024961973,13.686747550964355,66500,0.0,0.0
2004-08-02 00:00:00-04:00,13.40383397300245,13.755904328251281,13.246659557373162,13.510712623596191,165000,0.0,0.0
2004-08-03 00:00:00-04:00,13.36610927340029,13.57986652380186,13.271804886257325,13.322100639343262,82500,0.0,0.0
2004-08-04 00:00:00-04:00,13.221509133171388,13.542145008773742,13.221509133171388,13.322100639343262,116100,0.0,0.0
2004-08-05 00:00:00-04:00,13.32839047669776,13.52328640976163,13.271807593042832,13.504425048828125,48800,0.0,0.0
2004-08-06 00:00:00-04:00,13.30324063290079,13.466702146812255,13.202649116516115,13.202649116516113,38400,0.0,0.0
2004-08-09 00:00:00-04:00,13.24681244476617,13.272045045985678,12.937720298767092,12.93772029876709,26200,0.07,0.0
2004-08-10 00:00:00-04:00,13.044952156324285,13.398200035095217,13.044952156324285,13.398200035095215,55800,0.0,0.0
2004-08-11 00:00:00-04:00,13.278341854302457,13.278341854302457,13.013405759575887,13.24680233001709,34600,0.0,0.0
2004-08-12 00:00:00-04:00,13.208960499282966,13.246808185787176,13.057568550109863,13.057568550109863,28000,0.0,0.0
2004-08-13 00:00:00-04:00,13.03233410856487,13.24680630692955,12.868325886100346,13.208958625793457,29400,0.0,0.0
2004-08-16 00:00:00-04:00,13.13326645824616,13.436050415039062,13.13326645824616,13.436050415039062,32100,0.0,0.0
2004-08-17 00:00:00-04:00,13.511746140691965,13.511746140691965,13.2594261928533,13.49282169342041,22500,0.0,0.0
2004-08-18 00:00:00-04:00,13.442345368814216,13.63158605840845,13.303569825636027,13.5621976852417,40600,0.0,0.0
2004-08-19 00:00:00-04:00,13.751450526178932,13.751450526178932,13.278350147482548,13.4486665725708,24700,0.0,0.0
2004-08-20 00:00:00-04:00,13.461281893873497,14.193010330200195,13.297273630123527,14.193010330200195,79600,0.0,0.0
2004-08-23 00:00:00-04:00,13.946994861468067,14.19300659069687,13.70098192908319,13.782986640930176,32700,0.0,0.0
2004-08-24 00:00:00-04:00,13.877612398947868,14.066852086761791,13.700987808006703,13.85237979888916,37200,0.0,0.0
2004-08-25 00:00:00-04:00,13.890219930254913,14.028995533500714,13.719903596846999,14.003764152526855,16400,0.0,0.0
2004-08-26 00:00:00-04:00,13.902840864194866,14.12362003326416,13.864991975363358,14.12362003326416,20400,0.0,0.0
2004-08-27 00:00:00-04:00,13.694676579283348,14.193009490002929,13.694676579283348,14.029001235961914,23400,0.0,0.0
2004-08-30 00:00:00-04:00,13.732521670135611,14.174081121276686,13.732521670135611,13.877605438232422,15300,0.0,0.0
2004-08-31 00:00:00-04:00,13.726219144475538,14.413791791743932,13.726219144475538,14.249783515930176,34000,0.0,0.0
2004-09-01 00:00:00-04:00,14.174079723950562,14.767032234739924,13.940684329265599,14.281315803527832,94000,0.0,0.0
2004-09-02 00:00:00-04:00,14.237166295966057,14.552566528320312,14.161470913968621,14.552566528320312,31900,0.0,0.0
2004-09-03 00:00:00-04:00,14.357017075766294,14.647184678762635,14.350708927463382,14.596720695495605,12500,0.0,0.0
2004-09-07 00:00:00-04:00,14.697644992685632,15.208594049253973,14.167772699089106,15.189669609069824,60400,0.0,0.0
2004-09-08 00:00:00-04:00,15.265364404486228,15.277979493330134,14.943656177428018,15.151820182800293,22500,0.0,0.0
2004-09-09 00:00:00-04:00,15.15813891521554,15.782631367476704,15.08244231350661,15.593390464782715,25600,0.0,0.0
2004-09-10 00:00:00-04:00,15.80785218264134,15.80785218264134,15.32213695817171,15.42937183380127,30800,0.0,0.0
2004-09-13 00:00:00-04:00,15.3032179871667,15.643849580614692,15.28429354185881,15.359990119934082,25700,0.0,0.0
2004-09-14 00:00:00-04:00,15.284289006506357,15.612305408905431,15.113972658742693,15.498761177062988,20500,0.0,0.0
2004-09-15 00:00:00-04:00,15.139205440547414,15.51768581719229,15.139205440547414,15.366293907165527,27400,0.0,0.0
2004-09-16 00:00:00-04:00,15.088748478650814,15.542924419677416,15.088748478650814,15.454612731933594,37800,0.0,0.0
2004-09-17 00:00:00-04:00,15.479847502877847,15.971871207257854,15.145522747392537,15.473539352416992,64500,0.0,0.0
2004-09-20 00:00:00-04:00,15.20859689517766,15.492456332121584,15.20859689517766,15.435684204101562,15700,0.0,0.0
2004-09-21 00:00:00-04:00,15.46091600420541,15.517688129318953,15.265368241678834,15.397835731506348,57700,0.0,0.0
2004-09-22 00:00:00-04:00,15.643846238509166,15.643846238509166,14.943658755891299,15.063509941101074,28200,0.0,0.0
2004-09-23 00:00:00-04:00,15.076126616967409,15.202287155615597,14.987814961807317,15.139206886291504,32800,0.0,0.0
2004-09-24 00:00:00-04:00,15.252753529325812,15.252753529325812,15.0508975982666,15.050897598266602,14700,0.0,0.0
2004-09-27 00:00:00-04:00,15.139208679562458,15.139208679562458,14.640875816345215,14.640875816345215,27100,0.0,0.0
2004-09-28 00:00:00-04:00,14.82381062732775,14.956278144780297,14.584106984870406,14.949971199035645,34000,0.0,0.0
2004-09-29 00:00:00-04:00,14.81749686137022,15.139205114430581,14.678721247624072,15.126588821411133,71300,0.0,0.0
2004-09-30 00:00:00-04:00,15.02566667475795,15.170750490932008,14.773346732899505,15.006743431091309,26700,0.0,0.0
2004-10-01 00:00:00-04:00,15.07612526004783,15.246441610946821,14.880577525583778,15.13289737701416,49400,0.0,0.0
2004-10-04 00:00:00-04:00,15.366297826448266,15.467225792208495,15.202289581298828,15.202289581298828,39600,0.0,0.0
2004-10-05 00:00:00-04:00,15.265371425149,15.328450507846568,14.918430454530482,14.949971199035645,46000,0.0,0.0
2004-10-06 00:00:00-04:00,15.02566545169115,15.088745732810217,14.817501366207631,14.987817764282227,141800,0.0,0.0
2004-10-07 00:00:00-04:00,14.741806407394211,15.132901995687575,14.741806407394211,14.773345947265625,28800,0.0,0.0
2004-10-08 00:00:00-04:00,14.8868869673749,14.8868869673749,14.382246017456053,14.382246017456055,21700,0.0,0.0
2004-10-11 00:00:00-04:00,14.382247990868326,14.508408546447754,14.338092157362395,14.508408546447754,28600,0.0,0.0
2004-10-12 00:00:00-04:00,14.60302609039888,15.259058952331543,14.571486557987363,15.259058952331543,171300,0.0,0.0
2004-10-13 00:00:00-04:00,14.981509615854689,15.435685474230652,14.981509615854689,14.987817764282227,79800,0.0,0.0
2004-10-14 00:00:00-04:00,15.000436376635161,15.158136502197594,14.924739786976343,14.994128227233887,40600,0.0,0.0
2004-10-15 00:00:00-04:00,15.01304542398296,15.675386406402085,14.98150589283938,15.385217666625977,38400,0.0,0.0
2004-10-18 00:00:00-04:00,15.240134052654835,15.66277027130127,15.132897961262277,15.66277027130127,33100,0.0,0.0
2004-10-19 00:00:00-04:00,15.277988203330503,15.650160607407773,15.088748528072049,15.233832359313965,52800,0.0,0.0
2004-10-20 00:00:00-04:00,15.44829774749364,15.44829774749364,14.91211730236708,15.177053451538086,74900,0.0,0.0
2004-10-21 00:00:00-04:00,14.836424153296344,15.39152791815909,14.729188048326067,15.277983665466309,51200,0.0,0.0
2004-10-22 00:00:00-04:00,15.082435009517802,15.296907206814282,14.943659377272585,15.18336296081543,40600,0.0,0.0
2004-10-25 00:00:00-04:00,15.139213455241542,15.536617279052734,15.063516858576437,15.536617279052734,57000,0.0,0.0
2004-10-26 00:00:00-04:00,15.296903246844604,15.675383567810059,15.265363721412388,15.675383567810059,32300,0.0,0.0
2004-10-27 00:00:00-04:00,15.637546509433115,16.243114471435547,15.404149772105141,16.243114471435547,76600,0.0,0.0
2004-10-28 00:00:00-04:00,15.776317568496873,16.27464924053869,15.404145249924113,16.022329330444336,65800,0.0,0.0
2004-10-29 00:00:00-04:00,15.940329420837639,16.154801693778218,15.454612731933594,15.454612731933594,40300,0.0,0.0
2004-11-01 00:00:00-05:00,15.441989785209215,15.788930643568564,15.284289723179327,15.385217666625977,49100,0.0,0.0
2004-11-02 00:00:00-05:00,15.605999319732089,15.688004032720778,15.23382704547534,15.240135192871094,39900,0.0,0.0
2004-11-03 00:00:00-05:00,15.536611382341178,15.864627838134766,15.435683427197942,15.864627838134766,85300,0.0,0.0
2004-11-04 00:00:00-05:00,15.738471941906118,16.135875701904297,15.454611253938566,16.135875701904297,34000,0.0,0.0
2004-11-05 00:00:00-05:00,15.990796051255282,16.11695545409991,15.776323742947039,16.016027450561523,19800,0.0,0.0
2004-11-08 00:00:00-05:00,15.819934147011923,15.959093467995723,15.396129389376497,15.497336387634277,35900,0.07,0.0
2004-11-09 00:00:00-05:00,15.45938244653563,15.95909179731079,15.453056858996392,15.876861572265625,52100,0.0,0.0
2004-11-10 00:00:00-05:00,15.655472899964487,15.902164814131913,15.642821723216768,15.807283401489258,34800,0.0,0.0
2004-11-11 00:00:00-05:00,15.813614548194998,16.072957730266754,15.744034258108366,16.060306549072266,16800,0.0,0.0
2004-11-12 00:00:00-05:00,15.902159290323644,16.22475694643655,15.750348841532075,16.180479049682617,45900,0.0,0.0
2004-11-15 00:00:00-05:00,16.098261224241803,16.14886474609375,15.927473885560305,16.14886474609375,19300,0.0,0.0
2004-11-16 00:00:00-05:00,16.1868102698718,16.193135858250084,15.845235736340026,15.952768325805664,12000,0.0,0.0
2004-11-17 00:00:00-05:00,16.155186487858973,16.224765559774927,15.775659561157225,15.775659561157227,42500,0.0,0.0
2004-11-18 00:00:00-05:00,16.066619113937985,16.066619113937985,15.838904069468454,15.933785438537598,19500,0.0,0.0
2004-11-19 00:00:00-05:00,15.731379797911018,16.028675232315386,15.655473938870168,15.699751853942871,29200,0.0,0.0
2004-11-22 00:00:00-05:00,15.83258808161517,16.136209129282435,15.655475200567867,16.08560562133789,80400,0.0,0.0
2004-11-23 00:00:00-05:00,16.180477062767444,16.180477062767444,15.81992714035167,16.034992218017578,50200,0.0,0.0
2004-11-24 00:00:00-05:00,15.845229352159759,16.148851439572457,15.845229352159759,16.041318893432617,53700,0.0,0.0
2004-11-26 00:00:00-05:00,16.21843262069915,16.224758207367344,15.838907072465949,16.117225646972656,9500,0.0,0.0
2004-11-29 00:00:00-05:00,16.25005528877852,16.446143586027766,16.12987159398877,16.357587814331055,89500,0.0,0.0
2004-11-30 00:00:00-05:00,16.19946712924553,16.35127768413024,16.060306549072266,16.060306549072266,100100,0.0,0.0
2004-12-01 00:00:00-05:00,16.38922057808818,16.72446944768009,16.047647328026056,16.515729904174805,76700,0.0,0.0
2004-12-02 00:00:00-05:00,16.275362221845466,16.667540162610976,16.275362221845466,16.395545959472656,52600,0.0,0.0
2004-12-03 00:00:00-05:00,16.300668182569353,16.363922858840706,16.04132509569116,16.275365829467773,37400,0.0,0.0
2004-12-06 00:00:00-05:00,16.098246610309264,16.38289070989637,15.914808256068703,15.990714073181152,72700,0.0,0.0
2004-12-07 00:00:00-05:00,16.06662698462457,16.08560375032752,15.503662873412807,15.573243141174316,106600,0.0,0.0
2004-12-08 00:00:00-05:00,15.522631865452114,16.034992218017578,15.522631865452114,16.034992218017578,39300,0.0,0.0
2004-12-09 00:00:00-05:00,15.623844337198314,16.0223467062813,15.611193161930288,15.92113971710205,33600,0.0,0.0
2004-12-10 00:00:00-05:00,15.750355623401148,16.06030224061928,15.59854510924223,15.857888221740723,50100,0.0,0.0
2004-12-13 00:00:00-05:00,16.003365221851464,16.066619873046875,15.775650166622944,16.066619873046875,26500,0.0,0.0
2004-12-14 00:00:00-05:00,15.718726266317013,16.313318252563477,15.718726266317013,16.313318252563477,20700,0.0,0.0
2004-12-15 00:00:00-05:00,16.028672010413548,16.319641797536843,15.990719691763218,16.129878997802734,59400,0.0,0.0
2004-12-16 00:00:00-05:00,16.136202738636488,16.325965516653422,15.90848643983031,16.0223445892334,24700,0.0,0.0
2004-12-17 00:00:00-05:00,15.984392823122466,16.129877705023777,15.668120711259254,16.003368377685547,41800,0.0,0.0
2004-12-20 00:00:00-05:00,15.687097800573486,16.28168976686344,15.687097800573486,15.92113971710205,23800,0.0,0.0
2004-12-21 00:00:00-05:00,16.174158015234745,16.288016185490914,15.826259122992031,16.28169059753418,16800,0.0,0.0
2004-12-22 00:00:00-05:00,16.2121161220019,16.446158133991982,16.193140557842547,16.31964874267578,41700,0.0,0.0
2004-12-23 00:00:00-05:00,16.382894991135615,16.515729904174805,16.363919436760266,16.515729904174805,7500,0.0,0.0
2004-12-27 00:00:00-05:00,16.57265901123858,16.57265901123858,16.01601942319594,16.218433380126953,41100,0.0,0.0
2004-12-28 00:00:00-05:00,16.193134667446795,17.028092968257965,16.193134667446795,16.977489471435547,16400,0.0,0.0
2004-12-29 00:00:00-05:00,16.876283904449352,16.95218855285841,16.319644185863954,16.408201217651367,37500,0.0,0.0
2004-12-30 00:00:00-05:00,16.363917154940523,16.547354325056673,16.167827606201172,16.167827606201172,9700,0.0,0.0
2004-12-31 00:00:00-05:00,16.610615027730134,16.610615027730134,15.79463222474154,15.807283401489258,44200,0.0,0.0
2005-01-03 00:00:00-05:00,16.22476229418198,16.338620469924305,15.623845887127889,15.649147033691406,34300,0.0,0.0
2005-01-04 00:00:00-05:00,15.83890920616522,16.028672005845245,15.497334718962229,15.54161262512207,38900,0.0,0.0
2005-01-05 00:00:00-05:00,15.813611007301912,15.876865692627673,15.528965526577368,15.554267883300781,49900,0.0,0.0
2005-01-06 00:00:00-05:00,15.497331072714458,15.706070585842753,15.370821765038205,15.516307830810547,24100,0.0,0.0
2005-01-07 00:00:00-05:00,15.649145953567611,15.706075037509459,15.098833084106445,15.098833084106445,22300,0.0,0.0
2005-01-10 00:00:00-05:00,15.383476215113244,15.503659962367001,15.098832021911104,15.459382057189941,38000,0.0,0.0
2005-01-11 00:00:00-05:00,15.775652447810684,15.775652447810684,15.105154737259092,15.313894271850586,25500,0.0,0.0
2005-01-12 00:00:00-05:00,15.237984633236074,15.383469459639116,14.8837603408907,15.3455171585083,28500,0.0,0.0
2005-01-13 00:00:00-05:00,15.181066155528375,15.351853439333928,14.801539260343619,14.984977722167969,24400,0.0,0.0
2005-01-14 00:00:00-05:00,15.11148420737448,15.181064472280198,14.94702253081353,15.174738883972168,21000,0.0,0.0
2005-01-18 00:00:00-05:00,14.871119650925552,15.46571175121536,14.871119650925552,15.42775821685791,47500,0.0,0.0
2005-01-19 00:00:00-05:00,15.560593248095957,15.560593248095957,14.966001144980321,15.060882568359375,27000,0.0,0.0
2005-01-20 00:00:00-05:00,15.14943200336016,15.34552034076177,14.763579707988667,14.92171573638916,39900,0.0,0.0
2005-01-21 00:00:00-05:00,15.054555846412267,15.168414028492391,14.719308095268197,14.795212745666504,19400,0.0,0.0
2005-01-24 00:00:00-05:00,14.725636462844326,14.972328432917527,14.611778259277342,14.611778259277344,33600,0.0,0.0
2005-01-25 00:00:00-05:00,14.909068480570415,15.022926643961847,14.630748659667189,14.782560348510742,25900,0.0,0.0
2005-01-26 00:00:00-05:00,14.965988986981866,14.965988986981866,14.580136811349995,14.9280366897583,26900,0.0,0.0
2005-01-27 00:00:00-05:00,14.656059607907082,14.890101659565447,14.656059607907082,14.706663131713867,19300,0.0,0.0
2005-01-28 00:00:00-05:00,14.706653691920389,14.814186261798026,14.472611790487033,14.56749439239502,16700,0.0,0.0
2005-01-31 00:00:00-05:00,14.744600524565836,14.99129350869422,14.554837804296573,14.896410942077637,59400,0.0,0.0
2005-02-01 00:00:00-05:00,14.89641979656264,15.301249023707994,14.858467471246179,15.054555892944336,48300,0.0,0.0
2005-02-02 00:00:00-05:00,15.19371258397774,15.415103304168788,14.978647450818707,15.2759428024292,26500,0.0,0.0
2005-02-03 00:00:00-05:00,15.326549985911456,15.446733755519368,15.092509241734772,15.269620895385742,15000,0.0,0.0
2005-02-04 00:00:00-05:00,15.27594371761355,15.528961181640625,15.136784414019267,15.528961181640625,39800,0.0,0.0
2005-02-07 00:00:00-05:00,15.325966726105651,15.662174215329301,15.325966726105651,15.509929656982422,30200,0.07,0.0
2005-02-08 00:00:00-05:00,15.662178169360894,15.757330891108172,15.48455886814881,15.69389533996582,35800,0.0,0.0
2005-02-09 00:00:00-05:00,15.433803654195572,15.82075925134427,15.110283579356292,15.224467277526855,42800,0.0,0.0
2005-02-10 00:00:00-05:00,15.148348701487633,15.63045711375371,14.98976045573954,15.243502616882324,37700,0.0,0.0
2005-02-11 00:00:00-05:00,15.306936154715272,15.70023551617758,15.129318103030295,15.643143653869629,24900,0.0,0.0
2005-02-14 00:00:00-05:00,15.643146210235908,15.655833561695951,15.319626007599346,15.54164981842041,12400,0.0,0.0
2005-02-15 00:00:00-05:00,15.573363982177808,15.624112168293435,15.243501377392331,15.509929656982422,14300,0.0,0.0
2005-02-16 00:00:00-05:00,15.243498982528271,15.744637090446135,15.243498982528271,15.51626968383789,57000,0.0,0.0
2005-02-17 00:00:00-05:00,15.478216082086751,15.782705293160113,15.040512084960938,15.040512084960938,18800,0.0,0.0
2005-02-18 00:00:00-05:00,15.28156933702048,15.370378401632433,14.793117061789214,14.812148094177246,21000,0.0,0.0
2005-02-22 00:00:00-05:00,14.996106422332137,15.008793774314501,14.3998153983507,14.456907272338867,45400,0.0,0.0
2005-02-23 00:00:00-05:00,14.653550989578594,14.831169012162603,14.374435398462534,14.774078369140625,39100,0.0,0.0
2005-02-24 00:00:00-05:00,14.767742273473498,14.977078771747424,14.52668739065343,14.92633056640625,24000,0.0,0.0
2005-02-25 00:00:00-05:00,14.6789284080677,15.376716967892142,14.6789284080677,15.3005952835083,26800,0.0,0.0
2005-02-28 00:00:00-05:00,15.14200570681486,15.287906597416551,14.913638253746297,15.097599983215332,29800,0.0,0.0
2005-03-01 00:00:00-05:00,15.173729007292172,15.389409197984127,15.027828057686657,15.357690811157227,43600,0.0,0.0
2005-03-02 00:00:00-05:00,15.015136220506628,15.376717252861779,14.907296157354006,14.996105194091797,23900,0.0,0.0
2005-03-03 00:00:00-05:00,15.243502083749275,15.243502083749275,14.945355417813708,15.097599983215332,17000,0.0,0.0
2005-03-04 00:00:00-05:00,15.23715940379739,15.23715940379739,14.843860010048461,15.072227478027344,30700,0.0,0.0
2005-03-07 00:00:00-05:00,14.850203192975968,15.357685093958901,14.850203192975968,15.05319595336914,56700,0.0,0.0
2005-03-08 00:00:00-05:00,14.91998468228198,15.05954192384139,14.767740088781037,14.82483196258545,58200,0.0,0.0
2005-03-09 00:00:00-05:00,14.748707760981118,14.869235173937941,14.533027636714117,14.685272216796875,46800,0.0,0.0
2005-03-10 00:00:00-05:00,14.533027965267586,14.862891834537102,14.463248744094159,14.697959899902344,78900,0.0,0.0
2005-03-11 00:00:00-05:00,14.628178124174735,14.83117086675843,14.374437195945113,14.583773612976074,77100,0.0,0.0
2005-03-14 00:00:00-05:00,14.552059743278994,14.812144404803671,14.475936842620143,14.780426025390625,81100,0.0,0.0
2005-03-15 00:00:00-05:00,14.818488080686281,14.932671826708326,14.748708855910039,14.780426025390625,45200,0.0,0.0
2005-03-16 00:00:00-05:00,14.615492015725595,14.964385641528198,14.533025457671185,14.799453735351562,40300,0.0,0.0
2005-03-17 00:00:00-05:00,14.634525901248113,15.0976033763273,14.634525901248113,15.09126091003418,82500,0.0,0.0
2005-03-18 00:00:00-05:00,15.116631189557385,15.23081491746597,14.793111030460482,15.015134811401367,123800,0.0,0.0
2005-03-21 00:00:00-05:00,14.939006508954764,15.484550251288688,14.88191466569043,15.32596206665039,216900,0.0,0.0
2005-03-22 00:00:00-05:00,15.478216378302598,15.535308257713027,15.224475364218804,15.268879890441895,22900,0.0,0.0
2005-03-23 00:00:00-05:00,15.224475695774789,15.300598606624016,15.097604581003617,15.218132019042969,124200,0.0,0.0
2005-03-24 00:00:00-05:00,15.43380704373538,15.43380704373538,15.040507686986977,15.180066108703613,51000,0.0,0.0
2005-03-28 00:00:00-05:00,15.110288652683986,15.497244379754306,15.110288652683986,15.3005952835083,36000,0.0,0.0
2005-03-29 00:00:00-05:00,15.281561349283695,15.535302265495512,15.135660473703417,15.262530326843262,37300,0.0,0.0
2005-03-30 00:00:00-05:00,15.325968090172838,15.54164820284362,15.300594599822789,15.364028930664062,57500,0.0,0.0
2005-03-31 00:00:00-05:00,15.19909333627622,15.332308060707108,14.888260592513497,15.065879821777344,45300,0.0,0.0
2005-04-01 00:00:00-05:00,15.275219930295274,15.31962444594649,14.609149775662415,14.818486213684082,45100,0.0,0.0
2005-04-04 00:00:00-04:00,14.685272503286267,15.173724630121878,14.685272503286267,15.154693603515625,89900,0.0,0.0
2005-04-05 00:00:00-04:00,15.091262929738848,15.351347640135414,15.008796337701291,15.24985122680664,48400,0.0,0.0
2005-04-06 00:00:00-04:00,15.38305808907568,15.554333665399623,15.218126187052494,15.490898132324219,46200,0.0,0.0
2005-04-07 00:00:00-04:00,15.509937961592462,15.70658713684243,15.338662288020144,15.681212425231934,8000,0.0,0.0
2005-04-08 00:00:00-04:00,15.484557308125805,15.547992852877215,15.25618983099368,15.427465438842773,37700,0.0,0.0
2005-04-11 00:00:00-04:00,15.57337103366182,15.700242161363105,14.983423556669257,15.395752906799316,58900,0.0,0.0
2005-04-12 00:00:00-04:00,15.218132701021958,15.738302117015698,15.084919113481808,15.579713821411133,44400,0.0,0.0
2005-04-13 00:00:00-04:00,15.389408068208825,15.598744566167477,15.3703770375098,15.478217124938965,38900,0.0,0.0
2005-04-14 00:00:00-04:00,15.364034827373128,15.433814069998533,15.046858211705313,15.3069429397583,44700,0.0,0.0
2005-04-15 00:00:00-04:00,15.567021571025842,15.592395059204634,14.786766543163687,14.894606590270996,52400,0.0,0.0
2005-04-18 00:00:00-04:00,14.894611683290577,15.205444581842293,14.736023395666274,15.034170150756836,69200,0.0,0.0
2005-04-19 00:00:00-04:00,15.28791207932176,15.37037746142663,15.072231898514946,15.24985122680664,39900,0.0,0.0
2005-04-20 00:00:00-04:00,14.970728347764874,15.281561116633675,14.76773561788583,14.888261795043945,30900,0.0,0.0
2005-04-21 00:00:00-04:00,15.211789892625728,15.433813761136603,14.76139968815838,15.395752906799316,54900,0.0,0.0
2005-04-22 00:00:00-04:00,15.376720714409474,15.503591832537662,15.046856775222308,15.478217124938965,46200,0.0,0.0
2005-04-25 00:00:00-04:00,15.408431722228332,15.674858764868658,15.243499831594743,15.611424446105957,47400,0.0,0.0
2005-04-26 00:00:00-04:00,15.414782697512905,15.827113256733416,15.243508248378612,15.357690811157227,19400,0.0,0.0
2005-04-27 00:00:00-04:00,15.281569581019031,15.700242620778504,15.072233061139297,15.440157890319824,25600,0.0,0.0
2005-04-28 00:00:00-04:00,15.173727160213708,15.28156724243245,14.520342990308087,14.59012222290039,47300,0.0,0.0
2005-04-29 00:00:00-04:00,14.552055539906318,14.894605469094179,14.317344439776104,14.888261795043945,40400,0.0,0.0
2005-05-02 00:00:00-04:00,14.73602207280214,15.211786892965268,14.73602207280214,15.19909954071045,25700,0.0,0.0
2005-05-03 00:00:00-04:00,14.958046995776225,15.21813168643332,14.475938464088475,14.59012222290039,56200,0.0,0.0
2005-05-04 00:00:00-04:00,14.590121467281502,15.211787222025341,14.55840429589086,15.148351669311523,36800,0.0,0.0
2005-05-05 00:00:00-04:00,15.065887780499404,15.332316160172908,14.989764867764409,15.078575134277344,24500,0.0,0.0
2005-05-06 00:00:00-04:00,15.224470776100004,15.275218963623049,14.82482895059756,15.275218963623047,15900,0.0,0.0
2005-05-09 00:00:00-04:00,15.129313056479816,15.344993084382446,15.040502850328727,15.32596206665039,16200,0.0,0.0
2005-05-10 00:00:00-04:00,15.230460097821938,15.281398042719413,14.905730243679383,14.963035583496094,15000,0.09,0.0
2005-05-11 00:00:00-04:00,15.0394439768551,15.084014529408051,14.752917261219741,14.982138633728027,12100,0.0,0.0
2005-05-12 00:00:00-04:00,15.07128080060322,15.096749169089232,14.74018350908916,14.905732154846191,38700,0.0,0.0
2005-05-13 00:00:00-04:00,15.090377404755438,15.166783696401653,14.867523494284447,15.0967435836792,26600,0.0,0.0
2005-05-16 00:00:00-04:00,15.071281594595053,15.561560161959571,15.071281594595053,15.472417831420898,38100,0.0,0.0
2005-05-17 00:00:00-04:00,15.357806722036642,15.682535386138918,15.185890689660265,15.59339427947998,39600,0.0,0.0
2005-05-18 00:00:00-04:00,15.695268539044923,15.969060440304498,15.682533749577882,15.828981399536133,46200,0.0,0.0
2005-05-19 00:00:00-04:00,15.962691298819934,15.975426086893444,15.701634215594122,15.8480806350708,16800,0.0,0.0
2005-05-20 00:00:00-04:00,16.0008929954597,16.109136255341944,15.625226497057223,15.708000183105469,15000,0.0,0.0
2005-05-23 00:00:00-04:00,15.879916163116581,15.879916163116581,15.708000183105469,15.708000183105469,8300,0.0,0.0
2005-05-24 00:00:00-04:00,15.828977874933805,15.841711447109125,15.497880709253558,15.835345268249512,36000,0.0,0.0
2005-05-25 00:00:00-04:00,15.657070613224075,15.886292042345742,15.466053565260536,15.682538986206055,14800,0.0,0.0
2005-05-26 00:00:00-04:00,15.84808588608882,15.886290262967782,15.485152806935126,15.879922866821289,31400,0.0,0.0
2005-05-27 00:00:00-04:00,15.5742916964479,15.78441209585831,15.5742916964479,15.778044700622559,4300,0.0,0.0
2005-05-31 00:00:00-04:00,15.516990415721533,15.873556113160815,15.516990415721533,15.663436889648438,28900,0.0,0.0
2005-06-01 00:00:00-04:00,15.873555547477736,15.956329268869375,15.752577449022283,15.918126106262207,26100,0.0,0.0
2005-06-02 00:00:00-04:00,15.918125164337496,15.92449256013802,15.676170196200458,15.860819816589355,23600,0.0,0.0
2005-06-03 00:00:00-04:00,15.79077972471719,15.930860003836735,15.59976270795345,15.631598472595215,16300,0.0,0.0
2005-06-06 00:00:00-04:00,15.69526383253536,15.7462017606725,15.536082655299797,15.580653190612793,7800,0.0,0.0
2005-06-07 00:00:00-04:00,15.478788350109305,15.637969640629228,15.446952577788068,15.536093711853027,57300,0.0,0.0
2005-06-08 00:00:00-04:00,15.542457831119245,15.637966342395941,15.338706016540527,15.338706016540527,24500,0.0,0.0
2005-06-09 00:00:00-04:00,15.300496118248544,15.612491098760662,15.300496118248544,15.523348808288574,25100,0.0,0.0
2005-06-10 00:00:00-04:00,15.53608893535452,15.599761674877975,15.440580433297587,15.59339427947998,32900,0.0,0.0
2005-06-13 00:00:00-04:00,15.580653675626545,15.599755854693608,15.300495669379172,15.555185317993164,18600,0.0,0.0
2005-06-14 00:00:00-04:00,15.325964476629087,15.523348808288574,15.313229690210777,15.523348808288574,21700,0.0,0.0
2005-06-15 00:00:00-04:00,15.53608827240985,15.606128404342599,15.40874401325338,15.599761009216309,29000,0.0,0.0
2005-06-16 00:00:00-04:00,15.485145097318501,15.930852890014648,15.485145097318501,15.930852890014648,28600,0.0,0.0
2005-06-17 00:00:00-04:00,15.930856035509311,15.930856035509311,15.76530742880532,15.822612762451172,51400,0.0,0.0
2005-06-20 00:00:00-04:00,15.688903649803397,15.905390247490198,15.612497329711914,15.612497329711914,14900,0.0,0.0
2005-06-21 00:00:00-04:00,15.606124787356995,15.930854576797461,15.606124787356995,15.79077434539795,6100,0.0,0.0
2005-06-22 00:00:00-04:00,15.93086089861681,15.93086089861681,15.727109078769717,15.918126106262207,8700,0.0,0.0
2005-06-23 00:00:00-04:00,15.758938870027942,15.930854858261366,15.459678649902344,15.459678649902344,25300,0.0,0.0
2005-06-24 00:00:00-04:00,15.478784782648649,15.708006176793916,15.173157066759353,15.389643669128418,50600,0.0,0.0
2005-06-27 00:00:00-04:00,15.34506882767763,15.669798640559312,15.23045816260689,15.529718399047852,24600,0.0,0.0
2005-06-28 00:00:00-04:00,15.434215352183017,16.000900268554688,15.389644792170415,16.000900268554688,45100,0.0,0.0
2005-06-29 00:00:00-04:00,15.96269815517948,16.058206677841536,15.669805190421611,16.045473098754883,17700,0.0,0.0
2005-06-30 00:00:00-04:00,16.04547178409903,16.064572758392384,15.580661573502013,15.67617130279541,27100,0.0,0.0
2005-07-01 00:00:00-04:00,15.752569251687195,15.822609358733345,15.31959625259465,15.510614395141602,33700,0.0,0.0
2005-07-05 00:00:00-04:00,15.357803225839907,15.466046494051302,15.262293531069217,15.313231468200684,53300,0.0,0.0
2005-07-06 00:00:00-04:00,15.325972241757405,15.669804362522877,14.791123085760022,14.842061042785645,74900,0.0,0.0
2005-07-07 00:00:00-04:00,14.434563209353783,14.950310384093074,14.434563209353783,14.752925872802734,32200,0.0,0.0
2005-07-08 00:00:00-04:00,14.79112265783401,15.491520457515438,14.695614142981237,15.351441383361816,88800,0.0,0.0
2005-07-11 00:00:00-04:00,15.281398659885518,16.07730484008789,15.281398659885518,16.07730484008789,224300,0.0,0.0
2005-07-12 00:00:00-04:00,16.051830871697536,16.281052177565428,15.918119252912014,16.064565658569336,117800,0.0,0.0
2005-07-13 00:00:00-04:00,16.06457493313453,16.319264745330035,16.045473956255382,16.211021423339844,45700,0.0,0.0
2005-07-14 00:00:00-04:00,16.45297012684068,16.497540671772175,16.338359460184673,16.40839958190918,38200,0.0,0.0
2005-07-15 00:00:00-04:00,16.24921985124613,16.64398861186614,16.24921985124613,16.58668327331543,17400,0.0,0.0
2005-07-18 00:00:00-04:00,16.48480634664418,16.50390852977576,16.077302822154206,16.319257736206055,54100,0.0,0.0
2005-07-19 00:00:00-04:00,16.370200586278408,16.936886711237825,16.31289644861045,16.898683547973633,45500,0.0,0.0
2005-07-20 00:00:00-04:00,16.809538322489274,17.108799824200833,16.809538322489274,17.064228057861328,38100,0.0,0.0
2005-07-21 00:00:00-04:00,16.930517816243672,17.013291531731653,16.714031219482422,16.714031219482422,19600,0.0,0.0
2005-07-22 00:00:00-04:00,16.860471993020937,17.509931564331055,16.841371026748146,17.509931564331055,58100,0.0,0.0
2005-07-25 00:00:00-04:00,17.509932043478468,17.68821542512538,17.35075084308321,17.65001106262207,66700,0.0,0.0
2005-07-26 00:00:00-04:00,17.656375772397833,17.923800196988488,17.36348299113264,17.560867309570312,87900,0.0,0.0
2005-07-27 00:00:00-04:00,17.57997993376768,17.79646655918746,17.45263443135956,17.7327938079834,24500,0.0,0.0
2005-07-28 00:00:00-04:00,17.688223505164334,18.36315176310196,17.643651728549937,18.331315994262695,57600,0.0,0.0
2005-07-29 00:00:00-04:00,18.09572430633162,18.26764034549976,17.53540684819345,17.624547958374023,166700,0.0,0.0
2005-08-01 00:00:00-04:00,17.656387905427046,17.82830398532662,16.72676978056001,16.828645706176758,68400,0.0,0.0
2005-08-02 00:00:00-04:00,16.841374196408367,16.879577350600186,16.733130914151232,16.81590461730957,26500,0.0,0.0
2005-08-03 00:00:00-04:00,16.688561636589778,16.866845073468617,16.548482574049906,16.714031219482422,19300,0.0,0.0
2005-08-04 00:00:00-04:00,16.56121729313688,16.726765937846082,16.020000803598442,16.179182052612305,75000,0.0,0.0
2005-08-05 00:00:00-04:00,16.191913322367093,16.618519025518534,15.351436704685156,15.446945190429688,219300,0.0,0.0
2005-08-08 00:00:00-04:00,15.66441875261496,16.18891114611393,15.61324879276111,15.965042114257812,72800,0.11,0.0
2005-08-09 00:00:00-04:00,15.965045820718672,16.48314315700747,15.965045820718672,16.374406814575195,79600,0.0,0.0
2005-08-10 00:00:00-04:00,16.45115895489948,16.630254441931413,16.278461085962757,16.48314094543457,114600,0.0,0.0
2005-08-11 00:00:00-04:00,16.44475907724352,16.52151461829883,16.278457641601562,16.278457641601562,23300,0.0,0.0
2005-08-12 00:00:00-04:00,16.24008487628198,16.53431312874099,16.208104101444164,16.374406814575195,48200,0.0,0.0
2005-08-15 00:00:00-04:00,16.374404916473605,16.6302547454834,16.30404575600033,16.6302547454834,71400,0.0,0.0
2005-08-16 00:00:00-04:00,16.777365462772366,16.777365462772366,16.470345718868256,16.623855590820312,62900,0.0,0.0
2005-08-17 00:00:00-04:00,16.393591568595532,16.71980053176153,16.393591568595532,16.41278076171875,22600,0.0,0.0
2005-08-18 00:00:00-04:00,16.3168309023553,16.483133518238283,16.169717472146843,16.393585205078125,55100,0.0,0.0
2005-08-19 00:00:00-04:00,16.51512355002135,16.54070914529076,16.163330154985285,16.3232364654541,18800,0.0,0.0
2005-08-22 00:00:00-04:00,16.489539344006975,16.489539344006975,16.214500291979174,16.38719940185547,28200,0.0,0.0
2005-08-23 00:00:00-04:00,16.25926630150421,16.419172539237337,16.15053001104617,16.310436248779297,20300,0.0,0.0
2005-08-24 00:00:00-04:00,16.374400241612456,16.412777400010263,16.137738454852265,16.368003845214844,47700,0.0,0.0
2005-08-25 00:00:00-04:00,16.38719940185547,16.4255765751652,16.310443835247668,16.38719940185547,37500,0.0,0.0
2005-08-26 00:00:00-04:00,16.297644704828972,16.425570192805488,16.24647475363594,16.368003845214844,44300,0.0,0.0
2005-08-29 00:00:00-04:00,16.163331992753292,16.412785475051198,16.163331992753292,16.342426300048828,28400,0.0,0.0
2005-08-30 00:00:00-04:00,16.336022037427824,16.387191985345098,16.163323005711604,16.297643661499023,13600,0.0,0.0
2005-08-31 00:00:00-04:00,16.233683135570224,16.873308181762695,16.233683135570224,16.873308181762695,21900,0.0,0.0
2005-09-01 00:00:00-04:00,16.86691987543466,16.86691987543466,16.188916171902356,16.591880798339844,23800,0.0,0.0
2005-09-02 00:00:00-04:00,16.58547849460487,16.591874891793793,16.419175827656915,16.527912139892578,7200,0.0,0.0
2005-09-06 00:00:00-04:00,16.431969806971825,16.63025325417493,16.36161065280797,16.60466766357422,30100,0.0,0.0
2005-09-07 00:00:00-04:00,16.457554782167268,16.700613021850586,16.3808004475217,16.700613021850586,14600,0.0,0.0
2005-09-08 00:00:00-04:00,16.572690302544043,16.63665307220803,16.22729329833987,16.374406814575195,15800,0.0,0.0
2005-09-09 00:00:00-04:00,16.527914979682613,16.527914979682613,16.304045919557677,16.43836784362793,17100,0.0,0.0
2005-09-12 00:00:00-04:00,16.25927021499292,16.623856329579652,16.24647742009807,16.470346450805664,13300,0.0,0.0
2005-09-13 00:00:00-04:00,16.36161084570822,16.36161084570822,16.06098747253418,16.06098747253418,12000,0.0,0.0
2005-09-14 00:00:00-04:00,16.214498354852378,16.323234682896295,15.907478565077147,15.984232902526855,28500,0.0,0.0
2005-09-15 00:00:00-04:00,16.118553680110697,16.118553680110697,15.86270265345171,15.920269012451172,16000,0.0,0.0
2005-09-16 00:00:00-04:00,16.073778348981804,16.52791280784442,15.92666486765524,16.470346450805664,81600,0.0,0.0
2005-09-19 00:00:00-04:00,16.41278240760508,16.59187790141726,16.009819071512975,16.188913345336914,23500,0.0,0.0
2005-09-20 00:00:00-04:00,16.118558181479845,16.28485968726723,15.542894430721782,15.849915504455566,59300,0.0,0.0
2005-09-21 00:00:00-04:00,15.734781160095409,16.02900818512723,15.427761337456554,15.741177558898926,45800,0.0,0.0
2005-09-22 00:00:00-04:00,15.702795962025807,16.18891119200955,15.670815194522014,15.945854187011719,18100,0.0,0.0
2005-09-23 00:00:00-04:00,16.060986595989625,16.406383514404297,15.971438252706664,16.406383514404297,13000,0.0,0.0
2005-09-26 00:00:00-04:00,16.438365723163297,16.764573453851447,16.438365723163297,16.7261962890625,19800,0.0,0.0
2005-09-27 00:00:00-04:00,16.572679494790833,16.89888830935294,16.470339618064006,16.745378494262695,112700,0.0,0.0
2005-09-28 00:00:00-04:00,16.707007347554494,16.79015806977198,16.399986387087782,16.559892654418945,83500,0.0,0.0
2005-09-29 00:00:00-04:00,16.425575053624982,16.758180444801518,16.24008316316522,16.694217681884766,55100,0.0,0.0
2005-09-30 00:00:00-04:00,16.649432881894658,16.77735710144043,16.463941116570282,16.77735710144043,21100,0.0,0.0
2005-10-03 00:00:00-04:00,16.700614086656504,17.014030283083176,16.700614086656504,16.9500675201416,19100,0.0,0.0
2005-10-04 00:00:00-04:00,16.796552863763424,17.25708243052752,16.78376007080078,16.78376007080078,130100,0.0,0.0
2005-10-05 00:00:00-04:00,16.78376334812951,17.014028786468934,16.553497909790092,16.924480438232422,107400,0.0,0.0
2005-10-06 00:00:00-04:00,16.918085062505966,16.950065830795243,16.176120014304168,16.32962989807129,25600,0.0,0.0
2005-10-07 00:00:00-04:00,16.51512404933093,16.559897622417726,16.393594908103648,16.457557678222656,6500,0.0,0.0
2005-10-10 00:00:00-04:00,16.355217297477648,16.355217297477648,15.990631103515627,15.990631103515625,15900,0.0,0.0
2005-10-11 00:00:00-04:00,16.144135314404497,16.47674061669516,16.04819180566355,16.246475219726562,117000,0.0,0.0
2005-10-12 00:00:00-04:00,16.201701132074955,16.64304272178855,16.0098141208888,16.54070281982422,68100,0.0,0.0
2005-10-13 00:00:00-04:00,16.502328278001293,16.617460999473792,15.997025047079733,16.463951110839844,29800,0.0,0.0
2005-10-14 00:00:00-04:00,16.668630462812043,16.668630462812043,16.099364490356216,16.25287437438965,62200,0.0,0.0
2005-10-17 00:00:00-04:00,16.214500803676614,16.457557868959753,16.00342451382944,16.265670776367188,34300,0.0,0.0
2005-10-18 00:00:00-04:00,16.34882214166253,16.412784914937443,15.869103172083324,15.958651542663574,50100,0.0,0.0
2005-10-19 00:00:00-04:00,15.881886698704356,16.182509971604098,15.677206919709832,16.13134002685547,80900,0.0,0.0
2005-10-20 00:00:00-04:00,16.08017188585618,16.30404087673873,15.805132944485154,15.952247619628906,37900,0.0,0.0
2005-10-21 00:00:00-04:00,15.894678577416816,16.39998160030297,15.894678577416816,16.393585205078125,32600,0.0,0.0
2005-10-24 00:00:00-04:00,16.297649254384535,17.065199956532805,16.297649254384535,17.05880355834961,183600,0.0,0.0
2005-10-25 00:00:00-04:00,17.007623020511733,17.033207377352426,16.790150497422314,16.988433837890625,25800,0.0,0.0
2005-10-26 00:00:00-04:00,17.071594867513042,17.57050168245744,17.05240567463514,17.365821838378906,51300,0.0,0.0
2005-10-27 00:00:00-04:00,17.30825947238668,17.564109336504057,17.103579581092777,17.173938751220703,54300,0.0,0.0
2005-10-28 00:00:00-04:00,17.295459732186416,17.8455363754523,17.295459732186416,17.8199520111084,49700,0.0,0.0
2005-10-31 00:00:00-05:00,17.7495931957201,18.491558074951172,17.7495931957201,18.491558074951172,91900,0.0,0.0
2005-11-01 00:00:00-05:00,18.376426638147436,18.523540100801686,18.203727588950926,18.472370147705078,32400,0.0,0.0
2005-11-02 00:00:00-05:00,18.472369624621734,18.856144871972834,18.344445355496617,18.689842224121094,83900,0.0,0.0
2005-11-03 00:00:00-05:00,18.70903264048339,19.080015119255847,18.657862685479877,18.82416534423828,62400,0.0,0.0
2005-11-04 00:00:00-05:00,18.773000458671696,18.96488753675482,18.472375824356302,18.804981231689453,57700,0.0,0.0
2005-11-07 00:00:00-05:00,18.74075349351672,19.132524259450047,18.6123037005913,18.978384017944336,47500,0.12,0.0
2005-11-08 00:00:00-05:00,18.88204724916098,18.920581696968743,18.61230366453062,18.702219009399414,25300,0.0,0.0
2005-11-09 00:00:00-05:00,18.83067063701635,18.83067063701635,18.5031247149551,18.76002311706543,58200,0.0,0.0
2005-11-10 00:00:00-05:00,18.625147327968826,18.94627055776139,18.477430936261342,18.939847946166992,79300,0.0,0.0
2005-11-11 00:00:00-05:00,18.91415913252884,19.151789641704955,18.862779463653904,19.049030303955078,92400,0.0,0.0
2005-11-14 00:00:00-05:00,19.081147114979103,19.11326018202014,18.41321124537278,18.625152587890625,40400,0.0,0.0
2005-11-15 00:00:00-05:00,18.663692847875044,18.663692847875044,18.304034960077356,18.419639587402344,70000,0.0,0.0
2005-11-16 00:00:00-05:00,18.42605512625995,18.43247773919902,18.00859508512579,18.278337478637695,53200,0.0,0.0
2005-11-17 00:00:00-05:00,18.368253325946178,18.560926819317494,18.19484644691908,18.464590072631836,45100,0.0,0.0
2005-11-18 00:00:00-05:00,18.62514762643556,18.62514762643556,18.002168991650436,18.23979949951172,50900,0.0,0.0
2005-11-21 00:00:00-05:00,18.252642465905364,18.61230010156703,17.98289893291217,18.599454879760742,36100,0.0,0.0
2005-11-22 00:00:00-05:00,18.70864373616149,18.77286864396434,18.40036564869368,18.650842666625977,78300,0.0,0.0
2005-11-23 00:00:00-05:00,18.625151356071775,18.8948949764351,18.618728743088344,18.695798873901367,17100,0.0,0.0
2005-11-25 00:00:00-05:00,18.824240348404857,18.875620007877274,18.54807421937023,18.689369201660156,6700,0.0,0.0
2005-11-28 00:00:00-05:00,18.753598074653404,18.830666967775173,18.30402503982052,18.573768615722656,57900,0.0,0.0
2005-11-29 00:00:00-05:00,18.47743482782411,18.779290286407747,18.458166988982878,18.618728637695312,62300,0.0,0.0
2005-11-30 00:00:00-05:00,18.637994366208883,18.78571077230165,18.348982941255183,18.528812408447266,58900,0.0,0.0
2005-12-01 00:00:00-05:00,18.52881526025577,18.53523787346415,18.3682536050109,18.496702194213867,71500,0.0,0.0
2005-12-02 00:00:00-05:00,18.304021621656027,18.477428436279297,18.2975990109306,18.477428436279297,45600,0.0,0.0
2005-12-05 00:00:00-05:00,18.400366018556362,18.766446407906436,18.316874494226166,18.625152587890625,90900,0.0,0.0
2005-12-06 00:00:00-05:00,18.670106034944794,18.946272232982967,18.657260810620226,18.715063095092773,55800,0.0,0.0
2005-12-07 00:00:00-05:00,18.727911952445442,18.804982088355683,18.567350292205006,18.625152587890625,38100,0.0,0.0
2005-12-08 00:00:00-05:00,18.58019222643366,18.933427326370683,18.573769614163602,18.882047653198242,35400,0.0,0.0
2005-12-09 00:00:00-05:00,18.946277246293207,18.946277246293207,18.689378816764865,18.837095260620117,27500,0.0,0.0
2005-12-12 00:00:00-05:00,18.75359823695494,18.927003860473633,18.670105506197807,18.927003860473633,31000,0.0,0.0
2005-12-13 00:00:00-05:00,18.81140460023615,18.991232874742398,18.721489237994778,18.888473510742188,31300,0.0,0.0
2005-12-14 00:00:00-05:00,18.959115211816872,19.049029321463532,18.766440544732486,18.946269989013672,31100,0.0,0.0
2005-12-15 00:00:00-05:00,19.0040722666402,19.0040722666402,18.804976213142087,18.946269989013672,41400,0.0,0.0
2005-12-16 00:00:00-05:00,18.946268576740703,18.997648239135742,18.779284367709877,18.997648239135742,107800,0.0,0.0
2005-12-19 00:00:00-05:00,19.20959320669657,19.20959320669657,18.580191914648836,18.715063095092773,39000,0.0,0.0
2005-12-20 00:00:00-05:00,18.779286279682207,18.894890838088017,18.54165577628173,18.734329223632812,40100,0.0,0.0
2005-12-21 00:00:00-05:00,18.721477689256883,19.24169680172337,18.721477689256883,18.86919403076172,113400,0.0,0.0
2005-12-22 00:00:00-05:00,19.036184713037127,19.07472038269043,18.830666041504468,19.07472038269043,35200,0.0,0.0
2005-12-23 00:00:00-05:00,19.190325866328603,19.254550764623815,18.766443252563477,18.766443252563477,8500,0.0,0.0
2005-12-27 00:00:00-05:00,18.952689230670703,19.0169141082798,18.471004486083984,18.471004486083984,15700,0.0,0.0
2005-12-28 00:00:00-05:00,18.438897825352267,18.682952199853833,18.329717088060814,18.6123046875,27800,0.0,0.0
2005-12-29 00:00:00-05:00,18.490282511628966,18.78571539653738,18.490282511628966,18.747180938720703,18500,0.0,0.0
2005-12-30 00:00:00-05:00,18.71506526555941,18.71506526555941,18.316873065221806,18.336139678955078,53200,0.0,0.0
2006-01-03 00:00:00-05:00,18.342565018160347,18.837095260620117,17.97648460295892,18.837095260620117,44400,0.0,0.0
2006-01-04 00:00:00-05:00,18.689372534776563,18.849934152386346,18.535233528869718,18.70863914489746,35300,0.0,0.0
2006-01-05 00:00:00-05:00,18.618729600230434,18.81140432363899,18.515970237741165,18.650842666625977,30800,0.0,0.0
2006-01-06 00:00:00-05:00,18.74718092295832,18.91416520667463,18.670110782401437,18.817827224731445,51200,0.0,0.0
2006-01-09 00:00:00-05:00,18.952698130607168,18.952698130607168,18.625152203478443,18.72148895263672,50400,0.0,0.0
2006-01-10 00:00:00-05:00,18.62515126515346,18.798558139895153,18.605883426297215,18.75360107421875,48100,0.0,0.0
2006-01-11 00:00:00-05:00,18.702217750903223,18.753597419518837,18.53523352165549,18.63799285888672,50000,0.0,0.0
2006-01-12 00:00:00-05:00,18.70863751499271,18.75359579299652,18.567343744801327,18.670103073120117,23900,0.0,0.0
2006-01-13 00:00:00-05:00,18.817820343949265,19.09398651123047,18.81139895749015,19.09398651123047,30600,0.0,0.0
2006-01-17 00:00:00-05:00,18.92058178209958,18.92058178209958,18.43247550770372,18.64441680908203,36400,0.0,0.0
2006-01-18 00:00:00-05:00,18.522387455916636,18.817820230774128,18.522387455916636,18.68294906616211,32700,0.0,0.0
2006-01-19 00:00:00-05:00,18.657260593506294,19.081143191380264,18.657260593506294,19.02334213256836,26000,0.0,0.0
2006-01-20 00:00:00-05:00,19.055454187515604,19.055454187515604,18.573769300293257,18.64441680908203,27500,0.0,0.0
2006-01-23 00:00:00-05:00,18.740746335952355,19.196740599204652,18.61871920177725,19.145360946655273,35800,0.0,0.0
2006-01-24 00:00:00-05:00,19.23529049580225,20.140858307926305,19.093995427960646,19.928916931152344,64900,0.0,0.0
2006-01-25 00:00:00-05:00,19.909639358520508,20.038089134699653,19.460066366881357,19.909639358520508,84000,0.0,0.0
2006-01-26 00:00:00-05:00,19.986710242135725,20.185806300423614,19.492180177206155,19.9224853515625,59300,0.0,0.0
2006-01-27 00:00:00-05:00,20.121581150800964,20.45554959749184,20.10873592785411,20.35921287536621,229100,0.0,0.0
2006-01-30 00:00:00-05:00,20.23718064198136,20.885849538581034,20.23718064198136,20.808780670166016,122500,0.0,0.0
2006-01-31 00:00:00-05:00,20.667491064381665,20.96292384492248,20.519774674111254,20.712448120117188,91100,0.0,0.0
2006-02-01 00:00:00-05:00,20.71245298829645,21.097799970878864,20.55831272527767,20.962928771972656,45700,0.0,0.0
2006-02-02 00:00:00-05:00,20.75098394744731,20.917966948598114,20.41059288358903,20.596843719482422,41400,0.0,0.0
2006-02-03 00:00:00-05:00,20.384902895231445,21.04641720306695,20.384902895231445,20.98219108581543,46400,0.0,0.0
2006-02-06 00:00:00-05:00,20.956407340317394,21.272366564052454,20.743618023559467,21.207883834838867,51400,0.13,0.0
2006-02-07 00:00:00-05:00,21.16273539107869,21.543174672797594,21.014428885969725,21.098255157470703,66100,0.0,0.0
2006-02-08 00:00:00-05:00,21.26591352654893,21.440013176840843,20.988643986428198,21.343290328979492,35700,0.0,0.0
2006-02-09 00:00:00-05:00,21.27880859375,21.82045109270874,21.15629512675558,21.27880859375,59100,0.0,0.0
2006-02-10 00:00:00-05:00,21.16919665707532,21.407776605754076,21.027337112570038,21.207883834838867,44500,0.0,0.0
2006-02-13 00:00:00-05:00,21.098255495504134,21.414212088914024,21.02732576154098,21.259458541870117,53900,0.0,0.0
2006-02-14 00:00:00-05:00,21.375537223589077,21.60122063437065,21.278814356245718,21.44646453857422,74700,0.0,0.0
2006-02-15 00:00:00-05:00,21.459355583592792,21.5689749691311,21.17563901709116,21.388425827026367,70400,0.0,0.0
2006-02-16 00:00:00-05:00,21.485144814355124,21.594764180223716,21.44000815186912,21.491594314575195,79900,0.0,0.0
2006-02-17 00:00:00-05:00,21.517386111679176,21.517386111679176,21.369079575442523,21.420665740966797,98500,0.0,0.0
2006-02-21 00:00:00-05:00,21.42711588537388,21.504492685104132,21.21432907117466,21.323945999145508,61200,0.0,0.0
2006-02-22 00:00:00-05:00,21.21432981151662,21.45290972053997,21.117606963655266,21.343290328979492,116100,0.0,0.0
2006-02-23 00:00:00-05:00,21.29170418675284,21.401321106053096,21.169190725223622,21.265911102294922,61200,0.0,0.0
2006-02-24 00:00:00-05:00,21.265906662010163,21.47224637506227,21.182080384906683,21.440006256103516,163600,0.0,0.0
2006-02-27 00:00:00-05:00,21.3690856013414,21.78821470524378,21.34974201369695,21.74952507019043,126100,0.0,0.0
2006-02-28 00:00:00-05:00,21.78821229933694,21.78821229933694,21.472253130701347,21.620559692382812,99600,0.0,0.0
2006-03-01 00:00:00-05:00,21.47225459055213,22.129963599962743,21.47225459055213,21.981657028198242,88400,0.0,0.0
2006-03-02 00:00:00-05:00,21.968753923275216,22.271816478419133,21.865584058084636,22.16219711303711,61100,0.0,0.0
2006-03-03 00:00:00-05:00,22.02678510492824,22.304054553390433,21.859135011789036,21.968751907348633,25300,0.0,0.0
2006-03-06 00:00:00-05:00,21.93651989433353,22.22023648746715,21.678593929838016,22.09772300720215,55400,0.0,0.0
2006-03-07 00:00:00-05:00,21.968759106079272,22.207339014411875,21.865589216549157,22.033239364624023,47600,0.0,0.0
2006-03-08 00:00:00-05:00,21.923622791105903,22.11061898760875,21.74952313847541,21.801109313964844,66300,0.0,0.0
2006-03-09 00:00:00-05:00,21.88493485497544,21.930071532143444,21.65925146913543,21.833351135253906,145800,0.0,0.0
2006-03-10 00:00:00-05:00,21.7882125427909,21.923622562391678,21.743075869590644,21.859142303466797,52400,0.0,0.0
2006-03-13 00:00:00-05:00,21.872034185239677,21.93006739633464,21.678590968177787,21.69793701171875,63200,0.0,0.0
2006-03-14 00:00:00-05:00,21.6463554279833,21.910728454589844,21.5302889812034,21.910728454589844,119000,0.0,0.0
2006-03-15 00:00:00-05:00,21.923620314900713,22.091270446777344,21.768864265675862,22.091270446777344,65600,0.0,0.0
2006-03-16 00:00:00-05:00,22.200899164101735,22.32986218273101,21.923629534966548,21.955869674682617,43400,0.0,0.0
2006-03-17 00:00:00-05:00,22.065481312033857,22.491057401441076,21.994551553838633,22.478160858154297,176800,0.0,0.0
2006-03-20 00:00:00-05:00,22.433022521829443,22.529742899656707,22.220233263034377,22.368539810180664,52500,0.0,0.0
2006-03-21 00:00:00-05:00,21.968751907348633,22.56198042258055,21.936511788640715,21.968751907348633,85700,0.0,0.0
2006-03-22 00:00:00-05:00,22.000994855393902,22.536190241872568,21.949411150780225,22.503950119018555,64600,0.0,0.0
2006-03-23 00:00:00-05:00,22.413682183023536,22.678055218660027,22.413682183023536,22.6651611328125,56600,0.0,0.0
2006-03-24 00:00:00-05:00,22.6973988966256,22.884395098825713,22.587779500252864,22.781225204467773,47100,0.0,0.0
2006-03-27 00:00:00-05:00,22.80056310124497,22.80056310124497,22.22023105294711,22.23312759399414,55600,0.0,0.0
2006-03-28 00:00:00-05:00,22.278265335070458,22.278265335070458,21.872032881618075,21.994548797607422,57100,0.0,0.0
2006-03-29 00:00:00-05:00,21.975202798471017,22.38143274748834,21.80755023495226,22.310503005981445,44500,0.0,0.0
2006-03-30 00:00:00-05:00,22.2460227497462,22.445915433881982,22.052579565614156,22.387882232666016,39900,0.0,0.0
2006-03-31 00:00:00-05:00,22.34274666592114,22.4072269105352,21.47869810536895,21.57541847229004,82900,0.0,0.0
2006-04-03 00:00:00-04:00,21.627006539221377,21.89782654215215,21.465803453734807,21.601213455200195,69200,0.0,0.0
2006-04-04 00:00:00-04:00,21.665692840954538,21.87203258536258,21.58186901087637,21.807552337646484,60600,0.0,0.0
2006-04-05 00:00:00-04:00,21.891384009214814,22.66515947085,21.723731388315596,22.58133316040039,99000,0.0,0.0
2006-04-06 00:00:00-04:00,22.407234135024353,22.52974762319705,22.181550746347153,22.23958396911621,91600,0.0,0.0
2006-04-07 00:00:00-04:00,22.213792282890914,22.433028642788578,21.775319563095582,21.917179107666016,63300,0.0,0.0
2006-04-10 00:00:00-04:00,21.91072354447926,22.310506516150998,21.852690334094337,22.17509651184082,79000,0.0,0.0
2006-04-11 00:00:00-04:00,22.18798909311068,22.381432273272203,21.53672981262207,21.53672981262207,31200,0.0,0.0
2006-04-12 00:00:00-04:00,21.498046682375,21.801109313964844,21.498046682375,21.801109313964844,46900,0.0,0.0
2006-04-13 00:00:00-04:00,21.704383787502625,22.19444009538115,21.59476686775551,22.17509651184082,50100,0.0,0.0
2006-04-17 00:00:00-04:00,22.129969652132047,22.426582876779705,21.543190246952978,21.678600311279297,62500,0.0,0.0
2006-04-18 00:00:00-04:00,21.71727334034137,22.55552864074707,21.71727334034137,22.55552864074707,63000,0.0,0.0
2006-04-19 00:00:00-04:00,22.4910556690573,22.852149014217247,22.4136764152968,22.839252471923828,52500,0.0,0.0
2006-04-20 00:00:00-04:00,22.68449571307878,22.858595320058264,22.35564007997411,22.742528915405273,31300,0.0,0.0
2006-04-21 00:00:00-04:00,22.819916243202446,22.90374256524483,22.200896772192653,22.265377044677734,58800,0.0,0.0
2006-04-24 00:00:00-04:00,22.200891831460034,22.213788375039915,21.63990571443825,21.67214584350586,51600,0.0,0.0
2006-04-25 00:00:00-04:00,21.910722640921968,21.910722640921968,21.44000993599509,21.7172794342041,35300,0.0,0.0
2006-04-26 00:00:00-04:00,21.63990561817544,22.12351493133084,21.575422900562884,22.1170654296875,32900,0.0,0.0
2006-04-27 00:00:00-04:00,22.007451992358007,22.336305295202187,21.633459550138586,21.78821563720703,37100,0.0,0.0
2006-04-28 00:00:00-04:00,21.678590545261333,21.930066968512257,21.53028399974832,21.76241683959961,29300,0.0,0.0
2006-05-01 00:00:00-04:00,21.678595302474847,22.001001548626082,21.543185269434797,21.74952507019043,71400,0.0,0.0
2006-05-02 00:00:00-04:00,21.788212179038062,22.13641147485335,21.581872402206223,22.1170654296875,47000,0.0,0.0
2006-05-03 00:00:00-04:00,22.142856157333153,22.297612203349313,21.743073189790273,22.258922576904297,31900,0.0,0.0
2006-05-04 00:00:00-04:00,22.310501167126,22.310501167126,21.98164802696447,22.136404037475586,30300,0.0,0.0
2006-05-05 00:00:00-04:00,22.239580840606457,22.40078394120308,21.994551438965637,22.039688110351562,38000,0.0,0.0
2006-05-08 00:00:00-04:00,22.136806866572293,22.149756450911017,21.826024252084906,22.033212661743164,43400,0.14,0.0
2006-05-09 00:00:00-04:00,21.96847063681191,22.22745742422465,21.813078070388055,22.13033676147461,41600,0.0,0.0
2006-05-10 00:00:00-04:00,22.149747796096765,22.149747796096765,21.800116565208455,21.91666030883789,32900,0.0,0.0
2006-05-11 00:00:00-04:00,21.806602677120136,21.82602582008326,21.074967163645287,21.094392776489258,47100,0.0,0.0
2006-05-12 00:00:00-04:00,21.042592660829353,21.28215379340145,20.848353837936287,20.91309928894043,46400,0.0,0.0
2006-05-15 00:00:00-04:00,20.70591694213413,21.21741455236753,20.55700038533479,21.087921142578125,52500,0.0,0.0
2006-05-16 00:00:00-04:00,21.07496023708082,21.3209973365674,20.997265220882966,21.13323211669922,20700,0.0,0.0
2006-05-17 00:00:00-04:00,20.926054997811708,21.191515376433376,20.62822188421303,21.087921142578125,47800,0.0,0.0
2006-05-18 00:00:00-04:00,21.197982896775432,21.411644837767795,21.016691207885742,21.016691207885742,25400,0.0,0.0
2006-05-19 00:00:00-04:00,20.822455341283753,21.353375960262472,20.790082614737386,21.172086715698242,50300,0.0,0.0
2006-05-22 00:00:00-04:00,21.049063929868783,21.321000228263134,20.62821360432852,21.016691207885742,44300,0.0,0.0
2006-05-23 00:00:00-04:00,21.074965902008856,21.515241895275803,21.042593175714664,21.36632537841797,85100,0.0,0.0
2006-05-24 00:00:00-04:00,21.049064474605448,21.819548615095453,21.049064474605448,21.703004837036133,94700,0.0,0.0
2006-05-25 00:00:00-04:00,21.838971738438886,21.936092376708984,21.53466271041431,21.936092376708984,22600,0.0,0.0
2006-05-26 00:00:00-04:00,21.508768080368494,22.033212661743164,21.508768080368494,22.033212661743164,39300,0.0,0.0
2006-05-30 00:00:00-04:00,21.728901265030142,22.11737882968608,21.495813738284532,21.625307083129883,55500,0.0,0.0
2006-05-31 00:00:00-04:00,21.690053448906554,21.754798889160156,21.275676703570966,21.754798889160156,123000,0.0,0.0
2006-06-01 00:00:00-04:00,21.864868646748747,22.085006596865348,21.625307558936033,22.039684295654297,57500,0.0,0.0
2006-06-02 00:00:00-04:00,22.240404028458805,22.240404028458805,21.715959377354604,21.903724670410156,38900,0.0,0.0
2006-06-05 00:00:00-04:00,21.677100796285654,21.961984150879655,20.790075547082616,20.880720138549805,97200,0.0,0.0
2006-06-06 00:00:00-04:00,21.023170091133565,21.12676429748535,20.777132924842817,21.12676429748535,67500,0.0,0.0
2006-06-07 00:00:00-04:00,21.308055504742114,21.82602658423387,21.074967901500592,21.405176162719727,68800,0.0,0.0
2006-06-08 00:00:00-04:00,21.08143805389716,21.90371799399348,20.880723235960495,21.787174224853516,41300,0.0,0.0
2006-06-09 00:00:00-04:00,21.62531042275541,21.890770709237714,21.392222860013774,21.456968307495117,15300,0.0,0.0
2006-06-12 00:00:00-04:00,21.573513849274786,21.573513849274786,20.8807271311946,21.12676429748535,36600,0.0,0.0
2006-06-13 00:00:00-04:00,20.938993341264563,21.651203007818314,20.938993341264563,21.13323211669922,42200,0.0,0.0
2006-06-14 00:00:00-04:00,21.288627735150246,21.288627735150246,20.913097240444685,21.107336044311523,33100,0.0,0.0
2006-06-15 00:00:00-04:00,21.340417505724876,21.89723706245619,21.133229178087134,21.864864349365234,37400,0.0,0.0
2006-06-16 00:00:00-04:00,21.761270816751495,21.832492269545252,21.236823957899087,21.424589157104492,226100,0.0,0.0
2006-06-19 00:00:00-04:00,21.424597440592912,21.554090816659098,21.126764404557182,21.172086715698242,49900,0.0,0.0
2006-06-20 00:00:00-04:00,21.2756778237781,21.2756778237781,20.951945665704496,20.964895248413086,23400,0.0,0.0
2006-06-21 00:00:00-04:00,21.081448459834423,21.715963477308094,21.003750928802287,21.48287582397461,33000,0.0,0.0
2006-06-22 00:00:00-04:00,21.24977651387291,21.800120139106237,21.19798065814606,21.579984664916992,50100,0.0,0.0
2006-06-23 00:00:00-04:00,21.418126106456263,21.554093053992926,21.217411229225256,21.314529418945312,38100,0.0,0.0
2006-06-26 00:00:00-04:00,21.489340404523045,22.05910971128807,21.36632306994396,21.936092376708984,49300,0.0,0.0
2006-06-27 00:00:00-04:00,21.877819524556433,22.05263518381813,21.482865902137082,21.826021194458008,83700,0.0,0.0
2006-06-28 00:00:00-04:00,21.987888369216524,21.987888369216524,21.256255444142745,21.748327255249023,74800,0.0,0.0
2006-06-29 00:00:00-04:00,21.98788268946269,23.114471435546875,21.890764545585654,23.114471435546875,107400,0.0,0.0
2006-06-30 00:00:00-04:00,23.23749783600585,24.208694474255505,23.146853211616804,24.202220916748047,163500,0.0,0.0
2006-07-03 00:00:00-04:00,23.63245521823813,23.742523002204774,22.538241057564594,23.082111358642578,133800,0.0,0.0
2006-07-05 00:00:00-04:00,23.049737650590476,23.12095914830631,22.29220529099038,22.356950759887695,97500,0.0,0.0
2006-07-06 00:00:00-04:00,22.31810205885479,22.531764059071406,22.104437588757126,22.13033676147461,58200,0.0,0.0
2006-07-07 00:00:00-04:00,22.27278020100897,22.27278020100897,21.47639667774443,21.51524543762207,53000,0.0,0.0
2006-07-10 00:00:00-04:00,21.52819228155796,22.136807956150186,21.52819228155796,21.961992263793945,39700,0.0,0.0
2006-07-11 00:00:00-04:00,22.020259872204726,22.039685480825618,21.40517075987009,22.01378631591797,47200,0.0,0.0
2006-07-12 00:00:00-04:00,22.10443115957146,22.10443115957146,21.7806990044052,21.8713436126709,51300,0.0,0.0
2006-07-13 00:00:00-04:00,22.085000999602105,22.085000999602105,21.586453342753224,21.65767478942871,54600,0.0,0.0
2006-07-14 00:00:00-04:00,21.612360143966065,21.71595433853166,21.398695728366786,21.418121337890625,39100,0.0,0.0
2006-07-17 00:00:00-04:00,21.223884787254203,21.66416082965185,21.217411229225256,21.314529418945312,25000,0.0,0.0
2006-07-18 00:00:00-04:00,21.554089905698703,21.592936187960262,21.191508962013618,21.567039489746094,24500,0.0,0.0
2006-07-19 00:00:00-04:00,21.495818386351036,22.73247528076172,21.37279857070118,22.73247528076172,52000,0.0,0.0
2006-07-20 00:00:00-04:00,22.641828618122695,22.816644285211677,21.670632114215305,21.703004837036133,45700,0.0,0.0
2006-07-21 00:00:00-04:00,21.567034693753296,21.631780129711796,20.92604401029185,21.217403411865234,89400,0.0,0.0
2006-07-24 00:00:00-04:00,21.178551856152097,22.65477180480957,21.178551856152097,22.65477180480957,86600,0.0,0.0
2006-07-25 00:00:00-04:00,22.583563115069214,22.93319207823167,22.195082921727074,22.447593688964844,50500,0.0,0.0
2006-07-26 00:00:00-04:00,22.583564840790924,22.583564840790924,22.020268887882768,22.356950759887695,31400,0.0,0.0
2006-07-27 00:00:00-04:00,22.272772131826766,22.343991127645594,19.5663700196045,20.03254508972168,748900,0.0,0.0
2006-07-28 00:00:00-04:00,20.071398417501797,20.777134783235,20.071398417501797,20.33685874938965,145100,0.0,0.0
2006-07-31 00:00:00-04:00,20.08434898170764,20.608794878190924,19.76709152655403,20.22031593322754,107800,0.0,0.0
2006-08-01 00:00:00-04:00,20.071398335693118,20.15556817243674,19.508103709995027,19.780038833618164,85900,0.0,0.0
2006-08-02 00:00:00-04:00,19.980753214543963,20.220314368186795,19.8447850386074,20.090822219848633,61500,0.0,0.0
2006-08-03 00:00:00-04:00,19.85773501659074,20.64764121237656,19.786513530885138,20.531097412109375,67900,0.0,0.0
2006-08-04 00:00:00-04:00,20.74475856649812,20.848352764700287,20.123192142344866,20.492246627807617,176900,0.0,0.0
2006-08-07 00:00:00-04:00,20.25805571439865,20.303593856516,19.861222446789398,20.04337501525879,69000,0.15,0.0
2006-08-08 00:00:00-04:00,20.147462450913704,20.485747563265445,19.809178579383264,19.893749237060547,44000,0.0,0.0
2006-08-09 00:00:00-04:00,20.192993928169415,20.192993928169415,19.659543964078644,19.744115829467773,153800,0.0,0.0
2006-08-10 00:00:00-04:00,19.516421064074084,19.919760978692693,19.516421064074084,19.72459602355957,112100,0.0,0.0
2006-08-11 00:00:00-04:00,19.757123953635574,19.848200187362387,19.457871521529356,19.574970245361328,62800,0.0,0.0
2006-08-14 00:00:00-04:00,19.854715044893723,20.049878848176284,19.679066877446697,19.750627517700195,80800,0.0,0.0
2006-08-15 00:00:00-04:00,20.06938623182579,20.27756118774414,19.861211275907436,20.27756118774414,50600,0.0,0.0
2006-08-16 00:00:00-04:00,20.362137845099863,20.531280357217913,20.22552345501662,20.479236602783203,55600,0.0,0.0
2006-08-17 00:00:00-04:00,20.34912662186449,20.65488350580609,20.34912662186449,20.492246627807617,62700,0.0,0.0
2006-08-18 00:00:00-04:00,20.62886187990303,20.62886187990303,20.284072478127673,20.459720611572266,87600,0.0,0.0
2006-08-21 00:00:00-04:00,20.19950053595667,20.4597205435221,19.98481989828986,20.030359268188477,64800,0.0,0.0
2006-08-22 00:00:00-04:00,20.075901917491255,20.316603865617704,19.841704354279585,20.056385040283203,44800,0.0,0.0
2006-08-23 00:00:00-04:00,20.16698097372718,20.16698097372718,19.731113915952477,19.789663314819336,59100,0.0,0.0
2006-08-24 00:00:00-04:00,19.932772369574984,20.082399217831327,19.705081767312397,19.848201751708984,54100,0.0,0.0
2006-08-25 00:00:00-04:00,19.835188255872676,20.010836335541974,19.711583913791998,19.841693878173828,44800,0.0,0.0
2006-08-28 00:00:00-04:00,19.58798303372018,20.010838604680163,19.516422421113468,19.945783615112305,36200,0.0,0.0
2006-08-29 00:00:00-04:00,20.036868215773346,20.316603919051623,19.672561859346896,20.29058265686035,64600,0.0,0.0
2006-08-30 00:00:00-04:00,20.420688585421242,20.58983110881629,20.22552480348445,20.505260467529297,49400,0.0,0.0
2006-08-31 00:00:00-04:00,20.518267396222214,20.64837614317316,20.23202616761685,20.349124908447266,61600,0.0,0.0
2006-09-01 00:00:00-04:00,20.544290867066927,20.771982749836713,20.420686489422593,20.648378372192383,39300,0.0,0.0
2006-09-05 00:00:00-04:00,20.752463933092244,20.92160642327998,20.687408938278374,20.732948303222656,33800,0.0,0.0
2006-09-06 00:00:00-04:00,20.5312798349022,20.641872965365092,20.368642951328596,20.407676696777344,24200,0.0,0.0
2006-09-07 00:00:00-04:00,20.349130750755425,20.60284393484941,19.991328802067304,20.069395065307617,69100,0.0,0.0
2006-09-08 00:00:00-04:00,20.238535994947643,20.238535994947643,19.997832839818347,20.173480987548828,41000,0.0,0.0
2006-09-11 00:00:00-04:00,20.108422878431803,20.329609124977225,19.91325912716037,20.199499130249023,20300,0.0,0.0
2006-09-12 00:00:00-04:00,20.329612390610592,20.44671115651188,20.212513624709306,20.32310676574707,54400,0.0,0.0
2006-09-13 00:00:00-04:00,20.264555462336862,20.433697970295736,20.16697358027392,20.420686721801758,147500,0.0,0.0
2006-09-14 00:00:00-04:00,20.238536152088752,20.433699934979476,20.17348114418482,20.22552490234375,57600,0.0,0.0
2006-09-15 00:00:00-04:00,20.427195212682662,20.654887129996457,20.336118942085598,20.6353702545166,106000,0.0,0.0
2006-09-18 00:00:00-04:00,20.479236243629913,20.596334999259643,20.362137488000187,20.459720611572266,30800,0.0,0.0
2006-09-19 00:00:00-04:00,20.433700484440767,20.661392397816616,20.38165672488238,20.615854263305664,111500,0.0,0.0
2006-09-20 00:00:00-04:00,20.784993843440514,21.305431365193197,20.77848821931599,21.194839477539062,53500,0.0,0.0
2006-09-21 00:00:00-04:00,21.136286161073556,21.29241614767313,20.817516842500552,20.876066207885742,33000,0.0,0.0
2006-09-22 00:00:00-04:00,20.869564923701006,20.98015680715533,20.811014308803788,20.947629928588867,56900,0.0,0.0
2006-09-25 00:00:00-04:00,20.94112129712153,21.33795563442067,20.82402255884829,21.181825637817383,49700,0.0,0.0
2006-09-26 00:00:00-04:00,21.233871603398317,21.376992858311166,21.136290960028433,21.272905349731445,39600,0.0,0.0
2006-09-27 00:00:00-04:00,21.207845985911064,21.5916690826416,21.201341603300058,21.5916690826416,31400,0.0,0.0
2006-09-28 00:00:00-04:00,21.630706508341294,21.630706508341294,21.155807084301067,21.442047119140625,52100,0.0,0.0
2006-09-29 00:00:00-04:00,21.520112302444804,21.578659194555218,20.745959195983822,20.824024200439453,61800,0.0,0.0
2006-10-02 00:00:00-04:00,20.752467291503674,20.89558731059892,20.485742886341022,20.58983039855957,75600,0.0,0.0
2006-10-03 00:00:00-04:00,20.58982941195992,20.61585190917815,20.258050017353245,20.37514877319336,90400,0.0,0.0
2006-10-04 00:00:00-04:00,20.323103889340018,20.94112327405128,20.323103889340018,20.817520141601562,56400,0.0,0.0
2006-10-05 00:00:00-04:00,20.811021110605804,20.863064877814477,20.693922324180967,20.78499984741211,55000,0.0,0.0
2006-10-06 00:00:00-04:00,20.635366397476517,21.045210779378763,20.58332264674574,20.928112030029297,24500,0.0,0.0
2006-10-09 00:00:00-04:00,20.817519932681257,20.97365242409874,20.817519932681257,20.947629928588867,101900,0.0,0.0
2006-10-10 00:00:00-04:00,20.94763300567696,21.23387305340733,20.51176606842724,21.129785537719727,49900,0.0,0.0
2006-10-11 00:00:00-04:00,20.967149548121046,21.18183145445524,20.79150139247732,21.01268768310547,38200,0.0,0.0
2006-10-12 00:00:00-04:00,21.15580141561142,21.468063864940873,21.15580141561142,21.331449508666992,64400,0.0,0.0
2006-10-13 00:00:00-04:00,21.422531440685624,21.708771474915146,21.35097081171774,21.637210845947266,33800,0.0,0.0
2006-10-16 00:00:00-04:00,21.695764434090965,21.728293803852857,21.50710749034145,21.546138763427734,45900,0.0,0.0
2006-10-17 00:00:00-04:00,21.46806680822429,21.63720806085159,21.39000180559951,21.448551177978516,27900,0.0,0.0
2006-10-18 00:00:00-04:00,21.63721307178258,21.754311843659327,21.20134735107422,21.20134735107422,32600,0.0,0.0
2006-10-19 00:00:00-04:00,21.194837220689056,21.5916690826416,21.090747245780282,21.5916690826416,46700,0.0,0.0
2006-10-20 00:00:00-04:00,21.695753090877517,21.695753090877517,21.40300876921625,21.416017532348633,72700,0.0,0.0
2006-10-23 00:00:00-04:00,21.403014776598496,21.70226604546077,21.246882277133633,21.494091033935547,31100,0.0,0.0
2006-10-24 00:00:00-04:00,21.51360508843213,21.630703834034936,21.279407597226523,21.598176956176758,45200,0.0,0.0
2006-10-25 00:00:00-04:00,21.66323091985374,21.780329666580656,21.181827166991283,21.468067169189453,47100,0.0,0.0
2006-10-26 00:00:00-04:00,21.429039653205546,21.572160936713377,20.986667032947196,21.097261428833008,141700,0.0,0.0
2006-10-27 00:00:00-04:00,20.92161379293356,21.07123946513664,20.628866833561226,20.739459991455078,61200,0.0,0.0
2006-10-30 00:00:00-05:00,20.648379215793845,20.88257549148388,20.55730295529333,20.71343421936035,91400,0.0,0.0
2006-10-31 00:00:00-05:00,20.817519478677312,20.84354197361967,20.34262011336699,20.609344482421875,87600,0.0,0.0
2006-11-01 00:00:00-05:00,20.388161404801487,20.752467704822138,20.388161404801487,20.414182662963867,84300,0.0,0.0
2006-11-02 00:00:00-05:00,20.303590157812202,20.752468352722094,20.297085773684323,20.51176643371582,53300,0.0,0.0
2006-11-03 00:00:00-05:00,20.667894408632442,20.687410039540914,20.36213628897693,20.485740661621094,20800,0.0,0.0
2006-11-06 00:00:00-05:00,20.65569070596711,20.910618132259735,20.198127443983825,20.799495697021484,33100,0.15,0.0
2006-11-07 00:00:00-05:00,20.721060957901443,21.139403735401594,20.492279283921114,20.590328216552734,64500,0.0,0.0
2006-11-08 00:00:00-05:00,20.3550076161677,21.08057188464895,20.3550076161677,21.041351318359375,22900,0.0,0.0
2006-11-09 00:00:00-05:00,21.145938970584425,21.44008701134697,21.093647370848643,21.21784210205078,255700,0.0,0.0
2006-11-10 00:00:00-05:00,21.17862334537719,21.56428354342976,21.139402776695402,21.5446720123291,83700,0.0,0.0
2006-11-13 00:00:00-05:00,21.538138801348495,21.858431419189724,21.48584470417943,21.84535789489746,38900,0.0,0.0
2006-11-14 00:00:00-05:00,21.760382666449477,22.09374879233123,21.51199070404523,22.047992706298828,93900,0.0,0.0
2006-11-15 00:00:00-05:00,22.100281427565427,22.270232206719125,21.93686616189034,22.15911102294922,60600,0.0,0.0
2006-11-16 00:00:00-05:00,22.041451832181632,22.270232206719125,21.923792641414046,22.15911102294922,96600,0.0,0.0
2006-11-17 00:00:00-05:00,22.159113620506155,22.642821467235397,21.97608680590215,22.616674423217773,111000,0.0,0.0
2006-11-20 00:00:00-05:00,22.649358336002972,22.806235605180913,22.40096641736546,22.747406005859375,49100,0.0,0.0
2006-11-21 00:00:00-05:00,22.721266544852618,22.753951605897097,22.2898501703782,22.39443588256836,50700,0.0,0.0
2006-11-22 00:00:00-05:00,22.531699849853776,22.531699849853776,22.16564872099798,22.21140480041504,40500,0.0,0.0
2006-11-24 00:00:00-05:00,22.093745386174312,22.15257498679198,22.03491578555665,22.067598342895508,15600,0.0,0.0
2006-11-27 00:00:00-05:00,21.9957036011624,22.296387198786764,21.276674679667664,21.459701538085938,76000,0.0,0.0
2006-11-28 00:00:00-05:00,21.38779738635692,21.91072589959502,21.35511232829467,21.851896286010742,35000,0.0,0.0
2006-11-29 00:00:00-05:00,22.008776189326017,22.32907134407053,21.86497238967268,22.26370620727539,63500,0.0,0.0
2006-11-30 00:00:00-05:00,22.224474112294565,22.276768189447832,21.897643610643176,21.982620239257812,115000,0.0,0.0
2006-12-01 00:00:00-05:00,21.969551818920696,21.989160855644844,21.57081811540019,21.819210052490234,160800,0.0,0.0
2006-12-04 00:00:00-05:00,21.956478419170786,22.45979781056225,21.878039778316886,22.289844512939453,63900,0.0,0.0
2006-12-05 00:00:00-05:00,22.51209096832976,22.51209096832976,22.15911581324095,22.446725845336914,40200,0.0,0.0
2006-12-06 00:00:00-05:00,22.361749287308157,22.53170259745569,21.9957006073343,22.51862907409668,101700,0.0,0.0
2006-12-07 00:00:00-05:00,22.577457121933993,22.577457121933993,22.34867421924383,22.36174774169922,51400,0.0,0.0
2006-12-08 00:00:00-05:00,22.25716954511123,22.361755266427995,22.002242005246636,22.27678108215332,31000,0.0,0.0
2006-12-11 00:00:00-05:00,22.250624284537164,22.32252740398996,22.03491492617878,22.132965087890625,39300,0.0,0.0
2006-12-12 00:00:00-05:00,22.19832895521114,22.28984110446693,22.07413425172386,22.19179344177246,49000,0.0,0.0
2006-12-13 00:00:00-05:00,22.394430932795203,22.851994257563337,22.15911500251856,22.806238174438477,71000,0.0,0.0
2006-12-14 00:00:00-05:00,22.845456725764123,23.106919678603166,22.67550343757542,22.734333038330078,142600,0.0,0.0
2006-12-15 00:00:00-05:00,22.714721030083254,22.85852725611345,22.400964031623808,22.551305770874023,130300,0.0,0.0
2006-12-18 00:00:00-05:00,22.66896928560228,22.708189852968452,22.27677358601835,22.36174774169922,60900,0.0,0.0
2006-12-19 00:00:00-05:00,22.224488245312294,22.453268744547046,22.211414717710248,22.217952728271484,73000,0.0,0.0
2006-12-20 00:00:00-05:00,22.028382267796307,22.806238174438477,22.028382267796307,22.806238174438477,62000,0.0,0.0
2006-12-21 00:00:00-05:00,22.74087570937199,22.93043807217917,22.525166297863166,22.655899047851562,50900,0.0,0.0
2006-12-22 00:00:00-05:00,22.70165020371858,22.760479803754905,22.427113732561896,22.68204116821289,15600,0.0,0.0
2006-12-26 00:00:00-05:00,22.6101332753064,23.19842915152306,22.6101332753064,23.106914520263672,65600,0.0,0.0
2006-12-27 00:00:00-05:00,23.17228966109455,23.662535553105634,23.15267812982081,23.584096908569336,80800,0.0,0.0
2006-12-28 00:00:00-05:00,23.401073544134714,23.564488865662916,23.401073544134714,23.472976684570312,60500,0.0,0.0
2006-12-29 00:00:00-05:00,23.512192689695695,23.512192689695695,22.917361134682228,22.956579208374023,48500,0.0,0.0
2007-01-03 00:00:00-05:00,23.02848424542494,23.505656631913414,22.577458905913286,22.675506591796875,108700,0.0,0.0
2007-01-04 00:00:00-05:00,22.649361267785682,22.9565803319926,22.420578354801446,22.812776565551758,186000,0.0,0.0
2007-01-05 00:00:00-05:00,22.721268712434092,22.825854434601602,22.38790250225025,22.433658599853516,141700,0.0,0.0
2007-01-08 00:00:00-05:00,22.50555336537672,22.74740729023461,22.263699440518835,22.58399200439453,50000,0.0,0.0
2007-01-09 00:00:00-05:00,22.551314923009333,22.721265764410756,22.446729214411537,22.708194732666016,49100,0.0,0.0
2007-01-10 00:00:00-05:00,22.544778794471057,22.747412196767627,22.50555821974273,22.66243553161621,65400,0.0,0.0
2007-01-11 00:00:00-05:00,22.492481484781646,22.930435779424894,22.492481484781646,22.812776565551758,39300,0.0,0.0
2007-01-12 00:00:00-05:00,22.727795044062024,22.9696489347634,22.727795044062024,22.85198974609375,42000,0.0,0.0
2007-01-16 00:00:00-05:00,22.943505984607185,22.96965302975501,22.387894989573013,22.50555419921875,53500,0.0,0.0
2007-01-17 00:00:00-05:00,22.52516002112312,22.54477154894441,22.270232601118348,22.283306121826172,28300,0.0,0.0
2007-01-18 00:00:00-05:00,22.224475308133233,22.59052638734579,22.139498674946235,22.237548828125,56900,0.0,0.0
2007-01-19 00:00:00-05:00,22.152577900603205,22.5513116357344,22.139504377244194,22.51862907409668,40500,0.0,0.0
2007-01-22 00:00:00-05:00,22.557848877927036,22.597069451007222,22.061067419843717,22.37482452392578,32200,0.0,0.0
2007-01-23 00:00:00-05:00,22.29637527060515,22.62320574365766,22.217936655257763,22.40096092224121,34100,0.0,0.0
2007-01-24 00:00:00-05:00,22.44672359267068,22.60360336303711,22.40750302669923,22.60360336303711,32300,0.0,0.0
2007-01-25 00:00:00-05:00,22.45325988001328,22.636286700662627,21.897648890643534,22.080673217773438,89100,0.0,0.0
2007-01-26 00:00:00-05:00,22.335598959894817,22.335598959894817,22.074136011677613,22.224477767944336,62500,0.0,0.0
2007-01-29 00:00:00-05:00,22.074134887762032,22.512086612824927,22.074134887762032,22.355209350585938,59400,0.0,0.0
2007-01-30 00:00:00-05:00,22.322526795412745,22.374818384986032,22.244085670774123,22.355209350585938,37600,0.0,0.0
2007-01-31 00:00:00-05:00,22.25716043219857,22.374819632195898,22.034915553705765,22.2963809967041,72000,0.0,0.0
2007-02-01 00:00:00-05:00,22.348680888199738,22.570925849221467,22.27678023351875,22.531707763671875,36200,0.0,0.0
2007-02-02 00:00:00-05:00,22.538240785256377,22.701656106344537,22.440193088715432,22.66243553161621,29400,0.0,0.0
2007-02-05 00:00:00-05:00,22.780602258505183,22.780602258505183,22.412960521655876,22.48517608642578,55200,0.15,0.0
2007-02-06 00:00:00-05:00,22.498307270646134,22.813427698038947,22.42609170313547,22.80686378479004,116300,0.0,0.0
2007-02-07 00:00:00-05:00,22.813427964069497,23.279543445167977,22.66243291403849,23.121984481811523,89000,0.0,0.0
2007-02-08 00:00:00-05:00,23.043200473143028,23.049766890246673,22.747776816692088,22.846250534057617,20300,0.0,0.0
2007-02-09 00:00:00-05:00,22.787175101291275,22.951300538501997,22.609919328581046,22.767480850219727,32700,0.0,0.0
2007-02-12 00:00:00-05:00,22.68869920255786,23.246724634723236,22.68869920255786,23.174509048461914,53900,0.0,0.0
2007-02-13 00:00:00-05:00,23.154808884415303,23.535578463315037,23.154808884415303,23.417407989501953,59100,0.0,0.0
2007-02-14 00:00:00-05:00,23.36489631777676,23.56841275256909,23.062906127585816,23.128555297851562,40400,0.0,0.0
2007-02-15 00:00:00-05:00,23.010378965159546,23.259850256880757,22.714952765010043,22.747779846191406,50000,0.0,0.0
2007-02-16 00:00:00-05:00,22.747777285098916,22.97098788848641,22.655864974235737,22.918466567993164,39700,0.0,0.0
2007-02-20 00:00:00-05:00,22.833120775339665,23.542143579007462,22.780601958968575,23.476491928100586,72500,0.0,0.0
2007-02-21 00:00:00-05:00,23.41740749541972,23.463364904803644,23.167938726504108,23.292673110961914,38500,0.0,0.0
2007-02-22 00:00:00-05:00,23.384580864100457,23.384580864100457,22.990680997251715,23.305801391601562,55400,0.0,0.0
2007-02-23 00:00:00-05:00,23.22703243131403,23.22703243131403,22.898781558927165,22.94473648071289,23600,0.0,0.0
2007-02-26 00:00:00-05:00,23.128549559874568,23.128549559874568,22.419529180355617,22.623043060302734,34100,0.0,0.0
2007-02-27 00:00:00-05:00,22.34074257554358,22.504867930942765,21.8418025970459,21.8418025970459,97300,0.0,0.0
2007-02-28 00:00:00-05:00,21.868066306540946,22.36044244144728,21.6645499358787,22.137231826782227,61600,0.0,0.0
2007-03-01 00:00:00-05:00,21.82867735756882,22.33418387058246,21.66455196390289,22.17662239074707,30200,0.0,0.0
2007-03-02 00:00:00-05:00,22.1569353230707,22.373582114986956,22.124110734574305,22.216020584106445,68200,0.0,0.0
2007-03-05 00:00:00-05:00,21.973108557686604,22.222577353517153,21.3363012273536,21.388822555541992,60400,0.0,0.0
2007-03-06 00:00:00-05:00,21.38225943823077,21.979675864648737,21.38225943823077,21.874635696411133,77300,0.0,0.0
2007-03-07 00:00:00-05:00,21.854942168492194,22.130671680079292,21.664556074669537,21.756465911865234,53700,0.0,0.0
2007-03-08 00:00:00-05:00,21.88776262503928,22.124103592891153,21.67111590305681,21.78272247314453,49100,0.0,0.0
2007-03-09 00:00:00-05:00,22.202880149507337,22.202880149507337,21.717070450263584,21.92715072631836,64700,0.0,0.0
2007-03-12 00:00:00-04:00,22.137233899054294,22.321053538566613,21.96654208720306,22.17662239074707,69400,0.0,0.0
2007-03-13 00:00:00-04:00,21.979677897408322,22.13067299669225,21.244396651743642,21.316612243652344,79000,0.0,0.0
2007-03-14 00:00:00-04:00,21.356000345073742,21.953416815550785,21.270656923830835,21.900897979736328,42000,0.0,0.0
2007-03-15 00:00:00-04:00,21.959981190248172,22.143800855013748,21.657991025460408,21.96654510498047,79900,0.0,0.0
2007-03-16 00:00:00-04:00,21.959979242634226,22.019064487405096,21.60546777400902,21.802417755126953,121000,0.0,0.0
2007-03-19 00:00:00-04:00,21.90089697695503,22.301363412169774,21.90089697695503,22.09784698486328,84400,0.0,0.0
2007-03-20 00:00:00-04:00,22.045322478966163,22.209447860717773,21.900891341631283,22.209447860717773,26000,0.0,0.0
2007-03-21 00:00:00-04:00,22.1963160520958,22.85281753540039,22.124100488235587,22.85281753540039,34900,0.0,0.0
2007-03-22 00:00:00-04:00,22.872516649100863,22.92503547668457,22.675566663040794,22.92503547668457,40100,0.0,0.0
2007-03-23 00:00:00-04:00,22.872514695490572,22.91190569108006,22.655867976280483,22.760908126831055,29900,0.0,0.0
2007-03-26 00:00:00-04:00,22.695254271480806,22.872509958390175,22.288224085441264,22.728078842163086,27900,0.0,0.0
2007-03-27 00:00:00-04:00,22.60991466215993,22.60991466215993,22.11097453793111,22.117538452148438,29900,0.0,0.0
2007-03-28 00:00:00-04:00,22.051886033440528,22.1372319317817,21.763026267826344,22.012495040893555,62800,0.0,0.0
2007-03-29 00:00:00-04:00,22.202883054778763,22.33418387058246,21.907456845309135,22.17662239074707,26400,0.0,0.0
2007-03-30 00:00:00-04:00,22.110974248757834,22.22257831947716,21.776157027890104,22.143798828125,78100,0.0,0.0
2007-04-02 00:00:00-04:00,22.1175354456696,22.216011676027797,21.828675676629217,21.9337158203125,30000,0.0,0.0
2007-04-03 00:00:00-04:00,22.05845099531158,22.33418294753917,22.005932173773495,22.091278076171875,65800,0.0,0.0
2007-04-04 00:00:00-04:00,22.11096572500936,22.28822139048606,21.835233855038744,21.88119125366211,37000,0.0,0.0
2007-04-05 00:00:00-04:00,21.999358844752074,21.999358844752074,21.756454049693417,21.79584503173828,22700,0.0,0.0
2007-04-09 00:00:00-04:00,21.776157030108465,21.959979182422078,21.585773468017578,21.585773468017578,36600,0.0,0.0
2007-04-10 00:00:00-04:00,21.559515036721653,21.979675706651822,21.546384702741943,21.776159286499023,20100,0.0,0.0
2007-04-11 00:00:00-04:00,21.8286719484924,21.8286719484924,21.454466344009433,21.526681900024414,25100,0.0,0.0
2007-04-12 00:00:00-04:00,21.40852138509813,21.763032913208008,21.40852138509813,21.763032913208008,19600,0.0,0.0
2007-04-13 00:00:00-04:00,21.81554417096489,21.940278552261653,21.53324833044983,21.92715072631836,40900,0.0,0.0
2007-04-16 00:00:00-04:00,21.999361932276393,22.386697878173436,21.999361932276393,22.321048736572266,36600,0.0,0.0
2007-04-17 00:00:00-04:00,22.268527528880647,22.439219304846507,22.065013686307662,22.255399703979492,37600,0.0,0.0
2007-04-18 00:00:00-04:00,22.110966250794956,22.3932620390795,22.005926132202145,22.00592613220215,34400,0.0,0.0
2007-04-19 00:00:00-04:00,22.18975121822513,22.18975121822513,21.671114408360918,21.690811157226562,33000,0.0,0.0
2007-04-20 00:00:00-04:00,21.992800090280785,21.992800090280785,21.631724768773932,21.736764907836914,100600,0.0,0.0
2007-04-23 00:00:00-04:00,21.671110259309824,21.841802026907736,21.552942310512805,21.60546112060547,28300,0.0,0.0
2007-04-24 00:00:00-04:00,21.664552544219355,21.920587764499718,21.506991060163454,21.677682876586914,76000,0.0,0.0
2007-04-25 00:00:00-04:00,21.657986062517324,21.99936464618193,21.6185950700847,21.848369598388672,44300,0.0,0.0
2007-04-26 00:00:00-04:00,21.42164862211917,21.59890436054072,20.430331022867414,20.81110191345215,190300,0.0,0.0
2007-04-27 00:00:00-04:00,20.81109782345849,20.942397370717377,19.865735323179273,19.983905792236328,331400,0.0,0.0
2007-04-30 00:00:00-04:00,20.233379061436686,20.233379061436686,19.852608184468775,19.924823760986328,197400,0.0,0.0
2007-05-01 00:00:00-04:00,19.977344512939453,20.075819505582785,19.622833036810498,19.977344512939453,80800,0.0,0.0
2007-05-02 00:00:00-04:00,19.931383502373762,20.325283352443893,19.898557680083194,20.06924819946289,49800,0.0,0.0
2007-05-03 00:00:00-04:00,20.03642377013897,20.102074163004325,19.970773377273613,20.05611801147461,144000,0.0,0.0
2007-05-04 00:00:00-04:00,20.02986733389351,20.312163269704463,20.003606664433125,20.180862426757812,240300,0.0,0.0
2007-05-07 00:00:00-04:00,20.306284870421237,20.34589365580594,20.13464512156675,20.141246795654297,53100,0.17,0.0
2007-05-08 00:00:00-04:00,20.154452584187002,20.36570114400476,19.91019564993476,20.253475189208984,90900,0.0,0.0
2007-05-09 00:00:00-04:00,20.161052156915147,20.339292323713618,20.055426628878926,20.2204647064209,42700,0.0,0.0
2007-05-10 00:00:00-04:00,20.167657876661043,20.207267932270963,20.068635255918114,20.081838607788086,117200,0.0,0.0
2007-05-11 00:00:00-04:00,20.167657937631397,20.425118263310484,20.068635316589106,20.22707176208496,67500,0.0,0.0
2007-05-14 00:00:00-04:00,20.174254931040462,20.180856605463124,20.068630658559147,20.121442794799805,114000,0.0,0.0
2007-05-15 00:00:00-04:00,20.27988068626232,20.378904550701634,19.996016220177268,20.068632125854492,92400,0.0,0.0
2007-05-16 00:00:00-04:00,20.17424997433043,20.266672134399414,20.002610258934133,20.266672134399414,76400,0.0,0.0
2007-05-17 00:00:00-04:00,20.253475448212043,20.253475448212043,20.08183567637999,20.101640701293945,51800,0.0,0.0
2007-05-18 00:00:00-04:00,20.114840476543755,20.114840476543755,19.910193612554103,19.94980239868164,219800,0.0,0.0
2007-05-21 00:00:00-04:00,19.857388048485085,20.128050485005424,19.804575896460165,19.969614028930664,53000,0.0,0.0
2007-05-22 00:00:00-04:00,19.910195461912828,20.134647369384766,19.837578297983455,20.134647369384766,162200,0.0,0.0
2007-05-23 00:00:00-04:00,20.2468744613315,20.279881578169093,20.015820866045953,20.088438034057617,45100,0.0,0.0
2007-05-24 00:00:00-04:00,20.029017512854907,20.220460992891493,19.81116734087376,20.009212493896484,127800,0.0,0.0
2007-05-25 00:00:00-04:00,20.253479900647157,20.596759519776334,19.94320740448996,20.029027938842773,76600,0.0,0.0
2007-05-29 00:00:00-04:00,20.06203074531379,20.220467167944353,19.963008138562284,20.161054611206055,42500,0.0,0.0
2007-05-30 00:00:00-04:00,19.976205388106155,20.200657233073446,19.936596609329687,20.009212493896484,114100,0.0,0.0
2007-05-31 00:00:00-04:00,20.32609708215476,20.32609708215476,19.93660698720839,20.029027938842773,95700,0.0,0.0
2007-06-01 00:00:00-04:00,20.16105686067531,20.24027445125891,20.06863465947324,20.154455184936523,60400,0.0,0.0
2007-06-04 00:00:00-04:00,19.98941483857109,20.20726507708071,19.98941483857109,20.161054611206055,58500,0.0,0.0
2007-06-05 00:00:00-04:00,20.02241548457139,20.062024262645004,19.619722253545206,19.74515151977539,85000,0.0,0.0
2007-06-06 00:00:00-04:00,19.613126754760742,19.646135129496535,19.487698708186976,19.613126754760742,33700,0.0,0.0
2007-06-07 00:00:00-04:00,19.507505896871617,19.639536900700783,19.36227279997231,19.38867950439453,90000,0.0,0.0
2007-06-08 00:00:00-04:00,19.382076605498632,19.514106341857243,19.236842258621003,19.37547492980957,92000,0.0,0.0
2007-06-11 00:00:00-04:00,19.36227189768717,19.52070833941442,19.184030428566167,19.454692840576172,144200,0.0,0.0
2007-06-12 00:00:00-04:00,19.309463349380344,19.6791484489799,19.151026878123393,19.190635681152344,38100,0.0,0.0
2007-06-13 00:00:00-04:00,19.269845054258273,19.619724950426164,19.164220792116208,19.520702362060547,57800,0.0,0.0
2007-06-14 00:00:00-04:00,19.56691408544776,19.632929568343265,19.28304839039551,19.349063873291016,94400,0.0,0.0
2007-06-15 00:00:00-04:00,19.626331528840055,20.09504041097419,19.586722735423642,19.989416122436523,123800,0.0,0.0
2007-06-18 00:00:00-04:00,19.963006930913018,20.12804501856191,19.540509829456873,19.632930755615234,151900,0.0,0.0
2007-06-19 00:00:00-04:00,19.606529187608697,19.93660542807927,19.53391201178007,19.778167724609375,66500,0.0,0.0
2007-06-20 00:00:00-04:00,19.863985802026598,20.029023901904424,19.230238843742534,19.250043869018555,40400,0.0,0.0
2007-06-21 00:00:00-04:00,19.17081956848317,19.33585761052945,18.85394557080766,18.900156021118164,54000,0.0,0.0
2007-06-22 00:00:00-04:00,18.919962368301853,19.025586621898785,18.715315534350346,18.88695526123047,182500,0.0,0.0
2007-06-25 00:00:00-04:00,18.88695951353283,19.210434020394626,18.84734946516066,18.93977165222168,125200,0.0,0.0
2007-06-26 00:00:00-04:00,19.111412036753357,19.28965222363838,18.919967240842546,19.19723129272461,46600,0.0,0.0
2007-06-27 00:00:00-04:00,19.078404033382917,19.467894048587347,19.04539691716862,19.434886932373047,59900,0.0,0.0
2007-06-28 00:00:00-04:00,19.47449356743943,19.91019400075937,19.329260509379665,19.586719512939453,54100,0.0,0.0
2007-06-29 00:00:00-04:00,19.68573472441898,19.85737441544636,19.256636126420627,19.3094482421875,63800,0.0,0.0
2007-07-02 00:00:00-04:00,19.441483453890765,19.580114816211307,19.11140734268135,19.36226463317871,40100,0.0,0.0
2007-07-03 00:00:00-04:00,19.34246819607331,19.6857478062487,19.34246819607331,19.441492080688477,13300,0.0,0.0
2007-07-05 00:00:00-04:00,19.4018760077793,19.540508647773922,19.078401526645987,19.349063873291016,34500,0.0,0.0
2007-07-06 00:00:00-04:00,19.29625173880273,19.41507935618652,19.210432492437,19.349063873291016,25500,0.0,0.0
2007-07-09 00:00:00-04:00,19.34246426845633,19.34246426845633,19.118012358082808,19.1378173828125,119900,0.0,0.0
2007-07-10 00:00:00-04:00,19.21703229728904,19.21703229728904,18.807737350463867,18.807737350463867,71400,0.0,0.0
2007-07-11 00:00:00-04:00,18.781333718877235,18.860551290940446,18.66250610164181,18.74832534790039,106200,0.0,0.0
2007-07-12 00:00:00-04:00,18.867155111881544,19.111412048339844,18.7153203655338,19.111412048339844,38100,0.0,0.0
2007-07-13 00:00:00-04:00,19.01238530103882,19.091604129246893,18.886957273491824,19.032190322875977,96000,0.0,0.0
2007-07-16 00:00:00-04:00,18.939769882057416,18.972776993475243,18.70871632471085,18.7285213470459,49900,0.0,0.0
2007-07-17 00:00:00-04:00,19.223633623511933,19.223633623511933,18.669105645776174,18.81433868408203,52000,0.0,0.0
2007-07-18 00:00:00-04:00,18.695512907542316,18.75492671518777,18.094774416140993,18.570083618164062,90800,0.0,0.0
2007-07-19 00:00:00-04:00,18.70871975463763,18.90016330241203,18.570087091157504,18.576688766479492,87100,0.0,0.0
2007-07-20 00:00:00-04:00,18.537076825152194,18.563483521954954,17.612863842445954,17.876924514770508,185600,0.0,0.0
2007-07-23 00:00:00-04:00,17.883527414702304,18.101377641694018,17.830715276617664,17.89012908935547,116100,0.0,0.0
2007-07-24 00:00:00-04:00,17.85712652678275,17.96275083732208,17.150763477873056,17.3158016204834,173900,0.0,0.0
2007-07-25 00:00:00-04:00,17.441228369552245,17.678883662519244,16.82728636881477,16.998926162719727,172600,0.0,0.0
2007-07-26 00:00:00-04:00,16.899903462863808,17.606266403425018,16.668849846822248,17.18376922607422,309600,0.0,0.0
2007-07-27 00:00:00-04:00,17.084739896883892,17.82411098046578,16.84048426634434,17.203567504882812,153000,0.0,0.0
2007-07-30 00:00:00-04:00,17.22997714492508,18.088174724066725,16.734862866387815,17.097946166992188,65800,0.0,0.0
2007-07-31 00:00:00-04:00,17.26958983057038,17.434627960647802,16.754670411438052,16.767873764038086,74200,0.0,0.0
2007-08-01 00:00:00-04:00,16.75466267842847,17.097942132744873,16.57642253715764,16.979114532470703,58700,0.0,0.0
2007-08-02 00:00:00-04:00,17.09134953870682,17.553456838776633,16.93951475065057,17.50064468383789,129700,0.0,0.0
2007-08-03 00:00:00-04:00,17.362010131969793,17.474236106596134,16.92630958557129,16.92630958557129,414800,0.0,0.0
2007-08-06 00:00:00-04:00,16.93959637605988,17.743712837422468,16.42124027863082,17.62409210205078,160400,0.17,0.0
2007-08-07 00:00:00-04:00,17.511116593861512,17.68390195463829,17.09908976931,17.464597702026367,149700,0.0,0.0
2007-08-08 00:00:00-04:00,17.418071799013255,18.022820996087468,17.318388311159463,17.54433822631836,199900,0.0,0.0
2007-08-09 00:00:00-04:00,17.364923700996354,17.963027731980524,17.145619312150664,17.511127471923828,108900,0.0,0.0
2007-08-10 00:00:00-04:00,17.305108684983974,18.527895493530455,17.04592993711401,18.135807037353516,128900,0.0,0.0
2007-08-13 00:00:00-04:00,18.321877130975057,18.700675262598658,17.55763513080792,17.650672912597656,59000,0.0,0.0
2007-08-14 00:00:00-04:00,17.650679129410058,17.763654161750978,17.298463821411133,17.298463821411133,25700,0.0,0.0
2007-08-15 00:00:00-04:00,17.331686998725758,17.464599216245443,16.806686401367188,16.806686401367188,113800,0.0,0.0
2007-08-16 00:00:00-04:00,16.78674872573179,19.29878044128418,16.62060909218442,19.29878044128418,99800,0.0,0.0
2007-08-17 00:00:00-04:00,20.41523322999912,22.202895649240617,20.202574748573795,21.75764274597168,646000,0.0,0.0
2007-08-20 00:00:00-04:00,21.764294083386535,21.764294083386535,20.50163300076012,21.199419021606445,100400,0.0,0.0
2007-08-21 00:00:00-04:00,21.13295606651399,22.06333881649126,20.714284843059836,21.33232307434082,161400,0.0,0.0
2007-08-22 00:00:00-04:00,21.418720451588534,21.92378633833167,21.332327135550187,21.558277130126953,340800,0.0,0.0
2007-08-23 00:00:00-04:00,21.704481821699527,21.777583666736447,20.833910488943214,20.867137908935547,120800,0.0,0.0
2007-08-24 00:00:00-04:00,21.179481207781052,21.458595845022717,20.362073241008787,21.412076950073242,104200,0.0,0.0
2007-08-27 00:00:00-04:00,21.38549647756957,21.38549647756957,20.561443945377103,21.026634216308594,141900,0.0,0.0
2007-08-28 00:00:00-04:00,20.847201396565232,21.006695289768206,20.720934922450247,20.91365623474121,113700,0.0,0.0
2007-08-29 00:00:00-04:00,20.99340112257967,21.305744399143865,20.820615776884384,21.27916145324707,48900,0.0,0.0
2007-08-30 00:00:00-04:00,21.073141343460716,21.41871193511942,20.647824472215706,20.72092628479004,66600,0.0,0.0
2007-08-31 00:00:00-04:00,20.860489517914846,21.491820557820656,20.26903289798148,20.275678634643555,184900,0.0,0.0
2007-09-04 00:00:00-04:00,20.295621434668007,20.701001342351358,20.282329957682975,20.521570205688477,77900,0.0,0.0
2007-09-05 00:00:00-04:00,20.368716412823275,20.43517251189936,20.14941217315346,20.275678634643555,70200,0.0,0.0
2007-09-06 00:00:00-04:00,20.382007033234988,20.787388079845197,20.209221689885467,20.59466552734375,47900,0.0,0.0
2007-09-07 00:00:00-04:00,20.3089091774435,20.36871954906672,19.817135996631883,19.850364685058594,66700,0.0,0.0
2007-09-10 00:00:00-04:00,19.96998191735723,20.302261159027367,19.770614879373035,19.996564865112305,113100,0.0,0.0
2007-09-11 00:00:00-04:00,20.142771984430176,20.554798898151052,19.923467684357213,20.521570205688477,83700,0.0,0.0
2007-09-12 00:00:00-04:00,20.40194616004435,20.66776930266604,19.96998212729628,20.13612174987793,87200,0.0,0.0
2007-09-13 00:00:00-04:00,20.089605363403955,20.362074277009363,19.837073663310488,20.17599868774414,67300,0.0,0.0
2007-09-14 00:00:00-04:00,19.943398081946636,20.2092211930474,19.74402979796263,20.063018798828125,56600,0.0,0.0
2007-09-17 00:00:00-04:00,20.04308889334575,20.21587429540589,19.94340534880395,20.169355392456055,331900,0.0,0.0
2007-09-18 00:00:00-04:00,20.302267581542974,21.684550881011717,19.98327971284024,21.618093490600586,153400,0.0,0.0
2007-09-19 00:00:00-04:00,21.7642914395363,22.13644512182168,21.4652395997614,22.036760330200195,113400,0.0,0.0
2007-09-20 00:00:00-04:00,21.910501604250122,22.143096140033755,21.1329665908914,21.40543556213379,120100,0.0,0.0
2007-09-21 00:00:00-04:00,21.578219744016387,21.93707948115165,21.166192831559034,21.45195198059082,163800,0.0,0.0
2007-09-24 00:00:00-04:00,21.405430446396714,21.405430446396714,20.946885956116105,21.192771911621094,64900,0.0,0.0
2007-09-25 00:00:00-04:00,21.013342211053477,21.07315131527274,20.488340340578382,20.65447998046875,46100,0.0,0.0
2007-09-26 00:00:00-04:00,20.84055626252654,21.21935442829207,20.53485867437965,20.95353126525879,34900,0.0,0.0
2007-09-27 00:00:00-04:00,20.8937213224222,21.192771911621094,20.694352995411418,21.192771911621094,46400,0.0,0.0
2007-09-28 00:00:00-04:00,21.126311923206796,21.35226187824443,20.91365217269614,21.14624786376953,86000,0.0,0.0
2007-10-01 00:00:00-04:00,21.179482528579676,21.704483148307265,20.61460748137032,21.45859718322754,175900,0.0,0.0
2007-10-02 00:00:00-04:00,21.43865929212249,21.970308199489168,21.259229433694653,21.963661193847656,48500,0.0,0.0
2007-10-03 00:00:00-04:00,21.751006411378476,21.996892425805193,21.425374061073693,21.49182891845703,62600,0.0,0.0
2007-10-04 00:00:00-04:00,21.49182346616176,21.870621634347543,21.27251792927017,21.804166793823242,42700,0.0,0.0
2007-10-05 00:00:00-04:00,21.996885892781027,22.594989571956884,21.86397621748822,22.455432891845703,229600,0.0,0.0
2007-10-08 00:00:00-04:00,22.335815397245423,22.515246527036112,21.57157197796174,21.697839736938477,62000,0.0,0.0
2007-10-09 00:00:00-04:00,21.737711150636542,22.29594047483466,21.47853370281061,22.21619415283203,49200,0.0,0.0
2007-10-10 00:00:00-04:00,22.083282159446195,22.189611434936523,21.591510210962134,22.189611434936523,70400,0.0,0.0
2007-10-11 00:00:00-04:00,22.282650508784567,22.395626796443924,21.59151144610573,21.76429557800293,52800,0.0,0.0
2007-10-12 00:00:00-04:00,21.7443541704736,22.136443773159407,21.458593822664145,21.9902400970459,41600,0.0,0.0
2007-10-15 00:00:00-04:00,21.957015574009667,21.957015574009667,21.02663256990648,21.33897590637207,73800,0.0,0.0
2007-10-16 00:00:00-04:00,21.312391056810014,21.511758101332028,20.70764291854251,20.92030143737793,64000,0.0,0.0
2007-10-17 00:00:00-04:00,21.199420551338566,21.199420551338566,20.488343003011387,20.833913803100586,72200,0.0,0.0
2007-10-18 00:00:00-04:00,20.66777043478219,20.66777043478219,19.936755801871286,20.082958221435547,105200,0.0,0.0
2007-10-19 00:00:00-04:00,20.029795397490002,20.096251509668875,19.245616062378133,19.4848575592041,120500,0.0,0.0
2007-10-22 00:00:00-04:00,19.265551606244582,20.229161980444545,19.192449762430225,20.129478454589844,69200,0.0,0.0
2007-10-23 00:00:00-04:00,20.249094909529795,20.249094909529795,19.504790177617092,20.01650047302246,72200,0.0,0.0
2007-10-24 00:00:00-04:00,19.744035496217535,19.75068123435613,19.19245190616368,19.644351959228516,66100,0.0,0.0
2007-10-25 00:00:00-04:00,19.278847516943408,20.20922941823526,19.278847516943408,20.056381225585938,78300,0.0,0.0
2007-10-26 00:00:00-04:00,20.129488311997047,20.920312436249603,20.10955109004493,20.368728637695312,98700,0.0,0.0
2007-10-29 00:00:00-04:00,20.435174701469517,20.92030212187902,19.777261911966608,20.209224700927734,96500,0.0,0.0
2007-10-30 00:00:00-04:00,20.076312484062882,20.74751674816459,19.969983221189818,20.082958221435547,47100,0.0,0.0
2007-10-31 00:00:00-04:00,20.20922995222315,20.714294715994345,20.056381755535128,20.647838592529297,77900,0.0,0.0
2007-11-01 00:00:00-04:00,20.37536252511688,20.780743596164235,18.78042245561052,18.88010597229004,128500,0.0,0.0
2007-11-02 00:00:00-04:00,19.13264712778512,19.219039208047754,18.607645103931066,18.913341522216797,76000,0.0,0.0
2007-11-05 00:00:00-05:00,18.77294430932848,19.200817277010763,18.498838030011765,18.739517211914062,44800,0.17,0.0
2007-11-06 00:00:00-05:00,18.786307322133194,19.60194012363959,18.732823224905914,19.581884384155273,83300,0.0,0.0
2007-11-07 00:00:00-05:00,19.301096939590092,19.301096939590092,18.177929367503534,18.191299438476562,80400,0.0,0.0
2007-11-08 00:00:00-05:00,18.35175360811504,19.187443639902394,18.218042692964346,19.020305633544922,46100,0.0,0.0
2007-11-09 00:00:00-05:00,18.652598419438647,19.79582287224832,18.61917133331248,19.548458099365234,55700,0.0,0.0
2007-11-12 00:00:00-05:00,19.568516322643955,20.35740784541236,19.220868994786407,19.662113189697266,68600,0.0,0.0
2007-11-13 00:00:00-05:00,19.869362879039237,20.31729272266095,19.49497415568965,20.303922653198242,106000,0.0,0.0
2007-11-14 00:00:00-05:00,20.377469260320865,20.678318238392958,20.19695987347761,20.471067428588867,179200,0.0,0.0
2007-11-15 00:00:00-05:00,20.163527920452673,20.55128802372439,19.62868683840952,19.91616439819336,42400,0.0,0.0
2007-11-16 00:00:00-05:00,20.25712483010252,20.885564059086985,20.25712483010252,20.457691192626953,435300,0.0,0.0
2007-11-19 00:00:00-05:00,20.257121202298602,20.72510802254981,20.257121202298602,20.71173667907715,258700,0.0,0.0
2007-11-20 00:00:00-05:00,20.67162157276178,20.791961100006095,19.96295702640914,20.143465042114258,1136400,0.0,0.0
2007-11-21 00:00:00-05:00,19.876052173369732,20.3507247927398,19.722285507653986,19.835939407348633,239700,0.0,0.0
2007-11-23 00:00:00-05:00,20.029820598356018,20.57803439955066,19.969652081620534,20.277185440063477,43000,0.0,0.0
2007-11-26 00:00:00-05:00,20.156839275523733,20.357405608088875,18.986873465292454,19.327835083007812,202100,0.0,0.0
2007-11-27 00:00:00-05:00,19.428124678620705,20.12341951083242,19.428124678620705,19.775772094726562,116900,0.0,0.0
2007-11-28 00:00:00-05:00,20.036504758214804,21.019277101491944,19.949593551576793,20.791969299316406,100700,0.0,0.0
2007-11-29 00:00:00-05:00,20.698370034414722,20.75853981853956,20.24375572959407,20.390836715698242,41000,0.0,0.0
2007-11-30 00:00:00-05:00,20.464375777364513,20.81870749787444,20.350721893859415,20.598085403442383,99200,0.0,0.0
2007-12-03 00:00:00-05:00,20.557971014492754,20.664939216945484,20.029814399116045,20.183582305908203,74000,0.0,0.0
2007-12-04 00:00:00-05:00,19.956277207853734,20.009761316184807,19.588572847311077,19.782453536987305,51000,0.0,0.0
2007-12-05 00:00:00-05:00,20.12341350134982,20.2638087956419,19.782451861432687,20.116727828979492,42000,0.0,0.0
2007-12-06 00:00:00-05:00,19.976331560083423,20.992530822753906,19.749025071880308,20.992530822753906,112200,0.0,0.0
2007-12-07 00:00:00-05:00,21.019277459133644,21.046018878876552,20.63820298287359,20.918994903564453,58900,0.0,0.0
2007-12-10 00:00:00-05:00,20.932363483844995,21.440463174362865,20.765225478088926,20.912307739257812,67600,0.0,0.0
2007-12-11 00:00:00-05:00,21.059383846338108,21.333490010261652,19.488286701182172,19.59525489807129,108700,0.0,0.0
2007-12-12 00:00:00-05:00,20.257123932112066,20.758537903453075,19.588571970324054,20.083301544189453,90200,0.0,0.0
2007-12-13 00:00:00-05:00,19.896111813571242,20.183589437423684,19.581892767237786,20.110048294067383,57800,0.0,0.0
2007-12-14 00:00:00-05:00,19.74902898392191,20.210328999338607,19.515035501734978,19.58857536315918,65400,0.0,0.0
2007-12-17 00:00:00-05:00,19.461548455765904,19.876049967356657,19.267667770385742,19.267667770385742,65600,0.0,0.0
2007-12-18 00:00:00-05:00,19.521712943287554,20.27717591131046,19.281033888798923,20.143465042114258,107000,0.0,0.0
2007-12-19 00:00:00-05:00,19.996391028202336,20.270497257295652,19.53508977246601,19.94959259033203,84800,0.0,0.0
2007-12-20 00:00:00-05:00,20.19695900921712,20.223701706195627,19.52172248761561,20.03650665283203,87400,0.0,0.0
2007-12-21 00:00:00-05:00,20.59140097244263,20.73179755472565,20.00976144985199,20.404207229614258,364500,0.0,0.0
2007-12-24 00:00:00-05:00,20.551291042013943,21.03264808654785,20.36409599822536,21.03264808654785,42400,0.0,0.0
2007-12-26 00:00:00-05:00,20.805338552418405,21.25995283584927,20.52454666476779,21.152984619140625,70200,0.0,0.0
2007-12-27 00:00:00-05:00,20.885567399018154,21.005906980744665,20.15015983581543,20.15015983581543,69000,0.0,0.0
2007-12-28 00:00:00-05:00,20.143473674089662,20.61146064165899,19.82925465453774,19.902795791625977,41900,0.0,0.0
2007-12-31 00:00:00-05:00,19.802509194823095,20.270494791766165,19.44817620450601,19.876049041748047,48800,0.0,0.0
2008-01-02 00:00:00-05:00,19.662110720062195,19.98970098876389,19.314463435870454,19.41474723815918,83200,0.0,0.0
2008-01-03 00:00:00-05:00,19.41475769842448,19.769089570191323,19.013626098632812,19.013626098632812,86400,0.0,0.0
2008-01-04 00:00:00-05:00,18.786315475310214,18.9668248599781,18.298272716907714,18.55900764465332,85400,0.0,0.0
2008-01-07 00:00:00-05:00,18.585740775957774,19.38131782833991,18.49882959720209,18.69270896911621,123800,0.0,0.0
2008-01-08 00:00:00-05:00,19.047049764383825,19.321156031838587,17.723316871529807,17.763429641723633,125100,0.0,0.0
2008-01-09 00:00:00-05:00,17.723316416442678,17.910511464477157,16.947796078411464,17.536121368408203,169100,0.0,0.0
2008-01-10 00:00:00-05:00,17.295442898772162,18.224729883430225,17.22190176180087,17.9639949798584,128800,0.0,0.0
2008-01-11 00:00:00-05:00,17.63640159943199,17.963993209013566,17.021333694458008,17.021333694458008,102900,0.0,0.0
2008-01-14 00:00:00-05:00,16.907685234287346,17.054766254742088,16.47312529741445,16.526609420776367,147100,0.0,0.0
2008-01-15 00:00:00-05:00,16.96785024191638,16.96785024191638,16.112104445418524,16.49986457824707,118500,0.0,0.0
2008-01-16 00:00:00-05:00,16.45306313112556,17.014646844978476,16.37952201199957,16.620201110839844,197100,0.0,0.0
2008-01-17 00:00:00-05:00,16.626891058476645,16.98790852440728,16.04525017843706,16.071992874145508,115500,0.0,0.0
2008-01-18 00:00:00-05:00,16.065306790721436,16.392897153828308,15.089220099995632,15.797884941101074,122000,0.0,0.0
2008-01-22 00:00:00-05:00,15.129326350774589,16.37283308034777,14.89533424588616,15.851362228393555,142100,0.0,0.0
2008-01-23 00:00:00-05:00,15.376695948916048,17.382351942252924,15.109275404836811,17.007963180541992,247800,0.0,0.0
2008-01-24 00:00:00-05:00,16.633572937965603,18.5122049466083,16.61351719438377,18.19798469543457,241300,0.0,0.0
2008-01-25 00:00:00-05:00,17.576235196396624,17.803541735635193,16.406269029696052,16.560035705566406,268500,0.0,0.0
2008-01-28 00:00:00-05:00,16.493178672044174,17.041391133979,15.985078974963603,16.8408260345459,189300,0.0,0.0
2008-01-29 00:00:00-05:00,16.847513337614696,16.847513337614696,16.078677406704106,16.192331314086914,238100,0.0,0.0
2008-01-30 00:00:00-05:00,16.045246052571006,16.947791398060442,16.045246052571006,16.620201110839844,259800,0.0,0.0
2008-01-31 00:00:00-05:00,16.319355585061388,17.368982108962843,16.31266991148192,17.188472747802734,126200,0.0,0.0
2008-02-01 00:00:00-05:00,17.288755246662568,17.368980773122384,16.593460549814807,16.97453498840332,130700,0.0,0.0
2008-02-04 00:00:00-05:00,16.967803803594535,17.048571386709327,16.395705117913717,16.429357528686523,138700,0.17,0.0
2008-02-05 00:00:00-05:00,16.065908214960643,16.476473059080053,15.998602102951084,16.13321304321289,129600,0.0,0.0
2008-02-06 00:00:00-05:00,16.25435990361759,16.624542789325332,15.991867541643686,16.247629165649414,192900,0.0,0.0
2008-02-07 00:00:00-05:00,16.166867512056648,16.557241439819336,16.02552454172053,16.557241439819336,212200,0.0,0.0
2008-02-08 00:00:00-05:00,16.48320144297299,16.66492753430036,16.16013369200686,16.35531997680664,97700,0.0,0.0
2008-02-11 00:00:00-05:00,16.395704495360402,16.516855223553844,16.153403038973515,16.227439880371094,105900,0.0,0.0
2008-02-12 00:00:00-05:00,16.341864575981894,16.67166316228422,16.23417529407736,16.436092376708984,55200,0.0,0.0
2008-02-13 00:00:00-05:00,16.651469339331484,16.806272506713867,16.267826148967593,16.806272506713867,92300,0.0,0.0
2008-02-14 00:00:00-05:00,16.85338621136404,16.85338621136404,16.27455546462569,16.29474639892578,106400,0.0,0.0
2008-02-15 00:00:00-05:00,16.146674816237272,16.335131676542506,15.877451647056466,16.139944076538086,64500,0.0,0.0
2008-02-19 00:00:00-05:00,16.38897660841091,16.55724125267846,16.012064164703656,16.14667510986328,83500,0.0,0.0
2008-02-20 00:00:00-05:00,16.005327979927117,16.483198790873498,15.951483363429539,16.382240295410156,41400,0.0,0.0
2008-02-21 00:00:00-05:00,16.530317243469746,16.671660203230925,16.099560192306686,16.166866302490234,92300,0.0,0.0
2008-02-22 00:00:00-05:00,16.22071663213021,16.22071663213021,15.5880410281612,15.662077903747559,120400,0.0,0.0
2008-02-25 00:00:00-05:00,15.635150437239044,16.321670493952418,15.635150437239044,16.14667510986328,87300,0.0,0.0
2008-02-26 00:00:00-05:00,16.00532861437132,16.79280696421176,16.00532861437132,16.584157943725586,131300,0.0,0.0
2008-02-27 00:00:00-05:00,16.328395878296202,16.792806503606734,16.099555934447938,16.21397590637207,118700,0.0,0.0
2008-02-28 00:00:00-05:00,16.052441594034452,16.388970762530953,15.614953931740382,15.843793869018555,50500,0.0,0.0
2008-02-29 00:00:00-05:00,15.66207098821317,15.884180233142933,15.480344892245956,15.54092025756836,95100,0.0,0.0
2008-03-03 00:00:00-05:00,15.520725219231377,15.635145190285737,14.888051293407903,15.217849731445312,70300,0.0,0.0
2008-03-04 00:00:00-05:00,15.02939692521351,15.426501560658052,14.766904509286777,15.339004516601562,82300,0.0,0.0
2008-03-05 00:00:00-05:00,15.58803518232331,15.58803518232331,15.009204445738584,15.231313705444336,109300,0.0,0.0
2008-03-06 00:00:00-05:00,15.042859474992094,15.042859474992094,14.255380887384907,14.275571823120117,95600,0.0,0.0
2008-03-07 00:00:00-05:00,14.329419685020722,14.861135366192286,14.181345956175893,14.625564575195312,47100,0.0,0.0
2008-03-10 00:00:00-04:00,14.706327163557738,15.05631786028824,14.571714962120746,14.793824195861816,85700,0.0,0.0
2008-03-11 00:00:00-04:00,15.251505008652996,16.20724809875536,14.894783553163373,16.19378662109375,143700,0.0,0.0
2008-03-12 00:00:00-04:00,16.21398329829819,16.82646657907595,15.72938152297351,15.742841720581055,166900,0.0,0.0
2008-03-13 00:00:00-04:00,15.493810734114941,15.897646188764268,15.137089180485823,15.742841720581055,112100,0.0,0.0
2008-03-14 00:00:00-04:00,15.911108167647335,15.95149261626364,15.130360133672747,15.258241653442383,51100,0.0,0.0
2008-03-17 00:00:00-04:00,14.807289547390408,15.527462060885025,14.807289547390408,15.143818855285645,98700,0.0,0.0
2008-03-18 00:00:00-04:00,15.520734894333396,15.742844237334744,14.2957681369467,15.662077903747559,149600,0.0,0.0
2008-03-19 00:00:00-04:00,15.763026768239646,15.884177477869624,15.487072944641113,15.487072944641113,122200,0.0,0.0
2008-03-20 00:00:00-04:00,15.614956700144631,15.715915211841322,15.170738221673496,15.567841529846191,482600,0.0,0.0
2008-03-24 00:00:00-04:00,15.655347161989006,15.9784150638532,15.56784880288554,15.662077903747559,249700,0.0,0.0
2008-03-25 00:00:00-04:00,15.682266996965565,15.816879248755878,15.339008194039657,15.736111640930176,94200,0.0,0.0
2008-03-26 00:00:00-04:00,15.662070229987798,15.662070229987798,14.975550312074155,15.278427124023438,196700,0.0,0.0
2008-03-27 00:00:00-04:00,15.345732217822878,15.372655172151429,14.935167434369445,14.995742797851562,201400,0.0,0.0
2008-03-28 00:00:00-04:00,15.056315717841631,15.056315717841631,14.605366576079984,14.753438949584961,177800,0.0,0.0
2008-03-31 00:00:00-04:00,14.83420590163871,15.278424287521979,14.699593724928746,15.063044548034668,102200,0.0,0.0
2008-04-01 00:00:00-04:00,15.23131132513299,15.688991251488186,15.23131132513299,15.682260513305664,63700,0.0,0.0
2008-04-02 00:00:00-04:00,15.655347500926627,16.09956619654664,15.480352062688779,15.998607635498047,80400,0.0,0.0
2008-04-03 00:00:00-04:00,15.823604583740234,16.038983086016703,15.655339968367102,15.823604583740234,166500,0.0,0.0
2008-04-04 00:00:00-04:00,15.709181202527008,15.985135009463514,15.1640043258667,15.1640043258667,303600,0.0,0.0
2008-04-07 00:00:00-04:00,15.298621471035139,15.931296906263215,15.123626083258973,15.305352210998535,257100,0.0,0.0
2008-04-08 00:00:00-04:00,15.150545415212777,15.197659299917435,14.854399346524401,15.157276153564453,237000,0.0,0.0
2008-04-09 00:00:00-04:00,15.204388259692829,15.318808230772573,14.854397608889263,14.908242225646973,489500,0.0,0.0
2008-04-10 00:00:00-04:00,14.87459508939775,15.30535217601139,14.847672129605707,15.130356788635254,97300,0.0,0.0
2008-04-11 00:00:00-04:00,14.807281822314408,15.823599955987708,14.706323339368161,15.345727920532227,365700,0.0,0.0
2008-04-14 00:00:00-04:00,15.312084767798641,15.45342647252855,14.73998464060191,14.881327629089355,417900,0.0,0.0
2008-04-15 00:00:00-04:00,15.009206618624578,15.507271124016066,14.854403445094553,15.143818855285645,222800,0.0,0.0
2008-04-16 00:00:00-04:00,15.325546726968549,15.890916131023923,15.244779119064534,15.641883850097656,226000,0.0,0.0
2008-04-17 00:00:00-04:00,15.56111154003131,15.89091001823986,15.339002308431386,15.635147094726562,82500,0.0,0.0
2008-04-18 00:00:00-04:00,15.964951529364349,16.15340842312014,15.675537373473132,15.870723724365234,203500,0.0,0.0
2008-04-21 00:00:00-04:00,15.769758216912884,15.769758216912884,15.359192189933855,15.365922927856445,63200,0.0,0.0
2008-04-22 00:00:00-04:00,15.23130912704369,15.338999638665776,14.75343833886136,15.063044548034668,77300,0.0,0.0
2008-04-23 00:00:00-04:00,15.12362335103942,15.164007783523987,14.652483192533836,14.787094116210938,322400,0.0,0.0
2008-04-24 00:00:00-04:00,15.433233551652046,17.304335595401774,15.433233551652046,16.745697021484375,429600,0.0,0.0
2008-04-25 00:00:00-04:00,16.745697021484375,16.92742314744431,16.28128752237437,16.745697021484375,155600,0.0,0.0
2008-04-28 00:00:00-04:00,16.698580373933048,17.741821778477824,16.631274269808035,17.593748092651367,213000,0.0,0.0
2008-04-29 00:00:00-04:00,17.755287868839183,18.340849500307854,17.755287868839183,18.1793155670166,273700,0.0,0.0
2008-04-30 00:00:00-04:00,18.26007567344964,18.704295443421803,18.112003272630353,18.226423263549805,185800,0.0,0.0
2008-05-01 00:00:00-04:00,18.192768405779493,19.370620566391676,18.192768405779493,19.323505401611328,220500,0.0,0.0
2008-05-02 00:00:00-04:00,19.485045247459393,19.9023408233758,18.859100599827503,18.879291534423828,182900,0.0,0.0
2008-05-05 00:00:00-04:00,18.825116404394677,19.08921064955017,18.45267755748312,18.513622283935547,145100,0.17,0.0
2008-05-06 00:00:00-04:00,18.47298691479004,18.872512751452344,18.47298691479004,18.716764450073242,101800,0.0,0.0
2008-05-07 00:00:00-04:00,18.703232046285578,19.082442750089708,18.594884839327776,18.831892013549805,126000,0.0,0.0
2008-05-08 00:00:00-04:00,18.852206326277724,18.97409579730387,18.50008147477666,18.72354507446289,90700,0.0,0.0
2008-05-09 00:00:00-04:00,18.615196397494614,18.913148249974817,18.418819950158404,18.513622283935547,69700,0.0,0.0
2008-05-12 00:00:00-04:00,18.58133795929139,19.05535089856617,18.520393235564153,18.94023323059082,116400,0.0,0.0
2008-05-13 00:00:00-04:00,18.994408971615876,18.994408971615876,18.520395962546417,18.75063133239746,69800,0.0,0.0
2008-05-14 00:00:00-04:00,18.770946540275013,18.892836013196465,18.405279413095798,18.452680587768555,64500,0.0,0.0
2008-05-15 00:00:00-04:00,18.425588638497054,18.838658123750506,18.23598398946384,18.581336975097656,48100,0.0,0.0
2008-05-16 00:00:00-04:00,18.703228115493957,18.777715109417212,17.673940844190664,17.89063262939453,103500,0.0,0.0
2008-05-19 00:00:00-04:00,17.856781181786037,18.02607185881949,17.660403376466256,17.83646583557129,114200,0.0,0.0
2008-05-20 00:00:00-04:00,17.728117430691164,17.768746825863285,17.430165519063486,17.6739444732666,74600,0.0,0.0
2008-05-21 00:00:00-04:00,17.721340012814633,18.195354208195422,17.5994505744833,17.741655349731445,94800,0.0,0.0
2008-05-22 00:00:00-04:00,17.75520416705888,18.12087261697007,17.606228849457242,17.951581954956055,139600,0.0,0.0
2008-05-23 00:00:00-04:00,17.80937351558196,17.944806534362083,17.59945349889926,17.850004196166992,63900,0.0,0.0
2008-05-27 00:00:00-04:00,17.904177745203185,18.29693196292195,17.80937411224691,18.249530792236328,49600,0.0,0.0
2008-05-28 00:00:00-04:00,18.290152220641442,18.60841800783157,17.403070049667424,17.707792282104492,130500,0.0,0.0
2008-05-29 00:00:00-04:00,17.68748416524116,18.500078348802184,17.68748416524116,18.161497116088867,91800,0.0,0.0
2008-05-30 00:00:00-04:00,18.16150206910659,18.19536097656289,17.734890167839264,18.100557327270508,85500,0.0,0.0
2008-06-02 00:00:00-04:00,18.053155175238526,18.20890226638599,17.430165519063486,17.6739444732666,65000,0.0,0.0
2008-06-03 00:00:00-04:00,17.782291480407416,17.782291480407416,17.240560581300365,17.464025497436523,75600,0.0,0.0
2008-06-04 00:00:00-04:00,17.362447641093983,17.75520187459254,17.159299389540795,17.53173828125,68200,0.0,0.0
2008-06-05 00:00:00-04:00,17.531736052910052,18.019293861203675,17.531736052910052,17.89063262939453,81400,0.0,0.0
2008-06-06 00:00:00-04:00,17.477567608042246,17.673945396201887,16.929066224027622,16.942609786987305,128700,0.0,0.0
2008-06-09 00:00:00-04:00,17.030640531934505,17.281191282832143,16.427966181690145,16.536312103271484,67100,0.0,0.0
2008-06-10 00:00:00-04:00,16.407646239539538,17.457248836684286,16.400874459890037,17.199926376342773,87200,0.0,0.0
2008-06-11 00:00:00-04:00,17.118670881554714,17.118670881554714,16.434736505015845,16.48213768005371,91600,0.0,0.0
2008-06-12 00:00:00-04:00,16.725908605030753,17.166063822724293,16.644648564239322,16.685277938842773,113600,0.0,0.0
2008-06-13 00:00:00-04:00,16.901976153755097,17.19992802903813,16.333160815974807,16.91551971435547,133200,0.0,0.0
2008-06-16 00:00:00-04:00,16.888430272687152,17.599450261530222,16.34669958880147,17.457246780395508,112900,0.0,0.0
2008-06-17 00:00:00-04:00,17.545278748138596,17.545278748138596,16.834258701513615,16.956148147583008,127300,0.0,0.0
2008-06-18 00:00:00-04:00,16.92906511954708,17.227017027294956,16.529539079398955,16.76654624938965,182000,0.0,0.0
2008-06-19 00:00:00-04:00,16.7597704351024,17.125438773647186,16.055520875646458,16.394102096557617,210700,0.0,0.0
2008-06-20 00:00:00-04:00,16.33992777503324,16.33992777503324,15.73048188710081,15.96071720123291,344900,0.0,0.0
2008-06-23 00:00:00-04:00,15.825287403654576,16.170639124827606,14.958518981933594,14.958518981933594,150000,0.0,0.0
2008-06-24 00:00:00-04:00,14.85017938203957,14.897580568102587,13.936009407043457,13.936009407043457,440600,0.0,0.0
2008-06-25 00:00:00-04:00,13.99695141545414,14.64025642147386,13.888605499516006,14.193327903747559,265900,0.0,0.0
2008-06-26 00:00:00-04:00,13.983408207831017,14.057896511272736,13.31301735161124,13.644826889038086,269000,0.0,0.0
2008-06-27 00:00:00-04:00,13.638055367368816,14.044353215974132,13.340104731098805,13.651598930358887,279700,0.0,0.0
2008-06-30 00:00:00-04:00,13.678681914123528,13.787027802063983,13.076006459421775,13.089550018310547,183900,0.0,0.0
2008-07-01 00:00:00-04:00,12.79159937163971,13.929232592518337,12.79159937163971,13.692225456237793,219700,0.0,0.0
2008-07-02 00:00:00-04:00,13.685452677733457,13.969860962203956,13.109865620796517,13.177580833435059,188800,0.0,0.0
2008-07-03 00:00:00-04:00,13.238528273645136,13.340103696608496,12.825459967162411,13.116640090942383,65000,0.0,0.0
2008-07-07 00:00:00-04:00,13.380730164340536,13.380730164340536,11.857114652142242,12.195695877075195,259600,0.0,0.0
2008-07-08 00:00:00-04:00,12.243098507593052,13.008291599249167,11.748770169992861,13.001521110534668,319400,0.0,0.0
2008-07-09 00:00:00-04:00,13.028607041556377,13.245298846487746,12.216012773063746,12.358216285705566,147900,0.0,0.0
2008-07-10 00:00:00-04:00,9.148467715626479,9.534450226186946,6.2976128837045735,7.313356876373291,1503000,0.0,0.0
2008-07-11 00:00:00-04:00,7.110207058644923,7.516504863170226,5.755881904617318,7.367528915405273,793200,0.0,0.0
2008-07-14 00:00:00-04:00,7.536814488546954,7.970198478720637,6.974769979458026,7.563900947570801,507800,0.0,0.0
2008-07-15 00:00:00-04:00,7.455560275224614,7.794141570421453,6.968003029319246,7.2320966720581055,423100,0.0,0.0
2008-07-16 00:00:00-04:00,7.2930441256650695,8.227528280268476,7.137296336035962,8.112410545349121,352900,0.0,0.0
2008-07-17 00:00:00-04:00,8.308784794042598,9.019804954528809,7.855085834121521,9.019804954528809,338600,0.0,0.0
2008-07-18 00:00:00-04:00,8.870830014764058,9.331300127868172,8.715082286281485,8.85728645324707,368100,0.0,0.0
2008-07-21 00:00:00-04:00,9.013035872693369,9.195869466926784,8.755713967726651,8.809886932373047,217200,0.0,0.0
2008-07-22 00:00:00-04:00,8.54579196710819,9.283899307250977,8.213982446832512,9.283899307250977,186100,0.0,0.0
2008-07-23 00:00:00-04:00,9.453186676889445,10.001688478757048,9.263581394796105,9.615705490112305,181800,0.0,0.0
2008-07-24 00:00:00-04:00,9.771454714475702,9.812084101305198,8.748939222908145,8.945316314697266,316300,0.0,0.0
2008-07-25 00:00:00-04:00,9.243267382332867,11.051291214255244,9.243267382332867,10.001689910888672,490300,0.0,0.0
2008-07-28 00:00:00-04:00,10.008463050195717,10.008463050195717,9.148466883748561,9.20941162109375,290400,0.0,0.0
2008-07-29 00:00:00-04:00,9.23649622576599,10.319955778851307,9.23649622576599,10.286097526550293,294800,0.0,0.0
2008-07-30 00:00:00-04:00,10.286098071015807,10.32672810508615,9.405787339347368,9.581849098205566,322000,0.0,0.0
2008-07-31 00:00:00-04:00,9.439642204738181,10.82782505285058,9.439642204738181,10.231922149658203,314900,0.0,0.0
2008-08-01 00:00:00-04:00,10.238697829142751,10.475704983446755,9.92720302572815,10.299642562866211,264800,0.0,0.0
2008-08-04 00:00:00-04:00,10.368125382281738,10.498240271801128,9.87505716071308,10.40921401977539,326800,0.17,0.0
2008-08-05 00:00:00-04:00,10.546175769827649,10.57356840871972,10.327034658691083,10.470846176147461,227700,0.0,0.0
2008-08-06 00:00:00-04:00,10.477693515690305,10.648897655969257,9.950384450146986,10.587264060974121,212000,0.0,0.0
2008-08-07 00:00:00-04:00,10.525630521156213,10.977610002459258,10.320185421126098,10.484541893005371,216200,0.0,0.0
2008-08-08 00:00:00-04:00,10.374972057698924,11.046092065835664,10.374972057698924,10.52563190460205,233700,0.0,0.0
2008-08-11 00:00:00-04:00,10.491390394269956,11.532311968651927,10.272249285175656,11.354259490966797,225600,0.0,0.0
2008-08-12 00:00:00-04:00,11.340561965248064,11.340561965248064,10.642049407657872,11.12826919555664,306100,0.0,0.0
2008-08-13 00:00:00-04:00,11.210448349758481,11.210448349758481,10.758468843829203,10.984458923339844,397400,0.0,0.0
2008-08-14 00:00:00-04:00,10.614658375230109,11.580249774546633,10.614658375230109,11.57340145111084,188800,0.0,0.0
2008-08-15 00:00:00-04:00,11.737754917614884,11.950048982573344,11.025546404939163,11.272079467773438,245700,0.0,0.0
2008-08-18 00:00:00-04:00,11.39534946098492,11.415894432194941,10.272250491854445,10.54617691040039,201800,0.0,0.0
2008-08-19 00:00:00-04:00,10.395517362777028,10.47769528562169,9.957234454513417,10.258553504943848,223100,0.0,0.0
2008-08-20 00:00:00-04:00,10.306489420590491,10.594112429767303,9.943536824473837,10.347578048706055,196400,0.0,0.0
2008-08-21 00:00:00-04:00,10.279093992822752,10.470842395839968,9.827115287736273,9.909293174743652,237600,0.0,0.0
2008-08-22 00:00:00-04:00,10.107894479358873,10.443454499993615,9.847664059348638,9.922993659973145,156400,0.0,0.0
2008-08-25 00:00:00-04:00,9.840815747886062,9.998323926049212,9.251873630140404,9.375140190124512,257200,0.0,0.0
2008-08-26 00:00:00-04:00,9.347748277305794,9.546345106579718,9.142303776954392,9.423078536987305,125100,0.0,0.0
2008-08-27 00:00:00-04:00,9.3956846905442,9.594281494393314,9.203935556895912,9.450469970703125,102300,0.0,0.0
2008-08-28 00:00:00-04:00,9.553193080998973,9.63537100874936,9.3888372254982,9.546344757080078,112300,0.0,0.0
2008-08-29 00:00:00-04:00,9.45046872530572,9.621672866513824,9.354594171116073,9.587431907653809,84400,0.0,0.0
2008-09-02 00:00:00-04:00,9.833965408820932,10.162677691958578,9.35459395512499,9.498405456542969,132900,0.0,0.0
2008-09-03 00:00:00-04:00,9.47101316219979,10.066803502958834,9.31350566373001,10.025714874267578,112000,0.0,0.0
2008-09-04 00:00:00-04:00,9.909297110222793,10.190071832280683,9.539496145277175,9.553192138671875,98100,0.0,0.0
2008-09-05 00:00:00-04:00,9.423077643017825,9.936690151354073,9.409380995977994,9.717548370361328,89300,0.0,0.0
2008-09-08 00:00:00-04:00,10.128436752181099,10.443452391423113,9.313505344735427,10.395515441894531,224900,0.0,0.0
2008-09-09 00:00:00-04:00,10.49139111726277,11.032396910532674,10.196920394897461,10.196920394897461,125200,0.0,0.0
2008-09-10 00:00:00-04:00,10.381819398883472,10.381819398883472,9.683306816760057,9.991474151611328,106400,0.0,0.0
2008-09-11 00:00:00-04:00,9.628523877916836,10.018869219895844,9.381989427747227,9.505256652832031,246200,0.0,0.0
2008-09-12 00:00:00-04:00,9.251874945839667,10.012021344027612,9.142304364453173,9.99832534790039,277800,0.0,0.0
2008-09-15 00:00:00-04:00,9.75178936299576,9.91614520939531,9.032731718632629,9.183391571044922,159600,0.0,0.0
2008-09-16 00:00:00-04:00,8.984791795052434,10.683136940002441,8.902613898971413,10.683136940002441,194400,0.0,0.0
2008-09-17 00:00:00-04:00,9.594283123411664,10.977613315030984,9.594283123411664,9.888753890991211,221600,0.0,0.0
2008-09-18 00:00:00-04:00,10.368121233694206,11.881565606374307,9.662759823670276,11.717209815979004,427600,0.0,0.0
2008-09-19 00:00:00-04:00,13.35391902923584,13.35391902923584,12.00483126932886,13.35391902923584,5500,0.0,0.0
2008-09-22 00:00:00-04:00,13.35392363847997,13.51827946498072,11.114573053312245,11.210448265075684,100400,0.0,0.0
2008-09-23 00:00:00-04:00,10.82010370264189,12.217129707336426,10.751621773227694,12.217129707336426,76900,0.0,0.0
2008-09-24 00:00:00-04:00,12.21713358188555,12.223981907617267,10.012022984378547,10.34073543548584,109400,0.0,0.0
2008-09-25 00:00:00-04:00,10.38182036916725,12.128102314229098,10.340731735662672,10.518783569335938,114800,0.0,0.0
2008-09-26 00:00:00-04:00,10.333882268049981,12.326698405831328,10.30648963104959,11.847326278686523,74300,0.0,0.0
2008-09-29 00:00:00-04:00,12.395180985208265,13.134782876711688,9.92984091146885,10.929673194885254,50200,0.0,0.0
2008-09-30 00:00:00-04:00,12.395178789288556,12.46366069985157,11.10772305049207,12.141796112060547,116300,0.0,0.0
2008-10-01 00:00:00-04:00,12.15549701694306,12.42942344904577,11.58709918051084,12.196585655212402,46800,0.0,0.0
2008-10-02 00:00:00-04:00,11.929504100052068,12.662257584010469,10.977609533734208,11.313169479370117,40900,0.0,0.0
2008-10-03 00:00:00-04:00,11.306322148060632,12.395180639363135,11.272080534576403,12.360939025878906,76000,0.0,0.0
2008-10-06 00:00:00-04:00,11.93635461480763,12.497904068054023,11.169359379471794,12.0664701461792,89700,0.0,0.0
2008-10-07 00:00:00-04:00,11.68297417121832,12.395184265855516,11.299477131282186,11.977445602416992,116300,0.0,0.0
2008-10-08 00:00:00-04:00,11.025547322026814,12.31985025466242,9.950384835350327,10.107892990112305,121400,0.0,0.0
2008-10-09 00:00:00-04:00,10.361274737722525,11.744603863540345,7.937024116516113,7.937024116516113,161900,0.0,0.0
2008-10-10 00:00:00-04:00,7.615160534734332,8.895767501912486,7.396019431116424,8.101380348205566,399800,0.0,0.0
2008-10-13 00:00:00-04:00,8.77934870505375,9.888751531577402,8.183558334499864,9.833966255187988,210200,0.0,0.0
2008-10-14 00:00:00-04:00,10.10789252091174,10.950216571108404,9.53264650951306,10.046258926391602,178200,0.0,0.0
2008-10-15 00:00:00-04:00,9.710699273621124,10.573567664537505,9.42307625895167,9.786028861999512,182100,0.0,0.0
2008-10-16 00:00:00-04:00,9.92299276603408,11.29947434270578,9.471013896820574,11.148815155029297,171200,0.0,0.0
2008-10-17 00:00:00-04:00,10.272249353343042,10.826951105784058,8.190406843855868,9.929841041564941,161400,0.0,0.0
2008-10-20 00:00:00-04:00,10.265399958867908,10.457149063675223,9.649065323236846,10.279096603393555,116200,0.0,0.0
2008-10-21 00:00:00-04:00,9.779180032578124,11.2583843112425,9.690153803786384,10.717378616333008,201800,0.0,0.0
2008-10-22 00:00:00-04:00,10.381818493472275,11.10772364976223,9.429923934460739,9.518949508666992,141800,0.0,0.0
2008-10-23 00:00:00-04:00,9.635370895892793,10.183224394237286,8.697172082032951,9.361444473266602,125500,0.0,0.0
2008-10-24 00:00:00-04:00,8.697173084134704,9.594283364513108,8.697173084134704,9.121759414672852,139100,0.0,0.0
2008-10-27 00:00:00-04:00,9.245027793826564,9.42308033770907,8.56021092020978,8.587603569030762,72500,0.0,0.0
2008-10-28 00:00:00-04:00,8.943704624071806,9.587431907653809,8.217798777988978,9.587431907653809,123600,0.0,0.0
2008-10-29 00:00:00-04:00,9.539494474799454,9.895598730900277,9.114908304440965,9.518949508666992,111400,0.0,0.0
2008-10-30 00:00:00-04:00,10.03256378473901,10.03256378473901,9.409380730063909,9.875056266784668,85200,0.0,0.0
2008-10-31 00:00:00-04:00,9.792878801321027,11.066637610089474,9.792878801321027,10.902281761169434,107500,0.0,0.0
2008-11-03 00:00:00-05:00,10.916037175918019,11.383768634904644,10.537724474461294,10.929794311523438,75100,0.07,0.0
2008-11-04 00:00:00-05:00,11.431921410986442,11.693300491778652,11.108635204799123,11.493825912475586,139800,0.0,0.0
2008-11-05 00:00:00-05:00,11.246203058206813,11.762083920400219,10.874768863666619,10.95730972290039,139800,0.0,0.0
2008-11-06 00:00:00-05:00,10.489577600776736,11.005458466388706,10.09062978384826,10.193805694580078,169900,0.0,0.0
2008-11-07 00:00:00-05:00,10.523968456951023,10.964186320033583,9.939303287574049,10.276345252990723,141900,0.0,0.0
2008-11-10 00:00:00-05:00,10.634021168803665,10.634021168803665,9.732949230965858,9.81549072265625,106800,0.0,0.0
2008-11-11 00:00:00-05:00,9.671045854666255,10.076871540058738,9.512842065465483,9.540355682373047,88800,0.0,0.0
2008-11-12 00:00:00-05:00,9.444059305236733,9.464695013417671,8.5085955149248,8.570501327514648,169700,0.0,0.0
2008-11-13 00:00:00-05:00,8.659917754995885,9.065744024648145,7.66254849837878,8.838756561279297,173100,0.0,0.0
2008-11-14 00:00:00-05:00,8.62552658696896,9.100136614377135,8.315998251183077,8.350390434265137,142200,0.0,0.0
2008-11-17 00:00:00-05:00,8.267850539744268,8.33663425784624,7.7863612331484235,8.047740936279297,70000,0.0,0.0
2008-11-18 00:00:00-05:00,8.116527439821288,8.254095568094208,7.373658891170935,7.93080997467041,91000,0.0,0.0
2008-11-19 00:00:00-05:00,7.827629319997024,8.212819846773098,6.809624472993607,6.857773780822754,121100,0.0,0.0
2008-11-20 00:00:00-05:00,6.795868079024553,7.071004172921826,6.286865977326502,6.341893196105957,131200,0.0,0.0
2008-11-21 00:00:00-05:00,6.568881866210022,6.692692803633318,5.413308743750503,6.087393283843994,199000,0.0,0.0
2008-11-24 00:00:00-05:00,6.245595537545265,6.857774196066837,6.238716970870858,6.7545976638793945,197900,0.0,0.0
2008-11-25 00:00:00-05:00,7.0090986923191165,7.0090986923191165,6.3350149049963695,6.844017028808594,204800,0.0,0.0
2008-11-26 00:00:00-05:00,6.617031416857976,7.208574536859759,6.617031416857976,7.146669387817383,115100,0.0,0.0
2008-11-28 00:00:00-05:00,7.009100990537027,7.126034037858942,6.623910316045427,6.912803649902344,42200,0.0,0.0
2008-12-01 00:00:00-05:00,6.706450021902875,6.809625913695467,5.550876885139495,5.599026203155518,118100,0.0,0.0
2008-12-02 00:00:00-05:00,5.757229422125049,5.984216912690901,5.255105450150706,5.929189682006836,221100,0.0,0.0
2008-12-03 00:00:00-05:00,5.846648716889684,6.5413683100955975,5.846648716889684,6.506976127624512,376600,0.0,0.0
2008-12-04 00:00:00-05:00,6.403799955257314,6.85089633983866,6.3831642530941455,6.500097274780273,143000,0.0,0.0
2008-12-05 00:00:00-05:00,6.355649629040837,7.015976905822754,6.328136019840597,7.015976905822754,109300,0.0,0.0
2008-12-08 00:00:00-05:00,7.201696254476211,7.201696254476211,6.479462992971198,6.658301830291748,167700,0.0,0.0
2008-12-09 00:00:00-05:00,6.575758144522028,6.7683533792221455,6.046120429126596,6.149296283721924,140100,0.0,0.0
2008-12-10 00:00:00-05:00,6.231840844699941,6.617031505101426,5.956704002722469,6.293745994567871,84600,0.0,0.0
2008-12-11 00:00:00-05:00,6.149298709384917,6.396921907653315,5.674688672664396,5.7503509521484375,102600,0.0,0.0
2008-12-12 00:00:00-05:00,5.599025873258873,6.121784525110219,5.433943865738728,5.881040573120117,184200,0.0,0.0
2008-12-15 00:00:00-05:00,5.915433170219037,5.9842168802126405,5.43394424837033,5.8191351890563965,67700,0.0,0.0
2008-12-16 00:00:00-05:00,5.936070453767244,6.369410548276036,5.936070453767244,6.328139781951904,137100,0.0,0.0
2008-12-17 00:00:00-05:00,6.224961009837325,6.355650507610193,6.025487151567403,6.176811695098877,80200,0.0,0.0
2008-12-18 00:00:00-05:00,6.1424214334431655,6.555125713330826,5.997974771488381,6.286868095397949,137600,0.0,0.0
2008-12-19 00:00:00-05:00,6.479462335476326,7.5662510735648025,6.3075020838043985,7.222330570220947,271400,0.0,0.0
2008-12-22 00:00:00-05:00,7.236086435400851,7.387410958014071,6.7133272046201276,7.015976905822754,89900,0.0,0.0
2008-12-23 00:00:00-05:00,7.146666467397455,7.5181004897506005,6.905921914252803,6.9953413009643555,57900,0.0,0.0
2008-12-24 00:00:00-05:00,7.022857777779827,7.242966723645346,6.954073404208652,7.146669387817383,20500,0.0,0.0
2008-12-26 00:00:00-05:00,7.256722751750593,7.387412254391686,7.160424774662846,7.222330570220947,35800,0.0,0.0
2008-12-29 00:00:00-05:00,7.222331501245679,7.284237304784007,6.9678303746808545,7.112277030944824,35300,0.0,0.0
2008-12-30 00:00:00-05:00,7.222330693216506,7.710697842520674,6.892167319252382,7.703819274902344,52400,0.0,0.0
2008-12-31 00:00:00-05:00,7.724455691888412,8.336634543001086,7.621279783218114,8.205945014953613,101700,0.0,0.0
2009-01-02 00:00:00-05:00,8.254090160415121,8.536104802606452,7.978954084125076,8.123400688171387,37000,0.0,0.0
2009-01-05 00:00:00-05:00,8.109645580715481,8.164672809709502,7.641913478289992,7.703819274902344,71200,0.0,0.0
2009-01-06 00:00:00-05:00,7.779483155311968,8.171552373693858,7.738212400546109,8.164673805236816,59700,0.0,0.0
2009-01-07 00:00:00-05:00,7.992713601081923,8.205944633320636,7.745091038203506,7.917051315307617,182300,0.0,0.0
2009-01-08 00:00:00-05:00,7.88265862647375,8.054618892621976,7.614400375131028,7.8069963455200195,88700,0.0,0.0
2009-01-09 00:00:00-05:00,7.820750631599007,7.903291457476232,7.428681544688145,7.469951629638672,87300,0.0,0.0
2009-01-12 00:00:00-05:00,7.4286854391539725,7.4286854391539725,6.905925945233628,7.009101867675781,36800,0.0,0.0
2009-01-13 00:00:00-05:00,6.919680383481286,7.3186280899508995,6.919680383481286,7.1741814613342285,44000,0.0,0.0
2009-01-14 00:00:00-05:00,6.940318630161762,7.435564536149171,6.403802614661731,6.465707778930664,69500,0.0,0.0
2009-01-15 00:00:00-05:00,6.46570579903615,7.050370971236555,6.445070750598595,6.905924320220947,82600,0.0,0.0
2009-01-16 00:00:00-05:00,6.995344344030207,7.167304626516739,6.479463496570613,6.727086067199707,59000,0.0,0.0
2009-01-20 00:00:00-05:00,6.617030594726719,6.617030594726719,5.509606778461912,5.6059041023254395,96200,0.0,0.0
2009-01-21 00:00:00-05:00,5.826013453458422,6.451948658479122,5.605903887402661,6.410677909851074,62600,0.0,0.0
2009-01-22 00:00:00-05:00,6.238717488350969,6.4794620941143775,5.936067745311745,6.176811695098877,63000,0.0,0.0
2009-01-23 00:00:00-05:00,5.9360685975030485,6.032366584828357,5.468336453317794,5.688446044921875,94500,0.0,0.0
2009-01-26 00:00:00-05:00,5.6815665378709,6.018608453852328,5.523362774547697,5.64717435836792,58700,0.0,0.0
2009-01-27 00:00:00-05:00,5.688445527937481,6.190569155697662,5.543998888065484,5.936068058013916,49600,0.0,0.0
2009-01-28 00:00:00-05:00,5.908555682804484,6.768357134761447,5.908555682804484,6.692694187164307,81000,0.0,0.0
2009-01-29 00:00:00-05:00,6.562004148965971,6.837140329980235,6.321259498596191,6.321259498596191,75900,0.0,0.0
2009-01-30 00:00:00-05:00,6.445071147363017,6.568882757563026,6.087394109862242,6.121785640716553,58000,0.0,0.0
2009-02-02 00:00:00-05:00,6.032366108647754,6.6720578163141395,6.032366108647754,6.506976127624512,74300,0.0,0.0
2009-02-03 00:00:00-05:00,6.575759736509831,6.575759736509831,5.90855383479842,6.252474308013916,67900,0.0,0.0
2009-02-04 00:00:00-05:00,6.238718374933609,6.321259225674165,5.846649169921875,5.846649169921875,58100,0.0,0.0
2009-02-05 00:00:00-05:00,5.839767628293343,6.424432509985107,5.571510163967976,6.0529985427856445,86500,0.0,0.0
2009-02-06 00:00:00-05:00,6.059878946586836,6.678935527801514,5.908553756698892,6.678935527801514,88200,0.0,0.0
2009-02-09 00:00:00-05:00,6.6513100027775875,6.927584294804642,6.409569503236511,6.644402980804443,61300,0.04,0.0
2009-02-10 00:00:00-05:00,6.602959904605065,6.602959904605065,6.188547949824922,6.381939888000488,120600,0.0,0.0
2009-02-11 00:00:00-05:00,6.1885495097974275,6.637495358402128,6.167829104442238,6.561520099639893,102700,0.0,0.0
2009-02-12 00:00:00-05:00,6.430288945294142,6.823979876685111,6.2368963310234,6.782538414001465,109600,0.0,0.0
2009-02-13 00:00:00-05:00,6.768725734684422,7.003559177319866,6.430289612622643,6.651309013366699,54600,0.0,0.0
2009-02-17 00:00:00-05:00,6.437198128304898,6.5477078656455845,6.285247568806451,6.409570693969727,78100,0.0,0.0
2009-02-18 00:00:00-05:00,6.47173203145199,6.6098691912934004,6.312874462306851,6.354315280914307,81400,0.0,0.0
2009-02-19 00:00:00-05:00,6.485546733623039,6.893051231753877,6.2023647039056735,6.492453098297119,113400,0.0,0.0
2009-02-20 00:00:00-05:00,6.361220747636614,6.471730448479284,5.884647498080156,5.967529773712158,120400,0.0,0.0
2009-02-23 00:00:00-05:00,6.0227858308971545,6.271432707613632,5.421888388803286,5.4495158195495605,93200,0.0,0.0
2009-02-24 00:00:00-05:00,5.5323988563795385,6.174736834114984,5.5254918335020715,6.098761558532715,122300,0.0,0.0
2009-02-25 00:00:00-05:00,6.050413307402972,6.050413307402972,5.373540590310105,5.691256046295166,177300,0.0,0.0
2009-02-26 00:00:00-05:00,5.78104401536872,6.098759726713835,5.739603207930959,5.815578460693359,201000,0.0,0.0
2009-02-27 00:00:00-05:00,5.7050694646269555,5.7050694646269555,5.366632978572769,5.394260406494141,62700,0.0,0.0
2009-03-02 00:00:00-05:00,5.318285182089429,5.34591261191756,4.848618545666254,4.876245975494385,89500,0.0,0.0
2009-03-03 00:00:00-05:00,4.959127981202536,4.9660350029368,4.461833943407892,4.682853698730469,70200,0.0,0.0
2009-03-04 00:00:00-05:00,4.800269406554691,4.800269406554691,4.33060286525712,4.468739986419678,111800,0.0,0.0
2009-03-05 00:00:00-05:00,4.3306032841892685,4.3306032841892685,3.8678433895111084,3.8678433895111084,92300,0.0,0.0
2009-03-06 00:00:00-05:00,3.909284674122709,4.02670140747465,3.577755209682785,3.8333094120025635,84400,0.0,0.0
2009-03-09 00:00:00-04:00,3.75733201849527,3.902376110207652,3.3912682800438385,3.4050819873809814,90500,0.0,0.0
2009-03-10 00:00:00-04:00,3.53631400148113,3.778054155960461,3.4741524544889617,3.722799301147461,119200,0.0,0.0
2009-03-11 00:00:00-04:00,3.7711466106324347,3.8402151635232626,3.453430937989787,3.481058359146118,101300,0.0,0.0
2009-03-12 00:00:00-04:00,3.4465246527389364,4.309882571282146,3.2876671118980982,4.102676868438721,215500,0.0,0.0
2009-03-13 00:00:00-04:00,4.15102573377843,4.558530516422652,4.047422700130082,4.302976608276367,194900,0.0,0.0
2009-03-16 00:00:00-04:00,4.385858351287941,4.47564765776858,3.999074026461634,4.0612359046936035,117500,0.0,0.0
2009-03-17 00:00:00-04:00,4.413484697526549,4.675945530888933,4.019793776827817,4.655224800109863,117500,0.0,0.0
2009-03-18 00:00:00-04:00,4.641412989753906,4.786457176559807,4.496369132292982,4.689761161804199,190800,0.0,0.0
2009-03-19 00:00:00-04:00,4.793362959297444,4.834804097756829,4.537809107458785,4.675946235656738,114600,0.0,0.0
2009-03-20 00:00:00-04:00,4.738107374872971,4.807175928284709,4.4963672732594695,4.503273963928223,108200,0.0,0.0
2009-03-23 00:00:00-04:00,4.66213310140395,5.048917437702738,4.47564779052159,5.014383316040039,163000,0.0,0.0
2009-03-24 00:00:00-04:00,4.931500981557657,5.263030478682666,4.772643090657239,4.807177543640137,76900,0.0,0.0
2009-03-25 00:00:00-04:00,4.807176438422198,5.221588132214827,4.738107877680906,5.069637298583984,139400,0.0,0.0
2009-03-26 00:00:00-04:00,5.193960670307604,5.352818523534687,4.924593120694682,5.345911502838135,96200,0.0,0.0
2009-03-27 00:00:00-04:00,5.097265644594525,5.332098793578666,4.593064565993522,4.606878280639648,130100,0.0,0.0
2009-03-30 00:00:00-04:00,4.489461259455573,4.489461259455573,4.116490658094549,4.123397350311279,121000,0.0,0.0
2009-03-31 00:00:00-04:00,4.206279339884936,4.8348037178098595,4.109583028400435,4.420392036437988,128400,0.0,0.0
2009-04-01 00:00:00-04:00,4.2960686768352865,4.530902126179671,4.095769674516216,4.517088413238525,122600,0.0,0.0
2009-04-02 00:00:00-04:00,4.648319586905413,5.055824677214318,4.620692156648363,4.9315009117126465,171500,0.0,0.0
2009-04-03 00:00:00-04:00,4.9729408594719064,5.1456124216666925,4.807176317850447,5.138705730438232,68600,0.0,0.0
2009-04-06 00:00:00-04:00,5.117984342933372,5.173239183067605,4.772641262749585,5.145611763000488,147500,0.0,0.0
2009-04-07 00:00:00-04:00,5.028195414647748,5.263028486257861,5.007474684833266,5.0212883949279785,140500,0.0,0.0
2009-04-08 00:00:00-04:00,5.083451313225758,5.173240282859941,4.765735585565093,5.11107873916626,100300,0.0,0.0
2009-04-09 00:00:00-04:00,5.283749415002672,6.064224558755638,5.269935704387881,6.0227837562561035,134800,0.0,0.0
2009-04-13 00:00:00-04:00,5.898463109881965,6.464825870027182,5.898463109881965,6.340502738952637,143300,0.0,0.0
2009-04-14 00:00:00-04:00,6.181642668515388,6.347407233565114,5.781044640300301,5.857019901275635,112400,0.0,0.0
2009-04-15 00:00:00-04:00,5.8155773693199,6.154013420871694,5.8155773693199,6.084945201873779,63700,0.0,0.0
2009-04-16 00:00:00-04:00,6.264524768559663,6.72728465986103,5.857019730665343,6.561520099639893,126400,0.0,0.0
2009-04-17 00:00:00-04:00,6.596052756686142,7.079532922064839,6.388846783326806,6.927581787109375,130000,0.0,0.0
2009-04-20 00:00:00-04:00,6.692749733201088,6.692749733201088,5.677441380435412,5.84320592880249,130300,0.0,0.0
2009-04-21 00:00:00-04:00,5.787950176791728,6.2438029430618025,5.352817811164022,6.223082542419434,176200,0.0,0.0
2009-04-22 00:00:00-04:00,5.877741369005422,6.437196979086811,5.877741369005422,6.305966854095459,155100,0.0,0.0
2009-04-23 00:00:00-04:00,6.333592733138688,6.782538515713869,6.271430867525878,6.526984691619873,109400,0.0,0.0
2009-04-24 00:00:00-04:00,6.602961842904429,7.397250887591992,6.437196617118205,7.2314863204956055,199200,0.0,0.0
2009-04-27 00:00:00-04:00,6.941396516381922,7.044999184020132,6.547704930239389,6.796352386474609,158300,0.0,0.0
2009-04-28 00:00:00-04:00,6.678935745326906,7.031185872723932,6.568426056423455,6.782538414001465,135200,0.0,0.0
2009-04-29 00:00:00-04:00,6.886143410522867,7.24529998651634,6.713471815084309,7.093349456787109,97000,0.0,0.0
2009-04-30 00:00:00-04:00,7.11406922708247,7.272926764496726,6.837794303894043,6.837794303894043,148800,0.0,0.0
2009-05-01 00:00:00-04:00,6.830886315749375,7.010464215594331,6.609866298056921,6.803258895874023,73800,0.0,0.0
2009-05-04 00:00:00-04:00,6.879312148929155,7.4185947360698785,6.602757145102922,7.390939235687256,61700,0.01,0.0
2009-05-05 00:00:00-04:00,7.259576732006184,7.854170398401179,7.1420406750249645,7.626012325286865,147800,0.0,0.0
2009-05-06 00:00:00-04:00,7.785034381635167,8.414197787974594,7.5637896214160065,8.144556045532227,119900,0.0,0.0
2009-05-07 00:00:00-04:00,8.365798650947243,8.780631233209547,7.867998892873215,8.068501472473145,90700,0.0,0.0
2009-05-08 00:00:00-04:00,8.220606216412317,8.801371770405611,8.109983546768689,8.794458389282227,59700,0.0,0.0
2009-05-11 00:00:00-04:00,8.663091225286582,9.03644070899601,8.483330851173866,8.739144325256348,170700,0.0,0.0
2009-05-12 00:00:00-04:00,8.953480507659354,9.057189173230968,8.400369602689015,8.614700317382812,179700,0.0,0.0
2009-05-13 00:00:00-04:00,8.400366925775558,8.5732139872883,7.812687312247764,7.9440507888793945,174300,0.0,0.0
2009-05-14 00:00:00-04:00,8.027016979739045,8.351969627067708,7.549959399072871,7.722806453704834,153700,0.0,0.0
2009-05-15 00:00:00-04:00,7.8265131322429395,7.8265131322429395,7.065986612879445,7.314886093139648,133500,0.0,0.0
2009-05-18 00:00:00-04:00,7.501562064332219,8.262088671541374,7.501562064332219,8.192950248718262,98300,0.0,0.0
2009-05-19 00:00:00-04:00,8.075413324059143,8.15837981801548,7.715891190889266,7.778116226196289,66700,0.0,0.0
2009-05-20 00:00:00-04:00,7.847256401751569,8.006275372637297,7.418595133800526,7.460078716278076,109300,0.0,0.0
2009-05-21 00:00:00-04:00,7.287232969656924,8.020104889356908,7.148955435569935,7.432424545288086,144700,0.0,0.0
2009-05-22 00:00:00-04:00,7.480820831747094,7.67441002108535,7.2457487156643765,7.259576797485352,72000,0.0,0.0
2009-05-26 00:00:00-04:00,7.169696811538674,7.902568722110133,7.065988827105023,7.874913215637207,83100,0.0,0.0
2009-05-27 00:00:00-04:00,7.854172408101738,8.020106134119198,7.349459165510276,7.3702006340026855,125600,0.0,0.0
2009-05-28 00:00:00-04:00,7.370201806538058,7.508479384085212,7.059077092217087,7.287235260009766,106400,0.0,0.0
2009-05-29 00:00:00-04:00,7.342542397329613,7.529217522545379,7.0867288496836425,7.515389442443848,106000,0.0,0.0
2009-06-01 00:00:00-04:00,7.515388251651152,8.089240297756394,7.515388251651152,7.916393280029297,159500,0.0,0.0
2009-06-02 00:00:00-04:00,7.937136518991489,8.531730815416578,7.937136518991489,8.331228256225586,131000,0.0,0.0
2009-06-03 00:00:00-04:00,7.9924476568782685,8.497160712162259,7.508475403030034,8.462591171264648,164000,0.0,0.0
2009-06-04 00:00:00-04:00,8.421107450426536,8.974217414855957,8.2690018805289,8.974217414855957,107200,0.0,0.0
2009-06-05 00:00:00-04:00,9.022616089200081,9.389051648440356,8.801371418127417,8.981132507324219,128700,0.0,0.0
2009-06-08 00:00:00-04:00,8.939648468126936,9.57572558170795,8.455676263919452,9.347567558288574,119200,0.0,0.0
2009-06-09 00:00:00-04:00,9.28534258597758,9.541156109143662,8.566298973485079,8.932734489440918,168700,0.0,0.0
2009-06-10 00:00:00-04:00,9.01570101682595,9.01570101682595,8.31739886060183,8.72531795501709,102900,0.0,0.0
2009-06-11 00:00:00-04:00,8.78754752469591,9.015705668205701,8.628527832921536,8.642355918884277,36000,0.0,0.0
2009-06-12 00:00:00-04:00,8.510989033128396,8.773715968923517,8.441849949376522,8.711491584777832,49800,0.0,0.0
2009-06-15 00:00:00-04:00,7.605272438341869,7.902569662835684,7.086731135727651,7.162783622741699,303500,0.0,0.0
2009-06-16 00:00:00-04:00,7.121296896976107,7.287229867237229,6.913880354470199,6.934621810913086,166100,0.0,0.0
2009-06-17 00:00:00-04:00,6.948452009093671,7.155868614912434,6.651154852108137,7.086729526519775,101800,0.0,0.0
2009-06-18 00:00:00-04:00,7.0936441347920365,7.307974139111198,6.879313471113608,7.0175909996032715,86600,0.0,0.0
2009-06-19 00:00:00-04:00,7.155870147816863,7.190439040059202,6.886228436554886,7.135128021240234,165700,0.0,0.0
2009-06-22 00:00:00-04:00,7.03833362004011,7.176611158287011,6.720294952392577,6.720294952392578,132600,0.0,0.0
2009-06-23 00:00:00-04:00,6.775605878423216,6.817088809671095,6.305461595218552,6.45756721496582,132700,0.0,0.0
2009-06-24 00:00:00-04:00,6.464482607395722,6.7272096518212035,6.38842945195095,6.4091715812683105,81600,0.0,0.0
2009-06-25 00:00:00-04:00,6.443736777800151,6.830914397716983,6.381511744299315,6.824000358581543,81700,0.0,0.0
2009-06-26 00:00:00-04:00,7.370198641643939,7.508476159812273,7.1143850681927185,7.439337730407715,306200,0.0,0.0
2009-06-29 00:00:00-04:00,7.384025167335911,7.404766625851158,6.7617754776467835,7.314886093139648,144200,0.0,0.0
2009-06-30 00:00:00-04:00,7.231922346754516,7.425510904935667,7.059075254967227,7.072902679443359,69500,0.0,0.0
2009-07-01 00:00:00-04:00,7.1351269805083986,7.487735168567287,7.1351269805083986,7.363285064697266,112600,0.0,0.0
2009-07-02 00:00:00-04:00,7.245746327037731,7.584526967017922,7.231918909134323,7.466990947723389,100000,0.0,0.0
2009-07-06 00:00:00-04:00,7.453164400146416,8.179122121443601,7.32871497603772,7.978619575500488,160900,0.0,0.0
2009-07-07 00:00:00-04:00,8.02010175950228,8.02010175950228,7.314885621831165,7.33562707901001,120300,0.0,0.0
2009-07-08 00:00:00-04:00,7.411681686894595,7.466992690132981,6.803259991913179,7.065987586975098,125900,0.0,0.0
2009-07-09 00:00:00-04:00,7.162781047561597,7.287231126441418,6.713379010609778,6.761775970458984,52700,0.0,0.0
2009-07-10 00:00:00-04:00,6.72029428960117,6.900054741913548,6.678810702538776,6.782519340515137,72100,0.0,0.0
2009-07-13 00:00:00-04:00,6.872398249476422,7.273404002260362,6.7272067046599195,7.190436840057373,94200,0.0,0.0
2009-07-14 00:00:00-04:00,7.1627819962643295,7.231921084656988,6.98302155329,7.086729526519775,38500,0.0,0.0
2009-07-15 00:00:00-04:00,7.225007462360306,7.785032264567185,7.225007462360306,7.68823766708374,91100,0.0,0.0
2009-07-16 00:00:00-04:00,7.660584764421593,7.944053952700235,7.4946516775306025,7.888742923736572,91300,0.0,0.0
2009-07-17 00:00:00-04:00,7.826514199895174,7.826514199895174,7.460078639129543,7.570700645446777,149400,0.0,0.0
2009-07-20 00:00:00-04:00,7.632925135496358,7.812686212409792,7.570700096614083,7.660580635070801,48000,0.0,0.0
2009-07-21 00:00:00-04:00,7.702066524403117,7.743549456528328,7.301061330609709,7.4185967445373535,63500,0.0,0.0
2009-07-22 00:00:00-04:00,7.328716561231595,7.57070208109911,7.204266450845318,7.529219150543213,157200,0.0,0.0
2009-07-23 00:00:00-04:00,7.487734835510633,8.082328504318879,7.390940241321706,7.999361991882324,186700,0.0,0.0
2009-07-24 00:00:00-04:00,7.874915800576817,8.061590365705134,7.688240576088997,7.833432197570801,177900,0.0,0.0
2009-07-27 00:00:00-04:00,7.785032831835648,8.234434987082436,7.785032831835648,8.206779479980469,197700,0.0,0.0
2009-07-28 00:00:00-04:00,8.13764226767334,8.365800400471715,7.964795157410366,8.24826431274414,107600,0.0,0.0
2009-07-29 00:00:00-04:00,8.123808468827624,8.296655457526084,7.8818224209062056,7.923305988311768,115000,0.0,0.0
2009-07-30 00:00:00-04:00,8.089243035791734,8.448765270847009,7.937137424086866,8.372712135314941,183100,0.0,0.0
2009-07-31 00:00:00-04:00,8.345056920300916,8.74606209838495,8.02701826257641,8.393454551696777,90600,0.0,0.0
2009-08-03 00:00:00-04:00,8.518002623215303,8.684072372221799,8.317334844856825,8.421128273010254,99600,0.01,0.0
2009-08-04 00:00:00-04:00,8.054392934303966,8.794787928075884,7.819127062663583,8.61487865447998,385200,0.0,0.0
2009-08-05 00:00:00-04:00,8.594120872978577,9.064652658843654,8.504166228039503,8.988536834716797,298500,0.0,0.0
2009-08-06 00:00:00-04:00,9.424470249610662,9.625138093651536,9.237641885801516,9.59745979309082,3845600,0.0,0.0
2009-08-07 00:00:00-04:00,9.54902453480019,10.566203405960295,9.535185052245634,10.21330451965332,603800,0.0,0.0
2009-08-10 00:00:00-04:00,10.130269428042178,11.209724632138796,10.019555549237705,10.48316764831543,1097400,0.0,0.0
2009-08-11 00:00:00-04:00,10.483165095535998,10.683832920905843,9.943437954869296,10.379371643066406,271500,0.0,0.0
2009-08-12 00:00:00-04:00,10.37245345612063,10.739191784198164,10.365533715612878,10.586960792541504,239500,0.0,0.0
2009-08-13 00:00:00-04:00,10.71843055965329,10.732270038082522,10.413969293139369,10.566200256347656,363600,0.0,0.0
2009-08-14 00:00:00-04:00,10.524684180335278,10.53852300109635,10.157946521479664,10.310176849365234,142000,0.0,0.0
2009-08-17 00:00:00-04:00,9.998796625085212,10.254821099538006,9.998796625085212,10.16486644744873,135500,0.0,0.0
2009-08-18 00:00:00-04:00,10.289418261229544,10.559282194340131,10.074911590726028,10.413970947265625,347500,0.0,0.0
2009-08-19 00:00:00-04:00,10.178705422030703,10.483166747858336,10.109509336209397,10.469327926635742,297300,0.0,0.0
2009-08-20 00:00:00-04:00,10.407050957046902,10.7253517449047,10.407050957046902,10.538522720336914,129400,0.0,0.0
2009-08-21 00:00:00-04:00,10.697673530889206,10.89142163727155,10.330935878832651,10.787628173828125,309800,0.0,0.0
2009-08-24 00:00:00-04:00,10.725353807544765,10.884503902129149,10.420892441429789,10.54544448852539,241100,0.0,0.0
2009-08-25 00:00:00-04:00,10.580042373045966,10.780710253506504,10.517766020505997,10.642318725585938,233200,0.0,0.0
2009-08-26 00:00:00-04:00,10.586960792541504,10.656156217910695,10.420890979772116,10.586960792541504,200500,0.0,0.0
2009-08-27 00:00:00-04:00,10.642318451939914,11.07133250741386,10.503926927577808,11.029814720153809,235700,0.0,0.0
2009-08-28 00:00:00-04:00,11.126688730351349,11.202804561031554,10.905262299069634,10.939860343933105,554500,0.0,0.0
2009-08-31 00:00:00-04:00,10.815307575521835,11.38271379181771,10.815307575521835,11.355034828186035,1424900,0.0,0.0
2009-09-01 00:00:00-04:00,11.237404352211929,11.638740174797858,11.147450340169359,11.334278106689453,385500,0.0,0.0
2009-09-02 00:00:00-04:00,11.251239205421388,11.403469516905833,11.119766792890735,11.306595802307129,349400,0.0,0.0
2009-09-03 00:00:00-04:00,11.355032851398414,11.472665786743164,11.09900908140451,11.472665786743164,132000,0.0,0.0
2009-09-04 00:00:00-04:00,11.486505693222128,11.680253132895622,11.251239813785357,11.652575492858887,131800,0.0,0.0
2009-09-08 00:00:00-04:00,11.71485325479628,11.867083592991602,11.27200040200581,11.590300559997559,237800,0.0,0.0
2009-09-09 00:00:00-04:00,11.548781094890874,11.569538993280785,11.168203346809948,11.410388946533203,487400,0.0,0.0
2009-09-10 00:00:00-04:00,11.37579098285041,11.534941021392774,11.278915956072442,11.431147575378418,273300,0.0,0.0
2009-09-11 00:00:00-04:00,11.444989057412094,11.444989057412094,11.258160029990425,11.348114013671875,110600,0.0,0.0
2009-09-14 00:00:00-04:00,11.251243098413308,11.306599714452743,10.967540276235473,11.064414024353027,216800,0.0,0.0
2009-09-15 00:00:00-04:00,11.064414024353027,11.278920746530108,10.90526391821538,11.064414024353027,228100,0.0,0.0
2009-09-16 00:00:00-04:00,11.085170410948175,11.278917857556964,11.02981314918499,11.154366493225098,335600,0.0,0.0
2009-09-17 00:00:00-04:00,11.161285144514533,11.25124044927703,11.071331159557557,11.112848281860352,153900,0.0,0.0
2009-09-18 00:00:00-04:00,11.140530714044276,11.375796680065289,11.009058246019373,11.341197967529297,701700,0.0,0.0
2009-09-21 00:00:00-04:00,11.147446825549178,11.396550875639234,11.133607345042646,11.348114013671875,95300,0.0,0.0
2009-09-22 00:00:00-04:00,11.444987053461738,11.521101543309452,11.306594912239081,11.431147575378418,167600,0.0,0.0
2009-09-23 00:00:00-04:00,11.417311218328155,11.76329034615628,11.36195461066788,11.514184951782227,135200,0.0,0.0
2009-09-24 00:00:00-04:00,11.576460393556316,11.61797883590348,11.092090444422494,11.327356338500977,109700,0.0,0.0
2009-09-25 00:00:00-04:00,11.24431897915033,11.555700648033543,11.168203166799918,11.521101951599121,127100,0.0,0.0
2009-09-28 00:00:00-04:00,11.652574314131629,12.012392836849545,11.541861125573089,11.915517807006836,124300,0.0,0.0
2009-09-29 00:00:00-04:00,11.901679798476714,11.957036393454521,11.355032268241194,11.493424415588379,198300,0.0,0.0
2009-09-30 00:00:00-04:00,11.451908111572266,11.714852976524893,11.195884307061396,11.451908111572266,309700,0.0,0.0
2009-10-01 00:00:00-04:00,11.41731343590815,11.71485575480076,11.00213813791395,11.092093467712402,228200,0.0,0.0
2009-10-02 00:00:00-04:00,10.960620534254815,11.299679972472084,10.960620534254815,11.064414024353027,118900,0.0,0.0
2009-10-05 00:00:00-04:00,11.08517091712122,11.265080211334068,10.912181363432582,11.251240730285645,127000,0.0,0.0
2009-10-06 00:00:00-04:00,11.320436998901528,11.590300284684762,11.168205344516666,11.451908111572266,111100,0.0,0.0
2009-10-07 00:00:00-04:00,11.327355887786807,11.576459932930325,10.981376140924006,11.057491302490234,126300,0.0,0.0
2009-10-08 00:00:00-04:00,11.209723095085536,11.285837597765205,11.036732889393232,11.154366493225098,168500,0.0,0.0
2009-10-09 00:00:00-04:00,11.168209546328727,11.299682028268894,10.974461354941313,11.19588851928711,141300,0.0,0.0
2009-10-12 00:00:00-04:00,11.161288250873195,11.361956817495983,11.078253983157888,11.092093467712402,91600,0.0,0.0
2009-10-13 00:00:00-04:00,11.043653319681594,11.085171103622601,10.753030811802912,10.877583503723145,133400,0.0,0.0
2009-10-14 00:00:00-04:00,11.057491581889803,11.057491581889803,10.753030268029057,10.829145431518555,158800,0.0,0.0
2009-10-15 00:00:00-04:00,10.759950792175692,10.822227139523328,10.483167099508734,10.663076400756836,312100,0.0,0.0
2009-10-16 00:00:00-04:00,10.54544503524434,10.794550462155923,10.517766727798932,10.628479957580566,148200,0.0,0.0
2009-10-19 00:00:00-04:00,10.71843055965329,10.815304928949956,10.497004184006801,10.566200256347656,116800,0.0,0.0
2009-10-20 00:00:00-04:00,10.559281563813208,10.62847698311035,10.30325712661808,10.34477424621582,142800,0.0,0.0
2009-10-21 00:00:00-04:00,10.261741329879982,10.51776581654388,9.895003623026597,9.929601669311523,114200,0.0,0.0
2009-10-22 00:00:00-04:00,9.936521693087403,10.400133841529856,9.860406511963609,10.351696968078613,163800,0.0,0.0
2009-10-23 00:00:00-04:00,10.351695324742073,10.4347302345779,9.943439856455477,9.998796463012695,120900,0.0,0.0
2009-10-26 00:00:00-04:00,9.99879729721984,10.171786872119501,9.867325510653355,9.991877555847168,106300,0.0,0.0
2009-10-27 00:00:00-04:00,10.012636315876824,10.227143009264362,9.895003357605145,10.054153442382812,94900,0.0,0.0
2009-10-28 00:00:00-04:00,9.978035418470078,10.185622971373169,9.860402493821747,9.915759086608887,169000,0.0,0.0
2009-10-29 00:00:00-04:00,9.978040577645173,10.642320694461459,9.971120834993247,10.254823684692383,117000,0.0,0.0
2009-10-30 00:00:00-04:00,10.185625790266785,10.635398396113475,9.998796742977875,10.171786308288574,338500,0.0,0.0
2009-11-02 00:00:00-05:00,10.303259752998516,10.33093805975333,9.978039153702287,10.033395767211914,165000,0.0,0.0
2009-11-03 00:00:00-05:00,9.922682477010612,10.19254580117599,9.83964755727489,10.0126371383667,352400,0.0,0.0
2009-11-04 00:00:00-05:00,10.067988818478524,10.151023697529375,9.604376915517681,9.611296653747559,128500,0.0,0.0
2009-11-05 00:00:00-05:00,9.715094767893127,9.957280443392827,9.618220365712672,9.867325782775879,199900,0.0,0.0
2009-11-06 00:00:00-05:00,9.784287906428895,9.998794550840103,9.701253012472685,9.860403060913086,70500,0.0,0.0
2009-11-09 00:00:00-05:00,9.943499693373486,10.14430850957865,9.860406458429937,10.102762222290039,128000,0.01,0.0
2009-11-10 00:00:00-05:00,10.026590860578631,10.289719713819169,9.832706685694202,10.130457878112793,125600,0.0,0.0
2009-11-11 00:00:00-05:00,10.268946228161077,10.372812581826379,9.978119645458825,9.998892784118652,70100,0.0,0.0
2009-11-12 00:00:00-05:00,9.998892236018264,10.116607782581521,9.7219148678495,9.7703857421875,244600,0.0,0.0
2009-11-13 00:00:00-05:00,9.867326662266404,9.936571324042758,9.354918278292699,9.555727005004883,2068000,0.0,0.0
2009-11-16 00:00:00-05:00,9.583426271608026,10.040439263458595,9.341070576964293,9.791159629821777,458600,0.0,0.0
2009-11-17 00:00:00-05:00,9.770386164792932,10.144305958177249,9.562653459864217,10.04043960571289,167100,0.0,0.0
2009-11-18 00:00:00-05:00,10.012743618919519,10.234325561793288,9.881179505429786,10.075063705444336,353400,0.0,0.0
2009-11-19 00:00:00-05:00,9.936574344545399,10.068138449473857,9.867329661720166,10.005818367004395,234700,0.0,0.0
2009-11-20 00:00:00-05:00,9.915800606277907,10.213551819799426,9.915800606277907,10.144307136535645,149600,0.0,0.0
2009-11-23 00:00:00-05:00,10.2343245818923,10.511302644331106,10.19277830176452,10.386662483215332,205500,0.0,0.0
2009-11-24 00:00:00-05:00,10.40743522608081,10.435132965230988,10.068137756399578,10.310493469238281,101400,0.0,0.0
2009-11-25 00:00:00-05:00,10.352040002590794,10.352040002590794,10.102760344103295,10.109684944152832,55300,0.0,0.0
2009-11-27 00:00:00-05:00,9.846555439608547,10.151230557772516,9.846555439608547,10.04043960571289,79000,0.0,0.0
2009-11-30 00:00:00-05:00,10.005818487133766,10.165080995397403,9.72884107323993,10.158156394958496,189200,0.0,0.0
2009-12-01 00:00:00-05:00,10.268944530556006,10.504375597667778,10.268944530556006,10.46975326538086,129100,0.0,0.0
2009-12-02 00:00:00-05:00,10.511303873413997,10.559774759352829,10.345116752372029,10.504379272460938,155900,0.0,0.0
2009-12-03 00:00:00-05:00,10.497454505909522,10.559774592771367,10.199703273287938,10.213552474975586,129900,0.0,0.0
2009-12-04 00:00:00-05:00,10.358966054260152,10.552850260253093,10.09583715880087,10.331268310546875,148800,0.0,0.0
2009-12-07 00:00:00-05:00,10.296643024152177,10.407433967353276,10.081985736791578,10.192776679992676,91100,0.0,0.0
2009-12-08 00:00:00-05:00,10.061211961531475,10.17200290497334,9.867327810508211,10.012741088867188,93700,0.0,0.0
2009-12-09 00:00:00-05:00,10.075064686849183,10.137384779444556,9.90887821350575,10.081989288330078,94400,0.0,0.0
2009-12-10 00:00:00-05:00,10.068138513238479,10.34511592556112,10.040440772006214,10.144307136535645,136000,0.0,0.0
2009-12-11 00:00:00-05:00,10.192780659659125,10.331269392732,10.144309107808843,10.289722442626953,174300,0.0,0.0
2009-12-14 00:00:00-05:00,10.35203974867147,10.705186418141281,10.289719670486656,10.622093200683594,132100,0.0,0.0
2009-12-15 00:00:00-05:00,10.545923545899115,10.947541739809424,10.545923545899115,10.670563697814941,236000,0.0,0.0
2009-12-16 00:00:00-05:00,10.781352475688339,10.885219468121884,10.490525953460065,10.566695213317871,110700,0.0,0.0
2009-12-17 00:00:00-05:00,10.428209413008537,10.732884554975746,10.34511553210581,10.698262214660645,193500,0.0,0.0
2009-12-18 00:00:00-05:00,10.78828030934959,10.829827250856223,10.68441394613236,10.815978050231934,432000,0.0,0.0
2009-12-21 00:00:00-05:00,10.8159788525264,11.030636855561879,10.753658765826865,10.850601196289062,125800,0.0,0.0
2009-12-22 00:00:00-05:00,10.850601912512507,11.044486125868476,10.663641640073081,10.864450454711914,155700,0.0,0.0
2009-12-23 00:00:00-05:00,10.933691338331588,11.030633741425286,10.864446670355218,10.871371269226074,209600,0.0,0.0
2009-12-24 00:00:00-05:00,10.905995398158417,10.919844598179475,10.84367531879606,10.912919998168945,74400,0.0,0.0
2009-12-28 00:00:00-05:00,10.947541956128319,11.307612559359978,10.815977201980578,10.961390495300293,184100,0.0,0.0
2009-12-29 00:00:00-05:00,11.037561134175412,11.279917547939037,10.836752326639399,11.238369941711426,109700,0.0,0.0
2009-12-30 00:00:00-05:00,11.18989550497013,11.35608191495695,10.87137122231234,11.044482231140137,85700,0.0,0.0
2009-12-31 00:00:00-05:00,11.065260260085498,11.342237732536224,11.051411716646154,11.203749656677246,126900,0.0,0.0
2010-01-04 00:00:00-05:00,11.279914426045199,11.54996718812031,11.15527428332369,11.501496315002441,125900,0.0,0.0
2010-01-05 00:00:00-05:00,11.508422009253914,11.584589965373386,11.14142614528787,11.155275344848633,197300,0.0,0.0
2010-01-06 00:00:00-05:00,11.09988140734705,11.549969889658692,11.09988140734705,11.459951400756836,299300,0.0,0.0
2010-01-07 00:00:00-05:00,11.411478398544386,12.16624256973191,11.411478398544386,12.159317970275879,469900,0.0,0.0
2010-01-08 00:00:00-05:00,12.131623735681798,13.080271630981763,11.868494177629282,13.004103660583496,434300,0.0,0.0
2010-01-11 00:00:00-05:00,13.08027019791268,13.08027019791268,12.976403834579976,13.03179931640625,217800,0.0,0.0
2010-01-12 00:00:00-05:00,12.92100942379602,13.107969685731794,12.782520047384505,12.86561393737793,196600,0.0,0.0
2010-01-13 00:00:00-05:00,12.907160559513251,12.921009761663056,12.33243187762246,12.353205680847168,637800,0.0,0.0
2010-01-14 00:00:00-05:00,12.29780904236614,13.024874917680812,12.242413559682474,12.88638687133789,133800,0.0,0.0
2010-01-15 00:00:00-05:00,12.907163285562968,12.907163285562968,12.304737392870177,12.706355094909668,209200,0.0,0.0
2010-01-19 00:00:00-05:00,12.740972763068859,13.170288739673403,12.69942648169825,13.045648574829102,168300,0.0,0.0
2010-01-20 00:00:00-05:00,12.90023184382554,13.12873832348325,12.13854445878797,12.692499160766602,228000,0.0,0.0
2010-01-21 00:00:00-05:00,12.671724774581127,13.0802668435564,12.422445830655223,12.824063301086426,361400,0.0,0.0
2010-01-22 00:00:00-05:00,12.768670033513743,12.983327342436974,12.547088124853328,12.56786060333252,214200,0.0,0.0
2010-01-25 00:00:00-05:00,13.156442734664127,13.627305107011459,12.630184866789627,12.713278770446777,761400,0.0,0.0
2010-01-26 00:00:00-05:00,12.740973176703232,12.91408422888869,12.484769559078963,12.6163330078125,367400,0.0,0.0
2010-01-27 00:00:00-05:00,12.547085842704476,12.907155718419526,12.422445711570294,12.796364784240723,440800,0.0,0.0
2010-01-28 00:00:00-05:00,12.983324509786675,14.02891506879601,12.983324509786675,13.364168167114258,820700,0.0,0.0
2010-01-29 00:00:00-05:00,13.426494514354234,13.454192920223383,13.087196966853273,13.149517059326172,345200,0.0,0.0
2010-02-01 00:00:00-05:00,13.232608997835813,13.232608997835813,12.817142216414545,12.893311500549316,481000,0.0,0.0
2010-02-02 00:00:00-05:00,12.969477189754068,12.969477189754068,12.450144134225646,12.574784278869629,307700,0.0,0.0
2010-02-03 00:00:00-05:00,12.519392069905312,12.623258443945195,12.221640829120403,12.533241271972656,223900,0.0,0.0
2010-02-04 00:00:00-05:00,12.422447935410771,12.692500720724368,12.256261504392223,12.318581581115723,319600,0.0,0.0
2010-02-05 00:00:00-05:00,12.304732416981368,12.706349956611456,12.242412340079081,12.56786060333252,375500,0.0,0.0
2010-02-08 00:00:00-05:00,12.588640883110303,12.73413362109093,12.43621973073156,12.470860481262207,314600,0.01,0.0
2010-02-09 00:00:00-05:00,12.678711106474958,12.851917549576859,12.401581061803977,12.51936149597168,316900,0.0,0.0
2010-02-10 00:00:00-05:00,12.470865118993471,12.789564371066747,12.408510687681671,12.644071578979492,389000,0.0,0.0
2010-02-11 00:00:00-05:00,12.574788730693,12.699497593316602,12.498578786892235,12.644071578979492,270200,0.0,0.0
2010-02-12 00:00:00-05:00,12.644078211203256,12.955850531296823,12.5262977037747,12.935065269470215,349800,0.0,0.0
2010-02-16 00:00:00-05:00,12.962768962521151,13.3784646708588,12.650998172363085,13.371536254882812,180700,0.0,0.0
2010-02-17 00:00:00-05:00,13.406177853005286,13.503173030263085,13.191402251308652,13.343823432922363,100100,0.0,0.0
2010-02-18 00:00:00-05:00,13.288401253497309,13.43389406126263,13.260687582612164,13.35075569152832,161000,0.0,0.0
2010-02-19 00:00:00-05:00,13.329964855987145,13.510099676921296,13.316108026347594,13.43388843536377,97100,0.0,0.0
2010-02-22 00:00:00-05:00,13.42696760730393,14.182148070385798,13.406183672560877,13.925803184509277,359100,0.0,0.0
2010-02-23 00:00:00-05:00,13.932725850302289,14.08514703514527,13.669451332938708,13.918869018554688,197000,0.0,0.0
2010-02-24 00:00:00-05:00,14.00894003286811,14.466205047609817,13.877304055702892,14.417707443237305,267800,0.0,0.0
2010-02-25 00:00:00-05:00,14.21678816776237,14.452349085818788,14.099007708734161,14.396923065185547,173800,0.0,0.0
2010-02-26 00:00:00-05:00,14.438493188361546,14.48699079438394,14.064366533684801,14.17521858215332,269900,0.0,0.0
2010-03-01 00:00:00-05:00,14.2929987706334,14.514704184715796,14.071294678011629,14.258358001708984,327900,0.0,0.0
2010-03-02 00:00:00-05:00,14.334563675310472,14.653262853500616,14.223711672334758,14.542410850524902,278600,0.0,0.0
2010-03-03 00:00:00-05:00,14.514703879184502,14.611699087299643,14.306855305631288,14.334568977355957,266000,0.0,0.0
2010-03-04 00:00:00-05:00,14.424633107888058,14.563198798041094,14.237569822619568,14.445418357849121,143100,0.0,0.0
2010-03-05 00:00:00-05:00,14.480059707547898,14.76411819458008,14.417705276593477,14.764118194580078,229000,0.0,0.0
2010-03-08 00:00:00-05:00,14.764114035096066,14.764114035096066,14.500840873040602,14.577052116394043,143800,0.0,0.0
2010-03-09 00:00:00-05:00,14.535492063114264,14.687914659261988,14.403856048300668,14.570134162902832,190600,0.0,0.0
2010-03-10 00:00:00-05:00,14.55627400598348,15.041251399360554,14.4523503732213,14.881901741027832,182100,0.0,0.0
2010-03-11 00:00:00-05:00,14.743334299189883,15.290666023709822,14.701763797484256,15.242168426513672,193000,0.0,0.0
2010-03-12 00:00:00-05:00,15.290665176715239,15.588580481801092,15.068961132407722,15.269881248474121,152000,0.0,0.0
2010-03-15 00:00:00-04:00,15.186742412366584,15.290666023709822,14.902683924680208,15.242168426513672,97400,0.0,0.0
2010-03-16 00:00:00-04:00,15.290668816513858,15.456946889325412,15.013538695161266,15.221385955810547,91300,0.0,0.0
2010-03-17 00:00:00-04:00,15.269883978983959,15.65786612589979,15.1659590333535,15.235241889953613,127800,0.0,0.0
2010-03-18 00:00:00-04:00,15.256026764544835,15.630152066558509,14.98582376265994,15.020465850830078,142800,0.0,0.0
2010-03-19 00:00:00-04:00,15.124387865491949,15.179813879214754,14.486988046949506,14.687908172607422,226800,0.0,0.0
2010-03-22 00:00:00-04:00,14.556269672116608,14.881897310211201,14.486986830415976,14.81954288482666,210500,0.0,0.0
2010-03-23 00:00:00-04:00,14.86111607934901,15.075891738278852,14.611698332552718,14.985823631286621,69200,0.0,0.0
2010-03-24 00:00:00-04:00,14.923465401373372,15.117455741097617,14.791828155517578,14.791828155517578,79100,0.0,0.0
2010-03-25 00:00:00-04:00,14.272211242803303,14.743332981682954,14.16828764074698,14.369206428527832,274900,0.0,0.0
2010-03-26 00:00:00-04:00,14.480061232436308,14.63248377813662,14.244500317681776,14.286070823669434,237800,0.0,0.0
2010-03-29 00:00:00-04:00,14.29299890501871,14.29299890501871,13.828805461179716,14.07822322845459,93400,0.0,0.0
2010-03-30 00:00:00-04:00,14.105934854952194,14.299925248951482,14.002009919354919,14.25142765045166,91600,0.0,0.0
2010-03-31 00:00:00-04:00,14.147507980188355,14.410781297491205,13.98122988692432,14.071296691894531,146600,0.0,0.0
2010-04-01 00:00:00-04:00,14.112863142606756,14.244499102624125,13.953512192834488,14.161360740661621,60100,0.0,0.0
2010-04-05 00:00:00-04:00,14.189074843722647,14.480061789528667,13.939658405503632,14.334568977355957,86900,0.0,0.0
2010-04-06 00:00:00-04:00,14.258358734272822,14.833404249602875,14.126721426967668,14.694838523864746,113900,0.0,0.0
2010-04-07 00:00:00-04:00,14.618624438974214,15.068960938357192,14.327637554202695,14.50084400177002,143000,0.0,0.0
2010-04-08 00:00:00-04:00,14.466201877693752,15.048175645559738,14.466201877693752,14.951180458068848,128200,0.0,0.0
2010-04-09 00:00:00-04:00,14.888825668160472,15.214453304978544,14.473129941046569,14.750261306762695,273900,0.0,0.0
2010-04-12 00:00:00-04:00,14.757186079523905,14.902680155777169,14.646334079264314,14.791828155517578,115600,0.0,0.0
2010-04-13 00:00:00-04:00,14.750264936988263,14.798762541486369,14.064366091638842,14.154434204101562,303900,0.0,0.0
2010-04-14 00:00:00-04:00,14.306852547695698,14.618624687194824,14.306852547695698,14.618624687194824,146800,0.0,0.0
2010-04-15 00:00:00-04:00,14.563196091821807,14.791828513066235,14.51469850571846,14.73640251159668,136700,0.0,0.0
2010-04-16 00:00:00-04:00,14.715627017631855,14.715627017631855,14.396927628342954,14.570134162902832,295100,0.0,0.0
2010-04-19 00:00:00-04:00,14.480058998204024,14.625553103790399,14.119789263996221,14.618624687194824,230000,0.0,0.0
2010-04-20 00:00:00-04:00,14.61862820192669,14.98582511955425,14.48006247962077,14.971969604492188,100500,0.0,0.0
2010-04-21 00:00:00-04:00,14.992753935369725,15.803360392994211,14.847261112405159,15.754862785339355,269300,0.0,0.0
2010-04-22 00:00:00-04:00,15.57472680418318,16.72481775813777,15.57472680418318,16.697105407714844,254600,0.0,0.0
2010-04-23 00:00:00-04:00,16.66246140820061,17.29293283522698,16.212124863390407,16.960376739501953,542300,0.0,0.0
2010-04-26 00:00:00-04:00,16.960374732284976,17.279075277399407,16.19826611201338,16.219051361083984,236000,0.0,0.0
2010-04-27 00:00:00-04:00,16.05970594458585,16.253696367413703,15.39459233664003,15.408449172973633,228100,0.0,0.0
2010-04-28 00:00:00-04:00,15.505444625941188,15.72715004635076,15.179816895792568,15.256028175354004,157200,0.0,0.0
2010-04-29 00:00:00-04:00,15.103604876389369,16.42690230844773,15.103604876389369,16.12898826599121,622100,0.0,0.0
2010-04-30 00:00:00-04:00,16.101266066403376,16.163620473335662,15.450009661477226,15.574718475341797,4961900,0.0,0.0
2010-05-03 00:00:00-04:00,15.865706819897097,15.865706819897097,15.17980959797679,15.623217582702637,985900,0.0,0.0
2010-05-04 00:00:00-04:00,15.387658024953895,15.588578110456199,14.868038754605356,15.311448097229004,995400,0.0,0.0
2010-05-05 00:00:00-04:00,14.985821905710965,15.540083354607667,14.833400701031072,15.498514175415039,752800,0.0,0.0
2010-05-06 00:00:00-04:00,15.415377076418938,15.678650350663428,14.708694304529189,15.096677780151367,1462800,0.0,0.0
2010-05-07 00:00:00-04:00,15.20753166960039,15.332239243189884,14.909616269527174,15.075894355773926,1179900,0.0,0.0
2010-05-10 00:00:00-04:00,15.58188316653835,15.845278734470035,15.24224262647301,15.512568473815918,528900,0.01,0.0
2010-05-11 00:00:00-04:00,15.31155888033193,16.184920924718142,15.31155888033193,15.852211952209473,531900,0.0,0.0
2010-05-12 00:00:00-04:00,15.86607711342313,16.649331135398977,15.796763721377019,16.48990821838379,396400,0.0,0.0
2010-05-13 00:00:00-04:00,16.503772446459145,16.690921804515423,16.16413175335797,16.330486297607422,380400,0.0,0.0
2010-05-14 00:00:00-04:00,16.198784212414186,16.205714492567655,15.59574803983083,15.699719429016113,356900,0.0,0.0
2010-05-17 00:00:00-04:00,15.803695254349106,15.935393089388038,15.304631652930233,15.782901763916016,408500,0.0,0.0
2010-05-18 00:00:00-04:00,15.997774887954783,15.997774887954783,15.103619177090545,15.249178886413574,482000,0.0,0.0
2010-05-19 00:00:00-04:00,15.200655476867002,15.727445330073083,15.0758892850461,15.242243766784668,321000,0.0,0.0
2010-05-20 00:00:00-04:00,14.9788510579872,15.138273954297205,14.257980240131126,14.313431739807129,353000,0.0,0.0
2010-05-21 00:00:00-04:00,14.14707839199655,14.784771351196818,14.084695284526122,14.542170524597168,450500,0.0,0.0
2010-05-24 00:00:00-04:00,14.479792782725173,14.763982012257562,14.14015202845643,14.1609468460083,302500,0.0,0.0
2010-05-25 00:00:00-04:00,13.959928921109109,14.403542271965952,13.592563205544003,14.334227561950684,467600,0.0,0.0
2010-05-26 00:00:00-04:00,14.424338334297506,14.729322319564094,14.334230120640843,14.6045560836792,522700,0.0,0.0
2010-05-27 00:00:00-04:00,14.798631274145702,15.415529286618492,14.798631274145702,15.339282989501953,784900,0.0,0.0
2010-05-28 00:00:00-04:00,15.3392825622738,15.699717910517725,15.055093509022809,15.477911949157715,2018200,0.0,0.0
2010-06-01 00:00:00-04:00,15.367008292000353,15.477911267798254,15.117475935421199,15.15213394165039,503400,0.0,0.0
2010-06-02 00:00:00-04:00,15.214518054544556,15.512568995764216,15.096683469572003,15.491775512695312,358200,0.0,0.0
2010-06-03 00:00:00-04:00,15.457122294297656,15.581888519647523,14.874880790710447,14.87488079071045,467600,0.0,0.0
2010-06-04 00:00:00-04:00,14.521372306736012,14.75010985226428,13.793570064005916,13.835158348083496,488600,0.0,0.0
2010-06-07 00:00:00-04:00,13.855959902919876,14.03617765116326,13.48859280203124,13.495524406433105,262500,0.0,0.0
2010-06-08 00:00:00-04:00,13.523250825221085,13.66187894706539,12.961804089304684,13.23213005065918,368800,0.0,0.0
2010-06-09 00:00:00-04:00,13.391552506739727,13.530181945694077,13.051911835576712,13.273717880249023,368000,0.0,0.0
2010-06-10 00:00:00-04:00,13.481655108262897,13.793569202464278,13.329162539390211,13.779706001281738,413000,0.0,0.0
2010-06-11 00:00:00-04:00,13.613355735291229,14.050037452215642,13.52324754405891,13.81436824798584,181300,0.0,0.0
2010-06-14 00:00:00-04:00,13.918338775634766,14.29956764699108,13.703464392983095,13.918338775634766,210300,0.0,0.0
2010-06-15 00:00:00-04:00,13.946066365333067,14.181734252729843,13.807436951976785,14.147077560424805,182700,0.0,0.0
2010-06-16 00:00:00-04:00,13.99458326611694,14.285703914160322,13.724256100175939,14.022308349609375,254200,0.0,0.0
2010-06-17 00:00:00-04:00,14.091631407968622,14.209466057425134,13.758922276115612,14.133219718933105,219300,0.0,0.0
2010-06-18 00:00:00-04:00,14.209460343173127,14.375814842201136,14.084694138385112,14.313431739807129,590100,0.0,0.0
2010-06-21 00:00:00-04:00,14.396609173782766,14.514443771952086,14.015378969320615,14.112420082092285,108600,0.0,0.0
2010-06-22 00:00:00-04:00,14.188661411869935,14.521371635310178,13.9876502797327,14.001513481140137,229400,0.0,0.0
2010-06-23 00:00:00-04:00,13.939133167499547,14.02230974834154,13.661874372511791,13.724257469177246,196300,0.0,0.0
2010-06-24 00:00:00-04:00,13.585631116705471,13.682670914017198,13.155880987627098,13.176675796508789,218600,0.0,0.0
2010-06-25 00:00:00-04:00,13.176674956475878,14.036173837770189,12.99645725719462,13.876750946044922,836400,0.0,0.0
2010-06-28 00:00:00-04:00,13.724259715232034,13.973792142731277,13.599494823550543,13.654946327209473,179800,0.0,0.0
2010-06-29 00:00:00-04:00,13.412343419229579,13.412343419229579,12.781582167326665,12.934073448181152,203900,0.0,0.0
2010-06-30 00:00:00-04:00,12.961802331908883,13.301442969170326,12.594435280796784,12.656818389892578,237200,0.0,0.0
2010-07-01 00:00:00-04:00,12.615229685687634,12.823172494610825,11.991398614781787,12.282519340515137,255400,0.0,0.0
2010-07-02 00:00:00-04:00,12.407283436832557,12.407283436832557,11.81118020270624,12.07457447052002,110200,0.0,0.0
2010-07-06 00:00:00-04:00,12.275588149722177,12.34490286238152,11.533923765024008,11.700278282165527,238500,0.0,0.0
2010-07-07 00:00:00-04:00,11.74879757173661,12.296380935228727,11.610168169246776,12.275586128234863,305400,0.0,0.0
2010-07-08 00:00:00-04:00,12.35876488696635,12.476599490593568,11.956741178485501,12.088438987731934,267300,0.0,0.0
2010-07-09 00:00:00-04:00,12.026057314301163,12.261726549574503,11.873564678495937,12.13002872467041,407400,0.0,0.0
2010-07-12 00:00:00-04:00,12.16468536465667,12.441944220453319,12.088440369173977,12.20627498626709,174100,0.0,0.0
2010-07-13 00:00:00-04:00,12.33797263709732,12.947940590152983,12.33797263709732,12.878625869750977,395500,0.0,0.0
2010-07-14 00:00:00-04:00,12.823171195183996,13.079635200797597,12.726131403795716,13.044977188110352,321000,0.0,0.0
2010-07-15 00:00:00-04:00,13.031112997578806,13.031112997578806,12.615227453326554,12.961799621582031,326600,0.0,0.0
2010-07-16 00:00:00-04:00,12.837036818587409,12.878625119578789,12.178548996227361,12.227068901062012,292500,0.0,0.0
2010-07-19 00:00:00-04:00,12.261721456656637,12.30330973911696,11.741863298665779,11.825039863586426,320700,0.0,0.0
2010-07-20 00:00:00-04:00,11.658688115450689,11.838905810663364,11.416087321046396,11.637894630432129,413500,0.0,0.0
2010-07-21 00:00:00-04:00,11.714139310643287,11.880493796848013,11.222007454212795,11.228939056396484,226100,0.0,0.0
2010-07-22 00:00:00-04:00,11.423019055376747,12.08843834708548,11.423019055376747,11.922083854675293,747600,0.0,0.0
2010-07-23 00:00:00-04:00,11.845836657637172,12.289448603984338,11.644824168156184,12.261723518371582,318300,0.0,0.0
2010-07-26 00:00:00-04:00,12.240928321289937,12.663746770427737,12.109230533152815,12.642951965332031,261700,0.0,0.0
2010-07-27 00:00:00-04:00,12.739990280222939,12.947934341068548,12.462732854496481,12.601362228393555,200800,0.0,0.0
2010-07-28 00:00:00-04:00,12.511256775706517,12.691474491095898,12.310245572970592,12.331040382385254,336000,0.0,0.0
2010-07-29 00:00:00-04:00,12.663746473335578,12.809306139387159,12.483528799604233,12.649883270263672,284100,0.0,0.0
2010-07-30 00:00:00-04:00,12.43501178140311,13.024184827284984,12.414216971995002,12.67068099975586,210200,0.0,0.0
2010-08-02 00:00:00-04:00,12.920205277475189,12.934068476424306,12.573633236151778,12.80930233001709,155900,0.0,0.0
2010-08-03 00:00:00-04:00,12.719194673995844,12.76771455013103,12.448867572279495,12.476593971252441,164400,0.0,0.0
2010-08-04 00:00:00-04:00,12.573636120268368,13.04497441611367,12.573636120268368,12.594430923461914,252200,0.0,0.0
2010-08-05 00:00:00-04:00,12.462735501414288,12.594433302380583,12.095369830078578,12.136958122253418,255700,0.0,0.0
2010-08-06 00:00:00-04:00,12.067643135116468,12.240929224158425,11.721070957032554,11.984466552734375,228200,0.0,0.0
2010-08-09 00:00:00-04:00,12.039952610090753,12.109306115112027,11.824952511458193,12.05382251739502,692600,0.01,0.0
2010-08-10 00:00:00-04:00,11.880434697078787,11.970596359423224,11.686242789567366,11.748661994934082,155300,0.0,0.0
2010-08-11 00:00:00-04:00,11.568338425927948,11.658498753225306,11.089791690555726,11.124469757080078,213100,0.0,0.0
2010-08-12 00:00:00-04:00,11.055113636425173,11.512854166426282,11.03430745914854,11.374144554138184,562500,0.0,0.0
2010-08-13 00:00:00-04:00,11.36721134185791,11.568340189868337,11.249308543363256,11.36721134185791,251200,0.0,0.0
2010-08-16 00:00:00-04:00,11.311727218687155,11.630758850213166,11.297857313446725,11.596080780029297,134000,0.0,0.0
2010-08-17 00:00:00-04:00,11.679305743937919,11.949788052155315,11.582209802082032,11.859627723693848,253600,0.0,0.0
2010-08-18 00:00:00-04:00,11.852689253068403,12.116235884360345,11.693174151948735,11.977527618408203,196900,0.0,0.0
2010-08-19 00:00:00-04:00,11.915114826642965,12.026082028057175,11.450439174658438,11.512858390808105,282300,0.0,0.0
2010-08-20 00:00:00-04:00,11.443501837113324,11.824951369217159,11.186889395689029,11.790274620056152,329300,0.0,0.0
2010-08-23 00:00:00-04:00,11.901242838241368,11.9289852982458,11.56140564018688,11.568341255187988,362500,0.0,0.0
2010-08-24 00:00:00-04:00,11.436563664404172,11.651562371341143,11.228500570314573,11.519789695739746,415700,0.0,0.0
2010-08-25 00:00:00-04:00,11.408825087952316,11.811081463252668,11.277051060040748,11.790274620056152,339600,0.0,0.0
2010-08-26 00:00:00-04:00,11.790274357567506,12.03995117903437,11.707048309467499,11.748661994934082,359500,0.0,0.0
2010-08-27 00:00:00-04:00,11.915113084054804,12.372853053652186,11.824951419321057,12.31736946105957,447700,0.0,0.0
2010-08-30 00:00:00-04:00,12.303498549712511,12.393660216773009,12.09543540282913,12.13704776763916,419200,0.0,0.0
2010-08-31 00:00:00-04:00,12.088499282985472,12.449143290487964,12.039951305597285,12.352046012878418,429800,0.0,0.0
2010-09-01 00:00:00-04:00,12.546238563123564,12.879140095256806,12.386723410997192,12.844463348388672,281300,0.0,0.0
2010-09-02 00:00:00-04:00,12.837526321411133,12.941557873397793,12.567044021679225,12.837526321411133,122400,0.0,0.0
2010-09-03 00:00:00-04:00,12.955428346425524,13.163491438300493,12.691880352362162,13.128814697265625,147300,0.0,0.0
2010-09-07 00:00:00-04:00,13.08720216097841,13.08720216097841,12.567043115710845,12.601719856262207,225900,0.0,0.0
2010-09-08 00:00:00-04:00,12.678010778769584,12.941557456841752,12.56010800422424,12.920750617980957,197200,0.0,0.0
2010-09-09 00:00:00-04:00,13.094137651762733,13.142686944953383,12.983170484421496,13.101073265075684,190500,0.0,0.0
2010-09-10 00:00:00-04:00,13.108010751052646,13.212042319943308,12.990107953554384,13.114946365356445,197300,0.0,0.0
2010-09-13 00:00:00-04:00,13.25365558044356,13.808491478610653,13.25365558044356,13.753007888793945,205600,0.0,0.0
2010-09-14 00:00:00-04:00,13.753009546511555,13.753009546511555,13.135754370045733,13.274462699890137,159500,0.0,0.0
2010-09-15 00:00:00-04:00,13.177363829430925,13.350750195607649,13.03865420735635,13.302202224731445,120400,0.0,0.0
2010-09-16 00:00:00-04:00,13.281394695704268,13.440909826833364,12.84446165764785,13.017848014831543,141800,0.0,0.0
2010-09-17 00:00:00-04:00,13.177365797833698,13.24672061923104,12.650271007180367,13.170430183410645,349100,0.0,0.0
2010-09-20 00:00:00-04:00,13.184297627611732,13.57961827641387,13.052523637066749,13.496392250061035,257500,0.0,0.0
2010-09-21 00:00:00-04:00,13.454783251359235,13.676717613164504,13.239784503714525,13.281396865844727,155500,0.0,0.0
2010-09-22 00:00:00-04:00,13.191237115993689,13.364623509244394,12.802850642672201,12.934624671936035,195300,0.0,0.0
2010-09-23 00:00:00-04:00,12.80285432881115,13.288336898824317,12.698822727475067,12.747370719909668,154500,0.0,0.0
2010-09-24 00:00:00-04:00,12.89994435776331,12.990104675292969,12.830589555061277,12.990104675292969,277400,0.0,0.0
2010-09-27 00:00:00-04:00,12.976235454118127,13.302202680307255,12.837527150126043,13.205106735229492,213700,0.0,0.0
2010-09-28 00:00:00-04:00,13.267522331131754,13.551877149518132,12.983168835578189,13.496392250061035,300700,0.0,0.0
2010-09-29 00:00:00-04:00,13.503331832327493,13.64897709055489,13.309139918468565,13.579622268676758,153200,0.0,0.0
2010-09-30 00:00:00-04:00,13.739134313077665,13.850101473750545,13.461716411395464,13.628167152404785,349400,0.0,0.0
2010-10-01 00:00:00-04:00,13.73220328603836,13.753010131675289,13.343818093982394,13.378496170043945,160900,0.0,0.0
2010-10-04 00:00:00-04:00,13.343818922659898,13.343818922659898,12.775111668266055,12.872207641601562,189000,0.0,0.0
2010-10-05 00:00:00-04:00,12.955432761408318,13.37156040980009,12.754303890932853,13.295269966125488,266200,0.0,0.0
2010-10-06 00:00:00-04:00,13.309140774476203,13.496397085907812,13.191237966550151,13.274462699890137,142400,0.0,0.0
2010-10-07 00:00:00-04:00,13.399301122733402,13.420107967485041,13.0733351586241,13.274462699890137,160400,0.0,0.0
2010-10-08 00:00:00-04:00,13.246719328055487,13.482524904122247,13.156557672177163,13.364622116088867,117500,0.0,0.0
2010-10-11 00:00:00-04:00,13.392365932378016,13.454785145778448,13.170431539324625,13.295269966125488,54500,0.0,0.0
2010-10-12 00:00:00-04:00,13.295265655612008,13.621231524372257,13.108008076122271,13.52413558959961,187500,0.0,0.0
2010-10-13 00:00:00-04:00,13.538005111364807,14.245421662951356,13.399295516720597,13.947196960449219,204800,0.0,0.0
2010-10-14 00:00:00-04:00,13.877838570025181,13.933322128951106,13.378486539691847,13.63509750366211,215000,0.0,0.0
2010-10-15 00:00:00-04:00,13.82236507753687,13.891719907411536,13.225915392581435,13.336882591247559,224400,0.0,0.0
2010-10-18 00:00:00-04:00,13.399297835860148,13.725265042842357,13.101073081741513,13.718329429626465,80400,0.0,0.0
2010-10-19 00:00:00-04:00,13.503327056921485,13.954132578286892,13.482521543699084,13.71139144897461,395300,0.0,0.0
2010-10-20 00:00:00-04:00,13.753007392578871,13.753007392578871,13.364622277875027,13.5518798828125,216300,0.0,0.0
2010-10-21 00:00:00-04:00,13.662849404576964,13.683654926809501,13.101076493298946,13.239786148071289,218000,0.0,0.0
2010-10-22 00:00:00-04:00,13.246720161758208,13.316074980760394,12.920752909297871,13.059462547302246,222800,0.0,0.0
2010-10-25 00:00:00-04:00,13.12882168858675,13.17736968102135,12.698822727475067,12.747370719909668,174400,0.0,0.0
2010-10-26 00:00:00-04:00,12.712691452634932,12.886077861603129,12.553176273864187,12.795917510986328,181300,0.0,0.0
2010-10-27 00:00:00-04:00,12.71268887120911,12.906882086040808,12.587850470448236,12.733495712280273,156300,0.0,0.0
2010-10-28 00:00:00-04:00,12.879138689669908,13.059460663937275,12.310431636967499,12.615592002868652,273000,0.0,0.0
2010-10-29 00:00:00-04:00,12.553174088661514,12.79591528352831,12.46994804479775,12.629463195800781,209700,0.0,0.0
2010-11-01 00:00:00-04:00,12.671072916666938,12.705749652446805,11.790270070398503,11.977527618408203,293400,0.0,0.0
2010-11-02 00:00:00-04:00,12.0746285590075,12.31736977892693,12.0746285590075,12.13704776763916,221700,0.0,0.0
2010-11-03 00:00:00-04:00,12.178660040084372,12.421401258162815,12.046887332046454,12.37285327911377,283900,0.0,0.0
2010-11-04 00:00:00-04:00,12.567043846954498,12.976234436035158,12.50462465206375,12.976234436035156,381800,0.0,0.0
2010-11-05 00:00:00-04:00,13.003978169945958,13.510266069215918,12.899946609153004,13.246719360351562,289300,0.0,0.0
2010-11-08 00:00:00-05:00,13.15651153511775,13.232841934318323,13.010791307763343,13.100998878479004,95100,0.01,0.0
2010-11-09 00:00:00-05:00,13.094060954484528,13.232841934318323,12.93446090856277,13.100998878479004,229700,0.0,0.0
2010-11-10 00:00:00-05:00,13.12181178103894,13.42713194169726,13.038543488557536,13.399374961853027,288600,0.0,0.0
2010-11-11 00:00:00-05:00,13.295293355308106,13.496527555514257,13.295293355308106,13.406318664550781,169700,0.0,0.0
2010-11-12 00:00:00-05:00,13.177330199902455,13.177330199902455,12.670777007181732,12.677716255187988,198100,0.0,0.0
2010-11-15 00:00:00-05:00,12.733226407782876,13.094059291881445,12.663835264913772,12.872007369995117,124600,0.0,0.0
2010-11-16 00:00:00-05:00,12.788740196085724,12.795679443343104,12.462602192619311,12.615262985229492,211600,0.0,0.0
2010-11-17 00:00:00-05:00,12.615259786899278,12.712406576820925,12.372391488569415,12.42790412902832,115200,0.0,0.0
2010-11-18 00:00:00-05:00,12.545874276023468,12.934462933324374,12.545874276023468,12.754046440124512,154500,0.0,0.0
2010-11-19 00:00:00-05:00,12.733228028910261,12.788740685567928,12.525054573799402,12.70547103881836,152100,0.0,0.0
2010-11-22 00:00:00-05:00,12.65689113439542,12.767916390734598,12.254424249284535,12.47647476196289,157500,0.0,0.0
2010-11-23 00:00:00-05:00,12.344638568891705,12.448724627404028,12.212795522228873,12.358515739440918,110800,0.0,0.0
2010-11-24 00:00:00-05:00,12.462597559253885,12.525049437825752,12.351572291465143,12.490354537963867,131300,0.0,0.0
2010-11-26 00:00:00-05:00,12.37239558010805,12.518117136706238,12.205857603657396,12.219736099243164,52600,0.0,0.0
2010-11-29 00:00:00-05:00,12.185039860278744,12.32382216908405,12.025441131620974,12.219736099243164,126300,0.0,0.0
2010-11-30 00:00:00-05:00,12.087890001553083,12.150341892473906,11.949107727612178,12.101768493652344,240900,0.0,0.0
2010-12-01 00:00:00-05:00,12.351576196064219,12.46954074582159,12.289124297749963,12.386272430419922,396900,0.0,0.0
2010-12-02 00:00:00-05:00,12.420963414714505,12.55974566121323,12.420963414714505,12.490354537963867,178200,0.0,0.0
2010-12-03 00:00:00-05:00,12.40015044314531,12.705469352475747,12.240550418352173,12.649956703186035,211300,0.0,0.0
2010-12-06 00:00:00-05:00,12.58056514385983,13.010789154244932,12.566687974641665,12.976094245910645,174900,0.0,0.0
2010-12-07 00:00:00-05:00,13.107934954392828,13.218960240806547,12.934457778930664,12.934457778930664,169300,0.0,0.0
2010-12-08 00:00:00-05:00,13.010794466192072,13.399383156994935,13.010794466192072,13.357748985290527,226900,0.0,0.0
2010-12-09 00:00:00-05:00,13.5034654792566,13.71163892673118,13.31611109711339,13.406318664550781,173100,0.0,0.0
2010-12-10 00:00:00-05:00,13.434073393295257,13.843479648565888,13.364682255812363,13.739392280578613,260100,0.0,0.0
2010-12-13 00:00:00-05:00,13.829600951909919,13.864295858375511,13.413255456693587,13.44795036315918,187700,0.0,0.0
2010-12-14 00:00:00-05:00,13.510405294172402,13.843482559420943,13.371624313551141,13.781030654907227,185500,0.0,0.0
2010-12-15 00:00:00-05:00,13.794905679749139,13.940627208779462,13.670003213685066,13.815723419189453,252500,0.0,0.0
2010-12-16 00:00:00-05:00,13.898996604184843,14.218194082659034,13.787971279191535,14.065534591674805,249000,0.0,0.0
2010-12-17 00:00:00-05:00,14.04471241531344,14.252885826634534,13.954504863542397,14.079408645629883,505000,0.0,0.0
2010-12-20 00:00:00-05:00,14.093287058016061,14.3639123842646,14.079409888190629,14.24594783782959,160300,0.0,0.0
2010-12-21 00:00:00-05:00,14.273703349355024,14.801074179371652,14.218190700065167,14.523510932922363,199800,0.0,0.0
2010-12-22 00:00:00-05:00,14.572084167282785,15.259053690631575,14.572084167282785,14.9745512008667,273400,0.0,0.0
2010-12-23 00:00:00-05:00,14.974553467333926,15.092518029007445,14.523512963356175,14.794137001037598,137800,0.0,0.0
2010-12-27 00:00:00-05:00,14.759443522343712,14.960676427403996,14.620661204454619,14.905163764953613,52400,0.0,0.0
2010-12-28 00:00:00-05:00,14.932920129516068,15.071701118038533,14.745564405308212,14.919041633605957,76300,0.0,0.0
2010-12-29 00:00:00-05:00,14.93291439091708,14.93291439091708,14.696985345215687,14.745558738708496,82900,0.0,0.0
2010-12-30 00:00:00-05:00,14.717803211467741,14.974550018397197,14.634534906833101,14.83576774597168,152700,0.0,0.0
2010-12-31 00:00:00-05:00,14.821896290079234,14.967616541115035,14.613722801208496,14.613722801208496,198700,0.0,0.0
2011-01-03 00:00:00-05:00,14.787198100112294,15.363142426837165,14.613720877321356,15.009248733520508,251300,0.0,0.0
2011-01-04 00:00:00-05:00,14.94679623354065,14.94679623354065,14.037774749789248,14.634536743164062,461200,0.0,0.0
2011-01-05 00:00:00-05:00,14.558203312019776,15.05087914691964,14.558203312019776,15.03700065612793,155000,0.0,0.0
2011-01-06 00:00:00-05:00,15.009252095895045,15.030069843762975,14.579029228169594,14.676176071166992,229000,0.0,0.0
2011-01-07 00:00:00-05:00,14.683114020620378,14.8149570983928,13.947570866912265,13.975326538085938,257000,0.0,0.0
2011-01-10 00:00:00-05:00,13.892056256189056,14.204314461690949,13.61449296567865,14.148801803588867,201400,0.0,0.0
2011-01-11 00:00:00-05:00,14.21124968235381,14.252885156776756,13.892052319599316,14.051651000976562,75000,0.0,0.0
2011-01-12 00:00:00-05:00,14.197369637913104,14.412482261657713,14.10716210024891,14.412482261657715,136300,0.0,0.0
2011-01-13 00:00:00-05:00,14.433304854808584,14.488817514883763,14.162680802382866,14.280645370483398,115000,0.0,0.0
2011-01-14 00:00:00-05:00,14.218191197170611,14.676170900705605,14.183496286473659,14.634536743164062,228800,0.0,0.0
2011-01-18 00:00:00-05:00,14.74555980997746,14.794133206999138,14.57208263574243,14.641473770141602,252300,0.0,0.0
2011-01-19 00:00:00-05:00,14.56514855414469,14.613721968388479,13.961448514934363,14.065534591674805,175700,0.0,0.0
2011-01-20 00:00:00-05:00,13.947570866912265,14.183500027757079,13.871240455013545,13.975326538085938,148700,0.0,0.0
2011-01-21 00:00:00-05:00,14.058593129560274,14.183496931390223,13.836542514540836,13.857358932495117,228900,0.0,0.0
2011-01-24 00:00:00-05:00,13.82960572989272,13.933691808775983,13.586737330147571,13.614494323730469,138300,0.0,0.0
2011-01-25 00:00:00-05:00,13.54510075144631,13.88511592113558,13.54510075144631,13.857358932495117,166900,0.0,0.0
2011-01-26 00:00:00-05:00,13.753271739911545,14.072470465368594,13.489586987165248,13.954505920410156,175500,0.0,0.0
2011-01-27 00:00:00-05:00,13.892051605871282,14.294518573268443,13.892051605871282,14.016955375671387,101200,0.0,0.0
2011-01-28 00:00:00-05:00,13.975322549509881,14.072470679707413,13.649185896022532,13.683880805969238,215100,0.0,0.0
2011-01-31 00:00:00-05:00,13.642246746969015,13.982261896279011,13.510403705881142,13.947566986083984,256500,0.0,0.0
2011-02-01 00:00:00-05:00,14.016958780272859,14.329216957092285,13.732456268191893,14.329216957092285,180200,0.0,0.0
2011-02-02 00:00:00-05:00,14.245950372346428,14.25982754464077,14.093289565372803,14.232071876525879,127700,0.0,0.0
2011-02-03 00:00:00-05:00,14.176557853810506,14.356974311553461,14.010019890553796,14.169618606567383,129700,0.0,0.0
2011-02-04 00:00:00-05:00,14.398606888258875,14.551266340243368,13.635306981284543,13.815723419189453,455300,0.0,0.0
2011-02-07 00:00:00-05:00,13.794905231044579,14.225129234135684,13.794905231044579,14.100225448608398,258800,0.0,0.0
2011-02-08 00:00:00-05:00,14.072469399566593,14.127982044547048,13.961444109605685,14.079408645629883,263600,0.0,0.0
2011-02-09 00:00:00-05:00,13.989199407763122,14.148798092504741,13.704696944171252,13.850417137145996,103300,0.0,0.0
2011-02-10 00:00:00-05:00,13.746332313918197,13.878175350333631,13.593672861533866,13.663064002990723,119500,0.0,0.0
2011-02-11 00:00:00-05:00,13.579792879056185,14.134920626296662,13.579792879056185,14.051651000976562,196100,0.0,0.0
2011-02-14 00:00:00-05:00,14.023898381983615,14.079412365155715,13.857360403045934,14.010021209716797,85800,0.0,0.0
2011-02-15 00:00:00-05:00,13.912726802388205,14.00306859893817,13.606952222803987,13.627800941467285,268400,0.03,0.0
2011-02-16 00:00:00-05:00,13.655599518222274,14.065615088493969,13.606953827765572,13.968323707580566,275200,0.0,0.0
2011-02-17 00:00:00-05:00,13.898827245020072,14.121208268861121,13.815433698331951,14.037816047668457,119100,0.0,0.0
2011-02-18 00:00:00-05:00,14.142059981026875,14.204604822910932,14.01002072310545,14.155959129333496,166600,0.0,0.0
2011-02-22 00:00:00-05:00,13.947472802781618,14.22544908008135,13.732041353561256,13.794586181640625,192900,0.0,0.0
2011-02-23 00:00:00-05:00,13.759841510270686,13.829335927089378,13.634753150591946,13.655600547790527,173500,0.0,0.0
2011-02-24 00:00:00-05:00,13.711193762550707,13.711193762550707,13.419318316024487,13.600003242492676,174600,0.0,0.0
2011-02-25 00:00:00-05:00,13.63475069488393,13.961372671960538,13.586103684025465,13.947473526000977,151100,0.0,0.0
2011-02-28 00:00:00-05:00,13.947475846561654,14.086464678291,13.68339865687078,13.787639617919922,136700,0.0,0.0
2011-03-01 00:00:00-05:00,13.815436651347087,13.815436651347087,13.294230518252322,13.335927963256836,262500,0.0,0.0
2011-03-02 00:00:00-05:00,13.308127523820977,13.51661073878806,13.106595207397877,13.488812446594238,116200,0.0,0.0
2011-03-03 00:00:00-05:00,13.676448020427692,14.079514010540086,13.600004036364703,13.99612045288086,311900,0.0,0.0
2011-03-04 00:00:00-05:00,13.961372754049412,13.968322327070053,13.690346033721974,13.864081382751465,125200,0.0,0.0
2011-03-07 00:00:00-05:00,13.926626428881564,14.10731002821831,13.676447098268314,13.933574676513672,210500,0.0,0.0
2011-03-08 00:00:00-05:00,13.926625021937985,14.274095690243879,13.850181050752159,14.142056465148926,330200,0.0,0.0
2011-03-09 00:00:00-05:00,14.05171188917294,14.364435988355128,13.982218823128251,14.058661460876465,79300,0.0,0.0
2011-03-10 00:00:00-05:00,13.843229481828292,13.843229481828292,13.426264474897668,13.502708435058594,173900,0.0,0.0
2011-03-11 00:00:00-05:00,13.447118498944059,13.495764192620253,13.217787853402193,13.335927963256836,119600,0.0,0.0
2011-03-14 00:00:00-04:00,13.203885087152736,13.266429912026249,12.925908824101228,12.953705787658691,149100,0.0,0.0
2011-03-15 00:00:00-04:00,12.446402463573197,13.037103018129127,12.446402463573197,12.96065902709961,168000,0.0,0.0
2011-03-16 00:00:00-04:00,12.960657291308191,12.960657291308191,12.634035299236656,12.828618049621582,181400,0.0,0.0
2011-03-17 00:00:00-04:00,12.932861119364597,12.960658088774682,12.779973148374335,12.898113250732422,182800,0.0,0.0
2011-03-18 00:00:00-04:00,13.009300233631025,13.169137734783419,12.905059307137062,13.071845054626465,183000,0.0,0.0
2011-03-21 00:00:00-04:00,13.20388391235608,13.328973550973432,13.106592560318255,13.294225692749023,132600,0.0,0.0
2011-03-22 00:00:00-04:00,13.30812851968646,13.405421224149855,12.863366415267368,13.23863410949707,82500,0.0,0.0
2011-03-23 00:00:00-04:00,13.18304270368232,13.18304270368232,12.849471027767983,12.974560737609863,99700,0.0,0.0
2011-03-24 00:00:00-04:00,13.099646321065942,13.099646321065942,12.79387171838206,12.86336612701416,190400,0.0,0.0
2011-03-25 00:00:00-04:00,13.002354715634533,13.280332373612554,12.835568916145148,12.918962478637695,187300,0.0,0.0
2011-03-28 00:00:00-04:00,12.918961646225686,13.085747434968505,12.800821546845903,13.037101745605469,206200,0.0,0.0
2011-03-29 00:00:00-04:00,13.002356502836303,13.16914365074665,12.988458678423683,13.064901351928711,88400,0.0,0.0
2011-03-30 00:00:00-04:00,13.078800305373104,13.106598604772552,12.960660183917195,12.995408058166504,146700,0.0,0.0
2011-03-31 00:00:00-04:00,12.974552777777262,13.349820351581839,12.835564002000634,13.322023391723633,118400,0.0,0.0
2011-04-01 00:00:00-04:00,13.502712262104295,13.704244588518602,13.252532921939066,13.440167427062988,122100,0.0,0.0
2011-04-04 00:00:00-04:00,13.5027119747881,13.662548182939007,13.315077473656743,13.391521453857422,69000,0.0,0.0
2011-04-05 00:00:00-04:00,13.342878593088823,13.579158831492176,13.342878593088823,13.454069137573242,61300,0.0,0.0
2011-04-06 00:00:00-04:00,13.54440650933821,13.864080213858157,13.54440650933821,13.82933235168457,117700,0.0,0.0
2011-04-07 00:00:00-04:00,13.864075904619465,13.864075904619465,13.613896676712107,13.662542343139648,146100,0.0,0.0
2011-04-08 00:00:00-04:00,13.75288927468652,13.759837521407972,13.502709976862436,13.537456512451172,103900,0.0,0.0
2011-04-11 00:00:00-04:00,13.502708114577247,13.509657685835588,13.245579279999394,13.266427993774414,53500,0.0,0.0
2011-04-12 00:00:00-04:00,13.196934916352635,13.447114204499991,13.099643560071026,13.106593132019043,155100,0.0,0.0
2011-04-13 00:00:00-04:00,13.217787046437888,13.217787046437888,12.70353051890662,12.77302360534668,202000,0.0,0.0
2011-04-14 00:00:00-04:00,12.592334680926852,12.717422979077613,12.508941156664577,12.613182067871094,272000,0.0,0.0
2011-04-15 00:00:00-04:00,12.578441505998743,12.773024279087657,12.557592783669618,12.72437858581543,128500,0.0,0.0
2011-04-18 00:00:00-04:00,12.529794322117922,12.73827621862418,12.376906360884135,12.56454086303711,122500,0.0,0.0
2011-04-19 00:00:00-04:00,12.550641281247502,12.661831798927784,12.508945168491278,12.522844314575195,126800,0.0,0.0
2011-04-20 00:00:00-04:00,12.592336654663086,12.696577582208437,12.446398295703347,12.592336654663086,113700,0.0,0.0
2011-04-21 00:00:00-04:00,12.65488015079405,12.65488015079405,12.446398295703347,12.592336654663086,66700,0.0,0.0
2011-04-25 00:00:00-04:00,12.536741845195245,12.717425419021469,12.508943556609452,12.571488380432129,86000,0.0,0.0
2011-04-26 00:00:00-04:00,12.592340707729843,13.078798968015084,12.508947143554687,13.030153274536133,299000,0.0,0.0
2011-04-27 00:00:00-04:00,12.96760821255379,13.342877256725304,12.89811379783732,13.28728199005127,197000,0.0,0.0
2011-04-28 00:00:00-04:00,13.266437721124682,13.301184277398416,13.064903983347781,13.196943283081055,218000,0.0,0.0
2011-04-29 00:00:00-04:00,13.3637206666191,13.606950382818438,13.092693988123008,13.106593132019043,300000,0.0,0.0
2011-05-02 00:00:00-04:00,13.162192114636914,13.162192114636914,12.856417489689294,12.925911903381348,158000,0.0,0.0
2011-05-03 00:00:00-04:00,12.8703137096341,13.155239548007062,12.5158934733785,13.134390830993652,330300,0.0,0.0
2011-05-04 00:00:00-04:00,13.189988966369686,13.189988966369686,12.793872535026523,12.807771682739258,212000,0.0,0.0
2011-05-05 00:00:00-04:00,12.738275749265826,12.960656784144067,12.606236512746051,12.710478782653809,97000,0.0,0.0
2011-05-06 00:00:00-04:00,12.87031396021659,12.918959642032942,12.536742434479827,12.54369068145752,109000,0.0,0.0
2011-05-09 00:00:00-04:00,12.522787287556081,12.717911893744883,12.167382466914496,12.536725044250488,97000,0.05,0.0
2011-05-10 00:00:00-04:00,12.606407517549501,13.01756187333735,12.578532015174748,12.940905570983887,273300,0.0,0.0
2011-05-11 00:00:00-04:00,12.871220764478952,13.045438702256197,12.766690267648082,12.801534652709961,176500,0.0,0.0
2011-05-12 00:00:00-04:00,12.690032792189601,12.773657979532997,12.550659252186954,12.752751350402832,309000,0.0,0.0
2011-05-13 00:00:00-04:00,12.815475479212624,12.871225185282269,12.606414413745922,12.613383293151855,170000,0.0,0.0
2011-05-16 00:00:00-04:00,12.543688574726803,12.690030970093622,12.474001150142906,12.52975082397461,135100,0.0,0.0
2011-05-17 00:00:00-04:00,12.494913289710444,12.634286871200416,12.3973516497497,12.51581859588623,130900,0.0,0.0
2011-05-18 00:00:00-04:00,12.543693376893861,12.80850409667904,12.543693376893861,12.72488021850586,676400,0.0,0.0
2011-05-19 00:00:00-04:00,12.82244241059767,12.82244241059767,12.44613228409211,12.536725044250488,204500,0.0,0.0
2011-05-20 00:00:00-04:00,12.54369120863572,12.57156671599337,12.369473275182445,12.390379905700684,281700,0.0,0.0
2011-05-23 00:00:00-04:00,12.439162601412223,12.56459974519569,12.237069129943848,12.237069129943848,343000,0.0,0.0
2011-05-24 00:00:00-04:00,12.271914862821298,12.376445384357856,12.076790247889408,12.306757926940918,233600,0.0,0.0
2011-05-25 00:00:00-04:00,12.257972943774067,12.446128616165394,12.188285510016845,12.355534553527832,124700,0.0,0.0
2011-05-26 00:00:00-04:00,12.32069491020661,12.418256546954353,12.160414698641715,12.202226638793945,211500,0.0,0.0
2011-05-27 00:00:00-04:00,12.25100326538086,12.362502620421411,12.167378084511865,12.25100326538086,105600,0.0,0.0
2011-05-31 00:00:00-04:00,12.362507073103298,12.543693922597694,12.355538194756095,12.536725044250488,351600,0.0,0.0
2011-06-01 00:00:00-04:00,12.5158177588716,12.536724392826878,11.965289689824967,11.972258567810059,211000,0.0,0.0
2011-06-02 00:00:00-04:00,11.993161802723167,12.237067173396222,11.951349871206377,12.076786994934082,183800,0.0,0.0
2011-06-03 00:00:00-04:00,12.000132375791903,12.132538395018301,11.965289316132205,12.021039009094238,210000,0.0,0.0
2011-06-06 00:00:00-04:00,11.979227071667095,12.111631761715968,11.846821052440697,12.021039009094238,224000,0.0,0.0
2011-06-07 00:00:00-04:00,12.062851522321408,12.195257547867985,12.021039582898442,12.028008460998535,164200,0.0,0.0
2011-06-08 00:00:00-04:00,11.972258765375384,12.118601217944558,11.874697130329269,12.028008460998535,191800,0.0,0.0
2011-06-09 00:00:00-04:00,12.069816193710222,12.125565869902854,12.02103539318881,12.03497314453125,86300,0.0,0.0
2011-06-10 00:00:00-04:00,11.958320043308705,12.097694935698145,11.825914028456483,11.951351165771484,232400,0.0,0.0
2011-06-13 00:00:00-04:00,12.028006136975606,12.028006136975606,11.82591269865371,11.91650676727295,127800,0.0,0.0
2011-06-14 00:00:00-04:00,12.034975440876865,12.25797418819689,11.944381369042244,12.069818496704102,217000,0.0,0.0
2011-06-15 00:00:00-04:00,11.923476186415572,12.007100052907878,11.742289370112386,11.805007934570312,117000,0.0,0.0
2011-06-16 00:00:00-04:00,11.784100993842191,12.12556798626796,11.784100993842191,12.055880546569824,128600,0.0,0.0
2011-06-17 00:00:00-04:00,12.146476942198435,12.397351241467044,11.825915189891033,12.202226638793945,350500,0.0,0.0
2011-06-20 00:00:00-04:00,12.132535442306882,12.41825271534909,12.132535442306882,12.320691108703613,122200,0.0,0.0
2011-06-21 00:00:00-04:00,12.404316133304253,12.43916051694822,12.278880339717954,12.376441955566406,157400,0.0,0.0
2011-06-22 00:00:00-04:00,12.285848774366155,12.4252236606509,12.139506340026855,12.139506340026855,155300,0.0,0.0
2011-06-23 00:00:00-04:00,11.979228964848408,12.014072030014656,11.602917480999785,11.70744800567627,455500,0.0,0.0
2011-06-24 00:00:00-04:00,11.749258379536766,11.846820001269272,11.57504043834163,11.582009315490723,403300,0.0,0.0
2011-06-27 00:00:00-04:00,11.595945780867646,11.895600853431938,11.540196092658759,11.742289543151855,154100,0.0,0.0
2011-06-28 00:00:00-04:00,11.777131264061728,11.79803789321033,11.637757723936165,11.74925708770752,293500,0.0,0.0
2011-06-29 00:00:00-04:00,11.818945694410152,11.881664265951748,11.644727735500727,11.798040390014648,220900,0.0,0.0
2011-06-30 00:00:00-04:00,11.85379105493508,12.06285209108472,11.825915541220379,12.000133514404297,199000,0.0,0.0
2011-07-01 00:00:00-04:00,12.021037491309436,12.153443493818157,11.951350051611302,12.055880546569824,198900,0.0,0.0
2011-07-05 00:00:00-04:00,12.034975645693587,12.216162463268972,12.007100137215495,12.125568389892578,242000,0.0,0.0
2011-07-06 00:00:00-04:00,12.055883983802016,12.418257710206175,12.02104091860758,12.341601371765137,298500,0.0,0.0
2011-07-07 00:00:00-04:00,12.418256955925484,12.606412686573485,12.202227040650554,12.51581859588623,164000,0.0,0.0
2011-07-08 00:00:00-04:00,12.32069263734617,12.460066188535201,12.257974074099028,12.327661514282227,153600,0.0,0.0
2011-07-11 00:00:00-04:00,12.15344560844502,12.167382035467615,11.979227643475477,12.028008460998535,160000,0.0,0.0
2011-07-12 00:00:00-04:00,11.909540581517183,12.251007644534278,11.909540581517183,12.181320190429688,188100,0.0,0.0
2011-07-13 00:00:00-04:00,12.237066884664097,12.425222565816146,12.223130460605555,12.362504005432129,294300,0.0,0.0
2011-07-14 00:00:00-04:00,12.369472856817337,12.439160293677121,12.209192682463947,12.27888011932373,462800,0.0,0.0
2011-07-15 00:00:00-04:00,12.285848804452543,12.33463094519586,12.237067992886653,12.257974624633789,609500,0.0,0.0
2011-07-18 00:00:00-04:00,12.223131892689887,12.26494382811889,11.958319866892115,12.014069557189941,137200,0.0,0.0
2011-07-19 00:00:00-04:00,12.125567721618419,12.446129405562399,12.02103722894135,12.418253898620605,96500,0.0,0.0
2011-07-20 00:00:00-04:00,12.43219241424093,12.515816281838173,12.320693037993001,12.39734935760498,115400,0.0,0.0
2011-07-21 00:00:00-04:00,12.453100796152563,12.641255189282285,12.411287527299207,12.620349884033203,112900,0.0,0.0
2011-07-22 00:00:00-04:00,12.62034541847204,12.62034541847204,12.264940734039861,12.453096389770508,110600,0.0,0.0
2011-07-25 00:00:00-04:00,12.306754883474058,12.404316502224114,12.209193264724,12.327661514282227,109900,0.0,0.0
2011-07-26 00:00:00-04:00,12.292817080259463,12.299785957167547,12.104662720450643,12.174348831176758,182100,0.0,0.0
2011-07-27 00:00:00-04:00,12.11859910938041,12.181317672190996,11.958318928498851,12.055880546569824,390900,0.0,0.0
2011-07-28 00:00:00-04:00,12.02103773029198,12.369473606532326,12.0001310992137,12.230098724365234,391600,0.0,0.0
2011-07-29 00:00:00-04:00,12.118599931199844,12.39038083153558,12.111631053839703,12.271912574768066,188500,0.0,0.0
2011-08-01 00:00:00-04:00,12.369475368803165,12.515817819668277,12.257975978855201,12.411287307739258,267200,0.0,0.0
2011-08-02 00:00:00-04:00,12.327659032089093,12.480970306280774,11.937409977311376,11.944378852844238,317200,0.0,0.0
2011-08-03 00:00:00-04:00,11.958321217746978,12.264945213611098,11.77713437151716,12.202226638793945,169800,0.0,0.0
2011-08-04 00:00:00-04:00,12.083756303062719,12.181317923143602,11.568071365356445,11.568071365356445,274500,0.0,0.0
2011-08-05 00:00:00-04:00,11.679571671380865,11.811977687181656,11.24054168763311,11.407792091369629,322200,0.0,0.0
2011-08-08 00:00:00-04:00,11.100038821099535,11.526694140494724,10.4915301523096,10.49852466583252,477000,0.06,0.0
2011-08-09 00:00:00-04:00,10.799283061478983,11.121023395368097,10.211757843407826,10.918187141418457,782000,0.0,0.0
2011-08-10 00:00:00-04:00,10.659397188344371,11.142008071753214,10.162797941362037,10.204764366149902,379100,0.0,0.0
2011-08-11 00:00:00-04:00,10.28869743213402,11.11403163188218,10.253725519646874,10.974143981933594,425600,0.0,0.0
2011-08-12 00:00:00-04:00,11.086050074782644,11.093043921028332,10.49852430000087,10.603439331054688,264800,0.0,0.0
2011-08-15 00:00:00-04:00,10.66639039404144,11.058074531514142,10.66639039404144,11.044085502624512,197400,0.0,0.0
2011-08-16 00:00:00-04:00,10.876218694701212,11.023100129605819,10.715348234075469,10.939167976379395,224200,0.0,0.0
2011-08-17 00:00:00-04:00,10.988130721133214,11.309871048224988,10.981136206688399,11.044085502624512,165100,0.0,0.0
2011-08-18 00:00:00-04:00,10.841251329648228,10.932178033747391,10.302685620837897,10.407601356506348,404600,0.0,0.0
2011-08-19 00:00:00-04:00,10.274706796785924,10.610436170419101,10.029904781648844,10.078865051269531,256700,0.0,0.0
2011-08-22 00:00:00-04:00,10.379621394875848,10.715350065152037,10.372626880820032,10.47754192352295,396100,0.0,0.0
2011-08-23 00:00:00-04:00,10.491532761153765,10.69436903452139,10.246730063246702,10.65939712524414,563400,0.0,0.0
2011-08-24 00:00:00-04:00,10.645409201667443,10.890211242657088,10.547487985051355,10.86922836303711,301000,0.0,0.0
2011-08-25 00:00:00-04:00,11.016107703709975,11.470740453240126,10.56846880133189,10.652400970458984,254300,0.0,0.0
2011-08-26 00:00:00-04:00,10.540490776502985,10.855237225556442,10.162795704672382,10.729338645935059,148900,0.0,0.0
2011-08-29 00:00:00-04:00,10.862232359587805,11.442764397178669,10.862232359587805,11.414786338806152,157500,0.0,0.0
2011-08-30 00:00:00-04:00,11.337847709655762,11.428775062871653,11.05107995636334,11.337847709655762,233600,0.0,0.0
2011-08-31 00:00:00-04:00,11.407791976045148,11.470741274153886,11.204956386413754,11.435770034790039,206200,0.0,0.0
2011-09-01 00:00:00-04:00,11.414787778201957,11.540686388619502,10.918188519040617,11.009115219116211,269100,0.0,0.0
2011-09-02 00:00:00-04:00,10.6733843148843,11.051079402461802,10.463553562444895,10.47754192352295,227000,0.0,0.0
2011-09-06 00:00:00-04:00,10.120830419139866,10.624423426595575,10.120830419139866,10.59644603729248,228900,0.0,0.0
2011-09-07 00:00:00-04:00,10.848243490339664,11.4777350995563,10.764311320246353,11.393803596496582,346500,0.0,0.0
2011-09-08 00:00:00-04:00,11.260907927405645,11.337844898666571,10.862229376522434,10.904195785522461,187300,0.0,0.0
2011-09-09 00:00:00-04:00,10.757315582781807,10.939168930822506,10.449563660400083,10.638411521911621,255200,0.0,0.0
2011-09-12 00:00:00-04:00,10.498527596038317,11.030098765541608,10.498527596038317,11.009115219116211,197000,0.0,0.0
2011-09-13 00:00:00-04:00,11.051080748094124,11.358832066653902,10.988131447993936,11.21195125579834,205000,0.0,0.0
2011-09-14 00:00:00-04:00,11.344842148334731,11.645599595465974,11.07905727300201,11.449758529663086,143200,0.0,0.0
2011-09-15 00:00:00-04:00,11.603633613973013,11.652593879455798,11.281892630123425,11.645599365234375,120700,0.0,0.0
2011-09-16 00:00:00-04:00,11.729533557286645,11.792482858486684,11.372821295175527,11.540685653686523,250900,0.0,0.0
2011-09-19 00:00:00-04:00,11.316867417711126,11.442766030220438,11.121024983355817,11.26790714263916,149000,0.0,0.0
2011-09-20 00:00:00-04:00,11.407793829704575,11.526697930556631,11.030099313747597,11.037093162536621,115600,0.0,0.0
2011-09-21 00:00:00-04:00,11.037090160747438,11.155994229260811,10.211756862107835,10.267711639404297,380700,0.0,0.0
2011-09-22 00:00:00-04:00,9.827066558204024,10.26071638444999,9.799089171576332,10.141812324523926,396100,0.0,0.0
2011-09-23 00:00:00-04:00,10.141811630835102,10.498523786214577,10.00192470726476,10.393608093261719,317600,0.0,0.0
2011-09-26 00:00:00-04:00,10.505520174761761,10.701361902724978,10.15580246988208,10.652400970458984,228400,0.0,0.0
2011-09-27 00:00:00-04:00,10.911193428466637,11.12102353256383,10.701362657335812,10.897204399108887,272800,0.0,0.0
2011-09-28 00:00:00-04:00,10.883218305374706,10.93217858426526,9.980946401765248,10.00192928314209,393400,0.0,0.0
2011-09-29 00:00:00-04:00,10.309676413786645,10.561473554839704,10.120829225030349,10.526501655578613,173100,0.0,0.0
2011-09-30 00:00:00-04:00,10.35863976317196,10.561476025903604,9.994932993013894,10.015915870666504,431200,0.0,0.0
2011-10-03 00:00:00-04:00,9.931984437211977,10.176787140625215,9.603249549865723,9.603249549865723,308700,0.0,0.0
2011-10-04 00:00:00-04:00,9.519316767466286,10.638413816951129,9.41440171090431,10.568470001220703,347700,0.0,0.0
2011-10-05 00:00:00-04:00,10.547487442442904,10.89021068241747,10.31667377739606,10.764312744140625,193800,0.0,0.0
2011-10-06 00:00:00-04:00,10.701362059466808,11.155994815655921,10.55448059458464,11.12801742553711,154100,0.0,0.0
2011-10-07 00:00:00-04:00,11.155997202586107,11.155997202586107,10.358641080081314,10.407601356506348,186900,0.0,0.0
2011-10-10 00:00:00-04:00,10.645407388831178,11.079057273654314,10.54049167453025,11.065068244934082,165200,0.0,0.0
2011-10-11 00:00:00-04:00,10.91119141548388,11.358829599809942,10.820264742534272,11.260909080505371,182700,0.0,0.0
2011-10-12 00:00:00-04:00,11.34484188428156,11.813463662936828,11.142006308840001,11.491724014282227,206900,0.0,0.0
2011-10-13 00:00:00-04:00,11.37981548491546,11.484730539227439,11.065068987912223,11.344842910766602,118600,0.0,0.0
2011-10-14 00:00:00-04:00,11.505712143238492,11.673576468640219,11.065067121750273,11.274898529052734,161500,0.0,0.0
2011-10-17 00:00:00-04:00,11.149000437426686,11.260910666301253,10.624423866021974,10.687373161315918,141500,0.0,0.0
2011-10-18 00:00:00-04:00,10.736334355378617,11.771498494555994,10.694367935153275,11.596639633178711,222300,0.0,0.0
2011-10-19 00:00:00-04:00,11.5336887040346,11.729531081324472,10.680378061543758,11.589643478393555,287600,0.0,0.0
2011-10-20 00:00:00-04:00,11.624615369356945,11.94635496967201,11.274897716457804,11.883405685424805,252700,0.0,0.0
2011-10-21 00:00:00-04:00,12.107223308906129,12.331042366303638,11.309867583410794,12.198150634765625,1244100,0.0,0.0
2011-10-24 00:00:00-04:00,12.18416568738375,12.414979334321114,11.27490012891953,12.191160202026367,311600,0.0,0.0
2011-10-25 00:00:00-04:00,12.079249355717897,12.079249355717897,11.61762211076651,11.659587860107422,159700,0.0,0.0
2011-10-26 00:00:00-04:00,11.869419486727983,12.212142708126423,11.155995651715587,11.764504432678223,290400,0.0,0.0
2011-10-27 00:00:00-04:00,12.275091564279734,13.338233764160607,12.156187484897437,13.128403663635254,774000,0.0,0.0
2011-10-28 00:00:00-04:00,13.023490692027838,13.611015334085996,12.862619499610322,13.541072845458984,355800,0.0,0.0
2011-10-31 00:00:00-04:00,13.282278214898886,13.701939725787737,12.981520776527425,13.33823299407959,245800,0.0,0.0
2011-11-01 00:00:00-04:00,12.708741301046489,13.282278116935354,12.226130500380451,12.680763244628906,305000,0.0,0.0
2011-11-02 00:00:00-04:00,12.981519588453718,13.135396217668175,12.785678546278293,13.00949764251709,311700,0.0,0.0
2011-11-03 00:00:00-04:00,13.079443359751048,13.205340619279077,12.743713332141251,13.04447078704834,272400,0.0,0.0
2011-11-04 00:00:00-04:00,12.890594483643195,13.002504039599907,12.722730149708127,12.925565719604492,146100,0.0,0.0
2011-11-07 00:00:00-05:00,12.918523559813611,12.967830686271778,12.55928419680899,12.925567626953125,123400,0.13,0.0
2011-11-08 00:00:00-05:00,12.960786317851651,13.34820194040864,12.763557816603672,13.312981605529785,221400,0.0,0.0
2011-11-09 00:00:00-05:00,12.890345159999272,13.045311924409912,12.608589238595666,12.707204818725586,235900,0.0,0.0
2011-11-10 00:00:00-05:00,12.939655789668786,13.073489035058373,12.819909335070752,12.883304595947266,141500,0.0,0.0
2011-11-11 00:00:00-05:00,13.080531390777459,13.242540883589959,12.9537408856135,13.101663589477539,123700,0.0,0.0
2011-11-14 00:00:00-05:00,12.988964133386709,12.988964133386709,12.552241333482309,12.693120002746582,114500,0.0,0.0
2011-11-15 00:00:00-05:00,12.573372055548795,13.080532786813738,12.376142210519893,13.01713752746582,147000,0.0,0.0
2011-11-16 00:00:00-05:00,12.826950837358437,13.031224734847536,12.545194895578907,12.566327095031738,162200,0.0,0.0
2011-11-17 00:00:00-05:00,12.5733730632243,12.869217182718467,12.425450331717963,12.495889663696289,97200,0.0,0.0
2011-11-18 00:00:00-05:00,12.524064709415187,12.77060033195774,12.376141992371277,12.65789794921875,191400,0.0,0.0
2011-11-21 00:00:00-05:00,12.383182540266418,12.580412325771464,12.277524254413642,12.340919494628906,151200,0.0,0.0
2011-11-22 00:00:00-05:00,12.291619118375658,12.397277462115765,12.038038018584418,12.115521430969238,107500,0.0,0.0
2011-11-23 00:00:00-05:00,11.995769133492722,11.995769133492722,11.44634413151356,11.495651245117188,185700,0.0,0.0
2011-11-25 00:00:00-05:00,11.481566258139816,11.770366297049405,11.39704013839569,11.404084205627441,65500,0.0,0.0
2011-11-28 00:00:00-05:00,11.84080510774484,11.84080510774484,11.418170496961567,11.756278991699219,252500,0.0,0.0
2011-11-29 00:00:00-05:00,11.75628112891271,12.038037139483459,11.523832252252012,11.819676399230957,181400,0.0,0.0
2011-11-30 00:00:00-05:00,12.383183527293617,12.679027557373047,12.242304905915566,12.679027557373047,480500,0.0,0.0
2011-12-01 00:00:00-05:00,12.53815058792837,12.714248216093198,12.369097026112332,12.390229225158691,211200,0.0,0.0
2011-12-02 00:00:00-05:00,12.594504396854166,12.812866468565646,12.552241333482309,12.693120002746582,131500,0.0,0.0
2011-12-05 00:00:00-05:00,12.918523769120716,13.038270225395733,12.770601043831128,13.03122615814209,274400,0.0,0.0
2011-12-06 00:00:00-05:00,13.003050125879017,13.17210505600758,12.883305010942209,13.094621658325195,380600,0.0,0.0
2011-12-07 00:00:00-05:00,13.03122493386377,13.305936813354492,12.819908310181418,13.305936813354492,237800,0.0,0.0
2011-12-08 00:00:00-05:00,13.13688376164755,13.235499354288262,12.686074230210172,12.728337287902832,431600,0.0,0.0
2011-12-09 00:00:00-05:00,12.812868170109736,13.38342430371442,12.812868170109736,13.327073097229004,202900,0.0,0.0
2011-12-12 00:00:00-05:00,13.059404268301288,13.235501943913643,12.932613726897408,13.186193466186523,256400,0.0,0.0
2011-12-13 00:00:00-05:00,13.312988551698743,13.510218499371584,12.8480906368805,12.932618141174316,230400,0.0,0.0
2011-12-14 00:00:00-05:00,12.798776667097275,12.996006509692888,12.643811225891113,12.643811225891113,268800,0.0,0.0
2011-12-15 00:00:00-05:00,12.911479987990427,13.038270514328815,12.657898935313655,12.939656257629395,268200,0.0,0.0
2011-12-16 00:00:00-05:00,13.087574714378503,13.439769944952218,13.017135399560123,13.249584197998047,512800,0.0,0.0
2011-12-19 00:00:00-05:00,13.305938555114718,13.510212482463198,12.869217117399046,12.904436111450195,218100,0.0,0.0
2011-12-20 00:00:00-05:00,13.256633487415687,13.383424035345108,12.996009666466287,13.37637996673584,263300,0.0,0.0
2011-12-21 00:00:00-05:00,13.369330193228254,13.67221829658627,13.2566278306092,13.601778984069824,133500,0.0,0.0
2011-12-22 00:00:00-05:00,13.601778108177925,13.88353399658178,13.179143603813113,13.700393676757812,216500,0.0,0.0
2011-12-23 00:00:00-05:00,13.756747660628882,13.820142916391282,13.629957149104087,13.714483261108398,128100,0.0,0.0
2011-12-27 00:00:00-05:00,13.770834029793592,13.918756736561832,13.425682838692081,13.869449615478516,183600,0.0,0.0
2011-12-28 00:00:00-05:00,13.876490748759636,13.876490748759636,13.552470481743365,13.573602676391602,115800,0.0,0.0
2011-12-29 00:00:00-05:00,13.636997695863753,13.777874960682079,13.615865501557915,13.735611915588379,113100,0.0,0.0
2011-12-30 00:00:00-05:00,13.679260962596775,13.756744332788971,13.566558611508857,13.573602676391602,143000,0.0,0.0
2012-01-03 00:00:00-05:00,13.982156220552296,14.14416576555996,13.848321606037027,14.080770492553711,341600,0.0,0.0
2012-01-04 00:00:00-05:00,14.010325956478802,14.221643902656153,13.8483164715389,14.207555770874023,283000,0.0,0.0
2012-01-05 00:00:00-05:00,14.066679942341844,14.55270983750277,13.841275162997201,14.503402709960938,363400,0.0,0.0
2012-01-06 00:00:00-05:00,14.468181776972719,14.510444831553182,14.179380430704429,14.36252212524414,201200,0.0,0.0
2012-01-09 00:00:00-05:00,14.475228309795629,14.63723919144676,14.313218771663133,14.54566764831543,187300,0.0,0.0
2012-01-10 00:00:00-05:00,14.792203620779029,15.151443012791601,14.658369021358217,15.024652481079102,430700,0.0,0.0
2012-01-11 00:00:00-05:00,14.855600704822525,14.862644773392963,14.475229063131072,14.580888748168945,306900,0.0,0.0
2012-01-12 00:00:00-05:00,14.66540983651621,14.71471695602032,14.418872895477417,14.6301908493042,238800,0.0,0.0
2012-01-13 00:00:00-05:00,14.418876418582999,14.58088729249138,14.320262155479389,14.425920486450195,171000,0.0,0.0
2012-01-17 00:00:00-05:00,14.538617349841294,14.71471494891793,14.26390552520752,14.26390552520752,254000,0.0,0.0
2012-01-18 00:00:00-05:00,14.263907711942451,14.74993753609005,14.087810085869087,14.693586349487305,202000,0.0,0.0
2012-01-19 00:00:00-05:00,14.714720496673168,14.88377409430129,14.524536039040635,14.72176456451416,164800,0.0,0.0
2012-01-20 00:00:00-05:00,14.6794988918761,14.897859582061523,14.6794988918761,14.785157203674316,192200,0.0,0.0
2012-01-23 00:00:00-05:00,14.756988002958392,14.933085705411267,14.65132830667159,14.714723587036133,172500,0.0,0.0
2012-01-24 00:00:00-05:00,14.616103373571729,15.059868812561033,14.404786753770784,15.059868812561035,324500,0.0,0.0
2012-01-25 00:00:00-05:00,15.024652428653726,15.292320283042836,14.93308223580229,15.250057220458984,190100,0.0,0.0
2012-01-26 00:00:00-05:00,15.299366193120436,15.672693764204165,14.700635146606247,14.806293487548828,759500,0.0,0.0
2012-01-27 00:00:00-05:00,14.792205810546875,14.94012722376335,14.602019984823919,14.792205810546875,205400,0.0,0.0
2012-01-30 00:00:00-05:00,14.468182268279671,14.827420259689937,14.33434769012549,14.785157203674316,268000,0.0,0.0
2012-01-31 00:00:00-05:00,14.799249879297955,15.031698774008657,14.700635603820306,14.792205810546875,281600,0.0,0.0
2012-02-01 00:00:00-05:00,14.947169599737531,15.144399471875154,14.714720731351818,14.855599403381348,700000,0.0,0.0
2012-02-02 00:00:00-05:00,14.686544350559226,15.17961696686057,14.531577557949229,14.954212188720703,524900,0.0,0.0
2012-02-03 00:00:00-05:00,15.306407936051892,15.412066260941128,15.052828225021427,15.376847267150879,269600,0.0,0.0
2012-02-06 00:00:00-05:00,15.283701549710033,15.448504380121822,15.133229756729607,15.312363624572754,240600,0.37,0.0
2012-02-07 00:00:00-05:00,15.31236157792048,15.620470641415118,15.233542249265954,15.54165267944336,428900,0.0,0.0
2012-02-08 00:00:00-05:00,15.64913311944584,15.763778673188954,15.427007529903909,15.656298637390137,183400,0.0,0.0
2012-02-09 00:00:00-05:00,15.649128599988718,15.656294115863618,15.369680314279694,15.41267204284668,127900,0.0,0.0
2012-02-10 00:00:00-05:00,15.226376343441228,15.398344665200517,15.104565278026387,15.133227348327637,122800,0.0,0.0
2012-02-13 00:00:00-05:00,15.068738111625878,15.455666469643,15.068738111625878,15.427005767822266,56700,0.0,0.0
2012-02-14 00:00:00-05:00,15.39117595811786,15.39117595811786,15.004247656013138,15.262199401855469,70600,0.0,0.0
2012-02-15 00:00:00-05:00,15.362511751496521,15.384006928175586,14.882433216553437,15.161881446838379,161200,0.0,0.0
2012-02-16 00:00:00-05:00,15.16905254763955,15.584642972231757,15.054407007523261,15.57747745513916,176200,0.0,0.0
2012-02-17 00:00:00-05:00,15.692123583856045,15.7566118734257,15.541651819315316,15.6777925491333,176800,0.0,0.0
2012-02-21 00:00:00-05:00,15.749443876339907,15.806766639522811,15.505821791141939,15.684955596923828,145500,0.0,0.0
2012-02-22 00:00:00-05:00,15.69211938058972,15.69211938058972,15.48432489950021,15.598970413208008,264600,0.0,0.0
2012-02-23 00:00:00-05:00,15.60614013671875,15.83543122596082,15.31236075779201,15.60614013671875,498000,0.0,0.0
2012-02-24 00:00:00-05:00,15.577473413376037,15.821095464583136,15.455662387772488,15.555976867675781,234200,0.0,0.0
2012-02-27 00:00:00-05:00,15.369674139206571,15.606130601347509,15.183374901355853,15.527311325073242,115800,0.0,0.0
2012-02-28 00:00:00-05:00,15.484320090079537,15.584634541745668,15.140382289100698,15.333847045898438,245300,0.0,0.0
2012-02-29 00:00:00-05:00,15.341020601315547,15.498657874669123,15.054406755816943,15.1547212600708,220100,0.0,0.0
2012-03-01 00:00:00-05:00,15.226373672485352,15.541649557080852,15.147554359665852,15.226373672485352,139600,0.0,0.0
2012-03-02 00:00:00-05:00,15.190549707210401,15.548817376091,14.889604810683393,14.903934478759766,202500,0.0,0.0
2012-03-05 00:00:00-05:00,14.839445100023264,15.118894790586747,14.717635413558341,15.025744438171387,117500,0.0,0.0
2012-03-06 00:00:00-05:00,14.875271763412583,14.875271763412583,14.538500692233171,14.58149242401123,156300,0.0,0.0
2012-03-07 00:00:00-05:00,14.753459280441119,14.86093928275622,14.610151699566064,14.803616523742676,104700,0.0,0.0
2012-03-08 00:00:00-05:00,14.939762913241301,15.075905017810891,14.688975257460301,15.06157398223877,96200,0.0,0.0
2012-03-09 00:00:00-05:00,15.025743902761068,15.448499815286535,14.975586653255089,15.326688766479492,119000,0.0,0.0
2012-03-12 00:00:00-04:00,15.348189851468202,15.398347115795012,15.212047729236184,15.312363624572754,95000,0.0,0.0
2012-03-13 00:00:00-04:00,15.455669416229803,16.222362127989005,15.427008708944975,16.21519660949707,409700,0.0,0.0
2012-03-14 00:00:00-04:00,16.10770606994629,16.401485303278964,15.95006886588647,16.10770606994629,209200,0.0,0.0
2012-03-15 00:00:00-04:00,16.093379939910015,16.172199249267578,15.82826268118764,16.172199249267578,491800,0.0,0.0
2012-03-16 00:00:00-04:00,16.12204831307334,16.358504966997764,16.007402745515012,16.308347702026367,680800,0.0,0.0
2012-03-19 00:00:00-04:00,16.308340740377943,16.731096602790824,15.957238668772439,16.702434539794922,266200,0.0,0.0
2012-03-20 00:00:00-04:00,16.609286512784184,16.731097554077866,16.401490644296302,16.516136169433594,92500,0.0,0.0
2012-03-21 00:00:00-04:00,16.53763781589646,16.71677167497969,16.387166030274333,16.494646072387695,106300,0.0,0.0
2012-03-22 00:00:00-04:00,16.279685408726017,16.365670266584466,15.971576304217042,16.179370880126953,155300,0.0,0.0
2012-03-23 00:00:00-04:00,16.215191579789803,16.315507440877518,16.000231558440746,16.27251434326172,210000,0.0,0.0
2012-03-26 00:00:00-04:00,16.501805562644044,16.637946261803428,16.308340737502956,16.444482803344727,143400,0.0,0.0
2012-03-27 00:00:00-04:00,16.415823614332695,16.530469153002745,16.236689789325414,16.25818634033203,128200,0.0,0.0
2012-03-28 00:00:00-04:00,16.265349606339367,16.637946872111222,16.265349606339367,16.544797897338867,218200,0.0,0.0
2012-03-29 00:00:00-04:00,16.344171757909127,16.559133193533622,16.107715135400134,16.473148345947266,96700,0.0,0.0
2012-03-30 00:00:00-04:00,16.63794444121668,16.652275471143952,16.25101619995604,16.322669982910156,138400,0.0,0.0
2012-04-02 00:00:00-04:00,16.31550437093944,16.781251907348633,16.26534713317445,16.781251907348633,234800,0.0,0.0
2012-04-03 00:00:00-04:00,16.73110159882127,16.84574715167412,16.49464497522691,16.723936080932617,282100,0.0,0.0
2012-04-04 00:00:00-04:00,16.516137922659993,16.852910384347126,16.279681331128604,16.34416961669922,237600,0.0,0.0
2012-04-05 00:00:00-04:00,16.036054177644658,16.30833826809902,15.942905220393754,16.186527252197266,185500,0.0,0.0
2012-04-09 00:00:00-04:00,15.892752659348886,15.892752659348886,15.663461589423983,15.706453323364258,141500,0.0,0.0
2012-04-10 00:00:00-04:00,15.742280095035355,15.7996028645357,15.290863456055462,15.405508995056152,152400,0.0,0.0
2012-04-11 00:00:00-04:00,15.577478067222144,15.656297391655116,15.419840785038893,15.60614013671875,132700,0.0,0.0
2012-04-12 00:00:00-04:00,15.570309003574268,15.849758650788306,15.484325548033322,15.80676555633545,132300,0.0,0.0
2012-04-13 00:00:00-04:00,15.684954488267838,15.828262069436963,15.047238622098227,15.176215171813965,208500,0.0,0.0
2012-04-16 00:00:00-04:00,15.247869354215082,15.598971433750908,15.097396253452633,15.441332817077637,98900,0.0,0.0
2012-04-17 00:00:00-04:00,15.706450784894647,16.10054457679949,15.684954238057482,15.942907333374023,182800,0.0,0.0
2012-04-18 00:00:00-04:00,15.821104229685194,15.95008084197692,15.641970349654029,15.69929313659668,95100,0.0,0.0
2012-04-19 00:00:00-04:00,15.763778177266198,15.98590375982014,15.520156041555646,15.692124366760254,127600,0.0,0.0
2012-04-20 00:00:00-04:00,15.935742106329252,15.971569685039967,15.684954522083787,15.80676555633545,169000,0.0,0.0
2012-04-23 00:00:00-04:00,15.48432895742509,15.584643466537909,15.183384063403947,15.247872352600098,202300,0.0,0.0
2012-04-24 00:00:00-04:00,15.262202136172949,15.677792577094875,15.161887626300217,15.60614013671875,209900,0.0,0.0
2012-04-25 00:00:00-04:00,15.871256808152795,16.122044439436106,15.756611268140304,16.05755615234375,183100,0.0,0.0
2012-04-26 00:00:00-04:00,14.739131365402354,15.262201822832264,14.474014061415213,14.746296882629395,552300,0.0,0.0
2012-04-27 00:00:00-04:00,14.717634184277381,14.810783162229937,14.495507280413822,14.789286613464355,471300,0.0,0.0
2012-04-30 00:00:00-04:00,14.753460360011783,14.796452090747227,14.559995521678564,14.681806564331055,254000,0.0,0.0
2012-05-01 00:00:00-04:00,14.746295727061137,14.997083343624324,14.63881571044336,14.653146743774414,652800,0.0,0.0
2012-05-02 00:00:00-04:00,14.574329173580352,14.853777523609425,14.316376009441072,14.774959564208984,175800,0.0,0.0
2012-05-03 00:00:00-04:00,14.782118915407366,14.989914756090421,14.524167201705795,14.588655471801758,204100,0.0,0.0
2012-05-04 00:00:00-04:00,14.459681249896311,14.567161261727506,14.266216408590664,14.330704689025879,209000,0.0,0.0
2012-05-07 00:00:00-04:00,14.323457525431653,14.598768689463652,14.214782102310679,14.265497207641602,354300,0.22,0.0
2012-05-08 00:00:00-04:00,14.200294711943366,14.49734157683058,14.142334381767405,14.410400390625,300100,0.0,0.0
2012-05-09 00:00:00-04:00,14.23652089695978,14.330707307075754,14.026415196187118,14.077130317687988,294000,0.0,0.0
2012-05-10 00:00:00-04:00,14.207541038700253,14.461116639403345,14.193050609550538,14.38142204284668,240000,0.0,0.0
2012-05-11 00:00:00-04:00,14.193050110482893,14.598772439224883,14.193050110482893,14.272746086120605,181700,0.0,0.0
2012-05-14 00:00:00-04:00,14.120596379050049,14.258252658410674,14.048145632971666,14.098860740661621,247200,0.0,0.0
2012-05-15 00:00:00-04:00,14.077129040571949,14.330706006954513,14.019168709560217,14.113353729248047,250000,0.0,0.0
2012-05-16 00:00:00-04:00,14.207537335187139,14.236516804049037,13.924979567956251,13.953960418701172,127000,0.0,0.0
2012-05-17 00:00:00-04:00,13.896005202804375,13.910495633498865,13.396096398912697,13.454056739807129,447100,0.0,0.0
2012-05-18 00:00:00-04:00,13.417826757749664,13.555481649454745,13.251191016075312,13.345376014709473,267300,0.0,0.0
2012-05-21 00:00:00-04:00,13.417831856580415,13.439566120433492,13.157009635275413,13.330890655517578,393200,0.0,0.0
2012-05-22 00:00:00-04:00,13.309155240284305,13.388849837323693,13.055578256161875,13.120783805847168,347400,0.0,0.0
2012-05-23 00:00:00-04:00,13.062823470780618,13.185989355532461,12.961391848001611,13.120783805847168,323000,0.0,0.0
2012-05-24 00:00:00-04:00,13.193231133515761,13.280172313516811,13.026595368887188,13.214966773986816,186900,0.0,0.0
2012-05-25 00:00:00-04:00,13.24394789505159,13.330887694922863,13.113536813361478,13.135271072387695,139200,0.0,0.0
2012-05-29 00:00:00-04:00,13.316400690180647,13.46854745188436,13.113540183753772,13.22221565246582,163200,0.0,0.0
2012-05-30 00:00:00-04:00,13.077315042769634,13.185991901147943,12.990375214327376,13.004865646362305,164800,0.0,0.0
2012-05-31 00:00:00-04:00,13.055577157746114,13.22945814831649,12.968635971519289,13.12802791595459,218800,0.0,0.0
2012-06-01 00:00:00-04:00,12.932411192553339,12.9831263083782,12.599138259887695,12.599138259887695,342700,0.0,0.0
2012-06-04 00:00:00-04:00,13.22221293538797,13.309154121621903,12.591893135370972,12.794754981994629,214000,0.0,0.0
2012-06-05 00:00:00-04:00,12.758529044664119,13.070066307165675,12.599137115821572,12.809244155883789,200300,0.0,0.0
2012-06-06 00:00:00-04:00,12.874450290890675,13.135271072387695,12.816489963682091,13.135271072387695,204700,0.0,0.0
2012-06-07 00:00:00-04:00,13.280172581350753,13.352623335832282,13.099046386088531,13.135271072387695,125400,0.0,0.0
2012-06-08 00:00:00-04:00,13.07731189910696,13.359869728329201,12.932411759241273,13.258438110351562,87800,0.0,0.0
2012-06-11 00:00:00-04:00,13.43956553671404,13.48303682629913,12.859962161080686,12.874452590942383,116300,0.0,0.0
2012-06-12 00:00:00-04:00,12.903428474552562,12.99761486053467,12.744037936122236,12.997614860534668,194500,0.0,0.0
2012-06-13 00:00:00-04:00,12.990370716086073,13.214966807320817,12.867204850205757,12.925165176391602,95000,0.0,0.0
2012-06-14 00:00:00-04:00,12.903429784566525,13.207721848377924,12.86720509820837,13.113536834716797,121100,0.0,0.0
2012-06-15 00:00:00-04:00,13.09179978738039,13.48303299105947,13.012103827693972,13.42507266998291,234500,0.0,0.0
2012-06-18 00:00:00-04:00,13.323644312130389,13.55548565282277,13.22221407104832,13.272929191589355,161400,0.0,0.0
2012-06-19 00:00:00-04:00,13.294664030907658,13.43232033681923,13.236703699242256,13.2656831741333,417600,0.0,0.0
2012-06-20 00:00:00-04:00,13.294663397979315,13.330888085339376,13.041086440809154,13.22945785522461,129700,0.0,0.0
2012-06-21 00:00:00-04:00,13.24394799060657,13.294663104544588,12.859959956402236,12.888940811157227,266100,0.0,0.0
2012-06-22 00:00:00-04:00,13.026594330302425,13.128025929197237,12.961388795971141,12.997614860534668,397200,0.0,0.0
2012-06-25 00:00:00-04:00,12.852713584899902,12.946899972485793,12.809243688566538,12.852713584899902,118700,0.0,0.0
2012-06-26 00:00:00-04:00,12.852715463183557,12.910675794059339,12.736794801431992,12.78750991821289,173100,0.0,0.0
2012-06-27 00:00:00-04:00,12.809247547027205,13.077313600694646,12.765777637599635,13.048334121704102,282700,0.0,0.0
2012-06-28 00:00:00-04:00,12.910675969947299,13.2656831741333,12.816490949197261,13.2656831741333,139200,0.0,0.0
2012-06-29 00:00:00-04:00,13.606201021628323,13.693140826202763,13.540995477255853,13.613446235656738,242800,0.0,0.0
2012-07-02 00:00:00-04:00,13.707633453519403,13.772839008353484,13.475792094946446,13.620692253112793,164000,0.0,0.0
2012-07-03 00:00:00-04:00,13.671407200755395,13.801816913671892,13.56997558153144,13.736611366271973,89700,0.0,0.0
2012-07-05 00:00:00-04:00,13.642425205076231,13.780081502755888,13.45405379295755,13.591710090637207,284800,0.0,0.0
2012-07-06 00:00:00-04:00,13.446810593594991,13.66416289331539,13.396095471558594,13.519261360168457,127900,0.0,0.0
2012-07-09 00:00:00-04:00,13.439564755557905,13.60620192551496,13.410585279402355,13.569975852966309,175800,0.0,0.0
2012-07-10 00:00:00-04:00,13.642423909738046,13.693139019361707,13.410582618953825,13.540993690490723,72500,0.0,0.0
2012-07-11 00:00:00-04:00,13.613444439331566,13.613444439331566,13.417827832026218,13.540993690490723,73000,0.0,0.0
2012-07-12 00:00:00-04:00,13.490284129781664,13.59895960680251,13.29466744201394,13.54824447631836,83500,0.0,0.0
2012-07-13 00:00:00-04:00,13.555482553971657,13.90324586739319,13.555482553971657,13.859774589538574,120100,0.0,0.0
2012-07-16 00:00:00-04:00,13.939470984068118,13.982940881392073,13.7293653287664,13.751099586486816,114000,0.0,0.0
2012-07-17 00:00:00-04:00,13.80181669471173,13.99018811955825,13.584465794749073,13.946718215942383,70100,0.0,0.0
2012-07-18 00:00:00-04:00,13.968454309833456,14.069884548840829,13.729367759399388,13.838043212890625,88400,0.0,0.0
2012-07-19 00:00:00-04:00,13.88875817396771,13.89600338836893,13.439564554275538,13.446809768676758,189400,0.0,0.0
2012-07-20 00:00:00-04:00,13.352626301254165,13.432322287071473,13.222215190601663,13.330890655517578,147200,0.0,0.0
2012-07-23 00:00:00-04:00,13.113541122856956,13.14976582106062,12.946905300106247,13.004865646362305,99200,0.0,0.0
2012-07-24 00:00:00-04:00,12.997616033463784,12.997616033463784,12.642608860003095,12.765774726867676,201000,0.0,0.0
2012-07-25 00:00:00-04:00,12.896183951722325,12.917919591623528,12.686078293543247,12.809244155883789,176600,0.0,0.0
2012-07-26 00:00:00-04:00,13.048329949813686,13.171495805382063,12.867203772912134,13.019349098205566,176000,0.0,0.0
2012-07-27 00:00:00-04:00,13.12802825010504,13.367114790960237,12.975881515806291,13.2656831741333,197200,0.0,0.0
2012-07-30 00:00:00-04:00,13.301908243922254,13.43231932582474,13.091801193771982,13.113536834716797,116700,0.0,0.0
2012-07-31 00:00:00-04:00,13.09904620273897,13.214966855533575,13.041085876341668,13.077310562133789,154700,0.0,0.0
2012-08-01 00:00:00-04:00,13.128026821184463,13.178741933136187,12.859959452732712,12.867204666137695,201800,0.0,0.0
2012-08-02 00:00:00-04:00,12.809243949218313,12.932409809571686,12.671587662497927,12.773017883300781,227300,0.0,0.0
2012-08-03 00:00:00-04:00,13.019351419084515,13.374358623270517,12.809245735003673,13.2656831741333,178800,0.0,0.0
2012-08-06 00:00:00-04:00,13.199388456395393,13.38353170974639,13.14782857024136,13.23621654510498,113300,0.3,0.0
2012-08-07 00:00:00-04:00,13.302510822059043,13.412996514628778,13.258316826011509,13.317242622375488,119300,0.0,0.0
2012-08-08 00:00:00-04:00,13.250950087863018,13.39089937221525,13.22148789399512,13.295144081115723,107900,0.0,0.0
2012-08-09 00:00:00-04:00,13.236221435958774,13.287782746066513,13.162565231323242,13.162565231323242,207000,0.0,0.0
2012-08-10 00:00:00-04:00,13.155197144630085,13.177293440389443,13.044710046226033,13.066807746887207,97200,0.0,0.0
2012-08-13 00:00:00-04:00,12.919493225823711,13.177292694434522,12.683788646819668,12.88266372680664,276900,0.0,0.0
2012-08-14 00:00:00-04:00,12.934222270569396,12.963685866707904,12.838468392922426,12.897394180297852,295700,0.0,0.0
2012-08-15 00:00:00-04:00,12.890029692314041,13.11836696777683,12.890029692314041,13.074172973632812,121800,0.0,0.0
2012-08-16 00:00:00-04:00,13.081536420873656,13.169924392590215,12.934221261477417,13.147828102111816,135700,0.0,0.0
2012-08-17 00:00:00-04:00,13.13310264050069,13.38353768934137,13.029982822119994,13.368805885314941,206700,0.0,0.0
2012-08-20 00:00:00-04:00,13.368803804596059,13.464559110962353,13.302512101696914,13.427729606628418,249800,0.0,0.0
2012-08-21 00:00:00-04:00,13.530850192002305,13.589775991326514,13.36143728965606,13.398266792297363,183400,0.0,0.0
2012-08-22 00:00:00-04:00,13.398269017209861,13.4056349189613,13.162565780772212,13.228856086730957,126800,0.0,0.0
2012-08-23 00:00:00-04:00,13.243585820442194,13.243585820442194,12.978420423342623,13.059442520141602,129300,0.0,0.0
2012-08-24 00:00:00-04:00,13.074173254053788,13.214122544230241,12.99314975896714,13.081539154052734,83700,0.0,0.0
2012-08-27 00:00:00-04:00,13.169928724217169,13.206758228630298,13.00788311950523,13.111002922058105,78700,0.0,0.0
2012-08-28 00:00:00-04:00,13.081538873473772,13.206756360966606,12.897395592155,13.074172973632812,160000,0.0,0.0
2012-08-29 00:00:00-04:00,13.125733036543696,13.199390630999515,13.052075442087878,13.103636741638184,201600,0.0,0.0
2012-08-30 00:00:00-04:00,13.074170522413695,13.192022087970095,13.000512942715575,13.147828102111816,321500,0.0,0.0
2012-08-31 00:00:00-04:00,13.287780935390227,13.287780935390227,13.066808136888625,13.14046573638916,81800,0.0,0.0
2012-09-04 00:00:00-04:00,13.177290219179426,13.383531160229,13.074170451105376,13.309873580932617,101600,0.0,0.0
2012-09-05 00:00:00-04:00,13.368802518581244,13.376168418739468,13.059441736444905,13.317242622375488,150500,0.0,0.0
2012-09-06 00:00:00-04:00,13.368804117118112,13.796016543065127,13.346707818903145,13.626605033874512,155500,0.0,0.0
2012-09-07 00:00:00-04:00,13.75182362412385,13.994892757933988,13.530852195169935,13.884407043457031,213800,0.0,0.0
2012-09-10 00:00:00-04:00,13.899139425835164,13.972795635287476,13.781286399926758,13.810750007629395,120800,0.0,0.0
2012-09-11 00:00:00-04:00,13.840209907155273,13.980157791540451,13.788648607490364,13.87703800201416,98900,0.0,0.0
2012-09-12 00:00:00-04:00,13.965425143523078,13.965425143523078,13.766551476500121,13.854939460754395,147200,0.0,0.0
2012-09-13 00:00:00-04:00,13.877040322677338,14.282155053479642,13.744456911170548,14.142207145690918,183000,0.0,0.0
2012-09-14 00:00:00-04:00,14.223226451341866,14.620976607628704,14.009620978629904,14.473661422729492,224600,0.0,0.0
2012-09-17 00:00:00-04:00,14.3484476636447,14.444202980169477,14.075916327170987,14.179036140441895,120900,0.0,0.0
2012-09-18 00:00:00-04:00,14.120107872155762,14.326348867668402,14.024353977215299,14.252691268920898,133300,0.0,0.0
2012-09-19 00:00:00-04:00,14.28951737463344,14.35580906377842,14.039082416730551,14.061180114746094,86400,0.0,0.0
2012-09-20 00:00:00-04:00,13.943326950073242,14.149566488499994,13.052072900052748,13.943326950073242,88000,0.0,0.0
2012-09-21 00:00:00-04:00,14.17903435542694,14.230594255571457,14.009622853551543,14.016988754272461,653700,0.0,0.0
2012-09-24 00:00:00-04:00,13.972791396300828,14.156934673871538,13.928597403056338,14.053814888000488,121300,0.0,0.0
2012-09-25 00:00:00-04:00,14.14957247722131,14.179036083696277,13.81811533379044,13.884407043457031,325800,0.0,0.0
2012-09-26 00:00:00-04:00,13.862305713315338,13.862305713315338,13.147830301972801,13.295144081115723,1900700,0.0,0.0
2012-09-27 00:00:00-04:00,13.383531387917845,13.707623899394699,13.074170673531189,13.56767463684082,1085700,0.0,0.0
2012-09-28 00:00:00-04:00,13.552941912161907,13.840206316153852,13.552941912161907,13.656063079833984,423400,0.0,0.0
2012-10-01 00:00:00-04:00,13.773921012878418,13.950698432965051,13.604508089339436,13.773921012878418,331400,0.0,0.0
2012-10-02 00:00:00-04:00,13.928601628635661,13.928601628635661,13.67816658277181,13.810750007629395,306500,0.0,0.0
2012-10-03 00:00:00-04:00,13.8623066505378,13.884404351109023,13.678163360483044,13.737089157104492,115200,0.0,0.0
2012-10-04 00:00:00-04:00,13.84021007347399,14.105375450428358,13.604505486878645,13.81811237335205,162600,0.0,0.0
2012-10-05 00:00:00-04:00,13.86967305918395,13.980158756286798,13.7076274637599,13.788649559020996,206800,0.0,0.0
2012-10-08 00:00:00-04:00,13.751823704051338,13.8549435175089,13.670800190676344,13.75918960571289,271700,0.0,0.0
2012-10-09 00:00:00-04:00,13.818109492821902,13.840207188337345,13.670794332521929,13.729720115661621,279500,0.0,0.0
2012-10-10 00:00:00-04:00,13.737091820886366,13.980160954696505,13.737091820886366,13.884407043457031,246400,0.0,0.0
2012-10-11 00:00:00-04:00,13.972789936723256,14.090641509665765,13.913864150252,14.002253532409668,256000,0.0,0.0
2012-10-12 00:00:00-04:00,13.950694673444469,13.950694673444469,13.648699819900514,13.663430213928223,264300,0.0,0.0
2012-10-15 00:00:00-04:00,13.737087692447366,13.825477080406312,13.560310321431134,13.685527801513672,174100,0.0,0.0
2012-10-16 00:00:00-04:00,13.832847603054788,13.832847603054788,13.501389043555037,13.552948951721191,416400,0.0,0.0
2012-10-17 00:00:00-04:00,13.619236111769878,13.78864758338106,13.597138413554726,13.685527801513672,264900,0.0,0.0
2012-10-18 00:00:00-04:00,13.700261916956674,13.82547941821275,13.442461013793945,13.442461013793945,118700,0.0,0.0
2012-10-19 00:00:00-04:00,13.39826532494529,13.420361619208254,13.118366755132834,13.258316040039062,211500,0.0,0.0
2012-10-22 00:00:00-04:00,13.26568486315214,13.390902376209736,13.096273346927756,13.221490859985352,155600,0.0,0.0
2012-10-23 00:00:00-04:00,13.074174927757436,13.354072139039891,12.963689223432834,13.177294731140137,194900,0.0,0.0
2012-10-24 00:00:00-04:00,13.287777836160545,13.442457494622646,13.140462671519137,13.23621654510498,153800,0.0,0.0
2012-10-25 00:00:00-04:00,13.405633337755365,13.50875314030824,13.037346723035734,13.111002922058105,168500,0.0,0.0
2012-10-26 00:00:00-04:00,13.103635212622557,13.140463303102248,12.89002835411587,13.000514030456543,243900,0.0,0.0
2012-10-31 00:00:00-04:00,12.963688065978761,13.169927654330202,12.860566866901213,13.044710159301758,145900,0.0,0.0
2012-11-01 00:00:00-04:00,13.05944195987024,13.228853451702303,12.890030468038177,13.044710159301758,188900,0.0,0.0
2012-11-02 00:00:00-04:00,13.074175009185847,13.177294813210798,12.912129402160645,12.912129402160645,164700,0.0,0.0
2012-11-05 00:00:00-05:00,12.897318574351624,12.897318574351624,12.652995145711651,12.815876960754395,196100,0.09,0.0
2012-11-06 00:00:00-05:00,12.852896073456714,13.112025903847645,12.852896073456714,13.037989616394043,101100,0.0,0.0
2012-11-07 00:00:00-05:00,12.926932770990527,12.926932770990527,12.601169141835848,12.652995109558105,238500,0.0,0.0
2012-11-08 00:00:00-05:00,12.615978816805374,12.786264567792886,12.512325453991828,12.549345016479492,271000,0.0,0.0
2012-11-09 00:00:00-05:00,12.497515794239623,12.786262690644888,12.34203789107285,12.652995109558105,291400,0.0,0.0
2012-11-12 00:00:00-05:00,12.704824528909821,12.801073991244403,12.623382893419345,12.749246597290039,102500,0.0,0.0
2012-11-13 00:00:00-05:00,12.734440019091434,12.934340030311803,12.660402297973633,12.660402297973633,216200,0.0,0.0
2012-11-14 00:00:00-05:00,12.682609334626328,12.727032803060226,12.416075584781472,12.430883407592773,172700,0.0,0.0
2012-11-15 00:00:00-05:00,12.430887457681425,12.549347254463614,12.134736553573784,12.186562538146973,277700,0.0,0.0
2012-11-16 00:00:00-05:00,12.149542932908913,12.260598802634647,11.979257171852653,12.245792388916016,167400,0.0,0.0
2012-11-19 00:00:00-05:00,12.416076060992541,12.55674614664008,12.260596739813996,12.541939735412598,107400,0.0,0.0
2012-11-20 00:00:00-05:00,12.63078244729601,12.660398090762307,12.438285001219905,12.593764305114746,159900,0.0,0.0
2012-11-21 00:00:00-05:00,12.66780621130062,12.66780621130062,12.497519029084053,12.660402297973633,66200,0.0,0.0
2012-11-23 00:00:00-05:00,12.704823460547289,12.9343391087223,12.601171505658954,12.926935195922852,110800,0.0,0.0
2012-11-26 00:00:00-05:00,12.904723380338764,12.96395326374664,12.815877849151041,12.934337615966797,148700,0.0,0.0
2012-11-27 00:00:00-05:00,12.941743477939431,13.082415001786083,12.786265540123676,12.875109672546387,112200,0.0,0.0
2012-11-28 00:00:00-05:00,12.778858305976346,12.778858305976346,12.534534887082865,12.764050483703613,224100,0.0,0.0
2012-11-29 00:00:00-05:00,12.912130067941176,12.986167791154502,12.541942864026652,12.889918327331543,153400,0.0,0.0
2012-11-30 00:00:00-05:00,12.94174192347527,12.956549747817792,12.645592497384092,12.778860092163086,205200,0.0,0.0
2012-12-03 00:00:00-05:00,12.852899429270794,12.86770584333638,12.601172032179395,12.7566499710083,255200,0.0,0.0
2012-12-04 00:00:00-05:00,12.756649680866078,12.867705550668258,12.690015876554368,12.845495223999023,242000,0.0,0.0
2012-12-05 00:00:00-05:00,12.919531893805017,12.926934393993275,12.771456471305934,12.801072120666504,181500,0.0,0.0
2012-12-06 00:00:00-05:00,12.801070550042665,12.897318574351624,12.727032847877158,12.815876960754395,82200,0.0,0.0
2012-12-07 00:00:00-05:00,12.912129321989239,12.912129321989239,12.682612252072236,12.7566499710083,83500,0.0,0.0
2012-12-10 00:00:00-05:00,12.793665270559048,12.88250937393601,12.71222366567053,12.8084716796875,108200,0.0,0.0
2012-12-11 00:00:00-05:00,12.912129402160645,13.02318527517827,12.8306877696101,12.912129402160645,210200,0.0,0.0
2012-12-12 00:00:00-05:00,12.934336871914585,13.045394132548584,12.690013440392901,12.741839408874512,120000,0.0,0.0
2012-12-13 00:00:00-05:00,12.734437976700182,12.778860037385476,12.645592443177744,12.67520809173584,102200,0.0,0.0
2012-12-14 00:00:00-05:00,12.62338057156207,12.660400131863208,12.47530656681302,12.578958511352539,117800,0.0,0.0
2012-12-17 00:00:00-05:00,12.645595250283204,12.83809277218643,12.623383508934007,12.734440803527832,381900,0.0,0.0
2012-12-18 00:00:00-05:00,12.71222619337485,12.971357468694624,12.71222619337485,12.956549644470215,409200,0.0,0.0
2012-12-19 00:00:00-05:00,12.926931631173288,13.082410932782562,12.852895347899102,13.06760311126709,516200,0.0,0.0
2012-12-20 00:00:00-05:00,13.023186539453405,13.223087977582544,12.956552726743691,13.200876235961914,455600,0.0,0.0
2012-12-21 00:00:00-05:00,13.08981739295783,13.260103137096424,13.060201744158844,13.215681076049805,1106100,0.0,0.0
2012-12-24 00:00:00-05:00,13.274907909730688,13.274907909730688,13.037988422411596,13.178658485412598,63100,0.0,0.0
2012-12-26 00:00:00-05:00,13.245296724924392,13.25270063791355,13.08241487561891,13.163856506347656,124600,0.0,0.0
2012-12-27 00:00:00-05:00,13.21568302681844,13.267509007714846,12.934339970306421,13.156453132629395,255800,0.0,0.0
2012-12-28 00:00:00-05:00,13.075005693773058,13.252695297452984,12.95654595798644,13.171255111694336,199300,0.0,0.0
2012-12-31 00:00:00-05:00,13.171259392337385,13.341545141354375,13.097221680370723,13.282315254211426,185200,0.0,0.0
2013-01-02 00:00:00-05:00,13.630293164370016,13.837598513464828,13.52664119589869,13.815386772155762,340300,0.0,0.0
2013-01-03 00:00:00-05:00,13.852401226732585,13.874612962105461,13.733941462380812,13.800575256347656,254500,0.0,0.0
2013-01-04 00:00:00-05:00,13.889427348903459,14.096732740553641,13.859811687745239,14.030098915100098,296200,0.0,0.0
2013-01-07 00:00:00-05:00,13.941246540183254,14.030092068147145,13.882016658924579,13.993072509765625,129200,0.0,0.0
2013-01-08 00:00:00-05:00,14.022687523754083,14.059705668313551,13.844997887995582,13.956053733825684,188300,0.0,0.0
2013-01-09 00:00:00-05:00,14.022694999810543,14.141154820138519,13.941253343777891,14.030098915100098,235900,0.0,0.0
2013-01-10 00:00:00-05:00,14.05970570627588,14.148551230470868,13.970861594232591,14.118935585021973,176200,0.0,0.0
2013-01-11 00:00:00-05:00,14.141151612054484,14.141151612054484,13.778368318082594,13.904232025146484,198500,0.0,0.0
2013-01-14 00:00:00-05:00,13.859808497870336,13.963461875915527,13.807982514923802,13.963461875915527,281300,0.0,0.0
2013-01-15 00:00:00-05:00,13.859804862763788,13.926438655404864,13.78576857063082,13.889420509338379,290200,0.0,0.0
2013-01-16 00:00:00-05:00,13.830192944492676,14.11153457330899,13.815385118725505,14.059708595275879,170300,0.0,0.0
2013-01-17 00:00:00-05:00,14.118934051420926,14.311431489474547,14.104126230304907,14.244797706604004,558100,0.0,0.0
2013-01-18 00:00:00-05:00,14.281819971837741,14.35585626717593,14.170762704526826,14.318838119506836,210600,0.0,0.0
2013-01-22 00:00:00-05:00,14.28922283777583,14.61498791178768,14.274416425619902,14.607583999633789,303100,0.0,0.0
2013-01-23 00:00:00-05:00,14.585376692937482,14.681624746547389,14.56316495188036,14.644606590270996,384800,0.0,0.0
2013-01-24 00:00:00-05:00,14.689022947297905,14.940750266100213,14.585371020315165,14.86671257019043,929600,0.0,0.0
2013-01-25 00:00:00-05:00,14.940749049100733,14.97036327776146,14.807481489748756,14.955556869506836,298200,0.0,0.0
2013-01-28 00:00:00-05:00,15.007384156566134,15.399781546985178,14.955558192710908,15.362763404846191,457900,0.0,0.0
2013-01-29 00:00:00-05:00,15.310939495870333,15.429399261195488,15.155460171286192,15.288727760314941,482900,0.0,0.0
2013-01-30 00:00:00-05:00,15.22949959505253,15.22949959505253,14.874120259001645,14.925946235656738,246400,0.0,0.0
2013-01-31 00:00:00-05:00,14.940749049100733,15.074016608452707,14.866711359221693,14.955556869506836,300900,0.0,0.0
2013-02-01 00:00:00-05:00,15.066621927157657,15.170273909188406,14.86672046568206,15.155466079711914,211500,0.0,0.0
2013-02-04 00:00:00-05:00,15.058737032530667,15.155458965378163,14.880175101601537,15.006656646728516,426600,0.1,0.0
2013-02-05 00:00:00-05:00,15.058746982444116,15.26707008238417,15.006666562230357,15.21498966217041,216200,0.0,0.0
2013-02-06 00:00:00-05:00,15.09593926853774,15.244740177435954,15.081058751922667,15.237299919128418,196000,0.0,0.0
2013-02-07 00:00:00-05:00,15.20010814159501,15.222427509319777,15.02898636664213,15.155467987060547,152900,0.0,0.0
2013-02-08 00:00:00-05:00,15.14802373049976,15.200104133571354,15.066182286196083,15.16290283203125,188500,0.0,0.0
2013-02-11 00:00:00-05:00,15.103381797224523,15.200103759765625,14.99922099364289,15.200103759765625,138200,0.0,0.0
2013-02-12 00:00:00-05:00,15.259625262879666,15.482827402597211,15.244744741809273,15.453067779541016,249900,0.0,0.0
2013-02-13 00:00:00-05:00,15.505146547979802,15.505146547979802,15.296823532231913,15.37866497039795,207600,0.0,0.0
2013-02-14 00:00:00-05:00,15.31913900446794,15.386099899936605,15.185217213530612,15.192657470703125,121500,0.0,0.0
2013-02-15 00:00:00-05:00,15.281942905939156,15.281942905939156,15.081060169999125,15.133140563964844,236400,0.0,0.0
2013-02-19 00:00:00-05:00,15.18522049279365,15.378662963801219,15.103379065306225,15.341463088989258,284300,0.0,0.0
2013-02-20 00:00:00-05:00,15.31914224219458,15.378662893070521,15.200100940442697,15.281942367553711,464400,0.0,0.0
2013-02-21 00:00:00-05:00,15.319146589144767,15.460508707244538,15.066183396370295,15.073623657226562,224500,0.0,0.0
2013-02-22 00:00:00-05:00,15.185222531478576,15.207543310812977,15.014100813834876,15.148022651672363,262500,0.0,0.0
2013-02-25 00:00:00-05:00,15.222423546640302,15.274505368971724,14.820659422246946,14.850419044494629,201800,0.0,0.0
2013-02-26 00:00:00-05:00,14.887621431150263,15.289385584823664,14.67185812302064,14.78346061706543,189200,0.0,0.0
2013-02-27 00:00:00-05:00,14.746259312688945,14.902501952900856,14.731378790938352,14.78346061706543,169600,0.0,0.0
2013-02-28 00:00:00-05:00,14.738815414290457,14.999218804319934,14.686735020101423,14.88017749786377,181100,0.0,0.0
2013-03-01 00:00:00-05:00,14.776019279333141,14.895060606492992,14.552815726595004,14.850419044494629,219000,0.0,0.0
2013-03-04 00:00:00-05:00,14.76857661429208,15.051299365490976,14.761136355170487,14.976898193359375,177200,0.0,0.0
2013-03-05 00:00:00-05:00,15.014100813834876,15.237302930841055,14.850417936884856,15.148022651672363,188400,0.0,0.0
2013-03-06 00:00:00-05:00,15.170348085628602,15.252189556870233,15.140588453685748,15.21498966217041,70900,0.0,0.0
2013-03-07 00:00:00-05:00,15.214980477845524,15.438182549481471,15.133139056006401,15.408421516418457,112600,0.0,0.0
2013-03-08 00:00:00-05:00,15.542343847956568,15.62418527253872,15.23730034425755,15.386102676391602,281000,0.0,0.0
2013-03-11 00:00:00-04:00,15.326582191616936,15.326582191616936,15.133139725403138,15.27450180053711,423400,0.0,0.0
2013-03-12 00:00:00-04:00,15.259629819627202,15.334031028111864,15.170348085628602,15.21498966217041,255900,0.0,0.0
2013-03-13 00:00:00-04:00,15.22242235381592,15.512586807729845,15.162901694900016,15.37866497039795,190000,0.0,0.0
2013-03-14 00:00:00-04:00,15.430741313556526,15.706025175611341,15.371220670285766,15.661383628845215,359700,0.0,0.0
2013-03-15 00:00:00-04:00,15.698588868249397,15.825070444413415,15.631627950334067,15.780428886413574,515700,0.0,0.0
2013-03-18 00:00:00-04:00,15.594427603445899,15.743229967688547,15.363785216045862,15.490266799926758,265600,0.0,0.0
2013-03-19 00:00:00-04:00,15.557229256785826,15.862272856402438,15.438187921281035,15.79531192779541,638300,0.0,0.0
2013-03-20 00:00:00-04:00,15.839953511374611,15.929233803564877,15.750671800099688,15.877153396606445,266200,0.0,0.0
2013-03-21 00:00:00-04:00,15.77299225844274,15.877153070218359,15.713471591844582,15.787871360778809,241800,0.0,0.0
2013-03-22 00:00:00-04:00,15.802747254008537,15.966428684444514,15.750666863373644,15.90690803527832,238000,0.0,0.0
2013-03-25 00:00:00-04:00,15.929233162161468,16.21195738724406,15.847391715045255,16.152435302734375,517600,0.0,0.0
2013-03-26 00:00:00-04:00,16.189631564007534,16.249152210897538,16.048269495487208,16.226831436157227,424800,0.0,0.0
2013-03-27 00:00:00-04:00,16.10779234122985,16.23427391052246,15.944110894709443,16.23427391052246,259300,0.0,0.0
2013-03-28 00:00:00-04:00,16.249156456242087,16.4277184435642,16.144995651741986,16.353317260742188,1737200,0.0,0.0
2013-04-01 00:00:00-04:00,16.10779220845027,16.204514158980214,15.512585663205774,16.115232467651367,1601800,0.0,0.0
2013-04-02 00:00:00-04:00,16.17475664500934,16.211957949117213,15.810192379260089,15.839953422546387,665500,0.0,0.0
2013-04-03 00:00:00-04:00,15.832514752241755,15.921795052900348,15.66883183589301,15.750673294067383,578600,0.0,0.0
2013-04-04 00:00:00-04:00,15.743231520897647,15.817632710359305,15.534908474221933,15.79531192779541,280300,0.0,0.0
2013-04-05 00:00:00-04:00,15.795308180900529,15.862269093623377,15.639066997270096,15.854828834533691,452800,0.0,0.0
2013-04-08 00:00:00-04:00,15.85482550340505,15.85482550340505,15.676263580021754,15.728343963623047,381000,0.0,0.0
2013-04-09 00:00:00-04:00,15.802750776284741,15.8622714387175,15.527468244689935,15.691149711608887,409200,0.0,0.0
2013-04-10 00:00:00-04:00,15.743231539236389,15.95899484701807,15.691151132277959,15.877153396606445,475500,0.0,0.0
2013-04-11 00:00:00-04:00,15.869711168324121,16.011073269032362,15.787869728058642,15.817630767822266,353300,0.0,0.0
2013-04-12 00:00:00-04:00,15.728352024617704,16.293799114672815,15.728352024617704,16.018516540527344,456600,0.0,0.0
2013-04-15 00:00:00-04:00,15.966431397572459,16.01107295634607,15.304263885692889,15.415864944458008,447900,0.0,0.0
2013-04-16 00:00:00-04:00,15.490266275840424,15.586988235051079,15.259623896243772,15.326584815979004,425900,0.0,0.0
2013-04-17 00:00:00-04:00,15.192667836692413,15.371229873414121,14.95458512106347,15.095947265625,465700,0.0,0.0
2013-04-18 00:00:00-04:00,15.148018315173074,15.222418053486713,14.895055231471376,14.939695358276367,289900,0.0,0.0
2013-04-19 00:00:00-04:00,14.91738037692809,15.11826315416833,14.872740232791791,15.081063270568848,278000,0.0,0.0
2013-04-22 00:00:00-04:00,15.12570467796609,15.222425234853361,14.768580656880403,15.088504791259766,255600,0.0,0.0
2013-04-23 00:00:00-04:00,15.981310469120663,15.981310469120663,15.393544189369292,15.601865768432617,392100,0.0,0.0
2013-04-24 00:00:00-04:00,15.527466756332815,15.83251029944687,15.460505840128814,15.735788345336914,162200,0.0,0.0
2013-04-25 00:00:00-04:00,15.847390873771085,16.055713901242143,15.713470447987397,16.003633499145508,264700,0.0,0.0
2013-04-26 00:00:00-04:00,15.98875285969168,15.98875285969168,15.758110472517226,15.884592056274414,256500,0.0,0.0
2013-04-29 00:00:00-04:00,15.899469574812487,16.025951134691002,15.854828022560602,15.973869323730469,178300,0.0,0.0
2013-04-30 00:00:00-04:00,15.973869323730469,16.003630358565058,15.839948924227555,15.973869323730469,366600,0.0,0.0
2013-05-01 00:00:00-04:00,15.96643089479628,16.085473628692853,15.520026673792882,15.624187469482422,491000,0.0,0.0
2013-05-02 00:00:00-04:00,15.698587822736785,15.899470563104153,15.616746390938745,15.7432279586792,199200,0.0,0.0
2013-05-03 00:00:00-04:00,15.966432787055469,16.159875301322142,15.906912122595307,15.936673164367676,297000,0.0,0.0
2013-05-06 00:00:00-04:00,15.914248901826051,16.145973112642885,15.80212294993144,16.011423110961914,232700,0.1,0.0
2013-05-07 00:00:00-04:00,16.003943508441175,16.145968629193302,15.93666852628176,16.071218490600586,297400,0.0,0.0
2013-05-08 00:00:00-04:00,16.033844134174384,16.131018316326696,15.914244482722161,16.071218490600586,204200,0.0,0.0
2013-05-09 00:00:00-04:00,16.026371777538913,16.145971449885128,15.988995988842872,16.00394630432129,177600,0.0,0.0
2013-05-10 00:00:00-04:00,16.056272506713867,16.1384978239089,15.981522347967537,16.056272506713867,147900,0.0,0.0
2013-05-13 00:00:00-04:00,16.05626065143189,16.243135197446897,15.98151054787796,16.0263614654541,163800,0.0,0.0
2013-05-14 00:00:00-04:00,16.011420303022344,16.273045101993844,16.011420303022344,16.258094787597656,149500,0.0,0.0
2013-05-15 00:00:00-04:00,16.16839884968515,16.400124510424455,16.16839884968515,16.332849502563477,138800,0.0,0.0
2013-05-16 00:00:00-04:00,16.26557462875942,16.430023857252248,16.25062431005802,16.288000106811523,88100,0.0,0.0
2013-05-17 00:00:00-04:00,16.33284768903721,16.5346726902104,16.33284768903721,16.467397689819336,197100,0.0,0.0
2013-05-20 00:00:00-04:00,16.40011585622183,16.51224033490937,16.392640700877315,16.444965362548828,180300,0.0,0.0
2013-05-21 00:00:00-04:00,16.422539385573078,16.519714976288334,16.31789006548593,16.459915161132812,193400,0.0,0.0
2013-05-22 00:00:00-04:00,16.437498928584557,16.6019481561968,16.145974844172578,16.235673904418945,194600,0.0,0.0
2013-05-23 00:00:00-04:00,16.086172846769028,16.250622052415494,15.981522056138852,16.16092300415039,121400,0.0,0.0
2013-05-24 00:00:00-04:00,16.05626956588301,16.26556968688965,15.891820387353784,16.26556968688965,128000,0.0,0.0
2013-05-28 00:00:00-04:00,16.45244125617995,16.75144035467737,16.18334135466219,16.340316772460938,208000,0.0,0.0
2013-05-29 00:00:00-04:00,16.228195961257533,16.35527079625833,16.10859628428509,16.123546600341797,124900,0.0,0.0
2013-05-30 00:00:00-04:00,16.13101669064266,16.36274081376064,16.071216870943175,16.340316772460938,192300,0.0,0.0
2013-05-31 00:00:00-04:00,16.22819706071125,16.40012285553008,16.22819706071125,16.32537269592285,227000,0.0,0.0
2013-06-03 00:00:00-04:00,16.362745999798143,16.572046147952378,16.235671164443897,16.534671783447266,354000,0.0,0.0
2013-06-04 00:00:00-04:00,16.54962096542329,16.691646119378433,16.31789676477906,16.430021286010742,186500,0.0,0.0
2013-06-05 00:00:00-04:00,16.40012236945907,16.444971893597856,16.235671738049064,16.243146896362305,191300,0.0,0.0
2013-06-06 00:00:00-04:00,16.198296092358355,16.400121073647245,16.04132063166459,16.36274528503418,153800,0.0,0.0
2013-06-07 00:00:00-04:00,16.467395916400886,16.56457011442264,16.325370772454743,16.504770278930664,142100,0.0,0.0
2013-06-10 00:00:00-04:00,16.527193591558472,16.699117917907426,16.452443450529255,16.69164276123047,74300,0.0,0.0
2013-06-11 00:00:00-04:00,16.519720745727945,16.579520581768293,16.36274528503418,16.36274528503418,158100,0.0,0.0
2013-06-12 00:00:00-04:00,16.44497008754528,16.44497008754528,16.108595129094738,16.19829559326172,85800,0.0,0.0
2013-06-13 00:00:00-04:00,16.160922341258164,16.504771055071444,16.108596235219068,16.482345581054688,95900,0.0,0.0
2013-06-14 00:00:00-04:00,16.422543708339305,16.422543708339305,16.1235445538587,16.26556968688965,170400,0.0,0.0
2013-06-17 00:00:00-04:00,16.407594938627792,16.542143489812183,16.32536963589807,16.40011978149414,362200,0.0,0.0
2013-06-18 00:00:00-04:00,16.407592173131803,16.71406643525312,16.38516670551066,16.646791458129883,155800,0.0,0.0
2013-06-19 00:00:00-04:00,16.601943957656374,16.646794902177856,16.385170095431192,16.51972007751465,183700,0.0,0.0
2013-06-20 00:00:00-04:00,16.30294644841733,16.66922064483584,16.273047241434515,16.430021286010742,219300,0.0,0.0
2013-06-21 00:00:00-04:00,16.50476748846158,16.856091284360872,16.415067037519048,16.848617553710938,953800,0.0,0.0
2013-06-24 00:00:00-04:00,16.736485925838643,16.88598615117767,16.60193600818148,16.751436233520508,279100,0.0,0.0
2013-06-25 00:00:00-04:00,16.871045618955243,17.27469560581052,16.706596416388635,17.1999454498291,260500,0.0,0.0
2013-06-26 00:00:00-04:00,17.341970603619735,17.394295285084535,17.102769819331066,17.1999454498291,134600,0.0,0.0
2013-06-27 00:00:00-04:00,17.297115724867112,17.6334906374924,17.297115724867112,17.60359001159668,271100,0.0,0.0
2013-06-28 00:00:00-04:00,17.506420963301426,17.850269707506296,17.431670802379276,17.797945022583008,439200,0.0,0.0
2013-07-01 00:00:00-04:00,17.910063681027854,18.283812937400626,17.797939189264074,18.21653938293457,269000,0.0,0.0
2013-07-02 00:00:00-04:00,18.22401341001971,18.590288941877866,18.029665048194143,18.470687866210938,315600,0.0,0.0
2013-07-03 00:00:00-04:00,18.373513685298153,18.575338629201962,18.253914035371515,18.470687866210938,148200,0.0,0.0
2013-07-05 00:00:00-04:00,18.687468027457694,18.949092864990234,18.590293821040806,18.949092864990234,180800,0.0,0.0
2013-07-08 00:00:00-04:00,18.98646215342205,19.053737134389593,18.904238285593053,18.971511840820312,235300,0.0,0.0
2013-07-09 00:00:00-04:00,19.05374042188362,19.0985899416868,18.56039142682706,19.083641052246094,224500,0.0,0.0
2013-07-10 00:00:00-04:00,19.061213035583496,19.09111366195546,18.635139089965378,18.687463760375977,217000,0.0,0.0
2013-07-11 00:00:00-04:00,18.79211709450503,18.822017727230854,18.306243218635565,18.463218688964844,209200,0.0,0.0
2013-07-12 00:00:00-04:00,18.50059177841818,18.732315963102124,18.470691147754163,18.665040969848633,154000,0.0,0.0
2013-07-15 00:00:00-04:00,18.687466184265762,18.792115538660685,18.11936704117522,18.672515869140625,188600,0.0,0.0
2013-07-16 00:00:00-04:00,18.665039684605077,18.717365784664015,18.171690718544358,18.52301597595215,130800,0.0,0.0
2013-07-17 00:00:00-04:00,18.590293143933717,18.679992188783668,18.343618631985432,18.597766876220703,161200,0.0,0.0
2013-07-18 00:00:00-04:00,18.590294109003842,18.866867841679564,18.537968000094274,18.762218475341797,284300,0.0,0.0
2013-07-19 00:00:00-04:00,18.694942222374465,18.79959158169845,18.642617542712472,18.78464126586914,119500,0.0,0.0
2013-07-22 00:00:00-04:00,18.702416608738343,18.896766429279875,18.679991135919522,18.807065963745117,146600,0.0,0.0
2013-07-23 00:00:00-04:00,18.81454163859647,18.904242106597252,18.650092443959036,18.792116165161133,295500,0.0,0.0
2013-07-24 00:00:00-04:00,18.784640490926297,18.896766429279875,18.672515978313246,18.807065963745117,259000,0.0,0.0
2013-07-25 00:00:00-04:00,18.709892917401906,18.941617114490256,18.470692136506784,18.65009307861328,228000,0.0,0.0
2013-07-26 00:00:00-04:00,18.54544079711871,18.627666103480458,18.298766303773984,18.500591278076172,130500,0.0,0.0
2013-07-29 00:00:00-04:00,18.530487282515747,18.537961012373557,18.12683743466686,18.246437072753906,356400,0.0,0.0
2013-07-30 00:00:00-04:00,18.276338235246875,18.642612315930073,18.276338235246875,18.5080623626709,330700,0.0,0.0
2013-07-31 00:00:00-04:00,18.515541837548245,19.128490500273678,18.515541837548245,18.672515869140625,294400,0.0,0.0
2013-08-01 00:00:00-04:00,18.79211463217217,18.986464442202408,18.694940440027278,18.919189453125,182000,0.0,0.0
2013-08-02 00:00:00-04:00,18.8294872707398,19.038785934448242,18.612712025338666,19.038785934448242,115200,0.0,0.0
2013-08-05 00:00:00-04:00,19.0387895869428,19.188877722664678,18.873690776880487,19.001266479492188,94700,0.1,0.0
2013-08-06 00:00:00-04:00,18.963745579265645,18.963745579265645,18.611035511600413,18.71609878540039,154100,0.0,0.0
2013-08-07 00:00:00-04:00,18.618539478182303,18.656062585847604,18.430928233936402,18.475955963134766,209500,0.0,0.0
2013-08-08 00:00:00-04:00,18.581020683341666,18.693587161073488,18.370895541911285,18.408418655395508,105900,0.0,0.0
2013-08-09 00:00:00-04:00,18.38590589957234,18.54349869165849,18.235816299276525,18.400915145874023,92100,0.0,0.0
2013-08-12 00:00:00-04:00,18.288342495836492,18.460944476035518,18.18327923850489,18.378395080566406,122000,0.0,0.0
2013-08-13 00:00:00-04:00,18.41591676371031,18.520978581581087,18.1682685963979,18.423419952392578,166000,0.0,0.0
2013-08-14 00:00:00-04:00,18.408415638973118,18.56600839570227,18.39340639603886,18.438432693481445,121200,0.0,0.0
2013-08-15 00:00:00-04:00,18.29584565047515,18.513475353987328,18.17577458348913,18.220802307128906,183000,0.0,0.0
2013-08-16 00:00:00-04:00,18.130747463221798,18.468448218298015,17.920622389912154,18.078216552734375,272300,0.0,0.0
2013-08-19 00:00:00-04:00,18.108236613729954,18.108236613729954,17.85308663912673,17.93563461303711,228200,0.0,0.0
2013-08-20 00:00:00-04:00,17.920626803684744,18.378398733010865,17.91312361293279,18.18328285217285,180800,0.0,0.0
2013-08-21 00:00:00-04:00,18.078221643282465,18.130752568561782,17.748025415492,17.860591888427734,122100,0.0,0.0
2013-08-22 00:00:00-04:00,17.860588909450207,18.24331599868473,17.785545560916482,18.138254165649414,95700,0.0,0.0
2013-08-23 00:00:00-04:00,18.100736462247323,18.13825814474554,17.84558501345024,18.063213348388672,113200,0.0,0.0
2013-08-26 00:00:00-04:00,18.055704258123395,18.138253656826926,17.898111512991285,17.958147048950195,116100,0.0,0.0
2013-08-27 00:00:00-04:00,17.733015215479952,17.830573869766475,17.402820436837075,17.63545799255371,325400,0.0,0.0
2013-08-28 00:00:00-04:00,17.59043596360468,17.80806432822287,17.575426716014285,17.68048858642578,113900,0.0,0.0
2013-08-29 00:00:00-04:00,17.672974777733085,17.91311832029147,17.62794848972334,17.778038024902344,125800,0.0,0.0
2013-08-30 00:00:00-04:00,17.755531990524897,17.755531990524897,17.387814041769712,17.410327911376953,130200,0.0,0.0
2013-09-03 00:00:00-04:00,17.57541912637913,17.94313694538754,17.545400644161294,17.657968521118164,212200,0.0,0.0
2013-09-04 00:00:00-04:00,17.635460526528384,17.845585677878923,17.597938842633155,17.71800994873047,155200,0.0,0.0
2013-09-05 00:00:00-04:00,17.755530354883643,17.890610697362447,17.702999428666416,17.823070526123047,114400,0.0,0.0
2013-09-06 00:00:00-04:00,17.928128197682614,17.98065911164953,17.395313005892426,17.70299530029297,156500,0.0,0.0
2013-09-09 00:00:00-04:00,17.733016170737805,17.89811500031322,17.58292801727695,17.860591888427734,122800,0.0,0.0
2013-09-10 00:00:00-04:00,17.958147406856853,18.220803418671863,17.875598006508106,18.213298797607422,140500,0.0,0.0
2013-09-11 00:00:00-04:00,18.205791748020395,18.205791748020395,17.958145011368572,18.055702209472656,150400,0.0,0.0
2013-09-12 00:00:00-04:00,18.055698694122405,18.15325730459226,17.98065393945936,18.018177032470703,169300,0.0,0.0
2013-09-13 00:00:00-04:00,18.08572388006478,18.16076866257662,17.97315742197711,18.10823631286621,126300,0.0,0.0
2013-09-16 00:00:00-04:00,18.31085952818256,18.31085952818256,18.04070027473698,18.11574363708496,166800,0.0,0.0
2013-09-17 00:00:00-04:00,18.1082404186375,18.363391878213406,18.010683181204595,18.340879440307617,142900,0.0,0.0
2013-09-18 00:00:00-04:00,18.370889698365666,18.6635641650049,18.23580939551063,18.505970001220703,396800,0.0,0.0
2013-09-19 00:00:00-04:00,18.51347292382399,18.581013069058,18.070710385672072,18.198286056518555,374800,0.0,0.0
2013-09-20 00:00:00-04:00,18.385898663474965,18.843670475988503,18.26582760303862,18.65605926513672,1209000,0.0,0.0
2013-09-23 00:00:00-04:00,18.671065791735863,18.821155322652263,18.41591587935374,18.626039505004883,332400,0.0,0.0
2013-09-24 00:00:00-04:00,18.58851991388118,18.761121891758958,18.49846589900233,18.686077117919922,318500,0.0,0.0
2013-09-25 00:00:00-04:00,18.686076314565835,18.798642754804916,18.483455863319517,18.65605926513672,262500,0.0,0.0
2013-09-26 00:00:00-04:00,18.678574717250847,18.768628742832142,18.483458854624853,18.648557662963867,137900,0.0,0.0
2013-09-27 00:00:00-04:00,18.505976196868616,18.716101341809054,18.468454514118033,18.551002502441406,176700,0.0,0.0
2013-09-30 00:00:00-04:00,18.430928397665216,18.61103502197801,18.22080471831373,18.535991668701172,359200,0.0,0.0
2013-10-01 00:00:00-04:00,18.551000437230474,18.656063713684627,18.445938592136606,18.603532791137695,307800,0.0,0.0
2013-10-02 00:00:00-04:00,18.51347939176776,18.611036618211074,18.370894431864144,18.573514938354492,133000,0.0,0.0
2013-10-03 00:00:00-04:00,18.535989076881055,18.596024609924104,18.28834232415848,18.318359375,137400,0.0,0.0
2013-10-04 00:00:00-04:00,18.273336095250144,18.355884072191607,18.250822229887792,18.31085777282715,200200,0.0,0.0
2013-10-07 00:00:00-04:00,18.175777262664994,18.19078650609067,17.958148958433636,17.980661392211914,353700,0.0,0.0
2013-10-08 00:00:00-04:00,18.010678574707978,18.108235787189187,17.657969967909594,17.770536422729492,524800,0.0,0.0
2013-10-09 00:00:00-04:00,17.7780445405104,17.98066362649358,17.75553067257431,17.808061599731445,420700,0.0,0.0
2013-10-10 00:00:00-04:00,17.995672062647632,18.566010475807552,17.943141137852436,18.498470306396484,481300,0.0,0.0
2013-10-11 00:00:00-04:00,18.408413345692313,18.828662075976556,18.355881001966775,18.821157455444336,335200,0.0,0.0
2013-10-14 00:00:00-04:00,18.75362443262368,18.80615536496282,18.678579630127533,18.79865074157715,185800,0.0,0.0
2013-10-15 00:00:00-04:00,18.716095599999537,18.87368833683751,18.581015293361272,18.686077117919922,136200,0.0,0.0
2013-10-16 00:00:00-04:00,18.83616607407942,19.001263426252684,18.723599632535826,18.873687744140625,178800,0.0,0.0
2013-10-17 00:00:00-04:00,18.761128085432322,19.001270295908178,18.70109253281336,18.978757858276367,286200,0.0,0.0
2013-10-18 00:00:00-04:00,19.13634648500639,19.211391267298055,18.82866416583471,19.01627540588379,316300,0.0,0.0
2013-10-21 00:00:00-04:00,18.99376614471579,19.143855745671665,18.95624446015708,19.023784637451172,141400,0.0,0.0
2013-10-22 00:00:00-04:00,19.061307113729928,19.121342670333778,18.95624524751333,19.053802490234375,150200,0.0,0.0
2013-10-23 00:00:00-04:00,18.978751512868552,19.106325767089906,18.79114029474068,19.031282424926758,171500,0.0,0.0
2013-10-24 00:00:00-04:00,19.098824513447134,19.23390340184577,18.746114471552495,19.18887710571289,200500,0.0,0.0
2013-10-25 00:00:00-04:00,19.323961718727354,19.519077620466106,19.293943227062712,19.50406837463379,255500,0.0,0.0
2013-10-28 00:00:00-04:00,19.451534750517066,19.601624325324,19.406508450619093,19.49656105041504,272700,0.0,0.0
2013-10-29 00:00:00-04:00,19.496557575294037,19.63914250280986,19.293937114828392,19.5941162109375,92500,0.0,0.0
2013-10-30 00:00:00-04:00,19.631639457027934,19.654153320450074,19.444028222590465,19.47404670715332,155300,0.0,0.0
2013-10-31 00:00:00-04:00,19.47404459109063,19.489052400381176,19.263919516063353,19.278928756713867,248900,0.0,0.0
2013-11-01 00:00:00-04:00,19.21889151146087,19.436519756044557,18.97124478825332,19.361474990844727,271500,0.0,0.0
2013-11-04 00:00:00-05:00,19.497139859889366,19.51974868774414,19.20321216037579,19.51974868774414,230700,0.11,0.0
2013-11-05 00:00:00-05:00,19.42931103009711,19.73077405544027,19.346408159069334,19.549896240234375,364200,0.0,0.0
2013-11-06 00:00:00-05:00,19.617726024276436,19.76845682145857,19.587579002346537,19.70816421508789,132800,0.0,0.0
2013-11-07 00:00:00-05:00,19.783527162362617,19.783527162362617,19.429308336380124,19.50467300415039,208400,0.0,0.0
2013-11-08 00:00:00-05:00,19.48207051033716,20.25080244633252,19.376557353687815,20.137752532958984,268800,0.0,0.0
2013-11-11 00:00:00-05:00,20.16036183997762,20.16036183997762,19.873972285587246,20.002094268798828,140600,0.0,0.0
2013-11-12 00:00:00-05:00,19.95687205907955,20.009627911720457,19.768457478225347,19.934263229370117,93900,0.0,0.0
2013-11-13 00:00:00-05:00,19.91164338374112,20.12266813028117,19.77598472078598,20.115131378173828,204600,0.0,0.0
2013-11-14 00:00:00-05:00,20.145287587486727,20.1754346118362,19.911653898735302,20.122678756713867,127300,0.0,0.0
2013-11-15 00:00:00-05:00,20.160363253499458,20.160363253499458,19.866436922136632,20.054851531982422,167300,0.0,0.0
2013-11-18 00:00:00-05:00,20.069918992333996,20.198040955061533,19.90411469129974,20.009626388549805,114500,0.0,0.0
2013-11-19 00:00:00-05:00,20.00209506852158,20.084996516862955,19.745851091853286,19.91165542602539,121200,0.0,0.0
2013-11-20 00:00:00-05:00,19.971946098080057,19.971946098080057,19.647872780452563,19.828750610351562,114700,0.0,0.0
2013-11-21 00:00:00-05:00,19.949333477202234,20.363846379630836,19.828748271492945,20.341236114501953,167700,0.0,0.0
2013-11-22 00:00:00-05:00,20.409065022260535,20.552260489940412,20.296016574087584,20.47689437866211,155800,0.0,0.0
2013-11-25 00:00:00-05:00,20.582412474306118,20.73314474374938,20.4166081279101,20.65024185180664,103200,0.0,0.0
2013-11-26 00:00:00-05:00,20.68792348827547,20.778361690552625,20.416606006465386,20.718069076538086,143700,0.0,0.0
2013-11-27 00:00:00-05:00,20.770821515706448,21.019528687271002,20.66530981791817,20.92909049987793,104100,0.0,0.0
2013-11-29 00:00:00-05:00,21.057212754602595,21.064749509904473,20.793432068993216,20.891407012939453,70900,0.0,0.0
2013-12-02 00:00:00-05:00,20.89894534245548,20.966774707792545,20.34877510137858,20.386457443237305,237100,0.0,0.0
2013-12-03 00:00:00-05:00,20.30354586839186,20.514569177443427,19.791058225000658,20.115131378173828,251500,0.0,0.0
2013-12-04 00:00:00-05:00,20.092533430103188,20.446752371204095,19.97194819749482,20.137752532958984,131800,0.0,0.0
2013-12-05 00:00:00-05:00,20.084991455078125,20.213113411123196,20.017162099672557,20.084991455078125,127500,0.0,0.0
2013-12-06 00:00:00-05:00,20.15282041021402,20.66530822421542,20.15282041021402,20.303552627563477,163300,0.0,0.0
2013-12-09 00:00:00-05:00,20.303557000286002,20.318629075275812,20.077458625567616,20.280946731567383,206700,0.0,0.0
2013-12-10 00:00:00-05:00,20.190506637152634,20.31109185069196,19.889042165815184,19.904115676879883,127400,0.0,0.0
2013-12-11 00:00:00-05:00,19.89657736005825,20.009625809194283,19.59511434986581,19.655406951904297,123200,0.0,0.0
2013-12-12 00:00:00-05:00,19.610187414059865,19.97947977283869,19.610187414059865,19.791065216064453,108400,0.0,0.0
2013-12-13 00:00:00-05:00,19.775993249085882,19.866432875887117,19.519749316886347,19.662944793701172,132600,0.0,0.0
2013-12-16 00:00:00-05:00,19.68555756831782,20.17543522906976,19.670484055681936,20.13021469116211,146800,0.0,0.0
2013-12-17 00:00:00-05:00,20.06991701407699,20.152819875167058,19.70816142702947,19.97947883605957,209700,0.0,0.0
2013-12-18 00:00:00-05:00,19.987017031269293,20.42413875650117,19.640333490574204,20.40906524658203,371500,0.0,0.0
2013-12-19 00:00:00-05:00,20.318626303534987,20.36384683480352,20.084992641937188,20.205577850341797,221400,0.0,0.0
2013-12-20 00:00:00-05:00,20.303555086620953,20.80096945163377,20.303555086620953,20.657773971557617,720000,0.0,0.0
2013-12-23 00:00:00-05:00,20.83865355633268,21.298385620117188,20.785897700650377,21.298385620117188,239900,0.0,0.0
2013-12-24 00:00:00-05:00,21.26823682555778,21.38128672117127,21.034603153768884,21.11750602722168,51600,0.0,0.0
2013-12-26 00:00:00-05:00,21.253165112601657,21.320994476125065,20.620092011375963,21.245628356933594,203800,0.0,0.0
2013-12-27 00:00:00-05:00,21.268236790298044,21.268236790298044,20.914017905431862,21.034603118896484,166400,0.0,0.0
2013-12-30 00:00:00-05:00,21.004455975536803,21.011991293016155,20.763284129015762,20.7858943939209,127000,0.0,0.0
2013-12-31 00:00:00-05:00,20.763288177676664,20.99692331478615,20.665313218961526,20.718069076538086,171800,0.0,0.0
2014-01-02 00:00:00-05:00,20.718060369550187,20.718060369550187,20.43920768598227,20.499500274658203,405100,0.0,0.0
2014-01-03 00:00:00-05:00,20.529653698825616,20.65023892227772,20.28848325192141,20.34877586364746,132000,0.0,0.0
2014-01-06 00:00:00-05:00,20.461818307242957,20.58240349519628,20.23572143920268,20.333696365356445,226700,0.0,0.0
2014-01-07 00:00:00-05:00,20.469361648791317,20.672849758009047,20.18297209460618,20.3261661529541,309200,0.0,0.0
2014-01-08 00:00:00-05:00,20.280946322080858,20.326165421115824,19.987020022119736,20.122678756713867,375600,0.0,0.0
2014-01-09 00:00:00-05:00,20.145286792599187,20.273408766050547,19.93426338043637,20.077457427978516,327300,0.0,0.0
2014-01-10 00:00:00-05:00,20.100070524421934,20.288485133223233,19.75338689673307,20.2658748626709,258600,0.0,0.0
2014-01-13 00:00:00-05:00,20.167898525053797,20.318629339335676,20.054850054970068,20.2960205078125,290300,0.0,0.0
2014-01-14 00:00:00-05:00,20.31109004184231,20.393991470336914,20.054846126519337,20.393991470336914,265500,0.0,0.0
2014-01-15 00:00:00-05:00,20.43921426969496,20.62009209398564,20.401530491203673,20.52211570739746,249300,0.0,0.0
2014-01-16 00:00:00-05:00,20.424141987677338,20.5221169426737,20.27340973961758,20.34877586364746,250600,0.0,0.0
2014-01-17 00:00:00-05:00,20.386454376896605,20.710527643098672,20.333698531233754,20.642698287963867,228600,0.0,0.0
2014-01-21 00:00:00-05:00,20.76328789511573,21.25316699449273,20.635165912392242,21.16272735595703,297200,0.0,0.0
2014-01-22 00:00:00-05:00,21.230549250739543,21.44157404136675,20.929086290906948,21.358671188354492,233500,0.0,0.0
2014-01-23 00:00:00-05:00,21.5094057530029,21.524477824535836,20.439211049761514,21.22301483154297,292900,0.0,0.0
2014-01-24 00:00:00-05:00,21.19286722493335,21.275768641650362,20.816038160345187,21.10996437072754,469100,0.0,0.0
2014-01-27 00:00:00-05:00,21.238089839767714,21.336064780348124,20.32616260441603,20.341236114501953,259100,0.0,0.0
2014-01-28 00:00:00-05:00,20.4241457509243,20.491975131300155,20.115145879207414,20.23573112487793,247800,0.0,0.0
2014-01-29 00:00:00-05:00,20.084987248488908,20.26586501252448,19.715694967230196,19.74584197998047,231200,0.0,0.0
2014-01-30 00:00:00-05:00,19.8965759749695,20.152819875167058,19.640332074771948,19.97947883605957,183300,0.0,0.0
2014-01-31 00:00:00-05:00,19.69308682575655,20.198037843724094,19.625258914750585,19.678014755249023,229400,0.0,0.0
2014-02-03 00:00:00-05:00,20.420011825697426,20.722868188200177,19.079878631365247,19.095020294189453,327500,0.12,0.0
2014-02-04 00:00:00-05:00,19.201017970327495,19.519015952124356,18.92844785903705,19.132875442504883,189300,0.0,0.0
2014-02-05 00:00:00-05:00,19.07987968085985,19.208593208765596,18.898165275712476,18.9511661529541,191600,0.0,0.0
2014-02-06 00:00:00-05:00,18.973880858805927,19.2540225982666,18.89816675807658,19.2540225982666,150000,0.0,0.0
2014-02-07 00:00:00-05:00,19.32216453552246,19.413020298233036,19.05716591338504,19.32216453552246,196500,0.0,0.0
2014-02-10 00:00:00-05:00,19.307022648372378,19.428164635734014,19.00416767996829,19.185880661010742,154900,0.0,0.0
2014-02-11 00:00:00-05:00,19.21616684178164,19.64016527269656,19.21616684178164,19.511451721191406,110300,0.0,0.0
2014-02-12 00:00:00-05:00,19.496307200666514,19.753734285059796,19.246451671005552,19.337308883666992,153500,0.0,0.0
2014-02-13 00:00:00-05:00,19.231308168704576,19.4735921386841,19.019310417035676,19.466020584106445,245100,0.0,0.0
2014-02-14 00:00:00-05:00,19.46602047653154,19.647734897138353,19.307022163658537,19.43573570251465,144100,0.0,0.0
2014-02-18 00:00:00-05:00,19.473589098612518,19.784015567203117,19.375161792721464,19.655302047729492,173600,0.0,0.0
2014-02-19 00:00:00-05:00,19.617447637152097,19.685590180229145,18.8300247808886,18.883024215698242,292100,0.0,0.0
2014-02-20 00:00:00-05:00,18.943593470206118,19.087448653196557,18.73916585969193,18.966306686401367,254800,0.0,0.0
2014-02-21 00:00:00-05:00,19.064733505249023,19.17830390709611,18.920876892708836,19.064733505249023,286800,0.0,0.0
2014-02-24 00:00:00-05:00,19.042019750654674,19.594730124892262,19.042019750654674,19.458446502685547,171300,0.0,0.0
2014-02-25 00:00:00-05:00,19.466015934499886,19.75372916322285,19.170732597133814,19.29944610595703,152500,0.0,0.0
2014-02-26 00:00:00-05:00,19.375165391898285,19.632592478665803,19.307022842805328,19.572021484375,108700,0.0,0.0
2014-02-27 00:00:00-05:00,19.549306269156,19.715877581857278,19.39787950975873,19.69316291809082,112700,0.0,0.0
2014-02-28 00:00:00-05:00,19.753734085199195,20.24587358480952,19.496307003410458,19.852161407470703,257700,0.0,0.0
2014-03-03 00:00:00-05:00,19.746159242037745,19.87487276149629,19.405446559904494,19.829444885253906,311300,0.0,0.0
2014-03-04 00:00:00-05:00,20.1020172849441,20.881870098557386,19.68559188050702,20.722871780395508,338800,0.0,0.0
2014-03-05 00:00:00-05:00,20.66229823226544,20.821296530774397,20.495726935778453,20.56386947631836,321100,0.0,0.0
2014-03-06 00:00:00-05:00,20.624439348049798,20.897009495474286,20.450297951251333,20.828866958618164,310100,0.0,0.0
2014-03-07 00:00:00-05:00,20.980295087341197,21.199865819365225,20.828868340821487,21.025724411010742,179700,0.0,0.0
2014-03-10 00:00:00-04:00,21.040865199601324,21.427004299345192,21.025722093380676,21.35129165649414,410300,0.0,0.0
2014-03-11 00:00:00-04:00,21.411865950119957,21.44972227740266,21.154438881043895,21.374008178710938,259200,0.0,0.0
2014-03-12 00:00:00-04:00,21.31343715350367,21.616292103645783,20.980295986284194,21.472436904907227,230200,0.0,0.0
2014-03-13 00:00:00-04:00,21.495151404691118,21.623864946688578,21.146868552301754,21.38915252685547,185400,0.0,0.0
2014-03-14 00:00:00-04:00,21.404293234027893,21.722291275971358,21.290722814217993,21.487577438354492,179800,0.0,0.0
2014-03-17 00:00:00-04:00,21.601144790649414,21.92671287433892,21.540573816459975,21.601144790649414,223800,0.0,0.0
2014-03-18 00:00:00-04:00,21.661722924130775,21.858579016339704,21.45729527712999,21.85100746154785,235200,0.0,0.0
2014-03-19 00:00:00-04:00,21.919145032187192,22.259856255678432,21.684431219328104,21.96457290649414,271800,0.0,0.0
2014-03-20 00:00:00-04:00,21.956999886032882,22.600567412896975,21.949428333466717,22.555139541625977,239500,0.0,0.0
2014-03-21 00:00:00-04:00,22.67628350219014,22.98670996425809,22.35071393364909,22.50971221923828,381700,0.0,0.0
2014-03-24 00:00:00-04:00,22.615711958139322,22.729282365611677,21.68443115096338,21.91157341003418,341400,0.0,0.0
2014-03-25 00:00:00-04:00,21.926711216359955,21.926711216359955,21.616284816596114,21.83585548400879,209200,0.0,0.0
2014-03-26 00:00:00-04:00,22.01000223858202,22.01000223858202,21.39672084037766,21.419435501098633,197100,0.0,0.0
2014-03-27 00:00:00-04:00,21.419435441311396,21.502719642136785,21.11657907571521,21.192293167114258,230400,0.0,0.0
2014-03-28 00:00:00-04:00,21.26043570496078,21.57843373353583,21.11657907571521,21.192293167114258,201900,0.0,0.0
2014-03-31 00:00:00-04:00,21.34372471584067,21.79800789174971,21.305866942107844,21.59358024597168,174700,0.0,0.0
2014-04-01 00:00:00-04:00,21.684427643682348,22.19171006286106,21.298287165430565,22.146282196044922,238600,0.0,0.0
2014-04-02 00:00:00-04:00,22.191712393393413,22.191712393393413,21.729859236653727,21.89642906188965,169600,0.0,0.0
2014-04-03 00:00:00-04:00,21.941865197834613,22.13114975222061,21.676866532868903,21.82829475402832,236500,0.0,0.0
2014-04-04 00:00:00-04:00,21.904000879369466,22.025142834483333,21.19986236269134,21.366432189941406,261800,0.0,0.0
2014-04-07 00:00:00-04:00,21.3664358950139,21.63143450932515,21.048437846665657,21.336151123046875,205300,0.0,0.0
2014-04-08 00:00:00-04:00,21.35129223263594,21.586004608885077,21.169577841336984,21.207435607910156,174400,0.0,0.0
2014-04-09 00:00:00-04:00,21.23772171251814,21.313435806299424,21.018152429091266,21.17715072631836,162700,0.0,0.0
2014-04-10 00:00:00-04:00,21.124148767150313,21.184719746104914,20.3367260407405,20.427581787109375,249900,0.0,0.0
2014-04-11 00:00:00-04:00,20.245868090833493,20.715294243218256,20.117154584867187,20.314010620117188,219100,0.0,0.0
2014-04-14 00:00:00-04:00,20.442731181039957,20.541158510570046,20.049018974666605,20.306446075439453,181400,0.0,0.0
2014-04-15 00:00:00-04:00,20.359442813547172,20.677440869667763,19.867303343012672,20.215587615966797,194800,0.0,0.0
2014-04-16 00:00:00-04:00,20.351866938996572,20.382153149400878,20.139869242670418,20.314010620117188,113100,0.0,0.0
2014-04-17 00:00:00-04:00,20.314012138530124,20.730437453833925,20.223154944651895,20.715295791625977,180800,0.0,0.0
2014-04-21 00:00:00-04:00,20.639580847226835,20.775865910323233,20.3367259537493,20.473011016845703,124900,0.0,0.0
2014-04-22 00:00:00-04:00,20.49572706195369,20.7607256718929,20.261014667608105,20.66986846923828,196200,0.0,0.0
2014-04-23 00:00:00-04:00,20.624439709173767,20.813724216171465,19.57201831238696,20.450298309326172,310700,0.0,0.0
2014-04-24 00:00:00-04:00,20.40486994851046,20.556296684044863,19.602302618086142,19.655302047729492,348000,0.0,0.0
2014-04-25 00:00:00-04:00,19.602304822027435,19.75373301871348,19.291878318534728,19.32216453552246,344700,0.0,0.0
2014-04-28 00:00:00-04:00,19.32973730426042,19.534163505266513,18.928453568718094,19.110166549682617,228700,0.0,0.0
2014-04-29 00:00:00-04:00,19.178303805214576,19.254017887419085,18.784591733051915,18.936019897460938,299000,0.0,0.0
2014-04-30 00:00:00-04:00,18.913305806384336,19.117733401225312,18.587736254035974,18.792163848876953,253000,0.0,0.0
2014-05-01 00:00:00-04:00,18.76945194108886,19.087448518589056,18.353025169556716,18.860307693481445,403800,0.0,0.0
2014-05-02 00:00:00-04:00,18.875450202831416,19.30701862335205,18.83759243709428,18.928449630737305,215500,0.0,0.0
2014-05-05 00:00:00-04:00,19.647055322228145,19.647055322228145,18.56914309716755,18.9055118560791,270200,0.24,0.0
2014-05-06 00:00:00-04:00,18.844359172957567,18.92845211586987,18.62266158454004,18.699108123779297,393700,0.0,0.0
2014-05-07 00:00:00-04:00,18.737328215986945,18.98196058052979,18.46211607681429,18.936092376708984,239600,0.0,0.0
2014-05-08 00:00:00-04:00,18.989610231885777,19.07370317484126,18.836714237080226,18.87493896484375,288900,0.0,0.0
2014-05-09 00:00:00-04:00,18.752625192813902,19.157797152968556,18.630308964300294,19.1501522064209,246500,0.0,0.0
2014-05-12 00:00:00-04:00,19.196014193226766,19.66234408076436,19.196014193226766,19.494159698486328,230000,0.0,0.0
2014-05-13 00:00:00-04:00,19.425358514614878,19.723504048258928,19.19601602075392,19.20366096496582,300000,0.0,0.0
2014-05-14 00:00:00-04:00,19.196017118956057,19.196017118956057,18.592079614780843,18.668527603149414,242700,0.0,0.0
2014-05-15 00:00:00-04:00,18.538573074879924,18.61502109052497,18.03401821299708,18.393321990966797,261400,0.0,0.0
2014-05-16 00:00:00-04:00,18.477411720956916,18.477411720956916,18.056949895665184,18.30158233642578,178600,0.0,0.0
2014-05-19 00:00:00-04:00,18.209838987283984,18.729683497241954,18.06458797229598,18.676170349121094,181300,0.0,0.0
2014-05-20 00:00:00-04:00,18.538566428356063,18.6303043058648,18.240420878169843,18.4544734954834,290300,0.0,0.0
2014-05-21 00:00:00-04:00,18.60736818264606,18.78319752272009,18.462117160873422,18.653236389160156,211400,0.0,0.0
2014-05-22 00:00:00-04:00,18.653238454026145,18.821424326735574,18.622660132339803,18.73733139038086,131100,0.0,0.0
2014-05-23 00:00:00-04:00,18.80613182269133,18.951382840352323,18.699104066356092,18.882579803466797,160500,0.0,0.0
2014-05-27 00:00:00-04:00,19.027829431292282,19.371844616954537,19.004896057664105,19.2113037109375,135800,0.0,0.0
2014-05-28 00:00:00-04:00,19.11192217097528,19.17308026359744,18.844354968956836,19.012540817260742,177500,0.0,0.0
2014-05-29 00:00:00-04:00,19.05841490753863,19.11957301904675,18.852005734402074,18.920808792114258,123100,0.0,0.0
2014-05-30 00:00:00-04:00,18.98196058052979,19.21130305775773,18.821421138095012,18.936092376708984,150200,0.0,0.0
2014-06-02 00:00:00-04:00,19.440649419323336,19.440649419323336,18.989607894110534,19.0889892578125,516700,0.0,0.0
2014-06-03 00:00:00-04:00,18.94374620904655,19.280115139060182,18.94374620904655,19.241891860961914,353900,0.0,0.0
2014-06-04 00:00:00-04:00,19.203665644226028,19.471231466218885,19.165440913852496,19.433008193969727,240400,0.0,0.0
2014-06-05 00:00:00-04:00,19.455941293183926,20.082812234035167,19.364203406611534,20.02165412902832,278800,0.0,0.0
2014-06-06 00:00:00-04:00,20.159252757160047,20.21276589693917,20.01400176481407,20.182186126708984,305700,0.0,0.0
2014-06-09 00:00:00-04:00,20.19748322540673,20.610300064086914,20.189838280118774,20.610300064086914,166600,0.0,0.0
2014-06-10 00:00:00-04:00,20.58736594762222,20.595010892635862,20.36566691659921,20.465049743652344,162000,0.0,0.0
2014-06-11 00:00:00-04:00,20.312153894070228,20.556786303629163,20.220417469547716,20.37331199645996,162700,0.0,0.0
2014-06-12 00:00:00-04:00,20.319798682911326,20.5109179336754,20.105744597130865,20.250995635986328,276900,0.0,0.0
2014-06-13 00:00:00-04:00,20.33508542998691,20.403888466277902,19.914622268417087,20.029294967651367,228600,0.0,0.0
2014-06-16 00:00:00-04:00,20.044587353567515,20.250996503181437,19.807599880746473,19.93756103515625,192000,0.0,0.0
2014-06-17 00:00:00-04:00,19.876402941231273,20.31215461856608,19.86111305055743,20.189838409423828,215600,0.0,0.0
2014-06-18 00:00:00-04:00,20.182192879865255,20.258640872897253,19.822889208176314,20.243350982666016,343900,0.0,0.0
2014-06-19 00:00:00-04:00,20.266285208958365,20.457404456732633,19.884046713409827,20.044586181640625,146400,0.0,0.0
2014-06-20 00:00:00-04:00,20.12103609516443,20.289221982477276,19.968141557208725,20.22041893005371,694500,0.0,0.0
2014-06-23 00:00:00-04:00,20.273934458643037,20.319802679573378,19.968143888900006,20.082815170288086,123400,0.0,0.0
2014-06-24 00:00:00-04:00,20.10574649467997,20.388603654081052,19.9757853335699,20.2127742767334,500500,0.0,0.0
2014-06-25 00:00:00-04:00,20.15926169347859,20.30451129208798,19.799956524617468,20.235708236694336,118800,0.0,0.0
2014-06-26 00:00:00-04:00,20.26628211228146,20.40388818295266,19.960491654192072,20.113386154174805,154300,0.0,0.0
2014-06-27 00:00:00-04:00,19.937563811905935,20.281579109174263,19.914628972713235,20.0904598236084,248300,0.0,0.0
2014-06-30 00:00:00-04:00,19.983425027221326,20.20512402066358,19.884043675138745,20.113386154174805,245700,0.0,0.0
2014-07-01 00:00:00-04:00,20.113389696772547,20.740260610798366,19.998718437057317,20.37331199645996,359000,0.0,0.0
2014-07-02 00:00:00-04:00,20.250994306589035,20.533851420726055,20.121033166275932,20.159257888793945,229300,0.0,0.0
2014-07-03 00:00:00-04:00,20.258635125981332,20.62558363869091,20.258635125981332,20.587360382080078,76200,0.0,0.0
2014-07-07 00:00:00-04:00,20.510914537217428,20.564427685270115,20.21276902199593,20.32744026184082,186400,0.0,0.0
2014-07-08 00:00:00-04:00,20.327447314795936,20.472698379996228,19.975787071383298,20.166906356811523,303100,0.0,0.0
2014-07-09 00:00:00-04:00,20.21276589693917,20.41153002906427,20.121028044372316,20.182186126708984,200500,0.0,0.0
2014-07-10 00:00:00-04:00,19.79995097807674,20.105741439651975,19.631766588741346,19.853464126586914,127900,0.0,0.0
2014-07-11 00:00:00-04:00,19.769379533949056,19.91462914236691,19.578260246755036,19.78466796875,189100,0.0,0.0
2014-07-14 00:00:00-04:00,19.975784742970045,20.13632568224152,19.746442210438527,19.76173210144043,157200,0.0,0.0
2014-07-15 00:00:00-04:00,19.807595053444505,19.99871426581516,19.639410671482928,19.87639808654785,195100,0.0,0.0
2014-07-16 00:00:00-04:00,19.960496600375652,19.960496600375652,19.509455016129856,19.5400333404541,114000,0.0,0.0
2014-07-17 00:00:00-04:00,19.394785987067714,19.486522428754487,18.94374435075513,19.027835845947266,229400,0.0,0.0
2014-07-18 00:00:00-04:00,18.966679592655677,19.34127325889217,18.966679592655677,19.241891860961914,237700,0.0,0.0
2014-07-21 00:00:00-04:00,19.13486054477397,19.226596971627604,18.943741287683988,19.096635818481445,205700,0.0,0.0
2014-07-22 00:00:00-04:00,19.173081139788465,19.29539733062252,18.867290662703326,18.951383590698242,178100,0.0,0.0
2014-07-23 00:00:00-04:00,18.90551392554246,19.196015972366354,18.72968458348401,18.951383590698242,182100,0.0,0.0
2014-07-24 00:00:00-04:00,19.104280521114855,19.868757539765905,18.989609259942036,19.861112594604492,759100,0.0,0.0
2014-07-25 00:00:00-04:00,19.654703314234172,20.0140084437247,19.654703314234172,19.991073608398438,246600,0.0,0.0
2014-07-28 00:00:00-04:00,19.945202393975134,20.029295319390663,19.54002911293773,19.63941192626953,187500,0.0,0.0
2014-07-29 00:00:00-04:00,19.65470785491678,19.82289376991576,19.49416834491723,19.555326461791992,154500,0.0,0.0
2014-07-30 00:00:00-04:00,19.669994213553267,19.998719579472905,19.57061283828941,19.76173210144043,148500,0.0,0.0
2014-07-31 00:00:00-04:00,19.56296685268403,19.72350632529584,19.455940537609493,19.48651885986328,233800,0.0,0.0
2014-08-01 00:00:00-04:00,19.51709638703367,19.677635841111538,19.04312005276394,19.20366096496582,185200,0.0,0.0
2014-08-04 00:00:00-04:00,19.327356543990703,19.43558926877776,18.94080941311089,19.412397384643555,250600,0.28,0.0
2014-08-05 00:00:00-04:00,19.288701789471933,19.567014711896153,19.19592983229037,19.420127868652344,120700,0.0,0.0
2014-08-06 00:00:00-04:00,19.327354847465404,19.65978558677143,19.311892609692993,19.644323348999023,165400,0.0,0.0
2014-08-07 00:00:00-04:00,19.644326526533124,19.829868986133675,19.48197742734279,19.675251007080078,189500,0.0,0.0
2014-08-08 00:00:00-04:00,19.667517552875648,19.829866632799,19.536091475269036,19.744827270507812,170500,0.0,0.0
2014-08-11 00:00:00-04:00,19.82213699388386,19.976756440695066,19.628863422650014,19.791213989257812,141600,0.0,0.0
2014-08-12 00:00:00-04:00,19.760286119296506,19.89944330263579,19.458779871768108,19.551551818847656,114900,0.0,0.0
2014-08-13 00:00:00-04:00,19.613400554802503,19.822134868690142,19.536090839685517,19.6829776763916,121900,0.0,0.0
2014-08-14 00:00:00-04:00,19.72163988774903,19.837603762049767,19.590213770325352,19.613407135009766,97200,0.0,0.0
2014-08-15 00:00:00-04:00,19.814405279397313,19.814405279397313,19.273240180920737,19.389204025268555,248200,0.0,0.0
2014-08-18 00:00:00-04:00,19.62886110710729,19.84532801219513,19.574744749475368,19.837596893310547,129200,0.0,0.0
2014-08-19 00:00:00-04:00,19.837596893310547,19.89171325094247,19.68297746473921,19.837596893310547,115200,0.0,0.0
2014-08-20 00:00:00-04:00,19.79121314821513,19.814405032059028,19.56701510732238,19.737096786499023,179900,0.0,0.0
2014-08-21 00:00:00-04:00,19.721632638495066,20.170027202315396,19.489703500585165,20.100448608398438,204100,0.0,0.0
2014-08-22 00:00:00-04:00,20.046337714937174,20.324652166451102,19.992221343711805,20.20868682861328,224400,0.0,0.0
2014-08-25 00:00:00-04:00,20.29372405902131,20.456073143704558,20.108181616000348,20.270530700683594,160300,0.0,0.0
2014-08-26 00:00:00-04:00,20.316916988172423,20.394225231877858,20.177759790206274,20.34010887145996,250900,0.0,0.0
2014-08-27 00:00:00-04:00,20.31691741735903,20.386496017811925,20.21641433912251,20.270530700683594,111200,0.0,0.0
2014-08-28 00:00:00-04:00,20.20868410911053,20.25507082782756,19.922640049823805,19.961294174194336,123300,0.0,0.0
2014-08-29 00:00:00-04:00,19.97675492232372,20.139104002031544,19.907176324003167,20.10818099975586,80500,0.0,0.0
2014-09-02 00:00:00-04:00,20.23961189163778,20.47927074588341,20.162302155718375,20.394229888916016,122000,0.0,0.0
2014-09-03 00:00:00-04:00,20.487001609311932,20.66481296749822,20.43288523721702,20.57204246520996,259300,0.0,0.0
2014-09-04 00:00:00-04:00,20.595231840161482,20.680272685681544,20.332379658154345,20.363304138183594,114200,0.0,0.0
2014-09-05 00:00:00-04:00,20.255072913161307,20.285995920929306,20.100453450639886,20.23961067199707,157600,0.0,0.0
2014-09-08 00:00:00-04:00,20.22414799650345,20.293726605687787,20.108184139383038,20.262802124023438,98500,0.0,0.0
2014-09-09 00:00:00-04:00,20.278266519545276,20.448348237650517,19.953566800370528,20.177764892578125,160100,0.0,0.0
2014-09-10 00:00:00-04:00,20.200952709813947,20.51019159874073,20.200952709813947,20.456073760986328,116600,0.0,0.0
2014-09-11 00:00:00-04:00,20.347841666763003,20.602962725861463,20.347841666763003,20.47153663635254,203000,0.0,0.0
2014-09-12 00:00:00-04:00,20.510186939808076,20.76530793302918,20.33237417669763,20.595226287841797,227800,0.0,0.0
2014-09-15 00:00:00-04:00,20.6416144809515,20.718922716626015,20.309183759134815,20.32464599609375,190200,0.0,0.0
2014-09-16 00:00:00-04:00,20.30919042110755,20.363306793655397,19.961297348213442,19.99222183227539,177700,0.0,0.0
2014-09-17 00:00:00-04:00,19.97676169488234,20.247345060689266,19.791219194644636,20.0076847076416,215500,0.0,0.0
2014-09-18 00:00:00-04:00,19.984486857800434,20.618423913227407,19.984486857800434,20.378765106201172,161100,0.0,0.0
2014-09-19 00:00:00-04:00,20.47926352042914,20.796231998761968,20.355568576424133,20.54111099243164,857700,0.0,0.0
2014-09-22 00:00:00-04:00,20.479267582055208,20.51019206146969,20.216415405273438,20.216415405273438,177500,0.0,0.0
2014-09-23 00:00:00-04:00,20.170032601704175,20.21641785187914,19.713906797062208,19.806678771972656,212900,0.0,0.0
2014-09-24 00:00:00-04:00,19.82986747689964,19.992218038294006,19.605670908239198,19.7989444732666,136600,0.0,0.0
2014-09-25 00:00:00-04:00,19.752563168627034,19.752563168627034,19.350555163876532,19.45878791809082,151400,0.0,0.0
2014-09-26 00:00:00-04:00,19.45878765817547,19.613407140325464,19.28097628589544,19.590213775634766,117100,0.0,0.0
2014-09-29 00:00:00-04:00,19.42786343142349,19.682984548186226,19.358286285543365,19.45878791809082,268600,0.0,0.0
2014-09-30 00:00:00-04:00,19.42012594954443,19.559281659724977,19.126349342967515,19.180465698242188,261100,0.0,0.0
2014-10-01 00:00:00-04:00,19.226854115208468,19.41239655313605,18.956270840270662,19.141813278198242,215200,0.0,0.0
2014-10-02 00:00:00-04:00,19.103158521292375,19.35828104353139,19.103158521292375,19.21912384033203,181900,0.0,0.0
2014-10-03 00:00:00-04:00,19.435587357030528,19.67524761628566,19.435587357030528,19.605669021606445,158800,0.0,0.0
2014-10-06 00:00:00-04:00,19.698441435049496,19.698441435049496,19.366010666574876,19.389204025268555,134700,0.0,0.0
2014-10-07 00:00:00-04:00,19.319625467335122,19.381472949430847,19.010388056856506,19.025850296020508,146200,0.0,0.0
2014-10-08 00:00:00-04:00,19.04131594110688,19.621136787328368,19.04131594110688,19.590213775634766,195200,0.0,0.0
2014-10-09 00:00:00-04:00,19.536096058972753,19.652059925349192,19.11089324951172,19.11089324951172,232700,0.0,0.0
2014-10-10 00:00:00-04:00,18.979461464786148,19.373739672195732,18.940807345741337,18.964000701904297,164000,0.0,0.0
2014-10-13 00:00:00-04:00,18.925344473612004,19.29642931241379,18.909882236688578,19.11861801147461,177400,0.0,0.0
2014-10-14 00:00:00-04:00,19.211392272515496,19.644324636598704,19.18819891433666,19.435588836669922,249900,0.0,0.0
2014-10-15 00:00:00-04:00,19.15727660917068,19.172737373959514,18.476952823411683,18.894424438476562,433500,0.0,0.0
2014-10-16 00:00:00-04:00,18.600646513829098,19.280970252945288,18.554261273522147,19.250045776367188,322300,0.0,0.0
2014-10-17 00:00:00-04:00,19.543823489610443,19.543823489610443,19.103158521292375,19.21912384033203,227800,0.0,0.0
2014-10-20 00:00:00-04:00,19.15727845872147,19.50517003030263,19.05677536780925,19.257780075073242,174300,0.0,0.0
2014-10-21 00:00:00-04:00,19.342824337901472,19.829873213871913,19.273245716397025,19.7757568359375,192500,0.0,0.0
2014-10-22 00:00:00-04:00,19.814407677369402,19.89171740781086,19.26551139289994,19.31962776184082,150700,0.0,0.0
2014-10-23 00:00:00-04:00,19.822139538990633,19.899449272322588,19.427861226102127,19.806678771972656,215000,0.0,0.0
2014-10-24 00:00:00-04:00,19.84532948932069,19.90717697044062,19.71390340762081,19.883983612060547,90800,0.0,0.0
2014-10-27 00:00:00-04:00,19.87625335789968,19.87625335789968,19.652056782039793,19.791213989257812,125800,0.0,0.0
2014-10-28 00:00:00-04:00,19.860793908482336,20.664811251303348,19.8453316678649,20.633888244628906,196500,0.0,0.0
2014-10-29 00:00:00-04:00,20.719895204371422,21.204663220052115,20.508786480220646,21.15774917602539,191600,0.3,0.0
2014-10-30 00:00:00-04:00,21.032648992838627,21.470502984302243,20.727715149484727,21.32976531982422,232400,0.0,0.0
2014-10-31 00:00:00-04:00,21.681613804825364,21.89272255884613,21.454868525239753,21.7207088470459,289400,0.0,0.0
2014-11-03 00:00:00-05:00,21.759797299027568,22.04127557176387,21.55650760108724,21.642515182495117,238900,0.0,0.0
2014-11-04 00:00:00-05:00,21.595601279666226,21.97090462556018,21.43140513376079,21.93962860107422,361700,0.0,0.0
2014-11-05 00:00:00-05:00,22.11946291669041,22.268019560087506,21.78325310768751,22.009998321533203,200600,0.0,0.0
2014-11-06 00:00:00-05:00,22.447852887926917,22.447852887926917,21.908354867754152,22.1663761138916,210900,0.0,0.0
2014-11-07 00:00:00-05:00,22.135101167671504,22.17419620161271,21.900536929316495,22.06473159790039,165200,0.0,0.0
2014-11-10 00:00:00-05:00,22.10382503321994,22.27583869615148,22.00999844986995,22.205469131469727,129500,0.0,0.0
2014-11-11 00:00:00-05:00,22.236745941918663,22.236745941918663,22.088187801084295,22.197650909423828,115600,0.0,0.0
2014-11-12 00:00:00-05:00,22.111646048838317,22.41657986262148,22.072551014171832,22.400941848754883,212500,0.0,0.0
2014-11-13 00:00:00-05:00,22.354027793689472,22.369665806503374,22.041274994026352,22.1663761138916,151900,0.0,0.0
2014-11-14 00:00:00-05:00,22.22892701316691,22.252382541422847,21.963086756564245,22.18201446533203,172900,0.0,0.0
2014-11-17 00:00:00-05:00,22.080366961394642,22.096004973094253,21.822345733642578,21.822345733642578,135600,0.0,0.0
2014-11-18 00:00:00-05:00,21.86925879982103,21.994359913760515,21.57214402704548,21.783252716064453,157400,0.0,0.0
2014-11-19 00:00:00-05:00,21.82234808388841,21.82234808388841,21.243755010594803,21.462682723999023,140700,0.0,0.0
2014-11-20 00:00:00-05:00,21.7441619421412,21.806712511354757,21.454866118774703,21.75979995727539,253800,0.0,0.0
2014-11-21 00:00:00-05:00,22.01000163312329,22.01000163312329,21.658155250150777,21.712886810302734,365100,0.0,0.0
2014-11-24 00:00:00-05:00,21.744163455527026,21.955272200562074,21.6503383408381,21.869264602661133,208900,0.0,0.0
2014-11-25 00:00:00-05:00,21.89272162699502,21.89272162699502,21.72070792251645,21.869264602661133,178500,0.0,0.0
2014-11-26 00:00:00-05:00,21.884898354862344,22.00218047103408,21.791073258454162,21.892717361450195,196200,0.0,0.0
2014-11-28 00:00:00-05:00,21.892719517467864,22.182016824416596,21.40795150054174,21.478321075439453,95300,0.0,0.0
2014-12-01 00:00:00-05:00,21.470500686734322,21.47831969358915,20.844995051579083,20.868452072143555,169800,0.0,0.0
2014-12-02 00:00:00-05:00,20.95446206668181,21.4157731177524,20.844998932978058,21.275033950805664,182700,0.0,0.0
2014-12-03 00:00:00-05:00,21.220296880090956,21.595601725048024,21.142109799909406,21.454862594604492,396100,0.0,0.0
2014-12-04 00:00:00-05:00,21.46268856521767,21.587789723689216,21.29067335382672,21.423593521118164,189800,0.0,0.0
2014-12-05 00:00:00-05:00,21.431406920417984,21.673790165099057,21.33758182178411,21.61905860900879,595100,0.0,0.0
2014-12-08 00:00:00-05:00,21.548689003448064,21.892717844285865,21.423587877929418,21.744159698486328,290800,0.0,0.0
2014-12-09 00:00:00-05:00,21.46268243837949,21.95526792282999,21.407949392264527,21.892717361450195,368100,0.0,0.0
2014-12-10 00:00:00-05:00,21.869261165780713,22.00218130013695,21.157747944027644,21.189023971557617,223200,0.0,0.0
2014-12-11 00:00:00-05:00,21.243754967793237,21.548688771547955,21.243754967793237,21.35321807861328,137100,0.0,0.0
2014-12-12 00:00:00-05:00,21.189023784205723,21.36885646694378,21.0482846442114,21.243755340576172,239300,0.0,0.0
2014-12-15 00:00:00-05:00,21.306309310832386,21.38449790014597,20.87627430659261,21.032649993896484,224000,0.0,0.0
2014-12-16 00:00:00-05:00,20.977917309945138,21.462685344776286,20.727715030544502,21.024829864501953,236100,0.0,0.0
2014-12-17 00:00:00-05:00,21.0639241131865,21.728524825009913,20.868453403316266,21.712886810302734,494600,0.0,0.0
2014-12-18 00:00:00-05:00,21.79107643788987,21.85362700839613,21.64251827369129,21.736343383789062,512300,0.0,0.0
2014-12-19 00:00:00-05:00,21.697246959464014,21.697246959464014,21.447044710615213,21.462682723999023,1277400,0.0,0.0
2014-12-22 00:00:00-05:00,21.454865199955403,21.767618032629333,21.376676618956136,21.697248458862305,243800,0.0,0.0
2014-12-23 00:00:00-05:00,21.697248458862305,21.900538172931142,21.611240870630798,21.697248458862305,479500,0.0,0.0
2014-12-24 00:00:00-05:00,21.697246398138272,21.712884411117514,21.50959471635638,21.626876831054688,145900,0.0,0.0
2014-12-26 00:00:00-05:00,21.697248458862305,21.830168599164118,21.650335906792,21.697248458862305,287900,0.0,0.0
2014-12-29 00:00:00-05:00,21.697248458862305,21.720705480559026,21.66597242993334,21.697248458862305,482200,0.0,0.0
2014-12-30 00:00:00-05:00,21.697246855299095,21.970906122909817,21.619058280078455,21.83798599243164,355100,0.0,0.0
2014-12-31 00:00:00-05:00,21.908355630710517,21.931811159425223,21.56432679343882,21.587783813476562,172600,0.0,0.0
2015-01-02 00:00:00-05:00,21.68161484688115,21.759803443756724,20.962282440008057,21.423593521118164,331100,0.0,0.0
2015-01-05 00:00:00-05:00,21.29066611117538,21.478317785047413,21.048282885506037,21.079557418823242,414700,0.0,0.0
2015-01-06 00:00:00-05:00,21.11083306693908,21.11083306693908,20.27421880993501,20.368043899536133,335500,0.0,0.0
2015-01-07 00:00:00-05:00,20.59479049402091,20.59479049402091,20.17257311902319,20.40713882446289,370900,0.0,0.0
2015-01-08 00:00:00-05:00,20.672985423766406,21.00919532775879,20.266405935621044,21.00919532775879,291500,0.0,0.0
2015-01-09 00:00:00-05:00,20.962276012143512,20.970095018565797,20.26640084511303,20.289857864379883,251900,0.0,0.0
2015-01-12 00:00:00-05:00,20.31331417072335,20.477510329237298,19.87546023355789,20.047473907470703,213400,0.0,0.0
2015-01-13 00:00:00-05:00,20.235128447708686,20.563519319712242,19.60180372717442,19.8989200592041,303200,0.0,0.0
2015-01-14 00:00:00-05:00,19.6018009185791,19.898917208037215,19.320322642528897,19.6018009185791,212300,0.0,0.0
2015-01-15 00:00:00-05:00,19.593980633145723,19.703445228534243,19.234315296174294,19.523611068725586,384500,0.0,0.0
2015-01-16 00:00:00-05:00,19.461066371136567,20.03184206457862,19.328146208461483,20.024023056030273,308200,0.0,0.0
2015-01-20 00:00:00-05:00,20.06311353829973,20.06311353829973,19.664353111274746,19.906736373901367,211100,0.0,0.0
2015-01-21 00:00:00-05:00,19.938009104831213,20.219487357652167,19.742538427332867,19.867639541625977,369200,0.0,0.0
2015-01-22 00:00:00-05:00,19.9771046778935,21.056103762690128,19.89109858513657,20.868452072143555,349100,0.0,0.0
2015-01-23 00:00:00-05:00,20.837175968686964,20.837175968686964,20.328952455562515,20.547880172729492,196000,0.0,0.0
2015-01-26 00:00:00-05:00,20.469692814843125,20.837177209625644,20.17257650304181,20.751171112060547,167500,0.0,0.0
2015-01-27 00:00:00-05:00,20.516608604753106,20.71207934392719,20.336775882630562,20.469696044921875,162300,0.0,0.0
2015-01-28 00:00:00-05:00,20.571339116430263,20.758990837439544,19.750362650599236,19.78163719177246,191900,0.0,0.0
2015-01-29 00:00:00-05:00,19.48451873997558,20.125662374472427,19.35941761574805,20.08656883239746,287900,0.0,0.0
2015-01-30 00:00:00-05:00,19.672169199847964,20.203849690328656,19.554887089612034,19.883277893066406,447200,0.0,0.0
2015-02-02 00:00:00-05:00,19.97710254644467,20.399319923618446,19.86763944480239,20.368043899536133,340900,0.0,0.0
2015-02-03 00:00:00-05:00,20.45405288783993,20.970095390274004,20.18039362350113,20.876270294189453,356200,0.0,0.0
2015-02-04 00:00:00-05:00,20.704250230607936,21.157742064510344,20.704250230607936,20.993547439575195,588000,0.0,0.0
2015-02-05 00:00:00-05:00,21.13428901643451,21.439222779204833,21.001368903451045,21.4157657623291,349500,0.0,0.0
2015-02-06 00:00:00-05:00,21.470497927015728,21.97090386214312,21.353215821914404,21.822345733642578,441900,0.0,0.0
2015-02-09 00:00:00-05:00,21.727503961521407,21.933002544644776,21.46667912669699,21.585235595703125,540400,0.3,0.0
2015-02-10 00:00:00-05:00,21.798636963962625,22.02784743148564,21.37973585479671,21.687984466552734,166100,0.0,0.0
2015-02-11 00:00:00-05:00,21.56942874998462,21.743311467289526,21.37183413633153,21.47458267211914,156300,0.0,0.0
2015-02-12 00:00:00-05:00,21.624754712280616,21.846059711803974,21.537812601023727,21.83815574645996,203400,0.0,0.0
2015-02-13 00:00:00-05:00,21.82234665474353,22.09897787031975,21.74330851849587,22.01203727722168,342600,0.0,0.0
2015-02-17 00:00:00-05:00,22.067366577670338,22.29657554626465,21.86977196343888,22.29657554626465,237800,0.0,0.0
2015-02-18 00:00:00-05:00,22.193829530468786,22.320289977335367,21.901388804885173,21.996234893798828,402600,0.0,0.0
2015-02-19 00:00:00-05:00,21.996231940542987,22.18592258537463,21.751215046076357,22.146404266357422,315400,0.0,0.0
2015-02-20 00:00:00-05:00,22.154314519229942,22.33610125034516,21.917200015250057,22.272871017456055,455100,0.0,0.0
2015-02-23 00:00:00-05:00,22.15430662790526,22.217536838271876,21.893481821702082,22.209632873535156,198600,0.0,0.0
2015-02-24 00:00:00-05:00,22.193824808474613,22.43093771901906,22.091076282579248,22.23334312438965,252300,0.0,0.0
2015-02-25 00:00:00-05:00,22.193824591820203,22.29657311671254,22.059460208482772,22.178016662597656,169500,0.0,0.0
2015-02-26 00:00:00-05:00,22.122695267106774,22.391424092686584,21.98833085431687,22.383520126342773,175500,0.0,0.0
2015-02-27 00:00:00-05:00,22.26496704990396,22.45465774857127,22.217544752119046,22.272871017456055,214500,0.0,0.0
2015-03-02 00:00:00-05:00,22.225441621378636,22.478362472157976,22.154307443656048,22.391420364379883,194000,0.0,0.0
2015-03-03 00:00:00-05:00,22.249150836572007,22.336092939768907,22.0515562438715,22.178016662597656,179700,0.0,0.0
2015-03-04 00:00:00-05:00,22.043656924560292,22.083176755944745,21.861870222774083,21.972522735595703,185000,0.0,0.0
2015-03-05 00:00:00-05:00,21.964615169719206,22.10688200704163,21.65636658670294,22.09897804260254,172500,0.0,0.0
2015-03-06 00:00:00-05:00,22.02784663383193,22.52578436167275,22.0041347391625,22.32028579711914,206700,0.0,0.0
2015-03-09 00:00:00-04:00,22.39142282711752,22.612729349653602,22.351904505159492,22.478364944458008,170800,0.0,0.0
2015-03-10 00:00:00-04:00,22.138499912932055,22.47836287761989,22.035749873245063,22.07526969909668,215200,0.0,0.0
2015-03-11 00:00:00-04:00,22.043656908894633,22.38351992092227,21.90138853106656,22.32819366455078,433500,0.0,0.0
2015-03-12 00:00:00-04:00,22.494169822271143,22.976301156155245,22.328191072425483,22.936782836914062,339200,0.0,0.0
2015-03-13 00:00:00-04:00,22.960494455435587,22.960494455435587,22.423038350338793,22.802419662475586,290000,0.0,0.0
2015-03-16 00:00:00-04:00,22.952592381302715,23.031629025341747,22.747093790241053,22.873554229736328,285800,0.0,0.0
2015-03-17 00:00:00-04:00,22.739186421985824,22.97629933367966,22.58111014250518,22.944684982299805,305900,0.0,0.0
2015-03-18 00:00:00-04:00,22.944688623490435,23.205513470755914,22.762900420980817,22.92888069152832,466400,0.0,0.0
2015-03-19 00:00:00-04:00,22.89726609724026,23.0079201195834,22.620634810201032,22.834035873413086,400300,0.0,0.0
2015-03-20 00:00:00-04:00,22.920969771265028,23.300350978086406,22.628529148802567,23.094852447509766,573500,0.0,0.0
2015-03-23 00:00:00-04:00,23.118569378839894,23.300356058302867,22.905166838151757,22.960493087768555,277700,0.0,0.0
2015-03-24 00:00:00-04:00,22.92097672554726,23.079053030113705,22.786612318923993,22.92888069152832,293500,0.0,0.0
2015-03-25 00:00:00-04:00,22.897262245188,22.960492458377825,22.37561260949012,22.407228469848633,193600,0.0,0.0
2015-03-26 00:00:00-04:00,22.367707389654946,22.58110991252222,22.130594480376047,22.573205947875977,178100,0.0,0.0
2015-03-27 00:00:00-04:00,22.51788330078125,22.549499164417803,22.272866387707364,22.51788330078125,220300,0.0,0.0
2015-03-30 00:00:00-04:00,22.660151878281784,23.023725268246295,22.660151878281784,22.92888069152832,145600,0.0,0.0
2015-03-31 00:00:00-04:00,22.794515939448964,22.936784309897185,22.66015153486202,22.89726448059082,176300,0.0,0.0
2015-04-01 00:00:00-04:00,22.73918944378612,22.87355384694215,22.438844774365666,22.802419662475586,161600,0.0,0.0
2015-04-02 00:00:00-04:00,22.794516490644877,23.000015085425108,22.723382303700667,22.984207153320312,159800,0.0,0.0
2015-04-06 00:00:00-04:00,22.76289945026353,22.93678367937685,22.35190378946682,22.731285095214844,95800,0.0,0.0
2015-04-07 00:00:00-04:00,22.668053063026168,22.9130699482674,22.565303025406592,22.739187240600586,109300,0.0,0.0
2015-04-08 00:00:00-04:00,22.723385199876084,22.92097985378805,22.66015497092536,22.755001068115234,155600,0.0,0.0
2015-04-09 00:00:00-04:00,22.76290092677437,22.834035114657144,22.430941885830574,22.6917667388916,100100,0.0,0.0
2015-04-10 00:00:00-04:00,22.762900420980817,22.952592589471497,22.58111372599856,22.92888069152832,219200,0.0,0.0
2015-04-13 00:00:00-04:00,22.873551796392007,23.18179889642874,22.873551796392007,23.14228057861328,121400,0.0,0.0
2015-04-14 00:00:00-04:00,23.079047670672065,23.079047670672065,22.707568893464334,23.000009536743164,112500,0.0,0.0
2015-04-15 00:00:00-04:00,23.071150031182697,23.276648632721805,22.905169753677963,23.126476287841797,158100,0.0,0.0
2015-04-16 00:00:00-04:00,23.11066484408274,23.213414883005505,22.82612813017626,23.1897029876709,128000,0.0,0.0
2015-04-17 00:00:00-04:00,23.007919409381135,23.007919409381135,22.565306348725933,22.660152435302734,173100,0.0,0.0
2015-04-20 00:00:00-04:00,22.747088714192294,23.1264699480186,22.644338687826618,23.000009536743164,157100,0.0,0.0
2015-04-21 00:00:00-04:00,23.04743593484924,23.197608265411468,22.936783432080908,23.063243865966797,138700,0.0,0.0
2015-04-22 00:00:00-04:00,23.015824009844287,23.229225072350204,22.731287249799806,23.22132110595703,255800,0.0,0.0
2015-04-23 00:00:00-04:00,23.221316643400407,24.138156970958008,23.126472079963964,23.82990837097168,324500,0.0,0.0
2015-04-24 00:00:00-04:00,23.782481108797935,23.87732565237232,23.450522191233908,23.58488655090332,167900,0.0,0.0
2015-04-27 00:00:00-04:00,23.66393529130773,23.885240330610895,23.086957777700512,23.395206451416016,173000,0.0,0.0
2015-04-28 00:00:00-04:00,23.379387575883495,23.861518770194458,23.308253415820342,23.853614807128906,165100,0.0,0.0
2015-04-29 00:00:00-04:00,23.77458212437923,24.130253006083777,23.69554398316409,23.82990837097168,161600,0.0,0.0
2015-04-30 00:00:00-04:00,23.727158271131525,23.869426614390434,23.32406513440697,23.4742374420166,254600,0.0,0.0
2015-05-01 00:00:00-04:00,23.513762007132836,23.553280331864933,23.079054404969934,23.23712921142578,221200,0.0,0.0
2015-05-04 00:00:00-04:00,23.285103139125702,23.501000938323504,23.22912805397726,23.421039581298828,128600,0.34,0.0
2015-05-05 00:00:00-04:00,23.309095816665206,23.53299162864331,23.101192889506706,23.22113800048828,170700,0.0,0.0
2015-05-06 00:00:00-04:00,23.2451198710555,23.485008506640416,23.061206318055937,23.413042068481445,157500,0.0,0.0
2015-05-07 00:00:00-04:00,23.437029149587016,23.58895846164039,23.133172050645264,23.365062713623047,129400,0.0,0.0
2015-05-08 00:00:00-04:00,23.556975628844683,23.612950716679464,23.11718204344205,23.548980712890625,111700,0.0,0.0
2015-05-11 00:00:00-04:00,23.59696061246913,23.948796437311355,23.40505057850938,23.868833541870117,185100,0.0,0.0
2015-05-12 00:00:00-04:00,23.796863016306524,23.98877301742612,23.53298657412144,23.9407958984375,139200,0.0,0.0
2015-05-13 00:00:00-04:00,24.060745185422473,24.220670987003512,23.820858008216387,24.148704528808594,182400,0.0,0.0
2015-05-14 00:00:00-04:00,24.204675438793675,24.476548356470474,24.076735421671103,24.39658546447754,218800,0.0,0.0
2015-05-15 00:00:00-04:00,24.42856913863194,24.54851423641734,23.764879743290944,23.91680908203125,213500,0.0,0.0
2015-05-18 00:00:00-04:00,23.95678578248294,24.48454015958706,23.844838670000406,24.316617965698242,193200,0.0,0.0
2015-05-19 00:00:00-04:00,24.372595068930885,24.54051728725775,24.26064794015647,24.388587951660156,301400,0.0,0.0
2015-05-20 00:00:00-04:00,24.48453888851331,24.516523122491474,24.18068027731358,24.500530242919922,235700,0.0,0.0
2015-05-21 00:00:00-04:00,24.50053508043457,24.564505086186415,24.164692168946083,24.388587951660156,167000,0.0,0.0
2015-05-22 00:00:00-04:00,24.308625806942015,24.524525154897255,24.12471222542398,24.140705108642578,102800,0.0,0.0
2015-05-26 00:00:00-04:00,24.10072052390095,24.14869916882533,23.836844077477405,24.10871696472168,176000,0.0,0.0
2015-05-27 00:00:00-04:00,24.196679594129698,24.372596740722656,23.94879599548386,24.372596740722656,138100,0.0,0.0
2015-05-28 00:00:00-04:00,24.388587479927754,24.388587479927754,24.11671457944977,24.35660171508789,126900,0.0,0.0
2015-05-29 00:00:00-04:00,24.308627578245513,24.324620462629472,23.860837491652482,24.15669822692871,143300,0.0,0.0
2015-06-01 00:00:00-04:00,24.33261023087096,24.33261023087096,23.80485739227563,24.04474449157715,83800,0.0,0.0
2015-06-02 00:00:00-04:00,24.01276545673035,24.420574833986354,23.940799006322507,24.308626174926758,140200,0.0,0.0
2015-06-03 00:00:00-04:00,24.436567759615247,24.76441426576076,24.42057640029419,24.676456451416016,185400,0.0,0.0
2015-06-04 00:00:00-04:00,24.54051569766288,24.652462819185995,24.244653486996597,24.43656349182129,145500,0.0,0.0
2015-06-05 00:00:00-04:00,24.628474061235,25.02029204587833,24.476546257160837,25.00429916381836,182800,0.0,0.0
2015-06-08 00:00:00-04:00,25.012292597750594,25.18820970376511,24.964313957338913,25.084259033203125,124700,0.0,0.0
2015-06-09 00:00:00-04:00,25.14823194141882,25.53205195817884,25.004299053842523,25.43609619140625,196300,0.0,0.0
2015-06-10 00:00:00-04:00,25.588025411191367,26.0198240720845,25.516058967709178,25.86789321899414,278400,0.0,0.0
2015-06-11 00:00:00-04:00,25.88388731972083,25.955853766591733,25.548045934543605,25.859899520874023,142100,0.0,0.0
2015-06-12 00:00:00-04:00,26.043815612792965,26.083796298177873,25.652000625557825,26.04381561279297,414600,0.0,0.0
2015-06-15 00:00:00-04:00,25.819913317615686,26.11577395799991,25.588021143919757,25.92386245727539,259500,0.0,0.0
2015-06-16 00:00:00-04:00,25.923863338702088,26.251712799072266,25.715962001984092,26.251712799072266,214600,0.0,0.0
2015-06-17 00:00:00-04:00,26.41963434359862,26.41963434359862,25.6679842196311,25.771936416625977,158100,0.0,0.0
2015-06-18 00:00:00-04:00,25.971848518346544,26.21973364214785,25.60402134134901,25.947860717773438,305800,0.0,0.0
2015-06-19 00:00:00-04:00,25.723960332029762,26.09179051556669,25.723960332029762,25.86789321899414,581600,0.0,0.0
2015-06-22 00:00:00-04:00,26.123775120308483,26.37965819924894,25.98784018962909,26.371660232543945,215900,0.0,0.0
2015-06-23 00:00:00-04:00,26.443626639040808,26.64353310171897,26.33967442435561,26.459619522094727,571500,0.0,0.0
2015-06-24 00:00:00-04:00,26.507594856103438,26.515589771465244,26.219729097795717,26.403642654418945,245700,0.0,0.0
2015-06-25 00:00:00-04:00,26.619545731331666,26.619545731331666,26.28370128244765,26.579565048217773,237600,0.0,0.0
2015-06-26 00:00:00-04:00,26.699506346889788,26.699506346889788,26.3876527569065,26.619544982910156,712300,0.0,0.0
2015-06-29 00:00:00-04:00,26.491599264999223,26.63553212942897,25.9078728927363,25.979839324951172,227100,0.0,0.0
2015-06-30 00:00:00-04:00,26.307690765681464,26.54757790223133,25.891884972174164,26.019824981689453,245500,0.0,0.0
2015-07-01 00:00:00-04:00,26.22772859333314,26.467615750371262,26.123776373495367,26.275707244873047,234600,0.0,0.0
2015-07-02 00:00:00-04:00,25.971842845284566,26.147761478609734,25.340139323809225,25.771936416625977,261200,0.0,0.0
2015-07-06 00:00:00-04:00,25.484074729031075,26.73948545657606,25.268175398584507,25.86789321899414,294300,0.0,0.0
2015-07-07 00:00:00-04:00,25.77193739531074,25.795925191555092,25.140233849846567,25.45208740234375,269500,0.0,0.0
2015-07-08 00:00:00-04:00,25.30015963601258,25.420104725253744,25.092256746537103,25.196208953857422,367400,0.0,0.0
2015-07-09 00:00:00-04:00,25.46808335259813,25.77993846784395,25.372127580561276,25.4920711517334,326400,0.0,0.0
2015-07-10 00:00:00-04:00,25.747947644186006,25.963846944983743,25.65998833086138,25.795923233032227,222300,0.0,0.0
2015-07-13 00:00:00-04:00,26.035823522314956,26.155765591490663,25.923873320620757,26.067806243896484,180700,0.0,0.0
2015-07-14 00:00:00-04:00,25.987842629312716,26.25971556652491,25.771943262967955,26.22772979736328,231100,0.0,0.0
2015-07-15 00:00:00-04:00,26.339673681091327,26.651530316346815,26.20373875446471,26.49959945678711,151200,0.0,0.0
2015-07-16 00:00:00-04:00,26.643530978276225,26.787463863959744,26.331677409405362,26.35566520690918,243500,0.0,0.0
2015-07-17 00:00:00-04:00,26.419639485250922,26.419639485250922,25.963852983232947,26.139768600463867,117900,0.0,0.0
2015-07-20 00:00:00-04:00,26.16375959624421,26.41164166518917,26.011828727839863,26.331680297851562,151700,0.0,0.0
2015-07-21 00:00:00-04:00,26.323680738570925,26.771472299433768,26.09978648330473,26.1717529296875,114300,0.0,0.0
2015-07-22 00:00:00-04:00,26.195738251049963,26.651527735257297,26.187743335688157,26.403642654418945,248700,0.0,0.0
2015-07-23 00:00:00-04:00,26.739489967228845,26.739489967228845,25.89988335185795,26.17975425720215,254600,0.0,0.0
2015-07-24 00:00:00-04:00,26.21973256236754,26.363665460540126,25.891886083270116,26.14776611328125,348000,0.0,0.0
2015-07-27 00:00:00-04:00,25.923871473301634,25.923871473301634,25.58803004314419,25.69198226928711,252200,0.0,0.0
2015-07-28 00:00:00-04:00,25.83591605330444,25.899884544396794,25.532057332205564,25.803930282592773,260100,0.0,0.0
2015-07-29 00:00:00-04:00,25.659994271945806,25.94786007299265,25.659994271945806,25.851905822753906,208300,0.0,0.0
2015-07-30 00:00:00-04:00,25.699972195864678,26.11577796936035,25.699972195864678,26.11577796936035,157300,0.0,0.0
2015-07-31 00:00:00-04:00,26.139771672621386,26.347676131507026,25.74795665833311,26.219736099243164,265100,0.0,0.0
2015-08-03 00:00:00-04:00,26.23589460616394,26.373253826244483,25.99349090577766,26.260133743286133,211000,0.34,0.0
2015-08-04 00:00:00-04:00,26.29245037256617,26.607571433081247,26.27628992301532,26.4298095703125,259600,0.0,0.0
2015-08-05 00:00:00-04:00,26.6560524501834,26.906531709379603,26.45405145674618,26.704530715942383,327800,0.0,0.0
2015-08-06 00:00:00-04:00,26.744933451335974,26.890374430341165,26.276292694101077,26.397491455078125,116100,0.0,0.0
2015-08-07 00:00:00-04:00,26.235890340283493,26.494451368515897,26.171248542080097,26.4298095703125,198800,0.0,0.0
2015-08-10 00:00:00-04:00,26.63181146750935,26.995413888981645,26.63181146750935,26.987335205078125,289200,0.0,0.0
2015-08-11 00:00:00-04:00,26.75301833045319,26.96309805662783,26.308616657255524,26.494457244873047,140300,0.0,0.0
2015-08-12 00:00:00-04:00,26.357089522453375,26.357089522453375,25.516766166861984,25.718767166137695,211600,0.0,0.0
2015-08-13 00:00:00-04:00,25.743008773009272,26.03389071566554,25.508686865614973,25.9207706451416,121300,0.0,0.0
2015-08-14 00:00:00-04:00,25.993487891215043,26.72069274345503,25.98540920720826,26.712614059448242,341800,0.0,0.0
2015-08-17 00:00:00-04:00,26.542929457931624,27.22973468895652,26.397488495234143,27.035812377929688,318100,0.0,0.0
2015-08-18 00:00:00-04:00,27.019660994333123,27.189344229273996,26.728782053630766,26.97926139831543,220200,0.0,0.0
2015-08-19 00:00:00-04:00,26.77725016157822,27.043892942105558,26.551010044008667,26.672208786010742,225700,0.0,0.0
2015-08-20 00:00:00-04:00,26.365172136122304,26.728774562966183,25.47636740250589,25.500606536865234,378100,0.0,0.0
2015-08-21 00:00:00-04:00,25.112763451539827,25.54908633727155,24.894602008673967,25.185483932495117,290600,0.0,0.0
2015-08-24 00:00:00-04:00,24.03812036008604,24.700683430990857,23.13315515077882,23.64219856262207,459000,0.0,0.0
2015-08-25 00:00:00-04:00,24.474443571951507,24.474443571951507,23.18163677539219,23.222036361694336,272600,0.0,0.0
2015-08-26 00:00:00-04:00,23.755314292473198,23.997716386555197,23.254352738764968,23.981555938720703,190700,0.0,0.0
2015-08-27 00:00:00-04:00,24.199724120719196,24.55524482551425,24.021962227176108,24.2805233001709,317400,0.0,0.0
2015-08-28 00:00:00-04:00,24.086602495424803,24.46636541988827,24.086602495424803,24.2805233001709,201800,0.0,0.0
2015-08-31 00:00:00-04:00,24.143158622511393,24.579481518296358,24.054279231297844,24.4906005859375,236800,0.0,0.0
2015-09-01 00:00:00-04:00,23.973478101611565,24.393640540269114,23.270513962275075,23.456356048583984,358000,0.0,0.0
2015-09-02 00:00:00-04:00,23.71491362716108,24.00579396912505,23.343231049727876,23.722993850708008,266000,0.0,0.0
2015-09-03 00:00:00-04:00,23.739154916186532,24.1027573031494,23.739154916186532,23.88459587097168,171200,0.0,0.0
2015-09-04 00:00:00-04:00,23.63411929181312,23.860360988564217,23.432118272224976,23.755319595336914,159900,0.0,0.0
2015-09-08 00:00:00-04:00,24.2158801227156,24.587562776352197,24.005798890859325,24.52292251586914,165500,0.0,0.0
2015-09-09 00:00:00-04:00,24.77340395522182,24.854204668142728,24.3451612555428,24.369401931762695,164400,0.0,0.0
2015-09-10 00:00:00-04:00,24.31283966449235,24.80572258105972,24.24011918364978,24.644121170043945,152600,0.0,0.0
2015-09-11 00:00:00-04:00,24.434040762261088,24.805723403461922,24.40980008746147,24.7410831451416,111800,0.0,0.0
2015-09-14 00:00:00-04:00,24.773398455631316,25.007720316968935,24.66027840734147,24.846118927001953,135300,0.0,0.0
2015-09-15 00:00:00-04:00,24.894606716486148,25.387489727026445,24.878447805219935,25.298608779907227,111600,0.0,0.0
2015-09-16 00:00:00-04:00,25.355168637123718,25.371329089417536,25.031967296975168,25.32284927368164,141900,0.0,0.0
2015-09-17 00:00:00-04:00,25.290528698377695,25.66221140024702,24.498685019417515,24.67644691467285,221800,0.0,0.0
2015-09-18 00:00:00-04:00,24.24820225010539,24.353242100774196,23.98964119509407,24.21588134765625,773300,0.0,0.0
2015-09-21 00:00:00-04:00,24.417882083003903,24.813803886568436,24.34516159447721,24.636043548583984,151600,0.0,0.0
2015-09-22 00:00:00-04:00,24.329004318425277,24.627964976982767,24.272444277138483,24.51484489440918,253800,0.0,0.0
2015-09-23 00:00:00-04:00,24.587556418748555,24.8945971913652,24.46635615432475,24.75723648071289,148800,0.0,0.0
2015-09-24 00:00:00-04:00,24.514842471601558,25.05620523507228,24.442121985378222,25.0400447845459,178500,0.0,0.0
2015-09-25 00:00:00-04:00,25.355168637123718,25.62180993538947,25.20164896376913,25.32284927368164,187500,0.0,0.0
2015-09-28 00:00:00-04:00,25.16124026028882,25.274361851153923,24.854199464843756,24.92691993713379,252600,0.0,0.0
2015-09-29 00:00:00-04:00,24.96732373187787,25.072365116770847,24.74916227815739,24.838043212890625,211200,0.0,0.0
2015-09-30 00:00:00-04:00,25.072364530477454,25.28244575420551,24.773402374094555,25.217803955078125,216500,0.0,0.0
2015-10-01 00:00:00-04:00,25.145081170098837,25.419801068674616,24.71683856320572,25.347082138061523,159900,0.0,0.0
2015-10-02 00:00:00-04:00,24.80572568325752,24.80572568325752,23.852280629546453,24.692604064941406,388300,0.0,0.0
2015-10-05 00:00:00-04:00,24.910763708518733,25.379405975341797,24.716842929951813,25.379405975341797,165300,0.0,0.0
2015-10-06 00:00:00-04:00,25.395568370068528,25.57332871207979,25.16932667384426,25.339008331298828,130800,0.0,0.0
2015-10-07 00:00:00-04:00,25.50060511838653,26.138927459716797,25.50060511838653,26.138927459716797,291300,0.0,0.0
2015-10-08 00:00:00-04:00,26.114692889701473,26.551015853881836,25.775331097943038,26.551015853881836,273600,0.0,0.0
2015-10-09 00:00:00-04:00,26.623734762391145,26.664134349492798,26.22781141129673,26.316692352294922,192900,0.0,0.0
2015-10-12 00:00:00-04:00,26.349014314939126,26.59141492959198,26.171252425791213,26.534854888916016,134900,0.0,0.0
2015-10-13 00:00:00-04:00,26.470211605143717,26.736854423997613,26.179332733154297,26.179332733154297,107900,0.0,0.0
2015-10-14 00:00:00-04:00,26.130845732207163,26.138924414839583,25.120840877193423,25.258201599121094,207300,0.0,0.0
2015-10-15 00:00:00-04:00,25.45212394336818,25.904607256430378,25.096601780575078,25.888446807861328,224600,0.0,0.0
2015-10-16 00:00:00-04:00,25.993488311767578,26.114690149865428,25.314766340604724,25.993488311767578,135800,0.0,0.0
2015-10-19 00:00:00-04:00,25.864201720650726,26.243964514110175,25.80764323923244,26.08236312866211,182000,0.0,0.0
2015-10-20 00:00:00-04:00,26.08237047145001,26.551014312954432,25.912690355991206,26.502532958984375,107500,0.0,0.0
2015-10-21 00:00:00-04:00,26.66413430351496,26.66413430351496,25.904611587524414,25.904611587524414,120600,0.0,0.0
2015-10-22 00:00:00-04:00,26.058127134823867,26.63180919401137,26.058127134823867,26.405569076538086,153300,0.0,0.0
2015-10-23 00:00:00-04:00,26.55909098321489,27.116615723569307,26.260130362133534,26.987335205078125,151100,0.0,0.0
2015-10-26 00:00:00-04:00,26.955016648821804,27.01157668793684,26.607574647234575,26.858057022094727,198000,0.0,0.0
2015-10-27 00:00:00-04:00,26.647969642729525,26.93077287186156,26.23588898843312,26.405569076538086,196700,0.0,0.0
2015-10-28 00:00:00-04:00,26.478295246524688,27.66606228316834,26.470213479283103,27.63374137878418,332100,0.0,0.0
2015-10-29 00:00:00-04:00,27.763014056509036,28.19933689533334,26.793408775440657,27.302452087402344,223000,0.0,0.0
2015-10-30 00:00:00-04:00,27.52869625749625,27.52869625749625,26.736852700925642,26.922693252563477,425900,0.0,0.0
2015-11-02 00:00:00-05:00,27.15702202410338,27.65798377186751,26.761098604516413,27.472143173217773,289300,0.0,0.0
2015-11-03 00:00:00-05:00,27.383250268539985,27.74685262128505,27.270130221528213,27.496370315551758,207200,0.0,0.0
2015-11-04 00:00:00-05:00,27.480210929113262,27.75493237486912,27.294370404379922,27.488292694091797,232500,0.0,0.0
2015-11-05 00:00:00-05:00,27.512534888018465,28.118537872698564,27.512534888018465,27.892297744750977,198900,0.0,0.0
2015-11-06 00:00:00-05:00,27.84330434404159,29.615152683084414,27.84330434404159,28.847625732421875,298000,0.36,0.0
2015-11-09 00:00:00-05:00,29.0199820419348,29.151294050375558,28.675286063074537,28.937910079956055,258800,0.18,0.0
2015-11-10 00:00:00-05:00,28.864040227935472,29.307219328316148,28.864040227935472,29.167701721191406,290400,0.0,0.0
2015-11-11 00:00:00-05:00,29.282599819626633,29.42211742917589,29.044595876687186,29.200531005859375,227000,0.0,0.0
2015-11-12 00:00:00-05:00,28.94610711047689,29.208731020924358,28.1582353791345,28.19106101989746,264500,0.0,0.0
2015-11-13 00:00:00-05:00,27.985885624652614,28.1500263497824,27.575535377190118,27.632984161376953,168500,0.0,0.0
2015-11-16 00:00:00-05:00,27.534507313689485,28.02692960237467,27.436024108242307,28.010515213012695,211600,0.0,0.0
2015-11-17 00:00:00-05:00,28.092582370845825,28.470103911712823,27.805338400778425,28.026927947998047,153500,0.0,0.0
2015-11-18 00:00:00-05:00,28.133614649225912,28.478310517968094,27.715058734386364,28.41265296936035,181000,0.0,0.0
2015-11-19 00:00:00-05:00,28.330584164324907,28.593208097307414,28.182857810681718,28.41265296936035,161600,0.0,0.0
2015-11-20 00:00:00-05:00,28.47831132406853,28.66707208557246,28.314170578627277,28.48651695251465,240900,0.0,0.0
2015-11-23 00:00:00-05:00,28.593211776375757,28.864041372419567,28.420865385191092,28.716318130493164,86900,0.0,0.0
2015-11-24 00:00:00-05:00,28.420862445685223,28.888661533788554,28.27313608831319,28.81479835510254,189300,0.0,0.0
2015-11-25 00:00:00-05:00,28.872251762763256,28.987149363374368,28.626042171350186,28.8886661529541,94800,0.0,0.0
2015-11-27 00:00:00-05:00,28.90508000778151,29.1348752047476,28.67528168009067,29.044597625732422,105300,0.0,0.0
2015-11-30 00:00:00-05:00,29.21694175630625,29.307219328316148,28.921492153443644,29.167701721191406,207100,0.0,0.0
2015-12-01 00:00:00-05:00,28.73272286600805,29.348248235406647,28.73272286600805,29.184110641479492,316500,0.0,0.0
2015-12-02 00:00:00-05:00,29.118454253127947,29.24976621190717,28.691689604414464,28.781967163085938,477700,0.0,0.0
2015-12-03 00:00:00-05:00,28.913276305457163,29.118451416734086,27.91202076059418,27.977678298950195,437500,0.0,0.0
2015-12-04 00:00:00-05:00,27.969479758032726,28.58500524780572,27.920236591790054,28.322378158569336,460100,0.0,0.0
2015-12-07 00:00:00-05:00,28.314172078211868,28.429069666888694,27.18981307808573,27.53450584411621,430100,0.0,0.0
2015-12-08 00:00:00-05:00,27.296497068809856,27.50988095057946,26.935389978300282,27.09132194519043,213800,0.0,0.0
2015-12-09 00:00:00-05:00,26.960008607444465,27.25546127120667,26.43476081885556,26.607107162475586,208600,0.0,0.0
2015-12-10 00:00:00-05:00,26.590696105056946,26.968217564555857,26.303449066176107,26.763042449951172,207300,0.0,0.0
2015-12-11 00:00:00-05:00,26.13931388753871,26.50042258244184,25.655100418230145,25.901309967041016,400700,0.0,0.0
2015-12-14 00:00:00-05:00,25.876689276284726,26.28703799180995,25.581236573129985,26.0244140625,328900,0.0,0.0
2015-12-15 00:00:00-05:00,26.262425440802332,27.00105740861493,26.204976635608585,26.754844665527344,510100,0.0,0.0
2015-12-16 00:00:00-05:00,27.00925854366804,27.600164019568748,26.442976216412898,27.23905372619629,528800,0.0,0.0
2015-12-17 00:00:00-05:00,27.337539229021253,27.378573634551472,26.746633771067792,26.95180892944336,363100,0.0,0.0
2015-12-18 00:00:00-05:00,26.91077626261874,26.951810670800192,26.31987076648687,26.582494735717773,2800000,0.0,0.0
2015-12-21 00:00:00-05:00,26.713802889106987,27.04208436892665,26.426558942307945,26.771251678466797,236700,0.0,0.0
2015-12-22 00:00:00-05:00,26.84511591624271,27.247260588384844,26.377316823975455,26.861530303955078,151900,0.0,0.0
2015-12-23 00:00:00-05:00,27.06670237558017,27.37856944519324,26.902561647850977,27.263671875,206100,0.0,0.0
2015-12-24 00:00:00-05:00,27.25546831081457,27.600164217807286,27.165190736823035,27.41960906982422,98000,0.0,0.0
2015-12-28 00:00:00-05:00,27.37036319498332,27.378571954020178,26.968221662456862,27.34574317932129,174100,0.0,0.0
2015-12-29 00:00:00-05:00,27.509885533941073,27.731475080055475,27.2390528228931,27.493471145629883,206600,0.0,0.0
2015-12-30 00:00:00-05:00,27.47705355225285,27.48526231081316,26.992840111089464,27.03387451171875,239100,0.0,0.0
2015-12-31 00:00:00-05:00,27.025672770121375,27.132364731678884,26.656356849902718,26.68097686767578,210100,0.0,0.0
2016-01-04 00:00:00-05:00,26.147523207396763,26.352698369876997,25.901312073203126,26.081867218017578,395700,0.0,0.0
2016-01-05 00:00:00-05:00,26.180346632510474,26.385523330674882,25.99979307917472,26.106483459472656,198500,0.0,0.0
2016-01-06 00:00:00-05:00,25.523787074877948,26.13110528586846,25.318611940136748,25.93413734436035,147600,0.0,0.0
2016-01-07 00:00:00-05:00,25.400682776256478,25.70434110467928,25.031366900756225,25.088815689086914,258400,0.0,0.0
2016-01-08 00:00:00-05:00,25.195511733575685,25.35144373714711,24.341982267161764,24.36660385131836,410500,0.0,0.0
2016-01-11 00:00:00-05:00,24.538949421353383,24.80978057654359,24.268118266163174,24.48150062561035,351700,0.0,0.0
2016-01-12 00:00:00-05:00,24.719501274710854,24.719501274710854,24.09576866836398,24.5389461517334,198000,0.0,0.0
2016-01-13 00:00:00-05:00,24.68667590792376,24.68667590792376,23.521280902551148,23.75107765197754,251400,0.0,0.0
2016-01-14 00:00:00-05:00,24.00548934673824,24.46508118310949,23.652587885371016,24.35839080810547,298200,0.0,0.0
2016-01-15 00:00:00-05:00,23.611558028126936,24.341981104224278,23.398175671717794,24.079357147216797,357600,0.0,0.0
2016-01-19 00:00:00-05:00,24.350186668029668,24.39122107155352,23.82493878918601,24.120389938354492,290600,0.0,0.0
2016-01-20 00:00:00-05:00,23.693626656655233,24.177838563285434,23.266861975346366,23.898801803588867,349400,0.0,0.0
2016-01-21 00:00:00-05:00,23.890597332140224,24.210670096912274,23.431003823578642,23.447418212890625,303800,0.0,0.0
2016-01-22 00:00:00-05:00,23.800317891436293,23.882388266203343,23.4720379577303,23.80852508544922,275400,0.0,0.0
2016-01-25 00:00:00-05:00,23.710038308301513,23.792108676096035,23.004236902137578,23.06989288330078,300300,0.0,0.0
2016-01-26 00:00:00-05:00,23.201205495356966,23.890594099557383,23.160169527629492,23.8659725189209,179000,0.0,0.0
2016-01-27 00:00:00-05:00,23.734662462902634,24.202461575105957,23.504865721222828,23.677213668823242,329100,0.0,0.0
2016-01-28 00:00:00-05:00,23.480244312043492,24.62101762788634,23.480244312043492,24.276323318481445,285500,0.0,0.0
2016-01-29 00:00:00-05:00,23.997285284834945,24.33377240460591,23.398174224302466,24.317358016967773,741900,0.0,0.0
2016-02-01 00:00:00-05:00,23.93163261516639,24.62102133785533,23.64438705315227,24.456880569458008,426200,0.0,0.0
2016-02-02 00:00:00-05:00,24.013700407520137,24.333773149450227,23.586935708038542,23.841352462768555,240200,0.0,0.0
2016-02-03 00:00:00-05:00,24.04652912109223,24.432259439688664,23.19300123415481,23.792112350463867,378300,0.0,0.0
2016-02-04 00:00:00-05:00,23.734662643588628,24.038322570071404,23.258656333555642,23.52128028869629,494300,0.0,0.0
2016-02-05 00:00:00-05:00,23.570519325508712,23.677211274032615,23.094513067244275,23.102720260620117,298500,0.0,0.0
2016-02-08 00:00:00-05:00,22.977934491567325,23.13600023614925,22.279112337599322,23.04448890686035,287100,0.38,0.0
2016-02-09 00:00:00-05:00,22.66179880572492,23.418855840547614,22.66179880572492,23.16927719116211,227100,0.0,0.0
2016-02-10 00:00:00-05:00,23.352298746919388,23.83481857730156,23.002887725830078,23.002887725830078,212200,0.0,0.0
2016-02-11 00:00:00-05:00,22.48709384002734,22.761630986274852,22.096085283371984,22.61188316345215,317900,0.0,0.0
2016-02-12 00:00:00-05:00,23.077766828629255,23.67675660539443,22.91969948693944,23.54364776611328,197500,0.0,0.0
2016-02-16 00:00:00-05:00,23.934650374466596,24.42548969140732,23.460450054963687,24.134313583374023,199000,0.0,0.0
2016-02-17 00:00:00-05:00,24.3339842377456,24.342303739010028,23.701716422692826,23.77659034729004,191900,0.0,0.0
2016-02-18 00:00:00-05:00,23.809866268470664,23.809866268470664,23.119363591783415,23.368942260742188,273400,0.0,0.0
2016-02-19 00:00:00-05:00,23.294063392742284,23.743306805543458,23.294063392742284,23.535324096679688,246100,0.0,0.0
2016-02-22 00:00:00-05:00,23.726671021137502,23.91801475837675,23.527007784003196,23.826501846313477,185700,0.0,0.0
2016-02-23 00:00:00-05:00,23.734993824130566,23.976253007532815,23.36894371171819,23.560287475585938,240700,0.0,0.0
2016-02-24 00:00:00-05:00,23.260784741476332,23.67675014746939,22.928012734038308,23.668432235717773,193400,0.0,0.0
2016-02-25 00:00:00-05:00,23.68507389573776,24.200871789901186,23.63515848236142,23.984569549560547,233800,0.0,0.0
2016-02-26 00:00:00-05:00,24.192552526782666,24.783224340186003,24.1675940264589,24.69171142578125,183800,0.0,0.0
2016-02-29 00:00:00-05:00,24.63347627058246,24.700030684011704,23.951293136237116,23.984569549560547,255800,0.0,0.0
2016-03-01 00:00:00-05:00,24.0428015468415,24.641792781836166,24.0428015468415,24.6085147857666,495000,0.0,0.0
2016-03-02 00:00:00-05:00,24.525322671012827,24.874733714191482,24.267424535051667,24.541961669921875,342800,0.0,0.0
2016-03-03 00:00:00-05:00,24.58355452368894,24.849773712785158,24.400530318793486,24.708345413208008,364000,0.0,0.0
2016-03-04 00:00:00-05:00,24.824821102811647,24.824821102811647,24.4920490210278,24.6667537689209,361700,0.0,0.0
2016-03-07 00:00:00-05:00,24.50036667912803,25.01616297041235,24.4504496805271,24.96624755859375,250900,0.0,0.0
2016-03-08 00:00:00-05:00,24.749944266206672,24.908011581449546,24.41717222368135,24.442129135131836,217800,0.0,0.0
2016-03-09 00:00:00-05:00,24.633476931130087,24.774905261807433,24.217511439347586,24.35062026977539,267500,0.0,0.0
2016-03-10 00:00:00-05:00,24.48372547407011,24.70834718719311,24.175910357555384,24.6085147857666,278900,0.0,0.0
2016-03-11 00:00:00-05:00,24.79153823527962,25.24078164759934,24.408850813035833,25.140949249267578,192000,0.0,0.0
2016-03-14 00:00:00-04:00,25.09935951987632,25.38221620018908,24.95793117971994,25.249107360839844,284300,0.0,0.0
2016-03-15 00:00:00-04:00,25.04112443937571,25.19087227937266,24.816502679380292,24.841461181640625,200900,0.0,0.0
2016-03-16 00:00:00-04:00,24.71666833932262,25.132633824024374,24.458770183106605,24.69171142578125,223100,0.0,0.0
2016-03-17 00:00:00-04:00,24.70835332841587,25.21583020035182,24.092722942372447,25.07440185546875,262000,0.0,0.0
2016-03-18 00:00:00-04:00,25.24078811498465,25.55692121493665,25.199192197311312,25.457090377807617,447000,0.0,0.0
2016-03-21 00:00:00-04:00,25.473730474089038,25.54028489729547,25.091041350565078,25.340620040893555,163700,0.0,0.0
2016-03-22 00:00:00-04:00,25.207509961178197,25.323981386177937,24.566924264201035,25.19919204711914,260700,0.0,0.0
2016-03-23 00:00:00-04:00,25.082716374990582,25.240783690651007,24.724985833287533,24.74162483215332,221100,0.0,0.0
2016-03-24 00:00:00-04:00,24.60852110725775,24.60852110725775,24.292387997298853,24.525327682495117,316600,0.0,0.0
2016-03-28 00:00:00-04:00,24.541962254348576,24.8081798961038,24.350618522684798,24.458768844604492,183500,0.0,0.0
2016-03-29 00:00:00-04:00,24.408853297798068,24.86641466867378,24.092718659884195,24.858095169067383,215600,0.0,0.0
2016-03-30 00:00:00-04:00,24.924646516127535,25.2574201123594,24.78321980054573,25.024478912353516,123900,0.0,0.0
2016-03-31 00:00:00-04:00,24.908007862304174,25.057755655776504,24.658427677589614,24.891368865966797,135800,0.0,0.0
2016-04-01 00:00:00-04:00,24.691714189502246,25.124318722840872,24.467092421793815,25.115999221801758,155100,0.0,0.0
2016-04-04 00:00:00-04:00,25.08271381565946,25.215822619439365,24.541959101955836,25.024478912353516,212300,0.0,0.0
2016-04-05 00:00:00-04:00,24.791546309903936,24.791546309903936,24.284069414546465,24.292388916015625,137400,0.0,0.0
2016-04-06 00:00:00-04:00,24.242467570334306,24.566921722457536,24.026165331179612,24.53364372253418,131900,0.0,0.0
2016-04-07 00:00:00-04:00,24.31734195644231,24.31734195644231,23.71835222721068,23.843141555786133,153700,0.0,0.0
2016-04-08 00:00:00-04:00,24.09272214781027,24.383898329058805,23.851462971426653,23.992891311645508,120300,0.0,0.0
2016-04-11 00:00:00-04:00,24.07608734662058,24.492052911622675,24.02617033633678,24.15928077697754,125100,0.0,0.0
2016-04-12 00:00:00-04:00,24.184233506109084,24.666753414457418,24.13431809125441,24.65843391418457,116900,0.0,0.0
2016-04-13 00:00:00-04:00,24.89969271432902,25.67338872458615,24.89969271432902,25.656749725341797,290100,0.0,0.0
2016-04-14 00:00:00-04:00,25.581875298916316,26.014479749839555,25.407170570725548,25.540279388427734,198000,0.0,0.0
2016-04-15 00:00:00-04:00,25.46541001709295,25.67339278015504,25.35725809170243,25.41549301147461,107800,0.0,0.0
2016-04-18 00:00:00-04:00,25.24078330972253,25.698344664150337,25.17422890204608,25.58187484741211,144800,0.0,0.0
2016-04-19 00:00:00-04:00,25.581875652014343,26.04775652040239,25.423808333767894,25.906328201293945,194500,0.0,0.0
2016-04-20 00:00:00-04:00,25.93960764174695,26.189186295563776,25.748263901368556,26.08935546875,173600,0.0,0.0
2016-04-21 00:00:00-04:00,26.13926981498571,26.239102224506077,25.931287083035404,26.064395904541016,299700,0.0,0.0
2016-04-22 00:00:00-04:00,26.022799346081793,26.35557139157496,25.981201848656227,26.347251892089844,240000,0.0,0.0
2016-04-25 00:00:00-04:00,26.230779694790208,26.230779694790208,25.9728799944796,26.031116485595703,223200,0.0,0.0
2016-04-26 00:00:00-04:00,26.081037579505395,26.463725083897284,26.006163661379595,26.388851165771484,194900,0.0,0.0
2016-04-27 00:00:00-04:00,26.405487157627395,26.447084655613665,26.04775660885698,26.355571746826172,322400,0.0,0.0
2016-04-28 00:00:00-04:00,25.873049690847417,26.130947809435295,24.72498423197874,24.94960594177246,478900,0.0,0.0
2016-04-29 00:00:00-04:00,24.134317244148146,24.65843304868202,24.125997744167307,24.53364372253418,628100,0.0,0.0
2016-05-02 00:00:00-04:00,24.683393035153042,25.074400037106177,24.50036878489928,24.874736785888672,495600,0.0,0.0
2016-05-03 00:00:00-04:00,24.492048101671802,24.8165006708843,23.951293290723516,24.09272003173828,302900,0.0,0.0
2016-05-04 00:00:00-04:00,23.86809873219316,24.109357875818162,23.4438137691468,23.759946823120117,273300,0.0,0.0
2016-05-05 00:00:00-04:00,23.826502380332183,23.96793070815325,23.560284724853094,23.585243225097656,228800,0.0,0.0
2016-05-06 00:00:00-04:00,23.36062080492961,23.72667086397569,23.285746893152407,23.718351364135742,274800,0.0,0.0
2016-05-09 00:00:00-04:00,23.7014932548528,24.013354098616862,23.54134758479642,23.676206588745117,204600,0.37,0.0
2016-05-10 00:00:00-04:00,23.73521114398661,24.139788223025306,23.73521114398661,23.9459285736084,151300,0.0,0.0
2016-05-11 00:00:00-04:00,23.8784961250859,24.131356366489737,23.76892378251656,23.78577995300293,121400,0.0,0.0
2016-05-12 00:00:00-04:00,23.903784391506274,24.038643410296878,23.61720857466466,23.79421043395996,260100,0.0,0.0
2016-05-13 00:00:00-04:00,23.785781768187704,24.0723575877264,23.507634838358534,23.608779907226562,264600,0.0,0.0
2016-05-16 00:00:00-04:00,23.558205179939492,24.21564241719149,23.558205179939492,23.91221046447754,248600,0.0,0.0
2016-05-17 00:00:00-04:00,23.90378304929475,24.17350107173113,23.507633297150864,23.693065643310547,242700,0.0,0.0
2016-05-18 00:00:00-04:00,23.676207179764805,24.72979417919312,23.676207179764805,24.712936401367188,152700,0.0,0.0
2016-05-19 00:00:00-04:00,24.5865054754857,25.016369150052252,24.207213525089887,24.409502029418945,159700,0.0,0.0
2016-05-20 00:00:00-04:00,24.569650127685673,25.06694335286811,24.569650127685673,24.814083099365234,217100,0.0,0.0
2016-05-23 00:00:00-04:00,24.79721979374833,24.87307817442152,24.53593070901063,24.620216369628906,200900,0.0,0.0
2016-05-24 00:00:00-04:00,24.788796971632582,25.286090207661633,24.712938572397892,25.25237464904785,181200,0.0,0.0
2016-05-25 00:00:00-04:00,25.361943753203352,25.6990912365873,25.252369816324812,25.64851951599121,252100,0.0,0.0
2016-05-26 00:00:00-04:00,25.606377050988904,25.606377050988904,25.184942262339245,25.235515594482422,154300,0.0,0.0
2016-05-27 00:00:00-04:00,25.277659677552563,25.774952881308554,25.17651622356781,25.749666213989258,381200,0.0,0.0
2016-05-31 00:00:00-04:00,25.69909158673519,25.96038068896204,25.40408693188757,25.682233810424805,542300,0.0,0.0
2016-06-01 00:00:00-04:00,25.55580457662921,25.614805188085572,25.353516076930493,25.572662353515625,430200,0.0,0.0
2016-06-02 00:00:00-04:00,25.46309154047265,25.522093766825687,25.2860896843524,25.496807098388672,245800,0.0,0.0
2016-06-03 00:00:00-04:00,25.21865731665562,25.21865731665562,24.468503922192234,24.92365264892578,267000,0.0,0.0
2016-06-06 00:00:00-04:00,24.974224899862943,25.50523363452052,24.974224899862943,25.277658462524414,201200,0.0,0.0
2016-06-07 00:00:00-04:00,25.24394325835155,25.47994569965113,25.1259404300557,25.311372756958008,154600,0.0,0.0
2016-06-08 00:00:00-04:00,25.286090598490848,25.55580864098467,25.218661087867392,25.429378509521484,136100,0.0,0.0
2016-06-09 00:00:00-04:00,25.260806621353336,25.260806621353336,24.73822826023846,24.9995174407959,131900,0.0,0.0
2016-06-10 00:00:00-04:00,24.73822362493147,24.830938189768645,24.527506220302833,24.561220169067383,293600,0.0,0.0
2016-06-13 00:00:00-04:00,24.434788546628102,24.670792604065518,24.131354988158012,24.190357208251953,270100,0.0,0.0
2016-06-14 00:00:00-04:00,24.13135763201499,24.333647764922247,23.63406601219405,23.760496139526367,130400,0.0,0.0
2016-06-15 00:00:00-04:00,23.870067160006954,24.097642341133433,23.650920867919922,23.650920867919922,183400,0.0,0.0
2016-06-16 00:00:00-04:00,23.398060207168573,23.549776991861886,23.153627252352415,23.48234748840332,179900,0.0,0.0
2016-06-17 00:00:00-04:00,23.524493150702096,23.77735341713098,23.221059544870343,23.364347457885742,329800,0.0,0.0
2016-06-20 00:00:00-04:00,23.76892124784733,24.17349823400869,23.726776807010083,23.802635192871094,136600,0.0,0.0
2016-06-21 00:00:00-04:00,23.819496568418884,24.05550064983044,23.6003502658895,23.988069534301758,157000,0.0,0.0
2016-06-22 00:00:00-04:00,23.98807049314158,24.367362494919913,23.93749876211992,24.013357162475586,189100,0.0,0.0
2016-06-23 00:00:00-04:00,24.417931287105628,25.041654586791992,24.417931287105628,25.041654586791992,198900,0.0,0.0
2016-06-24 00:00:00-04:00,23.785778355956626,24.063925245883738,23.263200130103797,23.280057907104492,487600,0.0,0.0
2016-06-27 00:00:00-04:00,23.010341540938335,23.01877043062659,22.057899513214203,22.150615692138672,282600,0.0,0.0
2016-06-28 00:00:00-04:00,22.35290542280656,22.850198687610323,22.35290542280656,22.71533966064453,217100,0.0,0.0
2016-06-29 00:00:00-04:00,23.02720010109407,23.22948863753215,22.816482674681943,23.13677406311035,148400,0.0,0.0
2016-06-30 00:00:00-04:00,23.229486061824755,23.650920867919922,22.858624589966272,23.650920867919922,372300,0.0,0.0
2016-07-01 00:00:00-04:00,23.558209883376644,23.659353351926054,22.97662931245498,23.111488342285156,298100,0.0,0.0
2016-07-05 00:00:00-04:00,22.883909674709518,22.883909674709518,22.378187585307597,22.555191040039062,144400,0.0,0.0
2016-07-06 00:00:00-04:00,22.336046010831716,22.656335774566063,22.091613037533524,22.572050094604492,253000,0.0,0.0
2016-07-07 00:00:00-04:00,22.631047744220044,22.97662413118762,22.631047744220044,22.91762351989746,234900,0.0,0.0
2016-07-08 00:00:00-04:00,23.305346897685634,23.66778112613012,23.271632945641183,23.49920654296875,177000,0.0,0.0
2016-07-11 00:00:00-04:00,23.667780381301725,24.063928549323823,23.608779761345918,23.979642868041992,143000,0.0,0.0
2016-07-12 00:00:00-04:00,24.249357788073176,24.670792570871892,24.23250001092616,24.645505905151367,267700,0.0,0.0
2016-07-13 00:00:00-04:00,24.645508198897424,24.822511660122494,24.493791405746297,24.77193832397461,309500,0.0,0.0
2016-07-14 00:00:00-04:00,25.16808890175279,25.27766125166737,24.99951432441894,25.117515563964844,384400,0.0,0.0
2016-07-15 00:00:00-04:00,25.302947366370248,25.488378111259085,24.97422710853358,25.319805145263672,184900,0.0,0.0
2016-07-18 00:00:00-04:00,25.252371167284803,25.395659056344396,25.168085497664183,25.29451560974121,193800,0.0,0.0
2016-07-19 00:00:00-04:00,25.286089575149855,25.44623525926676,25.243946735583116,25.26923179626465,255300,0.0,0.0
2016-07-20 00:00:00-04:00,25.437805764021494,25.437805764021494,25.058513786368593,25.328231811523438,184400,0.0,0.0
2016-07-21 00:00:00-04:00,25.252374098260464,25.252374098260464,24.746653591254713,24.814083099365234,190300,0.0,0.0
2016-07-22 00:00:00-04:00,24.88993945980544,25.201800306424698,24.696078233163952,25.134370803833008,108300,0.0,0.0
2016-07-25 00:00:00-04:00,25.12594435909259,25.21023164744249,24.856226322489942,24.940513610839844,89700,0.0,0.0
2016-07-26 00:00:00-04:00,24.89837020965396,25.11751490372266,24.89837020965396,25.09222984313965,124700,0.0,0.0
2016-07-27 00:00:00-04:00,25.050085396090843,25.40409071306945,24.99108477786879,25.09222984313965,230200,0.0,0.0
2016-07-28 00:00:00-04:00,25.707522303739893,25.985669202064678,25.277658623120477,25.54737663269043,363900,0.0,0.0
2016-07-29 00:00:00-04:00,24.91522971626383,25.918245183252672,24.030217109162578,25.555810928344727,321000,0.0,0.0
2016-08-01 00:00:00-04:00,25.555808005911093,25.884526661075835,25.361948368641954,25.44623565673828,202700,0.0,0.0
2016-08-02 00:00:00-04:00,25.42937369646938,25.530518747083875,25.24394297926319,25.3619441986084,186000,0.0,0.0
2016-08-03 00:00:00-04:00,25.286091044604976,25.88452776099037,25.286091044604976,25.741241455078125,191200,0.0,0.0
2016-08-04 00:00:00-04:00,25.68223735160886,25.884525872287856,25.572665005775082,25.783382415771484,161200,0.0,0.0
2016-08-05 00:00:00-04:00,26.044674861194405,26.845401763916016,25.90981583028393,26.845401763916016,246200,0.0,0.0
2016-08-08 00:00:00-04:00,26.905125303327683,27.007522583007812,26.64912884897653,27.007522583007812,212600,0.39,0.0
2016-08-09 00:00:00-04:00,26.96485732107033,27.169653508006,26.80272639607214,27.007522583007812,158700,0.0,0.0
2016-08-10 00:00:00-04:00,26.973395491496447,27.033127519852037,26.521136147756593,26.640600204467773,123700,0.0,0.0
2016-08-11 00:00:00-04:00,26.68326249011747,26.94779069607991,26.59793033825285,26.760061264038086,154000,0.0,0.0
2016-08-12 00:00:00-04:00,26.58940135290454,26.836864471435547,26.367538372434716,26.836864471435547,110400,0.0,0.0
2016-08-15 00:00:00-04:00,26.93926290858924,27.272056579589844,26.86246411873129,27.272056579589844,192800,0.0,0.0
2016-08-16 00:00:00-04:00,27.101388112360777,27.19525364171374,26.572330075428727,27.007522583007812,253100,0.0,0.0
2016-08-17 00:00:00-04:00,26.981925149465226,27.400050917860554,26.964858392981625,27.382984161376953,195700,0.0,0.0
2016-08-18 00:00:00-04:00,27.28912354939108,27.43418937808619,27.10992745672495,27.314722061157227,303600,0.0,0.0
2016-08-19 00:00:00-04:00,27.30619357303632,27.579255248354528,27.26352829660884,27.434192657470703,326100,0.0,0.0
2016-08-22 00:00:00-04:00,27.31472176685262,27.604850165965292,27.26352474387195,27.528051376342773,109500,0.0,0.0
2016-08-23 00:00:00-04:00,27.57071687523139,27.732846188788354,27.485383087713657,27.596315383911133,106300,0.0,0.0
2016-08-24 00:00:00-04:00,27.66458340162213,27.732850442106265,27.52805257580552,27.681650161743164,98100,0.0,0.0
2016-08-25 00:00:00-04:00,27.63045260061091,27.852313967577803,27.587787328711688,27.801116943359375,200100,0.0,0.0
2016-08-26 00:00:00-04:00,27.792582172468624,28.00591178893225,27.673118108073254,27.89497947692871,161300,0.0,0.0
2016-08-29 00:00:00-04:00,27.87790772832404,28.21070460478163,27.87790772832404,28.19363784790039,272700,0.0,0.0
2016-08-30 00:00:00-04:00,28.176570632700614,28.398431958245855,28.125370362889722,28.38990020751953,210900,0.0,0.0
2016-08-31 00:00:00-04:00,28.372833912426838,28.39843242017318,27.97177326359533,28.19363784790039,392900,0.0,0.0
2016-09-01 00:00:00-04:00,28.193646128818223,28.313110206924335,27.71578656124178,27.766986846923828,368500,0.0,0.0
2016-09-02 00:00:00-04:00,27.741381567735047,28.07417849984769,27.58778724041974,28.057111740112305,317200,0.0,0.0
2016-09-06 00:00:00-04:00,28.116840238571054,28.116840238571054,27.587783773859353,27.86937713623047,231700,0.0,0.0
2016-09-07 00:00:00-04:00,27.76698316896816,28.10830859618124,27.528051789252284,28.09124183654785,192800,0.0,0.0
2016-09-08 00:00:00-04:00,28.159510969949668,28.227778013561803,27.97177985516809,28.082712173461914,166900,0.0,0.0
2016-09-09 00:00:00-04:00,28.005906907462766,28.116839200130645,27.724313555491747,27.732845306396484,345900,0.0,0.0
2016-09-12 00:00:00-04:00,27.58778524044285,27.79257983211773,27.340322124946976,27.784048080444336,307200,0.0,0.0
2016-09-13 00:00:00-04:00,27.485382545148788,27.53658281664873,26.964859472170417,27.289119720458984,135500,0.0,0.0
2016-09-14 00:00:00-04:00,27.263523911959716,27.51098703265363,27.075792819688278,27.144058227539062,191600,0.0,0.0
2016-09-15 00:00:00-04:00,27.16965723194601,27.78404750453829,27.16965723194601,27.758445739746094,214500,0.0,0.0
2016-09-16 00:00:00-04:00,27.775510553041872,27.83524257478908,27.357386400811396,27.707246780395508,411300,0.0,0.0
2016-09-19 00:00:00-04:00,27.84377670288086,28.142436802199686,27.681644144549825,27.84377670288086,177400,0.0,0.0
2016-09-20 00:00:00-04:00,27.988845028996963,28.17657613313347,27.88644772453688,27.89497947692871,151300,0.0,0.0
2016-09-21 00:00:00-04:00,27.99737695332,28.253371813854507,27.963243437208398,28.244836807250977,355400,0.0,0.0
2016-09-22 00:00:00-04:00,28.330167371477632,28.330167371477632,28.08270429057486,28.29603385925293,382400,0.0,0.0
2016-09-23 00:00:00-04:00,28.19363784790039,28.372833912426838,28.040040291120285,28.19363784790039,233500,0.0,0.0
2016-09-26 00:00:00-04:00,27.963244664446467,27.963244664446467,27.459786672734197,27.613384246826172,232600,0.0,0.0
2016-09-27 00:00:00-04:00,27.493918234685257,27.86937713623047,27.451249713132544,27.86937713623047,338000,0.0,0.0
2016-09-28 00:00:00-04:00,27.903512080508357,28.08270816166318,27.826713294991812,28.065641403198242,236900,0.0,0.0
2016-09-29 00:00:00-04:00,28.116847473570562,28.176579512933145,27.536590586775176,27.56218910217285,193900,0.0,0.0
2016-09-30 00:00:00-04:00,27.656048137371172,28.040042053455714,27.519517328891247,27.920578002929688,306000,0.0,0.0
2016-10-03 00:00:00-04:00,27.707249579495464,27.818178628146192,27.485384971891254,27.57071876525879,134400,0.0,0.0
2016-10-04 00:00:00-04:00,27.621919113434437,28.01444809990596,27.570722086398156,27.792583465576172,148200,0.0,0.0
2016-10-05 00:00:00-04:00,27.894982428173314,28.35577522972227,27.886450674878834,28.25337791442871,367900,0.0,0.0
2016-10-06 00:00:00-04:00,28.27896989353978,28.36430368252177,28.125372328523415,28.15950584411621,201600,0.0,0.0
2016-10-07 00:00:00-04:00,28.116842073035414,28.15950734222062,27.792580167955336,28.099775314331055,172100,0.0,0.0
2016-10-10 00:00:00-04:00,28.27043604638907,28.509364127523288,28.116838492759655,28.16803550720215,313200,0.0,0.0
2016-10-11 00:00:00-04:00,28.116840147244407,28.219237437305743,27.877908796899735,28.074174880981445,216100,0.0,0.0
2016-10-12 00:00:00-04:00,28.00590707669685,28.210704906309637,27.97177356256954,28.031505584716797,182700,0.0,0.0
2016-10-13 00:00:00-04:00,27.749917707950853,27.843783262751348,27.14406073321946,27.22085952758789,252300,0.0,0.0
2016-10-14 00:00:00-04:00,27.519518807158853,28.219239645099304,27.28912244513191,27.408586502075195,121900,0.0,0.0
2016-10-17 00:00:00-04:00,27.39152011716488,27.596317971257506,27.1611253795682,27.178192138671875,176400,0.0,0.0
2016-10-18 00:00:00-04:00,27.510982988134224,27.690179047057185,27.15258761513736,27.34031867980957,207700,0.0,0.0
2016-10-19 00:00:00-04:00,27.510987145059516,27.715781741872927,27.382988080687564,27.630451202392578,167000,0.0,0.0
2016-10-20 00:00:00-04:00,27.50245304641814,27.85231347808564,27.442721015778677,27.519519805908203,184600,0.0,0.0
2016-10-21 00:00:00-04:00,27.280590057373047,27.502453048029594,27.220858026730088,27.280590057373047,139900,0.0,0.0
2016-10-24 00:00:00-04:00,27.510987267726886,27.74991538345835,27.348854684779297,27.451251983642578,195800,0.0,0.0
2016-10-25 00:00:00-04:00,27.37445793539625,27.545119024372983,27.246458863512082,27.365922927856445,96300,0.0,0.0
2016-10-26 00:00:00-04:00,27.152588918276898,27.391517008307773,27.09285689576918,27.289119720458984,239200,0.0,0.0
2016-10-27 00:00:00-04:00,27.724315169186752,28.15950610398174,27.40858502976655,27.920578002929688,442400,0.0,0.0
2016-10-28 00:00:00-04:00,28.048576129734666,28.24483897974535,27.77551449014141,27.98031234741211,213300,0.0,0.0
2016-10-31 00:00:00-04:00,28.125374429816798,28.21923997713423,27.886446313118938,28.17657470703125,332300,0.0,0.0
2016-11-01 00:00:00-04:00,28.321638297844025,28.321638297844025,27.536586883151287,27.835247039794922,170000,0.0,0.0
2016-11-02 00:00:00-04:00,27.715782744026534,27.843781813026705,27.254991629383543,27.263525009155273,180100,0.0,0.0
2016-11-03 00:00:00-04:00,27.391515912043275,27.656045754812638,27.28911862829263,27.382984161376953,149500,0.0,0.0
2016-11-04 00:00:00-04:00,27.425654674392742,27.963246213495008,27.22085844011714,27.60485076904297,302500,0.0,0.0
2016-11-07 00:00:00-05:00,28.235368864781634,28.77952038789936,28.235368864781634,28.667234420776367,307500,0.39,0.0
2016-11-08 00:00:00-05:00,28.52903757465296,28.762245370274844,28.434026625154488,28.667234420776367,308500,0.0,0.0
2016-11-09 00:00:00-05:00,28.95226702163801,30.636543334586115,28.269918658233124,30.48107147216797,399900,0.0,0.0
2016-11-10 00:00:00-05:00,30.982034491784336,31.983962463715226,30.740190831451184,31.819854736328125,352400,0.0,0.0
2016-11-11 00:00:00-05:00,31.75940317965032,32.71814553686914,31.569381222039752,32.700870513916016,502400,0.0,0.0
2016-11-14 00:00:00-05:00,33.0895482762947,33.96191546557519,32.66631847692443,33.07227325439453,432600,0.0,0.0
2016-11-15 00:00:00-05:00,32.76132634676973,33.676882651515456,32.545393535781194,33.51277160644531,338000,0.0,0.0
2016-11-16 00:00:00-05:00,33.28820466304161,33.33139056850943,32.7872389339695,33.02044677734375,355600,0.0,0.0
2016-11-17 00:00:00-05:00,33.08090635119038,33.521411135619246,32.92543446196528,33.40048599243164,288500,0.0,0.0
2016-11-18 00:00:00-05:00,33.51277348950184,33.88417820886091,33.31411568761475,33.80644226074219,423800,0.0,0.0
2016-11-21 00:00:00-05:00,33.910090378689645,33.910090378689645,33.314116950437096,33.58187484741211,193100,0.0,0.0
2016-11-22 00:00:00-05:00,33.68550919280466,34.28148240006178,33.64232330153193,34.23829650878906,224800,0.0,0.0
2016-11-23 00:00:00-05:00,34.419693737128966,34.696087511622515,34.18648916698491,34.540618896484375,262200,0.0,0.0
2016-11-25 00:00:00-05:00,34.557881244453355,34.8083640642485,34.2642125269042,34.52333450317383,66000,0.0,0.0
2016-11-28 00:00:00-05:00,34.33331668726416,34.33331668726416,32.830422884417075,33.97918701171875,225700,0.0,0.0
2016-11-29 00:00:00-05:00,33.996462273679164,34.48014966135359,33.840990386248606,34.1001091003418,174600,0.0,0.0
2016-11-30 00:00:00-05:00,34.462883661840536,34.60971641610217,34.26422254332669,34.39378356933594,318800,0.0,0.0
2016-12-01 00:00:00-05:00,34.713353324353534,35.637545380401505,34.29876277261103,35.46480178833008,452200,0.0,0.0
2016-12-02 00:00:00-05:00,35.309328092543865,35.71527946675381,34.989745215027824,35.68073272705078,400200,0.0,0.0
2016-12-05 00:00:00-05:00,36.01759233626153,36.46673296359329,35.6548235125088,36.440818786621094,297400,0.0,0.0
2016-12-06 00:00:00-05:00,36.64811866868214,36.933148279262205,36.207613868412885,36.89860153198242,355800,0.0,0.0
2016-12-07 00:00:00-05:00,36.864051401758125,37.65004673706097,36.65675444420784,37.56367492675781,301900,0.0,0.0
2016-12-08 00:00:00-05:00,37.7623316709299,38.70379887436394,37.7623316709299,38.49650192260742,388100,0.0,0.0
2016-12-09 00:00:00-05:00,38.53105337847143,38.988829907864115,38.31512055594681,38.5483283996582,411700,0.0,0.0
2016-12-12 00:00:00-05:00,38.5656017186645,39.08383915190063,37.22681564220356,37.35637664794922,474400,0.0,0.0
2016-12-13 00:00:00-05:00,37.44274828186177,37.84006716003493,37.38228735809322,37.667320251464844,315800,0.0,0.0
2016-12-14 00:00:00-05:00,37.382287444262516,38.09054680564655,37.18362965215462,37.51184844970703,298400,0.0,0.0
2016-12-15 00:00:00-05:00,37.624132605668876,38.15100587484197,37.46866072464302,37.65004348754883,457200,0.0,0.0
2016-12-16 00:00:00-05:00,37.76232418231312,38.142364674482394,37.38228039527123,37.67594909667969,1082800,0.0,0.0
2016-12-19 00:00:00-05:00,37.52912963875475,37.72778746351603,37.05407803216267,37.53776550292969,242400,0.0,0.0
2016-12-20 00:00:00-05:00,37.77960830842847,38.677886351490464,37.76233328713663,38.66925048828125,243600,0.0,0.0
2016-12-21 00:00:00-05:00,38.556968853476405,38.87654854629801,38.40149693915805,38.7556266784668,192100,0.0,0.0
2016-12-22 00:00:00-05:00,38.97155181367483,39.10111281492274,38.54832536002813,38.83335494995117,158300,0.0,0.0
2016-12-23 00:00:00-05:00,38.77289313044878,38.867904089848096,38.42740262657396,38.781532287597656,120300,0.0,0.0
2016-12-27 00:00:00-05:00,38.81608683639791,38.988833770506396,38.52241803687559,38.98019790649414,140800,0.0,0.0
2016-12-28 00:00:00-05:00,39.04928222338696,39.04928222338696,38.50513400292999,38.66060256958008,162400,0.0,0.0
2016-12-29 00:00:00-05:00,38.64333790561713,38.997467589354336,38.25465818081452,38.57423782348633,131000,0.0,0.0
2016-12-30 00:00:00-05:00,38.76426150565998,38.80744741150604,38.358306741985544,38.591514587402344,153500,0.0,0.0
2017-01-03 00:00:00-05:00,39.22203664589688,39.45524448303408,38.28056943443482,38.461952209472656,182300,0.0,0.0
2017-01-04 00:00:00-05:00,38.470589377821746,38.91109085083008,38.30647833709711,38.91109085083008,562500,0.0,0.0
2017-01-05 00:00:00-05:00,38.65198000960162,38.77290187798258,37.46002975936656,38.090553283691406,413900,0.0,0.0
2017-01-06 00:00:00-05:00,38.263300905008016,38.695166611147776,38.09055396357734,38.289215087890625,288000,0.0,0.0
2017-01-09 00:00:00-05:00,37.94371559892782,38.099187493757405,37.330467177585206,37.408203125,178900,0.0,0.0
2017-01-10 00:00:00-05:00,36.69994824809756,36.69994824809756,35.77575262857557,36.31990432739258,2210800,0.0,0.0
2017-01-11 00:00:00-05:00,36.423545335115485,37.13180799342417,35.86212199793402,36.769039154052734,1030700,0.0,0.0
2017-01-12 00:00:00-05:00,36.769034484941685,36.83813455790377,35.55117370540398,35.89666748046875,914500,0.0,0.0
2017-01-13 00:00:00-05:00,36.216255364593856,36.59629596819472,36.10396936778336,36.414913177490234,866100,0.0,0.0
2017-01-17 00:00:00-05:00,36.05213932986473,36.293982995352906,35.145218994538425,35.23159408569336,501000,0.0,0.0
2017-01-18 00:00:00-05:00,35.456161789775315,35.73255548437307,35.1711322337282,35.49934768676758,339300,0.0,0.0
2017-01-19 00:00:00-05:00,35.551178196451204,35.654825024114814,34.98975156476624,35.162498474121094,344100,0.0,0.0
2017-01-20 00:00:00-05:00,35.20569111292175,35.58573504518306,35.20569111292175,35.54254913330078,475300,0.0,0.0
2017-01-23 00:00:00-05:00,35.387065630463574,35.602998414061965,34.91201087064888,35.266143798828125,273900,0.0,0.0
2017-01-24 00:00:00-05:00,35.387075813528746,36.0521493737796,34.87747416579751,35.92258834838867,499600,0.0,0.0
2017-01-25 00:00:00-05:00,36.3544504645091,36.51855822497419,35.92258481551036,35.96577072143555,403600,0.0,0.0
2017-01-26 00:00:00-05:00,37.72778162398791,37.72778162398791,35.283420581598776,35.79302215576172,507200,0.0,0.0
2017-01-27 00:00:00-05:00,35.55981221512085,35.77574501689799,35.17977167014738,35.30069351196289,364400,0.0,0.0
2017-01-30 00:00:00-05:00,34.981115018908845,35.06748682446305,34.42832755566629,34.72199630737305,500900,0.0,0.0
2017-01-31 00:00:00-05:00,34.678811235011295,34.963840836064016,34.15193464184383,34.34195327758789,524400,0.0,0.0
2017-02-01 00:00:00-05:00,34.79109777380153,34.920658794437784,33.90145553637843,33.910091400146484,658400,0.0,0.0
2017-02-02 00:00:00-05:00,33.694148433055325,33.97054541364591,33.29683292169485,33.6077766418457,423900,0.0,0.0
2017-02-03 00:00:00-05:00,34.143297169151154,34.55788779697113,33.97918940862036,34.43696594238281,391900,0.0,0.0
2017-02-06 00:00:00-05:00,34.263256367134545,34.55855452094162,33.99401286087809,34.185089111328125,395200,0.22,0.0
2017-02-07 00:00:00-05:00,34.28931902188688,34.515137063906884,33.915853525062154,34.05481719970703,378200,0.0,0.0
2017-02-08 00:00:00-05:00,33.78558256333833,33.78558256333833,33.11681873251236,33.41211700439453,326400,0.0,0.0
2017-02-09 00:00:00-05:00,33.620549278339034,34.46301826857417,33.472901849989036,34.04612731933594,275800,0.0,0.0
2017-02-10 00:00:00-05:00,34.28931771532319,34.28931771532319,33.84637205463176,34.08955764770508,349200,0.0,0.0
2017-02-13 00:00:00-05:00,34.40222711986507,35.001507329475416,34.31537275482028,34.61935806274414,278400,0.0,0.0
2017-02-14 00:00:00-05:00,34.497764406580856,35.296804666182325,33.99401904131936,35.13178634643555,372000,0.0,0.0
2017-02-15 00:00:00-05:00,35.25337385581922,35.574726667421906,34.96675947100666,35.47050476074219,323300,0.0,0.0
2017-02-16 00:00:00-05:00,35.39234293524846,35.70501201643769,35.26206304703455,35.68764114379883,430200,0.0,0.0
2017-02-17 00:00:00-05:00,35.57473270676638,35.713696376982064,35.15784169611935,35.58341979980469,666800,0.0,0.0
2017-02-21 00:00:00-05:00,35.661588733319235,36.035054235645184,35.43577068797288,35.74843978881836,328100,0.0,0.0
2017-02-22 00:00:00-05:00,35.58342493549836,35.90477784803581,35.36629396237602,35.82661056518555,242200,0.0,0.0
2017-02-23 00:00:00-05:00,35.94820108718239,35.94820108718239,35.18389918285684,35.81792449951172,315300,0.0,0.0
2017-02-24 00:00:00-05:00,35.27942876901882,35.583414026085585,35.22731947186515,35.44445037841797,238700,0.0,0.0
2017-02-27 00:00:00-05:00,35.37497777221595,35.63553427754302,35.131792142331435,35.4965705871582,284300,0.0,0.0
2017-02-28 00:00:00-05:00,35.22732121150992,35.33154312411879,34.4977611969381,34.645408630371094,408000,0.0,0.0
2017-03-01 00:00:00-05:00,35.60078662202559,35.835285096894395,34.593299299306224,35.55735778808594,358900,0.0,0.0
2017-03-02 00:00:00-05:00,35.53130736020519,35.67027103112159,34.57593253679938,34.61935806274414,302900,0.0,0.0
2017-03-03 00:00:00-05:00,34.65410169633855,34.897287305399516,34.480396269942666,34.8104362487793,180500,0.0,0.0
2017-03-06 00:00:00-05:00,34.44564948819448,34.59330023865792,33.98533299169751,34.41090774536133,240300,0.0,0.0
2017-03-07 00:00:00-05:00,34.39353454964486,34.532498198431426,33.96795982474119,34.02006912231445,198700,0.0,0.0
2017-03-08 00:00:00-05:00,34.39353080075787,34.480385142504076,33.72477059166111,33.76819610595703,248000,0.0,0.0
2017-03-09 00:00:00-05:00,33.82899607458586,34.141665111707404,33.47290151856516,33.74214172363281,176200,0.0,0.0
2017-03-10 00:00:00-05:00,34.06350266255879,34.06350266255879,33.342626357049255,33.837684631347656,363800,0.0,0.0
2017-03-13 00:00:00-04:00,33.79426006714732,34.49776552001521,33.49896185012126,34.26326370239258,458200,0.0,0.0
2017-03-14 00:00:00-04:00,33.950594961291436,34.298005801301734,33.65529674122928,34.13298416137695,258100,0.0,0.0
2017-03-15 00:00:00-04:00,34.21115459257278,34.58462012045213,33.7334671283323,34.01139450073242,335700,0.0,0.0
2017-03-16 00:00:00-04:00,35.20126324849155,35.20126324849155,34.29800115062324,34.645408630371094,651000,0.0,0.0
2017-03-17 00:00:00-04:00,34.61067045145828,35.20126687229915,34.159041012608405,35.00150680541992,3072900,0.0,0.0
2017-03-20 00:00:00-04:00,34.767003214748655,34.767003214748655,34.12429752169007,34.228519439697266,385600,0.0,0.0
2017-03-21 00:00:00-04:00,34.3066836068203,34.46301812628351,32.43935646498464,32.474098205566406,597500,0.0,0.0
2017-03-22 00:00:00-04:00,32.187486244674794,32.49146818353001,31.596889923623543,31.98772621154785,387200,0.0,0.0
2017-03-23 00:00:00-04:00,31.900870231363175,32.63911725150744,31.822702977775066,32.4914665222168,310800,0.0,0.0
2017-03-24 00:00:00-04:00,32.587017668488535,32.92574146502686,32.40462844160725,32.76072311401367,426600,0.0,0.0
2017-03-27 00:00:00-04:00,32.10063378394468,32.98652831763484,31.71848456502445,32.89967727661133,462100,0.0,0.0
2017-03-28 00:00:00-04:00,32.795447823362615,33.44684048652106,32.57831693564313,33.281822204589844,238800,0.0,0.0
2017-03-29 00:00:00-04:00,33.28182942167046,33.83768408466331,32.89099307639264,33.13418197631836,291500,0.0,0.0
2017-03-30 00:00:00-04:00,33.18629183982985,34.22852100709278,33.18629183982985,34.167724609375,438700,0.0,0.0
2017-03-31 00:00:00-04:00,34.11561220053452,34.13298307329682,33.73346293922947,33.86374282836914,426100,0.0,0.0
2017-04-03 00:00:00-04:00,33.91585437986594,33.95059612769161,32.995221254573586,33.264461517333984,348600,0.0,0.0
2017-04-04 00:00:00-04:00,33.151551550897466,33.50764948625273,32.934420602893724,33.168922424316406,295400,0.0,0.0
2017-04-05 00:00:00-04:00,33.52501100950427,33.733458139840124,32.456727335275524,32.474098205566406,266000,0.0,0.0
2017-04-06 00:00:00-04:00,32.49146481997989,33.03863556643024,32.2135375580394,32.908355712890625,270100,0.0,0.0
2017-04-07 00:00:00-04:00,32.63044320158087,32.91705768367071,32.3959413470953,32.76072311401367,254400,0.0,0.0
2017-04-10 00:00:00-04:00,32.734659474952316,33.21235019571339,32.30039759291878,32.51752853393555,263200,0.0,0.0
2017-04-11 00:00:00-04:00,32.317766084979006,33.099438740316856,32.12669312390585,33.09075164794922,402800,0.0,0.0
2017-04-12 00:00:00-04:00,32.95178490970318,33.299195682539526,32.569635710106944,32.68254470825195,345500,0.0,0.0
2017-04-13 00:00:00-04:00,32.500155603651194,32.74334449514045,32.03983909804568,32.152748107910156,337800,0.0,0.0
2017-04-17 00:00:00-04:00,32.30039164125195,32.80413692190531,32.005093483354536,32.786766052246094,308000,0.0,0.0
2017-04-18 00:00:00-04:00,32.48278664677582,32.99521574560397,32.10932120289319,32.7693977355957,290500,0.0,0.0
2017-04-19 00:00:00-04:00,32.94310863283508,33.39474141510255,32.94310863283508,33.264461517333984,327800,0.0,0.0
2017-04-20 00:00:00-04:00,33.49027526879553,33.98533351575957,33.377366259424164,33.976646423339844,396300,0.0,0.0
2017-04-21 00:00:00-04:00,33.92453738986032,34.15903918972319,33.72477733364121,33.950592041015625,321600,0.0,0.0
2017-04-24 00:00:00-04:00,34.87991588711178,35.17521411342975,34.66278493579431,34.862545013427734,297200,0.0,0.0
2017-04-25 00:00:00-04:00,35.244693173543624,35.47050787671255,34.93202411288283,34.96676254272461,253500,0.0,0.0
2017-04-26 00:00:00-04:00,34.949394764255736,35.739751190101444,34.932023892866766,35.32285690307617,302600,0.0,0.0
2017-04-27 00:00:00-04:00,34.306684009533136,35.366283917632046,34.306684009533136,34.93202209472656,298800,0.0,0.0
2017-04-28 00:00:00-04:00,35.27943437544402,35.3228599010246,34.24589228874313,34.315372467041016,398700,0.0,0.0
2017-05-01 00:00:00-04:00,34.57593383449333,34.75832303819986,34.14167193243659,34.584617614746094,242300,0.0,0.0
2017-05-02 00:00:00-04:00,34.69752215400243,34.87122755501325,34.2024639146723,34.41090774536133,187900,0.0,0.0
2017-05-03 00:00:00-04:00,34.12429326882134,34.68014784645763,34.10692239912588,34.61066436767578,274200,0.0,0.0
2017-05-04 00:00:00-04:00,34.90596512444453,35.288117659881294,34.66277955691558,34.97544860839844,232300,0.0,0.0
2017-05-05 00:00:00-04:00,35.14047209247656,35.14047209247656,34.34143178816377,34.88859939575195,300300,0.0,0.0
2017-05-08 00:00:00-04:00,34.914789825365204,35.32524490356445,34.67899669521241,35.32524490356445,389400,0.22,0.0
2017-05-09 00:00:00-04:00,35.368919856436456,35.61344465606241,34.740137992940525,35.0108642578125,395500,0.0,0.0
2017-05-10 00:00:00-04:00,34.80126486261298,35.04579296321346,34.61787128571272,34.92353057861328,267200,0.0,0.0
2017-05-11 00:00:00-04:00,34.71393311603062,34.84493042261333,33.84935822166447,34.29474639892578,302600,0.0,0.0
2017-05-12 00:00:00-04:00,34.01529649835917,34.251089706205846,33.66597248716394,34.08515930175781,332300,0.0,0.0
2017-05-15 00:00:00-04:00,34.12009390098786,34.51308259837565,34.11136229944627,34.259822845458984,233400,0.0,0.0
2017-05-16 00:00:00-04:00,34.189950436720245,34.46067331668792,33.90175769577415,34.443206787109375,198400,0.0,0.0
2017-05-17 00:00:00-04:00,33.58737614193026,33.8406358939632,32.513209260419,32.783935546875,625600,0.0,0.0
2017-05-18 00:00:00-04:00,32.61800497974717,33.220588754561,32.61800497974717,32.932395935058594,425300,0.0,0.0
2017-05-19 00:00:00-04:00,32.897457122802734,33.369043473435475,32.845060860332566,32.897457122802734,418300,0.0,0.0
2017-05-22 00:00:00-04:00,33.019717711482315,33.325373633068494,32.766458044225374,33.30790710449219,230500,0.0,0.0
2017-05-23 00:00:00-04:00,33.34284283335286,34.18995121448298,32.96732076737147,33.9454231262207,262700,0.0,0.0
2017-05-24 00:00:00-04:00,34.07642375178948,34.12882334681683,33.272979951704805,33.56990432739258,209500,0.0,0.0
2017-05-25 00:00:00-04:00,33.67470545567562,33.98909304973423,33.238052132849226,33.60483932495117,197200,0.0,0.0
2017-05-26 00:00:00-04:00,33.54370958120252,33.552441182221564,33.17692237319144,33.264251708984375,278300,0.0,0.0
2017-05-30 00:00:00-04:00,33.05464760641194,33.09831559377606,32.27740540348649,32.434600830078125,301500,0.0,0.0
2017-05-31 00:00:00-04:00,32.48699596706318,32.644191372127295,31.526357010404766,32.05907440185547,340500,0.0,0.0
2017-06-01 00:00:00-04:00,32.22501131919735,32.76646041870117,31.788358067345897,32.76646041870117,230500,0.0,0.0
2017-06-02 00:00:00-04:00,32.37347588518979,33.48257568373477,32.268680024396666,32.845062255859375,327000,0.0,0.0
2017-06-05 00:00:00-04:00,32.84506481728516,33.255520023551455,32.609271613562015,32.749000549316406,318400,0.0,0.0
2017-06-06 00:00:00-04:00,32.37347116988948,33.04591756388539,32.2861418538484,32.82759094238281,389200,0.0,0.0
2017-06-07 00:00:00-04:00,32.9149223670206,33.578637204491265,32.79265998417076,33.377777099609375,323800,0.0,0.0
2017-06-08 00:00:00-04:00,33.49130293466184,35.307782053311925,33.290442839476476,34.591670989990234,322600,0.0,0.0
2017-06-09 00:00:00-04:00,34.87986254901377,36.12869118708548,34.87113094929444,35.80556869506836,378500,0.0,0.0
2017-06-12 00:00:00-04:00,35.78809839817645,36.233486559195946,35.150585080948346,35.58723831176758,413900,0.0,0.0
2017-06-13 00:00:00-04:00,35.84923367078854,36.02389564930764,35.29904960444344,35.59597396850586,384200,0.0,0.0
2017-06-14 00:00:00-04:00,35.246653342867816,35.6047088997019,34.53927382899554,35.59597396850586,297500,0.0,0.0
2017-06-15 00:00:00-04:00,35.010864208443564,36.00643326997458,35.010864208443564,35.67457580566406,207200,0.0,0.0
2017-06-16 00:00:00-04:00,35.40384869082825,35.50864454508493,34.87986275674457,35.15058898925781,1384000,0.0,0.0
2017-06-19 00:00:00-04:00,35.351446598290714,35.49991043510656,34.94099147865856,35.028324127197266,242800,0.0,0.0
2017-06-20 00:00:00-04:00,35.019591514392005,35.15058883017008,34.59167316813053,34.635337829589844,217200,0.0,0.0
2017-06-21 00:00:00-04:00,34.69647694619041,34.69647694619041,34.111363019921974,34.268558502197266,210500,0.0,0.0
2017-06-22 00:00:00-04:00,34.20741514452471,34.46067483749046,33.91922572226026,33.954158782958984,318200,0.0,0.0
2017-06-23 00:00:00-04:00,34.17248890678869,34.20741863965633,33.71836906550575,33.80569839477539,488500,0.0,0.0
2017-06-26 00:00:00-04:00,33.82316492690939,34.27728476819234,33.43891121416245,33.80569839477539,305000,0.0,0.0
2017-06-27 00:00:00-04:00,33.9803597627125,34.224884545311824,33.82316430778428,33.93669509887695,239500,0.0,0.0
2017-06-28 00:00:00-04:00,34.12881894593097,34.600401914765754,34.12881894593097,34.36460876464844,487200,0.0,0.0
2017-06-29 00:00:00-04:00,35.05452594067273,35.299050719483525,34.68773877245655,35.176788330078125,324100,0.0,0.0
2017-06-30 00:00:00-04:00,35.28159086575805,35.53484726866162,34.60914432884735,34.80126953125,259500,0.0,0.0
2017-07-03 00:00:00-04:00,34.88859541056453,35.866697759714945,34.87986047996323,35.543575286865234,172500,0.0,0.0
2017-07-05 00:00:00-04:00,35.59597509292531,35.61344162446897,35.037059409129064,35.176788330078125,252200,0.0,0.0
2017-07-06 00:00:00-04:00,35.08072074401105,35.22045298310329,34.49560698411201,34.60040283203125,259900,0.0,0.0
2017-07-07 00:00:00-04:00,34.792528081271705,35.16805011027481,34.49560376372041,34.975921630859375,275600,0.0,0.0
2017-07-10 00:00:00-04:00,34.87113391824901,35.08946057522207,34.5305448663951,34.687740325927734,181100,0.0,0.0
2017-07-11 00:00:00-04:00,34.68773366633995,34.914791880183564,34.05022035014082,34.7052001953125,233500,0.0,0.0
2017-07-12 00:00:00-04:00,34.644071605267854,35.05452677784583,34.49561108070155,34.67900466918945,175700,0.0,0.0
2017-07-13 00:00:00-04:00,34.687736388596015,34.93226115060222,34.513074416563,34.83619689941406,166800,0.0,0.0
2017-07-14 00:00:00-04:00,34.45194026064791,34.71393153044681,34.23361364724887,34.40827560424805,263800,0.0,0.0
2017-07-17 00:00:00-04:00,34.39954182349541,34.609136845177424,34.0502212292252,34.36460876464844,197100,0.0,0.0
2017-07-18 00:00:00-04:00,34.19868590157386,34.408280948808745,33.901761527974585,34.224884033203125,145200,0.0,0.0
2017-07-19 00:00:00-04:00,34.26855020500089,34.70520347639723,34.189952482893545,34.329681396484375,213200,0.0,0.0
2017-07-20 00:00:00-04:00,34.34715077654812,34.617873695176975,34.15502225514672,34.312217712402344,151800,0.0,0.0
2017-07-21 00:00:00-04:00,34.61787168581125,34.67900287881787,34.06768761735154,34.20741653442383,238800,0.0,0.0
2017-07-24 00:00:00-04:00,34.21615749571781,34.46941724360697,34.076428554020474,34.320953369140625,170100,0.0,0.0
2017-07-25 00:00:00-04:00,34.79253433668331,35.13312337040969,34.42574384016243,35.09819030761719,371000,0.0,0.0
2017-07-26 00:00:00-04:00,35.09818991635372,35.09818991635372,34.43447838769605,34.5742073059082,296700,0.0,0.0
2017-07-27 00:00:00-04:00,35.08946036674615,35.22918929312272,34.09389134988801,34.39081573486328,266900,0.0,0.0
2017-07-28 00:00:00-04:00,34.06769122158822,34.24235321925722,33.36904656231273,33.534976959228516,280300,0.0,0.0
2017-07-31 00:00:00-04:00,34.44320613763045,34.92352736348341,33.91922358575425,34.79253005981445,407400,0.0,0.0
2017-08-01 00:00:00-04:00,35.02832967268194,35.08072593870033,34.49561209215871,34.76633834838867,208400,0.0,0.0
2017-08-02 00:00:00-04:00,34.77506681592213,34.77506681592213,34.18995302209538,34.41701126098633,138900,0.0,0.0
2017-08-03 00:00:00-04:00,34.36461058626897,34.44320830714109,33.77949681086536,33.954158782958984,149000,0.0,0.0
2017-08-04 00:00:00-04:00,34.31221486586051,34.5742061624183,34.03275703867886,34.329681396484375,175900,0.0,0.0
2017-08-07 00:00:00-04:00,34.46141866094444,34.46141866094444,33.99595891319317,34.24186325073242,142200,0.22,0.0
2017-08-08 00:00:00-04:00,34.110125672406056,34.99712797778893,34.07499600581778,34.215511322021484,373700,0.0,0.0
2017-08-09 00:00:00-04:00,33.88178937446904,33.92569978241531,33.58319391022524,33.68857955932617,229900,0.0,0.0
2017-08-10 00:00:00-04:00,33.46901908798838,33.49536465872633,32.784007447610605,32.81913375854492,305900,0.0,0.0
2017-08-11 00:00:00-04:00,32.994784661782035,33.29338013451918,32.38002888259974,32.687408447265625,270500,0.0,0.0
2017-08-14 00:00:00-04:00,33.02112828937769,33.583192884429685,33.02112828937769,33.56562805175781,208100,0.0,0.0
2017-08-15 00:00:00-04:00,33.81152279945651,33.916908425984616,33.15285677089567,33.1704216003418,147200,0.0,0.0
2017-08-16 00:00:00-04:00,33.302162879778336,33.56563205109942,33.029916316299406,33.23190689086914,184500,0.0,0.0
2017-08-17 00:00:00-04:00,32.977217300321826,33.539278535297285,32.09021504202916,32.142906188964844,222100,0.0,0.0
2017-08-18 00:00:00-04:00,31.817966876287134,32.25707765848842,31.61597631849247,32.19560241699219,584200,0.0,0.0
2017-08-21 00:00:00-04:00,32.18682701924571,32.18682701924571,31.61598156754942,32.099002838134766,225900,0.0,0.0
2017-08-22 00:00:00-04:00,32.28342147643033,32.538106520282355,32.16925509137878,32.44150161743164,120400,0.0,0.0
2017-08-23 00:00:00-04:00,32.12534456926909,32.748881039767184,32.12534456926909,32.47663116455078,108100,0.0,0.0
2017-08-24 00:00:00-04:00,32.70497377959156,32.70497377959156,32.25707888858253,32.46785354614258,167500,0.0,0.0
2017-08-25 00:00:00-04:00,32.55567988420593,32.71376006663389,32.300994773610874,32.59959030151367,313500,0.0,0.0
2017-08-28 00:00:00-04:00,32.68740580183916,33.08260280276241,32.26585987741161,32.47663116455078,337700,0.0,0.0
2017-08-29 00:00:00-04:00,32.06386551318726,32.73131572973401,31.967263962245504,32.69618606567383,236600,0.0,0.0
2017-08-30 00:00:00-04:00,32.70497085688566,32.88061248064823,32.40637540628037,32.62593078613281,235600,0.0,0.0
2017-08-31 00:00:00-04:00,32.74887882423549,32.9772149282137,32.58201460387739,32.643489837646484,210700,0.0,0.0
2017-09-01 00:00:00-04:00,32.7752309172148,33.16164722781419,32.7752309172148,33.11773681640625,161800,0.0,0.0
2017-09-05 00:00:00-04:00,32.92452864455332,32.959654961785134,32.01995813530731,32.12534713745117,435600,0.0,0.0
2017-09-06 00:00:00-04:00,32.300986551713336,32.67862207470671,32.15169050083882,32.292205810546875,258800,0.0,0.0
2017-09-07 00:00:00-04:00,32.19560528482138,32.20438602718182,31.326164384551504,31.49302864074707,195100,0.0,0.0
2017-09-08 00:00:00-04:00,31.44911158949995,32.1604688257618,31.44911158949995,31.932132720947266,160600,0.0,0.0
2017-09-11 00:00:00-04:00,32.35368264838695,32.93330874835197,32.27464257338493,32.459068298339844,452200,0.0,0.0
2017-09-12 00:00:00-04:00,32.63470602775519,33.39875768284414,32.63470602775519,33.1704216003418,356200,0.0,0.0
2017-09-13 00:00:00-04:00,33.012352100223296,33.56563268015713,32.85427193452791,33.539283752441406,350200,0.0,0.0
2017-09-14 00:00:00-04:00,33.67979060385996,33.71492026520357,33.10894868269643,33.26702880859375,178700,0.0,0.0
2017-09-15 00:00:00-04:00,33.293375072736744,33.54806009755739,33.144079034141235,33.27581024169922,892200,0.0,0.0
2017-09-18 00:00:00-04:00,33.38120113456829,33.89935200625104,33.328509983307015,33.77640151977539,118700,0.0,0.0
2017-09-19 00:00:00-04:00,33.67979383341911,34.07499418605823,33.60953785414395,33.899349212646484,179600,0.0,0.0
2017-09-20 00:00:00-04:00,33.90813427223263,34.82148547993739,33.57440914823487,34.61949157714844,243100,0.0,0.0
2017-09-21 00:00:00-04:00,34.61070840206426,35.01468947893669,34.575578738819075,34.85660934448242,422700,0.0,0.0
2017-09-22 00:00:00-04:00,34.79513719126764,35.21668313710607,34.70731637552399,35.146427154541016,267000,0.0,0.0
2017-09-25 00:00:00-04:00,35.06739062203849,35.54163111530994,34.953220869921346,35.29572677612305,209100,0.0,0.0
2017-09-26 00:00:00-04:00,35.480147507357394,35.71726434796818,35.146422422197546,35.585533142089844,246400,0.0,0.0
2017-09-27 00:00:00-04:00,36.10368801009799,37.07851445456806,35.831438126910626,36.97312545776367,393100,0.0,0.0
2017-09-28 00:00:00-04:00,36.964352129811985,37.33320364215432,36.50767643585246,37.30685806274414,275500,0.0,0.0
2017-09-29 00:00:00-04:00,37.19268200546683,37.6932680304171,36.94678103886653,36.981910705566406,477600,0.0,0.0
2017-10-02 00:00:00-04:00,36.97312198927415,37.39467123664707,36.086119792018394,37.385887145996094,313200,0.0,0.0
2017-10-03 00:00:00-04:00,37.32441587163665,37.500060851650694,36.621839301729835,37.05216598510742,229200,0.0,0.0
2017-10-04 00:00:00-04:00,37.09608311190146,37.09608311190146,36.32324713973798,36.411067962646484,160400,0.0,0.0
2017-10-05 00:00:00-04:00,36.53401631799681,37.008256774324764,36.28811534811541,36.76235580444336,294000,0.0,0.0
2017-10-06 00:00:00-04:00,36.95556595567088,37.07851644171597,36.69209679968913,36.87652587890625,170600,0.0,0.0
2017-10-09 00:00:00-04:00,36.88530060571083,37.02581590258377,36.58670518108721,36.74478530883789,196500,0.0,0.0
2017-10-10 00:00:00-04:00,36.91163868564414,37.043373215416835,36.66573780355992,37.008243560791016,231000,0.0,0.0
2017-10-11 00:00:00-04:00,36.981908857130215,37.3771092123773,36.771134217615355,36.9643440246582,215900,0.0,0.0
2017-10-12 00:00:00-04:00,36.96434975461394,37.017044260198304,36.551584502910856,36.683319091796875,183900,0.0,0.0
2017-10-13 00:00:00-04:00,36.51644989778488,36.70965634079315,36.16515997388965,36.45497131347656,250300,0.0,0.0
2017-10-16 00:00:00-04:00,36.40228786533878,36.78870418319166,36.30568294833813,36.639408111572266,230300,0.0,0.0
2017-10-17 00:00:00-04:00,36.648190631376465,36.91165646769728,36.235425366045604,36.4725456237793,389200,0.0,0.0
2017-10-18 00:00:00-04:00,36.55157954974436,36.7974838589987,36.43741316167377,36.674530029296875,327300,0.0,0.0
2017-10-19 00:00:00-04:00,36.33202838526814,36.911654534882764,36.22664272628813,36.75357437133789,263300,0.0,0.0
2017-10-20 00:00:00-04:00,37.30685806274414,37.50006791215201,36.37594183850164,37.30685806274414,349100,0.0,0.0
2017-10-23 00:00:00-04:00,37.29807278253562,37.29807278253562,36.7623570653627,36.81504821777344,300600,0.0,0.0
2017-10-24 00:00:00-04:00,37.04338177541948,37.28928271432661,36.87652090261094,37.16633224487305,128400,0.0,0.0
2017-10-25 00:00:00-04:00,37.32441459610162,37.32441459610162,36.60427321778877,36.999473571777344,154900,0.0,0.0
2017-10-26 00:00:00-04:00,37.2014706010447,38.1938620294897,36.76235976458317,38.03578186035156,403600,0.0,0.0
2017-10-27 00:00:00-04:00,38.21141695738516,39.599008570552,38.07968573914288,38.720787048339844,568200,0.0,0.0
2017-10-30 00:00:00-04:00,38.49131228020168,39.31215455642735,37.41450770989483,37.961734771728516,468100,0.22,0.0
2017-10-31 00:00:00-04:00,38.12943760879668,38.897321159888605,37.92643406618389,38.40304946899414,518100,0.0,0.0
2017-11-01 00:00:00-04:00,38.83552944776123,38.99440233758533,38.08529897566392,38.976749420166016,3264400,0.0,0.0
2017-11-02 00:00:00-04:00,39.07384085935491,39.656373697356194,38.394218653861756,39.58576202392578,485600,0.0,0.0
2017-11-03 00:00:00-04:00,39.4357120148965,39.47101784690846,38.80904864795691,39.02970504760742,670300,0.0,0.0
2017-11-06 00:00:00-05:00,38.82670467252644,39.54162930978513,38.82670467252644,38.976749420166016,354200,0.0,0.0
2017-11-07 00:00:00-05:00,39.02970684999686,39.02970684999686,37.846988358574244,38.10294723510742,443400,0.0,0.0
2017-11-08 00:00:00-05:00,37.88229769731512,38.28830812395562,37.30859294782674,38.27947998046875,414900,0.0,0.0
2017-11-09 00:00:00-05:00,37.89995245210068,38.27948183360406,37.079110149495726,37.555728912353516,472400,0.0,0.0
2017-11-10 00:00:00-05:00,37.60868281757078,37.97055923145725,37.29093701670462,37.308589935302734,403100,0.0,0.0
2017-11-13 00:00:00-05:00,36.964364617807526,37.79403154931969,36.53187655084866,37.7763786315918,382100,0.0,0.0
2017-11-14 00:00:00-05:00,37.714596593857046,38.08530114689694,37.714596593857046,37.908775329589844,396000,0.0,0.0
2017-11-15 00:00:00-05:00,37.51158998944464,38.252995667443415,37.39684771261338,37.846988677978516,464800,0.0,0.0
2017-11-16 00:00:00-05:00,38.09412383936762,38.48247792264523,37.72342267355031,38.208866119384766,273100,0.0,0.0
2017-11-17 00:00:00-05:00,37.94408615673293,38.59722738963345,37.696948633220245,38.553096771240234,385200,0.0,0.0
2017-11-20 00:00:00-05:00,38.55309317041247,38.85318606118843,38.244175503562225,38.835533142089844,247000,0.0,0.0
2017-11-21 00:00:00-05:00,39.00322896192294,39.303321838378906,38.623699636788935,39.303321838378906,422800,0.0,0.0
2017-11-22 00:00:00-05:00,39.30332207412523,39.70933246255381,38.75609507269962,38.79140090942383,237400,0.0,0.0
2017-11-24 00:00:00-05:00,38.791400923157056,38.92379276049485,38.244173921537715,38.56191635131836,177500,0.0,0.0
2017-11-27 00:00:00-05:00,38.411863049716025,38.91495932696025,38.40303490902099,38.45599365234375,314900,0.0,0.0
2017-11-28 00:00:00-05:00,38.62369244435369,39.89467538652225,38.03233494416636,39.81523895263672,371200,0.0,0.0
2017-11-29 00:00:00-05:00,40.185948298274866,41.8011549958413,39.762288353081196,41.430450439453125,368500,0.0,0.0
2017-11-30 00:00:00-05:00,41.79232320072338,41.79232320072338,40.31833998065372,40.68904113769531,431400,0.0,0.0
2017-12-01 00:00:00-05:00,40.79495702306717,40.96265467789897,39.06500825792286,40.874393463134766,329600,0.0,0.0
2017-12-04 00:00:00-05:00,41.606981663565556,42.418999189222674,41.112713346770285,41.704071044921875,498800,0.0,0.0
2017-12-05 00:00:00-05:00,41.83646145771349,42.29542387998073,40.424258252364304,40.43308639526367,445200,0.0,0.0
2017-12-06 00:00:00-05:00,40.212425231933594,40.83908862610626,40.06237712283684,40.212425231933594,157100,0.0,0.0
2017-12-07 00:00:00-05:00,40.07121159349246,40.53900217753884,39.82407408658575,40.36247634887695,247700,0.0,0.0
2017-12-08 00:00:00-05:00,40.67140005363618,40.67140005363618,39.70050961590411,39.718162536621094,294100,0.0,0.0
2017-12-11 00:00:00-05:00,39.70933279740778,39.93881400415045,39.197408261439605,39.329803466796875,234700,0.0,0.0
2017-12-12 00:00:00-05:00,39.52397512550399,39.7622844526016,38.923789420283995,39.35627746582031,247900,0.0,0.0
2017-12-13 00:00:00-05:00,39.400399262352366,39.70049204784488,38.80904183129443,38.8796501159668,267900,0.0,0.0
2017-12-14 00:00:00-05:00,39.0914873153454,39.23270727191069,38.06764178850966,38.297122955322266,447000,0.0,0.0
2017-12-15 00:00:00-05:00,38.39420951044945,39.850542942108206,38.24416479056717,39.28565979003906,1610800,0.0,0.0
2017-12-18 00:00:00-05:00,39.726983593802444,41.0597503640677,39.55046113706139,39.97412109375,319700,0.0,0.0
2017-12-19 00:00:00-05:00,40.12416272535995,40.25655792453789,39.52397699179959,39.6828498840332,253500,0.0,0.0
2017-12-20 00:00:00-05:00,40.009421921600755,40.009421921600755,38.93261756218554,39.35627746582031,130600,0.0,0.0
2017-12-21 00:00:00-05:00,39.56811636635541,40.07121280473138,39.426893005597016,39.84172821044922,139500,0.0,0.0
2017-12-22 00:00:00-05:00,39.84173117027833,39.99177931875604,39.24154531026847,39.50633239746094,170300,0.0,0.0
2017-12-26 00:00:00-05:00,39.35627908800845,39.71815548104666,38.91496624933015,39.40040969848633,216000,0.0,0.0
2017-12-27 00:00:00-05:00,39.4357158748177,39.4357158748177,37.6351586693652,38.80022430419922,162600,0.0,0.0
2017-12-28 00:00:00-05:00,38.82669993120426,38.97674466052112,38.60604354083289,38.87083053588867,132500,0.0,0.0
2017-12-29 00:00:00-05:00,38.994403498852094,39.08266472162739,38.332434227187946,38.34125900268555,192100,0.0,0.0
2018-01-02 00:00:00-05:00,38.482478979295905,38.641351873851285,37.99703552013216,38.34125900268555,208000,0.0,0.0
2018-01-03 00:00:00-05:00,38.270650813378936,38.756094274008035,38.00586377730396,38.482479095458984,241100,0.0,0.0
2018-01-04 00:00:00-05:00,38.61486941008572,39.02970451317216,38.385388239049234,38.46482467651367,423000,0.0,0.0
2018-01-05 00:00:00-05:00,38.7296093482299,39.02970216426303,38.508952964880514,39.0208740234375,361300,0.0,0.0
2018-01-08 00:00:00-05:00,38.87083678962818,39.01205676750808,38.6060497519721,38.76491928100586,228800,0.0,0.0
2018-01-09 00:00:00-05:00,39.003226666613855,39.753460497078045,38.81787608625611,39.32097244262695,310000,0.0,0.0
2018-01-10 00:00:00-05:00,39.312149968774975,40.28303690391638,39.30332182617466,39.532806396484375,182800,0.0,0.0
2018-01-11 00:00:00-05:00,39.69167985464574,40.35364914712776,39.594590486369725,40.23890686035156,182200,0.0,0.0
2018-01-12 00:00:00-05:00,40.424256175595524,40.90087485917554,40.25655850557285,40.61843490600586,219600,0.0,0.0
2018-01-16 00:00:00-05:00,40.94500428866254,41.227444233679485,40.15064320590854,40.230079650878906,187200,0.0,0.0
2018-01-17 00:00:00-05:00,40.397768699780045,40.60959692988788,39.8064078762519,40.547813415527344,180300,0.0,0.0
2018-01-18 00:00:00-05:00,40.37129633386688,40.67138917186403,39.77993543239479,39.79758834838867,243700,0.0,0.0
2018-01-19 00:00:00-05:00,39.700507588563305,40.3448240105541,39.700507588563305,40.27421569824219,199300,0.0,0.0
2018-01-22 00:00:00-05:00,40.13298834782295,40.335991838053175,39.806414441542124,40.32716369628906,140700,0.0,0.0
2018-01-23 00:00:00-05:00,40.05355408276182,40.477214002817924,39.682849548369134,40.39777755737305,181600,0.0,0.0
2018-01-24 00:00:00-05:00,40.574309105784714,40.60078680236218,39.85938099564103,39.92999267578125,166700,0.0,0.0
2018-01-25 00:00:00-05:00,40.000597314075264,40.000597314075264,37.997036527993856,38.932621002197266,375700,0.0,0.0
2018-01-26 00:00:00-05:00,39.365104086320585,39.56811095617839,38.45600071091731,38.54426193237305,483800,0.0,0.0
2018-01-29 00:00:00-05:00,38.447180495206204,38.79140401343657,37.78521115493238,37.80286407470703,356200,0.0,0.0
2018-01-30 00:00:00-05:00,37.52041326121938,38.26181890951413,37.29975685835725,37.599849700927734,214600,0.0,0.0
2018-01-31 00:00:00-05:00,37.83816744478465,38.38539786992817,37.64399205655816,38.023521423339844,331900,0.0,0.0
2018-02-01 00:00:00-05:00,37.838162739794925,38.500132013457296,37.32624158564328,38.482479095458984,246900,0.0,0.0
2018-02-02 00:00:00-05:00,38.358907981122954,38.914963054959244,37.82050582341871,38.31477737426758,406100,0.0,0.0
2018-02-05 00:00:00-05:00,37.81169042328842,38.43835395006892,36.461273990405004,36.54071044921875,309400,0.0,0.0
2018-02-06 00:00:00-05:00,35.73322210438105,36.92225916740637,35.30729883500534,36.860145568847656,390900,0.22,0.0
2018-02-07 00:00:00-05:00,36.798032258713015,37.64987880414123,36.76253780641919,37.401424407958984,247100,0.0,0.0
2018-02-08 00:00:00-05:00,37.48128497371545,37.48128497371545,36.21238708496094,36.21238708496094,275900,0.0,0.0
2018-02-09 00:00:00-05:00,36.76253876988252,37.18846205375912,35.892944975517295,36.84239959716797,407400,0.0,0.0
2018-02-12 00:00:00-05:00,37.00211202860524,37.41028798412801,36.301111984379276,36.966617584228516,193400,0.0,0.0
2018-02-13 00:00:00-05:00,36.70041975115892,37.037610237133606,36.46083730467192,36.91337966918945,167400,0.0,0.0
2018-02-14 00:00:00-05:00,36.62943344484061,37.676496039837716,36.54957262369889,37.63212966918945,233000,0.0,0.0
2018-02-15 00:00:00-05:00,37.95158075607774,37.95158075607774,37.25945575384959,37.4990348815918,310700,0.0,0.0
2018-02-16 00:00:00-05:00,37.29493844896535,38.19115468969941,37.29493844896535,37.97819137573242,327100,0.0,0.0
2018-02-20 00:00:00-05:00,37.73861617465806,38.253275641176245,37.348187306392255,37.57002258300781,139000,0.0,0.0
2018-02-21 00:00:00-05:00,37.71199003596037,38.34200129241152,37.71199003596037,37.8184700012207,159900,0.0,0.0
2018-02-22 00:00:00-05:00,37.995942669900984,38.27101960803977,37.29494244315006,37.30381774902344,198400,0.0,0.0
2018-02-23 00:00:00-05:00,37.33931228002018,37.88946277250042,37.312689747282285,37.8717155456543,107600,0.0,0.0
2018-02-26 00:00:00-05:00,37.898329379134935,38.34199983326184,37.47240614936555,37.86283493041992,238200,0.0,0.0
2018-02-27 00:00:00-05:00,37.871713584952765,38.519472099082115,37.0109917446329,37.587764739990234,437000,0.0,0.0
2018-02-28 00:00:00-05:00,37.71199532411963,38.05805779844507,37.03761760299024,37.0731086730957,479600,0.0,0.0
2018-03-01 00:00:00-05:00,36.99324965559755,37.61438910955613,36.7802896847726,37.49016189575195,391800,0.0,0.0
2018-03-02 00:00:00-05:00,37.13521564028761,38.19115348700979,36.8690140449147,38.04917907714844,280000,0.0,0.0
2018-03-05 00:00:00-05:00,37.738611695132676,38.7679271210529,37.259450127071595,38.483978271484375,229300,0.0,0.0
2018-03-06 00:00:00-05:00,38.48398408547389,39.04300994842714,38.09355520456723,38.87441635131836,232000,0.0,0.0
2018-03-07 00:00:00-05:00,38.51947369200914,39.433433862969444,38.11129763361302,39.32695388793945,252600,0.0,0.0
2018-03-08 00:00:00-05:00,39.389067404211275,39.389067404211275,38.48397915605625,38.759056091308594,293500,0.0,0.0
2018-03-09 00:00:00-05:00,39.13173810911072,39.344701445901336,38.52834593729763,39.22047424316406,261100,0.0,0.0
2018-03-12 00:00:00-04:00,39.32694926896481,39.38019094269522,38.61707721057748,39.158355712890625,190100,0.0,0.0
2018-03-13 00:00:00-04:00,39.39794077494827,39.39794077494827,38.78567333380306,38.98976135253906,250500,0.0,0.0
2018-03-14 00:00:00-04:00,39.131736988775884,39.131736988775884,38.288765741496405,38.457359313964844,214000,0.0,0.0
2018-03-15 00:00:00-04:00,38.43961153793627,38.830040356197316,38.155662691030564,38.77680206298828,401700,0.0,0.0
2018-03-16 00:00:00-04:00,38.80342282661052,39.53104220024495,38.62595394366465,39.167232513427734,1038200,0.0,0.0
2018-03-19 00:00:00-04:00,39.149485146166725,39.34470125520047,38.421865775143075,39.247093200683594,419300,0.0,0.0
2018-03-20 00:00:00-04:00,39.3003325054042,39.406812474378675,39.03413089049943,39.20272445678711,346600,0.0,0.0
2018-03-21 00:00:00-04:00,39.149482832468614,39.76175027100369,38.998636491630066,39.25596618652344,258100,0.0,0.0
2018-03-22 00:00:00-04:00,38.90990196778568,39.06075169978204,38.12904431547307,38.2443962097168,294700,0.0,0.0
2018-03-23 00:00:00-04:00,38.28876305441541,38.306506894535424,36.23013233691323,36.576194763183594,496600,0.0,0.0
2018-03-26 00:00:00-04:00,37.21508178270767,37.73861312866211,36.79803379808924,37.73861312866211,331900,0.0,0.0
2018-03-27 00:00:00-04:00,37.889460841900025,38.022559959057986,36.77140930212464,36.940006256103516,301300,0.0,0.0
2018-03-28 00:00:00-04:00,36.98437419867751,37.60551359326378,36.73591979481795,37.27719497680664,175200,0.0,0.0
2018-03-29 00:00:00-04:00,37.357056185935456,37.64100504608515,37.0642354048162,37.22395706176758,254700,0.0,0.0
2018-04-02 00:00:00-04:00,37.10859746139189,37.499026252431065,36.070410196954136,36.709293365478516,299300,0.0,0.0
2018-04-03 00:00:00-04:00,36.886766144322,37.38367833697849,36.73591979481795,37.27719497680664,255000,0.0,0.0
2018-04-04 00:00:00-04:00,36.73591635371034,37.960444416546835,36.73591635371034,37.8184700012207,212400,0.0,0.0
2018-04-05 00:00:00-04:00,38.02256383565268,38.21777995597899,37.561149453870186,38.15566635131836,150000,0.0,0.0
2018-04-06 00:00:00-04:00,37.85396838366613,38.040309188463596,36.78028654466651,37.22395706176758,261300,0.0,0.0
2018-04-09 00:00:00-04:00,37.51677421258036,37.95157276663864,36.98437099755198,37.010990142822266,302100,0.0,0.0
2018-04-10 00:00:00-04:00,37.55227353461227,38.5549698840987,37.26832466510173,38.42186737060547,622300,0.0,0.0
2018-04-11 00:00:00-04:00,38.288763378554215,38.608203277474686,37.87171204852493,38.41299057006836,480700,0.0,0.0
2018-04-12 00:00:00-04:00,38.58159066922727,39.105122054268236,38.022564827757634,38.86553955078125,374300,0.0,0.0
2018-04-13 00:00:00-04:00,39.087375922231416,39.087375922231416,38.2266573317929,38.35975646972656,240500,0.0,0.0
2018-04-16 00:00:00-04:00,38.51059049877102,38.812286493828175,38.137905617848006,38.732425689697266,215200,0.0,0.0
2018-04-17 00:00:00-04:00,38.89215277176539,38.92764383475706,38.07579739409341,38.475101470947266,233400,0.0,0.0
2018-04-18 00:00:00-04:00,38.62595813053164,38.75906065340307,38.28877093981616,38.35975646972656,255100,0.0,0.0
2018-04-19 00:00:00-04:00,38.342000823830006,39.00750652221374,38.342000823830006,38.83891296386719,231300,0.0,0.0
2018-04-20 00:00:00-04:00,38.696944565967925,39.22047593214697,38.679197338392996,38.9631462097168,320100,0.0,0.0
2018-04-23 00:00:00-04:00,39.14948481724629,39.557664258609044,39.04300484273039,39.353572845458984,278500,0.0,0.0
2018-04-24 00:00:00-04:00,39.32695208739195,39.992457824500256,39.220472117237044,39.66414260864258,285700,0.0,0.0
2018-04-25 00:00:00-04:00,39.67302051737858,40.12556638248474,39.22934995900502,39.73513412475586,218500,0.0,0.0
2018-04-26 00:00:00-04:00,39.584280301614065,39.673013042595564,36.98437104859828,37.71199035644531,479100,0.0,0.0
2018-04-27 00:00:00-04:00,37.06423001536305,37.70311655026905,36.51407960193673,36.70042037963867,544300,0.0,0.0
2018-04-30 00:00:00-04:00,36.904516719986354,36.904516719986354,35.662237818080904,35.67998504638672,662800,0.0,0.0
2018-05-01 00:00:00-04:00,35.493638894854186,36.629434256309615,35.09433478029964,36.50520706176758,547000,0.0,0.0
2018-05-02 00:00:00-04:00,36.36323625107625,37.48128788280911,35.96393209688595,36.531829833984375,472000,0.0,0.0
2018-05-03 00:00:00-04:00,36.35436192473939,36.380981071611856,35.85744974518386,35.97280502319336,294500,0.0,0.0
2018-05-04 00:00:00-04:00,35.85744382750893,36.664923870439715,35.768711095953044,36.36322784423828,189200,0.0,0.0
2018-05-07 00:00:00-04:00,36.55844729590507,36.798029755182654,36.09702960228939,36.5495719909668,225100,0.0,0.0
2018-05-08 00:00:00-04:00,36.603161220179985,37.17466646245532,36.36205680738759,37.138946533203125,172000,0.26,0.0
2018-05-09 00:00:00-04:00,37.23716965231024,37.63901028652284,36.92462542283845,37.34432601928711,213900,0.0,0.0
2018-05-10 00:00:00-04:00,37.23717171176474,37.31753984305213,37.004995596294634,37.17466354370117,248300,0.0,0.0
2018-05-11 00:00:00-04:00,37.1925237765432,37.54971282429011,37.1925237765432,37.3532600402832,174500,0.0,0.0
2018-05-14 00:00:00-04:00,37.37111187724414,37.594356281305195,37.20144735647588,37.317535400390625,243700,0.0,0.0
2018-05-15 00:00:00-04:00,37.25502814418873,38.00512949630123,37.25502814418873,37.87118148803711,290200,0.0,0.0
2018-05-16 00:00:00-04:00,37.94261804494416,38.505191455429944,37.75509016834317,38.308738708496094,265300,0.0,0.0
2018-05-17 00:00:00-04:00,38.21944429481227,38.84452935655041,38.040848076252864,38.63914489746094,201300,0.0,0.0
2018-05-18 00:00:00-04:00,38.8445269998872,38.9338234005296,38.09442565259732,38.11228561401367,298700,0.0,0.0
2018-05-21 00:00:00-04:00,38.174791580621836,38.57663217328463,38.15693162023247,38.442684173583984,307400,0.0,0.0
2018-05-22 00:00:00-04:00,38.62128476367797,39.13921345455931,38.62128476367797,38.79988098144531,186700,0.0,0.0
2018-05-23 00:00:00-04:00,38.782021191020554,38.782021191020554,38.398040513371676,38.63914489746094,147600,0.0,0.0
2018-05-24 00:00:00-04:00,38.53198833615668,38.53198833615668,37.66579889466212,38.38018035888672,135200,0.0,0.0
2018-05-25 00:00:00-04:00,38.183722626664185,38.54091504747658,38.13907442567248,38.469478607177734,149900,0.0,0.0
2018-05-29 00:00:00-04:00,38.28195355720314,38.41590157657048,37.32646767793905,37.57650375366211,325500,0.0,0.0
2018-05-30 00:00:00-04:00,37.871180190060294,38.36231719279685,37.781883791904285,38.237300872802734,207600,0.0,0.0
2018-05-31 00:00:00-04:00,38.22837043697448,38.60341937577946,37.92475793137277,37.96940612792969,215500,0.0,0.0
2018-06-01 00:00:00-04:00,38.380177447273454,38.72843817176057,38.18372128210051,38.415897369384766,262700,0.0,0.0
2018-06-04 00:00:00-04:00,38.478411625835186,39.05884852956278,38.31767535730877,38.9427604675293,270200,0.0,0.0
2018-06-05 00:00:00-04:00,38.96061332835121,39.06776968568612,38.50519284840927,38.880245208740234,178700,0.0,0.0
2018-06-06 00:00:00-04:00,38.9784786958567,39.67500022480997,38.9784786958567,39.63035202026367,169200,0.0,0.0
2018-06-07 00:00:00-04:00,39.72857830845303,39.942891043110535,36.77282097424897,39.55891036987305,140700,0.0,0.0
2018-06-08 00:00:00-04:00,39.54104414041569,39.84465663842488,39.34459139919019,39.612483978271484,198600,0.0,0.0
2018-06-11 00:00:00-04:00,39.64819897694061,39.87144333287735,38.89809780473562,39.13920211791992,210800,0.0,0.0
2018-06-12 00:00:00-04:00,39.13921325842762,39.20172142336702,38.35339194805288,38.540916442871094,225800,0.0,0.0
2018-06-13 00:00:00-04:00,38.746301439293916,38.9874058244614,38.15693629991992,38.47840881347656,200900,0.0,0.0
2018-06-14 00:00:00-04:00,38.54983954693086,38.56769950686501,38.040842611344246,38.48733139038086,167600,0.0,0.0
2018-06-15 00:00:00-04:00,38.514128720387276,38.567705201661624,37.72830739944777,38.05870819091797,1028800,0.0,0.0
2018-06-18 00:00:00-04:00,37.96940729763384,38.29980805006039,37.61221490129656,38.28194808959961,506600,0.0,0.0
2018-06-19 00:00:00-04:00,38.02298394355255,38.88916981034013,38.02298394355255,38.719505310058594,284100,0.0,0.0
2018-06-20 00:00:00-04:00,38.86238374181332,39.219572721231515,38.737367428695,38.98740005493164,264500,0.0,0.0
2018-06-21 00:00:00-04:00,38.87131458755358,39.14813887521011,38.549842100323865,38.75522994995117,244200,0.0,0.0
2018-06-22 00:00:00-04:00,38.907046762921404,39.04099481026494,38.398049633320525,38.53199768066406,632100,0.0,0.0
2018-06-25 00:00:00-04:00,38.38910666973062,38.549839496047724,37.66579362232797,37.96940612792969,194700,0.0,0.0
2018-06-26 00:00:00-04:00,37.96940763902728,37.97833591611837,37.47827064447692,37.86225128173828,243400,0.0,0.0
2018-06-27 00:00:00-04:00,37.76402999005177,37.808678196411606,36.888912200927734,36.888912200927734,257400,0.0,0.0
2018-06-28 00:00:00-04:00,36.8799761687181,37.085360618916354,36.67459171851985,36.951416015625,241800,0.0,0.0
2018-06-29 00:00:00-04:00,37.219314399299314,38.451624697991214,36.5049328516663,36.52279281616211,379700,0.0,0.0
2018-07-02 00:00:00-04:00,36.362052631879266,37.130013990415584,36.362052631879266,37.1210823059082,340500,0.0,0.0
2018-07-03 00:00:00-04:00,37.210371590293775,37.33539130439153,36.96927065777393,37.05856704711914,77300,0.0,0.0
2018-07-05 00:00:00-04:00,37.15679833466684,37.35325449595353,36.81746589420052,37.201446533203125,207100,0.0,0.0
2018-07-06 00:00:00-04:00,37.26395535855494,37.67472424273419,36.9782027950877,37.478271484375,160100,0.0,0.0
2018-07-09 00:00:00-04:00,37.65687030431881,38.30874706332729,37.65687030431881,38.08550262451172,187600,0.0,0.0
2018-07-10 00:00:00-04:00,38.08549840847491,38.08549840847491,37.41576516616719,37.567569732666016,269700,0.0,0.0
2018-07-11 00:00:00-04:00,37.44255164181198,37.7283042058858,37.29967535977507,37.39790344238281,301500,0.0,0.0
2018-07-12 00:00:00-04:00,37.50506200277179,37.612218368976656,36.48706800772687,36.647804260253906,541200,0.0,0.0
2018-07-13 00:00:00-04:00,36.558504505481245,36.86211704889104,36.09415570929923,36.147735595703125,555200,0.0,0.0
2018-07-16 00:00:00-04:00,36.29060670767931,36.67458732268126,36.22809855234773,36.59421920776367,584300,0.0,0.0
2018-07-17 00:00:00-04:00,36.61207857052517,37.01391913856262,36.61207857052517,36.73709487915039,396600,0.0,0.0
2018-07-18 00:00:00-04:00,36.7728275836623,37.29968464351332,36.72817937312037,37.22824478149414,231300,0.0,0.0
2018-07-19 00:00:00-04:00,37.03178223174349,37.49613099338997,36.8710459909259,37.460411071777344,314400,0.0,0.0
2018-07-20 00:00:00-04:00,37.33539074195445,37.95154399460774,37.17465451840336,37.70151138305664,217300,0.0,0.0
2018-07-23 00:00:00-04:00,37.55864463780468,38.308746069013495,37.55864463780468,38.130149841308594,196500,0.0,0.0
2018-07-24 00:00:00-04:00,38.1301444561971,38.23730081511049,37.505059450730414,37.81760025024414,212900,0.0,0.0
2018-07-25 00:00:00-04:00,37.755091308702866,37.99619566609586,36.960341800873636,37.10321807861328,181200,0.0,0.0
2018-07-26 00:00:00-04:00,38.09442964317794,38.47841033775493,36.969279207597694,37.53185272216797,491500,0.0,0.0
2018-07-27 00:00:00-04:00,37.35326104123759,37.808678196411606,36.59422790736117,36.888912200927734,222800,0.0,0.0
2018-07-30 00:00:00-04:00,36.81746374031841,37.031779849769606,36.40669488751252,36.4334831237793,205600,0.0,0.0
2018-07-31 00:00:00-04:00,36.45134771827738,36.710312056580555,36.14773517837283,36.54957580566406,310900,0.0,0.0
2018-08-01 00:00:00-04:00,36.71924077290552,37.20144953141458,36.540644557927415,37.08536148071289,328000,0.0,0.0
2018-08-02 00:00:00-04:00,36.888906840681976,37.621148219190275,36.79067875709976,37.496131896972656,153700,0.0,0.0
2018-08-03 00:00:00-04:00,37.549709488571004,37.674725814498615,36.84425632776304,36.87104797363281,242000,0.0,0.0
2018-08-06 00:00:00-04:00,36.826400015502934,37.20144899576122,36.69245200458816,37.14786911010742,146500,0.0,0.0
2018-08-07 00:00:00-04:00,37.20179318107309,37.72297592152477,37.174833029973385,37.471370697021484,122900,0.26,0.0
2018-08-08 00:00:00-04:00,37.46238235139927,37.884722625220355,37.23773385304577,37.74094772338867,181700,0.0,0.0
2018-08-09 00:00:00-04:00,37.73195973951212,37.866746769116524,37.37252080483958,37.633113861083984,129300,0.0,0.0
2018-08-10 00:00:00-04:00,37.24671999148513,37.938637745785435,36.761478434776265,37.7139892578125,152400,0.0,0.0
2018-08-13 00:00:00-04:00,37.65108401599499,37.965590495104884,37.5252779964875,37.60615158081055,144900,0.0,0.0
2018-08-14 00:00:00-04:00,37.651087083355215,38.603594456466105,37.651087083355215,38.30706024169922,199100,0.0,0.0
2018-08-15 00:00:00-04:00,38.10038591310031,38.45083701491005,37.462381585640955,37.489341735839844,228200,0.0,0.0
2018-08-16 00:00:00-04:00,37.66006837463485,38.27111247105409,37.66006837463485,38.136322021484375,239700,0.0,0.0
2018-08-17 00:00:00-04:00,38.01950984423231,38.235170464606114,37.88471938560087,38.154296875,186600,0.0,0.0
2018-08-20 00:00:00-04:00,38.17226591313237,38.369957654855284,37.93863302298448,38.25313949584961,206800,0.0,0.0
2018-08-21 00:00:00-04:00,38.31604135070283,39.18767848519388,38.289084632024064,38.936073303222656,252100,0.0,0.0
2018-08-22 00:00:00-04:00,38.81926034556077,38.9899919665158,38.53171054823442,38.70244216918945,212200,0.0,0.0
2018-08-23 00:00:00-04:00,38.67548564881913,38.67548564881913,38.163287355415925,38.22618865966797,192400,0.0,0.0
2018-08-24 00:00:00-04:00,38.253134526097895,38.36096481309069,38.00152938049371,38.055442810058594,173300,0.0,0.0
2018-08-27 00:00:00-04:00,38.24415310450191,38.41488469132144,37.74992377553931,37.80384063720703,177600,0.0,0.0
2018-08-28 00:00:00-04:00,37.848775241378384,37.88471982114184,37.435422857690035,37.570213317871094,110400,0.0,0.0
2018-08-29 00:00:00-04:00,37.69602018123152,37.74993362910856,37.34556905857401,37.56122970581055,170900,0.0,0.0
2018-08-30 00:00:00-04:00,37.516299006956736,37.83979339116359,37.37252410596081,37.58818817138672,153600,0.0,0.0
2018-08-31 00:00:00-04:00,37.39947256863705,38.06443348129489,37.38150028149892,37.9655876159668,197000,0.0,0.0
2018-09-04 00:00:00-04:00,37.91167400288047,38.17226704691649,37.651084386708014,37.86674499511719,180100,0.0,0.0
2018-09-05 00:00:00-04:00,37.848771524503945,38.25313943747307,37.848771524503945,37.93863296508789,210200,0.0,0.0
2018-09-06 00:00:00-04:00,37.884721022955645,38.05545264045247,37.489340916606416,37.49832534790039,233300,0.0,0.0
2018-09-07 00:00:00-04:00,37.54324779218633,37.66006594575501,37.12091103797593,37.642093658447266,316400,0.0,0.0
2018-09-10 00:00:00-04:00,37.76789850589022,37.830799801306554,37.4264353101626,37.453392028808594,147600,0.0,0.0
2018-09-11 00:00:00-04:00,37.417451529408964,37.624127726564566,37.21975976349322,37.34556579589844,192300,0.0,0.0
2018-09-12 00:00:00-04:00,37.300625435348515,37.300625435348515,36.4739208222762,36.869300842285156,340400,0.0,0.0
2018-09-13 00:00:00-04:00,36.950180981108936,37.246718619686376,36.30319569052284,36.41102600097656,173300,0.0,0.0
2018-09-14 00:00:00-04:00,36.473925660982516,36.977139466912064,36.41102436372427,36.75249099731445,204900,0.0,0.0
2018-09-17 00:00:00-04:00,36.75249271240353,36.851335164233625,36.32116461412782,36.464942932128906,217200,0.0,0.0
2018-09-18 00:00:00-04:00,36.50087937785687,36.518851665289915,36.17738505978876,36.420005798339844,243200,0.0,0.0
2018-09-19 00:00:00-04:00,36.384064609123705,36.9771363822727,36.384064609123705,36.6895866394043,262100,0.0,0.0
2018-09-20 00:00:00-04:00,36.84234644187575,37.10293947110305,36.64465470551526,36.73451614379883,366800,0.0,0.0
2018-09-21 00:00:00-04:00,36.67161130219178,36.770453732943594,36.21332658095255,36.35710144042969,1079900,0.0,0.0
2018-09-24 00:00:00-04:00,36.27623331763474,36.27623331763474,35.61127577810276,35.75505065917969,221200,0.0,0.0
2018-09-25 00:00:00-04:00,35.86287925754539,35.86287925754539,35.44053906477618,35.45851135253906,239400,0.0,0.0
2018-09-26 00:00:00-04:00,35.54837565263694,35.65620596003008,34.70369519911032,34.784568786621094,372200,0.0,0.0
2018-09-27 00:00:00-04:00,34.74862032310485,35.04515792011093,34.44310172429366,34.47005844116211,224200,0.0,0.0
2018-09-28 00:00:00-04:00,34.371216481066284,34.90138701618943,34.362232050377,34.83848571777344,400300,0.0,0.0
2018-10-01 00:00:00-04:00,34.94631045344835,35.18893117773908,34.22743613769608,34.28135299682617,315700,0.0,0.0
2018-10-02 00:00:00-04:00,34.31730013985978,34.497019607175865,33.95786463309133,34.2993278503418,205400,0.0,0.0
2018-10-03 00:00:00-04:00,34.38919301899178,35.341703899328245,34.27237483841654,35.19792556762695,221400,0.0,0.0
2018-10-04 00:00:00-04:00,35.17096737083755,35.63823664569768,34.84747299379101,35.06313705444336,164300,0.0,0.0
2018-10-05 00:00:00-04:00,35.18893831946668,35.25183962061961,34.55992188007352,34.712684631347656,187700,0.0,0.0
2018-10-08 00:00:00-04:00,34.71268044844253,35.152989503455494,34.59586229129356,35.03617477416992,205700,0.0,0.0
2018-10-09 00:00:00-04:00,34.91037006319266,35.20690768214069,34.71268174509085,34.74862289428711,395500,0.0,0.0
2018-10-10 00:00:00-04:00,34.81152859065896,35.18893637674047,34.16453989696079,34.26338577270508,579300,0.0,0.0
2018-10-11 00:00:00-04:00,34.146566108188345,34.425131434154416,33.77814276887243,33.80509948730469,643800,0.0,0.0
2018-10-12 00:00:00-04:00,34.281355784859095,34.416142801851585,32.214587245673435,33.02332305908203,474000,0.0,0.0
2018-10-15 00:00:00-04:00,33.02332793446829,33.79611928629094,32.84360845741541,33.48160934448242,285100,0.0,0.0
2018-10-16 00:00:00-04:00,33.61639888000136,33.82307507314679,33.0233270216255,33.4456672668457,309400,0.0,0.0
2018-10-17 00:00:00-04:00,33.310869133880026,33.78712271153353,32.9783904152085,33.39174270629883,310700,0.0,0.0
2018-10-18 00:00:00-04:00,33.292901714555455,33.63436833999958,32.79867577880373,32.95143508911133,357700,0.0,0.0
2018-10-19 00:00:00-04:00,32.69085049551774,33.00535702259918,32.25952578929289,32.3044548034668,317800,0.0,0.0
2018-10-22 00:00:00-04:00,32.40329633877985,32.70881839313274,31.24410941833535,31.36092758178711,247600,0.0,0.0
2018-10-23 00:00:00-04:00,30.920610508393228,31.630500386876683,30.866693649871657,31.36990737915039,297800,0.0,0.0
2018-10-24 00:00:00-04:00,31.342952063844987,31.342952063844987,29.770412945952906,29.81534194946289,306500,0.0,0.0
2018-10-25 00:00:00-04:00,28.90776158983948,32.12472911591225,28.17091664443247,31.675432205200195,684100,0.0,0.0
2018-10-26 00:00:00-04:00,31.64848032980247,32.86158080318831,31.387887259030606,32.58301544189453,702600,0.0,0.0
2018-10-29 00:00:00-04:00,33.23000236796526,33.54451229306528,32.789693271834466,33.14014434814453,339300,0.0,0.0
2018-10-30 00:00:00-04:00,33.17608588443915,33.76017330364476,32.915496252788806,33.71524429321289,362500,0.0,0.0
2018-10-31 00:00:00-04:00,33.9668467875272,34.11062166617182,33.283916970931166,33.3288459777832,266700,0.0,0.0
2018-11-01 00:00:00-04:00,33.39175192692914,33.7781476098649,33.256961459723094,33.63437271118164,198600,0.0,0.0
2018-11-02 00:00:00-04:00,33.83205988860146,34.07467721204739,33.37377510461801,33.697269439697266,197300,0.0,0.0
2018-11-05 00:00:00-05:00,33.6703147608171,34.02076583576219,33.517552014280376,33.930904388427734,239900,0.0,0.0
2018-11-06 00:00:00-05:00,33.740183911327,34.30327616240123,33.5131301931204,33.930908203125,252400,0.4,0.0
2018-11-07 00:00:00-05:00,33.99447727214585,34.26694099543643,33.30423214427454,33.84916305541992,269100,0.0,0.0
2018-11-08 00:00:00-05:00,33.71293384387802,34.35776901245117,33.71293384387802,34.35776901245117,166700,0.0,0.0
2018-11-09 00:00:00-05:00,34.820951291962395,34.88452604298549,34.048970192645285,34.276023864746094,348500,0.0,0.0
2018-11-12 00:00:00-05:00,34.76646433688891,35.13883229738352,34.266946848112944,34.60298538208008,422100,0.0,0.0
2018-11-13 00:00:00-05:00,34.61206633407239,35.22965267080786,34.61206633407239,34.73921585083008,220300,0.0,0.0
2018-11-14 00:00:00-05:00,34.8936136456305,35.04801197511845,33.74926443373335,34.09438705444336,206500,0.0,0.0
2018-11-15 00:00:00-05:00,33.903664266012925,35.11158829519241,33.767430643635834,35.08434295654297,279800,0.0,0.0
2018-11-16 00:00:00-05:00,34.83912343828449,35.411299784194,34.648399144502925,35.39313507080078,346700,0.0,0.0
2018-11-19 00:00:00-05:00,35.41130304870756,35.792751671435845,34.78463250484659,35.30231475830078,199100,0.0,0.0
2018-11-20 00:00:00-05:00,35.048007854089704,35.5202799467502,34.675639939721826,35.00259780883789,206000,0.0,0.0
2018-11-21 00:00:00-05:00,35.0389332211857,35.81999514091607,34.65748115381509,35.01168441772461,180400,0.0,0.0
2018-11-23 00:00:00-05:00,34.81187562131719,35.58385683044511,34.66655792452037,35.38404846191406,152400,0.0,0.0
2018-11-26 00:00:00-05:00,35.6565137828953,36.15603472619806,35.38405001854408,35.95622634887695,195500,0.0,0.0
2018-11-27 00:00:00-05:00,35.75641915583791,36.08337706971439,35.4203806174937,35.69284439086914,170800,0.0,0.0
2018-11-28 00:00:00-05:00,35.73824381652089,36.800856720679725,35.42037008618831,36.61921310424805,430300,0.0,0.0
2018-11-29 00:00:00-05:00,36.38308766284791,36.591976659870724,35.81091134474607,35.98347091674805,258300,0.0,0.0
2018-11-30 00:00:00-05:00,36.00163421035218,37.018833818892794,36.00163421035218,36.9461784362793,440800,0.0,0.0
2018-12-03 00:00:00-05:00,37.28221608190373,37.28221608190373,36.4194113466991,37.13690185546875,332400,0.0,0.0
2018-12-04 00:00:00-05:00,36.900769776190636,36.928015112624294,34.63023268499494,34.73013687133789,327300,0.0,0.0
2018-12-06 00:00:00-05:00,33.921819172480774,35.04800697513002,33.8309990842548,34.984432220458984,447700,0.0,0.0
2018-12-07 00:00:00-05:00,35.102506127417364,35.57477481121685,34.50308445152517,34.9299430847168,292300,0.0,0.0
2018-12-10 00:00:00-05:00,34.939028945053565,34.939028945053565,33.903664494614326,34.33960723876953,392500,0.0,0.0
2018-12-11 00:00:00-05:00,34.80279175571244,34.875450604575846,33.76742741136113,34.05805587768555,316500,0.0,0.0
2018-12-12 00:00:00-05:00,34.44858728536506,35.102503043271774,34.194288252652214,34.69380569458008,229500,0.0,0.0
2018-12-13 00:00:00-05:00,34.811875059557686,34.811875059557686,33.967235015661316,34.08530044555664,329600,0.0,0.0
2018-12-14 00:00:00-05:00,33.86733011138556,34.40317697228338,33.44955214243187,33.531288146972656,281100,0.0,0.0
2018-12-17 00:00:00-05:00,33.37690106622264,34.484924468782616,32.89554822753392,32.95003890991211,461300,0.0,0.0
2018-12-18 00:00:00-05:00,33.1589267774653,33.522214148521414,32.468684929936835,32.586753845214844,435400,0.0,0.0
2018-12-19 00:00:00-05:00,32.486842480727546,33.02268932935592,31.10635562553981,31.188095092773438,440800,0.0,0.0
2018-12-20 00:00:00-05:00,31.060947558553952,31.878338818384698,30.42519649119809,30.81572914123535,621400,0.0,0.0
2018-12-21 00:00:00-05:00,30.89746731973892,31.42423009207237,30.54326410885593,31.324329376220703,1790900,0.0,0.0
2018-12-24 00:00:00-05:00,31.051868498737967,31.42423649691618,30.82481475681064,30.970129013061523,273600,0.0,0.0
2018-12-26 00:00:00-05:00,31.070023285880527,32.18712692346147,30.76123015694696,32.159881591796875,425500,0.0,0.0
2018-12-27 00:00:00-05:00,31.723942833589007,32.2688703207622,31.160850634901447,32.20529556274414,341100,0.0,0.0
2018-12-28 00:00:00-05:00,32.19621287473817,33.15891827131649,32.19621287473817,32.822879791259766,411500,0.0,0.0
2018-12-31 00:00:00-05:00,32.95002998706046,33.58578100431193,32.27795301291567,32.95911407470703,399800,0.0,0.0
2019-01-02 00:00:00-05:00,32.5685816247862,33.55853584498609,32.40510269194113,33.42230224609375,269100,0.0,0.0
2019-01-03 00:00:00-05:00,33.29515632272968,34.0126468870249,33.049937897037715,33.331485748291016,260200,0.0,0.0
2019-01-04 00:00:00-05:00,33.6039511608548,34.25786699480787,33.385978061348816,33.949073791503906,351400,0.0,0.0
2019-01-07 00:00:00-05:00,34.16703873047788,34.35776646554355,33.731096055947376,34.139793395996094,276000,0.0,0.0
2019-01-08 00:00:00-05:00,34.22153745779408,34.38501641575845,33.58578633955095,34.321441650390625,550300,0.0,0.0
2019-01-09 00:00:00-05:00,34.248777541772554,34.548490073582805,33.93090376369896,34.21244812011719,484300,0.0,0.0
2019-01-10 00:00:00-05:00,33.949070946505266,34.05805575484268,33.28607454355875,33.80375671386719,468600,0.0,0.0
2019-01-11 00:00:00-05:00,33.694767675986014,34.03989026987778,33.522208111322385,33.83100128173828,611000,0.0,0.0
2019-01-14 00:00:00-05:00,33.57669735797997,34.103460063428734,33.53128385296479,33.72201156616211,373200,0.0,0.0
2019-01-15 00:00:00-05:00,33.72202027419718,34.06713944239737,33.240664020334975,34.039894104003906,297400,0.0,0.0
2019-01-16 00:00:00-05:00,34.18520931073208,34.69381091728565,34.12163454298351,34.52124786376953,679900,0.0,0.0
2019-01-17 00:00:00-05:00,34.421348873273914,34.74830335342126,33.88550190045399,34.557579040527344,545500,0.0,0.0
2019-01-18 00:00:00-05:00,34.54849710755814,34.87545503989545,34.03081486954575,34.775550842285156,743000,0.0,0.0
2019-01-22 00:00:00-05:00,34.60298703546974,34.87545428287994,34.20337371826771,34.38501739501953,454800,0.0,0.0
2019-01-23 00:00:00-05:00,34.55756931619487,34.993511964951026,34.13979137754075,34.96626663208008,672500,0.0,0.0
2019-01-24 00:00:00-05:00,34.32143643030543,34.40317589685554,32.741141231858236,33.04993438720703,920100,0.0,0.0
2019-01-25 00:00:00-05:00,33.004519536087244,33.37688739290857,32.0690595831233,32.98635482788086,710800,0.0,0.0
2019-01-28 00:00:00-05:00,32.659402608058244,33.14983942001419,32.423268290022655,32.85921096801758,524500,0.0,0.0
2019-01-29 00:00:00-05:00,32.91370420129961,33.594865266632624,32.8592100688298,33.42230224609375,515500,0.0,0.0
2019-01-30 00:00:00-05:00,33.49496557619159,33.49496557619159,33.104432902588535,33.14076232910156,541600,0.0,0.0
2019-01-31 00:00:00-05:00,33.05901831290907,33.38597271294289,32.75930578217265,33.37689208984375,532600,0.0,0.0
2019-02-01 00:00:00-05:00,33.58578763704004,34.13071867282806,33.37689861925238,33.685691833496094,339800,0.0,0.0
2019-02-04 00:00:00-05:00,33.67660858892953,34.03989245329682,33.58578502441416,33.840084075927734,268600,0.0,0.0
2019-02-05 00:00:00-05:00,33.941124061778716,34.06053900873288,33.49102372575917,33.78496551513672,217300,0.42,0.0
2019-02-06 00:00:00-05:00,33.665559502971526,34.078912801920396,33.47265732552388,33.67474365234375,182900,0.0,0.0
2019-02-07 00:00:00-05:00,33.757416305377795,34.1615854704284,33.619629531077486,33.85845947265625,234600,0.0,0.0
2019-02-08 00:00:00-05:00,33.67474180264032,33.794156762298506,33.26138502233343,33.389984130859375,216200,0.0,0.0
2019-02-11 00:00:00-05:00,33.3991676812244,33.72066541304828,33.2338249894114,33.683921813964844,207000,0.0,0.0
2019-02-12 00:00:00-05:00,33.913566351115996,34.20751165964733,33.69311174979588,33.81252670288086,214300,0.0,0.0
2019-02-13 00:00:00-05:00,33.784972037733446,34.08810153758702,33.48184604194307,33.8768310546875,245300,0.0,0.0
2019-02-14 00:00:00-05:00,33.6196243233738,33.79415467766107,33.36242612218753,33.53695297241211,288500,0.0,0.0
2019-02-15 00:00:00-05:00,33.71148497503293,34.271812658497005,33.66555722315583,34.253440856933594,275500,0.0,0.0
2019-02-19 00:00:00-05:00,34.0146075136103,34.63923468758205,33.84926482026116,34.49226379394531,277300,0.0,0.0
2019-02-20 00:00:00-05:00,34.501458991691166,35.32816913518519,34.2626290472576,35.31898498535156,365200,0.0,0.0
2019-02-21 00:00:00-05:00,35.30978893019125,35.30978893019125,34.55656267677129,35.236305236816406,273400,0.0,0.0
2019-02-22 00:00:00-05:00,35.245493639362735,35.28223724251713,34.942367673496136,35.19956588745117,205200,0.0,0.0
2019-02-25 00:00:00-05:00,35.31898359123789,35.475138660688685,34.777027666800954,34.87807083129883,241200,0.0,0.0
2019-02-26 00:00:00-05:00,34.905621747995816,35.10770804783688,34.52900860087731,34.53819274902344,190100,0.0,0.0
2019-02-27 00:00:00-05:00,34.529007440489195,34.923992374688645,34.409592494226864,34.90562057495117,239800,0.0,0.0
2019-02-28 00:00:00-05:00,34.942365798127675,35.08933669879441,34.76783544454284,34.79539489746094,146000,0.0,0.0
2019-03-01 00:00:00-05:00,35.006663163608565,35.08014685732492,34.35448005160269,34.8045768737793,213500,0.0,0.0
2019-03-04 00:00:00-05:00,34.79539216835854,34.979106655798375,34.464706791779314,34.70353317260742,276900,0.0,0.0
2019-03-05 00:00:00-05:00,34.078912982265166,34.71272791825867,34.078912982265166,34.60249710083008,274100,0.0,0.0
2019-03-06 00:00:00-05:00,34.58412301375244,34.82294940341654,33.61043864714106,33.66555404663086,294500,0.0,0.0
2019-03-07 00:00:00-05:00,33.46347379714871,33.50021740344566,32.443861498818826,32.53571701049805,294300,0.0,0.0
2019-03-08 00:00:00-05:00,32.26014253878516,32.829657845945825,32.26014253878516,32.59082794189453,400300,0.0,0.0
2019-03-11 00:00:00-04:00,32.71942933890855,33.05930241821839,32.49897472406949,32.838844299316406,437000,0.0,0.0
2019-03-12 00:00:00-04:00,32.95826201595248,33.14197654639062,32.48060563843859,32.63676071166992,346100,0.0,0.0
2019-03-13 00:00:00-04:00,32.802097514918415,33.07766750877876,32.65512661792206,32.66431427001953,404900,0.0,0.0
2019-03-14 00:00:00-04:00,32.673495251428776,32.802094335829295,32.38873763306888,32.609195709228516,478000,0.0,0.0
2019-03-15 00:00:00-04:00,32.56326845339484,32.80209482742327,32.20502714032105,32.29688262939453,1142400,0.0,0.0
2019-03-18 00:00:00-04:00,32.02131783671259,32.27851605096318,31.791675572828037,32.20503234863281,584100,0.0,0.0
2019-03-19 00:00:00-04:00,32.37955665878669,32.37955665878669,31.258901377948515,31.277273178100586,470200,0.0,0.0
2019-03-20 00:00:00-04:00,31.268093719086377,31.36913688304412,30.07395456262683,30.129066467285156,585300,0.0,0.0
2019-03-21 00:00:00-04:00,30.064765717896673,30.23929258250467,29.596297026547322,29.669780731201172,585200,0.0,0.0
2019-03-22 00:00:00-04:00,29.458510722776957,29.550366231046045,28.154142532196637,28.420528411865234,541000,0.0,0.0
2019-03-25 00:00:00-04:00,28.420522876960856,28.751206496798183,28.17250884805948,28.539936065673828,287000,0.0,0.0
2019-03-26 00:00:00-04:00,28.65017008345029,29.164568277460305,28.622612380330807,29.13701057434082,415200,0.0,0.0
2019-03-27 00:00:00-04:00,29.04515507069904,29.531997313666196,28.81551280077648,29.40339469909668,311100,0.0,0.0
2019-03-28 00:00:00-04:00,29.394206900940468,30.000462278109865,29.20130825912805,29.95453453063965,343100,0.0,0.0
2019-03-29 00:00:00-04:00,29.9912826650194,30.21173728783489,29.76164038888315,30.02802276611328,595000,0.0,0.0
2019-04-01 00:00:00-04:00,30.20255342280322,31.17623444018355,30.174993966644642,31.093563079833984,453400,0.0,0.0
2019-04-02 00:00:00-04:00,31.102750778198242,31.332393056827513,30.983335812173358,31.102750778198242,283500,0.0,0.0
2019-04-03 00:00:00-04:00,31.442619977249525,31.580406744333715,31.139493995352574,31.26809310913086,305800,0.0,0.0
2019-04-04 00:00:00-04:00,31.277273329302115,31.874344572911728,31.130302431437652,31.82841682434082,264400,0.0,0.0
2019-04-05 00:00:00-04:00,31.865158300044573,32.19584371056901,31.736559196854575,32.14073181152344,284200,0.0,0.0
2019-04-08 00:00:00-04:00,32.021313582127235,32.12235672546117,31.71818415212543,31.947826385498047,310000,0.0,0.0
2019-04-09 00:00:00-04:00,31.764118885139613,31.819230784592392,30.955777153891948,31.010889053344727,243300,0.0,0.0
2019-04-10 00:00:00-04:00,31.05681681360363,31.424242283507407,30.808802781785822,31.415058135986328,306300,0.0,0.0
2019-04-11 00:00:00-04:00,31.580409515151015,31.82842361522511,31.47017869018696,31.60796546936035,334500,0.0,0.0
2019-04-12 00:00:00-04:00,31.98457294840934,32.55408475882305,31.709002943632562,32.43467330932617,392900,0.0,0.0
2019-04-15 00:00:00-04:00,32.50816071166456,32.56327612052312,31.70900655556251,31.754934310913086,131200,0.0,0.0
2019-04-16 00:00:00-04:00,31.837597359760128,32.49896807713459,31.773297818244522,32.48978042602539,222200,0.0,0.0
2019-04-17 00:00:00-04:00,32.6091953620096,32.67349490352521,32.16828271844736,32.48978042602539,250700,0.0,0.0
2019-04-18 00:00:00-04:00,32.36118657293976,32.535713427535946,31.84678665361967,31.99376106262207,251300,0.0,0.0
2019-04-22 00:00:00-04:00,31.98456416822969,32.085607293191494,31.4334243099712,31.543651580810547,258500,0.0,0.0
2019-04-23 00:00:00-04:00,31.562031909527462,32.09480011600475,31.433432808104072,31.883529663085938,559300,0.0,0.0
2019-04-24 00:00:00-04:00,31.846781947993453,32.22339855931972,31.598771429604447,32.05805587768555,266000,0.0,0.0
2019-04-25 00:00:00-04:00,32.085621535797515,33.50940305502443,31.589593340744017,33.114418029785156,466000,0.0,0.0
2019-04-26 00:00:00-04:00,33.05930146324914,33.7574123954907,32.820471549332396,33.72066879272461,350400,0.0,0.0
2019-04-29 00:00:00-04:00,33.931940668790396,34.758654245218715,33.904384717597104,34.5749397277832,388200,0.0,0.0
2019-04-30 00:00:00-04:00,34.501453618496285,34.90562272543346,34.32692326226898,34.48308181762695,284300,0.0,0.0
2019-05-01 00:00:00-04:00,34.501451666548995,34.8045776035866,33.637994594854696,33.66555404663086,573100,0.0,0.0
2019-05-02 00:00:00-04:00,33.78496857270652,34.40959580767876,33.78496857270652,34.11565399169922,256800,0.0,0.0
2019-05-03 00:00:00-04:00,34.22588504738554,34.99748327490463,34.19832909413732,34.9423713684082,243700,0.0,0.0
2019-05-06 00:00:00-04:00,34.44633728400968,35.15363583006219,34.28099458472143,34.9515495300293,295700,0.0,0.0
2019-05-07 00:00:00-04:00,34.58002473959736,34.94226456522968,34.542871028462535,34.784366607666016,279100,0.42,0.0
2019-05-08 00:00:00-04:00,34.70077369399921,35.081590387981805,34.35711071239859,34.45927810668945,210200,0.0,0.0
2019-05-09 00:00:00-04:00,34.152764852145005,34.64503908265642,33.883405783567106,34.55215835571289,197100,0.0,0.0
2019-05-10 00:00:00-04:00,34.422123966758654,35.10016319523655,34.236358969450535,35.072296142578125,279800,0.0,0.0
2019-05-13 00:00:00-04:00,34.496430833453914,34.496430833453914,33.19608282579531,33.242523193359375,468000,0.0,0.0
2019-05-14 00:00:00-04:00,33.22394142964475,34.01343819112319,33.158924216025234,33.72550582885742,305000,0.0,0.0
2019-05-15 00:00:00-04:00,33.32612132297213,33.40042521147155,32.83384344607332,33.14964294433594,324700,0.0,0.0
2019-05-16 00:00:00-04:00,33.363266259191974,33.669779051974274,33.04747035366762,33.52116775512695,229300,0.0,0.0
2019-05-17 00:00:00-04:00,33.13105938577916,33.71621789074937,32.88956736803023,32.91743087768555,334500,0.0,0.0
2019-05-20 00:00:00-04:00,32.82455302914257,33.5490326891072,32.82455302914257,33.353981018066406,181700,0.0,0.0
2019-05-21 00:00:00-04:00,33.446864610825735,33.71622372803675,33.307543495255835,33.3818473815918,230000,0.0,0.0
2019-05-22 00:00:00-04:00,33.35397958011221,33.40041994599984,32.84312846900264,33.15892791748047,233800,0.0,0.0
2019-05-23 00:00:00-04:00,32.80597252123501,32.89885324667462,32.0350525792031,32.37871551513672,260200,0.0,0.0
2019-05-24 00:00:00-04:00,32.59234690507295,32.91743301607884,32.49946617140637,32.768821716308594,197000,0.0,0.0
2019-05-28 00:00:00-04:00,32.65736872026655,32.81527024151473,31.84929488556515,31.85858154296875,270000,0.0,0.0
2019-05-29 00:00:00-04:00,31.63566163252759,32.545906279274206,31.449896623499683,32.45302200317383,359100,0.0,0.0
2019-05-30 00:00:00-04:00,32.508751052200196,32.666648999445144,31.44060495750169,31.691387176513672,178800,0.0,0.0
2019-05-31 00:00:00-04:00,31.273418892146182,31.37558982630112,30.781144620133755,30.9761962890625,349200,0.0,0.0
2019-06-03 00:00:00-04:00,31.031919352019113,31.682094967735903,30.558222050140518,31.384872436523438,338300,0.0,0.0
2019-06-04 00:00:00-04:00,31.95146320926142,32.57377195623121,31.607796679600142,32.50875473022461,240800,0.0,0.0
2019-06-05 00:00:00-04:00,32.45301958640741,32.5087501479174,31.914304997834517,32.127933502197266,164800,0.0,0.0
2019-06-06 00:00:00-04:00,31.988613149449804,32.39729690218498,31.47776200170388,31.932886123657227,206700,0.0,0.0
2019-06-07 00:00:00-04:00,31.784270762666974,31.93288205111588,31.598505766312687,31.877151489257812,214400,0.0,0.0
2019-06-10 00:00:00-04:00,32.02576543389816,32.722381570624066,31.90501764477726,32.51803970336914,188400,0.0,0.0
2019-06-11 00:00:00-04:00,32.8245494230704,32.92672034710726,32.49946334038271,32.7409553527832,221300,0.0,0.0
2019-06-12 00:00:00-04:00,32.62021160367567,32.79668996450671,32.295125480839026,32.490177154541016,199600,0.0,0.0
2019-06-13 00:00:00-04:00,32.64807555364195,32.954584791277604,32.41587018994086,32.666648864746094,131100,0.0,0.0
2019-06-14 00:00:00-04:00,32.72237994044649,32.94529865208939,32.276546060333395,32.77811050415039,153500,0.0,0.0
2019-06-17 00:00:00-04:00,32.7409543225177,32.917429112827485,32.202236210247115,32.248680114746094,221700,0.0,0.0
2019-06-18 00:00:00-04:00,32.27654793917333,33.14963889565475,32.10935978150219,33.03818130493164,147700,0.0,0.0
2019-06-19 00:00:00-04:00,32.88028478363006,33.45615316123492,32.64807939262469,32.713096618652344,193900,0.0,0.0
2019-06-20 00:00:00-04:00,32.84312915354674,33.31682656455028,32.46231247625437,33.13106155395508,220100,0.0,0.0
2019-06-21 00:00:00-04:00,32.97316336834093,33.21465540021159,32.78739835903965,32.8617057800293,471400,0.0,0.0
2019-06-24 00:00:00-04:00,32.768817889822245,33.15892472064856,32.60162975420703,32.61091995239258,212800,0.0,0.0
2019-06-25 00:00:00-04:00,32.54590675819574,32.68522785963719,32.0443422893916,32.51803970336914,308100,0.0,0.0
2019-06-26 00:00:00-04:00,32.73167272461336,33.20537015240682,32.27654860968215,32.28583526611328,270600,0.0,0.0
2019-06-27 00:00:00-04:00,32.24868536812493,33.038182268803965,32.24868536812493,33.010318756103516,230900,0.0,0.0
2019-06-28 00:00:00-04:00,33.37255764994207,34.15276787204333,33.0939119013001,33.60476303100586,711400,0.0,0.0
2019-07-01 00:00:00-04:00,33.90198541121651,34.115613935202326,33.697643543415765,33.85554504394531,215700,0.0,0.0
2019-07-02 00:00:00-04:00,33.78123685695055,34.06917279658961,33.02889371194103,33.2703857421875,263200,0.0,0.0
2019-07-03 00:00:00-04:00,33.45615197117837,33.60476327440869,33.18679287683187,33.55832290649414,105600,0.0,0.0
2019-07-05 00:00:00-04:00,33.76266361126039,34.236364609592826,33.67906952585898,34.08775329589844,94300,0.0,0.0
2019-07-08 00:00:00-04:00,33.818389379007904,34.07845825523949,33.40970921019074,33.54903030395508,173900,0.0,0.0
2019-07-09 00:00:00-04:00,33.28896498026008,33.855546700948615,33.28896498026008,33.7998161315918,150000,0.0,0.0
2019-07-10 00:00:00-04:00,33.65119879532853,33.92055785087755,33.1589245886284,33.223941802978516,93000,0.0,0.0
2019-07-11 00:00:00-04:00,33.214653091304335,33.660490499904284,32.87099015104895,33.62333679199219,215100,0.0,0.0
2019-07-12 00:00:00-04:00,33.70693326657368,34.03201937605224,33.52116825694041,33.79052734375,262800,0.0,0.0
2019-07-15 00:00:00-04:00,33.79981712379371,33.79981712379371,32.768824591052564,32.84313201904297,132500,0.0,0.0
2019-07-16 00:00:00-04:00,32.88957214967483,33.251812000548725,32.843131779106685,33.09391403198242,99500,0.0,0.0
2019-07-17 00:00:00-04:00,32.87098473272903,32.9824422949205,32.60162570952529,32.65735626220703,140200,0.0,0.0
2019-07-18 00:00:00-04:00,32.68522435086025,33.10319469666103,32.59234362653675,32.880279541015625,142300,0.0,0.0
2019-07-19 00:00:00-04:00,32.66664350532621,33.35397282811141,32.66664350532621,33.08461380004883,224100,0.0,0.0
2019-07-22 00:00:00-04:00,32.945292136304694,33.22393781336938,32.4715912964399,32.65735626220703,172600,0.0,0.0
2019-07-23 00:00:00-04:00,32.787398353454215,33.038180584492295,32.592346688148886,33.01960372924805,140400,0.0,0.0
2019-07-24 00:00:00-04:00,33.019602881078576,34.31995436939123,32.94529900518307,34.18062973022461,368800,0.0,0.0
2019-07-25 00:00:00-04:00,34.097040179466596,34.719352495629145,33.60476586392739,34.4035530090332,408400,0.0,0.0
2019-07-26 00:00:00-04:00,34.589313026574594,34.91439912309854,34.2363598766538,34.682193756103516,273300,0.0,0.0
2019-07-29 00:00:00-04:00,34.65433069824414,34.80294199333396,33.929847534405084,34.384971618652344,193000,0.0,0.0
2019-07-30 00:00:00-04:00,34.12490581526916,35.06301403577316,34.12490581526916,34.932979583740234,236900,0.0,0.0
2019-07-31 00:00:00-04:00,34.923681288121344,35.50883972979457,34.71005280313606,35.02585220336914,357500,0.0,0.0
2019-08-01 00:00:00-04:00,34.92368368352145,35.35094422596988,33.54902841856465,33.65119934082031,310300,0.0,0.0
2019-08-02 00:00:00-04:00,33.53045508662426,33.688356585740685,32.92672323115594,33.13106155395508,158400,0.0,0.0
2019-08-05 00:00:00-04:00,32.44373797950505,32.61092614687786,31.4313223184911,32.0071907043457,296000,0.0,0.0
2019-08-06 00:00:00-04:00,32.20383789097971,32.67205304745734,31.557702261031917,32.12892532348633,241700,0.28,0.0
2019-08-07 00:00:00-04:00,31.48278873747849,31.997824737962407,31.17376856606752,31.97909927368164,214400,0.0,0.0
2019-08-08 00:00:00-04:00,32.269388198940526,33.01853174581878,32.01655158208195,32.75633239746094,374500,0.0,0.0
2019-08-09 00:00:00-04:00,32.803151976046536,32.99980505217946,32.634594237760076,32.76569747924805,281800,0.0,0.0
2019-08-12 00:00:00-04:00,32.45667532964802,32.66269114684142,32.288117583253104,32.306846618652344,123700,0.0,0.0
2019-08-13 00:00:00-04:00,32.27875299522632,33.009167472797614,32.19447412687593,32.50349426269531,290400,0.0,0.0
2019-08-14 00:00:00-04:00,31.73562193070643,32.02591660636135,31.323593889433244,31.59515953063965,226600,0.0,0.0
2019-08-15 00:00:00-04:00,31.754355236140967,32.016554609290104,31.435968752089067,31.538976669311523,173100,0.0,0.0
2019-08-16 00:00:00-04:00,31.7543492446283,32.409851126017486,31.7543492446283,32.25065612792969,266600,0.0,0.0
2019-08-19 00:00:00-04:00,32.77506602739235,32.83125314085941,32.35367160688613,32.67205810546875,204100,0.0,0.0
2019-08-20 00:00:00-04:00,32.25065872084522,32.587774205360375,32.13828808340622,32.26002502441406,266600,0.0,0.0
2019-08-21 00:00:00-04:00,32.46604226162155,32.737607951747634,32.28812176060725,32.67205810546875,202500,0.0,0.0
2019-08-22 00:00:00-04:00,32.93425093850462,33.22454560870061,32.531589208126704,32.69078063964844,205500,0.0,0.0
2019-08-23 00:00:00-04:00,32.559684830313266,32.93425484001865,31.576433643063794,31.716896057128906,329000,0.0,0.0
2019-08-26 00:00:00-04:00,31.988459412157912,32.091467318342374,31.72626006710521,31.969730377197266,291500,0.0,0.0
2019-08-27 00:00:00-04:00,32.194476732965384,32.32557641163427,30.977117981070702,30.986480712890625,253600,0.0,0.0
2019-08-28 00:00:00-04:00,30.911561989988414,31.613884700419092,30.892836527911196,31.39850616455078,352200,0.0,0.0
2019-08-29 00:00:00-04:00,31.763714564828337,32.31620859347379,31.632614892301987,31.969730377197266,353500,0.0,0.0
2019-08-30 00:00:00-04:00,32.22256248154435,32.45667002749344,31.726255627235542,32.31620407104492,261200,0.0,0.0
2019-09-03 00:00:00-04:00,31.9603725766174,32.091472269369625,31.30487054065755,31.857364654541016,343900,0.0,0.0
2019-09-04 00:00:00-04:00,32.278754800619886,32.278754800619886,31.73562349149535,32.044647216796875,177400,0.0,0.0
2019-09-05 00:00:00-04:00,32.52222402799032,33.30882562620763,32.52222402799032,32.709510803222656,284000,0.0,0.0
2019-09-06 00:00:00-04:00,32.76570179627475,32.8780724458717,32.38176546896984,32.419219970703125,187600,0.0,0.0
2019-09-09 00:00:00-04:00,32.60650139988905,33.60848149331083,32.60650139988905,33.299461364746094,285700,0.0,0.0
2019-09-10 00:00:00-04:00,33.46802406728258,34.21716767283203,33.42119968952447,34.13288879394531,325300,0.0,0.0
2019-09-11 00:00:00-04:00,34.35762892235539,34.65728635439557,33.711493254305935,34.535552978515625,350900,0.0,0.0
2019-09-12 00:00:00-04:00,34.32953721614085,35.05058902959603,33.917509139394326,34.92885208129883,316600,0.0,0.0
2019-09-13 00:00:00-04:00,35.39706651205477,35.631174099531584,34.9101223014392,35.144229888916016,303800,0.0,0.0
2019-09-16 00:00:00-04:00,34.704110719644795,35.425162531576625,34.58237377160478,35.08804702758789,281000,0.0,0.0
2019-09-17 00:00:00-04:00,35.04122113575018,35.04122113575018,34.41381453106348,34.835208892822266,190000,0.0,0.0
2019-09-18 00:00:00-04:00,34.79775202121921,34.975672503558826,34.41381571665602,34.69474411010742,330600,0.0,0.0
2019-09-19 00:00:00-04:00,34.7602873448531,35.2097734034101,34.37635111323998,34.45126724243164,298000,0.0,0.0
2019-09-20 00:00:00-04:00,34.54491618167393,34.94758153125807,34.21716697722099,34.7415657043457,1162900,0.0,0.0
2019-09-23 00:00:00-04:00,34.73220364853697,35.01313205385178,34.33890102333744,34.68538284301758,278200,0.0,0.0
2019-09-24 00:00:00-04:00,34.76965755765629,34.76965755765629,34.086063876787826,34.292076110839844,355400,0.0,0.0
2019-09-25 00:00:00-04:00,34.46063616214751,35.1816879602399,34.46063616214751,35.144229888916016,444300,0.0,0.0
2019-09-26 00:00:00-04:00,34.96631405200974,34.96631405200974,34.43254896745358,34.50746154785156,208700,0.0,0.0
2019-09-27 00:00:00-04:00,34.87266895832529,35.24723896738603,34.55428248591454,34.7415657043457,243600,0.0,0.0
2019-09-30 00:00:00-04:00,34.85393673612958,34.88202850188677,34.5261839894373,34.55427932739258,240500,0.0,0.0
2019-10-01 00:00:00-04:00,34.67601893168733,34.8913975096992,33.54293892780798,33.74895477294922,346900,0.0,0.0
2019-10-02 00:00:00-04:00,33.51484532176437,33.54293709103673,33.04663011549954,33.39310836791992,260700,0.0,0.0
2019-10-03 00:00:00-04:00,33.38374753875114,33.5803970792656,32.831253420973304,33.32756042480469,215000,0.0,0.0
2019-10-04 00:00:00-04:00,33.4305619249279,33.77704013053543,33.06535468493644,33.73958206176758,167200,0.0,0.0
2019-10-07 00:00:00-04:00,33.70212859948803,34.02051504938971,33.571025354777085,33.786407470703125,181600,0.0,0.0
2019-10-08 00:00:00-04:00,33.36501313069245,33.44929200194812,32.89679797309383,32.94361877441406,214100,0.0,0.0
2019-10-09 00:00:00-04:00,33.37437478412525,33.41183285285085,32.92488867601222,33.18708801269531,151500,0.0,0.0
2019-10-10 00:00:00-04:00,33.23391272023881,33.655303494963086,33.14026754747936,33.15899658203125,178700,0.0,0.0
2019-10-11 00:00:00-04:00,33.8145015887515,34.31080854698049,33.758314479967716,33.795772552490234,291700,0.0,0.0
2019-10-14 00:00:00-04:00,33.786406466184005,33.90813983149904,33.54293259115782,33.87068176269531,105000,0.0,0.0
2019-10-15 00:00:00-04:00,34.011147340285646,34.47936247830962,33.917505741560056,34.05796813964844,248000,0.0,0.0
2019-10-16 00:00:00-04:00,34.07669374086865,34.554275133971345,34.07669374086865,34.45126724243164,224700,0.0,0.0
2019-10-17 00:00:00-04:00,34.619830412989096,34.75093008752297,34.19843605041723,34.6760139465332,249700,0.0,0.0
2019-10-18 00:00:00-04:00,34.526187516513644,35.0693188579577,34.526187516513644,34.97567367553711,225000,0.0,0.0
2019-10-21 00:00:00-04:00,35.3034218505811,35.79036601905371,35.3034218505811,35.48134231567383,273500,0.0,0.0
2019-10-22 00:00:00-04:00,35.40642978634476,35.78099975093767,35.19105125295929,35.61244201660156,240000,0.0,0.0
2019-10-23 00:00:00-04:00,35.53753393354978,35.69672538482994,35.265968263744114,35.5562629699707,276800,0.0,0.0
2019-10-24 00:00:00-04:00,36.05256411056462,36.19303007493947,35.24723353550424,35.49070739746094,207700,0.0,0.0
2019-10-25 00:00:00-04:00,35.53752940856169,36.38031450700073,35.53752940856169,36.193031311035156,374400,0.0,0.0
2019-10-28 00:00:00-04:00,36.202398292736916,36.895358344648095,35.95892796607528,36.82044219970703,379100,0.0,0.0
2019-10-29 00:00:00-04:00,36.61442187472494,37.51339764257391,36.54887204205443,37.457210540771484,373200,0.0,0.0
2019-10-30 00:00:00-04:00,37.41039056816082,37.75686877309873,36.979633494757145,37.6351318359375,312200,0.0,0.0
2019-10-31 00:00:00-04:00,37.298026416810494,37.32611818711552,36.36159596985706,36.80171585083008,228600,0.0,0.0
2019-11-01 00:00:00-04:00,37.073275816631636,37.43848306303296,36.95153887709849,37.41975402832031,329800,0.0,0.0
2019-11-04 00:00:00-05:00,37.87860791186665,37.92542871435831,37.52276338297322,37.831787109375,377100,0.0,0.0
2019-11-05 00:00:00-05:00,37.822358004429056,38.26555307202934,37.586616559472134,37.99209213256836,306900,0.28,0.0
2019-11-06 00:00:00-05:00,37.888366929675925,38.10524863658784,37.68091329822578,37.92608642578125,199900,0.0,0.0
2019-11-07 00:00:00-05:00,38.19954137532664,38.53900962464912,38.020379175797075,38.22783279418945,215200,0.0,0.0
2019-11-08 00:00:00-05:00,38.142964495636924,38.50129248021148,38.07695718231119,38.38813400268555,190300,0.0,0.0
2019-11-11 00:00:00-05:00,38.19954346081174,38.322130023566054,37.935514184537,38.27498245239258,135000,0.0,0.0
2019-11-12 00:00:00-05:00,38.22783292567354,38.46357436661066,38.0580988004285,38.28440856933594,206800,0.0,0.0
2019-11-13 00:00:00-05:00,37.926081652630934,38.06752434953106,37.60547317034382,37.73748779296875,168600,0.0,0.0
2019-11-14 00:00:00-05:00,37.68090806715322,37.78463486847836,37.266004458981286,37.624332427978516,202100,0.0,0.0
2019-11-15 00:00:00-05:00,37.85064294895092,37.85064294895092,37.24714547128587,37.38859176635742,274800,0.0,0.0
2019-11-18 00:00:00-05:00,37.34144305284527,37.54889667332485,37.01140647219953,37.53003692626953,191900,0.0,0.0
2019-11-19 00:00:00-05:00,37.66204624406149,37.8506400908734,36.4550513798708,37.614898681640625,214300,0.0,0.0
2019-11-20 00:00:00-05:00,37.45460579615452,37.64319609390458,37.03969850799395,37.20000457763672,259500,0.0,0.0
2019-11-21 00:00:00-05:00,37.45460288005454,37.77521139724914,36.860533416432084,37.020835876464844,175900,0.0,0.0
2019-11-22 00:00:00-05:00,37.17171199770756,37.294298565131115,36.91711438424753,36.973690032958984,128100,0.0,0.0
2019-11-25 00:00:00-05:00,36.983115641674395,37.56775336431437,36.88881691406882,37.29429244995117,334000,0.0,0.0
2019-11-26 00:00:00-05:00,37.27543881651755,37.445172956910405,36.92654245998969,36.973690032958984,240600,0.0,0.0
2019-11-27 00:00:00-05:00,37.05855018585517,37.30372327493859,36.86995633205143,37.12455749511719,162900,0.0,0.0
2019-11-29 00:00:00-05:00,37.03026694115299,37.18114132340787,36.81338524148215,36.851104736328125,71000,0.0,0.0
2019-12-02 00:00:00-05:00,37.03969322365984,37.20942734512295,36.40790790264735,36.492774963378906,234000,0.0,0.0
2019-12-03 00:00:00-05:00,36.04957962036133,36.134446680403464,35.700683305578686,36.04957962036133,178200,0.0,0.0
2019-12-04 00:00:00-05:00,36.238170879335655,36.681365894013865,36.1533038254,36.31360626220703,266000,0.0,0.0
2019-12-05 00:00:00-05:00,36.55877970676207,36.69079432592139,36.294750468443425,36.37018585205078,204400,0.0,0.0
2019-12-06 00:00:00-05:00,36.79452503038845,37.24714817144932,36.74737746098962,36.775665283203125,229100,0.0,0.0
2019-12-09 00:00:00-05:00,36.58707450878075,36.85110739461984,36.4739196132093,36.624794006347656,243800,0.0,0.0
2019-12-10 00:00:00-05:00,36.662510049469,36.79452468138511,36.56821131443682,36.719085693359375,139600,0.0,0.0
2019-12-11 00:00:00-05:00,36.80395173062941,36.99254559830888,36.539922474155446,36.879390716552734,260700,0.0,0.0
2019-12-12 00:00:00-05:00,37.03969026961969,38.029807098232304,36.964254886723886,37.878929138183594,242000,0.0,0.0
2019-12-13 00:00:00-05:00,37.70920097640967,38.02037779557292,37.284865680160884,37.539466857910156,164200,0.0,0.0
2019-12-16 00:00:00-05:00,37.9638015355307,38.30326979916316,37.9638015355307,38.161827087402344,291700,0.0,0.0
2019-12-17 00:00:00-05:00,38.133533650422514,38.63330794417183,38.133533650422514,38.55786895751953,243000,0.0,0.0
2019-12-18 00:00:00-05:00,38.63331165129953,38.92562875980482,38.43528609089978,38.53901290893555,608800,0.0,0.0
2019-12-19 00:00:00-05:00,38.586155874227146,38.75588999308623,38.33155829306731,38.73703384399414,391200,0.0,0.0
2019-12-20 00:00:00-05:00,38.661595589588835,39.03878332687538,38.23726028442367,38.92562484741211,1427500,0.0,0.0
2019-12-23 00:00:00-05:00,39.0010592765155,39.0010592765155,38.52957645856367,38.77474594116211,365200,0.0,0.0
2019-12-24 00:00:00-05:00,38.75589185063269,38.850190586256744,38.52958207939288,38.746463775634766,163400,0.0,0.0
2019-12-26 00:00:00-05:00,38.76532166476106,38.88790821663235,38.586155874227146,38.73703384399414,105800,0.0,0.0
2019-12-27 00:00:00-05:00,38.69931699196116,38.88791086990866,38.293841413369215,38.51072311401367,181500,0.0,0.0
2019-12-30 00:00:00-05:00,38.689883352768106,38.699315024606975,38.39756627408258,38.52014923095703,153300,0.0,0.0
2019-12-31 00:00:00-05:00,38.520148511849925,38.671022884295546,38.350414393207494,38.3692741394043,253500,0.0,0.0
2020-01-02 00:00:00-05:00,38.50129617769692,38.50129617769692,38.02038159484886,38.33156204223633,232100,0.0,0.0
2020-01-03 00:00:00-05:00,37.76578346839552,38.303273742099776,37.57718956950485,38.18069076538086,326900,0.0,0.0
2020-01-06 00:00:00-05:00,37.7752109869678,37.85064637994947,37.501750043510036,37.718631744384766,227100,0.0,0.0
2020-01-07 00:00:00-05:00,37.831786711791246,38.00152084276739,37.29429649607645,37.33201599121094,167400,0.0,0.0
2020-01-08 00:00:00-05:00,37.41688072685258,37.61490266828479,37.228286860052414,37.24714660644531,275700,0.0,0.0
2020-01-09 00:00:00-05:00,37.426313092166176,37.426313092166176,36.88882284829969,36.954830169677734,244200,0.0,0.0
2020-01-10 00:00:00-05:00,36.794527690808785,36.97368990633019,36.5870740538993,36.9171142578125,305100,0.0,0.0
2020-01-13 00:00:00-05:00,36.93596860098552,37.360303929740496,36.775666141860896,37.35087585449219,279000,0.0,0.0
2020-01-14 00:00:00-05:00,37.25657354563057,37.558325881591806,37.10569917621431,37.38859176635742,215900,0.0,0.0
2020-01-15 00:00:00-05:00,37.19999993258983,37.32258648852386,36.8605316836211,37.03026580810547,230900,0.0,0.0
2020-01-16 00:00:00-05:00,37.29429377119392,37.65262175453247,37.25657427881538,37.57718276977539,254300,0.0,0.0
2020-01-17 00:00:00-05:00,37.9166493889446,37.9166493889446,37.49231411061524,37.6431884765625,184500,0.0,0.0
2020-01-21 00:00:00-05:00,37.360301170820854,37.4545999019856,36.7285158590966,36.7662353515625,236800,0.0,0.0
2020-01-22 00:00:00-05:00,36.94539719168246,36.954825266144354,36.57764113647968,36.70965576171875,330300,0.0,0.0
2020-01-23 00:00:00-05:00,36.77566595077515,37.81292688489412,36.56821232509974,37.718631744384766,558300,0.0,0.0
2020-01-24 00:00:00-05:00,37.83178317720168,38.142963587294325,37.190566208339895,37.812923431396484,388900,0.0,0.0
2020-01-27 00:00:00-05:00,37.05855621509982,37.850647652242024,36.822814758773326,37.596046447753906,259800,0.0,0.0
2020-01-28 00:00:00-05:00,37.95437387259756,37.95437387259756,37.43574339624875,37.46403121948242,237200,0.0,0.0
2020-01-29 00:00:00-05:00,37.57718268596368,37.71862898350332,37.11513149530787,37.13399124145508,199500,0.0,0.0
2020-01-30 00:00:00-05:00,36.841668350271426,37.49231336603586,36.822808605261486,37.45459747314453,227700,0.0,0.0
2020-01-31 00:00:00-05:00,37.15285170272114,37.256574912834076,36.41733597733804,36.492774963378906,248200,0.0,0.0
2020-02-03 00:00:00-05:00,36.75680410690759,37.275434544388176,36.62478947887204,37.26600646972656,358800,0.0,0.0
2020-02-04 00:00:00-05:00,37.81993103027344,38.06824575852743,37.67667589617802,37.81993103027344,160400,0.5,0.0
2020-02-05 00:00:00-05:00,38.20195181244928,38.64127338391916,37.953640728686054,38.526668548583984,168300,0.0,0.0
2020-02-06 00:00:00-05:00,38.803635115708595,38.899138541746346,38.21150221596358,38.26880645751953,147500,0.0,0.0
2020-02-07 00:00:00-05:00,38.030042584998846,38.14464741987344,37.38060911533941,37.47611618041992,143600,0.0,0.0
2020-02-10 00:00:00-05:00,37.409258571257965,37.78173065185547,37.23735314442625,37.78173065185547,240700,0.0,0.0
2020-02-11 00:00:00-05:00,37.963193774021605,38.27836165976024,37.79128468056824,37.87723922729492,275700,0.0,0.0
2020-02-12 00:00:00-05:00,38.2306068683895,38.28791111479979,37.60982726011257,37.810386657714844,181200,0.0,0.0
2020-02-13 00:00:00-05:00,37.657572432361626,38.27835557597011,37.60982072359678,38.14464569091797,176600,0.0,0.0
2020-02-14 00:00:00-05:00,38.17330878352733,38.17330878352733,37.49522124088361,37.71488571166992,237000,0.0,0.0
2020-02-18 00:00:00-05:00,37.38061680725625,37.60027763730865,36.874442009449545,37.12275314331055,210300,0.0,0.0
2020-02-19 00:00:00-05:00,37.3424072265625,37.46656459267238,37.18959956182038,37.3424072265625,167900,0.0,0.0
2020-02-20 00:00:00-05:00,37.21825632423865,37.69578076814945,37.2087037951559,37.53342056274414,218100,0.0,0.0
2020-02-21 00:00:00-05:00,37.428364438156166,37.47611979691588,36.941291110519366,36.95083999633789,290700,0.0,0.0
2020-02-24 00:00:00-05:00,35.9098357086719,36.11039873828816,35.35590926388532,35.795230865478516,237200,0.0,0.0
2020-02-25 00:00:00-05:00,35.73792715926165,35.74747968821763,34.30535384654085,34.32445526123047,419100,0.0,0.0
2020-02-26 00:00:00-05:00,34.62051972291209,34.84018051431219,33.770526856078895,33.82782745361328,476900,0.0,0.0
2020-02-27 00:00:00-05:00,33.13064403862919,34.10479432468278,32.777276976299326,32.80592727661133,396200,0.0,0.0
2020-02-28 00:00:00-05:00,31.717171413552194,32.37615745128695,31.153692446688826,31.707622528076172,568600,0.0,0.0
2020-03-02 00:00:00-05:00,31.755372037404808,33.36940316924983,31.593015493027785,33.321651458740234,388000,0.0,0.0
2020-03-03 00:00:00-05:00,33.245248295519396,33.6272656095456,32.1851436002168,32.46210861206055,507900,0.0,0.0
2020-03-04 00:00:00-05:00,32.82502907123101,33.149745837008005,32.05144180807284,33.03514099121094,490800,0.0,0.0
2020-03-05 00:00:00-05:00,32.01323857843734,32.44301129883487,30.026737000532055,30.819427490234375,778500,0.0,0.0
2020-03-06 00:00:00-05:00,29.415503301266245,30.9149296762682,29.36775158830368,30.39920425415039,666900,0.0,0.0
2020-03-09 00:00:00-04:00,27.83967281327867,28.65146467677621,26.464401998742314,26.512155532836914,444200,0.0,0.0
2020-03-10 00:00:00-04:00,27.61046337130691,28.632365396114366,26.81777286239551,28.498659133911133,500200,0.0,0.0
2020-03-11 00:00:00-04:00,27.81102398294188,28.164391045845473,26.340247844165816,26.63631248474121,644500,0.0,0.0
2020-03-12 00:00:00-04:00,24.563852892003432,27.018329679458425,23.876218456243542,25.37564468383789,701900,0.0,0.0
2020-03-13 00:00:00-04:00,26.989680739370066,27.715518084495258,25.432950092627145,27.11383628845215,777100,0.0,0.0
2020-03-16 00:00:00-04:00,23.88577134259257,25.51890395970421,23.64700913623512,24.315542221069336,802000,0.0,0.0
2020-03-17 00:00:00-04:00,24.773968457138583,27.95428115465969,24.239139772780966,27.744169235229492,997700,0.0,0.0
2020-03-18 00:00:00-04:00,25.9677795751814,28.011583596877035,25.15598766229864,26.28294563293457,933700,0.0,0.0
2020-03-19 00:00:00-04:00,25.795870226923853,27.400352621824634,22.491400185690363,26.579010009765625,1053700,0.0,0.0
2020-03-20 00:00:00-04:00,26.20653987221423,26.98012889872845,23.21723607501399,23.561054229736328,1157300,0.0,0.0
2020-03-23 00:00:00-04:00,23.264992109935964,24.420600420607506,20.896469420625934,21.097030639648438,744100,0.0,0.0
2020-03-24 00:00:00-04:00,21.96612216085736,23.255438391142928,21.689157137499357,23.217235565185547,594500,0.0,0.0
2020-03-25 00:00:00-04:00,23.35094585095393,23.79026746149927,21.899271115775,22.01387596130371,838000,0.0,0.0
2020-03-26 00:00:00-04:00,22.33859293905063,25.25149314454394,21.86106849437414,25.050931930541992,562800,0.0,0.0
2020-03-27 00:00:00-04:00,23.81891817657214,25.098683746244014,23.36049335670546,24.229589462280273,400000,0.0,0.0
2020-03-30 00:00:00-04:00,24.191388801173602,25.509355494578696,23.752067177242314,25.45205307006836,366900,0.0,0.0
2020-03-31 00:00:00-04:00,25.289692965052247,25.73856708779621,24.506553204023774,25.595308303833008,543500,0.0,0.0
2020-04-01 00:00:00-04:00,25.14643476704302,25.14643476704302,24.15318496481232,24.6784610748291,500800,0.0,0.0
2020-04-02 00:00:00-04:00,24.458799209936448,25.92957334608854,24.458799209936448,25.690811157226562,446500,0.0,0.0
2020-04-03 00:00:00-04:00,25.404300958948806,25.786320152440496,22.243089628089642,22.739713668823242,750800,0.0,0.0
2020-04-06 00:00:00-04:00,24.048127922767403,24.53520300601393,22.988023222665497,23.933521270751953,579100,0.0,0.0
2020-04-07 00:00:00-04:00,25.146434655445155,25.71946429576378,23.226786362263823,23.7138614654541,785600,0.0,0.0
2020-04-08 00:00:00-04:00,24.411047119086774,25.375646637579525,23.398695888649364,24.964975357055664,541700,0.0,0.0
2020-04-09 00:00:00-04:00,25.595309365852092,27.018333806213214,25.41385138942877,26.83687400817871,552600,0.0,0.0
2020-04-13 00:00:00-04:00,27.113835534507352,27.113835534507352,24.898122553953108,25.165536880493164,390500,0.0,0.0
2020-04-14 00:00:00-04:00,25.805418964749716,25.96777733330941,24.50655201627217,25.146434783935547,453100,0.0,0.0
2020-04-15 00:00:00-04:00,23.971725638948442,24.382396921166738,23.52285152972795,23.647008895874023,397200,0.0,0.0
2020-04-16 00:00:00-04:00,23.56105542798189,23.952625314502622,21.937471638790228,22.548704147338867,488300,0.0,0.0
2020-04-17 00:00:00-04:00,23.045327595014573,24.23913863917762,23.045327595014573,24.01947784423828,326500,0.0,0.0
2020-04-20 00:00:00-04:00,23.35094536373092,24.497002903161118,22.930723355134276,23.981277465820312,337800,0.0,0.0
2020-04-21 00:00:00-04:00,23.121731621604727,23.818918661628672,22.797016690769368,23.66611099243164,268900,0.0,0.0
2020-04-22 00:00:00-04:00,24.344195117849967,24.35374582500213,23.054878798086452,23.427349090576172,278600,0.0,0.0
2020-04-23 00:00:00-04:00,23.551504437538025,24.22003935954366,23.44644848138,23.780715942382812,247900,0.0,0.0
2020-04-24 00:00:00-04:00,23.904871454301876,24.286890599344794,23.57060401928521,23.838016510009766,286600,0.0,0.0
2020-04-27 00:00:00-04:00,24.239137943173716,25.843620231915434,24.172284818077983,25.318344116210938,487300,0.0,0.0
2020-04-28 00:00:00-04:00,26.10148447898954,26.50260506088357,25.5571069367643,25.77676773071289,403500,0.0,0.0
2020-04-29 00:00:00-04:00,26.827323710279668,27.839675032853084,26.311596430606983,27.152040481567383,552700,0.0,0.0
2020-04-30 00:00:00-04:00,25.872272978137392,26.445302641073305,24.516103565220526,25.77676773071289,555800,0.0,0.0
2020-05-01 00:00:00-04:00,24.869471355622224,25.261041213630367,22.64420592710185,23.217235565185547,647300,0.0,0.0
2020-05-04 00:00:00-04:00,22.85432013763782,23.198138319576586,22.281290441610274,23.064430236816406,376100,0.0,0.0
2020-05-05 00:00:00-04:00,23.551506645566665,23.570608061497328,21.77511503946331,21.99477767944336,385900,0.0,0.0
2020-05-06 00:00:00-04:00,22.138032802299076,22.69196106663428,21.498149995083306,21.584104537963867,363700,0.0,0.0
2020-05-07 00:00:00-04:00,21.78466635519407,22.271741545347055,21.65096008317176,21.985227584838867,614800,0.0,0.0
2020-05-08 00:00:00-04:00,22.701512461578634,23.198138319576586,22.367244987094967,23.064430236816406,423100,0.0,0.0
2020-05-11 00:00:00-04:00,22.758813812432184,22.873420474882554,21.631855888383136,21.76556396484375,539000,0.0,0.0
2020-05-12 00:00:00-04:00,21.794215699656917,22.071180756213618,20.438046182998303,20.4571475982666,392400,0.0,0.0
2020-05-13 00:00:00-04:00,20.311992121909192,20.46682374056472,18.995921517598696,19.673311233520508,410600,0.28,0.0
2020-05-14 00:00:00-04:00,19.315261821756174,20.215221752253232,18.492719545764086,19.973297119140625,653500,0.0,0.0
2020-05-15 00:00:00-04:00,19.644279136864707,20.166837221468736,19.47977031531215,19.88620376586914,486400,0.0,0.0
2020-05-18 00:00:00-04:00,20.757133757350175,22.09255688770991,20.757133757350175,21.83127784729004,385600,0.0,0.0
2020-05-19 00:00:00-04:00,21.570000088773625,21.91837028782204,20.67971740989278,20.69906997680664,316400,0.0,0.0
2020-05-20 00:00:00-04:00,21.240981431810265,22.11190965601857,21.13453401309717,22.053848266601562,414200,0.0,0.0
2020-05-21 00:00:00-04:00,21.91837031906482,22.55705117159207,21.91837031906482,22.179649353027344,325500,0.0,0.0
2020-05-22 00:00:00-04:00,22.295775580331338,22.498991390809973,21.5603244574657,21.763540267944336,239600,0.0,0.0
2020-05-26 00:00:00-04:00,22.80865236369242,23.82473685221141,21.831276699454534,23.486042022705078,446600,0.0,0.0
2020-05-27 00:00:00-04:00,24.327938814531414,25.750456739065548,23.892475612812706,25.6536865234375,447700,0.0,0.0
2020-05-28 00:00:00-04:00,26.38913973184375,26.38913973184375,24.115047784814262,24.366649627685547,484200,0.0,0.0
2020-05-29 00:00:00-04:00,23.834410632248574,23.969889662511427,23.098961477053464,23.57313346862793,395200,0.0,0.0
2020-06-01 00:00:00-04:00,23.844090735046937,24.415033004546643,22.905423843266316,23.834413528442383,459000,0.0,0.0
2020-06-02 00:00:00-04:00,24.115046562513566,24.327939566888453,23.292502472844962,23.553781509399414,207200,0.0,0.0
2020-06-03 00:00:00-04:00,24.318262575654387,25.85690334355099,24.318262575654387,25.42144012451172,446900,0.0,0.0
2020-06-04 00:00:00-04:00,25.295639291030458,25.992383422371955,24.927914657285715,25.682720184326172,451500,0.0,0.0
2020-06-05 00:00:00-04:00,27.12458985310216,28.895478049526083,26.872988019446392,28.440658569335938,563800,0.0,0.0
2020-06-08 00:00:00-04:00,29.205139605130302,29.87285205446753,28.914828961804485,29.814788818359375,698400,0.0,0.0
2020-06-09 00:00:00-04:00,28.730969558708377,30.298640126572806,28.672906318610845,29.350296020507812,798200,0.0,0.0
2020-06-10 00:00:00-04:00,29.09869328105288,29.659958331077526,27.763270177800585,27.801977157592773,583000,0.0,0.0
2020-06-11 00:00:00-04:00,26.137535734852953,26.302044547567046,24.695665244941594,25.160160064697266,512000,0.0,0.0
2020-06-12 00:00:00-04:00,26.447200793602573,26.514939395493354,24.89888277396489,25.789165496826172,494900,0.0,0.0
2020-06-15 00:00:00-04:00,24.647279963123786,26.3891383587357,24.386002772659637,26.18592071533203,480100,0.0,0.0
2020-06-16 00:00:00-04:00,27.376192814141916,28.305182534446182,26.53429426509499,28.072935104370117,657300,0.0,0.0
2020-06-17 00:00:00-04:00,28.189057021185796,28.218088641195724,26.66977064302994,27.018142700195312,580100,0.0,0.0
2020-06-18 00:00:00-04:00,26.650419708691384,28.227767577795944,26.650419708691384,27.618118286132812,510500,0.0,0.0
2020-06-19 00:00:00-04:00,28.043901123053843,28.043901123053843,26.224628817713622,26.969757080078125,946500,0.0,0.0
2020-06-22 00:00:00-04:00,26.82460124652172,27.318127693645376,26.369783624617977,27.085880279541016,303100,0.0,0.0
2020-06-23 00:00:00-04:00,27.656822662372303,27.8987472839276,26.66009255709865,26.7858943939209,470500,0.0,0.0
2020-06-24 00:00:00-04:00,26.282688525326748,26.282688525326748,25.14080411240468,25.411760330200195,379500,0.0,0.0
2020-06-25 00:00:00-04:00,25.344023418278546,26.708478111821282,25.179514604729647,26.669769287109375,355600,0.0,0.0
2020-06-26 00:00:00-04:00,26.137535189787247,26.29236679314365,25.285959525588723,25.50853157043457,968700,0.0,0.0
2020-06-29 00:00:00-04:00,25.77948839143034,27.11491340384464,25.77948839143034,26.80525016784668,315300,0.0,0.0
2020-06-30 00:00:00-04:00,26.534293764475084,27.685855531897037,26.534293764475084,27.434253692626953,347000,0.0,0.0
2020-07-01 00:00:00-04:00,27.531025626733733,27.65682563132218,25.760137280674275,25.8665828704834,400900,0.0,0.0
2020-07-02 00:00:00-04:00,26.727833473695952,27.279421325267577,25.7988419507292,25.914966583251953,223200,0.0,0.0
2020-07-06 00:00:00-04:00,26.66977044416852,27.153619699628887,25.373054291875672,26.302045822143555,481200,0.0,0.0
2020-07-07 00:00:00-04:00,25.97302749589939,26.098827486877006,25.46014663416951,25.63433265686035,427700,0.0,0.0
2020-07-08 00:00:00-04:00,25.547240324704166,25.96335097980854,24.792436667294776,25.479501724243164,381000,0.0,0.0
2020-07-09 00:00:00-04:00,25.373053880805205,25.634332917498025,24.560186997142026,24.86985206604004,392300,0.0,0.0
2020-07-10 00:00:00-04:00,24.840820398321398,26.050443515018507,24.840820398321398,26.021411895751953,282400,0.0,0.0
2020-07-13 00:00:00-04:00,26.476230839769947,27.356836303467297,25.934318365388222,26.863309860229492,491100,0.0,0.0
2020-07-14 00:00:00-04:00,26.60203252088997,27.50199245427332,26.098828839424673,26.6407413482666,374000,0.0,0.0
2020-07-15 00:00:00-04:00,27.202005130258087,28.29550361125922,27.047173519598427,27.96648597717285,382300,0.0,0.0
2020-07-16 00:00:00-04:00,27.57940728630869,28.585814613588077,27.21168266794948,28.053579330444336,303100,0.0,0.0
2020-07-17 00:00:00-04:00,27.956809661479483,28.411629147303646,27.63746922360261,27.70520782470703,401600,0.0,0.0
2020-07-20 00:00:00-04:00,27.385865410242044,27.850362069232773,27.250388217811338,27.347158432006836,448900,0.0,0.0
2020-07-21 00:00:00-04:00,27.772948439911993,29.427712033740264,27.772948439911993,29.408357620239258,455000,0.0,0.0
2020-07-22 00:00:00-04:00,29.08901519865954,29.379325844181047,28.518072959446076,28.885799407958984,383400,0.0,0.0
2020-07-23 00:00:00-04:00,28.982569666826976,30.182515537871907,28.789029236187524,29.872852325439453,523100,0.0,0.0
2020-07-24 00:00:00-04:00,29.766405287997284,30.027684319009516,28.914829597084463,29.001922607421875,368600,0.0,0.0
2020-07-27 00:00:00-04:00,28.94386053474611,28.94386053474611,27.550374247873737,27.84068489074707,257400,0.0,0.0
2020-07-28 00:00:00-04:00,27.521346774949414,28.450336479987104,27.521346774949414,27.627792358398438,194800,0.0,0.0
2020-07-29 00:00:00-04:00,27.531023300432494,28.469690189051825,27.31812844732615,28.440658569335938,251600,0.0,0.0
2020-07-30 00:00:00-04:00,27.705208753201873,28.247121271675447,27.405222718655136,28.101966857910156,225900,0.0,0.0
2020-07-31 00:00:00-04:00,28.024549413590883,28.082612656126653,27.02782107799435,27.995519638061523,477500,0.0,0.0
2020-08-03 00:00:00-04:00,28.198733736487753,28.247119768994498,27.68585471208512,28.053579330444336,281700,0.0,0.0
2020-08-04 00:00:00-04:00,27.91678019046363,28.004722595214844,27.428212103507697,28.004722595214844,268800,0.28,0.0
2020-08-05 00:00:00-04:00,28.366261773560694,28.923229054711033,27.89723502714111,28.77665901184082,362300,0.0,0.0
2020-08-06 00:00:00-04:00,28.571462817613376,28.649633640577512,27.086215317555368,28.258779525756836,219500,0.0,0.0
2020-08-07 00:00:00-04:00,28.102436075379767,29.509512662125687,27.75066646275846,29.48019790649414,266800,0.0,0.0
2020-08-10 00:00:00-04:00,29.63654174770563,30.63322114847162,29.362942932670027,30.232595443725586,326200,0.0,0.0
2020-08-11 00:00:00-04:00,30.848187973820096,31.434468173142594,30.12510744608162,30.330307006835938,342500,0.0,0.0
2020-08-12 00:00:00-04:00,30.93612923652749,30.984985296757674,29.62676669397479,30.144649505615234,217300,0.0,0.0
2020-08-13 00:00:00-04:00,29.99808228817302,30.213051582679245,29.216372204647882,29.343400955200195,194000,0.0,0.0
2020-08-14 00:00:00-04:00,29.01117338395678,29.72448234013998,28.874373052932814,29.61699676513672,414000,0.0,0.0
2020-08-17 00:00:00-04:00,29.42157263948588,29.704941178561082,29.118659064668933,29.460657119750977,227300,0.0,0.0
2020-08-18 00:00:00-04:00,29.362939370932242,29.362939370932242,28.180605571987044,28.307632446289062,321900,0.0,0.0
2020-08-19 00:00:00-04:00,28.415119733015448,28.79620224270381,27.985179296611054,28.239234924316406,408900,0.0,0.0
2020-08-20 00:00:00-04:00,27.838608265387847,28.219690761680795,27.291412551578105,27.359811782836914,552900,0.0,0.0
2020-08-21 00:00:00-04:00,27.3500426759271,27.65295438340726,27.01781621079165,27.183929443359375,1121000,0.0,0.0
2020-08-24 00:00:00-04:00,27.35981307983887,28.57146172115444,27.105757449020214,28.532377243041992,350200,0.0,0.0
2020-08-25 00:00:00-04:00,28.776661004054123,28.933002642437806,28.32717739589653,28.542146682739258,201200,0.0,0.0
2020-08-26 00:00:00-04:00,28.48351951898636,28.512834275584403,27.672496557167513,27.682268142700195,217800,0.0,0.0
2020-08-27 00:00:00-04:00,27.613868194773236,28.141520753739446,27.34026939814007,27.71158218383789,410500,0.0,0.0
2020-08-28 00:00:00-04:00,28.06335050672315,28.06335050672315,27.2914138912451,27.53569793701172,187500,0.0,0.0
2020-08-31 00:00:00-04:00,27.340270803511846,27.83861049599234,27.125301507511,27.27187156677246,417500,0.0,0.0
2020-09-01 00:00:00-04:00,26.998271269392895,27.18392766156177,26.646503519283666,26.94941520690918,241500,0.0,0.0
2020-09-02 00:00:00-04:00,26.8907898950469,27.223016367265057,26.392450186719667,26.626962661743164,374100,0.0,0.0
2020-09-03 00:00:00-04:00,26.910331488044186,27.799525269229672,26.63673268470274,26.841930389404297,386900,0.0,0.0
2020-09-04 00:00:00-04:00,27.49661153095954,27.799525088895958,26.802845737195412,27.232786178588867,268400,0.0,0.0
2020-09-08 00:00:00-04:00,26.822389924894757,26.822389924894757,25.659597303831514,25.81593894958496,267100,0.0,0.0
2020-09-09 00:00:00-04:00,26.62696147862915,26.82238946433503,25.131942420075532,25.29805564880371,290100,0.0,0.0
2020-09-10 00:00:00-04:00,25.298055544768008,25.37622636598101,25.0439999098909,25.073314666748047,280000,0.0,0.0
2020-09-11 00:00:00-04:00,24.975600286234993,25.18079985356793,24.672688591708564,24.93651580810547,212200,0.0,0.0
2020-09-14 00:00:00-04:00,24.985372643916616,25.415313099065592,24.711775697335884,25.210113525390625,271000,0.0,0.0
2020-09-15 00:00:00-04:00,25.317597431465693,25.434854589205607,24.946286515477997,25.278512954711914,368900,0.0,0.0
2020-09-16 00:00:00-04:00,25.18080025900809,25.874566064697024,24.94628779523693,25.454397201538086,437400,0.0,0.0
2020-09-17 00:00:00-04:00,24.95605826183213,25.464167645349665,24.819257932961865,24.887657165527344,331000,0.0,0.0
2020-09-18 00:00:00-04:00,24.985370437269367,25.034228361800498,24.330689158466246,24.91697120666504,1167000,0.0,0.0
2020-09-21 00:00:00-04:00,24.291607875549637,25.57165584669093,23.197214450811927,23.4903564453125,452700,0.0,0.0
2020-09-22 00:00:00-04:00,23.558755648551937,23.715097299881847,22.747732633375723,23.109272003173828,331400,0.0,0.0
2020-09-23 00:00:00-04:00,23.16789951985514,23.94960963563405,22.5425329182236,22.581619262695312,307200,0.0,0.0
2020-09-24 00:00:00-04:00,22.72818884976023,23.07995848766159,22.112591983432853,22.52298927307129,322400,0.0,0.0
2020-09-25 00:00:00-04:00,22.32756220049835,22.68910154526241,22.10282132524076,22.562074661254883,237000,0.0,0.0
2020-09-28 00:00:00-04:00,22.962699293245457,23.461038948364603,22.542530454787787,23.216754913330078,253200,0.0,0.0
2020-09-29 00:00:00-04:00,23.158127347698848,23.167897069043804,22.640244520669683,23.060413360595703,200300,0.0,0.0
2020-09-30 00:00:00-04:00,23.177670193300255,23.705324640453902,23.119042542640763,23.304698944091797,336200,0.0,0.0
2020-10-01 00:00:00-04:00,23.20698481516137,23.53921127319336,22.84544360010089,23.53921127319336,296700,0.0,0.0
2020-10-02 00:00:00-04:00,23.148356361123568,24.408861049753142,22.933385211190636,24.184120178222656,216400,0.0,0.0
2020-10-05 00:00:00-04:00,24.418633281837554,24.848573729351408,24.20366398995032,24.770402908325195,244500,0.0,0.0
2020-10-06 00:00:00-04:00,25.06354269170063,25.85502247715198,24.88765788076936,24.93651580810547,329700,0.0,0.0
2020-10-07 00:00:00-04:00,25.180800538270073,25.835481872460768,25.034230479755017,25.44462776184082,426100,0.0,0.0
2020-10-08 00:00:00-04:00,25.796395969549263,26.04068002582102,25.473941089820126,25.88433837890625,205700,0.0,0.0
2020-10-09 00:00:00-04:00,25.9820526141261,26.275192738863794,25.444628430860515,25.493484497070312,271700,0.0,0.0
2020-10-12 00:00:00-04:00,25.444625814022103,26.148163159281328,25.41531105906741,25.9820499420166,302000,0.0,0.0
2020-10-13 00:00:00-04:00,25.78662368955,25.796395275186583,24.272063326928393,24.99514389038086,239200,0.0,0.0
2020-10-14 00:00:00-04:00,25.05377163121176,25.346913610152846,24.79971599495858,24.838802337646484,210400,0.0,0.0
2020-10-15 00:00:00-04:00,24.535890745824812,25.571654603045634,24.34046275899549,25.522798538208008,219500,0.0,0.0
2020-10-16 00:00:00-04:00,25.45439687530864,26.021135788093673,24.83880189876637,25.62051010131836,221000,0.0,0.0
2020-10-19 00:00:00-04:00,25.70845123133294,25.98205002051893,25.22965474806192,25.28828239440918,234800,0.0,0.0
2020-10-20 00:00:00-04:00,25.64982457611876,26.109077907106915,25.513026108109386,25.708452224731445,175600,0.0,0.0
2020-10-21 00:00:00-04:00,25.640053465645856,26.030907569868933,25.493483409529624,25.76708221435547,180200,0.0,0.0
2020-10-22 00:00:00-04:00,25.96250883962553,27.027587459188666,25.669368721690844,26.96895980834961,205100,0.0,0.0
2020-10-23 00:00:00-04:00,27.18392878582054,27.643183992614073,26.890788671316095,27.516155242919922,249800,0.0,0.0
2020-10-26 00:00:00-04:00,27.154615206472617,27.164384928135096,26.812617172366085,27.00804328918457,226500,0.0,0.0
2020-10-27 00:00:00-04:00,26.832159057953703,27.01781545711261,25.93319554647546,25.991823196411133,244300,0.0,0.0
2020-10-28 00:00:00-04:00,25.35668429260458,25.776851279096554,24.496803421494143,25.18079948425293,277900,0.0,0.0
2020-10-29 00:00:00-04:00,25.249198104853924,27.11552799041003,24.819257679735557,26.89078712463379,393000,0.0,0.0
2020-10-30 00:00:00-04:00,26.734446668379576,27.91678055986287,26.734446668379576,27.760438919067383,558700,0.0,0.0
2020-11-02 00:00:00-05:00,28.23923590096795,29.069802046472176,27.887468135143347,29.04048728942871,447500,0.0,0.0
2020-11-03 00:00:00-05:00,29.70493805571255,30.25213376807404,29.314083975454345,29.968765258789062,365700,0.0,0.0
2020-11-04 00:00:00-05:00,29.21637191207531,29.704940010483725,27.60409756007542,27.672496795654297,301700,0.0,0.0
2020-11-05 00:00:00-05:00,27.555241733374363,28.39557760254134,27.506383804868523,27.6627254486084,397100,0.0,0.0
2020-11-06 00:00:00-05:00,28.03403838023632,28.17083685320794,26.910332111745177,27.047130584716797,237900,0.0,0.0
2020-11-09 00:00:00-05:00,30.196047359773374,33.749683315230406,28.626523996906407,32.7625617980957,417400,0.28,0.0
2020-11-10 00:00:00-05:00,32.25913172992497,34.88487483512492,32.25913172992497,34.28273010253906,506500,0.0,0.0
2020-11-11 00:00:00-05:00,34.33208450940901,34.77628993680345,32.19990222348535,32.60462188720703,226400,0.0,0.0
2020-11-12 00:00:00-05:00,31.95312106573893,32.89088721935002,31.4496907707437,31.913639068603516,404100,0.0,0.0
2020-11-13 00:00:00-05:00,32.229519354840356,32.851403205486946,30.798192387928907,32.59475326538086,236200,0.0,0.0
2020-11-16 00:00:00-05:00,34.02607932292074,34.786163330078125,33.394322165171666,34.786163330078125,311600,0.0,0.0
2020-11-17 00:00:00-05:00,34.27285938927472,35.12178447444131,33.7003271167411,34.95397186279297,393000,0.0,0.0
2020-11-18 00:00:00-05:00,35.358690297532235,35.417918940572406,33.641101070632146,33.69045639038086,265500,0.0,0.0
2020-11-19 00:00:00-05:00,33.808914636898564,33.808914636898564,32.72308238836487,33.18702697753906,177500,0.0,0.0
2020-11-20 00:00:00-05:00,32.54539840077423,33.18702514286589,32.298618015607474,32.95998764038086,405400,0.0,0.0
2020-11-23 00:00:00-05:00,33.44367856437814,33.63123029988586,32.08144979561996,32.881019592285156,415500,0.0,0.0
2020-11-24 00:00:00-05:00,33.62136142185655,34.983586452614134,33.44367924122384,34.766422271728516,677400,0.0,0.0
2020-11-25 00:00:00-05:00,34.1938874816531,35.53637329760949,33.473289252764374,33.887882232666016,281600,0.0,0.0
2020-11-27 00:00:00-05:00,33.956983305045675,34.38144587877649,32.65398314191803,33.157413482666016,110400,0.0,0.0
2020-11-30 00:00:00-05:00,32.77243672388624,33.38445104006517,31.044973984463002,31.202913284301758,384500,0.0,0.0
2020-12-01 00:00:00-05:00,31.893899072467054,32.69346512894173,31.85441330619005,32.41707229614258,365100,0.0,0.0
2020-12-02 00:00:00-05:00,32.38745790389021,33.00934174023929,31.00548629197506,32.89088821411133,222300,0.0,0.0
2020-12-03 00:00:00-05:00,33.02908755619004,33.65097521335162,32.525657201248784,33.394325256347656,489500,0.0,0.0
2020-12-04 00:00:00-05:00,34.045821067252916,34.3715691933966,33.56212989137949,34.26298522949219,183600,0.0,0.0
2020-12-07 00:00:00-05:00,33.927365485347316,34.66770662310641,33.562131578412355,34.45054244995117,228300,0.0,0.0
2020-12-08 00:00:00-05:00,33.87801195403354,34.7861657558029,33.87801195403354,34.18402099609375,353300,0.0,0.0
2020-12-09 00:00:00-05:00,34.51964400219276,34.88487794454368,33.62136348523017,33.83852767944336,291700,0.0,0.0
2020-12-10 00:00:00-05:00,33.36470735214576,33.76942703356901,33.25612338008125,33.7003288269043,322400,0.0,0.0
2020-12-11 00:00:00-05:00,33.137668776893854,33.84839746880677,32.959986603915624,33.177154541015625,277500,0.0,0.0
2020-12-14 00:00:00-05:00,33.70033116338776,33.70033116338776,32.782307764829106,33.0587043762207,439700,0.0,0.0
2020-12-15 00:00:00-05:00,33.4239357310707,34.016207145018434,33.0192160529068,33.868141174316406,307200,0.0,0.0
2020-12-16 00:00:00-05:00,33.75955643636885,34.07543501870928,33.56213138101364,33.91749572753906,328300,0.0,0.0
2020-12-17 00:00:00-05:00,33.34496431614975,34.26298764684036,33.25612322719356,33.907623291015625,356700,0.0,0.0
2020-12-18 00:00:00-05:00,33.96685304267705,34.539385360238214,33.74968509248903,33.93724060058594,1131100,0.0,0.0
2020-12-21 00:00:00-05:00,34.0951786629102,34.30247328116031,33.04882848203802,33.621360778808594,272300,0.0,0.0
2020-12-22 00:00:00-05:00,33.67071324034054,33.67071324034054,32.91062927246094,32.91062927246094,274000,0.0,0.0
2020-12-23 00:00:00-05:00,33.34496540292348,34.26298876353415,33.30548340198825,34.18402099609375,185700,0.0,0.0
2020-12-24 00:00:00-05:00,34.47027983390813,34.47027983390813,33.72006917553967,34.26298522949219,62700,0.0,0.0
2020-12-28 00:00:00-05:00,34.411057148157916,35.13165541339616,33.09818370540797,34.81577682495117,335400,0.0,0.0
2020-12-29 00:00:00-05:00,34.894746249952846,35.487021455651515,33.917497997183524,34.01620864868164,244000,0.0,0.0
2020-12-30 00:00:00-05:00,33.996463117322094,34.93422929579261,33.996463117322094,34.786163330078125,308100,0.0,0.0
2020-12-31 00:00:00-05:00,34.7466782156922,35.5265051192993,34.4110567486695,35.43766403198242,310300,0.0,0.0
2021-01-04 00:00:00-05:00,35.53637367021291,36.039803973690276,34.18401828212264,34.707191467285156,534500,0.0,0.0
2021-01-05 00:00:00-05:00,34.687451790086925,36.11877883714624,34.687451790086925,35.78315734863281,406500,0.0,0.0
2021-01-06 00:00:00-05:00,36.562982292069385,40.008034315242334,36.562982292069385,39.17885208129883,1047800,0.0,0.0
2021-01-07 00:00:00-05:00,40.02777616080546,40.02777616080546,39.33679035615654,39.642799377441406,625800,0.0,0.0
2021-01-08 00:00:00-05:00,39.92906796579513,39.92906796579513,38.42864273856764,39.534217834472656,579300,0.0,0.0
2021-01-11 00:00:00-05:00,39.228211235990074,40.620052441849076,37.33293594140793,40.41275405883789,311400,0.0,0.0
2021-01-12 00:00:00-05:00,40.57069237091447,41.82433713480159,40.235070908412645,41.370262145996094,250700,0.0,0.0
2021-01-13 00:00:00-05:00,41.20245219507969,41.36039148111519,40.47198064368451,40.84708786010742,313600,0.0,0.0
2021-01-14 00:00:00-05:00,41.04451810540571,42.41661653259524,41.04451810540571,41.94279861450195,378000,0.0,0.0
2021-01-15 00:00:00-05:00,41.18271316501442,41.903311460289444,40.92605944772361,41.34065246582031,421400,0.0,0.0
2021-01-19 00:00:00-05:00,41.39000536237385,41.923051883401534,40.67927666767028,41.44923400878906,350600,0.0,0.0
2021-01-20 00:00:00-05:00,41.42949050522659,41.78485484724807,40.59043497199372,41.29129409790039,345000,0.0,0.0
2021-01-21 00:00:00-05:00,41.39987621766813,41.66639948653184,40.17584761129763,40.57069396972656,234700,0.0,0.0
2021-01-22 00:00:00-05:00,39.8797097509149,41.60717236052386,39.8797097509149,41.459102630615234,412500,0.0,0.0
2021-01-25 00:00:00-05:00,40.659535250190274,41.439362177684714,40.333787097096696,41.350521087646484,287000,0.0,0.0
2021-01-26 00:00:00-05:00,41.844080440309135,41.844080440309135,40.78786071995065,40.995155334472656,244600,0.0,0.0
2021-01-27 00:00:00-05:00,39.82048140157894,40.777990460141496,38.94194387037274,39.850093841552734,424000,0.0,0.0
2021-01-28 00:00:00-05:00,41.468972244784965,41.468972244784965,39.48485970162877,40.264686584472656,612600,0.0,0.0
2021-01-29 00:00:00-05:00,38.8432308822152,39.89945062304418,37.66855761158788,38.023921966552734,466000,0.0,0.0
2021-02-01 00:00:00-05:00,38.13250303469822,39.4651154987903,37.727783386927555,39.208465576171875,416100,0.0,0.0
2021-02-02 00:00:00-05:00,39.90932236818523,39.96855101352606,38.813616905582705,39.810611724853516,183400,0.0,0.0
2021-02-03 00:00:00-05:00,39.52434860247864,39.65267169548496,38.91233051731172,39.36640930175781,269600,0.0,0.0
2021-02-04 00:00:00-05:00,39.48486344049285,41.13335468165982,39.39602234712894,40.75825119018555,254600,0.0,0.0
2021-02-05 00:00:00-05:00,41.29129591227031,41.449235208378745,40.22520283936095,41.02477264404297,185700,0.0,0.0
2021-02-08 00:00:00-05:00,41.24193774231534,42.633778997046534,40.906316259905054,42.495582580566406,308400,0.0,0.0
2021-02-09 00:00:00-05:00,41.97891887541085,43.00230905760909,41.80007347402568,42.54526138305664,341900,0.28,0.0
2021-02-10 00:00:00-05:00,42.82346177562685,43.250703127926656,42.21737882001744,42.2968635559082,271900,0.0,0.0
2021-02-11 00:00:00-05:00,41.89942923470874,42.93275735081618,41.442381572276396,42.39622116088867,307500,0.0,0.0
2021-02-12 00:00:00-05:00,42.127958448696745,43.0221816754917,41.889496647418376,42.81352996826172,321000,0.0,0.0
2021-02-16 00:00:00-05:00,42.962569270129165,43.70775719107791,42.803595998602304,43.25070571899414,230800,0.0,0.0
2021-02-17 00:00:00-05:00,43.18115414397217,43.538844944133025,42.9725024406189,43.320255279541016,236200,0.0,0.0
2021-02-18 00:00:00-05:00,43.31032239586844,43.42955140272543,42.78372414121343,43.0817985534668,300400,0.0,0.0
2021-02-19 00:00:00-05:00,43.47922929205008,44.24428934100387,43.47922929205008,44.13499450683594,232300,0.0,0.0
2021-02-22 00:00:00-05:00,44.31383894966818,45.873765317554444,43.73756227775522,45.63530731201172,230200,0.0,0.0
2021-02-23 00:00:00-05:00,45.73466550829919,47.05613390894729,45.416718964878335,46.22152328491211,381400,0.0,0.0
2021-02-24 00:00:00-05:00,46.64876306113584,48.18881728860359,46.479851833745066,47.841064453125,326900,0.0,0.0
2021-02-25 00:00:00-05:00,48.00997003537869,49.40098890399285,45.68498373740568,45.77440643310547,493700,0.0,0.0
2021-02-26 00:00:00-05:00,45.39684394898948,45.704856301588634,44.005828857421875,44.005828857421875,470700,0.0,0.0
2021-03-01 00:00:00-05:00,45.23787185349949,45.376972987219794,44.20454752148227,44.87024688720703,543900,0.0,0.0
2021-03-02 00:00:00-05:00,45.06896601905375,45.30742403098785,44.38339070674421,44.572174072265625,419400,0.0,0.0
2021-03-03 00:00:00-05:00,44.87024749034006,46.49972443334649,44.174738022168086,45.35710525512695,603800,0.0,0.0
2021-03-04 00:00:00-05:00,45.565757268244866,46.479852617034055,44.45294438573838,45.297489166259766,367400,0.0,0.0
2021-03-05 00:00:00-05:00,46.19171359473663,47.28465428384793,45.43658776680176,46.98657989501953,300000,0.0,0.0
2021-03-08 00:00:00-05:00,47.9106147817115,49.530153739131244,47.08593836136536,48.7253532409668,355100,0.0,0.0
2021-03-09 00:00:00-05:00,48.278238354847545,48.437211615721054,46.579210918595415,46.81766891479492,502900,0.0,0.0
2021-03-10 00:00:00-05:00,46.99651554505924,48.655802552468835,46.70837531769147,48.50676345825195,468000,0.0,0.0
2021-03-11 00:00:00-05:00,48.22856080430017,49.14265612349969,48.17888237003439,49.06317138671875,272700,0.0,0.0
2021-03-12 00:00:00-05:00,49.49041158620476,50.35482845091946,49.321500365386086,50.126304626464844,381000,0.0,0.0
2021-03-15 00:00:00-04:00,49.579834683624604,49.88784324549678,47.76157445356495,48.357723236083984,298100,0.0,0.0
2021-03-16 00:00:00-04:00,47.98016357421875,48.268303791652485,47.244909879770866,47.98016357421875,226700,0.0,0.0
2021-03-17 00:00:00-04:00,48.53657043624864,48.9041991963723,47.35420699779535,47.78144836425781,248900,0.0,0.0
2021-03-18 00:00:00-04:00,48.5862522266188,49.838166221401195,47.41382296965003,47.622474670410156,363700,0.0,0.0
2021-03-19 00:00:00-04:00,45.98306127133983,47.46350293690849,45.903576530960045,47.21510696411133,1249200,0.0,0.0
2021-03-22 00:00:00-04:00,46.797799533237246,47.13561820622129,45.26768322875349,45.34716796875,313100,0.0,0.0
2021-03-23 00:00:00-04:00,44.34364868426892,45.426655242086106,38.42188600461643,44.26416015625,248400,0.0,0.0
2021-03-24 00:00:00-04:00,44.24428707715156,45.963186661438804,43.091729977100286,43.12154006958008,430800,0.0,0.0
2021-03-25 00:00:00-04:00,42.93275588501519,43.826982837697194,42.4260298053097,43.51897048950195,537100,0.0,0.0
2021-03-26 00:00:00-04:00,43.995891669822456,44.95966921729618,43.638200877348844,44.8205680847168,374600,0.0,0.0
2021-03-29 00:00:00-04:00,43.70775499585361,44.74107931376856,42.982435453830895,43.06192398071289,399000,0.0,0.0
2021-03-30 00:00:00-04:00,43.707757083476196,44.502623439153666,43.499101585555685,43.74749755859375,394200,0.0,0.0
2021-03-31 00:00:00-04:00,43.20102707889504,43.90647073108502,42.634684564858375,42.81352996826172,389400,0.0,0.0
2021-04-01 00:00:00-04:00,42.5850051268871,43.27057663032871,42.38628759553221,42.883079528808594,228400,0.0,0.0
2021-04-05 00:00:00-04:00,43.53884383387362,44.02570158617118,42.60487638299817,43.17121887207031,278400,0.0,0.0
2021-04-06 00:00:00-04:00,43.18115234375,43.648137956738225,42.78372108586816,43.18115234375,216900,0.0,0.0
2021-04-07 00:00:00-04:00,43.28051447059492,44.08531497451223,42.44590387341359,42.66448974609375,187900,0.0,0.0
2021-04-08 00:00:00-04:00,42.5253879167714,43.280513763427734,41.829878465447386,43.280513763427734,264000,0.0,0.0
2021-04-09 00:00:00-04:00,43.43948637603295,44.16480211903593,43.359997850115164,44.005828857421875,216700,0.0,0.0
2021-04-12 00:00:00-04:00,44.32377756156433,44.58210770306501,43.300387376457635,44.194610595703125,222900,0.0,0.0
2021-04-13 00:00:00-04:00,43.995891156726024,44.0952518147108,43.0917300152831,43.230831146240234,183200,0.0,0.0
2021-04-14 00:00:00-04:00,43.12154243549748,44.303905902678856,43.12154243549748,43.74749755859375,229000,0.0,0.0
2021-04-15 00:00:00-04:00,43.68788342161896,43.73756185644336,42.048468540862714,43.43948745727539,187000,0.0,0.0
2021-04-16 00:00:00-04:00,44.21448100495693,44.21448100495693,43.16128076710066,43.5587158203125,188000,0.0,0.0
2021-04-19 00:00:00-04:00,43.648137275153765,43.7971763634206,42.634681329515104,43.19108963012695,170900,0.0,0.0
2021-04-20 00:00:00-04:00,42.7936578429512,42.7936578429512,41.174115040842686,41.38277053833008,306200,0.0,0.0
2021-04-21 00:00:00-04:00,41.15424146357109,42.734039944966895,41.03501246220771,42.614810943603516,199900,0.0,0.0
2021-04-22 00:00:00-04:00,42.78372072646626,43.26064050605105,42.36641355044114,42.525386810302734,188200,0.0,0.0
2021-04-23 00:00:00-04:00,42.67442832450604,44.76095295252841,42.42603235496901,43.866729736328125,462600,0.0,0.0
2021-04-26 00:00:00-04:00,43.94621380713108,44.08531494152026,43.19109173892338,43.27057647705078,268400,0.0,0.0
2021-04-27 00:00:00-04:00,43.618331988399106,43.618331988399106,42.803593544753625,43.12154006958008,379200,0.0,0.0
2021-04-28 00:00:00-04:00,43.06192567688653,43.737563021110006,42.803595534787775,43.697818756103516,314400,0.0,0.0
2021-04-29 00:00:00-04:00,43.648140962741145,44.70134125959282,43.161283184796204,43.578590393066406,312200,0.0,0.0
2021-04-30 00:00:00-04:00,43.628268660203595,44.18467700565849,43.0718603147487,43.25070571899414,400300,0.0,0.0
2021-05-03 00:00:00-04:00,43.96608541567076,44.14493081210478,41.53180422218253,43.608394622802734,447300,0.0,0.0
2021-05-04 00:00:00-04:00,43.538842814011396,43.896533596672356,42.79365494687488,43.84685516357422,226300,0.0,0.0
2021-05-05 00:00:00-04:00,43.906468341003034,44.313837562085915,43.29044742404829,43.61833190917969,230800,0.0,0.0
2021-05-06 00:00:00-04:00,43.92633982733813,44.35358117368877,43.19108992214505,44.34364700317383,265600,0.0,0.0
2021-05-07 00:00:00-04:00,43.78723850604905,44.08531289306443,43.41961355507079,44.01576232910156,250500,0.0,0.0
2021-05-10 00:00:00-04:00,43.638202888330746,44.4628793412287,43.1314767691227,43.36000061035156,356400,0.0,0.0
2021-05-11 00:00:00-04:00,42.529998779296875,43.529998779296875,42.529998779296875,42.709999084472656,171000,0.28,0.0
2021-05-12 00:00:00-04:00,43.2599983215332,43.36000061035156,41.099998474121094,41.22999954223633,195900,0.0,0.0
2021-05-13 00:00:00-04:00,41.349998474121094,43.599998474121094,40.97999954223633,43.209999084472656,299300,0.0,0.0
2021-05-14 00:00:00-04:00,43.59000015258789,44.150001525878906,43.20000076293945,44.0,309100,0.0,0.0
2021-05-17 00:00:00-04:00,43.880001068115234,44.20000076293945,43.18000030517578,43.689998626708984,130300,0.0,0.0
2021-05-18 00:00:00-04:00,43.58000183105469,43.880001068115234,42.5,42.52000045776367,126400,0.0,0.0
2021-05-19 00:00:00-04:00,42.04999923706055,43.0099983215332,41.380001068115234,42.939998626708984,317200,0.0,0.0
2021-05-20 00:00:00-04:00,42.709999084472656,43.52000045776367,42.04999923706055,43.31999969482422,285700,0.0,0.0
2021-05-21 00:00:00-04:00,43.95000076293945,44.130001068115234,43.119998931884766,43.529998779296875,179900,0.0,0.0
2021-05-24 00:00:00-04:00,43.650001525878906,43.650001525878906,42.61000061035156,42.86000061035156,152100,0.0,0.0
2021-05-25 00:00:00-04:00,42.880001068115234,43.54999923706055,41.33000183105469,41.380001068115234,331100,0.0,0.0
2021-05-26 00:00:00-04:00,41.380001068115234,41.9900016784668,41.36000061035156,41.939998626708984,226100,0.0,0.0
2021-05-27 00:00:00-04:00,42.47999954223633,43.130001068115234,42.2599983215332,42.790000915527344,238800,0.0,0.0
2021-05-28 00:00:00-04:00,42.779998779296875,43.279998779296875,42.209999084472656,43.15999984741211,475800,0.0,0.0
2021-06-01 00:00:00-04:00,43.349998474121094,43.7400016784668,42.75,43.439998626708984,343200,0.0,0.0
2021-06-02 00:00:00-04:00,43.650001525878906,43.650001525878906,42.650001525878906,42.75,171200,0.0,0.0
2021-06-03 00:00:00-04:00,42.75,43.060001373291016,42.189998626708984,42.900001525878906,200000,0.0,0.0
2021-06-04 00:00:00-04:00,42.599998474121094,43.099998474121094,42.400001525878906,43.0,146800,0.0,0.0
2021-06-07 00:00:00-04:00,43.20000076293945,43.599998474121094,42.83000183105469,43.150001525878906,210500,0.0,0.0
2021-06-08 00:00:00-04:00,42.880001068115234,43.5,42.689998626708984,43.06999969482422,329300,0.0,0.0
2021-06-09 00:00:00-04:00,42.81999969482422,42.90999984741211,42.06999969482422,42.08000183105469,221600,0.0,0.0
2021-06-10 00:00:00-04:00,42.79999923706055,42.91999816894531,41.0,41.04999923706055,635400,0.0,0.0
2021-06-11 00:00:00-04:00,41.40999984741211,42.22999954223633,41.119998931884766,41.33000183105469,217000,0.0,0.0
2021-06-14 00:00:00-04:00,41.43000030517578,41.7400016784668,40.33000183105469,40.810001373291016,215300,0.0,0.0
2021-06-15 00:00:00-04:00,41.11000061035156,41.68000030517578,40.720001220703125,41.40999984741211,470600,0.0,0.0
2021-06-16 00:00:00-04:00,41.15999984741211,42.38999938964844,40.63999938964844,42.09000015258789,254500,0.0,0.0
2021-06-17 00:00:00-04:00,42.369998931884766,42.369998931884766,39.88999938964844,40.060001373291016,421900,0.0,0.0
2021-06-18 00:00:00-04:00,39.279998779296875,40.099998474121094,38.45000076293945,38.52000045776367,849900,0.0,0.0
2021-06-21 00:00:00-04:00,38.900001525878906,40.5,38.900001525878906,40.150001525878906,287600,0.0,0.0
2021-06-22 00:00:00-04:00,40.09000015258789,40.58000183105469,39.22999954223633,39.720001220703125,268000,0.0,0.0
2021-06-23 00:00:00-04:00,39.88999938964844,39.88999938964844,39.25,39.29999923706055,411500,0.0,0.0
2021-06-24 00:00:00-04:00,38.95000076293945,39.08000183105469,38.029998779296875,39.02000045776367,1266000,0.0,0.0
2021-06-25 00:00:00-04:00,39.02000045776367,39.79999923706055,38.790000915527344,39.63999938964844,1613500,0.0,0.0
2021-06-28 00:00:00-04:00,39.4900016784668,39.5,38.33000183105469,38.529998779296875,618500,0.0,0.0
2021-06-29 00:00:00-04:00,38.93000030517578,39.209999084472656,38.18000030517578,38.29999923706055,371400,0.0,0.0
2021-06-30 00:00:00-04:00,40.15999984741211,40.15999984741211,38.09000015258789,38.560001373291016,414000,0.0,0.0
2021-07-01 00:00:00-04:00,38.91999816894531,39.040000915527344,38.25,38.41999816894531,255800,0.0,0.0
2021-07-02 00:00:00-04:00,38.29999923706055,38.529998779296875,37.47999954223633,37.5099983215332,222600,0.0,0.0
2021-07-06 00:00:00-04:00,37.029998779296875,37.29999923706055,36.09000015258789,36.40999984741211,374800,0.0,0.0
2021-07-07 00:00:00-04:00,36.099998474121094,36.93000030517578,35.400001525878906,35.54999923706055,845300,0.0,0.0
2021-07-08 00:00:00-04:00,34.540000915527344,35.400001525878906,34.209999084472656,34.77000045776367,590800,0.0,0.0
2021-07-09 00:00:00-04:00,35.56999969482422,36.16999816894531,35.279998779296875,36.06999969482422,385300,0.0,0.0
2021-07-12 00:00:00-04:00,35.5099983215332,36.290000915527344,34.959999084472656,36.13999938964844,375400,0.0,0.0
2021-07-13 00:00:00-04:00,35.970001220703125,36.130001068115234,34.91999816894531,35.150001525878906,337100,0.0,0.0
2021-07-14 00:00:00-04:00,35.279998779296875,35.66999816894531,34.61000061035156,34.880001068115234,225300,0.0,0.0
2021-07-15 00:00:00-04:00,34.529998779296875,35.439998626708984,34.2599983215332,35.400001525878906,221100,0.0,0.0
2021-07-16 00:00:00-04:00,35.72999954223633,35.79999923706055,34.650001525878906,34.72999954223633,279300,0.0,0.0
2021-07-19 00:00:00-04:00,33.70000076293945,34.16999816894531,33.220001220703125,33.66999816894531,346800,0.0,0.0
2021-07-20 00:00:00-04:00,33.619998931884766,35.33000183105469,33.540000915527344,34.470001220703125,440300,0.0,0.0
2021-07-21 00:00:00-04:00,34.939998626708984,35.439998626708984,34.83000183105469,34.939998626708984,241100,0.0,0.0
2021-07-22 00:00:00-04:00,34.689998626708984,34.77000045776367,33.689998626708984,33.83000183105469,290700,0.0,0.0
2021-07-23 00:00:00-04:00,34.22999954223633,34.880001068115234,33.97999954223633,34.540000915527344,260200,0.0,0.0
2021-07-26 00:00:00-04:00,34.56999969482422,35.18000030517578,34.56999969482422,34.86000061035156,217000,0.0,0.0
2021-07-27 00:00:00-04:00,34.529998779296875,35.0,34.2599983215332,34.61000061035156,161700,0.0,0.0
2021-07-28 00:00:00-04:00,34.790000915527344,35.27000045776367,34.209999084472656,34.83000183105469,180700,0.0,0.0
2021-07-29 00:00:00-04:00,34.959999084472656,35.459999084472656,34.459999084472656,34.790000915527344,269700,0.0,0.0
2021-07-30 00:00:00-04:00,35.06999969482422,35.81999969482422,34.880001068115234,34.939998626708984,303000,0.0,0.0
2021-08-02 00:00:00-04:00,34.93000030517578,35.97999954223633,34.59000015258789,35.040000915527344,376300,0.0,0.0
2021-08-03 00:00:00-04:00,34.290000915527344,35.59000015258789,34.290000915527344,35.470001220703125,335300,0.0,0.0
2021-08-04 00:00:00-04:00,34.7400016784668,35.40999984741211,34.72999954223633,34.93000030517578,221700,0.0,0.0
2021-08-05 00:00:00-04:00,35.02000045776367,35.720001220703125,34.81999969482422,35.61000061035156,207500,0.0,0.0
2021-08-06 00:00:00-04:00,36.27000045776367,37.0,35.90999984741211,36.689998626708984,293000,0.0,0.0
2021-08-09 00:00:00-04:00,36.349998474121094,37.02000045776367,34.7599983215332,36.40999984741211,267600,0.0,0.0
2021-08-10 00:00:00-04:00,36.04999923706055,37.38999938964844,36.0,37.18000030517578,414100,0.0,0.0
2021-08-11 00:00:00-04:00,37.25,37.54999923706055,36.66999816894531,37.43000030517578,233600,0.0,0.0
2021-08-12 00:00:00-04:00,37.43000030517578,37.66999816894531,37.0,37.150001525878906,229200,0.0,0.0
2021-08-13 00:00:00-04:00,37.349998474121094,37.400001525878906,36.77000045776367,37.209999084472656,219400,0.0,0.0
2021-08-16 00:00:00-04:00,36.91999816894531,37.45000076293945,36.7400016784668,37.41999816894531,374300,0.0,0.0
2021-08-17 00:00:00-04:00,37.04999923706055,37.33000183105469,36.310001373291016,36.70000076293945,183600,0.0,0.0
2021-08-18 00:00:00-04:00,36.619998931884766,36.869998931884766,36.060001373291016,36.11000061035156,190800,0.0,0.0
2021-08-19 00:00:00-04:00,35.7599983215332,36.0099983215332,35.27000045776367,35.81999969482422,299600,0.0,0.0
2021-08-20 00:00:00-04:00,35.7400016784668,36.56999969482422,35.61000061035156,36.52000045776367,266500,0.0,0.0
2021-08-23 00:00:00-04:00,36.7400016784668,36.970001220703125,36.52000045776367,36.70000076293945,147900,0.0,0.0
2021-08-24 00:00:00-04:00,36.70000076293945,36.95000076293945,36.47999954223633,36.560001373291016,153900,0.0,0.0
2021-08-25 00:00:00-04:00,36.70000076293945,36.939998626708984,36.22999954223633,36.2400016784668,247800,0.0,0.0
2021-08-26 00:00:00-04:00,36.34000015258789,36.869998931884766,35.77000045776367,35.790000915527344,192800,0.0,0.0
2021-08-27 00:00:00-04:00,35.939998626708984,36.90999984741211,35.939998626708984,36.90999984741211,356400,0.0,0.0
2021-08-30 00:00:00-04:00,37.0,37.09000015258789,36.06999969482422,36.119998931884766,186300,0.0,0.0
2021-08-31 00:00:00-04:00,36.22999954223633,36.7400016784668,36.0099983215332,36.36000061035156,217500,0.0,0.0
2021-09-01 00:00:00-04:00,36.459999084472656,36.540000915527344,35.689998626708984,36.099998474121094,211200,0.0,0.0
2021-09-02 00:00:00-04:00,36.099998474121094,36.47999954223633,35.5,35.869998931884766,234400,0.0,0.0
2021-09-03 00:00:00-04:00,35.9900016784668,36.029998779296875,35.380001068115234,35.59000015258789,315500,0.0,0.0
2021-09-07 00:00:00-04:00,35.68000030517578,35.91999816894531,35.11000061035156,35.130001068115234,204400,0.0,0.0
2021-09-08 00:00:00-04:00,35.040000915527344,35.189998626708984,34.33000183105469,34.75,238500,0.0,0.0
2021-09-09 00:00:00-04:00,34.650001525878906,35.61000061035156,34.560001373291016,34.81999969482422,286600,0.0,0.0
2021-09-10 00:00:00-04:00,34.91999816894531,35.36000061035156,33.630001068115234,33.65999984741211,181700,0.0,0.0
2021-09-13 00:00:00-04:00,34.130001068115234,34.29999923706055,33.650001525878906,34.150001525878906,317000,0.0,0.0
2021-09-14 00:00:00-04:00,34.310001373291016,34.310001373291016,32.97999954223633,33.11000061035156,233200,0.0,0.0
2021-09-15 00:00:00-04:00,33.060001373291016,33.65999984741211,33.060001373291016,33.380001068115234,280600,0.0,0.0
2021-09-16 00:00:00-04:00,33.540000915527344,33.709999084472656,32.9900016784668,33.220001220703125,239800,0.0,0.0
2021-09-17 00:00:00-04:00,33.43000030517578,34.18000030517578,32.970001220703125,34.15999984741211,1379800,0.0,0.0
2021-09-20 00:00:00-04:00,33.119998931884766,33.43000030517578,32.599998474121094,33.279998779296875,443100,0.0,0.0
2021-09-21 00:00:00-04:00,33.560001373291016,34.099998474121094,33.27000045776367,33.70000076293945,391200,0.0,0.0
2021-09-22 00:00:00-04:00,34.189998626708984,34.900001525878906,33.790000915527344,34.25,867500,0.0,0.0
2021-09-23 00:00:00-04:00,33.97999954223633,36.22999954223633,33.97999954223633,35.93000030517578,537700,0.0,0.0
2021-09-24 00:00:00-04:00,35.90999984741211,37.279998779296875,35.630001068115234,37.08000183105469,433800,0.0,0.0
2021-09-27 00:00:00-04:00,37.56999969482422,38.90999984741211,37.33000183105469,38.310001373291016,576200,0.0,0.0
2021-09-28 00:00:00-04:00,38.650001525878906,38.97999954223633,37.63999938964844,38.22999954223633,601800,0.0,0.0
2021-09-29 00:00:00-04:00,38.209999084472656,39.220001220703125,37.779998779296875,38.63999938964844,681500,0.0,0.0
2021-09-30 00:00:00-04:00,39.099998474121094,39.83000183105469,37.900001525878906,37.9900016784668,3115800,0.0,0.0
2021-10-01 00:00:00-04:00,38.040000915527344,39.38999938964844,37.93000030517578,38.900001525878906,724000,0.0,0.0
2021-10-04 00:00:00-04:00,38.689998626708984,39.36000061035156,38.689998626708984,38.97999954223633,497400,0.0,0.0
2021-10-05 00:00:00-04:00,39.13999938964844,39.59000015258789,38.70000076293945,39.06999969482422,534000,0.0,0.0
2021-10-06 00:00:00-04:00,38.65999984741211,39.099998474121094,38.22999954223633,39.060001373291016,469100,0.0,0.0
2021-10-07 00:00:00-04:00,40.060001373291016,40.58000183105469,39.97999954223633,40.380001068115234,562900,0.0,0.0
2021-10-08 00:00:00-04:00,40.119998931884766,40.7400016784668,39.7400016784668,40.369998931884766,278800,0.0,0.0
2021-10-11 00:00:00-04:00,40.68000030517578,40.779998779296875,39.529998779296875,39.56999969482422,277800,0.0,0.0
2021-10-12 00:00:00-04:00,35.4900016784668,36.119998931884766,33.27000045776367,33.68000030517578,4027300,0.0,0.0
2021-10-13 00:00:00-04:00,33.70000076293945,34.43000030517578,32.95000076293945,34.41999816894531,3042400,0.0,0.0
2021-10-14 00:00:00-04:00,34.81999969482422,35.0099983215332,34.130001068115234,34.279998779296875,1339100,0.0,0.0
2021-10-15 00:00:00-04:00,34.779998779296875,35.08000183105469,34.310001373291016,34.79999923706055,1440100,0.0,0.0
2021-10-18 00:00:00-04:00,34.72999954223633,35.5,34.5,35.040000915527344,1158100,0.0,0.0
2021-10-19 00:00:00-04:00,35.11000061035156,35.25,34.689998626708984,35.04999923706055,1000900,0.0,0.0
2021-10-20 00:00:00-04:00,34.93000030517578,35.68000030517578,34.599998474121094,35.5,1107600,0.0,0.0
2021-10-21 00:00:00-04:00,35.2599983215332,35.459999084472656,34.790000915527344,35.04999923706055,812500,0.0,0.0
2021-10-22 00:00:00-04:00,35.060001373291016,35.439998626708984,34.77000045776367,35.41999816894531,877700,0.0,0.0
2021-10-25 00:00:00-04:00,35.599998474121094,35.689998626708984,35.2400016784668,35.36000061035156,429300,0.0,0.0
2021-10-26 00:00:00-04:00,35.33000183105469,35.38999938964844,34.77000045776367,34.86000061035156,449200,0.0,0.0
2021-10-27 00:00:00-04:00,34.61000061035156,34.61000061035156,33.88999938964844,33.91999816894531,731900,0.0,0.0
2021-10-28 00:00:00-04:00,33.91999816894531,34.7599983215332,33.540000915527344,34.130001068115234,455600,0.0,0.0
2021-10-29 00:00:00-04:00,34.38999938964844,34.54999923706055,33.97999954223633,34.130001068115234,1168400,0.0,0.0
2021-11-01 00:00:00-04:00,34.380001068115234,35.130001068115234,34.20000076293945,34.9900016784668,644300,0.0,0.0
2021-11-02 00:00:00-04:00,35.08000183105469,35.08000183105469,34.56999969482422,34.630001068115234,468900,0.0,0.0
2021-11-03 00:00:00-04:00,34.439998626708984,36.470001220703125,34.27000045776367,36.310001373291016,737200,0.0,0.0
2021-11-04 00:00:00-04:00,36.400001525878906,36.400001525878906,35.310001373291016,35.61000061035156,433600,0.0,0.0
2021-11-05 00:00:00-04:00,35.88999938964844,36.65999984741211,35.88999938964844,36.540000915527344,443000,0.0,0.0
2021-11-08 00:00:00-05:00,36.7599983215332,36.93000030517578,36.31999969482422,36.43000030517578,404200,0.0,0.0
2021-11-09 00:00:00-05:00,36.2599983215332,36.40999984741211,35.869998931884766,36.25,518400,0.0,0.0
2021-11-10 00:00:00-05:00,36.209999084472656,36.68000030517578,36.209999084472656,36.41999816894531,394400,0.0,0.0
2021-11-11 00:00:00-05:00,36.54999923706055,36.70000076293945,36.150001525878906,36.22999954223633,332700,0.0,0.0
2021-11-12 00:00:00-05:00,36.27000045776367,36.279998779296875,35.58000183105469,36.0,476100,0.0,0.0
2021-11-15 00:00:00-05:00,36.0,36.43000030517578,35.81999969482422,36.0099983215332,572600,0.0,0.0
2021-11-16 00:00:00-05:00,35.90999984741211,35.95000076293945,35.529998779296875,35.68000030517578,622800,0.0,0.0
2021-11-17 00:00:00-05:00,35.41999816894531,35.66999816894531,34.81999969482422,35.029998779296875,568100,0.0,0.0
2021-11-18 00:00:00-05:00,34.959999084472656,35.36000061035156,34.040000915527344,34.459999084472656,1209800,0.0,0.0
2021-11-19 00:00:00-05:00,34.0099983215332,34.34000015258789,33.63999938964844,34.040000915527344,927100,0.0,0.0
2021-11-22 00:00:00-05:00,34.86000061035156,34.86000061035156,33.939998626708984,33.970001220703125,594600,0.0,0.0
2021-11-23 00:00:00-05:00,34.33000183105469,34.52000045776367,33.59000015258789,34.470001220703125,559000,0.0,0.0
2021-11-24 00:00:00-05:00,34.36000061035156,34.75,34.20000076293945,34.380001068115234,406100,0.0,0.0
2021-11-26 00:00:00-05:00,33.130001068115234,33.349998474121094,31.950000762939453,32.689998626708984,598900,0.0,0.0
2021-11-29 00:00:00-05:00,33.2599983215332,33.2599983215332,32.36000061035156,33.0,766100,0.0,0.0
2021-11-30 00:00:00-05:00,32.91999816894531,33.08000183105469,32.400001525878906,32.86000061035156,1125400,0.0,0.0
2021-12-01 00:00:00-05:00,33.470001220703125,33.86000061035156,32.2400016784668,32.27000045776367,864000,0.0,0.0
2021-12-02 00:00:00-05:00,32.83000183105469,33.54999923706055,32.2599983215332,33.15999984741211,881600,0.0,0.0
2021-12-03 00:00:00-05:00,33.20000076293945,33.400001525878906,32.310001373291016,32.540000915527344,1001400,0.0,0.0
2021-12-06 00:00:00-05:00,33.150001525878906,34.08000183105469,33.029998779296875,33.790000915527344,758600,0.0,0.0
2021-12-07 00:00:00-05:00,34.029998779296875,34.15999984741211,33.25,33.41999816894531,576500,0.0,0.0
2021-12-08 00:00:00-05:00,33.61000061035156,33.88999938964844,33.41999816894531,33.529998779296875,515200,0.0,0.0
2021-12-09 00:00:00-05:00,33.189998626708984,33.869998931884766,32.95000076293945,33.189998626708984,356300,0.0,0.0
2021-12-10 00:00:00-05:00,33.470001220703125,33.61000061035156,33.04999923706055,33.279998779296875,529800,0.0,0.0
2021-12-13 00:00:00-05:00,33.099998474121094,33.52000045776367,32.2400016784668,32.779998779296875,869800,0.0,0.0
2021-12-14 00:00:00-05:00,32.93000030517578,33.7400016784668,32.91999816894531,33.02000045776367,553900,0.0,0.0
2021-12-15 00:00:00-05:00,33.099998474121094,33.68000030517578,32.7400016784668,32.959999084472656,1238100,0.0,0.0
2021-12-16 00:00:00-05:00,33.36000061035156,33.66999816894531,32.63999938964844,32.650001525878906,1030700,0.0,0.0
2021-12-17 00:00:00-05:00,32.66999816894531,32.77000045776367,30.549999237060547,31.290000915527344,3790300,0.0,0.0
2021-12-20 00:00:00-05:00,30.850000381469727,30.959999084472656,30.09000015258789,30.8799991607666,1220500,0.0,0.0
2021-12-21 00:00:00-05:00,31.149999618530273,31.90999984741211,31.149999618530273,31.829999923706055,891900,0.0,0.0
2021-12-22 00:00:00-05:00,31.6200008392334,32.09000015258789,31.549999237060547,32.060001373291016,521500,0.0,0.0
2021-12-23 00:00:00-05:00,32.400001525878906,32.77000045776367,32.27000045776367,32.34000015258789,407500,0.0,0.0
2021-12-27 00:00:00-05:00,32.61000061035156,32.79999923706055,32.130001068115234,32.779998779296875,373300,0.0,0.0
2021-12-28 00:00:00-05:00,33.689998626708984,33.689998626708984,32.63999938964844,32.900001525878906,292200,0.0,0.0
2021-12-29 00:00:00-05:00,32.9900016784668,33.04999923706055,32.66999816894531,32.77000045776367,299800,0.0,0.0
2021-12-30 00:00:00-05:00,32.77000045776367,33.18000030517578,32.5,32.95000076293945,470100,0.0,0.0
2021-12-31 00:00:00-05:00,32.900001525878906,33.09000015258789,32.709999084472656,32.720001220703125,287300,0.0,0.0
2022-01-03 00:00:00-05:00,33.279998779296875,33.95000076293945,33.08000183105469,33.40999984741211,657000,0.0,0.0
2022-01-04 00:00:00-05:00,33.7400016784668,34.45000076293945,33.529998779296875,33.7599983215332,724000,0.0,0.0
2022-01-05 00:00:00-05:00,33.9900016784668,34.220001220703125,33.689998626708984,33.709999084472656,794900,0.0,0.0
2022-01-06 00:00:00-05:00,34.369998931884766,35.63999938964844,33.72999954223633,35.52000045776367,942500,0.0,0.0
2022-01-07 00:00:00-05:00,35.5099983215332,36.130001068115234,35.15999984741211,36.04999923706055,1100400,0.0,0.0
2022-01-10 00:00:00-05:00,36.279998779296875,36.790000915527344,35.90999984741211,36.70000076293945,1504600,0.0,0.0
2022-01-11 00:00:00-05:00,36.84000015258789,36.84000015258789,36.2599983215332,36.72999954223633,623800,0.0,0.0
2022-01-12 00:00:00-05:00,36.66999816894531,37.2400016784668,36.470001220703125,36.959999084472656,876200,0.0,0.0
2022-01-13 00:00:00-05:00,37.119998931884766,37.65999984741211,36.720001220703125,36.83000183105469,887500,0.0,0.0
2022-01-14 00:00:00-05:00,36.52000045776367,37.0,36.189998626708984,36.95000076293945,768100,0.0,0.0
2022-01-18 00:00:00-05:00,37.029998779296875,37.220001220703125,36.16999816894531,36.290000915527344,622300,0.0,0.0
2022-01-19 00:00:00-05:00,36.400001525878906,36.5099983215332,35.08000183105469,35.09000015258789,583300,0.0,0.0
2022-01-20 00:00:00-05:00,34.900001525878906,35.83000183105469,34.63999938964844,34.900001525878906,1049400,0.0,0.0
2022-01-21 00:00:00-05:00,34.77000045776367,36.09000015258789,34.4900016784668,35.029998779296875,1165900,0.0,0.0
2022-01-24 00:00:00-05:00,34.439998626708984,35.560001373291016,34.2400016784668,35.459999084472656,823900,0.0,0.0
2022-01-25 00:00:00-05:00,35.33000183105469,36.45000076293945,34.529998779296875,36.06999969482422,812500,0.0,0.0
2022-01-26 00:00:00-05:00,36.529998779296875,36.599998474121094,35.130001068115234,35.650001525878906,922700,0.0,0.0
2022-01-27 00:00:00-05:00,35.810001373291016,36.11000061035156,34.27000045776367,34.439998626708984,883800,0.0,0.0
2022-01-28 00:00:00-05:00,34.400001525878906,34.70000076293945,33.68000030517578,34.529998779296875,807500,0.0,0.0
2022-01-31 00:00:00-05:00,34.45000076293945,34.83000183105469,33.7400016784668,34.77000045776367,934400,0.0,0.0
2022-02-01 00:00:00-05:00,34.2400016784668,34.880001068115234,34.0099983215332,34.81999969482422,771200,0.0,0.0
2022-02-02 00:00:00-05:00,34.72999954223633,34.869998931884766,34.279998779296875,34.59000015258789,1104100,0.0,0.0
2022-02-03 00:00:00-05:00,34.5099983215332,35.0099983215332,34.25,34.43000030517578,609000,0.0,0.0
2022-02-04 00:00:00-05:00,34.709999084472656,35.529998779296875,34.40999984741211,35.290000915527344,535300,0.0,0.0
2022-02-07 00:00:00-05:00,35.27000045776367,35.56999969482422,34.97999954223633,35.369998931884766,433400,0.0,0.0
2022-02-08 00:00:00-05:00,35.61000061035156,36.099998474121094,35.439998626708984,36.060001373291016,889700,0.0,0.0
2022-02-09 00:00:00-05:00,35.970001220703125,36.18000030517578,35.63999938964844,35.779998779296875,789700,0.0,0.0
2022-02-10 00:00:00-05:00,35.790000915527344,36.470001220703125,35.59000015258789,35.83000183105469,520300,0.0,0.0
2022-02-11 00:00:00-05:00,35.369998931884766,36.41999816894531,35.369998931884766,35.93000030517578,806700,0.0,0.0
2022-02-14 00:00:00-05:00,36.060001373291016,36.349998474121094,35.4900016784668,35.68000030517578,1131700,0.0,0.0
2022-02-15 00:00:00-05:00,36.130001068115234,36.810001373291016,36.06999969482422,36.75,930600,0.0,0.0
2022-02-16 00:00:00-05:00,36.63999938964844,37.59000015258789,36.5,37.130001068115234,946100,0.0,0.0
2022-02-17 00:00:00-05:00,36.77000045776367,36.86000061035156,35.93000030517578,35.970001220703125,704100,0.0,0.0
2022-02-18 00:00:00-05:00,35.86000061035156,36.52000045776367,35.86000061035156,36.29999923706055,647200,0.0,0.0
2022-02-22 00:00:00-05:00,36.31999969482422,36.75,35.959999084472656,36.34000015258789,950000,0.0,0.0
2022-02-23 00:00:00-05:00,36.58000183105469,36.849998474121094,35.52000045776367,35.66999816894531,677000,0.0,0.0
2022-02-24 00:00:00-05:00,34.31999969482422,34.939998626708984,33.04999923706055,34.849998474121094,1138300,0.0,0.0
2022-02-25 00:00:00-05:00,35.290000915527344,37.08000183105469,35.09000015258789,36.970001220703125,1092700,0.0,0.0
2022-02-28 00:00:00-05:00,36.27000045776367,36.65999984741211,35.779998779296875,36.630001068115234,966800,0.0,0.0
2022-03-01 00:00:00-05:00,35.84000015258789,36.349998474121094,33.810001373291016,34.369998931884766,1083300,0.0,0.0
2022-03-02 00:00:00-05:00,34.630001068115234,36.68000030517578,34.630001068115234,36.22999954223633,935800,0.0,0.0
2022-03-03 00:00:00-05:00,36.31999969482422,36.5,35.38999938964844,35.88999938964844,503800,0.0,0.0
2022-03-04 00:00:00-05:00,35.029998779296875,35.529998779296875,33.97999954223633,34.5,531200,0.0,0.0
2022-03-07 00:00:00-05:00,34.18000030517578,34.5,32.9900016784668,33.060001373291016,922300,0.0,0.0
2022-03-08 00:00:00-05:00,33.5099983215332,34.95000076293945,33.36000061035156,33.88999938964844,1324700,0.0,0.0
2022-03-09 00:00:00-05:00,35.029998779296875,35.58000183105469,34.540000915527344,34.59000015258789,817100,0.0,0.0
2022-03-10 00:00:00-05:00,34.09000015258789,34.68000030517578,33.91999816894531,34.56999969482422,618600,0.0,0.0
2022-03-11 00:00:00-05:00,34.939998626708984,35.720001220703125,34.91999816894531,35.2599983215332,779900,0.0,0.0
2022-03-14 00:00:00-04:00,36.040000915527344,36.040000915527344,33.849998474121094,34.119998931884766,858400,0.0,0.0
2022-03-15 00:00:00-04:00,34.40999984741211,34.81999969482422,33.36000061035156,34.16999816894531,745000,0.0,0.0
2022-03-16 00:00:00-04:00,34.63999938964844,35.279998779296875,34.04999923706055,34.779998779296875,770600,0.0,0.0
2022-03-17 00:00:00-04:00,34.20000076293945,34.43000030517578,33.77000045776367,34.34000015258789,649200,0.0,0.0
2022-03-18 00:00:00-04:00,33.970001220703125,34.41999816894531,32.95000076293945,33.83000183105469,1570500,0.0,0.0
2022-03-21 00:00:00-04:00,34.02000045776367,34.470001220703125,33.380001068115234,33.709999084472656,540100,0.0,0.0
2022-03-22 00:00:00-04:00,34.27000045776367,34.720001220703125,34.029998779296875,34.400001525878906,779300,0.0,0.0
2022-03-23 00:00:00-04:00,34.029998779296875,34.369998931884766,32.7599983215332,32.779998779296875,675900,0.0,0.0
2022-03-24 00:00:00-04:00,32.97999954223633,33.25,32.599998474121094,33.22999954223633,597800,0.0,0.0
2022-03-25 00:00:00-04:00,33.22999954223633,34.22999954223633,33.22999954223633,34.06999969482422,766900,0.0,0.0
2022-03-28 00:00:00-04:00,33.83000183105469,33.83000183105469,32.81999969482422,33.470001220703125,1085200,0.0,0.0
2022-03-29 00:00:00-04:00,34.0,34.43000030517578,33.68000030517578,34.349998474121094,1065400,0.0,0.0
2022-03-30 00:00:00-04:00,34.34000015258789,34.45000076293945,32.70000076293945,33.060001373291016,1011300,0.0,0.0
2022-03-31 00:00:00-04:00,32.81999969482422,33.34000015258789,32.060001373291016,32.27000045776367,1248300,0.0,0.0
2022-04-01 00:00:00-04:00,32.77000045776367,32.86000061035156,30.979999542236328,31.110000610351562,2193500,0.0,0.0
2022-04-04 00:00:00-04:00,31.049999237060547,31.440000534057617,30.010000228881836,31.15999984741211,1353400,0.0,0.0
2022-04-05 00:00:00-04:00,31.139999389648438,31.40999984741211,30.610000610351562,30.729999542236328,1167200,0.0,0.0
2022-04-06 00:00:00-04:00,30.479999542236328,30.809999465942383,30.389999389648438,30.5,1413900,0.0,0.0
2022-04-07 00:00:00-04:00,30.549999237060547,30.559999465942383,29.739999771118164,30.010000228881836,904600,0.0,0.0
2022-04-08 00:00:00-04:00,30.260000228881836,30.389999389648438,29.799999237060547,30.18000030517578,695300,0.0,0.0
2022-04-11 00:00:00-04:00,30.280000686645508,30.829999923706055,30.18000030517578,30.190000534057617,707200,0.0,0.0
2022-04-12 00:00:00-04:00,30.350000381469727,30.6299991607666,29.65999984741211,29.81999969482422,706400,0.0,0.0
2022-04-13 00:00:00-04:00,29.3700008392334,30.540000915527344,29.219999313354492,30.469999313354492,516900,0.0,0.0
2022-04-14 00:00:00-04:00,30.520000457763672,30.670000076293945,30.09000015258789,30.18000030517578,401900,0.0,0.0
2022-04-18 00:00:00-04:00,30.09000015258789,30.40999984741211,29.979999542236328,30.200000762939453,537100,0.0,0.0
2022-04-19 00:00:00-04:00,30.510000228881836,31.43000030517578,30.40999984741211,31.31999969482422,676600,0.0,0.0
2022-04-20 00:00:00-04:00,31.43000030517578,32.0099983215332,31.25,31.270000457763672,692400,0.0,0.0
2022-04-21 00:00:00-04:00,31.290000915527344,32.150001525878906,31.170000076293945,31.389999389648438,918300,0.0,0.0
2022-04-22 00:00:00-04:00,31.93000030517578,31.93000030517578,30.950000762939453,31.3700008392334,1177900,0.0,0.0
2022-04-25 00:00:00-04:00,31.149999618530273,31.209999084472656,30.030000686645508,31.149999618530273,1041700,0.0,0.0
2022-04-26 00:00:00-04:00,30.56999969482422,31.06999969482422,29.950000762939453,29.959999084472656,815900,0.0,0.0
2022-04-27 00:00:00-04:00,30.010000228881836,30.309999465942383,29.489999771118164,29.690000534057617,761800,0.0,0.0
2022-04-28 00:00:00-04:00,29.860000610351562,30.290000915527344,29.09000015258789,29.450000762939453,1235700,0.0,0.0
2022-04-29 00:00:00-04:00,29.520000457763672,29.520000457763672,27.950000762939453,28.079999923706055,908700,0.0,0.0
2022-05-02 00:00:00-04:00,28.290000915527344,29.040000915527344,28.0,28.989999771118164,1127600,0.0,0.0
2022-05-03 00:00:00-04:00,28.860000610351562,29.6200008392334,28.479999542236328,29.540000915527344,919800,0.0,0.0
2022-05-04 00:00:00-04:00,29.579999923706055,30.459999084472656,29.149999618530273,30.40999984741211,1025000,0.0,0.0
2022-05-05 00:00:00-04:00,30.0,30.100000381469727,29.309999465942383,29.790000915527344,1059700,0.0,0.0
2022-05-06 00:00:00-04:00,29.84000015258789,29.899999618530273,28.479999542236328,28.899999618530273,956600,0.0,0.0
2022-05-09 00:00:00-04:00,28.479999542236328,29.290000915527344,28.34000015258789,28.860000610351562,707700,0.0,0.0
2022-05-10 00:00:00-04:00,29.049999237060547,29.280000686645508,28.0,28.579999923706055,581300,0.0,0.0
2022-05-11 00:00:00-04:00,28.790000915527344,29.020000457763672,27.81999969482422,27.940000534057617,649200,0.0,0.0
2022-05-12 00:00:00-04:00,27.850000381469727,28.440000534057617,27.610000610351562,28.440000534057617,644700,0.0,0.0
2022-05-13 00:00:00-04:00,28.639999389648438,28.81999969482422,28.149999618530273,28.459999084472656,545000,0.0,0.0
2022-05-16 00:00:00-04:00,28.229999542236328,28.549999237060547,27.790000915527344,28.1200008392334,456600,0.0,0.0
2022-05-17 00:00:00-04:00,28.65999984741211,29.229999542236328,28.5,29.229999542236328,569300,0.0,0.0
2022-05-18 00:00:00-04:00,29.020000457763672,29.34000015258789,28.739999771118164,29.0,712700,0.0,0.0
2022-05-19 00:00:00-04:00,28.670000076293945,28.959999084472656,28.260000228881836,28.299999237060547,1042500,0.0,0.0
2022-05-20 00:00:00-04:00,28.540000915527344,28.84000015258789,28.040000915527344,28.780000686645508,660100,0.0,0.0
2022-05-23 00:00:00-04:00,29.239999771118164,29.729999542236328,28.81999969482422,29.209999084472656,979600,0.0,0.0
2022-05-24 00:00:00-04:00,29.040000915527344,29.18000030517578,28.040000915527344,28.520000457763672,922500,0.0,0.0
2022-05-25 00:00:00-04:00,28.56999969482422,29.350000381469727,28.399999618530273,28.969999313354492,802800,0.0,0.0
2022-05-26 00:00:00-04:00,29.149999618530273,29.68000030517578,29.1200008392334,29.469999313354492,728600,0.0,0.0
2022-05-27 00:00:00-04:00,29.579999923706055,30.360000610351562,29.40999984741211,30.350000381469727,1004500,0.0,0.0
2022-05-31 00:00:00-04:00,30.110000610351562,30.290000915527344,29.610000610351562,30.149999618530273,659800,0.0,0.0
2022-06-01 00:00:00-04:00,30.149999618530273,30.270000457763672,29.290000915527344,29.850000381469727,947100,0.0,0.0
2022-06-02 00:00:00-04:00,29.8700008392334,30.649999618530273,29.329999923706055,30.6299991607666,1677300,0.0,0.0
2022-06-03 00:00:00-04:00,30.56999969482422,30.56999969482422,30.100000381469727,30.280000686645508,1022400,0.0,0.0
2022-06-06 00:00:00-04:00,30.6200008392334,30.979999542236328,30.100000381469727,30.81999969482422,1059700,0.0,0.0
2022-06-07 00:00:00-04:00,30.43000030517578,31.329999923706055,30.239999771118164,31.270000457763672,943000,0.0,0.0
2022-06-08 00:00:00-04:00,30.920000076293945,31.010000228881836,30.110000610351562,30.31999969482422,620400,0.0,0.0
2022-06-09 00:00:00-04:00,30.239999771118164,30.329999923706055,29.040000915527344,29.059999465942383,864100,0.0,0.0
2022-06-10 00:00:00-04:00,28.530000686645508,28.739999771118164,28.1200008392334,28.389999389648438,711300,0.0,0.0
2022-06-13 00:00:00-04:00,27.809999465942383,28.440000534057617,27.68000030517578,27.899999618530273,875300,0.0,0.0
2022-06-14 00:00:00-04:00,28.190000534057617,28.68000030517578,28.020000457763672,28.420000076293945,687300,0.0,0.0
2022-06-15 00:00:00-04:00,28.719999313354492,28.920000076293945,28.079999923706055,28.420000076293945,829900,0.0,0.0
2022-06-16 00:00:00-04:00,27.850000381469727,27.8799991607666,26.969999313354492,27.299999237060547,840200,0.0,0.0
2022-06-17 00:00:00-04:00,27.670000076293945,28.010000228881836,27.3700008392334,27.6200008392334,1194400,0.0,0.0
2022-06-21 00:00:00-04:00,28.290000915527344,28.43000030517578,27.739999771118164,28.059999465942383,728000,0.0,0.0
2022-06-22 00:00:00-04:00,27.90999984741211,28.399999618530273,27.6200008392334,28.270000457763672,599700,0.0,0.0
2022-06-23 00:00:00-04:00,28.149999618530273,28.190000534057617,27.139999389648438,27.610000610351562,574500,0.0,0.0
2022-06-24 00:00:00-04:00,27.729999542236328,29.350000381469727,27.729999542236328,29.190000534057617,1143900,0.0,0.0
2022-06-27 00:00:00-04:00,29.18000030517578,29.420000076293945,28.489999771118164,28.670000076293945,791600,0.0,0.0
2022-06-28 00:00:00-04:00,28.889999389648438,29.260000228881836,28.65999984741211,28.799999237060547,739400,0.0,0.0
2022-06-29 00:00:00-04:00,28.75,29.06999969482422,28.40999984741211,28.799999237060547,1251100,0.0,0.0
2022-06-30 00:00:00-04:00,28.170000076293945,29.110000610351562,27.93000030517578,28.649999618530273,1765900,0.0,0.0
2022-07-01 00:00:00-04:00,28.6299991607666,29.989999771118164,28.579999923706055,29.81999969482422,3217100,0.0,0.0
2022-07-05 00:00:00-04:00,29.270000457763672,29.700000762939453,28.360000610351562,29.200000762939453,1073300,0.0,0.0
2022-07-06 00:00:00-04:00,29.0,29.59000015258789,28.90999984741211,29.280000686645508,693500,0.0,0.0
2022-07-07 00:00:00-04:00,29.579999923706055,29.829999923706055,29.450000762939453,29.520000457763672,545400,0.0,0.0
2022-07-08 00:00:00-04:00,29.59000015258789,29.770000457763672,29.309999465942383,29.530000686645508,582200,0.0,0.0
2022-07-11 00:00:00-04:00,29.190000534057617,29.389999389648438,29.030000686645508,29.139999389648438,526700,0.0,0.0
2022-07-12 00:00:00-04:00,28.799999237060547,29.649999618530273,28.799999237060547,29.270000457763672,549100,0.0,0.0
2022-07-13 00:00:00-04:00,28.950000762939453,29.139999389648438,28.290000915527344,28.479999542236328,457300,0.0,0.0
2022-07-14 00:00:00-04:00,27.950000762939453,28.489999771118164,27.780000686645508,28.450000762939453,752900,0.0,0.0
2022-07-15 00:00:00-04:00,29.059999465942383,29.3799991607666,28.700000762939453,29.190000534057617,888500,0.0,0.0
2022-07-18 00:00:00-04:00,29.450000762939453,29.790000915527344,28.920000076293945,28.989999771118164,608300,0.0,0.0
2022-07-19 00:00:00-04:00,29.420000076293945,30.280000686645508,29.239999771118164,30.06999969482422,849800,0.0,0.0
2022-07-20 00:00:00-04:00,29.889999389648438,30.479999542236328,29.709999084472656,30.309999465942383,982700,0.0,0.0
2022-07-21 00:00:00-04:00,29.450000762939453,30.329999923706055,29.3799991607666,29.940000534057617,813300,0.0,0.0
2022-07-22 00:00:00-04:00,30.06999969482422,30.299999237060547,29.010000228881836,29.329999923706055,1039700,0.0,0.0
2022-07-25 00:00:00-04:00,29.559999465942383,29.739999771118164,29.18000030517578,29.239999771118164,1316200,0.0,0.0
2022-07-26 00:00:00-04:00,28.8799991607666,29.56999969482422,28.8799991607666,29.18000030517578,822400,0.0,0.0
2022-07-27 00:00:00-04:00,29.290000915527344,30.170000076293945,29.209999084472656,29.920000076293945,900600,0.0,0.0
2022-07-28 00:00:00-04:00,29.8700008392334,30.100000381469727,29.459999084472656,29.889999389648438,655200,0.0,0.0
2022-07-29 00:00:00-04:00,29.940000534057617,30.420000076293945,29.780000686645508,30.170000076293945,779200,0.0,0.0
2022-08-01 00:00:00-04:00,30.030000686645508,30.559999465942383,29.829999923706055,30.299999237060547,892000,0.0,0.0
2022-08-02 00:00:00-04:00,29.860000610351562,29.989999771118164,29.40999984741211,29.510000228881836,622000,0.0,0.0
2022-08-03 00:00:00-04:00,29.81999969482422,30.010000228881836,29.520000457763672,29.90999984741211,875900,0.0,0.0
2022-08-04 00:00:00-04:00,29.780000686645508,29.889999389648438,29.43000030517578,29.530000686645508,714800,0.0,0.0
2022-08-05 00:00:00-04:00,29.559999465942383,30.209999084472656,29.549999237060547,30.149999618530273,542400,0.0,0.0
2022-08-08 00:00:00-04:00,30.389999389648438,30.600000381469727,30.260000228881836,30.399999618530273,496900,0.0,0.0
2022-08-09 00:00:00-04:00,30.450000762939453,30.639999389648438,30.190000534057617,30.6200008392334,551000,0.0,0.0
2022-08-10 00:00:00-04:00,30.920000076293945,31.280000686645508,30.889999389648438,31.020000457763672,717200,0.0,0.0
2022-08-11 00:00:00-04:00,31.280000686645508,31.770000457763672,31.280000686645508,31.649999618530273,473100,0.0,0.0
2022-08-12 00:00:00-04:00,31.950000762939453,32.150001525878906,31.65999984741211,32.130001068115234,422000,0.0,0.0
2022-08-15 00:00:00-04:00,31.719999313354492,32.349998474121094,31.719999313354492,32.290000915527344,580100,0.0,0.0
2022-08-16 00:00:00-04:00,32.290000915527344,32.83000183105469,32.220001220703125,32.7599983215332,451000,0.0,0.0
2022-08-17 00:00:00-04:00,32.29999923706055,32.54999923706055,32.13999938964844,32.439998626708984,569300,0.0,0.0
2022-08-18 00:00:00-04:00,32.5,32.5099983215332,32.060001373291016,32.31999969482422,460100,0.0,0.0
2022-08-19 00:00:00-04:00,32.0099983215332,32.22999954223633,31.790000915527344,32.09000015258789,616300,0.0,0.0
2022-08-22 00:00:00-04:00,31.600000381469727,31.690000534057617,31.049999237060547,31.15999984741211,603700,0.0,0.0
2022-08-23 00:00:00-04:00,31.25,31.40999984741211,30.860000610351562,30.920000076293945,376100,0.0,0.0
2022-08-24 00:00:00-04:00,30.760000228881836,31.200000762939453,30.649999618530273,31.049999237060547,359900,0.0,0.0
2022-08-25 00:00:00-04:00,31.079999923706055,31.75,31.030000686645508,31.559999465942383,762500,0.0,0.0
2022-08-26 00:00:00-04:00,31.649999618530273,31.790000915527344,30.799999237060547,30.93000030517578,617400,0.0,0.0
2022-08-29 00:00:00-04:00,30.729999542236328,30.729999542236328,30.020000457763672,30.040000915527344,720000,0.0,0.0
2022-08-30 00:00:00-04:00,30.170000076293945,30.3700008392334,29.670000076293945,30.360000610351562,662000,0.0,0.0
2022-08-31 00:00:00-04:00,30.440000534057617,30.450000762939453,29.940000534057617,29.950000762939453,560400,0.0,0.0
2022-09-01 00:00:00-04:00,29.979999542236328,30.06999969482422,29.610000610351562,29.93000030517578,580100,0.0,0.0
2022-09-02 00:00:00-04:00,30.25,30.530000686645508,29.260000228881836,29.40999984741211,828300,0.0,0.0
2022-09-06 00:00:00-04:00,29.639999389648438,29.639999389648438,28.360000610351562,28.729999542236328,892200,0.0,0.0
2022-09-07 00:00:00-04:00,28.579999923706055,29.229999542236328,28.450000762939453,29.200000762939453,618300,0.0,0.0
2022-09-08 00:00:00-04:00,28.959999084472656,30.34000015258789,28.860000610351562,30.309999465942383,708300,0.0,0.0
2022-09-09 00:00:00-04:00,30.559999465942383,30.84000015258789,30.420000076293945,30.81999969482422,586700,0.0,0.0
2022-09-12 00:00:00-04:00,30.940000534057617,31.34000015258789,30.65999984741211,30.760000228881836,607100,0.0,0.0
2022-09-13 00:00:00-04:00,30.1299991607666,30.299999237060547,29.600000381469727,29.719999313354492,570900,0.0,0.0
2022-09-14 00:00:00-04:00,29.670000076293945,29.829999923706055,29.329999923706055,29.790000915527344,477900,0.0,0.0
2022-09-15 00:00:00-04:00,29.75,30.770000457763672,29.75,30.729999542236328,961600,0.0,0.0
2022-09-16 00:00:00-04:00,30.5,30.5,29.690000534057617,30.110000610351562,1436400,0.0,0.0
2022-09-19 00:00:00-04:00,29.799999237060547,30.760000228881836,29.780000686645508,30.65999984741211,406100,0.0,0.0
2022-09-20 00:00:00-04:00,30.399999618530273,30.81999969482422,30.34000015258789,30.739999771118164,411600,0.0,0.0
2022-09-21 00:00:00-04:00,30.93000030517578,31.6299991607666,30.790000915527344,30.790000915527344,1343200,0.0,0.0
2022-09-22 00:00:00-04:00,30.8799991607666,31.06999969482422,29.770000457763672,30.079999923706055,639500,0.0,0.0
2022-09-23 00:00:00-04:00,29.6200008392334,29.8799991607666,29.200000762939453,29.770000457763672,732500,0.0,0.0
2022-09-26 00:00:00-04:00,29.489999771118164,30.459999084472656,29.40999984741211,29.59000015258789,2608500,0.0,0.0
2022-09-27 00:00:00-04:00,29.770000457763672,29.920000076293945,28.889999389648438,29.25,724300,0.0,0.0
2022-09-28 00:00:00-04:00,29.25,29.690000534057617,29.079999923706055,29.34000015258789,985900,0.0,0.0
2022-09-29 00:00:00-04:00,29.15999984741211,29.299999237060547,28.530000686645508,28.969999313354492,877900,0.0,0.0
2022-09-30 00:00:00-04:00,29.0,29.670000076293945,28.81999969482422,28.889999389648438,999200,0.0,0.0
2022-10-03 00:00:00-04:00,29.360000610351562,29.59000015258789,28.780000686645508,29.31999969482422,1880000,0.0,0.0
2022-10-04 00:00:00-04:00,29.68000030517578,30.729999542236328,29.68000030517578,30.489999771118164,905500,0.0,0.0
2022-10-05 00:00:00-04:00,30.06999969482422,30.389999389648438,29.780000686645508,30.34000015258789,967300,0.0,0.0
2022-10-06 00:00:00-04:00,30.09000015258789,30.5,29.860000610351562,30.170000076293945,923200,0.0,0.0
2022-10-07 00:00:00-04:00,30.030000686645508,30.030000686645508,29.079999923706055,29.100000381469727,670600,0.0,0.0
2022-10-10 00:00:00-04:00,29.399999618530273,29.709999084472656,29.020000457763672,29.25,788800,0.0,0.0
2022-10-11 00:00:00-04:00,29.280000686645508,30.040000915527344,29.100000381469727,29.6200008392334,1619400,0.0,0.0
2022-10-12 00:00:00-04:00,29.559999465942383,29.790000915527344,29.239999771118164,29.260000228881836,1370700,0.0,0.0
2022-10-13 00:00:00-04:00,28.90999984741211,30.450000762939453,28.68000030517578,30.3700008392334,1645500,0.0,0.0
2022-10-14 00:00:00-04:00,30.389999389648438,30.729999542236328,29.739999771118164,29.790000915527344,1112400,0.0,0.0
2022-10-17 00:00:00-04:00,30.270000457763672,30.68000030517578,30.040000915527344,30.56999969482422,1189400,0.0,0.0
2022-10-18 00:00:00-04:00,30.920000076293945,31.1299991607666,30.299999237060547,30.6299991607666,1052200,0.0,0.0
2022-10-19 00:00:00-04:00,30.399999618530273,30.690000534057617,29.469999313354492,29.8799991607666,1214900,0.0,0.0
2022-10-20 00:00:00-04:00,29.93000030517578,31.049999237060547,29.579999923706055,30.31999969482422,1272200,0.0,0.0
2022-10-21 00:00:00-04:00,30.639999389648438,31.31999969482422,30.25,31.15999984741211,1176600,0.0,0.0
2022-10-24 00:00:00-04:00,31.40999984741211,31.40999984741211,30.860000610351562,31.110000610351562,745200,0.0,0.0
2022-10-25 00:00:00-04:00,30.889999389648438,31.5,30.790000915527344,31.43000030517578,879200,0.0,0.0
2022-10-26 00:00:00-04:00,31.84000015258789,32.349998474121094,31.739999771118164,32.060001373291016,1652300,0.0,0.0
2022-10-27 00:00:00-04:00,32.290000915527344,32.61000061035156,31.90999984741211,32.380001068115234,861100,0.0,0.0
2022-10-28 00:00:00-04:00,32.650001525878906,33.56999969482422,32.36000061035156,33.560001373291016,1222000,0.0,0.0
2022-10-31 00:00:00-04:00,33.380001068115234,33.83000183105469,33.349998474121094,33.470001220703125,1171400,0.0,0.0
2022-11-01 00:00:00-04:00,33.5,34.209999084472656,33.459999084472656,33.810001373291016,1040600,0.0,0.0
2022-11-02 00:00:00-04:00,33.52000045776367,34.040000915527344,32.97999954223633,33.15999984741211,1186400,0.0,0.0
2022-11-03 00:00:00-04:00,32.90999984741211,33.5099983215332,32.58000183105469,33.400001525878906,1061400,0.0,0.0
2022-11-04 00:00:00-04:00,33.720001220703125,34.11000061035156,33.5,34.09000015258789,934500,0.0,0.0
2022-11-07 00:00:00-05:00,34.16999816894531,34.40999984741211,33.689998626708984,33.880001068115234,792900,0.0,0.0
2022-11-08 00:00:00-05:00,33.880001068115234,34.40999984741211,33.72999954223633,33.88999938964844,602300,0.0,0.0
2022-11-09 00:00:00-05:00,33.529998779296875,33.88999938964844,33.41999816894531,33.630001068115234,572800,0.0,0.0
2022-11-10 00:00:00-05:00,34.31999969482422,35.22999954223633,34.27000045776367,35.16999816894531,722900,0.0,0.0
2022-11-11 00:00:00-05:00,35.27000045776367,35.529998779296875,34.77000045776367,34.88999938964844,631800,0.0,0.0
2022-11-14 00:00:00-05:00,34.650001525878906,35.02000045776367,34.41999816894531,34.43000030517578,561100,0.0,0.0
2022-11-15 00:00:00-05:00,34.720001220703125,35.099998474121094,34.099998474121094,34.310001373291016,1117200,0.0,0.0
2022-11-16 00:00:00-05:00,34.18000030517578,34.400001525878906,33.59000015258789,33.68000030517578,1071600,0.0,0.0
2022-11-17 00:00:00-05:00,33.279998779296875,33.709999084472656,33.060001373291016,33.5,568300,0.0,0.0
2022-11-18 00:00:00-05:00,34.119998931884766,34.22999954223633,33.40999984741211,33.93000030517578,710000,0.0,0.0
2022-11-21 00:00:00-05:00,33.900001525878906,34.099998474121094,33.7400016784668,33.900001525878906,418600,0.0,0.0
2022-11-22 00:00:00-05:00,34.040000915527344,34.16999816894531,33.790000915527344,33.91999816894531,845900,0.0,0.0
2022-11-23 00:00:00-05:00,33.83000183105469,33.970001220703125,33.63999938964844,33.7599983215332,709900,0.0,0.0
2022-11-25 00:00:00-05:00,33.939998626708984,34.099998474121094,33.7400016784668,33.9900016784668,534900,0.0,0.0
2022-11-28 00:00:00-05:00,33.810001373291016,33.880001068115234,33.209999084472656,33.369998931884766,478600,0.0,0.0
2022-11-29 00:00:00-05:00,33.459999084472656,33.58000183105469,33.2400016784668,33.459999084472656,528800,0.0,0.0
2022-11-30 00:00:00-05:00,33.45000076293945,34.119998931884766,32.83000183105469,34.060001373291016,827200,0.0,0.0
2022-12-01 00:00:00-05:00,34.13999938964844,34.34000015258789,33.54999923706055,33.75,522700,0.0,0.0
2022-12-02 00:00:00-05:00,33.40999984741211,34.029998779296875,33.40999984741211,33.93000030517578,680400,0.0,0.0
2022-12-05 00:00:00-05:00,33.66999816894531,33.66999816894531,31.239999771118164,31.700000762939453,1042400,0.0,0.0
2022-12-06 00:00:00-05:00,31.68000030517578,31.90999984741211,31.110000610351562,31.399999618530273,770900,0.0,0.0
2022-12-07 00:00:00-05:00,31.229999542236328,31.6299991607666,30.850000381469727,31.290000915527344,1215900,0.0,0.0
2022-12-08 00:00:00-05:00,31.440000534057617,31.56999969482422,30.920000076293945,31.040000915527344,672500,0.0,0.0
2022-12-09 00:00:00-05:00,30.860000610351562,31.1299991607666,30.760000228881836,30.809999465942383,459200,0.0,0.0
2022-12-12 00:00:00-05:00,30.920000076293945,31.239999771118164,30.600000381469727,31.020000457763672,891100,0.0,0.0
2022-12-13 00:00:00-05:00,31.559999465942383,31.65999984741211,30.209999084472656,30.520000457763672,1525300,0.0,0.0
2022-12-14 00:00:00-05:00,30.530000686645508,30.780000686645508,29.979999542236328,30.079999923706055,1118000,0.0,0.0
2022-12-15 00:00:00-05:00,29.860000610351562,30.510000228881836,29.25,29.860000610351562,2012800,0.0,0.0
2022-12-16 00:00:00-05:00,29.760000228881836,30.030000686645508,29.450000762939453,29.520000457763672,3250600,0.0,0.0
2022-12-19 00:00:00-05:00,29.600000381469727,29.969999313354492,29.540000915527344,29.829999923706055,1023000,0.0,0.0
2022-12-20 00:00:00-05:00,29.850000381469727,30.469999313354492,29.770000457763672,30.420000076293945,898000,0.0,0.0
2022-12-21 00:00:00-05:00,30.780000686645508,31.399999618530273,30.709999084472656,30.8799991607666,1123100,0.0,0.0
2022-12-22 00:00:00-05:00,30.649999618530273,31.1200008392334,29.170000076293945,29.799999237060547,1794600,0.0,0.0
2022-12-23 00:00:00-05:00,29.75,30.18000030517578,29.329999923706055,29.510000228881836,1052200,0.0,0.0
2022-12-27 00:00:00-05:00,29.549999237060547,29.739999771118164,29.229999542236328,29.469999313354492,823600,0.0,0.0
2022-12-28 00:00:00-05:00,29.520000457763672,29.860000610351562,29.360000610351562,29.670000076293945,1032200,0.0,0.0
2022-12-29 00:00:00-05:00,29.75,30.149999618530273,29.559999465942383,30.049999237060547,829500,0.0,0.0
2022-12-30 00:00:00-05:00,29.969999313354492,30.209999084472656,29.790000915527344,30.1299991607666,1164900,0.0,0.0
2023-01-03 00:00:00-05:00,30.239999771118164,30.309999465942383,29.06999969482422,29.260000228881836,1180800,0.0,0.0
2023-01-04 00:00:00-05:00,29.389999389648438,29.579999923706055,28.93000030517578,29.100000381469727,1045000,0.0,0.0
2023-01-05 00:00:00-05:00,28.969999313354492,29.09000015258789,28.540000915527344,28.600000381469727,1016000,0.0,0.0
2023-01-06 00:00:00-05:00,28.799999237060547,29.549999237060547,28.56999969482422,29.520000457763672,920700,0.0,0.0
2023-01-09 00:00:00-05:00,29.610000610351562,29.770000457763672,29.260000228881836,29.389999389648438,1541300,0.0,0.0
2023-01-10 00:00:00-05:00,29.299999237060547,29.639999389648438,29.059999465942383,29.290000915527344,2362800,0.0,0.0
2023-01-11 00:00:00-05:00,29.34000015258789,29.559999465942383,29.100000381469727,29.18000030517578,1637600,0.0,0.0
2023-01-12 00:00:00-05:00,29.43000030517578,29.760000228881836,29.260000228881836,29.510000228881836,1538300,0.0,0.0
2023-01-13 00:00:00-05:00,29.25,29.389999389648438,28.799999237060547,29.170000076293945,1180400,0.0,0.0
2023-01-17 00:00:00-05:00,29.239999771118164,29.239999771118164,28.579999923706055,29.030000686645508,1239800,0.0,0.0
2023-01-18 00:00:00-05:00,28.860000610351562,28.860000610351562,28.170000076293945,28.280000686645508,1370900,0.0,0.0
2023-01-19 00:00:00-05:00,28.09000015258789,28.170000076293945,27.3700008392334,27.600000381469727,990400,0.0,0.0
2023-01-20 00:00:00-05:00,27.8700008392334,28.489999771118164,27.68000030517578,28.489999771118164,1803500,0.0,0.0
2023-01-23 00:00:00-05:00,28.540000915527344,28.760000228881836,28.329999923706055,28.6200008392334,1493300,0.0,0.0
2023-01-24 00:00:00-05:00,28.940000534057617,29.450000762939453,27.68000030517578,29.350000381469727,1146600,0.0,0.0
2023-01-25 00:00:00-05:00,29.1299991607666,29.979999542236328,28.780000686645508,29.940000534057617,1177400,0.0,0.0
2023-01-26 00:00:00-05:00,30.18000030517578,30.43000030517578,29.520000457763672,29.719999313354492,1249100,0.0,0.0
2023-01-27 00:00:00-05:00,29.799999237060547,30.1299991607666,29.350000381469727,30.049999237060547,1119600,0.0,0.0
2023-01-30 00:00:00-05:00,29.809999465942383,30.350000381469727,29.809999465942383,29.940000534057617,1182100,0.0,0.0
2023-01-31 00:00:00-05:00,30.06999969482422,30.920000076293945,29.860000610351562,30.90999984741211,1112200,0.0,0.0
2023-02-01 00:00:00-05:00,30.639999389648438,32.2400016784668,30.56999969482422,32.0,1582500,0.0,0.0
2023-02-02 00:00:00-05:00,32.099998474121094,32.86000061035156,31.959999084472656,32.86000061035156,1644900,0.0,0.0
2023-02-03 00:00:00-05:00,32.5099983215332,32.95000076293945,32.11000061035156,32.599998474121094,1196900,0.0,0.0
2023-02-06 00:00:00-05:00,32.72999954223633,33.2400016784668,32.5,32.939998626708984,1252900,0.0,0.0
2023-02-07 00:00:00-05:00,32.689998626708984,32.959999084472656,32.220001220703125,32.709999084472656,990900,0.0,0.0
2023-02-08 00:00:00-05:00,32.400001525878906,32.61000061035156,32.130001068115234,32.15999984741211,866000,0.0,0.0
2023-02-09 00:00:00-05:00,32.439998626708984,32.47999954223633,31.84000015258789,31.8799991607666,606300,0.0,0.0
2023-02-10 00:00:00-05:00,31.860000610351562,31.950000762939453,31.600000381469727,31.860000610351562,564400,0.0,0.0
2023-02-13 00:00:00-05:00,31.8700008392334,31.969999313354492,31.65999984741211,31.969999313354492,640800,0.0,0.0
2023-02-14 00:00:00-05:00,31.8799991607666,31.989999771118164,31.290000915527344,31.709999084472656,637800,0.0,0.0
2023-02-15 00:00:00-05:00,31.600000381469727,32.04999923706055,31.469999313354492,32.04999923706055,749100,0.0,0.0
2023-02-16 00:00:00-05:00,31.649999618530273,31.81999969482422,31.399999618530273,31.399999618530273,886600,0.0,0.0
2023-02-17 00:00:00-05:00,31.450000762939453,31.649999618530273,31.219999313354492,31.59000015258789,954100,0.0,0.0
2023-02-21 00:00:00-05:00,31.270000457763672,31.34000015258789,30.729999542236328,30.770000457763672,1002900,0.0,0.0
2023-02-22 00:00:00-05:00,30.760000228881836,30.959999084472656,30.260000228881836,30.459999084472656,1188100,0.0,0.0
2023-02-23 00:00:00-05:00,30.479999542236328,30.719999313354492,30.18000030517578,30.510000228881836,1092500,0.0,0.0
2023-02-24 00:00:00-05:00,29.75,30.520000457763672,29.739999771118164,30.450000762939453,1969300,0.0,0.0
2023-02-27 00:00:00-05:00,30.68000030517578,30.860000610351562,30.010000228881836,30.139999389648438,2433400,0.0,0.0
2023-02-28 00:00:00-05:00,30.270000457763672,30.520000457763672,29.510000228881836,29.729999542236328,37951300,0.0,0.0
2023-03-01 00:00:00-05:00,30.110000610351562,30.110000610351562,29.59000015258789,29.950000762939453,4144700,0.0,0.0
2023-03-02 00:00:00-05:00,29.440000534057617,29.579999923706055,28.68000030517578,29.06999969482422,4099300,0.0,0.0
2023-03-03 00:00:00-05:00,29.3700008392334,29.399999618530273,28.579999923706055,28.700000762939453,3767300,0.0,0.0
2023-03-06 00:00:00-05:00,28.940000534057617,28.940000534057617,28.0,28.06999969482422,3716600,0.0,0.0
2023-03-07 00:00:00-05:00,27.920000076293945,27.920000076293945,27.15999984741211,27.280000686645508,3702600,0.0,0.0
2023-03-08 00:00:00-05:00,27.309999465942383,27.489999771118164,27.010000228881836,27.360000610351562,3086600,0.0,0.0
2023-03-09 00:00:00-05:00,27.229999542236328,27.229999542236328,24.670000076293945,24.700000762939453,5986300,0.0,0.0
2023-03-10 00:00:00-05:00,23.860000610351562,24.799999237060547,22.760000228881836,23.920000076293945,4307800,0.0,0.0
2023-03-13 00:00:00-04:00,22.209999084472656,22.559999465942383,20.450000762939453,20.540000915527344,7143600,0.0,0.0
2023-03-14 00:00:00-04:00,22.3799991607666,22.989999771118164,21.34000015258789,21.530000686645508,4289500,0.0,0.0
2023-03-15 00:00:00-04:00,20.510000228881836,21.5,20.280000686645508,21.219999313354492,3377900,0.0,0.0
2023-03-16 00:00:00-04:00,20.8700008392334,22.350000381469727,20.25,21.940000534057617,4001100,0.0,0.0
2023-03-17 00:00:00-04:00,21.700000762939453,21.8799991607666,21.1299991607666,21.719999313354492,6011200,0.0,0.0
2023-03-20 00:00:00-04:00,22.06999969482422,22.5,21.15999984741211,21.190000534057617,4179300,0.0,0.0
2023-03-21 00:00:00-04:00,22.149999618530273,22.8700008392334,21.950000762939453,22.65999984741211,4477500,0.0,0.0
2023-03-22 00:00:00-04:00,22.600000381469727,22.709999084472656,21.389999389648438,21.420000076293945,2068600,0.0,0.0
2023-03-23 00:00:00-04:00,21.579999923706055,21.729999542236328,19.969999313354492,20.190000534057617,2696500,0.0,0.0
2023-03-24 00:00:00-04:00,19.799999237060547,20.520000457763672,19.59000015258789,20.520000457763672,2951000,0.0,0.0
2023-03-27 00:00:00-04:00,21.139999389648438,21.43000030517578,20.510000228881836,20.809999465942383,1820000,0.0,0.0
2023-03-28 00:00:00-04:00,20.790000915527344,21.190000534057617,20.670000076293945,20.940000534057617,1140600,0.0,0.0
2023-03-29 00:00:00-04:00,21.219999313354492,21.469999313354492,20.399999618530273,21.0,3055500,0.0,0.0
2023-03-30 00:00:00-04:00,21.329999923706055,21.610000610351562,20.65999984741211,20.979999542236328,3159400,0.0,0.0
2023-03-31 00:00:00-04:00,21.139999389648438,21.5,20.8700008392334,21.420000076293945,2815700,0.0,0.0
2023-04-03 00:00:00-04:00,21.540000915527344,21.579999923706055,20.84000015258789,21.030000686645508,2020000,0.0,0.0
2023-04-04 00:00:00-04:00,21.059999465942383,21.190000534057617,20.15999984741211,20.729999542236328,2532000,0.0,0.0
2023-04-05 00:00:00-04:00,20.280000686645508,20.649999618530273,20.1299991607666,20.549999237060547,2916700,0.0,0.0
2023-04-06 00:00:00-04:00,21.200000762939453,22.270000457763672,20.920000076293945,21.760000228881836,2681600,0.0,0.0
2023-04-10 00:00:00-04:00,21.600000381469727,22.309999465942383,21.600000381469727,21.8700008392334,3161500,0.0,0.0
2023-04-11 00:00:00-04:00,22.030000686645508,22.309999465942383,21.850000381469727,22.219999313354492,2233800,0.0,0.0
2023-04-12 00:00:00-04:00,22.399999618530273,22.440000534057617,21.65999984741211,21.989999771118164,1952600,0.0,0.0
2023-04-13 00:00:00-04:00,22.110000610351562,22.469999313354492,21.889999389648438,22.290000915527344,1670600,0.0,0.0
2023-04-14 00:00:00-04:00,22.700000762939453,22.700000762939453,21.3700008392334,21.579999923706055,1380700,0.0,0.0
2023-04-17 00:00:00-04:00,21.3799991607666,22.3700008392334,21.270000457763672,22.3700008392334,1338300,0.0,0.0
2023-04-18 00:00:00-04:00,22.34000015258789,22.399999618530273,21.299999237060547,21.520000457763672,1561000,0.0,0.0
2023-04-19 00:00:00-04:00,21.690000534057617,22.549999237060547,21.540000915527344,22.260000228881836,1496500,0.0,0.0
2023-04-20 00:00:00-04:00,21.600000381469727,22.15999984741211,21.530000686645508,21.959999084472656,1403900,0.0,0.0
2023-04-21 00:00:00-04:00,21.899999618530273,22.020000457763672,21.059999465942383,21.360000610351562,1890800,0.0,0.0
2023-04-24 00:00:00-04:00,21.469999313354492,21.510000228881836,21.09000015258789,21.5,1844500,0.0,0.0
2023-04-25 00:00:00-04:00,20.920000076293945,21.079999923706055,20.020000457763672,20.079999923706055,2846500,0.0,0.0
2023-04-26 00:00:00-04:00,20.18000030517578,20.510000228881836,19.75,19.969999313354492,2158800,0.0,0.0
2023-04-27 00:00:00-04:00,20.18000030517578,21.90999984741211,20.18000030517578,21.549999237060547,2365400,0.0,0.0
2023-04-28 00:00:00-04:00,21.469999313354492,21.84000015258789,21.229999542236328,21.360000610351562,2272400,0.0,0.0
2023-05-01 00:00:00-04:00,21.520000457763672,21.520000457763672,20.8799991607666,20.959999084472656,1403300,0.0,0.0
2023-05-02 00:00:00-04:00,20.780000686645508,20.899999618530273,19.0,19.43000030517578,3001800,0.0,0.0
2023-05-03 00:00:00-04:00,19.549999237060547,20.139999389648438,18.829999923706055,18.940000534057617,2773200,0.0,0.0
2023-05-04 00:00:00-04:00,18.260000228881836,19.940000534057617,17.540000915527344,19.079999923706055,5826700,0.0,0.0
2023-05-05 00:00:00-04:00,20.06999969482422,20.290000915527344,19.350000381469727,20.049999237060547,3276500,0.0,0.0
2023-05-08 00:00:00-04:00,20.399999618530273,20.459999084472656,19.329999923706055,19.34000015258789,1962500,0.0,0.0
2023-05-09 00:00:00-04:00,19.209999084472656,19.459999084472656,18.700000762939453,19.399999618530273,2194800,0.0,0.0
2023-05-10 00:00:00-04:00,19.84000015258789,19.959999084472656,18.850000381469727,19.0,1906800,0.0,0.0
2023-05-11 00:00:00-04:00,18.729999542236328,18.899999618530273,18.420000076293945,18.450000762939453,2138800,0.0,0.0
2023-05-12 00:00:00-04:00,18.600000381469727,18.68000030517578,18.010000228881836,18.440000534057617,1825200,0.0,0.0
2023-05-15 00:00:00-04:00,18.860000610351562,20.309999465942383,18.690000534057617,20.25,4419000,0.0,0.0
2023-05-16 00:00:00-04:00,20.450000762939453,20.459999084472656,19.729999542236328,19.760000228881836,2063500,0.0,0.0
2023-05-17 00:00:00-04:00,20.200000762939453,21.15999984741211,20.15999984741211,21.010000228881836,2711300,0.0,0.0
2023-05-18 00:00:00-04:00,21.020000457763672,21.209999084472656,20.579999923706055,21.100000381469727,1885400,0.0,0.0
2023-05-19 00:00:00-04:00,21.18000030517578,21.25,19.969999313354492,20.489999771118164,1636500,0.0,0.0
2023-05-22 00:00:00-04:00,20.760000228881836,21.34000015258789,20.420000076293945,21.31999969482422,1681300,0.0,0.0
2023-05-23 00:00:00-04:00,21.329999923706055,22.309999465942383,21.31999969482422,21.510000228881836,2691500,0.0,0.0
2023-05-24 00:00:00-04:00,21.260000228881836,21.40999984741211,20.75,21.079999923706055,2734100,0.0,0.0
2023-05-25 00:00:00-04:00,20.969999313354492,21.25,20.350000381469727,20.860000610351562,1506900,0.0,0.0
2023-05-26 00:00:00-04:00,20.84000015258789,21.139999389648438,20.399999618530273,21.059999465942383,1274500,0.0,0.0
2023-05-30 00:00:00-04:00,20.770000457763672,20.850000381469727,20.09000015258789,20.700000762939453,1934100,0.0,0.0
2023-05-31 00:00:00-04:00,20.5,20.540000915527344,19.399999618530273,20.030000686645508,2767100,0.0,0.0
2023-06-01 00:00:00-04:00,20.260000228881836,20.790000915527344,19.920000076293945,20.459999084472656,1803300,0.0,0.0
2023-06-02 00:00:00-04:00,20.899999618530273,22.190000534057617,20.799999237060547,22.06999969482422,1689300,0.0,0.0
2023-06-05 00:00:00-04:00,21.979999542236328,22.110000610351562,21.280000686645508,21.579999923706055,1728200,0.0,0.0
2023-06-06 00:00:00-04:00,21.489999771118164,23.299999237060547,21.40999984741211,23.149999618530273,2202100,0.0,0.0
2023-06-07 00:00:00-04:00,23.5,24.030000686645508,23.200000762939453,23.709999084472656,2646900,0.0,0.0
2023-06-08 00:00:00-04:00,23.600000381469727,23.65999984741211,22.969999313354492,23.25,1406000,0.0,0.0
2023-06-09 00:00:00-04:00,23.260000228881836,23.459999084472656,22.6200008392334,22.93000030517578,1905500,0.0,0.0
2023-06-12 00:00:00-04:00,22.920000076293945,23.440000534057617,22.489999771118164,23.010000228881836,1366500,0.0,0.0
2023-06-13 00:00:00-04:00,23.18000030517578,23.479999542236328,22.829999923706055,23.25,1491700,0.0,0.0
2023-06-14 00:00:00-04:00,23.280000686645508,23.469999313354492,22.350000381469727,22.649999618530273,1259100,0.0,0.0
2023-06-15 00:00:00-04:00,22.420000076293945,23.059999465942383,22.420000076293945,23.020000457763672,1249900,0.0,0.0
2023-06-16 00:00:00-04:00,22.920000076293945,23.06999969482422,22.170000076293945,22.600000381469727,2482400,0.0,0.0
2023-06-20 00:00:00-04:00,22.540000915527344,22.559999465942383,22.010000228881836,22.280000686645508,1160200,0.0,0.0
2023-06-21 00:00:00-04:00,22.06999969482422,22.209999084472656,21.729999542236328,21.739999771118164,1111500,0.0,0.0
2023-06-22 00:00:00-04:00,21.610000610351562,21.610000610351562,20.790000915527344,20.969999313354492,1441400,0.0,0.0
2023-06-23 00:00:00-04:00,20.690000534057617,20.979999542236328,20.399999618530273,20.479999542236328,2468600,0.0,0.0
2023-06-26 00:00:00-04:00,20.6299991607666,21.100000381469727,20.43000030517578,20.530000686645508,1561400,0.0,0.0
2023-06-27 00:00:00-04:00,20.59000015258789,20.90999984741211,20.299999237060547,20.520000457763672,2115700,0.0,0.0
2023-06-28 00:00:00-04:00,20.440000534057617,20.540000915527344,19.979999542236328,20.200000762939453,1475200,0.0,0.0
2023-06-29 00:00:00-04:00,20.399999618530273,20.690000534057617,20.260000228881836,20.309999465942383,1589700,0.0,0.0
2023-06-30 00:00:00-04:00,20.540000915527344,20.729999542236328,20.020000457763672,20.280000686645508,1910900,0.0,0.0
2023-07-03 00:00:00-04:00,20.290000915527344,21.010000228881836,20.290000915527344,20.8799991607666,904100,0.0,0.0
2023-07-05 00:00:00-04:00,20.549999237060547,20.860000610351562,20.270000457763672,20.5,1488500,0.0,0.0
2023-07-06 00:00:00-04:00,20.270000457763672,20.329999923706055,19.649999618530273,19.959999084472656,1948500,0.0,0.0
2023-07-07 00:00:00-04:00,20.06999969482422,20.950000762939453,20.06999969482422,20.739999771118164,2923100,0.0,0.0
2023-07-10 00:00:00-04:00,20.530000686645508,21.18000030517578,20.5,20.739999771118164,2032800,0.0,0.0
2023-07-11 00:00:00-04:00,20.889999389648438,21.1299991607666,20.299999237060547,21.040000915527344,1747800,0.0,0.0
2023-07-12 00:00:00-04:00,21.6299991607666,21.84000015258789,21.309999465942383,21.56999969482422,1915900,0.0,0.0
2023-07-13 00:00:00-04:00,21.770000457763672,22.540000915527344,21.639999389648438,22.479999542236328,2040400,0.0,0.0
2023-07-14 00:00:00-04:00,22.6200008392334,22.6200008392334,21.540000915527344,21.59000015258789,1809900,0.0,0.0
2023-07-17 00:00:00-04:00,21.5,22.079999923706055,21.3700008392334,22.049999237060547,1846200,0.0,0.0
2023-07-18 00:00:00-04:00,22.040000915527344,23.15999984741211,22.010000228881836,23.0,1779400,0.0,0.0
2023-07-19 00:00:00-04:00,23.25,23.75,22.899999618530273,23.549999237060547,2340900,0.0,0.0
2023-07-20 00:00:00-04:00,21.5,22.190000534057617,20.31999969482422,21.93000030517578,5618500,0.0,0.0
2023-07-21 00:00:00-04:00,22.030000686645508,22.06999969482422,21.030000686645508,21.170000076293945,2800500,0.0,0.0
2023-07-24 00:00:00-04:00,21.049999237060547,22.200000762939453,21.049999237060547,22.149999618530273,2742600,0.0,0.0
2023-07-25 00:00:00-04:00,22.280000686645508,22.6299991607666,21.700000762939453,21.770000457763672,3212200,0.0,0.0
2023-07-26 00:00:00-04:00,22.059999465942383,22.729999542236328,21.899999618530273,22.6299991607666,2411400,0.0,0.0
2023-07-27 00:00:00-04:00,22.920000076293945,22.920000076293945,21.600000381469727,21.809999465942383,1600700,0.0,0.0
2023-07-28 00:00:00-04:00,22.100000381469727,22.600000381469727,21.889999389648438,22.239999771118164,1643100,0.0,0.0
2023-07-31 00:00:00-04:00,22.329999923706055,22.700000762939453,22.15999984741211,22.350000381469727,1782500,0.0,0.0
2023-08-01 00:00:00-04:00,22.139999389648438,22.139999389648438,21.5,22.06999969482422,1321000,0.0,0.0
2023-08-02 00:00:00-04:00,21.639999389648438,22.18000030517578,21.459999084472656,21.84000015258789,1345900,0.0,0.0
2023-08-03 00:00:00-04:00,21.829999923706055,21.989999771118164,21.459999084472656,21.8700008392334,1467500,0.0,0.0
2023-08-04 00:00:00-04:00,21.93000030517578,22.5,21.850000381469727,22.290000915527344,1509100,0.0,0.0
2023-08-07 00:00:00-04:00,22.309999465942383,22.40999984741211,21.989999771118164,22.3799991607666,775700,0.0,0.0
2023-08-08 00:00:00-04:00,21.850000381469727,22.31999969482422,21.309999465942383,22.229999542236328,1046300,0.0,0.0
2023-08-09 00:00:00-04:00,22.059999465942383,22.110000610351562,21.549999237060547,21.59000015258789,641300,0.0,0.0
2023-08-10 00:00:00-04:00,21.790000915527344,22.010000228881836,21.43000030517578,21.59000015258789,614200,0.0,0.0
2023-08-11 00:00:00-04:00,21.3700008392334,21.670000076293945,21.3700008392334,21.469999313354492,613200,0.0,0.0
2023-08-14 00:00:00-04:00,21.389999389648438,21.389999389648438,20.81999969482422,20.8700008392334,776800,0.0,0.0
2023-08-15 00:00:00-04:00,20.5,20.59000015258789,19.760000228881836,19.850000381469727,1969100,0.0,0.0
2023-08-16 00:00:00-04:00,19.770000457763672,19.979999542236328,19.459999084472656,19.579999923706055,2936300,0.0,0.0
2023-08-17 00:00:00-04:00,19.719999313354492,19.81999969482422,19.350000381469727,19.540000915527344,1042700,0.0,0.0
2023-08-18 00:00:00-04:00,19.329999923706055,20.010000228881836,19.290000915527344,19.6299991607666,1611500,0.0,0.0
2023-08-21 00:00:00-04:00,19.670000076293945,19.780000686645508,19.059999465942383,19.43000030517578,1321600,0.0,0.0
2023-08-22 00:00:00-04:00,19.399999618530273,19.610000610351562,18.850000381469727,18.8799991607666,1141200,0.0,0.0
2023-08-23 00:00:00-04:00,18.940000534057617,19.610000610351562,18.68000030517578,19.59000015258789,1775300,0.0,0.0
2023-08-24 00:00:00-04:00,19.149999618530273,19.90999984741211,19.09000015258789,19.739999771118164,1925000,0.0,0.0
2023-08-25 00:00:00-04:00,19.780000686645508,20.0,19.200000762939453,19.719999313354492,1833000,0.0,0.0
2023-08-28 00:00:00-04:00,19.809999465942383,20.450000762939453,19.799999237060547,20.420000076293945,1200400,0.0,0.0
2023-08-29 00:00:00-04:00,20.530000686645508,20.920000076293945,20.229999542236328,20.610000610351562,1262900,0.0,0.0
2023-08-30 00:00:00-04:00,20.530000686645508,20.75,20.329999923706055,20.540000915527344,1268200,0.0,0.0
2023-08-31 00:00:00-04:00,20.610000610351562,20.829999923706055,20.329999923706055,20.479999542236328,1411400,0.0,0.0
2023-09-01 00:00:00-04:00,20.770000457763672,21.31999969482422,20.670000076293945,21.149999618530273,1051400,0.0,0.0
2023-09-05 00:00:00-04:00,20.989999771118164,21.200000762939453,20.719999313354492,20.739999771118164,1482200,0.0,0.0
2023-09-06 00:00:00-04:00,20.68000030517578,20.8799991607666,20.190000534057617,20.260000228881836,1140300,0.0,0.0
2023-09-07 00:00:00-04:00,20.06999969482422,20.229999542236328,19.690000534057617,19.780000686645508,2267600,0.0,0.0
2023-09-08 00:00:00-04:00,19.90999984741211,20.40999984741211,19.6200008392334,20.3700008392334,1051800,0.0,0.0
2023-09-11 00:00:00-04:00,20.549999237060547,20.729999542236328,20.25,20.270000457763672,779600,0.0,0.0
2023-09-12 00:00:00-04:00,20.309999465942383,20.780000686645508,20.260000228881836,20.540000915527344,727100,0.0,0.0
2023-09-13 00:00:00-04:00,20.649999618530273,20.719999313354492,20.040000915527344,20.290000915527344,903100,0.0,0.0
2023-09-14 00:00:00-04:00,20.549999237060547,20.829999923706055,20.440000534057617,20.829999923706055,896200,0.0,0.0
2023-09-15 00:00:00-04:00,20.700000762939453,21.0,20.489999771118164,20.889999389648438,2227700,0.0,0.0
2023-09-18 00:00:00-04:00,20.790000915527344,20.84000015258789,20.389999389648438,20.440000534057617,982200,0.0,0.0
2023-09-19 00:00:00-04:00,20.530000686645508,20.739999771118164,20.209999084472656,20.239999771118164,1808900,0.0,0.0
2023-09-20 00:00:00-04:00,20.399999618530273,20.459999084472656,19.829999923706055,19.850000381469727,2190400,0.0,0.0
2023-09-21 00:00:00-04:00,19.739999771118164,20.020000457763672,19.510000228881836,19.670000076293945,1596500,0.0,0.0
2023-09-22 00:00:00-04:00,19.75,19.799999237060547,19.469999313354492,19.520000457763672,850200,0.0,0.0
2023-09-25 00:00:00-04:00,19.450000762939453,19.75,19.329999923706055,19.729999542236328,5420800,0.0,0.0
2023-09-26 00:00:00-04:00,19.670000076293945,20.149999618530273,19.6200008392334,19.920000076293945,2122300,0.0,0.0
2023-09-27 00:00:00-04:00,19.969999313354492,19.979999542236328,19.440000534057617,19.65999984741211,1747500,0.0,0.0
2023-09-28 00:00:00-04:00,19.649999618530273,20.010000228881836,19.579999923706055,19.6299991607666,1100300,0.0,0.0
2023-09-29 00:00:00-04:00,19.899999618530273,20.5,19.860000610351562,20.299999237060547,1086200,0.0,0.0
2023-10-02 00:00:00-04:00,20.270000457763672,20.389999389648438,19.399999618530273,19.469999313354492,1317300,0.0,0.0
2023-10-03 00:00:00-04:00,19.309999465942383,19.34000015258789,18.84000015258789,18.90999984741211,1266600,0.0,0.0
2023-10-04 00:00:00-04:00,18.950000762939453,19.0,18.549999237060547,18.920000076293945,1447400,0.0,0.0
2023-10-05 00:00:00-04:00,18.81999969482422,19.489999771118164,18.790000915527344,19.43000030517578,1549900,0.0,0.0
2023-10-06 00:00:00-04:00,19.5,20.079999923706055,19.18000030517578,19.8700008392334,1373300,0.0,0.0
2023-10-09 00:00:00-04:00,19.610000610351562,19.959999084472656,19.56999969482422,19.799999237060547,800900,0.0,0.0
2023-10-10 00:00:00-04:00,19.829999923706055,20.190000534057617,19.75,19.770000457763672,1467700,0.0,0.0
2023-10-11 00:00:00-04:00,19.850000381469727,20.3799991607666,19.799999237060547,20.0,916100,0.0,0.0
2023-10-12 00:00:00-04:00,20.0,20.15999984741211,19.6299991607666,20.049999237060547,1091200,0.0,0.0
2023-10-13 00:00:00-04:00,20.34000015258789,20.399999618530273,19.540000915527344,19.610000610351562,1255700,0.0,0.0
2023-10-16 00:00:00-04:00,19.829999923706055,20.1299991607666,19.600000381469727,20.06999969482422,1789400,0.0,0.0
2023-10-17 00:00:00-04:00,19.920000076293945,20.889999389648438,19.8799991607666,20.6299991607666,1557500,0.0,0.0
2023-10-18 00:00:00-04:00,20.3700008392334,20.420000076293945,19.8799991607666,20.059999465942383,1277700,0.0,0.0
2023-10-19 00:00:00-04:00,20.3799991607666,21.209999084472656,19.81999969482422,19.860000610351562,2744700,0.0,0.0
2023-10-20 00:00:00-04:00,19.84000015258789,19.84000015258789,18.690000534057617,18.850000381469727,2242200,0.0,0.0
2023-10-23 00:00:00-04:00,18.780000686645508,19.09000015258789,18.649999618530273,18.690000534057617,2503100,0.0,0.0
2023-10-24 00:00:00-04:00,19.030000686645508,19.030000686645508,18.229999542236328,18.559999465942383,2844300,0.0,0.0
2023-10-25 00:00:00-04:00,18.360000610351562,18.969999313354492,17.969999313354492,18.59000015258789,2569900,0.0,0.0
2023-10-26 00:00:00-04:00,18.56999969482422,19.790000915527344,18.56999969482422,19.790000915527344,3377000,0.0,0.0
2023-10-27 00:00:00-04:00,19.809999465942383,19.809999465942383,18.950000762939453,19.209999084472656,1552800,0.0,0.0
2023-10-30 00:00:00-04:00,19.40999984741211,19.639999389648438,19.260000228881836,19.579999923706055,1098600,0.0,0.0
2023-10-31 00:00:00-04:00,19.579999923706055,19.760000228881836,19.329999923706055,19.670000076293945,1571800,0.0,0.0
2023-11-01 00:00:00-04:00,19.6200008392334,19.84000015258789,19.290000915527344,19.6299991607666,1147000,0.0,0.0
2023-11-02 00:00:00-04:00,19.979999542236328,20.8700008392334,19.959999084472656,20.84000015258789,1301600,0.0,0.0
2023-11-03 00:00:00-04:00,21.510000228881836,21.969999313354492,21.389999389648438,21.760000228881836,1925200,0.0,0.0
2023-11-06 00:00:00-05:00,21.809999465942383,21.889999389648438,21.360000610351562,21.420000076293945,1332500,0.0,0.0
2023-11-07 00:00:00-05:00,21.290000915527344,21.420000076293945,21.030000686645508,21.170000076293945,1083900,0.0,0.0
2023-11-08 00:00:00-05:00,21.139999389648438,21.399999618530273,20.709999084472656,20.760000228881836,1584800,0.0,0.0
2023-11-09 00:00:00-05:00,20.760000228881836,20.899999618530273,20.149999618530273,20.290000915527344,1044900,0.0,0.0
2023-11-10 00:00:00-05:00,20.399999618530273,20.530000686645508,20.040000915527344,20.489999771118164,755200,0.0,0.0
2023-11-13 00:00:00-05:00,20.309999465942383,20.790000915527344,20.139999389648438,20.65999984741211,982400,0.0,0.0
2023-11-14 00:00:00-05:00,21.540000915527344,22.90999984741211,21.510000228881836,22.56999969482422,2040900,0.0,0.0
2023-11-15 00:00:00-05:00,22.610000610351562,23.139999389648438,22.610000610351562,22.889999389648438,1686700,0.0,0.0
2023-11-16 00:00:00-05:00,22.829999923706055,22.969999313354492,22.3799991607666,22.489999771118164,1146200,0.0,0.0
2023-11-17 00:00:00-05:00,22.610000610351562,22.969999313354492,22.56999969482422,22.780000686645508,727200,0.0,0.0
2023-11-20 00:00:00-05:00,22.770000457763672,22.81999969482422,22.459999084472656,22.540000915527344,1765400,0.0,0.0
2023-11-21 00:00:00-05:00,22.43000030517578,22.6200008392334,22.1200008392334,22.260000228881836,1283400,0.0,0.0
2023-11-22 00:00:00-05:00,22.1200008392334,22.190000534057617,21.729999542236328,21.8799991607666,899800,0.0,0.0
2023-11-24 00:00:00-05:00,21.8700008392334,22.010000228881836,21.719999313354492,21.989999771118164,528700,0.0,0.0
2023-11-27 00:00:00-05:00,21.84000015258789,21.860000610351562,21.540000915527344,21.719999313354492,1043400,0.0,0.0
2023-11-28 00:00:00-05:00,21.760000228881836,21.860000610351562,21.440000534057617,21.809999465942383,838600,0.0,0.0
2023-11-29 00:00:00-05:00,22.030000686645508,22.649999618530273,22.020000457763672,22.329999923706055,1523900,0.0,0.0
2023-11-30 00:00:00-05:00,22.469999313354492,22.690000534057617,22.18000030517578,22.43000030517578,2066600,0.0,0.0
2023-12-01 00:00:00-05:00,22.360000610351562,23.969999313354492,22.229999542236328,23.889999389648438,2405800,0.0,0.0
2023-12-04 00:00:00-05:00,23.6299991607666,24.34000015258789,23.610000610351562,24.260000228881836,1677100,0.0,0.0
2023-12-05 00:00:00-05:00,24.110000610351562,24.110000610351562,23.65999984741211,23.700000762939453,1449100,0.0,0.0
2023-12-06 00:00:00-05:00,23.979999542236328,24.709999084472656,23.959999084472656,24.020000457763672,1711900,0.0,0.0
2023-12-07 00:00:00-05:00,24.1200008392334,24.489999771118164,24.010000228881836,24.3700008392334,1021300,0.0,0.0
2023-12-08 00:00:00-05:00,24.31999969482422,24.93000030517578,24.09000015258789,24.899999618530273,1956500,0.0,0.0
2023-12-11 00:00:00-05:00,24.799999237060547,25.030000686645508,24.579999923706055,24.6299991607666,1379000,0.0,0.0
2023-12-12 00:00:00-05:00,24.549999237060547,24.770000457763672,24.34000015258789,24.479999542236328,1159800,0.0,0.0
2023-12-13 00:00:00-05:00,24.510000228881836,25.979999542236328,24.25,25.979999542236328,3304900,0.0,0.0
2023-12-14 00:00:00-05:00,26.829999923706055,28.1200008392334,26.799999237060547,27.84000015258789,3131400,0.0,0.0
2023-12-15 00:00:00-05:00,27.829999923706055,27.950000762939453,27.100000381469727,27.18000030517578,5632200,0.0,0.0
2023-12-18 00:00:00-05:00,27.420000076293945,27.469999313354492,26.6299991607666,26.639999389648438,1509700,0.0,0.0
2023-12-19 00:00:00-05:00,26.719999313354492,27.209999084472656,26.520000457763672,26.899999618530273,1299100,0.0,0.0
2023-12-20 00:00:00-05:00,26.75,27.100000381469727,26.299999237060547,26.309999465942383,1881800,0.0,0.0
2023-12-21 00:00:00-05:00,26.739999771118164,26.760000228881836,26.299999237060547,26.600000381469727,931300,0.0,0.0
2023-12-22 00:00:00-05:00,26.850000381469727,27.1299991607666,26.459999084472656,26.639999389648438,1532500,0.0,0.0
2023-12-26 00:00:00-05:00,26.670000076293945,27.15999984741211,26.600000381469727,26.959999084472656,818400,0.0,0.0
2023-12-27 00:00:00-05:00,27.049999237060547,27.15999984741211,26.700000762939453,26.979999542236328,792100,0.0,0.0
2023-12-28 00:00:00-05:00,26.790000915527344,27.1299991607666,26.65999984741211,27.110000610351562,642900,0.0,0.0
2023-12-29 00:00:00-05:00,26.959999084472656,27.059999465942383,26.68000030517578,26.68000030517578,1217200,0.0,0.0
2024-01-02 00:00:00-05:00,26.459999084472656,27.200000762939453,26.360000610351562,26.579999923706055,1896300,0.0,0.0
2024-01-03 00:00:00-05:00,26.010000228881836,26.15999984741211,25.559999465942383,25.649999618530273,1412000,0.0,0.0
2024-01-04 00:00:00-05:00,25.639999389648438,26.0,25.579999923706055,25.670000076293945,1287200,0.0,0.0
2024-01-05 00:00:00-05:00,25.479999542236328,26.280000686645508,25.34000015258789,25.940000534057617,2622700,0.0,0.0
2024-01-08 00:00:00-05:00,25.889999389648438,26.18000030517578,25.65999984741211,26.139999389648438,758600,0.0,0.0
2024-01-09 00:00:00-05:00,25.719999313354492,25.770000457763672,25.440000534057617,25.56999969482422,1326800,0.0,0.0
2024-01-10 00:00:00-05:00,25.420000076293945,25.709999084472656,25.239999771118164,25.670000076293945,1098700,0.0,0.0
2024-01-11 00:00:00-05:00,25.40999984741211,25.489999771118164,24.8700008392334,25.34000015258789,1252000,0.0,0.0
2024-01-12 00:00:00-05:00,25.559999465942383,25.739999771118164,24.860000610351562,24.940000534057617,1404200,0.0,0.0
2024-01-16 00:00:00-05:00,24.43000030517578,24.760000228881836,24.31999969482422,24.530000686645508,953400,0.0,0.0
2024-01-17 00:00:00-05:00,24.079999923706055,24.600000381469727,23.889999389648438,24.329999923706055,1286900,0.0,0.0
2024-01-18 00:00:00-05:00,24.56999969482422,24.6299991607666,24.260000228881836,24.59000015258789,1088900,0.0,0.0
2024-01-19 00:00:00-05:00,24.59000015258789,24.920000076293945,24.299999237060547,24.8799991607666,1275300,0.0,0.0
2024-01-22 00:00:00-05:00,25.110000610351562,25.450000762939453,25.010000228881836,25.43000030517578,1085800,0.0,0.0
2024-01-23 00:00:00-05:00,25.5,25.700000762939453,24.950000762939453,25.110000610351562,1088800,0.0,0.0
2024-01-24 00:00:00-05:00,25.280000686645508,25.760000228881836,25.100000381469727,25.59000015258789,2429800,0.0,0.0
2024-01-25 00:00:00-05:00,20.690000534057617,22.0,19.469999313354492,20.18000030517578,15291800,0.0,0.0
2024-01-26 00:00:00-05:00,20.399999618530273,20.65999984741211,20.09000015258789,20.40999984741211,3893000,0.0,0.0
2024-01-29 00:00:00-05:00,20.350000381469727,20.959999084472656,20.299999237060547,20.899999618530273,2873200,0.0,0.0
2024-01-30 00:00:00-05:00,20.8700008392334,21.260000228881836,20.790000915527344,21.110000610351562,3335100,0.0,0.0
2024-01-31 00:00:00-05:00,20.780000686645508,20.8700008392334,20.020000457763672,20.15999984741211,5521600,0.0,0.0
2024-02-01 00:00:00-05:00,20.25,20.34000015258789,18.780000686645508,19.309999465942383,4267500,0.0,0.0
2024-02-02 00:00:00-05:00,18.84000015258789,19.540000915527344,18.84000015258789,19.5,2969200,0.0,0.0
2024-02-05 00:00:00-05:00,19.290000915527344,19.399999618530273,19.049999237060547,19.06999969482422,2141300,0.0,0.0
2024-02-06 00:00:00-05:00,19.049999237060547,19.239999771118164,18.3700008392334,18.579999923706055,3070700,0.0,0.0
2024-02-07 00:00:00-05:00,18.59000015258789,18.6200008392334,18.020000457763672,18.3700008392334,2176800,0.0,0.0
2024-02-08 00:00:00-05:00,18.3700008392334,18.920000076293945,18.25,18.780000686645508,3342700,0.0,0.0
2024-02-09 00:00:00-05:00,18.809999465942383,18.889999389648438,18.479999542236328,18.84000015258789,2615700,0.0,0.0
2024-02-12 00:00:00-05:00,18.8799991607666,19.610000610351562,18.8799991607666,19.40999984741211,1849400,0.0,0.0
2024-02-13 00:00:00-05:00,18.719999313354492,18.84000015258789,18.18000030517578,18.489999771118164,2715800,0.0,0.0
2024-02-14 00:00:00-05:00,18.75,18.93000030517578,18.389999389648438,18.649999618530273,1920400,0.0,0.0
2024-02-15 00:00:00-05:00,18.799999237060547,19.290000915527344,18.649999618530273,19.010000228881836,7576400,0.0,0.0
2024-02-16 00:00:00-05:00,18.790000915527344,18.790000915527344,18.100000381469727,18.5,4030100,0.0,0.0
2024-02-20 00:00:00-05:00,18.3799991607666,18.719999313354492,18.299999237060547,18.559999465942383,2225700,0.0,0.0
2024-02-21 00:00:00-05:00,18.440000534057617,18.5,18.149999618530273,18.280000686645508,3232900,0.0,0.0
2024-02-22 00:00:00-05:00,18.010000228881836,18.139999389648438,17.780000686645508,18.100000381469727,2195300,0.0,0.0
2024-02-23 00:00:00-05:00,18.040000915527344,18.209999084472656,17.920000076293945,18.149999618530273,2105700,0.0,0.0
2024-02-26 00:00:00-05:00,18.1200008392334,18.1299991607666,17.56999969482422,17.729999542236328,2007100,0.0,0.0
2024-02-27 00:00:00-05:00,17.829999923706055,18.059999465942383,17.670000076293945,17.90999984741211,1808600,0.0,0.0
2024-02-28 00:00:00-05:00,17.75,17.889999389648438,17.649999618530273,17.760000228881836,1821400,0.0,0.0
2024-02-29 00:00:00-05:00,18.09000015258789,18.280000686645508,17.84000015258789,18.100000381469727,4622800,0.0,0.0
2024-03-01 00:00:00-05:00,17.899999618530273,17.93000030517578,17.18000030517578,17.8700008392334,4784900,0.0,0.0
2024-03-04 00:00:00-05:00,17.899999618530273,18.600000381469727,17.899999618530273,18.079999923706055,4498700,0.0,0.0
2024-03-05 00:00:00-05:00,18.350000381469727,18.90999984741211,18.110000610351562,18.8799991607666,4714000,0.0,0.0
2024-03-06 00:00:00-05:00,18.780000686645508,19.65999984741211,18.6299991607666,19.489999771118164,4739200,0.0,0.0
2024-03-07 00:00:00-05:00,19.799999237060547,19.90999984741211,19.440000534057617,19.559999465942383,2542000,0.0,0.0
2024-03-08 00:00:00-05:00,19.829999923706055,19.860000610351562,19.420000076293945,19.510000228881836,2385100,0.0,0.0
2024-03-11 00:00:00-04:00,19.479999542236328,19.700000762939453,19.3700008392334,19.530000686645508,2064200,0.0,0.0
2024-03-12 00:00:00-04:00,19.520000457763672,19.59000015258789,19.18000030517578,19.270000457763672,2665700,0.0,0.0
2024-03-13 00:00:00-04:00,19.06999969482422,19.59000015258789,19.06999969482422,19.260000228881836,3191900,0.0,0.0
2024-03-14 00:00:00-04:00,19.149999618530273,19.190000534057617,18.350000381469727,18.459999084472656,3645300,0.0,0.0
2024-03-15 00:00:00-04:00,18.389999389648438,18.75,18.209999084472656,18.219999313354492,16509700,0.0,0.0
2024-03-18 00:00:00-04:00,18.31999969482422,18.329999923706055,17.950000762939453,18.010000228881836,3708000,0.0,0.0
2024-03-19 00:00:00-04:00,17.889999389648438,18.1299991607666,17.850000381469727,17.93000030517578,4625400,0.0,0.0
2024-03-20 00:00:00-04:00,17.84000015258789,18.989999771118164,17.75,18.799999237060547,2781000,0.0,0.0
2024-03-21 00:00:00-04:00,18.860000610351562,19.200000762939453,18.639999389648438,18.68000030517578,2522800,0.0,0.0
2024-03-22 00:00:00-04:00,18.649999618530273,18.770000457763672,18.15999984741211,18.280000686645508,2214800,0.0,0.0
2024-03-25 00:00:00-04:00,18.329999923706055,18.649999618530273,18.329999923706055,18.549999237060547,1490500,0.0,0.0
2024-03-26 00:00:00-04:00,18.690000534057617,18.719999313354492,18.309999465942383,18.3700008392334,1723100,0.0,0.0
2024-03-27 00:00:00-04:00,18.420000076293945,19.100000381469727,18.420000076293945,19.100000381469727,2851500,0.0,0.0
2024-03-28 00:00:00-04:00,19.059999465942383,19.469999313354492,18.989999771118164,19.350000381469727,2832400,0.0,0.0
2024-04-01 00:00:00-04:00,19.350000381469727,19.350000381469727,18.760000228881836,18.8700008392334,2359200,0.0,0.0
2024-04-02 00:00:00-04:00,18.729999542236328,18.770000457763672,18.510000228881836,18.520000457763672,1790000,0.0,0.0
2024-04-03 00:00:00-04:00,18.479999542236328,18.670000076293945,18.399999618530273,18.540000915527344,2663100,0.0,0.0
2024-04-04 00:00:00-04:00,18.75,19.030000686645508,18.290000915527344,18.389999389648438,2016900,0.0,0.0
2024-04-05 00:00:00-04:00,18.209999084472656,18.40999984741211,18.149999618530273,18.360000610351562,2048300,0.0,0.0
2024-04-08 00:00:00-04:00,18.549999237060547,19.0,18.399999618530273,18.850000381469727,1347200,0.0,0.0
2024-04-09 00:00:00-04:00,18.829999923706055,19.100000381469727,18.75,19.100000381469727,1450600,0.0,0.0
2024-04-10 00:00:00-04:00,18.549999237060547,18.559999465942383,17.90999984741211,18.049999237060547,2565700,0.0,0.0
2024-04-11 00:00:00-04:00,18.170000076293945,18.209999084472656,17.770000457763672,17.920000076293945,1747600,0.0,0.0
2024-04-12 00:00:00-04:00,17.719999313354492,17.989999771118164,17.610000610351562,17.649999618530273,2794300,0.0,0.0
2024-04-15 00:00:00-04:00,17.709999084472656,18.010000228881836,17.3700008392334,17.579999923706055,2361700,0.0,0.0
2024-04-16 00:00:00-04:00,17.43000030517578,17.479999542236328,17.079999923706055,17.350000381469727,2632700,0.0,0.0
2024-04-17 00:00:00-04:00,17.579999923706055,17.709999084472656,17.43000030517578,17.489999771118164,1406800,0.0,0.0
2024-04-18 00:00:00-04:00,17.489999771118164,17.90999984741211,17.459999084472656,17.739999771118164,1577100,0.0,0.0
2024-04-19 00:00:00-04:00,17.610000610351562,18.31999969482422,17.610000610351562,18.309999465942383,2115300,0.0,0.0
2024-04-22 00:00:00-04:00,18.309999465942383,18.860000610351562,18.219999313354492,18.790000915527344,2549200,0.0,0.0
2024-04-23 00:00:00-04:00,18.709999084472656,19.18000030517578,18.6299991607666,19.079999923706055,2086200,0.0,0.0
2024-04-24 00:00:00-04:00,18.969999313354492,19.309999465942383,18.8700008392334,19.209999084472656,1906400,0.0,0.0
2024-04-25 00:00:00-04:00,19.149999618530273,19.18000030517578,18.770000457763672,19.010000228881836,3475000,0.0,0.0
2024-04-26 00:00:00-04:00,19.790000915527344,20.309999465942383,19.079999923706055,19.1200008392334,3715900,0.0,0.0
2024-04-29 00:00:00-04:00,19.280000686645508,19.329999923706055,18.8799991607666,18.969999313354492,4151100,0.0,0.0
2024-04-30 00:00:00-04:00,18.790000915527344,19.059999465942383,18.649999618530273,18.809999465942383,2592500,0.0,0.0
2024-05-01 00:00:00-04:00,18.969999313354492,19.899999618530273,18.90999984741211,19.530000686645508,3074600,0.0,0.0
2024-05-02 00:00:00-04:00,19.790000915527344,19.90999984741211,19.469999313354492,19.75,1979900,0.0,0.0
2024-05-03 00:00:00-04:00,20.149999618530273,20.3700008392334,20.0,20.170000076293945,2984000,0.0,0.0
2024-05-06 00:00:00-04:00,20.3700008392334,20.540000915527344,20.09000015258789,20.3700008392334,2064700,0.0,0.0
2024-05-07 00:00:00-04:00,20.5,20.610000610351562,20.059999465942383,20.079999923706055,2197500,0.0,0.0
2024-05-08 00:00:00-04:00,19.850000381469727,20.239999771118164,19.770000457763672,20.229999542236328,1460500,0.0,0.0
2024-05-09 00:00:00-04:00,20.309999465942383,20.360000610351562,20.040000915527344,20.059999465942383,1357800,0.0,0.0
2024-05-10 00:00:00-04:00,20.18000030517578,20.3700008392334,20.040000915527344,20.31999969482422,1362700,0.0,0.0
2024-05-13 00:00:00-04:00,20.469999313354492,20.5,20.139999389648438,20.219999313354492,1498600,0.0,0.0
2024-05-14 00:00:00-04:00,20.450000762939453,20.639999389648438,20.290000915527344,20.399999618530273,2018400,0.0,0.0
2024-05-15 00:00:00-04:00,20.700000762939453,20.8799991607666,20.290000915527344,20.450000762939453,1476800,0.0,0.0
2024-05-16 00:00:00-04:00,20.360000610351562,20.5,20.280000686645508,20.34000015258789,1326700,0.0,0.0
2024-05-17 00:00:00-04:00,20.459999084472656,20.690000534057617,20.350000381469727,20.420000076293945,1566400,0.0,0.0
2024-05-20 00:00:00-04:00,20.389999389648438,20.469999313354492,20.049999237060547,20.06999969482422,1166000,0.0,0.0
2024-05-21 00:00:00-04:00,20.030000686645508,20.3799991607666,20.020000457763672,20.110000610351562,1516100,0.0,0.0
2024-05-22 00:00:00-04:00,20.049999237060547,20.1200008392334,19.559999465942383,19.670000076293945,1057400,0.0,0.0
2024-05-23 00:00:00-04:00,19.40999984741211,19.40999984741211,18.709999084472656,18.850000381469727,1598600,0.0,0.0
2024-05-24 00:00:00-04:00,18.989999771118164,19.030000686645508,18.65999984741211,18.81999969482422,1897400,0.0,0.0
2024-05-28 00:00:00-04:00,18.90999984741211,18.93000030517578,18.610000610351562,18.770000457763672,1756300,0.0,0.0
2024-05-29 00:00:00-04:00,18.420000076293945,18.450000762939453,18.110000610351562,18.329999923706055,2329700,0.0,0.0
2024-05-30 00:00:00-04:00,18.68000030517578,18.950000762939453,18.559999465942383,18.93000030517578,1422600,0.0,0.0
2024-05-31 00:00:00-04:00,18.989999771118164,19.299999237060547,18.90999984741211,19.280000686645508,1696300,0.0,0.0
2024-06-03 00:00:00-04:00,19.420000076293945,19.510000228881836,18.780000686645508,18.889999389648438,1736900,0.0,0.0
2024-06-04 00:00:00-04:00,18.649999618530273,18.709999084472656,18.25,18.270000457763672,1706900,0.0,0.0
2024-06-05 00:00:00-04:00,18.420000076293945,18.739999771118164,18.200000762939453,18.65999984741211,1960200,0.0,0.0
2024-06-06 00:00:00-04:00,18.6200008392334,18.959999084472656,18.43000030517578,18.889999389648438,3172600,0.0,0.0
2024-06-07 00:00:00-04:00,18.719999313354492,19.209999084472656,18.670000076293945,18.93000030517578,2255400,0.0,0.0
2024-06-10 00:00:00-04:00,18.690000534057617,18.959999084472656,18.420000076293945,18.760000228881836,2283200,0.0,0.0
2024-06-11 00:00:00-04:00,18.579999923706055,18.579999923706055,18.239999771118164,18.469999313354492,2905600,0.0,0.0
2024-06-12 00:00:00-04:00,19.049999237060547,19.43000030517578,18.8700008392334,19.1299991607666,3423800,0.0,0.0
2024-06-13 00:00:00-04:00,19.030000686645508,19.049999237060547,18.520000457763672,18.639999389648438,1515500,0.0,0.0
2024-06-14 00:00:00-04:00,18.420000076293945,18.600000381469727,18.350000381469727,18.399999618530273,1105700,0.0,0.0
2024-06-17 00:00:00-04:00,18.399999618530273,18.84000015258789,18.290000915527344,18.81999969482422,1237800,0.0,0.0
2024-06-18 00:00:00-04:00,18.709999084472656,18.93000030517578,18.6299991607666,18.639999389648438,1135500,0.0,0.0
2024-06-20 00:00:00-04:00,18.600000381469727,18.75,18.459999084472656,18.479999542236328,1335300,0.0,0.0
2024-06-21 00:00:00-04:00,18.5,18.5,18.219999313354492,18.43000030517578,2801200,0.0,0.0
2024-06-24 00:00:00-04:00,18.510000228881836,19.190000534057617,18.399999618530273,19.010000228881836,2111600,0.0,0.0
2024-06-25 00:00:00-04:00,19.0,19.010000228881836,18.540000915527344,18.559999465942383,1743900,0.0,0.0
2024-06-26 00:00:00-04:00,18.459999084472656,18.860000610351562,18.40999984741211,18.81999969482422,947300,0.0,0.0
2024-06-27 00:00:00-04:00,18.799999237060547,19.110000610351562,18.690000534057617,19.079999923706055,956900,0.0,0.0
2024-06-28 00:00:00-04:00,19.229999542236328,19.950000762939453,19.219999313354492,19.889999389648438,3129900,0.0,0.0
2024-07-01 00:00:00-04:00,19.8700008392334,20.149999618530273,19.799999237060547,19.829999923706055,2639600,0.0,0.0
2024-07-02 00:00:00-04:00,19.75,19.940000534057617,19.649999618530273,19.829999923706055,1629300,0.0,0.0
2024-07-03 00:00:00-04:00,19.829999923706055,20.0,19.549999237060547,19.559999465942383,1475800,0.0,0.0
2024-07-05 00:00:00-04:00,19.540000915527344,19.600000381469727,19.079999923706055,19.1299991607666,2673900,0.0,0.0
2024-07-08 00:00:00-04:00,19.3799991607666,19.59000015258789,19.18000030517578,19.56999969482422,1657300,0.0,0.0
2024-07-09 00:00:00-04:00,19.479999542236328,20.18000030517578,19.420000076293945,20.15999984741211,2633300,0.0,0.0
2024-07-10 00:00:00-04:00,20.209999084472656,20.84000015258789,20.139999389648438,20.770000457763672,2505800,0.0,0.0
2024-07-11 00:00:00-04:00,21.079999923706055,21.670000076293945,20.889999389648438,21.530000686645508,2976200,0.0,0.0
2024-07-12 00:00:00-04:00,21.579999923706055,21.780000686645508,21.40999984741211,21.440000534057617,1957600,0.0,0.0
2024-07-15 00:00:00-04:00,21.780000686645508,22.59000015258789,21.739999771118164,22.299999237060547,2493100,0.0,0.0
2024-07-16 00:00:00-04:00,22.440000534057617,23.5,22.399999618530273,23.469999313354492,2910800,0.0,0.0
2024-07-17 00:00:00-04:00,23.18000030517578,23.979999542236328,23.1200008392334,23.700000762939453,2206400,0.0,0.0
2024-07-18 00:00:00-04:00,23.540000915527344,24.31999969482422,23.18000030517578,23.469999313354492,3104900,0.0,0.0
2024-07-19 00:00:00-04:00,23.34000015258789,23.780000686645508,23.18000030517578,23.299999237060547,2162900,0.0,0.0
2024-07-22 00:00:00-04:00,23.190000534057617,23.790000915527344,22.84000015258789,23.739999771118164,1675600,0.0,0.0
2024-07-23 00:00:00-04:00,23.3700008392334,24.1299991607666,23.3700008392334,23.959999084472656,2024600,0.0,0.0
2024-07-24 00:00:00-04:00,23.889999389648438,24.1299991607666,23.3700008392334,23.3799991607666,2543000,0.0,0.0
2024-07-25 00:00:00-04:00,23.420000076293945,24.399999618530273,23.309999465942383,24.190000534057617,3764000,0.0,0.0
2024-07-26 00:00:00-04:00,25.040000915527344,27.0,24.899999618530273,26.989999771118164,5077400,0.0,0.0
2024-07-29 00:00:00-04:00,27.06999969482422,27.079999923706055,25.979999542236328,26.1200008392334,2974900,0.0,0.0
2024-07-30 00:00:00-04:00,26.420000076293945,26.5,26.09000015258789,26.260000228881836,2648400,0.0,0.0
2024-07-31 00:00:00-04:00,26.31999969482422,26.739999771118164,25.809999465942383,26.15999984741211,2010300,0.0,0.0
2024-08-01 00:00:00-04:00,26.18000030517578,26.239999771118164,24.649999618530273,24.770000457763672,2401800,0.0,0.0
2024-08-02 00:00:00-04:00,24.020000457763672,24.190000534057617,23.299999237060547,23.8700008392334,2541800,0.0,0.0
2024-08-05 00:00:00-04:00,22.56999969482422,23.700000762939453,22.15999984741211,23.200000762939453,2018100,0.0,0.0
2024-08-06 00:00:00-04:00,23.190000534057617,23.739999771118164,22.969999313354492,23.229999542236328,1581300,0.0,0.0
2024-08-07 00:00:00-04:00,23.65999984741211,23.899999618530273,23.049999237060547,23.09000015258789,1104100,0.0,0.0
2024-08-08 00:00:00-04:00,23.3799991607666,23.639999389648438,23.219999313354492,23.459999084472656,997500,0.0,0.0
2024-08-09 00:00:00-04:00,23.43000030517578,23.469999313354492,23.020000457763672,23.15999984741211,1395400,0.0,0.0
2024-08-12 00:00:00-04:00,23.559999465942383,23.8799991607666,22.8700008392334,22.950000762939453,1402700,0.0,0.0
2024-08-13 00:00:00-04:00,23.200000762939453,23.479999542236328,22.93000030517578,23.440000534057617,1165200,0.0,0.0
2024-08-14 00:00:00-04:00,23.459999084472656,23.59000015258789,23.200000762939453,23.329999923706055,1417800,0.0,0.0
2024-08-15 00:00:00-04:00,23.739999771118164,24.079999923706055,23.520000457763672,23.610000610351562,1170600,0.0,0.0
2024-08-16 00:00:00-04:00,23.5,24.09000015258789,23.5,23.959999084472656,1453900,0.0,0.0
2024-08-19 00:00:00-04:00,24.0,24.260000228881836,23.969999313354492,24.260000228881836,1007800,0.0,0.0
2024-08-20 00:00:00-04:00,24.31999969482422,24.31999969482422,23.6200008392334,23.649999618530273,1476000,0.0,0.0
2024-08-21 00:00:00-04:00,23.790000915527344,23.790000915527344,23.299999237060547,23.600000381469727,1838100,0.0,0.0
2024-08-22 00:00:00-04:00,23.59000015258789,23.850000381469727,23.559999465942383,23.68000030517578,1616200,0.0,0.0
2024-08-23 00:00:00-04:00,23.399999618530273,25.079999923706055,23.389999389648438,24.969999313354492,2250900,0.0,0.0
2024-08-26 00:00:00-04:00,25.149999618530273,25.3799991607666,24.989999771118164,25.040000915527344,1857700,0.0,0.0
2024-08-27 00:00:00-04:00,24.780000686645508,24.850000381469727,24.3700008392334,24.729999542236328,1763100,0.0,0.0
2024-08-28 00:00:00-04:00,24.5,25.06999969482422,24.420000076293945,24.84000015258789,1651400,0.0,0.0
2024-08-29 00:00:00-04:00,25.0,25.219999313354492,24.579999923706055,25.0,2173900,0.0,0.0
2024-08-30 00:00:00-04:00,25.110000610351562,25.299999237060547,24.739999771118164,25.18000030517578,1468300,0.0,0.0
2024-09-03 00:00:00-04:00,24.969999313354492,25.309999465942383,24.5,24.670000076293945,1221200,0.0,0.0
2024-09-04 00:00:00-04:00,24.59000015258789,24.739999771118164,24.1299991607666,24.239999771118164,1355500,0.0,0.0
2024-09-05 00:00:00-04:00,24.65999984741211,24.68000030517578,24.020000457763672,24.25,1093900,0.0,0.0
2024-09-06 00:00:00-04:00,24.309999465942383,24.530000686645508,23.549999237060547,23.639999389648438,1350600,0.0,0.0
2024-09-09 00:00:00-04:00,23.809999465942383,24.110000610351562,23.600000381469727,24.030000686645508,1453900,0.0,0.0
2024-09-10 00:00:00-04:00,24.030000686645508,24.079999923706055,23.260000228881836,23.8799991607666,1635700,0.0,0.0
2024-09-11 00:00:00-04:00,23.68000030517578,23.68000030517578,22.950000762939453,23.479999542236328,1694200,0.0,0.0
2024-09-12 00:00:00-04:00,23.6299991607666,23.739999771118164,23.299999237060547,23.549999237060547,2204000,0.0,0.0
2024-09-13 00:00:00-04:00,23.84000015258789,24.389999389648438,23.739999771118164,24.3700008392334,1653900,0.0,0.0
2024-09-16 00:00:00-04:00,24.350000381469727,24.860000610351562,24.149999618530273,24.709999084472656,1877600,0.0,0.0
2024-09-17 00:00:00-04:00,24.940000534057617,25.469999313354492,24.68000030517578,24.8799991607666,1671900,0.0,0.0
2024-09-18 00:00:00-04:00,24.950000762939453,26.040000915527344,24.56999969482422,25.229999542236328,2371500,0.0,0.0
2024-09-19 00:00:00-04:00,25.829999923706055,26.540000915527344,25.729999542236328,26.280000686645508,2912900,0.0,0.0
2024-09-20 00:00:00-04:00,26.18000030517578,26.18000030517578,25.6299991607666,25.799999237060547,4904900,0.0,0.0
2024-09-23 00:00:00-04:00,25.829999923706055,25.950000762939453,25.559999465942383,25.739999771118164,2266100,0.0,0.0
2024-09-24 00:00:00-04:00,26.030000686645508,26.260000228881836,25.829999923706055,26.079999923706055,3166700,0.0,0.0
2024-09-25 00:00:00-04:00,25.90999984741211,26.079999923706055,25.559999465942383,25.6299991607666,2431300,0.0,0.0
2024-09-26 00:00:00-04:00,26.059999465942383,26.200000762939453,25.690000534057617,25.969999313354492,1560500,0.0,0.0
2024-09-27 00:00:00-04:00,26.170000076293945,26.25,25.850000381469727,25.959999084472656,1376900,0.0,0.0
