Date,Open,High,Low,Close,Volume,Dividends,Stock Splits
1972-06-01 00:00:00-04:00,0.0,0.010440472590326409,0.010302737615959954,0.010385380126535892,82978,0.0,0.0
1972-06-02 00:00:00-04:00,0.010357829307905112,0.010357829307905112,0.010247638950287644,0.010275187902152538,120318,0.0,0.0
1972-06-05 00:00:00-04:00,0.01022009973904649,0.01022009973904649,0.01005481139067706,0.010082360357046127,107871,0.0,0.0
1972-06-06 00:00:00-04:00,0.010082353121566518,0.010137451014764313,0.009972162785011994,0.010027259588241577,327763,0.0,0.0
1972-06-07 00:00:00-04:00,0.00999971112560615,0.00999971112560615,0.009944618679583073,0.009944618679583073,43563,0.0,0.0
1972-06-08 00:00:00-04:00,0.009944618679583073,0.00999971112560615,0.009944618679583073,0.009944618679583073,87127,0.0,0.0
1972-06-09 00:00:00-04:00,0.009944614633286847,0.009944614633286847,0.00986197218298912,0.00986197218298912,497868,0.0,0.0
1972-06-12 00:00:00-04:00,0.009861973059418971,0.009889517638718563,0.00975178275257349,0.00975178275257349,109946,0.0,0.0
1972-06-13 00:00:00-04:00,0.009751782609641865,0.009917066432535648,0.009641592304411441,0.009917066432535648,103722,0.0,0.0
1972-06-14 00:00:00-04:00,0.009917065308020829,0.009972158819437029,0.00986197179660463,0.009972158819437027,35266,0.0,0.0
1972-06-15 00:00:00-04:00,0.010027266784183975,0.010082360357046127,0.010027266784183975,0.010082360357046127,62233,0.0,0.0
1972-06-16 00:00:00-04:00,0.010137452952543863,0.01030273576404901,0.010137452952543863,0.010275187902152538,51861,0.0,0.0
1972-06-19 00:00:00-04:00,0.010220091280449511,0.010220091280449511,0.01019254233688116,0.01019254233688116,47712,0.0,0.0
1972-06-20 00:00:00-04:00,0.01019254605923482,0.01035782997129435,0.010137453601818627,0.010302736423909664,190849,0.0,0.0
1972-06-21 00:00:00-04:00,0.010412923433472752,0.010578207274975732,0.010412923433472752,0.010440466925501823,136914,0.0,0.0
1972-06-22 00:00:00-04:00,0.010440466925501822,0.010440466925501822,0.010440466925501822,0.010440466925501823,53936,0.0,0.0
1972-06-23 00:00:00-04:00,0.010440466925501822,0.010523109391237326,0.010440466925501822,0.010440466925501823,95425,0.0,0.0
1972-06-26 00:00:00-04:00,0.010440468002685435,0.010440468002685435,0.010164993815124033,0.010164993815124035,701164,0.0,0.0
1972-06-27 00:00:00-04:00,0.010192545631455484,0.010330280584104975,0.010192545631455484,0.010220094583928585,350582,0.0,0.0
1972-06-28 00:00:00-04:00,0.010164995665090385,0.010164995665090385,0.01005480531603098,0.01005480531603098,85052,0.0,0.0
1972-06-29 00:00:00-04:00,0.010054801316661944,0.01008235025542943,0.009861972914872291,0.009917066432535648,105797,0.0,0.0
1972-06-30 00:00:00-04:00,0.009917067825766228,0.010054802729242645,0.009861974300362883,0.009999709203839302,109946,0.0,0.0
1972-07-03 00:00:00-04:00,0.009999710641642678,0.010054804174967619,0.009972162785011994,0.010027259588241577,47712,0.0,0.0
1972-07-05 00:00:00-04:00,0.010027260726179056,0.010137452165206798,0.010027260726179056,0.01005480531603098,43563,0.0,0.0
1972-07-06 00:00:00-04:00,0.010137452952543863,0.01030273576404901,0.010137452952543863,0.010275187902152538,141063,0.0,0.0
1972-07-07 00:00:00-04:00,0.01022008799190912,0.01022008799190912,0.010027255258691721,0.010109897702932358,134839,0.0,0.0
1972-07-10 00:00:00-04:00,0.010109897702932358,0.010137446637636226,0.010027255258691721,0.010109897702932358,85052,0.0,0.0
1972-07-11 00:00:00-04:00,0.010027260073538354,0.010027260073538354,0.009944618679583073,0.009944618679583073,20744,0.0,0.0
1972-07-12 00:00:00-04:00,0.009944625334921749,0.010082360357046127,0.009889527402183613,0.010082360357046127,47712,0.0,0.0
1972-07-13 00:00:00-04:00,0.010027256737766074,0.010027256737766074,0.009917066432535648,0.009917066432535648,514464,0.0,0.0
1972-07-14 00:00:00-04:00,0.009917069251687054,0.010027259588241577,0.009917069251687054,0.010027259588241577,49787,0.0,0.0
1972-07-17 00:00:00-04:00,0.010027258146477088,0.010082351671880433,0.009999709203839302,0.009999709203839302,138988,0.0,0.0
1972-07-18 00:00:00-04:00,0.009999707798998588,0.009999707798998588,0.009917066432535648,0.009917066432535648,132765,0.0,0.0
1972-07-19 00:00:00-04:00,0.009917076368552682,0.010082360357046127,0.009917076368552682,0.010082360357046127,99574,0.0,0.0
1972-07-20 00:00:00-04:00,0.010054804661597493,0.010054804661597493,0.009944618679583073,0.009944618679583073,91276,0.0,0.0
1972-07-21 00:00:00-04:00,0.009917066432535648,0.009917066432535648,0.009861972914872291,0.009917066432535648,62233,0.0,0.0
1972-07-24 00:00:00-04:00,0.009972162785011994,0.010109902068165415,0.009972162785011994,0.010027259588241577,369252,0.0,0.0
1972-07-25 00:00:00-04:00,0.010027256737766074,0.01008235025542943,0.009917066432535648,0.009917066432535648,400369,0.0,0.0
1972-07-26 00:00:00-04:00,0.009944618679583073,0.010054804661597493,0.009944618679583073,0.009944618679583073,163882,0.0,0.0
1972-07-27 00:00:00-04:00,0.009944619601267562,0.00997216419187958,0.009724237807098957,0.009834429249167442,213668,0.0,0.0
1972-07-28 00:00:00-04:00,0.009751787637332764,0.009751787637332764,0.009586503729224205,0.009586503729224205,163882,0.0,0.0
1972-07-31 00:00:00-04:00,0.00953140743728869,0.00953140743728869,0.009338575633524528,0.009393672458827496,182552,0.0,0.0
1972-08-01 00:00:00-04:00,0.009360328316688538,0.009360328316688538,0.00911035069619534,0.009360328316688538,369252,0.01687,0.0
1972-08-02 00:00:00-04:00,0.00938811079291431,0.009582540020346642,0.00938811079291431,0.009582540020346642,205371,0.0,0.0
1972-08-03 00:00:00-04:00,0.009638081934024946,0.009749185529318981,0.009638081934024946,0.009665858931839466,116169,0.0,0.0
1972-08-04 00:00:00-04:00,0.009610303434650382,0.009610303434650382,0.009471428358195394,0.009554754942655563,89201,0.0,0.0
1972-08-07 00:00:00-04:00,0.009610307094643594,0.009749187718944133,0.009610307094643594,0.009638084098696709,87127,0.0,0.0
1972-08-08 00:00:00-04:00,0.009638090310132514,0.009721416980028152,0.009582541761183342,0.009721416980028152,182552,0.0,0.0
1972-08-09 00:00:00-04:00,0.009721411026720046,0.009721411026720046,0.009554758887977062,0.009610307402908802,143137,0.0,0.0
1972-08-10 00:00:00-04:00,0.009610305937181736,0.00969363254334022,0.009360328316688538,0.009360328316688538,78829,0.0,0.0
1972-08-11 00:00:00-04:00,0.009360330844072172,0.009443657472729683,0.009221455693956302,0.009443657472729683,356805,0.0,0.0
1972-08-14 00:00:00-04:00,0.009443650912440722,0.009526976384222507,0.009388101330579973,0.009526976384222507,138988,0.0,0.0
1972-08-15 00:00:00-04:00,0.009526982856795834,0.009582536872362277,0.009471433237195015,0.009471433237195015,1568284,0.0,0.0
1972-08-16 00:00:00-04:00,0.009471433237195015,0.009526982856795834,0.0094436573284032,0.009471433237195015,122393,0.0,0.0
1972-08-17 00:00:00-04:00,0.009471428298475582,0.009526977889110987,0.009332548826932907,0.009332548826932907,49787,0.0,0.0
1972-08-18 00:00:00-04:00,0.009332554301697564,0.009526983477933806,0.009277005777466511,0.009499210864305496,180477,0.0,0.0
1972-08-21 00:00:00-04:00,0.009499209274054028,0.00969363402177594,0.009499209274054028,0.009610307402908802,271753,0.0,0.0
1972-08-22 00:00:00-04:00,0.009610313288178012,0.009721416980028152,0.009610313288178012,0.009721416980028152,74680,0.0,0.0
1972-08-23 00:00:00-04:00,0.00972141099418336,0.009832513518631458,0.009665861380446245,0.009832513518631458,122393,0.0,0.0
1972-08-24 00:00:00-04:00,0.009832507599668016,0.009999159637532196,0.009804730611538044,0.009943610057234764,207445,0.0,0.0
1972-08-25 00:00:00-04:00,0.009943606446532556,0.009999156006658945,0.009915830567479134,0.009915830567479134,78829,0.0,0.0
1972-08-28 00:00:00-04:00,0.009915830567479134,0.009971379028615293,0.009915830567479134,0.009915830567479134,74680,0.0,0.0
1972-08-29 00:00:00-04:00,0.00991584441254491,0.010054719605756551,0.00991584441254491,0.0099991699680686,263455,0.0,0.0
1972-08-30 00:00:00-04:00,0.0099991699680686,0.010110272540419794,0.0099991699680686,0.0099991699680686,207445,0.0,0.0
1972-08-31 00:00:00-04:00,0.0099991699680686,0.010054719605756551,0.009971392951241097,0.0099991699680686,265530,0.0,0.0
1972-09-01 00:00:00-04:00,0.0099991699680686,0.0099991699680686,0.00994362033038065,0.0099991699680686,66382,0.0,0.0
1972-09-05 00:00:00-04:00,0.0099991699680686,0.010054719605756551,0.0099991699680686,0.0099991699680686,105797,0.0,0.0
1972-09-06 00:00:00-04:00,0.0099991699680686,0.010082495523592291,0.0099991699680686,0.0099991699680686,255157,0.0,0.0
1972-09-07 00:00:00-04:00,0.009999164075462816,0.010082489581881966,0.009999164075462816,0.010026941075921059,68457,0.0,0.0
1972-09-08 00:00:00-04:00,0.010026946084664552,0.01011027163270717,0.009999169070330903,0.01005471870303154,352656,0.0,0.0
1972-09-11 00:00:00-04:00,0.010054713680414839,0.010082489581881966,0.010026941075921059,0.010026941075921059,58085,0.0,0.0
1972-09-12 00:00:00-04:00,0.010026946984896104,0.010054719605756551,0.009971392951241097,0.0099991699680686,149360,0.0,0.0
1972-09-13 00:00:00-04:00,0.009999166651742445,0.009999166651742445,0.009888064116239548,0.009888064116239548,329838,0.0,0.0
1972-09-14 00:00:00-04:00,0.009888064116239548,0.009943617032478095,0.00986029150459017,0.009888064116239548,112020,0.0,0.0
1972-09-15 00:00:00-04:00,0.00988805358943548,0.009915830567479134,0.009860281007352745,0.009915830567479134,35266,0.0,0.0
1972-09-18 00:00:00-04:00,0.00991584112385452,0.00991584112385452,0.009888064116239548,0.009888064116239548,14521,0.0,0.0
1972-09-19 00:00:00-04:00,0.009888059402214123,0.009971384890377522,0.009832509809432441,0.009971384890377522,97499,0.0,0.0
1972-09-20 00:00:00-04:00,0.009971379028615293,0.009971379028615293,0.009832504029309092,0.009915830567479134,118244,0.0,0.0
1972-09-21 00:00:00-04:00,0.009915830567479134,0.009915830567479134,0.009860281007352745,0.009915830567479134,24893,0.0,0.0
1972-09-22 00:00:00-04:00,0.00991584112385452,0.009943617032478095,0.009888064116239548,0.009888064116239548,56010,0.0,0.0
1972-09-25 00:00:00-04:00,0.009888065322533453,0.009888065322533453,0.0098047386854887,0.0098047386854887,558027,0.0,0.0
1972-09-26 00:00:00-04:00,0.009749189663764268,0.009749189663764268,0.009443657944108534,0.009499210864305496,387922,0.0,0.0
1972-09-27 00:00:00-04:00,0.00949920896935246,0.009665861102749824,0.00949920896935246,0.009638084098696709,176328,0.0,0.0
1972-09-28 00:00:00-04:00,0.009638081934024946,0.009749185529318981,0.009582533433350962,0.009665858931839466,109946,0.0,0.0
1972-09-29 00:00:00-04:00,0.009665861102749824,0.00972141071489102,0.00958253558554677,0.009638084098696709,307019,0.0,0.0
1972-10-02 00:00:00-04:00,0.009638088559204446,0.009638088559204446,0.009499213365588753,0.009582540020346642,186700,0.0,0.0
1972-10-03 00:00:00-04:00,0.009582536872362277,0.00963808539297169,0.0094436573284032,0.009471433237195015,439783,0.0,0.0
1972-10-04 00:00:00-04:00,0.009471433237195015,0.009499210244978237,0.0094436573284032,0.009471433237195015,165956,0.0,0.0
1972-10-05 00:00:00-04:00,0.00947143991282409,0.009499216940185025,0.00938811432570219,0.00938811432570219,89201,0.0,0.0
1972-10-06 00:00:00-04:00,0.009388110724822813,0.009471436279984579,0.00922145851550752,0.009304785169661045,485421,0.0,0.0
1972-10-09 00:00:00-04:00,0.00930478113077196,0.00930478113077196,0.009249227121472359,0.009249227121472359,26968,0.0,0.0
1972-10-10 00:00:00-04:00,0.009249217417294993,0.009276994392801495,0.009165891436231064,0.009221444837749004,174254,0.0,0.0
1972-10-11 00:00:00-04:00,0.009304777328587702,0.009415875410867679,0.009304777328587702,0.009332548826932907,267604,0.0,0.0
1972-10-12 00:00:00-04:00,0.009332552640465352,0.009360329645115151,0.009221454512787686,0.009249227121472359,60159,0.0,0.0
1972-10-13 00:00:00-04:00,0.009249217417294993,0.009304771368307997,0.009221444837749004,0.009221444837749004,35266,0.0,0.0
1972-10-16 00:00:00-04:00,0.009221444837749004,0.009276994392801495,0.00913811446072456,0.009221444837749004,62233,0.0,0.0
1972-10-17 00:00:00-04:00,0.009221456126285405,0.009221456126285405,0.009054799564182758,0.009054799564182758,76755,0.0,0.0
1972-10-18 00:00:00-04:00,0.009082570371373196,0.009138119406998158,0.009082570371373196,0.009138119406998158,143137,0.0,0.0
1972-10-19 00:00:00-04:00,0.009138125647251133,0.009138125647251133,0.009054799564182758,0.009054799564182758,74680,0.0,0.0
1972-10-20 00:00:00-04:00,0.009054789966676762,0.009110343926813076,0.008971463971928684,0.009082566946744919,109946,0.0,0.0
1972-10-23 00:00:00-04:00,0.009110342430673638,0.009249217417294993,0.009110342430673638,0.009221444837749004,138988,0.0,0.0
1972-10-24 00:00:00-04:00,0.00922145204024818,0.009332550138137214,0.009193675592541695,0.009193675592541695,319465,0.0,0.0
1972-10-25 00:00:00-04:00,0.009165902962492374,0.009165902962492374,0.009110353887081146,0.009110353887081146,255157,0.0,0.0
1972-10-26 00:00:00-04:00,0.009110351502985175,0.009110351502985175,0.008777042850852013,0.008777042850852013,2416734,0.0,0.0
1972-10-27 00:00:00-04:00,0.008832595311105251,0.008888144365712166,0.008832595311105251,0.008832595311105251,259306,0.0,0.0
1972-10-30 00:00:00-05:00,0.008832598656812806,0.008999250829219818,0.008832598656812806,0.008999250829219818,338135,0.0,0.0
1972-10-31 00:00:00-05:00,0.009027025631519657,0.009277003828978727,0.009027025631519657,0.009165900759398937,468826,0.0,0.0
1972-11-01 00:00:00-05:00,0.009255638628534393,0.009255638628534393,0.009199545718729496,0.009199545718729496,194998,0.01928,0.0
1972-11-02 00:00:00-05:00,0.009199545718729496,0.009311735977342549,0.009199545718729496,0.009199545718729496,356805,0.0,0.0
1972-11-03 00:00:00-05:00,0.009199547215810304,0.00931173749268055,0.009171498259404,0.00931173749268055,201222,0.0,0.0
1972-11-06 00:00:00-05:00,0.009311743131508421,0.009367836639285088,0.009311743131508421,0.009367836639285088,340210,0.0,0.0
1972-11-08 00:00:00-05:00,0.009367836639285088,0.009480026984093424,0.009367836639285088,0.009367836639285088,350582,0.0,0.0
1972-11-09 00:00:00-05:00,0.009339787723467797,0.009339787723467797,0.009255645796656609,0.009255645796656609,255157,0.0,0.0
1972-11-10 00:00:00-05:00,0.009255643609056043,0.009339785515980024,0.00922759464212093,0.009283692575991154,419039,0.0,0.0
1972-11-13 00:00:00-05:00,0.009283694770221182,0.009339787723467797,0.009227596823092037,0.009255645796656609,296646,0.0,0.0
1972-11-14 00:00:00-05:00,0.009255639255862631,0.009255639255862631,0.009143448434770107,0.009143448434770107,159733,0.0,0.0
1972-11-15 00:00:00-05:00,0.009143449653242767,0.009171498610723503,0.008975165896117687,0.008975165896117687,138988,0.0,0.0
1972-11-16 00:00:00-05:00,0.008947119424421382,0.008947119424421382,0.008862973130442944,0.008919070474803448,371326,0.0,0.0
1972-11-17 00:00:00-05:00,0.008919071153347289,0.009115403827852855,0.008862973804719019,0.009087354876101017,275902,0.0,0.0
1972-11-20 00:00:00-05:00,0.009087354905241037,0.009199545718729496,0.009087354905241037,0.009199545718729496,126541,0.0,0.0
1972-11-21 00:00:00-05:00,0.009199545718729496,0.009199545718729496,0.009087354905241037,0.009199545718729496,178403,0.0,0.0
1972-11-22 00:00:00-05:00,0.009199543227026782,0.009199543227026782,0.009087352443925275,0.009171494282782078,636856,0.0,0.0
1972-11-24 00:00:00-05:00,0.009199547215810304,0.00931173749268055,0.009199547215810304,0.00931173749268055,224041,0.0,0.0
1972-11-27 00:00:00-05:00,0.009311738819294781,0.009395881261497225,0.009283690413768005,0.00933978334069252,159733,0.0,0.0
1972-11-28 00:00:00-05:00,0.009339787723467797,0.009339787723467797,0.009199552843409996,0.009255645796656609,182552,0.0,0.0
1972-11-29 00:00:00-05:00,0.009255643609056043,0.009339785515980024,0.00922759464212093,0.009283692575991154,126541,0.0,0.0
1972-11-30 00:00:00-05:00,0.009283692575991154,0.009283692575991154,0.00911540876214319,0.009283692575991154,161807,0.0,0.0
1972-12-01 00:00:00-05:00,0.009283691977696367,0.009283691977696367,0.009031266273192194,0.009115408174693584,2748646,0.0,0.0
1972-12-04 00:00:00-05:00,0.009115403857082819,0.009199545718729496,0.009031261995436142,0.009199545718729496,657601,0.0,0.0
1972-12-05 00:00:00-05:00,0.009199552843409996,0.009283694770221182,0.009199552843409996,0.009255645796656609,512389,0.0,0.0
1972-12-06 00:00:00-05:00,0.00925564531635899,0.009480026550590992,0.009199552366023173,0.009480026550590992,456379,0.0,0.0
1972-12-07 00:00:00-05:00,0.009564165941469948,0.009704400785267353,0.009564165941469948,0.009704400785267353,833929,0.0,0.0
1972-12-08 00:00:00-05:00,0.009704398972199647,0.009844639338552954,0.009704398972199647,0.009844639338552952,242711,0.0,0.0
1972-12-11 00:00:00-05:00,0.009844639273972212,0.009956829568766767,0.009788541352197004,0.009928780607879162,228189,0.0,0.0
1972-12-12 00:00:00-05:00,0.009900729484713879,0.009900729484713879,0.009816588169183038,0.00987268052995205,143137,0.0,0.0
1972-12-13 00:00:00-05:00,0.009872683939256504,0.009872683939256504,0.009648307760191727,0.009760498069226742,116169,0.0,0.0
1972-12-14 00:00:00-05:00,0.009732446687643021,0.009732446687643021,0.009648305363953114,0.009648305363953114,852599,0.0,0.0
1972-12-15 00:00:00-05:00,0.00959221288680216,0.00959221288680216,0.00933978334069252,0.00933978334069252,850524,0.0,0.0
1972-12-18 00:00:00-05:00,0.009339777153076686,0.009395875036716461,0.009227586379674014,0.009395875036716461,178403,0.0,0.0
1972-12-19 00:00:00-05:00,0.009367836639285088,0.009367836639285088,0.009283694712992587,0.009367836639285088,1010257,0.0,0.0
1972-12-20 00:00:00-05:00,0.009367830076955153,0.009367830076955153,0.009115404474906231,0.009143448434770107,130690,0.0,0.0
1972-12-21 00:00:00-05:00,0.00914344712861959,0.00914344712861959,0.008919070512365972,0.009031261317431927,282125,0.0,0.0
1972-12-22 00:00:00-05:00,0.009031261317431927,0.009087354223025758,0.008947119462102034,0.009031261317431927,80904,0.0,0.0
1972-12-26 00:00:00-05:00,0.009031261317431927,0.009087354223025758,0.009031261317431927,0.009031261317431927,120318,0.0,0.0
1972-12-27 00:00:00-05:00,0.009031264729189772,0.009115406616306103,0.00894712284207344,0.00894712284207344,331912,0.0,0.0
1972-12-29 00:00:00-05:00,0.008947122250614314,0.009087357055244437,0.008947122250614314,0.009059308096766472,246860,0.0,0.0
1973-01-02 00:00:00-05:00,0.009059308096766472,0.009283689776830485,0.008975166215212431,0.009059308096766472,1412700,0.0,0.0
1973-01-03 00:00:00-05:00,0.009059306567420466,0.009143448434770107,0.009059306567420466,0.009143448434770107,180477,0.0,0.0
1973-01-04 00:00:00-05:00,0.009143447785726042,0.00917149673747788,0.009059305924349179,0.009087354876101017,184626,0.0,0.0
1973-01-05 00:00:00-05:00,0.009087354905241037,0.009199545718729496,0.009059305953399257,0.009199545718729496,159733,0.0,0.0
1973-01-08 00:00:00-05:00,0.00919954634225587,0.009255639255862631,0.009087355521163349,0.009143448434770107,180477,0.0,0.0
1973-01-09 00:00:00-05:00,0.009143447815045934,0.009199545718729496,0.009143447815045934,0.009199545718729496,282125,0.0,0.0
1973-01-10 00:00:00-05:00,0.009143447441169595,0.009143447441169595,0.008975163724757375,0.009003212675452232,495793,0.0,0.0
1973-01-11 00:00:00-05:00,0.00905930349968057,0.009171494282782078,0.00905930349968057,0.009171494282782078,149360,0.0,0.0
1973-01-12 00:00:00-05:00,0.00917149673747788,0.009311735947483014,0.009059305924349179,0.009087354876101017,114095,0.0,0.0
1973-01-15 00:00:00-05:00,0.009087354223025758,0.009171496078355651,0.009031261317431927,0.009031261317431927,91276,0.0,0.0
1973-01-16 00:00:00-05:00,0.009059310244438637,0.009143452145940027,0.009059310244438637,0.009115408174693584,112020,0.0,0.0
1973-01-17 00:00:00-05:00,0.009115405689641701,0.009115405689641701,0.008919072975035884,0.008975165896117687,172179,0.0,0.0
1973-01-18 00:00:00-05:00,0.008975165896117687,0.008975165896117687,0.008947121932516622,0.008975165896117687,74680,0.0,0.0
1973-01-19 00:00:00-05:00,0.008975170651674259,0.008975170651674259,0.008582510563164138,0.00889102928340435,495793,0.0,0.0
1973-01-22 00:00:00-05:00,0.008891024302147357,0.008891024302147357,0.008750789506766091,0.008806882426142693,136914,0.0,0.0
1973-01-23 00:00:00-05:00,0.008806882426142693,0.008806882426142693,0.008610549717505305,0.008806882426142693,275902,0.0,0.0
1973-01-24 00:00:00-05:00,0.008750795982250842,0.008750795982250842,0.008414223790168762,0.008414223790168762,354731,0.0,0.0
1973-01-26 00:00:00-05:00,0.008414223790168762,0.008498365728437457,0.008217890936247403,0.008414223790168762,943875,0.0,0.0
1973-01-29 00:00:00-05:00,0.008470317319988385,0.008722743019461632,0.008470317319988385,0.008722743019461632,151435,0.0,0.0
1973-01-30 00:00:00-05:00,0.008722745762248707,0.008862980641424656,0.008666652809354828,0.008862980641424656,184626,0.0,0.0
1973-01-31 00:00:00-05:00,0.008947943337261677,0.00900457849245407,0.008891312663629355,0.008947943337261677,587069,0.01808,0.0
1973-02-01 00:00:00-05:00,0.008947943823442165,0.008947943823442165,0.008806364610791206,0.008806364610791206,1360839,0.0,0.0
1973-02-02 00:00:00-05:00,0.008806366228755592,0.008862996915869474,0.008749735541641712,0.008749735541641712,101648,0.0,0.0
1973-02-05 00:00:00-05:00,0.008749735541641712,0.008806366228755592,0.008636469125657673,0.008749735541641712,112020,0.0,0.0
1973-02-06 00:00:00-05:00,0.008749732544122535,0.008749732544122535,0.008664784021675587,0.008664784021675587,70531,0.0,0.0
1973-02-07 00:00:00-05:00,0.008664788986676561,0.008749737557799795,0.008636471115716337,0.008693101815879345,101648,0.0,0.0
1973-02-08 00:00:00-05:00,0.008693088492290666,0.00872140631984916,0.008608140051364899,0.008608140051364899,2194768,0.0,0.0
1973-02-09 00:00:00-05:00,0.008608153244756112,0.008806368257962802,0.008579835933991158,0.008693101815879345,161807,0.0,0.0
1973-02-12 00:00:00-05:00,0.00863646391089747,0.00863646391089747,0.00849488027616273,0.008579828776419163,147286,0.0,0.0
1973-02-13 00:00:00-05:00,0.008579831370327085,0.00866478437782547,0.008494882844388485,0.008494882844388485,649303,0.0,0.0
1973-02-14 00:00:00-05:00,0.00849487759426868,0.008579826067706268,0.008296662808997093,0.008381616324186325,240636,0.0,0.0
1973-02-15 00:00:00-05:00,0.008353299263482076,0.008353299263482076,0.008183402300789492,0.008240032941102982,128616,0.0,0.0
1973-02-16 00:00:00-05:00,0.00826835395341565,0.008438250981271267,0.00826835395341565,0.008438250981271267,114095,0.0,0.0
1973-02-20 00:00:00-05:00,0.00843825149887415,0.008494882164381734,0.00815508808782751,0.008268354460597038,273827,0.0,0.0
1973-02-21 00:00:00-05:00,0.00824004092403453,0.00824004092403453,0.008098461665213108,0.008098461665213108,342284,0.0,0.0
1973-02-22 00:00:00-05:00,0.008041824117627078,0.008041824117627078,0.00775866064170796,0.007786978501826525,176328,0.0,0.0
1973-02-23 00:00:00-05:00,0.007786977044228507,0.007928556234808941,0.0077586591894105925,0.007815294899046421,182552,0.0,0.0
1973-02-26 00:00:00-05:00,0.007900240831077099,0.00798518932591973,0.007900240831077099,0.007900240831077099,170105,0.0,0.0
1973-02-27 00:00:00-05:00,0.007900242378436093,0.00798519088991693,0.0076737096533179274,0.007673709653317928,1004034,0.0,0.0
1973-02-28 00:00:00-05:00,0.007673710008179138,0.008070139214396477,0.0076453971975455025,0.008070139214396477,304944,0.0,0.0
1973-03-01 00:00:00-05:00,0.008070139214396477,0.008211718392827057,0.008013508551375071,0.008070139214396477,732281,0.0,0.0
1973-03-02 00:00:00-05:00,0.008211714422742275,0.008353298574475865,0.008211714422742275,0.008324980735778809,782068,0.0,0.0
1973-03-05 00:00:00-05:00,0.008324985126104623,0.008381620833366564,0.008268354460597038,0.008268354460597038,535208,0.0,0.0
1973-03-06 00:00:00-05:00,0.008268350782135784,0.008353299263482076,0.008183402300789492,0.008240032941102982,157658,0.0,0.0
1973-03-07 00:00:00-05:00,0.008240028605766395,0.008381612694686477,0.008240028605766395,0.008296659216284752,194998,0.0,0.0
1973-03-08 00:00:00-05:00,0.008296659216284752,0.00832497704241866,0.008240028605766395,0.008296659216284752,114095,0.0,0.0
1973-03-09 00:00:00-05:00,0.008296666763555555,0.008494881643305124,0.008296666763555555,0.008438250981271267,143137,0.0,0.0
1973-03-12 00:00:00-05:00,0.008438248697472273,0.008579827835115763,0.008381618050765413,0.008466565981507301,315316,0.0,0.0
1973-03-13 00:00:00-05:00,0.008466564237429286,0.00849487759426868,0.008381616324186325,0.008381616324186325,89201,0.0,0.0
1973-03-14 00:00:00-05:00,0.008381616324186325,0.00849487759426868,0.008381616324186325,0.008381616324186325,74680,0.0,0.0
1973-03-15 00:00:00-05:00,0.008381616413172923,0.008438247048815342,0.00826835010013639,0.008324980735778809,60159,0.0,0.0
1973-03-16 00:00:00-05:00,0.008324985126104623,0.00840993364524318,0.008240036606966067,0.008268354460597038,792440,0.0,0.0
1973-03-19 00:00:00-05:00,0.008268355192580111,0.008296668006963211,0.008183406665921211,0.008183406665921211,51861,0.0,0.0
1973-03-20 00:00:00-05:00,0.008126771077513695,0.008126771077513695,0.007956874033317672,0.008126771077513695,120318,0.0,0.0
1973-03-21 00:00:00-05:00,0.008126768705327359,0.008126768705327359,0.0079851895570755,0.0079851895570755,564250,0.0,0.0
1973-03-22 00:00:00-05:00,0.007985187986413934,0.008268350708778703,0.007985187986413934,0.008041818626224995,157658,0.0,0.0
1973-03-23 00:00:00-05:00,0.008041820208025631,0.008041820208025631,0.0079851895570755,0.0079851895570755,240636,0.0,0.0
1973-03-26 00:00:00-05:00,0.007985187986413934,0.008041818626224995,0.007956870145632369,0.008041818626224995,103722,0.0,0.0
1973-03-27 00:00:00-05:00,0.00804182192220361,0.008070139214396477,0.007985191259182204,0.008070139214396477,60159,0.0,0.0
1973-03-28 00:00:00-05:00,0.008070143796746025,0.008155092360390278,0.007985195793296993,0.008098461665213108,80904,0.0,0.0
1973-03-29 00:00:00-05:00,0.008098459376489378,0.008211720734834671,0.008070141516025269,0.008211720734834671,87127,0.0,0.0
1973-03-30 00:00:00-05:00,0.008211723055567447,0.008268358792501615,0.008041826488474162,0.008098461665213108,360954,0.0,0.0
1973-04-02 00:00:00-05:00,0.008098455340534038,0.00815508599148417,0.0079851895570755,0.0079851895570755,95425,0.0,0.0
1973-04-03 00:00:00-05:00,0.007956871480387881,0.007956871480387881,0.00787192298554525,0.007900240831077099,381699,0.0,0.0
1973-04-04 00:00:00-05:00,0.007900241059773773,0.008126768705327359,0.007871923213422177,0.0079851895570755,85052,0.0,0.0
1973-04-05 00:00:00-05:00,0.007985189377986365,0.007985189377986365,0.00787192303687334,0.00787192303687334,101648,0.0,0.0
1973-04-06 00:00:00-05:00,0.007843602656308136,0.007843602656308136,0.007730341393551158,0.007758654188364744,155584,0.0,0.0
1973-04-09 00:00:00-05:00,0.0077586566451707676,0.007956871480387881,0.0077586566451707676,0.007900240831077099,58085,0.0,0.0
1973-04-10 00:00:00-05:00,0.007900243947687496,0.008013509772550062,0.007871926090984381,0.007928556762635708,350582,0.0,0.0
1973-04-11 00:00:00-05:00,0.008013508903181369,0.008268354460597038,0.008013508903181369,0.008268354460597038,97499,0.0,0.0
1973-04-12 00:00:00-05:00,0.008268355192580111,0.008324985863101111,0.008183406665921211,0.008183406665921211,632707,0.0,0.0
1973-04-13 00:00:00-05:00,0.008183403924400876,0.008211716729298907,0.008126768791293374,0.00815508607774973,103722,0.0,0.0
1973-04-16 00:00:00-05:00,0.008155092360390278,0.00818341022885736,0.008041826488474162,0.008098461665213108,78829,0.0,0.0
1973-04-17 00:00:00-05:00,0.0080984538194432,0.008240032941102982,0.0080984538194432,0.008240032941102982,56010,0.0,0.0
1973-04-18 00:00:00-05:00,0.008240037336442211,0.008353303719239013,0.008183406665921211,0.008183406665921211,72606,0.0,0.0
1973-04-19 00:00:00-05:00,0.008183402300789492,0.008296663581416473,0.008183402300789492,0.008240032941102982,51861,0.0,0.0
1973-04-23 00:00:00-05:00,0.008240032941102982,0.008353299263482076,0.008240032941102982,0.008240032941102982,95425,0.0,0.0
1973-04-24 00:00:00-05:00,0.00824004092403453,0.008268358792501615,0.008098461665213108,0.008098461665213108,163882,0.0,0.0
1973-04-25 00:00:00-05:00,0.008041820027666404,0.008041820027666404,0.00787192303687334,0.00787192303687334,321540,0.0,0.0
1973-04-26 00:00:00-05:00,0.00787192303687334,0.008041820027666404,0.007843605191156849,0.00787192303687334,124467,0.0,0.0
1973-04-27 00:00:00-05:00,0.007871925359905085,0.008013509028321647,0.00773034617304802,0.007730346173048019,89201,0.0,0.0
1973-04-30 00:00:00-04:00,0.00773034617304802,0.007815294693513147,0.00773034617304802,0.007730346173048019,68457,0.0,0.0
1973-05-01 00:00:00-04:00,0.007730347614062942,0.007871926827311804,0.007730347614062942,0.00784360896795988,53936,0.0,0.0
1973-05-02 00:00:00-04:00,0.007929497009627825,0.007958124951429536,0.007843618281185627,0.007843618281185627,120318,0.01808,0.0
1973-05-03 00:00:00-04:00,0.007843624439403805,0.007872252403682018,0.007614616582408559,0.007786373607814312,209519,0.0,0.0
1973-05-04 00:00:00-04:00,0.007843627492808288,0.007900883443653584,0.007700497809632888,0.007900883443653584,251008,0.0,0.0
1973-05-07 00:00:00-04:00,0.007929497759238877,0.008044004440307617,0.007929497759238877,0.008044004440307617,89201,0.0,0.0
1973-05-08 00:00:00-04:00,0.008044004440307617,0.008044004440307617,0.007986753648254954,0.008044004440307617,85052,0.0,0.0
1973-05-09 00:00:00-04:00,0.007986749560475325,0.007986749560475325,0.007643230259418487,0.0076432302594184875,72606,0.0,0.0
1973-05-10 00:00:00-04:00,0.007700487039983272,0.007900872393751557,0.007700487039983272,0.0077004870399832726,126541,0.0,0.0
1973-05-11 00:00:00-04:00,0.007700487957132734,0.007843617457179035,0.007700487957132734,0.007729115895926952,89201,0.0,0.0
1973-05-14 00:00:00-04:00,0.007729115895926952,0.007929496176599295,0.007729115895926952,0.007729115895926952,298721,0.0,0.0
1973-05-15 00:00:00-04:00,0.007729113482656567,0.007729113482656567,0.00758597949666792,0.0076432302594184875,39415,0.0,0.0
1973-05-16 00:00:00-04:00,0.007700487039983272,0.007900872393751557,0.007700487039983272,0.0077004870399832726,176328,0.0,0.0
1973-05-17 00:00:00-04:00,0.007700487039983272,0.0077863657491751385,0.007643231735543256,0.0077004870399832726,72606,0.0,0.0
1973-05-18 00:00:00-04:00,0.007643235157012201,0.007643235157012201,0.007442854810506105,0.007442854810506105,64308,0.0,0.0
1973-05-21 00:00:00-04:00,0.007356971593385285,0.007356971593385285,0.006727192972833893,0.006870327051728964,277976,0.0,0.0
1973-05-22 00:00:00-04:00,0.006870330114428208,0.0070134597264937355,0.006784451327795614,0.006984831765294075,186700,0.0,0.0
1973-05-23 00:00:00-04:00,0.006984826924164588,0.007213840261101724,0.006984826924164588,0.007213840261101723,89201,0.0,0.0
1973-05-24 00:00:00-04:00,0.00721384064887944,0.0074142254889011374,0.0071565892937198484,0.007414225488901138,209519,0.0,0.0
1973-05-25 00:00:00-04:00,0.0075001063641151385,0.007585985120385885,0.0075001063641151385,0.007585985120385885,103722,0.0,0.0
1973-05-29 00:00:00-04:00,0.00758597949666792,0.0077004855528008806,0.0074428500413111,0.0076432302594184875,186700,0.0,0.0
1973-05-30 00:00:00-04:00,0.007557350772478591,0.007557350772478591,0.007299714721739292,0.007299714721739292,143137,0.0,0.0
1973-05-31 00:00:00-04:00,0.0072138404336753205,0.0072138404336753205,0.007013455033302306,0.007013455033302307,203296,0.0,0.0
1973-06-01 00:00:00-04:00,0.007013453151179077,0.007070709019899368,0.007013453151179077,0.007070709019899368,70531,0.0,0.0
1973-06-04 00:00:00-04:00,0.007070709019899368,0.007213838497776881,0.007013453151179077,0.007070709019899368,665898,0.0,0.0
1973-06-05 00:00:00-04:00,0.007070710917387725,0.007070710917387725,0.006927576304137154,0.007013455033302307,97499,0.0,0.0
1973-06-06 00:00:00-04:00,0.007013460954308948,0.0072138465238543985,0.006984832988097518,0.00715659512206912,97499,0.0,0.0
1973-06-07 00:00:00-04:00,0.007156589080223657,0.0072138404336753205,0.007013455033302306,0.007013455033302307,68457,0.0,0.0
1973-06-08 00:00:00-04:00,0.007013455033302306,0.007156589080223657,0.007013455033302306,0.007013455033302307,114095,0.0,0.0
1973-06-11 00:00:00-04:00,0.007013453151179077,0.007070709019899368,0.007013453151179077,0.007070709019899368,45638,0.0,0.0
1973-06-12 00:00:00-04:00,0.007070710748238154,0.00729971842188323,0.007070710748238154,0.007213840261101723,234413,0.0,0.0
1973-06-13 00:00:00-04:00,0.007299715516396736,0.00744285006925169,0.007299715516396736,0.007356966845691204,101648,0.0,0.0
1973-06-14 00:00:00-04:00,0.007356966845691204,0.007557351595182665,0.007299715516396736,0.007356966845691204,205371,0.0,0.0
1973-06-15 00:00:00-04:00,0.007356966845691204,0.007557351595182665,0.007213837389797074,0.007356966845691204,236487,0.0,0.0
1973-06-18 00:00:00-04:00,0.0073569697739652926,0.0073569697739652926,0.00715658890901966,0.007213840261101723,1180362,0.0,0.0
1973-06-19 00:00:00-04:00,0.0072138404336753205,0.007356969949962915,0.007013455033302306,0.007013455033302307,203296,0.0,0.0
1973-06-20 00:00:00-04:00,0.007127967722187388,0.007299724759191713,0.007127967722187388,0.00715659512206912,155584,0.0,0.0
1973-06-21 00:00:00-04:00,0.00715658715968913,0.00715658715968913,0.007070709019899368,0.007070709019899368,47712,0.0,0.0
1973-06-22 00:00:00-04:00,0.007070709019899368,0.007127959791658052,0.007013453151179077,0.007070709019899368,95425,0.0,0.0
1973-06-25 00:00:00-04:00,0.007070714518522422,0.007127965334802866,0.0070134586052764064,0.007127965334802866,56010,0.0,0.0
1973-06-26 00:00:00-04:00,0.007127965334802866,0.0072138441077063175,0.0070134586052764064,0.007127965334802866,47712,0.0,0.0
1973-06-27 00:00:00-04:00,0.007070710917387725,0.007070710917387725,0.006984827091259598,0.007013455033302307,97499,0.0,0.0
1973-06-28 00:00:00-04:00,0.0070134597264937355,0.0070134597264937355,0.006927580939861141,0.006984831765294075,64308,0.0,0.0
1973-06-29 00:00:00-04:00,0.006984827091259598,0.007070710917387725,0.006927576304137154,0.007013455033302307,43563,0.0,0.0
1973-07-02 00:00:00-04:00,0.007013455033302306,0.007013455033302306,0.0068703255170147115,0.007013455033302307,51861,0.0,0.0
1973-07-03 00:00:00-04:00,0.007013458883311401,0.007013458883311401,0.006870329288453409,0.00692758010700345,56010,0.0,0.0
1973-07-05 00:00:00-04:00,0.006927576304137154,0.007013455033302306,0.006927576304137154,0.007013455033302307,37340,0.0,0.0
1973-07-06 00:00:00-04:00,0.00701346092056714,0.00701346092056714,0.006841703318059444,0.006841703318059444,493719,0.0,0.0
1973-07-09 00:00:00-04:00,0.006841701330695502,0.006927580107003451,0.006841701330695502,0.00692758010700345,145211,0.0,0.0
1973-07-10 00:00:00-04:00,0.006927580107003451,0.007013458883311401,0.006927580107003451,0.00692758010700345,76755,0.0,0.0
1973-07-11 00:00:00-04:00,0.006927579832372955,0.007127965334802866,0.006927579832372955,0.007127965334802866,242711,0.0,0.0
1973-07-12 00:00:00-04:00,0.007127959791658052,0.00715658715968913,0.007070709019899368,0.007070709019899368,85052,0.0,0.0
1973-07-13 00:00:00-04:00,0.007070714798827215,0.007070714798827215,0.006927580107003451,0.00692758010700345,64308,0.0,0.0
1973-07-16 00:00:00-04:00,0.0069275778516402625,0.0069275778516402625,0.006870327051728964,0.006870327051728964,72606,0.0,0.0
1973-07-17 00:00:00-04:00,0.0068703255170147115,0.007070710917387725,0.0068703255170147115,0.007013455033302307,228189,0.0,0.0
1973-07-18 00:00:00-04:00,0.007013460954308948,0.00715659512206912,0.007013460954308948,0.00715659512206912,350582,0.0,0.0
1973-07-19 00:00:00-04:00,0.007156586060502606,0.00744285006925169,0.0070707079339029436,0.007356966845691204,226115,0.0,0.0
1973-07-20 00:00:00-04:00,0.00735696681807302,0.007643230259418487,0.00735696681807302,0.0076432302594184875,126541,0.0,0.0
1973-07-23 00:00:00-04:00,0.007700487311962215,0.008072630097258207,0.007700487311962215,0.00798675138503313,429411,0.0,0.0
1973-07-24 00:00:00-04:00,0.00798675138503313,0.008044002160862526,0.007843616800016688,0.00798675138503313,296646,0.0,0.0
1973-07-25 00:00:00-04:00,0.007986753648254954,0.008129883176868318,0.007929497759238877,0.008044004440307617,97499,0.0,0.0
1973-07-26 00:00:00-04:00,0.008044002160862526,0.00818713617954986,0.007929495512241766,0.00798675138503313,182552,0.0,0.0
1973-07-27 00:00:00-04:00,0.007986753648254954,0.008129883176868318,0.007986753648254954,0.008044004440307617,105797,0.0,0.0
1973-07-30 00:00:00-04:00,0.007986753284846927,0.007986753284846927,0.007729117086887617,0.00792949739843607,163882,0.0,0.0
1973-07-31 00:00:00-04:00,0.007929506322107312,0.008044013126828984,0.007900883443653584,0.007900883443653584,87127,0.0,0.0
1973-08-01 00:00:00-04:00,0.007900874164789047,0.007900874164789047,0.007786367494545139,0.007843618281185627,76755,0.0,0.0
1973-08-02 00:00:00-04:00,0.007802995742220856,0.007802995742220856,0.007599943437207524,0.0076579563319683075,78829,0.02169,0.0
1973-08-03 00:00:00-04:00,0.0076579563319683075,0.0077449782565156946,0.007599943437207524,0.0076579563319683075,385848,0.0,0.0
1973-08-06 00:00:00-04:00,0.00765796278034143,0.007744984778165527,0.007454910304348144,0.007599949836730957,114095,0.0,0.0
1973-08-07 00:00:00-04:00,0.007599945072869043,0.0076869670161453085,0.007541932165622711,0.007541932165622711,43563,0.0,0.0
1973-08-08 00:00:00-04:00,0.00754193283433191,0.00754193283433191,0.0075129237957298756,0.0075129237957298756,29042,0.0,0.0
1973-08-09 00:00:00-04:00,0.0075129237957298756,0.0075129237957298756,0.007454906292394027,0.0075129237957298756,47712,0.0,0.0
1973-08-10 00:00:00-04:00,0.0075129237957298756,0.00754193283433191,0.007454906292394027,0.0075129237957298756,60159,0.0,0.0
1973-08-13 00:00:00-04:00,0.0075129237957298756,0.007686967697714094,0.0075129237957298756,0.0075129237957298756,97499,0.0,0.0
1973-08-14 00:00:00-04:00,0.007512921512660137,0.0076579563319683075,0.007512921512660137,0.0076579563319683075,51861,0.0,0.0
1973-08-15 00:00:00-04:00,0.0076579563319683075,0.0076579563319683075,0.007541930542446741,0.0076579563319683075,128616,0.0,0.0
1973-08-16 00:00:00-04:00,0.007686965287815038,0.0078029956671649015,0.007686965287815038,0.007744978182017803,72606,0.0,0.0
1973-08-17 00:00:00-04:00,0.007744978182017803,0.0078029956671649015,0.007599943364104703,0.007744978182017803,122393,0.0,0.0
1973-08-20 00:00:00-04:00,0.007744984160100089,0.007744984160100089,0.007657962169220524,0.007686971221119165,72606,0.0,0.0
1973-08-21 00:00:00-04:00,0.0076869670161453085,0.0076869670161453085,0.007541932165622711,0.007541932165622711,282125,0.0,0.0
1973-08-22 00:00:00-04:00,0.007541930780211823,0.007541930780211823,0.0074549042619764805,0.0074549042619764805,35266,0.0,0.0
1973-08-23 00:00:00-04:00,0.0075129237957298756,0.007599945746721985,0.0075129237957298756,0.0075129237957298756,39415,0.0,0.0
1973-08-24 00:00:00-04:00,0.007512921749510687,0.007541930780211823,0.0074549042619764805,0.0074549042619764805,56010,0.0,0.0
1973-08-27 00:00:00-04:00,0.0075129237957298756,0.00754193283433191,0.0075129237957298756,0.0075129237957298756,43563,0.0,0.0
1973-08-28 00:00:00-04:00,0.007512923129592777,0.007541932165622711,0.00745490563140108,0.007541932165622711,89201,0.0,0.0
1973-08-29 00:00:00-04:00,0.00754193283433191,0.00754193283433191,0.007454906292394027,0.0075129237957298756,288349,0.0,0.0
1973-08-30 00:00:00-04:00,0.007512923129592777,0.007541932165622711,0.007512923129592777,0.007541932165622711,39415,0.0,0.0
1973-08-31 00:00:00-04:00,0.007541932165622711,0.007541932165622711,0.007512923129592777,0.007541932165622711,26968,0.0,0.0
1973-09-04 00:00:00-04:00,0.007657962169220524,0.007744984160100089,0.007657962169220524,0.007686971221119165,143137,0.0,0.0
1973-09-05 00:00:00-04:00,0.007686963177326378,0.007802993524819613,0.007599941277508278,0.0078029935248196125,80904,0.0,0.0
1973-09-06 00:00:00-04:00,0.007890018746295276,0.00800604971650484,0.007890018746295276,0.007948031648993492,240636,0.0,0.0
1973-09-07 00:00:00-04:00,0.007948039854649636,0.00803506188094616,0.007948039854649636,0.00803506188094616,236487,0.0,0.0
1973-09-10 00:00:00-04:00,0.008035056804685291,0.008093074895441532,0.008006052924122372,0.008093074895441532,70531,0.0,0.0
1973-09-11 00:00:00-04:00,0.00809307784236616,0.00809307784236616,0.0078900247804122,0.00800605583935976,124467,0.0,0.0
1973-09-12 00:00:00-04:00,0.007948031648993492,0.007948031648993492,0.0078029968098413845,0.007948031648993492,47712,0.0,0.0
1973-09-13 00:00:00-04:00,0.007948028302912795,0.007948028302912795,0.007802993524819613,0.0078029935248196125,333986,0.0,0.0
1973-09-14 00:00:00-04:00,0.0078029968098413845,0.008035053585447382,0.0078029968098413845,0.007948031648993492,373401,0.0,0.0
1973-09-17 00:00:00-04:00,0.007948039979907076,0.008006058108231405,0.007832014052895506,0.007890027016401291,155584,0.0,0.0
1973-09-18 00:00:00-04:00,0.007890026892058108,0.00803506188094616,0.00783201392946658,0.00803506188094616,80904,0.0,0.0
1973-09-19 00:00:00-04:00,0.008035050465522891,0.008151081390678883,0.008006046607842238,0.008151081390678883,280051,0.0,0.0
1973-09-20 00:00:00-04:00,0.008151085623912917,0.008615203826895807,0.008151085623912917,0.008586199954152107,653452,0.0,0.0
1973-09-21 00:00:00-04:00,0.008528182283043861,0.008528182283043861,0.008441160331062642,0.008528182283043861,78829,0.0,0.0
1973-09-24 00:00:00-04:00,0.008528183345699453,0.00858620143079232,0.008151087025722899,0.008296126499772072,371326,0.0,0.0
1973-09-25 00:00:00-04:00,0.008296128103228197,0.008470172062516212,0.008296128103228197,0.008470172062516212,120318,0.0,0.0
1973-09-26 00:00:00-04:00,0.008528182283043861,0.008615204235025082,0.008528182283043861,0.008528182283043861,207445,0.0,0.0
1973-09-27 00:00:00-04:00,0.008528184994006987,0.008731238001448238,0.00844116301436298,0.008470172062516212,182552,0.0,0.0
1973-09-28 00:00:00-04:00,0.0084701693699944,0.008586200360907377,0.00829612546603196,0.008528182283043861,215743,0.0,0.0
1973-10-01 00:00:00-04:00,0.008528182283043861,0.008586200360907377,0.0084701693699944,0.008528182283043861,97499,0.0,0.0
1973-10-02 00:00:00-04:00,0.008528181260226437,0.008615203201770782,0.00838314641259034,0.008615203201770782,153509,0.0,0.0
1973-10-03 00:00:00-04:00,0.008673226885292325,0.00881826183637971,0.008673226885292325,0.008731240406632423,190849,0.0,0.0
1973-10-04 00:00:00-04:00,0.008731240406632423,0.00876024888890818,0.008615209346872247,0.008731240406632423,176328,0.0,0.0
1973-10-05 00:00:00-04:00,0.008731236721676803,0.008905280081586194,0.008731236721676803,0.008876276202499866,192924,0.0,0.0
1973-10-08 00:00:00-04:00,0.008876278853636793,0.008963300846517086,0.008731239329493814,0.008963300846517086,265530,0.0,0.0
1973-10-09 00:00:00-04:00,0.008963296293552917,0.00905031824222985,0.008963296293552917,0.009021309204399586,209519,0.0,0.0
1973-10-10 00:00:00-04:00,0.009021309002771802,0.00922436135954947,0.00896329609322173,0.009050318039953709,309093,0.0,0.0
1973-10-11 00:00:00-04:00,0.009050318039953709,0.009050318039953709,0.008876274146489753,0.009050318039953709,151435,0.0,0.0
1973-10-12 00:00:00-04:00,0.009050316505395147,0.009311381727457047,0.008876272641441816,0.009311381727457047,365103,0.0,0.0
1973-10-15 00:00:00-04:00,0.009166348208148382,0.009166348208148382,0.008905282244086266,0.008905282244086266,228189,0.0,0.0
1973-10-16 00:00:00-04:00,0.008905278217892389,0.00905031824222985,0.008615203907899533,0.009021309204399586,219892,0.0,0.0
1973-10-17 00:00:00-04:00,0.009021306339440581,0.00916634115290447,0.008963293447017469,0.009108328260481358,360954,0.0,0.0
1973-10-18 00:00:00-04:00,0.009108328260481358,0.009108328260481358,0.009021306339440581,0.009108328260481358,136914,0.0,0.0
1973-10-19 00:00:00-04:00,0.00905031824222985,0.00905031824222985,0.008905278217892389,0.009021309204399586,176328,0.0,0.0
1973-10-22 00:00:00-04:00,0.008905283839995563,0.008905283839995563,0.008731240406632423,0.008731240406632423,76755,0.0,0.0
1973-10-23 00:00:00-04:00,0.00873123611754788,0.008818257504547256,0.008615205114786135,0.008760244585573673,89201,0.0,0.0
1973-10-24 00:00:00-04:00,0.008731240406632423,0.008731240406632423,0.008615209346872247,0.008731240406632423,126541,0.0,0.0
1973-10-25 00:00:00-04:00,0.00873123417876772,0.00873123417876772,0.008615203201770782,0.008615203201770782,53936,0.0,0.0
1973-10-26 00:00:00-04:00,0.008615204235025082,0.008615204235025082,0.0084701693699944,0.008528182283043861,251008,0.0,0.0
1973-10-29 00:00:00-05:00,0.008528182283043861,0.008528182283043861,0.00838314741801318,0.008528182283043861,188775,0.0,0.0
1973-10-30 00:00:00-05:00,0.008383148462596676,0.008383148462596676,0.008035056020351861,0.008296126499772072,300795,0.0,0.0
1973-10-31 00:00:00-05:00,0.0082381149972442,0.0082381149972442,0.00803506188094616,0.00803506188094616,124467,0.0,0.0
1973-11-01 00:00:00-05:00,0.007905729778242979,0.008052674122154713,0.007905729778242979,0.008052674122154713,78829,0.02169,0.0
1973-11-02 00:00:00-05:00,0.00805267249796034,0.00805267249796034,0.00784694685315183,0.007905728183686733,184626,0.0,0.0
1973-11-05 00:00:00-05:00,0.007788173212665218,0.007788173212665218,0.007641228841059286,0.007758782245218754,64308,0.0,0.0
1973-11-06 00:00:00-05:00,0.007758786595714807,0.007905735701107343,0.007758786595714807,0.007788177579641342,56010,0.0,0.0
1973-11-07 00:00:00-05:00,0.007846948420021368,0.007935120724141598,0.007846948420021368,0.007935120724141598,68457,0.0,0.0
1973-11-08 00:00:00-05:00,0.007935122235660655,0.007935122235660655,0.007758782245218753,0.007758782245218754,105797,0.0,0.0
1973-11-09 00:00:00-05:00,0.007758786595714807,0.007846954314678285,0.007611842141714385,0.007788177579641342,89201,0.0,0.0
1973-11-12 00:00:00-05:00,0.00770001262955478,0.00770001262955478,0.007347341626882554,0.007347341626882553,120318,0.0,0.0
1973-11-13 00:00:00-05:00,0.007347333983570858,0.007347333983570858,0.007112217319256287,0.007200384978204966,402443,0.0,0.0
1973-11-14 00:00:00-05:00,0.0072003899220296815,0.007347339028291584,0.006906496360898018,0.006906496360898018,657601,0.0,0.0
1973-11-15 00:00:00-05:00,0.006906495292949638,0.006906495292949638,0.0066126011958386735,0.006818327587097883,462602,0.0,0.0
1973-11-16 00:00:00-05:00,0.006818324678934796,0.007112218069269939,0.006759547977708279,0.007053441368043423,186700,0.0,0.0
1973-11-19 00:00:00-05:00,0.006965277001715146,0.006965277001715146,0.006112982160882561,0.00625993125140667,437709,0.0,0.0
1973-11-20 00:00:00-05:00,0.00625993125140667,0.006406875690539134,0.006112982160882561,0.00625993125140667,1111905,0.0,0.0
1973-11-21 00:00:00-05:00,0.006259927069635914,0.006318703759461642,0.006171759418491272,0.006318703759461641,165956,0.0,0.0
1973-11-23 00:00:00-05:00,0.006318710705398129,0.006377492111228726,0.006112984797066237,0.006171766202896833,172179,0.0,0.0
1973-11-26 00:00:00-05:00,0.006171763035238026,0.006171763035238026,0.005730919869785491,0.0057897018268704414,153509,0.0,0.0
1973-11-27 00:00:00-05:00,0.0057897018268704414,0.00596603723249495,0.0056721431455157125,0.0057897018268704414,184626,0.0,0.0
1973-11-28 00:00:00-05:00,0.005877869642952123,0.005966037347463413,0.005877869642952123,0.005936646368354559,406592,0.0,0.0
1973-11-29 00:00:00-05:00,0.005936646368354559,0.006024814072865848,0.005877869642952123,0.005936646368354559,219892,0.0,0.0
1973-11-30 00:00:00-05:00,0.005877866801288176,0.005877866801288176,0.005672140512615442,0.005672140512615442,522761,0.0,0.0
1973-12-03 00:00:00-05:00,0.005672140512615442,0.005789699139401682,0.005583972850728948,0.005672140512615442,273827,0.0,0.0
1973-12-04 00:00:00-05:00,0.005672140315615916,0.005789698938319219,0.005378246956687558,0.005466414615511894,354731,0.0,0.0
1973-12-05 00:00:00-05:00,0.0054664171230615795,0.005642751940174775,0.005290081724524498,0.005290081724524498,178403,0.0,0.0
1973-12-06 00:00:00-05:00,0.005290078648097533,0.0055839719709277905,0.005290078648097533,0.005319469608366489,389997,0.0,0.0
1973-12-07 00:00:00-05:00,0.005319473790016851,0.005730920811738529,0.005290082806643577,0.005642753094434738,168030,0.0,0.0
1973-12-10 00:00:00-05:00,0.005642748026885268,0.006112977174481577,0.005583971345739978,0.0059660328552126884,257232,0.0,0.0
1973-12-11 00:00:00-05:00,0.006024813885873565,0.006318707387970788,0.006024813885873565,0.006112981587648392,282125,0.0,0.0
1973-12-12 00:00:00-05:00,0.006112977174481577,0.006112977174481577,0.0059660328552126884,0.0059660328552126884,116169,0.0,0.0
1973-12-13 00:00:00-05:00,0.00596603723249495,0.0060248139567647295,0.0057897018268704414,0.0057897018268704414,300795,0.0,0.0
1973-12-14 00:00:00-05:00,0.005789701606425054,0.006112981426822577,0.005789701606425054,0.006083595100790262,138988,0.0,0.0
1973-12-17 00:00:00-05:00,0.006083595449659636,0.006083595449659636,0.005877869642952123,0.005936646368354559,356805,0.0,0.0
1973-12-18 00:00:00-05:00,0.005936646422212779,0.00602481412752394,0.00578970199096595,0.005819092970341444,271753,0.0,0.0
1973-12-19 00:00:00-05:00,0.005819092805412917,0.005819092805412917,0.0056721431455157125,0.0057897018268704414,217817,0.0,0.0
1973-12-20 00:00:00-05:00,0.0057896991414422075,0.00593664350036724,0.005672140514614535,0.005730917211622,136914,0.0,0.0
1973-12-21 00:00:00-05:00,0.005730919869785491,0.00596603723249495,0.005730919869785491,0.0057897018268704414,497868,0.0,0.0
1973-12-24 00:00:00-05:00,0.005789702778485077,0.005789702778485077,0.005583976360504221,0.005642753094434738,211594,0.0,0.0
1973-12-26 00:00:00-05:00,0.005642753094434738,0.005789702778485077,0.005642753094434738,0.005642753094434738,124467,0.0,0.0
1973-12-27 00:00:00-05:00,0.00567214307877426,0.006112981587648392,0.00567214307877426,0.006112981587648392,163882,0.0,0.0
1973-12-28 00:00:00-05:00,0.006112981426822577,0.006112981426822577,0.005966037005335516,0.006083595100790262,230264,0.0,0.0
1973-12-31 00:00:00-05:00,0.006083595260842955,0.006230539686195962,0.006024813885873565,0.006112981587648392,228189,0.0,0.0
1974-01-02 00:00:00-05:00,0.006112981587648392,0.006112981587648392,0.006024813885873565,0.006112981587648392,331912,0.0,0.0
1974-01-03 00:00:00-05:00,0.006259930238061002,0.006700768135488033,0.006259930238061002,0.006700768135488033,153509,0.0,0.0
1974-01-04 00:00:00-05:00,0.006700766571214312,0.006700766571214312,0.0065538221901726545,0.006612598896026611,56010,0.0,0.0
1974-01-07 00:00:00-04:00,0.006553821554370219,0.006553821554370219,0.0064656538877358805,0.006524430587887764,39415,0.0,0.0
1974-01-08 00:00:00-04:00,0.0065244265919255605,0.006612594204560601,0.0065244265919255605,0.006553817540407181,72606,0.0,0.0
1974-01-09 00:00:00-04:00,0.006465652751820549,0.006465652751820549,0.006230536108316999,0.006318703759461641,141063,0.0,0.0
1974-01-10 00:00:00-04:00,0.006318707387970788,0.006318707387970788,0.006112981587648392,0.006112981587648392,89201,0.0,0.0
1974-01-11 00:00:00-04:00,0.006112982160882561,0.00625993125140667,0.006112982160882561,0.00625993125140667,759249,0.0,0.0
1974-01-14 00:00:00-04:00,0.006259927069635914,0.006377485100675906,0.006230536108316999,0.006318703759461641,87127,0.0,0.0
1974-01-15 00:00:00-04:00,0.006318707980496535,0.006377489360978045,0.006230540270453937,0.00625993125140667,47712,0.0,0.0
1974-01-16 00:00:00-04:00,0.0063187048695603045,0.006553821554370219,0.0063187048695603045,0.006524430587887764,95425,0.0,0.0
1974-01-17 00:00:00-04:00,0.006465653414842501,0.006465653414842501,0.006259927711561675,0.006406872067600489,275902,0.0,0.0
1974-01-18 00:00:00-04:00,0.006406870957270856,0.0065244289799927125,0.006318703312364752,0.0063774846494197845,277976,0.0,0.0
1974-01-21 00:00:00-04:00,0.006377485858118433,0.0064068721715389715,0.006230536848306656,0.006230536848306656,230264,0.0,0.0
1974-01-22 00:00:00-04:00,0.006230536848306656,0.006318704509922814,0.006230536848306656,0.006230536848306656,174254,0.0,0.0
1974-01-23 00:00:00-04:00,0.006230540270453937,0.006318707980496535,0.006230540270453937,0.00625993125140667,192924,0.0,0.0
1974-01-24 00:00:00-04:00,0.006259927813116284,0.006377485858118433,0.006112978803304506,0.006230536848306656,95425,0.0,0.0
1974-01-25 00:00:00-04:00,0.00623054295733378,0.006259933950961182,0.0060248170490018885,0.006171766202896833,213668,0.0,0.0
1974-01-28 00:00:00-04:00,0.006171758981791824,0.0063774846494197845,0.006112977644736791,0.0063774846494197845,64308,0.0,0.0
1974-01-29 00:00:00-04:00,0.00640687315774119,0.006700766571214312,0.00640687315774119,0.006612598896026611,89201,0.0,0.0
1974-01-30 00:00:00-04:00,0.006612594204560601,0.006612594204560601,0.0064068686122322124,0.006553817540407181,122393,0.0,0.0
1974-01-31 00:00:00-04:00,0.006721090524440427,0.006721090524440427,0.00648212103027462,0.006571735255420208,97499,0.02169,0.0
1974-02-01 00:00:00-04:00,0.006571729629477305,0.006631470622208715,0.006422369760617204,0.006482115481048822,147286,0.0,0.0
1974-02-04 00:00:00-04:00,0.006422373007834787,0.006422373007834787,0.0061834035974210316,0.006332758814096451,253083,0.0,0.0
1974-02-05 00:00:00-04:00,0.006332761990842089,0.006362635176628828,0.006213275157326347,0.006362635176628828,37340,0.0,0.0
1974-02-06 00:00:00-04:00,0.006362636242487859,0.006362636242487859,0.006123661944460647,0.006183407735079527,64308,0.0,0.0
1974-02-07 00:00:00-04:00,0.00618339821037581,0.006422367412596942,0.00618339821037581,0.006422367412596941,120318,0.0,0.0
1974-02-08 00:00:00-04:00,0.006422367412596942,0.006422367412596942,0.006332753296931419,0.006422367412596941,120318,0.0,0.0
1974-02-11 00:00:00-04:00,0.006422367412596942,0.006482113111185507,0.0063626264417068566,0.006422367412596941,153509,0.0,0.0
1974-02-12 00:00:00-04:00,0.006422367412596942,0.006511981528262464,0.0063626264417068566,0.006422367412596941,97499,0.0,0.0
1974-02-13 00:00:00-04:00,0.006422367412596942,0.006422367412596942,0.006422367412596942,0.006422367412596941,37340,0.0,0.0
1974-02-14 00:00:00-04:00,0.006422371156418466,0.00657173105773959,0.006422371156418466,0.006511985324323177,265530,0.0,0.0
1974-02-15 00:00:00-04:00,0.006482113111185507,0.006482113111185507,0.0063626264417068566,0.006422367412596941,145211,0.0,0.0
1974-02-19 00:00:00-04:00,0.006422376229534214,0.006482122010144571,0.006362635176628828,0.006362635176628828,159733,0.0,0.0
1974-02-20 00:00:00-04:00,0.0063626301507032895,0.006511985324323177,0.006332756988513755,0.006511985324323177,87127,0.0,0.0
1974-02-21 00:00:00-04:00,0.006511989483841322,0.006661349480565797,0.006422375258695733,0.006571735255420208,105797,0.0,0.0
1974-02-22 00:00:00-04:00,0.00657173105773959,0.00657173105773959,0.006332756988513755,0.006511985324323177,72606,0.0,0.0
1974-02-25 00:00:00-04:00,0.006511981528262464,0.006631468197741116,0.006332753296931419,0.006422367412596941,76755,0.0,0.0
1974-02-26 00:00:00-04:00,0.006422367412596942,0.006422367412596942,0.0063626264417068566,0.006422367412596941,116169,0.0,0.0
1974-02-27 00:00:00-04:00,0.006422369760617204,0.006482115481048822,0.006422369760617204,0.006482115481048822,72606,0.0,0.0
1974-02-28 00:00:00-04:00,0.00648212103027462,0.006571735255420208,0.00648212103027462,0.006571735255420208,103722,0.0,0.0
1974-03-01 00:00:00-04:00,0.006511983909045686,0.006511983909045686,0.006482115481048822,0.006482115481048822,960470,0.0,0.0
1974-03-04 00:00:00-04:00,0.006482119234770704,0.006721088662743568,0.006422373479740995,0.006721088662743568,68457,0.0,0.0
1974-03-05 00:00:00-04:00,0.006810707343212401,0.007019809054403817,0.006810707343212401,0.006930194795131683,232338,0.0,0.0
1974-03-06 00:00:00-04:00,0.006930194795131684,0.006930194795131684,0.0068704537285067,0.006930194795131683,221966,0.0,0.0
1974-03-07 00:00:00-04:00,0.006930194795131684,0.006930194795131684,0.006810707343212401,0.006930194795131683,53936,0.0,0.0
1974-03-08 00:00:00-04:00,0.006870452780276537,0.006870452780276537,0.006780838533372574,0.006870452780276537,134839,0.0,0.0
1974-03-11 00:00:00-04:00,0.0068704537285067,0.006930194795131684,0.006810707343212401,0.006930194795131683,1553763,0.0,0.0
1974-03-12 00:00:00-04:00,0.006930191964925129,0.007019806187599898,0.006930191964925129,0.007019806187599897,64308,0.0,0.0
1974-03-13 00:00:00-04:00,0.007019802452871452,0.007019802452871452,0.006930188277873894,0.006989934016019106,109946,0.0,0.0
1974-03-14 00:00:00-04:00,0.007019802475271607,0.007318517574808731,0.007019802475271607,0.007169162388890982,132765,0.0,0.0
1974-03-15 00:00:00-04:00,0.0071691623888909825,0.007318517574808731,0.007139289224241701,0.007169162388890982,103722,0.0,0.0
1974-03-18 00:00:00-04:00,0.007169166180206258,0.007438008848230564,0.006930191964925129,0.007019806187599897,323614,0.0,0.0
1974-03-19 00:00:00-04:00,0.007019806187599898,0.007139292999758955,0.006930191964925129,0.007019806187599897,163882,0.0,0.0
1974-03-20 00:00:00-04:00,0.007019802452871452,0.007079548191016663,0.006989934016019106,0.006989934016019106,47712,0.0,0.0
1974-03-21 00:00:00-04:00,0.0069899377348567205,0.007019806187599898,0.0069899377348567205,0.007019806187599897,47712,0.0,0.0
1974-03-22 00:00:00-04:00,0.0070795482136074665,0.0071691623888909825,0.0070795482136074665,0.007169162388890982,20744,0.0,0.0
1974-03-25 00:00:00-04:00,0.007139292999758955,0.007139292999758955,0.0069899377348567205,0.007019806187599897,87127,0.0,0.0
1974-03-26 00:00:00-04:00,0.007139293011277914,0.007318521456916629,0.007139293011277914,0.007139293011277914,192924,0.0,0.0
1974-03-27 00:00:00-04:00,0.007139293011277914,0.007228907234097272,0.007139293011277914,0.007139293011277914,45638,0.0,0.0
1974-03-28 00:00:00-04:00,0.0071392892014602635,0.0071691623660142196,0.006989934016019106,0.006989934016019106,213668,0.0,0.0
1974-03-29 00:00:00-04:00,0.006989934016019106,0.007019802452871452,0.006930188277873894,0.006989934016019106,97499,0.0,0.0
1974-04-01 00:00:00-04:00,0.006930193838656318,0.006930193838656318,0.006810706403228175,0.006870452780276537,101648,0.0,0.0
1974-04-02 00:00:00-04:00,0.006870452780276537,0.006930193838656318,0.006810706403228175,0.006870452780276537,39415,0.0,0.0
1974-04-03 00:00:00-04:00,0.0068704537285067,0.006930194795131684,0.0068704537285067,0.006930194795131683,62233,0.0,0.0
1974-04-04 00:00:00-04:00,0.006989934016019106,0.007019802452871452,0.006989934016019106,0.006989934016019106,80904,0.0,0.0
1974-04-05 00:00:00-04:00,0.0069899377348567205,0.007019806187599898,0.006930191964925129,0.007019806187599897,105797,0.0,0.0
1974-04-08 00:00:00-04:00,0.007019806187599898,0.007019806187599898,0.006930191964925129,0.007019806187599897,39415,0.0,0.0
1974-04-09 00:00:00-04:00,0.007019806187599898,0.007139292999758955,0.007019806187599898,0.007019806187599897,37340,0.0,0.0
1974-04-10 00:00:00-04:00,0.007019809054403817,0.007079554848734858,0.0068704537285067,0.006930194795131683,188775,0.0,0.0
1974-04-11 00:00:00-04:00,0.006930193838656318,0.006930193838656318,0.006870452780276537,0.006870452780276537,165956,0.0,0.0
1974-04-15 00:00:00-04:00,0.006870452780276537,0.006930193838656318,0.006810706403228175,0.006870452780276537,39415,0.0,0.0
1974-04-16 00:00:00-04:00,0.0068704537285067,0.006930194795131684,0.006810707343212401,0.006930194795131683,147286,0.0,0.0
1974-04-17 00:00:00-04:00,0.006930194795131684,0.007079554848734858,0.006930194795131684,0.006930194795131683,60159,0.0,0.0
1974-04-18 00:00:00-04:00,0.006930189274593457,0.006930189274593457,0.006810701917856932,0.006810701917856932,72606,0.0,0.0
1974-04-19 00:00:00-04:00,0.00681070599625014,0.006870452369728319,0.0067210917547011325,0.006780838128179312,163882,0.0,0.0
1974-04-22 00:00:00-04:00,0.006721090524440427,0.006721090524440427,0.00648212103027462,0.006571735255420208,80904,0.0,0.0
1974-04-23 00:00:00-04:00,0.006571735255420208,0.006631476299294838,0.00648212103027462,0.006571735255420208,105797,0.0,0.0
1974-04-24 00:00:00-04:00,0.006511990468226338,0.006511990468226338,0.006332761990842089,0.006362635176628828,419039,0.0,0.0
1974-04-25 00:00:00-04:00,0.0063626264417068566,0.006482113111185507,0.006332753296931419,0.006422367412596941,78829,0.0,0.0
1974-04-26 00:00:00-04:00,0.006422373007834787,0.006511987201573123,0.00633275881409645,0.006332758814096451,105797,0.0,0.0
1974-04-29 00:00:00-04:00,0.006332753296931419,0.006422367412596942,0.006332753296931419,0.006422367412596941,51861,0.0,0.0
1974-04-30 00:00:00-04:00,0.006422371156418466,0.00657173105773959,0.0063626301507032895,0.006511985324323177,76755,0.0,0.0
1974-05-01 00:00:00-04:00,0.006511982162475062,0.006721082967983906,0.006511982162475062,0.006661341991275549,56010,0.0,0.0
1974-05-02 00:00:00-04:00,0.006679556332528591,0.006831362042011135,0.006618830324650778,0.006679556332528591,120318,0.02169,0.0
1974-05-03 00:00:00-04:00,0.006679556332528591,0.006770640839404026,0.006618830324650778,0.006679556332528591,70531,0.0,0.0
1974-05-06 00:00:00-04:00,0.006679555045182727,0.006770639534503513,0.00661882904900859,0.006740276236087084,87127,0.0,0.0
1974-05-07 00:00:00-04:00,0.006740273731426474,0.006831358186900616,0.006740273731426474,0.006831358186900616,20744,0.0,0.0
1974-05-08 00:00:00-04:00,0.006831358186900616,0.006922442642374758,0.006770637018560019,0.006831358186900616,325689,0.0,0.0
1974-05-09 00:00:00-04:00,0.006831357376073341,0.0071956999599933616,0.006831357376073341,0.007195699959993362,1645039,0.0,0.0
1974-05-10 00:00:00-04:00,0.007195700127658884,0.007347505736992707,0.007104615680873394,0.007104615680873394,331912,0.0,0.0
1974-05-13 00:00:00-04:00,0.007104616161301734,0.007134974642324256,0.007043890189379454,0.007043890189379454,78829,0.0,0.0
1974-05-14 00:00:00-04:00,0.0069831726141273975,0.0069831726141273975,0.006922446010315319,0.0069831726141273975,31117,0.0,0.0
1974-05-15 00:00:00-04:00,0.0069831706756135585,0.007134976331144571,0.006922444088659055,0.007134976331144571,116169,0.0,0.0
1974-05-16 00:00:00-04:00,0.0071349783117993495,0.007256425512835593,0.0069831726141273975,0.0069831726141273975,331912,0.0,0.0
1974-05-17 00:00:00-04:00,0.006922447167381151,0.006922447167381151,0.006892089266330004,0.006892089266330004,155584,0.0,0.0
1974-05-20 00:00:00-04:00,0.006892084761167706,0.006922442642374758,0.006831358186900616,0.006831358186900616,39415,0.0,0.0
1974-05-21 00:00:00-04:00,0.006831362042011135,0.006892088650547787,0.006679556332528591,0.006679556332528591,170105,0.0,0.0
1974-05-22 00:00:00-04:00,0.0066795483948452455,0.0066795483948452455,0.006618822459131479,0.006618822459131479,522761,0.0,0.0
1974-05-23 00:00:00-04:00,0.006618829079655216,0.006618829079655216,0.006467023398727179,0.006467023398727179,64308,0.0,0.0
1974-05-24 00:00:00-04:00,0.006467023398727179,0.006527744589912688,0.006436660100170161,0.006467023398727179,97499,0.0,0.0
1974-05-28 00:00:00-04:00,0.006467023398727179,0.006527744589912688,0.006436660100170161,0.006467023398727179,170105,0.0,0.0
1974-05-29 00:00:00-04:00,0.006467023398727179,0.006527744589912688,0.006436660100170161,0.006467023398727179,78829,0.0,0.0
1974-05-30 00:00:00-04:00,0.006467023398727179,0.006467023398727179,0.006436660100170161,0.006467023398727179,184626,0.0,0.0
1974-05-31 00:00:00-04:00,0.006467022316642227,0.006467022316642227,0.006436659023165703,0.006436659023165703,163882,0.0,0.0
1974-06-03 00:00:00-04:00,0.006436659023165703,0.006467022316642227,0.00631521185584585,0.006436659023165703,244785,0.0,0.0
1974-06-04 00:00:00-04:00,0.006527737277415211,0.006618821665123247,0.006527737277415211,0.006588463205844164,155584,0.0,0.0
1974-06-05 00:00:00-04:00,0.006588471825653156,0.006831362042011135,0.006467024615168234,0.006679556332528591,89201,0.0,0.0
1974-06-06 00:00:00-04:00,0.006679556332528591,0.006679556332528591,0.006527745817775343,0.006679556332528591,43563,0.0,0.0
1974-06-07 00:00:00-04:00,0.006679556929321845,0.006892089266330004,0.006679556929321845,0.006892089266330004,80904,0.0,0.0
1974-06-10 00:00:00-04:00,0.007043890189379454,0.007043890189379454,0.007043890189379454,0.007043890189379454,39415,0.0,0.0
1974-06-11 00:00:00-04:00,0.007043893812010354,0.0071349783117993495,0.0069831726141273975,0.0069831726141273975,97499,0.0,0.0
1974-06-12 00:00:00-04:00,0.0069831726141273975,0.007104619815163642,0.0069831726141273975,0.0069831726141273975,124467,0.0,0.0
1974-06-13 00:00:00-04:00,0.0069831726141273975,0.0069831726141273975,0.0069831726141273975,0.0069831726141273975,80904,0.0,0.0
1974-06-14 00:00:00-04:00,0.006922442000359298,0.006922442000359298,0.006831357553332698,0.006922442000359297,78829,0.0,0.0
1974-06-17 00:00:00-04:00,0.006831358186900616,0.006831358186900616,0.006770637018560019,0.006831358186900616,109946,0.0,0.0
1974-06-18 00:00:00-04:00,0.006770632793479962,0.006770632793479962,0.006527738060496762,0.006618822459131479,93350,0.0,0.0
1974-06-19 00:00:00-04:00,0.006527743497667655,0.006527743497667655,0.006436659023165703,0.006436659023165703,89201,0.0,0.0
1974-06-20 00:00:00-04:00,0.006436656557968079,0.006467019839815664,0.006315209437161684,0.006315209437161684,103722,0.0,0.0
1974-06-21 00:00:00-04:00,0.006315209437161684,0.006436656557968079,0.006315209437161684,0.006315209437161684,72606,0.0,0.0
1974-06-24 00:00:00-04:00,0.006467023398727179,0.006527744589912688,0.006467023398727179,0.006467023398727179,78829,0.0,0.0
1974-06-25 00:00:00-04:00,0.006467016930047991,0.006618822459131479,0.006467016930047991,0.006618822459131479,64308,0.0,0.0
1974-06-26 00:00:00-04:00,0.006618822459131479,0.006618822459131479,0.006618822459131479,0.006618822459131479,39415,0.0,0.0
1974-06-27 00:00:00-04:00,0.006618823524631597,0.006618823524631597,0.0065277391113340855,0.0065277391113340855,85052,0.0,0.0
1974-06-28 00:00:00-04:00,0.0065277391113340855,0.0065277391113340855,0.006436654698036574,0.0065277391113340855,45638,0.0,0.0
1974-07-01 00:00:00-04:00,0.0065277391113340855,0.006618823524631597,0.006467017971110408,0.0065277391113340855,64308,0.0,0.0
1974-07-02 00:00:00-04:00,0.006527739043605879,0.006527739043605879,0.006163401994854212,0.006163401994854212,211594,0.0,0.0
1974-07-03 00:00:00-04:00,0.006163403998706322,0.006315209600007652,0.00613304071607578,0.006224125158041716,317391,0.0,0.0
1974-07-05 00:00:00-04:00,0.0062241324119615485,0.0062241324119615485,0.006133047863841057,0.006133047863841057,18670,0.0,0.0
1974-07-08 00:00:00-04:00,0.0061330428151627,0.0061330428151627,0.005981237161904574,0.0059812371619045734,387922,0.0,0.0
1974-07-09 00:00:00-04:00,0.005829427391290664,0.005829427391290664,0.005647259005400914,0.005829427391290665,149360,0.0,0.0
1974-07-10 00:00:00-04:00,0.005829422595458139,0.006133039125231639,0.005829422595458139,0.00592050701379776,147286,0.0,0.0
1974-07-11 00:00:00-04:00,0.005981242085617568,0.0062241324119615485,0.005981242085617568,0.006133047863841057,103722,0.0,0.0
1974-07-12 00:00:00-04:00,0.006133040557927276,0.006315209437161684,0.006133040557927276,0.006315209437161684,153509,0.0,0.0
1974-07-15 00:00:00-04:00,0.006315209437161684,0.006527740997585282,0.006284850960581256,0.006315209437161684,149360,0.0,0.0
1974-07-16 00:00:00-04:00,0.00631521185584585,0.006467022316642227,0.00631521185584585,0.006436659023165703,31117,0.0,0.0
1974-07-17 00:00:00-04:00,0.006436660100170161,0.006467023398727179,0.006436660100170161,0.006467023398727179,20744,0.0,0.0
1974-07-18 00:00:00-04:00,0.006618826589477287,0.006831358186900616,0.006618826589477287,0.006831358186900616,273827,0.0,0.0
1974-07-19 00:00:00-04:00,0.006831352885300931,0.007043884918443285,0.006740268500514537,0.006770631764084101,261381,0.0,0.0
1974-07-22 00:00:00-04:00,0.006770640839404026,0.006831362042011135,0.006679556332528591,0.006679556332528591,53936,0.0,0.0
1974-07-23 00:00:00-04:00,0.006679556929321845,0.006892089266330004,0.006679556929321845,0.006892089266330004,78829,0.0,0.0
1974-07-24 00:00:00-04:00,0.006922446010315319,0.007043893812010354,0.006922446010315319,0.0069831726141273975,89201,0.0,0.0
1974-07-25 00:00:00-04:00,0.006983168568994357,0.007043889731703427,0.006922442000359298,0.006922442000359297,105797,0.0,0.0
1974-07-26 00:00:00-04:00,0.006922437270087327,0.006983163797226455,0.006740268500514537,0.006770631764084101,118244,0.0,0.0
1974-07-29 00:00:00-04:00,0.006770631764084101,0.006892079412440059,0.006740268500514537,0.006770631764084101,109946,0.0,0.0
1974-07-30 00:00:00-04:00,0.0067402775351357,0.0067402775351357,0.006679556332528591,0.006679556332528591,29042,0.0,0.0
1974-07-31 00:00:00-04:00,0.006679552563085877,0.006831358186900616,0.006679552563085877,0.006831358186900616,62233,0.0,0.0
1974-08-01 00:00:00-04:00,0.006770633883418556,0.006770633883418556,0.0065277391113340855,0.0065277391113340855,134839,0.0,0.0
1974-08-02 00:00:00-04:00,0.006577139254659414,0.006577139254659414,0.006422743847919854,0.006577139254659414,14521,0.02169,0.0
1974-08-05 00:00:00-04:00,0.006577138292704893,0.006700653378258931,0.006546257994100824,0.0066388933919370174,87127,0.0,0.0
1974-08-06 00:00:00-04:00,0.006700653840820614,0.006793289245051644,0.006700653840820614,0.006731529254466295,31117,0.0,0.0
1974-08-07 00:00:00-04:00,0.006731529254466295,0.006855044348546867,0.006638893850235265,0.006731529254466295,170105,0.0,0.0
1974-08-08 00:00:00-04:00,0.00673152977430847,0.00688592518104803,0.006577139254659414,0.006577139254659414,64308,0.0,0.0
1974-08-09 00:00:00-04:00,0.006577138292704893,0.0066388933919370174,0.006422742908546786,0.0066388933919370174,95425,0.0,0.0
1974-08-12 00:00:00-04:00,0.006638888058172687,0.006700647994875908,0.006638888058172687,0.006700647994875908,47712,0.0,0.0
1974-08-13 00:00:00-04:00,0.006700652902605925,0.006700652902605925,0.006546257529407739,0.00654625752940774,26968,0.0,0.0
1974-08-14 00:00:00-04:00,0.006546256393973412,0.006577136685029289,0.006422741338610649,0.006422741338610649,114095,0.0,0.0
1974-08-15 00:00:00-04:00,0.0064845024345593655,0.006546257529407739,0.0064845024345593655,0.00654625752940774,116169,0.0,0.0
1974-08-16 00:00:00-04:00,0.006546252734760852,0.006793283318287742,0.006484497685143494,0.006700647994875908,194998,0.0,0.0
1974-08-19 00:00:00-04:00,0.006638891769166374,0.006638891769166374,0.006422741338610649,0.006422741338610649,60159,0.0,0.0
1974-08-20 00:00:00-04:00,0.006422741338610649,0.006577136685029289,0.006422741338610649,0.006422741338610649,56010,0.0,0.0
1974-08-21 00:00:00-04:00,0.006422741338610649,0.006638891769166374,0.006422741338610649,0.006422741338610649,176328,0.0,0.0
1974-08-22 00:00:00-04:00,0.006422741338610649,0.006546256393973412,0.0063301059634176884,0.006422741338610649,60159,0.0,0.0
1974-08-23 00:00:00-04:00,0.006330104854068324,0.006330104854068324,0.0060213184915483,0.0060213184915483,120318,0.0,0.0
1974-08-26 00:00:00-04:00,0.006021316614364969,0.006175712496477946,0.005959561560302973,0.005959561560302973,145211,0.0,0.0
1974-08-27 00:00:00-04:00,0.006021321341531191,0.006083081942051649,0.006021321341531191,0.006083081942051649,70531,0.0,0.0
1974-08-28 00:00:00-04:00,0.006083081942051649,0.006113962242311879,0.006083081942051649,0.006083081942051649,109946,0.0,0.0
1974-08-29 00:00:00-04:00,0.006083081043299106,0.006175716432416953,0.006083081043299106,0.006113961338996887,37340,0.0,0.0
1974-08-30 00:00:00-04:00,0.006113962659661777,0.006237472873181105,0.006083082357293604,0.006237472873181105,290423,0.0,0.0
1974-09-03 00:00:00-04:00,0.00623747152583702,0.006330106914954867,0.006083081043299106,0.006113961338996887,72606,0.0,0.0
1974-09-04 00:00:00-04:00,0.006113962242311879,0.00617571734485603,0.006083081942051649,0.006083081942051649,97499,0.0,0.0
1974-09-05 00:00:00-04:00,0.0060830791841459345,0.006175714544951915,0.0060830791841459345,0.006175714544951916,37340,0.0,0.0
1974-09-06 00:00:00-04:00,0.006175716432416953,0.006175716432416953,0.006083081043299106,0.006113961338996887,47712,0.0,0.0
1974-09-09 00:00:00-04:00,0.006113959348480642,0.0061757144217951645,0.0060213184915483,0.0060213184915483,12447,0.0,0.0
1974-09-10 00:00:00-04:00,0.006021320451903545,0.006113961338996887,0.006021320451903545,0.006113961338996887,47712,0.0,0.0
1974-09-11 00:00:00-04:00,0.005959566656734164,0.005959566656734164,0.005866931247436328,0.0059286863543093204,618186,0.0,0.0
1974-09-12 00:00:00-04:00,0.005928686908052165,0.005959567213361246,0.0057434166830384464,0.005805176682770252,78829,0.0,0.0
1974-09-13 00:00:00-04:00,0.005805176024218226,0.005805176024218226,0.0054346295073628426,0.0054346295073628426,213668,0.0,0.0
1974-09-16 00:00:00-04:00,0.005434628612272051,0.005558144301176071,0.005280238124623784,0.005558144301176071,97499,0.0,0.0
1974-09-17 00:00:00-04:00,0.005558141554019068,0.0056507769004173845,0.005558141554019068,0.00558902183547616,159733,0.0,0.0
1974-09-18 00:00:00-04:00,0.00558902183547616,0.0056507769004173845,0.005558141554019068,0.00558902183547616,136914,0.0,0.0
1974-09-19 00:00:00-04:00,0.005712532254185955,0.006083078545601228,0.005712532254185955,0.005866927560418844,132765,0.0,0.0
1974-09-20 00:00:00-04:00,0.005866927794753487,0.005928682865283664,0.005712532482353798,0.005743412766605616,149360,0.0,0.0
1974-09-23 00:00:00-04:00,0.005743414126887231,0.005805174099132281,0.005712533835321665,0.005712533835321665,51861,0.0,0.0
1974-09-24 00:00:00-04:00,0.005712533848797911,0.005743414140436326,0.005496388301253319,0.005496388301253319,114095,0.0,0.0
1974-09-25 00:00:00-04:00,0.005496388301253319,0.005558143386555378,0.005434627717976487,0.005496388301253319,458453,0.0,0.0
1974-09-26 00:00:00-04:00,0.0054963887546282085,0.0054963887546282085,0.005280237691279417,0.005403753370046616,246860,0.0,0.0
1974-09-27 00:00:00-04:00,0.005403754752255557,0.005496390160532061,0.005280239041894674,0.005280239041894674,56010,0.0,0.0
1974-09-30 00:00:00-04:00,0.005280239041894674,0.005496390160532061,0.005280239041894674,0.005280239041894674,85052,0.0,0.0
1974-10-01 00:00:00-04:00,0.005280239925293499,0.005434630465592095,0.005249360228929153,0.005341995041817427,85052,0.0,0.0
1974-10-02 00:00:00-04:00,0.005403754703533474,0.005496390110974746,0.005403754703533474,0.0054346295073628426,56010,0.0,0.0
1974-10-03 00:00:00-04:00,0.0054346295073628426,0.005496390110974746,0.005403754703533474,0.0054346295073628426,37340,0.0,0.0
1974-10-04 00:00:00-04:00,0.005496386489077844,0.0056507769004173845,0.005496386489077844,0.00558902183547616,95425,0.0,0.0
1974-10-07 00:00:00-04:00,0.005589025630429122,0.0059286863543093204,0.0055581453280042796,0.0059286863543093204,51861,0.0,0.0
1974-10-08 00:00:00-04:00,0.005928682865283664,0.00602131822006566,0.005712532482353798,0.005743412766605616,224041,0.0,0.0
1974-10-09 00:00:00-04:00,0.005805175733638508,0.006083081942051649,0.005805175733638508,0.006083081942051649,53936,0.0,0.0
1974-10-10 00:00:00-04:00,0.006083077166398956,0.006330102880618932,0.005959561560302973,0.005959561560302973,628558,0.0,0.0
1974-10-11 00:00:00-04:00,0.005959566656734164,0.006021321763607156,0.0059286863543093204,0.0059286863543093204,136914,0.0,0.0
1974-10-14 00:00:00-04:00,0.005928681284285979,0.006083077166398956,0.005928681284285979,0.005959561560302973,114095,0.0,0.0
1974-10-15 00:00:00-04:00,0.005959566656734164,0.0060830823684568415,0.005866931247436328,0.0059286863543093204,78829,0.0,0.0
1974-10-16 00:00:00-04:00,0.005928682865283664,0.005928682865283664,0.005743412766605615,0.005743412766605616,22819,0.0,0.0
1974-10-17 00:00:00-04:00,0.005743412766605615,0.005928682865283664,0.005712532482353798,0.005743412766605616,163882,0.0,0.0
1974-10-18 00:00:00-04:00,0.005805171176161987,0.005959561560302973,0.005805171176161987,0.005959561560302973,101648,0.0,0.0
1974-10-21 00:00:00-04:00,0.005959566656734164,0.0060830823684568415,0.0059286863543093204,0.0059286863543093204,105797,0.0,0.0
1974-10-22 00:00:00-04:00,0.0059286863543093204,0.0060830823684568415,0.0059286863543093204,0.0059286863543093204,188775,0.0,0.0
1974-10-23 00:00:00-04:00,0.0059286863543093204,0.005959566656734164,0.005866931247436328,0.0059286863543093204,226115,0.0,0.0
1974-10-24 00:00:00-04:00,0.005805174099132281,0.005805174099132281,0.005712533835321665,0.005712533835321665,56010,0.0,0.0
1974-10-25 00:00:00-04:00,0.005712533848797911,0.005712533848797911,0.005496388301253319,0.005496388301253319,132765,0.0,0.0
1974-10-28 00:00:00-05:00,0.005558141554019068,0.00558902183547616,0.005558141554019068,0.00558902183547616,72606,0.0,0.0
1974-10-29 00:00:00-05:00,0.005589022341293443,0.005743412766605615,0.005589022341293443,0.005743412766605616,26968,0.0,0.0
1974-10-30 00:00:00-05:00,0.005743412246815701,0.005743412246815701,0.005496386489077844,0.00558902183547616,182552,0.0,0.0
1974-10-31 00:00:00-05:00,0.005702429671918238,0.005702429671918238,0.005513399618531381,0.00560791464522481,120318,0.02169,0.0
1974-11-01 00:00:00-05:00,0.00560791512071681,0.005765438308717725,0.00560791512071681,0.00567092327401042,62233,0.0,0.0
1974-11-04 00:00:00-05:00,0.00567092327401042,0.00567092327401042,0.00560791512071681,0.00567092327401042,70531,0.0,0.0
1974-11-05 00:00:00-05:00,0.005670920795497463,0.005828443914651871,0.005607912669741966,0.005828443914651871,37340,0.0,0.0
1974-11-06 00:00:00-05:00,0.005828443914651871,0.0059859720200563515,0.005765435788896375,0.005828443914651871,298721,0.0,0.0
1974-11-07 00:00:00-05:00,0.0058599515138321664,0.006143495906144381,0.0058599515138321664,0.006143495906144381,116169,0.0,0.0
1974-11-08 00:00:00-05:00,0.0061434935239024,0.006206507242621034,0.006080485414713621,0.006080485414713621,72606,0.0,0.0
1974-11-11 00:00:00-05:00,0.006048982946575629,0.006048982946575629,0.005859953495535784,0.0059229666367173195,39415,0.0,0.0
1974-11-12 00:00:00-05:00,0.005922967108726533,0.00608049031336962,0.005859953962523395,0.006048983428627253,64308,0.0,0.0
1974-11-13 00:00:00-05:00,0.006048983428627253,0.006143498473319979,0.005859953962523395,0.006048983428627253,87127,0.0,0.0
1974-11-14 00:00:00-05:00,0.006048980145811848,0.006080487013455262,0.005828443914651871,0.005828443914651871,103722,0.0,0.0
1974-11-15 00:00:00-05:00,0.005828444154074735,0.006048980394293977,0.005828444154074735,0.0058599510230124,89201,0.0,0.0
1974-11-18 00:00:00-05:00,0.0058599518691138525,0.0058599518691138525,0.0055448999628424644,0.0055448999628424644,624409,0.0,0.0
1974-11-19 00:00:00-05:00,0.005544899260153903,0.005544899260153903,0.005292861132796256,0.005355869885534048,130690,0.0,0.0
1974-11-20 00:00:00-05:00,0.005355872594391914,0.005450387017864075,0.005355872594391914,0.005387378856539726,1477008,0.0,0.0
1974-11-21 00:00:00-05:00,0.005387377713095707,0.005670922793175993,0.00535587145763494,0.00560791464522481,64308,0.0,0.0
1974-11-22 00:00:00-05:00,0.005607914428015757,0.005828445742069804,0.005544900672971953,0.005702429451048374,159733,0.0,0.0
1974-11-25 00:00:00-05:00,0.005670921847257494,0.005670921847257494,0.005513398698887986,0.0055448999628424644,118244,0.0,0.0
1974-11-26 00:00:00-05:00,0.00560791512071681,0.005828446462011335,0.00560791512071681,0.00567092327401042,56010,0.0,0.0
1974-11-27 00:00:00-05:00,0.0056709239782876866,0.005765439024732903,0.005513400770723819,0.00551340077072382,64308,0.0,0.0
1974-11-29 00:00:00-05:00,0.005513400770723819,0.005544902046515905,0.005387378838952037,0.00551340077072382,95425,0.0,0.0
1974-12-02 00:00:00-05:00,0.005513400319498749,0.005544901592712723,0.005355872138574358,0.005450386554002762,149360,0.0,0.0
1974-12-03 00:00:00-05:00,0.0053873753093361485,0.0053873753093361485,0.005072324114365834,0.0051353322342038155,159733,0.0,0.0
1974-12-04 00:00:00-05:00,0.005135333365038026,0.005198346796642184,0.0050408183597028255,0.0050408183597028255,132765,0.0,0.0
1974-12-05 00:00:00-05:00,0.0050408183597028255,0.005135333365038026,0.004977810225990038,0.0050408183597028255,60159,0.0,0.0
1974-12-06 00:00:00-05:00,0.005040817249681441,0.0051353322342038155,0.0049778091298434595,0.0051353322342038155,128616,0.0,0.0
1974-12-09 00:00:00-05:00,0.005040819744585611,0.005040819744585611,0.0048832968739014595,0.004977811593562365,217817,0.0,0.0
1974-12-10 00:00:00-05:00,0.004977811593562365,0.005040819744585611,0.0048832968739014595,0.004977811593562365,246860,0.0,0.0
1974-12-11 00:00:00-05:00,0.004977810225990038,0.0050408183597028255,0.00491479679438588,0.0050408183597028255,126541,0.0,0.0
1974-12-12 00:00:00-05:00,0.0050408167715494685,0.0050408167715494685,0.004820280582019844,0.004883293993771076,136914,0.0,0.0
1974-12-13 00:00:00-05:00,0.004883293993771076,0.0049147952459367055,0.004820280582019844,0.004883293993771076,180477,0.0,0.0
1974-12-16 00:00:00-05:00,0.004883299782759654,0.004914801072269008,0.00475727779611147,0.004820286296308041,120318,0.0,0.0
1974-12-17 00:00:00-05:00,0.00482028563377297,0.004914800396743141,0.004662762379266572,0.0047257705591619015,122393,0.0,0.0
1974-12-18 00:00:00-05:00,0.00475727421912516,0.004914797376841307,0.00475727421912516,0.004914797376841307,64308,0.0,0.0
1974-12-19 00:00:00-05:00,0.004914797376841307,0.004914797376841307,0.00475727421912516,0.004914797376841307,226115,0.0,0.0
1974-12-20 00:00:00-05:00,0.004914801072269008,0.004977814558720621,0.004820286296308041,0.004820286296308041,153509,0.0,0.0
1974-12-23 00:00:00-05:00,0.0048202807625311855,0.0048202807625311855,0.004536735825240612,0.004536735825240612,280051,0.0,0.0
1974-12-24 00:00:00-05:00,0.00459974670791707,0.004757274873554707,0.00459974670791707,0.004757274873554707,72606,0.0,0.0
1974-12-26 00:00:00-05:00,0.004820283424985387,0.005040819744585611,0.004820283424985387,0.004977811593562365,78829,0.0,0.0
1974-12-27 00:00:00-05:00,0.004977808173394887,0.005072323139756918,0.004883293518673396,0.005072323139756918,93350,0.0,0.0
1974-12-30 00:00:00-05:00,0.0050408167715494685,0.0050408167715494685,0.004883293993771076,0.004883293993771076,145211,0.0,0.0
1974-12-31 00:00:00-05:00,0.004883293993771076,0.004977808657687937,0.004820280582019844,0.004883293993771076,174254,0.0,0.0
1975-01-02 00:00:00-05:00,0.0049778091298434595,0.0051353322342038155,0.0049778091298434595,0.0051353322342038155,199147,0.0,0.0
1975-01-03 00:00:00-05:00,0.0051353322342038155,0.005198345651932001,0.005072324114365834,0.0051353322342038155,176328,0.0,0.0
1975-01-06 00:00:00-05:00,0.005198351598030742,0.00535587519421398,0.005198351598030742,0.005292866379022598,194998,0.0,0.0
1975-01-07 00:00:00-05:00,0.005292861132796256,0.005355869885534048,0.005198346445486329,0.005355869885534048,284200,0.0,0.0
1975-01-08 00:00:00-05:00,0.00535587056426748,0.0055448999628424644,0.005292861803544777,0.0055448999628424644,255157,0.0,0.0
1975-01-09 00:00:00-05:00,0.005544900887740319,0.00560791464522481,0.005387377713095707,0.00560791464522481,136914,0.0,0.0
1975-01-10 00:00:00-05:00,0.0057654335327098905,0.006048977778666025,0.0057654335327098905,0.005985969677567482,141063,0.0,0.0
1975-01-13 00:00:00-05:00,0.005985970446165525,0.006206507242621034,0.005985970446165525,0.006080485414713621,124467,0.0,0.0
1975-01-14 00:00:00-05:00,0.006080485414713621,0.00636403032035791,0.006080485414713621,0.006080485414713621,122393,0.0,0.0
1975-01-15 00:00:00-05:00,0.006048977778666025,0.006048977778666025,0.005828441633808434,0.005985969677567482,87127,0.0,0.0
1975-01-16 00:00:00-05:00,0.00598597226595021,0.006048980394293977,0.005702427897387201,0.0058599510230124,211594,0.0,0.0
1975-01-17 00:00:00-05:00,0.005859953343425031,0.005859953343425031,0.00567092327401042,0.00567092327401042,43563,0.0,0.0
1975-01-20 00:00:00-05:00,0.00567092327401042,0.005765438308717725,0.00560791512071681,0.00567092327401042,89201,0.0,0.0
1975-01-21 00:00:00-05:00,0.005670922793175993,0.00585995284656285,0.00560791464522481,0.00560791464522481,182552,0.0,0.0
1975-01-22 00:00:00-05:00,0.00560791512071681,0.005828446462011335,0.00560791512071681,0.00567092327401042,238562,0.0,0.0
1975-01-23 00:00:00-05:00,0.005670922573526472,0.005859952619591706,0.005670922573526472,0.005702429451048374,101648,0.0,0.0
1975-01-24 00:00:00-05:00,0.005828444154074735,0.006080487263231641,0.005828444154074735,0.0058599510230124,105797,0.0,0.0
1975-01-27 00:00:00-05:00,0.006080490287259162,0.006364035420119762,0.006080490287259162,0.006364035420119762,313242,0.0,0.0
1975-01-28 00:00:00-05:00,0.00639554220764247,0.0066790867129172685,0.00639554220764247,0.00652156351134181,174254,0.0,0.0
1975-01-29 00:00:00-05:00,0.006521558197299435,0.006521558197299435,0.006238013923068544,0.0064585451036691666,97499,0.0,0.0
1975-01-30 00:00:00-05:00,0.0064585451036691666,0.006553060069506489,0.006238013923068544,0.0064585451036691666,199147,0.0,0.0
1975-01-31 00:00:00-05:00,0.006349510011024517,0.006670187182542983,0.006349510011024517,0.006638122256845236,128616,0.02169,0.0
1975-02-03 00:00:00-05:00,0.006638123397606627,0.0068305320175001145,0.006509849715501312,0.006798462010920048,112020,0.0,0.0
1975-02-04 00:00:00-05:00,0.006798462010920048,0.0068305320175001145,0.006670188328814733,0.006798462010920048,369252,0.0,0.0
1975-02-05 00:00:00-05:00,0.0066701858800990305,0.0066701858800990305,0.006509847325648068,0.0065739816054701805,221966,0.0,0.0
1975-02-06 00:00:00-05:00,0.006573981605470181,0.0066701858800990305,0.006509847325648068,0.0065739816054701805,85052,0.0,0.0
1975-02-07 00:00:00-05:00,0.006573981605470181,0.0066381209606623925,0.006509847325648068,0.0065739816054701805,78829,0.0,0.0
1975-02-10 00:00:00-05:00,0.0065739765818922085,0.006670180783005538,0.006477772380778879,0.006509842351078987,43563,0.0,0.0
1975-02-11 00:00:00-05:00,0.006509847325648068,0.0066701858800990305,0.006349508771197105,0.0065739816054701805,170105,0.0,0.0
1975-02-12 00:00:00-05:00,0.0065739840188679885,0.0068305320175001145,0.0065739840188679885,0.006798462010920048,118244,0.0,0.0
1975-02-13 00:00:00-05:00,0.006798457257106956,0.006990865742459041,0.006734322998586083,0.006958800833672285,116169,0.0,0.0
1975-02-14 00:00:00-05:00,0.006958802793882807,0.007055007063658428,0.006894663441926242,0.006894663441926241,176328,0.0,0.0
1975-02-18 00:00:00-05:00,0.006894663117718862,0.006958802466659406,0.006638120313644295,0.006830528844147921,87127,0.0,0.0
1975-02-19 00:00:00-05:00,0.006798456142188923,0.006798456142188923,0.006670182570815086,0.006670182570815086,31117,0.0,0.0
1975-02-20 00:00:00-05:00,0.006670185451736094,0.006670185451736094,0.006349508363428225,0.006477776914834976,105797,0.0,0.0
1975-02-21 00:00:00-05:00,0.006477772380778879,0.0065739765818922085,0.006349503919152437,0.006509842351078987,87127,0.0,0.0
1975-02-24 00:00:00-04:00,0.006509847325648068,0.0066701858800990305,0.006477777330841331,0.0065739816054701805,213668,0.0,0.0
1975-02-25 00:00:00-04:00,0.00657397834391613,0.006670182570815086,0.00657397834391613,0.006670182570815086,161807,0.0,0.0
1975-02-26 00:00:00-04:00,0.006670182570815086,0.006798456142188923,0.0066381176672868384,0.006670182570815086,128616,0.0,0.0
1975-02-27 00:00:00-04:00,0.006670188498433352,0.006798462183800586,0.006670188498433352,0.006734327878803015,128616,0.0,0.0
1975-02-28 00:00:00-04:00,0.006734325235291242,0.006798459515113355,0.006573981605470181,0.0065739816054701805,211594,0.0,0.0
1975-03-03 00:00:00-04:00,0.006573982889128948,0.006670187182542983,0.00650984859678375,0.006638122256845236,134839,0.0,0.0
1975-03-04 00:00:00-04:00,0.006670185543607332,0.006894663441926242,0.006670185543607332,0.006894663441926241,87127,0.0,0.0
1975-03-05 00:00:00-04:00,0.006894663117718862,0.007055006731911218,0.0068305288441479215,0.006830528844147921,124467,0.0,0.0
1975-03-06 00:00:00-04:00,0.006830529165339518,0.006894663441926242,0.006798459172150621,0.006894663441926241,159733,0.0,0.0
1975-03-07 00:00:00-04:00,0.006894663117718862,0.006958802466659406,0.006734324578896108,0.006830528844147921,114095,0.0,0.0
1975-03-10 00:00:00-04:00,0.006798459515113355,0.006798459515113355,0.006509847325648068,0.0065739816054701805,112020,0.0,0.0
1975-03-11 00:00:00-04:00,0.0065739765818922085,0.006670180783005538,0.006477772380778879,0.006509842351078987,205371,0.0,0.0
1975-03-12 00:00:00-04:00,0.00650984859678375,0.006638122256845236,0.00650984859678375,0.006638122256845236,296646,0.0,0.0
1975-03-13 00:00:00-04:00,0.006638122256845236,0.006670187182542983,0.006573982889128948,0.006638122256845236,76755,0.0,0.0
1975-03-14 00:00:00-04:00,0.0066381176672868384,0.006670182570815086,0.006509844095913002,0.006670182570815086,292497,0.0,0.0
1975-03-17 00:00:00-04:00,0.006734324895563897,0.006990867711701862,0.006734324895563897,0.006894663441926241,178403,0.0,0.0
1975-03-18 00:00:00-04:00,0.006894663441926242,0.007055007063658428,0.006894663441926242,0.006894663441926241,228189,0.0,0.0
1975-03-19 00:00:00-04:00,0.006894661499782999,0.006990865742459041,0.006894661499782999,0.006958800833672285,97499,0.0,0.0
1975-03-20 00:00:00-04:00,0.0069908685982227325,0.007055007958312891,0.0069908685982227325,0.0069908685982227325,213668,0.0,0.0
1975-03-21 00:00:00-04:00,0.0069908685982227325,0.007119142243032564,0.0069908685982227325,0.0069908685982227325,143137,0.0,0.0
1975-03-24 00:00:00-04:00,0.0069908645959868366,0.0069908645959868366,0.006670182570815086,0.006670182570815086,263455,0.0,0.0
1975-03-25 00:00:00-04:00,0.006670188328814733,0.0068305320175001145,0.0065739840188679885,0.006798462010920048,132765,0.0,0.0
1975-03-26 00:00:00-04:00,0.006798462183800586,0.006990870808586902,0.006670188498433352,0.006734327878803015,186700,0.0,0.0
1975-03-27 00:00:00-04:00,0.006734327878803015,0.006830532191196172,0.006734327878803015,0.006734327878803015,39415,0.0,0.0
1975-03-31 00:00:00-04:00,0.006734324578896108,0.006894663117718862,0.006734324578896108,0.006830528844147921,35266,0.0,0.0
1975-04-01 00:00:00-04:00,0.0068305288441479215,0.006958802466659406,0.006798458852467049,0.006830528844147921,118244,0.0,0.0
1975-04-02 00:00:00-04:00,0.0068305320175001145,0.006894666320866792,0.006798462010920048,0.006798462010920048,149360,0.0,0.0
1975-04-03 00:00:00-04:00,0.006798458852467049,0.006894663117718862,0.006798458852467049,0.006830528844147921,80904,0.0,0.0
1975-04-04 00:00:00-04:00,0.006830529165339518,0.006958802793882807,0.006830529165339518,0.006894663441926241,151435,0.0,0.0
1975-04-07 00:00:00-04:00,0.006894664316247325,0.0069908685982227325,0.006894664316247325,0.0069908685982227325,124467,0.0,0.0
1975-04-08 00:00:00-04:00,0.006990867711701862,0.006990867711701862,0.006830529165339518,0.006894663441926241,53936,0.0,0.0
1975-04-09 00:00:00-04:00,0.006894664316247325,0.0069908685982227325,0.0068305300315276525,0.0069908685982227325,72606,0.0,0.0
1975-04-10 00:00:00-04:00,0.006990867711701862,0.006990867711701862,0.006894663441926242,0.006894663441926241,70531,0.0,0.0
1975-04-11 00:00:00-04:00,0.006894663441926242,0.006894663441926242,0.006894663441926242,0.006894663441926241,0,0.0,0.0
1975-04-14 00:00:00-04:00,0.006894666320866792,0.006894666320866792,0.006798462010920048,0.006798462010920048,56010,0.0,0.0
1975-04-15 00:00:00-04:00,0.006798459515113355,0.0068305295099200915,0.006573981605470181,0.0065739816054701805,68457,0.0,0.0
1975-04-16 00:00:00-04:00,0.00657397834391613,0.006670182570815086,0.006509844095913002,0.006670182570815086,155584,0.0,0.0
1975-04-17 00:00:00-04:00,0.006670185543607332,0.006894663441926242,0.006670185543607332,0.006894663441926241,226115,0.0,0.0
1975-04-18 00:00:00-04:00,0.0068946603690878796,0.0068946603690878796,0.006670182570815086,0.006670182570815086,161807,0.0,0.0
1975-04-21 00:00:00-04:00,0.006670187182542983,0.006670187182542983,0.006573982889128948,0.006638122256845236,172179,0.0,0.0
1975-04-22 00:00:00-04:00,0.0066381209606623925,0.006798459515113355,0.006573981605470181,0.0065739816054701805,165956,0.0,0.0
1975-04-23 00:00:00-04:00,0.006573981605470181,0.006573981605470181,0.006509847325648068,0.0065739816054701805,29042,0.0,0.0
1975-04-24 00:00:00-04:00,0.006573981183285535,0.006670185451736094,0.006477776914834975,0.006477776914834976,194998,0.0,0.0
1975-04-25 00:00:00-04:00,0.006573982889128948,0.006670187182542983,0.006573982889128948,0.006638122256845236,97499,0.0,0.0
1975-04-28 00:00:00-04:00,0.0066381176672868384,0.006670182570815086,0.006509844095913002,0.006670182570815086,95425,0.0,0.0
1975-04-29 00:00:00-04:00,0.0066701858800990305,0.0066701858800990305,0.006573981605470181,0.0065739816054701805,134839,0.0,0.0
1975-04-30 00:00:00-04:00,0.0065739765818922085,0.006670180783005538,0.006509842351078988,0.006509842351078987,122393,0.0,0.0
1975-05-01 00:00:00-04:00,0.00650984859678375,0.006670187182542983,0.00650984859678375,0.006638122256845236,80904,0.0,0.0
1975-05-02 00:00:00-04:00,0.00675559788942337,0.00675559788942337,0.006527147323126929,0.00675559788942337,226115,0.02169,0.0
1975-05-05 00:00:00-04:00,0.006788229967858104,0.007114587351679802,0.006788229967858104,0.007114587351679802,116169,0.0,0.0
1975-05-06 00:00:00-04:00,0.007114588607808451,0.007114588607808451,0.0069187749177217475,0.006918774917721748,143137,0.0,0.0
1975-05-07 00:00:00-04:00,0.0069187749177217475,0.0070166817627651,0.0069187749177217475,0.006918774917721748,97499,0.0,0.0
1975-05-08 00:00:00-04:00,0.0069187749177217475,0.0070166817627651,0.0069187749177217475,0.006918774917721748,134839,0.0,0.0
1975-05-09 00:00:00-04:00,0.006951408618152957,0.007016677875071764,0.006951408618152957,0.007016677875071764,70531,0.0,0.0
1975-05-12 00:00:00-04:00,0.007016675220303191,0.0072451256036913,0.007016675220303191,0.00708194961771369,143137,0.0,0.0
1975-05-13 00:00:00-04:00,0.007081954970671327,0.007245131079987026,0.007081954970671327,0.007114587351679802,609888,0.0,0.0
1975-05-14 00:00:00-04:00,0.007114583030085789,0.007114583030085789,0.00678822584450245,0.006788225844502449,257232,0.0,0.0
1975-05-15 00:00:00-04:00,0.00678822584450245,0.00691876949351386,0.006690319076216485,0.006788225844502449,313242,0.0,0.0
1975-05-16 00:00:00-04:00,0.006788230271893405,0.006788230271893405,0.006690323439751058,0.00675559788942337,118244,0.0,0.0
1975-05-19 00:00:00-04:00,0.00675559348331577,0.00678822584450245,0.00662504983430436,0.006788225844502449,105797,0.0,0.0
1975-05-20 00:00:00-04:00,0.006788230271893405,0.006788230271893405,0.006690323439751058,0.00675559788942337,72606,0.0,0.0
1975-05-21 00:00:00-04:00,0.006755595090410257,0.006788227459359879,0.006592413876205684,0.006592413876205683,70531,0.0,0.0
1975-05-22 00:00:00-04:00,0.006592414227709846,0.006788227821304723,0.006592414227709846,0.006690321024507284,70531,0.0,0.0
1975-05-23 00:00:00-04:00,0.006690321024507284,0.0067555954506151586,0.006592414227709846,0.006690321024507284,85052,0.0,0.0
1975-05-27 00:00:00-04:00,0.006690318048085986,0.006788224801326192,0.006592411294845782,0.006625048816204071,126541,0.0,0.0
1975-05-28 00:00:00-04:00,0.006625048816204071,0.006690318048085986,0.006592411294845782,0.006625048816204071,168030,0.0,0.0
1975-05-29 00:00:00-04:00,0.006625048816204071,0.006625048816204071,0.006461872831081951,0.006625048816204071,427337,0.0,0.0
1975-05-30 00:00:00-04:00,0.006625050284720655,0.006625050284720655,0.006135516410008966,0.0062986924313008785,404518,0.0,0.0
1975-06-02 00:00:00-04:00,0.0062986924313008785,0.00642923673483598,0.006200785656358541,0.0062986924313008785,240636,0.0,0.0
1975-06-03 00:00:00-04:00,0.006363962758913475,0.006592413876205684,0.006363962758913475,0.006592413876205683,134839,0.0,0.0
1975-06-04 00:00:00-04:00,0.006592412306787135,0.006625049833155315,0.006461873822985527,0.0065271430648863316,454304,0.0,0.0
1975-06-05 00:00:00-04:00,0.0065271430648863316,0.0065271430648863316,0.0064292362966173475,0.0065271430648863316,265530,0.0,0.0
1975-06-06 00:00:00-04:00,0.0065271475943577155,0.006592416881551714,0.006461878307163716,0.006461878307163715,85052,0.0,0.0
1975-06-09 00:00:00-04:00,0.006461873909048885,0.006461873909048885,0.006363961328640283,0.0064292363822460175,190849,0.0,0.0
1975-06-10 00:00:00-04:00,0.0062986924313008785,0.0062986924313008785,0.006266054902708116,0.0062986924313008785,170105,0.0,0.0
1975-06-11 00:00:00-04:00,0.006298696372919336,0.006461878307163716,0.006266058823902543,0.006461878307163715,149360,0.0,0.0
1975-06-12 00:00:00-04:00,0.006461873909048885,0.006527143151818986,0.0064292363822460175,0.0064292363822460175,56010,0.0,0.0
1975-06-13 00:00:00-04:00,0.006429240758146922,0.0065271475943577155,0.006429240758146922,0.006461878307163715,143137,0.0,0.0
1975-06-16 00:00:00-04:00,0.006461873909048885,0.006461873909048885,0.0062986920858701815,0.0064292363822460175,234413,0.0,0.0
1975-06-17 00:00:00-04:00,0.006461873822985527,0.0065271430648863316,0.006461873822985527,0.0065271430648863316,199147,0.0,0.0
1975-06-18 00:00:00-04:00,0.0065271430648863316,0.006592412306787135,0.0064292362966173475,0.0065271430648863316,244785,0.0,0.0
1975-06-19 00:00:00-04:00,0.006527142062963866,0.006625048816204071,0.006461872831081951,0.006625048816204071,2449925,0.0,0.0
1975-06-20 00:00:00-04:00,0.0066250514103436955,0.0066250514103436955,0.006461875361327512,0.006592413876205683,244785,0.0,0.0
1975-06-23 00:00:00-04:00,0.006592413876205684,0.006592413876205684,0.006527144618766597,0.006592413876205683,101648,0.0,0.0
1975-06-24 00:00:00-04:00,0.006592411294845782,0.006625048816204071,0.006592411294845782,0.006625048816204071,145211,0.0,0.0
1975-06-25 00:00:00-04:00,0.006625048816204071,0.006625048816204071,0.006592411294845782,0.006625048816204071,97499,0.0,0.0
1975-06-26 00:00:00-04:00,0.0066250514103436955,0.0066250514103436955,0.006527144618766597,0.006592413876205683,149360,0.0,0.0
1975-06-27 00:00:00-04:00,0.006592411294845782,0.006625048816204071,0.006461872831081951,0.006625048816204071,80904,0.0,0.0
1975-06-30 00:00:00-04:00,0.006625048816204071,0.006625048816204071,0.006625048816204071,0.006625048816204071,273827,0.0,0.0
1975-07-01 00:00:00-04:00,0.006625051763588075,0.006690321024507284,0.006592414227709846,0.006690321024507284,221966,0.0,0.0
1975-07-02 00:00:00-04:00,0.006690321024507284,0.006690321024507284,0.006625051763588075,0.006690321024507284,215743,0.0,0.0
1975-07-03 00:00:00-04:00,0.006690321024507284,0.006690321024507284,0.006625051763588075,0.006690321024507284,251008,0.0,0.0
1975-07-07 00:00:00-04:00,0.006690321024507284,0.006690321024507284,0.006625051763588075,0.006690321024507284,120318,0.0,0.0
1975-07-08 00:00:00-04:00,0.006690321024507284,0.006690321024507284,0.006625051763588075,0.006690321024507284,132765,0.0,0.0
1975-07-09 00:00:00-04:00,0.006690323439751058,0.00675559788942337,0.006690323439751058,0.00675559788942337,479198,0.0,0.0
1975-07-10 00:00:00-04:00,0.00675559348331577,0.00678822584450245,0.006690319076216485,0.006788225844502449,354731,0.0,0.0
1975-07-11 00:00:00-04:00,0.006788230271893405,0.006788230271893405,0.00675559788942337,0.00675559788942337,219892,0.0,0.0
1975-07-14 00:00:00-04:00,0.00675559788942337,0.006788230271893405,0.006690323439751058,0.00675559788942337,230264,0.0,0.0
1975-07-15 00:00:00-04:00,0.006755597586849629,0.007114587351679802,0.006690323140100867,0.007114587351679802,3682148,0.0,0.0
1975-07-16 00:00:00-04:00,0.007114583454867731,0.007277764639995845,0.007114583454867731,0.007245127111673355,699090,0.0,0.0
1975-07-17 00:00:00-04:00,0.007245127111673355,0.007277764639995845,0.007179857865864278,0.007245127111673355,211594,0.0,0.0
1975-07-18 00:00:00-04:00,0.007245127111673355,0.007245127111673355,0.007114583454867731,0.007245127111673355,363029,0.0,0.0
1975-07-21 00:00:00-04:00,0.007245125183592012,0.007440938679745027,0.0071798559551524595,0.00734303193166852,549729,0.0,0.0
1975-07-22 00:00:00-04:00,0.007343033885804923,0.007343033885804923,0.007179857865864278,0.007245127111673355,983289,0.0,0.0
1975-07-23 00:00:00-04:00,0.007245127111673355,0.007277764639995845,0.007179857865864278,0.007245127111673355,182552,0.0,0.0
1975-07-24 00:00:00-04:00,0.007245128351298225,0.007245128351298225,0.007114584672156876,0.007179859094321728,543506,0.0,0.0
1975-07-25 00:00:00-04:00,0.007179857865864278,0.007245127111673355,0.007179857865864278,0.007245127111673355,93350,0.0,0.0
1975-07-28 00:00:00-04:00,0.0072451254621027405,0.007277762982994318,0.007179856231154165,0.007277762982994318,307019,0.0,0.0
1975-07-29 00:00:00-04:00,0.007277762982994318,0.007440938965783045,0.007277762982994318,0.007277762982994318,271753,0.0,0.0
1975-07-30 00:00:00-04:00,0.00727777118219707,0.00750622246414423,0.007245133624535725,0.00750622246414423,207445,0.0,0.0
1975-07-31 00:00:00-04:00,0.007506219341521473,0.0077346698827831135,0.007506219341521473,0.007571488618850708,352656,0.0,0.0
1975-08-01 00:00:00-04:00,0.00752506498247385,0.007690812680521218,0.00752506498247385,0.00752506498247385,80904,0.02169,0.0
1975-08-04 00:00:00-04:00,0.00752506748593521,0.007624517318331997,0.007458763662725688,0.007458763662725687,190849,0.0,0.0
1975-08-05 00:00:00-04:00,0.007458758353936732,0.007690809765171924,0.007359308592323548,0.007392460480332375,211594,0.0,0.0
1975-08-06 00:00:00-04:00,0.007392463351155989,0.007392463351155989,0.007293013550922007,0.0073593114502727985,321540,0.0,0.0
1975-08-07 00:00:00-04:00,0.0073593150471983945,0.007392466964284855,0.007293017115443945,0.007293017115443945,277976,0.0,0.0
1975-08-08 00:00:00-04:00,0.007293012881959719,0.007359310775229239,0.007226709742099047,0.007226709742099047,64308,0.0,0.0
1975-08-11 00:00:00-04:00,0.007226709742099047,0.007293012881959719,0.007193563090847915,0.007226709742099047,56010,0.0,0.0
1975-08-12 00:00:00-04:00,0.007359308592323548,0.007392460480332375,0.007359308592323548,0.007392460480332375,68457,0.0,0.0
1975-08-13 00:00:00-04:00,0.007392466964284855,0.007392466964284855,0.007293017115443945,0.007293017115443945,331912,0.0,0.0
1975-08-14 00:00:00-04:00,0.007293009526066699,0.007359307388829124,0.007193559780716896,0.007193559780716896,31117,0.0,0.0
1975-08-15 00:00:00-04:00,0.007193559780716896,0.007293009526066699,0.007193559780716896,0.007193559780716896,105797,0.0,0.0
1975-08-18 00:00:00-04:00,0.007193559780716896,0.007226706416715536,0.007193559780716896,0.007193559780716896,56010,0.0,0.0
1975-08-19 00:00:00-04:00,0.0071935609284585365,0.007293010689675673,0.0070609599351882935,0.0070609599351882935,3445661,0.0,0.0
1975-08-20 00:00:00-04:00,0.007060965478265641,0.007060965478265641,0.00689521246699733,0.006961515638977289,105797,0.0,0.0
1975-08-21 00:00:00-04:00,0.006961516059376794,0.007027813988766731,0.006729465108708876,0.006795763038098812,201222,0.0,0.0
1975-08-22 00:00:00-04:00,0.00679576119979849,0.0068952110181906634,0.006729463288342597,0.006862064357846975,56010,0.0,0.0
1975-08-25 00:00:00-04:00,0.00686206041275402,0.0070609599351882935,0.006795757292824111,0.0070609599351882935,64308,0.0,0.0
1975-08-26 00:00:00-04:00,0.007127260604745601,0.0073593114502727985,0.007127260604745601,0.0073593114502727985,271753,0.0,0.0
1975-08-27 00:00:00-04:00,0.007293009526066699,0.007293009526066699,0.007127256671365732,0.007193559780716896,112020,0.0,0.0
1975-08-28 00:00:00-04:00,0.007293010718719191,0.007458758353936732,0.007293010718719191,0.007392460480332375,230264,0.0,0.0
1975-08-29 00:00:00-04:00,0.007392463351155989,0.007458761250506781,0.007293013550922007,0.0073593114502727985,124467,0.0,0.0
1975-09-02 00:00:00-04:00,0.007359308592323548,0.007392460480332375,0.007226707598525238,0.007392460480332375,188775,0.0,0.0
1975-09-03 00:00:00-04:00,0.007392460480332375,0.007458758353936732,0.007392460480332375,0.007392460480332375,103722,0.0,0.0
1975-09-04 00:00:00-04:00,0.007392460480332375,0.0075582081155499145,0.007392460480332375,0.007392460480332375,103722,0.0,0.0
1975-09-05 00:00:00-04:00,0.007392466964284855,0.007392466964284855,0.007226713937095297,0.007293017115443945,93350,0.0,0.0
1975-09-08 00:00:00-04:00,0.007293010718719191,0.007392460480332375,0.007226707598525238,0.007392460480332375,168030,0.0,0.0
1975-09-09 00:00:00-04:00,0.007293013263252235,0.007293013263252235,0.007127260323613882,0.007127260323613882,116169,0.0,0.0
1975-09-10 00:00:00-04:00,0.0071272569287800375,0.0071272569287800375,0.00702780717983842,0.007027807179838419,80904,0.0,0.0
1975-09-11 00:00:00-04:00,0.007027808047311491,0.0070609599351882935,0.006961510173971157,0.0070609599351882935,95425,0.0,0.0
1975-09-12 00:00:00-04:00,0.0071272599509872425,0.007293012881959719,0.0071272599509872425,0.007226709742099047,45638,0.0,0.0
1975-09-15 00:00:00-04:00,0.007226707598525238,0.007392460480332375,0.007226707598525238,0.007392460480332375,89201,0.0,0.0
1975-09-16 00:00:00-04:00,0.007392459271416502,0.007392459271416502,0.007193559780716896,0.007193559780716896,327763,0.0,0.0
1975-09-17 00:00:00-04:00,0.0071935609284585365,0.007226707569745764,0.0070609599351882935,0.0070609599351882935,118244,0.0,0.0
1975-09-18 00:00:00-04:00,0.007060962426878183,0.00722671011992511,0.007060962426878183,0.007127260323613882,165956,0.0,0.0
1975-09-19 00:00:00-04:00,0.007127264088254386,0.0073593150471983945,0.007127264088254386,0.007293017115443945,80904,0.0,0.0
1975-09-22 00:00:00-04:00,0.007293012881959719,0.007392462673071523,0.007193563090847915,0.007226709742099047,346433,0.0,0.0
1975-09-23 00:00:00-04:00,0.007226707569745764,0.007293010689675673,0.0070609599351882935,0.0070609599351882935,120318,0.0,0.0
1975-09-24 00:00:00-04:00,0.007060958808603307,0.007293009526066699,0.007060958808603307,0.007193559780716896,209519,0.0,0.0
1975-09-25 00:00:00-04:00,0.007226709742099047,0.007359310775229239,0.007226709742099047,0.007226709742099047,165956,0.0,0.0
1975-09-26 00:00:00-04:00,0.007027806434504394,0.007027806434504394,0.006729457875144514,0.006895205471664667,489570,0.0,0.0
1975-09-29 00:00:00-04:00,0.006895210840921362,0.006895210840921362,0.006729463115334511,0.006729463115334511,120318,0.0,0.0
1975-09-30 00:00:00-04:00,0.00672946319779743,0.00672946319779743,0.006696311291307211,0.006696311291307211,97499,0.0,0.0
1975-10-01 00:00:00-04:00,0.006696311209250535,0.006795761025085948,0.006696311209250535,0.006729463115334511,105797,0.0,0.0
1975-10-02 00:00:00-04:00,0.00672946319779743,0.00672946319779743,0.006696311291307211,0.006696311291307211,159733,0.0,0.0
1975-10-03 00:00:00-04:00,0.00679576119979849,0.0068952110181906634,0.00679576119979849,0.006862064357846975,163882,0.0,0.0
1975-10-06 00:00:00-04:00,0.006961510173971157,0.0070609599351882935,0.006961510173971157,0.0070609599351882935,56010,0.0,0.0
1975-10-07 00:00:00-04:00,0.0070609599351882935,0.007127257808528627,0.007027808047311491,0.0070609599351882935,163882,0.0,0.0
1975-10-08 00:00:00-04:00,0.00706095906362314,0.0071272569287800375,0.00702780717983842,0.007027807179838419,105797,0.0,0.0
1975-10-09 00:00:00-04:00,0.00702780717983842,0.00706095906362314,0.0069615093146815216,0.007027807179838419,205371,0.0,0.0
1975-10-10 00:00:00-04:00,0.007060962057717723,0.007226709742099047,0.007060962057717723,0.007226709742099047,87127,0.0,0.0
1975-10-13 00:00:00-04:00,0.00722671011992511,0.00722671011992511,0.007127260323613882,0.007127260323613882,93350,0.0,0.0
1975-10-14 00:00:00-04:00,0.007127260323613882,0.0071935634669410085,0.007060962426878183,0.007127260323613882,128616,0.0,0.0
1975-10-15 00:00:00-04:00,0.007127257808528627,0.007226707569745764,0.0070609599351882935,0.0070609599351882935,143137,0.0,0.0
1975-10-16 00:00:00-04:00,0.007127260323613882,0.007392463059563463,0.007127260323613882,0.007127260323613882,587069,0.0,0.0
1975-10-17 00:00:00-04:00,0.0071272569287800375,0.0071272569287800375,0.00702780717983842,0.007027807179838419,159733,0.0,0.0
1975-10-20 00:00:00-04:00,0.007027810159875439,0.007226709742099047,0.007027810159875439,0.007226709742099047,78829,0.0,0.0
1975-10-21 00:00:00-04:00,0.007293010718719191,0.007458758353936732,0.007293010718719191,0.007392460480332375,302870,0.0,0.0
1975-10-22 00:00:00-04:00,0.007392459271416502,0.007392459271416502,0.007127256671365732,0.007193559780716896,184626,0.0,0.0
1975-10-23 00:00:00-04:00,0.007193563750688026,0.007392463351155989,0.007193563750688026,0.0073593114502727985,47712,0.0,0.0
1975-10-24 00:00:00-04:00,0.0073593150471983945,0.007392466964284855,0.007226713937095297,0.007293017115443945,112020,0.0,0.0
1975-10-27 00:00:00-05:00,0.007293017115443945,0.007293017115443945,0.007226713937095297,0.007293017115443945,56010,0.0,0.0
1975-10-28 00:00:00-05:00,0.007293013550922007,0.007458761250506781,0.007226710404979582,0.0073593114502727985,80904,0.0,0.0
1975-10-29 00:00:00-05:00,0.0073593150471983945,0.007392466964284855,0.007193567266603034,0.007293017115443945,661749,0.0,0.0
1975-10-30 00:00:00-05:00,0.007293013483275108,0.0076245147817853775,0.007226710337947684,0.00752506498247385,271753,0.0,0.0
1975-10-31 00:00:00-05:00,0.007578940596431494,0.007578940596431494,0.007477888410554232,0.007578940596431494,39415,0.02169,0.0
1975-11-03 00:00:00-05:00,0.0075789431257341465,0.007814733637310329,0.0075789431257341465,0.007747367490082979,159733,0.0,0.0
1975-11-04 00:00:00-05:00,0.007679992140199512,0.007679992140199512,0.00751157384365797,0.00751157384365797,132765,0.0,0.0
1975-11-05 00:00:00-05:00,0.00751157384365797,0.007679992140199512,0.00751157384365797,0.00751157384365797,72606,0.0,0.0
1975-11-06 00:00:00-05:00,0.00751157384365797,0.007646312079401884,0.00751157384365797,0.00751157384365797,116169,0.0,0.0
1975-11-07 00:00:00-05:00,0.007511574471686087,0.007646312718695203,0.007511574471686087,0.007578940596431494,43563,0.0,0.0
1975-11-10 00:00:00-05:00,0.007578940596431494,0.007679992782308755,0.007511574471686087,0.007578940596431494,109946,0.0,0.0
1975-11-11 00:00:00-05:00,0.007679997770971149,0.007814736105501652,0.007679997770971149,0.007814736105501652,130690,0.0,0.0
1975-11-12 00:00:00-05:00,0.007814733637310329,0.007915785856911507,0.007747367490082978,0.007747367490082979,112020,0.0,0.0
1975-11-13 00:00:00-05:00,0.007747367490082978,0.007915785856911507,0.007747367490082978,0.007747367490082979,186700,0.0,0.0
1975-11-14 00:00:00-05:00,0.007747367490082978,0.007814733637310329,0.007747367490082978,0.007747367490082979,37340,0.0,0.0
1975-11-17 00:00:00-05:00,0.007814733715595393,0.008151575783755968,0.007814733715595393,0.008084209635853767,253083,0.0,0.0
1975-11-18 00:00:00-05:00,0.00808420542275022,0.008151571535544406,0.007915781810879707,0.007915781810879707,157658,0.0,0.0
1975-11-19 00:00:00-05:00,0.007915781810879707,0.00805051936759451,0.007747363530135628,0.007915781810879707,309093,0.0,0.0
1975-11-20 00:00:00-05:00,0.0079157821869206,0.008050519750036138,0.007882101461291313,0.007882101461291313,267604,0.0,0.0
1975-11-21 00:00:00-05:00,0.00788210511566684,0.00788210511566684,0.007747367490082978,0.007747367490082979,174254,0.0,0.0
1975-11-24 00:00:00-05:00,0.007747367490082978,0.007747367490082978,0.007679995345335324,0.007747367490082979,103722,0.0,0.0
1975-11-25 00:00:00-05:00,0.007747363530135628,0.007983153254800325,0.007747363530135628,0.007915781810879707,89201,0.0,0.0
1975-11-26 00:00:00-05:00,0.00791578870260909,0.007983160205185413,0.00781473644667999,0.007983160205185413,128616,0.0,0.0
1975-11-28 00:00:00-05:00,0.00798316031988451,0.00805052649229765,0.007814736558959237,0.00805052649229765,68457,0.0,0.0
1975-12-01 00:00:00-05:00,0.00805051936759451,0.00805051936759451,0.007915781810879707,0.007915781810879707,172179,0.0,0.0
1975-12-02 00:00:00-05:00,0.0079157821869206,0.0079157821869206,0.0078147300141702,0.007882101461291313,105797,0.0,0.0
1975-12-03 00:00:00-05:00,0.00788210511566684,0.007915785856911507,0.007747367490082978,0.007747367490082979,163882,0.0,0.0
1975-12-04 00:00:00-05:00,0.007747363530135628,0.007915781810879707,0.007747363530135628,0.007915781810879707,101648,0.0,0.0
1975-12-05 00:00:00-05:00,0.007915781810879707,0.007915781810879707,0.007814729642929813,0.007915781810879707,168030,0.0,0.0
1975-12-08 00:00:00-05:00,0.007915785856911507,0.007915785856911507,0.007747367490082978,0.007747367490082979,89201,0.0,0.0
1975-12-09 00:00:00-05:00,0.007747367490082978,0.007814733637310329,0.007747367490082978,0.007747367490082979,56010,0.0,0.0
1975-12-10 00:00:00-05:00,0.007747364904572464,0.007814731029317871,0.007578940596431494,0.007578940596431494,126541,0.0,0.0
1975-12-11 00:00:00-05:00,0.0075789431257341465,0.007747367490082978,0.0075789431257341465,0.007747367490082979,203296,0.0,0.0
1975-12-12 00:00:00-05:00,0.007747371259504552,0.007747371259504552,0.0076463189907372,0.0076463189907372,80904,0.0,0.0
1975-12-15 00:00:00-05:00,0.007679997770971149,0.007814736105501652,0.007679997770971149,0.007814736105501652,80904,0.0,0.0
1975-12-16 00:00:00-05:00,0.007814736105501652,0.007814736105501652,0.007747369936997499,0.007814736105501652,56010,0.0,0.0
1975-12-17 00:00:00-05:00,0.007814733637310329,0.00788210511566684,0.007747367490082978,0.007747367490082979,190849,0.0,0.0
1975-12-18 00:00:00-05:00,0.007747370386546097,0.00805052649229765,0.007747370386546097,0.00805052649229765,72606,0.0,0.0
1975-12-19 00:00:00-05:00,0.00805051936759451,0.00805051936759451,0.007915781810879707,0.007915781810879707,31117,0.0,0.0
1975-12-22 00:00:00-05:00,0.0079157821869206,0.007983153634041713,0.007882101461291313,0.007882101461291313,151435,0.0,0.0
1975-12-23 00:00:00-05:00,0.007882101461291313,0.008050519750036138,0.007882101461291313,0.007882101461291313,211594,0.0,0.0
1975-12-24 00:00:00-05:00,0.007882101461291313,0.007882101461291313,0.007882101461291313,0.007882101461291313,64308,0.0,0.0
1975-12-26 00:00:00-05:00,0.007882107949256313,0.008050526376630661,0.007882107949256313,0.007983160205185413,39415,0.0,0.0
1975-12-29 00:00:00-05:00,0.007983153254800325,0.00808420542275022,0.007915781810879707,0.007915781810879707,60159,0.0,0.0
1975-12-30 00:00:00-05:00,0.0079157821869206,0.007983153634041713,0.007882101461291313,0.007882101461291313,70531,0.0,0.0
1975-12-31 00:00:00-05:00,0.007882108062503529,0.008084212577265493,0.007882108062503529,0.00805052649229765,78829,0.0,0.0
1976-01-02 00:00:00-05:00,0.00805052649229765,0.008084212577265493,0.00798316031988451,0.00805052649229765,47712,0.0,0.0
1976-01-05 00:00:00-05:00,0.008050523563142486,0.008151575783755968,0.008050523563142486,0.008084209635853767,103722,0.0,0.0
1976-01-06 00:00:00-05:00,0.00815157474671798,0.008387365230659114,0.00815157474671798,0.00831999909132719,294572,0.0,0.0
1976-01-07 00:00:00-05:00,0.008320002526837967,0.008589472526564244,0.008320002526837967,0.008421054109930992,340210,0.0,0.0
1976-01-08 00:00:00-05:00,0.00848841667175293,0.008656835003631192,0.00848841667175293,0.00848841667175293,545580,0.0,0.0
1976-01-09 00:00:00-05:00,0.00848841667175293,0.008589468203992692,0.00842104987211443,0.00848841667175293,80904,0.0,0.0
1976-01-12 00:00:00-05:00,0.008488420520364456,0.008589472098420549,0.00842105369018214,0.008555786684155464,143137,0.0,0.0
1976-01-13 00:00:00-05:00,0.008555782805000422,0.008589468203992692,0.008319998339874667,0.00848841667175293,224041,0.0,0.0
1976-01-14 00:00:00-05:00,0.008488416340182842,0.008724206127226353,0.008488416340182842,0.008724206127226353,228189,0.0,0.0
1976-01-15 00:00:00-05:00,0.008724210423524342,0.008892628831762749,0.008555786684155464,0.008555786684155464,141063,0.0,0.0
1976-01-16 00:00:00-05:00,0.008555781141868547,0.008656833320856094,0.008555781141868547,0.008656833320856094,122393,0.0,0.0
1976-01-19 00:00:00-05:00,0.00865683484698743,0.008892624638974667,0.00858946804856792,0.008892624638974667,277976,0.0,0.0
1976-01-20 00:00:00-05:00,0.008892624638974667,0.008892624638974667,0.00865683484698743,0.008892624638974667,199147,0.0,0.0
1976-01-21 00:00:00-05:00,0.008892629151244762,0.008926315233111382,0.008757896818822272,0.008926315233111382,176328,0.0,0.0
1976-01-22 00:00:00-05:00,0.008926304260947496,0.009061041758882058,0.00889261822048757,0.008993670344352722,221966,0.0,0.0
1976-01-23 00:00:00-05:00,0.008993681865752817,0.009229471789612368,0.008993681865752817,0.00916210561990738,128616,0.0,0.0
1976-01-26 00:00:00-05:00,0.009162099056946591,0.009296837297363678,0.009061046876013279,0.009061046876013279,267604,0.0,0.0
1976-01-27 00:00:00-05:00,0.009061048298933389,0.009162100495735638,0.00882525850694615,0.008892624638974667,408667,0.0,0.0
1976-01-28 00:00:00-05:00,0.008926304260947496,0.009061041758882058,0.008926304260947496,0.008993670344352722,174254,0.0,0.0
1976-01-29 00:00:00-05:00,0.009061047081558263,0.00929683750825744,0.009061047081558263,0.009229465387761593,114095,0.0,0.0
1976-01-30 00:00:00-05:00,0.009229474389827,0.009296846576035023,0.009229474389827,0.009296846576035023,271753,0.0,0.0
1976-02-02 00:00:00-05:00,0.00929683750825744,0.00929683750825744,0.009229465387761593,0.009229465387761593,284200,0.0,0.0
1976-02-03 00:00:00-05:00,0.009284069051424515,0.009420600988060938,0.009284069051424515,0.009352331981062889,184626,0.02169,0.0
1976-02-04 00:00:00-05:00,0.009352328696926732,0.009352328696926732,0.009181668394079526,0.009215802885591984,105797,0.0,0.0
1976-02-05 00:00:00-05:00,0.009215800218899046,0.009284063104813804,0.00911339744925499,0.00911339744925499,109946,0.0,0.0
1976-02-06 00:00:00-05:00,0.009113400086316562,0.009284065791259358,0.009113400086316562,0.009215802885591984,128616,0.0,0.0
1976-02-09 00:00:00-05:00,0.009215802885591984,0.009284065791259358,0.009215802885591984,0.009215802885591984,85052,0.0,0.0
1976-02-10 00:00:00-05:00,0.009215802885591984,0.009284065791259358,0.009215802885591984,0.009215802885591984,89201,0.0,0.0
1976-02-11 00:00:00-05:00,0.009215803693082855,0.009522995911538601,0.009215803693082855,0.009522995911538601,263455,0.0,0.0
1976-02-12 00:00:00-05:00,0.00959126331259581,0.009864326566457748,0.00959126331259581,0.009864326566457748,568399,0.0,0.0
1976-02-13 00:00:00-05:00,0.009864323357292417,0.009864323357292417,0.009693657613034621,0.009796055033802986,153509,0.0,0.0
1976-02-17 00:00:00-05:00,0.009796055404007246,0.009864323730076617,0.009693657979369164,0.009693657979369164,149360,0.0,0.0
1976-02-18 00:00:00-05:00,0.009693657979369164,0.009796055404007246,0.009591260554731083,0.009693657979369164,315316,0.0,0.0
1976-02-19 00:00:00-05:00,0.009693657979369164,0.009796055404007246,0.009591260554731083,0.009693657979369164,1815143,0.0,0.0
1976-02-20 00:00:00-05:00,0.009693660059925557,0.009932588785886765,0.009693660059925557,0.009932588785886765,365103,0.0,0.0
1976-02-23 00:00:00-05:00,0.009932589510058357,0.01010325598510125,0.009864326566457748,0.009864326566457748,336061,0.0,0.0
1976-02-24 00:00:00-05:00,0.009932589319526036,0.010103255791295113,0.009932589319526036,0.010034986771643162,219892,0.0,0.0
1976-02-25 00:00:00-05:00,0.010034985567547259,0.010103254579007626,0.010034985567547259,0.010103254579007626,234413,0.0,0.0
1976-02-26 00:00:00-05:00,0.010103254579007626,0.01030804878340635,0.010034985567547259,0.010103254579007626,516538,0.0,0.0
1976-02-27 00:00:00-05:00,0.010103254579007626,0.010205651343575872,0.00993258812771678,0.010103254579007626,213668,0.0,0.0
1976-03-01 00:00:00-05:00,0.010103255248486598,0.010103255248486598,0.009932588785886765,0.009932588785886765,184626,0.0,0.0
1976-03-02 00:00:00-05:00,0.009932589319526036,0.010137384223760287,0.009864326377234885,0.010034986771643162,219892,0.0,0.0
1976-03-03 00:00:00-05:00,0.010103254579007626,0.010137383007377737,0.010103254579007626,0.010103254579007626,95425,0.0,0.0
1976-03-04 00:00:00-05:00,0.010103254579007626,0.010137383007377737,0.010034985567547259,0.010103254579007626,207445,0.0,0.0
1976-03-05 00:00:00-05:00,0.010103255791295113,0.010103255791295113,0.009796058032845245,0.010034986771643162,304944,0.0,0.0
1976-03-08 00:00:00-05:00,0.010034986232502477,0.010034986232502477,0.009796057506541268,0.009932588785886765,1174139,0.0,0.0
1976-03-09 00:00:00-05:00,0.009932592824311288,0.01003499031256009,0.009932592824311288,0.00996672734618187,232338,0.0,0.0
1976-03-10 00:00:00-05:00,0.009966726083650427,0.010273918509483337,0.009966726083650427,0.010273918509483337,300795,0.0,0.0
1976-03-11 00:00:00-05:00,0.010273916182294836,0.010273916182294836,0.010137384220397032,0.010205652564764023,823557,0.0,0.0
1976-03-12 00:00:00-05:00,0.01020565487648984,0.010273918509483337,0.010137386516659097,0.010273918509483337,489570,0.0,0.0
1976-03-15 00:00:00-05:00,0.010273918509483337,0.010273918509483337,0.010137386516659097,0.010273918509483337,240636,0.0,0.0
1976-03-16 00:00:00-05:00,0.010273918509483337,0.01044458434459172,0.010273918509483337,0.010273918509483337,692866,0.0,0.0
1976-03-17 00:00:00-05:00,0.010273916714200889,0.010478710953707589,0.010273916714200889,0.01030805055052042,290423,0.0,0.0
1976-03-18 00:00:00-05:00,0.010308047721885318,0.010376310648955908,0.010137381963431835,0.010137381963431835,112020,0.0,0.0
1976-03-19 00:00:00-05:00,0.010137386516659097,0.010273918509483337,0.010137386516659097,0.010273918509483337,199147,0.0,0.0
1976-03-22 00:00:00-05:00,0.010273918509483337,0.01037631530949851,0.010273918509483337,0.010273918509483337,194998,0.0,0.0
1976-03-23 00:00:00-05:00,0.01027391322859939,0.010376309975981712,0.01027391322859939,0.010376309975981712,101648,0.0,0.0
1976-03-24 00:00:00-05:00,0.010376309716374462,0.010478707136456997,0.010308046795439072,0.01044457871466875,323614,0.0,0.0
1976-03-25 00:00:00-05:00,0.010308050016847176,0.010308050016847176,0.010137384220397032,0.010205652564764023,740579,0.0,0.0
1976-03-26 00:00:00-05:00,0.010137387800808889,0.010137387800808889,0.00996672734618187,0.00996672734618187,120318,0.0,0.0
1976-03-29 00:00:00-05:00,0.00993259465471354,0.00993259465471354,0.009693665787577525,0.009761934168636799,232338,0.0,0.0
1976-03-30 00:00:00-05:00,0.009761934168636799,0.009796063294696383,0.009761934168636799,0.009761934168636799,194998,0.0,0.0
1976-03-31 00:00:00-05:00,0.009761925936524054,0.009864323357292417,0.009761925936524054,0.009796055033802986,232338,0.0,0.0
1976-04-01 00:00:00-05:00,0.009796055033802986,0.009932586278685014,0.009761925936524054,0.009796055033802986,427337,0.0,0.0
1976-04-02 00:00:00-05:00,0.009796057506541268,0.009932588785886765,0.009761928400647405,0.009932588785886765,184626,0.0,0.0
1976-04-05 00:00:00-05:00,0.009932589319526036,0.010034986771643162,0.009932589319526036,0.010034986771643162,367178,0.0,0.0
1976-04-06 00:00:00-05:00,0.010034984534146228,0.01027391389493246,0.010034984534146228,0.010137381963431835,389997,0.0,0.0
1976-04-07 00:00:00-05:00,0.010103255248486598,0.010103255248486598,0.009932588785886765,0.009932588785886765,120318,0.0,0.0
1976-04-08 00:00:00-05:00,0.009932588785886765,0.010034986232502477,0.009932588785886765,0.009932588785886765,124467,0.0,0.0
1976-04-09 00:00:00-05:00,0.009932588785886765,0.010103255248486598,0.009932588785886765,0.009932588785886765,232338,0.0,0.0
1976-04-12 00:00:00-05:00,0.009932589319526036,0.010103255791295113,0.009932589319526036,0.010034986771643162,180477,0.0,0.0
1976-04-13 00:00:00-05:00,0.010034984534146228,0.01027391389493246,0.010034984534146228,0.010137381963431835,228189,0.0,0.0
1976-04-14 00:00:00-05:00,0.010137384745234486,0.010444582519486822,0.010137384745234486,0.01030805055052042,271753,0.0,0.0
1976-04-15 00:00:00-05:00,0.01030805055052042,0.01030805055052042,0.010137384745234486,0.01030805055052042,132765,0.0,0.0
1976-04-19 00:00:00-05:00,0.010308050016847176,0.010308050016847176,0.010205652564764023,0.010205652564764023,533134,0.0,0.0
1976-04-20 00:00:00-05:00,0.010205653093135897,0.01030805055052042,0.010205653093135897,0.01030805055052042,176328,0.0,0.0
1976-04-21 00:00:00-05:00,0.010376313300256174,0.010546979777579605,0.010376313300256174,0.010478710755705833,197073,0.0,0.0
1976-04-22 00:00:00-05:00,0.01047870884105958,0.010649375287199218,0.01047870884105958,0.010615240782499313,448081,0.0,0.0
1976-04-23 00:00:00-05:00,0.01061524899852523,0.010649383529644695,0.010444588497657094,0.010546986013650894,255157,0.0,0.0
1976-04-26 00:00:00-04:00,0.010546979777579605,0.01061524272209238,0.010478710755705833,0.010478710755705833,72606,0.0,0.0
1976-04-27 00:00:00-04:00,0.010478707136456997,0.010615239055686676,0.01044457871466875,0.01044457871466875,89201,0.0,0.0
1976-04-28 00:00:00-04:00,0.01044457871466875,0.010478707136456997,0.01044457871466875,0.01044457871466875,136914,0.0,0.0
1976-04-29 00:00:00-04:00,0.01044457871466875,0.010478707136456997,0.01044457871466875,0.01044457871466875,356805,0.0,0.0
1976-04-30 00:00:00-04:00,0.010444582322129945,0.01061524272209238,0.010444582322129945,0.010478710755705833,80904,0.0,0.0
1976-05-03 00:00:00-04:00,0.010499415919184685,0.01056849487182492,0.010499415919184685,0.010499415919184685,97499,0.02169,0.0
1976-05-04 00:00:00-04:00,0.01056849687880711,0.010672109177982022,0.01056849687880711,0.01060303021222353,165956,0.0,0.0
1976-05-05 00:00:00-04:00,0.010603028055027218,0.010775719284826422,0.010568494728636637,0.010741179808974266,199147,0.0,0.0
1976-05-06 00:00:00-04:00,0.010741179808974266,0.010775719284826422,0.010741179808974266,0.010741179808974266,68457,0.0,0.0
1976-05-07 00:00:00-04:00,0.010741179808974266,0.01084479208706916,0.010741179808974266,0.010741179808974266,163882,0.0,0.0
1976-05-10 00:00:00-04:00,0.01074117305151232,0.01098293624818325,0.01074117305151232,0.01098293624818325,885790,0.0,0.0
1976-05-11 00:00:00-04:00,0.01098294554999701,0.01098294554999701,0.010741182148568793,0.01077572163194418,253083,0.0,0.0
1976-05-12 00:00:00-04:00,0.010775727143141246,0.010844799995756103,0.010568502435830615,0.010672114789485931,1510199,0.0,0.0
1976-05-13 00:00:00-04:00,0.010672108445064001,0.01074118125661602,0.010430344380438328,0.010430344380438328,275902,0.0,0.0
1976-05-14 00:00:00-04:00,0.010430345278621552,0.010430345278621552,0.01008496957546908,0.010154042392969131,230264,0.0,0.0
1976-05-17 00:00:00-04:00,0.010223121382296085,0.01043034530143884,0.010223121382296085,0.010223121382296085,294572,0.0,0.0
1976-05-18 00:00:00-04:00,0.010223121382296085,0.010395806501155447,0.010223121382296085,0.010223121382296085,161807,0.0,0.0
1976-05-19 00:00:00-04:00,0.010257653810638274,0.010603029484049578,0.010257653810638274,0.010430344380438328,344359,0.0,0.0
1976-05-20 00:00:00-04:00,0.010430345096752953,0.01060303021222353,0.010430345096752953,0.01060303021222353,402443,0.0,0.0
1976-05-21 00:00:00-04:00,0.010603035787405013,0.010741187642100788,0.010568502435830615,0.010672114789485931,132765,0.0,0.0
1976-05-24 00:00:00-04:00,0.010603028605512117,0.010603028605512117,0.010257652960717678,0.010257652960717678,118244,0.0,0.0
1976-05-25 00:00:00-04:00,0.01025765817668,0.010499421660935624,0.01025765817668,0.010395810008049011,373401,0.0,0.0
1976-05-26 00:00:00-04:00,0.010395804721837251,0.010499416322037911,0.010257652960717678,0.010257652960717678,284200,0.0,0.0
1976-05-27 00:00:00-04:00,0.010257654598321873,0.010326732881367207,0.010223121264625257,0.010326732881367207,168030,0.0,0.0
1976-05-28 00:00:00-04:00,0.010395804322959508,0.010499415919184685,0.010395804322959508,0.010499415919184685,182552,0.0,0.0
1976-06-01 00:00:00-04:00,0.010499417913048618,0.01060303021222353,0.010430345096752953,0.01060303021222353,300795,0.0,0.0
1976-06-02 00:00:00-04:00,0.010603029169855713,0.010672108128823157,0.010568495839834213,0.010568495839834213,76755,0.0,0.0
1976-06-03 00:00:00-04:00,0.01056849687880711,0.010741181994277687,0.01056849687880711,0.01060303021222353,174254,0.0,0.0
1976-06-04 00:00:00-04:00,0.010603029169855713,0.010672108128823157,0.010568495839834213,0.010568495839834213,2404287,0.0,0.0
1976-06-07 00:00:00-04:00,0.010568495277328645,0.010603028605512117,0.010257652960717678,0.010257652960717678,757174,0.0,0.0
1976-06-08 00:00:00-04:00,0.010326736483823125,0.010430348819983629,0.010326736483823125,0.010395810008049011,280051,0.0,0.0
1976-06-09 00:00:00-04:00,0.010395805583204716,0.010499417191990348,0.010326732088379097,0.010430344380438328,159733,0.0,0.0
1976-06-10 00:00:00-04:00,0.010430344380438328,0.01056849615300477,0.010395805583204716,0.010430344380438328,462602,0.0,0.0
1976-06-11 00:00:00-04:00,0.010430344380438328,0.01056849615300477,0.010395805583204716,0.010430344380438328,280051,0.0,0.0
1976-06-14 00:00:00-04:00,0.010430345096752953,0.01060303021222353,0.010395806297147354,0.01060303021222353,170105,0.0,0.0
1976-06-15 00:00:00-04:00,0.010603029169855713,0.010603029169855713,0.010568495839834213,0.010568495839834213,155584,0.0,0.0
1976-06-16 00:00:00-04:00,0.01056849615300477,0.01056849615300477,0.010430344380438328,0.010430344380438328,80904,0.0,0.0
1976-06-17 00:00:00-04:00,0.010430348819983629,0.010568500651352642,0.010395810008049011,0.010395810008049011,95425,0.0,0.0
1976-06-18 00:00:00-04:00,0.010430345096752953,0.010672109177982022,0.010430345096752953,0.01060303021222353,446007,0.0,0.0
1976-06-21 00:00:00-04:00,0.010603029169855713,0.010672108128823157,0.01049941688086677,0.010568495839834213,163882,0.0,0.0
1976-06-22 00:00:00-04:00,0.010568495839834213,0.010672108128823157,0.010568495839834213,0.010568495839834213,298721,0.0,0.0
1976-06-23 00:00:00-04:00,0.01056849687880711,0.01060303021222353,0.01056849687880711,0.01060303021222353,313242,0.0,0.0
1976-06-24 00:00:00-04:00,0.010672107741533451,0.010913865640759468,0.010672107741533451,0.010913865640759468,782068,0.0,0.0
1976-06-25 00:00:00-04:00,0.010982939538007032,0.01115562456143147,0.010982939538007032,0.011017479002475739,686643,0.0,0.0
1976-06-28 00:00:00-04:00,0.011086555350927322,0.011259240429942382,0.011086555350927322,0.011190167628228664,566325,0.0,0.0
1976-06-29 00:00:00-04:00,0.011190171254294723,0.011673698788084226,0.011155631767514915,0.01153554767370224,867120,0.0,0.0
1976-06-30 00:00:00-04:00,0.01153554767370224,0.011604619814524611,0.011431935362826337,0.01153554767370224,520687,0.0,0.0
1976-07-01 00:00:00-04:00,0.011535544396376662,0.011673695471509002,0.011501004919409752,0.011501004919409752,344359,0.0,0.0
1976-07-02 00:00:00-04:00,0.011501008066682502,0.011501008066682502,0.011431935243308544,0.011431935243308544,153509,0.0,0.0
1976-07-06 00:00:00-04:00,0.011431935243308544,0.011501008066682502,0.01132832293351588,0.011431935243308544,134839,0.0,0.0
1976-07-07 00:00:00-04:00,0.01136284968673749,0.01136284968673749,0.011086552403867245,0.011086552403867245,182552,0.0,0.0
1976-07-08 00:00:00-04:00,0.011086555350927322,0.01132831938111763,0.011086555350927322,0.011190167628228664,248934,0.0,0.0
1976-07-09 00:00:00-04:00,0.011259240879564925,0.011535544396376662,0.011259240879564925,0.011501004919409752,327763,0.0,0.0
1976-07-12 00:00:00-04:00,0.011501008186922432,0.011604619814524611,0.011501008186922432,0.01153554767370224,105797,0.0,0.0
1976-07-13 00:00:00-04:00,0.011535548934934048,0.01177731170335119,0.011535548934934048,0.0116737000644207,423188,0.0,0.0
1976-07-14 00:00:00-04:00,0.01167370059005328,0.011949997395277023,0.01167370059005328,0.011949997395277023,560101,0.0,0.0
1976-07-15 00:00:00-04:00,0.011949997395277023,0.01201907637949977,0.011777312233649098,0.011949997395277023,159733,0.0,0.0
1976-07-16 00:00:00-04:00,0.011949997400351894,0.012053610410539376,0.011949997400351894,0.012019076384603977,389997,0.0,0.0
1976-07-19 00:00:00-04:00,0.012019076384603977,0.012053610410539376,0.011949997400351894,0.012019076384603977,221966,0.0,0.0
1976-07-20 00:00:00-04:00,0.012019066517143715,0.012226291000843048,0.01194998758960432,0.012226291000843048,651377,0.0,0.0
1976-07-21 00:00:00-04:00,0.012226288634959174,0.012295362082946152,0.012191749177873135,0.012191749177873135,371326,0.0,0.0
1976-07-22 00:00:00-04:00,0.012191751537073352,0.012295364462196288,0.012191751537073352,0.012226291000843048,443932,0.0,0.0
1976-07-23 00:00:00-04:00,0.012226289591176226,0.012364440597593784,0.01219175013138886,0.012364440597593784,416964,0.0,0.0
1976-07-26 00:00:00-04:00,0.012364449455329829,0.012433522958202424,0.012295371852815151,0.012295371852815151,267604,0.0,0.0
1976-07-27 00:00:00-04:00,0.012295362082946152,0.012364439630571954,0.012191749177873135,0.012191749177873135,176328,0.0,0.0
1976-07-28 00:00:00-04:00,0.012191758153320851,0.012191758153320851,0.01212268602102995,0.01212268602102995,132765,0.0,0.0
1976-07-29 00:00:00-04:00,0.012122686933251005,0.012191759070739522,0.012053607963025572,0.01205360796302557,147286,0.0,0.0
1976-07-30 00:00:00-04:00,0.012053607056002646,0.01212268602102995,0.012053607056002646,0.01212268602102995,184626,0.0,0.0
1976-08-02 00:00:00-04:00,0.01212268602102995,0.012191758153320851,0.012019073039678115,0.01212268602102995,298721,0.0,0.0
1976-08-03 00:00:00-04:00,0.012073805751670733,0.012318074703216553,0.012073805751670733,0.012318074703216553,244785,0.02169,0.0
1976-08-04 00:00:00-04:00,0.012318093847338498,0.012492573913475696,0.012318093847338498,0.012422780506312847,344359,0.0,0.0
1976-08-05 00:00:00-04:00,0.01242276716216321,0.01242276716216321,0.011794652025142746,0.011829543858766556,543506,0.0,0.0
1976-08-06 00:00:00-04:00,0.011829545692143591,0.011969128236043085,0.011794653853112146,0.011899339035153389,116169,0.0,0.0
1976-08-09 00:00:00-04:00,0.01196913011220633,0.012143610045313835,0.01196913011220633,0.012143610045313835,207445,0.0,0.0
1976-08-10 00:00:00-04:00,0.012143600431070229,0.012318074703216553,0.012143600431070229,0.012318074703216553,147286,0.0,0.0
1976-08-11 00:00:00-04:00,0.01231808224659815,0.012492562148416259,0.012248294427990913,0.012248294427990913,502017,0.0,0.0
1976-08-12 00:00:00-04:00,0.01224829662447142,0.01224829662447142,0.012143610045313835,0.012143610045313835,182552,0.0,0.0
1976-08-13 00:00:00-04:00,0.012143609271970503,0.012248295844461316,0.012143609271970503,0.01217850111424923,97499,0.0,0.0
1976-08-16 00:00:00-04:00,0.012248286927346176,0.012318074703216553,0.012248286927346176,0.012318074703216553,209519,0.0,0.0
1976-08-17 00:00:00-04:00,0.012318083671139258,0.012318083671139258,0.012073814541758416,0.01217850111424923,97499,0.0,0.0
1976-08-18 00:00:00-04:00,0.012178501889814584,0.012318084455593669,0.012143610045313835,0.012143610045313835,327763,0.0,0.0
1976-08-19 00:00:00-04:00,0.01214360491749913,0.012248291452451295,0.012073810212314129,0.012073810212314129,128616,0.0,0.0
1976-08-20 00:00:00-04:00,0.011899336226977574,0.011899336226977574,0.01155038271099329,0.01155038271099329,192924,0.0,0.0
1976-08-23 00:00:00-04:00,0.011550381658907089,0.011550381658907089,0.011201426794001578,0.011306112632155418,234413,0.0,0.0
1976-08-24 00:00:00-04:00,0.011306115196288142,0.011445698416542282,0.011271217837929726,0.011271217837929726,168030,0.0,0.0
1976-08-25 00:00:00-04:00,0.011271215281711431,0.011445695820753247,0.011201426794001578,0.011306112632155418,116169,0.0,0.0
1976-08-26 00:00:00-04:00,0.01130610940110226,0.0114456925498101,0.011201423592865467,0.011201423592865467,238562,0.0,0.0
1976-08-27 00:00:00-04:00,0.011201430628976947,0.011375905014574528,0.01109674475498235,0.011375905014574528,219892,0.0,0.0
1976-08-30 00:00:00-04:00,0.011480588003747946,0.011620171205059947,0.011480588003747946,0.01155038271099329,118244,0.0,0.0
1976-08-31 00:00:00-04:00,0.011620174734893466,0.01179465465247631,0.011620174734893466,0.01179465465247631,271753,0.0,0.0
1976-09-01 00:00:00-04:00,0.01179465465247631,0.01179465465247631,0.01165507209911683,0.01179465465247631,194998,0.0,0.0
1976-09-02 00:00:00-04:00,0.011794656184417463,0.011794656184417463,0.01165507361292839,0.01165507361292839,105797,0.0,0.0
1976-09-03 00:00:00-04:00,0.01165507209911683,0.01179465465247631,0.01165507209911683,0.01179465465247631,342284,0.0,0.0
1976-09-07 00:00:00-04:00,0.011794656184417463,0.011794656184417463,0.011620176244172406,0.01165507361292839,80904,0.0,0.0
1976-09-08 00:00:00-04:00,0.011655069027887875,0.011794651544465946,0.011480588465929031,0.011480588465929031,118244,0.0,0.0
1976-09-09 00:00:00-04:00,0.011480586958019113,0.011480586958019113,0.011271215281711431,0.011306112632155418,161807,0.0,0.0
1976-09-10 00:00:00-04:00,0.011201423592865467,0.011201423592865467,0.011096737784628675,0.011201423592865467,105797,0.0,0.0
1976-09-13 00:00:00-04:00,0.011271215281711431,0.011306112632155418,0.011271215281711431,0.011306112632155418,338135,0.0,0.0
1976-09-14 00:00:00-04:00,0.011306112349243438,0.011445695534348488,0.011306112349243438,0.011445695534348488,149360,0.0,0.0
1976-09-15 00:00:00-04:00,0.011480591491180588,0.01179465465247631,0.011480591491180588,0.01179465465247631,161807,0.0,0.0
1976-09-16 00:00:00-04:00,0.011794656184417463,0.011794656184417463,0.01165507361292839,0.01165507361292839,342284,0.0,0.0
1976-09-17 00:00:00-04:00,0.01165507209911683,0.01189933984161243,0.01165507209911683,0.01179465465247631,126541,0.0,0.0
1976-09-20 00:00:00-04:00,0.011794653853112146,0.011969128236043085,0.011794653853112146,0.011899339035153389,715685,0.0,0.0
1976-09-21 00:00:00-04:00,0.011899339035153389,0.011899339035153389,0.011829545692143591,0.011899339035153389,406592,0.0,0.0
1976-09-22 00:00:00-04:00,0.011899332258092058,0.012073806541654152,0.011899332258092058,0.012004018761217594,192924,0.0,0.0
1976-09-23 00:00:00-04:00,0.012004022410660798,0.012073810212314129,0.011899335875708633,0.012073810212314129,385848,0.0,0.0
1976-09-24 00:00:00-04:00,0.012073804414354038,0.012073804414354038,0.011969119310379028,0.011969119310379028,72606,0.0,0.0
1976-09-27 00:00:00-04:00,0.01196913011220633,0.01224829662447142,0.01196913011220633,0.012143610045313835,242711,0.0,0.0
1976-09-28 00:00:00-04:00,0.012143608141800828,0.012143608141800828,0.011899339035153389,0.011899339035153389,288349,0.0,0.0
1976-09-29 00:00:00-04:00,0.011899330161532802,0.012004016646213483,0.011829536870569562,0.011969119310379028,149360,0.0,0.0
1976-09-30 00:00:00-04:00,0.011969119310379028,0.011969119310379028,0.011899330161532802,0.011969119310379028,89201,0.0,0.0
1976-10-01 00:00:00-04:00,0.011969130601834625,0.011969130601834625,0.01165507361292839,0.01165507361292839,454304,0.0,0.0
1976-10-04 00:00:00-04:00,0.01165507361292839,0.011724861446905493,0.01165507361292839,0.01165507361292839,105797,0.0,0.0
1976-10-05 00:00:00-04:00,0.01162017323076725,0.01162017323076725,0.011550384724534589,0.01162017323076725,120318,0.0,0.0
1976-10-06 00:00:00-04:00,0.011620169855846324,0.011620169855846324,0.011445695534348488,0.011445695534348488,118244,0.0,0.0
1976-10-07 00:00:00-04:00,0.01144569885859571,0.01162017323076725,0.01144569885859571,0.01162017323076725,124467,0.0,0.0
1976-10-08 00:00:00-04:00,0.011620170146616942,0.011655067497060929,0.011306112632155418,0.011306112632155418,153509,0.0,0.0
1976-10-11 00:00:00-04:00,0.011306111100610923,0.011306111100610923,0.011131636798381805,0.011131636798381805,78829,0.0,0.0
1976-10-12 00:00:00-04:00,0.011131636798381805,0.011201425276637996,0.011131636798381805,0.011131636798381805,153509,0.0,0.0
1976-10-13 00:00:00-04:00,0.011131638306291724,0.011306112632155418,0.011131638306291724,0.011306112632155418,132765,0.0,0.0
1976-10-14 00:00:00-04:00,0.011306111100610923,0.011306111100610923,0.01109673945266507,0.011131636798381805,354731,0.0,0.0
1976-10-15 00:00:00-04:00,0.011131629081131179,0.011201417511004981,0.010957149377039769,0.011096731759607792,109946,0.0,0.0
1976-10-18 00:00:00-04:00,0.011096737784628675,0.011271212060631215,0.011026943794039509,0.011201423592865467,311167,0.0,0.0
1976-10-19 00:00:00-04:00,0.01120142933439242,0.011271217837929726,0.01120142933439242,0.011271217837929726,47712,0.0,0.0
1976-10-20 00:00:00-04:00,0.011271214999672685,0.011445695534348488,0.011201426513709143,0.011445695534348488,338135,0.0,0.0
1976-10-21 00:00:00-04:00,0.011445695820753247,0.011445695820753247,0.011306112632155418,0.011306112632155418,80904,0.0,0.0
1976-10-22 00:00:00-04:00,0.011306112632155418,0.011306112632155418,0.011271215281711431,0.011306112632155418,275902,0.0,0.0
1976-10-25 00:00:00-04:00,0.011306112349243438,0.011480586670741276,0.011271214999672685,0.011445695534348488,477123,0.0,0.0
1976-10-26 00:00:00-04:00,0.011445697324080411,0.011620171672860318,0.011445697324080411,0.011480588465929031,244785,0.0,0.0
1976-10-27 00:00:00-04:00,0.011445699739357757,0.011445699739357757,0.01127121914057993,0.011375905014574528,145211,0.0,0.0
1976-10-28 00:00:00-04:00,0.01137590083520698,0.011445695534348488,0.011306112349243438,0.011445695534348488,76755,0.0,0.0
1976-10-29 00:00:00-04:00,0.011445695534348488,0.011445695534348488,0.01137590083520698,0.011445695534348488,53936,0.0,0.0
1976-11-01 00:00:00-05:00,0.01130610940110226,0.01130610940110226,0.011201423592865467,0.011201423592865467,128616,0.0,0.0
1976-11-03 00:00:00-05:00,0.011095403742380399,0.011095403742380399,0.01084805279970169,0.01084805279970169,64308,0.0241,0.0
1976-11-04 00:00:00-05:00,0.010848049326770534,0.01102473121136427,0.010848049326770534,0.01102473121136427,292497,0.0,0.0
1976-11-05 00:00:00-05:00,0.011024734506821227,0.011095403506842473,0.010812721215188503,0.010812721215188503,109946,0.0,0.0
1976-11-08 00:00:00-05:00,0.010812721215188503,0.010848052569414634,0.010812721215188503,0.010812721215188503,45638,0.0,0.0
1976-11-09 00:00:00-05:00,0.010742045007646084,0.010742045007646084,0.010636039069931852,0.010742045007646084,53936,0.0,0.0
1976-11-10 00:00:00-05:00,0.010742049755424183,0.010742049755424183,0.010494699428826556,0.010565374046564102,172179,0.0,0.0
1976-11-11 00:00:00-05:00,0.010494694113731384,0.010494694113731384,0.01045936276479586,0.010494694113731384,35266,0.0,0.0
1976-11-12 00:00:00-05:00,0.010494694113731384,0.010494694113731384,0.010494694113731384,0.010494694113731384,56010,0.0,0.0
1976-11-15 00:00:00-05:00,0.010494702350706327,0.010671383701264858,0.010459370974040271,0.010671383701264858,292497,0.0,0.0
1976-11-16 00:00:00-05:00,0.010671377150113537,0.01084805279970169,0.010671377150113537,0.01084805279970169,147286,0.0,0.0
1976-11-17 00:00:00-05:00,0.010848049326770534,0.01102473121136427,0.010812717983105471,0.01102473121136427,255157,0.0,0.0
1976-11-18 00:00:00-05:00,0.011024725071134438,0.011236737482249737,0.010989387455583585,0.011236737482249737,475049,0.0,0.0
1976-11-19 00:00:00-05:00,0.011236748231730577,0.011342754888229348,0.011095404624938965,0.011095404624938965,138988,0.0,0.0
1976-11-22 00:00:00-05:00,0.011095409928911457,0.011236753603270014,0.011095409928911457,0.011166078969836235,47712,0.0,0.0
1976-11-23 00:00:00-05:00,0.011166073632081608,0.011272085881086706,0.011095404624938965,0.011095404624938965,122393,0.0,0.0
1976-11-24 00:00:00-05:00,0.011166068751988398,0.011413418907175218,0.011166068751988398,0.011342749930918217,238562,0.0,0.0
1976-11-26 00:00:00-05:00,0.011342754888229348,0.01144876154472812,0.011024735617796324,0.011095404624938965,528985,0.0,0.0
1976-11-29 00:00:00-05:00,0.011166062950210652,0.01127207509780059,0.011166062950210652,0.011236737482249737,45638,0.0,0.0
1976-11-30 00:00:00-05:00,0.011236737482249737,0.011236737482249737,0.011095394010672546,0.011236737482249737,116169,0.0,0.0
1976-12-01 00:00:00-05:00,0.011236743320749282,0.011342749930918217,0.011166068751988398,0.011342749930918217,122393,0.0,0.0
1976-12-02 00:00:00-05:00,0.011342752025911023,0.011342752025911023,0.01123674539616279,0.011272083036601543,72606,0.0,0.0
1976-12-03 00:00:00-05:00,0.011342755266317237,0.011413424275815487,0.011342755266317237,0.011413424275815487,85052,0.0,0.0
1976-12-06 00:00:00-05:00,0.011413421942309812,0.011448759585618973,0.011342752947260032,0.011448759585618973,68457,0.0,0.0
1976-12-07 00:00:00-05:00,0.011448762321650778,0.011625437997281551,0.011448762321650778,0.011625437997281551,149360,0.0,0.0
1976-12-08 00:00:00-05:00,0.011625440916633386,0.011802122928202152,0.011625440916633386,0.011802122928202152,134839,0.0,0.0
1976-12-09 00:00:00-05:00,0.01194345675980131,0.012120132334530354,0.01194345675980131,0.012120132334530354,531059,0.0,0.0
1976-12-10 00:00:00-05:00,0.012120141741922153,0.012120141741922153,0.011943466030061247,0.011943466030061245,56010,0.0,0.0
1976-12-13 00:00:00-05:00,0.011943466030061247,0.012049472016428576,0.011943466030061247,0.011943466030061245,89201,0.0,0.0
1976-12-14 00:00:00-05:00,0.011943466030061247,0.012049472016428576,0.011943466030061247,0.011943466030061245,190849,0.0,0.0
1976-12-15 00:00:00-05:00,0.011943464620927602,0.011978796683251858,0.011943464620927602,0.011978796683251858,168030,0.0,0.0
1976-12-16 00:00:00-05:00,0.011978796683251858,0.012049470594787958,0.011943464620927602,0.011978796683251858,259306,0.0,0.0
1976-12-17 00:00:00-05:00,0.01197879465833348,0.012049468557922731,0.011696112342178822,0.011696112342178822,56010,0.0,0.0
1976-12-20 00:00:00-05:00,0.011625437595880068,0.011625437595880068,0.011413424275815487,0.011413424275815487,89201,0.0,0.0
1976-12-21 00:00:00-05:00,0.01141342439610807,0.011802119681369702,0.01141342439610807,0.011766782030463219,327763,0.0,0.0
1976-12-22 00:00:00-05:00,0.011766775592568755,0.012296813501762907,0.011766775592568755,0.012120132334530354,304944,0.0,0.0
1976-12-23 00:00:00-05:00,0.012120142469730592,0.012296823784708977,0.012120142469730592,0.012296823784708977,209519,0.0,0.0
1976-12-27 00:00:00-05:00,0.012296833178409764,0.012579516507685184,0.012296833178409764,0.012579516507685184,138988,0.0,0.0
1976-12-28 00:00:00-05:00,0.012579497399998163,0.012579497399998163,0.012473490089178085,0.012473490089178085,389997,0.0,0.0
1976-12-29 00:00:00-05:00,0.01247349901752935,0.01247349901752935,0.012332155369222164,0.012332155369222164,199147,0.0,0.0
1976-12-30 00:00:00-05:00,0.01233214654204265,0.012473490089178085,0.01233214654204265,0.012473490089178085,103722,0.0,0.0
1976-12-31 00:00:00-05:00,0.012473490089178085,0.012473490089178085,0.012402821810925347,0.012473490089178085,116169,0.0,0.0
1977-01-03 00:00:00-05:00,0.012473490089178085,0.012508827723619434,0.012402821810925347,0.012473490089178085,302870,0.0,0.0
1977-01-04 00:00:00-05:00,0.01247349901752935,0.01247349901752935,0.012332155369222164,0.012332155369222164,103722,0.0,0.0
1977-01-05 00:00:00-05:00,0.012296823938605556,0.012296823938605556,0.012049472890794277,0.012049472890794277,149360,0.0,0.0
1977-01-06 00:00:00-05:00,0.012049472890794277,0.012226148615475595,0.011943466896734659,0.012049472890794277,319465,0.0,0.0
1977-01-07 00:00:00-05:00,0.012049462663889086,0.012155469966102742,0.012049462663889086,0.012120132334530354,151435,0.0,0.0
1977-01-10 00:00:00-05:00,0.012120140311943665,0.012155477966775114,0.011978796683251858,0.011978796683251858,120318,0.0,0.0
1977-01-11 00:00:00-05:00,0.01197879896579138,0.012120142621415978,0.01197879896579138,0.012049472890794277,105797,0.0,0.0
1977-01-12 00:00:00-05:00,0.011978795640113145,0.011978795640113145,0.011625437997281551,0.011625437997281551,101648,0.0,0.0
1977-01-13 00:00:00-05:00,0.011625435219027692,0.011766779500695792,0.011448759585618973,0.011448759585618973,244785,0.0,0.0
1977-01-14 00:00:00-05:00,0.011448759585618973,0.011590103867287073,0.011413421942309812,0.011448759585618973,89201,0.0,0.0
1977-01-17 00:00:00-05:00,0.011448759340162895,0.01159010361880064,0.011413421697611358,0.01159010361880064,217817,0.0,0.0
1977-01-18 00:00:00-05:00,0.011590100785168023,0.011590100785168023,0.011342749930918217,0.011342749930918217,209519,0.0,0.0
1977-01-19 00:00:00-05:00,0.011342749930918217,0.011413418907175218,0.011342749930918217,0.011342749930918217,379624,0.0,0.0
1977-01-20 00:00:00-05:00,0.011342749930918217,0.011519425517344153,0.011272080954661217,0.011342749930918217,346433,0.0,0.0
1977-01-21 00:00:00-05:00,0.011342755266317237,0.011413424275815487,0.011236748606284945,0.011413424275815487,95425,0.0,0.0
1977-01-24 00:00:00-05:00,0.011413424474669295,0.011590106438847959,0.011413424474669295,0.01151943113654852,267604,0.0,0.0
1977-01-25 00:00:00-05:00,0.011625437044463009,0.011696112342178822,0.011625437044463009,0.011696112342178822,450156,0.0,0.0
1977-01-26 00:00:00-05:00,0.011766782030463219,0.011943463294362418,0.011766782030463219,0.011766782030463219,238562,0.0,0.0
1977-01-27 00:00:00-05:00,0.011766782030463219,0.011872787992549452,0.011766782030463219,0.011766782030463219,68457,0.0,0.0
1977-01-28 00:00:00-05:00,0.011696112342178822,0.011696112342178822,0.011625437044463009,0.011696112342178822,72606,0.0,0.0
1977-01-31 00:00:00-05:00,0.011696113020220146,0.011766782030463219,0.011590106359070592,0.011766782030463219,313242,0.0,0.0
1977-02-01 00:00:00-05:00,0.011766782030463219,0.011766782030463219,0.01162543771840718,0.011766782030463219,22819,0.0,0.0
1977-02-02 00:00:00-05:00,0.0117667680606246,0.011909830694216328,0.0117667680606246,0.0117667680606246,47712,0.0241,0.0
1977-02-03 00:00:00-05:00,0.0117667680606246,0.01183830256144869,0.011731007178269007,0.0117667680606246,159733,0.0,0.0
1977-02-04 00:00:00-05:00,0.011766764073550028,0.011909826658666134,0.011766764073550028,0.011909826658666134,95425,0.0,0.0
1977-02-07 00:00:00-05:00,0.011909826658666134,0.012017121297928052,0.011909826658666134,0.011909826658666134,452230,0.0,0.0
1977-02-08 00:00:00-05:00,0.011909826658666134,0.011909826658666134,0.011838298550135228,0.011909826658666134,51861,0.0,0.0
1977-02-09 00:00:00-05:00,0.011909830694216328,0.011909830694216328,0.0117667680606246,0.0117667680606246,564250,0.0,0.0
1977-02-10 00:00:00-05:00,0.011766757336084245,0.011838291771709919,0.011766757336084245,0.011838291771709919,553878,0.0,0.0
1977-02-11 00:00:00-05:00,0.011838298550135228,0.011945593896958736,0.011838298550135228,0.011909826658666134,143137,0.0,0.0
1977-02-14 00:00:00-05:00,0.011909831505907423,0.011945598758757114,0.011909831505907423,0.011945598758757114,128616,0.0,0.0
1977-02-15 00:00:00-05:00,0.011945596380819684,0.012088658288121223,0.011945596380819684,0.012088658288121223,524836,0.0,0.0
1977-02-16 00:00:00-05:00,0.012088655774513254,0.012124417352313148,0.011909826658666134,0.011909826658666134,340210,0.0,0.0
1977-02-17 00:00:00-05:00,0.011909829135089962,0.012088658288121223,0.011909829135089962,0.012088658288121223,143137,0.0,0.0
1977-02-18 00:00:00-05:00,0.01208866069453712,0.01208866069453712,0.011945598758757114,0.011945598758757114,120318,0.0,0.0
1977-02-22 00:00:00-05:00,0.011945598758757114,0.01208866069453712,0.011945598758757114,0.011945598758757114,47712,0.0,0.0
1977-02-23 00:00:00-05:00,0.011945598758757114,0.012017126188837735,0.011945598758757114,0.011945598758757114,128616,0.0,0.0
1977-02-24 00:00:00-05:00,0.011945595987676964,0.012017123401165009,0.011945595987676964,0.012017123401165009,97499,0.0,0.0
1977-02-25 00:00:00-05:00,0.012017123401165009,0.012017123401165009,0.011945595987676964,0.012017123401165009,151435,0.0,0.0
1977-02-28 00:00:00-05:00,0.012017123796661776,0.012088658288121223,0.012017123796661776,0.012088658288121223,118244,0.0,0.0
1977-03-01 00:00:00-05:00,0.012088658288121223,0.012124419873357061,0.012088658288121223,0.012088658288121223,112020,0.0,0.0
1977-03-02 00:00:00-05:00,0.01208866069453712,0.01208866069453712,0.011945598758757114,0.011945598758757114,448081,0.0,0.0
1977-03-03 00:00:00-05:00,0.011945596380819684,0.012088658288121223,0.011945596380819684,0.012088658288121223,31117,0.0,0.0
1977-03-04 00:00:00-05:00,0.012088658288121223,0.012124419873357061,0.012017123796661776,0.012088658288121223,68457,0.0,0.0
1977-03-07 00:00:00-05:00,0.0120886539147528,0.012195948537508142,0.0120886539147528,0.01212441548705101,180477,0.0,0.0
1977-03-08 00:00:00-05:00,0.01212441548705101,0.012195948537508142,0.0120886539147528,0.01212441548705101,259306,0.0,0.0
1977-03-09 00:00:00-05:00,0.012124414535198223,0.012267476379512237,0.012124414535198223,0.012195947580039501,120318,0.0,0.0
1977-03-10 00:00:00-05:00,0.012195947580039501,0.012374770993844188,0.012195947580039501,0.012195947580039501,259306,0.0,0.0
1977-03-11 00:00:00-05:00,0.012195947580039501,0.012195947580039501,0.012195947580039501,0.012195947580039501,76755,0.0,0.0
1977-03-14 00:00:00-05:00,0.01226747501641512,0.012303242242422918,0.01226747501641512,0.01226747501641512,161807,0.0,0.0
1977-03-15 00:00:00-05:00,0.012303253073413128,0.012482076624772619,0.012303253073413128,0.01244631502777338,300795,0.0,0.0
1977-03-16 00:00:00-05:00,0.012446313526345605,0.012732433155179024,0.012446313526345605,0.012732433155179024,873343,0.0,0.0
1977-03-17 00:00:00-05:00,0.012625134550035,0.012625134550035,0.012553607133491478,0.012625134550035,145211,0.0,0.0
1977-03-18 00:00:00-05:00,0.012553608044981956,0.012553608044981956,0.012446311959443939,0.012553608044981956,89201,0.0,0.0
1977-03-21 00:00:00-05:00,0.012553611139762586,0.012553611139762586,0.01244631502777338,0.01244631502777338,85052,0.0,0.0
1977-03-22 00:00:00-05:00,0.01244631465365692,0.01244631465365692,0.012374780140817165,0.012374780140817165,72606,0.0,0.0
1977-03-23 00:00:00-05:00,0.012374780140817165,0.01244631465365692,0.012303252703596881,0.012374780140817165,186700,0.0,0.0
1977-03-24 00:00:00-05:00,0.012303249026388324,0.012303249026388324,0.012088658288121223,0.012088658288121223,209519,0.0,0.0
1977-03-25 00:00:00-05:00,0.012088657890270176,0.012195952548310806,0.012017123401165009,0.012017123401165009,145211,0.0,0.0
1977-03-28 00:00:00-05:00,0.012017118505743423,0.012195947580039501,0.012017118505743423,0.012195947580039501,294572,0.0,0.0
1977-03-29 00:00:00-05:00,0.012195947580039501,0.012195947580039501,0.01208865296570755,0.012195947580039501,85052,0.0,0.0
1977-03-30 00:00:00-05:00,0.012195947580039501,0.012303243609494299,0.012195947580039501,0.012195947580039501,72606,0.0,0.0
1977-03-31 00:00:00-05:00,0.012195948537508142,0.012195948537508142,0.0120886539147528,0.01212441548705101,412815,0.0,0.0
1977-04-01 00:00:00-05:00,0.01212441548705101,0.01212441548705101,0.0120886539147528,0.01212441548705101,118244,0.0,0.0
1977-04-04 00:00:00-05:00,0.012124419474329063,0.012124419474329063,0.011945595987676964,0.012017123401165009,182552,0.0,0.0
1977-04-05 00:00:00-05:00,0.012017123401165009,0.012124419474329063,0.011909828743124379,0.012017123401165009,443932,0.0,0.0
1977-04-06 00:00:00-05:00,0.012017123796661776,0.012088658288121223,0.012017123796661776,0.012088658288121223,103722,0.0,0.0
1977-04-07 00:00:00-05:00,0.012088657890270176,0.012124419474329063,0.012017123401165009,0.012017123401165009,116169,0.0,0.0
1977-04-11 00:00:00-05:00,0.012017123796661776,0.012088658288121223,0.011945596380819684,0.012088658288121223,217817,0.0,0.0
1977-04-12 00:00:00-05:00,0.01208865296570755,0.012267476379512237,0.01208865296570755,0.012195947580039501,101648,0.0,0.0
1977-04-13 00:00:00-05:00,0.01226747501641512,0.01226747501641512,0.01226747501641512,0.01226747501641512,72606,0.0,0.0
1977-04-14 00:00:00-05:00,0.01226748266217394,0.012446311828055489,0.01226748266217394,0.012303249910473824,176328,0.0,0.0
1977-04-15 00:00:00-05:00,0.012374780140817165,0.01244631465365692,0.012374780140817165,0.012374780140817165,398294,0.0,0.0
1977-04-18 00:00:00-05:00,0.012374780140817165,0.01244631465365692,0.012303252703596881,0.012374780140817165,103722,0.0,0.0
1977-04-19 00:00:00-05:00,0.012374777331455724,0.012374777331455724,0.01226748266217394,0.012303249910473824,147286,0.0,0.0
1977-04-20 00:00:00-05:00,0.012303252703596881,0.01244631465365692,0.012303252703596881,0.012374780140817165,97499,0.0,0.0
1977-04-21 00:00:00-05:00,0.01237476961882506,0.01237476961882506,0.01226747501641512,0.01226747501641512,506166,0.0,0.0
1977-04-22 00:00:00-05:00,0.01226747501641512,0.012303242242422918,0.012195946224890286,0.01226747501641512,39415,0.0,0.0
1977-04-25 00:00:00-04:00,0.01226748266217394,0.012374777331455724,0.01226748266217394,0.012303249910473824,228189,0.0,0.0
1977-04-26 00:00:00-04:00,0.012303249910473824,0.012303249910473824,0.01226748266217394,0.012303249910473824,97499,0.0,0.0
1977-04-27 00:00:00-04:00,0.012303252703596881,0.01244631465365692,0.012267485447177005,0.012374780140817165,126541,0.0,0.0
1977-04-28 00:00:00-04:00,0.012374780140817165,0.01244631465365692,0.012303252703596881,0.012374780140817165,68457,0.0,0.0
1977-04-29 00:00:00-04:00,0.012374777331455724,0.012374777331455724,0.01226748266217394,0.012303249910473824,255157,0.0,0.0
1977-05-02 00:00:00-04:00,0.01237477615251983,0.012482072226703169,0.01237477615251983,0.012482072226703167,128616,0.0,0.0
1977-05-03 00:00:00-04:00,0.012590602971613407,0.012699142948581637,0.012590602971613407,0.012590602971613407,333986,0.0241,0.0
1977-05-04 00:00:00-04:00,0.012699139922082315,0.012771496549248695,0.012699139922082315,0.012771496549248695,217817,0.0,0.0
1977-05-05 00:00:00-04:00,0.012771497801364457,0.012880037763106344,0.012699141167104244,0.012699141167104244,145211,0.0,0.0
1977-05-06 00:00:00-04:00,0.012699141167104244,0.012771497801364457,0.012699141167104244,0.012699141167104244,64308,0.0,0.0
1977-05-09 00:00:00-04:00,0.012699141167104244,0.012771497801364457,0.012699141167104244,0.012699141167104244,89201,0.0,0.0
1977-05-10 00:00:00-04:00,0.012699141167104244,0.012771497801364457,0.012699141167104244,0.012699141167104244,443932,0.0,0.0
1977-05-11 00:00:00-04:00,0.012699139922082315,0.01288003650034934,0.012699139922082315,0.012771496549248695,138988,0.0,0.0
1977-05-12 00:00:00-04:00,0.012771496549248695,0.01288003650034934,0.012771496549248695,0.012771496549248695,346433,0.0,0.0
1977-05-13 00:00:00-04:00,0.012771496549248695,0.01280767844165408,0.012771496549248695,0.012771496549248695,157658,0.0,0.0
1977-05-16 00:00:00-04:00,0.012771493752821727,0.012880033680156633,0.012771493752821727,0.012807675637304783,159733,0.0,0.0
1977-05-17 00:00:00-04:00,0.01280767844165408,0.01288003650034934,0.012771496549248695,0.012771496549248695,416964,0.0,0.0
1977-05-18 00:00:00-04:00,0.012807674555402195,0.013060934841632843,0.012807674555402195,0.013060934841632843,188775,0.0,0.0
1977-05-19 00:00:00-04:00,0.013060934841632843,0.013133291446843949,0.013060934841632843,0.013060934841632843,665898,0.0,0.0
1977-05-20 00:00:00-04:00,0.013133294067379979,0.013241834007203579,0.013133294067379979,0.013241834007203579,410741,0.0,0.0
1977-05-23 00:00:00-04:00,0.013241831070854969,0.013241831070854969,0.013133291155099869,0.013133291155099869,186700,0.0,0.0
1977-05-24 00:00:00-04:00,0.013133291446843949,0.0132056494835835,0.013060934841632843,0.013060934841632843,217817,0.0,0.0
1977-05-25 00:00:00-04:00,0.013060933761363162,0.013133290360589656,0.012952393852174282,0.012952393852174282,302870,0.0,0.0
1977-05-26 00:00:00-04:00,0.012952393852174282,0.0130247518829291,0.012952393852174282,0.012952393852174282,251008,0.0,0.0
1977-05-27 00:00:00-04:00,0.012952398853631234,0.012952398853631234,0.012771496549248695,0.012771496549248695,236487,0.0,0.0
1977-05-31 00:00:00-04:00,0.012771497801364457,0.012771497801364457,0.012699141167104244,0.012699141167104244,240636,0.0,0.0
1977-06-01 00:00:00-04:00,0.012699141167104244,0.012771497801364457,0.012590601205362359,0.012699141167104244,439783,0.0,0.0
1977-06-02 00:00:00-04:00,0.012699132160804438,0.012699132160804438,0.012264969758689404,0.012264969758689404,232338,0.0,0.0
1977-06-03 00:00:00-04:00,0.012264965833697624,0.012409686110913754,0.012228789701094341,0.012409686110913754,597442,0.0,0.0
1977-06-06 00:00:00-04:00,0.012409699381085942,0.012409699381085942,0.012228802777826786,0.012228802777826786,45638,0.0,0.0
1977-06-07 00:00:00-04:00,0.012228802777826786,0.012228802777826786,0.012084082345855493,0.012228802777826786,47712,0.0,0.0
1977-06-08 00:00:00-04:00,0.012084081782683682,0.012084081782683682,0.012047899886965752,0.012047899886965752,450156,0.0,0.0
1977-06-09 00:00:00-04:00,0.012047897192789144,0.012047897192789144,0.011903176084160805,0.011903176084160805,170105,0.0,0.0
1977-06-10 00:00:00-04:00,0.011903178745974567,0.012047899886965752,0.011903178745974567,0.012047899886965752,80904,0.0,0.0
1977-06-13 00:00:00-04:00,0.012047898944778604,0.012228801251576032,0.012047898944778604,0.012084080837666988,273827,0.0,0.0
1977-06-14 00:00:00-04:00,0.012084077747536982,0.012228798124438256,0.012047895863900999,0.01215643435716629,60159,0.0,0.0
1977-06-15 00:00:00-04:00,0.012156433142914437,0.012337335385382175,0.012156433142914437,0.012337335385382175,45638,0.0,0.0
1977-06-16 00:00:00-04:00,0.012337335385382175,0.01244587529933443,0.012337335385382175,0.012337335385382175,298721,0.0,0.0
1977-06-17 00:00:00-04:00,0.012337335385382175,0.01251823190173636,0.012337335385382175,0.012337335385382175,201222,0.0,0.0
1977-06-20 00:00:00-04:00,0.012337342548177796,0.012590602971613407,0.012337342548177796,0.012590602971613407,170105,0.0,0.0
1977-06-21 00:00:00-04:00,0.012590602971613407,0.012626779146524898,0.012590602971613407,0.012590602971613407,163882,0.0,0.0
1977-06-22 00:00:00-04:00,0.012590588246843346,0.012590588246843346,0.012409686110913754,0.012409686110913754,78829,0.0,0.0
1977-06-23 00:00:00-04:00,0.012409702508292429,0.012518241070210934,0.012337344421366385,0.012518241070210934,178403,0.0,0.0
1977-06-24 00:00:00-04:00,0.012590601205362359,0.012699141167104244,0.012590601205362359,0.012699141167104244,489570,0.0,0.0
1977-06-27 00:00:00-04:00,0.012771496549248695,0.01288003650034934,0.012771496549248695,0.012771496549248695,873343,0.0,0.0
1977-06-28 00:00:00-04:00,0.012771496549248695,0.01288003650034934,0.012771496549248695,0.012771496549248695,103722,0.0,0.0
1977-06-29 00:00:00-04:00,0.012699141167104244,0.012699141167104244,0.012626777375198937,0.012699141167104244,528985,0.0,0.0
1977-06-30 00:00:00-04:00,0.012699142948581637,0.012699142948581637,0.012518239169556668,0.012590602971613407,95425,0.0,0.0
1977-07-01 00:00:00-04:00,0.012699141167104244,0.012771497801364457,0.012699141167104244,0.012699141167104244,284200,0.0,0.0
1977-07-05 00:00:00-04:00,0.012699135575161795,0.012771492177560474,0.012590595661214418,0.012626771815121174,331912,0.0,0.0
1977-07-06 00:00:00-04:00,0.012626777375198937,0.012771497801364457,0.012590601205362359,0.012699141167104244,234413,0.0,0.0
1977-07-07 00:00:00-04:00,0.012771493752821727,0.012880033680156633,0.012771493752821727,0.012807675637304783,184626,0.0,0.0
1977-07-08 00:00:00-04:00,0.012880031526834486,0.0130247518829291,0.012880031526834486,0.012952393852174282,242711,0.0,0.0
1977-07-11 00:00:00-04:00,0.012952393852174282,0.0130247518829291,0.012880031526834486,0.012952393852174282,136914,0.0,0.0
1977-07-12 00:00:00-04:00,0.012952393852174282,0.012952393852174282,0.012880031526834486,0.012952393852174282,226115,0.0,0.0
1977-07-13 00:00:00-04:00,0.012880033680156633,0.012880033680156633,0.012771493752821727,0.012807675637304783,120318,0.0,0.0
1977-07-15 00:00:00-04:00,0.012771496549248695,0.012771496549248695,0.012699139922082315,0.012771496549248695,120318,0.0,0.0
1977-07-18 00:00:00-04:00,0.012771496549248695,0.01280767844165408,0.012699139922082315,0.012771496549248695,221966,0.0,0.0
1977-07-19 00:00:00-04:00,0.012771492177560474,0.012807674057580784,0.012590595661214418,0.012626771815121174,105797,0.0,0.0
1977-07-20 00:00:00-04:00,0.012626771815688614,0.012626771815688614,0.01226497305686669,0.012337335385382175,163882,0.0,0.0
1977-07-21 00:00:00-04:00,0.012264968946493763,0.012264968946493763,0.011903169593157872,0.011975533328950405,186700,0.0,0.0
1977-07-22 00:00:00-04:00,0.01197553148458885,0.01197553148458885,0.01179462861484411,0.011866992339491844,257232,0.0,0.0
1977-07-25 00:00:00-04:00,0.011866996163254451,0.011903171595360104,0.011613735929131508,0.011613735929131508,178403,0.0,0.0
1977-07-26 00:00:00-04:00,0.011505203790609857,0.011505203790609857,0.011251944117248058,0.011251944117248058,398294,0.0,0.0
1977-07-27 00:00:00-04:00,0.011251943527930384,0.011251943527930384,0.010926325805485249,0.010926325805485249,124467,0.0,0.0
1977-07-28 00:00:00-04:00,0.010926324561152953,0.01128812413662672,0.010817785332698776,0.01128812413662672,439783,0.0,0.0
1977-07-29 00:00:00-04:00,0.011288124239254285,0.01143283891725585,0.011179585009813309,0.011179585009813309,124467,0.0,0.0
1977-08-01 00:00:00-04:00,0.011179583151975417,0.011288122363379203,0.011107219383120537,0.011107219383120537,105797,0.0,0.0
1977-08-02 00:00:00-04:00,0.011253831908106804,0.011253831908106804,0.011070547580547546,0.011253831908106804,105797,0.0241,0.0
1977-08-03 00:00:00-04:00,0.01125382384842918,0.011400455121609155,0.010887249654143442,0.011143852025270462,257232,0.0,0.0
1977-08-04 00:00:00-04:00,0.011143858202501251,0.011143858202501251,0.011033887043595314,0.011033887043595314,163882,0.0,0.0
1977-08-05 00:00:00-04:00,0.011033885902261462,0.011217175982892513,0.011033885902261462,0.011217175982892513,466751,0.0,0.0
1977-08-08 00:00:00-04:00,0.011217170925312974,0.011217170925312974,0.011070539652133,0.011143852025270462,39415,0.0,0.0
1977-08-09 00:00:00-04:00,0.011143868488772014,0.011217187497133069,0.01107055600732565,0.01107055600732565,454304,0.0,0.0
1977-08-10 00:00:00-04:00,0.011070544643599672,0.01125382892253473,0.011033885902261462,0.011217175982892513,170105,0.0,0.0
1977-08-11 00:00:00-04:00,0.011217178958740786,0.011253831908106804,0.011217178958740786,0.011253831908106804,199147,0.0,0.0
1977-08-12 00:00:00-04:00,0.011217177143185701,0.011217177143185701,0.011033887043595314,0.011033887043595314,122393,0.0,0.0
1977-08-15 00:00:00-04:00,0.011033887043595314,0.011070545788725466,0.011033887043595314,0.011033887043595314,80904,0.0,0.0
1977-08-16 00:00:00-04:00,0.011033884590565476,0.011033884590565476,0.010887253268704003,0.010960571467876434,109946,0.0,0.0
1977-08-17 00:00:00-04:00,0.010887254224373914,0.010887254224373914,0.010520679876208305,0.010520679876208305,367178,0.0,0.0
1977-08-18 00:00:00-04:00,0.010593999177217484,0.01070397105791088,0.010593999177217484,0.010593999177217484,145211,0.0,0.0
1977-08-19 00:00:00-04:00,0.01059399808181652,0.01066731048572892,0.010484026212494023,0.010520679876208305,568399,0.0,0.0
1977-08-22 00:00:00-04:00,0.010520680964028296,0.010593999177217484,0.010484027296524088,0.010593999177217484,80904,0.0,0.0
1977-08-23 00:00:00-04:00,0.010703973243719212,0.010850604623556137,0.010703973243719212,0.010850604623556137,199147,0.0,0.0
1977-08-24 00:00:00-04:00,0.010850604623556137,0.010887257573333023,0.010777285670182777,0.010850604623556137,134839,0.0,0.0
1977-08-25 00:00:00-04:00,0.01085059770994613,0.01085059770994613,0.010667306970208783,0.010777278803288937,300795,0.0,0.0
1977-08-26 00:00:00-04:00,0.010777278803288937,0.01085059770994613,0.010667306970208783,0.010777278803288937,155584,0.0,0.0
1977-08-29 00:00:00-04:00,0.010777278803288937,0.010777278803288937,0.010667306970208783,0.010777278803288937,103722,0.0,0.0
1977-08-30 00:00:00-04:00,0.010777286771734748,0.010887258686125278,0.010777286771734748,0.010887258686125278,161807,0.0,0.0
1977-08-31 00:00:00-04:00,0.010887255689135077,0.011033887043595314,0.010850602745701517,0.011033887043595314,163882,0.0,0.0
1977-09-01 00:00:00-04:00,0.011033885902261462,0.01125382892253473,0.011033885902261462,0.011217175982892513,470900,0.0,0.0
1977-09-02 00:00:00-04:00,0.011253837806074564,0.01132715679705143,0.011253837806074564,0.01132715679705143,51861,0.0,0.0
1977-09-06 00:00:00-04:00,0.011327150860658285,0.011327150860658285,0.011253831908106804,0.011253831908106804,80904,0.0,0.0
1977-09-07 00:00:00-04:00,0.011253837806074564,0.01132715679705143,0.011253837806074564,0.01132715679705143,753025,0.0,0.0
1977-09-08 00:00:00-04:00,0.01132715679705143,0.01132715679705143,0.011217184837499275,0.01132715679705143,62233,0.0,0.0
1977-09-09 00:00:00-04:00,0.01132715679705143,0.01132715679705143,0.011217184837499275,0.01132715679705143,263455,0.0,0.0
1977-09-12 00:00:00-04:00,0.011327150860658285,0.011327150860658285,0.011217178958740786,0.011253831908106804,356805,0.0,0.0
1977-09-13 00:00:00-04:00,0.01125382892253473,0.01125382892253473,0.011217175982892513,0.011217175982892513,85052,0.0,0.0
1977-09-14 00:00:00-04:00,0.011217178958740786,0.011327150860658285,0.011217178958740786,0.011253831908106804,360954,0.0,0.0
1977-09-15 00:00:00-04:00,0.011253831908106804,0.011327150860658285,0.011253831908106804,0.011253831908106804,541431,0.0,0.0
1977-09-16 00:00:00-04:00,0.011253837806074564,0.01132715679705143,0.011253837806074564,0.01132715679705143,80904,0.0,0.0
1977-09-19 00:00:00-04:00,0.011253830086619261,0.011253830086619261,0.011033887043595314,0.011033887043595314,883716,0.0,0.0
1977-09-20 00:00:00-04:00,0.011033887043595314,0.011070545788725466,0.011033887043595314,0.011033887043595314,101648,0.0,0.0
1977-09-21 00:00:00-04:00,0.011033890080949472,0.011070548836170863,0.010887258686125278,0.010887258686125278,516538,0.0,0.0
1977-09-22 00:00:00-04:00,0.010887257573333023,0.010887257573333023,0.010777285670182777,0.010850604623556137,201222,0.0,0.0
1977-09-23 00:00:00-04:00,0.010777278803288937,0.010777278803288937,0.01070396642353738,0.010777278803288937,514464,0.0,0.0
1977-09-26 00:00:00-04:00,0.010777285670182777,0.010850604623556137,0.010777285670182777,0.010850604623556137,105797,0.0,0.0
1977-09-27 00:00:00-04:00,0.010887253268704003,0.010960571467876434,0.010887253268704003,0.010960571467876434,553878,0.0,0.0
1977-09-28 00:00:00-04:00,0.010850604679075235,0.010850604679075235,0.010667313821613789,0.010667313821613789,315316,0.0,0.0
1977-09-29 00:00:00-04:00,0.010667313821613789,0.010667313821613789,0.010667313821613789,0.010667313821613789,20744,0.0,0.0
1977-09-30 00:00:00-04:00,0.010667314857344217,0.010887258686125278,0.010667314857344217,0.010887258686125278,126541,0.0,0.0
1977-10-03 00:00:00-04:00,0.010887257573333023,0.011033888953169946,0.010777285670182777,0.010850604623556137,188775,0.0,0.0
1977-10-04 00:00:00-04:00,0.010887258686125278,0.011033890080949472,0.010887258686125278,0.010887258686125278,80904,0.0,0.0
1977-10-05 00:00:00-04:00,0.010887255689135077,0.011033887043595314,0.010887255689135077,0.011033887043595314,85052,0.0,0.0
1977-10-06 00:00:00-04:00,0.011033885902261462,0.01125382892253473,0.011033885902261462,0.011217175982892513,97499,0.0,0.0
1977-10-07 00:00:00-04:00,0.011253831908106804,0.011327150860658285,0.011253831908106804,0.011253831908106804,70531,0.0,0.0
1977-10-10 00:00:00-04:00,0.01125382892253473,0.01125382892253473,0.011217175982892513,0.011217175982892513,53936,0.0,0.0
1977-10-11 00:00:00-04:00,0.011217170925312974,0.01125382384842918,0.011070539652133,0.011143852025270462,62233,0.0,0.0
1977-10-12 00:00:00-04:00,0.011143868488772014,0.011217187497133069,0.01107055600732565,0.01107055600732565,114095,0.0,0.0
1977-10-13 00:00:00-04:00,0.011070543327545734,0.011070543327545734,0.010960571467876434,0.010960571467876434,53936,0.0,0.0
1977-10-14 00:00:00-04:00,0.01096056782897428,0.011143852025270462,0.01096056782897428,0.011143852025270462,87127,0.0,0.0
1977-10-17 00:00:00-04:00,0.011143857049792098,0.011217175982892513,0.011070544643599672,0.011217175982892513,72606,0.0,0.0
1977-10-18 00:00:00-04:00,0.011217178958740786,0.011253831908106804,0.011217178958740786,0.011253831908106804,72606,0.0,0.0
1977-10-19 00:00:00-04:00,0.011253831908106804,0.011400463286300044,0.011253831908106804,0.011253831908106804,64308,0.0,0.0
1977-10-20 00:00:00-04:00,0.011253831908106804,0.011400463286300044,0.011217178958740786,0.011253831908106804,138988,0.0,0.0
1977-10-21 00:00:00-04:00,0.01125382892253473,0.011400460261827571,0.011217175982892513,0.011217175982892513,56010,0.0,0.0
1977-10-24 00:00:00-04:00,0.011217187497133069,0.011253840474398905,0.011033897228357865,0.01107055600732565,153509,0.0,0.0
1977-10-25 00:00:00-04:00,0.011033888953169946,0.011033888953169946,0.010850604623556137,0.010850604623556137,176328,0.0,0.0
1977-10-26 00:00:00-04:00,0.010850604679075235,0.010850604679075235,0.010520683166238802,0.010667313821613789,346433,0.0,0.0
1977-10-27 00:00:00-04:00,0.010667311588710262,0.01070397105791088,0.010593999177217484,0.010593999177217484,284200,0.0,0.0
1977-10-28 00:00:00-04:00,0.010594002488375803,0.010703974403440952,0.010594002488375803,0.010703974403440952,748876,0.0,0.0
1977-10-31 00:00:00-05:00,0.010703973298488044,0.010777285725326725,0.010594001394775107,0.010667313821613789,174254,0.0,0.0
1977-11-01 00:00:00-05:00,0.010741636094993368,0.010741636094993368,0.010630131657119629,0.010667296126484871,124467,0.0241,0.0
1977-11-02 00:00:00-05:00,0.010667295263220808,0.010741635225713253,0.010667295263220808,0.010741635225713253,80904,0.0,0.0
1977-11-03 00:00:00-05:00,0.010667299906971456,0.010667299906971456,0.010630135424435139,0.010630135424435139,236487,0.0,0.0
1977-11-04 00:00:00-05:00,0.010667295263220808,0.010741635225713253,0.010667295263220808,0.010741635225713253,138988,0.0,0.0
1977-11-07 00:00:00-05:00,0.010741638360657453,0.010853142822050105,0.010667298376468903,0.010815972462296486,145211,0.0,0.0
1977-11-08 00:00:00-05:00,0.010815970180953592,0.010927474618827331,0.010667296126484871,0.010667296126484871,95425,0.0,0.0
1977-11-09 00:00:00-05:00,0.010815970865945232,0.011001816019415855,0.010815970865945232,0.011001816019415855,192924,0.0,0.0
1977-11-10 00:00:00-05:00,0.011001818209962221,0.011187656782567501,0.010927477486625271,0.011187656782567501,398294,0.0,0.0
1977-11-11 00:00:00-05:00,0.011224820007730925,0.011410658474357967,0.011224820007730925,0.011373494751751423,95425,0.0,0.0
1977-11-14 00:00:00-05:00,0.011373493597610997,0.011484997989845121,0.011373493597610997,0.011410657316446304,309093,0.0,0.0
1977-11-15 00:00:00-05:00,0.011410658474357967,0.011410658474357967,0.011373494751751423,0.011373494751751423,93350,0.0,0.0
1977-11-16 00:00:00-05:00,0.011373493597610997,0.011484997989845121,0.011373493597610997,0.011410657316446304,226115,0.0,0.0
1977-11-17 00:00:00-05:00,0.011410666257409049,0.011596511468663204,0.011410666257409049,0.011559341102838516,128616,0.0,0.0
1977-11-18 00:00:00-05:00,0.011559341102838516,0.011596511468663204,0.011485006989058426,0.011559341102838516,176328,0.0,0.0
1977-11-21 00:00:00-05:00,0.011559344521276183,0.011596514898093243,0.011485010385513306,0.011485010385513306,47712,0.0,0.0
1977-11-22 00:00:00-05:00,0.011484997989845121,0.011559332045379836,0.011410657316446304,0.011410657316446304,89201,0.0,0.0
1977-11-23 00:00:00-05:00,0.011410657664902587,0.011596502736210823,0.011410657664902587,0.011596502736210823,105797,0.0,0.0
1977-11-25 00:00:00-05:00,0.011596505407310826,0.011856683861034148,0.011596505407310826,0.011819513514637947,182552,0.0,0.0
1977-11-28 00:00:00-05:00,0.01181951079217101,0.01181951079217101,0.011559332398376315,0.011596502736210823,124467,0.0,0.0
1977-11-29 00:00:00-05:00,0.011596502382079243,0.011819510431229256,0.011410657316446304,0.011410657316446304,400369,0.0,0.0
1977-11-30 00:00:00-05:00,0.011410669631879184,0.011485010385513306,0.011373505872933367,0.011485010385513306,151435,0.0,0.0
1977-12-01 00:00:00-05:00,0.011484998340571604,0.011596502736210823,0.011484998340571604,0.011596502736210823,277976,0.0,0.0
1977-12-02 00:00:00-05:00,0.01159650959630615,0.011670843698084354,0.01155933923648294,0.011670843698084354,130690,0.0,0.0
1977-12-05 00:00:00-05:00,0.011596503558849782,0.011596503558849782,0.011373494751751423,0.011373494751751423,387922,0.0,0.0
1977-12-06 00:00:00-05:00,0.011299157155926694,0.011299157155926694,0.01111331863855837,0.011224823072552681,56010,0.0,0.0
1977-12-07 00:00:00-05:00,0.011224820007730925,0.011373494751751423,0.011224820007730925,0.011373494751751423,178403,0.0,0.0
1977-12-08 00:00:00-05:00,0.011373494751751423,0.011484999155300601,0.011299154070808788,0.011373494751751423,141063,0.0,0.0
1977-12-09 00:00:00-05:00,0.011373494751751423,0.011410658474357967,0.011373494751751423,0.011373494751751423,97499,0.0,0.0
1977-12-12 00:00:00-05:00,0.011373494751751423,0.011410658474357967,0.011373494751751423,0.011373494751751423,78829,0.0,0.0
1977-12-13 00:00:00-05:00,0.011373494751751423,0.011410658474357967,0.011299154070808788,0.011373494751751423,159733,0.0,0.0
1977-12-14 00:00:00-05:00,0.011299157155926694,0.011299157155926694,0.011187653457250892,0.011224823072552681,149360,0.0,0.0
1977-12-15 00:00:00-05:00,0.011224826408917248,0.011299160514385651,0.011187656782567501,0.011187656782567501,151435,0.0,0.0
1977-12-16 00:00:00-05:00,0.011187649682986339,0.011299153344045274,0.011038974948528625,0.011113314889371395,124467,0.0,0.0
1977-12-19 00:00:00-05:00,0.011113319729032758,0.011187654555019251,0.011001816019415855,0.011001816019415855,56010,0.0,0.0
1977-12-20 00:00:00-05:00,0.011001817643196375,0.011113321369270339,0.0106301338992648,0.010815972462296486,313242,0.0,0.0
1977-12-21 00:00:00-05:00,0.010815970865945232,0.011001816019415855,0.01066729680206076,0.011001816019415855,230264,0.0,0.0
1977-12-22 00:00:00-05:00,0.010927468538284302,0.010927468538284302,0.010815964162456693,0.010927468538284302,221966,0.0,0.0
1977-12-23 00:00:00-05:00,0.010927475072925928,0.011038979515433311,0.010927475072925928,0.011038979515433311,742653,0.0,0.0
1977-12-27 00:00:00-05:00,0.011001816019415855,0.011001816019415855,0.010927475310880714,0.011001816019415855,93350,0.0,0.0
1977-12-28 00:00:00-05:00,0.011001809200744792,0.011001809200744792,0.010815964162456693,0.010927468538284302,105797,0.0,0.0
1977-12-29 00:00:00-05:00,0.010927469777527081,0.011001810448418263,0.010444282623508114,0.01055578701198101,717760,0.0,0.0
1977-12-30 00:00:00-05:00,0.010630125742031723,0.010927468538284302,0.010630125742031723,0.010927468538284302,1014406,0.0,0.0
1978-01-03 00:00:00-05:00,0.010927476923689138,0.011001817643196375,0.010741638360657453,0.010815972462296486,201222,0.0,0.0
1978-01-04 00:00:00-05:00,0.010741635225713253,0.010741635225713253,0.010667295263220808,0.010741635225713253,253083,0.0,0.0
1978-01-05 00:00:00-05:00,0.010815972462296486,0.010927476923689138,0.010815972462296486,0.010815972462296486,87127,0.0,0.0
1978-01-06 00:00:00-05:00,0.0108159693056579,0.0108159693056579,0.010741635225713253,0.010741635225713253,205371,0.0,0.0
1978-01-09 00:00:00-05:00,0.010741636094993368,0.010815970180953592,0.010667296126484871,0.010667296126484871,462602,0.0,0.0
1978-01-10 00:00:00-05:00,0.010630135789022926,0.010630135789022926,0.010295616462826729,0.010295616462826729,489570,0.0,0.0
1978-01-11 00:00:00-05:00,0.010295610173340448,0.010444284930093254,0.010184105760242179,0.01025844644755125,242711,0.0,0.0
1978-01-12 00:00:00-05:00,0.010258446170982559,0.01029560989576982,0.010184105485677719,0.010184105485677719,89201,0.0,0.0
1978-01-13 00:00:00-05:00,0.010184111674935476,0.010295616152792933,0.010109777562320232,0.010109777562320232,161807,0.0,0.0
1978-01-16 00:00:00-05:00,0.010109776291654576,0.010258451116067779,0.010035442188382149,0.010035442188382149,244785,0.0,0.0
1978-01-17 00:00:00-05:00,0.010035438353293513,0.010109772428158833,0.009849593974649906,0.009849593974649906,192924,0.0,0.0
1978-01-18 00:00:00-05:00,0.009849590642259076,0.009998264624236563,0.009849590642259076,0.009923924691975117,551804,0.0,0.0
1978-01-19 00:00:00-05:00,0.009998271827811761,0.010184110394927002,0.009998271827811761,0.010035442188382149,271753,0.0,0.0
1978-01-20 00:00:00-05:00,0.010184105804232142,0.010444284975207056,0.010184105804232142,0.010369950905442238,224041,0.0,0.0
1978-01-23 00:00:00-05:00,0.01036995719554979,0.010444291310403472,0.010184111981611517,0.010295616462826729,97499,0.0,0.0
1978-01-24 00:00:00-05:00,0.010184111674935476,0.010184111674935476,0.010109777562320232,0.010109777562320232,165956,0.0,0.0
1978-01-25 00:00:00-05:00,0.010109771690798445,0.01025844644755125,0.01003543762135471,0.01025844644755125,323614,0.0,0.0
1978-01-26 00:00:00-05:00,0.01025844644755125,0.010369950860649521,0.01025844644755125,0.01025844644755125,165956,0.0,0.0
1978-01-27 00:00:00-05:00,0.010258451116067779,0.010258451116067779,0.010035442188382149,0.010035442188382149,350582,0.0,0.0
1978-01-30 00:00:00-05:00,0.010035437350798359,0.010258446170982559,0.010035437350798359,0.010184105485677719,255157,0.0,0.0
1978-01-31 00:00:00-05:00,0.010184105485677719,0.010258446170982559,0.010184105485677719,0.010184105485677719,155584,0.0,0.0
1978-02-01 00:00:00-05:00,0.010184111981611517,0.010295616462826729,0.010184111981611517,0.010295616462826729,423188,0.0,0.0
1978-02-02 00:00:00-05:00,0.010427688597365587,0.010427688597365587,0.010201000608503819,0.010201000608503819,246860,0.02709,0.0
1978-02-03 00:00:00-05:00,0.010201001739431795,0.010465466604393073,0.010201001739431795,0.010352122597396374,203296,0.0,0.0
1978-02-06 00:00:00-05:00,0.010352122597396374,0.010616594189404183,0.010352122597396374,0.010352122597396374,18670,0.0,0.0
1978-02-07 00:00:00-05:00,0.010465467698470364,0.010541034862399101,0.010465467698470364,0.010541034862399101,53936,0.0,0.0
1978-02-08 00:00:00-05:00,0.01054102894313642,0.010654372898334553,0.01054102894313642,0.010616589337587357,182552,0.0,0.0
1978-02-09 00:00:00-05:00,0.010616589337587357,0.010654372898334553,0.01054102894313642,0.010616589337587357,184626,0.0,0.0
1978-02-10 00:00:00-05:00,0.010616589337587357,0.010616589337587357,0.01054102894313642,0.010616589337587357,72606,0.0,0.0
1978-02-13 00:00:00-05:00,0.010616589337587357,0.010616589337587357,0.01054102894313642,0.010616589337587357,39415,0.0,0.0
1978-02-14 00:00:00-05:00,0.010616595299280603,0.010616595299280603,0.010541034862399101,0.010541034862399101,147286,0.0,0.0
1978-02-15 00:00:00-05:00,0.010541036004876348,0.010541036004876348,0.010352124801626832,0.010427691973745823,360954,0.0,0.0
1978-02-16 00:00:00-05:00,0.010427689753425194,0.010427689753425194,0.010352122597396374,0.010352122597396374,60159,0.0,0.0
1978-02-17 00:00:00-05:00,0.010352124801626832,0.010427691973745823,0.010352124801626832,0.010427691973745823,56010,0.0,0.0
1978-02-21 00:00:00-05:00,0.010427691973745823,0.010427691973745823,0.010352124801626832,0.010427691973745823,134839,0.0,0.0
1978-02-22 00:00:00-05:00,0.010427688597365587,0.010427688597365587,0.010201000608503819,0.010201000608503819,313242,0.0,0.0
1978-02-23 00:00:00-05:00,0.010201001739431795,0.010352122597396374,0.010163218161417385,0.010352122597396374,319465,0.0,0.0
1978-02-24 00:00:00-05:00,0.010352122597396374,0.010427689753425194,0.010201001739431795,0.010352122597396374,398294,0.0,0.0
1978-02-27 00:00:00-05:00,0.01035212859496684,0.01042769579477599,0.010276568122208118,0.010276568122208118,638931,0.0,0.0
1978-02-28 00:00:00-05:00,0.010276561029109147,0.010352121449714475,0.010201000608503819,0.010201000608503819,454304,0.0,0.0
1978-03-01 00:00:00-05:00,0.010201000608503819,0.010201000608503819,0.010201000608503819,0.010201000608503819,163882,0.0,0.0
1978-03-02 00:00:00-05:00,0.010201000424796791,0.010201000424796791,0.010163216851651669,0.010163216851651669,317391,0.0,0.0
1978-03-03 00:00:00-05:00,0.010163216851651669,0.010163216851651669,0.010087650452810942,0.010163216851651669,60159,0.0,0.0
1978-03-06 00:00:00-05:00,0.010163216851651669,0.010163216851651669,0.010087650452810942,0.010163216851651669,145211,0.0,0.0
1978-03-07 00:00:00-05:00,0.010163216851651669,0.010163216851651669,0.010087650452810942,0.010163216851651669,248934,0.0,0.0
1978-03-08 00:00:00-05:00,0.010163216851651669,0.010201000424796791,0.010163216851651669,0.010163216851651669,56010,0.0,0.0
1978-03-09 00:00:00-05:00,0.010163217034678262,0.010201000608503819,0.010163217034678262,0.010201000608503819,109946,0.0,0.0
1978-03-10 00:00:00-05:00,0.010201007649449397,0.01035212859496684,0.010201007649449397,0.010276568122208118,286274,0.0,0.0
1978-03-13 00:00:00-05:00,0.010352123679624493,0.010541034862399101,0.010352123679624493,0.010541034862399101,97499,0.0,0.0
1978-03-14 00:00:00-05:00,0.01054102894313642,0.010616589337587357,0.010465461821642028,0.010616589337587357,207445,0.0,0.0
1978-03-15 00:00:00-05:00,0.010616595299280603,0.010616595299280603,0.010465467698470364,0.010541034862399101,89201,0.0,0.0
1978-03-16 00:00:00-05:00,0.010427688597365587,0.010427688597365587,0.010163217034678262,0.010201000608503819,201222,0.0,0.0
1978-03-17 00:00:00-05:00,0.010201001739431795,0.010352122597396374,0.010201001739431795,0.010352122597396374,97499,0.0,0.0
1978-03-20 00:00:00-05:00,0.01035211872745668,0.010541029819861438,0.01035211872745668,0.010465462692081928,209519,0.0,0.0
1978-03-21 00:00:00-05:00,0.010465468832757356,0.010616596449947377,0.010427691973745823,0.010427691973745823,304944,0.0,0.0
1978-03-22 00:00:00-05:00,0.010427691973745823,0.010427691973745823,0.010427691973745823,0.010427691973745823,201222,0.0,0.0
1978-03-23 00:00:00-05:00,0.010427691973745823,0.010541036004876348,0.010352124801626832,0.010427691973745823,248934,0.0,0.0
1978-03-27 00:00:00-05:00,0.010427684987938286,0.01072993329278549,0.010427684987938286,0.010616589337587357,1184511,0.0,0.0
1978-03-28 00:00:00-05:00,0.010616595654186345,0.010729939676821232,0.010616595654186345,0.010729939676821232,149360,0.0,0.0
1978-03-29 00:00:00-05:00,0.01072993329278549,0.01072993329278549,0.010616589337587357,0.010616589337587357,47712,0.0,0.0
1978-03-30 00:00:00-05:00,0.010616589337587357,0.010616589337587357,0.01054102894313642,0.010616589337587357,95425,0.0,0.0
1978-03-31 00:00:00-05:00,0.010616595299280603,0.010616595299280603,0.010541034862399101,0.010541034862399101,201222,0.0,0.0
1978-04-03 00:00:00-05:00,0.010541034862399101,0.010616595299280603,0.010541034862399101,0.010541034862399101,182552,0.0,0.0
1978-04-04 00:00:00-05:00,0.010541034862399101,0.010541034862399101,0.010541034862399101,0.010541034862399101,97499,0.0,0.0
1978-04-05 00:00:00-05:00,0.01054102894313642,0.01072993329278549,0.01054102894313642,0.010616589337587357,692866,0.0,0.0
1978-04-06 00:00:00-05:00,0.010616589337587357,0.01072993329278549,0.010616589337587357,0.010616589337587357,43563,0.0,0.0
1978-04-07 00:00:00-05:00,0.010616595654186345,0.010729939676821232,0.010616595654186345,0.010729939676821232,85052,0.0,0.0
1978-04-10 00:00:00-05:00,0.01072993329278549,0.01072993329278549,0.010616589337587357,0.010616589337587357,72606,0.0,0.0
1978-04-11 00:00:00-05:00,0.010616596029135667,0.010654379613697529,0.010616596029135667,0.010654379613697529,85052,0.0,0.0
1978-04-12 00:00:00-05:00,0.010654379237413794,0.01080550609582641,0.010654379237413794,0.010729939676821232,130690,0.0,0.0
1978-04-13 00:00:00-05:00,0.010729939676821232,0.010729939676821232,0.010654379237413794,0.010729939676821232,97499,0.0,0.0
1978-04-14 00:00:00-05:00,0.010805507633722993,0.011183323338627815,0.010805507633722993,0.011183323338627815,199147,0.0,0.0
1978-04-17 00:00:00-05:00,0.011296665092592643,0.011561136722739179,0.011296665092592643,0.011410009115934372,452230,0.0,0.0
1978-04-18 00:00:00-05:00,0.011410008409730714,0.011410008409730714,0.011107753962278366,0.011107753962278366,782068,0.0,0.0
1978-04-19 00:00:00-05:00,0.011107760747119848,0.011183327955526854,0.010994416661560535,0.010994416661560535,290423,0.0,0.0
1978-04-20 00:00:00-05:00,0.011107753962278366,0.011221097978604854,0.011107753962278366,0.011107753962278366,238562,0.0,0.0
1978-04-21 00:00:00-05:00,0.011107754649774483,0.011410009115934372,0.011107754649774483,0.011410009115934372,240636,0.0,0.0
1978-04-24 00:00:00-05:00,0.011410014349225138,0.011674486100673676,0.011410014349225138,0.011674486100673676,452230,0.0,0.0
1978-04-25 00:00:00-05:00,0.011750047095119953,0.011863391175463017,0.011750047095119953,0.011750047095119953,497868,0.0,0.0
1978-04-26 00:00:00-05:00,0.011750040750650788,0.011863384769793414,0.011674480313571456,0.01178782433271408,831854,0.0,0.0
1978-04-27 00:00:00-05:00,0.01178782433271408,0.011938945206872748,0.01178782433271408,0.01178782433271408,800738,0.0,0.0
1978-04-28 00:00:00-05:00,0.01178782433271408,0.011863384769793414,0.011750040750650788,0.01178782433271408,419039,0.0,0.0
1978-05-01 00:00:00-04:00,0.011863388121128082,0.011938948579552784,0.011863388121128082,0.011863388121128082,93350,0.0,0.0
1978-05-02 00:00:00-04:00,0.011863384769793414,0.011863384769793414,0.011750040750650788,0.01178782433271408,213668,0.0,0.0
1978-05-03 00:00:00-04:00,0.011730164633927098,0.01192183094726637,0.011730164633927098,0.011768493801355362,145211,0.02709,0.0
1978-05-04 00:00:00-04:00,0.01176848491150577,0.01176848491150577,0.011576818742950079,0.011653483845293522,692866,0.0,0.0
1978-05-05 00:00:00-04:00,0.011653488605130127,0.011730160564184189,0.01157682347147301,0.011730160564184189,56010,0.0,0.0
1978-05-08 00:00:00-04:00,0.011653492913001334,0.011653492913001334,0.011538492515683174,0.011538492515683174,232338,0.0,0.0
1978-05-09 00:00:00-04:00,0.011576824821531773,0.011576824821531773,0.011576824821531773,0.011576824821531773,275902,0.0,0.0
1978-05-10 00:00:00-04:00,0.011576824821531773,0.01173016193212472,0.011576824821531773,0.011576824821531773,439783,0.0,0.0
1978-05-11 00:00:00-04:00,0.01157682347147301,0.011730160564184189,0.01157682347147301,0.011730160564184189,367178,0.0,0.0
1978-05-12 00:00:00-04:00,0.011730155773031128,0.011845156839243373,0.011653483845293522,0.011653483845293522,389997,0.0,0.0
1978-05-15 00:00:00-04:00,0.011730164169578358,0.011921830475330353,0.011730164169578358,0.011921830475330353,545580,0.0,0.0
1978-05-16 00:00:00-04:00,0.011921830475330353,0.01196016646664037,0.011921830475330353,0.011921830475330353,721908,0.0,0.0
1978-05-17 00:00:00-04:00,0.011921824857811177,0.012190162261365958,0.011921824857811177,0.01211349107325077,342284,0.0,0.0
1978-05-18 00:00:00-04:00,0.01211349107325077,0.01230516335570888,0.0120368259521541,0.01211349107325077,248934,0.0,0.0
1978-05-19 00:00:00-04:00,0.012113507519218967,0.012190178811427343,0.012036842294037342,0.012036842294037342,201222,0.0,0.0
1978-05-22 00:00:00-04:00,0.012036826365593068,0.012305163778364658,0.011960161241863115,0.012305163778364658,255157,0.0,0.0
1978-05-23 00:00:00-04:00,0.01230516148212337,0.01230516148212337,0.012113489228849302,0.012228496372699738,311167,0.0,0.0
1978-05-24 00:00:00-04:00,0.012228499276268866,0.01230516440389608,0.011960161849856377,0.011960161849856377,321540,0.0,0.0
1978-05-25 00:00:00-04:00,0.011960177068855719,0.012190178811427343,0.011960177068855719,0.012036842294037342,232338,0.0,0.0
1978-05-26 00:00:00-04:00,0.01203682865453639,0.012190164998173714,0.01203682865453639,0.012190164998173714,410741,0.0,0.0
1978-05-30 00:00:00-04:00,0.012190178811427343,0.012190178811427343,0.011960177068855719,0.012036842294037342,313242,0.0,0.0
1978-05-31 00:00:00-04:00,0.0120368259521541,0.01211349107325077,0.0120368259521541,0.01211349107325077,35266,0.0,0.0
1978-06-01 00:00:00-04:00,0.012113493792845112,0.012190164998173714,0.011960163516227668,0.012190164998173714,665898,0.0,0.0
1978-06-02 00:00:00-04:00,0.012190162680071698,0.012305163778364658,0.012190162680071698,0.012305163778364658,155584,0.0,0.0
1978-06-05 00:00:00-04:00,0.012305161418390153,0.01242016249462736,0.012305161418390153,0.012381826527416706,244785,0.0,0.0
1978-06-06 00:00:00-04:00,0.012381831256644202,0.012420167238497244,0.012190164998173714,0.012190164998173714,815259,0.0,0.0
1978-06-07 00:00:00-04:00,0.012190163299757053,0.012190163299757053,0.011845160745717348,0.011960161849856377,425262,0.0,0.0
1978-06-08 00:00:00-04:00,0.011960161849856377,0.011960161849856377,0.011845160745717348,0.011960161849856377,788291,0.0,0.0
1978-06-09 00:00:00-04:00,0.01196016646664037,0.01203683162386136,0.011921830475330353,0.011921830475330353,454304,0.0,0.0
1978-06-12 00:00:00-04:00,0.011921830475330353,0.01203683162386136,0.011921830475330353,0.011921830475330353,190849,0.0,0.0
1978-06-13 00:00:00-04:00,0.011921830475330353,0.01196016646664037,0.011921830475330353,0.011921830475330353,197073,0.0,0.0
1978-06-14 00:00:00-04:00,0.011960177068855719,0.012036842294037342,0.011960177068855719,0.012036842294037342,155584,0.0,0.0
1978-06-15 00:00:00-04:00,0.012036826977483591,0.012113492105110805,0.011960161849856377,0.011960161849856377,182552,0.0,0.0
1978-06-16 00:00:00-04:00,0.01196016646664037,0.01196016646664037,0.011921830475330353,0.011921830475330353,101648,0.0,0.0
1978-06-19 00:00:00-04:00,0.011921834773786322,0.01196017077891851,0.011845169588923454,0.011845169588923454,80904,0.0,0.0
1978-06-20 00:00:00-04:00,0.011845165787010524,0.01192183094726637,0.011730164633927098,0.011768493801355362,292497,0.0,0.0
1978-06-21 00:00:00-04:00,0.01173016193212472,0.01173016193212472,0.011538489595911626,0.011576824821531773,265530,0.0,0.0
1978-06-22 00:00:00-04:00,0.01157682347147301,0.011730160564184189,0.01157682347147301,0.011730160564184189,333986,0.0,0.0
1978-06-23 00:00:00-04:00,0.011730160564184189,0.011768489718314273,0.011653488605130127,0.011730160564184189,203296,0.0,0.0
1978-06-26 00:00:00-04:00,0.011730160564184189,0.011768489718314273,0.011730160564184189,0.011730160564184189,101648,0.0,0.0
1978-06-27 00:00:00-04:00,0.011576824821531773,0.011576824821531773,0.011538489595911626,0.011576824821531773,603665,0.0,0.0
1978-06-28 00:00:00-04:00,0.01153848072725039,0.01153848072725039,0.011385143734514713,0.011385143734514713,72606,0.0,0.0
1978-06-29 00:00:00-04:00,0.011346824882947052,0.011346824882947052,0.011155151762068272,0.011155151762068272,153509,0.0,0.0
1978-06-30 00:00:00-04:00,0.011270153416510059,0.01138515456410308,0.011270153416510059,0.011346825398504734,114095,0.0,0.0
1978-07-03 00:00:00-04:00,0.011346822504700075,0.011385151660523254,0.011270150542259216,0.011270150542259216,89201,0.0,0.0
1978-07-05 00:00:00-04:00,0.011270153416510059,0.01138515456410308,0.011270153416510059,0.011346825398504734,109946,0.0,0.0
1978-07-06 00:00:00-04:00,0.011346822504700075,0.011346822504700075,0.011193485405215607,0.011270150542259216,472975,0.0,0.0
1978-07-07 00:00:00-04:00,0.011270150542259216,0.011346822504700075,0.011270150542259216,0.011270150542259216,95425,0.0,0.0
1978-07-10 00:00:00-04:00,0.011270150542259216,0.011346822504700075,0.011270150542259216,0.011270150542259216,273827,0.0,0.0
1978-07-11 00:00:00-04:00,0.011270152750141208,0.011538491020458588,0.011270152750141208,0.011461825110018253,80904,0.0,0.0
1978-07-12 00:00:00-04:00,0.011538488250323418,0.011730160564184189,0.011538488250323418,0.011730160564184189,89201,0.0,0.0
1978-07-13 00:00:00-04:00,0.011768493801355362,0.01192183094726637,0.011768493801355362,0.011768493801355362,159733,0.0,0.0
1978-07-14 00:00:00-04:00,0.011768493801355362,0.011768493801355362,0.011653492648271934,0.011768493801355362,188775,0.0,0.0
1978-07-17 00:00:00-04:00,0.011768493801355362,0.011768493801355362,0.011730164633927098,0.011768493801355362,105797,0.0,0.0
1978-07-18 00:00:00-04:00,0.011768489718314273,0.011768489718314273,0.011730160564184189,0.011730160564184189,149360,0.0,0.0
1978-07-19 00:00:00-04:00,0.011730164633927098,0.011845165787010524,0.011730164633927098,0.011768493801355362,400369,0.0,0.0
1978-07-20 00:00:00-04:00,0.011845160745717348,0.011960161849856377,0.011845160745717348,0.011960161849856377,236487,0.0,0.0
1978-07-21 00:00:00-04:00,0.01196016646664037,0.01196016646664037,0.011921830475330353,0.011921830475330353,141063,0.0,0.0
1978-07-24 00:00:00-04:00,0.011921834773786322,0.01196017077891851,0.011845169588923454,0.011845169588923454,122393,0.0,0.0
1978-07-25 00:00:00-04:00,0.011845165318109365,0.01196016646664037,0.011768493335489329,0.011921830475330353,188775,0.0,0.0
1978-07-26 00:00:00-04:00,0.011921834773786322,0.01196017077891851,0.011845169588923454,0.011845169588923454,215743,0.0,0.0
1978-07-27 00:00:00-04:00,0.011845161677368337,0.011960162790552483,0.011730160564184189,0.011730160564184189,165956,0.0,0.0
1978-07-28 00:00:00-04:00,0.011768493335489329,0.011921830475330353,0.011768493335489329,0.011921830475330353,199147,0.0,0.0
1978-07-31 00:00:00-04:00,0.011921830475330353,0.01196016646664037,0.011921830475330353,0.011921830475330353,369252,0.0,0.0
1978-08-01 00:00:00-04:00,0.011960177068855719,0.012190178811427343,0.011960177068855719,0.012036842294037342,186700,0.0,0.0
1978-08-02 00:00:00-04:00,0.012133883948081844,0.012483897685777196,0.012133883948081844,0.01236722618341446,458453,0.02709,0.0
1978-08-03 00:00:00-04:00,0.01236722618341446,0.012483897685777196,0.01236722618341446,0.01236722618341446,558027,0.0,0.0
1978-08-04 00:00:00-04:00,0.01236722618341446,0.012483897685777196,0.01236722618341446,0.01236722618341446,307019,0.0,0.0
1978-08-07 00:00:00-04:00,0.012561681680381298,0.012600574505760773,0.012561681680381298,0.012561681680381298,425262,0.0,0.0
1978-08-08 00:00:00-04:00,0.012561681680381298,0.012561681680381298,0.01248390295416099,0.012561681680381298,85052,0.0,0.0
1978-08-09 00:00:00-04:00,0.012561676379173782,0.012600569188139933,0.01236722618341446,0.01236722618341446,761323,0.0,0.0
1978-08-10 00:00:00-04:00,0.01236722618341446,0.012483897685777196,0.01236722618341446,0.01236722618341446,709462,0.0,0.0
1978-08-11 00:00:00-04:00,0.01236722618341446,0.01236722618341446,0.012211662641478428,0.01236722618341446,481272,0.0,0.0
1978-08-14 00:00:00-04:00,0.01236723474874341,0.01236723474874341,0.012211671099066734,0.012211671099066734,987438,0.0,0.0
1978-08-15 00:00:00-04:00,0.012211673508267804,0.012483908794820309,0.012211673508267804,0.012483908794820309,236487,0.0,0.0
1978-08-16 00:00:00-04:00,0.012483899714132012,0.012483899714132012,0.01236722819281276,0.012406121008098125,178403,0.0,0.0
1978-08-17 00:00:00-04:00,0.012483908794820309,0.0125616875574298,0.012483908794820309,0.012483908794820309,163882,0.0,0.0
1978-08-18 00:00:00-04:00,0.012483897685777196,0.012561676379173782,0.01236722618341446,0.01236722618341446,184626,0.0,0.0
1978-08-21 00:00:00-04:00,0.01236722618341446,0.012483897685777196,0.01236722618341446,0.01236722618341446,392071,0.0,0.0
1978-08-22 00:00:00-04:00,0.01236722618341446,0.012406118992380612,0.012289441334875011,0.01236722618341446,302870,0.0,0.0
1978-08-23 00:00:00-04:00,0.01236722819281276,0.012561678420165898,0.01236722819281276,0.012406121008098125,288349,0.0,0.0
1978-08-24 00:00:00-04:00,0.012406121008098125,0.012483899714132012,0.01236722819281276,0.012406121008098125,221966,0.0,0.0
1978-08-25 00:00:00-04:00,0.012483908794820309,0.012600580401005488,0.012483908794820309,0.012483908794820309,307019,0.0,0.0
1978-08-28 00:00:00-04:00,0.012483908794820309,0.0125616875574298,0.012367237188635128,0.012483908794820309,1196957,0.0,0.0
1978-08-29 00:00:00-04:00,0.012483908794820309,0.0125616875574298,0.012367237188635128,0.012483908794820309,97499,0.0,0.0
1978-08-30 00:00:00-04:00,0.012483899714132012,0.012561678420165898,0.012406121008098125,0.012406121008098125,80904,0.0,0.0
1978-08-31 00:00:00-04:00,0.012406130032210815,0.012483908794820309,0.012367237188635128,0.012483908794820309,176328,0.0,0.0
1978-09-01 00:00:00-04:00,0.012483897685777196,0.012561676379173782,0.01236722618341446,0.01236722618341446,126541,0.0,0.0
1978-09-05 00:00:00-04:00,0.012367237188635128,0.012483908794820309,0.012367237188635128,0.012483908794820309,126541,0.0,0.0
1978-09-06 00:00:00-04:00,0.012561686458858341,0.012600579299032688,0.012561686458858341,0.012600579299032688,307019,0.0,0.0
1978-09-07 00:00:00-04:00,0.012600579299032688,0.012600579299032688,0.012561686458858341,0.012600579299032688,165956,0.0,0.0
1978-09-08 00:00:00-04:00,0.012600579299032688,0.012678358054840105,0.012561686458858341,0.012600579299032688,750951,0.0,0.0
1978-09-11 00:00:00-04:00,0.012600579299032688,0.012756143735188801,0.012600579299032688,0.012600579299032688,265530,0.0,0.0
1978-09-12 00:00:00-04:00,0.01260057926092057,0.012795029612121613,0.01256168642086386,0.01275614369660616,425262,0.0,0.0
1978-09-13 00:00:00-04:00,0.012756141436792308,0.012950591753545512,0.012756141436792308,0.01279502734541893,456379,0.0,0.0
1978-09-14 00:00:00-04:00,0.012795027486126952,0.012795027486126952,0.012600577167235363,0.012678355909883976,302870,0.0,0.0
1978-09-15 00:00:00-04:00,0.012600579299032688,0.012600579299032688,0.012561686458858341,0.012600579299032688,134839,0.0,0.0
1978-09-18 00:00:00-04:00,0.012600579299032688,0.012600579299032688,0.012561686458858341,0.012600579299032688,105797,0.0,0.0
1978-09-19 00:00:00-04:00,0.012600571235451264,0.012600571235451264,0.012406121008098125,0.012406121008098125,118244,0.0,0.0
1978-09-20 00:00:00-04:00,0.012406130032210815,0.0125616875574298,0.012406130032210815,0.012483908794820309,690792,0.0,0.0
1978-09-21 00:00:00-04:00,0.012483908794820309,0.012483908794820309,0.012406130032210815,0.012483908794820309,161807,0.0,0.0
1978-09-22 00:00:00-04:00,0.012483908794820309,0.012483908794820309,0.012367237188635128,0.012483908794820309,275902,0.0,0.0
1978-09-25 00:00:00-04:00,0.012483899714132012,0.012483899714132012,0.012406121008098125,0.012406121008098125,194998,0.0,0.0
1978-09-26 00:00:00-04:00,0.012483908794820309,0.012483908794820309,0.012483908794820309,0.012483908794820309,31117,0.0,0.0
1978-09-27 00:00:00-04:00,0.012483908794820309,0.012483908794820309,0.012406130032210815,0.012483908794820309,155584,0.0,0.0
1978-09-28 00:00:00-04:00,0.012483908794820309,0.012483908794820309,0.012406130032210815,0.012483908794820309,147286,0.0,0.0
1978-09-29 00:00:00-04:00,0.012483908794820309,0.0125616875574298,0.012483908794820309,0.012483908794820309,228189,0.0,0.0
1978-10-02 00:00:00-04:00,0.01248390295416099,0.012561681680381298,0.012406124227940681,0.012561681680381298,85052,0.0,0.0
1978-10-03 00:00:00-04:00,0.012561686458858341,0.012600579299032688,0.012561686458858341,0.012600579299032688,78829,0.0,0.0
1978-10-04 00:00:00-04:00,0.012600579299032688,0.012600579299032688,0.012483907703050922,0.012600579299032688,389997,0.0,0.0
1978-10-05 00:00:00-04:00,0.012600579299032688,0.012678358054840105,0.012561686458858341,0.012600579299032688,190849,0.0,0.0
1978-10-06 00:00:00-04:00,0.012600579299032688,0.012600579299032688,0.012483907703050922,0.012600579299032688,232338,0.0,0.0
1978-10-09 00:00:00-04:00,0.012561681680381298,0.012561681680381298,0.01248390295416099,0.012561681680381298,114095,0.0,0.0
1978-10-10 00:00:00-04:00,0.012561681680381298,0.012600574505760773,0.012561681680381298,0.012561681680381298,122393,0.0,0.0
1978-10-11 00:00:00-04:00,0.012600577028665728,0.01279502734541893,0.012600577028665728,0.01279502734541893,97499,0.0,0.0
1978-10-12 00:00:00-04:00,0.012795029612121613,0.012795029612121613,0.012678358016492737,0.01275614369660616,209519,0.0,0.0
1978-10-13 00:00:00-04:00,0.012756143735188801,0.012795029650821872,0.012600579299032688,0.012600579299032688,462602,0.0,0.0
1978-10-16 00:00:00-04:00,0.012600571235451264,0.012600571235451264,0.012406121008098125,0.012406121008098125,228189,0.0,0.0
1978-10-17 00:00:00-04:00,0.01236722618341446,0.01236722618341446,0.012133883948081844,0.01236722618341446,275902,0.0,0.0
1978-10-18 00:00:00-04:00,0.01236722618341446,0.012406118992380612,0.012211662641478428,0.01236722618341446,105797,0.0,0.0
1978-10-19 00:00:00-04:00,0.01236723394741394,0.012406126780796542,0.012094998732209206,0.012094998732209206,168030,0.0,0.0
1978-10-20 00:00:00-04:00,0.012095003189786544,0.012095003189786544,0.011550531789320423,0.011628316715359688,396220,0.0,0.0
1978-10-23 00:00:00-04:00,0.011628316580794884,0.011744988198051455,0.011550531655655758,0.0117060961201787,487496,0.0,0.0
1978-10-24 00:00:00-04:00,0.011706091431984965,0.011744983494281769,0.011550527029764293,0.011744983494281769,80904,0.0,0.0
1978-10-25 00:00:00-04:00,0.011744984016616921,0.012094998743774829,0.011744984016616921,0.011939434334635735,197073,0.0,0.0
1978-10-26 00:00:00-04:00,0.011822769372167806,0.011822769372167806,0.011511648073792458,0.011511648073792458,178403,0.0,0.0
1978-10-27 00:00:00-04:00,0.011433859830426179,0.011433859830426179,0.011239409446716309,0.011239409446716309,147286,0.0,0.0
1978-10-30 00:00:00-05:00,0.011161619797348976,0.011161619797348976,0.01077271227004376,0.011161619797348976,356805,0.0,0.0
1978-10-31 00:00:00-05:00,0.011317185901818301,0.011550529084386802,0.011317185901818301,0.01143385749310255,186700,0.0,0.0
1978-11-01 00:00:00-05:00,0.011729893274605274,0.011729893274605274,0.011413940033923188,0.011729893274605274,147286,0.02709,0.0
1978-11-02 00:00:00-05:00,0.011729893274605274,0.011887873410981223,0.011729893274605274,0.011729893274605274,504091,0.0,0.0
1978-11-03 00:00:00-05:00,0.011729900351670474,0.011808893202211455,0.011611416935920715,0.011611416935920715,56010,0.0,0.0
1978-11-06 00:00:00-05:00,0.011611416935920715,0.011690410567803258,0.011611416935920715,0.011611416935920715,97499,0.0,0.0
1978-11-07 00:00:00-05:00,0.01161141091301184,0.01172989426730357,0.011492927558720112,0.011492927558720112,369252,0.0,0.0
1978-11-08 00:00:00-05:00,0.011492931388042643,0.011492931388042643,0.011334951967000961,0.011334951967000961,103722,0.0,0.0
1978-11-09 00:00:00-05:00,0.011334952587235618,0.011334952587235618,0.011295462027192116,0.011295462027192116,672122,0.0,0.0
1978-11-10 00:00:00-05:00,0.011295460072955517,0.011334950626166728,0.011216467246413231,0.011216467246413231,105797,0.0,0.0
1978-11-13 00:00:00-05:00,0.011216469135898816,0.011216469135898816,0.010466072708368301,0.010466072708368301,1080788,0.0,0.0
1978-11-14 00:00:00-05:00,0.010545055488769342,0.010742531657005812,0.010545055488769342,0.010624048300087452,493719,0.0,0.0
1978-11-15 00:00:00-05:00,0.010624053531312114,0.010821523546052328,0.010624053531312114,0.010663550347089767,116169,0.0,0.0
1978-11-16 00:00:00-05:00,0.010663550347089767,0.010663550347089767,0.010624053531312114,0.010663550347089767,182552,0.0,0.0
1978-11-17 00:00:00-05:00,0.010663545096417093,0.010663545096417093,0.010545055488769342,0.010624048300087452,470900,0.0,0.0
1978-11-20 00:00:00-05:00,0.010624052444949206,0.01090051606297493,0.010624052444949206,0.01090051606297493,182552,0.0,0.0
1978-11-21 00:00:00-05:00,0.010900516253123224,0.011097986251115799,0.010900516253123224,0.011097986251115799,1161692,0.0,0.0
1978-11-22 00:00:00-05:00,0.011097986251115799,0.011216469656326028,0.011097986251115799,0.011097986251115799,112020,0.0,0.0
1978-11-24 00:00:00-05:00,0.011097981481732038,0.011492927558720112,0.011097981481732038,0.011492927558720112,85052,0.0,0.0
1978-11-27 00:00:00-05:00,0.011492929079750884,0.011611412449723284,0.011492929079750884,0.011532425880432129,192924,0.0,0.0
1978-11-28 00:00:00-05:00,0.011532430336112226,0.011611416935920715,0.011492933520170955,0.011611416935920715,670047,0.0,0.0
1978-11-29 00:00:00-05:00,0.011532428827696917,0.011532428827696917,0.011295462027192116,0.011295462027192116,120318,0.0,0.0
1978-11-30 00:00:00-05:00,0.011295461409118334,0.011334951967000961,0.011216468573231827,0.011334951967000961,78829,0.0,0.0
1978-12-01 00:00:00-05:00,0.011334953061536259,0.01141394590505054,0.011097986251115799,0.011097986251115799,168030,0.0,0.0
1978-12-04 00:00:00-05:00,0.011097985786730815,0.011295462027192116,0.011018999197253593,0.011295462027192116,205371,0.0,0.0
1978-12-05 00:00:00-05:00,0.011295461409118334,0.011413944802887469,0.011216468573231827,0.011334951967000961,134839,0.0,0.0
1978-12-06 00:00:00-05:00,0.011334951967000961,0.011413944802887469,0.011295461409118334,0.011334951967000961,168030,0.0,0.0
1978-12-07 00:00:00-05:00,0.011334951967000961,0.011334951967000961,0.011295461409118334,0.011334951967000961,101648,0.0,0.0
1978-12-08 00:00:00-05:00,0.011334950626166728,0.011334950626166728,0.011216467246413231,0.011216467246413231,60159,0.0,0.0
1978-12-11 00:00:00-05:00,0.0112954576455907,0.011492927558720112,0.0112954576455907,0.011492927558720112,485421,0.0,0.0
1978-12-12 00:00:00-05:00,0.011413945427444517,0.011413945427444517,0.011295462027192116,0.011295462027192116,213668,0.0,0.0
1978-12-13 00:00:00-05:00,0.011295461196934144,0.011295461196934144,0.011137481778860092,0.011137481778860092,319465,0.0,0.0
1978-12-14 00:00:00-05:00,0.011137483063543684,0.011216469656326028,0.011018999658333455,0.011097986251115799,205371,0.0,0.0
1978-12-15 00:00:00-05:00,0.011018999466118338,0.011018999466118338,0.01090051606297493,0.01090051606297493,259306,0.0,0.0
1978-12-18 00:00:00-05:00,0.010900520525951505,0.010940010321785324,0.010821526870131493,0.010821526870131493,248934,0.0,0.0
1978-12-19 00:00:00-05:00,0.010821525562594608,0.01101900264620781,0.010821525562594608,0.01101900264620781,153509,0.0,0.0
1978-12-20 00:00:00-05:00,0.011018999466118338,0.011018999466118338,0.01090051606297493,0.01090051606297493,267604,0.0,0.0
1978-12-21 00:00:00-05:00,0.010900517177607635,0.010940006961311262,0.010663550347089767,0.010663550347089767,358880,0.0,0.0
1978-12-22 00:00:00-05:00,0.01082152243949712,0.01090051606297493,0.01082152243949712,0.01090051606297493,186700,0.0,0.0
1978-12-26 00:00:00-05:00,0.010940006033477683,0.011097986251115799,0.010940006033477683,0.011097986251115799,402443,0.0,0.0
1978-12-27 00:00:00-05:00,0.011137481778860092,0.011295461196934144,0.011137481778860092,0.011137481778860092,182552,0.0,0.0
1978-12-28 00:00:00-05:00,0.011137486083545594,0.011216472697745674,0.010900519208870023,0.01101900264620781,319465,0.0,0.0
1978-12-29 00:00:00-05:00,0.01101900264620781,0.011097989260407887,0.010940008999932395,0.01101900264620781,363029,0.0,0.0
1979-01-02 00:00:00-05:00,0.011018999658333455,0.011097986251115799,0.011018999658333455,0.011097986251115799,80904,0.0,0.0
1979-01-03 00:00:00-05:00,0.011097984970988075,0.01121646836253151,0.011097984970988075,0.011137481778860092,251008,0.0,0.0
1979-01-04 00:00:00-05:00,0.011137478433273534,0.011492927719789048,0.011137478433273534,0.011413941159844398,462602,0.0,0.0
1979-01-05 00:00:00-05:00,0.011413946920362468,0.011611416935920715,0.011413946920362468,0.011611416935920715,85052,0.0,0.0
1979-01-08 00:00:00-05:00,0.011611418077053815,0.0116904117166996,0.011611418077053815,0.0116904117166996,831854,0.0,0.0
1979-01-09 00:00:00-05:00,0.011690403514563645,0.011808886077487065,0.011611409930340766,0.011729893274605274,624409,0.0,0.0
1979-01-10 00:00:00-05:00,0.011729893274605274,0.011729893274605274,0.011690403514563645,0.011729893274605274,313242,0.0,0.0
1979-01-11 00:00:00-05:00,0.011729893274605274,0.011729893274605274,0.011690403514563645,0.011729893274605274,39415,0.0,0.0
1979-01-12 00:00:00-05:00,0.011729901504447747,0.011729901504447747,0.0116904117166996,0.0116904117166996,379624,0.0,0.0
1979-01-15 00:00:00-05:00,0.011729899864735228,0.011887880089868134,0.011729899864735228,0.011808892711997032,421113,0.0,0.0
1979-01-16 00:00:00-05:00,0.011808886077487065,0.011927369421751575,0.011729893274605274,0.011729893274605274,539357,0.0,0.0
1979-01-17 00:00:00-05:00,0.011729899864735228,0.011887880089868134,0.011729899864735228,0.011808892711997032,240636,0.0,0.0
1979-01-18 00:00:00-05:00,0.011808886077487065,0.011887873410981223,0.011729893274605274,0.011729893274605274,553878,0.0,0.0
1979-01-19 00:00:00-05:00,0.011729893274605274,0.011808886077487065,0.011729893274605274,0.011729893274605274,68457,0.0,0.0
1979-01-22 00:00:00-05:00,0.011729899864735228,0.011887880089868134,0.011729899864735228,0.011808892711997032,138988,0.0,0.0
1979-01-23 00:00:00-05:00,0.011808901915986278,0.011887889355421066,0.011729909007156522,0.011887889355421066,145211,0.0,0.0
1979-01-24 00:00:00-05:00,0.011887873410981223,0.011887873410981223,0.011729893274605274,0.011729893274605274,97499,0.0,0.0
1979-01-25 00:00:00-05:00,0.01172989199377585,0.011927368119359016,0.01172989199377585,0.011927368119359016,234413,0.0,0.0
1979-01-26 00:00:00-05:00,0.011887880089868134,0.011887880089868134,0.011690410082507324,0.011808892711997032,352656,0.0,0.0
1979-01-29 00:00:00-05:00,0.011808894362751893,0.01188788175166457,0.0116904117166996,0.0116904117166996,246860,0.0,0.0
1979-01-30 00:00:00-05:00,0.011690410082507324,0.011887880089868134,0.011690410082507324,0.011808892711997032,304944,0.0,0.0
1979-01-31 00:00:00-05:00,0.011808893202211455,0.011808893202211455,0.011611416935920715,0.011611416935920715,4292036,0.0,0.0
1979-02-01 00:00:00-05:00,0.011611416935920715,0.011690410567803258,0.011611416935920715,0.011611416935920715,2561945,0.0,0.0
1979-02-02 00:00:00-05:00,0.0116714093315847,0.0116714093315847,0.01151097659021616,0.01151097659021616,1340095,0.02709,0.0
1979-02-05 00:00:00-05:00,0.011510971159982545,0.011510971159982545,0.01139064785093069,0.01139064785093069,1130575,0.0,0.0
1979-02-06 00:00:00-05:00,0.011390655564064404,0.011470875125126538,0.011310442350804806,0.011310442350804806,207445,0.0,0.0
1979-02-07 00:00:00-05:00,0.011310442327346803,0.011390655540440038,0.011190118937068031,0.011270332150161266,472975,0.0,0.0
1979-02-08 00:00:00-05:00,0.011270324541878837,0.01139064785093069,0.011270324541878837,0.01139064785093069,80904,0.0,0.0
1979-02-09 00:00:00-05:00,0.011390655540440038,0.011390655540440038,0.011190118937068031,0.011270332150161266,526910,0.0,0.0
1979-02-12 00:00:00-05:00,0.01127033217353608,0.011390655564064404,0.011190118960276484,0.011310442350804806,1908494,0.0,0.0
1979-02-13 00:00:00-05:00,0.01131044308753926,0.011791735887527466,0.011270332907657858,0.011791735887527466,238562,0.0,0.0
1979-02-14 00:00:00-05:00,0.011791725753446584,0.012072482488770965,0.011671402458489303,0.011871946044266224,404518,0.0,0.0
1979-02-15 00:00:00-05:00,0.011871942288675462,0.011912045280126852,0.011591185642166123,0.011671398766338825,122393,0.0,0.0
1979-02-16 00:00:00-05:00,0.011671412069750423,0.011671412069750423,0.011510979290743632,0.011591198854148388,248934,0.0,0.0
1979-02-20 00:00:00-05:00,0.011591185642166123,0.011671398766338825,0.01147086238527211,0.011671398766338825,89201,0.0,0.0
1979-02-21 00:00:00-05:00,0.011671398766338825,0.011791722023232839,0.011591185642166123,0.011671398766338825,450156,0.0,0.0
1979-02-22 00:00:00-05:00,0.011671406259091924,0.011711516417562962,0.011671406259091924,0.011711516417562962,178403,0.0,0.0
1979-02-23 00:00:00-05:00,0.011711508899060136,0.011711508899060136,0.011591185642166123,0.011671398766338825,190849,0.0,0.0
1979-02-26 00:00:00-05:00,0.011671398766338825,0.011791722023232839,0.011671398766338825,0.011671398766338825,105797,0.0,0.0
1979-02-27 00:00:00-05:00,0.0116714093315847,0.0116714093315847,0.01147087276898737,0.01151097659021616,201222,0.0,0.0
1979-02-28 00:00:00-05:00,0.011510977665126956,0.011591197217202852,0.011470873840153217,0.011470873840153217,126541,0.0,0.0
1979-03-01 00:00:00-05:00,0.011470866013984563,0.011871946044266224,0.011470866013984563,0.011871946044266224,143137,0.0,0.0
1979-03-02 00:00:00-05:00,0.011871956247290273,0.011871956247290273,0.011791735887527466,0.011791735887527466,87127,0.0,0.0
1979-03-05 00:00:00-05:00,0.011791735887527466,0.012072492864140657,0.011791735887527466,0.011791735887527466,348508,0.0,0.0
1979-03-06 00:00:00-05:00,0.011791729593230531,0.011912052927369137,0.011711516417562962,0.011711516417562962,342284,0.0,0.0
1979-03-07 00:00:00-05:00,0.011711512354101712,0.011912048794329166,0.011711512354101712,0.011912048794329166,887864,0.0,0.0
1979-03-08 00:00:00-05:00,0.011912048794329166,0.0119922682899631,0.011871945791046891,0.011912048794329166,352656,0.0,0.0
1979-03-09 00:00:00-05:00,0.011912048794329166,0.012072482231274348,0.011912048794329166,0.011912048794329166,286274,0.0,0.0
1979-03-12 00:00:00-05:00,0.011912048794329166,0.0119922682899631,0.011912048794329166,0.011912048794329166,56010,0.0,0.0
1979-03-13 00:00:00-05:00,0.011912049629452541,0.012192805584997015,0.011912049629452541,0.012072483077645302,197073,0.0,0.0
1979-03-14 00:00:00-05:00,0.012072483077645302,0.012273025879729659,0.012072483077645302,0.012072483077645302,97499,0.0,0.0
1979-03-15 00:00:00-05:00,0.012072483077645302,0.012072483077645302,0.011912049629452541,0.012072483077645302,221966,0.0,0.0
1979-03-16 00:00:00-05:00,0.01207248220543322,0.012112591556426997,0.01199226826429367,0.01199226826429367,709462,0.0,0.0
1979-03-19 00:00:00-05:00,0.01199226826429367,0.01207248220543322,0.011912048768831446,0.01199226826429367,618186,0.0,0.0
1979-03-20 00:00:00-05:00,0.011992276423548425,0.012112599797546864,0.011992276423548425,0.012112599797546864,296646,0.0,0.0
1979-03-21 00:00:00-05:00,0.012112587520124578,0.012192800641059875,0.012112587520124578,0.012192800641059875,101648,0.0,0.0
1979-03-22 00:00:00-05:00,0.012192810031584561,0.0122730303555727,0.012112596848871554,0.0122730303555727,118244,0.0,0.0
1979-03-23 00:00:00-05:00,0.012313133184186153,0.012393353506922722,0.012313133184186153,0.012393353506922722,275902,0.0,0.0
1979-03-26 00:00:00-05:00,0.012393353427860453,0.012393353427860453,0.012313133105635643,0.012313133105635643,141063,0.0,0.0
1979-03-27 00:00:00-05:00,0.012313133376291637,0.012393353700279776,0.0122730303555727,0.0122730303555727,124467,0.0,0.0
1979-03-28 00:00:00-05:00,0.0122730303555727,0.0122730303555727,0.012112596848871554,0.0122730303555727,205371,0.0,0.0
1979-03-29 00:00:00-05:00,0.01227303334330374,0.01227303334330374,0.012072490419263634,0.012112599797546864,495793,0.0,0.0
1979-03-30 00:00:00-05:00,0.012112599797546864,0.012192812999786867,0.012112599797546864,0.012112599797546864,35266,0.0,0.0
1979-04-02 00:00:00-05:00,0.0121125918407061,0.0121125918407061,0.011791725753446584,0.011871946044266224,889939,0.0,0.0
1979-04-03 00:00:00-05:00,0.011871946044266224,0.011871946044266224,0.011791725753446584,0.011871946044266224,280051,0.0,0.0
1979-04-04 00:00:00-05:00,0.011871946044266224,0.011992268545748818,0.011871946044266224,0.011871946044266224,282125,0.0,0.0
1979-04-05 00:00:00-05:00,0.011871945765635012,0.012112591556426997,0.011871945765635012,0.01199226826429367,244785,0.0,0.0
1979-04-06 00:00:00-05:00,0.012072483077645302,0.012112592431536898,0.012072483077645302,0.012072483077645302,259306,0.0,0.0
1979-04-09 00:00:00-05:00,0.012072478182496517,0.012192800641059875,0.012072478182496517,0.012192800641059875,580846,0.0,0.0
1979-04-10 00:00:00-05:00,0.012273030085798213,0.012313133105635643,0.012273030085798213,0.012313133105635643,458453,0.0,0.0
1979-04-11 00:00:00-05:00,0.012313133376291637,0.012393353700279776,0.0122730303555727,0.0122730303555727,269678,0.0,0.0
1979-04-12 00:00:00-05:00,0.0122730303555727,0.012313133376291637,0.0122730303555727,0.0122730303555727,68457,0.0,0.0
1979-04-16 00:00:00-05:00,0.012273030085798213,0.012313133105635643,0.012273030085798213,0.012313133105635643,145211,0.0,0.0
1979-04-17 00:00:00-05:00,0.012313133184186153,0.012393353506922722,0.012273030164092891,0.012393353506922722,661749,0.0,0.0
1979-04-18 00:00:00-05:00,0.012393353427860453,0.012473566608810287,0.012313133105635643,0.012313133105635643,109946,0.0,0.0
1979-04-19 00:00:00-05:00,0.012313131640203525,0.012874644470374539,0.012313131640203525,0.012794431298971176,562176,0.0,0.0
1979-04-20 00:00:00-05:00,0.012794434611964995,0.012794434611964995,0.012513678520917892,0.012513678520917892,302870,0.0,0.0
1979-04-23 00:00:00-05:00,0.01251367523715426,0.01279443125452705,0.01251367523715426,0.012754321098327637,203296,0.0,0.0
1979-04-24 00:00:00-05:00,0.012754321098327637,0.012954857596776502,0.012754321098327637,0.012754321098327637,667973,0.0,0.0
1979-04-25 00:00:00-05:00,0.01275432395924882,0.012794434124445342,0.012593891233213519,0.012674104422330856,89201,0.0,0.0
1979-04-26 00:00:00-05:00,0.012674104422330856,0.01275432395924882,0.01251367804409618,0.012674104422330856,93350,0.0,0.0
1979-04-27 00:00:00-05:00,0.01267410313182236,0.01267410313182236,0.012313133105635643,0.012313133105635643,277976,0.0,0.0
1979-04-30 00:00:00-04:00,0.012313133105635643,0.012313133105635643,0.012313133105635643,0.012313133105635643,176328,0.0,0.0
1979-05-01 00:00:00-04:00,0.012313133184186153,0.012513676849752553,0.012313133184186153,0.012393353506922722,251008,0.0,0.0
1979-05-02 00:00:00-04:00,0.012372833962308193,0.012494933852488862,0.012372833962308193,0.012454238720238209,116169,0.02709,0.0
1979-05-03 00:00:00-04:00,0.012494922203522609,0.01265772432088852,0.012494922203522609,0.01265772432088852,263455,0.0,0.0
1979-05-04 00:00:00-04:00,0.012657729029665757,0.012657729029665757,0.012291429564356804,0.012291429564356804,381699,0.0,0.0
1979-05-07 00:00:00-04:00,0.012291429564356804,0.012454231742286437,0.012291429564356804,0.012291429564356804,122393,0.0,0.0
1979-05-08 00:00:00-04:00,0.012291429564356804,0.012372827029966473,0.012291429564356804,0.012291429564356804,226115,0.0,0.0
1979-05-09 00:00:00-04:00,0.01229142672146673,0.012454228861741776,0.01225072517991066,0.01225072517991066,80904,0.0,0.0
1979-05-10 00:00:00-04:00,0.012250724905717917,0.012291426446363015,0.012087922769086667,0.012169326655566692,132765,0.0,0.0
1979-05-11 00:00:00-04:00,0.0121693269279376,0.01225072517991066,0.012047227939598315,0.01225072517991066,120318,0.0,0.0
1979-05-14 00:00:00-04:00,0.012250724905717917,0.012250724905717917,0.012087922769086667,0.012169326655566692,192924,0.0,0.0
1979-05-15 00:00:00-04:00,0.012169326655566692,0.012250724905717917,0.012087922769086667,0.012169326655566692,182552,0.0,0.0
1979-05-16 00:00:00-04:00,0.012169326428246696,0.012169326428246696,0.012047227444920981,0.012087922543287277,491645,0.0,0.0
1979-05-17 00:00:00-04:00,0.012087922769086667,0.012250724905717917,0.012087922769086667,0.012169326655566692,62233,0.0,0.0
1979-05-18 00:00:00-04:00,0.012169326655566692,0.012250724905717917,0.012169326655566692,0.012169326655566692,398294,0.0,0.0
1979-05-21 00:00:00-04:00,0.012169326428246696,0.012250724676877421,0.012087922543287277,0.012087922543287277,95425,0.0,0.0
1979-05-22 00:00:00-04:00,0.012087923039635613,0.01225072517991066,0.012087923039635613,0.01225072517991066,224041,0.0,0.0
1979-05-23 00:00:00-04:00,0.01225072517991066,0.012372824168249943,0.01225072517991066,0.01225072517991066,188775,0.0,0.0
1979-05-24 00:00:00-04:00,0.012250718918221383,0.01237281784415245,0.012169320707853254,0.01237281784415245,292497,0.0,0.0
1979-05-25 00:00:00-04:00,0.012372822427175077,0.01265772432088852,0.01229142499184592,0.01265772432088852,352656,0.0,0.0
1979-05-29 00:00:00-04:00,0.01257632730030908,0.01257632730030908,0.012494922615587711,0.012494922615587711,199147,0.0,0.0
1979-05-30 00:00:00-04:00,0.012494922615587711,0.012494922615587711,0.012454227519934866,0.012494922615587711,68457,0.0,0.0
1979-05-31 00:00:00-04:00,0.012494922615587711,0.012494922615587711,0.012372822835213498,0.012494922615587711,269678,0.0,0.0
1979-06-01 00:00:00-04:00,0.012454238720238209,0.012454238720238209,0.012454238720238209,0.012454238720238209,64308,0.0,0.0
1979-06-04 00:00:00-04:00,0.012454231742286437,0.012494926851736124,0.012291429564356804,0.012291429564356804,161807,0.0,0.0
1979-06-05 00:00:00-04:00,0.012291425397199969,0.012494922615587711,0.012291425397199969,0.012494922615587711,130690,0.0,0.0
1979-06-06 00:00:00-04:00,0.012494922615587711,0.01257632730030908,0.012454227519934866,0.012494922615587711,120318,0.0,0.0
1979-06-07 00:00:00-04:00,0.012494922615587711,0.01257632730030908,0.012454227519934866,0.012494922615587711,387922,0.0,0.0
1979-06-08 00:00:00-04:00,0.012494922615587711,0.012494922615587711,0.012454227519934866,0.012494922615587711,159733,0.0,0.0
1979-06-11 00:00:00-04:00,0.012494933852488862,0.012494933852488862,0.012454238720238209,0.012454238720238209,51861,0.0,0.0
1979-06-12 00:00:00-04:00,0.01245422710921183,0.012698426661906898,0.01245422710921183,0.01265772432088852,1145096,0.0,0.0
1979-06-13 00:00:00-04:00,0.012657720787742069,0.012698423117399216,0.012657720787742069,0.012698423117399216,271753,0.0,0.0
1979-06-14 00:00:00-04:00,0.012698426661906898,0.012698426661906898,0.01265772432088852,0.01265772432088852,259306,0.0,0.0
1979-06-15 00:00:00-04:00,0.012657720787742069,0.012698423117399216,0.012494918715819061,0.012698423117399216,51861,0.0,0.0
1979-06-18 00:00:00-04:00,0.012698423117399216,0.012779820530007932,0.012698423117399216,0.012698423117399216,242711,0.0,0.0
1979-06-19 00:00:00-04:00,0.012698425147444369,0.012861219998687147,0.012657722811280307,0.012779822573065758,149360,0.0,0.0
1979-06-20 00:00:00-04:00,0.012779820221594204,0.012942621484398842,0.012779820221594204,0.012942621484398842,211594,0.0,0.0
1979-06-21 00:00:00-04:00,0.012942623865825634,0.012942623865825634,0.012779822573065758,0.012779822573065758,211594,0.0,0.0
1979-06-22 00:00:00-04:00,0.012779820530007932,0.012942621796741431,0.012698423117399216,0.012698423117399216,769621,0.0,0.0
1979-06-25 00:00:00-04:00,0.012698423117399216,0.012779820530007932,0.012698423117399216,0.012698423117399216,354731,0.0,0.0
1979-06-26 00:00:00-04:00,0.012698423117399216,0.012698423117399216,0.012657720787742069,0.012698423117399216,114095,0.0,0.0
1979-06-27 00:00:00-04:00,0.012698423117399216,0.012779820530007932,0.012698423117399216,0.012698423117399216,97499,0.0,0.0
1979-06-28 00:00:00-04:00,0.012698423117399216,0.012779820530007932,0.012698423117399216,0.012698423117399216,176328,0.0,0.0
1979-06-29 00:00:00-04:00,0.012698434508066181,0.012861229479312897,0.012698434508066181,0.012861229479312897,228189,0.0,0.0
1979-07-02 00:00:00-04:00,0.012779832454522726,0.012779832454522726,0.012576335109770298,0.012576335109770298,269678,0.0,0.0
1979-07-03 00:00:00-04:00,0.012576326885559364,0.01265772432088852,0.012576326885559364,0.01265772432088852,93350,0.0,0.0
1979-07-05 00:00:00-04:00,0.012657720787742069,0.012698423117399216,0.012657720787742069,0.012698423117399216,259306,0.0,0.0
1979-07-06 00:00:00-04:00,0.012779822573065758,0.012942623865825634,0.012779822573065758,0.012779822573065758,207445,0.0,0.0
1979-07-09 00:00:00-04:00,0.012779822573065758,0.012861219998687147,0.012779822573065758,0.012779822573065758,242711,0.0,0.0
1979-07-10 00:00:00-04:00,0.012942626469485912,0.013186826042182293,0.012942626469485912,0.013064726255834103,437709,0.0,0.0
1979-07-11 00:00:00-04:00,0.013064729182592511,0.013186828996293481,0.013064729182592511,0.01314612664282322,89201,0.0,0.0
1979-07-12 00:00:00-04:00,0.013146123697830164,0.013146123697830164,0.013064726255834103,0.013064726255834103,130690,0.0,0.0
1979-07-13 00:00:00-04:00,0.013064726255834103,0.013064726255834103,0.012942626469485912,0.013064726255834103,307019,0.0,0.0
1979-07-16 00:00:00-04:00,0.013064726255834103,0.013146123697830164,0.012983328813838041,0.013064726255834103,101648,0.0,0.0
1979-07-17 00:00:00-04:00,0.013064726255834103,0.013146123697830164,0.013064726255834103,0.013064726255834103,460528,0.0,0.0
1979-07-18 00:00:00-04:00,0.013064721223718087,0.013064721223718087,0.012861217632238566,0.012942621484398842,441858,0.0,0.0
1979-07-19 00:00:00-04:00,0.012942621484398842,0.013064721223718087,0.012942621484398842,0.012942621484398842,89201,0.0,0.0
1979-07-20 00:00:00-04:00,0.012942626469485912,0.013064726255834103,0.012942626469485912,0.013064726255834103,186700,0.0,0.0
1979-07-23 00:00:00-04:00,0.013064727978184719,0.013146125430911579,0.012942628175739854,0.012983330525457859,172179,0.0,0.0
1979-07-24 00:00:00-04:00,0.012983330525457859,0.013064727978184719,0.012942628175739854,0.012983330525457859,958396,0.0,0.0
1979-07-25 00:00:00-04:00,0.012983331722361805,0.013186828996293481,0.012861225467140998,0.01314612664282322,597442,0.0,0.0
1979-07-26 00:00:00-04:00,0.01314612664282322,0.013186828996293481,0.01314612664282322,0.01314612664282322,221966,0.0,0.0
1979-07-27 00:00:00-04:00,0.013146127739082346,0.013186830095946789,0.013146127739082346,0.013186830095946789,213668,0.0,0.0
1979-07-30 00:00:00-04:00,0.013186825593131075,0.013268223032355309,0.013146123250164985,0.013268223032355309,277976,0.0,0.0
1979-07-31 00:00:00-04:00,0.013268226757833165,0.013593831099569798,0.013186829295753998,0.013593831099569798,128616,0.0,0.0
1979-08-01 00:00:00-04:00,0.013593829776492348,0.01387873012572527,0.013593829776492348,0.01387873012572527,358880,0.0,0.0
1979-08-02 00:00:00-04:00,0.013761357143792903,0.013967987466921093,0.013761357143792903,0.013802684843540192,277976,0.03109,0.0
1979-08-03 00:00:00-04:00,0.013802678565901396,0.013967981114100535,0.013802678565901396,0.013885325752198696,219892,0.0,0.0
1979-08-06 00:00:00-04:00,0.013885315789725178,0.014298569411039352,0.013885315789725178,0.014298569411039352,251008,0.0,0.0
1979-08-07 00:00:00-04:00,0.014298575471164825,0.0145052072747573,0.014298575471164825,0.014381230808794498,375475,0.0,0.0
1979-08-08 00:00:00-04:00,0.014381220640613387,0.014422541739730604,0.014174590618238222,0.014215918257832527,383773,0.0,0.0
1979-08-09 00:00:00-04:00,0.01417460571974516,0.01417460571974516,0.01396798201771191,0.01417460571974516,423188,0.0,0.0
1979-08-10 00:00:00-04:00,0.01409195714694905,0.01409195714694905,0.013967982269446389,0.014009303413331509,168030,0.0,0.0
1979-08-13 00:00:00-04:00,0.01400930316085233,0.014298580595013514,0.01396798201771191,0.01417460571974516,1097384,0.0,0.0
1979-08-14 00:00:00-04:00,0.014174590618238222,0.014298565361424776,0.014174590618238222,0.014215918257832527,597442,0.0,0.0
1979-08-15 00:00:00-04:00,0.014215933403369635,0.014215933403369635,0.014091956892980265,0.01417460571974516,1840037,0.0,0.0
1979-08-16 00:00:00-04:00,0.014174603379658729,0.014215931056460414,0.014091954566538334,0.014091954566538334,178403,0.0,0.0
1979-08-17 00:00:00-04:00,0.013967977836728096,0.013967977836728096,0.013802675327314664,0.013967977836728096,477123,0.0,0.0
1979-08-20 00:00:00-04:00,0.013967979711736998,0.014091954566538334,0.013802677180133976,0.014091954566538334,205371,0.0,0.0
1979-08-21 00:00:00-04:00,0.01417460571974516,0.014215933403369635,0.01417460571974516,0.01417460571974516,161807,0.0,0.0
1979-08-22 00:00:00-04:00,0.014174594632740888,0.014298569411039352,0.014174594632740888,0.014298569411039352,296646,0.0,0.0
1979-08-23 00:00:00-04:00,0.014298580595013514,0.014381235962262463,0.01417460571974516,0.01417460571974516,387922,0.0,0.0
1979-08-24 00:00:00-04:00,0.01417460571974516,0.014298580595013514,0.01417460571974516,0.01417460571974516,211594,0.0,0.0
1979-08-27 00:00:00-04:00,0.014174594632740888,0.014298569411039352,0.014174594632740888,0.014298569411039352,228189,0.0,0.0
1979-08-28 00:00:00-04:00,0.014298569411039352,0.014298569411039352,0.014215922284039935,0.014298569411039352,248934,0.0,0.0
1979-08-29 00:00:00-04:00,0.014298580595013514,0.014298580595013514,0.014091956892980265,0.01417460571974516,118244,0.0,0.0
1979-08-30 00:00:00-04:00,0.014174594632740888,0.014298569411039352,0.014174594632740888,0.014298569411039352,182552,0.0,0.0
1979-08-31 00:00:00-04:00,0.014298575471164825,0.014381230808794498,0.014298575471164825,0.014381230808794498,149360,0.0,0.0
1979-09-04 00:00:00-04:00,0.014381230808794498,0.014422551937127624,0.014381230808794498,0.014381230808794498,109946,0.0,0.0
1979-09-05 00:00:00-04:00,0.014381235962262463,0.014381235962262463,0.01417460571974516,0.01417460571974516,209519,0.0,0.0
1979-09-06 00:00:00-04:00,0.014174590618238222,0.014215918257832527,0.014174590618238222,0.014215918257832527,176328,0.0,0.0
1979-09-07 00:00:00-04:00,0.014174603379658729,0.014174603379658729,0.014091954566538334,0.014091954566538334,246860,0.0,0.0
1979-09-10 00:00:00-04:00,0.014091954566538334,0.014298578234460065,0.014091954566538334,0.014091954566538334,423188,0.0,0.0
1979-09-11 00:00:00-04:00,0.01409195714694905,0.014174605975203463,0.014009303413331509,0.014009303413331509,85052,0.0,0.0
1979-09-12 00:00:00-04:00,0.014009302254567823,0.014009302254567823,0.013802678565901396,0.013885325752198696,466751,0.0,0.0
1979-09-13 00:00:00-04:00,0.013885325752198696,0.013967981114100535,0.013802678565901396,0.013885325752198696,43563,0.0,0.0
1979-09-14 00:00:00-04:00,0.013885332067426514,0.013885332067426514,0.013678709102345756,0.013802684843540192,112020,0.0,0.0
1979-09-17 00:00:00-04:00,0.013802675327314664,0.014009298967500012,0.013802675327314664,0.013967977836728096,1302754,0.0,0.0
1979-09-18 00:00:00-04:00,0.013967977836728096,0.013967977836728096,0.01376134765606065,0.013967977836728096,170105,0.0,0.0
1979-09-19 00:00:00-04:00,0.013967979223571668,0.013967979223571668,0.013761349022388458,0.013761349022388458,89201,0.0,0.0
1979-09-20 00:00:00-04:00,0.01376134765606065,0.013967977836728096,0.013678699671594982,0.013967977836728096,80904,0.0,0.0
1979-09-21 00:00:00-04:00,0.013967979711736998,0.014174603379658729,0.013802677180133976,0.014091954566538334,296646,0.0,0.0
1979-09-24 00:00:00-04:00,0.014091952674887515,0.014091952674887515,0.013967977836728096,0.013967977836728096,105797,0.0,0.0
1979-09-25 00:00:00-04:00,0.013967979223571668,0.013967979223571668,0.013761349022388458,0.013761349022388458,103722,0.0,0.0
1979-09-26 00:00:00-04:00,0.013761349503332292,0.014091954566538334,0.013761349503332292,0.014091954566538334,180477,0.0,0.0
1979-09-27 00:00:00-04:00,0.0140919418795267,0.014298565361424776,0.0140919418795267,0.014215918257832527,333986,0.0,0.0
1979-09-28 00:00:00-04:00,0.014215933659572756,0.014215933659572756,0.013967982269446389,0.014009303413331509,472975,0.0,0.0
1979-10-01 00:00:00-04:00,0.014009288235457362,0.014215918257832527,0.013802664753559285,0.014215918257832527,528985,0.0,0.0
1979-10-02 00:00:00-04:00,0.01421592830913729,0.014381230808794498,0.014174600640322452,0.014381230808794498,481272,0.0,0.0
1979-10-03 00:00:00-04:00,0.01431923604470644,0.01431923604470644,0.014133275486528873,0.014133275486528873,114786,0.0,1.5
1979-10-04 00:00:00-04:00,0.01413328136281993,0.014567193327591378,0.01413328136281993,0.01444321684539318,99574,0.0,0.0
1979-10-05 00:00:00-04:00,0.014505208469927311,0.014691167461272275,0.014505208469927311,0.014505208469927311,632016,0.0,0.0
1979-10-08 00:00:00-04:00,0.014505208469927311,0.014567192620214883,0.014505208469927311,0.014505208469927311,208828,0.0,0.0
1979-10-09 00:00:00-04:00,0.014505205037464615,0.014505205037464615,0.01400929597986191,0.014071286655962467,287657,0.0,0.0
1979-10-10 00:00:00-04:00,0.013885320041861228,0.013885320041861228,0.012831525110459503,0.0129555007442832,839461,0.0,0.0
1979-10-11 00:00:00-04:00,0.01295549744215876,0.013389414911404317,0.01295549744215876,0.013265439309179783,222658,0.0,0.0
1979-10-12 00:00:00-04:00,0.013265437506817215,0.01345140456390644,0.013203446852667876,0.013327421620488167,142446,0.0,0.0
1979-10-15 00:00:00-04:00,0.013327423431272458,0.013451406391536178,0.013265439309179783,0.013265439309179783,118935,0.0,0.0
1979-10-16 00:00:00-04:00,0.013265449653317413,0.013389425352215767,0.013265449653317413,0.013389425352215767,47021,0.0,0.0
1979-10-17 00:00:00-04:00,0.013389425352215767,0.013451416880687407,0.013389425352215767,0.013389425352215767,246168,0.0,0.0
1979-10-18 00:00:00-04:00,0.013327423431272458,0.013327423431272458,0.013203448646607831,0.013265439309179783,125850,0.0,0.0
1979-10-19 00:00:00-04:00,0.013203448009224447,0.013203448009224447,0.012831521220505238,0.012831521220505238,81595,0.0,0.0
1979-10-22 00:00:00-04:00,0.012831521220505238,0.012955496816744974,0.012583570028025765,0.012831521220505238,425954,0.0,0.0
1979-10-23 00:00:00-04:00,0.012831521220505238,0.01307947241298471,0.012769537101404785,0.012831521220505238,131382,0.0,0.0
1979-10-24 00:00:00-04:00,0.012831524606733811,0.012831524606733811,0.01258357334882021,0.01258357334882021,81595,0.0,0.0
1979-10-25 00:00:00-04:00,0.012583581820026325,0.012707557532442971,0.012583581820026325,0.012645573355257511,34574,0.0,0.0
1979-10-26 00:00:00-04:00,0.012645561505165048,0.012831521220505238,0.012397603772206616,0.012831521220505238,70531,0.0,0.0
1979-10-29 00:00:00-05:00,0.012831521220505238,0.013141463072564124,0.012707545624265501,0.012831521220505238,94042,0.0,0.0
1979-10-30 00:00:00-05:00,0.012831521220505238,0.012831521220505238,0.012645561505165048,0.012831521220505238,107871,0.0,0.0
1979-10-31 00:00:00-05:00,0.01283153324485962,0.012893524780090806,0.012645573355257511,0.012645573355257511,44255,0.0,0.0
1979-11-01 00:00:00-05:00,0.012645565303375772,0.012893516570329666,0.012583573807616778,0.012893516570329666,611271,0.0,0.0
1979-11-02 00:00:00-05:00,0.012984267384606962,0.012984267384606962,0.012606079690158367,0.012606079690158367,189466,0.03109,0.0
1979-11-05 00:00:00-05:00,0.01260607639820057,0.012732136713276476,0.012164869036319087,0.012353955768048763,221275,0.0,0.0
1979-11-06 00:00:00-05:00,0.012353954925165278,0.012353954925165278,0.0119127409429261,0.01229092851281166,165956,0.0,0.0
1979-11-07 00:00:00-05:00,0.01229092851281166,0.012353954925165278,0.012227894618690194,0.01229092851281166,34574,0.0,0.0
1979-11-08 00:00:00-05:00,0.01229092093191808,0.012543041389363354,0.01229092093191808,0.012416981160640717,201913,0.0,0.0
1979-11-09 00:00:00-05:00,0.01241699130335937,0.013047292130521646,0.012353957396627698,0.012921231798827648,186700,0.0,0.0
1979-11-12 00:00:00-05:00,0.012984263687229264,0.013488504104316235,0.012984263687229264,0.013488504104316235,120318,0.0,0.0
1979-11-13 00:00:00-05:00,0.013425470538816459,0.013425470538816459,0.013173349924006457,0.013299410231411457,88510,0.0,0.0
1979-11-14 00:00:00-05:00,0.013173348351738336,0.013173348351738336,0.013110321946442127,0.013110321946442127,100957,0.0,0.0
1979-11-15 00:00:00-05:00,0.013110321946442127,0.013362441699853537,0.013110321946442127,0.013110321946442127,100957,0.0,0.0
1979-11-16 00:00:00-05:00,0.013110321123732092,0.013110321123732092,0.013047287240624428,0.013047287240624428,156275,0.0,0.0
1979-11-19 00:00:00-05:00,0.013047292933486486,0.013047292933486486,0.012921232594034403,0.012984266504645348,84361,0.0,0.0
1979-11-20 00:00:00-05:00,0.012984260839283305,0.013110321123732092,0.012984260839283305,0.013047287240624428,132765,0.0,0.0
1979-11-21 00:00:00-05:00,0.013047287240624428,0.013110321123732092,0.012921226956175643,0.013047287240624428,224041,0.0,0.0
1979-11-23 00:00:00-05:00,0.013047290746007285,0.013173351064324379,0.012984264327733013,0.013173351064324379,443932,0.0,0.0
1979-11-26 00:00:00-05:00,0.013677597681022946,0.013866684399545193,0.013677597681022946,0.013866684399545193,457762,0.0,0.0
1979-11-27 00:00:00-05:00,0.013866684399545193,0.014181838906106052,0.013866684399545193,0.013866684399545193,237870,0.0,0.0
1979-11-28 00:00:00-05:00,0.013866681789712931,0.013866681789712931,0.013740621507167816,0.013740621507167816,29042,0.0,0.0
1979-11-29 00:00:00-05:00,0.013740621507167816,0.013866681789712931,0.013677595106778472,0.013740621507167816,168722,0.0,0.0
1979-11-30 00:00:00-05:00,0.013740624728513508,0.013740624728513508,0.013488504104316235,0.013488504104316235,120318,0.0,0.0
1979-12-03 00:00:00-05:00,0.013551529263713832,0.013677597045898438,0.013551529263713832,0.013677597045898438,138297,0.0,0.0
1979-12-04 00:00:00-05:00,0.013677597045898438,0.01386668375564037,0.013614563154806135,0.013677597045898438,165956,0.0,0.0
1979-12-05 00:00:00-05:00,0.013677595106778472,0.013866681789712931,0.013677595106778472,0.013740621507167816,106488,0.0,0.0
1979-12-06 00:00:00-05:00,0.013740624093274416,0.013866684399545193,0.013740624093274416,0.013866684399545193,91276,0.0,0.0
1979-12-07 00:00:00-05:00,0.013866684399545193,0.014118804180779208,0.013866684399545193,0.013866684399545193,302870,0.0,0.0
1979-12-10 00:00:00-05:00,0.013866684399545193,0.01399274470581597,0.013866684399545193,0.013866684399545193,55319,0.0,0.0
1979-12-11 00:00:00-05:00,0.013866684399545193,0.013866684399545193,0.013866684399545193,0.013866684399545193,38723,0.0,0.0
1979-12-12 00:00:00-05:00,0.013929721890970286,0.014118808669609394,0.013929721890970286,0.013992749154567719,67765,0.0,0.0
1979-12-13 00:00:00-05:00,0.013992746015515757,0.014181840233504772,0.013866685697445928,0.014181840233504772,185318,0.0,0.0
1979-12-14 00:00:00-05:00,0.014181842921291413,0.014307902431944816,0.014055781748022465,0.014244869351387024,264147,0.0,0.0
1979-12-17 00:00:00-05:00,0.01424485798841168,0.014307891018688679,0.014181831608591558,0.014307891018688679,123084,0.0,0.0
1979-12-18 00:00:00-05:00,0.01418184341497704,0.01418184341497704,0.013992749154567719,0.013992749154567719,286274,0.0,0.0
1979-12-19 00:00:00-05:00,0.01399274535271078,0.01399274535271078,0.013425471038690401,0.013488504104316235,1042757,0.0,0.0
1979-12-20 00:00:00-05:00,0.013488510877680115,0.013551537324494578,0.013299417405000843,0.013425477780401707,88510,0.0,0.0
1979-12-21 00:00:00-05:00,0.013425477780401707,0.01361457125308098,0.013425477780401707,0.013425477780401707,177020,0.0,0.0
1979-12-24 00:00:00-05:00,0.013425470538816459,0.013551530014913915,0.013173349924006457,0.013299410231411457,89893,0.0,0.0
1979-12-26 00:00:00-05:00,0.013299411382641475,0.013425471700958569,0.013173351064324379,0.013173351064324379,37340,0.0,0.0
1979-12-27 00:00:00-05:00,0.013173348351738336,0.013299408644097763,0.013110321946442127,0.013110321946442127,34574,0.0,0.0
1979-12-28 00:00:00-05:00,0.013110321946442127,0.013110321946442127,0.013047288059378907,0.013110321946442127,30425,0.0,0.0
1979-12-31 00:00:00-05:00,0.01311032684409743,0.013173353272938568,0.012984266504645348,0.012984266504645348,51170,0.0,0.0
1980-01-02 00:00:00-05:00,0.012984267384606962,0.013047293817719487,0.012606079690158367,0.012606079690158367,66382,0.0,0.0
1980-01-03 00:00:00-05:00,0.012416989666470894,0.012416989666470894,0.012164869036319087,0.012353955768048763,266913,0.0,0.0
1980-01-04 00:00:00-05:00,0.012353949100163884,0.012480009347200394,0.012353949100163884,0.012480009347200394,134148,0.0,0.0
1980-01-07 00:00:00-05:00,0.012480009347200394,0.012480009347200394,0.012353949100163884,0.012480009347200394,74680,0.0,0.0
1980-01-08 00:00:00-05:00,0.012480009347200394,0.012543043211600808,0.012353949100163884,0.012480009347200394,109254,0.0,0.0
1980-01-09 00:00:00-05:00,0.012480019342163001,0.012921233469724123,0.012480019342163001,0.012606079690158367,302870,0.0,0.0
1980-01-10 00:00:00-05:00,0.012606078835827051,0.013047292933486486,0.012606078835827051,0.012984266504645348,218509,0.0,0.0
1980-01-11 00:00:00-05:00,0.012984266504645348,0.013047292933486486,0.012795172254582321,0.012984266504645348,316699,0.0,0.0
1980-01-14 00:00:00-05:00,0.012984261654082698,0.013173348351738336,0.01285820136172327,0.013110321946442127,134148,0.0,0.0
1980-01-15 00:00:00-05:00,0.013110324646050107,0.013425471700958569,0.013047290746007285,0.013173351064324379,110637,0.0,0.0
1980-01-16 00:00:00-05:00,0.013173348351738336,0.013362441699853537,0.013110321946442127,0.013110321946442127,82978,0.0,0.0
1980-01-17 00:00:00-05:00,0.013110330888201075,0.013110330888201075,0.012858210131525993,0.012858210131525993,160424,0.0,0.0
1980-01-18 00:00:00-05:00,0.012858206165193266,0.012984266504645348,0.012858206165193266,0.012984266504645348,125850,0.0,0.0
1980-01-21 00:00:00-05:00,0.012984261654082698,0.013173348351738336,0.012984261654082698,0.013110321946442127,159041,0.0,0.0
1980-01-22 00:00:00-05:00,0.013110323511187908,0.013425470538816459,0.013047289616601456,0.013299410231411457,154892,0.0,0.0
1980-01-23 00:00:00-05:00,0.013110321123732092,0.013110321123732092,0.012921226956175643,0.013047287240624428,232338,0.0,0.0
1980-01-24 00:00:00-05:00,0.013110321946442127,0.013362441699853537,0.013110321946442127,0.013110321946442127,277976,0.0,0.0
1980-01-25 00:00:00-05:00,0.013110323511187908,0.013299410231411457,0.013047289616601456,0.013299410231411457,95425,0.0,0.0
1980-01-28 00:00:00-05:00,0.013299417405000843,0.013551537324494578,0.013299417405000843,0.013425477780401707,167339,0.0,0.0
1980-01-29 00:00:00-05:00,0.013425477780401707,0.01361457125308098,0.013425477780401707,0.013425477780401707,99574,0.0,0.0
1980-01-30 00:00:00-05:00,0.013425477780401707,0.013551537324494578,0.013299417405000843,0.013425477780401707,76063,0.0,0.0
1980-01-31 00:00:00-05:00,0.01336244086132227,0.01336244086132227,0.013047287240624428,0.013047287240624428,81595,0.0,0.0
1980-02-01 00:00:00-05:00,0.013047287240624428,0.013047287240624428,0.012795166671726857,0.013047287240624428,177020,0.0,0.0
1980-02-04 00:00:00-05:00,0.013267766209206593,0.01358824543851218,0.013267766209206593,0.013395956717431545,141063,0.03109,0.0
1980-02-05 00:00:00-05:00,0.01352414167151502,0.01390871980109161,0.01352414167151502,0.013652332127094269,229572,0.0,0.0
1980-02-06 00:00:00-05:00,0.013716425746679306,0.013844616159576972,0.013716425746679306,0.013716425746679306,114786,0.0,0.0
1980-02-07 00:00:00-05:00,0.013716430313625887,0.013844620769205137,0.013588239858046637,0.013652332127094269,164573,0.0,0.0
1980-02-08 00:00:00-05:00,0.013652332127094269,0.013780521737318665,0.013588239858046637,0.013652332127094269,66382,0.0,0.0
1980-02-11 00:00:00-05:00,0.013652329789899454,0.013844618399091697,0.01333185750991106,0.01333185750991106,264147,0.0,0.0
1980-02-12 00:00:00-05:00,0.013331865267417479,0.01358824543851218,0.013331865267417479,0.013395956717431545,367869,0.0,0.0
1980-02-13 00:00:00-05:00,0.013395956717431545,0.01358824543851218,0.013331865267417479,0.013395956717431545,275210,0.0,0.0
1980-02-14 00:00:00-05:00,0.013395948922631781,0.013588237531824024,0.01333185750991106,0.01333185750991106,117552,0.0,0.0
1980-02-15 00:00:00-05:00,0.013331861065690027,0.013524142963328642,0.013267762027680874,0.013267762027680874,110637,0.0,0.0
1980-02-19 00:00:00-05:00,0.013267762027680874,0.013331861065690027,0.013203670597866143,0.013267762027680874,102340,0.0,0.0
1980-02-20 00:00:00-05:00,0.01320367139925594,0.01320367139925594,0.012947283685207367,0.012947283685207367,212977,0.0,0.0
1980-02-21 00:00:00-05:00,0.012947273407251067,0.012947273407251067,0.01269089265956556,0.01275499165058136,645845,0.0,0.0
1980-02-22 00:00:00-05:00,0.012755009742659784,0.012819101216395956,0.012562720105051994,0.012562720105051994,128616,0.0,0.0
1980-02-25 00:00:00-05:00,0.012562708998517573,0.012562708998517573,0.012178137671496345,0.012370427139103413,784142,0.0,0.0
1980-02-26 00:00:00-05:00,0.012370433509114676,0.012370433509114676,0.012178143942490324,0.01230633445084095,69148,0.0,0.0
1980-02-27 00:00:00-05:00,0.01230633445084095,0.0124986240174653,0.012114045729571801,0.01230633445084095,225424,0.0,0.0
1980-02-28 00:00:00-05:00,0.01230633445084095,0.012434524959191574,0.012114045729571801,0.01230633445084095,153509,0.0,0.0
1980-02-29 00:00:00-05:00,0.012306324462150965,0.01237042346839737,0.01211403589695692,0.01211403589695692,143829,0.0,0.0
1980-03-03 00:00:00-05:00,0.012114042705637281,0.01249862089753151,0.012114042705637281,0.01249862089753151,439783,0.0,0.0
1980-03-04 00:00:00-05:00,0.012498617581443822,0.012498617581443822,0.012178137671496345,0.012370427139103413,331912,0.0,0.0
1980-03-05 00:00:00-05:00,0.012370428315663562,0.012498618770196255,0.012178138829767704,0.012178138829767704,103722,0.0,0.0
1980-03-06 00:00:00-05:00,0.012178138220022767,0.012370427696290919,0.01198584958910942,0.01198584958910942,145211,0.0,0.0
1980-03-07 00:00:00-05:00,0.011985845135679692,0.012114035536163947,0.011985845135679692,0.012049944140017033,102340,0.0,0.0
1980-03-10 00:00:00-05:00,0.011985844360226847,0.011985844360226847,0.011857653968036175,0.011857653968036175,372018,0.0,0.0
1980-03-11 00:00:00-05:00,0.011921754094599012,0.01211403589695692,0.011921754094599012,0.01211403589695692,217126,0.0,0.0
1980-03-12 00:00:00-05:00,0.01211404003722377,0.012178138220022767,0.01198584958910942,0.01198584958910942,165956,0.0,0.0
1980-03-13 00:00:00-05:00,0.011985846828857831,0.012114037247450879,0.011601275573078688,0.01179356500506401,129999,0.0,0.0
1980-03-14 00:00:00-05:00,0.011793565746286983,0.011793565746286983,0.011537184892987409,0.0117294667288661,399677,0.0,0.0
1980-03-17 00:00:00-05:00,0.011729468669118934,0.011729468669118934,0.011537186801433563,0.011537186801433563,141063,0.0,0.0
1980-03-18 00:00:00-05:00,0.011537186801433563,0.011729468669118934,0.011408989590740472,0.011537186801433563,330529,0.0,0.0
1980-03-19 00:00:00-05:00,0.011537184892987409,0.011793565746286983,0.011537184892987409,0.0117294667288661,113403,0.0,0.0
1980-03-20 00:00:00-05:00,0.011601278221264274,0.011601278221264274,0.011473087773409616,0.011537186801433563,218509,0.0,0.0
1980-03-21 00:00:00-05:00,0.011537186801433563,0.011601278221264274,0.011537186801433563,0.011537186801433563,414890,0.0,0.0
1980-03-24 00:00:00-05:00,0.011537187467127799,0.011537187467127799,0.011408990249037743,0.011408990249037743,266913,0.0,0.0
1980-03-25 00:00:00-05:00,0.011408987497397462,0.01147308566830575,0.011152606648729396,0.011216705664992332,258615,0.0,0.0
1980-03-26 00:00:00-05:00,0.01128079742193222,0.01147308602312124,0.01128079742193222,0.01128079742193222,181169,0.0,0.0
1980-03-27 00:00:00-05:00,0.01128079742193222,0.011344896440177476,0.01128079742193222,0.01128079742193222,212977,0.0,0.0
1980-03-28 00:00:00-05:00,0.011408990249037743,0.011537187467127799,0.011408990249037743,0.011408990249037743,88510,0.0,0.0
1980-03-31 00:00:00-05:00,0.01147308515448564,0.01179356500506401,0.01147308515448564,0.01179356500506401,156275,0.0,0.0
1980-04-01 00:00:00-05:00,0.01179356500506401,0.01179356500506401,0.011537184167877915,0.01179356500506401,185318,0.0,0.0
1980-04-02 00:00:00-05:00,0.01179356500506401,0.011857656410264783,0.011601275573078688,0.01179356500506401,868503,0.0,0.0
1980-04-03 00:00:00-05:00,0.011793568469969819,0.01185765989400041,0.011408990338366185,0.011473088525235653,302870,0.0,0.0
1980-04-07 00:00:00-05:00,0.011473087773409616,0.011537186801433563,0.011408989590740472,0.011537186801433563,773078,0.0,0.0
1980-04-08 00:00:00-05:00,0.011537181791654463,0.011857653968036175,0.01147308279146416,0.011857653968036175,608505,0.0,0.0
1980-04-09 00:00:00-05:00,0.011857653968036175,0.011985844360226847,0.011857653968036175,0.011857653968036175,788291,0.0,0.0
1980-04-10 00:00:00-05:00,0.011857659116973594,0.012049948592852201,0.011537186801433563,0.011537186801433563,71914,0.0,0.0
1980-04-11 00:00:00-05:00,0.011601275573078688,0.011985846828857831,0.011601275573078688,0.01179356500506401,117552,0.0,0.0
1980-04-14 00:00:00-05:00,0.011793565746286983,0.011857657155515887,0.011537184892987409,0.0117294667288661,55319,0.0,0.0
1980-04-15 00:00:00-05:00,0.011729462418659303,0.011729462418659303,0.011601272039115429,0.011601272039115429,41489,0.0,0.0
1980-04-16 00:00:00-05:00,0.011601274949214766,0.011601274949214766,0.010960323736071587,0.010960323736071587,779993,0.0,0.0
1980-04-17 00:00:00-05:00,0.010832142057405859,0.010832142057405859,0.010383472295992232,0.010511662811040878,1254351,0.0,0.0
1980-04-18 00:00:00-05:00,0.010511654813518167,0.010768035648554683,0.010383464395999908,0.010383464395999908,170105,0.0,0.0
1980-04-21 00:00:00-05:00,0.010383462185106685,0.010703934356570244,0.010383462185106685,0.010703934356570244,123084,0.0,0.0
1980-04-22 00:00:00-05:00,0.010703935590447309,0.011280795371689514,0.010703935590447309,0.0110244145616889,197764,0.0,0.0
1980-04-23 00:00:00-05:00,0.011473088525235653,0.01153718755745998,0.011473088525235653,0.011473088525235653,163190,0.0,0.0
1980-04-24 00:00:00-05:00,0.01147308279146416,0.011921752968226477,0.01147308279146416,0.011857653968036175,113403,0.0,0.0
1980-04-25 00:00:00-05:00,0.011857656410264783,0.011985846828857831,0.011537184167877915,0.01179356500506401,212977,0.0,0.0
1980-04-28 00:00:00-04:00,0.011921758169148873,0.01211404003722377,0.011921758169148873,0.01198584958910942,51170,0.0,0.0
1980-04-29 00:00:00-04:00,0.011985845135679692,0.012114035536163947,0.011985845135679692,0.012049944140017033,105105,0.0,0.0
1980-04-30 00:00:00-04:00,0.012049944140017033,0.012049944140017033,0.011921753739532777,0.012049944140017033,89893,0.0,0.0
1980-05-01 00:00:00-04:00,0.01211403589695692,0.012498613872699528,0.01211403589695692,0.01211403589695692,185318,0.0,0.0
1980-05-02 00:00:00-04:00,0.012338598551112733,0.012338598551112733,0.012142752345260346,0.012273319065570831,150743,0.03109,0.0
1980-05-05 00:00:00-04:00,0.012273319065570831,0.012273319065570831,0.01220803183080225,0.012273319065570831,608505,0.0,0.0
1980-05-06 00:00:00-04:00,0.01227331506921701,0.012338594533503056,0.012208027855706809,0.012338594533503056,547655,0.0,0.0
1980-05-07 00:00:00-04:00,0.012338590931551813,0.012338590931551813,0.012142744846642017,0.012142744846642017,324997,0.0,0.0
1980-05-08 00:00:00-04:00,0.01214274659946695,0.012338592712647445,0.01201217994093895,0.01201217994093895,1169990,0.0,0.0
1980-05-09 00:00:00-04:00,0.012012180504072012,0.012077459961784819,0.01194689329713583,0.01194689329713583,242019,0.0,0.0
1980-05-12 00:00:00-04:00,0.01194689601713094,0.01194689601713094,0.011751049850180105,0.011816329322755337,87127,0.0,0.0
1980-05-13 00:00:00-04:00,0.011816326632486841,0.012077459961784819,0.011751047174774034,0.01194689329713583,219892,0.0,0.0
1980-05-14 00:00:00-04:00,0.011946900702176185,0.01220803419333238,0.011685767211019993,0.011685767211019993,172871,0.0,0.0
1980-05-15 00:00:00-04:00,0.011685762269373649,0.011685762269373649,0.011620475910604,0.011620475910604,337444,0.0,0.0
1980-05-16 00:00:00-04:00,0.011620470137369006,0.012077456340193748,0.011620470137369006,0.012077456340193748,406592,0.0,0.0
1980-05-19 00:00:00-04:00,0.012077459961784819,0.012077459961784819,0.01194689329713583,0.01194689329713583,131382,0.0,0.0
1980-05-20 00:00:00-04:00,0.011946896301139416,0.012077462998618924,0.011751050129532814,0.011751050129532814,138297,0.0,0.0
1980-05-21 00:00:00-04:00,0.011751049850180105,0.01194689601713094,0.011751049850180105,0.011816329322755337,315316,0.0,0.0
1980-05-22 00:00:00-04:00,0.01194689143168688,0.01266501098871231,0.01194689143168688,0.01266501098871231,526910,0.0,0.0
1980-05-23 00:00:00-04:00,0.012665009783681843,0.013252562640542075,0.01259973034237321,0.01299143023788929,897545,0.0,0.0
1980-05-27 00:00:00-04:00,0.012991433863104246,0.012991433863104246,0.012730300526558498,0.012860867194831371,489570,0.0,0.0
1980-05-28 00:00:00-04:00,0.012860869225555726,0.013252568431198597,0.012795582006498678,0.013252568431198597,341593,0.0,0.0
1980-05-29 00:00:00-04:00,0.013252563201075328,0.013252563201075328,0.01292614359408617,0.01292614359408617,159041,0.0,0.0
1980-05-30 00:00:00-04:00,0.012926153892559373,0.013317861004919305,0.012926153892559373,0.013187287375330925,336061,0.0,0.0
1980-06-02 00:00:00-04:00,0.013056710231447338,0.013056710231447338,0.01292614359408617,0.01292614359408617,105105,0.0,0.0
1980-06-03 00:00:00-04:00,0.01292614359408617,0.013056710231447338,0.012730297512655295,0.01292614359408617,403826,0.0,0.0
1980-06-04 00:00:00-04:00,0.01292614359408617,0.012991430787377632,0.01292614359408617,0.01292614359408617,150743,0.0,0.0
1980-06-05 00:00:00-04:00,0.012926146654356013,0.012991433863104246,0.012860867194831371,0.012860867194831371,150743,0.0,0.0
1980-06-06 00:00:00-04:00,0.012860878059478354,0.012926157574149997,0.012795590795576572,0.012795590795576572,289040,0.0,0.0
1980-06-09 00:00:00-04:00,0.012795590795576572,0.012860878059478354,0.012795590795576572,0.012795590795576572,53936,0.0,0.0
1980-06-10 00:00:00-04:00,0.01279557998608314,0.012926146654356013,0.01279557998608314,0.012860867194831371,84361,0.0,0.0
1980-06-11 00:00:00-04:00,0.012860867194831371,0.012926146654356013,0.012860867194831371,0.012860867194831371,239253,0.0,0.0
1980-06-12 00:00:00-04:00,0.012860867194831371,0.012926146654356013,0.01279557998608314,0.012860867194831371,134148,0.0,0.0
1980-06-13 00:00:00-04:00,0.012860864150016464,0.012991430787377632,0.012860864150016464,0.01292614359408617,204679,0.0,0.0
1980-06-16 00:00:00-04:00,0.01292614359408617,0.01292614359408617,0.01292614359408617,0.01292614359408617,23510,0.0,0.0
1980-06-17 00:00:00-04:00,0.01292614359408617,0.01292614359408617,0.01292614359408617,0.01292614359408617,113403,0.0,0.0
1980-06-18 00:00:00-04:00,0.012926154787875939,0.013056721538305283,0.0128608752872755,0.013056721538305283,170105,0.0,0.0
1980-06-19 00:00:00-04:00,0.013056721538305283,0.013056721538305283,0.013056721538305283,0.013056721538305283,102340,0.0,0.0
1980-06-20 00:00:00-04:00,0.013056721538305283,0.013252574677538148,0.013056721538305283,0.013056721538305283,286274,0.0,0.0
1980-06-23 00:00:00-04:00,0.013056715384277245,0.013252568431198597,0.013056715384277245,0.013252568431198597,70531,0.0,0.0
1980-06-24 00:00:00-04:00,0.013252572569544869,0.013578993268311024,0.013252572569544869,0.013578993268311024,218509,0.0,0.0
1980-06-25 00:00:00-04:00,0.013578991177513723,0.013774837367236614,0.013578991177513723,0.013774837367236614,210211,0.0,0.0
1980-06-26 00:00:00-04:00,0.013774840155628618,0.014166547251793242,0.013644273419641181,0.014035972766578197,279359,0.0,0.0
1980-06-27 00:00:00-04:00,0.01410125308408695,0.014427672777339959,0.01410125308408695,0.014362386427819729,1176904,0.0,0.0
1980-06-30 00:00:00-04:00,0.014362393481160592,0.014362393481160592,0.014035972766578197,0.014035972766578197,327763,0.0,0.0
1980-07-01 00:00:00-04:00,0.01403597186480361,0.01403597186480361,0.013774839270631117,0.01390540599822998,573931,0.0,0.0
1980-07-02 00:00:00-04:00,0.013905405289245018,0.014035971149161578,0.013774838568303265,0.013840124942362309,107871,0.0,0.0
1980-07-03 00:00:00-04:00,0.013840115763139144,0.01403596184004681,0.013840115763139144,0.01397068239748478,105105,0.0,0.0
1980-07-07 00:00:00-04:00,0.01397069166330406,0.014035971149161578,0.013774838568303265,0.013840124942362309,156275,0.0,0.0
1980-07-08 00:00:00-04:00,0.014035972766578197,0.01455824659873026,0.014035972766578197,0.014035972766578197,1189351,0.0,0.0
1980-07-09 00:00:00-04:00,0.014166536011257698,0.014558235047398418,0.014166536011257698,0.014427668415009975,262764,0.0,0.0
1980-07-10 00:00:00-04:00,0.014427681176782196,0.014427681176782196,0.014231828041374683,0.014231828041374683,116169,0.0,0.0
1980-07-11 00:00:00-04:00,0.014231826745173155,0.014362393481160592,0.014035972766578197,0.014035972766578197,182552,0.0,0.0
1980-07-14 00:00:00-04:00,0.014035974951578161,0.014166549457119922,0.014035974951578161,0.014101262204349041,123084,0.0,0.0
1980-07-15 00:00:00-04:00,0.014427668415009975,0.014754081982394958,0.014427668415009975,0.014427668415009975,1125735,0.0,0.0
1980-07-16 00:00:00-04:00,0.014427680548359573,0.014688814893769081,0.014427680548359573,0.014558247290551662,1221159,0.0,0.0
1980-07-17 00:00:00-04:00,0.01455823586266413,0.01462351530790329,0.01455823586266413,0.01462351530790329,107871,0.0,0.0
1980-07-18 00:00:00-04:00,0.014754097226102936,0.01521108306417479,0.014754097226102936,0.015080517157912254,1252968,0.0,0.0
1980-07-21 00:00:00-04:00,0.015080508121376533,0.015080508121376533,0.015015228651463985,0.015015228651463985,131382,0.0,0.0
1980-07-22 00:00:00-04:00,0.015015232468959914,0.01540693177467092,0.015015232468959914,0.015276365913450718,219892,0.0,0.0
1980-07-23 00:00:00-04:00,0.015276363892897942,0.01573334951287591,0.015276363892897942,0.015602776780724525,853290,0.0,0.0
1980-07-24 00:00:00-04:00,0.015602771950017283,0.01566805829587995,0.01547220442444086,0.01547220442444086,141063,0.0,0.0
1980-07-25 00:00:00-04:00,0.015472209214723653,0.01573334951287591,0.015472209214723653,0.015602776780724525,883716,0.0,0.0
1980-07-28 00:00:00-04:00,0.015472203754734291,0.015472203754734291,0.015406924299895763,0.015406924299895763,351273,0.0,0.0
1980-07-29 00:00:00-04:00,0.01540693177467092,0.015472211261180223,0.015276365913450718,0.015276365913450718,827014,0.0,0.0
1980-07-30 00:00:00-04:00,0.015341643370772953,0.01573334951287591,0.015341643370772953,0.015602776780724525,504783,0.0,0.0
1980-07-31 00:00:00-04:00,0.015602781694504202,0.015733354467776833,0.015602781694504202,0.015668068081140518,120318,0.0,0.0
1980-08-01 00:00:00-04:00,0.015668065554866186,0.01586391951704406,0.015668065554866186,0.015733351930975914,517229,0.0,0.0
1980-08-04 00:00:00-04:00,0.015696238726377487,0.015894928521138538,0.015696238726377487,0.015696238726377487,250317,0.03109,0.0
1980-08-05 00:00:00-04:00,0.015696238726377487,0.015828696842566964,0.015696238726377487,0.015696238726377487,154892,0.0,0.0
1980-08-06 00:00:00-04:00,0.015696238726377487,0.015828696842566964,0.015696238726377487,0.015696238726377487,62233,0.0,0.0
1980-08-07 00:00:00-04:00,0.015696238726377487,0.015696238726377487,0.015696238726377487,0.015696238726377487,123084,0.0,0.0
1980-08-08 00:00:00-04:00,0.015828691702093254,0.015961155016218056,0.015828691702093254,0.015894923359155655,286274,0.0,0.0
1980-08-11 00:00:00-04:00,0.015894934766647273,0.016027391187897557,0.01582870306205164,0.015961166471242905,149360,0.0,0.0
1980-08-12 00:00:00-04:00,0.015961166471242905,0.016027391187897557,0.015961166471242905,0.015961166471242905,264147,0.0,0.0
1980-08-13 00:00:00-04:00,0.015961166471242905,0.015961166471242905,0.01582870306205164,0.015961166471242905,442549,0.0,0.0
1980-08-14 00:00:00-04:00,0.015894928521138538,0.015894928521138538,0.015696238726377487,0.015696238726377487,161807,0.0,0.0
1980-08-15 00:00:00-04:00,0.015828697010874748,0.016093618487024307,0.015828697010874748,0.015828697010874748,129999,0.0,0.0
1980-08-18 00:00:00-04:00,0.015828696842566964,0.015828696842566964,0.015696238726377487,0.015696238726377487,85744,0.0,0.0
1980-08-19 00:00:00-04:00,0.01569623397703902,0.01569623397703902,0.015563777647912502,0.015563777647912502,89893,0.0,0.0
1980-08-20 00:00:00-04:00,0.015563765868531226,0.015696222097408716,0.015365083272197702,0.015629997476935387,99574,0.0,0.0
1980-08-21 00:00:00-04:00,0.01569623940033872,0.01649098987858493,0.01569623940033872,0.016292300075292587,1243287,0.0,0.0
1980-08-22 00:00:00-04:00,0.016623450583721146,0.016888365149497986,0.016623450583721146,0.016888365149497986,789674,0.0,0.0
1980-08-25 00:00:00-04:00,0.016888365149497986,0.01695459859515119,0.016689684029374346,0.016888365149497986,369252,0.0,0.0
1980-08-26 00:00:00-04:00,0.016888368891682215,0.01695460235201166,0.016623454267204657,0.016755912452936172,340210,0.0,0.0
1980-08-27 00:00:00-04:00,0.016755902702452054,0.016755902702452054,0.01655721291899681,0.01655721291899681,197764,0.0,0.0
1980-08-28 00:00:00-04:00,0.016557214572061815,0.016557214572061815,0.016292300075292587,0.016292300075292587,200530,0.0,0.0
1980-08-29 00:00:00-04:00,0.016226075544021126,0.016226075544021126,0.016093619167804718,0.016093619167804718,49787,0.0,0.0
1980-09-02 00:00:00-04:00,0.016093611315106927,0.01622606762669276,0.016027377918362617,0.016027377918362617,89893,0.0,0.0
1980-09-03 00:00:00-04:00,0.016027385738742562,0.016093619167804718,0.016027385738742562,0.016093619167804718,135531,0.0,0.0
1980-09-04 00:00:00-04:00,0.01655721888505303,0.01695459859515119,0.01655721888505303,0.016888365149497986,571165,0.0,0.0
1980-09-05 00:00:00-04:00,0.016888365149497986,0.017087055004547064,0.016822140438770224,0.016888365149497986,264147,0.0,0.0
1980-09-08 00:00:00-04:00,0.016888354055751828,0.017087043780284143,0.016623439663993902,0.01668967306613922,354039,0.0,0.0
1980-09-09 00:00:00-04:00,0.01668967306613922,0.016755897733364836,0.016557208008832522,0.01668967306613922,149360,0.0,0.0
1980-09-10 00:00:00-04:00,0.01675590743028826,0.017351968213915825,0.01675590743028826,0.017351968213915825,638931,0.0,0.0
1980-09-11 00:00:00-04:00,0.017351963358071938,0.017948023974895477,0.017351963358071938,0.017948023974895477,858822,0.0,0.0
1980-09-12 00:00:00-04:00,0.017881793896863382,0.017881793896863382,0.017550654709339142,0.017550654709339142,347125,0.0,0.0
1980-09-15 00:00:00-04:00,0.017550654709339142,0.01774933577607522,0.01735196490767997,0.017550654709339142,181169,0.0,0.0
1980-09-16 00:00:00-04:00,0.017683111384231488,0.01808048225939274,0.017683111384231488,0.01808048225939274,1030310,0.0,0.0
1980-09-17 00:00:00-04:00,0.01808048225939274,0.01834539675849512,0.01794802588333387,0.01808048225939274,326380,0.0,0.0
1980-09-18 00:00:00-04:00,0.01808048225939274,0.0184116301874785,0.01808048225939274,0.01808048225939274,427337,0.0,0.0
1980-09-19 00:00:00-04:00,0.018080478985748497,0.018345393436885578,0.018080478985748497,0.018279168754816055,1349775,0.0,0.0
1980-09-22 00:00:00-04:00,0.018279172064434985,0.01834539675849512,0.01794802588333387,0.01808048225939274,336061,0.0,0.0
1980-09-23 00:00:00-04:00,0.018080485584111034,0.018345400131927054,0.01774933934211731,0.01774933934211731,344359,0.0,0.0
1980-09-24 00:00:00-04:00,0.017683114452474988,0.017683114452474988,0.01728573652042506,0.017351968213915825,674888,0.0,0.0
1980-09-25 00:00:00-04:00,0.01735196236091414,0.018544083526054102,0.017285730689764023,0.017285730689764023,63616,0.0,0.0
1980-09-26 00:00:00-04:00,0.017219489071685978,0.017219489071685978,0.0169545765966177,0.0169545765966177,363720,0.0,0.0
1980-09-29 00:00:00-04:00,0.016954587687671264,0.017153268679976463,0.01688835428462833,0.017153268679976463,500634,0.0,0.0
1980-09-30 00:00:00-04:00,0.017153259681652145,0.01741817393803052,0.01688834542527377,0.01721949130296707,676271,0.0,0.0
1980-10-01 00:00:00-04:00,0.017219504259566993,0.017418187044126808,0.017153272588416875,0.017285730689764023,450847,0.0,0.0
1980-10-02 00:00:00-04:00,0.017285732588661968,0.017418188957575544,0.017087049782276154,0.017087049782276154,419039,0.0,0.0
1980-10-03 00:00:00-04:00,0.01708704401185335,0.017418183075324598,0.016954587687671264,0.017153268679976463,519995,0.0,0.0
1980-10-06 00:00:00-04:00,0.017153279715274826,0.017219511413942942,0.016822140438770224,0.016888365149497986,396911,0.0,0.0
1980-10-07 00:00:00-04:00,0.016888355545042127,0.016888355545042127,0.016623441129922867,0.016623441129922867,109254,0.0,0.0
1980-10-08 00:00:00-04:00,0.016623446419655002,0.01675590454285606,0.016093619167804718,0.016093619167804718,284891,0.0,0.0
1980-10-09 00:00:00-04:00,0.016226060821560254,0.016557199714662962,0.016226060821560254,0.016424743458628654,181169,0.0,0.0
1980-10-10 00:00:00-04:00,0.01642475766657307,0.01642475766657307,0.015828697010874748,0.015828697010874748,324997,0.0,0.0
1980-10-13 00:00:00-04:00,0.01582870306205164,0.015961166471242905,0.01569624489381611,0.015961166471242905,78829,0.0,0.0
1980-10-14 00:00:00-04:00,0.01596116036942639,0.016027385060763906,0.015696238893276836,0.015828697010874748,135531,0.0,0.0
1980-10-15 00:00:00-04:00,0.015828697010874748,0.01596116036942639,0.015696238893276836,0.015828697010874748,121701,0.0,0.0
1980-10-16 00:00:00-04:00,0.015828696046950336,0.016093617506966897,0.015497556887567043,0.015497556887567043,282125,0.0,0.0
1980-10-17 00:00:00-04:00,0.01549756116305519,0.01569624226771932,0.015298871323466301,0.015298871323466301,402443,0.0,0.0
1980-10-20 00:00:00-04:00,0.015298868843355483,0.01543132522097224,0.014636582587810034,0.014835264533758163,178403,0.0,0.0
1980-10-21 00:00:00-04:00,0.014835264533758163,0.014901497963520548,0.014769039838919123,0.014835264533758163,385848,0.0,0.0
1980-10-22 00:00:00-04:00,0.014835264489124296,0.014901497918687409,0.014702808111906052,0.014702808111906052,246168,0.0,0.0
1980-10-23 00:00:00-04:00,0.01470280800851045,0.01470280800851045,0.014371668814778202,0.014570350758731365,464677,0.0,0.0
1980-10-24 00:00:00-04:00,0.014702808111906052,0.014835264489124296,0.014702808111906052,0.014702808111906052,201913,0.0,0.0
1980-10-27 00:00:00-05:00,0.014702808111906052,0.015033954295905651,0.014702808111906052,0.014702808111906052,138297,0.0,0.0
1980-10-28 00:00:00-05:00,0.014769032925676873,0.015033947303891182,0.014769032925676873,0.015033947303891182,77446,0.0,0.0
1980-10-29 00:00:00-05:00,0.015100185225516823,0.015828697010874748,0.015100185225516823,0.015828697010874748,201913,0.0,0.0
1980-10-30 00:00:00-05:00,0.015828691702093254,0.01615983775851732,0.015828691702093254,0.015894923359155655,174254,0.0,0.0
1980-10-31 00:00:00-05:00,0.015924470499157906,0.015924470499157906,0.0156557040143329,0.015924470499157906,69148,0.03109,0.0
1980-11-03 00:00:00-05:00,0.01592446139374704,0.016193234814437338,0.015790079114365998,0.016058845445513725,85744,0.0,0.0
1980-11-05 00:00:00-05:00,0.01673078356254589,0.017133932560682297,0.01673078356254589,0.017133932560682297,486804,0.0,0.0
1980-11-06 00:00:00-05:00,0.01713392487391976,0.01713392487391976,0.01652919721704469,0.0167307760566473,667973,0.0,0.0
1980-11-07 00:00:00-05:00,0.016730773823357147,0.016730773823357147,0.016462007390256002,0.01652919501066208,157658,0.0,0.0
1980-11-10 00:00:00-05:00,0.01652920263948035,0.01666358680424718,0.016260436082333823,0.016462014988064766,207445,0.0,0.0
1980-11-11 00:00:00-05:00,0.016462014988064766,0.016462014988064766,0.01632763259568507,0.016462014988064766,23510,0.0,0.0
1980-11-12 00:00:00-05:00,0.016327618866204024,0.016327618866204024,0.01592446139374704,0.016058845445513725,944566,0.0,0.0
1980-11-13 00:00:00-05:00,0.016058845445513725,0.016327618866204024,0.016058845445513725,0.016058845445513725,557335,0.0,0.0
1980-11-14 00:00:00-05:00,0.01605884961450895,0.016327623104974816,0.01592446552785517,0.016193239018321037,129999,0.0,0.0
1980-11-17 00:00:00-05:00,0.016193234814437338,0.016193234814437338,0.01592446139374704,0.016058845445513725,142446,0.0,0.0
1980-11-18 00:00:00-05:00,0.01605884961450895,0.016327623104974816,0.01592446552785517,0.016193239018321037,242019,0.0,0.0
1980-11-19 00:00:00-05:00,0.016193236390962266,0.016193236390962266,0.015790080651640892,0.015790080651640892,150743,0.0,0.0
1980-11-20 00:00:00-05:00,0.015790084212504853,0.01585727891866179,0.015521317794580608,0.015655700117349625,177020,0.0,0.0
1980-11-21 00:00:00-05:00,0.015655687621751617,0.01592445382515993,0.015655687621751617,0.015857266262173653,146594,0.0,0.0
1980-11-24 00:00:00-05:00,0.015790083414428432,0.015790083414428432,0.015454129396872194,0.01558851171284914,167339,0.0,0.0
1980-11-25 00:00:00-05:00,0.015722900509602452,0.016193244073529532,0.015722900509602452,0.015924470499157906,766163,0.0,0.0
1980-11-26 00:00:00-05:00,0.016058845445513725,0.016462001145585065,0.016058845445513725,0.016058845445513725,750951,0.0,0.0
1980-11-28 00:00:00-05:00,0.0160588506304291,0.016193240042742973,0.015655700117349625,0.015655700117349625,102340,0.0,0.0
1980-12-01 00:00:00-05:00,0.015655691192871767,0.015790075211421808,0.015252542681992054,0.015252542681992054,67765,0.0,0.0
1980-12-02 00:00:00-05:00,0.015252555121718425,0.015521321605634705,0.015185360399062717,0.015454133972525597,211594,0.0,0.0
1980-12-03 00:00:00-05:00,0.015454130081974228,0.015857278820163304,0.015319745987653732,0.015319745987653732,177020,0.0,0.0
1980-12-04 00:00:00-05:00,0.015454133972525597,0.0159244704453158,0.015454133972525597,0.015454133972525597,136914,0.0,0.0
1980-12-05 00:00:00-05:00,0.015454133972525597,0.015790088089550985,0.01531974984437413,0.015454133972525597,95425,0.0,0.0
1980-12-08 00:00:00-05:00,0.015454130081974228,0.015521317698168967,0.01525255128191418,0.015319745987653732,221275,0.0,0.0
1980-12-09 00:00:00-05:00,0.015319752945024013,0.015521324747081825,0.014916596934199333,0.014916596934199333,475740,0.0,0.0
1980-12-10 00:00:00-05:00,0.014849397413782585,0.014849397413782585,0.013841521425381198,0.014244670048356056,224041,0.0,0.0
1980-12-11 00:00:00-05:00,0.013975907781418639,0.013975907781418639,0.013639945792649683,0.013908712193369865,194998,0.0,0.0
1980-12-12 00:00:00-05:00,0.013908712193369865,0.014177478594090048,0.013908712193369865,0.013908712193369865,319465,0.0,0.0
1980-12-15 00:00:00-05:00,0.01404309831559658,0.014446247114364654,0.01404309831559658,0.01404309831559658,128616,0.0,0.0
1980-12-16 00:00:00-05:00,0.014177483505621735,0.015118173323571682,0.014177483505621735,0.015118173323571682,124467,0.0,0.0
1980-12-17 00:00:00-05:00,0.015319745308509124,0.015655699326065364,0.015319745308509124,0.01558851171284914,193615,0.0,0.0
1980-12-18 00:00:00-05:00,0.015588516328290412,0.015655703961399522,0.015454133972525597,0.015454133972525597,53936,0.0,0.0
1980-12-19 00:00:00-05:00,0.015454133972525597,0.015521321605634705,0.01531974984437413,0.015454133972525597,420422,0.0,0.0
1980-12-22 00:00:00-05:00,0.015454126692866457,0.015790080651640892,0.015319742628016542,0.015790080651640892,142446,0.0,0.0
1980-12-23 00:00:00-05:00,0.015790088089550985,0.016058854573467268,0.015454133972525597,0.015454133972525597,229572,0.0,0.0
1980-12-24 00:00:00-05:00,0.015319745987653732,0.015319745987653732,0.015319745987653732,0.015319745987653732,38723,0.0,0.0
1980-12-26 00:00:00-05:00,0.01531974984437413,0.015588516328290412,0.01531974984437413,0.015454133972525597,53936,0.0,0.0
1980-12-29 00:00:00-05:00,0.015454130081974228,0.015655700020103257,0.015118168959979889,0.015319745987653732,112020,0.0,0.0
1980-12-30 00:00:00-05:00,0.015319745987653732,0.01558851240390852,0.015118168959979889,0.015319745987653732,145211,0.0,0.0
1980-12-31 00:00:00-05:00,0.015319745987653732,0.01558851240390852,0.015319745987653732,0.015319745987653732,103722,0.0,0.0
1981-01-02 00:00:00-05:00,0.015319745987653732,0.01558851240390852,0.015185356576174628,0.015319745987653732,947332,0.0,0.0
1981-01-05 00:00:00-05:00,0.015319742332698266,0.01552131399512291,0.014849398114790377,0.01552131399512291,572548,0.0,0.0
1981-01-06 00:00:00-05:00,0.01552131399512291,0.015924462637129537,0.01552131399512291,0.01552131399512291,345742,0.0,0.0
1981-01-07 00:00:00-05:00,0.01531973734984488,0.01531973734984488,0.014983776417277177,0.015252542681992054,831163,0.0,0.0
1981-01-08 00:00:00-05:00,0.01525255568429305,0.015319750409427166,0.015118173323571682,0.015118173323571682,141063,0.0,0.0
1981-01-09 00:00:00-05:00,0.015118173323571682,0.015454134542535249,0.015118173323571682,0.015118173323571682,262764,0.0,0.0
1981-01-12 00:00:00-05:00,0.015118168491468619,0.015252550809238409,0.01431186217814684,0.01431186217814684,276593,0.0,0.0
1981-01-13 00:00:00-05:00,0.01458064274917831,0.015050979317162547,0.01458064274917831,0.014916596934199333,131382,0.0,0.0
1981-01-14 00:00:00-05:00,0.014916596934199333,0.015118175825805177,0.01484940840129824,0.014916596934199333,297338,0.0,0.0
1981-01-15 00:00:00-05:00,0.014916596934199333,0.01525255820876839,0.014916596934199333,0.014916596934199333,203296,0.0,0.0
1981-01-16 00:00:00-05:00,0.014916596934199333,0.015050979317162547,0.014782213665042617,0.014916596934199333,125850,0.0,0.0
1981-01-19 00:00:00-05:00,0.014916593412277109,0.015050975763511616,0.014782210174849306,0.014983788132667542,224041,0.0,0.0
1981-01-20 00:00:00-05:00,0.014983789722501578,0.014983789722501578,0.014782211743295193,0.014782211743295193,150743,0.0,0.0
1981-01-21 00:00:00-05:00,0.014782201446562546,0.014849396127277262,0.01458063069730997,0.01458063069730997,161807,0.0,0.0
1981-01-22 00:00:00-05:00,0.014580640853635918,0.014782211743295193,0.014580640853635918,0.014782211743295193,125850,0.0,0.0
1981-01-23 00:00:00-05:00,0.014782213665042617,0.014916596934199333,0.01458064274917831,0.014916596934199333,107871,0.0,0.0
1981-01-26 00:00:00-05:00,0.014916598794062335,0.015118177710801869,0.014849410252783897,0.015050981193780899,200530,0.0,0.0
1981-01-27 00:00:00-05:00,0.015050976826050852,0.01525255568429305,0.015050976826050852,0.015118173323571682,121701,0.0,0.0
1981-01-28 00:00:00-05:00,0.015252542681992054,0.01531973734984488,0.015252542681992054,0.015252542681992054,141063,0.0,0.0
1981-01-29 00:00:00-05:00,0.01531974984437413,0.015655703961399522,0.01531974984437413,0.015454133972525597,528293,0.0,0.0
1981-01-30 00:00:00-05:00,0.015454130177968529,0.015790084212504853,0.015319746082813298,0.015655700117349625,225424,0.0,0.0
1981-02-02 00:00:00-05:00,0.015655703961399522,0.015655703961399522,0.01531974984437413,0.015454133972525597,182552,0.0,0.0
1981-02-03 00:00:00-05:00,0.015756972134113312,0.015756972134113312,0.01521127813907167,0.015756972134113312,154892,0.03109,0.0
1981-02-04 00:00:00-05:00,0.0157569678402611,0.015893390402197838,0.0157569678402611,0.015893390402197838,91276,0.0,0.0
1981-02-05 00:00:00-05:00,0.01589339866202863,0.01637088507413864,0.01589339866202863,0.01637088507413864,388614,0.0,0.0
1981-02-06 00:00:00-05:00,0.01637087736501436,0.01643909224790184,0.016166238114237785,0.016166238114237785,183935,0.0,0.0
1981-02-09 00:00:00-05:00,0.016166238114237785,0.01637087736501436,0.016166238114237785,0.016166238114237785,259998,0.0,0.0
1981-02-10 00:00:00-05:00,0.016166238114237785,0.016166238114237785,0.015893391177754873,0.016166238114237785,134148,0.0,0.0
1981-02-11 00:00:00-05:00,0.01616623198342219,0.01616623198342219,0.015961601806725154,0.01609802432358265,80212,0.0,0.0
1981-02-12 00:00:00-05:00,0.016029814763429774,0.016029814763429774,0.015825182719819864,0.015893390402197838,280742,0.0,0.0
1981-02-13 00:00:00-05:00,0.015893390402197838,0.015893390402197838,0.0157569678402611,0.015893390402197838,51170,0.0,0.0
1981-02-17 00:00:00-05:00,0.015893394733225878,0.016098034029781792,0.015756972134113312,0.015756972134113312,164573,0.0,0.0
1981-02-18 00:00:00-05:00,0.01575697100552979,0.01602981798350811,0.015552338920813279,0.01602981798350811,204679,0.0,0.0
1981-02-19 00:00:00-05:00,0.01602981913163413,0.016098034029781792,0.015756972134113312,0.015756972134113312,84361,0.0,0.0
1981-02-20 00:00:00-05:00,0.01575697288601083,0.015893395491633266,0.015552340776872954,0.015825187787413597,96808,0.0,0.0
1981-02-23 00:00:00-05:00,0.015825182719819864,0.016029814763429774,0.015825182719819864,0.015893390402197838,56702,0.0,0.0
1981-02-24 00:00:00-05:00,0.015961601806725154,0.01616623198342219,0.015961601806725154,0.01609802432358265,56702,0.0,0.0
1981-02-25 00:00:00-05:00,0.016166233172832663,0.01678014174103737,0.016166233172832663,0.01678014174103737,222658,0.0,0.0
1981-02-26 00:00:00-05:00,0.017053007489199433,0.017394069582223892,0.017053007489199433,0.017394069582223892,300104,0.0,0.0
1981-02-27 00:00:00-05:00,0.017394069582223892,0.017394069582223892,0.017257646904170185,0.017394069582223892,188083,0.0,0.0
1981-03-02 00:00:00-05:00,0.01739405228831628,0.01739405228831628,0.017189422073281255,0.01732584461569786,135531,0.0,0.0
1981-03-03 00:00:00-05:00,0.01746227162710954,0.01780332623599787,0.01746227162710954,0.017598694190382957,467443,0.0,0.0
1981-03-04 00:00:00-05:00,0.017598694190382957,0.017939748799271286,0.017598694190382957,0.017598694190382957,377550,0.0,0.0
1981-03-05 00:00:00-05:00,0.017598694190382957,0.01780332623599787,0.017598694190382957,0.017598694190382957,283508,0.0,0.0
1981-03-06 00:00:00-05:00,0.017598694190382957,0.017735116753656376,0.017598694190382957,0.017598694190382957,246168,0.0,0.0
1981-03-09 00:00:00-05:00,0.017598689141688266,0.017803321128598556,0.017598689141688266,0.017666896805167198,236487,0.0,0.0
1981-03-10 00:00:00-05:00,0.01766690654325878,0.018280815437442345,0.01766690654325878,0.018076185137033463,547655,0.0,0.0
1981-03-11 00:00:00-05:00,0.01828080817626346,0.018826509152617976,0.01828080817626346,0.018485447391867638,634782,0.0,0.0
1981-03-12 00:00:00-05:00,0.018485450345921715,0.018485450345921715,0.018349027778974642,0.01841723546385765,190849,0.0,0.0
1981-03-13 00:00:00-05:00,0.018621867839364856,0.01889471469821749,0.018621867839364856,0.018826507031917572,511698,0.0,0.0
1981-03-16 00:00:00-05:00,0.01882651989346775,0.01889472760636454,0.018621880561113358,0.018621880561113358,319465,0.0,0.0
1981-03-17 00:00:00-05:00,0.0186218699370138,0.018826509152617976,0.018485447391867638,0.018485447391867638,587761,0.0,0.0
1981-03-18 00:00:00-05:00,0.018485447391867638,0.0186218699370138,0.018349024846721473,0.018485447391867638,323614,0.0,0.0
1981-03-19 00:00:00-05:00,0.018485450798843527,0.01930399161846726,0.018485450798843527,0.019031144678592682,796589,0.0,0.0
1981-03-20 00:00:00-05:00,0.019031133812215443,0.019372195441086437,0.018962926164606375,0.019235771149396896,266913,0.0,0.0
1981-03-23 00:00:00-05:00,0.019235779684375714,0.019303989161543834,0.019167564809322357,0.019167564809322357,560101,0.0,0.0
1981-03-24 00:00:00-05:00,0.019235770716795435,0.01937219500541687,0.019235770716795435,0.01937219500541687,553187,0.0,0.0
1981-03-25 00:00:00-05:00,0.019372203761031628,0.01950862631201744,0.019167564536667746,0.01950862631201744,242019,0.0,0.0
1981-03-26 00:00:00-05:00,0.019508626589523587,0.01971326581679842,0.019167564809322357,0.019167564809322357,659675,0.0,0.0
1981-03-27 00:00:00-05:00,0.019167556304610704,0.019372195441086437,0.019167556304610704,0.019235771149396896,266913,0.0,0.0
1981-03-30 00:00:00-05:00,0.019235784758118324,0.01930399425327778,0.01916756986507221,0.01930399425327778,128616,0.0,0.0
1981-03-31 00:00:00-05:00,0.019576831251780634,0.020531803369522095,0.019576831251780634,0.020531803369522095,424571,0.0,0.0
1981-04-01 00:00:00-05:00,0.020804664715709232,0.021418573733861673,0.020804664715709232,0.021077509969472885,703930,0.0,0.0
1981-04-02 00:00:00-05:00,0.021077495608870758,0.021077495608870758,0.020804650541002976,0.020941073074936867,463294,0.0,0.0
1981-04-03 00:00:00-05:00,0.020941070146928142,0.021009285002946854,0.020941070146928142,0.021009285002946854,106488,0.0,0.0
1981-04-06 00:00:00-05:00,0.021009287940493473,0.021009287940493473,0.020941073074936867,0.020941073074936867,807652,0.0,0.0
1981-04-07 00:00:00-05:00,0.020941081118476906,0.02100929601023508,0.02080465853214264,0.02080465853214264,1241904,0.0,0.0
1981-04-08 00:00:00-05:00,0.020804650541002976,0.021077495608870758,0.02073644107333086,0.020941073074936867,762015,0.0,0.0
1981-04-09 00:00:00-05:00,0.02121392497292774,0.021896048600130048,0.02121392497292774,0.02162320166826248,1229457,0.0,0.0
1981-04-10 00:00:00-05:00,0.021623211617168025,0.021827843761453875,0.021486788988113403,0.021486788988113403,475740,0.0,0.0
1981-04-13 00:00:00-05:00,0.021486782639843056,0.021554990335626235,0.021282143358833553,0.02141856774687767,1250202,0.0,0.0
1981-04-14 00:00:00-05:00,0.021418573733861673,0.021418573733861673,0.020804664715709232,0.021077509969472885,925205,0.0,0.0
1981-04-15 00:00:00-05:00,0.021009285002946854,0.021009285002946854,0.020804647632069035,0.021009285002946854,358188,0.0,0.0
1981-04-16 00:00:00-05:00,0.021009302445024858,0.021691419184207916,0.02094108753237362,0.021691419184207916,1630517,0.0,0.0
1981-04-20 00:00:00-05:00,0.021623200894254013,0.021623200894254013,0.021418563453559324,0.021554986014962196,287657,0.0,0.0
1981-04-21 00:00:00-05:00,0.021554987687452336,0.021554987687452336,0.021145718172192574,0.021145718172192574,367869,0.0,0.0
1981-04-22 00:00:00-05:00,0.021145723611907835,0.021213931316857604,0.020600029584985382,0.0207364521920681,1727325,0.0,0.0
1981-04-23 00:00:00-05:00,0.0207364521920681,0.02080466169631366,0.020531814682852437,0.0207364521920681,257232,0.0,0.0
1981-04-24 00:00:00-05:00,0.020736438173934058,0.021145709317100542,0.020736438173934058,0.021009285002946854,197764,0.0,0.0
1981-04-27 00:00:00-04:00,0.021009285002946854,0.021213916975940942,0.021009285002946854,0.021009285002946854,232338,0.0,0.0
1981-04-28 00:00:00-04:00,0.02100930058477456,0.021418572031482667,0.02100930058477456,0.021282147616147995,677654,0.0,0.0
1981-04-29 00:00:00-04:00,0.021282143358833553,0.021554990335626235,0.021213928465868167,0.02141856774687767,679037,0.0,0.0
1981-04-30 00:00:00-04:00,0.02141856511546419,0.02141856511546419,0.02107750148831251,0.021145718172192574,1103607,0.0,0.0
1981-05-01 00:00:00-04:00,0.021145726680801964,0.021145726680801964,0.021077509969472885,0.021077509969472885,193615,0.0,0.0
1981-05-04 00:00:00-04:00,0.02062497321545205,0.021038851643744815,0.02062497321545205,0.020693957805633545,1145096,0.03109,0.0
1981-05-05 00:00:00-04:00,0.020624980655758494,0.020624980655758494,0.020073143765330315,0.020073143765330315,684568,0.0,0.0
1981-05-06 00:00:00-04:00,0.02007313166186128,0.02048700998990197,0.02007313166186128,0.0203490499407053,284891,0.0,0.0
1981-05-07 00:00:00-04:00,0.0203490499407053,0.02048700998990197,0.0203490499407053,0.0203490499407053,157658,0.0,0.0
1981-05-08 00:00:00-04:00,0.0203490499407053,0.0203490499407053,0.02021109171105795,0.0203490499407053,237870,0.0,0.0
1981-05-11 00:00:00-04:00,0.020349071759176406,0.020349071759176406,0.02014213055372238,0.02014213055372238,405209,0.0,0.0
1981-05-12 00:00:00-04:00,0.02014210895713563,0.0203490499407053,0.02007313166186128,0.0203490499407053,277976,0.0,0.0
1981-05-13 00:00:00-04:00,0.020349067077401743,0.02062498558860687,0.020349067077401743,0.020487027242779732,531059,0.0,0.0
1981-05-14 00:00:00-04:00,0.02048700998990197,0.02048700998990197,0.02021109171105795,0.0203490499407053,670739,0.0,0.0
1981-05-15 00:00:00-04:00,0.020349067077401743,0.02076294575398486,0.020349067077401743,0.020487027242779732,413507,0.0,0.0
1981-05-18 00:00:00-04:00,0.02048700998990197,0.02048700998990197,0.0203490499407053,0.0203490499407053,143829,0.0,0.0
1981-05-19 00:00:00-04:00,0.0203490499407053,0.020624968219549317,0.02014210895713563,0.0203490499407053,580846,0.0,0.0
1981-05-20 00:00:00-04:00,0.02021109219934653,0.02021109219934653,0.01993517391383648,0.01993517391383648,251700,0.0,0.0
1981-05-21 00:00:00-04:00,0.01993518108170758,0.01993518108170758,0.019728238199180823,0.019866198301315308,194998,0.0,0.0
1981-05-22 00:00:00-04:00,0.019866185595433267,0.019935168331706023,0.019383324637012537,0.019452307373285294,217126,0.0,0.0
1981-05-26 00:00:00-04:00,0.019452314522389387,0.019797208315470924,0.019245373515711695,0.019383331760764122,1584880,0.0,0.0
1981-05-27 00:00:00-04:00,0.019314365093872778,0.019314365093872778,0.019107422173181177,0.019176406785845757,175637,0.0,0.0
1981-05-28 00:00:00-04:00,0.019176398867608562,0.019314357118670453,0.01903843879699707,0.01903843879699707,207445,0.0,0.0
1981-05-29 00:00:00-04:00,0.01903843796768258,0.019521291825366074,0.01903843796768258,0.019383331760764122,1619454,0.0,0.0
1981-06-01 00:00:00-04:00,0.02021110106530525,0.020624977765350008,0.02021110106530525,0.020418034866452217,1494987,0.0,0.0
1981-06-02 00:00:00-04:00,0.020624979662320037,0.021038858219981194,0.020624979662320037,0.021038858219981194,2075833,0.0,0.0
1981-06-03 00:00:00-04:00,0.02103885118496747,0.02124579221415102,0.020969873874489158,0.021176809445023537,307019,0.0,0.0
1981-06-04 00:00:00-04:00,0.021176812146697026,0.0217976316743505,0.021176812146697026,0.021452730521559715,156275,0.0,0.0
1981-06-05 00:00:00-04:00,0.021521706715119247,0.023039263681006263,0.021521706715119247,0.022763345390558243,481272,0.0,0.0
1981-06-08 00:00:00-04:00,0.022763348004874544,0.02290130807571764,0.021866610273718834,0.021866610273718834,576697,0.0,0.0
1981-06-09 00:00:00-04:00,0.021866631158569478,0.022142549744236295,0.021797648327937916,0.022073566913604736,272444,0.0,0.0
1981-06-10 00:00:00-04:00,0.02207355532967506,0.02207355532967506,0.021797636888806836,0.02193559519946575,167339,0.0,0.0
1981-06-11 00:00:00-04:00,0.02186661184295867,0.02186661184295867,0.02131476788088443,0.021797629073262215,490953,0.0,0.0
1981-06-12 00:00:00-04:00,0.0217976316743505,0.02200457454948492,0.021452730521559715,0.021452730521559715,237870,0.0,0.0
1981-06-15 00:00:00-04:00,0.021521710731324573,0.021797629073262215,0.021521710731324573,0.021797629073262215,167339,0.0,0.0
1981-06-16 00:00:00-04:00,0.021797629073262215,0.02228049026564,0.021728653581764717,0.021797629073262215,1194883,0.0,0.0
1981-06-17 00:00:00-04:00,0.021797629073262215,0.02186661184295867,0.021728653581764717,0.021797629073262215,218509,0.0,0.0
1981-06-18 00:00:00-04:00,0.0217976316743505,0.0217976316743505,0.021452730521559715,0.021452730521559715,165956,0.0,0.0
1981-06-19 00:00:00-04:00,0.02138376422226429,0.02138376422226429,0.021176821258092,0.02138376422226429,124467,0.0,0.0
1981-06-22 00:00:00-04:00,0.021383755021831444,0.021452730521559715,0.021314770424353393,0.021452730521559715,272444,0.0,0.0
1981-06-23 00:00:00-04:00,0.02131477621526836,0.02131477621526836,0.020693965616699447,0.020831923931837082,360954,0.0,0.0
1981-06-24 00:00:00-04:00,0.02083192258025128,0.021245799318362103,0.020555996870125957,0.021038858219981194,389997,0.0,0.0
1981-06-25 00:00:00-04:00,0.021038845942571237,0.021314762393931343,0.02096986864928048,0.021245786920189857,64999,0.0,0.0
1981-06-26 00:00:00-04:00,0.02124579221415102,0.02124579221415102,0.02103885118496747,0.021176809445023537,121701,0.0,0.0
1981-06-29 00:00:00-04:00,0.021176816526168023,0.021314774832354857,0.02096988088643811,0.021038858219981194,449464,0.0,0.0
1981-06-30 00:00:00-04:00,0.02096987633425762,0.02096987633425762,0.02062497518501134,0.020762935280799866,261381,0.0,0.0
1981-07-01 00:00:00-04:00,0.02062496871783692,0.02062496871783692,0.01993517391383648,0.01993517391383648,402443,0.0,0.0
1981-07-02 00:00:00-04:00,0.019935189456933882,0.020142125148198946,0.019521305337548256,0.019521305337548256,181169,0.0,0.0
1981-07-06 00:00:00-04:00,0.019452328771967398,0.019452328771967398,0.019107427448034286,0.019107427448034286,109254,0.0,0.0
1981-07-07 00:00:00-04:00,0.01931435627733696,0.019521291825366074,0.01931435627733696,0.019383331760764122,341593,0.0,0.0
1981-07-08 00:00:00-04:00,0.01924538761369736,0.01924538761369736,0.01890048628976425,0.019107427448034286,177020,0.0,0.0
1981-07-09 00:00:00-04:00,0.019107430271225304,0.01931437327962277,0.01855559498568996,0.018762528896331787,1421690,0.0,0.0
1981-07-10 00:00:00-04:00,0.018762530992023345,0.01890049119348007,0.01862457261011795,0.018831513822078705,145211,0.0,0.0
1981-07-13 00:00:00-04:00,0.018831513822078705,0.01903845685359079,0.018831513822078705,0.018831513822078705,48404,0.0,0.0
1981-07-14 00:00:00-04:00,0.018831495961755422,0.01903843879699707,0.018831495961755422,0.01903843879699707,601590,0.0,0.0
1981-07-15 00:00:00-04:00,0.019038440928756176,0.01979721139455708,0.019038440928756176,0.01972823590040207,1449349,0.0,0.0
1981-07-16 00:00:00-04:00,0.01972823590040207,0.01979721139455708,0.019521294861538568,0.01972823590040207,78829,0.0,0.0
1981-07-17 00:00:00-04:00,0.01959027458699134,0.01959027458699134,0.019383331760764122,0.019383331760764122,336061,0.0,0.0
1981-07-20 00:00:00-04:00,0.019314370425855185,0.019314370425855185,0.0190384519140799,0.019107427448034286,41489,0.0,0.0
1981-07-21 00:00:00-04:00,0.019107414283428804,0.019107414283428804,0.018831495961755422,0.01903843879699707,218509,0.0,0.0
1981-07-22 00:00:00-04:00,0.01903845685359079,0.019107432405440824,0.018831513822078705,0.018831513822078705,291806,0.0,0.0
1981-07-23 00:00:00-04:00,0.018831500106072267,0.018831500106072267,0.01855558354322653,0.01862455904483795,389997,0.0,0.0
1981-07-24 00:00:00-04:00,0.018624567777988963,0.01917641207974297,0.018555592244034576,0.019107427448034286,168722,0.0,0.0
1981-07-27 00:00:00-04:00,0.019107427448034286,0.019383345959809572,0.019107427448034286,0.019107427448034286,957013,0.0,0.0
1981-07-28 00:00:00-04:00,0.019107414283428804,0.019314357118670453,0.01890047326773676,0.01903843879699707,266913,0.0,0.0
1981-07-29 00:00:00-04:00,0.01903844194817976,0.0191074174460281,0.01876251630263762,0.018900476396083832,152126,0.0,0.0
1981-07-30 00:00:00-04:00,0.01890047394713113,0.019038439481350734,0.0185555801266285,0.01869353838264942,117552,0.0,0.0
1981-07-31 00:00:00-04:00,0.01869355544017331,0.01903845685359079,0.01869355544017331,0.018831513822078705,175637,0.0,0.0
1981-08-03 00:00:00-04:00,0.01900193555662497,0.01900193555662497,0.018792361204669403,0.018932079896330833,431486,0.03109,0.0
1981-08-04 00:00:00-04:00,0.01893208991673604,0.01907180868234803,0.018652650542742795,0.01872250624001026,154892,0.0,0.0
1981-08-05 00:00:00-04:00,0.01872250140450643,0.01872250140450643,0.018512926995754242,0.018512926995754242,242019,0.0,0.0
1981-08-06 00:00:00-04:00,0.01872249243614828,0.019001931604114484,0.01872249243614828,0.01879235729575157,479889,0.0,0.0
1981-08-07 00:00:00-04:00,0.01872250140450643,0.01872250140450643,0.01844306210268462,0.018512926995754242,492336,0.0,0.0
1981-08-10 00:00:00-04:00,0.018512931777130804,0.018862226848391516,0.018512931777130804,0.01872250624001026,225424,0.0,0.0
1981-08-11 00:00:00-04:00,0.01872249243614828,0.01893207595835072,0.018512918127785365,0.01879235729575157,212977,0.0,0.0
1981-08-12 00:00:00-04:00,0.01879237115112405,0.018862226848391516,0.018652650542742795,0.01872250624001026,297338,0.0,0.0
1981-08-13 00:00:00-04:00,0.018512926995754242,0.018512926995754242,0.01837319905238379,0.018512926995754242,763397,0.0,0.0
1981-08-14 00:00:00-04:00,0.018443067231206173,0.018443067231206173,0.018093764781951904,0.018093764781951904,388614,0.0,0.0
1981-08-17 00:00:00-04:00,0.018093752410853915,0.01823347292647176,0.017884178087115288,0.017884178087115288,593293,0.0,0.0
1981-08-18 00:00:00-04:00,0.017884190314922686,0.018093764781951904,0.017884190314922686,0.018093764781951904,214360,0.0,0.0
1981-08-19 00:00:00-04:00,0.01809375886900039,0.01809375886900039,0.01781431958079338,0.01781431958079338,248934,0.0,0.0
1981-08-20 00:00:00-04:00,0.017814320479106527,0.01809375978140467,0.017744464799761772,0.017744464799761772,207445,0.0,0.0
1981-08-21 00:00:00-04:00,0.017744456036437622,0.017814311681283283,0.017534872516989708,0.017534872516989708,182552,0.0,0.0
1981-08-24 00:00:00-04:00,0.017534882361701823,0.0176746029436767,0.017185579985380173,0.017185579985380173,255849,0.0,0.0
1981-08-25 00:00:00-04:00,0.01697600819170475,0.01697600819170475,0.016836287588087053,0.01697600819170475,107871,0.0,0.0
1981-08-26 00:00:00-04:00,0.01718557564544737,0.017534877933558506,0.01718557564544737,0.017395159229636192,152126,0.0,0.0
1981-08-27 00:00:00-04:00,0.01739515318193936,0.0175348718372863,0.01697599537313073,0.01711571402847767,269678,0.0,0.0
1981-08-28 00:00:00-04:00,0.017115726952553246,0.017115726952553246,0.016696561456161753,0.01697600819170475,459145,0.0,0.0
1981-08-31 00:00:00-04:00,0.01697600389781368,0.01711572262332188,0.016556836664676666,0.016556836664676666,117552,0.0,0.0
1981-09-01 00:00:00-04:00,0.016556840852544056,0.01697600819170475,0.016556840852544056,0.01697600819170475,149360,0.0,0.0
1981-09-02 00:00:00-04:00,0.016975994601211183,0.01704585024017261,0.016696548089385033,0.016696548089385033,145211,0.0,0.0
1981-09-03 00:00:00-04:00,0.0166965572329536,0.016906139006753373,0.016556836664676666,0.016556836664676666,937651,0.0,0.0
1981-09-04 00:00:00-04:00,0.016556836664676666,0.016766420281245174,0.016556836664676666,0.016556836664676666,84361,0.0,0.0
1981-09-08 00:00:00-04:00,0.016556836664676666,0.016766420281245174,0.016556836664676666,0.016556836664676666,128616,0.0,0.0
1981-09-09 00:00:00-04:00,0.016556840005321052,0.016556840005321052,0.016137681901454926,0.016137681901454926,136914,0.0,0.0
1981-09-10 00:00:00-04:00,0.016137681074260495,0.016277399820797716,0.015578802402573573,0.01620754413306713,1760516,0.0,0.0
1981-09-11 00:00:00-04:00,0.0162075416936749,0.016556836664676666,0.01613767864538333,0.016556836664676666,695632,0.0,0.0
1981-09-14 00:00:00-04:00,0.016486970707774162,0.016486970707774162,0.01634725206938104,0.016486970707774162,142446,0.0,0.0
1981-09-15 00:00:00-04:00,0.016486970707774162,0.01655682634143555,0.016417107703042427,0.016486970707774162,84361,0.0,0.0
1981-09-16 00:00:00-04:00,0.01648698255053719,0.01648698255053719,0.01627739891409874,0.01627739891409874,116169,0.0,0.0
1981-09-17 00:00:00-04:00,0.01627740553284413,0.016486989254503856,0.01627740553284413,0.01634727045893669,186700,0.0,0.0
1981-09-18 00:00:00-04:00,0.01634727045893669,0.016486989254503856,0.01627740553284413,0.01634727045893669,121701,0.0,0.0
1981-09-21 00:00:00-04:00,0.016417117939168467,0.016556836664676666,0.016417117939168467,0.016556836664676666,146594,0.0,0.0
1981-09-22 00:00:00-04:00,0.01655682634143555,0.01655682634143555,0.016417107703042427,0.016486970707774162,95425,0.0,0.0
1981-09-23 00:00:00-04:00,0.016486970707774162,0.01655682634143555,0.016486970707774162,0.016486970707774162,80212,0.0,0.0
1981-09-24 00:00:00-04:00,0.016486980987460036,0.016766420281245174,0.016486980987460036,0.016556836664676666,331912,0.0,0.0
1981-09-25 00:00:00-04:00,0.01648698142556454,0.01648698142556454,0.015928102823143324,0.01606782339513302,253083,0.0,0.0
1981-09-28 00:00:00-04:00,0.016067826210143635,0.016137681901454926,0.015578803201120683,0.016137681901454926,405209,0.0,0.0
1981-09-29 00:00:00-04:00,0.01613767864538333,0.016556836664676666,0.01613767864538333,0.016556836664676666,233721,0.0,0.0
1981-09-30 00:00:00-04:00,0.016556836664676666,0.016766420281245174,0.016417117939168467,0.016556836664676666,81595,0.0,0.0
1981-10-01 00:00:00-04:00,0.016556844027610332,0.016556844027610332,0.016347269531686394,0.0164171252399683,182552,0.0,0.0
1981-10-02 00:00:00-04:00,0.016417119548671727,0.017395163622495862,0.016417119548671727,0.017185579985380173,333295,0.0,0.0
1981-10-05 00:00:00-04:00,0.017185566434482887,0.017814307636220078,0.016906127333641052,0.016906127333641052,351273,0.0,0.0
1981-10-06 00:00:00-04:00,0.016766411099417365,0.016766411099417365,0.016486971958662118,0.016696548089385033,129999,0.0,0.0
1981-10-07 00:00:00-04:00,0.016696561456161753,0.017325303251056787,0.016696561456161753,0.01697600819170475,192232,0.0,0.0
1981-10-08 00:00:00-04:00,0.016976005562109063,0.01732530056735505,0.01683628498013419,0.017185579985380173,177020,0.0,0.0
1981-10-09 00:00:00-04:00,0.01718556967061552,0.01718556967061552,0.01697599537313073,0.01711571402847767,701164,0.0,0.0
1981-10-12 00:00:00-04:00,0.01718557110853509,0.017604738166254547,0.01718557110853509,0.017465010285377502,117552,0.0,0.0
1981-10-13 00:00:00-04:00,0.01746501489606045,0.017534877933558506,0.01718557564544737,0.017395159229636192,305636,0.0,0.0
1981-10-14 00:00:00-04:00,0.017465010285377502,0.017814312481274453,0.017465010285377502,0.017465010285377502,179786,0.0,0.0
1981-10-15 00:00:00-04:00,0.0174650172456894,0.01781431958079338,0.0174650172456894,0.01781431958079338,204679,0.0,0.0
1981-10-16 00:00:00-04:00,0.01781432540242551,0.01851293214370335,0.01781432540242551,0.018093764781951904,246168,0.0,0.0
1981-10-19 00:00:00-04:00,0.018093756353806167,0.01851292352030783,0.017814317104443717,0.01802390068769455,189466,0.0,0.0
1981-10-20 00:00:00-04:00,0.01802390908330123,0.01816362785167978,0.01802390908330123,0.018093764781951904,27659,0.0,0.0
1981-10-21 00:00:00-04:00,0.018303347751498222,0.01844306651444683,0.018303347751498222,0.018303347751498222,102340,0.0,0.0
1981-10-22 00:00:00-04:00,0.018233473332907243,0.018233473332907243,0.01809375281417494,0.018163615837693214,56702,0.0,0.0
1981-10-23 00:00:00-04:00,0.018093754899175765,0.018093754899175765,0.01767459698021412,0.01767459698021412,309784,0.0,0.0
1981-10-26 00:00:00-05:00,0.01767460174934185,0.017814320479106527,0.017604746069997096,0.017744464799761772,369252,0.0,0.0
1981-10-27 00:00:00-05:00,0.01774445683329177,0.017814312481274453,0.017465010285377502,0.017465010285377502,268295,0.0,0.0
1981-10-28 00:00:00-05:00,0.01746501930656101,0.017744465998817512,0.017185579985380173,0.017185579985380173,80212,0.0,0.0
1981-10-29 00:00:00-05:00,0.017185579985380173,0.01732530056735505,0.017185579985380173,0.017185579985380173,396911,0.0,0.0
1981-10-30 00:00:00-05:00,0.017185579985380173,0.017395163622495862,0.017185579985380173,0.017185579985380173,414890,0.0,0.0
1981-11-02 00:00:00-05:00,0.01742927224530399,0.01742927224530399,0.01735842600464821,0.01735842600464821,302870,0.03109,0.0
1981-11-03 00:00:00-05:00,0.01735842600464821,0.017570974071112844,0.017216726047738815,0.01735842600464821,298721,0.0,0.0
1981-11-04 00:00:00-05:00,0.017358434749777024,0.017641836675272336,0.017358434749777024,0.017429281026124954,84361,0.0,0.0
1981-11-05 00:00:00-05:00,0.017429281026124954,0.017429281026124954,0.017429281026124954,0.017429281026124954,62233,0.0,0.0
1981-11-06 00:00:00-05:00,0.01742927224530399,0.017641827787366456,0.01735842600464821,0.01735842600464821,125850,0.0,0.0
1981-11-09 00:00:00-05:00,0.017358435915751168,0.01742928219685787,0.01728758215904236,0.01728758215904236,156275,0.0,0.0
1981-11-10 00:00:00-05:00,0.017287590215494825,0.017429290319346157,0.017145888242742102,0.017216743901371956,116169,0.0,0.0
1981-11-11 00:00:00-05:00,0.0172167281022696,0.017783529866445016,0.0172167281022696,0.01757097616791725,124467,0.0,0.0
1981-11-12 00:00:00-05:00,0.01757098003644211,0.01792523565568338,0.01757098003644211,0.01778353378176689,60851,0.0,0.0
1981-11-13 00:00:00-05:00,0.01778353378176689,0.017996089395991764,0.01778353378176689,0.01778353378176689,49787,0.0,0.0
1981-11-16 00:00:00-05:00,0.017783541845953876,0.01792524378412702,0.01764184177668167,0.017712688073515892,189466,0.0,0.0
1981-11-17 00:00:00-05:00,0.01771267188774648,0.01771267188774648,0.01714586839079857,0.01714586839079857,290423,0.0,0.0
1981-11-18 00:00:00-05:00,0.017145886363829615,0.017287588321054093,0.016791630536317825,0.016791630536317825,351273,0.0,0.0
1981-11-19 00:00:00-05:00,0.016791628010957373,0.017075037489486813,0.016508226008031576,0.01664992794394493,129999,0.0,0.0
1981-11-20 00:00:00-05:00,0.01664993103911766,0.01664993103911766,0.016366528983508263,0.016508229076862335,147977,0.0,0.0
1981-11-23 00:00:00-05:00,0.01650821697544057,0.01650821697544057,0.0161539688706398,0.0161539688706398,174254,0.0,0.0
1981-11-24 00:00:00-05:00,0.016366525941019134,0.016720781715252972,0.016366525941019134,0.01664992794394493,954247,0.0,0.0
1981-11-25 00:00:00-05:00,0.0166499200836852,0.016933321952819824,0.016579073821426604,0.016933321952819824,481272,0.0,0.0
1981-11-27 00:00:00-05:00,0.017004180102177736,0.017145880139057147,0.017004180102177736,0.017075033858418465,152126,0.0,0.0
1981-11-30 00:00:00-05:00,0.017145882820380435,0.017783540561658626,0.017145882820380435,0.017641840502619743,109254,0.0,0.0
1981-12-01 00:00:00-05:00,0.01764184177668167,0.017854397487292797,0.01764184177668167,0.017712688073515892,89893,0.0,0.0
1981-12-02 00:00:00-05:00,0.017783532646623145,0.01806693450746616,0.017783532646623145,0.017925234511494637,124467,0.0,0.0
1981-12-03 00:00:00-05:00,0.017925240783604923,0.01806694082915783,0.017854394498629723,0.01806694082915783,340210,0.0,0.0
1981-12-04 00:00:00-05:00,0.01806694082915783,0.018137796458636165,0.017854394498629723,0.01806694082915783,405209,0.0,0.0
1981-12-07 00:00:00-05:00,0.01806693722247305,0.01835033912590425,0.01806693722247305,0.01827949285507202,1833814,0.0,0.0
1981-12-08 00:00:00-05:00,0.018279486505452962,0.018279486505452962,0.018066930946687945,0.01813778653740883,188083,0.0,0.0
1981-12-09 00:00:00-05:00,0.018137796458636165,0.018137796458636165,0.01806694082915783,0.01806694082915783,91276,0.0,0.0
1981-12-10 00:00:00-05:00,0.01806694082915783,0.01806694082915783,0.01799609454418263,0.01806694082915783,29042,0.0,0.0
1981-12-11 00:00:00-05:00,0.018066942822274588,0.0186337468048164,0.018066942822274588,0.018492046743631363,330529,0.0,0.0
1981-12-14 00:00:00-05:00,0.01835033275167582,0.01835033275167582,0.01813778653740883,0.01813778653740883,103722,0.0,0.0
1981-12-15 00:00:00-05:00,0.01813778653740883,0.01835033275167582,0.01813778653740883,0.01813778653740883,74680,0.0,0.0
1981-12-16 00:00:00-05:00,0.01813778653740883,0.01835033275167582,0.01813778653740883,0.01813778653740883,250317,0.0,0.0
1981-12-17 00:00:00-05:00,0.01813778987132924,0.018492037987654576,0.01813778987132924,0.018421189859509468,100957,0.0,0.0
1981-12-18 00:00:00-05:00,0.018421199786932588,0.018421199786932588,0.01827949971647847,0.018350346013903618,113403,0.0,0.0
1981-12-21 00:00:00-05:00,0.01835033912590425,0.01835033912590425,0.01827949285507202,0.01827949285507202,95425,0.0,0.0
1981-12-22 00:00:00-05:00,0.018492043710128764,0.018987999449620496,0.018492043710128764,0.01863374374806881,461911,0.0,0.0
1981-12-23 00:00:00-05:00,0.018633747274973505,0.018775456684238245,0.01799609698355198,0.01799609698355198,283508,0.0,0.0
1981-12-24 00:00:00-05:00,0.01799609698355198,0.01799609698355198,0.01799609698355198,0.01799609698355198,51170,0.0,0.0
1981-12-28 00:00:00-05:00,0.017996088247280346,0.01806693450746616,0.01792523451149464,0.017925234511494637,193615,0.0,0.0
1981-12-29 00:00:00-05:00,0.01799609698355198,0.018066943278130385,0.01799609698355198,0.01799609698355198,290423,0.0,0.0
1981-12-30 00:00:00-05:00,0.01799609698355198,0.018066943278130385,0.01799609698355198,0.01799609698355198,102340,0.0,0.0
1981-12-31 00:00:00-05:00,0.01799609454418263,0.01806694082915783,0.01799609454418263,0.01806694082915783,100957,0.0,0.0
1982-01-04 00:00:00-05:00,0.01827949285507202,0.018421192872337497,0.01827949285507202,0.01827949285507202,154892,0.0,0.0
1982-01-05 00:00:00-05:00,0.018279496504189075,0.018350342789164274,0.01799609454418263,0.01806694082915783,349891,0.0,0.0
1982-01-06 00:00:00-05:00,0.01785439619788048,0.01785439619788048,0.017641840502619743,0.017641840502619743,128616,0.0,0.0
1982-01-07 00:00:00-05:00,0.017429270139272524,0.017429270139272524,0.01707502215870335,0.01714586839079857,163190,0.0,0.0
1982-01-08 00:00:00-05:00,0.01714586839079857,0.017287570199485163,0.01714586839079857,0.01714586839079857,91276,0.0,0.0
1982-01-11 00:00:00-05:00,0.017145883785191215,0.017216739425400165,0.01664992794394493,0.01664992794394493,1817218,0.0,0.0
1982-01-12 00:00:00-05:00,0.01664992787404649,0.01664992787404649,0.01636652587231045,0.016437379643321037,179786,0.0,0.0
1982-01-13 00:00:00-05:00,0.01664993044799454,0.016791630536317825,0.01664993044799454,0.016791630536317825,62233,0.0,0.0
1982-01-14 00:00:00-05:00,0.016791630536317825,0.016791630536317825,0.016791630536317825,0.016791630536317825,37340,0.0,0.0
1982-01-15 00:00:00-05:00,0.016791630536317825,0.01700418627550633,0.016791630536317825,0.016791630536317825,528293,0.0,0.0
1982-01-18 00:00:00-05:00,0.0167916200838025,0.016933321952819824,0.0167916200838025,0.016933321952819824,64999,0.0,0.0
1982-01-19 00:00:00-05:00,0.016933321952819824,0.016933321952819824,0.0167916200838025,0.016933321952819824,31808,0.0,0.0
1982-01-20 00:00:00-05:00,0.016791630536317825,0.016791630536317825,0.016791630536317825,0.016791630536317825,71914,0.0,0.0
1982-01-21 00:00:00-05:00,0.01679163237899111,0.01693333435176562,0.01657908596098423,0.01657908596098423,676271,0.0,0.0
1982-01-22 00:00:00-05:00,0.01650822521182396,0.01650822521182396,0.0160831231623888,0.0160831231623888,118935,0.0,0.0
1982-01-25 00:00:00-05:00,0.0160831231623888,0.0161539769302795,0.016012269394498103,0.0160831231623888,327763,0.0,0.0
1982-01-26 00:00:00-05:00,0.0160831231623888,0.0160831231623888,0.016012269394498103,0.0160831231623888,71914,0.0,0.0
1982-01-27 00:00:00-05:00,0.016083115138099895,0.0161539688706398,0.016012261405559985,0.0161539688706398,1326265,0.0,0.0
1982-01-28 00:00:00-05:00,0.016153980138863037,0.016791630536317825,0.016083126356899013,0.016791630536317825,287657,0.0,0.0
1982-01-29 00:00:00-05:00,0.016791628010957373,0.016933329946870728,0.01664992794394493,0.01664992794394493,56702,0.0,0.0
1982-02-01 00:00:00-05:00,0.01664993103911766,0.01664993103911766,0.016295682674633744,0.016508229076862335,297338,0.0,0.0
1982-02-02 00:00:00-05:00,0.01675558940647968,0.01675558940647968,0.01653985819576137,0.016611766070127487,141063,0.03109,0.0
1982-02-03 00:00:00-05:00,0.016611766070127487,0.016683681532113564,0.01653985819576137,0.016611766070127487,45638,0.0,0.0
1982-02-04 00:00:00-05:00,0.016611761768042306,0.016683677211403847,0.01653985391229876,0.016683677211403847,59468,0.0,0.0
1982-02-05 00:00:00-05:00,0.01668366564562481,0.01682749074192913,0.016611750252117873,0.016755573451519012,277976,0.0,0.0
1982-02-08 00:00:00-05:00,0.016755573451519012,0.01689939854782333,0.016755573451519012,0.016755573451519012,70531,0.0,0.0
1982-02-09 00:00:00-05:00,0.01675558077113175,0.017187054351629146,0.01675558077113175,0.017043229192495346,272444,0.0,0.0
1982-02-10 00:00:00-05:00,0.017043232497978778,0.017043232497978778,0.016827501356601715,0.016827501356601715,80212,0.0,0.0
1982-02-11 00:00:00-05:00,0.01682749074192913,0.01689939854782333,0.016755573451519012,0.016755573451519012,138297,0.0,0.0
1982-02-12 00:00:00-05:00,0.016755573451519012,0.016755573451519012,0.016755573451519012,0.016755573451519012,66382,0.0,0.0
1982-02-16 00:00:00-05:00,0.016755573451519012,0.01689939854782333,0.016611750252117873,0.016755573451519012,1463179,0.0,0.0
1982-02-17 00:00:00-05:00,0.016755573451519012,0.01682749074192913,0.016611750252117873,0.016755573451519012,598824,0.0,0.0
1982-02-18 00:00:00-05:00,0.016755585067147392,0.016755585067147392,0.016611761768042306,0.016683677211403847,44255,0.0,0.0
1982-02-19 00:00:00-05:00,0.016683681532113564,0.01675558940647968,0.016396032962504185,0.016611766070127487,2284661,0.0,0.0
1982-02-22 00:00:00-05:00,0.016611766530500373,0.016755589870838437,0.016396033416898315,0.016539858654141426,589144,0.0,0.0
1982-02-23 00:00:00-05:00,0.016396019607782364,0.016396019607782364,0.016396019607782364,0.016396019607782364,539357,0.0,0.0
1982-02-24 00:00:00-05:00,0.016396033416898315,0.016539858654141426,0.016396033416898315,0.016539858654141426,286274,0.0,0.0
1982-02-25 00:00:00-05:00,0.016611750252117873,0.01689939854782333,0.016611750252117873,0.016755573451519012,445315,0.0,0.0
1982-02-26 00:00:00-05:00,0.016755589870838437,0.016899415108081545,0.016539858654141426,0.016539858654141426,105105,0.0,0.0
1982-03-01 00:00:00-05:00,0.016539844723892555,0.016611752539689037,0.016396019607782364,0.016396019607782364,179786,0.0,0.0
1982-03-02 00:00:00-05:00,0.016396032962504185,0.016683681532113564,0.016396032962504185,0.016611766070127487,51170,0.0,0.0
1982-03-03 00:00:00-05:00,0.016611750252117873,0.01697131394133027,0.016611750252117873,0.016755573451519012,217126,0.0,0.0
1982-03-04 00:00:00-05:00,0.01668368199447949,0.01668368199447949,0.016539858654141426,0.016539858654141426,168722,0.0,0.0
1982-03-05 00:00:00-05:00,0.01653984715509312,0.016611754981459368,0.01618028336351346,0.016324106603860855,1167224,0.0,0.0
1982-03-08 00:00:00-05:00,0.01632411114748187,0.016396026581479817,0.01582072302699089,0.01582072302699089,275210,0.0,0.0
1982-03-09 00:00:00-05:00,0.01582071319675101,0.01603645272552967,0.015604981255584644,0.01603645272552967,502017,0.0,0.0
1982-03-10 00:00:00-05:00,0.016036457904527596,0.01610836572945118,0.015964542491989267,0.01610836572945118,113403,0.0,0.0
1982-03-11 00:00:00-05:00,0.016108368572388634,0.016108368572388634,0.01596454530954361,0.01596454530954361,107871,0.0,0.0
1982-03-12 00:00:00-05:00,0.01596454544416759,0.01596454544416759,0.015604989180927025,0.015676897019147873,295955,0.0,0.0
1982-03-15 00:00:00-05:00,0.01582071133682807,0.016036450840243847,0.01582071133682807,0.015892626717686653,116169,0.0,0.0
1982-03-16 00:00:00-05:00,0.015892636523477128,0.016036460734774164,0.015820721098246573,0.01596454530954361,71914,0.0,0.0
1982-03-17 00:00:00-05:00,0.01596453733621653,0.016108360527230515,0.01596453733621653,0.01603645272552967,1128501,0.0,0.0
1982-03-18 00:00:00-05:00,0.01603645272552967,0.016180277813446726,0.01603645272552967,0.01603645272552967,96808,0.0,0.0
1982-03-19 00:00:00-05:00,0.01603645272552967,0.016180277813446726,0.01603645272552967,0.01603645272552967,44255,0.0,0.0
1982-03-22 00:00:00-05:00,0.01603645586905517,0.016611752539689037,0.015964540465644907,0.016396019607782364,2082747,0.0,0.0
1982-03-23 00:00:00-05:00,0.016396019607782364,0.01675557575889578,0.0163241042043721,0.016396019607782364,170105,0.0,0.0
1982-03-24 00:00:00-05:00,0.0163960188118422,0.016611751733276173,0.016180280199698163,0.0162521880120039,345742,0.0,0.0
1982-03-25 00:00:00-05:00,0.016252202038532032,0.016611766070127487,0.016180294164165915,0.016611766070127487,749568,0.0,0.0
1982-03-26 00:00:00-05:00,0.016611752539689037,0.0166836679430993,0.01625218880096184,0.016396019607782364,127233,0.0,0.0
1982-03-29 00:00:00-05:00,0.016396033416898315,0.016611766530500373,0.016396033416898315,0.016539858654141426,193615,0.0,0.0
1982-03-30 00:00:00-05:00,0.016539861568518385,0.016899418085813522,0.016539861568518385,0.016899418085813522,138297,0.0,0.0
1982-03-31 00:00:00-05:00,0.016899409207854897,0.017043232497978778,0.016755584020826633,0.016827501356601715,102340,0.0,0.0
1982-04-01 00:00:00-05:00,0.016827498092958682,0.017258969776552068,0.016827498092958682,0.017043229192495346,247551,0.0,0.0
1982-04-02 00:00:00-05:00,0.01704322304493195,0.017402786761522293,0.01704322304493195,0.017402786761522293,313933,0.0,0.0
1982-04-05 00:00:00-05:00,0.01740279896605549,0.017618539623592,0.01725897565484047,0.01725897565484047,163190,0.0,0.0
1982-04-06 00:00:00-05:00,0.017330881144548147,0.017618529498577118,0.017330881144548147,0.017618529498577118,406592,0.0,0.0
1982-04-07 00:00:00-05:00,0.01761853095080702,0.01783426391452957,0.01761853095080702,0.017690438777208328,177020,0.0,0.0
1982-04-08 00:00:00-05:00,0.017690437319051334,0.017690437319051334,0.017618529498577118,0.017618529498577118,94042,0.0,0.0
1982-04-12 00:00:00-05:00,0.017474713846587036,0.017474713846587036,0.017330888658761978,0.017330888658761978,396911,0.0,0.0
1982-04-13 00:00:00-05:00,0.017330888658761978,0.017474713846587036,0.01718705778022375,0.017330888658761978,1616688,0.0,0.0
1982-04-14 00:00:00-05:00,0.017330888658761978,0.017474713846587036,0.017258973219492862,0.017330888658761978,387231,0.0,0.0
1982-04-15 00:00:00-05:00,0.017187066714079314,0.017187066714079314,0.016611769457547734,0.016899418085813522,1754984,0.0,0.0
1982-04-16 00:00:00-05:00,0.01689939854782333,0.01718704684352879,0.016755573451519012,0.016755573451519012,154892,0.0,0.0
1982-04-19 00:00:00-05:00,0.01675558940647968,0.01675558940647968,0.016611766070127487,0.016611766070127487,315316,0.0,0.0
1982-04-20 00:00:00-05:00,0.016539844723892555,0.016539844723892555,0.016180280985165357,0.016396019607782364,12771695,0.0,0.0
1982-04-21 00:00:00-05:00,0.016396017349919353,0.01689939854782333,0.016396017349919353,0.016755573451519012,164573,0.0,0.0
1982-04-22 00:00:00-05:00,0.016755585067147392,0.016971325706518516,0.016683677211403847,0.016683677211403847,210211,0.0,0.0
1982-04-23 00:00:00-05:00,0.01668366564562481,0.01689939854782333,0.016611750252117873,0.016755573451519012,719143,0.0,0.0
1982-04-26 00:00:00-04:00,0.016899393944471503,0.017258957535739694,0.016899393944471503,0.01718704216182232,217126,0.0,0.0
1982-04-27 00:00:00-04:00,0.017187050328371173,0.017618529498577118,0.017187050328371173,0.017618529498577118,215743,0.0,0.0
1982-04-28 00:00:00-04:00,0.017618529970684912,0.017978086154822798,0.017618529970684912,0.017834262922406197,344359,0.0,0.0
1982-04-29 00:00:00-04:00,0.017834264888097008,0.01790618030603906,0.01747470866432887,0.01754661649465561,178403,0.0,0.0
1982-04-30 00:00:00-04:00,0.017474703122853038,0.017474703122853038,0.016827491123268278,0.016971314325928688,212977,0.0,0.0
1982-05-03 00:00:00-04:00,0.01704323520882215,0.017474716529250145,0.01704323520882215,0.017474716529250145,197764,0.0,0.0
1982-05-04 00:00:00-04:00,0.017287937528233117,0.017798554241756973,0.017287937528233117,0.017433827742934227,301487,0.03109,0.0
1982-05-05 00:00:00-04:00,0.017433827742934227,0.017725613944756278,0.017287937528233117,0.017433827742934227,265530,0.0,0.0
1982-05-06 00:00:00-04:00,0.017433832708795453,0.017725618993730048,0.017433832708795453,0.017579728737473488,107871,0.0,0.0
1982-05-07 00:00:00-04:00,0.017579728114603392,0.01779855868088358,0.017433832091094618,0.017506780102849007,118935,0.0,0.0
1982-05-10 00:00:00-04:00,0.017506775736494697,0.017652664027055863,0.017287937528233117,0.017433827742934227,359571,0.0,0.0
1982-05-11 00:00:00-04:00,0.017433822526997336,0.017798548916699446,0.017287932355944367,0.017652658745646477,107871,0.0,0.0
1982-05-12 00:00:00-04:00,0.017652664027055863,0.017725613944756278,0.017433827742934227,0.017433827742934227,141063,0.0,0.0
1982-05-13 00:00:00-04:00,0.017433829132004634,0.01750677713137736,0.017214998602867126,0.017214998602867126,399677,0.0,0.0
1982-05-14 00:00:00-04:00,0.01721500213476184,0.017725618993730048,0.01721500213476184,0.017579728737473488,864354,0.0,0.0
1982-05-17 00:00:00-04:00,0.01757972976931171,0.01787150837481022,0.01757972976931171,0.01787150837481022,1725942,0.0,0.0
1982-05-18 00:00:00-04:00,0.017725618365690893,0.017725618365690893,0.017506780102849007,0.017506780102849007,1464561,0.0,0.0
1982-05-19 00:00:00-04:00,0.017433826591590488,0.017433826591590488,0.017142048105597496,0.017142048105597496,555953,0.0,0.0
1982-05-20 00:00:00-04:00,0.017142048105597496,0.017287936386524084,0.017142048105597496,0.017142048105597496,4587300,0.0,0.0
1982-05-21 00:00:00-04:00,0.017142048105597496,0.017287936386524084,0.017142048105597496,0.017142048105597496,91276,0.0,0.0
1982-05-24 00:00:00-04:00,0.017142051477289463,0.01728793978691101,0.017142051477289463,0.01728793978691101,464677,0.0,0.0
1982-05-25 00:00:00-04:00,0.01728793978691101,0.01728793978691101,0.017142051477289463,0.01728793978691101,305636,0.0,0.0
1982-05-26 00:00:00-04:00,0.017287936386524084,0.017287936386524084,0.017142048105597496,0.017142048105597496,309784,0.0,0.0
1982-05-27 00:00:00-04:00,0.017142048105597496,0.017142048105597496,0.01699615790053109,0.017142048105597496,492336,0.0,0.0
1982-05-28 00:00:00-04:00,0.017142052157418326,0.017142052157418326,0.016631443053483963,0.016631443053483963,124467,0.0,0.0
1982-06-01 00:00:00-04:00,0.016777344048023224,0.0169232324569537,0.016777344048023224,0.016777344048023224,226806,0.0,0.0
1982-06-02 00:00:00-04:00,0.01677733522483372,0.016996163874864578,0.01677733522483372,0.016996163874864578,235104,0.0,0.0
1982-06-03 00:00:00-04:00,0.016996160377169233,0.017214998602867126,0.016996160377169233,0.017214998602867126,316699,0.0,0.0
1982-06-04 00:00:00-04:00,0.01714205413121297,0.01714205413121297,0.016996163874864578,0.016996163874864578,366486,0.0,0.0
1982-06-07 00:00:00-04:00,0.01699615790053109,0.017287936386524084,0.01692321760834743,0.017142048105597496,266913,0.0,0.0
1982-06-08 00:00:00-04:00,0.0171420583037089,0.0171420583037089,0.01685027964413166,0.01685027964413166,1789559,0.0,0.0
1982-06-09 00:00:00-04:00,0.01685027360245842,0.01685027360245842,0.016631443053483963,0.016631443053483963,1175521,0.0,0.0
1982-06-10 00:00:00-04:00,0.0166314459939665,0.0166314459939665,0.016266719368536534,0.016339659690856934,519995,0.0,0.0
1982-06-11 00:00:00-04:00,0.01633965680196297,0.016631443053483963,0.01633965680196297,0.016631443053483963,1403711,0.0,0.0
1982-06-14 00:00:00-04:00,0.016631443664208514,0.016631443664208514,0.01648554764688015,0.01648554764688015,584995,0.0,0.0
1982-06-15 00:00:00-04:00,0.016485557010894606,0.016485557010894606,0.01575611018237333,0.015901999548077583,897545,0.0,0.0
1982-06-16 00:00:00-04:00,0.01590199345124398,0.01590199345124398,0.015610214831703561,0.01575610414147377,348508,0.0,0.0
1982-06-17 00:00:00-04:00,0.01575610148320677,0.016047880053520203,0.01575610148320677,0.016047880053520203,437017,0.0,0.0
1982-06-18 00:00:00-04:00,0.016047872964627286,0.016047872964627286,0.015829043462872505,0.015829043462872505,2353809,0.0,0.0
1982-06-21 00:00:00-04:00,0.015829043462872505,0.016047872964627286,0.01575609452320234,0.015829043462872505,449464,0.0,0.0
1982-06-22 00:00:00-04:00,0.015829043462872505,0.015901983743914813,0.01568314558353218,0.015829043462872505,392762,0.0,0.0
1982-06-23 00:00:00-04:00,0.015829053880849858,0.015901994209898237,0.015537267550826073,0.015537267550826073,449464,0.0,0.0
1982-06-24 00:00:00-04:00,0.015610220816669074,0.015901999548077583,0.015610220816669074,0.015901999548077583,569782,0.0,0.0
1982-06-25 00:00:00-04:00,0.015829042550995234,0.015829042550995234,0.015099588792897056,0.015464315190911293,763397,0.0,0.0
1982-06-28 00:00:00-04:00,0.01546432294818045,0.015610212233670063,0.015391374938189983,0.015391374938189983,297338,0.0,0.0
1982-06-29 00:00:00-04:00,0.015391372569394966,0.015464320568158439,0.015172543004155159,0.015172543004155159,525527,0.0,0.0
1982-06-30 00:00:00-04:00,0.015172543004155159,0.015391372569394966,0.015172543004155159,0.015172543004155159,405209,0.0,0.0
1982-07-01 00:00:00-04:00,0.015172548441086455,0.015391378084741681,0.01495371013879776,0.01495371013879776,980523,0.0,0.0
1982-07-02 00:00:00-04:00,0.01495370398749611,0.01495370398749611,0.01458897748199574,0.014807814732193947,448081,0.0,0.0
1982-07-06 00:00:00-04:00,0.014807820128100724,0.014807820128100724,0.014224263856316635,0.014588982798159122,164573,0.0,0.0
1982-07-07 00:00:00-04:00,0.014588974756962084,0.014588974756962084,0.014370145244198345,0.01444308552891016,58085,0.0,0.0
1982-07-08 00:00:00-04:00,0.014370157383382322,0.014370157383382322,0.014078378680798547,0.01437015738338232,163190,0.0,0.0
1982-07-09 00:00:00-04:00,0.014370157383382322,0.014443097729710464,0.014224268032090434,0.01437015738338232,290423,0.0,0.0
1982-07-12 00:00:00-04:00,0.014443093489695514,0.01495370943656433,0.014443093489695514,0.014588982798159122,377550,0.0,0.0
1982-07-13 00:00:00-04:00,0.014588982798159122,0.015026658420112667,0.014588982798159122,0.014588982798159122,146594,0.0,0.0
1982-07-14 00:00:00-04:00,0.014588986991718731,0.014734876342117785,0.014443097641319676,0.014734876342117786,262764,0.0,0.0
1982-07-15 00:00:00-04:00,0.014588976318699804,0.014588976318699804,0.01451603602617979,0.01451603602617979,103722,0.0,0.0
1982-07-16 00:00:00-04:00,0.014516034472250267,0.014588974756962084,0.01444308552891016,0.01444308552891016,344359,0.0,0.0
1982-07-19 00:00:00-04:00,0.014443097980220941,0.014516046986449961,0.013786592520773413,0.01378659252077341,193615,0.0,0.0
1982-07-20 00:00:00-04:00,0.013786592520773413,0.013786592520773413,0.013348924459306551,0.01378659252077341,402443,0.0,0.0
1982-07-21 00:00:00-04:00,0.013786592520773413,0.013859540564931792,0.013567762819357858,0.01378659252077341,147977,0.0,0.0
1982-07-22 00:00:00-04:00,0.013786586806169784,0.014078373089432716,0.013786586806169784,0.014078373089432716,446698,0.0,0.0
1982-07-23 00:00:00-04:00,0.014078366788094498,0.014516034472250267,0.014078366788094498,0.01444308552891016,539357,0.0,0.0
1982-07-26 00:00:00-04:00,0.014443097729710464,0.014443097729710464,0.014370157383382322,0.01437015738338232,284891,0.0,0.0
1982-07-27 00:00:00-04:00,0.014370146881872782,0.014516036126550778,0.014151308685541153,0.014151308685541153,316699,0.0,0.0
1982-07-28 00:00:00-04:00,0.014151320331521586,0.0143701587079486,0.013713653199374674,0.013713653199374676,212977,0.0,0.0
1982-07-29 00:00:00-04:00,0.013713653199374674,0.013786593552426077,0.01364070418768687,0.013713653199374676,116169,0.0,0.0
1982-07-30 00:00:00-04:00,0.013567753829234735,0.013567753829234735,0.013348915614187716,0.013348915614187717,100957,0.0,0.0
1982-08-02 00:00:00-04:00,0.013421860178799868,0.0137136385976035,0.013421860178799868,0.013640689663589,262764,0.0,0.0
1982-08-03 00:00:00-04:00,0.013970623520109785,0.013970623520109785,0.013599061407148836,0.013599061407148838,590527,0.03109,0.0
1982-08-04 00:00:00-04:00,0.013673378607875698,0.01404493193391316,0.013673378607875698,0.013896308839321136,302870,0.0,0.0
1982-08-05 00:00:00-04:00,0.013896305731326736,0.013896305731326736,0.013673375549741006,0.013821998611092567,222658,0.0,0.0
1982-08-06 00:00:00-04:00,0.013822002482149525,0.013970625585125192,0.013747686520218847,0.01374768652021885,132765,0.0,0.0
1982-08-09 00:00:00-04:00,0.01374768448815634,0.01374768448815634,0.013599061407148836,0.013599061407148838,56702,0.0,0.0
1982-08-10 00:00:00-04:00,0.01359906265013709,0.013896308839321136,0.01359906265013709,0.013896308839321136,568399,0.0,0.0
1982-08-11 00:00:00-04:00,0.013896308839321136,0.013970624797059746,0.013747685744729113,0.013896308839321136,430103,0.0,0.0
1982-08-12 00:00:00-04:00,0.013822002482149525,0.013822002482149525,0.013747686520218847,0.01374768652021885,116169,0.0,0.0
1982-08-13 00:00:00-04:00,0.013747686520218847,0.013822002482149525,0.013747686520218847,0.01374768652021885,135531,0.0,0.0
1982-08-16 00:00:00-04:00,0.013821999940742883,0.014267868187591112,0.013821999940742883,0.014119245111942291,318082,0.0,0.0
1982-08-17 00:00:00-04:00,0.014119251939909238,0.014565121382474898,0.014044936935802832,0.0145651213824749,106488,0.0,0.0
1982-08-18 00:00:00-04:00,0.014565111869273043,0.015382542077084397,0.014416488818824291,0.014416488818824291,430103,0.0,0.0
1982-08-19 00:00:00-04:00,0.014416493100737462,0.014639432153068094,0.013896308839321136,0.013896308839321136,289040,0.0,0.0
1982-08-20 00:00:00-04:00,0.013896316280910924,0.014862370343433086,0.013822009104265414,0.01463943999260664,728823,0.0,0.0
1982-08-23 00:00:00-04:00,0.014713739044964314,0.015159616162104173,0.014713739044964314,0.014713739044964314,237870,0.0,0.0
1982-08-24 00:00:00-04:00,0.01471373199740605,0.015085292980074883,0.01471373199740605,0.015085292980074883,1203181,0.0,0.0
1982-08-25 00:00:00-04:00,0.015382548583352144,0.016497225363529402,0.015382548583352144,0.01634860225021839,706696,0.0,0.0
1982-08-26 00:00:00-04:00,0.01709172890454642,0.017611904509413204,0.01709172890454642,0.01724035106599331,872652,0.0,0.0
1982-08-27 00:00:00-04:00,0.016943096026646978,0.016943096026646978,0.016720158979296684,0.016720158979296684,551804,0.0,0.0
1982-08-30 00:00:00-04:00,0.016571540385484695,0.016571540385484695,0.01619997917107874,0.016571540385484695,344359,0.0,0.0
1982-08-31 00:00:00-04:00,0.01657153493446193,0.016868781063935127,0.01657153493446193,0.016720158979296684,146594,0.0,0.0
1982-09-01 00:00:00-04:00,0.016794463619589806,0.017091717545924544,0.016794463619589806,0.016794463619589806,186700,0.0,0.0
1982-09-02 00:00:00-04:00,0.01679446077133625,0.017166021745602774,0.016720153672991747,0.016868775710463524,77446,0.0,0.0
1982-09-03 00:00:00-04:00,0.01694309711456299,0.017314650389820205,0.01694309711456299,0.01694309711456299,230955,0.0,0.0
1982-09-07 00:00:00-04:00,0.016943108319514108,0.017166039648020583,0.016943108319514108,0.01709173247218132,367869,0.0,0.0
1982-09-08 00:00:00-04:00,0.01709173247218132,0.01709173247218132,0.01709173247218132,0.01709173247218132,85744,0.0,0.0
1982-09-09 00:00:00-04:00,0.017611904069781303,0.017909158186241607,0.017611904069781303,0.017611904069781303,320848,0.0,0.0
1982-09-10 00:00:00-04:00,0.017611904069781303,0.017760528187715535,0.017537596911307386,0.017611904069781303,142446,0.0,0.0
1982-09-13 00:00:00-04:00,0.017611904069781303,0.017611904069781303,0.01746328191204435,0.017611904069781303,139680,0.0,0.0
1982-09-14 00:00:00-04:00,0.017611900244032107,0.018057778381570657,0.017611900244032107,0.017909154295921326,239253,0.0,0.0
1982-09-15 00:00:00-04:00,0.017909154295921326,0.018132085523903187,0.017760524329681435,0.017909154295921326,301487,0.0,0.0
1982-09-16 00:00:00-04:00,0.01790915305399754,0.018503645434975628,0.01790915305399754,0.018503645434975624,419039,0.0,0.0
1982-09-17 00:00:00-04:00,0.018503651240018404,0.018949519685533323,0.018280712116767614,0.018800897523760796,286274,0.0,0.0
1982-09-20 00:00:00-04:00,0.018800888738336054,0.0189495108306593,0.01828070357441902,0.01828070357441902,521378,0.0,0.0
1982-09-21 00:00:00-04:00,0.018280707649355663,0.018280707649355663,0.017760524329681435,0.017909154295921326,315316,0.0,0.0
1982-09-22 00:00:00-04:00,0.017909154295921326,0.018206400507023133,0.017909154295921326,0.017909154295921326,853290,0.0,0.0
1982-09-23 00:00:00-04:00,0.017909154295921326,0.018057778381570657,0.017909154295921326,0.017909154295921326,521378,0.0,0.0
1982-09-24 00:00:00-04:00,0.01790916479777018,0.018206411183175848,0.01790916479777018,0.018132096156477928,521378,0.0,0.0
1982-09-27 00:00:00-04:00,0.018132096156477928,0.01828071836908176,0.018057788970572017,0.018132096156477928,199147,0.0,0.0
1982-09-28 00:00:00-04:00,0.018132089954995087,0.018949519685533323,0.01805778279450349,0.018800897523760796,3117206,0.0,0.0
1982-09-29 00:00:00-04:00,0.018652268942839223,0.018652268942839223,0.018057778477668762,0.018057778477668762,1035842,0.0,0.0
1982-09-30 00:00:00-04:00,0.018057788970572017,0.018132096156477928,0.01798347198367609,0.018132096156477928,706696,0.0,0.0
1982-10-01 00:00:00-04:00,0.01805777342261318,0.01805777342261318,0.016720158979296684,0.016720158979296684,1400945,0.0,0.0
1982-10-04 00:00:00-04:00,0.016720165012196156,0.017240348376710013,0.016720165012196156,0.017166033387184143,2207214,0.0,0.0
1982-10-05 00:00:00-04:00,0.017166037259784415,0.017463283563566512,0.017166037259784415,0.01731465943157673,2622104,0.0,0.0
1982-10-06 00:00:00-04:00,0.017314649278046764,0.017388966200954932,0.016720158979296684,0.016720158979296684,738504,0.0,0.0
1982-10-07 00:00:00-04:00,0.016720167202965028,0.01805778230417584,0.016720167202965028,0.017611904069781303,791057,0.0,0.0
1982-10-08 00:00:00-04:00,0.01761188867288536,0.018057766517478726,0.017537581579373164,0.0179834496229887,273827,0.0,0.0
1982-10-11 00:00:00-04:00,0.017983457429576112,0.01865226468581639,0.01790915030380732,0.01828070357441902,721908,0.0,0.0
1982-10-12 00:00:00-04:00,0.018280709185583097,0.019692641058199324,0.018280709185583097,0.019544009119272232,452230,0.0,0.0
1982-10-13 00:00:00-04:00,0.019544015674157065,0.019989893998708715,0.019544015674157065,0.01991557702422142,378933,0.0,0.0
1982-10-14 00:00:00-04:00,0.019915571745788393,0.019989888700578683,0.018949517980217934,0.018949517980217934,1959663,0.0,0.0
1982-10-15 00:00:00-04:00,0.018949510163159985,0.018949510163159985,0.01857794906485091,0.018652264028787613,287657,0.0,0.0
1982-10-18 00:00:00-04:00,0.01887520949853322,0.019544009119272232,0.01887520949853322,0.019544009119272232,308402,0.0,0.0
1982-10-19 00:00:00-04:00,0.019618322142891723,0.019915568349188832,0.019618322142891723,0.019841261208057404,475740,0.0,0.0
1982-10-20 00:00:00-04:00,0.019841255148512725,0.020212808382468434,0.019841255148512725,0.020064186304807663,305636,0.0,0.0
1982-10-21 00:00:00-04:00,0.020138505673674353,0.021104559190983162,0.020138505673674353,0.02095593512058258,1124352,0.0,0.0
1982-10-22 00:00:00-04:00,0.02095593810596491,0.021253184328915112,0.02088162311988273,0.0210302472114563,950098,0.0,0.0
1982-10-25 00:00:00-04:00,0.0210302487384014,0.0210302487384014,0.020584378391504288,0.020584378391504288,555953,0.0,0.0
1982-10-26 00:00:00-04:00,0.020584370571685193,0.020584370571685193,0.019915563345216356,0.020287124440073967,665207,0.0,0.0
1982-10-27 00:00:00-04:00,0.020287118048492942,0.020658680986483696,0.020287118048492942,0.020510056987404823,1008183,0.0,0.0
1982-10-28 00:00:00-04:00,0.020287132242909997,0.020287132242909997,0.01946970261633396,0.01946970261633396,637548,0.0,0.0
1982-10-29 00:00:00-04:00,0.01946969605019808,0.019544003176179155,0.018800888792047128,0.01924675703048706,492336,0.0,0.0
1982-11-01 00:00:00-05:00,0.01920456687316126,0.01973175360933325,0.01920456687316126,0.019656438380479813,536591,0.03109,0.0
1982-11-02 00:00:00-05:00,0.01965644384224587,0.020183628738321958,0.019430511998969283,0.01995769888162613,1016480,0.0,0.0
1982-11-03 00:00:00-05:00,0.019957698399903818,0.021087377454827097,0.019957698399903818,0.021012062206864357,731589,0.0,0.0
1982-11-04 00:00:00-05:00,0.021012049509756006,0.02168985851970596,0.020786117808458213,0.021162671968340874,1167224,0.0,0.0
1982-11-05 00:00:00-05:00,0.021162668128597784,0.02138860773521926,0.020560174430415416,0.020786114037036896,194998,0.0,0.0
1982-11-08 00:00:00-05:00,0.020560186230786117,0.020560186230786117,0.019731754437088966,0.019731754437088966,239253,0.0,0.0
1982-11-09 00:00:00-05:00,0.019731750195340104,0.020108312368392944,0.01958112572343494,0.020108312368392944,822865,0.0,0.0
1982-11-10 00:00:00-05:00,0.020108302826984996,0.020786111635647402,0.020108302826984996,0.020334234461188316,384465,0.0,0.0
1982-11-11 00:00:00-05:00,0.020334240901792557,0.020484863363355074,0.0202589336441704,0.020409556105732918,129999,0.0,0.0
1982-11-12 00:00:00-05:00,0.020409559517774026,0.020484866787985945,0.020258937031030655,0.020258937031030655,565633,0.0,0.0
1982-11-15 00:00:00-05:00,0.020183622480618855,0.020183622480618855,0.01920456625521183,0.01920456625521183,637548,0.0,0.0
1982-11-16 00:00:00-05:00,0.018677375996606953,0.018677375996606953,0.01815019737969249,0.018526751548051834,446698,0.0,0.0
1982-11-17 00:00:00-05:00,0.01852675312191144,0.01912925494047394,0.01852675312191144,0.01905393972992897,219892,0.0,0.0
1982-11-18 00:00:00-05:00,0.019053930902657685,0.019204553307648642,0.018827991335434835,0.018978623673319817,163190,0.0,0.0
1982-11-19 00:00:00-05:00,0.018978623673319817,0.019053930902657685,0.018827991335434835,0.018978623673319817,268295,0.0,0.0
1982-11-22 00:00:00-05:00,0.018978630853455858,0.019053938111284523,0.018526751548051838,0.018526751548051834,286274,0.0,0.0
1982-11-23 00:00:00-05:00,0.01852674892133998,0.01897862816267682,0.01852674892133998,0.0187526885420084,257232,0.0,0.0
1982-11-24 00:00:00-05:00,0.01875269829877865,0.01875269829877865,0.018150204249669167,0.01822551153600216,275210,0.0,0.0
1982-11-26 00:00:00-05:00,0.018225501211261905,0.018677372485399246,0.01799956358761405,0.018677372485399246,799355,0.0,0.0
1982-11-29 00:00:00-05:00,0.018677375996606953,0.01912925331543142,0.018300821828247608,0.018526751548051834,1060735,0.0,0.0
1982-11-30 00:00:00-05:00,0.01852675312191144,0.01905393972992897,0.01852675312191144,0.01905393972992897,230955,0.0,0.0
1982-12-01 00:00:00-05:00,0.019053939527038134,0.01927987919652801,0.01890331506729126,0.01890331506729126,535208,0.0,0.0
1982-12-02 00:00:00-05:00,0.018903310982628797,0.01897862816267682,0.01852674892133998,0.0187526885420084,297338,0.0,0.0
1982-12-03 00:00:00-05:00,0.018752691200753846,0.019053938111284523,0.01845144429022317,0.018526751548051834,904460,0.0,0.0
1982-12-06 00:00:00-05:00,0.01852676328608055,0.018752703081931568,0.018376140728674835,0.018451455980539322,1264031,0.0,0.0
1982-12-07 00:00:00-05:00,0.01845143841647373,0.018526745650329426,0.01769831442686475,0.017848936840891838,1104990,0.0,0.0
1982-12-08 00:00:00-05:00,0.017848946336021364,0.018074886036992234,0.01777363906210435,0.017999570816755295,593293,0.0,0.0
1982-12-09 00:00:00-05:00,0.01799958092406147,0.018074896186590195,0.01799958092406147,0.018074896186590195,748185,0.0,0.0
1982-12-10 00:00:00-05:00,0.018074886391531014,0.018074886391531014,0.017773639410734177,0.017773639410734177,240636,0.0,0.0
1982-12-13 00:00:00-05:00,0.017623009919289574,0.017623009919289574,0.017397070303559303,0.017397070303559303,340210,0.0,0.0
1982-12-14 00:00:00-05:00,0.017472397669817133,0.01769832949665549,0.017472397669817133,0.017623022198677063,519995,0.0,0.0
1982-12-15 00:00:00-05:00,0.017773639410734177,0.01799957116981677,0.017773639410734177,0.017773639410734177,499251,0.0,0.0
1982-12-16 00:00:00-05:00,0.017773629607036146,0.01799956124149785,0.01769831442686475,0.017848936840891838,539357,0.0,0.0
1982-12-17 00:00:00-05:00,0.017999570816755295,0.018225508531146184,0.017999570816755295,0.017999570816755295,354039,0.0,0.0
1982-12-20 00:00:00-05:00,0.018150195479393005,0.01830081991217796,0.018150195479393005,0.018150195479393005,237870,0.0,0.0
1982-12-21 00:00:00-05:00,0.018150211449118915,0.018150211449118915,0.01799958092406147,0.018074896186590195,224041,0.0,0.0
1982-12-22 00:00:00-05:00,0.018074886036992234,0.01815020125722917,0.017999570816755295,0.017999570816755295,714994,0.0,0.0
1982-12-23 00:00:00-05:00,0.018376129086076276,0.018752691200753846,0.018376129086076276,0.018526751548051834,976374,0.0,0.0
1982-12-27 00:00:00-05:00,0.018526751548051838,0.018827998458582514,0.018526751548051838,0.018526751548051834,152126,0.0,0.0
1982-12-28 00:00:00-05:00,0.018526748065160404,0.01875268767538744,0.018526748065160404,0.018677372485399246,277976,0.0,0.0
1982-12-29 00:00:00-05:00,0.018677373348539653,0.018903310982628797,0.018677373348539653,0.0187526885420084,64999,0.0,0.0
1982-12-30 00:00:00-05:00,0.018752684106096967,0.018978623673319817,0.018752684106096967,0.018978623673319817,66382,0.0,0.0
1982-12-31 00:00:00-05:00,0.01897862799606494,0.019279874861240387,0.018752688377380027,0.019279874861240387,450847,0.0,0.0
1983-01-03 00:00:00-05:00,0.019279882144035452,0.019505811915166937,0.018752695461035255,0.018828002735972404,331912,0.0,0.0
1983-01-04 00:00:00-05:00,0.018827999857548263,0.018978632263613956,0.018827999857548263,0.01890331506729126,81595,0.0,0.0
1983-01-05 00:00:00-05:00,0.019279874861240387,0.019656428972906367,0.019279874861240387,0.019279874861240387,376167,0.0,0.0
1983-01-06 00:00:00-05:00,0.01927988944573105,0.01995769888162613,0.01927988944573105,0.01995769888162613,139680,0.0,0.0
1983-01-07 00:00:00-05:00,0.019957698278927585,0.02101206207949696,0.019957698278927585,0.020861437544226646,598824,0.0,0.0
1983-01-10 00:00:00-05:00,0.0208614212795066,0.021162668128597784,0.02063548365946427,0.020786114037036896,880950,0.0,0.0
1983-01-11 00:00:00-05:00,0.020786123546171792,0.020786123546171792,0.020635493099689484,0.020635493099689484,434251,0.0,0.0
1983-01-12 00:00:00-05:00,0.020635499748030833,0.02101206207949696,0.02025894536288751,0.020861437544226646,468826,0.0,0.0
1983-01-13 00:00:00-05:00,0.02086143754422665,0.02101206207949696,0.02086143754422665,0.020861437544226646,138297,0.0,0.0
1983-01-14 00:00:00-05:00,0.02086143754422665,0.021237999875692776,0.020786130243043245,0.020861437544226646,850524,0.0,0.0
1983-01-17 00:00:00-05:00,0.02086143754422665,0.020936754778313554,0.02086143754422665,0.020861437544226646,394145,0.0,0.0
1983-01-18 00:00:00-05:00,0.020861437670681014,0.021012062206864357,0.020786130369041124,0.021012062206864357,396911,0.0,0.0
1983-01-19 00:00:00-05:00,0.02101206115663006,0.02108737640082836,0.020936753858754216,0.02108737640082836,105105,0.0,0.0
1983-01-20 00:00:00-05:00,0.021087377327003165,0.021087377327003165,0.020635499748030833,0.020861437544226646,1154777,0.0,0.0
1983-01-21 00:00:00-05:00,0.02086142547700002,0.02086142547700002,0.02018361645365049,0.020409556105732918,280742,0.0,0.0
1983-01-24 00:00:00-05:00,0.02040956371308139,0.02040956371308139,0.019731754437088966,0.019731754437088966,466060,0.0,0.0
1983-01-25 00:00:00-05:00,0.019731754437088966,0.02018362397678343,0.01965643920507602,0.019731754437088966,430103,0.0,0.0
1983-01-26 00:00:00-05:00,0.01973174507060731,0.019882367516812917,0.017321764078944778,0.018150195479393005,1481157,0.0,0.0
1983-01-27 00:00:00-05:00,0.018150194806368262,0.01882799578916005,0.017698317551610696,0.0187526885420084,3366140,0.0,0.0
1983-01-28 00:00:00-05:00,0.01912926323711872,0.019505817600783792,0.01912926323711872,0.01912926323711872,1613922,0.0,0.0
1983-01-31 00:00:00-05:00,0.0191292589751024,0.01920456625521183,0.01897863646856297,0.01920456625521183,966694,0.0,0.0
1983-02-01 00:00:00-05:00,0.019325798969999832,0.019325798969999832,0.019174225628376007,0.019174225628376007,1391264,0.01446,0.0
1983-02-02 00:00:00-05:00,0.019174234541562005,0.019325807953645066,0.018871085718274117,0.018871085718274117,1674772,0.0,0.0
1983-02-03 00:00:00-05:00,0.018871091852824855,0.018871091852824855,0.018567942930990337,0.018643725663423538,1012331,0.0,0.0
1983-02-04 00:00:00-05:00,0.018643725663423538,0.018871091852824855,0.018567942930990337,0.018643725663423538,999885,0.0,0.0
1983-02-07 00:00:00-05:00,0.018643711868152387,0.019098443910479542,0.01841635584259348,0.019098443910479546,612654,0.0,0.0
1983-02-08 00:00:00-05:00,0.019098451833763998,0.019098451833763998,0.018567936894986228,0.018871085718274117,674888,0.0,0.0
1983-02-09 00:00:00-05:00,0.018871085718274117,0.019022659130357177,0.018643719602784232,0.018871085718274117,721908,0.0,0.0
1983-02-10 00:00:00-05:00,0.01887107694600753,0.019325798969999832,0.01887107694600753,0.019174225628376007,1179670,0.0,0.0
1983-02-11 00:00:00-05:00,0.019250030549877176,0.01940160600284613,0.019250030549877176,0.01932581327855587,489570,0.0,0.0
1983-02-14 00:00:00-05:00,0.01932581327855587,0.01932581327855587,0.019250030549877176,0.01932581327855587,360954,0.0,0.0
1983-02-15 00:00:00-05:00,0.019325800459790054,0.019401593133807182,0.01917422710648172,0.019401593133807182,839461,0.0,0.0
1983-02-16 00:00:00-05:00,0.019401598078820456,0.019780529559551063,0.019325805385485544,0.0195531714707613,358188,0.0,0.0
1983-02-17 00:00:00-05:00,0.019553179241194974,0.019932110872513016,0.019553179241194974,0.019856328144669533,349891,0.0,0.0
1983-02-18 00:00:00-05:00,0.019856320055801745,0.020917347782659926,0.019780529362343945,0.020538408309221268,410741,0.0,0.0
1983-02-22 00:00:00-05:00,0.02053840610076207,0.02068997947489334,0.02046261541545391,0.02046261541545391,889247,0.0,0.0
1983-02-23 00:00:00-05:00,0.020462639209600213,0.02099315263330936,0.020462639209600213,0.020993152633309364,441166,0.0,0.0
1983-02-24 00:00:00-05:00,0.020993130721422795,0.02129627950489521,0.02068998193795038,0.02129627950489521,914141,0.0,0.0
1983-02-25 00:00:00-05:00,0.021296272416333365,0.02167521176800481,0.021220489743713246,0.02137206308543682,1146479,0.0,0.0
1983-02-28 00:00:00-05:00,0.02137207530808657,0.021523650735616684,0.02137207530808657,0.021523650735616684,403826,0.0,0.0
1983-03-01 00:00:00-05:00,0.021523643750802762,0.022129941265924685,0.021447853062950197,0.021826792508363724,3440821,0.0,0.0
1983-03-02 00:00:00-05:00,0.02190259431998056,0.02235731668770313,0.02190259431998056,0.022357316687703133,1754984,0.0,0.0
1983-03-03 00:00:00-05:00,0.02235732302578962,0.02250889852408224,0.02220574952661991,0.02220574952661991,735738,0.0,0.0
1983-03-04 00:00:00-05:00,0.02235731668770313,0.022508892143025552,0.02235731668770313,0.022357316687703133,219892,0.0,0.0
1983-03-07 00:00:00-05:00,0.02235732302578962,0.02250889852408224,0.02220574952661991,0.02220574952661991,1461796,0.0,0.0
1983-03-08 00:00:00-05:00,0.02220573230179801,0.022508881064110087,0.021902583539485928,0.02190258353948593,3864008,0.0,0.0
1983-03-09 00:00:00-05:00,0.021902599240384117,0.021902599240384117,0.021068937047512695,0.021144719794392586,674888,0.0,0.0
1983-03-10 00:00:00-05:00,0.021144706112719753,0.02175100168054308,0.021068923414875027,0.02129627950489521,1392647,0.0,0.0
1983-03-11 00:00:00-05:00,0.021296301733197742,0.021296301733197742,0.020917369856365338,0.020993152633309364,977757,0.0,0.0
1983-03-14 00:00:00-05:00,0.020993130479631816,0.021144705869182986,0.020462617615763463,0.020538408309221268,1147862,0.0,0.0
1983-03-15 00:00:00-05:00,0.020538409189542774,0.020689982586469237,0.020538409189542774,0.02061419188976288,774461,0.0,0.0
1983-03-16 00:00:00-05:00,0.020614191006193158,0.02068998169965096,0.020538408309221264,0.020538408309221268,781376,0.0,0.0
1983-03-17 00:00:00-05:00,0.02053840610076207,0.02061418878958518,0.02046261541545391,0.02046261541545391,513081,0.0,0.0
1983-03-18 00:00:00-05:00,0.020462623868265892,0.020538414584882092,0.020311048432399757,0.020386841148138046,611271,0.0,0.0
1983-03-21 00:00:00-05:00,0.020386840609377285,0.020386840609377285,0.019932108316429765,0.020007899031043053,697015,0.0,0.0
1983-03-22 00:00:00-05:00,0.020007896843602876,0.020083689549051868,0.019932106137275696,0.019932106137275696,1200415,0.0,0.0
1983-03-23 00:00:00-05:00,0.019932119635830435,0.020386852187019428,0.01985633687466845,0.020311059430241585,667973,0.0,0.0
1983-03-24 00:00:00-05:00,0.020311058390010704,0.021296296207475862,0.020083702121676116,0.021068939939141273,1887749,0.0,0.0
1983-03-25 00:00:00-05:00,0.02106894540587132,0.021144728182815348,0.020765788309488595,0.020993152633309364,965311,0.0,0.0
1983-03-28 00:00:00-05:00,0.020917362199113165,0.020917362199113165,0.02068999595940113,0.02068999595940113,752334,0.0,0.0
1983-03-29 00:00:00-05:00,0.02068999595940113,0.020917362199113165,0.02068999595940113,0.02068999595940113,381699,0.0,0.0
1983-03-30 00:00:00-05:00,0.02068999595940113,0.020917362199113165,0.02068999595940113,0.02068999595940113,309784,0.0,0.0
1983-03-31 00:00:00-05:00,0.02068998922833733,0.02114471356333474,0.02068998922833733,0.020765773952007294,836695,0.0,0.0
1983-04-04 00:00:00-05:00,0.020689999224652738,0.020689999224652738,0.020311059430241585,0.020311059430241585,633399,0.0,0.0
1983-04-05 00:00:00-05:00,0.020311056224793452,0.02068999595940113,0.020311056224793452,0.02068999595940113,670739,0.0,0.0
1983-04-06 00:00:00-05:00,0.02061418878958518,0.02061418878958518,0.02046261541545391,0.02046261541545391,662441,0.0,0.0
1983-04-07 00:00:00-05:00,0.020462629312710347,0.020917359739542007,0.02038684657241916,0.020917359739542007,271061,0.0,0.0
1983-04-08 00:00:00-05:00,0.020917364428964386,0.02122051345019509,0.020689998165014455,0.021068939939141273,555953,0.0,0.0
1983-04-11 00:00:00-05:00,0.02106892623716442,0.021296282357640105,0.020689984709478637,0.021220499649643898,510315,0.0,0.0
1983-04-12 00:00:00-05:00,0.021220510537763648,0.02129629328464354,0.021144719794392582,0.021144719794392586,416273,0.0,0.0
1983-04-13 00:00:00-05:00,0.021220496807050484,0.021447854896192168,0.021220496807050484,0.02129627950489521,1273712,0.0,0.0
1983-04-14 00:00:00-05:00,0.02137206308543682,0.021523638426281234,0.02137206308543682,0.02137206308543682,201913,0.0,0.0
1983-04-15 00:00:00-05:00,0.02137206308543682,0.02167521176800481,0.021296272416333365,0.02137206308543682,388614,0.0,0.0
1983-04-18 00:00:00-05:00,0.02137207530808657,0.021523650735616684,0.021296284595638548,0.021523650735616684,259998,0.0,0.0
1983-04-19 00:00:00-05:00,0.021523663821101678,0.02175102010369301,0.021523663821101678,0.02175102010369301,315316,0.0,0.0
1983-04-20 00:00:00-05:00,0.021751004199750453,0.02303939817367899,0.021675221493128553,0.02273625135421753,453613,0.0,0.0
1983-04-21 00:00:00-05:00,0.02273625135421753,0.02303939817367899,0.02273625135421753,0.02273625135421753,555953,0.0,0.0
1983-04-22 00:00:00-05:00,0.022736262375291062,0.02281204511864755,0.022660469636321068,0.022660469636321068,229572,0.0,0.0
1983-04-25 00:00:00-04:00,0.02281204490571645,0.02402464675388698,0.02281204490571645,0.02341834083199501,1356690,0.0,0.0
1983-04-26 00:00:00-04:00,0.023418343949749877,0.023948859203131098,0.023418343949749877,0.023645710200071335,752334,0.0,0.0
1983-04-27 00:00:00-04:00,0.023797294371260606,0.024176234261610113,0.023797294371260606,0.024100441485643387,1380201,0.0,0.0
1983-04-28 00:00:00-04:00,0.024100441485643387,0.024176234261610113,0.023948867928451998,0.024100441485643387,265530,0.0,0.0
1983-04-29 00:00:00-04:00,0.024100439230284213,0.024934103712439537,0.02402465645702775,0.024934103712439537,792440,0.0,0.0
1983-05-02 00:00:00-04:00,0.0249340698247434,0.025540375167487115,0.02478249448861786,0.025161435827612877,1564135,0.0,0.0
1983-05-03 00:00:00-04:00,0.02505483138554357,0.025664073207571483,0.02505483138554357,0.02543560601770878,3251354,0.01446,0.0
1983-05-04 00:00:00-04:00,0.02543560530035866,0.025664072483778,0.025054830678932286,0.025664072483778,887864,0.0,0.0
1983-05-05 00:00:00-04:00,0.025664045670424084,0.025664045670424084,0.025283271446824074,0.025283271446824074,349891,0.0,0.0
1983-05-06 00:00:00-04:00,0.025283284302927735,0.02581636607646942,0.025054817242035267,0.02581636607646942,340210,0.0,0.0
1983-05-09 00:00:00-04:00,0.025816373703312277,0.02612099051475525,0.025664066301992014,0.02612099051475525,842227,0.0,0.0
1983-05-10 00:00:00-04:00,0.02612097157914397,0.026273280878854638,0.025816354988523613,0.02604481391608715,937651,0.0,0.0
1983-05-11 00:00:00-04:00,0.02604482080035896,0.02604482080035896,0.02444557976148255,0.02467404678463936,999885,0.0,0.0
1983-05-12 00:00:00-04:00,0.024674046438401535,0.025435587101159122,0.024674046438401535,0.02535942941904068,431486,0.0,0.0
1983-05-13 00:00:00-04:00,0.02535942106866192,0.025435578725703085,0.024978654880265228,0.025283271446824074,558718,0.0,0.0
1983-05-16 00:00:00-04:00,0.025054813103758265,0.025054813103758265,0.02444557976148255,0.02467404678463936,461911,0.0,0.0
1983-05-17 00:00:00-04:00,0.024674046784639362,0.024902503763788577,0.02444557976148255,0.02467404678463936,163190,0.0,0.0
1983-05-18 00:00:00-04:00,0.024674053226349208,0.024978669977014034,0.024674053226349208,0.024750202894210815,152126,0.0,0.0
1983-05-19 00:00:00-04:00,0.024750202894210815,0.024978669977014034,0.024750202894210815,0.024750202894210815,153509,0.0,0.0
1983-05-20 00:00:00-04:00,0.024750204128726257,0.024978671222925186,0.024750204128726257,0.024978671222925186,395528,0.0,0.0
1983-05-23 00:00:00-04:00,0.02490251026514221,0.02490251026514221,0.024445586143545986,0.024750202894210815,612654,0.0,0.0
1983-05-24 00:00:00-04:00,0.02490249433642163,0.026806359360893522,0.02490249433642163,0.02642558515071869,1539242,0.0,0.0
1983-05-25 00:00:00-04:00,0.02642561015150243,0.02642561015150243,0.026120993307491232,0.026273302733898163,1609773,0.0,0.0
1983-05-26 00:00:00-04:00,0.026273290561102548,0.02642559790814062,0.026120981205262746,0.026349440217018127,802121,0.0,0.0
1983-05-27 00:00:00-04:00,0.02634945242509498,0.02642561015150243,0.02619714299868805,0.026273302733898163,600207,0.0,0.0
1983-05-31 00:00:00-04:00,0.026273280878854638,0.026273280878854638,0.02604481391608715,0.02604481391608715,1012331,0.0,0.0
1983-06-01 00:00:00-04:00,0.026044801611472136,0.026044801611472136,0.025816342791841765,0.02589249238371849,481272,0.0,0.0
1983-06-02 00:00:00-04:00,0.02589249238371849,0.02612095923854902,0.02589249238371849,0.02589249238371849,219892,0.0,0.0
1983-06-03 00:00:00-04:00,0.02589252615467685,0.02627330273389816,0.025816376463480034,0.026273302733898163,840844,0.0,0.0
1983-06-06 00:00:00-04:00,0.02627330273389816,0.02642561015150243,0.02604483558108378,0.026273302733898163,753717,0.0,0.0
1983-06-07 00:00:00-04:00,0.02634944288049093,0.027034834046650358,0.02634944288049093,0.02680637501180172,276593,0.0,0.0
1983-06-08 00:00:00-04:00,0.02680637501180172,0.026958684383037366,0.02657790794174536,0.02680637501180172,174254,0.0,0.0
1983-06-09 00:00:00-04:00,0.02680637501180172,0.026958684383037366,0.02680637501180172,0.02680637501180172,2048173,0.0,0.0
1983-06-10 00:00:00-04:00,0.026806368583010567,0.027034827563069422,0.026730210902454234,0.026958677917718887,779993,0.0,0.0
1983-06-13 00:00:00-04:00,0.02695867321934033,0.027110980518702966,0.026806363911176596,0.02703482285141945,424571,0.0,0.0
1983-06-14 00:00:00-04:00,0.027034827563069422,0.027187134888976294,0.026958677917718887,0.026958677917718887,1092544,0.0,0.0
1983-06-15 00:00:00-04:00,0.026958677917718887,0.027110985243625756,0.026806368583010567,0.026958677917718887,684568,0.0,0.0
1983-06-16 00:00:00-04:00,0.027263302571343098,0.02779638644279,0.027263302571343098,0.027567919343709946,1822750,0.0,0.0
1983-06-17 00:00:00-04:00,0.027567919343709946,0.02772022873429446,0.027415611961927613,0.027567919343709946,1565518,0.0,0.0
1983-06-20 00:00:00-04:00,0.027567905636811597,0.027720214951667172,0.027110981709847246,0.027187131345272064,1454881,0.0,0.0
1983-06-21 00:00:00-04:00,0.027187131345272064,0.027567905636811597,0.027110981709847246,0.027187131345272064,1286159,0.0,0.0
1983-06-22 00:00:00-04:00,0.027187148362994726,0.027491773209788545,0.027110998679904217,0.027263306081295013,980523,0.0,0.0
1983-06-23 00:00:00-04:00,0.027263297316179422,0.027872530743479725,0.027187139622363736,0.02787253074347973,454996,0.0,0.0
1983-06-24 00:00:00-04:00,0.027872533341538486,0.027948693051254983,0.027720225974917412,0.027720225974917412,423188,0.0,0.0
1983-06-27 00:00:00-04:00,0.027720232290235132,0.027796390008500153,0.02612099051475525,0.02612099051475525,533825,0.0,0.0
1983-06-28 00:00:00-04:00,0.026120986605898396,0.026120986605898396,0.024902511507254588,0.024978671222925186,853290,0.0,0.0
1983-06-29 00:00:00-04:00,0.02497867518809583,0.025664066535482453,0.02497867518809583,0.02551174908876419,526910,0.0,0.0
1983-06-30 00:00:00-04:00,0.025511755721254057,0.025511755721254057,0.02543560601770878,0.02543560601770878,125850,0.0,0.0
1983-07-01 00:00:00-04:00,0.025435580734846443,0.02612097157914397,0.025435580734846443,0.02604481391608715,611271,0.0,0.0
1983-07-05 00:00:00-04:00,0.02604480955658852,0.026197116822004318,0.02604480955658852,0.026197116822004318,259998,0.0,0.0
1983-07-06 00:00:00-04:00,0.026197116822004318,0.026425583746529976,0.026120967206897723,0.026197116822004318,250317,0.0,0.0
1983-07-07 00:00:00-04:00,0.026273277877209667,0.02642558515071869,0.026273277877209667,0.02642558515071869,244785,0.0,0.0
1983-07-08 00:00:00-04:00,0.02634945242509498,0.02634945242509498,0.026120993307491232,0.026273302733898163,7338020,0.0,0.0
1983-07-11 00:00:00-04:00,0.026273277877209667,0.02642558515071869,0.026120968594899884,0.02642558515071869,940417,0.0,0.0
1983-07-12 00:00:00-04:00,0.026425583746529976,0.026577891011945774,0.026197116822004318,0.026197116822004318,648611,0.0,0.0
1983-07-13 00:00:00-04:00,0.026197132458479096,0.026273292163046955,0.02551174131981095,0.02581636607646942,510315,0.0,0.0
1983-07-14 00:00:00-04:00,0.025892523386367522,0.02612099051475525,0.025892523386367522,0.02612099051475525,181169,0.0,0.0
1983-07-15 00:00:00-04:00,0.02612097157914397,0.026197121206996833,0.02604481391608715,0.02604481391608715,485421,0.0,0.0
1983-07-18 00:00:00-04:00,0.026044832796490232,0.02627329992487796,0.026044832796490232,0.02612099051475525,266913,0.0,0.0
1983-07-19 00:00:00-04:00,0.026120982797920494,0.026273292163046955,0.02581636607646942,0.02581636607646942,827014,0.0,0.0
1983-07-20 00:00:00-04:00,0.02581635203908108,0.02642558515071869,0.02581635203908108,0.02642558515071869,329146,0.0,0.0
1983-07-21 00:00:00-04:00,0.02642561015150243,0.026501767877909883,0.02627330273389816,0.026273302733898163,738504,0.0,0.0
1983-07-22 00:00:00-04:00,0.026273282337004076,0.02703482285141945,0.026273282337004076,0.02703482285141945,1340095,0.0,0.0
1983-07-25 00:00:00-04:00,0.027034827563069422,0.027034827563069422,0.026806368583010567,0.026958677917718887,712228,0.0,0.0
1983-07-26 00:00:00-04:00,0.026958677917718887,0.026958677917718887,0.026425594241839045,0.026958677917718887,7685145,0.0,0.0
1983-07-27 00:00:00-04:00,0.026958671723152163,0.026958671723152163,0.02604481391608715,0.02604481391608715,81595,0.0,0.0
1983-07-28 00:00:00-04:00,0.02604481391608715,0.02612097157914397,0.025816354988523613,0.02604481391608715,762015,0.0,0.0
1983-07-29 00:00:00-04:00,0.025816379921785038,0.025816379921785038,0.025664072483778,0.025664072483778,189466,0.0,0.0
1983-08-01 00:00:00-04:00,0.025664078595658606,0.025664078595658606,0.024902527162640038,0.02505483664572239,1580731,0.0,0.0
1983-08-02 00:00:00-04:00,0.02479463522582424,0.02479463522582424,0.024335468024777217,0.024488521739840508,630633,0.01446,0.0
1983-08-03 00:00:00-04:00,0.024488492469015865,0.02456502226300087,0.024411970749497417,0.024411970749497414,269678,0.0,0.0
1983-08-04 00:00:00-04:00,0.024411982641785176,0.024794617667794228,0.024411982641785176,0.024794617667794228,193615,0.0,0.0
1983-08-05 00:00:00-04:00,0.024565024301409725,0.024565024301409725,0.024411972775206035,0.02456502430140972,117552,0.0,0.0
1983-08-08 00:00:00-04:00,0.02456503422984765,0.024794617667794228,0.02456503422984765,0.024794617667794228,2183704,0.0,0.0
1983-08-09 00:00:00-04:00,0.02479462780089373,0.02479462780089373,0.024258938949278587,0.024335460737347603,1475625,0.0,0.0
1983-08-10 00:00:00-04:00,0.024335438936895774,0.02456502226300087,0.02418238742339232,0.024411970749497414,546272,0.0,0.0
1983-08-11 00:00:00-04:00,0.024411970749497417,0.024794605589105966,0.024335438936895774,0.024411970749497414,1201798,0.0,0.0
1983-08-12 00:00:00-04:00,0.024411970749497417,0.02471807579512096,0.024258917217377322,0.024411970749497414,344359,0.0,0.0
1983-08-15 00:00:00-04:00,0.024411972775206035,0.024947659172769365,0.024411972775206035,0.02456502430140972,529676,0.0,0.0
1983-08-16 00:00:00-04:00,0.024565035125402278,0.026248620823025707,0.024565035125402278,0.026248620823025703,839461,0.0,0.0
1983-08-17 00:00:00-04:00,0.026248620787332075,0.026248620787332075,0.025865985747893814,0.025942515581846237,1088395,0.0,0.0
1983-08-18 00:00:00-04:00,0.025942539083526513,0.025942539083526513,0.02517726831138134,0.02517726831138134,114786,0.0,0.0
1983-08-19 00:00:00-04:00,0.025177242274864915,0.025406825691433023,0.025024188682436943,0.025024188682436943,189466,0.0,0.0
1983-08-22 00:00:00-04:00,0.02517726831138134,0.025406851965368318,0.02517726831138134,0.02517726831138134,105105,0.0,0.0
1983-08-23 00:00:00-04:00,0.025024201239574557,0.025024201239574557,0.024335460737347603,0.024335460737347603,254466,0.0,0.0
1983-08-24 00:00:00-04:00,0.02433544095625377,0.024794607646565676,0.024258919230385537,0.02456502430140972,441166,0.0,0.0
1983-08-25 00:00:00-04:00,0.02456505162530073,0.02471810534036402,0.024335468024777217,0.024488521739840508,185318,0.0,0.0
1983-08-26 00:00:00-04:00,0.024488514406577865,0.024488514406577865,0.024258938949278587,0.024335460737347603,301487,0.0,0.0
1983-08-29 00:00:00-04:00,0.024258929567801683,0.024258929567801683,0.024182399734854698,0.024182399734854698,178403,0.0,0.0
1983-08-30 00:00:00-04:00,0.024182399734854698,0.024258929567801683,0.024029348143431398,0.024182399734854698,461911,0.0,0.0
1983-08-31 00:00:00-04:00,0.02418242195972728,0.02517726831138134,0.02418242195972728,0.02517726831138134,441166,0.0,0.0
1983-09-01 00:00:00-04:00,0.025177244619332795,0.025406828057279375,0.02456503422984765,0.024794617667794228,424571,0.0,0.0
1983-09-02 00:00:00-04:00,0.024794615358956003,0.025177242274864915,0.024565031942387898,0.025024188682436943,319465,0.0,0.0
1983-09-06 00:00:00-04:00,0.025177241052525893,0.02548334620390319,0.025177241052525893,0.025253770872950554,233721,0.0,0.0
1983-09-07 00:00:00-04:00,0.025253798214663187,0.02548337379417208,0.02517726831138134,0.02517726831138134,167339,0.0,0.0
1983-09-08 00:00:00-04:00,0.02517726480660423,0.025406848428632237,0.024718107655644417,0.024718107655644417,247551,0.0,0.0
1983-09-09 00:00:00-04:00,0.024488521739840508,0.024488521739840508,0.024335468024777217,0.024488521739840508,623718,0.0,0.0
1983-09-12 00:00:00-04:00,0.02494766693276654,0.026401671014288683,0.02494766693276654,0.025024188682436943,1287542,0.0,0.0
1983-09-13 00:00:00-04:00,0.02502418920198204,0.025100721046328545,0.02487113762499389,0.025100721046328545,485421,0.0,0.0
1983-09-14 00:00:00-04:00,0.025100720525194513,0.025177242274864915,0.025024188682436943,0.025024188682436943,237870,0.0,0.0
1983-09-15 00:00:00-04:00,0.02510074648257758,0.025406851965368318,0.02510074648257758,0.02517726831138134,297338,0.0,0.0
1983-09-16 00:00:00-04:00,0.025406822011650995,0.025636395301881824,0.025406822011650995,0.02548334375023842,764780,0.0,0.0
1983-09-19 00:00:00-04:00,0.02548336240229047,0.025789475822716762,0.02548336240229047,0.02563641406595707,420422,0.0,0.0
1983-09-20 00:00:00-04:00,0.025636402301889627,0.025942515581846237,0.025636402301889627,0.025942515581846237,860205,0.0,0.0
1983-09-21 00:00:00-04:00,0.025942509416866676,0.026325136290906694,0.025942509416866676,0.026172084733843803,583612,0.0,0.0
1983-09-22 00:00:00-04:00,0.026172090988969218,0.0264016744352856,0.026172090988969218,0.026248620823025703,791057,0.0,0.0
1983-09-23 00:00:00-04:00,0.026248624524645874,0.027166940271854397,0.02617209467979703,0.0271669402718544,1555837,0.0,0.0
1983-09-26 00:00:00-04:00,0.02716694267907529,0.028161788359284397,0.02709042090191789,0.0281617883592844,854673,0.0,0.0
1983-09-27 00:00:00-04:00,0.0281617779395891,0.02877399633993051,0.028085256190744305,0.028544412925839424,1435519,0.0,0.0
1983-09-28 00:00:00-04:00,0.028544414902575418,0.02930967685360175,0.028467893148431397,0.029156625270843506,1741155,0.0,0.0
1983-09-29 00:00:00-04:00,0.028850518088775305,0.028850518088775305,0.028544412925839424,0.028544412925839424,535208,0.0,0.0
1983-09-30 00:00:00-04:00,0.028544419792581724,0.028544419792581724,0.02831483632326126,0.02831483632326126,1320733,0.0,0.0
1983-10-03 00:00:00-04:00,0.028085249563744977,0.028085249563744977,0.02754956111311913,0.027549561113119125,821482,0.0,0.0
1983-10-04 00:00:00-04:00,0.027549574227241413,0.027626104068927532,0.02731999075803674,0.027396520599722862,1091161,0.0,0.0
1983-10-05 00:00:00-04:00,0.02754956918963454,0.027855674370080546,0.02754956918963454,0.027779152616858482,908609,0.0,0.0
1983-10-06 00:00:00-04:00,0.02839136195446282,0.029692312549547087,0.02839136195446282,0.029233155772089958,5085168,0.0,0.0
1983-10-07 00:00:00-04:00,0.0292331607814806,0.0292331607814806,0.02862095029421772,0.029003577306866646,589144,0.0,0.0
1983-10-10 00:00:00-04:00,0.029003583536122556,0.02915663720011941,0.028697478226747227,0.029080113396048546,114786,0.0,0.0
1983-10-11 00:00:00-04:00,0.029080114582854137,0.029309690041672814,0.02862095760936141,0.028850533068180084,887864,0.0,0.0
1983-10-12 00:00:00-04:00,0.028850531377649393,0.028850531377649393,0.02839137241244316,0.02839137241244316,652760,0.0,0.0
1983-10-13 00:00:00-04:00,0.028391359335062778,0.028544412925839424,0.028085256190744305,0.028544412925839424,627867,0.0,0.0
1983-10-14 00:00:00-04:00,0.028544427746312113,0.028850533068180084,0.0283148442130196,0.028850533068180084,752334,0.0,0.0
1983-10-17 00:00:00-04:00,0.028850525696824947,0.028850525696824947,0.028544420453167352,0.02869747206568718,243402,0.0,0.0
1983-10-18 00:00:00-04:00,0.028544427460069906,0.028544427460069906,0.027549581641392963,0.027702633291482925,587761,0.0,0.0
1983-10-19 00:00:00-04:00,0.027702644289793407,0.02831485517044582,0.027320008956801978,0.02785569801926613,392762,0.0,0.0
1983-10-20 00:00:00-04:00,0.027855674430317542,0.0283148311926707,0.027855674430317542,0.02808525785803795,322231,0.0,0.0
1983-10-21 00:00:00-04:00,0.02808528164140408,0.028467916974395508,0.027855698019266132,0.02785569801926613,807652,0.0,0.0
1983-10-24 00:00:00-04:00,0.027855670210794794,0.02816177534553453,0.027779148468998618,0.02800872176885605,529676,0.0,0.0
1983-10-25 00:00:00-04:00,0.028008744915053004,0.028774017468094826,0.028008744915053004,0.028774017468094826,1719027,0.0,0.0
1983-10-26 00:00:00-04:00,0.028850537771048707,0.029768861960820656,0.028850537771048707,0.02946275658905506,5046445,0.0,0.0
1983-10-27 00:00:00-04:00,0.029462739207362518,0.029462739207362518,0.029233155772089955,0.029233155772089958,724674,0.0,0.0
1983-10-28 00:00:00-04:00,0.029233155772089955,0.029462739207362518,0.029233155772089955,0.029233155772089958,582229,0.0,0.0
1983-10-31 00:00:00-05:00,0.029233155772089955,0.029309677527994682,0.029156625941714837,0.029233155772089958,377550,0.0,0.0
1983-11-01 00:00:00-05:00,0.029202401323718024,0.029432942185701163,0.029202401323718024,0.029279246926307678,549038,0.01446,0.0
1983-11-02 00:00:00-05:00,0.029279246120723364,0.029432941375888103,0.029125548838451594,0.0293560978025198,172871,0.0,0.0
1983-11-03 00:00:00-05:00,0.0293560978025198,0.029432941375888103,0.0293560978025198,0.0293560978025198,1152011,0.0,0.0
1983-11-04 00:00:00-05:00,0.02935612176797123,0.029817209936990937,0.02935612176797123,0.0295866709202528,542123,0.0,0.0
1983-11-07 00:00:00-05:00,0.029663502041964013,0.031354168759693546,0.029663502041964013,0.031046776100993156,2162960,0.0,0.0
1983-11-08 00:00:00-05:00,0.031046775413359186,0.031046775413359186,0.030662531051055368,0.030893078073859215,3848796,0.0,0.0
1983-11-09 00:00:00-05:00,0.030893060369877667,0.03104675762129788,0.030662513479194037,0.03073936514556408,2154662,0.0,0.0
1983-11-10 00:00:00-05:00,0.03073937958714017,0.0315078601239589,0.03073937958714017,0.03112361580133438,1218393,0.0,0.0
1983-11-11 00:00:00-05:00,0.03166155668006288,0.03258374059947749,0.03166155668006288,0.03243004530668259,1594560,0.0,0.0
1983-11-14 00:00:00-05:00,0.03243005585298535,0.03243005585298535,0.03196895766200564,0.03204581141471863,2774231,0.0,0.0
1983-11-15 00:00:00-05:00,0.032045803236509296,0.03212264683407058,0.03166155889630318,0.03166155889630318,2425723,0.0,0.0
1983-11-16 00:00:00-05:00,0.031661545127522256,0.03196893560095264,0.031046760126447918,0.03127729892730713,5245592,0.0,0.0
1983-11-17 00:00:00-05:00,0.03127731252898939,0.03173841060229514,0.03104677362787486,0.03166155889630318,2861358,0.0,0.0
1983-11-18 00:00:00-05:00,0.03166154039546918,0.03166154039546918,0.0311235990389382,0.0313541479408741,1410626,0.0,0.0
1983-11-21 00:00:00-05:00,0.03135416806525134,0.031507863377643525,0.030893078073859218,0.030893078073859215,356805,0.0,0.0
1983-11-22 00:00:00-05:00,0.03089307196172861,0.03173840614817693,0.03089307196172861,0.03150785714387894,2103492,0.0,0.0
1983-11-23 00:00:00-05:00,0.03166156429108855,0.03212265230742033,0.03166156429108855,0.03196895495057106,1941685,0.0,0.0
1983-11-25 00:00:00-05:00,0.032122630477092295,0.0330448160185847,0.032122630477092295,0.03296796232461929,1548922,0.0,0.0
1983-11-28 00:00:00-05:00,0.03281430202628276,0.03281430202628276,0.032430065581187544,0.03250690922141075,584995,0.0,0.0
1983-11-29 00:00:00-05:00,0.03273743903494145,0.03312167525291443,0.03273743903494145,0.03312167525291443,3012101,0.0,0.0
1983-11-30 00:00:00-05:00,0.03312169483115476,0.03327539832847155,0.032430065581187544,0.03250690922141075,5371442,0.0,0.0
1983-12-01 00:00:00-05:00,0.03250690922141075,0.03273745838605955,0.031815271863008344,0.03250690922141075,571165,0.0,0.0
1983-12-02 00:00:00-05:00,0.03273743189531395,0.03304482445144751,0.03273743189531395,0.03281427547335625,1069033,0.0,0.0
1983-12-05 00:00:00-05:00,0.032814267099328304,0.03312165957701692,0.032737423540896086,0.03296796232461929,2637317,0.0,0.0
1983-12-06 00:00:00-05:00,0.03304483165811351,0.0335059195793178,0.03304483165811351,0.03312167525291443,1489455,0.0,0.0
1983-12-07 00:00:00-05:00,0.03312166598314797,0.0337364591658602,0.03312166598314797,0.03358276188373566,3613691,0.0,0.0
1983-12-08 00:00:00-05:00,0.033582762625350926,0.03396699874427285,0.03350591094193098,0.0337364599108696,839461,0.0,0.0
1983-12-09 00:00:00-05:00,0.03373645059960488,0.0338132941533877,0.033275360897416756,0.03350590169429779,2194768,0.0,0.0
1983-12-12 00:00:00-05:00,0.0335059195793178,0.033582771282549106,0.03304483165811351,0.03312167525291443,1240521,0.0,0.0
1983-12-13 00:00:00-05:00,0.03312167659205586,0.03312167659205586,0.03289113566279411,0.03289113566279411,1482540,0.0,0.0
1983-12-14 00:00:00-05:00,0.03281428151156232,0.03281428151156232,0.03243004530668259,0.03243004530668259,1799239,0.0,0.0
1983-12-15 00:00:00-05:00,0.03243004655564893,0.03243004655564893,0.03158471227718325,0.03181525319814682,681802,0.0,0.0
1983-12-16 00:00:00-05:00,0.03181525893783422,0.03273744508624077,0.03181525893783422,0.03273744508624077,2214129,0.0,0.0
1983-12-19 00:00:00-05:00,0.032737423540896086,0.03296796232461929,0.03250687462163968,0.03296796232461929,565633,0.0,0.0
1983-12-20 00:00:00-05:00,0.03289113566279411,0.03289113566279411,0.03258374302719388,0.03289113566279411,915524,0.0,0.0
1983-12-21 00:00:00-05:00,0.032891134332973686,0.0335059195793178,0.03250689000657032,0.03312167525291443,1265414,0.0,0.0
1983-12-22 00:00:00-05:00,0.033121657572999,0.03365959691028949,0.033121657572999,0.03350590169429779,246168,0.0,0.0
1983-12-23 00:00:00-05:00,0.03350590169429779,0.03365959691028949,0.03350590169429779,0.03350590169429779,326380,0.0,0.0
1983-12-27 00:00:00-05:00,0.033505908948216596,0.03381330147385597,0.033505908948216596,0.03381330147385597,437017,0.0,0.0
1983-12-28 00:00:00-05:00,0.03381330147385597,0.03381330147385597,0.03365960419748281,0.03381330147385597,1896047,0.0,0.0
1983-12-29 00:00:00-05:00,0.033813295097777335,0.033890146762132645,0.03365959785038643,0.033890146762132645,222658,0.0,0.0
1983-12-30 00:00:00-05:00,0.033890159704205815,0.03427440398297269,0.033890159704205815,0.03412070870399475,1069033,0.0,0.0
1984-01-03 00:00:00-05:00,0.03412069567387886,0.0342743908941632,0.033890146762132645,0.033890146762132645,1013714,0.0,0.0
1984-01-04 00:00:00-05:00,0.033890173472132905,0.03442811324841646,0.033890173472132905,0.03427441790699959,2800507,0.0,0.0
1984-01-05 00:00:00-05:00,0.03427439091144929,0.034735480626747986,0.03427439091144929,0.03442808613181114,1918174,0.0,0.0
1984-01-06 00:00:00-05:00,0.03442811324841646,0.03442811324841646,0.033890173472132905,0.03427441790699959,879567,0.0,0.0
1984-01-09 00:00:00-05:00,0.03427441790699959,0.03442811324841646,0.03419756618207481,0.03427441790699959,284891,0.0,0.0
1984-01-10 00:00:00-05:00,0.03442810714231349,0.0348891971390024,0.03442810714231349,0.034581806510686874,1026161,0.0,0.0
1984-01-11 00:00:00-05:00,0.03458178540638614,0.03458178540638614,0.03427439091144929,0.03442808613181114,441166,0.0,0.0
1984-01-12 00:00:00-05:00,0.034428099261950625,0.03458179859514326,0.03412070870399475,0.03412070870399475,1421690,0.0,0.0
1984-01-13 00:00:00-05:00,0.03412069472090368,0.03427438993689537,0.033275360897416756,0.03350590169429779,587761,0.0,0.0
1984-01-16 00:00:00-05:00,0.0335059195793178,0.033582771282549106,0.0329679779277746,0.03312167525291443,254466,0.0,0.0
1984-01-17 00:00:00-05:00,0.03312167525291443,0.033275378659377054,0.0329679779277746,0.03312167525291443,189466,0.0,0.0
1984-01-18 00:00:00-05:00,0.03312165957701692,0.03327536291073446,0.03250687462163968,0.03296796232461929,565633,0.0,0.0
1984-01-19 00:00:00-05:00,0.03289114041268256,0.03289114041268256,0.032430052406249216,0.03273744508624077,540740,0.0,0.0
1984-01-20 00:00:00-05:00,0.03273743791937993,0.03296797680435723,0.03243004530668259,0.03243004530668259,1062118,0.0,0.0
1984-01-23 00:00:00-05:00,0.03243004757671542,0.03243004757671542,0.03166155889630318,0.03166155889630318,811801,0.0,0.0
1984-01-24 00:00:00-05:00,0.03150785714387894,0.03150785714387894,0.030662524984538007,0.03150785714387894,1423072,0.0,0.0
1984-01-25 00:00:00-05:00,0.03166155992666749,0.032276353323533756,0.03166155992666749,0.031738411635160446,1381583,0.0,0.0
1984-01-26 00:00:00-05:00,0.031738407196906085,0.032045799798138395,0.03135416289792766,0.031584709882736206,735738,0.0,0.0
1984-01-27 00:00:00-05:00,0.032122649279337154,0.03250689364879304,0.032122649279337154,0.03227635473012924,2059237,0.0,0.0
1984-01-30 00:00:00-05:00,0.03227636218930926,0.03273745026873504,0.0321226567029953,0.0321226567029953,1797856,0.0,0.0
1984-01-31 00:00:00-05:00,0.0316289061142987,0.03224605321884155,0.0316289061142987,0.03224605321884155,1362222,0.01446,0.0
1984-02-01 00:00:00-05:00,0.03224605194174492,0.032863207161426544,0.03224605194174492,0.032863207161426544,727440,0.0,0.0
1984-02-02 00:00:00-05:00,0.032863207161426544,0.033094631720502636,0.032323198887824096,0.032863207161426544,1475625,0.0,0.0
1984-02-03 00:00:00-05:00,0.032863194402321785,0.03309461887154754,0.0319374660020029,0.03209175169467926,858822,0.0,0.0
1984-02-06 00:00:00-05:00,0.03193748242022892,0.03193748242022892,0.031166049490484814,0.031243188306689262,1706581,0.0,0.0
1984-02-07 00:00:00-05:00,0.03116605051705975,0.03116605051705975,0.030008897014537378,0.03031746856868267,2284661,0.0,0.0
1984-02-08 00:00:00-05:00,0.0303174725048233,0.030471760336822758,0.030008900910615918,0.03000890091061592,703930,0.0,0.0
1984-02-09 00:00:00-05:00,0.029931754281400404,0.029931754281400404,0.029468894818482076,0.029623180627822876,1070416,0.0,0.0
1984-02-10 00:00:00-05:00,0.029623180627822876,0.029700329637181062,0.02954603365336062,0.029623180627822876,1521263,0.0,0.0
1984-02-13 00:00:00-05:00,0.029623173428750586,0.029931747007338055,0.02908316712260322,0.029237452894449234,1497753,0.0,0.0
1984-02-14 00:00:00-05:00,0.029237457680827094,0.030008900910615918,0.029237457680827094,0.03000890091061592,506166,0.0,0.0
1984-02-15 00:00:00-05:00,0.0300088959332551,0.031011761587674005,0.0300088959332551,0.030394606292247772,779993,0.0,0.0
1984-02-16 00:00:00-05:00,0.03054889291524887,0.03101175212342798,0.03054889291524887,0.03054889291524887,500634,0.0,0.0
1984-02-17 00:00:00-05:00,0.030548903338978153,0.030703191150946305,0.030240321610355343,0.03031746856868267,811801,0.0,0.0
1984-02-21 00:00:00-05:00,0.030317458357564032,0.030703180809913813,0.029931737940109067,0.030163172632455826,558718,0.0,0.0
1984-02-22 00:00:00-05:00,0.02993174646791426,0.02993174646791426,0.028311733683354007,0.028774593025445938,594676,0.0,0.0
1984-02-23 00:00:00-05:00,0.028774601307710007,0.028774601307710007,0.027926019159123225,0.02815745398402214,1272329,0.0,0.0
1984-02-24 00:00:00-05:00,0.02854315878156042,0.029468887656904568,0.02854315878156042,0.029237452894449234,673505,0.0,0.0
1984-02-27 00:00:00-05:00,0.029237447583042198,0.02931459452474121,0.028620300537980984,0.02892887406051159,626484,0.0,0.0
1984-02-28 00:00:00-05:00,0.028928881795664715,0.02900603079288729,0.028388875443227646,0.02854316122829914,612654,0.0,0.0
1984-02-29 00:00:00-05:00,0.02854316336955517,0.02877459816921106,0.02831173874437809,0.02831173874437809,763397,0.0,0.0
1984-03-01 00:00:00-05:00,0.028157432686160336,0.028157432686160336,0.02754027768969536,0.02754027768969536,1113288,0.0,0.0
1984-03-02 00:00:00-05:00,0.027926016113180702,0.02831173874437809,0.027926016113180702,0.02831173874437809,973608,0.0,0.0
1984-03-05 00:00:00-05:00,0.028311735364434345,0.02854315996198323,0.028003161773085594,0.028003161773085594,616803,0.0,0.0
1984-03-06 00:00:00-05:00,0.028003168957138218,0.028157454774945977,0.027463160455226898,0.027463160455226898,849141,0.0,0.0
1984-03-07 00:00:00-05:00,0.027463160455226898,0.027540299294338697,0.02715458678471534,0.027463160455226898,773078,0.0,0.0
1984-03-08 00:00:00-05:00,0.02746316151865295,0.027540300360751713,0.027308875694870952,0.02730887569487095,178403,0.0,0.0
1984-03-09 00:00:00-05:00,0.027308875694870952,0.027540300360751713,0.027308875694870952,0.02730887569487095,204679,0.0,0.0
1984-03-12 00:00:00-05:00,0.027308870891701996,0.02831173874437809,0.026614576667213133,0.02831173874437809,481272,0.0,0.0
1984-03-13 00:00:00-05:00,0.02831173874437809,0.02877459816921106,0.02831173874437809,0.02831173874437809,988821,0.0,0.0
1984-03-14 00:00:00-05:00,0.028311748787917878,0.02869746952105321,0.0280803139061609,0.028388887643814087,667973,0.0,0.0
1984-03-15 00:00:00-05:00,0.028388872498095966,0.02892887879451145,0.02823458469413506,0.028774593025445938,1096692,0.0,0.0
1984-03-16 00:00:00-05:00,0.029468866065144542,0.02970030065802836,0.029468866065144542,0.02946886606514454,1353924,0.0,0.0
1984-03-19 00:00:00-05:00,0.02946888918296976,0.029623174962805567,0.02946888918296976,0.02954602800309658,226806,0.0,0.0
1984-03-20 00:00:00-05:00,0.02954603365336062,0.029700329637181062,0.029314606974245348,0.029623180627822876,940417,0.0,0.0
1984-03-21 00:00:00-05:00,0.029700341642275117,0.03031748716398895,0.029700341642275117,0.030240340158343315,712228,0.0,0.0
1984-03-22 00:00:00-05:00,0.030240311425220292,0.030471746117567054,0.03008602570011209,0.030163172632455826,569782,0.0,0.0
1984-03-23 00:00:00-05:00,0.030163158648817846,0.031166025571566232,0.030163158648817846,0.031011737883090973,329146,0.0,0.0
1984-03-26 00:00:00-05:00,0.03101175928491692,0.03101175928491692,0.030548899969850555,0.030780326575040817,298721,0.0,0.0
1984-03-27 00:00:00-05:00,0.030703191150946305,0.030703191150946305,0.030240321610355343,0.03031746856868267,535208,0.0,0.0
1984-03-28 00:00:00-05:00,0.03031749203783276,0.03047177996923713,0.029777485295366005,0.030086059123277664,717760,0.0,0.0
1984-03-29 00:00:00-05:00,0.030086035833282697,0.030471756380650823,0.029931748021314545,0.03031746856868267,695632,0.0,0.0
1984-03-30 00:00:00-05:00,0.03031749203783276,0.03031749203783276,0.030086059123277668,0.030086059123277664,230955,0.0,0.0
1984-04-02 00:00:00-05:00,0.03008603637210406,0.030163183331813042,0.029546028003096584,0.02954602800309658,226806,0.0,0.0
1984-04-03 00:00:00-05:00,0.029546040955883618,0.02977747583178345,0.02946890210193964,0.02970033697783947,215743,0.0,0.0
1984-04-04 00:00:00-05:00,0.02970033697783947,0.02993176167925714,0.029546040955883618,0.02970033697783947,1219776,0.0,0.0
1984-04-05 00:00:00-05:00,0.02970030065802836,0.030086012770137727,0.029468866065144542,0.02946886606514454,519995,0.0,0.0
1984-04-06 00:00:00-05:00,0.029468900005902507,0.029468900005902507,0.028928891438568104,0.02908317930996418,291806,0.0,0.0
1984-04-09 00:00:00-05:00,0.029237454408529432,0.029546028003096584,0.029237454408529432,0.02954602800309658,481272,0.0,0.0
1984-04-10 00:00:00-05:00,0.029546027155505267,0.029931747698716177,0.029391741380095482,0.029391741380095482,571165,0.0,0.0
1984-04-11 00:00:00-05:00,0.02939174017149878,0.02954602594056429,0.028774593025445938,0.028774593025445938,525527,0.0,0.0
1984-04-12 00:00:00-05:00,0.028697460889816288,0.028697460889816288,0.02831174027269282,0.028697460889816284,535208,0.0,0.0
1984-04-13 00:00:00-05:00,0.028774605602068317,0.029083179309964177,0.028774605602068317,0.02908317930996418,932119,0.0,0.0
1984-04-16 00:00:00-05:00,0.029083179309964177,0.029083179309964177,0.028774605602068317,0.02908317930996418,795206,0.0,0.0
1984-04-17 00:00:00-05:00,0.02908316712260322,0.0297003224193599,0.028851740499729626,0.029237452894449234,515846,0.0,0.0
1984-04-18 00:00:00-05:00,0.029237447583042198,0.029391735361755034,0.02892887406051159,0.02892887406051159,250317,0.0,0.0
1984-04-19 00:00:00-05:00,0.028928891438568104,0.029083179309964177,0.028697466753610994,0.02908317930996418,638931,0.0,0.0
1984-04-23 00:00:00-05:00,0.029083168628693628,0.029546028003096584,0.029083168628693628,0.02954602800309658,277976,0.0,0.0
1984-04-24 00:00:00-05:00,0.02954603130993024,0.03008603973937623,0.02954603130993024,0.03000890091061592,479889,0.0,0.0
1984-04-25 00:00:00-05:00,0.030008900910615918,0.03016318670771961,0.02977746611027308,0.03000890091061592,295955,0.0,0.0
1984-04-26 00:00:00-05:00,0.03000891542058041,0.030394626030047583,0.03000891542058041,0.030240340158343315,435634,0.0,0.0
1984-04-27 00:00:00-05:00,0.03024032052073436,0.03047175528269077,0.03024032052073436,0.030394606292247772,441166,0.0,0.0
1984-04-30 00:00:00-04:00,0.030394626030047583,0.030471775070589974,0.03016320129228468,0.030240340158343315,502017,0.0,0.0
1984-05-01 00:00:00-04:00,0.03058181601687942,0.03058181601687942,0.030193729949203427,0.030271343886852264,1414775,0.02169,0.0
1984-05-02 00:00:00-04:00,0.03034899067255675,0.030659465102271154,0.03034899067255675,0.03042660467326641,1804771,0.0,0.0
1984-05-03 00:00:00-04:00,0.030426589902123023,0.03089231053403993,0.030426589902123023,0.030659450218081474,2162960,0.0,0.0
1984-05-04 00:00:00-04:00,0.03058182248002522,0.03058182248002522,0.029805637896060944,0.029805637896060944,224041,0.0,0.0
1984-05-07 00:00:00-04:00,0.029805637896060944,0.029805637896060944,0.02972801575229158,0.029805637896060944,824248,0.0,0.0
1984-05-08 00:00:00-04:00,0.029805636161363624,0.029960874297579217,0.029728014022111893,0.029728014022111893,275210,0.0,0.0
1984-05-09 00:00:00-04:00,0.02965041226528421,0.02965041226528421,0.02918470175998867,0.029495174065232277,167339,0.0,0.0
1984-05-10 00:00:00-04:00,0.029184683940438844,0.029184683940438844,0.028874209777334053,0.028951823711395264,1107756,0.0,0.0
1984-05-11 00:00:00-04:00,0.028951832881443255,0.02910706898844986,0.02848612251299391,0.028718972578644753,319465,0.0,0.0
1984-05-14 00:00:00-04:00,0.028486118620571783,0.028486118620571783,0.027709923859593446,0.027942784130573273,594676,0.0,0.0
1984-05-15 00:00:00-04:00,0.02794278442438581,0.028098020511812802,0.027088975706390996,0.027321835979819298,2270831,0.0,0.0
1984-05-16 00:00:00-04:00,0.027321843320414832,0.02747708149697914,0.026778510726154663,0.027088982984423637,1080097,0.0,0.0
1984-05-17 00:00:00-04:00,0.027088971414325855,0.027088971414325855,0.026390400941871093,0.026856113225221634,2635934,0.0,0.0
1984-05-18 00:00:00-04:00,0.02662327445217388,0.02662327445217388,0.02600231760668146,0.026312800124287605,804886,0.0,0.0
1984-05-21 00:00:00-04:00,0.026235167503541285,0.026235167503541285,0.025381358835413793,0.02576945722103119,1338712,0.0,0.0
1984-05-22 00:00:00-04:00,0.025226122326841516,0.025226122326841516,0.024372315720704186,0.02476041205227375,1431370,0.0,0.0
1984-05-23 00:00:00-04:00,0.024605186086374218,0.024605186086374218,0.023984229192137718,0.023984229192137718,2209980,0.0,0.0
1984-05-24 00:00:00-04:00,0.023984229192137718,0.024139467391981778,0.02359614085853302,0.023984229192137718,1478391,0.0,0.0
1984-05-25 00:00:00-04:00,0.024139458495235088,0.025226125493645668,0.024139458495235088,0.025226125493645668,2140832,0.0,0.0
1984-05-29 00:00:00-04:00,0.02522612919680644,0.02522612919680644,0.024139462038874626,0.024139462038874626,1331797,0.0,0.0
1984-05-30 00:00:00-04:00,0.02413946216436756,0.024527558603647057,0.0239842239981417,0.024372322484850883,3391034,0.0,0.0
1984-05-31 00:00:00-04:00,0.024372332632353905,0.025148525834083557,0.024217094401494083,0.025148525834083557,1128501,0.0,0.0
1984-06-01 00:00:00-04:00,0.025303739065749918,0.025847065214928293,0.025303739065749918,0.025614213198423386,449464,0.0,0.0
1984-06-04 00:00:00-04:00,0.026002311622674367,0.026157557964324955,0.026002311622674367,0.02615755796432495,1192117,0.0,0.0
1984-06-05 00:00:00-04:00,0.0260799266397953,0.0260799266397953,0.025924688542490353,0.026079926639795303,1037225,0.0,0.0
1984-06-06 00:00:00-04:00,0.02607993581721441,0.026312794068828055,0.025924697665281812,0.02615755796432495,561484,0.0,0.0
1984-06-07 00:00:00-04:00,0.026157557964324955,0.026312794068828055,0.025924697665281812,0.02615755796432495,879567,0.0,0.0
1984-06-08 00:00:00-04:00,0.026157557964324955,0.02623517192171751,0.026002311622674367,0.02615755796432495,308402,0.0,0.0
1984-06-11 00:00:00-04:00,0.026157550332790255,0.02677849866449833,0.026157550332790255,0.02677849866449833,590527,0.0,0.0
1984-06-12 00:00:00-04:00,0.02670088910822023,0.02670088910822023,0.026623275130987167,0.026623275130987167,395528,0.0,0.0
1984-06-13 00:00:00-04:00,0.02662326564740644,0.02701136201191665,0.02623516928289623,0.026390405371785164,614037,0.0,0.0
1984-06-14 00:00:00-04:00,0.02639039551745509,0.02639039551745509,0.02623515948653221,0.02623515948653221,88510,0.0,0.0
1984-06-15 00:00:00-04:00,0.026079937543200198,0.026079937543200198,0.02584707722874622,0.025924699380993843,257232,0.0,0.0
1984-06-18 00:00:00-04:00,0.02576945988299655,0.02576945988299655,0.025148511410553485,0.02530374750494957,2446468,0.0,0.0
1984-06-19 00:00:00-04:00,0.025381379014939566,0.025769477709115755,0.025381379014939566,0.025536617264151573,519995,0.0,0.0
1984-06-20 00:00:00-04:00,0.025536617264151573,0.025536617264151573,0.02491566836216511,0.025536617264151573,871269,0.0,0.0
1984-06-21 00:00:00-04:00,0.025536614514950692,0.026079949352414186,0.025381376282451202,0.026002325117588043,640313,0.0,0.0
1984-06-22 00:00:00-04:00,0.025847079805762882,0.025847079805762882,0.025226131189886657,0.025458991527557373,608505,0.0,0.0
1984-06-25 00:00:00-04:00,0.025381361457288882,0.025381361457288882,0.025226125362892798,0.02530374750494957,228189,0.0,0.0
1984-06-26 00:00:00-04:00,0.02530374763610477,0.02530374763610477,0.025148511540904063,0.025226125493645668,420422,0.0,0.0
1984-06-27 00:00:00-04:00,0.025226125493645668,0.025458985778734854,0.025148511540904063,0.025226125493645668,1598709,0.0,0.0
1984-06-28 00:00:00-04:00,0.025226125362892798,0.02553659959911433,0.025148511410553485,0.02530374750494957,547655,0.0,0.0
1984-06-29 00:00:00-04:00,0.025303765008910514,0.025536617264151573,0.02522614281315834,0.025536617264151573,1222542,0.0,0.0
1984-07-02 00:00:00-04:00,0.02553659973147646,0.025769460016565646,0.025148511540904063,0.025226125493645668,1347009,0.0,0.0
1984-07-03 00:00:00-04:00,0.025226125493645668,0.02530374763610477,0.024915651255814877,0.025226125493645668,442549,0.0,0.0
1984-07-05 00:00:00-04:00,0.025226131189886657,0.025614227657811513,0.025226131189886657,0.025458991527557373,1576582,0.0,0.0
1984-07-06 00:00:00-04:00,0.02545900325812252,0.025614239459903747,0.025381379014939566,0.025536617264151573,937651,0.0,0.0
1984-07-09 00:00:00-04:00,0.02553660295176315,0.025924699380993847,0.02553660295176315,0.025924699380993843,1501902,0.0,0.0
1984-07-10 00:00:00-04:00,0.02592471391089698,0.02592471391089698,0.025536617264151573,0.025536617264151573,656909,0.0,0.0
1984-07-11 00:00:00-04:00,0.02553660295176315,0.02600231334352294,0.02553660295176315,0.025924699380993843,1073182,0.0,0.0
1984-07-12 00:00:00-04:00,0.0259247111199147,0.026157571539809774,0.025614236702346277,0.026002325117588043,638931,0.0,0.0
1984-07-13 00:00:00-04:00,0.026002325117588043,0.026002325117588043,0.0259247111199147,0.026002325117588043,1442434,0.0,0.0
1984-07-16 00:00:00-04:00,0.02600229929786231,0.02623515948653221,0.025924685377257926,0.02623515948653221,188083,0.0,0.0
1984-07-17 00:00:00-04:00,0.026545640581420425,0.026778500831368627,0.026545640581420425,0.026700876653194427,1080097,0.0,0.0
1984-07-18 00:00:00-04:00,0.026700876653194427,0.026778500831368627,0.026623262712165557,0.026700876653194427,177020,0.0,0.0
1984-07-19 00:00:00-04:00,0.02670089614012047,0.02670089614012047,0.0259247111199147,0.026002325117588043,864354,0.0,0.0
1984-07-20 00:00:00-04:00,0.02600231334352294,0.02615755969544782,0.025924699380993847,0.025924699380993843,573931,0.0,0.0
1984-07-23 00:00:00-04:00,0.02592470177876588,0.027088982984423637,0.025847079619338992,0.027088982984423637,1257117,0.0,0.0
1984-07-24 00:00:00-04:00,0.027088965846322154,0.027321826034992055,0.02623515948653221,0.02623515948653221,554570,0.0,0.0
1984-07-25 00:00:00-04:00,0.02623517862823159,0.026623275130987167,0.025924704292429157,0.026623275130987167,484038,0.0,0.0
1984-07-26 00:00:00-04:00,0.026623262712165557,0.026778500831368627,0.026623262712165557,0.026700876653194427,228189,0.0,0.0
1984-07-27 00:00:00-04:00,0.02670088859775673,0.027554697611607976,0.02662327462200748,0.027244223281741142,1240521,0.0,0.0
1984-07-30 00:00:00-04:00,0.027244223281741146,0.02732184544721032,0.027088985093092738,0.027244223281741142,493719,0.0,0.0
1984-07-31 00:00:00-04:00,0.027822539132003703,0.027822539132003703,0.027119159384031706,0.027744382619857788,947332,0.02169,0.0
1984-08-01 00:00:00-04:00,0.027978831772272998,0.028760361508770413,0.027978831772272998,0.02868221327662468,2095194,0.0,0.0
1984-08-02 00:00:00-04:00,0.02868221059354806,0.029229283213291494,0.02868221059354806,0.029151126742362976,2873804,0.0,0.0
1984-08-03 00:00:00-04:00,0.02915111886472434,0.030636025442347874,0.02915111886472434,0.030401572585105896,4580385,0.0,0.0
1984-08-06 00:00:00-04:00,0.030557905256991282,0.031417589885709196,0.030557905256991282,0.030636053532361984,1546157,0.0,0.0
1984-08-07 00:00:00-04:00,0.03063604506993047,0.031261276453733444,0.030167128747412418,0.031261276453733444,1471476,0.0,0.0
1984-08-08 00:00:00-04:00,0.031261276453733444,0.03157388802258683,0.031183119953853006,0.031261276453733444,1382966,0.0,0.0
1984-08-09 00:00:00-04:00,0.03126128082996149,0.03219911566780798,0.030870512706524526,0.03204280883073807,2851677,0.0,0.0
1984-08-10 00:00:00-04:00,0.03204280883073807,0.03298065191468192,0.03204280883073807,0.03204280883073807,4660597,0.0,0.0
1984-08-13 00:00:00-04:00,0.0320428004846454,0.03227726377146684,0.03157388421862155,0.03196465224027634,1678921,0.0,0.0
1984-08-14 00:00:00-04:00,0.03196464168877213,0.03204278990734453,0.03110495768487453,0.031104957684874535,692866,0.0,0.0
1984-08-15 00:00:00-04:00,0.03110496529058265,0.03157388151647587,0.03110496529058265,0.03141757473349571,842227,0.0,0.0
1984-08-16 00:00:00-04:00,0.03141757460604726,0.03266802061872145,0.03118311340176632,0.0323554091155529,656909,0.0,0.0
1984-08-17 00:00:00-04:00,0.032355421940837494,0.03282434865832329,0.0322772736724965,0.03282434865832329,428720,0.0,0.0
1984-08-20 00:00:00-04:00,0.03282434865832329,0.033058801709444,0.03282434865832329,0.03282434865832329,1373286,0.0,0.0
1984-08-21 00:00:00-04:00,0.03282435046452549,0.03305880352854729,0.03282435046452549,0.03305880352854729,1467327,0.0,0.0
1984-08-22 00:00:00-04:00,0.03305880364176323,0.03360587865956708,0.032511728623959374,0.032668035477399826,1438285,0.0,0.0
1984-08-23 00:00:00-04:00,0.032668035477399826,0.032824350576938506,0.032511728623959374,0.032668035477399826,421805,0.0,0.0
1984-08-24 00:00:00-04:00,0.03266801581138612,0.03266801581138612,0.031652024967932416,0.03188648819923401,586378,0.0,0.0
1984-08-27 00:00:00-04:00,0.031886499591440215,0.031886499591440215,0.031261276453733444,0.031261276453733444,417656,0.0,0.0
1984-08-28 00:00:00-04:00,0.03126126618961812,0.03133941441774368,0.0311049614872735,0.03133941441774368,514464,0.0,0.0
1984-08-29 00:00:00-04:00,0.03133941824972019,0.03157388151647587,0.03110496529058265,0.03141757473349571,562867,0.0,0.0
1984-08-30 00:00:00-04:00,0.03141757473349571,0.031495725032700345,0.03126127001203918,0.03141757473349571,525527,0.0,0.0
1984-08-31 00:00:00-04:00,0.03141757739291773,0.03204280045471472,0.03126127265823038,0.031573884189128876,311167,0.0,0.0
1984-09-04 00:00:00-04:00,0.031495717331444635,0.031495717331444635,0.03110495768487453,0.031104957684874535,2450617,0.0,0.0
1984-09-05 00:00:00-04:00,0.03110497559034241,0.03110497559034241,0.030714205411211233,0.0307923536747694,275210,0.0,0.0
1984-09-06 00:00:00-04:00,0.030792353674769398,0.030948668755604525,0.030714205411211233,0.0307923536747694,1071799,0.0,0.0
1984-09-07 00:00:00-04:00,0.030792358329201883,0.031104980292029405,0.030636053532361988,0.030636053532361984,685951,0.0,0.0
1984-09-10 00:00:00-04:00,0.030636025442347874,0.030636025442347874,0.03008896121653324,0.030401572585105896,551804,0.0,0.0
1984-09-11 00:00:00-04:00,0.030636053532361988,0.030870516912195695,0.030636053532361988,0.030636053532361984,1298606,0.0,0.0
1984-09-12 00:00:00-04:00,0.030636053532361988,0.030792358329201883,0.030401600460151387,0.030636053532361984,611271,0.0,0.0
1984-09-13 00:00:00-04:00,0.030636031266023916,0.03110495768487453,0.030557883047451516,0.031104957684874535,708079,0.0,0.0
1984-09-14 00:00:00-04:00,0.03141757473349571,0.03204279774236909,0.03141757473349571,0.03141757473349571,1024778,0.0,0.0
1984-09-17 00:00:00-04:00,0.03141757739291773,0.031652032433424945,0.03141757739291773,0.031573884189128876,3155929,0.0,0.0
1984-09-18 00:00:00-04:00,0.031573884189128876,0.03188649572002737,0.0314957276987376,0.031573884189128876,925205,0.0,0.0
1984-09-19 00:00:00-04:00,0.031573884189128876,0.031808337168112294,0.03141757739291773,0.031573884189128876,1215628,0.0,0.0
1984-09-20 00:00:00-04:00,0.03157387765583075,0.03165202588395631,0.03133941441774368,0.03133941441774368,1298606,0.0,0.0
1984-09-21 00:00:00-04:00,0.0313394117547695,0.03204279110164622,0.03126126353328436,0.03180832788348198,796589,0.0,0.0
1984-09-24 00:00:00-04:00,0.03180833058074674,0.03219910058263357,0.03165202587842941,0.03165202587842941,421805,0.0,0.0
1984-09-25 00:00:00-04:00,0.03165203233285787,0.03165203233285787,0.03141757729309558,0.031495727598667145,430103,0.0,0.0
1984-09-26 00:00:00-04:00,0.0314957185053558,0.03188648641258313,0.0314957185053558,0.03180832788348198,196381,0.0,0.0
1984-09-27 00:00:00-04:00,0.03180833080557738,0.032120950520038605,0.03180833080557738,0.032120950520038605,604356,0.0,0.0
1984-09-28 00:00:00-04:00,0.03212096061219644,0.032277267426252365,0.03212096061219644,0.032277267426252365,428720,0.0,0.0
1984-10-01 00:00:00-04:00,0.03204279381879286,0.03204279381879286,0.031573877650317494,0.03165202587842941,540740,0.0,0.0
1984-10-02 00:00:00-04:00,0.031652032433424945,0.03196465221041865,0.031573884189128876,0.031573884189128876,279359,0.0,0.0
1984-10-03 00:00:00-04:00,0.03157388232531822,0.03157388232531822,0.030870502814650536,0.030870502814650536,1033076,0.0,0.0
1984-10-04 00:00:00-04:00,0.03079233868869712,0.03079233868869712,0.030479729294411288,0.030557885766029358,777227,0.0,0.0
1984-10-05 00:00:00-04:00,0.03055788576602936,0.030636033991554203,0.030401581068886446,0.030557885766029358,654143,0.0,0.0
1984-10-08 00:00:00-04:00,0.030557889381723692,0.030557889381723692,0.03008897317328817,0.030479732900857925,150743,0.0,0.0
1984-10-09 00:00:00-04:00,0.03047973290085793,0.030714194097361015,0.03047973290085793,0.030479732900857925,331912,0.0,0.0
1984-10-10 00:00:00-04:00,0.03047973578459726,0.03047973578459726,0.029854512739847454,0.02993266098201275,1648496,0.0,0.0
1984-10-11 00:00:00-04:00,0.029932647009300886,0.029932647009300886,0.029698192084631016,0.02985449880361557,699781,0.0,0.0
1984-10-12 00:00:00-04:00,0.029854525682244313,0.030323442138327304,0.029854525682244313,0.030088989064097404,952864,0.0,0.0
1984-10-15 00:00:00-04:00,0.030088988804946978,0.030870516912195695,0.030088988804946978,0.030636053532361984,340210,0.0,0.0
1984-10-16 00:00:00-04:00,0.030636039541888503,0.030870502814650536,0.030636039541888503,0.030870502814650536,352656,0.0,0.0
1984-10-17 00:00:00-04:00,0.030714210318366516,0.030714210318366516,0.030088989064097408,0.030088989064097404,251700,0.0,0.0
1984-10-18 00:00:00-04:00,0.030088980493628188,0.031261276453733444,0.030088980493628188,0.031261276453733444,1427221,0.0,0.0
1984-10-19 00:00:00-04:00,0.03157388421862155,0.0320428004846454,0.03157388421862155,0.03196465224027634,1706581,0.0,0.0
1984-10-22 00:00:00-04:00,0.03196467056184019,0.032277282272214006,0.03196467056184019,0.03219912573695183,1402328,0.0,0.0
1984-10-23 00:00:00-04:00,0.03219912922541761,0.03290250925763187,0.03219912922541761,0.03258989751338959,1890515,0.0,0.0
1984-10-24 00:00:00-04:00,0.03258989398258782,0.03258989398258782,0.03219912573695183,0.03219912573695183,1071799,0.0,0.0
1984-10-25 00:00:00-04:00,0.03219911566780798,0.032277272178629454,0.03204280883073807,0.03204280883073807,1111905,0.0,0.0
1984-10-26 00:00:00-04:00,0.03188649572002737,0.03188649572002737,0.03141757739291773,0.031573884189128876,1518497,0.0,0.0
1984-10-29 00:00:00-05:00,0.03149573152270639,0.03149573152270639,0.031261276453733444,0.031261276453733444,401060,0.0,0.0
1984-10-30 00:00:00-05:00,0.031135438169915097,0.03168580632118183,0.031135438169915097,0.03144993633031845,333295,0.02169,0.0
1984-10-31 00:00:00-05:00,0.03144995111985726,0.03152857103050786,0.03129270300269127,0.03129270300269127,775844,0.0,0.0
1984-11-01 00:00:00-05:00,0.03129270691193784,0.03168582517999698,0.03129270691193784,0.03160720318555832,522761,0.0,0.0
1984-11-02 00:00:00-05:00,0.03160718451915315,0.03247205913066864,0.03160718451915315,0.03247205913066864,797972,0.0,0.0
1984-11-05 00:00:00-05:00,0.032472079664666836,0.03294382616877556,0.032472079664666836,0.03294382616877556,883716,0.0,0.0
1984-11-06 00:00:00-05:00,0.03286517919242324,0.03286517919242324,0.032550681011184815,0.03278655931353569,157658,0.0,0.0
1984-11-07 00:00:00-05:00,0.032786573739677166,0.033022452145814896,0.03270794345636537,0.033022452145814896,1077331,0.0,0.0
1984-11-08 00:00:00-05:00,0.032865205943837614,0.032865205943837614,0.03255070750660573,0.032707955688238144,1493604,0.0,0.0
1984-11-09 00:00:00-05:00,0.03286519974975275,0.03325832635164261,0.03286519974975275,0.03325832635164261,728823,0.0,0.0
1984-11-12 00:00:00-05:00,0.033179704605746284,0.033179704605746284,0.03294382616877556,0.03294382616877556,449464,0.0,0.0
1984-11-13 00:00:00-05:00,0.0329438218625031,0.033101072059295314,0.03286519365315759,0.033022452145814896,965311,0.0,0.0
1984-11-14 00:00:00-05:00,0.033022435580331876,0.033022435580331876,0.032236180842857676,0.03247205913066864,492336,0.0,0.0
1984-11-15 00:00:00-05:00,0.032472074500167425,0.032472074500167425,0.03207894798234052,0.03223619610071182,802121,0.0,0.0
1984-11-16 00:00:00-05:00,0.032236181015548156,0.032393431134299294,0.03200030272647358,0.03207893297076225,824248,0.0,0.0
1984-11-19 00:00:00-05:00,0.03184306793379939,0.03184306793379939,0.031056823234728394,0.03137132152915001,342976,0.0,0.0
1984-11-20 00:00:00-05:00,0.03137132152915001,0.0314499497321961,0.031292701621968344,0.03137132152915001,521378,0.0,0.0
1984-11-21 00:00:00-05:00,0.03137130682027736,0.031607183022957376,0.03137130682027736,0.03152855485677719,515846,0.0,0.0
1984-11-23 00:00:00-05:00,0.03160718874147524,0.03184305876493454,0.03160718874147524,0.03184305876493454,687334,0.0,0.0
1984-11-26 00:00:00-05:00,0.03184307506442403,0.03184307506442403,0.03176445513963699,0.03176445513963699,419039,0.0,0.0
1984-11-27 00:00:00-05:00,0.03176443480722521,0.032236181015548156,0.03160718468847407,0.03207893297076225,616803,0.0,0.0
1984-11-28 00:00:00-05:00,0.03207894845182889,0.03247207497540936,0.03184307004892112,0.03200031816959381,272444,0.0,0.0
1984-11-29 00:00:00-05:00,0.03200032145361746,0.03207895174392195,0.031449955048748084,0.03160720318555832,276593,0.0,0.0
1984-11-30 00:00:00-05:00,0.031607197842423856,0.031607197842423856,0.03137132152915001,0.03137132152915001,330529,0.0,0.0
1984-12-03 00:00:00-05:00,0.031371308160778474,0.03152855620399754,0.031292688287099385,0.03144993633031845,593293,0.0,0.0
1984-12-04 00:00:00-05:00,0.031449956774789706,0.03176445513963699,0.031449956774789706,0.03176445513963699,472975,0.0,0.0
1984-12-05 00:00:00-05:00,0.03176443449072181,0.03176443449072181,0.03144993633031845,0.03144993633031845,694249,0.0,0.0
1984-12-06 00:00:00-05:00,0.031449934986457546,0.03152855485677719,0.030978178433167244,0.03152855485677719,773078,0.0,0.0
1984-12-07 00:00:00-05:00,0.031528569639377765,0.03184306793379939,0.03137132152915001,0.03137132152915001,475740,0.0,0.0
1984-12-10 00:00:00-05:00,0.03137132683241005,0.03160720318555832,0.03105682848482311,0.03160720318555832,395528,0.0,0.0
1984-12-11 00:00:00-05:00,0.03160720318555832,0.03176445339633502,0.031528574969220284,0.03160720318555832,307019,0.0,0.0
1984-12-12 00:00:00-05:00,0.03160719601013675,0.031764446185214734,0.03160719601013675,0.03168581798672676,211594,0.0,0.0
1984-12-13 00:00:00-05:00,0.03168581798672676,0.031764446185214734,0.03144994790902476,0.03168581798672676,567016,0.0,0.0
1984-12-14 00:00:00-05:00,0.031685826918983674,0.0321575817251376,0.031528576699576746,0.03176445513963699,454996,0.0,0.0
1984-12-17 00:00:00-05:00,0.031764450136517255,0.03215757666009773,0.031685821928248425,0.03200031816959381,329146,0.0,0.0
1984-12-18 00:00:00-05:00,0.03239343640312656,0.033179689198732376,0.03239343640312656,0.033179689198732376,1265414,0.0,0.0
1984-12-19 00:00:00-05:00,0.03317970026864083,0.03373006662456535,0.03286519365315759,0.033022452145814896,771695,0.0,0.0
1984-12-20 00:00:00-05:00,0.03302244555106147,0.03302244555106147,0.032236190576187054,0.032550688832998276,360954,0.0,0.0
1984-12-21 00:00:00-05:00,0.032550694411420646,0.03286519272212947,0.03207894798234052,0.03223619610071182,503400,0.0,0.0
1984-12-24 00:00:00-05:00,0.03223619610071182,0.0323148243078299,0.032157576189458595,0.03223619610071182,221275,0.0,0.0
1984-12-26 00:00:00-05:00,0.032236180842857676,0.03247205913066864,0.032236180842857676,0.03247205913066864,1147862,0.0,0.0
1984-12-27 00:00:00-05:00,0.03247205913066864,0.03255067900470993,0.03239343096076642,0.03247205913066864,554570,0.0,0.0
1984-12-28 00:00:00-05:00,0.032472059441389145,0.03310105577111244,0.032472059441389145,0.03310105577111244,553187,0.0,0.0
1984-12-31 00:00:00-05:00,0.03310108365213818,0.03357283025979996,0.032943833400272925,0.03357283025979996,383082,0.0,0.0
1985-01-02 00:00:00-05:00,0.03349419765880227,0.03349419765880227,0.032865192741155624,0.032865192741155624,385848,0.0,0.0
1985-01-03 00:00:00-05:00,0.032865205943837614,0.03302246449530528,0.032393459324973305,0.032707955688238144,825631,0.0,0.0
1985-01-04 00:00:00-05:00,0.03270794345636537,0.033022452145814896,0.03255069533353944,0.033022452145814896,178403,0.0,0.0
1985-01-07 00:00:00-05:00,0.033022437615886566,0.033022437615886566,0.03247206113229727,0.03278655931353569,567016,0.0,0.0
1985-01-08 00:00:00-05:00,0.032786572829856885,0.032865192741155624,0.03247207451896599,0.032865192741155624,329146,0.0,0.0
1985-01-09 00:00:00-05:00,0.03286519365315759,0.033101072059295314,0.03286519365315759,0.033022452145814896,479889,0.0,0.0
1985-01-10 00:00:00-05:00,0.03302245815905575,0.03388732299208641,0.032865199637762375,0.03388732299208641,1211479,0.0,0.0
1985-01-11 00:00:00-05:00,0.03388730188961278,0.03388730188961278,0.033336933702230453,0.033336933702230453,1016480,0.0,0.0
1985-01-14 00:00:00-05:00,0.033336956683230154,0.034909456968307495,0.033336956683230154,0.034909456968307495,2064769,0.0,0.0
1985-01-15 00:00:00-05:00,0.03538119282590518,0.036010185246526515,0.03538119282590518,0.035459812730550766,1908494,0.0,0.0
1985-01-16 00:00:00-05:00,0.035459810378231864,0.035931562958267084,0.035145310040852314,0.03538119047880173,1089778,0.0,0.0
1985-01-17 00:00:00-05:00,0.03538119047880173,0.035459810378231864,0.035145310040852314,0.03538119047880173,1998387,0.0,0.0
1985-01-18 00:00:00-05:00,0.035381207946820994,0.035381207946820994,0.0347522007396177,0.034988079220056534,1152011,0.0,0.0
1985-01-21 00:00:00-05:00,0.03498806712901331,0.03616744045794179,0.034909447217936984,0.03608882054686546,2136683,0.0,0.0
1985-01-22 00:00:00-05:00,0.036088823027689364,0.036246071156516436,0.0349094496176882,0.035066697746515274,1974876,0.0,0.0
1985-01-23 00:00:00-05:00,0.03506669533595448,0.03608882054686546,0.034909447217936984,0.03608882054686546,1277861,0.0,0.0
1985-01-24 00:00:00-05:00,0.03616745918380894,0.03656058383032718,0.03616745918380894,0.03640333563089371,1181053,0.0,0.0
1985-01-25 00:00:00-05:00,0.03640331933959326,0.03656056746865467,0.03640331933959326,0.036481939256191254,1024778,0.0,0.0
1985-01-28 00:00:00-05:00,0.03648194806382886,0.037425453657713575,0.03616745172977891,0.037346821278333664,1131267,0.0,0.0
1985-01-29 00:00:00-05:00,0.037299384967970674,0.03785254806280136,0.037299384967970674,0.03785254806280136,1002651,0.02169,0.0
1985-01-30 00:00:00-05:00,0.0378525489011861,0.03808962297321651,0.0378525489011861,0.03793157637119293,4155814,0.0,0.0
1985-01-31 00:00:00-05:00,0.03793157521489944,0.03824766840931092,0.03793157521489944,0.03808962181210518,554570,0.0,0.0
1985-02-01 00:00:00-05:00,0.03808962212958089,0.03808962212958089,0.037773528932534786,0.03785254806280136,835312,0.0,0.0
1985-02-04 00:00:00-05:00,0.03785254806280136,0.03808962212958089,0.037457431566493726,0.03785254806280136,1644347,0.0,0.0
1985-02-05 00:00:00-05:00,0.0378525489011861,0.03808962297321651,0.0378525489011861,0.03793157637119293,1504668,0.0,0.0
1985-02-06 00:00:00-05:00,0.03785252779438995,0.03785252779438995,0.03706229105591774,0.03706229105591774,2667742,0.0,0.0
1985-02-07 00:00:00-05:00,0.03706229826982089,0.037299372255802155,0.03682522011484609,0.037299372255802155,2299873,0.0,0.0
1985-02-08 00:00:00-05:00,0.037299374006568395,0.03761547127971595,0.037141327454491474,0.03737839311361313,1972110,0.0,0.0
1985-02-11 00:00:00-05:00,0.0373784120319503,0.03745743951698067,0.03682524048171691,0.036904267966747284,1033076,0.0,0.0
1985-02-12 00:00:00-05:00,0.03690426714161913,0.037062317939150234,0.036667193029820355,0.03682523965835571,687334,0.0,0.0
1985-02-13 00:00:00-05:00,0.03682523715038086,0.036983296275138855,0.03666719053260922,0.036983296275138855,1577965,0.0,0.0
1985-02-14 00:00:00-05:00,0.036983281204710776,0.037141327758079545,0.036667175590991974,0.036667175590991974,1789559,0.0,0.0
1985-02-15 00:00:00-05:00,0.03666719053260922,0.03706231541502921,0.03666719053260922,0.036983296275138855,1161692,0.0,0.0
1985-02-19 00:00:00-05:00,0.036983298793878294,0.03714134542241366,0.03682523965835571,0.03682523965835571,535208,0.0,0.0
1985-02-20 00:00:00-05:00,0.03682523965835571,0.037062317939150234,0.03643012725601305,0.03682523965835571,1344243,0.0,0.0
1985-02-21 00:00:00-05:00,0.036667175590991974,0.036667175590991974,0.03635108248425444,0.036667175590991974,504783,0.0,0.0
1985-02-22 00:00:00-05:00,0.03666719384964785,0.03706231876781218,0.03666719384964785,0.036904267966747284,489570,0.0,0.0
1985-02-25 00:00:00-05:00,0.03690424959003888,0.03690424959003888,0.03658815648330135,0.036667175590991974,605739,0.0,0.0
1985-02-26 00:00:00-05:00,0.036667193029820355,0.03682523965835571,0.03643012725601305,0.03682523965835571,867120,0.0,0.0
1985-02-27 00:00:00-05:00,0.036746203899383545,0.036746203899383545,0.0364301107852249,0.036746203899383545,569782,0.0,0.0
1985-02-28 00:00:00-05:00,0.03674621366631403,0.036825232796862666,0.03643012046813965,0.03643012046813965,666590,0.0,0.0
1985-03-01 00:00:00-05:00,0.03643012807054009,0.03706231876781218,0.03643012807054009,0.036904267966747284,1099458,0.0,0.0
1985-03-04 00:00:00-05:00,0.036904240373029126,0.03714131848185841,0.036667166433192566,0.03706229105591774,1152011,0.0,0.0
1985-03-05 00:00:00-05:00,0.037062317939150234,0.03714134542241366,0.03682523965835571,0.03682523965835571,782759,0.0,0.0
1985-03-06 00:00:00-05:00,0.036825232796862666,0.03698329190293475,0.03643012046813965,0.03643012046813965,644462,0.0,0.0
1985-03-07 00:00:00-05:00,0.03643010870858761,0.0366671743616992,0.03556084435621457,0.03563986346125603,817333,0.0,0.0
1985-03-08 00:00:00-05:00,0.035639868760909715,0.0357188962156898,0.03477060219477981,0.03548181802034378,1157543,0.0,0.0
1985-03-11 00:00:00-05:00,0.03556085263536222,0.035718899220228195,0.03556085263536222,0.035718899220228195,342976,0.0,0.0
1985-03-12 00:00:00-05:00,0.035876938710449925,0.0364301099860807,0.035876938710449925,0.03619303181767464,1128501,0.0,0.0
1985-03-13 00:00:00-05:00,0.03619303293525496,0.03619303293525496,0.035955958928522214,0.03603498637676239,360954,0.0,0.0
1985-03-14 00:00:00-05:00,0.03540279942853903,0.03540279942853903,0.03477060271039184,0.03508670628070831,3219546,0.0,0.0
1985-03-15 00:00:00-05:00,0.035086703183191084,0.035481815414103966,0.03492864620074353,0.035323768854141235,2283278,0.0,0.0
1985-03-18 00:00:00-05:00,0.03532377083704373,0.03540279829045524,0.03508670515278588,0.03524475172162056,526910,0.0,0.0
1985-03-19 00:00:00-05:00,0.03532375862235197,0.03587692975997925,0.03532375862235197,0.03587692975997925,1929238,0.0,0.0
1985-03-20 00:00:00-05:00,0.03390133579355423,0.03390133579355423,0.03326914741969522,0.03382231667637825,11286389,0.0,0.0
1985-03-21 00:00:00-05:00,0.03382229486822514,0.03390131393445071,0.03326912596821785,0.03326912596821785,2840613,0.0,0.0
1985-03-22 00:00:00-05:00,0.03326915904167706,0.03342720566922827,0.033032082846856665,0.03311111032962799,3945603,0.0,0.0
1985-03-25 00:00:00-05:00,0.03311108906301494,0.03319011857952498,0.03287401302046391,0.03295304253697395,3609542,0.0,0.0
1985-03-26 00:00:00-05:00,0.03295304253697395,0.03295304253697395,0.032636947400395466,0.03295304253697395,529676,0.0,0.0
1985-03-27 00:00:00-05:00,0.032953049196770834,0.032953049196770834,0.032162801815381635,0.03239987790584564,2446468,0.0,0.0
1985-03-28 00:00:00-05:00,0.03239987009292476,0.03263694612622013,0.03200474753975868,0.03200474753975868,1882217,0.0,0.0
1985-03-29 00:00:00-05:00,0.03224181799447776,0.03271595955654892,0.03224181799447776,0.032636940479278564,1683070,0.0,0.0
1985-04-01 00:00:00-05:00,0.03263696386600183,0.033190135324210716,0.03263696386600183,0.03303207829594612,2008067,0.0,0.0
1985-04-02 00:00:00-05:00,0.03303205564112519,0.03319011256098747,0.032874007059247465,0.03319011256098747,1176904,0.0,0.0
1985-04-03 00:00:00-05:00,0.03319014236592902,0.03334818900523741,0.03271598994101579,0.03287403658032417,475740,0.0,0.0
1985-04-04 00:00:00-05:00,0.032715973972993674,0.032715973972993674,0.032399878764158736,0.03247890621423721,2194768,0.0,0.0
1985-04-08 00:00:00-05:00,0.03247889894970629,0.032557920128619175,0.03160963471421664,0.03176768124103546,1075948,0.0,0.0
1985-04-09 00:00:00-05:00,0.03176767662828106,0.03176767662828106,0.031451583620540985,0.03168864920735359,5187507,0.0,0.0
1985-04-10 00:00:00-05:00,0.03168865241552084,0.03224182357305406,0.031609633324578355,0.03200474753975868,2286044,0.0,0.0
1985-04-11 00:00:00-05:00,0.03200475636625551,0.032399879028391296,0.03192573725352058,0.032241832464933395,1638815,0.0,0.0
1985-04-12 00:00:00-05:00,0.032241834434417194,0.03271597623825073,0.032241834434417194,0.03271597623825073,1442434,0.0,0.0
1985-04-15 00:00:00-05:00,0.03271598994101579,0.032953066153472405,0.03263697079035762,0.03287403658032417,399677,0.0,0.0
1985-04-16 00:00:00-05:00,0.03287400604907395,0.03295303554882469,0.0325579130640239,0.032636940479278564,4052092,0.0,0.0
1985-04-17 00:00:00-05:00,0.032636957120688946,0.03287402281136286,0.032636957120688946,0.03271597623825073,601590,0.0,0.0
1985-04-18 00:00:00-05:00,0.03271595955654892,0.033032054626095056,0.032636940479278564,0.032636940479278564,1589028,0.0,0.0
1985-04-19 00:00:00-05:00,0.03263696386600183,0.03303207829594612,0.03263696386600183,0.03303207829594612,1457647,0.0,0.0
1985-04-22 00:00:00-05:00,0.03303208530413057,0.03303208530413057,0.03263697079035762,0.03287403658032417,1269563,0.0,0.0
1985-04-23 00:00:00-05:00,0.03287403658032417,0.03319014236592902,0.03263697079035762,0.03287403658032417,2374553,0.0,0.0
1985-04-24 00:00:00-05:00,0.033032065664606085,0.03342718828144723,0.033032065664606085,0.033348169177770615,3110292,0.0,0.0
1985-04-25 00:00:00-05:00,0.033348160663115335,0.033506207168102264,0.033348160663115335,0.033506207168102264,466060,0.0,0.0
1985-04-26 00:00:00-05:00,0.033506213747294865,0.033506213747294865,0.03334816721127432,0.03342718631029129,629250,0.0,0.0
1985-04-29 00:00:00-04:00,0.033427208155895574,0.033427208155895574,0.03287403658032417,0.03287403658032417,519995,0.0,0.0
1985-04-30 00:00:00-04:00,0.03325593951956881,0.03325593951956881,0.032778584317464735,0.03317638486623764,3089547,0.02531,0.0
1985-05-01 00:00:00-04:00,0.033176381779111856,0.03373329997722235,0.032858144307780286,0.033335499465465546,1293074,0.0,0.0
1985-05-02 00:00:00-04:00,0.033335499465465546,0.033574182290868664,0.033335499465465546,0.033335499465465546,916907,0.0,0.0
1985-05-03 00:00:00-04:00,0.03333549231538928,0.033653729718462616,0.03333549231538928,0.0335741750895977,1474242,0.0,0.0
1985-05-06 00:00:00-04:00,0.03357417441410293,0.03357417441410293,0.03333549164469667,0.0334150567650795,5136337,0.0,0.0
1985-05-07 00:00:00-04:00,0.03341508203738556,0.03341508203738556,0.0326194785001761,0.03277859836816788,723291,0.0,0.0
1985-05-08 00:00:00-04:00,0.03277858494532062,0.03277858494532062,0.03261946514248848,0.03261946514248848,2702316,0.0,0.0
1985-05-09 00:00:00-04:00,0.03269901729154117,0.03285813704133034,0.03269901729154117,0.03285813704133034,578080,0.0,0.0
1985-05-10 00:00:00-04:00,0.033096808875290415,0.0338924118107735,0.033096808875290415,0.0334150567650795,1252968,0.0,0.0
1985-05-13 00:00:00-04:00,0.03357418457752942,0.03421065956354141,0.03357418457752942,0.03421065956354141,1187968,0.0,0.0
1985-05-14 00:00:00-04:00,0.034210649895744384,0.0342902045246093,0.0335741750895977,0.0335741750895977,632016,0.0,0.0
1985-05-15 00:00:00-04:00,0.03365371316525417,0.034131067985756415,0.03365371316525417,0.03397195041179657,656909,0.0,0.0
1985-05-16 00:00:00-04:00,0.03397197672188216,0.03421065956354141,0.033892422070535416,0.03421065956354141,1423072,0.0,0.0
1985-05-17 00:00:00-04:00,0.03421066220566454,0.034290216863155365,0.03405154239756039,0.034290216863155365,1293074,0.0,0.0
1985-05-20 00:00:00-04:00,0.03429019995599532,0.03500623769010145,0.03429019995599532,0.03484711796045303,3273482,0.0,0.0
1985-05-21 00:00:00-04:00,0.03484713881185247,0.03508582169708039,0.03444934659488757,0.03500625863671303,2356575,0.0,0.0
1985-05-22 00:00:00-04:00,0.03500625863671303,0.03500625863671303,0.03484713881185247,0.03500625863671303,1518497,0.0,0.0
1985-05-23 00:00:00-04:00,0.03500623802165283,0.03508580103516579,0.03500623802165283,0.03508580103516579,2529446,0.0,0.0
1985-05-24 00:00:00-04:00,0.035085804082288875,0.035085804082288875,0.03484712131689138,0.03492668643593788,1474242,0.0,0.0
1985-05-28 00:00:00-04:00,0.034926683071835905,0.03508580070286085,0.03476756334218749,0.03484711796045303,883716,0.0,0.0
1985-05-29 00:00:00-04:00,0.03468801743272798,0.03468801743272798,0.03421066220566454,0.034290216863155365,1342860,0.0,0.0
1985-05-30 00:00:00-04:00,0.03429020911963029,0.03460845495984478,0.03413108934745908,0.03444933518767357,1728708,0.0,0.0
1985-05-31 00:00:00-04:00,0.03444932630779087,0.03508580103516579,0.03444932630779087,0.03508580103516579,1056586,0.0,0.0
1985-06-03 00:00:00-04:00,0.03508581114342155,0.03532449395685472,0.0349266934650476,0.035165365785360336,1127118,0.0,0.0
1985-06-04 00:00:00-04:00,0.03516536604487845,0.03540404886007309,0.03516536604487845,0.03540404886007309,654143,0.0,0.0
1985-06-05 00:00:00-04:00,0.0354040592481768,0.03548362230854416,0.03492670397084455,0.03500625863671303,1983174,0.0,0.0
1985-06-06 00:00:00-04:00,0.03500622358181023,0.035404023794920615,0.03500622358181023,0.035324469208717346,1973493,0.0,0.0
1985-06-07 00:00:00-04:00,0.03532450458230832,0.0354040592481768,0.03500625863671303,0.03500625863671303,537974,0.0,0.0
1985-06-10 00:00:00-04:00,0.03500625863671303,0.03500625863671303,0.03444934659488757,0.03500625863671303,1873920,0.0,0.0
1985-06-11 00:00:00-04:00,0.03500625863671303,0.03508582169708039,0.03492670397084455,0.03500625863671303,1616688,0.0,0.0
1985-06-12 00:00:00-04:00,0.034847133317243435,0.034847133317243435,0.03444934116300141,0.03460846096277237,2669125,0.0,0.0
1985-06-13 00:00:00-04:00,0.03436975064256431,0.03436975064256431,0.03397195041179657,0.03397195041179657,5336868,0.0,0.0
1985-06-14 00:00:00-04:00,0.0339719663657291,0.03421064913462732,0.03373329199132566,0.03389241173863411,1371903,0.0,0.0
1985-06-17 00:00:00-04:00,0.03389241876281216,0.03436977390642162,0.03389241876281216,0.034131091088056564,1377435,0.0,0.0
1985-06-18 00:00:00-04:00,0.03413108469182625,0.03429020444229281,0.033971967039983425,0.03405153006315231,1781261,0.0,0.0
1985-06-19 00:00:00-04:00,0.034051535697880796,0.034051535697880796,0.033255934715270996,0.033255934715270996,1037225,0.0,0.0
1985-06-20 00:00:00-04:00,0.03325595377489263,0.033335516856826446,0.0326194785001761,0.03277859836816788,611271,0.0,0.0
1985-06-21 00:00:00-04:00,0.03269900843411398,0.03269900843411398,0.03182385319526907,0.03222164511680603,3675925,0.0,0.0
1985-06-24 00:00:00-04:00,0.03214210931851215,0.03214210931851215,0.03174430876970291,0.03174430876970291,522761,0.0,0.0
1985-06-25 00:00:00-04:00,0.03174429998558086,0.03198298066854477,0.03174429998558086,0.03198298066854477,2339979,0.0,0.0
1985-06-26 00:00:00-04:00,0.03198296026696609,0.03198296026696609,0.03190339729189873,0.03190339729189873,864354,0.0,0.0
1985-06-27 00:00:00-04:00,0.031903408826849895,0.03222164615182351,0.031903408826849895,0.032142091542482376,1008183,0.0,0.0
1985-06-28 00:00:00-04:00,0.032142123093451345,0.03277859836816788,0.032142123093451345,0.03277859836816788,1660943,0.0,0.0
1985-07-01 00:00:00-04:00,0.03277857958212774,0.03349461752840284,0.03277857958212774,0.033255934715270996,3090930,0.0,0.0
1985-07-02 00:00:00-04:00,0.03325592260966247,0.03373328596353531,0.033017248277907675,0.03373328596353531,2476893,0.0,0.0
1985-07-03 00:00:00-04:00,0.033733303113344326,0.03476757866391893,0.03357418541219776,0.03460846096277237,1770197,0.0,0.0
1985-07-05 00:00:00-04:00,0.03460845616949954,0.03484712849091448,0.03460845616949954,0.034688010811805725,305636,0.0,0.0
1985-07-08 00:00:00-04:00,0.03468801065161442,0.035165365785360336,0.03460845600967563,0.035165365785360336,1053820,0.0,0.0
1985-07-09 00:00:00-04:00,0.03516536186499051,0.03596096485853195,0.035006244204355615,0.03596096485853195,1938919,0.0,0.0
1985-07-10 00:00:00-04:00,0.035960952966157166,0.035960952966157166,0.03532447833685359,0.03580183535814285,5807076,0.0,0.0
1985-07-11 00:00:00-04:00,0.03580183781190141,0.03580183781190141,0.03548359837681522,0.0357222706079483,1268180,0.0,0.0
1985-07-12 00:00:00-04:00,0.035642722755807286,0.035642722755807286,0.03500624166629528,0.035563159734010696,750951,0.0,0.0
1985-07-15 00:00:00-04:00,0.03556315603138523,0.03564271904489819,0.03500623802165283,0.03508580103516579,1551688,0.0,0.0
1985-07-16 00:00:00-04:00,0.03508580491326288,0.03627919778227806,0.03492668726314334,0.03627919778227806,1746687,0.0,0.0
1985-07-17 00:00:00-04:00,0.03627919692303968,0.03643831456939067,0.03476756669096322,0.03492668643593788,5677077,0.0,0.0
1985-07-18 00:00:00-04:00,0.03492670397084455,0.03508582169708039,0.034528903359380775,0.03500625863671303,2048173,0.0,0.0
1985-07-19 00:00:00-04:00,0.03492669418673436,0.03492669418673436,0.03389241876281216,0.034131091088056564,744036,0.0,0.0
1985-07-22 00:00:00-04:00,0.034131094419072985,0.03421065956354141,0.03381285692606699,0.03421065956354141,304253,0.0,0.0
1985-07-23 00:00:00-04:00,0.03421065622475984,0.03444933694450077,0.03389241876281216,0.034131091088056564,821482,0.0,0.0
1985-07-24 00:00:00-04:00,0.034131094419072985,0.034290214214888155,0.034131094419072985,0.03421065956354141,4583151,0.0,0.0
1985-07-25 00:00:00-04:00,0.03421066220566454,0.03452889972324833,0.03421066220566454,0.034290216863155365,1734240,0.0,0.0
1985-07-26 00:00:00-04:00,0.034290216863155365,0.03452889972324833,0.03421066220566454,0.034290216863155365,601590,0.0,0.0
1985-07-29 00:00:00-04:00,0.03429020911963029,0.03444933518767357,0.03429020911963029,0.03444933518767357,656909,0.0,0.0
1985-07-30 00:00:00-04:00,0.03467356786131859,0.03467356786131859,0.03435325054090749,0.03467356786131859,728823,0.02531,0.0
1985-07-31 00:00:00-04:00,0.034673572746811286,0.03523410965402438,0.034673572746811286,0.035154037177562714,4461450,0.0,0.0
1985-08-01 00:00:00-04:00,0.035394275308217926,0.03571459278464317,0.035394275308217926,0.03571459278464317,6522070,0.0,0.0
1985-08-02 00:00:00-04:00,0.03571455860604347,0.035794631033594364,0.03555440530180931,0.03555440530180931,461911,0.0,0.0
1985-08-05 00:00:00-04:00,0.035554422741379356,0.03571457612416932,0.03523410541437877,0.03539425879716873,1680304,0.0,0.0
1985-08-06 00:00:00-04:00,0.03539426570658211,0.03555442968205879,0.03507395676618965,0.03523411229252815,384465,0.0,0.0
1985-08-07 00:00:00-04:00,0.03523410264391714,0.03523410264391714,0.034913793791238996,0.03507394716143608,807652,0.0,0.0
1985-08-08 00:00:00-04:00,0.03507394209533839,0.03555441481023372,0.03507394209533839,0.03547433391213417,153509,0.0,0.0
1985-08-09 00:00:00-04:00,0.03547433168089748,0.03547433168089748,0.035314176231622696,0.035314176231622696,708079,0.0,0.0
1985-08-12 00:00:00-04:00,0.035314176231622696,0.03563448501788874,0.035314176231622696,0.035314176231622696,178403,0.0,0.0
1985-08-13 00:00:00-04:00,0.035314186330342015,0.03587472950695929,0.035314186330342015,0.03539425879716873,1257117,0.0,0.0
1985-08-14 00:00:00-04:00,0.03539427370686116,0.035794663669351086,0.03531420120630422,0.03563451021909714,261381,0.0,0.0
1985-08-15 00:00:00-04:00,0.03563449520820607,0.03571457612416932,0.035314186330342015,0.03539425879716873,730206,0.0,0.0
1985-08-16 00:00:00-04:00,0.035394275308217926,0.035874746242143006,0.03531420280403824,0.03571459278464317,1172756,0.0,0.0
1985-08-19 00:00:00-04:00,0.0357145673195246,0.03587472066283226,0.035634486423303545,0.03587472066283226,957013,0.0,0.0
1985-08-20 00:00:00-04:00,0.03587472066283226,0.03603487823070714,0.03579463976661121,0.03587472066283226,1976259,0.0,0.0
1985-08-21 00:00:00-04:00,0.035874730825872905,0.03611496090888977,0.035794649906965535,0.03611496090888977,1601475,0.0,0.0
1985-08-22 00:00:00-04:00,0.03611497642839276,0.03611497642839276,0.03571459278464317,0.03571459278464317,720526,0.0,0.0
1985-08-23 00:00:00-04:00,0.03571455860604347,0.03571455860604347,0.03555440530180931,0.03555440530180931,305636,0.0,0.0
1985-08-26 00:00:00-04:00,0.03555441397621693,0.03587472066283226,0.035474333079995875,0.03587472066283226,461911,0.0,0.0
1985-08-27 00:00:00-04:00,0.035874744619048105,0.036034902293872094,0.03563451021909714,0.03563451021909714,966694,0.0,0.0
1985-08-28 00:00:00-04:00,0.035634473635579984,0.0358747077888987,0.03555440121722801,0.03579462692141533,449464,0.0,0.0
1985-08-29 00:00:00-04:00,0.035794663669351086,0.035794663669351086,0.03563451021909714,0.03563451021909714,212977,0.0,0.0
1985-08-30 00:00:00-04:00,0.035634511831323025,0.035874746242143006,0.03555443932714334,0.03571459278464317,551804,0.0,0.0
1985-09-03 00:00:00-04:00,0.03571456815729818,0.03587472150436263,0.03547433391213417,0.03547433391213417,1615305,0.0,0.0
1985-09-04 00:00:00-04:00,0.03547432442512604,0.03555440530180931,0.03531416900860878,0.03555440530180931,301487,0.0,0.0
1985-09-05 00:00:00-04:00,0.03555443771854021,0.03563451021909714,0.03539427370686116,0.03563451021909714,701164,0.0,0.0
1985-09-06 00:00:00-04:00,0.03571459278464317,0.035874746242143006,0.03571459278464317,0.03571459278464317,589144,0.0,0.0
1985-09-09 00:00:00-04:00,0.0357145673195246,0.03595479310991887,0.035634486423303545,0.03587472066283226,478506,0.0,0.0
1985-09-10 00:00:00-04:00,0.03587473374064263,0.03587473374064263,0.0349138006567955,0.0349138006567955,366486,0.0,0.0
1985-09-11 00:00:00-04:00,0.034753644421007264,0.034753644421007264,0.03419309911166572,0.03435325250029564,5984096,0.0,0.0
1985-09-12 00:00:00-04:00,0.03435324444557301,0.03435324444557301,0.03411301864352172,0.034193091094493866,994353,0.0,0.0
1985-09-13 00:00:00-04:00,0.03419308242716826,0.03419308242716826,0.033952854573726654,0.033952854573726654,1089778,0.0,0.0
1985-09-16 00:00:00-04:00,0.0339528646847522,0.03411302015521221,0.0339528646847522,0.03403293713927269,515846,0.0,0.0
1985-09-17 00:00:00-04:00,0.034032935631131,0.03427317199460086,0.03387278228005186,0.034193091094493866,591910,0.0,0.0
1985-09-18 00:00:00-04:00,0.034193091094493866,0.03435324444557301,0.03395286318015886,0.034193091094493866,2474127,0.0,0.0
1985-09-19 00:00:00-04:00,0.034193076964971945,0.03435323024987134,0.03387276828289032,0.03387276828289032,2418808,0.0,0.0
1985-09-20 00:00:00-04:00,0.03387276760938414,0.03411300386880504,0.03363254191137724,0.033712614327669144,1707964,0.0,0.0
1985-09-23 00:00:00-04:00,0.03411302771694357,0.034513409088851615,0.03411302771694357,0.0342731811106205,409358,0.0,0.0
1985-09-24 00:00:00-04:00,0.034273173513388426,0.03451340143836893,0.03403293713927269,0.03403293713927269,391380,0.0,0.0
1985-09-25 00:00:00-04:00,0.03403292089109914,0.03411300386880504,0.033712614327669144,0.033712614327669144,2575084,0.0,0.0
1985-09-26 00:00:00-04:00,0.033712614327669144,0.03387276760938414,0.03347237806824825,0.033712614327669144,3508586,0.0,0.0
1985-09-30 00:00:00-04:00,0.03371262038343551,0.033952854573726654,0.03363254795276027,0.033952854573726654,327763,0.0,0.0
1985-10-01 00:00:00-04:00,0.03371261499799092,0.03395284914990569,0.03371261499799092,0.03387276828289032,2165725,0.0,0.0
1985-10-02 00:00:00-04:00,0.03387278786616504,0.033952868779478534,0.03355247899889946,0.03355247899889946,2687104,0.0,0.0
1985-10-03 00:00:00-04:00,0.033552471718128224,0.033872780515887886,0.033472390822192,0.033792708069086075,2449234,0.0,0.0
1985-10-04 00:00:00-04:00,0.033792695193092234,0.033792695193092234,0.03347237806824825,0.033712614327669144,547655,0.0,0.0
1985-10-07 00:00:00-04:00,0.03371262892897271,0.03427317199460086,0.03371262892897271,0.034193091094493866,485421,0.0,0.0
1985-10-08 00:00:00-04:00,0.03419309215828203,0.03443332852922592,0.034113019704818726,0.034113019704818726,488187,0.0,0.0
1985-10-09 00:00:00-04:00,0.03419310018921348,0.03435325358289041,0.03419310018921348,0.0342731811106205,449464,0.0,0.0
1985-10-10 00:00:00-04:00,0.03427317306088044,0.03443332852922592,0.03403293668993654,0.034113019704818726,605739,0.0,0.0
1985-10-11 00:00:00-04:00,0.03411302015521221,0.0341930926097327,0.03339232159428404,0.03403293713927269,536591,0.0,0.0
1985-10-14 00:00:00-04:00,0.03403293713927269,0.0341930926097327,0.0339528646847522,0.03403293713927269,67765,0.0,0.0
1985-10-15 00:00:00-04:00,0.03403294683251682,0.034593492194922984,0.03403294683251682,0.03443333879113197,699781,0.0,0.0
1985-10-16 00:00:00-04:00,0.03443333563196548,0.03459348902106285,0.03435325260056416,0.03459348902106285,771695,0.0,0.0
1985-10-17 00:00:00-04:00,0.03459349489827366,0.03499388477589336,0.03451341396555131,0.034753650426864624,497868,0.0,0.0
1985-10-18 00:00:00-04:00,0.034753650426864624,0.03507395725947741,0.034673575830996,0.034753650426864624,839461,0.0,0.0
1985-10-21 00:00:00-04:00,0.03475364518426196,0.03499387949705124,0.03467357060047262,0.03499387949705124,735738,0.0,0.0
1985-10-22 00:00:00-04:00,0.03499388641622421,0.035073958903561644,0.03427318755992455,0.03483373299241066,2349660,0.0,0.0
1985-10-23 00:00:00-04:00,0.03483372544156154,0.03483372544156154,0.03435325260056416,0.03459348902106285,3547309,0.0,0.0
1985-10-24 00:00:00-04:00,0.03451340098268922,0.03451340098268922,0.03379271088041153,0.034113019704818726,4520917,0.0,0.0
1985-10-25 00:00:00-04:00,0.03419310018921348,0.0344333366165817,0.03419310018921348,0.0342731811106205,755100,0.0,0.0
1985-10-28 00:00:00-05:00,0.034273180130583905,0.03459348902106285,0.034273180130583905,0.03459348902106285,947332,0.0,0.0
1985-10-29 00:00:00-05:00,0.03481918697353341,0.035060990766094,0.03465798869729042,0.03465798869729042,811801,0.02531,0.0
1985-10-30 00:00:00-05:00,0.03465798077815733,0.034980379383042604,0.03465798077815733,0.03489978238940239,944566,0.0,0.0
1985-10-31 00:00:00-05:00,0.03522218664312696,0.035947587341070175,0.03522218664312696,0.035947587341070175,1016480,0.0,0.0
1985-11-01 00:00:00-05:00,0.03594759174751231,0.036753587424755096,0.03578639346248995,0.036753587424755096,1291691,0.0,0.0
1985-11-04 00:00:00-05:00,0.03675357371196834,0.03691477193684752,0.03643117726220998,0.03659237548708916,4551343,0.0,0.0
1985-11-05 00:00:00-05:00,0.03659237727844071,0.036995381364626184,0.03659237727844071,0.03667297214269638,405209,0.0,0.0
1985-11-06 00:00:00-05:00,0.036672984030112946,0.03691478570977746,0.036592389139732735,0.036753587424755096,477123,0.0,0.0
1985-11-07 00:00:00-05:00,0.03675358024877506,0.03739837751510156,0.03675358024877506,0.03731778264045715,874035,0.0,0.0
1985-11-08 00:00:00-05:00,0.03731778937830783,0.037478987660961804,0.03715659109565385,0.03723718598484993,2942953,0.0,0.0
1985-11-11 00:00:00-05:00,0.03723718720725826,0.03755958378314972,0.03715659231541644,0.03755958378314972,742653,0.0,0.0
1985-11-12 00:00:00-05:00,0.037559611229416735,0.03772082239155886,0.03731781787294138,0.03739841282367706,608505,0.0,0.0
1985-11-13 00:00:00-05:00,0.03739841282367706,0.03764021468442072,0.03739841282367706,0.03739841282367706,1373286,0.0,0.0
1985-11-14 00:00:00-05:00,0.03739841282367706,0.037559611229416735,0.03739841282367706,0.03739841282367706,535208,0.0,0.0
1985-11-15 00:00:00-05:00,0.03739838549520399,0.037720794827488593,0.03739838549520399,0.03755958378314972,2403596,0.0,0.0
1985-11-18 00:00:00-05:00,0.037559575318863773,0.037962579452170686,0.03747898044518451,0.03780138120055199,981906,0.0,0.0
1985-11-19 00:00:00-05:00,0.03788199221296783,0.03876859127980991,0.03788199221296783,0.03836559131741524,1366371,0.0,0.0
1985-11-20 00:00:00-05:00,0.03836559131741524,0.03868798788562622,0.03828498367110061,0.03836559131741524,2508701,0.0,0.0
1985-11-21 00:00:00-05:00,0.03860737179761373,0.039493970572948456,0.03860737179761373,0.039493970572948456,525527,0.0,0.0
1985-11-22 00:00:00-05:00,0.039493970572948456,0.03965517730831221,0.03909097924731635,0.039493970572948456,616803,0.0,0.0
1985-11-25 00:00:00-05:00,0.039493969971682814,0.03957457333813756,0.03917157351438173,0.03925217688083649,1555837,0.0,0.0
1985-11-26 00:00:00-05:00,0.03925217688083649,0.039493969971682814,0.03917157351438173,0.03925217688083649,825631,0.0,0.0
1985-11-27 00:00:00-05:00,0.03925219354120109,0.039574590135341516,0.039171590140534694,0.039332788437604904,283508,0.0,0.0
1985-11-29 00:00:00-05:00,0.039332781706339894,0.03949397997582324,0.03925218682372878,0.03941338509321213,589144,0.0,0.0
1985-12-02 00:00:00-05:00,0.03941339371665541,0.03957459202140809,0.038526794536252636,0.038687992841005325,1313818,0.0,0.0
1985-12-03 00:00:00-05:00,0.038687992841005325,0.038849191145758015,0.038526794536252636,0.038687992841005325,230955,0.0,0.0
1985-12-04 00:00:00-05:00,0.03868797516529561,0.03957457394063033,0.03868797516529561,0.039493970572948456,607122,0.0,0.0
1985-12-05 00:00:00-05:00,0.03949397502765308,0.039977582531903984,0.03933277677836614,0.039574578404426575,576697,0.0,0.0
1985-12-06 00:00:00-05:00,0.039493969971682814,0.039493969971682814,0.03909097865218595,0.03925217688083649,266913,0.0,0.0
1985-12-09 00:00:00-05:00,0.03925217342306226,0.04110596564562897,0.03925217342306226,0.04078356921672821,3121355,0.0,0.0
1985-12-10 00:00:00-05:00,0.04078355543905601,0.041105951759043496,0.04046115486694086,0.04062235727906227,3085398,0.0,0.0
1985-12-11 00:00:00-05:00,0.040622377952792776,0.04126717517304863,0.040219373843454344,0.04102537781000137,3797626,0.0,0.0
1985-12-12 00:00:00-05:00,0.04102537781000137,0.04175077840340281,0.040944774436855784,0.04102537781000137,626484,0.0,0.0
1985-12-13 00:00:00-05:00,0.04102537781000137,0.04126717517304863,0.040702981325938366,0.04102537781000137,974991,0.0,0.0
1985-12-16 00:00:00-05:00,0.0410253926778885,0.04158959523372936,0.04070299607698673,0.041267190128564835,2586147,0.0,0.0
1985-12-17 00:00:00-05:00,0.041267185158741566,0.041508986832429005,0.04110598262557299,0.04142838343977928,3341247,0.0,0.0
1985-12-18 00:00:00-05:00,0.0414283692782987,0.041589576008492765,0.04046117141842842,0.04046117141842842,254466,0.0,0.0
1985-12-19 00:00:00-05:00,0.04046118383319051,0.04062238636071716,0.040138787282398634,0.04029998555779457,463294,0.0,0.0
1985-12-20 00:00:00-05:00,0.04029997649510163,0.04142837267337993,0.04013877825595609,0.04094477370381355,1165841,0.0,0.0
1985-12-23 00:00:00-05:00,0.04094477370381355,0.041831372523373545,0.04078357546466801,0.04094477370381355,3692520,0.0,0.0
1985-12-24 00:00:00-05:00,0.04102539074717833,0.041186589040043006,0.04102539074717833,0.04110598564147949,2255618,0.0,0.0
1985-12-26 00:00:00-05:00,0.04110597194295909,0.04118657531466162,0.04094477370381355,0.04094477370381355,163190,0.0,0.0
1985-12-27 00:00:00-05:00,0.04094477370381355,0.04118657531466162,0.04094477370381355,0.04094477370381355,225424,0.0,0.0
1985-12-30 00:00:00-05:00,0.04094478628352162,0.04142838540166701,0.04094478628352162,0.04134779050946236,435634,0.0,0.0
1985-12-31 00:00:00-05:00,0.04134779050946236,0.04158959219460058,0.04094478628352162,0.04134779050946236,2420191,0.0,0.0
1986-01-02 00:00:00-05:00,0.041347793530921655,0.04142838842901572,0.04094478927553168,0.041267190128564835,3472629,0.0,0.0
1986-01-03 00:00:00-05:00,0.04126716364658657,0.041508965194225304,0.0411059611974512,0.04150896519422531,655526,0.0,0.0
1986-01-06 00:00:00-05:00,0.041508980820598555,0.04175078245926537,0.04118658005308622,0.041589584201574326,658292,0.0,0.0
1986-01-07 00:00:00-05:00,0.04158955942256233,0.04255675264458622,0.04158955942256233,0.04239555448293686,1445200,0.0,0.0
1986-01-08 00:00:00-05:00,0.04239557804942878,0.04312097868433585,0.042234379798173904,0.042234379798173904,2305405,0.0,0.0
1986-01-09 00:00:00-05:00,0.04223438960141741,0.04223438960141741,0.04126718711299557,0.04134779050946236,6255157,0.0,0.0
1986-01-10 00:00:00-05:00,0.04134779172097288,0.04191198999998528,0.04126718832214438,0.041670188307762146,427337,0.0,0.0
1986-01-13 00:00:00-05:00,0.04167018968645735,0.04223439223626808,0.04167018968645735,0.042073193937540054,1186585,0.0,0.0
1986-01-14 00:00:00-05:00,0.04207318154691904,0.04247617292292613,0.04199257816916152,0.042234379798173904,1331797,0.0,0.0
1986-01-15 00:00:00-05:00,0.0422343563212875,0.04247614931163382,0.0422343563212875,0.04239555448293686,146594,0.0,0.0
1986-01-16 00:00:00-05:00,0.042395578886685076,0.043201574411006846,0.042395578886685076,0.04304037615656853,4449003,0.0,0.0
1986-01-17 00:00:00-05:00,0.04304038745580953,0.043604589998722076,0.04287918915905239,0.043604589998722076,694249,0.0,0.0
1986-01-20 00:00:00-05:00,0.04336277022957802,0.04336277022957802,0.04304037373881173,0.04336277022957802,535208,0.0,0.0
1986-01-21 00:00:00-05:00,0.04336277022957802,0.04368517947673408,0.04320157198419487,0.04336277022957802,497868,0.0,0.0
1986-01-22 00:00:00-05:00,0.04336277022957802,0.043523981231350935,0.04320157198419487,0.04336277022957802,442549,0.0,0.0
1986-01-23 00:00:00-05:00,0.04336274770496074,0.04336274770496074,0.0422343563212875,0.04239555448293686,12741270,0.0,0.0
1986-01-24 00:00:00-05:00,0.042476177934496456,0.04287918211444241,0.042476177934496456,0.04255678132176399,1034459,0.0,0.0
1986-01-27 00:00:00-05:00,0.04255678132176399,0.04287918211444241,0.04255678132176399,0.04255678132176399,627867,0.0,0.0
1986-01-28 00:00:00-05:00,0.045076816076783516,0.045418308097166696,0.044735328560324326,0.044906072318553925,810418,0.2668,0.0
1986-01-29 00:00:00-05:00,0.04490606737716516,0.04490606737716516,0.04430845528127385,0.04473532363772392,1994238,0.0,0.0
1986-01-30 00:00:00-05:00,0.04473533245815512,0.045503688444983835,0.04473533245815512,0.04482069984078407,497868,0.0,0.0
1986-01-31 00:00:00-05:00,0.04482068415449251,0.046442771950931216,0.044649940441142545,0.04627202823758125,1286159,0.0,0.0
1986-02-03 00:00:00-05:00,0.04627203112291531,0.0478087336467331,0.04584516280507703,0.04729649797081947,1640198,0.0,0.0
1986-02-04 00:00:00-05:00,0.04729650940384153,0.04806486535540879,0.04729650940384153,0.04797948896884918,1019246,0.0,0.0
1986-02-05 00:00:00-05:00,0.047979478615562815,0.04815023135183602,0.047296499197932364,0.04746724292635918,970842,0.0,0.0
1986-02-06 00:00:00-05:00,0.047467271733156485,0.04780876390117707,0.046955040237014516,0.04755265265703201,814567,0.0,0.0
1986-02-07 00:00:00-05:00,0.04755261380389418,0.04772335749643439,0.04712574556469917,0.04712574556469917,843610,0.0,0.0
1986-02-10 00:00:00-05:00,0.04712575546950555,0.047808734887136,0.04712575546950555,0.04746724292635918,504783,0.0,0.0
1986-02-11 00:00:00-05:00,0.04746721913964889,0.047808710929297796,0.04738185182213783,0.04738185182213783,1070416,0.0,0.0
1986-02-12 00:00:00-05:00,0.047808745203578314,0.04815024174196839,0.047808745203578314,0.04797948896884918,568399,0.0,0.0
1986-02-13 00:00:00-05:00,0.04797947176101903,0.04883320379295503,0.04789410441292474,0.048491716384887695,1544774,0.0,0.0
1986-02-14 00:00:00-05:00,0.048491726268875546,0.048833213746547706,0.04832098253003946,0.0488332137465477,1482540,0.0,0.0
1986-02-18 00:00:00-05:00,0.04883324498519148,0.049345481033300775,0.04849175728906953,0.04917473718523979,1429987,0.0,0.0
1986-02-19 00:00:00-05:00,0.04917470535753123,0.04934544909508048,0.048150233924388885,0.048150233924388885,698398,0.0,0.0
1986-02-20 00:00:00-05:00,0.04815023101763613,0.04968693357065793,0.04797947828254808,0.049516189843416214,817333,0.0,0.0
1986-02-21 00:00:00-05:00,0.050711441675805664,0.05139442146210849,0.050711441675805664,0.051138296723365784,932119,0.0,0.0
1986-02-24 00:00:00-05:00,0.05113826675990537,0.05224812346309778,0.05079677931880461,0.051223643124103546,531059,0.0,0.0
1986-02-25 00:00:00-05:00,0.05122366936514576,0.05173590529312992,0.05088218174910652,0.05147979408502579,921056,0.0,0.0
1986-02-26 00:00:00-05:00,0.051479790430208464,0.053955593486424036,0.05130904663431083,0.052931126207113266,777227,0.0,0.0
1986-02-27 00:00:00-05:00,0.05293110232090286,0.053101846039749004,0.05207737021490332,0.05250423401594162,735738,0.0,0.0
1986-02-28 00:00:00-05:00,0.052504282877193796,0.05310189545714817,0.0505407147713692,0.051735926419496536,714994,0.0,0.0
1986-03-03 00:00:00-05:00,0.05173587174898094,0.05173587174898094,0.05096751610322321,0.05139438435435295,1293074,0.0,0.0
1986-03-04 00:00:00-05:00,0.0513943978702194,0.05165051798746807,0.05096752950683042,0.05130903050303459,1118820,0.0,0.0
1986-03-05 00:00:00-05:00,0.051309023992224714,0.051394391348576915,0.05088215568300279,0.051223643124103546,708079,0.0,0.0
1986-03-06 00:00:00-05:00,0.051223643124103546,0.051223643124103546,0.05071141196245241,0.051223643124103546,1268180,0.0,0.0
1986-03-07 00:00:00-05:00,0.051223641884983864,0.05173587753816681,0.05079677809001092,0.05105289816856384,1270946,0.0,0.0
1986-03-10 00:00:00-05:00,0.051052926010044394,0.05113829341088624,0.04951621370853361,0.04985770583152771,925205,0.0,0.0
1986-03-11 00:00:00-05:00,0.05002845288165158,0.051138296723365784,0.05002845288165158,0.051138296723365784,897545,0.0,0.0
1986-03-12 00:00:00-05:00,0.051138269420226826,0.05122364578886646,0.050711414600567974,0.05096752569079399,1958281,0.0,0.0
1986-03-13 00:00:00-05:00,0.050967521806430945,0.051309022751039636,0.050882154452143814,0.05105289816856384,869886,0.0,0.0
1986-03-14 00:00:00-05:00,0.051223690282340736,0.051735926419496536,0.051223690282340736,0.051735926419496536,1107756,0.0,0.0
1986-03-17 00:00:00-05:00,0.05173590910329709,0.05173590910329709,0.05096755290277148,0.051138296723365784,771695,0.0,0.0
1986-03-18 00:00:00-05:00,0.05113824615281096,0.05113824615281096,0.04985765975687291,0.05036989971995354,778610,0.0,0.0
1986-03-19 00:00:00-05:00,0.05036993579133752,0.050711427843303326,0.04994307185236137,0.05019919201731682,637548,0.0,0.0
1986-03-20 00:00:00-05:00,0.050199178305534206,0.050455289392684746,0.04874783410316735,0.0490039587020874,1465944,0.0,0.0
1986-03-21 00:00:00-05:00,0.04900396198930725,0.05036992541176631,0.048833213746547706,0.0488332137465477,1669241,0.0,0.0
1986-03-24 00:00:00-05:00,0.048833192435319,0.05113824991935289,0.048833192435319,0.049772296100854874,806269,0.0,0.0
1986-03-25 00:00:00-05:00,0.04977233843068586,0.04985770583152771,0.04900398227993047,0.04985770583152771,1553071,0.0,0.0
1986-03-26 00:00:00-05:00,0.05036993113822643,0.051138278050340664,0.05036993113822643,0.05071142315864563,1337329,0.0,0.0
1986-03-27 00:00:00-05:00,0.050711424351920005,0.05122365563871598,0.05028455593840851,0.05088216811418533,1182436,0.0,0.0
1986-03-31 00:00:00-05:00,0.05088215568300279,0.051394391348576915,0.05088215568300279,0.051223643124103546,980523,0.0,0.0
1986-04-01 00:00:00-05:00,0.05122362744576414,0.05182123929262161,0.05122362744576414,0.05182123929262161,1067650,0.0,0.0
1986-04-02 00:00:00-05:00,0.05165051412029499,0.05165051412029499,0.0508821583300008,0.05096752569079399,532442,0.0,0.0
1986-04-03 00:00:00-05:00,0.05096754673211062,0.0511382905320329,0.04695503140253634,0.04866248741745949,1211479,0.0,0.0
1986-04-04 00:00:00-05:00,0.048662501137130505,0.04985771708141006,0.048662501137130505,0.04917473718523979,1445200,0.0,0.0
1986-04-07 00:00:00-05:00,0.049174727151685985,0.049430847375445335,0.049174727151685985,0.0493454709649086,484038,0.0,0.0
1986-04-08 00:00:00-05:00,0.049601580172938746,0.05002843961119652,0.049601580172938746,0.05002843961119652,503400,0.0,0.0
1986-04-09 00:00:00-05:00,0.05002844039256221,0.05019919317838108,0.04934546077675827,0.04960158094763756,1684453,0.0,0.0
1986-04-10 00:00:00-05:00,0.049601566210960235,0.05002842552906454,0.049345446116174495,0.049516189843416214,1042757,0.0,0.0
1986-04-11 00:00:00-05:00,0.049516192179952914,0.04960156855152562,0.0492600810809283,0.04943082481622696,1741155,0.0,0.0
1986-04-14 00:00:00-05:00,0.04943084630769176,0.050284569859289,0.049260102498157377,0.04985770583152771,1087012,0.0,0.0
1986-04-15 00:00:00-05:00,0.04985764898507319,0.05028451252613526,0.04917467002172599,0.04926004633307457,799355,0.0,0.0
1986-04-16 00:00:00-05:00,0.04926011361319664,0.04968696872942273,0.04883324498519148,0.04917473718523979,1788176,0.0,0.0
1986-04-17 00:00:00-05:00,0.049174722101569895,0.04934546589725756,0.048491742414894255,0.048918597400188446,1353924,0.0,0.0
1986-04-18 00:00:00-05:00,0.048918592323984614,0.04968694833269799,0.04874784854601475,0.04960158094763756,731589,0.0,0.0
1986-04-21 00:00:00-05:00,0.04968694718348151,0.05045530317442347,0.04968694718348151,0.05019919201731682,768929,0.0,0.0
1986-04-22 00:00:00-05:00,0.05019915606820745,0.05036989971995354,0.04960154427925377,0.05036989971995354,1022012,0.0,0.0
1986-04-23 00:00:00-05:00,0.05036991477336414,0.05036991477336414,0.05002841835997095,0.05028453841805458,3241673,0.0,0.0
1986-04-24 00:00:00-05:00,0.05028455585093467,0.050455299612902973,0.04994306832699807,0.05011381208896637,542123,0.0,0.0
1986-04-25 00:00:00-05:00,0.05011381208896637,0.050455299612902973,0.04994306832699807,0.05011381208896637,367869,0.0,0.0
1986-04-28 00:00:00-04:00,0.05011381600277251,0.050455303553378725,0.05002843961119652,0.05002843961119652,394145,0.0,0.0
1986-04-29 00:00:00-04:00,0.05268214192457432,0.05268214192457432,0.05160333306074873,0.05196293443441391,706696,0.2668,0.0
1986-04-30 00:00:00-04:00,0.05142353742353236,0.05142353742353236,0.05106393598138924,0.051333632320165634,1153394,0.0,0.0
1986-05-01 00:00:00-04:00,0.05133362254483975,0.05196293443441391,0.05070432014092568,0.05196293443441391,1620837,0.0,0.0
1986-05-02 00:00:00-04:00,0.05196294119846328,0.05214274190870064,0.05106393290444579,0.05124373361468315,698398,0.0,0.0
1986-05-05 00:00:00-04:00,0.0512437367024608,0.051962944329577994,0.05106393598138924,0.051333632320165634,477123,0.0,0.0
1986-05-06 00:00:00-04:00,0.05133362922697118,0.051513429937208546,0.05124373361468315,0.05124373361468315,4244324,0.0,0.0
1986-05-07 00:00:00-04:00,0.051243718233535684,0.05151341447510993,0.05088411692099771,0.05106391757726669,1246053,0.0,0.0
1986-05-08 00:00:00-04:00,0.05106392250462881,0.053671051243418345,0.05034470558166504,0.05034470558166504,1197649,0.0,0.0
1986-05-09 00:00:00-04:00,0.05034470558166504,0.05034470558166504,0.049445697470741984,0.05034470558166504,1557220,0.0,0.0
1986-05-12 00:00:00-04:00,0.05034471472258056,0.05052451542884502,0.04899619519710541,0.04899619519710541,1270946,0.0,0.0
1986-05-13 00:00:00-04:00,0.048996205193049876,0.04944571653607905,0.04818709236412779,0.04845680296421051,3244439,0.0,0.0
1986-05-14 00:00:00-04:00,0.048456784278871935,0.04872649003212236,0.04818707378279182,0.04836687445640564,2731359,0.0,0.0
1986-05-15 00:00:00-04:00,0.04836688959311351,0.04854670455149058,0.04791739251123585,0.048097193241119385,2279129,0.0,0.0
1986-05-16 00:00:00-04:00,0.04809719219086608,0.048187087811013704,0.04791739146490868,0.048007287085056305,1340095,0.0,0.0
1986-05-19 00:00:00-04:00,0.04800728813334644,0.04818708886322998,0.04800728813334644,0.048097193241119385,785525,0.0,0.0
1986-05-20 00:00:00-04:00,0.04809716189702738,0.04899616970340834,0.04800725684784401,0.048906274139881134,1091161,0.0,0.0
1986-05-21 00:00:00-04:00,0.04890631824559511,0.04989523199300221,0.04881641311533162,0.04953562095761299,797972,0.0,0.0
1986-05-22 00:00:00-04:00,0.04953561381703584,0.051153839528857714,0.04953561381703584,0.050704337656497955,1756367,0.0,0.0
1986-05-23 00:00:00-04:00,0.050794215932710295,0.05169322402914386,0.050794215932710295,0.05160332843661308,1199032,0.0,0.0
1986-05-27 00:00:00-04:00,0.05160332890053114,0.051873034651866615,0.05142352348536427,0.05178312957286835,976374,0.0,0.0
1986-05-28 00:00:00-04:00,0.051783118409174836,0.051962919042749627,0.05124371176562184,0.051423512399196625,1165841,0.0,0.0
1986-05-29 00:00:00-04:00,0.05142351888980467,0.051603324288902894,0.050704311521899484,0.05106391757726669,1348392,0.0,0.0
1986-05-30 00:00:00-04:00,0.05106391757726669,0.051603324288902894,0.05034470072370304,0.05106391757726669,1161692,0.0,0.0
1986-06-02 00:00:00-04:00,0.05097403441669871,0.05097403441669871,0.05061442820676037,0.05088413879275322,1572433,0.0,0.0
1986-06-03 00:00:00-04:00,0.05088411692099771,0.05106391757726669,0.050704311521899484,0.05106391757726669,625101,0.0,0.0
1986-06-04 00:00:00-04:00,0.05106391113204705,0.05160331777560005,0.05106391113204705,0.051423512399196625,1673389,0.0,0.0
1986-06-05 00:00:00-04:00,0.05142351888980467,0.05142351888980467,0.050075004482128795,0.05106391757726669,484038,0.0,0.0
1986-06-06 00:00:00-04:00,0.05106393598138924,0.051603342887434865,0.050884135260317674,0.051333632320165634,561484,0.0,0.0
1986-06-09 00:00:00-04:00,0.05133361877222713,0.05142352385186616,0.05034470558166504,0.05034470558166504,2185087,0.0,0.0
1986-06-10 00:00:00-04:00,0.050344696093661996,0.05043460115635744,0.048726480850404735,0.04917597770690918,970842,0.0,0.0
1986-06-11 00:00:00-04:00,0.04917597770690917,0.04944568815216672,0.049086082129871325,0.04917597770690918,1561369,0.0,0.0
1986-06-12 00:00:00-04:00,0.04917598089950963,0.0494456913622773,0.04899618024810332,0.04935578629374504,847758,0.0,0.0
1986-06-13 00:00:00-04:00,0.0494456892171671,0.04989519556901097,0.0494456892171671,0.04962548986077309,948715,0.0,0.0
1986-06-16 00:00:00-04:00,0.04962550058284238,0.04980530126529604,0.04890629311019781,0.04944569990038872,514464,0.0,0.0
1986-06-17 00:00:00-04:00,0.04944569846626464,0.04953559406205421,0.048816386610269547,0.048816386610269547,648611,0.0,0.0
1986-06-18 00:00:00-04:00,0.04881640445010342,0.048996205193049876,0.04845680296421052,0.04845680296421051,583612,0.0,0.0
1986-06-19 00:00:00-04:00,0.048456784278871935,0.04881638562609958,0.04836687445640564,0.04836687445640564,1193500,0.0,0.0
1986-06-20 00:00:00-04:00,0.04836685015799121,0.04872646555304527,0.04836685015799121,0.04872646555304527,1237755,0.0,0.0
1986-06-23 00:00:00-04:00,0.048726473527170557,0.04944568072084094,0.048546672914459986,0.048906274139881134,1396796,0.0,0.0
1986-06-24 00:00:00-04:00,0.048906291691718694,0.048996187287508264,0.04854669033724126,0.048816386610269547,1233606,0.0,0.0
1986-06-25 00:00:00-04:00,0.048816386610269547,0.04917598796474699,0.04854669033724126,0.048816386610269547,1178287,0.0,0.0
1986-06-26 00:00:00-04:00,0.048816371193308006,0.048816371193308006,0.04836686015651414,0.04863657057285309,1248819,0.0,0.0
1986-06-27 00:00:00-04:00,0.048726473527170557,0.049265880108130364,0.048726473527170557,0.048906274139881134,614037,0.0,0.0
1986-06-30 00:00:00-04:00,0.048906267238218726,0.04935576870656142,0.04872646665088165,0.0490860678255558,880950,0.0,0.0
1986-07-01 00:00:00-04:00,0.04908608531663558,0.0496254920136836,0.04908608531663558,0.04935578629374504,2339979,0.0,0.0
1986-07-02 00:00:00-04:00,0.049265880108130364,0.049265880108130364,0.048906274139881134,0.048906274139881134,1005417,0.0,0.0
1986-07-03 00:00:00-04:00,0.04890629958680373,0.049445706448427676,0.04890629958680373,0.04899619519710541,999885,0.0,0.0
1986-07-07 00:00:00-04:00,0.04899617706717588,0.04935578308947127,0.04890628149013803,0.04917597770690918,926588,0.0,0.0
1986-07-08 00:00:00-04:00,0.04872649709828597,0.04872649709828597,0.047827479371355064,0.04818708077073097,1131267,0.0,0.0
1986-07-09 00:00:00-04:00,0.048187057460554586,0.048906274139881134,0.04800725684784401,0.048906274139881134,414890,0.0,0.0
1986-07-10 00:00:00-04:00,0.048726505281374115,0.048726505281374115,0.046568872808615804,0.048097193241119385,1485306,0.0,0.0
1986-07-11 00:00:00-04:00,0.048097184285659025,0.048097184285659025,0.04764767780181492,0.047827478498220444,889247,0.0,0.0
1986-07-14 00:00:00-04:00,0.047737571792099955,0.047737571792099955,0.04737795625442191,0.04746786132454872,464677,0.0,0.0
1986-07-15 00:00:00-04:00,0.04728805764840776,0.04746785829151434,0.046029438918174986,0.04629914462566376,3290077,0.0,0.0
1986-07-16 00:00:00-04:00,0.04629914560435967,0.04737795422863251,0.04629914560435967,0.046658746898174286,868503,0.0,0.0
1986-07-17 00:00:00-04:00,0.04647896179169428,0.04737797006964683,0.04647896179169428,0.047377970069646835,742653,0.0,0.0
1986-07-18 00:00:00-04:00,0.047018353541046,0.047467859906938935,0.04656885191798211,0.0465688519179821,2540509,0.0,0.0
1986-07-21 00:00:00-04:00,0.04638906195759773,0.04638906195759773,0.04611935617878548,0.04638906195759773,1678921,0.0,0.0
1986-07-22 00:00:00-04:00,0.046568862648252475,0.046568862648252475,0.046209251781282705,0.04638906195759773,547655,0.0,0.0
1986-07-23 00:00:00-04:00,0.04638905677483096,0.04647895236728471,0.04575974494218826,0.04575974494218826,1351158,0.0,0.0
1986-07-24 00:00:00-04:00,0.04531023015758281,0.04557993585646832,0.04531023015758281,0.04540013521909714,1745304,0.0,0.0
1986-07-25 00:00:00-04:00,0.045579944186467096,0.046299151610219885,0.0454900391085221,0.04611935093998909,1146479,0.0,0.0
1986-07-28 00:00:00-04:00,0.04611935359233179,0.046389059356018475,0.045939548168930706,0.04602944850921631,927970,0.0,0.0
1986-07-29 00:00:00-04:00,0.04855930060148239,0.04875010137673643,0.04846389518086209,0.04855930060148239,1517114,0.2668,0.0
1986-07-30 00:00:00-04:00,0.04846391081809997,0.04865471165491731,0.04808230914446529,0.048463910818099976,2705082,0.0,0.0
1986-07-31 00:00:00-04:00,0.04827309440560804,0.04865469595611613,0.04827309440560804,0.04855930060148239,3453267,0.0,0.0
1986-08-01 00:00:00-04:00,0.0486547102017649,0.049322523176670074,0.04846390937064614,0.049322523176670074,991587,0.0,0.0
1986-08-04 00:00:00-04:00,0.04913169539667208,0.050181109458208084,0.04903629000044809,0.050181109458208084,1518497,0.0,0.0
1986-08-05 00:00:00-04:00,0.04999033374277923,0.05094434288539864,0.049799532920854254,0.050467345863580704,460528,0.0,0.0
1986-08-06 00:00:00-04:00,0.050371942767076,0.050371942767076,0.049799540217433214,0.04999034106731415,2692636,0.0,0.0
1986-08-07 00:00:00-04:00,0.04999033374277923,0.05094434288539864,0.049799532920854254,0.050467345863580704,926588,0.0,0.0
1986-08-08 00:00:00-04:00,0.05046732839973604,0.050848929911535626,0.05046732839973604,0.050658129155635834,363720,0.0,0.0
1986-08-11 00:00:00-04:00,0.05075353441835861,0.05170755348326107,0.05075353441835861,0.05151675269007683,517229,0.0,0.0
1986-08-12 00:00:00-04:00,0.051707535352878545,0.05218453213559445,0.051325918801336266,0.051993731409311295,1125735,0.0,0.0
1986-08-13 00:00:00-04:00,0.05170756575131909,0.05456960349309418,0.05170756575131909,0.05371098965406418,1890515,0.0,0.0
1986-08-14 00:00:00-04:00,0.05371096206928088,0.05371096206928088,0.052470747190291586,0.053043149411678314,2200300,0.0,0.0
1986-08-15 00:00:00-04:00,0.05294777651330621,0.05371098483158944,0.05275697569198402,0.05352018401026726,576697,0.0,0.0
1986-08-18 00:00:00-04:00,0.05380640603512814,0.05428340822814742,0.053520199686320595,0.053901806473731995,854673,0.0,0.0
1986-08-19 00:00:00-04:00,0.05371096844371765,0.05390177423981716,0.05285235494375229,0.05285235494375229,1026161,0.0,0.0
1986-08-20 00:00:00-04:00,0.0528523800027771,0.053329392202696314,0.05275698460898674,0.05313859134912491,833929,0.0,0.0
1986-08-21 00:00:00-04:00,0.05275699759164796,0.05275699759164796,0.0513259656727314,0.0513259656727314,1099458,0.0,0.0
1986-08-22 00:00:00-04:00,0.051230541434312965,0.05170755348326107,0.05084893984794448,0.05151675269007683,926588,0.0,0.0
1986-08-25 00:00:00-04:00,0.051707573446594324,0.05237537648056551,0.051135155747060505,0.0521845705807209,405209,0.0,0.0
1986-08-26 00:00:00-04:00,0.05237537283585324,0.05380639936962017,0.05237537283585324,0.05313859134912491,1205947,0.0,0.0
1986-08-27 00:00:00-04:00,0.05294777869148575,0.05294777869148575,0.05189836406505365,0.05256616696715355,645845,0.0,0.0
1986-08-28 00:00:00-04:00,0.05275695333397731,0.053043149411678314,0.05227994644982935,0.053043149411678314,1004034,0.0,0.0
1986-08-29 00:00:00-04:00,0.053233944908832015,0.0541879635259562,0.05313854959000841,0.0538063570857048,344359,0.0,0.0
1986-09-02 00:00:00-04:00,0.05380638888664859,0.05437879636883736,0.05313858099626075,0.05437879636883736,1084246,0.0,0.0
1986-09-03 00:00:00-04:00,0.054378784786547944,0.054378784786547944,0.053806377426277814,0.05409257858991623,643079,0.0,0.0
1986-09-04 00:00:00-04:00,0.05409261045295297,0.05447421222925186,0.053615598166586835,0.05447421222925186,460528,0.0,0.0
1986-09-05 00:00:00-04:00,0.0543787642295862,0.0545695649332162,0.05361554631609202,0.0538063570857048,766163,0.0,0.0
1986-09-08 00:00:00-04:00,0.053615565195377836,0.05409257718840262,0.053233963653747066,0.053424764424562454,1792325,0.0,0.0
1986-09-09 00:00:00-04:00,0.053615539972114455,0.055141965552508033,0.053615539972114455,0.05495116487145424,927970,0.0,0.0
1986-09-10 00:00:00-04:00,0.05514200557018458,0.05514200557018458,0.0542833918163474,0.0547604039311409,662441,0.0,0.0
1986-09-11 00:00:00-04:00,0.05437881661140719,0.05456961749883115,0.051325962148653925,0.052089180797338486,1938919,0.0,0.0
1986-09-12 00:00:00-04:00,0.051516762564255004,0.05180295877589262,0.049799534964482126,0.050371937453746796,2161577,0.0,0.0
1986-09-15 00:00:00-04:00,0.05037191613332288,0.05094432341330509,0.04951330269685328,0.05075352266430855,817333,0.0,0.0
1986-09-16 00:00:00-04:00,0.050467347934613674,0.051039750423878344,0.0501811366239919,0.050371937453746796,832546,0.0,0.0
1986-09-17 00:00:00-04:00,0.05037189887252659,0.05161211841499933,0.050276493497728024,0.05094430595636368,1349775,0.0,0.0
1986-09-18 00:00:00-04:00,0.05094430595636368,0.051325907323594495,0.05065810996393143,0.05094430595636368,777227,0.0,0.0
1986-09-19 00:00:00-04:00,0.05094431749601118,0.051421329379081726,0.05075351676917656,0.051421329379081726,867120,0.0,0.0
1986-09-22 00:00:00-04:00,0.05151675693046007,0.05247076600790024,0.05151675693046007,0.05247076600790024,488187,0.0,0.0
1986-09-23 00:00:00-04:00,0.05323396150295833,0.05342476226606488,0.05275695959519197,0.05285235494375229,861588,0.0,0.0
1986-09-24 00:00:00-04:00,0.052661567573798806,0.05342477585332089,0.051898359294276726,0.05237536132335663,365103,0.0,0.0
1986-09-25 00:00:00-04:00,0.05227994815227235,0.05227994815227235,0.05189834162592888,0.05189834162592888,755100,0.0,0.0
1986-09-26 00:00:00-04:00,0.05208914896286843,0.05371097061377869,0.05208914896286843,0.053424764424562454,699781,0.0,0.0
1986-09-29 00:00:00-04:00,0.053233974276451206,0.053233974276451206,0.052089159357127664,0.05247076600790024,756483,0.0,0.0
1986-09-30 00:00:00-04:00,0.05227998671775868,0.0526615884926066,0.05170757902249056,0.052089180797338486,896162,0.0,0.0
1986-10-01 00:00:00-04:00,0.05151675000336475,0.05275696516036987,0.05151675000336475,0.05275696516036987,600207,0.0,0.0
1986-10-02 00:00:00-04:00,0.0519937586932841,0.05285237247810396,0.0519937586932841,0.05266157165169716,583612,0.0,0.0
1986-10-03 00:00:00-04:00,0.052470766762166846,0.05285236838543077,0.05237536132335663,0.05237536132335663,356805,0.0,0.0
1986-10-06 00:00:00-04:00,0.052375341787068104,0.053043149411678314,0.052375341787068104,0.053043149411678314,222658,0.0,0.0
1986-10-07 00:00:00-04:00,0.053043139172210624,0.0538063570857048,0.053043139172210624,0.0538063570857048,691483,0.0,0.0
1986-10-08 00:00:00-04:00,0.05361554631609202,0.053997162822326195,0.05352015099726841,0.0538063570857048,607122,0.0,0.0
1986-10-09 00:00:00-04:00,0.053424764424562454,0.05380637603217955,0.053424764424562454,0.053424764424562454,616803,0.0,0.0
1986-10-10 00:00:00-04:00,0.05342475592559516,0.0536155566660574,0.053043149411678314,0.053043149411678314,524144,0.0,0.0
1986-10-13 00:00:00-04:00,0.05304317155411209,0.053233977407217026,0.052852370734001626,0.053233977407217026,272444,0.0,0.0
1986-10-14 00:00:00-04:00,0.05294778126725581,0.05371098965406418,0.05294778126725581,0.05371098965406418,690100,0.0,0.0
1986-10-15 00:00:00-04:00,0.05352015099726841,0.054092558141149806,0.05352015099726841,0.0538063570857048,691483,0.0,0.0
1986-10-16 00:00:00-04:00,0.053997195620059085,0.05495120475066274,0.0538063897675428,0.0547604039311409,1067650,0.0,0.0
1986-10-17 00:00:00-04:00,0.05456961770632285,0.05485581903854702,0.053997215041874505,0.05447421222925186,1550305,0.0,0.0
1986-10-20 00:00:00-04:00,0.05428339232855049,0.05428339232855049,0.053424778566611666,0.05352018401026726,745419,0.0,0.0
1986-10-21 00:00:00-04:00,0.053710993909839126,0.053710993909839126,0.05304318085634851,0.05313859134912491,356805,0.0,0.0
1986-10-22 00:00:00-04:00,0.05294775407443955,0.053043149411678314,0.052375341787068104,0.053043149411678314,2492106,0.0,0.0
1986-10-23 00:00:00-04:00,0.053806363301691695,0.055714385657390404,0.053806363301691695,0.05542818456888199,2269448,0.0,0.0
1986-10-24 00:00:00-04:00,0.05542821183246179,0.05542821183246179,0.0547604039311409,0.0547604039311409,898928,0.0,0.0
1986-10-27 00:00:00-05:00,0.054760420660355504,0.05504662701006826,0.054569614749548336,0.054855816066265106,503400,0.0,0.0
1986-10-28 00:00:00-05:00,0.05852818489074707,0.05872931591907215,0.057723681998836665,0.05852818489074707,2472744,0.2668,0.0
1986-10-29 00:00:00-05:00,0.05852817564605615,0.05872930664261202,0.05832704995484692,0.05862874910235405,554570,0.0,0.0
1986-10-30 00:00:00-05:00,0.058930426428062864,0.05933268838086161,0.05852816978061023,0.05913156270980835,905843,0.0,0.0
1986-10-31 00:00:00-05:00,0.05933268664152572,0.05953381761202894,0.059131560976368444,0.05943324416875839,969459,0.0,0.0
1986-11-03 00:00:00-05:00,0.059936079126546055,0.06013720482587814,0.05913157102387082,0.06013720482587814,1493604,0.0,0.0
1986-11-04 00:00:00-05:00,0.06013719092018935,0.060740573184010736,0.05983549713560584,0.060438890010118484,1308286,0.0,0.0
1986-11-05 00:00:00-05:00,0.06013720482587814,0.06064002968490209,0.05973495342721396,0.06013720482587814,1225308,0.0,0.0
1986-11-06 00:00:00-05:00,0.06013720911759021,0.06154511033477763,0.05973495769021921,0.061243411153554916,1305520,0.0,0.0
1986-11-07 00:00:00-05:00,0.061947377087636715,0.06214850285107978,0.06094173235437578,0.06114285811781883,1109139,0.0,0.0
1986-11-10 00:00:00-05:00,0.06094171851873397,0.061142844236515316,0.06074059280095263,0.06094171851873398,384465,0.0,0.0
1986-11-11 00:00:00-05:00,0.06053948029875756,0.060640048484949305,0.06023778104553081,0.06053948029875755,461911,0.0,0.0
1986-11-12 00:00:00-05:00,0.060740619972267526,0.06104231398924473,0.06003666903443729,0.06033836305141449,1810303,0.0,0.0
1986-11-13 00:00:00-05:00,0.0603383655643398,0.060438939083103674,0.05973498811595583,0.05983554571866989,1205947,0.0,0.0
1986-11-14 00:00:00-05:00,0.059533819357260986,0.059533819357260986,0.05913156270980835,0.05913156270980835,748185,0.0,0.0
1986-11-17 00:00:00-05:00,0.05872930944923138,0.05903100330580954,0.058327052742242806,0.05832705274224281,1366371,0.0,0.0
1986-11-18 00:00:00-05:00,0.05852817477643225,0.05852817477643225,0.05712028965353966,0.05712028965353966,1087012,0.0,0.0
1986-11-19 00:00:00-05:00,0.05732145521448684,0.05792483800420823,0.05651693598594122,0.05772371217608452,2185087,0.0,0.0
1986-11-20 00:00:00-05:00,0.057723699797513225,0.05953385308384895,0.057723699797513225,0.05953385308384895,1045523,0.0,0.0
1986-11-21 00:00:00-05:00,0.05953386221423496,0.061444573380753625,0.05933273109304621,0.06134400516748428,1651262,0.0,0.0
1986-11-24 00:00:00-05:00,0.061142844236515316,0.06154511158812004,0.06053946708317128,0.06094171851873398,800738,0.0,0.0
1986-11-25 00:00:00-05:00,0.061243417404935364,0.06224905668670727,0.06084116593650483,0.06194736808538437,1276478,0.0,0.0
1986-11-26 00:00:00-05:00,0.061545116616953825,0.062349624859162685,0.061545116616953825,0.06194736808538437,716377,0.0,0.0
1986-11-28 00:00:00-05:00,0.06194736705244641,0.06234962381951732,0.06184679888166792,0.06214849278330803,543506,0.0,0.0
1986-12-01 00:00:00-05:00,0.062349635553471255,0.06375752123980873,0.06114285971980042,0.06355639547109604,1118820,0.0,0.0
1986-12-02 00:00:00-05:00,0.0632547121233757,0.06385808942951375,0.062349635553471255,0.06355639547109604,1342860,0.0,0.0
1986-12-03 00:00:00-05:00,0.06335527234013717,0.06426034894772387,0.06325471475694286,0.06375752389431,1754984,0.0,0.0
1986-12-04 00:00:00-05:00,0.06355638351003468,0.06355638351003468,0.06194736705244641,0.06214849278330803,4323153,0.0,0.0
1986-12-05 00:00:00-05:00,0.06194739322570063,0.06224908194945887,0.06094174823045669,0.06134400516748428,7022704,0.0,0.0
1986-12-08 00:00:00-05:00,0.06074060103042465,0.06154511992659272,0.06013721848998367,0.06084116920828819,1008183,0.0,0.0
1986-12-09 00:00:00-05:00,0.060740619972267526,0.06124343979699639,0.060137237243662836,0.06033836305141449,1107756,0.0,0.0
1986-12-10 00:00:00-05:00,0.05993610524633452,0.06194738433754601,0.05993610524633452,0.061645690351724625,3740924,0.0,0.0
1986-12-11 00:00:00-05:00,0.061545133747970805,0.061545133747970805,0.05993610620498657,0.05993610620498657,731589,0.0,0.0
1986-12-12 00:00:00-05:00,0.06114285811781883,0.06114285811781883,0.06084117477800279,0.06114285811781883,1381583,0.0,0.0
1986-12-15 00:00:00-05:00,0.060941710853462144,0.06104227900505066,0.060740585160978466,0.06104227900505066,958396,0.0,0.0
1986-12-16 00:00:00-05:00,0.06084115972618392,0.061343974010397664,0.06084115972618392,0.061243411153554916,1824133,0.0,0.0
1986-12-17 00:00:00-05:00,0.06114286625152624,0.06124343445197469,0.05983553800453812,0.05993610620498657,2265299,0.0,0.0
1986-12-18 00:00:00-05:00,0.06003665551543236,0.06033834946447436,0.059936097939549716,0.06003665551543236,1663709,0.0,0.0
1986-12-19 00:00:00-05:00,0.06023777828496939,0.06265131384134293,0.06013722071408297,0.06265131384134293,2031578,0.0,0.0
1986-12-22 00:00:00-05:00,0.06184680759906769,0.06265131594125847,0.0610422992568769,0.06184680759906769,788291,0.0,0.0
1986-12-23 00:00:00-05:00,0.061444543423882024,0.06184679485944471,0.06094171851873397,0.06094171851873398,1323499,0.0,0.0
1986-12-24 00:00:00-05:00,0.06074059382081031,0.06104228770789523,0.060539468099651994,0.06074059382081032,561484,0.0,0.0
1986-12-26 00:00:00-05:00,0.0608411742466358,0.0608411742466358,0.06043892272326281,0.06053948029875755,244785,0.0,0.0
1986-12-29 00:00:00-05:00,0.06033833052521024,0.06064002968490209,0.06013720482587814,0.06013720482587814,634782,0.0,0.0
1986-12-30 00:00:00-05:00,0.05993607069936751,0.060036628229548035,0.05913156270980835,0.05913156270980835,727440,0.0,0.0
1986-12-31 00:00:00-05:00,0.05913157659062676,0.05973495905077344,0.05872931454339917,0.059332702308893204,555953,0.0,0.0
1987-01-02 00:00:00-05:00,0.05913156659808222,0.06023775786161423,0.05913156659808222,0.06023775786161423,384465,0.0,0.0
1987-01-05 00:00:00-05:00,0.060941717277679434,0.06174623604846313,0.06074059156399394,0.061243411153554916,832546,0.0,0.0
1987-01-06 00:00:00-05:00,0.06214850719793921,0.06234963828079855,0.06124343058844448,0.061545129865407944,807652,0.0,0.0
1987-01-07 00:00:00-05:00,0.061545116616953825,0.062349624859162685,0.061545116616953825,0.06194736808538437,266913,0.0,0.0
1987-01-08 00:00:00-05:00,0.06214849278330802,0.06234962381951732,0.06194736705244641,0.06214849278330803,757866,0.0,0.0
1987-01-09 00:00:00-05:00,0.062047888646799755,0.06315409544137478,0.062047888646799755,0.0623495876789093,1425838,0.0,0.0
1987-01-12 00:00:00-05:00,0.06255069475290222,0.06275182030756797,0.06214843833822765,0.06224900111556053,311167,0.0,0.0
1987-01-13 00:00:00-05:00,0.06194736290086296,0.06194736290086296,0.06134397513802055,0.061444543302059174,1026161,0.0,0.0
1987-01-14 00:00:00-05:00,0.06094173235437578,0.061343989186610444,0.060740606590932715,0.06114285811781883,1446583,0.0,0.0
1987-01-15 00:00:00-05:00,0.06134394633315838,0.062047891318798065,0.06124338352168769,0.062047891318798065,3277631,0.0,0.0
1987-01-16 00:00:00-05:00,0.06214848169376924,0.06305356323719025,0.061947355998795736,0.06305356323719025,1840728,0.0,0.0
1987-01-19 00:00:00-05:00,0.06285242560531376,0.06395863272699241,0.062450163647115906,0.06365693360567093,539357,0.0,0.0
1987-01-20 00:00:00-05:00,0.06375750690010314,0.06536653390931295,0.06375750690010314,0.06506484001874924,1724559,0.0,0.0
1987-01-21 00:00:00-05:00,0.06456201943379618,0.06516540185091958,0.06275186687707901,0.06275186687707901,3786562,0.0,0.0
1987-01-22 00:00:00-05:00,0.06305359361923984,0.06476317346096039,0.06285246252200562,0.06476317346096039,2241789,0.0,0.0
1987-01-23 00:00:00-05:00,0.06536651402711868,0.06747834939732868,0.06496426270251443,0.06536651402711868,6367178,0.0,0.0
1987-01-26 00:00:00-05:00,0.06556765963279043,0.06556765963279043,0.06355638117662565,0.06506484001874924,1053820,0.0,0.0
1987-01-27 00:00:00-05:00,0.06506483817383589,0.0671766847372055,0.06506483817383589,0.0671766847372055,3474012,0.0,0.0
1987-01-28 00:00:00-05:00,0.06818230531079121,0.06828287345537805,0.06596990162611434,0.06637216359376907,1252968,0.0,0.0
1987-01-29 00:00:00-05:00,0.06617103153523876,0.06657329352861209,0.0635563710210852,0.06496427208185196,1604241,0.0,0.0
1987-01-30 00:00:00-05:00,0.06516540239050102,0.06516540239050102,0.06315412411320462,0.06436089426279068,695632,0.0,0.0
1987-02-02 00:00:00-05:00,0.06415979136452955,0.06415979136452955,0.062751889703529,0.06375752389431,3023165,0.0,0.0
1987-02-03 00:00:00-05:00,0.0669764056801796,0.06771473178515254,0.06676545854414122,0.0669764056801796,2117322,0.2668,0.0
1987-02-04 00:00:00-05:00,0.06718734147839917,0.06760923564434052,0.06655449466506923,0.06760923564434052,1158926,0.0,0.0
1987-02-05 00:00:00-05:00,0.06824210147650568,0.0691913747432687,0.06792568076386432,0.06866400688886642,3381353,0.0,0.0
1987-02-06 00:00:00-05:00,0.0688749348354183,0.06908588748280689,0.06760923564434052,0.06760923564434052,1566901,0.0,0.0
1987-02-09 00:00:00-05:00,0.06782017647519151,0.06982420140075798,0.06782017647519151,0.06908588111400604,677654,0.0,0.0
1987-02-10 00:00:00-05:00,0.06961327179579153,0.07003517159306698,0.06908589844030191,0.06919136643409729,1429987,0.0,0.0
1987-02-11 00:00:00-05:00,0.06940232820040847,0.06992970723163938,0.06919138103945208,0.0698242336511612,1127118,0.0,0.0
1987-02-12 00:00:00-05:00,0.0698242336511612,0.07045708069845033,0.06971875450626303,0.0698242336511612,894779,0.0,0.0
1987-02-13 00:00:00-05:00,0.0696132462586226,0.0700351459011269,0.0696132462586226,0.06992966681718826,1254351,0.0,0.0
1987-02-17 00:00:00-05:00,0.07003518831237651,0.07108992971073248,0.0699297091645628,0.07087898254394531,1064884,0.0,0.0
1987-02-18 00:00:00-05:00,0.07172274589538574,0.07235560386563011,0.07087895752606588,0.07172274589538574,1373286,0.0,0.0
1987-02-19 00:00:00-05:00,0.07161726802715546,0.07161726802715546,0.0706679951138777,0.07130084186792374,584995,0.0,0.0
1987-02-20 00:00:00-05:00,0.07108989480471418,0.07161726802715546,0.07077346308106508,0.07130084186792374,651377,0.0,0.0
1987-02-23 00:00:00-05:00,0.07087895590416542,0.07108990299166834,0.06919135694646983,0.07045705616474152,521378,0.0,0.0
1987-02-24 00:00:00-05:00,0.07066800688735364,0.07087895955012585,0.07024611269064586,0.07077347487211227,394145,0.0,0.0
1987-02-25 00:00:00-05:00,0.07077349783171148,0.07108992971073248,0.07024613547916368,0.07087898254394531,636165,0.0,0.0
1987-02-26 00:00:00-05:00,0.07087895158311663,0.07087895158311663,0.06940229980294627,0.06971872597932816,871269,0.0,0.0
1987-02-27 00:00:00-05:00,0.06992967112976267,0.06992967112976267,0.0694022923707962,0.0694022923707962,604356,0.0,0.0
1987-03-02 00:00:00-05:00,0.06919134897815866,0.07130084186792374,0.06898039635053173,0.07130084186792374,1558603,0.0,0.0
1987-03-03 00:00:00-05:00,0.0715117971666742,0.0715117971666742,0.07045705616474152,0.07045705616474152,1192117,0.0,0.0
1987-03-04 00:00:00-05:00,0.07024609734872984,0.0713008381745597,0.07024609734872984,0.07098442316055298,1182436,0.0,0.0
1987-03-05 00:00:00-05:00,0.07098446169175901,0.07108992971073248,0.07056255066492431,0.07087898254394531,915524,0.0,0.0
1987-03-06 00:00:00-05:00,0.07087893962171875,0.07098441870565739,0.06992966681718826,0.06992966681718826,1158926,0.0,0.0
1987-03-09 00:00:00-05:00,0.06950775364609332,0.07108987282423727,0.06950775364609332,0.07014060020446777,1698283,0.0,0.0
1987-03-10 00:00:00-05:00,0.07035159709657068,0.07035159709657068,0.0700351819396019,0.0700351819396019,1306903,0.0,0.0
1987-03-11 00:00:00-05:00,0.07024612908719417,0.07045707623478643,0.0700351819396019,0.0700351819396019,526910,0.0,0.0
1987-03-12 00:00:00-05:00,0.0702461187094953,0.0702461187094953,0.06919136643409729,0.06919136643409729,1898813,0.0,0.0
1987-03-13 00:00:00-05:00,0.06898041814565659,0.06919137083993636,0.0686640030152848,0.06898041814565659,464677,0.0,0.0
1987-03-16 00:00:00-05:00,0.06898042547989977,0.06898042547989977,0.06792568415403366,0.06792568415403366,1081480,0.0,0.0
1987-03-17 00:00:00-05:00,0.0681366051091192,0.06898039332494758,0.06771470543678786,0.06855849921703339,2684338,0.0,0.0
1987-03-18 00:00:00-05:00,0.06876945129887224,0.06876945129887224,0.06771471038755525,0.06813661009073257,1660943,0.0,0.0
1987-03-19 00:00:00-05:00,0.06750377005952407,0.06813661689528133,0.06750377005952407,0.06803113222122192,731589,0.0,0.0
1987-03-20 00:00:00-05:00,0.0682420848760864,0.0682420848760864,0.06750377005952407,0.06803113222122192,2472744,0.0,0.0
1987-03-23 00:00:00-05:00,0.06824210147650568,0.06887495403062734,0.06824210147650568,0.06866400688886642,2160194,0.0,0.0
1987-03-24 00:00:00-05:00,0.06887495415065585,0.06908590685720385,0.06813663358878655,0.06834758073091507,705313,0.0,0.0
1987-03-25 00:00:00-05:00,0.06834755716011247,0.06834755716011247,0.06771471038755525,0.06813661009073257,925205,0.0,0.0
1987-03-26 00:00:00-05:00,0.06803112981028187,0.06855850864654438,0.06760923564434052,0.06760923564434052,1203181,0.0,0.0
1987-03-27 00:00:00-05:00,0.06782018272731119,0.06792566183321444,0.06760923564434052,0.06760923564434052,2353809,0.0,0.0
1987-03-30 00:00:00-05:00,0.06665998697280884,0.06676546611721162,0.06602713992849184,0.06665998697280884,1618071,0.0,0.0
1987-03-31 00:00:00-05:00,0.0664490402733091,0.06739831362857265,0.06634357225701534,0.06708189845085144,1865622,0.0,0.0
1987-04-01 00:00:00-05:00,0.06644904833777279,0.06739832180824314,0.06634358030867911,0.06687094271183014,1685836,0.0,0.0
1987-04-02 00:00:00-05:00,0.06665994725369596,0.06718732596821317,0.06644900021942239,0.0665544793009758,1438285,0.0,0.0
1987-04-03 00:00:00-05:00,0.06676544882249119,0.06676544882249119,0.06592165483678236,0.06623807549476624,1337329,0.0,0.0
1987-04-06 00:00:00-04:00,0.0664489972432573,0.06739826998380496,0.0664489972432573,0.06729280203580856,1268180,0.0,0.0
1987-04-07 00:00:00-04:00,0.067503768867119,0.06876945695185795,0.067503768867119,0.06782018393278122,818716,0.0,0.0
1987-04-08 00:00:00-04:00,0.06782015152541879,0.06792563058279448,0.06739825755357742,0.06739825755357742,567016,0.0,0.0
1987-04-09 00:00:00-04:00,0.06729280203580856,0.06771469608545963,0.06708185501098303,0.06729280203580856,3352311,0.0,0.0
1987-04-10 00:00:00-04:00,0.06665999552480147,0.06697642186976513,0.06665999552480147,0.06687094271183014,619569,0.0,0.0
1987-04-13 00:00:00-04:00,0.06623809201169588,0.06687093348546705,0.06412859261035919,0.06412859261035919,1023395,0.0,0.0
1987-04-14 00:00:00-04:00,0.0641285680147678,0.0641285680147678,0.0614917128587895,0.06180812790989876,2056471,0.0,0.0
1987-04-15 00:00:00-04:00,0.06223004748124099,0.06433953542902802,0.06223004748124099,0.06402311474084854,1633283,0.0,0.0
1987-04-16 00:00:00-04:00,0.06402310847390434,0.06423405557870865,0.0637066822522794,0.06423405557870865,1099458,0.0,0.0
1987-04-20 00:00:00-04:00,0.06444503982106563,0.06486693423737018,0.0641286078799948,0.06455051898956299,1814452,0.0,0.0
1987-04-21 00:00:00-04:00,0.06455051252567341,0.06697642186976513,0.06455051252567341,0.06687094271183014,2573701,0.0,0.0
1987-04-22 00:00:00-04:00,0.06697637036973751,0.06834754272435262,0.06676542334491198,0.06729280203580856,1988706,0.0,0.0
1987-04-23 00:00:00-04:00,0.06739831355181035,0.06898042838955437,0.06739831355181035,0.06845306605100632,1319350,0.0,0.0
1987-04-24 00:00:00-04:00,0.06824208050966263,0.06898040084340215,0.06792565989423902,0.06824208050966263,1034459,0.0,0.0
1987-04-27 00:00:00-04:00,0.06771470482553871,0.0696132505516833,0.06739827868304225,0.0694022923707962,1539242,0.0,0.0
1987-04-28 00:00:00-04:00,0.07587318122386932,0.07620840536456412,0.07330310000310594,0.07587318122386932,1389881,0.3336,0.0
1987-04-29 00:00:00-04:00,0.0768788591779575,0.07799627878439948,0.07643189369341545,0.07654362916946411,2021897,0.0,0.0
1987-04-30 00:00:00-04:00,0.07632014412440198,0.07654362685992991,0.07553794275988089,0.07609666138887405,591910,0.0,0.0
1987-05-01 00:00:00-04:00,0.07598489229897068,0.07609664543347638,0.07497920840978622,0.07497920840978622,713611,0.0,0.0
1987-05-04 00:00:00-04:00,0.07475573845443058,0.07587316977336991,0.07464400298614901,0.07576142251491547,614037,0.0,0.0
1987-05-05 00:00:00-04:00,0.07553790984145564,0.0776610125890108,0.07553790984145564,0.07721404731273651,933502,0.0,0.0
1987-05-06 00:00:00-04:00,0.07810799426692984,0.08201898163564635,0.07810799426692984,0.08134851604700089,3395183,0.0,0.0
1987-05-07 00:00:00-04:00,0.08157204892216736,0.08157204892216736,0.07956069218301261,0.08056637644767761,4537513,0.0,0.0
1987-05-08 00:00:00-04:00,0.08045461900813819,0.0813485558787905,0.08023113626424684,0.08112507313489914,1507433,0.0,0.0
1987-05-11 00:00:00-04:00,0.0813485698490594,0.08403038681666082,0.0813485698490594,0.08224251866340637,2212746,0.0,0.0
1987-05-12 00:00:00-04:00,0.08134857853507539,0.08157206134120865,0.07844327257990046,0.07900198549032211,2111790,0.0,0.0
1987-05-13 00:00:00-04:00,0.07911371342005426,0.07911371342005426,0.07676710933446884,0.07676710933446884,1658177,0.0,0.0
1987-05-14 00:00:00-04:00,0.07699058114812866,0.07710233428983386,0.07643188028554662,0.07687884569168091,876801,0.0,0.0
1987-05-15 00:00:00-04:00,0.0771023995379777,0.0771023995379777,0.0763201976251303,0.07643194496631622,474357,0.0,0.0
1987-05-18 00:00:00-04:00,0.07531445889886756,0.07665537297725677,0.07464400480721624,0.07665537297725677,1046906,0.0,0.0
1987-05-19 00:00:00-04:00,0.07643184573990679,0.07643184573990679,0.07553789764642715,0.07553789764642715,488187,0.0,0.0
1987-05-20 00:00:00-04:00,0.0748674636615823,0.0755379175394027,0.07430875111421784,0.07509095221757889,2230725,0.0,0.0
1987-05-21 00:00:00-04:00,0.0753144150443696,0.07598486285054225,0.07509093244231205,0.07553789764642715,1398179,0.0,0.0
1987-05-22 00:00:00-04:00,0.07531442216419007,0.07810799032449722,0.07531442216419007,0.07810799032449722,1229457,0.0,0.0
1987-05-26 00:00:00-04:00,0.07844318939959766,0.08045455610231973,0.07844318939959766,0.07911365479230881,618186,0.0,0.0
1987-05-27 00:00:00-04:00,0.07911368705464054,0.08000761769580196,0.07889018670909614,0.07956065237522125,1135415,0.0,0.0
1987-05-28 00:00:00-04:00,0.07978421144858874,0.0804546659666702,0.07956072857425837,0.08034291863441467,921056,0.0,0.0
1987-05-29 00:00:00-04:00,0.08056636500399317,0.08090158321945423,0.08045461773872375,0.08045461773872375,955630,0.0,0.0
1987-06-01 00:00:00-04:00,0.08045464225412984,0.0809016078710556,0.07978418793365259,0.0809016078710556,445315,0.0,0.0
1987-06-02 00:00:00-04:00,0.0806781067188147,0.08078985399272676,0.07956068703547935,0.07978416979312897,438400,0.0,0.0
1987-06-03 00:00:00-04:00,0.08023115944566696,0.08123684387392711,0.08023115944566696,0.0809016078710556,835312,0.0,0.0
1987-06-04 00:00:00-04:00,0.08090156225650326,0.08090156225650326,0.07933717758421809,0.08078982681035995,862971,0.0,0.0
1987-06-05 00:00:00-04:00,0.08056636460277765,0.08056636460277765,0.07956068048596873,0.07989589869976044,226806,0.0,0.0
1987-06-08 00:00:00-04:00,0.07967238192121902,0.0803428357476175,0.07933716385064614,0.08023110032081604,643079,0.0,0.0
1987-06-09 00:00:00-04:00,0.08034284965527516,0.08078982681035995,0.08023111420913187,0.08078982681035995,1731474,0.0,0.0
1987-06-10 00:00:00-04:00,0.08090158321945423,0.08123681912017568,0.08045461773872375,0.08045461773872375,1010948,0.0,0.0
1987-06-11 00:00:00-04:00,0.08023110032081604,0.0803428357476175,0.07989586456499043,0.08023110032081604,326380,0.0,0.0
1987-06-12 00:00:00-04:00,0.08034288045268062,0.08268947899341583,0.08034288045268062,0.08268947899341583,962545,0.0,0.0
1987-06-15 00:00:00-04:00,0.082689426005787,0.08380684502544702,0.082689426005787,0.08358336240053177,1313818,0.0,0.0
1987-06-16 00:00:00-04:00,0.08335996336411729,0.08403041191114967,0.08291299177100603,0.08324822783470154,1026161,0.0,0.0
1987-06-17 00:00:00-04:00,0.08380686149556847,0.08391860872507095,0.08324816071856557,0.08391860872507095,2005301,0.0,0.0
1987-06-18 00:00:00-04:00,0.08391864721300858,0.08391864721300858,0.0826894801805079,0.08335993438959122,976374,0.0,0.0
1987-06-19 00:00:00-04:00,0.08391859223298839,0.08391859223298839,0.08291290863070226,0.08358336240053177,976374,0.0,0.0
1987-06-22 00:00:00-04:00,0.08380684502544702,0.08380684502544702,0.08324814435824264,0.08358336240053177,1062118,0.0,0.0
1987-06-23 00:00:00-04:00,0.083248187609551,0.08347167035057593,0.08224250348476514,0.08291295170783997,829780,0.0,0.0
1987-06-24 00:00:00-04:00,0.08246597761717961,0.08391862707237349,0.08246597761717961,0.08380687981843948,1301371,0.0,0.0
1987-06-25 00:00:00-04:00,0.08380680118384191,0.08458900175202252,0.08369506582491983,0.0841420367360115,1817218,0.0,0.0
1987-06-26 00:00:00-04:00,0.0843655984028509,0.0843655984028509,0.08380687981843948,0.08380687981843948,320848,0.0,0.0
1987-06-29 00:00:00-04:00,0.08391864721300858,0.08425387137000644,0.0831364516182593,0.08335993438959122,1230840,0.0,0.0
1987-06-30 00:00:00-04:00,0.08268947899341583,0.08291296176153942,0.08157204746753535,0.08268947899341583,1225308,0.0,0.0
1987-07-01 00:00:00-04:00,0.08268942183741583,0.08268942183741583,0.08201897399646733,0.08246593922376633,1431370,0.0,0.0
1987-07-02 00:00:00-04:00,0.08268946896681502,0.0831364403439517,0.08268946896681502,0.08291295170783997,1521263,0.0,0.0
1987-07-06 00:00:00-04:00,0.08313639391166608,0.08313639391166608,0.0825776755809784,0.0825776755809784,744036,0.0,0.0
1987-07-07 00:00:00-04:00,0.08235419296477013,0.08324814111485372,0.08224245755174953,0.0825776755809784,724674,0.0,0.0
1987-07-08 00:00:00-04:00,0.08291296176153942,0.08291296176153942,0.08213076617801936,0.08268947899341583,987438,0.0,0.0
1987-07-09 00:00:00-04:00,0.0825776755809784,0.08313639391166608,0.0825776755809784,0.0825776755809784,457762,0.0,0.0
1987-07-10 00:00:00-04:00,0.08257773171426652,0.08291296176153942,0.08157204746753535,0.08268947899341583,908609,0.0,0.0
1987-07-13 00:00:00-04:00,0.0829129878428161,0.08313647657632828,0.08246602216597053,0.08313647657632828,811801,0.0,0.0
1987-07-14 00:00:00-04:00,0.0832482102966159,0.08358342860442125,0.08280122700749229,0.08347169309854507,1109139,0.0,0.0
1987-07-15 00:00:00-04:00,0.08313639715070126,0.08358336240053177,0.08280116142316088,0.08358336240053177,1186585,0.0,0.0
1987-07-16 00:00:00-04:00,0.08369515824605131,0.08525954931974411,0.08358341097356997,0.08525954931974411,3005186,0.0,0.0
1987-07-17 00:00:00-04:00,0.0853713234263364,0.08671222627162933,0.08525957611873038,0.08671222627162933,2216895,0.0,0.0
1987-07-20 00:00:00-04:00,0.0863769822106948,0.0871591836555938,0.08626523493636118,0.0868239477276802,1067650,0.0,0.0
1987-07-21 00:00:00-04:00,0.0863769584990742,0.08738264242639233,0.08626521125541668,0.08648869395256042,3164227,0.0,0.0
1987-07-22 00:00:00-04:00,0.08626520041111262,0.08671216574921256,0.08604171774206264,0.08660043030977249,634782,0.0,0.0
1987-07-23 00:00:00-04:00,0.08671216769717123,0.08693565037124167,0.08581823110580444,0.08581823110580444,999885,0.0,0.0
1987-07-24 00:00:00-04:00,0.08581824256771305,0.08660044382160068,0.08581824256771305,0.0859299898147583,175637,0.0,0.0
1987-07-27 00:00:00-04:00,0.0861535251041334,0.08693570909666332,0.0861535251041334,0.08671222627162933,1005417,0.0,0.0
1987-07-28 00:00:00-04:00,0.09069046378135681,0.09104242210539162,0.09033849307837137,0.09069046378135681,253083,0.3336,0.0
1987-07-29 00:00:00-04:00,0.09092510647992985,0.09151172637939453,0.09033849276994045,0.09151172637939453,1329031,0.0,0.0
1987-07-30 00:00:00-04:00,0.0915117226515779,0.09198100864887238,0.09127706108450556,0.09198100864887238,1013714,0.0,0.0
1987-07-31 00:00:00-04:00,0.09127707485646622,0.09256763011217117,0.09127707485646622,0.09256763011217117,705313,0.0,0.0
1987-08-03 00:00:00-04:00,0.09198100327670744,0.09315422439089649,0.09092509746551514,0.09092509746551514,796589,0.0,0.0
1987-08-04 00:00:00-04:00,0.0912770518648215,0.09245029149745161,0.09092509359187617,0.0922156423330307,820099,0.0,0.0
1987-08-05 00:00:00-04:00,0.09245024459948595,0.09432740601523862,0.09221559555409732,0.09385810792446136,1800622,0.0,0.0
1987-08-06 00:00:00-04:00,0.09327157143251329,0.0940928220502741,0.09327157143251329,0.0939755067229271,1472859,0.0,0.0
1987-08-07 00:00:00-04:00,0.0938581193632588,0.09397544699498785,0.0931541845202446,0.0931541845202446,593293,0.0,0.0
1987-08-10 00:00:00-04:00,0.09374081323936778,0.09409277141094208,0.09350617033200316,0.09409277141094208,997119,0.0,0.0
1987-08-11 00:00:00-04:00,0.09397551118346568,0.10113219832307002,0.09397551118346568,0.09878574311733246,2608275,0.0,0.0
1987-08-12 00:00:00-04:00,0.09855109130542226,0.09855109130542226,0.09620463616105736,0.09726054221391678,890630,0.0,0.0
1987-08-13 00:00:00-04:00,0.09714319487389081,0.09784712994734762,0.09573531853750314,0.09690853953361511,2919442,0.0,0.0
1987-08-14 00:00:00-04:00,0.09690852513951051,0.09831640126678225,0.09667388221303512,0.09749513864517212,853290,0.0,0.0
1987-08-17 00:00:00-04:00,0.09784713925290833,0.09925500334424006,0.09784713925290833,0.09890304505825043,2399447,0.0,0.0
1987-08-18 00:00:00-04:00,0.09866840440970678,0.09902036270402591,0.09573532990790883,0.09702587872743607,1500519,0.0,0.0
1987-08-19 00:00:00-04:00,0.09679121517235693,0.09784712077833284,0.09596995250572081,0.09761247783899307,647228,0.0,0.0
1987-08-20 00:00:00-04:00,0.0990203287850069,0.09995891898870468,0.09761246514261455,0.09995891898870468,1247436,0.0,0.0
1987-08-21 00:00:00-04:00,0.09972426658010278,0.10019357100883786,0.0972604972450273,0.098433718085289,324997,0.0,0.0
1987-08-24 00:00:00-04:00,0.0981990982221268,0.09831642590423918,0.09585265599042347,0.09643925726413727,502017,0.0,0.0
1987-08-25 00:00:00-04:00,0.09737782662936054,0.10089750778108754,0.09737782662936054,0.0990203395485878,832546,0.0,0.0
1987-08-26 00:00:00-04:00,0.09960695543699287,0.09960695543699287,0.09855104982852936,0.09855104982852936,437017,0.0,0.0
1987-08-27 00:00:00-04:00,0.09855111497088857,0.09866844889733964,0.09526608069361515,0.09550072997808456,590527,0.0,0.0
1987-08-28 00:00:00-04:00,0.09479671870145381,0.09620458233511416,0.09385812850357746,0.09409277141094208,665207,0.0,0.0
1987-08-31 00:00:00-04:00,0.09432745252693396,0.09667390081152587,0.09385815420475153,0.09620460867881775,795206,0.0,0.0
1987-09-01 00:00:00-04:00,0.09526595546591865,0.0957352472284929,0.09291950284251681,0.09303683042526245,1020629,0.0,0.0
1987-09-02 00:00:00-04:00,0.09233294961153847,0.09291956937690322,0.09057311507333972,0.09245028346776962,836695,0.0,0.0
1987-09-03 00:00:00-04:00,0.09315422042229109,0.09362351256165848,0.0892825741988275,0.0922156423330307,532442,0.0,0.0
1987-09-04 00:00:00-04:00,0.09198104842553449,0.09291962701548125,0.09033852815628052,0.09033852815628052,521378,0.0,0.0
1987-09-08 00:00:00-04:00,0.09010382961893361,0.09010382961893361,0.08740541687401449,0.08822666108608246,1056586,0.0,0.0
1987-09-09 00:00:00-04:00,0.08834399659689955,0.08893061022697613,0.0870534416591515,0.08881328254938126,799355,0.0,0.0
1987-09-10 00:00:00-04:00,0.08939990070332593,0.08963454367519516,0.08822666108608246,0.08822666108608246,868503,0.0,0.0
1987-09-11 00:00:00-04:00,0.08822665892992157,0.09069044721118223,0.08822665892992157,0.09010382741689682,1095309,0.0,0.0
1987-09-14 00:00:00-04:00,0.09057318418141669,0.09127711358222096,0.09010389172473525,0.09115979820489883,815950,0.0,0.0
1987-09-15 00:00:00-04:00,0.09092509524583246,0.0910424105459653,0.09045580928740303,0.09057312458753586,300104,0.0,0.0
1987-09-16 00:00:00-04:00,0.0912770484370451,0.09151170997160245,0.089869184450762,0.09010382741689682,763397,0.0,0.0
1987-09-17 00:00:00-04:00,0.08986919559322669,0.08986919559322669,0.08775738387828287,0.08963455259799957,745419,0.0,0.0
1987-09-18 00:00:00-04:00,0.09045580928740303,0.0910424105459653,0.08975186178133529,0.09057312458753586,669356,0.0,0.0
1987-09-21 00:00:00-04:00,0.09174635151150971,0.09209830976576645,0.08916524797677994,0.08916524797677994,643079,0.0,0.0
1987-09-22 00:00:00-04:00,0.08939991090585263,0.09245030083564189,0.08928258321705397,0.09198100864887238,644462,0.0,0.0
1987-09-23 00:00:00-04:00,0.0922156423330307,0.09256760679545044,0.09174635638313772,0.0922156423330307,1409243,0.0,0.0
1987-09-24 00:00:00-04:00,0.09245026486991711,0.09503136160881843,0.09245026486991711,0.09409277141094208,1067650,0.0,0.0
1987-09-25 00:00:00-04:00,0.09444473050593886,0.09444473050593886,0.09338882517192718,0.09362347424030304,591910,0.0,0.0
1987-09-28 00:00:00-04:00,0.09479670623279404,0.09655654637497389,0.09432741429031839,0.09526599198579788,654143,0.0,0.0
1987-09-29 00:00:00-04:00,0.09550064105177163,0.09667386162375304,0.09409275903487284,0.09526599198579788,728823,0.0,0.0
1987-09-30 00:00:00-04:00,0.09432744567272563,0.09432744567272563,0.09245028346776962,0.09245028346776962,703930,0.0,0.0
1987-10-01 00:00:00-04:00,0.09268492642233642,0.09315421233147002,0.09209830665697168,0.09245028346776962,1041374,0.0,0.0
1987-10-02 00:00:00-04:00,0.09245028558344554,0.09268492854338202,0.09198099347409856,0.09233295172452927,497868,0.0,0.0
1987-10-05 00:00:00-04:00,0.09256760299153705,0.09256760299153705,0.09069044689015493,0.09174635261297226,1106373,0.0,0.0
1987-10-06 00:00:00-04:00,0.09174633959497347,0.09209829780351587,0.0898691713809967,0.0898691713809967,1057969,0.0,0.0
1987-10-07 00:00:00-04:00,0.09010387886668554,0.09080781435651504,0.08963459266645102,0.09033852815628052,1118820,0.0,0.0
1987-10-08 00:00:00-04:00,0.0908077610931386,0.0908077610931386,0.08869596205180551,0.08916524797677994,697015,0.0,0.0
1987-10-09 00:00:00-04:00,0.08916526663162007,0.08916526663162007,0.08834400990162032,0.08869598060846329,356805,0.0,0.0
1987-10-12 00:00:00-04:00,0.08822661234703127,0.08857858898934123,0.08764001143088863,0.08775732666254044,542123,0.0,0.0
1987-10-13 00:00:00-04:00,0.08799201418165734,0.08869596163422705,0.08787469889044013,0.08857863396406174,796589,0.0,0.0
1987-10-14 00:00:00-04:00,0.0879920190854522,0.0879920190854522,0.08482431417235577,0.08588021993637085,1696900,0.0,0.0
1987-10-15 00:00:00-04:00,0.08588022220879815,0.08611487137894064,0.08400305360555649,0.08400305360555649,1279244,0.0,0.0
1987-10-16 00:00:00-04:00,0.08306447712480457,0.08353376306038882,0.07602510762787583,0.078371562063694,1132650,0.0,0.0
1987-10-19 00:00:00-04:00,0.07696367655145223,0.07696367655145223,0.056784173274900165,0.05819205567240715,2830932,0.0,0.0
1987-10-20 00:00:00-04:00,0.05795744249195722,0.05795744249195722,0.052091304086740765,0.05256059020757675,1291691,0.0,0.0
1987-10-21 00:00:00-04:00,0.06382353367868787,0.06616998753235473,0.061477079825021,0.06265030056238174,2525297,0.0,0.0
1987-10-22 00:00:00-04:00,0.058192058876080005,0.06147709116339684,0.057253468496244894,0.061477091163396835,2486574,0.0,0.0
1987-10-23 00:00:00-04:00,0.06218104778322501,0.062298375489828764,0.05913065739052284,0.059599943459033966,2304022,0.0,0.0
1987-10-26 00:00:00-05:00,0.0563148986442412,0.05654954163104794,0.055376320507539524,0.056080255657434464,703930,0.0,0.0
1987-10-27 00:00:00-05:00,0.05725344627712278,0.05795739343091416,0.053029837628031644,0.05490700528025627,2074450,0.0,0.0
1987-10-28 00:00:00-05:00,0.05373377695790522,0.05608023699237937,0.05302984823177197,0.05525897443294525,1515731,0.0,0.0
1987-10-29 00:00:00-05:00,0.053968450337837356,0.06288497153324053,0.053968450337837356,0.06241568550467491,11596174,0.0,0.0
1987-10-30 00:00:00-05:00,0.06476213200441443,0.06593535311311285,0.06476213200441443,0.06534875184297562,1331797,0.0,0.0
1987-11-02 00:00:00-05:00,0.0657006897897519,0.06687392291419195,0.06546604687854753,0.06605266034603119,2157428,0.0,0.0
1987-11-03 00:00:00-05:00,0.07018445843069754,0.07068666758864654,0.06729671603027307,0.06880336999893188,2501786,0.3336,0.0
1987-11-04 00:00:00-05:00,0.06792452531011053,0.06867783943059749,0.06729675029562543,0.06779897958040237,2717529,0.0,0.0
1987-11-05 00:00:00-05:00,0.06779896917835089,0.06867782889370702,0.0665434259657186,0.06830117851495743,2499020,0.0,0.0
1987-11-06 00:00:00-05:00,0.06880339336609062,0.06880339336609062,0.06679452955722809,0.06679452955722809,2663593,0.0,0.0
1987-11-09 00:00:00-05:00,0.0655390217746965,0.06604123127303237,0.06478570090348527,0.06528791040182114,2519765,0.0,0.0
1987-11-10 00:00:00-05:00,0.06503678241220937,0.06553899835478928,0.06428345518648695,0.06453455984592438,2508701,0.0,0.0
1987-11-11 00:00:00-05:00,0.06428347815773452,0.0655390217746965,0.06428347815773452,0.06528791040182114,1453498,0.0,0.0
1987-11-12 00:00:00-05:00,0.06779895209092096,0.06817560237474304,0.06729672300977574,0.06805005669593811,2265299,0.0,0.0
1987-11-13 00:00:00-05:00,0.06817560559732248,0.06830116452946973,0.06704562157392502,0.06704562157392502,2328916,0.0,0.0
1987-11-16 00:00:00-05:00,0.06805010573457036,0.06993341150046783,0.06805010573457036,0.0696823000907898,1887749,0.0,0.0
1987-11-17 00:00:00-05:00,0.06905451641993522,0.06905451641993522,0.06805009087172523,0.06855230033397675,3277631,0.0,0.0
1987-11-18 00:00:00-05:00,0.068426726005574,0.06855228496669745,0.06754784639623726,0.06817562133073807,2370405,0.0,0.0
1987-11-19 00:00:00-05:00,0.06805005991258316,0.06805005991258316,0.06704562157392502,0.06704562157392502,1934770,0.0,0.0
1987-11-20 00:00:00-05:00,0.06679453063402188,0.06867782889370702,0.0665434259657186,0.06830117851495743,1212862,0.0,0.0
1987-11-23 00:00:00-05:00,0.06805000875105006,0.07106329500675201,0.06767334548520021,0.07106329500675201,734355,0.0,0.0
1987-11-24 00:00:00-05:00,0.07131444160485705,0.0743277296423912,0.07131444160485705,0.0743277296423912,1500519,0.0,0.0
1987-11-25 00:00:00-05:00,0.07445330058729487,0.07570884376764297,0.07445330058729487,0.07570884376764297,903077,0.0,0.0
1987-11-27 00:00:00-05:00,0.07570883859024591,0.07683882273869093,0.07533216837582465,0.0759599432349205,412124,0.0,0.0
1987-11-30 00:00:00-05:00,0.07583434624976697,0.07583434624976697,0.0728210589066374,0.07357437908649445,2136683,0.0,0.0
1987-12-01 00:00:00-05:00,0.07332329649599406,0.07357440108980849,0.07181665568570081,0.07282108068466187,1258499,0.0,0.0
1987-12-02 00:00:00-05:00,0.07307219356546497,0.07432774317174015,0.07256998432088145,0.07395107299089432,937651,0.0,0.0
1987-12-03 00:00:00-05:00,0.07357445723079213,0.07357445723079213,0.07156560570001602,0.07156560570001602,955630,0.0,0.0
1987-12-04 00:00:00-05:00,0.07081217902906485,0.07131439447402954,0.06980774151543698,0.07131439447402954,453613,0.0,0.0
1987-12-07 00:00:00-05:00,0.07106333962846359,0.07256997376680374,0.07106333962846359,0.07256997376680374,1143713,0.0,0.0
1987-12-08 00:00:00-05:00,0.07256999846906549,0.07708993554115295,0.07231889379781858,0.07708993554115295,810418,0.0,0.0
1987-12-09 00:00:00-05:00,0.07646216504341197,0.0788476860532204,0.07633660607681222,0.0775921493768692,2389766,0.0,0.0
1987-12-10 00:00:00-05:00,0.0764621606156249,0.07809436084984597,0.07608549698504916,0.07708993554115295,1544774,0.0,0.0
1987-12-11 00:00:00-05:00,0.0769643810386936,0.07784326068636291,0.0768388353195054,0.0775921493768692,800738,0.0,0.0
1987-12-14 00:00:00-05:00,0.07734102214515522,0.07809434260662194,0.07734102214515522,0.0779687836766243,1806154,0.0,0.0
1987-12-15 00:00:00-05:00,0.07821990596999498,0.0785965695977211,0.07734103962727981,0.0785965695977211,1275095,0.0,0.0
1987-12-16 00:00:00-05:00,0.07847104034302836,0.08035434562919896,0.07834548135831827,0.08010324090719223,626484,0.0,0.0
1987-12-17 00:00:00-05:00,0.07985212236294924,0.08035433172003129,0.07734104245901108,0.07734104245901108,1302754,0.0,0.0
1987-12-18 00:00:00-05:00,0.07809438591493538,0.07847104966640472,0.07784328116309416,0.07847104966640472,1028927,0.0,0.0
1987-12-21 00:00:00-05:00,0.07784325629472733,0.07884768160491877,0.07784325629472733,0.07784325629472733,459145,0.0,0.0
1987-12-22 00:00:00-05:00,0.0775921471375521,0.0775921471375521,0.07633660387373023,0.07734104245901108,850524,0.0,0.0
1987-12-23 00:00:00-05:00,0.07759212877416867,0.07771768108372527,0.07734102415505545,0.07746656984090805,815950,0.0,0.0
1987-12-24 00:00:00-05:00,0.07734102185257259,0.07746656753468763,0.07708991724093489,0.07721546292304993,277976,0.0,0.0
1987-12-28 00:00:00-05:00,0.07671322965163781,0.07784321329718673,0.07671322965163781,0.07771765440702438,579463,0.0,0.0
1987-12-29 00:00:00-05:00,0.07734099760764257,0.07796875893994559,0.07734099760764257,0.07771765440702438,464677,0.0,0.0
1987-12-30 00:00:00-05:00,0.07746656468933545,0.07960097368097034,0.07746656468933545,0.07897321879863739,1001268,0.0,0.0
1987-12-31 00:00:00-05:00,0.07872214489229344,0.07972656369360419,0.07872214489229344,0.07960100471973419,612654,0.0,0.0
1988-01-04 00:00:00-05:00,0.07985212929118035,0.08022877971796573,0.07960100471973419,0.07960100471973419,903077,0.0,0.0
1988-01-05 00:00:00-05:00,0.08022873227725444,0.08022873227725444,0.0790987485465475,0.07934985309839249,802121,0.0,0.0
1988-01-06 00:00:00-05:00,0.07960100471973419,0.08022877971796573,0.07960100471973419,0.07960100471973419,777227,0.0,0.0
1988-01-07 00:00:00-05:00,0.08010324716496427,0.0802287929120687,0.07972657680511475,0.07972657680511475,1069033,0.0,0.0
1988-01-08 00:00:00-05:00,0.07985209326808201,0.07985209326808201,0.07332329452037811,0.07332329452037811,1441051,0.0,0.0
1988-01-11 00:00:00-05:00,0.07382551007742778,0.07407661464112823,0.07282107195151834,0.073699951171875,768929,0.0,0.0
1988-01-12 00:00:00-05:00,0.0739510987909962,0.07457887381315231,0.07319778466130426,0.07457887381315231,492336,0.0,0.0
1988-01-13 00:00:00-05:00,0.07407664404557575,0.07533217398615846,0.07407664404557575,0.07520661503076553,1140947,0.0,0.0
1988-01-14 00:00:00-05:00,0.07658770117499626,0.07708992368767828,0.07495550119174496,0.0753321647644043,939034,0.0,0.0
1988-01-15 00:00:00-05:00,0.07633664458990097,0.07734108371092602,0.07633664458990097,0.07633664458990097,1380201,0.0,0.0
1988-01-18 00:00:00-05:00,0.07646214885867794,0.07646214885867794,0.0753321647644043,0.0753321647644043,544889,0.0,0.0
1988-01-19 00:00:00-05:00,0.07533215532350182,0.07683880942531973,0.07533215532350182,0.07583437114953995,962545,0.0,0.0
1988-01-20 00:00:00-05:00,0.0758343678701329,0.0758343678701329,0.07445327937602997,0.07445327937602997,792440,0.0,0.0
1988-01-21 00:00:00-05:00,0.07445326975070844,0.07470437430855408,0.07357439055084393,0.07382550835609436,944566,0.0,0.0
1988-01-22 00:00:00-05:00,0.07407661291394,0.07457882865333365,0.07382550835609436,0.07382550835609436,605739,0.0,0.0
1988-01-25 00:00:00-05:00,0.0743277194923569,0.07545770318008692,0.0743277194923569,0.07482992857694626,532442,0.0,0.0
1988-01-26 00:00:00-05:00,0.07457883421897618,0.07495548446015075,0.0743277296423912,0.0743277296423912,481272,0.0,0.0
1988-01-27 00:00:00-05:00,0.07520665389834873,0.07520665389834873,0.0733233547023134,0.07407668232917786,453613,0.0,0.0
1988-01-28 00:00:00-05:00,0.07407661844210334,0.0743277296423912,0.07319774580035303,0.0743277296423912,291806,0.0,0.0
1988-01-29 00:00:00-05:00,0.0743277296423912,0.0743277296423912,0.07382551386551836,0.0743277296423912,193615,0.0,0.0
1988-02-01 00:00:00-05:00,0.07432773474236182,0.07457883933617623,0.07256997609084744,0.07282108068466187,925205,0.0,0.0
1988-02-02 00:00:00-05:00,0.07723361593375241,0.07763587726066692,0.07562458477378636,0.07589276134967804,1340095,0.3336,0.0
1988-02-03 00:00:00-05:00,0.07602683902685488,0.07642910035376939,0.07455188554406565,0.07589276134967804,1452115,0.0,0.0
1988-02-04 00:00:00-05:00,0.07562458477378636,0.07616093085172372,0.07482006211995733,0.07589276134967804,472975,0.0,0.0
1988-02-05 00:00:00-05:00,0.07642910707330647,0.07656318476227121,0.07522233006031083,0.07616093754768372,620952,0.0,0.0
1988-02-08 00:00:00-05:00,0.07549059804533671,0.07549059804533671,0.07374747970761522,0.07441791146993637,425954,0.0,0.0
1988-02-09 00:00:00-05:00,0.0742837770941326,0.0748201236128807,0.07240658196314377,0.0748201236128807,597442,0.0,0.0
1988-02-10 00:00:00-05:00,0.07482012519755779,0.07549055659172958,0.07187022281889069,0.07428377866744995,919673,0.0,0.0
1988-02-11 00:00:00-05:00,0.07455194839557788,0.07508829492568572,0.07401560893932202,0.07428377866744995,922439,0.0,0.0
1988-02-12 00:00:00-05:00,0.07455194396066778,0.07535646017104487,0.07401560453631742,0.07468604296445847,892013,0.0,0.0
1988-02-16 00:00:00-05:00,0.0744178690292085,0.0749542155479566,0.07414969930676034,0.0748201236128807,463294,0.0,0.0
1988-02-17 00:00:00-05:00,0.07535645460208219,0.07562463844214126,0.0746860374450407,0.07508828490972519,421805,0.0,0.0
1988-02-18 00:00:00-05:00,0.07522238045930862,0.07616098857554898,0.07508828853280902,0.07522238045930862,474357,0.0,0.0
1988-02-19 00:00:00-05:00,0.07616093754768372,0.07616093754768372,0.07575867618540297,0.07616093754768372,665207,0.0,0.0
1988-02-22 00:00:00-05:00,0.07642913196010018,0.08071988821029663,0.07642913196010018,0.08071988821029663,1759133,0.0,0.0
1988-02-23 00:00:00-05:00,0.08018357690703133,0.08085401537970481,0.07884272118324043,0.08004948496818542,543506,0.0,0.0
1988-02-24 00:00:00-05:00,0.07991541077570516,0.08045175025983256,0.07964724103364147,0.08018358051776886,1410626,0.0,0.0
1988-02-25 00:00:00-05:00,0.08031766871758214,0.08299940185481518,0.08004949894078546,0.08058585971593857,1385732,0.0,0.0
1988-02-26 00:00:00-05:00,0.08085407357645222,0.08179266830698655,0.0804518045442233,0.08152449131011963,174254,0.0,0.0
1988-02-29 00:00:00-05:00,0.0820608202836858,0.08259715991994274,0.08179263631784865,0.08232899010181427,926588,0.0,0.0
1988-03-01 00:00:00-05:00,0.08246303177810037,0.08246303177810037,0.08152442367850901,0.08179260045289993,1662326,0.0,0.0
1988-03-02 00:00:00-05:00,0.08165856035765615,0.08206082927664174,0.08045178189611984,0.08085405081510544,449464,0.0,0.0
1988-03-03 00:00:00-05:00,0.08112218876269647,0.08112218876269647,0.07884272473359803,0.08018358051776886,727440,0.0,0.0
1988-03-04 00:00:00-05:00,0.07951312382586753,0.07978129348272844,0.07723366052099961,0.0785745158791542,1363605,0.0,0.0
1988-03-07 00:00:00-05:00,0.07830635458230972,0.07830635458230972,0.07830635458230972,0.07830635458230972,663824,0.0,0.0
1988-03-08 00:00:00-05:00,0.07857454084382967,0.08098809681781229,0.07830637110176597,0.08018358051776886,2005301,0.0,0.0
1988-03-09 00:00:00-05:00,0.08004947768462276,0.08125625550746918,0.08004947768462276,0.08125625550746918,5529100,0.0,0.0
1988-03-10 00:00:00-05:00,0.08152444010972723,0.0834016566872622,0.08152444010972723,0.08246304839849472,1532327,0.0,0.0
1988-03-11 00:00:00-05:00,0.08340168478812018,0.08568114969171535,0.08340168478812018,0.08514480292797089,889247,0.0,0.0
1988-03-14 00:00:00-05:00,0.08487657838681402,0.08514474805894467,0.08407206937042204,0.0847424864768982,958396,0.0,0.0
1988-03-15 00:00:00-05:00,0.08487657838681402,0.08568109447705648,0.08447431680476754,0.0847424864768982,976374,0.0,0.0
1988-03-16 00:00:00-05:00,0.08487660733272773,0.08541295393375263,0.08393799901247094,0.08527887612581253,352656,0.0,0.0
1988-03-17 00:00:00-05:00,0.08554706614532095,0.08648565346625871,0.08554706614532095,0.08581523597240448,1873920,0.0,0.0
1988-03-18 00:00:00-05:00,0.08568111062049866,0.08581520255567915,0.08554703283302181,0.08568111062049866,2262533,0.0,0.0
1988-03-21 00:00:00-05:00,0.08554707184309805,0.08568114969171535,0.08514480292797089,0.08514480292797089,478506,0.0,0.0
1988-03-22 00:00:00-05:00,0.08554706076983455,0.08568113860109673,0.08407211266584673,0.08501069992780685,654143,0.0,0.0
1988-03-23 00:00:00-05:00,0.08527889631823743,0.08581523597240448,0.084876627429903,0.08581523597240448,2456148,0.0,0.0
1988-03-24 00:00:00-05:00,0.08527884704271099,0.08541292480492582,0.0847424864768982,0.0847424864768982,750951,0.0,0.0
1988-03-25 00:00:00-05:00,0.08447436030734157,0.08527889095960191,0.08447436030734157,0.08501069992780685,1116054,0.0,0.0
1988-03-28 00:00:00-05:00,0.08501068514066783,0.08527887612581253,0.08474251537708183,0.08527887612581253,782759,0.0,0.0
1988-03-29 00:00:00-05:00,0.08527888616504803,0.0868879120098353,0.08527888616504803,0.08661974221467972,2150513,0.0,0.0
1988-03-30 00:00:00-05:00,0.08742423711999188,0.0893014536705709,0.08742423711999188,0.08876510709524155,1550305,0.0,0.0
1988-03-31 00:00:00-05:00,0.08849695324897766,0.08876512304791093,0.08822876930233672,0.08849695324897766,1038608,0.0,0.0
1988-04-04 00:00:00-04:00,0.08849693734450315,0.0893014536705709,0.088094675644543,0.08876510709524155,706696,0.0,0.0
1988-04-05 00:00:00-04:00,0.0894355511610974,0.08956964313983917,0.08889921154154681,0.08956964313983917,589144,0.0,0.0
1988-04-06 00:00:00-04:00,0.08903326128765729,0.09225132577389916,0.08876508453123662,0.09117862582206726,998502,0.0,0.0
1988-04-07 00:00:00-04:00,0.09091055096433179,0.09104464301933309,0.08956969407904213,0.08983786404132843,394145,0.0,0.0
1988-04-08 00:00:00-04:00,0.09010599553585052,0.0903741653625977,0.08956964880850163,0.09010599553585052,409358,0.0,0.0
1988-04-11 00:00:00-04:00,0.08983781294961447,0.08997189078064799,0.08930147333006387,0.08956964313983917,708079,0.0,0.0
1988-04-12 00:00:00-04:00,0.0895696006527971,0.09144680257848792,0.08863099261610091,0.09117862582206726,614037,0.0,0.0
1988-04-13 00:00:00-04:00,0.09144681308968829,0.09171499695078567,0.09064229687565405,0.09158090502023697,544889,0.0,0.0
1988-04-14 00:00:00-04:00,0.09024005826686395,0.09024005826686395,0.08742423355579376,0.08742423355579376,1122969,0.0,0.0
1988-04-15 00:00:00-04:00,0.0874242899951558,0.0874242899951558,0.08594934132632445,0.08635160326957703,944566,0.0,0.0
1988-04-18 00:00:00-04:00,0.0860833787637872,0.0860833787637872,0.08554703927806515,0.08594928681850433,312550,0.0,0.0
1988-04-19 00:00:00-04:00,0.08635155518015651,0.0867538098255355,0.08527887612581253,0.08527887612581253,579463,0.0,0.0
1988-04-20 00:00:00-04:00,0.08501071093164349,0.08581524168804275,0.08501071093164349,0.08514480292797089,641696,0.0,0.0
1988-04-21 00:00:00-04:00,0.08474247565124364,0.08635151470002805,0.0828652740384362,0.083401620388031,1331797,0.0,0.0
1988-04-22 00:00:00-04:00,0.08366984128952026,0.08420618796772894,0.08340167148734288,0.08366984128952026,1218393,0.0,0.0
1988-04-25 00:00:00-04:00,0.08393801082701567,0.08514478908071638,0.08393801082701567,0.08487661927938461,705313,0.0,0.0
1988-04-26 00:00:00-04:00,0.08501071374634653,0.08568115252861662,0.08474254389252273,0.08554707467556,677654,0.0,0.0
1988-04-27 00:00:00-04:00,0.08581523489610943,0.08621748255783514,0.08541297308667473,0.08608340471982956,1636049,0.0,0.0
1988-04-28 00:00:00-04:00,0.08648561978847068,0.08648561978847068,0.08554703283302181,0.08568111062049866,374784,0.0,0.0
1988-04-29 00:00:00-04:00,0.08554704873434002,0.08554704873434002,0.08474251819526796,0.08541295677423477,420422,0.0,0.0
1988-05-02 00:00:00-04:00,0.08527889631823743,0.08594931381209167,0.08527889631823743,0.08581523597240448,443932,0.0,0.0
1988-05-03 00:00:00-04:00,0.0909247025847435,0.0909247025847435,0.09021323401691786,0.0909247025847435,235104,0.3336,0.0
1988-05-04 00:00:00-04:00,0.09064012677789575,0.09064012677789575,0.09021323960534487,0.0903555378317833,204679,0.0,0.0
1988-05-05 00:00:00-04:00,0.09035560657617099,0.09135165738523365,0.09035560657617099,0.09106707572937012,695632,0.0,0.0
1988-05-06 00:00:00-04:00,0.0909247025847435,0.09120928400646258,0.0907824193806479,0.0909247025847435,131382,0.0,0.0
1988-05-09 00:00:00-04:00,0.09106703525665581,0.09163619831543106,0.08992868661880492,0.08992868661880493,554570,0.0,0.0
1988-05-10 00:00:00-04:00,0.09021326814819254,0.09078245372726819,0.0896441050894173,0.08992868661880493,370635,0.0,0.0
1988-05-11 00:00:00-04:00,0.08935948558098535,0.08992864839785834,0.08879031525734873,0.08964406698942184,777227,0.0,0.0
1988-05-12 00:00:00-04:00,0.08893260508992235,0.08935947716236115,0.08893260508992235,0.08935947716236115,1035842,0.0,0.0
1988-05-13 00:00:00-04:00,0.08921719397831111,0.08950177535993699,0.08921719397831111,0.08935947716236115,489570,0.0,0.0
1988-05-16 00:00:00-04:00,0.08950182183149029,0.08992868661880492,0.08950182183149029,0.08992868661880493,533825,0.0,0.0
1988-05-17 00:00:00-04:00,0.09021328781427938,0.09021328781427938,0.08893267065286636,0.08893267065286636,2221044,0.0,0.0
1988-05-18 00:00:00-04:00,0.08879034755719083,0.08879034755719083,0.08807888627052306,0.08807888627052307,1496370,0.0,0.0
1988-05-19 00:00:00-04:00,0.08793660916309429,0.08793660916309429,0.08622909730601068,0.08765202760696411,1720410,0.0,0.0
1988-05-20 00:00:00-04:00,0.08793656388582852,0.08793656388582852,0.08708281965701853,0.08750968426465988,460528,0.0,0.0
1988-05-23 00:00:00-04:00,0.08708284844542723,0.08750971319418427,0.08708284844542723,0.08722513169050217,244785,0.0,0.0
1988-05-24 00:00:00-04:00,0.08750972932213151,0.08765202760696411,0.08722514776600133,0.08765202760696411,504783,0.0,0.0
1988-05-25 00:00:00-04:00,0.08736744605083392,0.08765202760696411,0.08736744605083392,0.08765202760696411,305636,0.0,0.0
1988-05-26 00:00:00-04:00,0.08765204920849008,0.08765204920849008,0.08736746758222581,0.0873674675822258,486804,0.0,0.0
1988-05-27 00:00:00-04:00,0.08736740703012916,0.08750969023787912,0.08708282560110094,0.08708282560110092,134148,0.0,0.0
1988-05-31 00:00:00-04:00,0.08736742465880239,0.08836345986137746,0.0872251264088117,0.08793658763170242,540740,0.0,0.0
1988-06-01 00:00:00-04:00,0.0887903068923465,0.08964405854398702,0.08850572551072063,0.08935947716236115,1203181,0.0,0.0
1988-06-02 00:00:00-04:00,0.08935951566742048,0.08978639543056488,0.08907492665640215,0.08978639543056488,529676,0.0,0.0
1988-06-03 00:00:00-04:00,0.08978640534734796,0.09106703727145907,0.08964410707273908,0.09064015746116638,273827,0.0,0.0
1988-06-06 00:00:00-04:00,0.09106703763681256,0.09163620071046363,0.0904978745631615,0.09078245609998703,518612,0.0,0.0
1988-06-07 00:00:00-04:00,0.09106703525665581,0.09106703525665581,0.08992868661880492,0.08992868661880493,605739,0.0,0.0
1988-06-08 00:00:00-04:00,0.09049782953782402,0.09562033969268585,0.09049782953782402,0.09505116939544678,879567,0.0,0.0
1988-06-09 00:00:00-04:00,0.09505119655416544,0.09533577803071604,0.09391286314119768,0.09419744461774826,421805,0.0,0.0
1988-06-10 00:00:00-04:00,0.09391283199797713,0.0943397040712444,0.09305906533115386,0.09377053380012512,233721,0.0,0.0
1988-06-13 00:00:00-04:00,0.09377060051562364,0.09391289881471741,0.09320143734632155,0.09362830221652985,291806,0.0,0.0
1988-06-14 00:00:00-04:00,0.09391283630773191,0.09647408387839955,0.09391283630773191,0.09505116939544678,726057,0.0,0.0
1988-06-15 00:00:00-04:00,0.0953357693940351,0.09618952125310898,0.09505118794326538,0.09618952125310898,232338,0.0,0.0
1988-06-16 00:00:00-04:00,0.09590491413254862,0.09590491413254862,0.09519344568252563,0.09519344568252563,515846,0.0,0.0
1988-06-17 00:00:00-04:00,0.0957626837863574,0.0960472653179662,0.09505121494380164,0.09533579647541046,1283393,0.0,0.0
1988-06-20 00:00:00-04:00,0.09505117448721659,0.09505117448721659,0.09391284133852267,0.09433971345424652,329146,0.0,0.0
1988-06-21 00:00:00-04:00,0.09448201020847333,0.09448201020847333,0.09220532893268545,0.09391283988952637,452230,0.0,0.0
1988-06-22 00:00:00-04:00,0.0941974838243557,0.09505123611611921,0.0941974838243557,0.0949089378118515,435634,0.0,0.0
1988-06-23 00:00:00-04:00,0.09462429340475564,0.09490887481084735,0.09391283988952635,0.09391283988952637,190849,0.0,0.0
1988-06-24 00:00:00-04:00,0.09419748039936846,0.09419748039936846,0.09277454995580847,0.09362830221652985,254466,0.0,0.0
1988-06-27 00:00:00-04:00,0.09334367237590167,0.09362825381343234,0.09192075768148392,0.09248992055654526,347125,0.0,0.0
1988-06-28 00:00:00-04:00,0.09220538678650639,0.09391289881471741,0.09220538678650639,0.09362830221652985,239253,0.0,0.0
1988-06-29 00:00:00-04:00,0.09391284786939416,0.09433972001480348,0.09377054964749354,0.09405513107776642,463294,0.0,0.0
1988-06-30 00:00:00-04:00,0.09433975155820418,0.09505121287853446,0.09419746079549145,0.09462433308362961,287657,0.0,0.0
1988-07-01 00:00:00-04:00,0.09505120909315974,0.09505120909315974,0.09305910846744944,0.09334369748830795,282125,0.0,0.0
1988-07-05 00:00:00-04:00,0.09305909790350612,0.09533577978486266,0.09277451642171933,0.09476661682128906,289040,0.0,0.0
1988-07-06 00:00:00-04:00,0.09419744991469707,0.09519348513863359,0.09277451993163313,0.093485988676548,597442,0.0,0.0
1988-07-07 00:00:00-04:00,0.09291682179762022,0.09348599231162405,0.09220536053180695,0.09220536053180695,257232,0.0,0.0
1988-07-08 00:00:00-04:00,0.0919207448175259,0.09334365931281219,0.0919207448175259,0.09305907040834427,239253,0.0,0.0
1988-07-11 00:00:00-04:00,0.09334369748830794,0.09391287553002495,0.09334369748830794,0.09334369748830795,208828,0.0,0.0
1988-07-12 00:00:00-04:00,0.09362828984555335,0.09362828984555335,0.09149390572237899,0.09192079305648804,290423,0.0,0.0
1988-07-13 00:00:00-04:00,0.09192077902818808,0.0933436940530485,0.09135160851418425,0.09220536053180695,630633,0.0,0.0
1988-07-14 00:00:00-04:00,0.09220536053180695,0.0924899420354258,0.09163619001780311,0.09220536053180695,1153394,0.0,0.0
1988-07-15 00:00:00-04:00,0.09248991176581885,0.09433971345424651,0.09248991176581885,0.09433971345424652,701164,0.0,0.0
1988-07-18 00:00:00-04:00,0.09405513573197186,0.09405513573197186,0.09220534133013492,0.09320139139890671,224041,0.0,0.0
1988-07-19 00:00:00-04:00,0.09291680244778709,0.09334367461431967,0.09192075988577986,0.09320139139890671,200530,0.0,0.0
1988-07-20 00:00:00-04:00,0.09320137886753353,0.09419742129561808,0.09305907315096058,0.09391283988952637,1376052,0.0,0.0
1988-07-21 00:00:00-04:00,0.09391292231508606,0.09391292231508606,0.09049791241764303,0.09106707572937012,3952518,0.0,0.0
1988-07-22 00:00:00-04:00,0.09106703525665581,0.09106703525665581,0.08950182183149029,0.08992868661880493,936268,0.0,0.0
1988-07-25 00:00:00-04:00,0.09049787372350691,0.09106703679187719,0.09007098640869536,0.09049787372350693,1269563,0.0,0.0
1988-07-26 00:00:00-04:00,0.09021329423763073,0.09135164320468903,0.08964413101425504,0.09135164320468903,860205,0.0,0.0
1988-07-27 00:00:00-04:00,0.09106706159300118,0.09248997715820939,0.09092476328038829,0.09135164320468903,2942953,0.0,0.0
1988-07-28 00:00:00-04:00,0.09135160851418425,0.0924899420354258,0.09135160851418425,0.09220536053180695,1131267,0.0,0.0
1988-07-29 00:00:00-04:00,0.09220532621523049,0.09433970921830492,0.09206302800961487,0.09305907040834427,1174139,0.0,0.0
1988-08-01 00:00:00-04:00,0.09377058303802828,0.09647413010861257,0.0933437032338482,0.09533579647541046,485421,0.0,0.0
1988-08-02 00:00:00-04:00,0.09604721929230596,0.09647408387839955,0.09462428979582667,0.09505116939544678,366486,0.0,0.0
1988-08-03 00:00:00-04:00,0.09505117448721659,0.09505117448721659,0.09419742274900524,0.09433971345424652,248934,0.0,0.0
1988-08-04 00:00:00-04:00,0.09448204189538956,0.09505120489845603,0.09405515462955757,0.09448204189538956,582229,0.0,0.0
1988-08-05 00:00:00-04:00,0.09419745534993484,0.09419745534993484,0.09234766052807275,0.09277452528476715,177020,0.0,0.0
1988-08-08 00:00:00-04:00,0.09305910679374094,0.09377057557970792,0.09277452528476716,0.09277452528476715,217126,0.0,0.0
1988-08-09 00:00:00-04:00,0.09305908343160661,0.09305908343160661,0.09163616873718887,0.09248992055654526,441166,0.0,0.0
1988-08-10 00:00:00-04:00,0.09263227547082228,0.09263227547082228,0.09120934489207613,0.09135164320468903,1322116,0.0,0.0
1988-08-11 00:00:00-04:00,0.09903095733291771,0.09903095733291771,0.09794098892880154,0.09840810298919678,1362222,0.5,0.0
1988-08-12 00:00:00-04:00,0.0984081253569829,0.0984081253569829,0.09716245745932166,0.09794101119041443,391380,0.0,0.0
1988-08-15 00:00:00-04:00,0.09716240629652353,0.097318121889498,0.09576102346181868,0.0957610234618187,502017,0.0,0.0
1988-08-16 00:00:00-04:00,0.09544966071400968,0.09622820624477584,0.0943596920421859,0.09529396146535873,916907,0.0,0.0
1988-08-17 00:00:00-04:00,0.09498250095296418,0.09513821658298563,0.09373683341487168,0.09420396387577057,546272,0.0,0.0
1988-08-18 00:00:00-04:00,0.09404829395325076,0.09435970893547599,0.09311404079198837,0.09311404079198837,542123,0.0,0.0
1988-08-19 00:00:00-04:00,0.09342539443408958,0.09373681742643115,0.09186831233070701,0.09295826405286789,600207,0.0,0.0
1988-08-22 00:00:00-04:00,0.09217974147051396,0.09233544065519635,0.09093405763265437,0.09124547243118286,1233606,0.0,0.0
1988-08-23 00:00:00-04:00,0.08999986826318579,0.09186838301106184,0.08999986826318579,0.09108983725309372,1229457,0.0,0.0
1988-08-24 00:00:00-04:00,0.090622634619544,0.09124547243118288,0.09046693543486162,0.09124547243118286,681802,0.0,0.0
1988-08-25 00:00:00-04:00,0.09077843570259299,0.09155698157605727,0.09062271174164019,0.0909341350197792,503400,0.0,0.0
1988-08-26 00:00:00-04:00,0.09062266049374726,0.09093408359577385,0.08968841583142013,0.09046696126461029,1753601,0.0,0.0
1988-08-29 00:00:00-04:00,0.09046700889030465,0.09077843215627775,0.09046700889030465,0.09062270820140839,405209,0.0,0.0
1988-08-30 00:00:00-04:00,0.0906226745025347,0.09249119697436889,0.0906226745025347,0.09155694395303726,1403711,0.0,0.0
1988-08-31 00:00:00-04:00,0.09186839663960743,0.09249123498129663,0.0909341350197792,0.0909341350197792,1033076,0.0,0.0
1988-09-01 00:00:00-04:00,0.09077840705253763,0.09077840705253763,0.08719708566445797,0.0893770232796669,918290,0.0,0.0
1988-09-02 00:00:00-04:00,0.0896884230751636,0.09280260505944313,0.0896884230751636,0.09264688938856125,478506,0.0,0.0
1988-09-06 00:00:00-04:00,0.0921797641764505,0.09498251448275077,0.0921797641764505,0.09404826164245605,384465,0.0,0.0
1988-09-07 00:00:00-04:00,0.094359676517693,0.09467109139292994,0.09311400880216134,0.09404826164245605,467443,0.0,0.0
1988-09-08 00:00:00-04:00,0.0937368467672191,0.094359676517693,0.09358114754418452,0.09404826164245605,139680,0.0,0.0
1988-09-09 00:00:00-04:00,0.09373686304071364,0.09544966158104061,0.09326972421759129,0.0946711078286171,900311,0.0,0.0
1988-09-12 00:00:00-04:00,0.094359676517693,0.09513823013495314,0.09404826164245605,0.09404826164245605,728823,0.0,0.0
1988-09-13 00:00:00-04:00,0.09404825410217214,0.09404825410217214,0.0926468708467935,0.09358114004135132,558718,0.0,0.0
1988-09-14 00:00:00-04:00,0.09420397367920723,0.09544964134693146,0.09420397367920723,0.09544964134693146,268295,0.0,0.0
1988-09-15 00:00:00-04:00,0.0956053772602765,0.09576107651034176,0.0946711078286171,0.0946711078286171,207445,0.0,0.0
1988-09-16 00:00:00-04:00,0.09389267197564291,0.09467120185755871,0.09389267197564291,0.09451550245285034,395528,0.0,0.0
1988-09-19 00:00:00-04:00,0.09653956906660764,0.09685098379850388,0.09560531665633881,0.09685098379850388,586378,0.0,0.0
1988-09-20 00:00:00-04:00,0.09669531953575422,0.09856383356252275,0.09646177068475402,0.09786313772201538,245246,0.0,1.5
1988-09-21 00:00:00-04:00,0.0985638615362618,0.09903100044376477,0.09716247767210007,0.09716247767210007,595598,0.0,0.0
1988-09-22 00:00:00-04:00,0.09716245235482412,0.09716245235482412,0.09622819942701355,0.09692888706922531,535669,0.0,0.0
1988-09-23 00:00:00-04:00,0.09622824416104374,0.09786318549110817,0.09622824416104374,0.09762963652610779,478506,0.0,0.0
1988-09-26 00:00:00-04:00,0.09809675088528551,0.09856388167364019,0.09716249752316462,0.09762963652610779,403826,0.0,0.0
1988-09-27 00:00:00-04:00,0.09809670300218451,0.09833026828235364,0.0973960153762616,0.09786313772201538,151204,0.0,0.0
1988-09-28 00:00:00-04:00,0.09809670300218451,0.09903097233744548,0.09716245009609246,0.09786313772201538,217587,0.0,0.0
1988-09-29 00:00:00-04:00,0.09786312880534384,0.09996520792075332,0.09716244124326316,0.09833025932312012,398294,0.0,0.0
1988-09-30 00:00:00-04:00,0.0987973466935719,0.09949803394964457,0.09739596396684645,0.09739596396684647,481272,0.0,0.0
1988-10-03 00:00:00-04:00,0.09786310958347465,0.09856380522251129,0.09669529173299568,0.09856380522251129,587300,0.0,0.0
1988-10-04 00:00:00-04:00,0.09762953733831085,0.09786308606603486,0.09716239880996219,0.09739596396684647,366947,0.0,0.0
1988-10-05 00:00:00-04:00,0.09716250574699582,0.09879745543003081,0.09622825230579976,0.09879745543003082,366947,0.0,0.0
1988-10-06 00:00:00-04:00,0.09879738984089638,0.09879738984089638,0.09809669406423198,0.09833025932312012,460067,0.0,0.0
1988-10-07 00:00:00-04:00,0.09879745543003081,0.09879745543003081,0.09809675918819188,0.09879745543003082,556874,0.0,0.0
1988-10-10 00:00:00-04:00,0.09856380522251129,0.09879737043552352,0.09809667479648687,0.09856380522251129,278437,0.0,0.0
1988-10-11 00:00:00-04:00,0.09716244124326316,0.0983302593231201,0.09716244124326316,0.09833025932312012,1079636,0.0,0.0
1988-10-12 00:00:00-04:00,0.09833021637980338,0.09833021637980338,0.09692883365307793,0.09739596396684647,284891,0.0,0.0
1988-10-13 00:00:00-04:00,0.09692888481592334,0.09833026828235364,0.09692888481592334,0.09786313772201538,282125,0.0,0.0
1988-10-14 00:00:00-04:00,0.09762963652610779,0.09879744706781753,0.09739606291734196,0.09762963652610779,595598,0.0,0.0
1988-10-17 00:00:00-04:00,0.09762963652610779,0.09879744706781753,0.09762963652610779,0.09762963652610779,634321,0.0,0.0
1988-10-18 00:00:00-04:00,0.09762963652610779,0.09786318549110817,0.09716249752316462,0.09762963652610779,217587,0.0,0.0
1988-10-19 00:00:00-04:00,0.09762953733831085,0.09762953733831085,0.09716239880996219,0.09739596396684647,831624,0.0,0.0
1988-10-20 00:00:00-04:00,0.09716245009609246,0.09786313772201538,0.09669531953575422,0.09786313772201538,392762,0.0,0.0
1988-10-21 00:00:00-04:00,0.09739596396684645,0.09786308606603486,0.09669526849619367,0.09739596396684647,447159,0.0,0.0
1988-10-24 00:00:00-04:00,0.09692893212898729,0.09762963652610779,0.09646181776980955,0.09762963652610779,867581,0.0,0.0
1988-10-25 00:00:00-04:00,0.0971624344018156,0.09762957310128319,0.09669530391693115,0.09669530391693115,420422,0.0,0.0
1988-10-26 00:00:00-04:00,0.09692888706922531,0.09716245235482412,0.09669532178362651,0.09692888706922531,374323,0.0,0.0
1988-10-27 00:00:00-04:00,0.09669529710262813,0.09692886232861056,0.09622817486524582,0.09622817486524582,625101,0.0,0.0
1988-10-28 00:00:00-04:00,0.09669534697918389,0.09786316549688753,0.09669534697918389,0.09716247767210007,415812,0.0,0.0
1988-10-31 00:00:00-05:00,0.09762964478947761,0.09879745543003081,0.09739607116094214,0.09879745543003082,396450,0.0,0.0
1988-11-01 00:00:00-05:00,0.10669846832752228,0.10695435080932439,0.10593084787963457,0.10669846832752228,551343,0.5,0.0
1988-11-02 00:00:00-05:00,0.10618674929047789,0.10669849639033113,0.10593087574055127,0.10644262284040451,352195,0.0,0.0
1988-11-03 00:00:00-05:00,0.10593090474778571,0.10644265198777156,0.10541916650697758,0.10567504912614822,186239,0.0,0.0
1988-11-04 00:00:00-05:00,0.10541906623063042,0.10593080398466519,0.10439559072256088,0.10439559072256088,890630,0.0,0.0
1988-11-07 00:00:00-05:00,0.10465148161454572,0.10465148161454572,0.10413975268602371,0.10413975268602371,91276,0.0,0.0
1988-11-08 00:00:00-05:00,0.10413969267488224,0.10465142130851746,0.10413969267488224,0.10465142130851746,255388,0.0,0.0
1988-11-09 00:00:00-05:00,0.10439556599086687,0.10490729462450209,0.10439556599086687,0.10465142130851746,324536,0.0,0.0
1988-11-10 00:00:00-05:00,0.1049073740998354,0.10644260615963148,0.1049073740998354,0.10618673264980316,882333,0.0,0.0
1988-11-11 00:00:00-05:00,0.10593080398466519,0.10593080398466519,0.10413971734595892,0.10439559072256088,516307,0.0,0.0
1988-11-14 00:00:00-05:00,0.10439560874498281,0.10567496684968651,0.10439560874498281,0.1054190844297409,642618,0.0,0.0
1988-11-15 00:00:00-05:00,0.1049073740998354,0.10721021768994261,0.1049073740998354,0.10618673264980316,497868,0.0,0.0
1988-11-16 00:00:00-05:00,0.10669849639033113,0.10695437893943302,0.10516326408994664,0.10644262284040451,992048,0.0,0.0
1988-11-17 00:00:00-05:00,0.1074660797762371,0.1074660797762371,0.10567499239535111,0.10669846832752228,394606,0.0,0.0
1988-11-18 00:00:00-05:00,0.10721023449100914,0.10746610804093576,0.10593087574055127,0.10644262284040451,242480,0.0,0.0
1988-11-21 00:00:00-05:00,0.10593085913997484,0.10618673264980316,0.1049073740998354,0.10618673264980316,366025,0.0,0.0
1988-11-22 00:00:00-05:00,0.10567499239535111,0.10669846832752228,0.10567499239535111,0.10669846832752228,1038147,0.0,0.0
1988-11-23 00:00:00-05:00,0.10618674929047789,0.10695437893943302,0.10618674929047789,0.10644262284040451,399216,0.0,0.0
1988-11-25 00:00:00-05:00,0.10593093931674957,0.10593093931674957,0.10490745350195645,0.10593093931674957,316238,0.0,0.0
1988-11-28 00:00:00-05:00,0.10618673264980316,0.10644260615963148,0.1056750036284942,0.10618673264980316,766163,0.0,0.0
1988-11-29 00:00:00-05:00,0.10618671909574329,0.10746607748240909,0.10618671909574329,0.1072102040052414,411202,0.0,0.0
1988-11-30 00:00:00-05:00,0.10516325133643256,0.10721022148925186,0.10516325133643256,0.10695436596870422,579924,0.0,0.0
1988-12-01 00:00:00-05:00,0.10695435080932439,0.10695435080932439,0.10644259484489305,0.10669846832752228,184396,0.0,0.0
1988-12-02 00:00:00-05:00,0.10669849639033113,0.10721023449100914,0.10593087574055127,0.10644262284040451,464677,0.0,0.0
1988-12-05 00:00:00-05:00,0.10721022811172184,0.10848960478440399,0.10644261650679211,0.10746610164642334,424110,0.0,0.0
1988-12-06 00:00:00-05:00,0.10721026296844746,0.10848964005708694,0.10721026296844746,0.10848964005708694,242480,0.0,0.0
1988-12-07 00:00:00-05:00,0.10900130122900009,0.11130413535450102,0.10721019602138111,0.10900130122900009,1348853,0.0,0.0
1988-12-08 00:00:00-05:00,0.11309527094322427,0.11411874697083187,0.11258353292942047,0.11258353292942047,1434597,0.0,0.0
1988-12-09 00:00:00-05:00,0.11258352318703828,0.11309526115655899,0.11258352318703828,0.11309526115655899,418578,0.0,0.0
1988-12-12 00:00:00-05:00,0.11309526115655899,0.11309526115655899,0.11283937867303921,0.11309526115655899,261842,0.0,0.0
1988-12-13 00:00:00-05:00,0.11309526115655899,0.11309526115655899,0.11258352318703828,0.11309526115655899,985594,0.0,0.0
1988-12-14 00:00:00-05:00,0.11283937867303921,0.11309526115655899,0.11258352318703828,0.11309526115655899,647228,0.0,0.0
1988-12-15 00:00:00-05:00,0.11309530830038346,0.11411878466606142,0.1125835701175445,0.1141187846660614,396450,0.0,0.0
1988-12-16 00:00:00-05:00,0.11411877043677017,0.11642163246870041,0.1136070413169146,0.11642163246870041,942261,0.0,0.0
1988-12-19 00:00:00-05:00,0.11667748183963597,0.11667748183963597,0.1153981053101685,0.11616573482751846,909070,0.0,0.0
1988-12-20 00:00:00-05:00,0.11616578451386972,0.11642165812937057,0.11488642543554307,0.11488642543554306,806730,0.0,0.0
1988-12-21 00:00:00-05:00,0.11539812647730298,0.11539812647730298,0.11463052381667507,0.11514227092266083,374323,0.0,0.0
1988-12-22 00:00:00-05:00,0.11539812647730298,0.11565400003029586,0.11488639736966795,0.11514227092266083,395528,0.0,0.0
1988-12-23 00:00:00-05:00,0.115653929096293,0.1159098024923511,0.11386284232139587,0.11386284232139587,790135,0.0,0.0
1988-12-27 00:00:00-05:00,0.1136070236883826,0.1136070236883826,0.11181591805176257,0.11232766509056091,186239,0.0,0.0
1988-12-28 00:00:00-05:00,0.11181591240995419,0.11283938843756178,0.11104830088966161,0.11258353292942047,380777,0.0,0.0
1988-12-29 00:00:00-05:00,0.11258352045203944,0.11437460780143738,0.11258352045203944,0.11437460780143738,465599,0.0,0.0
1988-12-30 00:00:00-05:00,0.11411878466606142,0.11667752057613975,0.11411878466606142,0.1141187846660614,686873,0.0,0.0
1989-01-03 00:00:00-05:00,0.11360703037080407,0.11360703037080407,0.1120717981632801,0.11283940076828003,389997,0.0,0.0
1989-01-04 00:00:00-05:00,0.11283937619043703,0.11539809297926455,0.11258352071006522,0.11463049054145813,677654,0.0,0.0
1989-01-05 00:00:00-05:00,0.11463050279033966,0.11693333734734732,0.11463050279033966,0.11616573482751846,669356,0.0,0.0
1989-01-06 00:00:00-05:00,0.11718923966555936,0.11974795735688594,0.11718923966555936,0.11949208378791809,977296,0.0,0.0
1989-01-09 00:00:00-05:00,0.11949204833141197,0.12025966881054186,0.11923619283671519,0.11974792182445526,465599,0.0,0.0
1989-01-10 00:00:00-05:00,0.11974798993132911,0.11974798993132911,0.11923626065254211,0.11923626065254211,385387,0.0,0.0
1989-01-11 00:00:00-05:00,0.11949206670731952,0.12025968730449677,0.11949206670731952,0.12025968730449677,189927,0.0,0.0
1989-01-12 00:00:00-05:00,0.11872441619475507,0.11872441619475507,0.11539807936228362,0.11667745560407639,1733318,0.0,0.0
1989-01-13 00:00:00-05:00,0.11667748183963597,0.11718921085340606,0.11590985232228601,0.11616573482751846,698859,0.0,0.0
1989-01-16 00:00:00-05:00,0.11616573482751848,0.11693333734734732,0.11616573482751848,0.11616573482751846,492336,0.0,0.0
1989-01-17 00:00:00-05:00,0.11667747228709008,0.11667747228709008,0.11565396934747696,0.11565396934747696,528293,0.0,0.0
1989-01-18 00:00:00-05:00,0.11616575062106851,0.11770098286697293,0.11565399454020046,0.11693335324525833,1551688,0.0,0.0
1989-01-19 00:00:00-05:00,0.11667751598086133,0.11770100130540657,0.11667751598086133,0.11744511872529984,1063040,0.0,0.0
1989-01-20 00:00:00-05:00,0.11693333734734732,0.11693333734734732,0.11565397881622726,0.11616573482751846,1461335,0.0,0.0
1989-01-23 00:00:00-05:00,0.11565397881622726,0.11718921085340606,0.11565397881622726,0.11616573482751846,751412,0.0,0.0
1989-01-24 00:00:00-05:00,0.1166774865962126,0.11846857421411978,0.1166774865962126,0.1177009716629982,1101763,0.0,0.0
1989-01-25 00:00:00-05:00,0.11744511872529984,0.11744511872529984,0.11693337156343904,0.11744511872529984,436095,0.0,0.0
1989-01-26 00:00:00-05:00,0.11693339790539538,0.11923626065254211,0.11693339790539538,0.11923626065254211,804886,0.0,0.0
1989-01-27 00:00:00-05:00,0.12179497004072562,0.12230670831869098,0.11872450437622004,0.11923626065254211,1486228,0.0,0.0
1989-01-30 00:00:00-05:00,0.11923617241285221,0.1210272595598417,0.11923617241285221,0.12000377476215363,382621,0.0,0.0
1989-01-31 00:00:00-05:00,0.12941238284111023,0.1305232071755882,0.12913466210668179,0.12941238284111023,345742,0.5,0.0
1989-02-01 00:00:00-05:00,0.12885689735412598,0.1294123288239378,0.12830147565151603,0.12885689735412598,462833,0.0,0.0
1989-02-02 00:00:00-05:00,0.12941238472873018,0.12941238472873018,0.1277461286682971,0.12830153107643127,868503,0.0,0.0
1989-02-03 00:00:00-05:00,0.12719072210023427,0.12774615391977856,0.1266353195823141,0.12691301107406616,186239,0.0,0.0
1989-02-06 00:00:00-05:00,0.12719066441059113,0.1274683753107984,0.12719066441059113,0.12719066441059113,150282,0.0,0.0
1989-02-07 00:00:00-05:00,0.12719060699768514,0.13135623931884766,0.12719060699768514,0.13135623931884766,5286620,0.0,0.0
1989-02-08 00:00:00-05:00,0.13107869261729949,0.13107869261729949,0.1299678385257721,0.1299678385257721,1112827,0.0,0.0
1989-02-09 00:00:00-05:00,0.12941233410530267,0.13107858951393112,0.12941233410530267,0.13024544715881348,762476,0.0,0.0
1989-02-10 00:00:00-05:00,0.12857913970947266,0.12941228172738706,0.12830142895923397,0.12857913970947266,1476086,0.0,0.0
1989-02-13 00:00:00-05:00,0.12802373774339193,0.12885685045971135,0.12774602699315324,0.12857913970947266,200991,0.0,0.0
1989-02-14 00:00:00-05:00,0.12774601799761134,0.1283014199245821,0.12746829749973068,0.12802372872829437,464677,0.0,0.0
1989-02-15 00:00:00-05:00,0.12774607348330985,0.12885689735412598,0.12774607348330985,0.12885689735412598,243402,0.0,0.0
1989-02-16 00:00:00-05:00,0.12830147565151603,0.12913460820543093,0.12830147565151603,0.12885689735412598,277515,0.0,0.0
1989-02-17 00:00:00-05:00,0.1283014808875466,0.13024544715881348,0.1283014808875466,0.13024544715881348,189927,0.0,0.0
1989-02-21 00:00:00-05:00,0.13024548903932012,0.13024548903932012,0.12885694404684275,0.1291346549987793,143829,0.0,0.0
1989-02-22 00:00:00-05:00,0.1291346549987793,0.129690067135447,0.1291346549987793,0.1291346549987793,527371,0.0,0.0
1989-02-23 00:00:00-05:00,0.12885689735412598,0.12913460820543093,0.128579186502821,0.12885689735412598,315316,0.0,0.0
1989-02-24 00:00:00-05:00,0.12857918842372681,0.12885689927918065,0.1277460753917694,0.1277460753917694,498790,0.0,0.0
1989-02-27 00:00:00-05:00,0.1277461286682971,0.12830153107643127,0.1277461286682971,0.12830153107643127,321770,0.0,0.0
1989-02-28 00:00:00-05:00,0.12774607460192264,0.129690021276474,0.12774607460192264,0.129690021276474,656448,0.0,0.0
1989-03-01 00:00:00-05:00,0.1294123757179213,0.129690067135447,0.1291346549987793,0.1291346549987793,362337,0.0,0.0
1989-03-02 00:00:00-05:00,0.1294124358980333,0.1305232606879308,0.1294124358980333,0.1299678385257721,471131,0.0,0.0
1989-03-03 00:00:00-05:00,0.12996773629617503,0.13052315802145192,0.12969002543353655,0.13024544715881348,569782,0.0,0.0
1989-03-06 00:00:00-05:00,0.13080086251642883,0.13274481892585754,0.1299677299690721,0.13274481892585754,688717,0.0,0.0
1989-03-07 00:00:00-05:00,0.13218942284584045,0.13246713372826008,0.13218942284584045,0.13218942284584045,174254,0.0,0.0
1989-03-08 00:00:00-05:00,0.13218942284584045,0.1330225457258963,0.13135629019858164,0.13218942284584045,444393,0.0,0.0
1989-03-09 00:00:00-05:00,0.13191171196342086,0.13246713372826008,0.13163400108100123,0.13218942284584045,161346,0.0,0.0
1989-03-10 00:00:00-05:00,0.131911646648968,0.131911646648968,0.13052310269159367,0.13080081343650818,597442,0.0,0.0
1989-03-13 00:00:00-05:00,0.1305232606879308,0.13163409524503825,0.1299678385257721,0.1299678385257721,744958,0.0,0.0
1989-03-14 00:00:00-05:00,0.12996773099214398,0.12996773099214398,0.12802378433461484,0.12885689735412598,2032961,0.0,0.0
1989-03-15 00:00:00-05:00,0.12857913065526513,0.12885684138594813,0.12552433215214717,0.12802372872829437,638009,0.0,0.0
1989-03-16 00:00:00-05:00,0.12857913065526513,0.12885684138594813,0.12774601799761134,0.12802372872829437,439783,0.0,0.0
1989-03-17 00:00:00-05:00,0.12607985734939575,0.1271906815656419,0.12552442570686284,0.12607985734939575,863893,0.0,0.0
1989-03-20 00:00:00-05:00,0.1260798501961771,0.12635756111808497,0.12580212950706482,0.12580212950706482,552265,0.0,0.0
1989-03-21 00:00:00-05:00,0.1266352662987216,0.12719066858294834,0.126079844480087,0.1263575553894043,432408,0.0,0.0
1989-03-22 00:00:00-05:00,0.12663527922472376,0.12663527922472376,0.12580213664452683,0.12607985734939575,541201,0.0,0.0
1989-03-23 00:00:00-05:00,0.1260798461307891,0.12635755704374232,0.12469130133322699,0.12524670362472534,543967,0.0,0.0
1989-03-27 00:00:00-05:00,0.1249690233659447,0.12635756828705974,0.1249690233659447,0.12607985734939575,394606,0.0,0.0
1989-03-28 00:00:00-05:00,0.12663526795669555,0.12663526795669555,0.12496901224618022,0.12524670362472534,676732,0.0,0.0
1989-03-29 00:00:00-05:00,0.12552444636821747,0.12552444636821747,0.12496904393587996,0.12552444636821747,658292,0.0,0.0
1989-03-30 00:00:00-05:00,0.126079844480087,0.12719066858294834,0.12580212380356579,0.1263575553894043,325458,0.0,0.0
1989-03-31 00:00:00-05:00,0.1266352621445838,0.12719066441059113,0.1263575512443765,0.12719066441059113,373401,0.0,0.0
1989-04-03 00:00:00-04:00,0.12830151554909294,0.12830151554909294,0.12607985734939575,0.12607985734939575,539357,0.0,0.0
1989-04-04 00:00:00-04:00,0.12663526795669555,0.12663526795669555,0.12524670362472534,0.12524670362472534,293189,0.0,0.0
1989-04-05 00:00:00-04:00,0.12635752767983494,0.12663523852825165,0.12552438536738303,0.12663523852825165,780915,0.0,0.0
1989-04-06 00:00:00-04:00,0.12663527203999286,0.12663527203999286,0.12580212950706482,0.12580212950706482,158580,0.0,0.0
1989-04-07 00:00:00-04:00,0.12635752767983494,0.1274683515390982,0.12580209621579974,0.12663523852825165,158580,0.0,0.0
1989-04-10 00:00:00-04:00,0.12719064391365972,0.12802378624722324,0.12663524173715612,0.1277460753917694,648150,0.0,0.0
1989-04-11 00:00:00-04:00,0.12774607460192264,0.12996773213021076,0.12774607460192264,0.129690021276474,329146,0.0,0.0
1989-04-12 00:00:00-04:00,0.12996773213021076,0.13024544298394752,0.1294123299571412,0.129690021276474,177942,0.0,0.0
1989-04-13 00:00:00-04:00,0.12969007427392076,0.12996778524114325,0.1288569511394593,0.12941238284111023,498790,0.0,0.0
1989-04-14 00:00:00-04:00,0.13107869261729949,0.13107869261729949,0.12913471504974397,0.1299678385257721,374323,0.0,0.0
1989-04-17 00:00:00-04:00,0.12941236571483275,0.1305231899023056,0.12941236571483275,0.1305231899023056,326380,0.0,0.0
1989-04-18 00:00:00-04:00,0.1310785710811615,0.13163397319393108,0.1308008504903749,0.1310785710811615,1651262,0.0,0.0
1989-04-19 00:00:00-04:00,0.1310785710811615,0.13135626237034537,0.1308008504903749,0.1310785710811615,444393,0.0,0.0
1989-04-20 00:00:00-04:00,0.13135627663169258,0.13135627663169258,0.12913460933620247,0.129690021276474,532903,0.0,0.0
1989-04-21 00:00:00-04:00,0.1294124358980333,0.1305232606879308,0.1294124358980333,0.1299678385257721,688717,0.0,0.0
1989-04-24 00:00:00-04:00,0.12941238284111023,0.12969007427392076,0.12857924017223682,0.12941238284111023,1016941,0.0,0.0
1989-04-25 00:00:00-04:00,0.12885689735412598,0.1294123288239378,0.12885689735412598,0.12885689735412598,429642,0.0,0.0
1989-04-26 00:00:00-04:00,0.13052309600284864,0.13052309600284864,0.12802372872829437,0.12802372872829437,407514,0.0,0.0
1989-04-27 00:00:00-04:00,0.12802372872829437,0.12802372872829437,0.12691287603836462,0.12802372872829437,1342399,0.0,0.0
1989-04-28 00:00:00-04:00,0.12774601799761134,0.1283014199245821,0.12746829749973068,0.12802372872829437,625101,0.0,0.0
1989-05-01 00:00:00-04:00,0.12774607460192264,0.129690021276474,0.12774607460192264,0.129690021276474,254466,0.0,0.0
1989-05-02 00:00:00-04:00,0.14111136706310487,0.14141288927617077,0.13990528881549835,0.13990528881549835,922900,0.5,0.0
1989-05-03 00:00:00-04:00,0.13990527164090705,0.14171439409255981,0.13990527164090705,0.14171439409255981,1022473,0.0,0.0
1989-05-04 00:00:00-04:00,0.1414128719165084,0.14231744904931837,0.141111349740457,0.14171439409255981,1807076,0.0,0.0
1989-05-05 00:00:00-04:00,0.1417143464670385,0.1429204241612655,0.14111130231759894,0.14141282439231873,2901464,0.0,0.0
1989-05-08 00:00:00-04:00,0.14111131710887384,0.14141283921519915,0.14050829410552979,0.14050829410552979,1107295,0.0,0.0
1989-05-09 00:00:00-04:00,0.14050829410552979,0.14111131710887384,0.1402067613945512,0.14050829410552979,1527717,0.0,0.0
1989-05-10 00:00:00-04:00,0.14050829410552979,0.14080979500254856,0.13990523928822593,0.14050829410552979,877723,0.0,0.0
1989-05-11 00:00:00-04:00,0.14020681102856422,0.140809844850039,0.13930224438936656,0.13990528881549835,1202259,0.0,0.0
1989-05-12 00:00:00-04:00,0.1411113328545151,0.14382502150959137,0.1411113328545151,0.14352349936962128,1017863,0.0,0.0
1989-05-15 00:00:00-04:00,0.14412656957312936,0.14593569226680927,0.14322201352861796,0.14563415944576263,697937,0.0,0.0
1989-05-16 00:00:00-04:00,0.1456341652704614,0.14653874256046603,0.1450311420228785,0.14533266425132751,582690,0.0,0.0
1989-05-17 00:00:00-04:00,0.14503105440251102,0.14714169812185326,0.14503105440251102,0.14593560993671417,550421,0.0,0.0
1989-05-18 00:00:00-04:00,0.14593560993671417,0.14684017607556848,0.14593560993671417,0.14593560993671417,607583,0.0,0.0
1989-05-19 00:00:00-04:00,0.14593565824777616,0.14834782481193542,0.14563412549701976,0.14834782481193542,1427221,0.0,0.0
1989-05-22 00:00:00-04:00,0.14834787893528387,0.1486494011913932,0.1474433015622973,0.14774483442306519,605739,0.0,0.0
1989-05-23 00:00:00-04:00,0.14714174399894472,0.14804629981517792,0.14684022185864884,0.14804629981517792,1645730,0.0,0.0
1989-05-24 00:00:00-04:00,0.14774478051973194,0.14895084789482957,0.14774478051973194,0.14834782481193542,817794,0.0,0.0
1989-05-25 00:00:00-04:00,0.14804630266583368,0.14864934695803717,0.14804630266583368,0.14834782481193542,700703,0.0,0.0
1989-05-26 00:00:00-04:00,0.14834778033858068,0.14925232529640198,0.14834778033858068,0.14925232529640198,934885,0.0,0.0
1989-05-30 00:00:00-04:00,0.14774478051973194,0.14895084789482957,0.14774478051973194,0.14834782481193542,992970,0.0,0.0
1989-05-31 00:00:00-04:00,0.14804633518634444,0.15106152549572785,0.14804633518634444,0.14864937961101532,367869,0.0,0.0
1989-06-01 00:00:00-04:00,0.14895087517579975,0.151363052786414,0.14895087517579975,0.1510615199804306,673966,0.0,0.0
1989-06-02 00:00:00-04:00,0.15076009311790106,0.15256921686527236,0.15076009311790106,0.1522676944732666,383543,0.0,0.0
1989-06-05 00:00:00-04:00,0.15196619329058747,0.15287073925727815,0.15045857072589527,0.1522676944732666,508010,0.0,0.0
1989-06-06 00:00:00-04:00,0.1522676944732666,0.1522676944732666,0.15136314850657592,0.1522676944732666,1510199,0.0,0.0
1989-06-07 00:00:00-04:00,0.15256916062785073,0.15739348530769348,0.15256916062785073,0.15739348530769348,674888,0.0,0.0
1989-06-08 00:00:00-04:00,0.1573934792087781,0.1573934792087781,0.15317220985889435,0.15317220985889435,772617,0.0,0.0
1989-06-09 00:00:00-04:00,0.1525691547158754,0.15377523318793632,0.15166460911765345,0.15317220985889435,767085,0.0,0.0
1989-06-12 00:00:00-04:00,0.15256901343320278,0.15256901343320278,0.1516644686726116,0.15196599066257477,942261,0.0,0.0
1989-06-13 00:00:00-04:00,0.1507600345263688,0.15196613423031538,0.1507600345263688,0.1513630896806717,458223,0.0,0.0
1989-06-14 00:00:00-04:00,0.1507600345263688,0.15196613423031538,0.1507600345263688,0.1513630896806717,178864,0.0,0.0
1989-06-15 00:00:00-04:00,0.15075998302564744,0.15136303797394232,0.1498554377194996,0.15015695989131927,212977,0.0,0.0
1989-06-16 00:00:00-04:00,0.14925238277120473,0.15015695989131927,0.1489508605993851,0.15015695989131927,949637,0.0,0.0
1989-06-19 00:00:00-04:00,0.14895085488910806,0.1504584550857544,0.14895085488910806,0.1504584550857544,273827,0.0,0.0
1989-06-20 00:00:00-04:00,0.15075997016678536,0.15075997016678536,0.14834782481193542,0.14834782481193542,150282,0.0,0.0
1989-06-21 00:00:00-04:00,0.1483478777407788,0.1483478777407788,0.14653875482334844,0.14714179933071136,627867,0.0,0.0
1989-06-22 00:00:00-04:00,0.14774483442306519,0.1480463566791745,0.14653875600328634,0.14774483442306519,376167,0.0,0.0
1989-06-23 00:00:00-04:00,0.14744324290417496,0.14985541999340057,0.14744324290417496,0.14985541999340057,288579,0.0,0.0
1989-06-26 00:00:00-04:00,0.1492523671670525,0.1492523671670525,0.14804629981517792,0.14804629981517792,284891,0.0,0.0
1989-06-27 00:00:00-04:00,0.1474432449299317,0.14895084502675665,0.1474432449299317,0.14804629981517792,230494,0.0,0.0
1989-06-28 00:00:00-04:00,0.14744330037507594,0.14804635548709733,0.14714179933071136,0.14714179933071136,136453,0.0,0.0
1989-06-29 00:00:00-04:00,0.14714179933071136,0.14744330037507594,0.14714179933071136,0.14714179933071136,363259,0.0,0.0
1989-06-30 00:00:00-04:00,0.14714169812185326,0.14714169812185326,0.1453325764487958,0.14593560993671417,825170,0.0,0.0
1989-07-03 00:00:00-04:00,0.14593569226680927,0.14684025891597782,0.14563415944576263,0.14563415944576263,284891,0.0,0.0
1989-07-05 00:00:00-04:00,0.1453325764487958,0.14593560993671417,0.14382497682202308,0.14593560993671417,326380,0.0,0.0
1989-07-06 00:00:00-04:00,0.14533266966359373,0.1456341706939557,0.14382506906986237,0.14382506906986237,153048,0.0,0.0
1989-07-07 00:00:00-04:00,0.1438249783137307,0.14412648975849152,0.14080976842426132,0.14412648975849152,792901,0.0,0.0
1989-07-10 00:00:00-04:00,0.14412657533753145,0.145935698103568,0.14412657533753145,0.14533266425132751,342054,0.0,0.0
1989-07-11 00:00:00-04:00,0.14593570452587087,0.14744329452514648,0.14563417167949452,0.14744329452514648,394606,0.0,0.0
1989-07-12 00:00:00-04:00,0.14714178113236734,0.14714178113236734,0.14563415944576263,0.14563415944576263,542123,0.0,0.0
1989-07-13 00:00:00-04:00,0.14503105440251102,0.14593560993671417,0.14442801030994148,0.14593560993671417,2008067,0.0,0.0
1989-07-14 00:00:00-04:00,0.146237233747177,0.1486494011913932,0.1456341786302998,0.14774483442306519,438861,0.0,0.0
1989-07-17 00:00:00-04:00,0.14774483442306519,0.14834787893528387,0.14714180051550502,0.14774483442306519,565172,0.0,0.0
1989-07-18 00:00:00-04:00,0.14653875482334844,0.14744330037507594,0.14653875482334844,0.14714179933071136,263686,0.0,0.0
1989-07-19 00:00:00-04:00,0.14714169981507128,0.14925232234939897,0.14714169981507128,0.14895080029964447,263686,0.0,0.0
1989-07-20 00:00:00-04:00,0.14895089512908014,0.14895089512908014,0.14714179349274423,0.14744329452514648,640774,0.0,0.0
1989-07-21 00:00:00-04:00,0.14744324776897552,0.14834782481193542,0.14714174683218312,0.14834782481193542,277515,0.0,0.0
1989-07-24 00:00:00-04:00,0.14774483442306519,0.1486494011913932,0.14714180051550502,0.14774483442306519,285813,0.0,0.0
1989-07-25 00:00:00-04:00,0.14834777740943803,0.15075992199352023,0.14804625535968352,0.14895080029964447,184396,0.0,0.0
1989-07-26 00:00:00-04:00,0.14864935393815806,0.1504584550857544,0.14864935393815806,0.1504584550857544,1132189,0.0,0.0
1989-07-27 00:00:00-04:00,0.1498554377194996,0.15045846085382777,0.14955391554767997,0.15015695989131927,622335,0.0,0.0
1989-07-28 00:00:00-04:00,0.15045847278793723,0.1522675953576961,0.15045847278793723,0.1507599949836731,859283,0.0,0.0
1989-07-31 00:00:00-04:00,0.1507600724362715,0.15498137474060059,0.1507600724362715,0.15498137474060059,600207,0.0,0.0
1989-08-01 00:00:00-04:00,0.1650116985955521,0.16631098981557724,0.16403720161966057,0.16468685865402222,510776,0.5,0.0
1989-08-02 00:00:00-04:00,0.16403720161966057,0.1650116985955521,0.16403720161966057,0.16468685865402222,236026,0.0,0.0
1989-08-03 00:00:00-04:00,0.16501163149002446,0.16598609379658272,0.16501163149002446,0.1653364598751068,217587,0.0,0.0
1989-08-04 00:00:00-04:00,0.16598604678934925,0.16598604678934925,0.16468674504132633,0.16501158475875854,459145,0.0,0.0
1989-08-07 00:00:00-04:00,0.16533647490232523,0.16890956461429596,0.16533647490232523,0.16890956461429596,472053,0.0,0.0
1989-08-08 00:00:00-04:00,0.16825979025918977,0.16923426346417614,0.1679349620494149,0.16858462989330292,466521,0.0,0.0
1989-08-09 00:00:00-04:00,0.16825982161753872,0.17085842493135928,0.16825982161753872,0.16988395154476166,454535,0.0,0.0
1989-08-10 00:00:00-04:00,0.16955917544004942,0.1708584774966955,0.16890954154824225,0.1705336719751358,1016941,0.0,0.0
1989-08-11 00:00:00-04:00,0.17085836761720943,0.17085836761720943,0.16761010885238647,0.16761010885238647,788291,0.0,0.0
1989-08-14 00:00:00-04:00,0.16825975477695465,0.1689094224838422,0.16761009849440295,0.16825975477695465,256310,0.0,0.0
1989-08-15 00:00:00-04:00,0.16793506794613366,0.16890956461429596,0.16761023953152807,0.16890956461429596,153048,0.0,0.0
1989-08-16 00:00:00-04:00,0.16825979025918977,0.169559091673951,0.16825979025918977,0.16858462989330292,290423,0.0,0.0
1989-08-17 00:00:00-04:00,0.1679349620494149,0.16858462989330292,0.1679349620494149,0.16858462989330292,310706,0.0,0.0
1989-08-18 00:00:00-04:00,0.1685846613121918,0.16988395154476166,0.1685846613121918,0.16988395154476166,186239,0.0,0.0
1989-08-21 00:00:00-04:00,0.1708584377877354,0.17118326608249002,0.16923430773830353,0.16955913603305817,398294,0.0,0.0
1989-08-22 00:00:00-04:00,0.169559091673951,0.169559091673951,0.16825979025918977,0.16858462989330292,389997,0.0,0.0
1989-08-23 00:00:00-04:00,0.16825982161753872,0.16988395154476166,0.16825982161753872,0.16988395154476166,577158,0.0,0.0
1989-08-24 00:00:00-04:00,0.17053367034223127,0.1744315650505022,0.17020883055075028,0.17248259484767914,660136,0.0,0.0
1989-08-25 00:00:00-04:00,0.17248251853776453,0.17410667107923478,0.17118322849273682,0.17118322849273682,527371,0.0,0.0
1989-08-28 00:00:00-04:00,0.16955915814005,0.17410673201084137,0.16955915814005,0.17410673201084137,439783,0.0,0.0
1989-08-29 00:00:00-04:00,0.17345706700237895,0.1737818953238771,0.17280741035938263,0.17280741035938263,225885,0.0,0.0
1989-08-30 00:00:00-04:00,0.1728074145264499,0.17410672784377412,0.1728074145264499,0.173457071185112,551343,0.0,0.0
1989-08-31 00:00:00-04:00,0.17378191649913788,0.1747563901580294,0.1734570881380595,0.17378191649913788,484038,0.0,0.0
1989-09-01 00:00:00-04:00,0.17443148791790009,0.1754059725884001,0.17410667111873884,0.17443148791790009,971764,0.0,0.0
1989-09-05 00:00:00-04:00,0.17378193973651815,0.1741067681410312,0.17183298073378497,0.17215780913829803,370635,0.0,0.0
1989-09-06 00:00:00-04:00,0.1715081224334146,0.1715081224334146,0.16923433542251587,0.16923433542251587,866659,0.0,0.0
1989-09-07 00:00:00-04:00,0.16923422777644634,0.16923422777644634,0.16825975477695465,0.16825975477695465,1139564,0.0,0.0
1989-09-08 00:00:00-04:00,0.16890943292212146,0.16890943292212146,0.16761010885238647,0.16761010885238647,502478,0.0,0.0
1989-09-11 00:00:00-04:00,0.16761016335025908,0.1679349916172255,0.16598603343976728,0.1663108617067337,805808,0.0,0.0
1989-09-12 00:00:00-04:00,0.1659860759973526,0.16631090434760257,0.1659860759973526,0.1659860759973526,1230840,0.0,0.0
1989-09-13 00:00:00-04:00,0.16631095883964728,0.16631095883964728,0.16338753700256348,0.16338753700256348,1585802,0.0,0.0
1989-09-14 00:00:00-04:00,0.16338753700256348,0.16371236545924397,0.16241304020817499,0.16338753700256348,1830126,0.0,0.0
1989-09-15 00:00:00-04:00,0.16241304020817499,0.16436199952391112,0.16241304020817499,0.16338753700256348,988360,0.0,0.0
1989-09-18 00:00:00-04:00,0.16306265511813253,0.1659860759973526,0.16306265511813253,0.1659860759973526,543045,0.0,0.0
1989-09-19 00:00:00-04:00,0.16501158560385845,0.16955913603305817,0.16501158560385845,0.16955913603305817,775383,0.0,0.0
1989-09-20 00:00:00-04:00,0.1692343267661189,0.17020881175994873,0.1692343267661189,0.17020881175994873,673044,0.0,0.0
1989-09-21 00:00:00-04:00,0.1702087810742676,0.17085842619535857,0.16728533804416656,0.16728533804416656,408436,0.0,0.0
1989-09-22 00:00:00-04:00,0.1679350526827325,0.1685847208772417,0.1653364598751068,0.1653364598751068,717299,0.0,0.0
1989-09-25 00:00:00-04:00,0.16468682798059164,0.1650116678616191,0.16338753700256348,0.16338753700256348,604817,0.0,0.0
1989-09-26 00:00:00-04:00,0.16371236545924397,0.16566130192628625,0.16338753700256348,0.16338753700256348,423188,0.0,0.0
1989-09-27 00:00:00-04:00,0.16306260660010022,0.1650115646973592,0.16306260660010022,0.1637122631072998,703469,0.0,0.0
1989-09-28 00:00:00-04:00,0.1633874348537,0.16403706851222,0.1633874348537,0.1637122631072998,838078,0.0,0.0
1989-09-29 00:00:00-04:00,0.16338741286765993,0.1637122410775496,0.16046395897865295,0.16046395897865295,1100841,0.0,0.0
1989-10-02 00:00:00-04:00,0.16078878718854261,0.16111362682277056,0.16013915361743983,0.16046395897865295,763397,0.0,0.0
1989-10-03 00:00:00-04:00,0.16111376881599426,0.16143859731216265,0.16046410039930914,0.16111376881599426,668434,0.0,0.0
1989-10-04 00:00:00-04:00,0.16078881919384003,0.16111365889272788,0.16046399091929273,0.16078881919384003,317160,0.0,0.0
1989-10-05 00:00:00-04:00,0.16046408123057157,0.16111374956964855,0.1591647902498055,0.15981444716453552,373401,0.0,0.0
1989-10-06 00:00:00-04:00,0.15981440450326215,0.16111370656153612,0.15981440450326215,0.16013923287391663,703469,0.0,0.0
1989-10-09 00:00:00-04:00,0.16013922670977573,0.16013922670977573,0.15916474163532257,0.15916474163532257,472975,0.0,0.0
1989-10-10 00:00:00-04:00,0.15916472988063293,0.15916472988063293,0.1562412977218628,0.1562412977218628,1835657,0.0,0.0
1989-10-11 00:00:00-04:00,0.15591649305251867,0.15591649305251867,0.15494201932647172,0.15526683628559113,894318,0.0,0.0
1989-10-12 00:00:00-04:00,0.15526679370059904,0.15559162199497223,0.1549419768305671,0.15559162199497223,311628,0.0,0.0
1989-10-13 00:00:00-04:00,0.15526690175094415,0.1559165587917873,0.14877037703990936,0.14877037703990936,867581,0.0,0.0
1989-10-16 00:00:00-04:00,0.1494201192620336,0.15299320047737186,0.14812081596333287,0.15266837179660797,1830126,0.0,0.0
1989-10-17 00:00:00-04:00,0.1513690799222621,0.15331804058249057,0.1513690799222621,0.15266837179660797,708079,0.0,0.0
1989-10-18 00:00:00-04:00,0.15234332537139297,0.15461711146246085,0.15234332537139297,0.1539674550294876,501556,0.0,0.0
1989-10-19 00:00:00-04:00,0.15461719895956244,0.1578654601139265,0.15461719895956244,0.15656615793704987,549499,0.0,0.0
1989-10-20 00:00:00-04:00,0.1559164822101593,0.15689094444409823,0.15559165384928395,0.1559164822101593,771695,0.0,0.0
1989-10-23 00:00:00-04:00,0.1559165041730641,0.15624133257969586,0.14877032492454648,0.14941999316215515,1798778,0.0,0.0
1989-10-24 00:00:00-04:00,0.14812067476807336,0.14812067476807336,0.14552205922343378,0.14682134985923767,4358188,0.0,0.0
1989-10-25 00:00:00-04:00,0.1464964993930696,0.1477958241059372,0.1464964993930696,0.14747099578380585,1167224,0.0,0.0
1989-10-26 00:00:00-04:00,0.14682137870348377,0.1471462071384219,0.1455220878124237,0.1455220878124237,529215,0.0,0.0
1989-10-27 00:00:00-04:00,0.1455219778039888,0.14584680599337058,0.14487231000088768,0.14519713819026947,467443,0.0,0.0
1989-10-30 00:00:00-05:00,0.14454750244168316,0.14487230777740479,0.14454750244168316,0.14487230777740479,248934,0.0,0.0
1989-10-31 00:00:00-05:00,0.15651505347821468,0.15793146464959862,0.15651505347821468,0.15757738053798676,447159,0.5,0.0
1989-11-01 00:00:00-05:00,0.15686921775341034,0.15828562942370802,0.15686921775341034,0.15686921775341034,1013253,0.0,0.0
1989-11-02 00:00:00-05:00,0.15651513080920784,0.15651513080920784,0.15474459728895865,0.15509870648384094,323614,0.0,0.0
1989-11-03 00:00:00-05:00,0.1550986816916899,0.1550986816916899,0.15155761521722244,0.15297403931617737,921978,0.0,0.0
1989-11-06 00:00:00-05:00,0.15297411805163166,0.15297411805163166,0.15014128084982675,0.15049536526203156,224041,0.0,0.0
1989-11-07 00:00:00-05:00,0.15014119579281324,0.15120349824428558,0.15014119579281324,0.15120349824428558,531981,0.0,0.0
1989-11-08 00:00:00-05:00,0.15049514413897946,0.15226566323190668,0.15049514413897946,0.15084925293922424,159502,0.0,0.0
1989-11-09 00:00:00-05:00,0.1508494653469858,0.15191179324356033,0.1508494653469858,0.15155768394470215,443471,0.0,0.0
1989-11-10 00:00:00-05:00,0.15191178163677144,0.1529740969980141,0.15191178163677144,0.15261998772621155,388153,0.0,0.0
1989-11-13 00:00:00-05:00,0.15297409076390053,0.15332820002127212,0.15014125406742096,0.15014125406742096,522761,0.0,0.0
1989-11-14 00:00:00-05:00,0.15014125406742096,0.1508494476738353,0.15014125406742096,0.15014125406742096,324536,0.0,0.0
1989-11-15 00:00:00-05:00,0.15084941362401763,0.15332816541194916,0.15084941362401763,0.15332816541194916,1347931,0.0,0.0
1989-11-16 00:00:00-05:00,0.15297403931617737,0.15332814845445616,0.15261993017789857,0.15297403931617737,1175521,0.0,0.0
1989-11-17 00:00:00-05:00,0.15226580858545952,0.15332814845445616,0.15226580858545952,0.15297403931617737,254466,0.0,0.0
1989-11-20 00:00:00-05:00,0.1529740969980141,0.1529740969980141,0.15261998772621155,0.15261998772621155,221275,0.0,0.0
1989-11-21 00:00:00-05:00,0.1529740969980141,0.1533282062698166,0.15261998772621155,0.15261998772621155,363259,0.0,0.0
1989-11-22 00:00:00-05:00,0.15261998772621155,0.1529740969980141,0.15261998772621155,0.15261998772621155,331912,0.0,0.0
1989-11-24 00:00:00-05:00,0.15297405738139505,0.15439046919345856,0.15297405738139505,0.15439046919345856,276593,0.0,0.0
1989-11-27 00:00:00-05:00,0.15332816656149179,0.15439046919345856,0.15332816656149179,0.15439046919345856,179786,0.0,0.0
1989-11-28 00:00:00-05:00,0.15368233019728234,0.15580697357654572,0.15368233019728234,0.15580697357654572,246168,0.0,0.0
1989-11-29 00:00:00-05:00,0.15651516282858366,0.15722338136323333,0.15545284748077393,0.15545284748077393,631555,0.0,0.0
1989-11-30 00:00:00-05:00,0.15686920493114945,0.15828561648567172,0.15616097424556943,0.15722331404685974,487726,0.0,0.0
1989-12-01 00:00:00-05:00,0.1568692338017601,0.15793153643608093,0.15651512462087866,0.15793153643608093,1422612,0.0,0.0
1989-12-04 00:00:00-05:00,0.1579315025385322,0.15934795141220093,0.1579315025385322,0.15934795141220093,330990,0.0,0.0
1989-12-05 00:00:00-05:00,0.15863969514360274,0.1593479131834508,0.15757738053798676,0.15757738053798676,426876,0.0,0.0
1989-12-06 00:00:00-05:00,0.15651510860875567,0.15793152027905336,0.15616098700994055,0.15686921775341034,642618,0.0,0.0
1989-12-07 00:00:00-05:00,0.15686920493114945,0.15757742316257004,0.15686920493114945,0.15722331404685974,230494,0.0,0.0
1989-12-08 00:00:00-05:00,0.1568692338017601,0.15828564561696237,0.1568692338017601,0.15793153643608093,216665,0.0,0.0
1989-12-11 00:00:00-05:00,0.15793153643608093,0.15863976725200557,0.1558069187132775,0.15793153643608093,169644,0.0,0.0
1989-12-12 00:00:00-05:00,0.15651514413991868,0.1614726483821869,0.15651514413991868,0.1614726483821869,427798,0.0,0.0
1989-12-13 00:00:00-05:00,0.16218079185016604,0.16324313165145637,0.15722331404685974,0.15722331404685974,938573,0.0,0.0
1989-12-14 00:00:00-05:00,0.15651509581543915,0.15863973805554146,0.15651509581543915,0.15722331404685974,538435,0.0,0.0
1989-12-15 00:00:00-05:00,0.15793149837772463,0.15863972902297974,0.15722330509494578,0.15863972902297974,721908,0.0,0.0
1989-12-18 00:00:00-05:00,0.1579315025385322,0.1597020356087602,0.15757741834197295,0.15934795141220093,425954,0.0,0.0
1989-12-19 00:00:00-05:00,0.15934797918651125,0.15934797918651125,0.15828563923255437,0.15899387001991272,239714,0.0,0.0
1989-12-20 00:00:00-05:00,0.1589938381185279,0.1589938381185279,0.15757741419049395,0.15863972902297974,253544,0.0,0.0
1989-12-21 00:00:00-05:00,0.15863973805554146,0.15863973805554146,0.15616097424556943,0.15722331404685974,511698,0.0,0.0
1989-12-22 00:00:00-05:00,0.15793146464959862,0.15828557366952262,0.15722327151806273,0.15757738053798676,120779,0.0,0.0
1989-12-26 00:00:00-05:00,0.1568692533649612,0.1614726483821869,0.1568692533649612,0.1614726483821869,423188,0.0,0.0
1989-12-27 00:00:00-05:00,0.16076442993210194,0.1618267326989028,0.16005619902785365,0.1614726483821869,187161,0.0,0.0
1989-12-28 00:00:00-05:00,0.16076442993210194,0.1614726483821869,0.16076442993210194,0.1614726483821869,135531,0.0,0.0
1989-12-29 00:00:00-05:00,0.16076442993210194,0.1614726483821869,0.16076442993210194,0.1614726483821869,149360,0.0,0.0
1990-01-02 00:00:00-05:00,0.16076442993210194,0.1614726483821869,0.16005619902785365,0.1614726483821869,629711,0.0,0.0
1990-01-03 00:00:00-05:00,0.16076436638832092,0.1611184754733981,0.15970202667893094,0.16076436638832092,516307,0.0,0.0
1990-01-04 00:00:00-05:00,0.16041024959240316,0.16111848023765823,0.15863972902297974,0.15863972902297974,449925,0.0,0.0
1990-01-05 00:00:00-05:00,0.15722335978401097,0.15828566253185272,0.15686925056528833,0.15828566253185272,454535,0.0,0.0
1990-01-08 00:00:00-05:00,0.15828561164340962,0.1597020356087602,0.1579315025385322,0.15934795141220093,451769,0.0,0.0
1990-01-09 00:00:00-05:00,0.15863975102252315,0.15934796931183245,0.15686921775341034,0.15686921775341034,364181,0.0,0.0
1990-01-10 00:00:00-05:00,0.1568691858290675,0.15828559721111227,0.15651507675647736,0.15651507675647736,531059,0.0,0.0
1990-01-11 00:00:00-05:00,0.15651513080920784,0.15686924000409014,0.15509870648384094,0.15509870648384094,624179,0.0,0.0
1990-01-12 00:00:00-05:00,0.15297409076390053,0.15368230927864374,0.14872480458377008,0.15014125406742096,239714,0.0,0.0
1990-01-15 00:00:00-05:00,0.14872480458377008,0.1508494476738353,0.14730838000844806,0.15014125406742096,505244,0.0,0.0
1990-01-16 00:00:00-05:00,0.14943296509879261,0.15120349824428558,0.14943296509879261,0.15120349824428558,308863,0.0,0.0
1990-01-17 00:00:00-05:00,0.1504953384164637,0.15155766618857852,0.14872480458377008,0.15014125406742096,303331,0.0,0.0
1990-01-18 00:00:00-05:00,0.14978707421872312,0.1515576073642161,0.14978707421872312,0.15120349824428558,858361,0.0,0.0
1990-01-19 00:00:00-05:00,0.15120353233519374,0.15120353233519374,0.14801658689975739,0.14801658689975739,318082,0.0,0.0
1990-01-22 00:00:00-05:00,0.14837062442563861,0.14872473351379475,0.14518366754055023,0.14518366754055023,359571,0.0,0.0
1990-01-23 00:00:00-05:00,0.14518367231992968,0.14553778141974294,0.14305903017520905,0.14305903017520905,573470,0.0,0.0
1990-01-24 00:00:00-05:00,0.1416426062301149,0.14305903017520905,0.14093438803048838,0.14305903017520905,1784027,0.0,0.0
1990-01-25 00:00:00-05:00,0.14376724837483557,0.14376724837483557,0.14235083688390032,0.14305903017520905,663824,0.0,0.0
1990-01-26 00:00:00-05:00,0.14235080722946322,0.14589186012744904,0.14199669820341773,0.14589186012744904,713611,0.0,0.0
1990-01-29 00:00:00-05:00,0.14660010533527174,0.1494329658548899,0.14589189954598694,0.1483706384897232,240636,0.0,0.0
1990-01-30 00:00:00-05:00,0.16113699712262067,0.16385497672154764,0.1603604549334362,0.1634666919708252,478506,0.5,0.0
1990-01-31 00:00:00-05:00,0.16307834873814697,0.16463150084018707,0.16307834873814697,0.16463150084018707,437939,0.0,0.0
1990-02-01 00:00:00-05:00,0.16463155987912279,0.16463155987912279,0.16307840722010272,0.1634666919708252,1110061,0.0,0.0
1990-02-02 00:00:00-05:00,0.16230196458671747,0.1630785072522321,0.16113709596389106,0.16269022226333618,293189,0.0,0.0
1990-02-05 00:00:00-05:00,0.16152532724508295,0.1619136121048729,0.15841908933516569,0.15919563174247742,930275,0.0,0.0
1990-02-06 00:00:00-05:00,0.15841908195192453,0.15997219400643217,0.15764249861240387,0.15764249861240387,1784027,0.0,0.0
1990-02-07 00:00:00-05:00,0.15686593445159464,0.1588073450722781,0.15647764959623117,0.15841908752918243,1630056,0.0,0.0
1990-02-08 00:00:00-05:00,0.1584190797600333,0.15880733728408813,0.1584190797600333,0.15880733728408813,772617,0.0,0.0
1990-02-09 00:00:00-05:00,0.15841908752918243,0.15958391478300504,0.15841908752918243,0.15841908752918243,593754,0.0,0.0
1990-02-12 00:00:00-05:00,0.15841908195192453,0.1588073394813513,0.15764249861240387,0.15764249861240387,668434,0.0,0.0
1990-02-13 00:00:00-05:00,0.1560893474308662,0.15803075749654621,0.1560893474308662,0.1572541743516922,629711,0.0,0.0
1990-02-14 00:00:00-05:00,0.15803080447537574,0.15919563174247742,0.15764250595945176,0.15919563174247742,153048,0.0,0.0
1990-02-15 00:00:00-05:00,0.15919563174247742,0.15958391660226734,0.15841908933516569,0.15919563174247742,306097,0.0,0.0
1990-02-16 00:00:00-05:00,0.15880729967301022,0.15880729967301022,0.15531276428601218,0.1572541743516922,507088,0.0,0.0
1990-02-20 00:00:00-05:00,0.15531270811254466,0.15608929097652435,0.15453613890469003,0.15608929097652435,186239,0.0,0.0
1990-02-21 00:00:00-05:00,0.15531280106946288,0.15919562212040944,0.15531280106946288,0.15880733728408813,743114,0.0,0.0
1990-02-22 00:00:00-05:00,0.1588073350955045,0.15919561992647469,0.1568659245967865,0.1568659245967865,624179,0.0,0.0
1990-02-23 00:00:00-05:00,0.15686583287212885,0.15686583287212885,0.15531270811254466,0.15608929097652435,677654,0.0,0.0
1990-02-26 00:00:00-05:00,0.15608940041420177,0.15608940041420177,0.15453624725341797,0.15453624725341797,1234528,0.0,0.0
1990-02-27 00:00:00-05:00,0.15608947529566652,0.15608947529566652,0.15492460645221756,0.1557011902332306,1280627,0.0,0.0
1990-02-28 00:00:00-05:00,0.1557010995619174,0.15880733728408813,0.1557010995619174,0.15880733728408813,2407284,0.0,0.0
1990-03-01 00:00:00-05:00,0.15841908752918243,0.15919562992764158,0.15841908752918243,0.15841908752918243,676732,0.0,0.0
1990-03-02 00:00:00-05:00,0.15880733728408813,0.15958390695673075,0.1584190797600333,0.15880733728408813,1009566,0.0,0.0
1990-03-05 00:00:00-05:00,0.15880733728408813,0.16036049028550659,0.1584190797600333,0.15880733728408813,1695517,0.0,0.0
1990-03-06 00:00:00-05:00,0.15958391660226734,0.15958391660226734,0.15841908933516569,0.15919563174247742,2644232,0.0,0.0
1990-03-07 00:00:00-05:00,0.15958395754953308,0.16191365364990976,0.15958395754953308,0.16152536869049072,567938,0.0,0.0
1990-03-08 00:00:00-05:00,0.16152533925706497,0.16929096874969157,0.16152533925706497,0.16773785650730133,886942,0.0,0.0
1990-03-09 00:00:00-05:00,0.16696127727306004,0.16929097300750948,0.16696127727306004,0.1685144305229187,460989,0.0,0.0
1990-03-12 00:00:00-05:00,0.1685144195765442,0.17317378343050885,0.16773784983012707,0.17239724099636078,775383,0.0,0.0
1990-03-13 00:00:00-05:00,0.17162060493767922,0.1747268690669878,0.1712323065583702,0.17395029962062836,1096231,0.0,0.0
1990-03-14 00:00:00-05:00,0.17317373801968877,0.17317373801968877,0.1708440703597426,0.17123232781887054,297799,0.0,0.0
1990-03-15 00:00:00-05:00,0.1716206669807434,0.17239723670784274,0.17084411090977825,0.1716206669807434,685951,0.0,0.0
1990-03-16 00:00:00-05:00,0.1731737791226737,0.1731737791226737,0.17084411090977825,0.1716206669807434,658292,0.0,0.0
1990-03-19 00:00:00-05:00,0.17123232781887054,0.17162062624639135,0.1708440703597426,0.17123232781887054,342976,0.0,0.0
1990-03-20 00:00:00-05:00,0.1716206669807434,0.1731737791226737,0.17123236846105955,0.1716206669807434,188083,0.0,0.0
1990-03-21 00:00:00-05:00,0.17123237272060055,0.17356206830371743,0.17123237272060055,0.17239724099636078,332834,0.0,0.0
1990-03-22 00:00:00-05:00,0.17278549075126648,0.17433861627229658,0.172397205956976,0.17278549075126648,521839,0.0,0.0
1990-03-23 00:00:00-05:00,0.17239724099636078,0.17278552586956936,0.17200895612315223,0.17239724099636078,221275,0.0,0.0
1990-03-26 00:00:00-05:00,0.17317380011081696,0.17395038358817008,0.17317380011081696,0.17317380011081696,448081,0.0,0.0
1990-03-27 00:00:00-05:00,0.1731737724094425,0.1755034678442937,0.17278551487321236,0.1751151829957962,221275,0.0,0.0
1990-03-28 00:00:00-05:00,0.1747269350269374,0.1762800608498368,0.17433865015717895,0.17550347745418549,236948,0.0,0.0
1990-03-29 00:00:00-05:00,0.17472681403160095,0.17511507132022905,0.17433852943072298,0.17472681403160095,164112,0.0,0.0
1990-03-30 00:00:00-05:00,0.17472681403160095,0.17550335592110702,0.17433852943072298,0.17472681403160095,405670,0.0,0.0
1990-04-02 00:00:00-04:00,0.17472690106658703,0.17472690106658703,0.172397205956976,0.17278549075126648,424110,0.0,0.0
1990-04-03 00:00:00-04:00,0.1731738297994809,0.17472698336432163,0.1731738297994809,0.174338698387146,685029,0.0,0.0
1990-04-04 00:00:00-04:00,0.1735620850214256,0.17433866849877871,0.17278554251248002,0.17317380011081696,345742,0.0,0.0
1990-04-05 00:00:00-04:00,0.17317378343050885,0.17511519414041715,0.17239724099636078,0.17239724099636078,449925,0.0,0.0
1990-04-06 00:00:00-04:00,0.17278552586956936,0.17317378343050885,0.17123237272060055,0.17239724099636078,559640,0.0,0.0
1990-04-09 00:00:00-04:00,0.172397205956976,0.17317374823329343,0.172397205956976,0.17278549075126648,236948,0.0,0.0
1990-04-10 00:00:00-04:00,0.17239723670784274,0.17239723670784274,0.1716206669807434,0.1716206669807434,465599,0.0,0.0
1990-04-11 00:00:00-04:00,0.17123224450760957,0.17278539649362998,0.17123224450760957,0.17200882732868195,167800,0.0,0.0
1990-04-12 00:00:00-04:00,0.17200882732868195,0.17239711191115598,0.17200882732868195,0.17200882732868195,336522,0.0,0.0
1990-04-16 00:00:00-04:00,0.17045578558835278,0.17200891101778118,0.17045578558835278,0.17123232781887054,810418,0.0,0.0
1990-04-17 00:00:00-04:00,0.1712324400857786,0.1712324400857786,0.17006761232016282,0.1708441823720932,342976,0.0,0.0
1990-04-18 00:00:00-04:00,0.1716205509523508,0.1716205509523508,0.16773773225419977,0.16812601685523987,578080,0.0,0.0
1990-04-19 00:00:00-04:00,0.16773777614613036,0.16851434555141542,0.1669611930847168,0.1669611930847168,839000,0.0,0.0
1990-04-20 00:00:00-04:00,0.1677377792067011,0.1677377792067011,0.16579636931419373,0.16579636931419373,1276939,0.0,0.0
1990-04-23 00:00:00-04:00,0.1657963273623725,0.16618461197385118,0.16424320257258307,0.16463150084018707,645384,0.0,0.0
1990-04-24 00:00:00-04:00,0.1654081366281804,0.1654081366281804,0.16424329578876495,0.16424329578876495,1405094,0.0,0.0
1990-04-25 00:00:00-04:00,0.1646315521548236,0.166184663772583,0.1646315521548236,0.166184663772583,990204,0.0,0.0
1990-04-26 00:00:00-04:00,0.1669611915123801,0.17045575380325317,0.1661846494266651,0.17045575380325317,926588,0.0,0.0
1990-04-27 00:00:00-04:00,0.1700674691042673,0.17123229588896816,0.1700674691042673,0.17045575380325317,1405094,0.0,0.0
1990-04-30 00:00:00-04:00,0.17006750081696295,0.17123232781887054,0.17006750081696295,0.17123232781887054,1653106,0.0,0.0
1990-05-01 00:00:00-04:00,0.18473990658943867,0.18601107696910343,0.18431618809700012,0.18431618809700012,130921,0.5,0.0
1990-05-02 00:00:00-04:00,0.18516387496665396,0.18516387496665396,0.18431642200396658,0.18474014103412628,693327,0.0,0.0
1990-05-03 00:00:00-04:00,0.18474014103412628,0.18558759399681365,0.18474014103412628,0.18474014103412628,301487,0.0,0.0
1990-05-04 00:00:00-04:00,0.18516371395957243,0.1898245894337795,0.18516371395957243,0.18897713720798492,353117,0.0,0.0
1990-05-07 00:00:00-04:00,0.1881298012313402,0.19406180514182148,0.1881298012313402,0.19363808631896973,411202,0.0,0.0
1990-05-08 00:00:00-04:00,0.1936380733641205,0.19872266909344816,0.1936380733641205,0.1978752315044403,342054,0.0,0.0
1990-05-09 00:00:00-04:00,0.19787518086333875,0.2004174780773665,0.19787518086333875,0.1999937891960144,565172,0.0,0.0
1990-05-10 00:00:00-04:00,0.1991464005594861,0.20084126094298474,0.19872268173802127,0.19957011938095093,837156,0.0,0.0
1990-05-11 00:00:00-04:00,0.19999387792045184,0.20423102195377218,0.19999387792045184,0.20295986533164978,562406,0.0,0.0
1990-05-14 00:00:00-04:00,0.2016885943998351,0.20465457991087066,0.20084115719466525,0.20253601670265198,800277,0.0,0.0
1990-05-15 00:00:00-04:00,0.202112485689324,0.20592592656612396,0.202112485689324,0.20592592656612396,751412,0.0,0.0
1990-05-16 00:00:00-04:00,0.20634959450389287,0.20634959450389287,0.2033835773874034,0.20507843792438507,427798,0.0,0.0
1990-05-17 00:00:00-04:00,0.20423092193870274,0.20634950036904326,0.20423092193870274,0.20550206303596497,493258,0.0,0.0
1990-05-18 00:00:00-04:00,0.2046546912452944,0.20634958148002625,0.2046546912452944,0.20634958148002625,189005,0.0,0.0
1990-05-21 00:00:00-04:00,0.20634968126870262,0.2071970895399641,0.20592596223070359,0.20677340030670166,248012,0.0,0.0
1990-05-22 00:00:00-04:00,0.20719699129621608,0.20804444387275753,0.20677330226384844,0.20762072503566742,629711,0.0,0.0
1990-05-23 00:00:00-04:00,0.20804449915885925,0.20804449915885925,0.20719704635711422,0.20804449915885925,211133,0.0,0.0
1990-05-24 00:00:00-04:00,0.20719699129621608,0.20804444387275753,0.20677330226384844,0.20762072503566742,419500,0.0,0.0
1990-05-25 00:00:00-04:00,0.2067732470919967,0.2080443883617361,0.2067732470919967,0.2071969360113144,157658,0.0,0.0
1990-05-29 00:00:00-04:00,0.20634963826246483,0.20931562620319857,0.20634963826246483,0.20804449915885925,850985,0.0,0.0
1990-05-30 00:00:00-04:00,0.20846812427043915,0.20973925074260416,0.20762068675251782,0.20846812427043915,794745,0.0,0.0
1990-05-31 00:00:00-04:00,0.20719704635711422,0.20931562620319857,0.20719704635711422,0.20804449915885925,223119,0.0,0.0
1990-06-01 00:00:00-04:00,0.20762067354748687,0.2093155186708175,0.20338351603208768,0.20380723476409912,1039991,0.0,0.0
1990-06-04 00:00:00-04:00,0.20380734664541666,0.20634964553073856,0.20338362768080206,0.20592592656612396,1339634,0.0,0.0
1990-06-05 00:00:00-04:00,0.20762069943903774,0.2101629972457886,0.20762069943903774,0.21016299724578857,385387,0.0,0.0
1990-06-06 00:00:00-04:00,0.21185789129479077,0.2139764708038332,0.21143417241250972,0.2127053439617157,496946,0.0,0.0
1990-06-07 00:00:00-04:00,0.21355269807377494,0.21355269807377494,0.2101629632457106,0.21058668196201324,141063,0.0,0.0
1990-06-08 00:00:00-04:00,0.2110103122724045,0.21185771954526195,0.20846801594207837,0.20889173448085785,120779,0.0,0.0
1990-06-11 00:00:00-04:00,0.2084682125445034,0.21143420040607452,0.2084682125445034,0.21143420040607452,263686,0.0,0.0
1990-06-12 00:00:00-04:00,0.21101044506399091,0.21651872992515567,0.21016300745312858,0.21651872992515564,233260,0.0,0.0
1990-06-13 00:00:00-04:00,0.21609499410894953,0.21651871288102598,0.2144001339230026,0.21524758636951447,299643,0.0,0.0
1990-06-14 00:00:00-04:00,0.21440018092401442,0.21440018092401442,0.21355277299880981,0.21355277299880981,238792,0.0,0.0
1990-06-15 00:00:00-04:00,0.20931554477372577,0.211010434815492,0.20889185579359287,0.21016299724578857,1242826,0.0,0.0
1990-06-18 00:00:00-04:00,0.2110104411840439,0.21143413017696425,0.21016300358876377,0.21101044118404388,355883,0.0,0.0
1990-06-19 00:00:00-04:00,0.21058679233404254,0.2118579193444553,0.21016307339566176,0.21143420040607452,302409,0.0,0.0
1990-06-20 00:00:00-04:00,0.2118578083062073,0.21228152702250996,0.20973922962705094,0.21058668196201324,235104,0.0,0.0
1990-06-21 00:00:00-04:00,0.2105867392183773,0.21228158473968506,0.20973928665300137,0.21228158473968506,240636,0.0,0.0
1990-06-22 00:00:00-04:00,0.21312906284399674,0.2156713612353202,0.2127053439617157,0.2127053439617157,849141,0.0,0.0
1990-06-25 00:00:00-04:00,0.21312896669105033,0.21355268538217106,0.21185779571533203,0.21185779571533203,283047,0.0,0.0
1990-06-26 00:00:00-04:00,0.2127052479999296,0.2152475452442979,0.21185779571533203,0.21185779571533203,408436,0.0,0.0
1990-06-27 00:00:00-04:00,0.2127053439617157,0.21440018968611424,0.21185789129479077,0.2127053439617157,377089,0.0,0.0
1990-06-28 00:00:00-04:00,0.2122816101770718,0.21355278172627778,0.2122816101770718,0.2127053439617157,885099,0.0,0.0
1990-06-29 00:00:00-04:00,0.21270535447819358,0.2144002002863879,0.21228162067259965,0.21312907338142395,592832,0.0,0.0
1990-07-02 00:00:00-04:00,0.21228162067259965,0.21312907338142395,0.2118579017693693,0.21312907338142395,557796,0.0,0.0
1990-07-03 00:00:00-04:00,0.21270535447819358,0.2135527922846543,0.21270535447819358,0.21312907338142395,457301,0.0,0.0
1990-07-05 00:00:00-04:00,0.21270529505253943,0.21270529505253943,0.20973926355857747,0.21016299724578857,295955,0.0,0.0
1990-07-06 00:00:00-04:00,0.20889193148288418,0.21143420040607452,0.20889193148288418,0.21143420040607452,337444,0.0,0.0
1990-07-09 00:00:00-04:00,0.211010434815492,0.2114341237956249,0.20931554477372577,0.21016299724578857,276593,0.0,0.0
1990-07-10 00:00:00-04:00,0.21016307900494358,0.21016307900494358,0.20804449915885925,0.20804449915885925,569782,0.0,0.0
1990-07-11 00:00:00-04:00,0.20804442450292335,0.21143413017696425,0.20804442450292335,0.21101044118404388,770773,0.0,0.0
1990-07-12 00:00:00-04:00,0.2105867558464204,0.21355277299880981,0.2105867558464204,0.21355277299880981,226806,0.0,0.0
1990-07-13 00:00:00-04:00,0.21355272618356758,0.21567130514159097,0.2131290074114911,0.21524758636951447,762476,0.0,0.0
1990-07-16 00:00:00-04:00,0.21482385269507906,0.21609499410894953,0.2144001339230026,0.21524758636951447,494180,0.0,0.0
1990-07-17 00:00:00-04:00,0.21440016323517233,0.21821360290050507,0.21440016323517233,0.21821360290050507,84822,0.0,0.0
1990-07-18 00:00:00-04:00,0.21651871929006614,0.21651871929006614,0.21524759274092878,0.2160950005054474,283969,0.0,0.0
1990-07-19 00:00:00-04:00,0.21440014026933196,0.21609500050544742,0.21270529493557588,0.2160950005054474,431486,0.0,0.0
1990-07-20 00:00:00-04:00,0.21524755803662862,0.21609496566452,0.21058668196201324,0.21058668196201324,402904,0.0,0.0
1990-07-23 00:00:00-04:00,0.20889188154693772,0.20931557057930536,0.20338356646948882,0.20762072503566742,594676,0.0,0.0
1990-07-24 00:00:00-04:00,0.2067731566893112,0.20931542321493582,0.2033834232814261,0.20889173448085785,236948,0.0,0.0
1990-07-25 00:00:00-04:00,0.2084681032828569,0.21058668196201324,0.2071969322315919,0.21058668196201324,178864,0.0,0.0
1990-07-26 00:00:00-04:00,0.2097393525405582,0.2097393525405582,0.20507848863689476,0.20592592656612396,450847,0.0,0.0
1990-07-27 00:00:00-04:00,0.20677325526951051,0.20677325526951051,0.20168866018475173,0.20338352024555206,458223,0.0,0.0
1990-07-30 00:00:00-04:00,0.20253607916766905,0.20973923802375796,0.20253607916766905,0.20973923802375793,306097,0.0,0.0
1990-07-31 00:00:00-04:00,0.2266164198425385,0.2266164198425385,0.22246255712645518,0.22292406857013702,185318,0.55,0.0
1990-08-01 00:00:00-04:00,0.22384731291969467,0.22707810607529702,0.2220011523590766,0.22523194551467896,251700,0.0,0.0
1990-08-02 00:00:00-04:00,0.22246256062402,0.22246256062402,0.21784717015900737,0.2192317694425583,232338,0.0,0.0
1990-08-03 00:00:00-04:00,0.21784716135026833,0.21784716135026833,0.2113855630159378,0.2113855630159378,696093,0.0,0.0
1990-08-06 00:00:00-04:00,0.20861637109085773,0.20861637109085773,0.2026163637638092,0.2026163637638092,454535,0.0,0.0
1990-08-07 00:00:00-04:00,0.20307800062637138,0.2053857055478687,0.1993856630123584,0.20123180747032166,740348,0.0,0.0
1990-08-08 00:00:00-04:00,0.20030862092971802,0.20261632434724827,0.19938553306963197,0.20030862092971802,242480,0.0,0.0
1990-08-09 00:00:00-04:00,0.20077017527635518,0.20077017527635518,0.19846247136592865,0.19846247136592865,729284,0.0,0.0
1990-08-10 00:00:00-04:00,0.19846249260350773,0.19846249260350773,0.19200094044208527,0.19200094044208527,980984,0.0,0.0
1990-08-13 00:00:00-04:00,0.19200091518927237,0.19338553100851064,0.19200091518927237,0.19246245920658112,650916,0.0,0.0
1990-08-14 00:00:00-04:00,0.19338552544384163,0.19661631723934886,0.19338552544384163,0.19615477323532104,262764,0.0,0.0
1990-08-15 00:00:00-04:00,0.19477018867747356,0.1952317327554866,0.19200094044208527,0.19200094044208527,596520,0.0,0.0
1990-08-16 00:00:00-04:00,0.19200094044208527,0.19292404483080153,0.19200094044208527,0.19200094044208527,493258,0.0,0.0
1990-08-17 00:00:00-04:00,0.19015467995391364,0.19061624002089578,0.1836930987390684,0.18553929030895233,731128,0.0,0.0
1990-08-20 00:00:00-04:00,0.18646241612057413,0.19015475196048723,0.18600087211149902,0.18923166394233704,181630,0.0,0.0
1990-08-21 00:00:00-04:00,0.18784699324777374,0.18784699324777374,0.18461618640766958,0.18553929030895233,1406938,0.0,0.0
1990-08-22 00:00:00-04:00,0.18507778644561768,0.18600084184820664,0.18507778644561768,0.18507778644561768,783681,0.0,0.0
1990-08-23 00:00:00-04:00,0.1809238697555964,0.18323157250722757,0.1809238697555964,0.1827700287103653,1382966,0.0,0.0
1990-08-24 00:00:00-04:00,0.18323168872558296,0.18415474443941357,0.1795393522414268,0.18369320034980774,1139564,0.0,0.0
1990-08-27 00:00:00-04:00,0.18369313841099402,0.1869239297161657,0.18369313841099402,0.18507778644561768,598363,0.0,0.0
1990-08-28 00:00:00-04:00,0.18415468931198117,0.18461623326342202,0.18369314536054035,0.1841546893119812,635243,0.0,0.0
1990-08-29 00:00:00-04:00,0.18323172676937238,0.18600094318389893,0.18323172676937238,0.18600094318389893,408436,0.0,0.0
1990-08-30 00:00:00-04:00,0.1869239612567693,0.1883086095250315,0.18646241724491117,0.1864624172449112,394606,0.0,0.0
1990-08-31 00:00:00-04:00,0.18738551440627413,0.18923167431104482,0.18692397037190933,0.18877013027668,125389,0.0,0.0
1990-09-04 00:00:00-04:00,0.1878471076488495,0.1878471076488495,0.18692400318538538,0.1878471076488495,251700,0.0,0.0
1990-09-05 00:00:00-04:00,0.18692390406294324,0.18877006331281151,0.18692390406294324,0.18830855190753937,218509,0.0,0.0
1990-09-06 00:00:00-04:00,0.1883086095250315,0.18877012107151406,0.18646241724491117,0.1864624172449112,1522185,0.0,0.0
1990-09-07 00:00:00-04:00,0.18646238578218616,0.1869239297161657,0.18507778644561768,0.18507778644561768,1015097,0.0,0.0
1990-09-10 00:00:00-04:00,0.18600076117967518,0.18600076117967518,0.18323154747486115,0.18323154747486115,766163,0.0,0.0
1990-09-11 00:00:00-04:00,0.181846975209089,0.181846975209089,0.17723158466122346,0.17769312858581543,1272329,0.0,0.0
1990-09-12 00:00:00-04:00,0.17538539784317958,0.17630845308303833,0.17538539784317958,0.17630845308303833,395528,0.0,0.0
1990-09-13 00:00:00-04:00,0.1763084614531361,0.17815465318391094,0.17446231842041018,0.17446231842041016,344820,0.0,0.0
1990-09-14 00:00:00-04:00,0.174462368689874,0.174462368689874,0.16984696108012995,0.1707700490951538,870347,0.0,0.0
1990-09-17 00:00:00-04:00,0.17077003992698314,0.1716931116597622,0.16984695196151733,0.16984695196151733,129077,0.0,0.0
1990-09-18 00:00:00-04:00,0.17077008469210367,0.17169315666685384,0.1670777480950299,0.17123161256313324,670278,0.0,0.0
1990-09-19 00:00:00-04:00,0.17030855126465144,0.171231623297267,0.16938546299934387,0.16938546299934387,301487,0.0,0.0
1990-09-20 00:00:00-04:00,0.16846229875421892,0.17076998546656338,0.16800073868599583,0.16892381012439728,293189,0.0,0.0
1990-09-21 00:00:00-04:00,0.17169322143727447,0.17169322143727447,0.16892397200295622,0.17030860483646393,686873,0.0,0.0
1990-09-24 00:00:00-04:00,0.1698468416880606,0.1703083853711352,0.16800068318843844,0.16800068318843842,729284,0.0,0.0
1990-09-25 00:00:00-04:00,0.16892381977556956,0.1693853636374806,0.1666161166986969,0.1670776605606079,460067,0.0,0.0
1990-09-26 00:00:00-04:00,0.16615460342032046,0.1680007463816906,0.16569305956363678,0.16569305956363678,431486,0.0,0.0
1990-09-27 00:00:00-04:00,0.1666161268441609,0.16753921462419094,0.1624622642993927,0.1624622642993927,359571,0.0,0.0
1990-09-28 00:00:00-04:00,0.15969302503277882,0.16338537633419034,0.1583084257601181,0.16338537633419037,800277,0.0,0.0
1990-10-01 00:00:00-04:00,0.16246227227615317,0.1638468877814982,0.1615391844508003,0.16338537633419037,389997,0.0,0.0
1990-10-02 00:00:00-04:00,0.16338547714296223,0.165693181897513,0.16338547714296223,0.16430853307247162,396450,0.0,0.0
1990-10-03 00:00:00-04:00,0.16338536831210623,0.16430842362676928,0.16200072040937766,0.1624622642993927,877723,0.0,0.0
1990-10-04 00:00:00-04:00,0.1624622548923367,0.1624622548923367,0.16015456804125064,0.16153916716575623,479428,0.0,0.0
1990-10-05 00:00:00-04:00,0.15876999497413635,0.160616154686359,0.1578469070016816,0.15876999497413635,987438,0.0,0.0
1990-10-08 00:00:00-04:00,0.1596930700221503,0.16246231804568828,0.1596930700221503,0.1606161743402481,344820,0.0,0.0
1990-10-09 00:00:00-04:00,0.1596930700221503,0.1620007740029838,0.1596930700221503,0.1606161743402481,645384,0.0,0.0
1990-10-10 00:00:00-04:00,0.15969308643921432,0.16061619085221085,0.15784694254398346,0.15784694254398346,822404,0.0,0.0
1990-10-11 00:00:00-04:00,0.15784694254398346,0.15830848663413644,0.15738538222113993,0.15784694254398346,498790,0.0,0.0
1990-10-12 00:00:00-04:00,0.15784687961017801,0.15923147886321393,0.15646223165908987,0.15738531947135925,504322,0.0,0.0
1990-10-15 00:00:00-04:00,0.1583084274320855,0.1596930267193696,0.15507763624191284,0.15507763624191284,741270,0.0,0.0
1990-10-16 00:00:00-04:00,0.15600072407701487,0.15646223552919697,0.15369302072194427,0.15507763624191284,898928,0.0,0.0
1990-10-17 00:00:00-04:00,0.15600072407701487,0.15692377944674799,0.15507763624191284,0.15507763624191284,264608,0.0,0.0
1990-10-18 00:00:00-04:00,0.15507769701364868,0.15830848946990192,0.15507769701364868,0.15646229684352875,641696,0.0,0.0
1990-10-19 00:00:00-04:00,0.15969303082907374,0.15969303082907374,0.15692378348518546,0.15830843150615692,353117,0.0,0.0
1990-10-22 00:00:00-04:00,0.15646223955575658,0.15830843150615692,0.15646223955575658,0.15830843150615692,220353,0.0,0.0
1990-10-23 00:00:00-04:00,0.157385323364299,0.1583084274320855,0.15507763624191284,0.15507763624191284,220353,0.0,0.0
1990-10-24 00:00:00-04:00,0.15507763240605396,0.1596930227693486,0.15507763240605396,0.15738531947135925,664746,0.0,0.0
1990-10-25 00:00:00-04:00,0.157385323364299,0.1583084274320855,0.15507763624191284,0.15507763624191284,321770,0.0,0.0
1990-10-26 00:00:00-04:00,0.1550776564710179,0.155539200448775,0.1513853371143341,0.1513853371143341,326380,0.0,0.0
1990-10-29 00:00:00-05:00,0.15184682383705422,0.1541545271164105,0.15184682383705422,0.15323147177696228,1144174,0.0,0.0
1990-10-30 00:00:00-05:00,0.1714062934156851,0.17718994617462158,0.1714062934156851,0.17718994617462158,686873,0.55,0.0
1990-10-31 00:00:00-05:00,0.17666418555999835,0.17666418555999835,0.17350946366786957,0.17350946366786957,188083,0.0,0.0
1990-11-01 00:00:00-05:00,0.17350946052281208,0.17613837381097897,0.17350946052281208,0.17561258375644684,161346,0.0,0.0
1990-11-02 00:00:00-05:00,0.17456099377002907,0.17613832652568817,0.17456099377002907,0.17613832652568817,449925,0.0,0.0
1990-11-05 00:00:00-05:00,0.17508687740914378,0.1787673532962799,0.17508687740914378,0.1787673532962799,379855,0.0,0.0
1990-11-06 00:00:00-05:00,0.17876733572468356,0.1808705147895739,0.17771579242286328,0.17929312586784363,283969,0.0,0.0
1990-11-07 00:00:00-05:00,0.1798189051871818,0.1798189051871818,0.17718997339222892,0.17771576344966888,269217,0.0,0.0
1990-11-08 00:00:00-05:00,0.17719003721556723,0.18034476020428214,0.17561264798282936,0.1782415807247162,696093,0.0,0.0
1990-11-09 00:00:00-05:00,0.1792930721903334,0.18244781210481473,0.1792930721903334,0.18192200362682343,824248,0.0,0.0
1990-11-12 00:00:00-05:00,0.18192205432130207,0.18402519635810766,0.18192205432130207,0.18297365307807922,488648,0.0,0.0
1990-11-13 00:00:00-05:00,0.18297357841943193,0.1845509111881256,0.18244778850170604,0.1845509111881256,648150,0.0,0.0
1990-11-14 00:00:00-05:00,0.18455093846772677,0.18665407995726654,0.18402514847228063,0.1850767284631729,1351619,0.0,0.0
1990-11-15 00:00:00-05:00,0.1861284214312093,0.18875735425072787,0.1861284214312093,0.18770575523376465,666590,0.0,0.0
1990-11-16 00:00:00-05:00,0.1877056512384431,0.18823144120949212,0.18507671987544203,0.18612831830978394,273827,0.0,0.0
1990-11-19 00:00:00-05:00,0.1866542072094565,0.18875738711733644,0.1861284538400656,0.18717999756336212,164112,0.0,0.0
1990-11-20 00:00:00-05:00,0.1871799649714101,0.18875735425072787,0.18665417470905554,0.18770575523376465,945027,0.0,0.0
1990-11-21 00:00:00-05:00,0.18823149437631628,0.19243777834830408,0.18823149437631628,0.19191202521324158,357727,0.0,0.0
1990-11-23 00:00:00-05:00,0.19243769347667694,0.19454085302735444,0.19243769347667694,0.19243769347667694,90354,0.0,0.0
1990-11-26 00:00:00-05:00,0.1903347264139737,0.19296365976333618,0.18875739229351723,0.19296365976333618,282125,0.0,0.0
1990-11-27 00:00:00-05:00,0.19348933476407795,0.19348933476407795,0.19086040298221016,0.19138619303703308,253544,0.0,0.0
1990-11-28 00:00:00-05:00,0.1903347264139737,0.19401524049998434,0.1903347264139737,0.19296365976333618,115247,0.0,0.0
1990-11-29 00:00:00-05:00,0.19296365976333618,0.19348945013166027,0.19243786939501212,0.19296365976333618,401982,0.0,0.0
1990-11-30 00:00:00-05:00,0.19296359021925952,0.1961183127999841,0.19296359021925952,0.19559252262115479,737582,0.0,0.0
1990-12-03 00:00:00-05:00,0.19664404326485244,0.2008503079414368,0.19664404326485244,0.20085030794143677,583612,0.0,0.0
1990-12-04 00:00:00-05:00,0.2003246025720036,0.20610825717449188,0.1987472321391886,0.20610825717449188,543045,0.0,0.0
1990-12-05 00:00:00-05:00,0.20610820589912726,0.208737137474213,0.20505662587219484,0.20821134746074677,665668,0.0,0.0
1990-12-06 00:00:00-05:00,0.2092628680456914,0.21031444795977128,0.20347921550273895,0.20347921550273895,455457,0.0,0.0
1990-12-07 00:00:00-05:00,0.20347928796088358,0.20715980047853522,0.20347928796088358,0.20610825717449188,957935,0.0,0.0
1990-12-10 00:00:00-05:00,0.2061081761873133,0.21031444021194698,0.20558238624964306,0.20978865027427673,742192,0.0,0.0
1990-12-11 00:00:00-05:00,0.20926293011481462,0.20926293011481462,0.2050566646876121,0.20558245480060577,236026,0.0,0.0
1990-12-12 00:00:00-05:00,0.20610831229862628,0.21294351203324752,0.20610831229862628,0.21241772174835205,147516,0.0,0.0
1990-12-13 00:00:00-05:00,0.21189194769951566,0.2124177380246994,0.2108404040336609,0.2108404040336609,456379,0.0,0.0
1990-12-14 00:00:00-05:00,0.20978873270764353,0.21031452285191518,0.20505667688594856,0.20610825717449188,588222,0.0,0.0
1990-12-17 00:00:00-05:00,0.20610827382976368,0.2071598172187805,0.20505669345624386,0.20715981721878052,197303,0.0,0.0
1990-12-18 00:00:00-05:00,0.2071598172187805,0.2076856258977919,0.20558248364300377,0.20715981721878052,200069,0.0,0.0
1990-12-19 00:00:00-05:00,0.20663401033426354,0.20715980047853522,0.20558246703022023,0.20610825717449188,1902040,0.0,0.0
1990-12-20 00:00:00-05:00,0.20505667688594856,0.20715980047853522,0.20400507810515522,0.20610825717449188,1059352,0.0,0.0
1990-12-21 00:00:00-05:00,0.20821141608455182,0.20821141608455182,0.2066340270320206,0.20715981721878052,1206869,0.0,0.0
1990-12-24 00:00:00-05:00,0.20715990011022906,0.2082114993967796,0.2066341097130832,0.2076857089996338,260920,0.0,0.0
1990-12-26 00:00:00-05:00,0.20768552750808128,0.20978865027427673,0.20768552750808128,0.20978865027427673,654604,0.0,0.0
1990-12-27 00:00:00-05:00,0.20873728979392545,0.20926304320655348,0.20715990011022906,0.2076857089996338,1065806,0.0,0.0
1990-12-28 00:00:00-05:00,0.20821149781370735,0.20926304161548615,0.2076857074205592,0.20926304161548615,288579,0.0,0.0
1990-12-31 00:00:00-05:00,0.20926286033660652,0.20978865027427673,0.2082113174457515,0.20978865027427673,224963,0.0,0.0
1991-01-02 00:00:00-05:00,0.20978881274916522,0.21136620227605762,0.20768568835416554,0.20873726904392242,532903,0.0,0.0
1991-01-03 00:00:00-05:00,0.20821139925932855,0.20821139925932855,0.20558246703022023,0.20610825717449188,1064884,0.0,0.0
1991-01-04 00:00:00-05:00,0.2066340270320206,0.2076856258977919,0.20610827382976368,0.20715981721878052,272905,0.0,0.0
1991-01-07 00:00:00-05:00,0.20610827382976368,0.20821141608455182,0.20558248364300377,0.20715981721878052,225885,0.0,0.0
1991-01-08 00:00:00-05:00,0.20715980047853522,0.20715980047853522,0.20558246703022023,0.20610825717449188,236948,0.0,0.0
1991-01-09 00:00:00-05:00,0.2055825701946171,0.21031462839092938,0.2003247030979244,0.20295363664627075,1067650,0.0,0.0
1991-01-10 00:00:00-05:00,0.20295353480111192,0.20610825717449188,0.20242774465684024,0.20610825717449188,220353,0.0,0.0
1991-01-11 00:00:00-05:00,0.20558246640151087,0.20558246640151087,0.20190195389511492,0.20400507748126984,627867,0.0,0.0
1991-01-14 00:00:00-05:00,0.2024277053005778,0.2024277053005778,0.19874719349849612,0.20137612521648407,142907,0.0,0.0
1991-01-15 00:00:00-05:00,0.19874719041402142,0.19927298044790823,0.19611825873683342,0.19822140038013458,319004,0.0,0.0
1991-01-16 00:00:00-05:00,0.19717001028551434,0.19822157277559724,0.19611842930316925,0.19611842930316925,307941,0.0,0.0
1991-01-17 00:00:00-05:00,0.19874724475258848,0.20400509105224185,0.19874724475258848,0.1992730349302292,1285237,0.0,0.0
1991-01-18 00:00:00-05:00,0.19927297486843257,0.20137611645284753,0.19927297486843257,0.20085030794143677,710845,0.0,0.0
1991-01-21 00:00:00-05:00,0.19979877358258988,0.20190191525853093,0.199272983540543,0.20137612521648407,322692,0.0,0.0
1991-01-22 00:00:00-05:00,0.20190195389511492,0.20558246640151087,0.20085035511753757,0.20400507748126984,283047,0.0,0.0
1991-01-23 00:00:00-05:00,0.20453081390906222,0.20505660386610217,0.20347921550273895,0.20347921550273895,169644,0.0,0.0
1991-01-24 00:00:00-05:00,0.20347926368980618,0.20610823258983016,0.20347926368980618,0.20505665242671967,257232,0.0,0.0
1991-01-25 00:00:00-05:00,0.20610820589912726,0.20926289050318841,0.20558241588566104,0.20821134746074677,741270,0.0,0.0
1991-01-28 00:00:00-05:00,0.20821141827051318,0.21031454205513,0.20663402920142135,0.21031454205513,1715800,0.0,0.0
1991-01-29 00:00:00-05:00,0.2328811175872295,0.23639189337481398,0.2328811175872295,0.23522166907787323,441627,0.55,0.0
1991-01-30 00:00:00-05:00,0.23580686557949673,0.260967398857978,0.23580686557949673,0.25862690806388855,1335024,0.0,0.0
1991-01-31 00:00:00-05:00,0.2568715097630851,0.2586268880122364,0.2551160903552138,0.2557012438774109,425032,0.0,0.0
1991-02-01 00:00:00-05:00,0.25453099608421326,0.2557012827270534,0.2521905051159854,0.25453099608421326,1049211,0.0,0.0
1991-02-04 00:00:00-05:00,0.2545308717371883,0.26096729078317527,0.2545308717371883,0.259797066450119,562406,0.0,0.0
1991-02-05 00:00:00-05:00,0.2597970283113893,0.2656483137525145,0.2592118956514068,0.2627226710319519,2403596,0.0,0.0
1991-02-06 00:00:00-05:00,0.2621376328298911,0.2668186752171547,0.2603822547967657,0.26506325602531433,306097,0.0,0.0
1991-02-07 00:00:00-05:00,0.266233617414125,0.27267003964934133,0.265648484378312,0.27149975299835205,254466,0.0,0.0
1991-02-08 00:00:00-05:00,0.26974428822400526,0.27735093235969543,0.2674037364283084,0.27735093235969543,674888,0.0,0.0
1991-02-11 00:00:00-05:00,0.2761807079102348,0.27735093235969543,0.2726699316650773,0.27735093235969543,926588,0.0,0.0
1991-02-12 00:00:00-05:00,0.27676576254824936,0.278521160725785,0.26330783332992386,0.26447805762290955,1087012,0.0,0.0
1991-02-13 00:00:00-05:00,0.2633079828296658,0.26915927225163006,0.2597972050606144,0.2685741186141968,552265,0.0,0.0
1991-02-14 00:00:00-05:00,0.27032936257727236,0.2714996281105851,0.2668186277153956,0.26915913820266724,387231,0.0,0.0
1991-02-15 00:00:00-05:00,0.26857403773198313,0.27266996790496106,0.26798890485012916,0.27032941579818726,674888,0.0,0.0
1991-02-19 00:00:00-05:00,0.27149968156189525,0.27149968156189525,0.269159191193195,0.27032941579818726,470209,0.0,0.0
1991-02-20 00:00:00-05:00,0.26974436953487374,0.26974436953487374,0.266818725211905,0.2679889500141144,284891,0.0,0.0
1991-02-21 00:00:00-05:00,0.2668186154917814,0.2668186154917814,0.26096728809328146,0.2633078396320343,239714,0.0,0.0
1991-02-22 00:00:00-05:00,0.2621376854137459,0.2621376854137459,0.2562863966904375,0.25862690806388855,796589,0.0,0.0
1991-02-25 00:00:00-05:00,0.26096715645164237,0.2679887046292039,0.2592118002762657,0.26564821600914,915524,0.0,0.0
1991-02-26 00:00:00-05:00,0.26506306298511034,0.26915899009792077,0.2644779305404231,0.26564821600914,609427,0.0,0.0
1991-02-27 00:00:00-05:00,0.26623349494873927,0.26915913820266724,0.26506320883607276,0.26915913820266724,69148,0.0,0.0
1991-02-28 00:00:00-05:00,0.2679889500141144,0.2703294613566172,0.2679889500141144,0.2679889500141144,246168,0.0,0.0
1991-03-01 00:00:00-05:00,0.26798898555612755,0.26974440530969934,0.26623362754064794,0.2685741186141968,483116,0.0,0.0
1991-03-04 00:00:00-05:00,0.2691592406002425,0.2761807953126558,0.2691592406002425,0.2732551097869873,371557,0.0,0.0
1991-03-05 00:00:00-05:00,0.27325521050413665,0.28086190100950603,0.27325521050413665,0.2785213887691498,517229,0.0,0.0
1991-03-06 00:00:00-05:00,0.27969160561250916,0.27969160561250916,0.2703295370419962,0.27267009019851685,380777,0.0,0.0
1991-03-07 00:00:00-05:00,0.27384015611453794,0.2796914429966821,0.2732550233104525,0.27735093235969543,330990,0.0,0.0
1991-03-08 00:00:00-05:00,0.2796914429966821,0.2802765758007675,0.2744252889186234,0.27735093235969543,448081,0.0,0.0
1991-03-11 00:00:00-05:00,0.2761807138660552,0.27852120397415925,0.2761807138660552,0.27793607115745544,554109,0.0,0.0
1991-03-12 00:00:00-05:00,0.27676583589333686,0.27793610165515675,0.2761807441711426,0.2761807441711426,266452,0.0,0.0
1991-03-13 00:00:00-05:00,0.27676581415303414,0.2796914577484131,0.27676581415303414,0.2796914577484131,90354,0.0,0.0
1991-03-14 00:00:00-05:00,0.2808617555998078,0.28671304346101373,0.2808617555998078,0.28378739953041077,707157,0.0,0.0
1991-03-15 00:00:00-05:00,0.2837873756730469,0.2843725085258484,0.2820319976939992,0.2843725085258484,912758,0.0,0.0
1991-03-18 00:00:00-05:00,0.28437253243240307,0.28495766533439537,0.2826171131470676,0.28378739953041077,143829,0.0,0.0
1991-03-19 00:00:00-05:00,0.28320218610239567,0.28320218610239567,0.27969141026805827,0.28086167573928833,725596,0.0,0.0
1991-03-20 00:00:00-05:00,0.28086174548034865,0.28086174548034865,0.2761807441711426,0.2761807441711426,1169990,0.0,0.0
1991-03-21 00:00:00-05:00,0.2761808684848801,0.2773510936147227,0.27267009019851685,0.27267009019851685,614037,0.0,0.0
1991-03-22 00:00:00-05:00,0.2738401925099533,0.2738401925099533,0.27032941579818726,0.27032941579818726,362337,0.0,0.0
1991-03-25 00:00:00-05:00,0.2720847107897992,0.27735086356156496,0.27091444547191784,0.275595486164093,192693,0.0,0.0
1991-03-26 00:00:00-05:00,0.2755955907108748,0.27676583589333686,0.27266996746504074,0.2761807441711426,421344,0.0,0.0
1991-03-27 00:00:00-05:00,0.27735112783002397,0.2785213942629702,0.2709147036075592,0.2709147036075592,213899,0.0,0.0
1991-03-28 00:00:00-05:00,0.2703293501928228,0.2703293501928228,0.2633078396320343,0.2633078396320343,279359,0.0,0.0
1991-04-01 00:00:00-05:00,0.26389292489706434,0.2679888333986284,0.26330783332992386,0.26447805762290955,883255,0.0,0.0
1991-04-02 00:00:00-05:00,0.266233539553904,0.26681867241859436,0.26389298751578516,0.26681867241859436,755100,0.0,0.0
1991-04-03 00:00:00-05:00,0.266233539553904,0.26857402985395107,0.2656484066892136,0.26681867241859436,563328,0.0,0.0
1991-04-04 00:00:00-05:00,0.26681872211834623,0.2714997241697178,0.26681872211834623,0.2697443664073944,767085,0.0,0.0
1991-04-05 00:00:00-05:00,0.26857402985395107,0.26857402985395107,0.2644781203804756,0.26681867241859436,1189351,0.0,0.0
1991-04-08 00:00:00-04:00,0.26623350381851196,0.26623350381851196,0.2650632176668565,0.26623350381851196,349430,0.0,0.0
1991-04-09 00:00:00-04:00,0.26506319034875475,0.2668186091056427,0.26330783332992386,0.26447805762290955,379855,0.0,0.0
1991-04-10 00:00:00-04:00,0.26389304321963214,0.26389304321963214,0.2562863966904375,0.25862690806388855,555953,0.0,0.0
1991-04-11 00:00:00-04:00,0.25979717404029484,0.2633079513901522,0.25862690806388855,0.25862690806388855,422266,0.0,0.0
1991-04-12 00:00:00-04:00,0.2597970283113893,0.26389289519321685,0.2597970283113893,0.2627226710319519,342976,0.0,0.0
1991-04-15 00:00:00-04:00,0.26389292489706434,0.26506319034875475,0.26330783332992386,0.26447805762290955,350352,0.0,0.0
1991-04-16 00:00:00-04:00,0.2644780874516322,0.2732550175911447,0.2644780874516322,0.2720847725868225,948715,0.0,0.0
1991-04-17 00:00:00-04:00,0.27208477828163674,0.27735093235969543,0.2709145126734659,0.27735093235969543,519073,0.0,0.0
1991-04-18 00:00:00-04:00,0.2761807079102348,0.2796914429966821,0.2761807079102348,0.27735093235969543,516307,0.0,0.0
1991-04-19 00:00:00-04:00,0.2779360593464975,0.2779360593464975,0.2720847725868225,0.2720847725868225,562406,0.0,0.0
1991-04-22 00:00:00-04:00,0.2726700179564492,0.27501050875477145,0.2726700179564492,0.2732551097869873,533825,0.0,0.0
1991-04-23 00:00:00-04:00,0.27384015611453794,0.28437248485001043,0.27384015611453794,0.27735093235969543,1166302,0.0,0.0
1991-04-24 00:00:00-04:00,0.27735112783002397,0.27735112783002397,0.26974447833335224,0.2709147036075592,303331,0.0,0.0
1991-04-25 00:00:00-04:00,0.2697443024510947,0.283202234178739,0.26857401620184446,0.2796914577484131,1612539,0.0,0.0
1991-04-26 00:00:00-04:00,0.27852112887944624,0.27852112887944624,0.27501035350515235,0.275595486164093,1245592,0.0,0.0
1991-04-29 00:00:00-04:00,0.2744252681732178,0.27618068703212684,0.2744252681732178,0.2744252681732178,408436,0.0,0.0
1991-04-30 00:00:00-04:00,0.29848822307428585,0.30233142410723157,0.29848822307428585,0.29976925253868103,437939,0.55,0.0
1991-05-01 00:00:00-04:00,0.29784766328618417,0.30040978979883065,0.29784766328618417,0.29976925253868103,1445661,0.0,0.0
1991-05-02 00:00:00-04:00,0.2984882399852037,0.2984882399852037,0.29336394161368834,0.29656660556793213,722830,0.0,0.0
1991-05-03 00:00:00-04:00,0.2946451830998354,0.2965667508747446,0.2933640853513124,0.29592621326446533,449003,0.0,0.0
1991-05-06 00:00:00-04:00,0.2952854688565816,0.296566497928602,0.29208280606474984,0.29272329807281494,77446,0.0,0.0
1991-05-07 00:00:00-04:00,0.29208280606474984,0.29336383513677033,0.29208280606474984,0.29272329807281494,180708,0.0,0.0
1991-05-08 00:00:00-04:00,0.2920828520919085,0.2920828520919085,0.2895206809043884,0.2895206809043884,1433675,0.0,0.0
1991-05-09 00:00:00-04:00,0.2895208150946465,0.29208298746971006,0.2888802776328704,0.29080191254615784,1784027,0.0,0.0
1991-05-10 00:00:00-04:00,0.29080197586463624,0.29336408121368873,0.29080197586463624,0.29144251346588135,242480,0.0,0.0
1991-05-13 00:00:00-04:00,0.2914424687650413,0.2914424687650413,0.2895208337280783,0.2901613712310791,94964,0.0,0.0
1991-05-14 00:00:00-04:00,0.28952077120803776,0.28952077120803776,0.28247490525245667,0.28247490525245667,864815,0.0,0.0
1991-05-15 00:00:00-04:00,0.28183424133453844,0.28247473325331196,0.27158573985178575,0.27478837966918945,924744,0.0,0.0
1991-05-16 00:00:00-04:00,0.27542911516755914,0.2805534154965662,0.27542911516755914,0.27927231788635254,413968,0.0,0.0
1991-05-17 00:00:00-04:00,0.27927228099038026,0.2818344533443451,0.27927228099038026,0.2818344533443451,361415,0.0,0.0
1991-05-20 00:00:00-04:00,0.281834490578818,0.2843966182153596,0.2786317803452266,0.27927231788635254,315316,0.0,0.0
1991-05-21 00:00:00-04:00,0.2792722351004594,0.2792722351004594,0.27671013075137546,0.2779912054538727,753256,0.0,0.0
1991-05-22 00:00:00-04:00,0.2773505108000639,0.2773505108000639,0.2754288773082396,0.27670997381210327,354039,0.0,0.0
1991-05-23 00:00:00-04:00,0.27606943109056253,0.27606943109056253,0.27286676874521687,0.27478837966918945,529215,0.0,0.0
1991-05-24 00:00:00-04:00,0.27414801225937757,0.2811938782827052,0.2735074748885376,0.28055334091186523,730206,0.0,0.0
1991-05-28 00:00:00-04:00,0.2811938867275843,0.2856775808742515,0.28055334933750753,0.2831154763698578,1007722,0.0,0.0
1991-05-29 00:00:00-04:00,0.2843967111411805,0.2908020435894398,0.2843967111411805,0.2888804078102112,365103,0.0,0.0
1991-05-30 00:00:00-04:00,0.2888801866999934,0.3042529908317764,0.2888801866999934,0.29976925253868103,1598709,0.0,0.0
1991-05-31 00:00:00-04:00,0.30040976889439264,0.309377199800668,0.2997692316788157,0.30809617042541504,401060,0.0,0.0
1991-06-03 00:00:00-04:00,0.30745577812194824,0.3093773456184642,0.30681524060446885,0.30745577812194824,1004034,0.0,0.0
1991-06-04 00:00:00-04:00,0.30745580418096125,0.3087368793245,0.3068152666091919,0.3068152666091919,855595,0.0,0.0
1991-06-05 00:00:00-04:00,0.30809615804972185,0.30809615804972185,0.30617454648017883,0.30617454648017883,270139,0.0,0.0
1991-06-06 00:00:00-04:00,0.3068151894498336,0.31193946620734786,0.3068151894498336,0.310017853975296,661980,0.0,0.0
1991-06-07 00:00:00-04:00,0.30873685315690697,0.31129898069886336,0.30681524060446885,0.30745577812194824,2246860,0.0,0.0
1991-06-10 00:00:00-04:00,0.30809615804972185,0.30809615804972185,0.30617454648017883,0.30617454648017883,2753025,0.0,0.0
1991-06-11 00:00:00-04:00,0.3074555972823188,0.31001772331728056,0.3068150601415914,0.30937716364860535,3326495,0.0,0.0
1991-06-12 00:00:00-04:00,0.3093773233652706,0.3093773233652706,0.30681521853556487,0.3087368309497833,553187,0.0,0.0
1991-06-13 00:00:00-04:00,0.30937727217888705,0.3112989068031311,0.30937727217888705,0.3112989068031311,435173,0.0,0.0
1991-06-14 00:00:00-04:00,0.31257990984906897,0.32731213070762555,0.31257990984906897,0.3221879005432129,1270485,0.0,0.0
1991-06-17 00:00:00-04:00,0.3209069034227689,0.3247501054017617,0.31898533622520886,0.32026636600494385,638009,0.0,0.0
1991-06-18 00:00:00-04:00,0.3202662663596632,0.3221879005432129,0.3202662663596632,0.3221879005432129,206523,0.0,0.0
1991-06-19 00:00:00-04:00,0.32090676974685867,0.3228284037278216,0.3170635693687773,0.32154732942581177,2047712,0.0,0.0
1991-06-20 00:00:00-04:00,0.32090676974685867,0.32410943297393513,0.32090676974685867,0.32154732942581177,1731474,0.0,0.0
1991-06-21 00:00:00-04:00,0.3221878850140018,0.32282842220166147,0.3202662509230734,0.32090678811073303,655526,0.0,0.0
1991-06-24 00:00:00-04:00,0.3196257063904517,0.3196257063904517,0.3106582760810852,0.3106582760810852,485882,0.0,0.0
1991-06-25 00:00:00-04:00,0.3119395602015565,0.3132205903530121,0.3119395602015565,0.3132205903530121,1085168,0.0,0.0
1991-06-26 00:00:00-04:00,0.3132205903530121,0.3145016880883601,0.3125800978052484,0.3132205903530121,645384,0.0,0.0
1991-06-27 00:00:00-04:00,0.3145015874924703,0.3228285286210973,0.31322049016689174,0.31514212489128113,1257578,0.0,0.0
1991-06-28 00:00:00-04:00,0.3151420137637174,0.3151420137637174,0.31001773890814505,0.3106582760810852,449003,0.0,0.0
1991-07-01 00:00:00-04:00,0.3119394348541731,0.31770422591499214,0.3119394348541731,0.3157826364040375,1087934,0.0,0.0
1991-07-02 00:00:00-04:00,0.3183448157139543,0.32923388481140137,0.31770427826211173,0.32923388481140137,1443817,0.0,0.0
1991-07-03 00:00:00-04:00,0.32282856913673513,0.32795280138645255,0.32218803165753557,0.32539069652557373,1696439,0.0,0.0
1991-07-05 00:00:00-04:00,0.3234690477448184,0.32923388481140137,0.3234690477448184,0.32923388481140137,1219776,0.0,0.0
1991-07-08 00:00:00-04:00,0.3279527588163802,0.33435808772100956,0.3260311916841309,0.33179596066474915,1585802,0.0,0.0
1991-07-09 00:00:00-04:00,0.33307705286956424,0.33307705286956424,0.3279527537798266,0.32859331369400024,827014,0.0,0.0
1991-07-10 00:00:00-04:00,0.32731213936255804,0.32731213936255804,0.3177041709423065,0.3177041709423065,1416158,0.0,0.0
1991-07-11 00:00:00-04:00,0.31642316402595105,0.3209069034227689,0.31642316402595105,0.32026636600494385,911836,0.0,0.0
1991-07-12 00:00:00-04:00,0.32154736332467987,0.32475000436144397,0.32154736332467987,0.3221879005432129,566094,0.0,0.0
1991-07-15 00:00:00-04:00,0.32090695138996844,0.32090695138996844,0.31578271886530185,0.31706374883651733,377089,0.0,0.0
1991-07-16 00:00:00-04:00,0.3164232261105254,0.3189853988125005,0.3164232261105254,0.3183448612689972,216665,0.0,0.0
1991-07-17 00:00:00-04:00,0.31898538390518427,0.31898538390518427,0.31706374883651733,0.31706374883651733,237870,0.0,0.0
1991-07-18 00:00:00-04:00,0.3202663819230831,0.32475012154275545,0.3189853520796774,0.32410958409309387,241558,0.0,0.0
1991-07-19 00:00:00-04:00,0.324109561017459,0.32475009842151625,0.32154745645714433,0.3228285312652588,437017,0.0,0.0
1991-07-22 00:00:00-04:00,0.331796094562874,0.3382014260524099,0.3305150192537805,0.3356392979621887,1228074,0.0,0.0
1991-07-23 00:00:00-04:00,0.336279677517089,0.3394823190136399,0.33307701349258423,0.33307701349258423,585456,0.0,0.0
1991-07-24 00:00:00-04:00,0.3362796749724187,0.3362796749724187,0.334358040527531,0.33499857783317566,546733,0.0,0.0
1991-07-25 00:00:00-04:00,0.33627965401330573,0.3375606834888458,0.3337174824224644,0.3375606834888458,751412,0.0,0.0
1991-07-26 00:00:00-04:00,0.3369203507433164,0.33756088839786313,0.33435822265309517,0.3356392979621887,591910,0.0,0.0
1991-07-29 00:00:00-04:00,0.33499852329529967,0.33756064957280973,0.33499852329529967,0.3369201123714447,392762,0.0,0.0
1991-07-30 00:00:00-04:00,0.36160574024142567,0.36646417770433537,0.36160574024142567,0.3643820285797119,256310,0.55,0.0
1991-07-31 00:00:00-04:00,0.3643822318873337,0.36577031580451386,0.3623000083691946,0.3636881411075592,422266,0.0,0.0
1991-08-01 00:00:00-04:00,0.3616058879745837,0.3616058879745837,0.3574415147922569,0.3595237135887146,648150,0.0,0.0
1991-08-02 00:00:00-04:00,0.3595237845588566,0.3595237845588566,0.352583193765688,0.35605350136756897,481272,0.0,0.0
1991-08-05 00:00:00-04:00,0.35466529020439663,0.35744153098149306,0.3525831401348114,0.3525831401348114,232338,0.0,0.0
1991-08-06 00:00:00-04:00,0.3525830406841091,0.3574414301604179,0.3525830406841091,0.3553592562675476,397372,0.0,0.0
1991-08-07 00:00:00-04:00,0.355359446424335,0.35605353730748457,0.3532772958278656,0.3532772958278656,668434,0.0,0.0
1991-08-08 00:00:00-04:00,0.3525831401348114,0.3539712239074751,0.3470306097594391,0.3525831401348114,318082,0.0,0.0
1991-08-09 00:00:00-04:00,0.3539712184949603,0.3539712184949603,0.3491128277225675,0.35119497776031494,527371,0.0,0.0
1991-08-12 00:00:00-04:00,0.3518891038875507,0.3518891038875507,0.34911288709138166,0.3505009710788727,176098,0.0,0.0
1991-08-13 00:00:00-04:00,0.35119497776031494,0.35258313474352165,0.35050091147400625,0.35119497776031494,575314,0.0,0.0
1991-08-14 00:00:00-04:00,0.3511948384316547,0.3511948384316547,0.34841862320899963,0.34841862320899963,604817,0.0,0.0
1991-08-15 00:00:00-04:00,0.34841859374051326,0.3511948087283621,0.34841859374051326,0.3491126596927643,646306,0.0,0.0
1991-08-16 00:00:00-04:00,0.3491127433730476,0.3498068094916622,0.34286614830551626,0.347724586725235,1628213,0.0,0.0
1991-08-19 00:00:00-04:00,0.34147823503083274,0.34425447647796875,0.33731386065483093,0.33731386065483093,982828,0.0,0.0
1991-08-20 00:00:00-04:00,0.33939594551963753,0.34286625275935245,0.33800786168069696,0.342172235250473,513542,0.0,0.0
1991-08-21 00:00:00-04:00,0.34425438812877923,0.3553593510673539,0.34425438812877923,0.351889044046402,550421,0.0,0.0
1991-08-22 00:00:00-04:00,0.35258318874295647,0.3567475626880087,0.35258318874295647,0.3539712727069855,210211,0.0,0.0
1991-08-23 00:00:00-04:00,0.3546653966258428,0.3609119951725006,0.3546653966258428,0.3609119951725006,879567,0.0,0.0
1991-08-26 00:00:00-04:00,0.36021780426478905,0.3616058879745837,0.3588296473232287,0.3595237135887146,224963,0.0,0.0
1991-08-27 00:00:00-04:00,0.35882965271470635,0.36299402595960356,0.3574415201628776,0.360217809677124,267374,0.0,0.0
1991-08-28 00:00:00-04:00,0.36160585293019626,0.3636880515248614,0.360911835553147,0.36229991912841797,492336,0.0,0.0
1991-08-29 00:00:00-04:00,0.36229992412872314,0.36229992412872314,0.35744148508470336,0.3588296175003052,259076,0.0,0.0
1991-08-30 00:00:00-04:00,0.35813555129250424,0.3609118405342944,0.35813555129250424,0.3588296175003052,98652,0.0,0.0
1991-09-03 00:00:00-04:00,0.36021780426478905,0.3643821774471159,0.3595237135887146,0.3595237135887146,263686,0.0,0.0
1991-09-04 00:00:00-04:00,0.3595236788331427,0.362993985414505,0.3595236788331427,0.362993985414505,541201,0.0,0.0
1991-09-05 00:00:00-04:00,0.3643821471627124,0.3643821471627124,0.35813555129250424,0.3588296175003052,226806,0.0,0.0
1991-09-06 00:00:00-04:00,0.35952374350248056,0.35952374350248056,0.3553593699736618,0.3574415445327759,155814,0.0,0.0
1991-09-09 00:00:00-04:00,0.3574416214314002,0.3574416214314002,0.3532772958278656,0.3532772958278656,79290,0.0,0.0
1991-09-10 00:00:00-04:00,0.3532773022146642,0.3539713198785731,0.3498069941997528,0.3498069941997528,210211,0.0,0.0
1991-09-11 00:00:00-04:00,0.35050082678910993,0.35258304955553715,0.347724586725235,0.347724586725235,248934,0.0,0.0
1991-09-12 00:00:00-04:00,0.34703046054691045,0.34703046054691045,0.3435601549650182,0.34633639454841614,184396,0.0,0.0
1991-09-13 00:00:00-04:00,0.34841861695447823,0.34841861695447823,0.34425424537409166,0.34633639454841614,1351619,0.0,0.0
1991-09-16 00:00:00-04:00,0.34911283306079344,0.35466529020439663,0.3484187667638719,0.3525831401348114,400138,0.0,0.0
1991-09-17 00:00:00-04:00,0.3539712239074751,0.35535935650131817,0.3525831401348114,0.3525831401348114,141985,0.0,0.0
1991-09-18 00:00:00-04:00,0.3511948087283621,0.3511948087283621,0.34841859374051326,0.3491126596927643,45177,0.0,0.0
1991-09-19 00:00:00-04:00,0.3470306694507599,0.3539712847926226,0.3470306694507599,0.3470306694507599,839922,0.0,0.0
1991-09-20 00:00:00-04:00,0.349806899357715,0.3539712239074751,0.3470306097594391,0.3525831401348114,517229,0.0,0.0
1991-09-23 00:00:00-04:00,0.35119507834876323,0.35119507834876323,0.3491129277146513,0.3498069941997528,254466,0.0,0.0
1991-09-24 00:00:00-04:00,0.3498069941997528,0.3505010118636617,0.34841886122954974,0.3498069941997528,433329,0.0,0.0
1991-09-25 00:00:00-04:00,0.34980672564501525,0.3511948087283621,0.3477245033776847,0.3491126596927643,309784,0.0,0.0
1991-09-26 00:00:00-04:00,0.3477245033776847,0.3511948087283621,0.3477245033776847,0.3491126596927643,302409,0.0,0.0
1991-09-27 00:00:00-04:00,0.34841862320899963,0.3511948384316547,0.34841862320899963,0.34841862320899963,221275,0.0,0.0
1991-09-30 00:00:00-04:00,0.3477247358670649,0.3477247358670649,0.34633660303445485,0.3470306694507599,459145,0.0,0.0
1991-10-01 00:00:00-04:00,0.3470305206066204,0.347724586725235,0.3463364544880058,0.347724586725235,384465,0.0,0.0
1991-10-02 00:00:00-04:00,0.34633656004366714,0.34633656004366714,0.341478168964386,0.341478168964386,622335,0.0,0.0
1991-10-03 00:00:00-04:00,0.34008992578864305,0.34008992578864305,0.3317611813545227,0.3317611813545227,401982,0.0,0.0
1991-10-04 00:00:00-04:00,0.331761226813797,0.33384342541292983,0.32759690284729004,0.32759690284729004,616803,0.0,0.0
1991-10-07 00:00:00-04:00,0.3275969983416498,0.3275969983416498,0.3234326243400574,0.3234326243400574,576236,0.0,0.0
1991-10-08 00:00:00-04:00,0.32412654161453247,0.3255146739890137,0.32204436746339654,0.32412654161453247,409358,0.0,0.0
1991-10-09 00:00:00-04:00,0.3234325242484636,0.32412654161453247,0.32204436746339654,0.32412654161453247,377089,0.0,0.0
1991-10-10 00:00:00-04:00,0.32412656639144466,0.3303731381435252,0.32412656639144466,0.32967907190322876,902616,0.0,0.0
1991-10-11 00:00:00-04:00,0.32898497113489245,0.33453747606392314,0.3282909049674405,0.33314934372901917,683185,0.0,0.0
1991-10-14 00:00:00-04:00,0.3331493392332902,0.33800777792930603,0.3331493392332902,0.33800777792930603,478506,0.0,0.0
1991-10-15 00:00:00-04:00,0.33661979419039806,0.33800792711926386,0.333843552743262,0.33731386065483093,608505,0.0,0.0
1991-10-16 00:00:00-04:00,0.3359254839469999,0.3359254839469999,0.3338433104753167,0.33523139357566833,570704,0.0,0.0
1991-10-17 00:00:00-04:00,0.333843429730554,0.34008997678756714,0.33314936352186664,0.34008997678756714,436095,0.0,0.0
1991-10-18 00:00:00-04:00,0.3407839795239734,0.3463364349275472,0.3407839795239734,0.34564241766929626,398294,0.0,0.0
1991-10-21 00:00:00-04:00,0.3456425259867754,0.3525831401348114,0.3449484596898539,0.3525831401348114,316238,0.0,0.0
1991-10-22 00:00:00-04:00,0.35258318874295647,0.3539712727069855,0.35188909793975587,0.3539712727069855,138297,0.0,0.0
1991-10-23 00:00:00-04:00,0.35397109413667105,0.3553592262216053,0.3532770769153655,0.3546651601791382,834390,0.0,0.0
1991-10-24 00:00:00-04:00,0.3546651601791382,0.3553592262216053,0.35397109413667105,0.3546651601791382,754178,0.0,0.0
1991-10-25 00:00:00-04:00,0.3539712184949603,0.354665284781269,0.35050091147400625,0.35119497776031494,200069,0.0,0.0
1991-10-28 00:00:00-05:00,0.351889044046402,0.351889044046402,0.35119497776009373,0.351889044046402,341132,0.0,0.0
1991-10-29 00:00:00-05:00,0.377967470154533,0.377967470154533,0.3719320969865701,0.3726864755153656,846375,0.55,0.0
1991-10-30 00:00:00-05:00,0.3734407205442169,0.37570404073550134,0.3704230487346649,0.3704230487346649,295955,0.0,0.0
1991-10-31 00:00:00-05:00,0.3704229521557595,0.3704229521557595,0.3636331260204315,0.3636331260204315,187161,0.0,0.0
1991-11-01 00:00:00-05:00,0.3636332404814417,0.3674053702477169,0.36061551544150183,0.36665093898773193,878645,0.0,0.0
1991-11-04 00:00:00-05:00,0.36665087987964556,0.36665087987964556,0.3636331818598409,0.36514201760292053,176098,0.0,0.0
1991-11-05 00:00:00-05:00,0.3658965337721704,0.3658965337721704,0.35835227370262146,0.35835227370262146,834390,0.0,0.0
1991-11-06 00:00:00-05:00,0.3583521394512055,0.36136983704175824,0.3583521394512055,0.35910657048225403,1095309,0.0,0.0
1991-11-07 00:00:00-05:00,0.3591066978631832,0.3598611291618407,0.3560890257358551,0.3560890257358551,459145,0.0,0.0
1991-11-08 00:00:00-05:00,0.3568432733514623,0.3636331260204315,0.3568432733514623,0.3636331260204315,725596,0.0,0.0
1991-11-11 00:00:00-05:00,0.36287875072147835,0.36665087987964556,0.36287875072147835,0.36514201760292053,122623,0.0,0.0
1991-11-12 00:00:00-05:00,0.36514197698995443,0.36514197698995443,0.3613698482513428,0.3613698482513428,232338,0.0,0.0
1991-11-13 00:00:00-05:00,0.3583523126098746,0.3621244430541992,0.3583523126098746,0.3621244430541992,224963,0.0,0.0
1991-11-14 00:00:00-05:00,0.36212437796147173,0.36665093898773193,0.36212437796147173,0.36665093898773193,277515,0.0,0.0
1991-11-15 00:00:00-05:00,0.3681597492642174,0.3734406877337749,0.3681597492642174,0.3689141273498535,538435,0.0,0.0
1991-11-18 00:00:00-05:00,0.36740525513904126,0.36966852167626135,0.36061540246009827,0.36061540246009827,854673,0.0,0.0
1991-11-19 00:00:00-05:00,0.36061549157138495,0.36061549157138495,0.3425093017321412,0.3492991030216217,1323960,0.0,0.0
1991-11-20 00:00:00-05:00,0.3508079189633506,0.35307118575998503,0.32892954943887764,0.3372282385826111,2789904,0.0,0.0
1991-11-21 00:00:00-05:00,0.3364738737684722,0.3508079880835768,0.3364738737684722,0.34703588485717773,1396796,0.0,0.0
1991-11-22 00:00:00-05:00,0.3462812518225208,0.3462812518225208,0.3425091505050659,0.3425091505050659,700703,0.0,0.0
1991-11-25 00:00:00-05:00,0.3410004690298445,0.34477259916868286,0.34024603769534634,0.34401822090148926,1006800,0.0,0.0
1991-11-26 00:00:00-05:00,0.34401816415223546,0.3492991030216217,0.34401816415223546,0.3492991030216217,812262,0.0,0.0
1991-11-27 00:00:00-05:00,0.34929912556609755,0.34929912556609755,0.3462814270647885,0.34703588485717773,116169,0.0,0.0
1991-11-29 00:00:00-05:00,0.3455269833494934,0.3455269833494934,0.34175485372543335,0.34175485372543335,68226,0.0,0.0
1991-12-02 00:00:00-05:00,0.34175502678227093,0.35608917437274723,0.34175502678227093,0.3530714213848114,536591,0.0,0.0
1991-12-03 00:00:00-05:00,0.3523169148627614,0.35382577776908875,0.3508080784900905,0.35382577776908875,449925,0.0,0.0
1991-12-04 00:00:00-05:00,0.3523168370846049,0.3523168370846049,0.34326376777983986,0.3447725772857666,486804,0.0,0.0
1991-12-05 00:00:00-05:00,0.34401822090148926,0.34703591970582953,0.3432637895669911,0.34401822090148926,694249,0.0,0.0
1991-12-06 00:00:00-05:00,0.34100047595320054,0.34854473638404904,0.34024604460338514,0.3462814688682556,832546,0.0,0.0
1991-12-09 00:00:00-05:00,0.34628146183767916,0.34703591970582953,0.34401822090148926,0.34401822090148926,587300,0.0,0.0
1991-12-10 00:00:00-05:00,0.34401822090148926,0.34628146183767916,0.342509358232493,0.34401822090148926,172410,0.0,0.0
1991-12-11 00:00:00-05:00,0.3455269833494934,0.3485446817420117,0.34175485372543335,0.34175485372543335,1929699,0.0,0.0
1991-12-12 00:00:00-05:00,0.34326391654306987,0.35684355291899156,0.34250948492950145,0.3530714213848114,460989,0.0,0.0
1991-12-13 00:00:00-05:00,0.35458014366784696,0.35835227370262146,0.35458014366784696,0.35835227370262146,139219,0.0,0.0
1991-12-16 00:00:00-05:00,0.35684345610713103,0.36212444943571115,0.3530713255963323,0.35759788751602173,659214,0.0,0.0
1991-12-17 00:00:00-05:00,0.35759778864813513,0.36061548691571627,0.35231679677963257,0.35231679677963257,532903,0.0,0.0
1991-12-18 00:00:00-05:00,0.3523168497267914,0.35835227370262146,0.34779034144563475,0.35835227370262146,401060,0.0,0.0
1991-12-19 00:00:00-05:00,0.35835241614612845,0.35835241614612845,0.35156261122499866,0.3530714213848114,684107,0.0,0.0
1991-12-20 00:00:00-05:00,0.3530714213848114,0.3553347162255167,0.3530714213848114,0.3530714213848114,1126657,0.0,0.0
1991-12-23 00:00:00-05:00,0.3530711452911761,0.3613698334837187,0.3530711452911761,0.36061540246009827,324536,0.0,0.0
1991-12-24 00:00:00-05:00,0.36061551544150183,0.3689141797003876,0.36061551544150183,0.36665093898773193,306097,0.0,0.0
1991-12-26 00:00:00-05:00,0.36740538477897644,0.36740538477897644,0.36514209090950595,0.36740538477897644,712689,0.0,0.0
1991-12-27 00:00:00-05:00,0.36740538477897644,0.3741952133200866,0.36665095348915294,0.36740538477897644,571626,0.0,0.0
1991-12-30 00:00:00-05:00,0.3689141378236741,0.38551151752471924,0.36815975971662046,0.38551151752471924,673966,0.0,0.0
1991-12-31 00:00:00-05:00,0.38023069026782574,0.3900381922721863,0.38023069026782574,0.3900381922721863,933041,0.0,0.0
1992-01-02 00:00:00-05:00,0.3885292603679479,0.3885292603679479,0.3764584397912359,0.38626599311828613,731128,0.0,0.0
1992-01-03 00:00:00-05:00,0.386265854923795,0.386265854923795,0.37419506519930407,0.3787216246128082,1114671,0.0,0.0
1992-01-06 00:00:00-05:00,0.377967276040194,0.37947616499116543,0.3749496042728424,0.3749496042728424,758788,0.0,0.0
1992-01-07 00:00:00-05:00,0.37645836896951257,0.37645836896951257,0.3726862399072799,0.3741951286792755,684107,0.0,0.0
1992-01-08 00:00:00-05:00,0.37494969703433806,0.3900381922721863,0.37494969703433806,0.3900381922721863,1288003,0.0,0.0
1992-01-09 00:00:00-05:00,0.39230139835251476,0.40210889749090467,0.39230139835251476,0.3983367681503296,1242826,0.0,0.0
1992-01-10 00:00:00-05:00,0.39758250023979186,0.39758250023979186,0.3907926699452926,0.3923015594482422,650916,0.0,0.0
1992-01-13 00:00:00-05:00,0.3923015594482422,0.3923015594482422,0.3892838069760005,0.3923015594482422,380777,0.0,0.0
1992-01-14 00:00:00-05:00,0.39079256086969105,0.3968279579949816,0.3862659997588981,0.396073579788208,924744,0.0,0.0
1992-01-15 00:00:00-05:00,0.3983368729416889,0.39909130431500317,0.39682801019506037,0.39758244156837463,399216,0.0,0.0
1992-01-16 00:00:00-05:00,0.39758244709828044,0.42247849702835083,0.39758244709828044,0.42247849702835083,1651262,0.0,0.0
1992-01-17 00:00:00-05:00,0.42096958625785136,0.42096958625785136,0.4088987650943207,0.4134253263473511,950559,0.0,0.0
1992-01-20 00:00:00-05:00,0.4119164499512507,0.41267082805926814,0.4104075876006292,0.41116201877593994,142907,0.0,0.0
1992-01-21 00:00:00-05:00,0.4111620413874802,0.4194607317049853,0.4111620413874802,0.4126708507537842,608505,0.0,0.0
1992-01-22 00:00:00-05:00,0.41191652257612216,0.4156886525840923,0.4073899612598276,0.4088987708091736,861127,0.0,0.0
1992-01-23 00:00:00-05:00,0.408898830066818,0.4096532880181297,0.401354595491218,0.4021090269088745,451769,0.0,0.0
1992-01-24 00:00:00-05:00,0.40286332313968204,0.4058810212640191,0.4021088919751862,0.4043721854686737,496024,0.0,0.0
1992-01-27 00:00:00-05:00,0.40286342242624706,0.4066355526447296,0.40286342242624706,0.4066355526447296,169644,0.0,0.0
1992-01-28 00:00:00-05:00,0.4356520882351599,0.44381036876050456,0.4356520882351599,0.44299453496932983,302409,0.55,0.0
1992-01-29 00:00:00-05:00,0.44462632323168816,0.45441627399656037,0.44299465520647313,0.4487054646015167,372479,0.0,0.0
1992-01-30 00:00:00-05:00,0.44707363363143626,0.44788949609225764,0.4405470495700699,0.4462577998638153,379855,0.0,0.0
1992-01-31 00:00:00-05:00,0.44462635602239153,0.44462635602239153,0.4372839067538443,0.4380997121334076,267374,0.0,0.0
1992-02-03 00:00:00-05:00,0.43973138088006797,0.44381052255630493,0.4372839073516103,0.44381052255630493,1252968,0.0,0.0
1992-02-04 00:00:00-05:00,0.44217867248495385,0.4470736465388009,0.44136289608018164,0.44299453496932983,294111,0.0,0.0
1992-02-05 00:00:00-05:00,0.44462601682205105,0.44462601682205105,0.4405468782633206,0.44217848777770996,812262,0.0,0.0
1992-02-06 00:00:00-05:00,0.44217874590034423,0.4454421103000641,0.4413629693601278,0.4454421103000641,476662,0.0,0.0
1992-02-07 00:00:00-05:00,0.4454420234825952,0.45033699739512056,0.4454420234825952,0.4462577998638153,579924,0.0,0.0
1992-02-10 00:00:00-05:00,0.4462576615349251,0.45278432965278625,0.4462576615349251,0.45278432965278625,164112,0.0,0.0
1992-02-11 00:00:00-05:00,0.4527846750750331,0.4536005092121527,0.44952136721976826,0.4503372013568878,432408,0.0,0.0
1992-02-12 00:00:00-05:00,0.4503371326267318,0.4503371326267318,0.4454421572442957,0.4487054646015167,729284,0.0,0.0
1992-02-13 00:00:00-05:00,0.4495211984270389,0.4495211984270389,0.4454420579663492,0.44707366824150085,631555,0.0,0.0
1992-02-14 00:00:00-05:00,0.4454418689300037,0.4560475894564641,0.442994368476337,0.45523175597190857,292267,0.0,0.0
1992-02-18 00:00:00-05:00,0.45604770621092444,0.46583765314557074,0.4536002625170596,0.45441609621047974,1169990,0.0,0.0
1992-02-19 00:00:00-05:00,0.45441588300635244,0.45849502086639404,0.45115252107058734,0.45849502086639404,694249,0.0,0.0
1992-02-20 00:00:00-05:00,0.4584955249505847,0.4682854206689043,0.4568638278421716,0.4642062783241272,713611,0.0,0.0
1992-02-21 00:00:00-05:00,0.4642060008318361,0.47154847561783525,0.46339022449832273,0.46746936440467834,1314740,0.0,0.0
1992-02-24 00:00:00-05:00,0.46583766432990414,0.47236427664756775,0.46583766432990414,0.47236427664756775,652760,0.0,0.0
1992-02-25 00:00:00-05:00,0.4723643027417248,0.4723643027417248,0.46665352382159625,0.47154849767684937,816872,0.0,0.0
1992-02-26 00:00:00-05:00,0.47154843051759743,0.4805225431919098,0.4707325968757152,0.4805225431919098,660136,0.0,0.0
1992-02-27 00:00:00-05:00,0.4805226116292801,0.4894967542749109,0.47154849767684937,0.47154849767684937,1287081,0.0,0.0
1992-02-28 00:00:00-05:00,0.47318013649980034,0.4739959702578759,0.46665352382159625,0.47154849767684937,412124,0.0,0.0
1992-03-02 00:00:00-05:00,0.47318012679831845,0.47318012679831845,0.4682851530434256,0.46991682052612305,273827,0.0,0.0
1992-03-03 00:00:00-05:00,0.4715485430652127,0.4756276835550233,0.46910104155540466,0.46910104155540466,519995,0.0,0.0
1992-03-04 00:00:00-05:00,0.46746927584915937,0.46828505202813536,0.462574303150177,0.462574303150177,247090,0.0,0.0
1992-03-05 00:00:00-05:00,0.46420605419057387,0.4674694181385275,0.4625744439496021,0.4666535556316376,744958,0.0,0.0
1992-03-06 00:00:00-05:00,0.4682850999024147,0.46991676719995046,0.4650217940005394,0.46583762764930725,723752,0.0,0.0
1992-03-09 00:00:00-05:00,0.46665341359060347,0.46665341359060347,0.45931094019553326,0.462574303150177,383543,0.0,0.0
1992-03-10 00:00:00-05:00,0.4625746120055004,0.4633904461155853,0.45767963603820333,0.45931124687194824,588222,0.0,0.0
1992-03-11 00:00:00-05:00,0.4568636227954287,0.4568636227954287,0.44707367408454235,0.4478895366191864,252622,0.0,0.0
1992-03-12 00:00:00-05:00,0.4438105569531447,0.4503372013568878,0.4438105569531447,0.4503372013568878,1073182,0.0,0.0
1992-03-13 00:00:00-05:00,0.4552322651266646,0.46175891160964966,0.4552322651266646,0.46175891160964966,1158004,0.0,0.0
1992-03-16 00:00:00-05:00,0.46175852445806476,0.4739959440735829,0.46175852445806476,0.47236427664756775,626023,0.0,0.0
1992-03-17 00:00:00-05:00,0.47970699529619115,0.48949697613716125,0.47889116116834257,0.48949697613716125,1173678,0.0,0.0
1992-03-18 00:00:00-05:00,0.48949697613716125,0.49112858700643225,0.48786525049503787,0.48949697613716125,977296,0.0,0.0
1992-03-19 00:00:00-05:00,0.4878652068996479,0.49276021122932434,0.4870494015379124,0.49276021122932434,199147,0.0,0.0
1992-03-20 00:00:00-05:00,0.49276015021011077,0.509076714515686,0.49276015021011077,0.509076714515686,966233,0.0,0.0
1992-03-23 00:00:00-05:00,0.5082607806885387,0.5090766432214074,0.5058133078627447,0.5074449181556702,963467,0.0,0.0
1992-03-24 00:00:00-05:00,0.5066293108175591,0.5131559259574542,0.5049976426859799,0.5115242004394531,708079,0.0,0.0
1992-03-25 00:00:00-05:00,0.5090767181555819,0.5090767181555819,0.487865149974823,0.487865149974823,1900196,0.0,0.0
1992-03-26 00:00:00-05:00,0.489496939151022,0.49602349690781505,0.489496939151022,0.4943918287754059,378011,0.0,0.0
1992-03-27 00:00:00-05:00,0.49357572197914124,0.4960231363189505,0.48786485897406584,0.49357572197914124,571626,0.0,0.0
1992-03-30 00:00:00-05:00,0.4927601745805702,0.4927601745805702,0.4837860293368208,0.48623350262641907,381699,0.0,0.0
1992-03-31 00:00:00-05:00,0.4846018715222239,0.4894968752807441,0.4829702036027172,0.487865149974823,346664,0.0,0.0
1992-04-01 00:00:00-05:00,0.48704936531389637,0.48704936531389637,0.4813385273540141,0.48623350262641907,190849,0.0,0.0
1992-04-02 00:00:00-05:00,0.48133818446032156,0.48133818446032156,0.4723641029959077,0.4731799364089966,740348,0.0,0.0
1992-04-03 00:00:00-05:00,0.47318039722127997,0.47318039722127997,0.4633905015029604,0.4642062783241272,271983,0.0,0.0
1992-04-06 00:00:00-04:00,0.46583769641441847,0.4780751168727875,0.46583769641441847,0.4780751168727875,640774,0.0,0.0
1992-04-07 00:00:00-04:00,0.4805225756543493,0.491128327635718,0.4805225756543493,0.48133835196495056,1256656,0.0,0.0
1992-04-08 00:00:00-04:00,0.48133845930316965,0.48133845930316965,0.4764435708024212,0.4788910150527954,800277,0.0,0.0
1992-04-09 00:00:00-04:00,0.47889110404624746,0.4903126657009125,0.4780752700157115,0.4903126657009125,1748070,0.0,0.0
1992-04-10 00:00:00-04:00,0.4911280988388621,0.5025497078895569,0.48623309893726324,0.5025497078895569,1041835,0.0,0.0
1992-04-13 00:00:00-04:00,0.500918494392364,0.5017342997540996,0.49194434848116775,0.49276021122932434,342976,0.0,0.0
1992-04-14 00:00:00-04:00,0.491943859685698,0.5049971342086792,0.491943859685698,0.5049971342086792,1097153,0.0,0.0
1992-04-15 00:00:00-04:00,0.5049975112430188,0.5302881598472595,0.5049975112430188,0.5302881598472595,1829204,0.0,0.0
1992-04-16 00:00:00-04:00,0.523761544320859,0.5270248223352231,0.5172348735193176,0.5188665986061096,2471822,0.0,0.0
1992-04-20 00:00:00-04:00,0.5188662742964945,0.5245770215988159,0.5188662742964945,0.5245770215988159,2195229,0.0,0.0
1992-04-21 00:00:00-04:00,0.5245773122742212,0.5253931173733528,0.5204981720057585,0.5229457020759583,1267719,0.0,0.0
1992-04-22 00:00:00-04:00,0.5221296237828208,0.5270245671272278,0.5213137616345004,0.5270245671272278,684107,0.0,0.0
1992-04-23 00:00:00-04:00,0.5270246087267895,0.5270246087267895,0.5204979979569565,0.5237613320350647,1191195,0.0,0.0
1992-04-24 00:00:00-04:00,0.522129824531891,0.522129824531891,0.5098924040794373,0.5098924040794373,454535,0.0,0.0
1992-04-27 00:00:00-04:00,0.5107079836725191,0.5107079836725191,0.5001021792455729,0.5025497078895569,1211479,0.0,0.0
1992-04-28 00:00:00-04:00,0.5336119860483514,0.5336119860483514,0.5292452746450353,0.5309919714927673,673044,0.55,0.0
1992-04-29 00:00:00-04:00,0.5327388382379318,0.53710555103385,0.5301188228467903,0.5362322330474854,993892,0.0,0.0
1992-04-30 00:00:00-04:00,0.539725371012244,0.5423454468868094,0.539725371012244,0.5405987501144409,848219,0.0,0.0
1992-05-01 00:00:00-04:00,0.5405988862267205,0.5423455834388734,0.5405988862267205,0.5423455834388733,695171,0.0,0.0
1992-05-04 00:00:00-04:00,0.5423454312708269,0.5484587776500546,0.5388519763946533,0.5388519763946533,1421690,0.0,0.0
1992-05-05 00:00:00-04:00,0.5388523303640154,0.5484591379300797,0.537979073577375,0.5449658036231995,920134,0.0,0.0
1992-05-06 00:00:00-04:00,0.5458390609903504,0.5528257902572762,0.5458390609903504,0.5510791540145874,263686,0.0,0.0
1992-05-07 00:00:00-04:00,0.5493322695875296,0.5536989201418114,0.5440921783447266,0.5440921783447266,463755,0.0,0.0
1992-05-08 00:00:00-04:00,0.5458390190427703,0.5475856551512306,0.5423456853937977,0.5467123985290527,205601,0.0,0.0
1992-05-11 00:00:00-04:00,0.5484588427720692,0.5571922659873962,0.5484588427720692,0.5571922659873962,1252046,0.0,0.0
1992-05-12 00:00:00-04:00,0.5589388687195816,0.5606855653546846,0.5571921720844788,0.5598122477531433,936729,0.0,0.0
1992-05-13 00:00:00-04:00,0.5580655586207293,0.5641789668827342,0.5580655586207293,0.5606856346130371,548577,0.0,0.0
1992-05-14 00:00:00-04:00,0.559812342097619,0.559812342097619,0.5563189482386759,0.5571922659873962,882333,0.0,0.0
1992-05-15 00:00:00-04:00,0.5571923513606023,0.5571923513606023,0.5528256390838696,0.5536989569664001,314394,0.0,0.0
1992-05-18 00:00:00-04:00,0.5554457150658467,0.5554457150658467,0.5467122905207098,0.5475855469703674,533825,0.0,0.0
1992-05-19 00:00:00-04:00,0.5475856556096637,0.5624324925683707,0.5475856556096637,0.5589391589164734,493258,0.0,0.0
1992-05-20 00:00:00-04:00,0.557192013818291,0.561558723449707,0.5554453791113269,0.561558723449707,1224386,0.0,0.0
1992-05-21 00:00:00-04:00,0.5615589523224543,0.5615589523224543,0.5589389377621745,0.5606856346130371,827936,0.0,0.0
1992-05-22 00:00:00-04:00,0.5606857206258665,0.5641790534314637,0.5598124027824767,0.5633057355880737,607583,0.0,0.0
1992-05-26 00:00:00-04:00,0.5633055795913288,0.5676722904630758,0.5589388687195816,0.5598122477531433,2160194,0.0,0.0
1992-05-27 00:00:00-04:00,0.5589390159696909,0.5633057279918297,0.5589390159696909,0.5624323487281799,412124,0.0,0.0
1992-05-28 00:00:00-04:00,0.5650525444371534,0.5685458779335022,0.5624324675248297,0.5685458779335022,926588,0.0,0.0
1992-05-29 00:00:00-04:00,0.5676726267282682,0.5720393401866711,0.5659259904905525,0.5694193243980408,448081,0.0,0.0
1992-06-01 00:00:00-04:00,0.5694191095478683,0.5694191095478683,0.5624323215049958,0.5659257769584656,474818,0.0,0.0
1992-06-02 00:00:00-04:00,0.5667988765407158,0.5755322977466321,0.5667988765407158,0.573785662651062,1366371,0.0,0.0
1992-06-03 00:00:00-04:00,0.5737859438124804,0.5798993539386632,0.5737859438124804,0.5781526565551758,621413,0.0,0.0
1992-06-04 00:00:00-04:00,0.5816457324203324,0.5816457324203324,0.5755323250002945,0.5764057040214539,661058,0.0,0.0
1992-06-05 00:00:00-04:00,0.5781524006317532,0.5781524006317532,0.5711656141905559,0.5764057040214539,1185663,0.0,0.0
1992-06-08 00:00:00-04:00,0.5755324704973914,0.5807725616530071,0.5746591526874729,0.5790258646011353,629711,0.0,0.0
1992-06-09 00:00:00-04:00,0.5798992865775435,0.5798992865775435,0.5764058922163614,0.5772792100906372,275671,0.0,0.0
1992-06-10 00:00:00-04:00,0.5755326656402094,0.5764060451782951,0.5737860294281498,0.5746593475341797,614037,0.0,0.0
1992-06-11 00:00:00-04:00,0.5746592883421747,0.5746592883421747,0.5650525444371534,0.5685458779335022,594676,0.0,0.0
1992-06-12 00:00:00-04:00,0.5667993729206061,0.5702928304672241,0.5667993729206061,0.5702928304672241,472053,0.0,0.0
1992-06-15 00:00:00-04:00,0.5694192573816266,0.5711658934137763,0.5676725599174274,0.5685458779335022,557796,0.0,0.0
1992-06-16 00:00:00-04:00,0.5702925163728809,0.5702925163728809,0.5624323487281799,0.5624323487281799,921056,0.0,0.0
1992-06-17 00:00:00-04:00,0.5589391240279372,0.5589391240279372,0.5484590008623019,0.5493323802947998,1602397,0.0,0.0
1992-06-18 00:00:00-04:00,0.5475856483598707,0.5484590278353211,0.5397256016731262,0.5397256016731262,460989,0.0,0.0
1992-06-19 00:00:00-04:00,0.5397253185595464,0.5414720151621638,0.532738593581096,0.5353586077690125,631555,0.0,0.0
1992-06-22 00:00:00-04:00,0.5353588885920288,0.5397256016731262,0.5336121910731796,0.5397256016731262,365103,0.0,0.0
1992-06-23 00:00:00-04:00,0.5414721994507727,0.5589390485577035,0.5414721994507727,0.5536989569664001,543967,0.0,0.0
1992-06-24 00:00:00-04:00,0.5536989720095896,0.5580656844049595,0.5536989720095896,0.5554457306861877,601129,0.0,0.0
1992-06-25 00:00:00-04:00,0.5554456786547818,0.556318996479231,0.5440921783447266,0.5440921783447266,758788,0.0,0.0
1992-06-26 00:00:00-04:00,0.5449657009885402,0.5484590346375129,0.5449657009885402,0.5467123985290527,344820,0.0,0.0
1992-06-29 00:00:00-04:00,0.5467124908091006,0.5563192367553711,0.5467124908091006,0.5563192367553711,528293,0.0,0.0
1992-06-30 00:00:00-04:00,0.5563190765516388,0.5624324250667646,0.5545723792192979,0.5580657124519348,1159848,0.0,0.0
1992-07-01 00:00:00-04:00,0.5580656844049595,0.5580656844049595,0.5545723513478887,0.5554457306861877,809496,0.0,0.0
1992-07-02 00:00:00-04:00,0.5502057164640066,0.5502057164640066,0.5309921669312182,0.5327388644218445,1458569,0.0,0.0
1992-07-06 00:00:00-04:00,0.5318654865201089,0.5318654865201089,0.5170186516691789,0.5205119848251343,725596,0.0,0.0
1992-07-07 00:00:00-04:00,0.5187651276908174,0.5187651276908174,0.5030449508981198,0.5135250687599182,1847643,0.0,0.0
1992-07-08 00:00:00-04:00,0.5135253286397086,0.5170186927895255,0.5065385696240506,0.5126519799232483,561484,0.0,0.0
1992-07-09 00:00:00-04:00,0.5126520695380159,0.5292455444712825,0.5126520695380159,0.5283722877502441,394606,0.0,0.0
1992-07-10 00:00:00-04:00,0.5283721533641536,0.529245409863088,0.5170186516691789,0.5205119848251343,662902,0.0,0.0
1992-07-13 00:00:00-04:00,0.5205119167644545,0.5274987050268795,0.5178919018820629,0.5257520079612732,797511,0.0,0.0
1992-07-14 00:00:00-04:00,0.5257519655470769,0.5301186771427974,0.5257519655470769,0.5274986624717712,153048,0.0,0.0
1992-07-15 00:00:00-04:00,0.5274987473707248,0.5274987473707248,0.5178919434547424,0.5178919434547424,318082,0.0,0.0
1992-07-16 00:00:00-04:00,0.5161450262288175,0.5222584331271655,0.5135250429689653,0.5196384191513062,614037,0.0,0.0
1992-07-17 00:00:00-04:00,0.5196384191513062,0.5196384191513062,0.5170184051754468,0.5196384191513062,181630,0.0,0.0
1992-07-20 00:00:00-04:00,0.5196384586538598,0.5336119085420378,0.5196384586538598,0.5292451977729797,736660,0.0,0.0
1992-07-21 00:00:00-04:00,0.5292451977729797,0.5301185767860027,0.5248784870039218,0.5292451977729797,240636,0.0,0.0
1992-07-22 00:00:00-04:00,0.528372376620759,0.528372376620759,0.524005662256686,0.5248789191246033,754178,0.0,0.0
1992-07-23 00:00:00-04:00,0.5231320614821553,0.5240054408451768,0.5178919696001569,0.5205119848251343,568860,0.0,0.0
1992-07-24 00:00:00-04:00,0.5187654394685093,0.5257521684313886,0.5178920599531155,0.5240055322647095,106949,0.0,0.0
1992-07-27 00:00:00-04:00,0.5240051587025811,0.5266251110848416,0.5222584009170532,0.5222584009170532,84822,0.0,0.0
1992-07-28 00:00:00-04:00,0.5565183892002011,0.5771301984786987,0.5565183892002011,0.5771301984786987,735738,0.55,0.0
1992-07-29 00:00:00-04:00,0.575256343060496,0.5921205254387226,0.575256343060496,0.5874359607696533,562406,0.0,0.0
1992-07-30 00:00:00-04:00,0.5883728648238349,0.5902466773986816,0.5846253055768804,0.5902466773986816,454535,0.0,0.0
1992-07-31 00:00:00-04:00,0.5902463754419583,0.6033629249502768,0.5902463754419583,0.6024260520935059,2118705,0.0,0.0
1992-08-03 00:00:00-04:00,0.5986787905296231,0.5996157298551149,0.5902467320166679,0.5958681702613831,701625,0.0,0.0
1992-08-04 00:00:00-04:00,0.5949311273587194,0.5949311273587194,0.5836883187294006,0.5836883187294006,382621,0.0,0.0
1992-08-05 00:00:00-04:00,0.5836883379079137,0.5949311469066426,0.5836883379079137,0.5930573344230652,1602397,0.0,0.0
1992-08-06 00:00:00-04:00,0.5911837816238403,0.5911837816238403,0.5883730290257817,0.5911837816238403,898928,0.0,0.0
1992-08-07 00:00:00-04:00,0.5911835684174355,0.5911835684174355,0.5836883187294006,0.5836883187294006,1070416,0.0,0.0
1992-08-10 00:00:00-04:00,0.5818147280315799,0.5818147280315799,0.5761932892600216,0.579940915107727,326380,0.0,0.0
1992-08-11 00:00:00-04:00,0.5799408847660512,0.5818146975918688,0.5761932591144161,0.5771301984786987,493258,0.0,0.0
1992-08-12 00:00:00-04:00,0.5780668814633746,0.5836883187294006,0.5771300741064704,0.5836883187294006,744036,0.0,0.0
1992-08-13 00:00:00-04:00,0.5855621311514094,0.5855621311514094,0.5827513795670296,0.5836883187294006,428720,0.0,0.0
1992-08-14 00:00:00-04:00,0.5827516629279396,0.5846255421638489,0.5790041021644177,0.5846255421638489,625101,0.0,0.0
1992-08-17 00:00:00-04:00,0.5846254687329657,0.5921206552213549,0.5846254687329657,0.5911837816238403,351273,0.0,0.0
1992-08-18 00:00:00-04:00,0.5893100425453254,0.5902469162605145,0.5846255421638489,0.5846255421638489,569782,0.0,0.0
1992-08-19 00:00:00-04:00,0.585562504321676,0.585562504321676,0.5827517509460449,0.5827517509460449,168722,0.0,0.0
1992-08-20 00:00:00-04:00,0.5836884012982378,0.5883729000645643,0.5836884012982378,0.5874359607696533,535669,0.0,0.0
1992-08-21 00:00:00-04:00,0.5883729436281085,0.5902467564539261,0.5733825728270636,0.5771301984786987,1098997,0.0,0.0
1992-08-24 00:00:00-04:00,0.5743194646824081,0.5743194646824081,0.5640135926644656,0.5649504661560059,555953,0.0,0.0
1992-08-25 00:00:00-04:00,0.5649501790966736,0.5696346759796143,0.5583918702800132,0.5696346759796143,812262,0.0,0.0
1992-08-26 00:00:00-04:00,0.5686979794770558,0.5686979794770558,0.5630765419311108,0.5640134811401367,591910,0.0,0.0
1992-08-27 00:00:00-04:00,0.5649504190893764,0.5649504190893764,0.5574552340732365,0.5583921074867249,230494,0.0,0.0
1992-08-28 00:00:00-04:00,0.5602658155206749,0.5602658155206749,0.5527705989537792,0.5565182566642761,1617149,0.0,0.0
1992-08-31 00:00:00-04:00,0.5565183849886102,0.5565183849886102,0.5471494197845459,0.5471494197845459,1134032,0.0,0.0
1992-09-01 00:00:00-04:00,0.5471493451397961,0.5490230917930603,0.5377802823597838,0.5490230917930603,1937075,0.0,0.0
1992-09-02 00:00:00-04:00,0.5471493332591436,0.5640134811401367,0.5471493332591436,0.5640134811401367,1837501,0.0,0.0
1992-09-03 00:00:00-04:00,0.563076471476704,0.573382406070048,0.563076471476704,0.5705717206001282,538435,0.0,0.0
1992-09-04 00:00:00-04:00,0.5696348124637887,0.5827513673371119,0.5696348124637887,0.5733824372291565,874035,0.0,0.0
1992-09-08 00:00:00-04:00,0.574319337236178,0.5818145871162415,0.5715086514825217,0.5818145871162415,1141408,0.0,0.0
1992-09-09 00:00:00-04:00,0.5799406098736265,0.5808774828910828,0.5761929859983689,0.5808774828910828,1087012,0.0,0.0
1992-09-10 00:00:00-04:00,0.5808777152189906,0.5893098393594753,0.5808777152189906,0.5874359607696533,750490,0.0,0.0
1992-09-11 00:00:00-04:00,0.5855621311514094,0.5893097559954268,0.5808776330477544,0.5836883187294006,295033,0.0,0.0
1992-09-14 00:00:00-04:00,0.5836884561850092,0.5996157666687821,0.5836884561850092,0.5986788272857666,451769,0.0,0.0
1992-09-15 00:00:00-04:00,0.5986786383534866,0.5986786383534866,0.593994140625,0.593994140625,615881,0.0,0.0
1992-09-16 00:00:00-04:00,0.593994343354029,0.6005527214955448,0.5921205963453111,0.5968050956726074,389075,0.0,0.0
1992-09-17 00:00:00-04:00,0.5996155774408208,0.6024262628973671,0.593994140625,0.593994140625,891552,0.0,0.0
1992-09-18 00:00:00-04:00,0.5921206552213549,0.5930575288188696,0.5864992818307523,0.5911837816238403,1430909,0.0,0.0
1992-09-21 00:00:00-04:00,0.59118362419089,0.5930573708869382,0.5883728723413382,0.589309811592102,344820,0.0,0.0
1992-09-22 00:00:00-04:00,0.5864994440811448,0.5864994440811448,0.5827517509460449,0.5827517509460449,761554,0.0,0.0
1992-09-23 00:00:00-04:00,0.5808774828910828,0.5836881678461677,0.5808774828910828,0.5808774828910828,565172,0.0,0.0
1992-09-24 00:00:00-04:00,0.5808777428681284,0.5846253684206696,0.5790039300918579,0.5790039300918579,439783,0.0,0.0
1992-09-25 00:00:00-04:00,0.5790038246402113,0.5790038246402113,0.5733824532379435,0.578066885471344,709001,0.0,0.0
1992-09-28 00:00:00-04:00,0.5761931389390773,0.5808776370752119,0.5761931389390773,0.578066885471344,283969,0.0,0.0
1992-09-29 00:00:00-04:00,0.5790038246402113,0.5808776370752119,0.5771300781079446,0.578066885471344,244324,0.0,0.0
1992-09-30 00:00:00-04:00,0.5780672498570271,0.5827517509460449,0.5761935021436404,0.5827517509460449,590066,0.0,0.0
1992-10-01 00:00:00-04:00,0.5846252562036794,0.5949311256408691,0.582751377884348,0.5949311256408691,846375,0.0,0.0
1992-10-02 00:00:00-04:00,0.5930574449158694,0.5939943183808396,0.5874360064178044,0.5883729457855225,945949,0.0,0.0
1992-10-05 00:00:00-04:00,0.5874362520350628,0.5874362520350628,0.5715090010546225,0.5827517509460449,1625447,0.0,0.0
1992-10-06 00:00:00-04:00,0.5846251067663404,0.5855619797837965,0.5808774828910828,0.5808774828910828,827936,0.0,0.0
1992-10-07 00:00:00-04:00,0.5808775028737174,0.5808775028737174,0.5668240776148438,0.5677608847618103,560562,0.0,0.0
1992-10-08 00:00:00-04:00,0.5677609692274799,0.5715085937891919,0.5649502837575601,0.5705717206001282,682263,0.0,0.0
1992-10-09 00:00:00-04:00,0.5705718677154905,0.5705718677154905,0.5612028697982511,0.5621398091316223,599285,0.0,0.0
1992-10-12 00:00:00-04:00,0.5640135926644656,0.5668243449445861,0.5640135926644656,0.5649504661560059,94042,0.0,0.0
1992-10-13 00:00:00-04:00,0.5630765419311108,0.5640134811401367,0.5546444844662984,0.5640134811401367,1557220,0.0,0.0
1992-10-14 00:00:00-04:00,0.5621398091316223,0.5621398091316223,0.5583921177008828,0.5621398091316223,498790,0.0,0.0
1992-10-15 00:00:00-04:00,0.5583923098316458,0.5583923098316458,0.5377805270924723,0.5452757477760315,2846145,0.0,0.0
1992-10-16 00:00:00-04:00,0.5471494271284466,0.552770733833313,0.5443386749218913,0.552770733833313,848219,0.0,0.0
1992-10-19 00:00:00-04:00,0.5527705634102906,0.5602657794952393,0.5508968170539402,0.5602657794952393,746802,0.0,0.0
1992-10-20 00:00:00-04:00,0.5621397345275585,0.5658872936554517,0.5621397345275585,0.5640134811401367,603895,0.0,0.0
1992-10-21 00:00:00-04:00,0.5640135373466986,0.57525634765625,0.5640135373466986,0.57525634765625,977296,0.0,0.0
1992-10-22 00:00:00-04:00,0.5743195217600245,0.5864992737770081,0.5743195217600245,0.5864992737770081,1008644,0.0,0.0
1992-10-23 00:00:00-04:00,0.5864991579658013,0.5883729047651072,0.5705718488524989,0.57525634765625,1926011,0.0,0.0
1992-10-26 00:00:00-05:00,0.5743191938177639,0.5743191938177639,0.5621395805609796,0.5677608847618103,755100,0.0,0.0
1992-10-27 00:00:00-05:00,0.5686978090821163,0.5686978090821163,0.5555811913076883,0.5574550032615662,424110,0.0,0.0
1992-10-28 00:00:00-05:00,0.5555815234770209,0.5555815234770209,0.536843590443417,0.543401837348938,1969344,0.0,0.0
1992-10-29 00:00:00-05:00,0.5452754305008007,0.5537074870796636,0.5434016181823658,0.5443385243415833,2145442,0.0,0.0
1992-10-30 00:00:00-05:00,0.5443383732493902,0.5452752791485505,0.5405907826041051,0.5415276885032654,864815,0.0,0.0
1992-11-02 00:00:00-05:00,0.5424647502629816,0.5518337795642404,0.5405909707638236,0.546212375164032,865737,0.0,0.0
1992-11-03 00:00:00-05:00,0.5870623509734899,0.5971319977427901,0.5860553756718425,0.5900832414627075,393684,0.55,0.0
1992-11-04 00:00:00-05:00,0.5880693616908621,0.5920971920660024,0.5860553756718425,0.5900832414627075,540279,0.0,0.0
1992-11-05 00:00:00-05:00,0.5890761017799377,0.5931040018625459,0.5890761017799377,0.5890761017799377,1009566,0.0,0.0
1992-11-06 00:00:00-05:00,0.5860549180461395,0.5941106079217946,0.5860549180461395,0.5880689024925232,605739,0.0,0.0
1992-11-09 00:00:00-05:00,0.5880693616908621,0.5920971920660024,0.5850484003701951,0.5900832414627075,1221620,0.0,0.0
1992-11-10 00:00:00-05:00,0.5900827806918156,0.5900827806918156,0.5880689024925232,0.5880689024925232,508010,0.0,0.0
1992-11-11 00:00:00-05:00,0.5860549082963463,0.5860549082963463,0.5729643106460571,0.5729643106460571,1275095,0.0,0.0
1992-11-12 00:00:00-05:00,0.5729646116011743,0.5739715866286884,0.5628949321574629,0.5719577074050903,779993,0.0,0.0
1992-11-13 00:00:00-05:00,0.5699437856674194,0.5719577713633737,0.563901970242433,0.5699437856674194,1781261,0.0,0.0
1992-11-16 00:00:00-05:00,0.5679296255111694,0.569943575047158,0.5639017618548983,0.5679296255111694,955169,0.0,0.0
1992-11-17 00:00:00-05:00,0.5689366002791637,0.5709505852308582,0.5669226507431752,0.5679296255111694,496946,0.0,0.0
1992-11-18 00:00:00-05:00,0.5679297901340582,0.5759855551973896,0.5669228150741773,0.5689367651939392,920134,0.0,0.0
1992-11-19 00:00:00-05:00,0.567929775991583,0.5689367510263885,0.5639019112680765,0.5649089217185974,1060274,0.0,0.0
1992-11-20 00:00:00-05:00,0.5659159108457288,0.5699437402538201,0.5649089357858479,0.5689367651939392,1699205,0.0,0.0
1992-11-23 00:00:00-05:00,0.5679298215919567,0.5699437718232723,0.5649089670764198,0.5659159421920776,728362,0.0,0.0
1992-11-24 00:00:00-05:00,0.5659159300805218,0.5860552548840707,0.5649089549864149,0.5810204148292542,1549844,0.0,0.0
1992-11-25 00:00:00-05:00,0.5810200808851202,0.5910897552071589,0.5810200808851202,0.5880689024925232,919212,0.0,0.0
1992-11-27 00:00:00-05:00,0.5880687820087155,0.5961244702339172,0.5880687820087155,0.5961244702339172,482194,0.0,0.0
1992-11-30 00:00:00-05:00,0.5971317327866119,0.6041805921861856,0.5971317327866119,0.6011596322059631,462833,0.0,0.0
1992-12-01 00:00:00-05:00,0.601159306363397,0.6031732549814648,0.5961244702339172,0.5961244702339172,830702,0.0,0.0
1992-12-02 00:00:00-05:00,0.5961247121612808,0.5961247121612808,0.5941107273101807,0.5941107273101807,761554,0.0,0.0
1992-12-03 00:00:00-05:00,0.5941107273101807,0.5961247121612808,0.5920968487061932,0.5941107273101807,568860,0.0,0.0
1992-12-04 00:00:00-05:00,0.5920969504151924,0.6021665930747986,0.5920969504151924,0.6021665930747986,482194,0.0,0.0
1992-12-07 00:00:00-05:00,0.6001525902496136,0.6041805602877213,0.5971317012603009,0.5991456508636475,753256,0.0,0.0
1992-12-08 00:00:00-05:00,0.6021663432216691,0.6102220681731264,0.6021663432216691,0.6092151999473572,754178,0.0,0.0
1992-12-09 00:00:00-05:00,0.6092156516736313,0.6142504215240479,0.6051876799641221,0.6142504215240479,607583,0.0,0.0
1992-12-10 00:00:00-05:00,0.6172710164273864,0.6182780265808105,0.6122361781544949,0.6182780265808105,817794,0.0,0.0
1992-12-11 00:00:00-05:00,0.618278233807523,0.6192851734670307,0.6152572731661327,0.616264283657074,453613,0.0,0.0
1992-12-14 00:00:00-05:00,0.6142499992123611,0.6142499992123611,0.6031733856602852,0.6041803956031799,616803,0.0,0.0
1992-12-15 00:00:00-05:00,0.6041807596227481,0.6122364190310786,0.6041807596227481,0.6112294793128967,633399,0.0,0.0
1992-12-16 00:00:00-05:00,0.6132431883079191,0.6202919760562491,0.6132431883079191,0.6182780265808105,1127579,0.0,0.0
1992-12-17 00:00:00-05:00,0.6192850506323102,0.6233129501342773,0.6182781111725282,0.6233129501342773,641696,0.0,0.0
1992-12-18 00:00:00-05:00,0.6283478185639462,0.6333826577618166,0.6243199188730807,0.6313686370849609,1001268,0.0,0.0
1992-12-21 00:00:00-05:00,0.6313684354816187,0.6374102830886841,0.6303615671275414,0.6374102830886841,753256,0.0,0.0
1992-12-22 00:00:00-05:00,0.6394243494715971,0.6484870162959142,0.6394243494715971,0.6444591879844666,1748992,0.0,0.0
1992-12-23 00:00:00-05:00,0.6444596344459418,0.6454666453449892,0.6424456834793091,0.6424456834793091,1630978,0.0,0.0
1992-12-24 00:00:00-05:00,0.6434526235468943,0.6434526235468943,0.6414387434117239,0.6424456834793091,116169,0.0,0.0
1992-12-28 00:00:00-05:00,0.6434523635132107,0.6434523635132107,0.6414384841918945,0.6414384841918945,701625,0.0,0.0
1992-12-29 00:00:00-05:00,0.6404313938955224,0.6424452727431545,0.6394243836402894,0.6394243836402893,493258,0.0,0.0
1992-12-30 00:00:00-05:00,0.6394243836402894,0.6404313938955224,0.6394243836402894,0.6394243836402893,567016,0.0,0.0
1992-12-31 00:00:00-05:00,0.6394246716717613,0.658557025162433,0.6374107210855199,0.6575501561164856,922900,0.0,0.0
1993-01-04 00:00:00-05:00,0.6575497358464816,0.6585566042488934,0.6464730501174927,0.6464730501174927,1288003,0.0,0.0
1993-01-05 00:00:00-05:00,0.6464733068890643,0.6464733068890643,0.6404315274236404,0.6434523463249207,429642,0.0,0.0
1993-01-06 00:00:00-05:00,0.6424451729862083,0.6484869502537898,0.6424451729862083,0.6474800109863281,1009566,0.0,0.0
1993-01-07 00:00:00-05:00,0.6484870162959142,0.6525149862701883,0.6444591879844666,0.6444591879844666,1117437,0.0,0.0
1993-01-08 00:00:00-05:00,0.6464731878016873,0.6555358553303815,0.6444592380737267,0.6545289158821106,1386654,0.0,0.0
1993-01-11 00:00:00-05:00,0.6525149519425688,0.6535218204281947,0.6494939923286437,0.6494939923286438,195459,0.0,0.0
1993-01-12 00:00:00-05:00,0.6494944764467923,0.6494944764467923,0.6404318033441387,0.6424456834793091,638931,0.0,0.0
1993-01-13 00:00:00-05:00,0.6424454066911606,0.6434523463249207,0.6404315274236404,0.6434523463249207,86666,0.0,0.0
1993-01-14 00:00:00-05:00,0.6454660857803751,0.6494939133903915,0.6343894004821777,0.6343894004821777,447159,0.0,0.0
1993-01-15 00:00:00-05:00,0.636403306101542,0.6404312042669995,0.6323754079360845,0.6384171843528748,401060,0.0,0.0
1993-01-18 00:00:00-05:00,0.6424452384130361,0.6454661981858884,0.6394243494715971,0.6444591879844666,654604,0.0,0.0
1993-01-19 00:00:00-05:00,0.6484871861565845,0.6484871861565845,0.6414384670574005,0.6434523463249207,572548,0.0,0.0
1993-01-20 00:00:00-05:00,0.647480001334449,0.647480001334449,0.6384172647367675,0.64043128490448,373401,0.0,0.0
1993-01-21 00:00:00-05:00,0.6364035471142542,0.6404314468051197,0.631368637084961,0.6313686370849609,250778,0.0,0.0
1993-01-22 00:00:00-05:00,0.6293548093456978,0.6353966593742371,0.6273408593361847,0.6353966593742371,251700,0.0,0.0
1993-01-25 00:00:00-05:00,0.6374105385523215,0.6404314989823056,0.6353966593742371,0.6353966593742371,176098,0.0,0.0
1993-01-26 00:00:00-05:00,0.6364033497028865,0.6364033497028865,0.6343894004821777,0.6343894004821777,96808,0.0,0.0
1993-01-27 00:00:00-05:00,0.6343895972688215,0.6364035471142542,0.631368637084961,0.6313686370849609,216665,0.0,0.0
1993-01-28 00:00:00-05:00,0.6333824612875238,0.6343894004821777,0.6223057759893266,0.6343894004821777,556874,0.0,0.0
1993-01-29 00:00:00-05:00,0.6323754454984963,0.6484868974545369,0.6323754454984963,0.6374102830886841,2263455,0.0,0.0
1993-02-01 00:00:00-05:00,0.6374102888975404,0.6374102888975404,0.6343894004821777,0.6343894004821777,909992,0.0,0.0
1993-02-02 00:00:00-05:00,0.67051703962419,0.67051703962419,0.6640593646063756,0.6651356816291809,418578,0.55,0.0
1993-02-03 00:00:00-05:00,0.6629832027738658,0.6672882437705994,0.6586780860707927,0.6672882437705994,3946064,0.0,0.0
1993-02-04 00:00:00-05:00,0.6737456375891552,0.6888133883476257,0.6726693210094951,0.6888133883476257,1468710,0.0,0.0
1993-02-05 00:00:00-05:00,0.6888133448033198,0.7049574111208806,0.6877370282917006,0.6984997391700745,1288925,0.0,0.0
1993-02-08 00:00:00-05:00,0.7006521088474844,0.7060334628455072,0.699575868330393,0.7038809061050415,960701,0.0,0.0
1993-02-09 00:00:00-05:00,0.7049578231587977,0.7049578231587977,0.698500147433571,0.7028053402900696,2274519,0.0,0.0
1993-02-10 00:00:00-05:00,0.7006523645492435,0.7124913930892944,0.7006523645492435,0.7124913930892944,393684,0.0,0.0
1993-02-11 00:00:00-05:00,0.7124911005652164,0.7189486947857546,0.7114147843909404,0.714643657207489,813184,0.0,0.0
1993-02-12 00:00:00-05:00,0.71572030267371,0.71572030267371,0.7081863880157471,0.7081863880157471,604817,0.0,0.0
1993-02-16 00:00:00-05:00,0.7092624996980267,0.71033881628499,0.6909659504890442,0.6909659504890442,2240406,0.0,0.0
1993-02-17 00:00:00-05:00,0.6941947198050564,0.6941947198050564,0.6802032104101475,0.6877370476722717,1052898,0.0,0.0
1993-02-18 00:00:00-05:00,0.6888135827918951,0.6909661408525501,0.680203426255604,0.6855847835540771,594676,0.0,0.0
1993-02-19 00:00:00-05:00,0.6898901792962153,0.6898901792962153,0.6834325024968756,0.6866613030433655,1039991,0.0,0.0
1993-02-22 00:00:00-05:00,0.6877372659084029,0.6888135827918951,0.6855847835540771,0.6855847835540771,720987,0.0,0.0
1993-02-23 00:00:00-05:00,0.6855842545092167,0.6866604948558771,0.6737453078708686,0.6802029013633728,547655,0.0,0.0
1993-02-24 00:00:00-05:00,0.6802032442249719,0.6855846000833289,0.6802032442249719,0.6834320425987244,231416,0.0,0.0
1993-02-25 00:00:00-05:00,0.6855842545092167,0.6855842545092167,0.6737453078708686,0.6802029013633728,618647,0.0,0.0
1993-02-26 00:00:00-05:00,0.6802029420230885,0.6845080550796138,0.6780503854948259,0.681279182434082,1044601,0.0,0.0
1993-03-01 00:00:00-05:00,0.6812793904334594,0.6845082640647888,0.680203149693882,0.6845082640647888,396450,0.0,0.0
1993-03-02 00:00:00-05:00,0.6845083251653373,0.6920421624274615,0.6845083251653373,0.6877370476722717,1042757,0.0,0.0
1993-03-03 00:00:00-05:00,0.6877368441109732,0.7038809061050415,0.6877368441109732,0.7038809061050415,480350,0.0,0.0
1993-03-04 00:00:00-05:00,0.7038809570709174,0.7135674252512392,0.7038809570709174,0.7092623114585876,811340,0.0,0.0
1993-03-05 00:00:00-05:00,0.71356747225626,0.729711536482733,0.71356747225626,0.7221776247024536,930275,0.0,0.0
1993-03-08 00:00:00-05:00,0.7200251395323021,0.7307878489592434,0.7200251395323021,0.7297115325927734,810418,0.0,0.0
1993-03-09 00:00:00-05:00,0.7307877564896885,0.7404741483245012,0.7297114402594093,0.734016478061676,1807998,0.0,0.0
1993-03-10 00:00:00-05:00,0.7318643180655838,0.7350931167602538,0.7275592026684795,0.7350931167602539,815028,0.0,0.0
1993-03-11 00:00:00-05:00,0.7361691895313484,0.7361691895313484,0.7297115185754558,0.7329403162002563,1036303,0.0,0.0
1993-03-12 00:00:00-05:00,0.7318640844743834,0.7318640844743834,0.7264826540924516,0.727558970451355,667512,0.0,0.0
1993-03-15 00:00:00-05:00,0.7318641736565297,0.7340166552240447,0.7275590591088965,0.7307879328727722,521839,0.0,0.0
1993-03-16 00:00:00-05:00,0.7297115274628693,0.7307878438217725,0.727558970451355,0.727558970451355,486804,0.0,0.0
1993-03-17 00:00:00-05:00,0.7297118616870044,0.7297118616870044,0.7221779465491512,0.7232542634010315,148438,0.0,0.0
1993-03-18 00:00:00-05:00,0.7254068100574256,0.7286356091499329,0.7189491361660851,0.7286356091499329,753256,0.0,0.0
1993-03-19 00:00:00-05:00,0.7264825785384347,0.7275588947854014,0.7211012244224548,0.7211012244224548,1063040,0.0,0.0
1993-03-22 00:00:00-05:00,0.7211015018182937,0.7232541351403096,0.6995761527802122,0.718949019908905,1461335,0.0,0.0
1993-03-23 00:00:00-05:00,0.7189491361660851,0.7297118502786599,0.7189491361660851,0.7286356091499329,326380,0.0,0.0
1993-03-24 00:00:00-05:00,0.7307881103543601,0.7490847380659276,0.7297117936029032,0.743703305721283,581768,0.0,0.0
1993-03-25 00:00:00-05:00,0.743703250620944,0.7533897221347938,0.7383218943813196,0.7458558082580566,395528,0.0,0.0
1993-03-26 00:00:00-05:00,0.7437032059466783,0.7490846375693544,0.7415507241451796,0.742626965045929,578080,0.0,0.0
1993-03-29 00:00:00-05:00,0.7447793222845187,0.7490845122864107,0.7393979672681736,0.740474283695221,290423,0.0,0.0
1993-03-30 00:00:00-05:00,0.7404740993517797,0.7426266559636912,0.7340164295160453,0.7383215427398682,230494,0.0,0.0
1993-03-31 00:00:00-05:00,0.7383218870375978,0.7383218870375978,0.718949019908905,0.718949019908905,401060,0.0,0.0
1993-04-01 00:00:00-05:00,0.7232537766173983,0.7383215210454804,0.7232537766173983,0.7361690402030945,693327,0.0,0.0
1993-04-02 00:00:00-05:00,0.7361690402030946,0.7383215210454804,0.7318639271057704,0.7361690402030945,562406,0.0,0.0
1993-04-05 00:00:00-04:00,0.7340164079481564,0.7372452806242875,0.7318639271057704,0.7361690402030945,663824,0.0,0.0
1993-04-06 00:00:00-04:00,0.7340165568397594,0.7350928731855538,0.7318640755607533,0.7329403162002563,470209,0.0,0.0
1993-04-07 00:00:00-04:00,0.7329403715310785,0.7447793222845187,0.7329403715310785,0.740474283695221,394606,0.0,0.0
1993-04-08 00:00:00-04:00,0.7404740088424666,0.7512367148802029,0.7404740088424666,0.7490842342376709,326380,0.0,0.0
1993-04-12 00:00:00-04:00,0.7512367148802029,0.757694308220337,0.7480079182101358,0.7490842342376709,584534,0.0,0.0
1993-04-13 00:00:00-04:00,0.7512367148802029,0.756618067899071,0.7469316778888698,0.7490842342376709,753256,0.0,0.0
1993-04-14 00:00:00-04:00,0.7490848428313015,0.7620000400045158,0.7490848428313015,0.7587712407112122,505244,0.0,0.0
1993-04-15 00:00:00-04:00,0.7630756527674137,0.7878299369443964,0.7609230964425107,0.7802960276603699,1345165,0.0,0.0
1993-04-16 00:00:00-04:00,0.7802965401493158,0.7856778966428465,0.7749151836557852,0.7792202234268188,607583,0.0,0.0
1993-04-19 00:00:00-04:00,0.7770672624864328,0.7996689155472928,0.7749147060743815,0.7942875623703003,1258499,0.0,0.0
1993-04-20 00:00:00-04:00,0.7921352620162453,0.7921352620162453,0.7673810445415246,0.7835251092910767,930275,0.0,0.0
1993-04-21 00:00:00-04:00,0.785677508794832,0.785677508794832,0.7738384849295824,0.7749148011207581,372479,0.0,0.0
1993-04-22 00:00:00-04:00,0.7684572390686835,0.7770674669827925,0.7641522008179201,0.7706097960472107,897084,0.0,0.0
1993-04-23 00:00:00-04:00,0.7663047016365493,0.7684571827510372,0.7533894364181933,0.7630758285522461,1029849,0.0,0.0
1993-04-26 00:00:00-04:00,0.7663049903987762,0.7727625875881899,0.764152432766867,0.7684574723243713,333756,0.0,0.0
1993-04-27 00:00:00-04:00,0.7684574619195196,0.7738388180732727,0.7684574619195196,0.7738388180732727,934885,0.0,0.0
1993-04-28 00:00:00-04:00,0.7727627255423163,0.7921355962753296,0.7716864843873874,0.7921355962753296,484960,0.0,0.0
1993-04-29 00:00:00-04:00,0.7921355947713694,0.7921355947713694,0.7706101660630391,0.7770678400993347,753256,0.0,0.0
1993-04-30 00:00:00-04:00,0.7770675919709156,0.7899827845068522,0.7749150346461583,0.782448947429657,596520,0.0,0.0
1993-05-03 00:00:00-04:00,0.7846016795821883,0.7867542375942869,0.7727627240751377,0.7770678400993347,354961,0.0,0.0
1993-05-04 00:00:00-04:00,0.7856052991426653,0.7888785630945061,0.7779674530029297,0.7779674530029297,505244,0.1332,0.0
1993-05-05 00:00:00-04:00,0.779058433128292,0.779058433128292,0.760509402714342,0.7692384123802185,720987,0.0,0.0
1993-05-06 00:00:00-04:00,0.7692384123802185,0.7736028404624651,0.7681472477966381,0.7692384123802185,442549,0.0,0.0
1993-05-07 00:00:00-04:00,0.7692383075206026,0.7790583269300488,0.763782715598461,0.7768761515617371,776305,0.0,0.0
1993-05-10 00:00:00-04:00,0.7746939659118652,0.7932429953887987,0.7746939659118652,0.7746939659118652,1206869,0.0,0.0
1993-05-11 00:00:00-04:00,0.7746940050460455,0.7746940050460455,0.7659649953801689,0.7692384123802185,1229918,0.0,0.0
1993-05-12 00:00:00-04:00,0.7670561935242385,0.7681472814048649,0.7528716673226208,0.7539627552032471,1014175,0.0,0.0
1993-05-13 00:00:00-04:00,0.7561449413400648,0.7561449413400648,0.743051504168428,0.7441425919532776,1063040,0.0,0.0
1993-05-14 00:00:00-04:00,0.746324966364686,0.7517805591217459,0.7452338017628583,0.7485071420669556,332834,0.0,0.0
1993-05-17 00:00:00-04:00,0.746324395980631,0.7495976570324209,0.7375953928399873,0.7474154829978943,1305520,0.0,0.0
1993-05-18 00:00:00-04:00,0.7474159273917228,0.7474159273917228,0.724502472400382,0.7277758121490479,976374,0.0,0.0
1993-05-19 00:00:00-04:00,0.7288670522951785,0.7419604907796896,0.7255937118617246,0.740869402885437,1239138,0.0,0.0
1993-05-20 00:00:00-04:00,0.7430516509986157,0.7430516509986157,0.7310492992401123,0.7310492992401123,560562,0.0,0.0
1993-05-21 00:00:00-04:00,0.7310491763047046,0.7441426138618297,0.7310491763047046,0.7386870980262756,971764,0.0,0.0
1993-05-24 00:00:00-04:00,0.738686556607885,0.7506888208003185,0.7375953928399873,0.7474154829978943,366947,0.0,0.0
1993-05-25 00:00:00-04:00,0.7517806488858431,0.7594184950078394,0.750689484153728,0.7572362422943115,593754,0.0,0.0
1993-05-26 00:00:00-04:00,0.7659651560879205,0.7725119147109084,0.7659651560879205,0.7681474089622498,746802,0.0,0.0
1993-05-27 00:00:00-04:00,0.7670560554016098,0.7790583269300488,0.7648738800332981,0.7768761515617371,861127,0.0,0.0
1993-05-28 00:00:00-04:00,0.7746940602331535,0.7768763128050803,0.7736028955718415,0.7757851481437683,585456,0.0,0.0
1993-06-01 00:00:00-04:00,0.7757851481437683,0.7812407411982369,0.7757851481437683,0.7757851481437683,444393,0.0,0.0
1993-06-02 00:00:00-04:00,0.7757850536896369,0.7834228983861022,0.7746939659118652,0.7746939659118652,282125,0.0,0.0
1993-06-03 00:00:00-04:00,0.7812408478371287,0.7845141887664795,0.7790585949673257,0.7845141887664795,286735,0.0,0.0
1993-06-04 00:00:00-04:00,0.7834232783476041,0.7856055317122315,0.7779676833113979,0.7801499366760254,342054,0.0,0.0
1993-06-07 00:00:00-04:00,0.7823319631939641,0.7899697326294083,0.7823319631939641,0.7877875566482544,666590,0.0,0.0
1993-06-08 00:00:00-04:00,0.786696295902609,0.7997897339451906,0.786696295902609,0.7976074814796448,1016941,0.0,0.0
1993-06-09 00:00:00-04:00,0.7976077277831389,0.7997899809225706,0.79433438644935,0.7954254746437073,834390,0.0,0.0
1993-06-10 00:00:00-04:00,0.793242871761322,0.7954250469767719,0.7921517074029213,0.793242871761322,537513,0.0,0.0
1993-06-11 00:00:00-04:00,0.791060675209169,0.7921517628933249,0.7768761515617372,0.7768761515617371,560562,0.0,0.0
1993-06-14 00:00:00-04:00,0.7790583968162537,0.7823318136637287,0.7768762212521878,0.7790583968162537,549499,0.0,0.0
1993-06-15 00:00:00-04:00,0.7812406873414725,0.7856051921844482,0.7812406873414725,0.7856051921844482,590988,0.0,0.0
1993-06-16 00:00:00-04:00,0.7812409400939941,0.7812409400939941,0.7725120043346881,0.7812409400939941,450847,0.0,0.0
1993-06-17 00:00:00-04:00,0.7812408478371287,0.7877876064465379,0.7790585949673257,0.7845141887664795,357727,0.0,0.0
1993-06-18 00:00:00-04:00,0.7866962415425486,0.7986985908983514,0.7790583968162537,0.7790583968162537,568860,0.0,0.0
1993-06-21 00:00:00-04:00,0.7877877312755559,0.8041545152664186,0.7866965662923999,0.8041545152664185,476662,0.0,0.0
1993-06-22 00:00:00-04:00,0.80524493493642,0.8216117053386124,0.7986982574758055,0.8008804321289062,784603,0.0,0.0
1993-06-23 00:00:00-04:00,0.8052455753957912,0.8139745112028008,0.7954254746437073,0.7954254746437073,767085,0.0,0.0
1993-06-24 00:00:00-04:00,0.7965160060720486,0.8019715194554566,0.7910604159379845,0.8008804321289062,873113,0.0,0.0
1993-06-25 00:00:00-04:00,0.8008810647401118,0.8096100772501345,0.7812409400939941,0.7812409400939941,693327,0.0,0.0
1993-06-28 00:00:00-04:00,0.7812407490685349,0.7932430999596971,0.7736029033651949,0.7899696826934814,1671545,0.0,0.0
1993-06-29 00:00:00-04:00,0.7986986299626838,0.7986986299626838,0.7834229397629603,0.7856051921844482,1628213,0.0,2.0
1993-06-30 00:00:00-04:00,0.7899697477090573,0.7921520004825707,0.7834230661392211,0.7834230661392212,392301,0.0,0.0
1993-07-01 00:00:00-04:00,0.8030630580549678,0.8030630580549678,0.7834229397629603,0.7856051921844482,608966,0.0,0.0
1993-07-02 00:00:00-04:00,0.7856050832870274,0.7856050832870274,0.7681471430857656,0.7768761515617371,244324,0.0,0.0
1993-07-06 00:00:00-04:00,0.7790585391774837,0.7790585391774837,0.750689484153728,0.7572362422943115,714994,0.0,0.0
1993-07-07 00:00:00-04:00,0.7572357838708432,0.7637824612974273,0.7506890296936035,0.7506890296936035,328224,0.0,0.0
1993-07-08 00:00:00-04:00,0.7550539128300816,0.7725118577876022,0.750689484153728,0.7572362422943115,676271,0.0,0.0
1993-07-09 00:00:00-04:00,0.761600364610632,0.763782616446331,0.7572359376899052,0.7594181895256042,144290,0.0,0.0
1993-07-12 00:00:00-04:00,0.763782979964299,0.7703297385872869,0.7616007270899696,0.7681474089622498,315777,0.0,0.0
1993-07-13 00:00:00-04:00,0.7681473167540405,0.772511821978785,0.7550538778305054,0.7550538778305054,1054281,0.0,0.0
1993-07-14 00:00:00-04:00,0.7594181895256042,0.7725115470384559,0.7550536091035349,0.7594181895256042,629250,0.0,0.0
1993-07-15 00:00:00-04:00,0.7594184950078394,0.7616006709706652,0.750689484153728,0.7572362422943115,193615,0.0,0.0
1993-07-16 00:00:00-04:00,0.7572362071935762,0.7616006356676222,0.7506894493564594,0.7550538778305054,464677,0.0,0.0
1993-07-19 00:00:00-04:00,0.763782979964299,0.7681474089622498,0.7594185509663481,0.7681474089622498,245707,0.0,0.0
1993-07-20 00:00:00-04:00,0.7725118600475573,0.7725118600475573,0.7594184972294904,0.7616006731987,325458,0.0,0.0
1993-07-21 00:00:00-04:00,0.7594184972294904,0.7703296840783478,0.7572362445095784,0.7616006731987,745419,0.0,0.0
1993-07-22 00:00:00-04:00,0.7659646681813093,0.7725114226341248,0.7616002419634246,0.7725114226341248,540279,0.0,0.0
1993-07-23 00:00:00-04:00,0.7725114226341248,0.7834226033048249,0.7681469196655811,0.7725114226341248,431025,0.0,0.0
1993-07-26 00:00:00-04:00,0.7746939689374338,0.7790583968162537,0.7725117166226798,0.7790583968162537,289040,0.0,0.0
1993-07-27 00:00:00-04:00,0.7790583133982139,0.7943340012151521,0.7790583133982139,0.7921517491340637,769851,0.0,0.0
1993-07-28 00:00:00-04:00,0.7877872492676027,0.7965161800384521,0.7856049973872221,0.7965161800384521,480350,0.0,0.0
1993-07-29 00:00:00-04:00,0.7943339281580716,0.7986984319188327,0.792151676277691,0.7965161800384521,352656,0.0,0.0
1993-07-30 00:00:00-04:00,0.7965160060720486,0.8030626835326631,0.7921515032645349,0.8008804321289062,322231,0.0,0.0
1993-08-02 00:00:00-04:00,0.8008807264445811,0.8074274063110352,0.8008807264445811,0.8074274063110352,298721,0.0,0.0
1993-08-03 00:00:00-04:00,0.8390640596028526,0.8458125339842831,0.8278165495561727,0.8345651030540466,804886,0.3,0.0
1993-08-04 00:00:00-04:00,0.8300658247196883,0.8323152627782481,0.8278163075447083,0.8278163075447083,162268,0.0,0.0
1993-08-05 00:00:00-04:00,0.827816561527528,0.8300660793926837,0.8188185691833496,0.8188185691833496,413968,0.0,0.0
1993-08-06 00:00:00-04:00,0.8188183179612084,0.8278163075447083,0.8188183179612084,0.8278163075447083,136914,0.0,0.0
1993-08-09 00:00:00-04:00,0.8278159271596891,0.8368139917249593,0.8188179417108027,0.8255664110183716,145672,0.0,0.0
1993-08-10 00:00:00-04:00,0.8278162053211248,0.8345647560127143,0.8008222399039979,0.8030716776847839,898006,0.0,0.0
1993-08-11 00:00:00-04:00,0.8053218142834823,0.8345653982173852,0.8053218142834823,0.8165693283081055,2284200,0.0,0.0
1993-08-12 00:00:00-04:00,0.8188188469363242,0.8188188469363242,0.8053218142834823,0.8165693283081055,614037,0.0,0.0
1993-08-13 00:00:00-04:00,0.8188184041197734,0.8188184041197734,0.8053213787661154,0.8098204135894775,733894,0.0,0.0
1993-08-16 00:00:00-04:00,0.8143198096798865,0.8278168423327285,0.812070370168139,0.8165693283081055,445315,0.0,0.0
1993-08-17 00:00:00-04:00,0.8210683655645432,0.8210683655645432,0.8165693283081054,0.8165693283081055,339288,0.0,0.0
1993-08-18 00:00:00-04:00,0.8188184070164019,0.8233174418556797,0.8120699338739139,0.814319372177124,251239,0.0,0.0
1993-08-19 00:00:00-04:00,0.8188186221256549,0.8525611549353463,0.8098206291996938,0.8503116369247437,928892,0.0,0.0
1993-08-20 00:00:00-04:00,0.8503117727531629,0.8503117727531629,0.8323157049101073,0.836814820766449,587761,0.0,0.0
1993-08-23 00:00:00-04:00,0.8368143981447314,0.8390638362621607,0.8300658464431763,0.8300658464431763,604356,0.0,0.0
1993-08-24 00:00:00-04:00,0.8345649514271124,0.8458123803138733,0.8188184085760751,0.8458123803138733,1169068,0.0,0.0
1993-08-25 00:00:00-04:00,0.8458124090057831,0.8638084698912122,0.8435628915055506,0.8593094348907471,838078,0.0,0.0
1993-08-26 00:00:00-04:00,0.8593092284072783,0.8773052849684337,0.8593092284072783,0.8728062510490417,587761,0.0,0.0
1993-08-27 00:00:00-04:00,0.8660578167575854,0.8705567717552185,0.8593092655865118,0.8705567717552185,651377,0.0,0.0
1993-08-30 00:00:00-04:00,0.8728066191816317,0.8975510788257742,0.8728066191816317,0.8953016400337219,704391,0.0,0.0
1993-08-31 00:00:00-04:00,0.8953011588916936,0.8953011588916936,0.8885526879093274,0.8908022046089172,742192,0.0,0.0
1993-09-01 00:00:00-04:00,0.8885529804216473,0.8930519361854834,0.8750559548972804,0.8840539455413818,553648,0.0,0.0
1993-09-02 00:00:00-04:00,0.8818040442327421,0.8818040442327421,0.8660575872394476,0.8773050904273987,346664,0.0,0.0
1993-09-03 00:00:00-04:00,0.8705567717552185,0.8750558058692676,0.8638082997005608,0.8705567717552185,448081,0.0,0.0
1993-09-07 00:00:00-04:00,0.8660580515861511,0.8818045170220891,0.8660580515861511,0.8660580515861511,171949,0.0,0.0
1993-09-08 00:00:00-04:00,0.8705568775393888,0.8795548677444458,0.8660579219950731,0.8795548677444458,246168,0.0,0.0
1993-09-09 00:00:00-04:00,0.8795547147160652,0.8908022994110195,0.8773052768934863,0.886303186416626,834390,0.0,0.0
1993-09-10 00:00:00-04:00,0.8953012541725893,0.8953012541725893,0.884053748594047,0.886303186416626,986055,0.0,0.0
1993-09-13 00:00:00-04:00,0.8863035495362397,0.9020501745605867,0.8863035495362397,0.8975510597229004,628789,0.0,0.0
1993-09-14 00:00:00-04:00,0.8953013475802022,0.9020498991012574,0.8908023923492522,0.9020498991012573,482194,0.0,0.0
1993-09-15 00:00:00-04:00,0.897550626841173,0.9222951531410216,0.8908022347468959,0.9222951531410217,344359,0.0,0.0
1993-09-16 00:00:00-04:00,0.9177968327816083,0.9312938636440344,0.9155473144517938,0.9267948269844055,724674,0.0,0.0
1993-09-17 00:00:00-04:00,0.8953012800606938,0.922295246759893,0.8953012800606938,0.9155467748641968,1420307,0.0,0.0
1993-09-20 00:00:00-04:00,0.915547272373396,0.9290443026155009,0.915547272373396,0.917796790599823,338827,0.0,0.0
1993-09-21 00:00:00-04:00,0.9132973267368424,0.9267943506625327,0.8998003028111522,0.9020498991012573,730667,0.0,0.0
1993-09-22 00:00:00-04:00,0.9042993349344495,0.9065488521026019,0.897550783429992,0.8998003005981445,1757289,0.0,0.0
1993-09-23 00:00:00-04:00,0.9087983748709182,0.9155468473005409,0.9020499024412955,0.9065488576889038,449925,0.0,0.0
1993-09-24 00:00:00-04:00,0.8908027772487799,0.8998006915985135,0.8818047046661377,0.8818047046661377,676271,0.0,0.0
1993-09-27 00:00:00-04:00,0.8863032767056495,0.8998003005981444,0.8840538386539168,0.8998003005981445,407514,0.0,0.0
1993-09-28 00:00:00-04:00,0.8998005775835214,0.9042996133047634,0.8953016209787237,0.8975510597229004,352195,0.0,0.0
1993-09-29 00:00:00-04:00,0.8998003005981444,0.8998003005981444,0.8885528729902219,0.8998003005981445,473897,0.0,0.0
1993-09-30 00:00:00-04:00,0.8953012800606938,0.9177962918682336,0.8930517630566569,0.9155467748641968,805347,0.0,0.0
1993-10-01 00:00:00-04:00,0.915547272373396,0.9200463088262499,0.9087987968105721,0.917796790599823,613115,0.0,0.0
1993-10-04 00:00:00-04:00,0.9087983029685005,0.9155467748641968,0.9042992689604269,0.9155467748641968,634321,0.0,0.0
1993-10-05 00:00:00-04:00,0.9155467483906834,0.9155467483906834,0.8863031864166259,0.886303186416626,501556,0.0,0.0
1993-10-06 00:00:00-04:00,0.8863030272089935,0.9042990803718567,0.872806086232343,0.9042990803718567,641235,0.0,0.0
1993-10-07 00:00:00-04:00,0.9042993438221866,0.9110478162765503,0.9042993438221866,0.9110478162765503,302409,0.0,0.0
1993-10-08 00:00:00-04:00,0.9110478347067179,0.9222953417691374,0.902049923996489,0.9087983965873718,502478,0.0,0.0
1993-10-11 00:00:00-04:00,0.9110480837040874,0.9132976015546685,0.8863035455805823,0.8885531425476074,180247,0.0,0.0
1993-10-12 00:00:00-04:00,0.8930519361854834,0.8975508919493194,0.8773054723374131,0.8840539455413818,466060,0.0,0.0
1993-10-13 00:00:00-04:00,0.8795548677444458,0.8818043850748164,0.8728063948697595,0.8795548677444458,135531,0.0,0.0
1993-10-14 00:00:00-04:00,0.8885525936153498,0.8885525936153498,0.8750555739665294,0.8773050904273987,395067,0.0,0.0
1993-10-15 00:00:00-04:00,0.8773053229262922,0.8773053229262922,0.8638082997005608,0.8705567717552185,465138,0.0,0.0
1993-10-18 00:00:00-04:00,0.8750558404874189,0.8773053576334368,0.8638083338737487,0.8638083338737488,449925,0.0,0.0
1993-10-19 00:00:00-04:00,0.8683072546981939,0.8750558058692676,0.8638082997005608,0.8705567717552185,353578,0.0,0.0
1993-10-20 00:00:00-04:00,0.8750558490977268,0.8998003005981444,0.8750558490977268,0.8998003005981445,1036303,0.0,0.0
1993-10-21 00:00:00-04:00,0.8908023901583744,0.9065488521026019,0.8863032767056495,0.8998003005981445,675349,0.0,0.0
1993-10-22 00:00:00-04:00,0.899800723904864,0.9245452661626469,0.895301766568467,0.917796790599823,707157,0.0,0.0
1993-10-25 00:00:00-04:00,0.9177968540301823,0.9380423612343095,0.9132978172663929,0.93354332447052,1113749,0.0,0.0
1993-10-26 00:00:00-04:00,0.9335431946484566,0.9672858074515761,0.9335431946484566,0.9560382962226868,670739,0.0,0.0
1993-10-27 00:00:00-04:00,0.9515391809680988,0.9627867713134397,0.9492897420154822,0.9560382962226868,524605,0.0,0.0
1993-10-28 00:00:00-04:00,0.9537882052656983,0.9762832160779202,0.9537882052656983,0.958287239074707,214821,0.0,0.0
1993-10-29 00:00:00-04:00,0.9627862886477617,0.9717842772966957,0.9537882208824158,0.9537882208824158,442088,0.0,0.0
1993-11-01 00:00:00-05:00,0.9537878719898941,0.9605364203453063,0.9515383558714233,0.9605364203453064,573009,0.0,0.0
1993-11-02 00:00:00-05:00,0.9883960217776575,1.0207267229024275,0.9883960217776575,1.0114893913269043,1646652,0.3,0.0
1993-11-03 00:00:00-05:00,1.0068709906883027,1.0230363042452184,1.0068709906883027,1.0184175968170166,546733,0.0,0.0
1993-11-04 00:00:00-05:00,1.013798996443954,1.013798996443954,0.9860869926110973,0.9883963465690613,443932,0.0,0.0
1993-11-05 00:00:00-05:00,0.9860862493515015,0.9883956015687981,0.9791581926996117,0.9860862493515015,362798,0.0,0.0
1993-11-08 00:00:00-05:00,0.9860869346770175,0.9860869346770175,0.9653028314973423,0.9676122665405273,199147,0.0,0.0
1993-11-09 00:00:00-05:00,0.9676118638085592,0.9676118638085592,0.94682776927948,0.94682776927948,508471,0.0,0.0
1993-11-10 00:00:00-05:00,0.9514471888542175,0.9583751714145992,0.9514471888542175,0.9514471888542175,493258,0.0,0.0
1993-11-11 00:00:00-05:00,0.9560653903012203,0.9860867404139132,0.9560653903012203,0.9745400547981262,333295,0.0,0.0
1993-11-12 00:00:00-05:00,0.9745399598232064,0.9791585848868779,0.95606529712677,0.95606529712677,303792,0.0,0.0
1993-11-15 00:00:00-05:00,0.9606845260083684,0.9629938806021376,0.9514471888542175,0.9514471888542175,446698,0.0,0.0
1993-11-16 00:00:00-05:00,0.946828407832422,0.9491377622509845,0.9306630893443245,0.942209780216217,654143,0.0,0.0
1993-11-17 00:00:00-05:00,0.9514465908422234,0.9583745690481683,0.9468278845576767,0.95606529712677,3013945,0.0,0.0
1993-11-18 00:00:00-05:00,0.9560652500535662,0.9560652500535662,0.9422092131030226,0.9445185661315918,376167,0.0,0.0
1993-11-19 00:00:00-05:00,0.9560657503944979,0.9560657503944979,0.9399003519554958,0.9491376876831055,691483,0.0,0.0
1993-11-22 00:00:00-05:00,0.9468284796666789,0.9514471888542175,0.9445192062938358,0.9514471888542175,474818,0.0,0.0
1993-11-23 00:00:00-05:00,0.9491377622509845,0.9491377622509845,0.932972443762887,0.942209780216217,469748,0.0,0.0
1993-11-24 00:00:00-05:00,0.9468278396902395,0.9560652518215985,0.9398998618125916,0.9398998618125916,1384810,0.0,0.0
1993-11-26 00:00:00-05:00,0.9445186588256786,0.9491372841152128,0.9375905990600586,0.9375905990600586,130921,0.0,0.0
1993-11-29 00:00:00-05:00,0.9375906513571381,0.9375906513571381,0.923734612273913,0.9260440468788147,560101,0.0,0.0
1993-11-30 00:00:00-05:00,0.919116367463306,0.9260444304852546,0.919116367463306,0.9214256405830383,372479,0.0,0.0
1993-12-01 00:00:00-05:00,0.9214250129101991,0.9306624239802916,0.9214250129101991,0.9283530712127686,452691,0.0,0.0
1993-12-02 00:00:00-05:00,0.9283536257783757,0.9283536257783757,0.9121883091908494,0.9168069362640381,356805,0.0,0.0
1993-12-03 00:00:00-05:00,0.9260443808766701,0.9260443808766701,0.9052602741451546,0.9191163182258606,480811,0.0,0.0
1993-12-06 00:00:00-05:00,0.9214256405830383,0.9237349949236878,0.9121883856622747,0.9214256405830383,263225,0.0,0.0
1993-12-07 00:00:00-05:00,0.9168069362640381,0.9237349174842765,0.914497663337899,0.9168069362640381,245246,0.0,0.0
1993-12-08 00:00:00-05:00,0.9144972204228067,0.9445185661315918,0.9121878673942376,0.9445185661315918,1122047,0.0,0.0
1993-12-09 00:00:00-05:00,0.9468280321264154,0.9468280321264154,0.9329720735549928,0.9329720735549927,1635127,0.0,0.0
1993-12-10 00:00:00-05:00,0.937591071379092,0.9445191346347794,0.937591071379092,0.942209780216217,508010,0.0,0.0
1993-12-13 00:00:00-05:00,0.9422092310233611,0.9537559151649475,0.9422092310233611,0.9537559151649475,1532788,0.0,0.0
1993-12-14 00:00:00-05:00,0.9537558987887588,0.9560652518215985,0.9306625309021038,0.9398998618125916,308863,0.0,0.0
1993-12-15 00:00:00-05:00,0.9375904010619992,0.9422091065970455,0.9283530712127686,0.9283530712127686,416734,0.0,0.0
1993-12-16 00:00:00-05:00,0.9283533094072544,0.9283533094072544,0.8983319593892389,0.9029505848884583,537052,0.0,0.0
1993-12-17 00:00:00-05:00,0.8983317288975533,0.935281048294476,0.8983317288975533,0.9283530712127686,981445,0.0,0.0
1993-12-20 00:00:00-05:00,0.9237345457077026,0.9283532521429054,0.9214251924901012,0.9237345457077026,336522,0.0,0.0
1993-12-21 00:00:00-05:00,0.9191160056561567,0.9399000240986041,0.9191160056561567,0.9306626915931702,403826,0.0,0.0
1993-12-22 00:00:00-05:00,0.9422092148454313,0.944518567878271,0.9375905087797518,0.9398998618125916,1568745,0.0,0.0
1993-12-23 00:00:00-05:00,0.9422091065970455,0.949137083678753,0.9283530712127686,0.9283530712127686,1046445,0.0,0.0
1993-12-27 00:00:00-05:00,0.9283536933083866,0.9722311004104038,0.926044420214267,0.9699218273162842,915063,0.0,0.0
1993-12-28 00:00:00-05:00,0.965303037465296,0.9722311004104038,0.9606844100561405,0.9699218273162842,284430,0.0,0.0
1993-12-29 00:00:00-05:00,0.9699218273162842,0.9722311004104038,0.9606844100561405,0.9699218273162842,619569,0.0,0.0
1993-12-30 00:00:00-05:00,0.9653025472541131,0.9676119816172616,0.9537559439844967,0.95606529712677,290423,0.0,0.0
1993-12-31 00:00:00-05:00,0.9606840719187258,0.9676121324253248,0.9329720735549928,0.9329720735549927,614959,0.0,0.0
1994-01-03 00:00:00-05:00,0.9375904390559255,0.9606838052252444,0.9375904390559255,0.94682776927948,559640,0.0,0.0
1994-01-04 00:00:00-05:00,0.9422097061926267,0.9491376876831055,0.9375909977183651,0.9491376876831055,855134,0.0,0.0
1994-01-05 00:00:00-05:00,0.9514466688024896,0.9583746475761038,0.9352812767028809,0.9352812767028809,1207791,0.0,0.0
1994-01-06 00:00:00-05:00,0.9398999833658782,0.9422093366973768,0.9306626512607654,0.9352812767028809,1170912,0.0,0.0
1994-01-07 00:00:00-05:00,0.9422092148454313,0.9468278396902395,0.9375905087797518,0.9398998618125916,1941685,0.0,0.0
1994-01-10 00:00:00-05:00,0.9422094757702928,0.993014931678772,0.9422094757702928,0.993014931678772,2780685,0.0,0.0
1994-01-11 00:00:00-05:00,0.9930147089076838,1.0253454094051182,0.9930147089076838,1.0068707466125488,2131612,0.0,0.0
1994-01-12 00:00:00-05:00,1.0091801759281327,1.0276548416018358,1.0045614688992628,1.0161081552505493,3199723,0.0,0.0
1994-01-13 00:00:00-05:00,1.016107996787958,1.016107996787958,1.0022519590830932,1.0068707466125488,1345626,0.0,0.0
1994-01-14 00:00:00-05:00,1.011489776829309,1.0322737198798253,1.011489776829309,1.0299644470214844,735277,0.0,0.0
1994-01-17 00:00:00-05:00,1.0253456579593192,1.0253456579593192,1.0161082431029158,1.0184175968170166,376167,0.0,0.0
1994-01-18 00:00:00-05:00,1.029964388329967,1.0530577653646864,1.029964388329967,1.0461297035217285,1441051,0.0,0.0
1994-01-19 00:00:00-05:00,1.0415111923353937,1.0415111923353937,1.0345832109451294,1.0345832109451294,1133572,0.0,0.0
1994-01-20 00:00:00-05:00,1.0368926695742715,1.0461299248776328,1.0368926695742715,1.0415112972259521,1033537,0.0,0.0
1994-01-21 00:00:00-05:00,1.048438894731153,1.0622949339720316,1.0461294600999744,1.05536687374115,657370,0.0,0.0
1994-01-24 00:00:00-05:00,1.0392014391242277,1.0669135164868968,1.0392014391242277,1.0646041631698608,1047828,0.0,0.0
1994-01-25 00:00:00-05:00,1.059985499340853,1.0761508919920257,1.05536687374115,1.05536687374115,1815835,0.0,0.0
1994-01-26 00:00:00-05:00,1.0553666659209349,1.06229472478756,1.0438199823640948,1.053057312965393,930736,0.0,0.0
1994-01-27 00:00:00-05:00,1.0484386882751782,1.0599852906111498,1.041510629408553,1.053057312965393,560562,0.0,0.0
1994-01-28 00:00:00-05:00,1.0599855253341617,1.0622949600219727,1.041510860040538,1.0622949600219727,767085,0.0,0.0
1994-01-31 00:00:00-05:00,1.0576759376556082,1.06229472478756,1.046129254098768,1.053057312965393,1128040,0.0,0.0
1994-02-01 00:00:00-05:00,1.0839762367223382,1.1147440959078372,1.0768759871381512,1.1100106239318848,1566440,0.3,0.0
1994-02-02 00:00:00-05:00,1.1076439019127942,1.1478787872862857,1.1052771243636441,1.1384117603302002,2397142,0.0,0.0
1994-02-03 00:00:00-05:00,1.1360455966707663,1.1384123754988626,1.1194783113552123,1.121845006942749,564711,0.0,0.0
1994-02-04 00:00:00-05:00,1.1171109567565884,1.131311539165479,1.1052771519559323,1.1100106239318848,643079,0.0,0.0
1994-02-07 00:00:00-05:00,1.0981772490960318,1.1360454559326172,1.0981772490960318,1.1360454559326172,1424916,0.0,0.0
1994-02-08 00:00:00-05:00,1.1313115358352661,1.143145257360571,1.126577980632731,1.1313115358352661,395067,0.0,0.0
1994-02-09 00:00:00-05:00,1.1336781978607178,1.162079361784824,1.1289446427931955,1.1336781978607178,819177,0.0,0.0
1994-02-10 00:00:00-05:00,1.1360449506318202,1.154979004008171,1.1360449506318202,1.1407784223556519,1075026,0.0,0.0
1994-02-11 00:00:00-05:00,1.1336784896661343,1.140778740854487,1.1123776528605407,1.1194779872894287,951020,0.0,0.0
1994-02-14 00:00:00-05:00,1.107644500455291,1.1336788178426702,1.107644500455291,1.121845006942749,1008644,0.0,0.0
1994-02-15 00:00:00-05:00,1.1313116482479577,1.1313116482479577,1.1123775087969447,1.1265780925750732,886942,0.0,0.0
1994-02-16 00:00:00-05:00,1.1313120047147829,1.1336787000564261,1.1218448903860065,1.1242116689682007,419039,0.0,0.0
1994-02-17 00:00:00-05:00,1.1265777660418002,1.1289444599517426,1.0934431356571002,1.1029101610183716,513081,0.0,0.0
1994-02-18 00:00:00-05:00,1.105277436961754,1.1100109101582754,1.0768762648204726,1.0910768508911133,936729,0.0,0.0
1994-02-22 00:00:00-05:00,1.093443614444824,1.1076442003250122,1.0721426940042733,1.1076442003250122,632938,0.0,0.0
1994-02-23 00:00:00-05:00,1.1123777684860248,1.1336786075057221,1.1123777684860248,1.117111325263977,967616,0.0,0.0
1994-02-24 00:00:00-05:00,1.117110960398527,1.1265779876218125,1.1076439331752417,1.112377405166626,983289,0.0,0.0
1994-02-25 00:00:00-05:00,1.1123776642158683,1.1123776642158683,1.0981770784536655,1.1005438566207886,610349,0.0,0.0
1994-02-28 00:00:00-05:00,1.1029103886495029,1.1076439439273535,1.095810055732727,1.095810055732727,868503,0.0,0.0
1994-03-01 00:00:00-05:00,1.0958102372683505,1.0958102372683505,1.074509484710821,1.088710069656372,732050,0.0,0.0
1994-03-02 00:00:00-05:00,1.0603089577800016,1.0981770753860474,1.0603089577800016,1.0981770753860474,884177,0.0,0.0
1994-03-03 00:00:00-05:00,1.0839764896635122,1.1005438535465593,1.0721426821014888,1.0981770753860474,538896,0.0,0.0
1994-03-04 00:00:00-05:00,1.0981769250188163,1.1597127325636902,1.0981769250188163,1.1265780925750732,1426760,0.0,0.0
1994-03-07 00:00:00-05:00,1.1313112572315625,1.1407781988242123,1.1242109261763313,1.1289443969726562,476662,0.0,0.0
1994-03-08 00:00:00-05:00,1.1265782468311176,1.1265782468311176,1.0958102972255355,1.0981770753860474,301487,0.0,0.0
1994-03-09 00:00:00-05:00,1.098177087577862,1.1360452888448516,1.098177087577862,1.1076442003250122,647228,0.0,0.0
1994-03-10 00:00:00-05:00,1.1123776734580504,1.124211481151451,1.1076442003250122,1.1076442003250122,6052322,0.0,0.0
1994-03-11 00:00:00-05:00,1.1100101738913566,1.1147436439481795,1.1052767038345337,1.1052767038345337,2170796,0.0,0.0
1994-03-14 00:00:00-05:00,1.1052769381688146,1.112377186379643,1.1005433838679286,1.1029101610183716,1066267,0.0,0.0
1994-03-15 00:00:00-05:00,1.1029109356558078,1.1147446632385254,1.1029109356558078,1.1147446632385254,1042296,0.0,0.0
1994-03-16 00:00:00-05:00,1.117110678361596,1.1289443969726562,1.1005433224732193,1.1289443969726562,1526795,0.0,0.0
1994-03-17 00:00:00-05:00,1.1313121222551337,1.1407790710863992,1.1029109427990986,1.121845006942749,849141,0.0,0.0
1994-03-18 00:00:00-05:00,1.1265785645989412,1.1265785645989412,1.107644500455291,1.121845006942749,1371442,0.0,0.0
1994-03-21 00:00:00-05:00,1.1194781950443633,1.1242116689682007,1.1100110807155872,1.1242116689682007,1560447,0.0,0.0
1994-03-22 00:00:00-05:00,1.1336775083077717,1.1478780816324061,1.126577263265686,1.1455113887786865,1060735,0.0,0.0
1994-03-23 00:00:00-05:00,1.145511808977919,1.1762796597672402,1.145511808977919,1.1739128828048706,865276,0.0,0.0
1994-03-24 00:00:00-05:00,1.16917970691781,1.173913262373077,1.159712679247797,1.164446234703064,1138642,0.0,0.0
1994-03-25 00:00:00-05:00,1.1597118788628578,1.1597118788628578,1.1360442844019547,1.1455113887786865,387692,0.0,0.0
1994-03-28 00:00:00-05:00,1.1407781881754966,1.1549787669129061,1.1289443864344044,1.143144965171814,1027083,0.0,0.0
1994-03-29 00:00:00-05:00,1.140778262463457,1.140778262463457,1.1005433838679286,1.1029101610183716,1814452,0.0,0.0
1994-03-30 00:00:00-05:00,1.1029106495365346,1.1029106495365346,1.0792430340298815,1.0839765071868896,599746,0.0,0.0
1994-03-31 00:00:00-05:00,1.0839762507786181,1.095810055732727,1.0626755017498433,1.095810055732727,738504,0.0,0.0
1994-04-04 00:00:00-04:00,1.0792426276091178,1.0792426276091178,1.0484747723332304,1.060308575630188,893396,0.0,0.0
1994-04-05 00:00:00-04:00,1.0650422388448606,1.0768760442733765,1.0650422388448606,1.0768760442733765,1374669,0.0,0.0
1994-04-06 00:00:00-04:00,1.079242467880249,1.0887095757090792,1.0745089972063275,1.079242467880249,1204564,0.0,0.0
1994-04-07 00:00:00-04:00,1.0721424957463435,1.0816096067428589,1.069775801237736,1.0816096067428589,666129,0.0,0.0
1994-04-08 00:00:00-04:00,1.0887101322662454,1.1029106347879118,1.0863432708585858,1.1005438566207886,635243,0.0,0.0
1994-04-11 00:00:00-04:00,1.0958103002865422,1.1029106347879118,1.0958103002865422,1.1005438566207886,290884,0.0,0.0
1994-04-12 00:00:00-04:00,1.1005438566207886,1.1123776642158683,1.1005438566207886,1.1005438566207886,359110,0.0,0.0
1994-04-13 00:00:00-04:00,1.1029101808199377,1.1029101808199377,1.0816093525645187,1.0934431552886963,651377,0.0,0.0
1994-04-14 00:00:00-04:00,1.0863432944540536,1.105277436961754,1.0816098212575322,1.0910768508911133,465138,0.0,0.0
1994-04-15 00:00:00-04:00,1.0816096067428589,1.0887099399902453,1.07924282899373,1.0816096067428589,458223,0.0,0.0
1994-04-18 00:00:00-04:00,1.0863426136066516,1.0863426136066516,1.0674085662060928,1.0697753429412842,383543,0.0,0.0
1994-04-19 00:00:00-04:00,1.065042218129314,1.0674089958170865,1.0177070805764612,1.0224405527114868,887864,0.0,0.0
1994-04-20 00:00:00-04:00,1.0177071905593156,1.0177071905593156,0.9443374905119569,0.9467042684555054,2682955,0.0,0.0
1994-04-21 00:00:00-04:00,0.9609047106094499,0.9798388481140137,0.9514376834774261,0.9798388481140137,1932465,0.0,0.0
1994-04-22 00:00:00-04:00,0.9798387783098411,1.0129734125316558,0.9798387783098411,1.0035063028335571,1046445,0.0,0.0
1994-04-25 00:00:00-04:00,0.9940393380833149,1.0342742204666138,0.9940393380833149,1.0342742204666138,917368,0.0,0.0
1994-04-26 00:00:00-04:00,1.0295410125608544,1.0342745689020458,1.0271742343902588,1.0271742343902588,894318,0.0,0.0
1994-04-28 00:00:00-04:00,1.031907886172603,1.048475167081581,1.0224407733782872,1.0366413593292236,1178287,0.0,0.0
1994-04-29 00:00:00-04:00,1.0413742242173714,1.0626751323221477,1.036640753825579,1.0508413314819336,670739,0.0,0.0
1994-05-02 00:00:00-04:00,1.055574743323202,1.0650417668221592,1.0437409431393838,1.0579414367675781,945027,0.0,0.0
1994-05-03 00:00:00-04:00,1.0799379790321628,1.0799379790321628,1.053242859521081,1.0653769969940186,573009,0.3,0.0
1994-05-04 00:00:00-04:00,1.0605234719502414,1.0629503166956176,1.048389333576462,1.0508161783218384,652299,0.0,0.0
1994-05-05 00:00:00-04:00,1.0508161783218384,1.055669782459489,1.048389333576462,1.0508161783218384,488187,0.0,0.0
1994-05-06 00:00:00-04:00,1.0483890628706511,1.0483890628706511,0.9974256777894754,1.0265475511550903,671661,0.0,0.0
1994-05-09 00:00:00-04:00,1.0095600431100928,1.0168405771255493,0.9998527497759169,1.0168405771255493,753717,0.0,0.0
1994-05-10 00:00:00-04:00,1.0192671637755168,1.0459621923485272,1.0192671637755168,1.0386817455291748,1033076,0.0,0.0
1994-05-11 00:00:00-04:00,1.053243086940502,1.0556699320297205,1.0289748067545466,1.0338284969329834,522300,0.0,0.0
1994-05-12 00:00:00-04:00,1.0338283974504656,1.053242985589771,1.0338283974504656,1.0411088466644287,1479313,0.0,0.0
1994-05-13 00:00:00-04:00,1.0386820871618447,1.0483893812314975,1.0386820871618447,1.0411088466644287,336983,0.0,0.0
1994-05-16 00:00:00-04:00,1.0362553420222016,1.0411089468475243,1.0289748067545466,1.0338284969329834,458223,0.0,0.0
1994-05-17 00:00:00-04:00,1.028974877331466,1.0483895540237427,1.028974877331466,1.0483895540237427,532442,0.0,0.0
1994-05-18 00:00:00-04:00,1.053242985589771,1.053242985589771,1.0314016379478816,1.0411088466644287,315316,0.0,0.0
1994-05-19 00:00:00-04:00,1.04596249089831,1.0653770781934868,1.04596249089831,1.0556697845458984,299643,0.0,0.0
1994-05-20 00:00:00-04:00,1.0726578060341097,1.0775114964104344,1.0678041156577847,1.0702309608459473,1318889,0.0,0.0
1994-05-23 00:00:00-04:00,1.0678038573356614,1.0678038573356614,1.0532428750823837,1.0629502534866333,306558,0.0,0.0
1994-05-24 00:00:00-04:00,1.0678038549388402,1.0847915964019526,1.0580966472625732,1.0580966472625732,314394,0.0,0.0
1994-05-25 00:00:00-04:00,1.053243159181972,1.0605236949489956,1.0386822583541644,1.0483895540237427,603434,0.0,0.0
1994-05-26 00:00:00-04:00,1.04838952485872,1.0726578060341097,1.04838952485872,1.0702309608459473,297338,0.0,0.0
1994-05-27 00:00:00-04:00,1.0653774743426825,1.087218999862671,1.0580971080912425,1.087218999862671,266913,0.0,0.0
1994-05-31 00:00:00-04:00,1.0799382385177796,1.082365083666104,1.065377252980948,1.0678040981292725,167800,0.0,0.0
1994-06-01 00:00:00-04:00,1.0678041453628995,1.0678041453628995,1.0435359488655134,1.0483895540237427,1556298,0.0,0.0
1994-06-02 00:00:00-04:00,1.0508161783218384,1.0532429377141126,1.045962488831086,1.0508161783218384,201913,0.0,0.0
1994-06-03 00:00:00-04:00,1.0532429397957257,1.0605234740462437,1.04596249089831,1.0556697845458984,328685,0.0,0.0
1994-06-06 00:00:00-04:00,1.0556697845458984,1.0629503187964162,1.0532429397957257,1.0556697845458984,183474,0.0,0.0
1994-06-07 00:00:00-04:00,1.0556695884597016,1.0605232770584945,1.0095598881835137,1.0119867324829102,1820445,0.0,0.0
1994-06-08 00:00:00-04:00,1.0047065019607544,1.014413710548986,0.9901455183721974,1.0047065019607544,1690446,0.0,0.0
1994-06-09 00:00:00-04:00,1.00470650388142,1.0095601081848145,0.999852814224921,1.0095601081848145,1034920,0.0,0.0
1994-06-10 00:00:00-04:00,1.0168405771255493,1.0386820084657202,1.0144136471006313,1.0168405771255493,1602397,0.0,0.0
1994-06-13 00:00:00-04:00,1.0168403420624996,1.0314013213742506,1.0144134125986148,1.0216939449310303,518151,0.0,0.0
1994-06-14 00:00:00-04:00,1.0216943568400056,1.0362553420222016,1.0216943568400056,1.0338284969329834,1494987,0.0,0.0
1994-06-15 00:00:00-04:00,1.0386821386384673,1.050816278165172,1.0386821386384673,1.043535828590393,945949,0.0,0.0
1994-06-16 00:00:00-04:00,1.0483890364060038,1.0508158804634804,1.0338280574142216,1.0386817455291748,369713,0.0,0.0
1994-06-17 00:00:00-04:00,1.0386822583541644,1.0483895540237427,1.0338285678428152,1.0483895540237427,1047828,0.0,0.0
1994-06-20 00:00:00-04:00,1.028974629778445,1.031401559803363,1.0119868877819118,1.0168405771255493,712228,0.0,0.0
1994-06-21 00:00:00-04:00,1.0119866571488227,1.0265475511550903,1.004706210145689,1.0265475511550903,773539,0.0,0.0
1994-06-22 00:00:00-04:00,1.0314018079402605,1.0483895540237427,1.0314018079402605,1.0483895540237427,630633,0.0,0.0
1994-06-23 00:00:00-04:00,1.0435354755337853,1.0435354755337853,1.02169396349281,1.024120807647705,816872,0.0,0.0
1994-06-24 00:00:00-04:00,1.028974391910366,1.0314013213742506,1.0192671861733047,1.0216939449310303,508471,0.0,0.0
1994-06-27 00:00:00-04:00,1.0168403605361007,1.0289744106044143,1.0144134310281243,1.024120807647705,390919,0.0,0.0
1994-06-28 00:00:00-04:00,1.0289745771324064,1.0289745771324064,1.0071331469097218,1.014413595199585,491875,0.0,0.0
1994-06-29 00:00:00-04:00,1.0192672046909959,1.0289744106044143,1.0168403605361007,1.024120807647705,568399,0.0,0.0
1994-06-30 00:00:00-04:00,1.0241210918012071,1.031401626285956,0.9901455202650274,1.0095601081848145,628789,0.0,0.0
1994-07-01 00:00:00-04:00,1.0144134125986148,1.026547547799561,1.0047062068615535,1.0216939449310303,368330,0.0,0.0
1994-07-05 00:00:00-04:00,1.0119869510784805,1.014413710548986,0.9974259674899236,1.0047065019607544,734816,0.0,0.0
1994-07-06 00:00:00-04:00,1.0047065774982735,1.0289747714996338,0.9998528874861347,1.0289747714996338,592371,0.0,0.0
1994-07-07 00:00:00-04:00,1.0338284969329834,1.0338284969329834,1.0192675971039011,1.0338284969329834,386309,0.0,0.0
1994-07-08 00:00:00-04:00,1.028974822945079,1.0338285131998866,1.0241212180433865,1.0314017534255981,360954,0.0,0.0
1994-07-11 00:00:00-04:00,1.0314017018588142,1.0314017018588142,1.0144137868163288,1.0289747714996338,224502,0.0,0.0
1994-07-12 00:00:00-04:00,1.0338280574142216,1.0386817455291748,1.0071329434881335,1.0386817455291748,381238,0.0,0.0
1994-07-13 00:00:00-04:00,1.043535574646896,1.0532427814822873,1.043535574646896,1.0459623336791992,405670,0.0,0.0
1994-07-14 00:00:00-04:00,1.0556696258676797,1.0605233146384647,1.043535574646896,1.0459623336791992,378011,0.0,0.0
1994-07-15 00:00:00-04:00,1.0411089111768694,1.0411089111768694,1.0265479264935644,1.0289747714996338,473436,0.0,0.0
1994-07-18 00:00:00-04:00,1.031401438073023,1.0556696258676797,1.031401438073023,1.0459623336791992,190388,0.0,0.0
1994-07-19 00:00:00-04:00,1.041109018256719,1.0483895540237427,1.0386822583541644,1.0483895540237427,276132,0.0,0.0
1994-07-20 00:00:00-04:00,1.0411088982613201,1.043535828590393,1.0216943091598365,1.043535828590393,379855,0.0,0.0
1994-07-21 00:00:00-04:00,1.045962708768068,1.0605236949489956,1.041109018256719,1.0483895540237427,580385,0.0,0.0
1994-07-22 00:00:00-04:00,1.053243037788025,1.053243037788025,1.0362552936625042,1.043535828590393,637548,0.0,0.0
1994-07-25 00:00:00-04:00,1.0386821386384673,1.050816278165172,1.0386821386384673,1.043535828590393,272444,0.0,0.0
1994-07-26 00:00:00-04:00,1.0435358772898566,1.0435358772898566,1.0314017371968789,1.0338284969329834,528293,0.0,0.0
1994-07-27 00:00:00-04:00,1.0338284615117725,1.0338284615117725,1.0071333371512317,1.0289747714996338,752795,0.0,0.0
1994-07-28 00:00:00-04:00,1.0192670822143555,1.0265474430980597,1.0119865506245094,1.0192670822143555,421805,0.0,0.0
1994-07-29 00:00:00-04:00,1.0168407449670214,1.0168407449670214,1.0047066049581446,1.0071333646774292,719143,0.0,0.0
1994-08-01 00:00:00-04:00,1.00713326143126,1.0119869510784805,0.9998528123135338,1.0047065019607544,481272,0.0,0.0
1994-08-02 00:00:00-04:00,1.0297996258115758,1.0347864973402217,1.0173323154449463,1.0173323154449463,396911,0.3,0.0
1994-08-03 00:00:00-04:00,1.0273063661904218,1.0273063661904218,1.0048652202641868,1.0148390531539917,407975,0.0,0.0
1994-08-04 00:00:00-04:00,1.014838954833841,1.014838954833841,0.9624762276145287,0.9774370193481445,1146479,0.0,0.0
1994-08-05 00:00:00-04:00,0.9699564531543442,0.9699564531543442,0.9599826234331429,0.9624760150909424,1461335,0.0,0.0
1994-08-08 00:00:00-04:00,0.9624770635707414,0.9649705456414973,0.9549967050552368,0.9549967050552368,968538,0.0,0.0
1994-08-09 00:00:00-04:00,0.9500090223808899,0.9749436488357885,0.942528669523099,0.9724502563476562,407975,0.0,0.0
1994-08-10 00:00:00-04:00,0.9749435160830976,0.9749435160830976,0.9599828124046326,0.9599828124046326,633399,0.0,0.0
1994-08-11 00:00:00-04:00,0.9624766308970922,0.9724505546964187,0.9574897566941529,0.9649701118469238,1097153,0.0,0.0
1994-08-12 00:00:00-04:00,0.9624762045532534,0.9637229883242489,0.9574893325593268,0.9599828124046326,948715,0.0,0.0
1994-08-15 00:00:00-04:00,0.9624770635707414,0.9624770635707414,0.9549967050552368,0.9549967050552368,1212862,0.0,0.0
1994-08-16 00:00:00-04:00,0.9574893325593268,0.9599828124046326,0.9525023728687151,0.9599828124046326,1489916,0.0,0.0
1994-08-17 00:00:00-04:00,0.9649697153985343,0.9749435474034853,0.9649697153985343,0.9674631953239441,1243748,0.0,0.0
1994-08-18 00:00:00-04:00,0.9674629737998769,0.9699564531543442,0.9599826234331429,0.9624760150909424,837156,0.0,0.0
1994-08-19 00:00:00-04:00,0.9674629737998769,0.9674629737998769,0.9624760150909424,0.9624760150909424,762476,0.0,0.0
1994-08-22 00:00:00-04:00,0.9574893685932218,0.9599828485323666,0.9375416167767517,0.9500089287757874,657370,0.0,0.0
1994-08-23 00:00:00-04:00,0.9525022589000627,0.9799303585232342,0.9475153875028244,0.9749433994293213,1709808,0.0,0.0
1994-08-24 00:00:00-04:00,0.982424573894004,0.9973853760200073,0.982424573894004,0.9923985004425049,824248,0.0,0.0
1994-08-25 00:00:00-04:00,0.9923972465196326,1.0048645512557075,0.9899037680330901,1.002371072769165,1203642,0.0,0.0
1994-08-26 00:00:00-04:00,1.0148390940787033,1.027306407617894,1.0123456138315252,1.019826054573059,823787,0.0,0.0
1994-08-29 00:00:00-04:00,1.0198256324619313,1.0198256324619313,0.9899040572738893,1.0123451948165894,1270946,0.0,0.0
1994-08-30 00:00:00-04:00,1.0173323612437464,1.03229315189655,1.004865050315857,1.004865050315857,932119,0.0,0.0
1994-08-31 00:00:00-04:00,0.9824239634234349,0.9948912761652223,0.9824239634234349,0.9899044036865234,1205025,0.0,0.0
1994-09-01 00:00:00-04:00,0.9948912032901239,0.9948912032901239,0.9699566673296802,0.9774370193481445,1103146,0.0,0.0
1994-09-02 00:00:00-04:00,0.9774368789762777,0.984917317617147,0.9749433994293213,0.9749433994293213,575775,0.0,0.0
1994-09-06 00:00:00-04:00,0.9774373377357792,0.9874112606048583,0.9724504639979554,0.9874112606048584,360032,0.0,0.0
1994-09-07 00:00:00-04:00,0.9874108434839445,0.9973845867462935,0.9874108434839445,0.9948911070823669,1388037,0.0,0.0
1994-09-08 00:00:00-04:00,0.9948916230767735,1.0073590278625488,0.9948916230767735,1.0073590278625488,1519419,0.0,0.0
1994-09-09 00:00:00-04:00,1.0048650607208502,1.0123454122763678,1.0048650607208502,1.0098519325256348,1017863,0.0,0.0
1994-09-12 00:00:00-04:00,1.0073585404715832,1.014838892027101,1.0073585404715832,1.0098519325256348,852368,0.0,0.0
1994-09-13 00:00:00-04:00,1.0098517156014752,1.0198256324619313,1.0098517156014752,1.0123451948165894,598824,0.0,0.0
1994-09-14 00:00:00-04:00,1.0123454017939184,1.0148388815188325,0.9973846111411149,1.004865050315857,969459,0.0,0.0
1994-09-15 00:00:00-04:00,1.0023717335326046,1.0322933197021484,0.9998783410990549,1.0322933197021484,986055,0.0,0.0
1994-09-16 00:00:00-04:00,1.007358285855282,1.0273059434258844,0.9973843693733215,0.9973843693733215,2291575,0.0,0.0
1994-09-19 00:00:00-04:00,0.9973846592974801,0.9973846592974801,0.9574893325593268,0.9599828124046326,2355653,0.0,0.0
1994-09-20 00:00:00-04:00,0.9475156298927576,0.9749436488357885,0.9475156298927576,0.9724502563476562,1247897,0.0,0.0
1994-09-21 00:00:00-04:00,0.9674640277122534,0.9674640277122534,0.9525032229844808,0.9549967050552368,1274173,0.0,0.0
1994-09-22 00:00:00-04:00,0.9649699321847007,0.9649699321847007,0.9275680756877595,0.9350483417510986,508471,0.0,0.0
1994-09-23 00:00:00-04:00,0.9350481429459664,0.9350481429459664,0.9126070864371283,0.9250743985176086,812723,0.0,0.0
1994-09-26 00:00:00-04:00,0.9300618294254869,0.9375421860885945,0.917594509855813,0.9275684356689453,1230379,0.0,0.0
1994-09-27 00:00:00-04:00,0.932555059531838,0.9724504889413257,0.9225811364069276,0.9300615787506104,904460,0.0,0.0
1994-09-28 00:00:00-04:00,0.9300613134476211,0.9549959387537789,0.9300613134476211,0.9450221061706543,1034920,0.0,0.0
1994-09-29 00:00:00-04:00,0.9450226830997741,0.94751616469198,0.940035807612109,0.9425292015075684,573470,0.0,0.0
1994-09-30 00:00:00-04:00,0.942527875849509,0.9525017004934797,0.942527875849509,0.9475148320198059,526449,0.0,0.0
1994-10-03 00:00:00-04:00,0.9525026174534844,0.9525026174534844,0.9350483417510986,0.9350483417510986,1200415,0.0,0.0
1994-10-04 00:00:00-04:00,0.9375419333975752,0.9375419333975752,0.9250747048848732,0.9300615787506104,2204449,0.0,0.0
1994-10-05 00:00:00-04:00,0.9275682975541824,0.9275682975541824,0.9051270555128734,0.9175943732261658,1304137,0.0,0.0
1994-10-06 00:00:00-04:00,0.9275680756877595,0.9350483417510986,0.9200876342310051,0.9350483417510986,359110,0.0,0.0
1994-10-07 00:00:00-04:00,0.9300612707317876,0.9375416229014002,0.9200874386067409,0.9250743985176086,1055664,0.0,0.0
1994-10-10 00:00:00-04:00,0.9275680756877595,0.9400353904189757,0.9250745952021746,0.9350483417510986,691483,0.0,0.0
1994-10-11 00:00:00-04:00,0.9400351715591354,0.9799304992531951,0.9400351715591354,0.9774370193481445,1166302,0.0,0.0
1994-10-12 00:00:00-04:00,0.9774373377357792,0.9923981343426822,0.9674635025634158,0.9874112606048584,468365,0.0,0.0
1994-10-13 00:00:00-04:00,0.9923978837742197,1.002371716428311,0.9849175312078245,0.9899044036865234,557335,0.0,0.0
1994-10-14 00:00:00-04:00,0.9849177798875886,0.9948915273632363,0.9824242114736031,0.9874112606048584,483577,0.0,0.0
1994-10-17 00:00:00-04:00,0.9824238914615585,0.9874109389683466,0.9724501472347307,0.9774370193481445,242480,0.0,0.0
1994-10-18 00:00:00-04:00,0.98242386792233,0.98242386792233,0.9549958527140209,0.9599828124046326,591449,0.0,0.0
1994-10-19 00:00:00-04:00,0.9724503247633776,0.9724503247633776,0.9375417751132074,0.940035343170166,1151089,0.0,0.0
1994-10-20 00:00:00-04:00,0.9749434791054167,1.0123454122763678,0.964969647799166,1.0098519325256348,3233376,0.0,0.0
1994-10-21 00:00:00-04:00,1.0073583240830242,1.0123451948165894,0.9899040572738893,1.0123451948165894,1038147,0.0,0.0
1994-10-24 00:00:00-04:00,1.007358285855282,1.007358285855282,0.9849171491641898,0.9973843693733215,1060735,0.0,0.0
1994-10-25 00:00:00-04:00,0.9948916230767735,1.0073590278625488,0.9899047488591874,1.0073590278625488,490953,0.0,0.0
1994-10-26 00:00:00-04:00,1.0098524211229798,1.0198263449516,1.0073590278625488,1.0073590278625488,543045,0.0,0.0
1994-10-27 00:00:00-04:00,1.0073586126805727,1.0297997566524222,1.0073586126805727,1.0223193168640137,495563,0.0,0.0
1994-10-28 00:00:00-04:00,1.0223194690317121,1.0472541843411403,1.0223194690317121,1.0447607040405273,1169990,0.0,0.0
1994-10-31 00:00:00-05:00,1.0447607040405273,1.082162557762917,1.0447607040405273,1.0447607040405273,735277,0.0,0.0
1994-11-01 00:00:00-05:00,1.0526069970758163,1.055168103288619,1.044923768512539,1.0474848747253418,494180,0.3,0.0
1994-11-02 00:00:00-05:00,1.0474847690938767,1.0628512246708324,1.0449236631393433,1.0449236631393433,481733,0.0,0.0
1994-11-03 00:00:00-05:00,1.0526069970758163,1.055168103288619,1.044923768512539,1.0474848747253418,303792,0.0,0.0
1994-11-04 00:00:00-05:00,1.0526069970758163,1.057729209501422,1.044923768512539,1.0474848747253418,770773,0.0,0.0
1994-11-07 00:00:00-05:00,1.0449237613663955,1.0474848675616832,1.032118320465088,1.032118320465088,984672,0.0,0.0
1994-11-08 00:00:00-05:00,1.034679651260376,1.0449239881901549,1.0269964210818294,1.034679651260376,843610,0.0,0.0
1994-11-09 00:00:00-05:00,1.0449239881901549,1.0474850949413872,1.034679651260376,1.034679651260376,767546,0.0,0.0
1994-11-10 00:00:00-05:00,1.0346800103939078,1.0474854585196418,1.0141913294228062,1.0193134546279907,1048289,0.0,0.0
1994-11-11 00:00:00-05:00,1.0167523469878075,1.0218744721929922,1.0141913294228062,1.0193134546279907,291345,0.0,0.0
1994-11-14 00:00:00-05:00,1.0244351856368081,1.0526071786880493,1.0244351856368081,1.0526071786880493,1524951,0.0,0.0
1994-11-15 00:00:00-05:00,1.0526075212045625,1.0628518610816444,1.044924288815545,1.055168628692627,722830,0.0,0.0
1994-11-16 00:00:00-05:00,1.0500460720333644,1.0602904986521045,1.0398017354897713,1.0526071786880493,749568,0.0,0.0
1994-11-17 00:00:00-05:00,1.0526072657817216,1.055168372648315,1.0398018215239095,1.042362928390503,682263,0.0,0.0
1994-11-18 00:00:00-05:00,1.032118137911863,1.032118137911863,1.021873714942668,1.0269960165023804,484499,0.0,0.0
1994-11-21 00:00:00-05:00,1.0295574484372518,1.0398017854732928,1.0141909879207665,1.016752004623413,763397,0.0,0.0
1994-11-22 00:00:00-05:00,1.0141908877251677,1.0141908877251677,0.9808966830533512,0.9860188961029053,917829,0.0,0.0
1994-11-23 00:00:00-05:00,0.9808965388615212,0.9860187511581098,0.9604077797502957,0.9629688858985901,862971,0.0,0.0
1994-11-25 00:00:00-05:00,0.9604079157982849,0.9706523418426514,0.9604079157982849,0.9706523418426514,528293,0.0,0.0
1994-11-28 00:00:00-05:00,0.9655303359031678,0.9706524594709324,0.9578470154387916,0.9655303359031677,1223925,0.0,0.0
1994-11-29 00:00:00-05:00,0.9655304134994497,0.9911412135468283,0.9629692163970037,0.9834579825401306,1588106,0.0,0.0
1994-11-30 00:00:00-05:00,0.9937018797353929,0.9962629856264883,0.9757742285728455,0.9757742285728455,561023,0.0,0.0
1994-12-01 00:00:00-05:00,0.975774643348466,0.975774643348466,0.955285967660757,0.960408091545105,469748,0.0,0.0
1994-12-02 00:00:00-05:00,0.9604079704254253,0.9629690770821903,0.9527248306054242,0.9552858471870422,384926,0.0,0.0
1994-12-05 00:00:00-05:00,0.9604077797502957,0.970652204343473,0.9578467636771306,0.9629688858985901,706235,0.0,0.0
1994-12-06 00:00:00-05:00,0.9629687731063721,0.9629687731063721,0.9501634240150452,0.9501634240150452,608966,0.0,0.0
1994-12-07 00:00:00-05:00,0.952724529863358,0.9604076672580593,0.9501634240150452,0.9501634240150452,479428,0.0,0.0
1994-12-08 00:00:00-05:00,0.9476027170844591,0.9476027170844591,0.9322362542152406,0.9322362542152405,805347,0.0,0.0
1994-12-09 00:00:00-05:00,0.9322362519658443,0.9322362519658443,0.9117475748062134,0.9117475748062134,846375,0.0,0.0
1994-12-12 00:00:00-05:00,0.9219916866047452,0.9219916866047452,0.8989418178757552,0.9091862440109253,1193039,0.0,0.0
1994-12-13 00:00:00-05:00,0.9066253604787231,0.9143085918947935,0.904064343390143,0.9117475748062134,2283278,0.0,0.0
1994-12-14 00:00:00-05:00,0.9168697012708569,0.9424805928197746,0.9117475770061725,0.9322362542152405,1276478,0.0,0.0
1994-12-15 00:00:00-05:00,0.93223616686811,0.947602628297547,0.93223616686811,0.9424805045127869,732972,0.0,0.0
1994-12-16 00:00:00-05:00,0.9578470154387916,0.9706524594709324,0.952724891871027,0.9655303359031677,1577043,0.0,0.0
1994-12-19 00:00:00-05:00,0.9629691985248583,0.9655303955797699,0.950163843776409,0.960408091545105,717760,0.0,0.0
1994-12-20 00:00:00-05:00,0.9578468876795826,0.9808966658479876,0.9578468876795826,0.9783355593681335,593754,0.0,0.0
1994-12-21 00:00:00-05:00,0.9757742285728455,0.9962629856264883,0.9757742285728455,0.9757742285728455,823326,0.0,0.0
1994-12-22 00:00:00-05:00,0.9808965428256817,1.00138521194458,0.9757743305083924,1.00138521194458,584995,0.0,0.0
1994-12-23 00:00:00-05:00,1.00138521194458,1.0116296365791588,1.00138521194458,1.00138521194458,267374,0.0,0.0
1994-12-27 00:00:00-05:00,1.0039467219101952,1.0193132749676614,1.0039467219101952,1.0141911506652832,442549,0.0,0.0
1994-12-28 00:00:00-05:00,1.0090685581429437,1.0141908611333346,0.993702099547471,0.9962632060050964,570243,0.0,0.0
1994-12-29 00:00:00-05:00,0.9988240311385314,1.024434818275949,0.9962629254022553,1.0218737125396729,630172,0.0,0.0
1994-12-30 00:00:00-05:00,1.011630043476511,1.0193132749676614,1.0090688462125734,1.0141911506652832,742653,0.0,0.0
1995-01-03 00:00:00-05:00,1.0141912105181137,1.0141912105181137,0.9962635492138685,1.0039467811584473,579924,0.0,0.0
1995-01-04 00:00:00-05:00,1.0039464353028327,1.0039464353028327,0.993702099547471,0.9962632060050964,712689,0.0,0.0
1995-01-05 00:00:00-05:00,0.9962627757976064,1.009068122405832,0.9937016704459207,0.998823881149292,240636,0.0,0.0
1995-01-06 00:00:00-05:00,1.0013854540317761,1.019313111401211,1.0013854540317761,1.016752004623413,1772963,0.0,0.0
1995-01-09 00:00:00-05:00,1.0167515877766768,1.0474846763600316,1.0167515877766768,1.0398013591766357,436556,0.0,0.0
1995-01-10 00:00:00-05:00,1.0346793293963321,1.0654123306253658,1.0321182234417987,1.0449236631393433,1026161,0.0,0.0
1995-01-11 00:00:00-05:00,1.0474844751042625,1.055167700736347,1.0423622646328081,1.0500454902648926,1352080,0.0,0.0
1995-01-12 00:00:00-05:00,1.0526065955006196,1.0526065955006196,1.0423622646328081,1.0500454902648926,467443,0.0,0.0
1995-01-13 00:00:00-05:00,1.0526075504781893,1.075657428436625,1.0526075504781893,1.065412998199463,678576,0.0,0.0
1995-01-16 00:00:00-05:00,1.0679736997084899,1.0705347162188872,1.0577293634414673,1.0577293634414673,315777,0.0,0.0
1995-01-17 00:00:00-05:00,1.0474850554538262,1.0526071786880493,1.0449239487991413,1.0526071786880493,589144,0.0,0.0
1995-01-18 00:00:00-05:00,1.0577291028368878,1.0577291028368878,1.0295571174872653,1.0449236631393433,348508,0.0,0.0
1995-01-19 00:00:00-05:00,1.037240253448837,1.044923570632233,1.034679237796153,1.0398013591766357,415812,0.0,0.0
1995-01-20 00:00:00-05:00,1.0423630595162778,1.0423630595162778,1.011630043476511,1.0141911506652832,654143,0.0,0.0
1995-01-23 00:00:00-05:00,0.998823881149292,1.0065071071292477,0.9885794597425496,0.998823881149292,818716,0.0,0.0
1995-01-24 00:00:00-05:00,1.0039459939530608,1.0039459939530608,0.9860184367811867,0.9885794520378113,698398,0.0,0.0
1995-01-25 00:00:00-05:00,0.9937021136283876,1.0090685724416053,0.9911410071344707,0.9937021136283875,668434,0.0,0.0
1995-01-26 00:00:00-05:00,0.9937021081721172,0.9962632146519713,0.9732134364835663,0.9783355593681335,476662,0.0,0.0
1995-01-27 00:00:00-05:00,0.9885794085463206,0.9885794085463206,0.9732129573822021,0.9732129573822021,1035381,0.0,0.0
1995-01-30 00:00:00-05:00,0.9578467996177489,0.9578467996177489,0.9424802522265239,0.9450413584709167,1437824,0.0,0.0
1995-01-31 00:00:00-05:00,0.9716121332428952,0.9768925794626477,0.955770608864963,0.9742524027824402,1800161,0.3,0.0
1995-02-01 00:00:00-05:00,0.9795332640778543,0.984813712034604,0.9584111936727517,0.9610514640808105,1518958,0.0,0.0
1995-02-02 00:00:00-05:00,0.9636915497343951,0.9795330762863159,0.9610512798325166,0.9795330762863159,1134493,0.0,0.0
1995-02-03 00:00:00-05:00,0.9768929282261832,0.9874540101548072,0.9742527506033978,0.9821735620498657,895701,0.0,0.0
1995-02-06 00:00:00-05:00,0.9768925794626477,0.9795329418615301,0.9636914174835978,0.9742524027824402,477584,0.0,0.0
1995-02-07 00:00:00-05:00,0.9795329348833502,0.9900938272476196,0.974252395841879,0.9900938272476196,808113,0.0,0.0
1995-02-08 00:00:00-05:00,0.9716120089392246,0.9768924544834207,0.9636912941932678,0.9636912941932678,892474,0.0,0.0
1995-02-09 00:00:00-05:00,0.9689717669522638,0.976892481920684,0.9610510519838438,0.9716120362281799,1387115,0.0,0.0
1995-02-10 00:00:00-05:00,0.9742525613344392,0.9900939954311038,0.9742525613344392,0.987453818321228,749107,0.0,0.0
1995-02-13 00:00:00-05:00,0.9900943995920395,0.9980152127330354,0.9900943995920395,0.9927346706390381,1010027,0.0,0.0
1995-02-14 00:00:00-05:00,0.9953746028382369,0.9980147798807653,0.9768927135250873,0.9795330762863159,1520341,0.0,0.0
1995-02-15 00:00:00-05:00,0.9821731651583228,1.0085755807326795,0.9795328957430872,1.0059353113174438,3165610,0.0,0.0
1995-02-16 00:00:00-05:00,1.000655483780034,1.0032957548270327,0.9874542214044313,0.9927346706390381,697937,0.0,0.0
1995-02-17 00:00:00-05:00,0.9927342452987826,1.0085757719340298,0.9900939753830164,1.0006550550460815,1037686,0.0,0.0
1995-02-21 00:00:00-05:00,1.008575792356349,1.0112160623255773,0.9848135483519997,0.987453818321228,355422,0.0,0.0
1995-02-22 00:00:00-05:00,0.9927346706390381,0.9927346706390381,0.9795335011228257,0.9927346706390381,2275441,0.0,0.0
1995-02-23 00:00:00-05:00,0.9927343424464667,1.029697939165703,0.990094072272327,1.0138564109802246,2549729,0.0,0.0
1995-02-24 00:00:00-05:00,1.024417401871308,1.0455394704680325,1.024417401871308,1.0349783897399902,1574277,0.0,0.0
1995-02-27 00:00:00-05:00,1.0349783686827383,1.0587407069780146,1.0349783686827383,1.0481796264648438,2315086,0.0,0.0
1995-02-28 00:00:00-05:00,1.0455393591989466,1.0666613326884546,1.0428990892979206,1.0587406158447266,1320733,0.0,0.0
1995-03-01 00:00:00-05:00,1.0587399724965987,1.064020416230615,1.0560996113406498,1.06138014793396,1126196,0.0,0.0
1995-03-02 00:00:00-05:00,1.0561003439903638,1.0561003439903638,1.0455394491959091,1.0481796264648438,1664170,0.0,0.0
1995-03-03 00:00:00-05:00,1.042899156456027,1.053460051021506,1.0376186163139316,1.0508198738098145,1157543,0.0,0.0
1995-03-06 00:00:00-05:00,1.0508198023667337,1.0613807890735487,1.0508198023667337,1.0561002492904663,1852714,0.0,0.0
1995-03-07 00:00:00-05:00,1.0508198965931366,1.0534600738620712,1.0455394491959091,1.0481796264648438,1083324,0.0,0.0
1995-03-08 00:00:00-05:00,1.0508198738098145,1.053460051021506,1.0481796037387665,1.0508198738098145,1112827,0.0,0.0
1995-03-09 00:00:00-05:00,1.0508198738098145,1.056100321092554,1.045539426527075,1.0508198738098145,299182,0.0,0.0
1995-03-10 00:00:00-05:00,1.0508195870357426,1.0587403950872565,1.045539141194064,1.0534597635269165,430103,0.0,0.0
1995-03-13 00:00:00-05:00,1.0587406120413574,1.06402105896509,1.053459979398925,1.0561002492904663,749568,0.0,0.0
1995-03-14 00:00:00-05:00,1.0587406120413574,1.0693015058888227,1.0561002492904663,1.0561002492904663,467904,0.0,0.0
1995-03-15 00:00:00-05:00,1.0613807928864025,1.0613807928864025,1.0534599831833245,1.0587406158447266,759249,0.0,0.0
1995-03-16 00:00:00-05:00,1.0587405225247724,1.0666612386703491,1.0587405225247724,1.0666612386703491,835773,0.0,0.0
1995-03-17 00:00:00-05:00,1.0666606845272701,1.0666606845272701,1.06138014793396,1.06138014793396,1019707,0.0,0.0
1995-03-20 00:00:00-05:00,1.056100321092554,1.064021131305697,1.0508198738098145,1.0508198738098145,688717,0.0,0.0
1995-03-21 00:00:00-05:00,1.0508195870357426,1.0561000328774213,1.0481793176852379,1.0534597635269165,373862,0.0,0.0
1995-03-22 00:00:00-05:00,1.056100321092554,1.056100321092554,1.0508198738098145,1.0508198738098145,321309,0.0,0.0
1995-03-23 00:00:00-05:00,1.0508195870357426,1.0640208409289351,1.0508195870357426,1.0534597635269165,1100380,0.0,0.0
1995-03-24 00:00:00-05:00,1.053459979398925,1.0587406120413574,1.053459979398925,1.0561002492904663,508932,0.0,0.0
1995-03-27 00:00:00-05:00,1.0587406120413574,1.0613807890735487,1.053459979398925,1.0561002492904663,632016,0.0,0.0
1995-03-28 00:00:00-05:00,1.0534601494414757,1.0798627597592725,1.0534601494414757,1.0745822191238403,1005878,0.0,0.0
1995-03-29 00:00:00-05:00,1.0772221563602977,1.1326673515916446,1.0772221563602977,1.130027174949646,2238101,0.0,0.0
1995-03-30 00:00:00-05:00,1.1300277206681237,1.1801924011225726,1.1273874498917367,1.1775522232055664,1690907,0.0,0.0
1995-03-31 00:00:00-05:00,1.1722713843456831,1.1722713843456831,1.1273870746640684,1.1458687782287598,1468710,0.0,0.0
1995-04-03 00:00:00-04:00,1.148509219176406,1.1669910183529824,1.148509219176406,1.1643507480621338,1096231,0.0,0.0
1995-04-04 00:00:00-04:00,1.164350647596704,1.1775519050525192,1.1353079554813952,1.140588402748108,1107295,0.0,0.0
1995-04-05 00:00:00-04:00,1.15114967342096,1.1537898510613709,1.1273873317822922,1.1326677799224854,553187,0.0,0.0
1995-04-06 00:00:00-04:00,1.13794836786284,1.13794836786284,1.114186118103342,1.1168262958526611,622796,0.0,0.0
1995-04-07 00:00:00-04:00,1.1194658314471952,1.156429409980774,1.0957035972894047,1.156429409980774,1385271,0.0,0.0
1995-04-10 00:00:00-04:00,1.151148715880626,1.1696304082870483,1.1432279109699073,1.1696304082870483,566094,0.0,0.0
1995-04-11 00:00:00-04:00,1.169631216514759,1.169631216514759,1.1511495113372803,1.1511495113372803,323153,0.0,0.0
1995-04-12 00:00:00-04:00,1.151149224443707,1.1643503860750888,1.1405881465636654,1.1537894010543823,401521,0.0,0.0
1995-04-13 00:00:00-04:00,1.159069847135068,1.159069847135068,1.1485088621143615,1.1537894010543823,453613,0.0,0.0
1995-04-17 00:00:00-04:00,1.153789619211026,1.1696311461670432,1.153789619211026,1.166990876197815,711767,0.0,0.0
1995-04-18 00:00:00-04:00,1.1669901399834754,1.1854719252491919,1.1590693350727568,1.1696304082870483,1245592,0.0,0.0
1995-04-19 00:00:00-04:00,1.1696304082870483,1.1775511203384732,1.1458680864141861,1.1696304082870483,429642,0.0,0.0
1995-04-20 00:00:00-04:00,1.1801922818475084,1.1986741754143615,1.1722716560375999,1.1881130933761597,1353002,0.0,0.0
1995-04-21 00:00:00-04:00,1.2013144251225063,1.2303572167508805,1.1986742473139624,1.225076675415039,1428143,0.0,0.0
1995-04-24 00:00:00-04:00,1.219796063481385,1.2409180402755737,1.2092349822249258,1.2409180402755737,686412,0.0,0.0
1995-04-25 00:00:00-04:00,1.2382776178871002,1.2382776178871002,1.2065946565868393,1.2092348337173462,538896,0.0,0.0
1995-04-26 00:00:00-04:00,1.2171557857262063,1.2171557857262063,1.1828325504306427,1.1960337162017822,916446,0.0,0.0
1995-04-27 00:00:00-04:00,1.1986740793591197,1.1986740793591197,1.1775520098346957,1.1960337162017822,497407,0.0,0.0
1995-04-28 00:00:00-04:00,1.2039542456699477,1.214515324393177,1.1986737991676755,1.2118749618530273,1365449,0.0,0.0
1995-05-01 00:00:00-04:00,1.2145157784621101,1.2277169460829598,1.2092351442668916,1.225076675415039,606661,0.0,0.0
1995-05-02 00:00:00-04:00,1.2489415528438563,1.2543955817835917,1.2353068161742844,1.2434877157211304,402904,0.4,0.0
1995-05-03 00:00:00-04:00,1.2434881784032243,1.2680306943586308,1.2434881784032243,1.2489420175552368,404748,0.0,0.0
1995-05-04 00:00:00-04:00,1.248941604396653,1.2734842081417357,1.243487767048808,1.2625763416290283,1080097,0.0,0.0
1995-05-05 00:00:00-04:00,1.265303080718373,1.265303080718373,1.2516683459379252,1.257122278213501,788291,0.0,0.0
1995-05-08 00:00:00-04:00,1.2543956335615154,1.2653033082572052,1.2543956335615154,1.2625763416290283,372479,0.0,0.0
1995-05-09 00:00:00-04:00,1.2653031465721987,1.270757079131629,1.2434876081514699,1.2598493099212646,623718,0.0,0.0
1995-05-10 00:00:00-04:00,1.240760884983889,1.2762112617492676,1.235306951355826,1.2762112617492676,981906,0.0,0.0
1995-05-11 00:00:00-04:00,1.276211480884461,1.276211480884461,1.2625766444730986,1.265303611755371,714072,0.0,0.0
1995-05-12 00:00:00-04:00,1.2653036762586376,1.2953001260757446,1.2571228699033068,1.2953001260757446,920595,0.0,0.0
1995-05-15 00:00:00-04:00,1.2952997042950374,1.2952997042950374,1.276211130378785,1.2816649675369263,600207,0.0,0.0
1995-05-16 00:00:00-04:00,1.2871191439932965,1.3171154938065412,1.2871191439932965,1.3089346885681152,897084,0.0,0.0
1995-05-17 00:00:00-04:00,1.3034801279755917,1.3143877983093262,1.3007530665294524,1.3143877983093262,464216,0.0,0.0
1995-05-18 00:00:00-04:00,1.2762110314320507,1.2762110314320507,1.218945026397705,1.218945026397705,1568745,0.0,0.0
1995-05-19 00:00:00-04:00,1.205310709329573,1.2298532209809578,1.202583742277525,1.2216724157333374,1958281,0.0,0.0
1995-05-22 00:00:00-04:00,1.2380337192094373,1.2762109577874605,1.2380337192094373,1.2734839916229248,1325804,0.0,0.0
1995-05-23 00:00:00-04:00,1.28166520989533,1.3143885267575581,1.278938242846347,1.3089346885681152,2450156,0.0,0.0
1995-05-24 00:00:00-04:00,1.3143882782112897,1.3171152447446128,1.2734841638454617,1.2816649675369263,1825977,0.0,0.0
1995-05-25 00:00:00-04:00,1.284392328962156,1.3062079736565742,1.281665457295328,1.303481101989746,1281088,0.0,0.0
1995-05-26 00:00:00-04:00,1.3007537936549556,1.3007537936549556,1.2843920871911672,1.2871191501617432,891091,0.0,0.0
1995-05-30 00:00:00-04:00,1.2871187388417435,1.2952995415050654,1.284391676742645,1.2898457050323486,454996,0.0,0.0
1995-05-31 00:00:00-04:00,1.2898457063836741,1.3362037480385547,1.2898457063836741,1.3334767818450928,829780,0.0,0.0
1995-06-01 00:00:00-04:00,1.3225688293917377,1.333476596742967,1.3171148977618832,1.3307496309280396,1303215,0.0,0.0
1995-06-02 00:00:00-04:00,1.3198419970649584,1.3362036006034235,1.2952993999402949,1.3007532358169556,786447,0.0,0.0
1995-06-05 00:00:00-04:00,1.3007536134941668,1.3280230885206825,1.2871189718894196,1.3225692510604858,578080,0.0,0.0
1995-06-06 00:00:00-04:00,1.32529616355896,1.3334769673690312,1.3171152638403818,1.32529616355896,882794,0.0,0.0
1995-06-07 00:00:00-04:00,1.322569683200252,1.325296650775622,1.303481101989746,1.303481101989746,447620,0.0,0.0
1995-06-08 00:00:00-04:00,1.3034808503786723,1.3089346885681152,1.2925729821827394,1.3089346885681152,491875,0.0,0.0
1995-06-09 00:00:00-04:00,1.3034804400768807,1.3062073103589924,1.284391676742645,1.2898457050323486,451769,0.0,0.0
1995-06-12 00:00:00-04:00,1.298026196900254,1.3225686949223325,1.2952992313625853,1.3143877983093262,9747148,0.0,0.0
1995-06-13 00:00:00-04:00,1.3116609286801277,1.319841825293134,1.3089339631424588,1.3143877983093262,460528,0.0,0.0
1995-06-14 00:00:00-04:00,1.3143886870430073,1.3171156544245355,1.2789383988087482,1.284392237663269,822865,0.0,0.0
1995-06-15 00:00:00-04:00,1.2925722658249164,1.319841825293134,1.2925722658249164,1.3143877983093262,637548,0.0,0.0
1995-06-16 00:00:00-04:00,1.3143884135116473,1.3143884135116473,1.273484294935236,1.2762112617492676,1960124,0.0,0.0
1995-06-19 00:00:00-04:00,1.2707570909376225,1.2734840572426727,1.2434876197041158,1.2543954849243164,1877146,0.0,0.0
1995-06-20 00:00:00-04:00,1.2543956349655803,1.2543956349655803,1.2434877684406636,1.2516685724258423,1609312,0.0,0.0
1995-06-21 00:00:00-04:00,1.2543956349655803,1.2571225056883006,1.2434877684406636,1.2516685724258423,1389420,0.0,0.0
1995-06-22 00:00:00-04:00,1.2516682905744756,1.2516682905744756,1.2353065903799465,1.238033652305603,854673,0.0,0.0
1995-06-23 00:00:00-04:00,1.2434877157211304,1.2516685193594714,1.2380338785984046,1.2434877157211304,846836,0.0,0.0
1995-06-26 00:00:00-04:00,1.238033652305603,1.2489413245573062,1.2353065903799465,1.238033652305603,463294,0.0,0.0
1995-06-27 00:00:00-04:00,1.2380337830025128,1.2598493216259192,1.2380337830025128,1.2543954849243164,1033076,0.0,0.0
1995-06-28 00:00:00-04:00,1.25439604852433,1.2598498876763422,1.238034339251212,1.2489420175552368,1058891,0.0,0.0
1995-06-29 00:00:00-04:00,1.2489414564057186,1.2543954849243164,1.2380337830025128,1.2543954849243164,576236,0.0,0.0
1995-06-30 00:00:00-04:00,1.2543952906112257,1.2680299282073975,1.2462143929633438,1.2680299282073975,697015,0.0,0.0
1995-07-03 00:00:00-04:00,1.2680300592938534,1.2762109577874605,1.2598492567087385,1.2734839916229248,172871,0.0,0.0
1995-07-05 00:00:00-04:00,1.270757443697955,1.2871191501617432,1.270757443697955,1.2871191501617432,544428,0.0,0.0
1995-07-06 00:00:00-04:00,1.2871193744114895,1.2925732135772705,1.2734846326342257,1.2925732135772705,1298606,0.0,0.0
1995-07-07 00:00:00-04:00,1.2898458858373087,1.3280230342233124,1.2898458858373087,1.32529616355896,1088856,0.0,0.0
1995-07-10 00:00:00-04:00,1.3198424387400445,1.363473523988068,1.3198424387400445,1.3580195903778076,1055203,0.0,0.0
1995-07-11 00:00:00-04:00,1.3580193523531854,1.3580193523531854,1.3307498808985252,1.3362038135528564,868964,0.0,0.0
1995-07-12 00:00:00-04:00,1.330750995988737,1.360747458905815,1.3252971546729089,1.3443857431411743,715916,0.0,0.0
1995-07-13 00:00:00-04:00,1.349838225121705,1.349838225121705,1.338930553474464,1.3416575193405151,366025,0.0,0.0
1995-07-14 00:00:00-04:00,1.3389310628809092,1.3389310628809092,1.3225693573681494,1.3280231952667236,214821,0.0,0.0
1995-07-17 00:00:00-04:00,1.325296044152692,1.3443846166258553,1.3225690778255264,1.3362038135528564,451769,0.0,0.0
1995-07-18 00:00:00-04:00,1.3389313927439301,1.3389313927439301,1.303481101989746,1.303481101989746,702547,0.0,0.0
1995-07-19 00:00:00-04:00,1.2980265621711293,1.2980265621711293,1.2543954849243164,1.2543954849243164,659214,0.0,0.0
1995-07-20 00:00:00-04:00,1.248941555786105,1.248941555786105,1.1998565420234144,1.2107644081115723,4332373,0.0,0.0
1995-07-21 00:00:00-04:00,1.2107640892951814,1.2189447948901602,1.1916754245758057,1.1916754245758057,2115478,0.0,0.0
1995-07-24 00:00:00-04:00,1.194402747457674,1.205310518026092,1.194402747457674,1.2025835514068604,1931543,0.0,0.0
1995-07-25 00:00:00-04:00,1.1998567013075956,1.2243993073555424,1.197129734423544,1.213491439819336,1311513,0.0,0.0
1995-07-26 00:00:00-04:00,1.2162185907363892,1.2325802986079648,1.2162185907363892,1.2162185907363892,787830,0.0,0.0
1995-07-27 00:00:00-04:00,1.2162184067033877,1.2243993073555424,1.210764568843802,1.213491439819336,1058430,0.0,0.0
1995-07-28 00:00:00-04:00,1.218945026397705,1.2216720886281,1.2107643192490096,1.218945026397705,1401867,0.0,0.0
1995-07-31 00:00:00-04:00,1.2189453527727658,1.2325801880330058,1.2134915145771934,1.2216724157333374,468365,0.0,0.0
1995-08-01 00:00:00-04:00,1.2632685502712397,1.2660883665084839,1.2548091015595073,1.2660883665084839,917829,0.4,0.0
1995-08-02 00:00:00-04:00,1.2689080835716613,1.2858268818210594,1.2632685502712397,1.2660883665084839,598363,0.0,0.0
1995-08-03 00:00:00-04:00,1.2609767202206175,1.2609767202206175,1.2467764295692099,1.252456545829773,1538320,0.08677,0.0
1995-08-04 00:00:00-04:00,1.2496163845062256,1.2524564424019753,1.246776326610476,1.2496163845062256,1325804,0.0,0.0
1995-08-07 00:00:00-04:00,1.2496163845062256,1.2510364633970874,1.2439363686007003,1.2496163845062256,1104529,0.0,0.0
1995-08-08 00:00:00-04:00,1.252456648789568,1.2581367655170723,1.2467765320620638,1.2552967071533203,1637893,0.0,0.0
1995-08-09 00:00:00-04:00,1.255295977299354,1.2581360340118408,1.2467758071618933,1.2581360340118408,1183819,0.0,0.0
1995-08-10 00:00:00-04:00,1.2581360340118408,1.266656104263369,1.255295977299354,1.2581360340118408,614037,0.0,0.0
1995-08-11 00:00:00-04:00,1.2581360340118408,1.2609760907243277,1.255295977299354,1.2581360340118408,475279,0.0,0.0
1995-08-14 00:00:00-04:00,1.2609765529632568,1.266656568584434,1.2581364952096838,1.2609765529632568,756483,0.0,0.0
1995-08-15 00:00:00-04:00,1.2581367655170723,1.2609768238808245,1.2552967071533203,1.2552967071533203,1324882,0.0,0.0
1995-08-16 00:00:00-04:00,1.2609769443934409,1.2836972137028724,1.258136885758262,1.2723370790481567,1433675,0.0,0.0
1995-08-17 00:00:00-04:00,1.2723369082362803,1.280856983111993,1.2638167334745816,1.2780169248580933,932580,0.0,0.0
1995-08-18 00:00:00-04:00,1.283697005563216,1.286536963851922,1.266656756401062,1.266656756401062,1630517,0.0,0.0
1995-08-21 00:00:00-04:00,1.266656756401062,1.2808569473885263,1.266656756401062,1.266656756401062,746802,0.0,0.0
1995-08-22 00:00:00-04:00,1.269496920526978,1.2723370790481567,1.2680770410383884,1.2723370790481567,716838,0.0,0.0
1995-08-23 00:00:00-04:00,1.2723362176883428,1.2723362176883428,1.255295977299354,1.2581360340118408,1231762,0.0,0.0
1995-08-24 00:00:00-04:00,1.2552964471550652,1.2581365049305817,1.2382563002739053,1.2410962581634521,1061657,0.0,0.0
1995-08-25 00:00:00-04:00,1.2410963569230382,1.2410963569230382,1.2212161506844048,1.2268961668014526,2144059,0.0,0.0
1995-08-28 00:00:00-04:00,1.2297366704491965,1.2297366704491965,1.1956561618525103,1.2155364751815796,1141869,0.0,0.0
1995-08-29 00:00:00-04:00,1.2126958817782332,1.2183758974507812,1.189975619316101,1.189975619316101,2620260,0.0,0.0
1995-08-30 00:00:00-04:00,1.1956557285567688,1.2268961668014526,1.1956557285567688,1.2268961668014526,5203181,0.0,0.0
1995-08-31 00:00:00-04:00,1.2325762864791474,1.2410964611995474,1.2212162532905857,1.229736328125,861588,0.0,0.0
1995-09-01 00:00:00-04:00,1.2297364116921201,1.2467765625189173,1.2297364116921201,1.2325763702392578,700242,0.0,0.0
1995-09-05 00:00:00-04:00,1.2268961668014526,1.2325761829185002,1.2183759927969147,1.2268961668014526,1245592,0.0,0.0
1995-09-06 00:00:00-04:00,1.2240562948258593,1.2325763702392578,1.2126961609793303,1.2325763702392578,3756598,0.0,0.0
1995-09-07 00:00:00-04:00,1.2382564549503297,1.252456545829773,1.2297362805594851,1.252456545829773,1511121,0.0,0.0
1995-09-08 00:00:00-04:00,1.252455979245812,1.2666561635873816,1.2467758655548096,1.2467758655548096,1434136,0.0,0.0
1995-09-11 00:00:00-04:00,1.249615922400311,1.249615922400311,1.241095851749744,1.2467758655548096,640774,0.0,0.0
1995-09-12 00:00:00-04:00,1.2439363686007003,1.2524564424019753,1.2439363686007003,1.2496163845062256,504322,0.0,0.0
1995-09-13 00:00:00-04:00,1.2467763730400858,1.2467763730400858,1.2268961668014526,1.2268961668014526,822404,0.0,0.0
1995-09-14 00:00:00-04:00,1.2155358552764437,1.2382562160491943,1.2126957976941044,1.2382562160491943,939956,0.0,0.0
1995-09-15 00:00:00-04:00,1.2467764777938282,1.2467764777938282,1.2268962698848664,1.229736328125,1229918,0.0,0.0
1995-09-18 00:00:00-04:00,1.2268959786094449,1.2325759938552423,1.2212159633636475,1.2212159633636475,1297223,0.0,0.0
1995-09-19 00:00:00-04:00,1.2212155444359474,1.2212155444359474,1.209855318069458,1.209855318069458,2135761,0.0,0.0
1995-09-20 00:00:00-04:00,1.2098559493985839,1.2126960074722102,1.2070159912109375,1.2070159912109375,2410050,0.0,0.0
1995-09-21 00:00:00-04:00,1.204175663997554,1.215535894695314,1.204175663997554,1.212695837020874,1864239,0.0,0.0
1995-09-22 00:00:00-04:00,1.2070159912109375,1.2126960074722102,1.2070159912109375,1.2070159912109375,1384349,0.0,0.0
1995-09-25 00:00:00-04:00,1.209855318069458,1.2126953746610802,1.2070153613637635,1.209855318069458,1131267,0.0,0.0
1995-09-26 00:00:00-04:00,1.209855318069458,1.2126953746610802,1.2070153613637635,1.209855318069458,1286620,0.0,0.0
1995-09-27 00:00:00-04:00,1.2098559620833413,1.2098559620833413,1.1984958295557104,1.2013357877731323,1906650,0.0,0.0
1995-09-28 00:00:00-04:00,1.2041759490966797,1.2041759490966797,1.1984959322889723,1.2041759490966797,1525873,0.0,0.0
1995-09-29 00:00:00-04:00,1.2041759490966797,1.2041759490966797,1.1984959322889723,1.2041759490966797,1542008,0.0,0.0
1995-10-02 00:00:00-04:00,1.2041759490966797,1.2098560657903767,1.1984959322889723,1.2041759490966797,517690,0.0,0.0
1995-10-03 00:00:00-04:00,1.2013359590940402,1.21553625163614,1.1956559419631958,1.1956559419631958,2666359,0.0,0.0
1995-10-04 00:00:00-04:00,1.1928159467257926,1.1928159467257926,1.1615755038641284,1.1672555208206177,1372364,0.0,0.0
1995-10-05 00:00:00-04:00,1.1644154111845073,1.167255469480833,1.1502152195888675,1.1587353944778442,1483001,0.0,0.0
1995-10-06 00:00:00-04:00,1.158735183516192,1.189975619316101,1.158735183516192,1.189975619316101,1017863,0.0,0.0
1995-10-09 00:00:00-04:00,1.1871355247638389,1.1871355247638389,1.1729354348845489,1.1786154508590698,1110061,0.0,0.0
1995-10-10 00:00:00-04:00,1.1757756796981964,1.1757756796981964,1.167255504553215,1.1700955629348755,1323499,0.0,0.0
1995-10-11 00:00:00-04:00,1.1757756796981964,1.1786156381938657,1.1700955629348755,1.1700955629348755,987438,0.0,0.0
1995-10-12 00:00:00-04:00,1.1729350090026855,1.1757750659017352,1.1587348243933764,1.1729350090026855,1336868,0.0,0.0
1995-10-13 00:00:00-04:00,1.1786156729265524,1.1899759067879696,1.1672555389511292,1.1814557313919067,769851,0.0,0.0
1995-10-16 00:00:00-04:00,1.1842951367129453,1.1842951367129453,1.170094952103636,1.1729350090026855,725596,0.0,0.0
1995-10-17 00:00:00-04:00,1.1700955629348755,1.1757756796981964,1.1700955629348755,1.1700955629348755,528754,0.0,0.0
1995-10-18 00:00:00-04:00,1.1644154111845073,1.167255469480833,1.1303350112865644,1.1587353944778442,1525873,0.0,0.0
1995-10-19 00:00:00-04:00,1.1644149617448865,1.218375649003433,1.1644149617448865,1.1871352195739746,1309208,0.0,0.0
1995-10-20 00:00:00-04:00,1.1899756507963684,1.1899756507963684,1.1786154193788028,1.1842955350875854,678115,0.0,0.0
1995-10-23 00:00:00-04:00,1.184295789857261,1.1899759067879696,1.1786156729265524,1.1814557313919067,510776,0.0,0.0
1995-10-24 00:00:00-04:00,1.1786154860832496,1.18713556024265,1.1700954119238491,1.1757755279541016,907226,0.0,0.0
1995-10-25 00:00:00-04:00,1.17577569608434,1.17577569608434,1.1615755038641284,1.1672555208206177,818716,0.0,0.0
1995-10-26 00:00:00-04:00,1.158734942599684,1.161574999788457,1.138854742050171,1.138854742050171,906765,0.0,0.0
1995-10-27 00:00:00-04:00,1.136014861264715,1.1672552981672821,1.1246548295186567,1.1644152402877808,430564,0.0,0.0
1995-10-30 00:00:00-05:00,1.1587348243933764,1.1757750659017352,1.1587348243933764,1.1729350090026855,844071,0.0,0.0
1995-10-31 00:00:00-05:00,1.1700953560467833,1.1786154297993137,1.1644152402877808,1.1644152402877808,1069033,0.0,0.0
1995-11-01 00:00:00-05:00,1.1672548952045865,1.1757750659017352,1.1672548952045865,1.1729350090026855,1264031,0.0,0.0
1995-11-02 00:00:00-05:00,1.207546591758728,1.210491848823503,1.2046014382798238,1.207546591758728,428720,0.4,0.0
1995-11-03 00:00:00-05:00,1.2046017679843555,1.2369993973925053,1.2046017679843555,1.2134374380111694,638470,0.0,0.0
1995-11-06 00:00:00-05:00,1.213437105888278,1.216382362953053,1.2016561812150488,1.207546591758728,837156,0.0,0.0
1995-11-07 00:00:00-05:00,1.2075465604536388,1.2163823314189006,1.2046014070510864,1.2046014070510864,1034920,0.0,0.0
1995-11-08 00:00:00-05:00,1.2046014070510864,1.2075465604536388,1.201656150062666,1.2046014070510864,1057969,0.0,0.0
1995-11-09 00:00:00-05:00,1.21049206535352,1.2281635073173258,1.21049206535352,1.2222729921340942,684568,0.0,0.0
1995-11-10 00:00:00-05:00,1.2163825626965694,1.2458348274230957,1.2163825626965694,1.2458348274230957,1079636,0.0,0.0
1995-11-13 00:00:00-05:00,1.242889518129072,1.242889518129072,1.2193276678581642,1.2340538501739502,1276017,0.0,0.0
1995-11-14 00:00:00-05:00,1.2311084172801692,1.2428894453112769,1.2311084172801692,1.2369990348815918,1245131,0.0,0.0
1995-11-15 00:00:00-05:00,1.2399441883034998,1.2399441883034998,1.2075465683896913,1.2369990348815918,1628213,0.0,0.0
1995-11-16 00:00:00-05:00,1.2340540225005576,1.2369992800921734,1.2222729921340942,1.2222729921340942,873574,0.0,0.0
1995-11-17 00:00:00-05:00,1.2311088034223954,1.239944577217102,1.2281636490767276,1.239944577217102,595137,0.0,0.0
1995-11-20 00:00:00-05:00,1.2399442869317,1.2458346978299226,1.2281633615493774,1.2281633615493774,774461,0.0,0.0
1995-11-21 00:00:00-05:00,1.2340539524485985,1.2576158046722412,1.2340539524485985,1.2576158046722412,1107295,0.0,0.0
1995-11-22 00:00:00-05:00,1.2635063845071575,1.3017945289611816,1.2635063845071575,1.3017945289611816,727901,0.0,0.0
1995-11-24 00:00:00-05:00,1.30179441399818,1.313575340641378,1.30179441399818,1.3106300830841064,286735,0.0,0.0
1995-11-27 00:00:00-05:00,1.310629985016617,1.3253561681152042,1.2959038019180298,1.2959038019180298,1181514,0.0,0.0
1995-11-28 00:00:00-05:00,1.29884934425354,1.29884934425354,1.2782326419573682,1.29884934425354,684107,0.0,0.0
1995-11-29 00:00:00-05:00,1.2959038019180298,1.3017943165918169,1.2900133908301232,1.2959038019180298,551343,0.0,0.0
1995-11-30 00:00:00-05:00,1.2929583884408031,1.2988489024032395,1.2841228246688843,1.2841228246688843,691022,0.0,0.0
1995-12-01 00:00:00-05:00,1.2870680349748518,1.2929584456118781,1.2752871101149268,1.2811775207519531,432408,0.0,0.0
1995-12-04 00:00:00-05:00,1.2870679648863148,1.3076846599578857,1.2752870406679315,1.3076846599578857,1302293,0.0,0.0
1995-12-05 00:00:00-05:00,1.3076851850948499,1.3224113721780013,1.3076851850948499,1.3194661140441895,765241,0.0,0.0
1995-12-06 00:00:00-05:00,1.313575340641378,1.313575340641378,1.307684929112723,1.3106300830841064,597442,0.0,0.0
1995-12-07 00:00:00-05:00,1.3047390132264165,1.3076842692976072,1.2900128364562988,1.2900128364562988,613115,0.0,0.0
1995-12-08 00:00:00-05:00,1.2959032450128443,1.2988485010840352,1.2870675803851082,1.2900128364562988,384465,0.0,0.0
1995-12-11 00:00:00-05:00,1.2959033967893698,1.3047391660377894,1.2900129875429382,1.29295814037323,977296,0.0,0.0
1995-12-12 00:00:00-05:00,1.292958828287233,1.29884934425354,1.2900136738899826,1.29884934425354,351273,0.0,0.0
1995-12-13 00:00:00-05:00,1.2959037027233276,1.3047394740576757,1.2752871101149268,1.2811775207519531,1188429,0.0,0.0
1995-12-14 00:00:00-05:00,1.2752875643574566,1.281177977092579,1.263506531715393,1.263506531715393,611732,0.0,0.0
1995-12-15 00:00:00-05:00,1.2576160643549228,1.2752875089645386,1.2546708063223362,1.2752875089645386,2028812,0.0,0.0
1995-12-18 00:00:00-05:00,1.2693965903212148,1.2723418474197388,1.2664514368085629,1.2723418474197388,1273712,0.0,0.0
1995-12-19 00:00:00-05:00,1.2693965903212148,1.2782322580309147,1.2664514368085629,1.2723418474197388,856978,0.0,0.0
1995-12-20 00:00:00-05:00,1.2723417690434926,1.2811774362089154,1.266451358795166,1.266451358795166,668434,0.0,0.0
1995-12-21 00:00:00-05:00,1.2693972577819077,1.2708698353125285,1.2605615854263306,1.2605615854263306,580385,0.0,0.0
1995-12-22 00:00:00-05:00,1.2635059982922041,1.2693965121263966,1.2605608449609738,1.266451358795166,528293,0.0,0.0
1995-12-26 00:00:00-05:00,1.2605614680166395,1.2693971395492554,1.2605614680166395,1.2693971395492554,196842,0.0,0.0
1995-12-27 00:00:00-05:00,1.2693971395492554,1.2693971395492554,1.266451984762328,1.2693971395492554,318543,0.0,0.0
1995-12-28 00:00:00-05:00,1.2693965121263966,1.2723417690434926,1.266451358795166,1.266451358795166,222197,0.0,0.0
1995-12-29 00:00:00-05:00,1.2664518934618183,1.2752875643574566,1.2576161189802706,1.263506531715393,492336,0.0,0.0
1996-01-02 00:00:00-05:00,1.2605610246329488,1.2959038019180298,1.2605610246329488,1.2959038019180298,523683,0.0,0.0
1996-01-03 00:00:00-05:00,1.301794009791843,1.33124636904784,1.298848753149072,1.3224107027053833,1096692,0.0,0.0
1996-01-04 00:00:00-05:00,1.3194658336110985,1.331246760056575,1.3165204725173714,1.3253562450408936,1466866,0.0,0.0
1996-01-05 00:00:00-05:00,1.3312468301033717,1.348918168908464,1.3224111607008255,1.345973014831543,1098997,0.0,0.0
1996-01-08 00:00:00-05:00,1.3400819224259481,1.3400819224259481,1.331246256828308,1.331246256828308,138758,0.0,0.0
1996-01-09 00:00:00-05:00,1.3312465083946523,1.3312465083946523,1.3076846599578857,1.3076846599578857,1913104,0.0,0.0
1996-01-10 00:00:00-05:00,1.3017942112332344,1.3017942112332344,1.2693965903212148,1.2723418474197388,1298145,0.0,0.0
1996-01-11 00:00:00-05:00,1.2723414575079748,1.2782318663140224,1.2546700239181519,1.2546700239181519,637087,0.0,0.0
1996-01-12 00:00:00-05:00,1.263506076124167,1.2752871045182628,1.257615665512991,1.2723418474197388,1264953,0.0,0.0
1996-01-15 00:00:00-05:00,1.2723418474197388,1.2723418474197388,1.2693965903212148,1.2723418474197388,221275,0.0,0.0
1996-01-16 00:00:00-05:00,1.269397048036425,1.2723423061969408,1.2517257062451481,1.263506531715393,831624,0.0,0.0
1996-01-17 00:00:00-05:00,1.260561041637231,1.260561041637231,1.2487800121307373,1.2487800121307373,564250,0.0,0.0
1996-01-18 00:00:00-05:00,1.2487801742018552,1.2487801742018552,1.2104921340942383,1.2104921340942383,1627291,0.0,0.0
1996-01-19 00:00:00-05:00,1.1928203790974041,1.2104918174420594,1.1928203790974041,1.2046014070510864,1583958,0.0,0.0
1996-01-22 00:00:00-05:00,1.204601792795979,1.281177877501363,1.1869303487924667,1.239944577217102,3556990,0.0,0.0
1996-01-23 00:00:00-05:00,1.2340537398788396,1.2693965121263966,1.2281632260446473,1.266451358795166,1235450,0.0,0.0
1996-01-24 00:00:00-05:00,1.2635062159352102,1.2988490978565574,1.2487800323989626,1.2576158046722412,2354270,0.0,0.0
1996-01-25 00:00:00-05:00,1.263506622803567,1.278232811081871,1.263506622803567,1.2693971395492554,1249280,0.0,0.0
1996-01-26 00:00:00-05:00,1.2693961475437998,1.2988485010840352,1.2635056354014185,1.2900128364562988,3249510,0.0,0.0
1996-01-29 00:00:00-05:00,1.2870683434602255,1.3047397867785524,1.2870683434602255,1.3017945289611816,1078714,0.0,0.0
1996-01-30 00:00:00-05:00,1.3047395121760654,1.3489179557950037,1.3047395121760654,1.3400822877883911,2019131,0.0,0.0
1996-01-31 00:00:00-05:00,1.3430276931952363,1.3783705762936889,1.3430276931952363,1.3665895462036133,1991472,0.0,0.0
1996-02-01 00:00:00-05:00,1.4084212184954121,1.4084212184954121,1.3871276518545812,1.390169620513916,1038147,0.4,0.0
1996-02-02 00:00:00-05:00,1.3901692005562467,1.3901692005562467,1.365833672607626,1.3749594688415527,792440,0.0,0.0
1996-02-05 00:00:00-05:00,1.3688755655125973,1.390169233208199,1.3567078012524936,1.3840852975845337,1019246,0.0,0.0
1996-02-06 00:00:00-05:00,1.3810434367599276,1.411462793916574,1.3780013619608684,1.3840852975845337,863432,0.0,0.0
1996-02-07 00:00:00-05:00,1.3871275022368474,1.3871275022368474,1.36279196956155,1.3810436725616455,1659560,0.0,0.0
1996-02-08 00:00:00-05:00,1.374959737492809,1.4175469732175616,1.374959737492809,1.4145050048828125,1804771,0.0,0.0
1996-02-09 00:00:00-05:00,1.4145046949629039,1.4418821900027092,1.3932110282723766,1.4266724586486816,895240,0.0,0.0
1996-02-12 00:00:00-05:00,1.4205890471237868,1.4236310156846006,1.4053793113069704,1.4114631414413452,591910,0.0,0.0
1996-02-13 00:00:00-05:00,1.4114630365480634,1.4175469732175616,1.4084210682133145,1.4145050048828125,538896,0.0,0.0
1996-02-14 00:00:00-05:00,1.4145054392546546,1.4145054392546546,1.3992958068847656,1.3992958068847656,1074104,0.0,0.0
1996-02-15 00:00:00-05:00,1.3932113319120494,1.3932113319120494,1.3719177675679755,1.3810436725616455,2042641,0.0,0.0
1996-02-16 00:00:00-05:00,1.3780020220025437,1.4023376691663767,1.3780020220025437,1.3992958068847656,1404172,0.0,0.0
1996-02-20 00:00:00-05:00,1.3871271997999877,1.3871271997999877,1.3658336400985718,1.3658336400985718,2212746,0.0,0.0
1996-02-21 00:00:00-05:00,1.371917501101169,1.387127232815863,1.371917501101169,1.3749594688415527,1788176,0.0,0.0
1996-02-22 00:00:00-05:00,1.3719176084697193,1.414504839206365,1.3719176084697193,1.4023370742797852,2348738,0.0,0.0
1996-02-23 00:00:00-05:00,1.399295377183557,1.4175469732175616,1.399295377183557,1.4145050048828125,1357151,0.0,0.0
1996-02-26 00:00:00-05:00,1.4084207596264042,1.4327562869979598,1.4084207596264042,1.4266724586486816,1261265,0.0,0.0
1996-02-27 00:00:00-05:00,1.4266727856427344,1.432756615386429,1.414505019168099,1.4175469875335693,1108217,0.0,0.0
1996-02-28 00:00:00-05:00,1.4175469732175616,1.429714739569313,1.4145050048828125,1.4145050048828125,953786,0.0,0.0
1996-02-29 00:00:00-05:00,1.411463485721259,1.4175474243268624,1.4023376848001323,1.408421516418457,1158926,0.0,0.0
1996-03-01 00:00:00-05:00,1.414504839206365,1.417546807184818,1.396253138322879,1.4023370742797852,735738,0.0,0.0
1996-03-04 00:00:00-05:00,1.4023376691663767,1.4175474085235433,1.3992958068847656,1.3992958068847656,903538,0.0,0.0
1996-03-05 00:00:00-05:00,1.399295377183557,1.4145050048828125,1.396253301861563,1.4145050048828125,1184741,0.0,0.0
1996-03-06 00:00:00-05:00,1.414504839206365,1.417546807184818,1.4023370742797852,1.4023370742797852,1548000,0.0,0.0
1996-03-07 00:00:00-05:00,1.4023371645360372,1.408420993897274,1.396253228187561,1.396253228187561,1194422,0.0,0.0
1996-03-08 00:00:00-05:00,1.3962538110273026,1.402337749915404,1.3749602388935156,1.393211841583252,786908,0.0,0.0
1996-03-11 00:00:00-05:00,1.3871276069293401,1.417547078562973,1.3749598396733378,1.4114631414413452,996658,0.0,0.0
1996-03-12 00:00:00-05:00,1.4084208748311342,1.4297145432634217,1.4053790139012905,1.423630714416504,791057,0.0,0.0
1996-03-13 00:00:00-05:00,1.4114627860843607,1.447966185649341,1.405378957481681,1.438840389251709,1071799,0.0,0.0
1996-03-14 00:00:00-05:00,1.447966185649341,1.4570919820469732,1.438840389251709,1.438840389251709,1020168,0.0,0.0
1996-03-15 00:00:00-05:00,1.4388404239374757,1.4510080814361572,1.4297145203326218,1.4510080814361572,836234,0.0,0.0
1996-03-18 00:00:00-05:00,1.447966765846069,1.469260334968567,1.444924796832207,1.469260334968567,1345626,0.0,0.0
1996-03-19 00:00:00-05:00,1.475343499279572,1.4966371642222684,1.475343499279572,1.4844692945480347,1375591,0.0,0.0
1996-03-20 00:00:00-05:00,1.4875112619665931,1.4875112619665931,1.4783854666981304,1.4844692945480347,1629595,0.0,0.0
1996-03-21 00:00:00-05:00,1.4814283839407454,1.4844703535293633,1.4692606125735628,1.4783865213394165,822404,0.0,0.0
1996-03-22 00:00:00-05:00,1.4844692945480347,1.4905532293851516,1.4814273271294762,1.4844692945480347,978679,0.0,0.0
1996-03-25 00:00:00-05:00,1.4966382987389257,1.505763993937848,1.487512389565416,1.4996801614761353,811801,0.0,0.0
1996-03-26 00:00:00-05:00,1.4966371642222684,1.4966371642222684,1.4844692945480347,1.4844692945480347,1007722,0.0,0.0
1996-03-27 00:00:00-05:00,1.484470037224391,1.493595944045733,1.4783862063307627,1.4905539751052856,1230840,0.0,0.0
1996-03-28 00:00:00-05:00,1.4844692945480347,1.4844692945480347,1.469259564442455,1.4844692945480347,853751,0.0,0.0
1996-03-29 00:00:00-05:00,1.4844695764710614,1.4844695764710614,1.463176014471611,1.4662178754806519,644923,0.0,0.0
1996-04-01 00:00:00-05:00,1.472302334559575,1.484469996009004,1.4692602587163228,1.4814280271530151,902155,0.0,0.0
1996-04-02 00:00:00-05:00,1.475343499279572,1.4905532293851516,1.475343499279572,1.4844692945480347,522761,0.0,0.0
1996-04-03 00:00:00-05:00,1.4844694584463407,1.4935953617095947,1.4844694584463407,1.4935953617095947,583612,0.0,0.0
1996-04-04 00:00:00-05:00,1.4905539613669385,1.4935959302793482,1.4875119924545288,1.4875119924545288,554109,0.0,0.0
1996-04-08 00:00:00-04:00,1.4814280682839438,1.4905539751052856,1.4753442373903154,1.4905539751052856,865276,0.0,0.0
1996-04-09 00:00:00-04:00,1.4935957773643544,1.5179313121976183,1.490553808763383,1.508805513381958,1452576,0.0,0.0
1996-04-10 00:00:00-04:00,1.5027217300293119,1.5027217300293119,1.484470023542119,1.4875119924545288,684107,0.0,0.0
1996-04-11 00:00:00-04:00,1.4844700730506093,1.4844700730506093,1.4631765039281113,1.469260334968567,738504,0.0,0.0
1996-04-12 00:00:00-04:00,1.4692609557183924,1.48142872992735,1.4692609557183924,1.4753448963165283,357727,0.0,0.0
1996-04-15 00:00:00-04:00,1.4814280682839438,1.4905539751052856,1.4783862063307627,1.4905539751052856,360954,0.0,0.0
1996-04-16 00:00:00-04:00,1.4875112619665931,1.49359519680371,1.4844692945480347,1.4844692945480347,781376,0.0,0.0
1996-04-17 00:00:00-04:00,1.484470700226418,1.487512670525486,1.4662189854193246,1.4753448963165283,781376,0.0,0.0
1996-04-18 00:00:00-04:00,1.472301901231131,1.4753437622045749,1.4510081255064005,1.4601340293884277,2429411,0.0,0.0
1996-04-19 00:00:00-04:00,1.4631759973491036,1.4662178583225476,1.457092061427752,1.4601340293884277,2554339,0.0,0.0
1996-04-22 00:00:00-04:00,1.463176014471611,1.4692598434769255,1.4601340464753374,1.4662178754806519,968999,0.0,0.0
1996-04-23 00:00:00-04:00,1.4662178583225476,1.4662178583225476,1.4601340293884277,1.4601340293884277,805808,0.0,0.0
1996-04-24 00:00:00-04:00,1.463175892829895,1.4662177535860494,1.4601339250865164,1.463175892829895,723291,0.0,0.0
1996-04-25 00:00:00-04:00,1.4631771221075707,1.4783868666155962,1.4601351518085028,1.4753448963165283,1096692,0.0,0.0
1996-04-26 00:00:00-04:00,1.4723030330047744,1.48142872992735,1.4601351518085028,1.4753448963165283,1001729,0.0,0.0
1996-04-29 00:00:00-04:00,1.4753442373903154,1.4966379129861802,1.4753442373903154,1.4905539751052856,751873,0.0,0.0
1996-04-30 00:00:00-04:00,1.4875112251050484,1.4875112251050484,1.4662175606900234,1.4723016023635864,443010,0.0,0.0
1996-05-01 00:00:00-04:00,1.469260334968567,1.481428104036747,1.4631765039281113,1.469260334968567,1022934,0.0,0.0
1996-05-02 00:00:00-04:00,1.5061338201508374,1.5186850263638945,1.5061338201508374,1.5092716217041016,922900,0.4,0.0
1996-05-03 00:00:00-04:00,1.5092720495878322,1.518685456916358,1.5029964447021484,1.5029964447021484,1606546,0.0,0.0
1996-05-06 00:00:00-04:00,1.5061342471449903,1.5092720495878322,1.4967208398164646,1.5029964447021484,1288925,0.0,0.0
1996-05-07 00:00:00-04:00,1.502996048398598,1.506133850014078,1.4590671568551,1.4653427600860596,1313818,0.0,0.0
1996-05-08 00:00:00-04:00,1.4590675586440993,1.471618658204523,1.4465164590836757,1.4559297561645508,1253429,0.0,0.0
1996-05-09 00:00:00-04:00,1.4590671568551,1.4841694594211987,1.45592935523962,1.4653427600860596,692405,0.0,0.0
1996-05-10 00:00:00-04:00,1.4684808707020431,1.473187518936775,1.4559296615990749,1.459067463874817,819638,0.0,0.0
1996-05-13 00:00:00-04:00,1.462205852323737,1.4747569561004639,1.462205852323737,1.4747569561004639,1203642,0.0,0.0
1996-05-14 00:00:00-04:00,1.4810316833260686,1.4810316833260686,1.4622049836665176,1.4684805870056152,1406938,0.0,0.0
1996-05-15 00:00:00-04:00,1.465343856747671,1.4935838717063037,1.4622060527838625,1.4873082637786865,642157,0.0,0.0
1996-05-16 00:00:00-04:00,1.4904456705460012,1.5061345758262052,1.481032371520996,1.481032371520996,541201,0.0,0.0
1996-05-17 00:00:00-04:00,1.4873070724005293,1.493582675301198,1.4684804844139916,1.4716181755065918,501556,0.0,0.0
1996-05-20 00:00:00-04:00,1.4747563897511122,1.4778940817219737,1.4622052907943726,1.4622052907943726,811801,0.0,0.0
1996-05-21 00:00:00-04:00,1.4684804844139916,1.4810315798575948,1.465342682963657,1.4716181755065918,312550,0.0,0.0
1996-05-22 00:00:00-04:00,1.4716191670395533,1.4873080745042073,1.4653436702683769,1.47789466381073,484499,0.0,0.0
1996-05-23 00:00:00-04:00,1.4778940817219737,1.4920142473796738,1.45592968613712,1.4622052907943726,425032,0.0,0.0
1996-05-24 00:00:00-04:00,1.45592968613712,1.4810319944083647,1.45592968613712,1.4622052907943726,975913,0.0,0.0
1996-05-28 00:00:00-04:00,1.4622050549514563,1.4684806585965,1.4465161561965942,1.4465161561965942,514925,0.0,0.0
1996-05-29 00:00:00-04:00,1.4433785338974077,1.4559295210734344,1.4276895240329932,1.4402406215667725,710384,0.0,0.0
1996-05-30 00:00:00-04:00,1.4371030516450303,1.4684809660827447,1.4308275570437035,1.4559297561645508,364181,0.0,0.0
1996-05-31 00:00:00-04:00,1.4527922868728638,1.4653434996695915,1.4496545940314773,1.4527922868728638,446698,0.0,0.0
1996-06-03 00:00:00-04:00,1.446516544869588,1.446516544869588,1.4339654445648193,1.4339654445648193,1487150,0.0,0.0
1996-06-04 00:00:00-04:00,1.4433784647318195,1.4559294513064127,1.4339650592642539,1.4465161561965942,555953,0.0,0.0
1996-06-05 00:00:00-04:00,1.4465160607509204,1.4684805617015393,1.4402404575199608,1.4653427600860596,346203,0.0,0.0
1996-06-06 00:00:00-04:00,1.4716181755065918,1.474755976956926,1.4590670800629886,1.4716181755065918,507549,0.0,0.0
1996-06-07 00:00:00-04:00,1.459067463874817,1.459067463874817,1.4371029583023853,1.459067463874817,626484,0.0,0.0
1996-06-10 00:00:00-04:00,1.459067463874817,1.4622052661505591,1.4559296615990749,1.459067463874817,1166302,0.0,0.0
1996-06-11 00:00:00-04:00,1.4622049836665176,1.4841694849956173,1.4622049836665176,1.4684805870056152,447159,0.0,0.0
1996-06-12 00:00:00-04:00,1.4684805617015393,1.4716182529592794,1.4653427600860596,1.4653427600860596,584995,0.0,0.0
1996-06-13 00:00:00-04:00,1.4653427853360665,1.477893771298778,1.4622049836665176,1.4684805870056152,590988,0.0,0.0
1996-06-14 00:00:00-04:00,1.4622048815133228,1.474755976956926,1.4622048815133228,1.4716181755065918,421805,0.0,0.0
1996-06-17 00:00:00-04:00,1.4716189621381979,1.4904456705460012,1.4684812693683915,1.481032371520996,732050,0.0,0.0
1996-06-18 00:00:00-04:00,1.4747561518837966,1.4810317555288404,1.4465161561965942,1.4465161561965942,540279,0.0,0.0
1996-06-19 00:00:00-04:00,1.4465163895090065,1.4810319944083647,1.4465163895090065,1.4622052907943726,1567823,0.0,0.0
1996-06-20 00:00:00-04:00,1.4622053611236479,1.4622053611236479,1.4371030516450303,1.4559297561645508,972686,0.0,0.0
1996-06-21 00:00:00-04:00,1.4559293803274203,1.4716182783174223,1.4465160856765156,1.4684805870056152,920134,0.0,0.0
1996-06-24 00:00:00-04:00,1.4622052907943726,1.4653430931229987,1.4590674884657462,1.4622052907943726,473897,0.0,0.0
1996-06-25 00:00:00-04:00,1.4559298425087206,1.459067645174357,1.4339654445648193,1.4339654445648193,753717,0.0,0.0
1996-06-26 00:00:00-04:00,1.4339658167806406,1.4496547238234299,1.4339658167806406,1.437103509902954,1257578,0.0,0.0
1996-06-27 00:00:00-04:00,1.437103328009049,1.4559300361490641,1.4339656352838726,1.4433790445327759,957013,0.0,0.0
1996-06-28 00:00:00-04:00,1.4465159846193854,1.4716181755065918,1.4339648891757821,1.4716181755065918,1111905,0.0,0.0
1996-07-01 00:00:00-04:00,1.4716185626200222,1.4747563648957644,1.459067463874817,1.459067463874817,439322,0.0,0.0
1996-07-02 00:00:00-04:00,1.4559302204258622,1.4590680239059812,1.4339658167806406,1.437103509902954,579002,0.0,0.0
1996-07-03 00:00:00-04:00,1.43396494237485,1.4433783470750834,1.427689339241361,1.4308271408081055,1099458,0.0,0.0
1996-07-05 00:00:00-04:00,1.4214144558379782,1.4214144558379782,1.4120011567290793,1.4151389598846436,1526334,0.0,0.0
1996-07-08 00:00:00-04:00,1.4120004682970535,1.418276071548462,1.4057249754033854,1.418276071548462,1584419,0.0,0.0
1996-07-09 00:00:00-04:00,1.4182767630402078,1.4308278653046709,1.4151389598846436,1.4151389598846436,509393,0.0,0.0
1996-07-10 00:00:00-04:00,1.4151388165936418,1.4151388165936418,1.3963121099243634,1.4120010137557983,784142,0.0,0.0
1996-07-11 00:00:00-04:00,1.4151386570109137,1.4276897565891395,1.405725359916687,1.405725359916687,616803,0.0,0.0
1996-07-12 00:00:00-04:00,1.4057251661028576,1.4088629681542335,1.3963117599487305,1.3963117599487305,768929,0.0,0.0
1996-07-15 00:00:00-04:00,1.3994505324497413,1.408863945131604,1.3806238174438477,1.3806238174438477,1329492,0.0,0.0
1996-07-16 00:00:00-04:00,1.374347474018806,1.374347474018806,1.3304184625721287,1.3461073637008667,1773424,0.0,0.0
1996-07-17 00:00:00-04:00,1.3523828257317954,1.3806228227150048,1.3398317282234524,1.3743473291397095,518612,0.0,0.0
1996-07-18 00:00:00-04:00,1.3743483193471042,1.3868994258984226,1.3523838001139228,1.3806238174438477,624179,0.0,0.0
1996-07-19 00:00:00-04:00,1.3806226609808938,1.3806226609808938,1.355520468904824,1.3680716753005981,778610,0.0,0.0
1996-07-22 00:00:00-04:00,1.3649339265510279,1.3649339265510279,1.3492451373958576,1.3586584329605103,750490,0.0,0.0
1996-07-23 00:00:00-04:00,1.361796219277164,1.380622922073444,1.349245231223324,1.3555207252502441,652760,0.0,0.0
1996-07-24 00:00:00-04:00,1.349245231223324,1.364934021469504,1.338262868371254,1.3555207252502441,880028,0.0,0.0
1996-07-25 00:00:00-04:00,1.3680717746103577,1.3712094660793304,1.3304182630474666,1.3335561752319336,691022,0.0,0.0
1996-07-26 00:00:00-04:00,1.3366939980136072,1.368071909005528,1.3366939980136072,1.3523828983306885,649072,0.0,0.0
1996-07-29 00:00:00-04:00,1.3523828290122402,1.3649339265510279,1.3523828290122402,1.3586584329605103,709001,0.0,0.0
1996-07-30 00:00:00-04:00,1.3617971024379538,1.3806238174438477,1.358659408568498,1.3806238174438477,674888,0.0,0.0
1996-07-31 00:00:00-04:00,1.374347156584706,1.399449348449707,1.374347156584706,1.399449348449707,782759,0.0,0.0
1996-08-01 00:00:00-04:00,1.4278499948351373,1.4667914133218878,1.4278499948351373,1.4635462760925293,465599,0.4,0.0
1996-08-02 00:00:00-04:00,1.4635462760925293,1.4700364364184701,1.4603011388631706,1.4635462760925293,744958,0.0,0.0
1996-08-05 00:00:00-04:00,1.4635462760925293,1.4700364364184701,1.4603011388631706,1.4635462760925293,382160,0.0,0.0
1996-08-06 00:00:00-04:00,1.470035657035676,1.4797710635622388,1.4570553432656907,1.473280906677246,677654,0.0,0.0
1996-08-07 00:00:00-04:00,1.473281687780605,1.473281687780605,1.4570561157665884,1.4635462760925293,180708,0.0,0.0
1996-08-08 00:00:00-04:00,1.4570550957903874,1.4603001166153713,1.437584400177002,1.437584400177002,528293,0.0,0.0
1996-08-09 00:00:00-04:00,1.444075566849154,1.4635462760925293,1.4408305437525717,1.4635462760925293,496024,0.0,0.0
1996-08-12 00:00:00-04:00,1.4570558929252386,1.4570558929252386,1.4375851866597027,1.444075345993042,383082,0.0,0.0
1996-08-13 00:00:00-04:00,1.4473201342128998,1.4473201342128998,1.4213592748653727,1.4246042966842651,403826,0.0,0.0
1996-08-14 00:00:00-04:00,1.421359533417915,1.4570558071136475,1.421359533417915,1.4570558071136475,732972,0.0,0.0
1996-08-15 00:00:00-04:00,1.4570556052428654,1.4603006272024557,1.4408300389139692,1.450565218925476,843149,0.0,0.0
1996-08-16 00:00:00-04:00,1.4505655053263815,1.4505655053263815,1.444075345993042,1.444075345993042,237409,0.0,0.0
1996-08-19 00:00:00-04:00,1.447320537331817,1.4538108110427856,1.447320537331817,1.4538108110427856,185778,0.0,0.0
1996-08-20 00:00:00-04:00,1.453810495155361,1.453810495155361,1.4473202228546143,1.4473202228546143,569782,0.0,0.0
1996-08-21 00:00:00-04:00,1.4375851866597027,1.4473204827260913,1.4310949131936044,1.444075345993042,617725,0.0,0.0
1996-08-22 00:00:00-04:00,1.4408300646866057,1.4603006533233696,1.4408300646866057,1.4473202228546143,791057,0.0,0.0
1996-08-23 00:00:00-04:00,1.4505652753197522,1.4732812288491761,1.4440751170155148,1.4603006839752197,927970,0.0,0.0
1996-08-26 00:00:00-04:00,1.4603006422838407,1.470035936528626,1.4538104841648962,1.4667909145355225,569782,0.0,0.0
1996-08-27 00:00:00-04:00,1.4732811608077367,1.4732811608077367,1.4635457526018856,1.4700359106063843,314855,0.0,0.0
1996-08-28 00:00:00-04:00,1.470035657035676,1.4765259280533845,1.4635455001506834,1.473280906677246,273827,0.0,0.0
1996-08-29 00:00:00-04:00,1.466790956412198,1.4732812288491761,1.4603006839752197,1.4603006839752197,502939,0.0,0.0
1996-08-30 00:00:00-04:00,1.4570550957903874,1.4570550957903874,1.437584400177002,1.437584400177002,315316,0.0,0.0
1996-09-03 00:00:00-04:00,1.4408302385367466,1.4635459660647565,1.4310948289109549,1.4570558071136475,354500,0.0,0.0
1996-09-04 00:00:00-04:00,1.4538109785372297,1.4635462760925293,1.4343402692938545,1.4635462760925293,580846,0.0,0.0
1996-09-05 00:00:00-04:00,1.4570561157665884,1.4700364364184701,1.4570561157665884,1.4635462760925293,753256,0.0,0.0
1996-09-06 00:00:00-04:00,1.4667912995065524,1.4927522811942084,1.4667912995065524,1.4797717332839966,647689,0.0,0.0
1996-09-09 00:00:00-04:00,1.486261942040055,1.4992424903776385,1.4830169190884301,1.4895070791244507,336522,0.0,0.0
1996-09-10 00:00:00-04:00,1.4895063559560855,1.4895063559560855,1.460300364641829,1.473280906677246,506627,0.0,0.0
1996-09-11 00:00:00-04:00,1.4667909543961073,1.4959969520568848,1.457055659886762,1.4959969520568848,419039,0.0,0.0
1996-09-12 00:00:00-04:00,1.4959969821926349,1.518712822015689,1.4959969821926349,1.5089774131774902,550421,0.0,0.0
1996-09-13 00:00:00-04:00,1.5154689691068282,1.5381847140339027,1.5154689691068282,1.528449296951294,746341,0.0,0.0
1996-09-16 00:00:00-04:00,1.528449296951294,1.5446749920889753,1.528449296951294,1.528449296951294,514925,0.0,0.0
1996-09-17 00:00:00-04:00,1.5252030453753194,1.5349384546279907,1.518712886672953,1.5349384546279907,324997,0.0,0.0
1996-09-18 00:00:00-04:00,1.5284480591602714,1.5284480591602714,1.5154677418277231,1.5187128782272339,680880,0.0,0.0
1996-09-19 00:00:00-04:00,1.521957972235059,1.531693381892492,1.5187129498153338,1.5252031087875366,626945,0.0,0.0
1996-09-20 00:00:00-04:00,1.5316945501116699,1.5544102950387444,1.528449296951294,1.528449296951294,809035,0.0,0.0
1996-09-23 00:00:00-04:00,1.5316933182104335,1.5349384546279907,1.5316933182104335,1.5349384546279907,295494,0.0,0.0
1996-09-24 00:00:00-04:00,1.5349384789290699,1.5544090694771746,1.533315853628228,1.5479187965393066,377550,0.0,0.0
1996-09-25 00:00:00-04:00,1.5479187965393066,1.5544090694771746,1.5446737742031222,1.5479187965393066,442549,0.0,0.0
1996-09-26 00:00:00-04:00,1.5511644142347558,1.5901057186794434,1.5511644142347558,1.580370306968689,684107,0.0,0.0
1996-09-27 00:00:00-04:00,1.5803700045428164,1.590105414390564,1.5738798454437393,1.590105414390564,728823,0.0,0.0
1996-09-30 00:00:00-04:00,1.5836151767409008,1.5836151767409008,1.5576543114957697,1.5673896074295044,799816,0.0,0.0
1996-10-01 00:00:00-04:00,1.5738797709600125,1.5836150662142836,1.5316933393478394,1.5316933393478394,629250,0.0,0.0
1996-10-02 00:00:00-04:00,1.53169335047908,1.5706347600446606,1.53169335047908,1.5641443729400635,616342,0.0,0.0
1996-10-03 00:00:00-04:00,1.567390017493624,1.5836155910499914,1.5511645580700435,1.5771254301071167,802121,0.0,0.0
1996-10-04 00:00:00-04:00,1.5803699412369303,1.5803699412369303,1.5641443729400635,1.5641443729400635,1152472,0.0,0.0
1996-10-07 00:00:00-04:00,1.5641451388619505,1.5673902769369352,1.5479195626198339,1.5576549768447876,1103607,0.0,0.0
1996-10-08 00:00:00-04:00,1.5576542059461087,1.5608993424150426,1.5479187965393066,1.5479187965393066,953325,0.0,0.0
1996-10-09 00:00:00-04:00,1.5446737411578244,1.5446737411578244,1.5122226054282126,1.5187128782272339,1021090,0.0,0.0
1996-10-10 00:00:00-04:00,1.5187129076312282,1.5446737710644505,1.5122226347065482,1.5316933393478394,402443,0.0,0.0
1996-10-11 00:00:00-04:00,1.5381842625276863,1.5641451388619505,1.5349392385855078,1.5576549768447876,434712,0.0,0.0
1996-10-14 00:00:00-04:00,1.5576542460468088,1.5673895415714896,1.521957972235059,1.5252031087875366,1160770,0.0,0.0
1996-10-15 00:00:00-04:00,1.515467813262856,1.528448131207262,1.4992422446332199,1.5252031087875366,817333,0.0,0.0
1996-10-16 00:00:00-04:00,1.5252031087875366,1.528448131207262,1.515467813262856,1.5252031087875366,330068,0.0,0.0
1996-10-17 00:00:00-04:00,1.5284480676601286,1.5381834769128,1.5252030453753194,1.5349384546279907,723291,0.0,0.0
1996-10-18 00:00:00-04:00,1.5349384758101794,1.5349384758101794,1.5252030664231593,1.5316933393478394,756483,0.0,0.0
1996-10-21 00:00:00-04:00,1.5349383193662585,1.5576540440219093,1.531693183234669,1.5544089078903198,598824,0.0,0.0
1996-10-22 00:00:00-04:00,1.5544089078903198,1.573879610547119,1.551163885891468,1.5544089078903198,694710,0.0,0.0
1996-10-23 00:00:00-04:00,1.5446745386776555,1.560900114919772,1.5349392385855078,1.5576549768447876,640774,0.0,0.0
1996-10-24 00:00:00-04:00,1.5576540440219093,1.5641442021523504,1.5544089078903198,1.5544089078903198,483577,0.0,0.0
1996-10-25 00:00:00-04:00,1.5576549768447876,1.5673902769369352,1.5576549768447876,1.5576549768447876,397372,0.0,0.0
1996-10-28 00:00:00-05:00,1.5576549768447876,1.5673902769369352,1.5576549768447876,1.5576549768447876,565172,0.0,0.0
1996-10-29 00:00:00-05:00,1.5511648148276245,1.5673902769369352,1.5511648148276245,1.5576549768447876,616803,0.0,0.0
1996-10-30 00:00:00-05:00,1.5576543114957697,1.5673896074295044,1.5576543114957697,1.5673896074295044,448081,0.0,0.0
1996-10-31 00:00:00-05:00,1.6000325679779053,1.6167691955478605,1.6000325679779053,1.6000325679779053,1144635,0.4,0.0
1996-11-01 00:00:00-05:00,1.6033788919448853,1.6134208862022377,1.6033788919448853,1.6033788919448853,310706,0.0,0.0
1996-11-04 00:00:00-05:00,1.6033790033781312,1.63350510597229,1.6033790033781312,1.63350510597229,1092083,0.0,0.0
1996-11-05 00:00:00-05:00,1.6368520151005643,1.6937568333411284,1.633504645150333,1.6803675889968872,1810303,0.0,0.0
1996-11-06 00:00:00-05:00,1.6837151050567627,1.7037992101769857,1.6569362589870118,1.6837151050567627,1109600,0.0,0.0
1996-11-07 00:00:00-05:00,1.6803686355841145,1.6837158898907807,1.6703265194788701,1.6770211458206177,597442,0.0,0.0
1996-11-08 00:00:00-05:00,1.6770206440162956,1.7238836030280975,1.6736733907112071,1.720536231994629,979140,0.0,0.0
1996-11-11 00:00:00-05:00,1.7238840390946935,1.767399520352143,1.7205366672144873,1.7473154067993164,1142791,0.0,0.0
1996-11-12 00:00:00-05:00,1.754010364594783,1.754010364594783,1.7272316217422485,1.7272316217422485,1351619,0.0,0.0
1996-11-13 00:00:00-05:00,1.7238843452899124,1.7406210899353027,1.7238843452899124,1.7406210899353027,795206,0.0,0.0
1996-11-14 00:00:00-05:00,1.7372735997321076,1.7473157171564002,1.7339263449857742,1.7406210899353027,517690,0.0,0.0
1996-11-15 00:00:00-05:00,1.7540096228483308,1.8176091985240366,1.7540096228483308,1.7874830961227417,1120203,0.0,0.0
1996-11-18 00:00:00-05:00,1.787483906127172,1.80422065034869,1.7807892790756212,1.7841365337371826,591910,0.0,0.0
1996-11-19 00:00:00-05:00,1.7874831391221049,1.7874831391221049,1.7607044069497417,1.777441143989563,1085168,0.0,0.0
1996-11-20 00:00:00-05:00,1.774093671017977,1.78078853071292,1.750662309591758,1.7640516757965088,1365449,0.0,0.0
1996-11-21 00:00:00-05:00,1.7640517016148212,1.7707464436793685,1.7573570772786538,1.7673990726470947,1251124,0.0,0.0
1996-11-22 00:00:00-05:00,1.7774412768057606,1.8176093780657967,1.7774412768057606,1.8109146356582642,758788,0.0,0.0
1996-11-25 00:00:00-05:00,1.8176088983349232,1.851082366080988,1.8142615280146457,1.8410403728485107,1013714,0.0,0.0
1996-11-26 00:00:00-05:00,1.837693027486685,1.8443876504898071,1.8209562933863441,1.8443876504898071,1278783,0.0,0.0
1996-11-27 00:00:00-05:00,1.8376941935656268,1.8745149377676953,1.8276520760963462,1.8577783107757568,712689,0.0,0.0
1996-11-29 00:00:00-05:00,1.8544304134732565,1.8577779029566077,1.8477357876917706,1.8510831594467163,215743,0.0,0.0
1996-12-02 00:00:00-05:00,1.8477357440853925,1.8644724847367298,1.827651631758107,1.8611252307891846,856517,0.0,0.0
1996-12-03 00:00:00-05:00,1.8577771067215432,1.8745137228662205,1.8343456322079557,1.8410403728485107,731128,0.0,0.0
1996-12-04 00:00:00-05:00,1.8376934951453638,1.844388119852143,1.8142620143506696,1.8276513814926147,377089,0.0,0.0
1996-12-05 00:00:00-05:00,1.824304749179308,1.861125609653453,1.824304749179308,1.847736120223999,551804,0.0,0.0
1996-12-06 00:00:00-05:00,1.8410411776010416,1.8410411776010416,1.814262321061652,1.820957064628601,638931,0.0,0.0
1996-12-09 00:00:00-05:00,1.827650758261385,1.8577769712181682,1.8209561358374804,1.8544294834136963,470670,0.0,0.0
1996-12-10 00:00:00-05:00,1.86112435440562,1.8778610871758088,1.86112435440562,1.8711662292480469,465599,0.0,0.0
1996-12-11 00:00:00-05:00,1.8611244770418207,1.8611244770418207,1.8209562686552005,1.8410403728485107,387231,0.0,0.0
1996-12-12 00:00:00-05:00,1.84773548344292,1.84773548344292,1.8109146356582642,1.8109146356582642,764319,0.0,0.0
1996-12-13 00:00:00-05:00,1.8042194323695353,1.817608795162272,1.7807880769143334,1.7975248098373413,654143,0.0,0.0
1996-12-16 00:00:00-05:00,1.7975252087420897,1.8142618276509206,1.7774411012317684,1.7874830961227417,431486,0.0,0.0
1996-12-17 00:00:00-05:00,1.787483621466366,1.807567734879433,1.787483621466366,1.7941782474517822,735277,0.0,0.0
1996-12-18 00:00:00-05:00,1.7941781784871718,1.8109149193999992,1.7874835527590835,1.8008729219436646,654143,0.0,0.0
1996-12-19 00:00:00-05:00,1.8008726472087242,1.8376934951453638,1.7908305335559753,1.8276513814926147,1043218,0.0,0.0
1996-12-20 00:00:00-05:00,1.8477348609897917,1.8644715936420728,1.8309981283375105,1.8544294834136963,1082402,0.0,0.0
1996-12-23 00:00:00-05:00,1.8477357876917706,1.8611252747115534,1.8443884159368251,1.8510831594467163,585456,0.0,0.0
1996-12-24 00:00:00-05:00,1.8510831594467163,1.8544304134732565,1.8477357876917706,1.8510831594467163,274749,0.0,0.0
1996-12-26 00:00:00-05:00,1.8577768136906314,1.864471435546875,1.847734704313761,1.864471435546875,538435,0.0,0.0
1996-12-27 00:00:00-05:00,1.867818832397461,1.8745134543506867,1.864471462556679,1.867818832397461,339288,0.0,0.0
1996-12-30 00:00:00-05:00,1.874513586142103,1.8845556963704795,1.8510822310659172,1.8544294834136963,232338,0.0,0.0
1996-12-31 00:00:00-05:00,1.854429353034333,1.8979449255078227,1.854429353034333,1.867818832397461,472975,0.0,0.0
1997-01-02 00:00:00-05:00,1.861125290573482,1.861125290573482,1.8008729516561606,1.820957064628601,842688,0.0,0.0
1997-01-03 00:00:00-05:00,1.8209567567858356,1.8376934951453638,1.8176093855682525,1.8276513814926147,764319,0.0,0.0
1997-01-06 00:00:00-05:00,1.8343464184003937,1.8812092697844163,1.8343464184003937,1.8510831594467163,980062,0.0,0.0
1997-01-07 00:00:00-05:00,1.8510834925813626,1.8544307472102994,1.8276520038082449,1.847736120223999,644001,0.0,0.0
1997-01-08 00:00:00-05:00,1.8544300730808878,1.8577775619497863,1.8309987105540542,1.837693452835083,431486,0.0,0.0
1997-01-09 00:00:00-05:00,1.837693746785951,1.8678198564126778,1.837693746785951,1.8611252307891846,364642,0.0,0.0
1997-01-10 00:00:00-05:00,1.8510828591188797,1.897945702899668,1.8376934919998524,1.8745142221450806,624179,0.0,0.0
1997-01-13 00:00:00-05:00,1.8745148636260536,1.8745148636260536,1.8443887478666356,1.847736120223999,550882,0.0,0.0
1997-01-14 00:00:00-05:00,1.8510820741060512,1.8745134271954087,1.8510820741060512,1.864471435546875,450847,0.0,0.0
1997-01-15 00:00:00-05:00,1.8577778591132366,1.871167110360223,1.841041118461899,1.8611252307891846,670278,0.0,0.0
1997-01-16 00:00:00-05:00,1.8544296438586692,1.8577771319527652,1.8276509163894663,1.8443876504898071,644001,0.0,0.0
1997-01-17 00:00:00-05:00,1.8477354879070262,1.8778617110853204,1.8477354879070262,1.8745142221450806,1277400,0.0,0.0
1997-01-20 00:00:00-05:00,1.884556389709077,1.971587337337423,1.884556389709077,1.9448086023330688,2382390,0.0,0.0
1997-01-21 00:00:00-05:00,1.931418551877474,1.934765804273131,1.911334448861792,1.9180291891098022,1527717,0.0,0.0
1997-01-22 00:00:00-05:00,1.9079870386492839,1.9414606214576764,1.9079870386492839,1.928071141242981,1087473,0.0,0.0
1997-01-23 00:00:00-05:00,1.921376492113669,1.974933941313415,1.921376492113669,1.924723744392395,790135,0.0,0.0
1997-01-24 00:00:00-05:00,1.9314186746951172,1.9347659273036235,1.8879032135009766,1.8879032135009766,826553,0.0,0.0
1997-01-27 00:00:00-05:00,1.8778612613677979,1.894597877962142,1.8745137732292276,1.8778612613677979,1312896,0.0,0.0
1997-01-28 00:00:00-05:00,1.8879040132943075,1.8912512673208477,1.8443884159368251,1.8510831594467163,636165,0.0,0.0
1997-01-29 00:00:00-05:00,1.8611249727544399,1.8845563357806407,1.8611249727544399,1.8745142221450806,652299,0.0,0.0
1997-01-30 00:00:00-05:00,1.9149153449416039,1.9424185752868652,1.9149153449416039,1.9424185752868652,829319,0.4,0.0
1997-01-31 00:00:00-05:00,1.9424187424536101,1.973360030396767,1.921791257462681,1.9252291917800903,885099,0.0,0.0
1997-02-03 00:00:00-05:00,1.9217907190322878,1.9217907190322878,1.897725427379878,1.9217907190322876,548577,0.0,0.0
1997-02-04 00:00:00-05:00,1.921790967480252,1.9389806364735194,1.921790967480252,1.9355427026748657,337444,0.0,0.0
1997-02-05 00:00:00-05:00,1.9424193366014815,1.9492952073394938,1.9080403456521122,1.9114782810211182,498790,0.0,0.0
1997-02-06 00:00:00-05:00,1.9114774079113095,1.9424184493586638,1.8942877389180421,1.9355427026748657,975913,0.0,0.0
1997-02-07 00:00:00-05:00,1.9389807097990763,1.956170258528884,1.935542775870412,1.9527323246002197,492797,0.0,0.0
1997-02-10 00:00:00-05:00,1.9561691939750414,1.9733587333502443,1.9527312619173114,1.9596070051193237,711767,0.0,0.0
1997-02-11 00:00:00-05:00,1.959607868621979,1.9974248960942158,1.956170055962822,1.9939870834350586,1164919,0.0,0.0
1997-02-12 00:00:00-05:00,1.9871105981106878,2.0249276161193848,1.9871105981106878,2.0249276161193848,490031,0.0,0.0
1997-02-13 00:00:00-05:00,2.0386790116260594,2.066182470431879,2.0318031469246045,2.0455548763275146,673966,0.0,0.0
1997-02-14 00:00:00-05:00,2.052431917782468,2.052431917782468,2.011177068660812,2.018052816390991,421805,0.0,0.0
1997-02-18 00:00:00-05:00,2.024928155239536,2.035241956122491,2.0146144752700836,2.0283660888671875,419039,0.0,0.0
1997-02-19 00:00:00-05:00,2.0146148740917114,2.031804303805856,2.0008632577722794,2.004301071166992,661519,0.0,0.0
1997-02-20 00:00:00-05:00,1.9974256172795557,2.0146151704357607,1.9939878033791505,2.000863552093506,331451,0.0,0.0
1997-02-21 00:00:00-05:00,2.000862527351991,2.0111763265116296,1.983672982999409,1.990548849105835,572087,0.0,0.0
1997-02-24 00:00:00-05:00,1.9767971168929832,1.9939867821590478,1.9767971168929832,1.990548849105835,638931,0.0,0.0
1997-02-25 00:00:00-05:00,1.9905492136841456,2.0146145076373405,1.9802354126354864,1.9974249601364136,579463,0.0,0.0
1997-02-26 00:00:00-05:00,1.99398658444882,2.028365548831715,1.9767969208871663,2.0249276161193848,887403,0.0,0.0
1997-02-27 00:00:00-05:00,2.0214903750031135,2.024928187772495,1.9974249601364136,1.9974249601364136,490031,0.0,0.0
1997-02-28 00:00:00-05:00,1.9905486506096433,1.9974243951169417,1.9733591079711912,1.9733591079711914,357727,0.0,0.0
1997-03-03 00:00:00-05:00,1.9664844457810957,2.000863552093506,1.9596085761531958,2.000863552093506,864815,0.0,0.0
1997-03-04 00:00:00-05:00,1.9939867123143515,2.004300269285765,1.9733592356310892,1.980234980583191,462833,0.0,0.0
1997-03-05 00:00:00-05:00,1.983672982999409,1.9939867821590478,1.9767971168929832,1.990548849105835,568399,0.0,0.0
1997-03-06 00:00:00-05:00,1.9871107255352929,2.0077382022185555,1.980234980583191,1.980234980583191,609427,0.0,0.0
1997-03-07 00:00:00-05:00,1.987111812837706,2.018053105249711,1.987111812837706,2.000863552093506,504322,0.0,0.0
1997-03-10 00:00:00-05:00,2.0008628938193,2.011176694867959,1.993987147367032,1.9974249601364136,342976,0.0,0.0
1997-03-11 00:00:00-05:00,2.000863552093506,2.004301365993911,1.9905498685652006,2.000863552093506,358188,0.0,0.0
1997-03-12 00:00:00-05:00,1.9974250889513006,2.024928318361078,1.9974250889513006,2.011176824569702,822865,0.0,0.0
1997-03-13 00:00:00-05:00,2.00430111949306,2.00430111949306,1.9871115684509277,1.9871115684509277,386309,0.0,0.0
1997-03-14 00:00:00-05:00,1.990548344937212,2.0318030474727924,1.9871102918413108,2.014613628387451,604356,0.0,0.0
1997-03-17 00:00:00-05:00,2.0146137269978834,2.0489929295916998,2.0146137269978834,2.0455548763275146,520917,0.0,0.0
1997-03-18 00:00:00-05:00,2.0421169649335917,2.055868451836484,2.0111758171184544,2.014613628387451,408897,0.0,0.0
1997-03-19 00:00:00-05:00,2.0077377640225533,2.0214894927523495,2.0077377640225533,2.014613628387451,476201,0.0,0.0
1997-03-20 00:00:00-05:00,2.014613628387451,2.0214894927523495,2.004299831840104,2.014613628387451,415351,0.0,0.0
1997-03-21 00:00:00-05:00,2.0352411005686935,2.0352411005686935,2.0111758171184544,2.014613628387451,900311,0.0,0.0
1997-03-24 00:00:00-05:00,2.021490342525387,2.045555636091944,2.0146144752700836,2.0283660888671875,898928,0.0,0.0
1997-03-25 00:00:00-05:00,2.031804303805856,2.0352423590276225,2.004301071166992,2.004301071166992,377550,0.0,0.0
1997-03-26 00:00:00-05:00,2.004300903777456,2.02836632101178,2.004300903777456,2.0214905738830566,663824,0.0,0.0
1997-03-27 00:00:00-05:00,2.0214896079305205,2.0352412165303884,1.9596071878609262,1.9630451202392578,642618,0.0,0.0
1997-03-31 00:00:00-05:00,1.9664839925241064,1.9767976736752002,1.9424185752868652,1.9424185752868652,806730,0.0,0.0
1997-04-01 00:00:00-05:00,1.9424192788199603,1.9424192788199603,1.9046022327129717,1.9149160385131836,1001729,0.0,0.0
1997-04-02 00:00:00-05:00,1.9114782808507929,1.9217918451297642,1.8977265393759934,1.904602289199829,537052,0.0,0.0
1997-04-03 00:00:00-05:00,1.8942881822586062,1.9080399206716867,1.8805365647590628,1.894288182258606,466060,0.0,0.0
1997-04-04 00:00:00-05:00,1.8839748629396693,1.9149160385131836,1.8564716226328926,1.9149160385131836,597442,0.0,0.0
1997-04-07 00:00:00-04:00,1.914915349429949,1.9733598651925126,1.911477536313871,1.9492944478988647,928892,0.0,0.0
1997-04-08 00:00:00-04:00,1.942417465744121,1.963044937177054,1.942417465744121,1.9596070051193237,307480,0.0,0.0
1997-04-09 00:00:00-04:00,1.9630461670668478,1.9630461670668478,1.925229132565543,1.9286671876907349,751873,0.0,0.0
1997-04-10 00:00:00-04:00,1.9217912653465248,1.9458566847535876,1.9183534519285395,1.9389809370040894,652760,0.0,0.0
1997-04-11 00:00:00-04:00,1.9389806364735194,1.9458563831573172,1.9286669559910679,1.9355427026748657,577619,0.0,0.0
1997-04-14 00:00:00-04:00,1.9252293587332403,1.9286674142623201,1.8874124407028896,1.908039927482605,832546,0.0,0.0
1997-04-15 00:00:00-04:00,1.9046017067891614,1.9252291917800903,1.9046017067891614,1.9252291917800903,749107,0.0,0.0
1997-04-16 00:00:00-04:00,1.9321043844584296,1.9664834737777708,1.9252285182291675,1.966483473777771,1138181,0.0,0.0
1997-04-17 00:00:00-04:00,1.9664841314704116,1.9871114952300715,1.9630461972059599,1.9699220657348633,1158926,0.0,0.0
1997-04-18 00:00:00-04:00,1.973359999999315,1.9871114952300715,1.959608262941508,1.9699220657348633,963006,0.0,0.0
1997-04-21 00:00:00-04:00,1.9630462695400608,2.007739053884192,1.9630462695400608,1.9871115684509277,658292,0.0,0.0
1997-04-22 00:00:00-04:00,1.987111812837706,2.004301365993911,1.9767981293094008,2.000863552093506,751873,0.0,0.0
1997-04-23 00:00:00-04:00,2.011178202970872,2.0696226357510876,2.011178202970872,2.06274676322937,1091622,0.0,0.0
1997-04-24 00:00:00-04:00,2.0833723095421894,2.093685987157492,2.0421173572540283,2.0421173572540283,1419385,0.0,0.0
1997-04-25 00:00:00-04:00,2.0421179483646146,2.0524316289653104,2.028366213012339,2.0352420806884766,741270,0.0,0.0
1997-04-28 00:00:00-04:00,2.031803846359253,2.0421177678753906,2.024928100204327,2.031803846359253,364181,0.0,0.0
1997-04-29 00:00:00-04:00,2.0386801601117237,2.079935129734427,2.0386801601117237,2.0764973163604736,1019246,0.0,0.0
1997-04-30 00:00:00-04:00,2.0730590727070615,2.0799349406569667,2.0558695237458133,2.059307336807251,1207330,0.0,0.0
1997-05-01 00:00:00-04:00,2.0989796676773054,2.151984214782715,2.09544588206727,2.151984214782715,1857324,0.44,0.0
1997-05-02 00:00:00-04:00,2.155516697943548,2.173184871673584,2.1519831626217196,2.173184871673584,802582,0.0,0.0
1997-05-05 00:00:00-04:00,2.176717959493044,2.201453447341919,2.1696508903022766,2.201453447341919,1479774,0.0,0.0
1997-05-06 00:00:00-04:00,2.194387152235417,2.24385815098801,2.1908536159933085,2.233257293701172,2138988,0.0,0.0
1997-05-07 00:00:00-04:00,2.2367912417928757,2.2367912417928757,2.21205573786215,2.2155895233154297,1203642,0.0,0.0
1997-05-08 00:00:00-04:00,2.2085207650930823,2.21912161743963,2.197919912746535,2.201453447341919,1122969,0.0,0.0
1997-05-09 00:00:00-04:00,2.1979206825506634,2.212055074443052,2.1837860420977915,2.2049880027770996,1139103,0.0,0.0
1997-05-12 00:00:00-04:00,2.204987617583711,2.2509248181899646,2.204987617583711,2.236790180206299,1299066,0.0,0.0
1997-05-13 00:00:00-04:00,2.240323715421995,2.240323715421995,2.222655790783073,2.236790180206299,1285698,0.0,0.0
1997-05-14 00:00:00-04:00,2.240322841286309,2.257991007591855,2.240322841286309,2.254457473754883,1715339,0.0,0.0
1997-05-15 00:00:00-04:00,2.247390406080939,2.257991007591855,2.233255773612365,2.254457473754883,1116054,0.0,0.0
1997-05-16 00:00:00-04:00,2.257992916886739,2.257992916886739,2.236791198816649,2.2403247356414795,779532,0.0,0.0
1997-05-19 00:00:00-04:00,2.2367912527394744,2.2438585751200626,2.2297239303588867,2.2297239303588867,850985,0.0,0.0
1997-05-20 00:00:00-04:00,2.226190339781604,2.2438585210268633,2.2226568029567733,2.2403247356414795,1637893,0.0,0.0
1997-05-21 00:00:00-04:00,2.240324789649489,2.2438585751200626,2.222656856538858,2.2297239303588867,836234,0.0,0.0
1997-05-22 00:00:00-04:00,2.2367908299432804,2.24385815098801,2.2191226516117135,2.233257293701172,953325,0.0,0.0
1997-05-23 00:00:00-04:00,2.22972441262544,2.265061032171329,2.22972441262544,2.257993459701538,559640,0.0,0.0
1997-05-27 00:00:00-04:00,2.25445867133286,2.2791941670122924,2.247391599904858,2.2685933113098145,577619,0.0,0.0
1997-05-28 00:00:00-04:00,2.2615259913213372,2.2791941670122924,2.25445867133286,2.2685933113098145,364642,0.0,0.0
1997-05-29 00:00:00-04:00,2.2615272459364335,2.2615272459364335,2.243859060443796,2.257993459701538,679498,0.0,0.0
1997-05-30 00:00:00-04:00,2.250923939917911,2.2650585723864847,2.243856623683624,2.254457473754883,636165,0.0,0.0
1997-06-02 00:00:00-04:00,2.254458533321426,2.254458533321426,2.2367903587120654,2.24739146232605,536591,0.0,0.0
1997-06-03 00:00:00-04:00,2.2403246208468617,2.2862620885791354,2.2332575475593184,2.2756612300872803,561023,0.0,0.0
1997-06-04 00:00:00-04:00,2.268593615301762,2.2862617933602567,2.2650600791142668,2.272127151489258,482655,0.0,0.0
1997-06-05 00:00:00-04:00,2.2650601310356726,2.29686270313366,2.257992561377657,2.261526346206665,790596,0.0,0.0
1997-06-06 00:00:00-04:00,2.2650599666945843,2.30039607249726,2.2650599666945843,2.2933290004730225,609427,0.0,0.0
1997-06-09 00:00:00-04:00,2.296862555012669,2.3215980529785156,2.296862555012669,2.3215980529785156,379855,0.0,0.0
1997-06-10 00:00:00-04:00,2.3357335900288563,2.378137286093313,2.3322000522570763,2.374603748321533,1016941,0.0,0.0
1997-06-11 00:00:00-04:00,2.3781361758365795,2.417006315982342,2.3675353189097366,2.406405210494995,1212401,0.0,0.0
1997-06-12 00:00:00-04:00,2.4099394181432245,2.459410429000855,2.395805021155739,2.4594104290008545,1300910,0.0,0.0
1997-06-13 00:00:00-04:00,2.4594095462363526,2.531849019407907,2.4594095462363526,2.4770777225494385,1777112,0.0,0.0
1997-06-16 00:00:00-04:00,2.480610799702388,2.5018125058090868,2.473543481480017,2.4912116527557373,667973,0.0,0.0
1997-06-17 00:00:00-04:00,2.4841443345333665,2.505346040640066,2.4558753102042967,2.4912116527557373,829319,0.0,0.0
1997-06-18 00:00:00-04:00,2.491212168155721,2.5406829088263545,2.473543993224681,2.5336155891418457,844071,0.0,0.0
1997-06-19 00:00:00-04:00,2.5300831694729484,2.5300831694729484,2.498280589706828,2.51594877243042,1279244,0.0,0.0
1997-06-20 00:00:00-04:00,2.515947567076255,2.523014637931501,2.487678289413452,2.487678289413452,1050594,0.0,0.0
1997-06-23 00:00:00-04:00,2.4806120895129964,2.4947464847465968,2.4417419433593754,2.441741943359375,1190273,0.0,0.0
1997-06-24 00:00:00-04:00,2.441741369923267,2.4770777225494385,2.4382078340848437,2.4770777225494385,810418,0.0,0.0
1997-06-25 00:00:00-04:00,2.487679471449884,2.5300831595320106,2.4735450744628906,2.4735450744628906,771695,0.0,0.0
1997-06-26 00:00:00-04:00,2.4664774457188536,2.4664774457188536,2.4311410847940396,2.441741943359375,822865,0.0,0.0
1997-06-27 00:00:00-04:00,2.4452746287993956,2.487678043989343,2.4452746287993956,2.454108715057373,1137720,0.0,0.0
1997-06-30 00:00:00-04:00,2.4523419655677783,2.4735436733188023,2.4240726904858363,2.46824312210083,555492,0.0,0.0
1997-07-01 00:00:00-04:00,2.4558765871535178,2.4753115359500573,2.4276072995652327,2.441741943359375,491875,0.0,0.0
1997-07-02 00:00:00-04:00,2.44527530670166,2.4523426273793976,2.427606880727067,2.44527530670166,644923,0.0,0.0
1997-07-03 00:00:00-04:00,2.4452742592021415,2.48061059889305,2.4452742592021415,2.4664759635925293,587300,0.0,0.0
1997-07-07 00:00:00-04:00,2.473543741723579,2.4894451472568093,2.441740930657117,2.4523420333862305,454996,0.0,0.0
1997-07-08 00:00:00-04:00,2.452341574899285,2.4841441314595385,2.4311396219653902,2.43290638923645,989282,0.0,0.0
1997-07-09 00:00:00-04:00,2.4329071839733265,2.4594094473776673,2.38166942501284,2.383436441421509,1054742,0.0,0.0
1997-07-10 00:00:00-04:00,2.3834358901141663,2.4028708290698013,2.3145299714892635,2.332198143005371,1905267,0.0,0.0
1997-07-11 00:00:00-04:00,2.3463331036569315,2.3816694553122657,2.3463331036569315,2.378135919570923,1029388,0.0,0.0
1997-07-14 00:00:00-04:00,2.3781360746529336,2.436440909550099,2.3781360746529336,2.4276068210601807,2032500,0.0,0.0
1997-07-15 00:00:00-04:00,2.4346746001264195,2.494746208190918,2.4293740471510743,2.494746208190918,2423418,0.0,0.0
1997-07-16 00:00:00-04:00,2.4947461497370034,2.583087040186091,2.4876788287889746,2.567185878753662,2899620,0.0,0.0
1997-07-17 00:00:00-04:00,2.5724862634424523,2.5742530315945493,2.5300825849895427,2.5371499061584473,3562061,0.0,0.0
1997-07-18 00:00:00-04:00,2.537149886312134,2.537149886312134,2.494746208190918,2.494746208190918,1217010,0.0,0.0
1997-07-21 00:00:00-04:00,2.4806112185582063,2.4912120734015297,2.468243347440616,2.487678289413452,1946295,0.0,0.0
1997-07-22 00:00:00-04:00,2.487678940041803,2.551284334297575,2.4806118673382325,2.5459840297698975,1188429,0.0,0.0
1997-07-23 00:00:00-04:00,2.5548171916413622,2.561884510339546,2.5300817004779343,2.540682554244995,987438,0.0,0.0
1997-07-24 00:00:00-04:00,2.5442164021331117,2.572485429079402,2.5265482292216257,2.5583510398864746,531520,0.0,0.0
1997-07-25 00:00:00-04:00,2.554817590405131,2.572485765628078,2.5459835027936575,2.556584358215332,288118,0.0,0.0
1997-07-28 00:00:00-04:00,2.5618848438370816,2.577786002277417,2.5477502046007148,2.5530507564544678,741731,0.0,0.0
1997-07-29 00:00:00-04:00,2.553051316648353,2.553051316648353,2.5300825849895427,2.5371499061584473,1102685,0.0,0.0
1997-07-30 00:00:00-04:00,2.540683273564594,2.568952307800443,2.540683273564594,2.5548179149627686,739426,0.0,0.0
1997-07-31 00:00:00-04:00,2.609857664310205,2.635161051221521,2.5917838528402743,2.6116652488708496,750029,0.44,0.0
1997-08-01 00:00:00-04:00,2.6098585933867056,2.6261253346208737,2.5339486598968506,2.5339486598968506,1318428,0.0,0.0
1997-08-04 00:00:00-04:00,2.5357565147454193,2.5954002278583785,2.5321418521246613,2.589977979660034,820099,0.0,0.0
1997-08-05 00:00:00-04:00,2.573710939779895,2.5755182705258095,2.537563307793087,2.5592517852783203,744958,0.0,0.0
1997-08-06 00:00:00-04:00,2.5628671284375155,2.5881705284118652,2.5484082243573125,2.5881705284118652,1407860,0.0,0.0
1997-08-07 00:00:00-04:00,2.588168976116237,2.615279691057129,2.588168976116237,2.600820541381836,1632822,0.0,0.0
1997-08-08 00:00:00-04:00,2.595400912110015,2.595400912110015,2.5303351879119873,2.5303351879119873,493258,0.0,0.0
1997-08-11 00:00:00-04:00,2.5303339980229165,2.550215146863864,2.5267190818818275,2.5339486598968506,685029,0.0,0.0
1997-08-12 00:00:00-04:00,2.544793040267363,2.5574448660588676,2.5122603188045707,2.5140676498413086,800738,0.0,0.0
1997-08-13 00:00:00-04:00,2.5194902663280048,2.5231049289310348,2.4941868653051764,2.5014164447784424,722830,0.0,0.0
1997-08-14 00:00:00-04:00,2.4941874036884464,2.5538308751160304,2.4941874036884464,2.539371967315674,1199032,0.0,0.0
1997-08-15 00:00:00-04:00,2.5158757368780225,2.5158757368780225,2.4724987618932084,2.4851503372192383,930736,0.0,0.0
1997-08-18 00:00:00-04:00,2.477920890937714,2.483342885971069,2.439965908635193,2.4833428859710693,509854,0.0,0.0
1997-08-19 00:00:00-04:00,2.5086464881896973,2.528527644717508,2.5014169073794243,2.5086464881896973,522300,0.0,0.0
1997-08-20 00:00:00-04:00,2.508644665040277,2.573710336511959,2.506837080450925,2.5719027519226074,725596,0.0,0.0
1997-08-21 00:00:00-04:00,2.573712286525819,2.573712286525819,2.539371967315674,2.539371967315674,791057,0.0,0.0
1997-08-22 00:00:00-04:00,2.5393705188883535,2.5628663260124207,2.532140941978211,2.5574443340301514,541662,0.0,0.0
1997-08-25 00:00:00-04:00,2.559252003389117,2.5953996384565863,2.559252003389117,2.5773258209228516,381699,0.0,0.0
1997-08-26 00:00:00-04:00,2.5700962543487553,2.5917847337776747,2.5592520146342954,2.570096254348755,892935,0.0,0.0
1997-08-27 00:00:00-04:00,2.5628673527176677,2.6008223288670878,2.5484084473721453,2.5990149974823,840844,0.0,0.0
1997-08-28 00:00:00-04:00,2.595400795725259,2.638778028001217,2.588171214634722,2.602630376815796,1471015,0.0,0.0
1997-08-29 00:00:00-04:00,2.6026295432626703,2.624318025320773,2.5917850479664373,2.6044368743896484,712689,0.0,0.0
1997-09-02 00:00:00-04:00,2.604437638391024,2.647814615231692,2.604437638391024,2.646007537841797,709462,0.0,0.0
1997-09-03 00:00:00-04:00,2.6351615920028784,2.6911906224714546,2.6351615920028784,2.6785387992858887,1155699,0.0,0.0
1997-09-04 00:00:00-04:00,2.685767757812534,2.718300465083794,2.674923522055447,2.705648899078369,994353,0.0,0.0
1997-09-05 00:00:00-04:00,2.7056508753205777,2.718302450566876,2.6568513973693344,2.6658883094787598,1450271,0.0,0.0
1997-09-08 00:00:00-04:00,2.673116322399324,2.703841700923301,2.669501407458987,2.685767889022827,650455,0.0,0.0
1997-09-09 00:00:00-04:00,2.6785390243010596,2.6929981793657674,2.674924362668452,2.6821539402008057,421805,0.0,0.0
1997-09-10 00:00:00-04:00,2.682154801869447,2.687576796060228,2.6532364824497368,2.6695029735565186,1364527,0.0,0.0
1997-09-11 00:00:00-04:00,2.6676941134279675,2.673116358778731,2.6369684802187634,2.6568496227264404,683646,0.0,0.0
1997-09-12 00:00:00-04:00,2.646006801504957,2.669502615043974,2.6243180648529583,2.6676952838897705,907226,0.0,0.0
1997-09-15 00:00:00-04:00,2.6604653563231673,2.6839614210499576,2.655043363571167,2.655043363571167,373401,0.0,0.0
1997-09-16 00:00:00-04:00,2.665887995108322,2.7164947986602783,2.665887995108322,2.7164947986602783,549038,0.0,0.0
1997-09-17 00:00:00-04:00,2.7092646465612114,2.7273384648301193,2.689383497318845,2.700227737426758,529215,0.0,0.0
1997-09-18 00:00:00-04:00,2.7038428801696783,2.7255313622025716,2.7020355490448007,2.7074575424194336,524144,0.0,0.0
1997-09-19 00:00:00-04:00,2.7038435813114425,2.743605893438358,2.6875770884350687,2.7183024883270264,1112366,0.0,0.0
1997-09-22 00:00:00-04:00,2.7255311979452275,2.760775169825046,2.7219165359133144,2.741797685623169,303331,0.0,0.0
1997-09-23 00:00:00-04:00,2.738183657277217,2.747220568715539,2.687576851515722,2.7146875858306885,592371,0.0,0.0
1997-09-24 00:00:00-04:00,2.6966123713420953,2.7616780492668216,2.669501651017868,2.674923896789551,826553,0.0,0.0
1997-09-25 00:00:00-04:00,2.6676942378379622,2.70022694865851,2.6351612727503286,2.644198179244995,891091,0.0,0.0
1997-09-26 00:00:00-04:00,2.6441992388872606,2.6803468793518124,2.6207034251456145,2.6496214866638184,874957,0.0,0.0
1997-09-29 00:00:00-04:00,2.649621570505758,2.6893838745680876,2.649621570505758,2.676732301712036,927970,0.0,0.0
1997-09-30 00:00:00-04:00,2.6713109016418457,2.6966143096524826,2.6532370751010017,2.6713109016418457,786447,0.0,0.0
1997-10-01 00:00:00-04:00,2.671309925258749,2.729146301610202,2.671309925258749,2.6893837451934814,1197188,0.0,0.0
1997-10-02 00:00:00-04:00,2.689383070079358,2.777944816381384,2.689383070079358,2.774329900741577,973147,0.0,0.0
1997-10-03 00:00:00-04:00,2.7671008532897976,2.7942115790835027,2.687576006774833,2.734567880630493,1325804,0.0,0.0
1997-10-06 00:00:00-04:00,2.759871297866501,2.8303589820861816,2.759871297866501,2.8303589820861816,714533,0.0,0.0
1997-10-07 00:00:00-04:00,2.8285510284144255,2.884579793947853,2.817706537958157,2.8683133125305176,573931,0.0,0.0
1997-10-08 00:00:00-04:00,2.861084938049316,2.891810329194908,2.841203787645276,2.8610849380493164,1411548,0.0,0.0
1997-10-09 00:00:00-04:00,2.853855564490797,2.989409219166491,2.846626239655181,2.978564977645874,1665553,0.0,0.0
1997-10-10 00:00:00-04:00,2.949647750566685,2.949647750566685,2.8863893604758246,2.8954262733459473,3626138,0.0,0.0
1997-10-13 00:00:00-04:00,2.8954263316664393,2.978565880892737,2.8466271028917536,2.8628933429718018,2627636,0.0,0.0
1997-10-14 00:00:00-04:00,2.884580379171449,2.893617286873702,2.8737361407821695,2.8918097019195557,2876109,0.0,0.0
1997-10-15 00:00:00-04:00,2.8918100493723573,2.9207283609078156,2.8918100493723573,2.9008469581604004,1741155,0.0,0.0
1997-10-16 00:00:00-04:00,2.9225352810562044,2.9785640568139233,2.9098834579708392,2.9388017654418945,1312435,0.0,0.0
1997-10-17 00:00:00-04:00,2.9315712818527455,2.933378611943909,2.852046469438229,2.877349853515625,1363605,0.0,0.0
1997-10-20 00:00:00-04:00,2.8773523701908474,2.8791597018627932,2.859278544936876,2.8647007942199707,810879,0.0,0.0
1997-10-21 00:00:00-04:00,2.8592781551013156,2.9767580032348633,2.8592781551013156,2.9767580032348633,1431831,0.0,0.0
1997-10-22 00:00:00-04:00,2.9767564647202565,2.9803711257031114,2.9442234988061924,2.971334218978882,1756828,0.0,0.0
1997-10-23 00:00:00-04:00,2.971332812908894,2.971332812908894,2.897230263689835,2.9062671661376953,1172756,0.0,0.0
1997-10-24 00:00:00-04:00,2.9207280072463004,2.922535337931635,2.8845803764711273,2.888195037841797,1921401,0.0,0.0
1997-10-27 00:00:00-05:00,2.8809660908895807,2.881869756429876,2.759871603016699,2.76167893409729,570243,0.0,0.0
1997-10-28 00:00:00-05:00,2.768908405338534,2.852047920227051,2.6803466431512843,2.852047920227051,1848565,0.0,0.0
1997-10-29 00:00:00-05:00,2.853854299761822,2.9116906526860404,2.7942108706967264,2.83758807182312,1198571,0.0,0.0
1997-10-30 00:00:00-05:00,2.879027407339835,2.903019150947807,2.8384255756713475,2.8642630577087402,1210096,0.44,0.0
1997-10-31 00:00:00-05:00,2.86610951450515,2.8808738691742777,2.8125890533722298,2.8531908988952637,1854097,0.0,0.0
1997-11-03 00:00:00-05:00,2.856880862646999,2.893791476829112,2.8494989475178114,2.871645212173462,2141293,0.0,0.0
1997-11-04 00:00:00-05:00,2.8716447195789567,2.8937909804356945,2.853189415653676,2.8900997638702393,1451193,0.0,0.0
1997-11-05 00:00:00-05:00,2.8919455019699662,2.895636458901423,2.877181154976142,2.8900997638702393,1104529,0.0,0.0
1997-11-06 00:00:00-05:00,2.8753370779032617,2.912247703743467,2.8753370779032617,2.8937923908233643,1244209,0.0,0.0
1997-11-07 00:00:00-05:00,2.871645212631351,2.8827183449609417,2.8439622519903525,2.875336170196533,1088395,0.0,0.0
1997-11-10 00:00:00-05:00,2.875336289558157,2.9030192513483373,2.8697995933464995,2.8771817684173584,1184280,0.0,0.0
1997-11-11 00:00:00-05:00,2.8974815828594265,2.952847223266132,2.8974815828594265,2.899326801300049,1085629,0.0,0.0
1997-11-12 00:00:00-05:00,2.8734918115142554,2.8845649481602056,2.779369760572461,2.8052072525024414,1045984,0.0,0.0
1997-11-13 00:00:00-05:00,2.807052351230013,2.8476539333023068,2.8052068719783834,2.8181254863739014,1322577,0.0,0.0
1997-11-14 00:00:00-05:00,2.821816370104231,2.8236618493069585,2.7885969655528187,2.7978246212005615,1534632,0.0,0.0
1997-11-17 00:00:00-05:00,2.8052072525024414,2.834735703436357,2.790442897218411,2.8052072525024414,1956898,0.0,0.0
1997-11-18 00:00:00-05:00,2.8052067442837187,2.8052067442837187,2.757222728120947,2.7701416015625,2037110,0.0,0.0
1997-11-19 00:00:00-05:00,2.7701423645646326,2.7830609819303644,2.7424593905230625,2.755378007888794,1070877,0.0,0.0
1997-11-20 00:00:00-05:00,2.760913013944939,2.7756771019353335,2.7516853615881884,2.7590675354003906,1578887,0.0,0.0
1997-11-21 00:00:00-05:00,2.760913870514744,2.7646048287489546,2.742458560075508,2.7535316944122314,1765126,0.0,0.0
1997-11-24 00:00:00-05:00,2.753531237989201,2.7756775029917016,2.7443035842991508,2.7461490631103516,1762360,0.0,0.0
1997-11-25 00:00:00-05:00,2.7535313163081074,2.777523320438263,2.746149141219286,2.76275897026062,1464100,0.0,0.0
1997-11-26 00:00:00-05:00,2.7590691069209012,2.77198772372498,2.7572233676910405,2.75722336769104,1163075,0.0,0.0
1997-11-28 00:00:00-05:00,2.7719875109972016,2.807052659161222,2.7719875109972016,2.788597345352173,507549,0.0,0.0
1997-12-01 00:00:00-05:00,2.7959800268375505,2.8088986449790854,2.759069392565525,2.777524709701538,1162153,0.0,0.0
1997-12-02 00:00:00-05:00,2.7849064581482192,2.812589432155415,2.773833320472175,2.80151629447937,1288925,0.0,0.0
1997-12-03 00:00:00-05:00,2.801515298303424,2.8421168752230113,2.7978243402685803,2.8236615657806396,1391725,0.0,0.0
1997-12-04 00:00:00-05:00,2.8162803891483916,2.845808840082307,2.8052072525024414,2.8052072525024414,762015,0.0,0.0
1997-12-05 00:00:00-05:00,2.8015149423464423,2.8328888605585125,2.794132767580648,2.8144338130950928,413968,0.0,0.0
1997-12-08 00:00:00-05:00,2.8107436180693766,2.823662233882055,2.773832990451279,2.788597345352173,690561,0.0,0.0
1997-12-09 00:00:00-05:00,2.7959795228026203,2.803361440618929,2.7682965520890472,2.788597345352173,452230,0.0,0.0
1997-12-10 00:00:00-05:00,2.777520777632352,2.786748423137003,2.7682931321277007,2.7793662548065186,1060735,0.0,0.0
1997-12-11 00:00:00-05:00,2.7719862840481477,2.7719862840481477,2.7387668896760604,2.749840021133423,965311,0.0,0.0
1997-12-12 00:00:00-05:00,2.7535320986124128,2.771987411760766,2.73138582668804,2.73323130607605,1562752,0.0,0.0
1997-12-15 00:00:00-05:00,2.7350761263503127,2.760913610458374,2.731385168463761,2.760913610458374,1698283,0.0,0.0
1997-12-16 00:00:00-05:00,2.762760068807441,2.7756786856241225,2.705548643479889,2.7073941230773926,1414314,0.0,0.0
1997-12-17 00:00:00-05:00,2.7147765144986273,2.74615044902483,2.7147765144986273,2.7184674739837646,499251,0.0,0.0
1997-12-18 00:00:00-05:00,2.7221568002407364,2.7221568002407364,2.6778642744568177,2.696319580078125,989743,0.0,0.0
1997-12-19 00:00:00-05:00,2.6723303120317974,2.6778667530622475,2.6298829659603626,2.6594114303588867,1440129,0.0,0.0
1997-12-22 00:00:00-05:00,2.6575644928904283,2.6575644928904283,2.6206538677215576,2.6206538677215576,1948139,0.0,0.0
1997-12-23 00:00:00-05:00,2.6206539842551546,2.629881640957702,2.5634425646261882,2.5726702213287354,1798317,0.0,0.0
1997-12-24 00:00:00-05:00,2.5689790028672372,2.5837433574449657,2.5689790028672372,2.5726702213287354,832546,0.0,0.0
1997-12-26 00:00:00-05:00,2.5874345785817248,2.5985077158205296,2.5689792633056645,2.568979263305664,728823,0.0,0.0
1997-12-29 00:00:00-05:00,2.5911254363715885,2.5911254363715885,2.5689789053457046,2.570824384689331,1471937,0.0,0.0
1997-12-30 00:00:00-05:00,2.568977712009398,2.568977712009398,2.524685189800548,2.563441276550293,2031117,0.0,0.0
1997-12-31 00:00:00-05:00,2.567132689416485,2.6354172229766846,2.556059556897811,2.6354172229766846,657831,0.0,0.0
1998-01-02 00:00:00-05:00,2.6280369872795193,2.6298824672730565,2.574516509661657,2.5818986892700195,1398179,0.0,0.0
1998-01-05 00:00:00-05:00,2.6188083877511215,2.6261903050757978,2.598507336205898,2.624344825744629,2417886,0.0,0.0
1998-01-06 00:00:00-05:00,2.624345204822913,2.6704834929372745,2.624345204822913,2.6649467945098877,1528178,0.0,0.0
1998-01-07 00:00:00-05:00,2.6631012925706004,2.6870933060424558,2.652028155442881,2.668637990951538,2025124,0.0,0.0
1998-01-08 00:00:00-05:00,2.698165079218553,2.7147749063307627,2.6704821205762115,2.6926283836364746,1331797,0.0,0.0
1998-01-09 00:00:00-05:00,2.687092275207016,2.6889377540813046,2.5357585937363627,2.541295289993286,3060505,0.0,0.0
1998-01-12 00:00:00-05:00,2.517302722483664,2.6095795015259786,2.5154572440222975,2.58927845954895,1920018,0.0,0.0
1998-01-13 00:00:00-05:00,2.587434061483019,2.6391090377824087,2.5726699679932703,2.6298813819885254,1931543,0.0,0.0
1998-01-14 00:00:00-05:00,2.6354182026914144,2.6723290908653374,2.6298817641909342,2.666792392730713,1273251,0.0,0.0
1998-01-15 00:00:00-05:00,2.666791181519733,2.696319619013415,2.6594090072378056,2.6778643131256104,861588,0.0,0.0
1998-01-16 00:00:00-05:00,2.687092319813673,2.7498404200195323,2.687092319813673,2.729539632797241,1144635,0.0,0.0
1998-01-20 00:00:00-05:00,2.7221578273018303,2.7221578273018303,2.616962649424198,2.6206538677215576,1266797,0.0,0.0
1998-01-21 00:00:00-05:00,2.6280352672101546,2.6612546642541144,2.6280352672101546,2.650181531906128,2220122,0.0,0.0
1998-01-22 00:00:00-05:00,2.646490454288147,2.664945762386219,2.6280354058241326,2.64095401763916,1849487,0.0,0.0
1998-01-23 00:00:00-05:00,2.6391084803546887,2.6612547457286717,2.6077343015018184,2.6095800399780273,2589374,0.0,0.0
1998-01-26 00:00:00-05:00,2.598507121804135,2.6280358272029236,2.5837430287388403,2.616962432861328,1400945,0.0,0.0
1998-01-27 00:00:00-05:00,2.6169636544001986,2.6188093940747468,2.6021995544433594,2.6021995544433594,1661865,0.0,0.0
1998-01-28 00:00:00-05:00,2.602198264928024,2.6280357515915425,2.591125130539114,2.592970609664917,1317045,0.0,0.0
1998-01-29 00:00:00-05:00,2.6021982845940372,2.7276942413402696,2.598507066680443,2.6889381408691406,1692290,0.0,0.0
1998-01-30 00:00:00-05:00,2.6815557097984746,2.696319799717775,2.6427993571294555,2.650181531906128,894779,0.0,0.0
1998-02-02 00:00:00-05:00,2.664945407480924,2.7553764570450925,2.664945407480924,2.749840021133423,1218854,0.0,0.0
1998-02-03 00:00:00-05:00,2.742455672787914,2.7793662548065186,2.742455672787914,2.7793662548065186,990665,0.0,0.0
1998-02-04 00:00:00-05:00,2.7793692030969748,2.7793692030969748,2.74061310279263,2.7424585819244385,644001,0.0,0.0
1998-02-05 00:00:00-05:00,2.8055765494775544,2.856518329005109,2.8055765494775544,2.816896915435791,1028005,0.44,0.0
1998-02-06 00:00:00-05:00,2.8433111039588392,2.84897141930374,2.8225570567458123,2.8263304233551025,1117898,0.0,0.0
1998-02-09 00:00:00-05:00,2.8301029123996737,2.882931350748705,2.8301029123996737,2.841423273086548,822404,0.0,0.0
1998-02-10 00:00:00-05:00,2.843311456473045,2.843311456473045,2.8018033569008103,2.8074634075164795,1636510,0.0,0.0
1998-02-11 00:00:00-05:00,2.8093491640405865,2.8093491640405865,2.7848214921572785,2.7904818058013916,1122047,0.0,0.0
1998-02-12 00:00:00-05:00,2.788595616843587,2.788595616843587,2.7433138916551365,2.762181520462036,1431370,0.0,0.0
1998-02-13 00:00:00-05:00,2.7640690142648103,2.7678426476675537,2.743314959558437,2.7489752769470215,1566901,0.0,0.0
1998-02-17 00:00:00-05:00,2.777274495775423,2.877271600615513,2.777274495775423,2.7904818058013916,1943529,0.0,0.0
1998-02-18 00:00:00-05:00,2.762181892193248,2.8074633580446666,2.7489745767940894,2.7867093086242676,907687,0.0,0.0
1998-02-19 00:00:00-05:00,2.7867086702251953,2.80746271489111,2.7621812594130897,2.7848219871520996,1336868,0.0,0.0
1998-02-20 00:00:00-05:00,2.799916673362254,2.813123723563147,2.786709357730362,2.8074634075164795,2086896,0.0,0.0
1998-02-23 00:00:00-05:00,2.7999164791678655,2.8376509436148316,2.7999164791678655,2.822557210922241,933963,0.0,0.0
1998-02-24 00:00:00-05:00,2.8150102820094287,2.8565183797371434,2.8093502316452783,2.837651014328003,1243287,0.0,0.0
1998-02-25 00:00:00-05:00,2.8395380352528123,2.907460499362715,2.837651086319237,2.879159450531006,1332719,0.0,0.0
1998-02-26 00:00:00-05:00,2.8867073792973286,2.918782073840331,2.8829340107304358,2.9168953895568848,710845,0.0,0.0
1998-02-27 00:00:00-05:00,2.9150082417706056,2.9357625637715916,2.890480816890208,2.899914503097534,859283,0.0,0.0
1998-03-02 00:00:00-05:00,2.8961408872107315,2.8961408872107315,2.8546327738150308,2.888594150543213,514925,0.0,0.0
1998-03-03 00:00:00-05:00,2.8735001463460015,2.903687889309337,2.8565194579819106,2.888594150543213,518151,0.0,0.0
1998-03-04 00:00:00-05:00,2.901800595719692,2.941422016627405,2.894253595206073,2.918781280517578,980523,0.0,0.0
1998-03-05 00:00:00-05:00,2.9055720393796265,2.9074589873318906,2.877271270696792,2.886704683303833,651377,0.0,0.0
1998-03-06 00:00:00-05:00,2.8791579532182,2.943307016962069,2.8697242751803036,2.886704683303833,1026622,0.0,0.0
1998-03-09 00:00:00-05:00,2.8867061274837167,2.913120757721735,2.862178711572965,2.8753857612609863,695632,0.0,0.0
1998-03-10 00:00:00-05:00,2.8753848089747693,2.9451941975185507,2.8716114432938733,2.9131197929382324,648611,0.0,0.0
1998-03-11 00:00:00-05:00,2.9055731419546422,2.9263274538583177,2.8923660938622633,2.8942527770996094,468365,0.0,0.0
1998-03-12 00:00:00-05:00,2.8867058430609904,2.926327519083167,2.8791591099433975,2.9036865234375,1223925,0.0,0.0
1998-03-13 00:00:00-05:00,2.899914338261952,2.939535764994363,2.860292911529541,2.860292911529541,678115,0.0,0.0
1998-03-16 00:00:00-05:00,2.8602919312848103,2.8829326629638667,2.8489715654452823,2.882932662963867,630633,0.0,0.0
1998-03-17 00:00:00-05:00,2.877273573699735,2.9584031105041504,2.8697265721425396,2.9584031105041504,883255,0.0,0.0
1998-03-18 00:00:00-05:00,2.945195643938575,2.9697230637719034,2.9074609068740416,2.967836380004883,849602,0.0,0.0
1998-03-19 00:00:00-05:00,2.9829292793446505,2.986702645485108,2.939534241574724,2.9602882862091064,789674,0.0,0.0
1998-03-20 00:00:00-05:00,2.9885891545943326,3.0074565150602472,2.952741382053828,2.969721794128418,976835,0.0,0.0
1998-03-23 00:00:00-05:00,2.9621764434906805,2.9621764434906805,2.931988705755459,2.9489691257476807,1329031,0.0,0.0
1998-03-24 00:00:00-05:00,2.928214887047228,2.9395352548015454,2.91878120301346,2.920667886734009,626023,0.0,0.0
1998-03-25 00:00:00-05:00,2.920667544020283,2.9376482263747423,2.864065446459413,2.9225544929504395,1048289,0.0,0.0
1998-03-26 00:00:00-05:00,2.9319885199193503,2.9319885199193503,2.913121151851813,2.920667886734009,1085168,0.0,0.0
1998-03-27 00:00:00-05:00,2.922555509253769,2.922555509253769,2.867840076165059,2.899914503097534,746341,0.0,0.0
1998-03-30 00:00:00-05:00,2.8923664571140484,2.898026772967921,2.8546317259042038,2.864065408706665,1987323,0.0,0.0
1998-03-31 00:00:00-05:00,2.85651728749014,2.9263266720695267,2.852743922023529,2.87349796295166,1146940,0.0,0.0
1998-04-01 00:00:00-05:00,2.8772726223314593,2.8791593057391607,2.82067052751454,2.822557210922241,1270946,0.0,0.0
1998-04-02 00:00:00-05:00,2.8112377011779244,2.8716131811969636,2.771616275825988,2.867839813232422,2634551,0.0,0.0
1998-04-03 00:00:00-05:00,2.867838607208774,2.867838607208774,2.8187832517128055,2.835763931274414,1567823,0.0,0.0
1998-04-06 00:00:00-04:00,2.8357647546436926,2.837651438380351,2.796143334449757,2.811237335205078,2612424,0.0,0.0
1998-04-07 00:00:00-04:00,2.8150093654641872,2.8225563622567975,2.7885950094055025,2.8036890029907227,1079175,0.0,0.0
1998-04-08 00:00:00-04:00,2.8036896863647445,2.8244437335298582,2.769728325235675,2.777275323867798,1392186,0.0,0.0
1998-04-09 00:00:00-04:00,2.7716145984107556,2.8093493169429054,2.7716145984107556,2.8036890029907227,877723,0.0,0.0
1998-04-13 00:00:00-04:00,2.7999160289764404,2.8263301232991633,2.779161718535819,2.7999160289764404,1301371,0.0,0.0
1998-04-14 00:00:00-04:00,2.7961430204180315,2.8282174366320643,2.788596020887966,2.8131237030029297,1557681,0.0,0.0
1998-04-15 00:00:00-04:00,2.811236626979631,2.818783360025042,2.7659549015523672,2.7735016345977783,4621413,0.0,0.0
1998-04-16 00:00:00-04:00,2.762181463047341,2.792369190735173,2.7584078311920166,2.7584078311920166,2521148,0.0,0.0
1998-04-17 00:00:00-04:00,2.77727544049213,2.782935490630677,2.6904856161556228,2.7414276599884033,2324306,0.0,0.0
1998-04-20 00:00:00-04:00,2.726333732639437,2.731994048355432,2.6640713214874268,2.6640713214874268,2148669,0.0,0.0
1998-04-21 00:00:00-04:00,2.6565240124962126,2.6565240124962126,2.6112425537736446,2.648977279663086,3503976,0.0,0.0
1998-04-22 00:00:00-04:00,2.671617065468024,2.7753875250145454,2.671617065468024,2.7093517780303955,3438055,0.0,0.0
1998-04-23 00:00:00-04:00,2.7018057408630636,2.728220102113055,2.6659576981260003,2.715012788772583,3896739,0.0,0.0
1998-04-24 00:00:00-04:00,2.7187869059615664,2.7735020560091215,2.7036929067154136,2.7470879554748535,1978564,0.0,0.0
1998-04-27 00:00:00-04:00,2.7319944689803335,2.743314571293229,2.690486100011264,2.703693151473999,3673620,0.0,0.0
1998-04-28 00:00:00-04:00,2.7338802814483643,2.76406801055298,2.728220231546167,2.7338802814483643,1884522,0.0,0.0
1998-04-29 00:00:00-04:00,2.735767158649527,2.7904825655259473,2.733880209967166,2.762181520462036,1508816,0.0,0.0
1998-04-30 00:00:00-04:00,2.828660501611219,2.871109604609991,2.828660501611219,2.8518145084381104,864815,0.44,0.0
1998-05-01 00:00:00-04:00,2.8633913993835454,2.9077699517596565,2.8556733076599325,2.863391399383545,1473320,0.0,0.0
1998-05-04 00:00:00-04:00,2.863392203534704,2.8768986642578787,2.817083911636249,2.842167377471924,2114095,0.0,0.0
1998-05-05 00:00:00-04:00,2.853744651560124,2.853744651560124,2.7958590831508725,2.8112952709198,616342,0.0,0.0
1998-05-06 00:00:00-04:00,2.8112938294855474,2.82094137403243,2.7649855613708496,2.7649855613708496,632016,0.0,0.0
1998-05-07 00:00:00-04:00,2.7649874095676807,2.8170843478129206,2.7572693144815164,2.7862119674682617,1920479,0.0,0.0
1998-05-08 00:00:00-04:00,2.786210715016247,2.8460254500113527,2.786210715016247,2.822871446609497,1303676,0.0,0.0
1998-05-11 00:00:00-04:00,2.8325183730684134,2.8537431882292275,2.830588918448789,2.8344480991363525,560562,0.0,0.0
1998-05-12 00:00:00-04:00,2.83251921133636,2.83251921133636,2.795858476920699,2.8074357509613037,1103607,0.0,0.0
1998-05-13 00:00:00-04:00,2.7958585468914015,2.7958585468914015,2.7399029877206122,2.763056993484497,1939841,0.0,0.0
1998-05-14 00:00:00-04:00,2.757269364509753,2.7977892965851923,2.755339908565327,2.772705554962158,1016480,0.0,0.0
1998-05-15 00:00:00-04:00,2.7746342426591837,2.7746342426591837,2.7534096902502068,2.7553391456604004,678115,0.0,0.0
1998-05-18 00:00:00-04:00,2.7476216098540722,2.7514805210759,2.7186789613449993,2.741832971572876,620030,0.0,0.0
1998-05-19 00:00:00-04:00,2.7399029127507446,2.761127462694955,2.730255365371704,2.730255365371704,469287,0.0,0.0
1998-05-20 00:00:00-04:00,2.7225375239330627,2.7688458099072752,2.7225375239330627,2.7534096240997314,893857,0.0,0.0
1998-05-21 00:00:00-04:00,2.761126652131422,2.7746331059177316,2.7456904722770847,2.7649855613708496,1620837,0.0,0.0
1998-05-22 00:00:00-04:00,2.7649873443713924,2.7842824459075923,2.747621970147604,2.7842824459075928,1220698,0.0,0.0
1998-05-26 00:00:00-04:00,2.784281176950738,2.8248010888682984,2.784281176950738,2.79778790473938,1566440,0.0,0.0
1998-05-27 00:00:00-04:00,2.782353274963225,2.7939305542292776,2.739904155816091,2.74762225151062,1815835,0.0,0.0
1998-05-28 00:00:00-04:00,2.751480392420521,2.7939297711180258,2.739903387847907,2.768846035003662,1406477,0.0,0.0
1998-05-29 00:00:00-04:00,2.7649874597359556,2.7862120180216374,2.7649874597359556,2.772705554962158,934424,0.0,0.0
1998-06-01 00:00:00-04:00,2.766916308034525,2.786211406138362,2.751480392420521,2.768846035003662,996197,0.0,0.0
1998-06-02 00:00:00-04:00,2.780422382616072,2.819012569705628,2.7746337459732877,2.7784929275512695,1298145,0.0,0.0
1998-06-03 00:00:00-04:00,2.7823520928043424,2.786211003287784,2.7109603487218594,2.7167487144470215,1163997,0.0,0.0
1998-06-04 00:00:00-04:00,2.724467403042621,2.7746346075471866,2.7128903976105616,2.766916513442993,931658,0.0,0.0
1998-06-05 00:00:00-04:00,2.7649854003893397,2.820941209793091,2.7649854003893397,2.820941209793091,1263570,0.0,0.0
1998-06-08 00:00:00-04:00,2.8209423947650136,2.847955583560426,2.7900702953338623,2.7900702953338623,660136,0.0,0.0
1998-06-09 00:00:00-04:00,2.778493108756581,2.8093652061519396,2.7553388321237664,2.8074357509613037,1133111,0.0,0.0
1998-06-10 00:00:00-04:00,2.799718826240228,2.8112958336600795,2.7013138559987278,2.712890863418579,2400369,0.0,0.0
1998-06-11 00:00:00-04:00,2.7167482094539954,2.724466300434631,2.641497297427416,2.6550040245056152,3860781,0.0,0.0
1998-06-12 00:00:00-04:00,2.6550039427398997,2.6550039427398997,2.570105487464217,2.6222023963928223,2414198,0.0,0.0
1998-06-15 00:00:00-04:00,2.6164143035098895,2.6164143035098895,2.537304467734266,2.539233922958374,886021,0.0,0.0
1998-06-16 00:00:00-04:00,2.562387998393788,2.6183438301086426,2.5430931741783422,2.6183438301086426,2171257,0.0,0.0
1998-06-17 00:00:00-04:00,2.6144837236630205,2.6627214407582156,2.6048361802439812,2.6337788105010986,813645,0.0,0.0
1998-06-18 00:00:00-04:00,2.6260608200340982,2.627990274500663,2.5315148366894826,2.560457468032837,3958050,0.0,0.0
1998-06-19 00:00:00-04:00,2.560458842750745,2.57396557416509,2.512221097946167,2.512221097946167,1285237,0.0,0.0
1998-06-22 00:00:00-04:00,2.5006431399502014,2.525726866263158,2.49678423041667,2.5199382305145264,747263,0.0,0.0
1998-06-23 00:00:00-04:00,2.5276569201653265,2.558529018096253,2.5218682830446033,2.539233922958374,915524,0.0,0.0
1998-06-24 00:00:00-04:00,2.465911539711405,2.467841265669322,2.433109998703003,2.433109998703003,1572894,0.0,0.0
1998-06-25 00:00:00-04:00,2.433111118791786,2.433111118791786,2.3462831828528294,2.4003095626831055,4827936,0.0,0.0
1998-06-26 00:00:00-04:00,2.398379283777026,2.4369691928290065,2.3752250126078405,2.4118857383728027,1807537,0.0,0.0
1998-06-29 00:00:00-04:00,2.415744824571904,2.4466169169409935,2.4003089141115344,2.402238368988037,1158004,0.0,0.0
1998-06-30 00:00:00-04:00,2.409957111120767,2.429252207996091,2.3983801072852575,2.4003095626831055,1466405,0.0,0.0
1998-07-01 00:00:00-04:00,2.4041676683106403,2.4408283943855738,2.4022382135589773,2.435039758682251,1635127,0.0,0.0
1998-07-02 00:00:00-04:00,2.4292521609700204,2.4292521609700204,2.4003095162173134,2.413815975189209,766624,0.0,0.0
1998-07-06 00:00:00-04:00,2.4099564646270486,2.4697711946049976,2.4099564646270486,2.4485466480255127,522761,0.0,0.0
1998-07-07 00:00:00-04:00,2.429252201139042,2.4388997495494715,2.4080276489257812,2.4080276489257812,1820906,0.0,0.0
1998-07-08 00:00:00-04:00,2.40995640666817,2.4292514979033597,2.377154588699341,2.377154588699341,3772733,0.0,0.0
1998-07-09 00:00:00-04:00,2.375224562641666,2.3868015603089288,2.3404935696398765,2.359788656234741,2137605,0.0,0.0
1998-07-10 00:00:00-04:00,2.3578598018251373,2.3578598018251373,2.3211988022285235,2.3250579833984375,776305,0.0,0.0
1998-07-13 00:00:00-04:00,2.317340726637654,2.3192704536413933,2.265244069402499,2.2710325717926025,1561369,0.0,0.0
1998-07-14 00:00:00-04:00,2.2633156762896625,2.3540027141571045,2.2633156762896625,2.3540027141571045,1834275,0.0,0.0
1998-07-15 00:00:00-04:00,2.3462830026666386,2.3520716398640586,2.284538805986707,2.2941863536834717,1114210,0.0,0.0
1998-07-16 00:00:00-04:00,2.280678968423378,2.280678968423378,2.2382300150637695,2.2536659240722656,2996427,0.0,0.0
1998-07-17 00:00:00-04:00,2.253666202574633,2.253666202574633,2.191922016013807,2.1938514709472656,3762130,0.0,0.0
1998-07-20 00:00:00-04:00,2.2092878756607592,2.217005968093872,2.1996403279814682,2.217005968093872,1725942,0.0,0.0
1998-07-21 00:00:00-04:00,2.1919209286833703,2.2034979239895636,2.180343797653065,2.1861324310302734,2144981,0.0,0.0
1998-07-22 00:00:00-04:00,2.1784151015184694,2.197710055166546,2.159120012146233,2.1649086475372314,1630517,0.0,0.0
1998-07-23 00:00:00-04:00,2.1610499511799808,2.172627088832763,2.1070237159729004,2.1070237159729004,2853521,0.0,0.0
1998-07-24 00:00:00-04:00,2.1147422786226864,2.122460372109765,2.0722931716164137,2.0800111293792725,1416158,0.0,0.0
1998-07-27 00:00:00-04:00,2.0722922707136973,2.0722922707136973,2.0375610008450415,2.051067590713501,3574046,0.0,0.0
1998-07-28 00:00:00-04:00,2.0414209365844727,2.051068485596297,2.00668978728675,2.0414209365844727,4205140,0.0,0.0
1998-07-29 00:00:00-04:00,2.0375622029651015,2.080011452285523,1.9873949946836658,1.9893244504928589,1410626,0.0,0.0
1998-07-30 00:00:00-04:00,2.046009534215891,2.0639395713806152,2.0280796371865124,2.0639395713806152,3148093,0.44,0.0
1998-07-31 00:00:00-04:00,2.0619467698147047,2.0918300624265975,2.051985672277407,2.079876661300659,1602397,0.0,0.0
1998-08-03 00:00:00-04:00,2.079877332038195,2.0918307370189746,2.0639395988658356,2.0739006996154785,1797856,0.0,0.0
1998-08-04 00:00:00-04:00,2.0739013602367917,2.0798779945633075,2.0360491092765396,2.0400335788726807,2176328,0.0,0.0
1998-08-05 00:00:00-04:00,2.0360484335988986,2.0679238995191356,2.034056409664984,2.0639395713806152,2437709,0.0,0.0
1998-08-06 00:00:00-04:00,2.059955828415016,2.0978080801414625,2.057963663644317,2.0918314456939697,1678921,0.0,0.0
1998-08-07 00:00:00-04:00,2.091831535299152,2.135660283215134,2.091831535299152,2.1177303791046143,1609773,0.0,0.0
1998-08-10 00:00:00-04:00,2.133666598569976,2.1396433691516905,2.1097599366490227,2.1197211742401123,1419385,0.0,0.0
1998-08-11 00:00:00-04:00,2.1037835617142875,2.1037835617142875,2.0599546995585913,2.097806930541992,1740694,0.0,0.0
1998-08-12 00:00:00-04:00,2.0938230798528688,2.107768650119895,2.0081576341202236,2.071908712387085,3233376,0.0,0.0
1998-08-13 00:00:00-04:00,2.071908222994146,2.079877018310643,2.0559704922258253,2.057962656021118,1518958,0.0,0.0
1998-08-14 00:00:00-04:00,2.055970207836386,2.067923329090069,2.049993437006585,2.051985740661621,3023165,0.0,0.0
1998-08-17 00:00:00-04:00,2.059954534875845,2.075892403574906,2.049993437006585,2.051985740661621,2692636,0.0,0.0
1998-08-18 00:00:00-04:00,2.051985740661621,2.059954534875845,2.0480012734868556,2.051985740661621,4161346,0.0,0.0
1998-08-19 00:00:00-04:00,2.051985999117274,2.0878459279362467,2.028079333192851,2.030071496963501,1538781,0.0,0.0
1998-08-20 00:00:00-04:00,2.024095499269209,2.024095499269209,2.0001888275146484,2.0001888275146484,1719488,0.0,0.0
1998-08-21 00:00:00-04:00,1.9922197298504185,1.994211893946536,1.9165153921677425,1.9444063901901245,2871960,0.0,0.0
1998-08-24 00:00:00-04:00,1.9523753268452892,1.9742896924439715,1.9264764929190248,1.9444063901901245,960701,0.0,0.0
1998-08-25 00:00:00-04:00,1.944406907122414,1.9942124241199222,1.9404224377355364,1.946399211883545,1542930,0.0,0.0
1998-08-26 00:00:00-04:00,1.9463989506606343,1.9523755838711445,1.9384301530917425,1.9404221773147583,2073528,0.0,0.0
1998-08-27 00:00:00-04:00,1.9364381656552978,1.9404224950244238,1.8965937508809276,1.8985859155654907,2735047,0.0,0.0
1998-08-28 00:00:00-04:00,1.904562689889957,1.9244847571417536,1.8866325070519465,1.8985859155654907,1636971,0.0,0.0
1998-08-31 00:00:00-04:00,1.9065535209504672,1.9125301509589239,1.860732504038577,1.8667089939117432,1955515,0.0,0.0
1998-09-01 00:00:00-04:00,1.8667102042166706,1.9165158602733734,1.8328427056338588,1.9045625925064087,2365795,0.0,0.0
1998-09-02 00:00:00-04:00,1.9065536106309082,1.9125302409204936,1.8846392528573288,1.8926080465316772,1034459,0.0,0.0
1998-09-03 00:00:00-04:00,1.8926087447066844,1.9145232506997254,1.8806554797180066,1.8965932130813599,2121010,0.0,0.0
1998-09-04 00:00:00-04:00,1.8985851660095066,1.9782739640973375,1.8985851660095066,1.9503828287124634,2054166,0.0,0.0
1998-09-08 00:00:00-04:00,1.9663210712196686,2.0559709859734077,1.9663210712196686,2.053978681564331,1171373,0.0,0.0
1998-09-09 00:00:00-04:00,2.0420248739489453,2.0420248739489453,1.880655126254052,1.9185072183609009,5532327,0.0,0.0
1998-09-10 00:00:00-04:00,1.9185067723347975,1.9364368024147802,1.900576742254815,1.910537838935852,1450732,0.0,0.0
1998-09-11 00:00:00-04:00,1.9085467556667812,1.940422227029752,1.9085467556667812,1.9244844913482666,1683070,0.0,0.0
1998-09-14 00:00:00-04:00,1.940421019097864,1.9922188029872536,1.940421019097864,1.96831214427948,2196151,0.0,0.0
1998-09-15 00:00:00-04:00,1.9683133880197041,2.0081577976644995,1.9603445901719676,1.988235592842102,885099,0.0,0.0
1998-09-16 00:00:00-04:00,1.9962042281190475,2.103784181452836,1.9962042281190475,2.071908712387085,2186470,0.0,0.0
1998-09-17 00:00:00-04:00,2.063940308512371,2.063940308512371,1.9563604675081576,1.974290370941162,2190619,0.0,0.0
1998-09-18 00:00:00-04:00,1.974289614982459,1.9981962838746246,1.9673169007842755,1.9722973108291626,1575660,0.0,0.0
1998-09-21 00:00:00-04:00,1.9722981295760467,2.0081582178683237,1.9643293300608518,1.9862438440322876,1134032,0.0,0.0
1998-09-22 00:00:00-04:00,1.986242934472139,2.024095170275692,1.9722972264020555,2.014133930206299,2168491,0.0,0.0
1998-09-23 00:00:00-04:00,2.0221037168239646,2.0918314456939697,2.0201114119178705,2.0918314456939697,876801,0.0,0.0
1998-09-24 00:00:00-04:00,2.0918307091623314,2.135659439768821,2.0420252060773705,2.0639395713806152,1236833,0.0,0.0
1998-09-25 00:00:00-04:00,2.059955331994184,2.059955331994184,2.0181187608083757,2.0499942302703857,1095770,0.0,0.0
1998-09-28 00:00:00-04:00,2.055971004157763,2.0878464736313203,2.055971004157763,2.0818698406219482,1026622,0.0,0.0
1998-09-29 00:00:00-04:00,2.081869901918928,2.0938231682896147,2.0699164954128766,2.083862066268921,666129,0.0,0.0
1998-09-30 00:00:00-04:00,2.0719080426516263,2.0719080426516263,1.9802659936089746,1.9981958866119385,1065806,0.0,0.0
1998-10-01 00:00:00-04:00,1.9981966253322108,2.00815772739485,1.9204999731894803,1.9404221773147583,2067535,0.0,0.0
1998-10-02 00:00:00-04:00,1.9404219048985727,1.9782741434766644,1.9404219048985727,1.9483908414840698,1513887,0.0,0.0
1998-10-05 00:00:00-04:00,1.9483911831973066,1.9962043906898386,1.9264768139468174,1.988235592842102,846375,0.0,0.0
1998-10-06 00:00:00-04:00,1.996203992758059,2.0161261936090806,1.9523752629940856,1.9643285274505615,1536015,0.0,0.0
1998-10-07 00:00:00-04:00,1.9643295765863653,2.1197229383272034,1.9643295765863653,2.0998005867004395,1471476,0.0,0.0
1998-10-08 00:00:00-04:00,2.0838624641594485,2.0838624641594485,1.9882358945290226,2.0400335788726807,3195575,0.0,0.0
1998-10-09 00:00:00-04:00,2.0400329018727645,2.081869608545339,2.0400329018727645,2.0639395713806152,1221620,0.0,0.0
1998-10-12 00:00:00-04:00,2.0679242852040978,2.123706571171388,2.0679242852040978,2.1097609996795654,1540164,0.0,0.0
1998-10-13 00:00:00-04:00,2.093822906101521,2.2273015443563584,2.0878462736645704,2.1316750049591064,2224271,0.0,0.0
1998-10-14 00:00:00-04:00,2.131674881635725,2.1755037505299852,2.1197217575886933,2.127690553665161,1084707,0.0,0.0
1998-10-15 00:00:00-04:00,2.123705501114187,2.1276899681235633,2.0878455783004073,2.1197211742401123,1943990,0.0,0.0
1998-10-16 00:00:00-04:00,2.1197217763894303,2.217340334970183,2.113745004109895,2.1994104385375977,2435865,0.0,0.0
1998-10-19 00:00:00-04:00,2.2033945762769322,2.2033945762769322,2.1555812460223627,2.1874568462371826,1023856,0.0,0.0
1998-10-20 00:00:00-04:00,2.1914410217039157,2.2910518562099704,2.1914410217039157,2.22929310798645,2019592,0.0,0.0
1998-10-21 00:00:00-04:00,2.229294457669122,2.229294457669122,2.167535672054955,2.1854655742645264,1231301,0.0,0.0
1998-10-22 00:00:00-04:00,2.1774959324034255,2.1774959324034255,2.099799299173975,2.1496047973632812,1232223,0.0,0.0
1998-10-23 00:00:00-04:00,2.1496043264721787,2.1954253467417475,2.1137444036583983,2.1197211742401123,938112,0.0,0.0
1998-10-26 00:00:00-05:00,2.119721461424455,2.1396436590351344,2.1057758950699155,2.1077680587768555,508932,0.0,0.0
1998-10-27 00:00:00-05:00,2.1157371588061022,2.1675348205775924,2.1157371588061022,2.1356592178344727,849141,0.0,0.0
1998-10-28 00:00:00-05:00,2.1356596779877326,2.2033952257928764,2.1356596779877326,2.1715197563171387,841766,0.0,0.0
1998-10-29 00:00:00-05:00,2.171519754994384,2.199410755734825,2.1675352862785036,2.197418451309204,765241,0.0,0.0
1998-10-30 00:00:00-05:00,2.199411233899341,2.199411233899341,2.135660140991487,2.1575746536254883,1040913,0.0,0.0
1998-11-02 00:00:00-05:00,2.165542827378269,2.239255002890184,2.165542827378269,2.227301597595215,2088740,0.0,0.0
1998-11-03 00:00:00-05:00,2.2273029036286456,2.229295209080386,2.1834741455864157,2.195427417755127,990204,0.0,0.0
1998-11-04 00:00:00-05:00,2.199410755734825,2.235270834042387,2.197418451309204,2.197418451309204,1848104,0.0,0.0
1998-11-05 00:00:00-05:00,2.247611925999006,2.282506393328263,2.2065595010830625,2.2784011363983154,3224617,0.44,0.0
1998-11-06 00:00:00-05:00,2.27840147464343,2.2989274735733383,2.270190959564625,2.2948222160339355,2601360,0.0,0.0
1998-11-09 00:00:00-05:00,2.2948224978054252,2.296875199018945,2.220928430557251,2.220928430557251,1376052,0.0,0.0
1998-11-10 00:00:00-05:00,2.2168227293937406,2.24145398235963,2.1716651916503906,2.1716651916503906,1669702,0.0,0.0
1998-11-11 00:00:00-05:00,2.179875135421753,2.2209272610890225,2.1716646236582027,2.179875135421753,1180131,0.0,0.0
1998-11-12 00:00:00-05:00,2.1962971793812978,2.2845595837264243,2.192192065435983,2.2517178058624268,1464100,0.0,0.0
1998-11-13 00:00:00-05:00,2.245560212109122,2.3050859584084096,2.245560212109122,2.2866125106811523,1072721,0.0,0.0
1998-11-16 00:00:00-05:00,2.294822104478497,2.2989273618183357,2.270190849206556,2.28045392036438,976374,0.0,0.0
1998-11-17 00:00:00-05:00,2.284559245613167,2.288664503334486,2.2537701736621685,2.259927988052368,894779,0.0,0.0
1998-11-18 00:00:00-05:00,2.259928347612738,2.259928347612738,2.21682349563969,2.2394020557403564,433790,0.0,0.0
1998-11-19 00:00:00-05:00,2.247612468199055,2.292770016554941,2.2332441376698773,2.274296283721924,927970,0.0,0.0
1998-11-20 00:00:00-05:00,2.276347910793009,2.3235579936414608,2.270190099009906,2.2968740463256836,927049,0.0,0.0
1998-11-23 00:00:00-05:00,2.2948222160339355,2.331769389505006,2.2763487736819528,2.2948222160339355,1595943,0.0,0.0
1998-11-24 00:00:00-05:00,2.2927707804491106,2.3071389713818458,2.2701919265566723,2.2907180786132812,892013,0.0,0.0
1998-11-25 00:00:00-05:00,2.290717769415074,2.3071386599671677,2.2804546947720667,2.2866125106811523,728823,0.0,0.0
1998-11-27 00:00:00-05:00,2.2825064659118652,2.2948219483262777,2.276348508129356,2.2825064659118652,317160,0.0,0.0
1998-11-30 00:00:00-05:00,2.2742962194077956,2.2968750651390213,2.241454445741455,2.243507146835327,715455,0.0,0.0
1998-12-01 00:00:00-05:00,2.245559071280059,2.274295579051089,2.2291381890703956,2.272243022918701,878184,0.0,0.0
1998-12-02 00:00:00-05:00,2.280453555136506,2.2845586674353418,2.1860332289763638,2.1983489990234375,1131267,0.0,0.0
1998-12-03 00:00:00-05:00,2.1942446493274574,2.2250337241869826,2.18808668997198,2.2065601348876953,658753,0.0,0.0
1998-12-04 00:00:00-05:00,2.208612695129903,2.2496649848331374,2.208612695129903,2.231191396713257,613576,0.0,0.0
1998-12-07 00:00:00-05:00,2.2352955719685395,2.2476113395449118,2.2147694370580795,2.21887469291687,1168146,0.0,0.0
1998-12-08 00:00:00-05:00,2.2229812386672374,2.2229812386672374,2.144981909624841,2.1531922817230225,1742538,0.0,0.0
1998-12-09 00:00:00-05:00,2.1593496799468994,2.1696127506893936,2.1429286512520767,2.1593496799468994,1781722,0.0,0.0
1998-12-10 00:00:00-05:00,2.1716647722290228,2.1716647722290228,2.130612354986233,2.142928123474121,1663709,0.0,0.0
1998-12-11 00:00:00-05:00,2.1449812989023074,2.183981024511229,2.134718228414016,2.177823066711426,1414314,0.0,0.0
1998-12-14 00:00:00-05:00,2.202454255705795,2.212717325219929,2.192191186191662,2.1983489990234375,2626714,0.0,0.0
1998-12-15 00:00:00-05:00,2.1901386600809634,2.2414540117383766,2.1880861037680805,2.227085828781128,1259882,0.0,0.0
1998-12-16 00:00:00-05:00,2.2270862684321497,2.2291388251502298,2.1942444946414956,2.2086126804351807,1327648,0.0,0.0
1998-12-17 00:00:00-05:00,2.2127184790909995,2.286612560373058,2.2127184790909995,2.2701916694641113,1571050,0.0,0.0
1998-12-18 00:00:00-05:00,2.272243662697485,2.2825068793997234,2.2291388167124677,2.243507146835327,2928662,0.0,0.0
1998-12-21 00:00:00-05:00,2.243507703689123,2.2763494855070165,2.243507703689123,2.2701916694641113,1429526,0.0,0.0
1998-12-22 00:00:00-05:00,2.2701913110649823,2.2763491261357425,2.2414546482233355,2.257875680923462,894318,0.0,0.0
1998-12-23 00:00:00-05:00,2.2619801086785256,2.288664062147888,2.2414539684123196,2.2784011363983154,1487150,0.0,0.0
1998-12-24 00:00:00-05:00,2.2825064659118652,2.288664134927304,2.2681381383919024,2.2825064659118652,194537,0.0,0.0
1998-12-28 00:00:00-05:00,2.290717604073675,2.292770305484271,2.2332444190979004,2.2332444190979004,831624,0.0,0.0
1998-12-29 00:00:00-05:00,2.2332442320014834,2.3009804852046902,2.2332442320014834,2.2989277839660645,883716,0.0,0.0
1998-12-30 00:00:00-05:00,2.3009800474449276,2.3235587460892253,2.270190834175316,2.3174009323120117,2192002,0.0,0.0
1998-12-31 00:00:00-05:00,2.3091912009658087,2.3276647929472474,2.290717753367963,2.321506977081299,789674,0.0,0.0
1999-01-04 00:00:00-05:00,2.3091901185877735,2.3687159809523255,2.3091901185877735,2.346137285232544,2185548,0.0,0.0
1999-01-05 00:00:00-05:00,2.3543468785258126,2.3687152003321343,2.3112420574903254,2.3297154903411865,858361,0.0,0.0
1999-01-06 00:00:00-05:00,2.3399807107292543,2.411822385892891,2.3317703366988467,2.3851382732391357,1606546,0.0,0.0
1999-01-07 00:00:00-05:00,2.372822358467887,2.376927761821213,2.3379278738006413,2.3522963523864746,733433,0.0,0.0
1999-01-08 00:00:00-05:00,2.3605052170143854,2.3892418670492486,2.344084336015968,2.34818959236145,1490838,0.0,0.0
1999-01-11 00:00:00-05:00,2.360507093383448,2.3912964682573072,2.3317705648894047,2.3625597953796387,1319811,0.0,0.0
1999-01-12 00:00:00-05:00,2.362558604475196,2.362558604475196,2.2907171028780855,2.2948222160339355,705774,0.0,0.0
1999-01-13 00:00:00-05:00,2.2784016860257634,2.282506943946038,2.2352966944382318,2.274296283721924,988821,0.0,0.0
1999-01-14 00:00:00-05:00,2.2701907266096124,2.2742958393442176,2.2496645854024364,2.2681381702423096,785064,0.0,0.0
1999-01-15 00:00:00-05:00,2.286611170178731,2.3502421379089355,2.2742954011969587,2.3502421379089355,820560,0.0,0.0
1999-01-19 00:00:00-05:00,2.34203300577285,2.3564013383101625,2.2804545615131557,2.33382248878479,1059352,0.0,0.0
1999-01-20 00:00:00-05:00,2.372821602718241,2.3933477466456274,2.3420325312107177,2.366663932800293,1234528,0.0,0.0
1999-01-21 00:00:00-05:00,2.3810324045175513,2.4302950662529623,2.3338221551603806,2.3420326709747314,1862856,0.0,0.0
1999-01-22 00:00:00-05:00,2.3420330173312376,2.3892431292866103,2.3317699432373047,2.3317699432373047,2065230,0.0,0.0
1999-01-25 00:00:00-05:00,2.3317703827264995,2.3707699850038884,2.2907180786132812,2.2907180786132812,1792786,0.0,0.0
1999-01-26 00:00:00-05:00,2.2989276455600787,2.393347854112313,2.2968750888285983,2.356400966644287,2044024,0.0,0.0
1999-01-27 00:00:00-05:00,2.364611710914637,2.3851378590012016,2.315349042137033,2.33382248878479,1196266,0.0,0.0
1999-01-28 00:00:00-05:00,2.3317685986865246,2.3317685986865246,2.278400701924652,2.288663625717163,1799239,0.0,0.0
1999-01-29 00:00:00-05:00,2.29687558532416,2.3071386599671677,2.268139062953895,2.2866125106811523,1436441,0.0,0.0
1999-02-01 00:00:00-05:00,2.2866118869745202,2.3071380306617315,2.1798760553078664,2.194244384765625,2369944,0.0,0.0
1999-02-02 00:00:00-05:00,2.1696136675581474,2.1839820015463394,2.036193691523053,2.118298292160034,4600668,0.0,0.0
1999-02-03 00:00:00-05:00,2.11829731925933,2.147033829653885,2.0875079637779295,2.0957186222076416,2381007,0.0,0.0
1999-02-04 00:00:00-05:00,2.1454406901207363,2.234480772104755,2.143320748528302,2.204800844192505,2748415,0.44,0.0
1999-02-05 00:00:00-05:00,2.2217612424161968,2.29808124183737,2.215401267318376,2.2662813663482666,2654835,0.0,0.0
1999-02-08 00:00:00-05:00,2.266280642746537,2.287480503262472,2.2514406061741283,2.2726404666900635,577619,0.0,0.0
1999-02-09 00:00:00-05:00,2.2726414984260432,2.3044415273219765,2.2641615801946706,2.279001474380493,981906,0.0,0.0
1999-02-10 00:00:00-05:00,2.2768808206272246,2.2980806827545166,2.2578006017283205,2.2980806827545166,1596404,0.0,0.0
1999-02-11 00:00:00-05:00,2.2896017108392432,2.315041615520407,2.2896017108392432,2.3129215240478516,1331797,0.0,0.0
1999-02-12 00:00:00-05:00,2.3129208020548195,2.3447209712270243,2.2387209043984795,2.25144100189209,1458569,0.0,0.0
1999-02-16 00:00:00-05:00,2.255680939346087,2.334120866195204,2.2005606683199286,2.228120803833008,1429987,0.0,0.0
1999-02-17 00:00:00-05:00,2.2238802770824897,2.2514404064681752,2.1920802654438702,2.211160182952881,1382966,0.0,0.0
1999-02-18 00:00:00-05:00,2.217520865194947,2.2387208783136403,2.198440942862307,2.202680826187134,1004034,0.0,0.0
1999-02-19 00:00:00-05:00,2.2111606221231956,2.285360813140869,2.2111606221231956,2.285360813140869,1388498,0.0,0.0
1999-02-22 00:00:00-05:00,2.2853616770178196,2.3510816793169735,2.283241585545264,2.3129215240478516,1190734,0.0,0.0
1999-02-23 00:00:00-05:00,2.3150412288274915,2.3659213279384383,2.3086812537195387,2.3362412452697754,1221159,0.0,0.0
1999-02-24 00:00:00-05:00,2.3235204709933988,2.361680457230945,2.26416047583237,2.2705204486846924,969920,0.0,0.0
1999-02-25 00:00:00-05:00,2.270520475777849,2.3298804716471957,2.2599204711896226,2.3256404399871826,1356229,0.0,0.0
1999-02-26 00:00:00-05:00,2.340480104261422,2.3828801158756674,2.3362400732752797,2.3532001972198486,1848565,0.0,0.0
1999-03-01 00:00:00-05:00,2.351079594962172,2.351079594962172,2.289599680989595,2.317159652709961,1087012,0.0,0.0
1999-03-02 00:00:00-05:00,2.3256405936675906,2.3298806256077884,2.2768807482879887,2.3150405883789062,1119742,0.0,0.0
1999-03-03 00:00:00-05:00,2.3065613117247756,2.3362412452697754,2.281121262169302,2.3362412452697754,1277861,0.0,0.0
1999-03-04 00:00:00-05:00,2.32352049822187,2.3362404440755755,2.2874804528048878,2.310800552368164,934424,0.0,0.0
1999-03-05 00:00:00-05:00,2.3150408441582853,2.372280908866126,2.3150408441582853,2.3701608180999756,651838,0.0,0.0
1999-03-08 00:00:00-05:00,2.361680355264108,2.3722803592681885,2.351080351260028,2.3722803592681885,976374,0.0,0.0
1999-03-09 00:00:00-05:00,2.372280008915192,2.372280008915192,2.317160055883872,2.3298799991607666,1389420,0.0,0.0
1999-03-10 00:00:00-05:00,2.3404798407433036,2.3447198712520545,2.310799925429191,2.3213999271392822,1049211,0.0,0.0
1999-03-11 00:00:00-05:00,2.3256404399871826,2.3383603858436097,2.3055004014448297,2.3256404399871826,1982252,0.0,0.0
1999-03-12 00:00:00-05:00,2.334120132344003,2.3638000509998216,2.3277601604265836,2.3532001972198486,1767892,0.0,0.0
1999-03-15 00:00:00-05:00,2.3404801759860763,2.3553202103305564,2.3320002628775107,2.3510801792144775,917829,0.0,0.0
1999-03-16 00:00:00-05:00,2.32988158026346,2.32988158026346,2.2641615801946706,2.279001474380493,979601,0.0,0.0
1999-03-17 00:00:00-05:00,2.308680772781372,2.327760843254184,2.289600851432192,2.308680772781372,2129307,0.0,0.0
1999-03-18 00:00:00-05:00,2.310801730822672,2.323521683163254,2.2980816293584017,2.3129215240478516,1257578,0.0,0.0
1999-03-19 00:00:00-05:00,2.3108009455680953,2.3171609195771445,2.2896009327888383,2.300200939178467,832546,0.0,0.0
1999-03-22 00:00:00-05:00,2.287480120857431,2.291720151901245,2.24508010866647,2.291720151901245,425493,0.0,0.0
1999-03-23 00:00:00-05:00,2.3001999692499617,2.3044398507190667,2.2726398449593335,2.287479877471924,923361,0.0,0.0
1999-03-24 00:00:00-05:00,2.281120148853505,2.3044400959090976,2.2790000587698027,2.291720151901245,577158,0.0,0.0
1999-03-25 00:00:00-05:00,2.27900006370004,2.3044401008943702,2.272640091682355,2.2959601879119873,632938,0.0,0.0
1999-03-26 00:00:00-05:00,2.2874810784030872,2.3383610248565674,2.283241045584384,2.3383610248565674,1246514,0.0,0.0
1999-03-29 00:00:00-05:00,2.346841120747323,2.4337612727184497,2.340481145999108,2.4189212322235107,1680304,0.0,0.0
1999-03-30 00:00:00-05:00,2.389240895948856,2.408320816963991,2.3574408784666683,2.37864089012146,1093004,0.0,0.0
1999-03-31 00:00:00-05:00,2.3743997878429237,2.4803999541244064,2.3743997878429237,2.4252798557281494,2280973,0.0,0.0
1999-04-01 00:00:00-05:00,2.4337604213269564,2.4846403506372368,2.4316403310701094,2.4761602878570557,1295840,0.0,0.0
1999-04-05 00:00:00-04:00,2.5016015430216783,2.5588417709251243,2.4804016740138586,2.544001579284668,3345396,0.0,0.0
1999-04-06 00:00:00-04:00,2.53975987120439,2.5546000539310976,2.50583992221747,2.5249199867248535,896623,0.0,0.0
1999-04-07 00:00:00-04:00,2.5164406455283004,2.5376409552441475,2.512200762533485,2.533400774002075,1194422,0.0,0.0
1999-04-08 00:00:00-04:00,2.5291598396728046,2.6033598489690224,2.527039899056625,2.592759847640991,987438,0.0,0.0
1999-04-09 00:00:00-04:00,2.588519301792463,2.6372794202989396,2.582159480844068,2.6266794204711914,659214,0.0,0.0
1999-04-12 00:00:00-04:00,2.609720901639222,2.756001048605527,2.6033610767912014,2.6796810626983643,2857209,0.0,0.0
1999-04-13 00:00:00-04:00,2.6711995482528574,2.6711995482528574,2.6330394268861976,2.662719488143921,2070301,0.0,0.0
1999-04-14 00:00:00-04:00,2.658479833564217,2.7750798498102287,2.6499997727332616,2.732679843902588,3757059,0.0,0.0
1999-04-15 00:00:00-04:00,2.7136009477903924,2.921361185323613,2.688160754364363,2.895920991897583,4579924,0.0,0.0
1999-04-16 00:00:00-04:00,2.8874406706013658,3.0697609967394994,2.8429207088746833,2.997680902481079,3107987,0.0,0.0
1999-04-19 00:00:00-04:00,2.993439506306882,3.1079195744502135,2.9913195657990106,3.0655195713043213,4435173,0.0,0.0
1999-04-20 00:00:00-04:00,3.0464406605371863,3.0464406605371863,2.951040617437065,3.001920700073242,2120549,0.0,0.0
1999-04-21 00:00:00-04:00,2.982840061187744,3.010400187665542,2.936200168337657,2.982840061187744,1499136,0.0,0.0
1999-04-22 00:00:00-04:00,2.9743595794364155,2.9828396400976134,2.893799748772862,2.9467997550964355,1617610,0.0,0.0
1999-04-23 00:00:00-04:00,2.946801976667294,2.9743618217844245,2.9362019674113156,2.9489219188690186,1748992,0.0,0.0
1999-04-26 00:00:00-04:00,2.919241434500949,2.946801574100404,2.908641426693053,2.9277215003967285,935807,0.0,0.0
1999-04-27 00:00:00-04:00,2.9489212972164234,3.0379612368974773,2.9425614719519437,2.991321325302124,1457647,0.0,0.0
1999-04-28 00:00:00-04:00,2.9955608293789524,3.063401044671465,2.978600999241265,3.048560857772827,3608620,0.0,0.0
1999-04-29 00:00:00-04:00,3.0506801910082606,3.10792038920933,3.040080187442936,3.0909602642059326,1994699,0.0,0.0
1999-04-30 00:00:00-04:00,3.0824805331407905,3.114280845503214,3.06764064585259,3.1100406646728516,1998387,0.0,0.0
1999-05-03 00:00:00-04:00,3.0867203362522195,3.129120349884033,3.0570402670605117,3.129120349884033,1888210,0.0,0.0
1999-05-04 00:00:00-04:00,3.1079195744502135,3.124879695007417,3.048559450747118,3.0655195713043213,1183358,0.0,0.0
1999-05-05 00:00:00-04:00,3.0740003918121137,3.1354804712276816,3.0697605097478085,3.129120349884033,1316584,0.0,0.0
1999-05-06 00:00:00-04:00,3.130105717254057,3.1691237881825782,3.0954231569579083,3.1431119441986084,1073182,0.44,0.0
1999-05-07 00:00:00-04:00,3.1431088329467642,3.1994679757591618,3.1387736315582195,3.171288251876831,940417,0.0,0.0
1999-05-10 00:00:00-04:00,3.1582832788904187,3.190798213798889,3.119265235019313,3.140941858291626,1317506,0.0,0.0
1999-05-11 00:00:00-04:00,3.140941657245275,3.158283076734073,3.1236005427088123,3.136606454849243,682724,0.0,0.0
1999-05-12 00:00:00-04:00,3.1192647561997355,3.1192647561997355,3.021720271400147,3.0889177322387695,2181399,0.0,0.0
1999-05-13 00:00:00-04:00,3.082415460391485,3.0932537733038523,3.0195531845092773,3.0195531845092773,1060735,0.0,0.0
1999-05-14 00:00:00-04:00,3.0195528591126553,3.086750635889798,2.9913734315486398,3.0477325916290283,1101302,0.0,0.0
1999-05-17 00:00:00-04:00,3.0477321920525595,3.0564029013017646,2.9935406404354246,3.0325586795806885,2069379,0.0,0.0
1999-05-18 00:00:00-04:00,3.0347270536608324,3.060738883081865,2.9957090045768875,3.045565366744995,1044601,0.0,0.0
1999-05-19 00:00:00-04:00,3.0499012748446073,3.0564043861789636,2.9610271480057104,2.9913744926452637,921517,0.0,0.0
1999-05-20 00:00:00-04:00,3.004380721416598,3.1301050122936576,3.000045516713164,3.1062607765197754,1548922,0.0,0.0
1999-05-21 00:00:00-04:00,3.0520698054878346,3.091087875459313,2.922009978852984,2.9480221271514893,1935231,0.0,0.0
1999-05-24 00:00:00-04:00,2.9610280488244625,3.017387246042386,2.9285130921657503,2.9480221271514893,2141293,0.0,0.0
1999-05-25 00:00:00-04:00,2.9696982045331577,3.095422496917433,2.9545243779842356,2.9566919803619385,1598709,0.0,0.0
1999-05-26 00:00:00-04:00,2.9653629068779215,3.0173865821229793,2.9566918877337565,2.9783685207366943,886942,0.0,0.0
1999-05-27 00:00:00-04:00,2.969698157845438,2.969698157845438,2.9263448911629495,2.9675302505493164,912758,0.0,0.0
1999-05-28 00:00:00-04:00,2.9588584794376445,3.0520677769363567,2.9588584794376445,3.023888349533081,921517,0.0,0.0
1999-06-01 00:00:00-04:00,3.0498986004510034,3.0498986004510034,2.956689046138596,2.9978749752044678,969920,0.0,0.0
1999-06-02 00:00:00-04:00,2.9957089333866476,3.015217957465006,2.950188080505403,3.0087151527404785,1152472,0.0,0.0
1999-06-03 00:00:00-04:00,3.0173857986012025,3.1344396474123006,3.0173857986012025,3.084583282470703,919673,0.0,0.0
1999-06-04 00:00:00-04:00,3.0759119214850776,3.1019237442855396,3.0564029019085726,3.091085433959961,637548,0.0,0.0
1999-06-07 00:00:00-04:00,3.082415025169603,3.1040916479337044,3.069409112501612,3.097588539123535,896162,0.0,0.0
1999-06-08 00:00:00-04:00,3.080247907623838,3.0867510174552937,3.0390622569135393,3.045565366744995,366025,0.0,0.0
1999-06-09 00:00:00-04:00,3.0282233731991473,3.0629059075425062,3.0282233731991473,3.0368940830230713,402904,0.0,0.0
1999-06-10 00:00:00-04:00,3.019553930205054,3.021721837284817,2.978368269976551,2.9913744926452637,699781,0.0,0.0
1999-06-11 00:00:00-04:00,2.9827026730707136,3.0022116948865425,2.948020137038325,2.9696967601776123,1265875,0.0,0.0
1999-06-14 00:00:00-04:00,2.961026108518003,2.9870382397712327,2.961026108518003,2.9827027320861816,672122,0.0,0.0
1999-06-15 00:00:00-04:00,2.9805351307198356,3.0260559792225386,2.9740320216684384,2.9827027320861816,3100150,0.0,0.0
1999-06-16 00:00:00-04:00,2.982701093105441,3.036892622247888,2.982701093105441,3.0130484104156494,998041,0.0,0.0
1999-06-17 00:00:00-04:00,3.0130501622973234,3.1170977757760454,3.0000442487315295,3.0867507457733154,1238677,0.0,0.0
1999-06-18 00:00:00-04:00,3.1257690572550225,3.2298169946858954,3.11276314131427,3.177793025970459,2805117,0.0,0.0
1999-06-21 00:00:00-04:00,3.1756246089935303,3.18863082779714,3.0954212194506074,3.1756246089935303,1321655,0.0,0.0
1999-06-22 00:00:00-04:00,3.166954336455439,3.1994692749292657,3.1561160236308305,3.179960250854492,1407860,0.0,0.0
1999-06-23 00:00:00-04:00,3.140940927300228,3.190797268029809,3.134438125217411,3.171288251876831,892013,0.0,0.0
1999-06-24 00:00:00-04:00,3.162618294739,3.2016363363051985,3.1517799837430935,3.1669538021087646,1768814,0.0,0.0
1999-06-25 00:00:00-04:00,3.1756240515996828,3.2233128006202545,3.1626181400312805,3.197300672531128,3346318,0.0,0.0
1999-06-28 00:00:00-04:00,3.199470229278911,3.249326300171929,3.1951350248369015,3.2168116569519043,1202259,0.0,0.0
1999-06-29 00:00:00-04:00,3.2124758358174668,3.2840088368363753,3.2124758358174668,3.255829095840454,2287427,0.0,0.0
1999-06-30 00:00:00-04:00,3.247157200726709,3.271001424068438,3.190798044204712,3.190798044204712,1526795,0.0,0.0
1999-07-01 00:00:00-04:00,3.1994692384612247,3.236319379663916,3.19079852730989,3.227648973464966,3143022,0.0,0.0
1999-07-02 00:00:00-04:00,3.2276506006635617,3.292680204701852,3.2211474877834636,3.286177396774292,1672006,0.0,0.0
1999-07-06 00:00:00-04:00,3.2775041292793334,3.357707804223663,3.2688334205080136,3.292677640914917,2747493,0.0,0.0
1999-07-07 00:00:00-04:00,3.2926798194804716,3.325194770171856,3.279673900194419,3.2948477268218994,1234067,0.0,0.0
1999-07-08 00:00:00-04:00,3.2861755938422155,3.314355022639649,3.2623313679513495,3.2818400859832764,1911721,0.0,0.0
1999-07-09 00:00:00-04:00,3.290512176772654,3.342536158231915,3.288344574410289,3.3295302391052246,1357612,0.0,0.0
1999-07-12 00:00:00-04:00,3.323026098685224,3.362044148942837,3.3035170735564177,3.3381996154785156,1645730,0.0,0.0
1999-07-13 00:00:00-04:00,3.3273623317903605,3.3338654438299553,3.305686003214209,3.3295302391052246,705774,0.0,0.0
1999-07-14 00:00:00-04:00,3.3381989524689653,3.4162350374852144,3.3381989524689653,3.364211082458496,1957359,0.0,0.0
1999-07-15 00:00:00-04:00,3.3620434181542933,3.4270732844802008,3.3295284849913394,3.357708215713501,2035266,0.0,0.0
1999-07-16 00:00:00-04:00,3.3750497450859727,3.4075646822436956,3.3338640970290476,3.396726369857788,1329031,0.0,0.0
1999-07-19 00:00:00-04:00,3.398893273463293,3.433575804986497,3.398893273463293,3.4270730018615723,1286159,0.0,0.0
1999-07-20 00:00:00-04:00,3.463924158820532,3.466091760503203,3.3056849666518833,3.3143553733825684,1281088,0.0,0.0
1999-07-21 00:00:00-04:00,3.398892809943995,3.5029406952765334,3.3880545012615335,3.4855992794036865,1840267,0.0,0.0
1999-07-22 00:00:00-04:00,3.485601210178251,3.5723077276671718,3.3858887760564813,3.390223979949951,1863317,0.0,0.0
1999-07-23 00:00:00-04:00,3.3208596244764377,3.450919429555907,3.3208596244764377,3.4465842247009277,1632361,0.0,0.0
1999-07-26 00:00:00-04:00,3.437912686173349,3.5549665436844604,3.4205712610041346,3.489936351776123,2369022,0.0,0.0
1999-07-27 00:00:00-04:00,3.498605094793185,3.5896470682501067,3.498605094793185,3.554964542388916,1719027,0.0,0.0
1999-07-28 00:00:00-04:00,3.5484628143405716,3.5484628143405716,3.5116123685189002,3.528953790664673,2321540,0.0,0.0
1999-07-29 00:00:00-04:00,3.526786123875264,3.526786123875264,3.4682590539305465,3.479097366333008,1102224,0.0,0.0
1999-07-30 00:00:00-04:00,3.4790973342918003,3.4812652407142277,3.4205705698384685,3.4314088821411133,1294457,0.0,0.0
1999-08-02 00:00:00-04:00,3.4314069087178476,3.4617542267027974,3.4140658019780177,3.4249041080474854,618186,0.0,0.0
1999-08-03 00:00:00-04:00,3.4292409782481688,3.502941556397013,3.4292409782481688,3.4769294261932373,1720871,0.0,0.0
1999-08-04 00:00:00-04:00,3.4639238775141967,3.481265299472071,3.442247252543043,3.4444148540496826,1472398,0.0,0.0
1999-08-05 00:00:00-04:00,3.507379638037132,3.507379638037132,3.4365679885750016,3.460909366607666,1530022,0.44,0.0
1999-08-06 00:00:00-04:00,3.4609087475697975,3.4609087475697975,3.3591173504425176,3.4432060718536377,3077561,0.0,0.0
1999-08-09 00:00:00-04:00,3.443205559043834,3.443205559043834,3.407799590263516,3.434354066848755,1137259,0.0,0.0
1999-08-10 00:00:00-04:00,3.427716293689033,3.4321418849221246,3.4078001992083724,3.4188644886016846,1668319,0.0,0.0
1999-08-11 00:00:00-04:00,3.4100125128633962,3.4874625205993652,3.403373816247538,3.4874625205993652,2240867,0.0,0.0
1999-08-12 00:00:00-04:00,3.4697607207781167,3.4852509143956723,3.3635437178649235,3.4210779666900635,1303215,0.0,0.0
1999-08-13 00:00:00-04:00,3.429927939899725,3.4786109881210527,3.4277154561343766,3.4675467014312744,993892,0.0,0.0
1999-08-16 00:00:00-04:00,3.445418664031977,3.463121650013757,3.4188641850593067,3.452057361602783,1100380,0.0,0.0
1999-08-17 00:00:00-04:00,3.452057361602783,3.474185938424731,3.392310017397191,3.452057361602783,900772,0.0,0.0
1999-08-18 00:00:00-04:00,3.4432053329758636,3.4675467014312744,3.429927939899725,3.4675467014312744,930736,0.0,0.0
1999-08-19 00:00:00-04:00,3.4586952011629526,3.4586952011629526,3.4210767510360385,3.445418119430542,849602,0.0,0.0
1999-08-20 00:00:00-04:00,3.4277170093867246,3.4409937858581543,3.4210783098403628,3.4409937858581543,673044,0.0,0.0
1999-08-23 00:00:00-04:00,3.432140591471119,3.533931953265951,3.432140591471119,3.500739097595215,825631,0.0,0.0
1999-08-24 00:00:00-04:00,3.4918894108369685,3.558275156468995,3.4918894108369685,3.540572166442871,2655757,0.0,0.0
1999-08-25 00:00:00-04:00,3.5405705295827756,3.5405705295827756,3.5140163681306116,3.538357734680176,779993,0.0,0.0
1999-08-26 00:00:00-04:00,3.5383594038657336,3.5383594038657336,3.4387810957898095,3.4719736576080322,672583,0.0,0.0
1999-08-27 00:00:00-04:00,3.4697602410831636,3.5051659038260556,3.429928675928302,3.4432060718536377,607583,0.0,0.0
1999-08-30 00:00:00-04:00,3.407801685951279,3.445420473087072,3.407801685951279,3.4365689754486084,606661,0.0,0.0
1999-08-31 00:00:00-04:00,3.4365670767786076,3.469759941101074,3.425502788671119,3.469759941101074,1026161,0.0,0.0
1999-09-01 00:00:00-04:00,3.4697610688115263,3.483038156593603,3.432142601543868,3.4409937858581543,724674,0.0,0.0
1999-09-02 00:00:00-04:00,3.4166545861046154,3.4166545861046154,3.3436300964032712,3.3635458946228027,1122969,0.0,0.0
1999-09-03 00:00:00-04:00,3.3723933804671704,3.403373442420808,3.350264809258926,3.394521951675415,1450271,0.0,0.0
1999-09-07 00:00:00-04:00,3.385672288875308,3.4277169704437256,3.385672288875308,3.4277169704437256,881411,0.0,0.0
1999-09-08 00:00:00-04:00,3.4210773341360587,3.4763984655651394,3.4188642273780263,3.465334177017212,1424455,0.0,0.0
1999-09-09 00:00:00-04:00,3.4520572522916706,3.4520572522916706,3.385671212617419,3.414438486099243,1471015,0.0,0.0
1999-09-10 00:00:00-04:00,3.410011866805672,3.412224661488221,3.381244602001185,3.3967344760894775,764319,0.0,0.0
1999-09-13 00:00:00-04:00,3.387885608974639,3.387885608974639,3.3259254477240336,3.3414156436920166,1021551,0.0,0.0
1999-09-14 00:00:00-04:00,3.297155601932327,3.297155601932327,3.204215752341564,3.27502703666687,2518843,0.0,0.0
1999-09-15 00:00:00-04:00,3.2750291167595726,3.292731793429331,3.2617520314296065,3.2794547080993652,1943990,0.0,0.0
1999-09-16 00:00:00-04:00,3.279452784869026,3.3635414614961117,3.279452784869026,3.3037941455841064,1270485,0.0,0.0
1999-09-17 00:00:00-04:00,3.299372905386897,3.372397083777424,3.299372905386897,3.3635458946228027,1231762,0.0,0.0
1999-09-20 00:00:00-04:00,3.3635458946228027,3.3635458946228027,3.3237142981837393,3.3635458946228027,836695,0.0,0.0
1999-09-21 00:00:00-04:00,3.35469118703704,3.3569039822102393,3.283879873631534,3.314859628677368,1167224,0.0,0.0
1999-09-22 00:00:00-04:00,3.306007051577396,3.323710029773566,3.239621661617802,3.2728145122528076,1014636,0.0,0.0
1999-09-23 00:00:00-04:00,3.2639644976518802,3.266177604620068,3.1334061294370046,3.1356189250946045,2328455,0.0,0.0
1999-09-24 00:00:00-04:00,3.126767210756254,3.126767210756254,3.0338273092034265,3.0559558868408203,1758211,0.0,0.0
1999-09-27 00:00:00-04:00,3.0648084974157346,3.168812725701386,3.0648084974157346,3.1267683506011963,957013,0.0,0.0
1999-09-28 00:00:00-04:00,3.1267672463114677,3.159960113145002,3.0404657302821643,3.064807415008545,1472859,0.0,0.0
1999-09-29 00:00:00-04:00,3.064807958113429,3.08029784085643,3.0227635904116226,3.071446657180786,1752679,0.0,0.0
1999-09-30 00:00:00-04:00,3.0714460779733352,3.1134901264359307,3.0559558868408203,3.0559558868408203,1452576,0.0,0.0
1999-10-01 00:00:00-04:00,3.0515291282387955,3.1112764578804266,3.036039252763453,3.049316644668579,826092,0.0,0.0
1999-10-04 00:00:00-04:00,3.040466269073535,3.115703509490879,3.040466269073535,3.071446657180786,701625,0.0,0.0
1999-10-05 00:00:00-04:00,3.073660333817141,3.1134916057025452,3.0117001624700044,3.098001718521118,1377896,0.0,0.0
1999-10-06 00:00:00-04:00,3.0957874361428286,3.1555344709506614,3.0891487383594853,3.1466829776763916,1638815,0.0,0.0
1999-10-07 00:00:00-04:00,3.1378319576383515,3.1378319576383515,3.0935747959028657,3.102426290512085,707157,0.0,0.0
1999-10-08 00:00:00-04:00,3.1002139368896597,3.1267681131942893,3.0980011407493833,3.115703821182251,695632,0.0,0.0
1999-10-11 00:00:00-04:00,3.1157038533867234,3.137832437639525,3.113491057223575,3.1245553493499756,1238216,0.0,0.0
1999-10-12 00:00:00-04:00,3.126767212980423,3.126767212980423,3.0625945868347864,3.0670201778411865,1060274,0.0,0.0
1999-10-13 00:00:00-04:00,3.084721978118867,3.0979990573423346,2.996207701548489,3.031613349914551,1445200,0.0,0.0
1999-10-14 00:00:00-04:00,3.036039485725802,3.062593960263162,2.971866561398644,3.038252592086792,1270946,0.0,0.0
1999-10-15 00:00:00-04:00,3.0603821927041133,3.0603821927041133,2.9342490967524113,2.9386746883392334,531520,0.0,0.0
1999-10-18 00:00:00-04:00,2.920971837592718,2.936461718539314,2.8789274747669156,2.923184633255005,928431,0.0,0.0
1999-10-19 00:00:00-04:00,2.4075891335948967,2.5071677488762703,2.3898862997870474,2.478400468826294,20266452,0.0,0.0
1999-10-20 00:00:00-04:00,2.4828253119945294,2.6266607169130114,2.4828253119945294,2.5890424251556396,8215743,0.0,0.0
1999-10-21 00:00:00-04:00,2.5846167960074014,2.655428264118165,2.551424090578419,2.637725591659546,3782874,0.0,0.0
1999-10-22 00:00:00-04:00,2.6510016086014003,2.730664701596575,2.6178090682673134,2.6864075660705566,1792325,0.0,0.0
1999-10-25 00:00:00-04:00,2.66870523955399,2.6908338127251104,2.5934681841653324,2.6222352981567383,2521609,0.0,0.0
1999-10-26 00:00:00-04:00,2.6288741687526977,2.708536975183003,2.6111711845190637,2.6266610622406006,1788637,0.0,0.0
1999-10-27 00:00:00-04:00,2.6222363510524764,2.6598551273345947,2.61559765191133,2.6598551273345947,854673,0.0,0.0
1999-10-28 00:00:00-04:00,2.659855817602591,2.6819844054015727,2.62666262459341,2.628875732421875,1473781,0.0,0.0
1999-10-29 00:00:00-04:00,2.6288749848519157,2.743943484160448,2.62002348998727,2.664280652999878,1902962,0.0,0.0
1999-11-01 00:00:00-05:00,2.6510025418633143,2.6598543456572292,2.5624885509611395,2.6023199558258057,1135415,0.0,0.0
1999-11-02 00:00:00-05:00,2.615597109880795,2.7218144062639498,2.6133846257064097,2.620023012161255,1594560,0.0,0.0
1999-11-03 00:00:00-05:00,2.622236217222451,2.633300507685927,2.544786183978123,2.5912561416625977,2750720,0.0,0.0
1999-11-04 00:00:00-05:00,2.637807441151202,2.637807441151202,2.592288592232742,2.612772226333618,2058776,0.44,0.0
1999-11-05 00:00:00-05:00,2.6082188881061774,2.624150452434312,2.553596587670975,2.583183526992798,1758211,0.0,0.0
1999-11-08 00:00:00-05:00,2.5831836317597525,2.605942964553833,2.5444927339913965,2.605942964553833,1826899,0.0,0.0
1999-11-09 00:00:00-05:00,2.6082191694714316,2.626426604913985,2.5490448041680005,2.5991153717041016,887403,0.0,0.0
1999-11-10 00:00:00-05:00,2.6082199635126195,2.690153367901694,2.5968402928851066,2.658290386199951,1051976,0.0,0.0
1999-11-11 00:00:00-05:00,2.6628429214741183,2.7675356857899582,2.660566890887397,2.7129135131835938,2570935,0.0,0.0
1999-11-12 00:00:00-05:00,2.722015885035713,2.778914225116002,2.7038086083205637,2.742499351501465,1931543,0.0,0.0
1999-11-15 00:00:00-05:00,2.742499389665368,2.831260865462648,2.7333955910889878,2.7902939319610596,1361761,0.0,0.0
1999-11-16 00:00:00-05:00,2.794847132219818,2.9427828788757324,2.794847132219818,2.9427828788757324,1895125,0.0,0.0
1999-11-17 00:00:00-05:00,2.9336786753641357,2.9336786753641357,2.8654006477839356,2.888159990310669,2286505,0.0,0.0
1999-11-18 00:00:00-05:00,2.8927113513275784,2.931402420658813,2.872227881703312,2.910918951034546,1915409,0.0,0.0
1999-11-19 00:00:00-05:00,2.922298620805329,2.926850360639927,2.88815961149298,2.910918951034546,764319,0.0,0.0
1999-11-22 00:00:00-05:00,2.9086420482621693,2.9086420482621693,2.8221567713052753,2.8449161052703857,1044601,0.0,0.0
1999-11-23 00:00:00-05:00,2.840364667566639,2.840364667566639,2.7948459948124493,2.8198812007904053,1326265,0.0,0.0
1999-11-24 00:00:00-05:00,2.81988206296494,2.844917276597373,2.783467177664643,2.8244338035583496,1081480,0.0,0.0
1999-11-26 00:00:00-05:00,2.8267099672015585,2.8403658307676283,2.772087793674777,2.7789154052734375,545811,0.0,0.0
1999-11-29 00:00:00-05:00,2.7880178855493725,2.7880178855493725,2.747051274830093,2.765258550643921,952864,0.0,0.0
1999-11-30 00:00:00-05:00,2.7743625280362156,2.8312608689789527,2.7607069902468075,2.8198812007904053,1559525,0.0,0.0
1999-12-01 00:00:00-05:00,2.803949469733508,2.806225659515785,2.7561549274378163,2.7902939319610596,998963,0.0,0.0
1999-12-02 00:00:00-05:00,2.7902943619409446,2.80394990181769,2.756155352156935,2.7851736545562744,945949,0.0,0.0
1999-12-03 00:00:00-05:00,2.772086965463525,2.8540205214589367,2.772086965463525,2.822157382965088,1145557,0.0,0.0
1999-12-06 00:00:00-05:00,2.8039506215039416,2.8085026827540895,2.7675357324246286,2.7789154052734375,454074,0.0,0.0
1999-12-07 00:00:00-05:00,2.7766400802392015,2.7902956263036653,2.6947064836679817,2.7060861587524414,935346,0.0,0.0
1999-12-08 00:00:00-05:00,2.706084965244866,2.747051905554395,2.706084965244866,2.7356722354888916,1654028,0.0,0.0
1999-12-09 00:00:00-05:00,2.7220161773495386,2.7265679169710717,2.6491864222993695,2.6605660915374756,791518,0.0,0.0
1999-12-10 00:00:00-05:00,2.669669780372889,2.703808948812341,2.6628421708139935,2.671945810317993,666590,0.0,0.0
1999-12-13 00:00:00-05:00,2.6810497388273467,2.683325769017797,2.653738497187037,2.668532133102417,639391,0.0,0.0
1999-12-14 00:00:00-05:00,2.6560142826266633,2.6560142826266633,2.617323373875925,2.626427173614502,1438285,0.0,0.0
1999-12-15 00:00:00-05:00,2.617323573487495,2.665118125529745,2.5968402626517397,2.640083074569702,1183819,0.0,0.0
1999-12-16 00:00:00-05:00,2.6241515344095685,2.694705428263286,2.6082199635126195,2.658290386199951,846375,0.0,0.0
1999-12-17 00:00:00-05:00,2.65601483004384,2.65601483004384,2.576357126235962,2.576357126235962,1723637,0.0,0.0
1999-12-20 00:00:00-05:00,2.5854598351452136,2.656013707519647,2.5854598351452136,2.5991153717041016,1359917,0.0,0.0
1999-12-21 00:00:00-05:00,2.592288538923798,2.5945645693736137,2.555873652648495,2.576357126235962,1167685,0.0,0.0
1999-12-22 00:00:00-05:00,2.5763555130341445,2.5900112069059125,2.526285115780553,2.5513203144073486,1805693,0.0,0.0
1999-12-23 00:00:00-05:00,2.5604244691714397,2.6059431377854816,2.5490448020179293,2.5672523975372314,1995621,0.0,0.0
1999-12-27 00:00:00-05:00,2.5763569908667963,2.662842621387744,2.5672533498223893,2.6241517066955566,1312896,0.0,0.0
1999-12-28 00:00:00-05:00,2.624150787405629,2.6400823537674185,2.5877357557083798,2.610495090484619,913219,0.0,0.0
1999-12-29 00:00:00-05:00,2.619599180000662,2.6218750496947525,2.5763563750759184,2.5900120735168457,1759133,0.0,0.0
1999-12-30 00:00:00-05:00,2.5809079362615486,2.6082191694714316,2.5558725724474445,2.5991153717041016,1690446,0.0,0.0
1999-12-31 00:00:00-05:00,2.590013337199758,2.651463609935563,2.585461435498549,2.6446356773376465,993431,0.0,0.0
2000-01-03 00:00:00-05:00,2.635530402681315,2.676497172450086,2.5968395023083226,2.5991153717041016,1937536,0.0,0.0
2000-01-04 00:00:00-05:00,2.5900126146262905,2.6013922856584575,2.48076780473592,2.51035475730896,1450732,0.0,0.0
2000-01-05 00:00:00-05:00,2.5103546202453564,2.558149332026197,2.467111968739437,2.5308382511138916,1298145,0.0,0.0
2000-01-06 00:00:00-05:00,2.5217332989226167,2.585459556235154,2.458007361794259,2.583183526992798,2221044,0.0,0.0
2000-01-07 00:00:00-05:00,2.585460222941018,2.6833253432042232,2.580908323374609,2.662842035293579,1418002,0.0,0.0
2000-01-10 00:00:00-05:00,2.6582903213896003,2.676497922023436,2.5922881693223268,2.594564199447632,2075833,0.0,0.0
2000-01-11 00:00:00-05:00,2.6036672705877666,2.653737678031761,2.5968395023083226,2.5991153717041016,1530944,0.0,0.0
2000-01-12 00:00:00-05:00,2.5991171423890207,2.6537394859289156,2.578633823596141,2.5922892093658447,2347355,0.0,0.0
2000-01-13 00:00:00-05:00,2.603667435077373,2.6218748716702014,2.5877358680241045,2.596839666366577,1679382,0.0,0.0
2000-01-14 00:00:00-05:00,2.5877358680241045,2.63780643872347,2.5877358680241045,2.596839666366577,1564135,0.0,0.0
2000-01-18 00:00:00-05:00,2.5877366528621013,2.6719462527476026,2.5877366528621013,2.6560146808624268,2088740,0.0,0.0
2000-01-19 00:00:00-05:00,2.6332555684848926,2.6469112713345058,2.6196000257274594,2.630979537963867,4262764,0.0,0.0
2000-01-20 00:00:00-05:00,2.628702640380997,2.63780643872347,2.5672525618917166,2.596839666366577,2594906,0.0,0.0
2000-01-21 00:00:00-05:00,2.5126310640063916,2.51945883535844,2.432973518109587,2.442077159881592,3798087,0.0,0.0
2000-01-24 00:00:00-05:00,2.5171836033136596,2.6719471536086425,2.5149077323165265,2.6491878032684326,5206408,0.0,0.0
2000-01-25 00:00:00-05:00,2.6696698402492354,2.6696698402492354,2.535389833793406,2.560425043106079,4719143,0.0,0.0
2000-01-26 00:00:00-05:00,2.564976008279116,2.583183279923991,2.526285115780553,2.5513203144073486,5008183,0.0,0.0
2000-01-27 00:00:00-05:00,2.5490449537823507,2.6469102252029058,2.5490449537823507,2.601391553878784,1914026,0.0,0.0
2000-01-28 00:00:00-05:00,2.5991148427283495,2.62415020144722,2.549044285382683,2.5513203144073486,1774807,0.0,0.0
2000-01-31 00:00:00-05:00,2.574080319065888,2.6355305573718755,2.574080319065888,2.601391553878784,1352541,0.0,0.0
2000-02-01 00:00:00-05:00,2.610495203788169,2.6241509013018782,2.5809080993133082,2.596839666366577,1816757,0.0,0.0
2000-02-02 00:00:00-05:00,2.587736282414904,2.6104956218235675,2.560425043106079,2.560425043106079,783220,0.0,0.0
2000-02-03 00:00:00-05:00,2.6271078942906074,2.6271078942906074,2.5286791770209445,2.58258056640625,1547539,0.44,0.0
2000-02-04 00:00:00-05:00,2.5872668603708107,2.6177330039333873,2.500555871068484,2.533365488052368,1947217,0.0,0.0
2000-02-07 00:00:00-05:00,2.542739751318115,2.542739751318115,2.493525489917911,2.50993013381958,1884061,0.0,0.0
2000-02-08 00:00:00-05:00,2.512274995576836,2.545084631206185,2.47712205004209,2.5146186351776123,2367178,0.0,0.0
2000-02-09 00:00:00-05:00,2.512272976048753,2.512272976048753,2.4372798660620383,2.465402364730835,1678921,0.0,0.0
2000-02-10 00:00:00-05:00,2.4607165002367557,2.46540361319634,2.381036239314379,2.432593822479248,2040798,0.0,0.0
2000-02-11 00:00:00-05:00,2.4302501992311925,2.4302501992311925,2.303698989913703,2.3294780254364014,2455687,0.0,0.0
2000-02-14 00:00:00-05:00,2.3201041886130196,2.4185330769515767,2.2544852594159646,2.3974411487579346,3359687,0.0,0.0
2000-02-15 00:00:00-05:00,2.397439812670402,2.48883789744337,2.376347896231235,2.444310426712036,3350006,0.0,0.0
2000-02-16 00:00:00-05:00,2.4466544749302117,2.458372171617863,2.3997836881796073,2.4372804164886475,1689524,0.0,0.0
2000-02-17 00:00:00-05:00,2.4396241124012334,2.4443110596257074,2.4091581312041077,2.4161887168884277,1058430,0.0,0.0
2000-02-18 00:00:00-05:00,2.406814174725019,2.409157812875194,2.3411952737767066,2.359943389892578,1319350,0.0,0.0
2000-02-22 00:00:00-05:00,2.3575990466918526,2.388065012622203,2.3247896083236013,2.3786909580230713,1334563,0.0,0.0
2000-02-23 00:00:00-05:00,2.4138463731915194,2.5146185880982803,2.3763496239103317,2.458373546600342,1970727,0.0,0.0
2000-02-24 00:00:00-05:00,2.448998057962923,2.9809815085580795,2.364630709652959,2.924736499786377,8587761,0.0,0.0
2000-02-25 00:00:00-05:00,2.8872400376041076,2.8872400376041076,2.6997570317457056,2.7302231788635254,5264031,0.0,0.0
2000-02-28 00:00:00-05:00,2.7325667149542494,2.823964834213257,2.681008970600582,2.823964834213257,1979025,0.0,0.0
2000-02-29 00:00:00-05:00,2.8145908082032816,2.835682734093875,2.774750760172935,2.809903860092163,2791748,0.0,0.0
2000-03-01 00:00:00-05:00,2.80052902660204,2.80052902660204,2.6903828026293746,2.737253427505493,1760055,0.0,0.0
2000-03-02 00:00:00-05:00,2.741941578748482,2.8427137758229954,2.741941578748482,2.786468744277954,3040221,0.0,0.0
2000-03-03 00:00:00-05:00,2.8192777563143996,2.835682734093875,2.798186160119087,2.809903860092163,1685375,0.0,0.0
2000-03-06 00:00:00-05:00,2.8052161463501037,3.0184781617151812,2.8052161463501037,2.9903554916381836,3285467,0.0,0.0
2000-03-07 00:00:00-05:00,2.9903563077994244,2.9903563077994244,2.7372540213505068,2.809903860092163,2355653,0.0,0.0
2000-03-08 00:00:00-05:00,2.8099032504858266,2.8567740402095496,2.6810085787455877,2.737253427505493,1973493,0.0,0.0
2000-03-09 00:00:00-05:00,2.760689421296659,2.8731793080686625,2.7325669083917483,2.809903860092163,1773424,0.0,0.0
2000-03-10 00:00:00-05:00,2.8263077667132572,2.9106751184471347,2.8263077667132572,2.8544304370880127,1642964,0.0,0.0
2000-03-13 00:00:00-05:00,2.8450569600113917,2.8450569600113917,2.753658999129982,2.809903860092163,1240060,0.0,0.0
2000-03-14 00:00:00-05:00,2.807559455444228,2.809903258693428,2.713818205418177,2.7677197456359863,1449810,0.0,0.0
2000-03-15 00:00:00-05:00,2.767720572801865,2.901302231949029,2.7419415317655846,2.868492603302002,1592255,0.0,0.0
2000-03-16 00:00:00-05:00,2.9059884035436694,3.04660077755661,2.8848964815026843,3.0325396060943604,3204794,0.0,0.0
2000-03-17 00:00:00-05:00,3.0372272450482503,3.0536322235696294,2.9013021170306144,2.9317679405212402,1943068,0.0,0.0
2000-03-20 00:00:00-05:00,2.9364558586200693,2.943486282637165,2.856775411892081,2.882554292678833,1344704,0.0,0.0
2000-03-21 00:00:00-05:00,2.8919268697407974,2.943484601874254,2.8919268697407974,2.941141128540039,2030656,0.0,0.0
2000-03-22 00:00:00-05:00,2.931767001665999,2.936454278183346,2.887239688074753,2.9153623580932617,1612078,0.0,0.0
2000-03-23 00:00:00-05:00,2.9130182037645884,2.927079370639452,2.863803954855009,2.8919262886047363,1180592,0.0,0.0
2000-03-24 00:00:00-05:00,2.9059870769348364,3.0067590344903543,2.8591163069941112,2.875520944595337,1693212,0.0,0.0
2000-03-27 00:00:00-05:00,2.8661482907686624,2.941141423146499,2.800529052666646,2.863804817199707,1251124,0.0,0.0
2000-03-28 00:00:00-05:00,2.8684926309583334,2.873179579512251,2.7724075480405284,2.802873373031616,1163997,0.0,0.0
2000-03-29 00:00:00-05:00,2.8356818581655205,2.8825526435796673,2.8052160454634327,2.8380253314971924,1357612,0.0,0.0
2000-03-30 00:00:00-05:00,2.8380242702881806,2.8848950381761624,2.737252152298525,2.8708338737487793,1990089,0.0,0.0
2000-03-31 00:00:00-05:00,2.8661480176690155,2.9505153659789793,2.8333384017442573,2.924736499786377,1539242,0.0,0.0
2000-04-03 00:00:00-04:00,2.9153623580932617,2.929423528254921,2.8028723374096063,2.9153623580932617,1689985,0.0,0.0
2000-04-04 00:00:00-04:00,2.910675219418443,2.9434848378128926,2.779437075535851,2.8661482334136963,1496831,0.0,0.0
2000-04-05 00:00:00-04:00,2.8614614055336745,2.891927555185096,2.8122471350696725,2.823964834213257,1587185,0.0,0.0
2000-04-06 00:00:00-04:00,2.8333395004006103,2.9622342110390463,2.8333395004006103,2.868492603302002,1895125,0.0,0.0
2000-04-07 00:00:00-04:00,2.87786549594819,2.941140919960544,2.87786549594819,2.880208969116211,1174600,0.0,0.0
2000-04-10 00:00:00-04:00,2.8802093043268093,2.9411412622626543,2.8356819901715093,2.8544304370880127,902616,0.0,0.0
2000-04-11 00:00:00-04:00,2.849743044859046,2.9809815085580795,2.840369151476413,2.924736499786377,1400945,0.0,0.0
2000-04-12 00:00:00-04:00,2.9270811835590242,2.980982741274816,2.8895846054371033,2.8966150283813477,1110061,0.0,0.0
2000-04-13 00:00:00-04:00,2.905989113395831,3.016135697762175,2.898958361099679,2.966921091079712,1521724,0.0,0.0
2000-04-14 00:00:00-04:00,2.957546328098892,2.957546328098892,2.7442842800423457,2.7981858253479004,2634090,0.0,0.0
2000-04-17 00:00:00-04:00,2.7888111735462386,2.990355492172368,2.784124226713497,2.887239694595337,2806039,0.0,0.0
2000-04-18 00:00:00-04:00,2.8872393791436335,2.992698968310006,2.8872393791436335,2.962232828140259,2381007,0.0,0.0
2000-04-19 00:00:00-04:00,2.9716065600020745,3.009103447319186,2.964576140901469,2.9809811115264893,1228535,0.0,0.0
2000-04-20 00:00:00-04:00,2.9622327916679896,3.0653485767092725,2.9598889888413633,2.985668182373047,1649418,0.0,0.0
2000-04-24 00:00:00-04:00,2.9716060192863694,3.0419125053653637,2.9622321288579085,2.9997286796569824,1283393,0.0,0.0
2000-04-25 00:00:00-04:00,2.9997300159698215,3.1731520115781318,2.9997300159698215,3.14971661567688,1747609,0.0,0.0
2000-04-26 00:00:00-04:00,3.1567469381096953,3.2458015716331943,3.112219621347946,3.1754953861236572,2338596,0.0,0.0
2000-04-27 00:00:00-04:00,3.0630059679868684,3.156747567351996,3.055975545851651,3.135655641555786,2004379,0.0,0.0
2000-04-28 00:00:00-04:00,3.177838958880293,3.1919001304819994,3.098158546876991,3.14971661567688,963467,0.0,0.0
2000-05-01 00:00:00-04:00,3.126281203484115,3.1778389423201054,3.0958150570931613,3.166121244430542,1344243,0.0,0.0
2000-05-02 00:00:00-04:00,3.156748010550592,3.17315299055987,3.0981595027217246,3.1215949058532715,1126657,0.0,0.0
2000-05-03 00:00:00-04:00,3.08409690356476,3.105188822588937,2.9997295571632256,3.046600341796875,952403,0.0,0.0
2000-05-04 00:00:00-04:00,3.0765337403056425,3.2087285785180137,3.050094840290486,3.081341028213501,1432753,0.44,0.0
2000-05-05 00:00:00-04:00,3.090954175018948,3.1919028007243835,3.090954175018948,3.1534461975097656,848680,0.0,0.0
2000-05-08 00:00:00-04:00,3.148639871532992,3.189499957127755,3.127007922279528,3.1438329219818115,841766,0.0,0.0
2000-05-09 00:00:00-04:00,3.124603919075782,3.1366216290578928,3.0380764748318874,3.076533079147339,1170451,0.0,0.0
2000-05-10 00:00:00-04:00,3.086148003695676,3.134218854355202,3.0380771530361503,3.0524983406066895,1794168,0.0,0.0
2000-05-11 00:00:00-04:00,3.0621126121115765,3.1366223638276485,3.0476910862455133,3.09816575050354,1020168,0.0,0.0
2000-05-12 00:00:00-04:00,3.0500942079222857,3.12941089152323,3.0500942079222857,3.0789365768432617,700242,0.0,0.0
2000-05-15 00:00:00-04:00,3.088550869179158,3.131814761490687,3.07653315888557,3.1053755283355713,1125735,0.0,0.0
2000-05-16 00:00:00-04:00,3.1149895942951478,3.167867719584692,3.0957614617560933,3.1534461975097656,766163,0.0,0.0
2000-05-17 00:00:00-04:00,3.1438329887365715,3.1919034996788134,3.1173937512339527,3.1822896003723145,714072,0.0,0.0
2000-05-18 00:00:00-04:00,3.189500318356068,3.235167696810666,3.16546489160487,3.1774826049804688,793362,0.0,0.0
2000-05-19 00:00:00-04:00,3.1678675589536622,3.172674507310556,3.0621116518735794,3.0861470699310303,1222542,0.0,0.0
2000-05-22 00:00:00-04:00,3.095761231946261,3.143832066930184,2.9611626234820903,3.038076162338257,1840267,0.0,0.0
2000-05-23 00:00:00-04:00,3.052499195713314,3.0693242010393478,2.980392899524652,2.9876036643981934,1553532,0.0,0.0
2000-05-24 00:00:00-04:00,2.9972168672275092,3.050095008307244,2.9395321142483213,2.968374490737915,1786332,0.0,0.0
2000-05-25 00:00:00-04:00,2.958759475094599,2.958759475094599,2.857810845769363,2.8794424533843994,1608390,0.0,0.0
2000-05-26 00:00:00-04:00,2.8770390009567612,2.903477892575769,2.8313714710176066,2.8409855365753174,833468,0.0,0.0
2000-05-30 00:00:00-04:00,2.8457932307953198,2.9371279656265887,2.7881083219773384,2.833775520324707,2528524,0.0,0.0
2000-05-31 00:00:00-04:00,2.8530021719654983,2.908283746664298,2.7808961156716014,2.7905101776123047,1837962,0.0,0.0
2000-06-01 00:00:00-04:00,2.790513048940676,2.843391204830891,2.759267188681494,2.8025307655334473,2977066,0.0,0.0
2000-06-02 00:00:00-04:00,2.8457935477752025,2.9419352422488863,2.8121440561503843,2.8241617679595947,1164458,0.0,0.0
2000-06-05 00:00:00-04:00,2.8241622755500426,2.929918057037751,2.8169515119138886,2.898671865463257,1256195,0.0,0.0
2000-06-06 00:00:00-04:00,2.898671094790723,2.929917278057764,2.8385828790572156,2.87223219871521,1273712,0.0,0.0
2000-06-07 00:00:00-04:00,2.862618505751346,2.862618505751346,2.804933584529317,2.819354772567749,694249,0.0,0.0
2000-06-08 00:00:00-04:00,2.8097406354862797,2.874636149155138,2.8025298725734746,2.8121442794799805,526910,0.0,0.0
2000-06-09 00:00:00-04:00,2.8217578880353753,2.8962676273902783,2.8169507699002883,2.8626179695129395,771234,0.0,0.0
2000-06-12 00:00:00-04:00,2.872233836576184,2.896269271830156,2.8409876354913273,2.8578126430511475,1223464,0.0,0.0
2000-06-13 00:00:00-04:00,2.934724227112752,2.934724227112752,2.824161524687442,2.87223219871521,1495448,0.0,0.0
2000-06-14 00:00:00-04:00,2.881846132016012,2.9227062090977314,2.802529113990904,2.814546823501587,908609,0.0,0.0
2000-06-15 00:00:00-04:00,2.814547361816628,2.87463592086268,2.764073039845258,2.8241617679595947,1057508,0.0,0.0
2000-06-16 00:00:00-04:00,2.8337758054253737,2.84819699181369,2.776090721735543,2.800126314163208,1067650,0.0,0.0
2000-06-19 00:00:00-04:00,2.792915313785147,2.792915313785147,2.6655276146547715,2.689563035964966,1597326,0.0,0.0
2000-06-20 00:00:00-04:00,2.6799489205039126,2.6895631570882705,2.5910179929058432,2.615053415298462,3681918,0.0,0.0
2000-06-21 00:00:00-04:00,2.61745726099673,2.6222642109021317,2.591018360243822,2.600632429122925,2298951,0.0,0.0
2000-06-22 00:00:00-04:00,2.629474378186267,2.6967736904347483,2.5982283655384784,2.627070903778076,2905152,0.0,0.0
2000-06-23 00:00:00-04:00,2.6270723526975686,2.689564412459635,2.6270723526975686,2.6727397441864014,1304598,0.0,0.0
2000-06-26 00:00:00-04:00,2.6967745016451556,2.7424417126156584,2.6631246663305252,2.6775460243225098,1845338,0.0,0.0
2000-06-27 00:00:00-04:00,2.636685514811718,2.677545771664221,2.6174572083718037,2.6655280590057373,2002996,0.0,0.0
2000-06-28 00:00:00-04:00,2.6655272037114024,2.6991766869169846,2.6511058517076598,2.6583166122436523,640774,0.0,0.0
2000-06-29 00:00:00-04:00,2.653510186962304,2.6655278988989353,2.60063222062747,2.6246676445007324,1473320,0.0,0.0
2000-06-30 00:00:00-04:00,2.61505351565292,2.6246675835379483,2.5477541951163087,2.576596736907959,2994122,0.0,0.0
2000-07-03 00:00:00-04:00,2.5669821826008876,2.6895627506520365,2.5669821826008876,2.684755802154541,525988,0.0,0.0
2000-07-05 00:00:00-04:00,2.675143011189684,2.675143011189684,2.5717906820070375,2.603036880493164,1723637,0.0,0.0
2000-07-06 00:00:00-04:00,2.607842922472078,2.6511064815571297,2.5717896184313034,2.576596736907959,1329953,0.0,0.0
2000-07-07 00:00:00-04:00,2.5862114675822983,2.6991778434740077,2.5717901093992204,2.691967248916626,3557912,0.0,0.0
2000-07-10 00:00:00-04:00,2.7015821292652906,2.8049344599802577,2.641493545237013,2.6727397441864014,1727325,0.0,0.0
2000-07-11 00:00:00-04:00,2.667932623650468,2.706389249801224,2.641493545237013,2.6727397441864014,2535900,0.0,0.0
2000-07-12 00:00:00-04:00,2.6631247062916112,2.6799495396672324,2.5958257109257565,2.6318788528442383,3313127,0.0,0.0
2000-07-13 00:00:00-04:00,2.64149178610674,2.672737964247395,2.6318777205058206,2.6583166122436523,1648035,0.0,0.0
2000-07-14 00:00:00-04:00,2.6559132658283144,2.7160016436612646,2.64870250494557,2.684755802154541,1554454,0.0,0.0
2000-07-17 00:00:00-04:00,2.7111954986157785,2.8385833910518197,2.7111954986157785,2.7196078300476074,4079290,0.0,0.0
2000-07-18 00:00:00-04:00,2.718407190494297,2.7664780616760254,2.6775469161761536,2.7664780616760254,3472629,0.0,0.0
2000-07-19 00:00:00-04:00,2.75686169457384,2.807336002777143,2.723212212127718,2.7881078720092773,1420768,0.0,0.0
2000-07-20 00:00:00-04:00,2.778494803507813,2.780898447809885,2.6511070656842395,2.6823532581329346,2012216,0.0,0.0
2000-07-21 00:00:00-04:00,2.634281719398902,2.6559136671795693,2.586210874613664,2.615053415298462,1318889,0.0,0.0
2000-07-24 00:00:00-04:00,2.6150536765608883,2.672738763693634,2.603035964163924,2.617457151412964,800277,0.0,0.0
2000-07-25 00:00:00-04:00,2.627069974241913,2.6679302082014114,2.605438035949178,2.6294734477996826,702086,0.0,0.0
2000-07-26 00:00:00-04:00,2.6054395480966264,2.629474973896834,2.5741935283700164,2.600632429122925,2024202,0.0,0.0
2000-07-27 00:00:00-04:00,2.610246893366204,2.6823531770180957,2.557369087276135,2.5886149406433105,1033537,0.0,0.0
2000-07-28 00:00:00-04:00,2.578999897443306,2.6198601432363122,2.5261219422446066,2.5862104892730713,2172179,0.0,0.0
2000-07-31 00:00:00-04:00,2.5814042601955998,2.670335199327933,2.576596972211644,2.6078431606292725,1883600,0.0,0.0
2000-08-01 00:00:00-04:00,2.636685876145088,2.6967746167404063,2.629475281375512,2.6823532581329346,1341477,0.0,0.0
2000-08-02 00:00:00-04:00,2.691967248916626,2.713599201657085,2.6823531791962227,2.691967248916626,3397949,0.0,0.0
2000-08-03 00:00:00-04:00,2.7425952144310846,2.7648728620811065,2.7302188789360136,2.7475459575653076,6251469,0.44,0.0
2000-08-04 00:00:00-04:00,2.747545096593621,2.777248327296676,2.6856634385095233,2.6980397701263428,2154662,0.0,0.0
2000-08-07 00:00:00-04:00,2.6980400898978885,2.81437748159354,2.6732874237305646,2.8119022846221924,1340095,0.0,0.0
2000-08-08 00:00:00-04:00,2.8218029865684717,2.8218029865684717,2.7574461301098334,2.804476261138916,1754062,0.0,0.0
2000-08-09 00:00:00-04:00,2.7995259515385307,2.831704382733359,2.7945753834823734,2.8119022846221924,1493604,0.0,0.0
2000-08-10 00:00:00-04:00,2.821803698419372,2.8292296387493043,2.7772491011207174,2.8242790699005127,692866,0.0,0.0
2000-08-11 00:00:00-04:00,2.834179159638425,2.8886350519580795,2.8143770644622146,2.8737833499908447,1034459,0.0,0.0
2000-08-14 00:00:00-04:00,2.88120928803118,2.8861596812401555,2.851506058210147,2.8737833499908447,440705,0.0,0.0
2000-08-15 00:00:00-04:00,2.8589329633556217,2.8812104381423977,2.824279326492699,2.831705093383789,1603319,0.0,0.0
2000-08-16 00:00:00-04:00,2.8416063852377103,2.846556780689757,2.7326945512494105,2.750021457672119,4486343,0.0,0.0
2000-08-17 00:00:00-04:00,2.772297938689226,2.7995259761810303,2.7500206434106182,2.7995259761810303,2402674,0.0,0.0
2000-08-18 00:00:00-04:00,2.809427099316693,2.8267540016022896,2.7401196642877785,2.7722980976104736,2180938,0.0,0.0
2000-08-21 00:00:00-04:00,2.7821991349663464,2.78467433201293,2.7326938011269366,2.7351691722869873,726518,0.0,0.0
2000-08-22 00:00:00-04:00,2.7351697502684256,2.7351697502684256,2.668337500639896,2.7054665088653564,2316008,0.0,0.0
2000-08-23 00:00:00-04:00,2.6955651064880275,2.772298312997081,2.6881393403925524,2.7178425788879395,1307364,0.0,0.0
2000-08-24 00:00:00-04:00,2.71784215099871,2.71784215099871,2.668336819338204,2.693089485168457,1588106,0.0,0.0
2000-08-25 00:00:00-04:00,2.653486937005832,2.653486937005832,2.584179459923839,2.6386353969573975,3124582,0.0,0.0
2000-08-28 00:00:00-04:00,2.628732393473635,2.6881386817963318,2.5990291622555644,2.6732871532440186,1464100,0.0,0.0
2000-08-29 00:00:00-04:00,2.6732875714757833,2.6732875714757833,2.6361583960593094,2.6534852981567383,2094733,0.0,0.0
2000-08-30 00:00:00-04:00,2.6485355958895282,2.65348616583811,2.5916046508781885,2.6163573265075684,1897430,0.0,0.0
2000-08-31 00:00:00-04:00,2.6064549754954265,2.6658612649341036,2.574276546951962,2.628732442855835,1812608,0.0,0.0
2000-09-01 00:00:00-04:00,2.618831737685407,2.6460597771660956,2.596554266666069,2.633683443069458,1351158,0.0,0.0
2000-09-05 00:00:00-04:00,2.653486027777269,2.665862364948018,2.6188323881672826,2.6472978591918945,1629595,0.0,0.0
2000-09-06 00:00:00-04:00,2.6435841776429405,2.7005151006361308,2.638633609609001,2.680713176727295,1624064,0.0,0.0
2000-09-07 00:00:00-04:00,2.670811832582355,2.670811832582355,2.621306504326734,2.628732442855835,1354846,0.0,0.0
2000-09-08 00:00:00-04:00,2.6039808591314753,2.611406452514594,2.5222968943278956,2.5420989990234375,1779417,0.0,0.0
2000-09-11 00:00:00-04:00,2.5594249819694066,2.5891282153465798,2.5445734523375485,2.5742766857147217,1339173,0.0,0.0
2000-09-12 00:00:00-04:00,2.569326162338257,2.579227473124534,2.5519994343310533,2.569326162338257,1326265,0.0,0.0
2000-09-13 00:00:00-04:00,2.554475114604895,2.571801844708344,2.5371482103879535,2.5495245456695557,868503,0.0,0.0
2000-09-14 00:00:00-04:00,2.539623718855951,2.561901019095993,2.5247720112490875,2.534672975540161,1477930,0.0,0.0
2000-09-15 00:00:00-04:00,2.5346725098054894,2.5445736463907758,2.490117743398641,2.495068311691284,1901118,0.0,0.0
2000-09-18 00:00:00-04:00,2.4356621342853044,2.4950684343777136,2.3911071915741493,2.452988862991333,3882909,0.0,0.0
2000-09-19 00:00:00-04:00,2.452988958063057,2.4901179623523944,2.443087994720658,2.487642765045166,2404979,0.0,0.0
2000-09-20 00:00:00-04:00,2.4678399791698267,2.472790546523482,2.4381367491613326,2.4554636478424072,1439668,0.0,0.0
2000-09-21 00:00:00-04:00,2.4505126469051386,2.475265481052485,2.443087057831063,2.4678397178649902,1184741,0.0,0.0
2000-09-22 00:00:00-04:00,2.4678406525622494,2.4876427532667744,2.4158599423352016,2.4628899097442627,1725942,0.0,0.0
2000-09-25 00:00:00-04:00,2.4579399699698685,2.475266876585051,2.4307120982270938,2.4418506622314453,714072,0.0,0.0
2000-09-26 00:00:00-04:00,2.452988502659322,2.4604144414293327,2.4059585437588207,2.4109089374542236,742653,0.0,0.0
2000-09-27 00:00:00-04:00,2.401007411872817,2.4257600709884155,2.336650567817626,2.344076156616211,1158465,0.0,0.0
2000-09-28 00:00:00-04:00,2.3539783691498526,2.4554642409007914,2.3341760949524684,2.4331867694854736,1062118,0.0,0.0
2000-09-29 00:00:00-04:00,2.4356621600751622,2.4628898520281517,2.3762556852402525,2.440612554550171,960701,0.0,0.0
2000-10-02 00:00:00-04:00,2.430710727814099,2.5024933374444376,2.430710727814099,2.4678397178649902,1086090,0.0,0.0
2000-10-03 00:00:00-04:00,2.467840664246883,2.542098498712073,2.4307116599575456,2.487642765045166,1603319,0.0,0.0
2000-10-04 00:00:00-04:00,2.4876419196988455,2.601504091181634,2.485166723232734,2.5049686431884766,1134954,0.0,0.0
2000-10-05 00:00:00-04:00,2.4950679440041656,2.5346721362820768,2.4925925731658936,2.4925925731658936,1132189,0.0,0.0
2000-10-06 00:00:00-04:00,2.495067507562521,2.507443837248659,2.4208095294456924,2.4282352924346924,1011870,0.0,0.0
2000-10-09 00:00:00-04:00,2.4381374858075877,2.4604149585731183,2.420810581891452,2.4430880546569824,931197,0.0,0.0
2000-10-10 00:00:00-04:00,2.452988725160194,2.452988725160194,2.376255526559844,2.4034833908081055,523683,0.0,0.0
2000-10-11 00:00:00-04:00,2.3812056253893465,2.4282355792843133,2.3515023958110635,2.3638787269592285,727901,0.0,0.0
2000-10-12 00:00:00-04:00,2.386157459269559,2.388632831461831,2.314374799737402,2.3366522789001465,1056586,0.0,0.0
2000-10-13 00:00:00-04:00,2.2772451729927217,2.381206242279358,2.2772451729927217,2.349027633666992,1413853,0.0,0.0
2000-10-16 00:00:00-04:00,2.3812062671868897,2.4653652372094013,2.3515030296028048,2.401008367538452,1209635,0.0,0.0
2000-10-17 00:00:00-04:00,2.3935820030087758,2.4331861938064434,2.3019971159115515,2.3391261100769043,1048289,0.0,0.0
2000-10-18 00:00:00-04:00,2.3366509134445894,2.38368086825264,2.3217992113103856,2.3391261100769043,1028466,0.0,0.0
2000-10-19 00:00:00-04:00,2.3366511167751924,2.4257606408807924,2.3366511167751924,2.4109089374542236,807191,0.0,0.0
2000-10-20 00:00:00-04:00,2.3861562725233956,2.4307112086896487,2.37130474321028,2.4109089374542236,880489,0.0,0.0
2000-10-23 00:00:00-04:00,2.420809658176145,2.4925922697048537,2.413383894792268,2.4703149795532227,986516,0.0,0.0
2000-10-24 00:00:00-04:00,2.467840946319419,2.5074451524427186,2.4406129022603333,2.4826924800872803,921056,0.0,0.0
2000-10-25 00:00:00-04:00,2.4752667132033497,2.5099203500328606,2.4727915156132076,2.4826924800872803,934424,0.0,0.0
2000-10-26 00:00:00-04:00,2.492592998955026,2.5346725692593157,2.4752662706945605,2.517345666885376,1007722,0.0,0.0
2000-10-27 00:00:00-04:00,2.5099198646418346,2.571801533563194,2.480216628736888,2.569326162338257,903538,0.0,0.0
2000-10-30 00:00:00-05:00,2.5718015301128268,2.6831885340218347,2.5643757646749203,2.6534852981567383,1262187,0.0,0.0
2000-10-31 00:00:00-05:00,2.6782380824226495,2.7178424566734187,2.665861748115561,2.6955649852752686,1148784,0.0,0.0
2000-11-01 00:00:00-05:00,2.6633866706653113,2.7475458173833265,2.6633866706653113,2.7178425788879395,1113288,0.0,0.0
2000-11-02 00:00:00-05:00,2.79041835978988,2.866938076582094,2.79041835978988,2.8516340255737305,1689985,0.44,0.0
2000-11-03 00:00:00-05:00,2.831228983062315,2.882241948173923,2.8210262823900725,2.8516340255737305,1607929,0.0,0.0
2000-11-06 00:00:00-05:00,2.8541850328041773,2.9230528196481678,2.851634267711259,2.861837148666382,720526,0.0,0.0
2000-11-07 00:00:00-05:00,2.8567353759098517,2.8567353759098517,2.823576867849866,2.8516340255737305,672583,0.0,0.0
2000-11-08 00:00:00-05:00,2.831229063337597,2.8847927948442527,2.8286782983889456,2.8363304138183594,660597,0.0,0.0
2000-11-09 00:00:00-05:00,2.8414313421288817,2.8822417836553185,2.8337794067697404,2.854184627532959,916907,0.0,0.0
2000-11-10 00:00:00-05:00,2.8439812926620616,2.849082820984853,2.7674617767333984,2.7674617767333984,936729,0.0,0.0
2000-11-13 00:00:00-05:00,2.7547087699575354,2.8312284729632866,2.7547087699575354,2.8006205558776855,1412470,0.0,0.0
2000-11-14 00:00:00-05:00,2.7929683970742207,2.905196998733175,2.7929683970742207,2.892443895339966,2101648,0.0,0.0
2000-11-15 00:00:00-05:00,2.877141564274298,2.963863826044428,2.8567361573480707,2.9307053089141846,1173217,0.0,0.0
2000-11-16 00:00:00-05:00,2.9307038737298305,2.9307038737298305,2.8516334091534703,2.8847920894622803,562867,0.0,0.0
2000-11-17 00:00:00-05:00,2.8975461063559376,2.9485590733543994,2.8975461063559376,2.915400743484497,565172,0.0,0.0
2000-11-20 00:00:00-05:00,2.92560237738591,2.946007593876936,2.8898932933807373,2.8898932933807373,740809,0.0,0.0
2000-11-21 00:00:00-05:00,2.8796903089550683,2.9332540193425474,2.8796903089550683,2.91795015335083,1235911,0.0,0.0
2000-11-22 00:00:00-05:00,2.9230519395879884,2.9230519395879884,2.8847920894622803,2.8847920894622803,884177,0.0,0.0
2000-11-24 00:00:00-05:00,2.8949948115917046,2.93070407931391,2.8949948115917046,2.897545576095581,472053,0.0,0.0
2000-11-27 00:00:00-05:00,2.8975452443471426,2.9128491119521835,2.889893310544622,2.892443895339966,1715800,0.0,0.0
2000-11-28 00:00:00-05:00,2.8949948115917046,2.9077480958615625,2.8822415273218467,2.897545576095581,1676155,0.0,0.0
2000-11-29 00:00:00-05:00,2.8873434053063205,2.9179513290386305,2.879691469227378,2.915400743484497,1029388,0.0,0.0
2000-11-30 00:00:00-05:00,2.9051980022473907,2.9051980022473907,2.7955199474987595,2.861837148666382,1680765,0.0,0.0
2000-12-01 00:00:00-05:00,2.8465321347313286,2.8465321347313286,2.7674618524771635,2.7878670692443848,2661288,0.0,0.0
2000-12-04 00:00:00-05:00,2.7904164291728675,2.861834925632883,2.6781876965090343,2.8592841625213623,3908263,0.0,0.0
2000-12-05 00:00:00-05:00,2.8592864633449184,3.05058559748955,2.8592864633449184,2.9791672229766846,3188199,0.0,0.0
2000-12-06 00:00:00-05:00,2.979164355270482,2.979164355270482,2.9000941202104955,2.920499324798584,1408321,0.0,0.0
2000-12-07 00:00:00-05:00,2.9205011570258876,2.9485583085096048,2.8771401373540515,2.9000959396362305,1011409,0.0,0.0
2000-12-08 00:00:00-05:00,2.9102986380393068,2.9230519213349044,2.854184155655378,2.9000959396362305,1003112,0.0,0.0
2000-12-11 00:00:00-05:00,2.9000945781415903,2.9000945781415903,2.854182815714731,2.8592841625213623,1336868,0.0,0.0
2000-12-12 00:00:00-05:00,2.8618362346994304,2.9587611506953593,2.8618362346994304,2.912849187850952,911375,0.0,0.0
2000-12-13 00:00:00-05:00,2.9230513134220106,2.9230513134220106,2.8439808657838492,2.846531629562378,770312,0.0,0.0
2000-12-14 00:00:00-05:00,2.838879037860317,2.8465311484862066,2.7904166872561063,2.8031699657440186,1045984,0.0,0.0
2000-12-15 00:00:00-05:00,2.798069769560444,2.81337363827521,2.7674620321309122,2.770012617111206,1689985,0.0,0.0
2000-12-18 00:00:00-05:00,2.7751140763262256,2.8159245141251965,2.75470885742674,2.7776646614074707,1141408,0.0,0.0
2000-12-19 00:00:00-05:00,2.7343035306923684,2.7776647341242504,2.7343035306923684,2.7521581649780273,1417541,0.0,0.0
2000-12-20 00:00:00-05:00,2.7343035672356493,2.7368543318342695,2.667986558335764,2.693493127822876,1536937,0.0,0.0
2000-12-21 00:00:00-05:00,2.6883914355609644,2.7547086154290468,2.6883914355609644,2.731752634048462,1151089,0.0,0.0
2000-12-22 00:00:00-05:00,2.7368545063392835,2.887343168258667,2.7368545063392835,2.887343168258667,2150974,0.0,0.0
2000-12-26 00:00:00-05:00,2.894994866412134,3.055686035955426,2.8847923464529552,3.025078296661377,2585686,0.0,0.0
2000-12-27 00:00:00-05:00,3.0199762793286293,3.060786706551611,2.999571065717139,3.0582361221313477,1135415,0.0,0.0
2000-12-28 00:00:00-05:00,3.068439727076627,3.0811933721110396,3.019977526577989,3.0505852699279785,960240,0.0,0.0
2000-12-29 00:00:00-05:00,3.0505847908791264,3.114351211872265,3.025078222481871,3.068439245223999,1354846,0.0,0.0
2001-01-02 00:00:00-05:00,3.6551583563716963,4.001768200510392,3.6551583563716963,3.7706949710845947,2121200,2.616,1.1524720525527257
2001-01-03 00:00:00-05:00,3.7146761202386447,4.029775885386126,3.6726628182189804,3.921241521835327,3412800,0.0,0.0
2001-01-04 00:00:00-05:00,3.921243640257039,3.9632569649740783,3.8967358675054324,3.9072391986846924,1886000,0.0,0.0
2001-01-05 00:00:00-05:00,3.900234870825495,4.029775885386126,3.8267115922910824,3.921241521835327,2784000,0.0,0.0
2001-01-08 00:00:00-05:00,3.893233448541406,3.9037367761903488,3.7882001720519796,3.8022046089172363,2054400,0.0,0.0
2001-01-09 00:00:00-05:00,3.802205817310399,3.963256892445094,3.802205817310399,3.8407180309295654,1803600,0.0,0.0
2001-01-10 00:00:00-05:00,3.847718611533332,3.921241897104032,3.7741953259626313,3.9037363529205322,1972000,0.0,0.0
2001-01-11 00:00:00-05:00,3.8652245677601207,3.9212423151189633,3.7776968375119298,3.85122013092041,1319200,0.0,0.0
2001-01-12 00:00:00-05:00,3.8372166540738797,3.8372166540738797,3.725181131327197,3.7391855716705322,1436800,0.0,0.0
2001-01-16 00:00:00-05:00,3.8092052424065423,3.8092052424065423,3.665659824264384,3.746185302734375,1553600,0.0,0.0
2001-01-17 00:00:00-05:00,3.746188428370868,3.809208420623836,3.711177321563664,3.76019287109375,1250400,0.0,0.0
2001-01-18 00:00:00-05:00,3.802204931430924,3.84771935510367,3.732182741165161,3.732182741165161,1042400,0.0,0.0
2001-01-19 00:00:00-05:00,3.672665672708851,3.7181801186051477,3.5991423370302185,3.6131467819213867,1191600,0.0,0.0
2001-01-22 00:00:00-05:00,3.571132123749093,3.7811987192637457,3.571132123749093,3.7426865100860596,1686800,0.0,0.0
2001-01-23 00:00:00-05:00,3.630648733540015,3.707673103971915,3.592136548324065,3.697169780731201,1460000,0.0,0.0
2001-01-24 00:00:00-05:00,3.690169819446553,3.6971720392177985,3.6131454019628486,3.6656620502471924,2172000,0.0,0.0
2001-01-25 00:00:00-05:00,3.7181772152657993,3.7321816492216024,3.67966502188734,3.700671672821045,4389200,0.0,0.0
2001-01-26 00:00:00-05:00,3.7006731702609863,3.7391853792230214,3.6866687306384285,3.704174280166626,1461600,0.0,0.0
2001-01-29 00:00:00-05:00,3.6898896862439723,3.7811984732973487,3.6887690918071026,3.748148202896118,1407200,0.0,0.0
2001-01-30 00:00:00-05:00,3.7481473172434554,3.859622504004383,3.727420598874443,3.8489789962768555,1252400,0.0,0.0
2001-01-31 00:00:00-05:00,3.8489813960000148,3.971660464061189,3.8489813960000148,3.8540232181549072,2202400,0.0,0.0
2001-02-01 00:00:00-05:00,3.9781953303127935,3.981069924471419,3.883339863498998,3.9741711616516113,1647200,0.44,0.0
2001-02-02 00:00:00-05:00,4.006940444605783,4.0144142157068705,3.952326651767451,3.9592254161834717,989200,0.0,0.0
2001-02-05 00:00:00-05:00,3.9465782763199515,4.029936270922554,3.9120853281603103,3.9609503746032715,1135600,0.0,0.0
2001-02-06 00:00:00-05:00,4.009813704844006,4.075925416371758,3.997741200085251,4.0201616287231445,819200,0.0,0.0
2001-02-07 00:00:00-05:00,3.9954440671414213,4.015564920766395,3.943704415961693,3.9839465618133545,746400,0.0,0.0
2001-02-08 00:00:00-05:00,3.9839461696231737,4.039709547436688,3.9781969789233917,4.039134979248047,679600,0.0,0.0
2001-02-09 00:00:00-05:00,4.0241868350668195,4.0241868350668195,3.9868192981637445,4.009814739227295,1356400,0.0,0.0
2001-02-12 00:00:00-05:00,3.978196892755764,4.081676182687087,3.9776223245795674,4.021313190460205,1301200,0.0,0.0
2001-02-13 00:00:00-05:00,4.021312999171975,4.067303889976322,4.021312999171975,4.041434288024902,1310000,0.0,0.0
2001-02-14 00:00:00-05:00,4.055804692786079,4.093171782532476,4.029934663036892,4.038558006286621,1298400,0.0,0.0
2001-02-15 00:00:00-05:00,4.027061545580542,4.081675335901982,4.027061545580542,4.067878246307373,3131600,0.0,0.0
2001-02-16 00:00:00-05:00,4.018438249215026,4.06155453850145,4.018438249215026,4.046032428741455,1077600,0.0,0.0
2001-02-20 00:00:00-05:00,4.046607798075199,4.163309161359965,4.046607798075199,4.152386665344238,1502800,0.0,0.0
2001-02-21 00:00:00-05:00,4.15238777872882,4.207001589255964,4.14951318297403,4.177107810974121,1294400,0.0,0.0
2001-02-22 00:00:00-05:00,4.167907690705468,4.202400632149618,4.162158940231701,4.178830623626709,2690000,0.0,0.0
2001-02-23 00:00:00-05:00,4.179402775318012,4.197224461665037,4.094895271148669,4.127663612365723,1629200,0.0,0.0
2001-02-26 00:00:00-05:00,4.13628770635914,4.29438071087546,4.104669368616728,4.170206069946289,2129200,0.0,0.0
2001-02-27 00:00:00-05:00,4.162160941107757,4.262765657867812,4.121918791242681,4.128817558288574,839200,0.0,0.0
2001-02-28 00:00:00-05:00,4.128816246399953,4.162159618624625,4.038559489586011,4.090299129486084,1571600,0.0,0.0
2001-03-01 00:00:00-05:00,4.024186608151454,4.063278724174701,4.001191168384568,4.035684108734131,2239600,0.0,0.0
2001-03-02 00:00:00-05:00,4.035684231316736,4.225396066904068,3.992567944919756,4.139163494110107,2248400,0.0,0.0
2001-03-05 00:00:00-05:00,4.1535373347854945,4.244943689824954,4.1449139861624795,4.228272438049316,877600,0.0,0.0
2001-03-06 00:00:00-05:00,4.254139030620965,4.300129898284462,4.167906482702972,4.170206069946289,2102800,0.0,0.0
2001-03-07 00:00:00-05:00,4.1679098042403515,4.216774865949023,4.160436468694902,4.209876537322998,1078800,0.0,0.0
2001-03-08 00:00:00-05:00,4.224247903222429,4.30990549800043,4.219648725872843,4.298407554626465,744400,0.0,0.0
2001-03-09 00:00:00-05:00,4.284032624357039,4.296105566574821,4.196650505447409,4.208148002624512,916400,0.0,0.0
2001-03-12 00:00:00-05:00,4.2110252414575555,4.251266945457434,4.1995277370580695,4.2052764892578125,1134400,0.0,0.0
2001-03-13 00:00:00-05:00,4.205850458067754,4.292657603644005,4.159284567958291,4.266788005828857,2323600,0.0,0.0
2001-03-14 00:00:00-05:00,4.225396974039006,4.225396974039006,3.998317992371443,4.041434288024902,1608800,0.0,0.0
2001-03-15 00:00:00-05:00,4.055806571608041,4.13628997628496,4.018439025949952,4.0667290687561035,1774800,0.0,0.0
2001-03-16 00:00:00-05:00,4.024187326752218,4.044308175665656,3.8833409457565344,3.9017372131347656,2940800,0.0,0.0
2001-03-19 00:00:00-05:00,3.955202633929977,4.099498221782187,3.9385309430279727,4.087425708770752,1548000,0.0,0.0
2001-03-20 00:00:00-05:00,4.0730510568638465,4.082823974811622,3.943702220232734,3.949450969696045,1898400,0.0,0.0
2001-03-21 00:00:00-05:00,3.93508045883386,3.93795505402198,3.804006988525888,3.811480760574341,2117200,0.0,0.0
2001-03-22 00:00:00-05:00,3.7827365979938667,3.8235533061521365,3.7252482025143347,3.8206787109375,1277600,0.0,0.0
2001-03-23 00:00:00-05:00,3.851723163043557,3.8689698601098157,3.7591667952315366,3.8143556118011475,1020000,0.0,0.0
2001-03-26 00:00:00-05:00,3.828726530573678,3.971872493043792,3.8172290284818997,3.9592254161834717,1171200,0.0,0.0
2001-03-27 00:00:00-05:00,3.9592259159628362,4.02993639609619,3.9293317049880745,4.025337219238281,1301200,0.0,0.0
2001-03-28 00:00:00-05:00,4.025336180393997,4.025911187003251,3.932205285365281,3.9787707328796387,1248000,0.0,0.0
2001-03-29 00:00:00-05:00,3.950028833321352,3.9609517722233516,3.8804679057177376,3.909212112426758,1070000,0.0,0.0
2001-03-30 00:00:00-05:00,3.9207108205048486,3.968426323520554,3.8459761233327274,3.937957525253296,976400,0.0,0.0
2001-04-02 00:00:00-04:00,3.9437035185889426,3.9465781135677145,3.834475488419821,3.8908143043518066,1556000,0.0,0.0
2001-04-03 00:00:00-04:00,3.890815236335427,3.890815236335427,3.8034330544300703,3.8137805461883545,949600,0.0,0.0
2001-04-04 00:00:00-04:00,3.8137802931069804,3.9379554491867914,3.8137802931069804,3.8931145668029785,1951200,0.0,0.0
2001-04-05 00:00:00-04:00,3.8890899842206985,4.006366361891487,3.883341232478351,3.990844249725342,1355200,0.0,0.0
2001-04-06 00:00:00-04:00,3.9552009859728403,3.9609497366399293,3.8574704702260783,3.9166834354400635,1014000,0.0,0.0
2001-04-09 00:00:00-04:00,3.937954560766482,4.040283820782408,3.937954560766482,4.036259651184082,1348800,0.0,0.0
2001-04-10 00:00:00-04:00,4.036261453646687,4.093749867067552,4.013841007500693,4.086276531219482,1700400,0.0,0.0
2001-04-11 00:00:00-04:00,4.087999918642365,4.116169110177053,3.9896948130566234,3.9925689697265625,1367600,0.0,0.0
2001-04-12 00:00:00-04:00,3.993142359270897,4.04430697645162,3.993142359270897,4.029934883117676,1419600,0.0,0.0
2001-04-16 00:00:00-04:00,4.018438848664851,4.173657337810035,4.004066750092088,4.1725077629089355,2189200,0.0,0.0
2001-04-17 00:00:00-04:00,4.116167140834833,4.1736555099487305,4.0845488009830575,4.1736555099487305,821200,0.0,0.0
2001-04-18 00:00:00-04:00,4.159284019262095,4.377740028932598,4.159284019262095,4.294381618499756,1890000,0.0,0.0
2001-04-19 00:00:00-04:00,4.29438092189572,4.305878858677297,4.254139239663801,4.303004264831543,994000,0.0,0.0
2001-04-20 00:00:00-04:00,4.26276439671788,4.305880691144693,4.222522258758545,4.222522258758545,1000800,0.0,0.0
2001-04-23 00:00:00-04:00,4.167908795454493,4.23057093785046,4.167333788674241,4.220798015594482,927600,0.0,0.0
2001-04-24 00:00:00-04:00,4.165033175616985,4.25299077008947,4.165033175616985,4.179980278015137,621200,0.0,0.0
2001-04-25 00:00:00-04:00,4.14203691046224,4.236892362673202,4.099495204191547,4.227119445800781,1038800,0.0,0.0
2001-04-26 00:00:00-04:00,4.226544481912569,4.226544481912569,4.173655290374607,4.188027381896973,1173200,0.0,0.0
2001-04-27 00:00:00-04:00,4.14491357985826,4.228846591784514,4.14491357985826,4.1949286460876465,721200,0.0,0.0
2001-04-30 00:00:00-04:00,4.189178689458375,4.254140405318707,4.179405330865727,4.231719970703125,1097200,0.0,0.0
2001-05-01 00:00:00-04:00,4.231720191043568,4.231720191043568,4.167908046553043,4.183429718017578,507600,0.0,0.0
2001-05-02 00:00:00-04:00,4.179406673683284,4.222522975428029,4.149512897458343,4.19090461730957,875200,0.0,0.0
2001-05-03 00:00:00-04:00,4.26513060420251,4.311670065682484,4.185601326768138,4.306367874145508,1011200,0.44,0.0
2001-05-04 00:00:00-04:00,4.2828038536558095,4.403570859689182,4.272789151542524,4.389432430267334,1100800,0.0,0.0
2001-05-07 00:00:00-04:00,4.389433116149634,4.418299211820121,4.37411621970192,4.394734859466553,900000,0.0,0.0
2001-05-08 00:00:00-04:00,4.403571558486886,4.409462534226441,4.311671078482439,4.3152055740356445,771200,0.0,0.0
2001-05-09 00:00:00-04:00,4.32404119032131,4.341125330347233,4.223892829767881,4.254526615142822,1203600,0.0,0.0
2001-05-10 00:00:00-04:00,4.265130077285273,4.347605056434785,4.265130077285273,4.327575206756592,854400,0.0,0.0
2001-05-11 00:00:00-04:00,4.312847647948176,4.348783172200349,4.276322891483797,4.278679370880127,467600,0.0,0.0
2001-05-14 00:00:00-04:00,4.2786807708247006,4.288695923899089,4.244512932029742,4.2698445320129395,577200,0.0,0.0
2001-05-15 00:00:00-04:00,4.269843967987399,4.324041656319251,4.269254735660239,4.291051387786865,476400,0.0,0.0
2001-05-16 00:00:00-04:00,4.279856887644504,4.4506977857041035,4.279856887644504,4.439504623413086,1316400,0.0,0.0
2001-05-17 00:00:00-04:00,4.453645132113124,4.600921759824884,4.453645132113124,4.595030784606934,2122800,0.0,0.0
2001-05-18 00:00:00-04:00,4.5950305469765835,4.639213533005204,4.506664574919341,4.510199069976807,2053600,0.0,0.0
2001-05-21 00:00:00-04:00,4.512554768397725,4.659831362989377,4.463658831124697,4.656886100769043,1179200,0.0,0.0
2001-05-22 00:00:00-04:00,4.712849904849661,4.7970921148769445,4.666310458104984,4.709904193878174,2063200,0.0,0.0
2001-05-23 00:00:00-04:00,4.712852086776342,4.727579749547519,4.595030784606934,4.595030784606934,1074800,0.0,0.0
2001-05-24 00:00:00-04:00,4.600922309427956,4.612115478295961,4.507254578751447,4.58030366897583,853200,0.0,0.0
2001-05-25 00:00:00-04:00,4.577357340346529,4.603867402605696,4.544956752411004,4.56027364730835,647200,0.0,0.0
2001-05-29 00:00:00-04:00,4.565574520210153,4.59502983969538,4.518445829252787,4.52846097946167,808400,0.0,0.0
2001-05-30 00:00:00-04:00,4.540245974441676,4.55968660621717,4.524340289004424,4.550849914550781,1099200,0.0,0.0
2001-05-31 00:00:00-04:00,4.550845657318219,4.624483936562851,4.550845657318219,4.606810569763184,1628400,0.0,0.0
2001-06-01 00:00:00-04:00,4.606813698758541,4.645105719864562,4.562630701202214,4.638036727905273,978800,0.0,0.0
2001-06-04 00:00:00-04:00,4.659834067543498,4.695180380869892,4.625076986784158,4.679863929748535,570400,0.0,0.0
2001-06-05 00:00:00-04:00,4.679861343364623,4.739360765624062,4.65747501271621,4.724044322967529,1282800,0.0,0.0
2001-06-06 00:00:00-04:00,4.768816272704265,4.768816272704265,4.696356435002289,4.696945667266846,1056800,0.0,0.0
2001-06-07 00:00:00-04:00,4.72463660655739,4.727582320494599,4.671028118632369,4.701072692871094,1002800,0.0,0.0
2001-06-08 00:00:00-04:00,4.7010699118068935,4.7010699118068935,4.5066645927315605,4.583248615264893,1712800,0.0,0.0
2001-06-11 00:00:00-04:00,4.544957116638163,4.582070667432119,4.518447052254513,4.57912540435791,1134400,0.0,0.0
2001-06-12 00:00:00-04:00,4.579126077379088,4.579126077379088,4.481923392591175,4.515502452850342,985200,0.0,0.0
2001-06-13 00:00:00-04:00,4.462480733389108,4.527871576131602,4.441862100419062,4.465426445007324,1056000,0.0,0.0
2001-06-14 00:00:00-04:00,4.459534886855952,4.459534886855952,4.329931669720149,4.344659328460693,1810400,0.0,0.0
2001-06-15 00:00:00-04:00,4.262185019261044,4.307546467002109,4.259239756721686,4.300477027893066,1911200,0.0,0.0
2001-06-18 00:00:00-04:00,4.300476523087467,4.357030680963633,4.300476523087467,4.311080455780029,1430400,0.0,0.0
2001-06-19 00:00:00-04:00,4.318148674082474,4.318148674082474,4.232728004455566,4.232728004455566,820000,0.0,0.0
2001-06-20 00:00:00-04:00,4.235676275818138,4.241567251554769,4.167339698805822,4.192671298980713,1466000,0.0,0.0
2001-06-21 00:00:00-04:00,4.194437496002747,4.223892816759656,4.170873598959242,4.218001842498779,2344400,0.0,0.0
2001-06-22 00:00:00-04:00,4.235676602165373,4.271022908761138,4.21211224795064,4.215646743774414,1019200,0.0,0.0
2001-06-25 00:00:00-04:00,4.230371399041999,4.2474555324559,4.173817258836857,4.178530216217041,500000,0.0,0.0
2001-06-26 00:00:00-04:00,4.005923243763215,4.266308146739228,3.9057753424501285,4.20975399017334,4669200,0.0,0.0
2001-06-27 00:00:00-04:00,4.202096801549746,4.202096801549746,4.118443785837446,4.152022838592529,1582800,0.0,0.0
2001-06-28 00:00:00-04:00,4.157913986244934,4.159092001542849,4.103127061113388,4.111963748931885,1254800,0.0,0.0
2001-06-29 00:00:00-04:00,4.123744360533196,4.167927335824623,4.111962413569802,4.129635334014893,1968400,0.0,0.0
2001-07-02 00:00:00-04:00,4.135526291100018,4.285748586276254,4.135526291100018,4.266897201538086,1634800,0.0,0.0
2001-07-03 00:00:00-04:00,4.28869340297,4.305777087599232,4.2533466706895116,4.299297332763672,656400,0.0,0.0
2001-07-05 00:00:00-04:00,4.273968639427422,4.329933587649991,4.25334954849552,4.265131950378418,721200,0.0,0.0
2001-07-06 00:00:00-04:00,4.265131441090357,4.273968129084196,4.167928772063372,4.189725875854492,819200,0.0,0.0
2001-07-09 00:00:00-04:00,4.182656168758223,4.288695519014821,4.14141889335432,4.1950273513793945,1460000,0.0,0.0
2001-07-10 00:00:00-04:00,4.194438171820091,4.194438171820091,4.111963619974283,4.117854595184326,1286000,0.0,0.0
2001-07-11 00:00:00-04:00,4.117853271812547,4.153199561166023,4.063655598173722,4.1420063972473145,1315200,0.0,0.0
2001-07-12 00:00:00-04:00,4.127280303417333,4.240389101448729,4.1237458079781915,4.228606700897217,1389600,0.0,0.0
2001-07-13 00:00:00-04:00,4.216825416446369,4.28869649808868,4.191493813071665,4.257473468780518,978400,0.0,0.0
2001-07-16 00:00:00-04:00,4.25747035726376,4.30047530810384,4.220946060104722,4.232728004455566,1293200,0.0,0.0
2001-07-17 00:00:00-04:00,4.238620896139395,4.2769129067991685,4.221537203929833,4.269254684448242,807200,0.0,0.0
2001-07-18 00:00:00-04:00,4.241565503748102,4.31520379374373,4.241565503748102,4.30931282043457,926800,0.0,0.0
2001-07-19 00:00:00-04:00,4.3093133753688315,4.332877721092435,4.291640003713002,4.301065921783447,1079200,0.0,0.0
2001-07-20 00:00:00-04:00,4.3010662601819565,4.321095663478757,4.268075993792306,4.300477027893066,902000,0.0,0.0
2001-07-23 00:00:00-04:00,4.300477306048075,4.300477306048075,4.223893283830572,4.2415666580200195,560400,0.0,0.0
2001-07-24 00:00:00-04:00,4.242157007635883,4.2504044645758,4.14436509041588,4.1885480880737305,1046000,0.0,0.0
2001-07-25 00:00:00-04:00,4.191491836857449,4.2180014432484185,4.172640451335487,4.20975399017334,1216800,0.0,0.0
2001-07-26 00:00:00-04:00,4.2121139767627795,4.291054078911591,4.171465460294979,4.275148391723633,751200,0.0,0.0
2001-07-27 00:00:00-04:00,4.279860227530116,4.2993008563267985,4.25511785421765,4.285161972045898,431200,0.0,0.0
2001-07-30 00:00:00-04:00,4.285749125675928,4.306367760101391,4.2474571191986294,4.2757344245910645,465200,0.0,0.0
2001-07-31 00:00:00-04:00,4.285749407096127,4.34996179415938,4.285749407096127,4.326397895812988,1083600,0.0,0.0
2001-08-01 00:00:00-04:00,4.359389997877184,4.377063380352395,4.274558481120628,4.302246570587158,672800,0.0,0.0
2001-08-02 00:00:00-04:00,4.400640661852599,4.4664387702941895,4.3843417351667915,4.4664387702941895,1415600,0.44,0.0
2001-08-03 00:00:00-04:00,4.491190949167443,4.526806354522705,4.4368619353991,4.526806354522705,1173600,0.0,0.0
2001-08-06 00:00:00-04:00,4.569663047790527,4.569663047790527,4.569663047790527,4.569663047790527,2132000,0.0,0.0
2001-08-07 00:00:00-04:00,4.569664597863028,4.569664597863028,4.5159393816549365,4.538274765014648,1350400,0.0,0.0
2001-08-08 00:00:00-04:00,4.532237993537121,4.533445099866882,4.464024741834097,4.470664978027344,821200,0.0,0.0
2001-08-09 00:00:00-04:00,4.47066487345559,4.4791159992217136,4.436860370391095,4.4610066413879395,1073600,0.0,0.0
2001-08-10 00:00:00-04:00,4.464023510638564,4.6179555464061135,4.464023510638564,4.61614465713501,1467200,0.0,0.0
2001-08-13 00:00:00-04:00,4.616144066156483,4.642101217006447,4.533443269134127,4.557589530944824,1929200,0.0,0.0
2001-08-14 00:00:00-04:00,4.569662368039433,4.573284606619239,4.518351850249877,4.5424981117248535,374400,0.0,0.0
2001-08-15 00:00:00-04:00,4.527408155574833,4.5757006934550075,4.518353247153329,4.519560813903809,792800,0.0,0.0
2001-08-16 00:00:00-04:00,4.518353134020997,4.554572306248371,4.4972253219343425,4.550950527191162,550400,0.0,0.0
2001-08-17 00:00:00-04:00,4.5243906436008485,4.524994427102113,4.406678191207159,4.427202224731445,1115600,0.0,0.0
2001-08-20 00:00:00-04:00,4.427201373866208,4.45798787878764,4.412713796483327,4.454969882965088,1082400,0.0,0.0
2001-08-21 00:00:00-04:00,4.454970012368918,4.485152734781846,4.424787289955989,4.425994396209717,1150800,0.0,0.0
2001-08-22 00:00:00-04:00,4.457986755816119,4.485151474686955,4.436858948173246,4.481529235839844,786000,0.0,0.0
2001-08-23 00:00:00-04:00,4.485150461677531,4.518351163174337,4.378907203674316,4.378907203674316,941600,0.0,0.0
2001-08-24 00:00:00-04:00,4.406678584398512,4.5147328131725954,4.400642130502869,4.502056121826172,1000000,0.0,0.0
2001-08-27 00:00:00-04:00,4.515335326037505,4.515335326037505,4.454366099579865,4.454969882965088,441600,0.0,0.0
2001-08-28 00:00:00-04:00,4.451951558534559,4.467042919749931,4.415732383728027,4.415732383728027,454000,0.0,0.0
2001-08-29 00:00:00-04:00,4.38796355988182,4.388566882626656,4.295000735936868,4.330012798309326,1232000,0.0,0.0
2001-08-30 00:00:00-04:00,4.3191477799839255,4.357177844588225,4.295001509839949,4.346312046051025,987200,0.0,0.0
2001-08-31 00:00:00-04:00,4.3402759021992185,4.400641351574586,4.316733413786972,4.3420867919921875,1091200,0.0,0.0
2001-09-04 00:00:00-04:00,4.326993204475523,4.418748437697794,4.307676289031276,4.4030537605285645,1274000,0.0,0.0
2001-09-05 00:00:00-04:00,4.403055277437322,4.424786872367861,4.319147353892315,4.330616474151611,877200,0.0,0.0
2001-09-06 00:00:00-04:00,4.31612837566976,4.3795122633093655,4.310091924597344,4.366835117340088,735600,0.0,0.0
2001-09-07 00:00:00-04:00,4.364420093718046,4.364420093718046,4.1893602818630145,4.201433181762695,1026800,0.0,0.0
2001-09-10 00:00:00-04:00,4.195398523267636,4.282928236294944,4.189362070740202,4.222562789916992,1036800,0.0,0.0
2001-09-17 00:00:00-04:00,4.014301746144098,4.014301746144098,3.841052998419336,3.860369920730591,1041600,0.0,0.0
2001-09-18 00:00:00-04:00,3.8452775432658477,3.917716097902688,3.8030217005380393,3.805436372756958,1011200,0.0,0.0
2001-09-19 00:00:00-04:00,3.8030229211486484,3.8030229211486484,3.6551275392710227,3.737224578857422,1686000,0.0,0.0
2001-09-20 00:00:00-04:00,3.697383593863256,3.6979871470061627,3.387708789197946,3.4692022800445557,2722800,0.0,0.0
2001-09-21 00:00:00-04:00,3.380464729222753,3.477049343661621,3.3273430761434337,3.475842237472534,2176800,0.0,0.0
2001-09-24 00:00:00-04:00,3.4806720640048843,3.640036825518176,3.4770500538701525,3.629774808883667,1258000,0.0,0.0
2001-09-25 00:00:00-04:00,3.6611638698326545,3.736620666570542,3.6044202113092068,3.6466760635375977,1545200,0.0,0.0
2001-09-26 00:00:00-04:00,3.6460725226675583,3.6460725226675583,3.5229269747136556,3.53741455078125,1057200,0.0,0.0
2001-09-27 00:00:00-04:00,3.561560147686404,3.5832917379740463,3.501194721454431,3.5808770656585693,1127600,0.0,0.0
2001-09-28 00:00:00-04:00,3.3804645812987957,3.600798525583085,3.3653732215608545,3.574237585067749,4217600,0.0,0.0
2001-10-01 00:00:00-04:00,3.5742372232450603,3.5881212451653712,3.5217193611506925,3.583895683288574,1397600,0.0,0.0
2001-10-02 00:00:00-04:00,3.583896522298512,3.702212973374909,3.555524918808907,3.696176290512085,1504800,0.0,0.0
2001-10-03 00:00:00-04:00,3.691347063359248,3.8181144060750976,3.6521094318979195,3.8084559440612793,1706800,0.0,0.0
2001-10-04 00:00:00-04:00,3.8030217528504595,3.9237526021472995,3.802418199925336,3.8694236278533936,1544000,0.0,0.0
2001-10-05 00:00:00-04:00,3.8332045568180235,3.9841181220470796,3.8332045568180235,3.965404987335205,2064000,0.0,0.0
2001-10-08 00:00:00-04:00,3.9448820930045403,4.020338906032752,3.926772734208872,3.969632148742676,1761200,0.0,0.0
2001-10-09 00:00:00-04:00,3.993174468636974,3.993174468636974,3.8833093719376794,3.9358270168304443,896400,0.0,0.0
2001-10-10 00:00:00-04:00,3.923753955784966,4.110282961233572,3.9056441379221614,4.1048502922058105,1374800,0.0,0.0
2001-10-11 00:00:00-04:00,4.1350320375020715,4.23342752456665,4.113904228690866,4.23342752456665,1402800,0.0,0.0
2001-10-12 00:00:00-04:00,4.210489344600396,4.216525796353273,4.060179531360549,4.135636329650879,1180000,0.0,0.0
2001-10-15 00:00:00-04:00,4.104850710206562,4.156161251973774,3.9992111698703634,4.1410698890686035,1168800,0.0,0.0
2001-10-16 00:00:00-04:00,4.128997405646139,4.192380860005245,4.089759765965611,4.156765460968018,996000,0.0,0.0
2001-10-17 00:00:00-04:00,4.116923346762578,4.145295180855006,3.984723329544067,3.9847233295440674,1453600,0.0,0.0
2001-10-18 00:00:00-04:00,3.9847222841754015,4.01973388461859,3.941862882840986,3.95695424079895,1816000,0.0,0.0
2001-10-19 00:00:00-04:00,3.978082180758261,3.9961915345728243,3.920734742299533,3.967820167541504,1470800,0.0,0.0
2001-10-22 00:00:00-04:00,3.9539368222786866,3.993778238804687,3.935827003757447,3.9847233295440674,1265200,0.0,0.0
2001-10-23 00:00:00-04:00,3.9992112963888964,4.039052716783853,3.976875912783979,3.9774796962738037,788000,0.0,0.0
2001-10-24 00:00:00-04:00,3.9328086031068823,3.9714424487959374,3.9146987864487386,3.950917959213257,1077600,0.0,0.0
2001-10-25 00:00:00-04:00,3.9358266989581168,3.9629914246362783,3.8694248037755785,3.9491071701049805,1210800,0.0,0.0
2001-10-26 00:00:00-04:00,3.935824979797219,4.0861351987931975,3.920733625640709,4.0716471672058105,1134000,0.0,0.0
2001-10-29 00:00:00-05:00,4.07225170583475,4.07225170583475,3.8923629888240145,3.9352223873138428,1376000,0.0,0.0
2001-10-30 00:00:00-05:00,3.950315236520139,3.950315236520139,3.809059842561974,3.8796873092651367,1131200,0.0,0.0
2001-10-31 00:00:00-05:00,3.950918321499339,4.023357134222543,3.9328089637323966,3.950314998626709,1261600,0.0,0.0
2001-11-01 00:00:00-05:00,4.032198284118469,4.084306465538598,3.957757653083618,4.071899890899658,1358400,0.44,0.0
2001-11-02 00:00:00-05:00,4.032199600865212,4.156267280891834,4.016691140861885,4.150063991546631,1769600,0.0,0.0
2001-11-05 00:00:00-05:00,4.156266539417143,4.251798692788458,4.148202312035095,4.243113994598389,2626800,0.0,0.0
2001-11-06 00:00:00-05:00,4.2369104450547255,4.295842389607162,4.14323923660395,4.289018630981445,1263600,0.0,0.0
2001-11-07 00:00:00-05:00,4.302046698783986,4.302046698783986,4.2369114509122525,4.280334949493408,1234400,0.0,0.0
2001-11-08 00:00:00-05:00,4.286538643395626,4.333064027672599,4.171155652526279,4.181081295013428,1076400,0.0,0.0
2001-11-09 00:00:00-05:00,4.2151972376310125,4.2493160227462505,4.177977045956471,4.228224754333496,1372400,0.0,0.0
2001-11-12 00:00:00-05:00,4.190385477524023,4.224503800639566,4.150063392677862,4.161849498748779,1092400,0.0,0.0
2001-11-13 00:00:00-05:00,4.187284113978373,4.280334872066781,4.181701295667771,4.258623123168945,1386800,0.0,0.0
2001-11-14 00:00:00-05:00,4.280332764993936,4.310109201167704,4.271027599109609,4.295841217041016,1574000,0.0,0.0
2001-11-15 00:00:00-05:00,4.308249638190765,4.316934337201614,4.282816012024881,4.304527759552002,1300000,0.0,0.0
2001-11-16 00:00:00-05:00,4.295221254377208,4.3237567527246865,4.283435151258318,4.320655345916748,1963200,0.0,0.0
2001-11-19 00:00:00-05:00,4.2958441018148,4.336786669887705,4.280335639353375,4.315074443817139,1738400,0.0,0.0
2001-11-20 00:00:00-05:00,4.31135086554679,4.349191536905399,4.3020456970801515,4.319415092468262,1326000,0.0,0.0
2001-11-21 00:00:00-05:00,4.280333478478186,4.31197085844634,4.2338081145816835,4.266685962677002,913600,0.0,0.0
2001-11-23 00:00:00-05:00,4.266686315988577,4.35539470276147,4.266686315988577,4.336784839630127,463200,0.0,0.0
2001-11-26 00:00:00-05:00,4.351051504440644,4.41060390673754,4.326858355797543,4.394474983215332,832400,0.0,0.0
2001-11-27 00:00:00-05:00,4.379588603973389,4.396958001840791,4.291500672914076,4.379588603973389,1948800,0.0,0.0
2001-11-28 00:00:00-05:00,4.323757284699348,4.34857090861807,4.314452589850274,4.317553997039795,762800,0.0,0.0
2001-11-29 00:00:00-05:00,4.318174495753088,4.342367649078369,4.280333825520107,4.342367649078369,1040400,0.0,0.0
2001-11-30 00:00:00-05:00,4.34236703525085,4.3609773689998175,4.299563551596491,4.318173885345459,1151600,0.0,0.0
2001-12-03 00:00:00-05:00,4.310730418389407,4.311350889165389,4.212096862632077,4.297082901000977,1399200,0.0,0.0
2001-12-04 00:00:00-05:00,4.271028822811428,4.345469697933866,4.25489989554282,4.333062648773193,1305200,0.0,0.0
2001-12-05 00:00:00-05:00,4.342369453288972,4.494352194841802,4.333064281232925,4.486908435821533,2364400,0.0,0.0
2001-12-06 00:00:00-05:00,4.471398922314058,4.6209002179538645,4.46333422089707,4.612215518951416,2486000,0.0,0.0
2001-12-07 00:00:00-05:00,4.612836469515534,4.612836469515534,4.552663567826355,4.570653438568115,1982000,0.0,0.0
2001-12-10 00:00:00-05:00,4.540875660999493,4.571892572545337,4.512960629920436,4.528469085693359,1140000,0.0,0.0
2001-12-11 00:00:00-05:00,4.525366987036494,4.566930006197158,4.5135808830480855,4.535292625427246,812000,0.0,0.0
2001-12-12 00:00:00-05:00,4.528472034102779,4.556387083356839,4.4850485189785045,4.539017677307129,691200,0.0,0.0
2001-12-13 00:00:00-05:00,4.527230010026418,4.527230010026418,4.435419715366943,4.437280654907227,834000,0.0,0.0
2001-12-14 00:00:00-05:00,4.432316944404164,4.44844587265073,4.379588283795631,4.428595066070557,746800,0.0,0.0
2001-12-17 00:00:00-05:00,4.463332406450957,4.528468095770782,4.441620667771151,4.509237766265869,592400,0.0,0.0
2001-12-18 00:00:00-05:00,4.518543798882749,4.60601172343167,4.517923801365493,4.592984676361084,805600,0.0,0.0
2001-12-19 00:00:00-05:00,4.59360821267429,4.606014797226528,4.5452213970464905,4.597330093383789,1603600,0.0,0.0
2001-12-20 00:00:00-05:00,4.621520273389938,4.628344032461414,4.543357516113377,4.556384563446045,745600,0.0,0.0
2001-12-21 00:00:00-05:00,4.571890939935538,4.57871469590132,4.528467468589962,4.571270942687988,888800,0.0,0.0
2001-12-24 00:00:00-05:00,4.56879449216747,4.59733001477438,4.56693355184454,4.581201076507568,396400,0.0,0.0
2001-12-26 00:00:00-05:00,4.615317918576206,4.714571970671045,4.608494158124625,4.661843299865723,753600,0.0,0.0
2001-12-27 00:00:00-05:00,4.659981512683327,4.708367824697997,4.640130705875242,4.661221981048584,507600,0.0,0.0
2001-12-28 00:00:00-05:00,4.661842143293575,4.687275765982658,4.638268986388946,4.65191650390625,808400,0.0,0.0
2001-12-31 00:00:00-05:00,4.658119299227213,4.668044937564774,4.615936756134033,4.615936756134033,683600,0.0,0.0
2002-01-02 00:00:00-05:00,4.596708419780144,4.621522055674815,4.547081621271543,4.620901584625244,825200,0.0,0.0
2002-01-03 00:00:00-05:00,4.633925489266556,4.64943394200611,4.62337985499096,4.636406898498535,1916000,0.0,0.0
2002-01-04 00:00:00-05:00,4.649437508656581,4.676112086762283,4.615319170425144,4.665566444396973,2348800,0.0,0.0
2002-01-07 00:00:00-05:00,4.68107240723952,4.695960392814902,4.609113415891399,4.6190385818481445,1947600,0.0,0.0
2002-01-08 00:00:00-05:00,4.633927394846263,4.633927394846263,4.527849591279682,4.55328369140625,1206800,0.0,0.0
2002-01-09 00:00:00-05:00,4.553284940188577,4.5936070396076145,4.531573186126247,4.532193183898926,850800,0.0,0.0
2002-01-10 00:00:00-05:00,4.512961358235249,4.516063239202628,4.4044021503051916,4.405022621154785,2378800,0.0,0.0
2002-01-11 00:00:00-05:00,4.39199415624177,4.4416209227472905,4.3795871096550645,4.393855094909668,2690000,0.0,0.0
2002-01-14 00:00:00-05:00,4.382690154209762,4.400059550766189,4.298324108123779,4.298324108123779,1778400,0.0,0.0
2002-01-15 00:00:00-05:00,4.313832929429511,4.37648723510543,4.287158361530306,4.304527759552002,1459200,0.0,0.0
2002-01-16 00:00:00-05:00,4.298946430654989,4.314454894729097,4.193488590982597,4.199071884155273,2093200,0.0,0.0
2002-01-17 00:00:00-05:00,4.230707688302968,4.292741528150699,4.205894530988387,4.280334949493408,1921600,0.0,0.0
2002-01-18 00:00:00-05:00,4.2555204895727385,4.274130827212489,4.187283373694567,4.221402168273926,2353200,0.0,0.0
2002-01-22 00:00:00-05:00,4.249319989630184,4.326862325207377,4.249319989630184,4.302048683166504,1482400,0.0,0.0
2002-01-23 00:00:00-05:00,4.317554836439607,4.35167363512114,4.240012542418492,4.323758125305176,1538800,0.0,0.0
2002-01-24 00:00:00-05:00,4.326858667100264,4.373384029112095,4.314452093209292,4.339885711669922,1914000,0.0,0.0
2002-01-25 00:00:00-05:00,4.354774810842664,4.494350932642501,4.323757894887145,4.430456161499023,1579600,0.0,0.0
2002-01-28 00:00:00-05:00,4.454029806576374,4.509859882764373,4.426114295201745,4.507998943328857,1288800,0.0,0.0
2002-01-29 00:00:00-05:00,4.537775451724001,4.537775451724001,4.443483750695824,4.463334560394287,1570000,0.0,0.0
2002-01-30 00:00:00-05:00,4.463334503753954,4.509859882764373,4.423632884860847,4.507998943328857,1678400,0.0,0.0
2002-01-31 00:00:00-05:00,4.62497584059688,4.679649133322303,4.596367936624888,4.677742004394531,1373600,0.44,0.0
2002-02-01 00:00:00-05:00,4.661848270337068,4.669476785481501,4.628789754618973,4.642776012420654,1143200,0.0,0.0
2002-02-04 00:00:00-05:00,4.6427756247978085,4.657397752649954,4.570937698028669,4.588102340698242,1153600,0.0,0.0
2002-02-05 00:00:00-05:00,4.572205637066843,4.637686259213281,4.552498008855427,4.5620341300964355,1194000,0.0,0.0
2002-02-06 00:00:00-05:00,4.5645793916946085,4.63768855906725,4.561400521362096,4.621795177459717,1761200,0.0,0.0
2002-02-07 00:00:00-05:00,4.628151409742803,4.632601535741451,4.551862911873666,4.5563130378723145,1586000,0.0,0.0
2002-02-08 00:00:00-05:00,4.558221879980261,4.583651388835093,4.5168994737471415,4.5518646240234375,1541200,0.0,0.0
2002-02-11 00:00:00-05:00,4.551862506202393,4.676466508086928,4.551862506202393,4.671380996704102,1942800,0.0,0.0
2002-02-12 00:00:00-05:00,4.661210147950369,4.691725648873742,4.624337392467628,4.652309894561768,1213200,0.0,0.0
2002-02-13 00:00:00-05:00,4.653582580136825,4.793444648518473,4.653582580136825,4.768651008605957,1829600,0.0,0.0
2002-02-14 00:00:00-05:00,4.755299224140621,4.80234349050267,4.728597978612623,4.766106605529785,1523200,0.0,0.0
2002-02-15 00:00:00-05:00,4.752120948392022,4.863374616080129,4.745763692958201,4.825230598449707,2529600,0.0,0.0
2002-02-19 00:00:00-05:00,4.793444363609147,4.7966227491619815,4.739406958935439,4.773100852966309,1139200,0.0,0.0
2002-02-20 00:00:00-05:00,4.863375584895957,5.017223428168395,4.837946073067452,4.987343788146973,3726800,0.0,0.0
2002-02-21 00:00:00-05:00,4.946020749565283,5.090968318061954,4.946020749565283,5.026123046875,3047200,0.0,0.0
2002-02-22 00:00:00-05:00,5.003236543563575,5.104318706994458,4.9949721593947745,5.048374176025391,2148800,0.0,0.0
2002-02-25 00:00:00-05:00,5.035023878093234,5.187600462132216,5.035023878093234,5.155813694000244,2646000,0.0,0.0
2002-02-26 00:00:00-05:00,5.124026001025687,5.219386288209891,5.105589620633441,5.200314521789551,3077600,0.0,0.0
2002-02-27 00:00:00-05:00,5.20031336634607,5.238457375739137,5.124024862532541,5.148818492889404,2916800,0.0,0.0
2002-02-28 00:00:00-05:00,5.14945523863214,5.1780631292802175,5.104953967617916,5.132925987243652,2306400,0.0,0.0
2002-03-01 00:00:00-05:00,5.117667947915157,5.23464298248291,5.117667947915157,5.23464298248291,2545600,0.0,0.0
2002-03-04 00:00:00-05:00,5.225744809687862,5.435537686329159,5.225744809687862,5.42473030090332,2966800,0.0,0.0
2002-03-05 00:00:00-05:00,5.394214391920702,5.409471904637932,5.2963110890156075,5.324283599853516,3139600,0.0,0.0
2002-03-06 00:00:00-05:00,5.2988530671464895,5.365605460585916,5.284866814423753,5.355433464050293,2896000,0.0,0.0
2002-03-07 00:00:00-05:00,5.359247224788707,5.373232989925251,5.3083882214702465,5.357975482940674,1258000,0.0,0.0
2002-03-08 00:00:00-05:00,5.365606196042308,5.3725993233622145,5.28359628158595,5.306482791900635,1303200,0.0,0.0
2002-03-11 00:00:00-05:00,5.37196089560528,5.3878542710360655,5.342717143015916,5.370053768157959,2402800,0.0,0.0
2002-03-12 00:00:00-05:00,5.276601819179783,5.340175335073515,5.26070844020635,5.297581195831299,2492400,0.0,0.0
2002-03-13 00:00:00-05:00,5.313474467593695,5.324281848670982,5.254351079604371,5.284230709075928,1986800,0.0,0.0
2002-03-14 00:00:00-05:00,5.286140176378688,5.340177590707703,5.2791470478743605,5.335091590881348,1212400,0.0,0.0
2002-03-15 00:00:00-05:00,5.335089666073126,5.335089666073126,5.26960901827292,5.289316654205322,1326400,0.0,0.0
2002-03-18 00:00:00-05:00,5.295673724840842,5.312838359607945,5.234642726713046,5.3083882331848145,861200,0.0,0.0
2002-03-19 00:00:00-05:00,5.308388895123247,5.3465329099389995,5.296309771171066,5.314110279083252,1748400,0.0,0.0
2002-03-20 00:00:00-05:00,5.298853757596514,5.302032628184981,5.253080737276886,5.2632527351379395,914400,0.0,0.0
2002-03-21 00:00:00-05:00,5.262616344719133,5.262616344719133,5.128476167585178,5.149455547332764,1264000,0.0,0.0
2002-03-22 00:00:00-05:00,5.133560809805163,5.134196680697634,5.057272793639442,5.093509674072266,1641200,0.0,0.0
2002-03-25 00:00:00-05:00,5.101773771187706,5.101773771187706,5.0350213969930016,5.049643516540527,1484800,0.0,0.0
2002-03-26 00:00:00-05:00,5.0350223852058305,5.141825913863042,5.0350223852058305,5.117668151855469,1159600,0.0,0.0
2002-03-27 00:00:00-05:00,5.11766906298933,5.216208226536162,5.108132936673906,5.168528079986572,762000,0.0,0.0
2002-03-28 00:00:00-05:00,5.174884105105567,5.201584864416457,5.136740093943237,5.148183345794678,1638000,0.0,0.0
2002-04-01 00:00:00-05:00,5.117668011490783,5.14436877166589,5.048373112222896,5.131654262542725,1046000,0.0,0.0
2002-04-02 00:00:00-05:00,5.09986908518219,5.127205724793446,5.082703959016182,5.092875957489014,900800,0.0,0.0
2002-04-03 00:00:00-05:00,5.092874163114906,5.092874163114906,4.961277010660712,4.984799385070801,2435600,0.0,0.0
2002-04-04 00:00:00-05:00,4.9905216966104105,5.082703113555908,4.98480031219183,5.082703113555908,1093600,0.0,0.0
2002-04-05 00:00:00-05:00,5.143098559083429,5.228286854566683,5.124026306498579,5.193321704864502,2288000,0.0,0.0
2002-04-08 00:00:00-04:00,5.162169895152435,5.222565033271211,5.149455384510319,5.213028907775879,1198800,0.0,0.0
2002-04-09 00:00:00-04:00,5.21302872075617,5.28613836689422,5.21302872075617,5.279145240783691,1913600,0.0,0.0
2002-04-10 00:00:00-04:00,5.292496304233771,5.4482512567137205,5.281053049580272,5.446979999542236,2490000,0.0,0.0
2002-04-11 00:00:00-04:00,5.403749709313276,5.464144364994596,5.330640057417065,5.356069564819336,1742800,0.0,0.0
2002-04-12 00:00:00-04:00,5.362427743730442,5.410107896434082,5.327462589430997,5.405657768249512,1115600,0.0,0.0
2002-04-15 00:00:00-04:00,5.492752569607252,5.5118243357872885,5.330639889425717,5.372598648071289,3304000,0.0,0.0
2002-04-16 00:00:00-04:00,5.387855018432999,5.637698934264085,5.387855018432999,5.584932804107666,3299600,0.0,0.0
2002-04-17 00:00:00-04:00,5.598921526288444,5.626894038487211,5.441894808308721,5.460967063903809,2162400,0.0,0.0
2002-04-18 00:00:00-04:00,5.4768589984518155,5.492752378897104,5.359248080162179,5.391670227050781,1422400,0.0,0.0
2002-04-19 00:00:00-04:00,5.391035246993559,5.445072647571019,5.390399375920174,5.398028373718262,1534000,0.0,0.0
2002-04-22 00:00:00-04:00,5.416463998742179,5.422821739103084,5.308389202991669,5.330639839172363,1237200,0.0,0.0
2002-04-23 00:00:00-04:00,5.314746700101136,5.423457371838652,5.309660701592039,5.377048969268799,2176000,0.0,0.0
2002-04-24 00:00:00-04:00,5.384676686243915,5.464143582351572,5.384041300294811,5.385312557220459,1225600,0.0,0.0
2002-04-25 00:00:00-04:00,5.371962547302246,5.371962547302246,5.2766022653974725,5.371962547302246,1846400,0.0,0.0
2002-04-26 00:00:00-04:00,5.403748899848825,5.441892912724623,5.388491391703994,5.389126777648926,1201200,0.0,0.0
2002-04-29 00:00:00-04:00,5.375139963025044,5.3948475940776115,5.27660083770752,5.2766008377075195,1992400,0.0,0.0
2002-04-30 00:00:00-04:00,5.302029586044321,5.438712697455454,5.265792713254139,5.378953456878662,1805200,0.0,0.0
2002-05-01 00:00:00-04:00,5.40374986252839,5.467323390322842,5.270245551165547,5.411378860473633,1990000,0.0,0.0
2002-05-02 00:00:00-04:00,5.5243317883495315,5.631442905196495,5.5243317883495315,5.594440937042236,1849200,0.44,0.0
2002-05-03 00:00:00-04:00,5.594441734264696,5.621706241996675,5.556790464386394,5.597687721252441,1569200,0.0,0.0
2002-05-06 00:00:00-04:00,5.595738045923404,5.606124804754614,5.478240684435875,5.490574836730957,1250400,0.0,0.0
2002-05-07 00:00:00-04:00,5.553544347579753,5.582756246109161,5.526279347648545,5.54510498046875,1872400,0.0,0.0
2002-05-08 00:00:00-04:00,5.589245720708797,5.647020695949024,5.586000230517725,5.611966133117676,1314800,0.0,0.0
2002-05-09 00:00:00-04:00,5.595739211230312,5.595739211230312,5.521086471473291,5.547052383422852,1874400,0.0,0.0
2002-05-10 00:00:00-04:00,5.556788493980772,5.589246371276533,5.521085126116176,5.528225898742676,1152800,0.0,0.0
2002-05-13 00:00:00-04:00,5.537317120370727,5.573020507937194,5.508104717523789,5.536667823791504,998400,0.0,0.0
2002-05-14 00:00:00-04:00,5.5632818584017905,5.617162071862423,5.540561435637691,5.616512775421143,1514000,0.0,0.0
2002-05-15 00:00:00-04:00,5.573018676438194,5.683375781034483,5.573018676438194,5.663900852203369,2022800,0.0,0.0
2002-05-16 00:00:00-04:00,5.663899350864274,5.685321667846448,5.595737613291133,5.596386909484863,763200,0.0,0.0
2002-05-17 00:00:00-04:00,5.596389163767339,5.641181209087688,5.578212825164322,5.605477333068848,871200,0.0,0.0
2002-05-20 00:00:00-04:00,5.605475171223166,5.605475171223166,5.49187260349897,5.531471252441406,964400,0.0,0.0
2002-05-21 00:00:00-04:00,5.566525708199316,5.5924921079325385,5.445782370417526,5.456169128417969,979200,0.0,0.0
2002-05-22 00:00:00-04:00,5.472399200652968,5.567824959405351,5.440590119134191,5.556789398193359,1622000,0.0,0.0
2002-05-23 00:00:00-04:00,5.556788356484224,5.589246232976852,5.495118589255389,5.531471252441406,1228400,0.0,0.0
2002-05-24 00:00:00-04:00,5.511348522116855,5.582106467911652,5.497066974639893,5.497066974639893,859600,0.0,0.0
2002-05-28 00:00:00-04:00,5.501610965097105,5.5217346933273435,5.42176435795124,5.469802379608154,772400,0.0,0.0
2002-05-29 00:00:00-04:00,5.469802220783317,5.469802220783317,5.316600983514413,5.323092460632324,1405200,0.0,0.0
2002-05-30 00:00:00-04:00,5.258173901895307,5.280894307356131,5.102376057600426,5.162098407745361,3392000,0.0,0.0
2002-05-31 00:00:00-04:00,5.206244904311406,5.329584974619324,5.195209341537196,5.246492862701416,2502800,0.0,0.0
2002-06-03 00:00:00-04:00,5.24843948290717,5.264668424100617,5.156259215792706,5.1569085121154785,1180400,0.0,0.0
2002-06-04 00:00:00-04:00,5.147819806531407,5.151065297270034,4.96086210655537,5.03941011428833,1726400,0.0,0.0
2002-06-05 00:00:00-04:00,5.079660057370919,5.186771199167828,5.053693644924983,5.118609428405762,2390800,0.0,0.0
2002-06-06 00:00:00-04:00,5.115362402144929,5.117958596869536,5.023830937161311,5.037463188171387,1413600,0.0,0.0
2002-06-07 00:00:00-04:00,5.005004619227645,5.086798609329823,4.982933500221926,5.067323684692383,1987600,0.0,0.0
2002-06-10 00:00:00-04:00,5.0510940966684075,5.102377596038497,5.032917766819332,5.06667423248291,1140800,0.0,0.0
2002-06-11 00:00:00-04:00,5.069921591949103,5.111467645570193,4.946581528581731,4.949178218841553,1292000,0.0,0.0
2002-06-12 00:00:00-04:00,4.929704258130305,4.952424681000256,4.875174747974349,4.89919376373291,1972400,0.0,0.0
2002-06-13 00:00:00-04:00,4.9316525638912,4.9316525638912,4.822594018686119,4.823892116546631,1496400,0.0,0.0
2002-06-14 00:00:00-04:00,4.823241655530846,4.823241655530846,4.7070423739077265,4.80376672744751,2253600,0.0,0.0
2002-06-17 00:00:00-04:00,4.839469771497364,4.943334881262351,4.839469771497364,4.938790798187256,964000,0.0,0.0
2002-06-18 00:00:00-04:00,4.922564160694481,4.956320151424154,4.89465035296358,4.91347599029541,1713600,0.0,0.0
2002-06-19 00:00:00-04:00,4.907632324286899,4.962810632109474,4.891403381088022,4.897894859313965,1560400,0.0,0.0
2002-06-20 00:00:00-04:00,4.868681813769998,4.888156739132248,4.791431903839111,4.791431903839111,2208800,0.0,0.0
2002-06-21 00:00:00-04:00,4.6966557228125,4.771308955178418,4.68367276730017,4.6908135414123535,2323600,0.0,0.0
2002-06-24 00:00:00-04:00,4.723272071389502,4.738851719188485,4.628495096437901,4.693410873413086,2156000,0.0,0.0
2002-06-25 00:00:00-04:00,4.716130596312396,4.7583259441370656,4.613563565050706,4.623301029205322,1303600,0.0,0.0
2002-06-26 00:00:00-04:00,4.609019627620339,4.634986034435184,4.540209070538815,4.618107795715332,1388400,0.0,0.0
2002-06-27 00:00:00-04:00,4.680427420857204,4.736255028677309,4.634986575081805,4.693410873413086,1631200,0.0,0.0
2002-06-28 00:00:00-04:00,4.69665598680954,4.807661897063982,4.69665598680954,4.722622394561768,1605200,0.0,0.0
2002-07-01 00:00:00-04:00,4.738850416377282,4.790783221787222,4.637581990622631,4.640178680419922,1258000,0.0,0.0
2002-07-02 00:00:00-04:00,4.686918157313565,4.686918157313565,4.553191836406432,4.605773448944092,1520400,0.0,0.0
2002-07-03 00:00:00-04:00,4.58954471158642,4.623301189120961,4.46945063690688,4.520084857940674,1942800,0.0,0.0
2002-07-05 00:00:00-04:00,4.543453994391019,4.73106050491333,4.543453994391019,4.73106050491333,647600,0.0,0.0
2002-07-08 00:00:00-04:00,4.72262261818886,4.770011351725746,4.657706843368396,4.692761421203613,1776400,0.0,0.0
2002-07-09 00:00:00-04:00,4.708990141927155,4.790784153002862,4.703147464930589,4.722622394561768,3238000,0.0,0.0
2002-07-10 00:00:00-04:00,4.745341280616508,4.745341280616508,4.540856566707108,4.555138111114502,1746000,0.0,0.0
2002-07-11 00:00:00-04:00,4.518137965662686,4.571368882821322,4.40453535627686,4.475942611694336,2953200,0.0,0.0
2002-07-12 00:00:00-04:00,4.527876123664225,4.675884038141098,4.512296473526698,4.607722759246826,3137600,0.0,0.0
2002-07-15 00:00:00-04:00,4.641477939856314,4.6479694183409626,4.300670119097633,4.446730613708496,4688400,0.0,0.0
2002-07-16 00:00:00-04:00,4.381815157185603,4.430501992265444,4.235754651946083,4.342216491699219,3910400,0.0,0.0
2002-07-17 00:00:00-04:00,4.406482653405809,4.4655562467156384,4.2156306106181916,4.240947723388672,3718400,0.0,0.0
2002-07-18 00:00:00-04:00,4.271457041159299,4.346109766062131,4.206541283666105,4.220822334289551,2131600,0.0,0.0
2002-07-19 00:00:00-04:00,4.220821431186437,4.220821431186437,4.07735794488859,4.081902027130127,1456400,0.0,0.0
2002-07-22 00:00:00-04:00,4.09813168590141,4.174083248084336,3.992318935825757,4.0578837394714355,2874800,0.0,0.0
2002-07-23 00:00:00-04:00,4.057883734981512,4.157854304720278,4.0293208919375445,4.033864974975586,1964400,0.0,0.0
2002-07-24 00:00:00-04:00,3.9793358629703244,4.337670872082551,3.933894783447643,4.309107780456543,2835200,0.0,0.0
2002-07-25 00:00:00-04:00,4.309108266652288,4.3623391736999295,4.170837866645945,4.314950942993164,2035200,0.0,0.0
2002-07-26 00:00:00-04:00,4.300669977604677,4.391552159203894,4.285090330700483,4.346110820770264,2276400,0.0,0.0
2002-07-29 00:00:00-04:00,4.414272758146268,4.6174589582762025,4.414272758146268,4.614213466644287,1821200,0.0,0.0
2002-07-30 00:00:00-04:00,4.557085983846532,4.5668234465367705,4.453870167026612,4.5090484619140625,1858000,0.0,0.0
2002-07-31 00:00:00-04:00,4.522031035699634,4.579806009144447,4.4597114846464265,4.532417297363281,1876400,0.0,0.0
2002-08-01 00:00:00-04:00,4.61166510252041,4.681589469759853,4.565049196410962,4.575037956237793,1755200,0.44,0.0
2002-08-02 00:00:00-04:00,4.575038773087915,4.588357968693883,4.393236198725862,4.41854190826416,1847200,0.0,0.0
2002-08-05 00:00:00-04:00,4.385243725397819,4.441848897176253,4.323976963192344,4.328638553619385,1408000,0.0,0.0
2002-08-06 00:00:00-04:00,4.361935897849709,4.588357099505816,4.361935897849709,4.509775638580322,1930400,0.0,0.0
2002-08-07 00:00:00-04:00,4.537080014839489,4.571709415798335,4.398563935230212,4.52442741394043,1958000,0.0,0.0
2002-08-08 00:00:00-04:00,4.5683797085432465,4.652288867725632,4.495125906496894,4.6416335105896,1321200,0.0,0.0
2002-08-09 00:00:00-04:00,4.624987919845653,4.648296401800496,4.5417447930804276,4.61832857131958,1494800,0.0,0.0
2002-08-12 00:00:00-04:00,4.595018527665404,4.641634454426014,4.547070426954208,4.62165641784668,701600,0.0,0.0
2002-08-13 00:00:00-04:00,4.598347521100092,4.604340778434741,4.524427632187072,4.531753063201904,1114400,0.0,0.0
2002-08-14 00:00:00-04:00,4.515103736967826,4.608335556867941,4.387242011822087,4.59901237487793,1990000,0.0,0.0
2002-08-15 00:00:00-04:00,4.624985813823769,4.712890495336764,4.5670489491456205,4.701569557189941,2345600,0.0,0.0
2002-08-16 00:00:00-04:00,4.674931428298843,4.708228662141641,4.628981591087097,4.65894889831543,1623200,0.0,0.0
2002-08-19 00:00:00-04:00,4.658285141067737,4.861398572319598,4.6549557208636365,4.8500776290893555,1757200,0.0,0.0
2002-08-20 00:00:00-04:00,4.8147799535170295,4.861395875116741,4.748185489474335,4.81677770614624,1314400,0.0,0.0
2002-08-21 00:00:00-04:00,4.824768861433471,4.92466056049483,4.795467641866782,4.873383045196533,1204800,0.0,0.0
2002-08-22 00:00:00-04:00,4.841416691459522,4.944638300284843,4.8147793158307435,4.9199981689453125,1353600,0.0,0.0
2002-08-23 00:00:00-04:00,4.918000715519382,4.918000715519382,4.806122003621743,4.828098297119141,641600,0.0,0.0
2002-08-26 00:00:00-04:00,4.829429764770422,4.877377854771709,4.7641674818828585,4.8660569190979,1006000,0.0,0.0
2002-08-27 00:00:00-04:00,4.894690797366563,4.95529197492434,4.820770936515419,4.822768688201904,1397600,0.0,0.0
2002-08-28 00:00:00-04:00,4.8094517147146965,4.834757425198595,4.761503624892252,4.780816078186035,974000,0.0,0.0
2002-08-29 00:00:00-04:00,4.757508704365827,4.758174283196214,4.668271857775955,4.691579818725586,1912400,0.0,0.0
2002-08-30 00:00:00-04:00,4.674931602448236,4.763502369707611,4.6383049487020305,4.710892677307129,1942400,0.0,0.0
2002-09-03 00:00:00-04:00,4.684920996314361,4.685587083294467,4.495792940004109,4.561721324920654,2318400,0.0,0.0
2002-09-04 00:00:00-04:00,4.557057119699839,4.597013678316071,4.503115790971686,4.574371814727783,1845200,0.0,0.0
2002-09-05 00:00:00-04:00,4.535082168920874,4.547735277634237,4.4678216288148205,4.49845552444458,2045200,0.0,0.0
2002-09-06 00:00:00-04:00,4.565049545766634,4.5790343186697,4.519099214745624,4.553728103637695,1346800,0.0,0.0
2002-09-09 00:00:00-04:00,4.528422277875352,4.6149952599472055,4.481806369421459,4.607669830322266,1028400,0.0,0.0
2002-09-10 00:00:00-04:00,4.638305143638805,4.661613107561511,4.597682474484014,4.627649784088135,964000,0.0,0.0
2002-09-11 00:00:00-04:00,4.668271386654276,4.6869177535321915,4.64163350193923,4.651622772216797,808800,0.0,0.0
2002-09-12 00:00:00-04:00,4.628315896506354,4.628315896506354,4.528424186509814,4.547736644744873,858800,0.0,0.0
2002-09-13 00:00:00-04:00,4.514438451684756,4.5217638828453,4.428531538318256,4.492462158203125,1517600,0.0,0.0
2002-09-16 00:00:00-04:00,4.465156772626761,4.47980712056795,4.3819137344202606,4.4125471115112305,1928000,0.0,0.0
2002-09-17 00:00:00-04:00,4.461829957783076,4.475148649949229,4.295343765328484,4.319317817687988,2473600,0.0,0.0
2002-09-18 00:00:00-04:00,4.255386157789358,4.2786941175148225,4.151498707217914,4.220757007598877,3797600,0.0,0.0
2002-09-19 00:00:00-04:00,4.195449251064347,4.310657842940313,4.188789909423729,4.2367377281188965,2897600,0.0,0.0
2002-09-20 00:00:00-04:00,4.268704094599451,4.297339728095198,4.2487258106353085,4.28535270690918,2810400,0.0,0.0
2002-09-23 00:00:00-04:00,4.268704882667538,4.270702635221468,4.200112668580337,4.246062755584717,1530000,0.0,0.0
2002-09-24 00:00:00-04:00,4.195451400677213,4.204774585366014,4.0889003556084385,4.104217052459717,2121600,0.0,0.0
2002-09-25 00:00:00-04:00,4.162154697504494,4.254055144355967,4.125527786974008,4.220091819763184,1569200,0.0,0.0
2002-09-26 00:00:00-04:00,4.282024633799684,4.475814277733513,4.254720657162432,4.455170154571533,2574400,0.0,0.0
2002-09-27 00:00:00-04:00,4.411882382659749,4.4458456949609415,4.255385524286131,4.276695728302002,1444800,0.0,0.0
2002-09-30 00:00:00-04:00,4.2387374379007445,4.302001971033056,4.115537535719625,4.2447309494018555,1394000,0.0,0.0
2002-10-01 00:00:00-04:00,4.238738031833314,4.39523493156956,4.158824618633593,4.383913993835449,2370800,0.0,0.0
2002-10-02 00:00:00-04:00,4.350616140326862,4.355277732146617,4.220090807260628,4.222088813781738,2289600,0.0,0.0
2002-10-03 00:00:00-04:00,4.255386344806354,4.314655377031058,4.195451225681531,4.232744216918945,1948400,0.0,0.0
2002-10-04 00:00:00-04:00,4.28868366985555,4.292013088277549,4.092229946279227,4.163486003875732,1577600,0.0,0.0
2002-10-07 00:00:00-04:00,4.162154019573377,4.228082651020016,4.0855702839981385,4.110210418701172,1811200,0.0,0.0
2002-10-08 00:00:00-04:00,4.138845660877052,4.162153619531349,3.959706406508297,4.113539695739746,2501200,0.0,0.0
2002-10-09 00:00:00-04:00,4.0489429644535635,4.085569865264341,3.9490512782217926,3.953047037124634,1671600,0.0,0.0
2002-10-10 00:00:00-04:00,4.015644917031598,4.216760168127627,3.935731533530754,4.199445724487305,3658800,0.0,0.0
2002-10-11 00:00:00-04:00,4.295343291079812,4.40122825391392,4.26537598297689,4.349284648895264,2547200,0.0,0.0
2002-10-14 00:00:00-04:00,4.341957744492454,4.458498026831634,4.23540673082598,4.284020900726318,4542000,0.0,0.0
2002-10-15 00:00:00-04:00,4.365268132265851,4.514439617175408,4.346621252086064,4.484471797943115,3980400,0.0,0.0
2002-10-16 00:00:00-04:00,4.484469393165388,4.498454672819564,4.357940362287033,4.364599704742432,2994800,0.0,0.0
2002-10-17 00:00:00-04:00,4.48180639602078,4.575038213481892,4.475146544994731,4.567712783813477,1772000,0.0,0.0
2002-10-18 00:00:00-04:00,4.568378247125105,4.588356781326364,4.496456133690849,4.576369762420654,1164400,0.0,0.0
2002-10-21 00:00:00-04:00,4.5743727861251315,4.860728607080297,4.546402731886461,4.84940767288208,1963200,0.0,0.0
2002-10-22 00:00:00-04:00,4.794801719527369,4.798131646173897,4.687584584875234,4.69957160949707,2511200,0.0,0.0
2002-10-23 00:00:00-04:00,4.661612033843994,4.71355562950048,4.575039035699593,4.661612033843994,2844800,0.0,0.0
2002-10-24 00:00:00-04:00,4.711557562174858,4.711557562174858,4.581698581712549,4.588357925415039,2039200,0.0,0.0
2002-10-25 00:00:00-04:00,4.561720042529721,4.634973839407828,4.508444276759085,4.588357925415039,1903200,0.0,0.0
2002-10-28 00:00:00-05:00,4.621655812415312,4.655619130649172,4.53308505509732,4.545072078704834,1495600,0.0,0.0
2002-10-29 00:00:00-05:00,4.54507283760853,4.571710728748079,4.472485105030663,4.543075084686279,2159200,0.0,0.0
2002-10-30 00:00:00-05:00,4.558389752012011,4.628314125483252,4.533750131476202,4.594350814819336,1373200,0.0,0.0
2002-10-31 00:00:00-05:00,4.7016427985776925,4.7016427985776925,4.612119888911962,4.673624038696289,1606400,0.44,0.0
2002-11-01 00:00:00-05:00,4.626471202250271,4.766563971984568,4.599136485461797,4.753579616546631,1373600,0.0,0.0
2002-11-04 00:00:00-05:00,4.851983654894611,4.926471604406446,4.780912282454976,4.792529582977295,1618400,0.0,0.0
2002-11-05 00:00:00-05:00,4.792533022767155,4.8417363560309985,4.783649290352003,4.833536148071289,895600,0.0,0.0
2002-11-06 00:00:00-05:00,4.855404069069083,4.951076634441252,4.809617316925112,4.94424295425415,1891600,0.0,0.0
2002-11-07 00:00:00-05:00,4.923740228432457,4.923740228432457,4.8178163969698735,4.830117225646973,1211600,0.0,0.0
2002-11-08 00:00:00-05:00,4.830117317546012,4.94082477774625,4.810982810656734,4.836267471313477,1176800,0.0,0.0
2002-11-11 00:00:00-05:00,4.836267177200841,4.84105080363225,4.674306881325893,4.688657760620117,996000,0.0,0.0
2002-11-12 00:00:00-05:00,4.705740949698128,4.851983799987673,4.705740949698128,4.804830551147461,1712800,0.0,0.0
2002-11-13 00:00:00-05:00,4.804833391613396,4.879321908764009,4.721461142906399,4.852670192718506,1914000,0.0,0.0
2002-11-14 00:00:00-05:00,4.896406211978394,4.968160629272461,4.888889008065254,4.968160629272461,1690000,0.0,0.0
2002-11-15 00:00:00-05:00,4.940825156639236,5.000962257385254,4.9210071240195115,5.000962257385254,1223600,0.0,0.0
2002-11-18 00:00:00-05:00,5.056998265350879,5.056998265350879,4.959958694037935,4.972259521484375,1399600,0.0,0.0
2002-11-19 00:00:00-05:00,4.972945342548295,5.02146567707878,4.921008949563836,4.970895290374756,1138800,0.0,0.0
2002-11-20 00:00:00-05:00,4.940823442388996,5.050163824616433,4.908704591058671,5.04196310043335,1536000,0.0,0.0
2002-11-21 00:00:00-05:00,5.047430938010926,5.231259822845458,5.039913736828955,5.231259822845459,2156800,0.0,0.0
2002-11-22 00:00:00-05:00,5.21417749372724,5.2551800941846825,5.146522655527289,5.1540398597717285,1915200,0.0,0.0
2002-11-25 00:00:00-05:00,5.1629232138598455,5.244928400496254,5.1082527418514,5.1745405197143555,2022000,0.0,0.0
2002-11-26 00:00:00-05:00,5.126703620294025,5.152672328580075,5.0071124214540585,5.015313148498535,2036800,0.0,0.0
2002-11-27 00:00:00-05:00,5.05358225427404,5.152672419312042,5.029664118360129,5.150622367858887,2139600,0.0,0.0
2002-11-29 00:00:00-05:00,5.171124161128635,5.220327488715711,5.16975763375181,5.1847920417785645,498800,0.0,0.0
2002-12-02 00:00:00-05:00,5.251763470964864,5.320101318398048,5.139005918424832,5.244929790496826,2159200,0.0,0.0
2002-12-03 00:00:00-05:00,5.186842167941698,5.187525692328085,5.0590502192573314,5.071351051330566,1538400,0.0,0.0
2002-12-04 00:00:00-05:00,5.0371805305583734,5.142420833435687,5.002328097196935,5.115085601806641,1800800,0.0,0.0
2002-12-05 00:00:00-05:00,5.128755108131111,5.1294381111411536,5.0303484515452315,5.071351051330566,1149600,0.0,0.0
2002-12-06 00:00:00-05:00,5.071349962364233,5.088434418720955,5.006429236759182,5.063832759857178,1293200,0.0,0.0
2002-12-09 00:00:00-05:00,5.050165303255942,5.056315457161909,4.9845610547111905,4.985927581787109,1238400,0.0,0.0
2002-12-10 00:00:00-05:00,5.012580390087361,5.089118957519531,4.947659651539811,5.089118957519531,1332000,0.0,0.0
2002-12-11 00:00:00-05:00,5.11166619595966,5.139000891091084,5.034444170223309,5.106882572174072,2149200,0.0,0.0
2002-12-12 00:00:00-05:00,5.132171745533484,5.169757766565979,5.06998458145177,5.101419925689697,1780800,0.0,0.0
2002-12-13 00:00:00-05:00,5.101418061482176,5.101418061482176,4.991394136167218,5.050164699554443,1720000,0.0,0.0
2002-12-16 00:00:00-05:00,5.050849897397363,5.1991428819177905,5.050166373026503,5.183424949645996,2311200,0.0,0.0
2002-12-17 00:00:00-05:00,5.166340490008813,5.2346783285575444,5.15335665522046,5.183424949645996,1228400,0.0,0.0
2002-12-18 00:00:00-05:00,5.132172182248523,5.227845271891755,5.132172182248523,5.210077285766602,2470800,0.0,0.0
2002-12-19 00:00:00-05:00,5.210760116577148,5.290032258447351,5.203926437092967,5.210760116577148,2265200,0.0,0.0
2002-12-20 00:00:00-05:00,5.272262427532421,5.4055209556035,5.254494449997563,5.402104377746582,2578000,0.0,0.0
2002-12-23 00:00:00-05:00,5.3850212824798955,5.3850212824798955,5.34470169114065,5.362469673156738,1874000,0.0,0.0
2002-12-24 00:00:00-05:00,5.362468603383059,5.398687563107772,5.332399796950692,5.378869533538818,684400,0.0,0.0
2002-12-26 00:00:00-05:00,5.3645194062773705,5.487527703124673,5.3645194062773705,5.403471946716309,956000,0.0,0.0
2002-12-27 00:00:00-05:00,5.3918553644090075,5.39253888875434,5.303015969062869,5.303699493408203,1002000,0.0,0.0
2002-12-30 00:00:00-05:00,5.319415844217751,5.371352735215982,5.273629628349833,5.339233875274658,1028000,0.0,0.0
2002-12-31 00:00:00-05:00,5.291395629926567,5.368617152656759,5.24492590722252,5.337865352630615,1604400,0.0,0.0
2003-01-02 00:00:00-05:00,5.38502057903388,5.488893839008233,5.35768534597446,5.4670257568359375,2256800,0.0,0.0
2003-01-03 00:00:00-05:00,5.467027612665676,5.535365457823997,5.4267085342829295,5.446526050567627,3032800,0.0,0.0
2003-01-06 00:00:00-05:00,5.419189088908564,5.465658825257224,5.401421110528621,5.4492573738098145,2912800,0.0,0.0
2003-01-07 00:00:00-05:00,5.415773509641703,5.432857968662654,5.37340386357427,5.394588947296143,1543600,0.0,0.0
2003-01-08 00:00:00-05:00,5.395271237964765,5.395271237964765,5.299598697179486,5.30438232421875,2083600,0.0,0.0
2003-01-09 00:00:00-05:00,5.3132647807057225,5.361101039634297,5.3132647807057225,5.335816383361816,2948400,0.0,0.0
2003-01-10 00:00:00-05:00,5.279096063962032,5.3378666249602436,5.262011610680601,5.306431293487549,1862000,0.0,0.0
2003-01-13 00:00:00-05:00,5.3303497178650785,5.364518626312932,5.262011900969372,5.292763710021973,1547200,0.0,0.0
2003-01-14 00:00:00-05:00,5.275678349871233,5.302330052173899,5.215541269025027,5.251076698303223,2324800,0.0,0.0
2003-01-15 00:00:00-05:00,5.2503947922567695,5.251761319239931,5.15608826775687,5.159505367279053,1650000,0.0,0.0
2003-01-16 00:00:00-05:00,5.149253884654252,5.2141751170483746,5.132169432136238,5.145837306976318,1578400,0.0,0.0
2003-01-17 00:00:00-05:00,5.101418436389511,5.135587346852433,5.066566001731995,5.080916881561279,1692400,0.0,0.0
2003-01-21 00:00:00-05:00,5.128752870274926,5.176589128922443,5.011894755880348,5.022829055786133,2100800,0.0,0.0
2003-01-22 00:00:00-05:00,5.0228285883217,5.0228285883217,4.892986656593273,4.904603958129883,3276800,0.0,0.0
2003-01-23 00:00:00-05:00,4.918957866673836,4.9756778766369445,4.879321795035936,4.969527721405029,3522000,0.0,0.0
2003-01-24 00:00:00-05:00,4.906655914467584,4.918273219281664,4.797314980243112,4.842418193817139,3536000,0.0,0.0
2003-01-27 00:00:00-05:00,4.825333561281105,4.838317914054337,4.7686130449704764,4.782280921936035,2453200,0.0,0.0
2003-01-28 00:00:00-05:00,4.795263600138121,4.851984102808248,4.775445574336169,4.843783378601074,2320800,0.0,0.0
2003-01-29 00:00:00-05:00,4.831483321540107,4.920322689766915,4.749478151927786,4.882736682891846,2211600,0.0,0.0
2003-01-30 00:00:00-05:00,5.009551308032575,5.011653132145387,4.880634440042993,4.8995513916015625,1852000,0.44,0.0
2003-01-31 00:00:00-05:00,4.898851788471477,5.034775482387463,4.853310295036837,4.980125904083252,2166400,0.0,0.0
2003-02-03 00:00:00-05:00,4.987132648799786,5.062100763289604,4.987132648799786,5.037578582763672,2008000,0.0,0.0
2003-02-04 00:00:00-05:00,5.0319736712850895,5.032674457784424,4.933184156618065,4.973820686340332,1688400,0.0,0.0
2003-02-05 00:00:00-05:00,4.973818960123367,5.048787053229327,4.928978261511015,4.959806442260742,1884800,0.0,0.0
2003-02-06 00:00:00-05:00,4.946494467889447,4.978023436755089,4.858914889723758,4.90165376663208,1736400,0.0,0.0
2003-02-07 00:00:00-05:00,4.914266140577184,4.965412858722378,4.819680285873238,4.82738733291626,2147200,0.0,0.0
2003-02-10 00:00:00-05:00,4.830889897367512,4.882036612351446,4.7601259745912285,4.879934787750244,2679200,0.0,0.0
2003-02-11 00:00:00-05:00,4.897449615765011,4.925475184813044,4.8406976914433475,4.849806308746338,1771200,0.0,0.0
2003-02-12 00:00:00-05:00,4.850509647954403,4.8722292214903,4.793057441711426,4.793057441711426,1729200,0.0,0.0
2003-02-13 00:00:00-05:00,4.797259256991887,4.805666554734821,4.726494805243226,4.795157432556152,1890800,0.0,0.0
2003-02-14 00:00:00-05:00,4.819680581001271,4.9044575691223145,4.781846129894256,4.9044575691223145,2541600,0.0,0.0
2003-02-18 00:00:00-05:00,4.9135648596554935,5.0130556747772586,4.9135648596554935,4.982928276062012,2296000,0.0,0.0
2003-02-19 00:00:00-05:00,4.974520795198954,4.996240362828327,4.895349036950427,4.95280122756958,1410400,0.0,0.0
2003-02-20 00:00:00-05:00,4.9661120407342,4.973118834386296,4.901653601664037,4.912163257598877,1722800,0.0,0.0
2003-02-21 00:00:00-05:00,4.939487116159871,4.992735637580642,4.863818249068754,4.969614505767822,1266000,0.0,0.0
2003-02-24 00:00:00-05:00,4.969615808367182,4.970316594693342,4.862418485828592,4.872928142547607,1500400,0.0,0.0
2003-02-25 00:00:00-05:00,4.851907849552049,4.919168890613647,4.789551242696716,4.907958984375,2158800,0.0,0.0
2003-02-26 00:00:00-05:00,4.90866037640594,4.9184692470972875,4.864520458294881,4.871526718139648,1219600,0.0,0.0
2003-02-27 00:00:00-05:00,4.899554056854077,4.981528449105633,4.88624178417366,4.976624011993408,2052400,0.0,0.0
2003-02-28 00:00:00-05:00,4.994138500952112,5.022864863319371,4.9450941439146,4.971017360687256,2468400,0.0,0.0
2003-03-03 00:00:00-05:00,4.994838271460598,5.02636670392315,4.954902007554494,4.959806442260742,1587200,0.0,0.0
2003-03-04 00:00:00-05:00,4.925474989570823,4.926175241225396,4.791653156579121,4.797258377075195,2649200,0.0,0.0
2003-03-05 00:00:00-05:00,4.797260282496097,4.83229212269596,4.750317744918712,4.802865505218506,1984400,0.0,0.0
2003-03-06 00:00:00-05:00,4.791653925338005,4.8399980244221394,4.756622093432013,4.828087329864502,2070800,0.0,0.0
2003-03-07 00:00:00-05:00,4.799361835798565,4.93178214149727,4.774839655954995,4.892546653747559,2028800,0.0,0.0
2003-03-10 00:00:00-05:00,4.8624184872163605,4.877832579136202,4.781845165072045,4.795157432556152,1364800,0.0,0.0
2003-03-11 00:00:00-05:00,4.802162630942039,4.8161751471124825,4.715984106318447,4.718786716461182,2264800,0.0,0.0
2003-03-12 00:00:00-05:00,4.711781686766873,4.769233873313002,4.625603139675996,4.686558723449707,3458800,0.0,0.0
2003-03-13 00:00:00-05:00,4.729296974539164,4.9191694259643555,4.7257935777777424,4.9191694259643555,2523600,0.0,0.0
2003-03-14 00:00:00-05:00,4.91917062724249,4.93878837099326,4.8210813739452165,4.85541296005249,3246400,0.0,0.0
2003-03-17 00:00:00-05:00,4.856113684480666,5.0887250900268555,4.771336692426246,5.0887250900268555,3043200,0.0,0.0
2003-03-18 00:00:00-05:00,5.0957317196311696,5.131463811826567,5.044584997650314,5.093629360198975,2292400,0.0,0.0
2003-03-19 00:00:00-05:00,5.037578231644688,5.067004846224773,4.992036736960229,5.062100410461426,1918400,0.0,0.0
2003-03-20 00:00:00-05:00,5.062801979816263,5.10484008350937,4.925477222662251,5.078216075897217,1998000,0.0,0.0
2003-03-21 00:00:00-05:00,5.12866009049236,5.233755588531494,5.084520173751529,5.233755588531494,2313600,0.0,0.0
2003-03-24 00:00:00-05:00,5.184711840499242,5.184711840499242,4.999042998761871,5.056495189666748,2781600,0.0,0.0
2003-03-25 00:00:00-05:00,5.057195751676405,5.128660460296941,5.0347753985264925,5.111144542694092,2056400,0.0,0.0
2003-03-26 00:00:00-05:00,5.111845910797478,5.111845910797478,4.996941521010159,5.037578582763672,2286000,0.0,0.0
2003-03-27 00:00:00-05:00,5.013056092545577,5.049488967855751,4.925476499975203,5.0326738357543945,1332400,0.0,0.0
2003-03-28 00:00:00-05:00,5.002546979141815,5.002546979141815,4.901655106463035,4.971718788146973,2367600,0.0,0.0
2003-03-31 00:00:00-05:00,4.890445597875362,4.938789178726747,4.8343944340974065,4.900954723358154,1553200,0.0,0.0
2003-04-01 00:00:00-05:00,4.9016533717963195,4.992736339569092,4.862417894992433,4.992736339569092,2529600,0.0,0.0
2003-04-02 00:00:00-05:00,5.114649312550718,5.289808535583276,5.099936001961206,5.22044563293457,2705200,0.0,0.0
2003-04-03 00:00:00-05:00,5.233054355125878,5.233054355125878,5.162990702909088,5.181907653808594,2551600,0.0,0.0
2003-04-04 00:00:00-05:00,5.194522722905598,5.236560836382651,5.148280958443924,5.173503398895264,2120400,0.0,0.0
2003-04-07 00:00:00-04:00,5.254074729573758,5.305221446461743,5.184711842434957,5.186112880706787,1852800,0.0,0.0
2003-04-08 00:00:00-04:00,5.195222595623429,5.202228857546437,5.114649247150032,5.149681091308594,1587200,0.0,0.0
2003-04-09 00:00:00-04:00,5.149682846663945,5.199428018180352,5.093631663086856,5.102740287780762,1740800,0.0,0.0
2003-04-10 00:00:00-04:00,5.102737664381373,5.119552796992089,5.050890159137905,5.1055402755737305,1569600,0.0,0.0
2003-04-11 00:00:00-04:00,5.160191041204536,5.193121062089536,5.0368787931703505,5.065605163574219,2224000,0.0,0.0
2003-04-14 00:00:00-04:00,5.181206893081648,5.331843852996826,5.090124465478069,5.331843852996826,5174400,0.0,0.0
2003-04-15 00:00:00-04:00,5.331846265759626,5.49369373990444,5.256177358461544,5.489489555358887,4713600,0.0,0.0
2003-04-16 00:00:00-04:00,5.502800940133005,5.556049481271299,5.4957946797435095,5.508406162261963,4427200,0.0,0.0
2003-04-17 00:00:00-04:00,5.500700801545929,5.6029937313089375,5.500700801545929,5.59458589553833,3141200,0.0,0.0
2003-04-21 00:00:00-04:00,5.5847745865063,5.60439232687552,5.544137533145295,5.566557884216309,2533600,0.0,0.0
2003-04-22 00:00:00-04:00,5.550445204710767,5.690572574546258,5.5350311085019035,5.689871788024902,4974000,0.0,0.0
2003-04-23 00:00:00-04:00,5.69267184583186,5.801270722554262,5.682162190900135,5.781652450561523,4390400,0.0,0.0
2003-04-24 00:00:00-04:00,5.738213480964889,5.778850529364585,5.692671998071662,5.704582691192627,2590800,0.0,0.0
2003-04-25 00:00:00-04:00,5.704584268979247,5.704584268979247,5.573565539324638,5.579170227050781,2447600,0.0,0.0
2003-04-28 00:00:00-04:00,5.5966862513651305,5.710890385453334,5.5966862513651305,5.703884124755859,1424000,0.0,0.0
2003-04-29 00:00:00-04:00,5.705984559089544,5.745220037069334,5.667449332828468,5.72420072555542,2539600,0.0,0.0
2003-04-30 00:00:00-04:00,5.720698794895909,5.788660640708797,5.689169822490831,5.750125408172607,2288000,0.0,0.0
2003-05-01 00:00:00-04:00,5.813850138302785,5.828170294522687,5.717191405415389,5.811702251434326,2441600,0.44,0.0
2003-05-02 00:00:00-04:00,5.811699959671829,5.866831583426386,5.752272563874332,5.844635486602783,2550400,0.0,0.0
2003-05-05 00:00:00-04:00,5.830315180981818,5.87112664925437,5.79881139976868,5.851078987121582,1594400,0.0,0.0
2003-05-06 00:00:00-04:00,5.8510817149070045,5.978528094673605,5.848217683801701,5.9591965675354,1904800,0.0,0.0
2003-05-07 00:00:00-04:00,5.959194759873288,5.959194759873288,5.851079940040441,5.871127605438232,2336400,0.0,0.0
2003-05-08 00:00:00-04:00,5.842488109773691,5.842488109773691,5.762297444607835,5.776617050170898,2334400,0.0,0.0
2003-05-09 00:00:00-04:00,5.788790525574757,5.824590096600275,5.755138841409472,5.799530506134033,2596000,0.0,0.0
2003-05-12 00:00:00-04:00,5.799528136059356,5.918382925495959,5.778764327799062,5.916234493255615,1743600,0.0,0.0
2003-05-13 00:00:00-04:00,5.90907388305128,5.90907388305128,5.788787368163766,5.808835029602051,2187600,0.0,0.0
2003-05-14 00:00:00-04:00,5.8116989833993955,5.817427042666354,5.723632393765552,5.747975826263428,1525200,0.0,0.0
2003-05-15 00:00:00-04:00,5.7708887887072,5.801676431229009,5.73508922978686,5.795232772827148,1612800,0.0,0.0
2003-05-16 00:00:00-04:00,5.79523368596194,5.79523368596194,5.649171397001477,5.750125885009766,2184000,0.0,0.0
2003-05-19 00:00:00-04:00,5.72792994036303,5.72792994036303,5.621247398175999,5.629838943481445,1386400,0.0,0.0
2003-05-20 00:00:00-04:00,5.620531988450878,5.6455915759630635,5.543920937337601,5.596188545227051,1776400,0.0,0.0
2003-05-21 00:00:00-04:00,5.581151399324225,5.581151399324225,5.474468859389181,5.528168201446533,3947200,0.0,0.0
2003-05-22 00:00:00-04:00,5.521008514968053,5.655614671913716,5.509552392883503,5.629838943481445,2014000,0.0,0.0
2003-05-23 00:00:00-04:00,5.620532323453186,5.634851932525635,5.58186872344789,5.634851932525635,1873600,0.0,0.0
2003-05-27 00:00:00-04:00,5.634851520008904,5.73652270350919,5.577572541654324,5.728646755218506,2126000,0.0,0.0
2003-05-28 00:00:00-04:00,5.727929778214083,5.770889142299098,5.682822527863509,5.7136101722717285,2172800,0.0,0.0
2003-05-29 00:00:00-04:00,5.7136085631772735,5.821007216272653,5.706448215964677,5.747975826263428,2836400,0.0,0.0
2003-05-30 00:00:00-04:00,5.792369736984783,6.014326931144465,5.780913613959711,6.009315013885498,3542400,0.0,0.0
2003-06-02 00:00:00-04:00,6.010746674747183,6.0408187241518085,5.956331729888916,5.956331729888916,2552000,0.0,0.0
2003-06-03 00:00:00-04:00,5.781629002609125,5.827452396204711,5.767309396957232,5.8052568435668945,7619600,0.0,0.0
2003-06-04 00:00:00-04:00,5.712179126787719,5.932704602333152,5.712179126787719,5.909792900085449,3718000,0.0,0.0
2003-06-05 00:00:00-04:00,5.881867472528028,5.9785261696114835,5.851795974992357,5.962774276733398,2678000,0.0,0.0
2003-06-06 00:00:00-04:00,6.028647540992152,6.094519166822131,5.933421097239417,5.9613447189331055,4467600,0.0,0.0
2003-06-09 00:00:00-04:00,5.935564208171572,5.935564208171572,5.82458540880812,5.856805324554443,2063600,0.0,0.0
2003-06-10 00:00:00-04:00,5.871128912825652,5.892608871253838,5.797381893151201,5.886164665222168,1563200,0.0,0.0
2003-06-11 00:00:00-04:00,5.88616662480655,5.992133617401123,5.853231078174535,5.992133617401123,1766400,0.0,0.0
2003-06-12 00:00:00-04:00,6.014325063225451,6.050124617173221,5.967785533841781,6.037952899932861,1869600,0.0,0.0
2003-06-13 00:00:00-04:00,6.037954945263173,6.037954945263173,5.8389094452890475,5.869697093963623,2696800,0.0,0.0
2003-06-16 00:00:00-04:00,5.878287139216544,6.013609420724253,5.878287139216544,6.0100297927856445,1749600,0.0,0.0
2003-06-17 00:00:00-04:00,6.00000714566179,6.099529889893733,5.9506035725329856,6.096665859222412,2312000,0.0,0.0
2003-06-18 00:00:00-04:00,6.07876611671256,6.0794822609495425,5.897620409074073,5.915520191192627,3469200,0.0,0.0
2003-06-19 00:00:00-04:00,5.94272705078125,5.949886853639036,5.8102687860094,5.8174285888671875,2242400,0.0,0.0
2003-06-20 00:00:00-04:00,5.8568083597444325,5.872559707624593,5.8109849656651855,5.846068382263184,2357600,0.0,0.0
2003-06-23 00:00:00-04:00,5.846069755945297,5.846069755945297,5.720055119488066,5.752274513244629,1611600,0.0,0.0
2003-06-24 00:00:00-04:00,5.727932769379987,5.798100186158517,5.727932769379987,5.750844478607178,1432800,0.0,0.0
2003-06-25 00:00:00-04:00,5.72792947582462,5.72792947582462,5.530315755956453,5.545351505279541,5534000,0.0,0.0
2003-06-26 00:00:00-04:00,5.61337427870721,5.6899853584042965,5.584734505325686,5.686405181884766,3646800,0.0,0.0
2003-06-27 00:00:00-04:00,5.668503805556298,5.706451262508028,5.60406447004483,5.620532512664795,2593200,0.0,0.0
2003-06-30 00:00:00-04:00,5.6276918108789875,5.67065118193372,5.606212398480642,5.628407955169678,2189600,0.0,0.0
2003-07-01 00:00:00-04:00,5.62124746922962,5.667070865631103,5.548216055662399,5.6670708656311035,2158800,0.0,0.0
2003-07-02 00:00:00-04:00,5.667070342174629,5.764445187097945,5.663490167744155,5.739385604858398,1257200,0.0,0.0
2003-07-03 00:00:00-04:00,5.6921284115139565,5.752271392903578,5.6742286366349814,5.72649621963501,1613200,0.0,0.0
2003-07-07 00:00:00-04:00,5.760149572459936,5.816712948574734,5.736522275608329,5.752989768981934,1664400,0.0,0.0
2003-07-08 00:00:00-04:00,5.763729777721851,5.871128469232197,5.745829995803461,5.858240604400635,1623600,0.0,0.0
2003-07-09 00:00:00-04:00,5.858237065889592,5.922676351124576,5.819573494748602,5.856805324554443,1876400,0.0,0.0
2003-07-10 00:00:00-04:00,5.8568077119079405,5.8568077119079405,5.699289334208337,5.775900363922119,1100800,0.0,0.0
2003-07-11 00:00:00-04:00,5.7937993291704375,5.863966691015061,5.775899553279829,5.857522487640381,1373600,0.0,0.0
2003-07-14 00:00:00-04:00,5.8997682633453294,5.9856869985425245,5.899052119112254,5.943443775177002,2355200,0.0,0.0
2003-07-15 00:00:00-04:00,5.899767780812096,5.900483924986599,5.625543011578188,5.7136101722717285,7304000,0.0,0.0
2003-07-16 00:00:00-04:00,5.727928252755056,5.739384371464314,5.684252756127175,5.720768451690674,4256800,0.0,0.0
2003-07-17 00:00:00-04:00,5.770890536119885,5.89260940105999,5.770890536119885,5.890460968017578,4169200,0.0,0.0
2003-07-18 00:00:00-04:00,5.949886414038411,5.9685023370995935,5.8711274959058875,5.962774276733398,1974000,0.0,0.0
2003-07-21 00:00:00-04:00,5.957047121110155,5.957763265329172,5.838908999097769,5.861820697784424,1590400,0.0,0.0
2003-07-22 00:00:00-04:00,5.871128623754948,5.9362840938565595,5.867548448773846,5.928408145904541,2467200,0.0,0.0
2003-07-23 00:00:00-04:00,5.928409078992345,6.193325681549611,5.906929118240958,6.150366306304932,5333200,0.0,0.0
2003-07-24 00:00:00-04:00,6.157527192491877,6.192610624706107,6.035808850213336,6.066596508026123,2822400,0.0,0.0
2003-07-25 00:00:00-04:00,6.082346051611779,6.16396901848125,6.057286464635718,6.095233917236328,3970000,0.0,0.0
2003-07-28 00:00:00-04:00,6.095233353571405,6.095233353571405,5.985686779022216,5.985686779022217,2832400,0.0,0.0
2003-07-29 00:00:00-04:00,5.996423423242541,6.022915281586046,5.924824337591883,5.9821038246154785,2482800,0.0,0.0
2003-07-30 00:00:00-04:00,5.996427172789914,6.123873537538674,5.978527390184571,6.021486759185791,2794000,0.0,0.0
2003-07-31 00:00:00-04:00,6.158505090667062,6.251560182962993,6.125532391302701,6.16729736328125,3817600,0.48,0.0
2003-08-01 00:00:00-04:00,6.173158174708474,6.173158174708474,6.0485961562156465,6.112342357635498,2044800,0.0,0.0
2003-08-04 00:00:00-04:00,6.119669006904785,6.140185609034531,6.017821107882458,6.1211347579956055,2273600,0.0,0.0
2003-08-05 00:00:00-04:00,6.129197509563358,6.142386480299512,5.987782651844793,5.990713596343994,1771600,0.0,0.0
2003-08-06 00:00:00-04:00,5.982652683951883,6.055924607676903,5.938689641520955,6.012693881988525,2236400,0.0,0.0
2003-08-07 00:00:00-04:00,6.02368269755328,6.07790374581816,5.99657189391073,6.0705766677856445,1681200,0.0,0.0
2003-08-08 00:00:00-04:00,6.070578685070038,6.1372564030697845,6.070578685070038,6.125532627105713,1834000,0.0,0.0
2003-08-11 00:00:00-04:00,6.143850460765701,6.2046662893281255,6.08230231548835,6.19953727722168,2556400,0.0,0.0
2003-08-12 00:00:00-04:00,6.228112663185878,6.288195610046387,6.2163888886665895,6.288195610046387,2883600,0.0,0.0
2003-08-13 00:00:00-04:00,6.301383543102966,6.383448274213921,6.2991854754962855,6.378319263458252,2649200,0.0,0.0
2003-08-14 00:00:00-04:00,6.378320560615975,6.557836532592773,6.3504768745481375,6.557836532592773,3196800,0.0,0.0
2003-08-15 00:00:00-04:00,6.5578377694308925,6.568095794963114,6.5028838216423654,6.539519786834717,1307600,0.0,0.0
2003-08-18 00:00:00-04:00,6.543181020660519,6.597402071187693,6.535121066782396,6.58934211730957,2302400,0.0,0.0
2003-08-19 00:00:00-04:00,6.579818982550324,6.594473143705949,6.506547058731369,6.575422286987305,2076000,0.0,0.0
2003-08-20 00:00:00-04:00,6.5754228732651585,6.582749954496268,6.529994634219999,6.554173946380615,1664400,0.0,0.0
2003-08-21 00:00:00-04:00,6.60546160205269,6.69851666493145,6.5688256536874725,6.673604488372803,2894800,0.0,0.0
2003-08-22 00:00:00-04:00,6.6736067171684414,6.722698770208338,6.590809088438055,6.595205783843994,1736000,0.0,0.0
2003-08-25 00:00:00-04:00,6.59520317317337,6.59520317317337,6.535852560360119,6.576152324676514,1504400,0.0,0.0
2003-08-26 00:00:00-04:00,6.557836965738983,6.572491126411805,6.439136251815694,6.527062892913818,1838400,0.0,0.0
2003-08-27 00:00:00-04:00,6.527796699782843,6.5651655447555255,6.494091675324933,6.5585713386535645,982800,0.0,0.0
2003-08-28 00:00:00-04:00,6.554172631104583,6.620117466991845,6.474306511378043,6.609126567840576,1497200,0.0,0.0
2003-08-29 00:00:00-04:00,6.735887302761109,6.902214307162092,6.689726196637045,6.86118221282959,4863200,0.0,0.0
2003-09-02 00:00:00-04:00,6.8611823872811275,6.895620278337387,6.779850513218158,6.856786251068115,2864000,0.0,0.0
2003-09-03 00:00:00-04:00,6.875107923592377,6.905882011654416,6.847264221899478,6.862651824951172,2468400,0.0,0.0
2003-09-04 00:00:00-04:00,6.862647361187079,6.900015632804748,6.850923587253474,6.88902473449707,2832000,0.0,0.0
2003-09-05 00:00:00-04:00,6.880233979023738,6.880233979023738,6.815754326222404,6.852390289306641,2834400,0.0,0.0
2003-09-08 00:00:00-04:00,6.858252462009546,6.903681259365505,6.810625596220638,6.880967140197754,2146400,0.0,0.0
2003-09-09 00:00:00-04:00,6.880967974899494,6.882433167692378,6.8062302849903595,6.817954063415527,1945600,0.0,0.0
2003-09-10 00:00:00-04:00,6.810625252545618,6.812091004107257,6.640634407723253,6.646496295928955,2668800,0.0,0.0
2003-09-11 00:00:00-04:00,6.656755816654336,6.696322732403479,6.656755816654336,6.663350582122803,3190800,0.0,0.0
2003-09-12 00:00:00-04:00,6.64576066475329,6.6970513267569505,6.601797639478864,6.693387508392334,2361600,0.0,0.0
2003-09-15 00:00:00-04:00,6.708044180201734,6.747610523179826,6.694122337178105,6.72416353225708,1110400,0.0,0.0
2003-09-16 00:00:00-04:00,6.738820249761387,6.854590046352132,6.735156429240967,6.847995281219482,2302800,0.0,0.0
2003-09-17 00:00:00-04:00,6.838470603918251,6.900018767974459,6.817954549232848,6.85532283782959,1965200,0.0,0.0
2003-09-18 00:00:00-04:00,6.872907517262807,6.992340566427555,6.858252795296883,6.985013484954834,2483600,0.0,0.0
2003-09-19 00:00:00-04:00,6.96083214200165,6.97548630185035,6.9425141626805935,6.961565017700195,1775600,0.0,0.0
2003-09-22 00:00:00-04:00,6.962298313424719,6.962298313424719,6.858985186216537,6.886096000671387,2081600,0.0,0.0
2003-09-23 00:00:00-04:00,6.89855198578992,6.905879066629472,6.803298257814443,6.8384690284729,1741200,0.0,0.0
2003-09-24 00:00:00-04:00,6.839930940424261,6.839930940424261,6.647958943008757,6.687525272369385,3551600,0.0,0.0
2003-09-25 00:00:00-04:00,6.704376995033211,6.779846941708952,6.63843219147477,6.694118976593018,3456000,0.0,0.0
2003-09-26 00:00:00-04:00,6.700719316032382,6.704383136983232,6.52193614584683,6.555641174316406,3008800,0.0,0.0
2003-09-29 00:00:00-04:00,6.561499294644922,6.6091255855211015,6.496287344132343,6.5717573165893555,2865200,0.0,0.0
2003-09-30 00:00:00-04:00,6.571026678665558,6.571026678665558,6.413491917987078,6.493358612060547,2149200,0.0,0.0
2003-10-01 00:00:00-04:00,6.5395187190580115,6.711707615542859,6.532191639020004,6.697786331176758,2683600,0.0,0.0
2003-10-02 00:00:00-04:00,6.6977874274550535,6.814289528483168,6.67287468042372,6.790842533111572,1836800,0.0,0.0
2003-10-03 00:00:00-04:00,6.942514787329005,6.985012637342462,6.872906683254189,6.887560844421387,2140000,0.0,0.0
2003-10-06 00:00:00-04:00,6.887561187432182,6.994538134537505,6.872907025535184,6.984280109405518,1458800,0.0,0.0
2003-10-07 00:00:00-04:00,6.960831332610158,7.034103241374476,6.927859197274335,7.024578094482422,1956800,0.0,0.0
2003-10-08 00:00:00-04:00,7.024581778456684,7.03044310937632,6.909544843727506,6.953507900238037,2284800,0.0,0.0
2003-10-09 00:00:00-04:00,7.056085140971667,7.067075480231065,6.960831434574628,6.996002197265625,2103200,0.0,0.0
2003-10-10 00:00:00-04:00,6.9960061394966,7.0231164036400875,6.954973466731916,6.997471332550049,1306800,0.0,0.0
2003-10-13 00:00:00-04:00,7.0157875786138835,7.034105561847863,6.997469595379905,7.015054702758789,1270800,0.0,0.0
2003-10-14 00:00:00-04:00,7.01505623262534,7.246595859527588,6.990144038324027,7.246595859527588,4590000,0.0,0.0
2003-10-15 00:00:00-04:00,7.2832298024378375,7.385810614110009,7.275902721394208,7.2971510887146,5724000,0.0,0.0
2003-10-16 00:00:00-04:00,7.264912025867776,7.288359021283058,7.1923729711486954,7.202630996704102,5774400,0.0,0.0
2003-10-17 00:00:00-04:00,7.213619109561281,7.23926472454399,7.136683941674038,7.1440110206604,2119200,0.0,0.0
2003-10-20 00:00:00-04:00,7.213621012356895,7.213621012356895,7.118367842367894,7.143280029296875,3203600,0.0,0.0
2003-10-21 00:00:00-04:00,7.144008864624998,7.204824663996378,7.111036739627086,7.163059711456299,1884800,0.0,0.0
2003-10-22 00:00:00-04:00,7.163061651302745,7.163061651302745,7.034102940861278,7.042162895202637,2621600,0.0,0.0
2003-10-23 00:00:00-04:00,7.034106252142045,7.056088057788205,7.000401226766329,7.041433334350586,2497200,0.0,0.0
2003-10-24 00:00:00-04:00,7.059747966059307,7.179913846067274,7.057549898342863,7.17771577835083,2308800,0.0,0.0
2003-10-27 00:00:00-05:00,7.169657750315492,7.237067787158766,7.169657750315492,7.1931047439575195,1218400,0.0,0.0
2003-10-28 00:00:00-05:00,7.193108326280469,7.2334081287136955,7.169661320961327,7.228279113769531,1995200,0.0,0.0
2003-10-29 00:00:00-05:00,7.224612339329575,7.287626245186861,7.215820065316309,7.279566287994385,1399200,0.0,0.0
2003-10-30 00:00:00-05:00,7.417790850036863,7.479057835412457,7.388651708823886,7.470092296600342,1744400,0.48,0.0
2003-10-31 00:00:00-05:00,7.4700881706658535,7.5104342131097495,7.426752856886574,7.489513874053955,1583600,0.0,0.0
2003-11-03 00:00:00-05:00,7.50147140323735,7.572451232242279,7.499230018958391,7.535093307495117,2051600,0.0,0.0
2003-11-04 00:00:00-05:00,7.535096473579012,7.538832495638201,7.499979918355596,7.516417503356934,2337200,0.0,0.0
2003-11-05 00:00:00-05:00,7.505205612838997,7.599347727247409,7.497734143132177,7.594117641448975,1567600,0.0,0.0
2003-11-06 00:00:00-05:00,7.606071840582195,7.64342975616455,7.527619989844627,7.643429756164551,1791200,0.0,0.0
2003-11-07 00:00:00-05:00,7.643430732581441,7.643430732581441,7.583657831999308,7.594865322113037,1347200,0.0,0.0
2003-11-10 00:00:00-05:00,7.606075556961475,7.606075556961475,7.464115294378482,7.487277030944824,1855600,0.0,0.0
2003-11-11 00:00:00-05:00,7.487273487762017,7.487273487762017,7.4215237605390305,7.473077297210693,1500400,0.0,0.0
2003-11-12 00:00:00-05:00,7.475320924143329,7.561243694506261,7.471584903676814,7.547794818878174,1641600,0.0,0.0
2003-11-13 00:00:00-05:00,7.55751007435483,7.598603459255037,7.498484470916555,7.576189041137695,1099600,0.0,0.0
2003-11-14 00:00:00-05:00,7.57618962996051,7.621019039716171,7.556016025046495,7.579178333282471,1679200,0.0,0.0
2003-11-17 00:00:00-05:00,7.579175155464605,7.579175155464605,7.3819253792136355,7.561990261077881,2384400,0.0,0.0
2003-11-18 00:00:00-05:00,7.583657098573519,7.60233605694439,7.499228411950349,7.520148754119873,3452800,0.0,0.0
2003-11-19 00:00:00-05:00,7.535095270706039,7.655387865336142,7.458138016882139,7.626996040344238,2496000,0.0,0.0
2003-11-20 00:00:00-05:00,7.576189389849062,7.6807917226550355,7.546302927613518,7.613547325134277,3181200,0.0,0.0
2003-11-21 00:00:00-05:00,7.623262598712927,7.722634874868988,7.61280241912145,7.701714515686035,3558800,0.0,0.0
2003-11-24 00:00:00-05:00,7.733088081979647,7.839931737218121,7.7278579968995755,7.833954334259033,1972800,0.0,0.0
2003-11-25 00:00:00-05:00,7.621020051561221,7.732346557409956,7.621020051561221,7.691999912261963,4070000,0.0,0.0
2003-11-26 00:00:00-05:00,7.691996663266,7.72188311779313,7.635959774791395,7.703204154968262,2472400,0.0,0.0
2003-11-28 00:00:00-05:00,7.702453519754354,7.725615811307224,7.687510583944375,7.694982051849365,621600,0.0,0.0
2003-12-01 00:00:00-05:00,7.713662418416185,7.918384210707995,7.710673716699891,7.913154125213623,2160800,0.0,0.0
2003-12-02 00:00:00-05:00,7.9131571115041,7.949767723780917,7.808554792104987,7.872063159942627,3860400,0.0,0.0
2003-12-03 00:00:00-05:00,7.8825214481127235,7.919879369667759,7.863842487335205,7.863842487335205,2612400,0.0,0.0
2003-12-04 00:00:00-05:00,7.875049906963621,7.987123670620495,7.8720612048617085,7.969192028045654,2942000,0.0,0.0
2003-12-05 00:00:00-05:00,7.949766590925162,8.023735123158389,7.928846244033881,7.9587321281433105,2968400,0.0,0.0
2003-12-08 00:00:00-05:00,7.959477033081694,7.973673222755325,7.862346799100853,7.930337905883789,1934000,0.0,0.0
2003-12-09 00:00:00-05:00,7.930336360994636,7.957234099327671,7.902691304920012,7.927347660064697,1854800,0.0,0.0
2003-12-10 00:00:00-05:00,7.923618782531932,7.927354234264875,7.814533103251237,7.851891040802002,1783600,0.0,0.0
2003-12-11 00:00:00-05:00,7.912406714388484,8.080517336209613,7.902693291415421,8.060343742370605,2503600,0.0,0.0
2003-12-12 00:00:00-05:00,8.024481048016325,8.082011991978497,7.940799104943837,8.02298641204834,1373200,0.0,0.0
2003-12-15 00:00:00-05:00,8.1253473346562,8.173912743077556,7.964708169894757,7.978157043457031,2342400,0.0,0.0
2003-12-16 00:00:00-05:00,7.9124070361477,7.942293484138549,7.82125362629207,7.907923698425293,2801600,0.0,0.0
2003-12-17 00:00:00-05:00,7.886258860320408,7.90269586987521,7.83769343971904,7.843670845031738,2782400,0.0,0.0
2003-12-18 00:00:00-05:00,7.845161119780069,8.005800247192383,7.845161119780069,8.005800247192383,2151200,0.0,0.0
2003-12-19 00:00:00-05:00,8.069311554173748,8.084254495703842,7.978158128744805,8.017010688781738,2984400,0.0,0.0
2003-12-22 00:00:00-05:00,7.987125575555455,8.049139876378172,7.96844661049103,8.002068519592285,1550400,0.0,0.0
2003-12-23 00:00:00-05:00,8.002065145255589,8.067068121482361,7.976662037097688,8.058849334716797,1710000,0.0,0.0
2003-12-24 00:00:00-05:00,8.059598107242977,8.059598107242977,8.024481570186053,8.046895980834961,491600,0.0,0.0
2003-12-26 00:00:00-05:00,8.054366588920166,8.06930952669573,8.041664464770747,8.050630569458008,137200,0.0,0.0
2003-12-29 00:00:00-05:00,8.065576518391603,8.118625278383817,8.032701929004839,8.117877960205078,991600,0.0,0.0
2003-12-30 00:00:00-05:00,8.129084481739369,8.129084481739369,8.019252094090712,8.045402526855469,1152800,0.0,0.0
2003-12-31 00:00:00-05:00,8.05063279176975,8.080519245607325,8.002067375538278,8.067817687988281,940000,0.0,0.0
2004-01-02 00:00:00-05:00,8.054368686774566,8.10741687074233,7.922868633960051,7.955743789672852,1688800,0.0,0.0
2004-01-05 00:00:00-05:00,7.9729272540951985,8.07902361056679,7.959478380032841,8.0767822265625,1675600,0.0,0.0
2004-01-06 00:00:00-05:00,8.106669505077818,8.262078605670602,8.106669505077818,8.235180854797363,2757600,0.0,0.0
2004-01-07 00:00:00-05:00,8.57364407202135,8.57364407202135,8.375646948943361,8.413004875183105,5470800,0.0,0.0
2004-01-08 00:00:00-05:00,8.442893162153569,8.51686171254796,8.41300670066955,8.510137557983398,2713200,0.0,0.0
2004-01-09 00:00:00-05:00,8.48025005885533,8.569162114130865,8.461571093967983,8.498929023742676,2249200,0.0,0.0
2004-01-12 00:00:00-05:00,8.442889736868699,8.53628453484291,8.423463459279812,8.466798782348633,947200,0.0,0.0
2004-01-13 00:00:00-05:00,8.483979454626004,8.569902169980503,8.456334402967782,8.527314186096191,1362000,0.0,0.0
2004-01-14 00:00:00-05:00,8.515364332336194,8.667784713558925,8.491455286460273,8.659565925598145,2426800,0.0,0.0
2004-01-15 00:00:00-05:00,8.659565659192511,8.808997333829012,8.614736270808882,8.743247032165527,1981200,0.0,0.0
2004-01-16 00:00:00-05:00,8.752959358497668,8.762672210918183,8.696175169644482,8.711865425109863,2054800,0.0,0.0
2004-01-20 00:00:00-05:00,8.741755521387526,8.741755521387526,8.572897520082055,8.587841033935547,1988800,0.0,0.0
2004-01-21 00:00:00-05:00,8.801526672434136,9.099642731102598,8.704395846985305,9.071250915527344,5420400,0.0,0.0
2004-01-22 00:00:00-05:00,9.006996481489704,9.142979313780101,9.006996481489704,9.089183807373047,2996800,0.0,0.0
2004-01-23 00:00:00-05:00,9.092919468911145,9.098896874214244,9.006996690335242,9.059297561645508,2149200,0.0,0.0
2004-01-26 00:00:00-05:00,9.134009664852252,9.283441315810979,9.125790878446601,9.277463912963867,2443200,0.0,0.0
2004-01-27 00:00:00-05:00,9.277467973045809,9.277467973045809,9.093667030334473,9.093667030334473,2585200,0.0,0.0
2004-01-28 00:00:00-05:00,9.152689124365954,9.162401976999066,8.770143871669097,8.770891189575195,3438400,0.0,0.0
2004-01-29 00:00:00-05:00,8.835148954971652,8.835148954971652,8.673762450971479,8.749225616455078,3885200,0.0,0.0
2004-01-30 00:00:00-05:00,8.674511430681944,8.743997204874983,8.641636839153959,8.678247451782227,3264800,0.0,0.0
2004-02-02 00:00:00-05:00,8.797788798176791,8.84411281701941,8.678243586688701,8.776121139526367,2630400,0.0,0.0
2004-02-03 00:00:00-05:00,8.517606120670244,8.744742352292514,8.454097767988365,8.599793434143066,6131200,0.0,0.0
2004-02-04 00:00:00-05:00,8.600540525291425,8.68571653864814,8.583355631000993,8.674509048461914,4015600,0.0,0.0
2004-02-05 00:00:00-05:00,8.778586133737589,8.859282734776714,8.748419056396326,8.847970008850098,2842400,0.27,0.0
2004-02-06 00:00:00-05:00,8.808752701668993,8.955816404042897,8.688838734404104,8.927911758422852,2900000,0.0,0.0
2004-02-09 00:00:00-05:00,8.974669521438534,9.01162388188847,8.95581517370442,8.989752769470215,2961600,0.0,0.0
2004-02-10 00:00:00-05:00,8.97844163437549,9.077238243527148,8.85777333494828,8.93997859954834,2546000,0.0,0.0
2004-02-11 00:00:00-05:00,8.948273547476088,9.145112983802695,8.895481028600202,9.035003662109375,3210800,0.0,0.0
2004-02-12 00:00:00-05:00,9.031233480383431,9.044054300049257,8.973162336645276,8.975424766540527,1736800,0.0,0.0
2004-02-13 00:00:00-05:00,8.994282328187614,9.094587066828481,8.963360907539053,8.980707168579102,2316800,0.0,0.0
2004-02-17 00:00:00-05:00,9.125504071473427,9.15944166637702,9.09232023617995,9.111174583435059,1969600,0.0,0.0
2004-02-18 00:00:00-05:00,9.182068972319325,9.34119974140256,9.130030779234636,9.148131370544434,3600800,0.0,0.0
2004-02-19 00:00:00-05:00,9.185842381797556,9.224304853373905,9.043303497889427,9.050090789794922,2612000,0.0,0.0
2004-02-20 00:00:00-05:00,9.068942866218842,9.178297872287866,9.038021454271979,9.09609317779541,2704800,0.0,0.0
2004-02-23 00:00:00-05:00,9.077236779456978,9.136816584457517,8.910564422607422,8.910564422607422,2354800,0.0,0.0
2004-02-24 00:00:00-05:00,8.909815718339889,8.980708291312537,8.83892314536724,8.900765419006348,1372400,0.0,2.0
2004-02-25 00:00:00-05:00,8.929422478545394,9.039531840669822,8.870596984091586,9.004839897155762,2107000,0.0,0.0
2004-02-26 00:00:00-05:00,9.004840292088991,9.042549003047998,8.858530309443475,9.018415451049805,1556400,0.0,0.0
2004-02-27 00:00:00-05:00,9.019919889666129,9.019919889666129,8.826851551949947,8.82986831665039,5096400,0.0,0.0
2004-03-01 00:00:00-05:00,8.841936575171314,9.09684777733906,8.841936575171314,9.033496856689453,1944200,0.0,0.0
2004-03-02 00:00:00-05:00,9.004839867419905,9.077240520000068,8.992772804295258,8.997298240661621,2008400,0.0,0.0
2004-03-03 00:00:00-05:00,8.979195506503412,9.140588697310381,8.944503571369953,9.125505447387695,1774800,0.0,0.0
2004-03-04 00:00:00-05:00,9.110420191802795,9.125503438404898,9.025952514819677,9.05762767791748,1318600,0.0,0.0
2004-03-05 00:00:00-05:00,9.057626908480175,9.276337417965271,9.03651013487549,9.134552955627441,1239000,0.0,0.0
2004-03-08 00:00:00-05:00,9.019923546316887,9.133049679193912,9.016906780393455,9.018415451049805,1858400,0.0,0.0
2004-03-09 00:00:00-05:00,8.989756826903658,8.991265497621166,8.798197073808893,8.801213264465332,3203400,0.0,0.0
2004-03-10 00:00:00-05:00,8.838919978230349,8.854003805048121,8.41658260894844,8.446749687194824,3527400,0.0,0.0
2004-03-11 00:00:00-05:00,8.446749623227317,8.446749623227317,8.26876449584961,8.26876449584961,4844600,0.0,0.0
2004-03-12 00:00:00-05:00,8.298932603079013,8.502559398022262,8.28837421077169,8.454292297363281,2673000,0.0,0.0
2004-03-15 00:00:00-05:00,8.46485577432297,8.691108160337727,8.23558662078127,8.258212089538574,1585600,0.0,0.0
2004-03-16 00:00:00-05:00,8.310995753544516,8.403005057041547,8.25820381320474,8.365296363830566,1364200,0.0,0.0
2004-03-17 00:00:00-05:00,8.635294855565487,8.710712277884836,8.446751299767113,8.620211601257324,2100200,0.0,0.0
2004-03-18 00:00:00-05:00,8.612668506064765,8.659427510196618,8.485967226684481,8.635293960571289,2289600,0.0,0.0
2004-03-19 00:00:00-05:00,8.665459854762885,8.665459854762885,8.463341188558843,8.484457969665527,1201000,0.0,0.0
2004-03-22 00:00:00-05:00,8.371329941668158,8.398480246969553,8.107369087651595,8.154128074645996,3293800,0.0,0.0
2004-03-23 00:00:00-05:00,8.17524490397861,8.235578468626395,8.059102058410645,8.059102058410645,2026400,0.0,0.0
2004-03-24 00:00:00-05:00,8.122455773825804,8.129997976016476,7.99726315783221,8.030447006225586,2254800,0.0,0.0
2004-03-25 00:00:00-05:00,8.0304473874867,8.258207749882969,7.955029965113339,8.220499038696289,4228600,0.0,0.0
2004-03-26 00:00:00-05:00,8.212957546620489,8.255191119719647,8.13754012300669,8.185807228088379,1732800,0.0,0.0
2004-03-29 00:00:00-05:00,8.333624967399036,8.498034967147003,8.310999511087498,8.416584014892578,2408800,0.0,0.0
2004-03-30 00:00:00-05:00,8.348708746800671,8.525185821125758,8.34116711935192,8.507085800170898,1315400,0.0,0.0
2004-03-31 00:00:00-05:00,8.507083347176838,8.54780823873504,8.40753239754641,8.475407600402832,1824800,0.0,0.0
2004-04-01 00:00:00-05:00,8.491998699032834,8.5975831688154,8.487473839384277,8.544791221618652,1266000,0.0,0.0
2004-04-02 00:00:00-05:00,8.725791833542033,8.740875656845798,8.597582500099666,8.703166961669922,1762200,0.0,0.0
2004-04-05 00:00:00-04:00,8.703167333147745,8.832885342151762,8.683558649710402,8.819310188293457,1104600,0.0,0.0
2004-04-06 00:00:00-04:00,8.823834159601413,8.952043485610965,8.793667090131814,8.834392547607422,2134400,0.0,0.0
2004-04-07 00:00:00-04:00,8.763504264879682,8.775571328667269,8.574960708618164,8.574960708618164,1951200,0.0,0.0
2004-04-08 00:00:00-04:00,8.695625208439509,8.733333903054792,8.5779736899753,8.6277494430542,1881200,0.0,0.0
2004-04-12 00:00:00-04:00,8.647361418198702,8.757470779357273,8.647361418198702,8.707695007324219,1301600,0.0,0.0
2004-04-13 00:00:00-04:00,8.748419339401439,8.748419339401439,8.561383914146454,8.623226165771484,1799000,0.0,0.0
2004-04-14 00:00:00-04:00,8.740875771848893,8.971652805237083,8.710708700233482,8.82986831665039,4095000,0.0,0.0
2004-04-15 00:00:00-04:00,9.035006345306952,9.087798304471855,8.881154753097405,8.950538635253906,2772800,0.0,0.0
2004-04-16 00:00:00-04:00,9.050090495779077,9.127016011821926,8.956573055098353,9.053107261657715,1812000,0.0,0.0
2004-04-19 00:00:00-04:00,9.015398157178755,9.068190119274128,8.938472069109231,9.039531707763672,1797800,0.0,0.0
2004-04-20 00:00:00-04:00,9.050090765582695,9.188858547801445,8.982214969762971,8.983723640441895,2632800,0.0,0.0
2004-04-21 00:00:00-04:00,9.012381259938204,9.092323537198878,8.93847193869381,9.074223518371582,1558400,0.0,0.0
2004-04-22 00:00:00-04:00,8.998804338061376,9.291423649199695,8.998804338061376,9.208464622497559,2259400,0.0,0.0
2004-04-23 00:00:00-04:00,9.209974185209628,9.2371244984542,9.056122601953447,9.193382263183594,1295000,0.0,0.0
2004-04-26 00:00:00-04:00,9.163214134833524,9.267289940089087,9.059138329577959,9.066679954528809,1342000,0.0,0.0
2004-04-27 00:00:00-04:00,9.18584003004257,9.314049386584847,9.095338800081143,9.146622657775879,1530600,0.0,0.0
2004-04-28 00:00:00-04:00,9.34421641054446,9.34421641054446,8.989754268792073,9.021430015563965,2404400,0.0,0.0
2004-04-29 00:00:00-04:00,9.050090973860641,9.050090973860641,8.783113221085037,8.846464157104492,2238600,0.0,0.0
2004-04-30 00:00:00-04:00,8.91433743902837,9.028972221966773,8.861545483325925,8.956571578979492,2293600,0.0,0.0
2004-05-03 00:00:00-04:00,9.15416385239644,9.206956377904044,9.042546422034718,9.125505447387695,2311200,0.0,0.0
2004-05-04 00:00:00-04:00,9.238633713871632,9.35025174579008,9.155674669069816,9.225058555603027,2753600,0.0,0.0
2004-05-05 00:00:00-04:00,9.211481131005444,9.211481131005444,9.065171191817473,9.10891342163086,2469800,0.0,0.0
2004-05-06 00:00:00-04:00,9.150006182638327,9.245889645225448,8.97498145951327,9.041947364807129,2014400,0.27,0.0
2004-05-07 00:00:00-04:00,8.918670345146849,9.038905121962825,8.799957850892469,8.8121337890625,2269400,0.0,0.0
2004-05-10 00:00:00-04:00,8.629495960556627,8.634061645588032,8.25357241082434,8.399680137634277,3425600,0.0,0.0
2004-05-11 00:00:00-04:00,8.469692997256931,8.731469270132207,8.448385106386723,8.697986602783203,2679600,0.0,0.0
2004-05-12 00:00:00-04:00,8.667546993016176,8.749732827061868,8.592970829401239,8.746688842773438,3450800,0.0,0.0
2004-05-13 00:00:00-04:00,8.659935339991444,8.786257465847756,8.634061769753568,8.766471862792969,1648000,0.0,0.0
2004-05-14 00:00:00-04:00,8.76647183953534,8.827350350043705,8.679720339438248,8.793867111206055,1563000,0.0,0.0
2004-05-17 00:00:00-04:00,8.795392365791425,8.807567723659597,8.570142729713591,8.583840370178223,3869600,0.0,0.0
2004-05-18 00:00:00-04:00,8.675155473319409,8.676677174964544,8.585359981161828,8.62188720703125,2645600,0.0,0.0
2004-05-19 00:00:00-04:00,8.675155878990413,8.831917281895155,8.570141043148489,8.582316398620605,2210600,0.0,0.0
2004-05-20 00:00:00-04:00,8.556444639126646,8.556444639126646,8.38294158942246,8.462082862854004,1733400,0.0,0.0
2004-05-21 00:00:00-04:00,8.522965693618719,8.592975629619726,8.471219092969937,8.54275131225586,1578000,0.0,0.0
2004-05-24 00:00:00-04:00,8.614273783878788,8.70559152462393,8.58992250246282,8.656888961791992,1196800,0.0,0.0
2004-05-25 00:00:00-04:00,8.599057089564104,8.827350640614478,8.561008164389042,8.799955368041992,1579000,0.0,0.0
2004-05-26 00:00:00-04:00,8.801476240818163,8.876051797094616,8.795388274425678,8.818217277526855,1737200,0.0,0.0
2004-05-27 00:00:00-04:00,8.842569278368998,8.976501646944081,8.824305958293458,8.847135543823242,1554000,0.0,0.0
2004-05-28 00:00:00-04:00,8.885188177456854,8.89888581838033,8.818221674906203,8.880621910095215,1352800,0.0,0.0
2004-06-01 00:00:00-04:00,8.8806218436375,8.956719719180516,8.865402500761185,8.935412406921387,1304400,0.0,0.0
2004-06-02 00:00:00-04:00,8.97954952480649,9.110437966705062,8.958242212047324,9.060213088989258,1826800,0.0,0.0
2004-06-03 00:00:00-04:00,9.044993940710615,9.1317454762889,8.973461748693849,9.022164344787598,1503600,0.0,0.0
2004-06-04 00:00:00-04:00,9.086086669183052,9.13022357737317,9.005422524419556,9.060213088989258,1232000,0.0,0.0
2004-06-07 00:00:00-04:00,9.119565846859645,9.274805526810498,9.119565846859645,9.256542205810547,1064400,0.0,0.0
2004-06-08 00:00:00-04:00,9.169790956247176,9.311333004175939,9.165225271017384,9.303723335266113,1407600,0.0,0.0
2004-06-09 00:00:00-04:00,9.28393960959688,9.318944558127322,9.127178192138672,9.127178192138672,1195200,0.0,0.0
2004-06-10 00:00:00-04:00,9.14696506477609,9.261111886286178,9.14696506477609,9.232194900512695,810200,0.0,0.0
2004-06-14 00:00:00-04:00,9.232188824003138,9.232188824003138,9.139349377387758,9.21696949005127,1259600,0.0,0.0
2004-06-15 00:00:00-04:00,9.31437731320874,9.381343214767076,9.31437731320874,9.346338272094727,1541000,0.0,0.0
2004-06-16 00:00:00-04:00,9.346338718749552,9.372212291879839,9.282416797922794,9.34177303314209,1057400,0.0,0.0
2004-06-17 00:00:00-04:00,9.146963273476363,9.341774205497607,9.146963273476363,9.27632999420166,1448600,0.0,0.0
2004-06-18 00:00:00-04:00,9.276329135793901,9.4452664758048,9.265675481971645,9.398085594177246,2068000,0.0,0.0
2004-06-21 00:00:00-04:00,9.375252660373272,9.434609456958784,9.364599010350833,9.366121292114258,1141600,0.0,0.0
2004-06-22 00:00:00-04:00,9.291544220496936,9.490920728948327,9.283934554191532,9.484832763671875,1551600,0.0,0.0
2004-06-23 00:00:00-04:00,9.484838949162516,9.732918180448518,9.484838949162516,9.70704460144043,2003800,0.0,0.0
2004-06-24 00:00:00-04:00,9.705523519133294,9.705523519133294,9.490927524421073,9.565503120422363,2641800,0.0,0.0
2004-06-25 00:00:00-04:00,9.565499389243671,9.615724248273743,9.521363078054822,9.559412002563477,1759600,0.0,0.0
2004-06-28 00:00:00-04:00,9.664427850312174,9.734437739494783,9.530495459272846,9.568544387817383,1475800,0.0,0.0
2004-06-29 00:00:00-04:00,9.570069712699489,9.702479863569113,9.545718413912192,9.656821250915527,1442200,0.0,0.0
2004-06-30 00:00:00-04:00,9.652251134038018,9.86836875201748,9.608114821736365,9.8531494140625,1783400,0.0,0.0
2004-07-01 00:00:00-04:00,9.816623443315384,9.845541000223847,9.585285890950532,9.69182300567627,1880000,0.0,0.0
2004-07-02 00:00:00-04:00,9.633988832841625,9.633988832841625,9.443744185350358,9.47570514678955,1917000,0.0,0.0
2004-07-06 00:00:00-04:00,9.398082242181575,9.425477508119386,9.34481399206938,9.366121292114258,1569800,0.0,0.0
2004-07-07 00:00:00-04:00,9.375256925668612,9.504623647137386,9.372213521917924,9.425481796264648,1600600,0.0,0.0
2004-07-08 00:00:00-04:00,9.367650416244368,9.373738386961422,9.290030821634888,9.30525016784668,1375400,0.0,0.0
2004-07-09 00:00:00-04:00,9.34481762938909,9.478749447682095,9.34481762938909,9.454398155212402,850600,0.0,0.0
2004-07-12 00:00:00-04:00,9.42852623995765,9.51223378111533,9.3691699940564,9.47114086151123,842600,0.0,0.0
2004-07-13 00:00:00-04:00,9.497013043190295,9.53201798868922,9.38743194035499,9.398085594177246,1341200,0.0,0.0
2004-07-14 00:00:00-04:00,9.399606876425965,9.621813056212318,9.320465617444079,9.528973579406738,1707400,0.0,0.0
2004-07-15 00:00:00-04:00,9.512231984369702,9.713130277433144,9.497012645426937,9.501578330993652,2308000,0.0,0.0
2004-07-16 00:00:00-04:00,9.732918294957704,9.739006264276021,9.466575733378772,9.497014999389648,2181200,0.0,0.0
2004-07-19 00:00:00-04:00,9.50462342776392,9.623335911042734,9.391998332426628,9.490925788879395,2219600,0.0,0.0
2004-07-20 00:00:00-04:00,9.462008372058602,9.585287123887277,9.431569690147894,9.557891845703125,1949600,0.0,0.0
2004-07-21 00:00:00-04:00,9.649210069223445,9.764879155801511,9.53354098264538,9.567024230957031,2334800,0.0,0.0
2004-07-22 00:00:00-04:00,9.560933727839819,9.562456009949035,9.379821055737683,9.53201675415039,2838200,0.0,0.0
2004-07-23 00:00:00-04:00,9.557890316407162,9.641597839429393,9.428524197243764,9.468094825744629,2581600,0.0,0.0
2004-07-26 00:00:00-04:00,9.468094739822961,9.61876874436007,9.443743450063288,9.486358642578125,1719600,0.0,0.0
2004-07-27 00:00:00-04:00,9.560933932928368,9.723783287276753,9.490924049496085,9.711607933044434,1907600,0.0,0.0
2004-07-28 00:00:00-04:00,9.649209298458196,9.774009747820978,9.612682068619533,9.732916831970215,1872800,0.0,0.0
2004-07-29 00:00:00-04:00,9.740527569434473,9.932294531082897,9.740527569434473,9.889679908752441,2940200,0.0,0.0
2004-07-30 00:00:00-04:00,9.891198946010396,9.891198946010396,9.770964194820053,9.837930679321289,1358600,0.0,0.0
2004-08-02 00:00:00-04:00,9.837932531427375,9.968820960596823,9.740527350812162,9.955123901367188,1765000,0.0,0.0
2004-08-03 00:00:00-04:00,9.956641176164759,10.026651050112335,9.83640644878928,9.892719268798828,2288200,0.0,0.0
2004-08-04 00:00:00-04:00,9.81662200360462,9.923158522125089,9.752700092492336,9.904895782470703,1780000,0.0,0.0
2004-08-05 00:00:00-04:00,9.96782059658037,9.992376222040571,9.779054202080925,9.814352035522461,2916200,0.27,0.0
2004-08-06 00:00:00-04:00,9.66855685631912,9.752964775278675,9.289487852548552,9.357014656066895,3720200,0.0,0.0
2004-08-09 00:00:00-04:00,9.35701413932304,9.444491506833227,9.332459099064712,9.399985313415527,1539800,0.0,0.0
2004-08-10 00:00:00-04:00,9.41533215139628,9.739152152703843,9.41533215139628,9.686972618103027,2861200,0.0,0.0
2004-08-11 00:00:00-04:00,9.62251738502417,9.62251738502417,9.401521398448374,9.488999366760254,2438400,0.0,0.0
2004-08-12 00:00:00-04:00,9.438351584171809,9.439886017893468,9.226564018848164,9.252654075622559,2277800,0.0,0.0
2004-08-13 00:00:00-04:00,9.254187855925064,9.292555136078516,9.089975943703346,9.155967712402344,2041000,0.0,0.0
2004-08-16 00:00:00-04:00,9.16210820875579,9.461373163008496,9.146760942766376,9.43681812286377,1586400,0.0,0.0
2004-08-17 00:00:00-04:00,9.459836752003005,9.568799690025209,9.459836752003005,9.472114562988281,1645000,0.0,0.0
2004-08-18 00:00:00-04:00,9.472115621266402,9.507413453635369,9.426074410365882,9.46597671508789,1456000,0.0,0.0
2004-08-19 00:00:00-04:00,9.467507656385129,9.467507656385129,9.220422920950993,9.283345222473145,2452800,0.0,0.0
2004-08-20 00:00:00-04:00,9.283347039910717,9.404587196036216,9.244979761094724,9.367754936218262,1300400,0.0,0.0
2004-08-23 00:00:00-04:00,9.361617252972728,9.449094613255607,9.29716049715936,9.307903289794922,970000,0.0,0.0
2004-08-24 00:00:00-04:00,9.246519275906792,9.31558053281455,9.12374403331441,9.192805290222168,3657600,0.0,0.0
2004-08-25 00:00:00-04:00,9.208146193950844,9.263395164784656,9.085371028452466,9.240374565124512,1587200,0.0,0.0
2004-08-26 00:00:00-04:00,9.20047639485327,9.283349882981394,9.16210910428711,9.261863708496094,1183600,0.0,0.0
2004-08-27 00:00:00-04:00,9.261861338572057,9.350873710919506,9.232702415960778,9.295624732971191,1422600,0.0,0.0
2004-08-30 00:00:00-04:00,9.297159430613373,9.3293878048229,9.274138828784725,9.286416053771973,1118200,0.0,0.0
2004-08-31 00:00:00-04:00,9.286418751040902,9.314043247083609,9.18512912736377,9.261863708496094,1354800,0.0,0.0
2004-09-01 00:00:00-04:00,9.277208320088109,9.37082457593904,9.251118265544266,9.31557559967041,864200,0.0,0.0
2004-09-02 00:00:00-04:00,9.31710977259713,9.54117453858396,9.291020304221416,9.530431747436523,1591000,0.0,0.0
2004-09-03 00:00:00-04:00,9.499736638594186,9.67469130261452,9.499736638594186,9.6301851272583,2051600,0.0,0.0
2004-09-07 00:00:00-04:00,9.668556229263363,9.868066588059147,9.668556229263363,9.814352035522461,1914800,0.0,0.0
2004-09-08 00:00:00-04:00,9.73761682396167,9.84351031734483,9.717665672302246,9.717665672302246,1090600,0.0,0.0
2004-09-09 00:00:00-04:00,9.719197831432709,9.8066751666242,9.630185477483124,9.679295539855957,1508600,0.0,0.0
2004-09-10 00:00:00-04:00,9.668555479526812,9.76831065118931,9.616375950346756,9.762171745300293,1247400,0.0,0.0
2004-09-13 00:00:00-04:00,9.760637341909906,9.789796854003267,9.542711438045442,9.607168197631836,4264600,0.0,0.0
2004-09-14 00:00:00-04:00,9.561129531582967,9.622517436054785,9.3999870141425,9.452166557312012,2344000,0.0,0.0
2004-09-15 00:00:00-04:00,9.423009133740237,9.429147456819694,9.255727681975372,9.370829582214355,1782800,0.0,0.0
2004-09-16 00:00:00-04:00,9.363149009368255,9.469043057121972,9.346267901081113,9.449091911315918,1161000,0.0,0.0
2004-09-17 00:00:00-04:00,9.504343002815231,9.668554920503,9.504343002815231,9.619444847106934,1765200,0.0,0.0
2004-09-20 00:00:00-04:00,9.60716782111558,9.663951823788627,9.538107177247676,9.594890594482422,1163600,0.0,0.0
2004-09-21 00:00:00-04:00,9.617908771213797,9.676227196503095,9.530431425998945,9.625582695007324,1097800,0.0,0.0
2004-09-22 00:00:00-04:00,9.591822041311199,9.591822041311199,9.375430559476753,9.380034446716309,1736000,0.0,0.0
2004-09-23 00:00:00-04:00,9.34166519017359,9.36161633973836,9.177453278262417,9.232702255249023,1819400,0.0,0.0
2004-09-24 00:00:00-04:00,9.231170440557985,9.361618995666504,9.208149831803118,9.361618995666504,2883000,0.0,0.0
2004-09-27 00:00:00-04:00,9.323249202794072,9.33092254184041,9.232702396995498,9.255722999572754,1731800,0.0,0.0
2004-09-28 00:00:00-04:00,9.208146915838554,9.387705499687064,9.174383523140252,9.367754936218262,1098600,0.0,0.0
2004-09-29 00:00:00-04:00,9.337062095122558,9.587216946370708,9.31864596304586,9.547314643859863,1680000,0.0,0.0
2004-09-30 00:00:00-04:00,9.54731278877988,9.737614734723639,9.50894551290267,9.731475830078125,2132200,0.0,0.0
2004-10-01 00:00:00-04:00,9.699246866925469,9.911034380765491,9.668552931009241,9.884944915771484,2783600,0.0,0.0
2004-10-04 00:00:00-04:00,9.975495271083577,10.038418187891255,9.96475247685748,10.023070335388184,2352000,0.0,0.0
2004-10-05 00:00:00-04:00,10.023066715625488,10.046087315189606,9.998512268066406,9.998512268066406,2328600,0.0,0.0
2004-10-06 00:00:00-04:00,9.983172194214017,10.155056953430176,9.944804893192252,10.155056953430176,1464800,0.0,0.0
2004-10-07 00:00:00-04:00,10.128962349618988,10.248668080956062,9.987771034240723,9.987771034240723,1690400,0.0,0.0
2004-10-08 00:00:00-04:00,9.957077074277494,10.043020586220242,9.898759224393535,9.947869300842285,1110600,0.0,0.0
2004-10-11 00:00:00-04:00,9.947869560767852,10.085992020287863,9.947869560767852,10.082921981811523,1244000,0.0,0.0
2004-10-12 00:00:00-04:00,10.04455695814288,10.07064760755864,9.95554572719393,10.043023109436035,989600,0.0,0.0
2004-10-13 00:00:00-04:00,10.07371455837292,10.147380262970296,9.858857521746945,9.937127113342285,2388600,0.0,0.0
2004-10-14 00:00:00-04:00,9.513550690556933,9.513550690556933,9.129877903294306,9.482856750488281,7365400,0.0,0.0
2004-10-15 00:00:00-04:00,9.48285877740863,9.69771523293742,9.48285877740863,9.622515678405762,3581400,0.0,0.0
2004-10-18 00:00:00-04:00,9.62405078349379,9.660883639105489,9.508948914684998,9.53657341003418,1750800,0.0,0.0
2004-10-19 00:00:00-04:00,9.633258011460837,9.71152701545817,9.487462211018899,9.512017250061035,2095200,0.0,0.0
2004-10-20 00:00:00-04:00,9.512017250061035,9.604099085547773,9.4337482460637,9.512017250061035,1804600,0.0,0.0
2004-10-21 00:00:00-04:00,9.512016833094634,9.513551852276528,9.254188641735155,9.392311096191406,4244200,0.0,0.0
2004-10-22 00:00:00-04:00,9.399987275548213,9.495138003230993,9.372362776311524,9.430681228637695,3343200,0.0,0.0
2004-10-25 00:00:00-04:00,9.42914613520247,9.582615314010418,9.333995408264311,9.478256225585938,1829800,0.0,0.0
2004-10-26 00:00:00-04:00,9.484391249780149,9.679297097313027,9.399983353084988,9.668554306030273,2203200,0.0,0.0
2004-10-27 00:00:00-04:00,9.645537295467298,9.891087738259756,9.607170002191074,9.866533279418945,1839400,0.0,0.0
2004-10-28 00:00:00-04:00,9.760635347537855,9.828162131903115,9.668554113961127,9.759100914001465,2580400,0.0,0.0
2004-10-29 00:00:00-04:00,9.774449729587971,9.823560395070036,9.74682523638358,9.814352035522461,1913000,0.0,0.0
2004-11-01 00:00:00-05:00,9.806678271042495,9.823559970096904,9.733012568725387,9.81128215789795,2307600,0.0,0.0
2004-11-02 00:00:00-05:00,9.837371024262325,9.967819550924332,9.766775364784962,9.82202434539795,2467200,0.0,0.0
2004-11-03 00:00:00-05:00,9.958612729667763,9.964751635975604,9.820490850371288,9.860392570495605,1504800,0.0,0.0
2004-11-04 00:00:00-05:00,9.905275198195886,10.1854083845386,9.905275198195886,10.168383598327637,2193600,0.27,0.0
2004-11-05 00:00:00-05:00,10.253505701304832,10.36958312433847,10.196240414186684,10.233386039733887,1975200,0.0,0.0
2004-11-08 00:00:00-05:00,10.261247537162744,10.292201052971606,10.238031809905628,10.253508567810059,1246200,0.0,0.0
2004-11-09 00:00:00-05:00,10.238030764228558,10.286009063072239,10.137430076923353,10.186956405639648,1618600,0.0,0.0
2004-11-10 00:00:00-05:00,10.230291883612745,10.346369328239518,10.171479736756812,10.3123197555542,1585400,0.0,0.0
2004-11-11 00:00:00-05:00,10.346371281082638,10.479473537174679,10.338633491794202,10.474830627441406,1484200,0.0,0.0
2004-11-12 00:00:00-05:00,10.446970918599296,10.5243558883667,10.36339500955439,10.5243558883667,1331600,0.0,0.0
2004-11-15 00:00:00-05:00,10.485662481678066,10.494948299377532,10.346369312181956,10.369585037231445,1442600,0.0,0.0
2004-11-16 00:00:00-05:00,10.369589855796413,10.377328828009349,10.27053715163799,10.292204856872559,919400,0.0,0.0
2004-11-17 00:00:00-05:00,10.323152732490058,10.510425366464574,10.318509824024707,10.416015625,2315200,0.0,0.0
2004-11-18 00:00:00-05:00,10.388159398052395,10.581621834229466,10.388159398052395,10.518165588378906,1699400,0.0,0.0
2004-11-19 00:00:00-05:00,10.586263802329226,10.586263802329226,10.409826170690481,10.420660018920898,1665000,0.0,0.0
2004-11-22 00:00:00-05:00,10.446971026419083,10.553762663656558,10.354109297899992,10.493402481079102,1234600,0.0,0.0
2004-11-23 00:00:00-05:00,10.508877559788159,10.51042558957638,10.349464734823249,10.375775337219238,1437400,0.0,0.0
2004-11-24 00:00:00-05:00,10.392803498385414,10.46399754135977,10.360301947079803,10.439233779907227,1754200,0.0,0.0
2004-11-26 00:00:00-05:00,10.462447903479505,10.498045509897565,10.43768532663295,10.463995933532715,369000,0.0,0.0
2004-11-29 00:00:00-05:00,10.493402196192307,10.496497075378512,10.284461836695721,10.371133804321289,1112400,0.0,0.0
2004-11-30 00:00:00-05:00,10.369587445593872,10.473283036657547,10.358753595494699,10.431495666503906,1595400,0.0,0.0
2004-12-01 00:00:00-05:00,10.508877212011477,10.621858585996824,10.496495335716975,10.620311737060547,1481200,0.0,0.0
2004-12-02 00:00:00-05:00,10.620316574532648,10.813779051752194,10.617220513648434,10.686867713928223,1747800,0.0,0.0
2004-12-03 00:00:00-05:00,10.686860082636807,10.742577330753468,10.58625943015948,10.611021995544434,1302800,0.0,0.0
2004-12-06 00:00:00-05:00,10.567688731762676,10.569236761408634,10.498042748102986,10.550663948059082,1536400,0.0,0.0
2004-12-07 00:00:00-05:00,10.550666494695392,10.655910100811097,10.49340237278011,10.5243558883667,1226000,0.0,0.0
2004-12-08 00:00:00-05:00,10.524353658736116,10.563046135422645,10.493400149707163,10.536735534667969,1453800,0.0,0.0
2004-12-09 00:00:00-05:00,10.477923059088258,10.586262711024942,10.412919976406714,10.567689895629883,1301400,0.0,0.0
2004-12-10 00:00:00-05:00,10.552214839746485,10.607932114106502,10.530547142028809,10.530547142028809,815600,0.0,0.0
2004-12-13 00:00:00-05:00,10.569243094558088,10.609483623860811,10.49340612767328,10.601744651794434,804200,0.0,0.0
2004-12-14 00:00:00-05:00,10.61721867185013,10.651268250862296,10.564597453959363,10.572335243225098,1426600,0.0,0.0
2004-12-15 00:00:00-05:00,10.586261222488247,10.838535730261356,10.570784468902275,10.833892822265625,1627200,0.0,0.0
2004-12-16 00:00:00-05:00,10.79520035338134,10.850917610959614,10.719363434211147,10.776627540588379,1943000,0.0,0.0
2004-12-17 00:00:00-05:00,10.748773029517004,10.816872188378504,10.694603780786746,10.782822608947754,1489400,0.0,0.0
2004-12-20 00:00:00-05:00,10.843181827191533,10.911280979958217,10.795203522724618,10.821514129638672,1005600,0.0,0.0
2004-12-21 00:00:00-05:00,10.833896513350304,10.923663367853162,10.756511538254944,10.903542518615723,1176600,0.0,0.0
2004-12-22 00:00:00-05:00,10.92675274594791,11.07687971097576,10.92675274594791,11.036639213562012,1170200,0.0,0.0
2004-12-23 00:00:00-05:00,11.073784833082588,11.10319030586919,11.031996306322043,11.036639213562012,770200,0.0,0.0
2004-12-27 00:00:00-05:00,11.047477939215987,11.095457423765197,10.937591423043564,10.985570907592773,765600,0.0,0.0
2004-12-28 00:00:00-05:00,10.988664074535443,11.197603225708008,10.988664074535443,11.197603225708008,973200,0.0,0.0
2004-12-29 00:00:00-05:00,11.196056256077753,11.22701095079787,11.08616974662329,11.166650772094727,1026000,0.0,0.0
2004-12-30 00:00:00-05:00,11.220823839251146,11.228562810771137,11.120223113497607,11.186774253845215,578400,0.0,0.0
2004-12-31 00:00:00-05:00,11.203797763880745,11.24249025544845,11.179035183294003,11.1991548538208,530600,0.0,0.0
2005-01-03 00:00:00-05:00,11.236293351705203,11.2502232552932,10.979375958065043,11.008781433105469,1117000,0.0,0.0
2005-01-04 00:00:00-05:00,10.957711815976797,11.00723814769914,10.648171947511925,10.711627006530762,2685200,0.0,0.0
2005-01-05 00:00:00-05:00,10.710077298285515,10.725555233924066,10.536735754820532,10.555307388305664,2448600,0.0,0.0
2005-01-06 00:00:00-05:00,10.586263656616211,10.621860079968666,10.513521599155697,10.586263656616211,2554800,0.0,0.0
2005-01-07 00:00:00-05:00,10.563046255444121,10.593999764824778,10.385060624503605,10.48875617980957,2307400,0.0,0.0
2005-01-10 00:00:00-05:00,10.508878376128857,10.640432579128827,10.508878376128857,10.559952735900879,1520400,0.0,0.0
2005-01-11 00:00:00-05:00,10.561499695134167,10.63269372125531,10.499591486959,10.58935832977295,1395600,0.0,0.0
2005-01-12 00:00:00-05:00,10.600194553658616,10.74103578834646,10.578526853060659,10.728653907775879,1768200,0.0,0.0
2005-01-13 00:00:00-05:00,10.730198236078829,10.771985592586306,10.632692436226856,10.64043140411377,1718400,0.0,0.0
2005-01-14 00:00:00-05:00,10.679126822439887,10.787465317883353,10.621861514390602,10.725558280944824,1083000,0.0,0.0
2005-01-18 00:00:00-05:00,10.68686158158169,10.710076120886042,10.555306227920633,10.6930513381958,2614200,0.0,0.0
2005-01-19 00:00:00-05:00,10.748772333623043,10.75651130328393,10.617218114994875,10.624957084655762,1008600,0.0,0.0
2005-01-20 00:00:00-05:00,10.539832699713768,10.5553094575857,10.313868728540923,10.35101318359375,2585600,0.0,0.0
2005-01-21 00:00:00-05:00,10.361849583336758,10.368040524169967,10.055405687300885,10.121956825256348,5552800,0.0,0.0
2005-01-24 00:00:00-05:00,10.183865637024775,10.253511658991748,9.967187418636765,10.029095649719238,5474600,0.0,0.0
2005-01-25 00:00:00-05:00,10.137429749597857,10.299938637751417,10.137429749597857,10.238030433654785,5021800,0.0,0.0
2005-01-26 00:00:00-05:00,10.385060409855852,10.4299438240906,10.337082117067283,10.392799377441406,3299600,0.0,0.0
2005-01-27 00:00:00-05:00,10.26898110428305,10.420656103317302,10.255052382135242,10.412917137145996,3149800,0.0,0.0
2005-01-28 00:00:00-05:00,10.44697000019586,10.454708968812632,10.343274433215743,10.369585037231445,3108800,0.0,0.0
2005-01-31 00:00:00-05:00,10.40053873591254,10.524355151188033,10.392800947958351,10.522807121276855,1835600,0.0,0.0
2005-02-01 00:00:00-05:00,10.555309512891201,10.555309512891201,10.446971026419083,10.493402481079102,3406800,0.0,0.0
2005-02-02 00:00:00-05:00,10.491852016498955,10.532092522480108,10.398990309527626,10.50887680053711,2645600,0.0,0.0
2005-02-03 00:00:00-05:00,10.597910335880112,10.62134000068867,10.536993922387213,10.59010124206543,2491600,0.31,0.0
2005-02-04 00:00:00-05:00,10.621339906327492,10.760354406825728,10.605720527154636,10.715057373046875,1675400,0.0,0.0
2005-02-07 00:00:00-05:00,10.730676418262016,10.833766462622561,10.697875365515172,10.785346031188965,2093600,0.0,0.0
2005-02-08 00:00:00-05:00,10.777533935484554,10.891557644939184,10.777533935484554,10.811897277832031,1518000,0.0,0.0
2005-02-09 00:00:00-05:00,10.800962409246578,10.800962409246578,10.715054062812431,10.733798027038574,2033000,0.0,0.0
2005-02-10 00:00:00-05:00,10.746299527162646,10.846265004390741,10.727555553301444,10.832206726074219,1176400,0.0,0.0
2005-02-11 00:00:00-05:00,10.855635725159166,11.008708523034047,10.785347912964195,10.936857223510742,1681800,0.0,0.0
2005-02-14 00:00:00-05:00,10.972781471360399,11.049317264678214,10.894683382596268,10.913427352905273,1524400,0.0,0.0
2005-02-15 00:00:00-05:00,10.910300916548492,10.960283637235728,10.871251878771522,10.914986610412598,953200,0.0,0.0
2005-02-16 00:00:00-05:00,10.93373554467262,10.944669232549987,10.819711778223546,10.858760833740234,1079400,0.0,0.0
2005-02-17 00:00:00-05:00,10.847828053494368,10.879068015531109,10.710375795580813,10.722871780395508,2264200,0.0,0.0
2005-02-18 00:00:00-05:00,10.730679262382141,10.793157985371078,10.688506809582059,10.718184471130371,2381000,0.0,0.0
2005-02-22 00:00:00-05:00,10.71818281771319,10.744735883590517,10.565110029587863,10.566672325134277,2301200,0.0,0.0
2005-02-23 00:00:00-05:00,10.62133772882882,10.711931777813687,10.527620281322614,10.677568435668945,1358600,0.0,0.0
2005-02-24 00:00:00-05:00,10.67756534548902,10.805646098072291,10.621334654922546,10.791587829589844,1084600,0.0,0.0
2005-02-25 00:00:00-05:00,10.730677943044611,10.971220222383687,10.730677943044611,10.939981460571289,2117000,0.0,0.0
2005-02-28 00:00:00-05:00,10.871250365452262,10.972778087875747,10.847820707711167,10.89468002319336,2016200,0.0,0.0
2005-03-01 00:00:00-05:00,10.89468405372198,11.108673259123307,10.88531266383132,11.09461498260498,1967000,0.0,0.0
2005-03-02 00:00:00-05:00,10.972778284329884,11.096173371739123,10.902490501530075,10.947786331176758,3695400,0.0,0.0
2005-03-03 00:00:00-05:00,10.96497174679947,11.043069839559246,10.924361596575661,10.988401412963867,1701600,0.0,0.0
2005-03-04 00:00:00-05:00,11.058682602676889,11.082111060615611,10.894676247016944,10.949344635009766,2949200,0.0,0.0
2005-03-07 00:00:00-05:00,10.938418681264904,11.046194430611738,10.894683939988603,10.988401412963867,1446800,0.0,0.0
2005-03-08 00:00:00-05:00,11.007145356621619,11.08211885814084,10.900931903067457,10.908740997314453,812600,0.0,0.0
2005-03-09 00:00:00-05:00,10.908741024924874,10.933732986616082,10.79784187620536,10.824396133422852,897200,0.0,0.0
2005-03-10 00:00:00-05:00,10.863441837882359,10.900928577204802,10.730674167685201,10.87281322479248,966800,0.0,0.0
2005-03-11 00:00:00-05:00,10.871252159159647,10.925920575120982,10.82126943718327,10.855632781982422,871600,0.0,0.0
2005-03-14 00:00:00-05:00,10.879061503167705,10.955597278897573,10.815020513090275,10.910300254821777,1171200,0.0,0.0
2005-03-15 00:00:00-05:00,10.910305873026086,10.980594887965687,10.858760833740234,10.858760833740234,1332400,0.0,0.0
2005-03-16 00:00:00-05:00,10.808773093919605,10.81033538908922,10.636957567405558,10.713493347167969,1787000,0.0,0.0
2005-03-17 00:00:00-05:00,10.777535012894068,10.777535012894068,10.671321576693915,10.676007270812988,1240000,0.0,0.0
2005-03-18 00:00:00-05:00,10.65257855600066,10.668199126696408,10.505754963254944,10.621339797973633,2833600,0.0,0.0
2005-03-21 00:00:00-05:00,10.597912494727858,10.699440268458488,10.565111433987038,10.602598190307617,1489000,0.0,0.0
2005-03-22 00:00:00-05:00,10.636957383347214,10.697873785405553,10.469827553551918,10.48544692993164,1279400,0.0,0.0
2005-03-23 00:00:00-05:00,10.485448014644552,10.524497055474473,10.438589880657942,10.494820594787598,1954600,0.0,0.0
2005-03-24 00:00:00-05:00,10.504190527558903,10.565106927477101,10.42140676314094,10.433902740478516,1759000,0.0,0.0
2005-03-28 00:00:00-05:00,10.433904365827516,10.435465469476403,10.030917971530098,10.251153945922852,5388400,0.0,0.0
2005-03-29 00:00:00-05:00,10.246464190517205,10.27301724221032,10.023103713989258,10.023103713989258,2974600,0.0,0.0
2005-03-30 00:00:00-05:00,10.059033506017855,10.18398972601079,10.059033506017855,10.152750968933105,1819000,0.0,0.0
2005-03-31 00:00:00-05:00,10.207416843912576,10.24959046629969,10.163682118238455,10.215227127075195,2263200,0.0,0.0
2005-04-01 00:00:00-05:00,10.277704046546564,10.310505085150742,10.09964058459149,10.158994674682617,2138000,0.0,0.0
2005-04-04 00:00:00-04:00,10.152751805418935,10.179304870290895,10.043414954956571,10.10120677947998,1701000,0.0,0.0
2005-04-05 00:00:00-04:00,10.066842271411067,10.144940353242596,10.054347483996462,10.077775955200195,1455400,0.0,0.0
2005-04-06 00:00:00-04:00,10.15274912466424,10.165245101898272,10.074651054474515,10.112137794494629,2173600,0.0,0.0
2005-04-07 00:00:00-04:00,10.109017283686537,10.162123414578064,10.074653932317986,10.13713264465332,2158800,0.0,0.0
2005-04-08 00:00:00-04:00,10.168370899371972,10.168370899371972,9.980935963368223,10.009051322937012,1558400,0.0,0.0
2005-04-11 00:00:00-04:00,10.004364085709495,10.027792555335816,9.874720992594158,9.876282691955566,2373600,0.0,0.0
2005-04-12 00:00:00-04:00,9.876281869160854,9.940322262782084,9.729457711937815,9.927826881408691,4078800,0.0,0.0
2005-04-13 00:00:00-04:00,9.902839129809436,9.959069260232322,9.804435358847275,9.849732398986816,2363200,0.0,0.0
2005-04-14 00:00:00-04:00,9.606065588949397,9.776319458180684,9.00314820624335,9.121857643127441,9338800,0.0,0.0
2005-04-15 00:00:00-04:00,9.121857075231862,9.121857075231862,8.901620487078821,8.989089965820312,5409600,0.0,0.0
2005-04-18 00:00:00-04:00,8.989092712577895,9.145288939020052,8.987531012483652,9.13904094696045,4944400,0.0,0.0
2005-04-19 00:00:00-04:00,9.139034944549797,9.262430025396581,9.13747324548126,9.23119068145752,4363000,0.0,0.0
2005-04-20 00:00:00-04:00,9.29366990725489,9.349900610431659,9.20619985833092,9.229629516601562,4235800,0.0,0.0
2005-04-21 00:00:00-04:00,9.340531382112614,9.5123475364636,9.293672647595487,9.474860191345215,2793600,0.0,0.0
2005-04-22 00:00:00-04:00,9.43424848967001,9.542023627707291,9.337406439541475,9.420190811157227,3095200,0.0,0.0
2005-04-25 00:00:00-04:00,9.442060267961681,9.476423026275757,9.367086164583869,9.418630599975586,1887800,0.0,0.0
2005-04-26 00:00:00-04:00,9.418631231727051,9.418631231727051,9.245253345356069,9.267121315002441,2213800,0.0,0.0
2005-04-27 00:00:00-04:00,9.21557526960591,9.224947255569353,9.073436759620211,9.207765579223633,2204600,0.0,0.0
2005-04-28 00:00:00-04:00,9.160903687849366,9.248373143369236,9.146846011663532,9.157779693603516,2366200,0.0,0.0
2005-04-29 00:00:00-04:00,9.199952966010729,9.209324353155692,9.068748183412293,9.160903930664062,2079200,0.0,0.0
2005-05-02 00:00:00-04:00,9.176526221853342,9.254624317358477,9.17496452211336,9.207765579223633,1987000,0.0,0.0
2005-05-03 00:00:00-04:00,9.207763137405124,9.256183562439276,9.178085487645069,9.209324836730957,3182800,0.0,0.0
2005-05-04 00:00:00-04:00,8.981282324011536,9.374896855625689,8.981282324011536,9.343657493591309,2289600,0.0,0.0
2005-05-05 00:00:00-04:00,9.280522318975486,9.35312490104263,9.236329547644415,9.301040649414062,3551200,0.31,0.0
2005-05-06 00:00:00-04:00,9.335764699539908,9.446246637504455,9.327872616472664,9.381535530090332,1553200,0.0,0.0
2005-05-09 00:00:00-04:00,9.469922916939607,9.503067502649339,9.40994656988284,9.476236343383789,1756600,0.0,0.0
2005-05-10 00:00:00-04:00,9.454140751694018,9.455718807397652,9.275790353106624,9.304200172424316,1408600,0.0,0.0
2005-05-11 00:00:00-04:00,9.304199653033798,9.378380308594291,9.215813486525919,9.35154914855957,1392200,0.0,0.0
2005-05-12 00:00:00-04:00,9.3436535162407,9.539364838041802,9.162146494914996,9.185821533203125,1623400,0.0,0.0
2005-05-13 00:00:00-04:00,9.162149771202014,9.195294354992559,9.040619028555236,9.106908798217773,2283800,0.0,0.0
2005-05-16 00:00:00-04:00,9.114798090765964,9.218967187720038,9.075340090373038,9.196870803833008,1640000,0.0,0.0
2005-05-17 00:00:00-04:00,9.16214833543902,9.296305909219738,9.102172001253743,9.280522346496582,998800,0.0,0.0
2005-05-18 00:00:00-04:00,9.304196011199034,9.540943998241852,9.304196011199034,9.509377479553223,2236000,0.0,0.0
2005-05-19 00:00:00-04:00,9.509378059372892,9.564619018885276,9.402052250536288,9.438353538513184,2108800,0.0,0.0
2005-05-20 00:00:00-04:00,9.462027872499233,9.463605927475404,9.304195883306857,9.36890697479248,2820200,0.0,0.0
2005-05-23 00:00:00-04:00,9.627753555198677,9.730344612603025,9.574090642447102,9.646693229675293,3258800,0.0,0.0
2005-05-24 00:00:00-04:00,9.635644620006111,9.635644620006111,9.501487644960543,9.578824996948242,1314000,0.0,0.0
2005-05-25 00:00:00-04:00,9.572514900677035,9.572514900677035,9.42888774684672,9.47939395904541,1091200,0.0,0.0
2005-05-26 00:00:00-04:00,9.533052421718219,9.656161181057032,9.533052421718219,9.607233047485352,2049200,0.0,0.0
2005-05-27 00:00:00-04:00,9.593032267985297,9.621442086519,9.556730966988127,9.572514533996582,957400,0.0,0.0
2005-05-31 00:00:00-04:00,9.540946683549242,9.548838164922147,9.41468117533846,9.446247100830078,2766400,0.0,0.0
2005-06-01 00:00:00-04:00,9.460450095914334,9.57882409882554,9.398895710733518,9.484125137329102,1560000,0.0,0.0
2005-06-02 00:00:00-04:00,9.501485552091507,9.564617984408715,9.46044889910815,9.553569793701172,4307600,0.0,0.0
2005-06-03 00:00:00-04:00,9.525162217238002,9.593030034368395,9.379957047058523,9.389427185058594,2092400,0.0,0.0
2005-06-06 00:00:00-04:00,9.422572143518488,9.443090475635675,9.35786103645481,9.384692192077637,1428600,0.0,0.0
2005-06-07 00:00:00-04:00,9.430464006405792,9.567777707037605,9.386271229669445,9.473078727722168,1674600,0.0,0.0
2005-06-08 00:00:00-04:00,9.517268806851755,9.627751319458513,9.476232754668176,9.48096752166748,1707400,0.0,0.0
2005-06-09 00:00:00-04:00,9.501486175254133,9.5109557095781,9.321557798123429,9.387846946716309,1810800,0.0,0.0
2005-06-10 00:00:00-04:00,9.389425704107714,9.477811236508883,9.33576280140074,9.419413566589355,1500400,0.0,0.0
2005-06-13 00:00:00-04:00,9.411525227534629,9.556730423261923,9.386272123839381,9.476236343383789,1238800,0.0,0.0
2005-06-14 00:00:00-04:00,9.469922695278623,9.569357052161859,9.446247647707837,9.542525291442871,1349200,0.0,0.0
2005-06-15 00:00:00-04:00,9.555152387749336,9.564621925354004,9.403633765259798,9.564621925354004,1576800,0.0,0.0
2005-06-16 00:00:00-04:00,9.559881470140207,9.719292081921616,9.533050326778042,9.694038391113281,2263800,0.0,0.0
2005-06-17 00:00:00-04:00,9.777693180695886,9.79978956585503,9.681415557861328,9.681415557861328,2706600,0.0,0.0
2005-06-20 00:00:00-04:00,9.682995008570705,9.747706118183542,9.611971075203549,9.61986255645752,1329800,0.0,0.0
2005-06-21 00:00:00-04:00,9.624595238501952,9.771379045917374,9.624595238501952,9.703511238098145,1416800,0.0,0.0
2005-06-22 00:00:00-04:00,9.646693106196452,9.71929629457671,9.607235100327753,9.635644912719727,1507000,0.0,0.0
2005-06-23 00:00:00-04:00,9.667207998197876,9.667207998197876,9.398893533341862,9.406785011291504,2077800,0.0,0.0
2005-06-24 00:00:00-04:00,9.375219582672488,9.379954349270056,9.209495526783078,9.26789379119873,2677200,0.0,0.0
2005-06-27 00:00:00-04:00,9.193714062178532,9.312088062979115,9.193714062178532,9.308931350708008,1397800,0.0,0.0
2005-06-28 00:00:00-04:00,9.383114353303496,9.548837865259484,9.353125882113549,9.536211013793945,1492600,0.0,0.0
2005-06-29 00:00:00-04:00,9.556730808878322,9.55830946659381,9.477814781386211,9.526742935180664,993200,0.0,0.0
2005-06-30 00:00:00-04:00,9.52042599810176,9.569354133855388,9.4083654248816,9.454136848449707,2518400,0.0,0.0
2005-07-01 00:00:00-04:00,9.44624414203698,9.522004025315049,9.430461184234776,9.490437507629395,2208400,0.0,0.0
2005-07-05 00:00:00-04:00,9.492019847457254,9.575670645316755,9.398898909392678,9.572514533996582,1911200,0.0,0.0
2005-07-06 00:00:00-04:00,9.558305309925116,9.670365875732003,9.490437507629395,9.490437507629395,2023800,0.0,0.0
2005-07-07 00:00:00-04:00,9.359437312473183,9.572510869917583,9.226858410757096,9.563040733337402,1558600,0.0,0.0
2005-07-08 00:00:00-04:00,9.561463757798247,9.78716298533574,9.558307045248451,9.758753776550293,1615800,0.0,0.0
2005-07-11 00:00:00-04:00,9.817149262008098,9.853450545105074,9.739811327005865,9.810835838317871,1707000,0.0,0.0
2005-07-12 00:00:00-04:00,9.81241527647256,9.823464070528637,9.67510160329949,9.749282836914062,1057600,0.0,0.0
2005-07-13 00:00:00-04:00,9.730344357667242,9.81241647894275,9.730344357667242,9.809260368347168,1002200,0.0,0.0
2005-07-14 00:00:00-04:00,9.825042499202972,9.888175543243234,9.77769301721344,9.820307731628418,1458400,0.0,0.0
2005-07-15 00:00:00-04:00,9.820305670039923,9.861341718594417,9.780847676318556,9.791895866394043,1548400,0.0,0.0
2005-07-18 00:00:00-04:00,10.259080749047573,10.590527732415035,10.030224211921782,10.37745475769043,6267200,0.0,0.0
2005-07-19 00:00:00-04:00,10.37745485873777,10.413756751573308,10.26223695937191,10.37114143371582,2547600,0.0,0.0
2005-07-20 00:00:00-04:00,10.33168640721282,10.549494214492663,10.282758854399091,10.49267578125,2331000,0.0,0.0
2005-07-21 00:00:00-04:00,10.480045922837089,10.535286886653669,10.391659176567861,10.464262962341309,1723000,0.0,0.0
2005-07-22 00:00:00-04:00,10.495829436383078,10.588949751128801,10.418492082964775,10.467419624328613,1625800,0.0,0.0
2005-07-25 00:00:00-04:00,10.57474544718295,10.625251645928358,10.448479348238049,10.467419624328613,1425000,0.0,0.0
2005-07-26 00:00:00-04:00,10.464259917535898,10.472150793406415,10.39007870021141,10.418488502502441,1027800,0.0,0.0
2005-07-27 00:00:00-04:00,10.41849101329585,10.457949014644623,10.326948161167659,10.402708053588867,992600,0.0,0.0
2005-07-28 00:00:00-04:00,10.41691235607636,10.476888084627944,10.369562272792773,10.402708053588867,1450600,0.0,0.0
2005-07-29 00:00:00-04:00,10.393237851023553,10.402708590666816,10.309587076511397,10.312743186950684,1441200,0.0,0.0
2005-08-01 00:00:00-04:00,10.31432483227617,10.440590961355117,10.31432483227617,10.434277534484863,1385600,0.0,0.0
2005-08-02 00:00:00-04:00,10.461104543332942,10.497406432387162,10.424803858441294,10.489514350891113,1249800,0.0,0.0
2005-08-03 00:00:00-04:00,10.480044765734878,10.604732186961385,10.448477644065944,10.584213256835938,2119800,0.0,0.0
2005-08-04 00:00:00-04:00,10.625633148742505,10.730774934518639,10.568283304755445,10.58102798461914,1730800,0.31,0.0
2005-08-05 00:00:00-04:00,10.561914552918712,10.561914552918712,10.401016275843162,10.423318862915039,1056000,0.0,0.0
2005-08-08 00:00:00-04:00,10.434466594853788,10.539608368361597,10.434466594853788,10.49659538269043,745200,0.0,0.0
2005-08-09 00:00:00-04:00,10.510935844336545,10.60492513412809,10.488632044396486,10.59377384185791,959600,0.0,0.0
2005-08-10 00:00:00-04:00,10.641567873544398,10.80883729036362,10.604927211536411,10.633602142333984,1652400,0.0,0.0
2005-08-11 00:00:00-04:00,10.617667052640032,10.761041641235352,10.58899213492097,10.761041641235352,1323800,0.0,0.0
2005-08-12 00:00:00-04:00,10.689353584229542,10.724400840422323,10.528455369616935,10.571468353271484,905600,0.0,0.0
2005-08-15 00:00:00-04:00,10.56191370691972,10.663868729767474,10.506156028306322,10.624042510986328,666400,0.0,0.0
2005-08-16 00:00:00-04:00,10.585807781932271,10.587401170892498,10.33410701920132,10.342071533203125,1571000,0.0,0.0
2005-08-17 00:00:00-04:00,10.340478542537983,10.447212501845444,10.275162969726225,10.408978462219238,867400,0.0,0.0
2005-08-18 00:00:00-04:00,10.330922985960104,10.330922985960104,10.200293010708519,10.275166511535645,1313600,0.0,0.0
2005-08-19 00:00:00-04:00,10.378709277425152,10.401011855017586,10.283126628400533,10.369150161743164,819200,0.0,0.0
2005-08-22 00:00:00-04:00,10.40260470201452,10.475884769632048,10.259230128241414,10.33410358428955,648400,0.0,0.0
2005-08-23 00:00:00-04:00,10.373932524389353,10.385083815547313,10.281535417423639,10.316582679748535,744800,0.0,0.0
2005-08-24 00:00:00-04:00,10.318174175331581,10.43924619666369,10.21303361066384,10.228963851928711,830400,0.0,0.0
2005-08-25 00:00:00-04:00,10.233744180584685,10.338885974807653,10.197104742282498,10.243303298950195,1206400,0.0,0.0
2005-08-26 00:00:00-04:00,10.291094896997054,10.291094896997054,10.134976189158262,10.248083114624023,852800,0.0,0.0
2005-08-29 00:00:00-04:00,10.20825474852591,10.265604589897364,10.152497688214881,10.2241849899292,1097200,0.0,0.0
2005-08-30 00:00:00-04:00,10.203477981526786,10.211442496233346,10.00912583477012,10.076033592224121,1317200,0.0,0.0
2005-08-31 00:00:00-04:00,10.036203907033103,10.182764053344727,9.97248173438477,10.182764053344727,1651000,0.0,0.0
2005-09-01 00:00:00-04:00,10.171615954747487,10.254455169793738,10.136569295727766,10.201884269714355,1310000,0.0,0.0
2005-09-02 00:00:00-04:00,10.211441151565708,10.24808180367022,10.15409191317126,10.168429374694824,945800,0.0,0.0
2005-09-06 00:00:00-04:00,10.195507623974422,10.318171790299706,10.195507623974422,10.314986228942871,894000,0.0,0.0
2005-09-07 00:00:00-04:00,10.314989426432376,10.437653630781695,10.275163212430707,10.43287467956543,1384000,0.0,0.0
2005-09-08 00:00:00-04:00,10.195509278676079,10.357999673029235,10.187544158592056,10.252859115600586,1486400,0.0,0.0
2005-09-09 00:00:00-04:00,10.254454150233887,10.377118356156695,10.216220109214122,10.351630210876465,1178600,0.0,0.0
2005-09-12 00:00:00-04:00,10.353222060952417,10.573063536049949,10.314989236526594,10.515713691711426,1544200,0.0,0.0
2005-09-13 00:00:00-04:00,10.5173062612908,10.518899650193434,10.416944637618034,10.434468269348145,1471000,0.0,0.0
2005-09-14 00:00:00-04:00,10.423317535115158,10.445620119345966,10.29109420331845,10.332513809204102,1316000,0.0,0.0
2005-09-15 00:00:00-04:00,10.3341067528733,10.35481594722388,10.22737157248281,10.25763988494873,1363200,0.0,0.0
2005-09-16 00:00:00-04:00,10.330918603698848,10.348442233284633,10.168428202102767,10.20506763458252,1965600,0.0,0.0
2005-09-19 00:00:00-04:00,10.216216719011031,10.230554783485326,10.087180215738414,10.120634078979492,1029000,0.0,0.0
2005-09-20 00:00:00-04:00,10.144532117796073,10.205067518604789,9.954959579621928,9.958145141601562,1004600,0.0,0.0
2005-09-21 00:00:00-04:00,9.924692411360587,10.03142698092858,9.798841429220639,9.978856086730957,1448800,0.0,0.0
2005-09-22 00:00:00-04:00,10.013904668966841,10.134976108141391,9.94062457136909,10.039393424987793,1233600,0.0,0.0
2005-09-23 00:00:00-04:00,10.039393031254685,10.039393031254685,9.918320989128558,9.937438011169434,1502200,0.0,0.0
2005-09-26 00:00:00-04:00,10.060101790963449,10.060101790963449,9.907168669001264,9.97248363494873,1678000,0.0,0.0
2005-09-27 00:00:00-04:00,9.95655183537569,9.98044780286047,9.802025956426757,9.830700874328613,1321200,0.0,0.0
2005-09-28 00:00:00-04:00,9.853003606369544,9.889644252469026,9.74945583029184,9.809991836547852,1420400,0.0,0.0
2005-09-29 00:00:00-04:00,9.790876644120056,9.862563953350966,9.733526796735326,9.845040321350098,1147000,0.0,0.0
2005-09-30 00:00:00-04:00,9.829104804877703,10.144528188566548,9.829104804877703,10.123818397521973,1666600,0.0,0.0
2005-10-03 00:00:00-04:00,10.115857568608401,10.2353362013085,10.033018977012363,10.037797927856445,1615600,0.0,0.0
2005-10-04 00:00:00-04:00,10.099926951216364,10.152497231642869,9.908761024475098,9.908761024475098,1322200,0.0,0.0
2005-10-05 00:00:00-04:00,9.908760879489861,9.910353660455353,9.71918773651123,9.71918773651123,1105600,0.0,0.0
2005-10-06 00:00:00-04:00,9.76538825690301,9.859378153042673,9.641130654708142,9.722375869750977,1637200,0.0,0.0
2005-10-07 00:00:00-04:00,9.762198663975548,9.873712153676498,9.665022631631857,9.813176155090332,2198600,0.0,0.0
2005-10-10 00:00:00-04:00,9.786096891524606,9.786096891524606,9.586965830908689,9.622013092041016,1389200,0.0,0.0
2005-10-11 00:00:00-04:00,9.62200943831336,9.653869909753839,9.49775129043724,9.52005386352539,1373200,0.0,0.0
2005-10-12 00:00:00-04:00,9.55032602046307,9.59174501468851,9.389427779268582,9.462708473205566,1715000,0.0,0.0
2005-10-13 00:00:00-04:00,9.430846149999384,9.494567718004287,9.39898506214708,9.446776390075684,1199800,0.0,0.0
2005-10-14 00:00:00-04:00,9.454743737028055,9.535989560572576,9.295438867944517,9.534396171569824,1236600,0.0,0.0
2005-10-17 00:00:00-04:00,9.518467851179437,9.61883010913866,9.414919422270717,9.545549392700195,2185600,0.0,0.0
2005-10-18 00:00:00-04:00,9.58537436147242,9.636352482281662,9.39261560204644,9.438814163208008,1764000,0.0,0.0
2005-10-19 00:00:00-04:00,9.430845972567557,9.60448826001102,9.338448880304204,9.598115921020508,1748600,0.0,0.0
2005-10-20 00:00:00-04:00,9.598116838038807,9.620419418936729,9.308182070966312,9.384648323059082,2279200,0.0,0.0
2005-10-21 00:00:00-04:00,9.384649489389252,9.384649489389252,9.109052148313975,9.18392562866211,2315600,0.0,0.0
2005-10-24 00:00:00-04:00,9.19188945186474,9.381461993978213,9.19188945186474,9.355973243713379,2605000,0.0,0.0
2005-10-25 00:00:00-04:00,9.351194875275253,9.39420725796939,9.250832648988936,9.295437812805176,1488800,0.0,0.0
2005-10-26 00:00:00-04:00,9.271543214345801,9.335264795380926,9.214193366024308,9.22534465789795,1664400,0.0,0.0
2005-10-27 00:00:00-04:00,9.225346733219533,9.225346733219533,9.024622826639556,9.029401779174805,1066400,0.0,0.0
2005-10-28 00:00:00-04:00,9.064449751649088,9.239684912073933,9.05648401987522,9.211009979248047,1463600,0.0,0.0
2005-10-31 00:00:00-05:00,9.234902108504265,9.422881875225604,9.212599527316947,9.371904373168945,1402400,0.0,0.0
2005-11-01 00:00:00-05:00,9.37190444248575,9.443591137489554,9.316147381405303,9.40535831451416,1398800,0.0,0.0
2005-11-02 00:00:00-05:00,9.414919067712459,9.692109852880112,9.406953944488665,9.62998104095459,1712400,0.0,0.0
2005-11-03 00:00:00-05:00,9.800591324543714,9.800591324543714,9.563986276833024,9.631587982177734,2308800,0.31,0.0
2005-11-04 00:00:00-05:00,9.649294595682163,9.74264858489852,9.515701066393113,9.560769081115723,1242000,0.0,0.0
2005-11-07 00:00:00-05:00,9.625151383063534,9.676657161399872,9.570426416831511,9.675047874450684,1123600,0.0,0.0
2005-11-08 00:00:00-05:00,9.641243618910952,9.679872630825427,9.576861113724062,9.673434257507324,1008000,0.0,0.0
2005-11-09 00:00:00-05:00,9.69757739007239,9.786102870003932,9.657338479740138,9.773226737976074,1512000,0.0,0.0
2005-11-10 00:00:00-05:00,9.749084079625076,9.815075874328613,9.628367337070038,9.815075874328613,1574400,0.0,0.0
2005-11-11 00:00:00-05:00,9.81829777648467,10.05651214066069,9.779668138024945,10.038806915283203,2143600,0.0,0.0
2005-11-14 00:00:00-05:00,10.038805953924621,10.038805953924621,9.906822340655559,9.932575225830078,1227600,0.0,0.0
2005-11-15 00:00:00-05:00,9.948672110045244,10.030759247480574,9.939014546936328,9.969595909118652,1017000,0.0,0.0
2005-11-16 00:00:00-05:00,9.97603567760378,10.05812344049933,9.935796746693473,9.967988014221191,1316800,0.0,0.0
2005-11-17 00:00:00-05:00,9.96315695579716,10.199761390686035,9.945451732547562,10.199761390686035,1367800,0.0,0.0
2005-11-18 00:00:00-05:00,10.293117762226979,10.293117762226979,10.165962604153822,10.211030006408691,1412400,0.0,0.0
2005-11-21 00:00:00-05:00,10.209418317427764,10.22068516534065,10.101577697979502,10.20458984375,1072400,0.0,0.0
2005-11-22 00:00:00-05:00,10.188494045893366,10.230342864990234,10.01144305001416,10.230342864990234,1513000,0.0,0.0
2005-11-23 00:00:00-05:00,10.2303424064235,10.330134747955187,10.148254672488402,10.310819625854492,676400,0.0,0.0
2005-11-25 00:00:00-05:00,10.33335584486334,10.33335584486334,10.222296628645632,10.256097793579102,236000,0.0,0.0
2005-11-28 00:00:00-05:00,10.236779487456811,10.268970741492256,10.177226066589355,10.177226066589355,820600,0.0,0.0
2005-11-29 00:00:00-05:00,10.20458901202664,10.34140107638779,10.20458901202664,10.27219009399414,786400,0.0,0.0
2005-11-30 00:00:00-05:00,10.301165194827338,10.34784249697575,10.251268704875867,10.256097793579102,1090000,0.0,0.0
2005-12-01 00:00:00-05:00,10.317259610473489,10.483043776736253,10.309212562671053,10.458901405334473,1416600,0.0,0.0
2005-12-02 00:00:00-05:00,10.446021918588428,10.446021918588428,10.32047670821184,10.3220853805542,1032000,0.0,0.0
2005-12-05 00:00:00-05:00,10.322085447694029,10.392906327031385,10.268970402188094,10.38163948059082,1050800,0.0,0.0
2005-12-06 00:00:00-05:00,10.381640156664615,10.478213307871949,10.301162325992795,10.404173851013184,1019200,0.0,0.0
2005-12-07 00:00:00-05:00,10.36554607520106,10.412223369929713,10.236781039536197,10.27058219909668,1267000,0.0,0.0
2005-12-08 00:00:00-05:00,10.277018570805255,10.383249895071406,10.231951182811455,10.346229553222656,1242400,0.0,0.0
2005-12-09 00:00:00-05:00,10.397735540062701,10.51040524048097,10.301162388271505,10.463727951049805,1094800,0.0,0.0
2005-12-12 00:00:00-05:00,10.481440226889589,10.623080862984487,10.481440226889589,10.573184967041016,1489200,0.0,0.0
2005-12-13 00:00:00-05:00,10.55386444781599,10.666532938589462,10.505577250059103,10.632732391357422,1415800,0.0,0.0
2005-12-14 00:00:00-05:00,10.634342536745205,10.809784879836808,10.634342536745205,10.74057388305664,1615200,0.0,0.0
2005-12-15 00:00:00-05:00,10.703553071662562,10.793687862465715,10.68745774873263,10.78403091430664,1813600,0.0,0.0
2005-12-16 00:00:00-05:00,10.858071653963783,10.888653630708754,10.804955976878697,10.825881004333496,2067400,0.0,0.0
2005-12-19 00:00:00-05:00,10.89670159634091,10.912798150505537,10.743794155734319,10.766327857971191,1516000,0.0,0.0
2005-12-20 00:00:00-05:00,10.759889240812656,10.890264204255796,10.74379391500334,10.84841537475586,1399400,0.0,0.0
2005-12-21 00:00:00-05:00,10.928893231797083,10.928893231797083,10.806566545255924,10.84841537475586,1501600,0.0,0.0
2005-12-22 00:00:00-05:00,10.864507892436503,10.903136909993421,10.798515477282205,10.856459617614746,810800,0.0,0.0
2005-12-23 00:00:00-05:00,10.882216976492014,10.94337971166188,10.869340223405276,10.916017532348633,516000,0.0,0.0
2005-12-27 00:00:00-05:00,10.916014955051313,10.938548653635465,10.75023078918457,10.75023078918457,844600,0.0,0.0
2005-12-28 00:00:00-05:00,10.816219113748323,10.877383046240164,10.769543056207066,10.824267387390137,859000,0.0,0.0
2005-12-29 00:00:00-05:00,10.859683868891674,10.924066409865844,10.835540262527006,10.866122245788574,587000,0.0,0.0
2005-12-30 00:00:00-05:00,10.848413370682751,10.848413370682751,10.755058779042004,10.798516273498535,664400,0.0,0.0
2006-01-03 00:00:00-05:00,10.83231844679478,10.875775942851824,10.626294131725729,10.821051597595215,2500800,0.0,0.0
2006-01-04 00:00:00-05:00,10.808172641529529,10.832316235741768,10.759885453105051,10.774372100830078,2574200,0.0,0.0
2006-01-05 00:00:00-05:00,10.766327594772248,10.827490323920737,10.687459638871239,10.714821815490723,1503600,0.0,0.0
2006-01-06 00:00:00-05:00,10.767934478544293,10.928890147198187,10.767934478544293,10.874164581298828,3012000,0.0,0.0
2006-01-09 00:00:00-05:00,10.920841933053188,10.98522444647019,10.887041389807981,10.93371868133545,2056600,0.0,0.0
2006-01-10 00:00:00-05:00,10.920840531121183,10.93049870509019,10.80012379445884,10.824267387390137,1976200,0.0,0.0
2006-01-11 00:00:00-05:00,10.824265693398424,10.911181877552272,10.758273298246925,10.872552871704102,1559400,0.0,0.0
2006-01-12 00:00:00-05:00,10.71964620460388,10.790467084620412,10.579615572927413,10.584444046020508,1800600,0.0,0.0
2006-01-13 00:00:00-05:00,10.574785440082211,10.578005240675596,10.433144913826363,10.470165252685547,1891000,0.0,0.0
2006-01-17 00:00:00-05:00,10.429931380577234,10.446026707338444,10.347843617701932,10.378425598144531,1267200,0.0,0.0
2006-01-18 00:00:00-05:00,10.301163851129248,10.550645654346553,10.277020252754278,10.497529983520508,1718200,0.0,0.0
2006-01-19 00:00:00-05:00,10.516847751757764,10.70516690601946,10.49109547120596,10.639174461364746,2093600,0.0,0.0
2006-01-20 00:00:00-05:00,10.71964733056897,10.71964733056897,10.431536535141479,10.442803382873535,1647600,0.0,0.0
2006-01-23 00:00:00-05:00,10.220682987934795,10.64882557340197,10.038802945521669,10.589271545410156,4422000,0.0,0.0
2006-01-24 00:00:00-05:00,10.66492273465299,10.764714461297853,10.605368696369174,10.660094261169434,1679000,0.0,0.0
2006-01-25 00:00:00-05:00,10.703551405111181,10.703551405111181,10.489480082290342,10.549034118652344,1933400,0.0,0.0
2006-01-26 00:00:00-05:00,10.682626844249942,10.682626844249942,10.484650856069452,10.54581356048584,1751600,0.0,0.0
2006-01-27 00:00:00-05:00,10.544204855184473,10.777590053827328,10.484650823285211,10.75988483428955,1458800,0.0,0.0
2006-01-30 00:00:00-05:00,10.74540130402566,10.792078597557158,10.687457162262035,10.690675735473633,955000,0.0,0.0
2006-01-31 00:00:00-05:00,10.692286155807299,10.726086702146665,10.574787965965717,10.655265808105469,1349600,0.0,0.0
2006-02-01 00:00:00-05:00,10.663316200003765,10.737355682108582,10.61663889493873,10.698726654052734,1562800,0.0,0.0
2006-02-02 00:00:00-05:00,10.755658540734382,10.851632510592744,10.697097689576559,10.788191795349121,2576200,0.35,0.0
2006-02-03 00:00:00-05:00,10.789819020784226,10.91344638335292,10.728004098435745,10.825606346130371,1502400,0.0,0.0
2006-02-06 00:00:00-05:00,10.866271886264515,10.89555230791562,10.786563313341873,10.84024429321289,1175000,0.0,0.0
2006-02-07 00:00:00-05:00,10.840244140028425,10.913444572589816,10.784937367171183,10.81584358215332,1382600,0.0,0.0
2006-02-08 00:00:00-05:00,10.854885234247087,10.898805246635536,10.793070320656877,10.851631164550781,1150000,0.0,0.0
2006-02-09 00:00:00-05:00,10.851634381535773,10.952489473932593,10.778433925499975,10.796327590942383,1251400,0.0,0.0
2006-02-10 00:00:00-05:00,10.809337118900574,10.898805421021114,10.729629784961169,10.882538795471191,1033000,0.0,0.0
2006-02-13 00:00:00-05:00,10.884165479514385,10.884165479514385,10.757282825761271,10.84187126159668,686200,0.0,0.0
2006-02-14 00:00:00-05:00,10.882543730794206,11.255055457825257,10.833742590948743,11.2404146194458,2266000,0.0,0.0
2006-02-15 00:00:00-05:00,11.191612056655245,11.232279249824684,11.090756970811908,11.154197692871094,2097200,0.0,0.0
2006-02-16 00:00:00-05:00,11.134676769779288,11.235531853597426,11.118410141051,11.227397918701172,1121000,0.0,0.0
2006-02-17 00:00:00-05:00,11.26481551991602,11.313616661193473,11.193240843659643,11.281082153320312,1237000,0.0,0.0
2006-02-21 00:00:00-05:00,11.279450631627537,11.28107766664024,11.043581438413128,11.110276222229004,1586400,0.0,0.0
2006-02-22 00:00:00-05:00,11.224145133230458,11.388440938475727,11.194864704979462,11.36404037475586,1418600,0.0,0.0
2006-02-23 00:00:00-05:00,11.380306800545313,11.526708939188767,11.297345381803323,11.443747520446777,2029600,0.0,0.0
2006-02-24 00:00:00-05:00,11.43561249208828,11.559239836313186,11.393318273767155,11.51531982421875,1701200,0.0,0.0
2006-02-27 00:00:00-05:00,11.44374377288408,11.54785165047889,11.44374377288408,11.463264465332031,1815000,0.0,0.0
2006-02-28 00:00:00-05:00,11.31523717577242,11.443745629510353,11.31523717577242,11.333130836486816,1848400,0.0,0.0
2006-03-01 00:00:00-05:00,11.37380072022817,11.549483299255371,11.354281261045786,11.549483299255371,1277400,0.0,0.0
2006-03-02 00:00:00-05:00,11.508815470658398,11.510442505855412,11.388440928427938,11.460014343261719,1166200,0.0,0.0
2006-03-03 00:00:00-05:00,11.427480804998773,11.549482379429364,11.377053884708003,11.438867568969727,1026400,0.0,0.0
2006-03-06 00:00:00-05:00,11.4112177026838,11.438871103577554,11.266442555575821,11.281082153320312,1151200,0.0,0.0
2006-03-07 00:00:00-05:00,11.272943628091264,11.364037720903658,11.204621817418033,11.290837287902832,1084800,0.0,0.0
2006-03-08 00:00:00-05:00,11.256681013215296,11.289215519442562,11.022438773701547,11.232281684875488,1494200,0.0,0.0
2006-03-09 00:00:00-05:00,11.224143898094093,11.22739672706882,11.09726246999024,11.102142333984375,966800,0.0,0.0
2006-03-10 00:00:00-05:00,11.066355386795834,11.30710569423906,11.066355386795834,11.272945404052734,1292800,0.0,0.0
2006-03-13 00:00:00-05:00,11.256674968551378,11.271315798757872,11.136300462811063,11.18347454071045,900200,0.0,0.0
2006-03-14 00:00:00-05:00,11.18347446732963,11.56574571000013,11.163953774203673,11.495798110961914,1992600,0.0,0.0
2006-03-15 00:00:00-05:00,11.533214782028226,11.69588353426822,11.484413659930594,11.673110008239746,2231600,0.0,0.0
2006-03-16 00:00:00-05:00,11.67473586885113,11.757697280465125,11.62593598753897,11.671483039855957,1170600,0.0,0.0
2006-03-17 00:00:00-05:00,11.760954464808702,11.777221096220137,11.699139527955056,11.700766563415527,1814800,0.0,0.0
2006-03-20 00:00:00-05:00,11.671480955860192,11.710521102151944,11.616174185368866,11.661721229553223,811400,0.0,0.0
2006-03-21 00:00:00-05:00,11.593400384833991,11.686121515640629,11.50230628890157,11.551107406616211,1323000,0.0,0.0
2006-03-22 00:00:00-05:00,11.320119825484172,11.692631481302772,11.320119825484172,11.68449878692627,1001000,0.0,0.0
2006-03-23 00:00:00-05:00,11.655216391944512,11.655216391944512,11.456760314862706,11.569002151489258,1406200,0.0,0.0
2006-03-24 00:00:00-05:00,11.541349190499183,11.622683578708662,11.464895908076263,11.53972339630127,1553400,0.0,0.0
2006-03-27 00:00:00-05:00,11.471398233678459,11.634066962829715,11.443744847578085,11.591773986816406,1216800,0.0,0.0
2006-03-28 00:00:00-05:00,11.591773077142273,11.720281512014626,11.547851828722399,11.583639144897461,1016200,0.0,0.0
2006-03-29 00:00:00-05:00,11.54785362532398,11.71214940193234,11.500679541305182,11.689375877380371,1389000,0.0,0.0
2006-03-30 00:00:00-05:00,11.674739787507601,11.9219970703125,11.655220324856618,11.9219970703125,2658800,0.0,0.0
2006-03-31 00:00:00-05:00,11.874818714317918,11.977299579726912,11.809750966300623,11.869938850402832,2027000,0.0,0.0
2006-04-03 00:00:00-04:00,12.021220209862086,12.156235562767094,11.965912192560756,12.000072479248047,2829400,0.0,0.0
2006-04-04 00:00:00-04:00,11.964286981692977,12.089541372316235,11.858552046662709,12.07002067565918,1842200,0.0,0.0
2006-04-05 00:00:00-04:00,12.070026554131614,12.136721369394254,11.946399138285457,12.100934028625488,1601200,0.0,0.0
2006-04-06 00:00:00-04:00,12.017969576307934,12.087917204590589,11.71377973789854,11.86506175994873,2609000,0.0,0.0
2006-04-07 00:00:00-04:00,11.983808343851175,12.094423160377964,11.964288885152733,11.974048614501953,1639200,0.0,0.0
2006-04-10 00:00:00-04:00,12.02935559439123,12.141597447957274,11.980555705801333,12.113944053649902,1103200,0.0,0.0
2006-04-11 00:00:00-04:00,12.16762425289376,12.19527764539396,11.944767595597796,12.021222114562988,1595400,0.0,0.0
2006-04-12 00:00:00-04:00,12.078154455204357,12.159488828640075,12.026100505848058,12.066767692565918,1484400,0.0,0.0
2006-04-13 00:00:00-04:00,12.078158767443854,12.200160371155409,12.01309099725146,12.138346672058105,1194800,0.0,0.0
2006-04-17 00:00:00-04:00,12.330293156855571,12.541761811406474,12.042368741424772,12.361199378967285,4307200,0.0,0.0
2006-04-18 00:00:00-04:00,12.509227254034728,12.89149857231972,12.478319794070995,12.657255172729492,3205000,0.0,0.0
2006-04-19 00:00:00-04:00,12.623094425571612,12.699548934666067,12.584054274078458,12.626348495483398,1957200,0.0,0.0
2006-04-20 00:00:00-04:00,12.631227735606622,12.723948866489684,12.528745636534198,12.639360427856445,1578000,0.0,0.0
2006-04-21 00:00:00-04:00,12.671897821491875,12.671897821491875,12.509229046481876,12.549896240234375,1456400,0.0,0.0
2006-04-24 00:00:00-04:00,12.5498964481207,12.553149277606506,12.411628235284669,12.470189094543457,1394000,0.0,0.0
2006-04-25 00:00:00-04:00,12.492955799836135,12.53036890327521,12.393727800354686,12.452288627624512,2294600,0.0,0.0
2006-04-26 00:00:00-04:00,12.517359040950526,12.608454379233114,12.468559163610848,12.553146362304688,1988000,0.0,0.0
2006-04-27 00:00:00-04:00,12.553144521789822,12.593811700809017,12.388850012118219,12.462050437927246,2199600,0.0,0.0
2006-04-28 00:00:00-04:00,12.479947936472255,12.562909354699245,12.40512045297771,12.468561172485352,1914800,0.0,0.0
2006-05-01 00:00:00-04:00,12.505968140850214,12.611703035030173,12.484821658439655,12.51898193359375,1954400,0.0,0.0
2006-05-02 00:00:00-04:00,12.558024561524824,12.603572845161267,12.458796544035707,12.582425117492676,1182200,0.0,0.0
2006-05-03 00:00:00-04:00,12.588936671925874,12.720697985402705,12.58405680713996,12.592190742492676,1235000,0.0,0.0
2006-05-04 00:00:00-04:00,12.72022165742837,12.831845800510184,12.700524089606553,12.776034355163574,1319400,0.35,0.0
2006-05-05 00:00:00-04:00,12.853187739195693,12.895866641842899,12.78260185880074,12.820356369018555,2311000,0.0,0.0
2006-05-08 00:00:00-04:00,12.73007138564473,12.83676988180026,12.725145741419887,12.777674674987793,1441000,0.0,0.0
2006-05-09 00:00:00-04:00,12.738278752067597,12.85811105146727,12.730071849504277,12.787525177001953,1191600,0.0,0.0
2006-05-10 00:00:00-04:00,12.787533402187778,12.918855199167066,12.764552056406666,12.83349609375,1237200,0.0,0.0
2006-05-11 00:00:00-04:00,12.853191068029783,13.128968386997435,12.833492240821723,12.950040817260742,2391600,0.0,0.0
2006-05-12 00:00:00-04:00,12.95003963959795,12.951681521479905,12.562638173125912,12.577412605285645,1609200,0.0,0.0
2006-05-15 00:00:00-04:00,12.579052171861008,12.629940486790163,12.483844321364387,12.61680793762207,1398800,0.0,0.0
2006-05-16 00:00:00-04:00,12.721868740443094,12.89094627944995,12.6808304541836,12.810511589050293,1917200,0.0,0.0
2006-05-17 00:00:00-04:00,12.779321090713369,12.780962972704216,12.462505495486157,12.521600723266602,2694800,0.0,0.0
2006-05-18 00:00:00-04:00,12.528169113069586,12.657850259673122,12.380431018686492,12.416544914245605,3449400,0.0,0.0
2006-05-19 00:00:00-04:00,12.516678363183152,12.659492062252701,12.357449598705301,12.434601783752441,2981800,0.0,0.0
2006-05-22 00:00:00-04:00,12.434601277735501,12.434601277735501,11.983180109236853,12.15554141998291,2963800,0.0,0.0
2006-05-23 00:00:00-04:00,12.418181682144187,12.418181682144187,12.130913770638355,12.134196281433105,2298400,0.0,0.0
2006-05-24 00:00:00-04:00,12.111219652355059,12.15061605913603,11.82559351151193,11.984822273254395,3516200,0.0,0.0
2006-05-25 00:00:00-04:00,12.089882559398669,12.188374221824413,12.024221033651694,12.165392875671387,1568400,0.0,0.0
2006-05-26 00:00:00-04:00,12.262242958736698,12.373867179549691,12.194940801164309,12.286866188049316,1536600,0.0,0.0
2006-05-30 00:00:00-04:00,12.221201768734398,12.22284365093724,11.968407014620311,11.994670867919922,1797000,0.0,0.0
2006-05-31 00:00:00-04:00,12.040633620028911,12.16867288002831,11.970047713569093,12.071823120117188,1816400,0.0,0.0
2006-06-01 00:00:00-04:00,12.119428767858048,12.24418427457791,12.038992813327662,12.226128578186035,2408000,0.0,0.0
2006-06-02 00:00:00-04:00,12.254030646833767,12.324616538462251,12.084953133776654,12.237615585327148,1522200,0.0,0.0
2006-06-05 00:00:00-04:00,12.19658042313943,12.216278001027037,11.88304728294319,11.945425033569336,1562200,0.0,0.0
2006-06-06 00:00:00-04:00,11.983180527918012,12.019294423041957,11.713969449125786,11.8026123046875,2206200,0.0,0.0
2006-06-07 00:00:00-04:00,11.828877061549067,11.86827472417632,11.664723891103415,11.6778564453125,2903600,0.0,0.0
2006-06-08 00:00:00-04:00,11.677857656708326,11.713971558334912,11.338060608732748,11.576082229614258,3332200,0.0,0.0
2006-06-09 00:00:00-04:00,11.584289734932234,11.7221790558562,11.584289734932234,11.622045516967773,2158400,0.0,0.0
2006-06-12 00:00:00-04:00,11.623686227306587,11.95363446842079,11.449684257985668,11.457892417907715,1519600,0.0,0.0
2006-06-13 00:00:00-04:00,11.34626578405928,11.608910564442553,11.339699508001061,11.466096878051758,2406000,0.0,0.0
2006-06-14 00:00:00-04:00,11.490716698312928,11.635170971660347,11.451320306016129,11.613831520080566,1808800,0.0,0.0
2006-06-15 00:00:00-04:00,11.671290236614256,11.93393506038882,11.622045036625511,11.901104927062988,1544000,0.0,0.0
2006-06-16 00:00:00-04:00,11.810817533699153,11.929007990995245,11.773063014078417,11.891253471374512,1620400,0.0,0.0
2006-06-19 00:00:00-04:00,11.933929137443073,11.996308113147782,11.750078478242722,11.79439926147461,1130200,0.0,0.0
2006-06-20 00:00:00-04:00,11.769782718661505,11.95527661695735,11.71561312009427,11.892897605895996,1549000,0.0,0.0
2006-06-21 00:00:00-04:00,11.915876715695711,12.194937825837464,11.894537256772237,12.15554141998291,1642800,0.0,0.0
2006-06-22 00:00:00-04:00,12.114504111965228,12.116144741899566,11.889613824423751,11.965124130249023,1417000,0.0,0.0
2006-06-23 00:00:00-04:00,11.92408477973276,12.084955418646397,11.819026863360687,11.932292938232422,1319400,0.0,0.0
2006-06-26 00:00:00-04:00,11.920802905039588,12.020936432620557,11.91587725824298,11.981538772583008,838400,0.0,0.0
2006-06-27 00:00:00-04:00,11.942145281630708,12.101374085768109,11.942145281630708,12.011089324951172,2145800,0.0,0.0
2006-06-28 00:00:00-04:00,12.00944369910821,12.093160894435155,11.922441487425129,12.017650604248047,1331800,0.0,0.0
2006-06-29 00:00:00-04:00,12.01765295655536,12.360733719712806,12.01765295655536,12.341034889221191,1803000,0.0,0.0
2006-06-30 00:00:00-04:00,12.442811102049811,12.442811102049811,12.252392818880912,12.37714958190918,1551800,0.0,0.0
2006-07-03 00:00:00-04:00,12.401772596873498,12.409979504007694,12.255676374558131,12.288506507873535,860400,0.0,0.0
2006-07-05 00:00:00-04:00,12.199863928262378,12.227769667467204,12.04884330768284,12.212996482849121,1548800,0.0,0.0
2006-07-06 00:00:00-04:00,12.254036260109517,12.349245413805383,12.089883065070916,12.130921363830566,1318800,0.0,0.0
2006-07-07 00:00:00-04:00,12.129278590150824,12.153901818075601,11.871558142968865,11.892897605895996,1825600,0.0,0.0
2006-07-10 00:00:00-04:00,11.938864030594651,11.999599919391558,11.864994331466722,11.986467361450195,1445800,0.0,0.0
2006-07-11 00:00:00-04:00,11.938858753937424,11.9470656597313,11.728741676910717,11.874837875366211,1687600,0.0,0.0
2006-07-12 00:00:00-04:00,11.884685983434574,11.920799869745672,11.651588856648813,11.659795761108398,1868800,0.0,0.0
2006-07-13 00:00:00-04:00,11.581003085783664,11.594134383532742,11.328207131377429,11.361037254333496,3391800,0.0,0.0
2006-07-14 00:00:00-04:00,11.415210678682513,11.421776955243818,11.07541369406742,11.170622825622559,3069000,0.0,0.0
2006-07-17 00:00:00-04:00,11.039296700638543,11.119731374256846,10.423722535175427,10.679800987243652,6256400,0.0,0.0
2006-07-18 00:00:00-04:00,10.691297235010943,10.91947007790839,10.683090326621311,10.88828182220459,3966800,0.0,0.0
2006-07-19 00:00:00-04:00,10.922752862424069,11.055716538858611,10.921110979937767,10.9605073928833,2853800,0.0,0.0
2006-07-20 00:00:00-04:00,10.990051566580902,11.049146793647498,10.67816162109375,10.67816162109375,2430400,0.0,0.0
2006-07-21 00:00:00-04:00,10.679804918998704,10.679804918998704,10.471330942596888,10.494312286376953,2939200,0.0,0.0
2006-07-24 00:00:00-04:00,10.530421625945081,10.702781629683152,10.530421625945081,10.651894569396973,1986600,0.0,0.0
2006-07-25 00:00:00-04:00,10.678161048329443,10.760237609031778,10.597725117121128,10.683085441589355,2032000,0.0,0.0
2006-07-26 00:00:00-04:00,10.684728254734502,10.745465372927164,10.571463429441676,10.607577323913574,2643000,0.0,0.0
2006-07-27 00:00:00-04:00,10.637121890157085,10.715914680591206,10.423722348986091,10.453269958496094,1977200,0.0,0.0
2006-07-28 00:00:00-04:00,10.514007248256041,10.660103416684722,10.505799091760066,10.655179023742676,2381000,0.0,0.0
2006-07-31 00:00:00-04:00,10.637121862487072,10.637121862487072,10.509081386684251,10.52221393585205,1549000,0.0,0.0
2006-08-01 00:00:00-04:00,10.522216690711904,10.558330584184056,10.349856008021815,10.441781997680664,1898800,0.0,0.0
2006-08-02 00:00:00-04:00,10.468044654563647,10.6157820884985,10.458195241823537,10.566536903381348,1702800,0.0,0.0
2006-08-03 00:00:00-04:00,10.64463296949916,10.885575322313313,10.601429928430115,10.835724830627441,2536000,0.39,0.0
2006-08-04 00:00:00-04:00,10.967002194361344,11.03845392603466,10.714429368301781,10.790865898132324,1740000,0.0,0.0
2006-08-07 00:00:00-04:00,10.72605930913325,10.780893348038544,10.681193597232149,10.737690925598145,1314400,0.0,0.0
2006-08-08 00:00:00-04:00,10.797510052721742,10.83074287740008,10.609740916811246,10.682854652404785,1988600,0.0,0.0
2006-08-09 00:00:00-04:00,10.759291244508049,10.820773365152743,10.548259510056498,10.564876556396484,2122200,0.0,0.0
2006-08-10 00:00:00-04:00,10.548259660311487,10.732704123246384,10.485116151071097,10.684516906738281,2095600,0.0,0.0
2006-08-11 00:00:00-04:00,10.659592466552512,10.744337825866259,10.636329233446954,10.717750549316406,1797800,0.0,0.0
2006-08-14 00:00:00-04:00,10.60142948249337,10.780889089837613,10.436924895250755,10.468496322631836,2881200,0.0,0.0
2006-08-15 00:00:00-04:00,10.55989193537718,10.830743789672852,10.524997086200438,10.830743789672852,1783000,0.0,0.0
2006-08-16 00:00:00-04:00,10.837389594191453,11.035128322099736,10.772584699251105,11.003556251525879,1923000,0.0,0.0
2006-08-17 00:00:00-04:00,11.003557998091404,11.282718077433618,10.976970720177293,11.269424438476562,3156600,0.0,0.0
2006-08-18 00:00:00-04:00,11.314284428820624,11.370781738259469,11.146457057158258,11.183013916015625,2054400,0.0,0.0
2006-08-21 00:00:00-04:00,11.149784713281866,11.151446735162324,10.98694206603187,11.040115356445312,1050000,0.0,0.0
2006-08-22 00:00:00-04:00,11.053409900489239,11.101598402482722,10.988604979679398,11.016854286193848,1601200,0.0,0.0
2006-08-23 00:00:00-04:00,11.050080443713592,11.08497528245839,10.837387368840123,10.887236595153809,1002000,0.0,0.0
2006-08-24 00:00:00-04:00,10.966999560717767,10.976969154638098,10.800832900706892,10.920473098754883,1507800,0.0,0.0
2006-08-25 00:00:00-04:00,10.920473688416447,10.930443282875094,10.805818281137691,10.85400676727295,1413400,0.0,0.0
2006-08-28 00:00:00-04:00,10.854007394749798,11.021836095095418,10.839053002197303,10.952046394348145,1258400,0.0,0.0
2006-08-29 00:00:00-04:00,10.967001418098702,11.006881068285082,10.840714380132072,10.91549015045166,2064400,0.0,0.0
2006-08-30 00:00:00-04:00,10.9354298685939,11.05008529462455,10.82576050835912,10.996912002563477,1519000,0.0,0.0
2006-08-31 00:00:00-04:00,11.045098363318571,11.081655232253295,10.980293465752847,11.05008316040039,806800,0.0,0.0
2006-09-01 00:00:00-04:00,11.116551623061955,11.299334725363176,11.109904803446302,11.271086692810059,1933800,0.0,0.0
2006-09-05 00:00:00-04:00,11.2212351859856,11.385739836715537,11.191325134239149,11.339213371276855,1618600,0.0,0.0
2006-09-06 00:00:00-04:00,11.307645043010032,11.355832272949637,11.108244231762711,11.114891052246094,1712600,0.0,0.0
2006-09-07 00:00:00-04:00,11.114889761354998,11.114889761354998,10.910505443171704,10.950385093688965,1839000,0.0,0.0
2006-09-08 00:00:00-04:00,10.966998592017376,11.114886804944204,10.963675816921098,11.043435096740723,1894600,0.0,0.0
2006-09-11 00:00:00-04:00,11.03346430231871,11.108238777476627,10.832402835487807,11.066697120666504,3495600,0.0,0.0
2006-09-12 00:00:00-04:00,11.066700275425667,11.241175790865825,11.066700275425667,11.22622013092041,1686400,0.0,0.0
2006-09-13 00:00:00-04:00,11.219569943360373,11.543595622217019,11.149780265237675,11.525317192077637,2298000,0.0,0.0
2006-09-14 00:00:00-04:00,11.52698592263151,11.57185037960946,11.387405217391771,11.445563316345215,1534400,0.0,0.0
2006-09-15 00:00:00-04:00,11.533633180349184,11.756295986988373,11.46218143671467,11.4738130569458,3377000,0.0,0.0
2006-09-18 00:00:00-04:00,11.399035085768741,11.526984151558956,11.344199771858648,11.467164039611816,1445800,0.0,0.0
2006-09-19 00:00:00-04:00,11.460516022751804,11.462178044507672,11.335891013835845,11.410665512084961,771600,0.0,0.0
2006-09-20 00:00:00-04:00,11.432266623539158,11.586801666811525,11.430604601982187,11.571846008300781,1498000,0.0,0.0
2006-09-21 00:00:00-04:00,11.563538707437264,11.628344879275213,11.264439442671609,11.297672271728516,1538600,0.0,0.0
2006-09-22 00:00:00-04:00,11.291025700309712,11.292687722124404,11.060054110364096,11.20129680633545,2764800,0.0,0.0
2006-09-25 00:00:00-04:00,11.274408573077917,11.332566655405657,11.103257101762944,11.276070594787598,2318000,0.0,0.0
2006-09-26 00:00:00-04:00,11.299333764792816,11.531967360559362,11.211265630936815,11.52199649810791,2271000,0.0,0.0
2006-09-27 00:00:00-04:00,11.482116618752988,11.588463185904162,11.448883791924903,11.502057075500488,1526600,0.0,0.0
2006-09-28 00:00:00-04:00,11.502055892644684,11.706440165345867,11.502055892644684,11.678192138671875,2506000,0.0,0.0
2006-09-29 00:00:00-04:00,11.64828297750565,11.65659181786645,11.38740136383969,11.440574645996094,2374800,0.0,0.0
2006-10-02 00:00:00-04:00,11.432264605587221,11.724716960442377,11.347519269654384,11.586799621582031,2132200,0.0,0.0
2006-10-03 00:00:00-04:00,11.548584042560895,11.681517891158453,11.488763937467107,11.553568840026855,2705600,0.0,0.0
2006-10-04 00:00:00-04:00,11.531967431718375,11.633329204301038,11.500395357970987,11.581816673278809,2223000,0.0,0.0
2006-10-05 00:00:00-04:00,11.581818331898264,11.756293871724015,11.54526272328597,11.714752197265625,2287000,0.0,0.0
2006-10-06 00:00:00-04:00,11.631664054606846,11.75462700535676,11.555227557235236,11.709762573242188,2086200,0.0,0.0
2006-10-09 00:00:00-04:00,11.673205846937082,11.7729055721508,11.550242894765189,11.694807052612305,2145800,0.0,0.0
2006-10-10 00:00:00-04:00,11.714748255705835,11.945719786561384,11.691485027256418,11.827741622924805,2000600,0.0,0.0
2006-10-11 00:00:00-04:00,11.829403826105327,11.927441537827221,11.739673685956825,11.922456741333008,1646600,0.0,0.0
2006-10-12 00:00:00-04:00,11.93907453747673,12.023819890963704,11.89919489314505,11.914149284362793,2031200,0.0,0.0
2006-10-13 00:00:00-04:00,11.86429584449825,11.86429584449825,11.676526769583653,11.681512832641602,3395200,0.0,0.0
2006-10-16 00:00:00-04:00,11.797831505005307,12.583800274346322,11.718070959555456,12.553890228271484,7295800,0.0,0.0
2006-10-17 00:00:00-04:00,12.40766222987758,12.437572274643388,11.968982418479595,12.367782592773438,4642200,0.0,0.0
2006-10-18 00:00:00-04:00,12.528969250510809,12.547247688663878,12.203282675399018,12.258116722106934,2373400,0.0,0.0
2006-10-19 00:00:00-04:00,12.258112395268022,12.258112395268022,12.12351782342364,12.2066011428833,1232400,0.0,0.0
2006-10-20 00:00:00-04:00,12.208265553769126,12.208265553769126,11.87260816751333,12.032129287719727,2678600,0.0,0.0
2006-10-23 00:00:00-04:00,11.965665095941915,12.266426434202014,11.922461396538079,12.150110244750977,1604600,0.0,0.0
2006-10-24 00:00:00-04:00,12.072008781221008,12.268085501754197,12.072008781221008,12.243160247802734,1529400,0.0,0.0
2006-10-25 00:00:00-04:00,12.296333626228845,12.322920902049322,12.103579679783655,12.278055191040039,1634800,0.0,0.0
2006-10-26 00:00:00-04:00,12.296332067441124,12.337873729831129,12.153428647399437,12.289685249328613,1836200,0.0,0.0
2006-10-27 00:00:00-04:00,12.204940308645913,12.233189603500529,12.103578547626036,12.128503799438477,1696600,0.0,0.0
2006-10-30 00:00:00-05:00,12.096934012972053,12.173370528598804,11.993910221778913,12.035451889038086,1633200,0.0,0.0
2006-10-31 00:00:00-05:00,12.037113910698755,12.090287194080455,11.949045778949477,12.035451889038086,2081600,0.0,0.0
2006-11-01 00:00:00-05:00,12.113552743901906,12.121860318292507,11.837715412007011,11.869287490844727,1594400,0.0,0.0
2006-11-02 00:00:00-05:00,11.894484168037005,12.072565010344796,11.870964105156629,12.054084777832031,1880800,0.39,0.0
2006-11-03 00:00:00-05:00,12.205288805428607,12.247289110139821,11.936487111626347,12.002007484436035,2221600,0.0,0.0
2006-11-06 00:00:00-05:00,12.012086276653346,12.311128219440082,12.002006614412553,12.290968894958496,2319400,0.0,0.0
2006-11-07 00:00:00-05:00,12.259046683754699,12.327926503147925,12.18512575213993,12.292646408081055,1573800,0.0,0.0
2006-11-08 00:00:00-05:00,12.196888262887843,12.41529036064209,12.183447857726563,12.369929313659668,1803200,0.0,0.0
2006-11-09 00:00:00-05:00,12.3480892766724,12.470730727334804,12.31952937780155,12.363208770751953,2056000,0.0,0.0
2006-11-10 00:00:00-05:00,12.395126351576955,12.566488265991211,12.395126351576955,12.566488265991211,1257000,0.0,0.0
2006-11-13 00:00:00-05:00,12.566488946172427,12.598408299214743,12.489207274392584,12.578248977661133,1571200,0.0,0.0
2006-11-14 00:00:00-05:00,12.608492356173826,12.684092394168498,12.519450630911003,12.64713191986084,2112400,0.0,0.0
2006-11-15 00:00:00-05:00,12.647131901605482,12.793293427498174,12.61689163010174,12.734493255615234,1570400,0.0,0.0
2006-11-16 00:00:00-05:00,12.75129360692754,12.776494047764382,12.635372348126669,12.689132690429688,1554400,0.0,0.0
2006-11-17 00:00:00-05:00,12.638731866023011,12.716012270487198,12.593370820561887,12.700891494750977,1924200,0.0,0.0
2006-11-20 00:00:00-05:00,12.700888506664256,12.882330082326646,12.62024866086802,12.836970329284668,2793600,0.0,0.0
2006-11-21 00:00:00-05:00,12.818496420006051,12.89073701177586,12.801695268910104,12.826895713806152,1682000,0.0,0.0
2006-11-22 00:00:00-05:00,12.82521199537371,12.900813310332314,12.796652096760422,12.868892669677734,1309000,0.0,0.0
2006-11-24 00:00:00-05:00,12.784887591944871,12.936088887236009,12.756327703319625,12.855447769165039,598800,0.0,0.0
2006-11-27 00:00:00-05:00,12.831935471929093,12.956257324228313,12.690815032127206,12.709295272827148,1754200,0.0,0.0
2006-11-28 00:00:00-05:00,12.66728994035744,12.687449262772303,12.588329176239618,12.637049674987793,1429000,0.0,0.0
2006-11-29 00:00:00-05:00,12.734494937967106,12.847055464977316,12.660573979692803,12.75969409942627,1493200,0.0,0.0
2006-11-30 00:00:00-05:00,12.793294171640298,12.994895138893275,12.789933429195724,12.949535369873047,1369200,0.0,0.0
2006-12-01 00:00:00-05:00,12.96801260217348,13.067132691602286,12.810091069323637,12.909211158752441,2626400,0.0,0.0
2006-12-04 00:00:00-05:00,12.909208124954217,13.119209568541425,12.877288777116984,13.110810279846191,1671200,0.0,0.0
2006-12-05 00:00:00-05:00,13.053694114823626,13.183055770352492,13.04193408084351,13.062094688415527,2320400,0.0,0.0
2006-12-06 00:00:00-05:00,12.994892581474648,13.18641384719755,12.994892581474648,13.122573852539062,1460000,0.0,0.0
2006-12-07 00:00:00-05:00,13.102410118929692,13.204890929143131,13.073850229328471,13.134330749511719,1082200,0.0,0.0
2006-12-08 00:00:00-05:00,13.105775739329715,13.245215780017139,13.087295502296271,13.167935371398926,1163000,0.0,0.0
2006-12-11 00:00:00-05:00,13.020092353616807,13.03521184562743,12.870571395579578,12.939451217651367,3507200,0.0,0.0
2006-12-12 00:00:00-05:00,12.998249445225074,12.998249445225074,12.784887266810545,12.934408187866211,2707600,0.0,0.0
2006-12-13 00:00:00-05:00,13.036892216433289,13.04025295804501,12.929371556310953,12.939451217651367,1254000,0.0,0.0
2006-12-14 00:00:00-05:00,12.889050277377107,13.112492146468757,12.882330076605866,13.085611343383789,1533400,0.0,0.0
2006-12-15 00:00:00-05:00,13.114171167675089,13.114171167675089,12.519446860835275,12.566488265991211,4878600,0.0,0.0
2006-12-18 00:00:00-05:00,12.588330946884525,12.709292025377218,12.541290812303487,12.600090980529785,2653000,0.0,0.0
2006-12-19 00:00:00-05:00,12.60009101982169,12.699211120605469,12.499290548012626,12.699211120605469,1900600,0.0,0.0
2006-12-20 00:00:00-05:00,12.716013543691483,12.84033409534268,12.679053067910612,12.794974327087402,1276400,0.0,0.0
2006-12-21 00:00:00-05:00,12.818487807943626,12.845367324492052,12.657205581665039,12.657205581665039,1231400,0.0,0.0
2006-12-22 00:00:00-05:00,12.768092838851016,12.768092838851016,12.485850735353878,12.509370803833008,1280200,0.0,0.0
2006-12-26 00:00:00-05:00,12.532892572122126,12.595053493960636,12.495932093285596,12.542973518371582,633200,0.0,0.0
2006-12-27 00:00:00-05:00,12.58329137034529,12.704252451287076,12.58329137034529,12.672331809997559,909800,0.0,0.0
2006-12-28 00:00:00-05:00,12.58329189809652,12.756332953243865,12.58329189809652,12.734493255615234,851600,0.0,0.0
2006-12-29 00:00:00-05:00,12.71601455434002,12.717693643919754,12.608493860839737,12.623613357543945,814400,0.0,0.0
2007-01-03 00:00:00-05:00,12.58161148765061,12.754652542257146,12.58161148765061,12.632012367248535,2639600,0.0,0.0
2007-01-04 00:00:00-05:00,12.630331720078768,12.707612127158285,12.51945030008582,12.64377212524414,1442000,0.0,0.0
2007-01-05 00:00:00-05:00,12.558087898530284,12.628648084788972,12.47912714077769,12.536248207092285,1275800,0.0,0.0
2007-01-08 00:00:00-05:00,12.516092978768024,12.586653195324157,12.413612114925536,12.529533386230469,2029000,0.0,0.0
2007-01-09 00:00:00-05:00,12.415290069771652,12.519450002962309,12.331289462103033,12.469050407409668,2994800,0.0,0.0
2007-01-10 00:00:00-05:00,12.45896727154784,12.497606822525492,12.30104576299431,12.47408676147461,3783800,0.0,0.0
2007-01-11 00:00:00-05:00,12.126323796435779,12.537926126292431,12.080964047143297,12.4791259765625,5331800,0.0,0.0
2007-01-12 00:00:00-05:00,12.482489094713666,12.519448280334473,12.406887789165824,12.519448280334473,2751800,0.0,0.0
2007-01-16 00:00:00-05:00,12.569850165139929,12.626971241613592,12.500970337279092,12.625290870666504,1623000,0.0,0.0
2007-01-17 00:00:00-05:00,12.68408984791061,13.050332493464547,12.650490122601845,12.90753173828125,3582000,0.0,0.0
2007-01-18 00:00:00-05:00,12.811769544508776,12.949530452224044,12.783208371566905,12.82520866394043,2118400,0.0,0.0
2007-01-19 00:00:00-05:00,12.919294793319965,13.142736735974134,12.89409435256802,13.045295715332031,2878600,0.0,0.0
2007-01-22 00:00:00-05:00,12.971376411430782,12.971376411430782,12.126330325574548,12.398492813110352,8213200,0.0,0.0
2007-01-23 00:00:00-05:00,12.457288040682817,12.788250577996193,12.41528774471406,12.779850006103516,3895200,0.0,0.0
2007-01-24 00:00:00-05:00,12.734492367006629,12.80169182632791,12.643771558825868,12.752972602844238,1983200,0.0,0.0
2007-01-25 00:00:00-05:00,12.69752910504909,12.747928688464741,12.593367915194488,12.598407745361328,2491600,0.0,0.0
2007-01-26 00:00:00-05:00,12.590014534876163,12.736174807278422,12.568173551277397,12.709295272827148,2434400,0.0,0.0
2007-01-29 00:00:00-05:00,12.710971875934954,12.863852307063501,12.632011103943816,12.810091972351074,3970000,0.0,0.0
2007-01-30 00:00:00-05:00,12.863851470187628,12.936092035421566,12.752971347821234,12.92937183380127,3078400,0.0,0.0
2007-01-31 00:00:00-05:00,12.929370801381774,13.201533177408125,12.885690135211478,13.16289234161377,2392200,0.0,0.0
2007-02-01 00:00:00-05:00,13.256320125513268,13.342952000234602,13.186674562548221,13.308978080749512,2402600,0.43,0.0
2007-02-02 00:00:00-05:00,13.234233910762523,13.41938685415193,13.196863259003019,13.354838371276855,1883400,0.0,0.0
2007-02-05 00:00:00-05:00,13.334459851545262,13.438078050884766,13.291993418897029,13.388816833496094,1653400,0.0,0.0
2007-02-06 00:00:00-05:00,13.36333383129317,13.36333383129317,13.230838797374892,13.268209457397461,1875000,0.0,0.0
2007-02-07 00:00:00-05:00,13.268202435990611,13.349737200190253,13.193461155497848,13.3412446975708,1369600,0.0,0.0
2007-02-08 00:00:00-05:00,13.308980816142233,13.310679836458815,13.14421083669882,13.218952178955078,1920800,0.0,0.0
2007-02-09 00:00:00-05:00,13.252922481076626,13.290293145639195,13.111934922916783,13.152702331542969,1649600,0.0,0.0
2007-02-12 00:00:00-05:00,13.152701786804883,13.173086138260008,13.042288817708176,13.117030143737793,1133600,0.0,0.0
2007-02-13 00:00:00-05:00,13.173091427495672,13.293695972758607,13.13402172884595,13.254626274108887,1120200,0.0,0.0
2007-02-14 00:00:00-05:00,13.317475731842915,13.480546704562679,13.252925914159981,13.458464622497559,2458800,0.0,0.0
2007-02-15 00:00:00-05:00,13.478842265827572,13.628324902710748,13.436375843253462,13.573967933654785,2247000,0.0,0.0
2007-02-16 00:00:00-05:00,13.573966400830745,13.580759887219772,13.45845769263396,13.500924110412598,1608800,0.0,0.0
2007-02-20 00:00:00-05:00,13.502626045488485,13.57227161443455,13.399007850112348,13.529805183410645,1867600,0.0,0.0
2007-02-21 00:00:00-05:00,13.465257383330876,13.738741343514691,13.465257383330876,13.721755027770996,2220200,0.0,0.0
2007-02-22 00:00:00-05:00,13.767617636233503,14.178692382882776,13.72854794895305,14.158308029174805,5482800,0.0,0.0
2007-02-23 00:00:00-05:00,14.336659658387742,14.419893455534616,14.18038358734449,14.275507926940918,3669800,0.0,0.0
2007-02-26 00:00:00-05:00,14.238142299293246,14.329869928797184,14.12772933992893,14.168498039245605,2444800,0.0,0.0
2007-02-27 00:00:00-05:00,13.97485032271927,14.013920003259251,13.439774413918215,13.590954780578613,3618600,0.0,0.0
2007-02-28 00:00:00-05:00,13.653804692795,13.838958982322552,13.57057086148865,13.759121894836426,2839400,0.0,0.0
2007-03-01 00:00:00-05:00,13.461856401114582,13.828766926353675,13.334457129179745,13.760820388793945,3108000,0.0,0.0
2007-03-02 00:00:00-05:00,13.653805767218994,13.78460309410822,13.526406480389847,13.543394088745117,1829400,0.0,0.0
2007-03-05 00:00:00-05:00,13.53829901705207,13.738740642941426,13.402407202059148,13.483942031860352,2705400,0.0,0.0
2007-03-06 00:00:00-05:00,13.60114484190889,13.791394868606252,13.541692113557303,13.740434646606445,1915200,0.0,0.0
2007-03-07 00:00:00-05:00,13.759126416430963,13.869539418473442,13.711564211482912,13.737044334411621,1980800,0.0,0.0
2007-03-08 00:00:00-05:00,13.779508434670385,13.901810671214175,13.779508434670385,13.855947494506836,1840400,0.0,0.0
2007-03-09 00:00:00-05:00,13.934087607339643,14.161708391835456,13.925595097214778,14.10395336151123,2917400,0.0,0.0
2007-03-12 00:00:00-04:00,13.986743415072024,14.09885541756775,13.923893925163197,14.025813102722168,1800200,0.0,0.0
2007-03-13 00:00:00-04:00,14.025812233355461,14.041100821826628,13.771013657264973,13.799890518188477,2261400,0.0,0.0
2007-03-14 00:00:00-04:00,13.864440477834876,14.07507360692522,13.75402750107928,14.02920913696289,2523800,0.0,0.0
2007-03-15 00:00:00-04:00,13.996935155802982,14.06488170090336,13.884823161991477,13.954468727111816,1305200,0.0,0.0
2007-03-16 00:00:00-04:00,14.059782286141973,14.15320893200467,13.922191494937215,14.017315864562988,1787400,0.0,0.0
2007-03-19 00:00:00-04:00,14.098853856503741,14.294199681179922,14.081867544786794,14.253432273864746,2086000,0.0,0.0
2007-03-20 00:00:00-04:00,14.253429189769404,14.304388113893976,14.182084622439433,14.199070930480957,1835000,0.0,0.0
2007-03-21 00:00:00-04:00,14.216061986639675,14.355351819960067,14.115840541704701,14.32817268371582,2740000,0.0,0.0
2007-03-22 00:00:00-04:00,14.805496563216538,14.805496563216538,14.340063564045263,14.435189247131348,1755400,0.0,0.0
2007-03-23 00:00:00-04:00,14.409709510831869,14.530314017956401,14.399516686248697,14.52861499786377,1954000,0.0,0.0
2007-03-26 00:00:00-04:00,14.528614007976064,14.55239510376215,14.248335326528581,14.453872680664062,1931600,0.0,0.0
2007-03-27 00:00:00-04:00,14.455565082883275,14.455565082883275,14.26871314611661,14.275507926940918,1263400,0.0,0.0
2007-03-28 00:00:00-04:00,14.273813370705874,14.311184028938198,14.154907909032412,14.243237495422363,1706600,0.0,0.0
2007-03-29 00:00:00-04:00,14.353647912919472,14.399511069750778,14.044492471249322,14.086958885192871,2746000,0.0,0.0
2007-03-30 00:00:00-04:00,14.11923732985718,14.246636603768154,14.029207421009913,14.193977355957031,1871200,0.0,0.0
2007-04-02 00:00:00-04:00,14.236442712473547,14.30099250250114,14.176989981636817,14.243237495422363,1717000,0.0,0.0
2007-04-03 00:00:00-04:00,14.275517454572437,14.475959086764583,14.275517454572437,14.396121978759766,1647400,0.0,0.0
2007-04-04 00:00:00-04:00,14.39781624147085,14.43858364418216,14.363842325901118,14.414802551269531,1468400,0.0,0.0
2007-04-05 00:00:00-04:00,14.73075648178237,14.73075648178237,14.387626977505125,14.513328552246094,1080800,0.0,0.0
2007-04-09 00:00:00-04:00,14.521817109466843,14.540502438574006,14.44198002982212,14.525215148925781,1511600,0.0,0.0
2007-04-10 00:00:00-04:00,14.523519233386438,14.567684683986027,14.421600059364213,14.426695823669434,1264800,0.0,0.0
2007-04-11 00:00:00-04:00,14.377432243050528,14.45387128699649,14.278909829452143,14.285704612731934,1900000,0.0,0.0
2007-04-12 00:00:00-04:00,14.353651322861506,14.447077974121166,14.134524419339002,14.413104057312012,1950000,0.0,0.0
2007-04-13 00:00:00-04:00,14.491245730724543,14.559192285290962,14.397820352171863,14.465766906738281,2101800,0.0,0.0
2007-04-16 00:00:00-04:00,14.975366574912996,15.101066879067636,14.780020684527699,14.86325454711914,3938600,0.0,0.0
2007-04-17 00:00:00-04:00,14.763031953563216,14.778319247959708,14.645824179299156,14.744346618652344,2855400,0.0,0.0
2007-04-18 00:00:00-04:00,14.875138500611826,14.897220573879274,14.622038984037344,14.693382263183594,2324200,0.0,0.0
2007-04-19 00:00:00-04:00,14.625440175721664,14.686591946723176,14.547302089658123,14.642426490783691,2236200,0.0,0.0
2007-04-20 00:00:00-04:00,14.812289939417582,14.846263860252972,14.72226131715579,14.790207862854004,2572800,0.0,0.0
2007-04-23 00:00:00-04:00,14.815691642849933,15.022928075283593,14.790211519916257,14.922706604003906,2284600,0.0,0.0
2007-04-24 00:00:00-04:00,14.999141672319277,15.089170285026917,14.921002310676588,14.961771011352539,2388800,0.0,0.0
2007-04-25 00:00:00-04:00,15.002537067020427,15.024619139254947,14.907412699275032,15.01612663269043,2228600,0.0,0.0
2007-04-26 00:00:00-04:00,15.01612647381382,15.106155077473504,14.999140164892195,15.055194854736328,1742000,0.0,0.0
2007-04-27 00:00:00-04:00,15.048400204286837,15.500243542214259,15.01103084271961,15.389830589294434,4331200,0.0,0.0
2007-04-30 00:00:00-04:00,15.386435424020009,15.422107065519512,15.153718948364258,15.153718948364258,2654000,0.0,0.0
2007-05-01 00:00:00-04:00,15.153714243975976,15.328675653384012,15.060288915520406,15.228455543518066,2347200,0.0,0.0
2007-05-02 00:00:00-04:00,15.218270109209511,15.537618510624426,15.192791286520167,15.466275215148926,2822000,0.0,0.0
2007-05-03 00:00:00-04:00,15.677198191016236,15.936141564814994,15.503998843251608,15.558874130249023,2481400,0.43,0.0
2007-05-04 00:00:00-04:00,15.582885711745487,15.617182283693959,15.466275535458188,15.53658390045166,1154400,0.0,0.0
2007-05-07 00:00:00-04:00,15.57087695579183,15.622321797773353,15.426828519917676,15.528005599975586,1700200,0.0,0.0
2007-05-08 00:00:00-04:00,15.512574417061488,15.620609784904733,15.452554768259684,15.59831714630127,1705600,0.0,0.0
2007-05-09 00:00:00-04:00,15.600036518092427,15.694352760353818,15.552020786274909,15.636048316955566,2315600,0.0,0.0
2007-05-10 00:00:00-04:00,15.613750084116328,15.615463996545982,15.450838128522497,15.497139930725098,2055800,0.0,0.0
2007-05-11 00:00:00-04:00,15.514289404163792,15.61718041603482,15.502285474584342,15.603461265563965,1578600,0.0,0.0
2007-05-14 00:00:00-04:00,15.589741106029976,15.725213444718765,15.553728014314721,15.718355178833008,2321200,0.0,0.0
2007-05-15 00:00:00-04:00,15.706353359425188,16.054469957870936,15.692635516339527,15.72521686553955,2758400,0.0,0.0
2007-05-16 00:00:00-04:00,15.768084480304632,15.793807556005923,15.533150282780111,15.75951099395752,2004400,0.0,0.0
2007-05-17 00:00:00-04:00,15.665195577856815,15.752653523588894,15.610320286252996,15.708066940307617,1681400,0.0,0.0
2007-05-18 00:00:00-04:00,15.793812545114635,15.879555285650904,15.75780075108905,15.845258712768555,1682600,0.0,0.0
2007-05-21 00:00:00-04:00,15.802391258889443,15.88641879910746,15.733796787794224,15.829828262329102,2307000,0.0,0.0
2007-05-22 00:00:00-04:00,15.857262630387856,15.857262630387856,15.685777149463718,15.687492370605469,1573400,0.0,0.0
2007-05-23 00:00:00-04:00,15.620605936532936,15.73721607190358,15.601743744410971,15.61031723022461,1952600,0.0,0.0
2007-05-24 00:00:00-04:00,15.862406618126641,16.033892095079363,15.66691327906697,15.68234634399414,2402400,0.0,0.0
2007-05-25 00:00:00-04:00,15.728645940216715,15.984158898557368,15.728645940216715,15.860689163208008,1407000,0.0,0.0
2007-05-29 00:00:00-04:00,15.862402402135837,16.00302040352968,15.860687181489688,15.955004692077637,1660000,0.0,0.0
2007-05-30 00:00:00-04:00,15.915563136064497,16.042463302612305,15.864118289488149,16.042463302612305,1687400,0.0,0.0
2007-05-31 00:00:00-04:00,16.069902184876202,16.189942791017362,16.049323458824233,16.07504653930664,2114000,0.0,0.0
2007-06-01 00:00:00-04:00,16.119631979425193,16.165932474339137,15.948146532835564,16.03560447692871,2064600,0.0,0.0
2007-06-04 00:00:00-04:00,15.99445919165823,16.05276496817236,15.937869945577996,15.982455253601074,1476000,0.0,0.0
2007-06-05 00:00:00-04:00,15.948150735177133,15.968729465189234,15.836684903856574,15.912138938903809,1815000,0.0,0.0
2007-06-06 00:00:00-04:00,15.913853294386175,15.913853294386175,15.50228787484801,15.522865295410156,2271200,0.0,0.0
2007-06-07 00:00:00-04:00,15.467984426936349,15.52971928306723,15.119869232177734,15.119869232177734,2197800,0.0,0.0
2007-06-08 00:00:00-04:00,15.092431574665687,15.308502253194256,15.034125853874736,15.284494400024414,3131200,0.0,0.0
2007-06-11 00:00:00-04:00,15.2845061681685,15.433699063447609,15.262213518298191,15.301655769348145,1950200,0.0,0.0
2007-06-12 00:00:00-04:00,15.26220853890895,15.757801498034052,15.24506025165492,15.62232780456543,4324400,0.0,0.0
2007-06-13 00:00:00-04:00,15.663486034035225,15.944723477306756,15.521154053443269,15.924144744873047,3058600,0.0,0.0
2007-06-14 00:00:00-04:00,15.913853219432879,16.3254173287022,15.910422777135077,16.069904327392578,2864000,0.0,0.0
2007-06-15 00:00:00-04:00,16.26025424068043,16.291121681462737,16.104203123853,16.140214920043945,1966800,0.0,0.0
2007-06-18 00:00:00-04:00,16.136779624778015,16.16078748168549,16.035603843286527,16.08533477783203,1464400,0.0,0.0
2007-06-19 00:00:00-04:00,15.99958907491308,16.177932747737646,15.99101428118909,16.14535140991211,1259800,0.0,0.0
2007-06-20 00:00:00-04:00,16.13849854205163,16.39229631844336,16.13335418701172,16.13335418701172,1993600,0.0,0.0
2007-06-21 00:00:00-04:00,16.063043872877483,16.183084488459787,15.958437630130616,16.124778747558594,1790600,0.0,0.0
2007-06-22 00:00:00-04:00,16.12649408812184,16.196802451938943,15.843542795124941,15.939574241638184,2706600,0.0,0.0
2007-06-25 00:00:00-04:00,16.016743533169848,16.097341915282215,15.747511391324677,15.816105842590332,1615600,0.0,0.0
2007-06-26 00:00:00-04:00,15.93271104686386,15.948144106710696,15.726927757263184,15.726927757263184,1382400,0.0,0.0
2007-06-27 00:00:00-04:00,15.570872953427227,15.735498760446303,15.503993760211028,15.714920043945312,1633800,0.0,0.0
2007-06-28 00:00:00-04:00,15.684064904313194,15.946437530578464,15.627474370871099,15.876129150390625,1158200,0.0,0.0
2007-06-29 00:00:00-04:00,15.884693883048287,16.109340671490582,15.795522040877929,15.94814395904541,2024600,0.0,0.0
2007-07-02 00:00:00-04:00,15.984158707304772,16.258535166836968,15.930998636238265,16.231098175048828,1956400,0.0,0.0
2007-07-03 00:00:00-04:00,16.210521247247854,16.27225612102852,16.128208954427173,16.188228607177734,800400,0.0,0.0
2007-07-05 00:00:00-04:00,16.188226010831276,16.22252257595086,16.087048919567344,16.171077728271484,987600,0.0,0.0
2007-07-06 00:00:00-04:00,16.237957166273937,16.253390228287994,16.06304128013394,16.198514938354492,780600,0.0,0.0
2007-07-09 00:00:00-04:00,16.282544291292968,16.637519149610352,16.222524640530178,16.620370864868164,2398400,0.0,0.0
2007-07-10 00:00:00-04:00,16.560353577717056,16.560353577717056,16.23624610900879,16.23624610900879,2068000,0.0,0.0
2007-07-11 00:00:00-04:00,16.236248612811632,16.44031679433094,16.18480243497849,16.335710525512695,1247200,0.0,0.0
2007-07-12 00:00:00-04:00,16.43516897501696,16.87245750427246,16.335708383687138,16.87245750427246,2048000,0.0,0.0
2007-07-13 00:00:00-04:00,16.875888597765407,16.93419303947228,16.747274473414986,16.82272720336914,2961600,0.0,0.0
2007-07-16 00:00:00-04:00,17.532673274620684,17.841347629659705,17.297739028930664,17.297739028930664,8226600,0.0,0.0
2007-07-17 00:00:00-04:00,17.45207198058736,17.618413060309916,17.422919770910013,17.491514205932617,4436800,0.0,0.0
2007-07-18 00:00:00-04:00,17.474373366584803,17.663007161988467,17.448650278954627,17.530963897705078,3445400,0.0,0.0
2007-07-19 00:00:00-04:00,17.692155360833436,17.85506733989084,17.46407937515124,17.512096405029297,2025600,0.0,0.0
2007-07-20 00:00:00-04:00,17.371479511390355,17.405776083789814,17.12110956121891,17.244579315185547,2843000,0.0,0.0
2007-07-23 00:00:00-04:00,17.45721472756043,17.693864115125898,17.338889379612795,17.58582878112793,3036800,0.0,0.0
2007-07-24 00:00:00-04:00,17.405775434726085,17.436642872066695,17.253153469078164,17.294309616088867,3290400,0.0,0.0
2007-07-25 00:00:00-04:00,17.37147702746982,17.440070162460703,16.869024594513476,17.03022003173828,2941000,0.0,0.0
2007-07-26 00:00:00-04:00,16.93932811542751,17.105669167795483,16.416298414593054,16.711252212524414,4547200,0.0,0.0
2007-07-27 00:00:00-04:00,16.685533208119786,16.73526283251997,16.234525680541992,16.234525680541992,3049600,0.0,0.0
2007-07-30 00:00:00-04:00,16.335705081233105,16.86559451799466,16.335705081233105,16.82786750793457,2811400,0.0,0.0
2007-07-31 00:00:00-04:00,16.970200955817983,17.098815050751423,16.632374390459976,16.66495704650879,3375400,0.0,0.0
2007-08-01 00:00:00-04:00,16.666677073870087,16.965061493832973,16.598082608457883,16.935909271240234,5012800,0.0,0.0
2007-08-02 00:00:00-04:00,17.101978605156102,17.2801600433325,17.01029311326521,17.228261947631836,4201600,0.43,0.0
2007-08-03 00:00:00-04:00,17.24037254048141,17.28881005892988,16.7352352142334,16.7352352142334,2804400,0.0,0.0
2007-08-06 00:00:00-04:00,16.53283241367413,16.845947265625,16.53283241367413,16.845947265625,3162800,0.0,0.0
2007-08-07 00:00:00-04:00,16.681602011004127,16.830375088528793,16.34945801831679,16.467092514038086,3713000,0.0,0.0
2007-08-08 00:00:00-04:00,16.4774757225442,16.517264433620074,15.92044168642138,16.20241928100586,3038800,0.0,0.0
2007-08-09 00:00:00-04:00,16.06056097929327,16.245663505755694,14.958603858947756,14.958603858947754,4870800,0.0,0.0
2007-08-10 00:00:00-04:00,14.94649986171719,16.27853691368012,14.94649986171719,16.166091918945312,5491200,0.0,0.0
2007-08-13 00:00:00-04:00,16.29583126311791,16.539750397963928,16.072672944621093,16.088241577148438,2817200,0.0,0.0
2007-08-14 00:00:00-04:00,16.23182744728444,16.32870247195257,15.481042046636743,15.515641212463379,3901800,0.0,0.0
2007-08-15 00:00:00-04:00,15.531203974205525,15.802801054081831,15.169651736842305,15.180030822753906,2394800,0.0,0.0
2007-08-16 00:00:00-04:00,14.988017089053942,15.020885970157595,14.228582805391557,14.725069999694824,4909000,0.0,0.0
2007-08-17 00:00:00-04:00,15.442980553052145,15.624622508005672,14.299505736212225,15.593483924865723,4627800,0.0,0.0
2007-08-20 00:00:00-04:00,15.667872428894043,15.82529565221079,15.538128536200379,15.667872428894043,2198800,0.0,0.0
2007-08-21 00:00:00-04:00,15.724966408210845,15.737075790292456,15.498346086649763,15.662689208984375,1805400,0.0,0.0
2007-08-22 00:00:00-04:00,15.835680799493133,16.186854192226335,15.766483766286045,16.15052604675293,1457200,0.0,0.0
2007-08-23 00:00:00-04:00,16.150519490373338,16.363298730313627,15.794156695785901,15.856433868408203,1314800,0.0,0.0
2007-08-24 00:00:00-04:00,15.818384052017644,16.39098697409901,15.818384052017644,16.36503791809082,1754200,0.0,0.0
2007-08-27 00:00:00-04:00,16.365034460145896,16.365034460145896,16.143605026002,16.23529052734375,1519600,0.0,0.0
2007-08-28 00:00:00-04:00,16.157438161218035,16.19722554541874,15.624622975900122,15.62635326385498,3167800,0.0,0.0
2007-08-29 00:00:00-04:00,15.685173002071245,16.223177839338565,15.681713745290708,16.214529037475586,1748200,0.0,0.0
2007-08-30 00:00:00-04:00,16.088246169207785,16.29756620292297,16.006939767718535,16.051918029785156,1602600,0.0,0.0
2007-08-31 00:00:00-04:00,16.261236999988014,16.416929958633418,16.098624207644672,16.29929542541504,2371000,0.0,0.0
2007-09-04 00:00:00-04:00,16.347731393797844,16.461906659269662,16.176469815413316,16.371950149536133,1885400,0.0,0.0
2007-09-05 00:00:00-04:00,16.25950859095145,16.3338951620231,15.95504379199057,16.022510528564453,2692800,0.0,0.0
2007-09-06 00:00:00-04:00,16.10208447344384,16.404820262809984,15.916983215024326,16.368492126464844,1997400,0.0,0.0
2007-09-07 00:00:00-04:00,16.096892236276624,16.124570246081845,15.707660572184396,15.807994842529297,1484200,0.0,0.0
2007-09-10 00:00:00-04:00,15.863355556178966,15.896224437148184,15.351299727546204,15.512182235717773,1778600,0.0,0.0
2007-09-11 00:00:00-04:00,15.603866472952717,15.75955942317894,15.223284878909286,15.71631145477295,3156600,0.0,0.0
2007-09-12 00:00:00-04:00,15.648843161140931,16.0000164182273,15.612515029699905,15.915250778198242,2841400,0.0,0.0
2007-09-13 00:00:00-04:00,15.984447570667777,16.031154790517146,15.704200292102248,15.872002601623535,1877600,0.0,0.0
2007-09-14 00:00:00-04:00,15.749175764896243,16.03980208107832,15.730146558731361,16.006933212280273,1822400,0.0,0.0
2007-09-17 00:00:00-04:00,15.974073426192593,16.03116107714675,15.794162988957542,15.839139938354492,1342000,0.0,0.0
2007-09-18 00:00:00-04:00,16.019048147083044,16.807892033271088,15.975800176210884,16.771562576293945,3338000,0.0,0.0
2007-09-19 00:00:00-04:00,16.84941561933245,17.41336972665004,16.84941561933245,17.31995391845703,4391800,0.0,0.0
2007-09-20 00:00:00-04:00,17.240366813442638,17.428927279025764,16.944549615798596,17.018936157226562,2558400,0.0,0.0
2007-09-21 00:00:00-04:00,17.03969348471168,17.257663537416747,16.967037240417586,17.095050811767578,2499400,0.0,0.0
2007-09-24 00:00:00-04:00,17.037971844915123,17.07949085114772,16.750805977501997,16.840761184692383,1736000,0.0,0.0
2007-09-25 00:00:00-04:00,16.759453590487794,16.851140399539716,16.41866068067039,16.655658721923828,2523400,0.0,0.0
2007-09-26 00:00:00-04:00,16.75599204812372,16.854597357784296,16.581269895980174,16.711013793945312,1692800,0.0,0.0
2007-09-27 00:00:00-04:00,16.589921754185397,17.048350505627486,16.589921754185397,17.0172119140625,2389400,0.0,0.0
2007-09-28 00:00:00-04:00,17.072566974443333,17.278426389021543,16.98780001332328,17.133113861083984,2816200,0.0,0.0
2007-10-01 00:00:00-04:00,17.0829461833666,17.50504674431674,17.053537883909755,17.416820526123047,1802000,0.0,0.0
2007-10-02 00:00:00-04:00,17.402979441740886,17.532723326226762,17.347622103819834,17.517154693603516,2030800,0.0,0.0
2007-10-03 00:00:00-04:00,17.45488047921049,17.61403268770589,17.299187527498354,17.404712677001953,2239600,0.0,0.0
2007-10-04 00:00:00-04:00,17.47044868346965,17.524077060961694,17.088136806922464,17.250749588012695,1606200,0.0,0.0
2007-10-05 00:00:00-04:00,17.342440442349055,17.537920842024057,17.26286431540639,17.447965621948242,1709200,0.0,0.0
2007-10-08 00:00:00-04:00,17.45834157178833,17.55348764112376,17.27842984420532,17.4514217376709,1342800,0.0,0.0
2007-10-09 00:00:00-04:00,17.501582394138364,17.601917968109646,17.278422784370317,17.43065643310547,1516400,0.0,0.0
2007-10-10 00:00:00-04:00,17.306115328481997,17.435859294671296,16.98089092837075,17.126203536987305,1768000,0.0,0.0
2007-10-11 00:00:00-04:00,17.204039654724664,17.332054579207107,16.78886025368654,16.835567474365234,2232000,0.0,0.0
2007-10-12 00:00:00-04:00,16.806158376357462,16.821727009235758,16.487852688229573,16.676414489746094,2281000,0.0,0.0
2007-10-15 00:00:00-04:00,15.915247874548614,16.482660848469557,15.828751962186937,16.09515953063965,5599800,0.0,0.0
2007-10-16 00:00:00-04:00,16.318322759968016,16.633167897958966,16.13149123109695,16.562240600585938,3514000,0.0,0.0
2007-10-17 00:00:00-04:00,16.99645407494367,17.032782215350995,16.320055116410302,16.550134658813477,2367600,0.0,0.0
2007-10-18 00:00:00-04:00,16.413468606493996,16.64873766181655,16.40308951634906,16.531103134155273,1738400,0.0,0.0
2007-10-19 00:00:00-04:00,16.48093787981409,16.484398456946202,15.908335108031688,15.987911224365234,3068000,0.0,0.0
2007-10-22 00:00:00-04:00,15.75090882196346,16.043264157508656,15.745717957696227,15.932549476623535,2133400,0.0,0.0
2007-10-23 00:00:00-04:00,15.958496005560935,15.984445043518297,15.745715478098049,15.937736511230469,2286800,0.0,0.0
2007-10-24 00:00:00-04:00,15.865084683719049,16.34427291614263,15.688633552098686,16.207609176635742,3903800,0.0,0.0
2007-10-25 00:00:00-04:00,16.17474315189628,16.198961913061904,15.695556154749605,15.85816764831543,2418800,0.0,0.0
2007-10-26 00:00:00-04:00,16.031161487699343,16.070950211456445,15.882388325548941,16.000022888183594,1340200,0.0,0.0
2007-10-29 00:00:00-04:00,16.086518161001006,16.162635027622898,15.979264016023178,16.13149642944336,1042200,0.0,0.0
2007-10-30 00:00:00-04:00,16.12803243859959,16.145331361439492,15.79415808047894,15.80972671508789,1575200,0.0,0.0
2007-10-31 00:00:00-04:00,15.87201274248132,16.138420526183587,15.844333394646513,16.015596389770508,2360400,0.0,0.0
2007-11-01 00:00:00-04:00,16.00335804115998,16.040026786181034,15.732706067464521,15.739690780639648,1562400,0.43,0.0
2007-11-02 00:00:00-04:00,15.793828619567376,15.872405683326505,15.531907738100598,15.860182762145996,2176600,0.0,0.0
2007-11-05 00:00:00-05:00,15.697793314820338,15.811292641120433,15.551116913949803,15.72398567199707,1710000,0.0,0.0
2007-11-06 00:00:00-05:00,15.820020727235528,16.081941604614258,15.788590168662141,16.081941604614258,2960000,0.0,0.0
2007-11-07 00:00:00-05:00,15.88112856278898,15.991136137003895,15.343318936285689,15.350303649902344,2489800,0.0,0.0
2007-11-08 00:00:00-05:00,15.540640544536664,16.097659435301708,15.540640544536664,15.96495246887207,3671800,0.0,0.0
2007-11-09 00:00:00-05:00,15.723985027061778,15.723985027061778,15.38872526690813,15.453332901000977,2371400,0.0,0.0
2007-11-12 00:00:00-05:00,15.397447609096822,15.556345501926499,14.96265954466648,14.973135948181152,2003600,0.0,0.0
2007-11-13 00:00:00-05:00,15.06917940699096,15.559844017028807,15.06917940699096,15.559844017028809,2326200,0.0,0.0
2007-11-14 00:00:00-05:00,15.685567549878133,15.945741897701106,15.587782856285534,15.7676362991333,3443400,0.0,0.0
2007-11-15 00:00:00-05:00,15.736205040772267,15.748427960401363,15.310146701360933,15.446345329284668,3215600,0.0,0.0
2007-11-16 00:00:00-05:00,15.617468467844487,15.6244531840775,15.109341352529635,15.257762908935547,3092000,0.0,0.0
2007-11-19 00:00:00-05:00,15.453326884263186,15.502218552779222,14.857892971640466,14.892816543579102,4702400,0.0,0.0
2007-11-20 00:00:00-05:00,14.946948175831448,15.484759257266903,14.777572495518486,15.317130088806152,5030600,0.0,0.0
2007-11-21 00:00:00-05:00,15.165212008429387,15.434117486696108,15.046474541820679,15.170450210571289,3650800,0.0,0.0
2007-11-23 00:00:00-05:00,15.325868898860454,15.393969578729399,15.16522435216203,15.35904598236084,839600,0.0,0.0
2007-11-26 00:00:00-05:00,15.390470122329853,15.545876397688698,15.058703422546387,15.058703422546387,2223400,0.0,0.0
2007-11-27 00:00:00-05:00,15.105846195013687,15.320620508063294,14.966154566797508,15.290936470031738,2455200,0.0,0.0
2007-11-28 00:00:00-05:00,15.437615841620179,15.77811242042754,15.322370025901773,15.706520080566406,2667400,0.0,0.0
2007-11-29 00:00:00-05:00,15.687310753254685,15.767634312506374,15.42713643821211,15.470789909362793,2473400,0.0,0.0
2007-11-30 00:00:00-05:00,15.627944639049584,15.704775184248952,15.491746005067709,15.594767570495605,3479200,0.0,0.0
2007-12-03 00:00:00-05:00,15.73270844767867,15.73270844767867,15.290935597048785,15.400941848754883,2625800,0.0,0.0
2007-12-04 00:00:00-05:00,15.357294392210033,15.713506964207827,15.327610344259853,15.586039543151855,3429600,0.0,0.0
2007-12-05 00:00:00-05:00,15.762398432672864,16.07495751846694,15.734460897399984,16.019081115722656,2379600,0.0,0.0
2007-12-06 00:00:00-05:00,16.01383995086717,16.68435799204782,15.93875592366566,16.661657333374023,2485600,0.0,0.0
2007-12-07 00:00:00-05:00,16.52545928955078,16.700073188495484,16.305445403864926,16.52545928955078,1763600,0.0,0.0
2007-12-10 00:00:00-05:00,16.44863192902698,16.76992225796884,16.44863192902698,16.719284057617188,1415800,0.0,0.0
2007-12-11 00:00:00-05:00,16.72277633782384,16.806591614640876,16.104644166617557,16.13956642150879,2002400,0.0,0.0
2007-12-12 00:00:00-05:00,16.534189743955142,16.61276546192538,16.00510986805327,16.151784896850586,2084400,0.0,0.0
2007-12-13 00:00:00-05:00,16.040034620008317,16.232109663439903,15.804306097060532,15.994634628295898,2357800,0.0,0.0
2007-12-14 00:00:00-05:00,15.77112924349252,15.984158439616733,15.648900032043457,15.648900032043457,2018400,0.0,0.0
2007-12-17 00:00:00-05:00,15.549370130358609,15.549370130358609,15.282209713342837,15.46031665802002,3272200,0.0,0.0
2007-12-18 00:00:00-05:00,15.605244001947788,15.626196816373263,15.271730828894087,15.559844017028809,2396600,0.0,0.0
2007-12-19 00:00:00-05:00,15.593020803503535,15.74144234255135,15.483013200947124,15.613973617553711,1282800,0.0,0.0
2007-12-20 00:00:00-05:00,15.75890561768064,16.675628659152366,15.75890561768064,16.567367553710938,3943200,0.0,0.0
2007-12-21 00:00:00-05:00,16.729756832941227,17.358367919921875,16.637211681857494,17.358367919921875,4326800,0.0,0.0
2007-12-24 00:00:00-05:00,17.335663978499827,17.36010981256491,16.94802099232773,17.09993553161621,1615200,0.0,0.0
2007-12-26 00:00:00-05:00,17.07199993620433,17.402021423535697,16.965486685825468,17.31645965576172,1770800,0.0,0.0
2007-12-27 00:00:00-05:00,17.190737331252112,17.253598439667357,16.998662314293654,17.082477569580078,1510200,0.0,0.0
2007-12-28 00:00:00-05:00,17.2082023495294,17.346146173999944,16.82754395062708,17.06327247619629,2284400,0.0,0.0
2007-12-31 00:00:00-05:00,17.040572462855714,17.13486414311351,16.893897403920384,16.92881965637207,1498400,0.0,0.0
2008-01-02 00:00:00-05:00,16.885162749272084,17.066761356017338,16.3106842194527,16.354337692260742,3855800,0.0,0.0
2008-01-03 00:00:00-05:00,16.375293163164677,16.850243237519045,16.375293163164677,16.79436683654785,3417400,0.0,0.0
2008-01-04 00:00:00-05:00,16.686098972148898,16.686098972148898,16.048759489515135,16.08542823791504,2871000,0.0,0.0
2008-01-07 00:00:00-05:00,16.2146371722233,16.38575794594644,15.88636371596025,16.277498245239258,4446200,0.0,0.0
2008-01-08 00:00:00-05:00,16.29496625779637,16.396242621891993,15.313635831052315,15.385228157043457,3810000,0.0,0.0
2008-01-09 00:00:00-05:00,15.36602339692395,15.519683151301782,15.00282616054178,15.486507415771484,4644800,0.0,0.0
2008-01-10 00:00:00-05:00,15.278716752586039,15.641913996260838,14.885835464662398,15.397454261779785,5459000,0.0,0.0
2008-01-11 00:00:00-05:00,15.257769599996498,15.477783595125754,14.924257579853576,15.023787498474121,3848400,0.0,0.0
2008-01-14 00:00:00-05:00,15.175695206165601,15.62969109521375,15.175695206165601,15.549368858337402,2400400,0.0,0.0
2008-01-15 00:00:00-05:00,15.304909043458384,15.35729241565226,14.99060348150164,15.06394100189209,2505600,0.0,0.0
2008-01-16 00:00:00-05:00,14.946949219229566,15.016795044013476,14.361992934536143,14.73217487335205,4031800,0.0,0.0
2008-01-17 00:00:00-05:00,14.819482265585139,14.8701204567667,13.974350291538718,14.058165550231934,4145000,0.0,0.0
2008-01-18 00:00:00-05:00,14.114045146112845,14.449303592519769,13.804977725051273,14.157698631286621,3871800,0.0,0.0
2008-01-22 00:00:00-05:00,13.253201333681073,14.41612974644259,11.571667855546298,14.176909446716309,5814000,0.0,0.0
2008-01-23 00:00:00-05:00,13.71941578459668,14.370726299175752,13.288119184534205,14.316595077514648,6850600,0.0,0.0
2008-01-24 00:00:00-05:00,14.400407074613678,14.47374458539192,13.97434877584794,14.19436264038086,5314400,0.0,0.0
2008-01-25 00:00:00-05:00,14.356753385871164,14.829956839459946,14.19610893645616,14.444060325622559,5699200,0.0,0.0
2008-01-28 00:00:00-05:00,14.494703642416887,14.494703642416887,14.185636220240115,14.384696006774902,3430200,0.0,0.0
2008-01-29 00:00:00-05:00,14.50342968396378,14.51390742355253,14.197855367891451,14.398661613464355,2076600,0.0,0.0
2008-01-30 00:00:00-05:00,14.365484805893495,14.597721610019303,14.100072267034228,14.250240325927734,3552200,0.0,0.0
2008-01-31 00:00:00-05:00,14.151244382464808,14.74699232316381,13.93733932238272,14.600264549255371,4833200,0.5,0.0
2008-02-01 00:00:00-05:00,14.663909162936928,15.240212682592174,14.504808147496515,15.206624031066895,3446000,0.0,0.0
2008-02-04 00:00:00-05:00,15.321525665022712,15.36572067479748,14.805328274547339,14.987411499023438,3153600,0.0,0.0
2008-02-05 00:00:00-05:00,14.69926956396175,14.722250497641836,14.407582050254444,14.467686653137207,2806000,0.0,0.0
2008-02-06 00:00:00-05:00,14.49949356686306,14.646221275987873,14.110578144969384,14.214879035949707,4544000,0.0,0.0
2008-02-07 00:00:00-05:00,14.12472642271426,14.381056958591133,14.050479124577826,14.207813262939453,3114200,0.0,0.0
2008-02-08 00:00:00-05:00,14.17598660568469,14.36337294731329,14.055776168915132,14.227252960205078,2732400,0.0,0.0
2008-02-11 00:00:00-05:00,14.20958315286365,14.271457263361999,13.910825717808281,14.20251178741455,3092000,0.0,0.0
2008-02-12 00:00:00-05:00,14.340396718212608,14.538389491377382,14.230792612550243,14.36160945892334,3036800,0.0,0.0
2008-02-13 00:00:00-05:00,14.442926105669569,14.600260204799666,14.402267459139008,14.582582473754883,2989800,0.0,0.0
2008-02-14 00:00:00-05:00,14.557838619441819,14.591427264621473,14.165386644884514,14.260848045349121,2996400,0.0,0.0
2008-02-15 00:00:00-05:00,14.190139687331643,14.202514241824813,13.788849407002864,14.004521369934082,3774800,0.0,0.0
2008-02-19 00:00:00-05:00,14.137103018619419,14.285597636385518,13.868396545435587,13.949716567993164,3291600,0.0,0.0
2008-02-20 00:00:00-05:00,13.787078557674672,13.999215470543245,13.513070233049673,13.935574531555176,4147400,0.0,0.0
2008-02-21 00:00:00-05:00,13.988609671190892,14.267922569731859,13.972700108619359,14.08583927154541,5200600,0.0,0.0
2008-02-22 00:00:00-05:00,14.14240399323726,14.267917666830272,13.86839437637839,14.239633560180664,4421000,0.0,0.0
2008-02-25 00:00:00-05:00,14.292665021256216,14.731080084969403,14.26438091805917,14.692188262939453,3714600,0.0,0.0
2008-02-26 00:00:00-05:00,14.587887292006078,14.884877792483751,14.504801811917769,14.835379600524902,3070200,0.0,0.0
2008-02-27 00:00:00-05:00,14.716940867975827,14.89725594643279,14.579052628792578,14.792956352233887,3702600,0.0,0.0
2008-02-28 00:00:00-05:00,14.670977217846119,14.913166392455873,14.557838084135323,14.773509979248047,4419200,0.0,0.0
2008-02-29 00:00:00-05:00,14.649766838282495,14.649766838282495,14.24140390504189,14.253778457641602,3604600,0.0,0.0
2008-03-03 00:00:00-05:00,14.285594873724179,14.541926745856019,14.285594873724179,14.515409469604492,4117400,0.0,0.0
2008-03-04 00:00:00-05:00,14.708105771467865,14.831852667453902,14.246709540113105,14.506576538085938,4651600,0.0,0.0
2008-03-05 00:00:00-05:00,14.481819939462758,14.593192223127328,14.216649890698902,14.43762493133545,3549200,0.0,0.0
2008-03-06 00:00:00-05:00,14.375755388668624,14.407575855550125,14.188368944102521,14.297971725463867,4166000,0.0,0.0
2008-03-07 00:00:00-05:00,14.156552154288352,14.23256765887617,13.79061736446451,13.914362907409668,3456600,0.0,0.0
2008-03-10 00:00:00-04:00,13.903748248398133,13.95147825831902,13.640346407500699,13.709290504455566,3107800,0.0,0.0
2008-03-11 00:00:00-04:00,14.045168453298526,14.227252960205078,13.806515757149539,14.227252960205078,3434000,0.0,0.0
2008-03-12 00:00:00-04:00,14.260854827481621,14.690430659506225,14.2502484497386,14.455312728881836,3995600,0.0,0.0
2008-03-13 00:00:00-04:00,14.204280816510126,14.667445165722468,13.930272469756462,14.61971378326416,4198200,0.0,0.0
2008-03-14 00:00:00-04:00,14.692194254810044,14.73638927991807,14.068160716080744,14.469450950622559,3879200,0.0,0.0
2008-03-17 00:00:00-04:00,14.098207246235312,14.30857591134467,13.877232211027863,14.131795883178711,3871000,0.0,0.0
2008-03-18 00:00:00-04:00,14.373984544302111,14.856594644372258,14.264381783269265,14.845988273620605,4951800,0.0,0.0
2008-03-19 00:00:00-04:00,14.88841862037516,15.036913240855212,14.126496903739463,14.142406463623047,4666000,0.0,0.0
2008-03-20 00:00:00-04:00,14.160081663555,14.271453957674899,13.905519309976812,14.230793952941895,4039400,0.0,0.0
2008-03-24 00:00:00-04:00,14.319184259912497,14.609103438264595,14.236097419398524,14.510107040405273,2177400,0.0,0.0
2008-03-25 00:00:00-04:00,14.5101084575275,14.819473579776629,14.396969320717236,14.708101272583008,2015000,0.0,0.0
2008-03-26 00:00:00-04:00,14.575517500594573,14.607337969913074,14.35807875085567,14.531322479248047,2603200,0.0,0.0
2008-03-27 00:00:00-04:00,14.53485043934947,14.579045435164215,14.184825479058018,14.21311092376709,2564800,0.0,0.0
2008-03-28 00:00:00-04:00,14.301507892457325,14.398736121448492,13.976231863236688,14.027498245239258,2567200,0.0,0.0
2008-03-31 00:00:00-04:00,14.054015057544618,14.21842057065734,13.83657498585688,14.084067344665527,3065400,0.0,0.0
2008-04-01 00:00:00-04:00,14.002752262790915,14.531324410708615,13.863095814926167,14.465916633605957,3395800,0.0,0.0
2008-04-02 00:00:00-04:00,14.540158967461677,14.571979430093258,14.271453887580904,14.373985290527344,2683800,0.0,0.0
2008-04-03 00:00:00-04:00,14.31564937024311,14.31564937024311,14.009819283301228,14.175992965698242,2759600,0.0,0.0
2008-04-04 00:00:00-04:00,14.221951122231797,14.789416135512354,14.142400658020204,14.554298400878906,5741000,0.0,0.0
2008-04-07 00:00:00-04:00,14.594961812577274,14.658602744214374,14.377523086754575,14.430556297302246,2707400,0.0,0.0
2008-04-08 00:00:00-04:00,14.358083530633053,14.437634056049005,14.26085391181314,14.35278034210205,2813200,0.0,0.0
2008-04-09 00:00:00-04:00,14.418185018175452,14.54546691033039,14.011591583486265,14.1017484664917,2803600,0.0,0.0
2008-04-10 00:00:00-04:00,14.101744287435999,14.198973856441782,14.046942902391708,14.138869285583496,3362000,0.0,0.0
2008-04-11 00:00:00-04:00,14.054017324543262,14.054017324543262,13.686314409213397,13.955020904541016,5277400,0.0,0.0
2008-04-14 00:00:00-04:00,14.566679129334014,14.63739143237799,13.974466120200091,14.147709846496582,9316000,0.0,0.0
2008-04-15 00:00:00-04:00,14.257317172333238,14.503041435105985,14.1477130106656,14.423489570617676,5180800,0.0,0.0
2008-04-16 00:00:00-04:00,14.444698905180969,15.185407806860391,14.444698905180969,15.153587341308594,6117200,0.0,0.0
2008-04-17 00:00:00-04:00,15.137678944563913,15.137678944563913,14.883116526658418,14.990952491760254,3261800,0.0,0.0
2008-04-18 00:00:00-04:00,15.167725674191157,16.19304894166123,15.167725674191157,16.02157211303711,6626400,0.0,0.0
2008-04-21 00:00:00-04:00,15.51245379169359,15.623824769272396,15.171268144377422,15.546042442321777,8046800,0.0,0.0
2008-04-22 00:00:00-04:00,15.450576262606361,15.485931732253459,15.021000697643034,15.042213439941406,8284200,0.0,0.0
2008-04-23 00:00:00-04:00,14.835380686770979,14.944984797508337,14.764668400770253,14.91846752166748,27268200,0.0,0.0
2008-04-24 00:00:00-04:00,14.96267159360146,15.349820548661054,14.867210151995305,15.210164070129395,7274000,0.0,0.0
2008-04-25 00:00:00-04:00,15.312691365296041,15.379867311691163,15.04398488226555,15.289709091186523,4181000,0.0,0.0
2008-04-28 00:00:00-04:00,15.326831171497817,15.501844407791694,15.29147569781363,15.491236686706543,3811200,0.0,0.0
2008-04-29 00:00:00-04:00,15.69629958152304,15.72812004199913,15.51951954526134,15.581392288208008,5617400,0.0,0.0
2008-04-30 00:00:00-04:00,15.712207937644605,15.793526586268692,15.493001087061216,15.528356552124023,6256800,0.0,0.0
2008-05-01 00:00:00-04:00,15.682143102813964,15.878841548989298,15.506904405274625,15.85380744934082,5235000,0.5,0.0
2008-05-02 00:00:00-04:00,16.00043264773738,16.191765430569777,15.716114918258775,15.85916805267334,4018400,0.0,0.0
2008-05-05 00:00:00-04:00,15.914598728376482,15.939632819482915,15.691079083315014,15.732207298278809,3989800,0.0,0.0
2008-05-06 00:00:00-04:00,15.700026612295211,15.878842398930663,15.531939336295906,15.748306274414062,4388400,0.0,0.0
2008-05-07 00:00:00-04:00,15.737569722225885,15.90923262596921,15.24940227388121,15.342387199401855,5474200,0.0,0.0
2008-05-08 00:00:00-04:00,15.463988482491647,15.615981615050773,15.342393703593133,15.499751091003418,4290600,0.0,0.0
2008-05-09 00:00:00-04:00,15.379943257503744,15.45146983136882,15.199338965452007,15.317358016967773,4476200,0.0,0.0
2008-05-12 00:00:00-04:00,15.342390297107201,15.605248276243843,15.28338077833426,15.59809684753418,4220200,0.0,0.0
2008-05-13 00:00:00-04:00,15.63564196296816,15.75365959078586,15.447884971672208,15.619547843933105,3795800,0.0,0.0
2008-05-14 00:00:00-04:00,15.721476622263486,15.96287755371258,15.56769500519846,15.810884475708008,4042600,0.0,0.0
2008-05-15 00:00:00-04:00,15.850232667730198,15.869902515199401,15.630289994038293,15.793011665344238,3797800,0.0,0.0
2008-05-16 00:00:00-04:00,15.793006588602303,15.914601350117254,15.632072144794886,15.812676429748535,2515400,0.0,0.0
2008-05-19 00:00:00-04:00,15.79836660075484,16.549393348783468,15.769756798568642,16.163150787353516,6188800,0.0,0.0
2008-05-20 00:00:00-04:00,16.05587043468476,16.084480252539088,15.83950348593445,15.993285179138184,4231000,0.0,0.0
2008-05-21 00:00:00-04:00,16.03798257519296,16.406342526696474,15.93426912880174,15.968244552612305,5202400,0.0,0.0
2008-05-22 00:00:00-04:00,16.05765432242384,16.107722512355394,15.855591659013951,15.939635276794434,3708400,0.0,0.0
2008-05-23 00:00:00-04:00,15.914601917673611,15.957517316134108,15.685717973543074,15.816252708435059,3342000,0.0,0.0
2008-05-27 00:00:00-04:00,15.791218520884978,16.01652674894597,15.708963439205295,15.959305763244629,2336200,0.0,0.0
2008-05-28 00:00:00-04:00,16.03261718348032,16.758608528161766,16.0040060150911,16.67814064025879,7780800,0.0,0.0
2008-05-29 00:00:00-04:00,16.679934961814745,16.9803455127675,16.529730368466403,16.855175018310547,5554600,0.0,0.0
2008-05-30 00:00:00-04:00,16.939214613429524,17.42559225047789,16.907027727629817,17.287904739379883,6025200,0.0,0.0
2008-06-02 00:00:00-04:00,17.4542050410653,17.548977167973586,16.905240756520598,17.17525291442871,5048200,0.0,0.0
2008-06-03 00:00:00-04:00,17.071544233599546,17.19492756919339,16.885575642362543,16.9857120513916,5493800,0.0,0.0
2008-06-04 00:00:00-04:00,17.078691615787548,17.141276851593368,16.662050616449655,16.892723083496094,4800200,0.0,0.0
2008-06-05 00:00:00-04:00,16.942792739442574,17.31472983623646,16.835503559590165,17.289695739746094,4474600,0.0,0.0
2008-06-06 00:00:00-04:00,17.266453039045054,17.266453039045054,16.69603157043457,16.69603157043457,4416200,0.0,0.0
2008-06-09 00:00:00-04:00,17.152005236158214,17.25393015209716,16.842654773859223,17.08047866821289,4969600,0.0,0.0
2008-06-10 00:00:00-04:00,16.942793094415876,17.051870816090325,16.746096033189417,16.87484359741211,3063200,0.0,0.0
2008-06-11 00:00:00-04:00,16.75145601147509,16.83907532866032,16.41885867688798,16.52436065673828,4041600,0.0,0.0
2008-06-12 00:00:00-04:00,16.645954730820886,17.3504891046425,16.645954730820886,17.071537017822266,5389200,0.0,0.0
2008-06-13 00:00:00-04:00,17.230680976193636,17.407708137356746,17.007161350998363,17.173460006713867,5145800,0.0,0.0
2008-06-16 00:00:00-04:00,17.092995777157988,17.273600054916127,17.03577479544576,17.198497772216797,4240600,0.0,0.0
2008-06-17 00:00:00-04:00,17.405929077244707,17.511431107203805,17.044721766496128,17.078697204589844,2718600,0.0,0.0
2008-06-18 00:00:00-04:00,16.9874982277476,16.9874982277476,16.633442401254506,16.839080810546875,3334800,0.0,0.0
2008-06-19 00:00:00-04:00,16.88199159855553,17.162732204737654,16.776489621726142,17.152002334594727,2890000,0.0,0.0
2008-06-20 00:00:00-04:00,17.064390626691537,17.064390626691537,16.597681312969293,16.708547592163086,3644800,0.0,0.0
2008-06-23 00:00:00-04:00,16.812256790077207,16.933851558808666,16.574432871272872,16.619136810302734,2915800,0.0,0.0
2008-06-24 00:00:00-04:00,16.57621826264997,16.57979534137073,16.259715008653014,16.272232055664062,4470800,0.0,0.0
2008-06-25 00:00:00-04:00,16.207858338412642,16.36521569628592,15.803734389657222,15.834134101867676,7906000,0.0,0.0
2008-06-26 00:00:00-04:00,15.725058081721327,15.725058081721327,15.145694047713617,15.22616195678711,7455400,0.0,0.0
2008-06-27 00:00:00-04:00,15.179667241317512,15.260133774278257,14.75229775489201,15.056283950805664,7260000,0.0,0.0
2008-06-30 00:00:00-04:00,15.067015476151866,15.356696118011941,15.067015476151866,15.193974494934082,4936200,0.0,0.0
2008-07-01 00:00:00-04:00,14.931114278113453,15.177879507984906,14.662890668326984,15.0795316696167,5277400,0.0,0.0
2008-07-02 00:00:00-04:00,15.170730600838473,15.170730600838473,14.689717065098174,14.698657035827637,3490000,0.0,0.0
2008-07-03 00:00:00-04:00,14.8274004750908,14.999063417632053,14.712958513396629,14.879257202148438,2612400,0.0,0.0
2008-07-07 00:00:00-04:00,14.975815404867335,15.192182245812063,14.625336784177527,14.702227592468262,5365400,0.0,0.0
2008-07-08 00:00:00-04:00,14.618187257710836,14.932903353140661,14.501956749783062,14.891775131225586,3369600,0.0,0.0
2008-07-09 00:00:00-04:00,14.98118358439544,15.100989811614662,14.46798324584961,14.46798324584961,3116200,0.0,0.0
2008-07-10 00:00:00-04:00,14.3964638732826,14.720120111906628,14.126451568897892,14.56097412109375,5562200,0.0,0.0
2008-07-11 00:00:00-04:00,14.72010847175185,14.72189701075583,14.205119743304062,14.47155475616455,4284200,0.0,0.0
2008-07-14 00:00:00-04:00,14.661101016831012,14.661101016831012,13.988754868230723,14.285588264465332,6079800,0.0,0.0
2008-07-15 00:00:00-04:00,12.876521607884808,13.316408157348633,12.29358192306841,13.316408157348633,21619800,0.0,0.0
2008-07-16 00:00:00-04:00,13.316409893147307,13.539929593611696,12.826455091721046,13.119712829589844,11958000,0.0,0.0
2008-07-17 00:00:00-04:00,13.119713596733384,13.2717067290854,12.876524039267728,13.246672630310059,8401400,0.0,0.0
2008-07-18 00:00:00-04:00,13.284222729617825,13.337866638076934,12.729894156671303,13.039244651794434,6768000,0.0,0.0
2008-07-21 00:00:00-04:00,13.184084253975405,13.218058314674334,12.728103600895619,12.799630165100098,7189800,0.0,0.0
2008-07-22 00:00:00-04:00,12.813935397214722,13.126862913250879,12.572533079153697,13.096463203430176,4810600,0.0,0.0
2008-07-23 00:00:00-04:00,13.014210442311521,13.266341311930898,12.948049486025882,13.151899337768555,4490600,0.0,0.0
2008-07-24 00:00:00-04:00,13.167989481449736,13.167989481449736,12.576109886169434,12.576109886169434,6397200,0.0,0.0
2008-07-25 00:00:00-04:00,12.60650926240733,12.738832523737432,12.49027876231412,12.695917129516602,3660200,0.0,0.0
2008-07-28 00:00:00-04:00,12.67446098164134,12.745987560772306,12.352593421936033,12.352593421936035,2902200,0.0,0.0
2008-07-29 00:00:00-04:00,12.436637984256011,12.545715718666345,12.36511139975243,12.513528823852539,4804000,0.0,0.0
2008-07-30 00:00:00-04:00,12.622605441857077,13.041035082652598,12.579690036014716,12.980237007141113,3622000,0.0,0.0
2008-07-31 00:00:00-04:00,13.003803557149487,13.132535967398988,12.849687369290905,12.880510330200195,4887600,0.5,0.0
2008-08-01 00:00:00-04:00,12.953036261479356,12.985672745246719,12.501564672145491,12.590409278869629,3571000,0.0,0.0
2008-08-04 00:00:00-04:00,12.58315807178869,12.601289146416033,12.360141842266637,12.429041862487793,3390200,0.0,0.0
2008-08-05 00:00:00-04:00,12.479811802094709,13.036444337394284,12.479811802094709,12.985676765441895,4962400,0.0,0.0
2008-08-06 00:00:00-04:00,12.949413378435773,13.063641799986186,12.807989031099646,13.045509338378906,5862200,0.0,0.0
2008-08-07 00:00:00-04:00,12.92402531456277,13.049132065019599,12.733646980511235,12.927652359008789,4672400,0.0,0.0
2008-08-08 00:00:00-04:00,12.996551905127198,13.234072150570393,12.873258668183933,13.172426223754883,3327200,0.0,0.0
2008-08-11 00:00:00-04:00,13.26126561016407,13.605761441510266,13.076326499991016,13.438953399658203,3689000,0.0,0.0
2008-08-12 00:00:00-04:00,13.442583699060473,13.477033709077412,13.15066883342303,13.210502624511719,2123200,0.0,0.0
2008-08-13 00:00:00-04:00,13.132542419804233,13.241330289195558,12.844253113438771,13.148859977722168,3712800,0.0,0.0
2008-08-14 00:00:00-04:00,12.998365633029438,13.328356157226485,12.953037256720435,13.17605209350586,2426200,0.0,0.0
2008-08-15 00:00:00-04:00,13.1996260467529,13.348303091758462,13.11622060241898,13.330170631408691,3023800,0.0,0.0
2008-08-18 00:00:00-04:00,13.38818839036911,13.457088406792096,13.060011392774564,13.150668144226074,2218000,0.0,0.0
2008-08-19 00:00:00-04:00,13.061824298971901,13.147041862646354,12.827929725262932,12.97842025756836,2985400,0.0,0.0
2008-08-20 00:00:00-04:00,12.967545652342109,12.996556486938482,12.7789807607166,12.972986221313477,3033400,0.0,0.0
2008-08-21 00:00:00-04:00,12.833371115347731,12.972983304657134,12.71733056967656,12.889577865600586,1929400,0.0,0.0
2008-08-22 00:00:00-04:00,13.000179207781878,13.114407614015317,12.898644076296526,13.043695449829102,1275800,0.0,0.0
2008-08-25 00:00:00-04:00,13.072709961488274,13.094468090945266,12.80799227800316,12.866012573242188,1989600,0.0,0.0
2008-08-26 00:00:00-04:00,12.85150320782907,12.927655945891022,12.659311298229333,12.826119422912598,2110600,0.0,0.0
2008-08-27 00:00:00-04:00,12.898643841094316,13.063639810061789,12.81886544877489,12.942158699035645,1983000,0.0,0.0
2008-08-28 00:00:00-04:00,13.045504271426688,13.379121792382636,13.016494834085165,13.371869087219238,2611200,0.0,0.0
2008-08-29 00:00:00-04:00,13.324731879230267,13.458904896949592,13.257646753683158,13.268525123596191,2006400,0.0,0.0
2008-09-02 00:00:00-04:00,13.464345908081924,13.729063550599092,13.001995757693487,13.061829566955566,3321800,0.0,0.0
2008-09-03 00:00:00-04:00,13.060013301566725,13.225009277313413,12.782603822910156,12.969356536865234,1975400,0.0,0.0
2008-09-04 00:00:00-04:00,12.864194261076529,12.864194261076529,12.448987499181053,12.559587478637695,4290600,0.0,0.0
2008-09-05 00:00:00-04:00,12.479809811487808,12.69557195787007,12.242288161578742,12.632112503051758,3458000,0.0,0.0
2008-09-08 00:00:00-04:00,12.88051365650765,13.301161001203074,12.626674431552443,12.831558227539062,4241800,0.0,0.0
2008-09-09 00:00:00-04:00,12.885951392473505,12.911335173783934,12.169763565063477,12.169763565063477,3063200,0.0,0.0
2008-09-10 00:00:00-04:00,12.265862125775055,12.889579806865957,12.189710765580474,12.681070327758789,5336000,0.0,0.0
2008-09-11 00:00:00-04:00,12.389154420174599,12.904084205627441,12.021088158276084,12.904084205627441,5950000,0.0,0.0
2008-09-12 00:00:00-04:00,12.80073586917863,13.00018048997257,12.53057907722423,12.954852104187012,2767400,0.0,0.0
2008-09-15 00:00:00-04:00,12.430854156050902,12.927654183547862,12.430854156050902,12.461678504943848,3499000,0.0,0.0
2008-09-16 00:00:00-04:00,12.166139094749933,12.488876996834431,11.941310677002186,12.396408081054688,6065400,0.0,0.0
2008-09-17 00:00:00-04:00,12.135316644375248,12.135316644375248,11.745492213126697,11.839776039123535,5422600,0.0,0.0
2008-09-18 00:00:00-04:00,11.77994183609752,12.434483877335266,11.333909967167545,12.311190605163574,6069800,0.0,0.0
2008-09-19 00:00:00-04:00,12.708262349723244,12.942156927016041,12.322065098832645,12.570465087890625,5002400,0.0,0.0
2008-09-22 00:00:00-04:00,12.421788843031639,12.570465864529938,11.99026180788582,12.028337478637695,2823200,0.0,0.0
2008-09-23 00:00:00-04:00,12.042842336595653,12.042842336595653,11.352038344336412,11.408245086669922,4623600,0.0,0.0
2008-09-24 00:00:00-04:00,11.478957252295514,11.517032919036847,10.808097203804648,10.873370170593262,8803200,0.0,0.0
2008-09-25 00:00:00-04:00,10.964032712270875,11.072820586667742,10.757335335922964,10.786345481872559,6638600,0.0,0.0
2008-09-26 00:00:00-04:00,10.663048511682875,10.663048511682875,10.191632937991907,10.527063369750977,5131400,0.0,0.0
2008-09-29 00:00:00-04:00,10.423717061853175,10.423717061853175,9.486325579624449,9.74923038482666,6706000,0.0,0.0
2008-09-30 00:00:00-04:00,10.004882758824337,10.207953761751904,9.776427275331496,10.186196327209473,5313200,0.0,0.0
2008-10-01 00:00:00-04:00,10.084656009377715,10.164434386761407,9.858014149366896,9.896090507507324,6262800,0.0,0.0
2008-10-02 00:00:00-04:00,9.819939705035067,9.836257948652996,9.270559989325063,9.277812004089355,4406200,0.0,0.0
2008-10-03 00:00:00-04:00,9.421047696434655,9.732907084881264,8.895239050591973,8.920622825622559,5100800,0.0,0.0
2008-10-06 00:00:00-04:00,8.701235391996429,9.06023604818465,8.12647122262683,8.706674575805664,8798200,0.0,0.0
2008-10-07 00:00:00-04:00,8.88798809373427,9.125509034163843,8.672225271886429,8.699421882629395,7507600,0.0,0.0
2008-10-08 00:00:00-04:00,8.50541692792419,9.185342606531398,8.416573001590802,8.804584503173828,8159600,0.0,0.0
2008-10-09 00:00:00-04:00,9.013093835030478,9.132760716249336,8.460087803513877,8.539865493774414,6560000,0.0,0.0
2008-10-10 00:00:00-04:00,8.139166240295708,9.11463346376945,7.923403335858211,8.703051567077637,9313800,0.0,0.0
2008-10-13 00:00:00-04:00,9.033042654886124,9.276002883911133,8.768324989552491,9.276002883911133,4739200,0.0,0.0
2008-10-14 00:00:00-04:00,9.673074852294784,9.863454578729417,8.664972244964023,8.924250602722168,4420800,0.0,0.0
2008-10-15 00:00:00-04:00,8.797333853811608,8.851727782488666,7.854503220669403,7.874447822570801,4768400,0.0,0.0
2008-10-16 00:00:00-04:00,7.90526968095273,8.262457558624513,7.479183159441008,8.189931869506836,6089000,0.0,0.0
2008-10-17 00:00:00-04:00,7.830929086482157,8.44195602255189,7.823677072816393,8.05394458770752,3914800,0.0,0.0
2008-10-20 00:00:00-04:00,8.228011460939625,8.71937115687061,7.899833591983628,8.19900131225586,7324200,0.0,0.0
2008-10-21 00:00:00-04:00,8.034004191152594,8.057574456249172,7.578906762642181,7.624235153198242,5467800,0.0,0.0
2008-10-22 00:00:00-04:00,7.568030491006469,7.568030491006469,6.833709806966232,7.071230888366699,5732400,0.0,0.0
2008-10-23 00:00:00-04:00,7.248914378481288,7.6623089788665295,7.161883972697879,7.470117092132568,8047600,0.0,0.0
2008-10-24 00:00:00-04:00,7.069414465508317,7.829117867072297,6.9823833670492235,7.5698394775390625,7243000,0.0,0.0
2008-10-27 00:00:00-04:00,7.586160670775191,7.7420904696112025,7.312377452850342,7.312377452850342,3906800,0.0,0.0
2008-10-28 00:00:00-04:00,7.506380428568841,8.041254789449747,7.209025657985184,8.037629127502441,4455000,0.0,0.0
2008-10-29 00:00:00-04:00,7.977795685734043,8.521736300670455,7.839997700945572,8.073891639709473,4481000,0.0,0.0
2008-10-30 00:00:00-04:00,8.53387789443208,8.743469102596938,8.268643904334352,8.61548900604248,3218800,0.5,0.0
2008-10-31 00:00:00-04:00,8.615488336649834,8.715647034455886,8.263078418093125,8.33912467956543,6867600,0.0,0.0
2008-11-03 00:00:00-05:00,8.392911490215141,8.59879296815471,8.253802459990581,8.391057014465332,3113800,0.0,0.0
2008-11-04 00:00:00-05:00,8.593234392954272,9.18862125770403,8.348401690417292,9.181201934814453,8060200,0.0,0.0
2008-11-05 00:00:00-05:00,9.149666089820117,9.455705569769528,9.008701858805612,9.023540496826172,5828600,0.0,0.0
2008-11-06 00:00:00-05:00,8.915964146805399,8.915964146805399,8.020102082807492,8.366947174072266,6640200,0.0,0.0
2008-11-07 00:00:00-05:00,8.44485213316314,8.54315640850849,7.96631705000606,8.207439422607422,4801800,0.0,0.0
2008-11-10 00:00:00-05:00,8.346548730676824,8.600654571697966,8.020106247197129,8.161069869995117,3204200,0.0,0.0
2008-11-11 00:00:00-05:00,7.975589466917451,8.22598559739547,7.730757474769211,8.01824951171875,2529400,0.0,0.0
2008-11-12 00:00:00-05:00,7.880993790013255,7.975587657891525,7.369071953420837,7.402458190917969,3234400,0.0,0.0
2008-11-13 00:00:00-05:00,7.4618113916080935,7.906960755999175,7.083434502630214,7.897686958312988,5986600,0.0,0.0
2008-11-14 00:00:00-05:00,7.877280004830103,8.051629714599663,7.459952962177989,7.632448196411133,3268400,0.0,0.0
2008-11-17 00:00:00-05:00,7.845748271049053,8.142514592977799,7.665834426879883,7.665834426879883,6217200,0.0,0.0
2008-11-18 00:00:00-05:00,7.7530128590485585,7.936637162487003,7.484068486658892,7.79567289352417,5613800,0.0,0.0
2008-11-19 00:00:00-05:00,7.880996757592028,7.880996757592028,7.385767853270395,7.396896839141846,5327400,0.0,0.0
2008-11-20 00:00:00-05:00,7.235530194012198,7.825353039822642,7.140936284421791,7.192870140075684,7649400,0.0,0.0
2008-11-21 00:00:00-05:00,7.419152119554956,7.775271081671762,7.00182481282999,7.745594501495361,7929400,0.0,0.0
2008-11-24 00:00:00-05:00,7.810510118114089,8.333560125956854,7.732608676762365,8.13695240020752,7152800,0.0,0.0
2008-11-25 00:00:00-05:00,8.33356257122235,8.481945470258436,8.094294748532333,8.376222610473633,4203400,0.0,0.0
2008-11-26 00:00:00-05:00,8.200021420001336,8.50049772621097,8.098008173715954,8.446708679199219,4790400,0.0,0.0
2008-11-28 00:00:00-05:00,8.522751383035002,8.596942481828927,8.281629073750118,8.595088005065918,1852400,0.0,0.0
2008-12-01 00:00:00-05:00,8.387350063756257,8.387350063756257,7.75672197341919,7.7567219734191895,2678800,0.0,0.0
2008-12-02 00:00:00-05:00,7.970024511923964,8.066473575848853,7.751159464468542,8.021958351135254,3103200,0.0,0.0
2008-12-03 00:00:00-05:00,7.914378962336005,8.157356411464448,7.699223612379768,8.060907363891602,3218400,0.0,0.0
2008-12-04 00:00:00-05:00,8.042360284099825,8.151792796276794,7.582372979157177,7.712208271026611,5243800,0.0,0.0
2008-12-05 00:00:00-05:00,7.626890498252215,7.92365709773547,7.44883096308968,7.918092250823975,4402800,0.0,0.0
2008-12-08 00:00:00-05:00,8.248242593414794,8.661860239078496,8.11284315216981,8.537589073181152,4636600,0.0,0.0
2008-12-09 00:00:00-05:00,8.337269252379262,8.81023988356697,8.313156818795784,8.389203071594238,5334400,0.0,0.0
2008-12-10 00:00:00-05:00,8.450414577522803,8.902982605239432,8.441140071272622,8.758309364318848,4234600,0.0,0.0
2008-12-11 00:00:00-05:00,8.708229543988805,8.839919318283554,8.2630801541346,8.344691276550293,2979400,0.0,0.0
2008-12-12 00:00:00-05:00,8.012684755712053,8.344691996342958,7.9755888521001586,8.253807067871094,4678400,0.0,0.0
2008-12-15 00:00:00-05:00,8.34654678677128,8.467108301153969,8.033087839940041,8.14437484741211,3876400,0.0,0.0
2008-12-16 00:00:00-05:00,7.714062065283601,7.975587102433681,7.532292955761485,7.968167781829834,10100200,0.0,0.0
2008-12-17 00:00:00-05:00,7.799380739750297,8.342833495095649,7.706641371364335,8.251949310302734,6207800,0.0,0.0
2008-12-18 00:00:00-05:00,8.303883398011937,8.344688947832346,8.033084603401633,8.159210205078125,7048200,0.0,0.0
2008-12-19 00:00:00-05:00,8.20001825219689,8.493075119906784,8.20001825219689,8.452269554138184,5013400,0.0,0.0
2008-12-22 00:00:00-05:00,8.229693798027244,8.374367736832003,8.188888944942438,8.365093231201172,4740600,0.0,0.0
2008-12-23 00:00:00-05:00,8.430011875721833,8.493074698074969,8.259371006247555,8.450414657592773,4357400,0.0,0.0
2008-12-24 00:00:00-05:00,8.446703502737682,8.67113264853596,8.385495167949768,8.626617431640625,1438800,0.0,0.0
2008-12-26 00:00:00-05:00,8.672987507691381,8.737905505714215,8.574683979955438,8.721212387084961,1431000,0.0,0.0
2008-12-29 00:00:00-05:00,8.721214162631789,8.730487962081554,8.606217492854487,8.717504501342773,2984400,0.0,0.0
2008-12-30 00:00:00-05:00,8.758309051297418,9.119992140672348,8.719357966057034,8.917820930480957,3835800,0.0,0.0
2008-12-31 00:00:00-05:00,8.956767686339278,9.290629245591296,8.956767686339278,9.220147132873535,3836000,0.0,0.0
2009-01-02 00:00:00-05:00,9.218294548538589,9.65973419712875,9.101442731181864,9.611509323120117,2734200,0.0,0.0
2009-01-05 00:00:00-05:00,9.537317006024821,9.756181988102247,9.537317006024821,9.630056381225586,4755600,0.0,0.0
2009-01-06 00:00:00-05:00,9.685704224364512,9.893440305028166,9.592964814196474,9.702397346496582,3453400,0.0,0.0
2009-01-07 00:00:00-05:00,9.639332121403402,9.663443852616272,9.209021421871297,9.288777351379395,4482400,0.0,0.0
2009-01-08 00:00:00-05:00,9.240552860890238,9.457563403712841,9.142249332863344,9.44087028503418,2587000,0.0,0.0
2009-01-09 00:00:00-05:00,9.47425878510493,9.494660861655513,9.246119206162083,9.305472373962402,2592000,0.0,0.0
2009-01-12 00:00:00-05:00,9.303614337516157,9.303614337516157,9.103297649716358,9.171924591064453,5282400,0.0,0.0
2009-01-13 00:00:00-05:00,9.112572269197678,9.231278570105916,9.019832883169945,9.118136405944824,4494600,0.0,0.0
2009-01-14 00:00:00-05:00,8.958625141346628,8.98273758142148,8.732341505602063,8.799113273620605,5081000,0.0,0.0
2009-01-15 00:00:00-05:00,8.728633638659094,9.105155421794105,8.706375670533706,9.032818794250488,4201800,0.0,0.0
2009-01-16 00:00:00-05:00,9.14039545729017,9.170072038351028,8.771293024567349,9.006851196289062,5369800,0.0,0.0
2009-01-20 00:00:00-05:00,8.856613615725902,8.869597076464684,8.626619568625756,8.717504501342773,5083800,0.0,0.0
2009-01-21 00:00:00-05:00,8.851050561263389,8.851050561263389,8.556139174361194,8.75460147857666,5397600,0.0,0.0
2009-01-22 00:00:00-05:00,8.615491648672172,8.737907646091072,8.372514130782813,8.507913589477539,5307000,0.0,0.0
2009-01-23 00:00:00-05:00,8.27791864905284,8.61363480828295,8.18517925345638,8.407753944396973,4052000,0.0,0.0
2009-01-26 00:00:00-05:00,8.266791212020832,8.511623205553699,8.068328924953216,8.263081550598145,5603800,0.0,0.0
2009-01-27 00:00:00-05:00,8.302032541783671,8.487511381218518,8.207438644991973,8.42259407043457,3350800,0.0,0.0
2009-01-28 00:00:00-05:00,8.552427409396268,8.847338723773568,8.524605306937001,8.680407524108887,2975000,0.0,0.0
2009-01-29 00:00:00-05:00,8.58210223684993,8.61919813004235,8.30944823556276,8.392913818359375,3207800,0.0,0.0
2009-01-30 00:00:00-05:00,8.402190419342373,8.43001252540977,8.101714928524014,8.164777755737305,4286600,0.0,0.0
2009-02-02 00:00:00-05:00,7.992277081034751,8.114692992737677,7.838329422922318,7.960745334625244,4916600,0.0,0.0
2009-02-03 00:00:00-05:00,7.973733163539533,7.990426282250741,7.795672994771513,7.949620723724365,4502600,0.0,0.0
2009-02-04 00:00:00-05:00,8.038651471959668,8.118407415060142,7.9422024080347775,8.021958351135254,3650600,0.0,0.0
2009-02-05 00:00:00-05:00,8.132079640986335,8.333340070526766,7.961197460912512,8.276379585266113,3746600,0.5,0.0
2009-02-06 00:00:00-05:00,8.299166140725916,8.57067861756233,8.257395491876373,8.519413948059082,2738200,0.0,0.0
2009-02-09 00:00:00-05:00,8.464351837235522,8.625740034870418,8.405492245809182,8.545994758605957,2938200,0.0,0.0
2009-02-10 00:00:00-05:00,8.471946442423844,8.587766537100077,8.103601196854829,8.168156623840332,3635800,0.0,0.0
2009-02-11 00:00:00-05:00,8.437768219791296,8.540297533573867,8.30106319237311,8.40549087524414,4457000,0.0,0.0
2009-02-12 00:00:00-05:00,8.323849391067121,8.35422837436586,8.07132350390904,8.340937614440918,4076600,0.0,0.0
2009-02-13 00:00:00-05:00,8.331441603607354,8.553587710800102,8.302960999165887,8.316251754760742,3254800,0.0,0.0
2009-02-17 00:00:00-05:00,8.071321150625128,8.14916731789948,7.904237153343326,7.982083320617676,3725200,0.0,0.0
2009-02-18 00:00:00-05:00,8.052335743444921,8.171953289718088,7.927022364970362,7.961198806762695,3902600,0.0,0.0
2009-02-19 00:00:00-05:00,8.014360825987827,8.075118776098059,7.693482856699928,7.731456756591797,4881000,0.0,0.0
2009-02-20 00:00:00-05:00,7.683992337679642,7.75993944059786,7.486528566366391,7.647916793823242,4792400,0.0,0.0
2009-02-23 00:00:00-05:00,7.6934855934725475,7.716269651795791,7.215016022931505,7.222610950469971,5362000,0.0,0.0
2009-02-24 00:00:00-05:00,7.232102366820398,7.608042490694033,7.0972956973878665,7.543487071990967,4812600,0.0,0.0
2009-02-25 00:00:00-05:00,7.5150069452714545,7.5567775859382404,7.258683647968262,7.302353382110596,3778400,0.0,0.0
2009-02-26 00:00:00-05:00,7.382099554681872,7.4124785353887095,6.8656561583736,6.886541843414307,8350400,0.0,0.0
2009-02-27 00:00:00-05:00,6.770721576913442,7.087802858812484,6.596042623468328,6.863757610321045,8754200,0.0,0.0
2009-03-02 00:00:00-05:00,6.759330342176387,6.778317660549122,6.3245312536767395,6.347315311431885,6606600,0.0,0.0
2009-03-03 00:00:00-05:00,6.4194651587632805,6.7365457451371045,6.252380391919619,6.52958869934082,8778400,0.0,0.0
2009-03-04 00:00:00-05:00,6.6397109306333935,6.67388736620885,6.39857751264739,6.440348148345947,7172200,0.0,0.0
2009-03-05 00:00:00-05:00,6.142255959571906,6.208710480306371,5.861250558588243,6.020740032196045,7248400,0.0,0.0
2009-03-06 00:00:00-05:00,6.073904242865475,6.187825621071303,5.699862752604855,5.906819820404053,5518400,0.0,0.0
2009-03-09 00:00:00-04:00,5.8023905228370785,6.015043741708364,5.701760288941471,5.747328758239746,4520000,0.0,0.0
2009-03-10 00:00:00-04:00,5.863148731981083,6.1745338286864095,5.792897474621247,6.094788551330566,6901200,0.0,0.0
2009-03-11 00:00:00-04:00,6.180228222227557,6.235290338498616,6.051117764844321,6.0890913009643555,7776000,0.0,0.0
2009-03-12 00:00:00-04:00,6.1308649959853705,6.343517893239746,5.937198692947725,6.303645610809326,5151200,0.0,0.0
2009-03-13 00:00:00-04:00,6.347313789973648,6.484019552320268,6.252379393742264,6.381490230560303,3365600,0.0,0.0
2009-03-16 00:00:00-04:00,6.489718776216709,6.501111170463894,6.231496967619234,6.280863285064697,4553000,0.0,0.0
2009-03-17 00:00:00-04:00,6.286555800349251,6.451741446097258,6.1441542067718755,6.425159931182861,4570600,0.0,0.0
2009-03-18 00:00:00-04:00,6.427057871466333,6.721355057985056,6.307441062334786,6.654900550842285,4504800,0.0,0.0
2009-03-19 00:00:00-04:00,6.776416560169126,6.858060194268074,6.645407361501755,6.706165313720703,4349600,0.0,0.0
2009-03-20 00:00:00-04:00,6.74034162252988,6.789707186147292,6.417564554902461,6.478322505950928,3885800,0.0,0.0
2009-03-23 00:00:00-04:00,6.6586990673204065,7.059322369814104,6.622624254390026,7.053626537322998,5309000,0.0,0.0
2009-03-24 00:00:00-04:00,6.985273131047443,7.273873785914923,6.888439640144106,7.102991580963135,4791800,0.0,0.0
2009-03-25 00:00:00-04:00,7.171345465621822,7.2966588586767855,6.934009439056202,7.144763946533203,5014600,0.0,0.0
2009-03-26 00:00:00-04:00,7.194129162985371,7.490324770129039,7.167547645220947,7.4789323806762695,4039400,0.0,0.0
2009-03-27 00:00:00-04:00,7.395390455424768,7.526399676432924,7.283367826113313,7.385897159576416,3638400,0.0,0.0
2009-03-30 00:00:00-04:00,7.038436049931775,7.074510859607394,6.740342104924931,6.875148773193359,4500400,0.0,0.0
2009-03-31 00:00:00-04:00,6.949197475114895,7.102991456884964,6.852364710195047,6.998563766479492,7708200,0.0,0.0
2009-04-01 00:00:00-04:00,6.863756484785117,7.158052940268535,6.842870803712867,7.120079040527344,3980800,0.0,0.0
2009-04-02 00:00:00-04:00,7.279567974670656,7.991575794085659,7.279567974670656,7.86056661605835,6973600,0.0,0.0
2009-04-03 00:00:00-04:00,7.7998143900146335,8.097908490944086,7.7998143900146335,7.976391792297363,4829200,0.0,0.0
2009-04-06 00:00:00-04:00,7.885250852570871,7.9270222193926,7.6782938363144515,7.868162631988525,3668800,0.0,0.0
2009-04-07 00:00:00-04:00,7.796012644069229,7.796012644069229,7.50741200131755,7.522601127624512,3618000,0.0,0.0
2009-04-08 00:00:00-04:00,7.585257713086435,7.701077781829687,7.448551963187265,7.608041763305664,4371400,0.0,0.0
2009-04-09 00:00:00-04:00,7.790317625273652,8.420682063684087,7.76563519961757,8.321950912475586,6142200,0.0,0.0
2009-04-13 00:00:00-04:00,7.995374782742044,8.14347220568596,7.708672507108832,8.046639442443848,5098000,0.0,0.0
2009-04-14 00:00:00-04:00,7.934618160742247,8.082715608552213,7.796014009072804,7.963098049163818,3959800,0.0,0.0
2009-04-15 00:00:00-04:00,7.909933683239035,8.097904102145653,7.866263948891263,8.046639442443848,3769000,0.0,0.0
2009-04-16 00:00:00-04:00,8.078916034540537,8.304860334831988,7.953602675065602,8.251696586608887,5163000,0.0,0.0
2009-04-17 00:00:00-04:00,8.291572902540223,8.559288694787323,8.202335029416757,8.496631622314453,4144800,0.0,0.0
2009-04-20 00:00:00-04:00,7.822596753345147,7.947910165189024,7.566273371647094,7.674498558044434,7869800,0.0,0.0
2009-04-21 00:00:00-04:00,7.670699039572362,7.925123234999646,7.552979873901228,7.887149333953857,4346200,0.0,0.0
2009-04-22 00:00:00-04:00,7.833985638011169,8.34473312587991,7.486526143078251,8.111194610595703,4981200,0.0,0.0
2009-04-23 00:00:00-04:00,8.149171687236066,8.149171687236066,7.889051533844799,8.114995956420898,3644000,0.0,0.0
2009-04-24 00:00:00-04:00,8.168157596805527,8.449163393540816,8.06942571293224,8.354228973388672,2966400,0.0,0.0
2009-04-27 00:00:00-04:00,8.276381296096282,8.282077128512187,8.040943657581355,8.17385196685791,3353000,0.0,0.0
2009-04-28 00:00:00-04:00,8.012464742899992,8.18144788512361,7.953605145060216,7.991579055786133,2473800,0.0,0.0
2009-04-29 00:00:00-04:00,8.052337740691062,8.5061241673531,8.052337740691062,8.428277969360352,4660400,0.0,0.0
2009-04-30 00:00:00-04:00,8.680795062366359,8.96827711905345,8.500147438619416,8.507917404174805,4368200,0.5,0.0
2009-05-01 00:00:00-04:00,8.401081572082083,8.517628072063957,8.232088924812992,8.472951889038086,4596000,0.0,0.0
2009-05-04 00:00:00-04:00,8.515686651800417,8.890578936917938,8.457413397017229,8.886693954467773,4077800,0.0,0.0
2009-05-05 00:00:00-04:00,8.875038720653201,8.983816002792828,8.768204300168263,8.882808685302734,3419600,0.0,0.0
2009-05-06 00:00:00-04:00,9.028492032723012,9.075111078833556,8.791513301881558,8.888635635375977,6163800,0.0,0.0
2009-05-07 00:00:00-04:00,8.977989959232731,8.983817062915193,8.688565040253655,8.87115478515625,4986600,0.0,0.0
2009-05-08 00:00:00-04:00,9.053742151707224,9.308202137966905,8.904173700516504,9.26352596282959,4851200,0.0,0.0
2009-05-11 00:00:00-04:00,9.160579546584662,9.160579546584662,8.90029163246393,8.968276977539062,4206200,0.0,0.0
2009-05-12 00:00:00-04:00,8.995470537545025,9.032376756462142,8.791513050256603,8.960506439208984,4859000,0.0,0.0
2009-05-13 00:00:00-04:00,8.787626745172117,8.787626745172117,8.6341733208478,8.698273658752441,6917400,0.0,0.0
2009-05-14 00:00:00-04:00,8.713817156422527,8.878924851160725,8.678853051962838,8.71575927734375,6415200,0.0,0.0
2009-05-15 00:00:00-04:00,8.704106163328332,8.923602163252177,8.688566230067456,8.801228523254395,5127000,0.0,0.0
2009-05-18 00:00:00-04:00,8.869210752565523,9.055685440058115,8.842016619929254,9.032376289367676,4162800,0.0,0.0
2009-05-19 00:00:00-04:00,9.009068429573226,9.263528485117691,8.838132904386317,9.003240585327148,7982200,0.0,0.0
2009-05-20 00:00:00-04:00,9.185828062210014,9.314029479043182,8.979928502636085,8.999353408813477,5428000,0.0,0.0
2009-05-21 00:00:00-04:00,8.812881665503856,8.880867753813943,8.53316956952768,8.645831108093262,7623200,0.0,0.0
2009-05-22 00:00:00-04:00,8.673022385650244,8.709928595871418,8.538993126614246,8.575900077819824,3693200,0.0,0.0
2009-05-26 00:00:00-04:00,8.533169801647302,8.929429170797816,8.498205696076097,8.90223503112793,3524200,0.0,0.0
2009-05-27 00:00:00-04:00,8.735182441790002,8.826476926495044,8.517627892954547,8.548707008361816,4179000,0.0,0.0
2009-05-28 00:00:00-04:00,8.37582927485064,8.531224849887984,8.208778753816288,8.469066619873047,5278600,0.0,0.0
2009-05-29 00:00:00-04:00,8.519574219446586,8.606984498637631,8.379717772740914,8.44964599609375,5116000,0.0,0.0
2009-06-01 00:00:00-04:00,8.671081161268555,9.20136897319999,8.640002046535802,9.160577774047852,6939600,0.0,0.0
2009-06-02 00:00:00-04:00,9.211081491681323,9.436406010342642,9.172233152173103,9.372304916381836,5530000,0.0,0.0
2009-06-03 00:00:00-04:00,9.27324469785925,9.343172185483391,9.0906541584945,9.166409492492676,4016000,0.0,0.0
2009-06-04 00:00:00-04:00,9.214969771380476,9.32374708748906,9.09648110790424,9.300437927246094,3882600,0.0,0.0
2009-06-05 00:00:00-04:00,9.348996255649281,9.517988912539076,9.228564025695983,9.33734130859375,4217000,0.0,0.0
2009-06-08 00:00:00-04:00,9.292667271647742,9.514106130010944,9.092595450667796,9.448062896728516,4810400,0.0,0.0
2009-06-09 00:00:00-04:00,9.502449989318848,9.54324193784024,9.261586985877198,9.502449989318848,3505800,0.0,0.0
2009-06-10 00:00:00-04:00,9.62676586388782,9.663672083482345,9.304319749636136,9.510218620300293,3240600,0.0,0.0
2009-06-11 00:00:00-04:00,9.44806074312567,9.611226297514518,9.413096642829158,9.465542793273926,3825800,0.0,0.0
2009-06-12 00:00:00-04:00,9.420869155264073,9.560725594271796,9.331516759669059,9.552955627441406,2049600,0.0,0.0
2009-06-15 00:00:00-04:00,9.380073711049915,9.380073711049915,9.055684781516263,9.143095016479492,3297400,0.0,0.0
2009-06-16 00:00:00-04:00,9.193599524177234,9.312088136755257,8.977987846840074,9.001296997070312,4411400,0.0,0.0
2009-06-17 00:00:00-04:00,8.987700871983126,9.022664971481294,8.812880374492277,8.910002708435059,4781600,0.0,0.0
2009-06-18 00:00:00-04:00,8.91582846126147,8.991583745411987,8.76237503178587,8.878921508789062,3530400,0.0,0.0
2009-06-19 00:00:00-04:00,8.976045861006138,9.032376992126672,8.818708155373429,8.851729393005371,4236200,0.0,0.0
2009-06-22 00:00:00-04:00,8.704106957266092,8.706049078608448,8.401084899902344,8.401084899902344,4104800,0.0,0.0
2009-06-23 00:00:00-04:00,8.408850125507819,8.482662550652634,8.245684608318335,8.31561279296875,4727600,0.0,0.0
2009-06-24 00:00:00-04:00,8.370002367059032,8.622520274992208,8.319499081866224,8.377772331237793,3296000,0.0,0.0
2009-06-25 00:00:00-04:00,8.370002362400525,8.62446313172905,8.263167948448016,8.59144115447998,5707400,0.0,0.0
2009-06-26 00:00:00-04:00,8.579788606207861,8.859501466788762,8.519573219487631,8.775976181030273,7440200,0.0,0.0
2009-06-29 00:00:00-04:00,8.762375270838106,8.904173760088113,8.66719507726743,8.86143970489502,3350400,0.0,0.0
2009-06-30 00:00:00-04:00,8.834247243359165,8.915830387676351,8.616693426820984,8.665254592895508,3448600,0.0,0.0
2009-07-01 00:00:00-04:00,8.696333310273376,8.952736196095993,8.684678364196145,8.795397758483887,3636200,0.0,0.0
2009-07-02 00:00:00-04:00,8.700219543551306,8.700219543551306,8.350579261779785,8.350579261779785,3658800,0.0,0.0
2009-07-06 00:00:00-04:00,8.305901523039982,8.362232653547734,8.121369684662556,8.253456115722656,4136800,0.0,0.0
2009-07-07 00:00:00-04:00,8.218490417971388,8.259281611719985,7.946547644345188,7.956259727478027,4804400,0.0,0.0
2009-07-08 00:00:00-04:00,7.971802806626355,8.035903173446375,7.851370556990399,7.960147857666016,4067200,0.0,0.0
2009-07-09 00:00:00-04:00,7.998996775667341,8.02813377695337,7.8882773563559905,7.929068565368652,3211000,0.0,0.0
2009-07-10 00:00:00-04:00,7.894102167325816,7.9970515909272635,7.8241739773382255,7.952375411987305,3049800,0.0,0.0
2009-07-13 00:00:00-04:00,8.000939351877179,8.185471974890838,7.882450701001024,8.1835298538208,3427000,0.0,0.0
2009-07-14 00:00:00-04:00,8.230146814408446,8.30201787890859,8.105830338819048,8.29813289642334,3115200,0.0,0.0
2009-07-15 00:00:00-04:00,8.383599600904732,8.682736558885562,8.379714618737951,8.622520446777344,3902400,0.0,0.0
2009-07-16 00:00:00-04:00,8.577843197211791,8.838131042158702,8.538994121357053,8.826476097106934,4172000,0.0,0.0
2009-07-17 00:00:00-04:00,8.795397844571738,8.834246924224864,8.65942717726264,8.731297492980957,5059400,0.0,0.0
2009-07-20 00:00:00-04:00,9.2324493375976,9.807414149455157,9.078996604637725,9.50633430480957,15665000,0.0,0.0
2009-07-21 00:00:00-04:00,9.644248940634622,9.712234284230366,9.380076049546009,9.516047477722168,7183000,0.0,0.0
2009-07-22 00:00:00-04:00,9.457774587133777,9.70252333471821,9.393674218661026,9.599573135375977,4926000,0.0,0.0
2009-07-23 00:00:00-04:00,9.615114408139005,9.88317235062955,9.574323191516601,9.83266830444336,5881000,0.0,0.0
2009-07-24 00:00:00-04:00,9.712233994718881,9.951154862070807,9.663672824745285,9.945327758789062,3780000,0.0,0.0
2009-07-27 00:00:00-04:00,9.949214337019857,10.291084702431938,9.910365246613202,10.176480293273926,7388400,0.0,0.0
2009-07-28 00:00:00-04:00,10.026904580525796,10.096832744873288,9.850142049973742,9.99194049835205,4263000,0.0,0.0
2009-07-29 00:00:00-04:00,9.906475398165133,9.964748634663342,9.747194872610644,9.877338409423828,4187400,0.0,0.0
2009-07-30 00:00:00-04:00,10.12699804198125,10.382600401396083,10.113128216820641,10.233994483947754,4644600,0.5,0.0
2009-07-31 00:00:00-04:00,10.257770117936667,10.40241310469052,10.257770117936667,10.287490844726562,2893600,0.0,0.0
2009-08-03 00:00:00-04:00,10.487613819856566,10.675848111805054,10.41628286662567,10.63027572631836,4712000,0.0,0.0
2009-08-04 00:00:00-04:00,10.630279378016896,10.77492241360103,10.533189823689732,10.68377685546875,2991600,0.0,0.0
2009-08-05 00:00:00-04:00,10.739254235358864,10.753124060239546,10.463838061515649,10.556963920593262,2746800,0.0,0.0
2009-08-06 00:00:00-04:00,10.578756826673231,10.665939424238154,10.489593150003909,10.529221534729004,1957200,0.0,0.0
2009-08-07 00:00:00-04:00,10.634239087300752,10.883897451830705,10.616407102825965,10.850213050842285,2875200,0.0,0.0
2009-08-10 00:00:00-04:00,10.834364891052246,10.897770038078603,10.719442589661364,10.834364891052246,1926600,0.0,0.0
2009-08-11 00:00:00-04:00,10.800677871979888,10.800677871979888,10.513373699616132,10.652071952819824,2679000,0.0,0.0
2009-08-12 00:00:00-04:00,10.701608660154449,11.018635116040468,10.691701748749955,10.907675743103027,2440400,0.0,0.0
2009-08-13 00:00:00-04:00,11.00476628605306,11.046375771231528,10.812569012825437,10.961174964904785,2042600,0.0,0.0
2009-08-14 00:00:00-04:00,10.982970515352406,11.046375660469247,10.616409472905115,10.721424102783203,2063400,0.0,0.0
2009-08-17 00:00:00-04:00,10.537152036145795,10.580743354261317,10.275605639150474,10.325140953063965,2328200,0.0,0.0
2009-08-18 00:00:00-04:00,10.346937397744224,10.624334723212662,10.325141737031561,10.6025390625,2223000,0.0,0.0
2009-08-19 00:00:00-04:00,10.422229234560504,10.636222142992525,10.388545585556688,10.580742835998535,1236400,0.0,0.0
2009-08-20 00:00:00-04:00,10.626316052712236,10.693684111772695,10.553003241836873,10.669906616210938,1433200,0.0,0.0
2009-08-21 00:00:00-04:00,10.741236027004836,10.99485731845414,10.612444679454072,10.97107982635498,2711800,0.0,0.0
2009-08-24 00:00:00-04:00,10.990893438907221,11.084019295988423,10.870027176810583,10.909655570983887,1487800,0.0,0.0
2009-08-25 00:00:00-04:00,10.99485533936711,11.187051786222407,10.947301119577427,11.052315711975098,2172800,0.0,0.0
2009-08-26 00:00:00-04:00,11.042410790954822,11.048354786055203,10.873991045754277,10.97107982635498,1805200,0.0,0.0
2009-08-27 00:00:00-04:00,10.947303416372483,11.036467124779673,10.770957835216505,11.004764556884766,1413400,0.0,0.0
2009-08-28 00:00:00-04:00,11.10383828874605,11.12365211579141,10.806626347971365,10.860124588012695,2967800,0.0,0.0
2009-08-31 00:00:00-04:00,10.757086286932994,10.770956110926086,10.574795983832958,10.689718246459961,2557200,0.0,0.0
2009-09-01 00:00:00-04:00,10.63622260632079,10.953248311309183,10.48167266962006,10.521300315856934,3001000,0.0,0.0
2009-09-02 00:00:00-04:00,10.547057932475658,10.547057932475658,10.382601099155275,10.45987606048584,2533600,0.0,0.0
2009-09-03 00:00:00-04:00,10.489597133743812,10.640184901719692,10.368731610410382,10.63424015045166,2167200,0.0,0.0
2009-09-04 00:00:00-04:00,10.648109761133345,10.796715679842311,10.547057313135925,10.786808013916016,1357000,0.0,0.0
2009-09-08 00:00:00-04:00,10.909657023863412,10.963155249744617,10.822474393901958,10.903712272644043,2055800,0.0,0.0
2009-09-09 00:00:00-04:00,10.860121780657122,11.250459514661044,10.852195949548195,11.181110382080078,2787600,0.0,0.0
2009-09-10 00:00:00-04:00,11.15931613737271,11.357457405090049,11.058264423410405,11.345568656921387,3008000,0.0,0.0
2009-09-11 00:00:00-04:00,11.35944152330468,11.60117340450968,11.321794191131207,11.504084587097168,3720800,0.0,0.0
2009-09-14 00:00:00-04:00,11.414921330455396,11.565508397972643,11.3118877554808,11.462474822998047,3215000,0.0,0.0
2009-09-15 00:00:00-04:00,11.533799091337345,11.743829035820568,11.353490629247046,11.706182479858398,4140600,0.0,0.0
2009-09-16 00:00:00-04:00,11.789403208790159,11.926120385660473,11.611075799090784,11.904325485229492,3124400,0.0,0.0
2009-09-17 00:00:00-04:00,11.84092047579867,12.017266818868533,11.805255747058025,11.876585960388184,4186000,0.0,0.0
2009-09-18 00:00:00-04:00,11.959803722109699,11.973673546533817,11.67447989201643,11.84091854095459,4798800,0.0,0.0
2009-09-21 00:00:00-04:00,11.706185361094661,11.724017347900958,11.555597588484517,11.597207069396973,3398400,0.0,0.0
2009-09-22 00:00:00-04:00,11.652686474569922,11.706184699511969,11.517950372311915,11.59522533416748,1938600,0.0,0.0
2009-09-23 00:00:00-04:00,11.642779110485964,11.698259172524057,11.442656787554185,11.46643352508545,1897800,0.0,0.0
2009-09-24 00:00:00-04:00,11.4783189582133,11.555593899768812,11.224698482164717,11.282158851623535,1651800,0.0,0.0
2009-09-25 00:00:00-04:00,11.248475296725921,11.286121850217459,11.119683222607078,11.175163269042969,1792800,0.0,0.0
2009-09-28 00:00:00-04:00,11.220736672993745,11.33169526427016,11.19497810465513,11.290085792541504,1862000,0.0,0.0
2009-09-29 00:00:00-04:00,11.510025085497308,11.666556852262683,11.373307896970578,11.393121719360352,3680800,0.0,0.0
2009-09-30 00:00:00-04:00,11.371330094971688,11.440680009634121,11.084025033311079,11.212817192077637,3810200,0.0,0.0
2009-10-01 00:00:00-04:00,11.00476318916062,11.206867317815513,10.808603055044513,10.881915092468262,4800400,0.0,0.0
2009-10-02 00:00:00-04:00,10.76699473051455,10.877954094120996,10.689719769869402,10.711515426635742,2988600,0.0,0.0
2009-10-05 00:00:00-04:00,10.741234962613907,10.947302005293722,10.741234962613907,10.937395095825195,2290200,0.0,0.0
2009-10-06 00:00:00-04:00,11.046375123616157,11.121669013226484,10.856159697510094,10.977025985717773,3313800,0.0,0.0
2009-10-07 00:00:00-04:00,10.957210778511117,11.07213306427002,10.877954733433235,11.07213306427002,2950400,0.0,0.0
2009-10-08 00:00:00-04:00,11.212812992501082,11.323772360893464,11.139500944092132,11.23460865020752,3421200,0.0,0.0
2009-10-09 00:00:00-04:00,11.27621942724906,11.36538314819336,11.187055706304761,11.36538314819336,1498000,0.0,0.0
2009-10-12 00:00:00-04:00,11.387178546210908,11.480304425187168,11.379252714343036,11.420862197875977,1640000,0.0,0.0
2009-10-13 00:00:00-04:00,11.339625687606816,11.432752333738595,11.218759382418511,11.391142845153809,1632000,0.0,0.0
2009-10-14 00:00:00-04:00,11.4961539151086,11.831012311793927,11.4961539151086,11.817142486572266,2718200,0.0,0.0
2009-10-15 00:00:00-04:00,11.749776118002972,11.93404754323194,11.700240804895161,11.926121711730957,3381200,0.0,0.0
2009-10-16 00:00:00-04:00,11.819126836394686,12.027175014826872,11.73788894745073,11.971694946289062,4606600,0.0,0.0
2009-10-19 00:00:00-04:00,12.595836550147578,12.942583664644621,12.389769512128497,12.659241676330566,11795000,0.0,0.0
2009-10-20 00:00:00-04:00,12.716706239185198,12.879182013347203,12.597821784478489,12.6632080078125,4537200,0.0,0.0
2009-10-21 00:00:00-04:00,12.64339391560849,13.019861851421433,12.593858601223978,12.63943099975586,5878800,0.0,0.0
2009-10-22 00:00:00-04:00,12.63942924904344,12.698870711052804,12.383826880819608,12.647355079650879,3538800,0.0,0.0
2009-10-23 00:00:00-04:00,12.706797490113356,12.732556819434649,12.459121689858904,12.50271224975586,2284200,0.0,0.0
2009-10-26 00:00:00-04:00,12.526490888451834,12.704818327487423,12.288721221687357,12.340237617492676,2788000,0.0,0.0
2009-10-27 00:00:00-04:00,12.330327890409306,12.482896718785199,12.169833231919371,12.223331451416016,2251600,0.0,0.0
2009-10-28 00:00:00-04:00,12.152005215108721,12.28079659518803,11.894420943252088,11.928105354309082,2779400,0.0,0.0
2009-10-29 00:00:00-04:00,11.975654878899084,12.2906994440453,11.955841059545993,12.27881145477295,2705000,0.0,0.0
2009-10-30 00:00:00-04:00,12.26692623031207,12.324387381115894,11.898383340120612,11.977640151977539,4440800,0.0,0.0
2009-11-02 00:00:00-05:00,11.99349184679418,12.284759780229372,11.96971510401856,12.211447715759277,4365800,0.0,0.0
2009-11-03 00:00:00-05:00,12.086614245894639,12.712741217690219,12.086614245894639,12.510636329650879,6512600,0.0,0.0
2009-11-04 00:00:00-05:00,12.679059273923139,12.744445495206529,12.431382704510932,12.461103439331055,3247600,0.0,0.0
2009-11-05 00:00:00-05:00,12.62620777476653,13.059095135285304,12.62620777476653,12.99063777923584,3787200,0.5,0.0
2009-11-06 00:00:00-05:00,12.972511632327945,13.125532531073025,12.849692449089837,12.948349952697754,3391400,0.0,0.0
2009-11-09 00:00:00-05:00,13.071169322969787,13.17385454271358,13.03291524982844,13.0852632522583,4260600,0.0,0.0
2009-11-10 00:00:00-05:00,13.006741654119272,13.270501707496756,13.006741654119272,13.210098266601562,4749000,0.0,0.0
2009-11-11 00:00:00-05:00,13.240300482881983,13.357078117596792,13.038957720522381,13.09130573272705,3412600,0.0,0.0
2009-11-12 00:00:00-05:00,13.111441879343472,13.260435100664578,12.952380904962471,12.988622665405273,4121000,0.0,0.0
2009-11-13 00:00:00-05:00,13.02083312112177,13.08727658630639,12.928215655768827,12.992645263671875,2740000,0.0,0.0
2009-11-16 00:00:00-05:00,13.057078065672481,13.502045394122604,13.057078065672481,13.286608695983887,5980200,0.0,0.0
2009-11-17 00:00:00-05:00,13.139628477930751,13.204058097382251,12.944325761933712,13.006741523742676,4427000,0.0,0.0
2009-11-18 00:00:00-05:00,13.01076852583635,13.091304393643641,12.769156314044837,12.853720664978027,5391800,0.0,0.0
2009-11-19 00:00:00-05:00,12.809426646000405,12.809426646000405,12.571842119040724,12.724863052368164,4338200,0.0,0.0
2009-11-20 00:00:00-05:00,12.690633129658758,12.785264466767309,12.638284353253757,12.722847938537598,3589800,0.0,0.0
2009-11-23 00:00:00-05:00,12.900034126716834,13.220170002123286,12.887954049347305,12.99063777923584,4666600,0.0,0.0
2009-11-24 00:00:00-05:00,12.948351540898713,13.079224633399335,12.805398375162826,12.875868797302246,3728600,0.0,0.0
2009-11-25 00:00:00-05:00,12.922179929572247,13.210100171936821,12.837615560958977,13.169832229614258,2779400,0.0,0.0
2009-11-27 00:00:00-05:00,12.773183053216487,13.129559792508752,12.684592524783664,12.94029712677002,1853400,0.0,0.0
2009-11-30 00:00:00-05:00,12.815468974412507,12.934260483948924,12.658421074904933,12.865804672241211,2878600,0.0,0.0
2009-12-01 00:00:00-05:00,12.992647005003017,13.240299255644839,12.865801629478119,13.173855781555176,3351800,0.0,0.0
2009-12-02 00:00:00-05:00,13.189963696546496,13.208083806314328,12.980567056753161,13.01882266998291,2850800,0.0,0.0
2009-12-03 00:00:00-05:00,13.087280499955549,13.226207507591514,12.998689186550182,13.010770797729492,2228400,0.0,0.0
2009-12-04 00:00:00-05:00,13.165801120836294,13.367143852809471,13.057075861236001,13.330902099609375,3707600,0.0,0.0
2009-12-07 00:00:00-05:00,13.369158054128656,13.387278163133226,13.113451917716423,13.139627456665039,3197200,0.0,0.0
2009-12-08 00:00:00-05:00,13.018822853937662,13.047010715834745,12.819492426935524,12.898015975952148,2463200,0.0,0.0
2009-12-09 00:00:00-05:00,12.98258109776666,12.998687350191233,12.763116703141357,12.898015975952148,2540800,0.0,0.0
2009-12-10 00:00:00-05:00,12.97049754767278,13.040967191871951,12.916135689611428,12.964457511901855,2072200,0.0,0.0
2009-12-11 00:00:00-05:00,13.085265491024483,13.089293206437782,12.916138310626241,12.980567932128906,1934800,0.0,0.0
2009-12-14 00:00:00-05:00,13.032919673329548,13.234262466430664,13.012784165120554,13.234262466430664,1945600,0.0,0.0
2009-12-15 00:00:00-05:00,13.212111404461336,13.288621094120089,13.16177571849876,13.214123725891113,1962000,0.0,0.0
2009-12-16 00:00:00-05:00,13.25439564530503,13.30271748264286,13.135602605700281,13.200032234191895,2127800,0.0,0.0
2009-12-17 00:00:00-05:00,13.071170862533236,13.071170862533236,12.885935902602903,12.898015975952148,1644600,0.0,0.0
2009-12-18 00:00:00-05:00,13.036941690540932,13.036941690540932,12.698685844692783,12.738954544067383,3832400,0.0,0.0
2009-12-21 00:00:00-05:00,12.869827878152478,12.934257495039574,12.833586890707402,12.883922576904297,1969400,0.0,0.0
2009-12-22 00:00:00-05:00,12.867814788651714,12.962445356419975,12.813452155391673,12.883922576904297,1543200,0.0,0.0
2009-12-23 00:00:00-05:00,12.885942284347179,12.932251815326122,12.771176922322173,12.845673561096191,1458000,0.0,0.0
2009-12-24 00:00:00-05:00,12.926204759535917,13.000702134789156,12.849695062663159,12.984594345092773,366200,0.0,0.0
2009-12-28 00:00:00-05:00,12.966475951121659,13.010771610591762,12.851710622550744,12.89399242401123,981400,0.0,0.0
2009-12-29 00:00:00-05:00,12.900031205311016,12.936272965335883,12.851709370652337,12.891977310180664,1165400,0.0,0.0
2009-12-30 00:00:00-05:00,12.825535729235154,12.944328004692593,12.775200032313558,12.902046203613281,1348000,0.0,0.0
2009-12-31 00:00:00-05:00,12.885935812950555,12.896003564753723,12.803385317371305,12.809425354003906,1685400,0.0,0.0
2010-01-04 00:00:00-05:00,12.928217242082539,13.115466053045736,12.8617745368068,12.95036506652832,2347600,0.0,0.0
2010-01-05 00:00:00-05:00,12.976541981383514,12.976541981383514,12.730904304023689,12.873857498168945,2946600,0.0,0.0
2010-01-06 00:00:00-05:00,12.795332260762063,12.88795051420746,12.700701685722901,12.817480087280273,4188000,0.0,0.0
2010-01-07 00:00:00-05:00,12.759090029964412,13.014795418189525,12.730902167462085,13.006741523742676,2993000,0.0,0.0
2010-01-08 00:00:00-05:00,12.9282202212105,13.306744109296583,12.871844486402313,13.298691749572754,2767800,0.0,0.0
2010-01-11 00:00:00-05:00,13.312781665596926,13.953051599063093,13.312781665596926,13.906742095947266,5802400,0.0,0.0
2010-01-12 00:00:00-05:00,13.783921754229542,14.00338610710398,13.68526425635834,13.729559898376465,3668000,0.0,0.0
2010-01-13 00:00:00-05:00,13.74365614247005,13.892649342990515,13.63694473387607,13.870501518249512,3168800,0.0,0.0
2010-01-14 00:00:00-05:00,13.820168336258808,13.971175421695312,13.791980469867209,13.894665718078613,2061600,0.0,0.0
2010-01-15 00:00:00-05:00,13.898690627257226,13.916812274637255,13.628892063280066,13.640972137451172,3069600,0.0,0.0
2010-01-19 00:00:00-05:00,13.705404382524149,14.12419777665961,13.705404382524149,14.053728103637695,4371000,0.0,0.0
2010-01-20 00:00:00-05:00,13.84634231453383,13.904731905110095,13.636947174973884,13.769832611083984,2905400,0.0,0.0
2010-01-21 00:00:00-05:00,13.719497513643873,13.850370633662056,13.385269282832503,13.437617301940918,3435400,0.0,0.0
2010-01-22 00:00:00-05:00,13.415468599191206,13.514127665346825,13.224193576621447,13.264461517333984,3770800,0.0,0.0
2010-01-25 00:00:00-05:00,13.677211007020807,13.691304935951129,12.984591559878023,13.002713203430176,8600000,0.0,0.0
2010-01-26 00:00:00-05:00,13.059088322168252,13.135597999132,12.801369898581964,12.912107467651367,4987800,0.0,0.0
2010-01-27 00:00:00-05:00,12.910097293414212,12.978553089009239,12.465129245615243,12.749022483825684,6130600,0.0,0.0
2010-01-28 00:00:00-05:00,12.827549428845215,12.827549428845215,12.483253429872283,12.589964866638184,3246200,0.0,0.0
2010-01-29 00:00:00-05:00,12.644326876563056,12.720837350720142,12.30003089494884,12.330232620239258,4108200,0.0,0.0
2010-02-01 00:00:00-05:00,12.41076663833926,12.976539258380308,12.378551829967035,12.960433006286621,5801000,0.0,0.0
2010-02-02 00:00:00-05:00,12.926204686404665,13.131575163563205,12.902044538120153,13.117481231689453,3712200,0.0,0.0
2010-02-03 00:00:00-05:00,13.079227377416801,13.236274506916683,13.010771566557294,13.040971755981445,2241000,0.0,0.0
2010-02-04 00:00:00-05:00,13.022567900813172,13.022567900813172,12.640152889063586,12.662647247314453,3923600,0.5,0.0
2010-02-05 00:00:00-05:00,12.638102596910505,12.771027937907592,12.439738084172976,12.67900276184082,4306800,0.0,0.0
2010-02-08 00:00:00-05:00,12.721952154600478,12.924407614683782,12.607432587778929,12.674917221069336,4362000,0.0,0.0
2010-02-09 00:00:00-05:00,12.832381477219698,13.171852397471001,12.705591631651348,13.05937671661377,5204800,0.0,0.0
2010-02-10 00:00:00-05:00,13.073690298416524,13.135040947071909,12.865100121263566,12.991889953613281,2352800,0.0,0.0
2010-02-11 00:00:00-05:00,12.981664305846603,13.27410024746658,12.883504366193073,13.259783744812012,2612800,0.0,0.0
2010-02-12 00:00:00-05:00,13.07982690876659,13.33749748541567,12.938722113053247,13.29659652709961,3581800,0.0,0.0
2010-02-16 00:00:00-05:00,13.460193923879233,13.654468357329872,13.280234432259569,13.627883911132812,3749800,0.0,0.0
2010-02-17 00:00:00-05:00,13.672876200531407,13.787395752152031,13.523590447701485,13.709686279296875,3524400,0.0,0.0
2010-02-18 00:00:00-05:00,13.69741748140733,13.869196817720995,13.679011660966891,13.826251983642578,2185400,0.0,0.0
2010-02-19 00:00:00-05:00,13.797621277408634,13.910095390418556,13.730135873475563,13.848746299743652,3417800,0.0,0.0
2010-02-22 00:00:00-05:00,13.920323929451833,13.920323929451833,13.744453691031216,13.789443969726562,2425000,0.0,0.0
2010-02-23 00:00:00-05:00,13.764901886127722,13.848747680015558,13.521547816502578,13.572672843933105,2576600,0.0,0.0
2010-02-24 00:00:00-05:00,13.584939689868808,13.709684857177853,13.541994862465783,13.662649154663086,2153800,0.0,0.0
2010-02-25 00:00:00-05:00,13.38044091551043,13.709686184351439,13.206616151515258,13.691280364990234,4099600,0.0,0.0
2010-02-26 00:00:00-05:00,13.865104895459037,14.17185498995847,13.728088667488427,13.93054485321045,4776200,0.0,0.0
2010-03-01 00:00:00-05:00,13.934637821720596,14.315008163452148,13.92441219180473,14.315008163452148,3980800,0.0,0.0
2010-03-02 00:00:00-05:00,14.407034550781535,14.456115708796807,14.27615458316538,14.319099426269531,2890000,0.0,0.0
2010-03-03 00:00:00-05:00,14.693332660741431,14.842618428238652,14.519507878464195,14.629938125610352,4761000,0.0,0.0
2010-03-04 00:00:00-05:00,14.652433262633386,14.775133017169551,14.51132768680018,14.629938125610352,4145400,0.0,0.0
2010-03-05 00:00:00-05:00,14.854886111250332,15.000080984977663,14.750590630608057,14.957136154174805,3531800,0.0,0.0
2010-03-08 00:00:00-05:00,14.989857391131906,15.006216212756463,14.807852433784165,14.84670639038086,1560200,0.0,0.0
2010-03-09 00:00:00-05:00,14.807855452151905,14.883519503197679,14.72605508650775,14.80989933013916,2566200,0.0,0.0
2010-03-10 00:00:00-05:00,14.88352184655008,14.889656601902148,14.705607700490278,14.818081855773926,3627000,0.0,0.0
2010-03-11 00:00:00-05:00,14.79149634038499,14.834441184997559,14.580861433860909,14.834441184997559,3032400,0.0,0.0
2010-03-12 00:00:00-05:00,14.932594546129565,15.218894958496094,14.932594546129565,15.218894958496094,4880600,0.0,0.0
2010-03-15 00:00:00-04:00,15.225028158286271,15.261838229839485,14.979628721405888,15.124823570251465,2474200,0.0,0.0
2010-03-16 00:00:00-04:00,15.157550226661352,15.280249992856787,15.11051451017681,15.249574661254883,1813600,0.0,0.0
2010-03-17 00:00:00-04:00,15.27615950732812,15.486795957603242,15.212764964551344,15.317060470581055,2647400,0.0,0.0
2010-03-18 00:00:00-04:00,15.306835664327547,15.425446123832536,15.25162131122684,15.35796070098877,1321600,0.0,0.0
2010-03-19 00:00:00-04:00,15.16368579864502,15.535875993628528,15.120740956171414,15.16368579864502,4379800,0.0,0.0
2010-03-22 00:00:00-04:00,15.04302646589109,15.511331869949224,15.018487453064296,15.472477912902832,3088200,0.0,0.0
2010-03-23 00:00:00-04:00,15.527691760943425,15.625852489782181,15.386586200803919,15.607446670532227,2794000,0.0,0.0
2010-03-24 00:00:00-04:00,15.599265339053652,15.599265339053652,15.28433503899947,15.300695419311523,2633200,0.0,0.0
2010-03-25 00:00:00-04:00,15.4438451595699,15.488835426234159,15.202535005816694,15.227075576782227,3442000,0.0,0.0
2010-03-26 00:00:00-04:00,15.263889607974148,15.39886044293765,15.147324596056658,15.249574661254883,2515800,0.0,0.0
2010-03-29 00:00:00-04:00,15.30683177273665,15.584952026281718,15.30683177273665,15.56041145324707,2686200,0.0,0.0
2010-03-30 00:00:00-04:00,15.609493002480836,15.734238188258072,15.548142348415592,15.627897262573242,2243200,0.0,0.0
2010-03-31 00:00:00-04:00,15.611537226141863,15.644257991758401,15.445892640791078,15.494972229003906,2522400,0.0,0.0
2010-04-01 00:00:00-04:00,15.584953857336632,15.71992468456688,15.476569044070448,15.552234649658203,2888600,0.0,0.0
2010-04-05 00:00:00-04:00,15.564499716432476,15.80989916474223,15.564499716432476,15.72400951385498,2395800,0.0,0.0
2010-04-06 00:00:00-04:00,15.707643489583281,15.897828539748934,15.601304182921588,15.8814697265625,2558400,0.0,0.0
2010-04-07 00:00:00-04:00,15.80376804865711,16.128924030700823,15.80376804865711,16.04098892211914,6605000,0.0,0.0
2010-04-08 00:00:00-04:00,15.979639487128823,16.147329525587953,15.840579341074022,16.05121421813965,5373400,0.0,0.0
2010-04-09 00:00:00-04:00,16.094160361277904,16.4970258858949,16.094160361277904,16.402956008911133,5263000,0.0,0.0
2010-04-12 00:00:00-04:00,16.40294954042918,16.546100517814832,16.30887970054173,16.34568977355957,4460800,0.0,0.0
2010-04-13 00:00:00-04:00,16.26798535328122,16.317064945774522,16.096204439236477,16.233219146728516,4362200,0.0,0.0
2010-04-14 00:00:00-04:00,16.319105286846522,16.368184864010612,16.18004518470525,16.34160041809082,3438000,0.0,0.0
2010-04-15 00:00:00-04:00,16.33955969645894,16.60540891301932,16.29252398295166,16.42544937133789,3450600,0.0,0.0
2010-04-16 00:00:00-04:00,16.41727072870256,16.492936340976676,16.057350051162118,16.235265731811523,2930000,0.0,0.0
2010-04-19 00:00:00-04:00,16.122784034991838,16.286384707619302,15.773089118456989,16.186180114746094,5345200,0.0,0.0
2010-04-20 00:00:00-04:00,16.59110051533365,16.72402595618251,15.934655066454123,16.0144100189209,9405800,0.0,0.0
2010-04-21 00:00:00-04:00,16.08802324162339,16.194364172293415,15.81194840581146,15.969412803649902,4731600,0.0,0.0
2010-04-22 00:00:00-04:00,15.867161425060893,16.14323779805125,15.62380737597771,16.098247528076172,5609200,0.0,0.0
2010-04-23 00:00:00-04:00,16.137104804896403,16.235263986264172,16.03689862530956,16.198453903198242,3185600,0.0,0.0
2010-04-26 00:00:00-04:00,16.27002587556196,16.33546583879383,16.10029199481829,16.122785568237305,3644600,0.0,0.0
2010-04-27 00:00:00-04:00,16.063486775184153,16.26798691714595,15.699475211913848,15.754691123962402,3830600,0.0,0.0
2010-04-28 00:00:00-04:00,15.879430275145985,15.8896543422148,15.670839336232785,15.769000053405762,3523000,0.0,0.0
2010-04-29 00:00:00-04:00,15.918282667309693,16.16163821880363,15.85284271567412,16.157548904418945,5681600,0.0,0.0
2010-04-30 00:00:00-04:00,16.147330376151306,16.184140462640443,15.771050878895448,15.779231071472168,7803400,0.0,0.0
2010-05-03 00:00:00-04:00,15.928513278500786,16.173912783880372,15.779229073462005,16.04507827758789,4200000,0.0,0.0
2010-05-04 00:00:00-04:00,15.80172479348364,15.80172479348364,15.22094515720193,15.317060470581055,5786000,0.0,0.0
2010-05-05 00:00:00-04:00,15.120741443988795,15.421356911214591,14.842621117862365,15.34160041809082,6049600,0.0,0.0
2010-05-06 00:00:00-04:00,15.476310328475671,15.53019909029491,13.735302781106565,14.765398979187012,6323600,0.5,0.0
2010-05-07 00:00:00-04:00,14.69078617172773,14.802708269497943,14.15397629785779,14.560211181640625,7921000,0.0,0.0
2010-05-10 00:00:00-04:00,15.432799075592122,15.56752030942315,15.271134227511213,15.507413864135742,4815200,0.0,0.0
2010-05-11 00:00:00-04:00,15.296003979300497,15.700166036841576,15.283567128944222,15.548863410949707,4191000,0.0,0.0
2010-05-12 00:00:00-04:00,15.615185658052464,16.01520310629145,15.615185658052464,15.959242820739746,3307000,0.0,0.0
2010-05-13 00:00:00-04:00,15.878416324981327,16.067024806203232,15.731259805417363,15.785148620605469,2428600,0.0,0.0
2010-05-14 00:00:00-04:00,15.60689707586823,15.671148069157269,15.159208450744696,15.320873260498047,3256800,0.0,0.0
2010-05-17 00:00:00-04:00,15.426574031266204,15.528132385284877,14.947797352459546,15.306361198425293,3441000,0.0,0.0
2010-05-18 00:00:00-04:00,15.468027724141578,15.702235783890082,14.960234315134898,15.049357414245605,3739400,0.0,0.0
2010-05-19 00:00:00-04:00,14.877325635912369,14.92292371137016,14.288699959649696,14.58508586883545,5288800,0.0,0.0
2010-05-20 00:00:00-04:00,14.143617048566382,14.404768693541461,13.936354189666504,14.008895874023438,5303600,0.0,0.0
2010-05-21 00:00:00-04:00,13.685566214269127,14.38404261262214,13.679348581556654,14.367461204528809,7544800,0.0,0.0
2010-05-24 00:00:00-04:00,14.307352607762528,14.429638497219319,14.220302600461682,14.315643310546875,5071600,0.0,0.0
2010-05-25 00:00:00-04:00,13.9425720267102,14.290773698015364,13.714583194837925,14.278338432312012,6558200,0.0,0.0
2010-05-26 00:00:00-04:00,14.442076021940895,14.651411951474174,14.098018918325998,14.149834632873535,5098400,0.0,0.0
2010-05-27 00:00:00-04:00,14.475236527713006,14.618248398672055,14.317717901953223,14.609957695007324,4410000,0.0,0.0
2010-05-28 00:00:00-04:00,14.860746388584271,14.860746388584271,14.379896617959268,14.49803638458252,4009800,0.0,0.0
2010-06-01 00:00:00-04:00,14.361241016869815,14.653480771395644,14.095944859734649,14.118743896484375,2962200,0.0,0.0
2010-06-02 00:00:00-04:00,14.178849440820828,14.657626020832993,14.110452334736308,14.641044616699219,3372400,0.0,0.0
2010-06-03 00:00:00-04:00,14.616180202779734,14.87733192081293,14.616180202779734,14.848315238952637,3143400,0.0,0.0
2010-06-04 00:00:00-04:00,14.448290527766044,14.54570430303944,13.857591826021784,13.92391586303711,3341800,0.0,0.0
2010-06-07 00:00:00-04:00,13.92392057137941,14.021334379593066,13.714584616364341,13.766400337219238,5194400,0.0,0.0
2010-06-08 00:00:00-04:00,13.803707632175511,14.013043585866495,13.75189191164836,13.984026908874512,5563400,0.0,0.0
2010-06-09 00:00:00-04:00,14.060710750991346,14.408912396448397,13.865884750510753,13.930135726928711,3108200,0.0,0.0
2010-06-10 00:00:00-04:00,14.224446814561817,14.709442637242747,14.224446814561817,14.686643600463867,3838800,0.0,0.0
2010-06-11 00:00:00-04:00,14.481454387709864,14.775767224490437,14.408911132747281,14.618247032165527,2554400,0.0,0.0
2010-06-14 00:00:00-04:00,14.777842755556394,15.043138967030918,14.746753009867003,14.798568725585938,3060000,0.0,0.0
2010-06-15 00:00:00-04:00,14.895981475153857,15.45559053299406,14.895981475153857,15.430718421936035,3815200,0.0,0.0
2010-06-16 00:00:00-04:00,15.322948496461649,15.494977108076972,15.150919884846324,15.246260643005371,2947600,0.0,0.0
2010-06-17 00:00:00-04:00,15.401702429797837,15.401702429797837,15.065937612782822,15.37890338897705,2952800,0.0,0.0
2010-06-18 00:00:00-04:00,15.37268927785122,15.48046687392839,15.271130897205422,15.403779029846191,2874200,0.0,0.0
2010-06-21 00:00:00-04:00,15.575807620433288,15.812087205530313,15.293929943249037,15.403779029846191,2770000,0.0,0.0
2010-06-22 00:00:00-04:00,15.403777270348613,15.513626344398249,14.796496965069974,14.835877418518066,3006200,0.0,0.0
2010-06-23 00:00:00-04:00,14.82343597773487,14.858671858409071,14.4690167503799,14.730168342590332,3034400,0.0,0.0
2010-06-24 00:00:00-04:00,14.66799098187826,14.732243539705577,14.352952150303473,14.38818645477295,2085600,0.0,0.0
2010-06-25 00:00:00-04:00,14.413058758999824,14.589231865000345,14.22237731677079,14.549851417541504,4234800,0.0,0.0
2010-06-28 00:00:00-04:00,14.657625606002206,14.657625606002206,14.32600543916069,14.348804473876953,2996400,0.0,0.0
2010-06-29 00:00:00-04:00,14.013041082271325,14.118745576022645,13.550844241978309,13.677274703979492,4434000,0.0,0.0
2010-06-30 00:00:00-04:00,13.63997209508815,13.921849789400202,13.536340636334913,13.563285827636719,6160200,0.0,0.0
2010-07-01 00:00:00-04:00,13.532193442378794,13.590226794989364,13.20886306930891,13.380890846252441,4869600,0.0,0.0
2010-07-02 00:00:00-04:00,13.443072147387896,13.569502645965443,13.132177789828122,13.20264720916748,4042200,0.0,0.0
2010-07-06 00:00:00-04:00,13.513535374553312,13.561206519425534,13.047194815261028,13.177770614624023,3380000,0.0,0.0
2010-07-07 00:00:00-04:00,13.244099977251253,13.633753670313238,13.167412132954325,13.629609107971191,3589200,0.0,0.0
2010-07-08 00:00:00-04:00,13.737385487214421,13.847234577031069,13.563285401004759,13.793347358703613,2571000,0.0,0.0
2010-07-09 00:00:00-04:00,13.83272368567931,13.998534616408653,13.756037434781426,13.990243911743164,1697600,0.0,0.0
2010-07-12 00:00:00-04:00,13.90733567753082,13.952933753467661,13.731162587012044,13.803704261779785,3168000,0.0,0.0
2010-07-13 00:00:00-04:00,14.008895153715068,14.27626441770315,13.98816918514879,14.20164966583252,3032600,0.0,0.0
2010-07-14 00:00:00-04:00,14.118746151822588,14.292846189769715,14.023405428952959,14.238957405090332,2870800,0.0,0.0
2010-07-15 00:00:00-04:00,14.257614059718083,14.317720486168508,14.033769764238638,14.290775299072266,3340600,0.0,0.0
2010-07-16 00:00:00-04:00,14.141544495873823,14.26382881441673,13.8783197993279,13.928062438964844,3232800,0.0,0.0
2010-07-19 00:00:00-04:00,13.969520061087572,14.060714663669474,13.735311967286341,13.992319107055664,2183600,0.0,0.0
2010-07-20 00:00:00-04:00,13.7415257707421,14.348805904204895,13.700072257448657,14.313570022583008,3304200,0.0,0.0
2010-07-21 00:00:00-04:00,14.976819400377867,15.335383375036082,14.819299134646819,15.159210205078125,9396800,0.0,0.0
2010-07-22 00:00:00-04:00,15.428646060367143,15.673216270772665,15.275270422775746,15.492897033691406,6797000,0.0,0.0
2010-07-23 00:00:00-04:00,15.461809868405304,16.056654877749992,15.397558884374664,16.006912231445312,5592800,0.0,0.0
2010-07-26 00:00:00-04:00,16.118831125105384,16.21831798872718,15.847317298016186,16.046289443969727,5382600,0.0,0.0
2010-07-27 00:00:00-04:00,16.189305303872164,16.218321983473544,15.984115474893693,16.081527709960938,4448400,0.0,0.0
2010-07-28 00:00:00-04:00,16.08152781895981,16.28257308705379,15.868047282749648,15.971678733825684,4298800,0.0,0.0
2010-07-29 00:00:00-04:00,16.135414775522236,16.207956466741678,15.778922371483525,16.052509307861328,3270600,0.0,0.0
2010-07-30 00:00:00-04:00,15.783069761203576,16.353042722117564,15.716745698094293,16.2618465423584,4328800,0.0,0.0
2010-08-02 00:00:00-04:00,16.568596036998173,16.57688674240525,16.32609725238971,16.50848960876465,3974800,0.0,0.0
2010-08-03 00:00:00-04:00,16.527141287268286,16.556157963401184,16.290861735163105,16.45667266845703,3667000,0.0,0.0
2010-08-04 00:00:00-04:00,16.473252577314415,16.736475710051604,16.456671169237556,16.715749740600586,2983800,0.0,0.0
2010-08-05 00:00:00-04:00,16.78303871379266,16.799862092677984,16.627426470017685,16.770421981811523,3534000,0.58,0.0
2010-08-06 00:00:00-04:00,16.64425277709961,16.74729318325996,16.377186804499154,16.64425277709961,2627400,0.0,0.0
2010-08-09 00:00:00-04:00,16.818796383568525,16.818796383568525,16.56224535509283,16.637948989868164,1789000,0.0,0.0
2010-08-10 00:00:00-04:00,16.469714361807252,16.738882063040972,16.394010745289513,16.627429962158203,3928600,0.0,0.0
2010-08-11 00:00:00-04:00,16.389806548133713,16.389806548133713,16.053345299852783,16.07647705078125,4338000,0.0,0.0
2010-08-12 00:00:00-04:00,15.750532526081763,16.015495199317137,15.672725581141098,15.914556503295898,3080400,0.0,0.0
2010-08-13 00:00:00-04:00,15.813616657386989,15.975538903176815,15.771559806316557,15.828336715698242,1835000,0.0,0.0
2010-08-16 00:00:00-04:00,15.737919778884464,15.986059156899286,15.548662263686195,15.85778522491455,1752800,0.0,0.0
2010-08-17 00:00:00-04:00,16.036522678878196,16.368775657342006,16.036522678878196,16.141666412353516,2687600,0.0,0.0
2010-08-18 00:00:00-04:00,16.147970685339697,16.177410794898954,15.864082997809371,15.868288040161133,4129600,0.0,0.0
2010-08-19 00:00:00-04:00,15.784173008080232,15.885111674170446,15.363598174041403,15.430890083312988,4007400,0.0,0.0
2010-08-20 00:00:00-04:00,15.27949111996689,15.38042822548454,15.088128717358199,15.359399795532227,3063400,0.0,0.0
2010-08-23 00:00:00-04:00,15.414073079581739,15.466644950106415,15.18906553791077,15.243739128112793,3812200,0.0,0.0
2010-08-24 00:00:00-04:00,15.03134280656032,15.130176528665352,14.762173609301625,14.856803894042969,4620000,0.0,0.0
2010-08-25 00:00:00-04:00,14.722230243730548,14.856814132928507,14.522456130063897,14.713818550109863,4556400,0.0,0.0
2010-08-26 00:00:00-04:00,14.779001433925611,15.008215584114772,14.673857711027033,14.753767967224121,5152800,0.0,0.0
2010-08-27 00:00:00-04:00,14.88624908742428,15.170136829951506,14.73484186357884,15.11125659942627,3996600,0.0,0.0
2010-08-30 00:00:00-04:00,15.088128228024933,15.128083366694971,14.734845161437988,14.734845161437988,2085800,0.0,0.0
2010-08-31 00:00:00-04:00,14.621285542322928,14.779001123356526,14.453056551839936,14.610772132873535,3659600,0.0,0.0
2010-09-01 00:00:00-04:00,14.858912175969042,15.813615799262383,14.848397161589016,15.742118835449219,6994200,0.0,0.0
2010-09-02 00:00:00-04:00,15.744227624388298,15.994468688964844,15.674832355869663,15.994468688964844,3787000,0.0,0.0
2010-09-03 00:00:00-04:00,16.253119565970135,16.360366630284616,15.89983653443374,16.086992263793945,3920400,0.0,0.0
2010-09-07 00:00:00-04:00,15.931375291980647,16.049135733070752,15.836744990934083,15.849363327026367,2475600,0.0,0.0
2010-09-08 00:00:00-04:00,15.864085425610531,16.286762036553373,15.864085425610531,16.204750061035156,2811000,0.0,0.0
2010-09-09 00:00:00-04:00,16.372982972030282,16.402423090253244,16.179518879603368,16.25732421875,3007800,0.0,0.0
2010-09-10 00:00:00-04:00,16.337238258779045,16.555937476340958,16.29097474678392,16.520187377929688,2404400,0.0,0.0
2010-09-13 00:00:00-04:00,16.591676519922004,16.961782800707432,16.591676519922004,16.862947463989258,4122600,0.0,0.0
2010-09-14 00:00:00-04:00,16.888186556358544,17.176280973870142,16.71995753945132,16.913421630859375,4415800,0.0,0.0
2010-09-15 00:00:00-04:00,16.791452785988884,16.8545396635782,16.54331352749869,16.661075592041016,3497400,0.0,0.0
2010-09-16 00:00:00-04:00,16.537003567676983,16.871361419707643,16.526488554302983,16.764114379882812,2367200,0.0,0.0
2010-09-17 00:00:00-04:00,16.8208963436035,16.934451783885,16.692620842787342,16.79145622253418,2493200,0.0,0.0
2010-09-20 00:00:00-04:00,16.896592029407667,17.138422856849814,16.808271707708435,17.081645965576172,2802400,0.0,0.0
2010-09-21 00:00:00-04:00,17.098476392441277,17.39918758655504,17.098476392441277,17.209928512573242,3722800,0.0,0.0
2010-09-22 00:00:00-04:00,17.136329191398502,17.308764889959264,16.94496838653583,17.062728881835938,4005000,0.0,0.0
2010-09-23 00:00:00-04:00,16.921832647249214,17.052209849386742,16.770425415016952,16.82930564880371,3299200,0.0,0.0
2010-09-24 00:00:00-04:00,17.09006111443847,17.422315685239575,17.09006111443847,17.331892013549805,2707800,0.0,0.0
2010-09-27 00:00:00-04:00,17.142626339187203,17.348708675434338,17.077437765440067,17.224639892578125,2150600,0.0,0.0
2010-09-28 00:00:00-04:00,17.29614801269913,17.376056690383464,16.997540128105335,17.344514846801758,3468200,0.0,0.0
2010-09-29 00:00:00-04:00,17.243570156192636,17.432829173902068,17.201513309753143,17.384462356567383,2735400,0.0,0.0
2010-09-30 00:00:00-04:00,17.540080550405488,17.735646378583244,17.26039779984012,17.346614837646484,3267400,0.0,0.0
2010-10-01 00:00:00-04:00,17.750369702818162,17.786118194900457,17.29614790565583,17.35502815246582,4228400,0.0,0.0
2010-10-04 00:00:00-04:00,17.3087671082842,17.409705834596807,17.05431937440515,17.094274520874023,2792400,0.0,0.0
2010-10-05 00:00:00-04:00,17.33819624931657,17.659937333106498,17.308756140373536,17.54217529296875,3880400,0.0,0.0
2010-10-06 00:00:00-04:00,17.516943908027166,17.64311604765543,17.319273206511216,17.472782135009766,2945200,0.0,0.0
2010-10-07 00:00:00-04:00,17.552694028646965,17.598957525190116,17.300348121420495,17.44965362548828,1802800,0.0,0.0
2010-10-08 00:00:00-04:00,17.48330011340561,17.575827113528423,17.367641363252094,17.49802017211914,2009000,0.0,0.0
2010-10-11 00:00:00-04:00,17.48119870686329,17.502228739645876,17.30876302686331,17.38656997680664,1694400,0.0,0.0
2010-10-12 00:00:00-04:00,17.371852390088325,17.447556026659722,17.0269809809815,17.409704208374023,2495000,0.0,0.0
2010-10-13 00:00:00-04:00,17.479095540265885,17.863920401093573,17.479095540265885,17.683073043823242,2870000,0.0,0.0
2010-10-14 00:00:00-04:00,17.68307247528492,17.748262681559684,17.49802008037561,17.588443756103516,1817200,0.0,0.0
2010-10-15 00:00:00-04:00,17.796625877190966,17.859712752382062,17.432829496104493,17.6389102935791,2149400,0.0,0.0
2010-10-18 00:00:00-04:00,17.58002980754139,17.754568769222978,17.51694453764267,17.727231979370117,2441600,0.0,0.0
2010-10-19 00:00:00-04:00,17.927003403134226,17.927003403134226,17.426519897427784,17.540075302124023,6074600,0.0,0.0
2010-10-20 00:00:00-04:00,17.916490124990208,18.28659648676497,17.485401814466453,18.257156372070312,6528800,0.0,0.0
2010-10-21 00:00:00-04:00,18.223504389749106,18.6020206959434,18.173034265430942,18.524213790893555,3861600,0.0,0.0
2010-10-22 00:00:00-04:00,18.595713378461816,18.610433431125376,18.38542599505927,18.47795295715332,2609600,0.0,0.0
2010-10-25 00:00:00-04:00,18.543146993172595,18.820726356830544,18.532631979159856,18.5578670501709,2977800,0.0,0.0
2010-10-26 00:00:00-04:00,18.431696789290672,18.461136906298815,18.234026057065098,18.406461715698242,2490400,0.0,0.0
2010-10-27 00:00:00-04:00,18.2760845060236,18.39174165012081,18.059487067595498,18.366506576538086,1687600,0.0,0.0
2010-10-28 00:00:00-04:00,18.551562493967054,18.587310981967626,18.324451621317145,18.517915725708008,2824800,0.0,0.0
2010-10-29 00:00:00-04:00,18.46114088274754,18.690353500877478,18.41277404903556,18.679840087890625,2859800,0.0,0.0
2010-11-01 00:00:00-04:00,18.768153735272865,18.904840890072386,18.48005936927177,18.604129791259766,2291000,0.0,0.0
2010-11-02 00:00:00-04:00,18.820724160631716,19.06886338133758,18.782872360715036,19.0310115814209,3309000,0.0,0.0
2010-11-03 00:00:00-04:00,19.03942361668703,19.335928051116543,18.99526345004288,19.285459518432617,4162400,0.0,0.0
2010-11-04 00:00:00-04:00,19.626228839545085,19.92653165389871,19.57298350987997,19.86050796508789,3806200,0.58,0.0
2010-11-05 00:00:00-04:00,19.50056951966592,20.026633650315958,19.50056951966592,19.994686126708984,3469400,0.0,0.0
2010-11-08 00:00:00-05:00,19.854128196335576,19.981916723119678,19.773194216934197,19.88394546508789,2386400,0.0,0.0
2010-11-09 00:00:00-05:00,19.95634926264469,19.994685965680603,19.728459312630815,19.839210510253906,2948600,0.0,0.0
2010-11-10 00:00:00-05:00,19.90736778749012,20.045805995140803,19.741242588276826,19.935054779052734,2357400,0.0,0.0
2010-11-11 00:00:00-05:00,19.736982690979907,20.05219582592717,19.736982690979907,20.043676376342773,2240800,0.0,0.0
2010-11-12 00:00:00-05:00,20.171471182194676,20.335467794403062,19.758286685114165,20.07563018798828,5821200,0.0,0.0
2010-11-15 00:00:00-05:00,20.084144667914646,20.30138495929501,19.924408633837654,20.06284523010254,3634800,0.0,0.0
2010-11-16 00:00:00-05:00,19.967004136189114,20.094792637676935,19.56872837538177,19.858383178710938,3533600,0.0,0.0
2010-11-17 00:00:00-05:00,19.89245949022417,19.947835099194617,19.61558307029076,19.685867309570312,3033200,0.0,0.0
2010-11-18 00:00:00-05:00,20.01385146169427,20.510098242011757,19.966995319357924,20.397216796875,4666400,0.0,0.0
2010-11-19 00:00:00-05:00,20.486678049644496,20.552701752918175,20.312033395082775,20.548442840576172,3546800,0.0,0.0
2010-11-22 00:00:00-05:00,20.38870694988795,20.77846161602461,20.361018332267875,20.752904891967773,2489000,0.0,0.0
2010-11-23 00:00:00-05:00,20.456859339259623,20.580387287452965,20.184241846037462,20.405742645263672,3275000,0.0,0.0
2010-11-24 00:00:00-05:00,20.516489095117183,20.938191160727836,20.516489095117183,20.89559555053711,2788600,0.0,0.0
2010-11-26 00:00:00-05:00,20.695403826624425,20.9445916936514,20.65919737584326,20.87004852294922,1304200,0.0,0.0
2010-11-29 00:00:00-05:00,20.6804963192118,20.6804963192118,20.318428541835228,20.578266143798828,2998800,0.0,0.0
2010-11-30 00:00:00-05:00,20.309903674345815,20.62724546224903,20.241749700603137,20.531404495239258,2388400,0.0,0.0
2010-12-01 00:00:00-05:00,20.87216667399595,21.2150666850622,20.859388316414297,21.06171989440918,3028000,0.0,0.0
2010-12-02 00:00:00-05:00,21.0170002276042,21.29813555189243,20.957365708045906,21.244890213012695,3904000,0.0,0.0
2010-12-03 00:00:00-05:00,21.121362650480204,21.287487863635853,21.078767025282993,21.221464157104492,2112600,0.0,0.0
2010-12-06 00:00:00-05:00,21.129880086042224,21.29813555189243,21.055336936594358,21.244890213012695,1683200,0.0,0.0
2010-12-07 00:00:00-05:00,21.387586281374183,21.679371309082978,21.298134506427676,21.406755447387695,3729400,0.0,0.0
2010-12-08 00:00:00-05:00,21.464253594093616,21.481292486835716,21.13626222094026,21.22784423828125,2368000,0.0,0.0
2010-12-09 00:00:00-05:00,21.30666239294228,21.481307100059865,21.106459329324796,21.163965225219727,2458800,0.0,0.0
2010-12-10 00:00:00-05:00,21.259798821671687,21.29813553062356,21.055336915567956,21.06598663330078,3077400,0.0,0.0
2010-12-13 00:00:00-05:00,21.26405727351546,21.291745889053924,20.93180688640389,20.961624145507812,3501800,0.0,0.0
2010-12-14 00:00:00-05:00,20.955235179931552,21.183125162517076,20.936067638133306,21.06385612487793,2020200,0.0,0.0
2010-12-15 00:00:00-05:00,21.042565522693913,21.370555488554363,21.017007166622477,21.136276245117188,2664200,0.0,0.0
2010-12-16 00:00:00-05:00,21.330080667081532,21.566490074955485,21.16395548855791,21.489816665649414,3453800,0.0,0.0
2010-12-17 00:00:00-05:00,21.526030283047454,21.56010808740448,21.229986263602168,21.306659698486328,3734800,0.0,0.0
2010-12-20 00:00:00-05:00,21.4110111743634,21.56222771187481,21.132006173806136,21.517501831054688,3361200,0.0,0.0
2010-12-21 00:00:00-05:00,21.51751436868185,21.843375708040124,21.51751436868185,21.7581844329834,2982400,0.0,0.0
2010-12-22 00:00:00-05:00,21.732622461487928,21.873189341891482,21.634651211529295,21.762439727783203,1975600,0.0,0.0
2010-12-23 00:00:00-05:00,21.741145844269113,21.751793941346392,21.534553586920524,21.61122703552246,920400,0.0,0.0
2010-12-27 00:00:00-05:00,21.52389867727665,21.68150607526077,21.46639441714448,21.64529800415039,757000,0.0,0.0
2010-12-28 00:00:00-05:00,21.702801816828785,21.715580178989292,21.519637709573384,21.589921951293945,792000,0.0,0.0
2010-12-29 00:00:00-05:00,21.611224017672992,21.74540172152973,21.557978664963606,21.596315383911133,699000,0.0,0.0
2010-12-30 00:00:00-05:00,21.54093790274801,21.64103941718818,21.47917310394622,21.545198440551758,1015000,0.0,0.0
2010-12-31 00:00:00-05:00,21.530280422897967,21.728353111484168,21.47916536211012,21.619733810424805,1432200,0.0,0.0
2011-01-03 00:00:00-05:00,21.824196016403874,22.205432772377662,21.762431238907933,22.07977294921875,3628400,0.0,0.0
2011-01-04 00:00:00-05:00,22.090434656508066,22.122382196681666,21.528163799162478,21.983943939208984,3948800,0.0,0.0
2011-01-05 00:00:00-05:00,21.841239319453937,22.245902607251914,21.841239319453937,22.13941192626953,2644200,0.0,0.0
2011-01-06 00:00:00-05:00,22.11599258523909,22.184148207920497,21.781611779825962,21.84976577758789,1861000,0.0,0.0
2011-01-07 00:00:00-05:00,21.854020832868983,22.21608855045703,21.713452333739152,21.851890563964844,2209400,0.0,0.0
2011-01-10 00:00:00-05:00,21.7006639550034,21.90512580262383,21.62825109487293,21.868919372558594,2681200,0.0,0.0
2011-01-11 00:00:00-05:00,21.930691813987806,22.241644417568395,21.832720579291365,22.145803451538086,1460800,0.0,0.0
2011-01-12 00:00:00-05:00,22.358787253786605,22.533431930281882,22.241646838184074,22.456758499145508,1768400,0.0,0.0
2011-01-13 00:00:00-05:00,22.469536795104368,22.531301593607264,22.03931509939472,22.103208541870117,2117600,0.0,0.0
2011-01-14 00:00:00-05:00,22.07977887512014,22.26720352607713,22.05848106248929,22.182010650634766,2238800,0.0,0.0
2011-01-18 00:00:00-05:00,22.20756430225511,22.618618366323822,22.20756430225511,22.597320556640625,2357800,0.0,0.0
2011-01-19 00:00:00-05:00,22.55898785902396,22.735762798161186,22.15006399071441,22.19478988647461,2606600,0.0,0.0
2011-01-20 00:00:00-05:00,22.00737341511063,22.020151782018303,21.300275072641703,21.342870712280273,4937600,0.0,0.0
2011-01-21 00:00:00-05:00,22.1564515194455,22.1564515194455,21.5409354940746,21.8199405670166,4141200,0.0,0.0
2011-01-24 00:00:00-05:00,21.843372659055735,22.04783461550721,21.72623385974373,21.87318992614746,2239800,0.0,0.0
2011-01-25 00:00:00-05:00,21.905134718036486,22.052092390948665,21.679374974076662,21.988197326660156,2471800,0.0,0.0
2011-01-26 00:00:00-05:00,22.096817501944727,22.486573805453546,22.028663527417415,22.27998161315918,4424800,0.0,0.0
2011-01-27 00:00:00-05:00,21.988201263893817,22.812439941193617,21.888099736879713,22.674001693725586,8347200,0.0,0.0
2011-01-28 00:00:00-05:00,22.778357407733214,22.961521520238396,22.162841363937527,22.2054386138916,3836200,0.0,0.0
2011-01-31 00:00:00-05:00,22.620748076117284,23.232005110933397,22.47166178709808,22.993465423583984,4481600,0.0,0.0
2011-02-01 00:00:00-05:00,23.217098556792326,23.368315127716098,22.935963226005242,23.246915817260742,3469600,0.0,0.0
2011-02-02 00:00:00-05:00,23.157461010746392,23.334234281882917,23.048840076132937,23.18301773071289,2338400,0.0,0.0
2011-02-03 00:00:00-05:00,23.327526570183498,23.54751545689768,23.24772582490156,23.50869369506836,2321600,0.68,0.0
2011-02-04 00:00:00-05:00,23.493593590631495,23.685545154918024,23.452614612139616,23.62946891784668,1943800,0.0,0.0
2011-02-07 00:00:00-05:00,23.612224775915234,23.72221842371073,23.46772051005411,23.558305740356445,2534800,0.0,0.0
2011-02-08 00:00:00-05:00,23.63378171651744,23.97023582458496,23.538883728917817,23.97023582458496,2426800,0.0,0.0
2011-02-09 00:00:00-05:00,23.905531512303043,23.927100432710866,23.61005639025604,23.89259147644043,2590800,0.0,0.0
2011-02-10 00:00:00-05:00,23.724370077368864,24.177289540659398,23.724370077368864,24.140625,1849200,0.0,0.0
2011-02-11 00:00:00-05:00,24.00906774215354,24.367090922939266,23.950835908598865,24.250625610351562,1783400,0.0,0.0
2011-02-14 00:00:00-05:00,24.088869116601057,24.35414985298756,24.054360143635893,24.08455467224121,1609600,0.0,0.0
2011-02-15 00:00:00-05:00,24.02416344920479,24.045730732624484,23.651044674157138,23.70064926147461,2342200,0.0,0.0
2011-02-16 00:00:00-05:00,23.853776049872383,24.15356569370218,23.789074207921498,24.028474807739258,2056400,0.0,0.0
2011-02-17 00:00:00-05:00,23.89260420530382,23.993972261505387,23.74163155488349,23.912015914916992,1624400,0.0,0.0
2011-02-18 00:00:00-05:00,23.96377715178051,24.03063623170967,23.74594377960434,23.92279815673828,3653800,0.0,0.0
2011-02-22 00:00:00-05:00,23.60574318772413,23.795539166224145,23.12478651415837,23.16792106628418,2874200,0.0,0.0
2011-02-23 00:00:00-05:00,23.062248509988727,23.161459331743135,22.421690144409915,22.75814437866211,4965000,0.0,0.0
2011-02-24 00:00:00-05:00,22.602858604612877,22.82284752855426,22.29875447790875,22.624425888061523,5397800,0.0,0.0
2011-02-25 00:00:00-05:00,23.04499183905586,23.314586974387534,22.969505530258616,23.062246322631836,4810600,0.0,0.0
2011-02-28 00:00:00-05:00,23.26066061266709,23.916315972506954,23.19380156674012,23.89259147644043,9690800,0.0,0.0
2011-03-01 00:00:00-05:00,24.07807705575231,24.220424056112666,23.077340192142493,23.098907470703125,2695400,0.0,2.0
2011-03-02 00:00:00-05:00,23.025575479771966,23.651036351722603,23.012633797891525,23.32752227783203,2434400,0.0,0.0
2011-03-03 00:00:00-05:00,23.66829401401466,24.246306009780252,23.582023247613616,24.086706161499023,2908300,0.0,0.0
2011-03-04 00:00:00-05:00,24.060822508969178,24.086704230457944,23.349092445545764,23.443988800048828,2657000,0.0,0.0
2011-03-07 00:00:00-05:00,23.638096750528096,23.65535123090235,22.710690644362398,22.874603271484375,3918800,0.0,0.0
2011-03-08 00:00:00-05:00,22.878916955576123,23.28870180074687,22.676180931596562,23.189489364624023,3399200,0.0,0.0
2011-03-09 00:00:00-05:00,23.09890876667265,23.12047604644332,22.667556589347377,22.719318389892578,2581800,0.0,0.0
2011-03-10 00:00:00-05:00,22.408741431392617,22.460503221520778,22.067972884970484,22.102481842041016,3202500,0.0,0.0
2011-03-11 00:00:00-05:00,21.977399856492966,22.33542140727676,21.891129068015935,22.26640510559082,3156000,0.0,0.0
2011-03-14 00:00:00-04:00,22.089544644128008,22.27934065558538,21.904063075919012,22.227577209472656,2636300,0.0,0.0
2011-03-15 00:00:00-04:00,21.44251736843751,22.206010956382375,20.95077612597629,22.00758934020996,2286300,0.0,0.0
2011-03-16 00:00:00-04:00,21.95582421456139,22.236202113554487,21.58054667433521,21.697011947631836,2975100,0.0,0.0
2011-03-17 00:00:00-04:00,22.050722061521803,22.309534346018125,21.809165903898734,22.149932861328125,2978400,0.0,0.0
2011-03-18 00:00:00-04:00,22.464828201868247,22.65462261835349,22.218955881099117,22.322481155395508,3663100,0.0,0.0
2011-03-21 00:00:00-04:00,22.753828517334668,22.96087737558006,22.49070341243592,22.934995651245117,2297300,0.0,0.0
2011-03-22 00:00:00-04:00,23.081653731942133,23.081653731942133,22.615794247235048,22.637361526489258,2384900,0.0,0.0
2011-03-23 00:00:00-04:00,22.559721683039875,22.7106959533908,22.23620750504558,22.59423065185547,1736800,0.0,0.0
2011-03-24 00:00:00-04:00,22.80558995152197,23.094596776079406,22.520897570356247,23.04283332824707,1851700,0.0,0.0
2011-03-25 00:00:00-04:00,23.116161835403624,23.40085418921365,23.01695103814172,23.29732894897461,2107900,0.0,0.0
2011-03-28 00:00:00-04:00,23.379286910761564,23.387914151237972,23.258507189569702,23.29732894897461,2216900,0.0,0.0
2011-03-29 00:00:00-04:00,23.21536642507392,23.465551395558848,23.081646701661896,23.46123695373535,1608800,0.0,0.0
2011-03-30 00:00:00-04:00,23.659660922073407,23.67691540018239,23.538882866265727,23.64672088623047,2144600,0.0,0.0
2011-03-31 00:00:00-04:00,23.59496014300656,23.991803284233917,23.513002191095673,23.914159774780273,2171200,0.0,0.0
2011-04-01 00:00:00-04:00,24.14278121264033,24.241992013178336,24.01337424669883,24.116899490356445,1853400,0.0,0.0
2011-04-04 00:00:00-04:00,24.272189751759388,24.336891597832114,23.810643005432414,23.983182907104492,1591200,0.0,0.0
2011-04-05 00:00:00-04:00,23.892592525329384,24.103955778070684,23.80200897935926,23.819263458251953,1686300,0.0,0.0
2011-04-06 00:00:00-04:00,23.853776415152257,24.0090634709772,23.534576707492608,23.767505645751953,1750400,0.0,0.0
2011-04-07 00:00:00-04:00,23.685553284132194,23.806331394220653,23.461249904340523,23.720062255859375,1916100,0.0,0.0
2011-04-08 00:00:00-04:00,23.871031622281038,23.90553894380114,23.185181535233607,23.405170440673828,1511800,0.0,0.0
2011-04-11 00:00:00-04:00,23.40085204870168,23.431046564868236,22.934990978455822,23.111846923828125,2089200,0.0,0.0
2011-04-12 00:00:00-04:00,22.904799102899794,22.956562546990988,22.421685143060692,22.64598846435547,2961500,0.0,0.0
2011-04-13 00:00:00-04:00,22.87460018331639,22.88754186458881,22.39148631640438,22.55971336364746,1888800,0.0,0.0
2011-04-14 00:00:00-04:00,22.40012183701848,22.697754288680844,22.158563991516868,22.589916229248047,2635600,0.0,0.0
2011-04-15 00:00:00-04:00,22.60716528976242,22.77539235884004,22.425998183210464,22.581283569335938,2962100,0.0,0.0
2011-04-18 00:00:00-04:00,22.21031995876872,22.356979735984563,21.839356896077025,22.244827270507812,2591200,0.0,0.0
2011-04-19 00:00:00-04:00,22.76245355294487,22.909113352341127,22.607166512939667,22.702064514160156,2997800,0.0,0.0
2011-04-20 00:00:00-04:00,22.73225967303611,23.12479008165695,22.262085742228468,23.077341079711914,6067600,0.0,0.0
2011-04-21 00:00:00-04:00,23.288701613587143,23.39222520061189,22.96950032172572,23.24556541442871,3447600,0.0,0.0
2011-04-25 00:00:00-04:00,23.297328151490166,23.465556866804754,22.926366696570067,23.124788284301758,1860700,0.0,0.0
2011-04-26 00:00:00-04:00,23.42673623899171,23.845146712355845,23.39654171964001,23.685546875,2100000,0.0,0.0
2011-04-27 00:00:00-04:00,23.72437122560422,24.052198176711308,23.409484314067203,23.96161460876465,2970000,0.0,0.0
2011-04-28 00:00:00-04:00,23.92278599650406,24.000429502654626,23.50006115494965,23.547510147094727,2414900,0.0,0.0
2011-04-29 00:00:00-04:00,23.573397751785116,23.672608557649372,23.038520314214743,23.10322380065918,4985600,0.0,0.0
2011-05-02 00:00:00-04:00,23.189492464066323,23.275763229129463,22.771081968548746,22.917741775512695,2937000,0.0,0.0
2011-05-03 00:00:00-04:00,22.86166250319287,22.904797057271942,22.499326654304287,22.59853744506836,2566300,0.0,0.0
2011-05-04 00:00:00-04:00,22.671874083087225,22.78402494027138,22.361299947072354,22.546781539916992,4095800,0.0,0.0
2011-05-05 00:00:00-04:00,22.459938207393115,22.77688668516502,22.156014487697128,22.381786346435547,3398600,0.34,0.0
2011-05-06 00:00:00-04:00,22.763866601590305,23.076474109613724,22.386133633562917,22.481651306152344,2751400,0.0,0.0
2011-05-09 00:00:00-04:00,22.533749403064373,22.60321754102416,22.334027057210307,22.472963333129883,2173000,0.0,0.0
2011-05-10 00:00:00-04:00,22.45560479762154,22.685717768429985,22.433894651789235,22.585857391357422,3231700,0.0,0.0
2011-05-11 00:00:00-04:00,22.598873046605544,22.763860482182608,22.420860853779292,22.594532012939453,3419800,0.0,0.0
2011-05-12 00:00:00-04:00,22.594533029352323,23.02436660042082,22.455596758274528,22.86372184753418,3731900,0.0,0.0
2011-05-13 00:00:00-04:00,22.88977708806772,23.072130355176135,22.45560074971288,22.542434692382812,2312400,0.0,0.0
2011-05-16 00:00:00-04:00,22.412184192018692,22.794259868808165,22.281931609732933,22.377450942993164,2404300,0.0,0.0
2011-05-17 00:00:00-04:00,22.216808638403304,22.225492366343826,21.491734746013393,21.556861877441406,5352900,0.0,0.0
2011-05-18 00:00:00-04:00,21.630668276627972,21.882491385504547,21.491731960093148,21.743555068969727,4235300,0.0,0.0
2011-05-19 00:00:00-04:00,22.36008218972231,22.468626278021933,22.1256265614948,22.307981491088867,4404400,0.0,0.0
2011-05-20 00:00:00-04:00,22.26022505146112,22.403502407518555,22.06484533297226,22.129972457885742,4446900,0.0,0.0
2011-05-23 00:00:00-04:00,21.708820002834784,21.747895945089947,21.470023314053908,21.617643356323242,2670500,0.0,0.0
2011-05-24 00:00:00-04:00,21.67842222181542,21.86945919254477,21.535143251580084,21.582902908325195,1848200,0.0,0.0
2011-05-25 00:00:00-04:00,21.409232330142654,22.025761834516064,21.370156399847787,21.886825561523438,2644000,0.0,0.0
2011-05-26 00:00:00-04:00,21.782627620723197,22.099577827346987,21.682767254681327,21.99971580505371,1619100,0.0,0.0
2011-05-27 00:00:00-04:00,22.112601800899277,22.373106950317833,22.021425164227917,22.307981491088867,1490800,0.0,0.0
2011-05-31 00:00:00-04:00,22.477309925305683,22.572829252676062,22.108259032625533,22.43389129638672,2742100,0.0,0.0
2011-06-01 00:00:00-04:00,22.39481553650332,22.51204168621832,21.34844900801781,21.370159149169922,3407000,0.0,0.0
2011-06-02 00:00:00-04:00,21.443967673781085,22.047472479339834,21.430942914488824,21.72618293762207,4145500,0.0,0.0
2011-06-03 00:00:00-04:00,21.383187131218957,21.59159159892533,21.14439044882112,21.235567092895508,3304500,0.0,0.0
2011-06-06 00:00:00-04:00,21.187804550266627,21.187804550266627,20.52785633061677,20.96637535095215,5941400,0.0,0.0
2011-06-07 00:00:00-04:00,21.035842243041472,21.092285626266158,20.63639918243384,20.653766632080078,6772200,0.0,0.0
2011-06-08 00:00:00-04:00,20.645086932527153,20.714555088405472,20.028557256138505,20.080657958984375,5712400,0.0,0.0
2011-06-09 00:00:00-04:00,20.102358795308866,20.4106235161641,20.08499134888723,20.323789596557617,3382100,0.0,0.0
2011-06-10 00:00:00-04:00,20.219595074088502,20.25432998153346,19.8809380077579,19.88962173461914,2946400,0.0,0.0
2011-06-13 00:00:00-04:00,20.032899241948062,20.241303719473017,19.906987685864785,20.102367401123047,3430300,0.0,0.0
2011-06-14 00:00:00-04:00,20.24130315131291,20.736263978572904,20.18051872077242,20.58430290222168,3647200,0.0,0.0
2011-06-15 00:00:00-04:00,20.328141936107173,20.445369780276522,20.11973743189003,20.19788932800293,2663300,0.0,0.0
2011-06-16 00:00:00-04:00,20.176180732921882,20.519178879384828,19.993825757506407,20.28038215637207,3787900,0.0,0.0
2011-06-17 00:00:00-04:00,20.54956137312346,20.67547121869683,20.38457394508658,20.406282424926758,5803900,0.0,0.0
2011-06-20 00:00:00-04:00,20.31077130853797,20.675479548032413,20.267354331366622,20.58430290222168,2513700,0.0,0.0
2011-06-21 00:00:00-04:00,20.779685293531376,21.2746461846641,20.69284967173138,21.140050888061523,7377400,0.0,0.0
2011-06-22 00:00:00-04:00,21.087944108422864,21.30503227231954,20.922956640111043,21.005451202392578,3448100,0.0,0.0
2011-06-23 00:00:00-04:00,20.675476032169374,21.283323546712865,20.475755321141257,21.20951271057129,4200900,0.0,0.0
2011-06-24 00:00:00-04:00,21.17478339031805,21.278984799622116,20.849151087802653,20.92296028137207,3103000,0.0,0.0
2011-06-27 00:00:00-04:00,20.896905908216343,21.048866951628266,20.64942554823055,20.940322875976562,2205700,0.0,0.0
2011-06-28 00:00:00-04:00,21.05755099526043,21.556854413318625,20.905589949547682,21.478702545166016,3286000,0.0,0.0
2011-06-29 00:00:00-04:00,21.556854789013943,21.873803301489474,21.296348005214718,21.773942947387695,3980400,0.0,0.0
2011-06-30 00:00:00-04:00,21.817364966947817,22.45126213863637,21.817364966947817,22.338376998901367,4265100,0.0,0.0
2011-07-01 00:00:00-04:00,22.255879901151886,22.950563083896952,22.138653739260345,22.859386444091797,3887300,0.0,0.0
2011-07-05 00:00:00-04:00,22.815968691905766,22.90714533522107,22.6509812019175,22.716108322143555,2343500,0.0,0.0
2011-07-06 00:00:00-04:00,22.62058126025547,22.729125319385776,22.42086058895592,22.55111312866211,3239700,0.0,0.0
2011-07-07 00:00:00-04:00,22.7899171715166,23.076473494144913,22.781233445830733,22.959245681762695,2667200,0.0,0.0
2011-07-08 00:00:00-04:00,22.63361006756497,22.828989725915065,22.48599006528391,22.807279586791992,2550000,0.0,0.0
2011-07-11 00:00:00-04:00,22.39916047538375,22.585856459326543,22.229831944889472,22.403501510620117,3242200,0.0,0.0
2011-07-12 00:00:00-04:00,22.373114501907367,22.642305124251216,22.281937834461175,22.347064971923828,4456500,0.0,0.0
2011-07-13 00:00:00-04:00,22.49033416594029,22.898460987087052,22.407841257278285,22.624929428100586,4539800,0.0,0.0
2011-07-14 00:00:00-04:00,22.711766523134905,22.781234676122118,22.086551489998588,22.164703369140625,3001800,0.0,0.0
2011-07-15 00:00:00-04:00,22.360083144493565,22.412183845351695,22.043134591875184,22.286273956298828,2658300,0.0,0.0
2011-07-18 00:00:00-04:00,22.195090154349057,22.23416608436336,21.813016234488135,21.964977264404297,2122000,0.0,0.0
2011-07-19 00:00:00-04:00,22.103921336084532,22.39916143231649,22.060504356859898,22.338376998901367,1903600,0.0,0.0
2011-07-20 00:00:00-04:00,22.438235911853244,22.459944400048915,22.086552440578018,22.186412811279297,2050900,0.0,0.0
2011-07-21 00:00:00-04:00,22.35573683028371,22.516381586140476,22.0691805588563,22.381786346435547,2290800,0.0,0.0
2011-07-22 00:00:00-04:00,22.31666643812673,22.420867841095777,22.134311498553746,22.21246337890625,2966900,0.0,0.0
2011-07-25 00:00:00-04:00,22.477309499974364,23.11120656393411,22.182069453917517,22.83333396911621,4670200,0.0,0.0
2011-07-26 00:00:00-04:00,23.028714618673213,23.05476414037049,22.008399175077813,22.069185256958008,4887200,0.0,0.0
2011-07-27 00:00:00-04:00,21.895515568908845,21.912883022079566,21.335427626039316,21.404895782470703,7087300,0.0,0.0
2011-07-28 00:00:00-04:00,21.42226238586719,21.543831240736875,20.840465977738596,20.849149703979492,4110000,0.0,0.0
2011-07-29 00:00:00-04:00,20.658113212019106,21.157415061470644,20.545226424316,20.818758010864258,4524900,0.0,0.0
2011-08-01 00:00:00-04:00,21.2138578426306,21.26595854362264,20.345505096923254,20.640745162963867,4274600,0.0,0.0
2011-08-02 00:00:00-04:00,20.428000664453158,20.65377260640773,19.62043224106802,19.624774932861328,5245300,0.0,0.0
2011-08-03 00:00:00-04:00,19.75502543173474,19.837518348276074,19.108101892142674,19.746341705322266,5869400,0.0,0.0
2011-08-04 00:00:00-04:00,19.448873551589514,19.448873551589514,18.315886900587273,18.346508026123047,7547200,0.34,0.0
2011-08-05 00:00:00-04:00,18.700842962554354,18.893318874175975,17.786579462080418,18.525863647460938,9419200,0.0,0.0
2011-08-08 00:00:00-04:00,17.79095047065083,18.110287922122154,16.60109698382428,16.609846115112305,14626800,0.0,0.0
2011-08-09 00:00:00-04:00,17.00354865079862,17.839071579044685,16.574851188692264,17.82594871520996,8259300,0.0,0.0
2011-08-10 00:00:00-04:00,17.414751278825765,17.77345738888527,17.01229950368187,17.06479263305664,10337200,0.0,0.0
2011-08-11 00:00:00-04:00,17.10415832364278,18.035919881707397,16.907308723943057,17.782201766967773,6695200,0.0,0.0
2011-08-12 00:00:00-04:00,18.02717526151892,18.35088650267169,17.80845194603708,18.289644241333008,4605700,0.0,0.0
2011-08-15 00:00:00-04:00,18.477743534624146,18.722712541644473,18.30713797351558,18.67021942138672,3792800,0.0,0.0
2011-08-16 00:00:00-04:00,18.482118787898052,18.74896147999765,18.359634274302046,18.477745056152344,4812600,0.0,0.0
2011-08-17 00:00:00-04:00,18.560856925596728,18.779580196773942,18.035920741026178,18.17152976989746,2696700,0.0,0.0
2011-08-18 00:00:00-04:00,17.462871618681476,17.567859561857137,16.754208425607683,16.929187774658203,7582400,0.0,0.0
2011-08-19 00:00:00-04:00,16.71046302127694,17.274769622475926,16.548608221651627,16.5792293548584,4986500,0.0,0.0
2011-08-22 00:00:00-04:00,17.270394482874995,17.31414015149477,16.500489071159926,16.561731338500977,3828300,0.0,0.0
2011-08-23 00:00:00-04:00,16.723588177545327,17.20478057861328,16.531112218354245,17.20478057861328,3489900,0.0,0.0
2011-08-24 00:00:00-04:00,17.18290578351154,17.839075831277732,17.08229324310126,17.804080963134766,4331700,0.0,0.0
2011-08-25 00:00:00-04:00,17.91343888285965,18.053421663542654,17.191651314122733,17.244144439697266,2764000,0.0,0.0
2011-08-26 00:00:00-04:00,17.12603495254486,17.685966063121256,16.75420434358757,17.59847640991211,3911900,0.0,0.0
2011-08-29 00:00:00-04:00,17.93531138532231,18.438375664840216,17.917813120061805,18.416501998901367,2769400,0.0,0.0
2011-08-30 00:00:00-04:00,18.346511432821373,18.810205470748812,18.18465664368858,18.700843811035156,3009900,0.0,0.0
2011-08-31 00:00:00-04:00,18.858329118763564,19.322021592482685,18.59148634191855,18.78833770751953,4330800,0.0,0.0
2011-09-01 00:00:00-04:00,18.722713462803917,18.840824240739583,18.25027201978754,18.394628524780273,4354200,0.0,0.0
2011-09-02 00:00:00-04:00,17.856567352300395,18.005299240342225,17.515359590385767,17.63784408569336,4153200,0.0,0.0
2011-09-06 00:00:00-04:00,17.077918739682808,17.57223228520994,16.97730620381286,17.519739151000977,4045600,0.0,0.0
2011-09-07 00:00:00-04:00,17.8084524566288,18.057796909929014,17.760333058846914,18.035924911499023,6301000,0.0,0.0
2011-09-08 00:00:00-04:00,17.869691886193756,17.935309539805495,17.26601681536125,17.436620712280273,7061900,0.0,0.0
2011-09-09 00:00:00-04:00,17.16540384344476,17.20039870070042,16.66671336056047,16.911684036254883,5888600,0.0,0.0
2011-09-12 00:00:00-04:00,16.60110071176337,16.82419776916504,16.299261455087144,16.82419776916504,6195000,0.0,0.0
2011-09-13 00:00:00-04:00,16.819821518482858,17.26164183486969,16.719209004230933,17.196025848388672,4715400,0.0,0.0
2011-09-14 00:00:00-04:00,17.34038309538001,17.865319353314266,16.96417874938168,17.580978393554688,5744300,0.0,0.0
2011-09-15 00:00:00-04:00,17.82594713136995,18.07529153443335,17.541606202888303,18.03154754638672,4535800,0.0,0.0
2011-09-16 00:00:00-04:00,18.031547358151442,18.145282727121085,17.30101075057042,17.384126663208008,6564000,0.0,0.0
2011-09-19 00:00:00-04:00,17.095417330531323,17.480369213643744,16.916062586867106,17.397254943847656,4883100,0.0,0.0
2011-09-20 00:00:00-04:00,17.427873967661707,17.4978653623621,16.83732167917258,16.867942810058594,3696100,0.0,0.0
2011-09-21 00:00:00-04:00,16.815446744951846,16.981676920607384,15.826818160740167,15.839941024780273,5235500,0.0,0.0
2011-09-22 00:00:00-04:00,15.336875899158425,15.468109524041992,14.986917341167477,15.227514266967773,7415800,0.0,0.0
2011-09-23 00:00:00-04:00,15.166273697018338,15.398121543143834,14.860062394312592,15.192521095275879,4751700,0.0,0.0
2011-09-26 00:00:00-04:00,15.315004623095941,15.721830091707503,14.877558026199754,15.682459831237793,4462200,0.0,0.0
2011-09-27 00:00:00-04:00,16.23363864202761,16.872310082749955,15.953673170408274,16.242387771606445,5982200,0.0,0.0
2011-09-28 00:00:00-04:00,16.334261610427834,16.71483981332357,15.87056745756243,15.918686866760254,4583800,0.0,0.0
2011-09-29 00:00:00-04:00,16.378003389301007,16.544233597896408,15.769952760299434,16.102413177490234,4562100,0.0,0.0
2011-09-30 00:00:00-04:00,15.791823324096852,15.997423782633556,15.529356002807617,15.529356002807617,3629200,0.0,0.0
2011-10-03 00:00:00-04:00,15.441868099065116,15.739331987076318,14.93005626361235,14.9431791305542,3989700,0.0,0.0
2011-10-04 00:00:00-04:00,14.733202325897999,15.673713228354716,14.475108752809396,15.638716697692871,6000000,0.0,0.0
2011-10-05 00:00:00-04:00,15.678083946594821,16.48735937223258,15.520602926341265,16.421743392944336,5992100,0.0,0.0
2011-10-06 00:00:00-04:00,16.478614421893187,17.060419264464958,16.347380761296453,17.056045532226562,5326900,0.0,0.0
2011-10-07 00:00:00-04:00,17.213531588030047,17.48912355008886,16.824204187747778,16.898571014404297,7038900,0.0,0.0
2011-10-10 00:00:00-04:00,17.301014725331402,17.497866052163552,17.19165306250538,17.47161865234375,3432700,0.0,0.0
2011-10-11 00:00:00-04:00,17.279144370693217,17.839075603649718,17.244147834270084,17.712217330932617,2909100,0.0,0.0
2011-10-12 00:00:00-04:00,17.874067685505594,18.595853547719173,17.804076298829255,18.175905227661133,6084400,0.0,0.0
2011-10-13 00:00:00-04:00,17.830326148985478,18.420880175058432,17.694718744600582,18.372760772705078,7315200,0.0,0.0
2011-10-14 00:00:00-04:00,18.805834214872093,18.906446754809707,18.280897845379858,18.447126388549805,4858300,0.0,0.0
2011-10-17 00:00:00-04:00,18.43837753569597,18.43837753569597,17.821577806853824,17.87844467163086,3325600,0.0,0.0
2011-10-18 00:00:00-04:00,18.084043595401745,18.66147300853695,17.73408662815714,18.512741088867188,4541800,0.0,0.0
2011-10-19 00:00:00-04:00,18.403377587448823,18.727088792653465,18.224024555419927,18.298391342163086,3109500,0.0,0.0
2011-10-20 00:00:00-04:00,18.381508458813528,18.438376990636055,17.795329880249167,18.132164001464844,4081400,0.0,0.0
2011-10-21 00:00:00-04:00,18.53898713106173,18.53898713106173,18.119037132360972,18.482118606567383,4249400,0.0,0.0
2011-10-24 00:00:00-04:00,18.490871502813242,19.448879138471444,17.979058015628905,19.3482666015625,7424900,0.0,0.0
2011-10-25 00:00:00-04:00,19.335134757170568,19.335134757170568,18.547731426613357,18.871440887451172,3721200,0.0,0.0
2011-10-26 00:00:00-04:00,19.20390059352498,19.392002708075324,18.59147487144584,19.133909225463867,4408000,0.0,0.0
2011-10-27 00:00:00-04:00,20.126922146138593,20.66935679412905,20.021935871512536,20.48125457763672,5867400,0.0,0.0
2011-10-28 00:00:00-04:00,20.231912796526313,20.752473843954686,20.2100407921133,20.546875,3382900,0.0,0.0
2011-10-31 00:00:00-04:00,20.192528260484927,20.415625217902626,19.597600815736673,19.60634994506836,4996400,0.0,0.0
2011-11-01 00:00:00-04:00,18.880198361264807,19.750717975758175,18.468999088921752,19.37013816833496,6454900,0.0,0.0
2011-11-02 00:00:00-04:00,20.078800967072382,20.078800967072382,19.483873283792246,19.80758285522461,4474100,0.0,0.0
2011-11-03 00:00:00-04:00,20.107294847044784,20.4775300757844,19.723837471998802,20.429046630859375,4179200,0.34,0.0
2011-11-04 00:00:00-04:00,20.120522577780196,20.393790969679706,19.834030355657838,20.248340606689453,2871500,0.0,0.0
2011-11-07 00:00:00-05:00,20.142559375371125,20.28800805211654,19.596020928607413,19.948625564575195,4521700,0.0,0.0
2011-11-08 00:00:00-05:00,20.072041266487048,20.318863705644997,19.65772928986889,20.270381927490234,4245000,0.0,0.0
2011-11-09 00:00:00-05:00,19.648909829688467,19.869287903069356,19.287488242500647,19.371232986450195,3525000,0.0,0.0
2011-11-10 00:00:00-05:00,19.662131751825584,19.807580404295567,19.38445491175403,19.609241485595703,2861500,0.0,0.0
2011-11-11 00:00:00-05:00,20.01914106157812,20.384969428092955,19.891323071639597,20.116107940673828,2245700,0.0,0.0
2011-11-14 00:00:00-05:00,20.045592622899594,20.389381935421984,19.957441042897262,20.31886100769043,3856300,0.0,0.0
2011-11-15 00:00:00-05:00,20.288001926571035,20.596531520395494,20.116107323521256,20.468711853027344,2539700,0.0,0.0
2011-11-16 00:00:00-05:00,20.217487565117565,20.345307273861252,19.763509191509062,19.811992645263672,3766900,0.0,0.0
2011-11-17 00:00:00-05:00,19.701801739034995,19.794360134047135,19.128819036746123,19.327157974243164,3522500,0.0,0.0
2011-11-18 00:00:00-05:00,19.468198376091948,19.543127796039485,19.216967504614313,19.358009338378906,2078900,0.0,0.0
2011-11-21 00:00:00-05:00,18.974554094239636,19.106780618112268,18.692470394950963,18.996591567993164,2485300,0.0,0.0
2011-11-22 00:00:00-05:00,18.974552649075324,18.974552649075324,18.46327556271728,18.758583068847656,2630000,0.0,0.0
2011-11-23 00:00:00-05:00,18.47649990114838,18.538207184169448,17.9960772363352,18.01370620727539,3159300,0.0,0.0
2011-11-25 00:00:00-05:00,18.00489578547274,18.256126764332212,17.8594470678261,17.872669219970703,1337700,0.0,0.0
2011-11-28 00:00:00-05:00,18.57346085081237,18.76739460112297,18.423603717095546,18.65720558166504,2299300,0.0,0.0
2011-11-29 00:00:00-05:00,18.7718059181553,18.996590831893425,18.635170896015556,18.67483901977539,2118800,0.0,0.0
2011-11-30 00:00:00-05:00,19.50786326926298,19.94861934719017,19.43293554306384,19.794355392456055,3967400,0.0,0.0
2011-12-01 00:00:00-05:00,19.68857611496552,20.014736400815377,19.60924155601144,19.653316497802734,2258300,0.0,0.0
2011-12-02 00:00:00-05:00,19.87369390662458,20.085256646598914,19.728243577132176,19.759098052978516,2634200,0.0,0.0
2011-12-05 00:00:00-05:00,20.173401937652528,20.556859179573156,19.97065458503709,20.27918243408203,3477900,0.0,0.0
2011-12-06 00:00:00-05:00,20.288005682877507,20.477530967830788,20.169001316882333,20.323266983032227,3080100,0.0,0.0
2011-12-07 00:00:00-05:00,20.160188348596947,20.213078619249607,19.776729262648825,20.094074249267578,4217900,0.0,0.0
2011-12-08 00:00:00-05:00,19.904549028238073,19.97947845316599,19.300713532213447,19.36241912841797,3210500,0.0,0.0
2011-12-09 00:00:00-05:00,19.49905508018057,19.70620935141811,19.24782249866226,19.547536849975586,4163900,0.0,0.0
2011-12-12 00:00:00-05:00,19.243419280282428,19.32716236890398,18.93048272236043,19.133230209350586,2577000,0.0,0.0
2011-12-13 00:00:00-05:00,19.318348766336236,19.547540554801174,18.824700516876295,19.00981903076172,4723100,0.0,0.0
2011-12-14 00:00:00-05:00,18.81147949397818,18.84233230124985,18.309017568294486,18.44124412536621,3968500,0.0,0.0
2011-12-15 00:00:00-05:00,18.692466391715467,18.74976515628454,18.23848814048259,18.502941131591797,3760400,0.0,0.0
2011-12-16 00:00:00-05:00,18.740951279330524,19.102371179714385,18.538203858403236,18.595500946044922,7261600,0.0,0.0
2011-12-19 00:00:00-05:00,18.732135619435702,18.85113997689779,18.344269752301987,18.405975341796875,2212500,0.0,0.0
2011-12-20 00:00:00-05:00,18.72773413425533,19.29190160622301,18.70569497628334,19.230195999145508,2655400,0.0,0.0
2011-12-21 00:00:00-05:00,19.26103973388672,19.318338491202503,18.789430894585873,19.26103973388672,3862600,0.0,0.0
2011-12-22 00:00:00-05:00,19.28308590270658,19.472611224372745,19.053892451357925,19.120006561279297,2804700,0.0,0.0
2011-12-23 00:00:00-05:00,19.243407556361593,19.582789889827396,19.18170198324977,19.551937103271484,2196400,0.0,0.0
2011-12-27 00:00:00-05:00,19.538730258005426,19.701809640528307,19.42854116793687,19.596027374267578,1071700,0.0,0.0
2011-12-28 00:00:00-05:00,19.556350554058124,19.6312799763487,19.058297298594006,19.084741592407227,1770800,0.0,0.0
2011-12-29 00:00:00-05:00,19.08034064958849,19.397684042586302,19.08034064958849,19.353609085083008,1939000,0.0,0.0
2011-12-30 00:00:00-05:00,19.300716646476015,19.384459728930015,19.172896930084388,19.186119079589844,1722500,0.0,0.0
2012-01-03 00:00:00-05:00,19.737061073477093,20.11611165481797,19.715023600891286,20.049999237060547,3382300,0.0,0.0
2012-01-04 00:00:00-05:00,20.036776028792584,20.151373579949087,19.904549507832446,20.045591354370117,2456700,0.0,0.0
2012-01-05 00:00:00-05:00,20.050001675924417,20.16900437863344,19.82962356055698,20.124929428100586,3620600,0.0,0.0
2012-01-06 00:00:00-05:00,20.257158938289106,20.257158938289106,19.842848625792808,19.96185302734375,3010100,0.0,0.0
2012-01-09 00:00:00-05:00,19.97507174413726,20.10729827378914,19.856067363045106,20.072038650512695,6210700,0.0,0.0
2012-01-10 00:00:00-05:00,20.367347816236958,21.059335059028644,20.367347816236958,21.041706085205078,4055900,0.0,0.0
2012-01-11 00:00:00-05:00,20.944735722805017,21.30615568777617,20.93592039666529,21.27530288696289,3545900,0.0,0.0
2012-01-12 00:00:00-05:00,21.359037789998943,21.72486611872761,21.151883589715496,21.671974182128906,2476400,0.0,0.0
2012-01-13 00:00:00-05:00,21.394302916932897,21.517714095088287,21.204777646850726,21.46923065185547,3139900,0.0,0.0
2012-01-17 00:00:00-05:00,21.848283087986726,22.011362399179767,21.544161937704896,21.570606231689453,3330900,0.0,0.0
2012-01-18 00:00:00-05:00,21.530943498597274,21.817435751716072,21.47364639305493,21.786582946777344,3489200,0.0,0.0
2012-01-19 00:00:00-05:00,21.839464570267786,22.125956709796114,21.75572151597311,22.051027297973633,3542300,0.0,0.0
2012-01-20 00:00:00-05:00,21.610276307820087,21.610276307820087,21.244449530031133,21.32378578186035,4948200,0.0,0.0
2012-01-23 00:00:00-05:00,21.36345348634586,21.605869059330207,21.129851557745123,21.191558837890625,3279600,0.0,0.0
2012-01-24 00:00:00-05:00,21.12985601649538,21.52653735152263,20.949146004172263,21.513315200805664,2283600,0.0,0.0
2012-01-25 00:00:00-05:00,21.52212553601961,21.90558295002935,21.24444866591187,21.83506202697754,3016400,0.0,0.0
2012-01-26 00:00:00-05:00,21.076962486292572,21.610277113532913,21.024072210218307,21.56620216369629,7389500,0.0,0.0
2012-01-27 00:00:00-05:00,21.48686195782547,22.033400314598556,21.460415983975544,21.848281860351562,3880000,0.0,0.0
2012-01-30 00:00:00-05:00,21.63231508310389,21.88795280456543,21.48686473018929,21.88795280456543,3028600,0.0,0.0
2012-01-31 00:00:00-05:00,22.002546063234565,22.07306866089038,21.456009382212123,21.610273361206055,3460400,0.0,0.0
2012-02-01 00:00:00-05:00,21.879136957023498,22.103923555012212,21.68520483911385,21.958473205566406,3653100,0.0,0.0
2012-02-02 00:00:00-05:00,22.01177126660492,22.145014091531305,21.851879198983486,21.909618377685547,1919000,0.38,0.0
2012-02-03 00:00:00-05:00,22.2738133410215,22.735721628045958,22.229397942276883,22.6202449798584,2897700,0.0,0.0
2012-02-06 00:00:00-05:00,22.433706619080134,22.8734098054818,22.37152674700351,22.69131088256836,3860100,0.0,0.0
2012-02-07 00:00:00-05:00,22.562508677262635,22.868969037604597,22.482562643632075,22.780139923095703,2377800,0.0,0.0
2012-02-08 00:00:00-05:00,22.855644534214186,22.940032958984375,22.704635541455144,22.940032958984375,2077300,0.0,0.0
2012-02-09 00:00:00-05:00,22.993330963934877,23.051070147987566,22.828998187772942,23.006654739379883,2042800,0.0,0.0
2012-02-10 00:00:00-05:00,22.66021640262104,22.886728990375385,22.558063534082876,22.846755981445312,2510400,0.0,0.0
2012-02-13 00:00:00-05:00,22.99777197654741,23.179870918677413,22.82011542247707,23.117691040039062,2284100,0.0,0.0
2012-02-14 00:00:00-05:00,23.068838429674543,23.068838429674543,22.722406656653853,22.980010986328125,2713500,0.0,0.0
2012-02-15 00:00:00-05:00,23.05551132026667,23.05551132026667,22.455917692951466,22.59360122680664,3833800,0.0,0.0
2012-02-16 00:00:00-05:00,22.553622196898658,22.717956626966195,22.34043337077572,22.65577507019043,4861400,0.0,0.0
2012-02-17 00:00:00-05:00,22.8023451555563,22.82899439629496,22.54918329849915,22.57139015197754,2662400,0.0,0.0
2012-02-21 00:00:00-05:00,22.87784661139459,23.28201740549038,22.846756680639082,23.068828582763672,3294900,0.0,0.0
2012-02-22 00:00:00-05:00,23.073276055096134,23.36641096273842,23.033303036132434,23.166545867919922,2615500,0.0,0.0
2012-02-23 00:00:00-05:00,23.08215610834954,23.166542828747033,22.82011117269234,23.03774070739746,2246400,0.0,0.0
2012-02-24 00:00:00-05:00,23.104366538974464,23.317555413729902,22.948915152984856,22.984447479248047,4729700,0.0,0.0
2012-02-27 00:00:00-05:00,22.895615380183393,23.397498410594046,22.740165708685307,23.175426483154297,2933300,0.0,0.0
2012-02-28 00:00:00-05:00,23.166545098616588,23.348644024676492,23.07327528889006,23.32199478149414,2584800,0.0,0.0
2012-02-29 00:00:00-05:00,23.339760767458507,23.566275097112715,23.162104230407095,23.179868698120117,3906000,0.0,0.0
2012-03-01 00:00:00-05:00,23.22872232643859,23.406380538873297,22.971119782109966,23.188749313354492,2521600,0.0,0.0
2012-03-02 00:00:00-05:00,23.13989400926597,23.162102557283305,22.713516318012797,22.771255493164062,2024800,0.0,0.0
2012-03-05 00:00:00-05:00,22.771254399705434,22.80678502513321,22.45147029948418,22.526975631713867,2171200,0.0,0.0
2012-03-06 00:00:00-05:00,22.180543961194868,22.211633896137084,21.532094326293784,21.629806518554688,4229800,0.0,0.0
2012-03-07 00:00:00-05:00,21.718637950471244,21.8385553156169,21.540979708158055,21.652015686035156,4340000,0.0,0.0
2012-03-08 00:00:00-05:00,21.90961394039308,21.989558263738456,21.705306509657692,21.887405395507812,3475900,0.0,0.0
2012-03-09 00:00:00-05:00,22.025098505410728,22.078395304910096,21.736404260762633,21.767494201660156,3345200,0.0,0.0
2012-03-12 00:00:00-04:00,21.816348383206403,21.82079077109983,21.518772776779972,21.594276428222656,3781600,0.0,0.0
2012-03-13 00:00:00-04:00,21.87408821861534,22.349322080919432,21.74084538050408,22.309349060058594,4630200,0.0,0.0
2012-03-14 00:00:00-04:00,22.247168870892843,22.47368152308805,22.247168870892843,22.37152862548828,3202000,0.0,0.0
2012-03-15 00:00:00-04:00,22.384859380273124,22.504776775217724,22.27826406954183,22.495895385742188,3015000,0.0,0.0
2012-03-16 00:00:00-04:00,22.54918702717525,22.70907910949792,22.47368167973417,22.66022300720215,3148000,0.0,0.0
2012-03-19 00:00:00-04:00,22.63357845740128,22.72240759870536,22.48256942546684,22.58916473388672,2762700,0.0,0.0
2012-03-20 00:00:00-04:00,22.407058044188112,22.500327848030448,22.12724693838673,22.184986114501953,2626300,0.0,0.0
2012-03-21 00:00:00-04:00,22.22939847005502,22.32266826822183,21.985119701119658,22.176101684570312,2754000,0.0,0.0
2012-03-22 00:00:00-04:00,21.976235054805816,22.020650451439256,21.30113627444481,21.616477966308594,4033200,0.0,0.0
2012-03-23 00:00:00-04:00,21.6164787465091,21.971795155304434,21.452146008719488,21.896289825439453,2720000,0.0,0.0
2012-03-26 00:00:00-04:00,22.220517096936774,22.353761612294953,22.09171666331127,22.322669982910156,3031900,0.0,0.0
2012-03-27 00:00:00-04:00,22.42482487019912,22.42482487019912,22.22940048194438,22.26049041748047,2225100,0.0,0.0
2012-03-28 00:00:00-04:00,22.26493952704777,22.304912555415985,21.554308099865594,21.900741577148438,3969000,0.0,0.0
2012-03-29 00:00:00-04:00,21.66089671496448,21.90517550429103,21.434382392766214,21.82967185974121,3038400,0.0,0.0
2012-03-30 00:00:00-04:00,22.007329536983335,22.14945544705728,21.727518410280158,22.131690979003906,3552000,0.0,0.0
2012-04-02 00:00:00-04:00,22.127248533293198,22.33599670441231,21.92294274988166,22.247167587280273,2362100,0.0,0.0
2012-04-03 00:00:00-04:00,22.15389333940668,22.309342992546128,21.860758497576473,21.936262130737305,2645600,0.0,0.0
2012-04-04 00:00:00-04:00,21.767486638051743,21.767486638051743,21.483234880458582,21.53653335571289,2719700,0.0,0.0
2012-04-05 00:00:00-04:00,21.496568864787754,21.567631832345945,21.2123153002802,21.318910598754883,3082700,0.0,0.0
2012-04-09 00:00:00-04:00,21.043536906771326,21.087950615790934,20.82146497312449,21.016887664794922,2598100,0.0,0.0
2012-04-10 00:00:00-04:00,20.97691531260043,21.047978265844616,20.483915333223827,20.630483627319336,2750900,0.0,0.0
2012-04-11 00:00:00-04:00,20.963588441792496,20.994678373352375,20.390642512861824,20.501678466796875,4824400,0.0,0.0
2012-04-12 00:00:00-04:00,20.586067431901558,21.287815550723614,20.568302964978688,21.19454574584961,2627800,0.0,0.0
2012-04-13 00:00:00-04:00,21.105716511424898,21.172337074115678,20.7681662277372,20.8170223236084,2283300,0.0,0.0
2012-04-16 00:00:00-04:00,20.94138655251688,21.15457543128044,20.674899183356484,20.745962142944336,6722800,0.0,0.0
2012-04-17 00:00:00-04:00,20.954712861580838,21.2967039254078,20.839234479366638,21.141252517700195,2791100,0.0,0.0
2012-04-18 00:00:00-04:00,21.0124485689793,21.181222031503573,20.856997187044385,21.079069137573242,2781600,0.0,0.0
2012-04-19 00:00:00-04:00,21.056858724541243,21.172335373829636,20.65712860340018,20.843669891357422,2604100,0.0,0.0
2012-04-20 00:00:00-04:00,20.932504981231897,21.310026663607086,20.923621898858105,21.070188522338867,3035400,0.0,0.0
2012-04-23 00:00:00-04:00,20.55497731890737,21.11459953185302,20.47947367588459,21.052419662475586,4875700,0.0,0.0
2012-04-24 00:00:00-04:00,21.203431864216792,21.80302548919428,21.203431864216792,21.52321434020996,4483100,0.0,0.0
2012-04-25 00:00:00-04:00,21.914055847279894,21.949586471372044,21.598714146012483,21.665334701538086,4370000,0.0,0.0
2012-04-26 00:00:00-04:00,21.580946415695024,21.754162219435013,21.389964454065275,21.74972152709961,7451000,0.0,0.0
2012-04-27 00:00:00-04:00,21.900737054469946,21.95403384986304,21.758611137238642,21.79414176940918,3154300,0.0,0.0
2012-04-30 00:00:00-04:00,21.78081344544784,21.798579604960132,21.341110316026853,21.398849487304688,2154600,0.0,0.0
2012-05-01 00:00:00-04:00,21.3722031707671,21.53209523969513,20.88364557728652,21.29669952392578,3688200,0.0,0.0
2012-05-02 00:00:00-04:00,21.19454454649777,21.216751399600508,21.00800325303133,21.154571533203125,2694900,0.0,0.0
2012-05-03 00:00:00-04:00,21.22172781673112,21.226204222878195,20.747148493836765,20.823259353637695,4057900,0.38,0.0
2012-05-04 00:00:00-04:00,20.706858553847137,20.733722120328732,20.272573622513978,20.312868118286133,4122200,0.0,0.0
2012-05-07 00:00:00-04:00,20.24570748022575,20.662083279138585,20.23675295995987,20.41583824157715,4746200,0.0,0.0
2012-05-08 00:00:00-04:00,20.268094665103806,20.42927262791183,19.977078709155958,20.375545501708984,4672600,0.0,0.0
2012-05-09 00:00:00-04:00,20.05766914668171,20.50538498347327,19.936785665799945,20.178552627563477,3030000,0.0,0.0
2012-05-10 00:00:00-04:00,20.397934314539043,20.43822880851293,20.03976027570433,20.106918334960938,2690500,0.0,0.0
2012-05-11 00:00:00-04:00,19.98603216335236,20.30838807176132,19.923352227361764,20.017372131347656,1875200,0.0,0.0
2012-05-14 00:00:00-04:00,19.766658450736006,20.017378271605782,19.614434970393347,19.797998428344727,2802000,0.0,0.0
2012-05-15 00:00:00-04:00,19.85172275064086,19.932311747958934,19.699499278806783,19.73979377746582,2949400,0.0,0.0
2012-05-16 00:00:00-04:00,19.86067133505844,20.026325687614317,19.53383903605898,19.551746368408203,3064100,0.0,0.0
2012-05-17 00:00:00-04:00,19.524885854355496,19.614429353840105,19.005535606824996,19.014490127563477,3243600,0.0,0.0
2012-05-18 00:00:00-04:00,19.139852251112153,19.395050144494952,18.902563401310704,18.983152389526367,3348400,0.0,0.0
2012-05-21 00:00:00-04:00,19.184627532493973,19.417440028507183,18.692140676862696,18.844364166259766,19512500,0.0,0.0
2012-05-22 00:00:00-04:00,18.884658385515188,19.13090180962697,18.804069380111223,19.10403823852539,10777600,0.0,0.0
2012-05-23 00:00:00-04:00,18.94285611222647,19.22939395095309,18.77272363001995,19.211484909057617,7600000,0.0,0.0
2012-05-24 00:00:00-04:00,19.3144613650879,19.47563934326172,19.117467007264576,19.47563934326172,5343800,0.0,0.0
2012-05-25 00:00:00-04:00,19.395049568521824,19.632338411276525,19.242826118401737,19.38609504699707,4677700,0.0,0.0
2012-05-29 00:00:00-04:00,19.56070138880018,19.789037388068348,19.462205080710106,19.596519470214844,4638100,0.0,0.0
2012-05-30 00:00:00-04:00,19.301032507103805,19.457732387196728,19.126423581314373,19.404006958007812,4826700,0.0,0.0
2012-05-31 00:00:00-04:00,19.381619337107722,19.475639254647856,18.907039926633075,19.099557876586914,5309800,0.0,0.0
2012-06-01 00:00:00-04:00,18.53991330374256,18.624978700506496,18.007132056409713,18.01608657836914,7708100,0.0,0.0
2012-06-04 00:00:00-04:00,17.971309317883335,18.038467361249413,17.13855777806393,17.554933547973633,9143800,0.0,0.0
2012-06-05 00:00:00-04:00,17.474343837469785,17.984739480110424,17.326598539394826,17.948923110961914,9262000,0.0,0.0
2012-06-06 00:00:00-04:00,18.123539490833974,18.508575439453125,17.984746946501296,18.508575439453125,10249600,0.0,0.0
2012-06-07 00:00:00-04:00,18.871219627678286,19.139848395685785,18.3787312757978,18.423503875732422,4649900,0.0,0.0
2012-06-08 00:00:00-04:00,18.37425882639535,18.472755151661218,18.195171803893082,18.463802337646484,4931400,0.0,0.0
2012-06-11 00:00:00-04:00,18.683176611455455,18.736902019128177,17.922059553175597,17.948923110961914,4263000,0.0,0.0
2012-06-12 00:00:00-04:00,18.217561104490258,18.217561104490258,17.86386680755078,18.204130172729492,5278500,0.0,0.0
2012-06-13 00:00:00-04:00,18.06981287722624,18.119061896437692,17.51016803691522,17.586278915405273,5462400,0.0,0.0
2012-06-14 00:00:00-04:00,17.613137558297346,17.805655466172155,17.53702499318636,17.675817489624023,3759100,0.0,0.0
2012-06-15 00:00:00-04:00,17.729551127255345,17.850434640001733,17.631054778570043,17.837003707885742,4082800,0.0,0.0
2012-06-18 00:00:00-04:00,17.70268438880524,17.796704303531584,17.577322794603088,17.666866302490234,2975900,0.0,0.0
2012-06-19 00:00:00-04:00,17.742977613166108,18.020560930656075,17.742977613166108,17.863861083984375,4411900,0.0,0.0
2012-06-20 00:00:00-04:00,17.8325170862233,17.890718897324664,17.492252199031427,17.563886642456055,4959900,0.0,0.0
2012-06-21 00:00:00-04:00,17.702684179762194,17.71611510802154,16.87888699114892,16.914703369140625,4469000,0.0,0.0
2012-06-22 00:00:00-04:00,17.353464153357343,17.36241867456174,16.990815438030783,17.129606246948242,9478700,0.0,0.0
2012-06-25 00:00:00-04:00,16.94156650910063,17.008724564515443,16.552054228235473,16.60577964782715,7228600,0.0,0.0
2012-06-26 00:00:00-04:00,16.704279237845512,16.847548175439165,16.5520557781647,16.74905014038086,8331100,0.0,0.0
2012-06-27 00:00:00-04:00,16.82516064007388,16.87888605804153,16.663982678270685,16.820682525634766,4512700,0.0,0.0
2012-06-28 00:00:00-04:00,16.650549887300567,16.816205961995276,16.538620937971817,16.78038787841797,5042600,0.0,0.0
2012-06-29 00:00:00-04:00,17.18781250952332,17.74298095703125,17.15199612691989,17.74298095703125,7884400,0.0,0.0
2012-07-02 00:00:00-04:00,17.707156966090082,17.73402052501651,17.34003020026217,17.554933547973633,5470000,0.0,0.0
2012-07-03 00:00:00-04:00,17.66686331365348,18.12801170349121,17.595228861042774,18.12801170349121,2904500,0.0,0.0
2012-07-05 00:00:00-04:00,18.007126620193326,18.199644514450284,17.88624317208547,18.025033950805664,3891000,0.0,0.0
2012-07-06 00:00:00-04:00,17.716114368701216,17.765363380797368,17.460916495021387,17.68477439880371,3061600,0.0,0.0
2012-07-09 00:00:00-04:00,17.680296551133093,17.73402196544977,17.43852962485786,17.54598045349121,3384000,0.0,0.0
2012-07-10 00:00:00-04:00,17.644474022361234,17.80565193258646,16.735611782690842,16.90126609802246,6720200,0.0,0.0
2012-07-11 00:00:00-04:00,16.94604568806789,16.972909256208627,16.49832979979238,16.583396911621094,7978200,0.0,0.0
2012-07-12 00:00:00-04:00,16.46250742008129,16.686365282674892,16.287898560522276,16.614730834960938,5163500,0.0,0.0
2012-07-13 00:00:00-04:00,16.76247944512546,17.116175347739905,16.637119563854636,17.053495407104492,4305300,0.0,0.0
2012-07-16 00:00:00-04:00,17.035581738544586,17.035581738544586,16.686364045322275,16.963947296142578,2571900,0.0,0.0
2012-07-17 00:00:00-04:00,17.098268808472387,17.31765034071388,16.793821874043662,17.178857803344727,3456100,0.0,0.0
2012-07-18 00:00:00-04:00,17.00424694473095,17.725069701169918,16.97738338020329,17.5146427154541,4384300,0.0,0.0
2012-07-19 00:00:00-04:00,17.572838488530625,17.9086252112414,17.469864098513938,17.698198318481445,4572600,0.0,0.0
2012-07-20 00:00:00-04:00,17.56837242954747,17.62209785860769,17.3892853888126,17.487783432006836,5318700,0.0,0.0
2012-07-23 00:00:00-04:00,17.214678212161026,18.69214047065673,17.013205697843254,18.163835525512695,10313900,0.0,0.0
2012-07-24 00:00:00-04:00,18.114577328237896,18.383207780631825,18.092191884180046,18.35634422302246,7747000,0.0,0.0
2012-07-25 00:00:00-04:00,18.69662025945092,18.916001860911933,18.486194891246644,18.830936431884766,7446000,0.0,0.0
2012-07-26 00:00:00-04:00,19.211484898939553,19.475637289107826,19.059261458708676,19.323413848876953,6833600,0.0,0.0
2012-07-27 00:00:00-04:00,19.480113025660557,19.847241540097006,19.417433089115367,19.721879959106445,6961100,0.0,0.0
2012-07-30 00:00:00-04:00,19.654722836347794,19.72187917659584,19.57413386173005,19.668153762817383,4371400,0.0,0.0
2012-07-31 00:00:00-04:00,19.659195261586145,19.708444259201947,19.556220861071182,19.62785530090332,5631600,0.0,0.0
2012-08-01 00:00:00-04:00,19.789045769351286,19.82486215803519,19.484598779984278,19.53384780883789,3983900,0.0,0.0
2012-08-02 00:00:00-04:00,19.479644775390625,19.556424368748196,19.149940824154836,19.479644775390625,5607100,0.38,0.0
2012-08-03 00:00:00-04:00,19.827417939856858,20.084858071566384,19.74160341401603,19.97646141052246,4573400,0.0,0.0
2012-08-06 00:00:00-04:00,20.0758238440806,20.24293370350741,19.967427188591667,20.017108917236328,3119000,0.0,0.0
2012-08-07 00:00:00-04:00,20.075818902548782,20.369390018696745,20.075818902548782,20.166149139404297,3086300,0.0,0.0
2012-08-08 00:00:00-04:00,20.066788785511758,20.513920856047818,19.958392140072156,20.4823055267334,4916200,0.0,0.0
2012-08-09 00:00:00-04:00,20.428107068742495,20.640382889130187,20.414558134813458,20.550052642822266,2324100,0.0,0.0
2012-08-10 00:00:00-04:00,20.450685956941857,20.857171139422327,20.401004243204703,20.8436222076416,2582900,0.0,0.0
2012-08-13 00:00:00-04:00,20.784910176486076,20.861689764416294,20.541019033226373,20.748777389526367,3531600,0.0,0.0
2012-08-14 00:00:00-04:00,20.80749156405447,20.839106890062492,20.437139125469603,20.6629638671875,5252300,0.0,0.0
2012-08-15 00:00:00-04:00,20.681037028249218,20.68555276648277,20.477794349607223,20.64942169189453,3352800,0.0,0.0
2012-08-16 00:00:00-04:00,20.64038904277217,20.888796001998386,20.513925971075437,20.798465728759766,2892300,0.0,0.0
2012-08-17 00:00:00-04:00,20.93846893310547,20.94750212892124,20.77135911777856,20.93846893310547,2606900,0.0,0.0
2012-08-20 00:00:00-04:00,20.834593845718608,20.929439835999425,20.62231800974188,20.802978515625,2294700,0.0,0.0
2012-08-21 00:00:00-04:00,20.83459411193618,21.123649546717616,20.586187205352527,20.631351470947266,2718400,0.0,0.0
2012-08-22 00:00:00-04:00,20.57263453072638,20.77136141483823,20.43262428736335,20.730712890625,2843600,0.0,0.0
2012-08-23 00:00:00-04:00,20.64038174429422,20.86168902642218,20.550051502996542,20.6719970703125,2729800,0.0,0.0
2012-08-24 00:00:00-04:00,20.59069849491,21.078479005010617,20.491335064577722,20.974599838256836,3700700,0.0,0.0
2012-08-27 00:00:00-04:00,20.961053959989194,21.060417404798145,20.76232879327747,20.852657318115234,2388100,0.0,0.0
2012-08-28 00:00:00-04:00,20.739748305671117,20.81201389392147,20.563605241577005,20.6132869720459,2644400,0.0,0.0
2012-08-29 00:00:00-04:00,20.36488137509012,20.55457338793957,20.297133243125852,20.464244842529297,4111000,0.0,0.0
2012-08-30 00:00:00-04:00,20.324222907591402,20.378420352931375,20.02161863796201,20.098398208618164,2634100,0.0,0.0
2012-08-31 00:00:00-04:00,20.260994088724306,20.36035751653375,20.093884278876875,20.197763442993164,2501600,0.0,0.0
2012-09-04 00:00:00-04:00,20.21131853299273,20.215834270675476,19.448031369534956,19.97194480895996,6528000,0.0,0.0
2012-09-05 00:00:00-04:00,20.06227154690293,20.06227154690293,19.737085052805913,19.86354637145996,2798700,0.0,0.0
2012-09-06 00:00:00-04:00,20.06679095124681,21.046869711582566,20.062273490625063,20.821044921875,5719200,0.0,0.0
2012-09-07 00:00:00-04:00,21.227530122274597,21.746927825067285,21.17333265544003,21.42173957824707,6581600,0.0,0.0
2012-09-10 00:00:00-04:00,21.313332617692907,21.43076241578691,21.19138708409017,21.28171730041504,3280000,0.0,0.0
2012-09-11 00:00:00-04:00,21.272691332824998,21.615945926881967,21.137196823762995,21.507549285888672,3236600,0.0,0.0
2012-09-12 00:00:00-04:00,21.53012952143521,21.661108281923312,21.39915248385312,21.52561378479004,3104500,0.0,0.0
2012-09-13 00:00:00-04:00,21.516584260404144,21.656596240981678,21.132682832529326,21.597881317138672,4615200,0.0,0.0
2012-09-14 00:00:00-04:00,21.706273610097337,21.859834495005032,21.21397563109084,21.331403732299805,6822900,0.0,0.0
2012-09-17 00:00:00-04:00,21.340443521128748,21.412707387945414,21.200431525399875,21.344959259033203,3345600,0.0,0.0
2012-09-18 00:00:00-04:00,21.47141737054277,21.661109331136384,21.28624114681306,21.521099090576172,3969700,0.0,0.0
2012-09-19 00:00:00-04:00,21.58432808372456,22.21212055678561,21.3449526986055,21.914031982421875,5073300,0.0,0.0
2012-09-20 00:00:00-04:00,21.774029105912582,21.774029105912582,21.326896919439427,21.665634155273438,4714200,0.0,0.0
2012-09-21 00:00:00-04:00,21.737895965576172,21.868873041584155,21.498520503410173,21.737895965576172,4200300,0.0,0.0
2012-09-24 00:00:00-04:00,21.552718072795006,21.683695138935715,21.376575015824418,21.557233810424805,2278800,0.0,0.0
2012-09-25 00:00:00-04:00,21.51206300912292,21.56174472249388,20.85265352652539,20.87975311279297,3989200,0.0,0.0
2012-09-26 00:00:00-04:00,20.879759708414603,21.096551298319056,20.66748385619494,20.902341842651367,3328900,0.0,0.0
2012-09-27 00:00:00-04:00,21.105578101780456,21.29075430306531,20.98815000558518,21.272687911987305,2634800,0.0,0.0
2012-09-28 00:00:00-04:00,21.105582788255827,21.39012248074561,20.95653933603202,21.34947395324707,3693600,0.0,0.0
2012-10-01 00:00:00-04:00,21.263658359427914,21.674659317582915,21.159777462802047,21.290756225585938,4294200,0.0,0.0
2012-10-02 00:00:00-04:00,21.335926460141785,21.41722179772607,20.924925420064024,21.0649356842041,3682500,0.0,0.0
2012-10-03 00:00:00-04:00,21.20043021071975,21.290760469365647,20.93395689531287,21.0649356842041,3663800,0.0,0.0
2012-10-04 00:00:00-04:00,21.247079849243164,21.347259521735587,21.04672224131742,21.247079849243164,3197800,0.38,0.0
2012-10-05 00:00:00-04:00,21.45653860846239,21.72975534375577,21.392788558011517,21.529396057128906,3000600,0.0,0.0
2012-10-08 00:00:00-04:00,21.397348779673322,21.456544278128867,21.17877463885926,21.315383911132812,2862300,0.0,0.0
2012-10-09 00:00:00-04:00,21.31083260148504,21.34270764000796,21.0512777237645,21.07859992980957,2478400,0.0,0.0
2012-10-10 00:00:00-04:00,20.75529056114714,21.00118341502301,20.345466242922445,20.427431106567383,6362000,0.0,0.0
2012-10-11 00:00:00-04:00,20.568585849971406,20.696087679199785,20.19974580132033,20.33180046081543,4047100,0.0,0.0
2012-10-12 00:00:00-04:00,20.33636168833551,20.650559218231425,20.24984398107527,20.477523803710938,4280400,0.0,0.0
2012-10-15 00:00:00-04:00,20.482072843173132,20.627787763713055,20.199750401759385,20.582252502441406,3676500,0.0,0.0
2012-10-16 00:00:00-04:00,20.723415759420078,20.96020297275264,20.650558288937685,20.946542739868164,3104100,0.0,0.0
2012-10-17 00:00:00-04:00,20.996629387022978,21.297166624242028,20.809932038705977,21.283506393432617,2964000,0.0,0.0
2012-10-18 00:00:00-04:00,21.183328448682303,21.23341828177997,20.951094083785673,21.178773880004883,3526800,0.0,0.0
2012-10-19 00:00:00-04:00,20.97841622794303,21.046720861447678,20.62778913426654,20.860023498535156,5367700,0.0,0.0
2012-10-22 00:00:00-04:00,21.333594635540006,21.397346432903195,20.828146984387626,20.992074966430664,4846800,0.0,0.0
2012-10-23 00:00:00-04:00,20.723415752320083,20.878238094174517,20.42287846955078,20.74163055419922,3953400,0.0,0.0
2012-10-24 00:00:00-04:00,20.964758677951934,21.023954181698876,20.450201787687536,20.486631393432617,3621900,0.0,0.0
2012-10-25 00:00:00-04:00,20.79172499514575,21.02395769082556,20.35913290854426,20.682437896728516,2964200,0.0,0.0
2012-10-26 00:00:00-04:00,20.70064637975348,20.832701076696637,20.336359058064566,20.54582405090332,3108900,0.0,0.0
2012-10-31 00:00:00-04:00,20.47296179805387,21.84814763570781,20.47296179805387,21.5020751953125,7927300,0.0,0.0
2012-11-01 00:00:00-04:00,21.73886529686007,22.67235201043985,21.73886529686007,22.581279754638672,8070100,0.0,0.0
2012-11-02 00:00:00-04:00,22.713331105485466,22.91824321670229,22.330829076900248,22.4036865234375,5772700,0.0,0.0
2012-11-05 00:00:00-05:00,22.303515793145863,23.04575252049012,22.239765719090386,22.99110984802246,5326000,0.0,0.0
2012-11-06 00:00:00-05:00,22.968337823509874,23.145929528378005,22.90458775681523,22.959230422973633,4338100,0.0,0.0
2012-11-07 00:00:00-05:00,22.512984264068923,22.818076184247328,22.257983928819577,22.563074111938477,4935700,0.0,0.0
2012-11-08 00:00:00-05:00,22.453785136624997,22.576732451501766,22.176015470095173,22.257980346679688,4796300,0.0,0.0
2012-11-09 00:00:00-05:00,22.039403601755126,22.690567917515544,21.90279434285018,22.335386276245117,3849400,0.0,0.0
2012-11-12 00:00:00-05:00,22.34450165155639,22.71334365554713,22.28075156774405,22.563074111938477,2594600,0.0,0.0
2012-11-13 00:00:00-05:00,22.280743451253848,22.71788821277373,21.91645614998728,22.52663803100586,2952800,0.0,0.0
2012-11-14 00:00:00-05:00,22.26708216880362,22.65413708242352,22.00297280219519,22.062170028686523,3688200,0.0,0.0
2012-11-15 00:00:00-05:00,21.993865585972998,22.31261761357874,21.825383041389788,21.975650787353516,4564900,0.0,0.0
2012-11-16 00:00:00-05:00,22.21699449850108,22.380924226510007,21.96654707495809,22.285297393798828,4987400,0.0,0.0
2012-11-19 00:00:00-05:00,22.549408367845412,22.904588312073958,22.54030096708839,22.881820678710938,2972300,0.0,0.0
2012-11-20 00:00:00-05:00,22.804406809023984,23.196014557935776,22.681459523633762,23.095836639404297,3933200,0.0,0.0
2012-11-21 00:00:00-05:00,23.127711678597915,23.241551564705926,22.8636023090391,23.10038948059082,4016200,0.0,0.0
2012-11-23 00:00:00-05:00,23.118607734538344,23.52387751172454,23.050303097841294,23.487449645996094,1841300,0.0,0.0
2012-11-26 00:00:00-05:00,23.824416936208284,23.988346689425647,23.246109967717793,23.300752639770508,5698300,0.0,0.0
2012-11-27 00:00:00-05:00,23.39637276302442,23.61039055749643,23.209675428197198,23.246103286743164,3831500,0.0,0.0
2012-11-28 00:00:00-05:00,23.164139117176553,23.756106166749642,22.995656575180405,23.69235610961914,4370900,0.0,0.0
2012-11-29 00:00:00-05:00,23.728791230251478,23.87450617677404,23.51477164258307,23.674148559570312,4063800,0.0,0.0
2012-11-30 00:00:00-05:00,23.64682010024581,23.792535008221417,23.51476542206207,23.75155258178711,7798500,0.0,0.0
2012-12-03 00:00:00-05:00,23.441908980729554,23.765213838200545,23.2779792679108,23.291641235351562,4525300,0.0,0.0
2012-12-04 00:00:00-05:00,23.309857181591628,23.532984148777004,23.17780421841968,23.350839614868164,4314300,0.0,0.0
2012-12-05 00:00:00-05:00,23.32351837380434,23.58762602840968,23.10949881414941,23.3053035736084,4206100,0.0,0.0
2012-12-06 00:00:00-05:00,23.28254543671959,23.46013546840541,23.10495540503377,23.405492782592773,4440700,0.0,0.0
2012-12-07 00:00:00-05:00,23.73332720621691,23.91091706259522,23.551184520956717,23.892704010009766,3887900,0.0,0.0
2012-12-10 00:00:00-05:00,23.774321753894558,23.869946842763042,23.446464058194202,23.833518981933594,3841400,0.0,0.0
2012-12-11 00:00:00-05:00,23.89727000295698,24.020217295189852,23.756107911046882,23.883609771728516,2577000,0.0,0.0
2012-12-12 00:00:00-05:00,23.942803499296822,24.047535976530025,23.637711729044756,23.696908950805664,4019400,0.0,0.0
2012-12-13 00:00:00-05:00,23.69691158980871,23.842626508017958,23.469231812974403,23.532981872558594,3268800,0.0,0.0
2012-12-14 00:00:00-05:00,23.46468275351611,24.024774927574946,23.46468275351611,23.938257217407227,3323700,0.0,0.0
2012-12-17 00:00:00-05:00,24.0156644638,24.120396956355656,23.742447679818422,23.883609771728516,3373500,0.0,0.0
2012-12-18 00:00:00-05:00,23.92003644238513,24.630397960878035,23.92003644238513,24.534772872924805,4555700,0.0,0.0
2012-12-19 00:00:00-05:00,24.703257367028513,24.91727692680449,24.644060134887695,24.644060134887695,3385700,0.0,0.0
2012-12-20 00:00:00-05:00,24.69415075481283,24.908170321417284,24.60307848793483,24.889955520629883,3510000,0.0,0.0
2012-12-21 00:00:00-05:00,24.562092952640096,24.93093480523682,24.480128096507492,24.516557693481445,6047700,0.0,0.0
2012-12-24 00:00:00-05:00,24.411827838563646,24.48013073466243,24.21602307637429,24.34807777404785,1293100,0.0,0.0
2012-12-26 00:00:00-05:00,24.44370023659233,24.65316520801619,24.28432509247826,24.516557693481445,1607800,0.0,0.0
2012-12-27 00:00:00-05:00,24.584872083893366,24.70781767986499,24.0748679460474,24.420942306518555,2299500,0.0,0.0
2012-12-28 00:00:00-05:00,24.257000324131017,24.402715222467226,24.08851779862826,24.17503547668457,1924500,0.0,0.0
2012-12-31 00:00:00-05:00,24.006563882579165,24.69415626363243,23.88361655542539,24.671388626098633,2619100,0.0,0.0
2013-01-02 00:00:00-05:00,25.295230814792223,26.1148779217812,25.295230814792223,25.705055236816406,4103900,0.0,0.0
2013-01-03 00:00:00-05:00,25.636746029082502,25.923623073490866,25.541120926632743,25.668621063232422,3124700,0.0,0.0
2013-01-04 00:00:00-05:00,25.79611475682599,25.873525033197478,25.659505525721073,25.841650009155273,2312200,0.0,0.0
2013-01-07 00:00:00-05:00,25.71415861967049,25.723266020631772,25.131297117562216,25.38629913330078,3184000,0.0,0.0
2013-01-08 00:00:00-05:00,25.286117129630785,25.509244089972924,25.053884506225586,25.053884506225586,4252900,0.0,0.0
2013-01-09 00:00:00-05:00,25.199596265619757,25.463703887715308,25.1631666697121,25.395401000976562,2627100,0.0,0.0
2013-01-10 00:00:00-05:00,25.500138660459477,25.5229062939945,25.049331873406068,25.468263626098633,3524600,0.0,0.0
2013-01-11 00:00:00-05:00,25.22692395912613,25.47737140585449,25.08120901786384,25.38629913330078,2753400,0.0,0.0
2013-01-14 00:00:00-05:00,25.418176457175417,25.491033934367756,25.1176391466246,25.195051193237305,2037600,0.0,0.0
2013-01-15 00:00:00-05:00,25.13584467427618,25.399952280237233,25.13584467427618,25.313434600830078,2164300,0.0,0.0
2013-01-16 00:00:00-05:00,25.290672291026592,25.290672291026592,25.04477769314519,25.090312957763672,2600300,0.0,0.0
2013-01-17 00:00:00-05:00,25.263349788212864,25.736924177647147,25.17227752300489,25.691387176513672,3511000,0.0,0.0
2013-01-18 00:00:00-05:00,25.755139183605067,25.969157010933664,25.38629728824626,25.805227279663086,3589700,0.0,0.0
2013-01-22 00:00:00-05:00,25.841653851702805,25.950940905425565,25.486473966956716,25.946386337280273,3274300,0.0,0.0
2013-01-23 00:00:00-05:00,25.846216579683954,25.882646190560568,25.673181139198398,25.755146026611328,2386900,0.0,0.0
2013-01-24 00:00:00-05:00,25.727822454901073,26.17407474213188,25.627642767359276,26.096664428710938,3866500,0.0,0.0
2013-01-25 00:00:00-05:00,26.137637159615167,26.28790489804117,25.978260285277546,26.192279815673828,2887200,0.0,0.0
2013-01-28 00:00:00-05:00,26.265136852384114,26.34710170369998,25.98281444066207,26.069332122802734,2093100,0.0,0.0
2013-01-29 00:00:00-05:00,26.05112172163544,26.233266252421483,25.87353175950149,26.201391220092773,1665300,0.0,0.0
2013-01-30 00:00:00-05:00,26.15130404534195,26.25603655321849,25.896302023734393,25.93273162841797,1903600,0.0,0.0
2013-01-31 00:00:00-05:00,25.81889171937053,26.005589100725963,25.71415921149399,25.93273162841797,2888700,0.0,0.0
2013-02-01 00:00:00-05:00,26.2514770396883,26.807014473245268,26.00102791388043,26.192279815673828,6602600,0.0,0.0
2013-02-04 00:00:00-05:00,25.53657375787998,26.09211143130493,25.317999565152746,25.764253616333008,5462000,0.0,0.0
2013-02-05 00:00:00-05:00,25.923619878407454,27.526485737352296,25.509242748471348,27.034696578979492,10292000,0.0,0.0
2013-02-06 00:00:00-05:00,27.048355329280827,27.23960548785752,26.866210832205127,27.162195205688477,6833800,0.0,0.0
2013-02-07 00:00:00-05:00,27.212292087043394,27.225954057827675,26.684074959277346,26.81157684326172,4628200,0.0,0.0
2013-02-08 00:00:00-05:00,26.84345590288544,27.13943867932758,26.78425865277322,26.82979393005371,4440900,0.0,0.0
2013-02-11 00:00:00-05:00,26.788808092607074,27.216845523075563,26.77970069148317,27.171308517456055,2990600,0.0,0.0
2013-02-12 00:00:00-05:00,27.17585817469653,27.458180610273033,27.06657111802175,27.417198181152344,2833100,0.0,0.0
2013-02-13 00:00:00-05:00,27.508271831123032,27.99095360552304,27.462736568488225,27.795148849487305,3033900,0.0,0.0
2013-02-14 00:00:00-05:00,27.626662488477884,27.9863969423687,27.59934202776538,27.886219024658203,2522500,0.0,0.0
2013-02-15 00:00:00-05:00,28.01372162022977,28.02282902029316,27.65398713449121,27.717737197875977,2936200,0.0,0.0
2013-02-19 00:00:00-05:00,27.799703604109464,28.027383407152225,27.799703604109464,28.000062942504883,2514500,0.0,0.0
2013-02-20 00:00:00-05:00,28.054697256637716,28.100232508866256,27.603890616517628,27.65853500366211,3834000,0.0,0.0
2013-02-21 00:00:00-05:00,27.430855619022903,27.449068677912006,26.998263769088265,27.071121215820312,3778600,0.0,0.0
2013-02-22 00:00:00-05:00,27.225947953218974,27.485502758153,27.18041095591372,27.207733154296875,2711600,0.0,0.0
2013-02-25 00:00:00-05:00,27.46728965541686,27.804256508049093,26.9800550450449,26.98916244506836,4589900,0.0,0.0
2013-02-26 00:00:00-05:00,27.303358600743213,27.426305889489843,26.83433881323703,27.1212158203125,3254500,0.0,0.0
2013-02-27 00:00:00-05:00,27.066572179199675,28.22318590234438,27.01192951724937,28.09113121032715,3003100,0.0,0.0
2013-02-28 00:00:00-05:00,28.01827243155446,28.487293947177275,27.890772313977955,28.218631744384766,3798800,0.0,0.0
2013-03-01 00:00:00-05:00,27.981848388038767,28.97453247702085,27.854346516010686,28.532833099365234,5229000,0.0,0.0
2013-03-04 00:00:00-05:00,28.464521920769496,28.619344222101557,27.79059006116484,28.28693199157715,3951500,0.0,0.0
2013-03-05 00:00:00-05:00,28.41899661513762,28.742301560302042,28.23685205436538,28.30060386657715,3418400,0.0,0.0
2013-03-06 00:00:00-05:00,28.414441888876315,28.6603347713522,28.209529705930454,28.514619827270508,2813000,0.0,0.0
2013-03-07 00:00:00-05:00,28.592551628594133,28.656732161623584,28.331244173380874,28.432100296020508,1915000,0.42,0.0
2013-03-08 00:00:00-05:00,28.633806639823376,29.07390315858927,28.53295228059876,29.041812896728516,2581400,0.0,0.0
2013-03-11 00:00:00-04:00,28.931789101437133,29.110578199549533,28.803428056389887,29.060150146484375,1703500,0.0,0.0
2013-03-12 00:00:00-04:00,29.014307797196444,29.014307797196444,28.404589327630294,28.808012008666992,2716900,0.0,0.0
2013-03-13 00:00:00-04:00,28.8126022828778,29.151844519440544,28.684241206291713,29.073909759521484,3144800,0.0,0.0
2013-03-14 00:00:00-04:00,29.243527737580184,29.252696634475964,28.794262282416533,28.95929718017578,2793500,0.0,0.0
2013-03-15 00:00:00-04:00,28.826351801515404,28.991388443793973,28.65672983651342,28.684236526489258,4203300,0.0,0.0
2013-03-18 00:00:00-04:00,28.377083852386175,28.624637045157815,28.22579969405922,28.344993591308594,2596200,0.0,0.0
2013-03-19 00:00:00-04:00,28.422932923714754,28.46877566439891,27.86364239366806,28.143287658691406,2409000,0.0,0.0
2013-03-20 00:00:00-04:00,28.40459351404579,28.812599828833616,28.395424616672223,28.73466682434082,2487500,0.0,0.0
2013-03-21 00:00:00-04:00,28.601719349747896,29.005142074927253,28.537538819357877,28.7071590423584,3024400,0.0,0.0
2013-03-22 00:00:00-04:00,28.812593186984824,29.10599258893982,28.711738836701127,29.005136489868164,2609000,0.0,0.0
2013-03-25 00:00:00-04:00,28.963892436559526,29.18394079116189,28.38626397553806,28.41377067565918,3461700,0.0,0.0
2013-03-26 00:00:00-04:00,28.523784726210955,28.62922441282564,28.02867480771955,28.037843704223633,3364700,0.0,0.0
2013-03-27 00:00:00-04:00,27.831548362410764,28.056181958483393,27.66651172020038,27.84530258178711,5384300,0.0,0.0
2013-03-28 00:00:00-04:00,27.90031056572465,28.17537043425991,27.781116673581504,28.079099655151367,4510100,0.0,0.0
2013-04-01 00:00:00-04:00,28.07910259216098,28.491694186908003,27.8773921173892,28.047012329101562,3277100,0.0,0.0
2013-04-02 00:00:00-04:00,28.221223460098027,28.276235100711187,27.81780068176164,27.932409286499023,2706500,0.0,0.0
2013-04-03 00:00:00-04:00,28.02409429625347,28.069937034995263,26.841332749800706,27.1622371673584,5596300,0.0,0.0
2013-04-04 00:00:00-04:00,27.139317377315795,27.42354622138958,27.015539876963867,27.290599822998047,3921500,0.0,0.0
2013-04-05 00:00:00-04:00,26.878007318367576,27.231001989387178,26.712970667107676,27.194326400756836,3303000,0.0,0.0
2013-04-08 00:00:00-04:00,27.189743452394175,27.661930299754,27.107225124864915,27.657346725463867,2720200,0.0,0.0
2013-04-09 00:00:00-04:00,27.726110673873276,27.836135692878752,27.4143751602775,27.721527099609375,3067600,0.0,0.0
2013-04-10 00:00:00-04:00,27.721523294790128,28.074517923465386,27.551901340904696,28.01950454711914,2475800,0.0,0.0
2013-04-11 00:00:00-04:00,28.04242904673494,28.826353133788913,28.01033878134079,28.28081512451172,2978800,0.0,0.0
2013-04-12 00:00:00-04:00,28.0745261461557,28.189134757262366,27.506066665599647,27.643596649169922,2648000,0.0,0.0
2013-04-15 00:00:00-04:00,27.460221307946917,27.52440184425396,26.172020012111076,26.231616973876953,4962000,0.0,0.0
2013-04-16 00:00:00-04:00,26.635041642978706,27.130151703221614,26.589198896121562,27.070554733276367,3128400,0.0,0.0
2013-04-17 00:00:00-04:00,26.836748188992573,26.841331763182918,26.002397783284163,26.291210174560547,4571300,0.0,0.0
2013-04-18 00:00:00-04:00,26.359973775665036,26.396649361206023,25.4018459632589,25.58063507080078,6419500,0.0,0.0
2013-04-19 00:00:00-04:00,25.571466476808627,26.217858814912915,25.530207316981198,26.11241912841797,4691200,0.0,0.0
2013-04-22 00:00:00-04:00,26.130759864368702,26.32330146605615,25.8786213031544,26.080331802368164,3818100,0.0,0.0
2013-04-23 00:00:00-04:00,26.135332780750048,26.864243223352748,26.121580314463024,26.662532806396484,3767000,0.0,0.0
2013-04-24 00:00:00-04:00,26.598366472338217,26.969698999051577,26.598366472338217,26.87342643737793,2911900,0.0,0.0
2013-04-25 00:00:00-04:00,27.006366060007785,27.157650226923757,26.88258858220058,26.90550994873047,2487100,0.0,0.0
2013-04-26 00:00:00-04:00,27.116387927961107,27.217242278772748,26.570850024259197,26.887170791625977,3571100,0.0,0.0
2013-04-29 00:00:00-04:00,27.694023080856837,28.43668634726805,27.524402836106116,27.63442611694336,6078800,0.0,0.0
2013-04-30 00:00:00-04:00,27.694021886019737,28.29457157637355,27.45563578943933,28.152456283569336,4319900,0.0,0.0
2013-05-01 00:00:00-04:00,27.97366399002196,27.97366399002196,27.130144723814976,27.171403884887695,4415500,0.0,0.0
2013-05-02 00:00:00-04:00,27.337618864224883,27.73930445558855,27.323768244270642,27.448429107666016,3949600,0.42,0.0
2013-05-03 00:00:00-04:00,27.817792652552928,28.708885570540374,27.817792652552928,28.464181900024414,4798200,0.0,0.0
2013-05-06 00:00:00-04:00,28.413386980908427,28.91202853308355,28.39030203371609,28.658090591430664,2562900,0.0,0.0
2013-05-07 00:00:00-04:00,28.865864545663545,29.313720010169828,28.805842261665944,29.299867630004883,2643800,0.0,0.0
2013-05-08 00:00:00-04:00,29.31833951232379,29.8723854641713,29.184444310744016,29.80774688720703,3383800,0.0,0.0
2013-05-09 00:00:00-04:00,29.687705579880735,30.158644282752142,29.641532148831704,29.890853881835938,2851400,0.0,0.0
2013-05-10 00:00:00-04:00,29.863138737259728,30.154012195734463,29.81235080478272,29.978565216064453,2155200,0.0,0.0
2013-05-13 00:00:00-04:00,29.92316899740849,30.010894277122922,29.599976160362257,29.65538215637207,2013900,0.0,0.0
2013-05-14 00:00:00-04:00,29.61382888796782,30.09400365330664,29.61382888796782,30.052448272705078,2853800,0.0,0.0
2013-05-15 00:00:00-04:00,29.821594340061353,30.338706423387638,29.784660530389235,30.32485580444336,2263300,0.0,0.0
2013-05-16 00:00:00-04:00,30.144789714959128,30.574176500703597,30.140171667951318,30.334087371826172,3091000,0.0,0.0
2013-05-17 00:00:00-04:00,30.615731097816383,30.938927489087984,30.403346709428913,30.869670867919922,3977900,0.0,0.0
2013-05-20 00:00:00-04:00,30.81888138695601,31.469888662127882,30.671135579635415,31.428333282470703,2801000,0.0,0.0
2013-05-21 00:00:00-04:00,31.391389944506773,31.774606769803608,31.377539328116782,31.71458625793457,3104400,0.0,0.0
2013-05-22 00:00:00-04:00,31.705372112705568,32.10243982925432,31.414498399552738,31.802330017089844,5064600,0.0,0.0
2013-05-23 00:00:00-04:00,31.29443441844357,31.67303322539218,31.07281749476206,31.506818771362305,3687400,0.0,0.0
2013-05-24 00:00:00-04:00,31.072818133702587,31.516055512717248,31.072818133702587,31.50220489501953,2251600,0.0,0.0
2013-05-28 00:00:00-04:00,31.950062185939537,32.28249115689199,31.626869310034735,31.705358505249023,2589300,0.0,0.0
2013-05-29 00:00:00-04:00,31.488353847103415,31.516058607757156,30.948158568617224,31.045116424560547,3386500,0.0,0.0
2013-05-30 00:00:00-04:00,31.202105564905477,31.391403273507823,30.985103089222285,31.289827346801758,1945900,0.0,0.0
2013-05-31 00:00:00-04:00,31.06358526350533,31.312906975547577,30.500303268432617,30.500303268432617,3847100,0.0,0.0
2013-06-03 00:00:00-04:00,30.657291672696548,30.846589378581218,29.99705168112467,30.57418441772461,3151900,0.0,0.0
2013-06-04 00:00:00-04:00,30.56493369285548,30.938917922508654,30.098613201092853,30.283292770385742,2929500,0.0,0.0
2013-06-05 00:00:00-04:00,30.149410250016405,30.223281395548685,29.558423473067876,29.58612823486328,3229100,0.0,0.0
2013-06-06 00:00:00-04:00,29.64614237645634,29.733867645263672,29.309097201678888,29.733867645263672,2681100,0.0,0.0
2013-06-07 00:00:00-04:00,29.950883349385293,30.357183549307663,29.909327958434094,30.297163009643555,3174400,0.0,0.0
2013-06-10 00:00:00-04:00,30.329473660752274,30.9250749293735,30.043214621732954,30.306386947631836,7466900,0.0,0.0
2013-06-11 00:00:00-04:00,30.029367381468987,30.20943249194634,29.687705828580963,29.80774688720703,3501100,0.0,0.0
2013-06-12 00:00:00-04:00,30.20943438442732,30.20943438442732,29.29063834514643,29.32757568359375,2933000,0.0,0.0
2013-06-13 00:00:00-04:00,29.26755692629753,30.1032440550665,29.142896035876145,29.932415008544922,2936400,0.0,0.0
2013-06-14 00:00:00-04:00,29.867772135218544,30.14017707440048,29.73387692827647,29.816984176635742,1792900,0.0,0.0
2013-06-17 00:00:00-04:00,30.02013103468149,30.227900906787465,29.67846948465564,29.890853881835938,2537300,0.0,0.0
2013-06-18 00:00:00-04:00,29.955491870761183,30.45875337451206,29.803131527917483,30.39872932434082,1951200,0.0,0.0
2013-06-19 00:00:00-04:00,30.389497155674867,30.44490315906041,29.872385025024414,29.872385025024414,1890100,0.0,0.0
2013-06-20 00:00:00-04:00,29.43376374794218,29.733873416154285,29.165973365689045,29.350656509399414,3599500,0.0,0.0
2013-06-21 00:00:00-04:00,29.60459633107467,29.835449380536314,29.08748423216692,29.53072166442871,3826700,0.0,0.0
2013-06-24 00:00:00-04:00,29.004374378465947,29.036693661575196,28.270261676913726,28.713499069213867,4371900,0.0,0.0
2013-06-25 00:00:00-04:00,28.98591146011397,29.249083824047105,28.61193060677172,29.1567440032959,3033200,0.0,0.0
2013-06-26 00:00:00-04:00,29.433764662407338,29.65538514625281,29.184442939032966,29.521488189697266,1976800,0.0,0.0
2013-06-27 00:00:00-04:00,29.80774670410726,30.27407088294635,29.80774670410726,30.11247444152832,2815800,0.0,0.0
2013-06-28 00:00:00-04:00,30.047829010245646,30.41719171743415,29.96933983125355,30.384872436523438,8398100,0.0,0.0
2013-07-01 00:00:00-04:00,30.36180010486792,31.012804002423433,30.264842227467682,30.694229125976562,3159200,0.0,0.0
2013-07-02 00:00:00-04:00,30.578802727020296,30.971252286751387,30.34333158216616,30.491077423095703,2697900,0.0,0.0
2013-07-03 00:00:00-04:00,30.357181945156842,30.73116283126123,30.246373446040483,30.57418441772461,1226700,0.0,0.0
2013-07-05 00:00:00-04:00,30.75423731419839,31.28519992513513,30.726536081074876,31.26673126220703,2387900,0.0,0.0
2013-07-08 00:00:00-04:00,31.44680866499898,31.53453396770404,31.285212204125436,31.377552032470703,2548800,0.0,0.0
2013-07-09 00:00:00-04:00,31.511438798948934,31.797697826115233,31.377543617977814,31.446800231933594,2503800,0.0,0.0
2013-07-10 00:00:00-04:00,31.46065373981286,31.543760979685484,30.96201030057712,31.1143741607666,2584000,0.0,0.0
2013-07-11 00:00:00-04:00,31.571456784588968,31.68688329107004,31.317520583853067,31.49296760559082,3210000,0.0,0.0
2013-07-12 00:00:00-04:00,31.50683339084507,31.580708081375825,31.31753566080349,31.553003311157227,1915200,0.0,0.0
2013-07-15 00:00:00-04:00,31.428339565178252,31.654574607308444,31.405252847138218,31.483745574951172,2919300,0.0,0.0
2013-07-16 00:00:00-04:00,31.465272678655335,31.511442585995322,30.675755638765743,30.70345687866211,2788800,0.0,0.0
2013-07-17 00:00:00-04:00,30.92969821550987,31.160551321957254,30.883528298728162,30.89737892150879,2090200,0.0,0.0
2013-07-18 00:00:00-04:00,31.08666961305427,31.271352740063776,30.911219057253287,31.22979736328125,2058100,0.0,0.0
2013-07-19 00:00:00-04:00,31.317530794526515,31.55761645636748,31.128229571360393,31.525297164916992,2020500,0.0,0.0
2013-07-22 00:00:00-04:00,31.51605075545175,31.696115803416813,31.405238785521693,31.451412200927734,1304100,0.0,0.0
2013-07-23 00:00:00-04:00,31.552999444240637,31.90851518440687,31.469895711386844,31.834640502929688,2228300,0.0,0.0
2013-07-24 00:00:00-04:00,31.908521228793877,31.94084052742767,31.349857053815793,31.432964324951172,2424600,0.0,0.0
2013-07-25 00:00:00-04:00,31.23903767998192,31.414484736962518,30.98509790569856,31.405248641967773,1913300,0.0,0.0
2013-07-26 00:00:00-04:00,31.137461416902653,31.414484380452777,31.077437367732426,31.409866333007812,1754900,0.0,0.0
2013-07-29 00:00:00-04:00,31.396014752870023,31.479121991646785,31.179012322589696,31.22056770324707,1383900,0.0,0.0
2013-07-30 00:00:00-04:00,31.432950923255717,31.654567870102294,31.317524402699583,31.534526824951172,1726700,0.0,0.0
2013-07-31 00:00:00-04:00,31.56223554069463,32.06087907304954,31.50221500389844,31.834640502929688,2220500,0.0,0.0
2013-08-01 00:00:00-04:00,32.299177927277036,32.550027718125925,32.18769031271999,32.48499298095703,2843700,0.42,0.0
2013-08-02 00:00:00-04:00,30.9566607301931,31.449067469340175,30.3806374179714,30.68722915649414,10999100,0.0,0.0
2013-08-05 00:00:00-04:00,30.729034121327974,30.91020274227072,30.501412643960947,30.812650680541992,3920800,0.0,0.0
2013-08-06 00:00:00-04:00,30.659353707582895,30.74297026855043,30.362051167281855,30.427085876464844,2867800,0.0,0.0
2013-08-07 00:00:00-04:00,30.38064308017585,30.38064308017585,29.911460913583834,29.985788345336914,3384800,0.0,0.0
2013-08-08 00:00:00-04:00,30.10191033073293,30.464247556145125,30.10191033073293,30.357402801513672,3983900,0.0,0.0
2013-08-09 00:00:00-04:00,30.14372690080832,30.645426400791347,30.125145044054122,30.482839584350586,2291300,0.0,0.0
2013-08-12 00:00:00-04:00,30.37134359225356,31.049565306870967,30.2830842169283,30.877689361572266,2518200,0.0,0.0
2013-08-13 00:00:00-04:00,30.965952220102483,31.263254791839564,30.854461097606418,31.09602165222168,1842800,0.0,0.0
2013-08-14 00:00:00-04:00,31.091377111811433,31.202864696668215,30.95201497264564,31.026342391967773,1463900,0.0,0.0
2013-08-15 00:00:00-04:00,30.696520585919053,30.710456090167273,30.194821168225932,30.30630874633789,3035700,0.0,0.0
2013-08-16 00:00:00-04:00,30.30631404286748,30.645426730053256,30.273796679229953,30.39922332763672,2615600,0.0,0.0
2013-08-19 00:00:00-04:00,30.320255269497885,30.44103559041981,30.07869817178153,30.115861892700195,1510500,0.0,0.0
2013-08-20 00:00:00-04:00,30.115860196639463,30.380645491049723,29.878945919284824,30.25057601928711,1575200,0.0,0.0
2013-08-21 00:00:00-04:00,30.15765286067263,30.650063048465185,30.027583448694635,30.413148880004883,2634300,0.0,0.0
2013-08-22 00:00:00-04:00,30.589675067812976,31.23537940583987,30.51070484957973,31.123891830444336,1766000,0.0,0.0
2013-08-23 00:00:00-04:00,31.175000040299732,31.235388422711978,30.775498940336515,31.07280158996582,1544200,0.0,0.0
2013-08-26 00:00:00-04:00,31.105311302753368,31.12389315679885,30.57574086689913,30.650068283081055,1611600,0.0,0.0
2013-08-27 00:00:00-04:00,30.250568387453246,30.30166760191506,29.707060655161367,29.748868942260742,2654800,0.0,0.0
2013-08-28 00:00:00-04:00,29.707057799770702,29.865000005624633,29.54911559391677,29.64202308654785,1832800,0.0,0.0
2013-08-29 00:00:00-04:00,29.595570045109646,30.041523907235447,29.549117182328548,29.72564125061035,1453000,0.0,0.0
2013-08-30 00:00:00-04:00,29.730284515449704,29.776737376179874,29.354009964108347,29.414400100708008,1672600,0.0,0.0
2013-09-03 00:00:00-04:00,29.860362878997247,30.041531570948756,29.214658352477326,29.302921295166016,3364400,0.0,0.0
2013-09-04 00:00:00-04:00,29.307557337420285,30.245919662580235,29.27039363088893,30.190174102783203,3411100,0.0,0.0
2013-09-05 00:00:00-04:00,30.12049901745583,30.50142176881947,30.02759327681342,30.39922332763672,1707500,0.0,0.0
2013-09-06 00:00:00-04:00,30.478185287636553,30.85910439146468,29.995067770369634,30.48747444152832,2595100,0.0,0.0
2013-09-09 00:00:00-04:00,30.74762590100975,31.430494097732044,30.719751342853982,31.00776481628418,3577900,0.0,0.0
2013-09-10 00:00:00-04:00,31.31435172012469,31.57449056539333,31.291123518600294,31.53268051147461,2786900,0.0,0.0
2013-09-11 00:00:00-04:00,31.374746283431545,31.751019122439388,31.244676835089408,31.58843231201172,1735900,0.0,0.0
2013-09-12 00:00:00-04:00,31.5837847753307,31.611659330447207,31.082088856878315,31.202865600585938,1959200,0.0,0.0
2013-09-13 00:00:00-04:00,31.137832824893874,31.33758335243457,30.947374997681628,31.27719497680664,1320200,0.0,0.0
2013-09-16 00:00:00-04:00,31.797480595435932,32.04368759685574,31.695285675602047,31.834644317626953,2133300,0.0,0.0
2013-09-17 00:00:00-04:00,31.75102215369162,31.783539518881565,31.551271612059935,31.69063377380371,1594700,0.0,0.0
2013-09-18 00:00:00-04:00,31.639528920617607,32.466401954702825,31.62094706608322,32.39672088623047,2242700,0.0,0.0
2013-09-19 00:00:00-04:00,32.48963623049901,33.056370495265675,32.471054372492084,32.884490966796875,3727900,0.0,0.0
2013-09-20 00:00:00-04:00,32.87519715512253,33.14927512130687,32.782291412353516,32.782291412353516,3473900,0.0,0.0
2013-09-23 00:00:00-04:00,32.624352938443586,32.71725868690132,32.029744098281896,32.28059387207031,2521300,0.0,0.0
2013-09-24 00:00:00-04:00,32.06690010868771,33.11210547621535,32.03438275012968,32.71725082397461,2762600,0.0,0.0
2013-09-25 00:00:00-04:00,32.70330810546875,33.03312796783871,32.4385229458689,32.70330810546875,1865700,0.0,0.0
2013-09-26 00:00:00-04:00,32.84268062877543,32.95881458226351,32.58718805757788,32.75442123413086,1272100,0.0,0.0
2013-09-27 00:00:00-04:00,32.65222159332275,32.65222159332275,32.25272052441056,32.37350082397461,1789100,0.0,0.0
2013-09-30 00:00:00-04:00,32.01580522313498,32.17374923185377,31.788183682464854,31.978641510009766,2856800,0.0,0.0
2013-10-01 00:00:00-04:00,31.922901475499064,32.58718782650552,31.922901475499064,32.04832458496094,3149600,0.0,0.0
2013-10-02 00:00:00-04:00,31.895027266701646,32.31775296911881,31.53268639360985,32.17374801635742,4071300,0.0,0.0
2013-10-03 00:00:00-04:00,32.11800002352422,32.12264637317017,31.51410215809857,31.695274353027344,2433200,0.0,0.0
2013-10-04 00:00:00-04:00,31.73243953228515,32.1272977996822,31.518753488446333,32.07619857788086,1744600,0.0,0.0
2013-10-07 00:00:00-04:00,31.64418201954798,31.70921675222616,31.212163555827434,31.221452713012695,3019900,0.0,0.0
2013-10-08 00:00:00-04:00,31.28184234369457,31.309716904617243,30.543232045598078,30.612913131713867,3132000,0.0,0.0
2013-10-09 00:00:00-04:00,30.664005920026096,30.73832979725039,30.28772955165901,30.49677276611328,2914000,0.0,0.0
2013-10-10 00:00:00-04:00,30.924145063578212,31.63023785164821,30.859110341418866,31.551267623901367,3014400,0.0,0.0
2013-10-11 00:00:00-04:00,31.537336024679753,32.19233322143555,31.47230129446489,32.19233322143555,2468400,0.0,0.0
2013-10-14 00:00:00-04:00,31.80676419878057,32.229489899355485,31.59772097935479,32.02973937988281,1865100,0.0,0.0
2013-10-15 00:00:00-04:00,31.820696227815034,31.8625027406564,30.961305870633595,31.09602165222168,3976900,0.0,0.0
2013-10-16 00:00:00-04:00,31.365451496277355,31.416550711029718,30.687229743531773,31.026342391967773,3517200,0.0,0.0
2013-10-17 00:00:00-04:00,30.92414679098725,31.33758335243457,30.845176558829166,31.27719497680664,2986500,0.0,0.0
2013-10-18 00:00:00-04:00,31.360809458374312,31.987932011719437,31.314356592224026,31.92754364013672,3388700,0.0,0.0
2013-10-21 00:00:00-04:00,32.10406241802233,32.141226124505515,31.662754921944405,31.764949798583984,2883900,0.0,0.0
2013-10-22 00:00:00-04:00,31.941471515665132,32.22948134347549,31.857854958917617,32.06224822998047,2204500,0.0,0.0
2013-10-23 00:00:00-04:00,31.9228917463561,31.93682724936841,31.28647660382882,31.48158073425293,2428700,0.0,0.0
2013-10-24 00:00:00-04:00,31.481594574240667,32.00652237931317,31.175002740807816,31.820707321166992,3791000,0.0,0.0
2013-10-25 00:00:00-04:00,31.597721869279336,33.69742555786711,31.35616482559421,33.27934265136719,10766300,0.0,0.0
2013-10-28 00:00:00-04:00,33.316508668492865,33.40941441230732,32.56860573516759,32.77300262451172,3990600,0.0,0.0
2013-10-29 00:00:00-04:00,32.94951531838697,33.18178315411672,32.55930351141552,33.12603759765625,3117600,0.0,0.0
2013-10-30 00:00:00-04:00,33.05637187096584,33.49303314785646,32.93559156095784,33.11676025390625,4247500,0.0,0.0
2013-10-31 00:00:00-04:00,33.018621217903444,33.242917797190536,32.79432107348651,32.97188949584961,3287200,0.42,0.0
2013-11-01 00:00:00-04:00,32.96723160220329,33.23825644057272,32.58405486678666,33.0233039855957,2956900,0.0,0.0
2013-11-04 00:00:00-05:00,33.154133906567196,33.25226767700146,32.831707107747725,32.99993133544922,1760100,0.0,0.0
2013-11-05 00:00:00-05:00,32.85039877856708,32.96254707427951,32.57002269159094,32.73824691772461,2595500,0.0,0.0
2013-11-06 00:00:00-05:00,32.90647218748229,33.1588085346856,32.69151979507876,32.80834197998047,1948900,0.0,0.0
2013-11-07 00:00:00-05:00,32.92049871719245,33.041994818867664,32.144801064491595,32.20554733276367,2627800,0.0,0.0
2013-11-08 00:00:00-05:00,32.26161974198497,33.009281121987094,32.24292776184358,32.9905891418457,2350200,0.0,0.0
2013-11-11 00:00:00-05:00,33.01862988719045,33.303672788805876,32.93451775659106,33.17283248901367,1686200,0.0,0.0
2013-11-12 00:00:00-05:00,33.13077187501886,33.68684304287103,32.98590994353409,33.598060607910156,3317200,0.0,0.0
2013-11-13 00:00:00-05:00,33.37376888996905,33.85507583618164,33.36909856835236,33.85507583618164,1925800,0.0,0.0
2013-11-14 00:00:00-05:00,33.869100546698846,33.99059309203236,33.65881840568685,33.78498840332031,1935600,0.0,0.0
2013-11-15 00:00:00-05:00,33.8597527723616,33.892462852279294,33.70554658197907,33.78498840332031,2417900,0.0,0.0
2013-11-18 00:00:00-05:00,33.84572592171228,33.985913979460314,33.56535337134661,33.6775016784668,2415500,0.0,0.0
2013-11-19 00:00:00-05:00,33.67750349042701,33.761615616575256,33.20554080675458,33.313018798828125,2163500,0.0,0.0
2013-11-20 00:00:00-05:00,33.317684891521175,33.66347752251973,33.06067468698388,33.126094818115234,1926500,0.0,0.0
2013-11-21 00:00:00-05:00,33.387786184185494,33.98124500732084,33.35974999463391,33.897132873535156,2263000,0.0,0.0
2013-11-22 00:00:00-05:00,33.7989932258186,34.2008618013423,33.66815295753273,34.11207580566406,2214000,0.0,0.0
2013-11-25 00:00:00-05:00,34.14478474452495,34.31768284483549,33.88310421659965,34.00459671020508,2114300,0.0,0.0
2013-11-26 00:00:00-05:00,34.01863189791424,34.172834518850145,33.91115388683166,34.032649993896484,1903800,0.0,0.0
2013-11-27 00:00:00-05:00,34.07003576077508,34.299006325893934,33.96255774401154,34.041996002197266,1129800,0.0,0.0
2013-11-29 00:00:00-05:00,33.98125274867296,34.14480316686757,33.83172042844764,33.953216552734375,1083400,0.0,0.0
2013-12-02 00:00:00-05:00,33.953198078443656,34.21955249032916,33.518619452195765,33.5933837890625,1936400,0.0,0.0
2013-12-03 00:00:00-05:00,33.682170682771144,33.74291693092161,33.1120778927456,33.25226593017578,2457000,0.0,0.0
2013-12-04 00:00:00-05:00,33.08405106508325,33.504608166017064,32.75227285370433,32.850406646728516,3904700,0.0,0.0
2013-12-05 00:00:00-05:00,32.78499215045074,33.504613945808174,32.76630016594215,33.32704544067383,2449400,0.0,0.0
2013-12-06 00:00:00-05:00,33.78964714848625,34.112077515156074,33.509274621661675,33.84104919433594,2221500,0.0,0.0
2013-12-09 00:00:00-05:00,33.766296419777156,33.97657499565783,33.55134395672786,33.78498840332031,2215500,0.0,0.0
2013-12-10 00:00:00-05:00,33.71955750670285,33.990582268952174,33.54665938783035,33.68684387207031,2106900,0.0,0.0
2013-12-11 00:00:00-05:00,33.686856298456185,33.83639217434781,33.06536474865627,33.15882110595703,1833600,0.0,0.0
2013-12-12 00:00:00-05:00,33.02330211598369,33.294330504140056,32.87844371357952,32.9765739440918,1638700,0.0,0.0
2013-12-13 00:00:00-05:00,33.1074067334005,33.25226866804036,32.901802110738736,33.163482666015625,2078900,0.0,0.0
2013-12-16 00:00:00-05:00,33.682168273668,34.135438855125024,33.612074259966356,34.051326751708984,3110900,0.0,0.0
2013-12-17 00:00:00-05:00,34.04665852716933,34.44852713639957,33.85039810827927,34.322357177734375,3607500,0.0,0.0
2013-12-18 00:00:00-05:00,34.32235481072372,35.046653747558594,34.07469236132844,35.046653747558594,3080200,0.0,0.0
2013-12-19 00:00:00-05:00,34.80366134643555,34.85973370456643,34.49057523130989,34.80366134643555,2104800,0.0,0.0
2013-12-20 00:00:00-05:00,34.96723459107667,35.61676597621582,34.93919482849848,35.383121490478516,3619200,0.0,0.0
2013-12-23 00:00:00-05:00,35.551326610540755,35.607398975158674,34.99992577930788,35.252262115478516,2352100,0.0,0.0
2013-12-24 00:00:00-05:00,35.20553713522889,35.56067762806773,35.12609889338343,35.38778305053711,610100,0.0,0.0
2013-12-26 00:00:00-05:00,35.4204922676906,35.8550709918621,35.4204922676906,35.784976959228516,1441200,0.0,0.0
2013-12-27 00:00:00-05:00,35.798994070459734,35.981236411228245,35.752265905029695,35.86441421508789,964400,0.0,0.0
2013-12-30 00:00:00-05:00,35.761600441565584,35.86440451679014,35.49057216417895,35.518611907958984,1728100,0.0,0.0
2013-12-31 00:00:00-05:00,35.60272501800904,35.64010540222588,35.41113495145559,35.57001495361328,2722600,0.0,0.0
2014-01-02 00:00:00-05:00,35.392449325045106,35.50927151385974,35.13076876294201,35.27562713623047,3774100,0.0,0.0
2014-01-03 00:00:00-05:00,35.303668876350024,35.556001681102195,35.22422707397792,35.37843322753906,1936400,0.0,0.0
2014-01-06 00:00:00-05:00,35.60273039590686,35.72422290194025,35.13076776822277,35.22422409057617,2077100,0.0,0.0
2014-01-07 00:00:00-05:00,35.25226780524609,35.50460418214419,35.098061647397714,35.29899597167969,1940800,0.0,0.0
2014-01-08 00:00:00-05:00,35.317693579937504,35.317693579937504,35.02329931073951,35.17750549316406,2330000,0.0,0.0
2014-01-09 00:00:00-05:00,35.39245142029658,35.61207771869093,35.05133260523639,35.30366897583008,2436600,0.0,0.0
2014-01-10 00:00:00-05:00,35.35973665500891,35.710203195685274,35.214878292370955,35.663475036621094,2360600,0.0,0.0
2014-01-13 00:00:00-05:00,35.07935679944861,35.313001111038155,34.37842386467999,34.61206817626953,6969400,0.0,0.0
2014-01-14 00:00:00-05:00,34.65879772733735,35.373748779296875,34.52795747797605,35.373748779296875,3925200,0.0,0.0
2014-01-15 00:00:00-05:00,35.453189084719774,35.780289694530616,35.34571113285092,35.71954345703125,2636700,0.0,0.0
2014-01-16 00:00:00-05:00,35.64011497099052,36.03731330046094,35.612078784018244,35.76628494262695,2381600,0.0,0.0
2014-01-17 00:00:00-05:00,35.80832493308952,36.05599089132098,35.658792720360076,35.911128997802734,3159800,0.0,0.0
2014-01-21 00:00:00-05:00,36.28030487289688,36.53731515826091,36.04198656875303,36.2943229675293,3205400,0.0,0.0
2014-01-22 00:00:00-05:00,36.1447907576095,36.23825066390364,35.77563214929215,36.07002639770508,2863800,0.0,0.0
2014-01-23 00:00:00-05:00,35.70086857923109,35.73825254257583,35.182177674498526,35.48591613769531,2733600,0.0,0.0
2014-01-24 00:00:00-05:00,35.10273203508259,35.163478288878956,34.10273439951957,34.17282485961914,4556600,0.0,0.0
2014-01-27 00:00:00-05:00,34.26628287112876,34.57002125373165,33.70086394480892,34.013946533203125,2676100,0.0,0.0
2014-01-28 00:00:00-05:00,34.21488108404553,34.58403960535695,34.107403108421174,34.36908721923828,1748900,0.0,0.0
2014-01-29 00:00:00-05:00,34.04198580138635,34.672824920816794,33.96254756700459,34.33638000488281,2793300,0.0,0.0
2014-01-30 00:00:00-05:00,34.63545706103863,34.6915294514174,34.299008458239456,34.53732681274414,2833800,0.0,0.0
2014-01-31 00:00:00-05:00,33.95320589637568,34.33170868327874,33.85507211112689,34.154136657714844,3121200,0.0,0.0
2014-02-03 00:00:00-05:00,34.317688102002805,34.50460075622293,32.79432572722239,32.83638000488281,4858500,0.0,0.0
2014-02-04 00:00:00-05:00,32.00928218901494,32.24292658455519,31.448537065770548,32.079376220703125,9149500,0.0,0.0
2014-02-05 00:00:00-05:00,31.733578808724893,32.313015825520935,31.256942316015714,32.289649963378906,6970500,0.0,0.0
2014-02-06 00:00:00-05:00,32.256942787261664,32.79432557853393,32.186848759681745,32.275634765625,4986200,0.0,0.0
2014-02-07 00:00:00-05:00,32.39245456151269,33.10273186115118,32.14946599101613,32.99993133544922,5031500,0.0,0.0
2014-02-10 00:00:00-05:00,32.943870548463934,33.00929071540638,32.40181366221889,32.49527359008789,2816500,0.0,0.0
2014-02-11 00:00:00-05:00,32.67283168096191,32.850403704692184,32.43451696247746,32.71488952636719,3340900,0.0,0.0
2014-02-12 00:00:00-05:00,32.86441715274796,33.35506817891907,32.78964924487613,33.22422790527344,4603600,0.0,0.0
2014-02-13 00:00:00-05:00,32.91114462850985,33.504599733104094,32.82703251646744,33.43450927734375,2169300,0.0,0.0
2014-02-14 00:00:00-05:00,33.40646882316529,34.144785839347804,33.28497632566431,33.98123550415039,2825300,0.0,0.0
2014-02-18 00:00:00-05:00,34.098066257853894,34.14012054099797,33.6961975816445,33.86442184448242,1773700,0.0,0.0
2014-02-19 00:00:00-05:00,33.69620693698933,34.186861767346144,33.68685916138592,33.70555114746094,2146000,0.0,0.0
2014-02-20 00:00:00-05:00,33.719561634159504,34.18685043575175,33.52797151424398,34.09806442260742,2619300,0.0,0.0
2014-02-21 00:00:00-05:00,34.294327770138864,34.565356153663764,34.20554174946979,34.34572982788086,2663100,0.0,0.0
2014-02-24 00:00:00-05:00,34.4765516617775,35.22888657824072,34.4765516617775,35.03730010986328,3503600,0.0,0.0
2014-02-25 00:00:00-05:00,34.920487473310416,35.46254053245497,34.84104568173226,35.21487808227539,3374000,0.0,0.0
2014-02-26 00:00:00-05:00,35.26160818645354,35.58871244625771,35.191514161843344,35.41114044189453,3933300,0.0,0.0
2014-02-27 00:00:00-05:00,35.364416928204164,35.51394920329703,35.149464505578834,35.25693893432617,2607300,0.0,0.0
2014-02-28 00:00:00-05:00,35.25692539742313,35.57935569012928,34.696180472405665,34.9111328125,4705000,0.0,0.0
2014-03-03 00:00:00-05:00,34.55600745673516,34.626101494067186,33.90180594865183,34.33171081542969,5792100,0.0,0.0
2014-03-04 00:00:00-05:00,34.8130090114223,34.90646532768287,34.51861840658457,34.52328872680664,4624000,0.0,0.0
2014-03-05 00:00:00-05:00,34.70553131326348,34.87842942135428,34.55599906698737,34.76628112792969,3526900,0.0,0.0
2014-03-06 00:00:00-05:00,34.855663292768625,35.45775785936849,34.82273635830665,35.438941955566406,3215300,0.49,0.0
2014-03-07 00:00:00-05:00,35.62239612634973,36.055151147569276,35.53772635360966,35.8199577331543,4176600,0.0,0.0
2014-03-10 00:00:00-04:00,35.68823638083078,35.721163302737146,35.14729101628443,35.21784973144531,2467600,0.0,0.0
2014-03-11 00:00:00-04:00,35.29782444089847,35.50479577273264,34.88388536599644,35.057926177978516,2721600,0.0,0.0
2014-03-12 00:00:00-04:00,34.818024455785526,34.92621498361334,34.37586336638751,34.714542388916016,2409500,0.0,0.0
2014-03-13 00:00:00-04:00,34.83684940927123,34.898001997366116,33.91489160210195,34.12656784057617,2776900,0.0,0.0
2014-03-14 00:00:00-04:00,33.872544740063475,34.286483713168096,33.48212294694164,33.52445602416992,3474000,0.0,0.0
2014-03-17 00:00:00-04:00,33.85843819180401,34.40878980114362,33.8537333196791,34.055999755859375,3343100,0.0,0.0
2014-03-18 00:00:00-04:00,34.23473609984778,34.54048810694032,34.197104310625484,34.49345016479492,1962100,0.0,0.0
2014-03-19 00:00:00-04:00,34.46053483485729,34.51227766524688,33.68910084020586,33.89606857299805,3096500,0.0,0.0
2014-03-20 00:00:00-04:00,33.877247673389284,34.32882205175225,33.81609869593616,34.230037689208984,1731100,0.0,0.0
2014-03-21 00:00:00-04:00,34.55460751771732,35.015588075666216,34.14066850209658,34.1735954284668,2526800,0.0,0.0
2014-03-24 00:00:00-04:00,34.36644014635439,34.53577959121785,33.7314190224987,34.18769454956055,2570300,0.0,0.0
2014-03-25 00:00:00-04:00,34.59223006004979,34.902683341504286,34.422890601523754,34.77568054199219,2663300,0.0,0.0
2014-03-26 00:00:00-04:00,35.04851806409836,35.095556021770236,34.32412203189985,34.328826904296875,2554500,0.0,0.0
2014-03-27 00:00:00-04:00,34.2394452142383,34.56871443882983,33.914877272308516,34.47934341430664,2374000,0.0,0.0
2014-03-28 00:00:00-04:00,34.554601734418746,35.04850913607408,34.48404302150152,34.91680145263672,1705500,0.0,0.0
2014-03-31 00:00:00-04:00,35.14729762058495,35.533014602007995,35.14259274835274,35.335453033447266,2315700,0.0,0.0
2014-04-01 00:00:00-04:00,35.1708067597098,35.655308003360815,35.08613702272629,35.64119338989258,2587100,0.0,0.0
2014-04-02 00:00:00-04:00,35.772926162029904,36.295055922457266,35.60828787149883,36.0645637512207,2521100,0.0,0.0
2014-04-03 00:00:00-04:00,36.21978085548874,36.511421941345915,36.064552361947044,36.22918701171875,2750300,0.0,0.0
2014-04-04 00:00:00-04:00,36.36559871514004,36.55375413403694,35.453050854954135,35.54712677001953,3811700,0.0,0.0
2014-04-07 00:00:00-04:00,35.36838421938264,35.44834911312679,34.33353111844157,34.52168655395508,3325600,0.0,0.0
2014-04-08 00:00:00-04:00,34.57813179324716,34.723950540698354,34.23474787878633,34.5169792175293,3352200,0.0,0.0
2014-04-09 00:00:00-04:00,34.57342603572931,35.20374255649407,34.51697833391927,35.18022537231445,2353600,0.0,0.0
2014-04-10 00:00:00-04:00,35.21314931775752,35.25078111577588,34.192411020678676,34.26296615600586,2393800,0.0,0.0
2014-04-11 00:00:00-04:00,34.14536618645003,34.14536618645003,33.19048183359111,33.35982131958008,4130200,0.0,0.0
2014-04-14 00:00:00-04:00,33.7361395204847,33.8161044096112,33.11522913128169,33.41157150268555,3497900,0.0,0.0
2014-04-15 00:00:00-04:00,33.43039164905036,33.83492460734399,33.049379467611786,33.81610870361328,3159700,0.0,0.0
2014-04-16 00:00:00-04:00,34.051300874030865,34.357053018151575,33.91018339558545,34.31471633911133,2137600,0.0,0.0
2014-04-17 00:00:00-04:00,34.58754824456915,34.93093226124,34.333538887463426,34.723960876464844,2757100,0.0,0.0
2014-04-21 00:00:00-04:00,34.71453157759968,34.84153437711178,34.45581751908355,34.77568054199219,1686200,0.0,0.0
2014-04-22 00:00:00-04:00,34.803912028351114,35.22726078948697,34.723947148127074,35.01088333129883,1662500,0.0,0.0
2014-04-23 00:00:00-04:00,34.96385235017965,35.28841680780474,34.85095693218554,34.987369537353516,1960700,0.0,0.0
2014-04-24 00:00:00-04:00,35.1425885712338,35.42952473427067,34.8368365102706,35.26018524169922,2031600,0.0,0.0
2014-04-25 00:00:00-04:00,35.15670499592503,35.26489552842312,34.676912085809064,34.785099029541016,1966900,0.0,0.0
2014-04-28 00:00:00-04:00,34.85566776877132,35.30253746673065,34.55462044681229,35.0438232421875,3172000,0.0,0.0
2014-04-29 00:00:00-04:00,34.75688382118213,35.04382008481687,33.76436728738328,33.938411712646484,5955600,0.0,0.0
2014-04-30 00:00:00-04:00,33.905468914789225,34.33351887894033,33.54326920251159,34.16888427734375,3968200,0.0,0.0
2014-05-01 00:00:00-04:00,34.22572776584249,34.68983914901687,34.149956617182305,34.63774490356445,3201600,0.49,0.0
2014-05-02 00:00:00-04:00,34.53355594063081,34.898215653813295,34.43884110281533,34.50514221191406,2735200,0.0,0.0
2014-05-05 00:00:00-04:00,34.29203673932605,34.651956063066415,34.00788496049739,34.49094009399414,1877100,0.0,0.0
2014-05-06 00:00:00-04:00,34.36779755550252,34.47672285302796,34.18783794778535,34.2730827331543,2316800,0.0,0.0
2014-05-07 00:00:00-04:00,34.40095305483354,34.434103608739576,33.913164784585064,34.334651947021484,2355800,0.0,0.0
2014-05-08 00:00:00-04:00,34.31570906936905,34.59512398445244,33.93210927750045,34.059974670410156,2947000,0.0,0.0
2014-05-09 00:00:00-04:00,34.09785587603438,34.102592701029366,33.70951932863843,33.91789627075195,1939700,0.0,0.0
2014-05-12 00:00:00-04:00,34.17835701589463,34.71823933716192,34.11205593174869,34.59037399291992,2389000,0.0,0.0
2014-05-13 00:00:00-04:00,34.71351015912913,35.00239503638571,34.571434326231675,34.6661491394043,2469700,0.0,0.0
2014-05-14 00:00:00-04:00,34.73245897625047,34.78455322055335,34.377272917716,34.44831085205078,1503400,0.0,0.0
2014-05-15 00:00:00-04:00,34.263603313162946,34.44829971483695,33.88474047443039,34.28254699707031,2763200,0.0,0.0
2014-05-16 00:00:00-04:00,34.434094411811664,34.457774921050934,33.903682077842454,34.197303771972656,3956900,0.0,0.0
2014-05-19 00:00:00-04:00,34.04575779748752,34.55248962058747,33.993663567839434,34.400943756103516,1705000,0.0,0.0
2014-05-20 00:00:00-04:00,34.34885700546759,34.44830866195775,33.9652572428428,34.140480041503906,2350500,0.0,0.0
2014-05-21 00:00:00-04:00,34.25887047720944,34.57143587836147,34.25887047720944,34.54302215576172,2250800,0.0,0.0
2014-05-22 00:00:00-04:00,34.576169603804665,35.03080719034094,34.44830063729044,34.71350860595703,1969800,0.0,0.0
2014-05-23 00:00:00-04:00,34.760872475115846,34.950305741353944,34.50040128239609,34.912418365478516,1629600,0.0,0.0
2014-05-27 00:00:00-04:00,35.045019693515336,35.49492052810894,34.926624356712914,35.16815185546875,1945200,0.0,0.0
2014-05-28 00:00:00-04:00,35.16814370280051,35.324422765165544,34.997654168276746,35.03554153442383,2141100,0.0,0.0
2014-05-29 00:00:00-04:00,35.15394542824369,35.262867116092195,34.83190996362983,35.059226989746094,1619300,0.0,0.0
2014-05-30 00:00:00-04:00,34.91714467099994,35.01659629285613,34.7040309557613,34.89820098876953,2048000,0.0,0.0
2014-06-02 00:00:00-04:00,34.926617286549806,35.01186205631708,34.54775084022008,34.8555793762207,1776700,0.0,0.0
2014-06-03 00:00:00-04:00,34.76087403619087,34.88873941908894,34.63774186563551,34.82717514038086,2131400,0.0,0.0
2014-06-04 00:00:00-04:00,34.77981351551209,34.88873519643871,34.618793986868326,34.75139617919922,1808200,0.0,0.0
2014-06-05 00:00:00-04:00,34.84612068515982,35.25340098295636,34.71825168231194,34.836647033691406,5181200,0.0,0.0
2014-06-06 00:00:00-04:00,34.955030714269874,35.46649932861328,34.879259593517986,35.46649932861328,2589000,0.0,0.0
2014-06-09 00:00:00-04:00,35.48070272338792,36.05847236689921,35.40966482058709,35.78379440307617,2841000,0.0,0.0
2014-06-10 00:00:00-04:00,35.708029261740286,35.77906717642191,35.438088076460865,35.58963394165039,1529900,0.0,0.0
2014-06-11 00:00:00-04:00,35.38598934040772,35.745912079326075,35.38598934040772,35.6417236328125,1981500,0.0,0.0
2014-06-12 00:00:00-04:00,35.70329773232606,35.783805694773896,35.39546913181134,35.485450744628906,2860500,0.0,0.0
2014-06-13 00:00:00-04:00,35.5612138253132,35.75538386937373,35.48544270521656,35.59436798095703,1577700,0.0,0.0
2014-06-16 00:00:00-04:00,35.51386327062925,36.10110672700404,35.50913005874313,35.90693664550781,2216800,0.0,0.0
2014-06-17 00:00:00-04:00,35.82169449631406,36.15793683504843,35.66067856500708,36.06795883178711,2207900,0.0,0.0
2014-06-18 00:00:00-04:00,36.058484832284044,36.31421920289148,35.82169414984817,36.2715950012207,1958200,0.0,0.0
2014-06-19 00:00:00-04:00,36.67886816856403,36.75937973100303,36.11057208590998,36.385250091552734,2314900,0.0,0.0
2014-06-20 00:00:00-04:00,36.4941740094271,36.81620943960835,36.3189512399349,36.73096466064453,4811200,0.0,0.0
2014-06-23 00:00:00-04:00,37.51237394979661,37.72075087583662,37.20454538536619,37.526580810546875,4317100,0.0,0.0
2014-06-24 00:00:00-04:00,37.34662747020257,37.450815950661585,36.61731172012862,36.68361282348633,2998100,0.0,0.0
2014-06-25 00:00:00-04:00,36.52260076503752,36.75465465140708,36.35684437591972,36.46103286743164,2617200,0.0,0.0
2014-06-26 00:00:00-04:00,36.4894559906385,36.49892603084916,36.091645652128534,36.451568603515625,2107100,0.0,0.0
2014-06-27 00:00:00-04:00,36.333159543336706,36.60783757680695,36.19582052660159,36.58889389038086,2189800,0.0,0.0
2014-06-30 00:00:00-04:00,36.49891589229758,36.62204805967362,36.30948262244349,36.55101013183594,2187000,0.0,0.0
2014-07-01 00:00:00-04:00,36.697821452528615,36.877784695850146,36.46576757961011,36.63625717163086,2435700,0.0,0.0
2014-07-02 00:00:00-04:00,36.64098677076402,37.10509442506743,36.62204308503796,36.749908447265625,2747300,0.0,0.0
2014-07-03 00:00:00-04:00,36.873046720187254,37.16666847798524,36.84463299344975,37.07668685913086,1563600,0.0,0.0
2014-07-07 00:00:00-04:00,36.97722020413385,37.214010799273325,36.631504345449606,37.152442932128906,2797100,0.0,0.0
2014-07-08 00:00:00-04:00,36.88724622030141,36.96302096066125,36.560473975491966,36.66939926147461,2622100,0.0,0.0
2014-07-09 00:00:00-04:00,36.96302859209039,37.09563080195882,36.72623789928556,36.891990661621094,2039600,0.0,0.0
2014-07-10 00:00:00-04:00,36.394732156229566,36.81621933968567,36.27159997280679,36.77833557128906,2644500,0.0,0.0
2014-07-11 00:00:00-04:00,36.79725678641753,36.93933258777946,36.51310879683138,36.854087829589844,1869100,0.0,0.0
2014-07-14 00:00:00-04:00,37.237692857943486,37.87703044404367,37.214015963026824,37.43659973144531,3857400,0.0,0.0
2014-07-15 00:00:00-04:00,37.512370954797525,37.61655940949909,36.95828175094454,37.23295974731445,2790900,0.0,0.0
2014-07-16 00:00:00-04:00,37.45554339763282,37.82967305935754,37.37030223198428,37.621299743652344,3057700,0.0,0.0
2014-07-17 00:00:00-04:00,37.48396317957165,37.578678000789765,36.99143816033206,37.0577392578125,1985500,0.0,0.0
2014-07-18 00:00:00-04:00,37.152458483429804,37.34662858702614,37.05774365098331,37.20928955078125,2435200,0.0,0.0
2014-07-21 00:00:00-04:00,36.8398982724371,36.9630304505656,36.470505351191015,36.90146255493164,3528200,0.0,0.0
2014-07-22 00:00:00-04:00,37.23769803059726,37.29926591483707,36.996174157950875,37.09088897705078,1729100,0.0,0.0
2014-07-23 00:00:00-04:00,37.17613222152563,37.23296327851773,36.778325661996725,36.953548431396484,1715400,0.0,0.0
2014-07-24 00:00:00-04:00,37.010384929898905,37.024591792951064,36.60784148648475,36.64572525024414,2242000,0.0,0.0
2014-07-25 00:00:00-04:00,36.51311667038253,36.768851000096966,36.47522930009776,36.6883430480957,2404900,0.0,0.0
2014-07-28 00:00:00-04:00,36.683608636844006,36.71675918473944,36.08689516158744,36.34736633300781,2612300,0.0,0.0
2014-07-29 00:00:00-04:00,35.537546382796805,35.57069693411939,33.22647060154135,33.3922233581543,10518500,0.0,0.0
2014-07-30 00:00:00-04:00,32.857068228156685,33.21225419164278,32.56345014408347,33.10333251953125,11758100,0.0,0.0
2014-07-31 00:00:00-04:00,32.864877261719606,33.02225962071378,32.31641322180863,32.39271926879883,6087800,0.49,0.0
2014-08-01 00:00:00-04:00,32.21147656434375,32.36886250013169,31.944400046869415,32.0397834777832,4525600,0.0,0.0
2014-08-04 00:00:00-04:00,32.23056754181679,32.41656785742428,31.887181224188737,32.27825927734375,4326200,0.0,0.0
2014-08-05 00:00:00-04:00,32.106570553510124,32.650264418641264,32.03503112101462,32.19241714477539,4262300,0.0,0.0
2014-08-06 00:00:00-04:00,31.858556862334094,32.02547970335369,31.74886263043834,31.839479446411133,4946600,0.0,0.0
2014-08-07 00:00:00-04:00,32.1208671110231,32.24009824628202,31.73455939715077,31.820405960083008,3454600,0.0,0.0
2014-08-08 00:00:00-04:00,31.953948361021016,32.31641207766839,31.94441146997717,32.292564392089844,3209800,0.0,0.0
2014-08-11 00:00:00-04:00,32.36409925376129,32.65025324718754,32.287789581570046,32.397483825683594,2178200,0.0,0.0
2014-08-12 00:00:00-04:00,32.335482911684544,32.52148317764202,32.29732807798937,32.41178894042969,2100700,0.0,0.0
2014-08-13 00:00:00-04:00,32.61210723962937,32.888724418238446,32.49764633900184,32.75995635986328,3316900,0.0,0.0
2014-08-14 00:00:00-04:00,32.80287437440964,32.84579948177301,32.58348948856923,32.702720642089844,2500300,0.0,0.0
2014-08-15 00:00:00-04:00,32.85533417961251,32.86010444425577,32.28302613637951,32.483333587646484,3389700,0.0,0.0
2014-08-18 00:00:00-04:00,32.67886956041532,32.91733184267903,32.67410293459492,32.90779495239258,3310600,0.0,0.0
2014-08-19 00:00:00-04:00,33.17010798143549,33.23210687063691,32.9268754122444,33.00318145751953,2188900,0.0,0.0
2014-08-20 00:00:00-04:00,32.869635374758076,33.632713840250936,32.869635374758076,33.57548522949219,3673800,0.0,0.0
2014-08-21 00:00:00-04:00,33.670871835357445,33.670871835357445,33.32748558397555,33.408565521240234,1518700,0.0,0.0
2014-08-22 00:00:00-04:00,33.3417932609053,33.43240644086387,33.2130216093479,33.294097900390625,2038200,0.0,0.0
2014-08-25 00:00:00-04:00,33.49441120537933,33.68517810567974,33.41333127024173,33.52302551269531,1585400,0.0,0.0
2014-08-26 00:00:00-04:00,33.65180028826996,33.71380281809252,33.38472366333008,33.38472366333008,1838700,0.0,0.0
2014-08-27 00:00:00-04:00,33.38471483482639,33.50871622303353,33.217791988381286,33.275020599365234,1826100,0.0,0.0
2014-08-28 00:00:00-04:00,33.289332146888285,33.289332146888285,32.91256134855702,33.17963790893555,1768000,0.0,0.0
2014-08-29 00:00:00-04:00,33.375177830078485,33.375177830078485,33.055635652397804,33.294097900390625,1271900,0.0,0.0
2014-09-02 00:00:00-04:00,33.38472073342078,33.6184127597339,33.251182432670426,33.51348876953125,1936900,0.0,0.0
2014-09-03 00:00:00-04:00,33.651791272379846,33.67086868885669,33.24640617852109,33.294097900390625,2682200,0.0,0.0
2014-09-04 00:00:00-04:00,33.29410721053487,33.54687668190682,33.05087826939176,33.08426284790039,2198600,0.0,0.0
2014-09-05 00:00:00-04:00,33.022253284777804,33.084255802122456,32.57871332839509,32.988868713378906,3128800,0.0,0.0
2014-09-08 00:00:00-04:00,32.89825281741303,33.13194479795513,32.76471090417246,32.83625030517578,1559700,0.0,0.0
2014-09-09 00:00:00-04:00,32.85532611626215,32.879173794979906,32.483325615592435,32.540557861328125,1924100,0.0,0.0
2014-09-10 00:00:00-04:00,32.554867252901005,32.62163639153062,32.34024904560995,32.47855758666992,2166800,0.0,0.0
2014-09-11 00:00:00-04:00,32.383179066236536,32.430870795559684,32.24010023962137,32.32594680786133,3338800,0.0,0.0
2014-09-12 00:00:00-04:00,32.33549549545583,32.33549549545583,31.958724553042455,31.996875762939453,2836100,0.0,0.0
2014-09-15 00:00:00-04:00,31.95871542427913,32.120868026301935,31.68686857368839,31.95394515991211,2666500,0.0,0.0
2014-09-16 00:00:00-04:00,31.844248080170647,31.91578748473325,31.415018930085555,31.81563377380371,3621200,0.0,0.0
2014-09-17 00:00:00-04:00,31.815635016271045,31.887174423627414,31.605787058331142,31.648712158203125,2808500,0.0,0.0
2014-09-18 00:00:00-04:00,31.78225350274412,31.9157918020475,31.691636668797212,31.744098663330078,2701400,0.0,0.0
2014-09-19 00:00:00-04:00,31.901489281456456,31.977798971370518,31.53425890502231,31.65349006652832,2639600,0.0,0.0
2014-09-22 00:00:00-04:00,31.558097896724053,31.591482471049765,30.895173036080806,31.03348159790039,3670300,0.0,0.0
2014-09-23 00:00:00-04:00,30.85701984219461,31.190869241894625,30.575636077684127,31.06686782836914,4035800,0.0,0.0
2014-09-24 00:00:00-04:00,31.009620585272156,31.386391269943253,30.952391990252433,31.30054473876953,3101900,0.0,0.0
2014-09-25 00:00:00-04:00,31.10025287051873,31.114560026400316,30.733022527856175,30.737789154052734,3833400,0.0,0.0
2014-09-26 00:00:00-04:00,30.833184602919918,31.19564841748963,30.733030845995447,31.147953033447266,2890600,0.0,0.0
2014-09-29 00:00:00-04:00,30.775941376454035,30.94763450971382,30.71394249336131,30.852251052856445,2529600,0.0,0.0
2014-09-30 00:00:00-04:00,30.885632441524596,30.95240158216828,29.969936431678317,30.222705841064453,5353300,0.0,0.0
2014-10-01 00:00:00-04:00,30.06055576444923,30.222710194795603,29.774401743519345,29.893632888793945,5457900,0.0,0.0
2014-10-02 00:00:00-04:00,29.569320562091086,29.845937659979082,28.796703340685507,29.588397979736328,6621300,0.0,0.0
2014-10-03 00:00:00-04:00,29.865020829939063,30.151176709198385,29.812558827775362,30.1177921295166,3790700,0.0,0.0
2014-10-06 00:00:00-04:00,30.175021614252525,30.427791086436844,29.965175431620548,30.241790771484375,2843300,0.0,0.0
2014-10-07 00:00:00-04:00,30.036713396725023,30.036713396725023,29.421480178833008,29.421480178833008,3266300,0.0,0.0
2014-10-08 00:00:00-04:00,29.483475157159603,29.979477119433,29.063781049134207,29.955631256103516,3739600,0.0,0.0
2014-10-09 00:00:00-04:00,29.82209507641303,29.874557074244606,28.372245654650513,28.386552810668945,6368900,0.0,0.0
2014-10-10 00:00:00-04:00,28.31978189073486,28.443781480248695,27.881010333861457,28.10039520263672,5005800,0.0,0.0
2014-10-13 00:00:00-04:00,28.062242604113564,28.49147545757703,27.761779606689135,27.790395736694336,3723300,0.0,0.0
2014-10-14 00:00:00-04:00,28.162403106689453,28.772867958432364,28.033633219665322,28.162403106689453,4858900,0.0,0.0
2014-10-15 00:00:00-04:00,27.842855322177762,28.27208631916737,27.237160934413765,28.12424087524414,4671100,0.0,0.0
2014-10-16 00:00:00-04:00,27.580553150035733,28.877786949949236,27.523320882606015,28.57732391357422,3940600,0.0,0.0
2014-10-17 00:00:00-04:00,29.054245089146626,30.065326527757982,29.00655335797491,29.30224609375,5617300,0.0,0.0
2014-10-20 00:00:00-04:00,29.078090153961966,29.183012316950276,28.791934334747065,29.14008903503418,2708400,0.0,0.0
2014-10-21 00:00:00-04:00,29.42624441909263,30.041477511017675,29.392859846909662,29.998554229736328,2389700,0.0,0.0
2014-10-22 00:00:00-04:00,30.00332311831446,30.046246400230554,29.101936017399183,29.14008903503418,3120000,0.0,0.0
2014-10-23 00:00:00-04:00,29.60747680417139,30.084401352027328,29.531167129964583,29.9222469329834,3428900,0.0,0.0
2014-10-24 00:00:00-04:00,29.917477455630635,30.089170588466615,29.79347787042844,30.07486343383789,1841500,0.0,0.0
2014-10-27 00:00:00-04:00,29.92224945021816,29.974709626664442,29.679016891528736,29.831632614135742,2248800,0.0,0.0
2014-10-28 00:00:00-04:00,30.146396990402817,30.89516830444336,30.13685828215307,30.89516830444336,3388100,0.0,0.0
2014-10-29 00:00:00-04:00,31.581942566955487,32.05886709103842,31.08117036121026,31.43886375427246,6765800,0.0,0.0
2014-10-30 00:00:00-04:00,31.243325557363395,32.06363629381764,31.22901840429772,31.844247817993164,3687500,0.0,0.0
2014-10-31 00:00:00-04:00,32.35933874619387,32.63118566770971,32.0779549321014,32.616878509521484,4427800,0.0,0.0
2014-11-03 00:00:00-05:00,32.60733006022014,32.755175493960955,32.33548323505255,32.63594436645508,3955800,0.0,0.0
2014-11-04 00:00:00-05:00,32.59302881821143,32.69795282334256,32.12564469908622,32.38795471191406,2911500,0.0,0.0
2014-11-05 00:00:00-05:00,32.793340291587356,32.8505689214449,32.28779768308544,32.583492279052734,2736600,0.0,0.0
2014-11-06 00:00:00-05:00,32.66933240696469,32.95548641564693,32.61210014976999,32.93640899658203,2741800,0.0,0.0
2014-11-07 00:00:00-05:00,32.855330427783315,33.0556378561767,32.62640869208956,32.988868713378906,3087200,0.0,0.0
2014-11-10 00:00:00-05:00,32.97933298248579,33.103334382886246,32.80763985536071,33.08902359008789,2575500,0.0,0.0
2014-11-11 00:00:00-05:00,32.9220964360881,33.07471212490195,32.554866185664004,32.64071273803711,2345800,0.0,0.0
2014-11-12 00:00:00-05:00,32.55425200278436,32.640717630429776,32.266034465594586,32.49180603027344,3016100,0.49,0.0
2014-11-13 00:00:00-05:00,32.520622158460704,32.56385679870863,31.785666258204763,31.94418716430664,3353600,0.0,0.0
2014-11-14 00:00:00-05:00,31.982613071786357,32.19397058814498,31.833697846418325,32.15554428100586,1955700,0.0,0.0
2014-11-17 00:00:00-05:00,32.12672625962819,32.323677156143965,31.948994017770566,32.222801208496094,1632500,0.0,0.0
2014-11-18 00:00:00-05:00,32.16035041141365,32.44857158270014,31.987419174595527,32.38132095336914,1982800,0.0,0.0
2014-11-19 00:00:00-05:00,32.362109310681745,32.362109310681745,31.987422482241858,32.107513427734375,1568300,0.0,0.0
2014-11-20 00:00:00-05:00,31.944182954827323,32.44856625690971,31.85291268790785,32.357295989990234,1385700,0.0,0.0
2014-11-21 00:00:00-05:00,32.77522499350356,33.17872884244901,32.73679500839872,32.852081298828125,2514800,0.0,0.0
2014-11-24 00:00:00-05:00,32.92414154967486,33.20275348620299,32.85689089808333,33.178733825683594,1886200,0.0,0.0
2014-11-25 00:00:00-05:00,33.1306868194924,33.433314647978875,33.04902586551921,33.37086868286133,2777800,0.0,0.0
2014-11-26 00:00:00-05:00,33.30842910774755,33.36126942683049,33.01060585279152,33.2459831237793,1552200,0.0,0.0
2014-11-28 00:00:00-05:00,33.10666736853749,33.274793940941315,32.31887114508721,32.583072662353516,1915100,0.0,0.0
2014-12-01 00:00:00-05:00,32.45817546925197,32.53983641970334,32.1795636401875,32.275638580322266,3349000,0.0,0.0
2014-12-02 00:00:00-05:00,32.37172209163091,32.943356290628735,32.304471440558885,32.90492630004883,3488800,0.0,0.0
2014-12-03 00:00:00-05:00,33.07304245932873,33.86564335595565,33.05382747012078,33.72633743286133,3182800,0.0,0.0
2014-12-04 00:00:00-05:00,33.505360313731934,33.553395939628,33.10665765551624,33.37566375732422,1765500,0.0,0.0
2014-12-05 00:00:00-05:00,33.27479435034611,33.43811992617964,33.15470341645375,33.34204864501953,1497800,0.0,0.0
2014-12-08 00:00:00-05:00,33.2651892858226,33.385280221872506,32.611894300520376,32.626304626464844,2824800,0.0,0.0
2014-12-09 00:00:00-05:00,32.20840012899474,32.919336630294886,32.11232515254498,32.90492630004883,2042900,0.0,0.0
2014-12-10 00:00:00-05:00,32.765603706420606,32.81363933782768,31.987413284044496,32.09309387207031,2448300,0.0,0.0
2014-12-11 00:00:00-05:00,32.22280166299226,32.56385949029359,32.025850763698536,32.10271072387695,2399800,0.0,0.0
2014-12-12 00:00:00-05:00,31.713614454563935,31.83370539695682,31.074733426346167,31.089143753051758,3348700,0.0,0.0
2014-12-15 00:00:00-05:00,31.704004081489042,31.704004081489042,30.853761948216324,30.935422897338867,2877200,0.0,0.0
2014-12-16 00:00:00-05:00,30.776902325576714,31.660773445438505,30.757687337657522,31.305301666259766,3473200,0.0,0.0
2014-12-17 00:00:00-05:00,31.27648373277079,31.295698722358548,30.791315324112322,31.165998458862305,4479500,0.0,0.0
2014-12-18 00:00:00-05:00,31.617536494294626,32.405332616951064,31.617536494294626,32.40052795410156,3147900,0.0,0.0
2014-12-19 00:00:00-05:00,32.48219755783325,33.26999380163005,32.47258823065662,33.22195816040039,4570800,0.0,0.0
2014-12-22 00:00:00-05:00,33.43813076677334,33.620667726109545,32.90973121931748,33.178733825683594,2897000,0.0,0.0
2014-12-23 00:00:00-05:00,33.4189126910622,33.87045588003073,33.26519640660902,33.33244705200195,1965200,0.0,0.0
2014-12-24 00:00:00-05:00,33.41411087474362,33.51498685143199,33.22196825146231,33.28921890258789,734600,0.0,0.0
2014-12-26 00:00:00-05:00,33.34204839064543,33.5870312552,33.31802873809642,33.351654052734375,851400,0.0,0.0
2014-12-29 00:00:00-05:00,33.217159268590926,33.385285874550476,33.14510396178393,33.30842590332031,1422400,0.0,0.0
2014-12-30 00:00:00-05:00,33.18831165921691,33.33722683276261,33.00097019190439,33.03459548950195,1455400,0.0,0.0
2014-12-31 00:00:00-05:00,33.2027468326829,33.25558714332835,32.63111274381938,32.64552307128906,1217200,0.0,0.0
2015-01-02 00:00:00-05:00,32.852070359068044,32.93853596431827,32.17956050322006,32.631103515625,1638100,0.0,0.0
2015-01-05 00:00:00-05:00,32.237220793989344,32.25163112423742,31.199633037500714,31.28129768371582,3206200,0.0,0.0
2015-01-06 00:00:00-05:00,31.266877193738335,31.343737158943313,30.536725848715353,30.93062400817871,3241700,0.0,0.0
2015-01-07 00:00:00-05:00,31.372554111697145,31.49744970797594,30.91140536953439,31.02189064025879,3120800,0.0,0.0
2015-01-08 00:00:00-05:00,31.31971485606891,32.14594108775533,31.31971485606891,32.13153076171875,3445900,0.0,0.0
2015-01-09 00:00:00-05:00,32.22759834201497,32.29965362880271,31.631948390012347,31.732824325561523,2810800,0.0,0.0
2015-01-12 00:00:00-05:00,31.679985780036557,31.800076709702935,31.19482106290111,31.4542179107666,2848300,0.0,0.0
2015-01-13 00:00:00-05:00,31.583914607015664,31.987418372888566,31.050710584337658,31.444608688354492,3575900,0.0,0.0
2015-01-14 00:00:00-05:00,30.74808657449783,31.02189378241811,30.411831562112912,30.85856819152832,2394500,0.0,0.0
2015-01-15 00:00:00-05:00,30.99787770631776,31.06032735043489,30.54153352872521,30.77691078186035,3635900,0.0,0.0
2015-01-16 00:00:00-05:00,30.57515202450505,31.05071108912474,30.560739866602315,31.026691436767578,3488800,0.0,0.0
2015-01-20 00:00:00-05:00,31.170803992421252,31.209233972669306,30.863371480206077,31.127573013305664,3265200,0.0,0.0
2015-01-21 00:00:00-05:00,30.911406959288865,31.66557790945894,30.853765654106827,31.617542266845703,3276800,0.0,0.0
2015-01-22 00:00:00-05:00,31.99222314646427,32.621502114292355,31.771256274170167,32.511016845703125,3463400,0.0,0.0
2015-01-23 00:00:00-05:00,32.53503326924101,32.53503326924101,32.04986493208488,32.189170837402344,2356100,0.0,0.0
2015-01-26 00:00:00-05:00,32.04986856542887,32.24201478988685,31.737631408795203,32.097904205322266,1950000,0.0,0.0
2015-01-27 00:00:00-05:00,31.415788317808715,31.612735539129716,31.074730513172355,31.233247756958008,3771600,0.0,0.0
2015-01-28 00:00:00-05:00,31.386969882200468,31.468634515983094,30.51270971879505,30.55594253540039,3197400,0.0,0.0
2015-01-29 00:00:00-05:00,30.474274320852125,30.911405241127632,30.166841827354034,30.834548950195312,3359600,0.0,0.0
2015-01-30 00:00:00-05:00,30.51750791566505,30.791315101765505,30.296541034328232,30.306148529052734,3911500,0.0,0.0
2015-02-02 00:00:00-05:00,30.560737966678833,31.18040940959067,30.186054868460886,30.935422897338867,4116900,0.0,0.0
2015-02-03 00:00:00-05:00,32.611882755921584,33.78397104961269,32.386111289689296,33.524574279785156,7275200,0.0,0.0
2015-02-04 00:00:00-05:00,33.32763773297892,33.38047804196326,32.74639799903594,32.89531326293945,4301200,0.0,0.0
2015-02-05 00:00:00-05:00,33.01540099514355,33.42370943538368,33.01540099514355,33.25077819824219,2552600,0.0,0.0
2015-02-06 00:00:00-05:00,33.380472746142544,34.043377002818076,33.380472746142544,33.649478912353516,3272400,0.0,0.0
2015-02-09 00:00:00-05:00,33.40930938990829,33.971334251112545,33.40450472493027,33.69272232055664,2079700,0.0,0.0
2015-02-10 00:00:00-05:00,34.05779793344001,34.07701292735909,33.45734311678869,33.98093795776367,1971600,0.0,0.0
2015-02-11 00:00:00-05:00,33.79839164846755,33.980928542796015,33.601440764029384,33.78398132324219,2024600,0.0,0.0
2015-02-12 00:00:00-05:00,34.004947221965246,34.51413157807798,33.793586018348236,34.418060302734375,2697300,0.0,0.0
2015-02-13 00:00:00-05:00,34.408461487055305,34.927255328109396,34.321995846879624,34.850399017333984,3118800,0.0,0.0
2015-02-17 00:00:00-05:00,34.76392580262904,34.76392580262904,34.36041834809886,34.64863586425781,1977800,0.0,0.0
2015-02-18 00:00:00-05:00,34.62462985237997,34.96088310730482,34.45650322491754,34.72550582885742,1655800,0.0,0.0
2015-02-19 00:00:00-05:00,34.49492171185455,34.84558888220599,34.34601011349623,34.643836975097656,1381700,0.0,0.0
2015-02-20 00:00:00-05:00,34.64863998084339,34.86960689164769,34.24994080748182,34.831180572509766,1779900,0.0,0.0
2015-02-23 00:00:00-05:00,34.66785747726638,34.802358766178,34.35081924838688,34.413265228271484,1996600,0.0,0.0
2015-02-24 00:00:00-05:00,34.38922580616017,34.586176626650285,34.33158452397431,34.45167541503906,2073800,0.0,0.0
2015-02-25 00:00:00-05:00,34.52374187858283,34.586187842829574,34.033768831807514,34.370025634765625,2585600,0.0,0.0
2015-02-26 00:00:00-05:00,34.36041401578426,34.571775211264246,34.25473341804426,34.48530960083008,1905000,0.0,0.0
2015-02-27 00:00:00-05:00,34.197091830402506,34.350808062658736,33.99053529972532,34.110626220703125,2396600,0.0,0.0
2015-03-02 00:00:00-05:00,34.110639625832334,34.3412122323873,33.97613832786102,34.1058349609375,2208400,0.0,0.0
2015-03-03 00:00:00-05:00,33.85123665168937,34.09622320919396,33.71193071369204,33.83682632446289,2239800,0.0,0.0
2015-03-04 00:00:00-05:00,33.73594443809772,33.78398007536941,33.21715075984129,33.457332611083984,2186400,0.0,0.0
2015-03-05 00:00:00-05:00,33.55417344186827,33.63164147066064,33.321761967381036,33.5783805847168,1732500,0.55,0.0
2015-03-06 00:00:00-05:00,33.253970761442176,33.510589337913125,32.9150412630946,33.00703430175781,1969100,0.0,0.0
2015-03-09 00:00:00-04:00,33.03610681669224,33.23946463128163,32.93442421534097,33.16683578491211,1633800,0.0,0.0
2015-03-10 00:00:00-04:00,32.81335993439766,32.847252885487244,32.518009185791016,32.518009185791016,1988400,0.0,0.0
2015-03-11 00:00:00-04:00,32.595482166471434,32.61485009776413,32.183923785153254,32.23234176635742,1874600,0.0,0.0
2015-03-12 00:00:00-04:00,32.37276316532038,32.57612094469541,32.266241368298424,32.56159591674805,2301500,0.0,0.0
2015-03-13 00:00:00-04:00,32.44054304253937,32.561589844936904,31.975723764619463,32.2662353515625,2503400,0.0,0.0
2015-03-16 00:00:00-04:00,32.98283028545428,33.03609116795921,32.387278460196676,32.82304763793945,3203000,0.0,0.0
2015-03-17 00:00:00-04:00,32.67779389705465,32.85210158886445,32.50348620524484,32.76979064941406,2215400,0.0,0.0
2015-03-18 00:00:00-04:00,32.61001164225376,33.27334952685855,32.30981790138243,33.176509857177734,3470900,0.0,0.0
2015-03-19 00:00:00-04:00,32.973157938817586,33.02641884307248,32.56644233620533,32.72138214111328,2032300,0.0,0.0
2015-03-20 00:00:00-04:00,32.93925238286076,33.23944975628695,32.88115228701079,33.15713882446289,4282400,0.0,0.0
2015-03-23 00:00:00-04:00,33.14745291831041,33.26365680373523,32.83273052181555,32.95377731323242,2288400,0.0,0.0
2015-03-24 00:00:00-04:00,32.93925009441079,33.09903273500716,32.672949387471505,32.86178207397461,2150600,0.0,0.0
2015-03-25 00:00:00-04:00,32.88598927435104,33.01672186927975,32.348541259765625,32.348541259765625,2193600,0.0,0.0
2015-03-26 00:00:00-04:00,32.19845838621193,32.42602702901311,32.067729428675236,32.28076934814453,1981300,0.0,0.0
2015-03-27 00:00:00-04:00,32.416338727389856,32.416338727389856,32.111302053827195,32.295291900634766,1386600,0.0,0.0
2015-03-30 00:00:00-04:00,32.4405482072104,32.97799639094387,32.4405482072104,32.837581634521484,1385000,0.0,0.0
2015-03-31 00:00:00-04:00,32.576110371831554,32.96346156363752,32.46474939767429,32.89567565917969,3182300,0.0,0.0
2015-04-01 00:00:00-04:00,32.900529097192155,32.910214912905595,32.488970586723184,32.72138214111328,2935200,0.0,0.0
2015-04-02 00:00:00-04:00,32.6245330082208,33.06998805065434,32.43086107870348,32.76979064941406,1987600,0.0,0.0
2015-04-06 00:00:00-04:00,32.450221591391596,33.58322145809622,32.41632863821117,33.37986373901367,2186500,0.0,0.0
2015-04-07 00:00:00-04:00,33.20071235158126,33.44764882961886,33.09419058873936,33.19586944580078,1765900,0.0,0.0
2015-04-08 00:00:00-04:00,33.02641791709987,33.16683268855715,32.82306012149535,32.99736785888672,1967200,0.0,0.0
2015-04-09 00:00:00-04:00,32.98767098816051,33.26850043695963,32.755263212230545,33.19103240966797,2398800,0.0,0.0
2015-04-10 00:00:00-04:00,33.17649733899998,33.39438374302702,32.96829674531421,33.258811950683594,2529400,0.0,0.0
2015-04-13 00:00:00-04:00,33.30239520530415,33.30239520530415,32.939254803337526,33.089351654052734,1839900,0.0,0.0
2015-04-14 00:00:00-04:00,32.92957458887312,33.34597590273166,32.80852778121786,33.24429702758789,2583100,0.0,0.0
2015-04-15 00:00:00-04:00,33.408914445647454,33.893101611526404,33.21523884048489,33.7672119140625,2984400,0.0,0.0
2015-04-16 00:00:00-04:00,33.757537403179555,33.757537403179555,33.42828990842581,33.617122650146484,1662400,0.0,0.0
2015-04-17 00:00:00-04:00,33.379862534881546,33.46217346191406,33.069983061537606,33.46217346191406,2910100,0.0,0.0
2015-04-20 00:00:00-04:00,33.612272796572064,33.80110549926758,33.53964398152264,33.80110549926758,2749400,0.0,0.0
2015-04-21 00:00:00-04:00,33.893102994188126,34.014149790595944,33.42828373926873,33.5783805847168,2378400,0.0,0.0
2015-04-22 00:00:00-04:00,33.621951073889434,33.67036904172001,33.25881077407889,33.54447937011719,2352700,0.0,0.0
2015-04-23 00:00:00-04:00,33.467014607325034,33.61711143037826,33.31207487880265,33.45732879638672,2075300,0.0,0.0
2015-04-24 00:00:00-04:00,33.5832087662212,33.5832087662212,33.12807182918674,33.205543518066406,2130900,0.0,0.0
2015-04-27 00:00:00-04:00,33.253977386037846,33.709114540820124,33.253977386037846,33.5929069519043,3086600,0.0,0.0
2015-04-28 00:00:00-04:00,33.326599268621024,33.40891018976187,32.98766607924875,33.22007751464844,4924300,0.0,0.0
2015-04-29 00:00:00-04:00,33.59290029867709,34.07708740776525,33.10387397821727,33.670372009277344,4306800,0.0,0.0
2015-04-30 00:00:00-04:00,33.38730119432471,33.87534825479896,33.30921187736712,33.54347610473633,3521400,0.55,0.0
2015-05-01 00:00:00-04:00,33.80703229050293,34.441495222196,33.65085731518688,34.417091369628906,3468200,0.0,0.0
2015-05-04 00:00:00-04:00,34.43172205895944,34.64158244666513,34.30482877898529,34.553733825683594,2805300,0.0,0.0
2015-05-05 00:00:00-04:00,34.65623225168587,35.510314840278085,34.64646922265368,34.8514518737793,4437100,0.0,0.0
2015-05-06 00:00:00-04:00,35.06130470286375,35.12475321402055,34.705032376308296,34.924652099609375,3020000,0.0,0.0
2015-05-07 00:00:00-04:00,34.93441766738696,34.93441766738696,34.56838228627059,34.77336120605469,2448300,0.0,0.0
2015-05-08 00:00:00-04:00,35.13940173905756,35.28093588732714,35.01738992746361,35.18820571899414,2076100,0.0,0.0
2015-05-11 00:00:00-04:00,35.09058509279707,35.46150190873767,35.09058509279707,35.27116012573242,1854600,0.0,0.0
2015-05-12 00:00:00-04:00,35.10035583621846,35.144282023076244,34.866095251326506,35.1101188659668,1693400,0.0,0.0
2015-05-13 00:00:00-04:00,35.188200696469885,35.75433720874173,35.14427823784765,35.53471374511719,2621000,0.0,0.0
2015-05-14 00:00:00-04:00,35.8275451315852,36.02764253838377,35.68601100311573,35.87146759033203,2767400,0.0,0.0
2015-05-15 00:00:00-04:00,35.8031412609343,35.82266359486664,35.48102833630734,35.78361892700195,2944700,0.0,0.0
2015-05-18 00:00:00-04:00,35.65185415692236,35.93004094871434,35.46151602167022,35.851951599121094,1748900,0.0,0.0
2015-05-19 00:00:00-04:00,35.764102978715165,35.80314765355124,35.339504241264535,35.529842376708984,1904800,0.0,0.0
2015-05-20 00:00:00-04:00,35.58352015240036,35.627442609431284,35.37853751574308,35.51519012451172,6877900,0.0,0.0
2015-05-21 00:00:00-04:00,35.33950047006837,35.925155636091745,35.329737440648636,35.82266616821289,2564600,0.0,0.0
2015-05-22 00:00:00-04:00,35.812909438101684,35.876357969976056,35.6713752746582,35.6713752746582,1514300,0.0,0.0
2015-05-26 00:00:00-04:00,35.529848779674765,35.549367397105186,34.96859357915199,35.144290924072266,2452200,0.0,0.0
2015-05-27 00:00:00-04:00,35.2955667172428,35.69088368337652,35.12475097406798,35.617679595947266,1949400,0.0,0.0
2015-05-28 00:00:00-04:00,35.446872729450114,35.59816991876087,35.19308978130813,35.52008056640625,1715900,0.0,0.0
2015-05-29 00:00:00-04:00,35.53471877270476,35.6274489409219,34.83193327078503,34.939300537109375,2497300,0.0,0.0
2015-06-01 00:00:00-04:00,35.036911010558,35.17356363889315,34.78800588123049,34.93442153930664,1613200,0.0,0.0
2015-06-02 00:00:00-04:00,34.91002397489717,35.49568298915972,34.89050163540453,35.31022262573242,1759600,0.0,0.0
2015-06-03 00:00:00-04:00,35.48590984031879,35.76409658264074,35.20284158363906,35.56399917602539,1776500,0.0,0.0
2015-06-04 00:00:00-04:00,35.35901770132106,35.37854003589356,34.97346369490405,35.15892028808594,2222700,0.0,0.0
2015-06-05 00:00:00-04:00,35.10035069863221,35.183317821824964,34.87584945284364,35.01738357543945,1854500,0.0,0.0
2015-06-08 00:00:00-04:00,34.978338941782944,35.18331785462828,34.89049030434861,34.97346115112305,1575500,0.0,0.0
2015-06-09 00:00:00-04:00,34.97346998271669,35.19308977000933,34.84657664693381,34.890499114990234,1292300,0.0,0.0
2015-06-10 00:00:00-04:00,35.15404513043729,35.471276608472074,35.11012266233515,35.402950286865234,1717800,0.0,0.0
2015-06-11 00:00:00-04:00,35.56888456082276,35.62257005970677,35.22237143752934,35.4175910949707,1315900,0.0,0.0
2015-06-12 00:00:00-04:00,35.29069005468205,35.37366090434705,34.905132339371676,35.08082962036133,1746600,0.0,0.0
2015-06-15 00:00:00-04:00,34.81240582755301,34.81240582755301,34.42196659881113,34.59766387939453,1781200,0.0,0.0
2015-06-16 00:00:00-04:00,34.465888944233775,34.56349687880206,34.14377605785116,34.3780403137207,2344700,0.0,0.0
2015-06-17 00:00:00-04:00,34.47077431901532,34.5000596846326,34.10962041344415,34.34876251220703,2082800,0.0,0.0
2015-06-18 00:00:00-04:00,34.43173473850596,34.802647965014245,34.3975715801827,34.675758361816406,1825000,0.0,0.0
2015-06-19 00:00:00-04:00,34.592789963853804,34.592789963853804,34.24627684089362,34.26091766357422,3127200,0.0,0.0
2015-06-22 00:00:00-04:00,34.46101883622313,34.5342266731314,34.197472857456525,34.26091766357422,1863300,0.0,0.0
2015-06-23 00:00:00-04:00,34.20235951597466,34.36829382931392,34.16331483395161,34.309730529785156,1936200,0.0,0.0
2015-06-24 00:00:00-04:00,34.187700742797446,34.275549369476515,33.90951404556436,33.96319580078125,2142300,0.0,0.0
2015-06-25 00:00:00-04:00,34.00224807740914,34.08033741794772,33.40682988806892,33.45075607299805,2238800,0.0,0.0
2015-06-26 00:00:00-04:00,33.548361419813716,33.57764678199374,33.23601152892577,33.32386016845703,2348700,0.0,0.0
2015-06-29 00:00:00-04:00,33.06519562962111,33.23112987944706,32.630833948012715,32.66499710083008,2255800,0.0,0.0
2015-06-30 00:00:00-04:00,33.1042390535246,33.25553247839074,32.75284451002522,32.93830108642578,3044900,0.0,0.0
2015-07-01 00:00:00-04:00,33.1774545766856,33.25065868733063,32.88950475529638,33.01151657104492,2151400,0.0,0.0
2015-07-02 00:00:00-04:00,33.07008490819549,33.29946772675501,32.8699837350673,32.899269104003906,1971100,0.0,0.0
2015-07-06 00:00:00-04:00,32.533220872886176,32.918774798087426,32.381923742695705,32.572261810302734,1868900,0.0,0.0
2015-07-07 00:00:00-04:00,32.66011308090961,32.679635412950994,31.854834570847036,32.655235290527344,3143500,0.0,0.0
2015-07-08 00:00:00-04:00,32.41122505028627,32.460029038702146,31.825566018778815,31.92317771911621,2037000,0.0,0.0
2015-07-09 00:00:00-04:00,32.318492239712796,33.05056317698141,31.91341209411621,31.91341209411621,2297200,0.0,0.0
2015-07-10 00:00:00-04:00,32.33312598129714,32.39657077483655,31.932927438846168,32.09886169433594,1570200,0.0,0.0
2015-07-13 00:00:00-04:00,32.3477796377093,32.44539134747213,32.18672310923012,32.41122817993164,1795500,0.0,0.0
2015-07-14 00:00:00-04:00,32.33801140835935,32.50882719894393,32.230640418990475,32.42097854614258,1712100,0.0,0.0
2015-07-15 00:00:00-04:00,32.35752984170205,32.38681148126866,31.92804593603436,32.08422088623047,2299900,0.0,0.0
2015-07-16 00:00:00-04:00,32.3721784207856,32.406341582970065,32.01590225214297,32.20136260986328,2103200,0.0,0.0
2015-07-17 00:00:00-04:00,32.04517606580559,32.19646948327519,31.679140721472773,31.776748657226562,2177700,0.0,0.0
2015-07-20 00:00:00-04:00,31.742589958034184,31.97197273507214,31.698663774333177,31.84507942199707,1659400,0.0,0.0
2015-07-21 00:00:00-04:00,31.71331081510536,31.791396436104765,31.19109856337134,31.239904403686523,3462000,0.0,0.0
2015-07-22 00:00:00-04:00,31.132526970474473,31.332624358201198,30.92754620709871,30.981231689453125,2166300,0.0,0.0
2015-07-23 00:00:00-04:00,30.947069130761772,31.142288731827424,30.683523227848774,30.742090225219727,3664900,0.0,0.0
2015-07-24 00:00:00-04:00,30.74697419343328,30.761615013955115,29.517095002285668,29.844087600708008,7003600,0.0,0.0
2015-07-27 00:00:00-04:00,29.697672522981208,29.883130987439,29.448769260533233,29.561019897460938,3084900,0.0,0.0
2015-07-28 00:00:00-04:00,29.805042325159857,30.16131655739217,29.61958386805526,30.01002311706543,3041200,0.0,0.0
2015-07-29 00:00:00-04:00,29.307233336932203,30.512710489927372,29.0388077552426,30.16131591796875,7330800,0.0,0.0
2015-07-30 00:00:00-04:00,29.860937830153215,30.17609254944713,29.604874151109332,30.077608108520508,3394500,0.55,0.0
2015-07-31 00:00:00-04:00,30.19086188506111,30.19086188506111,29.796916670540707,29.831388473510742,3295200,0.0,0.0
2015-08-03 00:00:00-04:00,29.76737571133962,29.831392098248156,29.4669932940806,29.673812866210938,2767700,0.0,0.0
2015-08-04 00:00:00-04:00,29.75752318123952,29.895402878799803,29.294639997665712,29.338958740234375,3022200,0.0,0.0
2015-08-05 00:00:00-04:00,29.599947290530597,29.841236773025678,29.29956489608277,29.35865592956543,3420200,0.0,0.0
2015-08-06 00:00:00-04:00,29.48668841917943,29.752599006611185,29.299564623344434,29.535930633544922,2527800,0.0,0.0
2015-08-07 00:00:00-04:00,29.462067351271667,29.688584543207003,29.324185769618357,29.471914291381836,2371400,0.0,0.0
2015-08-10 00:00:00-04:00,29.673814727669836,30.235186198246467,29.619649035240393,30.230260848999023,2425200,0.0,0.0
2015-08-11 00:00:00-04:00,29.865861365740273,29.865861365740273,29.43252271378956,29.59994888305664,2668100,0.0,0.0
2015-08-12 00:00:00-04:00,29.43744449935371,29.747675711395797,29.265094869591483,29.69350814819336,2934100,0.0,0.0
2015-08-13 00:00:00-04:00,29.535934898889934,29.836317333920462,29.398055175979003,29.516237258911133,1719000,0.0,0.0
2015-08-14 00:00:00-04:00,29.34880611231876,29.673809603120336,29.34880611231876,29.526081085205078,2079800,0.0,0.0
2015-08-17 00:00:00-04:00,29.378355505852277,29.75752659612561,29.18138287661645,29.708284378051758,1375400,0.0,0.0
2015-08-18 00:00:00-04:00,29.5802531208795,29.659041800916068,29.417752290134835,29.45714569091797,2128100,0.0,0.0
2015-08-19 00:00:00-04:00,29.230625129088967,29.353732544977333,28.664330264614446,28.881000518798828,3259600,0.0,0.0
2015-08-20 00:00:00-04:00,28.703730131022503,28.861307498289232,28.560925054915035,28.62001609802246,3600400,0.0,0.0
2015-08-21 00:00:00-04:00,28.378725287919835,28.56092375833754,27.91584014892578,27.91584014892578,4869200,0.0,0.0
2015-08-24 00:00:00-04:00,25.49308220692691,27.393860881996893,24.232461676077243,26.748777389526367,6020200,0.0,0.0
2015-08-25 00:00:00-04:00,27.768112331079305,27.768112331079305,25.93627312401595,25.955970764160156,4600300,0.0,0.0
2015-08-26 00:00:00-04:00,26.596122137307802,26.975293158542602,26.167708906965053,26.871883392333984,4609700,0.0,0.0
2015-08-27 00:00:00-04:00,27.206739924278633,27.94046097681772,27.088555974098785,27.886293411254883,4180500,0.0,0.0
2015-08-28 00:00:00-04:00,27.748408025023636,28.290081728042626,27.659770544138162,28.093109130859375,2974500,0.0,0.0
2015-08-31 00:00:00-04:00,27.920764632823893,28.334405659920183,27.640079851416083,28.098039627075195,2835300,0.0,0.0
2015-09-01 00:00:00-04:00,27.452952024937144,27.733636765318096,26.891582544175236,27.034387588500977,3634400,0.0,0.0
2015-09-02 00:00:00-04:00,27.467732465086407,27.472657814818753,26.857120591212688,27.364322662353516,2915000,0.0,0.0
2015-09-03 00:00:00-04:00,27.24613425241315,27.585910044843036,27.103329198802147,27.226436614990234,3216700,0.0,0.0
2015-09-04 00:00:00-04:00,26.83249783661504,27.23629008032295,26.655222826505145,27.108257293701172,3367000,0.0,0.0
2015-09-08 00:00:00-04:00,27.56621232738733,27.9749298496108,27.457877200345912,27.910913467407227,2952000,0.0,0.0
2015-09-09 00:00:00-04:00,28.23591964641563,28.378724713147875,27.512047371608304,27.57114028930664,2676000,0.0,0.0
2015-09-10 00:00:00-04:00,27.640082111050113,27.83212941103254,27.31015320511665,27.507125854492188,2396000,0.0,0.0
2015-09-11 00:00:00-04:00,27.53174379533018,27.65485121739452,27.251059023301096,27.438182830810547,1762200,0.0,0.0
2015-09-14 00:00:00-04:00,27.3987840835198,27.44802817318997,26.862035716169615,26.92605209350586,4092800,0.0,0.0
2015-09-15 00:00:00-04:00,26.940828509411688,27.48742577845297,26.862039832336293,27.44803237915039,3461500,0.0,0.0
2015-09-16 00:00:00-04:00,27.472650120349403,27.896139912135727,27.34461736175493,27.84197235107422,2364100,0.0,0.0
2015-09-17 00:00:00-04:00,27.68932454751898,27.78288552353457,27.03931742942964,27.108257293701172,4300800,0.0,0.0
2015-09-18 00:00:00-04:00,26.73893251950765,26.80787237742991,25.857482899569614,26.06430435180664,6767400,0.0,0.0
2015-09-21 00:00:00-04:00,26.113548027936957,26.340067131783393,25.946121844295856,26.226806640625,3546500,0.0,0.0
2015-09-22 00:00:00-04:00,25.82794177359495,26.103701242161716,25.680213218509824,26.098777770996094,3802500,0.0,0.0
2015-09-23 00:00:00-04:00,26.128318153624047,26.18740918621415,25.709751820063147,25.78361701965332,3649900,0.0,0.0
2015-09-24 00:00:00-04:00,25.473384403012417,25.768843306569497,25.0449711530951,25.699901580810547,6620200,0.0,0.0
2015-09-25 00:00:00-04:00,25.803311985142784,25.88210064659561,25.41921561689914,25.566944122314453,6819500,0.0,0.0
2015-09-28 00:00:00-04:00,25.350275473162927,25.448761768431797,24.58700997215142,24.646100997924805,6838000,0.0,0.0
2015-09-29 00:00:00-04:00,24.72981904456185,25.04004838938263,24.587013987026488,24.946487426757812,3104200,0.0,0.0
2015-09-30 00:00:00-04:00,25.25672661364084,25.394606365924357,24.990814052690563,25.26165008544922,3120500,0.0,0.0
2015-10-01 00:00:00-04:00,25.330588735937265,25.443847366757236,24.754446760226458,24.907100677490234,2934800,0.0,0.0
2015-10-02 00:00:00-04:00,24.51314894644717,25.315809853345268,24.355571598628792,25.31088638305664,5100800,0.0,0.0
2015-10-05 00:00:00-04:00,25.394598274012324,26.246501389181937,25.36012834692518,25.980588912963867,3842700,0.0,0.0
2015-10-06 00:00:00-04:00,26.049527937163003,26.26127282637979,25.714675641586222,25.891950607299805,5230100,0.0,0.0
2015-10-07 00:00:00-04:00,26.22187690082746,26.95067250288947,26.039678469929434,26.645366668701172,5431700,0.0,0.0
2015-10-08 00:00:00-04:00,26.596132228942714,27.320004624008874,26.541966529759286,27.231367111206055,3902400,0.0,0.0
2015-10-09 00:00:00-04:00,26.985146298094516,27.403712656430635,26.86203887713745,26.9949951171875,3168300,0.0,0.0
2015-10-12 00:00:00-04:00,27.014690940863495,27.083630791413704,26.5715035037978,26.660140991210938,2491900,0.0,0.0
2015-10-13 00:00:00-04:00,26.507488646148484,26.6453683453995,26.32036485540067,26.344985961914062,2498600,0.0,0.0
2015-10-14 00:00:00-04:00,26.29574802563326,26.34499024666881,25.89195580203671,25.97566795349121,2935700,0.0,0.0
2015-10-15 00:00:00-04:00,25.83285739157731,25.906722585900116,25.31580666672744,25.655582427978516,4716000,0.0,0.0
2015-10-16 00:00:00-04:00,25.640810927796835,25.640810927796835,24.956334036139175,25.187776565551758,6785300,0.0,0.0
2015-10-19 00:00:00-04:00,24.990804492637455,25.271489240109673,24.92186464286814,25.246868133544922,4398200,0.0,0.0
2015-10-20 00:00:00-04:00,25.133607578962966,26.13816442755016,25.054818917022985,25.788537979125977,7151800,0.0,0.0
2015-10-21 00:00:00-04:00,26.01998695467217,26.246504179172092,25.803318550168377,25.862409591674805,3576500,0.0,0.0
2015-10-22 00:00:00-04:00,25.965814325123816,27.06393218140104,25.96089085532014,26.7635498046875,4617100,0.0,0.0
2015-10-23 00:00:00-04:00,26.90635916557258,27.251060339697997,26.591204450419156,26.743858337402344,3169000,0.0,0.0
2015-10-26 00:00:00-04:00,26.832492770479007,26.92605372882973,26.438547543071618,26.482866287231445,2820300,0.0,0.0
2015-10-27 00:00:00-04:00,26.251429275313136,26.251429275313136,25.552178090092312,25.97566795349121,3036400,0.0,0.0
2015-10-28 00:00:00-04:00,26.039683939967613,26.704463305994295,26.034758590858214,26.630599975585938,3409500,0.0,0.0
2015-10-29 00:00:00-04:00,26.433627092842443,26.81279819653337,26.433627092842443,26.743858337402344,3574600,0.0,0.0
2015-10-30 00:00:00-04:00,26.743857247520758,27.81735412630826,26.591203366758613,27.5317440032959,7023400,0.0,0.0
2015-11-02 00:00:00-05:00,27.32492240598363,28.053718070594186,27.177192006580498,27.93061065673828,4576100,0.0,0.0
2015-11-03 00:00:00-05:00,27.82228385528596,28.295016015091498,27.773041626399365,27.940467834472656,4003100,0.0,0.0
2015-11-04 00:00:00-05:00,28.07342222816058,28.46736757313582,27.901072548586882,27.940467834472656,3962800,0.0,0.0
2015-11-05 00:00:00-05:00,27.910627550518253,28.54710659050115,27.82609411103837,28.397932052612305,6716200,0.55,0.0
2015-11-06 00:00:00-05:00,28.194055231810193,28.54213036244624,28.074714482473855,28.452625274658203,5281400,0.0,0.0
2015-11-09 00:00:00-05:00,28.457598675306517,28.48743433867784,27.86587224486932,28.024991989135742,3952200,0.0,0.0
2015-11-10 00:00:00-05:00,27.761449403563777,28.064770102533792,27.61724654704656,27.96034812927246,3707700,0.0,0.0
2015-11-11 00:00:00-05:00,27.746532928631378,27.895707459518043,27.547634186401517,27.607303619384766,4158300,0.0,0.0
2015-11-12 00:00:00-05:00,27.308954990860833,27.45315787165996,26.891267027482236,26.94596290588379,5806300,0.0,0.0
2015-11-13 00:00:00-05:00,26.8912625452826,27.234364128094693,26.846509999971726,26.906179428100586,3638400,0.0,0.0
2015-11-16 00:00:00-05:00,26.901208774296485,27.55757824516551,26.87137500543879,27.5526065826416,2748500,0.0,0.0
2015-11-17 00:00:00-05:00,27.647081923239895,27.786313125889635,27.36364975252928,27.567522048950195,2918700,0.0,0.0
2015-11-18 00:00:00-05:00,27.36861854832489,28.318365212235893,27.36861854832489,28.283557891845703,3028300,0.0,0.0
2015-11-19 00:00:00-05:00,28.32831115741727,28.333282818947474,27.920566625097937,28.22886085510254,4470700,0.0,0.0
2015-11-20 00:00:00-05:00,28.358145741259534,28.68135875892501,28.30842153709106,28.636606216430664,4810000,0.0,0.0
2015-11-23 00:00:00-05:00,28.56699246530806,28.731083861681554,28.437706495455625,28.452625274658203,3386100,0.0,0.0
2015-11-24 00:00:00-05:00,28.3432329986596,28.72611549661522,28.119470253509295,28.68633460998535,3163800,0.0,0.0
2015-11-25 00:00:00-05:00,28.646561137385394,28.929993370210937,28.56202768544478,28.81562614440918,3167800,0.0,0.0
2015-11-27 00:00:00-05:00,28.775836285778418,28.929984357850937,28.64157865465529,28.89020347595215,1049200,0.0,0.0
2015-11-30 00:00:00-05:00,28.939934389568666,29.133861478923357,28.830538843016924,28.9200439453125,3267100,0.0,0.0
2015-12-01 00:00:00-05:00,29.014521020176073,29.128890127442126,28.845456035907056,29.064247131347656,3122400,0.0,0.0
2015-12-02 00:00:00-05:00,28.890209845527696,29.07419361958817,28.323345431488395,28.407878875732422,3042300,0.0,0.0
2015-12-03 00:00:00-05:00,28.387983917455564,28.45262690608831,27.423320234363874,27.657026290893555,5184900,0.0,0.0
2015-12-04 00:00:00-05:00,27.716697702161863,27.96532253950977,27.60730216673455,27.8708438873291,3245100,0.0,0.0
2015-12-07 00:00:00-05:00,27.771397019291793,27.786315801246747,27.149834848789677,27.204532623291016,3529000,0.0,0.0
2015-12-08 00:00:00-05:00,26.851482463332843,26.955904439889018,26.26472769479294,26.354232788085938,5690100,0.0,0.0
2015-12-09 00:00:00-05:00,26.28462416651167,26.702314065407762,26.09069705217731,26.19014549255371,3593100,0.0,0.0
2015-12-10 00:00:00-05:00,26.175220505581624,26.37909278023399,25.866926262734424,25.92659568786621,4156400,0.0,0.0
2015-12-11 00:00:00-05:00,25.56857858380437,25.787369665110866,25.190669647599528,25.29509162902832,5868400,0.0,0.0
2015-12-14 00:00:00-05:00,25.215532612340986,25.399516372773586,24.852540547726843,25.051441192626953,4220700,0.0,0.0
2015-12-15 00:00:00-05:00,25.170782714138877,25.310013938981566,24.82768105723611,25.150894165039062,3653500,0.0,0.0
2015-12-16 00:00:00-05:00,25.508911010694952,25.951462971080044,25.34481958460998,25.852014541625977,4287000,0.0,0.0
2015-12-17 00:00:00-05:00,25.822176913234262,25.941515778257095,24.917182616573353,24.927127838134766,4476100,0.0,0.0
2015-12-18 00:00:00-05:00,24.912206444654007,25.11607872313887,24.688445621989228,24.733198165893555,8579300,0.0,0.0
2015-12-21 00:00:00-05:00,24.991767663881657,25.31000904711495,24.912207792287575,25.215530395507812,5618900,0.0,0.0
2015-12-22 00:00:00-05:00,25.359733563172334,26.026048207177027,25.295090573950176,25.76250648498535,6196200,0.0,0.0
2015-12-23 00:00:00-05:00,26.03598907763319,26.602853311999286,25.996208199572642,26.493457794189453,3577800,0.0,0.0
2015-12-24 00:00:00-05:00,26.453685942866336,26.602860482086037,26.35920728043669,26.478548049926758,985900,0.0,0.0
2015-12-28 00:00:00-05:00,26.403956603401685,26.45865437036087,25.98129514448302,26.150360107421875,1913400,0.0,0.0
2015-12-29 00:00:00-05:00,26.36914654552272,26.582964032281296,26.21002682005449,26.394010543823242,2587300,0.0,0.0
2015-12-30 00:00:00-05:00,26.299534628401585,26.503406916340474,26.11057922350358,26.150360107421875,1842700,0.0,0.0
2015-12-31 00:00:00-05:00,26.06085486124846,26.249810265028326,25.8669277954367,25.876873016357422,2164400,0.0,0.0
2016-01-04 00:00:00-05:00,25.876874070573432,25.986267711444178,25.250338405041557,25.966379165649414,3840100,0.0,0.0
2016-01-05 00:00:00-05:00,25.966374309316485,26.026043729255193,25.489013259236838,25.782390594482422,2102300,0.0,0.0
2016-01-06 00:00:00-05:00,25.27023351419959,25.503941516372922,25.041499072036142,25.319957733154297,2873000,0.0,0.0
2016-01-07 00:00:00-05:00,24.837621241723102,24.99176742447798,24.55418908333071,24.728225708007812,4586600,0.0,0.0
2016-01-08 00:00:00-05:00,24.887346414017387,25.066356604539884,24.39507028693754,24.449766159057617,3448200,0.0,0.0
2016-01-11 00:00:00-05:00,24.683478290502475,24.768011737806646,24.156394748052016,24.43982696533203,3176000,0.0,0.0
2016-01-12 00:00:00-05:00,24.728226153158175,24.907236339966797,24.290645907276765,24.837621688842773,3416100,0.0,0.0
2016-01-13 00:00:00-05:00,24.917185936762905,25.155865595469454,24.042025291314914,24.081806182861328,3562300,0.0,0.0
2016-01-14 00:00:00-05:00,24.221034333498825,24.221034333498825,23.445325954581648,24.02710723876953,4650700,0.0,0.0
2016-01-15 00:00:00-05:00,23.37570698858883,23.92765444553753,23.360790104949253,23.798370361328125,4605500,0.0,0.0
2016-01-19 00:00:00-05:00,24.166333391761256,24.235949939464128,23.594497404914954,23.912736892700195,3473400,0.0,0.0
2016-01-20 00:00:00-05:00,23.485101222773135,23.84312158509839,22.96796112093819,23.624330520629883,4127000,0.0,0.0
2016-01-21 00:00:00-05:00,23.654166814712763,24.211085917867287,23.261339117434204,23.758588790893555,3767200,0.0,0.0
2016-01-22 00:00:00-05:00,24.300588383138276,24.59893929306643,23.713833680155343,24.121578216552734,3436800,0.0,0.0
2016-01-25 00:00:00-05:00,23.982356585452997,24.14644992282231,23.44532781112793,23.50499725341797,2506000,0.0,0.0
2016-01-26 00:00:00-05:00,24.002240156436926,24.434846808620687,23.59946726842367,24.37517738342285,3406900,0.0,0.0
2016-01-27 00:00:00-05:00,24.36026169232675,25.215529818166445,24.027103433565447,24.584022521972656,4581500,0.0,0.0
2016-01-28 00:00:00-05:00,25.011660357755186,25.21056100307559,24.61386096397152,24.95696258544922,3825800,0.0,0.0
2016-01-29 00:00:00-05:00,24.166330726603487,25.116077423095703,23.743669309162154,25.116077423095703,8031300,0.0,0.0
2016-02-01 00:00:00-05:00,24.882374863443502,25.086247159818644,24.499492375742477,24.971879959106445,3902600,0.0,0.0
2016-02-02 00:00:00-05:00,24.668553121795412,24.902261042327154,24.171303518523928,24.365230560302734,5797600,0.0,0.0
2016-02-03 00:00:00-05:00,25.83212512251723,26.165281547500378,25.01663582873318,26.095666885375977,7387400,0.0,0.0
2016-02-04 00:00:00-05:00,26.09069119526041,27.478016354397386,26.09069119526041,27.030492782592773,6098100,0.0,0.0
2016-02-05 00:00:00-05:00,26.836564934368386,27.473043896376186,26.727169401451945,27.17966651916504,4270900,0.0,0.0
2016-02-08 00:00:00-05:00,26.851481605974378,27.49790578378386,26.42384659541916,27.40342903137207,6236700,0.0,0.0
2016-02-09 00:00:00-05:00,26.73214378358229,27.473046691880917,26.73214378358229,27.090164184570312,5233800,0.0,0.0
2016-02-10 00:00:00-05:00,27.149830297055324,27.328840475645602,26.672471085385848,26.702306747436523,3496500,0.0,0.0
2016-02-11 00:00:00-05:00,26.150360863630123,26.712253535654515,26.031020105281126,26.40395736694336,4928200,0.0,0.0
2016-02-12 00:00:00-05:00,26.806738180295284,27.105087318671565,26.379103024260402,26.95094108581543,4027000,0.0,0.0
2016-02-16 00:00:00-05:00,26.940992025928427,27.303984121453414,26.607833701878977,27.259231567382812,3512400,0.0,0.0
2016-02-17 00:00:00-05:00,27.552603116253053,28.228862945851816,27.398455041405516,27.8509521484375,3586700,0.0,0.0
2016-02-18 00:00:00-05:00,27.92553840834561,28.089631692408656,27.781335564203555,27.9454288482666,2727800,0.0,0.0
2016-02-19 00:00:00-05:00,27.77636583881983,27.92056869301363,27.308949952378804,27.8509521484375,2669700,0.0,0.0
2016-02-22 00:00:00-05:00,27.850956039000373,28.795731267657057,27.850956039000373,28.681364059448242,4353300,0.0,0.0
2016-02-23 00:00:00-05:00,28.54213398605165,28.80567572418758,28.049855940719617,28.119470596313477,2522700,0.0,0.0
2016-02-24 00:00:00-05:00,27.751507786164066,28.303453386580397,27.30398227571065,28.243783950805664,2784600,0.0,0.0
2016-02-25 00:00:00-05:00,28.21892208760378,28.51229950324346,27.890737342723554,28.482463836669922,2418100,0.0,0.0
2016-02-26 00:00:00-05:00,28.611747112989406,28.830536289860323,28.37306749362377,28.477489471435547,2385000,0.0,0.0
2016-02-29 00:00:00-05:00,28.55704838052761,28.721139783427148,28.184111132197746,28.19902801513672,4059500,0.0,0.0
2016-03-01 00:00:00-05:00,28.686335604697835,29.128889447944022,28.363124425479512,28.870319366455078,3732400,0.0,0.0
2016-03-02 00:00:00-05:00,28.795735697263453,28.82557136798204,28.41285312556672,28.81562614440918,3066400,0.0,0.0
2016-03-03 00:00:00-05:00,28.820636715918702,29.05164327880835,28.609718179984597,29.041601181030273,2272100,0.57,0.0
2016-03-04 00:00:00-05:00,29.061693520608518,29.398161339274612,28.760380714498673,29.101869583129883,2887500,0.0,0.0
2016-03-07 00:00:00-05:00,29.011476919091358,29.68441067692999,29.001432902920605,29.63921356201172,2580400,0.0,0.0
2016-03-08 00:00:00-05:00,29.398157147521697,29.398157147521697,28.9813391789452,29.061689376831055,2248900,0.0,0.0
2016-03-09 00:00:00-05:00,29.242479753215648,29.49859734311875,29.05667026739376,29.408203125,2851200,0.0,0.0
2016-03-10 00:00:00-05:00,29.453402821632007,29.85515387317709,29.31781148254177,29.835065841674805,4580900,0.0,0.0
2016-03-11 00:00:00-05:00,29.95558751340142,30.447732715406442,29.95558751340142,30.196638107299805,3767800,0.0,0.0
2016-03-14 00:00:00-04:00,29.975677997010113,30.462802220790763,29.88026272166859,30.3824520111084,2467000,0.0,0.0
2016-03-15 00:00:00-04:00,30.146423170808514,30.37743170554395,29.809957258174546,30.357343673706055,2490200,0.0,0.0
2016-03-16 00:00:00-04:00,30.34730007526748,30.668700926294544,30.096205420940066,30.5230655670166,2992900,0.0,0.0
2016-03-17 00:00:00-04:00,30.523055570557435,31.788572443788286,30.523055570557435,31.693157196044922,4276000,0.0,0.0
2016-03-18 00:00:00-04:00,31.793593148127066,32.135081895155935,31.401884340829586,31.873943328857422,7865100,0.0,0.0
2016-03-21 00:00:00-04:00,31.868937432192332,32.019593862282434,31.708236984669494,31.979419708251953,3562200,0.0,0.0
2016-03-22 00:00:00-04:00,31.73835658180062,32.120019515965254,31.55756817035959,31.84883689880371,3401200,0.0,0.0
2016-03-23 00:00:00-04:00,31.76848843256031,31.76848843256031,31.33660732317554,31.376781463623047,2905500,0.0,0.0
2016-03-24 00:00:00-04:00,31.100576373471352,31.336605903393387,30.78921961523569,31.3215389251709,2160200,0.0,0.0
2016-03-28 00:00:00-04:00,31.396878035490932,31.45211916987593,31.14076039710599,31.371768951416016,1647800,0.0,0.0
2016-03-29 00:00:00-04:00,31.13572946315765,31.386824055602467,30.944897036503665,31.3215389251709,2488500,0.0,0.0
2016-03-30 00:00:00-04:00,31.577663838266687,31.723297279878185,31.366743335315302,31.512378692626953,1758600,0.0,0.0
2016-03-31 00:00:00-04:00,31.512376942326302,31.6228591956262,31.266303355167445,31.416961669921875,2140700,0.0,0.0
2016-04-01 00:00:00-04:00,31.080494621696353,32.039676081873615,30.854509059727867,31.969369888305664,3007500,0.0,0.0
2016-04-04 00:00:00-04:00,31.582684468529227,31.8036489844647,31.381809899869854,31.462160110473633,2364500,0.0,0.0
2016-04-05 00:00:00-04:00,30.97503408568021,30.9900991506389,30.24183821695698,30.32720947265625,6084400,0.0,0.0
2016-04-06 00:00:00-04:00,30.266949530923213,30.342276776976085,29.19226472868754,29.905372619628906,6787900,0.0,0.0
2016-04-07 00:00:00-04:00,29.66431695949019,30.231791312331094,29.599031824742163,29.870214462280273,4162300,0.0,0.0
2016-04-08 00:00:00-04:00,30.18660081588969,30.5130227297052,30.025900384168157,30.086162567138672,2640300,0.0,0.0
2016-04-11 00:00:00-04:00,30.2117118597311,30.73398925456923,30.181579808440308,30.442718505859375,2430900,0.0,0.0
2016-04-12 00:00:00-04:00,30.52306113647279,31.0302733373824,30.502975022974315,30.904726028442383,2525400,0.0,0.0
2016-04-13 00:00:00-04:00,31.110626003164462,31.708230551411216,31.000143749520504,31.65801239013672,2420200,0.0,0.0
2016-04-14 00:00:00-04:00,31.79359599051552,31.833770126622607,31.35166899914001,31.426998138427734,2108000,0.0,0.0
2016-04-15 00:00:00-04:00,31.462160855695647,31.76849472383461,31.427007757455108,31.552555084228516,2308600,0.0,0.0
2016-04-18 00:00:00-04:00,31.432025333356272,31.587704690999722,31.23617183174997,31.477222442626953,1538900,0.0,0.0
2016-04-19 00:00:00-04:00,31.858892559537043,31.858892559537043,31.442076383620115,31.52242660522461,2124800,0.0,0.0
2016-04-20 00:00:00-04:00,31.567614453932958,31.61281156004342,31.17088451315223,31.216081619262695,2858200,0.0,0.0
2016-04-21 00:00:00-04:00,31.175910289942173,31.4671790656022,31.050362974500782,31.211063385009766,2383900,0.0,0.0
2016-04-22 00:00:00-04:00,31.085515778557703,31.668055240124243,31.085515778557703,31.632902145385742,1903500,0.0,0.0
2016-04-25 00:00:00-04:00,31.411933619715867,31.577656972839954,31.06040080169184,31.266298294067383,1833500,0.0,0.0
2016-04-26 00:00:00-04:00,31.48726032258243,31.828749100380993,31.46215124803539,31.763463973999023,2066700,0.0,0.0
2016-04-27 00:00:00-04:00,31.803650064333944,32.09491886927489,31.668058720142398,32.054744720458984,1830000,0.0,0.0
2016-04-28 00:00:00-04:00,31.89404163998601,32.13007122430529,31.587707775790964,31.733341217041016,2457800,0.0,0.0
2016-04-29 00:00:00-04:00,31.386833497418976,32.01457016736736,31.296439263690388,31.77351951599121,3369500,0.0,0.0
2016-05-02 00:00:00-04:00,31.878978647897657,31.949284848047387,31.22110993162467,31.868934631347656,2722000,0.0,0.0
2016-05-03 00:00:00-04:00,31.71827084993056,31.889015260235404,31.401891107015736,31.78355598449707,3956900,0.0,0.0
2016-05-04 00:00:00-04:00,31.62139906592142,31.717681473777613,30.63322998265326,30.89674186706543,3102500,0.57,0.0
2016-05-05 00:00:00-04:00,30.977821533065796,31.2210628204131,30.719376336246224,30.90180778503418,1891500,0.0,0.0
2016-05-06 00:00:00-04:00,30.825797877902296,31.104511749417806,30.567352665087707,31.0639705657959,1895900,0.0,0.0
2016-05-09 00:00:00-04:00,30.967678536500905,31.008217774422214,30.56227649174065,30.739639282226562,1764900,0.0,0.0
2016-05-10 00:00:00-04:00,30.800450283547097,31.484568072532443,30.704167898331164,31.469364166259766,1567100,0.0,0.0
2016-05-11 00:00:00-04:00,31.444034629714753,31.74301908511552,31.317346333919684,31.418697357177734,1837500,0.0,0.0
2016-05-12 00:00:00-04:00,31.555513597303143,31.666999890225682,31.256529211555048,31.45416259765625,1608600,0.0,0.0
2016-05-13 00:00:00-04:00,31.37815985404798,31.616334496666376,30.719381025286896,30.8460693359375,1693900,0.0,0.0
2016-05-16 00:00:00-04:00,30.94235011344088,31.479507251333565,30.922079522132858,31.393360137939453,2061800,0.0,0.0
2016-05-17 00:00:00-04:00,31.33761041955847,31.611257545613537,30.957545611074064,31.074098587036133,1809700,0.0,0.0
2016-05-18 00:00:00-04:00,30.95249150127436,31.089313186758275,30.303845983518837,30.45587158203125,2202800,0.0,0.0
2016-05-19 00:00:00-04:00,30.222755532013604,30.27343200348459,29.82748872008855,30.172080993652344,3452100,0.0,0.0
2016-05-20 00:00:00-04:00,30.400121154511645,30.678834989712808,30.151811269955473,30.303836822509766,3077700,0.0,0.0
2016-05-23 00:00:00-04:00,30.237959992200814,30.547079727696772,30.060597160248978,30.430526733398438,1692700,0.0,0.0
2016-05-24 00:00:00-04:00,30.623091150397162,30.72444216086736,30.471065601246735,30.60788917541504,1952400,0.0,0.0
2016-05-25 00:00:00-04:00,30.74977924646726,31.33254610335636,30.704171388683683,31.221059799194336,2221200,0.0,0.0
2016-05-26 00:00:00-04:00,31.185586572768504,31.565651401849045,31.104506153222374,31.175451278686523,1527500,0.0,0.0
2016-05-27 00:00:00-04:00,31.2311954498291,31.37815238604427,31.03862872220023,31.2311954498291,1030100,0.0,0.0
2016-05-31 00:00:00-04:00,31.26666801371998,31.433895538761295,31.003156158309352,31.2311954498291,1849500,0.0,0.0
2016-06-01 00:00:00-04:00,31.023423312782317,31.281866525821368,30.785248753215885,31.2413272857666,2083800,0.0,0.0
2016-06-02 00:00:00-04:00,31.18051733204205,31.312274219348048,30.97274864031457,31.292003631591797,1789300,0.0,0.0
2016-06-03 00:00:00-04:00,31.276807725093672,31.32241558983844,30.91701148850274,31.139984130859375,1809300,0.0,0.0
2016-06-06 00:00:00-04:00,31.286938238400836,31.80382471568328,31.195722522854588,31.758216857910156,1620100,0.0,0.0
2016-06-07 00:00:00-04:00,31.849431957530367,32.10787712428333,31.67206914357025,31.687271118164062,1820100,0.0,0.0
2016-06-08 00:00:00-04:00,31.905171777430656,32.214291449295516,31.879834511383102,31.996387481689453,1817200,0.0,0.0
2016-06-09 00:00:00-04:00,31.753153859899555,31.884908834796835,31.535249840057553,31.808897018432617,1197500,0.0,0.0
2016-06-10 00:00:00-04:00,31.525115902584716,31.596061040824715,31.008227409980396,31.226131439208984,1872200,0.0,0.0
2016-06-13 00:00:00-04:00,31.03863369506998,31.16025531440276,30.709243339755826,30.72444725036621,2656200,0.0,0.0
2016-06-14 00:00:00-04:00,30.638291955958447,30.85112926313313,30.374780112037712,30.628156661987305,2619800,0.0,0.0
2016-06-15 00:00:00-04:00,30.805529952719166,30.982892813643048,30.61296318006595,30.73458480834961,1537500,0.0,0.0
2016-06-16 00:00:00-04:00,30.521740472910583,30.901805316487916,30.212620757503455,30.805522918701172,1662500,0.0,0.0
2016-06-17 00:00:00-04:00,30.86127045210184,31.34268444247613,30.805527291167547,31.226131439208984,2472800,0.0,0.0
2016-06-20 00:00:00-04:00,31.692339214447724,32.05213345009936,31.545380352074076,31.565650939941406,1983500,0.0,0.0
2016-06-21 00:00:00-04:00,31.54538008077907,31.67206835419585,31.15011328631379,31.34267807006836,1565700,0.0,0.0
2016-06-22 00:00:00-04:00,31.357877489238483,31.469361839374294,31.226120621201577,31.29706573486328,1662000,0.0,0.0
2016-06-23 00:00:00-04:00,31.702484961356085,31.8342399597168,31.535255455976028,31.834239959716797,1189600,0.0,0.0
2016-06-24 00:00:00-04:00,30.430532679697805,30.775125048919442,29.351147701603264,29.406890869140625,5749400,0.0,0.0
2016-06-27 00:00:00-04:00,29.026823959285885,29.097769101121354,27.516699588569054,28.160276412963867,5664200,0.0,0.0
2016-06-28 00:00:00-04:00,28.449119153789518,28.940670286798486,28.302160288626673,28.813982009887695,4624000,0.0,0.0
2016-06-29 00:00:00-04:00,29.25485685511245,29.553841267814988,28.960941056059454,29.437288284301758,2720600,0.0,0.0
2016-06-30 00:00:00-04:00,29.563977417524306,30.26836395263672,29.37141068857315,30.26836395263672,2897600,0.0,0.0
2016-07-01 00:00:00-04:00,30.217691455411344,30.87647017642617,30.217691455411344,30.54201316833496,2663700,0.0,0.0
2016-07-05 00:00:00-04:00,30.232893292534406,30.40518944337124,29.53864200818153,29.756546020507812,2490300,0.0,0.0
2016-07-06 00:00:00-04:00,29.751470557733597,30.131535338286483,29.533566595567855,30.126468658447266,3073700,0.0,0.0
2016-07-07 00:00:00-04:00,30.16194356858366,30.653494675023353,30.14167298142727,30.460927963256836,2689800,0.0,0.0
2016-07-08 00:00:00-04:00,30.770056249598674,31.418699754977155,30.668705218605755,31.378158569335938,2001800,0.0,0.0
2016-07-11 00:00:00-04:00,31.53017939584528,31.783555953039514,31.41869309208471,31.621395111083984,2075300,0.0,0.0
2016-07-12 00:00:00-04:00,31.889982479765287,32.51329068431711,31.687280404597676,32.41193771362305,2501800,0.0,0.0
2016-07-13 00:00:00-04:00,32.42206089552047,32.50820992186393,32.08760394964782,32.36631774902344,1960600,0.0,0.0
2016-07-14 00:00:00-04:00,32.36125457699018,32.79199395607228,32.102809403053115,32.330848693847656,3706500,0.0,0.0
2016-07-15 00:00:00-04:00,32.4169992079401,32.52848551810404,32.19909520158866,32.34605407714844,2670800,0.0,0.0
2016-07-18 00:00:00-04:00,32.21429488913492,32.29537530901055,31.965986949001284,32.17375564575195,1872200,0.0,0.0
2016-07-19 00:00:00-04:00,31.950790405273434,32.18896503928804,31.813966802740158,31.950790405273438,2493100,0.0,0.0
2016-07-20 00:00:00-04:00,32.00146634088541,32.30045081543719,31.758223096241505,32.178829193115234,1697500,0.0,0.0
2016-07-21 00:00:00-04:00,32.22949757323781,32.36125446662965,31.85450134797428,32.031864166259766,1583800,0.0,0.0
2016-07-22 00:00:00-04:00,32.11294667524918,32.148419241211975,31.737950425611043,32.11801528930664,1377000,0.0,0.0
2016-07-25 00:00:00-04:00,32.12308262896286,32.16362380981445,31.88997663839591,32.16362380981445,1520500,0.0,0.0
2016-07-26 00:00:00-04:00,32.163630078267076,32.76666769574771,32.097751613098964,32.7210578918457,2305900,0.0,0.0
2016-07-27 00:00:00-04:00,32.83759843304091,32.86293376522823,32.49807095900484,32.63996505737305,2075700,0.0,0.0
2016-07-28 00:00:00-04:00,32.50821242880336,32.50821242880336,32.19402411215618,32.4372673034668,1404500,0.0,0.0
2016-07-29 00:00:00-04:00,32.38658958571831,32.43219744069367,31.95585023670294,32.13321304321289,3157900,0.0,0.0
2016-08-01 00:00:00-04:00,32.143358756424426,32.40180206298828,31.73795654362316,32.40180206298828,4820000,0.0,0.0
2016-08-02 00:00:00-04:00,32.938951794409455,33.19739696026086,32.38659083314805,32.4372673034668,5154800,0.0,0.0
2016-08-03 00:00:00-04:00,32.47306390732259,33.0303878807036,32.28388111282925,32.846317291259766,3161200,0.57,0.0
2016-08-04 00:00:00-04:00,32.907673107808485,33.18889312744646,32.790070944789676,32.97925567626953,2640400,0.0,0.0
2016-08-05 00:00:00-04:00,33.12241961190119,33.59793459997916,33.03549848205917,33.47010803222656,2300700,0.0,0.0
2016-08-08 00:00:00-04:00,33.60303869926942,34.022309559993126,33.485436575708185,33.65928268432617,2780600,0.0,0.0
2016-08-09 00:00:00-04:00,33.746216705408486,33.98653129700931,33.64395700304786,33.664405822753906,2461800,0.0,0.0
2016-08-10 00:00:00-04:00,33.920052964029075,34.12457623343654,33.77688784573092,34.10923767089844,2736800,0.0,0.0
2016-08-11 00:00:00-04:00,34.20638861608363,34.446703175705665,34.10412502637369,34.42625045776367,3085600,0.0,0.0
2016-08-12 00:00:00-04:00,34.29331229928616,34.492721437896556,34.22684388673514,34.36489486694336,2359000,0.0,0.0
2016-08-15 00:00:00-04:00,34.45692703009294,34.77393830166027,34.42624990415182,34.57963943481445,1948700,0.0,0.0
2016-08-16 00:00:00-04:00,34.53362371618654,34.53873787082466,34.35466731342228,34.39556884765625,2044600,0.0,0.0
2016-08-17 00:00:00-04:00,34.49784244656984,34.615440730673505,34.32911040316044,34.57453918457031,1805300,0.0,0.0
2016-08-18 00:00:00-04:00,34.59498662719014,34.63077791266574,34.44670732994618,34.62566375732422,1732300,0.0,0.0
2016-08-19 00:00:00-04:00,34.41090779393367,34.646108170803025,34.33932524014545,34.59497833251953,1898300,0.0,0.0
2016-08-22 00:00:00-04:00,34.55408229172426,34.70236159371153,34.3444448265485,34.61543655395508,1601100,0.0,0.0
2016-08-23 00:00:00-04:00,34.76881953945647,34.86085480604036,34.58474900628872,34.605201721191406,1409000,0.0,0.0
2016-08-24 00:00:00-04:00,34.559183105887186,34.625655406422844,34.3546637530419,34.41090774536133,1510500,0.0,0.0
2016-08-25 00:00:00-04:00,34.38023153464158,34.55407769004515,34.18593656185609,34.45692825317383,1485100,0.0,0.0
2016-08-26 00:00:00-04:00,34.60009518201542,34.87108688744212,34.28819803778087,34.421138763427734,1509500,0.0,0.0
2016-08-29 00:00:00-04:00,34.40068638869261,34.738150410802554,34.370009259758035,34.620548248291016,1105600,0.0,0.0
2016-08-30 00:00:00-04:00,34.56429565387637,34.64099235810775,34.25751273790729,34.33420944213867,2180300,0.0,0.0
2016-08-31 00:00:00-04:00,34.2575202106144,34.33421693157589,33.87915466175028,34.02231979370117,2390700,0.0,0.0
2016-09-01 00:00:00-04:00,34.08367695144967,34.22684207920347,33.70019725884177,34.21661376953125,2041200,0.0,0.0
2016-09-02 00:00:00-04:00,34.42625650874339,34.594988535704424,34.30865433514571,34.53363037109375,1509500,0.0,0.0
2016-09-06 00:00:00-04:00,34.61031846424838,34.61031846424838,33.93028027144905,34.0632209777832,1995800,0.0,0.0
2016-09-07 00:00:00-04:00,34.10924181889737,34.175710231631285,33.99675381199583,34.12458038330078,1470600,0.0,0.0
2016-09-08 00:00:00-04:00,34.05300222007236,34.083683253805034,33.77689632222554,33.78712463378906,1925700,0.0,0.0
2016-09-09 00:00:00-04:00,33.347394502419114,33.490559629353285,32.49351204418522,32.50373840332031,3580700,0.0,0.0
2016-09-12 00:00:00-04:00,32.26853175219139,33.413856447054926,32.11002614197875,33.22978591918945,2699800,0.0,0.0
2016-09-13 00:00:00-04:00,32.754285083441616,32.84632038683733,32.17651028493176,32.31967544555664,3266900,0.0,0.0
2016-09-14 00:00:00-04:00,32.27365471704279,32.5190815192072,32.06913335714519,32.20207214355469,2545200,0.0,0.0
2016-09-15 00:00:00-04:00,32.161164737499966,32.40659150979402,32.03333817169191,32.2583122253418,2942700,0.0,0.0
2016-09-16 00:00:00-04:00,32.01288456467549,32.02311092371378,31.675422518326076,31.87994384765625,4824800,0.0,0.0
2016-09-19 00:00:00-04:00,32.24297473183396,32.66735793015434,32.084469082798414,32.34012222290039,1966300,0.0,0.0
2016-09-20 00:00:00-04:00,32.62134443961848,32.66224988347183,32.07424680619294,32.07936096191406,2406600,0.0,0.0
2016-09-21 00:00:00-04:00,32.196952724113125,32.61110950663063,32.156047291012015,32.58554458618164,1844600,0.0,0.0
2016-09-22 00:00:00-04:00,32.97925260499376,33.066173729893514,32.6571291264389,32.769615173339844,2680000,0.0,0.0
2016-09-23 00:00:00-04:00,32.69803571258887,32.7133742762336,32.34523314493119,32.37080001831055,1444500,0.0,0.0
2016-09-26 00:00:00-04:00,32.263419191040164,32.43726337033059,32.099801369411324,32.16115951538086,1327300,0.0,0.0
2016-09-27 00:00:00-04:00,32.048678857640716,32.43215858045823,31.81859063385446,32.421932220458984,1690800,0.0,0.0
2016-09-28 00:00:00-04:00,32.56509510952995,33.03549788460102,32.47817398125992,33.015045166015625,1916700,0.0,0.0
2016-09-29 00:00:00-04:00,32.8667741921871,33.280931120626526,32.71338266496957,32.805419921875,1885800,0.0,0.0
2016-09-30 00:00:00-04:00,32.948573731793154,33.853584015616896,32.94345957737696,33.597930908203125,3886900,0.0,0.0
2016-10-03 00:00:00-04:00,33.48033559131369,33.84336256747454,33.34739487156443,33.679744720458984,2566000,0.0,0.0
2016-10-04 00:00:00-04:00,33.77177610394455,33.87403578366349,32.7951793885148,32.88721466064453,2110600,0.0,0.0
2016-10-05 00:00:00-04:00,33.06616764859232,33.73086720124744,33.05082908830827,33.51100540161133,2260500,0.0,0.0
2016-10-06 00:00:00-04:00,33.49055862426758,33.546802622583364,33.147984380676505,33.49055862426758,1389900,0.0,0.0
2016-10-07 00:00:00-04:00,33.35761455168176,33.35761455168176,32.74916284172804,32.969024658203125,2232300,0.0,0.0
2016-10-10 00:00:00-04:00,33.24002683166169,33.37296367367565,32.72360632704481,32.795188903808594,2704900,0.0,0.0
2016-10-11 00:00:00-04:00,32.657130824439236,32.79006959604466,32.0384507076411,32.273651123046875,2934200,0.0,0.0
2016-10-12 00:00:00-04:00,32.27364991719202,32.95368621467042,32.13559699579147,32.85654067993164,2793700,0.0,0.0
2016-10-13 00:00:00-04:00,32.457727735930426,32.51397174801807,32.023118106946065,32.288997650146484,2731900,0.0,0.0
2016-10-14 00:00:00-04:00,32.493511068911516,32.68269383103611,32.31455466561508,32.365684509277344,2043900,0.0,0.0
2016-10-17 00:00:00-04:00,32.33500927961426,32.39636548570302,31.747006290621197,32.273651123046875,2672000,0.0,0.0
2016-10-18 00:00:00-04:00,32.65200909765229,32.68268621651098,32.29409442396909,32.30943298339844,1956000,0.0,0.0
2016-10-19 00:00:00-04:00,32.36568537781279,32.71848794017684,32.16627625150888,32.55998229980469,1935200,0.0,0.0
2016-10-20 00:00:00-04:00,32.44238527966116,32.79518592616966,32.3861412743166,32.621341705322266,2365800,0.0,0.0
2016-10-21 00:00:00-04:00,32.27877214234456,32.67759049245143,32.156057753592194,32.5753288269043,2117000,0.0,0.0
2016-10-24 00:00:00-04:00,32.805412185987635,32.89744356975375,32.166277397418135,32.4014778137207,1857700,0.0,0.0
2016-10-25 00:00:00-04:00,32.28899416804961,32.51396824165964,31.94130572216581,32.3043327331543,1989300,0.0,0.0
2016-10-26 00:00:00-04:00,32.150945736757905,32.907678945482274,32.05891043227314,32.83098220825195,1989500,0.0,0.0
2016-10-27 00:00:00-04:00,32.74916220145263,32.810516446088336,31.68564441692601,31.849262237548828,4973700,0.0,0.0
2016-10-28 00:00:00-04:00,31.89017621903325,32.36057907108819,31.80325507653813,31.89529037475586,2166500,0.0,0.0
2016-10-31 00:00:00-04:00,32.08958235515943,32.64690629714565,32.02822614562737,32.60600280761719,4261100,0.0,0.0
2016-11-01 00:00:00-04:00,32.0895788231158,32.110031540868206,30.790862453494633,31.03628921508789,8389200,0.0,0.0
2016-11-02 00:00:00-04:00,30.985161231966025,31.353302394877534,30.86756101614235,31.128328323364258,4162600,0.0,0.0
2016-11-03 00:00:00-04:00,30.999292098145396,31.1334872984442,30.488313901230235,30.82380485534668,4735100,0.57,0.0
2016-11-04 00:00:00-04:00,30.92187094491903,31.716725054187577,30.81348228517686,31.36058807373047,4583400,0.0,0.0
2016-11-07 00:00:00-05:00,32.12962907064492,32.310276799942955,31.943818852559755,32.2225341796875,2840600,0.0,0.0
2016-11-08 00:00:00-05:00,32.09349777471987,32.692218462061156,31.97478613495274,32.51673126220703,3382000,0.0,0.0
2016-11-09 00:00:00-05:00,32.30512637503173,34.529685229501865,32.30512637503173,34.230323791503906,5690100,0.0,0.0
2016-11-10 00:00:00-05:00,34.50902800251089,35.58775581422207,34.50902800251089,35.45872116088867,6947900,0.0,0.0
2016-11-11 00:00:00-05:00,35.35550117790329,35.561957446799276,34.37483685401673,34.741294860839844,5332400,0.0,0.0
2016-11-14 00:00:00-05:00,34.772260748665005,35.26259086960877,34.47289939966818,34.61225509643555,5788800,0.0,0.0
2016-11-15 00:00:00-05:00,34.51935802836688,34.54516654088219,33.69869930968498,33.987735748291016,4859300,0.0,0.0
2016-11-16 00:00:00-05:00,33.827728271484375,34.034184523187065,33.67804758744556,33.827728271484375,3154600,0.0,0.0
2016-11-17 00:00:00-05:00,34.142577024103495,34.20967363990642,33.368368946177455,33.44062805175781,3407400,0.0,0.0
2016-11-18 00:00:00-05:00,33.37353383947932,33.419984437343764,33.001911336345884,33.11030197143555,4728900,0.0,0.0
2016-11-21 00:00:00-05:00,33.37352766799883,33.9516004473758,33.35288164904601,33.827728271484375,4399500,0.0,0.0
2016-11-22 00:00:00-05:00,33.941278527052766,34.03934219225499,33.52836603435009,33.84837341308594,2131900,0.0,0.0
2016-11-23 00:00:00-05:00,33.87418598700793,34.38000371319916,33.67805467243345,34.31806564331055,2568700,0.0,0.0
2016-11-25 00:00:00-05:00,34.31807013535517,34.56581850951219,34.31807013535517,34.48323440551758,920600,0.0,0.0
2016-11-28 00:00:00-05:00,34.271613601940956,34.38516475637812,33.977414673547464,34.05483627319336,2221700,0.0,0.0
2016-11-29 00:00:00-05:00,33.863859327444,34.26644687037903,33.72966216719043,33.9051513671875,2779300,0.0,0.0
2016-11-30 00:00:00-05:00,34.1993421298623,34.77741479755886,34.1993421298623,34.32837677001953,2426200,0.0,0.0
2016-12-01 00:00:00-05:00,34.509032350700714,35.19549773800811,34.44193574013011,34.91678237915039,3073700,0.0,0.0
2016-12-02 00:00:00-05:00,34.896138738653136,35.118078542995924,34.62774440242071,34.97356033325195,2352000,0.0,0.0
2016-12-05 00:00:00-05:00,35.11291732496054,35.427762266659535,34.82904338491829,35.102596282958984,2252900,0.0,0.0
2016-12-06 00:00:00-05:00,35.03549015282107,35.401948121870284,34.98387707537372,35.329689025878906,2763300,0.0,0.0
2016-12-07 00:00:00-05:00,35.29357154735216,35.701321692929184,35.21615387361903,35.56196594238281,3512100,0.0,0.0
2016-12-08 00:00:00-05:00,35.500022299053406,35.80970475890695,35.236790436156134,35.60325241088867,2099000,0.0,0.0
2016-12-09 00:00:00-05:00,35.964556169098614,36.026494250341344,35.57745202144234,35.88713455200195,1988000,0.0,0.0
2016-12-12 00:00:00-05:00,35.83550954573082,36.129708442679615,35.79421750528959,36.05744934082031,2233600,0.0,0.0
2016-12-13 00:00:00-05:00,35.98519401276844,36.093582676924235,35.28324500295614,35.53615188598633,2846700,0.0,0.0
2016-12-14 00:00:00-05:00,35.46905216110603,35.72712151159391,34.88065435701973,34.92710494995117,3039600,0.0,0.0
2016-12-15 00:00:00-05:00,34.77226664432238,35.07162410625021,34.6019399233081,35.04065704345703,2839500,0.0,0.0
2016-12-16 00:00:00-05:00,35.05614359866013,35.370988556967745,34.9425924415228,35.12840270996094,4108900,0.0,0.0
2016-12-19 00:00:00-05:00,35.149046258080574,35.34001900325869,34.756779725905005,35.0045280456543,1621800,0.0,0.0
2016-12-20 00:00:00-05:00,35.12839526735646,35.43291911859901,35.020006623369405,35.329689025878906,2988100,0.0,0.0
2016-12-21 00:00:00-05:00,35.21614681229702,35.28840591851016,34.92710644961852,35.0045280456543,1574100,0.0,0.0
2016-12-22 00:00:00-05:00,34.92194536718088,35.2677573415471,34.92194536718088,35.13356018066406,1560300,0.0,0.0
2016-12-23 00:00:00-05:00,35.09743505486491,35.24195327503864,34.9684003671632,35.231632232666016,757100,0.0,0.0
2016-12-27 00:00:00-05:00,35.34002075454421,35.41227986433817,35.19034004487783,35.350341796875,618900,0.0,0.0
2016-12-28 00:00:00-05:00,35.370988738493104,35.39679725172994,34.92195053565164,34.94259262084961,1237500,0.0,0.0
2016-12-29 00:00:00-05:00,34.96323767183972,35.09227235878404,34.71033078802019,34.896141052246094,703500,0.0,0.0
2016-12-30 00:00:00-05:00,34.963229851214074,35.02516790471036,34.478062214548224,34.62773895263672,1261800,0.0,0.0
2017-01-03 00:00:00-05:00,34.885815266663236,35.39679545040001,34.69484645460348,35.37098693847656,2231600,0.0,0.0
2017-01-04 00:00:00-05:00,35.407120503135346,35.5206716679391,35.02001640739153,35.1851806640625,1635000,0.0,0.0
2017-01-05 00:00:00-05:00,35.12839799999742,35.32969177417852,34.37483598473532,34.761940002441406,2393900,0.0,0.0
2017-01-06 00:00:00-05:00,34.89614000249351,35.33485713734137,34.83936442691986,35.102596282958984,2590000,0.0,0.0
2017-01-09 00:00:00-05:00,35.34517696060958,35.36066049026602,34.5090309187327,34.519351959228516,2704400,0.0,0.0
2017-01-10 00:00:00-05:00,34.68968200683594,34.86000872513529,34.46257971577013,34.68968200683594,2214500,0.0,0.0
2017-01-11 00:00:00-05:00,34.55549479578038,35.350349105678895,34.46258964429025,35.33486557006836,2126400,0.0,0.0
2017-01-12 00:00:00-05:00,35.29873597751303,35.303898468654445,34.6587248999211,35.20066833496094,1357100,0.0,0.0
2017-01-13 00:00:00-05:00,35.28324806565494,35.582609509495214,35.27808557515384,35.43809127807617,1264700,0.0,0.0
2017-01-17 00:00:00-05:00,35.2729106663191,35.28323564368624,34.725805000613,34.870323181152344,1697700,0.0,0.0
2017-01-18 00:00:00-05:00,34.9374337112712,35.09743546579027,34.7877529992456,34.99420928955078,1651300,0.0,0.0
2017-01-19 00:00:00-05:00,35.16453264752042,35.350342917976576,34.72581548476471,34.95808029174805,1431100,0.0,0.0
2017-01-20 00:00:00-05:00,35.10775659783425,35.35550493439765,34.87549573178986,35.06130599975586,1559900,0.0,0.0
2017-01-23 00:00:00-05:00,35.05613524513736,35.18001135312851,34.57096760456052,34.96323013305664,1195900,0.0,0.0
2017-01-24 00:00:00-05:00,35.123243946562994,35.778738434517834,34.968400744519506,35.701316833496094,2044400,0.0,0.0
2017-01-25 00:00:00-05:00,35.943900170573414,36.79036735693136,35.943900170573414,36.73875427246094,3278100,0.0,0.0
2017-01-26 00:00:00-05:00,36.55294411163566,36.99682372730376,36.30003724060531,36.805850982666016,2249900,0.0,0.0
2017-01-27 00:00:00-05:00,36.71294219701481,36.84713935387005,36.54777798004896,36.62003707885742,1899800,0.0,0.0
2017-01-30 00:00:00-05:00,36.656176346148946,36.656176346148946,35.96455223481906,36.34133529663086,2034900,0.0,0.0
2017-01-31 00:00:00-05:00,36.176158276901354,36.59939577581843,35.856154814750276,36.53229522705078,3016700,0.0,0.0
2017-02-01 00:00:00-05:00,36.63036570745237,37.01230725890191,36.2742287293911,36.805850982666016,3919500,0.0,0.0
2017-02-02 00:00:00-05:00,36.4858535300892,37.161994107213154,35.82519648712433,36.140037536621094,4690700,0.0,0.0
2017-02-03 00:00:00-05:00,36.30003882151206,36.50649510673936,35.92841829566815,36.243263244628906,2946200,0.0,0.0
2017-02-06 00:00:00-05:00,36.18648519485984,36.289711361506235,35.850994246520294,36.119388580322266,2548200,0.0,0.0
2017-02-07 00:00:00-05:00,36.30003653244656,36.6974616077411,36.19680642742951,36.25358200073242,2221400,0.0,0.0
2017-02-08 00:00:00-05:00,36.14003186853105,36.25358301832411,35.845832952169914,36.114227294921875,2304700,0.0,0.0
2017-02-09 00:00:00-05:00,36.11422673581588,36.78520470665603,36.11422673581588,36.53746032714844,2204400,0.0,0.0
2017-02-10 00:00:00-05:00,36.66133466765324,36.73359377740089,36.54262496070759,36.645851135253906,1946100,0.0,0.0
2017-02-13 00:00:00-05:00,36.805853646875114,37.29618783065668,36.805853646875114,37.26521682739258,2537100,0.0,0.0
2017-02-14 00:00:00-05:00,37.16198610053828,37.26005371285227,36.945208793363314,37.16714859008789,2083900,0.0,0.0
2017-02-15 00:00:00-05:00,37.19295032519624,37.306501459671935,36.99681905335442,37.21359634399414,1971800,0.0,0.0
2017-02-16 00:00:00-05:00,37.1826323756107,37.28585854035566,36.76971984097932,37.04843521118164,2081000,0.0,0.0
2017-02-17 00:00:00-05:00,36.92456533448414,36.97101593017578,36.58907437134913,36.97101593017578,2356700,0.0,0.0
2017-02-21 00:00:00-05:00,36.9761746807236,37.239406509833934,36.94520762006084,37.10520935058594,1903500,0.0,0.0
2017-02-22 00:00:00-05:00,36.99681804544405,37.543923746294276,36.91423397250232,37.42005157470703,2315200,0.0,0.0
2017-02-23 00:00:00-05:00,37.585218227549866,37.63683130758302,37.032950001761364,37.22392272949219,2237900,0.0,0.0
2017-02-24 00:00:00-05:00,36.92456036007215,37.363277435302734,36.71294161844976,37.363277435302734,2528800,0.0,0.0
2017-02-27 00:00:00-05:00,37.27037319433361,37.523280042120064,37.22392260380828,37.34263229370117,2287700,0.0,0.0
2017-02-28 00:00:00-05:00,37.34263736377258,37.46650955981736,37.01230888243576,37.151668548583984,2504200,0.0,0.0
2017-03-01 00:00:00-05:00,37.58005454260578,38.12200171027608,37.58005454260578,37.80199432373047,2653600,0.0,0.0
2017-03-02 00:00:00-05:00,37.817607896916925,37.85403587377763,37.35445048953717,37.52618408203125,2236600,0.6,0.0
2017-03-03 00:00:00-05:00,37.58865169361982,37.69793567638824,37.15671692575876,37.43252944946289,2024900,0.0,0.0
2017-03-06 00:00:00-05:00,37.06303442421528,37.531397060606245,36.9901784552603,37.38568115234375,2711700,0.0,0.0
2017-03-07 00:00:00-05:00,37.28160025979134,37.46894530393922,37.177521444310216,37.22956085205078,1391900,0.0,0.0
2017-03-08 00:00:00-05:00,37.260791299145005,37.645887759359255,37.2191581763237,37.38048553466797,2008700,0.0,0.0
2017-03-09 00:00:00-05:00,37.32322235814612,37.531383898021645,37.06822655623295,37.260772705078125,2473200,0.0,0.0
2017-03-10 00:00:00-05:00,37.48975110605928,37.77596975169824,37.46893455486444,37.72393035888672,2131100,0.0,0.0
2017-03-13 00:00:00-04:00,37.81760456662343,37.97893185310123,37.65628125049699,37.85923767089844,1832600,0.0,0.0
2017-03-14 00:00:00-04:00,37.57302600568583,37.6406808124621,37.198339868932145,37.375274658203125,1394800,0.0,0.0
2017-03-15 00:00:00-04:00,37.53139201647342,38.551379415111704,37.47934864248363,38.488929748535156,2435600,0.0,0.0
2017-03-16 00:00:00-04:00,38.37443469326412,38.691880167401955,38.03617266684741,38.171478271484375,2412600,0.0,0.0
2017-03-17 00:00:00-04:00,38.338013683887574,38.42648106938031,37.94251102979578,38.11944580078125,3245300,0.0,0.0
2017-03-20 00:00:00-04:00,38.12984140488694,38.384841167380266,37.92168384333865,38.181884765625,1560500,0.0,0.0
2017-03-21 00:00:00-04:00,38.29117870188556,38.52015287360857,37.39088152810583,37.46373748779297,2315300,0.0,0.0
2017-03-22 00:00:00-04:00,37.448120169378605,37.89566612007239,37.3544476687601,37.74995422363281,1989900,0.0,0.0
2017-03-23 00:00:00-04:00,37.75515720556794,38.11423179554341,37.59903505663866,37.874847412109375,1653900,0.0,0.0
2017-03-24 00:00:00-04:00,37.89045928821823,38.20790474993129,37.76035881933096,37.906070709228516,2612400,0.0,0.0
2017-03-27 00:00:00-04:00,37.75516792321725,37.9737358174827,37.18792766007812,37.822818756103516,2225400,0.0,0.0
2017-03-28 00:00:00-04:00,37.65628482439856,38.40045975994953,37.51057291595811,38.1402587890625,1700200,0.0,0.0
2017-03-29 00:00:00-04:00,38.26515274559518,38.72310897865269,38.0986242891247,38.478519439697266,2492300,0.0,0.0
2017-03-30 00:00:00-04:00,38.39525886493397,38.78556036432599,38.27036349682714,38.613826751708984,2111100,0.0,0.0
2017-03-31 00:00:00-04:00,38.40567060371446,38.837601262167105,38.33801580019542,38.58781051635742,2011500,0.0,0.0
2017-04-03 00:00:00-04:00,38.67627984077439,38.92086943727685,38.20791720601996,38.593017578125,2813200,0.0,0.0
2017-04-04 00:00:00-04:00,38.67107575794792,39.07178756702585,38.48373069896261,38.96770477294922,2783400,0.0,0.0
2017-04-05 00:00:00-04:00,39.17065003072489,39.737890177381146,38.68667609546282,38.84800338745117,2770700,0.0,0.0
2017-04-06 00:00:00-04:00,38.946873731226646,39.16024040197606,38.76993900262082,38.88963317871094,1592500,0.0,0.0
2017-04-07 00:00:00-04:00,38.78035572245966,38.993722450591314,38.61382723942978,38.80637741088867,1790900,0.0,0.0
2017-04-10 00:00:00-04:00,38.920875149203404,39.75351774965635,38.83240774142002,39.34239959716797,2959700,0.0,0.0
2017-04-11 00:00:00-04:00,39.191463973491615,39.243507337322725,38.81677398787448,39.233097076416016,2105200,0.0,0.0
2017-04-12 00:00:00-04:00,39.33198430263482,39.550552190804744,38.48893162924088,38.6346435546875,3322200,0.0,0.0
2017-04-13 00:00:00-04:00,38.556590952656634,38.68669148194003,38.2547607421875,38.2547607421875,1405800,0.0,0.0
2017-04-17 00:00:00-04:00,38.43688488184671,38.66586298973063,38.22872332652964,38.655452728271484,1372100,0.0,0.0
2017-04-18 00:00:00-04:00,38.416079000430116,38.85321878505902,38.416079000430116,38.75434112548828,1744000,0.0,0.0
2017-04-19 00:00:00-04:00,38.96769835942723,39.123820539670405,38.25995135760162,38.317195892333984,2223900,0.0,0.0
2017-04-20 00:00:00-04:00,38.5253562927246,38.82719038107074,38.38484951110242,38.52535629272461,3645000,0.0,0.0
2017-04-21 00:00:00-04:00,38.62943786546999,38.743922957507415,38.31719352428077,38.43168258666992,2637100,0.0,0.0
2017-04-24 00:00:00-04:00,39.04576587930417,39.363211453148324,38.86362595259506,39.27994918823242,2875200,0.0,0.0
2017-04-25 00:00:00-04:00,39.58697625825978,40.03452225379885,39.467282062561374,39.8211555480957,3044700,0.0,0.0
2017-04-26 00:00:00-04:00,39.90443063327254,40.273915624186316,39.857592382686256,39.92524719238281,2014500,0.0,0.0
2017-04-27 00:00:00-04:00,39.91483356995331,40.12820030512033,39.68585937970736,39.80554962158203,2073400,0.0,0.0
2017-04-28 00:00:00-04:00,39.78993827154219,39.86799936919882,39.274741379572205,39.36320877075195,2351100,0.0,0.0
2017-05-01 00:00:00-04:00,39.49851577791929,39.80555107689938,39.11341937857651,39.61820602416992,4044200,0.0,0.0
2017-05-02 00:00:00-04:00,40.45604468623767,41.273075552671344,39.743096587396835,40.12819290161133,4359600,0.0,0.0
2017-05-03 00:00:00-04:00,40.065258289661976,40.09672599094505,39.74532332165754,40.033790588378906,2748300,0.6,0.0
2017-05-04 00:00:00-04:00,40.14393498649116,40.175402690472424,39.661411518499676,39.77679443359375,2513900,0.0,0.0
2017-05-05 00:00:00-04:00,39.91839773533653,40.327493797028254,39.808256795764706,40.31175994873047,2160100,0.0,0.0
2017-05-08 00:00:00-04:00,40.280297809507424,40.41141856539581,40.08623765025696,40.269805908203125,1686800,0.0,0.0
2017-05-09 00:00:00-04:00,40.21211375100557,40.38519411471146,40.12295259448606,40.25931930541992,1386700,0.0,0.0
2017-05-10 00:00:00-04:00,40.24357432996605,40.51630367495551,40.15965514597733,40.4323844909668,1327300,0.0,0.0
2017-05-11 00:00:00-04:00,40.275061291990625,40.47436344708543,40.00757376691137,40.400936126708984,1828700,0.0,0.0
2017-05-12 00:00:00-04:00,40.14393414145914,40.442889327453045,40.09148663543162,40.21736145019531,1825700,0.0,0.0
2017-05-15 00:00:00-04:00,40.45337244429614,40.511065894550406,40.23833649456567,40.36945724487305,1840800,0.0,0.0
2017-05-16 00:00:00-04:00,40.57925178879219,40.57925178879219,40.12819608157868,40.51106643676758,1478100,0.0,0.0
2017-05-17 00:00:00-04:00,40.51107085557945,40.51107085557945,39.91840643214738,39.95512008666992,2787200,0.0,0.0
2017-05-18 00:00:00-04:00,40.04953100353411,40.07051080832428,39.39392710942373,39.897430419921875,2940000,0.0,0.0
2017-05-19 00:00:00-04:00,40.091478901783205,41.009324085421184,40.08623295174593,40.9149169921875,3142600,0.0,0.0
2017-05-22 00:00:00-04:00,40.9673630784015,41.14568535865822,40.6159604662575,40.752323150634766,2589300,0.0,0.0
2017-05-23 00:00:00-04:00,40.83101120668887,40.87297081779195,40.55828173749636,40.72611618041992,2296200,0.0,0.0
2017-05-24 00:00:00-04:00,40.71561458119297,40.90967473521614,40.495332677591186,40.684146881103516,1282900,0.0,0.0
2017-05-25 00:00:00-04:00,40.867714030480975,41.051282278525235,40.38519063519671,40.54777908325195,1753200,0.0,0.0
2017-05-26 00:00:00-04:00,40.53205466913594,40.762828521249524,40.437647547952075,40.67890930175781,1063000,0.0,0.0
2017-05-30 00:00:00-04:00,40.63169663930191,40.8100189297623,40.448128398684574,40.7628173828125,1023400,0.0,0.0
2017-05-31 00:00:00-04:00,40.54777808103493,41.11946661251404,40.243580992432264,40.58449172973633,1659000,0.0,0.0
2017-06-01 00:00:00-04:00,40.857222547745366,41.20862516339341,40.52155378033718,40.951629638671875,1800100,0.0,0.0
2017-06-02 00:00:00-04:00,41.014567487013394,41.229607429798016,40.74708404794788,40.84673309326172,1868900,0.0,0.0
2017-06-05 00:00:00-04:00,40.841491367836156,40.86771311611998,40.259314936001424,40.264556884765625,2583200,0.0,0.0
2017-06-06 00:00:00-04:00,40.09148404172318,40.24358460040463,39.90266983104882,40.033790588378906,1924300,0.0,0.0
2017-06-07 00:00:00-04:00,40.12295166780912,40.12295166780912,38.94811080475003,39.310001373291016,3520700,0.0,0.0
2017-06-08 00:00:00-04:00,39.31000353840387,39.656164276886564,39.12643526867282,39.58273696899414,3669900,0.0,0.0
2017-06-09 00:00:00-04:00,39.70861230920126,39.83448712418875,39.48308443154256,39.72434616088867,2882000,0.0,0.0
2017-06-12 00:00:00-04:00,39.724336495158525,39.97084411558292,39.57748191315776,39.74007034301758,1706500,0.0,0.0
2017-06-13 00:00:00-04:00,39.82924627716328,40.01806050561534,39.60896034297699,39.91840744018555,1397500,0.0,0.0
2017-06-14 00:00:00-04:00,40.007572304837865,40.02855211010569,39.25231532115081,39.514556884765625,2320000,0.0,0.0
2017-06-15 00:00:00-04:00,39.053003833926475,40.1386834875951,39.03726998411048,39.93413543701172,1946000,0.0,0.0
2017-06-16 00:00:00-04:00,40.049522523345026,40.41141707674183,39.976095222871436,40.280296325683594,2623800,0.0,0.0
2017-06-19 00:00:00-04:00,40.532038636241,41.12994883339928,40.51105883966686,40.946380615234375,2505800,0.0,0.0
2017-06-20 00:00:00-04:00,40.7365991165902,40.831006229319364,40.38519641978819,40.416664123535156,1796700,0.0,0.0
2017-06-21 00:00:00-04:00,40.51106975637885,40.58449706343163,39.73483708139582,39.81875228881836,1702900,0.0,0.0
2017-06-22 00:00:00-04:00,39.85545722930025,40.08098505208349,39.70860264729948,39.74007034301758,1946600,0.0,0.0
2017-06-23 00:00:00-04:00,39.77679510890258,40.348483750360636,39.682391995356056,40.32225799560547,2995800,0.0,0.0
2017-06-26 00:00:00-04:00,40.4586170292064,40.70512467170243,40.0180532437572,40.264556884765625,1415600,0.0,0.0
2017-06-27 00:00:00-04:00,40.22261322709202,40.35373401189647,39.93939185173573,40.086246490478516,1642000,0.0,0.0
2017-06-28 00:00:00-04:00,40.38518919203295,40.72085797688669,40.26980229696056,40.615962982177734,1608600,0.0,0.0
2017-06-29 00:00:00-04:00,40.69463093843136,40.90967087270699,39.86070495289399,40.19112777709961,1751300,0.0,0.0
2017-06-30 00:00:00-04:00,40.332741537930445,41.07750640133727,40.31176173877268,40.82051086425781,1843600,0.0,0.0
2017-07-03 00:00:00-04:00,41.1037345461978,41.31352454702704,40.757573842151565,41.09324264526367,1386800,0.0,0.0
2017-07-05 00:00:00-04:00,41.082758346184754,41.360733722983404,40.90967797899341,41.2401008605957,1892700,0.0,0.0
2017-07-06 00:00:00-04:00,41.0775177566331,41.423678536196185,41.04605004994142,41.198150634765625,1923400,0.0,0.0
2017-07-07 00:00:00-04:00,41.19814441361141,41.906195717675,41.093245404665076,41.62297439575195,1934300,0.0,0.0
2017-07-10 00:00:00-04:00,41.58100797898492,42.39395815879021,41.58100797898492,42.16843032836914,2238500,0.0,0.0
2017-07-11 00:00:00-04:00,42.115983314514565,42.22087830598415,41.68066149708967,42.19465255737305,2314200,0.0,0.0
2017-07-12 00:00:00-04:00,42.37298222487915,42.81354602598145,42.21039377468489,42.22612762451172,1843400,0.0,0.0
2017-07-13 00:00:00-04:00,42.173693297646615,42.32054794388444,41.927185569394965,42.126487731933594,1857200,0.0,0.0
2017-07-14 00:00:00-04:00,42.231366534947696,42.40444687356535,42.157939240047014,42.27857208251953,1683300,0.0,0.0
2017-07-17 00:00:00-04:00,42.210399291017616,42.236621043659916,41.9901133601903,42.06878662109375,1807900,0.0,0.0
2017-07-18 00:00:00-04:00,42.04780533443035,42.07927703857422,41.76458400606436,42.07927703857422,1583500,0.0,0.0
2017-07-19 00:00:00-04:00,42.189415427811525,42.27333063027469,41.84325471374525,42.15794372558594,1758300,0.0,0.0
2017-07-20 00:00:00-04:00,42.126483038010896,42.13697093950685,41.71214090287117,41.727874755859375,1530100,0.0,0.0
2017-07-21 00:00:00-04:00,41.53380959795548,41.649196496936355,41.09848775234136,41.41842269897461,2436400,0.0,0.0
2017-07-24 00:00:00-04:00,41.43415570735448,41.4918491556736,41.16142631651758,41.250587463378906,1786900,0.0,0.0
2017-07-25 00:00:00-04:00,41.69640756795912,41.74360912751021,41.2977992808549,41.60724639892578,2311800,0.0,0.0
2017-07-26 00:00:00-04:00,41.61772274917111,41.61772274917111,41.177158976355756,41.43415451049805,1821900,0.0,0.0
2017-07-27 00:00:00-04:00,41.491848826039735,41.52856247454317,40.88344664913978,41.16666793823242,2638700,0.0,0.0
2017-07-28 00:00:00-04:00,41.14568458381973,41.219111874482365,40.71036678960185,41.135196685791016,1734900,0.0,0.0
2017-07-31 00:00:00-04:00,41.135201471749866,41.47611621891211,40.83100037419047,41.040794372558594,3669200,0.0,0.0
2017-08-01 00:00:00-04:00,39.59321664392855,39.59321664392855,37.846691467344414,38.94810485839844,10716900,0.0,0.0
2017-08-02 00:00:00-04:00,38.81063618301205,39.3605421274731,38.657296676318666,39.180763244628906,5824300,0.6,0.0
2017-08-03 00:00:00-04:00,39.075012321905774,39.1173137085051,38.58326979641484,38.92167282104492,4533300,0.0,0.0
2017-08-04 00:00:00-04:00,38.95867814788278,39.42926989095434,38.92166545013833,39.408119201660156,2778300,0.0,0.0
2017-08-07 00:00:00-04:00,39.000989104713696,39.3605428428546,38.95868771573653,39.12260055541992,3197300,0.0,0.0
2017-08-08 00:00:00-04:00,38.97454209611736,39.286509736131556,38.55682503845052,38.59383773803711,4769700,0.0,0.0
2017-08-09 00:00:00-04:00,38.477508262445994,38.79476456134044,38.41934891066886,38.67314910888672,3167300,0.0,0.0
2017-08-10 00:00:00-04:00,38.540958687886395,38.58326006381523,37.86415280935003,37.88530349731445,2704400,0.0,0.0
2017-08-11 00:00:00-04:00,37.932898869571076,38.03336365364482,37.74254666505357,37.79542541503906,1294700,0.0,0.0
2017-08-14 00:00:00-04:00,38.170837303773,38.37705149891622,37.97519643711428,38.32417678833008,2032900,0.0,0.0
2017-08-15 00:00:00-04:00,38.303028019848874,38.5409662464704,38.13382651703129,38.23428726196289,1973900,0.0,0.0
2017-08-16 00:00:00-04:00,38.35061524785585,38.56740682320959,38.30302921467995,38.42464065551758,2103300,0.0,0.0
2017-08-17 00:00:00-04:00,37.81656406140155,38.429921931348716,37.79012872609227,37.92231750488281,4160600,0.0,0.0
2017-08-18 00:00:00-04:00,37.86944963914173,38.05451315605339,37.647369384765625,37.647369384765625,2261100,0.0,0.0
2017-08-21 00:00:00-04:00,37.610353866353755,37.74783134037637,37.37770433425602,37.61564254760742,2134100,0.0,0.0
2017-08-22 00:00:00-04:00,37.70553036434238,38.12853611938865,37.64736697217147,38.01749801635742,2317400,0.0,0.0
2017-08-23 00:00:00-04:00,37.76899482175134,37.938196372432316,37.60508195411504,37.65266799926758,1182800,0.0,0.0
2017-08-24 00:00:00-04:00,37.737265711644966,37.737265711644966,37.2931091795956,37.35127258300781,2530300,0.0,0.0
2017-08-25 00:00:00-04:00,37.56278599234048,37.63152274553306,37.31955898017778,37.38300704956055,1734700,0.0,0.0
2017-08-28 00:00:00-04:00,37.53105371184883,37.61565246380024,37.14506056021243,37.24552536010742,1319900,0.0,0.0
2017-08-29 00:00:00-04:00,37.09747452295509,37.382998840646906,36.91769561965271,37.28782272338867,2684800,0.0,0.0
2017-08-30 00:00:00-04:00,37.27723725944858,37.62621758717278,37.271948578521425,37.56805419921875,2561600,0.0,0.0
2017-08-31 00:00:00-04:00,37.779556962753695,38.00692185732686,37.642083516979774,37.94347381591797,2252900,0.0,0.0
2017-09-01 00:00:00-04:00,38.09152453638809,38.14968793026614,37.84829763202628,37.874732971191406,1707300,0.0,0.0
2017-09-05 00:00:00-04:00,37.86416014717108,38.033361649595285,37.398857024025006,37.5944938659668,2033900,0.0,0.0
2017-09-06 00:00:00-04:00,37.84300269572887,37.86944206460598,37.605064512160176,37.716102600097656,1700400,0.0,0.0
2017-09-07 00:00:00-04:00,37.795425832728,37.81657249205721,37.34598065737779,37.71082305908203,1439300,0.0,0.0
2017-09-08 00:00:00-04:00,37.64737034864867,38.29245236761283,37.58920695126127,38.14440155029297,1775600,0.0,0.0
2017-09-11 00:00:00-04:00,38.43521103477162,38.80004932507083,38.324172943456084,38.78418731689453,2186500,0.0,0.0
2017-09-12 00:00:00-04:00,38.86351087050677,39.471580214752954,38.842360176419334,39.44514083862305,2482900,0.0,0.0
2017-09-13 00:00:00-04:00,39.41341089776021,39.63019841996797,39.233632042046686,39.619625091552734,2137300,0.0,0.0
2017-09-14 00:00:00-04:00,39.52974810747275,40.03735272101272,39.33410719049138,39.98447799682617,2481100,0.0,0.0
2017-09-15 00:00:00-04:00,39.96860419485229,40.703577644564525,39.772967349908,40.66656494140625,4901300,0.0,0.0
2017-09-18 00:00:00-04:00,40.71415998947751,41.26406601108768,40.46564434149106,41.190040588378906,2832500,0.0,0.0
2017-09-19 00:00:00-04:00,41.105434380827006,41.174175149112095,40.69300590744709,40.730018615722656,3215300,0.0,0.0
2017-09-20 00:00:00-04:00,40.830475372947724,41.35394186811628,40.77760066211648,41.12128829956055,2482000,0.0,0.0
2017-09-21 00:00:00-04:00,41.084283093955705,41.37510010770681,41.06313643303071,41.274635314941406,1784000,0.0,0.0
2017-09-22 00:00:00-04:00,41.23761297801871,41.51256791483148,41.07898885362518,41.2957763671875,1624900,0.0,0.0
2017-09-25 00:00:00-04:00,41.31693036262817,41.364520427610614,40.65598637290852,41.004966735839844,2669600,0.0,0.0
2017-09-26 00:00:00-04:00,41.031404911341,41.057844286390235,40.724725910731735,40.772315979003906,1855700,0.0,0.0
2017-09-27 00:00:00-04:00,40.94680848536978,41.03669591108279,40.613690090895425,40.77760696411133,2015300,0.0,0.0
2017-09-28 00:00:00-04:00,40.629549049335516,40.6982898095466,39.8840062890438,40.23298263549805,3048100,0.0,0.0
2017-09-29 00:00:00-04:00,40.15895858554803,40.68242917405291,40.03734714027847,40.60311508178711,2236300,0.0,0.0
2017-10-02 00:00:00-04:00,40.68771189306177,41.02083025797007,40.39161026566072,40.99967956542969,1755400,0.0,0.0
2017-10-03 00:00:00-04:00,41.07370669573064,41.11600808258636,40.84634178398401,40.952091217041016,2017700,0.0,0.0
2017-10-04 00:00:00-04:00,40.899219555242546,41.343376082236716,40.71944469880192,41.274635314941406,2209400,0.0,0.0
2017-10-05 00:00:00-04:00,41.22175999960977,41.37509951064007,41.026119099174736,41.13716125488281,2032900,0.0,0.0
2017-10-06 00:00:00-04:00,41.04726569566552,41.35923336877509,40.94151626679436,41.1107177734375,2281200,0.0,0.0
2017-10-09 00:00:00-04:00,41.11600514970742,41.306357342897705,40.878062891178566,41.07370376586914,1368700,0.0,0.0
2017-10-10 00:00:00-04:00,41.221760587116954,41.31164801532124,40.92565892522867,41.232337951660156,1612800,0.0,0.0
2017-10-11 00:00:00-04:00,41.216468581305755,41.59717299251076,41.10014581928846,41.52314758300781,2390600,0.0,0.0
2017-10-12 00:00:00-04:00,41.53900487192324,41.85626120124695,41.406816079398965,41.62360763549805,2504000,0.0,0.0
2017-10-13 00:00:00-04:00,41.83511526655501,41.87212797130648,41.49142356010148,41.52314758300781,1942800,0.0,0.0
2017-10-16 00:00:00-04:00,41.67648844148884,41.935577383189084,41.51786025362529,41.893280029296875,1400500,0.0,0.0
2017-10-17 00:00:00-04:00,41.153018551065934,41.470270867077886,40.50264787427167,41.2799186706543,3535700,0.0,0.0
2017-10-18 00:00:00-04:00,41.32750410570218,41.565442307527626,41.21117732824739,41.2270393371582,2249400,0.0,0.0
2017-10-19 00:00:00-04:00,40.909791350547856,41.34337045397181,40.89392530589014,41.25347900390625,2168500,0.0,0.0
2017-10-20 00:00:00-04:00,41.49141136380015,41.79280159506412,41.34336058831343,41.73463821411133,2559800,0.0,0.0
2017-10-23 00:00:00-04:00,41.78752852497363,41.81925255040563,41.47027616840592,41.4967155456543,2196900,0.0,0.0
2017-10-24 00:00:00-04:00,41.729354481257715,42.374436394428876,41.7240698344217,42.07833480834961,3107900,0.0,0.0
2017-10-25 00:00:00-04:00,42.00431624365922,42.13650504952765,41.417397622876805,41.76108932495117,2311200,0.0,0.0
2017-10-26 00:00:00-04:00,42.036041259765625,42.2686948544996,41.87741307534114,42.036041259765625,1642700,0.0,0.0
2017-10-27 00:00:00-04:00,42.02018214365901,42.29513311031445,41.84569193558479,42.17880630493164,1987600,0.0,0.0
2017-10-30 00:00:00-04:00,42.115356265039935,42.5277847125863,41.86684065329215,41.893280029296875,3740800,0.0,0.0
2017-10-31 00:00:00-04:00,41.21118534400284,43.093552737071626,41.0419838259077,42.31099319458008,4955400,0.0,0.0
2017-11-01 00:00:00-04:00,42.7657166528889,43.53769871619685,42.723419305235026,43.09883499145508,3680500,0.0,0.0
2017-11-02 00:00:00-04:00,43.17341262488339,43.327885164417566,42.25720880476387,42.28384017944336,3227100,0.6,0.0
2017-11-03 00:00:00-04:00,42.16132816580104,42.2092670800446,41.058688434226845,41.60201644897461,4477300,0.0,0.0
2017-11-06 00:00:00-05:00,41.60200568587456,41.889651288909874,41.3569751493622,41.7138671875,2239800,0.0,0.0
2017-11-07 00:00:00-05:00,41.76181884897173,42.07077204959867,41.63397768678023,41.9056396484375,1454300,0.0,0.0
2017-11-08 00:00:00-05:00,41.76714645665725,42.193285015641266,41.51678797045556,42.10805892944336,2281800,0.0,0.0
2017-11-09 00:00:00-05:00,41.93227255770377,42.342431457664325,41.4422114121933,41.47417068481445,2957100,0.0,0.0
2017-11-10 00:00:00-05:00,41.49548229594912,41.59136418722489,41.271759237638115,41.506134033203125,1380400,0.0,0.0
2017-11-13 00:00:00-05:00,41.388943255796015,41.63397790863154,41.28773753118721,41.516788482666016,1393600,0.0,0.0
2017-11-14 00:00:00-05:00,41.2770786703706,41.37296055141663,40.95747375488281,40.95747375488281,1844800,0.0,0.0
2017-11-15 00:00:00-05:00,40.7337551885828,40.80300164093518,40.27032536869321,40.41415023803711,2029900,0.0,0.0
2017-11-16 00:00:00-05:00,40.55796893852191,40.90953721067482,40.55796893852191,40.7177734375,1824800,0.0,0.0
2017-11-17 00:00:00-05:00,40.4780694916752,40.483397392409294,40.17444417379203,40.29163360595703,2965300,0.0,0.0
2017-11-20 00:00:00-05:00,40.408833281805,40.472755914826045,40.217069446740396,40.31827926635742,2933700,0.0,0.0
2017-11-21 00:00:00-05:00,40.531334330680544,40.659179558079884,40.39284143032722,40.6431999206543,1801800,0.0,0.0
2017-11-22 00:00:00-05:00,40.65918829270754,40.84029630776725,40.57928602441724,40.60059356689453,995300,0.0,0.0
2017-11-24 00:00:00-05:00,40.680487394784905,40.680487394784905,40.39284172701955,40.44078063964844,698900,0.0,0.0
2017-11-27 00:00:00-05:00,40.45143908732649,40.510033804815976,40.233039855957024,40.23303985595703,1493900,0.0,0.0
2017-11-28 00:00:00-05:00,40.307610538146776,41.03737845781989,40.24901582599798,40.9361686706543,2029100,0.0,0.0
2017-11-29 00:00:00-05:00,41.026725246111425,41.17055011737008,40.67516101502997,40.930843353271484,1839600,0.0,0.0
2017-11-30 00:00:00-05:00,41.00542192964307,41.543422047769845,40.973458589241304,41.43156051635742,2725300,0.0,0.0
2017-12-01 00:00:00-05:00,41.54342697550698,41.77247796623427,40.69647353835131,41.38895034790039,2264000,0.0,0.0
2017-12-04 00:00:00-05:00,41.7138752809652,41.87367977943388,40.696465770306084,40.7017936706543,2329200,0.0,0.0
2017-12-05 00:00:00-05:00,40.68048319392108,40.81365224502387,39.9187560590532,39.92407989501953,3000600,0.0,0.0
2017-12-06 00:00:00-05:00,40.488729513961694,40.6218985982139,39.897458454762045,40.37154006958008,3000800,0.0,0.0
2017-12-07 00:00:00-05:00,40.296954905985224,41.266425416916405,40.280975270397946,41.154563903808594,3538500,0.0,0.0
2017-12-08 00:00:00-05:00,41.27707728424038,41.47416893977117,41.02139498603504,41.1705436706543,2363700,0.0,0.0
2017-12-11 00:00:00-05:00,41.34100148821743,41.60733959647086,41.074663379963994,41.42622756958008,3755100,0.0,0.0
2017-12-12 00:00:00-05:00,41.46352089659936,41.788453762018044,41.404930242964255,41.4209098815918,2189300,0.0,0.0
2017-12-13 00:00:00-05:00,41.52744175508888,41.80975952953717,41.30371869578995,41.319698333740234,2148100,0.0,0.0
2017-12-14 00:00:00-05:00,41.37296294251629,41.426229754176575,40.70179380040164,40.7177734375,1719700,0.0,0.0
2017-12-15 00:00:00-05:00,40.808323694866026,41.43155386873799,40.7923440592278,41.1705436706543,3503700,0.0,0.0
2017-12-18 00:00:00-05:00,41.607342545849875,41.777798784655154,41.00541984156814,41.048030853271484,2747400,0.0,0.0
2017-12-19 00:00:00-05:00,41.15988528667845,41.1865207204011,40.87756757080346,40.941490173339844,1930800,0.0,0.0
2017-12-20 00:00:00-05:00,41.20783166951992,41.30371354927204,41.02139581000105,41.095970153808594,2318300,0.0,0.0
2017-12-21 00:00:00-05:00,41.27175975797012,41.75116515639566,41.101303511774994,41.60201644897461,2076900,0.0,0.0
2017-12-22 00:00:00-05:00,41.697901592129014,41.697901592129014,41.287742614746094,41.287742614746094,1362100,0.0,0.0
2017-12-26 00:00:00-05:00,41.335664465571554,41.394259161575526,41.12792111210149,41.18651580810547,676300,0.0,0.0
2017-12-27 00:00:00-05:00,41.229140133903506,41.378288824877274,41.02139673376189,41.23979187011719,1135500,0.0,0.0
2017-12-28 00:00:00-05:00,41.31969489447901,41.64995561928623,41.24512054758659,41.633975982666016,1083200,0.0,0.0
2017-12-29 00:00:00-05:00,42.03349464997491,42.42767402906782,41.84705466775696,42.086761474609375,3245900,0.0,0.0
2018-01-02 00:00:00-05:00,42.2039390476601,42.35841157641973,41.29305912761243,42.0068473815918,2814900,0.0,0.0
2018-01-03 00:00:00-05:00,42.2199219236086,43.5036696096425,42.00685060469917,43.48768997192383,4255900,0.0,0.0
2018-01-04 00:00:00-05:00,43.51432674229598,43.67412718836981,42.859133127800504,43.024261474609375,3936400,0.0,0.0
2018-01-05 00:00:00-05:00,43.08285286979909,43.37049852735676,42.74726830131375,43.35451889038086,2398900,0.0,0.0
2018-01-08 00:00:00-05:00,43.34386655501024,43.83925561440597,43.14677488570324,43.695430755615234,1818200,0.0,0.0
2018-01-09 00:00:00-05:00,43.61020564193312,43.940462312880534,42.779227936200826,43.668800354003906,2216000,0.0,0.0
2018-01-10 00:00:00-05:00,43.50366695846339,44.04167109152353,43.31723108977833,43.9298095703125,2126800,0.0,0.0
2018-01-11 00:00:00-05:00,44.03101895566658,44.73947525024414,43.855234825073396,44.73947525024414,1897900,0.0,0.0
2018-01-12 00:00:00-05:00,44.83003532026388,44.93124104462849,44.462487405894706,44.87264633178711,2417500,0.0,0.0
2018-01-16 00:00:00-05:00,44.97918259457637,45.01114186820489,44.052323019377994,44.398563385009766,2198500,0.0,0.0
2018-01-17 00:00:00-05:00,44.473143562585385,44.73948171506176,44.36128202622503,44.53173828125,1379400,0.0,0.0
2018-01-18 00:00:00-05:00,44.57967608017987,44.74480441504199,44.22277990870773,44.51042556762695,2001600,0.0,0.0
2018-01-19 00:00:00-05:00,44.691546416405146,44.96321249184353,44.50511050737803,44.718177795410156,3215000,0.0,0.0
2018-01-22 00:00:00-05:00,44.70752205682388,44.96853230611041,44.48379898600685,44.93657302856445,2413400,0.0,0.0
2018-01-23 00:00:00-05:00,44.723505084547675,45.4479452331338,44.65425862328502,45.34141159057617,2393700,0.0,0.0
2018-01-24 00:00:00-05:00,45.59708578778071,45.60241368815328,44.9259125807408,45.01114273071289,2862200,0.0,0.0
2018-01-25 00:00:00-05:00,45.32543330435248,45.634386594295975,44.70753078846393,45.394683837890625,2592200,0.0,0.0
2018-01-26 00:00:00-05:00,45.543818650989984,46.08182279285657,45.29878806756491,46.0711669921875,1863300,0.0,0.0
2018-01-29 00:00:00-05:00,45.92201946926269,46.24695231002724,45.47457336565091,45.591758728027344,1883800,0.0,0.0
2018-01-30 00:00:00-05:00,45.22953508740167,45.613058512160734,44.92058193657109,45.13897705078125,2478800,0.0,0.0
2018-01-31 00:00:00-05:00,45.45325687553321,45.55979047998306,44.44117137727357,44.728816986083984,2901000,0.0,0.0
2018-02-01 00:00:00-05:00,46.30554855633182,47.86096229752385,46.15639985018977,46.80093765258789,6112700,0.0,0.0
2018-02-02 00:00:00-05:00,46.406756586093834,46.555905286571154,45.224214655170364,45.32542037963867,6100300,0.0,0.0
2018-02-05 00:00:00-05:00,45.634378405486856,45.639706306494915,43.45573425292969,43.45573425292969,5528400,0.0,0.0
2018-02-06 00:00:00-05:00,42.741947829108746,44.36128436937779,42.347768480542605,44.04167938232422,4994500,0.0,0.0
2018-02-07 00:00:00-05:00,43.84991110670603,44.94722294051604,43.46105563503688,43.4770393371582,3908800,0.0,0.0
2018-02-08 00:00:00-05:00,43.57824746388745,43.84458561792954,42.29449967468339,42.299827575683594,3150900,0.0,0.0
2018-02-09 00:00:00-05:00,42.98697429745907,43.46638376367557,42.07609834364646,43.024261474609375,4925800,0.0,0.0
2018-02-12 00:00:00-05:00,43.38649149450406,43.98309053022018,43.27462993730699,43.69011688232422,2789800,0.0,0.0
2018-02-13 00:00:00-05:00,43.39181362808902,43.75403369733593,43.14145510116863,43.588905334472656,1332500,0.0,0.0
2018-02-14 00:00:00-05:00,43.27461170652266,44.137548580787424,43.157422296733984,44.036338806152344,2399600,0.0,0.0
2018-02-15 00:00:00-05:00,44.27072543378289,44.435853778156144,43.56226501437921,44.08428955078125,1516400,0.0,0.0
2018-02-16 00:00:00-05:00,44.03102667358781,44.69687207527649,43.7859919894483,44.10027313232422,2200200,0.0,0.0
2018-02-20 00:00:00-05:00,43.90851390868232,44.23344682369827,43.38648927118184,43.524986267089844,3344600,0.0,0.0
2018-02-21 00:00:00-05:00,43.53030996625824,44.02569911148944,43.2852793442296,43.4450798034668,2219300,0.0,0.0
2018-02-22 00:00:00-05:00,43.69543799709884,44.02569877942795,43.50900209739605,43.615535736083984,1778900,0.0,0.0
2018-02-23 00:00:00-05:00,43.945794832203426,44.03102499108173,43.45040570971686,43.79664611816406,2204900,0.0,0.0
2018-02-26 00:00:00-05:00,43.871224549949986,43.97243435701893,43.4344301051233,43.828609466552734,2854900,0.0,0.0
2018-02-27 00:00:00-05:00,43.780663232843956,44.26539651752678,43.6421662669357,43.658145904541016,2514800,0.0,0.0
2018-02-28 00:00:00-05:00,43.764683729322584,43.951119608617944,42.97632107173417,42.98697280883789,2323500,0.0,0.0
2018-03-01 00:00:00-05:00,43.20004466736639,43.52497751705956,42.193286842578495,42.39570236206055,3527400,0.0,0.0
2018-03-02 00:00:00-05:00,42.16665829807864,42.662043360802606,41.75649526696622,42.45429992675781,3251000,0.0,0.0
2018-03-05 00:00:00-05:00,42.177305128913325,42.78455572147027,41.761818309163544,42.73128890991211,2983500,0.0,0.0
2018-03-06 00:00:00-05:00,43.0349201273657,43.130802026961675,42.464956630877914,43.11482238769531,2658700,0.0,0.0
2018-03-07 00:00:00-05:00,42.60877029462559,43.24798420594613,42.491580874350305,43.16275405883789,2741700,0.0,0.0
2018-03-08 00:00:00-05:00,43.642177914195976,43.65815755606594,42.875122592450076,43.22136306762695,5636000,0.0,0.0
2018-03-09 00:00:00-05:00,43.53820494257073,44.66063027131113,43.344868561518076,44.64988708496094,3155000,0.66,0.0
2018-03-12 00:00:00-04:00,44.62303611007375,44.70359362362377,43.61339368591283,43.785247802734375,3666100,0.0,0.0
2018-03-13 00:00:00-04:00,43.88192273622314,44.39748516583623,43.57580741559893,43.65099334716797,2869600,0.0,0.0
2018-03-14 00:00:00-04:00,43.978591615900626,43.994702301863576,42.94209514658182,43.01190948486328,2395900,0.0,0.0
2018-03-15 00:00:00-04:00,43.097834822983685,43.32876419527401,42.89912681979063,43.10857391357422,2840700,0.0,0.0
2018-03-16 00:00:00-04:00,43.19449582023523,43.66172608081268,43.08708854294904,43.489871978759766,4651900,0.0,0.0
2018-03-19 00:00:00-04:00,43.366352866802394,43.49524242776224,42.866901208592026,43.210609436035156,1709100,0.0,0.0
2018-03-20 00:00:00-04:00,43.33950748814128,43.96785292774322,43.23210018251887,43.586551666259766,1783200,0.0,0.0
2018-03-21 00:00:00-04:00,43.67783483092007,44.09135733724044,43.46301618852354,43.758392333984375,1847300,0.0,0.0
2018-03-22 00:00:00-04:00,43.307275087016095,43.69394784450598,42.576894122274105,42.65745162963867,2650400,0.0,0.0
2018-03-23 00:00:00-04:00,42.79171188168854,42.79171188168854,41.93780887719284,41.98614501953125,3332200,0.0,0.0
2018-03-26 00:00:00-04:00,43.06024118315005,43.73154701096336,42.70042224280026,43.5543212890625,4143100,0.0,0.0
2018-03-27 00:00:00-04:00,43.62951240059522,43.82284882977501,42.53394066768508,42.80783462524414,3678000,0.0,0.0
2018-03-28 00:00:00-04:00,42.861531562521,42.89375702721904,42.195597353759794,42.4533805847168,2858400,0.0,0.0
2018-03-29 00:00:00-04:00,42.7541338034215,43.31266084722554,42.560797361438325,42.91524887084961,2902700,0.0,0.0
2018-04-02 00:00:00-04:00,42.67893838050614,42.76486339266762,41.089286730926794,41.722999572753906,2401500,0.0,0.0
2018-04-03 00:00:00-04:00,41.88947882397186,42.03985065648589,41.02483668969104,41.814292907714844,4515400,0.0,0.0
2018-04-04 00:00:00-04:00,41.07317303466636,42.249297928895,40.890575739062164,42.200965881347656,3064100,0.0,0.0
2018-04-05 00:00:00-04:00,42.598380161376234,42.70578744913612,42.22245055689125,42.560787200927734,2434600,0.0,0.0
2018-04-06 00:00:00-04:00,42.077450780026275,42.383566090437135,40.632803345370164,40.799285888671875,4025900,0.0,0.0
2018-04-09 00:00:00-04:00,41.20206729003849,41.443735749980895,40.697243994582536,40.777801513671875,2922000,0.0,0.0
2018-04-10 00:00:00-04:00,41.835779077725086,42.131151176994,41.57262834632992,41.66929244995117,2786300,0.0,0.0
2018-04-11 00:00:00-04:00,41.29872536499838,41.62632285757987,41.14835355148386,41.4437255859375,2279900,0.0,0.0
2018-04-12 00:00:00-04:00,41.62095503681892,41.92169869110226,41.545769123248085,41.5887336730957,3177000,0.0,0.0
2018-04-13 00:00:00-04:00,41.92169863562009,42.07207046256275,41.34169360274484,41.4920654296875,3313400,0.0,0.0
2018-04-16 00:00:00-04:00,41.830405714123344,41.964666871017386,41.49206907378747,41.5941047668457,3675900,0.0,0.0
2018-04-17 00:00:00-04:00,42.01300105250952,42.27615176045912,41.79818239206437,41.86262512207031,2536300,0.0,0.0
2018-04-18 00:00:00-04:00,42.115045359503796,42.641350980434915,41.94856280981813,42.52857208251953,2337700,0.0,0.0
2018-04-19 00:00:00-04:00,42.507080078125,42.78634146184024,42.190221639712945,42.507080078125,3317100,0.0,0.0
2018-04-20 00:00:00-04:00,42.598372962726785,42.748744779109614,42.141885920900414,42.458740234375,2259400,0.0,0.0
2018-04-23 00:00:00-04:00,42.555415423720234,42.76486250207604,42.06670693999849,42.17411422729492,2085900,0.0,0.0
2018-04-24 00:00:00-04:00,42.4909753034911,42.700422394728015,40.122606367822804,40.777801513671875,3013000,0.0,0.0
2018-04-25 00:00:00-04:00,40.67576601354119,41.314850542553806,40.176314259213285,41.20744323730469,2744200,0.0,0.0
2018-04-26 00:00:00-04:00,41.18595347682267,41.26650689246681,40.27834675219575,40.767059326171875,3276500,0.0,0.0
2018-04-27 00:00:00-04:00,40.62743178596967,40.93891869081594,40.41798468378962,40.89595413208008,3401900,0.0,0.0
2018-04-30 00:00:00-04:00,40.922797693042845,41.126877267380195,40.2944564819336,40.294456481933594,3824700,0.0,0.0
2018-05-01 00:00:00-04:00,39.945376198582274,40.106491218825674,38.855176307267406,39.666114807128906,6034200,0.0,0.0
2018-05-02 00:00:00-04:00,39.47814797600754,39.88093140848704,39.00554612627697,39.10758590698242,4618000,0.0,0.0
2018-05-03 00:00:00-04:00,38.977525628304036,39.866334302774035,38.81494109602873,39.60077667236328,4229500,0.66,0.0
2018-05-04 00:00:00-04:00,39.32436393765484,40.809327785914995,39.188874807070526,40.57628631591797,3871800,0.0,0.0
2018-05-07 00:00:00-04:00,40.65216692488448,40.684682998709,40.1481471066003,40.48415756225586,6020100,0.0,0.0
2018-05-08 00:00:00-04:00,40.53835320912059,40.641322146059025,40.261954199863716,40.549190521240234,3044100,0.0,0.0
2018-05-09 00:00:00-04:00,40.70636629636531,41.03696019976298,40.49500352334731,41.00444412231445,1596100,0.0,0.0
2018-05-10 00:00:00-04:00,41.091140315867634,41.50302840009216,40.89061492892152,41.43257141113281,2775100,0.0,0.0
2018-05-11 00:00:00-04:00,41.43257896304805,41.904082677040776,41.221216227244554,41.44342041015625,2188800,0.0,0.0
2018-05-14 00:00:00-04:00,41.60060032124088,41.703569289683344,41.33503854285332,41.503047943115234,2042300,0.0,0.0
2018-05-15 00:00:00-04:00,41.28626130484948,41.62769253511669,41.204966973414024,41.5843391418457,2588200,0.0,0.0
2018-05-16 00:00:00-04:00,41.57348557961198,42.21299446054864,41.519290752712315,41.90950012207031,2174800,0.0,0.0
2018-05-17 00:00:00-04:00,41.86072377129082,42.299711399015685,41.79569162999857,42.09376525878906,1607100,0.0,0.0
2018-05-18 00:00:00-04:00,42.55443228131602,42.841672765161775,42.505658169878615,42.592369079589844,2587500,0.0,0.0
2018-05-21 00:00:00-04:00,42.91212067009906,43.502851336949924,42.852505117598454,43.29690933227539,3375500,0.0,0.0
2018-05-22 00:00:00-04:00,43.410723478770755,43.627506948955535,42.87418759453403,42.90128707885742,1734100,0.0,0.0
2018-05-23 00:00:00-04:00,42.66282039307517,42.86876239410463,42.43519963381099,42.81456756591797,2805600,0.0,0.0
2018-05-24 00:00:00-04:00,42.80372582126423,43.04760459024725,42.27260663651907,42.76578903198242,3276800,0.0,0.0
2018-05-25 00:00:00-04:00,42.467723561253315,42.619470762172774,42.191324511120804,42.4189453125,1688400,0.0,0.0
2018-05-29 00:00:00-04:00,41.99080007171104,42.06125294266664,41.31877089650043,41.698143005371094,2014600,0.0,0.0
2018-05-30 00:00:00-04:00,41.96911855395301,42.38642329801537,41.774013855876944,42.223838806152344,1575400,0.0,0.0
2018-05-31 00:00:00-04:00,42.386435936562876,42.386435936562876,41.35671730852588,41.503047943115234,2802300,0.0,0.0
2018-06-01 00:00:00-04:00,41.84989386096018,41.97454157701595,41.643947684309694,41.67646789550781,2043600,0.0,0.0
2018-06-04 00:00:00-04:00,41.866148435483495,42.0991899449177,41.611428165311125,41.71440124511719,2188800,0.0,0.0
2018-06-05 00:00:00-04:00,41.87698698722745,43.12890961438462,41.833633599269504,43.05845260620117,5141400,0.0,0.0
2018-06-06 00:00:00-04:00,43.25355382128821,43.50827407836914,42.81457030960441,43.50827407836914,3051600,0.0,0.0
2018-06-07 00:00:00-04:00,43.56246550109159,43.676275879110875,43.30774939874382,43.54078674316406,2362200,0.0,0.0
2018-06-08 00:00:00-04:00,43.39988858435481,43.573314543206536,43.21562117724928,43.54621505737305,1681500,0.0,0.0
2018-06-11 00:00:00-04:00,43.584150401992616,43.86597015997127,43.334850852888955,43.79551315307617,2111500,0.0,0.0
2018-06-12 00:00:00-04:00,43.81177273705651,43.99604014451819,43.43240474346043,43.5787353515625,2133600,0.0,0.0
2018-06-13 00:00:00-04:00,43.60582890809068,43.697960540629424,43.361950084358526,43.383628845214844,2598600,0.0,0.0
2018-06-14 00:00:00-04:00,43.47034371770558,43.64919040997785,42.857934173174726,42.96632385253906,1620700,0.0,0.0
2018-06-15 00:00:00-04:00,42.77663584644811,42.955482521997425,42.24009995460099,42.9500617980957,3581000,0.0,0.0
2018-06-18 00:00:00-04:00,42.549014820455284,42.96631959291834,42.36474742204245,42.93922424316406,2707900,0.0,0.0
2018-06-19 00:00:00-04:00,42.45145747802524,42.45145747802524,42.01789058487954,42.38642120361328,2510900,0.0,0.0
2018-06-20 00:00:00-04:00,42.63572303266335,42.68450127481826,42.1262866606044,42.24009704589844,1723000,0.0,0.0
2018-06-21 00:00:00-04:00,42.07750807443872,42.07750807443872,41.2699939369255,41.38380432128906,4231700,0.0,0.0
2018-06-22 00:00:00-04:00,41.74691559259923,41.87156742798913,41.459679260597184,41.508453369140625,2342400,0.0,0.0
2018-06-25 00:00:00-04:00,41.37296448032021,41.562652596423256,40.87978612893409,41.156185150146484,3283900,0.0,0.0
2018-06-26 00:00:00-04:00,41.25915575034833,41.40548635237951,40.868950459467136,40.92314529418945,2615100,0.0,0.0
2018-06-27 00:00:00-04:00,41.11282800977247,41.64394316232268,40.782234152964385,40.787654876708984,3630600,0.0,0.0
2018-06-28 00:00:00-04:00,40.765975757396745,40.91772294250282,39.822972439379946,40.3432502746582,5594900,0.0,0.0
2018-06-29 00:00:00-04:00,40.57629349345546,40.97191950925584,40.45164165195619,40.505836486816406,3533800,0.0,0.0
2018-07-02 00:00:00-04:00,40.20776367661054,40.69552133545164,40.16440615388659,40.60881042480469,2660100,0.0,0.0
2018-07-03 00:00:00-04:00,41.06946784414846,41.54639226773707,40.79848956158237,40.890621185302734,1378100,0.0,0.0
2018-07-05 00:00:00-04:00,41.10198974609375,41.18870479352145,40.72804247476465,41.10198974609375,1565200,0.0,0.0
2018-07-06 00:00:00-04:00,41.02069664783865,41.378385856102724,40.76597638258959,41.19953918457031,1737000,0.0,0.0
2018-07-09 00:00:00-04:00,41.269993551577606,42.175060029351705,41.22663603371046,42.164222717285156,1565400,0.0,0.0
2018-07-10 00:00:00-04:00,42.58151881534582,42.63029704674832,42.20756753552533,42.440608978271484,2027400,0.0,0.0
2018-07-11 00:00:00-04:00,41.98538105877803,41.98538105877803,40.88520975434211,41.05863571166992,2856000,0.0,0.0
2018-07-12 00:00:00-04:00,41.752341294974805,42.1262927109353,41.2374799906406,41.66020965576172,1875900,0.0,0.0
2018-07-13 00:00:00-04:00,41.53555846887749,42.16423018489219,41.48136362934548,42.14255142211914,1431900,0.0,0.0
2018-07-16 00:00:00-04:00,42.24010191395572,42.250939227461025,41.80653494732482,41.91492462158203,1975700,0.0,0.0
2018-07-17 00:00:00-04:00,41.79568854531213,42.29428755415618,41.708973516921795,42.17505645751953,2431700,0.0,0.0
2018-07-18 00:00:00-04:00,42.229257762881524,42.79289312950735,42.13170540837319,42.473140716552734,1944300,0.0,0.0
2018-07-19 00:00:00-04:00,42.21841599654948,42.46229478969373,42.044990066251266,42.38642120361328,2152600,0.0,0.0
2018-07-20 00:00:00-04:00,42.164225875970686,42.27803626779755,41.96370044191337,42.077510833740234,2211800,0.0,0.0
2018-07-23 00:00:00-04:00,42.06667714796186,42.15338806286796,41.56807388174748,41.66020965576172,3315900,0.0,0.0
2018-07-24 00:00:00-04:00,42.09918873270693,42.500235457813055,41.7794321895272,41.97453689575195,3754400,0.0,0.0
2018-07-25 00:00:00-04:00,41.92575891406985,42.857924838865046,41.8011070886285,42.80373001098633,3136500,0.0,0.0
2018-07-26 00:00:00-04:00,42.78205638492377,43.51911770993169,42.78205638492377,43.3348503112793,3256400,0.0,0.0
2018-07-27 00:00:00-04:00,43.42156080913041,43.84970698507775,43.33484577535862,43.66543960571289,2096700,0.0,0.0
2018-07-30 00:00:00-04:00,43.89847736928237,44.16403490179698,43.18851566335962,43.28064727783203,2813000,0.0,0.0
2018-07-31 00:00:00-04:00,43.46491603723065,45.28047388703314,43.42697924204436,45.074527740478516,4753400,0.0,0.0
2018-08-01 00:00:00-04:00,45.10163447731846,45.323834560632754,44.61387265018788,44.64097213745117,3613800,0.0,0.0
2018-08-02 00:00:00-04:00,44.378733970443264,44.63550757249331,44.132881051434154,44.345951080322266,2317100,0.66,0.0
2018-08-03 00:00:00-04:00,44.42243937609043,44.65736328535025,44.111029000392506,44.56448745727539,1861800,0.0,0.0
2018-08-06 00:00:00-04:00,44.6464328411361,44.74477316683813,44.296779276017595,44.356876373291016,1830800,0.0,0.0
2018-08-07 00:00:00-04:00,44.444279180839345,45.24739099245035,44.438814672623366,45.11627197265625,2823800,0.0,0.0
2018-08-08 00:00:00-04:00,45.0725716898526,45.13813329468045,44.63550266073194,44.75023651123047,1499900,0.0,0.0
2018-08-09 00:00:00-04:00,44.750241490990305,45.13267380787817,44.509853081403854,44.64097213745117,2096100,0.0,0.0
2018-08-10 00:00:00-04:00,44.34049310261747,44.38419667810927,43.84879140658601,44.00722885131836,2144500,0.0,0.0
2018-08-13 00:00:00-04:00,44.53716532009772,44.53716532009772,43.63571716049298,43.772300720214844,3273700,0.0,0.0
2018-08-14 00:00:00-04:00,43.854247964404465,44.06185764492615,43.6138637312418,43.783226013183594,2878800,0.0,0.0
2018-08-15 00:00:00-04:00,43.37893455409888,43.56468617382881,43.02381650486339,43.50458908081055,2158200,0.0,0.0
2018-08-16 00:00:00-04:00,43.826925604986336,44.24760106096042,43.805071739089165,43.9853630065918,2360400,0.0,0.0
2018-08-17 00:00:00-04:00,44.04000841637565,44.35688331189428,43.876106458500516,44.25307846069336,1664300,0.0,0.0
2018-08-20 00:00:00-04:00,44.40057861005784,44.71745344649747,44.33502117369044,44.44428634643555,1741700,0.0,0.0
2018-08-21 00:00:00-04:00,44.49345691852567,45.001547872259685,44.46067403337577,44.815792083740234,2936600,0.0,0.0
2018-08-22 00:00:00-04:00,44.76116706949801,44.7939457919925,44.3459518557024,44.52077865600586,2307600,0.0,0.0
2018-08-23 00:00:00-04:00,44.4442897354213,44.61365618474973,43.96351710320392,44.20936584472656,1846600,0.0,0.0
2018-08-24 00:00:00-04:00,44.44428528649456,44.64096592730449,44.23121528698365,44.624576568603516,1139000,0.0,0.0
2018-08-27 00:00:00-04:00,44.799402833885416,45.44407733407661,44.711987364205726,45.39490509033203,2144700,0.0,0.0
2018-08-28 00:00:00-04:00,45.57519549465718,45.826508712858725,45.53695226945692,45.65714645385742,2764000,0.0,0.0
2018-08-29 00:00:00-04:00,45.640757095657165,45.80465484585873,45.383979368655886,45.65714645385742,2092700,0.0,0.0
2018-08-30 00:00:00-04:00,45.498709736089296,45.607979072750766,45.187299420952336,45.25286102294922,1418500,0.0,0.0
2018-08-31 00:00:00-04:00,45.09988698088768,45.48231922904757,45.09442247214286,45.42222213745117,1887900,0.0,0.0
2018-09-04 00:00:00-04:00,45.39491194158919,45.416765812307425,44.7502415122997,45.22008514404297,2861400,0.0,0.0
2018-09-05 00:00:00-04:00,45.138127913920364,46.25265005394047,45.02339824529753,46.19801330566406,2506600,0.0,0.0
2018-09-06 00:00:00-04:00,46.1925564273569,46.39469740561408,46.006800639332496,46.258113861083984,1631200,0.0,0.0
2018-09-07 00:00:00-04:00,46.10513620458131,46.10513620458131,45.476851130880654,45.78826141357422,3133400,0.0,0.0
2018-09-10 00:00:00-04:00,46.19801739698871,46.809913185365694,46.19801739698871,46.574989318847656,2214100,0.0,0.0
2018-09-11 00:00:00-04:00,46.36192622015561,46.70611530773265,46.08329457695533,46.47119140625,2259900,0.0,0.0
2018-09-12 00:00:00-04:00,46.49304100245551,47.077618447532736,46.26904614109659,46.968353271484375,2872900,0.0,0.0
2018-09-13 00:00:00-04:00,47.219667647871404,47.71136928832638,47.14864569854989,47.3671760559082,2016100,0.0,0.0
2018-09-14 00:00:00-04:00,47.47644211728652,47.75507372229549,47.29615083356311,47.6130256652832,1544100,0.0,0.0
2018-09-17 00:00:00-04:00,47.61849771665515,47.88073583615353,47.4491312559377,47.60210418701172,2562800,0.0,0.0
2018-09-18 00:00:00-04:00,47.662194452053775,47.82063187027474,47.001130570083035,47.49283218383789,2353800,0.0,0.0
2018-09-19 00:00:00-04:00,47.62395517911646,48.26862975552427,47.47644676684156,48.08287811279297,1798300,0.0,0.0
2018-09-20 00:00:00-04:00,48.35604024234609,48.53632735691037,47.6458041292657,48.252235412597656,2787600,0.0,0.0
2018-09-21 00:00:00-04:00,47.918977556211836,48.8750625134424,47.700443018062074,48.350582122802734,3942700,0.0,0.0
2018-09-24 00:00:00-04:00,48.21399701027181,48.29048347093979,47.62395502666208,47.77692794799805,2157900,0.0,0.0
2018-09-25 00:00:00-04:00,47.92990049700328,47.96814372371439,47.46005275843877,47.6130256652832,2542100,0.0,0.0
2018-09-26 00:00:00-04:00,47.71682659326127,47.94629012300557,47.41634528691376,47.48190689086914,2315900,0.0,0.0
2018-09-27 00:00:00-04:00,47.71136607277887,47.71136607277887,47.28522606917109,47.39995574951172,1694100,0.0,0.0
2018-09-28 00:00:00-04:00,47.449132887482044,47.580251951739776,47.23059833491922,47.383575439453125,2304900,0.0,0.0
2018-10-01 00:00:00-04:00,47.78785696706461,47.91897601846694,47.41634951459176,47.77692794799805,1960100,0.0,0.0
2018-10-02 00:00:00-04:00,47.77692219075374,48.03916443015702,47.634878305601,47.99545669555664,1903300,0.0,0.0
2018-10-03 00:00:00-04:00,48.22491595822382,48.63466659087561,47.744143383130684,47.924434661865234,2880600,0.0,0.0
2018-10-04 00:00:00-04:00,47.83702291164474,48.388821640274614,47.520152232258624,47.913509368896484,1936900,0.0,0.0
2018-10-05 00:00:00-04:00,47.97360495877636,48.192139473284435,47.154103655520466,47.35078430175781,2365600,0.0,0.0
2018-10-08 00:00:00-04:00,47.21966526033264,47.443660115759016,46.73342815385674,47.35078430175781,1750700,0.0,0.0
2018-10-09 00:00:00-04:00,47.236052365689964,47.389025268086996,46.30182142473755,46.40016174316406,3364500,0.0,0.0
2018-10-10 00:00:00-04:00,46.28542812578864,46.35098555369234,44.63003638004229,44.66281509399414,3974100,0.0,0.0
2018-10-11 00:00:00-04:00,44.63003877042761,44.84856909940926,43.302446597689766,43.449954986572266,3285400,0.0,0.0
2018-10-12 00:00:00-04:00,44.362335653353746,44.64096726421212,42.99103980378241,43.581077575683594,3586800,0.0,0.0
2018-10-15 00:00:00-04:00,43.597471553532706,43.728590596621146,43.18225638752023,43.24781799316406,2135700,0.0,0.0
2018-10-16 00:00:00-04:00,43.57561829203469,43.89795347915904,43.26966829630053,43.848785400390625,1911500,0.0,0.0
2018-10-17 00:00:00-04:00,44.10556261746554,44.111022958463344,43.100305503370414,43.60293197631836,1806000,0.0,0.0
2018-10-18 00:00:00-04:00,43.27512503635838,43.53190273902541,42.548499658215185,42.8216667175293,1952300,0.0,0.0
2018-10-19 00:00:00-04:00,42.73425282288936,43.00741986556372,42.11143229904767,42.22616195678711,2107500,0.0,0.0
2018-10-22 00:00:00-04:00,42.37913780433935,42.58128293063913,41.783635610302674,41.82733917236328,3526500,0.0,0.0
2018-10-23 00:00:00-04:00,40.74014275701659,40.84940793410791,40.0135172415813,40.16102981567383,4793000,0.0,0.0
2018-10-24 00:00:00-04:00,40.16103498149628,40.34678664008419,38.35266564017349,38.45647048950195,4325800,0.0,0.0
2018-10-25 00:00:00-04:00,38.91537955668153,39.76765941403272,38.70776993220997,39.44532012939453,4193500,0.0,0.0
2018-10-26 00:00:00-04:00,38.99187248474989,39.8550773336628,38.560267976193906,39.34152603149414,4471600,0.0,0.0
2018-10-29 00:00:00-04:00,40.128253679848314,40.253912406025684,38.22701260208653,38.80612564086914,3191500,0.0,0.0
2018-10-30 00:00:00-04:00,37.38564784160621,38.72416490592755,36.986822058999195,38.434608459472656,7647900,0.0,0.0
2018-10-31 00:00:00-04:00,38.98640708760461,39.947956403345245,38.87167741096154,39.15576934814453,5767100,0.0,0.0
2018-11-01 00:00:00-04:00,39.58586662783824,40.865142255707376,39.299130041781275,40.66663360595703,3604600,0.66,0.0
2018-11-02 00:00:00-04:00,41.03608821091826,41.12431616783764,40.19242835584421,40.38542175292969,3366600,0.0,0.0
2018-11-05 00:00:00-05:00,40.60597795148112,40.9588812828285,40.40746930173078,40.66663360595703,3648800,0.0,0.0
2018-11-06 00:00:00-05:00,40.567396738108215,41.54890981371809,40.52879805109911,41.510311126708984,2897900,0.0,0.0
2018-11-07 00:00:00-05:00,41.88525689467862,41.995541823791235,41.1739348779268,41.587493896484375,3514300,0.0,0.0
2018-11-08 00:00:00-05:00,41.42758499162624,41.73086329596977,40.72177825454311,40.93682861328125,4239800,0.0,0.0
2018-11-09 00:00:00-05:00,40.622526317915266,40.83206559763109,40.11522822154897,40.49018859863281,3027400,0.0,0.0
2018-11-12 00:00:00-05:00,40.5287839970219,40.58943965656583,39.92223160852248,39.982887268066406,2161200,0.0,0.0
2018-11-13 00:00:00-05:00,39.988404222666105,40.69421525476368,39.70718707657231,39.87260818481445,2402900,0.0,0.0
2018-11-14 00:00:00-05:00,40.236538695140354,40.76037846941415,39.6465279591618,39.900177001953125,2843500,0.0,0.0
2018-11-15 00:00:00-05:00,39.70167068057228,40.98646186642872,39.50316199061419,40.7934684753418,2648700,0.0,0.0
2018-11-16 00:00:00-05:00,40.605982231141034,41.096738609486025,40.49018620773896,40.93682861328125,2379900,0.0,0.0
2018-11-19 00:00:00-05:00,40.76589882016534,41.06917717355622,40.29168405319451,40.517765045166016,1911000,0.0,0.0
2018-11-20 00:00:00-05:00,40.06560004257012,40.42952979406593,39.88914415464498,40.22550582885742,2043300,0.0,0.0
2018-11-21 00:00:00-05:00,40.44606968066325,41.22907371723238,40.2806486035099,40.848602294921875,3035900,0.0,0.0
2018-11-23 00:00:00-05:00,40.457105189624045,41.25665101030893,40.457105189624045,40.85411834716797,1260600,0.0,0.0
2018-11-26 00:00:00-05:00,41.306282696936314,41.664697198697276,40.96440567823115,41.40553283691406,2784400,0.0,0.0
2018-11-27 00:00:00-05:00,41.12431514125883,41.58198819073712,40.94786343876534,41.54890060424805,2316100,0.0,0.0
2018-11-28 00:00:00-05:00,41.703301305407955,42.254713480733976,41.025066685643935,42.22163009643555,2207800,0.0,0.0
2018-11-29 00:00:00-05:00,42.07274034927109,42.287790708389984,41.68123409862901,41.9128303527832,1716400,0.0,0.0
2018-11-30 00:00:00-05:00,41.67020790773472,42.45872729724691,41.49375622230948,42.42564392089844,3137800,0.0,0.0
2018-12-03 00:00:00-05:00,43.42921070677399,43.655287441293574,42.63517607307846,43.01565170288086,2002200,0.0,0.0
2018-12-04 00:00:00-05:00,43.004631622715934,43.12042766728859,41.2676825402446,41.35039520263672,2632900,0.0,0.0
2018-12-06 00:00:00-05:00,40.52879424962891,40.52879424962891,39.24400289164151,40.41299819946289,3913000,0.0,0.0
2018-12-07 00:00:00-05:00,40.484671972533526,41.01954233772693,39.14474051377998,39.288108825683594,3322200,0.0,0.0
2018-12-10 00:00:00-05:00,39.25502082829037,39.51969622702412,38.29556093879657,39.332218170166016,2213600,0.0,0.0
2018-12-11 00:00:00-05:00,40.142797444997896,40.18139611879936,38.87454809390997,39.10614013671875,1597200,0.0,0.0
2018-12-12 00:00:00-05:00,39.712705160242415,39.922244490622795,39.18886524817399,39.21092224121094,2304300,0.0,0.0
2018-12-13 00:00:00-05:00,39.464563489641904,39.56381783506672,38.81389704895482,39.03997802734375,2180700,0.0,0.0
2018-12-14 00:00:00-05:00,38.61538850328895,39.288111935148635,38.5602481349435,38.91866683959961,2818600,0.0,0.0
2018-12-17 00:00:00-05:00,38.81389464303191,39.034460308852886,37.882006913581876,38.14668655395508,3079400,0.0,0.0
2018-12-18 00:00:00-05:00,38.532678152045406,38.67604648387119,37.661450183419646,37.981266021728516,3025700,0.0,0.0
2018-12-19 00:00:00-05:00,38.01434686680383,38.66501323343199,37.19273990938135,37.50153350830078,4465400,0.0,0.0
2018-12-20 00:00:00-05:00,37.269939719424855,37.81032539802673,36.64684559603616,37.00526428222656,3873000,0.0,0.0
2018-12-21 00:00:00-05:00,37.08246635715336,37.876501183735755,36.497970835886186,36.597225189208984,5798100,0.0,0.0
2018-12-24 00:00:00-05:00,36.36011345103272,36.52002345708477,35.6046773962917,35.76458740234375,2060700,0.0,0.0
2018-12-26 00:00:00-05:00,36.01823759804638,37.39676782486527,35.54402286346545,37.380226135253906,2643400,0.0,0.0
2018-12-27 00:00:00-05:00,36.75712176929361,37.89854431152344,36.54206724330668,37.89854431152344,3272000,0.0,0.0
2018-12-28 00:00:00-05:00,38.18528427936599,38.19079957778276,37.518076206898684,37.62835693359375,2190600,0.0,0.0
2018-12-31 00:00:00-05:00,37.782753273618994,37.953693876437725,37.484994457230734,37.859954833984375,2281300,0.0,0.0
2019-01-02 00:00:00-05:00,37.341625799738814,38.02537558394882,37.27545483729002,37.83238220214844,2766600,0.0,0.0
2019-01-03 00:00:00-05:00,37.62836301819857,37.62836301819857,36.514512353481585,36.7405891418457,2803500,0.0,0.0
2019-01-04 00:00:00-05:00,37.33059600843301,37.7937843416936,36.94460923649944,37.78826904296875,3801600,0.0,0.0
2019-01-07 00:00:00-05:00,37.90957069921904,38.394811689670924,37.584239675458385,37.89854431152344,2342300,0.0,0.0
2019-01-08 00:00:00-05:00,38.22940061391741,38.46099267844452,37.35816851562174,37.59527587890625,4316500,0.0,0.0
2019-01-09 00:00:00-05:00,38.02537644869437,38.37827984256631,37.96472078347197,38.08051681518555,3184000,0.0,0.0
2019-01-10 00:00:00-05:00,37.82135063238054,38.79183702197289,37.73864219012162,38.70361328125,2261300,0.0,0.0
2019-01-11 00:00:00-05:00,38.394822302662845,38.802870278158544,38.394822302662845,38.720157623291016,1676700,0.0,0.0
2019-01-14 00:00:00-05:00,38.449969425041836,38.89661190120617,38.19631614478929,38.80838394165039,1858800,0.0,0.0
2019-01-15 00:00:00-05:00,38.89661455909966,38.89661455909966,38.16875067079051,38.53268051147461,1814900,0.0,0.0
2019-01-16 00:00:00-05:00,38.48855538136151,38.7973447238402,38.44995671355167,38.65397644042969,1791900,0.0,0.0
2019-01-17 00:00:00-05:00,38.36725785698545,39.32119850693165,38.36725785698545,39.13372039794922,1440300,0.0,0.0
2019-01-18 00:00:00-05:00,39.392870874237396,39.99942317507824,39.29361655541331,39.62997817993164,2472300,0.0,0.0
2019-01-22 00:00:00-05:00,39.3983919907187,39.3983919907187,38.438936135885506,38.841468811035156,4081800,0.0,0.0
2019-01-23 00:00:00-05:00,38.89661090358319,39.03997923071388,38.35071409039013,38.68156051635742,2593400,0.0,0.0
2019-01-24 00:00:00-05:00,38.67052685801779,38.94623289232918,38.52164745054333,38.68707275390625,2997500,0.0,0.0
2019-01-25 00:00:00-05:00,39.15026697513453,39.381859094053915,39.01241392240518,39.188865661621094,2733600,0.0,0.0
2019-01-28 00:00:00-05:00,38.48856898383855,38.510621767290026,37.4794837598326,38.10809326171875,4635700,0.0,0.0
2019-01-29 00:00:00-05:00,38.51614168484148,39.28811961336963,38.29006486835997,39.21092224121094,3605200,0.0,0.0
2019-01-30 00:00:00-05:00,39.70166386339447,40.275132846254046,39.122679582610765,40.18690490722656,3652000,0.0,0.0
2019-01-31 00:00:00-05:00,41.47170077960701,42.19404923637268,41.05814173209565,42.045169830322266,6272200,0.0,0.0
2019-02-01 00:00:00-05:00,42.06722743052914,42.227137436062606,41.50478476183345,42.1719970703125,4160700,0.0,0.0
2019-02-04 00:00:00-05:00,42.3098504634786,42.54144252584758,41.91283309545162,42.51387023925781,2862300,0.0,0.0
2019-02-05 00:00:00-05:00,42.51938207031158,42.57452243205387,42.183020394661696,42.541439056396484,2497000,0.0,0.0
2019-02-06 00:00:00-05:00,42.14993789948774,42.712376332111944,42.14993789948774,42.42564392089844,2475000,0.0,0.0
2019-02-07 00:00:00-05:00,42.25470674409119,42.53041278779854,41.74189333451788,42.10582733154297,2465900,0.0,0.0
2019-02-08 00:00:00-05:00,41.83011743261634,41.9569398451467,41.42207370347958,41.813575744628906,1903400,0.0,0.0
2019-02-11 00:00:00-05:00,41.84666116112838,41.89629043445069,41.53787175179906,41.70329284667969,1785400,0.0,0.0
2019-02-12 00:00:00-05:00,41.990031480368536,42.37601826045891,41.93489111277568,42.276763916015625,2658200,0.0,0.0
2019-02-13 00:00:00-05:00,42.497324404267076,42.916398719295145,42.38152838437903,42.82817077636719,2120400,0.0,0.0
2019-02-14 00:00:00-05:00,42.53592449730287,42.92191124314627,42.28227546332864,42.569007873535156,1898600,0.0,0.0
2019-02-15 00:00:00-05:00,42.993603378584965,43.45678753691924,42.888833730272914,43.41267776489258,2233300,0.0,0.0
2019-02-19 00:00:00-05:00,43.18107991563827,43.57258199918392,43.03771579959537,43.45127487182617,2001100,0.0,0.0
2019-02-20 00:00:00-05:00,43.54501332113813,43.991655766798964,43.43472837922532,43.95857238769531,2320500,0.0,0.0
2019-02-21 00:00:00-05:00,43.90342937004985,44.00819479986755,43.638749732376446,43.9420280456543,1935200,0.0,0.0
2019-02-22 00:00:00-05:00,44.11297547611,44.59270559891152,43.97512242774716,44.54859161376953,2584200,0.0,0.0
2019-02-25 00:00:00-05:00,44.945601286123846,44.945601286123846,44.504469924945695,44.62026596069336,2233700,0.0,0.0
2019-02-26 00:00:00-05:00,44.410728108710934,44.77465788309061,44.361098835376325,44.383155822753906,1560200,0.0,0.0
2019-02-27 00:00:00-05:00,44.322505386867775,44.48793070824084,43.947544971104094,44.46587371826172,2082700,0.0,0.0
2019-02-28 00:00:00-05:00,44.47690184242165,44.49344353225059,43.94754252625298,43.986141204833984,2560100,0.0,0.0
2019-03-01 00:00:00-05:00,44.80223032592434,44.862885989690035,43.58361016589202,44.23979187011719,4037800,0.0,0.0
2019-03-04 00:00:00-05:00,44.81326138397444,45.2599080643123,44.22325058065763,44.82980728149414,4052900,0.0,0.0
2019-03-05 00:00:00-05:00,44.74709343315187,44.907003449403234,44.48792906912174,44.554100036621094,3225500,0.0,0.0
2019-03-06 00:00:00-05:00,44.5154955591355,44.851853031026586,44.41072592597633,44.636802673339844,3900100,0.0,0.0
2019-03-07 00:00:00-05:00,44.57004833036401,44.57004833036401,43.80236382943312,44.464351654052734,2853500,0.71,0.0
2019-03-08 00:00:00-05:00,43.8691243037429,44.336406873821595,43.81349603266187,44.15839385986328,2249600,0.0,0.0
2019-03-11 00:00:00-04:00,44.05826331849519,44.70912727725406,44.03045130374675,44.67574691772461,2394200,0.0,0.0
2019-03-12 00:00:00-04:00,45.10965391233274,45.11521801301244,44.581178940223836,44.70356369018555,3430100,0.0,0.0
2019-03-13 00:00:00-04:00,44.89825747188606,45.16527908694541,44.65905211153702,44.83150100708008,2225100,0.0,0.0
2019-03-14 00:00:00-04:00,44.742502024362345,45.170844387043324,44.46435642039246,45.05402374267578,2476700,0.0,0.0
2019-03-15 00:00:00-04:00,45.02621198338528,45.2932293879738,44.74250227736549,44.82594680786133,4940000,0.0,0.0
2019-03-18 00:00:00-04:00,44.95944918866266,45.75494567843114,44.92050897912845,45.67150115966797,2971400,0.0,0.0
2019-03-19 00:00:00-04:00,45.9440871998985,46.08315999695957,45.521308952631585,45.73826217651367,2232100,0.0,0.0
2019-03-20 00:00:00-04:00,45.69932119829548,45.69932119829548,44.992829024316435,45.18753433227539,3261900,0.0,0.0
2019-03-21 00:00:00-04:00,44.95388140679495,45.782758182674115,44.93719335324214,45.62143325805664,1891200,0.0,0.0
2019-03-22 00:00:00-04:00,45.34329806210052,45.454554607285,43.86912549549795,43.9581298828125,3797700,0.0,0.0
2019-03-25 00:00:00-04:00,43.946999621718845,44.264085398589984,43.735610518526265,43.924747467041016,2801500,0.0,0.0
2019-03-26 00:00:00-04:00,44.364219737989,44.45878821600964,43.991505681673765,44.236270904541016,2062400,0.0,0.0
2019-03-27 00:00:00-04:00,44.247396689411886,44.536666207617664,43.919182717972305,44.152828216552734,2136200,0.0,0.0
2019-03-28 00:00:00-04:00,44.41985093876298,44.697996535429205,44.08051297129698,44.4254150390625,1767000,0.0,0.0
2019-03-29 00:00:00-04:00,44.86488393375639,44.876007889779515,44.642366615810346,44.814815521240234,2173100,0.0,0.0
2019-04-01 00:00:00-04:00,45.37111144159615,45.832834181919395,45.20422661879764,45.7493896484375,2124600,0.0,0.0
2019-04-02 00:00:00-04:00,45.888456417440494,46.13878998494324,45.68819126110419,45.971900939941406,1699200,0.0,0.0
2019-04-03 00:00:00-04:00,46.25561437338209,46.544883931478815,45.87733618561557,46.099853515625,2080300,0.0,0.0
2019-04-04 00:00:00-04:00,45.74939319382006,46.305684467922525,45.74939319382006,46.272308349609375,1917400,0.0,0.0
2019-04-05 00:00:00-04:00,46.333500939661874,46.55045419801362,46.22780423896952,46.311248779296875,1542900,0.0,0.0
2019-04-08 00:00:00-04:00,46.1721749563849,46.556017287046856,45.90515328197539,46.550453186035156,1417900,0.0,0.0
2019-04-09 00:00:00-04:00,46.300116342631625,46.300116342631625,45.74382516787254,45.810577392578125,1984000,0.0,0.0
2019-04-10 00:00:00-04:00,45.86064220692271,46.03309109943447,45.6047487959114,45.84951400756836,1407800,0.0,0.0
2019-04-11 00:00:00-04:00,46.02752832864581,46.27229779153417,45.894019641690626,46.161041259765625,1349700,0.0,0.0
2019-04-12 00:00:00-04:00,46.50038766042516,46.67284084920062,46.21668215364781,46.661712646484375,1510400,0.0,0.0
2019-04-15 00:00:00-04:00,46.66170187562638,46.72845834401716,46.32236392192831,46.511505126953125,876500,0.0,0.0
2019-04-16 00:00:00-04:00,46.72845657124771,46.86196525879946,46.48368710726563,46.8119010925293,1822000,0.0,0.0
2019-04-17 00:00:00-04:00,47.134559513458704,47.42382909623167,46.80634546875923,46.96767044067383,1685100,0.0,0.0
2019-04-18 00:00:00-04:00,47.24581232244941,47.557334039855284,47.145679735545365,47.401573181152344,1637700,0.0,0.0
2019-04-22 00:00:00-04:00,47.106744004633974,47.323697256215496,46.97879514756937,47.251380920410156,1222900,0.0,0.0
2019-04-23 00:00:00-04:00,47.17349451111297,47.885546553758985,47.13455429766092,47.61296081542969,2058900,0.0,0.0
2019-04-24 00:00:00-04:00,47.52952473104421,47.76873013314172,47.401575878876336,47.47389221191406,1569500,0.0,0.0
2019-04-25 00:00:00-04:00,46.99548862369666,47.15680935804633,46.52820174727906,46.617210388183594,1599000,0.0,0.0
2019-04-26 00:00:00-04:00,46.706206324441254,46.73958243665182,46.21110752054865,46.60050964355469,2454800,0.0,0.0
2019-04-29 00:00:00-04:00,46.83971339408353,46.98991438215509,46.48368739562716,46.72289276123047,2426500,0.0,0.0
2019-04-30 00:00:00-04:00,45.88846722863925,46.461446577085354,44.88158135395884,46.072044372558594,4759300,0.0,0.0
2019-05-01 00:00:00-04:00,46.32236711162383,46.839718105823266,45.5213106565988,45.56581497192383,3525600,0.0,0.0
2019-05-02 00:00:00-04:00,45.54897356853993,46.042792960576676,45.32451059773005,45.68926239013672,3072200,0.71,0.0
2019-05-03 00:00:00-04:00,45.913730878043154,46.47488623186,45.896896902432744,46.46366500854492,1982200,0.0,0.0
2019-05-06 00:00:00-04:00,45.75099903117196,46.183091086253704,45.318911257366146,46.03718948364258,1828500,0.0,0.0
2019-05-07 00:00:00-04:00,45.41991128609319,45.58825530708378,45.12810813300256,45.47041320800781,2654600,0.0,0.0
2019-05-08 00:00:00-04:00,45.38624362899757,45.8407823783944,45.31890772632811,45.43113708496094,2822500,0.0,0.0
2019-05-09 00:00:00-04:00,44.98221536915403,45.50408573994471,44.79703307426182,45.43113708496094,1957800,0.0,0.0
2019-05-10 00:00:00-04:00,45.324517405387695,45.91934500956713,44.57257126370003,45.72854995727539,1833200,0.0,0.0
2019-05-13 00:00:00-04:00,44.6848013647528,44.86437091508815,43.8935745052762,44.050697326660156,2729600,0.0,0.0
2019-05-14 00:00:00-04:00,44.26393289163869,44.69602491280074,44.16292475641807,44.41544723510742,1853500,0.0,0.0
2019-05-15 00:00:00-04:00,44.140485030019676,44.813869785472825,44.005804653908356,44.634300231933594,1315300,0.0,0.0
2019-05-16 00:00:00-04:00,44.74652642940517,45.06638480779113,44.61746309636422,44.898040771484375,1419900,0.0,0.0
2019-05-17 00:00:00-04:00,44.39300291469794,44.8363161832486,44.12364644574312,44.19098663330078,1607800,0.0,0.0
2019-05-20 00:00:00-04:00,43.83745811587698,44.230265154035344,43.725224475492,44.005802154541016,1332800,0.0,0.0
2019-05-21 00:00:00-04:00,44.31443831403413,44.97660179289887,44.28077036331617,44.8475341796875,2048100,0.0,0.0
2019-05-22 00:00:00-04:00,44.623064104363586,44.785799642469634,44.252703861409174,44.29198455810547,1915400,0.0,0.0
2019-05-23 00:00:00-04:00,43.78694722929795,43.803781203238294,43.046222406996755,43.225791931152344,2020000,0.0,0.0
2019-05-24 00:00:00-04:00,43.57371225357885,43.68594160712747,43.225794407537464,43.42781066894531,1661500,0.0,0.0
2019-05-28 00:00:00-04:00,43.41097574338819,43.52320509447912,42.715144347818764,42.754425048828125,1958100,0.0,0.0
2019-05-29 00:00:00-04:00,42.50751532994635,42.844207664423536,42.204490944534285,42.417728424072266,2337900,0.0,0.0
2019-05-30 00:00:00-04:00,42.48506774996673,42.827372829503076,42.38967237534847,42.563629150390625,1265700,0.0,0.0
2019-05-31 00:00:00-04:00,42.01370258840874,42.01370258840874,41.688231457959546,41.80046081542969,1840100,0.0,0.0
2019-06-03 00:00:00-04:00,41.84534660134194,42.6534115271033,41.76117245802933,42.29988098144531,2132100,0.0,0.0
2019-06-04 00:00:00-04:00,42.79931543058979,43.792562769055934,42.68147332422991,43.641048431396484,2419000,0.0,0.0
2019-06-05 00:00:00-04:00,44.03386260359686,44.16853869374577,43.517600690296284,43.89357376098633,1747500,0.0,0.0
2019-06-06 00:00:00-04:00,44.12924821770563,44.207809609669944,43.54003349669855,43.93845748901367,1626300,0.0,0.0
2019-06-07 00:00:00-04:00,44.28076810631047,44.55573301280159,44.16853447417867,44.376163482666016,1739400,0.0,0.0
2019-06-10 00:00:00-04:00,44.63430387991089,44.95977506020033,44.39300687125165,44.51084899902344,1424000,0.0,0.0
2019-06-11 00:00:00-04:00,44.89242900333484,45.20667463634997,44.3481076166653,44.44911575317383,1724900,0.0,0.0
2019-06-12 00:00:00-04:00,44.39299735533263,44.47717150891957,43.96090536484818,44.146087646484375,1328200,0.0,0.0
2019-06-13 00:00:00-04:00,44.482785420094935,44.55573836005471,44.12364631672255,44.49401092529297,1487100,0.0,0.0
2019-06-14 00:00:00-04:00,44.19659146017646,44.37616098018567,43.6242106717705,43.97774124145508,1380700,0.0,0.0
2019-06-17 00:00:00-04:00,43.88234943617344,44.033863787781826,43.46709564963622,43.5681037902832,1315700,0.0,0.0
2019-06-18 00:00:00-04:00,43.83745761103912,44.757752045219604,43.81501088322063,44.59501647949219,1732100,0.0,0.0
2019-06-19 00:00:00-04:00,44.76335269243502,45.02148787659282,44.555727988635034,44.86436080932617,2498600,0.0,0.0
2019-06-20 00:00:00-04:00,45.678047033295115,46.531001294363094,45.55459216943415,46.373878479003906,4201200,0.0,0.0
2019-06-21 00:00:00-04:00,46.49732458681423,46.991139667990666,46.14379831882966,46.6993408203125,4828400,0.0,0.0
2019-06-24 00:00:00-04:00,46.531000151818226,46.749850393734135,45.93056410428154,46.1662483215332,2754800,0.0,0.0
2019-06-25 00:00:00-04:00,46.2223630818799,46.39070710121955,45.981066134345454,46.059627532958984,3184200,0.0,0.0
2019-06-26 00:00:00-04:00,46.21114423945114,46.51416865547115,46.10452762955065,46.36826705932617,1859200,0.0,0.0
2019-06-27 00:00:00-04:00,46.48049344579532,46.794739036480784,45.98106558290945,46.418766021728516,2214700,0.0,0.0
2019-06-28 00:00:00-04:00,46.50294170410378,46.845246782931795,46.41876755203087,46.73301315307617,3083500,0.0,0.0
2019-07-01 00:00:00-04:00,47.445687151419186,47.52985702995679,46.5197799560251,46.676902770996094,2299900,0.0,0.0
2019-07-02 00:00:00-04:00,46.50854831465145,46.50854831465145,45.44796517226361,45.868831634521484,2848200,0.0,0.0
2019-07-03 00:00:00-04:00,45.874454637771976,46.22237253224747,45.63877039374471,46.194313049316406,1082000,0.0,0.0
2019-07-05 00:00:00-04:00,45.82394932163548,45.924953177665095,45.161785817361974,45.908119201660156,1322700,0.0,0.0
2019-07-08 00:00:00-04:00,45.577036762950826,46.13819209510974,45.375020500871585,45.599483489990234,1339000,0.0,0.0
2019-07-09 00:00:00-04:00,45.22911835129945,45.35818595984643,44.84192408820922,45.03271484375,3711800,0.0,0.0
2019-07-10 00:00:00-04:00,45.22350988633164,45.48725359916095,44.320053665959506,44.353721618652344,2177500,0.0,0.0
2019-07-11 00:00:00-04:00,44.494008642359496,44.52206384136347,43.90479380669329,44.41544723510742,2869200,0.0,0.0
2019-07-12 00:00:00-04:00,44.679191421869206,45.76222144076627,44.499621877448355,45.57142639160156,2058500,0.0,0.0
2019-07-15 00:00:00-04:00,45.57703657880335,45.683657461490895,45.071995925645794,45.279624938964844,1988400,0.0,0.0
2019-07-16 00:00:00-04:00,45.234737257667625,45.68366329138049,45.00466148803889,45.53776168823242,2163100,0.0,0.0
2019-07-17 00:00:00-04:00,45.481638384486374,45.53214030603788,44.51083784011434,44.527671813964844,1705900,0.0,0.0
2019-07-18 00:00:00-04:00,44.482782753169886,44.5725696642678,44.162924374615805,44.36494064331055,2721600,0.0,0.0
2019-07-19 00:00:00-04:00,44.68479424633312,45.1617796683324,44.54450542369218,44.81386184692383,2380400,0.0,0.0
2019-07-22 00:00:00-04:00,44.914879551981414,45.16178930250974,44.58940838651699,44.64552307128906,1699500,0.0,0.0
2019-07-23 00:00:00-04:00,44.96537801390256,45.94179143494572,44.69602583527221,45.908119201660156,2702600,0.0,0.0
2019-07-24 00:00:00-04:00,45.58264453512717,46.49732608535812,45.4030750197053,46.42437744140625,2009900,0.0,0.0
2019-07-25 00:00:00-04:00,46.32898399780392,46.44121763577421,45.77344140399646,46.003517150878906,2180300,0.0,0.0
2019-07-26 00:00:00-04:00,45.801496977418275,46.07084912302299,45.52652779879972,45.7734375,1783700,0.0,0.0
2019-07-29 00:00:00-04:00,45.7061001868204,45.818333822250686,45.26839971183088,45.492862701416016,2472500,0.0,0.0
2019-07-30 00:00:00-04:00,45.22351131914501,47.10338532120293,44.74653008868926,46.64323806762695,3136800,0.0,0.0
2019-07-31 00:00:00-04:00,46.62079256672239,46.789136621232714,45.63877059761276,46.12136459350586,4566400,0.0,0.0
2019-08-01 00:00:00-04:00,45.97984631519582,46.891174971771946,45.10247466478796,45.26662826538086,3125000,0.71,0.0
2019-08-02 00:00:00-04:00,45.040208971273344,45.3005892021481,44.706244431210536,44.88737869262695,2683500,0.0,0.0
2019-08-05 00:00:00-04:00,44.10057611707007,44.168498765644884,43.27980812527921,43.4892463684082,3098500,0.0,0.0
2019-08-06 00:00:00-04:00,44.31000469379941,44.76284244969137,43.64207137907825,44.65529251098633,2404300,0.0,0.0
2019-08-07 00:00:00-04:00,43.993023516043436,44.41189565849475,43.20622121450409,44.202457427978516,3220400,0.0,0.0
2019-08-08 00:00:00-04:00,44.553413164633604,45.29493092796187,44.553413164633604,45.147762298583984,1879000,0.0,0.0
2019-08-09 00:00:00-04:00,44.8873774396413,45.119453681267856,44.29869002682519,44.73454284667969,2388300,0.0,0.0
2019-08-12 00:00:00-04:00,44.46284908756426,44.62699838376777,44.021330234737135,44.12321853637695,2286200,0.0,0.0
2019-08-13 00:00:00-04:00,44.162835541751114,45.49304494366211,43.93642096307639,44.949642181396484,2343500,0.0,0.0
2019-08-14 00:00:00-04:00,43.925098595417616,44.11755617376169,42.425078226975764,42.56093215942383,5155700,0.0,0.0
2019-08-15 00:00:00-04:00,70.90035333824007,71.64439352098016,70.50478985441299,71.49370574951172,2479600,30.0,0.0
2019-08-16 00:00:00-04:00,71.92695011852146,73.1607346630241,71.86102286466708,72.8216781616211,1655200,0.0,0.0
2019-08-19 00:00:00-04:00,74.319159247963,74.74297616984165,73.87650186680582,74.53577423095703,2158600,0.0,0.0
2019-08-20 00:00:00-04:00,74.40392751763174,74.40392751763174,73.44327237460719,73.61280059814453,1610000,0.0,0.0
2019-08-21 00:00:00-04:00,74.64880698687644,74.68648072573613,73.70698507197702,74.07429504394531,1483000,0.0,0.0
2019-08-22 00:00:00-04:00,74.3850892680653,74.47927001139284,73.2078120126457,73.81057739257812,1631500,0.0,0.0
2019-08-23 00:00:00-04:00,73.3585114291771,73.62222042663711,71.66322903760376,72.13414001464844,4322800,0.0,0.0
2019-08-26 00:00:00-04:00,72.6709866906033,72.89702195156757,71.6255637285379,72.36018371582031,1670000,0.0,0.0
2019-08-27 00:00:00-04:00,72.9252658997372,72.9252658997372,72.0399510641983,72.388427734375,1854000,0.0,0.0
2019-08-28 00:00:00-04:00,72.04936978381684,73.45268229445512,71.69148007625677,73.33966827392578,1347000,0.0,0.0
2019-08-29 00:00:00-04:00,74.35683160816062,75.13854546214162,74.21556408017766,75.0066909790039,1646900,0.0,0.0
2019-08-30 00:00:00-04:00,75.76014816144395,76.56069525719177,75.6188734538343,76.02385711669922,2715700,0.0,0.0
2019-09-03 00:00:00-04:00,74.89367465473235,74.96902213159011,73.1042187853113,73.92359924316406,3527600,0.0,0.0
2019-09-04 00:00:00-04:00,74.68647494650301,75.11971213156917,74.32857804779545,74.56403350830078,1660100,0.0,0.0
2019-09-05 00:00:00-04:00,75.750723232861,77.62494649334121,75.60944853401423,77.18228912353516,2243600,0.0,0.0
2019-09-06 00:00:00-04:00,77.21057404562839,78.63272015327047,76.95627807078299,78.40668487548828,1983900,0.0,0.0
2019-09-09 00:00:00-04:00,78.94351403745286,79.98893695661187,78.63271107542589,79.91358947753906,2055200,0.0,0.0
2019-09-10 00:00:00-04:00,80.05485494485644,81.8066441102569,80.05485494485644,81.78780364990234,3290300,0.0,0.0
2019-09-11 00:00:00-04:00,81.83490815322656,82.9462583347567,80.82715896039653,82.90858459472656,1999300,0.0,0.0
2019-09-12 00:00:00-04:00,82.88975444990295,82.97451497902551,81.65596277026673,82.22106170654297,2330300,0.0,0.0
2019-09-13 00:00:00-04:00,82.79556849524643,83.88807818674871,82.07036159243236,82.38116455078125,3175600,0.0,0.0
2019-09-16 00:00:00-04:00,81.91025521223172,81.92908848938438,80.86483228474548,81.42992401123047,1563400,0.0,0.0
2019-09-17 00:00:00-04:00,80.56344053187276,81.19445943604126,80.10194984522283,81.09085845947266,1500900,0.0,0.0
2019-09-18 00:00:00-04:00,80.45984296999453,80.86482666316907,79.16013137087954,80.03602600097656,2518800,0.0,0.0
2019-09-19 00:00:00-04:00,80.37506751984078,80.73296439615414,79.47091947033805,79.5933609008789,1835700,0.0,0.0
2019-09-20 00:00:00-04:00,79.86648217017844,80.34680605840096,78.63269087036623,78.70803833007812,3040700,0.0,0.0
2019-09-23 00:00:00-04:00,78.14295970164386,79.51801873435261,77.89808400976874,79.02827453613281,2207600,0.0,0.0
2019-09-24 00:00:00-04:00,79.2449003120746,79.38617504527119,77.04104034212106,77.5307846069336,2784500,0.0,0.0
2019-09-25 00:00:00-04:00,77.26707497509169,78.3407514417975,77.04103971513555,77.86042022705078,2382600,0.0,0.0
2019-09-26 00:00:00-04:00,77.82274194391137,78.01111063748989,77.22939672658363,77.69088745117188,1900800,0.0,0.0
2019-09-27 00:00:00-04:00,78.06760471810624,78.44433485731352,77.02218199493267,78.18062591552734,1503800,0.0,0.0
2019-09-30 00:00:00-04:00,78.50084622852408,78.69862794586193,77.95458785557375,78.31248474121094,1749300,0.0,0.0
2019-10-01 00:00:00-04:00,79.03768446149137,79.16012589536155,75.73189508653965,76.09920501708984,1806500,0.0,0.0
2019-10-02 00:00:00-04:00,75.04438058015415,75.04438058015415,72.3884427096248,73.236083984375,2757700,0.0,0.0
2019-10-03 00:00:00-04:00,73.0571136177748,74.07428284285129,71.98343738648178,73.90475463867188,1550000,0.0,0.0
2019-10-04 00:00:00-04:00,73.97070224043142,74.79950303042618,73.8671012434906,74.705322265625,1500600,0.0,0.0
2019-10-07 00:00:00-04:00,74.52636615868892,74.92193682723834,73.5468704967879,73.74465942382812,1929500,0.0,0.0
2019-10-08 00:00:00-04:00,72.87817521562312,72.88759544646581,71.76682509870008,71.81391906738281,1756800,0.0,0.0
2019-10-09 00:00:00-04:00,72.22832367581162,73.15130511219488,71.68206525030187,72.8875961303711,2219000,0.0,0.0
2019-10-10 00:00:00-04:00,73.13246333696699,74.59228279827983,72.99118863154187,74.02719116210938,1888500,0.0,0.0
2019-10-11 00:00:00-04:00,75.55295626660244,77.99227161277086,75.43993504837233,76.62663269042969,2704700,0.0,0.0
2019-10-14 00:00:00-04:00,76.202817543564,76.54186683540922,75.7224863363588,76.15572357177734,1591700,0.0,0.0
2019-10-15 00:00:00-04:00,76.17455807316432,77.69089201425966,75.43993808888834,77.34242248535156,1915700,0.0,0.0
2019-10-16 00:00:00-04:00,76.10862466276183,78.04878264311891,76.10862466276183,76.35350036621094,2590600,0.0,0.0
2019-10-17 00:00:00-04:00,77.04103126519257,77.7191369706856,76.3252446373865,76.67372131347656,4678300,0.0,0.0
2019-10-18 00:00:00-04:00,76.73023063681512,78.08645645970857,76.65488316098087,77.7568130493164,1981800,0.0,0.0
2019-10-21 00:00:00-04:00,78.17120946096088,79.15070499598835,78.14295595662367,78.64212036132812,1869500,0.0,0.0
2019-10-22 00:00:00-04:00,78.83991081795011,80.20555689173801,78.34074635790488,79.79115295410156,1617000,0.0,0.0
2019-10-23 00:00:00-04:00,79.81940254706055,79.97951053855682,79.13186942838459,79.7346420288086,1542800,0.0,0.0
2019-10-24 00:00:00-04:00,80.04544937744313,80.21497762403713,78.99061334133079,79.34850311279297,1546900,0.0,0.0
2019-10-25 00:00:00-04:00,79.91358705589242,80.91192315952635,79.36732862746473,80.6387939453125,2083400,0.0,0.0
2019-10-28 00:00:00-04:00,81.44875999196216,82.53184941415363,81.44875999196216,82.14570617675781,3246400,0.0,0.0
2019-10-29 00:00:00-04:00,81.45816852165886,84.24596029183225,80.64820116847325,83.78446960449219,3551800,0.0,0.0
2019-10-30 00:00:00-04:00,83.8033091559427,83.8033091559427,82.14570073187932,83.11577606201172,2327000,0.0,0.0
2019-10-31 00:00:00-04:00,82.99235297406301,83.11578024198795,81.58714812501351,82.70751190185547,1953400,0.71,0.0
2019-11-01 00:00:00-04:00,83.18223807314402,84.16018126544662,82.4986253287514,84.13169860839844,2250100,0.0,0.0
2019-11-04 00:00:00-05:00,84.97671796114733,86.59079797461759,84.6823875130438,86.55282592773438,2523100,0.0,0.0
2019-11-05 00:00:00-05:00,86.27747638761929,87.01805440268586,85.34700193035064,86.05909729003906,2242100,0.0,0.0
2019-11-06 00:00:00-05:00,86.16355067515961,86.60979832251432,85.46095184943601,86.59080505371094,2097400,0.0,0.0
2019-11-07 00:00:00-05:00,87.24592548335428,87.49278724365192,86.09707913815863,86.30596160888672,1885900,0.0,0.0
2019-11-08 00:00:00-05:00,86.08759068288774,87.70167804578735,85.88820482656315,87.55925750732422,1981000,0.0,0.0
2019-11-11 00:00:00-05:00,86.3819262149202,87.35037281318155,86.3819262149202,87.23643493652344,1110000,0.0,0.0
2019-11-12 00:00:00-05:00,86.97058282738215,88.26184972365057,86.91361751377907,87.68267822265625,3600200,0.0,0.0
2019-11-13 00:00:00-05:00,86.85665862472001,87.20795440966855,85.99264600418388,86.19203186035156,2115900,0.0,0.0
2019-11-14 00:00:00-05:00,86.03063044734645,86.57182273043006,85.9166925610831,86.29647827148438,1166800,0.0,0.0
2019-11-15 00:00:00-05:00,87.06553812246102,87.50229639307904,86.74272498065882,87.15099334716797,1914000,0.0,0.0
2019-11-18 00:00:00-05:00,86.31546496204177,87.03704978861332,85.6413415744617,86.14456176757812,2306800,0.0,0.0
2019-11-19 00:00:00-05:00,86.14457200638644,86.26799928890996,85.32803522954408,85.65084838867188,2873800,0.0,0.0
2019-11-20 00:00:00-05:00,85.35651431599668,85.66983807059768,84.6444188248907,85.28055572509766,1855700,0.0,0.0
2019-11-21 00:00:00-05:00,85.43245985559999,85.6318456933928,84.84379173177679,85.60336303710938,1609900,0.0,0.0
2019-11-22 00:00:00-05:00,86.09708741644783,86.4673764705934,85.68881906908099,86.154052734375,1652300,0.0,0.0
2019-11-25 00:00:00-05:00,86.7522121598724,87.85358261964787,86.1255647263552,87.49279022216797,3961100,0.0,0.0
2019-11-26 00:00:00-05:00,87.31239296816716,88.0814537102647,87.06553119220884,88.0149917602539,2510300,0.0,0.0
2019-11-27 00:00:00-05:00,87.98650386835253,88.41376544484275,87.19844990523822,88.2998275756836,1477500,0.0,0.0
2019-11-29 00:00:00-05:00,88.27135906009306,88.27135906009306,87.62572551904738,87.82511138916016,1032400,0.0,0.0
2019-12-02 00:00:00-05:00,88.2808509939664,88.66062944416151,87.29341108707794,87.33139038085938,2387800,0.0,0.0
2019-12-03 00:00:00-05:00,86.36293569967398,87.15098973977372,85.78376415153413,86.78070068359375,2899100,0.0,0.0
2019-12-04 00:00:00-05:00,86.26797742606801,87.95801587510273,86.26797742606801,86.51483917236328,2832600,0.0,0.0
2019-12-05 00:00:00-05:00,87.27441832202584,87.33139088493164,86.33445433789116,87.21745300292969,2982800,0.0,0.0
2019-12-06 00:00:00-05:00,88.62264799489213,89.02142694799325,87.89156652785739,88.37579345703125,1562300,0.0,0.0
2019-12-09 00:00:00-05:00,88.21438861865973,88.34731252435384,87.83460292647241,88.07196807861328,3366900,0.0,0.0
2019-12-10 00:00:00-05:00,88.07196077816866,88.65113228088856,87.52127193233515,87.99600219726562,1574100,0.0,0.0
2019-12-11 00:00:00-05:00,88.38527157167374,88.77455384094554,87.5022802896649,88.67011260986328,2135000,0.0,0.0
2019-12-12 00:00:00-05:00,88.7745595831903,89.85694400822929,88.3662912654083,89.67654418945312,2735100,0.0,0.0
2019-12-13 00:00:00-05:00,89.42970000977677,90.16078151538348,88.49922539519476,88.86951446533203,1844900,0.0,0.0
2019-12-16 00:00:00-05:00,89.29676606126996,90.03734411829159,89.15434553250219,89.32524871826172,1891500,0.0,0.0
2019-12-17 00:00:00-05:00,89.88542432263196,90.16076873850075,89.39170804701783,89.46766662597656,1693600,0.0,0.0
2019-12-18 00:00:00-05:00,89.44867977065542,89.70503818206366,88.71759831625089,89.65756225585938,2008400,0.0,0.0
2019-12-19 00:00:00-05:00,89.7430053800065,89.96138448741016,89.12586183556215,89.47715759277344,3015800,0.0,0.0
2019-12-20 00:00:00-05:00,90.18926767785682,90.63551535504601,89.32526222858824,89.62908935546875,5245700,0.0,0.0
2019-12-23 00:00:00-05:00,89.93290663351125,90.46460223637193,89.40121103065057,90.32218170166016,2332400,0.0,0.0
2019-12-24 00:00:00-05:00,90.54056269176166,90.54056269176166,89.53413678160334,89.70503997802734,664200,0.0,0.0
2019-12-26 00:00:00-05:00,89.87594007791644,90.24622911677581,89.49615440519142,90.23673248291016,1264600,0.0,0.0
2019-12-27 00:00:00-05:00,90.52156450132823,90.56904042590155,90.03734484096388,90.18925476074219,1004300,0.0,0.0
2019-12-30 00:00:00-05:00,90.15128735661368,90.65450759449142,89.78099827630686,90.1323013305664,1451900,0.0,0.0
2019-12-31 00:00:00-05:00,89.98986478692436,90.47409166887752,89.63856903891472,89.93289947509766,1461800,0.0,0.0
2020-01-02 00:00:00-05:00,90.42662310474246,91.03427729303617,89.47716253005736,91.02478790283203,2380800,0.0,0.0
2020-01-03 00:00:00-05:00,89.46767881006289,90.42662883572768,88.97395522340261,90.35067749023438,1557900,0.0,0.0
2020-01-06 00:00:00-05:00,89.76201174534603,90.60703115399141,89.50565331038486,90.52157592773438,3665200,0.0,0.0
2020-01-07 00:00:00-05:00,89.40121062040733,90.1987540210386,89.2587900863491,90.04683685302734,2631000,0.0,0.0
2020-01-08 00:00:00-05:00,90.04683726623323,90.73045003780227,89.86644468315366,90.32218170166016,2480500,0.0,0.0
2020-01-09 00:00:00-05:00,90.77792973874695,90.80641239811183,90.02785498563036,90.37915802001953,2736900,0.0,0.0
2020-01-10 00:00:00-05:00,90.69247377533486,90.7779289965404,89.91391636921894,90.17977142333984,2213000,0.0,0.0
2020-01-13 00:00:00-05:00,89.84744730693494,90.22723296753107,89.48665491346357,90.06582641601562,1638300,0.0,0.0
2020-01-14 00:00:00-05:00,90.24623787639312,90.37916178817757,89.23980465941248,89.34424591064453,2349900,0.0,0.0
2020-01-15 00:00:00-05:00,88.82205572705863,89.52465465115783,88.62266259575271,89.15436553955078,2653200,0.0,0.0
2020-01-16 00:00:00-05:00,89.92342129317646,90.04684857539651,89.23031904437202,90.02786254882812,1677000,0.0,0.0
2020-01-17 00:00:00-05:00,89.99937151119079,91.10074204491245,89.83796494704521,90.84439086914062,2978600,0.0,0.0
2020-01-21 00:00:00-05:00,90.53107319653611,90.6639971104801,89.55312986802966,89.7430191040039,3505200,0.0,0.0
2020-01-22 00:00:00-05:00,93.35097389500332,94.77516491694324,91.70840372908948,92.24960327148438,5604100,0.0,0.0
2020-01-23 00:00:00-05:00,91.46153385417327,93.01864853128312,90.58803191214753,92.95218658447266,3081300,0.0,0.0
2020-01-24 00:00:00-05:00,93.29399447387361,93.34146315447889,91.55647995115974,91.94575500488281,2626000,0.0,0.0
2020-01-27 00:00:00-05:00,90.06583133947598,90.34117577736467,89.21131536737471,89.85694885253906,2194200,0.0,0.0
2020-01-28 00:00:00-05:00,90.04683502840908,92.1166593158613,89.89492510728525,91.4045639038086,3394200,0.0,0.0
2020-01-29 00:00:00-05:00,91.97425079345703,92.5534223381034,91.26215534451242,91.97425079345703,2108100,0.0,0.0
2020-01-30 00:00:00-05:00,90.78742318591829,92.48695849185061,90.66398867459104,92.31605529785156,2680500,0.0,0.0
2020-01-31 00:00:00-05:00,91.50899952364601,91.96474374664585,89.27776881834228,89.6955337524414,4701800,0.0,0.0
2020-02-03 00:00:00-05:00,90.25571787838466,91.91727384665424,90.15127663801726,90.66398620605469,2745100,0.0,0.0
2020-02-04 00:00:00-05:00,93.01864992758544,96.4082237534176,92.9142086890571,95.81006622314453,4735400,0.0,0.0
2020-02-05 00:00:00-05:00,97.14880724940772,97.99382659474516,96.54115305149787,97.16779327392578,3339400,0.0,0.0
2020-02-06 00:00:00-05:00,98.26917449254069,98.26917449254069,96.71205965013466,97.30072784423828,2507900,0.0,0.0
2020-02-07 00:00:00-05:00,96.750041515056,97.73748145859136,96.01895275929728,96.8070068359375,3064000,0.0,0.0
2020-02-10 00:00:00-05:00,96.69307732738238,97.727993290519,96.37026415600707,97.7090072631836,2039600,0.0,0.0
2020-02-11 00:00:00-05:00,98.19321957568403,99.11419757355237,97.80394447243212,98.29766082763672,2481300,0.0,0.0
2020-02-12 00:00:00-05:00,99.21863994655097,99.66488762015271,98.55402037553348,98.77239227294922,2006200,0.0,0.0
2020-02-13 00:00:00-05:00,98.183726019476,98.7249182821769,97.6235404878749,97.69000244140625,2059500,0.0,0.0
2020-02-14 00:00:00-05:00,97.75647244230366,98.36412670855835,97.3292180264031,98.31665802001953,1991900,0.0,0.0
2020-02-18 00:00:00-05:00,98.77238242900701,99.35155395909034,98.28815550763372,99.19014739990234,2298400,0.0,0.0
2020-02-19 00:00:00-05:00,99.21863072442314,99.67437499062484,98.89581760387935,99.0382308959961,1873100,0.0,0.0
2020-02-20 00:00:00-05:00,98.99076376633712,100.43394068496798,98.83884659394994,99.7883071899414,1755700,0.0,0.0
2020-02-21 00:00:00-05:00,98.96228020562471,99.82628557332235,98.56350125364716,99.62689971923828,2465700,0.0,0.0
2020-02-24 00:00:00-05:00,96.5316584492341,97.46213303401197,96.00945946018729,96.5126724243164,4177700,0.0,0.0
2020-02-25 00:00:00-05:00,96.79751731229234,97.28174430678787,93.1420949963875,93.24653625488281,4140900,0.0,0.0
2020-02-26 00:00:00-05:00,93.89216541172321,94.69920553534004,91.69891357421875,91.69891357421875,4108600,0.0,0.0
2020-02-27 00:00:00-05:00,89.57212295817715,91.74638892746222,87.94854595798135,88.52771759033203,5546400,0.0,0.0
2020-02-28 00:00:00-05:00,86.23000777863498,87.44531613655501,84.57794843232556,86.13506317138672,6789600,0.0,0.0
2020-03-02 00:00:00-05:00,86.87564525516329,90.91085282165994,86.410411587528,90.84439086914062,5188800,0.0,0.0
2020-03-03 00:00:00-05:00,91.40457879625926,94.24347151705636,87.81561849377763,88.15742492675781,5114600,0.0,0.0
2020-03-04 00:00:00-05:00,89.92340782469121,93.23702311605173,89.65756002969049,93.16107177734375,4269000,0.0,0.0
2020-03-05 00:00:00-05:00,90.12279056112507,91.52799531396636,88.6036551822486,88.92647552490234,3980400,0.0,0.0
2020-03-06 00:00:00-05:00,85.74578677580337,89.18283684808198,85.52741488845929,88.08145904541016,4760000,0.0,0.0
2020-03-09 00:00:00-04:00,80.7895994493624,82.0998597210618,74.05792723302969,78.92865753173828,5205800,0.0,0.0
2020-03-10 00:00:00-04:00,81.87199192873621,84.99571097410029,80.35284915135828,84.5589599609375,4974000,0.0,0.0
2020-03-11 00:00:00-04:00,82.04289571375598,83.07780431331608,78.9096727678442,80.10599517822266,4422800,0.0,0.0
2020-03-12 00:00:00-04:00,74.94373429426993,77.08908643129327,71.84063475412493,72.7121810913086,5814900,0.73,0.0
2020-03-13 00:00:00-04:00,77.40514189302846,83.36233168369074,74.8862689488588,81.94486236572266,5711900,0.0,0.0
2020-03-16 00:00:00-04:00,72.60682928317915,77.84570881886847,71.70655168074211,72.13753509521484,4825300,0.0,0.0
2020-03-17 00:00:00-04:00,73.6507836812957,74.68515272753875,67.31049264639869,70.62429809570312,5774000,0.0,0.0
2020-03-18 00:00:00-04:00,65.25132997260268,66.50598407847755,56.23893042871815,65.91217803955078,5784500,0.0,0.0
2020-03-19 00:00:00-04:00,64.66709201470721,69.60907140161108,59.47610360036279,69.38878631591797,4599000,0.0,0.0
2020-03-20 00:00:00-04:00,70.73922757168035,70.73922757168035,61.74597955877434,62.18654251098633,4540900,0.0,0.0
2020-03-23 00:00:00-04:00,61.13300930668248,61.592723899147636,54.03609860883739,55.32905960083008,6096900,0.0,0.0
2020-03-24 00:00:00-04:00,59.03554539178083,69.35048832481591,58.585402973322736,68.20118713378906,5155900,0.0,0.0
2020-03-25 00:00:00-04:00,69.04401170089166,75.9589496130284,66.47725549247598,71.44795989990234,5259100,0.0,0.0
2020-03-26 00:00:00-04:00,73.06654177078852,75.62372528629514,70.70090479083574,74.9437255859375,3073400,0.0,0.0
2020-03-27 00:00:00-04:00,69.94428714010215,73.27725110168564,68.8811870070904,71.39048767089844,2621400,0.0,0.0
2020-03-30 00:00:00-04:00,71.27555655151508,75.38429358973119,70.87330441527831,75.01077270507812,2873400,0.0,0.0
2020-03-31 00:00:00-04:00,74.38823537012583,75.70035187808281,72.66429451393245,74.40739440917969,5641200,0.0,0.0
2020-04-01 00:00:00-04:00,69.50372874279117,70.9116185943135,68.12457014423332,70.04964447021484,3769700,0.0,0.0
2020-04-02 00:00:00-04:00,69.37922528246088,71.91725009395986,68.55556191860475,70.48062896728516,3162500,0.0,0.0
2020-04-03 00:00:00-04:00,70.98824754641065,70.98824754641065,67.367955847493,68.23950958251953,2606700,0.0,0.0
2020-04-06 00:00:00-04:00,72.0321846814616,74.59894813417716,71.95556313193978,74.12965393066406,3109300,0.0,0.0
2020-04-07 00:00:00-04:00,77.74035643915545,78.77472540792616,72.73134151731331,72.94204711914062,3372100,0.0,0.0
2020-04-08 00:00:00-04:00,73.97640682255944,77.2902119359422,72.91330662841543,76.75387573242188,3272800,0.0,0.0
2020-04-09 00:00:00-04:00,77.28064418446661,81.25529026177719,77.09866983046706,77.99895477294922,4472100,0.0,0.0
2020-04-13 00:00:00-04:00,76.04513903869068,76.55274395163053,73.49752764774374,75.07781219482422,2238200,0.0,0.0
2020-04-14 00:00:00-04:00,77.10824907782506,77.80740062286644,75.35556949444768,76.466552734375,1943400,0.0,0.0
2020-04-15 00:00:00-04:00,74.47444116608867,74.71387802025572,72.20457715805318,72.53978729248047,2040500,0.0,0.0
2020-04-16 00:00:00-04:00,72.40570369962425,73.01866146563118,71.20851942116805,72.61640930175781,2961000,0.0,0.0
2020-04-17 00:00:00-04:00,75.25978803246367,77.46260253907126,74.81922513114216,75.91105651855469,2450900,0.0,0.0
2020-04-20 00:00:00-04:00,74.25414836935967,76.0930214655867,73.46879586115652,74.59893798828125,2181200,0.0,0.0
2020-04-21 00:00:00-04:00,73.46880075374938,74.57021170381685,72.59725443629202,73.66035461425781,2400300,0.0,0.0
2020-04-22 00:00:00-04:00,75.5854232045617,76.31331327597779,74.22542364754615,74.36908721923828,2639300,0.0,0.0
2020-04-23 00:00:00-04:00,75.45133966252462,76.89754029513752,74.73302910624463,74.84796142578125,2289100,0.0,0.0
2020-04-24 00:00:00-04:00,75.64288641028378,76.02597949195707,74.41696370501994,75.5279541015625,2083600,0.0,0.0
2020-04-27 00:00:00-04:00,75.93978845080275,79.71331535761661,75.93978845080275,79.0524673461914,1992300,0.0,0.0
2020-04-28 00:00:00-04:00,80.9583852038027,81.83951104343195,79.13866371271958,79.58880615234375,2249200,0.0,0.0
2020-04-29 00:00:00-04:00,81.39894965937575,83.10373886600662,80.738108920702,82.15557098388672,2563300,0.0,0.0
2020-04-30 00:00:00-04:00,81.70542903959439,81.87782386531858,79.17697646699477,79.97190856933594,3597600,0.0,0.0
2020-05-01 00:00:00-04:00,78.53529103950989,79.38768568696143,76.49529159791798,78.60233306884766,2505800,0.0,0.0
2020-05-04 00:00:00-04:00,77.06993979539762,77.7116288442398,74.80007566934849,75.9685287475586,2839900,0.0,0.0
2020-05-05 00:00:00-04:00,77.62542315796817,78.88006980809608,77.09865920950034,77.385986328125,2260100,0.0,0.0
2020-05-06 00:00:00-04:00,77.35725861786557,78.20008105359678,76.54317474365234,76.54317474365234,1825500,0.0,0.0
2020-05-07 00:00:00-04:00,77.82656001325377,78.12345938519093,76.49529163923256,76.86881256103516,2219300,0.0,0.0
2020-05-08 00:00:00-04:00,78.05641628833527,78.91839044495049,77.66373633091992,78.77472686767578,1555100,0.0,0.0
2020-05-11 00:00:00-04:00,77.9989491882459,78.33415931079686,76.80176495982627,77.65415954589844,1786800,0.0,0.0
2020-05-12 00:00:00-04:00,78.02767992630412,78.6214786231855,74.00513656110812,74.1871109008789,1996200,0.0,0.0
2020-05-13 00:00:00-04:00,73.89705529207772,74.06141959980955,70.63873685292731,71.4218978881836,2336600,0.73,0.0
2020-05-14 00:00:00-04:00,69.52685147961625,72.5047723322297,68.20225166543956,72.42742919921875,2734000,0.0,0.0
2020-05-15 00:00:00-04:00,71.76029695358837,72.72715623374654,70.69675322072455,71.26719665527344,2661200,0.0,0.0
2020-05-18 00:00:00-04:00,74.44817065592618,76.38188937426193,74.10010069650163,75.67607879638672,1916500,0.0,0.0
2020-05-19 00:00:00-04:00,75.19264480495416,75.85978008502025,73.73269256744729,73.8100357055664,2356200,0.0,0.0
2020-05-20 00:00:00-04:00,75.10563623147797,76.01448640067983,74.02275108044068,75.34735107421875,1905100,0.0,0.0
2020-05-21 00:00:00-04:00,75.06695925942022,76.06282320855156,74.90259494047747,75.69541931152344,2130100,0.0,0.0
2020-05-22 00:00:00-04:00,75.81144232413783,76.14984160860553,74.50617634946774,76.06282043457031,1784400,0.0,0.0
2020-05-26 00:00:00-04:00,77.57112898466383,79.71755054780893,77.51311240754268,79.20511627197266,2683100,0.0,0.0
2020-05-27 00:00:00-04:00,81.48690507369778,83.60432941682525,81.12917183415487,83.42062377929688,3190800,0.0,0.0
2020-05-28 00:00:00-04:00,84.07809319467049,84.21345292160223,81.83497966423501,82.3087387084961,3491100,0.0,0.0
2020-05-29 00:00:00-04:00,81.51589871007234,82.3377349506554,80.30732468162718,82.08634948730469,3361600,0.0,0.0
2020-06-01 00:00:00-04:00,81.86397999387954,82.53111531076357,81.3902209743431,81.85431671142578,1584000,0.0,0.0
2020-06-02 00:00:00-04:00,82.31840548131257,82.78250122070312,81.44823058029996,82.78250122070312,1741300,0.0,0.0
2020-06-03 00:00:00-04:00,84.0200616922673,86.58223991757656,83.77834690453153,86.3695297241211,1819500,0.0,0.0
2020-06-04 00:00:00-04:00,85.53804193194796,88.98972927657812,85.02560769229783,88.9413833618164,3069600,0.0,0.0
2020-06-05 00:00:00-04:00,93.38894039211986,95.19697001894306,92.00633861323031,92.26738739013672,3398100,0.0,0.0
2020-06-08 00:00:00-04:00,91.61958210820723,93.1182094790931,91.52289766114208,92.49942016601562,2574200,0.0,0.0
2020-06-09 00:00:00-04:00,90.75907831225621,93.29224476651208,90.15962293583776,92.25770568847656,2260600,0.0,0.0
2020-06-10 00:00:00-04:00,91.85162860360934,92.25770771758998,88.93171691894531,88.93171691894531,2023600,0.0,0.0
2020-06-11 00:00:00-04:00,85.23832890965208,85.48970704449566,82.15404503909633,82.3087387084961,2069800,0.0,0.0
2020-06-12 00:00:00-04:00,85.51870041513916,85.7217473554221,81.16783365260758,83.1595687866211,1788100,0.0,0.0
2020-06-15 00:00:00-04:00,80.56838414692015,84.94825542755962,80.22998488021912,83.81703186035156,2651500,0.0,0.0
2020-06-16 00:00:00-04:00,87.02700895899613,87.9551930156811,84.35847518568234,85.99246978759766,2000300,0.0,0.0
2020-06-17 00:00:00-04:00,86.65959455722209,86.65959455722209,84.75488797310338,85.8957748413086,2027500,0.0,0.0
2020-06-18 00:00:00-04:00,85.18029801220514,85.8861085067624,84.27145533792739,84.62918853759766,1932000,0.0,0.0
2020-06-19 00:00:00-04:00,86.51456323950616,86.51456323950616,83.92338032504932,86.37919616699219,6552500,0.0,0.0
2020-06-22 00:00:00-04:00,85.80876026722154,85.80876026722154,83.56564705445311,84.19410705566406,2600300,0.0,0.0
2020-06-23 00:00:00-04:00,85.08360623392973,85.28664577271107,84.20376085599396,84.23277282714844,1841400,0.0,0.0
2020-06-24 00:00:00-04:00,83.44963279897827,83.5849925254145,81.10016415218959,81.22586059570312,2500900,0.0,0.0
2020-06-25 00:00:00-04:00,80.80043972559719,82.8018383876102,79.70789125966076,82.6374740600586,2502000,0.0,0.0
2020-06-26 00:00:00-04:00,82.41508028919506,83.11122012846866,81.86397081252858,82.66646575927734,3696000,0.0,0.0
2020-06-29 00:00:00-04:00,83.478622536246,84.83222693613088,82.90817913020517,84.02973937988281,1690800,0.0,0.0
2020-06-30 00:00:00-04:00,83.60432634733306,85.01594006540752,83.26592706158767,84.58085632324219,1910100,0.0,0.0
2020-07-01 00:00:00-04:00,84.99660865720418,85.37368321206266,83.67200869747607,84.21344757080078,2183200,0.0,0.0
2020-07-02 00:00:00-04:00,85.77976192817098,86.99800676346992,85.17063582224584,85.31566619873047,1587700,0.0,0.0
2020-07-06 00:00:00-04:00,86.8432983056977,87.16236363138329,85.27698365132814,85.9344482421875,1516400,0.0,0.0
2020-07-07 00:00:00-04:00,85.44135656666609,85.64439612870565,84.23278247603709,84.50350189208984,1499500,0.0,0.0
2020-07-08 00:00:00-04:00,84.71621477719404,85.4510225362946,83.67200495967083,84.44548797607422,1561800,0.0,0.0
2020-07-09 00:00:00-04:00,84.21344011215983,84.61951923118761,82.23138305411423,82.80182647705078,2132400,0.0,0.0
2020-07-10 00:00:00-04:00,83.01453723769546,83.63332657832433,82.05734862899627,83.5753173828125,1380100,0.0,0.0
2020-07-13 00:00:00-04:00,84.12642971468111,86.2148419657884,83.75901845987951,84.53250885009766,1557000,0.0,0.0
2020-07-14 00:00:00-04:00,84.61951499258483,87.96485435762837,83.87503664499157,87.66512298583984,2221700,0.0,0.0
2020-07-15 00:00:00-04:00,89.24110572485249,90.73006237836718,88.23557128728075,90.30464935302734,2711500,0.0,0.0
2020-07-16 00:00:00-04:00,89.85990256188096,91.60024481512514,89.48282803818385,90.4593505859375,1397100,0.0,0.0
2020-07-17 00:00:00-04:00,91.02012518476535,92.09333949498846,90.52702492361006,91.43587493896484,1791700,0.0,0.0
2020-07-20 00:00:00-04:00,90.93311557587869,91.03947068369311,89.36680093251695,89.7052001953125,1419200,0.0,0.0
2020-07-21 00:00:00-04:00,90.30465693915062,91.46488510798007,89.91791175735719,90.4593505859375,1303400,0.0,0.0
2020-07-22 00:00:00-04:00,90.07261265237013,91.2908500149402,90.0339373965908,90.85576629638672,903700,0.0,0.0
2020-07-23 00:00:00-04:00,90.91377447880456,91.21349848706623,90.28531448835686,90.72040557861328,1200200,0.0,0.0
2020-07-24 00:00:00-04:00,90.8557603323021,91.36819452877629,89.96625163742048,90.5076904296875,1004100,0.0,0.0
2020-07-27 00:00:00-04:00,90.28531718174001,92.23837706406862,89.52149746306209,92.07401275634766,1265100,0.0,0.0
2020-07-28 00:00:00-04:00,91.61959661712781,92.02567578503857,90.20798281209164,90.24665069580078,1374000,0.0,0.0
2020-07-29 00:00:00-04:00,92.38340535586785,94.29778256212543,90.73006952789436,93.67899322509766,1964100,0.0,0.0
2020-07-30 00:00:00-04:00,92.14168676107876,92.14168676107876,90.2949821072393,91.32952117919922,1396200,0.0,0.0
2020-07-31 00:00:00-04:00,91.02013192688395,91.04913652500325,88.68033424228315,90.0436019897461,1664100,0.0,0.0
2020-08-03 00:00:00-04:00,90.7107393026203,92.325392564524,90.16930045468878,91.72594451904297,1278500,0.0,0.0
2020-08-04 00:00:00-04:00,91.06846740855958,91.65825209125519,90.16928808711793,91.51322174072266,945600,0.0,0.0
2020-08-05 00:00:00-04:00,92.26737871336194,93.59197854415932,92.14168966616026,93.147216796875,1355100,0.0,0.0
2020-08-06 00:00:00-04:00,92.98286371030595,93.5629778561707,92.37374496363068,93.31159973144531,960700,0.0,0.0
2020-08-07 00:00:00-04:00,93.50495930359459,94.60717828347579,92.77981484964376,94.5201644897461,1139900,0.0,0.0
2020-08-10 00:00:00-04:00,94.67486295280253,96.64725685305481,94.34613432436942,96.45388793945312,1574300,0.0,0.0
2020-08-11 00:00:00-04:00,96.95664423666082,100.29231306913626,96.95664423666082,98.7936782836914,2442800,0.0,0.0
2020-08-12 00:00:00-04:00,100.00224639618486,100.02158033431812,98.72599255943325,99.15141296386719,2671200,0.0,0.0
2020-08-13 00:00:00-04:00,98.4600240910547,99.24879254770005,97.97312851447128,98.77163696289062,1803200,0.73,0.0
2020-08-14 00:00:00-04:00,97.84653806584275,99.17088719536842,97.71994046144506,98.24578857421875,1192200,0.0,0.0
2020-08-17 00:00:00-04:00,98.61582929192689,99.52145538432129,97.68099065291283,98.25553131103516,1513100,0.0,0.0
2020-08-18 00:00:00-04:00,98.05103830920946,98.71321662241253,97.42781253554035,98.07051086425781,1205300,0.0,0.0
2020-08-19 00:00:00-04:00,97.71020475627279,98.84954609865076,96.92143626722722,97.84654235839844,1365700,0.0,0.0
2020-08-20 00:00:00-04:00,96.73640898783292,97.56413740642637,96.46374865535185,96.86300659179688,1209700,0.0,0.0
2020-08-21 00:00:00-04:00,96.97012768362778,98.53793208095429,96.71693989607321,97.95365142822266,1658100,0.0,0.0
2020-08-24 00:00:00-04:00,98.73269266726835,100.19337951895426,98.11920686415777,100.18363952636719,1595800,0.0,0.0
2020-08-25 00:00:00-04:00,100.8847542165509,101.09898944246667,99.15140728604895,100.12519836425781,1250100,0.0,0.0
2020-08-26 00:00:00-04:00,99.75516957924928,100.12520754831357,98.66452079701774,99.71621704101562,1127400,0.0,0.0
2020-08-27 00:00:00-04:00,100.18362538698806,100.55367075869562,98.81058380349452,99.4143295288086,948000,0.0,0.0
2020-08-28 00:00:00-04:00,99.80385560940364,100.85555186319561,98.84954441682125,100.79712677001953,1049600,0.0,0.0
2020-08-31 00:00:00-04:00,100.36865854640804,100.78738905899974,99.0929944536126,99.42407989501953,1690100,0.0,0.0
2020-09-01 00:00:00-04:00,99.08325352699983,100.80686066338201,98.66452301835687,100.71922302246094,1256900,0.0,0.0
2020-09-02 00:00:00-04:00,100.7873837261697,103.29002667707199,100.38812578972379,102.80313110351562,1393800,0.0,0.0
2020-09-03 00:00:00-04:00,102.73497754314081,103.06606300416398,98.83981251780845,99.4727783203125,3002800,0.0,0.0
2020-09-04 00:00:00-04:00,101.1476939111171,101.80987221966296,99.14167900113088,99.8915023803711,1545500,0.0,0.0
2020-09-08 00:00:00-04:00,98.92744374773186,99.5019844150079,97.25252913621144,97.84654235839844,1450900,0.0,0.0
2020-09-09 00:00:00-04:00,99.09298845266746,100.98213821160273,98.54766036243741,99.87201690673828,1346300,0.0,0.0
2020-09-10 00:00:00-04:00,100.30049533655148,101.25481399802645,98.00234747040753,98.35291290283203,1299300,0.0,0.0
2020-09-11 00:00:00-04:00,98.99561526506105,100.69974983591615,98.43081459565559,99.83306884765625,1049900,0.0,0.0
2020-09-14 00:00:00-04:00,100.60235921521155,101.19637239858503,99.94018094994784,100.47576904296875,1686200,0.0,0.0
2020-09-15 00:00:00-04:00,101.16717075341154,101.81960909743292,100.09600188139603,100.18363952636719,1490000,0.0,0.0
2020-09-16 00:00:00-04:00,100.96266194218865,102.6278438382042,100.30048369440733,101.654052734375,1896900,0.0,0.0
2020-09-17 00:00:00-04:00,100.60236305887348,102.70575554516967,99.41433664673623,102.2578125,1384800,0.0,0.0
2020-09-18 00:00:00-04:00,102.02410697063179,103.11475585567447,100.3784047943885,100.69001770019531,2613100,0.0,0.0
2020-09-21 00:00:00-04:00,98.4210734801979,98.85927653592698,93.71766033525785,94.8277816772461,2353600,0.0,0.0
2020-09-22 00:00:00-04:00,95.0128045344396,96.95064689013981,94.4772164170525,96.70719909667969,1730400,0.0,0.0
2020-09-23 00:00:00-04:00,96.59035906359047,98.40161143167548,96.09372343248643,96.19110107421875,1981000,0.0,0.0
2020-09-24 00:00:00-04:00,95.89896558096913,98.12894100584344,95.48023504623916,97.03829956054688,1859500,0.0,0.0
2020-09-25 00:00:00-04:00,95.92816996386463,98.10946009821281,95.8210523411146,97.34016418457031,1605300,0.0,0.0
2020-09-28 00:00:00-04:00,98.8690150480199,100.80685737151136,98.54766218292883,99.65778350830078,1599700,0.0,0.0
2020-09-29 00:00:00-04:00,99.8038469364685,99.8038469364685,98.22631012230526,98.52818298339844,1064300,0.0,0.0
2020-09-30 00:00:00-04:00,99.0442983796409,100.93345561485324,98.30421501490251,99.35591125488281,1664800,0.0,0.0
2020-10-01 00:00:00-04:00,100.01809140859622,100.50498699958116,97.04803276125028,97.95365142822266,1355800,0.0,0.0
2020-10-02 00:00:00-04:00,96.53191437036175,101.47877521312994,96.39558420322881,99.95966339111328,1923900,0.0,0.0
2020-10-05 00:00:00-04:00,101.15742221553914,102.70575401083822,100.88476188163413,102.33570861816406,1467400,0.0,0.0
2020-10-06 00:00:00-04:00,102.54994471429363,103.9911589004972,101.59563353767948,101.70275115966797,1330600,0.0,0.0
2020-10-07 00:00:00-04:00,103.01736356064352,104.32224009638186,102.69601070771573,104.14695739746094,1481600,0.0,0.0
2020-10-08 00:00:00-04:00,104.47806322413818,105.09154903187397,103.44584688525136,104.6630859375,1009200,0.0,0.0
2020-10-09 00:00:00-04:00,105.6173875439145,106.337990916763,104.4877936699442,104.71176147460938,1512400,0.0,0.0
2020-10-12 00:00:00-04:00,105.76345746028483,106.75672116493769,105.169444264068,105.37393951416016,1196300,0.0,0.0
2020-10-13 00:00:00-04:00,104.86757518478257,105.68555621479152,104.06906670953887,104.7799301147461,1547900,0.0,0.0
2020-10-14 00:00:00-04:00,105.06232136763845,106.59117310012387,104.83835357473278,105.35446166992188,826500,0.0,0.0
2020-10-15 00:00:00-04:00,104.16643904376768,105.8510935491637,103.84508618570828,105.78292846679688,955600,0.0,0.0
2020-10-16 00:00:00-04:00,106.49380096914913,108.27584056024135,105.95821286381424,106.39642333984375,1520200,0.0,0.0
2020-10-19 00:00:00-04:00,106.59118404275743,106.98070200931103,104.51701145780764,105.06233215332031,1207700,0.0,0.0
2020-10-20 00:00:00-04:00,105.75372262203852,107.74999754981019,105.28630700746072,105.89005279541016,1069800,0.0,0.0
2020-10-21 00:00:00-04:00,105.47132070109018,107.17545527211217,105.40315561542678,105.44210815429688,985600,0.0,0.0
2020-10-22 00:00:00-04:00,105.89004654083209,107.55522849960349,105.89004654083209,107.00016784667969,1199700,0.0,0.0
2020-10-23 00:00:00-04:00,107.89606545096613,108.72378646604724,106.82488921204543,106.9320068359375,1088600,0.0,0.0
2020-10-26 00:00:00-04:00,105.4128932224242,105.86083626513948,102.9978878731799,104.60464477539062,1330100,0.0,0.0
2020-10-27 00:00:00-04:00,104.61438873410688,104.88704908093021,102.42335853785731,102.65706634521484,943200,0.0,0.0
2020-10-28 00:00:00-04:00,100.43681899726847,102.16043349978507,99.17088752569624,99.62857055664062,1446600,0.0,0.0
2020-10-29 00:00:00-04:00,99.12220490148127,102.3941438539601,98.85927712293297,101.48851776123047,1148400,0.0,0.0
2020-10-30 00:00:00-04:00,101.13794352172101,101.93645192086976,99.59935181158869,101.06977844238281,1494400,0.0,0.0
2020-11-02 00:00:00-05:00,102.98815661962566,104.8870464367294,102.4915210407535,104.52674102783203,2226900,0.0,0.0
2020-11-03 00:00:00-05:00,106.39641683950309,109.05486236136156,104.11774181990225,108.33425903320312,2345000,0.0,0.0
2020-11-04 00:00:00-05:00,107.3117785638661,107.3117785638661,101.60536200037456,103.12448120117188,2874900,0.0,0.0
2020-11-05 00:00:00-05:00,105.68371645193217,108.34100702599198,105.28169469503291,107.67423248291016,1975800,0.73,0.0
2020-11-06 00:00:00-05:00,107.70365084055977,109.01759224832783,107.1251297035242,107.82131958007812,1212500,0.0,0.0
2020-11-09 00:00:00-05:00,113.86151763682699,117.15616765152099,111.21402701019466,111.29247283935547,2959800,0.0,0.0
2020-11-10 00:00:00-05:00,111.44935727236772,113.56734215535771,111.02772031922078,112.62601470947266,1992500,0.0,0.0
2020-11-11 00:00:00-05:00,114.71457682888706,114.72438442651091,110.9982903159829,111.85137176513672,2120700,0.0,0.0
2020-11-12 00:00:00-05:00,111.40032729976575,111.93963299162847,110.18444694475455,111.115966796875,1159200,0.0,0.0
2020-11-13 00:00:00-05:00,111.78274670209497,112.998627115401,111.28266389848288,112.22399139404297,1679500,0.0,0.0
2020-11-16 00:00:00-05:00,114.52828600852592,115.61669751580686,112.43970893622733,115.21466827392578,1913600,0.0,0.0
2020-11-17 00:00:00-05:00,113.93014584520688,114.63614328353898,112.22398287556918,113.8124771118164,1307500,0.0,0.0
2020-11-18 00:00:00-05:00,113.8811193522,115.7539741494354,113.41045936405045,114.47925567626953,1282100,0.0,0.0
2020-11-19 00:00:00-05:00,115.29311086600447,116.61685232987534,112.67504325152568,115.8226089477539,2244500,0.0,0.0
2020-11-20 00:00:00-05:00,115.9304739005052,116.42074908704357,114.73420124839068,115.11661529541016,2182300,0.0,0.0
2020-11-23 00:00:00-05:00,115.99910465119584,117.99942070006631,115.76376719050094,117.92098236083984,2330100,0.0,0.0
2020-11-24 00:00:00-05:00,119.21531171289898,121.26465832540089,118.34262251185204,120.85282897949219,2709100,0.0,0.0
2020-11-25 00:00:00-05:00,120.25469069670466,120.25469069670466,118.36222827907153,119.81344604492188,1774200,0.0,0.0
2020-11-27 00:00:00-05:00,120.3135266840332,120.46061073485099,118.90153924679699,119.52909088134766,1039900,0.0,0.0
2020-11-30 00:00:00-05:00,119.4310453865368,119.77423654089344,117.67585921882016,118.75446319580078,3567100,0.0,0.0
2020-12-01 00:00:00-05:00,120.19587182140161,121.02933817902702,118.26418630439544,118.35243225097656,2483200,0.0,0.0
2020-12-02 00:00:00-05:00,117.2836301829017,118.63678699836355,115.69513589265948,116.60704803466797,2101200,0.0,0.0
2020-12-03 00:00:00-05:00,116.47957950325981,117.11693874079944,114.13606471435716,114.45964813232422,3257200,0.0,0.0
2020-12-04 00:00:00-05:00,114.66556304751218,117.33266125984649,114.66556304751218,116.50899505615234,1490800,0.0,0.0
2020-12-07 00:00:00-05:00,116.14618869853734,116.28346515228763,114.69497833574694,115.11661529541016,1310400,0.0,0.0
2020-12-08 00:00:00-05:00,114.55770699708829,116.23444731219661,114.00859367656314,115.56767272949219,1618000,0.0,0.0
2020-12-09 00:00:00-05:00,116.11677455140337,116.67568797043455,114.52828771889668,115.59708404541016,1511200,0.0,0.0
2020-12-10 00:00:00-05:00,114.85186306116641,114.85186306116641,112.53776357102528,112.9103775024414,1401500,0.0,0.0
2020-12-11 00:00:00-05:00,112.086712634923,113.71442987244984,111.88079795083934,113.35162353515625,1279200,0.0,0.0
2020-12-14 00:00:00-05:00,113.71443164226721,114.20470684467003,111.61605437446369,111.6258544921875,1771700,0.0,0.0
2020-12-15 00:00:00-05:00,112.8221280454177,114.85186709964029,111.57683231343819,114.27334594726562,1983500,0.0,0.0
2020-12-16 00:00:00-05:00,114.33217139591333,114.42042481914338,112.83193053005319,113.1260986328125,1610600,0.0,0.0
2020-12-17 00:00:00-05:00,113.55753609964569,113.88111951759699,111.91021117671845,113.04765319824219,1794700,0.0,0.0
2020-12-18 00:00:00-05:00,112.79270763437862,114.21451015658576,112.07691005509986,113.8222885131836,4499000,0.0,0.0
2020-12-21 00:00:00-05:00,112.93979450907909,115.26370163250094,111.7337142346435,114.70478820800781,2548500,0.0,0.0
2020-12-22 00:00:00-05:00,114.90090106241523,115.34214576879607,113.4791059142937,114.34198760986328,1552700,0.0,0.0
2020-12-23 00:00:00-05:00,115.22447837311215,116.35211281731938,114.7047878636007,114.74400329589844,1109400,0.0,0.0
2020-12-24 00:00:00-05:00,114.92050851239756,115.78339768696696,113.75365857652345,115.77359008789062,362200,0.0,0.0
2020-12-28 00:00:00-05:00,116.75413089212485,117.62682011274505,115.37155877670624,115.43038940429688,1075500,0.0,0.0
2020-12-29 00:00:00-05:00,115.94027535062521,116.22463585980682,113.78306749746193,114.88128662109375,874300,0.0,0.0
2020-12-30 00:00:00-05:00,115.57747273100199,117.27382065129754,115.26369691747298,116.97966003417969,1288400,0.0,0.0
2020-12-31 00:00:00-05:00,116.9502403161835,118.0582670313923,116.4207496952409,117.8033218383789,1056900,0.0,0.0
2021-01-04 00:00:00-05:00,117.96021714870376,119.21532047476913,115.57747935653076,116.44036102294922,1947800,0.0,0.0
2021-01-05 00:00:00-05:00,116.01871742467385,118.19554040448708,115.88144097378523,117.67584991455078,1217200,0.0,0.0
2021-01-06 00:00:00-05:00,119.93112234840117,125.86345552387172,119.78404576668378,123.9906005859375,3083000,0.0,0.0
2021-01-07 00:00:00-05:00,125.30453549991299,127.4715509686595,123.97098636822193,126.5792465209961,2585300,0.0,0.0
2021-01-08 00:00:00-05:00,126.76555388990852,127.37349034706679,122.70607585240786,124.4122314453125,2695400,0.0,0.0
2021-01-11 00:00:00-05:00,122.76489857152158,125.28491262547054,122.6962603475232,124.49066925048828,1490100,0.0,0.0
2021-01-12 00:00:00-05:00,124.52009238818522,126.10858671897425,123.70624124706423,125.84383392333984,1479700,0.0,0.0
2021-01-13 00:00:00-05:00,125.4222088958701,125.84383839834432,122.86297167909537,122.97083282470703,2344100,0.0,0.0
2021-01-14 00:00:00-05:00,123.7748843035176,124.13768317545657,121.77456052483176,122.19619750976562,4047400,0.0,0.0
2021-01-15 00:00:00-05:00,120.49002304868938,120.99991341469435,118.64659110322273,120.77438354492188,2590400,0.0,0.0
2021-01-19 00:00:00-05:00,122.07851643961264,124.4906693606988,121.59804887119847,123.05906677246094,2144500,0.0,0.0
2021-01-20 00:00:00-05:00,123.1081024199191,124.02981468418425,121.95105267962377,123.52973937988281,1698500,0.0,0.0
2021-01-21 00:00:00-05:00,123.48070946955559,124.40242921931079,122.47074377661399,122.6962661743164,1348400,0.0,0.0
2021-01-22 00:00:00-05:00,122.00988006591797,122.78451573833665,120.53905454433944,122.00988006591797,1405700,0.0,0.0
2021-01-25 00:00:00-05:00,121.54901487092648,121.81376764255408,118.93094735286104,119.45063781738281,1598900,0.0,0.0
2021-01-26 00:00:00-05:00,120.14683336567558,120.22527918923255,118.15631734920177,118.39164733886719,1140700,0.0,0.0
2021-01-27 00:00:00-05:00,116.37171677749684,116.59724665146149,111.79254840143953,112.62601470947266,2062200,0.0,0.0
2021-01-28 00:00:00-05:00,113.6653965303487,117.38168331190947,113.27317488809585,115.98930358886719,1537100,0.0,0.0
2021-01-29 00:00:00-05:00,115.53825056543641,119.3820061762446,114.46944678429006,115.41077423095703,2444700,0.0,0.0
2021-02-01 00:00:00-05:00,116.68549519283492,119.79383810126991,116.02852823382923,119.17609405517578,3054600,0.0,0.0
2021-02-02 00:00:00-05:00,119.3820069880793,121.0293319012002,116.35210994986001,118.09748840332031,4883000,0.0,0.0
2021-02-03 00:00:00-05:00,118.53873788873838,119.18590474706735,116.68549822135034,117.21499633789062,2133200,0.0,0.0
2021-02-04 00:00:00-05:00,117.4110981008383,118.53873251189533,116.69530052685809,118.19554138183594,2184100,0.0,0.0
2021-02-05 00:00:00-05:00,119.6663671386829,120.3037263705168,117.72487412926672,119.56831359863281,1983000,0.0,0.0
2021-02-08 00:00:00-05:00,120.31352801345172,120.63711143262519,117.09732398059028,117.88176727294922,2548000,0.0,0.0
2021-02-09 00:00:00-05:00,118.10728026830041,118.26417190668566,116.29326371525029,117.49934387207031,1857600,0.0,0.0
2021-02-10 00:00:00-05:00,119.2251235557693,120.40178856395504,118.5191335280652,119.3918228149414,2988400,0.0,0.0
2021-02-11 00:00:00-05:00,119.9605306470832,121.5686401628459,119.09764900045934,121.12738800048828,2285800,0.0,0.0
2021-02-12 00:00:00-05:00,120.20566972655051,121.7843564661605,119.94092441067447,121.56864166259766,1586800,0.0,0.0
2021-02-16 00:00:00-05:00,123.54935229492187,123.91215864164847,122.51977136672846,122.56880187988281,2167800,0.0,0.0
2021-02-17 00:00:00-05:00,120.9018652224872,122.90218142062449,120.9018652224872,122.59821319580078,1302600,0.0,0.0
2021-02-18 00:00:00-05:00,121.82356914688349,123.28459450382806,121.69610029898448,122.75509643554688,1513400,0.0,0.0
2021-02-19 00:00:00-05:00,123.91215137358122,126.16741270728514,123.5787603618999,125.31433868408203,2662100,0.0,0.0
2021-02-22 00:00:00-05:00,124.74562052651645,129.15809723601967,124.23573013961067,128.30502319335938,2533100,0.0,0.0
2021-02-23 00:00:00-05:00,128.22657339536383,128.94237096114628,124.92211602433827,128.3148193359375,2963800,0.0,0.0
2021-02-24 00:00:00-05:00,128.75607694350518,131.31531421147534,128.48152401500369,130.09942626953125,3035200,0.0,0.0
2021-02-25 00:00:00-05:00,130.2170932577031,130.9721212385142,127.16758098207592,127.6284408569336,2635700,0.0,0.0
2021-02-26 00:00:00-05:00,127.9422051904262,129.47186133905865,126.07916551442739,127.65785217285156,2539100,0.0,0.0
2021-03-01 00:00:00-05:00,129.44245121950703,133.19796099767953,128.7462688233669,131.62908935546875,2858000,0.0,0.0
2021-03-02 00:00:00-05:00,131.6486871301153,132.29585396441263,130.74658258625138,131.3643341064453,1936500,0.0,0.0
2021-03-03 00:00:00-05:00,134.37462293988796,135.49244981992774,132.3939218646323,132.8939971923828,3315800,0.0,0.0
2021-03-04 00:00:00-05:00,131.84480653425695,133.89415317316409,128.90315548671182,131.83499145507812,2390900,0.0,0.0
2021-03-05 00:00:00-05:00,133.68823829874145,135.23750973028092,129.6385753101975,134.7178192138672,2382000,0.0,0.0
2021-03-08 00:00:00-05:00,135.99252306835484,138.30662236747452,134.92372683563693,136.72793579101562,2174500,0.0,0.0
2021-03-09 00:00:00-05:00,137.17899378897332,137.17899378897332,133.5509603327482,133.59999084472656,2805000,0.0,0.0
2021-03-10 00:00:00-05:00,134.11969557336968,137.62026802396244,133.57058968982884,136.54165649414062,2313700,0.0,0.0
2021-03-11 00:00:00-05:00,136.865225003312,138.62040361519877,136.25728855036988,136.50242614746094,1844900,0.0,0.0
2021-03-12 00:00:00-05:00,137.59084452906285,138.25761164459,136.74757055459406,138.03208923339844,1759500,0.0,0.0
2021-03-15 00:00:00-04:00,135.94202994230926,137.61801106539806,134.6308170222943,137.57858276367188,3192000,0.76,0.0
2021-03-16 00:00:00-04:00,137.57857891300736,137.57857891300736,133.90127686840557,134.89700317382812,2427100,0.0,0.0
2021-03-17 00:00:00-04:00,135.36035279095327,136.57297225133516,134.13786497386172,136.0504608154297,2593900,0.0,0.0
2021-03-18 00:00:00-04:00,136.24764993324445,137.78560945533906,134.7491187133859,135.02517700195312,2707400,0.0,0.0
2021-03-19 00:00:00-04:00,134.7096815892618,134.7491098889158,131.29855450492525,131.37742614746094,12545600,0.0,0.0
2021-03-22 00:00:00-04:00,131.58447110989266,133.42804881441606,130.37185152650008,132.954833984375,2805100,0.0,0.0
2021-03-23 00:00:00-04:00,132.02811321254737,133.96043095339255,130.460578718993,131.05209350585938,1851300,0.0,0.0
2021-03-24 00:00:00-04:00,132.1168421128712,134.26605318594338,131.95911385760826,132.55062866210938,2195600,0.0,0.0
2021-03-25 00:00:00-04:00,131.84078966955127,134.53223374151074,129.99721200706102,133.90127563476562,1511700,0.0,0.0
2021-03-26 00:00:00-04:00,135.03501032418487,136.89830947596514,134.38433060941043,136.730712890625,1988100,0.0,0.0
2021-03-29 00:00:00-04:00,136.05047922288216,137.6278821007288,135.81386427823657,136.59271240234375,2399500,0.0,0.0
2021-03-30 00:00:00-04:00,136.6222671901127,138.1996547915103,136.50396725689515,137.68701171875,2058500,0.0,0.0
2021-03-31 00:00:00-04:00,138.08136018044817,139.29397967234615,136.29693258391507,136.32650756835938,2338000,0.0,0.0
2021-04-01 00:00:00-04:00,137.06591625840878,137.80532097750825,136.01104001497183,137.51942443847656,2379400,0.0,0.0
2021-04-05 00:00:00-04:00,139.39257896643517,141.21644998267317,138.44613429390736,140.348876953125,2039000,0.0,0.0
2021-04-06 00:00:00-04:00,140.16155817573917,141.26573108701456,138.879920307593,139.1263885498047,1393100,0.0,0.0
2021-04-07 00:00:00-04:00,138.7221904670957,139.4911701704778,137.6968741671012,138.3968505859375,1882500,0.0,0.0
2021-04-08 00:00:00-04:00,138.00250140768972,138.57430956563812,136.81945678993344,137.9236297607422,1743300,0.0,0.0
2021-04-09 00:00:00-04:00,138.71231906403813,139.05738060887296,137.07576638016926,138.46585083007812,2430800,0.0,0.0
2021-04-12 00:00:00-04:00,138.21939311737773,139.5996243585532,138.21939311737773,139.2939910888672,1437800,0.0,0.0
2021-04-13 00:00:00-04:00,138.51515078750302,138.78134069862898,136.39552994220946,137.82504272460938,1535900,0.0,0.0
2021-04-14 00:00:00-04:00,137.87434497086522,139.2447078381777,137.73632335269087,138.2588348388672,1552200,0.0,0.0
2021-04-15 00:00:00-04:00,138.87993163569587,139.22499322022912,137.93350193261261,138.81092834472656,1619900,0.0,0.0
2021-04-16 00:00:00-04:00,140.4474662764664,141.068556002036,138.42642373182653,139.1559600830078,1370000,0.0,0.0
2021-04-19 00:00:00-04:00,139.402435172205,139.402435172205,138.03207231386764,138.79119873046875,1259300,0.0,0.0
2021-04-20 00:00:00-04:00,138.041942020915,138.29826358600056,135.61668781576637,136.5039825439453,1503700,0.0,0.0
2021-04-21 00:00:00-04:00,136.5729822581531,139.58975115992453,136.24764237065628,139.51087951660156,1432800,0.0,0.0
2021-04-22 00:00:00-04:00,140.13198673369124,140.55591994349382,138.90949880584603,139.40243530273438,2295000,0.0,0.0
2021-04-23 00:00:00-04:00,139.8855117603767,141.65021771537997,139.33342531731927,140.95025634765625,1652400,0.0,0.0
2021-04-26 00:00:00-04:00,141.30517619196218,142.50794243241103,141.04885463242783,141.3446044921875,1288400,0.0,0.0
2021-04-27 00:00:00-04:00,141.34459710367344,142.96142810649698,140.5066141394452,142.54736328125,1874900,0.0,0.0
2021-04-28 00:00:00-04:00,142.09387704118961,143.8290080657868,141.7685371534724,142.48822021484375,1570100,0.0,0.0
2021-04-29 00:00:00-04:00,143.8487245341594,143.8881528328075,141.5713604457434,142.97129821777344,1602700,0.0,0.0
2021-04-30 00:00:00-04:00,141.87697869220386,142.3797684770571,140.64463751471592,140.9108123779297,1489800,0.0,0.0
2021-05-03 00:00:00-04:00,142.88255742695378,143.316343925811,141.058701520866,142.32061767578125,1548600,0.0,0.0
2021-05-04 00:00:00-04:00,141.16714822755117,143.04030079018352,139.23483065239986,142.62623596191406,3727600,0.0,0.0
2021-05-05 00:00:00-04:00,143.2571928360501,144.430384027903,141.19672202582177,143.42478942871094,2731300,0.0,0.0
2021-05-06 00:00:00-04:00,143.6909915524411,144.4303963117161,142.54737524772096,144.37124633789062,1901000,0.0,0.0
2021-05-07 00:00:00-04:00,143.59238157248998,146.24438207495385,142.41920546021234,145.43597412109375,1593300,0.0,0.0
2021-05-10 00:00:00-04:00,145.9486234942451,147.2697046673827,145.3078121002038,145.33738708496094,1452600,0.0,0.0
2021-05-11 00:00:00-04:00,144.45010925341893,144.84445241723992,142.34034173619898,143.70083618164062,1636300,0.0,0.0
2021-05-12 00:00:00-04:00,142.97130812334066,144.02618442156958,141.2756053426701,141.66009521484375,3123300,0.0,0.0
2021-05-13 00:00:00-04:00,141.34293312539486,145.48578722194486,141.34293312539486,144.5045928955078,2040100,0.76,0.0
2021-05-14 00:00:00-04:00,145.40651395085388,147.30945327170645,145.01005880699873,146.8436279296875,1512700,0.0,0.0
2021-05-17 00:00:00-04:00,146.35795972971042,147.32924825821948,145.49569446320248,146.12008666992188,1466800,0.0,0.0
2021-05-18 00:00:00-04:00,145.99125086752738,146.11017983489506,142.9881734557693,143.04763793945312,1267400,0.0,0.0
2021-05-19 00:00:00-04:00,140.9167438093506,141.8880475384601,139.27150416518631,141.49159240722656,1950500,0.0,0.0
2021-05-20 00:00:00-04:00,142.11599350891638,142.5322600359103,140.61941515306566,142.35386657714844,2279000,0.0,0.0
2021-05-21 00:00:00-04:00,143.34498993490143,144.26671977137215,141.50151513874286,142.1556396484375,1790900,0.0,0.0
2021-05-24 00:00:00-04:00,143.3350580754564,143.3350580754564,141.37265445093686,142.36376953125,1341000,0.0,0.0
2021-05-25 00:00:00-04:00,142.36378034805062,143.38462774847986,141.02576883867937,141.54115295410156,1685300,0.0,0.0
2021-05-26 00:00:00-04:00,141.927671764428,142.41332358201632,140.85726569843965,141.70962524414062,1170400,0.0,0.0
2021-05-27 00:00:00-04:00,143.15666715374903,144.1180500085247,142.78995940697223,143.30532836914062,3082300,0.0,0.0
2021-05-28 00:00:00-04:00,143.97929919335394,144.23698368283846,142.99808977013404,143.95947265625,1539500,0.0,0.0
2021-06-01 00:00:00-04:00,145.67410627526823,145.94171161085526,144.30637759794936,144.990234375,1321000,0.0,0.0
2021-06-02 00:00:00-04:00,144.90103269557832,145.58490457252256,144.11805837702383,144.67308044433594,1545900,0.0,0.0
2021-06-03 00:00:00-04:00,144.44512854168605,145.7533926859051,143.27560479141275,145.11907958984375,1277300,0.0,0.0
2021-06-04 00:00:00-04:00,145.60473080999623,147.5274966272334,145.60473080999623,147.1905059814453,1617000,0.0,0.0
2021-06-07 00:00:00-04:00,147.52748775588506,147.7257077499944,144.56404818117633,145.54525756835938,1820500,0.0,0.0
2021-06-08 00:00:00-04:00,145.50560768605973,146.64539914280851,144.03876154962822,145.81285095214844,1327500,0.0,0.0
2021-06-09 00:00:00-04:00,145.5750019786021,146.00117424539621,144.53432801852745,145.1091766357422,978300,0.0,0.0
2021-06-10 00:00:00-04:00,145.82276143275948,146.4174213859219,144.67306435081053,145.51551818847656,1648100,0.0,0.0
2021-06-11 00:00:00-04:00,145.70382292044292,146.80396126759948,144.3261735598789,145.32720947265625,997900,0.0,0.0
2021-06-14 00:00:00-04:00,145.14880333567987,145.38667640398089,143.59276049312408,144.7028045654297,1318400,0.0,0.0
2021-06-15 00:00:00-04:00,144.99022465807766,146.55618836686477,144.07840055990098,146.536376953125,1475900,0.0,0.0
2021-06-16 00:00:00-04:00,146.42735707642413,147.34908690282097,144.405473710107,145.06951904296875,1590400,0.0,0.0
2021-06-17 00:00:00-04:00,144.92086498873056,145.11908500304048,139.65804572423107,141.35284423828125,2517800,0.0,0.0
2021-06-18 00:00:00-04:00,139.32104796206886,140.17339237530751,137.88391906034346,138.02267456054688,3066900,0.0,0.0
2021-06-21 00:00:00-04:00,139.22193095499256,142.3241258713224,139.16246647227442,141.7690887451172,1488900,0.0,0.0
2021-06-22 00:00:00-04:00,141.66999738900424,142.64128597015986,140.52030022253302,141.56097412109375,1487800,0.0,0.0
2021-06-23 00:00:00-04:00,141.91777621200282,144.296446446685,141.69972967611503,143.12693786621094,1962400,0.0,0.0
2021-06-24 00:00:00-04:00,143.98920349971863,144.7820986207803,143.0079940860429,144.3559112548828,1291600,0.0,0.0
2021-06-25 00:00:00-04:00,144.86138319300963,146.1894737657846,144.78209217211347,145.3866729736328,1469600,0.0,0.0
2021-06-28 00:00:00-04:00,145.64436303464373,145.64436303464373,143.49364505120818,145.1983642578125,1170600,0.0,0.0
2021-06-29 00:00:00-04:00,146.04082092317333,146.66521317328852,145.12898169221813,145.18846130371094,1433500,0.0,0.0
2021-06-30 00:00:00-04:00,144.80192766000863,147.17069223406438,144.49466926383488,146.86343383789062,1597400,0.0,0.0
2021-07-01 00:00:00-04:00,148.54833766657492,149.3709650234381,148.02304786763597,148.83575439453125,2246300,0.0,0.0
2021-07-02 00:00:00-04:00,148.6771754015272,150.10438361030978,148.0626888595523,150.05482482910156,1187300,0.0,0.0
2021-07-06 00:00:00-04:00,149.90616558039105,149.90616558039105,146.06063398094895,148.36993408203125,1633100,0.0,0.0
2021-07-07 00:00:00-04:00,148.16180907081235,150.91710797522046,148.1419825333313,150.82789611816406,1409400,0.0,0.0
2021-07-08 00:00:00-04:00,148.66726538434878,150.45127559360424,148.19153436961943,149.23220825195312,1856100,0.0,0.0
2021-07-09 00:00:00-04:00,150.97656559127867,152.9290635558113,150.88736886149994,152.1956329345703,1479500,0.0,0.0
2021-07-12 00:00:00-04:00,151.60097669869577,153.87062368858255,150.97656932835625,153.69223022460938,1764600,0.0,0.0
2021-07-13 00:00:00-04:00,153.22640864894714,153.93009193832697,152.40378125746176,152.67137145996094,1644200,0.0,0.0
2021-07-14 00:00:00-04:00,153.35523322071535,154.28688382247543,146.99227617514785,152.03704833984375,3902500,0.0,0.0
2021-07-15 00:00:00-04:00,150.8675499562705,153.1669292495467,150.82789688110773,152.5028839111328,1278200,0.0,0.0
2021-07-16 00:00:00-04:00,153.43453508184996,153.87062817077654,151.25408476043407,151.3829345703125,1636300,0.0,0.0
2021-07-19 00:00:00-04:00,149.19256210506464,149.19256210506464,145.68402113332633,147.86447143554688,1872800,0.0,0.0
2021-07-20 00:00:00-04:00,148.99434443417232,153.04800182577551,147.78518272411105,152.72093200683594,1744900,0.0,0.0
2021-07-21 00:00:00-04:00,153.58319289869576,155.24825890291538,153.37505208656066,154.2472381591797,1555600,0.0,0.0
2021-07-22 00:00:00-04:00,154.683339719941,154.8419066410704,153.52372175347827,154.66351318359375,1313100,0.0,0.0
2021-07-23 00:00:00-04:00,155.46631317966853,155.94204418701347,154.46529238597654,155.33746337890625,1105800,0.0,0.0
2021-07-26 00:00:00-04:00,155.08969079899472,156.23938797559418,153.9598201594309,154.64369201660156,1708400,0.0,0.0
2021-07-27 00:00:00-04:00,153.74177439558093,155.83302792847422,152.92906785162947,154.75271606445312,1326600,0.0,0.0
2021-07-28 00:00:00-04:00,154.97076344325177,155.535691207331,153.38497317459104,154.07876586914062,1890700,0.0,0.0
2021-07-29 00:00:00-04:00,155.24827638653863,156.70521686591502,154.54457797629698,156.30877685546875,1224800,0.0,0.0
2021-07-30 00:00:00-04:00,156.03123507948195,157.28004972147693,155.64470081486814,156.64573669433594,1502000,0.0,0.0
2021-08-02 00:00:00-04:00,157.18094203699158,158.53878002468943,155.099609375,155.099609375,1372200,0.0,0.0
2021-08-03 00:00:00-04:00,158.18197805356476,161.8391801163273,157.47827966925533,161.3634490966797,2420900,0.0,0.0
2021-08-04 00:00:00-04:00,161.62113898926836,162.81047402850058,160.25339537638274,160.39215087890625,1571900,0.0,0.0
2021-08-05 00:00:00-04:00,161.5616655796519,162.20589946289147,159.6587264192455,160.48135375976562,1280700,0.0,0.0
2021-08-06 00:00:00-04:00,161.55175702769392,162.27526679705983,160.60027990264098,161.44273376464844,1060000,0.0,0.0
2021-08-09 00:00:00-04:00,160.76879655902493,162.33474520145754,160.1939479521497,161.8391876220703,1181200,0.0,0.0
2021-08-10 00:00:00-04:00,162.59243063999588,166.04150685719569,162.44375430521723,165.8631134033203,2058300,0.0,0.0
2021-08-11 00:00:00-04:00,166.5469669386005,167.37951507719768,164.91163314958544,165.42701721191406,1476100,0.0,0.0
2021-08-12 00:00:00-04:00,165.1183666636558,166.62180583184156,164.3218447138901,166.4425811767578,1711900,0.76,0.0
2021-08-13 00:00:00-04:00,166.12398646355933,167.19927365654016,165.50667395808603,166.890625,1717300,0.0,0.0
2021-08-16 00:00:00-04:00,166.58197331488626,168.165051023297,165.61619290833295,167.77674865722656,1181700,0.0,0.0
2021-08-17 00:00:00-04:00,166.89062006678023,167.16940047040765,164.24220623231966,166.1737518310547,1181200,0.0,0.0
2021-08-18 00:00:00-04:00,165.76556001035578,167.56768175351343,165.60625256979978,165.7157745361328,1323200,0.0,0.0
2021-08-19 00:00:00-04:00,164.32185092801473,167.44818716534914,162.86821236768353,166.21359252929688,1384500,0.0,0.0
2021-08-20 00:00:00-04:00,167.189328396649,167.189328396649,165.50667965767548,166.73133850097656,1025200,0.0,0.0
2021-08-23 00:00:00-04:00,167.55770636045528,168.90183812884328,167.00014554145943,168.10531616210938,1398300,0.0,0.0
2021-08-24 00:00:00-04:00,167.6672259549157,169.51913304467365,166.9404066970085,168.65292358398438,1524400,0.0,0.0
2021-08-25 00:00:00-04:00,169.03128774200727,170.57454629916785,168.68280461244416,169.46937561035156,994700,0.0,0.0
2021-08-26 00:00:00-04:00,169.52910608457344,169.82780372896747,168.45380368019087,168.62306213378906,1201000,0.0,0.0
2021-08-27 00:00:00-04:00,169.38971682017413,169.92736042916502,167.90619479993194,169.29014587402344,1138000,0.0,0.0
2021-08-30 00:00:00-04:00,169.93731653256242,170.4849263679928,168.97155124948645,169.46937561035156,969400,0.0,0.0
2021-08-31 00:00:00-04:00,169.19057140239045,169.4594007974809,167.28889398664276,167.62741088867188,1863700,0.0,0.0
2021-09-01 00:00:00-04:00,167.48801880815756,167.67719448434897,165.03871641979404,166.0244140625,1548800,0.0,0.0
2021-09-02 00:00:00-04:00,166.6118512536637,167.43824150490238,165.95471945980253,167.39842224121094,1529500,0.0,0.0
2021-09-03 00:00:00-04:00,167.45815810197524,167.45815810197524,165.60625090323117,165.65603637695312,1255400,0.0,0.0
2021-09-07 00:00:00-04:00,165.02876899320793,165.078554465772,162.84829594948306,162.98768615722656,1748800,0.0,0.0
2021-09-08 00:00:00-04:00,161.91238442511286,163.5850821173208,160.69769181303127,162.649169921875,1601900,0.0,0.0
2021-09-09 00:00:00-04:00,162.6292548936181,163.6149525751633,160.50853349498712,160.82713317871094,1215800,0.0,0.0
2021-09-10 00:00:00-04:00,162.4301267949642,162.56951700396806,159.61243917716368,159.6920928955078,1654900,0.0,0.0
2021-09-13 00:00:00-04:00,160.37908432707871,161.29507925035162,155.51036309814344,157.58131408691406,2685200,0.0,0.0
2021-09-14 00:00:00-04:00,154.84328356770678,157.78044407073938,154.84328356770678,155.61988830566406,2784900,0.0,0.0
2021-09-15 00:00:00-04:00,155.3311412503366,160.43882371379664,155.0822290865016,159.8513946533203,2964900,0.0,0.0
2021-09-16 00:00:00-04:00,160.01071260460196,160.01071260460196,157.54149283849162,158.5968780517578,1479100,0.0,0.0
2021-09-17 00:00:00-04:00,157.29256704534825,157.47179169962615,155.4904454474465,156.8445281982422,3115100,0.0,0.0
2021-09-20 00:00:00-04:00,153.77793270866192,155.96835672517662,153.22037188908288,155.8190155029297,1700800,0.0,0.0
2021-09-21 00:00:00-04:00,156.40644961459108,156.8345864528375,153.22037683389317,153.91732788085938,1231900,0.0,0.0
2021-09-22 00:00:00-04:00,154.9528065765043,156.9042694519248,154.9528065765043,155.7493133544922,1343900,0.0,0.0
2021-09-23 00:00:00-04:00,156.89431413650496,157.77048979916086,156.67527022084099,157.31248474121094,2237600,0.0,0.0
2021-09-24 00:00:00-04:00,156.82461927122114,157.51161929625798,155.20172224170963,155.33114624023438,1045800,0.0,0.0
2021-09-27 00:00:00-04:00,155.29132322945333,156.6254887920938,154.4051965268168,154.47488403320312,1642500,0.0,0.0
2021-09-28 00:00:00-04:00,154.32554599044838,154.7138483694383,151.8563415084713,153.3199462890625,1806500,0.0,0.0
2021-09-29 00:00:00-04:00,153.6584587684858,153.96710742079162,152.50350268236684,152.8022003173828,1590300,0.0,0.0
2021-09-30 00:00:00-04:00,153.170596350964,153.5190794819972,148.60057234511783,148.66030883789062,2122000,0.0,0.0
2021-10-01 00:00:00-04:00,149.06851511967864,150.9702076621739,147.54517392073956,149.9944610595703,1605900,0.0,0.0
2021-10-04 00:00:00-04:00,149.29750944259587,150.7312459045407,146.70883211287767,147.7144317626953,1748600,0.0,0.0
2021-10-05 00:00:00-04:00,148.37156342757908,151.45806507203153,147.55512425680874,150.601806640625,1762300,0.0,0.0
2021-10-06 00:00:00-04:00,149.0884388281335,151.15938990583837,147.46552661799706,151.03990173339844,1067700,0.0,0.0
2021-10-07 00:00:00-04:00,152.72255155169756,153.97706342855264,152.5433420803154,153.250244140625,1783400,0.0,0.0
2021-10-08 00:00:00-04:00,152.67277125150733,153.5489469876655,152.10525938050947,152.89181518554688,1154300,0.0,0.0
2021-10-11 00:00:00-04:00,152.76237345185112,154.08658805203402,151.76672474726792,151.8961639404297,1179900,0.0,0.0
2021-10-12 00:00:00-04:00,152.64289958629175,153.60868003954485,150.69143664433236,150.9602508544922,1270800,0.0,0.0
2021-10-13 00:00:00-04:00,151.6970325200421,153.7779346017281,150.88059331532713,152.72254943847656,1404200,0.0,0.0
2021-10-14 00:00:00-04:00,153.96711536368576,159.25400756435673,153.08098862260675,158.87567138671875,2075400,0.0,0.0
2021-10-15 00:00:00-04:00,160.16005320302727,161.74313101667235,158.83583858650604,160.7474822998047,1678800,0.0,0.0
2021-10-18 00:00:00-04:00,159.67217488955703,161.175614128335,159.11461405625923,160.56826782226562,884200,0.0,0.0
2021-10-19 00:00:00-04:00,161.3747390318267,161.86261235173163,160.1899146780527,160.77734375,883300,0.0,0.0
2021-10-20 00:00:00-04:00,161.03622953972146,162.61930735930702,160.0306146087796,162.4898681640625,1146000,0.0,0.0
2021-10-21 00:00:00-04:00,161.3548295474684,161.86262011910662,159.97087843080425,161.41456604003906,1368100,0.0,0.0
2021-10-22 00:00:00-04:00,162.03186551540418,163.32619659646605,161.57386045529842,161.67343139648438,771800,0.0,0.0
2021-10-25 00:00:00-04:00,161.49420779497098,163.22664191312387,160.6279983320909,161.8028564453125,1022900,0.0,0.0
2021-10-26 00:00:00-04:00,162.46994464066768,162.46994464066768,160.5682672042167,160.63795471191406,983600,0.0,0.0
2021-10-27 00:00:00-04:00,161.02625855009538,162.73877551409763,159.36352705912446,159.4232635498047,1029700,0.0,0.0
2021-10-28 00:00:00-04:00,159.4232667111058,164.35173998346144,159.4232667111058,164.24221801757812,1632900,0.0,0.0
2021-10-29 00:00:00-04:00,163.6249049275038,165.23786616431514,163.10717853818056,164.04307556152344,1678100,0.0,0.0
2021-11-01 00:00:00-04:00,164.48115162310302,165.21793708297915,162.5495908385462,163.62489318847656,1637300,0.0,0.0
2021-11-02 00:00:00-04:00,165.41707705023,171.49054029411505,164.2820381218114,170.88319396972656,2398100,0.0,0.0
2021-11-03 00:00:00-04:00,168.90184366839497,171.26152620917722,166.60189761840823,168.75250244140625,1953900,0.0,0.0
2021-11-04 00:00:00-04:00,170.17627374578802,172.3069613531484,169.84770785215477,171.23165893554688,1147600,0.0,0.0
2021-11-05 00:00:00-04:00,172.17752352563883,172.6952651068979,169.5390605303262,170.55462646484375,1217600,0.0,0.0
2021-11-08 00:00:00-05:00,173.57144239347716,174.0493495230394,171.55027671643538,172.96409606933594,1695300,0.0,0.0
2021-11-09 00:00:00-05:00,173.13335538667738,174.4774872362061,172.6753502906295,173.90000915527344,1036900,0.0,0.0
2021-11-10 00:00:00-05:00,173.9499969482422,173.9499969482422,171.32000732421875,171.8699951171875,1314400,0.76,0.0
2021-11-11 00:00:00-05:00,172.02999877929688,172.1300048828125,169.50999450683594,169.9199981689453,1156000,0.0,0.0
2021-11-12 00:00:00-05:00,170.4600067138672,172.32000732421875,168.82000732421875,171.8000030517578,1188400,0.0,0.0
2021-11-15 00:00:00-05:00,171.99000549316406,173.2100067138672,171.55999755859375,172.74000549316406,1019600,0.0,0.0
2021-11-16 00:00:00-05:00,172.74000549316406,175.72000122070312,172.4199981689453,173.8000030517578,1434800,0.0,0.0
2021-11-17 00:00:00-05:00,173.8000030517578,174.3000030517578,171.50999450683594,173.10000610351562,1433300,0.0,0.0
2021-11-18 00:00:00-05:00,173.16000366210938,173.5800018310547,171.66000366210938,173.32000732421875,900800,0.0,0.0
2021-11-19 00:00:00-05:00,173.3800048828125,173.80999755859375,171.9199981689453,172.3000030517578,1334200,0.0,0.0
2021-11-22 00:00:00-05:00,173.3800048828125,174.91000366210938,172.19000244140625,172.32000732421875,1254800,0.0,0.0
2021-11-23 00:00:00-05:00,172.02000427246094,172.94000244140625,171.27999877929688,172.57000732421875,1054300,0.0,0.0
2021-11-24 00:00:00-05:00,171.4600067138672,172.22999572753906,170.1699981689453,170.9499969482422,1235900,0.0,0.0
2021-11-26 00:00:00-05:00,166.63999938964844,168.17999267578125,164.41000366210938,167.50999450683594,1121000,0.0,0.0
2021-11-29 00:00:00-05:00,169.3800048828125,169.64999389648438,165.4499969482422,167.3800048828125,2068700,0.0,0.0
2021-11-30 00:00:00-05:00,166.07000732421875,166.91000366210938,161.3800048828125,162.05999755859375,4247200,0.0,0.0
2021-12-01 00:00:00-05:00,165.47999572753906,167.25999450683594,161.3699951171875,161.47000122070312,1947100,0.0,0.0
2021-12-02 00:00:00-05:00,162.10000610351562,167.52999877929688,162.10000610351562,166.6300048828125,1413200,0.0,0.0
2021-12-03 00:00:00-05:00,167.3300018310547,168.10000610351562,164.47999572753906,166.44000244140625,1360800,0.0,0.0
2021-12-06 00:00:00-05:00,167.7899932861328,170.66000366210938,166.52999877929688,169.8300018310547,1733500,0.0,0.0
2021-12-07 00:00:00-05:00,172.1699981689453,174.47000122070312,170.25,170.58999633789062,1884600,0.0,0.0
2021-12-08 00:00:00-05:00,170.88999938964844,171.4499969482422,168.02999877929688,169.9199981689453,1986900,0.0,0.0
2021-12-09 00:00:00-05:00,169.77999877929688,170.0,167.4600067138672,168.58999633789062,1844800,0.0,0.0
2021-12-10 00:00:00-05:00,169.57000732421875,170.88999938964844,169.13999938964844,170.4600067138672,1432800,0.0,0.0
2021-12-13 00:00:00-05:00,170.63999938964844,171.35000610351562,168.8000030517578,169.6999969482422,1598800,0.0,0.0
2021-12-14 00:00:00-05:00,168.41000366210938,169.35000610351562,162.5500030517578,164.83999633789062,2838000,0.0,0.0
2021-12-15 00:00:00-05:00,166.14999389648438,169.5,165.39999389648438,169.25999450683594,2263800,0.0,0.0
2021-12-16 00:00:00-05:00,170.6699981689453,171.25,167.94000244140625,168.8000030517578,1403500,0.0,0.0
2021-12-17 00:00:00-05:00,168.52999877929688,169.49000549316406,164.72000122070312,165.07000732421875,2666700,0.0,0.0
2021-12-20 00:00:00-05:00,163.32000732421875,164.5500030517578,161.16000366210938,164.05999755859375,2146700,0.0,0.0
2021-12-21 00:00:00-05:00,165.4199981689453,167.3699951171875,164.39999389648438,167.24000549316406,2014100,0.0,0.0
2021-12-22 00:00:00-05:00,166.75,167.67999267578125,166.32000732421875,166.74000549316406,1259800,0.0,0.0
2021-12-23 00:00:00-05:00,167.27000427246094,169.17999267578125,167.14999389648438,168.0399932861328,861800,0.0,0.0
2021-12-27 00:00:00-05:00,168.94000244140625,170.74000549316406,167.72999572753906,170.6699981689453,730700,0.0,0.0
2021-12-28 00:00:00-05:00,170.6199951171875,171.75999450683594,170.30999755859375,171.1999969482422,672300,0.0,0.0
2021-12-29 00:00:00-05:00,171.64999389648438,172.1199951171875,170.47999572753906,171.7100067138672,1467500,0.0,0.0
2021-12-30 00:00:00-05:00,172.0800018310547,172.52000427246094,171.22000122070312,171.4199981689453,884400,0.0,0.0
2021-12-31 00:00:00-05:00,170.97000122070312,173.67999267578125,170.97000122070312,172.82000732421875,838600,0.0,0.0
2022-01-03 00:00:00-05:00,173.38999938964844,173.38999938964844,167.9199981689453,168.66000366210938,1307200,0.0,0.0
2022-01-04 00:00:00-05:00,169.6300048828125,172.27999877929688,168.83999633789062,171.4600067138672,2065400,0.0,0.0
2022-01-05 00:00:00-05:00,171.88999938964844,172.91000366210938,168.8300018310547,169.00999450683594,1718600,0.0,0.0
2022-01-06 00:00:00-05:00,168.89999389648438,170.74000549316406,168.39999389648438,169.41000366210938,1433800,0.0,0.0
2022-01-07 00:00:00-05:00,169.5,170.8800048828125,167.80999755859375,167.85000610351562,2079800,0.0,0.0
2022-01-10 00:00:00-05:00,166.50999450683594,166.89999389648438,162.8000030517578,166.4199981689453,1896400,0.0,0.0
2022-01-11 00:00:00-05:00,167.0,168.02999877929688,164.64999389648438,167.75999450683594,1075600,0.0,0.0
2022-01-12 00:00:00-05:00,169.1699981689453,172.0,168.6999969482422,171.4600067138672,1983400,0.0,0.0
2022-01-13 00:00:00-05:00,171.5399932861328,172.2899932861328,170.3699951171875,171.17999267578125,1336100,0.0,0.0
2022-01-14 00:00:00-05:00,168.94000244140625,171.7100067138672,167.60000610351562,170.9199981689453,2824600,0.0,0.0
2022-01-18 00:00:00-05:00,168.50999450683594,169.1699981689453,164.69000244140625,166.6300048828125,2106900,0.0,0.0
2022-01-19 00:00:00-05:00,166.7899932861328,167.1300048828125,163.19000244140625,163.38999938964844,2368300,0.0,0.0
2022-01-20 00:00:00-05:00,163.99000549316406,165.32000732421875,160.77000427246094,161.05999755859375,2067500,0.0,0.0
2022-01-21 00:00:00-05:00,161.35000610351562,163.74000549316406,159.6199951171875,160.5399932861328,2242000,0.0,0.0
2022-01-24 00:00:00-05:00,157.5399932861328,161.27000427246094,153.89999389648438,160.72000122070312,2614400,0.0,0.0
2022-01-25 00:00:00-05:00,158.07000732421875,159.38999938964844,153.3300018310547,157.44000244140625,2487000,0.0,0.0
2022-01-26 00:00:00-05:00,159.1300048828125,161.25999450683594,156.25999450683594,158.24000549316406,2024100,0.0,0.0
2022-01-27 00:00:00-05:00,160.41000366210938,161.0,154.25999450683594,155.4199981689453,1679300,0.0,0.0
2022-01-28 00:00:00-05:00,154.5500030517578,156.80999755859375,151.6300048828125,156.69000244140625,2339400,0.0,0.0
2022-01-31 00:00:00-05:00,155.6300048828125,158.5399932861328,154.5,158.42999267578125,2192600,0.0,0.0
2022-02-01 00:00:00-05:00,158.9499969482422,159.91000366210938,156.52000427246094,159.38999938964844,1571400,0.0,0.0
2022-02-02 00:00:00-05:00,159.77999877929688,161.85000610351562,158.9499969482422,161.41000366210938,1565600,0.0,0.0
2022-02-03 00:00:00-05:00,159.42999267578125,161.75,156.4499969482422,156.8300018310547,2492400,0.0,0.0
2022-02-04 00:00:00-05:00,154.57000732421875,155.9499969482422,150.24000549316406,151.0,4095500,0.0,0.0
2022-02-07 00:00:00-05:00,152.77000427246094,153.0399932861328,149.6699981689453,150.1300048828125,3515900,0.0,0.0
2022-02-08 00:00:00-05:00,150.19000244140625,152.0,148.6199951171875,151.5,2586400,0.0,0.0
2022-02-09 00:00:00-05:00,153.67999267578125,157.0500030517578,153.2100067138672,156.85000610351562,2809600,0.0,0.0
2022-02-10 00:00:00-05:00,154.02000427246094,158.25999450683594,153.85000610351562,154.7899932861328,2450800,0.0,0.0
2022-02-11 00:00:00-05:00,154.89999389648438,154.89999389648438,149.39999389648438,150.66000366210938,2104900,0.0,0.0
2022-02-14 00:00:00-05:00,150.97999572753906,153.0,149.2899932861328,152.1699981689453,2206400,0.0,0.0
2022-02-15 00:00:00-05:00,154.3699951171875,156.1300048828125,153.85000610351562,155.52999877929688,2061600,0.0,0.0
2022-02-16 00:00:00-05:00,154.86000061035156,157.49000549316406,154.77999877929688,157.02999877929688,2194000,0.0,0.0
2022-02-17 00:00:00-05:00,155.77999877929688,156.11000061035156,152.0399932861328,152.39999389648438,1324800,0.0,0.0
2022-02-18 00:00:00-05:00,152.33999633789062,154.19000244140625,151.6999969482422,153.36000061035156,3466600,0.0,0.0
2022-02-22 00:00:00-05:00,153.2899932861328,154.36000061035156,150.7100067138672,151.75999450683594,1684000,0.0,0.0
2022-02-23 00:00:00-05:00,152.42999267578125,152.88999938964844,148.9199981689453,149.30999755859375,1506000,0.0,0.0
2022-02-24 00:00:00-05:00,145.86000061035156,150.7899932861328,144.25999450683594,150.30999755859375,2168800,0.0,0.0
2022-02-25 00:00:00-05:00,150.3000030517578,154.24000549316406,150.10000610351562,154.1199951171875,2427400,0.0,0.0
2022-02-28 00:00:00-05:00,151.80999755859375,155.0500030517578,151.25,154.2899932861328,2454800,0.0,0.0
2022-03-01 00:00:00-05:00,154.0,154.67999267578125,144.3699951171875,146.4499969482422,4790400,0.0,0.0
2022-03-02 00:00:00-05:00,147.7100067138672,152.8800048828125,147.36000061035156,152.1699981689453,1880700,0.0,0.0
2022-03-03 00:00:00-05:00,153.0800018310547,156.1999969482422,153.0800018310547,154.97000122070312,2861400,0.0,0.0
2022-03-04 00:00:00-05:00,151.99000549316406,153.4499969482422,147.80999755859375,149.77999877929688,2678900,0.0,0.0
2022-03-07 00:00:00-05:00,149.7899932861328,149.7899932861328,145.00999450683594,145.7899932861328,2411600,0.0,0.0
2022-03-08 00:00:00-05:00,146.92999267578125,151.57000732421875,145.57000732421875,146.1999969482422,2235300,0.0,0.0
2022-03-09 00:00:00-05:00,150.25,151.5,148.97999572753906,149.1199951171875,1794200,0.0,0.0
2022-03-10 00:00:00-05:00,145.08999633789062,149.05999755859375,145.08999633789062,148.1999969482422,1782300,0.0,0.0
2022-03-11 00:00:00-05:00,149.36000061035156,150.3300018310547,146.74000549316406,146.9199981689453,1350000,0.0,0.0
2022-03-14 00:00:00-04:00,147.89999389648438,150.82000732421875,147.16000366210938,148.4600067138672,1581600,0.0,0.0
2022-03-15 00:00:00-04:00,150.17999267578125,150.74000549316406,148.07000732421875,150.27000427246094,1541700,0.0,0.0
2022-03-16 00:00:00-04:00,151.97999572753906,154.4499969482422,150.0399932861328,153.33999633789062,1892400,0.0,0.0
2022-03-17 00:00:00-04:00,151.92999267578125,154.7100067138672,151.00999450683594,154.69000244140625,1389900,0.0,0.0
2022-03-18 00:00:00-04:00,155.25999450683594,155.97000122070312,151.50999450683594,155.5800018310547,2792200,0.0,0.0
2022-03-21 00:00:00-04:00,156.0800018310547,156.35000610351562,153.30999755859375,154.60000610351562,1934300,0.0,0.0
2022-03-22 00:00:00-04:00,155.77000427246094,156.00999450683594,154.1999969482422,155.25,1226800,0.0,0.0
2022-03-23 00:00:00-04:00,154.0500030517578,154.94000244140625,152.33999633789062,152.42999267578125,1331900,0.0,0.0
2022-03-24 00:00:00-04:00,153.39999389648438,153.64999389648438,152.36000061035156,153.1999969482422,1078300,0.0,0.0
2022-03-25 00:00:00-04:00,153.77000427246094,154.7899932861328,152.83999633789062,154.17999267578125,1196500,0.0,0.0
2022-03-28 00:00:00-04:00,153.25999450683594,154.2100067138672,152.13999938964844,154.2100067138672,1239800,0.0,0.0
2022-03-29 00:00:00-04:00,156.4600067138672,158.00999450683594,155.27000427246094,157.52999877929688,1530800,0.0,0.0
2022-03-30 00:00:00-04:00,156.3300018310547,157.32000732421875,154.77000427246094,155.4600067138672,1294100,0.0,0.0
2022-03-31 00:00:00-04:00,155.05999755859375,156.36000061035156,151.58999633789062,151.75999450683594,2286200,0.0,0.0
2022-04-01 00:00:00-04:00,153.4499969482422,153.4499969482422,150.39999389648438,151.80999755859375,2098900,0.0,0.0
2022-04-04 00:00:00-04:00,150.9199981689453,151.0399932861328,148.32000732421875,150.9199981689453,1435100,0.0,0.0
2022-04-05 00:00:00-04:00,150.72999572753906,151.27999877929688,145.91000366210938,146.61000061035156,2046700,0.0,0.0
2022-04-06 00:00:00-04:00,144.36000061035156,145.27999877929688,142.83999633789062,144.86000061035156,2701400,0.0,0.0
2022-04-07 00:00:00-04:00,143.66000366210938,146.63999938964844,142.88999938964844,145.8699951171875,1788100,0.0,0.0
2022-04-08 00:00:00-04:00,145.6199951171875,147.30999755859375,144.4600067138672,145.17999267578125,1644400,0.0,0.0
2022-04-11 00:00:00-04:00,144.66000366210938,146.27999877929688,142.02999877929688,142.27000427246094,1800200,0.0,0.0
2022-04-12 00:00:00-04:00,142.88999938964844,144.97000122070312,140.02000427246094,140.82000732421875,1766200,0.0,0.0
2022-04-13 00:00:00-04:00,140.5800018310547,142.7100067138672,140.5800018310547,141.77000427246094,1530600,0.0,0.0
2022-04-14 00:00:00-04:00,141.00999450683594,142.7100067138672,139.41000366210938,139.91000366210938,1833000,0.0,0.0
2022-04-18 00:00:00-04:00,139.67999267578125,142.11000061035156,139.60000610351562,140.66000366210938,1561100,0.0,0.0
2022-04-19 00:00:00-04:00,141.72000122070312,146.07000732421875,140.8000030517578,145.77000427246094,1826700,0.0,0.0
2022-04-20 00:00:00-04:00,147.3699951171875,150.55999755859375,147.3699951171875,149.3800048828125,1834600,0.0,0.0
2022-04-21 00:00:00-04:00,151.69000244140625,153.27000427246094,149.1999969482422,149.9499969482422,2293900,0.0,0.0
2022-04-22 00:00:00-04:00,148.5,148.9600067138672,145.88999938964844,146.0399932861328,1655100,0.0,0.0
2022-04-25 00:00:00-04:00,145.89999389648438,147.08999633789062,142.72000122070312,147.07000732421875,1905500,0.0,0.0
2022-04-26 00:00:00-04:00,145.17999267578125,146.9499969482422,143.5,143.77999877929688,2313700,0.0,0.0
2022-04-27 00:00:00-04:00,143.75,146.88999938964844,143.47000122070312,145.7100067138672,1930300,0.0,0.0
2022-04-28 00:00:00-04:00,146.10000610351562,148.0800018310547,144.27999877929688,147.8800048828125,2473700,0.0,0.0
2022-04-29 00:00:00-04:00,147.75,149.8300018310547,144.77000427246094,145.02000427246094,2467500,0.0,0.0
2022-05-02 00:00:00-04:00,144.99000549316406,147.02000427246094,143.4199981689453,146.5,2732700,0.0,0.0
2022-05-03 00:00:00-04:00,144.50999450683594,150.9600067138672,144.50999450683594,146.5800018310547,3004900,0.0,0.0
2022-05-04 00:00:00-04:00,146.8000030517578,150.7100067138672,143.97999572753906,149.92999267578125,2558100,0.0,0.0
2022-05-05 00:00:00-04:00,148.72000122070312,150.8800048828125,147.10000610351562,148.3800048828125,3871000,0.0,0.0
2022-05-06 00:00:00-04:00,147.7899932861328,148.4600067138672,144.4499969482422,147.2899932861328,2101800,0.0,0.0
2022-05-09 00:00:00-04:00,145.33999633789062,149.30999755859375,145.0500030517578,147.9600067138672,3028900,0.0,0.0
2022-05-10 00:00:00-04:00,149.00999450683594,149.91000366210938,140.52999877929688,140.97999572753906,3543000,0.0,0.0
2022-05-11 00:00:00-04:00,141.1300048828125,144.3000030517578,140.22000122070312,140.80999755859375,1852300,0.0,0.0
2022-05-12 00:00:00-04:00,139.47000122070312,142.52999877929688,138.69000244140625,141.75,2251900,0.0,0.0
2022-05-13 00:00:00-04:00,142.85000610351562,143.44000244140625,139.64999389648438,141.3300018310547,2813100,0.0,0.0
2022-05-16 00:00:00-04:00,140.55999755859375,140.74000549316406,137.5500030517578,138.97999572753906,2551900,0.0,0.0
2022-05-17 00:00:00-04:00,141.41000366210938,143.83999633789062,140.7899932861328,143.3800048828125,1988500,0.0,0.0
2022-05-18 00:00:00-04:00,141.08999633789062,141.7899932861328,135.9600067138672,136.52000427246094,1946500,0.0,0.0
2022-05-19 00:00:00-04:00,135.0,138.00999450683594,132.3800048828125,136.0800018310547,2992300,0.0,0.0
2022-05-20 00:00:00-04:00,136.8699951171875,137.42999267578125,132.16000366210938,134.13999938964844,4686600,0.0,0.0
2022-05-23 00:00:00-04:00,135.6199951171875,136.8699951171875,133.16000366210938,136.75999450683594,2169600,0.0,0.0
2022-05-24 00:00:00-04:00,132.97999572753906,134.6199951171875,130.44000244140625,133.8300018310547,2709700,0.0,0.0
2022-05-25 00:00:00-04:00,133.50999450683594,135.27999877929688,131.5,134.0800018310547,1877500,0.0,0.0
2022-05-26 00:00:00-04:00,135.74000549316406,137.22000122070312,133.67999267578125,136.27999877929688,1366400,0.0,0.0
2022-05-27 00:00:00-04:00,137.60000610351562,139.8800048828125,137.08999633789062,139.82000732421875,1459000,0.0,0.0
2022-05-31 00:00:00-04:00,138.35000610351562,140.02999877929688,136.80999755859375,138.60000610351562,2900500,0.0,0.0
2022-06-01 00:00:00-04:00,139.94000244140625,140.25,136.4499969482422,137.72000122070312,1750800,0.0,0.0
2022-06-02 00:00:00-04:00,139.50999450683594,140.9199981689453,137.4499969482422,140.82000732421875,1289900,0.0,0.0
2022-06-03 00:00:00-04:00,139.63999938964844,140.9600067138672,139.35000610351562,140.35000610351562,1421300,0.0,0.0
2022-06-06 00:00:00-04:00,142.2899932861328,142.6999969482422,141.1300048828125,141.36000061035156,1659400,0.0,0.0
2022-06-07 00:00:00-04:00,140.60000610351562,145.49000549316406,139.6699981689453,145.41000366210938,2237400,0.0,0.0
2022-06-08 00:00:00-04:00,144.39999389648438,146.2899932861328,143.41000366210938,144.47999572753906,2274000,0.0,0.0
2022-06-09 00:00:00-04:00,143.3699951171875,145.2100067138672,142.42999267578125,142.5,1594800,0.0,0.0
2022-06-10 00:00:00-04:00,139.7899932861328,140.63999938964844,136.8300018310547,137.02999877929688,1543800,0.0,0.0
2022-06-13 00:00:00-04:00,134.77000427246094,134.77000427246094,132.0,132.85000610351562,1596700,0.0,0.0
2022-06-14 00:00:00-04:00,132.85000610351562,134.47000122070312,129.1999969482422,130.52000427246094,1927300,0.0,0.0
2022-06-15 00:00:00-04:00,131.5500030517578,132.75,128.8699951171875,131.00999450683594,1658600,0.0,0.0
2022-06-16 00:00:00-04:00,127.91000366210938,128.4600067138672,125.13999938964844,126.11000061035156,2006500,0.0,0.0
2022-06-17 00:00:00-04:00,125.12000274658203,127.3499984741211,124.56999969482422,125.5199966430664,3126500,0.0,0.0
2022-06-21 00:00:00-04:00,126.70999908447266,127.5199966430664,125.11000061035156,126.13999938964844,1584400,0.0,0.0
2022-06-22 00:00:00-04:00,123.69000244140625,126.94999694824219,123.69000244140625,126.22000122070312,1921700,0.0,0.0
2022-06-23 00:00:00-04:00,125.2699966430664,127.26000213623047,124.12000274658203,126.88999938964844,2022800,0.0,0.0
2022-06-24 00:00:00-04:00,128.47000122070312,131.91000366210938,127.58000183105469,131.8300018310547,1974200,0.0,0.0
2022-06-27 00:00:00-04:00,132.77000427246094,133.5,131.14999389648438,132.25,1597000,0.0,0.0
2022-06-28 00:00:00-04:00,132.83999633789062,133.92999267578125,129.25,129.32000732421875,1914900,0.0,0.0
2022-06-29 00:00:00-04:00,129.69000244140625,130.08999633789062,126.04000091552734,127.2699966430664,1740100,0.0,0.0
2022-06-30 00:00:00-04:00,125.11000061035156,127.06999969482422,124.66000366210938,125.98999786376953,2370100,0.0,0.0
2022-07-01 00:00:00-04:00,126.4000015258789,128.33999633789062,125.11000061035156,127.37000274658203,1749700,0.0,0.0
2022-07-05 00:00:00-04:00,125.56999969482422,126.80999755859375,123.18000030517578,126.68000030517578,1934200,0.0,0.0
2022-07-06 00:00:00-04:00,127.19999694824219,128.7899932861328,125.93000030517578,128.0,1734500,0.0,0.0
2022-07-07 00:00:00-04:00,129.38999938964844,129.9199981689453,127.37000274658203,129.58999633789062,1662700,0.0,0.0
2022-07-08 00:00:00-04:00,129.0500030517578,129.08999633789062,126.70999908447266,127.81999969482422,1213600,0.0,0.0
2022-07-11 00:00:00-04:00,126.80000305175781,128.74000549316406,126.79000091552734,127.8499984741211,831200,0.0,0.0
2022-07-12 00:00:00-04:00,127.29000091552734,129.13999938964844,126.47000122070312,126.87999725341797,1051600,0.0,0.0
2022-07-13 00:00:00-04:00,124.62000274658203,126.6500015258789,123.5199966430664,125.72000122070312,1605000,0.0,0.0
2022-07-14 00:00:00-04:00,123.56999969482422,125.29000091552734,122.5,125.04000091552734,1274000,0.0,0.0
2022-07-15 00:00:00-04:00,127.18000030517578,129.47999572753906,125.51000213623047,128.99000549316406,1956400,0.0,0.0
2022-07-18 00:00:00-04:00,130.0,130.38999938964844,126.3499984741211,126.87999725341797,1441600,0.0,0.0
2022-07-19 00:00:00-04:00,128.64999389648438,132.75,128.3699951171875,132.3000030517578,1454500,0.0,0.0
2022-07-20 00:00:00-04:00,132.7899932861328,134.14999389648438,132.0,133.85000610351562,1282000,0.0,0.0
2022-07-21 00:00:00-04:00,134.14999389648438,137.47000122070312,133.50999450683594,137.33999633789062,2001200,0.0,0.0
2022-07-22 00:00:00-04:00,137.57000732421875,138.8800048828125,135.74000549316406,136.64999389648438,1763500,0.0,0.0
2022-07-25 00:00:00-04:00,136.6999969482422,137.16000366210938,135.32000732421875,137.10000610351562,955900,0.0,0.0
2022-07-26 00:00:00-04:00,137.14999389648438,139.6300048828125,136.30999755859375,139.13999938964844,2103100,0.0,0.0
2022-07-27 00:00:00-04:00,139.6699981689453,142.5800018310547,138.85000610351562,141.6699981689453,1490400,0.0,0.0
2022-07-28 00:00:00-04:00,143.77000427246094,146.9600067138672,143.39999389648438,146.25999450683594,2759900,0.0,0.0
2022-07-29 00:00:00-04:00,146.25,149.1300048828125,145.9499969482422,148.38999938964844,1609300,0.0,0.0
2022-08-01 00:00:00-04:00,146.80999755859375,148.25999450683594,146.4199981689453,147.5,1886200,0.0,0.0
2022-08-02 00:00:00-04:00,148.5,151.47999572753906,146.25,146.38999938964844,2292500,0.0,0.0
2022-08-03 00:00:00-04:00,147.72999572753906,149.42999267578125,146.3000030517578,148.6999969482422,1377900,0.0,0.0
2022-08-04 00:00:00-04:00,149.22000122070312,149.9499969482422,148.3000030517578,148.7100067138672,1128900,0.0,0.0
2022-08-05 00:00:00-04:00,147.72999572753906,148.85000610351562,147.19000244140625,148.64999389648438,1243400,0.0,0.0
2022-08-08 00:00:00-04:00,150.1699981689453,150.6300048828125,147.5399932861328,147.92999267578125,1340600,0.0,0.0
2022-08-09 00:00:00-04:00,147.07000732421875,147.55999755859375,146.1999969482422,146.41000366210938,1170300,0.0,0.0
2022-08-10 00:00:00-04:00,149.60000610351562,149.99000549316406,148.25999450683594,149.33999633789062,1595300,0.0,0.0
2022-08-11 00:00:00-04:00,150.02999877929688,150.99000549316406,149.16000366210938,149.4499969482422,1434900,0.0,0.0
2022-08-12 00:00:00-04:00,150.16000366210938,152.50999450683594,149.89999389648438,152.44000244140625,1318600,0.0,0.0
2022-08-15 00:00:00-04:00,152.25999450683594,152.8699951171875,151.32000732421875,152.4199981689453,1123000,0.0,0.0
2022-08-16 00:00:00-04:00,150.7899932861328,153.57000732421875,150.25999450683594,153.10000610351562,1293600,0.0,0.0
2022-08-17 00:00:00-04:00,151.19000244140625,152.58999633789062,150.6199951171875,151.99000549316406,1036700,0.0,0.0
2022-08-18 00:00:00-04:00,152.27000427246094,153.82000732421875,151.5800018310547,153.35000610351562,1104800,0.0,0.0
2022-08-19 00:00:00-04:00,152.36000061035156,152.6999969482422,150.32000732421875,150.83999633789062,1308500,0.0,0.0
2022-08-22 00:00:00-04:00,148.3699951171875,148.8000030517578,146.2100067138672,146.75,1737000,0.0,0.0
2022-08-23 00:00:00-04:00,146.80999755859375,147.85000610351562,146.0399932861328,146.30999755859375,824500,0.0,0.0
2022-08-24 00:00:00-04:00,146.49000549316406,146.75,144.88999938964844,145.52000427246094,1030400,0.0,0.0
2022-08-25 00:00:00-04:00,146.6699981689453,148.0800018310547,146.17999267578125,148.0500030517578,1090700,0.0,0.0
2022-08-26 00:00:00-04:00,148.3699951171875,148.3699951171875,140.77000427246094,141.0800018310547,1743400,0.0,0.0
2022-08-29 00:00:00-04:00,139.94000244140625,142.00999450683594,139.22999572753906,140.7100067138672,1223900,0.0,0.0
2022-08-30 00:00:00-04:00,142.3800048828125,142.58999633789062,138.13999938964844,139.24000549316406,1153700,0.0,0.0
2022-08-31 00:00:00-04:00,139.94000244140625,139.94000244140625,136.10000610351562,136.63999938964844,2249900,0.0,0.0
2022-09-01 00:00:00-04:00,135.77999877929688,138.83999633789062,135.1699981689453,138.77000427246094,1538900,0.0,0.0
2022-09-02 00:00:00-04:00,140.47999572753906,140.69000244140625,136.8699951171875,137.3000030517578,1080200,0.0,0.0
2022-09-06 00:00:00-04:00,137.6999969482422,138.63999938964844,136.02000427246094,138.4600067138672,1388300,0.0,0.0
2022-09-07 00:00:00-04:00,138.4199981689453,142.1300048828125,138.10000610351562,141.27000427246094,2112600,0.0,0.0
2022-09-08 00:00:00-04:00,140.41000366210938,143.3699951171875,139.63999938964844,143.24000549316406,1716400,0.0,0.0
2022-09-09 00:00:00-04:00,143.80999755859375,146.25999450683594,143.58999633789062,145.7100067138672,1636900,0.0,0.0
2022-09-12 00:00:00-04:00,146.75,148.6199951171875,146.27999877929688,147.61000061035156,1570700,0.0,0.0
2022-09-13 00:00:00-04:00,144.13999938964844,145.47999572753906,141.82000732421875,142.50999450683594,1297800,0.0,0.0
2022-09-14 00:00:00-04:00,143.3699951171875,143.67999267578125,141.42999267578125,143.10000610351562,1461800,0.0,0.0
2022-09-15 00:00:00-04:00,142.75,145.00999450683594,140.9600067138672,141.11000061035156,1759700,0.0,0.0
2022-09-16 00:00:00-04:00,139.72000122070312,139.85000610351562,136.58999633789062,138.27000427246094,3415700,0.0,0.0
2022-09-19 00:00:00-04:00,137.1199951171875,140.47999572753906,137.1199951171875,140.22000122070312,1372700,0.0,0.0
2022-09-20 00:00:00-04:00,138.8699951171875,139.97000122070312,137.6199951171875,139.17999267578125,1621600,0.0,0.0
2022-09-21 00:00:00-04:00,140.61000061035156,142.00999450683594,137.7899932861328,137.8300018310547,1112700,0.0,0.0
2022-09-22 00:00:00-04:00,136.92999267578125,137.75999450683594,134.52999877929688,135.1300048828125,1871600,0.0,0.0
2022-09-23 00:00:00-04:00,133.85000610351562,134.60000610351562,132.25999450683594,134.13999938964844,1726400,0.0,0.0
2022-09-26 00:00:00-04:00,133.88999938964844,135.4600067138672,132.38999938964844,133.52999877929688,1674200,0.0,0.0
2022-09-27 00:00:00-04:00,135.00999450683594,135.41000366210938,129.85000610351562,131.3000030517578,2236800,0.0,0.0
2022-09-28 00:00:00-04:00,132.38999938964844,134.58999633789062,131.33999633789062,133.91000366210938,2346100,0.0,0.0
2022-09-29 00:00:00-04:00,132.2899932861328,134.30999755859375,131.2100067138672,134.14999389648438,2711000,0.0,0.0
2022-09-30 00:00:00-04:00,134.1699981689453,136.27000427246094,132.52999877929688,133.36000061035156,2739800,0.0,0.0
2022-10-03 00:00:00-04:00,134.47999572753906,139.4199981689453,133.8800048828125,137.7899932861328,1903900,0.0,0.0
2022-10-04 00:00:00-04:00,140.7899932861328,143.61000061035156,140.64999389648438,143.47999572753906,1996300,0.0,0.0
2022-10-05 00:00:00-04:00,142.1199951171875,145.75999450683594,141.8800048828125,144.5,2255400,0.0,0.0
2022-10-06 00:00:00-04:00,143.99000549316406,144.44000244140625,141.52999877929688,142.4499969482422,2381100,0.0,0.0
2022-10-07 00:00:00-04:00,140.42999267578125,140.63999938964844,135.82000732421875,136.8300018310547,1884600,0.0,0.0
2022-10-10 00:00:00-04:00,137.77999877929688,137.77999877929688,134.82000732421875,136.3800048828125,1860700,0.0,0.0
2022-10-11 00:00:00-04:00,135.05999755859375,138.16000366210938,134.27000427246094,136.4199981689453,1566200,0.0,0.0
2022-10-12 00:00:00-04:00,136.5399932861328,136.9600067138672,135.27999877929688,135.4499969482422,2073400,0.0,0.0
2022-10-13 00:00:00-04:00,132.75,139.5800018310547,132.00999450683594,138.10000610351562,2423400,0.0,0.0
2022-10-14 00:00:00-04:00,139.10000610351562,140.22999572753906,133.88999938964844,134.30999755859375,1863500,0.0,0.0
2022-10-17 00:00:00-04:00,136.33999633789062,139.0800018310547,136.33999633789062,138.22000122070312,1510100,0.0,0.0
2022-10-18 00:00:00-04:00,141.92999267578125,142.57000732421875,138.69000244140625,140.63999938964844,2003500,0.0,0.0
2022-10-19 00:00:00-04:00,139.8300018310547,140.97999572753906,138.25,139.0,1845100,0.0,0.0
2022-10-20 00:00:00-04:00,139.0399932861328,139.8000030517578,134.83999633789062,135.25999450683594,2079300,0.0,0.0
2022-10-21 00:00:00-04:00,135.69000244140625,139.55999755859375,134.80999755859375,139.3300018310547,2346200,0.0,0.0
2022-10-24 00:00:00-04:00,141.0,142.5399932861328,139.64999389648438,141.57000732421875,1358500,0.0,0.0
2022-10-25 00:00:00-04:00,140.82000732421875,146.13999938964844,140.82000732421875,146.0500030517578,2782400,0.0,0.0
2022-10-26 00:00:00-04:00,147.10000610351562,147.86000061035156,144.61000061035156,145.52000427246094,2057500,0.0,0.0
2022-10-27 00:00:00-04:00,146.74000549316406,147.88999938964844,146.22999572753906,146.69000244140625,2015100,0.0,0.0
2022-10-28 00:00:00-04:00,147.07000732421875,151.02999877929688,146.67999267578125,150.27999877929688,2885100,0.0,0.0
2022-10-31 00:00:00-04:00,149.0,151.6300048828125,148.7899932861328,150.07000732421875,2773200,0.0,0.0
2022-11-01 00:00:00-04:00,151.9600067138672,152.9199981689453,146.75999450683594,151.63999938964844,3128500,0.0,0.0
2022-11-02 00:00:00-04:00,152.0,156.72999572753906,150.47000122070312,150.61000061035156,2908100,0.0,0.0
2022-11-03 00:00:00-04:00,149.0399932861328,157.1199951171875,148.97000122070312,154.58999633789062,3720700,0.0,0.0
2022-11-04 00:00:00-04:00,159.1300048828125,159.9600067138672,155.3800048828125,158.69000244140625,2915600,0.0,0.0
2022-11-07 00:00:00-05:00,158.58999633789062,159.8699951171875,157.10000610351562,158.39999389648438,2339700,0.0,0.0
2022-11-08 00:00:00-05:00,159.0,159.97999572753906,157.0800018310547,158.19000244140625,1604100,0.0,0.0
2022-11-09 00:00:00-05:00,156.32000732421875,158.6300048828125,155.8800048828125,156.3000030517578,1485500,0.0,0.0
2022-11-10 00:00:00-05:00,160.5800018310547,162.5500030517578,159.5,162.1300048828125,2386300,0.0,0.0
2022-11-11 00:00:00-05:00,162.69000244140625,163.52000427246094,160.85000610351562,161.60000610351562,2361300,0.0,0.0
2022-11-14 00:00:00-05:00,161.0,164.22999572753906,160.50999450683594,161.64999389648438,1938400,0.0,0.0
2022-11-15 00:00:00-05:00,163.57000732421875,163.64999389648438,160.9600067138672,162.38999938964844,1485400,0.0,0.0
2022-11-16 00:00:00-05:00,161.86000061035156,162.77999877929688,160.2899932861328,161.74000549316406,1498500,0.0,0.0
2022-11-17 00:00:00-05:00,160.1300048828125,162.88999938964844,159.08999633789062,162.6300048828125,1523300,0.0,0.0
2022-11-18 00:00:00-05:00,164.27000427246094,165.1199951171875,162.47999572753906,165.00999450683594,1870100,0.0,0.0
2022-11-21 00:00:00-05:00,164.83999633789062,165.94000244140625,164.0500030517578,164.5500030517578,1227100,0.0,0.0
2022-11-22 00:00:00-05:00,165.25,166.8300018310547,164.72000122070312,166.47999572753906,1568900,0.0,0.0
2022-11-23 00:00:00-05:00,167.0,167.50999450683594,164.99000549316406,165.36000061035156,1401600,0.0,0.0
2022-11-25 00:00:00-05:00,166.41000366210938,167.22000122070312,165.77999877929688,166.11000061035156,628900,0.0,0.0
2022-11-28 00:00:00-05:00,164.69000244140625,165.75,161.8800048828125,162.5500030517578,1723100,0.0,0.0
2022-11-29 00:00:00-05:00,162.07000732421875,162.97999572753906,161.1199951171875,162.14999389648438,1073400,0.0,0.0
2022-11-30 00:00:00-05:00,161.7100067138672,163.7100067138672,159.05999755859375,163.4499969482422,2788400,0.0,0.0
2022-12-01 00:00:00-05:00,163.89999389648438,164.9199981689453,161.11000061035156,163.36000061035156,1486900,0.0,0.0
2022-12-02 00:00:00-05:00,161.05999755859375,163.57000732421875,159.07000732421875,163.30999755859375,1861700,0.0,0.0
2022-12-05 00:00:00-05:00,161.1999969482422,161.77999877929688,159.72999572753906,160.36000061035156,1313000,0.0,0.0
2022-12-06 00:00:00-05:00,159.60000610351562,160.14999389648438,156.3300018310547,157.80999755859375,1567700,0.0,0.0
2022-12-07 00:00:00-05:00,157.08999633789062,158.4199981689453,156.58999633789062,157.27000427246094,1798000,0.0,0.0
2022-12-08 00:00:00-05:00,157.88999938964844,158.86000061035156,157.27999877929688,158.75,1323200,0.0,0.0
2022-12-09 00:00:00-05:00,159.02999877929688,159.42999267578125,157.41000366210938,158.27999877929688,1069000,0.0,0.0
2022-12-12 00:00:00-05:00,158.39999389648438,161.0,157.8699951171875,160.8300018310547,1518000,0.0,0.0
2022-12-13 00:00:00-05:00,165.0,165.3300018310547,161.74000549316406,163.63999938964844,2038900,0.0,0.0
2022-12-14 00:00:00-05:00,163.6300048828125,164.5500030517578,160.72999572753906,161.36000061035156,1616100,0.0,0.0
2022-12-15 00:00:00-05:00,158.92999267578125,159.4199981689453,154.83999633789062,155.3800048828125,1892400,0.0,0.0
2022-12-16 00:00:00-05:00,153.47999572753906,155.0800018310547,151.58999633789062,154.5,3378400,0.0,0.0
2022-12-19 00:00:00-05:00,154.64999389648438,156.66000366210938,154.0500030517578,154.5,1466000,0.0,0.0
2022-12-20 00:00:00-05:00,154.55999755859375,156.3300018310547,153.77999877929688,155.91000366210938,1441200,0.0,0.0
2022-12-21 00:00:00-05:00,157.27000427246094,158.44000244140625,156.6999969482422,158.1199951171875,1331100,0.0,0.0
2022-12-22 00:00:00-05:00,156.9600067138672,157.2100067138672,153.6300048828125,156.11000061035156,1124900,0.0,0.0
2022-12-23 00:00:00-05:00,155.66000366210938,157.00999450683594,155.22000122070312,156.8000030517578,908000,0.0,0.0
2022-12-27 00:00:00-05:00,157.39999389648438,158.27999877929688,156.42999267578125,157.33999633789062,1337600,0.0,0.0
2022-12-28 00:00:00-05:00,157.60000610351562,158.16000366210938,155.50999450683594,155.75,724700,0.0,0.0
2022-12-29 00:00:00-05:00,157.05999755859375,158.1699981689453,156.61000061035156,157.35000610351562,874800,0.0,0.0
2022-12-30 00:00:00-05:00,156.94000244140625,157.4499969482422,155.6199951171875,156.9499969482422,826800,0.0,0.0
2023-01-03 00:00:00-05:00,158.0800018310547,158.94000244140625,155.94000244140625,157.75,1185400,0.0,0.0
2023-01-04 00:00:00-05:00,159.3699951171875,159.5500030517578,156.75,158.82000732421875,1396400,0.0,0.0
2023-01-05 00:00:00-05:00,157.89999389648438,158.8000030517578,156.24000549316406,157.1999969482422,1494700,0.0,0.0
2023-01-06 00:00:00-05:00,159.0399932861328,162.22999572753906,157.75999450683594,161.10000610351562,1732500,0.0,0.0
2023-01-09 00:00:00-05:00,161.5,164.27000427246094,160.60000610351562,160.8800048828125,1235900,0.0,0.0
2023-01-10 00:00:00-05:00,160.97999572753906,162.07000732421875,160.02999877929688,160.41000366210938,1709300,0.0,0.0
2023-01-11 00:00:00-05:00,160.88999938964844,164.17999267578125,160.4600067138672,164.08999633789062,1557400,0.0,0.0
2023-01-12 00:00:00-05:00,165.63999938964844,166.5,164.3000030517578,164.7100067138672,1656100,0.0,0.0
2023-01-13 00:00:00-05:00,163.9499969482422,165.11000061035156,163.17999267578125,164.4499969482422,1589900,0.0,0.0
2023-01-17 00:00:00-05:00,164.3699951171875,164.82000732421875,162.07000732421875,162.41000366210938,1823300,0.0,0.0
2023-01-18 00:00:00-05:00,162.8800048828125,163.22000122070312,157.30999755859375,157.52999877929688,1737000,0.0,0.0
2023-01-19 00:00:00-05:00,156.3699951171875,156.9199981689453,151.5800018310547,151.86000061035156,3001900,0.0,0.0
2023-01-20 00:00:00-05:00,152.52999877929688,155.60000610351562,150.86000061035156,155.50999450683594,1947800,0.0,0.0
2023-01-23 00:00:00-05:00,155.82000732421875,159.32000732421875,154.9499969482422,158.9199981689453,1513800,0.0,0.0
2023-01-24 00:00:00-05:00,159.25999450683594,162.52000427246094,156.60000610351562,161.69000244140625,1589800,0.0,0.0
2023-01-25 00:00:00-05:00,160.1300048828125,160.1300048828125,156.0800018310547,159.13999938964844,1341100,0.0,0.0
2023-01-26 00:00:00-05:00,160.49000549316406,161.55999755859375,158.4499969482422,160.89999389648438,1363100,0.0,0.0
2023-01-27 00:00:00-05:00,160.5,163.36000061035156,160.1199951171875,162.24000549316406,1283700,0.0,0.0
2023-01-30 00:00:00-05:00,161.00999450683594,162.60000610351562,160.6300048828125,160.8699951171875,1157700,0.0,0.0
2023-01-31 00:00:00-05:00,161.80999755859375,162.47999572753906,159.0800018310547,162.2100067138672,2146900,0.0,0.0
2023-02-01 00:00:00-05:00,161.6999969482422,164.72999572753906,160.88999938964844,163.33999633789062,1757800,0.0,0.0
2023-02-02 00:00:00-05:00,164.32000732421875,164.75999450683594,161.05999755859375,161.9600067138672,2637900,0.0,0.0
2023-02-03 00:00:00-05:00,161.1999969482422,163.75999450683594,160.72000122070312,163.24000549316406,1753200,0.0,0.0
2023-02-06 00:00:00-05:00,161.41000366210938,163.00999450683594,161.10000610351562,162.35000610351562,1681800,0.0,0.0
2023-02-07 00:00:00-05:00,161.27999877929688,164.7899932861328,161.27999877929688,164.49000549316406,2222400,0.0,0.0
2023-02-08 00:00:00-05:00,162.6300048828125,170.3699951171875,162.08999633789062,168.8800048828125,3937600,0.0,0.0
2023-02-09 00:00:00-05:00,169.38999938964844,170.8000030517578,166.97999572753906,167.27000427246094,3273600,0.0,0.0
2023-02-10 00:00:00-05:00,167.80999755859375,171.1699981689453,166.91000366210938,170.91000366210938,2256100,0.0,0.0
2023-02-13 00:00:00-05:00,171.5399932861328,175.61000061035156,171.4199981689453,174.32000732421875,2501600,0.0,0.0
2023-02-14 00:00:00-05:00,173.33999633789062,175.0399932861328,171.25999450683594,172.97000122070312,1244800,0.0,0.0
2023-02-15 00:00:00-05:00,172.44000244140625,173.83999633789062,171.66000366210938,173.75,1037600,0.0,0.0
2023-02-16 00:00:00-05:00,172.24000549316406,174.8000030517578,171.22999572753906,174.11000061035156,1497500,0.0,0.0
2023-02-17 00:00:00-05:00,174.0,176.19000244140625,172.92999267578125,175.24000549316406,1682700,0.0,0.0
2023-02-21 00:00:00-05:00,173.72000122070312,174.6199951171875,169.9499969482422,170.75999450683594,1484000,0.0,0.0
2023-02-22 00:00:00-05:00,171.22999572753906,173.14999389648438,170.4199981689453,171.30999755859375,1555400,0.0,0.0
2023-02-23 00:00:00-05:00,172.58999633789062,173.1699981689453,170.0,172.77999877929688,1286500,0.0,0.0
2023-02-24 00:00:00-05:00,170.41000366210938,173.2899932861328,170.0,173.25,1708100,0.0,0.0
2023-02-27 00:00:00-05:00,174.5500030517578,175.25,173.4199981689453,174.3800048828125,1927900,0.0,0.0
2023-02-28 00:00:00-05:00,173.99000549316406,175.41000366210938,173.47999572753906,174.92999267578125,2288500,0.0,0.0
2023-03-01 00:00:00-05:00,174.50999450683594,175.85000610351562,173.41000366210938,173.8300018310547,1676600,0.0,0.0
2023-03-02 00:00:00-05:00,172.82000732421875,175.4499969482422,171.9199981689453,175.14999389648438,1442200,0.0,0.0
2023-03-03 00:00:00-05:00,175.49000549316406,177.66000366210938,173.94000244140625,177.5500030517578,1546500,0.0,0.0
2023-03-06 00:00:00-05:00,177.72000122070312,178.75,176.83999633789062,177.14999389648438,1386100,0.0,0.0
2023-03-07 00:00:00-05:00,177.07000732421875,177.14999389648438,174.86000061035156,175.5,1605700,0.0,0.0
2023-03-08 00:00:00-05:00,175.74000549316406,177.4499969482422,175.1199951171875,177.2100067138672,1975500,0.0,0.0
2023-03-09 00:00:00-05:00,178.25999450683594,178.25999450683594,173.85000610351562,174.3699951171875,2014000,0.0,0.0
2023-03-10 00:00:00-05:00,174.64999389648438,174.67999267578125,169.8699951171875,170.3000030517578,2754200,0.0,0.0
2023-03-13 00:00:00-04:00,167.88999938964844,171.52999877929688,166.63999938964844,169.1699981689453,2337900,0.0,0.0
2023-03-14 00:00:00-04:00,172.1999969482422,173.38999938964844,169.3300018310547,171.8300018310547,2462300,0.0,0.0
2023-03-15 00:00:00-04:00,168.14999389648438,168.25,157.89999389648438,159.27000427246094,4526100,0.0,0.0
2023-03-16 00:00:00-04:00,159.47000122070312,165.07000732421875,157.91000366210938,164.3800048828125,3451800,0.0,0.0
2023-03-17 00:00:00-04:00,163.55999755859375,163.92999267578125,158.9600067138672,160.14999389648438,6000400,0.0,0.0
2023-03-20 00:00:00-04:00,162.7899932861328,164.6699981689453,161.6199951171875,163.55999755859375,2009000,0.0,0.0
2023-03-21 00:00:00-04:00,166.08999633789062,167.44000244140625,165.58999633789062,166.94000244140625,1517500,0.0,0.0
2023-03-22 00:00:00-04:00,167.0,170.5500030517578,166.1300048828125,166.16000366210938,2213200,0.0,0.0
2023-03-23 00:00:00-04:00,166.1199951171875,168.33999633789062,163.13999938964844,164.5399932861328,2143400,0.0,0.0
2023-03-24 00:00:00-04:00,163.4499969482422,164.0399932861328,160.22999572753906,163.63999938964844,2194900,0.0,0.0
2023-03-27 00:00:00-04:00,165.0800018310547,165.16000366210938,163.1300048828125,163.8800048828125,1890900,0.0,0.0
2023-03-28 00:00:00-04:00,163.9600067138672,165.66000366210938,163.88999938964844,165.58999633789062,1637400,0.0,0.0
2023-03-29 00:00:00-04:00,167.13999938964844,167.82000732421875,165.74000549316406,167.6300048828125,1789600,0.0,0.0
2023-03-30 00:00:00-04:00,169.2100067138672,170.7899932861328,168.32000732421875,169.08999633789062,1699800,0.0,0.0
2023-03-31 00:00:00-04:00,170.24000549316406,171.75999450683594,169.27000427246094,171.33999633789062,2931500,0.0,0.0
2023-04-03 00:00:00-04:00,170.52000427246094,172.19000244140625,169.7899932861328,170.5399932861328,1352800,0.0,0.0
2023-04-04 00:00:00-04:00,170.63999938964844,170.63999938964844,161.5500030517578,162.25,3301300,0.0,0.0
2023-04-05 00:00:00-04:00,160.52999877929688,161.33999633789062,156.83999633789062,158.47000122070312,3049100,0.0,0.0
2023-04-06 00:00:00-04:00,157.8000030517578,158.89999389648438,155.7100067138672,156.25,2653200,0.0,0.0
2023-04-10 00:00:00-04:00,155.60000610351562,157.8699951171875,155.3800048828125,157.44000244140625,2701400,0.0,0.0
2023-04-11 00:00:00-04:00,157.97999572753906,159.30999755859375,157.3000030517578,158.8000030517578,2167300,0.0,0.0
2023-04-12 00:00:00-04:00,160.97000122070312,163.67999267578125,160.49000549316406,162.22000122070312,2271400,0.0,0.0
2023-04-13 00:00:00-04:00,161.25,161.52999877929688,156.8000030517578,160.69000244140625,2676400,0.0,0.0
2023-04-14 00:00:00-04:00,161.58999633789062,163.83999633789062,160.5800018310547,161.82000732421875,1178400,0.0,0.0
2023-04-17 00:00:00-04:00,162.61000061035156,163.89999389648438,162.05999755859375,163.05999755859375,1439200,0.0,0.0
2023-04-18 00:00:00-04:00,163.9499969482422,165.6300048828125,163.39999389648438,163.69000244140625,1620100,0.0,0.0
2023-04-19 00:00:00-04:00,163.82000732421875,164.77999877929688,161.27000427246094,163.39999389648438,1525600,0.0,0.0
2023-04-20 00:00:00-04:00,162.14999389648438,163.88999938964844,161.9600067138672,162.9600067138672,1119500,0.0,0.0
2023-04-21 00:00:00-04:00,163.41000366210938,163.7899932861328,161.17999267578125,162.8800048828125,1046300,0.0,0.0
2023-04-24 00:00:00-04:00,162.75999450683594,163.94000244140625,162.75999450683594,163.7899932861328,1047500,0.0,0.0
2023-04-25 00:00:00-04:00,164.83999633789062,168.1699981689453,163.6300048828125,163.77999877929688,2216000,0.0,0.0
2023-04-26 00:00:00-04:00,162.14999389648438,163.72000122070312,161.1199951171875,161.9199981689453,1504900,0.0,0.0
2023-04-27 00:00:00-04:00,163.10000610351562,168.02999877929688,162.0399932861328,167.97000122070312,2086600,0.0,0.0
2023-04-28 00:00:00-04:00,167.3300018310547,168.4199981689453,166.27000427246094,167.1199951171875,2140200,0.0,0.0
2023-05-01 00:00:00-04:00,167.2100067138672,170.4199981689453,166.52999877929688,168.77999877929688,1794100,0.0,0.0
2023-05-02 00:00:00-04:00,168.88999938964844,174.02999877929688,166.39999389648438,173.25,3755400,0.0,0.0
2023-05-03 00:00:00-04:00,174.9499969482422,176.89999389648438,172.00999450683594,172.3800048828125,2200800,0.0,0.0
2023-05-04 00:00:00-04:00,171.36000061035156,171.38999938964844,167.35000610351562,168.44000244140625,2115300,0.0,0.0
2023-05-05 00:00:00-04:00,169.5500030517578,171.66000366210938,169.1999969482422,171.0500030517578,1914900,0.0,0.0
2023-05-08 00:00:00-04:00,171.67999267578125,171.9499969482422,168.55999755859375,169.8800048828125,1657400,0.0,0.0
2023-05-09 00:00:00-04:00,169.30999755859375,171.0,168.27999877929688,170.5500030517578,1100200,0.0,0.0
2023-05-10 00:00:00-04:00,171.61000061035156,172.2100067138672,167.25,169.11000061035156,1435400,0.0,0.0
2023-05-11 00:00:00-04:00,167.9600067138672,168.69000244140625,166.9499969482422,168.52000427246094,1145900,0.0,0.0
2023-05-12 00:00:00-04:00,169.77999877929688,170.2899932861328,166.7100067138672,168.5800018310547,892100,0.0,0.0
2023-05-15 00:00:00-04:00,169.0399932861328,171.00999450683594,168.42999267578125,169.9199981689453,1317000,0.0,0.0
2023-05-16 00:00:00-04:00,168.6699981689453,168.69000244140625,165.24000549316406,166.41000366210938,2031300,0.0,0.0
2023-05-17 00:00:00-04:00,167.2899932861328,171.4600067138672,167.19000244140625,171.0,2022500,0.0,0.0
2023-05-18 00:00:00-04:00,170.6199951171875,174.9499969482422,170.39999389648438,174.61000061035156,2729900,0.0,0.0
2023-05-19 00:00:00-04:00,175.57000732421875,177.49000549316406,172.0800018310547,174.14999389648438,1762100,0.0,0.0
2023-05-22 00:00:00-04:00,174.2100067138672,176.1300048828125,172.13999938964844,174.17999267578125,1459200,0.0,0.0
2023-05-23 00:00:00-04:00,172.7899932861328,174.27999877929688,170.97999572753906,171.36000061035156,1949000,0.0,0.0
2023-05-24 00:00:00-04:00,170.27999877929688,170.3000030517578,167.3300018310547,168.1699981689453,1952700,0.0,0.0
2023-05-25 00:00:00-04:00,174.50999450683594,177.3000030517578,172.6699981689453,176.9499969482422,3880800,0.0,0.0
2023-05-26 00:00:00-04:00,177.97999572753906,183.75,177.5800018310547,182.4600067138672,4137100,0.0,0.0
2023-05-30 00:00:00-04:00,183.50999450683594,184.97000122070312,180.41000366210938,181.80999755859375,2266900,0.0,0.0
2023-05-31 00:00:00-04:00,181.08999633789062,181.69000244140625,175.50999450683594,175.89999389648438,3138800,0.0,0.0
2023-06-01 00:00:00-04:00,176.50999450683594,180.02000427246094,175.2899932861328,179.0399932861328,2083700,0.0,0.0
2023-06-02 00:00:00-04:00,181.41000366210938,187.3800048828125,181.3000030517578,186.47999572753906,2763100,0.0,0.0
2023-06-05 00:00:00-04:00,186.3800048828125,186.3800048828125,183.1999969482422,183.58999633789062,1769400,0.0,0.0
2023-06-06 00:00:00-04:00,182.82000732421875,185.27000427246094,182.36000061035156,183.4199981689453,1176800,0.0,0.0
2023-06-07 00:00:00-04:00,183.47999572753906,188.72000122070312,182.1999969482422,188.60000610351562,2623000,0.0,0.0
2023-06-08 00:00:00-04:00,187.44000244140625,188.77999877929688,184.6999969482422,187.82000732421875,3045900,0.0,0.0
2023-06-09 00:00:00-04:00,187.89999389648438,188.22999572753906,185.0,187.3000030517578,1559300,0.0,0.0
2023-06-12 00:00:00-04:00,187.30999755859375,190.10000610351562,185.5500030517578,189.5500030517578,1434900,0.0,0.0
2023-06-13 00:00:00-04:00,189.2899932861328,193.89999389648438,188.35000610351562,193.86000061035156,1938500,0.0,0.0
2023-06-14 00:00:00-04:00,193.55999755859375,194.8800048828125,191.92999267578125,193.07000732421875,1836700,0.0,0.0
2023-06-15 00:00:00-04:00,192.69000244140625,197.49000549316406,192.1300048828125,196.88999938964844,2287400,0.0,0.0
2023-06-16 00:00:00-04:00,192.7899932861328,196.8800048828125,190.27999877929688,191.25999450683594,6249200,0.0,0.0
2023-06-20 00:00:00-04:00,189.58999633789062,194.57000732421875,189.25999450683594,194.22999572753906,2234900,0.0,0.0
2023-06-21 00:00:00-04:00,193.4499969482422,195.72000122070312,192.85000610351562,194.83999633789062,2497300,0.0,0.0
2023-06-22 00:00:00-04:00,194.9199981689453,196.47000122070312,193.14999389648438,195.60000610351562,2189800,0.0,0.0
2023-06-23 00:00:00-04:00,193.77999877929688,195.47999572753906,192.97000122070312,194.4600067138672,2299400,0.0,0.0
2023-06-26 00:00:00-04:00,194.47000122070312,197.92999267578125,194.25999450683594,196.0800018310547,1205900,0.0,0.0
2023-06-27 00:00:00-04:00,196.10000610351562,198.38999938964844,195.7100067138672,197.64999389648438,1560700,0.0,0.0
2023-06-28 00:00:00-04:00,197.9600067138672,197.9600067138672,194.14999389648438,194.75,2791100,0.0,0.0
2023-06-29 00:00:00-04:00,196.05999755859375,199.72000122070312,194.86000061035156,198.85000610351562,2471900,0.0,0.0
2023-06-30 00:00:00-04:00,199.80999755859375,202.36000061035156,199.17999267578125,201.10000610351562,1745600,0.0,0.0
2023-07-03 00:00:00-04:00,199.75,201.2100067138672,198.5,200.6300048828125,740900,0.0,0.0
2023-07-05 00:00:00-04:00,199.08999633789062,200.47999572753906,198.25999450683594,198.89999389648438,1585900,0.0,0.0
2023-07-06 00:00:00-04:00,197.5500030517578,198.75,196.35000610351562,197.75,1862900,0.0,0.0
2023-07-07 00:00:00-04:00,197.25,200.86000061035156,196.75999450683594,198.4600067138672,1586700,0.0,0.0
2023-07-10 00:00:00-04:00,199.19000244140625,203.14999389648438,198.94000244140625,203.05999755859375,1629100,0.0,0.0
2023-07-11 00:00:00-04:00,201.6699981689453,203.64999389648438,201.27000427246094,202.97000122070312,1769100,0.0,0.0
2023-07-12 00:00:00-04:00,205.0,205.02000427246094,201.66000366210938,201.9199981689453,1636500,0.0,0.0
2023-07-13 00:00:00-04:00,202.50999450683594,205.14999389648438,201.17999267578125,204.36000061035156,1498400,0.0,0.0
2023-07-14 00:00:00-04:00,203.9600067138672,204.33999633789062,202.10000610351562,203.4600067138672,1087000,0.0,0.0
2023-07-17 00:00:00-04:00,203.35000610351562,206.58999633789062,202.22000122070312,205.9600067138672,1385500,0.0,0.0
2023-07-18 00:00:00-04:00,206.2100067138672,210.72999572753906,205.97000122070312,210.33999633789062,2500100,0.0,0.0
2023-07-19 00:00:00-04:00,208.4199981689453,211.1999969482422,208.27999877929688,209.80999755859375,2516200,0.0,0.0
2023-07-20 00:00:00-04:00,210.8699951171875,211.8300018310547,209.86000061035156,210.91000366210938,1974400,0.0,0.0
2023-07-21 00:00:00-04:00,210.83999633789062,211.52000427246094,206.75999450683594,207.69000244140625,2583200,0.0,0.0
2023-07-24 00:00:00-04:00,208.3300018310547,209.67999267578125,207.0,207.36000061035156,1651300,0.0,0.0
2023-07-25 00:00:00-04:00,205.5800018310547,207.42999267578125,205.0800018310547,206.2899932861328,2275600,0.0,0.0
2023-07-26 00:00:00-04:00,204.83999633789062,205.97999572753906,200.86000061035156,203.0399932861328,2676100,0.0,0.0
2023-07-27 00:00:00-04:00,204.60000610351562,204.60000610351562,201.47999572753906,202.10000610351562,3367200,0.0,0.0
2023-07-28 00:00:00-04:00,203.91000366210938,204.57000732421875,202.25,203.3000030517578,2031400,0.0,0.0
2023-07-31 00:00:00-04:00,204.69000244140625,205.52999877929688,203.25,205.32000732421875,2346400,0.0,0.0
2023-08-01 00:00:00-04:00,211.38999938964844,219.89999389648438,211.0,219.0,5024400,0.0,0.0
2023-08-02 00:00:00-04:00,218.0800018310547,225.75999450683594,216.38999938964844,218.8699951171875,3603800,0.0,0.0
2023-08-03 00:00:00-04:00,217.74000549316406,219.44000244140625,215.63999938964844,217.10000610351562,2133200,0.0,0.0
2023-08-04 00:00:00-04:00,217.92999267578125,219.27999877929688,215.6999969482422,215.89999389648438,2043800,0.0,0.0
2023-08-07 00:00:00-04:00,217.32000732421875,221.72999572753906,217.0,221.08999633789062,1478500,0.0,0.0
2023-08-08 00:00:00-04:00,219.99000549316406,220.55999755859375,217.94000244140625,220.1999969482422,1593000,0.0,0.0
2023-08-09 00:00:00-04:00,219.91000366210938,220.55999755859375,216.9199981689453,217.8300018310547,1709300,0.0,0.0
2023-08-10 00:00:00-04:00,217.6199951171875,220.0399932861328,215.89999389648438,216.92999267578125,1314000,0.0,0.0
2023-08-11 00:00:00-04:00,217.69000244140625,219.72000122070312,217.0500030517578,218.36000061035156,1034200,0.0,0.0
2023-08-14 00:00:00-04:00,217.27999877929688,220.13999938964844,217.27000427246094,219.0399932861328,1274300,0.0,0.0
2023-08-15 00:00:00-04:00,217.8000030517578,218.63999938964844,216.7899932861328,217.94000244140625,965600,0.0,0.0
2023-08-16 00:00:00-04:00,218.0,219.89999389648438,216.0,216.08999633789062,1245500,0.0,0.0
2023-08-17 00:00:00-04:00,216.86000061035156,218.47000122070312,213.86000061035156,214.3800048828125,1092100,0.0,0.0
2023-08-18 00:00:00-04:00,212.74000549316406,216.27000427246094,212.10000610351562,214.64999389648438,1728600,0.0,0.0
2023-08-21 00:00:00-04:00,215.47999572753906,216.22999572753906,213.05999755859375,215.74000549316406,1342900,0.0,0.0
2023-08-22 00:00:00-04:00,217.11000061035156,217.83999633789062,215.33999633789062,217.2899932861328,1492900,0.0,0.0
2023-08-23 00:00:00-04:00,217.77000427246094,222.7899932861328,217.77000427246094,221.3000030517578,1757700,0.0,0.0
2023-08-24 00:00:00-04:00,221.8000030517578,224.17999267578125,220.7100067138672,220.91000366210938,2822600,0.0,0.0
2023-08-25 00:00:00-04:00,222.0,225.5,219.63999938964844,224.25,2433500,0.0,0.0
2023-08-28 00:00:00-04:00,224.22000122070312,227.6999969482422,224.16000366210938,226.24000549316406,1611300,0.0,0.0
2023-08-29 00:00:00-04:00,225.08999633789062,228.83999633789062,225.08999633789062,228.0800018310547,1392100,0.0,0.0
2023-08-30 00:00:00-04:00,229.0399932861328,230.22999572753906,227.9600067138672,230.0800018310547,1235500,0.0,0.0
2023-08-31 00:00:00-04:00,230.0,232.24000549316406,229.38999938964844,230.3699951171875,2040900,0.0,0.0
2023-09-01 00:00:00-04:00,231.44000244140625,233.97999572753906,231.17999267578125,233.6699981689453,1423100,0.0,0.0
2023-09-05 00:00:00-04:00,233.0,233.57000732421875,228.52999877929688,229.57000732421875,1614500,0.0,0.0
2023-09-06 00:00:00-04:00,229.57000732421875,232.5399932861328,229.13999938964844,231.61000061035156,1699300,0.0,0.0
2023-09-07 00:00:00-04:00,230.8000030517578,235.1999969482422,230.1199951171875,234.80999755859375,1751100,0.0,0.0
2023-09-08 00:00:00-04:00,234.44000244140625,236.19000244140625,233.8699951171875,236.1300048828125,1414700,0.0,0.0
2023-09-11 00:00:00-04:00,236.41000366210938,238.13999938964844,235.0,238.0399932861328,1539500,0.0,0.0
2023-09-12 00:00:00-04:00,236.9199981689453,240.44000244140625,225.63999938964844,227.89999389648438,5506800,0.0,0.0
2023-09-13 00:00:00-04:00,224.8000030517578,226.39999389648438,219.8699951171875,221.41000366210938,5816500,0.0,0.0
2023-09-14 00:00:00-04:00,223.39999389648438,224.44000244140625,221.1199951171875,222.14999389648438,2267700,0.0,0.0
2023-09-15 00:00:00-04:00,219.69000244140625,219.69000244140625,214.80999755859375,217.63999938964844,5062100,0.0,0.0
2023-09-18 00:00:00-04:00,217.27000427246094,221.6300048828125,216.41000366210938,219.14999389648438,2258400,0.0,0.0
2023-09-19 00:00:00-04:00,218.25,218.97000122070312,212.30999755859375,216.16000366210938,2551300,0.0,0.0
2023-09-20 00:00:00-04:00,217.44000244140625,220.22000122070312,214.33999633789062,214.64999389648438,1229400,0.0,0.0
2023-09-21 00:00:00-04:00,214.0,214.0,210.1300048828125,210.64999389648438,1937100,0.0,0.0
2023-09-22 00:00:00-04:00,209.77000427246094,214.17999267578125,209.02000427246094,212.66000366210938,2068300,0.0,0.0
2023-09-25 00:00:00-04:00,212.6699981689453,216.92999267578125,211.72999572753906,215.89999389648438,2133200,0.0,0.0
2023-09-26 00:00:00-04:00,214.47999572753906,215.4600067138672,210.61000061035156,211.07000732421875,1708300,0.0,0.0
2023-09-27 00:00:00-04:00,212.89999389648438,215.27000427246094,212.14999389648438,214.36000061035156,2033300,0.0,0.0
2023-09-28 00:00:00-04:00,213.6300048828125,217.33999633789062,213.07000732421875,215.52999877929688,1515700,0.0,0.0
2023-09-29 00:00:00-04:00,216.88999938964844,217.0,212.72999572753906,213.27999877929688,1315800,0.0,0.0
2023-10-02 00:00:00-04:00,213.44000244140625,214.61000061035156,207.94000244140625,210.24000549316406,1989400,0.0,0.0
2023-10-03 00:00:00-04:00,210.6999969482422,213.49000549316406,207.22999572753906,209.0500030517578,1676900,0.0,0.0
2023-10-04 00:00:00-04:00,208.85000610351562,210.35000610351562,206.5500030517578,209.33999633789062,1649700,0.0,0.0
2023-10-05 00:00:00-04:00,208.72000122070312,209.1300048828125,202.91000366210938,203.17999267578125,2983300,0.0,0.0
2023-10-06 00:00:00-04:00,204.0,211.6300048828125,202.83999633789062,210.19000244140625,2546300,0.0,0.0
2023-10-09 00:00:00-04:00,210.27999877929688,213.47000122070312,208.32000732421875,213.27999877929688,1721300,0.0,0.0
2023-10-10 00:00:00-04:00,213.41000366210938,216.22000122070312,212.3300018310547,213.24000549316406,1743600,0.0,0.0
2023-10-11 00:00:00-04:00,214.25,215.99000549316406,213.3699951171875,215.8699951171875,1132000,0.0,0.0
2023-10-12 00:00:00-04:00,216.4499969482422,220.4600067138672,215.35000610351562,217.4499969482422,2489500,0.0,0.0
2023-10-13 00:00:00-04:00,215.42999267578125,217.44000244140625,207.14999389648438,208.60000610351562,2656100,0.0,0.0
2023-10-16 00:00:00-04:00,211.0800018310547,214.60000610351562,208.91000366210938,211.6300048828125,1486700,0.0,0.0
2023-10-17 00:00:00-04:00,210.63999938964844,213.44000244140625,208.80999755859375,211.77000427246094,1149500,0.0,0.0
2023-10-18 00:00:00-04:00,206.91000366210938,206.91000366210938,201.1199951171875,202.41000366210938,2520000,0.0,0.0
2023-10-19 00:00:00-04:00,202.10000610351562,204.74000549316406,199.00999450683594,199.91000366210938,2001300,0.0,0.0
2023-10-20 00:00:00-04:00,199.3699951171875,199.99000549316406,191.82000732421875,193.99000549316406,4930400,0.0,0.0
2023-10-23 00:00:00-04:00,194.27000427246094,197.8000030517578,193.25999450683594,195.47000122070312,2759400,0.0,0.0
2023-10-24 00:00:00-04:00,197.47999572753906,199.85000610351562,195.6699981689453,199.63999938964844,2360100,0.0,0.0
2023-10-25 00:00:00-04:00,201.89999389648438,203.08999633789062,195.07000732421875,195.22999572753906,1810900,0.0,0.0
2023-10-26 00:00:00-04:00,196.14999389648438,200.14999389648438,195.3000030517578,196.5500030517578,1699900,0.0,0.0
2023-10-27 00:00:00-04:00,196.44000244140625,198.42999267578125,193.77000427246094,195.30999755859375,1780900,0.0,0.0
2023-10-30 00:00:00-04:00,197.64999389648438,199.10000610351562,196.1199951171875,197.77999877929688,2518800,0.0,0.0
2023-10-31 00:00:00-04:00,199.60000610351562,208.8800048828125,198.67999267578125,207.91000366210938,4811000,0.0,0.0
2023-11-01 00:00:00-04:00,209.3300018310547,215.72000122070312,208.85000610351562,214.8300018310547,3716200,0.0,0.0
2023-11-02 00:00:00-04:00,216.60000610351562,219.64999389648438,214.13999938964844,216.16000366210938,2628600,0.0,0.0
2023-11-03 00:00:00-04:00,218.7100067138672,219.5399932861328,214.72000122070312,214.7899932861328,1852900,0.0,0.0
2023-11-06 00:00:00-05:00,214.52000427246094,216.60000610351562,211.99000549316406,216.42999267578125,1584200,0.0,0.0
2023-11-07 00:00:00-05:00,214.80999755859375,218.22000122070312,214.02999877929688,215.83999633789062,1503600,0.0,0.0
2023-11-08 00:00:00-05:00,216.85000610351562,218.49000549316406,215.63999938964844,217.60000610351562,1508800,0.0,0.0
2023-11-09 00:00:00-05:00,219.5,223.27000427246094,217.61000061035156,218.3800048828125,2428900,0.0,0.0
2023-11-10 00:00:00-05:00,220.08999633789062,222.25999450683594,217.91000366210938,221.82000732421875,1632300,0.0,0.0
2023-11-13 00:00:00-05:00,221.57000732421875,223.02999877929688,220.24000549316406,222.57000732421875,1421800,0.0,0.0
2023-11-14 00:00:00-05:00,225.11000061035156,229.00999450683594,223.8699951171875,228.10000610351562,1801200,0.0,0.0
2023-11-15 00:00:00-05:00,228.0,228.97999572753906,225.22999572753906,225.64999389648438,2678000,0.0,0.0
2023-11-16 00:00:00-05:00,226.5,228.25999450683594,225.88999938964844,226.8000030517578,1633000,0.0,0.0
2023-11-17 00:00:00-05:00,226.72000122070312,228.44000244140625,226.3800048828125,227.8000030517578,2036200,0.0,0.0
2023-11-20 00:00:00-05:00,226.92999267578125,227.55999755859375,225.25999450683594,226.9199981689453,2142300,0.0,0.0
2023-11-21 00:00:00-05:00,226.6300048828125,227.7100067138672,225.5800018310547,227.00999450683594,1568500,0.0,0.0
2023-11-22 00:00:00-05:00,227.8800048828125,231.42999267578125,227.6300048828125,228.91000366210938,1470600,0.0,0.0
2023-11-24 00:00:00-05:00,229.74000549316406,230.35000610351562,228.13999938964844,228.72000122070312,526200,0.0,0.0
2023-11-27 00:00:00-05:00,228.27999877929688,229.88999938964844,227.6999969482422,228.77999877929688,975200,0.0,0.0
2023-11-28 00:00:00-05:00,228.55999755859375,229.3300018310547,224.52000427246094,224.58999633789062,1886200,0.0,0.0
2023-11-29 00:00:00-05:00,227.4600067138672,228.5800018310547,225.3300018310547,225.8000030517578,1432200,0.0,0.0
2023-11-30 00:00:00-05:00,226.94000244140625,228.47000122070312,225.9199981689453,227.69000244140625,2210100,0.0,0.0
2023-12-01 00:00:00-05:00,227.8300018310547,232.00999450683594,227.60000610351562,230.4600067138672,1605600,0.0,0.0
2023-12-04 00:00:00-05:00,228.6199951171875,229.32000732421875,226.19000244140625,228.1999969482422,1592400,0.0,0.0
2023-12-05 00:00:00-05:00,227.4199981689453,227.8800048828125,224.61000061035156,225.60000610351562,1392600,0.0,0.0
2023-12-06 00:00:00-05:00,228.0399932861328,232.58999633789062,226.6300048828125,226.9199981689453,1305400,0.0,0.0
2023-12-07 00:00:00-05:00,227.74000549316406,229.33999633789062,226.8000030517578,227.92999267578125,1397900,0.0,0.0
2023-12-08 00:00:00-05:00,228.17999267578125,233.4499969482422,227.92999267578125,232.30999755859375,1909600,0.0,0.0
2023-12-11 00:00:00-05:00,233.72999572753906,236.67999267578125,232.6999969482422,234.67999267578125,1575200,0.0,0.0
2023-12-12 00:00:00-05:00,235.02999877929688,237.6199951171875,234.80999755859375,237.0500030517578,1258900,0.0,0.0
2023-12-13 00:00:00-05:00,237.4600067138672,238.0800018310547,234.36000061035156,236.7899932861328,1210300,0.0,0.0
2023-12-14 00:00:00-05:00,238.83999633789062,239.88999938964844,235.8699951171875,237.6999969482422,2209000,0.0,0.0
2023-12-15 00:00:00-05:00,234.25,238.47999572753906,233.91000366210938,237.41000366210938,4369800,0.0,0.0
2023-12-18 00:00:00-05:00,237.7100067138672,238.6999969482422,236.3699951171875,237.1300048828125,1523900,0.0,0.0
2023-12-19 00:00:00-05:00,237.69000244140625,239.05999755859375,236.64999389648438,238.14999389648438,1012900,0.0,0.0
2023-12-20 00:00:00-05:00,237.97999572753906,238.58999633789062,233.74000549316406,233.9499969482422,1435100,0.0,0.0
2023-12-21 00:00:00-05:00,235.72000122070312,237.4499969482422,234.17999267578125,237.2899932861328,1054500,0.0,0.0
2023-12-22 00:00:00-05:00,237.89999389648438,239.25999450683594,237.3000030517578,238.63999938964844,743100,0.0,0.0
2023-12-26 00:00:00-05:00,238.72999572753906,240.72000122070312,238.72999572753906,240.2100067138672,683900,0.0,0.0
2023-12-27 00:00:00-05:00,240.02999877929688,241.36000061035156,239.82000732421875,240.82000732421875,938400,0.0,0.0
2023-12-28 00:00:00-05:00,239.5,241.83999633789062,238.38999938964844,240.75,773300,0.0,0.0
2023-12-29 00:00:00-05:00,241.2899932861328,241.97000122070312,239.91000366210938,240.82000732421875,949000,0.0,0.0
2024-01-02 00:00:00-05:00,238.88999938964844,240.27000427246094,236.85000610351562,238.89999389648438,1309000,0.0,0.0
2024-01-03 00:00:00-05:00,237.39999389648438,237.44000244140625,231.83999633789062,233.10000610351562,1843200,0.0,0.0
2024-01-04 00:00:00-05:00,233.75999450683594,236.9499969482422,233.75999450683594,234.47999572753906,1303600,0.0,0.0
2024-01-05 00:00:00-05:00,234.5800018310547,235.55999755859375,233.72999572753906,234.86000061035156,985800,0.0,0.0
2024-01-08 00:00:00-05:00,236.1300048828125,239.1699981689453,234.1999969482422,238.97999572753906,1278600,0.0,0.0
2024-01-09 00:00:00-05:00,237.4499969482422,239.75999450683594,235.6699981689453,239.47999572753906,974300,0.0,0.0
2024-01-10 00:00:00-05:00,241.0,242.41000366210938,239.80999755859375,240.88999938964844,1233000,0.0,0.0
2024-01-11 00:00:00-05:00,241.39999389648438,243.64999389648438,239.22000122070312,243.4199981689453,1366600,0.0,0.0
2024-01-12 00:00:00-05:00,244.27000427246094,244.27000427246094,240.77000427246094,242.11000061035156,1011700,0.0,0.0
2024-01-16 00:00:00-05:00,241.17999267578125,243.25,239.1999969482422,241.74000549316406,1538300,0.0,0.0
2024-01-17 00:00:00-05:00,236.89999389648438,238.97999572753906,236.0399932861328,237.25999450683594,2041800,0.0,0.0
2024-01-18 00:00:00-05:00,237.3000030517578,240.67999267578125,236.1999969482422,240.1199951171875,1295300,0.0,0.0
2024-01-19 00:00:00-05:00,241.77000427246094,244.6199951171875,240.0500030517578,244.60000610351562,1500400,0.0,0.0
2024-01-22 00:00:00-05:00,245.75999450683594,246.9499969482422,243.66000366210938,243.89999389648438,1727400,0.0,0.0
2024-01-23 00:00:00-05:00,244.0,244.0,239.1699981689453,243.25,1959300,0.0,0.0
2024-01-24 00:00:00-05:00,244.92999267578125,244.99000549316406,241.4499969482422,241.57000732421875,1541900,0.0,0.0
2024-01-25 00:00:00-05:00,243.72999572753906,246.2899932861328,241.8699951171875,245.82000732421875,1678400,0.0,0.0
2024-01-26 00:00:00-05:00,246.0,247.5500030517578,245.00999450683594,245.88999938964844,1138600,0.0,0.0
2024-01-29 00:00:00-05:00,244.41000366210938,248.80999755859375,244.35000610351562,248.72000122070312,1464800,0.0,0.0
2024-01-30 00:00:00-05:00,248.80999755859375,251.13999938964844,248.05999755859375,250.27000427246094,1828000,0.0,0.0
2024-01-31 00:00:00-05:00,248.75999450683594,250.63999938964844,245.66000366210938,246.0800018310547,2300900,0.0,0.0
2024-02-01 00:00:00-05:00,255.6300048828125,264.75,255.4600067138672,264.57000732421875,3663800,0.0,0.0
2024-02-02 00:00:00-05:00,266.1300048828125,271.7799987792969,265.260009765625,270.1000061035156,3172800,0.0,0.0
2024-02-05 00:00:00-05:00,269.3599853515625,270.70001220703125,266.55999755859375,269.4200134277344,1990000,0.0,0.0
2024-02-06 00:00:00-05:00,270.29998779296875,272.32000732421875,267.9599914550781,271.1199951171875,1919200,0.0,0.0
2024-02-07 00:00:00-05:00,272.8800048828125,274.010009765625,271.1499938964844,272.8500061035156,1377600,0.0,0.0
2024-02-08 00:00:00-05:00,273.0,274.70001220703125,272.3900146484375,273.2099914550781,1581000,0.0,0.0
2024-02-09 00:00:00-05:00,273.5400085449219,278.5799865722656,273.0,277.9599914550781,1557600,0.0,0.0
2024-02-12 00:00:00-05:00,276.92999267578125,277.510009765625,272.510009765625,274.04998779296875,1331700,0.0,0.0
2024-02-13 00:00:00-05:00,268.4100036621094,273.05999755859375,266.0,272.3800048828125,2512400,0.0,0.0
2024-02-14 00:00:00-05:00,274.2699890136719,277.1499938964844,272.6099853515625,275.6199951171875,1430900,0.0,0.0
2024-02-15 00:00:00-05:00,275.6199951171875,277.0400085449219,272.7799987792969,275.7900085449219,1398000,0.0,0.0
2024-02-16 00:00:00-05:00,276.07000732421875,278.94000244140625,273.79998779296875,277.5199890136719,1650900,0.0,0.0
2024-02-20 00:00:00-05:00,276.2300109863281,277.8599853515625,274.2099914550781,276.0899963378906,1263600,0.0,0.0
2024-02-21 00:00:00-05:00,275.29998779296875,278.0400085449219,274.1499938964844,277.1600036621094,1315200,0.0,0.0
2024-02-22 00:00:00-05:00,282.79998779296875,286.3699951171875,282.1600036621094,284.5799865722656,2496300,0.0,0.0
2024-02-23 00:00:00-05:00,285.45001220703125,288.4599914550781,283.0,284.92999267578125,1230700,0.0,0.0
2024-02-26 00:00:00-05:00,286.0,287.54998779296875,284.17999267578125,284.29998779296875,1960300,0.0,0.0
2024-02-27 00:00:00-05:00,284.5199890136719,285.3999938964844,282.239990234375,283.57000732421875,1678200,0.0,0.0
2024-02-28 00:00:00-05:00,283.57000732421875,287.6400146484375,282.6700134277344,286.9599914550781,1278900,0.0,0.0
2024-02-29 00:00:00-05:00,287.0,289.8599853515625,285.92999267578125,289.0,2534300,0.0,0.0
2024-03-01 00:00:00-05:00,289.3599853515625,294.44000244140625,288.80999755859375,293.70001220703125,2314600,0.0,0.0
2024-03-04 00:00:00-05:00,295.8900146484375,298.1300048828125,294.5299987792969,296.5799865722656,1943500,0.0,0.0
2024-03-05 00:00:00-05:00,294.3500061035156,295.07000732421875,289.3699951171875,291.92999267578125,2263300,0.0,0.0
2024-03-06 00:00:00-05:00,295.32000732421875,298.3900146484375,294.8800048828125,296.739990234375,1723900,0.0,0.0
2024-03-07 00:00:00-05:00,298.7300109863281,301.5299987792969,296.8999938964844,301.1300048828125,1869100,0.0,0.0
2024-03-08 00:00:00-05:00,299.760009765625,303.3999938964844,295.55999755859375,297.489990234375,1893900,0.0,0.0
2024-03-11 00:00:00-04:00,295.5,295.7900085449219,289.6000061035156,292.70001220703125,1656600,0.0,0.0
2024-03-12 00:00:00-04:00,293.4200134277344,298.30999755859375,291.94000244140625,297.739990234375,2063200,0.0,0.0
2024-03-13 00:00:00-04:00,296.4599914550781,300.69000244140625,295.67999267578125,300.239990234375,1891100,0.0,0.0
2024-03-14 00:00:00-04:00,302.6700134277344,302.9800109863281,297.4599914550781,300.2900085449219,2236400,0.0,0.0
2024-03-15 00:00:00-04:00,298.0299987792969,302.67999267578125,297.760009765625,297.8999938964844,3024600,0.0,0.0
2024-03-18 00:00:00-04:00,300.80999755859375,303.25,298.5799865722656,298.75,1557200,0.0,0.0
2024-03-19 00:00:00-04:00,298.239990234375,303.1700134277344,297.2699890136719,302.9599914550781,1462100,0.0,0.0
2024-03-20 00:00:00-04:00,304.55999755859375,310.42999267578125,303.3599853515625,309.80999755859375,1946500,0.0,0.0
2024-03-21 00:00:00-04:00,311.7099914550781,315.7900085449219,310.20001220703125,315.5199890136719,2167400,0.0,0.0
2024-03-22 00:00:00-04:00,314.92999267578125,317.0199890136719,314.3599853515625,316.5799865722656,2046300,0.0,0.0
2024-03-25 00:00:00-04:00,315.0,315.7799987792969,311.5,311.8800048828125,1703600,0.0,0.0
2024-03-26 00:00:00-04:00,311.6600036621094,316.29998779296875,311.4599914550781,312.0799865722656,2247200,0.0,0.0
2024-03-27 00:00:00-04:00,314.0,314.6400146484375,308.2200012207031,314.3999938964844,1874300,0.0,0.0
2024-03-28 00:00:00-04:00,314.69000244140625,314.75,312.0,312.67999267578125,1983400,0.0,0.0
2024-04-01 00:00:00-04:00,313.0,314.1300048828125,311.07000732421875,312.0299987792969,1213200,0.0,0.0
2024-04-02 00:00:00-04:00,313.0400085449219,316.42999267578125,312.5799865722656,314.75,2773100,0.0,0.0
2024-04-03 00:00:00-04:00,315.5,322.3599853515625,315.5,320.94000244140625,2984500,0.0,0.0
2024-04-04 00:00:00-04:00,323.9100036621094,326.2099914550781,318.1700134277344,320.1600036621094,3039900,0.0,0.0
2024-04-05 00:00:00-04:00,323.92999267578125,331.4700012207031,322.7900085449219,330.510009765625,2643300,0.0,0.0
2024-04-08 00:00:00-04:00,326.29998779296875,329.3699951171875,323.6300048828125,325.82000732421875,2423700,0.0,0.0
2024-04-09 00:00:00-04:00,324.94000244140625,325.510009765625,313.0,313.8699951171875,4069500,0.0,0.0
2024-04-10 00:00:00-04:00,309.0,317.3699951171875,306.2099914550781,314.3699951171875,2425900,0.0,0.0
2024-04-11 00:00:00-04:00,314.4100036621094,319.3599853515625,312.95001220703125,317.260009765625,1547300,0.0,0.0
2024-04-12 00:00:00-04:00,314.2699890136719,318.6700134277344,314.2699890136719,318.5,2248300,0.0,0.0
2024-04-15 00:00:00-04:00,324.0,324.82000732421875,313.8900146484375,315.2799987792969,2447600,0.0,0.0
2024-04-16 00:00:00-04:00,312.8900146484375,317.5400085449219,311.32000732421875,315.3500061035156,1547300,0.0,0.0
2024-04-17 00:00:00-04:00,316.67999267578125,316.67999267578125,305.8500061035156,310.17999267578125,2204600,0.0,0.0
2024-04-18 00:00:00-04:00,313.75,315.7099914550781,308.4599914550781,308.94000244140625,1860300,0.0,0.0
2024-04-19 00:00:00-04:00,309.0400085449219,311.6600036621094,302.260009765625,303.0199890136719,3084200,0.0,0.0
2024-04-22 00:00:00-04:00,305.3500061035156,310.3399963378906,304.1700134277344,308.0899963378906,2379200,0.0,0.0
2024-04-23 00:00:00-04:00,311.94000244140625,315.2799987792969,310.3999938964844,312.8399963378906,2781400,0.0,0.0
2024-04-24 00:00:00-04:00,324.0,325.4100036621094,313.95001220703125,318.7900085449219,3550500,0.0,0.0
2024-04-25 00:00:00-04:00,314.04998779296875,318.8800048828125,312.1499938964844,317.1000061035156,2453100,0.0,0.0
2024-04-26 00:00:00-04:00,318.2099914550781,325.32000732421875,318.2099914550781,324.29998779296875,2305700,0.0,0.0
2024-04-29 00:00:00-04:00,324.9200134277344,327.19000244140625,321.4200134277344,326.510009765625,3127300,0.0,0.0
2024-04-30 00:00:00-04:00,330.0,333.05999755859375,312.5199890136719,318.260009765625,5279700,0.0,0.0
2024-05-01 00:00:00-04:00,318.8299865722656,319.4800109863281,311.739990234375,312.0299987792969,3416700,0.0,0.0
2024-05-02 00:00:00-04:00,313.2900085449219,316.0899963378906,305.260009765625,315.2699890136719,3009900,0.0,0.0
2024-05-03 00:00:00-04:00,318.510009765625,322.5899963378906,316.5899963378906,320.5,1769800,0.0,0.0
2024-05-06 00:00:00-04:00,322.3299865722656,327.42999267578125,322.3299865722656,327.239990234375,1297000,0.0,0.0
2024-05-07 00:00:00-04:00,328.1099853515625,329.0,325.6199951171875,327.42999267578125,1792900,0.0,0.0
2024-05-08 00:00:00-04:00,327.3999938964844,333.1300048828125,326.82000732421875,330.3999938964844,1454300,0.0,0.0
2024-05-09 00:00:00-04:00,330.0,333.45001220703125,329.9800109863281,333.260009765625,1487100,0.0,0.0
2024-05-10 00:00:00-04:00,335.0,337.70001220703125,330.1099853515625,330.57000732421875,1955000,0.0,0.0
2024-05-13 00:00:00-04:00,331.010009765625,331.8800048828125,325.8599853515625,328.510009765625,1903200,0.0,0.0
2024-05-14 00:00:00-04:00,326.1600036621094,331.3699951171875,321.9700012207031,330.45001220703125,1588200,0.0,0.0
2024-05-15 00:00:00-04:00,332.0,338.1499938964844,332.0,337.9599914550781,1720100,0.0,0.0
2024-05-16 00:00:00-04:00,337.8999938964844,338.8800048828125,330.1300048828125,330.17999267578125,2203100,0.0,0.0
2024-05-17 00:00:00-04:00,332.0,333.6099853515625,326.7099914550781,330.239990234375,1881400,0.0,0.0
2024-05-20 00:00:00-04:00,330.0,335.7099914550781,329.0,333.25,1021000,0.0,0.0
2024-05-21 00:00:00-04:00,332.6400146484375,337.260009765625,332.4599914550781,336.7300109863281,1389200,0.0,0.0
2024-05-22 00:00:00-04:00,336.739990234375,338.4100036621094,333.17999267578125,336.17999267578125,1566500,0.0,0.0
2024-05-23 00:00:00-04:00,342.19000244140625,344.0,336.5799865722656,338.4200134277344,1772500,0.0,0.0
2024-05-24 00:00:00-04:00,339.0799865722656,345.19000244140625,338.92999267578125,340.8900146484375,1495600,0.0,0.0
2024-05-28 00:00:00-04:00,342.2900085449219,343.0,335.29998779296875,337.3599853515625,1772300,0.0,0.0
2024-05-29 00:00:00-04:00,335.29998779296875,336.42999267578125,332.69000244140625,332.8900146484375,1131300,0.0,0.0
2024-05-30 00:00:00-04:00,332.2900085449219,335.17999267578125,331.4100036621094,334.20001220703125,1240900,0.0,0.0
2024-05-31 00:00:00-04:00,333.45001220703125,335.0,322.2200012207031,332.8500061035156,3837900,0.0,0.0
2024-06-03 00:00:00-04:00,334.0,335.0,318.6700134277344,324.4599914550781,2494500,0.0,0.0
2024-06-04 00:00:00-04:00,324.5199890136719,325.5,310.1499938964844,316.1700134277344,4143000,0.0,0.0
2024-06-05 00:00:00-04:00,319.7699890136719,327.5799865722656,319.3999938964844,326.5899963378906,2487300,0.0,0.0
2024-06-06 00:00:00-04:00,325.0,326.989990234375,311.3699951171875,313.4599914550781,3069100,0.0,0.0
2024-06-07 00:00:00-04:00,313.4800109863281,317.8299865722656,310.7799987792969,314.8299865722656,2389500,0.0,0.0
2024-06-10 00:00:00-04:00,313.4599914550781,323.3900146484375,313.25,322.9800109863281,2050000,0.0,0.0
2024-06-11 00:00:00-04:00,320.69000244140625,322.0,317.44000244140625,319.1700134277344,1826200,0.0,0.0
2024-06-12 00:00:00-04:00,321.54998779296875,328.9100036621094,319.5,327.1700134277344,1682600,0.0,0.0
2024-06-13 00:00:00-04:00,326.42999267578125,329.1199951171875,321.8299865722656,328.3500061035156,2194700,0.0,0.0
2024-06-14 00:00:00-04:00,324.3699951171875,325.6400146484375,316.92999267578125,319.0199890136719,2055900,0.0,0.0
2024-06-17 00:00:00-04:00,318.7799987792969,326.6099853515625,317.010009765625,325.3299865722656,2552500,0.0,0.0
2024-06-18 00:00:00-04:00,324.0,330.17999267578125,321.20001220703125,327.5899963378906,1903900,0.0,0.0
2024-06-20 00:00:00-04:00,328.1700134277344,329.8699951171875,320.0199890136719,323.239990234375,1847700,0.0,0.0
2024-06-21 00:00:00-04:00,322.94000244140625,322.94000244140625,316.510009765625,320.05999755859375,3068300,0.0,0.0
2024-06-24 00:00:00-04:00,322.1000061035156,324.3900146484375,319.19000244140625,322.0799865722656,1581000,0.0,0.0
2024-06-25 00:00:00-04:00,322.3599853515625,324.0799865722656,318.3299865722656,322.760009765625,1579400,0.0,0.0
2024-06-26 00:00:00-04:00,320.760009765625,321.05999755859375,313.510009765625,315.2699890136719,1849800,0.0,0.0
2024-06-27 00:00:00-04:00,314.1600036621094,314.7900085449219,311.25,313.94000244140625,2549900,0.0,0.0
2024-06-28 00:00:00-04:00,312.8900146484375,319.6400146484375,310.3299865722656,313.54998779296875,2557600,0.0,0.0
2024-07-01 00:00:00-04:00,316.45001220703125,316.4800109863281,307.760009765625,312.3699951171875,1925900,0.0,0.0
2024-07-02 00:00:00-04:00,309.45001220703125,313.75,309.45001220703125,313.2799987792969,2047700,0.0,0.0
2024-07-03 00:00:00-04:00,313.82000732421875,319.25,312.95001220703125,318.4200134277344,1123000,0.0,0.0
2024-07-05 00:00:00-04:00,319.67999267578125,320.3299865722656,314.489990234375,317.3699951171875,1557700,0.0,0.0
2024-07-08 00:00:00-04:00,320.1700134277344,322.8800048828125,318.2200012207031,318.9599914550781,1139800,0.0,0.0
2024-07-09 00:00:00-04:00,320.19000244140625,321.1400146484375,318.1199951171875,318.7099914550781,980900,0.0,0.0
2024-07-10 00:00:00-04:00,318.75,327.2200012207031,318.6099853515625,327.07000732421875,2083100,0.0,0.0
2024-07-11 00:00:00-04:00,329.17999267578125,331.1300048828125,325.70001220703125,328.82000732421875,2061000,0.0,0.0
2024-07-12 00:00:00-04:00,330.75,333.7099914550781,326.2099914550781,330.4800109863281,1644800,0.0,0.0
2024-07-15 00:00:00-04:00,329.3399963378906,330.9599914550781,325.8399963378906,327.0299987792969,1416000,0.0,0.0
2024-07-16 00:00:00-04:00,330.54998779296875,335.1199951171875,328.760009765625,332.4599914550781,1671200,0.0,0.0
2024-07-17 00:00:00-04:00,326.9700012207031,327.6199951171875,311.1099853515625,311.5,3312800,0.0,0.0
2024-07-18 00:00:00-04:00,313.3900146484375,319.2300109863281,305.6600036621094,309.07000732421875,4377000,0.0,0.0
2024-07-19 00:00:00-04:00,312.2300109863281,316.30999755859375,310.70001220703125,311.8900146484375,2287600,0.0,0.0
2024-07-22 00:00:00-04:00,316.5,321.5,315.45001220703125,320.32000732421875,2252500,0.0,0.0
2024-07-23 00:00:00-04:00,320.0,325.3299865722656,319.6700134277344,321.94000244140625,1518500,0.0,0.0
2024-07-24 00:00:00-04:00,316.8399963378906,318.0799865722656,299.32000732421875,299.6000061035156,3876300,0.0,0.0
2024-07-25 00:00:00-04:00,298.7300109863281,300.2799987792969,286.8699951171875,292.8800048828125,5569700,0.0,0.0
2024-07-26 00:00:00-04:00,300.8800048828125,301.92999267578125,296.4200134277344,297.7900085449219,3090000,0.0,0.0
2024-07-29 00:00:00-04:00,298.6000061035156,300.3900146484375,294.55999755859375,296.6099853515625,2522600,0.0,0.0
2024-07-30 00:00:00-04:00,297.55999755859375,302.5199890136719,285.4800109863281,287.239990234375,4777200,0.0,0.0
2024-07-31 00:00:00-04:00,306.19000244140625,310.8699951171875,301.3699951171875,304.7900085449219,5108300,0.0,0.0
2024-08-01 00:00:00-04:00,290.0400085449219,304.2900085449219,288.0,297.8800048828125,5433400,0.0,0.0
2024-08-02 00:00:00-04:00,290.0,290.6400146484375,276.010009765625,280.260009765625,4528000,0.0,0.0
2024-08-05 00:00:00-04:00,255.64999389648438,277.0199890136719,255.64999389648438,272.5199890136719,4621200,0.0,0.0
2024-08-06 00:00:00-04:00,274.6499938964844,282.0299987792969,274.6499938964844,277.6499938964844,3305000,0.0,0.0
2024-08-07 00:00:00-04:00,285.0,288.1000061035156,276.79998779296875,277.67999267578125,2857000,0.0,0.0
2024-08-08 00:00:00-04:00,282.04998779296875,288.05999755859375,278.1099853515625,287.4800109863281,3888100,0.0,0.0
2024-08-09 00:00:00-04:00,286.8599853515625,292.1700134277344,285.70001220703125,291.6400146484375,2190400,0.0,0.0
2024-08-12 00:00:00-04:00,291.1199951171875,293.45001220703125,285.5299987792969,288.42999267578125,1840400,0.0,0.0
2024-08-13 00:00:00-04:00,292.20001220703125,295.82000732421875,288.2699890136719,295.3900146484375,2256900,0.0,0.0
2024-08-14 00:00:00-04:00,296.010009765625,300.04998779296875,294.42999267578125,298.29998779296875,1974900,0.0,0.0
2024-08-15 00:00:00-04:00,302.1199951171875,304.7699890136719,298.0400085449219,302.4599914550781,2316600,0.0,0.0
2024-08-16 00:00:00-04:00,302.07000732421875,302.5299987792969,293.3800048828125,296.67999267578125,2768100,0.0,0.0
2024-08-19 00:00:00-04:00,297.19000244140625,298.42999267578125,293.19000244140625,297.04998779296875,1572500,0.0,0.0
2024-08-20 00:00:00-04:00,297.9200134277344,299.6400146484375,294.5799865722656,296.239990234375,1432400,0.0,0.0
2024-08-21 00:00:00-04:00,296.45001220703125,301.6499938964844,296.1700134277344,299.69000244140625,1400600,0.0,0.0
2024-08-22 00:00:00-04:00,300.4599914550781,303.3999938964844,296.70001220703125,297.69000244140625,2035700,0.0,0.0
2024-08-23 00:00:00-04:00,300.0,302.0,297.7799987792969,300.0,1950700,0.0,0.0
2024-08-26 00:00:00-04:00,300.2799987792969,301.75,296.0,296.9100036621094,1579600,0.0,0.0
2024-08-27 00:00:00-04:00,295.0,299.8599853515625,292.3999938964844,296.0299987792969,1711700,0.0,0.0
2024-08-28 00:00:00-04:00,296.82000732421875,297.489990234375,292.2300109863281,293.6000061035156,2109300,0.0,0.0
2024-08-29 00:00:00-04:00,296.2300109863281,307.45001220703125,295.1400146484375,301.0899963378906,2426500,0.0,0.0
2024-08-30 00:00:00-04:00,301.489990234375,307.6499938964844,300.1300048828125,306.92999267578125,2320000,0.0,0.0
2024-09-03 00:00:00-04:00,304.1700134277344,304.80999755859375,289.4700012207031,289.7300109863281,3058900,0.0,0.0
2024-09-04 00:00:00-04:00,288.20001220703125,292.7900085449219,286.6199951171875,288.7699890136719,2098500,0.0,0.0
2024-09-05 00:00:00-04:00,287.45001220703125,289.2300109863281,282.55999755859375,285.7200012207031,1930600,0.0,0.0
2024-09-06 00:00:00-04:00,288.6199951171875,292.20001220703125,281.3399963378906,284.9700012207031,2163800,0.0,0.0
2024-09-09 00:00:00-04:00,289.2099914550781,292.1000061035156,287.6199951171875,289.3800048828125,1756000,0.0,0.0
2024-09-10 00:00:00-04:00,291.2300109863281,291.8999938964844,284.4599914550781,288.29998779296875,1531200,0.0,0.0
2024-09-11 00:00:00-04:00,289.5,297.67999267578125,284.54998779296875,297.1400146484375,2389500,0.0,0.0
2024-09-12 00:00:00-04:00,296.8500061035156,304.4599914550781,294.8399963378906,303.3800048828125,2795400,0.0,0.0
2024-09-13 00:00:00-04:00,305.82000732421875,310.4599914550781,303.6700134277344,305.79998779296875,2022800,0.0,0.0
2024-09-16 00:00:00-04:00,306.0,306.9800109863281,301.4800109863281,306.54998779296875,1536300,0.0,0.0
2024-09-17 00:00:00-04:00,308.4800109863281,312.4200134277344,304.6499938964844,311.7300109863281,2117000,0.0,0.0
2024-09-18 00:00:00-04:00,313.55999755859375,321.1499938964844,313.54998779296875,314.6499938964844,2931000,0.0,0.0
2024-09-19 00:00:00-04:00,323.75,329.7799987792969,319.8999938964844,328.9200134277344,3155700,0.0,0.0
2024-09-20 00:00:00-04:00,326.67999267578125,331.4200134277344,326.0,330.6000061035156,3632000,0.0,0.0
2024-09-23 00:00:00-04:00,331.8900146484375,333.2900085449219,329.4100036621094,329.7900085449219,1789100,0.0,0.0
2024-09-24 00:00:00-04:00,329.7099914550781,330.2300109863281,326.29998779296875,327.3900146484375,1964200,0.0,0.0
2024-09-25 00:00:00-04:00,328.30999755859375,330.8599853515625,327.3900146484375,328.54998779296875,1599100,0.0,0.0
2024-09-26 00:00:00-04:00,333.1700134277344,336.29998779296875,329.3399963378906,333.0199890136719,2614200,0.0,0.0
2024-09-27 00:00:00-04:00,333.1099853515625,333.9100036621094,326.6499938964844,328.45001220703125,2061200,0.0,0.0
