Date,Open,High,Low,Close,Volume,Dividends,Stock Splits
2017-03-16 00:00:00-04:00,18.0,18.399999618530273,15.850000381469727,16.079999923706055,22813300,0.0,0.0
2017-03-17 00:00:00-04:00,16.59000015258789,17.690000534057617,16.540000915527344,17.229999542236328,9366000,0.0,0.0
2017-03-20 00:00:00-04:00,17.100000381469727,17.200000762939453,16.549999237060547,17.100000381469727,2252300,0.0,0.0
2017-03-21 00:00:00-04:00,17.06999969482422,17.31999969482422,16.5,16.520000457763672,1782900,0.0,0.0
2017-03-22 00:00:00-04:00,16.469999313354492,16.530000686645508,16.0,16.049999237060547,1047900,0.0,0.0
2017-03-23 00:00:00-04:00,16.06999969482422,16.25,15.75,15.960000038146973,1256000,0.0,0.0
2017-03-24 00:00:00-04:00,15.829999923706055,16.079999923706055,15.630000114440918,15.640000343322754,709900,0.0,0.0
2017-03-27 00:00:00-04:00,15.539999961853027,15.630000114440918,15.329999923706055,15.399999618530273,797400,0.0,0.0
2017-03-28 00:00:00-04:00,15.329999923706055,16.360000610351562,15.199999809265137,16.350000381469727,1844400,0.0,0.0
2017-03-29 00:00:00-04:00,16.219999313354492,16.549999237060547,16.020000457763672,16.489999771118164,799000,0.0,0.0
2017-03-30 00:00:00-04:00,16.530000686645508,16.540000915527344,16.209999084472656,16.40999984741211,484900,0.0,0.0
2017-03-31 00:00:00-04:00,16.3700008392334,16.389999389648438,15.829999923706055,15.960000038146973,692200,0.0,0.0
2017-04-03 00:00:00-04:00,16.06999969482422,16.079999923706055,15.5,15.65999984741211,431100,0.0,0.0
2017-04-04 00:00:00-04:00,15.65999984741211,16.100000381469727,15.609999656677246,16.079999923706055,743200,0.0,0.0
2017-04-05 00:00:00-04:00,16.100000381469727,16.540000915527344,16.079999923706055,16.469999313354492,967300,0.0,0.0
2017-04-06 00:00:00-04:00,16.459999084472656,16.700000762939453,16.100000381469727,16.700000762939453,849400,0.0,0.0
2017-04-07 00:00:00-04:00,16.690000534057617,16.809999465942383,16.51099967956543,16.75,566800,0.0,0.0
2017-04-10 00:00:00-04:00,17.06999969482422,17.229999542236328,16.610000610351562,16.799999237060547,1699500,0.0,0.0
2017-04-11 00:00:00-04:00,16.90999984741211,17.0,16.100000381469727,16.239999771118164,1034600,0.0,0.0
2017-04-12 00:00:00-04:00,16.239999771118164,16.299999237060547,15.819999694824219,16.040000915527344,527500,0.0,0.0
2017-04-13 00:00:00-04:00,16.0,16.229999542236328,15.859999656677246,16.149999618530273,608100,0.0,0.0
2017-04-17 00:00:00-04:00,16.260000228881836,16.299999237060547,15.989999771118164,16.010000228881836,264800,0.0,0.0
2017-04-18 00:00:00-04:00,15.9399995803833,16.31999969482422,15.90999984741211,16.309999465942383,438800,0.0,0.0
2017-04-19 00:00:00-04:00,16.260000228881836,16.350000381469727,16.246000289916992,16.290000915527344,189800,0.0,0.0
2017-04-20 00:00:00-04:00,16.25,16.299999237060547,16.084999084472656,16.110000610351562,265300,0.0,0.0
2017-04-21 00:00:00-04:00,16.1200008392334,16.200000762939453,15.949999809265137,15.989999771118164,191200,0.0,0.0
2017-04-24 00:00:00-04:00,15.899999618530273,16.0,15.8100004196167,15.920000076293945,351800,0.0,0.0
2017-04-25 00:00:00-04:00,15.9399995803833,16.3799991607666,15.84000015258789,16.3700008392334,448100,0.0,0.0
2017-04-26 00:00:00-04:00,16.3700008392334,16.8799991607666,16.299999237060547,16.860000610351562,581200,0.0,0.0
2017-04-27 00:00:00-04:00,16.729999542236328,16.826000213623047,16.43000030517578,16.75,348700,0.0,0.0
2017-04-28 00:00:00-04:00,16.84000015258789,16.84000015258789,16.618000030517578,16.829999923706055,195000,0.0,0.0
2017-05-01 00:00:00-04:00,16.850000381469727,17.040000915527344,16.389999389648438,16.59000015258789,446200,0.0,0.0
2017-05-02 00:00:00-04:00,16.549999237060547,16.719999313354492,16.139999389648438,16.149999618530273,455500,0.0,0.0
2017-05-03 00:00:00-04:00,16.170000076293945,16.5,15.984000205993652,16.389999389648438,252800,0.0,0.0
2017-05-04 00:00:00-04:00,16.389999389648438,17.34000015258789,16.257999420166016,17.139999389648438,886000,0.0,0.0
2017-05-05 00:00:00-04:00,17.149999618530273,17.4689998626709,17.030000686645508,17.290000915527344,793600,0.0,0.0
2017-05-08 00:00:00-04:00,17.31999969482422,17.3700008392334,17.079999923706055,17.190000534057617,333700,0.0,0.0
2017-05-09 00:00:00-04:00,17.149999618530273,17.389999389648438,17.06999969482422,17.100000381469727,233300,0.0,0.0
2017-05-10 00:00:00-04:00,17.100000381469727,17.25,16.84000015258789,17.200000762939453,204800,0.0,0.0
2017-05-11 00:00:00-04:00,17.100000381469727,17.350000381469727,17.051000595092773,17.229999542236328,303500,0.0,0.0
2017-05-12 00:00:00-04:00,17.209999084472656,17.839000701904297,17.139999389648438,17.729999542236328,547300,0.0,0.0
2017-05-15 00:00:00-04:00,17.850000381469727,18.100000381469727,17.309999465942383,18.0,500700,0.0,0.0
2017-05-16 00:00:00-04:00,18.040000915527344,18.719999313354492,17.899999618530273,18.420000076293945,1547600,0.0,0.0
2017-05-17 00:00:00-04:00,18.219999313354492,18.290000915527344,17.469999313354492,17.489999771118164,1162300,0.0,0.0
2017-05-18 00:00:00-04:00,17.440000534057617,17.75,17.360000610351562,17.420000076293945,410700,0.0,0.0
2017-05-19 00:00:00-04:00,17.43000030517578,17.760000228881836,17.3700008392334,17.520000457763672,340100,0.0,0.0
2017-05-22 00:00:00-04:00,17.579999923706055,18.298999786376953,17.57699966430664,18.110000610351562,381800,0.0,0.0
2017-05-23 00:00:00-04:00,18.139999389648438,18.709999084472656,18.139999389648438,18.34000015258789,683500,0.0,0.0
2017-05-24 00:00:00-04:00,18.299999237060547,18.329999923706055,17.860000610351562,18.0,418200,0.0,0.0
2017-05-25 00:00:00-04:00,18.09000015258789,18.25,17.93600082397461,18.030000686645508,228900,0.0,0.0
2017-05-26 00:00:00-04:00,18.079999923706055,18.270000457763672,17.899999618530273,18.010000228881836,417900,0.0,0.0
2017-05-30 00:00:00-04:00,18.049999237060547,18.200000762939453,17.93000030517578,17.989999771118164,280300,0.0,0.0
2017-05-31 00:00:00-04:00,18.06999969482422,18.09000015258789,17.600000381469727,18.049999237060547,492900,0.0,0.0
2017-06-01 00:00:00-04:00,18.079999923706055,19.43000030517578,18.020000457763672,18.709999084472656,1329900,0.0,0.0
2017-06-02 00:00:00-04:00,20.81999969482422,21.780000686645508,20.100000381469727,21.639999389648438,4912900,0.0,0.0
2017-06-05 00:00:00-04:00,21.670000076293945,22.549999237060547,21.200000762939453,22.5,2001500,0.0,0.0
2017-06-06 00:00:00-04:00,22.389999389648438,24.15999984741211,22.110000610351562,23.420000076293945,2013900,0.0,0.0
2017-06-07 00:00:00-04:00,23.549999237060547,24.31999969482422,22.90999984741211,22.959999084472656,1616400,0.0,0.0
2017-06-08 00:00:00-04:00,23.09000015258789,23.209999084472656,21.670000076293945,22.149999618530273,1270900,0.0,0.0
2017-06-09 00:00:00-04:00,22.239999771118164,22.700000762939453,21.80500030517578,22.110000610351562,734300,0.0,0.0
2017-06-12 00:00:00-04:00,22.1299991607666,22.249000549316406,20.780000686645508,21.350000381469727,682500,0.0,0.0
2017-06-13 00:00:00-04:00,21.450000762939453,22.43899917602539,21.410999298095703,22.399999618530273,588700,0.0,0.0
2017-06-14 00:00:00-04:00,21.670000076293945,22.09000015258789,21.229999542236328,21.610000610351562,761100,0.0,0.0
2017-06-15 00:00:00-04:00,21.389999389648438,21.540000915527344,20.799999237060547,21.190000534057617,657800,0.0,0.0
2017-06-16 00:00:00-04:00,21.149999618530273,21.290000915527344,20.5,20.549999237060547,539100,0.0,0.0
2017-06-19 00:00:00-04:00,20.6299991607666,21.270000457763672,20.6299991607666,21.139999389648438,441700,0.0,0.0
2017-06-20 00:00:00-04:00,21.049999237060547,21.131000518798828,20.68000030517578,20.8799991607666,356300,0.0,0.0
2017-06-21 00:00:00-04:00,20.950000762939453,22.3799991607666,20.950000762939453,22.350000381469727,1430500,0.0,0.0
2017-06-22 00:00:00-04:00,22.540000915527344,22.75,22.0,22.149999618530273,627100,0.0,0.0
2017-06-23 00:00:00-04:00,22.239999771118164,22.350000381469727,21.610000610351562,21.920000076293945,409000,0.0,0.0
2017-06-26 00:00:00-04:00,21.18000030517578,21.389999389648438,20.420000076293945,21.309999465942383,1671300,0.0,0.0
2017-06-27 00:00:00-04:00,21.40999984741211,22.100000381469727,21.040000915527344,21.1299991607666,1513300,0.0,0.0
2017-06-28 00:00:00-04:00,20.6299991607666,20.950000762939453,20.25,20.75,9143900,0.0,0.0
2017-06-29 00:00:00-04:00,20.790000915527344,20.889999389648438,19.5,19.700000762939453,2990700,0.0,0.0
2017-06-30 00:00:00-04:00,19.959999084472656,20.06999969482422,19.450000762939453,19.75,1434800,0.0,0.0
2017-07-03 00:00:00-04:00,19.920000076293945,20.020000457763672,19.5,19.780000686645508,346800,0.0,0.0
2017-07-05 00:00:00-04:00,19.75,19.836999893188477,19.3799991607666,19.5,1299700,0.0,0.0
2017-07-06 00:00:00-04:00,19.5,19.65999984741211,18.84000015258789,19.030000686645508,1333200,0.0,0.0
2017-07-07 00:00:00-04:00,19.06999969482422,19.3700008392334,18.920000076293945,19.25,583000,0.0,0.0
2017-07-10 00:00:00-04:00,19.31999969482422,19.459999084472656,18.5,19.020000457763672,1014200,0.0,0.0
2017-07-11 00:00:00-04:00,19.020000457763672,19.219999313354492,18.899999618530273,19.049999237060547,946600,0.0,0.0
2017-07-12 00:00:00-04:00,19.170000076293945,19.329999923706055,18.81999969482422,18.979999542236328,792200,0.0,0.0
2017-07-13 00:00:00-04:00,19.020000457763672,19.389999389648438,18.829999923706055,19.020000457763672,791300,0.0,0.0
2017-07-14 00:00:00-04:00,19.030000686645508,19.719999313354492,18.979999542236328,19.290000915527344,872600,0.0,0.0
2017-07-17 00:00:00-04:00,19.280000686645508,19.329999923706055,18.940000534057617,19.079999923706055,656600,0.0,0.0
2017-07-18 00:00:00-04:00,19.110000610351562,19.479999542236328,19.040000915527344,19.100000381469727,423600,0.0,0.0
2017-07-19 00:00:00-04:00,19.219999313354492,19.549999237060547,19.079999923706055,19.450000762939453,680400,0.0,0.0
2017-07-20 00:00:00-04:00,19.530000686645508,19.950000762939453,19.450000762939453,19.940000534057617,834100,0.0,0.0
2017-07-21 00:00:00-04:00,19.920000076293945,20.1200008392334,19.649999618530273,20.040000915527344,616500,0.0,0.0
2017-07-24 00:00:00-04:00,19.979999542236328,20.399999618530273,19.899999618530273,20.010000228881836,814100,0.0,0.0
2017-07-25 00:00:00-04:00,20.100000381469727,20.200000762939453,19.649999618530273,19.68000030517578,557600,0.0,0.0
2017-07-26 00:00:00-04:00,19.700000762939453,19.809999465942383,19.270000457763672,19.510000228881836,729300,0.0,0.0
2017-07-27 00:00:00-04:00,19.6200008392334,19.6200008392334,19.1200008392334,19.200000762939453,599700,0.0,0.0
2017-07-28 00:00:00-04:00,19.200000762939453,19.260000228881836,18.75,19.030000686645508,602400,0.0,0.0
2017-07-31 00:00:00-04:00,19.239999771118164,19.239999771118164,18.84000015258789,19.059999465942383,294000,0.0,0.0
2017-08-01 00:00:00-04:00,19.040000915527344,19.510000228881836,18.639999389648438,19.459999084472656,853100,0.0,0.0
2017-08-02 00:00:00-04:00,19.329999923706055,19.450000762939453,18.649999618530273,18.889999389648438,512700,0.0,0.0
2017-08-03 00:00:00-04:00,18.979999542236328,19.290000915527344,18.799999237060547,18.860000610351562,369600,0.0,0.0
2017-08-04 00:00:00-04:00,18.790000915527344,19.11400032043457,18.239999771118164,18.40999984741211,708100,0.0,0.0
2017-08-07 00:00:00-04:00,18.510000228881836,19.049999237060547,18.18000030517578,18.899999618530273,518600,0.0,0.0
2017-08-08 00:00:00-04:00,18.8799991607666,19.56999969482422,18.7450008392334,19.1299991607666,898600,0.0,0.0
2017-08-09 00:00:00-04:00,18.950000762939453,19.040000915527344,18.729999542236328,18.950000762939453,826400,0.0,0.0
2017-08-10 00:00:00-04:00,20.299999237060547,20.34000015258789,18.110000610351562,18.31999969482422,3099300,0.0,0.0
2017-08-11 00:00:00-04:00,18.290000915527344,19.298999786376953,18.260000228881836,18.979999542236328,1453900,0.0,0.0
2017-08-14 00:00:00-04:00,19.200000762939453,19.399999618530273,18.860000610351562,19.110000610351562,736400,0.0,0.0
2017-08-15 00:00:00-04:00,19.209999084472656,19.209999084472656,18.809999465942383,18.860000610351562,651000,0.0,0.0
2017-08-16 00:00:00-04:00,18.93000030517578,18.93000030517578,18.670000076293945,18.729999542236328,379800,0.0,0.0
2017-08-17 00:00:00-04:00,18.75,18.8700008392334,18.34000015258789,18.3700008392334,638800,0.0,0.0
2017-08-18 00:00:00-04:00,18.420000076293945,18.459999084472656,17.746000289916992,17.90999984741211,820700,0.0,0.0
2017-08-21 00:00:00-04:00,18.059999465942383,18.059999465942383,16.959999084472656,17.149999618530273,1097600,0.0,0.0
2017-08-22 00:00:00-04:00,17.209999084472656,18.5,17.170000076293945,17.350000381469727,721100,0.0,0.0
2017-08-23 00:00:00-04:00,17.200000762939453,17.639999389648438,17.1299991607666,17.420000076293945,336600,0.0,0.0
2017-08-24 00:00:00-04:00,17.6200008392334,17.989999771118164,17.540000915527344,17.790000915527344,461800,0.0,0.0
2017-08-25 00:00:00-04:00,17.8799991607666,17.959999084472656,17.520000457763672,17.520000457763672,382600,0.0,0.0
2017-08-28 00:00:00-04:00,17.530000686645508,18.020000457763672,17.450000762939453,17.8799991607666,381500,0.0,0.0
2017-08-29 00:00:00-04:00,17.6200008392334,17.68000030517578,17.31999969482422,17.600000381469727,424000,0.0,0.0
2017-08-30 00:00:00-04:00,17.610000610351562,17.6200008392334,17.34000015258789,17.600000381469727,338500,0.0,0.0
2017-08-31 00:00:00-04:00,17.709999084472656,17.760000228881836,17.350000381469727,17.530000686645508,536900,0.0,0.0
2017-09-01 00:00:00-04:00,17.690000534057617,18.219999313354492,17.549999237060547,18.170000076293945,622400,0.0,0.0
2017-09-05 00:00:00-04:00,18.170000076293945,18.6299991607666,17.889999389648438,18.25,749200,0.0,0.0
2017-09-06 00:00:00-04:00,18.399999618530273,18.6299991607666,18.170000076293945,18.5,818400,0.0,0.0
2017-09-07 00:00:00-04:00,18.649999618530273,19.301000595092773,18.559999465942383,19.049999237060547,1381100,0.0,0.0
2017-09-08 00:00:00-04:00,19.06999969482422,19.469999313354492,18.790000915527344,18.84000015258789,967500,0.0,0.0
2017-09-11 00:00:00-04:00,19.149999618530273,19.34000015258789,18.969999313354492,19.09000015258789,654300,0.0,0.0
2017-09-12 00:00:00-04:00,19.190000534057617,19.739999771118164,19.190000534057617,19.6200008392334,785000,0.0,0.0
2017-09-13 00:00:00-04:00,19.579999923706055,20.6200008392334,19.57900047302246,20.5,1819200,0.0,0.0
2017-09-14 00:00:00-04:00,20.6299991607666,20.6299991607666,19.79400062561035,20.020000457763672,1061400,0.0,0.0
2017-09-15 00:00:00-04:00,20.059999465942383,20.15999984741211,19.690000534057617,19.860000610351562,518500,0.0,0.0
2017-09-18 00:00:00-04:00,19.950000762939453,20.0,19.40999984741211,19.65999984741211,579900,0.0,0.0
2017-09-19 00:00:00-04:00,19.700000762939453,20.229999542236328,19.610000610351562,19.799999237060547,749900,0.0,0.0
2017-09-20 00:00:00-04:00,19.81999969482422,19.950000762939453,19.299999237060547,19.510000228881836,639800,0.0,0.0
2017-09-21 00:00:00-04:00,19.489999771118164,19.610000610351562,19.299999237060547,19.489999771118164,389200,0.0,0.0
2017-09-22 00:00:00-04:00,19.3700008392334,19.649999618530273,19.290000915527344,19.34000015258789,389600,0.0,0.0
2017-09-25 00:00:00-04:00,19.260000228881836,19.459999084472656,19.049999237060547,19.1299991607666,477100,0.0,0.0
2017-09-26 00:00:00-04:00,19.200000762939453,19.979999542236328,19.18000030517578,19.90999984741211,1077100,0.0,0.0
2017-09-27 00:00:00-04:00,20.0,20.3799991607666,19.829999923706055,20.290000915527344,1159800,0.0,0.0
2017-09-28 00:00:00-04:00,20.290000915527344,20.969999313354492,20.010000228881836,20.280000686645508,822700,0.0,0.0
2017-09-29 00:00:00-04:00,20.06999969482422,20.8799991607666,20.06100082397461,20.549999237060547,1220400,0.0,0.0
2017-10-02 00:00:00-04:00,20.700000762939453,21.18000030517578,20.639999389648438,20.979999542236328,1045400,0.0,0.0
2017-10-03 00:00:00-04:00,21.139999389648438,21.18000030517578,20.56999969482422,20.959999084472656,691600,0.0,0.0
2017-10-04 00:00:00-04:00,20.809999465942383,21.0,20.59000015258789,20.760000228881836,493200,0.0,0.0
2017-10-05 00:00:00-04:00,20.309999465942383,20.760000228881836,20.309999465942383,20.549999237060547,673100,0.0,0.0
2017-10-06 00:00:00-04:00,20.530000686645508,21.110000610351562,20.209999084472656,21.049999237060547,954300,0.0,0.0
2017-10-09 00:00:00-04:00,21.110000610351562,21.15999984741211,20.65999984741211,20.81999969482422,487200,0.0,0.0
2017-10-10 00:00:00-04:00,20.979999542236328,21.740999221801758,20.899999618530273,21.100000381469727,903900,0.0,0.0
2017-10-11 00:00:00-04:00,21.280000686645508,21.350000381469727,21.09000015258789,21.229999542236328,523900,0.0,0.0
2017-10-12 00:00:00-04:00,21.110000610351562,21.209999084472656,20.75,20.93000030517578,416100,0.0,0.0
2017-10-13 00:00:00-04:00,20.760000228881836,20.969999313354492,20.6200008392334,20.790000915527344,444600,0.0,0.0
2017-10-16 00:00:00-04:00,20.760000228881836,20.780000686645508,20.350000381469727,20.59000015258789,370800,0.0,0.0
2017-10-17 00:00:00-04:00,20.700000762939453,20.78700065612793,20.3700008392334,20.389999389648438,437000,0.0,0.0
2017-10-18 00:00:00-04:00,20.399999618530273,20.579999923706055,20.34000015258789,20.56999969482422,326800,0.0,0.0
2017-10-19 00:00:00-04:00,20.510000228881836,20.549999237060547,20.299999237060547,20.510000228881836,283800,0.0,0.0
2017-10-20 00:00:00-04:00,20.479999542236328,20.84000015258789,20.43000030517578,20.829999923706055,327900,0.0,0.0
2017-10-23 00:00:00-04:00,20.979999542236328,20.979999542236328,20.329999923706055,20.329999923706055,571500,0.0,0.0
2017-10-24 00:00:00-04:00,20.399999618530273,20.790000915527344,20.34000015258789,20.600000381469727,779100,0.0,0.0
2017-10-25 00:00:00-04:00,20.649999618530273,20.69499969482422,19.950000762939453,20.139999389648438,477800,0.0,0.0
2017-10-26 00:00:00-04:00,20.170000076293945,20.559999465942383,20.15999984741211,20.559999465942383,417200,0.0,0.0
2017-10-27 00:00:00-04:00,20.559999465942383,20.940000534057617,20.469999313354492,20.809999465942383,358400,0.0,0.0
2017-10-30 00:00:00-04:00,20.8799991607666,21.75,20.649999618530273,21.600000381469727,833700,0.0,0.0
2017-10-31 00:00:00-04:00,21.549999237060547,22.0,21.1299991607666,21.479999542236328,631100,0.0,0.0
2017-11-01 00:00:00-04:00,21.530000686645508,21.594999313354492,21.110000610351562,21.420000076293945,544600,0.0,0.0
2017-11-02 00:00:00-04:00,21.389999389648438,21.56100082397461,20.459999084472656,20.719999313354492,643900,0.0,0.0
2017-11-03 00:00:00-04:00,20.719999313354492,21.170000076293945,20.65999984741211,21.1200008392334,566400,0.0,0.0
2017-11-06 00:00:00-05:00,21.100000381469727,21.75,21.079999923706055,21.59000015258789,590500,0.0,0.0
2017-11-07 00:00:00-05:00,21.729999542236328,21.940000534057617,21.299999237060547,21.93000030517578,680400,0.0,0.0
2017-11-08 00:00:00-05:00,21.8700008392334,22.3700008392334,21.600000381469727,21.729999542236328,948900,0.0,0.0
2017-11-09 00:00:00-05:00,23.700000762939453,25.299999237060547,23.31999969482422,24.790000915527344,4345600,0.0,0.0
2017-11-10 00:00:00-05:00,25.030000686645508,26.079999923706055,24.81999969482422,26.0,2060600,0.0,0.0
2017-11-13 00:00:00-05:00,25.690000534057617,25.790000915527344,24.350000381469727,24.979999542236328,1376100,0.0,0.0
2017-11-14 00:00:00-05:00,24.770000457763672,25.059999465942383,24.090999603271484,24.329999923706055,812500,0.0,0.0
2017-11-15 00:00:00-05:00,24.110000610351562,24.600000381469727,23.459999084472656,24.110000610351562,771700,0.0,0.0
2017-11-16 00:00:00-05:00,24.270000457763672,25.530000686645508,24.270000457763672,25.059999465942383,972700,0.0,0.0
2017-11-17 00:00:00-05:00,25.56999969482422,26.399999618530273,25.389999389648438,26.3799991607666,996000,0.0,0.0
2017-11-20 00:00:00-05:00,26.3700008392334,27.3799991607666,26.25,26.799999237060547,1330100,0.0,0.0
2017-11-21 00:00:00-05:00,27.25,27.25,26.309999465942383,26.790000915527344,718900,0.0,0.0
2017-11-22 00:00:00-05:00,26.899999618530273,27.28499984741211,26.729999542236328,27.06999969482422,651900,0.0,0.0
2017-11-24 00:00:00-05:00,27.270000457763672,27.770000457763672,27.270000457763672,27.479999542236328,456600,0.0,0.0
2017-11-27 00:00:00-05:00,28.0,28.0049991607666,26.350000381469727,26.75,896800,0.0,0.0
2017-11-28 00:00:00-05:00,26.799999237060547,27.09000015258789,26.1200008392334,26.1200008392334,996900,0.0,0.0
2017-11-29 00:00:00-05:00,26.219999313354492,26.950000762939453,26.047000885009766,26.670000076293945,756100,0.0,0.0
2017-11-30 00:00:00-05:00,26.68000030517578,27.1299991607666,26.440000534057617,26.8799991607666,753900,0.0,0.0
2017-12-01 00:00:00-05:00,27.139999389648438,27.40999984741211,26.709999084472656,27.209999084472656,885700,0.0,0.0
2017-12-04 00:00:00-05:00,27.489999771118164,27.829999923706055,27.1299991607666,27.40999984741211,610300,0.0,0.0
2017-12-05 00:00:00-05:00,27.399999618530273,27.75,27.1299991607666,27.600000381469727,647400,0.0,0.0
2017-12-06 00:00:00-05:00,27.56999969482422,27.700000762939453,26.920000076293945,27.1299991607666,544400,0.0,0.0
2017-12-07 00:00:00-05:00,27.200000762939453,27.940000534057617,27.020000457763672,27.8799991607666,624100,0.0,0.0
2017-12-08 00:00:00-05:00,27.969999313354492,28.799999237060547,27.709999084472656,28.059999465942383,697000,0.0,0.0
2017-12-11 00:00:00-05:00,28.09000015258789,28.3799991607666,27.969999313354492,28.260000228881836,449300,0.0,0.0
2017-12-12 00:00:00-05:00,28.309999465942383,28.889999389648438,28.190000534057617,28.270000457763672,595400,0.0,0.0
2017-12-13 00:00:00-05:00,28.270000457763672,28.514999389648438,27.690000534057617,27.719999313354492,650900,0.0,0.0
2017-12-14 00:00:00-05:00,27.850000381469727,28.190000534057617,27.40999984741211,27.579999923706055,600800,0.0,0.0
2017-12-15 00:00:00-05:00,27.59000015258789,27.670000076293945,26.280000686645508,26.450000762939453,1158000,0.0,0.0
2017-12-18 00:00:00-05:00,27.040000915527344,27.6299991607666,26.8799991607666,27.610000610351562,842100,0.0,0.0
2017-12-19 00:00:00-05:00,27.6299991607666,27.959999084472656,27.350000381469727,27.360000610351562,680700,0.0,0.0
2017-12-20 00:00:00-05:00,27.600000381469727,28.0,27.399999618530273,27.860000610351562,494900,0.0,0.0
2017-12-21 00:00:00-05:00,28.0,29.309999465942383,27.920000076293945,29.309999465942383,1237000,0.0,0.0
2017-12-22 00:00:00-05:00,29.309999465942383,29.780000686645508,28.711999893188477,29.709999084472656,1214700,0.0,0.0
2017-12-26 00:00:00-05:00,29.93000030517578,30.8799991607666,29.84000015258789,30.729999542236328,708100,0.0,0.0
2017-12-27 00:00:00-05:00,30.700000762939453,31.375999450683594,30.6200008392334,31.0,1012800,0.0,0.0
2017-12-28 00:00:00-05:00,31.329999923706055,31.950000762939453,31.0,31.6299991607666,935900,0.0,0.0
2017-12-29 00:00:00-05:00,31.90999984741211,31.90999984741211,31.09000015258789,31.559999465942383,848000,0.0,0.0
2018-01-02 00:00:00-05:00,31.790000915527344,32.220001220703125,31.25,31.799999237060547,857200,0.0,0.0
2018-01-03 00:00:00-05:00,31.950000762939453,33.43000030517578,31.84000015258789,32.869998931884766,1261900,0.0,0.0
2018-01-04 00:00:00-05:00,33.349998474121094,33.689998626708984,32.66999816894531,33.599998474121094,922400,0.0,0.0
2018-01-05 00:00:00-05:00,33.849998474121094,33.959999084472656,33.04999923706055,33.43000030517578,1383100,0.0,0.0
2018-01-08 00:00:00-05:00,33.61000061035156,33.61000061035156,32.34000015258789,33.0099983215332,1469600,0.0,0.0
2018-01-09 00:00:00-05:00,33.380001068115234,33.5099983215332,32.7400016784668,33.209999084472656,838300,0.0,0.0
2018-01-10 00:00:00-05:00,32.97999954223633,33.36000061035156,32.599998474121094,32.7400016784668,714800,0.0,0.0
2018-01-11 00:00:00-05:00,32.45000076293945,33.2400016784668,32.34000015258789,32.7599983215332,848100,0.0,0.0
2018-01-12 00:00:00-05:00,32.880001068115234,32.9900016784668,32.29999923706055,32.380001068115234,663100,0.0,0.0
2018-01-16 00:00:00-05:00,33.150001525878906,33.150001525878906,31.15999984741211,31.829999923706055,1096700,0.0,0.0
2018-01-17 00:00:00-05:00,31.829999923706055,32.68000030517578,31.829999923706055,32.599998474121094,1422800,0.0,0.0
2018-01-18 00:00:00-05:00,32.86000061035156,33.5,32.599998474121094,32.790000915527344,614200,0.0,0.0
2018-01-19 00:00:00-05:00,32.790000915527344,33.02000045776367,32.54999923706055,32.61000061035156,635300,0.0,0.0
2018-01-22 00:00:00-05:00,32.599998474121094,33.25,32.04999923706055,33.150001525878906,697900,0.0,0.0
2018-01-23 00:00:00-05:00,33.279998779296875,35.40999984741211,33.150001525878906,35.22999954223633,3317400,0.0,0.0
2018-01-24 00:00:00-05:00,35.630001068115234,35.667999267578125,34.573001861572266,35.060001373291016,1152500,0.0,0.0
2018-01-25 00:00:00-05:00,35.220001220703125,35.61000061035156,34.40999984741211,35.33000183105469,916700,0.0,0.0
2018-01-26 00:00:00-05:00,35.36000061035156,35.56999969482422,34.84000015258789,35.560001373291016,1010400,0.0,0.0
2018-01-29 00:00:00-05:00,35.29999923706055,35.540000915527344,34.76499938964844,34.849998474121094,1487900,0.0,0.0
2018-01-30 00:00:00-05:00,34.400001525878906,35.11000061035156,33.68000030517578,35.0,800300,0.0,0.0
2018-01-31 00:00:00-05:00,35.0,36.4900016784668,35.0,35.939998626708984,1081800,0.0,0.0
2018-02-01 00:00:00-05:00,35.63999938964844,35.970001220703125,35.40999984741211,35.720001220703125,596000,0.0,0.0
2018-02-02 00:00:00-05:00,35.5,37.099998474121094,35.220001220703125,35.79999923706055,1366000,0.0,0.0
2018-02-05 00:00:00-05:00,35.7400016784668,37.5099983215332,34.744998931884766,35.709999084472656,1884300,0.0,0.0
2018-02-06 00:00:00-05:00,34.9900016784668,37.33000183105469,34.86000061035156,37.09000015258789,1611800,0.0,0.0
2018-02-07 00:00:00-05:00,37.61000061035156,38.25,36.959999084472656,38.119998931884766,2650100,0.0,0.0
2018-02-08 00:00:00-05:00,34.04999923706055,34.70000076293945,31.049999237060547,31.790000915527344,8843200,0.0,0.0
2018-02-09 00:00:00-05:00,32.75,33.36000061035156,28.40999984741211,30.459999084472656,4553300,0.0,0.0
2018-02-12 00:00:00-05:00,31.040000915527344,32.150001525878906,30.3799991607666,31.739999771118164,1525600,0.0,0.0
2018-02-13 00:00:00-05:00,31.260000228881836,33.45000076293945,31.15999984741211,33.16999816894531,1430400,0.0,0.0
2018-02-14 00:00:00-05:00,32.95000076293945,34.97999954223633,32.61000061035156,34.849998474121094,1515900,0.0,0.0
2018-02-15 00:00:00-05:00,35.22999954223633,35.22999954223633,33.65999984741211,34.0099983215332,1663500,0.0,0.0
2018-02-16 00:00:00-05:00,34.0,34.5099983215332,33.619998931884766,34.0,944400,0.0,0.0
2018-02-20 00:00:00-05:00,33.61000061035156,34.040000915527344,33.349998474121094,33.540000915527344,715300,0.0,0.0
2018-02-21 00:00:00-05:00,33.5099983215332,34.16999816894531,33.33000183105469,33.630001068115234,572300,0.0,0.0
2018-02-22 00:00:00-05:00,33.63999938964844,33.72999954223633,32.000999450683594,32.06999969482422,873100,0.0,0.0
2018-02-23 00:00:00-05:00,32.29999923706055,33.060001373291016,32.25,32.779998779296875,577700,0.0,0.0
2018-02-26 00:00:00-05:00,33.040000915527344,33.689998626708984,32.72999954223633,33.599998474121094,528200,0.0,0.0
2018-02-27 00:00:00-05:00,33.4900016784668,33.70000076293945,32.7599983215332,32.7599983215332,434900,0.0,0.0
2018-02-28 00:00:00-05:00,33.09000015258789,33.09000015258789,31.6299991607666,31.6299991607666,865400,0.0,0.0
2018-03-01 00:00:00-05:00,31.780000686645508,32.150001525878906,30.760000228881836,31.31999969482422,693900,0.0,0.0
2018-03-02 00:00:00-05:00,31.0,32.189998626708984,30.5,32.06999969482422,655300,0.0,0.0
2018-03-05 00:00:00-05:00,31.770000457763672,33.0,31.770000457763672,32.40999984741211,471200,0.0,0.0
2018-03-06 00:00:00-05:00,32.61000061035156,32.88999938964844,32.09000015258789,32.29999923706055,353400,0.0,0.0
2018-03-07 00:00:00-05:00,32.08000183105469,32.40999984741211,31.600000381469727,31.709999084472656,573600,0.0,0.0
2018-03-08 00:00:00-05:00,31.709999084472656,32.220001220703125,31.549999237060547,32.0099983215332,357000,0.0,0.0
2018-03-09 00:00:00-05:00,32.2599983215332,32.939998626708984,32.02000045776367,32.47999954223633,577600,0.0,0.0
2018-03-12 00:00:00-04:00,32.4900016784668,33.119998931884766,32.4900016784668,33.040000915527344,478700,0.0,0.0
2018-03-13 00:00:00-04:00,33.38999938964844,33.869998931884766,32.959999084472656,33.310001373291016,466300,0.0,0.0
2018-03-14 00:00:00-04:00,33.38999938964844,33.61000061035156,32.66999816894531,32.880001068115234,439200,0.0,0.0
2018-03-15 00:00:00-04:00,32.869998931884766,33.310001373291016,32.599998474121094,33.29999923706055,268400,0.0,0.0
2018-03-16 00:00:00-04:00,33.290000915527344,34.86000061035156,33.06999969482422,34.7400016784668,961800,0.0,0.0
2018-03-19 00:00:00-04:00,34.65999984741211,34.75,33.459999084472656,34.150001525878906,709600,0.0,0.0
2018-03-20 00:00:00-04:00,34.220001220703125,36.0,34.150001525878906,35.7400016784668,1240400,0.0,0.0
2018-03-21 00:00:00-04:00,35.810001373291016,36.65999984741211,35.47999954223633,36.439998626708984,622900,0.0,0.0
2018-03-22 00:00:00-04:00,35.790000915527344,36.54999923706055,34.52000045776367,34.540000915527344,701700,0.0,0.0
2018-03-23 00:00:00-04:00,34.630001068115234,35.7400016784668,33.849998474121094,33.959999084472656,994700,0.0,0.0
2018-03-26 00:00:00-04:00,34.58000183105469,35.082000732421875,33.97999954223633,34.709999084472656,421500,0.0,0.0
2018-03-27 00:00:00-04:00,34.95000076293945,35.380001068115234,33.650001525878906,34.0,506100,0.0,0.0
2018-03-28 00:00:00-04:00,33.7400016784668,34.0,32.61000061035156,32.84000015258789,727300,0.0,0.0
2018-03-29 00:00:00-04:00,33.06999969482422,33.75,33.06999969482422,33.41999816894531,506000,0.0,0.0
2018-04-02 00:00:00-04:00,33.38999938964844,33.709999084472656,32.369998931884766,32.75,694200,0.0,0.0
2018-04-03 00:00:00-04:00,32.939998626708984,33.849998474121094,32.68000030517578,33.83000183105469,512100,0.0,0.0
2018-04-04 00:00:00-04:00,33.029998779296875,34.90999984741211,33.029998779296875,34.810001373291016,599700,0.0,0.0
2018-04-05 00:00:00-04:00,35.04999923706055,35.130001068115234,34.31999969482422,35.029998779296875,540600,0.0,0.0
2018-04-06 00:00:00-04:00,34.66999816894531,35.150001525878906,33.790000915527344,34.09000015258789,287500,0.0,0.0
2018-04-09 00:00:00-04:00,34.34000015258789,35.349998474121094,34.31999969482422,34.65999984741211,383100,0.0,0.0
2018-04-10 00:00:00-04:00,35.2400016784668,35.560001373291016,34.720001220703125,35.38999938964844,391400,0.0,0.0
2018-04-11 00:00:00-04:00,34.81999969482422,35.20000076293945,34.4900016784668,34.709999084472656,447300,0.0,0.0
2018-04-12 00:00:00-04:00,34.880001068115234,35.099998474121094,34.540000915527344,34.630001068115234,278000,0.0,0.0
2018-04-13 00:00:00-04:00,34.689998626708984,35.22999954223633,33.72999954223633,34.02000045776367,395200,0.0,0.0
2018-04-16 00:00:00-04:00,34.220001220703125,34.459999084472656,33.66999816894531,34.25,400300,0.0,0.0
2018-04-17 00:00:00-04:00,34.33000183105469,34.77000045776367,34.33000183105469,34.459999084472656,303900,0.0,0.0
2018-04-18 00:00:00-04:00,34.58000183105469,35.4900016784668,34.349998474121094,34.9900016784668,405600,0.0,0.0
2018-04-19 00:00:00-04:00,35.40999984741211,37.220001220703125,35.178001403808594,36.56999969482422,1721500,0.0,0.0
2018-04-20 00:00:00-04:00,36.790000915527344,37.4900016784668,36.0099983215332,36.5,759500,0.0,0.0
2018-04-23 00:00:00-04:00,36.939998626708984,37.09000015258789,34.63999938964844,35.09000015258789,970700,0.0,0.0
2018-04-24 00:00:00-04:00,35.08000183105469,36.529998779296875,34.76300048828125,35.560001373291016,817600,0.0,0.0
2018-04-25 00:00:00-04:00,35.459999084472656,35.619998931884766,34.18000030517578,35.18000030517578,565200,0.0,0.0
2018-04-26 00:00:00-04:00,35.209999084472656,36.150001525878906,34.9109992980957,36.09000015258789,300900,0.0,0.0
2018-04-27 00:00:00-04:00,36.119998931884766,37.369998931884766,36.119998931884766,36.58000183105469,588800,0.0,0.0
2018-04-30 00:00:00-04:00,36.77000045776367,37.79999923706055,36.68000030517578,37.08000183105469,526000,0.0,0.0
2018-05-01 00:00:00-04:00,36.7599983215332,36.970001220703125,35.78099822998047,36.79999923706055,317600,0.0,0.0
2018-05-02 00:00:00-04:00,36.79999923706055,37.566001892089844,36.720001220703125,37.09000015258789,396000,0.0,0.0
2018-05-03 00:00:00-04:00,37.029998779296875,37.400001525878906,36.650001525878906,36.790000915527344,357200,0.0,0.0
2018-05-04 00:00:00-04:00,36.54999923706055,37.34000015258789,36.02000045776367,37.150001525878906,345800,0.0,0.0
2018-05-07 00:00:00-04:00,37.22999954223633,38.459999084472656,37.180999755859375,38.18000030517578,634700,0.0,0.0
2018-05-08 00:00:00-04:00,38.22999954223633,38.400001525878906,36.91999816894531,37.150001525878906,501900,0.0,0.0
2018-05-09 00:00:00-04:00,37.18000030517578,38.02000045776367,37.18000030517578,37.43000030517578,348000,0.0,0.0
2018-05-10 00:00:00-04:00,37.220001220703125,37.79999923706055,36.91999816894531,37.060001373291016,410800,0.0,0.0
2018-05-11 00:00:00-04:00,37.0,37.369998931884766,36.61000061035156,37.040000915527344,358700,0.0,0.0
2018-05-14 00:00:00-04:00,37.06999969482422,37.95000076293945,36.66999816894531,37.849998474121094,456800,0.0,0.0
2018-05-15 00:00:00-04:00,37.59000015258789,39.4900016784668,37.400001525878906,39.099998474121094,1472200,0.0,0.0
2018-05-16 00:00:00-04:00,39.310001373291016,40.459999084472656,39.250999450683594,40.36000061035156,682400,0.0,0.0
2018-05-17 00:00:00-04:00,40.47999954223633,41.11000061035156,39.849998474121094,40.869998931884766,771000,0.0,0.0
2018-05-18 00:00:00-04:00,40.869998931884766,41.189998626708984,39.709999084472656,40.970001220703125,755300,0.0,0.0
2018-05-21 00:00:00-04:00,41.36000061035156,41.5,38.369998931884766,39.349998474121094,972600,0.0,0.0
2018-05-22 00:00:00-04:00,39.93000030517578,41.11000061035156,39.599998474121094,39.900001525878906,700000,0.0,0.0
2018-05-23 00:00:00-04:00,39.66999816894531,40.6609992980957,39.349998474121094,39.959999084472656,695200,0.0,0.0
2018-05-24 00:00:00-04:00,40.279998779296875,40.279998779296875,39.34000015258789,39.599998474121094,594500,0.0,0.0
2018-05-25 00:00:00-04:00,39.36000061035156,39.779998779296875,39.150001525878906,39.72999954223633,325700,0.0,0.0
2018-05-29 00:00:00-04:00,39.33000183105469,40.88999938964844,39.31999969482422,39.810001373291016,496000,0.0,0.0
2018-05-30 00:00:00-04:00,39.91999816894531,40.972999572753906,39.58000183105469,39.81999969482422,755300,0.0,0.0
2018-05-31 00:00:00-04:00,40.93000030517578,42.33000183105469,40.349998474121094,42.04999923706055,1259700,0.0,0.0
2018-06-01 00:00:00-04:00,42.36000061035156,42.99700164794922,41.34000015258789,42.540000915527344,798900,0.0,0.0
2018-06-04 00:00:00-04:00,42.81999969482422,43.7140007019043,42.68000030517578,43.16999816894531,738000,0.0,0.0
2018-06-05 00:00:00-04:00,43.15999984741211,44.040000915527344,42.89099884033203,43.86000061035156,544900,0.0,0.0
2018-06-06 00:00:00-04:00,44.619998931884766,44.79999923706055,43.90999984741211,44.220001220703125,640100,0.0,0.0
2018-06-07 00:00:00-04:00,43.810001373291016,44.20000076293945,42.459999084472656,42.709999084472656,806500,0.0,0.0
2018-06-08 00:00:00-04:00,42.540000915527344,43.400001525878906,42.25,43.22999954223633,855200,0.0,0.0
2018-06-11 00:00:00-04:00,43.459999084472656,44.310001373291016,43.29999923706055,43.52000045776367,591000,0.0,0.0
2018-06-12 00:00:00-04:00,43.81999969482422,45.06999969482422,43.45000076293945,44.77000045776367,583000,0.0,0.0
2018-06-13 00:00:00-04:00,44.810001373291016,45.79999923706055,44.79999923706055,45.16999816894531,861800,0.0,0.0
2018-06-14 00:00:00-04:00,45.400001525878906,46.33000183105469,45.005001068115234,45.849998474121094,1617900,0.0,0.0
2018-06-15 00:00:00-04:00,59.02000045776367,61.689998626708984,53.18000030517578,61.02000045776367,13799300,0.0,0.0
2018-06-18 00:00:00-04:00,60.099998474121094,66.30000305175781,60.0099983215332,64.7300033569336,6458700,0.0,0.0
2018-06-19 00:00:00-04:00,64.01000213623047,67.73999786376953,63.25,67.41999816894531,2944700,0.0,0.0
2018-06-20 00:00:00-04:00,68.27999877929688,68.75,63.75,64.0,3963200,0.0,0.0
2018-06-21 00:00:00-04:00,63.29999923706055,63.630001068115234,61.810001373291016,62.150001525878906,5081300,0.0,0.0
2018-06-22 00:00:00-04:00,62.65999984741211,62.90999984741211,57.279998779296875,57.61000061035156,4417700,0.0,0.0
2018-06-25 00:00:00-04:00,57.43000030517578,59.7599983215332,55.77000045776367,58.84000015258789,3950300,0.0,0.0
2018-06-26 00:00:00-04:00,59.630001068115234,60.349998474121094,55.97999954223633,57.349998474121094,3097800,0.0,0.0
2018-06-27 00:00:00-04:00,57.099998474121094,59.029998779296875,56.25,56.61000061035156,1260100,0.0,0.0
2018-06-28 00:00:00-04:00,56.36000061035156,58.29999923706055,56.220001220703125,58.20000076293945,881800,0.0,0.0
2018-06-29 00:00:00-04:00,58.54999923706055,60.54999923706055,58.400001525878906,58.849998474121094,1172400,0.0,0.0
2018-07-02 00:00:00-04:00,58.97999954223633,59.2400016784668,56.58000183105469,58.880001068115234,651800,0.0,0.0
2018-07-03 00:00:00-04:00,59.060001373291016,59.779998779296875,58.189998626708984,59.310001373291016,761400,0.0,0.0
2018-07-05 00:00:00-04:00,60.25,60.70000076293945,58.72999954223633,60.02000045776367,987300,0.0,0.0
2018-07-06 00:00:00-04:00,59.84000015258789,61.47999954223633,58.68000030517578,59.61000061035156,994700,0.0,0.0
2018-07-09 00:00:00-04:00,60.0,60.41999816894531,58.68000030517578,60.15999984741211,818700,0.0,0.0
2018-07-10 00:00:00-04:00,60.459999084472656,61.93000030517578,60.15999984741211,61.58000183105469,1520700,0.0,0.0
2018-07-11 00:00:00-04:00,60.84000015258789,61.970001220703125,60.36000061035156,60.97999954223633,939600,0.0,0.0
2018-07-12 00:00:00-04:00,61.04999923706055,61.507999420166016,59.41999816894531,60.310001373291016,906200,0.0,0.0
2018-07-13 00:00:00-04:00,60.0,61.12900161743164,59.58000183105469,60.27000045776367,702000,0.0,0.0
2018-07-16 00:00:00-04:00,60.25,61.279998779296875,59.66999816894531,61.119998931884766,705900,0.0,0.0
2018-07-17 00:00:00-04:00,61.13999938964844,63.84000015258789,61.13999938964844,63.599998474121094,1112300,0.0,0.0
2018-07-18 00:00:00-04:00,64.09700012207031,64.91000366210938,63.060001373291016,64.7699966430664,814700,0.0,0.0
2018-07-19 00:00:00-04:00,64.5999984741211,64.94999694824219,63.88999938964844,64.30000305175781,529700,0.0,0.0
2018-07-20 00:00:00-04:00,64.55000305175781,64.81999969482422,62.0099983215332,62.70000076293945,1032500,0.0,0.0
2018-07-23 00:00:00-04:00,63.5,63.939998626708984,62.040000915527344,63.33000183105469,883400,0.0,0.0
2018-07-24 00:00:00-04:00,63.529998779296875,64.08200073242188,61.16999816894531,61.20000076293945,755300,0.0,0.0
2018-07-25 00:00:00-04:00,60.97999954223633,62.20000076293945,60.36000061035156,61.869998931884766,660800,0.0,0.0
2018-07-26 00:00:00-04:00,61.380001068115234,62.630001068115234,61.1510009765625,62.060001373291016,441300,0.0,0.0
2018-07-27 00:00:00-04:00,62.040000915527344,62.439998626708984,58.529998779296875,58.97999954223633,923300,0.0,0.0
2018-07-30 00:00:00-04:00,58.70000076293945,58.9900016784668,55.029998779296875,55.349998474121094,1501800,0.0,0.0
2018-07-31 00:00:00-04:00,55.29999923706055,57.459999084472656,55.07400131225586,57.43000030517578,1083500,0.0,0.0
2018-08-01 00:00:00-04:00,56.02000045776367,57.61000061035156,55.97999954223633,57.04999923706055,668300,0.0,0.0
2018-08-02 00:00:00-04:00,57.22999954223633,58.41899871826172,56.47100067138672,58.2400016784668,631800,0.0,0.0
2018-08-03 00:00:00-04:00,58.41999816894531,58.775001525878906,56.790000915527344,57.25,625300,0.0,0.0
2018-08-06 00:00:00-04:00,57.33000183105469,58.130001068115234,56.709999084472656,57.16999816894531,428900,0.0,0.0
2018-08-07 00:00:00-04:00,58.0,58.0,55.47999954223633,56.0,1073300,0.0,0.0
2018-08-08 00:00:00-04:00,56.0,56.33000183105469,55.099998474121094,55.90999984741211,1488100,0.0,0.0
2018-08-09 00:00:00-04:00,59.16999816894531,59.47999954223633,54.0,54.0,3921800,0.0,0.0
2018-08-10 00:00:00-04:00,53.72999954223633,56.43000030517578,53.0,55.060001373291016,1855000,0.0,0.0
2018-08-13 00:00:00-04:00,54.20000076293945,54.900001525878906,52.31100082397461,54.02000045776367,1776200,0.0,0.0
2018-08-14 00:00:00-04:00,53.7400016784668,53.827999114990234,50.81999969482422,51.540000915527344,2113000,0.0,0.0
2018-08-15 00:00:00-04:00,51.04999923706055,51.41999816894531,49.68000030517578,50.849998474121094,1308200,0.0,0.0
2018-08-16 00:00:00-04:00,50.880001068115234,52.720001220703125,50.380001068115234,51.54999923706055,1165400,0.0,0.0
2018-08-17 00:00:00-04:00,51.36000061035156,51.75,50.43299865722656,50.849998474121094,764500,0.0,0.0
2018-08-20 00:00:00-04:00,50.97999954223633,54.15999984741211,50.97999954223633,53.779998779296875,1047200,0.0,0.0
2018-08-21 00:00:00-04:00,54.0099983215332,54.85900115966797,53.689998626708984,54.029998779296875,910300,0.0,0.0
2018-08-22 00:00:00-04:00,53.939998626708984,55.5,53.650001525878906,55.25,576100,0.0,0.0
2018-08-23 00:00:00-04:00,55.11000061035156,56.29999923706055,54.97999954223633,56.29999923706055,803000,0.0,0.0
2018-08-24 00:00:00-04:00,56.349998474121094,57.11000061035156,56.18000030517578,56.5,579400,0.0,0.0
2018-08-27 00:00:00-04:00,56.790000915527344,58.70000076293945,56.68000030517578,58.02000045776367,755100,0.0,0.0
2018-08-28 00:00:00-04:00,58.2400016784668,59.54999923706055,57.619998931884766,58.70000076293945,700700,0.0,0.0
2018-08-29 00:00:00-04:00,58.43000030517578,59.4900016784668,58.18000030517578,59.33000183105469,402200,0.0,0.0
2018-08-30 00:00:00-04:00,59.220001220703125,60.45000076293945,59.119998931884766,59.939998626708984,547900,0.0,0.0
2018-08-31 00:00:00-04:00,60.459999084472656,61.33000183105469,59.9900016784668,60.869998931884766,655700,0.0,0.0
2018-09-04 00:00:00-04:00,60.630001068115234,60.7599983215332,58.34000015258789,60.2400016784668,651000,0.0,0.0
2018-09-05 00:00:00-04:00,59.91999816894531,59.959999084472656,55.459999084472656,55.83000183105469,1388400,0.0,0.0
2018-09-06 00:00:00-04:00,56.349998474121094,57.39500045776367,54.54999923706055,55.209999084472656,636800,0.0,0.0
2018-09-07 00:00:00-04:00,54.79999923706055,56.95000076293945,54.72100067138672,55.900001525878906,458300,0.0,0.0
2018-09-10 00:00:00-04:00,55.83000183105469,58.0,55.83000183105469,57.689998626708984,660900,0.0,0.0
2018-09-11 00:00:00-04:00,57.18000030517578,59.720001220703125,57.18000030517578,59.4900016784668,707500,0.0,0.0
2018-09-12 00:00:00-04:00,59.650001525878906,60.7599983215332,58.119998931884766,59.77000045776367,615600,0.0,0.0
2018-09-13 00:00:00-04:00,59.66999816894531,60.749000549316406,58.61000061035156,59.0099983215332,520900,0.0,0.0
2018-09-14 00:00:00-04:00,58.9900016784668,59.0,57.10499954223633,58.13999938964844,529900,0.0,0.0
2018-09-17 00:00:00-04:00,57.97999954223633,58.709999084472656,56.900001525878906,57.540000915527344,425000,0.0,0.0
2018-09-18 00:00:00-04:00,57.900001525878906,60.130001068115234,57.83000183105469,59.099998474121094,766100,0.0,0.0
2018-09-19 00:00:00-04:00,59.369998931884766,59.67900085449219,55.7400016784668,56.52000045776367,1016000,0.0,0.0
2018-09-20 00:00:00-04:00,56.959999084472656,57.5,55.5,57.0099983215332,477400,0.0,0.0
2018-09-21 00:00:00-04:00,56.65999984741211,57.5,56.209999084472656,57.29999923706055,809600,0.0,0.0
2018-09-24 00:00:00-04:00,57.13999938964844,58.25,56.77000045776367,58.02000045776367,371300,0.0,0.0
2018-09-25 00:00:00-04:00,58.189998626708984,59.36000061035156,57.790000915527344,57.9900016784668,439600,0.0,0.0
2018-09-26 00:00:00-04:00,58.13999938964844,64.30000305175781,58.11000061035156,63.63999938964844,3940600,0.0,0.0
2018-09-27 00:00:00-04:00,63.93000030517578,64.87999725341797,62.29999923706055,64.0199966430664,1535600,0.0,0.0
2018-09-28 00:00:00-04:00,63.810001373291016,65.81999969482422,63.54999923706055,64.54000091552734,1062400,0.0,0.0
2018-10-01 00:00:00-04:00,65.20999908447266,65.80000305175781,61.25,61.75,1297800,0.0,0.0
2018-10-02 00:00:00-04:00,61.70000076293945,61.70000076293945,59.02000045776367,59.220001220703125,1044300,0.0,0.0
2018-10-03 00:00:00-04:00,59.91999816894531,60.0,58.03099822998047,58.7599983215332,770600,0.0,0.0
2018-10-04 00:00:00-04:00,58.08000183105469,58.560001373291016,54.75,56.04999923706055,1560300,0.0,0.0
2018-10-05 00:00:00-04:00,55.65999984741211,57.65700149536133,55.470001220703125,56.959999084472656,1092400,0.0,0.0
2018-10-08 00:00:00-04:00,56.599998474121094,57.47999954223633,53.439998626708984,54.290000915527344,910800,0.0,0.0
2018-10-09 00:00:00-04:00,54.9900016784668,55.380001068115234,52.79999923706055,53.16999816894531,1021800,0.0,0.0
2018-10-10 00:00:00-04:00,52.650001525878906,52.650001525878906,48.040000915527344,48.040000915527344,3034700,0.0,0.0
2018-10-11 00:00:00-04:00,47.43000030517578,49.189998626708984,47.02000045776367,47.189998626708984,1420900,0.0,0.0
2018-10-12 00:00:00-04:00,49.06999969482422,50.560001373291016,48.97999954223633,50.439998626708984,1704800,0.0,0.0
2018-10-15 00:00:00-04:00,50.439998626708984,50.91999816894531,49.650001525878906,50.70000076293945,988400,0.0,0.0
2018-10-16 00:00:00-04:00,51.130001068115234,53.70000076293945,51.0099983215332,53.66999816894531,956600,0.0,0.0
2018-10-17 00:00:00-04:00,53.400001525878906,53.470001220703125,51.59000015258789,52.45000076293945,797300,0.0,0.0
2018-10-18 00:00:00-04:00,52.0,52.81999969482422,51.34000015258789,51.939998626708984,709400,0.0,0.0
2018-10-19 00:00:00-04:00,52.22999954223633,52.77000045776367,49.599998474121094,49.84000015258789,1086700,0.0,0.0
2018-10-22 00:00:00-04:00,50.9900016784668,51.56999969482422,49.689998626708984,50.810001373291016,559800,0.0,0.0
2018-10-23 00:00:00-04:00,48.720001220703125,49.439998626708984,46.849998474121094,48.380001068115234,1017900,0.0,0.0
2018-10-24 00:00:00-04:00,48.7400016784668,49.70000076293945,47.040000915527344,47.119998931884766,788200,0.0,0.0
2018-10-25 00:00:00-04:00,47.34000015258789,48.709999084472656,47.34000015258789,48.150001525878906,681600,0.0,0.0
2018-10-26 00:00:00-04:00,47.29999923706055,48.619998931884766,46.25,47.41999816894531,795500,0.0,0.0
2018-10-29 00:00:00-04:00,47.56999969482422,49.540000915527344,47.31999969482422,48.09000015258789,764900,0.0,0.0
2018-10-30 00:00:00-04:00,48.060001373291016,51.869998931884766,48.0,50.959999084472656,1025800,0.0,0.0
2018-10-31 00:00:00-04:00,51.900001525878906,54.630001068115234,51.70000076293945,54.56999969482422,1228500,0.0,0.0
2018-11-01 00:00:00-04:00,54.63999938964844,55.65999984741211,53.09000015258789,55.4900016784668,1110700,0.0,0.0
2018-11-02 00:00:00-04:00,56.220001220703125,59.279998779296875,56.029998779296875,58.29999923706055,1633200,0.0,0.0
2018-11-05 00:00:00-05:00,58.45000076293945,58.779998779296875,56.439998626708984,58.27000045776367,1417800,0.0,0.0
2018-11-06 00:00:00-05:00,57.97999954223633,59.63999938964844,57.97999954223633,59.279998779296875,1186300,0.0,0.0
2018-11-07 00:00:00-05:00,59.90999984741211,61.779998779296875,59.400001525878906,61.59000015258789,1298200,0.0,0.0
2018-11-08 00:00:00-05:00,61.5,61.59000015258789,59.70000076293945,60.130001068115234,836400,0.0,0.0
2018-11-09 00:00:00-05:00,58.9900016784668,60.15999984741211,58.310001373291016,59.9900016784668,833300,0.0,0.0
2018-11-12 00:00:00-05:00,59.65999984741211,60.56999969482422,57.04999923706055,57.09000015258789,1890200,0.0,0.0
2018-11-13 00:00:00-05:00,57.47999954223633,59.63999938964844,57.01100158691406,58.58000183105469,1933200,0.0,0.0
2018-11-14 00:00:00-05:00,67.1500015258789,72.2699966430664,61.7599983215332,64.44999694824219,9750500,0.0,0.0
2018-11-15 00:00:00-05:00,65.0,68.44999694824219,63.22999954223633,68.22000122070312,2569700,0.0,0.0
2018-11-16 00:00:00-05:00,67.91000366210938,71.58000183105469,66.93000030517578,70.05000305175781,3179400,0.0,0.0
2018-11-19 00:00:00-05:00,69.61000061035156,71.54000091552734,65.81999969482422,67.12999725341797,2501500,0.0,0.0
2018-11-20 00:00:00-05:00,63.310001373291016,66.36000061035156,62.30400085449219,63.18000030517578,2467400,0.0,0.0
2018-11-21 00:00:00-05:00,64.55000305175781,66.26000213623047,63.97999954223633,65.29000091552734,1117700,0.0,0.0
2018-11-23 00:00:00-05:00,65.0,68.16999816894531,64.76300048828125,68.04000091552734,1267000,0.0,0.0
2018-11-26 00:00:00-05:00,69.01000213623047,69.27999877929688,66.12000274658203,66.37999725341797,1587000,0.0,0.0
2018-11-27 00:00:00-05:00,64.0,64.5,62.439998626708984,62.81999969482422,4019000,0.0,0.0
2018-11-28 00:00:00-05:00,63.59000015258789,66.33000183105469,62.02000045776367,65.98999786376953,2857000,0.0,0.0
2018-11-29 00:00:00-05:00,65.37000274658203,66.0199966430664,64.68000030517578,64.97000122070312,1559500,0.0,0.0
2018-11-30 00:00:00-05:00,64.94000244140625,68.23999786376953,64.77999877929688,67.3499984741211,2739800,0.0,0.0
2018-12-03 00:00:00-05:00,70.0,70.26000213623047,68.05500030517578,69.48999786376953,1816700,0.0,0.0
2018-12-04 00:00:00-05:00,69.4000015258789,69.91000366210938,67.0199966430664,68.37999725341797,1998300,0.0,0.0
2018-12-06 00:00:00-05:00,65.6500015258789,65.95999908447266,61.2599983215332,62.61000061035156,2730100,0.0,0.0
2018-12-07 00:00:00-05:00,62.599998474121094,63.90999984741211,57.93000030517578,58.45000076293945,1892500,0.0,0.0
2018-12-10 00:00:00-05:00,59.0,59.400001525878906,54.959999084472656,55.959999084472656,2494200,0.0,0.0
2018-12-11 00:00:00-05:00,57.47999954223633,58.310001373291016,55.18000030517578,55.2599983215332,2631200,0.0,0.0
2018-12-12 00:00:00-05:00,57.099998474121094,59.38999938964844,56.7599983215332,58.40999984741211,2708400,0.0,0.0
2018-12-13 00:00:00-05:00,58.52000045776367,58.630001068115234,54.65999984741211,54.689998626708984,2148800,0.0,0.0
2018-12-14 00:00:00-05:00,52.869998931884766,53.70500183105469,51.81999969482422,52.11000061035156,2424500,0.0,0.0
2018-12-17 00:00:00-05:00,50.79999923706055,52.33000183105469,49.790000915527344,50.349998474121094,1931300,0.0,0.0
2018-12-18 00:00:00-05:00,50.90999984741211,52.540000915527344,50.709999084472656,52.099998474121094,2062600,0.0,0.0
2018-12-19 00:00:00-05:00,52.40999984741211,52.84000015258789,48.15999984741211,48.75,3373300,0.0,0.0
2018-12-20 00:00:00-05:00,48.15999984741211,48.810001373291016,44.33000183105469,45.9900016784668,4330300,0.0,0.0
2018-12-21 00:00:00-05:00,46.310001373291016,46.689998626708984,42.099998474121094,42.2400016784668,2970900,0.0,0.0
2018-12-24 00:00:00-05:00,40.95000076293945,42.4900016784668,40.810001373291016,40.849998474121094,1495500,0.0,0.0
2018-12-26 00:00:00-05:00,41.29999923706055,43.22999954223633,40.36000061035156,43.13999938964844,1803400,0.0,0.0
2018-12-27 00:00:00-05:00,42.4900016784668,43.0,40.189998626708984,42.209999084472656,1875600,0.0,0.0
2018-12-28 00:00:00-05:00,42.47999954223633,42.93000030517578,40.93000030517578,41.779998779296875,1704200,0.0,0.0
2018-12-31 00:00:00-05:00,44.970001220703125,45.77000045776367,43.040000915527344,43.720001220703125,6378100,0.0,0.0
2019-01-02 00:00:00-05:00,43.04999923706055,44.619998931884766,41.5099983215332,43.86000061035156,2387900,0.0,0.0
2019-01-03 00:00:00-05:00,43.650001525878906,44.20000076293945,42.119998931884766,42.15999984741211,2141900,0.0,0.0
2019-01-04 00:00:00-05:00,43.189998626708984,45.54999923706055,43.13999938964844,44.72999954223633,3030400,0.0,0.0
2019-01-07 00:00:00-05:00,45.5,47.27000045776367,44.27000045776367,46.75,2110800,0.0,0.0
2019-01-08 00:00:00-05:00,47.63999938964844,48.599998474121094,46.70000076293945,48.06999969482422,2617900,0.0,0.0
2019-01-09 00:00:00-05:00,48.56999969482422,49.779998779296875,48.25,49.2400016784668,1959200,0.0,0.0
2019-01-10 00:00:00-05:00,47.91999816894531,48.27000045776367,45.70000076293945,47.93000030517578,2904200,0.0,0.0
2019-01-11 00:00:00-05:00,47.310001373291016,47.88999938964844,47.150001525878906,47.81999969482422,1476100,0.0,0.0
2019-01-14 00:00:00-05:00,46.939998626708984,47.709999084472656,46.380001068115234,47.060001373291016,1452000,0.0,0.0
2019-01-15 00:00:00-05:00,47.20000076293945,48.08000183105469,46.81999969482422,47.2400016784668,1747900,0.0,0.0
2019-01-16 00:00:00-05:00,47.349998474121094,48.599998474121094,47.25,47.529998779296875,1732400,0.0,0.0
2019-01-17 00:00:00-05:00,47.47999954223633,50.02000045776367,46.88999938964844,49.63999938964844,1798600,0.0,0.0
2019-01-18 00:00:00-05:00,50.470001220703125,52.18000030517578,49.869998931884766,50.08000183105469,2572500,0.0,0.0
2019-01-22 00:00:00-05:00,49.40999984741211,51.540000915527344,49.18000030517578,50.04999923706055,2033100,0.0,0.0
2019-01-23 00:00:00-05:00,50.08000183105469,50.72999954223633,48.790000915527344,49.650001525878906,1761700,0.0,0.0
2019-01-24 00:00:00-05:00,47.77000045776367,47.849998474121094,44.15999984741211,46.04999923706055,7666500,0.0,0.0
2019-01-25 00:00:00-05:00,46.959999084472656,49.11199951171875,46.810001373291016,49.11000061035156,3061100,0.0,0.0
2019-01-28 00:00:00-05:00,48.08000183105469,50.47999954223633,47.599998474121094,49.9900016784668,2023500,0.0,0.0
2019-01-29 00:00:00-05:00,49.779998779296875,50.19200134277344,48.220001220703125,49.689998626708984,1427300,0.0,0.0
2019-01-30 00:00:00-05:00,50.33000183105469,50.61000061035156,48.5099983215332,49.81999969482422,1832800,0.0,0.0
2019-01-31 00:00:00-05:00,50.0,51.68000030517578,49.2599983215332,51.459999084472656,1838900,0.0,0.0
2019-02-01 00:00:00-05:00,52.13999938964844,52.65999984741211,50.720001220703125,52.349998474121094,2095600,0.0,0.0
2019-02-04 00:00:00-05:00,52.43000030517578,53.15999984741211,51.20000076293945,52.90999984741211,1151700,0.0,0.0
2019-02-05 00:00:00-05:00,53.88999938964844,54.880001068115234,53.279998779296875,54.400001525878906,2064600,0.0,0.0
2019-02-06 00:00:00-05:00,54.650001525878906,55.5099983215332,52.52399826049805,55.38999938964844,2006100,0.0,0.0
2019-02-07 00:00:00-05:00,55.0099983215332,55.83000183105469,53.7599983215332,54.540000915527344,1871400,0.0,0.0
2019-02-08 00:00:00-05:00,53.54999923706055,56.2400016784668,53.11000061035156,56.20000076293945,1820000,0.0,0.0
2019-02-11 00:00:00-05:00,57.099998474121094,57.86000061035156,56.04999923706055,57.619998931884766,2001700,0.0,0.0
2019-02-12 00:00:00-05:00,58.040000915527344,59.279998779296875,57.16999816894531,58.849998474121094,2885900,0.0,0.0
2019-02-13 00:00:00-05:00,59.38999938964844,59.70000076293945,58.18000030517578,59.189998626708984,3986200,0.0,0.0
2019-02-14 00:00:00-05:00,59.7599983215332,59.939998626708984,51.16999816894531,51.529998779296875,16674100,0.0,0.0
2019-02-15 00:00:00-05:00,52.0,53.63999938964844,49.849998474121094,50.11000061035156,6200000,0.0,0.0
2019-02-19 00:00:00-05:00,50.11000061035156,54.18000030517578,49.709999084472656,54.150001525878906,4703100,0.0,0.0
2019-02-20 00:00:00-05:00,53.7400016784668,54.060001373291016,52.56999969482422,53.52000045776367,3361200,0.0,0.0
2019-02-21 00:00:00-05:00,54.04999923706055,54.141998291015625,52.849998474121094,53.540000915527344,3173900,0.0,0.0
2019-02-22 00:00:00-05:00,53.75,55.75,53.54999923706055,55.470001220703125,4201000,0.0,0.0
2019-02-25 00:00:00-05:00,55.650001525878906,56.849998474121094,55.540000915527344,55.65999984741211,2078000,0.0,0.0
2019-02-26 00:00:00-05:00,55.189998626708984,56.33000183105469,54.68000030517578,56.02000045776367,2589200,0.0,0.0
2019-02-27 00:00:00-05:00,55.9900016784668,57.43000030517578,55.599998474121094,57.0099983215332,3723800,0.0,0.0
2019-02-28 00:00:00-05:00,57.209999084472656,58.29999923706055,56.84000015258789,56.90999984741211,2446100,0.0,0.0
2019-03-01 00:00:00-05:00,57.63999938964844,57.65999984741211,55.25,55.459999084472656,3691400,0.0,0.0
2019-03-04 00:00:00-05:00,55.61000061035156,55.880001068115234,52.150001525878906,52.599998474121094,4255100,0.0,0.0
2019-03-05 00:00:00-05:00,52.310001373291016,53.77000045776367,52.27899932861328,53.560001373291016,1810800,0.0,0.0
2019-03-06 00:00:00-05:00,53.2400016784668,53.349998474121094,51.29999923706055,51.79999923706055,1818500,0.0,0.0
2019-03-07 00:00:00-05:00,51.61000061035156,51.7400016784668,49.56999969482422,50.119998931884766,3049800,0.0,0.0
2019-03-08 00:00:00-05:00,49.29999923706055,50.529998779296875,48.75,50.36000061035156,1615400,0.0,0.0
2019-03-11 00:00:00-04:00,50.36000061035156,51.970001220703125,50.36000061035156,51.93000030517578,1813700,0.0,0.0
2019-03-12 00:00:00-04:00,52.16999816894531,52.20000076293945,50.119998931884766,51.33000183105469,1474500,0.0,0.0
2019-03-13 00:00:00-04:00,51.27000045776367,52.22999954223633,51.119998931884766,51.22999954223633,1063100,0.0,0.0
2019-03-14 00:00:00-04:00,51.18000030517578,51.8849983215332,51.0,51.459999084472656,1161000,0.0,0.0
2019-03-15 00:00:00-04:00,51.70000076293945,52.25,50.755001068115234,51.09000015258789,1014500,0.0,0.0
2019-03-18 00:00:00-04:00,51.33000183105469,51.79999923706055,50.150001525878906,51.150001525878906,926700,0.0,0.0
2019-03-19 00:00:00-04:00,51.61000061035156,52.68000030517578,51.14099884033203,52.20000076293945,1214800,0.0,0.0
2019-03-20 00:00:00-04:00,52.13999938964844,52.16999816894531,50.125,50.400001525878906,1261000,0.0,0.0
2019-03-21 00:00:00-04:00,50.02000045776367,51.4900016784668,50.0,51.2599983215332,985400,0.0,0.0
2019-03-22 00:00:00-04:00,50.970001220703125,50.970001220703125,48.2400016784668,48.27000045776367,2097900,0.0,0.0
2019-03-25 00:00:00-04:00,48.0,48.0,45.58000183105469,46.33000183105469,3815700,0.0,0.0
2019-03-26 00:00:00-04:00,46.810001373291016,47.314998626708984,45.624000549316406,45.9900016784668,1498200,0.0,0.0
2019-03-27 00:00:00-04:00,45.93000030517578,46.20000076293945,43.970001220703125,45.88999938964844,2050400,0.0,0.0
2019-03-28 00:00:00-04:00,46.43000030517578,48.45000076293945,46.2599983215332,47.02000045776367,1957200,0.0,0.0
2019-03-29 00:00:00-04:00,47.720001220703125,48.54999923706055,46.959999084472656,48.02000045776367,1228100,0.0,0.0
2019-04-01 00:00:00-04:00,48.97999954223633,49.130001068115234,48.04999923706055,48.27000045776367,888100,0.0,0.0
2019-04-02 00:00:00-04:00,48.16999816894531,48.459999084472656,47.849998474121094,47.939998626708984,963700,0.0,0.0
2019-04-03 00:00:00-04:00,48.400001525878906,49.220001220703125,47.77000045776367,48.61000061035156,1044600,0.0,0.0
2019-04-04 00:00:00-04:00,48.439998626708984,48.93000030517578,48.0,48.88999938964844,894700,0.0,0.0
2019-04-05 00:00:00-04:00,49.130001068115234,49.380001068115234,48.40999984741211,48.7599983215332,750300,0.0,0.0
2019-04-08 00:00:00-04:00,48.56999969482422,48.58000183105469,47.29999923706055,47.4900016784668,887000,0.0,0.0
2019-04-09 00:00:00-04:00,47.5099983215332,49.27000045776367,47.2599983215332,49.08000183105469,1191800,0.0,0.0
2019-04-10 00:00:00-04:00,49.0,49.849998474121094,48.68000030517578,49.79999923706055,1249800,0.0,0.0
2019-04-11 00:00:00-04:00,49.79999923706055,50.36000061035156,49.16999816894531,49.43000030517578,1113900,0.0,0.0
2019-04-12 00:00:00-04:00,49.65999984741211,50.040000915527344,47.23899841308594,47.939998626708984,1551100,0.0,0.0
2019-04-15 00:00:00-04:00,47.79999923706055,48.36000061035156,47.29999923706055,47.9900016784668,777900,0.0,0.0
2019-04-16 00:00:00-04:00,48.18000030517578,50.619998931884766,48.150001525878906,50.25,1930200,0.0,0.0
2019-04-17 00:00:00-04:00,50.599998474121094,53.040000915527344,50.5,52.72999954223633,3399500,0.0,0.0
2019-04-18 00:00:00-04:00,52.70000076293945,52.95000076293945,51.79999923706055,52.68000030517578,1393300,0.0,0.0
2019-04-22 00:00:00-04:00,52.349998474121094,52.59000015258789,51.354000091552734,51.93000030517578,1319900,0.0,0.0
2019-04-23 00:00:00-04:00,51.91999816894531,54.150001525878906,51.599998474121094,53.34000015258789,1614100,0.0,0.0
2019-04-24 00:00:00-04:00,53.349998474121094,53.77000045776367,53.0,53.22999954223633,755300,0.0,0.0
2019-04-25 00:00:00-04:00,53.060001373291016,54.22999954223633,52.959999084472656,53.70000076293945,610300,0.0,0.0
2019-04-26 00:00:00-04:00,53.68000030517578,54.400001525878906,53.459999084472656,54.18000030517578,1198700,0.0,0.0
2019-04-29 00:00:00-04:00,54.20000076293945,55.4900016784668,53.84000015258789,54.22999954223633,687500,0.0,0.0
2019-04-30 00:00:00-04:00,53.869998931884766,54.2400016784668,52.84000015258789,53.38999938964844,1053700,0.0,0.0
2019-05-01 00:00:00-04:00,53.439998626708984,53.64500045776367,51.75,51.75,822400,0.0,0.0
2019-05-02 00:00:00-04:00,52.060001373291016,53.880001068115234,51.779998779296875,53.86000061035156,778900,0.0,0.0
2019-05-03 00:00:00-04:00,54.15999984741211,54.86000061035156,53.619998931884766,54.709999084472656,1175900,0.0,0.0
2019-05-06 00:00:00-04:00,52.11000061035156,53.529998779296875,51.5099983215332,53.22999954223633,1302700,0.0,0.0
2019-05-07 00:00:00-04:00,52.75,53.18000030517578,51.119998931884766,51.599998474121094,726900,0.0,0.0
2019-05-08 00:00:00-04:00,51.0,52.40999984741211,50.599998474121094,50.970001220703125,1092400,0.0,0.0
2019-05-09 00:00:00-04:00,50.41999816894531,51.970001220703125,49.04999923706055,51.16999816894531,1507200,0.0,0.0
2019-05-10 00:00:00-04:00,51.2400016784668,52.130001068115234,50.154998779296875,51.27000045776367,850200,0.0,0.0
2019-05-13 00:00:00-04:00,49.5,50.150001525878906,47.369998931884766,47.47999954223633,1323300,0.0,0.0
2019-05-14 00:00:00-04:00,47.86000061035156,49.369998931884766,47.45000076293945,49.27000045776367,1103800,0.0,0.0
2019-05-15 00:00:00-04:00,48.81999969482422,50.0,48.79999923706055,49.16999816894531,728500,0.0,0.0
2019-05-16 00:00:00-04:00,50.0099983215332,50.59000015258789,49.15999984741211,49.869998931884766,899200,0.0,0.0
2019-05-17 00:00:00-04:00,49.27000045776367,49.880001068115234,48.25,48.31999969482422,730400,0.0,0.0
2019-05-20 00:00:00-04:00,48.650001525878906,49.209999084472656,47.400001525878906,48.529998779296875,827500,0.0,0.0
2019-05-21 00:00:00-04:00,49.060001373291016,49.779998779296875,48.79999923706055,49.56999969482422,813000,0.0,0.0
2019-05-22 00:00:00-04:00,49.2400016784668,50.18000030517578,48.68000030517578,49.09000015258789,768200,0.0,0.0
2019-05-23 00:00:00-04:00,48.150001525878906,48.400001525878906,46.91999816894531,46.93000030517578,1394800,0.0,0.0
2019-05-24 00:00:00-04:00,47.75,48.25,46.91999816894531,47.88999938964844,1487600,0.0,0.0
2019-05-28 00:00:00-04:00,49.09000015258789,51.70500183105469,48.72999954223633,49.02000045776367,3410600,0.0,0.0
2019-05-29 00:00:00-04:00,41.40999984741211,42.060001373291016,33.584999084472656,33.88999938964844,20462300,0.0,0.0
2019-05-30 00:00:00-04:00,34.400001525878906,35.9900016784668,33.529998779296875,35.439998626708984,10109400,0.0,0.0
2019-05-31 00:00:00-04:00,35.41999816894531,36.3390007019043,33.0099983215332,33.650001525878906,6369400,0.0,0.0
2019-06-03 00:00:00-04:00,33.400001525878906,34.150001525878906,32.83000183105469,34.08000183105469,4067700,0.0,0.0
2019-06-04 00:00:00-04:00,34.470001220703125,34.959999084472656,33.560001373291016,34.630001068115234,2878000,0.0,0.0
2019-06-05 00:00:00-04:00,34.91999816894531,34.939998626708984,32.83000183105469,32.91999816894531,3237800,0.0,0.0
2019-06-06 00:00:00-04:00,32.970001220703125,33.209999084472656,31.670000076293945,32.95000076293945,3045900,0.0,0.0
2019-06-07 00:00:00-04:00,33.02000045776367,34.2400016784668,32.75,34.150001525878906,2355600,0.0,0.0
2019-06-10 00:00:00-04:00,34.5099983215332,35.13999938964844,33.869998931884766,34.29999923706055,2077400,0.0,0.0
2019-06-11 00:00:00-04:00,34.72999954223633,35.560001373291016,34.310001373291016,35.279998779296875,1784800,0.0,0.0
2019-06-12 00:00:00-04:00,35.31999969482422,35.81999969482422,34.38999938964844,34.459999084472656,1193400,0.0,0.0
2019-06-13 00:00:00-04:00,34.59000015258789,36.61000061035156,34.470001220703125,36.22999954223633,2277200,0.0,0.0
2019-06-14 00:00:00-04:00,36.33000183105469,37.220001220703125,36.10599899291992,36.66999816894531,1656000,0.0,0.0
2019-06-17 00:00:00-04:00,36.7599983215332,36.880001068115234,35.96500015258789,36.16999816894531,988800,0.0,0.0
2019-06-18 00:00:00-04:00,36.220001220703125,37.36000061035156,36.029998779296875,36.88999938964844,1175800,0.0,0.0
2019-06-19 00:00:00-04:00,36.88999938964844,37.220001220703125,36.279998779296875,36.79999923706055,572600,0.0,0.0
2019-06-20 00:00:00-04:00,37.310001373291016,37.58000183105469,36.900001525878906,37.189998626708984,822400,0.0,0.0
2019-06-21 00:00:00-04:00,36.810001373291016,37.33000183105469,36.58000183105469,37.060001373291016,724300,0.0,0.0
2019-06-24 00:00:00-04:00,37.060001373291016,37.310001373291016,36.7599983215332,37.06999969482422,713200,0.0,0.0
2019-06-25 00:00:00-04:00,36.709999084472656,37.25,35.869998931884766,36.040000915527344,1015200,0.0,0.0
2019-06-26 00:00:00-04:00,36.31999969482422,36.944000244140625,36.22999954223633,36.349998474121094,782200,0.0,0.0
2019-06-27 00:00:00-04:00,36.66999816894531,37.75,36.47999954223633,37.52000045776367,785700,0.0,0.0
2019-06-28 00:00:00-04:00,37.880001068115234,38.810001373291016,37.84000015258789,38.72999954223633,1051600,0.0,0.0
2019-07-01 00:00:00-04:00,39.599998474121094,40.08000183105469,39.0,39.720001220703125,1883400,0.0,0.0
2019-07-02 00:00:00-04:00,39.63999938964844,39.97999954223633,38.95000076293945,39.56999969482422,893900,0.0,0.0
2019-07-03 00:00:00-04:00,39.84000015258789,40.02000045776367,39.619998931884766,39.90999984741211,409800,0.0,0.0
2019-07-05 00:00:00-04:00,39.869998931884766,40.880001068115234,39.619998931884766,40.790000915527344,615200,0.0,0.0
2019-07-08 00:00:00-04:00,40.47999954223633,40.77000045776367,39.9900016784668,40.56999969482422,1065200,0.0,0.0
2019-07-09 00:00:00-04:00,40.150001525878906,41.779998779296875,40.040000915527344,41.220001220703125,1120600,0.0,0.0
2019-07-10 00:00:00-04:00,41.630001068115234,42.33000183105469,41.20000076293945,42.2599983215332,1085600,0.0,0.0
2019-07-11 00:00:00-04:00,42.459999084472656,42.87900161743164,41.31999969482422,41.91999816894531,1015900,0.0,0.0
2019-07-12 00:00:00-04:00,41.91999816894531,43.939998626708984,41.880001068115234,43.790000915527344,1125400,0.0,0.0
2019-07-15 00:00:00-04:00,43.790000915527344,44.36000061035156,43.040000915527344,43.619998931884766,708600,0.0,0.0
2019-07-16 00:00:00-04:00,43.63999938964844,44.369998931884766,43.599998474121094,44.119998931884766,652100,0.0,0.0
2019-07-17 00:00:00-04:00,44.09000015258789,44.369998931884766,43.435001373291016,43.459999084472656,807000,0.0,0.0
2019-07-18 00:00:00-04:00,43.45000076293945,43.95000076293945,43.20000076293945,43.66999816894531,485200,0.0,0.0
2019-07-19 00:00:00-04:00,43.83000183105469,44.32500076293945,43.56999969482422,44.2400016784668,694700,0.0,0.0
2019-07-22 00:00:00-04:00,44.2400016784668,44.952999114990234,43.720001220703125,43.72999954223633,808700,0.0,0.0
2019-07-23 00:00:00-04:00,44.15999984741211,44.84000015258789,43.79999923706055,44.790000915527344,555800,0.0,0.0
2019-07-24 00:00:00-04:00,44.7400016784668,45.45000076293945,44.630001068115234,45.290000915527344,600700,0.0,0.0
2019-07-25 00:00:00-04:00,45.27000045776367,46.150001525878906,44.72999954223633,45.439998626708984,870000,0.0,0.0
2019-07-26 00:00:00-04:00,45.540000915527344,45.970001220703125,45.439998626708984,45.61000061035156,499700,0.0,0.0
2019-07-29 00:00:00-04:00,45.630001068115234,45.9900016784668,44.650001525878906,45.75,764600,0.0,0.0
2019-07-30 00:00:00-04:00,44.970001220703125,46.560001373291016,44.56999969482422,46.41999816894531,943700,0.0,0.0
2019-07-31 00:00:00-04:00,46.52000045776367,46.95000076293945,46.029998779296875,46.790000915527344,803600,0.0,0.0
2019-08-01 00:00:00-04:00,46.9900016784668,47.91999816894531,43.2599983215332,44.58000183105469,2458800,0.0,0.0
2019-08-02 00:00:00-04:00,43.369998931884766,44.779998779296875,42.880001068115234,44.56999969482422,1286000,0.0,0.0
2019-08-05 00:00:00-04:00,42.970001220703125,42.970001220703125,40.810001373291016,42.209999084472656,1430300,0.0,0.0
2019-08-06 00:00:00-04:00,42.5099983215332,43.790000915527344,42.29999923706055,42.7599983215332,966800,0.0,0.0
2019-08-07 00:00:00-04:00,41.91999816894531,43.22999954223633,41.04999923706055,43.150001525878906,1230600,0.0,0.0
2019-08-08 00:00:00-04:00,43.47999954223633,44.97999954223633,43.279998779296875,44.779998779296875,727500,0.0,0.0
2019-08-09 00:00:00-04:00,44.540000915527344,44.93000030517578,43.72999954223633,43.72999954223633,548400,0.0,0.0
2019-08-12 00:00:00-04:00,42.5,43.16999816894531,41.95100021362305,42.06999969482422,819600,0.0,0.0
2019-08-13 00:00:00-04:00,41.56999969482422,43.849998474121094,40.47700119018555,43.209999084472656,1766100,0.0,0.0
2019-08-14 00:00:00-04:00,40.790000915527344,44.38999938964844,38.619998931884766,39.970001220703125,5494900,0.0,0.0
2019-08-15 00:00:00-04:00,40.0099983215332,40.209999084472656,38.025001525878906,38.209999084472656,1945900,0.0,0.0
2019-08-16 00:00:00-04:00,38.9900016784668,39.16999816894531,37.59000015258789,37.709999084472656,1839400,0.0,0.0
2019-08-19 00:00:00-04:00,38.5,39.560001373291016,37.970001220703125,38.720001220703125,1350900,0.0,0.0
2019-08-20 00:00:00-04:00,38.5,39.65999984741211,38.25,38.939998626708984,1026100,0.0,0.0
2019-08-21 00:00:00-04:00,39.779998779296875,40.33000183105469,39.15999984741211,39.790000915527344,757800,0.0,0.0
2019-08-22 00:00:00-04:00,39.7400016784668,40.25,39.40999984741211,39.54999923706055,655000,0.0,0.0
2019-08-23 00:00:00-04:00,39.099998474121094,39.13999938964844,36.81999969482422,37.0099983215332,1244000,0.0,0.0
2019-08-26 00:00:00-04:00,37.65999984741211,37.689998626708984,36.32500076293945,36.97999954223633,757200,0.0,0.0
2019-08-27 00:00:00-04:00,37.29999923706055,37.68000030517578,36.459999084472656,36.959999084472656,660700,0.0,0.0
2019-08-28 00:00:00-04:00,36.540000915527344,37.18000030517578,35.9900016784668,36.47999954223633,1010200,0.0,0.0
2019-08-29 00:00:00-04:00,37.029998779296875,37.83000183105469,36.72999954223633,36.869998931884766,800100,0.0,0.0
2019-08-30 00:00:00-04:00,37.25,37.66999816894531,36.79999923706055,37.29999923706055,630100,0.0,0.0
2019-09-03 00:00:00-04:00,36.790000915527344,37.31999969482422,35.97999954223633,36.5,1105900,0.0,0.0
2019-09-04 00:00:00-04:00,37.04999923706055,38.70000076293945,36.95000076293945,37.880001068115234,769000,0.0,0.0
2019-09-05 00:00:00-04:00,38.849998474121094,40.0,38.5,39.5,1002200,0.0,0.0
2019-09-06 00:00:00-04:00,39.900001525878906,40.189998626708984,39.380001068115234,39.70000076293945,475500,0.0,0.0
2019-09-09 00:00:00-04:00,40.029998779296875,40.619998931884766,39.59000015258789,40.31999969482422,847300,0.0,0.0
2019-09-10 00:00:00-04:00,40.040000915527344,41.68000030517578,40.040000915527344,41.45000076293945,1034800,0.0,0.0
2019-09-11 00:00:00-04:00,41.66999816894531,42.880001068115234,40.91999816894531,42.5,948000,0.0,0.0
2019-09-12 00:00:00-04:00,42.59000015258789,43.599998474121094,42.40999984741211,43.29999923706055,982500,0.0,0.0
2019-09-13 00:00:00-04:00,43.45000076293945,44.369998931884766,43.41999816894531,43.56999969482422,737400,0.0,0.0
2019-09-16 00:00:00-04:00,43.0,44.06999969482422,42.529998779296875,42.970001220703125,728300,0.0,0.0
2019-09-17 00:00:00-04:00,42.88999938964844,42.93000030517578,41.959999084472656,42.38999938964844,783900,0.0,0.0
2019-09-18 00:00:00-04:00,42.0,42.79999923706055,41.619998931884766,42.369998931884766,1013900,0.0,0.0
2019-09-19 00:00:00-04:00,42.599998474121094,43.619998931884766,42.279998779296875,42.849998474121094,544900,0.0,0.0
2019-09-20 00:00:00-04:00,42.959999084472656,43.88999938964844,41.9900016784668,42.119998931884766,987100,0.0,0.0
2019-09-23 00:00:00-04:00,41.88999938964844,43.125,41.83000183105469,42.959999084472656,662500,0.0,0.0
2019-09-24 00:00:00-04:00,43.47999954223633,43.61000061035156,41.61000061035156,42.2400016784668,646600,0.0,0.0
2019-09-25 00:00:00-04:00,42.369998931884766,43.29999923706055,42.2599983215332,42.9900016784668,646700,0.0,0.0
2019-09-26 00:00:00-04:00,43.16999816894531,43.529998779296875,42.369998931884766,43.4900016784668,597500,0.0,0.0
2019-09-27 00:00:00-04:00,43.65999984741211,44.2599983215332,43.13999938964844,43.45000076293945,694400,0.0,0.0
2019-09-30 00:00:00-04:00,43.5,44.25,43.31999969482422,43.970001220703125,635500,0.0,0.0
2019-10-01 00:00:00-04:00,44.22999954223633,44.97999954223633,40.400001525878906,40.630001068115234,1434200,0.0,0.0
2019-10-02 00:00:00-04:00,40.279998779296875,40.5099983215332,38.599998474121094,39.0,1335200,0.0,0.0
2019-10-03 00:00:00-04:00,38.83000183105469,39.34000015258789,37.2599983215332,39.34000015258789,1678500,0.0,0.0
2019-10-04 00:00:00-04:00,40.130001068115234,40.40999984741211,38.54999923706055,38.70000076293945,1213900,0.0,0.0
2019-10-07 00:00:00-04:00,38.45000076293945,39.880001068115234,38.36000061035156,39.65999984741211,963800,0.0,0.0
2019-10-08 00:00:00-04:00,39.2400016784668,39.349998474121094,37.38999938964844,37.5,1422700,0.0,0.0
2019-10-09 00:00:00-04:00,38.0,38.220001220703125,36.91999816894531,37.18000030517578,1312000,0.0,0.0
2019-10-10 00:00:00-04:00,37.220001220703125,38.23899841308594,36.83000183105469,37.939998626708984,1905100,0.0,0.0
2019-10-11 00:00:00-04:00,38.900001525878906,39.564998626708984,38.529998779296875,39.130001068115234,2275000,0.0,0.0
2019-10-14 00:00:00-04:00,39.0,39.34400177001953,38.01100158691406,38.86000061035156,1165900,0.0,0.0
2019-10-15 00:00:00-04:00,39.099998474121094,41.310001373291016,38.58000183105469,40.220001220703125,1272300,0.0,0.0
2019-10-16 00:00:00-04:00,39.47999954223633,40.970001220703125,39.47999954223633,40.31999969482422,833800,0.0,0.0
2019-10-17 00:00:00-04:00,40.349998474121094,41.4900016784668,40.349998474121094,40.790000915527344,696500,0.0,0.0
2019-10-18 00:00:00-04:00,40.58000183105469,40.810001373291016,39.29999923706055,39.790000915527344,857800,0.0,0.0
2019-10-21 00:00:00-04:00,40.16999816894531,40.459999084472656,39.43000030517578,39.5,848600,0.0,0.0
2019-10-22 00:00:00-04:00,39.099998474121094,39.560001373291016,38.57699966430664,39.06999969482422,854600,0.0,0.0
2019-10-23 00:00:00-04:00,38.970001220703125,39.029998779296875,37.45000076293945,37.959999084472656,1443200,0.0,0.0
2019-10-24 00:00:00-04:00,38.27000045776367,38.970001220703125,37.720001220703125,38.779998779296875,1444600,0.0,0.0
2019-10-25 00:00:00-04:00,38.709999084472656,40.16999816894531,38.709999084472656,39.7599983215332,1311400,0.0,0.0
2019-10-28 00:00:00-04:00,40.33000183105469,42.45000076293945,40.29999923706055,41.9900016784668,1856700,0.0,0.0
2019-10-29 00:00:00-04:00,42.0,42.459999084472656,41.0099983215332,41.88999938964844,1540900,0.0,0.0
2019-10-30 00:00:00-04:00,42.0099983215332,42.09400177001953,40.86000061035156,41.869998931884766,919700,0.0,0.0
2019-10-31 00:00:00-04:00,41.33000183105469,42.04999923706055,40.810001373291016,41.83000183105469,1083300,0.0,0.0
2019-11-01 00:00:00-04:00,42.130001068115234,42.58000183105469,41.599998474121094,42.08000183105469,958800,0.0,0.0
2019-11-04 00:00:00-05:00,42.400001525878906,44.56999969482422,42.349998474121094,44.2599983215332,1500600,0.0,0.0
2019-11-05 00:00:00-05:00,44.59000015258789,45.09000015258789,42.7599983215332,42.79999923706055,1201700,0.0,0.0
2019-11-06 00:00:00-05:00,42.79999923706055,42.91999816894531,40.17499923706055,40.349998474121094,1800200,0.0,0.0
2019-11-07 00:00:00-05:00,39.68000030517578,40.02000045776367,38.36000061035156,38.459999084472656,1532800,0.0,0.0
2019-11-08 00:00:00-05:00,38.2599983215332,38.599998474121094,37.18000030517578,37.630001068115234,2233700,0.0,0.0
2019-11-11 00:00:00-05:00,37.61000061035156,39.189998626708984,37.13999938964844,39.150001525878906,2727600,0.0,0.0
2019-11-12 00:00:00-05:00,39.2599983215332,39.58000183105469,38.20000076293945,39.040000915527344,3345400,0.0,0.0
2019-11-13 00:00:00-05:00,38.52000045776367,39.720001220703125,33.380001068115234,34.810001373291016,18617900,0.0,0.0
2019-11-14 00:00:00-05:00,35.52000045776367,36.04999923706055,34.70500183105469,35.709999084472656,3999600,0.0,0.0
2019-11-15 00:00:00-05:00,35.93000030517578,36.279998779296875,35.2599983215332,35.66999816894531,2200600,0.0,0.0
2019-11-18 00:00:00-05:00,35.59000015258789,35.790000915527344,35.0099983215332,35.209999084472656,1896500,0.0,0.0
2019-11-19 00:00:00-05:00,34.91999816894531,35.130001068115234,34.099998474121094,34.130001068115234,2348500,0.0,0.0
2019-11-20 00:00:00-05:00,34.099998474121094,34.77000045776367,33.79999923706055,34.459999084472656,1429900,0.0,0.0
2019-11-21 00:00:00-05:00,34.5,35.5,34.29999923706055,35.18000030517578,1077200,0.0,0.0
2019-11-22 00:00:00-05:00,35.40999984741211,37.06999969482422,34.86000061035156,36.93000030517578,4561900,0.0,0.0
2019-11-25 00:00:00-05:00,37.79999923706055,38.02000045776367,36.97999954223633,37.68000030517578,2302300,0.0,0.0
2019-11-26 00:00:00-05:00,37.720001220703125,38.63999938964844,37.06999969482422,38.220001220703125,1902100,0.0,0.0
2019-11-27 00:00:00-05:00,38.689998626708984,39.290000915527344,38.279998779296875,38.709999084472656,1821500,0.0,0.0
2019-11-29 00:00:00-05:00,38.36000061035156,38.93000030517578,38.08000183105469,38.150001525878906,778400,0.0,0.0
2019-12-02 00:00:00-05:00,38.59000015258789,39.099998474121094,37.470001220703125,38.619998931884766,2322400,0.0,0.0
2019-12-03 00:00:00-05:00,37.630001068115234,38.29999923706055,37.255001068115234,37.849998474121094,1768700,0.0,0.0
2019-12-04 00:00:00-05:00,37.95000076293945,39.939998626708984,37.709999084472656,39.099998474121094,4543400,0.0,0.0
2019-12-05 00:00:00-05:00,39.5,40.349998474121094,38.790000915527344,38.970001220703125,2074900,0.0,0.0
2019-12-06 00:00:00-05:00,39.27000045776367,39.540000915527344,38.744998931884766,38.84000015258789,1087500,0.0,0.0
2019-12-09 00:00:00-05:00,38.79999923706055,38.904998779296875,38.29999923706055,38.72999954223633,1139200,0.0,0.0
2019-12-10 00:00:00-05:00,38.72999954223633,39.79999923706055,38.33000183105469,38.83000183105469,1894000,0.0,0.0
2019-12-11 00:00:00-05:00,38.79999923706055,40.689998626708984,38.79999923706055,40.400001525878906,1676300,0.0,0.0
2019-12-12 00:00:00-05:00,40.31999969482422,40.790000915527344,40.08000183105469,40.15999984741211,1869700,0.0,0.0
2019-12-13 00:00:00-05:00,40.560001373291016,40.72999954223633,38.779998779296875,38.86000061035156,2807600,0.0,0.0
2019-12-16 00:00:00-05:00,39.099998474121094,39.38999938964844,37.630001068115234,38.060001373291016,3055700,0.0,0.0
2019-12-17 00:00:00-05:00,37.54999923706055,37.90999984741211,37.130001068115234,37.25,2822400,0.0,0.0
2019-12-18 00:00:00-05:00,37.529998779296875,38.880001068115234,37.369998931884766,37.54999923706055,3501200,0.0,0.0
2019-12-19 00:00:00-05:00,38.13999938964844,38.57500076293945,37.380001068115234,37.439998626708984,1622100,0.0,0.0
2019-12-20 00:00:00-05:00,37.5,38.04499816894531,36.93000030517578,37.7599983215332,1998900,0.0,0.0
2019-12-23 00:00:00-05:00,37.97999954223633,38.20000076293945,37.33000183105469,37.66999816894531,1167600,0.0,0.0
2019-12-24 00:00:00-05:00,37.779998779296875,37.779998779296875,37.150001525878906,37.41999816894531,394300,0.0,0.0
2019-12-26 00:00:00-05:00,37.43000030517578,37.90999984741211,37.130001068115234,37.2400016784668,828400,0.0,0.0
2019-12-27 00:00:00-05:00,37.43000030517578,37.56999969482422,36.689998626708984,37.560001373291016,1449600,0.0,0.0
2019-12-30 00:00:00-05:00,37.43000030517578,37.45000076293945,35.27000045776367,35.40999984741211,2389800,0.0,0.0
2019-12-31 00:00:00-05:00,35.400001525878906,36.470001220703125,35.040000915527344,36.2400016784668,1402300,0.0,0.0
2020-01-02 00:00:00-05:00,36.380001068115234,36.470001220703125,35.18000030517578,35.68000030517578,2286700,0.0,0.0
2020-01-03 00:00:00-05:00,35.189998626708984,36.099998474121094,34.72999954223633,35.91999816894531,1707700,0.0,0.0
2020-01-06 00:00:00-05:00,35.52000045776367,36.2400016784668,35.13999938964844,35.66999816894531,1070500,0.0,0.0
2020-01-07 00:00:00-05:00,35.5,36.68000030517578,35.5,36.040000915527344,1454600,0.0,0.0
2020-01-08 00:00:00-05:00,36.04999923706055,36.279998779296875,34.88999938964844,34.95000076293945,2560000,0.0,0.0
2020-01-09 00:00:00-05:00,35.0099983215332,35.22999954223633,33.290000915527344,33.34000015258789,5349900,0.0,0.0
2020-01-10 00:00:00-05:00,33.439998626708984,33.64500045776367,32.43000030517578,32.709999084472656,4135000,0.0,0.0
2020-01-13 00:00:00-05:00,32.95000076293945,33.900001525878906,32.400001525878906,33.650001525878906,3900100,0.0,0.0
2020-01-14 00:00:00-05:00,33.880001068115234,35.16999816894531,33.75,34.5,2386200,0.0,0.0
2020-01-15 00:00:00-05:00,34.540000915527344,34.62799835205078,33.959999084472656,34.150001525878906,2259100,0.0,0.0
2020-01-16 00:00:00-05:00,34.349998474121094,35.279998779296875,34.31999969482422,34.45000076293945,2105800,0.0,0.0
2020-01-17 00:00:00-05:00,34.52000045776367,35.029998779296875,34.04999923706055,34.439998626708984,2171800,0.0,0.0
2020-01-21 00:00:00-05:00,34.439998626708984,34.61000061035156,33.83000183105469,34.40999984741211,1462500,0.0,0.0
2020-01-22 00:00:00-05:00,34.5099983215332,35.81999969482422,34.5099983215332,35.02000045776367,2126900,0.0,0.0
2020-01-23 00:00:00-05:00,34.61000061035156,34.81999969482422,33.27000045776367,34.459999084472656,1674600,0.0,0.0
2020-01-24 00:00:00-05:00,34.52000045776367,34.86000061035156,33.56999969482422,33.970001220703125,1569200,0.0,0.0
2020-01-27 00:00:00-05:00,32.84000015258789,32.84000015258789,31.950000762939453,32.189998626708984,2853200,0.0,0.0
2020-01-28 00:00:00-05:00,32.459999084472656,33.2400016784668,32.33000183105469,32.70000076293945,1689500,0.0,0.0
2020-01-29 00:00:00-05:00,32.790000915527344,32.81999969482422,32.099998474121094,32.25,1217600,0.0,0.0
2020-01-30 00:00:00-05:00,31.959999084472656,32.349998474121094,31.350000381469727,31.829999923706055,2014100,0.0,0.0
2020-01-31 00:00:00-05:00,31.6200008392334,31.6200008392334,29.53499984741211,30.0,4003000,0.0,0.0
2020-02-03 00:00:00-05:00,30.18000030517578,31.950000762939453,30.030000686645508,31.1200008392334,3310900,0.0,0.0
2020-02-04 00:00:00-05:00,31.760000228881836,32.11000061035156,30.610000610351562,31.959999084472656,1894800,0.0,0.0
2020-02-05 00:00:00-05:00,32.439998626708984,32.625,32.02000045776367,32.36000061035156,1524200,0.0,0.0
2020-02-06 00:00:00-05:00,32.38999938964844,33.29999923706055,32.099998474121094,33.29999923706055,4045900,0.0,0.0
2020-02-07 00:00:00-05:00,30.889999389648438,32.459999084472656,30.56999969482422,31.84000015258789,14841100,0.0,0.0
2020-02-10 00:00:00-05:00,31.079999923706055,31.440000534057617,30.3799991607666,30.489999771118164,4936200,0.0,0.0
2020-02-11 00:00:00-05:00,30.729999542236328,32.34000015258789,30.34000015258789,31.93000030517578,3177200,0.0,0.0
2020-02-12 00:00:00-05:00,32.459999084472656,33.06999969482422,31.40999984741211,32.36000061035156,2532600,0.0,0.0
2020-02-13 00:00:00-05:00,31.760000228881836,32.20000076293945,31.0,31.0,2974800,0.0,0.0
2020-02-14 00:00:00-05:00,31.25,31.354000091552734,30.43000030517578,31.0,1937200,0.0,0.0
2020-02-18 00:00:00-05:00,30.75,30.950000762939453,30.40999984741211,30.709999084472656,2151200,0.0,0.0
2020-02-19 00:00:00-05:00,30.850000381469727,30.969999313354492,30.239999771118164,30.81999969482422,1667600,0.0,0.0
2020-02-20 00:00:00-05:00,30.850000381469727,31.790000915527344,30.530000686645508,31.139999389648438,2194800,0.0,0.0
2020-02-21 00:00:00-05:00,30.860000610351562,31.020000457763672,30.309999465942383,30.389999389648438,1566500,0.0,0.0
2020-02-24 00:00:00-05:00,29.260000228881836,29.850000381469727,28.850000381469727,29.510000228881836,2576600,0.0,0.0
2020-02-25 00:00:00-05:00,29.770000457763672,29.860000610351562,27.399999618530273,27.530000686645508,2789400,0.0,0.0
2020-02-26 00:00:00-05:00,27.690000534057617,28.26300048828125,27.049999237060547,27.170000076293945,1933000,0.0,0.0
2020-02-27 00:00:00-05:00,26.170000076293945,27.709999084472656,25.65999984741211,27.1200008392334,2674000,0.0,0.0
2020-02-28 00:00:00-05:00,26.299999237060547,27.6299991607666,26.260000228881836,27.56999969482422,2154800,0.0,0.0
2020-03-02 00:00:00-05:00,27.3700008392334,27.625,26.239999771118164,27.489999771118164,1774400,0.0,0.0
2020-03-03 00:00:00-05:00,27.790000915527344,28.200000762939453,26.229999542236328,26.540000915527344,1574400,0.0,0.0
2020-03-04 00:00:00-05:00,27.0,27.209999084472656,26.219999313354492,26.829999923706055,2725400,0.0,0.0
2020-03-05 00:00:00-05:00,26.149999618530273,26.399999618530273,25.100000381469727,25.360000610351562,2671700,0.0,0.0
2020-03-06 00:00:00-05:00,24.6200008392334,25.399999618530273,24.059999465942383,24.979999542236328,4637500,0.0,0.0
2020-03-09 00:00:00-04:00,22.295000076293945,23.799999237060547,21.520000457763672,22.260000228881836,4695000,0.0,0.0
2020-03-10 00:00:00-04:00,23.020000457763672,23.40999984741211,21.875,22.0,3853400,0.0,0.0
2020-03-11 00:00:00-04:00,21.540000915527344,21.540000915527344,19.562999725341797,19.739999771118164,4015300,0.0,0.0
2020-03-12 00:00:00-04:00,16.940000534057617,19.299999237060547,16.81999969482422,17.0,6645100,0.0,0.0
2020-03-13 00:00:00-04:00,18.100000381469727,18.760000228881836,16.110000610351562,17.59000015258789,7611100,0.0,0.0
2020-03-16 00:00:00-04:00,15.460000038146973,15.859999656677246,14.5,14.859999656677246,5678200,0.0,0.0
2020-03-17 00:00:00-04:00,15.40999984741211,16.559999465942383,12.9399995803833,16.450000762939453,7222600,0.0,0.0
2020-03-18 00:00:00-04:00,15.239999771118164,16.8799991607666,14.850000381469727,16.100000381469727,2195800,0.0,0.0
2020-03-19 00:00:00-04:00,15.710000038146973,17.200000762939453,15.378000259399414,15.5,3581800,0.0,0.0
2020-03-20 00:00:00-04:00,16.510000228881836,16.510000228881836,14.800000190734863,15.010000228881836,3654900,0.0,0.0
2020-03-23 00:00:00-04:00,15.399999618530273,16.18000030517578,14.800000190734863,15.960000038146973,2988400,0.0,0.0
2020-03-24 00:00:00-04:00,16.920000076293945,19.229999542236328,16.770000457763672,18.729999542236328,2063800,0.0,0.0
2020-03-25 00:00:00-04:00,19.030000686645508,20.200000762939453,17.959999084472656,19.59000015258789,2602300,0.0,0.0
2020-03-26 00:00:00-04:00,19.8799991607666,21.81999969482422,19.75,20.649999618530273,1888500,0.0,0.0
2020-03-27 00:00:00-04:00,19.200000762939453,20.709999084472656,18.56999969482422,20.219999313354492,1422800,0.0,0.0
2020-03-30 00:00:00-04:00,20.56999969482422,21.020000457763672,19.799999237060547,20.299999237060547,1001000,0.0,0.0
2020-03-31 00:00:00-04:00,20.329999923706055,20.829999923706055,19.774999618530273,19.889999389648438,1581700,0.0,0.0
2020-04-01 00:00:00-04:00,18.780000686645508,19.610000610351562,18.219999313354492,18.290000915527344,1666600,0.0,0.0
2020-04-02 00:00:00-04:00,18.25,19.149999618530273,17.84000015258789,18.170000076293945,2293700,0.0,0.0
2020-04-03 00:00:00-04:00,18.0,18.350000381469727,17.520000457763672,18.25,1666100,0.0,0.0
2020-04-06 00:00:00-04:00,19.190000534057617,20.790000915527344,18.729999542236328,20.690000534057617,1341900,0.0,0.0
2020-04-07 00:00:00-04:00,22.1299991607666,22.780000686645508,20.15999984741211,20.280000686645508,2994900,0.0,0.0
2020-04-08 00:00:00-04:00,20.81999969482422,21.59000015258789,20.3799991607666,21.18000030517578,1267700,0.0,0.0
2020-04-09 00:00:00-04:00,21.760000228881836,22.420000076293945,21.440000534057617,22.010000228881836,1196900,0.0,0.0
2020-04-13 00:00:00-04:00,22.190000534057617,22.229999542236328,20.65999984741211,21.260000228881836,984900,0.0,0.0
2020-04-14 00:00:00-04:00,21.510000228881836,22.520000457763672,21.510000228881836,22.06999969482422,1014300,0.0,0.0
2020-04-15 00:00:00-04:00,21.43000030517578,21.84000015258789,21.100000381469727,21.459999084472656,1783400,0.0,0.0
2020-04-16 00:00:00-04:00,21.530000686645508,21.700000762939453,20.510000228881836,20.6200008392334,1673900,0.0,0.0
2020-04-17 00:00:00-04:00,21.809999465942383,22.350000381469727,21.270000457763672,22.270000457763672,1086700,0.0,0.0
2020-04-20 00:00:00-04:00,21.93000030517578,23.229999542236328,21.709999084472656,22.06999969482422,1143300,0.0,0.0
2020-04-21 00:00:00-04:00,21.309999465942383,22.200000762939453,21.100000381469727,21.15999984741211,694900,0.0,0.0
2020-04-22 00:00:00-04:00,21.540000915527344,22.010000228881836,21.450000762939453,21.8799991607666,727300,0.0,0.0
2020-04-23 00:00:00-04:00,21.979999542236328,22.547000885009766,21.770000457763672,21.81999969482422,1056200,0.0,0.0
2020-04-24 00:00:00-04:00,22.190000534057617,22.190000534057617,21.520000457763672,21.75,1216100,0.0,0.0
2020-04-27 00:00:00-04:00,22.110000610351562,23.84000015258789,21.979999542236328,23.690000534057617,1458200,0.0,0.0
2020-04-28 00:00:00-04:00,24.229999542236328,24.729999542236328,22.770000457763672,23.6299991607666,1711700,0.0,0.0
2020-04-29 00:00:00-04:00,24.5,25.635000228881836,24.100000381469727,24.989999771118164,1540200,0.0,0.0
2020-04-30 00:00:00-04:00,24.670000076293945,24.989999771118164,23.559999465942383,23.850000381469727,1281500,0.0,0.0
2020-05-01 00:00:00-04:00,23.079999923706055,23.225000381469727,22.299999237060547,22.709999084472656,1264000,0.0,0.0
2020-05-04 00:00:00-04:00,22.389999389648438,23.420000076293945,22.020000457763672,22.93000030517578,1183100,0.0,0.0
2020-05-05 00:00:00-04:00,23.399999618530273,23.760000228881836,22.670000076293945,22.799999237060547,825300,0.0,0.0
2020-05-06 00:00:00-04:00,22.799999237060547,23.1200008392334,21.690000534057617,21.850000381469727,1442400,0.0,0.0
2020-05-07 00:00:00-04:00,21.989999771118164,23.0,21.989999771118164,22.6299991607666,1166400,0.0,0.0
2020-05-08 00:00:00-04:00,23.010000228881836,23.420000076293945,22.719999313354492,22.809999465942383,1102300,0.0,0.0
2020-05-11 00:00:00-04:00,22.489999771118164,22.489999771118164,21.559999465942383,22.31999969482422,1337800,0.0,0.0
2020-05-12 00:00:00-04:00,22.450000762939453,22.93000030517578,22.059999465942383,22.110000610351562,1606700,0.0,0.0
2020-05-13 00:00:00-04:00,21.93000030517578,22.06999969482422,20.149999618530273,20.649999618530273,1296800,0.0,0.0
2020-05-14 00:00:00-04:00,20.299999237060547,20.850000381469727,19.3700008392334,20.700000762939453,1121500,0.0,0.0
2020-05-15 00:00:00-04:00,19.5,19.739999771118164,18.520000457763672,19.219999313354492,1860900,0.0,0.0
2020-05-18 00:00:00-04:00,20.399999618530273,21.139999389648438,20.200000762939453,20.59000015258789,1288500,0.0,0.0
2020-05-19 00:00:00-04:00,20.479999542236328,20.979999542236328,19.860000610351562,20.59000015258789,1109500,0.0,0.0
2020-05-20 00:00:00-04:00,20.809999465942383,21.190000534057617,20.190000534057617,20.389999389648438,870500,0.0,0.0
2020-05-21 00:00:00-04:00,20.31999969482422,21.299999237060547,20.020000457763672,21.020000457763672,1012000,0.0,0.0
2020-05-22 00:00:00-04:00,20.8799991607666,21.15999984741211,20.30500030517578,20.600000381469727,808600,0.0,0.0
2020-05-26 00:00:00-04:00,21.299999237060547,21.350000381469727,20.450000762939453,20.770000457763672,1753200,0.0,0.0
2020-05-27 00:00:00-04:00,21.200000762939453,21.479999542236328,20.440000534057617,21.3799991607666,1892200,0.0,0.0
2020-05-28 00:00:00-04:00,21.5,21.520000457763672,19.8799991607666,19.979999542236328,2226100,0.0,0.0
2020-05-29 00:00:00-04:00,19.829999923706055,20.0,19.31999969482422,19.520000457763672,3110500,0.0,0.0
2020-06-01 00:00:00-04:00,19.40999984741211,20.989999771118164,19.31999969482422,20.729999542236328,2029200,0.0,0.0
2020-06-02 00:00:00-04:00,20.979999542236328,21.8700008392334,20.760000228881836,21.59000015258789,4405200,0.0,0.0
2020-06-03 00:00:00-04:00,23.0,25.649999618530273,22.899999618530273,25.420000076293945,6635400,0.0,0.0
2020-06-04 00:00:00-04:00,25.290000915527344,25.479999542236328,24.049999237060547,24.65999984741211,3009600,0.0,0.0
2020-06-05 00:00:00-04:00,25.81999969482422,27.559999465942383,25.1299991607666,25.34000015258789,3412100,0.0,0.0
2020-06-08 00:00:00-04:00,27.030000686645508,27.18000030517578,25.90999984741211,26.440000534057617,1782400,0.0,0.0
2020-06-09 00:00:00-04:00,25.770000457763672,26.110000610351562,25.420000076293945,25.889999389648438,992000,0.0,0.0
2020-06-10 00:00:00-04:00,25.600000381469727,25.969999313354492,24.479999542236328,24.489999771118164,1198100,0.0,0.0
2020-06-11 00:00:00-04:00,22.850000381469727,24.040000915527344,22.30299949645996,22.5,1672100,0.0,0.0
2020-06-12 00:00:00-04:00,23.350000381469727,23.395000457763672,22.360000610351562,22.959999084472656,1916100,0.0,0.0
2020-06-15 00:00:00-04:00,22.219999313354492,23.75,22.0,23.389999389648438,1686800,0.0,0.0
2020-06-16 00:00:00-04:00,24.5,24.65999984741211,23.34000015258789,23.979999542236328,1200200,0.0,0.0
2020-06-17 00:00:00-04:00,24.0,24.149999618530273,23.549999237060547,23.950000762939453,650600,0.0,0.0
2020-06-18 00:00:00-04:00,23.600000381469727,24.43000030517578,23.600000381469727,24.25,825600,0.0,0.0
2020-06-19 00:00:00-04:00,24.639999389648438,24.760000228881836,23.780000686645508,23.860000610351562,693000,0.0,0.0
2020-06-22 00:00:00-04:00,23.799999237060547,24.399999618530273,23.59000015258789,24.350000381469727,707400,0.0,0.0
2020-06-23 00:00:00-04:00,24.770000457763672,24.969999313354492,24.104999542236328,24.690000534057617,1126800,0.0,0.0
2020-06-24 00:00:00-04:00,24.299999237060547,24.549999237060547,22.65999984741211,22.969999313354492,842000,0.0,0.0
2020-06-25 00:00:00-04:00,22.68000030517578,23.202999114990234,22.43000030517578,23.040000915527344,1141800,0.0,0.0
2020-06-26 00:00:00-04:00,22.75,23.139999389648438,22.280000686645508,22.299999237060547,761900,0.0,0.0
2020-06-29 00:00:00-04:00,22.440000534057617,22.940000534057617,22.042999267578125,22.8700008392334,664200,0.0,0.0
2020-06-30 00:00:00-04:00,22.790000915527344,23.309999465942383,22.479999542236328,23.170000076293945,1219200,0.0,0.0
2020-07-01 00:00:00-04:00,23.010000228881836,23.562000274658203,22.6200008392334,23.049999237060547,651400,0.0,0.0
2020-07-02 00:00:00-04:00,23.5,23.8700008392334,23.079999923706055,23.09000015258789,433000,0.0,0.0
2020-07-06 00:00:00-04:00,23.579999923706055,23.69499969482422,22.780000686645508,23.450000762939453,1256800,0.0,0.0
2020-07-07 00:00:00-04:00,23.100000381469727,23.219999313354492,21.93000030517578,22.040000915527344,858700,0.0,0.0
2020-07-08 00:00:00-04:00,22.1200008392334,22.450000762939453,21.65999984741211,22.110000610351562,777500,0.0,0.0
2020-07-09 00:00:00-04:00,21.959999084472656,22.309999465942383,21.3799991607666,22.260000228881836,1696800,0.0,0.0
2020-07-10 00:00:00-04:00,22.170000076293945,22.600000381469727,21.959999084472656,22.600000381469727,680500,0.0,0.0
2020-07-13 00:00:00-04:00,22.780000686645508,22.920000076293945,22.079999923706055,22.1200008392334,611800,0.0,0.0
2020-07-14 00:00:00-04:00,22.030000686645508,22.579999923706055,21.520000457763672,22.559999465942383,636600,0.0,0.0
2020-07-15 00:00:00-04:00,23.18000030517578,24.079999923706055,23.0,24.0,1786000,0.0,0.0
2020-07-16 00:00:00-04:00,23.700000762939453,24.049999237060547,23.139999389648438,23.3700008392334,1787600,0.0,0.0
2020-07-17 00:00:00-04:00,23.530000686645508,23.638999938964844,22.670000076293945,22.670000076293945,656200,0.0,0.0
2020-07-20 00:00:00-04:00,22.59000015258789,22.920000076293945,22.329999923706055,22.56999969482422,802800,0.0,0.0
2020-07-21 00:00:00-04:00,22.93000030517578,23.0,22.479999542236328,22.6299991607666,691400,0.0,0.0
2020-07-22 00:00:00-04:00,22.90999984741211,23.8799991607666,22.739999771118164,23.290000915527344,1577400,0.0,0.0
2020-07-23 00:00:00-04:00,23.290000915527344,23.610000610351562,22.804000854492188,23.200000762939453,1471800,0.0,0.0
2020-07-24 00:00:00-04:00,23.079999923706055,23.510000228881836,22.73699951171875,23.209999084472656,817600,0.0,0.0
2020-07-27 00:00:00-04:00,23.18000030517578,23.34000015258789,22.610000610351562,23.110000610351562,883500,0.0,0.0
2020-07-28 00:00:00-04:00,23.0,23.579999923706055,22.81999969482422,23.420000076293945,929900,0.0,0.0
2020-07-29 00:00:00-04:00,23.56999969482422,23.700000762939453,22.65999984741211,23.030000686645508,1107500,0.0,0.0
2020-07-30 00:00:00-04:00,22.68000030517578,23.229999542236328,22.309999465942383,22.780000686645508,742300,0.0,0.0
2020-07-31 00:00:00-04:00,22.610000610351562,22.950000762939453,22.15999984741211,22.280000686645508,682900,0.0,0.0
2020-08-03 00:00:00-04:00,22.329999923706055,22.81999969482422,22.020000457763672,22.469999313354492,825900,0.0,0.0
2020-08-04 00:00:00-04:00,22.399999618530273,22.610000610351562,22.100000381469727,22.360000610351562,702500,0.0,0.0
2020-08-05 00:00:00-04:00,22.610000610351562,23.049999237060547,22.469999313354492,22.829999923706055,1068900,0.0,0.0
2020-08-06 00:00:00-04:00,22.709999084472656,23.31999969482422,22.520000457763672,23.200000762939453,1298000,0.0,0.0
2020-08-07 00:00:00-04:00,23.170000076293945,23.959999084472656,22.81999969482422,23.93000030517578,856200,0.0,0.0
2020-08-10 00:00:00-04:00,24.209999084472656,24.920000076293945,23.940000534057617,24.809999465942383,1560400,0.0,0.0
2020-08-11 00:00:00-04:00,22.600000381469727,24.450000762939453,22.59000015258789,23.510000228881836,4152300,0.0,0.0
2020-08-12 00:00:00-04:00,23.610000610351562,24.010000228881836,22.739999771118164,23.209999084472656,2656700,0.0,0.0
2020-08-13 00:00:00-04:00,23.25,24.469999313354492,23.209999084472656,23.6299991607666,1619100,0.0,0.0
2020-08-14 00:00:00-04:00,23.6299991607666,24.059999465942383,23.514999389648438,23.790000915527344,777800,0.0,0.0
2020-08-17 00:00:00-04:00,23.799999237060547,23.989999771118164,23.030000686645508,23.290000915527344,1464700,0.0,0.0
2020-08-18 00:00:00-04:00,23.3799991607666,23.459999084472656,22.829999923706055,23.15999984741211,1545300,0.0,0.0
2020-08-19 00:00:00-04:00,23.15999984741211,23.209999084472656,22.415000915527344,22.489999771118164,1365000,0.0,0.0
2020-08-20 00:00:00-04:00,22.25,22.600000381469727,22.139999389648438,22.489999771118164,559300,0.0,0.0
2020-08-21 00:00:00-04:00,22.559999465942383,23.010000228881836,22.520000457763672,22.809999465942383,673100,0.0,0.0
2020-08-24 00:00:00-04:00,22.90999984741211,23.3799991607666,22.860000610351562,23.329999923706055,709100,0.0,0.0
2020-08-25 00:00:00-04:00,23.459999084472656,24.139999389648438,23.3799991607666,23.920000076293945,1142100,0.0,0.0
2020-08-26 00:00:00-04:00,23.989999771118164,24.170000076293945,23.645000457763672,24.100000381469727,839300,0.0,0.0
2020-08-27 00:00:00-04:00,24.309999465942383,24.920000076293945,24.18000030517578,24.309999465942383,901200,0.0,0.0
2020-08-28 00:00:00-04:00,24.309999465942383,25.15999984741211,24.299999237060547,25.149999618530273,1036800,0.0,0.0
2020-08-31 00:00:00-04:00,25.190000534057617,25.209999084472656,24.43000030517578,24.489999771118164,452600,0.0,0.0
2020-09-01 00:00:00-04:00,24.43000030517578,24.979999542236328,24.25,24.920000076293945,774700,0.0,0.0
2020-09-02 00:00:00-04:00,25.1200008392334,26.610000610351562,25.1200008392334,26.520000457763672,1608700,0.0,0.0
2020-09-03 00:00:00-04:00,26.540000915527344,26.729999542236328,25.25,25.59000015258789,1366800,0.0,0.0
2020-09-04 00:00:00-04:00,25.790000915527344,25.899999618530273,24.350000381469727,25.18000030517578,1095900,0.0,0.0
2020-09-08 00:00:00-04:00,24.6299991607666,25.299999237060547,24.0049991607666,24.790000915527344,872800,0.0,0.0
2020-09-09 00:00:00-04:00,25.0,25.299999237060547,24.684999465942383,25.100000381469727,774100,0.0,0.0
2020-09-10 00:00:00-04:00,25.260000228881836,25.700000762939453,24.959999084472656,25.18000030517578,832000,0.0,0.0
2020-09-11 00:00:00-04:00,25.520000457763672,25.8700008392334,25.239999771118164,25.639999389648438,701000,0.0,0.0
2020-09-14 00:00:00-04:00,25.84000015258789,27.280000686645508,25.815000534057617,27.010000228881836,1258300,0.0,0.0
2020-09-15 00:00:00-04:00,27.299999237060547,27.899999618530273,26.739999771118164,27.65999984741211,1188200,0.0,0.0
2020-09-16 00:00:00-04:00,27.860000610351562,28.799999237060547,27.75,28.510000228881836,1514000,0.0,0.0
2020-09-17 00:00:00-04:00,28.100000381469727,28.780000686645508,27.639999389648438,28.729999542236328,734900,0.0,0.0
2020-09-18 00:00:00-04:00,29.059999465942383,29.709999084472656,28.520000457763672,29.270000457763672,1413000,0.0,0.0
2020-09-21 00:00:00-04:00,28.600000381469727,28.639999389648438,27.59000015258789,28.190000534057617,1097300,0.0,0.0
2020-09-22 00:00:00-04:00,28.489999771118164,28.729999542236328,27.8799991607666,28.610000610351562,1036200,0.0,0.0
2020-09-23 00:00:00-04:00,29.18000030517578,30.638999938964844,28.84000015258789,29.15999984741211,2471300,0.0,0.0
2020-09-24 00:00:00-04:00,28.860000610351562,29.030000686645508,27.950000762939453,28.489999771118164,942300,0.0,0.0
2020-09-25 00:00:00-04:00,28.31999969482422,29.44499969482422,28.31999969482422,29.389999389648438,730600,0.0,0.0
2020-09-28 00:00:00-04:00,29.979999542236328,30.43000030517578,29.415000915527344,29.829999923706055,1066800,0.0,0.0
2020-09-29 00:00:00-04:00,29.889999389648438,30.25,29.3700008392334,29.68000030517578,952400,0.0,0.0
2020-09-30 00:00:00-04:00,31.200000762939453,33.290000915527344,30.93000030517578,32.16999816894531,4509400,0.0,0.0
2020-10-01 00:00:00-04:00,32.47999954223633,33.72999954223633,32.316001892089844,33.20000076293945,2210700,0.0,0.0
2020-10-02 00:00:00-04:00,32.09000015258789,33.290000915527344,32.02000045776367,33.04999923706055,1312500,0.0,0.0
2020-10-05 00:00:00-04:00,33.279998779296875,33.779998779296875,32.90999984741211,33.70000076293945,834900,0.0,0.0
2020-10-06 00:00:00-04:00,33.79999923706055,33.959999084472656,32.869998931884766,33.0,1178900,0.0,0.0
2020-10-07 00:00:00-04:00,33.68000030517578,34.56999969482422,33.64500045776367,34.290000915527344,1075100,0.0,0.0
2020-10-08 00:00:00-04:00,34.5,35.81999969482422,34.5,35.65999984741211,1245100,0.0,0.0
2020-10-09 00:00:00-04:00,36.0,36.060001373291016,35.11000061035156,35.869998931884766,986600,0.0,0.0
2020-10-12 00:00:00-04:00,35.869998931884766,35.9900016784668,34.970001220703125,35.40999984741211,734900,0.0,0.0
2020-10-13 00:00:00-04:00,35.349998474121094,35.790000915527344,34.25,34.54999923706055,1069200,0.0,0.0
2020-10-14 00:00:00-04:00,34.459999084472656,35.130001068115234,34.029998779296875,34.29999923706055,674500,0.0,0.0
2020-10-15 00:00:00-04:00,33.619998931884766,35.45000076293945,33.459999084472656,35.209999084472656,847800,0.0,0.0
2020-10-16 00:00:00-04:00,35.310001373291016,35.444000244140625,34.540000915527344,35.15999984741211,715400,0.0,0.0
2020-10-19 00:00:00-04:00,35.15999984741211,35.849998474121094,35.0,35.189998626708984,785300,0.0,0.0
2020-10-20 00:00:00-04:00,35.599998474121094,36.51499938964844,35.459999084472656,35.88999938964844,946200,0.0,0.0
2020-10-21 00:00:00-04:00,36.029998779296875,36.75,35.849998474121094,36.15999984741211,888300,0.0,0.0
2020-10-22 00:00:00-04:00,36.16999816894531,36.66999816894531,35.459999084472656,36.13999938964844,771600,0.0,0.0
2020-10-23 00:00:00-04:00,36.599998474121094,36.599998474121094,35.220001220703125,35.5099983215332,674500,0.0,0.0
2020-10-26 00:00:00-04:00,34.959999084472656,35.130001068115234,33.13999938964844,33.470001220703125,1164800,0.0,0.0
2020-10-27 00:00:00-04:00,34.099998474121094,34.54999923706055,33.58000183105469,33.70000076293945,617100,0.0,0.0
2020-10-28 00:00:00-04:00,33.0,33.34000015258789,32.40999984741211,32.88999938964844,887800,0.0,0.0
2020-10-29 00:00:00-04:00,33.0,33.470001220703125,32.380001068115234,33.209999084472656,1029300,0.0,0.0
2020-10-30 00:00:00-04:00,32.75,32.97999954223633,30.75,31.18000030517578,2087400,0.0,0.0
2020-11-02 00:00:00-05:00,31.459999084472656,31.959999084472656,30.780000686645508,31.309999465942383,1521600,0.0,0.0
2020-11-03 00:00:00-05:00,31.75,32.0099983215332,31.125,31.829999923706055,921600,0.0,0.0
2020-11-04 00:00:00-05:00,32.11000061035156,33.02000045776367,31.594999313354492,32.90999984741211,1383500,0.0,0.0
2020-11-05 00:00:00-05:00,33.20000076293945,34.68000030517578,31.75,33.029998779296875,2266800,0.0,0.0
2020-11-06 00:00:00-05:00,32.9900016784668,33.290000915527344,31.924999237060547,32.18000030517578,1616800,0.0,0.0
2020-11-09 00:00:00-05:00,34.61000061035156,36.88999938964844,34.209999084472656,34.88999938964844,2139000,0.0,0.0
2020-11-10 00:00:00-05:00,34.4900016784668,35.400001525878906,34.16999816894531,35.04999923706055,745000,0.0,0.0
2020-11-11 00:00:00-05:00,35.2599983215332,35.369998931884766,33.70000076293945,33.970001220703125,778700,0.0,0.0
2020-11-12 00:00:00-05:00,33.709999084472656,34.369998931884766,33.691001892089844,33.95000076293945,604100,0.0,0.0
2020-11-13 00:00:00-05:00,34.119998931884766,34.27000045776367,33.189998626708984,33.900001525878906,920200,0.0,0.0
2020-11-16 00:00:00-05:00,34.5099983215332,34.880001068115234,32.970001220703125,33.81999969482422,1366400,0.0,0.0
2020-11-17 00:00:00-05:00,33.54999923706055,34.70000076293945,33.41999816894531,34.41999816894531,1100400,0.0,0.0
2020-11-18 00:00:00-05:00,34.56999969482422,35.75,34.41999816894531,35.650001525878906,1148600,0.0,0.0
2020-11-19 00:00:00-05:00,35.5,36.04999923706055,35.150001525878906,35.68000030517578,789500,0.0,0.0
2020-11-20 00:00:00-05:00,35.060001373291016,35.375,33.970001220703125,34.77000045776367,1224300,0.0,0.0
2020-11-23 00:00:00-05:00,34.959999084472656,35.84600067138672,34.79999923706055,35.720001220703125,780000,0.0,0.0
2020-11-24 00:00:00-05:00,36.599998474121094,39.31999969482422,36.54999923706055,38.650001525878906,3418900,0.0,0.0
2020-11-25 00:00:00-05:00,35.75,37.433998107910156,35.130001068115234,35.599998474121094,4527800,0.0,0.0
2020-11-27 00:00:00-05:00,35.47999954223633,35.619998931884766,33.63999938964844,34.04999923706055,1437900,0.0,0.0
2020-11-30 00:00:00-05:00,34.040000915527344,34.18000030517578,32.88999938964844,33.2400016784668,1878100,0.0,0.0
2020-12-01 00:00:00-05:00,33.4900016784668,33.599998474121094,32.959999084472656,33.029998779296875,1247300,0.0,0.0
2020-12-02 00:00:00-05:00,32.95000076293945,32.95000076293945,32.150001525878906,32.4900016784668,1169600,0.0,0.0
2020-12-03 00:00:00-05:00,32.5,33.119998931884766,32.095001220703125,32.15999984741211,1475300,0.0,0.0
2020-12-04 00:00:00-05:00,32.25,32.439998626708984,31.729999542236328,32.08000183105469,1178600,0.0,0.0
2020-12-07 00:00:00-05:00,32.0099983215332,34.08000183105469,31.709999084472656,33.779998779296875,1895100,0.0,0.0
2020-12-08 00:00:00-05:00,33.650001525878906,33.900001525878906,32.720001220703125,33.66999816894531,1105500,0.0,0.0
2020-12-09 00:00:00-05:00,33.720001220703125,33.849998474121094,32.189998626708984,32.22999954223633,1637300,0.0,0.0
2020-12-10 00:00:00-05:00,31.690000534057617,32.04999923706055,30.850000381469727,31.200000762939453,2012200,0.0,0.0
2020-12-11 00:00:00-05:00,31.040000915527344,31.280000686645508,30.059999465942383,30.649999618530273,1326100,0.0,0.0
2020-12-14 00:00:00-05:00,30.649999618530273,31.15999984741211,30.25,30.34000015258789,1529000,0.0,0.0
2020-12-15 00:00:00-05:00,30.389999389648438,31.729999542236328,30.329999923706055,31.670000076293945,1632500,0.0,0.0
2020-12-16 00:00:00-05:00,31.920000076293945,32.0,31.270000457763672,31.5,1092900,0.0,0.0
2020-12-17 00:00:00-05:00,31.65999984741211,32.15999984741211,31.31999969482422,31.579999923706055,1264400,0.0,0.0
2020-12-18 00:00:00-05:00,31.6200008392334,32.75,31.3799991607666,32.400001525878906,1422800,0.0,0.0
2020-12-21 00:00:00-05:00,31.59000015258789,32.529998779296875,31.489999771118164,32.0099983215332,1587600,0.0,0.0
2020-12-22 00:00:00-05:00,32.0,32.07500076293945,30.510000228881836,30.540000915527344,1665800,0.0,0.0
2020-12-23 00:00:00-05:00,30.760000228881836,31.264999389648438,30.3799991607666,30.81999969482422,1203100,0.0,0.0
2020-12-24 00:00:00-05:00,31.040000915527344,31.104999542236328,30.579999923706055,30.850000381469727,427900,0.0,0.0
2020-12-28 00:00:00-05:00,31.079999923706055,31.079999923706055,29.93000030517578,30.280000686645508,1110500,0.0,0.0
2020-12-29 00:00:00-05:00,30.549999237060547,30.670000076293945,29.09000015258789,29.75,1512500,0.0,0.0
2020-12-30 00:00:00-05:00,29.90999984741211,30.18000030517578,29.559999465942383,30.059999465942383,1164500,0.0,0.0
2020-12-31 00:00:00-05:00,29.850000381469727,30.219999313354492,29.670000076293945,29.770000457763672,1098300,0.0,0.0
2021-01-04 00:00:00-05:00,29.719999313354492,29.940000534057617,28.68000030517578,29.100000381469727,1527600,0.0,0.0
2021-01-05 00:00:00-05:00,28.639999389648438,28.875,28.100000381469727,28.450000762939453,1749500,0.0,0.0
2021-01-06 00:00:00-05:00,29.0,29.969999313354492,28.677000045776367,29.420000076293945,2180100,0.0,0.0
2021-01-07 00:00:00-05:00,29.600000381469727,29.889999389648438,29.31999969482422,29.75,1356600,0.0,0.0
2021-01-08 00:00:00-05:00,29.850000381469727,30.559999465942383,29.56999969482422,30.389999389648438,1055800,0.0,0.0
2021-01-11 00:00:00-05:00,30.110000610351562,32.06999969482422,29.8799991607666,31.579999923706055,1429500,0.0,0.0
2021-01-12 00:00:00-05:00,32.099998474121094,32.64400100708008,31.270000457763672,32.56999969482422,1602500,0.0,0.0
2021-01-13 00:00:00-05:00,32.279998779296875,32.63999938964844,31.719999313354492,32.5,1228000,0.0,0.0
2021-01-14 00:00:00-05:00,32.31999969482422,34.189998626708984,32.25,34.150001525878906,1960200,0.0,0.0
2021-01-15 00:00:00-05:00,33.650001525878906,33.95000076293945,33.20000076293945,33.79999923706055,3112500,0.0,0.0
2021-01-19 00:00:00-05:00,33.70000076293945,34.79999923706055,33.02000045776367,34.5,1992900,0.0,0.0
2021-01-20 00:00:00-05:00,34.86000061035156,35.3489990234375,33.43000030517578,33.4900016784668,2196600,0.0,0.0
2021-01-21 00:00:00-05:00,33.369998931884766,33.51499938964844,31.459999084472656,31.65999984741211,2505100,0.0,0.0
2021-01-22 00:00:00-05:00,31.420000076293945,32.08000183105469,31.299999237060547,32.0,935900,0.0,0.0
2021-01-25 00:00:00-05:00,31.780000686645508,33.18000030517578,31.709999084472656,32.81999969482422,1712500,0.0,0.0
2021-01-26 00:00:00-05:00,33.310001373291016,34.040000915527344,32.970001220703125,34.02000045776367,1740500,0.0,0.0
2021-01-27 00:00:00-05:00,33.59000015258789,36.86000061035156,33.189998626708984,35.720001220703125,3471100,0.0,0.0
2021-01-28 00:00:00-05:00,35.65999984741211,35.849998474121094,33.15999984741211,33.45000076293945,2032500,0.0,0.0
2021-01-29 00:00:00-05:00,33.54999923706055,34.834999084472656,33.22999954223633,33.459999084472656,1690300,0.0,0.0
2021-02-01 00:00:00-05:00,33.060001373291016,34.95000076293945,32.97999954223633,34.619998931884766,1486600,0.0,0.0
2021-02-02 00:00:00-05:00,35.130001068115234,35.220001220703125,34.310001373291016,34.91999816894531,1475600,0.0,0.0
2021-02-03 00:00:00-05:00,35.13999938964844,35.939998626708984,34.90999984741211,35.16999816894531,1445000,0.0,0.0
2021-02-04 00:00:00-05:00,40.599998474121094,45.60300064086914,40.130001068115234,42.900001525878906,18886400,0.0,0.0
2021-02-05 00:00:00-05:00,45.310001373291016,45.709999084472656,43.220001220703125,43.439998626708984,4300100,0.0,0.0
2021-02-08 00:00:00-05:00,43.91999816894531,43.91999816894531,40.91999816894531,41.529998779296875,3189200,0.0,0.0
2021-02-09 00:00:00-05:00,41.58000183105469,42.560001373291016,41.31999969482422,41.880001068115234,1609200,0.0,0.0
2021-02-10 00:00:00-05:00,42.130001068115234,42.130001068115234,40.05500030517578,40.779998779296875,1449200,0.0,0.0
2021-02-11 00:00:00-05:00,40.63999938964844,41.650001525878906,39.933998107910156,41.400001525878906,1516500,0.0,0.0
2021-02-12 00:00:00-05:00,41.25,43.15999984741211,40.67300033569336,43.04999923706055,929900,0.0,0.0
2021-02-16 00:00:00-05:00,42.959999084472656,44.689998626708984,42.900001525878906,43.0,1348700,0.0,0.0
2021-02-17 00:00:00-05:00,43.0,43.58000183105469,42.470001220703125,43.529998779296875,1331800,0.0,0.0
2021-02-18 00:00:00-05:00,43.689998626708984,45.369998931884766,43.220001220703125,45.33000183105469,1293100,0.0,0.0
2021-02-19 00:00:00-05:00,45.11000061035156,45.959999084472656,44.93000030517578,45.099998474121094,894900,0.0,0.0
2021-02-22 00:00:00-05:00,44.70000076293945,46.29999923706055,44.66999816894531,45.459999084472656,799500,0.0,0.0
2021-02-23 00:00:00-05:00,45.0,45.470001220703125,43.79499816894531,44.86000061035156,1157700,0.0,0.0
2021-02-24 00:00:00-05:00,44.9900016784668,46.849998474121094,44.47999954223633,46.7400016784668,1239200,0.0,0.0
2021-02-25 00:00:00-05:00,46.810001373291016,47.560001373291016,45.720001220703125,46.36000061035156,987900,0.0,0.0
2021-02-26 00:00:00-05:00,46.08000183105469,47.20000076293945,44.79999923706055,44.83000183105469,955100,0.0,0.0
2021-03-01 00:00:00-05:00,45.45000076293945,47.71099853515625,45.130001068115234,46.65999984741211,1224400,0.0,0.0
2021-03-02 00:00:00-05:00,46.459999084472656,50.04999923706055,46.13999938964844,46.279998779296875,2158600,0.0,0.0
2021-03-03 00:00:00-05:00,46.290000915527344,47.08000183105469,45.4900016784668,45.4900016784668,779600,0.0,0.0
2021-03-04 00:00:00-05:00,45.56999969482422,46.025001525878906,42.880001068115234,43.720001220703125,1511100,0.0,0.0
2021-03-05 00:00:00-05:00,44.209999084472656,45.220001220703125,42.38999938964844,45.06999969482422,1495800,0.0,0.0
2021-03-08 00:00:00-05:00,45.650001525878906,46.70000076293945,45.040000915527344,45.2400016784668,972100,0.0,0.0
2021-03-09 00:00:00-05:00,45.40999984741211,46.060001373291016,44.8849983215332,44.90999984741211,777200,0.0,0.0
2021-03-10 00:00:00-05:00,45.439998626708984,46.209999084472656,44.97999954223633,45.630001068115234,673100,0.0,0.0
2021-03-11 00:00:00-05:00,46.060001373291016,46.2400016784668,44.5,44.689998626708984,1742700,0.0,0.0
2021-03-12 00:00:00-05:00,45.0,45.0,43.92399978637695,43.9900016784668,814700,0.0,0.0
2021-03-15 00:00:00-04:00,43.91999816894531,43.9900016784668,42.68000030517578,43.720001220703125,1816800,0.0,0.0
2021-03-16 00:00:00-04:00,43.970001220703125,44.290000915527344,42.65399932861328,43.310001373291016,1058100,0.0,0.0
2021-03-17 00:00:00-04:00,43.25,43.959999084472656,42.79999923706055,43.77000045776367,840300,0.0,0.0
2021-03-18 00:00:00-04:00,43.52000045776367,44.119998931884766,42.310001373291016,42.369998931884766,738000,0.0,0.0
2021-03-19 00:00:00-04:00,42.189998626708984,43.97999954223633,41.81999969482422,43.810001373291016,1076300,0.0,0.0
2021-03-22 00:00:00-04:00,43.95000076293945,44.34000015258789,42.810001373291016,43.58000183105469,636600,0.0,0.0
2021-03-23 00:00:00-04:00,43.290000915527344,43.86000061035156,41.2400016784668,41.70000076293945,1049600,0.0,0.0
2021-03-24 00:00:00-04:00,42.040000915527344,42.106998443603516,40.310001373291016,40.38999938964844,1365300,0.0,0.0
2021-03-25 00:00:00-04:00,40.099998474121094,41.04999923706055,38.90999984741211,40.810001373291016,1176400,0.0,0.0
2021-03-26 00:00:00-04:00,40.97999954223633,41.65999984741211,40.02000045776367,40.880001068115234,745100,0.0,0.0
2021-03-29 00:00:00-04:00,40.08000183105469,41.06999969482422,39.22999954223633,39.41999816894531,2004100,0.0,0.0
2021-03-30 00:00:00-04:00,39.41999816894531,39.849998474121094,38.90999984741211,39.709999084472656,650200,0.0,0.0
2021-03-31 00:00:00-04:00,39.7599983215332,40.150001525878906,39.13999938964844,39.25,627800,0.0,0.0
2021-04-01 00:00:00-04:00,39.43000030517578,40.52000045776367,39.220001220703125,40.36000061035156,1093400,0.0,0.0
2021-04-05 00:00:00-04:00,40.81999969482422,41.13399887084961,39.47999954223633,40.16999816894531,622500,0.0,0.0
2021-04-06 00:00:00-04:00,40.15999984741211,41.279998779296875,40.15999984741211,40.90999984741211,603800,0.0,0.0
2021-04-07 00:00:00-04:00,41.13999938964844,41.56999969482422,40.439998626708984,41.45000076293945,918000,0.0,0.0
2021-04-08 00:00:00-04:00,41.5099983215332,42.41999816894531,41.130001068115234,42.349998474121094,977700,0.0,0.0
2021-04-09 00:00:00-04:00,42.5,42.63999938964844,41.720001220703125,42.5099983215332,741600,0.0,0.0
2021-04-12 00:00:00-04:00,42.2599983215332,42.959999084472656,41.83000183105469,42.810001373291016,585000,0.0,0.0
2021-04-13 00:00:00-04:00,42.68000030517578,42.939998626708984,41.369998931884766,41.5099983215332,978800,0.0,0.0
2021-04-14 00:00:00-04:00,41.5099983215332,41.970001220703125,40.279998779296875,40.380001068115234,766000,0.0,0.0
2021-04-15 00:00:00-04:00,40.349998474121094,40.81999969482422,39.869998931884766,40.380001068115234,692900,0.0,0.0
2021-04-16 00:00:00-04:00,40.70000076293945,40.93000030517578,39.90999984741211,40.70000076293945,495800,0.0,0.0
2021-04-19 00:00:00-04:00,40.540000915527344,40.72999954223633,39.900001525878906,40.209999084472656,706800,0.0,0.0
2021-04-20 00:00:00-04:00,40.0,40.22999954223633,38.45000076293945,39.380001068115234,1303400,0.0,0.0
2021-04-21 00:00:00-04:00,39.189998626708984,41.31999969482422,38.97999954223633,41.25,810000,0.0,0.0
2021-04-22 00:00:00-04:00,41.5,42.314998626708984,40.93000030517578,41.18000030517578,661900,0.0,0.0
2021-04-23 00:00:00-04:00,41.20000076293945,42.5,41.053001403808594,42.38999938964844,864100,0.0,0.0
2021-04-26 00:00:00-04:00,42.83000183105469,43.13999938964844,41.91999816894531,42.36000061035156,630000,0.0,0.0
2021-04-27 00:00:00-04:00,42.58000183105469,42.83000183105469,42.2400016784668,42.369998931884766,546300,0.0,0.0
2021-04-28 00:00:00-04:00,42.119998931884766,43.47999954223633,41.93000030517578,42.630001068115234,752400,0.0,0.0
2021-04-29 00:00:00-04:00,42.97999954223633,43.150001525878906,42.369998931884766,42.880001068115234,482500,0.0,0.0
2021-04-30 00:00:00-04:00,42.75,43.29999923706055,42.220001220703125,42.27000045776367,567800,0.0,0.0
2021-05-03 00:00:00-04:00,42.220001220703125,43.119998931884766,42.220001220703125,42.540000915527344,588600,0.0,0.0
2021-05-04 00:00:00-04:00,42.060001373291016,42.18000030517578,41.18000030517578,41.970001220703125,893200,0.0,0.0
2021-05-05 00:00:00-04:00,42.0099983215332,42.31999969482422,41.119998931884766,42.0,432600,0.0,0.0
2021-05-06 00:00:00-04:00,42.380001068115234,42.380001068115234,40.095001220703125,40.65999984741211,1024100,0.0,0.0
2021-05-07 00:00:00-04:00,40.619998931884766,43.2599983215332,40.33000183105469,43.2400016784668,746000,0.0,0.0
2021-05-10 00:00:00-04:00,43.279998779296875,43.720001220703125,42.4900016784668,43.439998626708984,815000,0.0,0.0
2021-05-11 00:00:00-04:00,42.4900016784668,42.779998779296875,41.08000183105469,42.470001220703125,1320700,0.0,0.0
2021-05-12 00:00:00-04:00,42.040000915527344,42.279998779296875,40.970001220703125,41.4900016784668,1617800,0.0,0.0
2021-05-13 00:00:00-04:00,42.349998474121094,42.58000183105469,37.60499954223633,37.79999923706055,3802100,0.0,0.0
2021-05-14 00:00:00-04:00,37.58000183105469,39.334999084472656,37.41999816894531,38.20000076293945,1641700,0.0,0.0
2021-05-17 00:00:00-04:00,38.0,38.86000061035156,37.63999938964844,38.810001373291016,989000,0.0,0.0
2021-05-18 00:00:00-04:00,38.779998779296875,39.20000076293945,38.4900016784668,38.599998474121094,2100100,0.0,0.0
2021-05-19 00:00:00-04:00,37.939998626708984,38.22999954223633,37.349998474121094,37.79999923706055,643200,0.0,0.0
2021-05-20 00:00:00-04:00,37.97999954223633,39.44499969482422,37.689998626708984,39.31999969482422,957600,0.0,0.0
2021-05-21 00:00:00-04:00,39.7599983215332,39.79999923706055,38.625,38.68000030517578,557600,0.0,0.0
2021-05-24 00:00:00-04:00,38.70000076293945,39.2400016784668,38.349998474121094,39.060001373291016,278500,0.0,0.0
2021-05-25 00:00:00-04:00,39.34000015258789,39.5,38.41999816894531,38.47999954223633,1046500,0.0,0.0
2021-05-26 00:00:00-04:00,38.7400016784668,39.970001220703125,38.630001068115234,39.70000076293945,789200,0.0,0.0
2021-05-27 00:00:00-04:00,39.849998474121094,41.4900016784668,39.439998626708984,41.130001068115234,1640400,0.0,0.0
2021-05-28 00:00:00-04:00,41.36000061035156,41.41999816894531,40.2599983215332,40.33000183105469,724100,0.0,0.0
2021-06-01 00:00:00-04:00,40.599998474121094,41.38999938964844,40.29999923706055,40.790000915527344,804000,0.0,0.0
2021-06-02 00:00:00-04:00,41.56999969482422,41.65999984741211,40.06999969482422,40.58000183105469,601600,0.0,0.0
2021-06-03 00:00:00-04:00,40.27000045776367,40.439998626708984,38.70000076293945,38.81999969482422,758500,0.0,0.0
2021-06-04 00:00:00-04:00,39.0,39.279998779296875,38.060001373291016,39.119998931884766,645700,0.0,0.0
2021-06-07 00:00:00-04:00,39.209999084472656,39.959999084472656,39.15999984741211,39.56999969482422,351500,0.0,0.0
2021-06-08 00:00:00-04:00,39.86000061035156,40.58000183105469,39.619998931884766,40.189998626708984,443300,0.0,0.0
2021-06-09 00:00:00-04:00,40.369998931884766,40.61000061035156,40.060001373291016,40.5099983215332,653600,0.0,0.0
2021-06-10 00:00:00-04:00,40.83000183105469,41.0,39.5,39.849998474121094,531500,0.0,0.0
2021-06-11 00:00:00-04:00,39.9900016784668,41.459999084472656,39.7400016784668,41.459999084472656,915000,0.0,0.0
2021-06-14 00:00:00-04:00,41.599998474121094,41.83000183105469,40.33000183105469,40.61000061035156,513100,0.0,0.0
2021-06-15 00:00:00-04:00,40.72999954223633,40.75,39.709999084472656,39.939998626708984,464900,0.0,0.0
2021-06-16 00:00:00-04:00,39.779998779296875,39.93000030517578,39.08000183105469,39.18000030517578,446200,0.0,0.0
2021-06-17 00:00:00-04:00,39.06999969482422,39.54999923706055,38.650001525878906,39.119998931884766,487600,0.0,0.0
2021-06-18 00:00:00-04:00,38.7400016784668,38.970001220703125,38.08000183105469,38.08000183105469,1028200,0.0,0.0
2021-06-21 00:00:00-04:00,38.09000015258789,38.560001373291016,37.7599983215332,38.16999816894531,1175100,0.0,0.0
2021-06-22 00:00:00-04:00,38.22999954223633,40.91999816894531,38.060001373291016,40.91999816894531,645400,0.0,0.0
2021-06-23 00:00:00-04:00,41.029998779296875,41.5,40.709999084472656,40.869998931884766,463000,0.0,0.0
2021-06-24 00:00:00-04:00,41.15999984741211,42.83000183105469,41.15999984741211,42.209999084472656,858800,0.0,0.0
2021-06-25 00:00:00-04:00,42.790000915527344,44.220001220703125,42.04999923706055,43.58000183105469,992000,0.0,0.0
2021-06-28 00:00:00-04:00,43.869998931884766,43.869998931884766,42.15999984741211,42.33000183105469,685400,0.0,0.0
2021-06-29 00:00:00-04:00,42.41999816894531,43.900001525878906,42.290000915527344,43.56999969482422,609900,0.0,0.0
2021-06-30 00:00:00-04:00,43.43000030517578,43.95000076293945,43.20000076293945,43.7400016784668,355200,0.0,0.0
2021-07-01 00:00:00-04:00,44.0099983215332,44.65999984741211,43.599998474121094,44.2599983215332,631100,0.0,0.0
2021-07-02 00:00:00-04:00,44.27000045776367,44.709999084472656,43.0099983215332,43.029998779296875,395000,0.0,0.0
2021-07-06 00:00:00-04:00,42.83000183105469,43.16999816894531,41.849998474121094,42.970001220703125,422600,0.0,0.0
2021-07-07 00:00:00-04:00,43.08000183105469,43.150001525878906,41.599998474121094,42.220001220703125,330100,0.0,0.0
2021-07-08 00:00:00-04:00,41.380001068115234,42.16999816894531,40.77000045776367,41.83000183105469,523800,0.0,0.0
2021-07-09 00:00:00-04:00,42.27000045776367,42.95000076293945,42.119998931884766,42.900001525878906,438500,0.0,0.0
2021-07-12 00:00:00-04:00,42.880001068115234,42.880001068115234,42.06999969482422,42.380001068115234,284900,0.0,0.0
2021-07-13 00:00:00-04:00,41.95000076293945,42.16999816894531,41.65999984741211,41.720001220703125,285000,0.0,0.0
2021-07-14 00:00:00-04:00,41.61000061035156,42.2400016784668,41.150001525878906,41.15999984741211,401400,0.0,0.0
2021-07-15 00:00:00-04:00,41.220001220703125,41.220001220703125,39.47999954223633,40.34000015258789,674900,0.0,0.0
2021-07-16 00:00:00-04:00,40.380001068115234,40.93000030517578,39.5099983215332,39.689998626708984,403000,0.0,0.0
2021-07-19 00:00:00-04:00,38.880001068115234,39.47999954223633,38.470001220703125,39.220001220703125,638600,0.0,0.0
2021-07-20 00:00:00-04:00,39.400001525878906,41.064998626708984,38.61000061035156,40.75,412400,0.0,0.0
2021-07-21 00:00:00-04:00,40.810001373291016,42.20000076293945,40.810001373291016,42.150001525878906,389800,0.0,0.0
2021-07-22 00:00:00-04:00,42.0,42.130001068115234,40.900001525878906,41.11000061035156,354700,0.0,0.0
2021-07-23 00:00:00-04:00,41.63999938964844,43.31999969482422,41.369998931884766,42.65999984741211,572500,0.0,0.0
2021-07-26 00:00:00-04:00,42.310001373291016,43.459999084472656,42.2400016784668,42.83000183105469,449800,0.0,0.0
2021-07-27 00:00:00-04:00,42.56999969482422,42.68000030517578,41.529998779296875,41.91999816894531,365500,0.0,0.0
2021-07-28 00:00:00-04:00,42.31999969482422,42.720001220703125,41.52000045776367,42.5,304600,0.0,0.0
2021-07-29 00:00:00-04:00,42.720001220703125,43.08000183105469,42.290000915527344,42.59000015258789,423000,0.0,0.0
2021-07-30 00:00:00-04:00,42.81999969482422,43.290000915527344,42.2400016784668,42.43000030517578,553000,0.0,0.0
2021-08-02 00:00:00-04:00,42.880001068115234,43.590999603271484,42.41999816894531,42.5099983215332,310300,0.0,0.0
2021-08-03 00:00:00-04:00,42.95000076293945,43.0,41.39500045776367,42.29999923706055,552800,0.0,0.0
2021-08-04 00:00:00-04:00,42.13999938964844,43.099998474121094,42.060001373291016,42.45000076293945,379500,0.0,0.0
2021-08-05 00:00:00-04:00,42.58000183105469,43.02000045776367,41.84000015258789,42.790000915527344,327900,0.0,0.0
2021-08-06 00:00:00-04:00,43.029998779296875,44.029998779296875,43.029998779296875,43.540000915527344,644500,0.0,0.0
2021-08-09 00:00:00-04:00,43.529998779296875,43.790000915527344,43.0099983215332,43.540000915527344,347000,0.0,0.0
2021-08-10 00:00:00-04:00,43.630001068115234,44.720001220703125,43.599998474121094,44.439998626708984,807900,0.0,0.0
2021-08-11 00:00:00-04:00,40.849998474121094,40.880001068115234,37.810001373291016,38.709999084472656,4330000,0.0,0.0
2021-08-12 00:00:00-04:00,38.54999923706055,38.970001220703125,37.380001068115234,37.68000030517578,1900300,0.0,0.0
2021-08-13 00:00:00-04:00,37.720001220703125,37.84000015258789,36.39799880981445,36.52000045776367,1410500,0.0,0.0
2021-08-16 00:00:00-04:00,36.810001373291016,37.150001525878906,36.09000015258789,36.11000061035156,1040000,0.0,0.0
2021-08-17 00:00:00-04:00,35.720001220703125,36.099998474121094,34.58000183105469,35.04999923706055,1444500,0.0,0.0
2021-08-18 00:00:00-04:00,35.81999969482422,37.41999816894531,35.599998474121094,36.869998931884766,1878200,0.0,0.0
2021-08-19 00:00:00-04:00,36.04999923706055,36.5,35.31999969482422,35.68000030517578,1124000,0.0,0.0
2021-08-20 00:00:00-04:00,35.689998626708984,36.58000183105469,35.65999984741211,36.2599983215332,1026200,0.0,0.0
2021-08-23 00:00:00-04:00,36.650001525878906,38.060001373291016,36.58000183105469,37.47999954223633,1225400,0.0,0.0
2021-08-24 00:00:00-04:00,37.720001220703125,38.81999969482422,37.65999984741211,38.529998779296875,785500,0.0,0.0
2021-08-25 00:00:00-04:00,38.65999984741211,39.314998626708984,38.38999938964844,39.209999084472656,1110900,0.0,0.0
2021-08-26 00:00:00-04:00,38.810001373291016,39.584999084472656,38.65999984741211,38.88999938964844,641200,0.0,0.0
2021-08-27 00:00:00-04:00,38.939998626708984,39.33000183105469,38.68000030517578,38.79999923706055,814000,0.0,0.0
2021-08-30 00:00:00-04:00,38.79999923706055,39.33000183105469,38.279998779296875,38.52000045776367,1077300,0.0,0.0
2021-08-31 00:00:00-04:00,38.56999969482422,38.95000076293945,38.16999816894531,38.369998931884766,962600,0.0,0.0
2021-09-01 00:00:00-04:00,38.63999938964844,40.47999954223633,38.57500076293945,40.400001525878906,959900,0.0,0.0
2021-09-02 00:00:00-04:00,40.13999938964844,41.41999816894531,40.02000045776367,41.400001525878906,1352000,0.0,0.0
2021-09-03 00:00:00-04:00,41.470001220703125,41.86000061035156,40.810001373291016,41.849998474121094,671500,0.0,0.0
2021-09-07 00:00:00-04:00,41.88999938964844,42.130001068115234,40.2599983215332,40.310001373291016,695400,0.0,0.0
2021-09-08 00:00:00-04:00,39.790000915527344,39.869998931884766,37.849998474121094,37.939998626708984,1602000,0.0,0.0
2021-09-09 00:00:00-04:00,38.18000030517578,39.209999084472656,37.492000579833984,38.56999969482422,1356200,0.0,0.0
2021-09-10 00:00:00-04:00,38.810001373291016,39.7599983215332,38.54600143432617,39.630001068115234,1240000,0.0,0.0
2021-09-13 00:00:00-04:00,39.959999084472656,39.9900016784668,38.25,38.47999954223633,970700,0.0,0.0
2021-09-14 00:00:00-04:00,38.400001525878906,39.27899932861328,38.25,39.040000915527344,588700,0.0,0.0
2021-09-15 00:00:00-04:00,38.939998626708984,38.939998626708984,37.560001373291016,37.560001373291016,1160800,0.0,0.0
2021-09-16 00:00:00-04:00,37.90999984741211,37.90999984741211,36.56999969482422,36.959999084472656,1286000,0.0,0.0
2021-09-17 00:00:00-04:00,36.70000076293945,37.5,36.63999938964844,37.27000045776367,649400,0.0,0.0
2021-09-20 00:00:00-04:00,36.63999938964844,36.935001373291016,35.689998626708984,36.40999984741211,1232500,0.0,0.0
2021-09-21 00:00:00-04:00,36.540000915527344,37.20000076293945,36.310001373291016,36.93000030517578,633700,0.0,0.0
2021-09-22 00:00:00-04:00,37.13999938964844,37.81999969482422,37.13999938964844,37.47999954223633,568400,0.0,0.0
2021-09-23 00:00:00-04:00,37.790000915527344,38.790000915527344,37.58000183105469,38.31999969482422,604300,0.0,0.0
2021-09-24 00:00:00-04:00,37.97999954223633,38.29999923706055,37.349998474121094,38.15999984741211,679100,0.0,0.0
2021-09-27 00:00:00-04:00,38.31999969482422,39.90999984741211,38.18000030517578,39.470001220703125,1010000,0.0,0.0
2021-09-28 00:00:00-04:00,39.13999938964844,39.25,37.29999923706055,37.38999938964844,823900,0.0,0.0
2021-09-29 00:00:00-04:00,37.59000015258789,37.650001525878906,36.18000030517578,36.400001525878906,726900,0.0,0.0
2021-09-30 00:00:00-04:00,36.279998779296875,36.41999816894531,35.630001068115234,35.66999816894531,615800,0.0,0.0
2021-10-01 00:00:00-04:00,35.900001525878906,36.36000061035156,35.68000030517578,36.099998474121094,567000,0.0,0.0
2021-10-04 00:00:00-04:00,36.130001068115234,36.34000015258789,35.400001525878906,35.75,545600,0.0,0.0
2021-10-05 00:00:00-04:00,35.849998474121094,37.130001068115234,35.790000915527344,36.310001373291016,673100,0.0,0.0
2021-10-06 00:00:00-04:00,35.900001525878906,36.689998626708984,35.349998474121094,36.58000183105469,945800,0.0,0.0
2021-10-07 00:00:00-04:00,37.0,38.040000915527344,36.935001373291016,37.41999816894531,809200,0.0,0.0
2021-10-08 00:00:00-04:00,37.38999938964844,37.88999938964844,37.099998474121094,37.29999923706055,391600,0.0,0.0
2021-10-11 00:00:00-04:00,37.29999923706055,38.369998931884766,36.900001525878906,36.91999816894531,815600,0.0,0.0
2021-10-12 00:00:00-04:00,37.209999084472656,37.84000015258789,37.0099983215332,37.630001068115234,827000,0.0,0.0
2021-10-13 00:00:00-04:00,37.650001525878906,38.650001525878906,37.52000045776367,38.470001220703125,489800,0.0,0.0
2021-10-14 00:00:00-04:00,38.91999816894531,39.0,38.20000076293945,38.25,475400,0.0,0.0
2021-10-15 00:00:00-04:00,38.470001220703125,38.630001068115234,37.689998626708984,37.959999084472656,494100,0.0,0.0
2021-10-18 00:00:00-04:00,37.66999816894531,38.84000015258789,37.5099983215332,38.810001373291016,436300,0.0,0.0
2021-10-19 00:00:00-04:00,39.0099983215332,39.45000076293945,38.709999084472656,39.209999084472656,576700,0.0,0.0
2021-10-20 00:00:00-04:00,39.52000045776367,40.22999954223633,39.29999923706055,39.720001220703125,549000,0.0,0.0
2021-10-21 00:00:00-04:00,39.689998626708984,40.38999938964844,39.689998626708984,40.08000183105469,448200,0.0,0.0
2021-10-22 00:00:00-04:00,39.869998931884766,40.09000015258789,39.41699981689453,39.849998474121094,368500,0.0,0.0
2021-10-25 00:00:00-04:00,39.75,40.310001373291016,39.27000045776367,39.650001525878906,464200,0.0,0.0
2021-10-26 00:00:00-04:00,39.79999923706055,39.88999938964844,38.64500045776367,39.040000915527344,623200,0.0,0.0
2021-10-27 00:00:00-04:00,39.06999969482422,39.06999969482422,36.7400016784668,36.75,978900,0.0,0.0
2021-10-28 00:00:00-04:00,36.86000061035156,37.72999954223633,36.86000061035156,37.439998626708984,1420300,0.0,0.0
2021-10-29 00:00:00-04:00,37.0,37.66999816894531,36.81999969482422,37.099998474121094,782400,0.0,0.0
2021-11-01 00:00:00-04:00,37.25,38.689998626708984,37.150001525878906,38.209999084472656,980400,0.0,0.0
2021-11-02 00:00:00-04:00,38.27000045776367,39.4010009765625,38.040000915527344,39.099998474121094,777500,0.0,0.0
2021-11-03 00:00:00-04:00,39.20000076293945,40.38999938964844,39.0099983215332,39.75,912600,0.0,0.0
2021-11-04 00:00:00-04:00,39.97999954223633,40.59000015258789,39.72999954223633,40.43000030517578,2294500,0.0,0.0
2021-11-05 00:00:00-04:00,45.38999938964844,49.36000061035156,44.91999816894531,48.2599983215332,5763500,0.0,0.0
2021-11-08 00:00:00-05:00,47.66999816894531,49.599998474121094,46.880001068115234,49.369998931884766,2525700,0.0,0.0
2021-11-09 00:00:00-05:00,49.29999923706055,50.939998626708984,48.790000915527344,50.38999938964844,1425400,0.0,0.0
2021-11-10 00:00:00-05:00,49.529998779296875,50.09000015258789,47.275001525878906,47.849998474121094,1342400,0.0,0.0
2021-11-11 00:00:00-05:00,48.45000076293945,49.33000183105469,47.61000061035156,49.20000076293945,1055700,0.0,0.0
2021-11-12 00:00:00-05:00,49.65999984741211,51.349998474121094,49.279998779296875,50.599998474121094,1847300,0.0,0.0
2021-11-15 00:00:00-05:00,50.814998626708984,51.869998931884766,50.290000915527344,51.83000183105469,1033200,0.0,0.0
2021-11-16 00:00:00-05:00,51.91999816894531,53.63999938964844,51.349998474121094,53.08000183105469,1079200,0.0,0.0
2021-11-17 00:00:00-05:00,53.029998779296875,53.165000915527344,50.619998931884766,51.630001068115234,1334300,0.0,0.0
2021-11-18 00:00:00-05:00,52.02000045776367,52.4900016784668,50.5099983215332,51.11000061035156,1045900,0.0,0.0
2021-11-19 00:00:00-05:00,51.11000061035156,52.06999969482422,50.915000915527344,51.20000076293945,850500,0.0,0.0
2021-11-22 00:00:00-05:00,51.5,51.5,49.38999938964844,49.400001525878906,887300,0.0,0.0
2021-11-23 00:00:00-05:00,49.31999969482422,49.709999084472656,48.124000549316406,48.779998779296875,936900,0.0,0.0
2021-11-24 00:00:00-05:00,48.09000015258789,48.40599822998047,47.22999954223633,48.27000045776367,951200,0.0,0.0
2021-11-26 00:00:00-05:00,46.79999923706055,47.400001525878906,45.689998626708984,45.900001525878906,846300,0.0,0.0
2021-11-29 00:00:00-05:00,46.540000915527344,46.70000076293945,45.45000076293945,45.939998626708984,866800,0.0,0.0
2021-11-30 00:00:00-05:00,45.5099983215332,46.13999938964844,43.689998626708984,44.59000015258789,1172400,0.0,0.0
2021-12-01 00:00:00-05:00,45.349998474121094,45.849998474121094,41.220001220703125,41.279998779296875,2115400,0.0,0.0
2021-12-02 00:00:00-05:00,41.209999084472656,41.689998626708984,38.77000045776367,39.40999984741211,2581400,0.0,0.0
2021-12-03 00:00:00-05:00,39.459999084472656,39.7599983215332,35.880001068115234,36.54999923706055,3417900,0.0,0.0
2021-12-06 00:00:00-05:00,36.709999084472656,37.709999084472656,35.61000061035156,37.5,2156900,0.0,0.0
2021-12-07 00:00:00-05:00,38.59000015258789,41.54999923706055,38.380001068115234,40.72999954223633,2245400,0.0,0.0
2021-12-08 00:00:00-05:00,40.86000061035156,40.9900016784668,39.40999984741211,40.7599983215332,1401200,0.0,0.0
2021-12-09 00:00:00-05:00,40.58000183105469,41.029998779296875,39.18000030517578,39.43000030517578,1054900,0.0,0.0
2021-12-10 00:00:00-05:00,39.95000076293945,39.95000076293945,38.34000015258789,38.81999969482422,1006400,0.0,0.0
2021-12-13 00:00:00-05:00,38.65999984741211,38.81999969482422,37.060001373291016,37.5,1197600,0.0,0.0
2021-12-14 00:00:00-05:00,37.560001373291016,37.95000076293945,36.47999954223633,37.400001525878906,992700,0.0,0.0
2021-12-15 00:00:00-05:00,37.18000030517578,37.599998474121094,36.029998779296875,37.38999938964844,737900,0.0,0.0
2021-12-16 00:00:00-05:00,37.5,38.0,35.79999923706055,35.83000183105469,1028200,0.0,0.0
2021-12-17 00:00:00-05:00,35.5099983215332,36.900001525878906,35.08000183105469,36.439998626708984,1265000,0.0,0.0
2021-12-20 00:00:00-05:00,35.65999984741211,35.65999984741211,34.51499938964844,34.93000030517578,912300,0.0,0.0
2021-12-21 00:00:00-05:00,35.5099983215332,36.61000061035156,35.400001525878906,36.5099983215332,1140700,0.0,0.0
2021-12-22 00:00:00-05:00,36.47999954223633,37.03499984741211,36.22999954223633,36.81999969482422,565400,0.0,0.0
2021-12-23 00:00:00-05:00,36.849998474121094,37.34000015258789,36.560001373291016,37.29999923706055,462400,0.0,0.0
2021-12-27 00:00:00-05:00,37.52000045776367,37.540000915527344,36.810001373291016,37.29999923706055,394900,0.0,0.0
2021-12-28 00:00:00-05:00,37.5,37.689998626708984,36.279998779296875,36.619998931884766,466300,0.0,0.0
2021-12-29 00:00:00-05:00,36.63999938964844,36.880001068115234,36.279998779296875,36.459999084472656,461500,0.0,0.0
2021-12-30 00:00:00-05:00,36.529998779296875,37.630001068115234,36.43000030517578,36.75,642600,0.0,0.0
2021-12-31 00:00:00-05:00,36.560001373291016,37.45000076293945,36.560001373291016,37.060001373291016,479600,0.0,0.0
2022-01-03 00:00:00-05:00,37.189998626708984,38.119998931884766,37.08000183105469,37.47999954223633,745700,0.0,0.0
2022-01-04 00:00:00-05:00,37.93000030517578,37.93000030517578,36.5,37.11000061035156,692800,0.0,0.0
2022-01-05 00:00:00-05:00,37.38999938964844,37.880001068115234,35.630001068115234,35.689998626708984,1058400,0.0,0.0
2022-01-06 00:00:00-05:00,36.540000915527344,36.810001373291016,35.34000015258789,36.459999084472656,1315800,0.0,0.0
2022-01-07 00:00:00-05:00,35.34000015258789,35.75,33.779998779296875,34.380001068115234,2026400,0.0,0.0
2022-01-10 00:00:00-05:00,33.7599983215332,33.89500045776367,32.88999938964844,33.470001220703125,1833200,0.0,0.0
2022-01-11 00:00:00-05:00,33.470001220703125,34.369998931884766,33.2400016784668,34.060001373291016,1061800,0.0,0.0
2022-01-12 00:00:00-05:00,34.58000183105469,35.130001068115234,33.72999954223633,33.900001525878906,890500,0.0,0.0
2022-01-13 00:00:00-05:00,34.04999923706055,34.25,32.869998931884766,33.029998779296875,1152400,0.0,0.0
2022-01-14 00:00:00-05:00,32.529998779296875,33.02000045776367,31.68000030517578,32.33000183105469,1093300,0.0,0.0
2022-01-18 00:00:00-05:00,32.16999816894531,32.470001220703125,31.59000015258789,31.850000381469727,1418600,0.0,0.0
2022-01-19 00:00:00-05:00,32.025001525878906,32.70000076293945,31.25,31.260000228881836,1000600,0.0,0.0
2022-01-20 00:00:00-05:00,31.479999542236328,32.2400016784668,30.59000015258789,30.600000381469727,1313400,0.0,0.0
2022-01-21 00:00:00-05:00,30.25,30.68000030517578,29.6299991607666,30.049999237060547,1744100,0.0,0.0
2022-01-24 00:00:00-05:00,29.31999969482422,30.459999084472656,28.170000076293945,30.139999389648438,2330500,0.0,0.0
2022-01-25 00:00:00-05:00,29.450000762939453,30.68000030517578,29.15999984741211,30.25,1531900,0.0,0.0
2022-01-26 00:00:00-05:00,31.139999389648438,31.139999389648438,28.739999771118164,29.06999969482422,1539300,0.0,0.0
2022-01-27 00:00:00-05:00,29.43000030517578,30.260000228881836,28.969999313354492,29.510000228881836,2404900,0.0,0.0
2022-01-28 00:00:00-05:00,29.690000534057617,29.719999313354492,28.360000610351562,29.450000762939453,915500,0.0,0.0
2022-01-31 00:00:00-05:00,29.479999542236328,30.790000915527344,29.360000610351562,30.709999084472656,801600,0.0,0.0
2022-02-01 00:00:00-05:00,30.81999969482422,32.31999969482422,30.709999084472656,32.279998779296875,1300000,0.0,0.0
2022-02-02 00:00:00-05:00,32.77000045776367,32.849998474121094,31.239999771118164,31.530000686645508,1443200,0.0,0.0
2022-02-03 00:00:00-05:00,30.790000915527344,31.549999237060547,30.15999984741211,30.280000686645508,995900,0.0,0.0
2022-02-04 00:00:00-05:00,30.815000534057617,31.388999938964844,30.059999465942383,31.139999389648438,971100,0.0,0.0
2022-02-07 00:00:00-05:00,30.239999771118164,31.889999389648438,30.239999771118164,31.649999618530273,1677900,0.0,0.0
2022-02-08 00:00:00-05:00,31.40999984741211,32.959999084472656,31.264999389648438,32.869998931884766,1306600,0.0,0.0
2022-02-09 00:00:00-05:00,33.61000061035156,34.45000076293945,33.150001525878906,34.310001373291016,2049800,0.0,0.0
2022-02-10 00:00:00-05:00,28.200000762939453,29.600000381469727,27.020000457763672,28.729999542236328,9141400,0.0,0.0
2022-02-11 00:00:00-05:00,28.670000076293945,28.940000534057617,26.520000457763672,26.899999618530273,3300200,0.0,0.0
2022-02-14 00:00:00-05:00,27.139999389648438,28.229999542236328,26.979999542236328,27.760000228881836,2664000,0.0,0.0
2022-02-15 00:00:00-05:00,28.5,29.979999542236328,28.299999237060547,29.579999923706055,2623700,0.0,0.0
2022-02-16 00:00:00-05:00,29.200000762939453,30.600000381469727,29.030000686645508,30.420000076293945,2106100,0.0,0.0
2022-02-17 00:00:00-05:00,29.950000762939453,30.739999771118164,29.07200050354004,29.139999389648438,1332600,0.0,0.0
2022-02-18 00:00:00-05:00,29.260000228881836,29.59000015258789,28.139999389648438,28.34000015258789,1208300,0.0,0.0
2022-02-22 00:00:00-05:00,27.5,28.139999389648438,26.299999237060547,26.40999984741211,1604200,0.0,0.0
2022-02-23 00:00:00-05:00,26.739999771118164,27.100000381469727,25.3700008392334,25.40999984741211,1015200,0.0,0.0
2022-02-24 00:00:00-05:00,24.200000762939453,26.760000228881836,24.0,26.670000076293945,2051600,0.0,0.0
2022-02-25 00:00:00-05:00,26.690000534057617,26.739999771118164,25.360000610351562,26.729999542236328,1092400,0.0,0.0
2022-02-28 00:00:00-05:00,26.540000915527344,26.950000762939453,26.059999465942383,26.100000381469727,1508300,0.0,0.0
2022-03-01 00:00:00-05:00,26.229999542236328,26.229999542236328,24.979999542236328,25.170000076293945,726900,0.0,0.0
2022-03-02 00:00:00-05:00,25.34000015258789,26.315000534057617,25.049999237060547,26.190000534057617,922100,0.0,0.0
2022-03-03 00:00:00-05:00,26.18000030517578,26.219999313354492,25.110000610351562,25.309999465942383,805400,0.0,0.0
2022-03-04 00:00:00-05:00,25.0,25.3700008392334,23.809999465942383,24.09000015258789,1029300,0.0,0.0
2022-03-07 00:00:00-05:00,23.889999389648438,24.229999542236328,21.68000030517578,21.700000762939453,1560700,0.0,0.0
2022-03-08 00:00:00-05:00,21.799999237060547,23.299999237060547,21.709999084472656,22.420000076293945,1770700,0.0,0.0
2022-03-09 00:00:00-05:00,23.360000610351562,23.780000686645508,23.100000381469727,23.43000030517578,877700,0.0,0.0
2022-03-10 00:00:00-05:00,22.989999771118164,23.920000076293945,22.770000457763672,23.459999084472656,769800,0.0,0.0
2022-03-11 00:00:00-05:00,23.770000457763672,23.889999389648438,22.5,22.520000457763672,580100,0.0,0.0
2022-03-14 00:00:00-04:00,22.450000762939453,22.709999084472656,21.200000762939453,21.299999237060547,1244900,0.0,0.0
2022-03-15 00:00:00-04:00,21.3700008392334,21.989999771118164,21.225000381469727,21.889999389648438,956800,0.0,0.0
2022-03-16 00:00:00-04:00,22.479999542236328,23.649999618530273,22.469999313354492,23.469999313354492,1009200,0.0,0.0
2022-03-17 00:00:00-04:00,23.229999542236328,23.979999542236328,22.889999389648438,23.969999313354492,622600,0.0,0.0
2022-03-18 00:00:00-04:00,23.850000381469727,26.520000457763672,23.56999969482422,26.299999237060547,2083700,0.0,0.0
2022-03-21 00:00:00-04:00,26.149999618530273,26.610000610351562,25.690000534057617,26.040000915527344,1230800,0.0,0.0
2022-03-22 00:00:00-04:00,26.360000610351562,27.450000762939453,26.360000610351562,27.100000381469727,919600,0.0,0.0
2022-03-23 00:00:00-04:00,26.719999313354492,27.329999923706055,26.40999984741211,26.93000030517578,960800,0.0,0.0
2022-03-24 00:00:00-04:00,27.15999984741211,27.360000610351562,26.530000686645508,27.100000381469727,756900,0.0,0.0
2022-03-25 00:00:00-04:00,27.18000030517578,27.219999313354492,26.149999618530273,26.3700008392334,523300,0.0,0.0
2022-03-28 00:00:00-04:00,26.40999984741211,26.93000030517578,26.110000610351562,26.829999923706055,461500,0.0,0.0
2022-03-29 00:00:00-04:00,27.31999969482422,28.530000686645508,27.309999465942383,27.829999923706055,1086600,0.0,0.0
2022-03-30 00:00:00-04:00,27.780000686645508,27.875,27.225000381469727,27.3700008392334,552100,0.0,0.0
2022-03-31 00:00:00-04:00,27.219999313354492,27.489999771118164,26.25,26.329999923706055,786700,0.0,0.0
2022-04-01 00:00:00-04:00,26.3799991607666,26.812999725341797,25.709999084472656,26.18000030517578,634400,0.0,0.0
2022-04-04 00:00:00-04:00,26.309999465942383,27.1299991607666,26.18000030517578,26.93000030517578,523600,0.0,0.0
2022-04-05 00:00:00-04:00,26.75,26.809999465942383,25.530000686645508,25.780000686645508,951600,0.0,0.0
2022-04-06 00:00:00-04:00,25.329999923706055,25.350000381469727,24.309999465942383,25.15999984741211,797400,0.0,0.0
2022-04-07 00:00:00-04:00,25.040000915527344,25.350000381469727,24.209999084472656,25.110000610351562,547600,0.0,0.0
2022-04-08 00:00:00-04:00,25.100000381469727,25.100000381469727,24.18000030517578,24.25,653900,0.0,0.0
2022-04-11 00:00:00-04:00,23.940000534057617,24.59000015258789,23.770000457763672,24.239999771118164,877200,0.0,0.0
2022-04-12 00:00:00-04:00,24.780000686645508,25.43000030517578,23.90999984741211,23.989999771118164,843600,0.0,0.0
2022-04-13 00:00:00-04:00,23.8799991607666,24.594999313354492,23.860000610351562,24.1299991607666,2052300,0.0,0.0
2022-04-14 00:00:00-04:00,24.149999618530273,24.389999389648438,23.40999984741211,23.649999618530273,1492600,0.0,0.0
2022-04-18 00:00:00-04:00,23.600000381469727,23.709999084472656,22.790000915527344,22.8700008392334,1498100,0.0,0.0
2022-04-19 00:00:00-04:00,22.829999923706055,24.21500015258789,22.829999923706055,23.889999389648438,1071800,0.0,0.0
2022-04-20 00:00:00-04:00,24.18000030517578,24.239999771118164,23.479999542236328,23.760000228881836,563900,0.0,0.0
2022-04-21 00:00:00-04:00,24.329999923706055,24.5,23.229999542236328,23.639999389648438,756000,0.0,0.0
2022-04-22 00:00:00-04:00,23.329999923706055,23.552000045776367,21.809999465942383,21.84000015258789,1794900,0.0,0.0
2022-04-25 00:00:00-04:00,21.600000381469727,22.360000610351562,21.56999969482422,22.350000381469727,2029900,0.0,0.0
2022-04-26 00:00:00-04:00,21.940000534057617,22.06999969482422,20.81999969482422,20.920000076293945,1224800,0.0,0.0
2022-04-27 00:00:00-04:00,20.739999771118164,21.5,20.739999771118164,21.139999389648438,853200,0.0,0.0
2022-04-28 00:00:00-04:00,21.450000762939453,22.81999969482422,20.979999542236328,22.530000686645508,1241900,0.0,0.0
2022-04-29 00:00:00-04:00,22.350000381469727,22.90999984741211,21.700000762939453,21.770000457763672,1083800,0.0,0.0
2022-05-02 00:00:00-04:00,21.579999923706055,22.55500030517578,21.459999084472656,22.5,845100,0.0,0.0
2022-05-03 00:00:00-04:00,22.360000610351562,22.850000381469727,22.25,22.559999465942383,904700,0.0,0.0
2022-05-04 00:00:00-04:00,22.639999389648438,23.079999923706055,21.78499984741211,23.059999465942383,861500,0.0,0.0
2022-05-05 00:00:00-04:00,22.520000457763672,22.549999237060547,20.81999969482422,21.010000228881836,2026300,0.0,0.0
2022-05-06 00:00:00-04:00,20.729999542236328,20.829999923706055,19.559999465942383,19.969999313354492,1378200,0.0,0.0
2022-05-09 00:00:00-04:00,19.489999771118164,19.8700008392334,18.469999313354492,18.489999771118164,1338400,0.0,0.0
2022-05-10 00:00:00-04:00,19.010000228881836,19.139999389648438,18.09000015258789,18.559999465942383,1211900,0.0,0.0
2022-05-11 00:00:00-04:00,18.5,18.8700008392334,18.079999923706055,18.18000030517578,1832500,0.0,0.0
2022-05-12 00:00:00-04:00,17.90999984741211,19.75,17.90999984741211,19.110000610351562,1941400,0.0,0.0
2022-05-13 00:00:00-04:00,19.6299991607666,21.3700008392334,19.6200008392334,20.770000457763672,1679200,0.0,0.0
2022-05-16 00:00:00-04:00,20.450000762939453,20.65999984741211,19.899999618530273,20.200000762939453,933600,0.0,0.0
2022-05-17 00:00:00-04:00,20.84000015258789,21.25,20.09000015258789,20.809999465942383,720000,0.0,0.0
2022-05-18 00:00:00-04:00,20.25,20.360000610351562,18.920000076293945,19.010000228881836,2226900,0.0,0.0
2022-05-19 00:00:00-04:00,20.540000915527344,21.34000015258789,19.209999084472656,20.889999389648438,5811300,0.0,0.0
2022-05-20 00:00:00-04:00,21.260000228881836,21.719999313354492,19.84000015258789,20.309999465942383,2468800,0.0,0.0
2022-05-23 00:00:00-04:00,20.010000228881836,20.110000610351562,18.709999084472656,19.579999923706055,2277500,0.0,0.0
2022-05-24 00:00:00-04:00,19.31999969482422,19.43000030517578,18.079999923706055,18.450000762939453,1418100,0.0,0.0
2022-05-25 00:00:00-04:00,18.270000457763672,19.469999313354492,18.239999771118164,19.18000030517578,1814700,0.0,0.0
2022-05-26 00:00:00-04:00,19.3799991607666,20.3799991607666,19.280000686645508,19.950000762939453,1699900,0.0,0.0
2022-05-27 00:00:00-04:00,20.110000610351562,20.5,20.010000228881836,20.43000030517578,770200,0.0,0.0
2022-05-31 00:00:00-04:00,20.59000015258789,20.829999923706055,20.0,20.059999465942383,1392900,0.0,0.0
2022-06-01 00:00:00-04:00,20.190000534057617,20.489999771118164,19.520000457763672,20.079999923706055,861000,0.0,0.0
2022-06-02 00:00:00-04:00,20.3799991607666,21.479999542236328,20.270000457763672,21.329999923706055,1008000,0.0,0.0
2022-06-03 00:00:00-04:00,20.899999618530273,21.21500015258789,20.6200008392334,20.780000686645508,910900,0.0,0.0
2022-06-06 00:00:00-04:00,21.06999969482422,21.530000686645508,20.729999542236328,21.399999618530273,931100,0.0,0.0
2022-06-07 00:00:00-04:00,21.100000381469727,21.760000228881836,20.885000228881836,21.540000915527344,720500,0.0,0.0
2022-06-08 00:00:00-04:00,21.190000534057617,21.68000030517578,21.040000915527344,21.290000915527344,688300,0.0,0.0
2022-06-09 00:00:00-04:00,21.030000686645508,21.209999084472656,20.6299991607666,20.75,650300,0.0,0.0
2022-06-10 00:00:00-04:00,20.299999237060547,20.68000030517578,19.850000381469727,19.989999771118164,630100,0.0,0.0
2022-06-13 00:00:00-04:00,19.100000381469727,19.469999313354492,18.48200035095215,18.709999084472656,830700,0.0,0.0
2022-06-14 00:00:00-04:00,18.940000534057617,19.239999771118164,18.475000381469727,18.68000030517578,639100,0.0,0.0
2022-06-15 00:00:00-04:00,18.979999542236328,19.149999618530273,18.450000762939453,18.889999389648438,622500,0.0,0.0
2022-06-16 00:00:00-04:00,18.290000915527344,18.3799991607666,17.761999130249023,17.850000381469727,843700,0.0,0.0
2022-06-17 00:00:00-04:00,17.950000762939453,18.6200008392334,17.81999969482422,18.399999618530273,544800,0.0,0.0
2022-06-21 00:00:00-04:00,18.8700008392334,19.200000762939453,18.606000900268555,18.799999237060547,1024500,0.0,0.0
2022-06-22 00:00:00-04:00,18.3700008392334,18.93899917602539,18.32699966430664,18.709999084472656,734000,0.0,0.0
2022-06-23 00:00:00-04:00,18.860000610351562,19.299999237060547,18.459999084472656,19.110000610351562,564300,0.0,0.0
2022-06-24 00:00:00-04:00,19.420000076293945,20.049999237060547,19.360000610351562,19.850000381469727,662100,0.0,0.0
2022-06-27 00:00:00-04:00,19.8799991607666,20.139999389648438,19.309999465942383,19.65999984741211,654200,0.0,0.0
2022-06-28 00:00:00-04:00,19.780000686645508,20.15999984741211,19.100000381469727,19.1200008392334,941300,0.0,0.0
2022-06-29 00:00:00-04:00,19.010000228881836,19.15999984741211,18.440000534057617,18.68000030517578,608800,0.0,0.0
2022-06-30 00:00:00-04:00,18.40999984741211,18.469999313354492,17.700000762939453,18.010000228881836,923700,0.0,0.0
2022-07-01 00:00:00-04:00,18.079999923706055,18.149999618530273,17.350000381469727,17.6299991607666,722600,0.0,0.0
2022-07-05 00:00:00-04:00,17.299999237060547,18.024999618530273,17.06999969482422,17.959999084472656,1503100,0.0,0.0
2022-07-06 00:00:00-04:00,18.06999969482422,18.260000228881836,17.260000228881836,17.479999542236328,776900,0.0,0.0
2022-07-07 00:00:00-04:00,17.770000457763672,18.524999618530273,17.739999771118164,18.510000228881836,794000,0.0,0.0
2022-07-08 00:00:00-04:00,18.40999984741211,18.53499984741211,17.850000381469727,18.290000915527344,465800,0.0,0.0
2022-07-11 00:00:00-04:00,17.950000762939453,18.09000015258789,17.354999542236328,17.389999389648438,505300,0.0,0.0
2022-07-12 00:00:00-04:00,17.280000686645508,17.924999237060547,17.239999771118164,17.670000076293945,438000,0.0,0.0
2022-07-13 00:00:00-04:00,17.299999237060547,17.899999618530273,17.18000030517578,17.549999237060547,551100,0.0,0.0
2022-07-14 00:00:00-04:00,17.18000030517578,17.3700008392334,16.850000381469727,17.049999237060547,560600,0.0,0.0
2022-07-15 00:00:00-04:00,17.34000015258789,17.6299991607666,16.649999618530273,17.6299991607666,1032200,0.0,0.0
2022-07-18 00:00:00-04:00,17.889999389648438,18.889999389648438,17.889999389648438,18.469999313354492,2330800,0.0,0.0
2022-07-19 00:00:00-04:00,18.68000030517578,19.21500015258789,18.489999771118164,19.139999389648438,742300,0.0,0.0
2022-07-20 00:00:00-04:00,19.059999465942383,19.643999099731445,18.969999313354492,19.350000381469727,1110200,0.0,0.0
2022-07-21 00:00:00-04:00,19.170000076293945,19.55500030517578,18.899999618530273,19.540000915527344,983300,0.0,0.0
2022-07-22 00:00:00-04:00,19.600000381469727,19.93000030517578,18.93000030517578,19.18000030517578,662400,0.0,0.0
2022-07-25 00:00:00-04:00,19.239999771118164,19.239999771118164,18.760000228881836,18.959999084472656,489100,0.0,0.0
2022-07-26 00:00:00-04:00,18.479999542236328,18.524999618530273,17.559999465942383,17.600000381469727,1099800,0.0,0.0
2022-07-27 00:00:00-04:00,17.829999923706055,18.18000030517578,17.59000015258789,18.149999618530273,783800,0.0,0.0
2022-07-28 00:00:00-04:00,18.200000762939453,18.8700008392334,17.690000534057617,18.860000610351562,794700,0.0,0.0
2022-07-29 00:00:00-04:00,18.969999313354492,19.639999389648438,18.670000076293945,19.579999923706055,914400,0.0,0.0
2022-08-01 00:00:00-04:00,19.489999771118164,19.8700008392334,19.079999923706055,19.440000534057617,608200,0.0,0.0
2022-08-02 00:00:00-04:00,19.270000457763672,19.635000228881836,19.170000076293945,19.43000030517578,519800,0.0,0.0
2022-08-03 00:00:00-04:00,19.739999771118164,20.34000015258789,19.670000076293945,20.079999923706055,671600,0.0,0.0
2022-08-04 00:00:00-04:00,20.030000686645508,20.530000686645508,20.010000228881836,20.110000610351562,1051700,0.0,0.0
2022-08-05 00:00:00-04:00,19.670000076293945,20.34000015258789,19.649999618530273,20.049999237060547,509600,0.0,0.0
2022-08-08 00:00:00-04:00,20.280000686645508,21.760000228881836,20.239999771118164,21.450000762939453,1765300,0.0,0.0
2022-08-09 00:00:00-04:00,21.149999618530273,21.260000228881836,20.299999237060547,20.459999084472656,829400,0.0,0.0
2022-08-10 00:00:00-04:00,21.100000381469727,21.700000762939453,20.780000686645508,21.68000030517578,1181100,0.0,0.0
2022-08-11 00:00:00-04:00,23.969999313354492,24.34000015258789,21.639999389648438,22.06999969482422,3649600,0.0,0.0
2022-08-12 00:00:00-04:00,22.209999084472656,22.81999969482422,22.049999237060547,22.719999313354492,1397900,0.0,0.0
2022-08-15 00:00:00-04:00,22.459999084472656,22.600000381469727,21.80500030517578,21.860000610351562,1329400,0.0,0.0
2022-08-16 00:00:00-04:00,21.670000076293945,21.861000061035156,21.1299991607666,21.690000534057617,991600,0.0,0.0
2022-08-17 00:00:00-04:00,21.190000534057617,21.3700008392334,20.43000030517578,20.709999084472656,1151900,0.0,0.0
2022-08-18 00:00:00-04:00,20.68000030517578,21.045000076293945,20.3799991607666,20.940000534057617,1000300,0.0,0.0
2022-08-19 00:00:00-04:00,20.56999969482422,20.719999313354492,19.729999542236328,19.770000457763672,722300,0.0,0.0
2022-08-22 00:00:00-04:00,19.270000457763672,19.34000015258789,18.80500030517578,19.100000381469727,986000,0.0,0.0
2022-08-23 00:00:00-04:00,19.209999084472656,19.479999542236328,19.040000915527344,19.139999389648438,660600,0.0,0.0
2022-08-24 00:00:00-04:00,19.09000015258789,19.774999618530273,18.829999923706055,19.270000457763672,613200,0.0,0.0
2022-08-25 00:00:00-04:00,19.270000457763672,19.719999313354492,19.270000457763672,19.510000228881836,461100,0.0,0.0
2022-08-26 00:00:00-04:00,19.59000015258789,19.610000610351562,18.389999389648438,18.559999465942383,893200,0.0,0.0
2022-08-29 00:00:00-04:00,18.280000686645508,18.690000534057617,18.1299991607666,18.34000015258789,570200,0.0,0.0
2022-08-30 00:00:00-04:00,18.469999313354492,18.809999465942383,18.15999984741211,18.40999984741211,653000,0.0,0.0
2022-08-31 00:00:00-04:00,18.600000381469727,18.740999221801758,17.979999542236328,18.010000228881836,637200,0.0,0.0
2022-09-01 00:00:00-04:00,17.790000915527344,17.8799991607666,17.229999542236328,17.860000610351562,805000,0.0,0.0
2022-09-02 00:00:00-04:00,18.270000457763672,18.270000457763672,17.610000610351562,17.729999542236328,626300,0.0,0.0
2022-09-06 00:00:00-04:00,17.780000686645508,17.8700008392334,17.190000534057617,17.479999542236328,716500,0.0,0.0
2022-09-07 00:00:00-04:00,17.479999542236328,18.93000030517578,17.43000030517578,18.770000457763672,1502400,0.0,0.0
2022-09-08 00:00:00-04:00,18.600000381469727,18.6200008392334,18.030000686645508,18.239999771118164,1352400,0.0,0.0
2022-09-09 00:00:00-04:00,18.790000915527344,19.6299991607666,18.790000915527344,19.09000015258789,2405000,0.0,0.0
2022-09-12 00:00:00-04:00,19.420000076293945,20.049999237060547,19.299999237060547,19.989999771118164,1231600,0.0,0.0
2022-09-13 00:00:00-04:00,19.010000228881836,19.360000610351562,18.28499984741211,18.34000015258789,1488800,0.0,0.0
2022-09-14 00:00:00-04:00,18.440000534057617,18.670000076293945,17.93000030517578,18.3799991607666,1127400,0.0,0.0
2022-09-15 00:00:00-04:00,18.149999618530273,18.6200008392334,17.7450008392334,17.889999389648438,1495300,0.0,0.0
2022-09-16 00:00:00-04:00,17.5,17.55500030517578,16.920000076293945,17.239999771118164,1563300,0.0,0.0
2022-09-19 00:00:00-04:00,16.950000762939453,17.795000076293945,16.770000457763672,17.639999389648438,1650400,0.0,0.0
2022-09-20 00:00:00-04:00,17.5,18.229999542236328,17.3799991607666,17.610000610351562,1968800,0.0,0.0
2022-09-21 00:00:00-04:00,17.68000030517578,18.270000457763672,17.389999389648438,17.670000076293945,2037800,0.0,0.0
2022-09-22 00:00:00-04:00,17.690000534057617,17.690000534057617,17.030000686645508,17.18000030517578,1563300,0.0,0.0
2022-09-23 00:00:00-04:00,16.799999237060547,16.8700008392334,16.219999313354492,16.579999923706055,1488700,0.0,0.0
2022-09-26 00:00:00-04:00,16.3799991607666,17.079999923706055,16.1299991607666,16.139999389648438,1119500,0.0,0.0
2022-09-27 00:00:00-04:00,16.420000076293945,16.760000228881836,16.010000228881836,16.559999465942383,1476600,0.0,0.0
2022-09-28 00:00:00-04:00,16.610000610351562,17.030000686645508,16.530000686645508,16.8799991607666,1275100,0.0,0.0
2022-09-29 00:00:00-04:00,16.600000381469727,16.639999389648438,15.6899995803833,16.030000686645508,2113300,0.0,0.0
2022-09-30 00:00:00-04:00,15.649999618530273,15.869999885559082,15.079999923706055,15.239999771118164,1869500,0.0,0.0
2022-10-03 00:00:00-04:00,15.489999771118164,16.090999603271484,15.229999542236328,16.010000228881836,1352400,0.0,0.0
2022-10-04 00:00:00-04:00,16.479999542236328,17.06999969482422,16.450000762939453,16.90999984741211,2618400,0.0,0.0
2022-10-05 00:00:00-04:00,16.520000457763672,17.420000076293945,16.459999084472656,17.329999923706055,2086800,0.0,0.0
2022-10-06 00:00:00-04:00,17.229999542236328,17.725000381469727,17.139999389648438,17.559999465942383,2461200,0.0,0.0
2022-10-07 00:00:00-04:00,17.139999389648438,17.25,16.700000762939453,16.920000076293945,1860900,0.0,0.0
2022-10-10 00:00:00-04:00,16.989999771118164,17.0,16.350000381469727,16.6200008392334,876200,0.0,0.0
2022-10-11 00:00:00-04:00,16.579999923706055,17.0,16.040000915527344,16.420000076293945,1000600,0.0,0.0
2022-10-12 00:00:00-04:00,16.450000762939453,16.540000915527344,16.1200008392334,16.450000762939453,1476300,0.0,0.0
2022-10-13 00:00:00-04:00,15.760000228881836,16.850000381469727,15.430000305175781,16.56999969482422,919200,0.0,0.0
2022-10-14 00:00:00-04:00,16.899999618530273,17.049999237060547,16.219999313354492,16.34000015258789,846400,0.0,0.0
2022-10-17 00:00:00-04:00,16.78499984741211,17.520000457763672,16.770000457763672,17.440000534057617,1237800,0.0,0.0
2022-10-18 00:00:00-04:00,17.860000610351562,18.239999771118164,17.360000610351562,17.59000015258789,1362500,0.0,0.0
2022-10-19 00:00:00-04:00,17.459999084472656,17.739999771118164,17.135000228881836,17.3700008392334,1619300,0.0,0.0
2022-10-20 00:00:00-04:00,17.479999542236328,17.90999984741211,17.34000015258789,17.489999771118164,1271500,0.0,0.0
2022-10-21 00:00:00-04:00,17.389999389648438,17.989999771118164,17.389999389648438,17.889999389648438,1173100,0.0,0.0
2022-10-24 00:00:00-04:00,17.770000457763672,18.010000228881836,17.010000228881836,17.040000915527344,1905700,0.0,0.0
2022-10-25 00:00:00-04:00,17.079999923706055,18.1200008392334,17.040000915527344,17.950000762939453,1584200,0.0,0.0
2022-10-26 00:00:00-04:00,17.68000030517578,18.190000534057617,17.559999465942383,17.56999969482422,1577700,0.0,0.0
2022-10-27 00:00:00-04:00,17.68000030517578,17.875,16.690000534057617,16.790000915527344,1874100,0.0,0.0
2022-10-28 00:00:00-04:00,16.780000686645508,17.420000076293945,16.53499984741211,17.399999618530273,1423700,0.0,0.0
2022-10-31 00:00:00-04:00,17.020000457763672,17.229999542236328,16.31999969482422,16.360000610351562,1975000,0.0,0.0
2022-11-01 00:00:00-04:00,16.760000228881836,16.90999984741211,16.25,16.399999618530273,2871600,0.0,0.0
2022-11-02 00:00:00-04:00,15.390000343322754,16.350000381469727,14.75,14.859999656677246,7381200,0.0,0.0
2022-11-03 00:00:00-04:00,14.770000457763672,15.539999961853027,14.510000228881836,15.300000190734863,2461700,0.0,0.0
2022-11-04 00:00:00-04:00,15.770000457763672,16.540000915527344,15.609999656677246,16.040000915527344,2136300,0.0,0.0
2022-11-07 00:00:00-05:00,16.190000534057617,16.575000762939453,15.880000114440918,16.43000030517578,1974400,0.0,0.0
2022-11-08 00:00:00-05:00,16.549999237060547,16.920000076293945,16.219999313354492,16.649999618530273,1371100,0.0,0.0
2022-11-09 00:00:00-05:00,16.40999984741211,16.459999084472656,16.06999969482422,16.200000762939453,1276500,0.0,0.0
2022-11-10 00:00:00-05:00,17.079999923706055,17.360000610351562,16.8799991607666,17.34000015258789,1556200,0.0,0.0
2022-11-11 00:00:00-05:00,17.489999771118164,19.014999389648438,17.469999313354492,18.860000610351562,2243900,0.0,0.0
2022-11-14 00:00:00-05:00,18.6200008392334,18.760000228881836,18.06999969482422,18.31999969482422,1471500,0.0,0.0
2022-11-15 00:00:00-05:00,19.350000381469727,19.479999542236328,18.530000686645508,18.889999389648438,1632100,0.0,0.0
2022-11-16 00:00:00-05:00,18.510000228881836,18.65999984741211,18.190000534057617,18.40999984741211,1152600,0.0,0.0
2022-11-17 00:00:00-05:00,17.860000610351562,18.18000030517578,17.649999618530273,17.860000610351562,1398500,0.0,0.0
2022-11-18 00:00:00-05:00,18.3799991607666,18.40999984741211,17.760000228881836,18.110000610351562,1446400,0.0,0.0
2022-11-21 00:00:00-05:00,18.0,18.0,17.18000030517578,17.459999084472656,1372200,0.0,0.0
2022-11-22 00:00:00-05:00,17.59000015258789,17.959999084472656,17.25,17.940000534057617,1037500,0.0,0.0
2022-11-23 00:00:00-05:00,17.940000534057617,18.1299991607666,17.797000885009766,17.920000076293945,1215200,0.0,0.0
2022-11-25 00:00:00-05:00,17.8799991607666,18.3799991607666,17.844999313354492,18.329999923706055,458200,0.0,0.0
2022-11-28 00:00:00-05:00,17.860000610351562,18.020000457763672,17.225000381469727,17.260000228881836,1530800,0.0,0.0
2022-11-29 00:00:00-05:00,17.309999465942383,17.989999771118164,17.229999542236328,17.75,2543000,0.0,0.0
2022-11-30 00:00:00-05:00,17.950000762939453,18.81999969482422,17.75,18.760000228881836,1335300,0.0,0.0
2022-12-01 00:00:00-05:00,18.790000915527344,19.09000015258789,18.579999923706055,18.709999084472656,895900,0.0,0.0
2022-12-02 00:00:00-05:00,18.25,19.15999984741211,18.09000015258789,19.149999618530273,1037800,0.0,0.0
2022-12-05 00:00:00-05:00,19.049999237060547,19.1200008392334,18.190000534057617,18.219999313354492,1707200,0.0,0.0
2022-12-06 00:00:00-05:00,18.31999969482422,18.358999252319336,17.75,18.100000381469727,878600,0.0,0.0
2022-12-07 00:00:00-05:00,17.959999084472656,18.100000381469727,17.770000457763672,17.889999389648438,959500,0.0,0.0
2022-12-08 00:00:00-05:00,18.040000915527344,18.8799991607666,17.899999618530273,18.75,1112100,0.0,0.0
2022-12-09 00:00:00-05:00,18.489999771118164,18.899999618530273,18.299999237060547,18.420000076293945,1049000,0.0,0.0
2022-12-12 00:00:00-05:00,18.270000457763672,18.530000686645508,17.959999084472656,18.520000457763672,1051900,0.0,0.0
2022-12-13 00:00:00-05:00,19.260000228881836,19.820999145507812,18.549999237060547,18.739999771118164,1389700,0.0,0.0
2022-12-14 00:00:00-05:00,18.690000534057617,19.600000381469727,18.65999984741211,19.389999389648438,1454600,0.0,0.0
2022-12-15 00:00:00-05:00,18.8799991607666,19.09000015258789,18.354999542236328,18.450000762939453,1138100,0.0,0.0
2022-12-16 00:00:00-05:00,18.139999389648438,18.8700008392334,18.1200008392334,18.350000381469727,1176000,0.0,0.0
2022-12-19 00:00:00-05:00,18.350000381469727,18.3799991607666,17.729999542236328,17.850000381469727,1005700,0.0,0.0
2022-12-20 00:00:00-05:00,17.770000457763672,18.18000030517578,17.700000762939453,17.93000030517578,821900,0.0,0.0
2022-12-21 00:00:00-05:00,18.219999313354492,18.551000595092773,18.030000686645508,18.290000915527344,1141500,0.0,0.0
2022-12-22 00:00:00-05:00,18.0,18.020000457763672,17.489999771118164,17.989999771118164,997000,0.0,0.0
2022-12-23 00:00:00-05:00,17.8700008392334,17.989999771118164,17.079999923706055,17.299999237060547,1274100,0.0,0.0
2022-12-27 00:00:00-05:00,17.200000762939453,17.450000762939453,16.989999771118164,17.239999771118164,1274400,0.0,0.0
2022-12-28 00:00:00-05:00,17.09000015258789,17.469999313354492,16.770000457763672,16.799999237060547,977300,0.0,0.0
2022-12-29 00:00:00-05:00,16.989999771118164,17.84000015258789,16.8799991607666,17.59000015258789,1589300,0.0,0.0
2022-12-30 00:00:00-05:00,17.31999969482422,17.8700008392334,17.229999542236328,17.809999465942383,976500,0.0,0.0
2023-01-03 00:00:00-05:00,18.09000015258789,18.399999618530273,17.530000686645508,17.68000030517578,1125900,0.0,0.0
2023-01-04 00:00:00-05:00,18.049999237060547,18.7450008392334,17.844999313354492,18.540000915527344,1475400,0.0,0.0
2023-01-05 00:00:00-05:00,18.459999084472656,19.299999237060547,18.31999969482422,18.950000762939453,2831100,0.0,0.0
2023-01-06 00:00:00-05:00,19.020000457763672,19.594999313354492,18.684999465942383,19.479999542236328,1657600,0.0,0.0
2023-01-09 00:00:00-05:00,19.600000381469727,20.700000762939453,19.520000457763672,20.450000762939453,2539500,0.0,0.0
2023-01-10 00:00:00-05:00,20.399999618530273,21.325000762939453,20.165000915527344,21.209999084472656,1990600,0.0,0.0
2023-01-11 00:00:00-05:00,21.209999084472656,22.315000534057617,20.969999313354492,21.860000610351562,3239000,0.0,0.0
2023-01-12 00:00:00-05:00,21.93000030517578,22.3700008392334,21.43000030517578,22.31999969482422,2580500,0.0,0.0
2023-01-13 00:00:00-05:00,21.850000381469727,22.334999084472656,21.469999313354492,22.209999084472656,1914900,0.0,0.0
2023-01-17 00:00:00-05:00,22.219999313354492,22.395000457763672,21.719999313354492,22.010000228881836,1088900,0.0,0.0
2023-01-18 00:00:00-05:00,22.200000762939453,22.68000030517578,21.290000915527344,21.309999465942383,2795300,0.0,0.0
2023-01-19 00:00:00-05:00,20.81999969482422,21.209999084472656,20.489999771118164,20.520000457763672,2886100,0.0,0.0
2023-01-20 00:00:00-05:00,20.639999389648438,21.139999389648438,20.06999969482422,21.139999389648438,2973300,0.0,0.0
2023-01-23 00:00:00-05:00,21.190000534057617,21.860000610351562,20.8700008392334,21.829999923706055,2237900,0.0,0.0
2023-01-24 00:00:00-05:00,21.530000686645508,21.719999313354492,21.110000610351562,21.5,3135500,0.0,0.0
2023-01-25 00:00:00-05:00,21.270000457763672,22.325000762939453,21.049999237060547,22.270000457763672,2552900,0.0,0.0
2023-01-26 00:00:00-05:00,22.5,22.954999923706055,21.735000610351562,22.190000534057617,2881100,0.0,0.0
2023-01-27 00:00:00-05:00,22.149999618530273,22.985000610351562,22.040000915527344,22.850000381469727,2087900,0.0,0.0
2023-01-30 00:00:00-05:00,22.440000534057617,23.299999237060547,22.440000534057617,23.06999969482422,2364900,0.0,0.0
2023-01-31 00:00:00-05:00,23.200000762939453,24.239999771118164,23.0,24.190000534057617,2999100,0.0,0.0
2023-02-01 00:00:00-05:00,24.229999542236328,24.729999542236328,23.049999237060547,24.649999618530273,3820300,0.0,0.0
2023-02-02 00:00:00-05:00,23.100000381469727,23.440000534057617,18.649999618530273,18.809999465942383,15767600,0.0,0.0
2023-02-03 00:00:00-05:00,18.850000381469727,21.690000534057617,18.405000686645508,21.389999389648438,9527700,0.0,0.0
2023-02-06 00:00:00-05:00,20.950000762939453,21.489999771118164,20.719999313354492,20.989999771118164,4002100,0.0,0.0
2023-02-07 00:00:00-05:00,21.670000076293945,21.899999618530273,20.040000915527344,21.350000381469727,5306100,0.0,0.0
2023-02-08 00:00:00-05:00,20.950000762939453,21.09000015258789,20.0,20.31999969482422,4063600,0.0,0.0
2023-02-09 00:00:00-05:00,20.690000534057617,20.850000381469727,19.520000457763672,19.579999923706055,3183600,0.0,0.0
2023-02-10 00:00:00-05:00,19.440000534057617,19.719999313354492,19.149999618530273,19.479999542236328,1945300,0.0,0.0
2023-02-13 00:00:00-05:00,19.6299991607666,20.190000534057617,19.5,19.850000381469727,1374600,0.0,0.0
2023-02-14 00:00:00-05:00,19.450000762939453,20.1200008392334,19.299999237060547,20.030000686645508,1201700,0.0,0.0
2023-02-15 00:00:00-05:00,19.850000381469727,20.360000610351562,19.799999237060547,20.350000381469727,1653600,0.0,0.0
2023-02-16 00:00:00-05:00,20.040000915527344,20.59000015258789,19.8799991607666,19.959999084472656,1531300,0.0,0.0
2023-02-17 00:00:00-05:00,19.420000076293945,20.21500015258789,19.30500030517578,20.110000610351562,2502000,0.0,0.0
2023-02-21 00:00:00-05:00,19.510000228881836,19.84000015258789,18.809999465942383,18.8700008392334,1899900,0.0,0.0
2023-02-22 00:00:00-05:00,18.8700008392334,19.040000915527344,18.540000915527344,18.81999969482422,1271900,0.0,0.0
2023-02-23 00:00:00-05:00,18.93000030517578,19.010000228881836,18.100000381469727,18.43000030517578,1291100,0.0,0.0
2023-02-24 00:00:00-05:00,18.010000228881836,18.655000686645508,17.889999389648438,18.299999237060547,1237800,0.0,0.0
2023-02-27 00:00:00-05:00,18.489999771118164,18.649999618530273,18.299999237060547,18.530000686645508,939500,0.0,0.0
2023-02-28 00:00:00-05:00,18.600000381469727,18.989999771118164,18.510000228881836,18.809999465942383,672600,0.0,0.0
2023-03-01 00:00:00-05:00,18.81999969482422,19.15999984741211,18.639999389648438,18.829999923706055,1071500,0.0,0.0
2023-03-02 00:00:00-05:00,18.579999923706055,19.020000457763672,18.520000457763672,19.020000457763672,546300,0.0,0.0
2023-03-03 00:00:00-05:00,19.170000076293945,19.420000076293945,18.989999771118164,19.40999984741211,734800,0.0,0.0
2023-03-06 00:00:00-05:00,19.5,19.59000015258789,18.959999084472656,19.15999984741211,1387200,0.0,0.0
2023-03-07 00:00:00-05:00,19.200000762939453,19.34000015258789,18.75,18.81999969482422,1060700,0.0,0.0
2023-03-08 00:00:00-05:00,18.709999084472656,18.790000915527344,18.510000228881836,18.709999084472656,824400,0.0,0.0
2023-03-09 00:00:00-05:00,18.670000076293945,18.809999465942383,17.90999984741211,17.989999771118164,1316700,0.0,0.0
2023-03-10 00:00:00-05:00,17.93000030517578,18.0,17.270000457763672,17.420000076293945,1729000,0.0,0.0
2023-03-13 00:00:00-04:00,17.110000610351562,17.709999084472656,16.979999542236328,17.389999389648438,1439300,0.0,0.0
2023-03-14 00:00:00-04:00,17.899999618530273,18.270000457763672,17.670000076293945,17.889999389648438,1513000,0.0,0.0
2023-03-15 00:00:00-04:00,17.34000015258789,17.69499969482422,17.219999313354492,17.600000381469727,1305500,0.0,0.0
2023-03-16 00:00:00-04:00,17.440000534057617,18.440000534057617,17.290000915527344,18.43000030517578,1657000,0.0,0.0
2023-03-17 00:00:00-04:00,18.299999237060547,18.43000030517578,17.895000457763672,18.190000534057617,1178900,0.0,0.0
2023-03-20 00:00:00-04:00,18.31999969482422,18.510000228881836,17.864999771118164,18.09000015258789,1286400,0.0,0.0
2023-03-21 00:00:00-04:00,18.399999618530273,18.969999313354492,18.3799991607666,18.649999618530273,1421700,0.0,0.0
2023-03-22 00:00:00-04:00,18.75,19.0,18.18000030517578,18.190000534057617,1465100,0.0,0.0
2023-03-23 00:00:00-04:00,18.399999618530273,18.719999313354492,17.75,18.1200008392334,1764200,0.0,0.0
2023-03-24 00:00:00-04:00,17.920000076293945,18.09000015258789,17.719999313354492,17.760000228881836,1050500,0.0,0.0
2023-03-27 00:00:00-04:00,17.959999084472656,18.229999542236328,17.65999984741211,18.030000686645508,2353800,0.0,0.0
2023-03-28 00:00:00-04:00,18.100000381469727,18.354999542236328,17.899999618530273,18.020000457763672,2083600,0.0,0.0
2023-03-29 00:00:00-04:00,18.209999084472656,18.25,17.795000076293945,18.040000915527344,1787300,0.0,0.0
2023-03-30 00:00:00-04:00,18.25,18.760000228881836,18.209999084472656,18.280000686645508,1313600,0.0,0.0
2023-03-31 00:00:00-04:00,18.350000381469727,19.25,18.299999237060547,19.25,1187200,0.0,0.0
2023-04-03 00:00:00-04:00,19.200000762939453,19.225000381469727,18.700000762939453,19.0,922000,0.0,0.0
2023-04-04 00:00:00-04:00,19.110000610351562,19.219999313354492,18.579999923706055,18.889999389648438,569300,0.0,0.0
2023-04-05 00:00:00-04:00,18.65999984741211,18.719999313354492,18.350000381469727,18.440000534057617,592500,0.0,0.0
2023-04-06 00:00:00-04:00,18.350000381469727,18.350000381469727,17.969999313354492,18.219999313354492,594900,0.0,0.0
2023-04-10 00:00:00-04:00,18.049999237060547,18.40999984741211,18.0,18.34000015258789,911000,0.0,0.0
2023-04-11 00:00:00-04:00,18.440000534057617,18.69499969482422,18.440000534057617,18.610000610351562,728400,0.0,0.0
2023-04-12 00:00:00-04:00,18.770000457763672,18.850000381469727,18.229999542236328,18.25,580400,0.0,0.0
2023-04-13 00:00:00-04:00,18.40999984741211,18.760000228881836,18.40999984741211,18.639999389648438,794500,0.0,0.0
2023-04-14 00:00:00-04:00,18.729999542236328,18.9950008392334,18.350000381469727,18.510000228881836,456900,0.0,0.0
2023-04-17 00:00:00-04:00,18.510000228881836,18.610000610351562,18.399999618530273,18.520000457763672,506700,0.0,0.0
2023-04-18 00:00:00-04:00,18.65999984741211,18.725000381469727,18.405000686645508,18.65999984741211,425800,0.0,0.0
2023-04-19 00:00:00-04:00,18.469999313354492,18.635000228881836,18.395000457763672,18.530000686645508,504800,0.0,0.0
2023-04-20 00:00:00-04:00,18.3700008392334,18.770000457763672,18.329999923706055,18.479999542236328,942500,0.0,0.0
2023-04-21 00:00:00-04:00,18.600000381469727,19.149999618530273,18.46500015258789,19.139999389648438,1025100,0.0,0.0
2023-04-24 00:00:00-04:00,19.15999984741211,19.780000686645508,19.079999923706055,19.75,1032300,0.0,0.0
2023-04-25 00:00:00-04:00,19.559999465942383,19.670000076293945,18.959999084472656,18.959999084472656,1105300,0.0,0.0
2023-04-26 00:00:00-04:00,19.040000915527344,19.18000030517578,18.729999542236328,18.90999984741211,778800,0.0,0.0
2023-04-27 00:00:00-04:00,19.040000915527344,19.344999313354492,18.799999237060547,19.309999465942383,1026300,0.0,0.0
2023-04-28 00:00:00-04:00,19.239999771118164,19.6299991607666,19.198999404907227,19.6200008392334,965900,0.0,0.0
2023-05-01 00:00:00-04:00,19.639999389648438,19.899999618530273,19.514999389648438,19.790000915527344,920200,0.0,0.0
2023-05-02 00:00:00-04:00,18.959999084472656,19.290000915527344,18.459999084472656,18.899999618530273,1805200,0.0,0.0
2023-05-03 00:00:00-04:00,18.84000015258789,19.489999771118164,18.84000015258789,19.170000076293945,887100,0.0,0.0
2023-05-04 00:00:00-04:00,19.079999923706055,19.40999984741211,18.979999542236328,19.170000076293945,812300,0.0,0.0
2023-05-05 00:00:00-04:00,19.520000457763672,20.399999618530273,19.520000457763672,20.31999969482422,1322600,0.0,0.0
2023-05-08 00:00:00-04:00,20.459999084472656,20.809999465942383,20.31999969482422,20.559999465942383,938600,0.0,0.0
2023-05-09 00:00:00-04:00,20.360000610351562,20.795000076293945,20.190000534057617,20.729999542236328,957200,0.0,0.0
2023-05-10 00:00:00-04:00,20.989999771118164,21.059999465942383,20.450000762939453,20.649999618530273,1609000,0.0,0.0
2023-05-11 00:00:00-04:00,20.649999618530273,20.829999923706055,20.059999465942383,20.31999969482422,746400,0.0,0.0
2023-05-12 00:00:00-04:00,20.350000381469727,20.454999923706055,20.030000686645508,20.239999771118164,856700,0.0,0.0
2023-05-15 00:00:00-04:00,20.350000381469727,20.969999313354492,20.28499984741211,20.75,2021400,0.0,0.0
2023-05-16 00:00:00-04:00,20.600000381469727,20.600000381469727,19.920000076293945,20.040000915527344,1408100,0.0,0.0
2023-05-17 00:00:00-04:00,20.06999969482422,20.6299991607666,19.8700008392334,20.440000534057617,2936300,0.0,0.0
2023-05-18 00:00:00-04:00,22.549999237060547,22.649999618530273,17.510000228881836,18.299999237060547,12549200,0.0,0.0
2023-05-19 00:00:00-04:00,18.020000457763672,18.270000457763672,16.875,17.0,4629000,0.0,0.0
2023-05-22 00:00:00-04:00,16.889999389648438,17.280000686645508,16.6200008392334,17.059999465942383,2163300,0.0,0.0
2023-05-23 00:00:00-04:00,16.920000076293945,17.23900032043457,16.450000762939453,16.540000915527344,1910800,0.0,0.0
2023-05-24 00:00:00-04:00,16.600000381469727,16.600000381469727,16.030000686645508,16.309999465942383,1578300,0.0,0.0
2023-05-25 00:00:00-04:00,16.239999771118164,16.489999771118164,16.045000076293945,16.149999618530273,1161400,0.0,0.0
2023-05-26 00:00:00-04:00,16.09000015258789,16.229999542236328,15.949999809265137,16.030000686645508,1383800,0.0,0.0
2023-05-30 00:00:00-04:00,16.459999084472656,16.520000457763672,15.90999984741211,16.049999237060547,2311700,0.0,0.0
2023-05-31 00:00:00-04:00,15.899999618530273,16.020000457763672,15.510000228881836,15.899999618530273,1465600,0.0,0.0
2023-06-01 00:00:00-04:00,15.890000343322754,15.904999732971191,15.4399995803833,15.699999809265137,1072100,0.0,0.0
2023-06-02 00:00:00-04:00,16.0,16.290000915527344,15.800000190734863,16.170000076293945,843200,0.0,0.0
2023-06-05 00:00:00-04:00,16.0,16.209999084472656,15.899999618530273,16.1200008392334,802700,0.0,0.0
2023-06-06 00:00:00-04:00,16.040000915527344,16.93000030517578,16.040000915527344,16.899999618530273,960600,0.0,0.0
2023-06-07 00:00:00-04:00,17.059999465942383,17.260000228881836,16.899999618530273,17.030000686645508,1290500,0.0,0.0
2023-06-08 00:00:00-04:00,16.989999771118164,17.06999969482422,16.479999542236328,16.549999237060547,702500,0.0,0.0
2023-06-09 00:00:00-04:00,16.549999237060547,16.739999771118164,16.364999771118164,16.420000076293945,709100,0.0,0.0
2023-06-12 00:00:00-04:00,16.479999542236328,16.770000457763672,16.399999618530273,16.59000015258789,902600,0.0,0.0
2023-06-13 00:00:00-04:00,16.729999542236328,16.729999542236328,16.485000610351562,16.559999465942383,697700,0.0,0.0
2023-06-14 00:00:00-04:00,16.719999313354492,17.0,16.6200008392334,16.8700008392334,685900,0.0,0.0
2023-06-15 00:00:00-04:00,16.739999771118164,16.950000762939453,16.645000457763672,16.940000534057617,592600,0.0,0.0
2023-06-16 00:00:00-04:00,17.100000381469727,17.18000030517578,16.93000030517578,17.1200008392334,821600,0.0,0.0
2023-06-20 00:00:00-04:00,17.020000457763672,17.09000015258789,16.600000381469727,16.790000915527344,817200,0.0,0.0
2023-06-21 00:00:00-04:00,16.799999237060547,16.829999923706055,16.229999542236328,16.239999771118164,806100,0.0,0.0
2023-06-22 00:00:00-04:00,16.149999618530273,16.350000381469727,15.920000076293945,16.260000228881836,692200,0.0,0.0
2023-06-23 00:00:00-04:00,15.949999809265137,16.030000686645508,15.789999961853027,15.859999656677246,678700,0.0,0.0
2023-06-26 00:00:00-04:00,15.84000015258789,16.219999313354492,15.84000015258789,15.9399995803833,827900,0.0,0.0
2023-06-27 00:00:00-04:00,16.079999923706055,16.31999969482422,15.78499984741211,16.270000457763672,976400,0.0,0.0
2023-06-28 00:00:00-04:00,16.190000534057617,16.43000030517578,16.020000457763672,16.420000076293945,831400,0.0,0.0
2023-06-29 00:00:00-04:00,16.450000762939453,16.860000610351562,16.329999923706055,16.850000381469727,994000,0.0,0.0
2023-06-30 00:00:00-04:00,16.989999771118164,17.850000381469727,16.90999984741211,17.799999237060547,1909200,0.0,0.0
2023-07-03 00:00:00-04:00,17.850000381469727,18.34000015258789,17.799999237060547,18.010000228881836,594600,0.0,0.0
2023-07-05 00:00:00-04:00,17.799999237060547,18.030000686645508,17.334999084472656,17.489999771118164,722900,0.0,0.0
2023-07-06 00:00:00-04:00,17.209999084472656,17.309999465942383,17.010000228881836,17.209999084472656,872600,0.0,0.0
2023-07-07 00:00:00-04:00,17.149999618530273,17.530000686645508,17.010000228881836,17.239999771118164,691100,0.0,0.0
2023-07-10 00:00:00-04:00,17.15999984741211,17.770000457763672,17.1200008392334,17.670000076293945,729000,0.0,0.0
2023-07-11 00:00:00-04:00,17.75,18.25,17.75,18.219999313354492,802900,0.0,0.0
2023-07-12 00:00:00-04:00,18.440000534057617,18.520000457763672,18.1200008392334,18.139999389648438,578800,0.0,0.0
2023-07-13 00:00:00-04:00,18.239999771118164,18.56999969482422,18.15999984741211,18.15999984741211,502700,0.0,0.0
2023-07-14 00:00:00-04:00,18.200000762939453,18.200000762939453,17.579999923706055,17.59000015258789,510100,0.0,0.0
2023-07-17 00:00:00-04:00,17.40999984741211,17.639999389648438,17.059999465942383,17.5,643000,0.0,0.0
2023-07-18 00:00:00-04:00,17.399999618530273,17.969999313354492,17.360000610351562,17.90999984741211,572200,0.0,0.0
2023-07-19 00:00:00-04:00,17.899999618530273,18.239999771118164,17.780000686645508,18.1200008392334,604500,0.0,0.0
2023-07-20 00:00:00-04:00,17.950000762939453,17.989999771118164,17.520000457763672,17.56999969482422,591900,0.0,0.0
2023-07-21 00:00:00-04:00,17.770000457763672,17.799999237060547,17.354999542236328,17.40999984741211,477000,0.0,0.0
2023-07-24 00:00:00-04:00,17.440000534057617,17.735000610351562,17.350000381469727,17.540000915527344,717200,0.0,0.0
2023-07-25 00:00:00-04:00,17.540000915527344,17.589000701904297,17.260000228881836,17.5,974000,0.0,0.0
2023-07-26 00:00:00-04:00,17.329999923706055,17.899999618530273,17.329999923706055,17.889999389648438,908900,0.0,0.0
2023-07-27 00:00:00-04:00,18.149999618530273,18.399999618530273,17.600000381469727,17.639999389648438,1010100,0.0,0.0
2023-07-28 00:00:00-04:00,17.850000381469727,18.299999237060547,17.84000015258789,18.219999313354492,843400,0.0,0.0
2023-07-31 00:00:00-04:00,18.299999237060547,18.6299991607666,18.104999542236328,18.239999771118164,759200,0.0,0.0
2023-08-01 00:00:00-04:00,18.079999923706055,18.149999618530273,17.790000915527344,17.809999465942383,677900,0.0,0.0
2023-08-02 00:00:00-04:00,17.479999542236328,17.530000686645508,16.940000534057617,17.1299991607666,1488000,0.0,0.0
2023-08-03 00:00:00-04:00,17.149999618530273,17.270000457763672,15.84000015258789,16.600000381469727,2466900,0.0,0.0
2023-08-04 00:00:00-04:00,16.829999923706055,17.31999969482422,16.54400062561035,16.709999084472656,1355300,0.0,0.0
2023-08-07 00:00:00-04:00,16.780000686645508,16.829999923706055,16.389999389648438,16.6299991607666,751900,0.0,0.0
2023-08-08 00:00:00-04:00,16.5,16.5,16.200000762939453,16.31999969482422,631100,0.0,0.0
2023-08-09 00:00:00-04:00,16.34000015258789,16.459999084472656,15.989999771118164,16.15999984741211,844100,0.0,0.0
2023-08-10 00:00:00-04:00,16.260000228881836,17.299999237060547,16.2450008392334,17.059999465942383,1348000,0.0,0.0
2023-08-11 00:00:00-04:00,16.920000076293945,17.200000762939453,16.735000610351562,16.770000457763672,675600,0.0,0.0
2023-08-14 00:00:00-04:00,16.6200008392334,16.65999984741211,16.1200008392334,16.18000030517578,726600,0.0,0.0
2023-08-15 00:00:00-04:00,16.0,16.049999237060547,15.694999694824219,15.699999809265137,943000,0.0,0.0
2023-08-16 00:00:00-04:00,15.680000305175781,15.739999771118164,15.399999618530273,15.449999809265137,770900,0.0,0.0
2023-08-17 00:00:00-04:00,15.550000190734863,15.600000381469727,15.229999542236328,15.329999923706055,525900,0.0,0.0
2023-08-18 00:00:00-04:00,15.220000267028809,15.475000381469727,15.052000045776367,15.369999885559082,905600,0.0,0.0
2023-08-21 00:00:00-04:00,15.5,15.630000114440918,15.350000381469727,15.579999923706055,618100,0.0,0.0
2023-08-22 00:00:00-04:00,15.539999961853027,15.670000076293945,15.25,15.369999885559082,394700,0.0,0.0
2023-08-23 00:00:00-04:00,15.199999809265137,15.729999542236328,15.079999923706055,15.5,517300,0.0,0.0
2023-08-24 00:00:00-04:00,15.5,15.550000190734863,15.119999885559082,15.130000114440918,537300,0.0,0.0
2023-08-25 00:00:00-04:00,15.25,15.329999923706055,15.0649995803833,15.180000305175781,526800,0.0,0.0
2023-08-28 00:00:00-04:00,15.3100004196167,15.569999694824219,15.25,15.529999732971191,600400,0.0,0.0
2023-08-29 00:00:00-04:00,15.510000228881836,15.890000343322754,15.5,15.770000457763672,468300,0.0,0.0
2023-08-30 00:00:00-04:00,15.760000228881836,15.899999618530273,15.5,15.789999961853027,667600,0.0,0.0
2023-08-31 00:00:00-04:00,15.880000114440918,15.949999809265137,15.59000015258789,15.729999542236328,419600,0.0,0.0
2023-09-01 00:00:00-04:00,15.850000381469727,16.559999465942383,15.850000381469727,16.260000228881836,1717900,0.0,0.0
2023-09-05 00:00:00-04:00,16.100000381469727,16.209999084472656,15.789999961853027,16.049999237060547,1037200,0.0,0.0
2023-09-06 00:00:00-04:00,15.989999771118164,16.139999389648438,15.475000381469727,15.520000457763672,629000,0.0,0.0
2023-09-07 00:00:00-04:00,15.65999984741211,15.65999984741211,15.149999618530273,15.279999732971191,665500,0.0,0.0
2023-09-08 00:00:00-04:00,15.300000190734863,15.399999618530273,15.140000343322754,15.359999656677246,365200,0.0,0.0
2023-09-11 00:00:00-04:00,15.460000038146973,15.5,15.09000015258789,15.09000015258789,857400,0.0,0.0
2023-09-12 00:00:00-04:00,15.039999961853027,15.3100004196167,14.890000343322754,15.09000015258789,804500,0.0,0.0
2023-09-13 00:00:00-04:00,15.0,15.289999961853027,14.949999809265137,15.170000076293945,441100,0.0,0.0
2023-09-14 00:00:00-04:00,15.270000457763672,15.619999885559082,15.270000457763672,15.529999732971191,461600,0.0,0.0
2023-09-15 00:00:00-04:00,15.420000076293945,15.835000038146973,15.40999984741211,15.789999961853027,685100,0.0,0.0
2023-09-18 00:00:00-04:00,15.739999771118164,15.885000228881836,15.619999885559082,15.84000015258789,1305800,0.0,0.0
2023-09-19 00:00:00-04:00,15.850000381469727,15.899999618530273,15.295000076293945,15.399999618530273,870700,0.0,0.0
2023-09-20 00:00:00-04:00,15.4399995803833,15.5,14.989999771118164,15.010000228881836,624000,0.0,0.0
2023-09-21 00:00:00-04:00,14.899999618530273,15.03499984741211,14.470000267028809,14.470000267028809,1224700,0.0,0.0
2023-09-22 00:00:00-04:00,14.539999961853027,14.619999885559082,14.180000305175781,14.449999809265137,938800,0.0,0.0
2023-09-25 00:00:00-04:00,14.34000015258789,15.03499984741211,14.331000328063965,14.970000267028809,1023900,0.0,0.0
2023-09-26 00:00:00-04:00,14.819999694824219,14.930000305175781,14.380000114440918,14.569999694824219,659000,0.0,0.0
2023-09-27 00:00:00-04:00,14.699999809265137,14.8149995803833,14.335000038146973,14.619999885559082,566000,0.0,0.0
2023-09-28 00:00:00-04:00,14.670000076293945,14.770000457763672,14.265000343322754,14.739999771118164,721900,0.0,0.0
2023-09-29 00:00:00-04:00,15.010000228881836,15.09000015258789,14.649999618530273,14.65999984741211,858400,0.0,0.0
2023-10-02 00:00:00-04:00,14.640000343322754,14.710000038146973,14.359999656677246,14.420000076293945,448800,0.0,0.0
2023-10-03 00:00:00-04:00,14.25,14.3100004196167,13.710000038146973,13.800000190734863,803600,0.0,0.0
2023-10-04 00:00:00-04:00,13.800000190734863,13.890000343322754,13.510000228881836,13.720000267028809,941600,0.0,0.0
2023-10-05 00:00:00-04:00,13.699999809265137,13.850000381469727,13.479999542236328,13.640000343322754,558800,0.0,0.0
2023-10-06 00:00:00-04:00,13.529999732971191,14.130000114440918,13.378000259399414,14.020000457763672,870100,0.0,0.0
2023-10-09 00:00:00-04:00,13.84000015258789,14.074999809265137,13.760000228881836,14.020000457763672,483700,0.0,0.0
2023-10-10 00:00:00-04:00,14.100000381469727,14.364999771118164,13.899999618530273,13.899999618530273,675300,0.0,0.0
2023-10-11 00:00:00-04:00,13.84000015258789,14.199999809265137,13.829999923706055,14.0600004196167,630200,0.0,0.0
2023-10-12 00:00:00-04:00,14.020000457763672,14.020000457763672,13.170000076293945,13.210000038146973,1546800,0.0,0.0
2023-10-13 00:00:00-04:00,13.1899995803833,13.289999961853027,12.760000228881836,12.920000076293945,1498400,0.0,0.0
2023-10-16 00:00:00-04:00,13.039999961853027,13.050000190734863,12.694999694824219,12.829999923706055,1158400,0.0,0.0
2023-10-17 00:00:00-04:00,12.699999809265137,13.390000343322754,12.680000305175781,13.350000381469727,1172200,0.0,0.0
2023-10-18 00:00:00-04:00,13.229999542236328,13.239999771118164,12.65999984741211,12.720000267028809,1253200,0.0,0.0
2023-10-19 00:00:00-04:00,11.989999771118164,12.359999656677246,11.479999542236328,12.15999984741211,4020900,0.0,0.0
2023-10-20 00:00:00-04:00,12.0600004196167,12.300000190734863,11.979999542236328,12.15999984741211,929800,0.0,0.0
2023-10-23 00:00:00-04:00,12.069999694824219,12.350000381469727,11.90999984741211,12.170000076293945,745700,0.0,0.0
2023-10-24 00:00:00-04:00,12.369999885559082,12.475000381469727,12.045000076293945,12.09000015258789,1230800,0.0,0.0
2023-10-25 00:00:00-04:00,11.949999809265137,12.15999984741211,11.904999732971191,12.010000228881836,1509300,0.0,0.0
2023-10-26 00:00:00-04:00,12.039999961853027,12.149999618530273,11.28499984741211,11.34000015258789,1738400,0.0,0.0
2023-10-27 00:00:00-04:00,11.529999732971191,11.53499984741211,11.199999809265137,11.319999694824219,1114800,0.0,0.0
2023-10-30 00:00:00-04:00,11.399999618530273,11.539999961853027,11.100000381469727,11.1899995803833,1962200,0.0,0.0
2023-10-31 00:00:00-04:00,11.119999885559082,11.220000267028809,10.869999885559082,11.100000381469727,2667700,0.0,0.0
2023-11-01 00:00:00-04:00,10.430000305175781,10.817999839782715,9.800000190734863,10.130000114440918,5178600,0.0,0.0
2023-11-02 00:00:00-04:00,10.319999694824219,10.4399995803833,10.145000457763672,10.270000457763672,2637900,0.0,0.0
2023-11-03 00:00:00-04:00,10.420000076293945,10.5649995803833,10.220000267028809,10.399999618530273,3446700,0.0,0.0
2023-11-06 00:00:00-05:00,10.5,10.520000457763672,10.069999694824219,10.109999656677246,2259800,0.0,0.0
2023-11-07 00:00:00-05:00,10.0600004196167,10.399999618530273,9.96500015258789,10.390000343322754,2510200,0.0,0.0
2023-11-08 00:00:00-05:00,10.399999618530273,10.880000114440918,10.239999771118164,10.640000343322754,1792100,0.0,0.0
2023-11-09 00:00:00-05:00,10.65999984741211,10.869999885559082,10.260000228881836,10.279999732971191,1236700,0.0,0.0
2023-11-10 00:00:00-05:00,10.210000038146973,10.336000442504883,9.960000038146973,10.130000114440918,3459000,0.0,0.0
2023-11-13 00:00:00-05:00,10.100000381469727,10.170000076293945,9.918000221252441,10.020000457763672,1375800,0.0,0.0
2023-11-14 00:00:00-05:00,10.329999923706055,10.789999961853027,10.300000190734863,10.710000038146973,2149600,0.0,0.0
2023-11-15 00:00:00-05:00,10.770000457763672,11.329999923706055,10.770000457763672,11.010000228881836,1541600,0.0,0.0
2023-11-16 00:00:00-05:00,10.890000343322754,10.989999771118164,10.380000114440918,10.510000228881836,1366600,0.0,0.0
2023-11-17 00:00:00-05:00,10.670000076293945,10.920000076293945,10.619999885559082,10.84000015258789,1171500,0.0,0.0
2023-11-20 00:00:00-05:00,11.039999961853027,11.128000259399414,10.734999656677246,10.850000381469727,1181000,0.0,0.0
2023-11-21 00:00:00-05:00,10.770000457763672,10.859999656677246,10.574999809265137,10.630000114440918,756300,0.0,0.0
2023-11-22 00:00:00-05:00,10.8100004196167,10.899999618530273,10.569999694824219,10.640000343322754,936400,0.0,0.0
2023-11-24 00:00:00-05:00,10.649999618530273,10.859999656677246,10.649999618530273,10.6899995803833,448500,0.0,0.0
2023-11-27 00:00:00-05:00,10.699999809265137,10.725000381469727,10.479999542236328,10.649999618530273,942600,0.0,0.0
2023-11-28 00:00:00-05:00,10.649999618530273,10.930000305175781,10.5,10.850000381469727,948300,0.0,0.0
2023-11-29 00:00:00-05:00,10.989999771118164,11.279999732971191,10.960000038146973,10.989999771118164,1642400,0.0,0.0
2023-11-30 00:00:00-05:00,11.010000228881836,11.119999885559082,10.729999542236328,11.100000381469727,1449100,0.0,0.0
2023-12-01 00:00:00-05:00,11.140000343322754,11.788999557495117,10.970000267028809,11.729999542236328,2136800,0.0,0.0
2023-12-04 00:00:00-05:00,11.699999809265137,12.04800033569336,11.595000267028809,11.640000343322754,1424400,0.0,0.0
2023-12-05 00:00:00-05:00,11.5,11.694999694824219,11.329999923706055,11.510000228881836,1268000,0.0,0.0
2023-12-06 00:00:00-05:00,11.680000305175781,11.90999984741211,11.524999618530273,11.869999885559082,1822800,0.0,0.0
2023-12-07 00:00:00-05:00,11.890000343322754,12.295000076293945,11.859999656677246,11.949999809265137,1502200,0.0,0.0
2023-12-08 00:00:00-05:00,11.869999885559082,12.15999984741211,11.704999923706055,11.720000267028809,1112100,0.0,0.0
2023-12-11 00:00:00-05:00,11.699999809265137,11.930000305175781,11.635000228881836,11.710000038146973,744500,0.0,0.0
2023-12-12 00:00:00-05:00,11.729999542236328,11.729999542236328,11.25,11.350000381469727,1113400,0.0,0.0
2023-12-13 00:00:00-05:00,11.3100004196167,12.5600004196167,11.3100004196167,12.529999732971191,2220800,0.0,0.0
2023-12-14 00:00:00-05:00,13.029999732971191,13.305000305175781,12.479999542236328,12.75,2607800,0.0,0.0
2023-12-15 00:00:00-05:00,12.6899995803833,12.975000381469727,12.604999542236328,12.670000076293945,1371200,0.0,0.0
2023-12-18 00:00:00-05:00,12.710000038146973,12.788999557495117,11.9399995803833,11.960000038146973,1613000,0.0,0.0
2023-12-19 00:00:00-05:00,12.119999885559082,12.664999961853027,12.029999732971191,12.649999618530273,1667500,0.0,0.0
2023-12-20 00:00:00-05:00,12.550000190734863,12.829999923706055,12.270000457763672,12.279999732971191,992500,0.0,0.0
2023-12-21 00:00:00-05:00,12.489999771118164,12.819999694824219,12.479999542236328,12.699999809265137,912800,0.0,0.0
2023-12-22 00:00:00-05:00,12.5,12.600000381469727,12.039999961853027,12.039999961853027,1587600,0.0,0.0
2023-12-26 00:00:00-05:00,12.109999656677246,12.25,11.920000076293945,12.15999984741211,839500,0.0,0.0
2023-12-27 00:00:00-05:00,12.079999923706055,12.1850004196167,11.90999984741211,11.979999542236328,917900,0.0,0.0
2023-12-28 00:00:00-05:00,12.050000190734863,12.3100004196167,11.937000274658203,12.220000267028809,750500,0.0,0.0
2023-12-29 00:00:00-05:00,12.170000076293945,12.350000381469727,11.850000381469727,11.850000381469727,1009300,0.0,0.0
2024-01-02 00:00:00-05:00,11.720000267028809,11.864999771118164,11.510000228881836,11.539999961853027,1052800,0.0,0.0
2024-01-03 00:00:00-05:00,11.4399995803833,11.460000038146973,11.104999542236328,11.260000228881836,1158700,0.0,0.0
2024-01-04 00:00:00-05:00,11.270000457763672,11.524999618530273,11.119999885559082,11.329999923706055,811900,0.0,0.0
2024-01-05 00:00:00-05:00,11.25,11.524999618530273,11.170000076293945,11.399999618530273,1277200,0.0,0.0
2024-01-08 00:00:00-05:00,11.399999618530273,12.0,11.380000114440918,11.9399995803833,1560000,0.0,0.0
2024-01-09 00:00:00-05:00,11.850000381469727,12.1850004196167,11.770000457763672,11.800000190734863,1240100,0.0,0.0
2024-01-10 00:00:00-05:00,11.869999885559082,11.880000114440918,11.59000015258789,11.640000343322754,874700,0.0,0.0
2024-01-11 00:00:00-05:00,11.710000038146973,11.890000343322754,11.319999694824219,11.869999885559082,984400,0.0,0.0
2024-01-12 00:00:00-05:00,12.069999694824219,12.079999923706055,11.694999694824219,11.779999732971191,1284500,0.0,0.0
2024-01-16 00:00:00-05:00,11.630000114440918,11.989999771118164,11.479999542236328,11.5600004196167,1402900,0.0,0.0
2024-01-17 00:00:00-05:00,11.350000381469727,11.729999542236328,11.164999961853027,11.710000038146973,2653800,0.0,0.0
2024-01-18 00:00:00-05:00,11.819999694824219,11.920000076293945,10.899999618530273,11.079999923706055,2665600,0.0,0.0
2024-01-19 00:00:00-05:00,11.119999885559082,11.510000228881836,10.869999885559082,11.489999771118164,1867700,0.0,0.0
2024-01-22 00:00:00-05:00,11.539999961853027,12.079999923706055,11.369999885559082,12.079999923706055,2394600,0.0,0.0
2024-01-23 00:00:00-05:00,12.260000228881836,12.329999923706055,12.020000457763672,12.1899995803833,1296200,0.0,0.0
2024-01-24 00:00:00-05:00,12.25,12.989999771118164,11.680000305175781,11.800000190734863,1884500,0.0,0.0
2024-01-25 00:00:00-05:00,11.880000114440918,12.180000305175781,11.640000343322754,11.760000228881836,1200100,0.0,0.0
2024-01-26 00:00:00-05:00,11.9399995803833,12.300000190734863,11.850000381469727,12.069999694824219,1421600,0.0,0.0
2024-01-29 00:00:00-05:00,12.020000457763672,12.295000076293945,11.930000305175781,12.239999771118164,1122200,0.0,0.0
2024-01-30 00:00:00-05:00,12.300000190734863,12.5,12.100000381469727,12.359999656677246,1814800,0.0,0.0
2024-01-31 00:00:00-05:00,12.319999694824219,12.579999923706055,11.989999771118164,11.989999771118164,2956800,0.0,0.0
2024-02-01 00:00:00-05:00,13.0,13.239999771118164,12.140000343322754,13.010000228881836,6113400,0.0,0.0
2024-02-02 00:00:00-05:00,12.850000381469727,12.850000381469727,12.0600004196167,12.449999809265137,3234500,0.0,0.0
2024-02-05 00:00:00-05:00,12.329999923706055,12.369999885559082,11.680000305175781,11.829999923706055,2413700,0.0,0.0
2024-02-06 00:00:00-05:00,11.770000457763672,12.204999923706055,11.710000038146973,12.170000076293945,1704700,0.0,0.0
2024-02-07 00:00:00-05:00,12.170000076293945,12.194999694824219,11.729999542236328,11.949999809265137,1315000,0.0,0.0
2024-02-08 00:00:00-05:00,11.960000038146973,12.315999984741211,11.869999885559082,12.210000038146973,1113900,0.0,0.0
2024-02-09 00:00:00-05:00,12.199999809265137,12.3100004196167,11.979999542236328,12.210000038146973,1088200,0.0,0.0
2024-02-12 00:00:00-05:00,12.260000228881836,13.475000381469727,12.239999771118164,13.239999771118164,2188500,0.0,0.0
2024-02-13 00:00:00-05:00,12.609999656677246,12.84000015258789,12.420999526977539,12.59000015258789,1575600,0.0,0.0
2024-02-14 00:00:00-05:00,12.6899995803833,13.0600004196167,12.5600004196167,13.029999732971191,810300,0.0,0.0
2024-02-15 00:00:00-05:00,13.199999809265137,13.369999885559082,13.029999732971191,13.329999923706055,1031700,0.0,0.0
2024-02-16 00:00:00-05:00,13.149999618530273,13.470000267028809,13.01200008392334,13.069999694824219,1519000,0.0,0.0
2024-02-20 00:00:00-05:00,13.010000228881836,13.710000038146973,12.9399995803833,13.710000038146973,1309700,0.0,0.0
2024-02-21 00:00:00-05:00,13.6899995803833,14.149999618530273,13.609999656677246,14.079999923706055,1287900,0.0,0.0
2024-02-22 00:00:00-05:00,14.15999984741211,14.404999732971191,13.574999809265137,13.65999984741211,1105800,0.0,0.0
2024-02-23 00:00:00-05:00,13.640000343322754,13.861000061035156,13.489999771118164,13.710000038146973,606000,0.0,0.0
2024-02-26 00:00:00-05:00,13.710000038146973,13.710000038146973,13.085000038146973,13.109999656677246,1153600,0.0,0.0
2024-02-27 00:00:00-05:00,13.210000038146973,13.524999618530273,13.170000076293945,13.489999771118164,602600,0.0,0.0
2024-02-28 00:00:00-05:00,13.289999961853027,13.630000114440918,13.109999656677246,13.460000038146973,691700,0.0,0.0
2024-02-29 00:00:00-05:00,13.609999656677246,13.741999626159668,13.404999732971191,13.609999656677246,700700,0.0,0.0
2024-03-01 00:00:00-05:00,13.630000114440918,13.925000190734863,13.430000305175781,13.760000228881836,768500,0.0,0.0
2024-03-04 00:00:00-05:00,13.770000457763672,13.779999732971191,13.050000190734863,13.229999542236328,1035400,0.0,0.0
2024-03-05 00:00:00-05:00,13.09000015258789,13.119999885559082,12.425000190734863,12.899999618530273,1463800,0.0,0.0
2024-03-06 00:00:00-05:00,13.010000228881836,13.095000267028809,12.739999771118164,12.859999656677246,793700,0.0,0.0
2024-03-07 00:00:00-05:00,12.970000267028809,13.100000381469727,12.635000228881836,12.670000076293945,649100,0.0,0.0
2024-03-08 00:00:00-05:00,12.770000457763672,12.979999542236328,12.600000381469727,12.930000305175781,1154300,0.0,0.0
2024-03-11 00:00:00-04:00,12.970000267028809,13.015000343322754,12.770000457763672,12.880000114440918,714100,0.0,0.0
2024-03-12 00:00:00-04:00,12.8100004196167,13.109999656677246,12.670000076293945,13.100000381469727,684400,0.0,0.0
2024-03-13 00:00:00-04:00,13.0600004196167,13.369999885559082,13.039999961853027,13.180000305175781,632300,0.0,0.0
2024-03-14 00:00:00-04:00,13.140000343322754,13.140000343322754,12.40999984741211,12.579999923706055,832600,0.0,0.0
2024-03-15 00:00:00-04:00,12.550000190734863,12.640000343322754,12.074999809265137,12.420000076293945,1623100,0.0,0.0
2024-03-18 00:00:00-04:00,12.579999923706055,12.59000015258789,12.210000038146973,12.329999923706055,514300,0.0,0.0
2024-03-19 00:00:00-04:00,12.1899995803833,12.460000038146973,12.1899995803833,12.40999984741211,577400,0.0,0.0
2024-03-20 00:00:00-04:00,12.329999923706055,12.529999732971191,12.175000190734863,12.510000228881836,634400,0.0,0.0
2024-03-21 00:00:00-04:00,12.529999732971191,12.59000015258789,12.303999900817871,12.3100004196167,465600,0.0,0.0
2024-03-22 00:00:00-04:00,12.279999732971191,12.279999732971191,11.880000114440918,11.890000343322754,722500,0.0,0.0
2024-03-25 00:00:00-04:00,12.029999732971191,12.175000190734863,11.920000076293945,11.930000305175781,671100,0.0,0.0
2024-03-26 00:00:00-04:00,11.930000305175781,12.199999809265137,11.109999656677246,11.119999885559082,1963300,0.0,0.0
2024-03-27 00:00:00-04:00,11.180000305175781,11.925000190734863,11.180000305175781,11.65999984741211,2214900,0.0,0.0
2024-03-28 00:00:00-04:00,11.75,12.119999885559082,11.739999771118164,12.0600004196167,765700,0.0,0.0
2024-04-01 00:00:00-04:00,12.09000015258789,12.508000373840332,12.039999961853027,12.319999694824219,1101800,0.0,0.0
2024-04-02 00:00:00-04:00,12.039999961853027,12.039999961853027,11.574999809265137,11.600000381469727,1115800,0.0,0.0
2024-04-03 00:00:00-04:00,11.550000190734863,11.704999923706055,11.4399995803833,11.539999961853027,524100,0.0,0.0
2024-04-04 00:00:00-04:00,11.739999771118164,11.800000190734863,11.225000381469727,11.260000228881836,658000,0.0,0.0
2024-04-05 00:00:00-04:00,11.199999809265137,11.300000190734863,11.069999694824219,11.239999771118164,556800,0.0,0.0
2024-04-08 00:00:00-04:00,11.329999923706055,11.350000381469727,11.100000381469727,11.140000343322754,511700,0.0,0.0
2024-04-09 00:00:00-04:00,11.180000305175781,11.335000038146973,11.149999618530273,11.270000457763672,378100,0.0,0.0
2024-04-10 00:00:00-04:00,10.90999984741211,11.199999809265137,10.850000381469727,11.140000343322754,479800,0.0,0.0
2024-04-11 00:00:00-04:00,11.210000038146973,11.25,10.979999542236328,11.210000038146973,400700,0.0,0.0
2024-04-12 00:00:00-04:00,11.0600004196167,11.069999694824219,10.720000267028809,10.789999961853027,722200,0.0,0.0
2024-04-15 00:00:00-04:00,10.949999809265137,10.960000038146973,10.6899995803833,10.9399995803833,968500,0.0,0.0
2024-04-16 00:00:00-04:00,10.789999961853027,11.210000038146973,10.789999961853027,11.199999809265137,683700,0.0,0.0
2024-04-17 00:00:00-04:00,11.289999961853027,11.380000114440918,11.03499984741211,11.239999771118164,516300,0.0,0.0
2024-04-18 00:00:00-04:00,11.289999961853027,11.380000114440918,11.119999885559082,11.239999771118164,548000,0.0,0.0
2024-04-19 00:00:00-04:00,11.1899995803833,11.4399995803833,11.109999656677246,11.420000076293945,464100,0.0,0.0
2024-04-22 00:00:00-04:00,11.399999618530273,11.555000305175781,11.279999732971191,11.460000038146973,450600,0.0,0.0
2024-04-23 00:00:00-04:00,11.40999984741211,11.6899995803833,11.359999656677246,11.369999885559082,425500,0.0,0.0
2024-04-24 00:00:00-04:00,11.319999694824219,11.510000228881836,11.09000015258789,11.5,702200,0.0,0.0
2024-04-25 00:00:00-04:00,11.350000381469727,11.380000114440918,11.020000457763672,11.140000343322754,404700,0.0,0.0
2024-04-26 00:00:00-04:00,11.260000228881836,11.430000305175781,11.210000038146973,11.270000457763672,270600,0.0,0.0
2024-04-29 00:00:00-04:00,11.350000381469727,11.550000190734863,11.329999923706055,11.539999961853027,377100,0.0,0.0
2024-04-30 00:00:00-04:00,11.329999923706055,11.390000343322754,11.1899995803833,11.289999961853027,309900,0.0,0.0
2024-05-01 00:00:00-04:00,11.260000228881836,11.479999542236328,11.055000305175781,11.239999771118164,486900,0.0,0.0
2024-05-02 00:00:00-04:00,11.449999809265137,11.520000457763672,11.130000114440918,11.40999984741211,385700,0.0,0.0
2024-05-03 00:00:00-04:00,11.579999923706055,11.670000076293945,11.220000267028809,11.359999656677246,446300,0.0,0.0
2024-05-06 00:00:00-04:00,11.399999618530273,11.720000267028809,11.390000343322754,11.470000267028809,492700,0.0,0.0
2024-05-07 00:00:00-04:00,11.5600004196167,11.59000015258789,11.383000373840332,11.430000305175781,353500,0.0,0.0
2024-05-08 00:00:00-04:00,11.390000343322754,11.479999542236328,11.260000228881836,11.380000114440918,292400,0.0,0.0
2024-05-09 00:00:00-04:00,11.420000076293945,11.508999824523926,11.279999732971191,11.359999656677246,376600,0.0,0.0
2024-05-10 00:00:00-04:00,11.350000381469727,11.369999885559082,10.880000114440918,10.930000305175781,926900,0.0,0.0
2024-05-13 00:00:00-04:00,11.010000228881836,11.539999961853027,11.0,11.1899995803833,793900,0.0,0.0
2024-05-14 00:00:00-04:00,11.430000305175781,11.75,11.430000305175781,11.729999542236328,1238600,0.0,0.0
2024-05-15 00:00:00-04:00,11.8100004196167,11.8100004196167,11.335000038146973,11.420000076293945,1367800,0.0,0.0
2024-05-16 00:00:00-04:00,12.979999542236328,14.3100004196167,12.949999809265137,13.1899995803833,8447800,0.0,0.0
2024-05-17 00:00:00-04:00,13.369999885559082,13.880000114440918,13.210000038146973,13.289999961853027,2057900,0.0,0.0
2024-05-20 00:00:00-04:00,13.350000381469727,13.529999732971191,12.800000190734863,13.119999885559082,1180700,0.0,0.0
2024-05-21 00:00:00-04:00,13.079999923706055,14.09000015258789,13.029999732971191,13.989999771118164,1755500,0.0,0.0
2024-05-22 00:00:00-04:00,13.890000343322754,14.130000114440918,13.640000343322754,13.770000457763672,1428200,0.0,0.0
2024-05-23 00:00:00-04:00,13.800000190734863,14.104999542236328,13.670000076293945,14.0,934000,0.0,0.0
2024-05-24 00:00:00-04:00,14.100000381469727,14.359999656677246,13.760000228881836,13.979999542236328,1039600,0.0,0.0
2024-05-28 00:00:00-04:00,14.289999961853027,14.538999557495117,14.0600004196167,14.239999771118164,1200800,0.0,0.0
2024-05-29 00:00:00-04:00,14.050000190734863,14.279999732971191,14.029999732971191,14.100000381469727,760000,0.0,0.0
2024-05-30 00:00:00-04:00,14.210000038146973,14.470000267028809,14.100000381469727,14.289999961853027,888700,0.0,0.0
2024-05-31 00:00:00-04:00,14.510000228881836,14.520000457763672,14.194999694824219,14.460000038146973,1004900,0.0,0.0
2024-06-03 00:00:00-04:00,14.550000190734863,14.739999771118164,14.380000114440918,14.720000267028809,600700,0.0,0.0
2024-06-04 00:00:00-04:00,14.609999656677246,14.75,14.1899995803833,14.239999771118164,401000,0.0,0.0
2024-06-05 00:00:00-04:00,14.239999771118164,14.289999961853027,14.069999694824219,14.279999732971191,449800,0.0,0.0
2024-06-06 00:00:00-04:00,14.270000457763672,14.289999961853027,13.710000038146973,13.779999732971191,827500,0.0,0.0
2024-06-07 00:00:00-04:00,13.579999923706055,13.760000228881836,13.420000076293945,13.600000381469727,953800,0.0,0.0
2024-06-10 00:00:00-04:00,13.489999771118164,13.71500015258789,13.4399995803833,13.460000038146973,571100,0.0,0.0
2024-06-11 00:00:00-04:00,13.380000114440918,13.779999732971191,13.380000114440918,13.479999542236328,576300,0.0,0.0
2024-06-12 00:00:00-04:00,13.720000267028809,13.979999542236328,13.510000228881836,13.520000457763672,567300,0.0,0.0
2024-06-13 00:00:00-04:00,13.520000457763672,13.539999961853027,13.1899995803833,13.289999961853027,344000,0.0,0.0
2024-06-14 00:00:00-04:00,13.149999618530273,13.350000381469727,12.9399995803833,13.09000015258789,670400,0.0,0.0
2024-06-17 00:00:00-04:00,12.989999771118164,13.4399995803833,12.970000267028809,13.399999618530273,383200,0.0,0.0
2024-06-18 00:00:00-04:00,13.350000381469727,13.680000305175781,13.279999732971191,13.550000190734863,466400,0.0,0.0
2024-06-20 00:00:00-04:00,13.380000114440918,13.5,13.220000267028809,13.239999771118164,281600,0.0,0.0
2024-06-21 00:00:00-04:00,13.210000038146973,13.3100004196167,13.039999961853027,13.119999885559082,462600,0.0,0.0
2024-06-24 00:00:00-04:00,13.0600004196167,13.390000343322754,13.0600004196167,13.289999961853027,393500,0.0,0.0
2024-06-25 00:00:00-04:00,13.25,13.289999961853027,13.100000381469727,13.220000267028809,283900,0.0,0.0
2024-06-26 00:00:00-04:00,13.079999923706055,13.460000038146973,13.020000457763672,13.020000457763672,422500,0.0,0.0
2024-06-27 00:00:00-04:00,13.010000228881836,13.180000305175781,12.880999565124512,13.170000076293945,435600,0.0,0.0
2024-06-28 00:00:00-04:00,13.079999923706055,13.210000038146973,12.814000129699707,12.930000305175781,455800,0.0,0.0
2024-07-01 00:00:00-04:00,12.989999771118164,13.079999923706055,12.5,12.729999542236328,643600,0.0,0.0
2024-07-02 00:00:00-04:00,12.770000457763672,12.859999656677246,12.609999656677246,12.789999961853027,385700,0.0,0.0
2024-07-03 00:00:00-04:00,12.739999771118164,12.944999694824219,12.65999984741211,12.699999809265137,186100,0.0,0.0
2024-07-05 00:00:00-04:00,12.729999542236328,12.859999656677246,12.484999656677246,12.5,431600,0.0,0.0
2024-07-08 00:00:00-04:00,12.630000114440918,12.760000228881836,12.479999542236328,12.6899995803833,337400,0.0,0.0
2024-07-09 00:00:00-04:00,12.720000267028809,12.829999923706055,12.569999694824219,12.640000343322754,387400,0.0,0.0
2024-07-10 00:00:00-04:00,12.670000076293945,12.720000267028809,12.449999809265137,12.539999961853027,479800,0.0,0.0
2024-07-11 00:00:00-04:00,12.670000076293945,12.829999923706055,12.579999923706055,12.729999542236328,303600,0.0,0.0
2024-07-12 00:00:00-04:00,12.779999732971191,13.149999618530273,12.739999771118164,13.109999656677246,417900,0.0,0.0
2024-07-15 00:00:00-04:00,12.6899995803833,12.710000038146973,11.8100004196167,11.84000015258789,1395800,0.0,0.0
2024-07-16 00:00:00-04:00,11.899999618530273,12.130000114440918,11.859999656677246,12.039999961853027,785100,0.0,0.0
2024-07-17 00:00:00-04:00,11.970000267028809,12.25,11.869999885559082,12.220000267028809,945600,0.0,0.0
2024-07-18 00:00:00-04:00,12.119999885559082,12.539999961853027,11.845000267028809,11.899999618530273,597000,0.0,0.0
2024-07-19 00:00:00-04:00,12.210000038146973,12.390000343322754,12.020000457763672,12.199999809265137,548500,0.0,0.0
2024-07-22 00:00:00-04:00,12.270000457763672,12.3100004196167,11.920000076293945,12.029999732971191,524600,0.0,0.0
2024-07-23 00:00:00-04:00,11.710000038146973,11.760000228881836,11.460000038146973,11.59000015258789,1015400,0.0,0.0
2024-07-24 00:00:00-04:00,11.420000076293945,11.5600004196167,11.28499984741211,11.300000190734863,582400,0.0,0.0
2024-07-25 00:00:00-04:00,11.369999885559082,11.420000076293945,11.15999984741211,11.180000305175781,530600,0.0,0.0
2024-07-26 00:00:00-04:00,11.260000228881836,11.399999618530273,11.1899995803833,11.399999618530273,622400,0.0,0.0
2024-07-29 00:00:00-04:00,11.430000305175781,11.539999961853027,11.260000228881836,11.40999984741211,340300,0.0,0.0
2024-07-30 00:00:00-04:00,11.399999618530273,11.449999809265137,11.229999542236328,11.399999618530273,376400,0.0,0.0
2024-07-31 00:00:00-04:00,11.520000457763672,11.890000343322754,11.329999923706055,11.550000190734863,697400,0.0,0.0
2024-08-01 00:00:00-04:00,11.0600004196167,11.25,10.430000305175781,10.899999618530273,1579300,0.0,0.0
2024-08-02 00:00:00-04:00,10.640000343322754,10.755000114440918,10.3100004196167,10.739999771118164,920500,0.0,0.0
2024-08-05 00:00:00-04:00,10.130000114440918,10.5600004196167,10.130000114440918,10.399999618530273,595400,0.0,0.0
2024-08-06 00:00:00-04:00,10.359999656677246,10.859999656677246,10.359999656677246,10.609999656677246,713100,0.0,0.0
2024-08-07 00:00:00-04:00,10.720000267028809,10.920000076293945,10.140000343322754,10.210000038146973,697900,0.0,0.0
2024-08-08 00:00:00-04:00,10.369999885559082,10.505000114440918,10.260000228881836,10.449999809265137,644400,0.0,0.0
2024-08-09 00:00:00-04:00,10.420000076293945,10.420000076293945,10.210000038146973,10.239999771118164,571800,0.0,0.0
2024-08-12 00:00:00-04:00,10.289999961853027,10.3100004196167,10.15999984741211,10.279999732971191,625400,0.0,0.0
2024-08-13 00:00:00-04:00,10.319999694824219,10.59000015258789,10.289999961853027,10.489999771118164,586500,0.0,0.0
2024-08-14 00:00:00-04:00,10.579999923706055,10.640000343322754,10.300000190734863,10.329999923706055,473600,0.0,0.0
2024-08-15 00:00:00-04:00,10.5600004196167,10.720000267028809,10.510000228881836,10.619999885559082,660900,0.0,0.0
2024-08-16 00:00:00-04:00,10.5,10.835000038146973,10.444999694824219,10.760000228881836,1027700,0.0,0.0
2024-08-19 00:00:00-04:00,10.739999771118164,11.354999542236328,10.720000267028809,11.300000190734863,1750400,0.0,0.0
2024-08-20 00:00:00-04:00,11.279999732971191,11.970000267028809,11.220000267028809,11.880000114440918,2067300,0.0,0.0
2024-08-21 00:00:00-04:00,11.989999771118164,12.010000228881836,11.420000076293945,11.539999961853027,459500,0.0,0.0
2024-08-22 00:00:00-04:00,11.5600004196167,11.569999694824219,11.119999885559082,11.180000305175781,427700,0.0,0.0
2024-08-23 00:00:00-04:00,11.229999542236328,11.645000457763672,11.229999542236328,11.630000114440918,516300,0.0,0.0
2024-08-26 00:00:00-04:00,11.670000076293945,11.710000038146973,11.505000114440918,11.640000343322754,211900,0.0,0.0
2024-08-27 00:00:00-04:00,11.609999656677246,11.654999732971191,11.380000114440918,11.640000343322754,215600,0.0,0.0
2024-08-28 00:00:00-04:00,11.489999771118164,11.555000305175781,11.289999961853027,11.300000190734863,170300,0.0,0.0
2024-08-29 00:00:00-04:00,11.3100004196167,11.649999618530273,11.244999885559082,11.430000305175781,251700,0.0,0.0
2024-08-30 00:00:00-04:00,11.449999809265137,11.725000381469727,11.390000343322754,11.670000076293945,372300,0.0,0.0
2024-09-03 00:00:00-04:00,11.6899995803833,12.017999649047852,11.600000381469727,11.630000114440918,766300,0.0,0.0
2024-09-04 00:00:00-04:00,11.520000457763672,11.649999618530273,10.949999809265137,11.170000076293945,789100,0.0,0.0
2024-09-05 00:00:00-04:00,11.079999923706055,11.170000076293945,10.630000114440918,10.699999809265137,552600,0.0,0.0
2024-09-06 00:00:00-04:00,10.699999809265137,10.8100004196167,10.475000381469727,10.520000457763672,479300,0.0,0.0
2024-09-09 00:00:00-04:00,10.470000267028809,10.479999542236328,10.295000076293945,10.390000343322754,715700,0.0,0.0
2024-09-10 00:00:00-04:00,10.380000114440918,10.380000114440918,9.973999977111816,10.140000343322754,802400,0.0,0.0
2024-09-11 00:00:00-04:00,10.199999809265137,10.34000015258789,10.050000190734863,10.300000190734863,390400,0.0,0.0
2024-09-12 00:00:00-04:00,10.319999694824219,10.390000343322754,10.15999984741211,10.350000381469727,331200,0.0,0.0
2024-09-13 00:00:00-04:00,10.399999618530273,10.600000381469727,10.399999618530273,10.5,576100,0.0,0.0
2024-09-16 00:00:00-04:00,10.619999885559082,10.729999542236328,10.489999771118164,10.489999771118164,359700,0.0,0.0
2024-09-17 00:00:00-04:00,10.600000381469727,10.899999618530273,10.529999732971191,10.579999923706055,772200,0.0,0.0
2024-09-18 00:00:00-04:00,10.619999885559082,10.756999969482422,10.489999771118164,10.5,596200,0.0,0.0
2024-09-19 00:00:00-04:00,10.75,10.859999656677246,10.569999694824219,10.680000305175781,672800,0.0,0.0
2024-09-20 00:00:00-04:00,10.600000381469727,10.710000038146973,10.479999542236328,10.510000228881836,698600,0.0,0.0
2024-09-23 00:00:00-04:00,10.510000228881836,10.5600004196167,10.364999771118164,10.5,962100,0.0,0.0
2024-09-24 00:00:00-04:00,10.890000343322754,11.069999694824219,10.75,11.0,1336100,0.0,0.0
2024-09-25 00:00:00-04:00,10.949999809265137,11.010000228881836,10.6899995803833,10.84000015258789,410500,0.0,0.0
2024-09-26 00:00:00-04:00,11.119999885559082,11.918999671936035,11.109999656677246,11.859999656677246,1018900,0.0,0.0
2024-09-27 00:00:00-04:00,11.930000305175781,12.859999656677246,11.930000305175781,12.670000076293945,1567700,0.0,0.0
