Date,Open,High,Low,Close,Volume,Dividends,Stock Splits
2003-02-07 00:00:00+09:00,293.13213631766183,293.13213631766183,287.485107421875,287.485107421875,21000,0.0,0.0
2003-02-10 00:00:00+09:00,284.9182943668006,284.9182943668006,272.0841369628906,272.0841369628906,9000,0.0,0.0
2003-02-11 00:00:00+09:00,272.0841369628906,272.0841369628906,272.0841369628906,272.0841369628906,0,0.0,0.0
2003-02-12 00:00:00+09:00,277.2177999244546,277.2177999244546,272.0841369628906,272.0841369628906,5000,0.0,0.0
2003-02-13 00:00:00+09:00,282.3514649578344,282.3514649578344,274.6509704589844,274.6509704589844,4000,0.0,0.0
2003-02-14 00:00:00+09:00,282.3514669912833,292.6187930636936,277.2178039550781,277.2178039550781,10000,0.0,0.0
2003-02-17 00:00:00+09:00,282.3514649578344,282.3514649578344,274.6509704589844,274.6509704589844,3000,0.0,0.0
2003-02-18 00:00:00+09:00,274.6509704589844,274.6509704589844,274.6509704589844,274.6509704589844,2000,0.0,0.0
2003-02-19 00:00:00+09:00,274.6509684436726,274.6509684436726,272.0841369628906,272.0841369628906,4000,0.0,0.0
2003-02-20 00:00:00+09:00,272.0841369628906,272.0841369628906,272.0841369628906,272.0841369628906,1000,0.0,0.0
2003-02-21 00:00:00+09:00,272.0841369628906,272.0841369628906,272.0841369628906,272.0841369628906,1000,0.0,0.0
2003-02-24 00:00:00+09:00,272.0841602998621,272.0841602998621,261.81683349609375,261.81683349609375,2000,0.0,0.0
2003-02-25 00:00:00+09:00,261.3034649803525,261.3034649803525,256.6831679571243,258.73663330078125,13000,0.0,0.0
2003-02-26 00:00:00+09:00,258.7366310946913,258.7366310946913,255.65643310546878,255.65643310546875,4000,0.0,0.0
2003-02-27 00:00:00+09:00,256.6831284675045,256.6831284675045,247.95590209960938,247.95590209960938,4000,0.0,0.0
2003-02-28 00:00:00+09:00,247.95590209960938,247.95590209960938,247.95590209960938,247.95590209960938,3000,0.0,0.0
2003-03-03 00:00:00+09:00,248.982666015625,248.982666015625,248.982666015625,248.982666015625,2000,0.0,0.0
2003-03-04 00:00:00+09:00,249.49603271484372,249.49603271484372,249.49603271484372,249.49603271484375,1000,0.0,0.0
2003-03-05 00:00:00+09:00,249.4959874084598,250.0093536376953,249.4959874084598,250.0093536376953,4000,0.0,0.0
2003-03-06 00:00:00+09:00,248.982666015625,248.982666015625,248.982666015625,248.982666015625,6000,0.0,0.0
2003-03-07 00:00:00+09:00,243.84902791774016,244.36239429230383,241.28219604492185,241.28219604492188,7000,0.0,0.0
2003-03-10 00:00:00+09:00,248.98260243733725,248.98260243733725,231.01478576660156,231.01478576660156,7000,0.0,0.0
2003-03-11 00:00:00+09:00,220.74754333496094,220.74754333496094,220.74754333496094,220.74754333496094,2000,0.0,0.0
2003-03-12 00:00:00+09:00,221.2608795166016,221.2608795166016,221.2608795166016,221.26087951660156,1000,0.0,0.0
2003-03-13 00:00:00+09:00,256.6831671673319,256.6831671673319,236.1485137939453,236.1485137939453,4000,0.0,0.0
2003-03-14 00:00:00+09:00,236.1485137939453,236.1485137939453,236.1485137939453,236.1485137939453,0,0.0,0.0
2003-03-17 00:00:00+09:00,236.1485137939453,236.1485137939453,236.1485137939453,236.1485137939453,4000,0.0,0.0
2003-03-18 00:00:00+09:00,241.28219604492185,241.28219604492185,241.28219604492185,241.28219604492188,1000,0.0,0.0
2003-03-19 00:00:00+09:00,246.4159088134766,246.4159088134766,246.4159088134766,246.41590881347656,1000,0.0,0.0
2003-03-20 00:00:00+09:00,246.4158404806386,246.4158404806386,236.1485137939453,236.1485137939453,2000,0.0,0.0
2003-03-21 00:00:00+09:00,236.1485137939453,236.1485137939453,236.1485137939453,236.1485137939453,0,0.0,0.0
2003-03-24 00:00:00+09:00,246.4159088134766,256.68323834737146,246.4159088134766,246.41590881347656,5000,0.0,0.0
2003-03-25 00:00:00+09:00,257.19653283691406,257.19653283691406,256.68316650390625,256.68316650390625,5000,0.0,0.0
2003-03-26 00:00:00+09:00,243.98123931884766,262.5047607421875,243.98123931884766,262.5047607421875,4000,15.0,0.0
2003-03-27 00:00:00+09:00,259.858642578125,259.858642578125,259.858642578125,259.858642578125,1000,0.0,0.0
2003-03-28 00:00:00+09:00,261.9755943454042,261.9755943454042,259.3293762207031,259.3293762207031,4000,0.0,0.0
2003-03-31 00:00:00+09:00,259.3293762207031,259.3293762207031,259.3293762207031,259.3293762207031,0,0.0,0.0
2003-04-01 00:00:00+09:00,259.3293762207031,259.3293762207031,256.6831580960021,259.3293762207031,4000,0.0,0.0
2003-04-02 00:00:00+09:00,260.3878254038598,260.3878254038598,257.7416076660156,257.7416076660156,7000,0.0,0.0
2003-04-03 00:00:00+09:00,257.21246509552003,257.21246509552003,251.92002754211427,254.03700256347656,4000,0.0,0.0
2003-04-04 00:00:00+09:00,251.39072666997495,251.39072666997495,243.4520721435547,243.4520721435547,6000,0.0,0.0
2003-04-07 00:00:00+09:00,240.8058643126756,240.8058643126756,235.51342773437503,235.513427734375,3000,0.0,0.0
2003-04-08 00:00:00+09:00,233.39646169489077,233.39646169489077,232.8672180175781,232.86721801757812,8000,0.0,0.0
2003-04-09 00:00:00+09:00,227.57470696060747,228.6331939697266,227.57470696060747,228.63319396972656,4000,0.0,0.0
2003-04-10 00:00:00+09:00,238.15957641601565,238.15957641601565,238.15957641601565,238.15957641601562,1000,0.0,0.0
2003-04-11 00:00:00+09:00,238.15957641601565,238.15957641601565,235.51335890028213,238.15957641601562,4000,0.0,0.0
2003-04-14 00:00:00+09:00,238.68881242886152,238.68881242886152,233.39637756347656,233.39637756347656,3000,0.0,0.0
2003-04-15 00:00:00+09:00,233.39637756347656,233.39637756347656,233.39637756347656,233.39637756347656,0,0.0,0.0
2003-04-16 00:00:00+09:00,233.39637756347656,233.39637756347656,233.39637756347656,233.39637756347656,1000,0.0,0.0
2003-04-17 00:00:00+09:00,238.1596460235253,238.1596460235253,235.51342773437503,235.513427734375,4000,0.0,0.0
2003-04-18 00:00:00+09:00,232.8671804844648,232.8671804844648,230.22096252441406,230.22096252441406,5000,0.0,0.0
2003-04-21 00:00:00+09:00,241.33497619628906,241.33497619628906,241.33497619628906,241.33497619628906,3000,0.0,0.0
2003-04-22 00:00:00+09:00,238.6888597431663,238.6888597431663,231.27944946289062,231.27944946289062,5000,0.0,0.0
2003-04-23 00:00:00+09:00,238.159616151718,238.159616151718,231.27944946289062,231.27944946289062,4000,0.0,0.0
2003-04-24 00:00:00+09:00,241.86436140427895,241.86436140427895,230.750244140625,230.750244140625,6000,0.0,0.0
2003-04-25 00:00:00+09:00,231.27944946289062,231.27944946289062,231.27944946289062,231.27944946289062,2000,0.0,0.0
2003-04-28 00:00:00+09:00,231.8087158203125,231.8087158203125,231.8087158203125,231.8087158203125,1000,0.0,0.0
2003-04-29 00:00:00+09:00,231.8087158203125,231.8087158203125,231.8087158203125,231.8087158203125,0,0.0,0.0
2003-04-30 00:00:00+09:00,233.39646169489077,233.39646169489077,232.8672180175781,232.86721801757812,2000,0.0,0.0
2003-05-01 00:00:00+09:00,232.86721217378658,251.39074041488325,232.86721217378658,248.74452209472656,4700,0.0,0.0
2003-05-02 00:00:00+09:00,248.21520297580298,248.21520297580298,238.15957641601565,238.15957641601562,3000,0.0,0.0
2003-05-05 00:00:00+09:00,238.15957641601565,238.15957641601565,238.15957641601565,238.15957641601562,0,0.0,0.0
2003-05-06 00:00:00+09:00,238.15957641601565,238.15957641601565,238.15957641601565,238.15957641601562,1200,0.0,0.0
2003-05-07 00:00:00+09:00,238.15957641601565,238.15957641601565,238.15957641601565,238.15957641601562,1000,0.0,0.0
2003-05-08 00:00:00+09:00,241.33497619628906,241.33497619628906,241.33497619628906,241.33497619628906,1000,0.0,0.0
2003-05-09 00:00:00+09:00,259.8585660078636,272.56041037484675,259.8585660078636,263.0340270996094,11500,0.0,0.0
2003-05-12 00:00:00+09:00,267.7972711301317,272.56046369963997,264.6218094171262,269.91424560546875,5400,0.0,0.0
2003-05-13 00:00:00+09:00,269.91424744387706,269.91424744387706,263.5633239746094,263.5633239746094,4900,0.0,0.0
2003-05-14 00:00:00+09:00,264.6217956542969,264.6217956542969,264.6217956542969,264.6217956542969,3000,0.0,0.0
2003-05-15 00:00:00+09:00,254.56617736816406,254.56617736816406,254.56617736816406,254.56617736816406,400,0.0,0.0
2003-05-16 00:00:00+09:00,255.09549007415774,255.09549007415774,254.0370025634766,254.03700256347656,1600,0.0,0.0
2003-05-19 00:00:00+09:00,275.2066849689094,275.2066849689094,259.3293762207031,259.3293762207031,2600,0.0,0.0
2003-05-20 00:00:00+09:00,264.6217956542969,264.6217956542969,264.6217956542969,264.6217956542969,500,0.0,0.0
2003-05-21 00:00:00+09:00,270.97266389432485,280.4990466093597,270.44342041015625,270.44342041015625,4700,0.0,0.0
2003-05-22 00:00:00+09:00,272.5604248046875,272.5604248046875,272.0311812613774,272.5604248046875,1500,0.0,0.0
2003-05-23 00:00:00+09:00,273.6189118913077,275.2066425212379,272.5604248046875,272.5604248046875,8500,0.0,0.0
2003-05-26 00:00:00+09:00,277.85288297213043,277.85288297213043,272.031203519381,275.2066650390625,9100,0.0,0.0
2003-05-27 00:00:00+09:00,276.2651690314798,276.2651690314798,269.91424560546875,269.91424560546875,5100,0.0,0.0
2003-05-28 00:00:00+09:00,268.8558044433594,268.8558044433594,268.8558044433594,268.8558044433594,800,0.0,0.0
2003-05-29 00:00:00+09:00,269.38501391853254,269.38501391853254,256.68316650390625,256.68316650390625,4300,0.0,0.0
2003-05-30 00:00:00+09:00,259.3293847152867,259.3293847152867,256.68316650390625,256.68316650390625,4000,0.0,0.0
2003-06-02 00:00:00+09:00,259.3293228617475,259.3293228617475,258.8000793457031,258.8000793457031,1200,0.0,0.0
2003-06-03 00:00:00+09:00,259.8586198456434,260.38786347058357,259.3293762207031,259.3293762207031,1100,0.0,0.0
2003-06-04 00:00:00+09:00,259.858642578125,259.858642578125,259.858642578125,259.858642578125,900,0.0,0.0
2003-06-05 00:00:00+09:00,260.38788624936353,260.38788624936353,259.858642578125,259.858642578125,1300,0.0,0.0
2003-06-06 00:00:00+09:00,261.9755786802711,261.9755786802711,260.3878479003906,260.3878479003906,1300,0.0,0.0
2003-06-09 00:00:00+09:00,260.91709051513675,264.6217956542969,260.91709051513675,264.6217956542969,5500,0.0,0.0
2003-06-10 00:00:00+09:00,264.62178791830405,275.2066594350362,264.62178791830405,265.1510314941406,1800,0.0,0.0
2003-06-11 00:00:00+09:00,265.6802443098314,267.2679748535156,265.6802443098314,267.2679748535156,5000,0.0,0.0
2003-06-12 00:00:00+09:00,267.79720310946817,275.2066118911531,266.20947265625,266.20947265625,8900,0.0,0.0
2003-06-13 00:00:00+09:00,264.62175728070855,267.2679748535156,264.62175728070855,267.2679748535156,6000,0.0,0.0
2003-06-16 00:00:00+09:00,265.1510984766202,268.8558044433594,265.1510984766202,268.8558044433594,4000,0.0,0.0
2003-06-17 00:00:00+09:00,268.855720001517,272.5604248046875,268.855720001517,272.5604248046875,3500,0.0,0.0
2003-06-18 00:00:00+09:00,274.148193359375,274.148193359375,272.5604625098033,274.148193359375,2900,0.0,0.0
2003-06-19 00:00:00+09:00,273.6189118913077,275.2066425212379,272.5604248046875,272.5604248046875,13200,0.0,0.0
2003-06-20 00:00:00+09:00,271.50195440417997,274.148172283363,265.1510314941406,265.1510314941406,6000,0.0,0.0
2003-06-23 00:00:00+09:00,269.3849650681621,269.914208614465,260.38782478101325,261.9755554199219,14700,0.0,0.0
2003-06-24 00:00:00+09:00,262.50479896622477,265.1510166977391,261.9755554199219,261.9755554199219,4500,0.0,0.0
2003-06-25 00:00:00+09:00,264.6217576454823,264.6217576454823,254.036887339663,263.0340270996094,6100,0.0,0.0
2003-06-26 00:00:00+09:00,263.5633258584105,264.6218131108539,257.21240234375,257.21240234375,12500,0.0,0.0
2003-06-27 00:00:00+09:00,263.56332522022484,264.09256884516503,259.3293762207031,259.3293762207031,5800,0.0,0.0
2003-06-30 00:00:00+09:00,264.6218356192719,267.2680539754646,259.858642578125,259.858642578125,11200,0.0,0.0
2003-07-01 00:00:00+09:00,262.5048367297314,266.7387857092432,262.5048367297314,263.5633239746094,7600,0.0,0.0
2003-07-02 00:00:00+09:00,268.3264984130859,275.2066650390625,265.68028048001804,275.2066650390625,40200,0.0,0.0
2003-07-03 00:00:00+09:00,277.85288297213043,280.4991009051983,275.2066650390625,275.2066650390625,13800,0.0,0.0
2003-07-04 00:00:00+09:00,280.4990466093597,280.4990466093597,269.91417692598765,270.44342041015625,6900,0.0,0.0
2003-07-07 00:00:00+09:00,281.02832802826504,285.79152002874406,275.2066489165684,280.49908447265625,6200,0.0,0.0
2003-07-08 00:00:00+09:00,281.5575944286282,283.14532522427834,280.49910723152806,281.0283508300781,9200,0.0,0.0
2003-07-09 00:00:00+09:00,283.14532470703125,283.14532470703125,280.4991067191151,283.14532470703125,11500,0.0,0.0
2003-07-10 00:00:00+09:00,285.7915189961226,290.5547109793913,283.14530122763995,286.8500061035156,20100,0.0,0.0
2003-07-11 00:00:00+09:00,300.6104273745888,301.6689147949219,295.3179902729235,301.6689147949219,26800,0.0,0.0
2003-07-14 00:00:00+09:00,301.6688571133456,301.6688571133456,288.9670104980469,288.9670104980469,20300,0.0,0.0
2003-07-15 00:00:00+09:00,302.19814365010865,302.19814365010865,298.49343786105305,300.61041259765625,2200,0.0,0.0
2003-07-16 00:00:00+09:00,299.0226471227243,299.0226471227243,280.4991203098122,288.4377746582031,12500,0.0,0.0
2003-07-17 00:00:00+09:00,291.0839555848319,291.0839555848319,280.49908447265625,280.49908447265625,1300,0.0,0.0
2003-07-18 00:00:00+09:00,281.02832802826504,285.79152002874406,280.49908447265625,280.49908447265625,1500,0.0,0.0
2003-07-21 00:00:00+09:00,280.49908447265625,280.49908447265625,280.49908447265625,280.49908447265625,0,0.0,0.0
2003-07-22 00:00:00+09:00,285.79150390625,285.79150390625,285.79150390625,285.79150390625,1700,0.0,0.0
2003-07-23 00:00:00+09:00,293.73021152235447,293.73021152235447,285.7915571568854,286.32080078125,1800,0.0,0.0
2003-07-24 00:00:00+09:00,293.73019007326087,293.73019007326087,276.26515174458046,277.3236389160156,6300,0.0,0.0
2003-07-25 00:00:00+09:00,287.9084777832031,287.9084777832031,278.911337852478,287.9084777832031,4400,0.0,0.0
2003-07-28 00:00:00+09:00,300.6103761080566,300.6103761080566,291.6132345696112,294.7886962890625,3600,0.0,0.0
2003-07-29 00:00:00+09:00,296.37641059027777,300.08111572265625,286.8500259641617,300.08111572265625,5900,0.0,0.0
2003-07-30 00:00:00+09:00,299.02262169974193,299.02262169974193,296.3764038085938,296.37640380859375,5300,0.0,0.0
2003-07-31 00:00:00+09:00,296.3764038085938,296.3764038085938,296.3764038085938,296.37640380859375,4900,0.0,0.0
2003-08-01 00:00:00+09:00,291.08395487845604,291.08395487845604,284.20378867223803,284.7330322265625,3300,0.0,0.0
2003-08-04 00:00:00+09:00,279.96984091704746,280.49908447265625,279.96984091704746,280.49908447265625,3500,0.0,0.0
2003-08-05 00:00:00+09:00,280.49908447265625,280.49908447265625,280.49908447265625,280.49908447265625,2000,0.0,0.0
2003-08-06 00:00:00+09:00,280.4991542271205,280.4991542271205,277.8529357910156,277.8529357910156,3600,0.0,0.0
2003-08-07 00:00:00+09:00,277.8529357910156,277.8529357910156,277.8529357910156,277.8529357910156,900,0.0,0.0
2003-08-08 00:00:00+09:00,280.49911615949026,280.49911615949026,275.7359236209329,276.2651672363281,3300,0.0,0.0
2003-08-11 00:00:00+09:00,276.265143641452,279.9698486328125,276.265143641452,279.9698486328125,2600,0.0,0.0
2003-08-12 00:00:00+09:00,280.49908447265625,280.49908447265625,280.49908447265625,280.49908447265625,1500,0.0,0.0
2003-08-13 00:00:00+09:00,275.2066425212379,275.2066425212379,266.2095022849666,272.5604248046875,2900,0.0,0.0
2003-08-14 00:00:00+09:00,275.2066565010633,279.9698486328125,275.2066565010633,279.9698486328125,500,0.0,0.0
2003-08-15 00:00:00+09:00,279.9698486328125,279.9698486328125,279.9698486328125,279.9698486328125,0,0.0,0.0
2003-08-18 00:00:00+09:00,280.49908447265625,280.49908447265625,280.49908447265625,280.49908447265625,1000,0.0,0.0
2003-08-19 00:00:00+09:00,272.5604248046875,272.5604248046875,272.5604248046875,272.5604248046875,1000,0.0,0.0
2003-08-20 00:00:00+09:00,275.7359236209329,280.49911615949026,275.7359236209329,276.2651672363281,3500,0.0,0.0
2003-08-21 00:00:00+09:00,281.5575876017563,281.5575876017563,275.2066645731453,277.3236389160156,4300,0.0,0.0
2003-08-22 00:00:00+09:00,283.14537266322543,283.14537266322543,277.8529357910156,277.8529357910156,3800,0.0,0.0
2003-08-25 00:00:00+09:00,284.73301685474536,285.79150390625,283.1452862774884,285.79150390625,7400,0.0,0.0
2003-08-26 00:00:00+09:00,285.79159109933033,285.79159109933033,277.8529357910156,277.8529357910156,3700,0.0,0.0
2003-08-27 00:00:00+09:00,275.2067173549107,278.3821794782366,275.2067173549107,277.8529357910156,11400,0.0,0.0
2003-08-28 00:00:00+09:00,278.3821102502211,284.2037893619177,277.8528666946123,280.49908447265625,4000,0.0,0.0
2003-08-29 00:00:00+09:00,280.4991067191151,283.14532470703125,280.4991067191151,283.14532470703125,1400,0.0,0.0
2003-09-01 00:00:00+09:00,287.9084942511792,287.9084942511792,280.49908447265625,280.49908447265625,6300,0.0,0.0
2003-09-02 00:00:00+09:00,285.79154269494745,285.79154269494745,281.55759391428154,283.14532470703125,2900,0.0,0.0
2003-09-03 00:00:00+09:00,283.1452862774884,288.4377215350116,283.1452862774884,285.79150390625,6800,0.0,0.0
2003-09-04 00:00:00+09:00,285.79150390625,285.79150390625,282.0867992259838,285.79150390625,3900,0.0,0.0
2003-09-05 00:00:00+09:00,285.79152002874406,285.79152002874406,275.2066489165684,280.49908447265625,7500,0.0,0.0
2003-09-08 00:00:00+09:00,283.1453022507001,283.1453022507001,280.49908447265625,280.49908447265625,3200,0.0,0.0
2003-09-09 00:00:00+09:00,296.37647769325656,301.6689147949219,295.3179902729235,301.6689147949219,19600,0.0,0.0
2003-09-10 00:00:00+09:00,301.6689101396981,312.2537841796875,299.55193533170024,312.2537841796875,21600,0.0,0.0
2003-09-11 00:00:00+09:00,322.8386582196769,322.8386582196769,310.13680937168965,312.2537841796875,27500,0.0,0.0
2003-09-12 00:00:00+09:00,326.01400519273955,354.0639114836733,325.48476167781627,353.53466796875,63000,0.0,0.0
2003-09-15 00:00:00+09:00,353.53466796875,353.53466796875,353.53466796875,353.53466796875,0,0.0,0.0
2003-09-16 00:00:00+09:00,352.4762658192783,357.2394586006199,336.06971290576837,349.8300476074219,44800,0.0,0.0
2003-09-17 00:00:00+09:00,344.537521575218,349.3007131177325,339.77433003270346,341.362060546875,22400,0.0,0.0
2003-09-18 00:00:00+09:00,341.36210696797974,341.36210696797974,328.1310175506162,338.1866455078125,23900,0.0,0.0
2003-09-19 00:00:00+09:00,333.423535823822,346.65462851524353,328.1310987472534,338.7159729003906,22300,0.0,0.0
2003-09-22 00:00:00+09:00,329.718749129451,345.59605647115814,329.718749129451,333.95269775390625,7400,0.0,0.0
2003-09-23 00:00:00+09:00,333.95269775390625,333.95269775390625,333.95269775390625,333.95269775390625,0,0.0,0.0
2003-09-24 00:00:00+09:00,328.1310175506162,338.1866455078125,328.1310175506162,338.1866455078125,22800,0.0,0.0
2003-09-25 00:00:00+09:00,302.1980886508764,306.96128094134554,301.6688450630465,306.4320373535156,3500,0.0,0.0
2003-09-26 00:00:00+09:00,305.9028116861979,305.9028116861979,291.6132339776731,296.9056701660156,6900,0.0,0.0
2003-09-29 00:00:00+09:00,296.90569362845474,296.90569362845474,295.3179626464844,295.3179626464844,3700,0.0,0.0
2003-09-30 00:00:00+09:00,296.3764038085938,296.3764038085938,293.7301859174456,296.37640380859375,4000,0.0,0.0
2003-10-01 00:00:00+09:00,296.37642775909814,296.37642775909814,292.6717224121094,292.6717224121094,3100,0.0,0.0
2003-10-02 00:00:00+09:00,296.3764428490991,301.6688793285473,285.7915698902027,293.730224609375,6300,0.0,0.0
2003-10-03 00:00:00+09:00,286.8500897879978,301.1396699065881,286.32084607990186,287.37933349609375,7700,0.0,0.0
2003-10-06 00:00:00+09:00,296.37635830965905,296.37635830965905,288.43770585493604,291.08392333984375,5200,0.0,0.0
2003-10-07 00:00:00+09:00,298.49336258966304,298.49336258966304,297.43487548828125,297.43487548828125,4200,0.0,0.0
2003-10-08 00:00:00+09:00,296.90564738682343,296.90564738682343,293.7301859174456,296.37640380859375,4400,0.0,0.0
2003-10-09 00:00:00+09:00,293.730224609375,294.25946825731984,291.6132500175957,293.730224609375,3900,0.0,0.0
2003-10-10 00:00:00+09:00,293.730224609375,296.3764428490991,291.6132500175957,293.730224609375,5400,0.0,0.0
2003-10-13 00:00:00+09:00,293.730224609375,293.730224609375,293.730224609375,293.730224609375,0,0.0,0.0
2003-10-14 00:00:00+09:00,293.7302078652171,299.02264404296875,293.7302078652171,299.02264404296875,7000,0.0,0.0
2003-10-15 00:00:00+09:00,299.02268756368886,304.31512451171875,296.9057127844769,304.31512451171875,4300,0.0,0.0
2003-10-16 00:00:00+09:00,309.60750085210714,314.3706931729088,297.9641418457031,297.9641418457031,9200,0.0,0.0
2003-10-17 00:00:00+09:00,300.08109882061297,309.60748291015625,300.08109882061297,309.60748291015625,1700,0.0,0.0
2003-10-20 00:00:00+09:00,309.60746028505525,311.72443437247443,304.3150250665073,306.96124267578125,4800,0.0,0.0
2003-10-21 00:00:00+09:00,304.31504730485443,310.1367264706864,304.31504730485443,309.60748291015625,5900,0.0,0.0
2003-10-22 00:00:00+09:00,308.0198241757675,309.6075552282199,300.61041259765625,300.61041259765625,3200,0.0,0.0
2003-10-23 00:00:00+09:00,296.3764038085938,296.3764038085938,291.08396802629744,296.37640380859375,7100,0.0,0.0
2003-10-24 00:00:00+09:00,302.7272644042969,302.7272644042969,291.0839080810547,298.4933166503906,5600,0.0,0.0
2003-10-27 00:00:00+09:00,290.5547330271311,292.14246380870014,290.5547330271311,291.61322021484375,5700,0.0,0.0
2003-10-28 00:00:00+09:00,293.20098096143016,297.43493014498875,293.20098096143016,293.730224609375,1400,0.0,0.0
2003-10-29 00:00:00+09:00,309.60746028505525,309.60746028505525,296.37637223868535,306.96124267578125,2400,0.0,0.0
2003-10-30 00:00:00+09:00,300.08118366442227,301.6689147949219,300.08118366442227,301.6689147949219,300,0.0,0.0
2003-10-31 00:00:00+09:00,303.25659179687494,303.25659179687494,303.25659179687494,303.256591796875,100,0.0,0.0
2003-11-03 00:00:00+09:00,303.25659179687494,303.25659179687494,303.25659179687494,303.256591796875,0,0.0,0.0
2003-11-04 00:00:00+09:00,291.6132500175957,301.6688793285473,291.6132500175957,293.730224609375,4900,0.0,0.0
2003-11-05 00:00:00+09:00,301.6689147949219,303.2566459254215,297.4349651135896,301.6689147949219,7100,0.0,0.0
2003-11-06 00:00:00+09:00,301.668747054947,306.4319377979199,301.668747054947,302.72723388671875,6000,0.0,0.0
2003-11-07 00:00:00+09:00,296.3764428490991,296.3764428490991,293.730224609375,293.730224609375,1400,0.0,0.0
2003-11-10 00:00:00+09:00,296.3764428490991,296.3764428490991,293.730224609375,293.730224609375,4300,0.0,0.0
2003-11-11 00:00:00+09:00,287.3792506955704,287.9084942511792,275.73589247217717,280.49908447265625,8000,0.0,0.0
2003-11-12 00:00:00+09:00,296.3764038085938,296.3764038085938,280.4990964617048,296.37640380859375,2500,0.0,0.0
2003-11-13 00:00:00+09:00,289.49623729160857,296.3764038085938,289.49623729160857,296.37640380859375,1200,0.0,0.0
2003-11-14 00:00:00+09:00,285.79153224400113,296.3764038085938,285.79153224400113,296.37640380859375,2000,0.0,0.0
2003-11-17 00:00:00+09:00,277.8528670394375,280.4990848207655,277.3236234831719,278.3821105957031,5900,0.0,0.0
2003-11-18 00:00:00+09:00,272.5604668442084,275.2066849689094,259.3293762207031,259.3293762207031,14200,0.0,0.0
2003-11-19 00:00:00+09:00,259.3293762207031,260.91710709552376,259.3293762207031,259.3293762207031,1700,0.0,0.0
2003-11-20 00:00:00+09:00,260.3878706183443,264.6218197340898,260.3878706183443,260.9171142578125,6400,0.0,0.0
2003-11-21 00:00:00+09:00,264.62178791830405,266.2095186458139,264.62178791830405,265.1510314941406,2600,0.0,0.0
2003-11-24 00:00:00+09:00,265.1510314941406,265.1510314941406,265.1510314941406,265.1510314941406,0,0.0,0.0
2003-11-25 00:00:00+09:00,266.73878389246323,275.7359254126455,265.15105303596044,269.91424560546875,6000,0.0,0.0
2003-11-26 00:00:00+09:00,283.14531883826623,283.14531883826623,275.2066650390625,275.2066650390625,3700,0.0,0.0
2003-11-27 00:00:00+09:00,269.9141924263227,270.4434359408841,267.2679748535156,267.2679748535156,3700,0.0,0.0
2003-11-28 00:00:00+09:00,266.20954334492586,268.85576146962694,259.3293762207031,259.3293762207031,14100,0.0,0.0
2003-12-01 00:00:00+09:00,269.91419834877127,293.73015702660405,267.26798071790097,283.6745300292969,29400,0.0,0.0
2003-12-02 00:00:00+09:00,292.6716699742559,293.73015702660405,278.3820947675563,283.6745300292969,26200,0.0,0.0
2003-12-03 00:00:00+09:00,285.79152002874406,285.79152002874406,280.49908447265625,280.49908447265625,3200,0.0,0.0
2003-12-04 00:00:00+09:00,276.2651133582024,282.0867919921875,276.2651133582024,282.0867919921875,3600,0.0,0.0
2003-12-05 00:00:00+09:00,276.26515221228965,278.382126558744,273.08969069260814,275.2066650390625,8700,0.0,0.0
2003-12-08 00:00:00+09:00,273.08968384502924,274.1481709917154,267.26800453825535,271.501953125,26400,0.0,0.0
2003-12-09 00:00:00+09:00,272.56044710599457,277.3236393855168,272.56044710599457,275.2066650390625,6300,0.0,0.0
2003-12-10 00:00:00+09:00,279.440605881118,279.440605881118,274.1481701636726,275.73590087890625,6600,0.0,0.0
2003-12-11 00:00:00+09:00,277.8528887311989,285.79154269494745,277.8528887311989,283.14532470703125,19700,0.0,0.0
2003-12-12 00:00:00+09:00,287.9084780092593,291.08393916377315,285.79150390625,285.79150390625,27100,0.0,0.0
2003-12-15 00:00:00+09:00,278.38204248318647,285.26220703125,278.38204248318647,285.26220703125,8200,0.0,0.0
2003-12-16 00:00:00+09:00,282.0868711300648,295.3179626464844,282.0868711300648,295.3179626464844,28200,0.0,0.0
2003-12-17 00:00:00+09:00,297.9642001740829,309.60756145974864,297.4349564792799,304.31512451171875,26000,0.0,0.0
2003-12-18 00:00:00+09:00,309.0782496861049,309.0782496861049,293.7301859174456,296.37640380859375,25900,0.0,0.0
2003-12-19 00:00:00+09:00,294.2594141841359,301.1395803431175,294.2594141841359,297.43487548828125,7000,0.0,0.0
2003-12-22 00:00:00+09:00,294.2594381841255,297.4348997472635,291.61322021484375,291.61322021484375,3700,0.0,0.0
2003-12-23 00:00:00+09:00,291.61322021484375,291.61322021484375,291.61322021484375,291.61322021484375,0,0.0,0.0
2003-12-24 00:00:00+09:00,295.84718538336796,295.84718538336796,286.32080016529886,288.4377746582031,16100,0.0,0.0
2003-12-25 00:00:00+09:00,290.5547491511074,290.5547491511074,286.85004378852494,288.4377746582031,7400,0.0,0.0
2003-12-26 00:00:00+09:00,290.0255055278813,290.0255055278813,287.379287411751,288.4377746582031,5600,0.0,0.0
2003-12-29 00:00:00+09:00,288.4377752787084,288.4377752787084,284.2038262837916,286.32080078125,22200,0.0,0.0
2003-12-30 00:00:00+09:00,287.9085821158619,293.2010192871094,287.37933839873716,293.2010192871094,14900,0.0,0.0
2003-12-31 00:00:00+09:00,293.2010192871094,293.2010192871094,293.2010192871094,293.2010192871094,0,0.0,0.0
2004-01-01 00:00:00+09:00,293.2010192871094,293.2010192871094,293.2010192871094,293.2010192871094,0,0.0,0.0
2004-01-02 00:00:00+09:00,293.2010192871094,293.2010192871094,293.2010192871094,293.2010192871094,0,0.0,0.0
2004-01-05 00:00:00+09:00,293.7302447036958,300.61041259765625,293.7302447036958,300.61041259765625,17200,0.0,0.0
2004-01-06 00:00:00+09:00,306.9612947991829,312.7829745281329,306.9612947991829,311.7244873046875,26800,0.0,0.0
2004-01-07 00:00:00+09:00,314.89991778265966,317.54613557915263,312.78294354546534,313.8414306640625,52300,0.0,0.0
2004-01-08 00:00:00+09:00,328.13098913633377,333.42342444498433,325.4847714820085,327.60174560546875,49200,0.0,0.0
2004-01-09 00:00:00+09:00,332.8942282647138,332.8942282647138,322.8385997479736,324.42633056640625,19500,0.0,0.0
2004-01-12 00:00:00+09:00,324.4263305664063,324.4263305664063,324.4263305664063,324.42633056640625,0,0.0,0.0
2004-01-13 00:00:00+09:00,328.1311065272281,328.1311065272281,321.2509381645604,321.7801818847656,12300,0.0,0.0
2004-01-14 00:00:00+09:00,323.3677673339844,323.3677673339844,322.30928037053434,323.3677673339844,9900,0.0,0.0
2004-01-15 00:00:00+09:00,323.89705719750776,325.48478787004456,319.1338651798974,320.1923522949219,14100,0.0,0.0
2004-01-16 00:00:00+09:00,319.66310873740963,320.1923522949219,318.07537806487284,320.1923522949219,7800,0.0,0.0
2004-01-19 00:00:00+09:00,322.83860029649657,322.83860029649657,319.6631386542359,322.3093566894531,10800,0.0,0.0
2004-01-20 00:00:00+09:00,322.8385700824832,322.8385700824832,319.66310873740963,320.1923522949219,11800,0.0,0.0
2004-01-21 00:00:00+09:00,327.60180728571197,327.60180728571197,322.83861461112167,325.4848327636719,20600,0.0,0.0
2004-01-22 00:00:00+09:00,321.7801661757172,326.5433594250288,321.7801661757172,322.8386535644531,14900,0.0,0.0
2004-01-23 00:00:00+09:00,321.7800829674587,326.01403142755686,320.1923522949219,320.1923522949219,28100,0.0,0.0
2004-01-26 00:00:00+09:00,320.19236043294273,321.2508475748698,317.546142578125,317.546142578125,16200,0.0,0.0
2004-01-27 00:00:00+09:00,315.9584118652344,321.2508475748698,315.9584118652344,317.546142578125,11900,0.0,0.0
2004-01-28 00:00:00+09:00,320.19233691044263,322.3093110387762,317.54611925002575,321.2508239746094,14500,0.0,0.0
2004-01-29 00:00:00+09:00,321.7801818847656,322.838669325176,317.54623212312396,321.7801818847656,21900,0.0,0.0
2004-01-30 00:00:00+09:00,321.7801661757172,323.3678972588211,321.7801661757172,322.8386535644531,15300,0.0,0.0
2004-02-02 00:00:00+09:00,323.89702558593746,333.4234086914062,323.89702558593746,330.7771911621094,16700,0.0,0.0
2004-02-03 00:00:00+09:00,331.8357010618947,336.0696494008025,330.77721397716783,331.30645751953125,31600,0.0,0.0
2004-02-04 00:00:00+09:00,336.0697474696759,344.0084029217155,336.0697474696759,337.12823486328125,23800,0.0,0.0
2004-02-05 00:00:00+09:00,336.5989902633215,341.36218352176473,336.5989902633215,339.2452087402344,16700,0.0,0.0
2004-02-06 00:00:00+09:00,339.2451509695192,339.2451509695192,324.42633002233276,326.5433044433594,28800,0.0,0.0
2004-02-09 00:00:00+09:00,327.60180728571197,327.60180728571197,324.42634550265177,325.4848327636719,9500,0.0,0.0
2004-02-10 00:00:00+09:00,323.8971018721418,327.60180728571197,323.8971018721418,325.4848327636719,5900,0.0,0.0
2004-02-11 00:00:00+09:00,325.4848327636719,325.4848327636719,325.4848327636719,325.4848327636719,0,0.0,0.0
2004-02-12 00:00:00+09:00,327.6017533089351,328.1309968522452,327.072509765625,327.072509765625,10200,0.0,0.0
2004-02-13 00:00:00+09:00,327.07254804861606,328.13103525912936,326.0140608381027,326.5433044433594,8200,0.0,0.0
2004-02-16 00:00:00+09:00,326.5432832845052,326.5432832845052,317.546142578125,317.546142578125,18000,0.0,0.0
2004-02-17 00:00:00+09:00,318.0754758433292,322.30942560497084,317.54623212312396,321.7801818847656,13200,0.0,0.0
2004-02-18 00:00:00+09:00,320.19245072415,321.7801818847656,319.1339632837396,321.7801818847656,10600,0.0,0.0
2004-02-19 00:00:00+09:00,319.1338651798974,321.7800829674587,319.1338651798974,320.1923522949219,3500,0.0,0.0
2004-02-20 00:00:00+09:00,319.1339632837396,322.30942560497084,317.54623212312396,321.7801818847656,13800,0.0,0.0
2004-02-23 00:00:00+09:00,358.29791621838586,374.7044677734375,354.06396742998544,374.7044677734375,161800,0.0,0.0
2004-02-24 00:00:00+09:00,378.4091428484235,378.4091428484235,364.11956682477677,370.4704895019531,102900,0.0,0.0
2004-02-25 00:00:00+09:00,373.1166828055821,384.76004028320307,373.1166828055821,384.7600402832031,69100,0.0,0.0
2004-02-26 00:00:00+09:00,384.230840891479,397.9911740363529,383.7015973089838,392.16949462890625,110300,0.0,0.0
2004-02-27 00:00:00+09:00,396.40341456173843,397.99114519416196,370.47048089882094,377.35064697265625,161600,0.0,0.0
2004-03-01 00:00:00+09:00,373.1166986195268,379.99686469336206,371.52896798710333,377.35064697265625,119200,0.0,0.0
2004-03-02 00:00:00+09:00,378.40920876994994,385.8186198507602,377.87996512132065,382.6431579589844,75200,0.0,0.0
2004-03-03 00:00:00+09:00,386.3477467880834,422.86554751188856,384.760016321831,413.868408203125,139500,0.0,0.0
2004-03-04 00:00:00+09:00,422.3363335503472,439.2721263744213,419.16087239583334,428.687255859375,111100,0.0,0.0
2004-03-05 00:00:00+09:00,428.6873201559518,428.6873201559518,415.9854736328125,415.9854736328125,33800,0.0,0.0
2004-03-08 00:00:00+09:00,418.10235611313135,420.74857355688533,413.86840820312494,413.868408203125,22700,0.0,0.0
2004-03-09 00:00:00+09:00,397.9913435256201,412.8101701462549,397.4620997177403,405.4007568359375,20500,0.0,0.0
2004-03-10 00:00:00+09:00,398.5204765289589,404.87140045770724,398.5204765289589,400.637451171875,10700,0.0,0.0
2004-03-11 00:00:00+09:00,395.87419190111183,395.87419190111183,391.64024332462935,392.69873046875,12900,0.0,0.0
2004-03-12 00:00:00+09:00,390.58176525728203,391.6402524260009,383.1723550762496,385.8185729980469,33000,0.0,0.0
2004-03-15 00:00:00+09:00,386.8769397512369,406.9881896972656,386.8769397512369,406.9881896972656,27200,0.0,0.0
2004-03-16 00:00:00+09:00,406.45913143989435,406.45913143989435,399.5789638504169,400.637451171875,21400,0.0,0.0
2004-03-17 00:00:00+09:00,405.9298323392868,407.5175631046295,400.1081528663635,406.4590759277344,8800,0.0,0.0
2004-03-18 00:00:00+09:00,407.51750960965506,407.51750960965506,400.63734386299853,405.9297790527344,20400,0.0,0.0
2004-03-19 00:00:00+09:00,406.45909090909095,407.51757812500006,400.6374112215909,407.517578125,7200,0.0,0.0
2004-03-22 00:00:00+09:00,407.5176172194138,408.04686087814036,404.87139892578125,404.87139892578125,13600,0.0,0.0
2004-03-23 00:00:00+09:00,405.4006425845078,407.5176172194138,403.28366794960175,404.87139892578125,15100,0.0,0.0
2004-03-24 00:00:00+09:00,407.51753988896826,412.2807319136445,406.4590527723735,408.0467834472656,22800,0.0,0.0
2004-03-25 00:00:00+09:00,412.28070837182685,412.28070837182685,408.57600367528926,411.75146484375,17400,0.0,0.0
2004-03-26 00:00:00+09:00,393.40353644875916,412.83087158203125,393.40353644875916,412.83087158203125,9700,15.0,0.0
2004-03-29 00:00:00+09:00,412.8307122802735,412.8307122802735,404.1963444417318,404.7359924316406,7200,0.0,0.0
2004-03-30 00:00:00+09:00,405.27576709050004,410.672248676259,400.418933663317,401.49822998046875,11400,0.0,0.0
2004-03-31 00:00:00+09:00,404.73615322188425,409.5929870605469,402.03791220040506,409.5929870605469,11800,0.0,0.0
2004-04-01 00:00:00+09:00,409.0533784521879,410.1326749652544,393.40357901272426,400.41900634765625,17300,0.0,0.0
2004-04-02 00:00:00+09:00,399.33958018173905,406.8946533203125,399.33958018173905,406.8946533203125,7600,0.0,0.0
2004-04-05 00:00:00+09:00,406.89473191018743,410.67226920908837,399.33965731238555,405.2757873535156,18000,0.0,0.0
2004-04-06 00:00:00+09:00,405.81541524907595,407.97400788337956,401.49822998046875,401.49822998046875,8000,0.0,0.0
2004-04-07 00:00:00+09:00,402.0378957071446,404.7361366179308,399.3396547963584,399.8793029785156,14500,0.0,0.0
2004-04-08 00:00:00+09:00,395.02252378232396,402.03795111725594,395.02252378232396,400.41900634765625,13800,0.0,0.0
2004-04-09 00:00:00+09:00,400.4188749513717,400.4188749513717,393.94309799798026,395.5620422363281,12600,0.0,0.0
2004-04-12 00:00:00+09:00,400.95845427033083,402.03775024414057,396.10162238818685,402.0377502441406,8500,0.0,0.0
2004-04-13 00:00:00+09:00,403.65669645182294,410.1324723307292,403.65669645182294,404.7359924316406,18700,0.0,0.0
2004-04-14 00:00:00+09:00,402.03787514389745,411.75154192589764,400.9585788347863,407.4343566894531,18500,0.0,0.0
2004-04-15 00:00:00+09:00,410.13259746223093,411.2118937713421,405.2757640712308,407.4343566894531,14700,0.0,0.0
2004-04-16 00:00:00+09:00,407.97402497539366,412.2912104248687,407.97402497539366,411.2119140625,12800,0.0,0.0
2004-04-19 00:00:00+09:00,411.7515751857383,414.989464374617,411.2119269875919,412.83087158203125,11000,0.0,0.0
2004-04-20 00:00:00+09:00,412.830793261528,414.4497375488281,407.43431230386096,414.4497375488281,9000,0.0,0.0
2004-04-21 00:00:00+09:00,417.6875915527344,417.6875915527344,414.44970324612405,417.6875915527344,13900,0.0,0.0
2004-04-22 00:00:00+09:00,417.14794537905476,417.14794537905476,411.75146484375,411.75146484375,6900,0.0,0.0
2004-04-23 00:00:00+09:00,410.6722412109375,412.8308338060015,407.4343523183414,410.6722412109375,13400,0.0,0.0
2004-04-26 00:00:00+09:00,410.1325225830078,410.1325225830078,405.27569007873535,405.8153381347656,12400,0.0,0.0
2004-04-27 00:00:00+09:00,405.81534572379303,407.97393798828125,402.57745732706064,407.97393798828125,11400,0.0,0.0
2004-04-28 00:00:00+09:00,405.27574369869126,410.1325768455464,401.4982068066928,403.65679931640625,7900,0.0,0.0
2004-04-29 00:00:00+09:00,403.6567993164062,403.6567993164062,403.6567993164062,403.65679931640625,0,0.0,0.0
2004-04-30 00:00:00+09:00,405.2757222466614,408.51361083984375,399.8792412580241,408.51361083984375,8700,0.0,0.0
2004-05-03 00:00:00+09:00,408.51361083984375,408.51361083984375,408.51361083984375,408.51361083984375,0,0.0,0.0
2004-05-04 00:00:00+09:00,408.51361083984375,408.51361083984375,408.51361083984375,408.51361083984375,0,0.0,0.0
2004-05-05 00:00:00+09:00,408.51361083984375,408.51361083984375,408.51361083984375,408.51361083984375,0,0.0,0.0
2004-05-06 00:00:00+09:00,405.2757873535156,409.59297283797383,402.5775464257292,405.2757873535156,8700,0.0,0.0
2004-05-07 00:00:00+09:00,399.3396142969794,405.27574369869126,398.2603180421227,403.65679931640625,17100,0.0,0.0
2004-05-10 00:00:00+09:00,407.4343568557614,409.05330132008896,393.4035048315895,396.10174560546875,24500,0.0,0.0
2004-05-11 00:00:00+09:00,393.4033872247933,393.4033872247933,378.2932434082032,378.2932434082031,15700,0.0,0.0
2004-05-12 00:00:00+09:00,397.72063274173945,397.72063274173945,383.68978273999556,392.8638000488281,14800,0.0,0.0
2004-05-13 00:00:00+09:00,392.8638044578833,392.8638044578833,380.9915466308594,380.9915466308594,11000,0.0,0.0
2004-05-14 00:00:00+09:00,382.0709426559768,386.3881284486997,380.4519979837057,385.8484802246094,7400,0.0,0.0
2004-05-17 00:00:00+09:00,398.79993756975443,398.79993756975443,370.1985888671875,377.753662109375,12300,0.0,0.0
2004-05-18 00:00:00+09:00,371.8175359898832,372.35718408275676,362.6435184110327,363.18316650390625,8400,0.0,0.0
2004-05-19 00:00:00+09:00,373.976158463211,376.67439914476375,369.65897337272656,371.81756591796875,2300,0.0,0.0
2004-05-20 00:00:00+09:00,370.7383013458692,375.05548680550083,368.5797086160534,374.5158386230469,5300,0.0,0.0
2004-05-21 00:00:00+09:00,377.213942886395,388.5465506125957,375.05535093854724,387.4672546386719,7400,0.0,0.0
2004-05-24 00:00:00+09:00,392.8638231477685,392.8638231477685,387.46734206057386,390.7052307128906,3900,0.0,0.0
2004-05-25 00:00:00+09:00,388.00709000604996,388.00709000604996,381.5313110351562,381.53131103515625,9000,0.0,0.0
2004-05-26 00:00:00+09:00,388.54658693449267,388.54658693449267,383.6897545978115,386.9276428222656,2200,0.0,0.0
2004-05-27 00:00:00+09:00,386.9276996786664,393.40347707914617,385.8484034452531,390.16558837890625,11300,0.0,0.0
2004-05-28 00:00:00+09:00,390.7052249461207,391.244873046875,388.54663254310344,391.244873046875,3400,0.0,0.0
2004-05-31 00:00:00+09:00,393.9430962028084,393.9430962028084,389.08626350989704,392.8638000488281,2200,0.0,0.0
2004-06-01 00:00:00+09:00,393.4034654498922,393.4034654498922,387.46733634159483,391.244873046875,1600,0.0,0.0
2004-06-02 00:00:00+09:00,388.54658693449267,391.24482712153775,386.92764282226557,386.9276428222656,6100,0.0,0.0
2004-06-03 00:00:00+09:00,392.8638231477685,392.8638231477685,388.0069901692933,390.7052307128906,5300,0.0,0.0
2004-06-04 00:00:00+09:00,391.2448501063636,393.4034423828125,386.38801748435355,393.4034423828125,9000,0.0,0.0
2004-06-07 00:00:00+09:00,392.86381156648156,393.40345965929265,390.16557110242604,391.7845153808594,8100,0.0,0.0
2004-06-08 00:00:00+09:00,394.4828011411412,403.6568197723305,393.94315298636536,396.10174560546875,7900,0.0,0.0
2004-06-09 00:00:00+09:00,394.48268179061125,398.79986572265625,394.48268179061125,398.79986572265625,4300,0.0,0.0
2004-06-10 00:00:00+09:00,399.3396723884231,399.87932059435343,396.6414313587716,398.2603759765625,7400,0.0,0.0
2004-06-11 00:00:00+09:00,392.86374899296135,397.7205810546875,392.86374899296135,397.7205810546875,28600,0.0,0.0
2004-06-14 00:00:00+09:00,397.18099742720887,404.19642265350467,396.6413493328784,403.11712646484375,11200,0.0,0.0
2004-06-15 00:00:00+09:00,398.2602143358064,402.03775024414057,398.2602143358064,402.0377502441406,3200,0.0,0.0
2004-06-16 00:00:00+09:00,404.19634219176015,404.735990178665,399.3395103096162,402.0377502441406,11000,0.0,0.0
2004-06-17 00:00:00+09:00,402.5774536132813,404.1963977967127,401.49815749099366,402.57745361328125,7400,0.0,0.0
2004-06-18 00:00:00+09:00,402.0377651095552,402.0377651095552,397.7205810546875,397.7205810546875,6500,0.0,0.0
2004-06-21 00:00:00+09:00,399.3396547963584,406.89472934655976,399.3396547963584,399.8793029785156,11100,0.0,0.0
2004-06-22 00:00:00+09:00,399.33963734616515,402.5775262976206,399.33963734616515,401.49822998046875,4000,0.0,0.0
2004-06-23 00:00:00+09:00,401.49828408730997,404.1965252438107,399.3396911621094,399.3396911621094,3900,0.0,0.0
2004-06-24 00:00:00+09:00,399.33970983458977,403.65689588685564,399.33970983458977,400.41900634765625,5900,0.0,0.0
2004-06-25 00:00:00+09:00,402.03780555213746,403.1171016744251,399.8792133075622,402.57745361328125,7900,0.0,0.0
2004-06-28 00:00:00+09:00,402.0377524820964,404.7359924316407,400.4188085123698,404.7359924316406,10800,0.0,0.0
2004-06-29 00:00:00+09:00,406.3550489567852,420.9255487201759,406.3550489567852,419.84625244140625,15400,0.0,0.0
2004-06-30 00:00:00+09:00,420.92547410534274,423.6237143239667,417.68758584299394,418.22723388671875,17400,0.0,0.0
2004-07-01 00:00:00+09:00,418.227274219195,420.9255146980285,410.13255278269446,414.4497375488281,8200,0.0,0.0
2004-07-02 00:00:00+09:00,417.14799709567774,419.3065895774148,415.529052734375,415.529052734375,16800,0.0,0.0
2004-07-05 00:00:00+09:00,415.5290164774339,419.30655299086516,415.5290164774339,416.06866455078125,10600,0.0,0.0
2004-07-06 00:00:00+09:00,418.7668895396462,418.7668895396462,411.75146484375,411.75146484375,13900,0.0,0.0
2004-07-07 00:00:00+09:00,405.2757452449317,411.21187466929155,405.2757452449317,406.35504150390625,9800,0.0,0.0
2004-07-08 00:00:00+09:00,406.35506038034197,411.75154192589764,406.35506038034197,407.4343566894531,2400,0.0,0.0
2004-07-09 00:00:00+09:00,405.8153362549148,411.75146484375,405.8153362549148,411.75146484375,5500,0.0,0.0
2004-07-12 00:00:00+09:00,409.59275939225216,414.98923843562835,409.59275939225216,413.9099426269531,9500,0.0,0.0
2004-07-13 00:00:00+09:00,417.68759343258523,417.68759343258523,410.1325206831586,411.75146484375,7700,0.0,0.0
2004-07-14 00:00:00+09:00,415.5290302689283,415.5290302689283,409.0532531738281,409.0532531738281,7000,0.0,0.0
2004-07-15 00:00:00+09:00,409.0532805906897,409.0532805906897,403.6567993164062,403.65679931640625,6100,0.0,0.0
2004-07-16 00:00:00+09:00,408.5136574514717,408.5136574514717,399.33963872402785,404.19647216796875,3300,0.0,0.0
2004-07-19 00:00:00+09:00,404.1964721679687,404.1964721679687,404.1964721679687,404.19647216796875,0,0.0,0.0
2004-07-20 00:00:00+09:00,404.19634219176015,404.19634219176015,400.4188062834259,402.0377502441406,2600,0.0,0.0
2004-07-21 00:00:00+09:00,400.9585832053415,404.1964721679687,399.33963872402785,404.19647216796875,8000,0.0,0.0
2004-07-22 00:00:00+09:00,404.7359924316407,405.2756404215495,404.1963444417318,404.7359924316406,5200,0.0,0.0
2004-07-23 00:00:00+09:00,410.132578410317,412.83081905775333,406.35504150390625,406.35504150390625,1600,0.0,0.0
2004-07-26 00:00:00+09:00,427.94101114692126,427.94101114692126,405.2757873535156,405.2757873535156,13100,0.0,0.0
2004-07-27 00:00:00+09:00,406.3549861907959,410.1325225830078,405.8153381347656,405.8153381347656,4000,0.0,0.0
2004-07-28 00:00:00+09:00,406.8946533203125,410.13254180827255,406.3550052389858,406.8946533203125,2300,0.0,0.0
2004-07-29 00:00:00+09:00,412.29111289728047,412.29111289728047,406.3549843084453,411.75146484375,7200,0.0,0.0
2004-07-30 00:00:00+09:00,412.29122338388476,412.83087158203125,406.3550932042739,412.83087158203125,6900,0.0,0.0
2004-08-02 00:00:00+09:00,413.3702947226155,413.90994262695307,410.13240729658975,413.9099426269531,4500,0.0,0.0
2004-08-03 00:00:00+09:00,413.9101345441199,413.9101345441199,406.8947085348975,407.4343566894531,6000,0.0,0.0
2004-08-04 00:00:00+09:00,407.43443368258824,407.43443368258824,399.33970983458977,400.41900634765625,7200,0.0,0.0
2004-08-05 00:00:00+09:00,406.35513716952175,406.35513716952175,400.41900634765625,400.41900634765625,1200,0.0,0.0
2004-08-06 00:00:00+09:00,384.22941961419093,395.02238083930865,383.15012349167915,393.9430847167969,15600,0.0,0.0
2004-08-09 00:00:00+09:00,391.2448558178577,393.4034481258183,385.84837504795615,392.8638000488281,4500,0.0,0.0
2004-08-10 00:00:00+09:00,397.7206620127994,397.7206620127994,390.1655883789063,390.16558837890625,2600,0.0,0.0
2004-08-11 00:00:00+09:00,390.16555396813914,393.4034423828125,384.76907327701684,393.4034423828125,11800,0.0,0.0
2004-08-12 00:00:00+09:00,388.54672134506114,388.54672134506114,385.8484802246094,385.8484802246094,3100,0.0,0.0
2004-08-13 00:00:00+09:00,386.3880920410156,386.3880920410156,379.37266578887426,386.3880920410156,8500,0.0,0.0
2004-08-16 00:00:00+09:00,389.0863865011989,389.0863865011989,380.45201454000727,381.53131103515625,7700,0.0,0.0
2004-08-17 00:00:00+09:00,385.848443867774,386.3880920410156,381.53125848184084,386.3880920410156,4600,0.0,0.0
2004-08-18 00:00:00+09:00,380.99166278758173,383.15025577787964,380.99166278758173,381.53131103515625,5900,0.0,0.0
2004-08-19 00:00:00+09:00,382.0708577132025,388.5466349625788,380.9915615049731,385.3087463378906,7600,0.0,0.0
2004-08-20 00:00:00+09:00,379.9122652967437,385.3087463378906,377.75367288028497,385.3087463378906,10600,0.0,0.0
2004-08-23 00:00:00+09:00,385.30884876817754,385.30884876817754,380.45201454000727,381.53131103515625,4300,0.0,0.0
2004-08-24 00:00:00+09:00,377.7536276112432,377.7536276112432,364.2624266251274,372.3571472167969,28900,0.0,0.0
2004-08-25 00:00:00+09:00,366.960693359375,372.3571741440717,366.960693359375,366.960693359375,11000,0.0,0.0
2004-08-26 00:00:00+09:00,372.35718690274615,381.53120455107467,372.35718690274615,377.2140197753906,3000,0.0,0.0
2004-08-27 00:00:00+09:00,381.53119873046876,381.53119873046876,367.5003484235491,377.753662109375,6200,0.0,0.0
2004-08-30 00:00:00+09:00,377.21397012412297,377.21397012412297,372.35713789076516,376.1346740722656,3400,0.0,0.0
2004-08-31 00:00:00+09:00,373.43648309666713,377.7536678723512,372.35718690274615,377.2140197753906,4100,0.0,0.0
2004-09-01 00:00:00+09:00,377.21401004953356,382.61049087999896,376.674361966487,380.9915466308594,5100,0.0,0.0
2004-09-02 00:00:00+09:00,380.99166278758173,382.6106075303052,376.6744768069859,381.53131103515625,4200,0.0,0.0
2004-09-03 00:00:00+09:00,382.0708468191964,382.0708468191964,375.59506975446425,377.753662109375,4700,0.0,0.0
2004-09-06 00:00:00+09:00,377.75377330213485,383.15025577787964,376.6744768069859,381.53131103515625,5100,0.0,0.0
2004-09-07 00:00:00+09:00,381.5312120592272,382.6105082743877,378.2933234137458,379.37261962890625,6500,0.0,0.0
2004-09-08 00:00:00+09:00,381.5312120592272,382.6105082743877,379.37261962890625,379.37261962890625,9400,0.0,0.0
2004-09-09 00:00:00+09:00,369.6590329889666,369.6590329889666,364.80219897889253,369.119384765625,70200,0.0,0.0
2004-09-10 00:00:00+09:00,369.11933536473606,369.11933536473606,365.8814464580279,368.0400390625,26200,0.0,0.0
2004-09-13 00:00:00+09:00,368.57967407046783,370.19861846609217,365.881433411094,366.42108154296875,26500,0.0,0.0
2004-09-14 00:00:00+09:00,366.42105506114757,366.42105506114757,361.56422222528556,363.18316650390625,27300,0.0,0.0
2004-09-15 00:00:00+09:00,362.103864584903,365.88140117520754,362.103864584903,363.7228088378906,28100,0.0,0.0
2004-09-16 00:00:00+09:00,363.7228145967798,365.88140696827406,362.1038703181591,363.18316650390625,23200,0.0,0.0
2004-09-17 00:00:00+09:00,364.80211078252694,364.80211078252694,363.18316650390625,363.18316650390625,12000,0.0,0.0
2004-09-20 00:00:00+09:00,363.18316650390625,363.18316650390625,363.18316650390625,363.18316650390625,0,0.0,0.0
2004-09-21 00:00:00+09:00,364.80202447800406,365.3416724432082,362.6434326171875,362.6434326171875,9200,0.0,0.0
2004-09-22 00:00:00+09:00,363.1831705759669,364.2624667738153,356.7073933888769,359.9452819824219,20700,0.0,0.0
2004-09-23 00:00:00+09:00,359.9452819824219,359.9452819824219,359.9452819824219,359.9452819824219,0,0.0,0.0
2004-09-24 00:00:00+09:00,360.4849853515625,363.1832262598826,358.3263926249065,360.4849853515625,15900,0.0,0.0
2004-09-27 00:00:00+09:00,360.4848440359305,360.4848440359305,357.78660418536214,359.4055480957031,4000,0.0,0.0
2004-09-28 00:00:00+09:00,357.2470207445549,360.48490915009467,356.167724609375,356.167724609375,20000,0.0,0.0
2004-09-29 00:00:00+09:00,350.7712118134244,358.8659320860419,350.7712118134244,353.4694519042969,14700,0.0,0.0
2004-09-30 00:00:00+09:00,358.86591258494445,358.86591258494445,351.85048872990046,352.39013671875,7800,0.0,0.0
2004-10-01 00:00:00+09:00,352.390285629824,358.326416015625,352.390285629824,358.326416015625,10600,0.0,0.0
2004-10-04 00:00:00+09:00,358.86602342039924,362.1039123535156,356.16778264280225,362.1039123535156,10100,0.0,0.0
2004-10-05 00:00:00+09:00,362.643580613938,365.8814697265625,358.8660433158762,365.8814697265625,13300,0.0,0.0
2004-10-06 00:00:00+09:00,362.6435126692322,364.2624569222199,357.2470318259401,363.7228088378906,13700,0.0,0.0
2004-10-07 00:00:00+09:00,361.5641841688855,361.5641841688855,357.24699988030176,361.0245361328125,14200,0.0,0.0
2004-10-08 00:00:00+09:00,356.16770380815586,362.6434802410314,355.0884077360099,361.0245361328125,18100,0.0,0.0
2004-10-11 00:00:00+09:00,361.0245361328125,361.0245361328125,361.0245361328125,361.0245361328125,0,0.0,0.0
2004-10-12 00:00:00+09:00,361.0246335332265,361.56428171489057,359.4056889882345,360.4849853515625,7500,0.0,0.0
2004-10-13 00:00:00+09:00,360.4848440359305,364.26237982672615,359.4055480957031,359.4055480957031,6800,0.0,0.0
2004-10-14 00:00:00+09:00,357.78666881214485,361.5642052852746,356.167724609375,356.167724609375,10400,0.0,0.0
2004-10-15 00:00:00+09:00,353.46959269391533,357.7867785588792,352.92994446079484,354.54888916015625,12400,0.0,0.0
2004-10-18 00:00:00+09:00,353.4694519042969,355.6280439769949,352.9298038861224,353.4694519042969,3400,0.0,0.0
2004-10-19 00:00:00+09:00,354.54874794064585,358.32628406786733,351.85050784977335,353.4694519042969,8500,0.0,0.0
2004-10-20 00:00:00+09:00,351.85053062145977,354.0091228338614,350.771234515259,351.3108825683594,9100,0.0,0.0
2004-10-21 00:00:00+09:00,354.0092210036058,354.0092210036058,350.23168358436,350.7713317871094,14600,0.0,0.0
2004-10-22 00:00:00+09:00,348.0730459623248,348.0730459623248,345.3748052959502,346.4541015625,8200,0.0,0.0
2004-10-25 00:00:00+09:00,349.1523776264311,349.1523776264311,342.6765993706085,343.21624755859375,6100,0.0,0.0
2004-10-26 00:00:00+09:00,343.75587960948116,348.61271307335136,343.75587960948116,347.5334167480469,6300,0.0,0.0
2004-10-27 00:00:00+09:00,350.23168358436,355.628165611854,349.6920353816106,350.7713317871094,7700,0.0,0.0
2004-10-28 00:00:00+09:00,356.16771504626297,357.78665920556415,351.3108825683594,351.3108825683594,9900,0.0,0.0
2004-10-29 00:00:00+09:00,353.46947478076095,358.86595531176494,350.771234515259,351.3108825683594,6700,0.0,0.0
2004-11-01 00:00:00+09:00,355.62808074472844,355.62808074472844,342.6765269695031,344.29547119140625,12500,0.0,0.0
2004-11-02 00:00:00+09:00,344.83513914907576,356.7073974609375,341.0576024134834,356.7073974609375,13800,0.0,0.0
2004-11-03 00:00:00+09:00,356.7073974609375,356.7073974609375,356.7073974609375,356.7073974609375,0,0.0,0.0
2004-11-04 00:00:00+09:00,356.16774768364144,356.16774768364144,348.6126742479278,354.0091552734375,7900,0.0,0.0
2004-11-05 00:00:00+09:00,354.5487520834557,358.8659362792969,354.5487520834557,358.8659362792969,12900,0.0,0.0
2004-11-08 00:00:00+09:00,359.9453345765459,359.9453345765459,354.00920462101067,355.0885009765625,7700,0.0,0.0
2004-11-09 00:00:00+09:00,355.08845147853947,355.08845147853947,350.7712666581317,354.0091552734375,12700,0.0,0.0
2004-11-10 00:00:00+09:00,352.3902109657846,357.78669199129433,352.3902109657846,354.0091552734375,8800,0.0,0.0
2004-11-11 00:00:00+09:00,354.54872867414815,356.16767264069676,352.39013671875,352.39013671875,8300,0.0,0.0
2004-11-12 00:00:00+09:00,351.85064799455387,354.54888916015625,350.7713515283129,354.54888916015625,10000,0.0,0.0
2004-11-15 00:00:00+09:00,354.548805040599,356.7073974609375,353.46950883042973,356.7073974609375,11200,0.0,0.0
2004-11-16 00:00:00+09:00,357.24705556700354,357.24705556700354,352.92987060546875,352.92987060546875,6700,0.0,0.0
2004-11-17 00:00:00+09:00,351.85050784977335,355.6280439769949,351.85050784977335,353.4694519042969,5500,0.0,0.0
2004-11-18 00:00:00+09:00,352.39013671875,356.16767264069676,352.39013671875,352.39013671875,5900,0.0,0.0
2004-11-19 00:00:00+09:00,352.3902646398252,352.9299128245722,351.31096827033105,351.8506164550781,6300,0.0,0.0
2004-11-22 00:00:00+09:00,348.6127389761118,350.7713317871094,346.4541461651142,350.7713317871094,10100,0.0,0.0
2004-11-23 00:00:00+09:00,350.7713317871094,350.7713317871094,350.7713317871094,350.7713317871094,0,0.0,0.0
2004-11-24 00:00:00+09:00,350.7713515283129,354.54888916015625,348.0731103627105,354.54888916015625,4000,0.0,0.0
2004-11-25 00:00:00+09:00,349.1522941648498,350.2315902828246,348.072998046875,348.072998046875,6500,0.0,0.0
2004-11-26 00:00:00+09:00,351.3109347619743,351.3109347619743,346.4541015625,346.4541015625,6900,0.0,0.0
2004-11-29 00:00:00+09:00,345.37481689453125,347.53340950012205,343.7558724403381,345.37481689453125,10500,0.0,0.0
2004-11-30 00:00:00+09:00,346.4541015625,348.0730459623248,344.2955090294003,346.4541015625,7900,0.0,0.0
2004-12-01 00:00:00+09:00,345.3748403105346,347.5334330624754,343.21624755859375,343.21624755859375,5400,0.0,0.0
2004-12-02 00:00:00+09:00,344.29550327520536,348.073040144996,343.75585515094957,346.9937438964844,6600,0.0,0.0
2004-12-03 00:00:00+09:00,345.9144722600901,349.1523612360036,344.29552777213337,347.5334167480469,12300,0.0,0.0
2004-12-06 00:00:00+09:00,346.9937115612449,350.7712480790189,344.29547119140625,344.29547119140625,15600,0.0,0.0
2004-12-07 00:00:00+09:00,346.45411319732665,347.53340950012205,344.29552059173585,345.37481689453125,16300,0.0,0.0
2004-12-08 00:00:00+09:00,345.3747673393417,348.07300770918033,343.2161750434708,344.29547119140625,5400,0.0,0.0
2004-12-09 00:00:00+09:00,342.67657470703125,343.21622285617616,341.5972784087414,342.67657470703125,4800,0.0,0.0
2004-12-10 00:00:00+09:00,342.1369076407916,342.6765557600989,341.5972595214844,341.5972595214844,10300,0.0,0.0
2004-12-13 00:00:00+09:00,346.99370578533046,346.99370578533046,334.0421522256914,344.8351135253906,8600,0.0,0.0
2004-12-14 00:00:00+09:00,339.4386858121617,342.67657470703125,337.2800932155819,342.67657470703125,4500,0.0,0.0
2004-12-15 00:00:00+09:00,338.35942429389405,344.2955545446641,338.35942429389405,339.438720703125,6100,0.0,0.0
2004-12-16 00:00:00+09:00,338.89907249850955,339.97836890774045,337.8197760892786,339.438720703125,3500,0.0,0.0
2004-12-17 00:00:00+09:00,339.4386613045581,343.216198075833,339.4386613045581,342.13690185546875,10000,0.0,0.0
2004-12-20 00:00:00+09:00,345.3747615903756,345.3747615903756,342.6765212654508,344.8351135253906,4100,0.0,0.0
2004-12-21 00:00:00+09:00,346.4540957722286,349.69198451776344,345.9144476479728,346.9937438964844,13100,0.0,0.0
2004-12-22 00:00:00+09:00,348.07303594697976,350.23162841796875,345.37479535824343,350.23162841796875,9700,0.0,0.0
2004-12-23 00:00:00+09:00,350.23162841796875,350.23162841796875,350.23162841796875,350.23162841796875,0,0.0,0.0
2004-12-24 00:00:00+09:00,351.31092465346325,351.31092465346325,348.07303594697976,350.23162841796875,12200,0.0,0.0
2004-12-27 00:00:00+09:00,350.23168358436,350.7713317871094,348.6127389761118,350.7713317871094,8400,0.0,0.0
2004-12-28 00:00:00+09:00,351.85048872990046,353.4694326964491,350.7711927522014,352.39013671875,12000,0.0,0.0
2004-12-29 00:00:00+09:00,352.3901558679479,357.78663604969285,350.7712118134244,353.4694519042969,20100,0.0,0.0
2004-12-30 00:00:00+09:00,355.6281491543385,355.6281491543385,353.46955644323475,355.0885009765625,4200,0.0,0.0
2004-12-31 00:00:00+09:00,355.0885009765625,355.0885009765625,355.0885009765625,355.0885009765625,0,0.0,0.0
2005-01-03 00:00:00+09:00,355.0885009765625,355.0885009765625,355.0885009765625,355.0885009765625,0,0.0,0.0
2005-01-04 00:00:00+09:00,358.3263417761914,361.56423040669915,356.1677493558529,356.7073974609375,11300,0.0,0.0
2005-01-05 00:00:00+09:00,361.56422222528556,364.80211078252694,360.48492603953844,363.18316650390625,15300,0.0,0.0
2005-01-06 00:00:00+09:00,363.1831607535614,364.8021050065491,361.5642165005738,363.7228088378906,17100,0.0,0.0
2005-01-07 00:00:00+09:00,364.80211078252694,364.80211078252694,361.56422222528556,363.18316650390625,8400,0.0,0.0
2005-01-10 00:00:00+09:00,363.18316650390625,363.18316650390625,363.18316650390625,363.18316650390625,0,0.0,0.0
2005-01-11 00:00:00+09:00,363.72287698481284,365.8814697265625,363.72287698481284,365.8814697265625,13600,0.0,0.0
2005-01-12 00:00:00+09:00,365.88135333603554,366.4210013498055,363.7227612809557,365.3417053222656,8400,0.0,0.0
2005-01-13 00:00:00+09:00,364.80217335568767,366.4211179119999,364.80217335568767,365.8814697265625,15800,0.0,0.0
2005-01-14 00:00:00+09:00,365.8814567057292,366.4211048719618,364.26251220703125,364.26251220703125,19000,0.0,0.0
2005-01-17 00:00:00+09:00,366.9607660974373,366.9607660974373,364.2625251702502,365.8814697265625,17400,0.0,0.0
2005-01-18 00:00:00+09:00,365.88135333603554,365.88135333603554,364.26240929472567,365.3417053222656,11100,0.0,0.0
2005-01-19 00:00:00+09:00,365.88139720243566,369.11928567325367,365.88139720243566,366.960693359375,20900,0.0,0.0
2005-01-20 00:00:00+09:00,367.5003778067183,367.5003778067183,364.80213714734447,366.42108154296875,6800,0.0,0.0
2005-01-21 00:00:00+09:00,366.96072967484355,368.0400259385931,364.80213714734447,366.42108154296875,10200,0.0,0.0
2005-01-24 00:00:00+09:00,366.9606493635755,369.11924141865535,364.80205730849565,365.3417053222656,8300,0.0,0.0
2005-01-25 00:00:00+09:00,364.80213714734447,366.42108154296875,364.80213714734447,366.42108154296875,11900,0.0,0.0
2005-01-26 00:00:00+09:00,364.26245296702666,368.03998951631434,364.26245296702666,366.960693359375,15500,0.0,0.0
2005-01-27 00:00:00+09:00,364.80217335568767,368.0400624683121,364.80217335568767,365.8814697265625,8000,0.0,0.0
2005-01-28 00:00:00+09:00,364.80213714734447,367.5003778067183,364.26248901546967,366.42108154296875,10400,0.0,0.0
2005-01-31 00:00:00+09:00,366.42103955329077,369.1192799034623,366.42103955329077,367.5003356933594,20400,0.0,0.0
2005-02-01 00:00:00+09:00,371.81748004292336,375.5950161246367,369.6588879962301,371.27783203125,40400,0.0,0.0
2005-02-02 00:00:00+09:00,372.896808618763,373.9761047363281,370.19856832485004,373.9761047363281,26000,0.0,0.0
2005-02-03 00:00:00+09:00,373.97608196855106,376.6743220981943,372.8967859166938,376.1346740722656,19400,0.0,0.0
2005-02-04 00:00:00+09:00,374.5158386230469,376.13478317040875,373.43654225813896,374.5158386230469,17300,0.0,0.0
2005-02-07 00:00:00+09:00,375.0555320642625,381.5313110351562,375.0555320642625,381.53131103515625,48800,0.0,0.0
2005-02-08 00:00:00+09:00,388.5465984631498,396.64131926446544,384.2294140357815,394.48272705078125,122000,0.0,0.0
2005-02-09 00:00:00+09:00,397.1809444090136,403.117072654257,396.64129638671875,396.64129638671875,83100,0.0,0.0
2005-02-10 00:00:00+09:00,396.10166349765194,396.10166349765194,390.70518306852864,392.3241271972656,27800,0.0,0.0
2005-02-11 00:00:00+09:00,392.3241271972656,392.3241271972656,392.3241271972656,392.3241271972656,0,0.0,0.0
2005-02-14 00:00:00+09:00,397.7206211455881,397.7206211455881,393.9430847167969,393.9430847167969,44000,0.0,0.0
2005-02-15 00:00:00+09:00,393.9430713260026,395.56201545473965,392.3241271972656,392.3241271972656,26800,0.0,0.0
2005-02-16 00:00:00+09:00,391.78447515894675,392.3241231963558,386.92764282226557,386.9276428222656,29800,0.0,0.0
2005-02-17 00:00:00+09:00,387.46734779537303,390.1655883789063,386.9276996786664,390.16558837890625,9800,0.0,0.0
2005-02-18 00:00:00+09:00,389.08638934613595,391.2449823522171,388.00709284309534,389.62603759765625,15700,0.0,0.0
2005-02-21 00:00:00+09:00,390.16558260417116,391.7845269303296,389.6259344954517,390.7052307128906,16400,0.0,0.0
2005-02-22 00:00:00+09:00,392.32418977497707,397.1810229358777,391.7845416459881,395.0224304199219,31900,0.0,0.0
2005-02-23 00:00:00+09:00,393.94309799798026,397.180986474676,392.8638018390817,395.5620422363281,16900,0.0,0.0
2005-02-24 00:00:00+09:00,397.720746468209,399.3396911621094,396.64145000560865,399.3396911621094,25800,0.0,0.0
2005-02-25 00:00:00+09:00,396.6414313587716,399.3396723884231,389.62600468167767,398.2603759765625,29000,0.0,0.0
2005-02-28 00:00:00+09:00,402.03795111725594,402.03795111725594,398.80006157805656,400.41900634765625,44600,0.0,0.0
2005-03-01 00:00:00+09:00,399.3395103096162,402.03775024414057,399.3395103096162,402.0377502441406,16300,0.0,0.0
2005-03-02 00:00:00+09:00,402.0377524820964,405.81528841145837,399.87916052246095,404.7359924316406,36500,0.0,0.0
2005-03-03 00:00:00+09:00,404.73611591667526,409.5929493076754,403.11717145300855,407.4343566894531,22900,0.0,0.0
2005-03-04 00:00:00+09:00,406.35506038034197,410.13259746223093,404.73611591667526,407.4343566894531,23900,0.0,0.0
2005-03-07 00:00:00+09:00,418.2272975981548,418.2272975981548,410.67222383509136,412.2911682128906,37100,0.0,0.0
2005-03-08 00:00:00+09:00,412.8306553489283,412.8306553489283,410.1324157714844,410.1324157714844,35000,0.0,0.0
2005-03-09 00:00:00+09:00,410.13254708834523,414.9893798828125,410.13254708834523,414.9893798828125,35900,0.0,0.0
2005-03-10 00:00:00+09:00,413.90994262695307,414.98923843562835,413.3702947226155,413.9099426269531,24900,0.0,0.0
2005-03-11 00:00:00+09:00,413.3702947226155,414.98923843562835,412.83064681827784,413.9099426269531,68600,0.0,0.0
2005-03-14 00:00:00+09:00,415.5290164774339,418.7669049175178,414.4497203307393,416.06866455078125,31400,0.0,0.0
2005-03-15 00:00:00+09:00,418.2272396038361,418.2272396038361,414.44970324612405,417.6875915527344,21500,0.0,0.0
2005-03-16 00:00:00+09:00,417.68766420986987,419.3066086447918,415.5290716299739,416.6083679199219,30600,0.0,0.0
2005-03-17 00:00:00+09:00,419.84620106421244,419.84620106421244,414.4497203307393,416.06866455078125,26400,0.0,0.0
2005-03-18 00:00:00+09:00,418.2271616185801,420.38575342048244,417.6875136681045,419.30645751953125,60400,0.0,0.0
2005-03-21 00:00:00+09:00,419.30645751953125,419.30645751953125,419.30645751953125,419.30645751953125,0,0.0,0.0
2005-03-22 00:00:00+09:00,420.3858053246323,423.62369342726106,419.8461573075275,423.08404541015625,46100,0.0,0.0
2005-03-23 00:00:00+09:00,423.62369342726106,423.62369342726106,419.8461573075275,423.08404541015625,41800,0.0,0.0
2005-03-24 00:00:00+09:00,422.54449313833044,422.54449313833044,419.84625244140625,419.84625244140625,67000,0.0,0.0
2005-03-25 00:00:00+09:00,420.3858585064228,422.00480276254507,420.3858585064228,420.9255065917969,47000,0.0,0.0
2005-03-28 00:00:00+09:00,410.1326749652544,410.1326749652544,393.9432272692575,400.41900634765625,23400,0.0,0.0
2005-03-29 00:00:00+09:00,394.4827289581299,395.56202507019043,384.2294158935547,388.5466003417969,47300,0.0,0.0
2005-03-30 00:00:00+09:00,377.75359541475353,382.6104273558003,375.0553554475053,378.2932434082031,44600,0.0,0.0
2005-03-31 00:00:00+09:00,378.83295004708424,392.8638000488281,378.83295004708424,392.8638000488281,30400,0.0,0.0
2005-04-01 00:00:00+09:00,378.2932964476702,393.4034423828125,378.2932964476702,393.4034423828125,22100,0.0,0.0
2005-04-04 00:00:00+09:00,383.15012927811074,391.2448503191976,383.15012927811074,384.7690734863281,11000,0.0,0.0
2005-04-05 00:00:00+09:00,385.8484451780703,389.62598240358983,384.7691488279218,389.0863342285156,22300,0.0,0.0
2005-04-06 00:00:00+09:00,389.08619859955763,389.08619859955763,386.38795866474794,387.4672546386719,11600,0.0,0.0
2005-04-07 00:00:00+09:00,386.9276906502347,387.4673387543494,384.76909823377594,385.3087463378906,14300,0.0,0.0
2005-04-08 00:00:00+09:00,385.30866269082406,388.5465506125957,384.7690147038621,387.4672546386719,27900,0.0,0.0
2005-04-11 00:00:00+09:00,396.10170012334817,396.10170012334817,388.54662682399277,391.7845153808594,28900,0.0,0.0
2005-04-12 00:00:00+09:00,391.24484062194824,391.24484062194824,385.8483600616455,388.5466003417969,19300,0.0,0.0
2005-04-13 00:00:00+09:00,388.54666719184627,388.54666719184627,383.15018570307063,388.00701904296875,28100,0.0,0.0
2005-04-14 00:00:00+09:00,384.769048669365,385.8483447385638,380.4518643925699,384.2294006347656,17900,0.0,0.0
2005-04-15 00:00:00+09:00,378.8329582868303,380.4519025530134,375.59506975446425,377.753662109375,15200,0.0,0.0
2005-04-18 00:00:00+09:00,372.35723470052085,372.35723470052085,364.26251220703125,364.26251220703125,28400,0.0,0.0
2005-04-19 00:00:00+09:00,372.3571812220982,383.15014299665177,369.6589407784598,377.753662109375,34300,0.0,0.0
2005-04-20 00:00:00+09:00,384.22945012966125,385.3087463378906,380.4519134008584,385.3087463378906,20200,0.0,0.0
2005-04-21 00:00:00+09:00,379.912225731383,382.6104659709525,375.05539330015796,380.4518737792969,14300,0.0,0.0
2005-04-22 00:00:00+09:00,385.8483447385638,385.8483447385638,382.07080849636804,384.2294006347656,6400,0.0,0.0
2005-04-25 00:00:00+09:00,385.30870621052196,385.84835425843585,378.29328158764133,380.4518737792969,5400,0.0,0.0
2005-04-26 00:00:00+09:00,380.4519724341475,383.15021337339675,379.9123242462976,382.6105651855469,10700,0.0,0.0
2005-04-27 00:00:00+09:00,382.07091699769705,382.6105651855469,379.9123242462976,382.6105651855469,4100,0.0,0.0
2005-04-28 00:00:00+09:00,381.5311698751247,382.0708179230386,378.29328158764133,380.4518737792969,4600,0.0,0.0
2005-04-29 00:00:00+09:00,380.4518737792969,380.4518737792969,380.4518737792969,380.4518737792969,0,0.0,0.0
2005-05-02 00:00:00+09:00,380.4519724341475,382.6105651855469,378.8330278705979,382.6105651855469,6100,0.0,0.0
2005-05-03 00:00:00+09:00,382.6105651855469,382.6105651855469,382.6105651855469,382.6105651855469,0,0.0,0.0
2005-05-04 00:00:00+09:00,382.6105651855469,382.6105651855469,382.6105651855469,382.6105651855469,0,0.0,0.0
2005-05-05 00:00:00+09:00,382.6105651855469,382.6105651855469,382.6105651855469,382.6105651855469,0,0.0,0.0
2005-05-06 00:00:00+09:00,385.3087388589349,385.3087388589349,381.5312022034551,383.150146484375,22000,0.0,0.0
2005-05-09 00:00:00+09:00,386.9276066517099,387.4672546386718,383.1500707429763,387.4672546386719,15300,0.0,0.0
2005-05-10 00:00:00+09:00,394.4827822909329,396.1017266778998,390.1655972590212,395.0224304199219,42400,0.0,0.0
2005-05-11 00:00:00+09:00,395.02238083930865,395.56202890056454,390.7051963492616,393.9430847167969,17100,0.0,0.0
2005-05-12 00:00:00+09:00,391.7845269303296,393.94311936520745,390.16558260417116,390.7052307128906,10400,0.0,0.0
2005-05-13 00:00:00+09:00,389.62594026219966,391.2448846123196,389.08629214549296,390.16558837890625,6400,0.0,0.0
2005-05-16 00:00:00+09:00,384.7691579369463,389.0863434397452,378.8330278705979,382.6105651855469,12000,0.0,0.0
2005-05-17 00:00:00+09:00,383.6898103371645,385.3087546845787,378.8329772949219,378.8329772949219,11300,0.0,0.0
2005-05-18 00:00:00+09:00,378.83297152132604,380.991563951647,378.83297152132604,379.37261962890625,3400,0.0,0.0
2005-05-19 00:00:00+09:00,383.68975260016623,384.769048669365,380.4518643925699,384.2294006347656,18600,0.0,0.0
2005-05-20 00:00:00+09:00,384.2295522730286,384.2295522730286,378.8330697972838,381.53131103515625,6100,0.0,0.0
2005-05-23 00:00:00+09:00,382.61053755419306,388.54666719184627,382.61053755419306,388.00701904296875,12700,0.0,0.0
2005-05-24 00:00:00+09:00,389.6259177592904,390.1655658448296,383.1501407328202,383.6897888183594,12600,0.0,0.0
2005-05-25 00:00:00+09:00,386.927793510901,386.927793510901,381.5313110351562,381.53131103515625,6100,0.0,0.0
2005-05-26 00:00:00+09:00,382.6105651855469,383.68986156124663,381.5312688098472,382.6105651855469,9700,0.0,0.0
2005-05-27 00:00:00+09:00,383.15021337339675,386.9277506883457,382.6105651855469,382.6105651855469,9000,0.0,0.0
2005-05-30 00:00:00+09:00,383.6898511748074,386.92774021425726,383.1502030015658,386.3880920410156,12200,0.0,0.0
2005-05-31 00:00:00+09:00,386.38804254612,387.4673387543494,383.15015392143187,385.3087463378906,9700,0.0,0.0
2005-06-01 00:00:00+09:00,383.1501628617199,390.1655883789063,383.1501628617199,390.16558837890625,30800,0.0,0.0
2005-06-02 00:00:00+09:00,394.48268179061125,399.8791617056675,394.48268179061125,398.79986572265625,95800,0.0,0.0
2005-06-03 00:00:00+09:00,398.7999673228446,400.95855983880045,395.0224304199219,395.0224304199219,8900,0.0,0.0
2005-06-06 00:00:00+09:00,394.48269301353673,401.49811710269677,393.94304500667823,397.7205810546875,16000,0.0,0.0
2005-06-07 00:00:00+09:00,403.11706112327215,403.6567091301306,393.4033969998198,397.7205810546875,30600,0.0,0.0
2005-06-08 00:00:00+09:00,399.8792412580241,408.51361083984375,399.8792412580241,408.51361083984375,49300,0.0,0.0
2005-06-09 00:00:00+09:00,408.513661976297,408.513661976297,399.3396431472388,400.9585876464844,23000,0.0,0.0
2005-06-10 00:00:00+09:00,405.27569765767095,409.0532341205254,405.27569765767095,407.97393798828125,30500,0.0,0.0
2005-06-13 00:00:00+09:00,407.97396274098,410.6722032352987,407.97396274098,408.51361083984375,16000,0.0,0.0
2005-06-14 00:00:00+09:00,405.27569391900033,407.97393422471936,402.03780555213746,402.57745361328125,22800,0.0,0.0
2005-06-15 00:00:00+09:00,402.57740047200525,404.7359924316407,402.57740047200525,404.7359924316406,14300,0.0,0.0
2005-06-16 00:00:00+09:00,406.35508372463016,406.35508372463016,402.03789824017196,405.2757873535156,9800,0.0,0.0
2005-06-17 00:00:00+09:00,401.4981855546153,410.132555136435,401.4981855546153,408.51361083984375,29400,0.0,0.0
2005-06-20 00:00:00+09:00,412.29113413357925,412.8307822149059,406.3550052389858,406.8946533203125,10100,0.0,0.0
2005-06-21 00:00:00+09:00,410.1325206831586,411.75146484375,407.43428041550624,411.75146484375,10500,0.0,0.0
2005-06-22 00:00:00+09:00,411.75135951795073,411.75135951795073,406.8945282785516,410.1324157714844,16400,0.0,0.0
2005-06-23 00:00:00+09:00,410.13254180827255,412.29113413357925,406.3550052389858,406.8946533203125,8900,0.0,0.0
2005-06-24 00:00:00+09:00,405.2757640712308,407.4343566894531,404.73611591667526,407.4343566894531,5900,0.0,0.0
2005-06-27 00:00:00+09:00,402.5774536132813,403.6567497355689,395.56202881841176,402.57745361328125,8400,0.0,0.0
2005-06-28 00:00:00+09:00,402.5775045974954,406.35504150390625,399.33961582057185,406.35504150390625,5300,0.0,0.0
2005-06-29 00:00:00+09:00,415.52910667797914,417.1480512494518,410.1326247730703,413.3705139160156,52100,0.0,0.0
2005-06-30 00:00:00+09:00,414.4497753400259,417.14801606489584,413.3704790500779,416.6083679199219,35700,0.0,0.0
2005-07-01 00:00:00+09:00,416.6082973255243,418.2272414861157,411.75146484375,411.75146484375,24900,0.0,0.0
2005-07-04 00:00:00+09:00,412.2911451657613,417.6876261234283,410.13255278269446,414.4497375488281,6800,0.0,0.0
2005-07-05 00:00:00+09:00,414.4498031496063,414.4498031496063,410.1326177001312,411.2119140625,6400,0.0,0.0
2005-07-06 00:00:00+09:00,412.2911451657613,414.4497375488281,409.5929046869278,414.4497375488281,16900,0.0,0.0
2005-07-07 00:00:00+09:00,409.5929765825794,415.52910667797914,409.5929765825794,413.3705139160156,20600,0.0,0.0
2005-07-08 00:00:00+09:00,410.13255278269446,414.9893856445948,409.5929046869278,414.4497375488281,11200,0.0,0.0
2005-07-11 00:00:00+09:00,414.4497051114024,415.52900121846335,411.75146484375,411.75146484375,5500,0.0,0.0
2005-07-12 00:00:00+09:00,407.43430890005305,412.83078981263657,405.2757165350197,409.0532531738281,10300,0.0,0.0
2005-07-13 00:00:00+09:00,410.1324157714844,411.75135951795073,404.7359366165964,410.1324157714844,19500,0.0,0.0
2005-07-14 00:00:00+09:00,411.2118455388615,412.83078981263657,409.0532531738281,409.0532531738281,10500,0.0,0.0
2005-07-15 00:00:00+09:00,409.0532531738281,411.2118455388615,409.0532531738281,409.0532531738281,9200,0.0,0.0
2005-07-18 00:00:00+09:00,409.0532531738281,409.0532531738281,409.0532531738281,409.0532531738281,0,0.0,0.0
2005-07-19 00:00:00+09:00,410.132630591299,414.44981617647056,409.05333419500613,412.83087158203125,15900,0.0,0.0
2005-07-20 00:00:00+09:00,412.8308657255247,414.98945848748826,410.1326247730703,413.3705139160156,13500,0.0,0.0
2005-07-21 00:00:00+09:00,412.29111289728047,414.4497051114024,411.21181679021953,411.75146484375,7800,0.0,0.0
2005-07-22 00:00:00+09:00,410.6721974476032,412.2911417213782,405.2757165350197,409.0532531738281,19700,0.0,0.0
2005-07-25 00:00:00+09:00,409.59298239315257,412.83087158203125,407.9740377987132,412.83087158203125,8200,0.0,0.0
2005-07-26 00:00:00+09:00,418.227274219195,418.227274219195,411.75149706999457,414.4497375488281,18600,0.0,0.0
2005-07-27 00:00:00+09:00,416.6083679199219,417.14801606489584,414.4497753400259,416.6083679199219,7900,0.0,0.0
2005-07-28 00:00:00+09:00,416.60834897524353,416.60834897524353,414.44975649350647,415.529052734375,5400,0.0,0.0
2005-07-29 00:00:00+09:00,415.5290164774339,418.22725684417054,415.5290164774339,416.06866455078125,27300,0.0,0.0
2005-08-01 00:00:00+09:00,416.06870085480926,418.22729333654627,415.529052734375,415.529052734375,16300,0.0,0.0
2005-08-02 00:00:00+09:00,415.5290716299739,418.22731235484383,415.5290716299739,416.6083679199219,8100,0.0,0.0
2005-08-03 00:00:00+09:00,415.52899366809476,418.7668819304435,415.52899366809476,418.22723388671875,28500,0.0,0.0
2005-08-04 00:00:00+09:00,418.7669049175178,418.7669049175178,414.4497203307393,416.06866455078125,10100,0.0,0.0
2005-08-05 00:00:00+09:00,407.97402497539366,415.52909951197506,407.97402497539366,411.2119140625,28200,0.0,0.0
2005-08-08 00:00:00+09:00,402.03789498236546,411.2119140625,388.0070422715715,411.2119140625,13600,0.0,0.0
2005-08-09 00:00:00+09:00,411.2118455388615,411.2118455388615,408.51360508256977,409.0532531738281,12200,0.0,0.0
2005-08-10 00:00:00+09:00,410.13257153003246,415.529052734375,409.053275289164,415.529052734375,14100,0.0,0.0
2005-08-11 00:00:00+09:00,417.14797223590904,417.14797223590904,409.5928990000711,414.9893798828125,26700,0.0,0.0
2005-08-12 00:00:00+09:00,416.60834897524353,417.687645216112,414.98940461394074,415.529052734375,13800,0.0,0.0
2005-08-15 00:00:00+09:00,417.687645216112,418.22729333654627,415.529052734375,415.529052734375,10500,0.0,0.0
2005-08-16 00:00:00+09:00,417.68766420986987,418.22731235484383,415.5290716299739,416.6083679199219,25800,0.0,0.0
2005-08-17 00:00:00+09:00,417.14801606489584,417.14801606489584,415.5290716299739,416.6083679199219,7200,0.0,0.0
2005-08-18 00:00:00+09:00,416.60829545053093,417.6875915527344,416.0686473994292,417.6875915527344,9800,0.0,0.0
2005-08-19 00:00:00+09:00,417.14801606489584,417.68766420986987,415.5290716299739,416.6083679199219,9900,0.0,0.0
2005-08-22 00:00:00+09:00,417.14794350163265,418.2272396038361,415.5289993483275,417.6875915527344,18700,0.0,0.0
2005-08-23 00:00:00+09:00,418.2273065288193,418.2273065288193,415.52906584153664,417.14801025390625,13700,0.0,0.0
2005-08-24 00:00:00+09:00,415.529052734375,417.14799709567774,412.83081213220373,415.529052734375,10800,0.0,0.0
2005-08-25 00:00:00+09:00,415.5290337403615,415.5290337403615,413.9100894530614,414.4497375488281,8600,0.0,0.0
2005-08-26 00:00:00+09:00,414.44973179453837,414.9893798828125,414.44973179453837,414.9893798828125,13500,0.0,0.0
2005-08-29 00:00:00+09:00,413.9100570578719,415.52900121846335,410.1325206831586,411.75146484375,9100,0.0,0.0
2005-08-30 00:00:00+09:00,413.3705244906178,413.3705244906178,409.5929870605469,409.5929870605469,7200,0.0,0.0
2005-08-31 00:00:00+09:00,410.1326177001312,412.2912104248687,410.1326177001312,411.2119140625,10300,0.0,0.0
2005-09-01 00:00:00+09:00,412.83076095081094,413.3704090043414,411.75146484375,411.75146484375,7600,0.0,0.0
2005-09-02 00:00:00+09:00,411.75146484375,413.9100570578719,411.75146484375,411.75146484375,9800,0.0,0.0
2005-09-05 00:00:00+09:00,413.370460252638,415.529052734375,412.29116401176947,415.529052734375,10300,0.0,0.0
2005-09-06 00:00:00+09:00,415.52902797108663,416.6083241476349,414.44973179453837,414.9893798828125,13900,0.0,0.0
2005-09-07 00:00:00+09:00,416.6083299318949,416.6083299318949,414.4497375488281,414.4497375488281,10200,0.0,0.0
2005-09-08 00:00:00+09:00,411.75152008695756,415.5290569684893,411.75152008695756,412.2911682128906,8700,0.0,0.0
2005-09-09 00:00:00+09:00,411.2118489742279,414.9893856445948,410.6722008784612,414.4497375488281,24200,0.0,0.0
2005-09-12 00:00:00+09:00,417.6876261234283,417.6876261234283,410.13255278269446,414.4497375488281,19600,0.0,0.0
2005-09-13 00:00:00+09:00,414.9893856445948,414.9893856445948,412.830793261528,414.4497375488281,6600,0.0,0.0
2005-09-14 00:00:00+09:00,414.4495905312907,414.4495905312907,411.211703105265,413.9099426269531,13500,0.0,0.0
2005-09-15 00:00:00+09:00,414.4497753400259,416.6083679199219,413.9101271950519,416.6083679199219,11600,0.0,0.0
2005-09-16 00:00:00+09:00,418.2272097430652,426.3219299316407,416.0686176927784,426.3219299316406,35900,0.0,0.0
2005-09-19 00:00:00+09:00,426.3219299316407,426.3219299316407,426.3219299316407,426.3219299316406,0,0.0,0.0
2005-09-20 00:00:00+09:00,429.02023487091066,434.41671581268315,429.02023487091066,431.7184753417969,39100,0.0,0.0
2005-09-21 00:00:00+09:00,434.4166501202161,434.4166501202161,426.3219299316407,426.3219299316406,22300,0.0,0.0
2005-09-22 00:00:00+09:00,426.3220301140243,427.9409745321788,419.84625244140625,419.84625244140625,34800,0.0,0.0
2005-09-23 00:00:00+09:00,419.84625244140625,419.84625244140625,419.84625244140625,419.84625244140625,0,0.0,0.0
2005-09-26 00:00:00+09:00,425.2427989291063,430.0996329270275,420.92561315317624,427.9410400390625,29900,0.0,0.0
2005-09-27 00:00:00+09:00,424.1634521484375,427.40134109613547,420.38591504278986,424.1634521484375,18500,0.0,0.0
2005-09-28 00:00:00+09:00,429.5598180070708,429.5598180070708,424.7029858939256,426.3219299316406,6900,0.0,0.0
2005-09-29 00:00:00+09:00,426.3219107226066,428.48050267563247,424.16331876958077,425.24261474609375,21100,0.0,0.0
2005-09-30 00:00:00+09:00,430.0995351181222,431.17883131666207,425.242702224693,428.4805908203125,24100,0.0,0.0
2005-10-03 00:00:00+09:00,429.5598870188523,431.718479415932,426.32199842323286,428.4805908203125,13500,0.0,0.0
2005-10-04 00:00:00+09:00,428.4805793187127,429.55987548828125,426.8616350643599,429.55987548828125,7000,0.0,0.0
2005-10-05 00:00:00+09:00,430.0996329270275,430.0996329270275,427.94104003906256,427.9410400390625,10900,0.0,0.0
2005-10-06 00:00:00+09:00,426.8616856333545,427.40133378206923,420.92555599749244,422.0048522949219,27500,0.0,0.0
2005-10-07 00:00:00+09:00,427.4012295469946,427.4012295469946,422.0047493759467,423.08404541015625,9500,0.0,0.0
2005-10-10 00:00:00+09:00,423.08404541015625,423.08404541015625,423.08404541015625,423.08404541015625,0,0.0,0.0
2005-10-11 00:00:00+09:00,422.5443748048114,425.2426147460937,422.5443748048114,425.24261474609375,9400,0.0,0.0
2005-10-12 00:00:00+09:00,425.7823980165041,427.40134249565426,424.16345353735386,426.8616943359375,28000,0.0,0.0
2005-10-13 00:00:00+09:00,427.40134109613547,427.40134109613547,422.0048595166388,424.1634521484375,20000,0.0,0.0
2005-10-14 00:00:00+09:00,425.7823643800391,425.7823643800391,420.9255313262744,421.4651794433594,15100,0.0,0.0
2005-10-17 00:00:00+09:00,422.0047930822894,425.7823295932562,422.0047930822894,424.7030334472656,8800,0.0,0.0
2005-10-18 00:00:00+09:00,425.7823966222865,425.7823966222865,423.62380399048783,424.1634521484375,14600,0.0,0.0
2005-10-19 00:00:00+09:00,424.70302584710254,424.70302584710254,420.9254894037357,422.54443359375,23900,0.0,0.0
2005-10-20 00:00:00+09:00,425.78224911051944,425.78224911051944,421.46506534260544,423.6236572265625,13400,0.0,0.0
2005-10-21 00:00:00+09:00,422.0048595166388,424.70310030638717,421.46521135868915,424.1634521484375,7000,0.0,0.0
2005-10-24 00:00:00+09:00,422.54443359375006,425.24267391044066,422.54443359375006,422.54443359375,12200,0.0,0.0
2005-10-25 00:00:00+09:00,425.2426011395302,425.2426011395302,422.54436128458394,423.6236572265625,12200,0.0,0.0
2005-10-26 00:00:00+09:00,425.2426147460937,426.3219107226066,423.62367078132434,425.24261474609375,13900,0.0,0.0
2005-10-27 00:00:00+09:00,427.401228073408,430.6391161648732,425.7822840276754,429.0201721191406,28600,0.0,0.0
2005-10-28 00:00:00+09:00,427.4012167821714,430.6391047880969,425.7822727792086,430.0994567871094,14600,0.0,0.0
2005-10-31 00:00:00+09:00,432.2580705224014,442.5113830566406,431.7184224942835,442.5113830566406,66700,0.0,0.0
2005-11-01 00:00:00+09:00,447.90793745111364,454.9233629774564,445.74934498146973,452.7647705078125,76100,0.0,0.0
2005-11-02 00:00:00+09:00,454.38372067107787,456.0026650440152,451.1458319252032,452.2251281738281,65600,0.0,0.0
2005-11-03 00:00:00+09:00,452.22512817382807,452.22512817382807,452.22512817382807,452.2251281738281,0,0.0,0.0
2005-11-04 00:00:00+09:00,456.00270169895043,456.00270169895043,451.14586818973083,451.6855163574219,34100,0.0,0.0
2005-11-07 00:00:00+09:00,454.3836934791421,457.62158203125,452.22510111107016,457.62158203125,39800,0.0,0.0
2005-11-08 00:00:00+09:00,458.16126373931246,466.7956338451181,456.00267121286106,463.0180969238281,60100,0.0,0.0
2005-11-09 00:00:00+09:00,465.71634778965233,465.71634778965233,459.2405700683594,459.2405700683594,32100,0.0,0.0
2005-11-10 00:00:00+09:00,459.2405495304632,459.2405495304632,447.9079390250111,455.4630126953125,32300,0.0,0.0
2005-11-11 00:00:00+09:00,450.60610030439284,456.00258054755926,450.60610030439284,454.3836364746094,19400,0.0,0.0
2005-11-14 00:00:00+09:00,461.3991641107006,464.0974048364942,460.8595159655419,461.9388122558594,34000,0.0,0.0
2005-11-15 00:00:00+09:00,458.7009335575171,460.85952618602306,456.00269277188465,458.1612854003906,19200,0.0,0.0
2005-11-16 00:00:00+09:00,458.16121264395,467.8748779296875,456.0026203582306,467.8748779296875,35400,0.0,0.0
2005-11-17 00:00:00+09:00,466.79558892664,480.2867909187394,465.17664468758807,478.6678466796875,79200,0.0,0.0
2005-11-18 00:00:00+09:00,479.747188120581,482.98507690429693,475.43000307562636,482.9850769042969,50400,0.0,0.0
2005-11-21 00:00:00+09:00,482.98505047174893,484.6039947750062,479.74716186523443,479.7471618652344,47200,0.0,0.0
2005-11-22 00:00:00+09:00,479.7470837922374,482.98497187182505,479.7470837922374,481.36602783203125,28000,0.0,0.0
2005-11-23 00:00:00+09:00,481.3660278320312,481.3660278320312,481.3660278320312,481.36602783203125,0,0.0,0.0
2005-11-24 00:00:00+09:00,483.52468078882157,496.4762347385221,482.985032707584,490.0004577636719,66700,0.0,0.0
2005-11-25 00:00:00+09:00,490.0004195491824,491.0797156274846,485.68323523597377,487.8418273925781,43400,0.0,0.0
2005-11-28 00:00:00+09:00,487.84201338708857,495.9367370605469,487.84201338708857,495.9367370605469,46900,0.0,0.0
2005-11-29 00:00:00+09:00,494.857191959201,527.2360703861934,493.77789601163454,525.6171264648438,60800,0.0,0.0
2005-11-30 00:00:00+09:00,525.0776483474873,531.0137779793705,523.9983520507812,523.9983520507812,63000,0.0,0.0
2005-12-01 00:00:00+09:00,522.3793990017803,532.093065512144,516.9829176071338,530.47412109375,71000,0.0,0.0
2005-12-02 00:00:00+09:00,530.4739562498039,539.1083237981222,529.934308278034,537.4893798828125,53600,0.0,0.0
2005-12-05 00:00:00+09:00,540.1877478097232,565.5512084960938,540.1877478097232,565.5512084960938,65800,0.0,0.0
2005-12-06 00:00:00+09:00,563.9322808384895,563.9322808384895,550.4410779476166,552.5996704101562,56300,0.0,0.0
2005-12-07 00:00:00+09:00,558.5357399098032,559.0753879676871,553.1392593309645,555.2978515625,35400,0.0,0.0
2005-12-08 00:00:00+09:00,550.9808425979691,550.9808425979691,533.1724510154686,539.1085815429688,46800,0.0,0.0
2005-12-09 00:00:00+09:00,535.8706112529306,549.3618149602048,533.7120186597667,546.66357421875,37700,0.0,0.0
2005-12-12 00:00:00+09:00,546.6635525996438,551.5203857421875,546.6635525996438,551.5203857421875,21700,0.0,0.0
2005-12-13 00:00:00+09:00,547.7428705153319,549.9014631084958,545.0446297738771,546.66357421875,17800,0.0,0.0
2005-12-14 00:00:00+09:00,546.1238597801071,546.6635078628938,536.9498423727338,538.5687866210938,32000,0.0,0.0
2005-12-15 00:00:00+09:00,538.0291863983001,541.2670751830441,536.9498901367188,536.9498901367188,14700,0.0,0.0
2005-12-16 00:00:00+09:00,536.9498769698605,536.9498769698605,530.4740995591687,535.3309326171875,44000,0.0,0.0
2005-12-19 00:00:00+09:00,534.2516668694885,535.3309631661946,523.9983520507812,523.9983520507812,29800,0.0,0.0
2005-12-20 00:00:00+09:00,520.7605226883977,524.5380601586762,519.1415780582784,521.3001708984375,44300,0.0,0.0
2005-12-21 00:00:00+09:00,522.379377795804,535.3309326171875,522.379377795804,535.3309326171875,42800,0.0,0.0
2005-12-22 00:00:00+09:00,540.1877672813362,541.8067116388228,536.410230447201,538.0291748046875,32300,0.0,0.0
2005-12-23 00:00:00+09:00,538.0291748046875,538.0291748046875,538.0291748046875,538.0291748046875,0,0.0,0.0
2005-12-26 00:00:00+09:00,539.6480541584887,552.5996074582924,539.1084061043302,549.9013671875,51500,0.0,0.0
2005-12-27 00:00:00+09:00,554.7581652534299,555.8374612947789,551.5202771293826,553.1392211914062,40400,0.0,0.0
2005-12-28 00:00:00+09:00,556.3770615989596,558.5356534965307,553.1391737526029,554.7581176757812,16200,0.0,0.0
2005-12-29 00:00:00+09:00,555.8374862224736,555.8374862224736,553.1392459980926,553.6788940429688,20200,0.0,0.0
2005-12-30 00:00:00+09:00,552.0600074107253,552.5996555118111,545.5842301976963,548.282470703125,13600,0.0,0.0
2006-01-02 00:00:00+09:00,548.282470703125,548.282470703125,548.282470703125,548.282470703125,0,0.0,0.0
2006-01-03 00:00:00+09:00,548.282470703125,548.282470703125,548.282470703125,548.282470703125,0,0.0,0.0
2006-01-04 00:00:00+09:00,545.044546061678,549.3617305849389,545.044546061678,548.8220825195312,15800,0.0,0.0
2006-01-05 00:00:00+09:00,549.9014150063823,550.441063107468,547.7428226020393,548.282470703125,28800,0.0,0.0
2006-01-06 00:00:00+09:00,550.441081122688,563.3926359726336,548.282488647697,557.9961547851562,37900,0.0,0.0
2006-01-09 00:00:00+09:00,557.9961547851562,557.9961547851562,557.9961547851562,557.9961547851562,0,0.0,0.0
2006-01-10 00:00:00+09:00,561.7737813895089,569.3288562593006,559.0755403645833,566.630615234375,41300,0.0,0.0
2006-01-11 00:00:00+09:00,566.630312661989,569.3285522460938,563.9320730778843,569.3285522460938,40900,0.0,0.0
2006-01-12 00:00:00+09:00,571.4874810487527,586.0579833984375,571.4874810487527,586.0579833984375,42700,0.0,0.0
2006-01-13 00:00:00+09:00,583.3595485687256,591.99391746521,580.6613082885742,587.1370849609375,20100,0.0,0.0
2006-01-16 00:00:00+09:00,584.4388523598143,587.676740738539,577.423427539244,580.6613159179688,31400,0.0,0.0
2006-01-17 00:00:00+09:00,577.4232709984078,577.4232709984078,567.16996057881,569.3285522460938,40800,0.0,0.0
2006-01-18 00:00:00+09:00,555.837485458152,555.837485458152,486.2228877648495,519.1414184570312,64700,0.0,0.0
2006-01-19 00:00:00+09:00,515.3638971446754,549.9013729742663,512.6656568454887,540.7273559570312,46900,0.0,0.0
2006-01-20 00:00:00+09:00,560.154829676011,563.9323670630362,550.441162109375,550.441162109375,36100,0.0,0.0
2006-01-23 00:00:00+09:00,542.3462116287416,542.3462116287416,534.2514920521932,537.4893798828125,57600,0.0,0.0
2006-01-24 00:00:00+09:00,537.4894904555205,541.2670270350271,531.0137134620804,538.5687866210938,28900,0.0,0.0
2006-01-25 00:00:00+09:00,540.7274301101912,547.7428558501438,539.6481338425062,542.3463745117188,28700,0.0,0.0
2006-01-26 00:00:00+09:00,546.6635988976593,549.3618397609251,545.0446543796998,547.2032470703125,11200,0.0,0.0
2006-01-27 00:00:00+09:00,549.9014361151334,564.471935403758,549.9014361151334,563.3926391601562,38500,0.0,0.0
2006-01-30 00:00:00+09:00,580.1217173522305,580.1217173522305,561.2340335314601,561.773681640625,55900,0.0,0.0
2006-01-31 00:00:00+09:00,559.0754279281822,560.6943722175495,557.4564836388148,560.1547241210938,32700,0.0,0.0
2006-02-01 00:00:00+09:00,566.0908797691608,567.7098241345635,560.6943985511516,563.3926391601562,21300,0.0,0.0
2006-02-02 00:00:00+09:00,565.5513188244047,570.9478008742559,563.9323742094493,566.630615234375,30000,0.0,0.0
2006-02-03 00:00:00+09:00,567.1701892171458,568.2494854858749,565.0115966796875,565.0115966796875,20000,0.0,0.0
2006-02-06 00:00:00+09:00,575.8046370596256,575.8046370596256,566.6306175375885,572.027099609375,42700,0.0,0.0
2006-02-07 00:00:00+09:00,561.2340450929379,561.2340450929379,539.6481202816711,560.6943969726562,65500,0.0,0.0
2006-02-08 00:00:00+09:00,560.1547794004789,560.1547794004789,548.8221682565386,549.36181640625,42200,0.0,0.0
2006-02-09 00:00:00+09:00,556.9169404871324,556.9169404871324,548.2825693167891,550.441162109375,25400,0.0,0.0
2006-02-10 00:00:00+09:00,549.3618645127771,554.7583464824507,540.7274933612993,547.742919921875,28100,0.0,0.0
2006-02-13 00:00:00+09:00,545.0446715379123,545.0446715379123,528.8552258486675,531.553466796875,42700,0.0,0.0
2006-02-14 00:00:00+09:00,520.7604902776341,530.4741574537973,515.9036566895526,529.9345092773438,33900,0.0,0.0
2006-02-15 00:00:00+09:00,535.330944207702,539.648129241635,531.5534073030105,534.2516479492188,34200,0.0,0.0
2006-02-16 00:00:00+09:00,534.2517077450824,534.2517077450824,526.6966330901015,531.553466796875,14300,0.0,0.0
2006-02-17 00:00:00+09:00,531.5534966746716,531.5534966746716,513.7451054155202,514.8244018554688,26200,0.0,0.0
2006-02-20 00:00:00+09:00,514.28469881377,514.28469881377,500.7934947525483,502.95208740234375,32900,0.0,0.0
2006-02-21 00:00:00+09:00,497.5554965061567,510.50704956054693,497.5554965061567,510.5070495605469,23300,0.0,0.0
2006-02-22 00:00:00+09:00,512.665628665928,520.760349118548,512.665628665928,517.5224609375,20000,0.0,0.0
2006-02-23 00:00:00+09:00,518.6019065620973,526.1569811634182,518.6019065620973,523.458740234375,17700,0.0,0.0
2006-02-24 00:00:00+09:00,528.315495696346,536.4102172851562,526.1569032726634,536.4102172851562,14900,0.0,0.0
2006-02-27 00:00:00+09:00,535.3308945628796,538.0291349588618,526.6965252957364,533.1723022460938,34600,0.0,0.0
2006-02-28 00:00:00+09:00,535.3309910418787,535.3309910418787,528.8552129244367,529.9345092773438,14200,0.0,0.0
2006-03-01 00:00:00+09:00,527.2362409408994,528.8551853859584,523.4587039024282,523.9983520507812,16500,0.0,0.0
2006-03-02 00:00:00+09:00,526.15673828125,529.9342738381409,526.15673828125,526.15673828125,13900,0.0,0.0
2006-03-03 00:00:00+09:00,523.4586776179971,523.4586776179971,520.220788890463,520.7604370117188,20700,0.0,0.0
2006-03-06 00:00:00+09:00,522.3794178309777,525.6173067844754,519.1415288774799,520.2208251953125,17700,0.0,0.0
2006-03-07 00:00:00+09:00,518.062354876161,523.4588377394543,516.4434100171729,522.919189453125,8300,0.0,0.0
2006-03-08 00:00:00+09:00,522.918979727962,522.918979727962,519.6810913085938,519.6810913085938,12600,0.0,0.0
2006-03-09 00:00:00+09:00,520.760503004045,532.0931149865164,520.760503004045,531.553466796875,16600,0.0,0.0
2006-03-10 00:00:00+09:00,533.7120854043817,539.648215777939,533.1724371886037,534.7913818359375,31900,0.0,0.0
2006-03-13 00:00:00+09:00,539.1082814484096,546.6633524596987,539.1082814484096,544.5047607421875,19100,0.0,0.0
2006-03-14 00:00:00+09:00,545.5841540382022,546.663450089712,542.8859139094277,543.9652099609375,13000,0.0,0.0
2006-03-15 00:00:00+09:00,543.9651328125001,544.5047807617187,533.7118217773437,539.64794921875,17500,0.0,0.0
2006-03-16 00:00:00+09:00,543.9653142755682,543.9653142755682,533.7119998199771,534.2516479492188,9500,0.0,0.0
2006-03-17 00:00:00+09:00,535.330877218843,543.4255981445312,535.330877218843,543.4255981445312,7000,0.0,0.0
2006-03-20 00:00:00+09:00,543.9654156109234,543.9654156109234,536.9499886238779,539.1085815429688,30800,0.0,0.0
2006-03-21 00:00:00+09:00,539.1085815429688,539.1085815429688,539.1085815429688,539.1085815429688,0,0.0,0.0
2006-03-22 00:00:00+09:00,539.6480598373565,541.806652076706,537.4894675980071,540.7273559570312,10300,0.0,0.0
2006-03-23 00:00:00+09:00,539.64794921875,543.4254848632813,539.64794921875,539.64794921875,18300,0.0,0.0
2006-03-24 00:00:00+09:00,539.6482297727415,541.2671744620598,538.568933313196,539.1085815429688,27100,0.0,0.0
2006-03-27 00:00:00+09:00,539.64794921875,542.3461889648438,539.1083012695312,539.64794921875,43700,0.0,0.0
2006-03-28 00:00:00+09:00,524.537954016774,531.553379327698,522.3793616134129,528.3154907226562,30500,0.0,0.0
2006-03-29 00:00:00+09:00,528.8552258486675,532.0931149865164,527.7759294693844,531.553466796875,9200,0.0,0.0
2006-03-30 00:00:00+09:00,532.0931019831577,533.7120465125182,528.8552129244367,529.9345092773438,12800,0.0,0.0
2006-03-31 00:00:00+09:00,529.3948584662543,529.3948584662543,524.5380249023438,524.5380249023438,17600,0.0,0.0
2006-04-03 00:00:00+09:00,525.0776266915457,531.0137560786033,524.5379785654496,528.8551635742188,24900,0.0,0.0
2006-04-04 00:00:00+09:00,529.3947372202254,529.3947372202254,525.6172008690106,527.2361450195312,17500,0.0,0.0
2006-04-05 00:00:00+09:00,528.3155621187186,528.3155621187186,523.4587285548081,524.5380249023438,17900,0.0,0.0
2006-04-06 00:00:00+09:00,523.4587543386135,531.5534773438499,522.3794579379154,527.7759399414062,33300,0.0,0.0
2006-04-07 00:00:00+09:00,528.3154411198783,528.3154411198783,523.9982567184901,527.2361450195312,13000,0.0,0.0
2006-04-10 00:00:00+09:00,525.6172008690106,528.3154411198783,525.0775528188371,527.2361450195312,14900,0.0,0.0
2006-04-11 00:00:00+09:00,525.6172964958403,526.1569446441933,523.9983520507812,523.9983520507812,10900,0.0,0.0
2006-04-12 00:00:00+09:00,524.5379870706354,526.1569314751744,522.37939453125,522.37939453125,14000,0.0,0.0
2006-04-13 00:00:00+09:00,522.3794178309777,522.919065989894,518.0622325596473,520.2208251953125,21600,0.0,0.0
2006-04-14 00:00:00+09:00,518.0622325596473,520.7604733542288,516.9829362418146,520.2208251953125,18400,0.0,0.0
2006-04-17 00:00:00+09:00,519.6810740902549,519.6810740902549,512.6656494140625,512.6656494140625,11000,0.0,0.0
2006-04-18 00:00:00+09:00,512.6657961294854,513.2054443359375,509.4279068907729,513.2054443359375,13500,0.0,0.0
2006-04-19 00:00:00+09:00,516.9828628136368,516.9828628136368,509.4277896618717,509.9674377441406,21200,0.0,0.0
2006-04-20 00:00:00+09:00,506.1899249102618,507.80886923300255,498.0952032965583,499.17449951171875,23500,0.0,0.0
2006-04-21 00:00:00+09:00,498.0952680871842,510.5071761760306,497.01597173163236,507.269287109375,21100,0.0,0.0
2006-04-24 00:00:00+09:00,507.2692506209664,507.2692506209664,496.4762878417969,496.4762878417969,24800,0.0,0.0
2006-04-25 00:00:00+09:00,496.4762589738176,501.33309194203974,496.4762589738176,499.17449951171875,9700,0.0,0.0
2006-04-26 00:00:00+09:00,499.1745315059539,502.9520685011341,498.63488336378526,501.8727722167969,9900,0.0,0.0
2006-04-27 00:00:00+09:00,506.18986698905417,506.18986698905417,499.17444239325704,504.5709228515625,13100,0.0,0.0
2006-04-28 00:00:00+09:00,502.95194048528134,505.1105325045315,499.71405245640614,502.41229248046875,13500,0.0,0.0
2006-05-01 00:00:00+09:00,500.2538015192205,504.5709864298502,498.6348571777343,498.6348571777344,17100,0.0,0.0
2006-05-02 00:00:00+09:00,501.33306842783776,515.36391856683,501.33306842783776,509.9674377441406,18100,0.0,0.0
2006-05-03 00:00:00+09:00,509.9674377441406,509.9674377441406,509.9674377441406,509.9674377441406,0,0.0,0.0
2006-05-04 00:00:00+09:00,509.9674377441406,509.9674377441406,509.9674377441406,509.9674377441406,0,0.0,0.0
2006-05-05 00:00:00+09:00,509.9674377441406,509.9674377441406,509.9674377441406,509.9674377441406,0,0.0,0.0
2006-05-08 00:00:00+09:00,511.04669760447985,512.1259936923457,509.967401516614,510.5070495605469,6700,0.0,0.0
2006-05-09 00:00:00+09:00,511.5863860011482,512.1260340876473,505.11060896315894,506.72955322265625,13300,0.0,0.0
2006-05-10 00:00:00+09:00,504.57110897890243,506.1900537135941,495.9367370605469,495.9367370605469,19400,0.0,0.0
2006-05-11 00:00:00+09:00,498.63483064938214,499.1744787345005,493.7779978833167,495.3969421386719,16200,0.0,0.0
2006-05-12 00:00:00+09:00,492.69864824644515,492.69864824644515,488.38146403399,488.9211120605469,17400,0.0,0.0
2006-05-15 00:00:00+09:00,488.9211234708802,488.9211234708802,485.68323523597377,487.8418273925781,25400,0.0,0.0
2006-05-16 00:00:00+09:00,498.63482339769797,498.63482339769797,484.0643253114016,484.6039733886719,14500,0.0,0.0
2006-05-17 00:00:00+09:00,485.1436214659421,485.1436214659421,479.2074926159695,484.6039733886719,18600,0.0,0.0
2006-05-18 00:00:00+09:00,479.20751376414864,479.74716186523443,474.8903289554626,479.7471618652344,17200,0.0,0.0
2006-05-19 00:00:00+09:00,478.12824372872296,482.98507690429693,456.0026703733306,482.9850769042969,27500,0.0,0.0
2006-05-22 00:00:00+09:00,485.6832695432123,488.3815099295635,482.9850291568611,484.6039733886719,19600,0.0,0.0
2006-05-23 00:00:00+09:00,482.9850663391875,482.9850663391875,473.27140020052224,475.42999267578125,16800,0.0,0.0
2006-05-24 00:00:00+09:00,472.19207763671875,475.4299661690848,471.1127814592634,472.19207763671875,16100,0.0,0.0
2006-05-25 00:00:00+09:00,472.19218093505015,473.271477348616,468.95429169435266,471.1128845214844,14200,0.0,0.0
2006-05-26 00:00:00+09:00,472.1921704032205,474.8904113769532,471.1128740137274,474.8904113769531,9200,0.0,0.0
2006-05-29 00:00:00+09:00,475.9696062812676,479.74714283905547,475.42995820158364,478.6678466796875,8800,0.0,0.0
2006-05-30 00:00:00+09:00,478.12813332360855,478.12813332360855,472.7316532635227,473.27130126953125,9000,0.0,0.0
2006-05-31 00:00:00+09:00,468.95427632886305,469.49392451796416,463.55779443785195,464.0974426269531,13600,0.0,0.0
2006-06-01 00:00:00+09:00,463.5577793075155,464.6370756504899,432.2581853612572,445.7493896484375,22700,0.0,0.0
2006-06-02 00:00:00+09:00,446.82864757066363,448.987240071005,416.60835256588445,432.2581481933594,40300,0.0,0.0
2006-06-05 00:00:00+09:00,429.02021023746727,433.8770428061933,427.9409141110837,431.1788024902344,20300,0.0,0.0
2006-06-06 00:00:00+09:00,430.63918150695105,431.1788296040776,425.7823486328125,425.7823486328125,11000,0.0,0.0
2006-06-07 00:00:00+09:00,429.5599011996339,431.71849366797375,420.9255313262744,421.4651794433594,20000,0.0,0.0
2006-06-08 00:00:00+09:00,403.1171920714591,410.67226662166047,399.3396547963584,399.8793029785156,29100,0.0,0.0
2006-06-09 00:00:00+09:00,404.735990178665,407.97387810009434,385.3086626500891,402.0377502441406,36200,0.0,0.0
2006-06-12 00:00:00+09:00,409.59290703757125,412.83079563075364,405.2757222466614,408.51361083984375,10600,0.0,0.0
2006-06-13 00:00:00+09:00,409.05330115311983,410.6722456167865,405.2757640712308,407.4343566894531,11200,0.0,0.0
2006-06-14 00:00:00+09:00,410.67209031192186,420.925401370958,407.43420260906834,419.30645751953125,13200,0.0,0.0
2006-06-15 00:00:00+09:00,430.0994567871093,430.0994567871093,422.54438477328307,430.0994567871094,20600,0.0,0.0
2006-06-16 00:00:00+09:00,442.5115102132161,453.3044738769531,437.11502838134766,453.3044738769531,16800,0.0,0.0
2006-06-19 00:00:00+09:00,448.447509765625,452.22504594896964,444.66997358228036,448.447509765625,14200,0.0,0.0
2006-06-20 00:00:00+09:00,451.1457943345049,451.1457943345049,439.81318466820755,441.43212890625,10900,0.0,0.0
2006-06-21 00:00:00+09:00,441.43216947092225,441.43216947092225,434.95639192367156,437.6546325683594,9200,0.0,0.0
2006-06-22 00:00:00+09:00,437.11488252094483,448.98713858941494,436.57523451783254,447.3681945800781,16500,0.0,0.0
2006-06-23 00:00:00+09:00,445.20975316612464,445.20975316612464,441.9718640521892,444.67010498046875,8900,0.0,0.0
2006-06-26 00:00:00+09:00,447.3681945800781,447.90784258319036,445.74925057074125,447.3681945800781,13300,0.0,0.0
2006-06-27 00:00:00+09:00,449.52681354819657,450.6061096191406,447.90786944178046,450.6061096191406,3900,0.0,0.0
2006-06-28 00:00:00+09:00,447.907999995847,447.907999995847,442.51151806818615,444.1304626464844,10100,0.0,0.0
2006-06-29 00:00:00+09:00,442.5114383302565,443.59073452130593,440.35284594815766,443.05108642578125,7100,0.0,0.0
2006-06-30 00:00:00+09:00,444.67010498046875,445.74940135178053,443.5908086091569,444.67010498046875,9300,0.0,0.0
2006-07-03 00:00:00+09:00,440.89245989244824,446.28894042968756,440.89245989244824,446.2889404296875,14600,0.0,0.0
2006-07-04 00:00:00+09:00,458.70089979933323,459.7801960341552,452.76477050781244,452.7647705078125,14800,0.0,0.0
2006-07-05 00:00:00+09:00,452.76458469454906,452.76458469454906,446.28880994325635,450.06634521484375,18600,0.0,0.0
2006-07-06 00:00:00+09:00,448.4476564847506,448.9873046875,446.82871187650244,448.9873046875,12000,0.0,0.0
2006-07-07 00:00:00+09:00,449.52678659252723,450.06643459563946,447.3681945800781,447.3681945800781,6500,0.0,0.0
2006-07-10 00:00:00+09:00,447.9079400398881,447.9079400398881,441.4321625935283,446.8286437988281,7200,0.0,0.0
2006-07-11 00:00:00+09:00,445.7492696346646,449.52680581800917,445.7492696346646,448.447509765625,11700,0.0,0.0
2006-07-12 00:00:00+09:00,447.9079442824761,448.4475924081176,441.4321667747776,443.59075927734375,5500,0.0,0.0
2006-07-13 00:00:00+09:00,437.1150091011536,440.35289805745845,434.4167683042329,438.1943054199219,10300,0.0,0.0
2006-07-14 00:00:00+09:00,434.4167683042329,438.1943054199219,429.55993486977565,438.1943054199219,17300,0.0,0.0
2006-07-17 00:00:00+09:00,438.1943054199219,438.1943054199219,438.1943054199219,438.1943054199219,0,0.0,0.0
2006-07-18 00:00:00+09:00,434.95632324218747,434.95632324218747,417.68758584299394,418.22723388671875,10800,0.0,0.0
2006-07-19 00:00:00+09:00,418.7668095690557,423.0839931728604,416.60821776715335,419.30645751953125,12800,0.0,0.0
2006-07-20 00:00:00+09:00,425.24262477822106,431.1787527890845,425.24262477822106,430.0994567871094,6600,0.0,0.0
2006-07-21 00:00:00+09:00,431.71846782741835,431.71846782741835,427.4012831491442,429.55987548828125,5400,0.0,0.0
2006-07-24 00:00:00+09:00,429.55979865214545,429.55979865214545,422.5443748048114,425.24261474609375,3600,0.0,0.0
2006-07-25 00:00:00+09:00,419.8462007903084,427.4012738122419,419.8462007903084,424.7030334472656,4500,0.0,0.0
2006-07-26 00:00:00+09:00,435.495912588326,436.5752085303045,422.54436128458394,423.6236572265625,18000,0.0,0.0
2006-07-27 00:00:00+09:00,426.3219776662514,426.3219776662514,421.46514500929413,424.7030334472656,6100,0.0,0.0
2006-07-28 00:00:00+09:00,422.54444115528463,425.24268152026093,422.54444115528463,424.7030334472656,7300,0.0,0.0
2006-07-31 00:00:00+09:00,425.78228191906896,431.1787620447859,425.78228191906896,426.3219299316406,7600,0.0,0.0
2006-08-01 00:00:00+09:00,426.86171899660667,428.4806635692866,426.3220708057134,427.4013671875,4300,0.0,0.0
2006-08-02 00:00:00+09:00,427.4012831491442,430.09952357306554,427.4012831491442,429.55987548828125,3700,0.0,0.0
2006-08-03 00:00:00+09:00,430.0995351181222,430.63918321739214,428.4805908203125,428.4805908203125,2900,0.0,0.0
2006-08-04 00:00:00+09:00,428.4805793187127,429.55987548828125,428.4805793187127,429.55987548828125,2600,0.0,0.0
2006-08-07 00:00:00+09:00,431.718500068274,437.1149813191275,431.1788519431887,432.2581481933594,22500,0.0,0.0
2006-08-08 00:00:00+09:00,437.11500186731314,437.11500186731314,431.7185203627784,436.03570556640625,6800,0.0,0.0
2006-08-09 00:00:00+09:00,433.8769667387895,435.49591064453125,432.7976708016283,435.49591064453125,5000,0.0,0.0
2006-08-10 00:00:00+09:00,436.0357055664062,438.1942981682201,434.95640926549925,436.03570556640625,9300,0.0,0.0
2006-08-11 00:00:00+09:00,436.0356083175602,437.6545524078482,436.0356083175602,436.57525634765625,6300,0.0,0.0
2006-08-14 00:00:00+09:00,436.5752830084116,439.81317138671875,436.5752830084116,439.81317138671875,5700,0.0,0.0
2006-08-15 00:00:00+09:00,441.4321667747776,445.20970365426837,439.2735742722115,443.59075927734375,8100,0.0,0.0
2006-08-16 00:00:00+09:00,447.36822140630846,456.00258997386084,443.59068515800425,450.6061096191406,12100,0.0,0.0
2006-08-17 00:00:00+09:00,452.76458469454906,454.3835283823722,450.06634521484375,450.06634521484375,9500,0.0,0.0
2006-08-18 00:00:00+09:00,452.7648256937662,453.3044738769531,449.5269365946452,453.3044738769531,3500,0.0,0.0
2006-08-21 00:00:00+09:00,462.478420685427,462.478420685427,454.9233473020011,457.0819396972656,15100,0.0,0.0
2006-08-22 00:00:00+09:00,459.7801934455423,459.7801934455423,456.0026566449334,458.7008972167969,8600,0.0,0.0
2006-08-23 00:00:00+09:00,458.7008284620641,458.7008284620641,456.542236328125,456.542236328125,4800,0.0,0.0
2006-08-24 00:00:00+09:00,459.2405479167442,459.2405479167442,452.76477050781244,452.7647705078125,25700,0.0,0.0
2006-08-25 00:00:00+09:00,453.3044608604951,454.9234053635683,451.68551635742193,451.6855163574219,7400,0.0,0.0
2006-08-28 00:00:00+09:00,446.828648031193,451.68548116196683,443.59075927734375,443.59075927734375,10800,0.0,0.0
2006-08-29 00:00:00+09:00,450.06643459563946,450.06643459563946,445.20960256762896,447.3681945800781,6300,0.0,0.0
2006-08-30 00:00:00+09:00,445.7492923759636,448.44753264458325,445.2096443222397,446.2889404296875,4500,0.0,0.0
2006-08-31 00:00:00+09:00,447.3682762766569,453.3044053949237,447.3682762766569,451.14581298828125,8500,0.0,0.0
2006-09-01 00:00:00+09:00,452.22512817382807,453.304424422453,451.1458319252032,452.2251281738281,9100,0.0,0.0
2006-09-04 00:00:00+09:00,455.4630126953125,456.542308933927,453.3044202180836,455.4630126953125,6100,0.0,0.0
2006-09-05 00:00:00+09:00,455.4629879337188,456.54228411365654,453.8440436638122,454.92333984375,3500,0.0,0.0
2006-09-06 00:00:00+09:00,453.8440683373908,457.08195705323425,453.8440683373908,455.4630126953125,7100,0.0,0.0
2006-09-07 00:00:00+09:00,454.383786714994,455.4630831204928,448.9873046875,448.9873046875,8700,0.0,0.0
2006-09-08 00:00:00+09:00,443.5906775298962,450.60610187039333,443.5906775298962,448.447509765625,19900,0.0,0.0
2006-09-11 00:00:00+09:00,448.4476422800601,448.4476422800601,443.051160423501,444.67010498046875,8200,0.0,0.0
2006-09-12 00:00:00+09:00,444.13032714099415,445.74927122534774,442.5113830566406,442.5113830566406,5300,0.0,0.0
2006-09-13 00:00:00+09:00,443.59077671595986,445.20972115652904,441.9718322753906,441.9718322753906,3800,0.0,0.0
2006-09-14 00:00:00+09:00,438.73405198489917,441.4322933870203,438.73405198489917,440.3529968261719,7000,0.0,0.0
2006-09-15 00:00:00+09:00,437.11492155089275,437.11492155089275,432.2580890892162,434.9563293457031,9500,0.0,0.0
2006-09-18 00:00:00+09:00,434.9563293457032,434.9563293457032,434.9563293457032,434.9563293457031,0,0.0,0.0
2006-09-19 00:00:00+09:00,431.178753654602,440.35276968980634,431.178753654602,438.73382568359375,11700,0.0,0.0
2006-09-20 00:00:00+09:00,437.1150207519531,440.35290979456016,434.4167798831139,437.1150207519531,14100,0.0,0.0
2006-09-21 00:00:00+09:00,437.11500186731314,438.7339463186736,436.0357055664062,436.03570556640625,4000,0.0,0.0
2006-09-22 00:00:00+09:00,437.11500186731314,437.11500186731314,436.0357055664062,436.03570556640625,3100,0.0,0.0
2006-09-25 00:00:00+09:00,436.5752336753104,439.2734736856646,436.5752336753104,438.73382568359375,4500,0.0,0.0
2006-09-26 00:00:00+09:00,439.2735410143982,439.2735410143982,426.3219869795756,429.55987548828125,6000,0.0,0.0
2006-09-27 00:00:00+09:00,436.57544450771763,440.3529823464741,432.2582584062816,433.3375549316406,5000,0.0,0.0
2006-09-28 00:00:00+09:00,449.5268635720776,449.5268635720776,440.8924940436824,443.05108642578125,16600,0.0,0.0
2006-09-29 00:00:00+09:00,446.28892088938403,446.28892088938403,432.2580721068883,436.57525634765625,5600,0.0,0.0
2006-10-02 00:00:00+09:00,436.03581058277797,440.89264510659604,435.49616230235375,440.3529968261719,4100,0.0,0.0
2006-10-03 00:00:00+09:00,441.9718175998598,441.9718175998598,437.1149844394218,437.6546325683594,3100,0.0,0.0
2006-10-04 00:00:00+09:00,439.27367383115785,441.97191507090696,433.3375431037098,434.4168395996094,9000,0.0,0.0
2006-10-05 00:00:00+09:00,439.81317138671875,439.81317138671875,435.49598688230924,439.81317138671875,9000,0.0,0.0
2006-10-06 00:00:00+09:00,440.352890770034,440.352890770034,436.0357055664062,436.03570556640625,3200,0.0,0.0
2006-10-09 00:00:00+09:00,436.0357055664062,436.0357055664062,436.0357055664062,436.03570556640625,0,0.0,0.0
2006-10-10 00:00:00+09:00,434.95639192367156,439.81322508410955,433.87709566579645,437.6546325683594,6200,0.0,0.0
2006-10-11 00:00:00+09:00,433.33739474300154,435.49598699576865,431.1788024902344,431.1788024902344,6500,0.0,0.0
2006-10-12 00:00:00+09:00,430.0995351181222,430.63918321739214,426.8616465225027,428.4805908203125,5400,0.0,0.0
2006-10-13 00:00:00+09:00,428.48063881508773,430.63923145395466,426.3220461762208,426.8616943359375,12200,0.0,0.0
2006-10-16 00:00:00+09:00,427.9409427210426,429.5598870188523,427.40129462177265,428.4805908203125,8600,0.0,0.0
2006-10-17 00:00:00+09:00,428.4805793187127,432.25811591220264,428.4805793187127,429.55987548828125,9600,0.0,0.0
2006-10-18 00:00:00+09:00,427.40129462177265,430.0995351181222,426.8616465225027,428.4805908203125,10300,0.0,0.0
2006-10-19 00:00:00+09:00,429.0202234510769,433.877056169391,429.0202234510769,432.7977600097656,10900,0.0,0.0
2006-10-20 00:00:00+09:00,432.7976708016283,435.49591064453125,431.71837486446714,435.49591064453125,3900,0.0,0.0
2006-10-23 00:00:00+09:00,432.79774667980973,435.49598699576865,429.559858300659,431.1788024902344,20200,0.0,0.0
2006-10-24 00:00:00+09:00,427.9409218852372,431.71845839620397,424.7030334472657,424.7030334472656,42900,0.0,0.0
2006-10-25 00:00:00+09:00,427.94095013075906,432.7977831082834,425.7823576963038,430.6391906738281,15400,0.0,0.0
2006-10-26 00:00:00+09:00,432.25812343597414,432.25812343597414,427.9409386825562,431.7184753417969,8900,0.0,0.0
2006-10-27 00:00:00+09:00,431.7183906051713,431.7183906051713,420.925430840042,425.24261474609375,18100,0.0,0.0
2006-10-30 00:00:00+09:00,423.6237835669854,425.24272796278285,420.3858947753906,420.3858947753906,16900,0.0,0.0
2006-10-31 00:00:00+09:00,420.3858947753906,422.00483917118805,419.8462466434582,420.3858947753906,6400,0.0,0.0
2006-11-01 00:00:00+09:00,420.3858053246323,424.16334144436587,419.30650929042275,423.08404541015625,14700,0.0,0.0
2006-11-02 00:00:00+09:00,423.6237470186674,423.6237470186674,420.3858585064228,420.9255065917969,6000,0.0,0.0
2006-11-03 00:00:00+09:00,420.9255065917969,420.9255065917969,420.9255065917969,420.9255065917969,0,0.0,0.0
2006-11-06 00:00:00+09:00,421.46519103925556,423.6237835669854,420.3858947753906,420.3858947753906,6300,0.0,0.0
2006-11-07 00:00:00+09:00,420.92553393871754,422.00483017958607,413.370460252638,415.529052734375,30900,0.0,0.0
2006-11-08 00:00:00+09:00,431.7185527146465,434.416793669113,425.24277442392673,427.4013671875,38200,0.0,0.0
2006-11-09 00:00:00+09:00,424.7030334472657,425.24268152026093,422.0047930822894,424.7030334472656,11900,0.0,0.0
2006-11-10 00:00:00+09:00,425.78244715109753,429.5599847050363,425.78244715109753,427.9410400390625,10600,0.0,0.0
2006-11-13 00:00:00+09:00,429.0202103538075,429.0202103538075,420.9254894037357,422.54443359375,21800,0.0,0.0
2006-11-14 00:00:00+09:00,423.0841816603535,428.4806635692866,423.0841816603535,427.4013671875,7900,0.0,0.0
2006-11-15 00:00:00+09:00,427.9408409944765,427.9408409944765,423.62365722656244,423.6236572265625,9000,0.0,0.0
2006-11-16 00:00:00+09:00,422.54436128458394,427.9408409944765,422.54436128458394,423.6236572265625,8700,0.0,0.0
2006-11-17 00:00:00+09:00,425.78228191906896,426.86157794421234,424.7029858939256,426.3219299316406,6700,0.0,0.0
2006-11-20 00:00:00+09:00,423.6237470186674,424.1633951040415,420.9255065917969,420.9255065917969,15200,0.0,0.0
2006-11-21 00:00:00+09:00,418.7669049175178,420.9254972109071,411.7514799640027,416.06866455078125,14800,0.0,0.0
2006-11-22 00:00:00+09:00,411.75145736202114,418.22723388671875,411.75145736202114,418.22723388671875,11200,0.0,0.0
2006-11-23 00:00:00+09:00,418.22723388671875,418.22723388671875,418.22723388671875,418.22723388671875,0,0.0,0.0
2006-11-24 00:00:00+09:00,418.7669457240879,418.7669457240879,411.2118719610245,412.2911682128906,21000,0.0,0.0
2006-11-27 00:00:00+09:00,412.2911110417171,419.30653570603954,412.2911110417171,417.6875915527344,24600,0.0,0.0
2006-11-28 00:00:00+09:00,415.52900314331055,415.52900314331055,404.7360420227051,405.8153381347656,80300,0.0,0.0
2006-11-29 00:00:00+09:00,410.132630591299,412.83087158203125,409.05333419500613,412.83087158203125,30400,0.0,0.0
2006-11-30 00:00:00+09:00,413.3704014931955,419.3065299741683,413.3704014931955,418.22723388671875,35500,0.0,0.0
2006-12-01 00:00:00+09:00,422.0048275604443,423.08412379461424,418.2272907408496,421.4651794433594,20100,0.0,0.0
2006-12-04 00:00:00+09:00,425.242700535686,429.0202372155715,423.08410814717996,425.7823486328125,19000,0.0,0.0
2006-12-05 00:00:00+09:00,429.5598087861217,431.1787527890845,427.4012167821714,430.0994567871094,19000,0.0,0.0
2006-12-06 00:00:00+09:00,431.1788346779287,433.8770751953125,429.0202422640217,433.8770751953125,19700,0.0,0.0
2006-12-07 00:00:00+09:00,434.4166416670271,439.8131216877355,432.79769766081455,438.73382568359375,14600,0.0,0.0
2006-12-08 00:00:00+09:00,436.5752830084116,440.3528194497699,436.5752830084116,439.81317138671875,20300,0.0,0.0
2006-12-11 00:00:00+09:00,440.8925676808774,444.67010498046875,438.73397493825377,444.67010498046875,23500,0.0,0.0
2006-12-12 00:00:00+09:00,444.13030656140444,448.98713858941494,444.13030656140444,447.3681945800781,25100,0.0,0.0
2006-12-13 00:00:00+09:00,450.0665718543487,452.225164525113,447.9079791835845,451.6855163574219,16900,0.0,0.0
2006-12-14 00:00:00+09:00,452.76473605364737,456.00262451171875,448.9871995192307,456.00262451171875,18600,0.0,0.0
2006-12-15 00:00:00+09:00,458.700901411156,458.700901411156,454.92336457600527,455.4630126953125,18600,0.0,0.0
2006-12-18 00:00:00+09:00,458.7008552372176,463.55768782208224,458.16120717223265,459.7801513671875,34500,0.0,0.0
2006-12-19 00:00:00+09:00,459.78017439932194,461.39911867537586,457.62158203125,457.62158203125,22400,0.0,0.0
2006-12-20 00:00:00+09:00,458.16126373931246,463.0180969238281,458.16126373931246,463.0180969238281,23600,0.0,0.0
2006-12-21 00:00:00+09:00,463.0180320739746,469.4938087463379,463.0180320739746,466.25592041015625,19800,0.0,0.0
2006-12-22 00:00:00+09:00,467.335205078125,468.41450116375574,466.2559089924942,467.335205078125,14700,0.0,0.0
2006-12-25 00:00:00+09:00,468.41456713118964,475.4299926757812,464.0973821806718,475.42999267578125,30500,0.0,0.0
2006-12-26 00:00:00+09:00,477.0490147960964,480.2869040367939,464.63710604008935,471.1128845214844,33700,0.0,0.0
2006-12-27 00:00:00+09:00,477.5884973802149,481.36603351768554,475.4299053016603,480.8263854980469,31400,0.0,0.0
2006-12-28 00:00:00+09:00,480.8263854980469,484.6039216355175,479.74708945876955,480.8263854980469,19800,0.0,0.0
2006-12-29 00:00:00+09:00,481.3660278320312,484.60391591161886,479.7470837922374,481.36602783203125,12800,0.0,0.0
2007-01-04 00:00:00+09:00,481.3660526425147,483.52464480683096,479.2074604781985,481.90570068359375,10900,0.0,0.0
2007-01-05 00:00:00+09:00,481.9055704798948,481.9055704798948,472.1919083649585,473.81085205078125,26400,0.0,0.0
2007-01-09 00:00:00+09:00,469.4938732993957,475.4300027319168,464.63704012733297,471.6524658203125,21000,0.0,0.0
2007-01-10 00:00:00+09:00,473.2713819660704,474.89032626013903,464.6370123977042,465.71630859375,29800,0.0,0.0
2007-01-11 00:00:00+09:00,465.17662238408576,467.874862653135,463.0180301688464,463.55767822265625,16600,0.0,0.0
2007-01-12 00:00:00+09:00,464.09732818603516,469.4938087463379,463.5576801300049,466.25592041015625,22100,0.0,0.0
2007-01-15 00:00:00+09:00,468.414541015625,473.27137381417407,467.8748929268973,472.19207763671875,15900,0.0,0.0
2007-01-16 00:00:00+09:00,470.5730612394883,474.35059728154846,470.5730612394883,473.27130126953125,10600,0.0,0.0
2007-01-17 00:00:00+09:00,473.810937944397,475.42988192370586,471.65234597198514,474.3505859375,9500,0.0,0.0
2007-01-18 00:00:00+09:00,475.4299259315543,481.3660544051605,474.3506298454441,475.9695739746094,22300,0.0,0.0
2007-01-19 00:00:00+09:00,477.0490486213753,482.44553107184333,475.96975213128167,479.2076416015625,19800,0.0,0.0
2007-01-22 00:00:00+09:00,482.4454490509372,488.3815787372463,482.4454490509372,486.76263427734375,23900,0.0,0.0
2007-01-23 00:00:00+09:00,485.68328857421875,486.7625847710504,484.60399237738716,485.68328857421875,9400,0.0,0.0
2007-01-24 00:00:00+09:00,486.76260955167004,487.84190580344756,483.5247207963374,486.22296142578125,17400,0.0,0.0
2007-01-25 00:00:00+09:00,486.76251371407216,486.76251371407216,480.8263854980469,480.8263854980469,9500,0.0,0.0
2007-01-26 00:00:00+09:00,480.8264389984234,480.8264389984234,475.9696062812676,478.6678466796875,11500,0.0,0.0
2007-01-29 00:00:00+09:00,480.28679446897644,485.6832753057065,480.28679446897644,484.0643310546875,17600,0.0,0.0
2007-01-30 00:00:00+09:00,485.68328857421875,486.7625847710504,481.9057518853082,485.68328857421875,25200,0.0,0.0
2007-01-31 00:00:00+09:00,501.8727392344622,509.4278127283143,500.253794914351,507.8088684082031,81500,0.0,0.0
2007-02-01 00:00:00+09:00,512.6656103967273,528.855050725045,512.6656103967273,525.0775146484375,106900,0.0,0.0
2007-02-02 00:00:00+09:00,522.9190426660964,523.4586908009427,518.0622094524794,522.37939453125,26500,0.0,0.0
2007-02-05 00:00:00+09:00,521.839626582774,527.7757547031572,520.7603305608861,525.0775146484375,30300,0.0,0.0
2007-02-06 00:00:00+09:00,525.0776183835923,535.8705807347452,525.0776183835923,535.3309326171875,38100,0.0,0.0
2007-02-07 00:00:00+09:00,537.4895382675094,539.6481307906721,534.791297613556,536.9498901367188,36800,0.0,0.0
2007-02-08 00:00:00+09:00,539.6481307906721,542.3463714446254,536.9498901367188,536.9498901367188,37300,0.0,0.0
2007-02-09 00:00:00+09:00,536.9498405955949,537.4894886765956,532.0930078665896,535.8705444335938,31200,0.0,0.0
2007-02-13 00:00:00+09:00,538.0291748046875,541.8067116388228,538.0291748046875,538.0291748046875,28700,0.0,0.0
2007-02-14 00:00:00+09:00,539.1084329195974,539.1084329195974,534.251600190592,535.8705444335938,22700,0.0,0.0
2007-02-15 00:00:00+09:00,534.2514920521932,538.5686758263523,534.2514920521932,537.4893798828125,30300,0.0,0.0
2007-02-16 00:00:00+09:00,534.7912482715925,538.0291367575961,534.251600190592,535.8705444335938,25200,0.0,0.0
2007-02-19 00:00:00+09:00,530.47397639034,535.8704563129274,530.47397639034,532.632568359375,30700,0.0,0.0
2007-02-20 00:00:00+09:00,531.5534073030105,535.330944207702,529.9344629152856,534.2516479492188,22200,0.0,0.0
2007-02-21 00:00:00+09:00,532.0930060877009,535.8705426420761,532.0930060877009,533.1723022460938,13200,0.0,0.0
2007-02-22 00:00:00+09:00,534.2516494827654,537.4895382675094,534.2516494827654,536.9498901367188,30400,0.0,0.0
2007-02-23 00:00:00+09:00,534.2514920521932,538.0290278545824,534.2514920521932,537.4893798828125,20600,0.0,0.0
2007-02-26 00:00:00+09:00,539.6481841920393,546.6636105865358,538.5688878236552,546.1239624023438,50600,0.0,0.0
2007-02-27 00:00:00+09:00,546.6634865148064,547.7427826382316,540.7273578359685,543.4255981445312,31800,0.0,0.0
2007-02-28 00:00:00+09:00,512.6656476648461,529.3947372202254,508.8881113136315,527.2361450195312,71300,0.0,0.0
2007-03-01 00:00:00+09:00,531.5534511613257,532.6327475088614,522.3794322072723,524.5380249023438,40600,0.0,0.0
2007-03-02 00:00:00+09:00,518.6017951688044,522.918979727962,518.6017951688044,519.6810913085938,42200,0.0,0.0
2007-03-05 00:00:00+09:00,516.9828279056651,517.5224759514957,504.031274805732,504.5709228515625,56700,0.0,0.0
2007-03-06 00:00:00+09:00,501.87270500206876,520.7603874483832,501.87270500206876,519.6810913085938,39900,0.0,0.0
2007-03-07 00:00:00+09:00,534.251803466041,534.251803466041,522.3795411667957,522.919189453125,33500,0.0,0.0
2007-03-08 00:00:00+09:00,523.9983108489806,536.4102172851562,523.9983108489806,536.4102172851562,33500,0.0,0.0
2007-03-09 00:00:00+09:00,536.9498901367188,541.8067233138348,536.410242005928,536.9498901367188,35300,0.0,0.0
2007-03-12 00:00:00+09:00,540.7273559570312,541.806652076706,539.1084117775192,540.7273559570312,24900,0.0,0.0
2007-03-13 00:00:00+09:00,539.6480827866671,542.3463232006004,538.5687866210938,538.5687866210938,15400,0.0,0.0
2007-03-14 00:00:00+09:00,527.7759257208442,534.2517039505477,523.458740234375,523.458740234375,32100,0.0,0.0
2007-03-15 00:00:00+09:00,528.8550891700518,531.5533294209195,527.2361450195312,527.2361450195312,21900,0.0,0.0
2007-03-16 00:00:00+09:00,527.2361450195312,531.5533294209195,527.2361450195312,527.2361450195312,20400,0.0,0.0
2007-03-19 00:00:00+09:00,532.6327136516086,533.7120099305379,529.3948248148207,530.47412109375,22100,0.0,0.0
2007-03-20 00:00:00+09:00,531.0137312268578,531.0137312268578,527.2361945209756,528.3154907226562,44600,0.0,0.0
2007-03-22 00:00:00+09:00,532.0931396484375,533.1724360777447,529.9345467898231,532.0931396484375,41200,0.0,0.0
2007-03-23 00:00:00+09:00,534.2516494827654,538.5688345290907,532.0930569596027,536.9498901367188,44700,0.0,0.0
2007-03-26 00:00:00+09:00,537.4896368536505,539.6482297727415,534.2517474750141,539.1085815429688,51900,0.0,0.0
2007-03-27 00:00:00+09:00,537.9992395159842,538.5538779072377,528.5703868646731,530.7889404296875,46200,27.0,0.0
2007-03-28 00:00:00+09:00,524.6878508381554,528.0156807589048,518.5868293167815,519.6961059570312,47900,0.0,0.0
2007-03-29 00:00:00+09:00,510.26706930117314,515.2588123704237,509.1577930635619,514.1495361328125,29900,0.0,0.0
2007-03-30 00:00:00+09:00,514.1497817141816,520.2508039351696,514.1497817141816,516.9229736328125,18500,0.0,0.0
2007-04-02 00:00:00+09:00,517.4775194965255,520.8053492038986,506.9393920898438,506.93939208984375,21900,0.0,0.0
2007-04-03 00:00:00+09:00,505.83009886897463,512.4857580646191,505.83009886897463,509.1579284667969,23300,0.0,0.0
2007-04-04 00:00:00+09:00,520.2507904315817,520.2507904315817,514.7044067382812,514.7044067382812,20000,0.0,0.0
2007-04-05 00:00:00+09:00,516.3683083274148,518.0322233918425,512.48583984375,512.48583984375,11700,0.0,0.0
2007-04-06 00:00:00+09:00,510.8218033724637,510.8218033724637,504.7207829195895,505.2754211425781,14000,0.0,0.0
2007-04-09 00:00:00+09:00,499.72923806997443,501.94779184608973,490.3003845214844,490.3003845214844,40500,0.0,0.0
2007-04-10 00:00:00+09:00,495.8466410431414,501.9476623535156,491.4095346355965,501.9476623535156,29100,0.0,0.0
2007-04-11 00:00:00+09:00,499.17441540815696,502.50224484421136,493.0733947753906,493.0733947753906,19800,0.0,0.0
2007-04-12 00:00:00+09:00,492.5189754580806,493.07361394395684,490.85506000045194,491.4096984863281,9200,0.0,0.0
2007-04-13 00:00:00+09:00,492.51868589232566,498.06506749021224,489.19085693359375,489.19085693359375,23000,0.0,0.0
2007-04-16 00:00:00+09:00,489.19094567459626,494.1826900182146,488.6363074141942,493.6280517578125,11500,0.0,0.0
2007-04-17 00:00:00+09:00,494.73734306829067,504.1661937769913,486.97240719053724,488.6363220214844,12500,0.0,0.0
2007-04-18 00:00:00+09:00,493.62816716099644,495.29208233120204,490.8549752106538,492.5188903808594,13600,0.0,0.0
2007-04-19 00:00:00+09:00,492.51880187988286,492.51880187988286,485.30850410461426,488.0816955566406,15500,0.0,0.0
2007-04-20 00:00:00+09:00,486.9724189758301,489.1909721374512,486.9724189758301,488.0816955566406,9300,0.0,0.0
2007-04-23 00:00:00+09:00,485.3083943615458,490.30013784640744,485.3083943615458,487.5269470214844,13600,0.0,0.0
2007-04-24 00:00:00+09:00,489.745634213667,491.40954916569535,485.30852767492485,486.9724426269531,19200,0.0,0.0
2007-04-25 00:00:00+09:00,488.081683744502,491.40951340639634,484.7538540826077,488.6363220214844,14900,0.0,0.0
2007-04-26 00:00:00+09:00,488.0817832603111,492.5188903808594,486.972506480174,492.5188903808594,13700,0.0,0.0
2007-04-27 00:00:00+09:00,492.5189754580806,493.628252429833,490.85506000045194,491.4096984863281,10100,0.0,0.0
2007-05-01 00:00:00+09:00,488.6363960004196,501.3930783023602,488.6363960004196,500.83843994140625,38600,0.0,0.0
2007-05-02 00:00:00+09:00,504.16604999431127,514.7041742516182,504.16604999431127,514.1495361328125,36500,0.0,0.0
2007-05-07 00:00:00+09:00,525.2424572111431,527.4610103567023,523.5785423519736,526.9063720703125,36400,0.0,0.0
2007-05-08 00:00:00+09:00,519.696074347245,526.9063720703125,519.696074347245,526.9063720703125,10100,0.0,0.0
2007-05-09 00:00:00+09:00,543.5455576837487,545.20947265625,542.4362810354146,545.20947265625,93100,0.0,0.0
2007-05-10 00:00:00+09:00,542.9908703339804,546.3186999785196,542.9908703339804,544.65478515625,37700,0.0,0.0
2007-05-11 00:00:00+09:00,543.5454690004007,544.6547454677484,539.6630013646835,540.7722778320312,41200,0.0,0.0
2007-05-14 00:00:00+09:00,542.4362161916672,542.9908544495319,539.108386644479,539.6630249023438,21600,0.0,0.0
2007-05-15 00:00:00+09:00,530.2341780462184,533.5620076155462,527.4609867384454,528.015625,19900,0.0,0.0
2007-05-16 00:00:00+09:00,526.906308774595,528.5702234338831,523.0238412362559,524.1331176757812,15400,0.0,0.0
2007-05-17 00:00:00+09:00,525.7970463357811,526.3516845703125,523.5784933976555,526.3516845703125,6500,0.0,0.0
2007-05-18 00:00:00+09:00,517.4775114812078,517.4775114812078,511.93112872149493,513.0404052734375,19900,0.0,0.0
2007-05-21 00:00:00+09:00,518.0322045094148,521.9146728515625,516.3682895056372,521.9146728515625,11400,0.0,0.0
2007-05-22 00:00:00+09:00,524.1332797346444,534.116770777209,521.3600877783764,530.7889404296875,20500,0.0,0.0
2007-05-23 00:00:00+09:00,537.4444655894238,537.999103840806,531.3434448242188,531.3434448242188,11100,0.0,0.0
2007-05-24 00:00:00+09:00,529.1250980648535,532.4529288702929,529.1250980648535,530.234375,10800,0.0,0.0
2007-05-25 00:00:00+09:00,528.0157336786327,530.2342871814841,524.6879034243556,525.7971801757812,16300,0.0,0.0
2007-05-28 00:00:00+09:00,526.9063582632053,527.4609965350613,521.3599755446452,524.6878051757812,19900,0.0,0.0
2007-05-29 00:00:00+09:00,526.3517337839227,526.9063720703125,525.2424572111431,526.9063720703125,15200,0.0,0.0
2007-05-30 00:00:00+09:00,534.1168442730126,534.1168442730126,529.1250980648535,530.234375,18500,0.0,0.0
2007-05-31 00:00:00+09:00,531.898083075601,532.4527213269834,529.6795300700719,531.3434448242188,17300,0.0,0.0
2007-06-01 00:00:00+09:00,531.8982172121947,534.6714091684627,530.7889404296875,530.7889404296875,18900,0.0,0.0
2007-06-04 00:00:00+09:00,537.9992437166442,539.6631589033967,536.8899669254758,539.1085205078125,29400,0.0,0.0
2007-06-05 00:00:00+09:00,539.108386644479,539.6630249023438,537.9991101287496,539.6630249023438,16600,0.0,0.0
2007-06-06 00:00:00+09:00,536.8899417085913,539.108495186726,535.780664969524,537.444580078125,8900,0.0,0.0
2007-06-07 00:00:00+09:00,539.1083468798524,539.1083468798524,533.007326493352,535.780517578125,26200,0.0,0.0
2007-06-08 00:00:00+09:00,534.6713882304566,537.444580078125,534.6713882304566,537.444580078125,23700,0.0,0.0
2007-06-11 00:00:00+09:00,536.8899282504858,537.9992049617471,535.2260131835938,535.2260131835938,22400,0.0,0.0
2007-06-12 00:00:00+09:00,535.226060944715,535.226060944715,532.4528689190946,533.0075073242188,12800,0.0,0.0
2007-06-13 00:00:00+09:00,530.7888065728365,532.4527213269834,530.2341683214543,531.3434448242188,4500,0.0,0.0
2007-06-14 00:00:00+09:00,536.3353762035528,539.6632068728612,533.0075455342442,536.8900146484375,16000,0.0,0.0
2007-06-15 00:00:00+09:00,536.8898281486981,549.6465079497519,534.6712751398193,548.5372314453125,39000,0.0,0.0
2007-06-18 00:00:00+09:00,547.9826913904831,550.7558831485321,546.8734146872634,549.6466064453125,55900,0.0,0.0
2007-06-19 00:00:00+09:00,550.7557021910885,554.0835312073489,550.7557021910885,552.4196166992188,31000,0.0,0.0
2007-06-20 00:00:00+09:00,552.4197289015718,557.411473439839,552.4197289015718,555.74755859375,47000,0.0,0.0
2007-06-21 00:00:00+09:00,551.3104640720607,555.1929321289062,551.3104640720607,555.1929321289062,24400,0.0,0.0
2007-06-22 00:00:00+09:00,551.8651495869444,553.5290646108247,551.8651495869444,552.9744262695312,24900,0.0,0.0
2007-06-25 00:00:00+09:00,553.5288930379721,553.5288930379721,552.4196166992188,552.4196166992188,9400,0.0,0.0
2007-06-26 00:00:00+09:00,549.6466064453125,551.8651598517516,546.8734146872634,549.6466064453125,21600,0.0,0.0
2007-06-27 00:00:00+09:00,547.9826286269491,549.0919052031171,546.3187137626973,546.8733520507812,18700,0.0,0.0
2007-06-28 00:00:00+09:00,548.5372806433476,550.7558338512074,547.4280040394176,549.0919189453125,16900,0.0,0.0
2007-06-29 00:00:00+09:00,550.2012345630642,555.7476179759983,550.2012345630642,552.9744262695312,23200,0.0,0.0
2007-07-02 00:00:00+09:00,555.1930289411831,555.7476673317337,552.9744753789805,553.5291137695312,35100,0.0,0.0
2007-07-03 00:00:00+09:00,555.747683317765,565.7311746348506,554.0837680982507,561.2940673828125,82200,0.0,0.0
2007-07-04 00:00:00+09:00,555.7475963885968,578.4877674983098,555.7475963885968,576.8238525390625,61400,0.0,0.0
2007-07-05 00:00:00+09:00,575.7145385742188,577.3784534255892,572.9413471552677,575.7145385742188,41900,0.0,0.0
2007-07-06 00:00:00+09:00,568.5042606227347,573.4960053501538,560.1846860770362,569.0588989257812,44800,0.0,0.0
2007-07-09 00:00:00+09:00,568.5042080414227,582.3701643351159,566.2856550344317,580.151611328125,66500,0.0,0.0
2007-07-10 00:00:00+09:00,582.3702094260226,592.3536987304688,579.0423796578739,592.3536987304688,78700,0.0,0.0
2007-07-11 00:00:00+09:00,585.1435201793826,591.2445426646652,583.4796049561237,589.5806274414062,43900,0.0,0.0
2007-07-12 00:00:00+09:00,592.3538088678088,595.1270008568903,589.0259784809109,592.908447265625,38900,0.0,0.0
2007-07-13 00:00:00+09:00,592.9083553354135,593.4629936472334,579.0423975399174,582.9248657226562,26500,0.0,0.0
2007-07-17 00:00:00+09:00,582.3699980098489,587.3617408499334,581.8153599165063,585.1431884765625,33900,0.0,0.0
2007-07-18 00:00:00+09:00,580.1516487179822,581.815563580462,579.5970104304889,581.2609252929688,23300,0.0,0.0
2007-07-19 00:00:00+09:00,574.0506237228482,576.2691768580089,571.8320705876873,575.7145385742188,28300,0.0,0.0
2007-07-20 00:00:00+09:00,571.2774125118835,571.2774125118835,562.957838543264,565.1763916015625,39700,0.0,0.0
2007-07-23 00:00:00+09:00,557.9662475585938,561.8487164779875,557.4116091415375,557.9662475585938,25100,0.0,0.0
2007-07-24 00:00:00+09:00,559.6300285210557,559.6300285210557,557.4114753851942,558.520751953125,26000,0.0,0.0
2007-07-25 00:00:00+09:00,552.4197289015718,557.411473439839,551.8650906195421,555.74755859375,27000,0.0,0.0
2007-07-26 00:00:00+09:00,556.8568809793555,557.4115193070243,549.091944391994,550.755859375,42400,0.0,0.0
2007-07-27 00:00:00+09:00,546.8734249831456,554.6383620518718,545.20950989699,546.3187866210938,35200,0.0,0.0
2007-07-30 00:00:00+09:00,535.2261037479046,549.092064984897,535.2261037479046,547.9827880859375,29100,0.0,0.0
2007-07-31 00:00:00+09:00,552.9743789535659,555.1929321289062,551.8651023658957,555.1929321289062,14500,0.0,0.0
2007-08-01 00:00:00+09:00,554.0837236898199,554.0837236898199,542.4363180867306,546.3187866210938,29000,0.0,0.0
2007-08-02 00:00:00+09:00,547.4280040394176,550.7558338512074,542.990897623698,549.0919189453125,27400,0.0,0.0
2007-08-03 00:00:00+09:00,549.6465079497519,552.4196992108506,546.3186784364335,548.5372314453125,11500,0.0,0.0
2007-08-06 00:00:00+09:00,547.4281496364579,552.9745341312548,544.6549573890594,547.9827880859375,10800,0.0,0.0
2007-08-07 00:00:00+09:00,550.2013032779053,550.7559416884676,544.1002807617188,544.1002807617188,10200,0.0,0.0
2007-08-08 00:00:00+09:00,539.6632068728612,542.9910375421697,536.3353762035528,536.8900146484375,40700,0.0,0.0
2007-08-09 00:00:00+09:00,504.1662820955602,508.60338908870045,500.2838134765625,500.2838134765625,79200,0.0,0.0
2007-08-10 00:00:00+09:00,484.19938334193796,485.3086602797202,483.09010640415573,483.6447448730469,76500,0.0,0.0
2007-08-13 00:00:00+09:00,494.1827186713784,494.73735696393885,489.19097403833416,490.8548889160156,28900,0.0,0.0
2007-08-14 00:00:00+09:00,494.73739617316284,505.2755245669858,493.0734811636118,504.72088623046875,25400,0.0,0.0
2007-08-15 00:00:00+09:00,495.84656463350575,496.9558410644532,492.5187353406634,496.9558410644531,17100,0.0,0.0
2007-08-16 00:00:00+09:00,491.9640523413613,492.51869050634593,480.87128904166883,487.5269470214844,26700,0.0,0.0
2007-08-17 00:00:00+09:00,485.8632370623203,487.5271522577392,458.1313171386719,458.1313171386719,43100,0.0,0.0
2007-08-20 00:00:00+09:00,476.9889987537639,488.0817661666421,471.4426150473248,471.99725341796875,31800,0.0,0.0
2007-08-21 00:00:00+09:00,477.54372171524466,485.3086602797202,477.54372171524466,483.6447448730469,31300,0.0,0.0
2007-08-22 00:00:00+09:00,488.0818647522603,488.0818647522603,482.53547992553007,483.0901184082031,10300,0.0,0.0
2007-08-23 00:00:00+09:00,491.4096136007223,492.5188903808594,490.30033682058524,492.5188903808594,8400,0.0,0.0
2007-08-24 00:00:00+09:00,497.5105641000223,497.5105641000223,491.4095426896541,495.8466491699219,12200,0.0,0.0
2007-08-27 00:00:00+09:00,499.7290321418218,501.94758500371665,496.9558410644532,496.9558410644531,22500,0.0,0.0
2007-08-28 00:00:00+09:00,496.95599750140764,496.95599750140764,491.4096136007223,492.5188903808594,8000,0.0,0.0
2007-08-29 00:00:00+09:00,484.1993145298313,504.72093496236715,484.1993145298313,492.5188903808594,18300,0.0,0.0
2007-08-30 00:00:00+09:00,498.0651174954006,498.0651174954006,495.84656463350575,496.9558410644531,12600,0.0,0.0
2007-08-31 00:00:00+09:00,498.6198208032065,502.5022888183594,496.40126765169055,502.5022888183594,15400,0.0,0.0
2007-09-03 00:00:00+09:00,502.5023669731326,502.5023669731326,498.0652599799924,500.2838134765625,14600,0.0,0.0
2007-09-04 00:00:00+09:00,501.9477166633141,502.50235502426807,499.17452485854443,500.83843994140625,12100,0.0,0.0
2007-09-05 00:00:00+09:00,500.8383085727692,501.94758500371665,496.40120284897944,496.9558410644531,20800,0.0,0.0
2007-09-06 00:00:00+09:00,493.6282097473489,493.6282097473489,486.97254849232843,491.96429443359375,13200,0.0,0.0
2007-09-07 00:00:00+09:00,492.51882580038085,496.40129402178025,486.9724426269532,486.9724426269531,11100,0.0,0.0
2007-09-10 00:00:00+09:00,481.9807180003811,484.1992713628685,476.98897293478456,480.3168029785156,17200,0.0,0.0
2007-09-11 00:00:00+09:00,477.54355547961325,481.98066168616015,474.21572582470304,478.65283203125,14700,0.0,0.0
2007-09-12 00:00:00+09:00,479.76218992876375,484.75393525750235,479.76218992876375,481.9807434082031,9700,0.0,0.0
2007-09-13 00:00:00+09:00,479.7622976968455,480.87157468574,476.98910522460943,476.9891052246094,9900,0.0,0.0
2007-09-14 00:00:00+09:00,482.5353529742945,483.08999131104656,470.8879479025012,474.7704162597656,33200,0.0,0.0
2007-09-18 00:00:00+09:00,475.3251074913339,476.9890226867528,458.1313171386719,458.1313171386719,18200,0.0,0.0
2007-09-19 00:00:00+09:00,481.426025390625,481.426025390625,478.0981957220262,481.426025390625,10100,0.0,0.0
2007-09-20 00:00:00+09:00,485.86314355130844,485.86314355130844,475.8796543002541,480.87139892578125,12100,0.0,0.0
2007-09-21 00:00:00+09:00,484.19922752380376,488.63633384704593,484.19922752380376,488.0816955566406,25700,0.0,0.0
2007-09-25 00:00:00+09:00,491.45943322615193,496.5260253212669,486.95579580827194,495.4001159667969,12100,13.0,0.0
2007-09-26 00:00:00+09:00,494.8372162143299,497.65198991293244,490.8965330362863,494.2742614746094,11200,0.0,0.0
2007-09-27 00:00:00+09:00,493.71136381714825,499.3409118652344,493.71136381714825,499.3409118652344,22800,0.0,0.0
2007-09-28 00:00:00+09:00,499.3407987074419,499.90375338467686,489.7705691944469,495.4001159667969,12200,0.0,0.0
2007-10-01 00:00:00+09:00,500.4667848748676,505.5333777476165,497.6520110566737,498.2149658203125,7400,0.0,0.0
2007-10-02 00:00:00+09:00,499.9037537306882,504.40739115168543,499.9037537306882,501.0296630859375,11300,0.0,0.0
2007-10-03 00:00:00+09:00,502.71835327148443,503.844262237378,499.90358085675047,502.7183532714844,7500,0.0,0.0
2007-10-04 00:00:00+09:00,501.592636176518,504.9703643662589,501.0296814782279,504.40740966796875,8300,0.0,0.0
2007-10-05 00:00:00+09:00,502.7185120651842,504.9703307082533,502.7185120651842,503.84442138671875,8800,0.0,0.0
2007-10-09 00:00:00+09:00,503.84455232683956,506.096371555116,503.2815975197705,505.5334167480469,9300,0.0,0.0
2007-10-10 00:00:00+09:00,504.407376047486,506.09624002978785,500.46669342211504,503.84442138671875,6700,0.0,0.0
2007-10-11 00:00:00+09:00,503.8444641249066,507.2221923760233,502.1555999993483,506.0962829589844,11700,0.0,0.0
2007-10-12 00:00:00+09:00,504.40739425505046,504.40739425505046,501.5926208496094,501.5926208496094,9900,0.0,0.0
2007-10-15 00:00:00+09:00,502.1555755306976,502.1555755306976,499.34080212525646,501.5926208496094,5100,0.0,0.0
2007-10-16 00:00:00+09:00,499.9037099341824,499.9037099341824,493.1482543945313,493.14825439453125,12600,0.0,0.0
2007-10-17 00:00:00+09:00,490.89648720397594,490.89648720397594,485.82989501953125,485.82989501953125,12600,0.0,0.0
2007-10-18 00:00:00+09:00,480.76339473120225,498.7779481637532,480.20043993643503,497.65203857421875,13000,0.0,0.0
2007-10-19 00:00:00+09:00,495.400214238998,495.400214238998,490.8965759277344,490.8965759277344,13000,0.0,0.0
2007-10-22 00:00:00+09:00,484.1409428914388,486.3927612304687,480.20026079813636,486.39276123046875,14200,0.0,0.0
2007-10-23 00:00:00+09:00,487.5187408904854,488.0816955566407,487.5187408904854,488.0816955566406,14200,0.0,0.0
2007-10-24 00:00:00+09:00,486.39292037821264,489.20769422299395,481.3263274576062,481.8892822265625,8900,0.0,0.0
2007-10-25 00:00:00+09:00,481.32609450396365,481.32609450396365,478.5113220214843,478.5113220214844,8900,0.0,0.0
2007-10-26 00:00:00+09:00,474.57085277012413,474.57085277012413,472.8819885253906,472.8819885253906,8900,0.0,0.0
2007-10-29 00:00:00+09:00,472.8818790381554,476.2596067455708,468.94119671283744,475.1336975097656,21200,0.0,0.0
2007-10-30 00:00:00+09:00,475.13378283153276,485.2669677734375,475.13378283153276,485.2669677734375,21200,0.0,0.0
2007-10-31 00:00:00+09:00,481.3263244628907,481.8892792283443,476.2597315738076,481.3263244628906,8400,0.0,0.0
2007-11-01 00:00:00+09:00,481.3262575222471,485.82989501953125,481.3262575222471,485.82989501953125,8400,0.0,0.0
2007-11-02 00:00:00+09:00,479.0744204437719,484.14101243436403,476.82260178128644,482.4521484375,7900,0.0,0.0
2007-11-05 00:00:00+09:00,483.0151057693193,483.0151057693193,475.6966950758448,477.38555908203125,6800,0.0,0.0
2007-11-06 00:00:00+09:00,475.13376467729574,476.2596740722656,475.13376467729574,476.2596740722656,6800,0.0,0.0
2007-11-07 00:00:00+09:00,432.91217650575555,434.03808593750006,432.91217650575555,434.0380859375,6800,0.0,0.0
2007-11-08 00:00:00+09:00,434.03812963220463,434.03812963220463,425.03085327148443,425.0308532714844,6800,0.0,0.0
2007-11-09 00:00:00+09:00,421.65300884527693,421.65300884527693,420.527099609375,420.527099609375,6800,0.0,0.0
2007-11-12 00:00:00+09:00,407.57922059371754,407.57922059371754,407.01626586914057,407.0162658691406,6800,0.0,0.0
2007-11-13 00:00:00+09:00,408.14210783261365,409.26801709560016,405.8902893066406,405.8902893066406,14500,0.0,0.0
2007-11-14 00:00:00+09:00,405.89032954554403,418.8382873535156,405.89032954554403,418.8382873535156,14500,0.0,0.0
2007-11-15 00:00:00+09:00,416.5865112966315,418.8383302766133,415.46060180664057,415.4606018066406,9900,0.0,0.0
2007-11-16 00:00:00+09:00,408.14216613769537,410.9569396972657,408.14216613769537,410.9569396972656,9900,0.0,0.0
2007-11-19 00:00:00+09:00,395.7571594063645,398.0089782365572,382.8092011327566,393.5053405761719,26600,0.0,0.0
2007-11-20 00:00:00+09:00,377.17964805369814,386.7498779296875,377.17964805369814,386.7498779296875,26600,0.0,0.0
2007-11-21 00:00:00+09:00,388.4386924710043,388.4386924710043,383.3721008300781,383.3721008300781,26600,0.0,0.0
2007-11-22 00:00:00+09:00,377.17969349452426,378.30560302734375,377.17969349452426,378.30560302734375,26600,0.0,0.0
2007-11-26 00:00:00+09:00,382.2462340404369,384.4980527976707,378.3055512152778,379.9944152832031,14700,0.0,0.0
2007-11-27 00:00:00+09:00,377.17959771640056,388.4386901855469,377.17959771640056,388.4386901855469,26600,0.0,0.0
2007-11-28 00:00:00+09:00,385.06105967770577,385.06105967770577,383.9351501464844,383.9351501464844,26600,0.0,0.0
2007-11-29 00:00:00+09:00,386.1869024658203,394.06826782226557,386.1869024658203,394.0682678222656,26600,0.0,0.0
2007-11-30 00:00:00+09:00,396.8830175078317,400.8236999511719,396.3200628730688,400.8236999511719,20800,0.0,0.0
2007-12-03 00:00:00+09:00,399.6978696010239,404.2015075683594,399.6978696010239,404.2015075683594,20800,0.0,0.0
2007-12-04 00:00:00+09:00,402.51256385546054,403.6384731249863,400.8236999511719,400.8236999511719,6300,0.0,0.0
2007-12-05 00:00:00+09:00,400.82377909285776,404.2015075683594,400.82377909285776,404.2015075683594,6300,0.0,0.0
2007-12-06 00:00:00+09:00,404.2013918558756,405.3273010253906,404.2013918558756,405.3273010253906,6300,0.0,0.0
2007-12-07 00:00:00+09:00,410.95698277594636,410.95698277594636,405.89038983761276,407.5792541503906,13600,0.0,0.0
2007-12-10 00:00:00+09:00,407.5791693977688,414.3346252441406,407.5791693977688,414.3346252441406,13600,0.0,0.0
2007-12-11 00:00:00+09:00,426.7196084606632,432.912109375,423.34188068920673,432.912109375,19500,0.0,0.0
2007-12-12 00:00:00+09:00,428.9714874933559,439.1046722372934,428.9714874933559,438.5417175292969,17200,0.0,0.0
2007-12-13 00:00:00+09:00,436.852899840989,436.852899840989,430.09744262695307,430.0974426269531,17200,0.0,0.0
2007-12-14 00:00:00+09:00,428.9714386666275,429.53439331054693,428.9714386666275,429.5343933105469,17200,0.0,0.0
2007-12-17 00:00:00+09:00,422.2159697630695,423.341879015771,421.65301513671875,421.65301513671875,8000,0.0,0.0
2007-12-18 00:00:00+09:00,416.5864590124295,416.5864590124295,408.14213889731263,411.5198669433594,21400,0.0,0.0
2007-12-19 00:00:00+09:00,416.0234892057336,416.0234892057336,411.51985197481906,414.3346252441406,14500,0.0,0.0
2007-12-20 00:00:00+09:00,411.519921950352,411.519921950352,410.3940124511719,410.3940124511719,14500,0.0,0.0
2007-12-21 00:00:00+09:00,410.3939200071035,410.3939200071035,404.7643737792969,404.7643737792969,14500,0.0,0.0
2007-12-25 00:00:00+09:00,399.1348876953125,399.6978424029222,396.8830688648735,399.1348876953125,20300,0.0,0.0
2007-12-26 00:00:00+09:00,403.075615982983,407.5792541503906,401.94970644113107,407.5792541503906,17600,0.0,0.0
2007-12-27 00:00:00+09:00,407.5792607994719,407.5792607994719,403.0756225585938,403.07562255859375,17600,0.0,0.0
2007-12-28 00:00:00+09:00,401.9496858804533,401.9496858804533,397.4460479434174,398.0090026855469,7000,0.0,0.0
2008-01-04 00:00:00+09:00,394.0682764458272,394.0682764458272,383.3721375137262,384.498046875,12200,0.0,0.0
2008-01-07 00:00:00+09:00,383.93509810836224,383.93509810836224,379.9944152832031,379.9944152832031,17600,0.0,0.0
2008-01-08 00:00:00+09:00,381.6833399863139,385.62402343750006,381.6833399863139,385.6240234375,17600,0.0,0.0
2008-01-09 00:00:00+09:00,370.98719572127726,390.6906127929688,370.98719572127726,390.69061279296875,17600,0.0,0.0
2008-01-10 00:00:00+09:00,389.0017521099453,389.0017521099453,385.62402343750006,385.6240234375,17600,0.0,0.0
2008-01-11 00:00:00+09:00,379.43151256016324,379.43151256016324,378.30560302734375,378.30560302734375,17600,0.0,0.0
2008-01-15 00:00:00+09:00,371.55008395768436,371.55008395768436,350.1578063964844,350.1578063964844,13900,0.0,0.0
2008-01-16 00:00:00+09:00,341.1505832067117,349.5949045732145,331.58035232467523,337.20989990234375,36200,0.0,0.0
2008-01-17 00:00:00+09:00,341.7135345057437,342.2764892578125,341.7135345057437,342.2764892578125,36200,0.0,0.0
2008-01-18 00:00:00+09:00,335.52099326898247,343.9653135693763,335.52099326898247,340.58758544921875,17200,0.0,0.0
2008-01-21 00:00:00+09:00,337.77284861809045,337.77284861809045,335.52102962730316,336.083984375,17500,0.0,0.0
2008-01-22 00:00:00+09:00,331.5802969857398,333.2691609771782,320.32120370948377,321.4471130371094,32300,0.0,0.0
2008-01-23 00:00:00+09:00,324.82480490887104,325.9507141113281,322.0100319027283,325.9507141113281,20200,0.0,0.0
2008-01-24 00:00:00+09:00,327.6396714507556,343.40240478515625,325.3878524029841,343.40240478515625,13400,0.0,0.0
2008-01-25 00:00:00+09:00,353.53553788846517,356.3503112792969,353.53553788846517,356.3503112792969,10800,0.0,0.0
2008-01-28 00:00:00+09:00,352.40959524806544,355.7873229980469,352.40959524806544,355.7873229980469,10800,0.0,0.0
2008-01-29 00:00:00+09:00,364.79465027325693,365.92055968768057,364.2316955660451,365.35760498046875,6000,0.0,0.0
2008-01-30 00:00:00+09:00,372.1130159676793,375.49074379794564,372.1130159676793,373.8018798828125,12600,0.0,0.0
2008-01-31 00:00:00+09:00,373.8018897998985,381.1203002929688,373.8018897998985,381.12030029296875,8800,0.0,0.0
2008-02-01 00:00:00+09:00,390.1276580194919,391.8165223399226,386.7499293786305,390.69061279296875,6300,0.0,0.0
2008-02-04 00:00:00+09:00,391.8164367675782,393.50530071916256,391.25348211705005,391.8164367675781,7200,0.0,0.0
2008-02-05 00:00:00+09:00,387.8757629394531,387.8757629394531,387.8757629394531,387.8757629394531,7200,0.0,0.0
2008-02-06 00:00:00+09:00,376.0537475585938,376.61670227050786,368.735336303711,371.55010986328125,9000,0.0,0.0
2008-02-07 00:00:00+09:00,376.0537322309681,376.0537322309681,374.36486816406256,374.3648681640625,9000,0.0,0.0
2008-02-08 00:00:00+09:00,376.0537475585938,376.61670227050786,369.298291015625,371.55010986328125,5000,0.0,0.0
2008-02-12 00:00:00+09:00,371.5501098632813,371.5501098632813,360.291015625,360.291015625,5000,0.0,0.0
2008-02-13 00:00:00+09:00,360.290938730315,360.290938730315,357.47616577148443,357.4761657714844,6500,0.0,0.0
2008-02-14 00:00:00+09:00,366.4835174560547,371.5501098632813,366.4835174560547,371.55010986328125,6500,0.0,0.0
2008-02-15 00:00:00+09:00,372.113001254642,377.7425474158317,372.113001254642,376.61663818359375,8600,0.0,0.0
2008-02-18 00:00:00+09:00,382.24623094326665,382.24623094326665,379.43145751953125,379.43145751953125,8600,0.0,0.0
2008-02-19 00:00:00+09:00,373.801913475094,374.36486816406256,373.801913475094,374.3648681640625,8600,0.0,0.0
2008-02-20 00:00:00+09:00,370.42414816232775,370.42414816232775,367.609375,367.609375,8600,0.0,0.0
2008-02-21 00:00:00+09:00,368.1723148612628,371.55004252054044,368.1723148612628,370.42413330078125,11000,0.0,0.0
2008-02-22 00:00:00+09:00,366.48353562703943,369.2983093261719,366.48353562703943,369.2983093261719,5700,0.0,0.0
2008-02-25 00:00:00+09:00,376.6166810351707,378.8684997558593,376.6166810351707,378.8684997558594,9200,0.0,0.0
2008-02-26 00:00:00+09:00,376.0537475585938,376.0537475585938,371.5501098632813,371.55010986328125,9200,0.0,0.0
2008-02-27 00:00:00+09:00,377.1795864762931,378.3054956896552,374.3648134428879,375.49072265625,10600,0.0,0.0
2008-02-28 00:00:00+09:00,370.4242095256823,373.2389831542969,370.4242095256823,373.2389831542969,9900,0.0,0.0
2008-02-29 00:00:00+09:00,372.11299713042007,372.11299713042007,369.29822408102206,370.42413330078125,4700,0.0,0.0
2008-03-03 00:00:00+09:00,359.16502954678276,359.16502954678276,357.47616577148443,357.4761657714844,7300,0.0,0.0
2008-03-04 00:00:00+09:00,357.4761868730376,357.4761868730376,355.7873229980469,355.7873229980469,7300,0.0,0.0
2008-03-05 00:00:00+09:00,354.6614872325551,354.6614872325551,346.7801208496094,346.7801208496094,7300,0.0,0.0
2008-03-06 00:00:00+09:00,350.7207579681839,353.5355313066123,349.03189396512676,349.5948486328125,14700,0.0,0.0
2008-03-07 00:00:00+09:00,349.59490410565155,349.59490410565155,342.8394470214844,342.8394470214844,14700,0.0,0.0
2008-03-10 00:00:00+09:00,338.8986842481396,356.9132322480407,338.8986842481396,355.7873229980469,14900,0.0,0.0
2008-03-11 00:00:00+09:00,340.0245154190692,342.8392878977039,340.0245154190692,341.71337890625,16400,0.0,0.0
2008-03-12 00:00:00+09:00,344.5282958586752,346.21716005406086,343.96534112688,345.6542053222656,9000,0.0,0.0
2008-03-13 00:00:00+09:00,338.33573877731425,338.33573877731425,332.7061923750295,335.5209655761719,12900,0.0,0.0
2008-03-14 00:00:00+09:00,331.01732058641386,331.01732058641386,320.8841373031563,323.1359558105469,32600,0.0,0.0
2008-03-17 00:00:00+09:00,311.8768615722656,315.2545893149255,309.625043077159,311.8768615722656,15600,0.0,0.0
2008-03-18 00:00:00+09:00,311.8768480029383,320.3211669921875,309.62502960580514,320.3211669921875,13300,0.0,0.0
2008-03-19 00:00:00+09:00,320.3212615431401,320.88421630859375,318.0694424813254,320.88421630859375,22100,0.0,0.0
2008-03-21 00:00:00+09:00,329.89150405256714,330.4544588376398,326.5137753421313,328.7655944824219,7900,0.0,0.0
2008-03-24 00:00:00+09:00,332.143310546875,332.143310546875,332.143310546875,332.143310546875,7900,0.0,0.0
2008-03-25 00:00:00+09:00,341.71337890625,342.27633340197696,337.7726974361615,341.71337890625,13000,0.0,0.0
2008-03-26 00:00:00+09:00,343.4422633522435,350.3572082519531,343.4422633522435,350.3572082519531,13000,14.0,0.0
2008-03-27 00:00:00+09:00,343.44228916952056,343.44228916952056,336.52734375,336.52734375,13000,0.0,0.0
2008-03-28 00:00:00+09:00,337.1035805264035,341.1372985839844,337.1035805264035,341.1372985839844,13000,0.0,0.0
2008-03-31 00:00:00+09:00,338.2559509277344,338.2559509277344,338.2559509277344,338.2559509277344,13000,0.0,0.0
2008-04-01 00:00:00+09:00,336.527339941914,336.527339941914,329.0361491555358,332.4936218261719,6100,0.0,0.0
2008-04-02 00:00:00+09:00,332.4936218261719,332.4936218261719,332.4936218261719,332.4936218261719,6100,0.0,0.0
2008-04-03 00:00:00+09:00,333.6460266113281,333.6460266113281,333.6460266113281,333.6460266113281,6100,0.0,0.0
2008-04-04 00:00:00+09:00,333.64609316170936,334.798583984375,333.64609316170936,334.798583984375,6100,0.0,0.0
2008-04-07 00:00:00+09:00,333.0697993837554,334.2222900390625,333.0697993837554,334.2222900390625,6100,0.0,0.0
2008-04-08 00:00:00+09:00,334.7985172041134,336.5272530932913,333.06978131493554,333.6460266113281,10600,0.0,0.0
2008-04-09 00:00:00+09:00,333.6461127163839,333.6461127163839,332.4936218261719,332.4936218261719,10600,0.0,0.0
2008-04-10 00:00:00+09:00,329.0360478145975,329.0360478145975,327.30731201171875,327.30731201171875,10600,0.0,0.0
2008-04-11 00:00:00+09:00,328.45986805791443,331.3410949707031,328.45986805791443,331.3410949707031,2200,0.0,0.0
2008-04-14 00:00:00+09:00,331.91732463430856,331.91732463430856,325.0023803710938,325.00238037109375,2200,0.0,0.0
2008-04-15 00:00:00+09:00,322.69736957038236,322.69736957038236,319.8161430563611,322.1211242675781,3100,0.0,0.0
2008-04-16 00:00:00+09:00,323.84990899222237,323.84990899222237,322.6974182128906,322.6974182128906,3100,0.0,0.0
2008-04-17 00:00:00+09:00,323.8498840332031,323.8498840332031,323.8498840332031,323.8498840332031,3100,0.0,0.0
2008-04-18 00:00:00+09:00,323.8498716201918,324.4261169433594,323.8498716201918,324.4261169433594,3100,0.0,0.0
2008-04-21 00:00:00+09:00,325.0023803710938,325.0023803710938,325.0023803710938,325.00238037109375,3100,0.0,0.0
2008-04-22 00:00:00+09:00,320.9686450043538,324.4261169433594,320.9686450043538,324.4261169433594,3100,0.0,0.0
2008-04-23 00:00:00+09:00,324.4261350158259,325.5786257263617,324.4261350158259,325.00238037109375,3100,0.0,0.0
2008-04-24 00:00:00+09:00,323.2736636025565,325.57864516122004,322.6974182128906,322.6974182128906,3500,0.0,0.0
2008-04-25 00:00:00+09:00,330.7647836174763,330.7647836174763,327.30731201171875,327.30731201171875,3500,0.0,0.0
2008-04-28 00:00:00+09:00,329.0361491555358,332.4936218261719,329.0361491555358,332.4936218261719,3500,0.0,0.0
2008-04-30 00:00:00+09:00,333.64602751515883,337.1034993028807,330.7648010253906,330.7648010253906,11500,0.0,0.0
2008-05-01 00:00:00+09:00,331.9173278808594,331.9173278808594,331.9173278808594,331.9173278808594,11500,0.0,0.0
2008-05-02 00:00:00+09:00,337.103515625,337.103515625,337.103515625,337.103515625,11500,0.0,0.0
2008-05-07 00:00:00+09:00,345.74720481401295,345.74720481401295,345.17095947265625,345.17095947265625,11500,0.0,0.0
2008-05-08 00:00:00+09:00,346.8996830240885,346.8996830240885,345.7471923828125,345.7471923828125,11500,0.0,0.0
2008-05-09 00:00:00+09:00,341.1372339709052,341.1372339709052,334.2222900390625,334.2222900390625,11500,0.0,0.0
2008-05-12 00:00:00+09:00,334.798583984375,334.798583984375,334.798583984375,334.798583984375,11500,0.0,0.0
2008-05-13 00:00:00+09:00,333.6460436698718,338.8322516025641,333.6460436698718,337.103515625,5800,0.0,0.0
2008-05-14 00:00:00+09:00,340.5609422832876,346.3233947753906,340.5609422832876,346.3233947753906,7700,0.0,0.0
2008-05-15 00:00:00+09:00,351.5097155244809,354.39094270091107,350.3572246539088,353.814697265625,8500,0.0,0.0
2008-05-16 00:00:00+09:00,351.3257348194039,353.814697265625,351.3257348194039,353.814697265625,8500,0.0,0.0
2008-05-19 00:00:00+09:00,352.08600915428104,354.3909912109375,352.08600915428104,354.3909912109375,8500,0.0,0.0
2008-05-20 00:00:00+09:00,353.2384101742604,353.2384101742604,350.9334287049341,351.5096740722656,4400,0.0,0.0
2008-05-21 00:00:00+09:00,346.32346264893397,346.32346264893397,344.5947265625,344.5947265625,5500,0.0,0.0
2008-05-22 00:00:00+09:00,339.4084285845443,341.7134094238281,339.4084285845443,341.7134094238281,5500,0.0,0.0
2008-05-23 00:00:00+09:00,348.0521987353679,348.0521987353679,344.5947265625,344.5947265625,5500,0.0,0.0
2008-05-26 00:00:00+09:00,341.7135494758786,342.289794921875,341.7135494758786,342.289794921875,5500,0.0,0.0
2008-05-27 00:00:00+09:00,342.2897327658728,345.17095947265625,342.2897327658728,345.17095947265625,5500,0.0,0.0
2008-05-28 00:00:00+09:00,345.7472675978535,345.7472675978535,342.289794921875,342.289794921875,5500,0.0,0.0
2008-05-29 00:00:00+09:00,344.01849365234375,344.594739035346,343.44224826934146,344.01849365234375,3100,0.0,0.0
2008-05-30 00:00:00+09:00,344.01849365234375,344.01849365234375,344.01849365234375,344.01849365234375,3100,0.0,0.0
2008-06-02 00:00:00+09:00,350.3571290671334,350.3571290671334,349.2046385109916,349.7808837890625,9800,0.0,0.0
2008-06-03 00:00:00+09:00,348.6284553806647,348.6284553806647,345.7472284766923,346.89971923828125,4300,0.0,0.0
2008-06-04 00:00:00+09:00,350.3572082519531,350.3572082519531,350.3572082519531,350.3572082519531,4300,0.0,0.0
2008-06-05 00:00:00+09:00,348.6284484863281,349.20469385572704,346.8997123781315,348.6284484863281,2700,0.0,0.0
2008-06-06 00:00:00+09:00,349.204645118966,350.35713569691643,348.0521545410156,348.0521545410156,5900,0.0,0.0
2008-06-09 00:00:00+09:00,339.9847842153345,341.1372750092848,339.4085388183594,339.4085388183594,4500,0.0,0.0
2008-06-10 00:00:00+09:00,340.56102961230965,340.56102961230965,339.4085388183594,339.4085388183594,3600,0.0,0.0
2008-06-11 00:00:00+09:00,339.4085388183594,339.4085388183594,339.4085388183594,339.4085388183594,3600,0.0,0.0
2008-06-12 00:00:00+09:00,342.2897451139214,344.5947265625,342.2897451139214,344.5947265625,11800,0.0,0.0
2008-06-13 00:00:00+09:00,338.2560963258905,339.9848327636719,338.2560963258905,339.9848327636719,11800,0.0,0.0
2008-06-16 00:00:00+09:00,338.2559995586369,338.8322448730469,338.2559995586369,338.8322448730469,11800,0.0,0.0
2008-06-17 00:00:00+09:00,338.8322448730469,338.8322448730469,338.8322448730469,338.8322448730469,11800,0.0,0.0
2008-06-18 00:00:00+09:00,338.8322448730469,339.98473550186674,338.8322448730469,338.8322448730469,2000,0.0,0.0
2008-06-19 00:00:00+09:00,336.5272530932913,336.5272530932913,333.6460266113281,333.6460266113281,2000,0.0,0.0
2008-06-20 00:00:00+09:00,330.7647828639698,330.7647828639698,330.18853759765625,330.18853759765625,2000,0.0,0.0
2008-06-23 00:00:00+09:00,329.61234643724225,331.9173278808594,329.61234643724225,331.9173278808594,5200,0.0,0.0
2008-06-24 00:00:00+09:00,330.7648854908538,332.4936218261719,330.7648854908538,332.4936218261719,5200,0.0,0.0
2008-06-25 00:00:00+09:00,331.34110190651637,331.34110190651637,329.61236572265625,329.61236572265625,5200,0.0,0.0
2008-06-26 00:00:00+09:00,338.25608010488014,338.25608010488014,336.52734375,336.52734375,5200,0.0,0.0
2008-06-27 00:00:00+09:00,333.0697993837554,334.2222900390625,333.0697993837554,334.2222900390625,5200,0.0,0.0
2008-06-30 00:00:00+09:00,333.0697993837554,334.2222900390625,333.0697993837554,334.2222900390625,5200,0.0,0.0
2008-07-01 00:00:00+09:00,334.85618197517243,335.37481689453125,334.85618197517243,335.37481689453125,5200,0.0,0.0
2008-07-02 00:00:00+09:00,335.37481689453125,335.37481689453125,335.37481689453125,335.37481689453125,5200,0.0,0.0
2008-07-03 00:00:00+09:00,329.0360651315297,331.34104632334424,329.0360651315297,330.7648010253906,4200,0.0,0.0
2008-07-04 00:00:00+09:00,331.3410825199551,332.4935732417636,329.61234643724225,331.9173278808594,5500,0.0,0.0
2008-07-07 00:00:00+09:00,333.64610015974733,333.64610015974733,333.0698547363281,333.0698547363281,2700,0.0,0.0
2008-07-08 00:00:00+09:00,328.45977783203125,328.45977783203125,328.45977783203125,328.45977783203125,2700,0.0,0.0
2008-07-09 00:00:00+09:00,330.7648705795881,330.7648705795881,326.1549072265625,326.1549072265625,2700,0.0,0.0
2008-07-10 00:00:00+09:00,324.42617096917786,326.1549072265625,324.42617096917786,326.1549072265625,2700,0.0,0.0
2008-07-11 00:00:00+09:00,326.15487108162955,326.15487108162955,325.0023803710938,325.00238037109375,2700,0.0,0.0
2008-07-14 00:00:00+09:00,323.273681640625,323.273681640625,323.273681640625,323.273681640625,2700,0.0,0.0
2008-07-15 00:00:00+09:00,324.4261282461661,326.7311096191406,323.27363755967883,326.7311096191406,8700,0.0,0.0
2008-07-16 00:00:00+09:00,323.2736090997391,323.2736090997391,320.3923826371746,320.9686279296875,4000,0.0,0.0
2008-07-17 00:00:00+09:00,322.6974362188057,323.273681640625,322.6974362188057,323.273681640625,4000,0.0,0.0
2008-07-18 00:00:00+09:00,323.2736443052901,325.0023803710938,323.2736443052901,325.00238037109375,4000,0.0,0.0
2008-07-22 00:00:00+09:00,320.9686573069291,323.8498840332031,318.66367592590984,323.8498840332031,11300,0.0,0.0
2008-07-23 00:00:00+09:00,322.6974362188057,323.273681640625,322.6974362188057,323.273681640625,11300,0.0,0.0
2008-07-24 00:00:00+09:00,325.00237358940973,326.7311096191406,325.00237358940973,326.7311096191406,11300,0.0,0.0
2008-07-25 00:00:00+09:00,326.1549072265625,326.1549072265625,326.1549072265625,326.1549072265625,11300,0.0,0.0
2008-07-28 00:00:00+09:00,325.0023803710938,325.0023803710938,325.0023803710938,325.00238037109375,11300,0.0,0.0
2008-07-29 00:00:00+09:00,319.2399472348325,319.8161926269531,319.2399472348325,319.8161926269531,11300,0.0,0.0
2008-07-30 00:00:00+09:00,321.5448789647739,322.1211242675781,321.5448789647739,322.1211242675781,11300,0.0,0.0
2008-07-31 00:00:00+09:00,323.27360164676094,325.5785827636719,323.27360164676094,325.5785827636719,11300,0.0,0.0
2008-08-01 00:00:00+09:00,325.0023449772778,325.0023449772778,320.9686279296875,320.9686279296875,11300,0.0,0.0
2008-08-04 00:00:00+09:00,318.08746337890625,319.81619959292203,317.51121797423434,318.08746337890625,6300,0.0,0.0
2008-08-05 00:00:00+09:00,318.08742150076984,318.08742150076984,315.7824401855468,315.7824401855469,6300,0.0,0.0
2008-08-06 00:00:00+09:00,315.7824401855468,315.7824401855468,315.7824401855468,315.7824401855469,6300,0.0,0.0
2008-08-07 00:00:00+09:00,312.9012099308754,312.9012099308754,308.86749267578125,308.86749267578125,6300,0.0,0.0
2008-08-08 00:00:00+09:00,306.5624746347403,314.05366292468693,306.5624746347403,310.59619140625,7900,0.0,0.0
2008-08-11 00:00:00+09:00,316.93494451881776,316.93494451881776,311.74873633578255,312.3249816894531,5600,0.0,0.0
2008-08-12 00:00:00+09:00,311.17242431640625,311.17242431640625,311.17242431640625,311.17242431640625,5600,0.0,0.0
2008-08-13 00:00:00+09:00,299.6475830078125,299.6475830078125,299.6475830078125,299.6475830078125,5600,0.0,0.0
2008-08-14 00:00:00+09:00,299.0713838528556,299.0713838528556,293.3089294433594,293.3089294433594,5600,0.0,0.0
2008-08-15 00:00:00+09:00,292.1564013361931,295.61387354135513,289.85141986608505,295.0376281738281,5100,0.0,0.0
2008-08-18 00:00:00+09:00,292.1564385614601,293.885174884309,292.1564385614601,293.3089294433594,4800,0.0,0.0
2008-08-19 00:00:00+09:00,291.00391872345455,291.5801641070654,289.85142795623295,290.42767333984375,3400,0.0,0.0
2008-08-20 00:00:00+09:00,291.58010943445146,291.58010943445146,288.1226377810785,288.6988830566406,7100,0.0,0.0
2008-08-21 00:00:00+09:00,289.8513851354618,291.0038757324219,289.8513851354618,291.0038757324219,7100,0.0,0.0
2008-08-22 00:00:00+09:00,289.2751341074646,289.85137939453125,287.54639824626463,289.85137939453125,7700,0.0,0.0
2008-08-25 00:00:00+09:00,291.00386415888926,291.00386415888926,281.2076944743326,288.6988830566406,6600,0.0,0.0
2008-08-26 00:00:00+09:00,288.12269180540056,290.42767333984375,288.12269180540056,290.42767333984375,3300,0.0,0.0
2008-08-27 00:00:00+09:00,289.85138025245516,289.85138025245516,286.97015380859375,286.97015380859375,3300,0.0,0.0
2008-08-28 00:00:00+09:00,280.63149339325577,282.3602294921875,280.63149339325577,282.3602294921875,3300,0.0,0.0
2008-08-29 00:00:00+09:00,282.36019804983425,285.2414245605469,282.36019804983425,285.2414245605469,3300,0.0,0.0
2008-09-01 00:00:00+09:00,285.8176698626894,286.39391516483187,285.2414245605469,285.2414245605469,6300,0.0,0.0
2008-09-02 00:00:00+09:00,287.5464057691169,287.5464057691169,285.2414245605469,285.2414245605469,4700,0.0,0.0
2008-09-03 00:00:00+09:00,286.9701809353299,295.6138610839844,286.9701809353299,295.6138610839844,4700,0.0,0.0
2008-09-04 00:00:00+09:00,295.61388744007456,295.61388744007456,291.5801696777344,291.5801696777344,4700,0.0,0.0
2008-09-05 00:00:00+09:00,288.1226501464844,288.1226501464844,286.9701595458984,288.1226501464844,17200,0.0,0.0
2008-09-08 00:00:00+09:00,293.885058498196,294.4613037109375,293.885058498196,294.4613037109375,17200,0.0,0.0
2008-09-09 00:00:00+09:00,294.461414826222,294.461414826222,292.15643310546875,292.15643310546875,17200,0.0,0.0
2008-09-10 00:00:00+09:00,289.85137855349564,294.4613408366526,289.85137855349564,292.73260498046875,4900,0.0,0.0
2008-09-11 00:00:00+09:00,289.85137939453125,289.85137939453125,289.85137939453125,289.85137939453125,4900,0.0,0.0
2008-09-12 00:00:00+09:00,288.1226501464844,289.8513860473633,286.9701595458984,288.1226501464844,19200,0.0,0.0
2008-09-16 00:00:00+09:00,288.1226831552934,288.1226831552934,282.3602294921875,282.3602294921875,19200,0.0,0.0
2008-09-17 00:00:00+09:00,284.0889273647324,286.97015380859375,284.0889273647324,286.97015380859375,4200,0.0,0.0
2008-09-18 00:00:00+09:00,286.39385986328125,286.39385986328125,286.39385986328125,286.39385986328125,4200,0.0,0.0
2008-09-19 00:00:00+09:00,289.85137939453125,289.85137939453125,289.85137939453125,289.85137939453125,4200,0.0,0.0
2008-09-22 00:00:00+09:00,293.3089058615945,293.3089058615945,291.5801696777344,291.5801696777344,4200,0.0,0.0
2008-09-24 00:00:00+09:00,290.42768985523895,293.8851623535156,290.42768985523895,293.8851623535156,4200,0.0,0.0
2008-09-25 00:00:00+09:00,286.39391516483187,286.39391516483187,282.36019804983425,285.2414245605469,4500,0.0,0.0
2008-09-26 00:00:00+09:00,276.5977478027344,280.05521965026855,273.71652126312256,276.5977478027344,10300,0.0,0.0
2008-09-29 00:00:00+09:00,281.20771605938796,281.20771605938796,277.750244140625,277.750244140625,10300,0.0,0.0
2008-09-30 00:00:00+09:00,267.37780683635395,270.259033203125,267.37780683635395,270.259033203125,10300,0.0,0.0
2008-10-01 00:00:00+09:00,270.25903167406057,276.021484375,270.25903167406057,276.021484375,10300,0.0,0.0
2008-10-02 00:00:00+09:00,272.5640659498132,272.5640659498132,265.0728759765625,265.0728759765625,2700,0.0,0.0
2008-10-03 00:00:00+09:00,256.4291687011719,256.4291687011719,256.4291687011719,256.4291687011719,2700,0.0,0.0
2008-10-06 00:00:00+09:00,254.70046293388293,254.70046293388293,237.41310119628906,237.41310119628906,2700,0.0,0.0
2008-10-07 00:00:00+09:00,220.1257150611099,225.88816833496097,220.1257150611099,225.88816833496094,2700,0.0,0.0
2008-10-08 00:00:00+09:00,214.93949195014108,214.93949195014108,207.44830322265628,207.44830322265625,2700,0.0,0.0
2008-10-09 00:00:00+09:00,205.7195920464713,206.29583740234375,205.7195920464713,206.29583740234375,2700,0.0,0.0
2008-10-10 00:00:00+09:00,195.34719310362647,195.34719310362647,187.8560028076172,187.8560028076172,2700,0.0,0.0
2008-10-14 00:00:00+09:00,222.43068698941147,227.0406494140625,220.70195108016736,227.0406494140625,13200,0.0,0.0
2008-10-15 00:00:00+09:00,227.04067400434198,227.04067400434198,219.5494842529297,219.5494842529297,13200,0.0,0.0
2008-10-16 00:00:00+09:00,205.14336182302253,212.63455200195312,205.14336182302253,212.63455200195312,13200,0.0,0.0
2008-10-17 00:00:00+09:00,194.19467795235772,201.68586730957034,194.19467795235772,201.6858673095703,13200,0.0,0.0
2008-10-20 00:00:00+09:00,204.56710327148437,216.09201049804688,204.56710327148437,216.09201049804688,13200,0.0,0.0
2008-10-21 00:00:00+09:00,221.2782029251918,225.31192016601562,221.2782029251918,225.31192016601562,13200,0.0,0.0
2008-10-22 00:00:00+09:00,217.82070338472408,217.82070338472408,216.66821289062503,216.668212890625,13200,0.0,0.0
2008-10-23 00:00:00+09:00,201.10960590201364,204.56707763671875,201.10960590201364,204.56707763671875,13200,0.0,0.0
2008-10-24 00:00:00+09:00,193.04221147408515,193.04221147408515,187.8560028076172,187.8560028076172,13200,0.0,0.0
2008-10-27 00:00:00+09:00,187.85596241095126,187.85596241095126,179.7885284423828,179.7885284423828,13200,0.0,0.0
2008-10-28 00:00:00+09:00,172.87359829606683,172.87359829606683,167.11114501953125,167.11114501953125,13200,0.0,0.0
2008-10-29 00:00:00+09:00,174.6023632960336,174.6023632960336,166.53492736816406,166.53492736816406,13200,0.0,0.0
2008-10-30 00:00:00+09:00,171.1448357279708,189.0084381103516,171.1448357279708,189.00843811035156,13200,0.0,0.0
2008-10-31 00:00:00+09:00,189.00849763337558,191.8897247314453,189.00849763337558,191.8897247314453,13200,0.0,0.0
2008-11-04 00:00:00+09:00,191.8896682075832,198.8046112060547,191.8896682075832,198.8046112060547,12200,0.0,0.0
2008-11-05 00:00:00+09:00,198.80465168063924,203.99085998535156,198.80465168063924,203.99085998535156,12200,0.0,0.0
2008-11-06 00:00:00+09:00,201.10959220554517,201.10959220554517,198.8046112060547,198.8046112060547,12200,0.0,0.0
2008-11-07 00:00:00+09:00,200.53344462721765,200.53344462721765,199.9571990966797,199.9571990966797,12200,0.0,0.0
2008-11-10 00:00:00+09:00,205.7195749282837,205.7195749282837,189.58470630645752,202.83834838867188,4200,0.0,0.0
2008-11-11 00:00:00+09:00,202.83836526710894,206.29583740234375,202.83836526710894,206.29583740234375,4200,0.0,0.0
2008-11-12 00:00:00+09:00,203.4146522022041,203.4146522022041,202.2621612548828,202.2621612548828,2500,0.0,0.0
2008-11-13 00:00:00+09:00,193.6184539794922,194.1946993782407,193.0422085807437,193.6184539794922,2800,0.0,0.0
2008-11-14 00:00:00+09:00,193.6184291501017,194.7709197998047,193.6184291501017,194.7709197998047,2800,0.0,0.0
2008-11-17 00:00:00+09:00,196.49968097323463,196.49968097323463,193.0422085807437,193.6184539794922,8100,0.0,0.0
2008-11-18 00:00:00+09:00,190.16098847260346,191.8897247314453,190.16098847260346,191.8897247314453,8100,0.0,0.0
2008-11-19 00:00:00+09:00,192.46595764160156,193.61844840592252,190.16097611295962,192.46595764160156,10900,0.0,0.0
2008-11-20 00:00:00+09:00,182.66979576849167,184.97477741856727,178.63607788085935,178.63607788085938,11700,0.0,0.0
2008-11-21 00:00:00+09:00,173.44982678377175,182.093505859375,173.44982678377175,182.093505859375,11700,0.0,0.0
2008-11-25 00:00:00+09:00,182.09352011992553,184.9747467041016,182.09352011992553,184.97474670410156,22300,0.0,0.0
2008-11-26 00:00:00+09:00,186.12720156178892,186.12720156178892,178.05976867675784,178.0597686767578,5000,0.0,0.0
2008-11-27 00:00:00+09:00,181.51726058766812,182.093505859375,181.51726058766812,182.093505859375,5000,0.0,0.0
2008-11-28 00:00:00+09:00,181.5172576904297,181.5172576904297,181.5172576904297,181.5172576904297,5000,0.0,0.0
2008-12-01 00:00:00+09:00,181.51730361737702,181.51730361737702,175.17860412597656,175.17860412597656,5000,0.0,0.0
2008-12-02 00:00:00+09:00,175.17857929304535,176.33106994628906,175.17857929304535,176.33106994628906,5000,0.0,0.0
2008-12-03 00:00:00+09:00,171.72114396803448,174.6023712158203,171.72114396803448,174.6023712158203,5000,0.0,0.0
2008-12-04 00:00:00+09:00,174.0260868326823,174.0260868326823,172.87359619140625,172.87359619140625,5000,0.0,0.0
2008-12-05 00:00:00+09:00,172.87358669255744,174.0260772705078,172.87358669255744,174.0260772705078,5000,0.0,0.0
2008-12-08 00:00:00+09:00,174.02611458070814,178.63607788085935,174.02611458070814,178.63607788085938,5000,0.0,0.0
2008-12-09 00:00:00+09:00,179.2123023194152,179.2123023194152,177.4835662841797,177.4835662841797,5000,0.0,0.0
2008-12-10 00:00:00+09:00,177.4835473085061,179.7885284423828,177.4835473085061,179.7885284423828,5000,0.0,0.0
2008-12-11 00:00:00+09:00,182.6697548597287,182.6697548597287,179.7885284423828,179.7885284423828,5000,0.0,0.0
2008-12-12 00:00:00+09:00,185.5509774896163,185.5509774896163,182.093505859375,182.093505859375,5000,0.0,0.0
2008-12-15 00:00:00+09:00,184.39853727263932,186.12727355957028,184.39853727263932,186.1272735595703,5000,0.0,0.0
2008-12-16 00:00:00+09:00,182.09353789335452,185.55101013183594,182.09353789335452,185.55101013183594,1900,0.0,0.0
2008-12-17 00:00:00+09:00,186.12725550491618,186.12725550491618,185.55101013183594,185.55101013183594,5400,0.0,0.0
2008-12-18 00:00:00+09:00,186.7034826546072,186.7034826546072,184.9747467041016,184.97474670410156,4700,0.0,0.0
2008-12-19 00:00:00+09:00,184.39852490837188,186.70350646972653,184.39852490837188,186.70350646972656,5500,0.0,0.0
2008-12-22 00:00:00+09:00,179.78850385337878,182.66972987667012,179.78850385337878,180.9409942626953,7900,0.0,0.0
2008-12-24 00:00:00+09:00,186.1272441456153,186.1272441456153,183.2460174560547,183.2460174560547,4000,0.0,0.0
2008-12-25 00:00:00+09:00,183.82225607043117,184.9747467041016,183.82225607043117,184.97474670410156,3300,0.0,0.0
2008-12-26 00:00:00+09:00,189.5846913655599,189.5846913655599,181.5172576904297,181.5172576904297,6800,0.0,0.0
2008-12-29 00:00:00+09:00,183.24603412769457,189.00848803108119,183.24603412769457,186.70350646972656,7400,0.0,0.0
2008-12-30 00:00:00+09:00,189.0084714570669,190.16096213668314,187.2797354376425,189.584716796875,2800,0.0,0.0
2009-01-05 00:00:00+09:00,190.16092507235976,193.04215120981974,190.16092507235976,191.31341552734375,2000,0.0,0.0
2009-01-06 00:00:00+09:00,190.16096496582034,190.16096496582034,190.16096496582034,190.1609649658203,4000,0.0,0.0
2009-01-07 00:00:00+09:00,190.160998203243,190.73724365234375,190.160998203243,190.73724365234375,6400,0.0,0.0
2009-01-08 00:00:00+09:00,187.8560028076172,187.8560028076172,187.8560028076172,187.8560028076172,3400,0.0,0.0
2009-01-09 00:00:00+09:00,184.9747647587557,185.55101013183594,184.9747647587557,185.55101013183594,3300,0.0,0.0
2009-01-13 00:00:00+09:00,178.6360569743367,178.6360569743367,177.4835662841797,177.4835662841797,15100,0.0,0.0
2009-01-14 00:00:00+09:00,178.05980488571706,179.21229553222656,177.48355956246232,179.21229553222656,4100,0.0,0.0
2009-01-15 00:00:00+09:00,177.4835857592131,177.4835857592131,175.17860412597656,175.17860412597656,6100,0.0,0.0
2009-01-16 00:00:00+09:00,175.17860412597656,175.17860412597656,175.17860412597656,175.17860412597656,4400,0.0,0.0
2009-01-19 00:00:00+09:00,175.7548246196672,176.33106994628906,175.7548246196672,176.33106994628906,2400,0.0,0.0
2009-01-20 00:00:00+09:00,173.44986790104915,175.17860412597656,173.44986790104915,175.17860412597656,700,0.0,0.0
2009-01-21 00:00:00+09:00,174.6023321533203,174.6023321533203,172.87359619140625,172.87359619140625,4200,0.0,0.0
2009-01-22 00:00:00+09:00,172.29736328125,172.29736328125,172.29736328125,172.29736328125,1700,0.0,0.0
2009-01-23 00:00:00+09:00,172.87361423834616,173.44985961914062,172.87361423834616,173.44985961914062,2200,0.0,0.0
2009-01-26 00:00:00+09:00,176.90731527291092,176.90731527291092,175.7548246196672,176.33106994628906,5000,0.0,0.0
2009-01-27 00:00:00+09:00,176.9073486328125,177.48359406809854,175.1786123269544,176.9073486328125,9000,0.0,0.0
2009-01-28 00:00:00+09:00,178.63607788085935,178.63607788085935,178.63607788085935,178.63607788085938,3300,0.0,0.0
2009-01-29 00:00:00+09:00,178.63607788085935,178.63607788085935,178.63607788085935,178.63607788085938,4100,0.0,0.0
2009-01-30 00:00:00+09:00,172.8736101994749,175.75483703613284,172.8736101994749,175.7548370361328,8500,0.0,0.0
2009-02-02 00:00:00+09:00,175.75482279459635,175.75482279459635,172.87359619140625,172.87359619140625,2100,0.0,0.0
2009-02-03 00:00:00+09:00,175.7548131374334,175.7548131374334,174.0260772705078,174.0260772705078,3500,0.0,0.0
2009-02-04 00:00:00+09:00,174.02610093413807,175.75483703613284,174.02610093413807,175.7548370361328,2200,0.0,0.0
2009-02-05 00:00:00+09:00,176.33110126696133,186.12727355957028,176.33110126696133,186.1272735595703,9900,0.0,0.0
2009-02-06 00:00:00+09:00,186.12727677707855,186.12727677707855,180.3648223876953,180.3648223876953,4400,0.0,0.0
2009-02-09 00:00:00+09:00,178.6360138828315,178.6360138828315,178.05976867675784,178.0597686767578,3500,0.0,0.0
2009-02-10 00:00:00+09:00,183.82225728352864,186.12723856608073,169.99236958821615,172.87359619140625,1800,0.0,0.0
2009-02-12 00:00:00+09:00,175.75484953428568,176.33109494259483,175.17860412597656,175.17860412597656,2800,0.0,0.0
2009-02-13 00:00:00+09:00,177.4835662841797,177.4835662841797,177.4835662841797,177.4835662841797,2300,0.0,0.0
2009-02-16 00:00:00+09:00,189.0084381103516,189.0084381103516,189.0084381103516,189.00843811035156,5900,0.0,0.0
2009-02-17 00:00:00+09:00,186.70351199284653,187.8560028076172,186.70351199284653,187.8560028076172,1800,0.0,0.0
2009-02-18 00:00:00+09:00,187.27975606918335,187.27975606918335,184.39852905273438,184.39852905273438,1600,0.0,0.0
2009-02-19 00:00:00+09:00,187.27973191896072,187.27973191896072,182.66976928710938,182.66976928710938,3300,0.0,0.0
2009-02-20 00:00:00+09:00,184.3985262784091,184.3985262784091,183.82228088378906,183.82228088378906,2600,0.0,0.0
2009-02-23 00:00:00+09:00,182.6698041434486,182.6698041434486,179.788576948757,180.3648223876953,3100,0.0,0.0
2009-02-24 00:00:00+09:00,175.75485776224045,176.9073486328125,175.75485776224045,176.9073486328125,5800,0.0,0.0
2009-02-25 00:00:00+09:00,180.94105391068894,183.82228088378906,180.94105391068894,183.82228088378906,2600,0.0,0.0
2009-02-26 00:00:00+09:00,186.70348948352742,186.70348948352742,183.2460174560547,183.2460174560547,6800,0.0,0.0
2009-02-27 00:00:00+09:00,185.55101568904922,186.70350646972653,185.55101568904922,186.70350646972656,2300,0.0,0.0
2009-03-02 00:00:00+09:00,186.70355487530048,187.27980041503906,186.70355487530048,187.27980041503906,1600,0.0,0.0
2009-03-03 00:00:00+09:00,184.3985081318789,184.3985081318789,183.2460174560547,183.2460174560547,2100,0.0,0.0
2009-03-04 00:00:00+09:00,182.66978326643476,185.55101013183594,182.66978326643476,185.55101013183594,2100,0.0,0.0
2009-03-05 00:00:00+09:00,186.70348251750278,194.19467163085935,186.70348251750278,194.19467163085938,6800,0.0,0.0
2009-03-06 00:00:00+09:00,196.49962440246048,197.65211486816406,196.49962440246048,197.65211486816406,4300,0.0,0.0
2009-03-09 00:00:00+09:00,198.80460827849632,198.80460827849632,198.22836303710938,198.22836303710938,2700,0.0,0.0
2009-03-10 00:00:00+09:00,193.6184291501017,194.7709197998047,193.6184291501017,194.7709197998047,2300,0.0,0.0
2009-03-11 00:00:00+09:00,197.65213676901425,197.65213676901425,195.92340087890625,195.92340087890625,1500,0.0,0.0
2009-03-12 00:00:00+09:00,198.80464519153944,198.80464519153944,190.16096496582034,190.1609649658203,4500,0.0,0.0
2009-03-13 00:00:00+09:00,196.49965577435916,196.49965577435916,194.7709197998047,194.7709197998047,14200,0.0,0.0
2009-03-16 00:00:00+09:00,195.34715558220358,195.92340087890625,195.34715558220358,195.92340087890625,5200,0.0,0.0
2009-03-17 00:00:00+09:00,194.77091694727142,195.34716226368346,194.19467163085935,194.19467163085938,5900,0.0,0.0
2009-03-18 00:00:00+09:00,197.07592637198312,197.07592637198312,193.6184539794922,193.6184539794922,5900,0.0,0.0
2009-03-19 00:00:00+09:00,195.34720042320225,195.34720042320225,186.12727355957028,186.1272735595703,4700,0.0,0.0
2009-03-23 00:00:00+09:00,189.00847426905779,190.16096496582034,189.00847426905779,190.1609649658203,4200,0.0,0.0
2009-03-24 00:00:00+09:00,193.04225158691406,193.04225158691406,193.04225158691406,193.04225158691406,12800,0.0,0.0
2009-03-25 00:00:00+09:00,192.4659511522315,200.53338623046875,192.4659511522315,200.53338623046875,12700,0.0,0.0
2009-03-26 00:00:00+09:00,184.97477969607792,191.8897247314453,184.97477969607792,191.8897247314453,8200,0.0,0.0
2009-03-27 00:00:00+09:00,193.61845531798247,197.075927734375,193.61845531798247,197.075927734375,9500,0.0,0.0
2009-03-30 00:00:00+09:00,194.77091028550092,195.92340087890625,194.77091028550092,195.92340087890625,7300,0.0,0.0
2009-03-31 00:00:00+09:00,192.46593568162322,194.19467163085935,192.46593568162322,194.19467163085938,3800,0.0,0.0
2009-04-01 00:00:00+09:00,193.6184263144473,194.19467163085935,193.6184263144473,194.19467163085938,3000,0.0,0.0
2009-04-02 00:00:00+09:00,197.07589147231158,197.07589147231158,195.92340087890625,195.92340087890625,5500,0.0,0.0
2009-04-03 00:00:00+09:00,196.49972474966475,196.49972474966475,193.04225158691406,193.04225158691406,3700,0.0,0.0
2009-04-06 00:00:00+09:00,197.075879049441,197.075879049441,195.92338852868403,196.4996337890625,5400,0.0,0.0
2009-04-07 00:00:00+09:00,196.49963378906253,196.49963378906253,196.49963378906253,196.4996337890625,4200,0.0,0.0
2009-04-08 00:00:00+09:00,190.7372103142016,190.7372103142016,190.16096496582034,190.1609649658203,4500,0.0,0.0
2009-04-09 00:00:00+09:00,190.16096213668314,190.16096213668314,189.58471679687503,189.584716796875,4100,0.0,0.0
2009-04-10 00:00:00+09:00,190.7372103142016,190.7372103142016,190.16096496582034,190.1609649658203,2900,0.0,0.0
2009-04-13 00:00:00+09:00,188.43229149451622,188.43229149451622,186.70355487530048,187.27980041503906,12100,0.0,0.0
2009-04-14 00:00:00+09:00,184.39852905273438,184.39852905273438,184.39852905273438,184.39852905273438,5500,0.0,0.0
2009-04-15 00:00:00+09:00,184.97477445602416,184.97477445602416,184.39852905273438,184.39852905273438,2300,0.0,0.0
2009-04-16 00:00:00+09:00,187.85599162415687,188.4322369972371,184.9747647587557,185.55101013183594,5600,0.0,0.0
2009-04-17 00:00:00+09:00,185.55099880770317,185.55099880770317,183.2460174560547,183.2460174560547,2100,0.0,0.0
2009-04-20 00:00:00+09:00,183.82227401259522,185.55101013183594,183.82227401259522,185.55101013183594,1900,0.0,0.0
2009-04-21 00:00:00+09:00,184.39850138726638,185.55099202093677,184.39850138726638,184.97474670410156,4100,0.0,0.0
2009-04-22 00:00:00+09:00,186.1272624622692,186.1272624622692,183.82228088378906,183.82228088378906,7500,0.0,0.0
2009-04-23 00:00:00+09:00,180.9410566329956,184.39852905273438,180.9410566329956,184.39852905273438,4200,0.0,0.0
2009-04-24 00:00:00+09:00,187.27974625107663,187.27974625107663,185.55101013183594,185.55101013183594,5000,0.0,0.0
2009-04-27 00:00:00+09:00,184.9747467041016,185.55099202093677,184.9747467041016,184.97474670410156,2800,0.0,0.0
2009-04-28 00:00:00+09:00,186.70350785688922,186.70350785688922,183.82228088378906,183.82228088378906,5700,0.0,0.0
2009-04-30 00:00:00+09:00,190.1609915624093,190.1609915624093,186.12727355957028,186.1272735595703,5000,0.0,0.0
2009-05-01 00:00:00+09:00,190.1609285866342,190.1609285866342,189.0084381103516,189.00843811035156,5800,0.0,0.0
2009-05-07 00:00:00+09:00,193.04225158691406,193.04225158691406,193.04225158691406,193.04225158691406,17200,0.0,0.0
2009-05-08 00:00:00+09:00,191.8897247314453,191.8897247314453,191.8897247314453,191.8897247314453,2000,0.0,0.0
2009-05-11 00:00:00+09:00,191.88969036521118,194.19467163085935,191.88969036521118,194.19467163085938,1900,0.0,0.0
2009-05-12 00:00:00+09:00,194.1946993782407,194.1946993782407,193.6184539794922,193.6184539794922,2300,0.0,0.0
2009-05-13 00:00:00+09:00,193.61845523304711,203.41462707519534,193.61845523304711,203.4146270751953,50800,0.0,0.0
2009-05-14 00:00:00+09:00,210.32959428190193,210.32959428190193,208.0246124267578,208.0246124267578,13800,0.0,0.0
2009-05-15 00:00:00+09:00,210.9057836611409,210.9057836611409,209.1770477294922,209.1770477294922,9300,0.0,0.0
2009-05-18 00:00:00+09:00,208.02461512444427,208.60086059570312,208.02461512444427,208.60086059570312,5800,0.0,0.0
2009-05-19 00:00:00+09:00,210.90582251106082,217.24452209472656,210.90582251106082,217.24452209472656,8200,0.0,0.0
2009-05-20 00:00:00+09:00,218.9731926003886,223.0069093061852,218.9731926003886,222.4306640625,6400,0.0,0.0
2009-05-21 00:00:00+09:00,219.54948024997464,221.85446166992188,219.54948024997464,221.85446166992188,3400,0.0,0.0
2009-05-22 00:00:00+09:00,224.15942952578027,225.31192016601562,224.15942952578027,225.31192016601562,3400,0.0,0.0
2009-05-25 00:00:00+09:00,228.19314193725586,230.4981231689453,228.19314193725586,230.4981231689453,6900,0.0,0.0
2009-05-26 00:00:00+09:00,231.65063194978862,235.10810406844217,230.49814124357076,231.0743865966797,12400,0.0,0.0
2009-05-27 00:00:00+09:00,236.8368585692768,237.98934936523438,236.8368585692768,237.98934936523438,9600,0.0,0.0
2009-05-28 00:00:00+09:00,239.7180827613016,239.7180827613016,237.41310119628906,237.41310119628906,9300,0.0,0.0
2009-05-29 00:00:00+09:00,242.02305603027344,242.02305603027344,242.02305603027344,242.02305603027344,9500,0.0,0.0
2009-06-01 00:00:00+09:00,247.7854461669922,250.09042706156885,247.7854461669922,247.7854461669922,6900,0.0,0.0
2009-06-02 00:00:00+09:00,247.78553276731256,262.7679138183594,247.78553276731256,262.7679138183594,33200,0.0,0.0
2009-06-03 00:00:00+09:00,262.1916219304117,262.1916219304117,256.4291687011719,256.4291687011719,9700,0.0,0.0
2009-06-04 00:00:00+09:00,262.1917167012488,263.3442077636719,262.1917167012488,263.3442077636719,6900,0.0,0.0
2009-06-05 00:00:00+09:00,259.3103761396854,259.88662141999583,258.15788557906455,258.734130859375,6800,0.0,0.0
2009-06-08 00:00:00+09:00,263.34412300009035,263.34412300009035,261.6153869628906,261.6153869628906,8000,0.0,0.0
2009-06-09 00:00:00+09:00,259.3103769663218,259.3103769663218,255.85290527343753,255.8529052734375,12500,0.0,0.0
2009-06-10 00:00:00+09:00,257.0054063944364,261.03912353515625,257.0054063944364,261.03912353515625,11300,0.0,0.0
2009-06-11 00:00:00+09:00,262.19161414679047,265.0728406758761,261.03912353515625,261.03912353515625,3800,0.0,0.0
2009-06-12 00:00:00+09:00,261.0391936859527,266.22540283203125,258.15796638257575,266.22540283203125,18700,0.0,0.0
2009-06-15 00:00:00+09:00,266.8015672558179,271.4115295410156,265.07283139886874,271.4115295410156,10500,0.0,0.0
2009-06-16 00:00:00+09:00,259.88663387298584,266.22533226013184,257.005407333374,258.15789794921875,11700,0.0,0.0
2009-06-17 00:00:00+09:00,260.46287822933914,261.03912353515625,258.73414231188775,261.03912353515625,5100,0.0,0.0
2009-06-18 00:00:00+09:00,257.5816661437712,257.5816661437712,253.54794877686652,254.700439453125,7300,0.0,0.0
2009-06-19 00:00:00+09:00,255.27663300254127,255.85287822376597,252.39540689641777,253.5478973388672,7300,0.0,0.0
2009-06-22 00:00:00+09:00,253.5479470349233,253.5479470349233,246.05675769070965,251.2429656982422,14800,0.0,0.0
2009-06-23 00:00:00+09:00,240.29431991577147,243.17554677327473,239.71807454427082,242.02305603027344,15700,0.0,0.0
2009-06-24 00:00:00+09:00,242.0230946642287,243.75183105468747,241.44684920074243,243.7518310546875,7600,0.0,0.0
2009-06-25 00:00:00+09:00,244.32801715699665,247.20924377441406,244.32801715699665,247.20924377441406,2900,0.0,0.0
2009-06-26 00:00:00+09:00,252.39551052362881,252.9717559814453,249.5142832345463,252.9717559814453,6400,0.0,0.0
2009-06-29 00:00:00+09:00,255.85290527343753,259.3103769663218,254.12416942699537,255.8529052734375,8700,0.0,0.0
2009-06-30 00:00:00+09:00,252.97169576009114,259.8866396077474,252.97169576009114,259.3103942871094,7800,0.0,0.0
2009-07-01 00:00:00+09:00,261.0391936859527,273.71659382081134,261.0391936859527,266.22540283203125,15500,0.0,0.0
2009-07-02 00:00:00+09:00,269.10654265641654,270.259033203125,269.10654265641654,270.259033203125,6700,0.0,0.0
2009-07-03 00:00:00+09:00,262.19167969261827,276.5978159394654,261.0391887928705,274.86907958984375,16400,0.0,0.0
2009-07-06 00:00:00+09:00,277.7503068392132,277.7503068392132,274.29283413996984,274.86907958984375,9100,0.0,0.0
2009-07-07 00:00:00+09:00,275.4452819824219,275.4452819824219,274.869036622626,275.4452819824219,3300,0.0,0.0
2009-07-08 00:00:00+09:00,271.41161197810976,271.41161197810976,265.07291191068043,266.22540283203125,8200,0.0,0.0
2009-07-09 00:00:00+09:00,265.0728474934896,265.0728474934896,257.5816583251953,259.3103942871094,17600,0.0,0.0
2009-07-10 00:00:00+09:00,257.58168600331186,265.0728759765625,256.42919523819637,265.0728759765625,19200,0.0,0.0
2009-07-13 00:00:00+09:00,259.3103761396854,262.19160254123744,258.734130859375,258.734130859375,2000,0.0,0.0
2009-07-14 00:00:00+09:00,259.31038761770486,261.03912353515625,257.0054063944364,261.03912353515625,5800,0.0,0.0
2009-07-15 00:00:00+09:00,261.0391119806166,261.0391119806166,254.7004138972021,258.734130859375,4000,0.0,0.0
2009-07-16 00:00:00+09:00,261.03913817254664,263.92036486319284,254.700439453125,254.700439453125,6700,0.0,0.0
2009-07-17 00:00:00+09:00,255.27671394092124,258.1579409605705,254.7004685369914,257.5816955566406,2500,0.0,0.0
2009-07-21 00:00:00+09:00,260.4628849283854,262.1916208902995,255.85292236328124,259.3103942871094,7100,0.0,0.0
2009-07-22 00:00:00+09:00,261.61546590616416,262.7679569453984,259.31048382769575,262.19171142578125,5500,0.0,0.0
2009-07-23 00:00:00+09:00,262.19170073447896,263.92043722283813,258.73422775776055,259.88671875,6200,0.0,0.0
2009-07-24 00:00:00+09:00,270.2590717307399,270.2590717307399,262.1916367537029,265.64910888671875,9500,0.0,0.0
2009-07-27 00:00:00+09:00,262.7678876510191,269.68283206288805,262.7678876510191,266.8016052246094,10600,0.0,0.0
2009-07-28 00:00:00+09:00,269.68283206288805,269.68283206288805,265.0728691216421,266.8016052246094,6400,0.0,0.0
2009-07-29 00:00:00+09:00,267.95410288935125,267.95410288935125,261.61540368121604,265.0728759765625,3200,0.0,0.0
2009-07-30 00:00:00+09:00,262.1916311758536,266.8015939218027,262.1916311758536,264.4966125488281,4100,0.0,0.0
2009-07-31 00:00:00+09:00,264.4966664500051,266.22540283203125,263.34417552865426,266.22540283203125,3000,0.0,0.0
2009-08-03 00:00:00+09:00,266.2253598569536,266.8016052246094,264.4966237539864,266.8016052246094,2800,0.0,0.0
2009-08-04 00:00:00+09:00,267.37784495322666,267.37784495322666,265.07286353121606,265.64910888671875,6300,0.0,0.0
2009-08-05 00:00:00+09:00,265.6490473276556,269.6827638814378,265.6490473276556,268.5302734375,44200,0.0,0.0
2009-08-06 00:00:00+09:00,265.649155675982,276.02157390194225,265.649155675982,269.10662841796875,13700,0.0,0.0
2009-08-07 00:00:00+09:00,261.0391936859527,268.53038467473283,261.0391936859527,266.22540283203125,15800,0.0,0.0
2009-08-10 00:00:00+09:00,260.46291291610055,267.95410288935125,260.46291291610055,265.0728759765625,12200,0.0,0.0
2009-08-11 00:00:00+09:00,265.0728759765625,267.3778575067935,262.7678944463315,265.0728759765625,7600,0.0,0.0
2009-08-12 00:00:00+09:00,262.19163230862387,265.6491043830233,261.6153869628906,261.6153869628906,5900,0.0,0.0
2009-08-13 00:00:00+09:00,261.03909241788773,265.0728090777668,261.03909241788773,263.9203186035156,7500,0.0,0.0
2009-08-14 00:00:00+09:00,263.920385211447,266.80161212423576,263.920385211447,265.0728759765625,4200,0.0,0.0
2009-08-17 00:00:00+09:00,265.07293902386675,267.37792110233516,262.19171142578125,262.19171142578125,5700,0.0,0.0
2009-08-18 00:00:00+09:00,262.19171142578125,262.7679569453984,261.0392203865471,262.19171142578125,3200,0.0,0.0
2009-08-19 00:00:00+09:00,263.9203683458236,265.0728590372901,261.6153869628906,261.6153869628906,1800,0.0,0.0
2009-08-20 00:00:00+09:00,263.9204046684399,265.0728955185204,262.1916683933191,262.7679138183594,4800,0.0,0.0
2009-08-21 00:00:00+09:00,261.0392203865471,262.7679569453984,261.0392203865471,262.19171142578125,9700,0.0,0.0
2009-08-24 00:00:00+09:00,263.3440606347446,267.3777770996094,262.7678154254782,267.3777770996094,6200,0.0,0.0
2009-08-25 00:00:00+09:00,267.3778575067935,268.53034827190896,264.4966305940048,265.0728759765625,8200,0.0,0.0
2009-08-26 00:00:00+09:00,266.80164658997757,269.10662841796875,263.9204193049886,269.10662841796875,5800,0.0,0.0
2009-08-27 00:00:00+09:00,267.3778561827957,268.53034694220435,267.3778561827957,267.9541015625,1600,0.0,0.0
2009-08-28 00:00:00+09:00,268.53038296097094,270.2591193319643,267.95413750397313,269.10662841796875,3000,0.0,0.0
2009-08-31 00:00:00+09:00,270.8352483552078,271.9877387737406,265.0727962625438,267.3777770996094,6800,0.0,0.0
2009-09-02 00:00:00+09:00,263.92042098932967,267.9541392140574,263.92042098932967,266.22540283203125,6100,0.0,0.0
2009-09-03 00:00:00+09:00,266.2253542422214,266.801599597724,261.61539139820025,265.64910888671875,6500,0.0,0.0
2009-09-04 00:00:00+09:00,267.3777900262691,267.3777900262691,262.19158289213885,263.9203186035156,5600,0.0,0.0
2009-09-07 00:00:00+09:00,262.7678821092055,266.2253542422214,262.7678821092055,265.64910888671875,1700,0.0,0.0
2009-09-08 00:00:00+09:00,266.8016755827181,266.8016755827181,261.61546590616416,262.19171142578125,5900,0.0,0.0
2009-09-09 00:00:00+09:00,262.7679569453984,265.07293902386675,262.19171142578125,262.19171142578125,2200,0.0,0.0
2009-09-10 00:00:00+09:00,264.4965638406412,267.3777900262691,262.19158289213885,263.9203186035156,8900,0.0,0.0
2009-09-11 00:00:00+09:00,266.8016809509411,267.37792648215265,262.7679622324604,263.3442077636719,8700,0.0,0.0
2009-09-14 00:00:00+09:00,262.7679569453984,263.9204479846326,261.0392203865471,262.19171142578125,3900,0.0,0.0
2009-09-15 00:00:00+09:00,262.76785945260764,264.49659537005897,261.03912353515625,261.03912353515625,3300,0.0,0.0
2009-09-16 00:00:00+09:00,261.61547117003727,263.92045329488343,261.61547117003727,263.3442077636719,3900,0.0,0.0
2009-09-17 00:00:00+09:00,261.61546590616416,263.3442024650155,261.61546590616416,262.19171142578125,4000,0.0,0.0
2009-09-18 00:00:00+09:00,262.19158289213885,263.9203186035156,261.03909241788773,263.9203186035156,6300,0.0,0.0
2009-09-21 00:00:00+09:00,263.9203186035156,263.9203186035156,263.9203186035156,263.9203186035156,0,0.0,0.0
2009-09-24 00:00:00+09:00,266.80153777159336,268.5302734375,266.2252925496245,268.5302734375,11700,0.0,0.0
2009-09-25 00:00:00+09:00,258.1579822616408,264.4966827189579,256.4292457732816,259.88671875,11300,0.0,0.0
2009-09-28 00:00:00+09:00,259.88671875,259.88671875,252.97177279656322,259.88671875,6400,0.0,0.0
2009-09-29 00:00:00+09:00,256.42912344499064,257.00536866621536,253.5478973388672,253.5478973388672,7200,0.0,0.0
2009-09-30 00:00:00+09:00,253.547924144848,255.85290527343753,252.39543358055323,255.8529052734375,4200,0.0,0.0
2009-10-01 00:00:00+09:00,254.1241798313586,254.1241798313586,251.24295330265838,251.81919860839844,3700,0.0,0.0
2009-10-02 00:00:00+09:00,250.66676932321468,254.12424200353487,243.17557851585426,245.48056030273438,8200,0.0,0.0
2009-10-05 00:00:00+09:00,243.17553255012234,245.48051390130834,237.98932450995386,239.14181518554688,4300,0.0,0.0
2009-10-06 00:00:00+09:00,236.26057624816895,239.71804809570312,235.68433094024658,239.71804809570312,6800,0.0,0.0
2009-10-07 00:00:00+09:00,233.95560057425615,240.87054443359378,233.95560057425615,240.87054443359375,5200,0.0,0.0
2009-10-08 00:00:00+09:00,239.71805379037085,247.20924297131992,239.71805379037085,240.87054443359375,3600,0.0,0.0
2009-10-09 00:00:00+09:00,240.2943336397059,244.90429687500003,239.14184283088238,244.904296875,4100,0.0,0.0
2009-10-13 00:00:00+09:00,245.4804652724155,254.124143627078,245.4804652724155,247.7854461669922,4100,0.0,0.0
2009-10-14 00:00:00+09:00,252.3955056633748,252.3955056633748,241.44684217569414,245.48056030273438,4700,0.0,0.0
2009-10-15 00:00:00+09:00,248.36173902739077,254.12419236909358,248.36173902739077,251.2429656982422,5600,0.0,0.0
2009-10-16 00:00:00+09:00,253.54798363857583,253.54798363857583,239.14184820456583,246.05679321289062,6800,0.0,0.0
2009-10-19 00:00:00+09:00,247.2091941310935,252.3954010009766,246.05670371556394,252.39540100097656,4300,0.0,0.0
2009-10-20 00:00:00+09:00,252.39543358055323,255.85290527343753,251.81918829840583,255.8529052734375,4800,0.0,0.0
2009-10-21 00:00:00+09:00,252.97169017791748,258.15789794921875,252.97169017791748,258.15789794921875,3300,0.0,0.0
2009-10-22 00:00:00+09:00,255.27667805532394,258.15790466994383,255.27667805532394,256.4291687011719,2100,0.0,0.0
2009-10-23 00:00:00+09:00,258.7341863645003,258.7341863645003,251.8192415173422,257.5816955566406,4600,0.0,0.0
2009-10-26 00:00:00+09:00,260.46284718076214,265.64905431489234,259.88660194363655,263.9203186035156,7600,0.0,0.0
2009-10-27 00:00:00+09:00,258.1579822616408,260.4629642461198,257.0054912694014,259.88671875,11400,0.0,0.0
2009-10-28 00:00:00+09:00,243.17554677327473,243.17554677327473,225.8881856282552,242.02305603027344,34400,0.0,0.0
2009-10-29 00:00:00+09:00,237.98926413931497,237.98926413931497,231.65056703148818,236.26052856445312,11500,0.0,0.0
2009-10-30 00:00:00+09:00,233.37932057624317,237.98928246416895,230.49809439628953,236.8367919921875,8300,0.0,0.0
2009-11-02 00:00:00+09:00,228.19316101074216,228.7694063668299,225.88817958639123,228.1931610107422,9400,0.0,0.0
2009-11-04 00:00:00+09:00,225.8882284235422,232.22692871093753,224.1594919815253,232.2269287109375,4300,0.0,0.0
2009-11-05 00:00:00+09:00,231.074380936778,233.37936229275584,227.0406635638168,229.92189025878906,4100,0.0,0.0
2009-11-06 00:00:00+09:00,229.34563062638802,229.9218759294694,227.0406494140625,227.0406494140625,3900,0.0,0.0
2009-11-09 00:00:00+09:00,228.76941622510367,234.53187003430023,228.76941622510367,233.37937927246094,19300,0.0,0.0
2009-11-10 00:00:00+09:00,234.53191063362672,236.26064707564362,231.6506832302652,232.2269287109375,5300,0.0,0.0
2009-11-11 00:00:00+09:00,233.37936118097588,234.53185185347454,227.61690781848264,232.80311584472656,10700,0.0,0.0
2009-11-12 00:00:00+09:00,230.49813559778354,233.37936229275584,228.1931542418057,229.92189025878906,5000,0.0,0.0
2009-11-13 00:00:00+09:00,228.19316101074216,231.07438779118084,227.61691565465443,228.1931610107422,6200,0.0,0.0
2009-11-16 00:00:00+09:00,217.82074374438608,221.27821586731284,213.21078091381705,215.51576232910156,10700,0.0,0.0
2009-11-17 00:00:00+09:00,203.9908096479333,213.2107332478399,198.80460262298584,212.05824279785156,11900,0.0,0.0
2009-11-18 00:00:00+09:00,203.41462707519534,203.99087247767463,201.68589086775742,203.4146270751953,9000,0.0,0.0
2009-11-19 00:00:00+09:00,200.53336807124873,210.9057836611409,200.53336807124873,209.1770477294922,7600,0.0,0.0
2009-11-20 00:00:00+09:00,206.2958135040713,212.05826639524648,203.99083234760124,204.56707763671875,4100,0.0,0.0
2009-11-24 00:00:00+09:00,209.75326280708774,212.05824371705572,191.31341552734375,191.31341552734375,13900,0.0,0.0
2009-11-25 00:00:00+09:00,191.31348242036327,193.61846413627126,184.39853727263932,186.1272735595703,13200,0.0,0.0
2009-11-26 00:00:00+09:00,189.0084714570669,193.61843417553195,185.5509994182181,189.584716796875,8600,0.0,0.0
2009-11-27 00:00:00+09:00,182.66979414114923,187.8560028076172,182.66979414114923,187.8560028076172,10200,0.0,0.0
2009-11-30 00:00:00+09:00,186.70355487530048,187.27980041503906,183.24608163686898,187.27980041503906,8800,0.0,0.0
2009-12-01 00:00:00+09:00,190.7372499989197,195.92345921339185,190.7372499989197,195.3472137451172,9000,0.0,0.0
2009-12-02 00:00:00+09:00,192.46591345745583,199.3808564559273,192.46591345745583,198.8046112060547,9900,0.0,0.0
2009-12-03 00:00:00+09:00,199.38093388657964,203.4146522022041,197.65219746559774,202.2621612548828,12100,0.0,0.0
2009-12-04 00:00:00+09:00,202.26208270529042,202.83832795516304,198.22836595618207,198.8046112060547,3400,0.0,0.0
2009-12-07 00:00:00+09:00,199.95713130405971,204.56709398542134,199.95713130405971,201.6858673095703,5400,0.0,0.0
2009-12-08 00:00:00+09:00,198.80464063371932,202.83835797991074,198.80464063371932,201.6858673095703,3300,0.0,0.0
2009-12-09 00:00:00+09:00,193.6184263144473,195.9234075800955,192.46593568162322,194.19467163085938,12600,0.0,0.0
2009-12-10 00:00:00+09:00,195.3471651246562,195.92341044950768,194.1946744749532,194.7709197998047,2300,0.0,0.0
2009-12-11 00:00:00+09:00,201.68583448543106,201.68583448543106,195.9233820715616,198.22836303710938,7300,0.0,0.0
2009-12-14 00:00:00+09:00,195.3472336954145,196.49972474966475,193.04225158691406,193.04225158691406,8500,0.0,0.0
2009-12-15 00:00:00+09:00,193.04218382525022,194.7709197998047,191.88969317554722,194.7709197998047,3100,0.0,0.0
2009-12-16 00:00:00+09:00,194.7709197998047,197.65214642406215,193.04218382525022,194.7709197998047,5600,0.0,0.0
2009-12-17 00:00:00+09:00,194.1946744749532,194.7709197998047,193.04218382525022,194.7709197998047,4500,0.0,0.0
2009-12-18 00:00:00+09:00,191.88967170603465,200.53335061171188,191.88967170603465,196.4996337890625,11700,0.0,0.0
2009-12-21 00:00:00+09:00,200.53339593258897,200.53339593258897,195.347187417091,199.3809051513672,4600,0.0,0.0
2009-12-22 00:00:00+09:00,199.3808564559273,199.3808564559273,198.8046112060547,198.8046112060547,4800,0.0,0.0
2009-12-24 00:00:00+09:00,199.95710170579991,201.10959220554517,198.8046112060547,198.8046112060547,7100,0.0,0.0
2009-12-25 00:00:00+09:00,201.10958626527483,201.10958626527483,197.07586963531227,197.65211486816406,8200,0.0,0.0
2009-12-28 00:00:00+09:00,197.6521731371071,199.95715474803546,197.075927734375,197.075927734375,2800,0.0,0.0
2009-12-29 00:00:00+09:00,197.07587545643682,199.3808564559273,197.07587545643682,198.8046112060547,3800,0.0,0.0
2009-12-30 00:00:00+09:00,193.0422085807437,195.92343557448615,193.0422085807437,193.6184539794922,9800,0.0,0.0
2010-01-04 00:00:00+09:00,198.22836010101585,201.68583149812662,197.65211486816406,197.65211486816406,2600,0.0,0.0
2010-01-05 00:00:00+09:00,201.10961837317112,202.26210902287409,194.7709197998047,194.7709197998047,4700,0.0,0.0
2010-01-06 00:00:00+09:00,195.92341044950768,195.92341044950768,193.6184291501017,194.7709197998047,5200,0.0,0.0
2010-01-07 00:00:00+09:00,195.34714326830556,197.65212430981947,194.77089800792706,196.4996337890625,6700,0.0,0.0
2010-01-08 00:00:00+09:00,195.34713970681895,198.8046112060547,195.34713970681895,198.8046112060547,5200,0.0,0.0
2010-01-12 00:00:00+09:00,197.65221697452776,201.68593568829363,191.31351613860994,199.9571990966797,9400,0.0,0.0
2010-01-13 00:00:00+09:00,204.56714314952538,206.29587957050728,201.68591578122218,202.2621612548828,5200,0.0,0.0
2010-01-14 00:00:00+09:00,203.99084577587752,210.32954437343304,201.109619140625,201.109619140625,11600,0.0,0.0
2010-01-15 00:00:00+09:00,201.68589086775742,206.29585408759186,201.68589086775742,203.4146270751953,6500,0.0,0.0
2010-01-18 00:00:00+09:00,202.83834744835437,205.7195739746094,202.83834744835437,205.71957397460938,2100,0.0,0.0
2010-01-19 00:00:00+09:00,204.56711788015394,210.32957190494702,202.83838167271603,203.4146270751953,7900,0.0,0.0
2010-01-20 00:00:00+09:00,207.44830989036242,207.44830989036242,205.1433286693584,205.71957397460938,5500,0.0,0.0
2010-01-21 00:00:00+09:00,203.99083150227867,208.60079379611545,203.99083150227867,207.44830322265625,7100,0.0,0.0
2010-01-22 00:00:00+09:00,207.4483321884931,207.4483321884931,200.53338778221,203.99085998535156,12400,0.0,0.0
2010-01-25 00:00:00+09:00,206.29587871066772,210.32959700947967,206.29587871066772,208.60086059570312,5900,0.0,0.0
2010-01-26 00:00:00+09:00,210.90577581701143,210.90577581701143,201.68585119113115,204.56707763671875,16800,0.0,0.0
2010-01-27 00:00:00+09:00,205.143388623186,206.87212504416792,202.2621612548828,202.2621612548828,4800,0.0,0.0
2010-01-28 00:00:00+09:00,202.83834744835437,206.87206458511142,202.83834744835437,205.71957397460938,2600,0.0,0.0
2010-01-29 00:00:00+09:00,202.2621030807495,205.7195749282837,202.2621030807495,202.83834838867188,4800,0.0,0.0
2010-02-01 00:00:00+09:00,202.2621030807495,205.7195749282837,201.10961246490479,202.83834838867188,3700,0.0,0.0
2010-02-02 00:00:00+09:00,201.68591578122218,204.56714314952538,201.68591578122218,202.2621612548828,2500,0.0,0.0
2010-02-03 00:00:00+09:00,202.2621030807495,203.9908390045166,201.68585777282715,202.83834838867188,3100,0.0,0.0
2010-02-04 00:00:00+09:00,202.83838167271603,204.56711788015394,202.83838167271603,203.4146270751953,5000,0.0,0.0
2010-02-05 00:00:00+09:00,184.9747891613364,194.19471634694816,184.9747891613364,190.73724365234375,17800,0.0,0.0
2010-02-08 00:00:00+09:00,187.85601640684007,191.88973455054523,187.85601640684007,190.73724365234375,28500,0.0,0.0
2010-02-09 00:00:00+09:00,190.16100262283186,190.16100262283186,187.85602077285816,188.43226623535156,4700,0.0,0.0
2010-02-10 00:00:00+09:00,188.43221860511284,189.00846392194802,184.9747467041016,184.97474670410156,10000,0.0,0.0
2010-02-12 00:00:00+09:00,194.19474689190204,194.19474689190204,186.70355487530048,187.27980041503906,4800,0.0,0.0
2010-02-15 00:00:00+09:00,187.27977531036473,189.58475716033843,187.27977531036473,188.43226623535156,1500,0.0,0.0
2010-02-16 00:00:00+09:00,188.43229149451622,189.58478257399338,187.27980041503906,187.27980041503906,3600,0.0,0.0
2010-02-17 00:00:00+09:00,189.58471961743905,191.31345566258287,187.27973822391397,190.1609649658203,3100,0.0,0.0
2010-02-18 00:00:00+09:00,194.77096632277932,194.77096632277932,187.27977531036473,188.43226623535156,1900,0.0,0.0
2010-02-19 00:00:00+09:00,194.19472086028588,194.77096632277932,188.43226623535156,188.43226623535156,2700,0.0,0.0
2010-02-22 00:00:00+09:00,193.04222993529902,193.61847539779245,187.85602077285816,188.43226623535156,4700,0.0,0.0
2010-02-23 00:00:00+09:00,193.0421888357238,193.0421888357238,189.0084714570669,189.584716796875,3700,0.0,0.0
2010-02-24 00:00:00+09:00,190.1609285866342,190.1609285866342,189.0084381103516,189.00843811035156,700,0.0,0.0
2010-02-25 00:00:00+09:00,191.31345281629942,192.46594349591567,188.43222611725875,189.584716796875,6800,0.0,0.0
2010-02-26 00:00:00+09:00,194.19470640990113,194.19470640990113,191.31347931183137,191.8897247314453,2200,0.0,0.0
2010-03-01 00:00:00+09:00,192.46597015105928,192.46597015105928,190.16098847260346,191.8897247314453,2700,0.0,0.0
2010-03-02 00:00:00+09:00,192.46596318199522,193.6184539794922,191.88971778324674,193.6184539794922,2900,0.0,0.0
2010-03-03 00:00:00+09:00,189.00849763337558,193.6184609902872,188.43225221376161,191.8897247314453,4100,0.0,0.0
2010-03-04 00:00:00+09:00,187.27974625107663,190.16097311647783,185.55101013183594,185.55101013183594,13100,0.0,0.0
2010-03-05 00:00:00+09:00,186.70350087799642,186.70350087799642,183.246028639515,185.55101013183594,4800,0.0,0.0
2010-03-08 00:00:00+09:00,190.16100262283186,190.16100262283186,186.7035298478713,188.43226623535156,3300,0.0,0.0
2010-03-09 00:00:00+09:00,188.4322184667389,194.19467163085935,187.85597315032686,194.19467163085938,13400,0.0,0.0
2010-03-10 00:00:00+09:00,194.19474264116428,194.19474264116428,193.04225158691406,193.04225158691406,7800,0.0,0.0
2010-03-11 00:00:00+09:00,195.34716587012,201.109619140625,194.7709205430695,201.109619140625,6500,0.0,0.0
2010-03-12 00:00:00+09:00,204.5670637047809,204.5670637047809,197.65212070630943,198.8046112060547,10700,0.0,0.0
2010-03-15 00:00:00+09:00,200.53334695567256,200.53334695567256,196.4996302065642,198.8046112060547,4100,0.0,0.0
2010-03-16 00:00:00+09:00,195.34713683017466,198.22836303710938,194.77089158878772,198.22836303710938,5300,0.0,0.0
2010-03-17 00:00:00+09:00,195.9233791696087,198.22836010101585,195.9233791696087,197.65211486816406,7000,0.0,0.0
2010-03-18 00:00:00+09:00,198.22836957019797,199.38086009095494,194.77089800792706,196.4996337890625,8200,0.0,0.0
2010-03-19 00:00:00+09:00,195.34719152617873,198.2284185398392,195.34719152617873,197.075927734375,6200,0.0,0.0
2010-03-23 00:00:00+09:00,197.6521731371071,198.8046639425713,197.075927734375,197.075927734375,3400,0.0,0.0
2010-03-24 00:00:00+09:00,197.07597144398977,199.9571990966797,195.34723485237583,199.9571990966797,16200,0.0,0.0
2010-03-25 00:00:00+09:00,199.95709876127023,199.95709876127023,191.88966538185298,198.22836303710938,18700,0.0,0.0
2010-03-26 00:00:00+09:00,199.3808955050063,200.53338623046875,197.6521594168126,200.53338623046875,11300,0.0,0.0
2010-03-29 00:00:00+09:00,194.77094477698918,195.92343557448615,191.88971778324674,193.6184539794922,9800,0.0,0.0
2010-03-30 00:00:00+09:00,197.07587545643682,198.8046112060547,193.04215870732847,198.8046112060547,7800,0.0,0.0
2010-03-31 00:00:00+09:00,201.68589095623173,202.26213635896383,197.075927734375,197.075927734375,8500,0.0,0.0
2010-04-01 00:00:00+09:00,198.2284410864906,198.2284410864906,194.7709682768425,195.3472137451172,5200,0.0,0.0
2010-04-02 00:00:00+09:00,197.07592358892364,199.3809051513672,196.49967819831275,199.3809051513672,4000,0.0,0.0
2010-04-05 00:00:00+09:00,198.22840477954384,200.53338623046875,197.6521594168126,200.53338623046875,5400,0.0,0.0
2010-04-06 00:00:00+09:00,201.1096454652781,203.41462707519534,199.3809092578402,203.4146270751953,11900,0.0,0.0
2010-04-07 00:00:00+09:00,205.71959608692234,207.4483321884931,202.2621238837808,203.99085998535156,18400,0.0,0.0
2010-04-08 00:00:00+09:00,203.4146146181613,204.56710535254183,203.4146146181613,203.99085998535156,4800,0.0,0.0
2010-04-09 00:00:00+09:00,203.99083234760124,204.56707763671875,201.68585119113115,204.56707763671875,4400,0.0,0.0
2010-04-12 00:00:00+09:00,205.14333055564524,210.32953835059132,203.9908399345461,209.1770477294922,23300,0.0,0.0
2010-04-13 00:00:00+09:00,212.63452823826523,214.9395095741814,209.177056234391,210.90579223632812,28900,0.0,0.0
2010-04-14 00:00:00+09:00,212.634527160151,214.36326315332295,212.634527160151,213.78701782226562,6500,0.0,0.0
2010-04-15 00:00:00+09:00,216.09201049804688,216.668255859375,214.9395197753906,216.09201049804688,6400,0.0,0.0
2010-04-16 00:00:00+09:00,216.0919991464949,216.66824447755224,213.21077249120833,213.78701782226562,6600,0.0,0.0
2010-04-19 00:00:00+09:00,214.36328819709098,215.51577899384952,202.83838022950545,212.63455200195312,9900,0.0,0.0
2010-04-20 00:00:00+09:00,213.21074996585895,218.39695739746094,213.21074996585895,218.39695739746094,12600,0.0,0.0
2010-04-21 00:00:00+09:00,219.5495008128558,224.15946408451683,218.39700999494053,223.00697326660156,8400,0.0,0.0
2010-04-22 00:00:00+09:00,218.97320556640628,220.70194139982527,216.0919791773746,218.97320556640625,11600,0.0,0.0
2010-04-23 00:00:00+09:00,216.6682534750406,223.0069523798955,216.6682534750406,221.85446166992188,9000,0.0,0.0
2010-04-26 00:00:00+09:00,227.6169378460212,230.49816490736325,224.15946537241075,226.46444702148438,18000,0.0,0.0
2010-04-27 00:00:00+09:00,224.73571078467916,229.3456740828264,222.43072913560553,226.46444702148438,8400,0.0,0.0
2010-04-28 00:00:00+09:00,217.2445027909567,223.00695644588922,217.2445027909567,219.5494842529297,9200,0.0,0.0
2010-04-30 00:00:00+09:00,220.12569612201892,222.43067723324427,218.97320556640628,218.97320556640625,5300,0.0,0.0
2010-05-06 00:00:00+09:00,213.78703719718578,213.78703719718578,210.90581028078165,211.4820556640625,6700,0.0,0.0
2010-05-07 00:00:00+09:00,202.26213210442165,202.26213210442165,197.07592358892364,199.3809051513672,10000,0.0,0.0
2010-05-10 00:00:00+09:00,194.7709420264801,199.3809051513672,193.04220585464742,199.3809051513672,8700,0.0,0.0
2010-05-11 00:00:00+09:00,198.22841845288156,207.4483448925505,197.65217305040227,203.4146270751953,2800,0.0,0.0
2010-05-12 00:00:00+09:00,207.44834722474565,224.73570949347445,204.5671201799575,223.00697326660156,40400,0.0,0.0
2010-05-13 00:00:00+09:00,220.12572802734374,223.00695483398437,216.09201049804688,216.09201049804688,13500,0.0,0.0
2010-05-14 00:00:00+09:00,214.36329622990777,222.43073210952795,214.36329622990777,220.70199584960938,8400,0.0,0.0
2010-05-17 00:00:00+09:00,216.092011735246,217.24450246450064,213.2107849121094,213.21078491210938,12500,0.0,0.0
2010-05-18 00:00:00+09:00,217.82078813584468,217.82078813584468,208.02461512444427,208.60086059570312,3800,0.0,0.0
2010-05-19 00:00:00+09:00,217.82072538488055,217.82072538488055,198.80463031159732,205.71957397460938,6400,0.0,0.0
2010-05-20 00:00:00+09:00,201.68586730957034,203.99084865025114,200.5333766392299,201.6858673095703,12600,0.0,0.0
2010-05-21 00:00:00+09:00,193.6184609902872,195.92344266874298,191.31347931183137,191.8897247314453,8000,0.0,0.0
2010-05-24 00:00:00+09:00,193.61844840592252,195.92342993456447,191.3134668772806,192.46595764160156,10000,0.0,0.0
2010-05-25 00:00:00+09:00,192.4659646987915,192.4659646987915,182.66979284286498,184.39852905273438,16500,0.0,0.0
2010-05-26 00:00:00+09:00,186.70348948352742,188.43222549726377,183.2460174560547,183.2460174560547,11700,0.0,0.0
2010-05-27 00:00:00+09:00,184.39852905273438,194.77094631195067,184.39852905273438,184.39852905273438,18600,0.0,0.0
2010-05-28 00:00:00+09:00,187.85598015935165,190.16096151100012,183.2460174560547,183.2460174560547,20700,0.0,0.0
2010-05-31 00:00:00+09:00,183.82227401259522,190.16097311647783,183.82227401259522,185.55101013183594,13900,0.0,0.0
2010-06-01 00:00:00+09:00,188.43224821500252,190.73722984454383,185.55102117807587,187.8560028076172,9500,0.0,0.0
2010-06-02 00:00:00+09:00,183.246028639515,186.12725550491618,182.09353789335452,185.55101013183594,10700,0.0,0.0
2010-06-03 00:00:00+09:00,186.70355487530048,187.85604595477764,185.55106379582332,187.27980041503906,5300,0.0,0.0
2010-06-04 00:00:00+09:00,189.58471961743905,190.16096496582034,188.43222892067652,190.1609649658203,2400,0.0,0.0
2010-06-07 00:00:00+09:00,186.7035189885473,186.7035189885473,184.9747827016163,186.1272735595703,5800,0.0,0.0
2010-06-08 00:00:00+09:00,187.27974625107663,187.27974625107663,185.55101013183594,185.55101013183594,1200,0.0,0.0
2010-06-09 00:00:00+09:00,187.27980041503906,187.27980041503906,184.97481825608475,187.27980041503906,6600,0.0,0.0
2010-06-10 00:00:00+09:00,185.55099202093677,187.2797279714424,184.39850138726638,184.97474670410156,4600,0.0,0.0
2010-06-11 00:00:00+09:00,189.58478257399338,189.58478257399338,187.27980041503906,187.27980041503906,10300,0.0,0.0
2010-06-14 00:00:00+09:00,191.88976053266381,194.7709881682894,191.88976053266381,193.04225158691406,7800,0.0,0.0
2010-06-15 00:00:00+09:00,193.61849711403917,193.61849711403917,190.7372694784136,193.04225158691406,3300,0.0,0.0
2010-06-16 00:00:00+09:00,197.07592637198312,197.65217177073163,193.6184539794922,193.6184539794922,2600,0.0,0.0
2010-06-17 00:00:00+09:00,195.92347922253964,195.92347922253964,193.04225158691406,193.04225158691406,3500,0.0,0.0
2010-06-18 00:00:00+09:00,197.652147178322,201.68586446767551,196.499656524221,201.109619140625,10400,0.0,0.0
2010-06-21 00:00:00+09:00,205.7195920464713,207.4483281140887,205.14334669059883,206.29583740234375,5600,0.0,0.0
2010-06-22 00:00:00+09:00,205.14332292583626,206.2958135040713,203.99083234760124,204.56707763671875,2500,0.0,0.0
2010-06-23 00:00:00+09:00,202.2621612548828,202.2621612548828,201.68591578122218,202.2621612548828,2900,0.0,0.0
2010-06-24 00:00:00+09:00,201.10963314940028,203.99085998535156,201.10963314940028,203.99085998535156,2400,0.0,0.0
2010-06-25 00:00:00+09:00,203.9908390045166,203.9908390045166,201.10961246490479,202.83834838867188,4300,0.0,0.0
2010-06-28 00:00:00+09:00,199.9571546603195,203.41462707519534,199.9571546603195,203.4146270751953,3000,0.0,0.0
2010-06-29 00:00:00+09:00,204.5670833641074,206.2958192798604,203.41459275360538,205.71957397460938,7600,0.0,0.0
2010-06-30 00:00:00+09:00,202.26208270529042,202.26208270529042,198.8046112060547,198.8046112060547,3400,0.0,0.0
2010-07-01 00:00:00+09:00,198.80466976681274,199.38091518642668,191.31347931183137,191.8897247314453,11000,0.0,0.0
2010-07-02 00:00:00+09:00,191.88966430105816,191.88966430105816,187.85594763406894,189.00843811035156,8100,0.0,0.0
2010-07-05 00:00:00+09:00,190.16097611295962,192.46595764160156,190.16097611295962,192.46595764160156,2200,0.0,0.0
2010-07-06 00:00:00+09:00,193.6184539794922,193.6184539794922,191.88971778324674,193.6184539794922,1900,0.0,0.0
2010-07-07 00:00:00+09:00,191.8897247314453,193.04221557067322,191.31347931183137,191.8897247314453,3400,0.0,0.0
2010-07-08 00:00:00+09:00,197.652147178322,201.109619140625,197.652147178322,201.109619140625,3500,0.0,0.0
2010-07-09 00:00:00+09:00,201.1096219744001,204.56709398542134,201.1096219744001,201.6858673095703,2300,0.0,0.0
2010-07-12 00:00:00+09:00,205.14335071973207,206.2958414541126,203.99085998535156,203.99085998535156,3400,0.0,0.0
2010-07-13 00:00:00+09:00,203.4145870584837,206.2958135040713,201.68585119113115,204.56707763671875,5700,0.0,0.0
2010-07-14 00:00:00+09:00,205.1433286693584,206.87206458511142,205.1433286693584,205.71957397460938,5100,0.0,0.0
2010-07-15 00:00:00+09:00,199.95719791241544,201.1096889666657,191.88976053266381,193.04225158691406,15100,0.0,0.0
2010-07-16 00:00:00+09:00,192.46595764160156,194.19469378808301,191.88971225944107,192.46595764160156,1600,0.0,0.0
2010-07-21 00:00:00+09:00,193.61841969209559,201.6858538459329,193.61841969209559,195.92340087890625,8600,0.0,0.0
2010-07-22 00:00:00+09:00,191.31344504879914,197.07589821291958,191.31344504879914,194.19467163085938,1500,0.0,0.0
2010-07-23 00:00:00+09:00,194.77089800792706,196.49963378906253,194.77089800792706,196.4996337890625,2400,0.0,0.0
2010-07-26 00:00:00+09:00,205.14336195446197,205.14336195446197,192.46596318199522,193.6184539794922,13100,0.0,0.0
2010-07-27 00:00:00+09:00,195.92338495669156,199.95710170579991,195.92338495669156,198.8046112060547,2600,0.0,0.0
2010-07-28 00:00:00+09:00,195.34713683017466,198.80460827849632,195.34713683017466,198.22836303710938,2000,0.0,0.0
2010-07-29 00:00:00+09:00,198.8046639425713,198.8046639425713,195.92343692891083,197.075927734375,2900,0.0,0.0
2010-07-30 00:00:00+09:00,194.77093917024348,195.92342993456447,192.46595764160156,192.46595764160156,2900,0.0,0.0
2010-08-02 00:00:00+09:00,195.92341844963306,195.92341844963306,190.16096496582034,190.1609649658203,1200,0.0,0.0
2010-08-03 00:00:00+09:00,191.3134954671944,195.34721374511716,191.3134954671944,195.3472137451172,2200,0.0,0.0
2010-08-04 00:00:00+09:00,192.46594349591567,192.46594349591567,189.0084714570669,189.584716796875,2400,0.0,0.0
2010-08-05 00:00:00+09:00,191.88973455054523,191.88973455054523,190.160998203243,190.73724365234375,600,0.0,0.0
2010-08-06 00:00:00+09:00,189.58471679687503,190.73720747649128,188.43222611725875,189.584716796875,5100,0.0,0.0
2010-08-09 00:00:00+09:00,188.43229149451622,190.73727365347054,187.27980041503906,187.27980041503906,8900,0.0,0.0
2010-08-10 00:00:00+09:00,187.27969893489976,191.31341552734375,187.27969893489976,191.31341552734375,1900,0.0,0.0
2010-08-11 00:00:00+09:00,191.31344518928887,191.31344518928887,184.9747467041016,184.97474670410156,2700,0.0,0.0
2010-08-12 00:00:00+09:00,184.39851938567546,186.12725550491618,184.39851938567546,185.55101013183594,3000,0.0,0.0
2010-08-13 00:00:00+09:00,184.97477577069054,187.8560028076172,184.97477577069054,187.8560028076172,1700,0.0,0.0
2010-08-16 00:00:00+09:00,186.12725550491618,189.00848237031735,185.55101013183594,185.55101013183594,1900,0.0,0.0
2010-08-17 00:00:00+09:00,190.16098308563232,190.16098308563232,180.3648112297058,184.39852905273438,4500,0.0,0.0
2010-08-18 00:00:00+09:00,189.00850730504155,190.73724365234375,189.00850730504155,190.73724365234375,3000,0.0,0.0
2010-08-19 00:00:00+09:00,190.7372103142016,190.7372103142016,187.85598357229523,190.1609649658203,3100,0.0,0.0
2010-08-20 00:00:00+09:00,193.04215477734078,193.04215477734078,189.0084381103516,189.00843811035156,500,0.0,0.0
2010-08-23 00:00:00+09:00,189.5847277433976,189.5847277433976,185.55101013183594,185.55101013183594,1900,0.0,0.0
2010-08-24 00:00:00+09:00,182.09352678023043,183.2460174560547,182.09352678023043,183.2460174560547,2200,0.0,0.0
2010-08-25 00:00:00+09:00,178.63605198423943,182.66976928710938,178.63605198423943,182.66976928710938,1600,0.0,0.0
2010-08-26 00:00:00+09:00,183.8222599450722,183.8222599450722,182.09352395812795,182.66976928710938,3400,0.0,0.0
2010-08-27 00:00:00+09:00,180.36478723264207,184.97474984561697,165.95865406709558,176.33106994628906,14200,0.0,0.0
2010-08-30 00:00:00+09:00,178.05980665525803,186.7034865899793,177.4835613262766,182.66976928710938,3800,0.0,0.0
2010-08-31 00:00:00+09:00,182.66979576849167,182.66979576849167,178.63607788085935,178.63607788085938,2900,0.0,0.0
2010-09-01 00:00:00+09:00,174.0261133093583,179.2123219841405,173.44986790104915,175.17860412597656,6900,0.0,0.0
2010-09-02 00:00:00+09:00,175.75483024894416,180.94103835465071,175.75483024894416,177.4835662841797,2300,0.0,0.0
2010-09-03 00:00:00+09:00,186.70351199284653,189.00849362238785,184.3985303633052,187.8560028076172,4900,0.0,0.0
2010-09-06 00:00:00+09:00,186.70345715778632,189.0084381103516,186.70345715778632,189.00843811035156,1400,0.0,0.0
2010-09-07 00:00:00+09:00,187.27980041503906,187.27980041503906,185.55106379582332,187.27980041503906,500,0.0,0.0
2010-09-08 00:00:00+09:00,184.9747827016163,186.12727355957028,183.8222918436623,186.1272735595703,9900,0.0,0.0
2010-09-09 00:00:00+09:00,187.856041842788,194.19474264116428,187.856041842788,193.04225158691406,6900,0.0,0.0
2010-09-10 00:00:00+09:00,197.07590914639562,197.07590914639562,187.27973822391397,190.1609649658203,11600,0.0,0.0
2010-09-13 00:00:00+09:00,194.77095499422526,194.77095499422526,186.12727355957028,186.1272735595703,3100,0.0,0.0
2010-09-14 00:00:00+09:00,186.7035189885473,186.7035189885473,178.6360829828693,186.1272735595703,5400,0.0,0.0
2010-09-16 00:00:00+09:00,181.51726429279034,182.09350957625952,179.21228315891364,179.7885284423828,9500,0.0,0.0
2010-09-17 00:00:00+09:00,181.51730494345387,181.51730494345387,178.63607788085935,178.63607788085938,16000,0.0,0.0
2010-09-21 00:00:00+09:00,179.21228315891364,180.94101900932117,179.21228315891364,179.7885284423828,3700,0.0,0.0
2010-09-22 00:00:00+09:00,180.3647879711837,182.66976928710938,180.3647879711837,182.66976928710938,2300,0.0,0.0
2010-09-24 00:00:00+09:00,181.51727682524555,181.51727682524555,178.6360502089718,179.21229553222656,5600,0.0,0.0
2010-09-27 00:00:00+09:00,181.5172394673536,181.5172394673536,176.90727783008745,180.9409942626953,7400,0.0,0.0
2010-09-28 00:00:00+09:00,178.05980665525803,182.66976928710938,175.75482533933234,182.66976928710938,12500,0.0,0.0
2010-09-29 00:00:00+09:00,183.24599640278876,183.24599640278876,179.78852477254748,182.093505859375,5100,0.0,0.0
2010-09-30 00:00:00+09:00,180.36478617873604,181.51727682524555,178.05980488571706,179.21229553222656,10700,0.0,0.0
2010-10-01 00:00:00+09:00,175.75486211493464,176.3311075644918,174.02612576626314,174.6023712158203,5200,0.0,0.0
2010-10-04 00:00:00+09:00,174.0260772705078,178.63603958230934,174.0260772705078,174.0260772705078,2000,0.0,0.0
2010-10-05 00:00:00+09:00,173.44985238032945,176.33107916405584,167.11115345613135,168.8398895263672,9600,0.0,0.0
2010-10-06 00:00:00+09:00,172.87356182209498,178.05976867675784,172.87356182209498,178.0597686767578,3900,0.0,0.0
2010-10-07 00:00:00+09:00,175.75483703613284,177.48357313812758,175.17859166880123,175.7548370361328,3000,0.0,0.0
2010-10-08 00:00:00+09:00,173.44984229967906,179.21229553222656,172.87359697642432,179.21229553222656,7200,0.0,0.0
2010-10-12 00:00:00+09:00,177.48355683826264,177.48355683826264,168.83987712211348,169.41612243652344,6200,0.0,0.0
2010-10-13 00:00:00+09:00,168.83987712211348,169.41612243652344,167.11114117888366,169.41612243652344,5000,0.0,0.0
2010-10-14 00:00:00+09:00,169.41616277825344,169.41616277825344,168.263671875,168.263671875,2900,0.0,0.0
2010-10-15 00:00:00+09:00,168.26365383711877,169.41614461682505,166.5349176675593,167.68740844726562,3500,0.0,0.0
2010-10-18 00:00:00+09:00,167.11114117888366,169.41612243652344,166.53489586447373,169.41612243652344,2400,0.0,0.0
2010-10-19 00:00:00+09:00,167.68740844726562,168.26365383711877,165.95867227770617,167.68740844726562,4300,0.0,0.0
2010-10-20 00:00:00+09:00,165.9586736505682,165.9586736505682,164.80618286132812,164.80618286132812,7800,0.0,0.0
2010-10-21 00:00:00+09:00,165.9586245888158,165.9586245888158,164.22988891601562,164.22988891601562,5800,0.0,0.0
2010-10-22 00:00:00+09:00,165.38237936454908,165.38237936454908,164.22988891601562,164.22988891601562,11100,0.0,0.0
2010-10-25 00:00:00+09:00,164.80615521474166,166.5348911086026,164.22990991678802,165.3824005126953,3300,0.0,0.0
2010-10-26 00:00:00+09:00,164.80617572592317,170.56862942263376,156.16249518085726,160.1962127685547,16900,0.0,0.0
2010-10-27 00:00:00+09:00,156.73875325520834,156.73875325520834,146.9425811767578,146.9425811767578,18800,0.0,0.0
2010-10-28 00:00:00+09:00,148.09501567940586,153.8574676513672,145.2137896934252,153.8574676513672,12900,0.0,0.0
2010-10-29 00:00:00+09:00,148.09506910791936,153.85752315881118,145.21384208247346,152.7050323486328,6400,0.0,0.0
2010-11-01 00:00:00+09:00,148.09506225585938,149.82379839114176,146.36632612057696,148.09506225585938,15700,0.0,0.0
2010-11-02 00:00:00+09:00,146.94255537659157,150.9762725830078,145.79006474618694,150.9762725830078,5800,0.0,0.0
2010-11-04 00:00:00+09:00,150.4000085242709,153.28123474121094,150.4000085242709,153.28123474121094,3500,0.0,0.0
2010-11-05 00:00:00+09:00,153.85750279113321,157.8912200927734,153.85750279113321,157.89122009277344,9900,0.0,0.0
2010-11-08 00:00:00+09:00,157.8912178548177,176.9073134358724,157.8912178548177,172.87359619140625,10400,0.0,0.0
2010-11-09 00:00:00+09:00,163.65370767423423,176.90735301404897,163.65370767423423,174.6023712158203,11300,0.0,0.0
2010-11-10 00:00:00+09:00,175.17858490386567,178.05981162925818,175.17858490386567,177.4835662841797,2700,0.0,0.0
2010-11-11 00:00:00+09:00,177.48358281453451,195.92343557448615,177.48358281453451,193.6184539794922,36200,0.0,0.0
2010-11-12 00:00:00+09:00,190.7371818905785,190.7371818905785,180.9410124279204,181.5172576904297,14700,0.0,0.0
2010-11-15 00:00:00+09:00,179.21230009066983,183.2460174560547,179.21230009066983,183.2460174560547,4000,0.0,0.0
2010-11-16 00:00:00+09:00,179.21229553222656,181.51727682524555,176.90731423920755,179.21229553222656,5700,0.0,0.0
2010-11-17 00:00:00+09:00,174.602322559483,178.63603958230934,174.0260772705078,174.0260772705078,6200,0.0,0.0
2010-11-18 00:00:00+09:00,174.60233294618857,180.36478617873604,174.02608762293383,179.21229553222656,2800,0.0,0.0
2010-11-19 00:00:00+09:00,186.12724646035727,187.85598249559277,174.02609421370863,177.4835662841797,11900,0.0,0.0
2010-11-22 00:00:00+09:00,178.0597861153739,182.6697482154483,178.0597861153739,181.5172576904297,4300,0.0,0.0
2010-11-24 00:00:00+09:00,177.48358705582154,180.36481411841606,177.48358705582154,178.63607788085938,2600,0.0,0.0
2010-11-25 00:00:00+09:00,179.21232329337826,179.21232329337826,172.87362375567034,178.63607788085938,9900,0.0,0.0
2010-11-26 00:00:00+09:00,179.78857580924267,179.78857580924267,176.9073486328125,176.9073486328125,2700,0.0,0.0
2010-11-29 00:00:00+09:00,179.78856870589715,179.78856870589715,176.90734164330266,178.63607788085938,2300,0.0,0.0
2010-11-30 00:00:00+09:00,178.05980592615464,178.6360512527765,175.17857929304535,176.33106994628906,5000,0.0,0.0
2010-12-01 00:00:00+09:00,176.33108240346442,176.33108240346442,175.17859166880123,175.7548370361328,2900,0.0,0.0
2010-12-02 00:00:00+09:00,178.05981850545916,178.05981850545916,175.75483703613284,175.7548370361328,3700,0.0,0.0
2010-12-03 00:00:00+09:00,178.63607657583137,178.63607657583137,175.17860412597656,175.17860412597656,3100,0.0,0.0
2010-12-06 00:00:00+09:00,175.17859166880123,175.75483703613284,174.02610093413807,175.7548370361328,5000,0.0,0.0
2010-12-07 00:00:00+09:00,175.17857929304535,176.33106994628906,175.17857929304535,176.33106994628906,3700,0.0,0.0
2010-12-08 00:00:00+09:00,176.33105674156775,179.7885284423828,175.7548114580986,179.7885284423828,9400,0.0,0.0
2010-12-09 00:00:00+09:00,178.05983246834046,178.63607788085935,176.90734164330266,178.63607788085938,2200,0.0,0.0
2010-12-10 00:00:00+09:00,183.24597508132837,183.24597508132837,179.78850385337878,180.9409942626953,12000,0.0,0.0
2010-12-13 00:00:00+09:00,179.21230009066983,183.2460174560547,179.21230009066983,183.2460174560547,4700,0.0,0.0
2010-12-14 00:00:00+09:00,180.94102948625513,184.9747467041016,180.36478416941992,184.97474670410156,8400,0.0,0.0
2010-12-15 00:00:00+09:00,186.127237337772,186.127237337772,180.36478416941992,184.97474670410156,8600,0.0,0.0
2010-12-16 00:00:00+09:00,184.97477577069054,187.8560028076172,184.97477577069054,187.8560028076172,7900,0.0,0.0
2010-12-17 00:00:00+09:00,187.85599725040387,192.46596037311318,186.70350646972653,186.70350646972656,7500,0.0,0.0
2010-12-20 00:00:00+09:00,184.39853727263932,187.2797644175243,183.2460464146853,186.1272735595703,10800,0.0,0.0
2010-12-21 00:00:00+09:00,187.2797644175243,187.85600984650128,186.12727355957028,186.1272735595703,5500,0.0,0.0
2010-12-22 00:00:00+09:00,185.5509774896163,186.12722276132317,182.093505859375,182.093505859375,10600,0.0,0.0
2010-12-24 00:00:00+09:00,184.39854046026358,184.97478589920192,179.21233150981868,180.3648223876953,23500,0.0,0.0
2010-12-27 00:00:00+09:00,179.7885219029018,181.5172576904297,179.2122766403925,181.5172576904297,5000,0.0,0.0
2010-12-28 00:00:00+09:00,180.36474905803706,181.5172394673536,180.36474905803706,180.9409942626953,1100,0.0,0.0
2010-12-29 00:00:00+09:00,182.09352678023043,183.2460174560547,179.78854542858195,183.2460174560547,5400,0.0,0.0
2010-12-30 00:00:00+09:00,182.093505859375,182.66975113108188,181.51726058766812,182.093505859375,1200,0.0,0.0
2011-01-04 00:00:00+09:00,189.0085370342548,189.0085370342548,181.51734501765324,187.27980041503906,9100,0.0,0.0
2011-01-05 00:00:00+09:00,187.27977531036473,188.43226623535156,185.55103892288443,188.43226623535156,5500,0.0,0.0
2011-01-06 00:00:00+09:00,188.43222611725875,189.58471679687503,187.8559807774506,189.584716796875,2900,0.0,0.0
2011-01-07 00:00:00+09:00,187.85604595477764,187.85604595477764,186.70355487530048,187.27980041503906,4600,0.0,0.0
2011-01-11 00:00:00+09:00,187.2797354376425,191.31345281629942,186.12724475802622,189.584716796875,6200,0.0,0.0
2011-01-12 00:00:00+09:00,190.73717382477554,190.73717382477554,187.85594763406894,189.00843811035156,7500,0.0,0.0
2011-01-13 00:00:00+09:00,190.16100262283186,190.16100262283186,188.43226623535156,188.43226623535156,1200,0.0,0.0
2011-01-14 00:00:00+09:00,189.58473342141986,189.58473342141986,186.70350646972653,186.70350646972656,9700,0.0,0.0
2011-01-17 00:00:00+09:00,189.5846833484929,190.1609285866342,188.43219287221027,189.00843811035156,3200,0.0,0.0
2011-01-18 00:00:00+09:00,191.31348910144447,191.31348910144447,190.160998203243,190.73724365234375,3100,0.0,0.0
2011-01-19 00:00:00+09:00,190.16092507235976,191.31341552734375,188.43218938988375,191.31341552734375,3100,0.0,0.0
2011-01-20 00:00:00+09:00,190.1609285866342,190.1609285866342,189.0084381103516,189.00843811035156,1200,0.0,0.0
2011-01-21 00:00:00+09:00,188.4322038481507,188.4322038481507,182.093505859375,182.093505859375,7200,0.0,0.0
2011-01-24 00:00:00+09:00,186.70355487530048,187.27980041503906,183.82232717660756,187.27980041503906,4000,0.0,0.0
2011-01-25 00:00:00+09:00,187.27970239592764,190.73717382477554,187.27970239592764,189.00843811035156,5800,0.0,0.0
2011-01-26 00:00:00+09:00,190.1609285866342,190.1609285866342,188.43219287221027,189.00843811035156,3100,0.0,0.0
2011-01-27 00:00:00+09:00,187.85602077285816,189.58475716033843,187.85602077285816,188.43226623535156,3000,0.0,0.0
2011-01-28 00:00:00+09:00,187.85599162415687,187.85599162415687,184.39851938567546,185.55101013183594,6100,0.0,0.0
2011-01-31 00:00:00+09:00,184.9747467041016,186.127237337772,184.39850138726638,184.97474670410156,2900,0.0,0.0
2011-02-01 00:00:00+09:00,185.55101013183594,190.16097311647783,185.55101013183594,185.55101013183594,5700,0.0,0.0
2011-02-02 00:00:00+09:00,184.97475407840997,190.73720747649128,184.39850873860183,189.584716796875,18900,0.0,0.0
2011-02-03 00:00:00+09:00,189.00847426905779,190.16096496582034,187.27973822391397,190.1609649658203,9800,0.0,0.0
2011-02-04 00:00:00+09:00,190.73723389221743,191.8897247314453,189.58474305298952,191.8897247314453,9600,0.0,0.0
2011-02-07 00:00:00+09:00,195.34719724912904,195.92344266874298,191.8897247314453,191.8897247314453,9800,0.0,0.0
2011-02-08 00:00:00+09:00,196.49968097323463,196.49968097323463,193.0422085807437,193.6184539794922,8900,0.0,0.0
2011-02-09 00:00:00+09:00,194.19466498879825,195.92340087890625,192.46592909869025,195.92340087890625,6300,0.0,0.0
2011-02-10 00:00:00+09:00,196.49970468166654,198.2284410864906,194.7709682768425,195.3472137451172,10700,0.0,0.0
2011-02-14 00:00:00+09:00,173.4498402400257,195.9234075800955,172.87359492361367,194.19467163085938,5000,0.0,0.0
2011-02-15 00:00:00+09:00,195.92345921339185,195.92345921339185,194.1947228085678,195.3472137451172,4700,0.0,0.0
2011-02-16 00:00:00+09:00,195.92340087890625,196.49964617560892,194.19466498879825,195.92340087890625,5600,0.0,0.0
2011-02-17 00:00:00+09:00,194.19466498879825,197.65213676901425,194.19466498879825,195.92340087890625,9700,0.0,0.0
2011-02-18 00:00:00+09:00,194.77091694727142,197.07589821291958,194.19467163085935,194.19467163085938,8700,0.0,0.0
2011-02-21 00:00:00+09:00,194.19467163085935,194.19467163085935,193.6184263144473,194.19467163085938,3600,0.0,0.0
2011-02-22 00:00:00+09:00,194.19474264116428,194.7709881682894,192.46600605978892,193.04225158691406,8700,0.0,0.0
2011-02-23 00:00:00+09:00,191.88969815610753,194.7709248551482,189.58471679687503,189.584716796875,8100,0.0,0.0
2011-02-24 00:00:00+09:00,189.58475716033843,190.7372480853253,187.85602077285816,188.43226623535156,4500,0.0,0.0
2011-02-25 00:00:00+09:00,191.88966430105816,191.88966430105816,189.0084381103516,189.00843811035156,3500,0.0,0.0
2011-02-28 00:00:00+09:00,189.00848534863866,192.46595764160156,187.8559945843177,192.46595764160156,5200,0.0,0.0
2011-03-01 00:00:00+09:00,190.73724365234375,191.88973455054523,190.73724365234375,190.73724365234375,5200,0.0,0.0
2011-03-02 00:00:00+09:00,190.73722420209717,190.73722420209717,186.70350646972653,186.70350646972656,10400,0.0,0.0
2011-03-03 00:00:00+09:00,187.85594416239175,191.31341552734375,187.27969893489976,191.31341552734375,5000,0.0,0.0
2011-03-04 00:00:00+09:00,191.31347931183137,194.77095182951507,191.31347931183137,191.8897247314453,8700,0.0,0.0
2011-03-07 00:00:00+09:00,191.88971752693232,237.98934936523438,190.160981332996,237.98934936523438,176100,0.0,0.0
2011-03-08 00:00:00+09:00,242.59927998860675,272.56403666178386,240.8705440266927,259.3103942871094,985200,0.0,0.0
2011-03-09 00:00:00+09:00,257.58168600331186,268.53034827190896,252.39547756029214,265.0728759765625,559700,0.0,0.0
2011-03-10 00:00:00+09:00,261.61545523835923,263.3441917267184,257.0054912694014,259.88671875,176800,0.0,0.0
2011-03-11 00:00:00+09:00,260.46289627142414,262.7678776543571,256.42917885129145,261.6153869628906,156300,0.0,0.0
2011-03-14 00:00:00+09:00,255.8529119167198,280.63145969243817,254.1241760253906,254.12417602539062,262300,0.0,0.0
2011-03-15 00:00:00+09:00,254.12412011445457,257.58159113641995,213.2107130211977,231.6505584716797,123700,0.0,0.0
2011-03-16 00:00:00+09:00,240.2942998926123,247.78548909789754,235.68433730474442,247.20924377441406,41400,0.0,0.0
2011-03-17 00:00:00+09:00,251.8192415173422,257.5816955566406,247.20927828590342,257.5816955566406,59400,0.0,0.0
2011-03-18 00:00:00+09:00,262.1916422833634,273.14030426882255,260.46290618039615,266.8016052246094,40200,0.0,0.0
2011-03-22 00:00:00+09:00,276.59778362771743,276.59778362771743,265.0728759765625,265.0728759765625,69100,0.0,0.0
2011-03-23 00:00:00+09:00,265.64904147181016,268.5302675181422,259.3103441698798,267.3777770996094,58900,0.0,0.0
2011-03-24 00:00:00+09:00,267.95413750397313,271.9878557029577,266.22540113297975,269.10662841796875,40300,0.0,0.0
2011-03-25 00:00:00+09:00,270.8353647889621,271.9878557029577,265.0729102189842,269.10662841796875,57200,0.0,0.0
2011-03-28 00:00:00+09:00,257.58161422009124,272.5639899912822,257.58161422009124,268.5302734375,64600,0.0,0.0
2011-03-29 00:00:00+09:00,270.9386476328675,270.9386476328675,243.84478286958077,256.48858642578125,110300,20.0,0.0
2011-03-30 00:00:00+09:00,261.30529573431426,261.30529573431426,244.44688955790687,251.6719207763672,66800,0.0,0.0
2011-03-31 00:00:00+09:00,252.27404728361748,252.27404728361748,226.9864339520854,242.6406707763672,185900,0.0,0.0
2011-04-01 00:00:00+09:00,249.8657328415878,250.46781894482055,238.42609688016572,239.02818298339844,48000,0.0,0.0
2011-04-04 00:00:00+09:00,244.44692887147662,244.44692887147662,240.23232664955458,242.6406707763672,34100,0.0,0.0
2011-04-05 00:00:00+09:00,245.04898277282715,245.04898277282715,240.83438110351562,240.83438110351562,37100,0.0,0.0
2011-04-06 00:00:00+09:00,239.02810848920774,240.83436623597757,234.81350708007815,234.81350708007812,27400,0.0,0.0
2011-04-07 00:00:00+09:00,239.6301944047977,240.83436623597757,234.2114211644882,234.81350708007812,34200,0.0,0.0
2011-04-08 00:00:00+09:00,233.60930248298266,243.24267578124997,233.00721665184096,243.24267578125,32800,0.0,0.0
2011-04-11 00:00:00+09:00,243.84484283977346,245.6511009348829,242.64067077636716,242.6406707763672,12600,0.0,0.0
2011-04-12 00:00:00+09:00,240.23229515075684,242.640638961792,240.23229515075684,240.83438110351562,8000,0.0,0.0
2011-04-13 00:00:00+09:00,240.2323150634766,244.44691708213406,240.2323150634766,240.23231506347656,11100,0.0,0.0
2011-04-14 00:00:00+09:00,241.43649871296088,246.25318696658604,241.43649871296088,242.6406707763672,15900,0.0,0.0
2011-04-15 00:00:00+09:00,240.83441268125773,245.04901490317974,240.83441268125773,242.6406707763672,20800,0.0,0.0
2011-04-18 00:00:00+09:00,243.8447616123917,244.44684744353341,242.64058995010828,243.24267578125,11900,0.0,0.0
2011-04-19 00:00:00+09:00,242.64063428464974,242.64063428464974,240.8343764611908,241.43646240234375,21700,0.0,0.0
2011-04-20 00:00:00+09:00,242.64058374053803,243.8447553720047,240.834326293338,242.0384979248047,11400,0.0,0.0
2011-04-21 00:00:00+09:00,242.03854834349676,243.24272022580269,241.43646240234378,241.43646240234375,13600,0.0,0.0
2011-04-22 00:00:00+09:00,241.43641210907134,242.0384979248047,239.6301546618713,242.0384979248047,11700,0.0,0.0
2011-04-25 00:00:00+09:00,242.03857534903068,243.84483337402344,239.630231315707,243.84483337402344,5100,0.0,0.0
2011-04-26 00:00:00+09:00,243.84485139319648,243.84485139319648,239.0281629706148,239.6302490234375,9200,0.0,0.0
2011-04-27 00:00:00+09:00,242.03854834349676,242.03854834349676,239.63020457888484,241.43646240234375,11100,0.0,0.0
2011-04-28 00:00:00+09:00,239.0281629706148,240.23233507626023,237.22190481214668,239.6302490234375,14700,0.0,0.0
2011-05-02 00:00:00+09:00,239.63022906081122,240.83440106614194,239.63022906081122,240.23231506347656,3400,0.0,0.0
2011-05-06 00:00:00+09:00,240.23233507626023,240.23233507626023,238.4260769177921,239.6302490234375,3100,0.0,0.0
2011-05-09 00:00:00+09:00,239.63024902343753,240.83442112908293,239.0281629706148,239.6302490234375,5100,0.0,0.0
2011-05-10 00:00:00+09:00,238.4260759184632,239.6302480190615,237.82398986816406,237.82398986816406,5200,0.0,0.0
2011-05-11 00:00:00+09:00,239.63024902343753,239.63024902343753,238.4260769177921,239.6302490234375,5200,0.0,0.0
2011-05-12 00:00:00+09:00,239.63020919799806,241.4364670562744,239.02812324523927,240.83438110351562,10700,0.0,0.0
2011-05-13 00:00:00+09:00,279.3677956520974,279.969881418589,263.1114799568245,267.3260803222656,278800,0.0,0.0
2011-05-16 00:00:00+09:00,267.3261541337615,280.5720446539029,264.9178104028267,277.5616149902344,185500,0.0,0.0
2011-05-17 00:00:00+09:00,272.74500036543344,287.79715270348163,272.1429142719115,283.5825500488281,158300,0.0,0.0
2011-05-18 00:00:00+09:00,286.59291207267745,291.40959967053755,281.7762244748173,288.399169921875,110400,0.0,0.0
2011-05-19 00:00:00+09:00,289.0012345224057,291.40957814342573,284.18454728036556,287.1949768066406,66300,0.0,0.0
2011-05-20 00:00:00+09:00,285.99089442291586,289.6034109840474,276.95960302008694,283.5825500488281,90800,0.0,0.0
2011-05-23 00:00:00+09:00,284.18451506516027,284.18451506516027,276.9594850211308,279.3678283691406,34900,0.0,0.0
2011-05-24 00:00:00+09:00,276.959480531754,280.5719954952117,276.959480531754,279.96990966796875,17300,0.0,0.0
2011-05-25 00:00:00+09:00,279.3678238407258,279.96990966796875,274.55113722278224,279.96990966796875,25300,0.0,0.0
2011-05-26 00:00:00+09:00,280.5720493482507,281.17413529105806,274.5511899201766,276.95953369140625,29200,0.0,0.0
2011-05-27 00:00:00+09:00,276.95952262959753,284.18455365471743,276.95952262959753,282.3782958984375,46400,0.0,0.0
2011-05-30 00:00:00+09:00,289.0012794204905,289.0012794204905,285.3887634277344,285.3887634277344,31800,0.0,0.0
2011-05-31 00:00:00+09:00,288.39916528066,296.22628250122074,287.19499340057376,289.0012512207031,80700,0.0,0.0
2011-06-01 00:00:00+09:00,293.8179627652298,311.88054244342015,293.2158767759568,309.4721984863281,120500,0.0,0.0
2011-06-02 00:00:00+09:00,304.655459523201,308.8700607419014,299.8387724161148,308.2679748535156,56000,0.0,0.0
2011-06-03 00:00:00+09:00,308.2680654158215,317.29935639480067,293.21591378418964,296.82843017578125,97900,0.0,0.0
2011-06-06 00:00:00+09:00,301.04302895231785,313.6868361683152,299.23677077860395,308.8701477050781,101500,0.0,0.0
2011-06-07 00:00:00+09:00,313.0847378434806,315.49308198073817,310.0743076719087,314.2889099121094,47900,0.0,0.0
2011-06-08 00:00:00+09:00,316.09511037511146,316.6971962996355,302.247134111059,305.8596496582031,68500,0.0,0.0
2011-06-09 00:00:00+09:00,307.06384970372415,307.06384970372415,301.0429899056119,302.2471618652344,76400,0.0,0.0
2011-06-10 00:00:00+09:00,307.0638875566291,308.8701457187269,303.4513712324335,305.25762939453125,35300,0.0,0.0
2011-06-13 00:00:00+09:00,302.2471250047871,309.47215588139557,299.8387813792509,307.0638122558594,40800,0.0,0.0
2011-06-14 00:00:00+09:00,311.8805190363831,316.09512064498284,305.25757365144057,312.48260498046875,67300,0.0,0.0
2011-06-15 00:00:00+09:00,313.0846346964878,340.1784973144531,311.88046302457826,340.1784973144531,109300,0.0,0.0
2011-06-16 00:00:00+09:00,340.178584176323,357.036991887716,337.77024021755255,340.7806701660156,185300,0.0,0.0
2011-06-17 00:00:00+09:00,340.17853880957733,351.016085178732,334.1576797156025,334.759765625,95100,0.0,0.0
2011-06-20 00:00:00+09:00,340.7806247189748,340.7806247189748,331.1472501686151,334.759765625,33600,0.0,0.0
2011-06-21 00:00:00+09:00,333.555569391181,333.555569391181,325.7284531419295,329.94305419921875,44000,0.0,0.0
2011-06-22 00:00:00+09:00,328.73892477284306,334.15769825810975,327.53475288722825,332.3514404296875,34500,0.0,0.0
2011-06-23 00:00:00+09:00,332.9534912109375,333.55557709016165,328.1368041771446,332.9534912109375,17500,0.0,0.0
2011-06-24 00:00:00+09:00,332.95352900241863,340.17856037317637,328.73892736947664,335.9639587402344,31900,0.0,0.0
2011-06-27 00:00:00+09:00,334.7597842009171,335.36187014372456,331.7493544868801,332.3514404296875,13000,0.0,0.0
2011-06-28 00:00:00+09:00,329.3410127132311,333.5556143384461,326.33058298093465,328.1368408203125,32900,0.0,0.0
2011-06-29 00:00:00+09:00,327.5347595214844,330.54518929649805,320.30972806145166,327.5347595214844,35100,0.0,0.0
2011-06-30 00:00:00+09:00,331.1472584271387,333.55560212479065,325.1263991830089,325.7284851074219,41800,0.0,0.0
2011-07-01 00:00:00+09:00,331.7493778765746,331.7493778765746,325.12643203874825,329.3410339355469,20800,0.0,0.0
2011-07-04 00:00:00+09:00,329.3410854096404,331.14734364771886,328.13691325092145,330.5452575683594,24600,0.0,0.0
2011-07-05 00:00:00+09:00,328.1367684125007,331.1471974805053,320.3096528356888,321.5138244628906,37700,0.0,0.0
2011-07-06 00:00:00+09:00,319.1055981866245,322.1160283581964,310.67639370622305,314.2889099121094,64300,0.0,0.0
2011-07-07 00:00:00+09:00,313.6867748884194,325.126407753832,313.0846889481345,316.69720458984375,35600,0.0,0.0
2011-07-08 00:00:00+09:00,316.6972588302993,319.70768904731733,313.0847425698776,313.68682861328125,30800,0.0,0.0
2011-07-11 00:00:00+09:00,315.4930867434921,315.4930867434921,311.8805704830704,313.68682861328125,22700,0.0,0.0
2011-07-12 00:00:00+09:00,311.88051440899187,316.0951159550593,311.88051440899187,313.0846862792969,37300,0.0,0.0
2011-07-13 00:00:00+09:00,313.0847237723214,317.29932582310266,310.6763797433036,316.09515380859375,22100,0.0,0.0
2011-07-14 00:00:00+09:00,317.90134277343753,325.1263732910156,317.2992568969727,325.1263732910156,30600,0.0,0.0
2011-07-15 00:00:00+09:00,329.94307381374836,335.3618469238281,322.7180430003086,335.3618469238281,60000,0.0,0.0
2011-07-19 00:00:00+09:00,336.5660440707426,337.77021596366114,326.93266892739393,328.1368408203125,35000,0.0,0.0
2011-07-20 00:00:00+09:00,334.75974112183513,334.75974112183513,329.34096833389174,329.94305419921875,29200,0.0,0.0
2011-07-21 00:00:00+09:00,332.35142556503695,332.35142556503695,322.1159649950992,326.33056640625,21600,0.0,0.0
2011-07-22 00:00:00+09:00,328.136813238182,333.5555863008309,325.72846965478254,331.74932861328125,20000,0.0,0.0
2011-07-25 00:00:00+09:00,328.1368597147697,334.1577195260499,328.1368597147697,333.5556335449219,32400,0.0,0.0
2011-07-26 00:00:00+09:00,335.36184398838054,335.9639298842304,331.74932861328125,331.74932861328125,35700,0.0,0.0
2011-07-27 00:00:00+09:00,331.74932861328125,333.5555863008309,331.74932861328125,331.74932861328125,19200,0.0,0.0
2011-07-28 00:00:00+09:00,329.34097593559284,334.15766296938574,325.12637478102397,332.9534912109375,32200,0.0,0.0
2011-07-29 00:00:00+09:00,331.14732735322946,331.7494134029626,325.72855290563115,328.7389831542969,25600,0.0,0.0
2011-08-01 00:00:00+09:00,329.3410107156505,333.5556123153023,326.33058100161344,332.3514404296875,20300,0.0,0.0
2011-08-02 00:00:00+09:00,333.55567155216204,333.55567155216204,326.93272500509744,328.7389831542969,14200,0.0,0.0
2011-08-03 00:00:00+09:00,323.9222741998073,324.5243602113311,316.69724206152165,319.7076721191406,38600,0.0,0.0
2011-08-04 00:00:00+09:00,322.1160067044772,322.1160067044772,317.9014047475962,320.9118347167969,14100,0.0,0.0
2011-08-05 00:00:00+09:00,301.043015588112,308.26804796222666,298.6346714634071,302.8492736816406,87600,0.0,0.0
2011-08-08 00:00:00+09:00,295.6241909581372,297.43044874403216,279.9699568137145,281.7762145996094,58900,0.0,0.0
2011-08-09 00:00:00+09:00,270.93866609272203,289.6033297568873,264.9178068462171,285.9908142089844,46200,0.0,0.0
2011-08-10 00:00:00+09:00,293.81794609777705,293.81794609777705,288.39917250171146,292.0116882324219,19300,0.0,0.0
2011-08-11 00:00:00+09:00,282.9803827689396,294.4200152638542,282.9803827689396,290.2054138183594,18300,0.0,0.0
2011-08-12 00:00:00+09:00,290.80750249643796,295.02210398189357,287.7970728639696,293.81793212890625,13200,0.0,0.0
2011-08-15 00:00:00+09:00,293.81792291135207,299.83878198740433,293.81792291135207,295.0220947265625,6500,0.0,0.0
2011-08-16 00:00:00+09:00,295.6242580452507,305.2576350894951,295.6242580452507,296.82843017578125,12100,0.0,0.0
2011-08-17 00:00:00+09:00,296.82838804693336,304.65550578447926,296.82838804693336,302.2471618652344,10400,0.0,0.0
2011-08-18 00:00:00+09:00,305.2575440187015,307.06380167561684,298.6345992766784,300.44085693359375,7200,0.0,0.0
2011-08-19 00:00:00+09:00,295.02206355967417,296.22623524767283,282.9803466796875,282.9803466796875,25900,0.0,0.0
2011-08-22 00:00:00+09:00,279.96989081887637,290.2053491928998,279.96989081887637,286.59283447265625,9900,0.0,0.0
2011-08-23 00:00:00+09:00,291.40952889488045,292.6137005018841,287.79701407386955,289.603271484375,5400,0.0,0.0
2011-08-24 00:00:00+09:00,292.6137120400706,292.6137120400706,279.96990966796875,279.96990966796875,6900,0.0,0.0
2011-08-25 00:00:00+09:00,278.7657921692282,288.3991672765881,278.7657921692282,284.7866516113281,8200,0.0,0.0
2011-08-26 00:00:00+09:00,281.7762165193703,283.5824743175714,275.7553571920333,277.5616149902344,20800,0.0,0.0
2011-08-29 00:00:00+09:00,277.5616149902344,278.7657868557018,275.7553571920333,277.5616149902344,14400,0.0,0.0
2011-08-30 00:00:00+09:00,281.7762099796775,282.9803818171975,279.9699522233975,282.3782958984375,10700,0.0,0.0
2011-08-31 00:00:00+09:00,283.58247705496353,284.1845629935091,279.9699614236901,281.17413330078125,8400,0.0,0.0
2011-09-01 00:00:00+09:00,284.1845629935091,285.3887348706002,281.17413330078125,281.17413330078125,7400,0.0,0.0
2011-09-02 00:00:00+09:00,282.98036501642974,282.98036501642974,279.36784971834766,280.572021484375,4400,0.0,0.0
2011-09-05 00:00:00+09:00,278.16370557702106,278.7657915198285,273.3470180345618,276.95953369140625,13500,0.0,0.0
2011-09-06 00:00:00+09:00,270.93874641638376,273.3470908289738,268.53040200379365,271.54083251953125,20900,0.0,0.0
2011-09-07 00:00:00+09:00,270.93869722806494,278.16372915414667,270.93869722806494,273.9491271972656,6500,0.0,0.0
2011-09-08 00:00:00+09:00,278.7657747164336,278.7657747164336,274.5511733708288,275.15325927734375,6500,0.0,0.0
2011-09-09 00:00:00+09:00,268.53032520839145,273.3470126560756,267.928239277431,269.7344970703125,20600,0.0,0.0
2011-09-12 00:00:00+09:00,260.7031691440316,263.71359834892803,258.2948257801144,258.89691162109375,32700,0.0,0.0
2011-09-13 00:00:00+09:00,258.89694039281505,263.1115417480469,258.29485448492477,263.1115417480469,8500,0.0,0.0
2011-09-14 00:00:00+09:00,262.5094579787481,264.91780162992933,243.24270876929873,252.87608337402344,55400,0.0,0.0
2011-09-15 00:00:00+09:00,246.85524579390741,250.46776158601338,246.25315982855642,248.05941772460938,20500,0.0,0.0
2011-09-16 00:00:00+09:00,252.87609731550697,254.08026920748557,250.46775353154976,251.06983947753906,7300,0.0,0.0
2011-09-20 00:00:00+09:00,255.284460183206,255.284460183206,248.6615142822266,248.66151428222656,5900,0.0,0.0
2011-09-21 00:00:00+09:00,258.89691162109375,266.12194171284517,254.08022489325944,258.89691162109375,23600,0.0,0.0
2011-09-22 00:00:00+09:00,261.30527038574223,264.91778564453125,256.48858337402345,264.91778564453125,20800,0.0,0.0
2011-09-26 00:00:00+09:00,264.91780162992933,264.91780162992933,252.27399746122813,252.87608337402344,18900,0.0,0.0
2011-09-27 00:00:00+09:00,257.6926904354455,257.6926904354455,252.2739189075974,255.2843475341797,16200,0.0,0.0
2011-09-28 00:00:00+09:00,262.0673679170155,264.5338843209403,256.5177060081845,258.9842224121094,12200,10.0,0.0
2011-09-29 00:00:00+09:00,258.9841860149979,268.8502502441406,258.9841860149979,268.8502502441406,5400,0.0,0.0
2011-09-30 00:00:00+09:00,270.70018725528894,270.70018725528894,262.68400858941476,263.9172668457031,8100,0.0,0.0
2011-10-03 00:00:00+09:00,263.91727711534156,263.91727711534156,257.7509855939551,258.36761474609375,2500,0.0,0.0
2011-10-04 00:00:00+09:00,257.1343387863011,258.36759700589965,252.8179350177061,254.0511932373047,8900,0.0,0.0
2011-10-05 00:00:00+09:00,256.5177513860887,256.5177513860887,247.26831323514799,248.50157165527344,8300,0.0,0.0
2011-10-06 00:00:00+09:00,249.11817310474538,251.58468967013889,248.501543963397,249.73480224609375,4700,0.0,0.0
2011-10-07 00:00:00+09:00,250.96800855489877,269.46687896435077,250.96800855489877,256.5176696777344,5700,0.0,0.0
2011-10-11 00:00:00+09:00,257.75099807849034,261.4507731705261,257.1343688964844,257.1343688964844,3700,0.0,0.0
2011-10-12 00:00:00+09:00,254.05118740306182,255.90107468997732,251.5846710205078,251.5846710205078,10100,0.0,0.0
2011-10-13 00:00:00+09:00,252.8179350177061,257.1343387863011,252.8179350177061,254.0511932373047,3700,0.0,0.0
2011-10-14 00:00:00+09:00,253.4346035271522,255.9011203498009,253.4346035271522,254.66786193847656,5700,0.0,0.0
2011-10-17 00:00:00+09:00,259.6008147459764,259.6008147459764,254.05115362314078,256.5176696777344,4500,0.0,0.0
2011-10-18 00:00:00+09:00,259.60089558377393,259.60089558377393,254.66786193847656,254.66786193847656,1000,0.0,0.0
2011-10-19 00:00:00+09:00,259.6008552254982,261.45074255489607,253.4345641275054,254.0511932373047,4400,0.0,0.0
2011-10-20 00:00:00+09:00,253.43455830742332,253.43455830742332,248.5015255423153,251.5846710205078,9000,0.0,0.0
2011-10-21 00:00:00+09:00,251.58464971863398,251.58464971863398,249.1181335449219,249.11813354492188,4100,0.0,0.0
2011-10-24 00:00:00+09:00,249.7348050579099,252.20132165107444,249.7348050579099,250.9680633544922,1600,0.0,0.0
2011-10-25 00:00:00+09:00,252.81795079936558,252.81795079936558,249.7348050579099,250.9680633544922,3200,0.0,0.0
2011-10-26 00:00:00+09:00,251.5846800862431,252.20130920410153,251.5846800862431,252.20130920410156,5500,0.0,0.0
2011-10-27 00:00:00+09:00,248.501543963397,252.20131881148728,248.501543963397,249.73480224609375,7100,0.0,0.0
2011-10-28 00:00:00+09:00,252.20132165107444,252.20132165107444,250.35143420620105,250.9680633544922,9500,0.0,0.0
2011-10-31 00:00:00+09:00,250.35143138744215,251.58468967013889,249.11817310474538,249.73480224609375,14100,0.0,0.0
2011-11-01 00:00:00+09:00,248.50142498870395,249.7346826809556,246.0349096042007,247.88479614257812,16200,0.0,0.0
2011-11-02 00:00:00+09:00,244.18515290686832,245.4184112548828,240.48537786282486,245.4184112548828,5500,0.0,0.0
2011-11-04 00:00:00+09:00,245.41839264753156,247.26828002929688,245.41839264753156,247.26828002929688,5400,0.0,0.0
2011-11-07 00:00:00+09:00,246.65159269143606,246.65159269143606,240.48530287415016,242.33518981933594,14600,0.0,0.0
2011-11-08 00:00:00+09:00,242.33525708256934,244.80177369409677,241.71862792968747,241.7186279296875,3200,0.0,0.0
2011-11-09 00:00:00+09:00,246.6515655517578,247.8848233795166,242.33516315460207,246.6515655517578,14000,0.0,0.0
2011-11-10 00:00:00+09:00,243.56842641297936,243.56842641297936,240.4852817748404,242.95179748535156,6300,0.0,0.0
2011-11-11 00:00:00+09:00,242.9518156319933,243.56844460567854,241.1019287109375,241.1019287109375,5200,0.0,0.0
2011-11-14 00:00:00+09:00,243.56851196289062,245.4183993955202,243.56851196289062,243.56851196289062,3100,0.0,0.0
2011-11-15 00:00:00+09:00,242.95181880106452,245.41833472797887,242.33518981933594,242.33518981933594,1600,0.0,0.0
2011-11-16 00:00:00+09:00,242.33526054323485,243.5685188666101,238.01885641142152,239.86874389648438,10900,0.0,0.0
2011-11-17 00:00:00+09:00,238.01877153534252,240.48528730254813,238.01877153534252,239.2520294189453,6400,0.0,0.0
2011-11-18 00:00:00+09:00,239.25209334935897,241.1019806690705,239.25209334935897,240.4853515625,3900,0.0,0.0
2011-11-21 00:00:00+09:00,238.01880797551277,239.86869508413074,238.01880797551277,238.63543701171875,1400,0.0,0.0
2011-11-22 00:00:00+09:00,238.63541281619646,241.1019287109375,237.40215486882593,241.1019287109375,3400,0.0,0.0
2011-11-24 00:00:00+09:00,238.63543701171875,239.86869508413074,238.01880797551277,238.63543701171875,6700,0.0,0.0
2011-11-25 00:00:00+09:00,241.71861017400568,241.71861017400568,237.40220642089844,237.40220642089844,4700,0.0,0.0
2011-11-28 00:00:00+09:00,237.40218817409587,240.48533347505816,236.16893005371094,236.16893005371094,2100,0.0,0.0
2011-11-29 00:00:00+09:00,240.48536624184138,243.56851196289062,236.16896223237245,243.56851196289062,6300,0.0,0.0
2011-11-30 00:00:00+09:00,245.4183993955202,246.65165768393987,243.56851196289062,243.56851196289062,6200,0.0,0.0
2011-12-01 00:00:00+09:00,246.65165090204178,249.73479653831728,241.71861788400093,247.26828002929688,5700,0.0,0.0
2011-12-02 00:00:00+09:00,247.2681944656372,247.8848233795166,246.03493663787842,246.6515655517578,1400,0.0,0.0
2011-12-05 00:00:00+09:00,247.88491482204861,251.58468967013889,247.88491482204861,249.73480224609375,8700,0.0,0.0
2011-12-06 00:00:00+09:00,252.81792688851405,252.81792688851405,244.18511962890625,244.18511962890625,5500,0.0,0.0
2011-12-07 00:00:00+09:00,244.80176352027647,248.5015382838071,244.80176352027647,247.26828002929688,2900,0.0,0.0
2011-12-08 00:00:00+09:00,247.26831323514799,249.73483007539886,246.65168402508527,248.50157165527344,2400,0.0,0.0
2011-12-09 00:00:00+09:00,244.80179639489714,248.5015716552734,244.80179639489714,248.50157165527344,7600,0.0,0.0
2011-12-12 00:00:00+09:00,247.8849424452107,250.96808849552428,247.8849424452107,248.50157165527344,11000,0.0,0.0
2011-12-13 00:00:00+09:00,248.50142498870395,249.11805383482977,247.2681672964523,247.88479614257812,6300,0.0,0.0
2011-12-14 00:00:00+09:00,248.501452293396,248.501452293396,246.6515655517578,246.6515655517578,6700,0.0,0.0
2011-12-15 00:00:00+09:00,244.18511962890625,246.6516359887942,244.18511962890625,244.18511962890625,5000,0.0,0.0
2011-12-16 00:00:00+09:00,244.18511962890625,245.41837780885024,244.18511962890625,244.18511962890625,5400,0.0,0.0
2011-12-19 00:00:00+09:00,244.18513439302134,248.5015382838071,242.33524701125603,247.26828002929688,5600,0.0,0.0
2011-12-20 00:00:00+09:00,244.18504989624026,246.6515655517578,244.18504989624026,246.6515655517578,2200,0.0,0.0
2011-12-21 00:00:00+09:00,249.73480224609375,251.58468967013889,249.11817310474538,249.73480224609375,12700,0.0,0.0
2011-12-22 00:00:00+09:00,249.7347837335923,251.5846710205078,248.5015255423153,251.5846710205078,10200,0.0,0.0
2011-12-26 00:00:00+09:00,255.28445479339373,255.28445479339373,251.5846800862431,252.20130920410156,22400,0.0,0.0
2011-12-27 00:00:00+09:00,250.9679993792278,253.4345153436428,250.9679993792278,252.81788635253906,6400,0.0,0.0
2011-12-28 00:00:00+09:00,255.2844911441387,255.9011203498009,252.81797432149003,254.66786193847656,7000,0.0,0.0
2011-12-29 00:00:00+09:00,256.51774955546307,256.51774955546307,254.05123273281438,254.66786193847656,5500,0.0,0.0
2011-12-30 00:00:00+09:00,253.43457264877392,257.7509765625,253.43457264877392,257.7509765625,4700,0.0,0.0
2012-01-04 00:00:00+09:00,260.83404895871183,266.3837095748546,260.83404895871183,265.15045166015625,9400,0.0,0.0
2012-01-05 00:00:00+09:00,265.15045166015625,270.08348331894985,264.533822702807,265.15045166015625,10200,0.0,0.0
2012-01-06 00:00:00+09:00,265.1505068210369,265.1505068210369,262.0673613928853,262.6839904785156,6000,0.0,0.0
2012-01-10 00:00:00+09:00,267.61703824001233,268.8502964807497,263.91726351780017,265.76715087890625,9800,0.0,0.0
2012-01-11 00:00:00+09:00,269.466882296027,270.0835113172994,267.0003662109375,267.0003662109375,5800,0.0,0.0
2012-01-12 00:00:00+09:00,263.91724543360283,265.76713266795053,261.45072912113926,264.53387451171875,4700,0.0,0.0
2012-01-13 00:00:00+09:00,262.6839358307594,265.15045166015625,262.06730687341025,265.15045166015625,4000,0.0,0.0
2012-01-16 00:00:00+09:00,270.0835174630381,270.0835174630381,267.00037228651945,269.4668884277344,8300,0.0,0.0
2012-01-17 00:00:00+09:00,269.466900704921,270.700158831717,267.61701351472703,268.233642578125,11100,0.0,0.0
2012-01-18 00:00:00+09:00,271.31676630142636,271.31676630142636,268.8502502441406,268.8502502441406,8500,0.0,0.0
2012-01-19 00:00:00+09:00,265.76715087890625,269.4669256011184,265.76715087890625,265.76715087890625,5700,0.0,0.0
2012-01-20 00:00:00+09:00,266.38377999927496,268.233667360381,262.0673761566941,265.76715087890625,13900,0.0,0.0
2012-01-23 00:00:00+09:00,265.7671051725335,269.4668792584621,265.7671051725335,268.8502502441406,5300,0.0,0.0
2012-01-24 00:00:00+09:00,270.08352976831895,273.1666750853089,266.38375538793105,268.233642578125,13700,0.0,0.0
2012-01-25 00:00:00+09:00,268.23366645242083,271.9334411621094,268.23366645242083,271.9334411621094,8200,0.0,0.0
2012-01-26 00:00:00+09:00,272.55008275199316,272.55008275199316,268.85030787300684,270.7001953125,8700,0.0,0.0
2012-01-27 00:00:00+09:00,265.76715087890625,268.8502964807497,265.76715087890625,265.76715087890625,5300,0.0,0.0
2012-01-30 00:00:00+09:00,270.70014960644977,270.70014960644977,267.0003753521475,267.61700439453125,6500,0.0,0.0
2012-01-31 00:00:00+09:00,271.3168129622245,272.5500712029619,261.4507470363254,265.76715087890625,18700,0.0,0.0
2012-02-01 00:00:00+09:00,262.6840052770628,265.76715087890625,262.0673761566941,265.76715087890625,12200,0.0,0.0
2012-02-02 00:00:00+09:00,262.6839630620309,268.2336242534822,262.0673340407585,267.0003662109375,9400,0.0,0.0
2012-02-03 00:00:00+09:00,265.1505068210369,265.7671359066672,262.6839904785156,262.6839904785156,5600,0.0,0.0
2012-02-06 00:00:00+09:00,263.3006303117082,275.016583416913,263.3006303117082,273.7833251953125,33800,0.0,0.0
2012-02-07 00:00:00+09:00,273.7833251953125,276.24984163851354,272.550066973712,273.7833251953125,18800,0.0,0.0
2012-02-08 00:00:00+09:00,266.3837432512157,269.4668884277344,264.53385614530447,269.4668884277344,36900,0.0,0.0
2012-02-09 00:00:00+09:00,269.4668853759766,271.3167724609375,268.8502563476563,271.3167724609375,9200,0.0,0.0
2012-02-10 00:00:00+09:00,270.0835205640661,270.0835205640661,265.15048822499637,267.61700439453125,13400,0.0,0.0
2012-02-13 00:00:00+09:00,268.233642578125,268.85027164152297,268.233642578125,268.233642578125,5900,0.0,0.0
2012-02-14 00:00:00+09:00,268.85030787300684,270.7001953125,267.6170495800114,270.7001953125,8600,0.0,0.0
2012-02-15 00:00:00+09:00,270.08356616600224,272.55008275199316,268.2336787265091,270.7001953125,7800,0.0,0.0
2012-02-16 00:00:00+09:00,270.0835948520236,270.0835948520236,265.7671903680872,266.3838195800781,13100,0.0,0.0
2012-02-17 00:00:00+09:00,269.466900704921,270.700158831717,268.233642578125,268.233642578125,3400,0.0,0.0
2012-02-20 00:00:00+09:00,271.3167693598441,271.3167693598441,266.3837371896651,267.0003662109375,18000,0.0,0.0
2012-02-21 00:00:00+09:00,267.0003813303769,270.0835266113281,267.0003813303769,270.0835266113281,7000,0.0,0.0
2012-02-22 00:00:00+09:00,273.1666534834378,276.24979855661434,270.70013742489664,275.01654052734375,15400,0.0,0.0
2012-02-23 00:00:00+09:00,277.48310565948486,277.48310565948486,275.0165891647339,276.2498474121094,14600,0.0,0.0
2012-02-24 00:00:00+09:00,276.24981971153846,283.6493684538118,276.24981971153846,280.56622314453125,20300,0.0,0.0
2012-02-27 00:00:00+09:00,283.0326998480435,292.8987634593043,282.41607087233973,286.1158447265625,25100,0.0,0.0
2012-02-28 00:00:00+09:00,286.1159578327484,286.7325870522155,282.4161825159456,285.49932861328125,16500,0.0,0.0
2012-02-29 00:00:00+09:00,289.8157276826746,289.8157276826746,282.4161771886489,283.0328063964844,18700,0.0,0.0
2012-03-01 00:00:00+09:00,283.6493716619711,286.732517006123,278.09971004249775,278.7163391113281,27300,0.0,0.0
2012-03-02 00:00:00+09:00,284.8826450205997,284.8826450205997,278.0997249010616,281.79949951171875,12000,0.0,0.0
2012-03-05 00:00:00+09:00,287.3491721062911,292.8988342285156,287.3491721062911,292.8988342285156,48100,0.0,0.0
2012-03-06 00:00:00+09:00,292.2821869477157,292.8988160341033,289.81567060216537,291.6655578613281,26200,0.0,0.0
2012-03-07 00:00:00+09:00,288.58241242939016,291.6655578613281,286.7325251702274,291.6655578613281,12100,0.0,0.0
2012-03-08 00:00:00+09:00,292.8988398987963,296.59861471857056,291.6655816255382,295.3653564453125,23600,0.0,0.0
2012-03-09 00:00:00+09:00,295.98190023291926,297.831787109375,293.51538439764494,297.831787109375,20400,0.0,0.0
2012-03-12 00:00:00+09:00,289.81561858078527,295.36527936211945,286.1158447265625,286.1158447265625,61300,0.0,0.0
2012-03-13 00:00:00+09:00,285.4992890461183,289.1990638501716,284.26603077810046,284.8826599121094,30700,0.0,0.0
2012-03-14 00:00:00+09:00,286.73254731413607,290.4323221181894,284.8826599121094,284.8826599121094,29800,0.0,0.0
2012-03-15 00:00:00+09:00,285.4992340480821,288.58237912419526,285.4992340480821,287.34912109375,11300,0.0,0.0
2012-03-16 00:00:00+09:00,287.34909693941154,290.43224175635805,286.73246797602224,289.81561279296875,5300,0.0,0.0
2012-03-19 00:00:00+09:00,291.0488586425781,292.89874545598434,289.815600766974,291.0488586425781,13200,0.0,0.0
2012-03-21 00:00:00+09:00,287.9657897949219,290.4323061957349,287.9657897949219,287.9657897949219,15000,0.0,0.0
2012-03-22 00:00:00+09:00,289.81561279296875,291.6654996831366,287.34909693941154,289.81561279296875,9800,0.0,0.0
2012-03-23 00:00:00+09:00,288.58235486619014,290.43224175635805,286.73246797602224,289.81561279296875,17200,0.0,0.0
2012-03-26 00:00:00+09:00,291.0489287749405,294.1320742068784,288.58241242939016,291.6655578613281,38100,0.0,0.0
2012-03-27 00:00:00+09:00,295.98192743894435,295.98192743894435,289.81563728396634,293.5154113769531,30800,0.0,0.0
2012-03-28 00:00:00+09:00,289.1064480868253,293.51547888553506,287.8467250014797,290.99603271484375,17400,10.0,0.0
2012-03-29 00:00:00+09:00,289.1064453125,289.73630684912854,287.8467222392429,289.1064453125,10800,0.0,0.0
2012-03-30 00:00:00+09:00,290.9959931026231,290.9959931026231,285.3272399902344,285.3272399902344,12500,0.0,0.0
2012-04-02 00:00:00+09:00,285.3273171697344,286.5870404243469,282.1780090332031,282.1780090332031,15600,0.0,0.0
2012-04-03 00:00:00+09:00,280.9182713080206,282.8078560926037,278.39882492857646,279.0286865234375,9800,0.0,0.0
2012-04-04 00:00:00+09:00,277.13902265176006,277.13902265176006,273.3598541610542,273.9897155761719,22900,0.0,0.0
2012-04-05 00:00:00+09:00,269.58077324761285,273.9898045857747,268.321050008138,272.1002197265625,12200,0.0,0.0
2012-04-06 00:00:00+09:00,272.1001736359411,275.2494812011719,271.47031212289494,275.2494812011719,9700,0.0,0.0
2012-04-09 00:00:00+09:00,272.7300976791203,273.3599593365779,268.950927734375,268.950927734375,11800,0.0,0.0
2012-04-10 00:00:00+09:00,268.9508239028033,268.9508239028033,267.06123965992646,267.69110107421875,5800,0.0,0.0
2012-04-11 00:00:00+09:00,266.43134105746105,266.43134105746105,263.9118957519531,263.9118957519531,11900,0.0,0.0
2012-04-12 00:00:00+09:00,265.1716881320901,275.87933349609375,265.1716881320901,275.87933349609375,5800,0.0,0.0
2012-04-13 00:00:00+09:00,275.24945681530113,276.50917972978766,270.84042661459836,272.7300109863281,9500,0.0,0.0
2012-04-16 00:00:00+09:00,267.6911007065371,270.21054636024564,261.3924865722656,261.3924865722656,11600,0.0,0.0
2012-04-17 00:00:00+09:00,267.69109197625534,270.84039894068184,266.4313691904847,268.3209533691406,13400,0.0,0.0
2012-04-18 00:00:00+09:00,273.9897804616768,273.9897804616768,265.80158012604045,269.58074951171875,4800,0.0,0.0
2012-04-19 00:00:00+09:00,270.84044489672453,272.1001678962442,270.84044489672453,271.4703063964844,3100,0.0,0.0
2012-04-20 00:00:00+09:00,270.84044489672453,271.4703063964844,268.95086039744507,271.4703063964844,7100,0.0,0.0
2012-04-23 00:00:00+09:00,266.4313691904847,269.58067615491126,265.8015077975994,268.3209533691406,5800,0.0,0.0
2012-04-24 00:00:00+09:00,268.32102638315934,270.8404726402782,268.32102638315934,269.58074951171875,1600,0.0,0.0
2012-04-25 00:00:00+09:00,270.84049648708765,272.1002197265625,270.2106348673502,272.1002197265625,2200,0.0,0.0
2012-04-26 00:00:00+09:00,274.61966620551215,274.61966620551215,271.4703581068251,272.1002197265625,3100,0.0,0.0
2012-04-27 00:00:00+09:00,273.98973083496094,274.6195922851562,268.9508392333984,270.8404235839844,5900,0.0,0.0
2012-05-01 00:00:00+09:00,271.47031923839666,271.47031923839666,264.54184241328676,266.4314270019531,6300,0.0,0.0
2012-05-02 00:00:00+09:00,265.801513671875,267.0612364854858,262.65220663784805,265.801513671875,7600,0.0,0.0
2012-05-07 00:00:00+09:00,265.8015933082217,265.8015933082217,263.28214692615325,264.5418701171875,4800,0.0,0.0
2012-05-08 00:00:00+09:00,264.541818045236,270.2105712890625,264.541818045236,270.2105712890625,2300,0.0,0.0
2012-05-09 00:00:00+09:00,265.80147973108404,265.80147973108404,262.65217309919916,263.9118957519531,2900,0.0,0.0
2012-05-10 00:00:00+09:00,262.6522853306362,270.8404860723586,260.7627005440848,264.5418701171875,7800,0.0,0.0
2012-05-11 00:00:00+09:00,284.69738797148966,284.69738797148966,278.3987731933594,278.3987731933594,41100,0.0,0.0
2012-05-14 00:00:00+09:00,283.4376187932571,283.4376187932571,280.28831191777647,281.54803466796875,17400,0.0,0.0
2012-05-15 00:00:00+09:00,280.28834533691406,286.5869598388672,273.98973083496094,283.4376525878906,27200,0.0,0.0
2012-05-16 00:00:00+09:00,279.65845309170805,280.28831447254527,276.50914618752216,277.1390075683594,6400,0.0,0.0
2012-05-17 00:00:00+09:00,279.6584686622191,282.17791432584266,277.13902299859546,280.288330078125,10300,0.0,0.0
2012-05-18 00:00:00+09:00,279.65850886331725,279.65850886331725,271.4703092794814,273.3598937988281,7000,0.0,0.0
2012-05-21 00:00:00+09:00,273.3598545031601,280.288330078125,272.1001316713483,280.288330078125,6700,0.0,0.0
2012-05-22 00:00:00+09:00,284.0675939151219,284.0675939151219,281.5481474058968,282.1780090332031,14200,0.0,0.0
2012-05-23 00:00:00+09:00,285.95713566664625,285.95713566664625,280.9182434082031,280.9182434082031,12300,0.0,0.0
2012-05-24 00:00:00+09:00,285.3273810071586,285.3273810071586,280.9183486295645,284.0676574707031,15100,0.0,0.0
2012-05-25 00:00:00+09:00,287.21682128906247,287.21682128906247,281.5480682373047,283.4376525878906,13600,0.0,0.0
2012-05-28 00:00:00+09:00,288.4765472748948,288.4765472748948,284.0675170763702,285.3272399902344,9300,0.0,0.0
2012-05-29 00:00:00+09:00,289.1064453125,289.73630684912854,285.9571376293573,289.1064453125,15500,0.0,0.0
2012-05-30 00:00:00+09:00,292.2556885813439,296.0348569681716,292.2556885813439,293.5154113769531,16400,0.0,0.0
2012-05-31 00:00:00+09:00,298.5543889471825,299.8141121072972,294.1453578867811,296.0349426269531,28200,0.0,0.0
2012-06-01 00:00:00+09:00,298.55436175945766,298.55436175945766,290.36616196436705,291.6258850097656,16000,0.0,0.0
2012-06-04 00:00:00+09:00,280.28834847324714,280.28834847324714,265.80153495665235,272.7300109863281,31400,0.0,0.0
2012-06-05 00:00:00+09:00,270.21057398179,278.3987731933594,270.21057398179,278.3987731933594,5900,0.0,0.0
2012-06-06 00:00:00+09:00,282.80777294867863,284.6973571777344,278.39874308088184,284.6973571777344,6900,0.0,0.0
2012-06-07 00:00:00+09:00,285.95706255682586,292.25567626953125,285.95706255682586,292.25567626953125,10900,0.0,0.0
2012-06-08 00:00:00+09:00,294.7751433341734,296.0348661689348,290.3661134125084,292.88555908203125,14000,0.0,0.0
2012-06-11 00:00:00+09:00,296.03484780681214,297.9244319417492,290.36609540200084,294.145263671875,7400,0.0,0.0
2012-06-12 00:00:00+09:00,293.51543879761005,297.9244689941406,291.62585442766834,297.9244689941406,4100,0.0,0.0
2012-06-13 00:00:00+09:00,296.6647091851245,296.6647091851245,294.145263671875,294.145263671875,2300,0.0,0.0
2012-06-14 00:00:00+09:00,289.1064056396484,290.99598999023436,283.4376525878906,283.4376525878906,7400,0.0,0.0
2012-06-15 00:00:00+09:00,286.5869900247325,292.8856051901112,286.5869900247325,289.7362976074219,9000,0.0,0.0
2012-06-18 00:00:00+09:00,292.88560805516414,295.4050541459613,287.8467158735699,291.6258850097656,11100,0.0,0.0
2012-06-19 00:00:00+09:00,292.8855409152503,294.7751250501874,292.2556795369379,294.145263671875,4400,0.0,0.0
2012-06-20 00:00:00+09:00,296.0348273525719,303.59316337008437,296.0348273525719,299.8139953613281,20000,0.0,0.0
2012-06-21 00:00:00+09:00,299.81409616570727,299.81409616570727,298.55437307257404,299.1842346191406,9100,0.0,0.0
2012-06-22 00:00:00+09:00,297.92449030493884,298.5543518066406,293.5154597930264,298.5543518066406,6300,0.0,0.0
2012-06-25 00:00:00+09:00,299.81409616570727,299.81409616570727,297.9245115260074,299.1842346191406,9200,0.0,0.0
2012-06-26 00:00:00+09:00,298.55433045078786,300.44391482072956,297.2946075374934,297.9244689941406,4500,0.0,0.0
2012-06-27 00:00:00+09:00,298.5543518066406,298.5543518066406,298.5543518066406,298.5543518066406,1000,0.0,0.0
2012-06-28 00:00:00+09:00,300.4439208602109,302.3335052681367,298.55433645228504,301.7036437988281,7500,0.0,0.0
2012-06-29 00:00:00+09:00,301.70374941234746,305.4829195511242,298.5544409633668,304.8530578613281,14900,0.0,0.0
2012-07-02 00:00:00+09:00,304.852923508007,306.11264633242024,303.59320068359375,303.59320068359375,13200,0.0,0.0
2012-07-03 00:00:00+09:00,305.4829195511242,306.11278124092036,304.8530578613281,304.8530578613281,8800,0.0,0.0
2012-07-04 00:00:00+09:00,306.74250178081996,306.74250178081996,303.5931947810169,306.1126403808594,10100,0.0,0.0
2012-07-05 00:00:00+09:00,305.48277576517614,307.372359945167,303.59319158518537,304.2230529785156,15100,0.0,0.0
2012-07-06 00:00:00+09:00,304.22315642366704,306.1127412461743,303.59329481616464,305.4828796386719,13000,0.0,0.0
2012-07-09 00:00:00+09:00,305.48278492021365,306.11264633242024,302.3334778591805,303.59320068359375,16300,0.0,0.0
2012-07-10 00:00:00+09:00,304.85293886157274,306.7425231933594,302.96335452978616,306.7425231933594,9100,0.0,0.0
2012-07-11 00:00:00+09:00,304.8528860396698,304.8528860396698,297.2945500221573,299.8139953613281,10100,0.0,0.0
2012-07-12 00:00:00+09:00,302.9634467870684,302.9634467870684,299.18427697267674,300.4440002441406,4700,0.0,0.0
2012-07-13 00:00:00+09:00,299.1841340265354,301.7035793657062,298.5542726917427,299.8139953613281,6100,0.0,0.0
2012-07-17 00:00:00+09:00,302.9634467870684,302.9634467870684,299.18427697267674,300.4440002441406,6400,0.0,0.0
2012-07-18 00:00:00+09:00,302.3335266113281,302.3335266113281,297.2946345011393,302.3335266113281,7300,0.0,0.0
2012-07-19 00:00:00+09:00,299.81413860840865,302.9634467870684,298.55441533694477,300.4440002441406,2600,0.0,0.0
2012-07-20 00:00:00+09:00,299.1842346191406,301.7036808054071,299.1842346191406,299.1842346191406,3500,0.0,0.0
2012-07-23 00:00:00+09:00,299.18422035548997,299.8140818720278,289.7362976074219,289.7362976074219,12600,0.0,0.0
2012-07-24 00:00:00+09:00,289.10638473282995,299.8140286118237,289.10638473282995,295.4049987792969,8200,0.0,0.0
2012-07-25 00:00:00+09:00,290.36615912395973,296.6647742893385,287.84671305780824,289.7362976074219,12500,0.0,0.0
2012-07-26 00:00:00+09:00,296.66480420701043,297.2946657870678,291.6259115665517,296.0349426269531,13900,0.0,0.0
2012-07-27 00:00:00+09:00,299.1842070384006,301.07379150390625,298.5543455498987,301.07379150390625,2800,0.0,0.0
2012-07-30 00:00:00+09:00,302.33352081685126,302.33352081685126,294.1453212947282,298.5543518066406,6400,0.0,0.0
2012-07-31 00:00:00+09:00,297.92449030493884,298.5543518066406,295.40504429813177,298.5543518066406,7100,0.0,0.0
2012-08-01 00:00:00+09:00,295.40502316755175,297.9244689941406,292.2557158843156,297.9244689941406,2200,0.0,0.0
2012-08-02 00:00:00+09:00,297.92445360493457,297.92445360493457,287.846670819144,294.775146484375,5200,0.0,0.0
2012-08-03 00:00:00+09:00,291.6258148982607,293.51539901207235,290.9959535269902,292.25567626953125,5200,0.0,0.0
2012-08-06 00:00:00+09:00,290.99596894677,295.4049987792969,285.32721630494984,295.4049987792969,7400,0.0,0.0
2012-08-07 00:00:00+09:00,286.5869691164828,289.7362764694112,277.76890852828336,282.80780029296875,27300,0.0,0.0
2012-08-08 00:00:00+09:00,277.7688816711966,285.95707999710487,277.7688816711966,284.6973571777344,5500,0.0,0.0
2012-08-09 00:00:00+09:00,285.3272217467591,286.5869445800781,285.3272217467591,286.5869445800781,2200,0.0,0.0
2012-08-10 00:00:00+09:00,285.95710144716645,285.95710144716645,282.17793270557394,285.3272399902344,5300,0.0,0.0
2012-08-13 00:00:00+09:00,285.3272248647098,289.1063934059643,284.69736344116745,288.4765319824219,3500,0.0,0.0
2012-08-14 00:00:00+09:00,288.476508041908,294.1452603833429,286.5869239280964,292.25567626953125,10500,0.0,0.0
2012-08-15 00:00:00+09:00,290.9959535269902,292.88553764080183,287.8466466706375,292.25567626953125,7800,0.0,0.0
2012-08-16 00:00:00+09:00,292.8855409152503,296.03484780681214,292.2556795369379,294.145263671875,4500,0.0,0.0
2012-08-17 00:00:00+09:00,296.0348693325988,296.0348693325988,291.62583936381543,294.775146484375,7000,0.0,0.0
2012-08-20 00:00:00+09:00,298.5542726917427,302.33344070049895,293.51538201340105,299.8139953613281,10000,0.0,0.0
2012-08-21 00:00:00+09:00,299.8140593909023,302.96336673744537,299.18419792159364,301.7036437988281,4800,0.0,0.0
2012-08-22 00:00:00+09:00,304.8529511453712,304.8529511453712,290.366137351273,301.7036437988281,6900,0.0,0.0
2012-08-23 00:00:00+09:00,297.2946657870678,297.92452736712517,293.5154963067237,296.0349426269531,4500,0.0,0.0
2012-08-24 00:00:00+09:00,294.1453002542573,298.55433045078786,294.1453002542573,297.9244689941406,7000,0.0,0.0
2012-08-27 00:00:00+09:00,298.5543025593901,298.5543025593901,293.5154113769531,293.5154113769531,4300,0.0,0.0
2012-08-28 00:00:00+09:00,292.25576510812095,294.14534979632003,289.73631885718885,290.3661804199219,7100,0.0,0.0
2012-08-29 00:00:00+09:00,290.3660921557196,299.8140127247778,290.3660921557196,292.25567626953125,8000,0.0,0.0
2012-08-30 00:00:00+09:00,287.21682436103066,290.36613164569104,285.3272399902344,285.3272399902344,9600,0.0,0.0
2012-08-31 00:00:00+09:00,284.6973599894663,285.3272214053722,277.13902299859546,280.288330078125,6100,0.0,0.0
2012-09-03 00:00:00+09:00,283.4376743861607,283.4376743861607,276.5091979011657,277.7689208984375,6000,0.0,0.0
2012-09-04 00:00:00+09:00,272.7300109863281,273.35987244357136,268.32098078562535,272.7300109863281,13000,0.0,0.0
2012-09-05 00:00:00+09:00,270.84041739409827,272.1001402656987,265.1716644718962,267.0612487792969,10600,0.0,0.0
2012-09-06 00:00:00+09:00,267.06122332317074,267.06122332317074,255.09385718368904,258.2431640625,14200,0.0,0.0
2012-09-07 00:00:00+09:00,262.65228271484375,265.17172907182066,260.13283635786684,262.65228271484375,11600,0.0,0.0
2012-09-10 00:00:00+09:00,264.54179400275734,272.1001309742647,264.54179400275734,267.69110107421875,5500,0.0,0.0
2012-09-11 00:00:00+09:00,267.69113739792544,272.1001678962442,267.69113739792544,271.4703063964844,4200,0.0,0.0
2012-09-12 00:00:00+09:00,272.1001645440925,276.50919498809395,272.1001645440925,275.87933349609375,4300,0.0,0.0
2012-09-13 00:00:00+09:00,277.13906574031034,277.13906574031034,272.1001736359411,275.2494812011719,5900,0.0,0.0
2012-09-14 00:00:00+09:00,278.3988316564191,279.0286932665015,273.9898003858423,276.5092468261719,11500,0.0,0.0
2012-09-18 00:00:00+09:00,270.84044489672453,276.509198394563,270.21058339696475,271.4703063964844,10100,0.0,0.0
2012-09-19 00:00:00+09:00,272.7299927459366,275.24943840640714,272.7299927459366,273.9897155761719,5200,0.0,0.0
2012-09-20 00:00:00+09:00,273.989755305277,273.989755305277,270.84044777303245,273.3598937988281,20700,0.0,0.0
2012-09-21 00:00:00+09:00,272.1001222942947,274.61956787109375,271.47026090009496,274.61956787109375,5200,0.0,0.0
2012-09-24 00:00:00+09:00,270.8404235839844,272.100146484375,267.6911163330078,270.8404235839844,8700,0.0,0.0
2012-09-25 00:00:00+09:00,272.7300705748272,279.0286865234375,270.8404857902441,279.0286865234375,10500,0.0,0.0
2012-09-26 00:00:00+09:00,280.9618238366169,281.6062316894531,276.45096886676293,281.6062316894531,5800,10.0,0.0
2012-09-27 00:00:00+09:00,279.0286216558412,279.0286216558412,276.45099004701126,277.09539794921875,4400,0.0,0.0
2012-09-28 00:00:00+09:00,277.09537946260895,277.09537946260895,261.62959084144006,268.07366943359375,14200,0.0,0.0
2012-10-01 00:00:00+09:00,270.6513008704552,270.6513008704552,262.9184065598708,268.07366943359375,2800,0.0,0.0
2012-10-02 00:00:00+09:00,271.94005615819844,271.94005615819844,268.718017578125,268.718017578125,2500,0.0,0.0
2012-10-03 00:00:00+09:00,273.8734072730655,273.8734072730655,269.36255115327384,270.6513671875,4900,0.0,0.0
2012-10-04 00:00:00+09:00,272.5845654325665,273.2289733886719,268.073709739829,273.2289733886719,5800,0.0,0.0
2012-10-05 00:00:00+09:00,272.58456174438186,272.58456174438186,270.65133790222313,271.2957458496094,3200,0.0,0.0
2012-10-09 00:00:00+09:00,271.295711389569,273.2289349861693,268.7180799274353,269.36248779296875,4500,0.0,0.0
2012-10-10 00:00:00+09:00,270.006952110696,271.29576811122433,264.20728010831823,266.784912109375,11500,0.0,0.0
2012-10-11 00:00:00+09:00,266.1404484653017,270.0068956585022,265.49604059976826,269.36248779296875,4900,0.0,0.0
2012-10-12 00:00:00+09:00,266.78487780494413,267.42928572234734,257.7631669612987,264.8516540527344,15700,0.0,0.0
2012-10-15 00:00:00+09:00,262.27400127210115,270.0068956585022,262.27400127210115,269.36248779296875,4100,0.0,0.0
2012-10-16 00:00:00+09:00,269.36255115327384,271.9401832217262,262.9184709821429,270.6513671875,5500,0.0,0.0
2012-10-17 00:00:00+09:00,270.0068956585022,270.0068956585022,268.7180799274353,269.36248779296875,5500,0.0,0.0
2012-10-18 00:00:00+09:00,270.0068956585022,270.0068956585022,268.07367206190196,269.36248779296875,7200,0.0,0.0
2012-10-19 00:00:00+09:00,269.36252200745065,271.2957458496094,267.42929816529187,271.2957458496094,4800,0.0,0.0
2012-10-22 00:00:00+09:00,267.4293053513109,275.1622009277344,267.4293053513109,275.1622009277344,7400,0.0,0.0
2012-10-23 00:00:00+09:00,273.2289770336285,275.8066088924363,271.9401611042246,275.1622009277344,3700,0.0,0.0
2012-10-24 00:00:00+09:00,272.584573838661,277.7398376464844,270.6513499107272,277.7398376464844,6700,0.0,0.0
2012-10-25 00:00:00+09:00,273.87335717261254,276.45098876953125,270.00690977723445,276.45098876953125,6700,0.0,0.0
2012-10-26 00:00:00+09:00,276.4510168571383,277.7398327865422,270.6513451748207,275.1622009277344,8000,0.0,0.0
2012-10-29 00:00:00+09:00,275.16222914751836,276.4510452090993,271.2957809627757,273.8734130859375,8100,0.0,0.0
2012-10-30 00:00:00+09:00,274.5177688598633,275.162176767985,252.60789998372394,255.18553161621094,53900,0.0,0.0
2012-10-31 00:00:00+09:00,259.69637932469,262.91841877040576,257.11874776811743,259.0519714355469,31600,0.0,0.0
2012-11-01 00:00:00+09:00,259.6964159316454,262.91845583154173,259.05200795166616,262.2740478515625,5900,0.0,0.0
2012-11-02 00:00:00+09:00,263.5628967285156,266.1405289703593,262.9184886680547,263.5628967285156,8000,0.0,0.0
2012-11-05 00:00:00+09:00,262.2740186055501,263.5628344217936,259.6963869730631,262.9184265136719,6900,0.0,0.0
2012-11-06 00:00:00+09:00,260.3408508300781,262.2740749699054,259.696442783469,260.3408508300781,7000,0.0,0.0
2012-11-07 00:00:00+09:00,270.6513035240356,270.6513035240356,263.562817003168,269.36248779296875,18900,0.0,0.0
2012-11-08 00:00:00+09:00,267.4293201096392,267.4293201096392,265.49609610884664,266.784912109375,8300,0.0,0.0
2012-11-09 00:00:00+09:00,266.1405029296875,266.78491092709595,264.2072789374622,266.1405029296875,6000,0.0,0.0
2012-11-12 00:00:00+09:00,266.1404686160204,266.7848765303449,264.2072448730469,264.2072448730469,8200,0.0,0.0
2012-11-13 00:00:00+09:00,262.9184303005246,265.49606197013765,262.2740223831214,264.8516540527344,7900,0.0,0.0
2012-11-14 00:00:00+09:00,264.207266909313,264.207266909313,259.6964111328125,259.6964111328125,5800,0.0,0.0
2012-11-15 00:00:00+09:00,262.91845583154173,264.2072717915003,260.985231891604,262.2740478515625,10200,0.0,0.0
2012-11-16 00:00:00+09:00,265.49609493227905,267.4293189245044,265.49609493227905,266.1405029296875,4700,0.0,0.0
2012-11-19 00:00:00+09:00,266.1404798412095,271.29574337324266,266.1404798412095,270.0069274902344,8000,0.0,0.0
2012-11-20 00:00:00+09:00,270.6513035240356,271.295711389569,268.7180799274353,269.36248779296875,8000,0.0,0.0
2012-11-21 00:00:00+09:00,270.0069591703869,271.9401832217262,269.36255115327384,270.6513671875,7400,0.0,0.0
2012-11-22 00:00:00+09:00,270.00696147900624,272.58459356949794,270.00696147900624,271.940185546875,8400,0.0,0.0
2012-11-26 00:00:00+09:00,273.22900505514707,274.51782111672793,273.22900505514707,273.8734130859375,9400,0.0,0.0
2012-11-27 00:00:00+09:00,273.2289818146389,278.3842456224623,273.2289818146389,277.7398376464844,10300,0.0,0.0
2012-11-28 00:00:00+09:00,277.7398327865422,277.7398327865422,275.1622009277344,275.1622009277344,7700,0.0,0.0
2012-11-29 00:00:00+09:00,277.09542359544633,277.7398315572962,273.2289758243471,274.5177917480469,9000,0.0,0.0
2012-11-30 00:00:00+09:00,275.80658214480377,277.09539794921875,275.80658214480377,277.09539794921875,5300,0.0,0.0
2012-12-03 00:00:00+09:00,277.7398400427838,279.0286560058594,277.095432061246,279.0286560058594,6500,0.0,0.0
2012-12-04 00:00:00+09:00,278.3842480243216,279.0286560058594,275.8066160981705,279.0286560058594,6100,0.0,0.0
2012-12-05 00:00:00+09:00,277.09542967050646,278.3842456224623,275.80661371855064,277.7398376464844,3600,0.0,0.0
2012-12-06 00:00:00+09:00,278.384279593894,279.673095703125,276.4510554300475,279.673095703125,10100,0.0,0.0
2012-12-07 00:00:00+09:00,279.0286499451254,280.3174658802068,275.8066101074219,275.8066101074219,7100,0.0,0.0
2012-12-10 00:00:00+09:00,277.095463484663,279.673095703125,277.095463484663,279.673095703125,1600,0.0,0.0
2012-12-11 00:00:00+09:00,279.67309344256364,279.67309344256364,276.45105319552954,278.38427734375,3500,0.0,0.0
2012-12-12 00:00:00+09:00,278.38419111059346,283.5394539089378,278.38419111059346,280.9618225097656,12400,0.0,0.0
2012-12-13 00:00:00+09:00,282.89508056640625,282.89508056640625,280.31744885281717,282.89508056640625,8000,0.0,0.0
2012-12-14 00:00:00+09:00,283.5394872377997,284.18389516334014,282.25067138671875,282.25067138671875,32700,0.0,0.0
2012-12-17 00:00:00+09:00,285.4727147939254,285.4727147939254,283.53949099170916,284.18389892578125,10600,0.0,0.0
2012-12-18 00:00:00+09:00,284.1838787393209,289.3391418457031,283.5394708510231,289.3391418457031,14600,0.0,0.0
2012-12-19 00:00:00+09:00,289.9835561340601,292.5611877441406,289.33914823154,292.5611877441406,8300,0.0,0.0
2012-12-20 00:00:00+09:00,293.2056533576644,293.8500613870219,285.4727570053744,290.6280212402344,12300,0.0,0.0
2012-12-21 00:00:00+09:00,290.6280212402344,290.6280212402344,286.76157306408936,290.6280212402344,10200,0.0,0.0
2012-12-25 00:00:00+09:00,289.9836132108769,290.6280212402344,288.69479715216187,290.6280212402344,8400,0.0,0.0
2012-12-26 00:00:00+09:00,290.6279283311632,291.2723361545139,288.6947048611111,289.9835205078125,13800,0.0,0.0
2012-12-27 00:00:00+09:00,289.9835535910277,293.20559307537246,289.9835535910277,291.2723693847656,14400,0.0,0.0
2012-12-28 00:00:00+09:00,291.2723693847656,294.4944088691104,291.2723693847656,291.2723693847656,15700,0.0,0.0
2013-01-04 00:00:00+09:00,296.42760963939685,296.42760963939685,293.205570404186,295.1387939453125,12100,0.0,0.0
2013-01-07 00:00:00+09:00,297.072053257005,299.00527703091177,295.1388294830983,297.7164611816406,16400,0.0,0.0
2013-01-08 00:00:00+09:00,297.71646243398186,299.0052782886744,296.4276465792893,298.3608703613281,10900,0.0,0.0
2013-01-09 00:00:00+09:00,297.7164371988758,300.9384765625,296.4276214534261,300.9384765625,10300,0.0,0.0
2013-01-10 00:00:00+09:00,301.582921173613,304.8049609297413,301.582921173613,304.1605529785156,17000,0.0,0.0
2013-01-11 00:00:00+09:00,305.44940301192435,306.09381103515625,303.51617894222863,306.09381103515625,11000,0.0,0.0
2013-01-15 00:00:00+09:00,310.60461171468097,312.5378354390462,308.026980082194,309.3157958984375,24400,0.0,0.0
2013-01-16 00:00:00+09:00,314.4710642917097,315.7598801289708,310.6046167799264,311.8934326171875,11600,0.0,0.0
2013-01-17 00:00:00+09:00,312.5378563444493,314.47108019812634,299.0052893687103,304.1605529785156,36700,0.0,0.0
2013-01-18 00:00:00+09:00,308.67138799031574,311.24901962280273,308.67138799031574,309.3157958984375,9300,0.0,0.0
2013-01-21 00:00:00+09:00,310.60461043515136,311.2490183406185,308.0269788132829,308.67138671875,14000,0.0,0.0
2013-01-22 00:00:00+09:00,311.893428810421,312.53783672118635,309.3157971673597,309.960205078125,5100,0.0,0.0
2013-01-23 00:00:00+09:00,310.6047014691341,310.6047014691341,306.7382529031283,308.0270690917969,5300,0.0,0.0
2013-01-24 00:00:00+09:00,309.3158190763449,309.3158190763449,305.4493713378906,305.4493713378906,8400,0.0,0.0
2013-01-25 00:00:00+09:00,310.6046065643054,311.24901446174175,306.0937512822512,306.7381591796875,14600,0.0,0.0
2013-01-28 00:00:00+09:00,309.96025917454773,309.96025917454773,304.80499498869244,306.09381103515625,14200,0.0,0.0
2013-01-29 00:00:00+09:00,308.0269788132829,310.60461043515136,307.38257090781576,308.67138671875,8800,0.0,0.0
2013-01-30 00:00:00+09:00,308.02703742261207,308.67144545069283,306.0938133383697,307.38262939453125,11100,0.0,0.0
2013-01-31 00:00:00+09:00,309.3157946242171,309.3157946242171,307.38257090781576,308.67138671875,4300,0.0,0.0
2013-02-01 00:00:00+09:00,308.67138925659435,311.893428810421,308.67138925659435,309.960205078125,10300,0.0,0.0
2013-02-04 00:00:00+09:00,313.1822191376047,320.91511343729866,308.6713641294499,312.5378112792969,50800,0.0,0.0
2013-02-05 00:00:00+09:00,310.6046831563938,318.98198788882763,309.31586704371165,315.11553955078125,14000,0.0,0.0
2013-02-06 00:00:00+09:00,315.75989017641643,318.3375219329586,315.1154822372809,317.0487060546875,15200,0.0,0.0
2013-02-07 00:00:00+09:00,322.203981923867,326.0704297069534,317.0487182130851,323.4927978515625,40400,0.0,0.0
2013-02-08 00:00:00+09:00,325.42602051755864,325.42602051755864,318.98194090334954,322.848388671875,18400,0.0,0.0
2013-02-12 00:00:00+09:00,324.7816076144366,324.7816076144366,320.270751953125,320.270751953125,18600,0.0,0.0
2013-02-13 00:00:00+09:00,319.62630625667737,319.62630625667737,289.9835439828726,301.5828857421875,53300,0.0,0.0
2013-02-14 00:00:00+09:00,303.5162124314568,311.24910956346844,303.5162124314568,308.0270690917969,11700,0.0,0.0
2013-02-15 00:00:00+09:00,312.53782631226875,312.53782631226875,302.87170797271403,304.804931640625,20800,0.0,0.0
2013-02-18 00:00:00+09:00,303.5161812260466,309.3158534787736,303.5161812260466,307.38262939453125,8600,0.0,0.0
2013-02-19 00:00:00+09:00,311.24901962280273,311.24901962280273,309.3157958984375,309.3157958984375,6600,0.0,0.0
2013-02-20 00:00:00+09:00,311.89343512892236,315.7598826718429,310.60461928128217,313.1822509765625,21700,0.0,0.0
2013-02-21 00:00:00+09:00,315.7598571777344,317.04867292131695,315.1154493059431,315.7598571777344,13000,0.0,0.0
2013-02-22 00:00:00+09:00,315.7599476071223,317.0487637198044,313.8267234380991,315.11553955078125,12600,0.0,0.0
2013-02-25 00:00:00+09:00,317.04870852574646,318.98193235822055,316.4043005815885,318.3375244140625,18400,0.0,0.0
2013-02-26 00:00:00+09:00,316.40429811555197,318.3375219329586,315.75989017641643,317.0487060546875,7900,0.0,0.0
2013-02-27 00:00:00+09:00,318.3375219329586,320.91515368950076,315.75989017641643,317.0487060546875,17600,0.0,0.0
2013-02-28 00:00:00+09:00,317.0487097537879,319.62634154040404,315.7598938604798,318.98193359375,14000,0.0,0.0
2013-03-01 00:00:00+09:00,320.9151623559619,321.5595703125,318.9819384863477,321.5595703125,13600,0.0,0.0
2013-03-04 00:00:00+09:00,321.5595739600193,325.4260217431057,321.5595739600193,323.4927978515625,18300,0.0,0.0
2013-03-05 00:00:00+09:00,324.7816794173049,329.9369441699605,324.7816794173049,326.07049560546875,15600,0.0,0.0
2013-03-06 00:00:00+09:00,331.87008542309474,332.5144933559551,329.9368616245136,331.2256774902344,17000,0.0,0.0
2013-03-07 00:00:00+09:00,318.9819069368293,325.4259858648461,317.0486832584243,320.9151306152344,73100,0.0,0.0
2013-03-08 00:00:00+09:00,325.4260875113868,326.71490369955075,323.49286322914094,326.07049560546875,33800,0.0,0.0
2013-03-11 00:00:00+09:00,326.070409079159,331.2256724638097,322.20396154067095,328.6480407714844,32600,0.0,0.0
2013-03-12 00:00:00+09:00,329.29241546871157,329.9368233267717,326.0703761784111,327.35919189453125,18600,0.0,0.0
2013-03-13 00:00:00+09:00,326.07043336169556,327.35924930383663,325.426025390625,325.426025390625,8200,0.0,0.0
2013-03-14 00:00:00+09:00,329.93685661764704,330.5812645407284,326.71481700224035,328.6480407714844,11200,0.0,0.0
2013-03-15 00:00:00+09:00,328.6480457587928,332.5144933559551,328.6480457587928,331.2256774902344,18400,0.0,0.0
2013-03-18 00:00:00+09:00,330.5812720365302,333.1589037873024,330.5812720365302,332.5144958496094,24100,0.0,0.0
2013-03-19 00:00:00+09:00,338.31414922561936,341.5361887420538,336.3809255157587,338.95855712890625,22500,0.0,0.0
2013-03-21 00:00:00+09:00,340.24735285726825,345.4026157793481,340.24735285726825,344.1138000488281,26800,0.0,0.0
2013-03-22 00:00:00+09:00,344.11379341457206,344.7582012674083,340.8917541503906,340.8917541503906,19100,0.0,0.0
2013-03-25 00:00:00+09:00,342.1805992126465,344.1138229370117,340.24737548828125,340.24737548828125,21900,0.0,0.0
2013-03-26 00:00:00+09:00,340.8918718029204,340.8918718029204,337.02542335146944,338.3142395019531,28500,0.0,0.0
2013-03-27 00:00:00+09:00,337.00030800913476,342.25567343617774,335.0295459739936,339.62799072265625,17900,10.0,0.0
2013-03-28 00:00:00+09:00,336.3434181949807,341.5987841042773,332.4018937630083,340.2849426269531,15500,0.0,0.0
2013-03-29 00:00:00+09:00,336.34341099605524,336.34341099605524,329.7742037500385,333.0588073730469,8700,0.0,0.0
2013-04-01 00:00:00+09:00,329.7741594158235,330.43108005211,319.92034987152596,320.5772705078125,18100,0.0,0.0
2013-04-02 00:00:00+09:00,319.26345894126183,321.23422103349185,317.94961754644186,319.9203796386719,12300,0.0,0.0
2013-04-03 00:00:00+09:00,319.9203521044823,323.2049553088404,319.9203521044823,322.54803466796875,6900,0.0,0.0
2013-04-04 00:00:00+09:00,316.635753240144,326.48956298828125,316.635753240144,326.48956298828125,6100,0.0,0.0
2013-04-05 00:00:00+09:00,329.1172803874992,331.7449632648445,329.1172803874992,330.4311218261719,15300,0.0,0.0
2013-04-08 00:00:00+09:00,331.0880773207721,335.02960205078125,329.7742357441023,335.02960205078125,18500,0.0,0.0
2013-04-09 00:00:00+09:00,337.65728520412074,337.65728520412074,335.02960205078125,335.02960205078125,9000,0.0,0.0
2013-04-10 00:00:00+09:00,335.686430325911,336.3433509332024,333.05874789674533,334.3725891113281,10100,0.0,0.0
2013-04-11 00:00:00+09:00,335.0295695468519,335.6864902714536,332.4018866484452,333.0588073730469,9900,0.0,0.0
2013-04-12 00:00:00+09:00,329.7742017715696,333.7157260955326,329.1172810509091,331.0880432128906,8400,0.0,0.0
2013-04-15 00:00:00+09:00,331.0880432128906,333.7157260955326,330.4311224922301,331.0880432128906,4900,0.0,0.0
2013-04-16 00:00:00+09:00,327.1465759277344,330.43118010371563,327.1465759277344,327.1465759277344,15800,0.0,0.0
2013-04-17 00:00:00+09:00,327.1464562330417,333.0587415866509,327.1464562330417,329.1172180175781,6800,0.0,0.0
2013-04-18 00:00:00+09:00,329.11724780273437,331.088009765625,327.80340649414063,328.4603271484375,5700,0.0,0.0
2013-04-19 00:00:00+09:00,329.77416845703124,331.74493041992184,327.1464858398437,328.4603271484375,7600,0.0,0.0
2013-04-22 00:00:00+09:00,331.7449639335511,334.3726468161931,327.8034396095881,331.0880432128906,12400,0.0,0.0
2013-04-23 00:00:00+09:00,331.7449632648445,331.7449632648445,327.80343894882657,330.4311218261719,9800,0.0,0.0
2013-04-24 00:00:00+09:00,330.4311218261719,331.7449632648445,328.4603596681629,330.4311218261719,23900,0.0,0.0
2013-04-25 00:00:00+09:00,333.7157887093163,333.7157887093163,329.7742636458205,332.4019470214844,17700,0.0,0.0
2013-04-26 00:00:00+09:00,333.7157887093163,333.7157887093163,331.08810533365244,332.4019470214844,9900,0.0,0.0
2013-04-30 00:00:00+09:00,333.0588047035172,333.7157254228535,330.4311218261719,330.4311218261719,12900,0.0,0.0
2013-05-01 00:00:00+09:00,330.4311218261719,335.0295668615262,330.4311218261719,330.4311218261719,10500,0.0,0.0
2013-05-02 00:00:00+09:00,329.7742024336711,333.7157267655477,329.7742024336711,331.7449645996094,11500,0.0,0.0
2013-05-07 00:00:00+09:00,334.372653411984,338.314177813697,334.372653411984,337.6572570800781,24500,0.0,0.0
2013-05-08 00:00:00+09:00,338.9710388183594,340.28488005408946,338.3141182004943,338.9710388183594,22100,0.0,0.0
2013-05-09 00:00:00+09:00,404.6630859375,404.6630859375,404.6630859375,404.6630859375,42000,0.0,0.0
2013-05-10 00:00:00+09:00,407.29087944605845,411.8893248591591,383.64173160725505,392.18170166015625,241000,0.0,0.0
2013-05-13 00:00:00+09:00,397.4369781544919,400.06466065468686,394.15237502924816,394.8092956542969,58400,0.0,0.0
2013-05-14 00:00:00+09:00,397.4370733582147,402.03551883508663,394.80939022857365,398.093994140625,50200,0.0,0.0
2013-05-15 00:00:00+09:00,398.750846606773,399.4077672766359,387.5831952191039,391.52471923828125,38200,0.0,0.0
2013-05-16 00:00:00+09:00,388.8970871497845,390.86784941574626,374.4448305327317,381.0140380859375,42600,0.0,0.0
2013-05-17 00:00:00+09:00,382.3278685522861,401.37856990626597,382.3278685522861,400.7216491699219,45300,0.0,0.0
2013-05-20 00:00:00+09:00,404.00622558593744,407.29082904598573,402.6923842019182,404.0062255859375,54700,0.0,0.0
2013-05-21 00:00:00+09:00,404.6630677526991,421.74300243057274,404.6630677526991,414.5168762207031,65400,0.0,0.0
2013-05-22 00:00:00+09:00,419.1155079775636,419.7724288364626,417.1447454008666,417.8016662597656,28600,0.0,0.0
2013-05-23 00:00:00+09:00,420.42920003119804,421.0861206562468,389.55393065390695,394.8092956542969,57600,0.0,0.0
2013-05-24 00:00:00+09:00,388.8970655447706,400.0647177648063,382.32785835651435,390.2109069824219,40900,0.0,0.0
2013-05-27 00:00:00+09:00,390.210898105536,391.5247395132987,381.01400825119674,381.6709289550781,35000,0.0,0.0
2013-05-28 00:00:00+09:00,374.4447950883345,384.29860548539597,367.8755881569602,375.7586364746094,31100,0.0,0.0
2013-05-29 00:00:00+09:00,381.6709588412581,384.2986418625404,378.38635506465516,381.0140380859375,8300,0.0,0.0
2013-05-30 00:00:00+09:00,381.6709227128462,382.9847640991211,372.4740330089222,375.7586364746094,11900,0.0,0.0
2013-05-31 00:00:00+09:00,379.04323853609856,381.01400060821,373.1309523197643,374.4447937011719,9700,0.0,0.0
2013-06-03 00:00:00+09:00,371.81710029120916,373.1309416349944,363.2771315566054,364.5909729003906,24700,0.0,0.0
2013-06-04 00:00:00+09:00,361.96328518164415,362.62020584440575,354.0802372285049,359.9925231933594,29200,0.0,0.0
2013-06-05 00:00:00+09:00,363.9340464367074,371.16017371252644,359.3356018066406,359.3356018066406,11700,0.0,0.0
2013-06-06 00:00:00+09:00,354.7372361242884,363.27720662357683,344.8834240097248,346.197265625,17600,0.0,0.0
2013-06-07 00:00:00+09:00,340.28494001455346,341.5987814817911,329.7742082766522,337.6572570800781,21700,0.0,0.0
2013-06-10 00:00:00+09:00,350.7955972250406,358.6786443536932,349.4817560369318,354.0802001953125,9100,0.0,0.0
2013-06-11 00:00:00+09:00,355.39416161653037,356.05108243282706,350.1387950861565,351.45263671875,13500,0.0,0.0
2013-06-12 00:00:00+09:00,349.4818087491122,349.4818087491122,342.91260181773794,346.8541259765625,12900,0.0,0.0
2013-06-13 00:00:00+09:00,344.8833575827538,346.1971989449738,338.97107145276374,340.94183349609375,16700,0.0,0.0
2013-06-14 00:00:00+09:00,346.1972038936252,352.7664107986276,342.912600441124,345.540283203125,24900,0.0,0.0
2013-06-17 00:00:00+09:00,345.54026368541327,355.3940734863281,345.54026368541327,355.3940734863281,8400,0.0,0.0
2013-06-18 00:00:00+09:00,352.7663534064042,355.39403574090255,348.82482990465667,349.48175048828125,7500,0.0,0.0
2013-06-19 00:00:00+09:00,355.3940727516457,359.9925173158999,354.08023144757306,354.7371520996094,9300,0.0,0.0
2013-06-20 00:00:00+09:00,354.73715283293376,358.0217560999054,350.79562891256785,355.3940734863281,4400,0.0,0.0
2013-06-21 00:00:00+09:00,348.1679708112248,350.13873291015625,341.5987638147866,350.13873291015625,10200,0.0,0.0
2013-06-24 00:00:00+09:00,354.7372162145212,359.99258238066227,354.7372162145212,358.0218200683594,26000,0.0,0.0
2013-06-25 00:00:00+09:00,356.7080032491238,356.7080032491238,346.19727018837614,351.45263671875,5900,0.0,0.0
2013-06-26 00:00:00+09:00,352.7664086540616,358.02177414611464,341.5987569834488,343.56951904296875,10900,0.0,0.0
2013-06-27 00:00:00+09:00,337.00031422662187,347.5110452746257,328.4603452501188,345.540283203125,21800,0.0,0.0
2013-06-28 00:00:00+09:00,347.51111182096963,352.1095575350467,347.51111182096963,351.45263671875,6200,0.0,0.0
2013-07-01 00:00:00+09:00,355.39416161653037,355.39416161653037,348.82495345356307,351.45263671875,7700,0.0,0.0
2013-07-02 00:00:00+09:00,351.4525777256622,355.3941019618378,351.4525777256622,353.42333984375,7200,0.0,0.0
2013-07-03 00:00:00+09:00,356.7080078125,357.36492863720076,354.08032451369706,356.7080078125,16500,0.0,0.0
2013-07-04 00:00:00+09:00,357.36483544651105,360.64943871348265,355.3940734863281,355.3940734863281,8500,0.0,0.0
2013-07-05 00:00:00+09:00,358.0218255218616,365.9048748911503,357.36490474108757,363.9341125488281,24500,0.0,0.0
2013-07-08 00:00:00+09:00,376.4155205259932,376.4155205259932,368.5324729757106,370.50323486328125,19300,0.0,0.0
2013-07-09 00:00:00+09:00,370.5032971924691,375.75866311009275,369.84637645276615,371.817138671875,8600,0.0,0.0
2013-07-10 00:00:00+09:00,375.1017150878907,380.3570806232727,374.4447943959679,375.1017150878906,19800,0.0,0.0
2013-07-11 00:00:00+09:00,375.7586350825795,376.4155557732833,371.16019024765285,374.4447937011719,8000,0.0,0.0
2013-07-12 00:00:00+09:00,374.4448576554008,381.0140656844429,374.4448576554008,377.7294616699219,8500,0.0,0.0
2013-07-16 00:00:00+09:00,379.04324271943835,382.9847669071621,378.3863220214844,378.3863220214844,8100,0.0,0.0
2013-07-17 00:00:00+09:00,379.0433032757303,380.3571448815387,376.41562006411345,377.7294616699219,9600,0.0,0.0
2013-07-18 00:00:00+09:00,379.043212890625,379.70013353688256,377.7293715981098,379.043212890625,6600,0.0,0.0
2013-07-19 00:00:00+09:00,381.6709191593123,381.6709191593123,371.1601881669732,372.4740295410156,5100,0.0,0.0
2013-07-22 00:00:00+09:00,371.16019024765285,374.4447937011719,371.16019024765285,374.4447937011719,3700,0.0,0.0
2013-07-23 00:00:00+09:00,374.4447916020792,374.4447916020792,372.4740295410156,372.4740295410156,1700,0.0,0.0
2013-07-24 00:00:00+09:00,375.7586644132372,376.4155851552184,372.4740607033313,373.1309814453125,1000,0.0,0.0
2013-07-25 00:00:00+09:00,373.1309530121224,377.7293978555817,373.1309530121224,375.1017150878906,7000,0.0,0.0
2013-07-26 00:00:00+09:00,375.758599896803,377.7293617843736,370.50323486328125,370.50323486328125,23400,0.0,0.0
2013-07-29 00:00:00+09:00,369.1894117282121,369.1894117282121,358.02176048376447,359.3356018066406,14500,0.0,0.0
2013-07-30 00:00:00+09:00,359.3356950239702,361.96337835138496,359.3356950239702,361.30645751953125,11500,0.0,0.0
2013-07-31 00:00:00+09:00,360.6495361328125,365.2479819487136,360.6495361328125,360.6495361328125,7700,0.0,0.0
2013-08-01 00:00:00+09:00,360.64944886903504,369.8463382755314,359.99252819714246,364.5909729003906,8100,0.0,0.0
2013-08-02 00:00:00+09:00,369.84635023637253,377.07247786088425,365.9048260775479,375.7586364746094,14700,0.0,0.0
2013-08-05 00:00:00+09:00,375.7586371669803,377.072478555676,374.4447957782845,376.4155578613281,6100,0.0,0.0
2013-08-06 00:00:00+09:00,381.0140461141705,389.55401611328125,375.75867996087163,389.55401611328125,20300,0.0,0.0
2013-08-07 00:00:00+09:00,369.18940319676125,379.70013353688256,365.24787931921577,379.043212890625,29200,0.0,0.0
2013-08-08 00:00:00+09:00,375.7586096593371,379.70013353688256,369.18940319676125,379.043212890625,19000,0.0,0.0
2013-08-09 00:00:00+09:00,375.1017150878907,376.4155564717362,371.8171116282769,375.1017150878906,24100,0.0,0.0
2013-08-12 00:00:00+09:00,375.758599896803,375.758599896803,369.84631423409104,370.50323486328125,6100,0.0,0.0
2013-08-13 00:00:00+09:00,370.5032688670502,373.7878723144531,368.53250679860844,373.7878723144531,14200,0.0,0.0
2013-08-14 00:00:00+09:00,373.7878723144531,373.7878723144531,372.47403093549195,373.7878723144531,4500,0.0,0.0
2013-08-15 00:00:00+09:00,373.78786737299475,373.78786737299475,368.53250192662574,369.1894226074219,6700,0.0,0.0
2013-08-16 00:00:00+09:00,367.87558194799067,371.8171060402906,366.5617405838907,369.8463439941406,13100,0.0,0.0
2013-08-19 00:00:00+09:00,368.5325866699219,369.1895075017756,361.30645751953125,361.30645751953125,28000,0.0,0.0
2013-08-20 00:00:00+09:00,361.30636740421903,365.90481208027273,358.02176406418073,362.6202087402344,11600,0.0,0.0
2013-08-21 00:00:00+09:00,360.64944312951684,361.30636379095495,358.02176048376447,359.3356018066406,13200,0.0,0.0
2013-08-22 00:00:00+09:00,359.9925872637178,363.2771911621093,358.0218249246828,363.2771911621094,15400,0.0,0.0
2013-08-23 00:00:00+09:00,363.93405222849805,369.1894176036388,361.3063695409277,364.5909729003906,6900,0.0,0.0
2013-08-26 00:00:00+09:00,367.21871645269846,367.21871645269846,363.2771917680541,363.9341125488281,8800,0.0,0.0
2013-08-27 00:00:00+09:00,367.2187450062145,367.2187450062145,358.6787741921165,361.30645751953125,7000,0.0,0.0
2013-08-28 00:00:00+09:00,358.0218528094405,360.6495361328125,356.7080111477544,360.6495361328125,7500,0.0,0.0
2013-08-29 00:00:00+09:00,361.30642454266115,361.30642454266115,354.73721682370365,358.6787414550781,11900,0.0,0.0
2013-08-30 00:00:00+09:00,358.67877028660223,359.33569111130294,355.39416616309853,356.7080078125,8400,0.0,0.0
2013-09-02 00:00:00+09:00,359.99258299886964,361.30642454266115,357.3648999112866,358.6787414550781,12100,0.0,0.0
2013-09-03 00:00:00+09:00,362.6202385931828,363.934080037361,358.67871426064823,361.96331787109375,12000,0.0,0.0
2013-09-04 00:00:00+09:00,358.67871426064823,361.96331787109375,358.67871426064823,361.96331787109375,7200,0.0,0.0
2013-09-05 00:00:00+09:00,363.2771911621093,363.2771911621093,361.3064288230744,363.2771911621094,7100,0.0,0.0
2013-09-06 00:00:00+09:00,364.591032721466,364.591032721466,359.33566648403945,363.2771911621094,10100,0.0,0.0
2013-09-09 00:00:00+09:00,367.2186605650335,370.5032639690141,366.56173988423734,369.1894226074219,12100,0.0,0.0
2013-09-10 00:00:00+09:00,371.1601867675781,372.47402813666685,369.84634539848935,371.1601867675781,15500,0.0,0.0
2013-09-11 00:00:00+09:00,373.13098015128094,374.4448216306869,371.16021793217203,371.817138671875,10000,0.0,0.0
2013-09-12 00:00:00+09:00,371.8171102460114,373.7878723144531,371.1601895565308,373.7878723144531,8200,0.0,0.0
2013-09-13 00:00:00+09:00,376.41555992762244,381.01400481330023,374.44479783376056,378.3863220214844,25300,0.0,0.0
2013-09-17 00:00:00+09:00,380.3570578663619,386.9262643925513,379.700137213743,382.32781982421875,19200,0.0,0.0
2013-09-18 00:00:00+09:00,383.64166112945657,388.89702635040805,380.3570578663619,382.32781982421875,15100,0.0,0.0
2013-09-19 00:00:00+09:00,382.3277939776985,390.2108412762077,381.0139527612803,386.2693176269531,23600,0.0,0.0
2013-09-20 00:00:00+09:00,390.8678277012475,390.8678277012475,388.24014482594504,390.2109069824219,12000,0.0,0.0
2013-09-24 00:00:00+09:00,387.58319733735914,398.7508487860627,387.58319733735914,393.4954833984375,24500,0.0,0.0
2013-09-25 00:00:00+09:00,396.7801168690557,396.7801168690557,390.86783035941744,392.8385925292969,17700,0.0,0.0
2013-09-26 00:00:00+09:00,398.8513239080256,398.8513239080256,388.16184119022256,396.8470458984375,13900,10.0,0.0
2013-09-27 00:00:00+09:00,397.5152343028301,397.5152343028301,392.83858448750266,395.5109558105469,4000,0.0,0.0
2013-09-30 00:00:00+09:00,392.1705119339461,392.1705119339461,379.476747493154,388.8300476074219,8100,0.0,0.0
2013-10-01 00:00:00+09:00,388.1618918783669,394.1747266923175,385.4895208499444,389.4980773925781,6900,0.0,0.0
2013-10-02 00:00:00+09:00,388.1619016125953,396.84710767277386,385.48953051715574,386.1576232910156,9500,0.0,0.0
2013-10-03 00:00:00+09:00,384.8214111328125,386.15759658813477,384.8214111328125,384.8214111328125,4600,0.0,0.0
2013-10-04 00:00:00+09:00,382.1490305672704,382.1490305672704,374.13191803788715,377.4723815917969,9000,0.0,0.0
2013-10-07 00:00:00+09:00,378.8086343134001,378.8086343134001,371.4596131891542,375.4681701660156,9100,0.0,0.0
2013-10-08 00:00:00+09:00,371.4595584767023,374.8000221320683,371.4595584767023,373.4638366699219,6600,0.0,0.0
2013-10-09 00:00:00+09:00,377.4723815917969,378.1404743025788,372.12763990554134,377.4723815917969,6900,0.0,0.0
2013-10-10 00:00:00+09:00,374.1320007002417,381.48102214256784,374.1320007002417,380.14483642578125,10400,0.0,0.0
2013-10-11 00:00:00+09:00,380.81288302998405,385.4895324707031,376.8043263665105,385.4895324707031,12000,0.0,0.0
2013-10-15 00:00:00+09:00,389.4980871603151,389.4980871603151,381.4809738739964,386.1576232910156,6700,0.0,0.0
2013-10-16 00:00:00+09:00,386.1575678286345,387.49375318444294,383.4851971170177,384.1532897949219,2600,0.0,0.0
2013-10-17 00:00:00+09:00,384.15339755028793,388.8300476074219,384.15339755028793,388.8300476074219,9800,0.0,0.0
2013-10-18 00:00:00+09:00,388.8300476074219,389.49814047272673,382.8172118196782,388.8300476074219,4500,0.0,0.0
2013-10-21 00:00:00+09:00,384.82148437499995,390.8343200683594,384.82148437499995,390.8343200683594,14200,0.0,0.0
2013-10-22 00:00:00+09:00,390.8342247724127,392.17041015625,390.16613208049404,392.17041015625,7900,0.0,0.0
2013-10-23 00:00:00+09:00,392.1704872144524,392.8385800376457,386.82574462890625,386.82574462890625,4800,0.0,0.0
2013-10-24 00:00:00+09:00,387.49379719773384,390.1661682128906,385.48951893636627,390.1661682128906,7000,0.0,0.0
2013-10-25 00:00:00+09:00,392.1704019297724,392.83849460767664,383.4851971170177,384.1532897949219,12600,0.0,0.0
2013-10-28 00:00:00+09:00,388.1619302752928,389.49811592167936,385.48955898251967,386.82574462890625,6200,0.0,0.0
2013-10-29 00:00:00+09:00,384.8215089168848,384.8215089168848,381.48104442975904,382.8172302246094,12800,0.0,0.0
2013-10-30 00:00:00+09:00,383.48526099420366,393.5066528320313,382.14907541582664,393.50665283203125,27600,0.0,0.0
2013-10-31 00:00:00+09:00,393.5066319818366,393.5066319818366,393.5066319818366,390.1661682128906,0,0.0,0.0
2013-11-01 00:00:00+09:00,390.8342629067894,390.8342629067894,384.1533353357332,389.4980773925781,7800,0.0,0.0
2013-11-05 00:00:00+09:00,390.1662333380316,390.1662333380316,380.8129332237637,388.8300476074219,13000,0.0,0.0
2013-11-06 00:00:00+09:00,384.1533595791449,391.50238037109375,384.1533595791449,391.50238037109375,13100,0.0,0.0
2013-11-07 00:00:00+09:00,393.5066528320313,396.17902398878533,390.1661888860887,393.50665283203125,58200,0.0,0.0
2013-11-08 00:00:00+09:00,398.8515040163134,407.5367126464844,390.834388357694,407.5367126464844,54800,0.0,0.0
2013-11-11 00:00:00+09:00,406.2003497606054,407.53653512166005,400.8556083163869,405.5322570800781,27100,0.0,0.0
2013-11-12 00:00:00+09:00,405.53225708007807,406.2003497606054,394.1746815111138,405.5322570800781,19000,0.0,0.0
2013-11-13 00:00:00+09:00,404.8642638856499,404.8642638856499,401.5237996621709,402.8599853515625,10300,0.0,0.0
2013-11-14 00:00:00+09:00,404.1961959090128,404.1961959090128,393.50670973621243,394.8428955078125,37400,0.0,0.0
2013-11-15 00:00:00+09:00,396.1790992826273,400.85574969574435,395.51100636646777,398.8514709472656,12300,0.0,0.0
2013-11-18 00:00:00+09:00,398.8514709472656,400.18765677958476,396.1790992826273,398.8514709472656,10600,0.0,0.0
2013-11-19 00:00:00+09:00,396.1790466308594,400.8556964224547,392.17048966663486,396.1790466308594,12300,0.0,0.0
2013-11-20 00:00:00+09:00,395.51095581054693,396.84714147206904,392.83858448750266,395.5109558105469,10200,0.0,0.0
2013-11-21 00:00:00+09:00,396.84712949006456,399.5195007324219,392.8385726265285,399.5195007324219,5500,0.0,0.0
2013-11-22 00:00:00+09:00,397.51522032366773,400.1875915527344,397.51522032366773,400.1875915527344,9600,0.0,0.0
2013-11-25 00:00:00+09:00,400.8556365966797,406.20037841796875,398.18326568603516,406.20037841796875,14100,0.0,0.0
2013-11-26 00:00:00+09:00,405.5323812151113,405.5323812151113,400.85573101987933,404.8642883300781,10100,0.0,0.0
2013-11-27 00:00:00+09:00,400.8556019176137,402.85987992720175,396.84704589843756,396.8470458984375,16700,0.0,0.0
2013-11-28 00:00:00+09:00,397.5153091430664,400.85577392578125,397.5153091430664,400.85577392578125,12600,0.0,0.0
2013-11-29 00:00:00+09:00,400.8556843600011,400.8556843600011,397.51522032366773,400.1875915527344,5800,0.0,0.0
2013-12-02 00:00:00+09:00,398.1833394537749,404.1961751166675,398.1833394537749,401.5238037109375,18300,0.0,0.0
2013-12-03 00:00:00+09:00,400.85577392578125,402.1919598388672,400.1876809692383,400.85577392578125,7400,0.0,0.0
2013-12-04 00:00:00+09:00,400.18765677958476,400.85574969574435,398.18337803110603,398.8514709472656,6600,0.0,0.0
2013-12-05 00:00:00+09:00,397.51525878906244,398.1833516609769,394.17479442949053,397.5152587890625,13700,0.0,0.0
2013-12-06 00:00:00+09:00,396.17904063999254,398.85141190906495,390.8342981018476,398.1833190917969,8800,0.0,0.0
2013-12-09 00:00:00+09:00,400.85574969574435,400.85574969574435,395.51100636646777,398.8514709472656,5300,0.0,0.0
2013-12-10 00:00:00+09:00,396.84712949006456,400.1875935430112,396.84712949006456,399.5195007324219,11100,0.0,0.0
2013-12-11 00:00:00+09:00,399.5195007324219,400.85568635360056,396.1790366794752,399.5195007324219,3800,0.0,0.0
2013-12-12 00:00:00+09:00,397.51528511494644,400.18765677958476,394.1748205341486,398.8514709472656,5800,0.0,0.0
2013-12-13 00:00:00+09:00,394.1747681487471,398.8514179403424,393.50667532137635,396.1790466308594,23900,0.0,0.0
2013-12-16 00:00:00+09:00,396.17906290690104,396.17906290690104,390.8343200683594,390.8343200683594,3700,0.0,0.0
2013-12-17 00:00:00+09:00,391.50240684042177,393.50668537373446,390.8343139959842,392.8385925292969,5400,0.0,0.0
2013-12-18 00:00:00+09:00,390.16613208049404,392.8385028481687,388.1618540047381,392.17041015625,19800,0.0,0.0
2013-12-19 00:00:00+09:00,391.50241906864125,392.83860479925096,386.8257690115073,388.8300476074219,26800,0.0,0.0
2013-12-20 00:00:00+09:00,388.1619282689588,388.1619282689588,385.4895569899987,387.49383544921875,20500,0.0,0.0
2013-12-24 00:00:00+09:00,386.1575678286345,386.8256605065387,384.15328979492193,384.1532897949219,28100,0.0,0.0
2013-12-25 00:00:00+09:00,384.15331840515137,384.8214111328125,382.8171329498291,384.8214111328125,16400,0.0,0.0
2013-12-26 00:00:00+09:00,385.48950759111824,394.84280586889236,385.48950759111824,394.1747131347656,12400,0.0,0.0
2013-12-27 00:00:00+09:00,400.85564800275125,402.19183349609375,396.1789987760525,402.19183349609375,17100,0.0,0.0
2013-12-30 00:00:00+09:00,402.1919167899456,405.5323812151113,400.85573101987933,404.8642883300781,30100,0.0,0.0
2014-01-06 00:00:00+09:00,405.53243373182954,408.204805618036,404.8643407602779,407.5367126464844,18500,0.0,0.0
2014-01-07 00:00:00+09:00,408.87272048271467,408.87272048271467,405.53225708007807,405.5322570800781,6300,0.0,0.0
2014-01-08 00:00:00+09:00,406.8685526264434,409.5409240722656,406.2004597649878,409.5409240722656,10300,0.0,0.0
2014-01-09 00:00:00+09:00,409.54083441441355,409.54083441441355,406.86846355363434,408.87274169921875,6000,0.0,0.0
2014-01-10 00:00:00+09:00,410.2089058437693,410.2089058437693,404.86416439955076,405.5322570800781,14100,0.0,0.0
2014-01-14 00:00:00+09:00,405.53225708007807,405.53225708007807,402.1917936774415,405.5322570800781,30500,0.0,0.0
2014-01-15 00:00:00+09:00,405.53227812324474,410.87701984480316,404.86418540804993,408.87274169921875,12000,0.0,0.0
2014-01-16 00:00:00+09:00,410.87708766643823,420.89848004854645,410.20899484096435,416.8899230957031,33300,0.0,0.0
2014-01-17 00:00:00+09:00,417.55804238608846,419.5623209895417,411.5452065757288,418.22613525390625,15800,0.0,0.0
2014-01-20 00:00:00+09:00,417.5580645364428,423.57090066576757,417.5580645364428,420.8985290527344,29900,0.0,0.0
2014-01-21 00:00:00+09:00,422.2345886230468,424.23886673359925,421.56649591952936,422.2345886230469,6900,0.0,0.0
2014-01-22 00:00:00+09:00,422.90268132656433,423.5707740300818,421.56649591952936,422.2345886230469,7900,0.0,0.0
2014-01-23 00:00:00+09:00,420.8985067251772,421.5665995929949,418.22613525390625,418.22613525390625,5700,0.0,0.0
2014-01-24 00:00:00+09:00,412.2132071886827,412.88129990697877,407.5365581606101,408.20465087890625,24200,0.0,0.0
2014-01-27 00:00:00+09:00,401.5238037109375,402.8599894138025,397.5152466023424,401.5238037109375,26100,0.0,0.0
2014-01-28 00:00:00+09:00,400.85574969574435,410.8771434381379,398.8514709472656,398.8514709472656,10300,0.0,0.0
2014-01-29 00:00:00+09:00,402.1919167899456,406.86856698517755,402.1919167899456,404.8642883300781,5300,0.0,0.0
2014-01-30 00:00:00+09:00,404.1961483963344,404.86424120360107,399.51949874546773,400.1875915527344,14300,0.0,0.0
2014-01-31 00:00:00+09:00,402.8599894138025,403.528082265235,400.1876180080725,401.5238037109375,10200,0.0,0.0
2014-02-03 00:00:00+09:00,400.85569036086935,407.5366185335505,397.51522627452874,398.1833190917969,8800,0.0,0.0
2014-02-04 00:00:00+09:00,385.4895792929276,387.49385786810745,380.14483642578125,380.14483642578125,24700,0.0,0.0
2014-02-05 00:00:00+09:00,386.82569898615367,386.82569898615367,379.4766787981611,381.48095703125,13400,0.0,0.0
2014-02-06 00:00:00+09:00,383.48524640554405,407.5365859013622,383.48524640554405,388.1618957519531,13300,0.0,0.0
2014-02-07 00:00:00+09:00,392.1705175440496,408.20474654073985,391.50242466918746,406.8685607910156,20200,0.0,0.0
2014-02-10 00:00:00+09:00,408.2046508789062,408.8727435972023,398.85135282276104,408.20465087890625,9800,0.0,0.0
2014-02-12 00:00:00+09:00,412.2133037899124,412.2133037899124,404.86428216642935,406.8685607910156,8200,0.0,0.0
2014-02-13 00:00:00+09:00,410.2089464561488,410.2089464561488,400.85564800275125,402.19183349609375,7700,0.0,0.0
2014-02-14 00:00:00+09:00,401.5237663022934,401.5237663022934,392.17046725365424,393.50665283203125,13100,0.0,0.0
2014-02-17 00:00:00+09:00,394.17479442949053,397.51525878906244,392.17051581374733,397.5152587890625,3400,0.0,0.0
2014-02-18 00:00:00+09:00,395.5109371667022,400.85567956084685,391.50238037109375,391.50238037109375,26200,0.0,0.0
2014-02-19 00:00:00+09:00,393.5066914876302,396.84715576171874,390.8343200683594,390.8343200683594,8700,0.0,0.0
2014-02-20 00:00:00+09:00,390.83425545233143,392.17044094105734,381.48095703125,381.48095703125,18600,0.0,0.0
2014-02-21 00:00:00+09:00,387.49378204345703,390.16615295410156,384.15331840515137,384.8214111328125,11500,0.0,0.0
2014-02-24 00:00:00+09:00,386.1576252479487,391.50236746591344,384.82143969345753,385.4895324707031,12100,0.0,0.0
2014-02-25 00:00:00+09:00,390.1662087448726,391.50239439125914,385.48955898251967,386.82574462890625,7900,0.0,0.0
2014-02-26 00:00:00+09:00,387.49383544921875,387.49383544921875,385.4895569899987,387.49383544921875,11800,0.0,0.0
2014-02-27 00:00:00+09:00,386.8256893157959,387.49378204345703,384.15331840515137,384.8214111328125,11400,0.0,0.0
2014-02-28 00:00:00+09:00,384.8214111328125,386.15759658813477,384.15331840515137,384.8214111328125,15400,0.0,0.0
2014-03-03 00:00:00+09:00,388.8299963569311,388.8299963569311,383.48525413896635,385.4895324707031,10600,0.0,0.0
2014-03-04 00:00:00+09:00,385.48958328089765,390.8343262033364,385.48958328089765,388.8300476074219,4100,0.0,0.0
2014-03-05 00:00:00+09:00,390.16617014968375,392.17044842100063,389.4980773925781,389.4980773925781,4400,0.0,0.0
2014-03-06 00:00:00+09:00,388.8300415039062,391.5024129231771,388.8300415039062,390.8343200683594,9000,0.0,0.0
2014-03-07 00:00:00+09:00,392.17044647425826,392.8385392280474,389.49807545910147,390.1661682128906,5700,0.0,0.0
2014-03-10 00:00:00+09:00,394.17473062590767,394.17473062590767,388.1618957519531,388.1618957519531,8100,0.0,0.0
2014-03-11 00:00:00+09:00,393.5066914876302,393.5066914876302,390.1662272135417,390.8343200683594,3200,0.0,0.0
2014-03-12 00:00:00+09:00,390.16617014968375,390.8342629067894,389.4980773925781,389.4980773925781,6300,0.0,0.0
2014-03-13 00:00:00+09:00,389.49807545910147,392.8385392280474,389.49807545910147,390.1661682128906,2300,0.0,0.0
2014-03-14 00:00:00+09:00,387.49379173051665,387.49379173051665,381.48095703125,381.48095703125,28700,0.0,0.0
2014-03-17 00:00:00+09:00,378.80856511955125,384.82139948652826,378.1404724121094,378.1404724121094,16100,0.0,0.0
2014-03-18 00:00:00+09:00,380.14476962856475,384.8214188155594,380.14476962856475,382.1490478515625,8300,0.0,0.0
2014-03-19 00:00:00+09:00,382.81720991537605,383.48530277735756,377.4724670195244,379.47674560546875,9800,0.0,0.0
2014-03-20 00:00:00+09:00,378.8086114698841,378.8086114698841,371.4595907888105,372.7957763671875,16600,0.0,0.0
2014-03-24 00:00:00+09:00,379.4766943272646,380.8128798706705,374.80004492534414,376.13623046875,11100,0.0,0.0
2014-03-25 00:00:00+09:00,376.8044305098684,381.4810812431469,376.8044305098684,380.81298828125,10800,0.0,0.0
2014-03-26 00:00:00+09:00,377.47239112854004,384.8214111328125,376.1362056732178,384.8214111328125,16700,0.0,0.0
2014-03-27 00:00:00+09:00,376.6627028514923,385.50135833356705,375.9828062759481,378.702392578125,9200,10.0,0.0
2014-03-28 00:00:00+09:00,380.062162919478,391.6204040100524,380.062162919478,388.90081787109375,4000,0.0,0.0
2014-03-31 00:00:00+09:00,390.94054270373175,390.94054270373175,384.14157674366686,389.58074951171875,7600,0.0,0.0
2014-04-01 00:00:00+09:00,392.3003280270059,395.0199143564825,390.94053486226755,392.980224609375,10600,0.0,0.0
2014-04-02 00:00:00+09:00,394.34000862969293,394.34000862969293,388.90083609686957,391.62042236328125,7500,0.0,0.0
2014-04-03 00:00:00+09:00,393.66011206309,394.34000862969293,388.90083609686957,391.62042236328125,9200,0.0,0.0
2014-04-04 00:00:00+09:00,394.33999175234777,395.69978482735587,392.30030213983565,393.66009521484375,12200,0.0,0.0
2014-04-07 00:00:00+09:00,392.3003097693679,395.0198959722751,386.86113736355344,390.2606201171875,3400,0.0,0.0
2014-04-08 00:00:00+09:00,390.26063570063167,390.26063570063167,380.74208361037233,383.461669921875,12200,0.0,0.0
2014-04-09 00:00:00+09:00,382.1019197736468,383.46171308244976,380.74212646484375,380.74212646484375,7000,0.0,0.0
2014-04-10 00:00:00+09:00,382.1018232369466,382.7817197195746,380.0621337890625,380.0621337890625,3500,0.0,0.0
2014-04-11 00:00:00+09:00,379.38229701829994,380.742090197577,373.9431243011917,375.30291748046875,14400,0.0,0.0
2014-04-14 00:00:00+09:00,371.90343453227615,388.9008492732394,371.2235379426376,375.30291748046875,6100,0.0,0.0
2014-04-15 00:00:00+09:00,373.943075472421,380.74204048101046,372.5832824707031,372.5832824707031,3600,0.0,0.0
2014-04-16 00:00:00+09:00,374.62295931925814,384.1415100097656,374.62295931925814,384.1415100097656,2600,0.0,0.0
2014-04-17 00:00:00+09:00,384.1415619384332,384.82145850823576,371.223527112185,382.7817687988281,7300,0.0,0.0
2014-04-18 00:00:00+09:00,384.82146307762633,384.82146307762633,382.10187676612367,383.461669921875,2300,0.0,0.0
2014-04-21 00:00:00+09:00,384.14164090703196,387.5411244548818,383.461744197462,385.5014343261719,2000,0.0,0.0
2014-04-22 00:00:00+09:00,387.541049389129,387.541049389129,383.461669921875,383.461669921875,2200,0.0,0.0
2014-04-23 00:00:00+09:00,387.5411071777344,389.5807972155119,386.86121049847515,387.5411071777344,3400,0.0,0.0
2014-04-24 00:00:00+09:00,388.22096424371426,388.22096424371426,384.8214811942947,386.1812744140625,800,0.0,0.0
2014-04-25 00:00:00+09:00,388.22100385699355,388.9009005362527,387.5411071777344,387.5411071777344,4300,0.0,0.0
2014-04-28 00:00:00+09:00,380.062182519618,384.82145850823576,380.062182519618,382.7817687988281,7100,0.0,0.0
2014-04-30 00:00:00+09:00,382.10187676612367,385.50135965550203,381.421980188248,383.461669921875,1900,0.0,0.0
2014-05-01 00:00:00+09:00,386.86114501953125,386.86114501953125,384.1415587628034,386.86114501953125,2900,0.0,0.0
2014-05-02 00:00:00+09:00,386.86117102394644,386.86117102394644,384.8214811942947,386.1812744140625,1800,0.0,0.0
2014-05-07 00:00:00+09:00,382.1018708592696,386.1812502634611,378.0224914550781,378.0224914550781,8000,0.0,0.0
2014-05-08 00:00:00+09:00,384.14156056136534,387.54104339819156,378.0224914550781,378.0224914550781,8400,0.0,0.0
2014-05-09 00:00:00+09:00,376.6626384139457,418.8162188862645,373.9430525770219,409.29766845703125,60500,0.0,0.0
2014-05-12 00:00:00+09:00,405.8982858720994,412.0173555083622,395.69983647832805,410.6575622558594,75600,0.0,0.0
2014-05-13 00:00:00+09:00,407.93786842308486,412.6971435546875,407.93786842308486,412.6971435546875,22400,0.0,0.0
2014-05-14 00:00:00+09:00,408.61786789522444,412.01735098919465,407.93797127643035,409.9776611328125,16900,0.0,0.0
2014-05-15 00:00:00+09:00,398.41928830130735,404.53835586907485,398.41928830130735,403.85845947265625,13400,0.0,0.0
2014-05-16 00:00:00+09:00,401.1389602738327,404.5384429880178,397.7394775596477,403.17864990234375,18500,0.0,0.0
2014-05-19 00:00:00+09:00,403.1785913106733,405.89817708679925,398.4193162024529,399.0992126464844,9200,0.0,0.0
2014-05-20 00:00:00+09:00,399.0993221689602,403.8585985832408,392.30035586284504,401.81890869140625,13700,0.0,0.0
2014-05-21 00:00:00+09:00,396.3796081542969,398.4192973900823,392.98012609465457,396.3796081542969,15600,0.0,0.0
2014-05-22 00:00:00+09:00,400.4590895369246,403.1786758835251,397.05960660367396,402.498779296875,8200,0.0,0.0
2014-05-23 00:00:00+09:00,401.138916015625,401.138916015625,397.7394336765095,401.138916015625,8200,0.0,0.0
2014-05-26 00:00:00+09:00,406.578177023254,406.578177023254,400.4591074693923,405.2183837890625,12200,0.0,0.0
2014-05-27 00:00:00+09:00,401.1390085396056,405.8982849121094,401.1390085396056,405.8982849121094,16900,0.0,0.0
2014-05-28 00:00:00+09:00,405.2183837890625,405.8982804061582,403.858590554871,405.2183837890625,4500,0.0,0.0
2014-05-29 00:00:00+09:00,405.21833953085473,405.89823607369175,397.0595810168107,403.17864990234375,8700,0.0,0.0
2014-05-30 00:00:00+09:00,405.2183837890625,407.2580736403497,404.5384871719668,405.2183837890625,8500,0.0,0.0
2014-06-02 00:00:00+09:00,407.258056640625,407.258056640625,405.21836687447825,407.258056640625,7500,0.0,0.0
2014-06-03 00:00:00+09:00,407.93797478603955,407.93797478603955,404.5384916628226,405.8982849121094,10000,0.0,0.0
2014-06-04 00:00:00+09:00,407.2580998268448,407.2580998268448,401.81892654034266,404.53851318359375,6900,0.0,0.0
2014-06-05 00:00:00+09:00,406.578177023254,406.578177023254,404.5384871719668,405.2183837890625,6600,0.0,0.0
2014-06-06 00:00:00+09:00,406.578225402832,407.9380187988281,405.898328704834,407.9380187988281,14700,0.0,0.0
2014-06-09 00:00:00+09:00,410.6575622558594,414.0570453871165,409.2977690033565,410.6575622558594,7800,0.0,0.0
2014-06-10 00:00:00+09:00,412.69715075318595,412.69715075318595,408.6177719978003,409.29766845703125,8600,0.0,0.0
2014-06-11 00:00:00+09:00,409.9776611328125,410.6575577516066,409.9776611328125,409.9776611328125,6000,0.0,0.0
2014-06-12 00:00:00+09:00,409.9776611328125,409.9776611328125,408.61786789522444,409.9776611328125,6800,0.0,0.0
2014-06-13 00:00:00+09:00,411.3374687057918,416.7766418457031,410.65757206330295,416.7766418457031,41000,0.0,0.0
2014-06-16 00:00:00+09:00,427.6550248747419,429.6947149774831,422.21585126743196,426.9751281738281,63100,0.0,0.0
2014-06-17 00:00:00+09:00,427.65493169959615,427.65493169959615,422.21575927734375,422.21575927734375,26200,0.0,0.0
2014-06-18 00:00:00+09:00,419.4961730662175,427.65493169959615,419.4961730662175,422.21575927734375,15300,0.0,0.0
2014-06-19 00:00:00+09:00,424.25542290494377,424.93531941600935,421.5358368606813,422.8956298828125,22300,0.0,0.0
2014-06-20 00:00:00+09:00,422.8956206290953,422.8956206290953,419.496138148154,421.53582763671875,11500,0.0,0.0
2014-06-23 00:00:00+09:00,420.17606961899907,423.57555238290684,420.17606961899907,422.21575927734375,11900,0.0,0.0
2014-06-24 00:00:00+09:00,418.81625081641886,422.8956298828125,418.81625081641886,422.8956298828125,11200,0.0,0.0
2014-06-25 00:00:00+09:00,422.8956740234375,426.2951569335938,422.8956740234375,424.93536376953125,21300,0.0,0.0
2014-06-26 00:00:00+09:00,428.3348819622978,429.0147786003332,424.2555021340855,425.61529541015625,11200,0.0,0.0
2014-06-27 00:00:00+09:00,423.57551712528357,424.93531011766004,416.09665566721276,421.53582763671875,13700,0.0,0.0
2014-06-30 00:00:00+09:00,420.1761223058731,426.2951920481916,420.1761223058731,425.61529541015625,15400,0.0,0.0
2014-07-01 00:00:00+09:00,426.975053515625,426.975053515625,421.535880859375,424.93536376953125,13400,0.0,0.0
2014-07-02 00:00:00+09:00,428.3348999023437,431.734383234902,428.3348999023437,428.33489990234375,21600,0.0,0.0
2014-07-03 00:00:00+09:00,429.01473086892327,430.3745239937059,427.6549377441406,427.6549377441406,7200,0.0,0.0
2014-07-04 00:00:00+09:00,431.054394906851,445.332221867488,427.6549122971755,441.9327392578125,53600,0.0,0.0
2014-07-07 00:00:00+09:00,454.85081190525136,456.8905016447368,450.091535846452,452.1312255859375,44200,0.0,0.0
2014-07-08 00:00:00+09:00,452.8111130382141,452.8111130382141,443.9724576786093,450.77142333984375,28200,0.0,0.0
2014-07-09 00:00:00+09:00,448.0518753840206,450.77146188104047,441.93280576572596,447.3719787597656,14600,0.0,0.0
2014-07-10 00:00:00+09:00,446.0121845298099,448.05187439808645,441.93280479325676,442.6127014160156,17300,0.0,0.0
2014-07-11 00:00:00+09:00,435.81371286114677,439.89309238870817,433.774023097366,439.21319580078125,20200,0.0,0.0
2014-07-14 00:00:00+09:00,435.8137778233523,441.2529513375284,433.09419106626433,439.8931579589844,8000,0.0,0.0
2014-07-15 00:00:00+09:00,441.9326994154188,443.2924923366971,439.8930100335015,440.5729064941406,13700,0.0,0.0
2014-07-16 00:00:00+09:00,438.53326416015625,441.9327468280644,438.53326416015625,438.53326416015625,11100,0.0,0.0
2014-07-17 00:00:00+09:00,440.5729064941406,444.6522852579753,440.5729064941406,440.5729064941406,4900,0.0,0.0
2014-07-18 00:00:00+09:00,435.13373480902777,440.5729064941406,433.0940454271105,440.5729064941406,20200,0.0,0.0
2014-07-22 00:00:00+09:00,441.2528050546428,445.3321838378906,441.2528050546428,445.3321838378906,19800,0.0,0.0
2014-07-23 00:00:00+09:00,445.3322403000764,446.0121368501529,443.29255064984704,444.65234375,12300,0.0,0.0
2014-07-24 00:00:00+09:00,444.652287374016,446.0120803017653,443.2924944462667,445.3321838378906,6000,0.0,0.0
2014-07-25 00:00:00+09:00,448.73171842846716,448.73171842846716,443.97244262695307,443.9724426269531,17200,0.0,0.0
2014-07-28 00:00:00+09:00,442.6126811634411,450.771440263228,442.6126811634411,448.73175048828125,16000,0.0,0.0
2014-07-29 00:00:00+09:00,445.33228199517555,455.53073120117193,445.33228199517555,455.5307312011719,17100,0.0,0.0
2014-07-30 00:00:00+09:00,455.53064428747325,462.3296091275848,454.85074780346207,456.2105407714844,34600,0.0,0.0
2014-07-31 00:00:00+09:00,456.2106413026444,460.9699177394827,453.49105476730824,457.5704345703125,20200,0.0,0.0
2014-08-01 00:00:00+09:00,450.7714493397139,452.81113915573076,442.6126900756467,450.091552734375,18800,0.0,0.0
2014-08-04 00:00:00+09:00,448.05183707535,456.2105958688313,448.05183707535,450.77142333984375,8400,0.0,0.0
2014-08-05 00:00:00+09:00,448.0518629183582,458.2503119984422,448.0518629183582,450.091552734375,10700,0.0,0.0
2014-08-06 00:00:00+09:00,445.33228888700074,453.4910483780603,441.93280576572596,447.3719787597656,31400,0.0,0.0
2014-08-07 00:00:00+09:00,448.0518888395601,451.4513720629255,441.9328190375023,449.41168212890625,33900,0.0,0.0
2014-08-08 00:00:00+09:00,449.41182690017797,449.41182690017797,439.8932708084949,443.2927551269531,14800,0.0,0.0
2014-08-11 00:00:00+09:00,448.7316262185036,454.1707974453946,448.7316262185036,452.8110046386719,7000,0.0,0.0
2014-08-12 00:00:00+09:00,451.45135498046875,453.49104483730827,450.77145836152226,451.45135498046875,3500,0.0,0.0
2014-08-13 00:00:00+09:00,449.4116470799302,451.4513368548769,443.9724743467389,448.73175048828125,12500,0.0,0.0
2014-08-14 00:00:00+09:00,446.69206071333457,451.4513368548769,446.01216412168566,448.73175048828125,12000,0.0,0.0
2014-08-15 00:00:00+09:00,452.13126870759857,452.13126870759857,440.57302574815617,449.41168212890625,16500,0.0,0.0
2014-08-18 00:00:00+09:00,449.41168212890625,450.7714754182524,447.371992194887,449.41168212890625,8600,0.0,0.0
2014-08-19 00:00:00+09:00,449.41165612903603,452.81113915573076,446.01217310234136,450.091552734375,20700,0.0,0.0
2014-08-20 00:00:00+09:00,450.0914586232808,454.1708374023438,450.0914586232808,454.17083740234375,7300,0.0,0.0
2014-08-21 00:00:00+09:00,455.53068542480463,463.0095474243164,455.53068542480463,462.32965087890625,34600,0.0,0.0
2014-08-22 00:00:00+09:00,458.93022783798057,460.2900211056487,457.5704345703125,457.5704345703125,28600,0.0,0.0
2014-08-25 00:00:00+09:00,458.9301636011857,461.6497497558594,455.5306809078436,461.6497497558594,14200,0.0,0.0
2014-08-26 00:00:00+09:00,462.32956176935494,468.44862949865524,461.64966535498826,467.0888366699219,37900,0.0,0.0
2014-08-27 00:00:00+09:00,466.4090407860124,468.44873046875,465.04924766418725,468.44873046875,16700,0.0,0.0
2014-08-28 00:00:00+09:00,465.72904384118846,467.0888366699218,463.68935459808836,467.0888366699219,12900,0.0,0.0
2014-08-29 00:00:00+09:00,465.7290789138439,469.12856124168223,464.3692859827086,467.7687683105469,18900,0.0,0.0
2014-09-01 00:00:00+09:00,471.8481676704723,478.64713262249643,469.12858168966267,475.2476501464844,36800,0.0,0.0
2014-09-02 00:00:00+09:00,480.0068850695345,491.5651245117188,478.64709219398344,491.56512451171875,49400,0.0,0.0
2014-09-03 00:00:00+09:00,492.9249173872699,492.9249173872699,489.52543519839213,491.56512451171875,27400,0.0,0.0
2014-09-04 00:00:00+09:00,492.2451593043259,492.2451593043259,484.08639975784536,484.76629638671875,23800,0.0,0.0
2014-09-05 00:00:00+09:00,484.08641152232457,484.08641152232457,473.88796184137675,477.2874450683594,28000,0.0,0.0
2014-09-08 00:00:00+09:00,479.3271528897812,484.0864295851407,477.28746287748424,480.0070495605469,8500,0.0,0.0
2014-09-09 00:00:00+09:00,482.0467440377199,482.0467440377199,476.60757062121536,480.68695068359375,10200,0.0,0.0
2014-09-10 00:00:00+09:00,478.6471112696148,478.6471112696148,474.56773248038513,476.607421875,10900,0.0,0.0
2014-09-11 00:00:00+09:00,475.2476776772357,482.04664302311886,475.2476776772357,479.3270568847656,11900,0.0,0.0
2014-09-12 00:00:00+09:00,480.6869021072496,480.6869021072496,476.60752245711734,477.9673156738281,16900,0.0,0.0
2014-09-16 00:00:00+09:00,475.92752541012834,477.9672148047432,473.2079395506419,476.607421875,17500,0.0,0.0
2014-09-17 00:00:00+09:00,471.16825015602706,480.006904199358,471.16825015602706,476.607421875,21600,0.0,0.0
2014-09-18 00:00:00+09:00,475.9276481671522,482.0467179293013,475.9276481671522,481.3668212890625,11900,0.0,0.0
2014-09-19 00:00:00+09:00,482.7266632631856,491.5653204778637,482.7266632631856,488.8457336425781,29000,0.0,0.0
2014-09-22 00:00:00+09:00,492.24521718668507,492.24521718668507,486.12614680729257,488.8457336425781,8200,0.0,0.0
2014-09-24 00:00:00+09:00,484.766344610451,488.1658280929927,483.4065512174343,487.4859313964844,19900,0.0,0.0
2014-09-25 00:00:00+09:00,487.4857529664106,488.1656494140625,486.12596007110676,488.1656494140625,15200,0.0,0.0
2014-09-26 00:00:00+09:00,486.7868473284335,490.92384603094143,486.7868473284335,488.8553466796875,17100,10.0,0.0
2014-09-29 00:00:00+09:00,489.5447692871094,489.5447692871094,484.7182715617435,489.5447692871094,9300,0.0,0.0
2014-09-30 00:00:00+09:00,488.16579075863484,489.54479016755755,482.64979312294406,484.7182922363281,26200,0.0,0.0
2014-10-01 00:00:00+09:00,482.6497527374618,483.3392523842296,479.20225450362284,479.8917541503906,26000,0.0,0.0
2014-10-02 00:00:00+09:00,472.3071692770372,472.3071692770372,458.5171789331821,461.2751770019531,24400,0.0,0.0
2014-10-03 00:00:00+09:00,457.8278084814021,479.2022995400218,457.8278084814021,467.4808044433594,18900,0.0,0.0
2014-10-06 00:00:00+09:00,468.85975980210577,481.27075344392625,468.85975980210577,479.8917541503906,16100,0.0,0.0
2014-10-07 00:00:00+09:00,479.89161958156205,479.89161958156205,475.75462286103135,476.4441223144531,8200,0.0,0.0
2014-10-08 00:00:00+09:00,468.8596922046077,475.0651881308452,467.48069310988825,472.30718994140625,6400,0.0,0.0
2014-10-09 00:00:00+09:00,471.6177781745569,471.6177781745569,459.8962836877624,461.96478271484375,9900,0.0,0.0
2014-10-10 00:00:00+09:00,455.7592526212403,455.7592526212403,448.17475673798214,450.2432556152344,26200,0.0,0.0
2014-10-14 00:00:00+09:00,436.45329207652003,441.27978977720824,435.0742927334662,437.1427917480469,26900,0.0,0.0
2014-10-15 00:00:00+09:00,436.45333360842136,441.27983176838814,435.7638338712833,440.59033203125,9400,0.0,0.0
2014-10-16 00:00:00+09:00,434.38484107257824,437.1428400635152,434.38484107257824,435.0743408203125,12900,0.0,0.0
2014-10-17 00:00:00+09:00,435.0742253842561,437.8322236434273,427.48973017153537,428.1792297363281,14900,0.0,0.0
2014-10-20 00:00:00+09:00,441.9691299059377,448.1746247096092,435.07413567963596,444.0376281738281,18700,0.0,0.0
2014-10-21 00:00:00+09:00,444.03772510072724,448.1747225395539,437.83222894248723,438.521728515625,11100,0.0,0.0
2014-10-22 00:00:00+09:00,441.27975038699685,446.10624765685463,439.9007511670375,445.416748046875,5900,0.0,0.0
2014-10-23 00:00:00+09:00,445.416748046875,448.1747464867937,444.7272484368953,445.416748046875,3900,0.0,0.0
2014-10-24 00:00:00+09:00,448.86421269343447,450.2432118107722,446.106214458759,448.1747131347656,12700,0.0,0.0
2014-10-27 00:00:00+09:00,450.2432556152344,450.9327552409851,450.2432556152344,450.2432556152344,4300,0.0,0.0
2014-10-28 00:00:00+09:00,450.24323965650086,450.9327392578125,448.17474085256595,450.9327392578125,2900,0.0,0.0
2014-10-29 00:00:00+09:00,450.9327392578125,451.62223885912414,449.5537400551892,450.9327392578125,10200,0.0,0.0
2014-10-30 00:00:00+09:00,451.62225486673583,456.44875224699103,448.86425636373286,450.2432556152344,10900,0.0,0.0
2014-10-31 00:00:00+09:00,454.38027499779724,461.96477124207,449.55377738780544,458.51727294921875,23000,0.0,0.0
2014-11-04 00:00:00+09:00,478.5125983796296,478.5125983796296,462.6541116898148,465.412109375,24400,0.0,0.0
2014-11-05 00:00:00+09:00,465.41218757629395,466.79118665059406,461.27519035339355,463.34368896484375,12600,0.0,0.0
2014-11-06 00:00:00+09:00,465.41217410510967,468.8596716910734,456.4486803816038,461.2751770019531,15200,0.0,0.0
2014-11-07 00:00:00+09:00,461.2751128472222,467.48060763888884,460.5856134259259,465.412109375,4700,0.0,0.0
2014-11-10 00:00:00+09:00,470.9282400692211,470.9282400692211,465.4122431137983,468.8597412109375,22600,0.0,0.0
2014-11-11 00:00:00+09:00,474.37576597336437,474.37576597336437,471.6177673339844,471.6177673339844,17700,0.0,0.0
2014-11-12 00:00:00+09:00,472.30723786563817,474.37573671760447,470.2387390136719,470.2387390136719,17000,0.0,0.0
2014-11-13 00:00:00+09:00,470.23876801429435,471.6177673339844,468.8597686946043,471.6177673339844,11800,0.0,0.0
2014-11-14 00:00:00+09:00,472.99675357499314,474.3757528565529,465.4122575264145,469.54925537109375,24500,0.0,0.0
2014-11-17 00:00:00+09:00,471.61768341064453,471.61768341064453,462.65418942769367,463.34368896484375,12600,0.0,0.0
2014-11-18 00:00:00+09:00,461.9646122685185,467.48060763888884,447.4851244212963,465.412109375,26100,0.0,0.0
2014-11-19 00:00:00+09:00,468.8596827038647,468.8596827038647,462.65418690337236,466.1016845703125,7700,0.0,0.0
2014-11-20 00:00:00+09:00,467.4807288481178,469.5492276483307,464.033230847763,466.7912292480469,11100,0.0,0.0
2014-11-21 00:00:00+09:00,470.2387272484017,471.61772644854364,466.10172964797584,466.7912292480469,7700,0.0,0.0
2014-11-25 00:00:00+09:00,468.85966552374816,478.5126586374724,465.41216798313235,468.170166015625,10300,0.0,0.0
2014-11-26 00:00:00+09:00,472.307221844116,472.307221844116,470.238723062317,470.92822265625,9600,0.0,0.0
2014-11-27 00:00:00+09:00,472.307221844116,472.307221844116,470.238723062317,470.92822265625,11300,0.0,0.0
2014-11-28 00:00:00+09:00,469.5491917519674,472.996689488766,469.5491917519674,472.30718994140625,5200,0.0,0.0
2014-12-01 00:00:00+09:00,473.68623710028237,475.75473595224867,465.4122416924172,470.2387390136719,15300,0.0,0.0
2014-12-02 00:00:00+09:00,470.238796845817,475.06529476065674,470.238796845817,472.9967956542969,10600,0.0,0.0
2014-12-03 00:00:00+09:00,473.6862023375755,474.3757019042969,472.30720320413275,474.3757019042969,10300,0.0,0.0
2014-12-04 00:00:00+09:00,474.37574694983675,475.06524658203125,472.30724805325315,475.06524658203125,8700,0.0,0.0
2014-12-05 00:00:00+09:00,472.9967476854477,475.06524658203125,472.30724805325315,475.06524658203125,8500,0.0,0.0
2014-12-08 00:00:00+09:00,488.8551699047607,488.8551699047607,477.8231773540186,481.9601745605469,29800,0.0,0.0
2014-12-09 00:00:00+09:00,479.2023171196754,481.2708163302639,476.44431817222403,478.5128173828125,9100,0.0,0.0
2014-12-10 00:00:00+09:00,476.4441223144531,481.9601179418274,475.0651234076095,476.4441223144531,19500,0.0,0.0
2014-12-11 00:00:00+09:00,462.6542870854757,481.96027820081594,450.9327924797334,457.8277893066406,29200,0.0,0.0
2014-12-12 00:00:00+09:00,461.9647436058067,475.75473595224867,461.9647436058067,470.2387390136719,18400,0.0,0.0
2014-12-15 00:00:00+09:00,464.7226099537037,471.61760416666664,464.7226099537037,465.412109375,14700,0.0,0.0
2014-12-16 00:00:00+09:00,458.51727294921875,459.206772607789,455.0697746563675,458.51727294921875,15400,0.0,0.0
2014-12-17 00:00:00+09:00,451.6222921624241,464.03328645085713,451.6222921624241,457.8277893066406,14000,0.0,0.0
2014-12-18 00:00:00+09:00,464.0332686897518,465.41226800235137,459.8962707519531,459.8962707519531,11900,0.0,0.0
2014-12-19 00:00:00+09:00,469.5493035780645,469.5493035780645,462.6543064623807,467.4808044433594,12500,0.0,0.0
2014-12-22 00:00:00+09:00,468.85966552374816,470.2386645399945,460.58567142627027,468.170166015625,16100,0.0,0.0
2014-12-24 00:00:00+09:00,468.170166015625,470.2386645399945,466.7911669993787,468.170166015625,9700,0.0,0.0
2014-12-25 00:00:00+09:00,466.79118665059406,466.79118665059406,463.34368896484375,463.34368896484375,9900,0.0,0.0
2014-12-26 00:00:00+09:00,464.72273044783395,466.7912292480468,464.033230847763,466.7912292480469,16200,0.0,0.0
2014-12-29 00:00:00+09:00,466.10175716719436,470.9282546526535,464.7227578856346,469.54925537109375,11600,0.0,0.0
2014-12-30 00:00:00+09:00,469.5491650318713,469.5491650318713,467.48066650750184,468.170166015625,7500,0.0,0.0
2015-01-05 00:00:00+09:00,468.1702401617056,474.37573671760447,468.1702401617056,470.2387390136719,5000,0.0,0.0
2015-01-06 00:00:00+09:00,468.85968526204425,469.54918479919434,461.9646898905436,463.34368896484375,12400,0.0,0.0
2015-01-07 00:00:00+09:00,459.8961938184178,467.48068876894644,458.51719473650354,460.585693359375,9400,0.0,0.0
2015-01-08 00:00:00+09:00,459.8962070789138,466.1017031264554,459.20670751807586,462.6542053222656,11700,0.0,0.0
2015-01-09 00:00:00+09:00,464.03311053240736,465.412109375,462.6541116898148,465.412109375,6100,0.0,0.0
2015-01-13 00:00:00+09:00,457.82777178305383,462.6542693771523,457.82777178305383,459.8962707519531,9200,0.0,0.0
2015-01-14 00:00:00+09:00,459.8962707519531,461.9647697208525,457.13827212675403,459.8962707519531,4300,0.0,0.0
2015-01-15 00:00:00+09:00,457.13819063626806,474.375678970969,455.759191569492,466.1016845703125,11800,0.0,0.0
2015-01-16 00:00:00+09:00,462.65428239053756,464.72278141761893,459.20678401206857,461.96478271484375,6900,0.0,0.0
2015-01-19 00:00:00+09:00,463.3436755535314,463.3436755535314,459.20667845037485,461.2751770019531,3600,0.0,0.0
2015-01-20 00:00:00+09:00,461.2752958980747,464.0332946777344,459.8962965082449,464.0332946777344,4200,0.0,0.0
2015-01-21 00:00:00+09:00,464.0332686897518,464.0332686897518,459.8962707519531,459.8962707519531,3300,0.0,0.0
2015-01-22 00:00:00+09:00,463.343769033452,463.343769033452,458.5172714393536,459.8962707519531,4800,0.0,0.0
2015-01-23 00:00:00+09:00,460.58569335937494,462.6541919822464,457.82769519554637,460.585693359375,9200,0.0,0.0
2015-01-26 00:00:00+09:00,461.9646924412893,463.3436915232036,457.82769519554637,460.585693359375,7900,0.0,0.0
2015-01-27 00:00:00+09:00,463.34370488310356,465.4122035656174,459.8962070789138,462.6542053222656,5500,0.0,0.0
2015-01-28 00:00:00+09:00,462.65418942769367,464.72268803914386,459.20669174194336,463.34368896484375,6500,0.0,0.0
2015-01-29 00:00:00+09:00,461.9646765191459,463.3436755535314,459.8961779675676,461.2751770019531,6300,0.0,0.0
2015-01-30 00:00:00+09:00,461.27528303915,467.4807801203941,461.27528303915,461.96478271484375,5900,0.0,0.0
2015-02-02 00:00:00+09:00,461.27527311161094,464.7227714158831,455.75927582477556,457.1382751464844,7200,0.0,0.0
2015-02-03 00:00:00+09:00,457.8277908740087,458.5172905590599,455.75929181885505,456.44879150390625,8400,0.0,0.0
2015-02-04 00:00:00+09:00,460.5857833634562,461.96478271484375,458.51728433637476,461.96478271484375,8300,0.0,0.0
2015-02-05 00:00:00+09:00,461.9646898905436,467.48068618774414,461.27519035339355,463.34368896484375,5900,0.0,0.0
2015-02-06 00:00:00+09:00,466.10174273322616,471.61773968864895,464.03324387494257,468.8597412109375,39700,0.0,0.0
2015-02-09 00:00:00+09:00,471.61762833907613,474.3756261656205,470.238629425804,473.6861267089844,22500,0.0,0.0
2015-02-10 00:00:00+09:00,474.3757569762482,479.8917541503906,474.3757569762482,479.8917541503906,20300,0.0,0.0
2015-02-12 00:00:00+09:00,481.9601428675413,484.71814082386487,481.2706433784604,483.3391418457031,37600,0.0,0.0
2015-02-13 00:00:00+09:00,484.0288152777153,484.0288152777153,476.44431817222403,478.5128173828125,21200,0.0,0.0
2015-02-16 00:00:00+09:00,479.2022094726563,481.9602078005565,477.8232103087062,479.20220947265625,10300,0.0,0.0
2015-02-17 00:00:00+09:00,477.8232089553023,484.02870517550105,477.8232089553023,480.5812072753906,27100,0.0,0.0
2015-02-18 00:00:00+09:00,482.6498158039896,483.33931554085245,478.51281738281256,478.5128173828125,15300,0.0,0.0
2015-02-19 00:00:00+09:00,481.27078723356215,483.3392863190932,475.754789672146,477.1337890625,19600,0.0,0.0
2015-02-20 00:00:00+09:00,479.89170905463135,481.27070821858143,475.75471156278104,479.20220947265625,7600,0.0,0.0
2015-02-23 00:00:00+09:00,481.9602078005565,481.9602078005565,478.51270989068126,479.20220947265625,29600,0.0,0.0
2015-02-24 00:00:00+09:00,477.1337555633194,481.27075344392625,477.1337555633194,479.8917541503906,6900,0.0,0.0
2015-02-25 00:00:00+09:00,481.27075344392625,481.96025309069404,479.8917541503906,479.8917541503906,4800,0.0,0.0
2015-02-26 00:00:00+09:00,481.960250113351,482.6497497558593,480.58125082833425,482.6497497558594,7300,0.0,0.0
2015-02-27 00:00:00+09:00,482.6496900323469,482.6496900323469,480.58119136077966,481.27069091796875,9200,0.0,0.0
2015-03-02 00:00:00+09:00,482.64967409496825,482.64967409496825,479.8916759572827,481.9601745605469,10900,0.0,0.0
2015-03-03 00:00:00+09:00,480.5812086366064,482.6497073825315,472.30721365290583,479.20220947265625,14900,0.0,0.0
2015-03-04 00:00:00+09:00,478.5127447430039,478.5127447430039,470.9282487888641,475.06524658203125,11800,0.0,0.0
2015-03-05 00:00:00+09:00,473.6862905866149,478.51278845285407,473.6862905866149,477.1337890625,2300,0.0,0.0
2015-03-06 00:00:00+09:00,478.51278845285407,479.89178784320814,477.1337890625,477.1337890625,3700,0.0,0.0
2015-03-09 00:00:00+09:00,476.4442111447561,479.2022094726563,475.75471156278104,479.20220947265625,3200,0.0,0.0
2015-03-10 00:00:00+09:00,477.8232103087062,479.2022094726563,472.30721365290583,479.20220947265625,10100,0.0,0.0
2015-03-11 00:00:00+09:00,475.75469970703125,478.5126979662025,475.75469970703125,475.75469970703125,4000,0.0,0.0
2015-03-12 00:00:00+09:00,478.51270853532435,483.3392055954789,477.8232089553023,480.5812072753906,15900,0.0,0.0
2015-03-13 00:00:00+09:00,479.2023171196754,480.5813165934011,476.44431817222403,478.5128173828125,24800,0.0,0.0
2015-03-16 00:00:00+09:00,481.27069091796875,482.6496900323469,478.5126926892125,481.27069091796875,9900,0.0,0.0
2015-03-17 00:00:00+09:00,484.02874904087605,484.02874904087605,481.2707504708426,482.6497497558594,10000,0.0,0.0
2015-03-18 00:00:00+09:00,481.96020643543477,482.64970601545684,480.5812072753906,480.5812072753906,7200,0.0,0.0
2015-03-19 00:00:00+09:00,481.9601904751578,482.6496900323469,479.8916918035906,481.27069091796875,7700,0.0,0.0
2015-03-20 00:00:00+09:00,479.2021764228613,482.64967409496825,479.2021764228613,481.9601745605469,8100,0.0,0.0
2015-03-23 00:00:00+09:00,481.9601904751578,481.9601904751578,479.2021922464015,481.27069091796875,14600,0.0,0.0
2015-03-24 00:00:00+09:00,481.2707068554127,481.96020643543477,479.89170769536855,480.5812072753906,11000,0.0,0.0
2015-03-25 00:00:00+09:00,480.5812086366064,480.5812086366064,478.51270989068126,479.20220947265625,18600,0.0,0.0
2015-03-26 00:00:00+09:00,477.8232552100872,480.5812537971584,477.8232552100872,479.8917541503906,23900,0.0,0.0
2015-03-27 00:00:00+09:00,486.23389404654324,489.0526412584073,479.8917128198492,481.30108642578125,14500,15.0,0.0
2015-03-30 00:00:00+09:00,481.3011278777046,482.7105016050185,477.7776935594198,479.8917541503906,14700,0.0,0.0
2015-03-31 00:00:00+09:00,482.0058147413615,483.41518846867547,477.7776935594198,479.8917541503906,7300,0.0,0.0
2015-04-01 00:00:00+09:00,482.71042027424295,483.41510701916883,478.48229980468756,478.4822998046875,11200,0.0,0.0
2015-04-02 00:00:00+09:00,480.59637282615483,486.23386693555256,479.1869992988054,484.8244934082031,11100,0.0,0.0
2015-04-03 00:00:00+09:00,484.8244166063676,486.9384765625,482.005669998191,486.9384765625,6100,0.0,0.0
2015-04-06 00:00:00+09:00,480.59645508883295,486.9386370474832,480.59645508883295,482.0058288574219,5900,0.0,0.0
2015-04-07 00:00:00+09:00,480.5964745168436,484.11990908075006,480.5964745168436,483.41522216796875,9800,0.0,0.0
2015-04-08 00:00:00+09:00,483.41513600593066,486.9385699418339,481.3010756443887,482.71044921875,9700,0.0,0.0
2015-04-09 00:00:00+09:00,481.3011419731274,484.82457639459983,480.59645508883295,482.0058288574219,9300,0.0,0.0
2015-04-10 00:00:00+09:00,482.7104884619637,485.52923583984375,480.5964279285536,485.52923583984375,10800,0.0,0.0
2015-04-13 00:00:00+09:00,484.1198066445284,486.93855369922727,484.1198066445284,484.8244934082031,10300,0.0,0.0
2015-04-14 00:00:00+09:00,482.71045275701994,486.938573511096,482.71045275701994,486.23388671875,7600,0.0,0.0
2015-04-15 00:00:00+09:00,486.9384977071393,486.9384977071393,479.89163088069733,484.1197509765625,11500,0.0,0.0
2015-04-16 00:00:00+09:00,484.1197509765625,484.1197509765625,482.7103776112741,484.1197509765625,4200,0.0,0.0
2015-04-17 00:00:00+09:00,484.8244376592067,485.5291243418509,483.4150642939183,484.1197509765625,60500,0.0,0.0
2015-04-20 00:00:00+09:00,479.8917682045385,486.23395016318875,479.8917682045385,482.0058288574219,14800,0.0,0.0
2015-04-21 00:00:00+09:00,486.9384977071393,486.9384977071393,481.3010042459857,484.1197509765625,10200,0.0,0.0
2015-04-22 00:00:00+09:00,486.23396981909394,486.93865673187526,482.7105352551875,483.41522216796875,9100,0.0,0.0
2015-04-23 00:00:00+09:00,484.82451313405795,486.938573511096,484.82451313405795,486.23388671875,5200,0.0,0.0
2015-04-24 00:00:00+09:00,489.05267006219384,489.05267006219384,484.82454899537373,485.52923583984375,6900,0.0,0.0
2015-04-27 00:00:00+09:00,485.529199926404,486.938573511096,483.41513954936596,486.23388671875,8100,0.0,0.0
2015-04-28 00:00:00+09:00,486.23392268431377,487.6432963732538,484.1198621509037,485.52923583984375,12200,0.0,0.0
2015-04-30 00:00:00+09:00,485.52918017187784,487.643240462902,481.30105958982955,484.8244934082031,13100,0.0,0.0
2015-05-01 00:00:00+09:00,484.82450958029193,484.82450958029193,480.596388857208,482.71044921875,9500,0.0,0.0
2015-05-07 00:00:00+09:00,484.1198227931113,484.1198227931113,482.71044921875,482.71044921875,7400,0.0,0.0
2015-05-08 00:00:00+09:00,486.9386095287838,488.3479832177238,481.30111477302364,485.52923583984375,13000,0.0,0.0
2015-05-11 00:00:00+09:00,487.6432963732538,488.3479832177238,484.1198621509037,485.52923583984375,15700,0.0,0.0
2015-05-12 00:00:00+09:00,489.75737742888623,522.1729736328125,486.2339430588942,522.1729736328125,106400,0.0,0.0
2015-05-13 00:00:00+09:00,535.5621213329081,539.0855563416773,507.37464126275506,517.9449462890625,88500,0.0,0.0
2015-05-14 00:00:00+09:00,516.5355224609375,521.4683309973994,512.307400858256,516.5355224609375,33400,0.0,0.0
2015-05-15 00:00:00+09:00,514.4213256835938,517.2400726736408,513.716638936082,514.4213256835938,17000,0.0,0.0
2015-05-18 00:00:00+09:00,524.286958523882,524.286958523882,515.8307172573678,520.058837890625,25900,0.0,0.0
2015-05-19 00:00:00+09:00,521.4682186351102,529.9244600183823,520.0588450712316,527.105712890625,36400,0.0,0.0
2015-05-20 00:00:00+09:00,528.5150828303751,529.2197696074824,514.4213472882318,523.582275390625,21200,0.0,0.0
2015-05-21 00:00:00+09:00,524.9916489448393,527.8103960532679,522.1729018364107,523.582275390625,15300,0.0,0.0
2015-05-22 00:00:00+09:00,523.5823835218275,524.2870704444679,517.9448881407042,521.4683227539062,15300,0.0,0.0
2015-05-25 00:00:00+09:00,522.1729054170496,528.5150864545036,522.1729054170496,527.105712890625,30700,0.0,0.0
2015-05-26 00:00:00+09:00,529.2198202862835,529.2198202862835,522.8776386849833,524.99169921875,20600,0.0,0.0
2015-05-27 00:00:00+09:00,522.8775566314982,529.2197372375407,522.8775566314982,527.8103637695312,27800,0.0,0.0
2015-05-28 00:00:00+09:00,529.2197372375407,534.1525443755737,527.1056770355265,527.8103637695312,39200,0.0,0.0
2015-05-29 00:00:00+09:00,528.5151977539062,532.038632405599,526.4011369628906,528.5151977539062,37000,0.0,0.0
2015-06-01 00:00:00+09:00,532.0385806015114,542.6088835273692,532.0385806015114,539.08544921875,42000,0.0,0.0
2015-06-02 00:00:00+09:00,541.9041605419029,541.9041605419029,536.9713528386607,539.7901000976562,18300,0.0,0.0
2015-06-03 00:00:00+09:00,536.9714245222001,540.4948590663091,536.2667376133784,538.3807983398438,12300,0.0,0.0
2015-06-04 00:00:00+09:00,539.0855213730239,541.1995822411534,536.9714605048944,537.6761474609375,23100,0.0,0.0
2015-06-05 00:00:00+09:00,536.9714632034302,544.0183327992758,536.9714632034302,541.1995849609375,33100,0.0,0.0
2015-06-08 00:00:00+09:00,544.018199256798,544.7228860434,541.1994521103896,542.6088256835938,23400,0.0,0.0
2015-06-09 00:00:00+09:00,541.9041062105001,542.608792954597,534.8572387695312,534.8572387695312,65100,0.0,0.0
2015-06-10 00:00:00+09:00,529.924560546875,534.8573689562209,529.2198736312541,529.924560546875,23500,0.0,0.0
2015-06-11 00:00:00+09:00,530.6290827700966,536.9712630422492,530.6290827700966,535.5618896484375,16700,0.0,0.0
2015-06-12 00:00:00+09:00,535.5619148324573,536.9712882925427,532.7431679122865,536.2666015625,21000,0.0,0.0
2015-06-15 00:00:00+09:00,536.9714087165107,551.7698333661783,536.9714087165107,548.2463989257812,42400,0.0,0.0
2015-06-16 00:00:00+09:00,556.7025686410758,557.4072554368239,548.9510138878455,549.6557006835938,41700,0.0,0.0
2015-06-17 00:00:00+09:00,553.1792714008122,554.5886453406869,551.0652104910001,551.7698974609375,29700,0.0,0.0
2015-06-18 00:00:00+09:00,550.3603331650985,550.3603331650985,541.1994057244502,544.7228393554688,15400,0.0,0.0
2015-06-19 00:00:00+09:00,544.7229724295254,548.951093819664,543.3135986328125,543.3135986328125,11500,0.0,0.0
2015-06-22 00:00:00+09:00,545.4275620218386,548.2463091123907,541.9041281586484,544.0181884765625,18900,0.0,0.0
2015-06-23 00:00:00+09:00,546.8370886713761,554.5886453406869,546.8370886713761,551.7698974609375,43500,0.0,0.0
2015-06-24 00:00:00+09:00,553.1792714008122,553.1792714008122,550.3605235210629,551.7698974609375,20100,0.0,0.0
2015-06-25 00:00:00+09:00,550.3603766946231,552.4744370404411,544.0181956571691,551.0650634765625,16700,0.0,0.0
2015-06-26 00:00:00+09:00,550.360362296539,551.065049060043,544.722868188508,548.9509887695312,8400,0.0,0.0
2015-06-29 00:00:00+09:00,536.2667376133784,546.1323543368834,529.9245554339823,538.3807983398438,28200,0.0,0.0
2015-06-30 00:00:00+09:00,535.5620149101308,546.1323178359886,535.5620149101308,539.08544921875,11500,0.0,0.0
2015-07-01 00:00:00+09:00,541.9042248360996,545.4276593278819,541.1995379377432,543.3135986328125,9300,0.0,0.0
2015-07-02 00:00:00+09:00,547.5418203440021,550.3605684538811,544.723072234123,546.1324462890625,16600,0.0,0.0
2015-07-03 00:00:00+09:00,547.5416331898083,548.2463199764103,540.4947653237875,542.6088256835938,10800,0.0,0.0
2015-07-06 00:00:00+09:00,543.3136067015962,544.7229805192397,538.3807983398438,538.3807983398438,13200,0.0,0.0
2015-07-07 00:00:00+09:00,540.4947189982465,549.6556464388948,539.7900322720428,544.7228393554688,15600,0.0,0.0
2015-07-08 00:00:00+09:00,544.7229827513178,546.8370434864459,524.287062311747,526.401123046875,25900,0.0,0.0
2015-07-09 00:00:00+09:00,515.8307917668269,524.2870342548077,503.1464280348558,522.1729736328125,46400,0.0,0.0
2015-07-10 00:00:00+09:00,524.2870342548077,527.8104686247997,518.6495392628206,522.1729736328125,11800,0.0,0.0
2015-07-13 00:00:00+09:00,522.877680528069,532.0386102408249,522.877680528069,531.3339233398438,13300,0.0,0.0
2015-07-14 00:00:00+09:00,537.6761474609375,541.1995822411534,536.9714605048944,537.6761474609375,8200,0.0,0.0
2015-07-15 00:00:00+09:00,539.7900369128341,581.3665541163031,539.7900369128341,560.2259521484375,176100,0.0,0.0
2015-07-16 00:00:00+09:00,565.8634285238844,573.6149823392801,562.3399949714319,566.568115234375,51200,0.0,0.0
2015-07-17 00:00:00+09:00,567.272834108587,567.272834108587,558.8165931032415,562.3400268554688,30300,0.0,0.0
2015-07-21 00:00:00+09:00,569.3870320790419,569.3870320790419,560.2261021074731,564.4542236328125,30000,0.0,0.0
2015-07-22 00:00:00+09:00,565.1587954888716,565.1587954888716,559.5213012695312,559.5213012695312,10200,0.0,0.0
2015-07-23 00:00:00+09:00,560.9306748243664,560.9306748243664,555.9978673824436,559.5213012695312,13500,0.0,0.0
2015-07-24 00:00:00+09:00,560.2259807197415,560.2259807197415,548.9509924285265,552.4744262695312,22300,0.0,0.0
2015-07-27 00:00:00+09:00,552.4745365162794,552.4745365162794,535.5620507045566,538.3807983398438,45200,0.0,0.0
2015-07-28 00:00:00+09:00,533.4478652813375,538.3806724900156,525.6963110962719,534.8572387695312,20600,0.0,0.0
2015-07-29 00:00:00+09:00,535.5619975282777,542.6088659168076,530.6291896563067,533.4479370117188,13200,0.0,0.0
2015-07-30 00:00:00+09:00,535.5619148324573,546.1322157830979,535.5619148324573,536.2666015625,10400,0.0,0.0
2015-07-31 00:00:00+09:00,541.9040924506539,545.4275260816725,537.6759720934316,544.7228393554688,13100,0.0,0.0
2015-08-03 00:00:00+09:00,544.7228860434,547.5416331898083,535.5619578175731,542.6088256835938,20700,0.0,0.0
2015-08-04 00:00:00+09:00,547.5417675971985,548.2464545567831,539.7902110417684,541.1995849609375,9800,0.0,0.0
2015-08-05 00:00:00+09:00,549.6556826576668,549.6556826576668,539.0853810680962,544.0181884765625,7800,0.0,0.0
2015-08-06 00:00:00+09:00,544.0182185323891,551.0650866480936,508.07919114229605,512.3073120117188,81100,0.0,0.0
2015-08-07 00:00:00+09:00,501.73693711644756,505.9650573730468,486.9385162183501,505.9650573730469,98900,0.0,0.0
2015-08-10 00:00:00+09:00,503.85118513759045,505.26055908203125,493.28088055428435,505.26055908203125,40200,0.0,0.0
2015-08-11 00:00:00+09:00,506.669888789736,513.0120709859914,506.669888789736,510.89801025390625,30600,0.0,0.0
2015-08-12 00:00:00+09:00,510.19317762964613,510.8978643390793,503.8509972447472,505.9650573730469,19800,0.0,0.0
2015-08-13 00:00:00+09:00,503.14638740166083,508.7838819383741,500.32764013330416,503.85107421875,22100,0.0,0.0
2015-08-14 00:00:00+09:00,502.44170058457166,506.6698214871066,501.7370137674825,503.85107421875,14500,0.0,0.0
2015-08-17 00:00:00+09:00,494.69014559659087,507.3745083041958,494.69014559659087,503.85107421875,25800,0.0,0.0
2015-08-18 00:00:00+09:00,505.9651770828837,513.0120458444837,496.80424769280364,510.19329833984375,28600,0.0,0.0
2015-08-19 00:00:00+09:00,510.89804361526427,510.89804361526427,505.9652349182893,506.669921875,19200,0.0,0.0
2015-08-20 00:00:00+09:00,502.441625187906,504.5556853219365,501.73693847656256,501.7369384765625,14100,0.0,0.0
2015-08-21 00:00:00+09:00,496.09960374639775,499.62303843209656,489.052734375,489.052734375,42800,0.0,0.0
2015-08-24 00:00:00+09:00,483.415119563414,490.46198719553377,472.8448181152344,472.8448181152344,73500,0.0,0.0
2015-08-25 00:00:00+09:00,439.724560546875,480.5963947002705,439.724560546875,458.0464172363281,58100,0.0,0.0
2015-08-26 00:00:00+09:00,472.140159888669,477.0729675292969,457.34173696678533,477.0729675292969,29200,0.0,0.0
2015-08-27 00:00:00+09:00,484.11990908075006,488.3480305574378,482.0058483424062,483.41522216796875,21800,0.0,0.0
2015-08-28 00:00:00+09:00,498.2136001586914,498.2136001586914,490.4620448521206,493.2807922363281,15000,0.0,0.0
2015-08-31 00:00:00+09:00,493.2808363368746,493.2808363368746,482.7105327010844,487.6433410644531,9800,0.0,0.0
2015-09-01 00:00:00+09:00,487.64335753854397,487.64335753854397,475.6636796799381,477.7777404785156,11900,0.0,0.0
2015-09-02 00:00:00+09:00,471.4353795781866,477.77755957251196,469.3213195800781,469.3213195800781,10600,0.0,0.0
2015-09-03 00:00:00+09:00,471.4355273382596,479.18708309419515,470.0261535644531,470.0261535644531,10200,0.0,0.0
2015-09-04 00:00:00+09:00,474.25422271821844,477.7776567651591,458.0464261022912,460.86517333984375,27900,0.0,0.0
2015-09-07 00:00:00+09:00,458.0464261022912,466.5026678149489,455.9323656741268,460.86517333984375,15900,0.0,0.0
2015-09-08 00:00:00+09:00,463.68388613567146,465.7979464068068,456.63701856522056,457.3417053222656,7700,0.0,0.0
2015-09-09 00:00:00+09:00,462.97918400101594,471.4354248046875,461.5698105337374,471.4354248046875,16100,0.0,0.0
2015-09-10 00:00:00+09:00,465.7980322430338,470.0261535644531,462.97928469542086,470.0261535644531,5800,0.0,0.0
2015-09-11 00:00:00+09:00,470.7307524908157,474.25418626694454,468.61669222513837,473.54949951171875,21600,0.0,0.0
2015-09-14 00:00:00+09:00,477.0730506930982,482.00585919361765,473.54961604987,474.2543029785156,10800,0.0,0.0
2015-09-15 00:00:00+09:00,479.8916894585423,482.0057497645271,469.3213879286185,476.3682556152344,138300,0.0,0.0
2015-09-16 00:00:00+09:00,479.8916479265809,494.69006878775303,479.8916479265809,493.9853820800781,30000,0.0,0.0
2015-09-17 00:00:00+09:00,495.3949417676196,498.21368965818925,493.2808808496923,497.5090026855469,18200,0.0,0.0
2015-09-18 00:00:00+09:00,496.80426575920796,499.62301336635244,486.9386491342024,496.0995788574219,21400,0.0,0.0
2015-09-24 00:00:00+09:00,496.0994853670635,497.5088589050381,487.6432441392158,488.3479309082031,13900,0.0,0.0
2015-09-25 00:00:00+09:00,488.3479398839614,496.80418126723345,484.11981919232534,491.16668701171875,15200,0.0,0.0
2015-09-28 00:00:00+09:00,497.6011925899621,499.746025316643,489.0218616832386,495.45635986328125,16800,10.0,0.0
2015-09-29 00:00:00+09:00,490.45178434711926,490.45178434711926,473.29312133789057,473.2931213378906,11900,0.0,0.0
2015-09-30 00:00:00+09:00,477.582744378635,486.16207511597577,477.582744378635,484.0172424316406,8200,0.0,0.0
2015-10-01 00:00:00+09:00,487.59194564257524,488.3068898443972,469.00339639520433,485.4471130371094,7900,0.0,0.0
2015-10-02 00:00:00+09:00,481.87252222471886,485.44724419967963,479.72768903974236,484.7322998046875,3800,0.0,0.0
2015-10-05 00:00:00+09:00,485.4471383269326,490.4517480004061,485.4471383269326,488.3069152832031,9600,0.0,0.0
2015-10-06 00:00:00+09:00,490.45184326171875,492.59667639551634,487.5920657499886,490.45184326171875,8000,0.0,0.0
2015-10-07 00:00:00+09:00,487.59195324974337,489.7367858886719,486.162064823791,489.7367858886719,7200,0.0,0.0
2015-10-08 00:00:00+09:00,491.1666944099195,498.3161368321891,491.1666944099195,495.45635986328125,10800,0.0,0.0
2015-10-09 00:00:00+09:00,495.4564187622071,500.46102905273443,495.4564187622071,500.4610290527344,6600,0.0,0.0
2015-10-13 00:00:00+09:00,495.4563939324741,498.3161710980295,492.5966167669187,497.6012268066406,5600,0.0,0.0
2015-10-14 00:00:00+09:00,492.59661865234375,499.7460615935969,488.3069528875918,492.59661865234375,13300,0.0,0.0
2015-10-15 00:00:00+09:00,490.45183182862036,496.88633108001625,490.45183182862036,496.17138671875,4200,0.0,0.0
2015-10-16 00:00:00+09:00,500.46097696765463,502.60580972608744,495.4563671979781,499.74603271484375,15900,0.0,0.0
2015-10-19 00:00:00+09:00,497.6012268066407,499.7460596808072,494.74144964108524,497.6012268066406,6200,0.0,0.0
2015-10-20 00:00:00+09:00,493.3115234375,501.17591004302534,492.59657920063404,493.3115234375,5000,0.0,0.0
2015-10-21 00:00:00+09:00,493.3116092736852,496.17138671875,492.596664912419,496.17138671875,8200,0.0,0.0
2015-10-22 00:00:00+09:00,496.17131672591614,500.46098228838804,496.17131672591614,496.8862609863281,5000,0.0,0.0
2015-10-23 00:00:00+09:00,501.1759858308015,504.03576321072046,500.46104148582174,501.89093017578125,11200,0.0,0.0
2015-10-26 00:00:00+09:00,500.46104148582174,506.18059624565973,497.60126410590277,501.89093017578125,32600,0.0,0.0
2015-10-27 00:00:00+09:00,504.03576321072046,504.7507075557002,499.746097140842,501.89093017578125,8700,0.0,0.0
2015-10-28 00:00:00+09:00,501.1759678233754,503.32080078125,501.1759678233754,503.32080078125,6400,0.0,0.0
2015-10-29 00:00:00+09:00,503.32070535395866,505.46553790518294,501.1758728027344,501.1758728027344,12700,0.0,0.0
2015-10-30 00:00:00+09:00,501.17592122046557,501.17592122046557,497.6011999564109,499.74603271484375,15100,0.0,0.0
2015-11-02 00:00:00+09:00,496.8863186257423,504.0357620592062,491.88170822231757,494.7414855957031,14700,0.0,0.0
2015-11-04 00:00:00+09:00,496.1712596641912,499.7459805551436,496.1712596641912,499.0310363769531,6300,0.0,0.0
2015-11-05 00:00:00+09:00,500.46098228838804,501.1759265488,492.59659542385623,496.8862609863281,14600,0.0,0.0
2015-11-06 00:00:00+09:00,496.8862609863281,499.74603802797606,494.7414282050922,496.8862609863281,22100,0.0,0.0
2015-11-09 00:00:00+09:00,504.0357252123647,512.6150567053411,501.89089233912057,509.7552795410156,47900,0.0,0.0
2015-11-10 00:00:00+09:00,509.7552759734678,510.47022025954556,505.465610257001,507.6104431152344,15100,0.0,0.0
2015-11-11 00:00:00+09:00,504.7506695034461,512.6150567053411,504.0357252123647,509.7552795410156,10400,0.0,0.0
2015-11-12 00:00:00+09:00,511.90009441242347,512.6150386783627,506.18054028491036,511.1851501464844,32400,0.0,0.0
2015-11-13 00:00:00+09:00,511.18525080320217,512.6151396166377,503.32086232930675,510.4703063964844,11800,0.0,0.0
2015-11-16 00:00:00+09:00,507.6105927679124,508.3255372647686,503.3209257867751,505.46575927734375,8700,0.0,0.0
2015-11-17 00:00:00+09:00,510.47014103578715,510.47014103578715,507.61036433530654,509.0402526855469,9400,0.0,0.0
2015-11-18 00:00:00+09:00,509.04038044557734,509.7553248001357,503.32082560911016,506.18060302734375,15300,0.0,0.0
2015-11-19 00:00:00+09:00,507.6105099426788,507.6105099426788,501.89095490107115,504.750732421875,11300,0.0,0.0
2015-11-20 00:00:00+09:00,504.750732421875,505.46567680207596,501.89095490107115,504.750732421875,7100,0.0,0.0
2015-11-24 00:00:00+09:00,504.75058763482593,509.0402526855469,504.0356434597058,509.0402526855469,12000,0.0,0.0
2015-11-25 00:00:00+09:00,509.0402526855469,511.1850852109073,506.18047598506627,509.0402526855469,9900,0.0,0.0
2015-11-26 00:00:00+09:00,515.474929639081,515.474929639081,506.18065212825155,511.90020751953125,8900,0.0,0.0
2015-11-27 00:00:00+09:00,511.8999458674268,513.329833984375,509.75511369200467,513.329833984375,7700,0.0,0.0
2015-11-30 00:00:00+09:00,511.1850018089528,513.329833984375,506.89533745810843,513.329833984375,7700,0.0,0.0
2015-12-01 00:00:00+09:00,513.330081341832,517.6197477597304,512.615136938849,515.4749145507812,15300,0.0,0.0
2015-12-02 00:00:00+09:00,515.4749177542839,521.9094174211197,515.4749177542839,517.6197509765625,21000,0.0,0.0
2015-12-03 00:00:00+09:00,517.6197360736026,521.1944580078125,517.6197360736026,521.1944580078125,6400,0.0,0.0
2015-12-04 00:00:00+09:00,516.18986216171,519.764584198841,515.4749177542839,517.6197509765625,12400,0.0,0.0
2015-12-07 00:00:00+09:00,521.9094174211197,521.9094174211197,516.9048065691363,517.6197509765625,9100,0.0,0.0
2015-12-08 00:00:00+09:00,517.6197875976562,517.6197875976562,512.6151763916015,514.760009765625,7500,0.0,0.0
2015-12-09 00:00:00+09:00,518.334611033992,519.7644996161548,509.7552795410156,509.7552795410156,18400,0.0,0.0
2015-12-10 00:00:00+09:00,509.0403352499343,514.7598895785852,506.89550237669016,509.7552795410156,13100,0.0,0.0
2015-12-11 00:00:00+09:00,504.0355612242122,513.329833984375,504.0355612242122,513.329833984375,17800,0.0,0.0
2015-12-14 00:00:00+09:00,511.18525080320217,511.18525080320217,505.46569554946007,510.4703063964844,8600,0.0,0.0
2015-12-15 00:00:00+09:00,513.3299974038567,515.4748302620901,507.6104431152344,507.6104431152344,7100,0.0,0.0
2015-12-16 00:00:00+09:00,508.3253874013122,511.18516454562337,506.1805545430788,507.6104431152344,10600,0.0,0.0
2015-12-17 00:00:00+09:00,511.1852630956213,515.474929639081,511.1852630956213,511.90020751953125,7500,0.0,0.0
2015-12-18 00:00:00+09:00,514.0448619113879,514.0448619113879,509.0402526855469,509.0402526855469,4500,0.0,0.0
2015-12-21 00:00:00+09:00,503.3207792496444,507.6104449818857,501.17594638352375,502.6058349609375,19400,0.0,0.0
2015-12-22 00:00:00+09:00,503.3208188657407,504.03576321072046,501.1759858308015,501.89093017578125,11100,0.0,0.0
2015-12-24 00:00:00+09:00,505.46553790518294,506.89542627266576,500.46092861899297,501.1758728027344,10600,0.0,0.0
2015-12-25 00:00:00+09:00,501.1758728027344,501.1758728027344,501.1758728027344,501.1758728027344,0,0.0,0.0
2015-12-28 00:00:00+09:00,506.18065523404897,514.0450439453125,504.03582194915896,514.0450439453125,12100,0.0,0.0
2015-12-29 00:00:00+09:00,514.044886250054,516.9046630859375,511.9000536231414,516.9046630859375,7900,0.0,0.0
2015-12-30 00:00:00+09:00,513.3301208496093,516.1898986816406,511.18528747558594,514.760009765625,6700,0.0,0.0
2016-01-04 00:00:00+09:00,515.4748796366029,515.4748796366029,506.18060302734375,506.18060302734375,8600,0.0,0.0
2016-01-05 00:00:00+09:00,506.18070377419997,511.18531525219345,505.46575927734375,505.46575927734375,6900,0.0,0.0
2016-01-06 00:00:00+09:00,506.18060302734375,510.4702691546941,504.7507143182269,506.18060302734375,4100,0.0,0.0
2016-01-07 00:00:00+09:00,506.18048717438575,506.18048717438575,498.31610107421875,498.31610107421875,9300,0.0,0.0
2016-01-08 00:00:00+09:00,497.60118885869565,501.8908542798913,493.3115234375,493.3115234375,18600,0.0,0.0
2016-01-12 00:00:00+09:00,494.0264616252048,498.3161269938752,484.01724243164057,484.0172424316406,21500,0.0,0.0
2016-01-13 00:00:00+09:00,484.01733161970884,493.31160829778304,484.01733161970884,489.0219421386719,10900,0.0,0.0
2016-01-14 00:00:00+09:00,479.7275429564343,485.4470963746928,478.2976546018697,481.87237548828125,15000,0.0,0.0
2016-01-15 00:00:00+09:00,481.87237548828125,486.16204055197517,479.7275429564343,481.87237548828125,10300,0.0,0.0
2016-01-18 00:00:00+09:00,476.1529110828078,476.1529110828078,468.2885236625212,474.7230224609375,24200,0.0,0.0
2016-01-19 00:00:00+09:00,468.2885077654501,487.5920035054,468.2885077654501,471.1482849121094,7300,0.0,0.0
2016-01-20 00:00:00+09:00,471.8632201199213,471.8632201199213,459.7091674804688,459.70916748046875,11600,0.0,0.0
2016-01-21 00:00:00+09:00,458.9943165964894,465.42881636186075,440.40576171874994,440.40576171875,81000,0.0,0.0
2016-01-22 00:00:00+09:00,453.9896150971627,467.57355633629044,453.9896150971627,466.8586120605469,14500,0.0,0.0
2016-01-25 00:00:00+09:00,472.57821316704565,474.0081018604406,468.28854708686066,470.4333801269531,4300,0.0,0.0
2016-01-26 00:00:00+09:00,470.4333444048268,470.4333444048268,458.27929143388144,461.1390686035156,9400,0.0,0.0
2016-01-27 00:00:00+09:00,468.28854708686066,471.14832447365063,468.28854708686066,470.4333801269531,2100,0.0,0.0
2016-01-28 00:00:00+09:00,471.86341642602093,471.86341642602093,465.4289152929388,466.14385986328125,3700,0.0,0.0
2016-01-29 00:00:00+09:00,471.86324521719695,474.7230224609375,464.7138021078455,474.7230224609375,6300,0.0,0.0
2016-02-01 00:00:00+09:00,477.5827584039597,481.8724238986061,474.00803715842113,480.4425354003906,38300,0.0,0.0
2016-02-02 00:00:00+09:00,476.1529326245301,480.4425986842105,474.00809959468984,475.43798828125,5200,0.0,0.0
2016-02-03 00:00:00+09:00,477.5828270154713,477.5828270154713,468.28855044181694,472.5782165527344,7500,0.0,0.0
2016-02-04 00:00:00+09:00,472.5781643928303,472.5781643928303,458.9942232075598,459.70916748046875,17000,0.0,0.0
2016-02-05 00:00:00+09:00,466.1437173863582,473.29316090455393,462.5689956272604,472.5782165527344,11500,0.0,0.0
2016-02-08 00:00:00+09:00,464.7138088852612,479.72763963386194,464.7138088852612,479.0126953125,9200,0.0,0.0
2016-02-09 00:00:00+09:00,466.85866067303306,479.01271462623606,464.7138276224678,465.42877197265625,8900,0.0,0.0
2016-02-10 00:00:00+09:00,466.85854934596415,471.86315860388413,451.12977739250135,454.7044982910156,16000,0.0,0.0
2016-02-12 00:00:00+09:00,439.69078592734763,446.1252852336015,433.25628662109375,433.25628662109375,21900,0.0,0.0
2016-02-15 00:00:00+09:00,443.9803771972657,456.13442939107165,443.2654329505712,443.9803771972656,14700,0.0,0.0
2016-02-16 00:00:00+09:00,442.55059497387373,444.6954282289975,438.26092846362616,440.40576171875,21000,0.0,0.0
2016-02-17 00:00:00+09:00,438.2608890873493,443.9804439204632,438.2608890873493,441.12066650390625,8900,0.0,0.0
2016-02-18 00:00:00+09:00,449.6999402446132,450.41488450573337,439.6907205889302,443.26544189453125,15100,0.0,0.0
2016-02-19 00:00:00+09:00,439.69073486328125,443.2654562849339,439.69073486328125,439.69073486328125,6000,0.0,0.0
2016-02-22 00:00:00+09:00,443.98038615565144,449.6999402446132,442.55049763341106,443.26544189453125,8800,0.0,0.0
2016-02-23 00:00:00+09:00,443.26544189453125,448.9849959834929,443.26544189453125,443.26544189453125,8300,0.0,0.0
2016-02-24 00:00:00+09:00,443.26542030050985,451.8447510160036,441.8355318479276,442.55047607421875,8200,0.0,0.0
2016-02-25 00:00:00+09:00,443.9804022949219,448.2700680175781,441.1206251464844,446.8401794433594,10300,0.0,0.0
2016-02-26 00:00:00+09:00,450.4149225497017,451.84481119271663,446.84020094216436,447.5551452636719,7500,0.0,0.0
2016-02-29 00:00:00+09:00,447.55508565825676,456.13441637375047,441.8355318479276,442.55047607421875,14900,0.0,0.0
2016-03-01 00:00:00+09:00,443.26545445482066,446.12523158033565,441.8355658920632,444.6953430175781,9500,0.0,0.0
2016-03-02 00:00:00+09:00,446.12519438684836,455.4194692699077,444.69530594330075,452.5596923828125,15000,0.0,0.0
2016-03-03 00:00:00+09:00,452.5597424678237,458.279296875,450.4149095651326,458.279296875,7100,0.0,0.0
2016-03-04 00:00:00+09:00,459.7091532577703,463.2838745117188,458.27926475619097,463.28387451171875,10400,0.0,0.0
2016-03-07 00:00:00+09:00,464.71397072259634,468.28869357430864,464.71397072259634,466.14385986328125,6600,0.0,0.0
2016-03-08 00:00:00+09:00,467.5735002467739,468.28844443675365,456.84933739707725,463.998779296875,8400,0.0,0.0
2016-03-09 00:00:00+09:00,459.7091406949164,461.8539733886719,459.7091406949164,461.8539733886719,2700,0.0,0.0
2016-03-10 00:00:00+09:00,465.4289152929388,468.28869357430864,461.1392478708841,466.14385986328125,6400,0.0,0.0
2016-03-11 00:00:00+09:00,461.1390578545984,471.14827771500825,461.1390578545984,466.8586120605469,11600,0.0,0.0
2016-03-14 00:00:00+09:00,473.29315751374315,474.0081018604406,466.14371404676814,470.4333801269531,13700,0.0,0.0
2016-03-15 00:00:00+09:00,470.43335659532664,479.0126883265484,469.00346797345634,474.7230224609375,9200,0.0,0.0
2016-03-16 00:00:00+09:00,473.29312133789057,479.01267567430017,472.5781770458394,473.2931213378906,6500,0.0,0.0
2016-03-17 00:00:00+09:00,474.72300992199297,476.86784279814657,471.8632327537882,473.2931213378906,5900,0.0,0.0
2016-03-18 00:00:00+09:00,472.57836099636336,472.57836099636336,461.1392478708841,466.14385986328125,15600,0.0,0.0
2016-03-22 00:00:00+09:00,471.8631366351703,476.1528015136719,470.43324834233647,476.1528015136719,9700,0.0,0.0
2016-03-23 00:00:00+09:00,476.1528015136719,476.8677456600888,473.2930249280042,476.1528015136719,9000,0.0,0.0
2016-03-24 00:00:00+09:00,476.86785539374296,476.86785539374296,473.29313383906725,474.7230224609375,13800,0.0,0.0
2016-03-25 00:00:00+09:00,477.58277803308823,479.01266659007354,469.00344669117646,474.008056640625,17900,0.0,0.0
2016-03-28 00:00:00+09:00,476.8678894042969,477.5828337662224,473.2931675946695,476.8678894042969,14700,0.0,0.0
2016-03-29 00:00:00+09:00,473.2109387522411,482.71904107647464,473.2109387522411,481.2562561035156,8300,15.0,0.0
2016-03-30 00:00:00+09:00,477.5992288662724,480.5247984152236,475.40505170455907,476.1364440917969,5900,0.0,0.0
2016-03-31 00:00:00+09:00,476.1364252678702,476.1364252678702,469.55389404296875,469.55389404296875,6600,0.0,0.0
2016-04-01 00:00:00+09:00,471.7481330251009,471.7481330251009,458.5830688476562,458.58306884765625,15100,0.0,0.0
2016-04-04 00:00:00+09:00,460.77720354188165,466.62834263447695,460.0458111553072,465.1655578613281,8600,0.0,0.0
2016-04-05 00:00:00+09:00,465.16551792353295,465.16551792353295,454.926025390625,454.926025390625,6000,0.0,0.0
2016-04-06 00:00:00+09:00,454.9261357691381,460.04588327779396,449.8063882604822,450.53778076171875,10600,0.0,0.0
2016-04-07 00:00:00+09:00,446.880818255536,454.1947432679015,446.880818255536,450.53778076171875,8600,0.0,0.0
2016-04-08 00:00:00+09:00,445.41798095703126,457.12025960286456,445.41798095703126,449.80633544921875,12600,0.0,0.0
2016-04-11 00:00:00+09:00,449.8063517783633,453.46331398794354,436.6412878238746,448.34356689453125,17400,0.0,0.0
2016-04-12 00:00:00+09:00,446.1493733723958,451.2691202799479,432.98430989583335,449.80633544921875,12900,0.0,0.0
2016-04-13 00:00:00+09:00,452.000558743811,459.3144836425781,452.000558743811,459.3144836425781,8300,0.0,0.0
2016-04-14 00:00:00+09:00,459.314514828773,467.3598327636719,458.5831222892367,467.3598327636719,8400,0.0,0.0
2016-04-15 00:00:00+09:00,467.35978212567153,467.35978212567153,462.2400349036376,463.70281982421875,7100,0.0,0.0
2016-04-18 00:00:00+09:00,457.8516845703125,464.43421677659495,456.388899635583,457.8516845703125,8000,0.0,0.0
2016-04-19 00:00:00+09:00,462.2399211961888,464.4340980373099,460.0457443550676,462.9713134765625,5000,0.0,0.0
2016-04-20 00:00:00+09:00,467.35977389117863,467.35977389117863,462.97141920675443,464.4342041015625,6200,0.0,0.0
2016-04-21 00:00:00+09:00,462.23997045974494,469.55389404296875,460.0457933847778,469.55389404296875,14200,0.0,0.0
2016-04-22 00:00:00+09:00,469.55386515171926,469.55386515171926,462.97133433183535,466.6282958984375,5200,0.0,0.0
2016-04-25 00:00:00+09:00,473.94225636212946,473.94225636212946,465.16554791097894,468.822509765625,7400,0.0,0.0
2016-04-26 00:00:00+09:00,471.74804209168053,471.74804209168053,462.97133433183535,466.6282958984375,6300,0.0,0.0
2016-04-27 00:00:00+09:00,466.628389665381,468.0911745859621,461.508642443347,463.70281982421875,6600,0.0,0.0
2016-04-28 00:00:00+09:00,463.7028751524428,474.6737633658287,460.77730496220653,461.5086975097656,10600,0.0,0.0
2016-05-02 00:00:00+09:00,453.4632037876111,460.0457341651732,451.26902699509037,452.7318115234375,15400,0.0,0.0
2016-05-06 00:00:00+09:00,457.12016510847894,462.2399109576939,450.5376347309168,452.7318115234375,11800,0.0,0.0
2016-05-09 00:00:00+09:00,446.8807416502326,454.1946654088289,446.8807416502326,452.00048828125,4700,0.0,0.0
2016-05-10 00:00:00+09:00,452.7319512336877,466.6284085413453,452.7319512336877,459.3144836425781,5700,0.0,0.0
2016-05-11 00:00:00+09:00,465.16560474479985,466.628389665381,462.2400349036376,463.70281982421875,5500,0.0,0.0
2016-05-12 00:00:00+09:00,454.92606022627064,460.77719926455063,454.92606022627064,460.0458068847656,5900,0.0,0.0
2016-05-13 00:00:00+09:00,457.85157424111406,488.5700504681536,454.9260050766341,479.06195068359375,30200,0.0,0.0
2016-05-16 00:00:00+09:00,489.3015853238393,490.76437033228126,482.7190527858504,485.6446228027344,34600,0.0,0.0
2016-05-17 00:00:00+09:00,486.37590402665404,493.6898273954759,485.64451168977183,492.95843505859375,17100,0.0,0.0
2016-05-18 00:00:00+09:00,491.49565038482933,496.6153967430046,488.5700810373006,492.95843505859375,11300,0.0,0.0
2016-05-19 00:00:00+09:00,493.6898945705577,497.3468567525619,490.0329323885536,495.1526794433594,13500,0.0,0.0
2016-05-20 00:00:00+09:00,492.22710760399457,498.0782470703125,492.22710760399457,498.0782470703125,6700,0.0,0.0
2016-05-23 00:00:00+09:00,498.0783329516386,498.0783329516386,490.76440735763504,495.8841552734375,8700,0.0,0.0
2016-05-24 00:00:00+09:00,494.42120361328125,495.1525959263186,490.7642420480942,494.42120361328125,7800,0.0,0.0
2016-05-25 00:00:00+09:00,494.42128700695855,496.6154643161611,491.49571726135525,495.1526794433594,5700,0.0,0.0
2016-05-26 00:00:00+09:00,497.3467728654308,497.3467728654308,490.7642420480942,494.42120361328125,7900,0.0,0.0
2016-05-27 00:00:00+09:00,491.4957379708583,492.95852290529535,486.37599070032854,487.8387756347656,6900,0.0,0.0
2016-05-30 00:00:00+09:00,487.8386375986051,491.49559889994396,487.8386375986051,489.3014221191406,10900,0.0,0.0
2016-05-31 00:00:00+09:00,487.8386375986051,493.68977568074723,483.4502840369984,489.3014221191406,18100,0.0,0.0
2016-06-01 00:00:00+09:00,488.57017990951204,495.8841047584568,488.57017990951204,492.2271423339844,6600,0.0,0.0
2016-06-02 00:00:00+09:00,492.2271100185429,492.2271100185429,484.18179321289057,484.1817932128906,3700,0.0,0.0
2016-06-03 00:00:00+09:00,479.06207184293373,495.8840987931436,479.06207184293373,490.032958984375,3300,0.0,0.0
2016-06-06 00:00:00+09:00,484.1818132986729,489.30156056920265,483.4504208314544,487.8387756347656,11000,0.0,0.0
2016-06-07 00:00:00+09:00,484.9131774902344,491.4957093113688,483.4503926410934,484.9131774902344,6500,0.0,0.0
2016-06-08 00:00:00+09:00,482.71889177673063,491.49559889994396,482.71889177673063,489.3014221191406,5900,0.0,0.0
2016-06-09 00:00:00+09:00,489.30154027103293,489.30154027103293,481.98761590225814,484.1817932128906,5900,0.0,0.0
2016-06-10 00:00:00+09:00,489.30154027103293,490.0329327079104,479.7934385916257,484.1817932128906,12000,0.0,0.0
2016-06-13 00:00:00+09:00,484.18180138476856,488.5701560800988,479.06205424021664,483.4504089355469,16200,0.0,0.0
2016-06-14 00:00:00+09:00,481.2561564930292,484.91311816850816,478.33058715264605,481.987548828125,10200,0.0,0.0
2016-06-15 00:00:00+09:00,482.7190268911966,484.18181182116996,479.79345703125,479.79345703125,3900,0.0,0.0
2016-06-16 00:00:00+09:00,465.89698899637057,473.94230591781496,459.31445696973424,464.4342041015625,125900,0.0,0.0
2016-06-17 00:00:00+09:00,468.8224552225622,472.47941665175534,468.8224552225622,471.0166320800781,7100,0.0,0.0
2016-06-20 00:00:00+09:00,471.01672967029316,476.1364767319268,471.01672967029316,473.2109069824219,5800,0.0,0.0
2016-06-21 00:00:00+09:00,471.0168702295221,481.2563674084248,470.2854775738862,476.8680114746094,7900,0.0,0.0
2016-06-22 00:00:00+09:00,481.9875376838014,481.9875376838014,472.4794375473987,474.6736145019531,3600,0.0,0.0
2016-06-23 00:00:00+09:00,471.0166609022353,475.40501488579645,469.5538762410482,473.9422302246094,4400,0.0,0.0
2016-06-24 00:00:00+09:00,481.9876495311867,481.9876495311867,450.5377725511548,451.2691650390625,19200,0.0,0.0
2016-06-27 00:00:00+09:00,451.2691303222656,459.3144470703125,450.53773789062495,457.1202697753906,11100,0.0,0.0
2016-06-28 00:00:00+09:00,455.65755712929314,467.35983789023805,452.7319869390569,461.5086975097656,10100,0.0,0.0
2016-06-29 00:00:00+09:00,469.5539021365542,472.47947162027106,467.3597250237666,468.822509765625,12500,0.0,0.0
2016-06-30 00:00:00+09:00,472.4795145450456,476.1364767319268,472.4795145450456,473.2109069824219,9700,0.0,0.0
2016-07-01 00:00:00+09:00,479.79336886935766,479.79336886935766,473.94223022460943,473.9422302246094,1600,0.0,0.0
2016-07-04 00:00:00+09:00,476.867869169303,477.59926160667925,471.74812210766936,473.2109069824219,4800,0.0,0.0
2016-07-05 00:00:00+09:00,469.55389404296875,469.55389404296875,467.35971696800163,469.55389404296875,5900,0.0,0.0
2016-07-06 00:00:00+09:00,469.55395123339076,469.55395123339076,462.24002675935037,464.4342041015625,9400,0.0,0.0
2016-07-07 00:00:00+09:00,462.9714602515811,462.9714602515811,458.5831051781064,460.77728271484375,6300,0.0,0.0
2016-07-08 00:00:00+09:00,466.6283713867187,466.6283713867187,457.12026977539057,457.1202697753906,8700,0.0,0.0
2016-07-11 00:00:00+09:00,457.12026977539057,457.12026977539057,457.12026977539057,457.1202697753906,0,0.0,0.0
2016-07-12 00:00:00+09:00,465.89704768459933,472.47958054042573,465.89704768459933,467.3598327636719,9500,0.0,0.0
2016-07-13 00:00:00+09:00,472.4795003255208,476.86785481770835,468.8225382486979,471.74810791015625,5700,0.0,0.0
2016-07-14 00:00:00+09:00,466.6283246096792,478.3306023428373,466.6283246096792,469.55389404296875,9800,0.0,0.0
2016-07-15 00:00:00+09:00,473.210884590267,479.06202381240325,470.2853149791989,472.4794921875,6500,0.0,0.0
2016-07-19 00:00:00+09:00,471.7481038909959,478.3306355731958,471.7481038909959,477.5992431640625,16600,0.0,0.0
2016-07-20 00:00:00+09:00,472.4794598858173,478.33059870793267,471.74806753305285,475.405029296875,7200,0.0,0.0
2016-07-21 00:00:00+09:00,475.4050659366625,477.5992431640625,473.2108887092625,477.5992431640625,4500,0.0,0.0
2016-07-22 00:00:00+09:00,473.21104819642983,476.8680114746094,472.47965554079394,476.8680114746094,4600,0.0,0.0
2016-07-25 00:00:00+09:00,476.867869169303,480.52483135618417,465.8969826086595,473.2109069824219,13500,0.0,0.0
2016-07-26 00:00:00+09:00,477.5992327700507,477.5992327700507,467.35973926502663,470.2853088378906,17500,0.0,0.0
2016-07-27 00:00:00+09:00,470.2853372329169,478.33065404405545,470.2853372329169,473.2109069824219,3400,0.0,0.0
2016-07-28 00:00:00+09:00,471.748099784733,473.210884590267,470.2853149791989,472.4794921875,4100,0.0,0.0
2016-07-29 00:00:00+09:00,468.8224981219952,476.13642164963943,468.8224981219952,475.405029296875,26000,0.0,0.0
2016-08-01 00:00:00+09:00,476.13640721639,476.13640721639,472.47944556342236,473.9422302246094,2500,0.0,0.0
2016-08-02 00:00:00+09:00,472.4794375473987,478.33057609287727,472.4794375473987,474.6736145019531,8100,0.0,0.0
2016-08-03 00:00:00+09:00,473.2108267183214,473.2108267183214,466.6282958984375,466.6282958984375,7100,0.0,0.0
2016-08-04 00:00:00+09:00,466.62839266149007,482.7190268911966,466.62839266149007,479.79345703125,11700,0.0,0.0
2016-08-05 00:00:00+09:00,483.4503305223253,495.8840001424154,471.0166609022353,473.9422302246094,12400,0.0,0.0
2016-08-08 00:00:00+09:00,479.062013640748,479.062013640748,475.40505170455907,476.1364440917969,4000,0.0,0.0
2016-08-09 00:00:00+09:00,475.405029296875,475.405029296875,470.28528282752404,475.405029296875,5900,0.0,0.0
2016-08-10 00:00:00+09:00,475.405029296875,476.13642164963943,473.94224459134614,475.405029296875,2800,0.0,0.0
2016-08-12 00:00:00+09:00,479.0620645662633,479.79345703125,476.8678871713033,479.79345703125,3800,0.0,0.0
2016-08-15 00:00:00+09:00,481.2562561035156,483.4504335629542,480.52486361703615,481.2562561035156,3400,0.0,0.0
2016-08-16 00:00:00+09:00,481.98751984807376,482.7189121391937,479.06195068359375,479.06195068359375,7200,0.0,0.0
2016-08-17 00:00:00+09:00,479.0620464814317,479.0620464814317,471.74812210766936,473.2109069824219,9000,0.0,0.0
2016-08-18 00:00:00+09:00,472.47958054042573,472.47958054042573,465.89704768459933,467.3598327636719,11700,0.0,0.0
2016-08-19 00:00:00+09:00,470.2852397942395,471.7480243659167,469.55384750840085,471.0166320800781,3000,0.0,0.0
2016-08-22 00:00:00+09:00,468.09113165824266,471.7480936243227,468.09113165824266,470.2853088378906,5400,0.0,0.0
2016-08-23 00:00:00+09:00,469.55384750840085,471.7480243659167,469.55384750840085,471.0166320800781,6200,0.0,0.0
2016-08-24 00:00:00+09:00,476.8680114746094,478.3307967858812,475.40522616333755,476.8680114746094,3300,0.0,0.0
2016-08-25 00:00:00+09:00,474.6736593173213,476.8678364790347,474.6736593173213,476.1364440917969,4800,0.0,0.0
2016-08-26 00:00:00+09:00,478.3306251632667,478.3306251632667,468.82252405145863,470.2853088378906,7500,0.0,0.0
2016-08-29 00:00:00+09:00,471.0168702295221,476.8680114746094,471.0168702295221,476.8680114746094,5500,0.0,0.0
2016-08-30 00:00:00+09:00,473.2108522385817,475.405029296875,471.74806753305285,475.405029296875,8800,0.0,0.0
2016-08-31 00:00:00+09:00,474.67363694411057,476.8678140024038,473.2108522385817,475.405029296875,3200,0.0,0.0
2016-09-01 00:00:00+09:00,478.33062125351023,482.71897557693694,471.0166973811324,476.1364440917969,11700,0.0,0.0
2016-09-02 00:00:00+09:00,475.40510224133,481.2562419612233,475.40510224133,479.79345703125,1800,0.0,0.0
2016-09-05 00:00:00+09:00,480.5248128005958,480.5248128005958,476.1364583457958,477.5992431640625,3900,0.0,0.0
2016-09-06 00:00:00+09:00,476.8678507549292,479.06202798232914,476.1364583457958,477.5992431640625,7100,0.0,0.0
2016-09-07 00:00:00+09:00,476.8678871713033,480.52484949623664,476.1364947063167,479.79345703125,8800,0.0,0.0
2016-09-08 00:00:00+09:00,479.79343051824094,489.3015320376573,478.33064566909997,484.9131774902344,17800,0.0,0.0
2016-09-09 00:00:00+09:00,480.52483913866,485.644586283212,480.52483913866,483.4504089355469,12500,0.0,0.0
2016-09-12 00:00:00+09:00,479.0620645662633,481.2562419612233,477.59927963628996,479.79345703125,8100,0.0,0.0
2016-09-13 00:00:00+09:00,481.2562419612233,482.7190268911966,479.79345703125,479.79345703125,2500,0.0,0.0
2016-09-14 00:00:00+09:00,477.5992411667172,484.1817728213886,477.5992411667172,480.5248107910156,5600,0.0,0.0
2016-09-15 00:00:00+09:00,490.03295154106326,490.03295154106326,478.33067210127666,479.79345703125,8500,0.0,0.0
2016-09-16 00:00:00+09:00,479.7934244791667,484.18177897135416,479.7934244791667,482.718994140625,12800,0.0,0.0
2016-09-20 00:00:00+09:00,484.91319383399025,487.10737118165537,482.71901648632513,483.4504089355469,8600,0.0,0.0
2016-09-21 00:00:00+09:00,483.4504208314544,487.83877563476557,480.5248509625802,487.8387756347656,7600,0.0,0.0
2016-09-23 00:00:00+09:00,489.30148942129955,492.2270588647752,485.644527616955,491.49566650390625,15600,0.0,0.0
2016-09-26 00:00:00+09:00,492.2270363638547,492.95842869128984,490.03285938154926,490.7642517089844,10500,0.0,0.0
2016-09-27 00:00:00+09:00,489.30140489366323,493.68975830078125,483.4502670175058,493.68975830078125,13500,0.0,0.0
2016-09-28 00:00:00+09:00,492.9475407386894,498.1442768609346,490.72036811487,497.4018859863281,6300,10.0,0.0
2016-09-29 00:00:00+09:00,498.14416503906256,498.88655574701943,495.174602207235,498.1441650390625,7300,0.0,0.0
2016-09-30 00:00:00+09:00,497.40172194289016,498.1441125726557,493.6897687940627,494.4321594238281,5300,0.0,0.0
2016-10-03 00:00:00+09:00,499.6288948002061,499.6288948002061,493.6897697505751,496.6593322753906,9100,0.0,0.0
2016-10-04 00:00:00+09:00,496.6594851357596,499.62904857453844,496.6594851357596,498.88665771484375,5100,0.0,0.0
2016-10-05 00:00:00+09:00,498.1441154423466,502.5984592466001,498.1441154423466,501.1136779785156,8600,0.0,0.0
2016-10-06 00:00:00+09:00,504.08324051468463,506.31041241681135,501.1136779785156,501.1136779785156,10600,0.0,0.0
2016-10-07 00:00:00+09:00,501.11366945154526,504.82562255859375,498.1441069659065,504.82562255859375,3800,0.0,0.0
2016-10-11 00:00:00+09:00,507.0529682685203,507.7953591444625,505.56818651663593,506.3105773925781,4100,0.0,0.0
2016-10-12 00:00:00+09:00,504.8256814106744,504.8256814106744,488.49308583562316,498.1441650390625,26000,0.0,0.0
2016-10-13 00:00:00+09:00,499.629008576296,504.82574417812964,497.4018361755101,502.59857177734375,14800,0.0,0.0
2016-10-14 00:00:00+09:00,500.3713496316022,507.0528661697096,498.144177452233,505.5680847167969,8000,0.0,0.0
2016-10-17 00:00:00+09:00,502.5985516123364,504.82572392376477,502.5985516123364,503.3409423828125,4300,0.0,0.0
2016-10-18 00:00:00+09:00,498.14421672933906,502.5985614392884,498.14421672933906,501.8561706542969,3000,0.0,0.0
2016-10-19 00:00:00+09:00,499.6290588378906,501.8562314627252,497.40188621305606,499.6290588378906,6100,0.0,0.0
2016-10-20 00:00:00+09:00,499.6289776538883,501.85614991683286,497.40180539094376,500.3713684082031,5600,0.0,0.0
2016-10-21 00:00:00+09:00,501.1137410214073,512.9919926604333,490.7202708372596,507.7952575683594,29300,0.0,0.0
2016-10-24 00:00:00+09:00,508.5376476226224,508.5376476226224,503.3409125374277,505.5680847167969,9000,0.0,0.0
2016-10-25 00:00:00+09:00,504.08323193718405,507.05279442282284,503.34084131577436,504.82562255859375,8800,0.0,0.0
2016-10-26 00:00:00+09:00,502.59856339388114,510.7648620605469,502.59856339388114,510.7648620605469,19600,0.0,0.0
2016-10-27 00:00:00+09:00,510.76493314959913,510.76493314959913,504.8258060199526,509.2801513671875,14100,0.0,0.0
2016-10-28 00:00:00+09:00,510.02244999049174,510.02244999049174,506.3104962059904,507.0528869628906,12500,0.0,0.0
2016-10-31 00:00:00+09:00,510.0224609375,512.2496332560044,507.79528861899564,510.0224609375,10700,0.0,0.0
2016-11-01 00:00:00+09:00,511.50725284842554,514.4768159999404,510.02247127266816,510.7648620605469,7400,0.0,0.0
2016-11-02 00:00:00+09:00,508.5376476226224,508.5376476226224,501.8561310845149,505.5680847167969,11100,0.0,0.0
2016-11-04 00:00:00+09:00,501.8561706542969,507.0529061492378,500.37138908431376,501.8561706542969,10800,0.0,0.0
2016-11-07 00:00:00+09:00,498.88661777603403,505.5681349783916,498.88661777603403,502.59857177734375,4900,0.0,0.0
2016-11-08 00:00:00+09:00,501.11377733377753,504.0833404587184,486.265961709073,490.7203063964844,27800,0.0,0.0
2016-11-09 00:00:00+09:00,485.5235354245364,487.0083168784341,465.4789857969179,472.90289306640625,37800,0.0,0.0
2016-11-10 00:00:00+09:00,484.03880846682677,496.6594522458698,484.03880846682677,485.5235900878906,32000,0.0,0.0
2016-11-11 00:00:00+09:00,485.52362032420075,491.46274717831943,482.55405689714144,483.29644775390625,12100,0.0,0.0
2016-11-14 00:00:00+09:00,483.2964176562948,491.4627165721462,482.5540268457629,485.5235900878906,12100,0.0,0.0
2016-11-15 00:00:00+09:00,487.00837170895454,492.20510738267814,485.5235900878906,485.5235900878906,8700,0.0,0.0
2016-11-16 00:00:00+09:00,487.0083824088146,489.2355548893427,486.2659915819719,488.4931640625,7100,0.0,0.0
2016-11-17 00:00:00+09:00,488.4931533300184,489.23554414055036,482.5540268457629,485.5235900878906,35200,0.0,0.0
2016-11-18 00:00:00+09:00,484.03880846682677,489.23554414055036,484.03880846682677,485.5235900878906,12000,0.0,0.0
2016-11-21 00:00:00+09:00,486.26597102095445,489.2355342027618,486.26597102095445,487.00836181640625,12600,0.0,0.0
2016-11-22 00:00:00+09:00,489.23541259765625,489.97780320857834,487.7506313758121,489.23541259765625,15100,0.0,0.0
2016-11-24 00:00:00+09:00,489.2355047496784,493.68984925422785,489.2355047496784,491.4626770019531,17100,0.0,0.0
2016-11-25 00:00:00+09:00,492.20515962758464,495.1747231849154,492.20515962758464,493.68994140625,16200,0.0,0.0
2016-11-28 00:00:00+09:00,495.9170942760649,500.3714394342332,495.9170942760649,498.88665771484375,14500,0.0,0.0
2016-11-29 00:00:00+09:00,499.62904857453844,500.3714394342332,497.40187599545436,498.88665771484375,4800,0.0,0.0
2016-11-30 00:00:00+09:00,498.14427708800093,500.3714497128355,496.6594953381112,499.6290588378906,10200,0.0,0.0
2016-12-01 00:00:00+09:00,501.8561809770818,510.7648705802253,497.4018361755101,502.59857177734375,33100,0.0,0.0
2016-12-02 00:00:00+09:00,504.8257648541053,506.3105465154409,504.08337402343744,504.0833740234375,8700,0.0,0.0
2016-12-05 00:00:00+09:00,497.40188621305606,502.59862233767007,497.40188621305606,499.6290588378906,7500,0.0,0.0
2016-12-06 00:00:00+09:00,499.6289776538883,502.5985406711477,498.88658689957344,500.3713684082031,8300,0.0,0.0
2016-12-07 00:00:00+09:00,506.31060799925865,509.28017168253876,501.85626247433845,508.53778076171875,13600,0.0,0.0
2016-12-08 00:00:00+09:00,508.53759942282477,514.4767246715585,502.598474174091,512.991943359375,53200,0.0,0.0
2016-12-09 00:00:00+09:00,512.2497353658189,512.2497353658189,502.5986533951585,508.53778076171875,19300,0.0,0.0
2016-12-12 00:00:00+09:00,512.2496436363043,512.2496436363043,509.28008048478944,510.7648620605469,12800,0.0,0.0
2016-12-13 00:00:00+09:00,510.02252250109916,514.4768676757812,509.28013163865216,514.4768676757812,36600,0.0,0.0
2016-12-14 00:00:00+09:00,514.4769085693359,519.6736450195312,513.7345176478794,519.6736450195312,41100,0.0,0.0
2016-12-15 00:00:00+09:00,519.6735223362401,520.4159130824347,516.7039593514617,517.4463500976562,12500,0.0,0.0
2016-12-16 00:00:00+09:00,517.4464518812119,519.6736245578886,512.2497156356332,518.1888427734375,14500,0.0,0.0
2016-12-19 00:00:00+09:00,512.2497156356332,518.1888427734375,512.2497156356332,518.1888427734375,12400,0.0,0.0
2016-12-20 00:00:00+09:00,515.9615293323485,521.1582641601562,515.9615293323485,521.1582641601562,22800,0.0,0.0
2016-12-21 00:00:00+09:00,522.6430053710938,522.6430053710938,519.6734428405762,522.6430053710938,13900,0.0,0.0
2016-12-22 00:00:00+09:00,521.9006137820692,521.9006137820692,519.6734418882622,520.4158325195312,10400,0.0,0.0
2016-12-26 00:00:00+09:00,521.9007154472907,521.9007154472907,517.4463707919796,518.93115234375,23200,0.0,0.0
2016-12-27 00:00:00+09:00,519.6735431196352,522.6431062231759,517.4463707919796,518.93115234375,19500,0.0,0.0
2016-12-28 00:00:00+09:00,515.9616700967608,518.1888427734375,515.9616700967608,518.1888427734375,5100,0.0,0.0
2016-12-29 00:00:00+09:00,518.1887408438508,518.1887408438508,513.7343963666831,517.4463500976562,10300,0.0,0.0
2016-12-30 00:00:00+09:00,510.02252250109916,514.4768676757812,510.02252250109916,514.4768676757812,6300,0.0,0.0
2017-01-04 00:00:00+09:00,512.992126726423,524.1279905482701,512.992126726423,519.6736450195312,10700,0.0,0.0
2017-01-05 00:00:00+09:00,519.6736450195312,521.9008177839007,518.9312540980748,519.6736450195312,11400,0.0,0.0
2017-01-06 00:00:00+09:00,516.7039605652117,524.1278680445969,516.7039605652117,521.9006958007812,19200,0.0,0.0
2017-01-10 00:00:00+09:00,519.6734827807826,522.6430455395299,516.7039200220353,521.1582641601562,19400,0.0,0.0
2017-01-11 00:00:00+09:00,521.9006548498431,521.9006548498431,518.1887014014089,521.1582641601562,8000,0.0,0.0
2017-01-12 00:00:00+09:00,520.4160359409877,522.6432087053572,517.4464722551619,519.6736450195312,12700,0.0,0.0
2017-01-13 00:00:00+09:00,513.734357263288,523.3854362292168,513.734357263288,521.1582641601562,13600,0.0,0.0
2017-01-16 00:00:00+09:00,518.1887420610886,521.9006958007812,517.4463513131501,521.9006958007812,4600,0.0,0.0
2017-01-17 00:00:00+09:00,522.6430044133381,522.6430044133381,519.6734418882622,520.4158325195312,3600,0.0,0.0
2017-01-18 00:00:00+09:00,518.9312945289018,524.8704223632812,518.9312945289018,524.8704223632812,11800,0.0,0.0
2017-01-19 00:00:00+09:00,526.355204321876,527.0975953011736,520.4160764874966,524.8704223632812,18500,0.0,0.0
2017-01-20 00:00:00+09:00,525.61279296875,526.3551839192709,523.3856201171875,525.61279296875,6000,0.0,0.0
2017-01-23 00:00:00+09:00,524.8702796016179,524.8702796016179,521.9007164921321,523.385498046875,7300,0.0,0.0
2017-01-24 00:00:00+09:00,523.3854779035444,525.6126501499424,521.9006964059457,524.1278686523438,8100,0.0,0.0
2017-01-25 00:00:00+09:00,524.12780847805,526.35498046875,524.12780847805,526.35498046875,5200,0.0,0.0
2017-01-26 00:00:00+09:00,528.5822345288326,530.0670160864978,524.8702806346695,527.83984375,18600,0.0,0.0
2017-01-27 00:00:00+09:00,532.2942706050578,533.7790523919617,529.32470703125,529.32470703125,17700,0.0,0.0
2017-01-30 00:00:00+09:00,529.3245248634722,533.0364780532581,529.3245248634722,531.5516967773438,11400,0.0,0.0
2017-01-31 00:00:00+09:00,530.8094888181539,530.8094888181539,527.8399252443461,529.32470703125,4400,0.0,0.0
2017-02-01 00:00:00+09:00,527.839863951777,530.8094271807603,527.0974731445312,527.0974731445312,9800,0.0,0.0
2017-02-02 00:00:00+09:00,530.0671592183633,530.0671592183633,524.8704223632812,524.8704223632812,6100,0.0,0.0
2017-02-03 00:00:00+09:00,523.3854779035444,527.0974316475412,522.643087154745,524.1278686523438,10400,0.0,0.0
2017-02-06 00:00:00+09:00,525.6127525639902,529.32470703125,524.8703616705382,529.32470703125,7700,0.0,0.0
2017-02-07 00:00:00+09:00,529.3246433614827,532.2942065780969,515.9616088867188,515.9616088867188,36700,0.0,0.0
2017-02-08 00:00:00+09:00,518.93115234375,524.1278877749463,517.4463707919796,518.93115234375,11500,0.0,0.0
2017-02-09 00:00:00+09:00,518.9311315900455,521.1583038286294,515.961568605267,517.4463500976562,8000,0.0,0.0
2017-02-10 00:00:00+09:00,518.93115234375,523.3854969990612,517.4463707919796,518.93115234375,10300,0.0,0.0
2017-02-13 00:00:00+09:00,523.3853960037231,523.3853960037231,518.9310522079468,522.6430053710938,7900,0.0,0.0
2017-02-14 00:00:00+09:00,522.643087154745,524.8702594011431,521.9006964059457,524.1278686523438,8700,0.0,0.0
2017-02-15 00:00:00+09:00,527.0974328544702,530.8093866069665,525.6126513534717,528.5822143554688,17200,0.0,0.0
2017-02-16 00:00:00+09:00,531.5516967773438,534.5212593291725,530.0669155014293,531.5516967773438,16500,0.0,0.0
2017-02-17 00:00:00+09:00,531.5519205729167,534.521484375,530.8095296223959,534.521484375,19700,0.0,0.0
2017-02-20 00:00:00+09:00,533.0365612388316,537.4909057617188,532.294170485017,537.4909057617188,10500,0.0,0.0
2017-02-21 00:00:00+09:00,538.2332756908977,539.7180571410795,536.006103515625,536.006103515625,10400,0.0,0.0
2017-02-22 00:00:00+09:00,538.2332756908977,538.2332756908977,535.2637127905341,536.006103515625,7400,0.0,0.0
2017-02-23 00:00:00+09:00,536.7486163100878,536.7486163100878,530.8094891586622,533.779052734375,7200,0.0,0.0
2017-02-24 00:00:00+09:00,531.5517377228251,539.7180353694049,530.8093470276815,532.2941284179688,14200,0.0,0.0
2017-02-27 00:00:00+09:00,534.521484375,535.2638753255209,530.8095296223959,534.521484375,10300,0.0,0.0
2017-02-28 00:00:00+09:00,538.2331943116247,539.717975537312,536.0060224730938,536.7484130859375,19200,0.0,0.0
2017-03-01 00:00:00+09:00,538.2332965155333,538.2332965155333,536.0061242540897,537.4909057617188,7300,0.0,0.0
2017-03-02 00:00:00+09:00,538.2333172254326,540.4604895725723,536.7485356606728,538.9757080078125,19400,0.0,0.0
2017-03-03 00:00:00+09:00,538.2332965155333,538.2332965155333,534.5213427464606,537.4909057617188,12400,0.0,0.0
2017-03-06 00:00:00+09:00,538.2333980979442,538.9757889918724,533.0366618404469,533.779052734375,8500,0.0,0.0
2017-03-07 00:00:00+09:00,535.2637939453125,538.2333572959107,535.2637939453125,535.2637939453125,17100,0.0,0.0
2017-03-08 00:00:00+09:00,536.0060590951164,536.0060590951164,524.8701991416167,526.35498046875,17300,0.0,0.0
2017-03-09 00:00:00+09:00,527.0973935519635,534.5213005033996,527.0973935519635,532.2941284179688,10300,0.0,0.0
2017-03-10 00:00:00+09:00,536.006103515625,537.4908849658068,533.0365406152614,536.006103515625,14300,0.0,0.0
2017-03-13 00:00:00+09:00,536.0061242540897,538.9756872693479,536.0061242540897,537.4909057617188,9300,0.0,0.0
2017-03-14 00:00:00+09:00,537.4909465921336,539.718119022764,536.7485557819235,538.2333374023438,8200,0.0,0.0
2017-03-15 00:00:00+09:00,537.4909057617188,538.2332965155333,530.809388977388,537.4909057617188,24400,0.0,0.0
2017-03-16 00:00:00+09:00,529.3245869898069,536.7484942407159,529.3245869898069,536.006103515625,10100,0.0,0.0
2017-03-17 00:00:00+09:00,533.0366618404469,536.7486163100878,531.5518800525904,533.779052734375,4400,0.0,0.0
2017-03-21 00:00:00+09:00,519.6735235569657,527.0974310363509,518.1887420610886,521.9006958007812,56900,0.0,0.0
2017-03-22 00:00:00+09:00,521.900653269099,522.6430439565373,516.7039184570312,516.7039184570312,26100,0.0,0.0
2017-03-23 00:00:00+09:00,517.4464518812119,522.6431881267908,517.4464518812119,518.1888427734375,23600,0.0,0.0
2017-03-24 00:00:00+09:00,519.6736245578886,520.4160154501142,517.4464518812119,518.1888427734375,19800,0.0,0.0
2017-03-27 00:00:00+09:00,516.7039184570312,518.9310905193461,515.961527769593,516.7039184570312,21500,0.0,0.0
2017-03-28 00:00:00+09:00,517.4463519131496,524.1278686523438,517.4463519131496,524.1278686523438,17000,0.0,0.0
2017-03-29 00:00:00+09:00,526.4033203125,530.1958514386707,525.6448140872659,526.4033203125,11300,15.0,0.0
2017-03-30 00:00:00+09:00,528.6788572436701,528.6788572436701,519.5767822265625,519.5767822265625,10500,0.0,0.0
2017-03-31 00:00:00+09:00,520.3353881835938,524.1279201674392,520.3353881835938,520.3353881835938,9800,0.0,0.0
2017-04-03 00:00:00+09:00,521.0938496256983,526.4033939450286,521.0938496256983,521.8523559570312,13800,0.0,0.0
2017-04-04 00:00:00+09:00,522.610897742004,524.8864168903726,514.2673275313189,516.5428466796875,22400,0.0,0.0
2017-04-05 00:00:00+09:00,517.3012592535428,519.5767779892622,511.99171553686415,513.5087280273438,18100,0.0,0.0
2017-04-06 00:00:00+09:00,512.7503018864614,512.7503018864614,505.1652382490878,506.6822509765625,23000,0.0,0.0
2017-04-07 00:00:00+09:00,505.16512473067894,508.19914950383617,504.4066185373896,507.4406433105469,22600,0.0,0.0
2017-04-10 00:00:00+09:00,511.23316490386827,516.5427081595465,509.7161525451031,515.0256958007812,13900,0.0,0.0
2017-04-11 00:00:00+09:00,509.71627002608045,511.99178908869686,508.95776367187494,508.957763671875,7000,0.0,0.0
2017-04-12 00:00:00+09:00,511.23321111638984,512.7502236122841,505.1651611328125,505.1651611328125,6800,0.0,0.0
2017-04-13 00:00:00+09:00,504.4067318853504,508.9577700677746,504.4067318853504,506.6822509765625,8000,0.0,0.0
2017-04-14 00:00:00+09:00,504.4067687988281,508.19930089505993,503.64826237958175,504.4067687988281,9200,0.0,0.0
2017-04-17 00:00:00+09:00,503.648225521613,511.9917955227241,503.648225521613,506.6822509765625,11000,0.0,0.0
2017-04-18 00:00:00+09:00,508.957710765657,510.4747233163743,508.1992044902983,509.7162170410156,9500,0.0,0.0
2017-04-19 00:00:00+09:00,511.23328915898674,515.784327341411,506.6822509765625,506.6822509765625,11700,0.0,0.0
2017-04-20 00:00:00+09:00,507.4406840610221,513.5087340946368,507.4406840610221,511.23321533203125,8100,0.0,0.0
2017-04-21 00:00:00+09:00,509.7162109375,512.7502360026042,506.68218587239585,511.9917297363281,9600,0.0,0.0
2017-04-24 00:00:00+09:00,518.8184339135094,518.8184339135094,511.2333690902125,514.2673950195312,7800,0.0,0.0
2017-04-25 00:00:00+09:00,515.7842509694343,519.5767822265625,515.7842509694343,519.5767822265625,7000,0.0,0.0
2017-04-26 00:00:00+09:00,520.3352884779881,522.6108072322651,519.5767822265625,519.5767822265625,11100,0.0,0.0
2017-04-27 00:00:00+09:00,521.8523784343159,523.3693911623226,521.0938720703125,521.0938720703125,8800,0.0,0.0
2017-04-28 00:00:00+09:00,524.12787495103,524.12787495103,520.3353432943654,521.8523559570312,6600,0.0,0.0
2017-05-01 00:00:00+09:00,523.3692954115635,526.4033203125,522.6107891863293,526.4033203125,6600,0.0,0.0
2017-05-02 00:00:00+09:00,527.1619422945436,529.4374614699158,526.4034359027529,528.678955078125,9900,0.0,0.0
2017-05-08 00:00:00+09:00,528.6789262583865,533.2299643610412,528.6789262583865,531.7129516601562,14200,0.0,0.0
2017-05-09 00:00:00+09:00,533.9883809840426,534.7468872070312,530.9543560920878,534.7468872070312,12300,0.0,0.0
2017-05-10 00:00:00+09:00,534.7468872070312,537.0224058759974,533.9883809840426,534.7468872070312,10400,0.0,0.0
2017-05-11 00:00:00+09:00,533.9885093928062,533.9885093928062,518.8183812850561,532.4714965820312,20200,0.0,0.0
2017-05-12 00:00:00+09:00,526.4034231085526,558.2606907894736,526.4034231085526,547.6416015625,54200,0.0,0.0
2017-05-15 00:00:00+09:00,559.019255301149,559.019255301149,548.4001649697839,555.9852294921875,50800,0.0,0.0
2017-05-16 00:00:00+09:00,552.1926559532545,552.1926559532545,546.8831111844731,549.1586303710938,18200,0.0,0.0
2017-05-17 00:00:00+09:00,548.4000202312336,548.4000202312336,540.8149577107463,542.3319702148438,16200,0.0,0.0
2017-05-18 00:00:00+09:00,529.4374326088289,535.5054834123684,529.4374326088289,531.7129516601562,28200,0.0,0.0
2017-05-19 00:00:00+09:00,535.5054644517495,538.5394897460938,534.7469581281636,538.5394897460938,4500,0.0,0.0
2017-05-22 00:00:00+09:00,541.5734416599381,546.1244789848115,540.8149354391259,543.0904541015625,13400,0.0,0.0
2017-05-23 00:00:00+09:00,546.12451171875,546.8830179850261,544.607499186198,546.12451171875,7300,0.0,0.0
2017-05-24 00:00:00+09:00,546.1244774651823,552.9510334334971,541.5734401529725,551.4340209960938,23600,0.0,0.0
2017-05-25 00:00:00+09:00,547.6416175800134,551.4341495577142,546.8831111844731,549.1586303710938,11000,0.0,0.0
2017-05-26 00:00:00+09:00,545.3660115730147,546.1245178478033,540.0564676494944,543.8489990234375,11400,0.0,0.0
2017-05-29 00:00:00+09:00,542.3320633380237,546.1245952494784,542.3320633380237,545.3660888671875,6000,0.0,0.0
2017-05-30 00:00:00+09:00,546.1245566025418,546.8830629311565,542.3320249594686,544.6075439453125,8400,0.0,0.0
2017-05-31 00:00:00+09:00,542.3319702148438,546.1245014750874,542.3319702148438,542.3319702148438,4900,0.0,0.0
2017-06-01 00:00:00+09:00,541.573518630854,544.6075439453125,541.573518630854,544.6075439453125,4100,0.0,0.0
2017-06-02 00:00:00+09:00,544.6074871136793,552.9510558577608,544.6074871136793,550.675537109375,20500,0.0,0.0
2017-06-05 00:00:00+09:00,550.6755147773921,552.1925272147954,547.6414899025856,551.4340209960938,11300,0.0,0.0
2017-06-06 00:00:00+09:00,551.4340555826823,551.4340555826823,546.12451171875,546.12451171875,6800,0.0,0.0
2017-06-07 00:00:00+09:00,546.1245888157895,548.4001079358553,545.3660824424342,547.6416015625,5800,0.0,0.0
2017-06-08 00:00:00+09:00,549.1585246104511,553.7095621072227,547.6415121115272,550.675537109375,22100,0.0,0.0
2017-06-09 00:00:00+09:00,550.6756142417153,552.192626953125,549.9171078860105,552.192626953125,8600,0.0,0.0
2017-06-12 00:00:00+09:00,552.1926398026316,553.7096525493421,547.6416015625,547.6416015625,3300,0.0,0.0
2017-06-13 00:00:00+09:00,546.8830629311565,552.192607231459,540.8150123022393,544.6075439453125,8800,0.0,0.0
2017-06-14 00:00:00+09:00,543.0904541015625,548.3999976472483,543.0904541015625,543.0904541015625,6700,0.0,0.0
2017-06-15 00:00:00+09:00,545.3660888671875,546.8831016317694,543.8490761026056,545.3660888671875,4100,0.0,0.0
2017-06-16 00:00:00+09:00,544.6074871136793,552.1925496082989,544.6074871136793,550.675537109375,7300,0.0,0.0
2017-06-19 00:00:00+09:00,553.7097865513393,560.5363455636161,553.7097865513393,557.5023193359375,37300,0.0,0.0
2017-06-20 00:00:00+09:00,559.019158770587,564.3287030194257,558.2606524493243,561.294677734375,34600,0.0,0.0
2017-06-21 00:00:00+09:00,562.0532811101104,562.0532811101104,555.9852294921875,555.9852294921875,14500,0.0,0.0
2017-06-22 00:00:00+09:00,557.5022650546715,560.5362909869418,552.951226156266,555.2267456054688,16000,0.0,0.0
2017-06-23 00:00:00+09:00,554.4682391224012,558.2607715377391,554.4682391224012,555.2267456054688,6000,0.0,0.0
2017-06-26 00:00:00+09:00,558.2606650204359,559.019171358779,556.74365234375,556.74365234375,9500,0.0,0.0
2017-06-27 00:00:00+09:00,559.7778390066965,560.5363455636161,555.2267996651785,557.5023193359375,19100,0.0,0.0
2017-06-28 00:00:00+09:00,559.019255301149,559.019255301149,555.9852294921875,555.9852294921875,7800,0.0,0.0
2017-06-29 00:00:00+09:00,555.2267230399472,558.2607488489086,553.7097101354664,555.9852294921875,11700,0.0,0.0
2017-06-30 00:00:00+09:00,552.1925272147954,552.1925272147954,548.3999961212872,551.4340209960938,18900,0.0,0.0
2017-07-03 00:00:00+09:00,549.9171078860105,555.2266523759444,549.1586015303056,552.192626953125,9400,0.0,0.0
2017-07-04 00:00:00+09:00,555.2266815354152,555.2266815354152,548.4001239755536,549.1586303710938,17300,0.0,0.0
2017-07-05 00:00:00+09:00,549.1587472098214,560.5363455636161,549.1587472098214,557.5023193359375,30600,0.0,0.0
2017-07-06 00:00:00+09:00,559.7776776971219,559.7776776971219,555.985146005407,556.74365234375,8400,0.0,0.0
2017-07-07 00:00:00+09:00,555.9852520885363,557.5022650546715,555.2267456054688,555.2267456054688,4400,0.0,0.0
2017-07-10 00:00:00+09:00,555.2266073148545,555.2266073148545,552.1925821382706,553.7095947265625,10000,0.0,0.0
2017-07-11 00:00:00+09:00,554.4681270604541,562.0531903581348,554.4681270604541,559.0191650390625,20500,0.0,0.0
2017-07-12 00:00:00+09:00,559.7776059751156,561.2946184574331,546.8829998754179,552.9510498046875,23900,0.0,0.0
2017-07-13 00:00:00+09:00,554.4681460202395,556.7436650873541,552.192626953125,552.192626953125,11600,0.0,0.0
2017-07-14 00:00:00+09:00,555.2266523759444,555.9851587316492,551.4341205974201,552.192626953125,14900,0.0,0.0
2017-07-17 00:00:00+09:00,552.192626953125,552.192626953125,552.192626953125,552.192626953125,0,0.0,0.0
2017-07-18 00:00:00+09:00,555.2266815354152,555.2266815354152,546.124604788933,549.1586303710938,24400,0.0,0.0
2017-07-19 00:00:00+09:00,550.675620622306,554.4681524447738,549.9171142578125,549.9171142578125,12100,0.0,0.0
2017-07-20 00:00:00+09:00,552.9511269544608,555.985152342414,552.9511269544608,554.4681396484375,8300,0.0,0.0
2017-07-21 00:00:00+09:00,554.4681460202395,555.2266523759444,549.9171078860105,552.192626953125,15000,0.0,0.0
2017-07-24 00:00:00+09:00,551.43403732237,553.7095560458462,551.43403732237,552.9510498046875,9500,0.0,0.0
2017-07-25 00:00:00+09:00,552.192614313692,556.74365234375,552.192614313692,556.74365234375,8400,0.0,0.0
2017-07-26 00:00:00+09:00,561.2945988531584,568.8796609998227,559.7775864238255,568.1211547851562,45100,0.0,0.0
2017-07-27 00:00:00+09:00,571.1552608927248,584.0498683763586,570.3967545701581,575.706298828125,53800,0.0,0.0
2017-07-28 00:00:00+09:00,580.2573594065643,580.2573594065643,571.155283180579,574.9478149414062,15600,0.0,0.0
2017-07-31 00:00:00+09:00,575.7062663299358,576.4647726096854,571.1552286514383,572.6722412109375,8200,0.0,0.0
2017-08-01 00:00:00+09:00,568.8797509110213,568.8797509110213,562.8117002346372,565.0872192382812,21300,0.0,0.0
2017-08-02 00:00:00+09:00,566.6041970760264,576.4647788189827,566.6041970760264,570.396728515625,27300,0.0,0.0
2017-08-03 00:00:00+09:00,568.1213115837508,577.223388671875,566.6042987357301,577.223388671875,14600,0.0,0.0
2017-08-04 00:00:00+09:00,576.4648505411161,587.0839398931893,541.5735569557328,545.3660888671875,113700,0.0,0.0
2017-08-07 00:00:00+09:00,540.8149678548177,549.9170430501302,533.9884114583333,546.12451171875,74700,0.0,0.0
2017-08-08 00:00:00+09:00,546.1244996126032,550.675537109375,543.8489808642174,550.675537109375,12900,0.0,0.0
2017-08-09 00:00:00+09:00,549.9171271609331,552.192646307806,543.8490761026056,545.3660888671875,19200,0.0,0.0
2017-08-10 00:00:00+09:00,544.6075376809553,547.6415629605149,543.0905250411754,546.883056640625,7200,0.0,0.0
2017-08-11 00:00:00+09:00,546.883056640625,546.883056640625,546.883056640625,546.883056640625,0,0.0,0.0
2017-08-14 00:00:00+09:00,543.0904764668925,546.8830077271361,541.573463962795,542.3319702148438,9800,0.0,0.0
2017-08-15 00:00:00+09:00,543.0904866536458,550.6755493164062,543.0904866536458,546.12451171875,7600,0.0,0.0
2017-08-16 00:00:00+09:00,546.1245566025418,549.917088245615,544.6075439453125,544.6075439453125,14800,0.0,0.0
2017-08-17 00:00:00+09:00,544.607576069079,550.675627055921,543.8490696957236,547.6416015625,20700,0.0,0.0
2017-08-18 00:00:00+09:00,546.883072764712,549.1585917914722,544.6075537379517,548.4000854492188,10100,0.0,0.0
2017-08-21 00:00:00+09:00,547.6416015625,549.9171206825658,542.3320569490131,547.6416015625,6600,0.0,0.0
2017-08-22 00:00:00+09:00,547.6415121115272,553.7095621072227,542.3319683652935,550.675537109375,13400,0.0,0.0
2017-08-23 00:00:00+09:00,552.9511206520351,559.7776776971219,550.6756016370061,556.74365234375,16600,0.0,0.0
2017-08-24 00:00:00+09:00,559.0192780208067,559.0192780208067,553.7097326393337,555.2267456054688,3300,0.0,0.0
2017-08-25 00:00:00+09:00,556.743758571604,559.0192780208067,555.2267456054688,555.2267456054688,8500,0.0,0.0
2017-08-28 00:00:00+09:00,555.9852294921875,558.2607488489086,552.951203683226,555.9852294921875,7300,0.0,0.0
2017-08-29 00:00:00+09:00,552.1926018792229,561.294677734375,552.1926018792229,561.294677734375,13200,0.0,0.0
2017-08-30 00:00:00+09:00,562.0531840556376,563.570196698163,559.019158770587,561.294677734375,8400,0.0,0.0
2017-08-31 00:00:00+09:00,562.811735489181,562.811735489181,558.2606971968157,559.7777099609375,3100,0.0,0.0
2017-09-01 00:00:00+09:00,559.7777099609375,561.2947227250593,558.2606971968157,559.7777099609375,6100,0.0,0.0
2017-09-04 00:00:00+09:00,557.5021650363906,557.5021650363906,552.9511269544608,554.4681396484375,5600,0.0,0.0
2017-09-05 00:00:00+09:00,552.9511269544608,555.985152342414,551.4341142604843,554.4681396484375,16100,0.0,0.0
2017-09-06 00:00:00+09:00,549.1586714220242,556.7437359444278,547.6416585175435,555.9852294921875,8000,0.0,0.0
2017-09-07 00:00:00+09:00,555.2267230399472,561.2947746578701,553.7097101354664,555.9852294921875,6700,0.0,0.0
2017-09-08 00:00:00+09:00,560.5362163429984,562.811735489181,557.5021908147548,559.7777099609375,15100,0.0,0.0
2017-09-11 00:00:00+09:00,563.5702192541389,563.5702192541389,557.5021684411737,560.5361938476562,5500,0.0,0.0
2017-09-12 00:00:00+09:00,561.2946938568691,562.8117065429688,558.2606684846698,562.8117065429688,7400,0.0,0.0
2017-09-13 00:00:00+09:00,559.7776713688305,561.2946840283666,559.0191650390625,559.0191650390625,5400,0.0,0.0
2017-09-14 00:00:00+09:00,563.5702030176709,563.5702030176709,557.5021523795264,559.0191650390625,9600,0.0,0.0
2017-09-15 00:00:00+09:00,555.9851780506331,562.0532291071202,555.9851780506331,559.7777099609375,9700,0.0,0.0
2017-09-18 00:00:00+09:00,559.7777099609375,559.7777099609375,559.7777099609375,559.7777099609375,0,0.0,0.0
2017-09-19 00:00:00+09:00,564.3286967425134,564.3286967425134,559.7776588655577,563.5701904296875,25300,0.0,0.0
2017-09-20 00:00:00+09:00,563.5702003030216,567.3627319335938,563.5702003030216,567.3627319335938,16900,0.0,0.0
2017-09-21 00:00:00+09:00,568.8797159397856,574.9477662431433,568.8797159397856,570.396728515625,8900,0.0,0.0
2017-09-22 00:00:00+09:00,567.362748046875,571.9137861328126,566.6042416992187,568.8797607421875,8100,0.0,0.0
2017-09-25 00:00:00+09:00,571.1552348035447,573.4307536673039,557.5021216209899,570.396728515625,36300,0.0,0.0
2017-09-26 00:00:00+09:00,569.638232212243,574.1892700195312,569.638232212243,574.1892700195312,20800,0.0,0.0
2017-09-27 00:00:00+09:00,572.6519864552208,578.80126953125,568.8086845327025,578.80126953125,7700,10.0,0.0
2017-09-28 00:00:00+09:00,576.4954260869115,580.3387289274909,576.4954260869115,579.570068359375,10300,0.0,0.0
2017-09-29 00:00:00+09:00,579.5698357593521,579.5698357593521,576.4951947208409,577.2638549804688,5500,0.0,0.0
2017-10-02 00:00:00+09:00,576.4954260869115,580.3387289274909,574.9581049506797,579.570068359375,19200,0.0,0.0
2017-10-03 00:00:00+09:00,580.3386110491991,586.4878943450847,579.5699506372134,582.6445922851562,13300,0.0,0.0
2017-10-04 00:00:00+09:00,583.4132570281743,587.2565591166339,581.8759361927904,585.71923828125,15700,0.0,0.0
2017-10-05 00:00:00+09:00,588.0251252023797,588.793785496762,584.1818237304688,584.1818237304688,11300,0.0,0.0
2017-10-06 00:00:00+09:00,585.719254599955,587.25657547817,584.1819337217398,586.4879150390625,13600,0.0,0.0
2017-10-09 00:00:00+09:00,586.4879150390625,586.4879150390625,586.4879150390625,586.4879150390625,0,0.0,0.0
2017-10-10 00:00:00+09:00,586.4878351327519,595.7117591453247,586.4878351327519,594.1744384765625,23800,0.0,0.0
2017-10-11 00:00:00+09:00,591.8684738119752,595.711775589975,591.8684738119752,594.943115234375,13000,0.0,0.0
2017-10-12 00:00:00+09:00,595.7117426580716,595.7117426580716,591.8684410925356,593.40576171875,12700,0.0,0.0
2017-10-13 00:00:00+09:00,593.4058674813554,594.9431883815662,576.495337579037,592.63720703125,31300,0.0,0.0
2017-10-16 00:00:00+09:00,591.8685587247212,594.9432005882263,590.3312377929688,590.3312377929688,21600,0.0,0.0
2017-10-17 00:00:00+09:00,590.3312377929688,591.8685587247212,587.2565959294636,590.3312377929688,18400,0.0,0.0
2017-10-18 00:00:00+09:00,588.02525639534,591.8685587247212,588.02525639534,590.3312377929688,8600,0.0,0.0
2017-10-19 00:00:00+09:00,590.3312051240209,594.1745072407138,588.0252238540052,588.7938842773438,31100,0.0,0.0
2017-10-20 00:00:00+09:00,589.5625773270924,590.3312377929688,586.4879354635874,590.3312377929688,8200,0.0,0.0
2017-10-23 00:00:00+09:00,594.1744220318571,594.1744220318571,587.2564792138925,593.40576171875,12900,0.0,0.0
2017-10-24 00:00:00+09:00,590.3312377929688,593.4058796564738,588.02525639534,590.3312377929688,17800,0.0,0.0
2017-10-25 00:00:00+09:00,591.8684410925356,594.1744220318571,591.0997807794284,593.40576171875,20100,0.0,0.0
2017-10-26 00:00:00+09:00,593.4058271585052,599.5551103414948,591.099845964884,596.48046875,36700,0.0,0.0
2017-10-27 00:00:00+09:00,597.249056344773,602.6296784740051,595.7117357364209,598.786376953125,18300,0.0,0.0
2017-10-30 00:00:00+09:00,601.861025473229,613.3909301757812,601.861025473229,613.3909301757812,59400,0.0,0.0
2017-10-31 00:00:00+09:00,612.6222862654245,620.3088896062704,609.5476449290861,614.1596069335938,32800,0.0,0.0
2017-11-01 00:00:00+09:00,614.9282323251857,621.0775146484375,614.9282323251857,621.0775146484375,30700,0.0,0.0
2017-11-02 00:00:00+09:00,621.8462055326258,621.8462055326258,608.010319624607,611.0849609375,32000,0.0,0.0
2017-11-03 00:00:00+09:00,611.0849609375,611.0849609375,611.0849609375,611.0849609375,0,0.0,0.0
2017-11-06 00:00:00+09:00,611.084977979784,631.0701470709466,584.9505260913403,591.8684692382812,112800,0.0,0.0
2017-11-07 00:00:00+09:00,584.9505120880749,607.241661694585,584.9505120880749,602.6296997070312,32500,0.0,0.0
2017-11-08 00:00:00+09:00,602.6296763746044,608.7789587865902,601.8610160731063,607.2416381835938,18000,0.0,0.0
2017-11-09 00:00:00+09:00,605.7044110538984,617.2343173556858,601.8611089533025,608.779052734375,16400,0.0,0.0
2017-11-10 00:00:00+09:00,599.5551276929451,611.0850339947325,599.5551276929451,608.779052734375,22300,0.0,0.0
2017-11-13 00:00:00+09:00,608.0104043668063,608.0104043668063,599.5551395778873,606.4730834960938,5300,0.0,0.0
2017-11-14 00:00:00+09:00,604.9357583598726,604.9357583598726,600.3237957802547,603.3984375,8800,0.0,0.0
2017-11-15 00:00:00+09:00,600.3238740951296,600.3238740951296,576.4953976585751,581.1073608398438,35600,0.0,0.0
2017-11-16 00:00:00+09:00,577.2639206235772,587.2565051350373,577.2639206235772,580.3385620117188,30000,0.0,0.0
2017-11-17 00:00:00+09:00,584.9505496199843,592.6371534257659,584.9505496199843,587.2565307617188,10900,0.0,0.0
2017-11-20 00:00:00+09:00,587.2565959294636,594.17454012235,586.4879354635874,590.3312377929688,7600,0.0,0.0
2017-11-21 00:00:00+09:00,594.174454878775,598.0177566567748,590.3311531007752,594.943115234375,10900,0.0,0.0
2017-11-22 00:00:00+09:00,595.711775589975,598.0177566567748,591.8684738119752,594.943115234375,8600,0.0,0.0
2017-11-23 00:00:00+09:00,594.943115234375,594.943115234375,594.943115234375,594.943115234375,0,0.0,0.0
2017-11-24 00:00:00+09:00,597.2491291478736,604.9357331266108,590.3311855670103,596.48046875,20900,0.0,0.0
2017-11-27 00:00:00+09:00,601.8610584347747,601.8610584347747,594.943115234375,594.943115234375,11100,0.0,0.0
2017-11-28 00:00:00+09:00,594.94315232497,602.6297563601763,594.94315232497,599.5551147460938,8000,0.0,0.0
2017-11-29 00:00:00+09:00,604.167187687081,604.167187687081,599.555224422294,601.8612060546875,15800,0.0,0.0
2017-11-30 00:00:00+09:00,601.0923836800048,611.8536284006187,601.0923836800048,605.704345703125,20800,0.0,0.0
2017-12-01 00:00:00+09:00,607.2416873657688,611.8536495482937,601.8610648194899,609.5476684570312,12400,0.0,0.0
2017-12-04 00:00:00+09:00,609.5476729753176,618.7715974087398,609.5476729753176,612.622314453125,19100,0.0,0.0
2017-12-05 00:00:00+09:00,612.6223548349708,613.39101525509,604.9357506337792,608.779052734375,10900,0.0,0.0
2017-12-06 00:00:00+09:00,605.7043196907092,610.3162815157654,598.786376953125,598.786376953125,23300,0.0,0.0
2017-12-07 00:00:00+09:00,597.2491540605096,605.7044187898089,597.2491540605096,603.3984375,8600,0.0,0.0
2017-12-08 00:00:00+09:00,600.3237187132543,606.473001363326,600.3237187132543,602.6296997070312,10700,0.0,0.0
2017-12-11 00:00:00+09:00,607.2416381835938,608.7789587865902,604.9356572790991,607.2416381835938,8000,0.0,0.0
2017-12-12 00:00:00+09:00,603.3984741519586,608.0104370117188,602.6298136753319,608.0104370117188,23200,0.0,0.0
2017-12-13 00:00:00+09:00,608.0104043668063,611.0850461082314,602.6297813193124,606.4730834960938,9600,0.0,0.0
2017-12-14 00:00:00+09:00,605.7043594360352,614.9282836914062,605.7043594360352,614.9282836914062,24600,0.0,0.0
2017-12-15 00:00:00+09:00,614.9283360953283,614.9283360953283,603.3984297935409,608.779052734375,17700,0.0,0.0
2017-12-18 00:00:00+09:00,614.1595557306189,629.5327611306343,611.8535749206166,620.308837890625,45000,0.0,0.0
2017-12-19 00:00:00+09:00,620.3089391846312,623.3835807667111,615.6969768115113,616.4656372070312,17300,0.0,0.0
2017-12-20 00:00:00+09:00,616.4656861109763,625.689611588946,615.6970256544788,618.7716674804688,16800,0.0,0.0
2017-12-21 00:00:00+09:00,618.7715665087287,624.9208491572628,616.4655855155286,622.6148681640625,22500,0.0,0.0
2017-12-22 00:00:00+09:00,623.3835494901505,627.9955116318779,623.3835494901505,626.4581909179688,21500,0.0,0.0
2017-12-25 00:00:00+09:00,631.0701711129052,642.600076797063,630.3015107339613,638.7567749023438,51100,0.0,0.0
2017-12-26 00:00:00+09:00,643.3686875053074,643.3686875053074,634.9134239897061,636.4507446289062,17200,0.0,0.0
2017-12-27 00:00:00+09:00,635.6821170669004,637.9880981445312,628.7641738340079,637.9880981445312,17500,0.0,0.0
2017-12-28 00:00:00+09:00,639.5254307738816,639.5254307738816,633.3761477856712,635.68212890625,16000,0.0,0.0
2017-12-29 00:00:00+09:00,635.6821243823806,638.756765854605,627.9955207018198,632.6074829101562,17700,0.0,0.0
2018-01-01 00:00:00+09:00,632.6074829101562,632.6074829101562,632.6074829101562,632.6074829101562,0,0.0,0.0
2018-01-02 00:00:00+09:00,632.6074829101562,632.6074829101562,632.6074829101562,632.6074829101562,0,0.0,0.0
2018-01-03 00:00:00+09:00,632.6074829101562,632.6074829101562,632.6074829101562,632.6074829101562,0,0.0,0.0
2018-01-04 00:00:00+09:00,634.1447683481069,641.8313716008113,633.3761080228365,639.525390625,35900,0.0,0.0
2018-01-05 00:00:00+09:00,641.0627368831748,647.212019730975,641.0627368831748,646.443359375,27200,0.0,0.0
2018-01-08 00:00:00+09:00,646.443359375,646.443359375,646.443359375,646.443359375,0,0.0,0.0
2018-01-09 00:00:00+09:00,653.3614176624226,657.9733806106279,648.7494547142172,651.8240966796875,39500,0.0,0.0
2018-01-10 00:00:00+09:00,654.8985786965366,667.1971435546875,651.8239374819989,667.1971435546875,36900,0.0,0.0
2018-01-11 00:00:00+09:00,665.6599164590069,670.2718789286997,661.8166144009294,668.7345581054688,17300,0.0,0.0
2018-01-12 00:00:00+09:00,671.8091997519307,671.8091997519307,665.6599164590069,668.7345581054688,19300,0.0,0.0
2018-01-15 00:00:00+09:00,676.4211709407033,680.2644730483208,671.809208411562,674.8838500976562,19600,0.0,0.0
2018-01-16 00:00:00+09:00,678.727034311446,681.0330151754713,674.8837328714038,677.9583740234375,19300,0.0,0.0
2018-01-17 00:00:00+09:00,676.4211872955774,678.7271686159032,668.7345828944913,675.6525268554688,17400,0.0,0.0
2018-01-18 00:00:00+09:00,675.6524068946662,676.4210671983006,665.6598229474187,667.1971435546875,30400,0.0,0.0
2018-01-19 00:00:00+09:00,664.8912680162828,673.3465326962586,664.1226075908304,666.4285888671875,31900,0.0,0.0
2018-01-22 00:00:00+09:00,664.1226359284682,668.7345986779715,661.8166545537165,664.8912963867188,17100,0.0,0.0
2018-01-23 00:00:00+09:00,668.7346393694196,676.4212444196428,668.7346393694196,672.5779418945312,22500,0.0,0.0
2018-01-24 00:00:00+09:00,673.3465205751617,674.8838413983926,664.8912560473914,668.7345581054688,19700,0.0,0.0
2018-01-25 00:00:00+09:00,667.9659302737734,671.8092325193073,665.6599489264532,670.2719116210938,8900,0.0,0.0
2018-01-26 00:00:00+09:00,668.7343801677364,677.9583026528086,668.7343801677364,671.8090209960938,20700,0.0,0.0
2018-01-29 00:00:00+09:00,675.6525839146205,680.2645469447544,672.5779418945312,672.5779418945312,13600,0.0,0.0
2018-01-30 00:00:00+09:00,677.9584164520334,677.9584164520334,664.8911907381054,665.6598510742188,29800,0.0,0.0
2018-01-31 00:00:00+09:00,654.1299795119044,660.2792625155415,645.6747153819033,647.2120361328125,38200,0.0,0.0
2018-02-01 00:00:00+09:00,647.9806748408984,672.577806032961,647.9806748408984,663.3538818359375,19600,0.0,0.0
2018-02-02 00:00:00+09:00,661.816544747408,667.1971670624275,661.0478844166909,662.585205078125,13000,0.0,0.0
2018-02-05 00:00:00+09:00,659.51064418739,670.2718901298416,649.5180586693992,654.898681640625,23000,0.0,0.0
2018-02-06 00:00:00+09:00,601.8610584347747,629.5328312363736,587.2565116783753,594.943115234375,60900,0.0,0.0
2018-02-07 00:00:00+09:00,629.5328607875922,633.3761627460025,616.4656341289975,624.9208984375,44700,0.0,0.0
2018-02-08 00:00:00+09:00,627.995543139831,627.995543139831,611.8536748339113,616.4656372070312,15700,0.0,0.0
2018-02-09 00:00:00+09:00,614.1596334706182,614.1596334706182,595.7117846554808,601.0924072265625,21600,0.0,0.0
2018-02-12 00:00:00+09:00,601.0924072265625,601.0924072265625,601.0924072265625,601.0924072265625,0,0.0,0.0
2018-02-13 00:00:00+09:00,612.6222742513021,612.6222742513021,576.4952392578125,576.4952392578125,62600,0.0,0.0
2018-02-14 00:00:00+09:00,581.875938664312,588.7938824529233,564.9654094032619,565.7340698242188,52000,0.0,0.0
2018-02-15 00:00:00+09:00,572.6518934227021,582.6444767978633,572.6518934227021,577.2638549804688,25900,0.0,0.0
2018-02-16 00:00:00+09:00,589.5625447006823,593.4058468173752,582.6446008906352,588.7938842773438,18900,0.0,0.0
2018-02-19 00:00:00+09:00,594.9431769657498,606.4730834960938,594.9431769657498,606.4730834960938,13700,0.0,0.0
2018-02-20 00:00:00+09:00,605.7044110538984,609.5477131544942,601.8611089533025,608.779052734375,7200,0.0,0.0
2018-02-21 00:00:00+09:00,608.010340499878,618.0029251098633,608.010340499878,614.9282836914062,11700,0.0,0.0
2018-02-22 00:00:00+09:00,617.2343217092542,617.2343217092542,610.3163778793871,611.8536987304688,17500,0.0,0.0
2018-02-23 00:00:00+09:00,611.8535749206166,621.0774981606259,611.8535749206166,620.308837890625,9500,0.0,0.0
2018-02-26 00:00:00+09:00,542.6742646645126,574.9580027890304,537.2936416437597,560.3534545898438,505600,0.0,0.0
2018-02-27 00:00:00+09:00,561.8906743935732,567.2712964465898,560.3533538069971,564.1966552734375,142200,0.0,0.0
2018-02-28 00:00:00+09:00,563.4280302902748,563.4280302902748,551.8981251683729,557.2787475585938,60800,0.0,0.0
2018-03-01 00:00:00+09:00,555.7414294331013,555.7414294331013,545.7488449481355,548.823486328125,57500,0.0,0.0
2018-03-02 00:00:00+09:00,541.905611245939,544.9802530118734,538.8309694800047,543.4429321289062,51200,0.0,0.0
2018-03-05 00:00:00+09:00,544.2114653716217,544.2114653716217,538.8308435388514,540.3681640625,33600,0.0,0.0
2018-03-06 00:00:00+09:00,542.6743207972685,545.7489628414456,532.6817341536927,534.2190551757812,47600,0.0,0.0
2018-03-07 00:00:00+09:00,534.2190348307291,537.2936767578125,528.0697509765625,530.375732421875,34100,0.0,0.0
2018-03-08 00:00:00+09:00,530.375521444861,533.4501621488891,526.5322205648257,531.912841796875,36800,0.0,0.0
2018-03-09 00:00:00+09:00,537.2936073861471,537.2936073861471,533.4503054735137,535.7562866210938,16900,0.0,0.0
2018-03-12 00:00:00+09:00,537.2935999956999,545.7488640871916,537.2935999956999,541.1369018554688,37800,0.0,0.0
2018-03-13 00:00:00+09:00,538.0622160350177,541.905517578125,535.7562351091533,541.905517578125,18300,0.0,0.0
2018-03-14 00:00:00+09:00,541.9055992448834,545.7489013671875,540.3682783959617,545.7489013671875,28300,0.0,0.0
2018-03-15 00:00:00+09:00,544.9802322605057,544.9802322605057,538.0622885505699,539.599609375,12700,0.0,0.0
2018-03-16 00:00:00+09:00,539.5995885337271,541.1369092987804,533.4503054735137,535.7562866210938,24000,0.0,0.0
2018-03-19 00:00:00+09:00,536.5249912525238,536.5249912525238,521.1517823341135,523.457763671875,31600,0.0,0.0
2018-03-20 00:00:00+09:00,518.8458171408197,524.2264404296875,516.539835731305,524.2264404296875,11800,0.0,0.0
2018-03-21 00:00:00+09:00,524.2264404296875,524.2264404296875,524.2264404296875,524.2264404296875,0,0.0,0.0
2018-03-22 00:00:00+09:00,520.3831380804962,524.9951008995257,520.3831380804962,524.2264404296875,11700,0.0,0.0
2018-03-23 00:00:00+09:00,518.8457717438658,520.3830925490328,511.92782812061427,513.4651489257812,31900,0.0,0.0
2018-03-26 00:00:00+09:00,511.15911630483777,519.6143798828125,510.3904559795673,519.6143798828125,33000,0.0,0.0
2018-03-27 00:00:00+09:00,520.3829890914828,528.8382518389071,520.3829890914828,525.7636108398438,18700,0.0,0.0
2018-03-28 00:00:00+09:00,516.4028461300142,533.5642700195312,516.4028461300142,533.5642700195312,21500,10.0,0.0
2018-03-29 00:00:00+09:00,532.7843118855257,533.5643767638354,525.7637279807384,531.2241821289062,19400,0.0,0.0
2018-03-30 00:00:00+09:00,530.4441426296738,532.7843373765694,524.9836882202507,532.0042724609375,17500,0.0,0.0
2018-04-02 00:00:00+09:00,524.2035069444445,530.4440248842593,524.2035069444445,526.543701171875,37300,0.0,0.0
2018-04-03 00:00:00+09:00,523.4235585682427,528.8840129795359,521.8634287364447,522.6434936523438,19200,0.0,0.0
2018-04-04 00:00:00+09:00,523.4234480016371,532.0041602639591,523.4234480016371,530.4440307617188,12200,0.0,0.0
2018-04-05 00:00:00+09:00,533.5643869661267,533.5643869661267,527.323867820324,529.6640625,7500,0.0,0.0
2018-04-06 00:00:00+09:00,532.7842191116898,535.9044780815973,526.543701171875,526.543701171875,25300,0.0,0.0
2018-04-09 00:00:00+09:00,526.5438029270987,532.7843220729013,526.5438029270987,529.6640625,29600,0.0,0.0
2018-04-10 00:00:00+09:00,531.2241922864506,534.3444518593519,528.1039327135493,529.6640625,13100,0.0,0.0
2018-04-11 00:00:00+09:00,535.124532123465,535.124532123465,529.6640777140419,532.0042724609375,9900,0.0,0.0
2018-04-12 00:00:00+09:00,532.004257179676,532.004257179676,527.323867820324,529.6640625,8200,0.0,0.0
2018-04-13 00:00:00+09:00,529.6640777140419,534.3444672078332,529.6640777140419,532.0042724609375,10800,0.0,0.0
2018-04-16 00:00:00+09:00,534.3444672078332,534.3444672078332,532.0042724609375,532.0042724609375,7300,0.0,0.0
2018-04-17 00:00:00+09:00,534.3444261579035,534.3444261579035,528.1039073122638,528.8839721679688,6800,0.0,0.0
2018-04-18 00:00:00+09:00,529.663981626184,533.5643054967744,528.1038520779477,532.7842407226562,9300,0.0,0.0
2018-04-19 00:00:00+09:00,532.7843927347435,539.0249127082104,530.4441977446934,537.4647827148438,20100,0.0,0.0
2018-04-20 00:00:00+09:00,539.0247746681681,539.0247746681681,533.5643210897641,535.1244506835938,12400,0.0,0.0
2018-04-23 00:00:00+09:00,536.6844898731033,539.8047485351562,535.9044252075901,539.8047485351562,6400,0.0,0.0
2018-04-24 00:00:00+09:00,541.3648681640625,542.924997467129,540.5848035125292,541.3648681640625,9900,0.0,0.0
2018-04-25 00:00:00+09:00,541.3650056464087,544.485265044947,538.2447462478704,543.7052001953125,8900,0.0,0.0
2018-04-26 00:00:00+09:00,546.0454908467956,552.2860107421875,542.9252308990996,552.2860107421875,23900,0.0,0.0
2018-04-27 00:00:00+09:00,553.8458894428454,556.9661479749178,547.6053723787007,548.3854370117188,16700,0.0,0.0
2018-04-30 00:00:00+09:00,548.3854370117188,548.3854370117188,548.3854370117188,548.3854370117188,0,0.0,0.0
2018-05-01 00:00:00+09:00,549.9457142569802,553.065973628651,547.6055197282271,549.1656494140625,9800,0.0,0.0
2018-05-02 00:00:00+09:00,549.9457296455092,553.0659891044909,546.8254701865276,551.505859375,9600,0.0,0.0
2018-05-03 00:00:00+09:00,551.505859375,551.505859375,551.505859375,551.505859375,0,0.0,0.0
2018-05-04 00:00:00+09:00,551.505859375,551.505859375,551.505859375,551.505859375,0,0.0,0.0
2018-05-07 00:00:00+09:00,554.6261596679688,555.4062245901459,551.5058999792601,554.6261596679688,14000,0.0,0.0
2018-05-08 00:00:00+09:00,555.4061041234439,563.98681640625,555.4061041234439,563.98681640625,22500,0.0,0.0
2018-05-09 00:00:00+09:00,563.9868511125153,610.7907391716452,562.4267215105443,596.7495727539062,101600,0.0,0.0
2018-05-10 00:00:00+09:00,599.0896647574124,599.8697294250653,574.1275953925202,578.8079833984375,76500,0.0,0.0
2018-05-11 00:00:00+09:00,584.2685796639461,585.8287093826749,574.9078013515731,575.6878662109375,16100,0.0,0.0
2018-05-14 00:00:00+09:00,585.8286643465202,595.1894419392742,581.9283403495393,587.3887939453125,61500,0.0,0.0
2018-05-15 00:00:00+09:00,588.1688850741474,599.869857588885,582.7084312339364,597.5296630859375,35900,0.0,0.0
2018-05-16 00:00:00+09:00,590.5090795770949,600.6499224232009,590.5090795770949,597.5296630859375,27500,0.0,0.0
2018-05-17 00:00:00+09:00,597.529673151945,600.6499325417724,588.1688949824628,595.9695434570312,25800,0.0,0.0
2018-05-18 00:00:00+09:00,594.4093783509497,601.4299615598193,594.4093783509497,596.7495727539062,16200,0.0,0.0
2018-05-21 00:00:00+09:00,600.6499224232009,600.6499224232009,594.4094037486741,597.5296630859375,30900,0.0,0.0
2018-05-22 00:00:00+09:00,597.5296630859375,599.869857588885,596.7495982516216,597.5296630859375,21800,0.0,0.0
2018-05-23 00:00:00+09:00,592.8493859023645,595.9696458281663,588.9490609951121,589.7291259765625,15800,0.0,0.0
2018-05-24 00:00:00+09:00,586.6087742420393,590.5090985388614,575.6878662109375,575.6878662109375,22100,0.0,0.0
2018-05-25 00:00:00+09:00,572.5676014732371,580.3682499946709,571.7875366210938,571.7875366210938,11500,0.0,0.0
2018-05-28 00:00:00+09:00,571.0074717689504,574.1277311775239,571.0074717689504,571.7875366210938,3300,0.0,0.0
2018-05-29 00:00:00+09:00,573.3476914956536,577.2480159275968,546.0454204720511,553.8460693359375,29000,0.0,0.0
2018-05-30 00:00:00+09:00,544.4853768846679,549.1657669438483,543.7053118748045,545.2654418945312,7200,0.0,0.0
2018-05-31 00:00:00+09:00,553.0659783909276,556.186237789466,541.3650056464087,543.7052001953125,20600,0.0,0.0
2018-06-01 00:00:00+09:00,545.2653352134248,549.9457243568877,544.485270356181,547.6055297851562,11000,0.0,0.0
2018-06-04 00:00:00+09:00,549.9456799878236,560.8665871081492,549.9456799878236,559.3064575195312,6400,0.0,0.0
2018-06-05 00:00:00+09:00,556.9663134282179,557.7463782929633,549.9457296455092,551.505859375,6700,0.0,0.0
2018-06-06 00:00:00+09:00,552.2859395631602,556.966328881492,551.5058746767716,553.8460693359375,8800,0.0,0.0
2018-06-07 00:00:00+09:00,553.8459242398795,563.2067004242155,551.5057301937954,562.4266357421875,10400,0.0,0.0
2018-06-08 00:00:00+09:00,557.7463434007433,563.2067971123589,557.7463434007433,561.6466674804688,11900,0.0,0.0
2018-06-11 00:00:00+09:00,562.426798474542,567.1071879209321,561.6467335668103,565.5470581054688,9400,0.0,0.0
2018-06-12 00:00:00+09:00,567.1072340355025,567.1072340355025,561.6467792373616,563.2069091796875,10900,0.0,0.0
2018-06-13 00:00:00+09:00,567.1072031377437,569.4473979237316,566.327138209081,567.8872680664062,18100,0.0,0.0
2018-06-14 00:00:00+09:00,569.4473979237316,569.4473979237316,563.9869434230931,567.8872680664062,7300,0.0,0.0
2018-06-15 00:00:00+09:00,569.4472696771265,569.4472696771265,559.3064278883558,563.98681640625,14200,0.0,0.0
2018-06-18 00:00:00+09:00,562.4266036453781,563.206668282889,554.6259572702688,557.7462158203125,9800,0.0,0.0
2018-06-19 00:00:00+09:00,554.6261087049046,556.966303256402,549.1656547514104,553.0659790039062,12200,0.0,0.0
2018-06-20 00:00:00+09:00,556.966328881492,557.7463937678807,546.0454204720511,553.8460693359375,18200,0.0,0.0
2018-06-21 00:00:00+09:00,550.7257447821326,573.3476238170928,550.7257447821326,559.3064575195312,21400,0.0,0.0
2018-06-22 00:00:00+09:00,558.5262804578234,560.0864097328453,551.505698720225,557.7462158203125,8200,0.0,0.0
2018-06-25 00:00:00+09:00,554.6260674659242,558.5263914284131,549.1656139184397,549.9456787109375,5000,0.0,0.0
2018-06-26 00:00:00+09:00,549.1656139184397,552.2858730884309,547.6054843334441,549.9456787109375,6600,0.0,0.0
2018-06-27 00:00:00+09:00,547.6055502448284,556.1862639951034,547.6055502448284,553.8460693359375,9400,0.0,0.0
2018-06-28 00:00:00+09:00,552.2859087857333,552.2859087857333,547.6055197282271,549.1656494140625,6000,0.0,0.0
2018-06-29 00:00:00+09:00,549.1657507944915,552.2860107421875,546.8255558337195,552.2860107421875,8600,0.0,0.0
2018-07-02 00:00:00+09:00,550.7256439824613,553.8459025885942,541.3648681640625,541.3648681640625,22600,0.0,0.0
2018-07-03 00:00:00+09:00,546.0453477016715,549.1656068313954,533.5643111827762,536.6845703125,26300,0.0,0.0
2018-07-04 00:00:00+09:00,531.2241619917597,536.684615932938,531.2241619917597,534.3444213867188,8600,0.0,0.0
2018-07-05 00:00:00+09:00,532.0042413918369,532.0042413918369,517.9630737304688,517.9630737304688,26600,0.0,0.0
2018-07-06 00:00:00+09:00,519.5231688371261,528.1038818359375,519.5231688371261,528.1038818359375,13600,0.0,0.0
2018-07-09 00:00:00+09:00,532.0041914959344,539.0247746681681,532.0041914959344,535.1244506835938,10600,0.0,0.0
2018-07-10 00:00:00+09:00,535.1243605420769,541.3648778661827,535.1243605420769,539.8047485351562,14300,0.0,0.0
2018-07-11 00:00:00+09:00,542.1451214341964,542.1451214341964,533.5644072820005,535.9046020507812,10400,0.0,0.0
2018-07-12 00:00:00+09:00,528.1039226156674,534.3444416421451,526.543792859048,531.2241821289062,7400,0.0,0.0
2018-07-13 00:00:00+09:00,531.2241619917597,536.684615932938,530.44409714302,534.3444213867188,5500,0.0,0.0
2018-07-16 00:00:00+09:00,534.3444213867188,534.3444213867188,534.3444213867188,534.3444213867188,0,0.0,0.0
2018-07-17 00:00:00+09:00,534.3444213867188,538.2447456304174,528.1039025968008,534.3444213867188,13400,0.0,0.0
2018-07-18 00:00:00+09:00,537.4647827148438,537.4647827148438,535.1245877247936,537.4647827148438,4500,0.0,0.0
2018-07-19 00:00:00+09:00,540.5848942246548,540.5848942246548,535.1244407476381,536.6845703125,7300,0.0,0.0
2018-07-20 00:00:00+09:00,535.1244192684397,539.8048077751608,529.6639660105985,530.4440307617188,9800,0.0,0.0
2018-07-23 00:00:00+09:00,527.323867820324,534.3444518593519,527.323867820324,529.6640625,8900,0.0,0.0
2018-07-24 00:00:00+09:00,533.5643565379789,535.9045510841981,530.44409714302,534.3444213867188,8400,0.0,0.0
2018-07-25 00:00:00+09:00,534.3442958765637,540.5848132006695,534.3442958765637,539.8047485351562,9000,0.0,0.0
2018-07-26 00:00:00+09:00,542.924997467129,542.924997467129,536.684480254863,541.3648681640625,8000,0.0,0.0
2018-07-27 00:00:00+09:00,542.924997467129,542.924997467129,538.2446095579296,541.3648681640625,4300,0.0,0.0
2018-07-30 00:00:00+09:00,542.9251406416934,551.5058540713753,542.9251406416934,547.6055297851562,17700,0.0,0.0
2018-07-31 00:00:00+09:00,552.2859291294643,552.2859291294643,542.9251506696429,546.04541015625,7400,0.0,0.0
2018-08-01 00:00:00+09:00,546.0455069043946,546.0455069043946,542.1451818550776,545.2654418945312,14000,0.0,0.0
2018-08-02 00:00:00+09:00,546.8254595938508,546.8254595938508,542.1450704960433,543.7052001953125,10600,0.0,0.0
2018-08-03 00:00:00+09:00,542.9250986527423,542.9250986527423,532.7842562928492,535.1244506835938,15900,0.0,0.0
2018-08-06 00:00:00+09:00,535.9045713987645,535.9045713987645,529.6640523722868,531.2241821289062,5100,0.0,0.0
2018-08-07 00:00:00+09:00,532.0042274507936,548.38558929312,532.0042274507936,543.7052001953125,25300,0.0,0.0
2018-08-08 00:00:00+09:00,546.0453691153691,547.605498741413,541.3649802372373,542.9251098632812,13700,0.0,0.0
2018-08-09 00:00:00+09:00,546.8253564875879,546.8253564875879,538.2446447595373,540.5848388671875,9600,0.0,0.0
2018-08-10 00:00:00+09:00,538.2447209851496,544.4852394893252,538.2447209851496,542.9251098632812,7000,0.0,0.0
2018-08-13 00:00:00+09:00,542.9251812797837,542.9251812797837,529.6640777140419,532.0042724609375,16500,0.0,0.0
2018-08-14 00:00:00+09:00,528.8838816860266,535.1243994640329,528.8838816860266,533.5642700195312,8500,0.0,0.0
2018-08-15 00:00:00+09:00,530.4440307617188,535.90448401956,528.8839012594784,530.4440307617188,5500,0.0,0.0
2018-08-16 00:00:00+09:00,528.1039019693769,528.1039019693769,521.8633831868732,524.983642578125,10800,0.0,0.0
2018-08-17 00:00:00+09:00,528.1039073122638,530.4441018793786,528.1039073122638,528.8839721679688,8400,0.0,0.0
2018-08-20 00:00:00+09:00,530.4440248842593,530.4440248842593,525.7636364293982,526.543701171875,2100,0.0,0.0
2018-08-21 00:00:00+09:00,524.9836225636425,530.4440762901588,524.9836225636425,528.1038818359375,3600,0.0,0.0
2018-08-22 00:00:00+09:00,528.1039528215122,536.6846669737081,528.1039528215122,535.9046020507812,7200,0.0,0.0
2018-08-23 00:00:00+09:00,535.9044998191287,535.9044998191287,529.663981626184,532.7842407226562,5300,0.0,0.0
2018-08-24 00:00:00+09:00,535.9044156033299,541.3648681640625,535.9044156033299,541.3648681640625,4200,0.0,0.0
2018-08-27 00:00:00+09:00,543.7051746763033,546.0453691153691,528.8839432288861,542.9251098632812,19200,0.0,0.0
2018-08-28 00:00:00+09:00,542.925246864941,545.2654418945312,542.925246864941,545.2654418945312,6700,0.0,0.0
2018-08-29 00:00:00+09:00,546.04541015625,549.9457345145089,543.7052155412947,546.04541015625,15300,0.0,0.0
2018-08-30 00:00:00+09:00,550.7257838420238,550.7257838420238,542.9251353456779,543.7052001953125,4800,0.0,0.0
2018-08-31 00:00:00+09:00,541.3649746885175,543.7051691035975,539.0247802734375,539.0247802734375,3900,0.0,0.0
2018-09-03 00:00:00+09:00,537.4646450743384,539.804839465083,532.7842562928492,535.1244506835938,9600,0.0,0.0
2018-09-04 00:00:00+09:00,539.0248104791572,539.0248104791572,534.3444213867188,534.3444213867188,3600,0.0,0.0
2018-09-05 00:00:00+09:00,532.004247007216,535.9045713987645,531.2241821289062,531.2241821289062,5000,0.0,0.0
2018-09-06 00:00:00+09:00,532.7843118855257,535.1245065204548,531.2241821289062,531.2241821289062,7900,0.0,0.0
2018-09-07 00:00:00+09:00,532.0042315907887,532.0042315907887,526.5437776008538,528.8839721679688,8400,0.0,0.0
2018-09-10 00:00:00+09:00,528.8839012594784,532.0041602639591,528.8839012594784,530.4440307617188,3600,0.0,0.0
2018-09-11 00:00:00+09:00,528.1038365083582,531.2240955128389,528.1038365083582,530.4440307617188,3500,0.0,0.0
2018-09-12 00:00:00+09:00,532.0042315907887,534.3444261579035,528.1039073122638,528.8839721679688,7600,0.0,0.0
2018-09-13 00:00:00+09:00,528.8839168520658,543.7051475603096,528.8839168520658,532.7842407226562,12300,0.0,0.0
2018-09-14 00:00:00+09:00,530.4441475902929,535.9046020507812,529.664082667366,535.9046020507812,16200,0.0,0.0
2018-09-17 00:00:00+09:00,535.9046020507812,535.9046020507812,535.9046020507812,535.9046020507812,0,0.0,0.0
2018-09-18 00:00:00+09:00,536.6846669737081,542.1451214341964,533.5644072820005,535.9046020507812,22800,0.0,0.0
2018-09-19 00:00:00+09:00,539.8047741646375,542.1449682722877,537.4645800569873,540.5848388671875,9700,0.0,0.0
2018-09-20 00:00:00+09:00,539.0248617424888,541.3650565112695,535.1245371278543,535.9046020507812,14000,0.0,0.0
2018-09-21 00:00:00+09:00,535.9046368530622,549.1657414040114,535.9046368530622,544.4853515625,17700,0.0,0.0
2018-09-24 00:00:00+09:00,544.4853515625,544.4853515625,544.4853515625,544.4853515625,0,0.0,0.0
2018-09-25 00:00:00+09:00,541.3650459657866,565.5470581054688,541.3650459657866,565.5470581054688,26900,0.0,0.0
2018-09-26 00:00:00+09:00,553.6824744011877,567.1290487795023,552.8914994377575,563.9651489257812,17600,10.0,0.0
2018-09-27 00:00:00+09:00,558.4281796762266,563.1740282287158,545.7725835362554,548.1455078125,14200,0.0,0.0
2018-09-28 00:00:00+09:00,551.3094895078235,561.5921629132779,551.3094895078235,559.21923828125,12600,0.0,0.0
2018-10-01 00:00:00+09:00,559.2192994905436,561.5922243822998,554.4734497070312,554.4734497070312,7200,0.0,0.0
2018-10-02 00:00:00+09:00,555.2643432617188,559.2192175014746,553.6823935658165,555.2643432617188,8100,0.0,0.0
2018-10-03 00:00:00+09:00,552.8914794921875,555.264404296875,551.3095296223959,552.8914794921875,5000,0.0,0.0
2018-10-04 00:00:00+09:00,552.1005859375,555.2644861434455,548.1457106800681,552.1005859375,8000,0.0,0.0
2018-10-05 00:00:00+09:00,551.3095296223959,551.3095296223959,545.772705078125,545.772705078125,6300,0.0,0.0
2018-10-08 00:00:00+09:00,545.772705078125,545.772705078125,545.772705078125,545.772705078125,0,0.0,0.0
2018-10-09 00:00:00+09:00,546.5635561501928,546.5635561501928,538.65380859375,538.65380859375,7800,0.0,0.0
2018-10-10 00:00:00+09:00,538.6539102590839,541.8178098788142,536.2809855442862,537.0719604492188,9100,0.0,0.0
2018-10-11 00:00:00+09:00,530.744139694586,530.744139694586,517.2975668558261,518.8795166015625,64200,0.0,0.0
2018-10-12 00:00:00+09:00,518.8793744648973,522.8342477458797,518.8793744648973,519.6703491210938,6400,0.0,0.0
2018-10-15 00:00:00+09:00,518.8794960698585,520.4614457529984,517.2975463867188,517.2975463867188,13700,0.0,0.0
2018-10-16 00:00:00+09:00,517.2975463867188,521.2524205945683,515.715596703579,517.2975463867188,6400,0.0,0.0
2018-10-17 00:00:00+09:00,520.4613854610559,525.9982087106416,519.6704107111151,522.0433349609375,7000,0.0,0.0
2018-10-18 00:00:00+09:00,519.6705120959914,527.5802611385483,519.6705120959914,525.2073364257812,8700,0.0,0.0
2018-10-19 00:00:00+09:00,519.6704107111151,522.8343097108783,519.6704107111151,522.0433349609375,7200,0.0,0.0
2018-10-22 00:00:00+09:00,525.9982290542904,525.9982290542904,519.6704308100283,521.2523803710938,7300,0.0,0.0
2018-10-23 00:00:00+09:00,520.4615482260114,520.4615482260114,515.7156982421875,515.7156982421875,9000,0.0,0.0
2018-10-24 00:00:00+09:00,515.7156575520834,520.4615071614584,508.59688313802087,514.9246826171875,12000,0.0,0.0
2018-10-25 00:00:00+09:00,506.2239373995177,506.2239373995177,491.98638916015625,491.98638916015625,63100,0.0,0.0
2018-10-26 00:00:00+09:00,496.73213743179565,499.105061655196,491.98628898499504,498.3140869140625,13800,0.0,0.0
2018-10-29 00:00:00+09:00,498.3141781733586,505.43295214726373,492.7773539714324,493.5683288574219,12900,0.0,0.0
2018-10-30 00:00:00+09:00,491.9862691211247,500.68699092230213,491.19529441192674,499.10504150390625,10700,0.0,0.0
2018-10-31 00:00:00+09:00,507.01497327184387,515.7156982421875,504.64204827993194,515.7156982421875,17000,0.0,0.0
2018-11-01 00:00:00+09:00,506.2238777089783,518.0884998427825,504.64192809113774,510.9697265625,12800,0.0,0.0
2018-11-02 00:00:00+09:00,515.7155157890029,521.2523388112775,510.96966748419607,518.0884399414062,10200,0.0,0.0
2018-11-05 00:00:00+09:00,518.8795982314034,519.6705732287073,514.1337482475795,515.7156982421875,9200,0.0,0.0
2018-11-06 00:00:00+09:00,517.2974875510276,526.7891845703125,516.5065127994205,526.7891845703125,20000,0.0,0.0
2018-11-07 00:00:00+09:00,525.9983524246567,525.9983524246567,516.5066528320312,516.5066528320312,14300,0.0,0.0
2018-11-08 00:00:00+09:00,519.6703893763419,520.4613640938096,517.2974652239385,518.0884399414062,4400,0.0,0.0
2018-11-09 00:00:00+09:00,518.0884399414062,520.4613640938096,518.0884399414062,518.0884399414062,2600,0.0,0.0
2018-11-12 00:00:00+09:00,518.0885823567709,518.0885823567709,514.1337076822917,514.9246826171875,4300,0.0,0.0
2018-11-13 00:00:00+09:00,507.0148096551639,507.0148096551639,497.5231127505431,500.68701171875,17300,0.0,0.0
2018-11-14 00:00:00+09:00,500.6871029794501,500.6871029794501,494.35930388966244,495.9412536621094,9300,0.0,0.0
2018-11-15 00:00:00+09:00,492.7772534587236,508.5967479517805,491.9862787340707,497.5231018066406,14000,0.0,0.0
2018-11-16 00:00:00+09:00,495.15027862940076,497.52320328736914,491.98637908544293,493.5683288574219,12500,0.0,0.0
2018-11-19 00:00:00+09:00,491.1954043447686,497.5232034345563,490.40442945854517,495.9412536621094,19500,0.0,0.0
2018-11-20 00:00:00+09:00,492.7773033203125,497.52315214843753,491.986328515625,494.3592529296875,5200,0.0,0.0
2018-11-21 00:00:00+09:00,493.5683287099939,493.5683287099939,489.613454281228,491.1954040527344,10200,0.0,0.0
2018-11-22 00:00:00+09:00,491.986328515625,495.150227734375,489.61340410156254,494.3592529296875,6500,0.0,0.0
2018-11-23 00:00:00+09:00,494.3592529296875,494.3592529296875,494.3592529296875,494.3592529296875,0,0.0,0.0
2018-11-26 00:00:00+09:00,494.35923225806954,495.9411818012954,491.1953331716179,492.77728271484375,5000,0.0,0.0
2018-11-27 00:00:00+09:00,496.73214827576646,501.4779968261719,493.5682492421629,501.4779968261719,12300,0.0,0.0
2018-11-28 00:00:00+09:00,502.2689612028535,504.6418854290087,500.68701171875,500.68701171875,4300,0.0,0.0
2018-11-29 00:00:00+09:00,500.687022067771,501.4779968261719,499.8960473093701,501.4779968261719,3800,0.0,0.0
2018-11-30 00:00:00+09:00,495.9412536621094,499.89612809322665,495.9412536621094,495.9412536621094,15100,0.0,0.0
2018-12-03 00:00:00+09:00,499.10517385835556,506.2239481289185,499.10517385835556,504.6419982910156,23000,0.0,0.0
2018-12-04 00:00:00+09:00,506.2239271830143,506.2239271830143,495.9412536621094,495.9412536621094,9500,0.0,0.0
2018-12-05 00:00:00+09:00,494.35930388966244,497.5232034345563,492.7773541172155,495.9412536621094,7000,0.0,0.0
2018-12-06 00:00:00+09:00,495.9412121680475,495.9412121680475,490.4043884277344,490.4043884277344,52500,0.0,0.0
2018-12-07 00:00:00+09:00,489.6133929996429,493.5682669334041,488.03144342613837,488.8224182128906,15500,0.0,0.0
2018-12-10 00:00:00+09:00,484.07664996707496,485.6585998035687,480.1217753758407,483.2856750488281,24000,0.0,0.0
2018-12-11 00:00:00+09:00,483.28554965025626,485.6584737892919,468.2570301030306,471.4209289550781,65200,0.0,0.0
2018-12-12 00:00:00+09:00,473.79396572525604,477.74884023047525,468.25714141794924,475.37591552734375,33900,0.0,0.0
2018-12-13 00:00:00+09:00,474.5849308709206,481.70370483398443,474.5849308709206,481.7037048339844,12700,0.0,0.0
2018-12-14 00:00:00+09:00,474.58494042148106,478.53981492499344,470.63006591796875,470.63006591796875,18700,0.0,0.0
2018-12-17 00:00:00+09:00,469.83904000036233,471.42098962999313,469.0480651855469,469.0480651855469,24600,0.0,0.0
2018-12-18 00:00:00+09:00,467.4661556928586,467.4661556928586,460.3473817482973,462.7203063964844,56100,0.0,0.0
2018-12-19 00:00:00+09:00,461.9293412796711,461.9293412796711,452.43764248625325,454.01959228515625,20800,0.0,0.0
2018-12-20 00:00:00+09:00,449.2736904068952,453.22856444216717,440.5729675292969,440.5729675292969,29300,0.0,0.0
2018-12-21 00:00:00+09:00,439.7820215936917,442.1549461706361,420.7986249781367,423.9625244140625,60100,0.0,0.0
2018-12-24 00:00:00+09:00,423.9625244140625,423.9625244140625,423.9625244140625,423.9625244140625,0,0.0,0.0
2018-12-25 00:00:00+09:00,399.4422587613305,403.39713261045256,378.87691474589565,389.9505615234375,69000,0.0,0.0
2018-12-26 00:00:00+09:00,397.8603513183594,402.6062004394531,390.7415776367188,395.4874267578125,18900,0.0,0.0
2018-12-27 00:00:00+09:00,412.8888103905897,438.2000018321584,412.8888103905897,437.4090270996094,15200,0.0,0.0
2018-12-28 00:00:00+09:00,435.036120944553,435.8270957099067,421.5895499335395,427.1263732910156,19900,0.0,0.0
2018-12-31 00:00:00+09:00,427.1263732910156,427.1263732910156,427.1263732910156,427.1263732910156,0,0.0,0.0
2019-01-04 00:00:00+09:00,411.3069357451808,419.2166845095112,409.7249859923147,412.8888854980469,11100,0.0,0.0
2019-01-07 00:00:00+09:00,428.7083637568955,430.2903134386553,426.3354392342559,427.9173889160156,4100,0.0,0.0
2019-01-08 00:00:00+09:00,427.9173694805507,433.4541931152344,427.1263946755959,433.4541931152344,5700,0.0,0.0
2019-01-09 00:00:00+09:00,432.66321945875296,440.5729675292969,432.66321945875296,440.5729675292969,8700,0.0,0.0
2019-01-10 00:00:00+09:00,436.61813370988176,438.9910583496094,435.8271588299726,438.9910583496094,2900,0.0,0.0
2019-01-11 00:00:00+09:00,438.991016749918,439.78199155487283,432.66321831027955,433.4541931152344,6400,0.0,0.0
2019-01-15 00:00:00+09:00,433.4541931152344,438.991016749918,430.2902938954151,433.4541931152344,8100,0.0,0.0
2019-01-16 00:00:00+09:00,433.4541931152344,435.82711753009875,431.8722435053247,433.4541931152344,4700,0.0,0.0
2019-01-17 00:00:00+09:00,433.4542238543557,442.15494732588473,433.4542238543557,435.8271484375,7900,0.0,0.0
2019-01-18 00:00:00+09:00,442.1549581979898,445.31885771997895,436.61813403450867,443.7369079589844,15900,0.0,0.0
2019-01-21 00:00:00+09:00,449.27362960354685,450.85557900355934,440.57290790347815,445.3187561035156,6800,0.0,0.0
2019-01-22 00:00:00+09:00,445.3188163716232,447.6917407927864,440.5729675292969,440.5729675292969,6200,0.0,0.0
2019-01-23 00:00:00+09:00,437.40913899739587,438.2001139322917,431.872314453125,431.872314453125,5300,0.0,0.0
2019-01-24 00:00:00+09:00,433.45418279393283,433.45418279393283,427.1263845049703,432.6632080078125,9200,0.0,0.0
2019-01-25 00:00:00+09:00,435.0361029019623,438.2000018321584,434.2451281694133,437.4090270996094,4000,0.0,0.0
2019-01-28 00:00:00+09:00,437.40913899739587,437.40913899739587,431.872314453125,431.872314453125,5200,0.0,0.0
2019-01-29 00:00:00+09:00,431.0813293457031,434.24522901062574,431.0813293457031,431.0813293457031,3000,0.0,0.0
2019-01-30 00:00:00+09:00,432.6632080078125,442.1549054412563,431.08125843557184,432.6632080078125,10700,0.0,0.0
2019-01-31 00:00:00+09:00,435.0362039268564,435.82717884308704,431.0813293457031,431.0813293457031,7800,0.0,0.0
2019-02-01 00:00:00+09:00,431.0813293457031,435.82717884308704,431.0813293457031,431.0813293457031,5500,0.0,0.0
2019-02-04 00:00:00+09:00,432.6632080078125,435.82710715229376,431.08125843557184,432.6632080078125,12500,0.0,0.0
2019-02-05 00:00:00+09:00,435.8271075994318,440.57295632102273,433.4541832386364,435.0361328125,11000,0.0,0.0
2019-02-06 00:00:00+09:00,438.2001419700003,497.52326588290646,438.2001419700003,476.9579162597656,70900,0.0,0.0
2019-02-07 00:00:00+09:00,480.12165079820875,498.3140691974819,471.4209289550781,471.4209289550781,40700,0.0,0.0
2019-02-08 00:00:00+09:00,470.63006602003423,483.2856644340184,466.6751915156642,473.00299072265625,14500,0.0,0.0
2019-02-12 00:00:00+09:00,475.37591552734375,477.74884023047525,469.0481163189931,475.37591552734375,7600,0.0,0.0
2019-02-13 00:00:00+09:00,472.21204639125517,473.0030213433343,465.09327182254276,468.2571716308594,10600,0.0,0.0
2019-02-14 00:00:00+09:00,468.2571413174122,473.00299072265625,466.6751915156642,473.00299072265625,4600,0.0,0.0
2019-02-15 00:00:00+09:00,472.21197478939786,476.9578237822561,469.8390502929687,469.83905029296875,5300,0.0,0.0
2019-02-18 00:00:00+09:00,471.4210415134182,487.24053955078125,471.4210415134182,487.24053955078125,9200,0.0,0.0
2019-02-19 00:00:00+09:00,480.91272994919956,487.2405290274785,480.91272994919956,481.7037048339844,6400,0.0,0.0
2019-02-20 00:00:00+09:00,476.9578052958504,484.0765785092213,476.9578052958504,482.49462890625,7700,0.0,0.0
2019-02-21 00:00:00+09:00,484.8675533107069,484.8675533107069,480.121704501793,482.49462890625,4500,0.0,0.0
2019-02-22 00:00:00+09:00,481.7037252618746,486.4495747718438,476.1669008335772,485.6585998535156,9700,0.0,0.0
2019-02-25 00:00:00+09:00,484.8676548245587,502.2691041004809,484.8676548245587,499.89617919921875,17600,0.0,0.0
2019-02-26 00:00:00+09:00,496.73214827576646,506.2238453765773,495.1501987589647,501.4779968261719,11800,0.0,0.0
2019-02-27 00:00:00+09:00,499.10520423213137,505.43300396883035,497.52325429795667,499.89617919921875,11100,0.0,0.0
2019-02-28 00:00:00+09:00,499.8960363963294,499.8960363963294,496.73213743179565,498.3140869140625,4600,0.0,0.0
2019-03-01 00:00:00+09:00,495.15027862940076,495.15027862940076,493.5683288574219,493.5683288574219,3300,0.0,0.0
2019-03-04 00:00:00+09:00,492.77729214665186,497.52314086716535,488.8224182128906,488.8224182128906,13100,0.0,0.0
2019-03-05 00:00:00+09:00,488.0314735970846,490.4043981040396,485.65854909012955,486.44952392578125,5800,0.0,0.0
2019-03-06 00:00:00+09:00,484.8675442791294,491.19534257314734,484.07656949237713,488.8224182128906,7200,0.0,0.0
2019-03-07 00:00:00+09:00,486.44950291367826,489.61340211962084,480.91267930327865,482.49462890625,13600,0.0,0.0
2019-03-08 00:00:00+09:00,484.8676150404755,506.2239373995177,476.95786601860806,491.98638916015625,53200,0.0,0.0
2019-03-11 00:00:00+09:00,494.359272282298,494.359272282298,480.9127000762195,486.44952392578125,11100,0.0,0.0
2019-03-12 00:00:00+09:00,489.6134338378906,490.40440869061746,488.82245898516385,489.6134338378906,1600,0.0,0.0
2019-03-13 00:00:00+09:00,488.03145251664955,490.4043769211065,481.7036541047643,482.49462890625,5200,0.0,0.0
2019-03-14 00:00:00+09:00,484.076629488339,484.86760437312387,479.3307801796298,481.7037048339844,2300,0.0,0.0
2019-03-15 00:00:00+09:00,484.86761474609375,494.3593135665719,482.4946900409742,484.86761474609375,10700,0.0,0.0
2019-03-18 00:00:00+09:00,488.0314735970846,488.8224484327363,485.65854909012955,486.44952392578125,2800,0.0,0.0
2019-03-19 00:00:00+09:00,486.44949385263385,489.6133929996429,485.6585190658816,488.8224182128906,4600,0.0,0.0
2019-03-20 00:00:00+09:00,488.82249947655606,488.82249947655606,480.9127502940875,483.2856750488281,13400,0.0,0.0
2019-03-22 00:00:00+09:00,486.4495747718438,489.6134744451566,483.285675098531,485.6585998535156,9600,0.0,0.0
2019-03-25 00:00:00+09:00,475.37586442695834,480.91268813908596,473.0029399789036,473.7939147949219,9200,0.0,0.0
2019-03-26 00:00:00+09:00,479.33072970030736,484.8675533107069,477.748780097336,482.49462890625,9700,0.0,0.0
2019-03-27 00:00:00+09:00,484.91922026699024,499.46679687499994,483.3028228661003,499.466796875,19900,13.0,0.0
2019-03-28 00:00:00+09:00,497.8504474037572,497.8504474037572,488.15206206472294,491.3848571777344,6000,0.0,0.0
2019-03-29 00:00:00+09:00,493.0012582709687,493.0012582709687,486.5356679985626,489.7684631347656,7300,0.0,0.0
2019-04-01 00:00:00+09:00,484.9192899816177,496.2340734145221,484.9192899816177,494.61767578125,6600,0.0,0.0
2019-04-02 00:00:00+09:00,494.6176181480533,494.6176181480533,489.76842581326844,493.001220703125,2500,0.0,0.0
2019-04-03 00:00:00+09:00,493.0012618311194,497.0422557805548,487.3438703019098,488.1520690917969,4900,0.0,0.0
2019-04-04 00:00:00+09:00,488.1520690917969,490.5766654614581,487.3438703019098,488.1520690917969,3400,0.0,0.0
2019-04-05 00:00:00+09:00,486.53562259829147,497.04220581054693,486.53562259829147,497.0422058105469,7800,0.0,0.0
2019-04-08 00:00:00+09:00,498.6587176220136,498.6587176220136,480.87834195315736,487.34393310546875,15000,0.0,0.0
2019-04-09 00:00:00+09:00,486.53567682605814,486.53567682605814,482.4946828324862,485.72747802734375,7900,0.0,0.0
2019-04-10 00:00:00+09:00,486.53567682605814,486.53567682605814,484.91927922862936,485.72747802734375,1900,0.0,0.0
2019-04-11 00:00:00+09:00,484.9192845781511,484.9192845781511,482.49468815526035,483.3028869628906,4500,0.0,0.0
2019-04-12 00:00:00+09:00,486.53561905747864,486.53561905747864,480.8782281382056,484.11102294921875,3900,0.0,0.0
2019-04-15 00:00:00+09:00,484.91927922862936,488.1520744234869,482.4946828324862,485.72747802734375,8800,0.0,0.0
2019-04-16 00:00:00+09:00,486.53561905747864,486.53561905747864,483.3028242464655,484.11102294921875,3500,0.0,0.0
2019-04-17 00:00:00+09:00,486.53567682605814,486.53567682605814,483.3028816312006,485.72747802734375,5400,0.0,0.0
2019-04-18 00:00:00+09:00,487.3438774108887,487.3438774108887,484.11108220418294,484.9192810058594,4800,0.0,0.0
2019-04-19 00:00:00+09:00,486.53567682605814,487.3438756247725,484.91927922862936,485.72747802734375,1600,0.0,0.0
2019-04-22 00:00:00+09:00,486.5356821934116,486.5356821934116,481.68648934763013,483.3028869628906,8400,0.0,0.0
2019-04-23 00:00:00+09:00,484.11108220418294,489.768473815918,483.30288340250655,484.9192810058594,5100,0.0,0.0
2019-04-24 00:00:00+09:00,483.3028740915312,484.91927166374364,471.1798922999376,475.22088623046875,14700,0.0,0.0
2019-04-25 00:00:00+09:00,483.3028763524744,488.1520690917969,482.4946775625873,488.1520690917969,5800,0.0,0.0
2019-04-26 00:00:00+09:00,485.7275159059458,486.5357147676861,482.49472045898443,482.4947204589844,5600,0.0,0.0
2019-05-07 00:00:00+09:00,483.3028242464655,486.53561905747864,482.4946255437122,484.11102294921875,6500,0.0,0.0
2019-05-08 00:00:00+09:00,484.1111181824651,484.1111181824651,480.0701238737634,482.4947204589844,4000,0.0,0.0
2019-05-09 00:00:00+09:00,482.4946807078826,482.4946807078826,472.7962951660156,472.7962951660156,7200,0.0,0.0
2019-05-10 00:00:00+09:00,472.79623246437046,476.0290272162636,472.79623246437046,473.60443115234375,9100,0.0,0.0
2019-05-13 00:00:00+09:00,473.6044975267675,476.8372927317284,471.1799011230469,471.1799011230469,3700,0.0,0.0
2019-05-14 00:00:00+09:00,465.5224287803293,487.34379262940723,452.59125020309796,466.33062744140625,34100,0.0,0.0
2019-05-15 00:00:00+09:00,478.4537261502827,482.49472045898443,471.98813525635995,482.4947204589844,20000,0.0,0.0
2019-05-16 00:00:00+09:00,483.3028327094184,484.1110314263238,478.4536404079861,480.0700378417969,8400,0.0,0.0
2019-05-17 00:00:00+09:00,484.919336423352,487.34393310546875,484.11113752931305,487.34393310546875,9900,0.0,0.0
2019-05-20 00:00:00+09:00,486.53567682605814,488.9602732222013,485.72747802734375,485.72747802734375,5700,0.0,0.0
2019-05-21 00:00:00+09:00,487.34388643152573,487.34388643152573,480.8782958984375,480.8782958984375,3400,0.0,0.0
2019-05-22 00:00:00+09:00,484.11108577052084,484.9192845781511,482.49468815526035,483.3028869628906,3800,0.0,0.0
2019-05-23 00:00:00+09:00,480.8781722408013,484.9191652848416,480.8781722408013,481.6863708496094,4500,0.0,0.0
2019-05-24 00:00:00+09:00,480.87821262165653,480.87821262165653,476.0290205616062,476.83721923828125,4900,0.0,0.0
2019-05-27 00:00:00+09:00,479.2618152683064,479.2618152683064,476.83721923828125,476.83721923828125,1300,0.0,0.0
2019-05-28 00:00:00+09:00,476.02909034663793,476.02909034663793,472.7962951660156,472.7962951660156,4300,0.0,0.0
2019-05-29 00:00:00+09:00,472.79629872552727,475.22089512924794,470.37170232180665,471.1799011230469,4300,0.0,0.0
2019-05-30 00:00:00+09:00,472.7962308035595,475.2208268589624,472.7962308035595,474.4126281738281,2800,0.0,0.0
2019-05-31 00:00:00+09:00,474.41262984031704,474.41262984031704,472.79623246437046,473.60443115234375,3000,0.0,0.0
2019-06-03 00:00:00+09:00,470.3715980369728,471.1797966590294,461.4814131943496,462.28961181640625,9700,0.0,0.0
2019-06-04 00:00:00+09:00,454.2076670958932,459.8650579671944,454.2076670958932,456.63226318359375,15400,0.0,0.0
2019-06-05 00:00:00+09:00,459.0568645608836,468.75524902343744,458.24866585567077,468.7552490234375,13800,0.0,0.0
2019-06-06 00:00:00+09:00,469.56346314759264,469.56346314759264,461.4814758300781,461.4814758300781,4000,0.0,0.0
2019-06-07 00:00:00+09:00,463.0979309082031,467.13892506970575,461.4815332436021,463.0979309082031,4900,0.0,0.0
2019-06-10 00:00:00+09:00,479.2618408203125,479.2618408203125,471.1798536226681,479.2618408203125,10000,0.0,0.0
2019-06-11 00:00:00+09:00,479.2618855272603,480.8782831175714,470.37169878054885,472.7962951660156,7500,0.0,0.0
2019-06-12 00:00:00+09:00,476.0290255440967,476.837224229231,474.4126281738281,474.4126281738281,3200,0.0,0.0
2019-06-13 00:00:00+09:00,474.41270536534927,481.68649471507354,474.41270536534927,480.8782958984375,8300,0.0,0.0
2019-06-14 00:00:00+09:00,480.87823825984134,481.6864369796058,477.6454433807836,479.2618408203125,7200,0.0,0.0
2019-06-17 00:00:00+09:00,471.1799011230469,472.79629872552727,468.7553047193262,471.1799011230469,15700,0.0,0.0
2019-06-18 00:00:00+09:00,473.6044412547144,473.6044412547144,468.75524902343744,468.7552490234375,9700,0.0,0.0
2019-06-19 00:00:00+09:00,472.79630051445713,474.4126981230536,467.9471076886678,470.3717041015625,13900,0.0,0.0
2019-06-20 00:00:00+09:00,468.75529594161884,475.22088623046875,467.1388983694064,475.22088623046875,21500,0.0,0.0
2019-06-21 00:00:00+09:00,473.60443115234375,479.26182196815677,473.60443115234375,473.60443115234375,10400,0.0,0.0
2019-06-24 00:00:00+09:00,474.4126485017258,481.6864369796058,474.4126485017258,479.2618408203125,3400,0.0,0.0
2019-06-25 00:00:00+09:00,480.0699736319932,483.3027680672255,478.4535764143771,481.6863708496094,4900,0.0,0.0
2019-06-26 00:00:00+09:00,480.87823655870227,482.494633992513,479.2618391248915,480.0700378417969,6800,0.0,0.0
2019-06-27 00:00:00+09:00,477.6455006318934,482.4946935317096,477.6455006318934,480.8782958984375,2200,0.0,0.0
2019-06-28 00:00:00+09:00,480.87823655870227,482.494633992513,480.0700378417969,480.0700378417969,4600,0.0,0.0
2019-07-01 00:00:00+09:00,483.3028763524744,489.76846667157105,481.68647877270024,488.1520690917969,19100,0.0,0.0
2019-07-02 00:00:00+09:00,487.3438077059659,488.960205078125,484.9192116477273,488.960205078125,6200,0.0,0.0
2019-07-03 00:00:00+09:00,487.3438703019098,488.1520690917969,485.72747272213564,488.1520690917969,2900,0.0,0.0
2019-07-04 00:00:00+09:00,486.53563092341193,497.85041303790985,486.53563092341193,493.001220703125,13400,0.0,0.0
2019-07-05 00:00:00+09:00,493.0012763616117,495.4258728027344,490.576679920489,495.4258728027344,8100,0.0,0.0
2019-07-08 00:00:00+09:00,511.5898290780874,513.2062266423152,502.6996424748347,504.3160400390625,18000,0.0,0.0
2019-07-09 00:00:00+09:00,503.50784655584806,509.97343688080275,499.4668526027514,501.8914489746094,8100,0.0,0.0
2019-07-10 00:00:00+09:00,499.4668526027514,503.50784655584806,497.8504550215127,501.8914489746094,7500,0.0,0.0
2019-07-11 00:00:00+09:00,501.0832231610965,503.5078194021986,500.2750244140625,500.2750244140625,5600,0.0,0.0
2019-07-12 00:00:00+09:00,499.4668473463792,506.7406363854041,499.4668473463792,504.3160400390625,7800,0.0,0.0
2019-07-16 00:00:00+09:00,505.9323377260533,508.35693359375,502.69954323579094,508.35693359375,13200,0.0,0.0
2019-07-17 00:00:00+09:00,505.1241793563623,507.5487754172728,503.5077819824219,503.5077819824219,6400,0.0,0.0
2019-07-18 00:00:00+09:00,501.8913182065357,507.5487082668348,490.5765380859375,490.5765380859375,12900,0.0,0.0
2019-07-19 00:00:00+09:00,492.19305830735425,504.3160400390625,492.19305830735425,504.3160400390625,5900,0.0,0.0
2019-07-22 00:00:00+09:00,502.6996424748347,504.3160400390625,501.08324491060694,504.3160400390625,3000,0.0,0.0
2019-07-23 00:00:00+09:00,503.5077786621094,505.1241760253906,501.0831826171875,505.1241760253906,5600,0.0,0.0
2019-07-24 00:00:00+09:00,507.54873497118444,509.97333083888117,505.12413910348766,508.35693359375,12400,0.0,0.0
2019-07-25 00:00:00+09:00,505.12416291199213,511.5897521972656,505.12416291199213,511.5897521972656,9700,0.0,0.0
2019-07-26 00:00:00+09:00,511.58972808401234,514.0143239517091,507.54873497118444,508.35693359375,11800,0.0,0.0
2019-07-29 00:00:00+09:00,508.3569526912281,514.0143432617188,508.3569526912281,514.0143432617188,10300,0.0,0.0
2019-07-30 00:00:00+09:00,511.58974730293704,514.0143432617188,510.7815486500098,514.0143432617188,4500,0.0,0.0
2019-07-31 00:00:00+09:00,514.014420066724,514.014420066724,505.124233556136,506.7406311035156,5600,0.0,0.0
2019-08-01 00:00:00+09:00,506.7406363854041,506.7406363854041,504.3160400390625,504.3160400390625,1500,0.0,0.0
2019-08-02 00:00:00+09:00,498.6586716772101,501.8914669555065,493.0012799401915,493.8094787597656,8000,0.0,0.0
2019-08-05 00:00:00+09:00,489.76845895215337,489.76845895215337,471.17988707773173,477.6454772949219,17200,0.0,0.0
2019-08-06 00:00:00+09:00,474.41262456631887,529.370134737545,470.3716311713758,505.932373046875,65000,0.0,0.0
2019-08-07 00:00:00+09:00,498.65866625658464,503.5078591213164,496.23406982421875,496.23406982421875,22700,0.0,0.0
2019-08-08 00:00:00+09:00,496.2340734145221,501.89146513097427,490.5766816980699,494.61767578125,12000,0.0,0.0
2019-08-09 00:00:00+09:00,499.4668686810662,499.4668686810662,493.80947696461396,494.61767578125,3900,0.0,0.0
2019-08-13 00:00:00+09:00,489.7684631347656,490.5766619188164,488.96026435071485,489.7684631347656,7300,0.0,0.0
2019-08-14 00:00:00+09:00,490.576679920489,498.6586680575646,490.576679920489,495.4258728027344,5200,0.0,0.0
2019-08-15 00:00:00+09:00,487.3438829055438,497.04226863500736,487.3438829055438,496.23406982421875,5500,0.0,0.0
2019-08-16 00:00:00+09:00,496.2340662572291,500.2750602821251,494.6176686472707,497.8504638671875,9500,0.0,0.0
2019-08-19 00:00:00+09:00,497.042200773665,501.89139297633494,496.23400207322004,499.466796875,6700,0.0,0.0
2019-08-20 00:00:00+09:00,498.65858986060084,503.5077819824219,495.4257951127201,503.5077819824219,4500,0.0,0.0
2019-08-21 00:00:00+09:00,500.2749922229398,501.08319091796875,499.4667935279108,501.08319091796875,4200,0.0,0.0
2019-08-22 00:00:00+09:00,501.08318592151136,505.1241793563623,499.466788547571,503.5077819824219,6100,0.0,0.0
2019-08-23 00:00:00+09:00,500.27504963276857,504.3160435716439,500.27504963276857,502.69964599609375,5100,0.0,0.0
2019-08-26 00:00:00+09:00,497.0421919389205,497.0421919389205,488.960205078125,488.960205078125,8300,0.0,0.0
2019-08-27 00:00:00+09:00,494.6175309861511,494.6175309861511,489.76833950589474,490.5765380859375,5600,0.0,0.0
2019-08-28 00:00:00+09:00,490.5766654614581,492.1930630412323,488.1520690917969,488.1520690917969,3000,0.0,0.0
2019-08-29 00:00:00+09:00,493.00132536374116,493.00132536374116,487.34393310546875,487.34393310546875,6300,0.0,0.0
2019-08-30 00:00:00+09:00,488.15208347936635,495.4258728027344,488.15208347936635,495.4258728027344,4500,0.0,0.0
2019-09-02 00:00:00+09:00,494.6176505253233,495.4258493006915,492.19305419921875,492.19305419921875,1900,0.0,0.0
2019-09-03 00:00:00+09:00,491.3848805147059,494.61767578125,491.3848805147059,494.61767578125,1400,0.0,0.0
2019-09-04 00:00:00+09:00,497.850445626796,497.850445626796,491.3848554238506,492.19305419921875,3700,0.0,0.0
2019-09-05 00:00:00+09:00,492.1930775479042,497.8504692438571,492.1930775479042,495.4258728027344,4700,0.0,0.0
2019-09-06 00:00:00+09:00,497.85040451918195,499.46680193645204,495.42580839327684,497.0422058105469,1900,0.0,0.0
2019-09-09 00:00:00+09:00,497.04219744282386,501.08319091796875,497.04219744282386,501.08319091796875,2600,0.0,0.0
2019-09-10 00:00:00+09:00,503.50777700990915,506.7405717258636,499.46678361496606,505.932373046875,7300,0.0,0.0
2019-09-11 00:00:00+09:00,505.93240016281226,508.3569963297267,503.50780399589786,507.5487976074219,8900,0.0,0.0
2019-09-12 00:00:00+09:00,509.16516776282947,509.16516776282947,501.8913796519319,505.932373046875,11700,0.0,0.0
2019-09-13 00:00:00+09:00,507.548733375186,513.2061237153553,501.89134303501675,509.1651306152344,22000,0.0,0.0
2019-09-17 00:00:00+09:00,509.97334999708255,517.2471378734276,505.1241580795192,514.0143432617188,24800,0.0,0.0
2019-09-18 00:00:00+09:00,516.4390582141458,518.8636547315831,514.0144616967085,515.630859375,10900,0.0,0.0
2019-09-19 00:00:00+09:00,515.630721292378,523.7127075195312,515.630721292378,523.7127075195312,16400,0.0,0.0
2019-09-20 00:00:00+09:00,524.52099609375,525.3291948550656,522.0963998098035,524.52099609375,13500,0.0,0.0
2019-09-24 00:00:00+09:00,524.5210534724222,529.3702465707805,521.2882580735167,526.137451171875,16800,0.0,0.0
2019-09-25 00:00:00+09:00,524.5210820297523,528.5620764983944,524.5210820297523,526.9456787109375,6500,0.0,0.0
2019-09-26 00:00:00+09:00,526.9455532808917,529.3701493849447,525.3291558781895,528.5619506835938,11100,0.0,0.0
2019-09-27 00:00:00+09:00,524.4583042144775,527.7412982940674,521.1753101348877,525.279052734375,13000,10.0,0.0
2019-09-30 00:00:00+09:00,525.2790178571429,526.9205147879464,521.9960239955357,522.8167724609375,4600,0.0,0.0
2019-10-01 00:00:00+09:00,526.0997924804688,526.0997924804688,525.279043974259,526.0997924804688,1700,0.0,0.0
2019-10-02 00:00:00+09:00,525.2790265357698,529.3827689305805,525.2790265357698,527.7412719726562,3000,0.0,0.0
2019-10-03 00:00:00+09:00,519.53369140625,521.995936389218,517.892194750938,519.53369140625,16500,0.0,0.0
2019-10-04 00:00:00+09:00,519.5337351401021,521.1752319335938,517.8922383466105,521.1752319335938,2300,0.0,0.0
2019-10-07 00:00:00+09:00,521.1751623573543,521.9959106445312,517.0714209214697,521.9959106445312,5200,0.0,0.0
2019-10-08 00:00:00+09:00,524.4582606587663,524.4582606587663,521.9960153035609,523.6375122070312,3700,0.0,0.0
2019-10-09 00:00:00+09:00,523.6374519289002,529.3826904296875,523.6374519289002,529.3826904296875,3900,0.0,0.0
2019-10-10 00:00:00+09:00,530.2035086495536,531.0242571149554,521.175275530134,522.8167724609375,6900,0.0,0.0
2019-10-11 00:00:00+09:00,522.8167120892068,529.3826990542204,522.8167120892068,528.5619506835938,7200,0.0,0.0
2019-10-15 00:00:00+09:00,532.665754045759,535.1279994419642,532.665754045759,534.3072509765625,11500,0.0,0.0
2019-10-16 00:00:00+09:00,538.4109153053977,541.6939086914062,536.7694186123935,541.6939086914062,12800,0.0,0.0
2019-10-17 00:00:00+09:00,536.7695488490941,539.2317944860166,534.3073032121716,535.1280517578125,6200,0.0,0.0
2019-10-18 00:00:00+09:00,537.5901652711095,537.5901652711095,530.2034301757812,530.2034301757812,5600,0.0,0.0
2019-10-21 00:00:00+09:00,528.561917417104,537.5901489257812,527.7411690981334,537.5901489257812,7000,0.0,0.0
2019-10-23 00:00:00+09:00,535.9486522878399,537.5901489257812,533.4864073309279,537.5901489257812,3400,0.0,0.0
2019-10-24 00:00:00+09:00,533.486536807985,544.9770160623109,533.486536807985,542.5147705078125,16200,0.0,0.0
2019-10-25 00:00:00+09:00,541.6939180391329,547.4391565637903,535.9486795144754,546.618408203125,16300,0.0,0.0
2019-10-28 00:00:00+09:00,546.6185214887673,548.2600185502952,545.7977729580034,547.4392700195312,8700,0.0,0.0
2019-10-29 00:00:00+09:00,548.259940423909,556.4674245619915,546.6184435962925,554.825927734375,14000,0.0,0.0
2019-10-30 00:00:00+09:00,554.8259626116071,561.3919503348214,553.1844656808036,557.2882080078125,26300,0.0,0.0
2019-10-31 00:00:00+09:00,558.1088781146751,558.9296264648438,552.3636396634946,558.9296264648438,9900,0.0,0.0
2019-11-01 00:00:00+09:00,553.1844656808036,558.1089564732142,548.2599748883929,557.2882080078125,6100,0.0,0.0
2019-11-05 00:00:00+09:00,557.2881297645065,560.571123165181,551.542891313326,558.9296264648438,13700,0.0,0.0
2019-11-06 00:00:00+09:00,558.1089303919996,559.7504272460938,556.4674335379055,559.7504272460938,10400,0.0,0.0
2019-11-07 00:00:00+09:00,561.391845703125,562.2125940155564,559.750349078262,561.391845703125,12900,0.0,0.0
2019-11-08 00:00:00+09:00,563.854134606898,564.6748829833273,560.571141101181,563.0333862304688,5900,0.0,0.0
2019-11-11 00:00:00+09:00,567.137222880158,597.504917882424,563.0334803122842,594.221923828125,48400,0.0,0.0
2019-11-12 00:00:00+09:00,594.2217651709121,594.2217651709121,551.5428538602941,586.0142822265625,43000,0.0,0.0
2019-11-13 00:00:00+09:00,582.7314104352679,590.9388950892857,574.52392578125,580.2691650390625,21100,0.0,0.0
2019-11-14 00:00:00+09:00,579.4483032226562,581.0897998323521,578.6275549178083,579.4483032226562,10500,0.0,0.0
2019-11-15 00:00:00+09:00,575.3446828192114,587.6559099836737,575.3446828192114,585.1936645507812,15400,0.0,0.0
2019-11-18 00:00:00+09:00,588.4764573317308,589.2972055288461,585.1934645432692,586.8349609375,9800,0.0,0.0
2019-11-19 00:00:00+09:00,586.8350305209974,587.6557788154324,581.0897924599527,586.0142822265625,11100,0.0,0.0
2019-11-20 00:00:00+09:00,584.3727163461539,587.6557091346153,581.0897235576923,586.8349609375,6900,0.0,0.0
2019-11-21 00:00:00+09:00,585.1936295630227,585.1936295630227,579.4483905631051,582.7313842773438,6800,0.0,0.0
2019-11-22 00:00:00+09:00,582.7313842773438,586.0143779915823,580.2691389916648,582.7313842773438,4900,0.0,0.0
2019-11-25 00:00:00+09:00,586.0142822265625,587.6557788154324,582.7312890488226,586.0142822265625,12800,0.0,0.0
2019-11-26 00:00:00+09:00,586.8350305209974,587.6557788154324,586.0142822265625,586.0142822265625,9300,0.0,0.0
2019-11-27 00:00:00+09:00,585.1935510528222,586.8350476897165,584.372802734375,584.372802734375,5300,0.0,0.0
2019-11-28 00:00:00+09:00,585.1936820629779,587.6559275695543,582.7314365564016,583.5521850585938,11200,0.0,0.0
2019-11-29 00:00:00+09:00,582.7314191178888,586.8351615060429,582.7314191178888,585.1936645507812,4800,0.0,0.0
2019-12-02 00:00:00+09:00,585.1936645507812,585.1936645507812,581.910670640258,585.1936645507812,13700,0.0,0.0
2019-12-03 00:00:00+09:00,584.3727856376926,586.8350305209974,582.7312890488226,586.0142822265625,3500,0.0,0.0
2019-12-04 00:00:00+09:00,581.9105407543876,586.0142822265625,581.9105407543876,586.0142822265625,6500,0.0,0.0
2019-12-05 00:00:00+09:00,586.0143260423032,587.6558227539062,585.1935776865016,587.6558227539062,9200,0.0,0.0
2019-12-06 00:00:00+09:00,586.8350743981047,589.2973194655093,585.1935776865016,587.6558227539062,6300,0.0,0.0
2019-12-09 00:00:00+09:00,589.2972055288461,589.2972055288461,586.0142127403846,586.8349609375,4100,0.0,0.0
2019-12-10 00:00:00+09:00,586.8350305209974,586.8350305209974,584.3727856376926,586.0142822265625,4100,0.0,0.0
2019-12-11 00:00:00+09:00,583.5521675955196,586.8351615060429,580.2691736849963,585.1936645507812,12400,0.0,0.0
2019-12-12 00:00:00+09:00,585.1936558314732,585.1936558314732,578.627668108259,580.2691650390625,12700,0.0,0.0
2019-12-13 00:00:00+09:00,581.0899047851562,585.1936470505882,579.4484078789835,581.0899047851562,13900,0.0,0.0
2019-12-16 00:00:00+09:00,578.6276507680271,581.91064453125,578.6276507680271,581.91064453125,10600,0.0,0.0
2019-12-17 00:00:00+09:00,581.91064453125,582.7313929720557,581.0898960904443,581.91064453125,7100,0.0,0.0
2019-12-18 00:00:00+09:00,581.9106532382426,581.9106532382426,579.4484078789835,581.0899047851562,6100,0.0,0.0
2019-12-19 00:00:00+09:00,578.6275549178083,580.2690515275042,577.8068066129604,579.4483032226562,6300,0.0,0.0
2019-12-20 00:00:00+09:00,579.4483117935506,580.2690601105386,577.8068151595745,578.6275634765625,3900,0.0,0.0
2019-12-23 00:00:00+09:00,579.4483032226562,581.0897998323521,578.6275549178083,579.4483032226562,24100,0.0,0.0
2019-12-24 00:00:00+09:00,579.448312823692,584.372802734375,578.6275645052449,584.372802734375,7500,0.0,0.0
2019-12-25 00:00:00+09:00,584.3729160731505,586.8351615060429,583.5521675955196,585.1936645507812,6000,0.0,0.0
2019-12-26 00:00:00+09:00,586.8350743981047,587.6558227539062,581.9105842632954,587.6558227539062,17400,0.0,0.0
2019-12-27 00:00:00+09:00,587.6559185935326,591.7596610418115,587.6559185935326,590.1181640625,25300,0.0,0.0
2019-12-30 00:00:00+09:00,592.5803747725813,599.1463623046875,592.5803747725813,599.1463623046875,32800,0.0,0.0
2020-01-06 00:00:00+09:00,595.8633512903432,600.787841796875,590.9388607838115,600.787841796875,30000,0.0,0.0
2020-01-07 00:00:00+09:00,600.7878680021867,604.0708618164062,599.1463710950768,604.0708618164062,22200,0.0,0.0
2020-01-08 00:00:00+09:00,603.2500957692534,603.2500957692534,593.4011146138371,599.9671020507812,22400,0.0,0.0
2020-01-09 00:00:00+09:00,599.9670761066822,603.2500696831893,599.9670761066822,602.4293212890625,5000,0.0,0.0
2020-01-10 00:00:00+09:00,603.2501814100477,622.1273979711784,603.2501814100477,620.4859008789062,44900,0.0,0.0
2020-01-14 00:00:00+09:00,631.1554321759166,648.391146188523,627.0516907443437,639.3629150390625,45600,0.0,0.0
2020-01-15 00:00:00+09:00,636.0799541297943,642.6459407530696,624.5894775390625,624.5894775390625,11200,0.0,0.0
2020-01-16 00:00:00+09:00,627.0517225227908,636.9007024577037,623.7687292111531,624.5894775390625,13000,0.0,0.0
2020-01-17 00:00:00+09:00,621.3064918872686,621.3064918872686,615.561253521072,618.0234985351562,10900,0.0,0.0
2020-01-20 00:00:00+09:00,627.0519241111866,628.6934212947237,622.9481811523438,622.9481811523438,7800,0.0,0.0
2020-01-21 00:00:00+09:00,627.0517578125,627.8725061866002,623.7687643160995,627.0517578125,4500,0.0,0.0
2020-01-22 00:00:00+09:00,621.3065191937991,629.5140029348004,621.3065191937991,627.0517578125,5900,0.0,0.0
2020-01-23 00:00:00+09:00,624.5894408041881,624.5894408041881,616.3819580078125,616.3819580078125,16400,0.0,0.0
2020-01-24 00:00:00+09:00,618.0235500851193,619.6650468980944,599.1463367359058,607.3538208007812,30400,0.0,0.0
2020-01-27 00:00:00+09:00,603.2500686645508,603.2500686645508,585.1936040242513,590.9388427734375,28200,0.0,0.0
2020-01-28 00:00:00+09:00,586.8351785594019,597.5049090786638,586.8351785594019,595.0426635742188,13800,0.0,0.0
2020-01-29 00:00:00+09:00,595.8633422851562,598.3255875012106,594.2218454744533,595.8633422851562,10400,0.0,0.0
2020-01-30 00:00:00+09:00,591.759634847456,596.6841255674071,590.1181379408057,592.5803833007812,13200,0.0,0.0
2020-01-31 00:00:00+09:00,590.9388863941309,596.6841255674071,590.1181379408057,592.5803833007812,12400,0.0,0.0
2020-02-03 00:00:00+09:00,582.731324093445,589.2973108437936,579.4483307182705,588.4765625,13000,0.0,0.0
2020-02-04 00:00:00+09:00,586.0143359776878,598.3255615234375,586.0143359776878,598.3255615234375,7600,0.0,0.0
2020-02-05 00:00:00+09:00,593.4010620117188,596.6840554391695,592.5803136548561,593.4010620117188,8900,0.0,0.0
2020-02-06 00:00:00+09:00,601.6085902146303,608.9953259744279,598.3255965436091,600.787841796875,16900,0.0,0.0
2020-02-07 00:00:00+09:00,599.9671107462008,602.4293560707406,592.5803747725813,599.1463623046875,11500,0.0,0.0
2020-02-10 00:00:00+09:00,602.4292443995521,617.2027136082604,592.5802649270798,609.8159790039062,51300,0.0,0.0
2020-02-12 00:00:00+09:00,611.4575889273865,611.4575889273865,599.1463623046875,599.1463623046875,17100,0.0,0.0
2020-02-13 00:00:00+09:00,602.4293299488937,604.8915751666684,599.1463363251939,601.6085815429688,5900,0.0,0.0
2020-02-14 00:00:00+09:00,599.1463449613644,600.787841796875,593.4011060370774,600.787841796875,5900,0.0,0.0
2020-02-17 00:00:00+09:00,592.5803136548561,595.8633070823068,587.6558235136799,593.4010620117188,8100,0.0,0.0
2020-02-18 00:00:00+09:00,589.2974245739385,589.2974245739385,583.5521850585938,583.5521850585938,6700,0.0,0.0
2020-02-19 00:00:00+09:00,582.7314104352679,583.5521589006696,579.4484165736607,580.2691650390625,7000,0.0,0.0
2020-02-20 00:00:00+09:00,589.29738931602,589.29738931602,581.0899047851562,581.0899047851562,5700,0.0,0.0
2020-02-21 00:00:00+09:00,579.4483992088329,582.7313929720557,579.4483992088329,581.91064453125,3600,0.0,0.0
2020-02-25 00:00:00+09:00,569.5993558307027,572.0616008847259,559.7503756146099,564.6748657226562,22800,0.0,0.0
2020-02-26 00:00:00+09:00,558.108921389608,566.3164055276904,551.542934079142,554.825927734375,11500,0.0,0.0
2020-02-27 00:00:00+09:00,554.8258999067962,557.2881450247257,538.4109324539323,540.0524291992188,25100,0.0,0.0
2020-02-28 00:00:00+09:00,530.2034642977977,530.2034642977977,517.0714899498646,521.1752319335938,34400,0.0,0.0
2020-03-02 00:00:00+09:00,508.04321481906595,531.024167993434,504.76022150844193,519.53369140625,30200,0.0,0.0
2020-03-03 00:00:00+09:00,527.7411386641245,531.8448800223214,516.250662861173,517.0714111328125,10700,0.0,0.0
2020-03-04 00:00:00+09:00,511.32625929058264,531.8449695349881,508.864014061254,514.6092529296875,22600,0.0,0.0
2020-03-05 00:00:00+09:00,536.7694874347937,536.7694874347937,520.3545184000906,523.6375122070312,11100,0.0,0.0
2020-03-06 00:00:00+09:00,523.6374939655063,523.6374939655063,508.04327392578125,508.04327392578125,8400,0.0,0.0
2020-03-09 00:00:00+09:00,495.7319878703285,499.014981167483,478.4962730602674,481.7792663574219,18400,0.0,0.0
2020-03-10 00:00:00+09:00,467.82664637411796,488.3453589343863,448.1286823162604,483.4208679199219,20400,0.0,0.0
2020-03-11 00:00:00+09:00,478.4963384969345,498.1943009736522,478.4963384969345,495.7320556640625,13900,0.0,0.0
2020-03-12 00:00:00+09:00,485.8830607926765,489.1660544466811,471.93033776315707,482.6000671386719,21000,0.0,0.0
2020-03-13 00:00:00+09:00,451.4116473146294,469.46811320721457,448.9494019656405,454.69464111328125,29500,0.0,0.0
2020-03-16 00:00:00+09:00,465.3643402262805,473.5718241808886,451.4116175034467,460.4398498535156,23100,0.0,0.0
2020-03-17 00:00:00+09:00,451.41163602248207,496.55279962473026,448.9493907350867,493.2698059082031,12600,0.0,0.0
2020-03-18 00:00:00+09:00,490.80758666992193,494.9113290333828,489.1660897245375,490.8075866699219,14500,0.0,0.0
2020-03-19 00:00:00+09:00,484.24155810200574,485.8830549091312,462.902099609375,462.902099609375,15400,0.0,0.0
2020-03-23 00:00:00+09:00,462.90200891133395,498.19418334960943,448.94928878457387,498.1941833496094,18100,0.0,0.0
2020-03-24 00:00:00+09:00,506.4018367767334,525.279052734375,501.4773456573486,525.279052734375,21000,0.0,0.0
2020-03-25 00:00:00+09:00,536.7694542573508,556.4674158814738,530.2034670493099,555.6466674804688,33200,0.0,0.0
2020-03-26 00:00:00+09:00,554.0052141462054,554.0052141462054,536.7694963727679,551.54296875,14300,0.0,0.0
2020-03-27 00:00:00+09:00,549.080647047176,573.703097587408,549.080647047176,564.6748657226562,36200,0.0,0.0
2020-03-30 00:00:00+09:00,545.2905311124871,568.888884854604,537.7053459810924,559.6181030273438,14200,18.0,0.0
2020-03-31 00:00:00+09:00,564.6749380258414,564.6749380258414,543.6049776517427,547.8189697265625,7000,0.0,0.0
2020-04-01 00:00:00+09:00,548.6617654375556,557.9325479564698,533.4913940429688,533.4913940429688,9100,0.0,0.0
2020-04-02 00:00:00+09:00,530.1201633140689,530.1201633140689,512.4213979252049,514.1069946289062,3500,0.0,0.0
2020-04-03 00:00:00+09:00,514.1069768099177,516.6353717778353,502.30780029296875,502.30780029296875,3000,0.0,0.0
2020-04-06 00:00:00+09:00,502.3078880559385,515.7926635742188,499.77949264626096,515.7926635742188,8500,0.0,0.0
2020-04-07 00:00:00+09:00,516.6353468283629,526.7489262116261,516.6353468283629,525.9061279296875,2400,0.0,0.0
2020-04-08 00:00:00+09:00,525.9061569213867,539.3909301757812,525.9061569213867,539.3909301757812,4300,0.0,0.0
2020-04-09 00:00:00+09:00,547.8189558931733,550.3473510742188,537.7053751689916,550.3473510742188,4500,0.0,0.0
2020-04-10 00:00:00+09:00,558.7752821488814,558.7752821488814,545.2905091256806,556.2468872070312,1700,0.0,0.0
2020-04-13 00:00:00+09:00,551.1901382938507,555.4041301768314,541.9193561512936,548.6617431640625,1600,0.0,0.0
2020-04-14 00:00:00+09:00,552.0329919488996,560.4609765588065,552.0329919488996,557.0897827148438,4500,0.0,0.0
2020-04-15 00:00:00+09:00,562.9893242276548,562.9893242276548,554.5613403320312,554.5613403320312,3600,0.0,0.0
2020-04-16 00:00:00+09:00,552.8757904098903,557.0897827148438,543.6050073389928,557.0897827148438,3600,0.0,0.0
2020-04-17 00:00:00+09:00,557.9325338902806,562.1465258380924,554.5613403320312,554.5613403320312,2300,0.0,0.0
2020-04-20 00:00:00+09:00,557.0896585367105,561.3036499023438,557.0896585367105,561.3036499023438,2500,0.0,0.0
2020-04-21 00:00:00+09:00,559.6181363689366,564.6749267578125,559.6181363689366,564.6749267578125,2000,0.0,0.0
2020-04-22 00:00:00+09:00,563.8321752675753,569.7317645454124,563.8321752675753,567.203369140625,6500,0.0,0.0
2020-04-23 00:00:00+09:00,575.6313396205563,575.6313396205563,556.2469753287953,569.7317504882812,3000,0.0,0.0
2020-04-24 00:00:00+09:00,573.9457036635455,573.9457036635455,570.5745101031135,573.1029052734375,4600,0.0,0.0
2020-04-27 00:00:00+09:00,573.1029052734375,573.1029052734375,570.5745101031135,573.1029052734375,3900,0.0,0.0
2020-04-28 00:00:00+09:00,568.8889404823041,586.5877075195312,562.9893514698949,586.5877075195312,7500,0.0,0.0
2020-04-30 00:00:00+09:00,587.430419921875,587.430419921875,581.5308317734487,587.430419921875,4300,0.0,0.0
2020-05-01 00:00:00+09:00,579.0025245235902,582.3737182617188,570.5745401782686,582.3737182617188,6800,0.0,0.0
2020-05-07 00:00:00+09:00,564.6749784372149,580.688149467524,561.3037845360972,577.3169555664062,8500,0.0,0.0
2020-05-08 00:00:00+09:00,573.1028973696043,585.744873046875,573.1028973696043,585.744873046875,7700,0.0,0.0
2020-05-11 00:00:00+09:00,592.4871826171875,600.0723670319168,592.4871826171875,592.4871826171875,6500,0.0,0.0
2020-05-12 00:00:00+09:00,594.1728541782925,599.2296444266183,589.9588623046875,589.9588623046875,6000,0.0,0.0
2020-05-13 00:00:00+09:00,579.0024193132427,598.3867797851562,579.0024193132427,598.3867797851562,6900,0.0,0.0
2020-05-14 00:00:00+09:00,589.9588816724663,589.9588816724663,579.0025024414062,579.0025024414062,4800,0.0,0.0
2020-05-15 00:00:00+09:00,584.0592360165482,585.7448326572886,568.0460679295144,570.574462890625,6600,0.0,0.0
2020-05-18 00:00:00+09:00,566.3605676161504,571.4173583984375,566.3605676161504,571.4173583984375,1700,0.0,0.0
2020-05-19 00:00:00+09:00,573.1029631900092,577.3169555664062,566.3605753877737,577.3169555664062,4600,0.0,0.0
2020-05-20 00:00:00+09:00,578.1596817307033,578.1596817307033,573.1028915114842,575.6312866210938,2500,0.0,0.0
2020-05-21 00:00:00+09:00,571.4173168199031,579.0025024414062,571.4173168199031,579.0025024414062,4300,0.0,0.0
2020-05-22 00:00:00+09:00,568.8889133228975,578.1596956140854,568.8889133228975,573.1029052734375,4300,0.0,0.0
2020-05-25 00:00:00+09:00,566.3605753877737,577.3169555664062,566.3605753877737,577.3169555664062,5800,0.0,0.0
2020-05-26 00:00:00+09:00,578.1596182889716,579.84521484375,568.8888372376907,579.84521484375,4300,0.0,0.0
2020-05-27 00:00:00+09:00,573.9457147771661,579.0025052157315,571.4173195578835,574.7885131835938,6600,0.0,0.0
2020-05-28 00:00:00+09:00,575.6312436250224,587.430419921875,574.7884453181043,587.430419921875,37800,0.0,0.0
2020-05-29 00:00:00+09:00,589.1160553110626,589.1160553110626,583.2164667743281,584.0592651367188,9300,0.0,0.0
2020-06-01 00:00:00+09:00,585.7449657596343,585.7449657596343,576.4741821289062,576.4741821289062,4300,0.0,0.0
2020-06-02 00:00:00+09:00,577.3168402388585,587.430419921875,568.8888571696781,587.430419921875,3200,0.0,0.0
2020-06-03 00:00:00+09:00,589.9588511119941,589.9588511119941,578.1596740897543,588.2732543945312,4100,0.0,0.0
2020-06-04 00:00:00+09:00,590.8016086346357,595.8583984375,583.2164239303395,595.8583984375,6300,0.0,0.0
2020-06-05 00:00:00+09:00,592.4872797185724,593.330078125,590.8016829057173,593.330078125,2000,0.0,0.0
2020-06-08 00:00:00+09:00,591.6444340813348,591.6444340813348,588.273240724746,590.8016357421875,4100,0.0,0.0
2020-06-09 00:00:00+09:00,582.3736523507156,590.8016357421875,582.3736523507156,590.8016357421875,4200,0.0,0.0
2020-06-10 00:00:00+09:00,587.4305002358412,595.0156860351562,587.4305002358412,595.0156860351562,4800,0.0,0.0
2020-06-11 00:00:00+09:00,588.2732708474864,588.2732708474864,579.8452870244565,581.5308837890625,7000,0.0,0.0
2020-06-12 00:00:00+09:00,568.8889327614024,568.8889327614024,541.9193833564175,562.1465454101562,15500,0.0,0.0
2020-06-15 00:00:00+09:00,560.4609457651775,566.3605346679688,560.4609457651775,566.3605346679688,5100,0.0,0.0
2020-06-16 00:00:00+09:00,570.5744888611714,588.2732543945312,570.5744888611714,588.2732543945312,6400,0.0,0.0
2020-06-17 00:00:00+09:00,588.273231880122,593.3300218389769,581.5308452683155,584.9020385742188,3000,0.0,0.0
2020-06-18 00:00:00+09:00,578.1596519624122,584.9020385742188,577.3168536359364,584.9020385742188,2700,0.0,0.0
2020-06-19 00:00:00+09:00,584.9020746683904,589.9588649392986,584.9020746683904,585.744873046875,1500,0.0,0.0
2020-06-22 00:00:00+09:00,579.0024834333148,589.9588623046875,575.6312899344308,589.9588623046875,2700,0.0,0.0
2020-06-23 00:00:00+09:00,590.8016108760127,593.3300057870371,589.1160142686632,591.6444091796875,4700,0.0,0.0
2020-06-24 00:00:00+09:00,593.3300307596292,593.3300307596292,589.9588374030403,590.8016357421875,3400,0.0,0.0
2020-06-25 00:00:00+09:00,594.1728063772193,594.1728063772193,587.430419921875,587.430419921875,4600,0.0,0.0
2020-06-26 00:00:00+09:00,591.6444091796875,591.6444091796875,588.2732159649884,591.6444091796875,3000,0.0,0.0
2020-06-29 00:00:00+09:00,588.2732876864346,595.0156749378551,588.2732876864346,593.330078125,11000,0.0,0.0
2020-06-30 00:00:00+09:00,593.3300307596292,597.5440224553652,589.9588374030403,590.8016357421875,3300,0.0,0.0
2020-07-01 00:00:00+09:00,586.5877075195312,590.8016996712521,585.7449090891871,586.5877075195312,2000,0.0,0.0
2020-07-02 00:00:00+09:00,589.1160804880836,594.1728708785394,583.2164916992188,583.2164916992188,10700,0.0,0.0
2020-07-03 00:00:00+09:00,587.4304698038445,588.2732681823292,583.216477911421,585.744873046875,1800,0.0,0.0
2020-07-06 00:00:00+09:00,589.1161028105637,589.1161028105637,584.0593122284988,586.5877075195312,1500,0.0,0.0
2020-07-07 00:00:00+09:00,589.9587878122777,592.4871826171875,586.5875947390647,592.4871826171875,6900,0.0,0.0
2020-07-08 00:00:00+09:00,592.4872965319404,592.4872965319404,586.5877075195312,586.5877075195312,2500,0.0,0.0
2020-07-09 00:00:00+09:00,586.5876714253598,586.5876714253598,584.9020746683904,585.744873046875,1000,0.0,0.0
2020-07-10 00:00:00+09:00,583.2164944533524,584.9020912581309,579.0025024414062,579.0025024414062,2700,0.0,0.0
2020-07-13 00:00:00+09:00,579.845270807217,589.1160527532627,576.4740773722914,588.2732543945312,4500,0.0,0.0
2020-07-14 00:00:00+09:00,587.4304335536463,587.4304335536463,583.2164419212671,584.9020385742188,3400,0.0,0.0
2020-07-15 00:00:00+09:00,587.4304671805246,589.9588623046875,585.7448704310826,589.9588623046875,1700,0.0,0.0
2020-07-16 00:00:00+09:00,592.4872461881884,592.4872461881884,587.4304560357998,588.2732543945312,9200,0.0,0.0
2020-07-17 00:00:00+09:00,588.2732655552455,589.9588623046875,588.2732655552455,589.9588623046875,1300,0.0,0.0
2020-07-20 00:00:00+09:00,594.1728765314275,594.1728765314275,587.4304892800071,593.330078125,2800,0.0,0.0
2020-07-21 00:00:00+09:00,594.1728765314275,594.1728765314275,591.6444813121449,593.330078125,3200,0.0,0.0
2020-07-22 00:00:00+09:00,597.5440476771763,598.3868460518974,588.2732655552455,589.9588623046875,10900,0.0,0.0
2020-07-27 00:00:00+09:00,597.5439701403601,597.5439701403601,593.3299788135593,596.701171875,4100,0.0,0.0
2020-07-28 00:00:00+09:00,595.8584257770707,596.701224116218,589.9588374030403,590.8016357421875,3700,0.0,0.0
2020-07-29 00:00:00+09:00,584.9019982024582,592.4871826171875,584.0591999341549,592.4871826171875,1400,0.0,0.0
2020-07-30 00:00:00+09:00,582.3736795329362,588.2732681823292,582.3736795329362,585.744873046875,5600,0.0,0.0
2020-07-31 00:00:00+09:00,585.7448811250574,587.4304779052734,573.1029052734375,573.1029052734375,7100,0.0,0.0
2020-08-03 00:00:00+09:00,572.2601895694844,578.159779152675,570.5745925457156,576.4741821289062,3100,0.0,0.0
2020-08-04 00:00:00+09:00,576.4741045119446,583.2164916992188,576.4741045119446,583.2164916992188,800,0.0,0.0
2020-08-05 00:00:00+09:00,581.5308837890625,582.3736821713654,579.8452870244565,581.5308837890625,1400,0.0,0.0
2020-08-06 00:00:00+09:00,577.3168536359364,588.273231880122,573.9456603300331,584.9020385742188,4600,0.0,0.0
2020-08-07 00:00:00+09:00,584.9020609596056,589.9588511119941,584.0592626008741,588.2732543945312,2800,0.0,0.0
2020-08-11 00:00:00+09:00,588.2732159649884,591.6444091796875,588.2732159649884,591.6444091796875,5600,0.0,0.0
2020-08-12 00:00:00+09:00,594.1728737727543,597.5440673828125,594.1728737727543,597.5440673828125,3400,0.0,0.0
2020-08-13 00:00:00+09:00,590.8016829057173,593.330078125,589.9588844992898,593.330078125,3300,0.0,0.0
2020-08-14 00:00:00+09:00,597.5439973054108,597.5439973054108,591.6444091796875,591.6444091796875,2500,0.0,0.0
2020-08-17 00:00:00+09:00,594.1727905273438,594.1727905273438,590.8015973896,594.1727905273438,1300,0.0,0.0
2020-08-18 00:00:00+09:00,589.9588623046875,593.3300558035714,589.1160639299666,589.9588623046875,2900,0.0,0.0
2020-08-19 00:00:00+09:00,590.8015860805809,592.4871826171875,590.8015860805809,592.4871826171875,600,0.0,0.0
2020-08-20 00:00:00+09:00,593.3300057870371,593.3300057870371,591.6444091796875,591.6444091796875,700,0.0,0.0
2020-08-21 00:00:00+09:00,590.8016606794085,590.8016606794085,589.9588623046875,589.9588623046875,700,0.0,0.0
2020-08-24 00:00:00+09:00,589.9588511119941,589.9588511119941,587.4304560357998,588.2732543945312,1600,0.0,0.0
2020-08-25 00:00:00+09:00,593.330078125,593.330078125,580.6881020285866,593.330078125,9800,0.0,0.0
2020-08-26 00:00:00+09:00,593.3299579756795,593.3299579756795,589.115966796875,589.115966796875,1000,0.0,0.0
2020-08-27 00:00:00+09:00,592.4872574288505,592.4872574288505,589.1160639299666,589.9588623046875,3400,0.0,0.0
2020-08-28 00:00:00+09:00,593.3300035360679,596.7011967379774,589.9588103341584,595.8583984375,8000,0.0,0.0
2020-08-31 00:00:00+09:00,589.1160008207281,594.1727905273438,589.1160008207281,594.1727905273438,1700,0.0,0.0
2020-09-01 00:00:00+09:00,595.8583736096398,597.5439701403601,595.8583736096398,596.701171875,4300,0.0,0.0
2020-09-02 00:00:00+09:00,597.5440673828125,598.3868657853271,594.1728737727543,597.5440673828125,1900,0.0,0.0
2020-09-03 00:00:00+09:00,598.3868657853271,598.3868657853271,593.3300753702398,597.5440673828125,1700,0.0,0.0
2020-09-04 00:00:00+09:00,595.8583870962157,597.5439836650876,592.4871939584718,594.1727905273438,4200,0.0,0.0
2020-09-07 00:00:00+09:00,596.7012057264312,601.7579956054688,596.7012057264312,601.7579956054688,5800,0.0,0.0
2020-09-08 00:00:00+09:00,601.7579533503606,613.55712890625,596.701163826408,613.55712890625,9200,0.0,0.0
2020-09-09 00:00:00+09:00,613.5571786759641,613.5571786759641,600.0724055182507,611.87158203125,8600,0.0,0.0
2020-09-10 00:00:00+09:00,612.7143420075716,616.0855350860178,605.9719558506796,615.2427368164062,5400,0.0,0.0
2020-09-11 00:00:00+09:00,622.8278942108154,622.8278942108154,611.8715171813965,620.2994995117188,18600,0.0,0.0
2020-09-14 00:00:00+09:00,617.7712346483848,627.0420171601614,612.7144441874159,626.19921875,6300,0.0,0.0
2020-09-15 00:00:00+09:00,622.8279917495706,626.1991852096495,618.6139999244721,621.1423950195312,4300,0.0,0.0
2020-09-16 00:00:00+09:00,621.9851796743031,623.6707763671875,620.2995829814189,623.6707763671875,2400,0.0,0.0
2020-09-17 00:00:00+09:00,624.5135747136296,624.5135747136296,616.9283895956503,623.6707763671875,3900,0.0,0.0
2020-09-18 00:00:00+09:00,623.6708484248652,625.3564453125,621.9852515372305,625.3564453125,6000,0.0,0.0
2020-09-23 00:00:00+09:00,621.1423164876302,632.0986938476562,621.1423164876302,632.0986938476562,4800,0.0,0.0
2020-09-24 00:00:00+09:00,632.0987187017586,632.0987187017586,627.8847272437469,631.2559204101562,5800,0.0,0.0
2020-09-25 00:00:00+09:00,599.2295646078958,612.7143368072295,583.2163976211868,600.9151611328125,30000,0.0,0.0
2020-09-28 00:00:00+09:00,597.5439887460624,631.2559204101562,595.0155938712554,631.2559204101562,15700,0.0,0.0
2020-09-29 00:00:00+09:00,618.5289069561919,621.0742934045712,593.075042472398,615.9835205078125,19600,5.0,0.0
2020-09-30 00:00:00+09:00,615.9836932998614,615.9836932998614,609.1959942001384,612.58984375,8700,0.0,0.0
2020-10-02 00:00:00+09:00,612.589759370382,614.2866839115743,604.9535989350172,610.0443725585938,3600,0.0,0.0
2020-10-05 00:00:00+09:00,603.2566743938249,610.0443725585938,603.2566743938249,610.0443725585938,5900,0.0,0.0
2020-10-06 00:00:00+09:00,612.5897611730238,612.5897611730238,604.9536007151884,605.8020629882812,1100,0.0,0.0
2020-10-07 00:00:00+09:00,603.2566743938249,610.0443725585938,603.2566743938249,610.0443725585938,2800,0.0,0.0
2020-10-08 00:00:00+09:00,598.1659419678426,604.9536406001018,597.3174796388101,599.014404296875,6900,0.0,0.0
2020-10-09 00:00:00+09:00,599.0144191196987,599.0144191196987,593.9236450195312,593.9236450195312,3100,0.0,0.0
2020-10-12 00:00:00+09:00,593.9236599705062,593.9236599705062,588.8328857421875,588.8328857421875,2200,0.0,0.0
2020-10-13 00:00:00+09:00,585.4389880952381,587.984375,585.4389880952381,587.984375,500,0.0,0.0
2020-10-14 00:00:00+09:00,576.9543941010462,578.6513187895787,576.9543941010462,577.8028564453125,5300,0.0,0.0
2020-10-15 00:00:00+09:00,579.4997684780803,579.4997684780803,576.9543815008706,578.6513061523438,1600,0.0,0.0
2020-10-16 00:00:00+09:00,578.6513292298699,581.1967163085938,577.8028668702954,581.1967163085938,5000,0.0,0.0
2020-10-19 00:00:00+09:00,584.5905841291805,592.2267456054688,582.0451969704177,592.2267456054688,2400,0.0,0.0
2020-10-20 00:00:00+09:00,591.3782474912447,592.2267098262392,589.6813228212554,590.52978515625,800,0.0,0.0
2020-10-21 00:00:00+09:00,591.3782496141802,591.3782496141802,586.2874755859375,586.2874755859375,1400,0.0,0.0
2020-10-22 00:00:00+09:00,590.5297384510869,590.5297384510869,579.4997289685235,585.43896484375,2300,0.0,0.0
2020-10-23 00:00:00+09:00,582.8936514224646,585.4390385465802,582.0451890477594,584.590576171875,2600,0.0,0.0
2020-10-26 00:00:00+09:00,585.43896484375,585.43896484375,585.43896484375,585.43896484375,1400,0.0,0.0
2020-10-27 00:00:00+09:00,586.2874838692802,593.9236450195312,586.2874838692802,593.9236450195312,4300,0.0,0.0
2020-10-28 00:00:00+09:00,593.9236450195312,594.7721073695592,591.3782579694475,593.9236450195312,5100,0.0,0.0
2020-10-29 00:00:00+09:00,593.9235965581411,593.9235965581411,588.832822873357,593.0751342773438,8900,0.0,0.0
2020-10-30 00:00:00+09:00,595.6205951504858,595.6205951504858,590.5298208329602,592.2267456054688,700,0.0,0.0
2020-11-02 00:00:00+09:00,599.0144191196987,599.0144191196987,587.135946219308,593.9236450195312,4600,0.0,0.0
2020-11-04 00:00:00+09:00,582.0451742707396,589.6813354492188,582.0451742707396,589.6813354492188,1800,0.0,0.0
2020-11-05 00:00:00+09:00,595.62060546875,595.62060546875,592.2267558649395,595.62060546875,10800,0.0,0.0
2020-11-06 00:00:00+09:00,595.62060546875,595.62060546875,590.5298310630342,595.62060546875,5400,0.0,0.0
2020-11-09 00:00:00+09:00,594.7720695484753,596.468994140625,590.529758068101,596.468994140625,2500,0.0,0.0
2020-11-10 00:00:00+09:00,595.6205280833626,604.95361328125,595.6205280833626,604.95361328125,8000,0.0,0.0
2020-11-11 00:00:00+09:00,604.9535971794339,615.1351443970401,597.3174367662293,614.2866821289062,19000,0.0,0.0
2020-11-12 00:00:00+09:00,588.8328645719515,608.3474984122323,588.8328645719515,606.6505737304688,5400,0.0,0.0
2020-11-13 00:00:00+09:00,594.7720695484753,599.8628433249245,594.7720695484753,596.468994140625,5400,0.0,0.0
2020-11-16 00:00:00+09:00,596.4690027987019,604.1051635742188,596.4690027987019,604.1051635742188,5700,0.0,0.0
2020-11-17 00:00:00+09:00,599.014439986924,600.7113647460938,596.4690528481693,600.7113647460938,3100,0.0,0.0
2020-11-18 00:00:00+09:00,600.7113163150858,600.7113163150858,596.4690047591882,599.8628540039062,1100,0.0,0.0
2020-11-19 00:00:00+09:00,599.0144191196987,599.0144191196987,593.9236450195312,593.9236450195312,3100,0.0,0.0
2020-11-20 00:00:00+09:00,596.4690298959719,598.1659545898438,593.923642855164,598.1659545898438,2500,0.0,0.0
2020-11-24 00:00:00+09:00,600.7113798744658,600.7113798744658,591.3782934639869,595.62060546875,3300,0.0,0.0
2020-11-25 00:00:00+09:00,593.9236303226805,599.014404296875,593.9236303226805,599.014404296875,5100,0.0,0.0
2020-11-26 00:00:00+09:00,600.7113798744658,600.7113798744658,593.0752182658921,595.62060546875,4000,0.0,0.0
2020-11-27 00:00:00+09:00,599.8629023665088,600.7113647460938,593.9236657094146,600.7113647460938,7100,0.0,0.0
2020-11-30 00:00:00+09:00,596.4690215012123,597.317483836207,590.52978515625,590.52978515625,6900,0.0,0.0
2020-12-01 00:00:00+09:00,590.5297956194197,598.1659567696707,590.5297956194197,593.9236450195312,3500,0.0,0.0
2020-12-02 00:00:00+09:00,588.8328730960544,594.7721095682048,588.8328730960544,589.6813354492188,6100,0.0,0.0
2020-12-03 00:00:00+09:00,589.6813710895467,594.7721455162191,588.8329086851013,591.3782958984375,4200,0.0,0.0
2020-12-04 00:00:00+09:00,587.9844233708011,592.2267352277332,587.9844233708011,588.8328857421875,2200,0.0,0.0
2020-12-07 00:00:00+09:00,586.2874755859375,588.8328626000588,586.2874755859375,586.2874755859375,6600,0.0,0.0
2020-12-08 00:00:00+09:00,586.2874755859375,586.2874755859375,586.2874755859375,586.2874755859375,2600,0.0,0.0
2020-12-09 00:00:00+09:00,585.4389880952381,587.984375,585.4389880952381,587.984375,2600,0.0,0.0
2020-12-10 00:00:00+09:00,586.2874755859375,586.2874755859375,584.5905509098567,586.2874755859375,3100,0.0,0.0
2020-12-11 00:00:00+09:00,586.2874986280282,589.6813481135739,586.2874986280282,588.8328857421875,4900,0.0,0.0
2020-12-14 00:00:00+09:00,592.2266719965464,595.6205211197358,588.832822873357,593.0751342773438,8700,0.0,0.0
2020-12-15 00:00:00+09:00,587.1359483897257,593.0751848618761,585.439023683397,589.6813354492188,5400,0.0,0.0
2020-12-16 00:00:00+09:00,591.3782496141802,591.3782496141802,582.8936262337758,586.2874755859375,1800,0.0,0.0
2020-12-17 00:00:00+09:00,586.2874838692802,594.7721073695592,586.2874838692802,593.9236450195312,5900,0.0,0.0
2020-12-18 00:00:00+09:00,593.0751092015591,596.4689581812534,591.378184711712,594.7720336914062,3300,0.0,0.0
2020-12-21 00:00:00+09:00,592.2266826602507,596.468994140625,591.3782203641758,596.468994140625,4700,0.0,0.0
2020-12-22 00:00:00+09:00,589.681358446706,593.075207991723,589.681358446706,592.2267456054688,1300,0.0,0.0
2020-12-23 00:00:00+09:00,589.6812851541544,595.6205211197358,585.4389737501676,593.0751342773438,3900,0.0,0.0
2020-12-24 00:00:00+09:00,595.6205318445502,596.468994140625,593.9236072524004,596.468994140625,10800,0.0,0.0
2020-12-25 00:00:00+09:00,596.468994140625,598.1659187327748,590.529758068101,596.468994140625,6100,0.0,0.0
2020-12-28 00:00:00+09:00,596.4689834005331,596.4689834005331,592.2266719965464,593.0751342773438,3000,0.0,0.0
2020-12-29 00:00:00+09:00,593.0751679936482,599.014404296875,591.3782433355834,599.014404296875,8500,0.0,0.0
2020-12-30 00:00:00+09:00,596.468994140625,599.8628433249245,596.468994140625,596.468994140625,5000,0.0,0.0
2021-01-04 00:00:00+09:00,598.1659823092485,598.1659823092485,592.2267456054688,592.2267456054688,800,0.0,0.0
2021-01-05 00:00:00+09:00,577.8028668702954,582.8936410277429,577.8028668702954,581.1967163085938,6600,0.0,0.0
2021-01-06 00:00:00+09:00,573.5605405153311,590.5297872761397,573.5605405153311,586.2874755859375,14700,0.0,0.0
2021-01-07 00:00:00+09:00,591.378184711712,594.7720336914062,587.1358734870943,594.7720336914062,6900,0.0,0.0
2021-01-08 00:00:00+09:00,595.6204959363298,595.6204959363298,589.6812602218649,594.7720336914062,7300,0.0,0.0
2021-01-12 00:00:00+09:00,593.9236072524004,596.468994140625,590.529758068101,596.468994140625,6000,0.0,0.0
2021-01-13 00:00:00+09:00,594.7720336914062,594.7720336914062,590.5297224667885,594.7720336914062,4300,0.0,0.0
2021-01-14 00:00:00+09:00,596.4690298959719,598.1659545898438,593.923642855164,598.1659545898438,4600,0.0,0.0
2021-01-15 00:00:00+09:00,595.6205211197358,597.3174456813305,593.0751342773438,593.0751342773438,3300,0.0,0.0
2021-01-18 00:00:00+09:00,595.6205211197358,595.6205211197358,590.5297474349517,593.0751342773438,1100,0.0,0.0
2021-01-19 00:00:00+09:00,593.9236703779773,593.9236703779773,591.3782832192145,592.2267456054688,1300,0.0,0.0
2021-01-20 00:00:00+09:00,585.4390362566418,589.6813481135739,584.5905738852554,588.8328857421875,7400,0.0,0.0
2021-01-21 00:00:00+09:00,585.4390362566418,588.8328857421875,585.4390362566418,588.8328857421875,1400,0.0,0.0
2021-01-22 00:00:00+09:00,588.8328499325438,591.3782368919063,587.1359252929688,587.1359252929688,1100,0.0,0.0
2021-01-25 00:00:00+09:00,591.3782097157491,593.0751342773438,588.832822873357,593.0751342773438,6200,0.0,0.0
2021-01-26 00:00:00+09:00,593.9236450195312,593.9236450195312,591.3782579694475,593.9236450195312,2500,0.0,0.0
2021-01-27 00:00:00+09:00,593.9235714464827,596.4689581812534,589.6812602218649,594.7720336914062,5900,0.0,0.0
2021-01-28 00:00:00+09:00,585.4390566573184,598.1659926716079,585.4390566573184,595.62060546875,8700,0.0,0.0
2021-01-29 00:00:00+09:00,595.6205591662177,595.6205591662177,586.287473481277,590.52978515625,4300,0.0,0.0
2021-02-01 00:00:00+09:00,593.0751826695034,594.7721073695592,592.2267203194755,593.9236450195312,5600,0.0,0.0
2021-02-02 00:00:00+09:00,594.7720695484753,597.3174564366999,589.6812957720261,596.468994140625,4500,0.0,0.0
2021-02-03 00:00:00+09:00,596.46905753674,596.46905753674,592.2267456054688,592.2267456054688,2900,0.0,0.0
2021-02-04 00:00:00+09:00,593.9236599705062,595.620584713279,588.8328857421875,588.8328857421875,6900,0.0,0.0
2021-02-05 00:00:00+09:00,580.3481912364131,585.43896484375,578.6512667006341,585.43896484375,21200,0.0,0.0
2021-02-08 00:00:00+09:00,590.5298310630342,595.62060546875,585.4390566573184,595.62060546875,10100,0.0,0.0
2021-02-09 00:00:00+09:00,596.4690678697027,596.4690678697027,591.3782934639869,595.62060546875,3100,0.0,0.0
2021-02-10 00:00:00+09:00,594.7721455162191,594.7721455162191,590.5298334939921,591.3782958984375,1300,0.0,0.0
2021-02-12 00:00:00+09:00,589.6813481135739,593.9236599705062,588.8328857421875,588.8328857421875,3600,0.0,0.0
2021-02-15 00:00:00+09:00,591.3782097157491,593.0751342773438,589.6812851541544,593.0751342773438,3700,0.0,0.0
2021-02-16 00:00:00+09:00,593.0752182658921,595.62060546875,588.832906261129,595.62060546875,7300,0.0,0.0
2021-02-17 00:00:00+09:00,593.923655423251,598.1659672477028,593.0751930583607,597.3175048828125,5100,0.0,0.0
2021-02-18 00:00:00+09:00,597.3174944196429,597.3174944196429,591.3782579694475,593.9236450195312,2900,0.0,0.0
2021-02-19 00:00:00+09:00,595.6205318445502,596.468994140625,592.2266826602507,596.468994140625,3500,0.0,0.0
2021-02-22 00:00:00+09:00,598.1659926716079,598.1659926716079,591.3782934639869,595.62060546875,2700,0.0,0.0
2021-02-24 00:00:00+09:00,594.7721095682048,594.7721095682048,589.6813354492188,589.6813354492188,3000,0.0,0.0
2021-02-25 00:00:00+09:00,592.2267203194755,594.7721073695592,591.3782579694475,593.9236450195312,4100,0.0,0.0
2021-02-26 00:00:00+09:00,590.5297384510869,590.5297384510869,585.43896484375,585.43896484375,9400,0.0,0.0
2021-03-01 00:00:00+09:00,585.4390215192523,593.9236450195312,585.4390215192523,593.9236450195312,5000,0.0,0.0
2021-03-02 00:00:00+09:00,588.8328709193638,593.9236450195312,588.8328709193638,593.9236450195312,4800,0.0,0.0
2021-03-03 00:00:00+09:00,588.8329086851013,591.3782958984375,584.5905966628744,591.3782958984375,8300,0.0,0.0
2021-03-04 00:00:00+09:00,589.6812996031746,589.6812996031746,587.984375,587.984375,2100,0.0,0.0
2021-03-05 00:00:00+09:00,587.984408569336,593.9236450195312,585.4390215192523,593.9236450195312,7900,0.0,0.0
2021-03-08 00:00:00+09:00,593.9236806668448,595.62060546875,592.2267558649395,595.62060546875,4500,0.0,0.0
2021-03-09 00:00:00+09:00,593.0751805082281,598.1659545898438,590.5297934674202,598.1659545898438,8700,0.0,0.0
2021-03-10 00:00:00+09:00,593.9236072524004,598.1659187327748,593.9236072524004,596.468994140625,6100,0.0,0.0
2021-03-11 00:00:00+09:00,593.9236072524004,596.468994140625,593.9236072524004,596.468994140625,5000,0.0,0.0
2021-03-12 00:00:00+09:00,596.4690425179222,597.3175048828125,592.2267306934704,597.3175048828125,12300,0.0,0.0
2021-03-15 00:00:00+09:00,593.0751930583607,597.3175048828125,593.0751930583607,597.3175048828125,5800,0.0,0.0
2021-03-16 00:00:00+09:00,598.1659545898438,598.1659545898438,595.6205675490359,598.1659545898438,6300,0.0,0.0
2021-03-17 00:00:00+09:00,595.6205675490359,598.1659545898438,595.6205675490359,598.1659545898438,3700,0.0,0.0
2021-03-18 00:00:00+09:00,597.3175048828125,597.3175048828125,595.6205801530318,597.3175048828125,7500,0.0,0.0
2021-03-19 00:00:00+09:00,594.7721759059029,601.5598754882812,593.9237134581056,601.5598754882812,27500,0.0,0.0
2021-03-22 00:00:00+09:00,601.5598754882812,604.1052628316731,597.3175632492948,601.5598754882812,9500,0.0,0.0
2021-03-23 00:00:00+09:00,601.5598039775875,601.5598039775875,597.3174922429077,598.1659545898438,4400,0.0,0.0
2021-03-24 00:00:00+09:00,599.0144550725606,600.7113798744658,594.7721430677974,595.62060546875,5800,0.0,0.0
2021-03-25 00:00:00+09:00,598.1659187327748,602.4082302131491,596.468994140625,596.468994140625,3700,0.0,0.0
2021-03-26 00:00:00+09:00,599.8629505926867,602.4083379360785,597.3175632492948,601.5598754882812,5100,0.0,0.0
2021-03-29 00:00:00+09:00,599.0144881448894,601.5598754882812,593.0752510103083,601.5598754882812,22400,0.0,0.0
2021-03-30 00:00:00+09:00,594.6253869098166,599.8261920431386,592.8917851987093,598.0925903320312,8400,15.0,0.0
2021-03-31 00:00:00+09:00,596.3589886209239,600.6929928986923,596.3589886209239,598.0925903320312,2200,0.0,0.0
2021-04-01 00:00:00+09:00,599.8262121492929,599.8262121492929,593.7586059570312,593.7586059570312,4700,0.0,0.0
2021-04-02 00:00:00+09:00,597.2257489923458,598.9593505859375,596.3589481955499,598.9593505859375,1700,0.0,0.0
2021-04-05 00:00:00+09:00,600.6930337360532,600.6930337360532,597.225830078125,597.225830078125,2100,0.0,0.0
2021-04-06 00:00:00+09:00,597.2257269188522,598.9593284483698,590.2913208007812,590.2913208007812,5300,0.0,0.0
2021-04-07 00:00:00+09:00,591.1582236767507,597.225830078125,591.1582236767507,597.225830078125,2300,0.0,0.0
2021-04-08 00:00:00+09:00,595.4920845814813,597.2256859921989,587.6908782332523,591.1580810546875,8800,0.0,0.0
2021-04-09 00:00:00+09:00,591.1581034577652,600.6929115780516,591.1581034577652,599.8261108398438,11500,0.0,0.0
2021-04-12 00:00:00+09:00,600.6929734019632,605.0269775390625,595.492168437444,605.0269775390625,5800,0.0,0.0
2021-04-13 00:00:00+09:00,602.4265341923154,605.8937372668036,602.4265341923154,603.2933349609375,2400,0.0,0.0
2021-04-14 00:00:00+09:00,602.4265750568029,605.0269775390625,599.8261725745433,605.0269775390625,1800,0.0,0.0
2021-04-15 00:00:00+09:00,600.6929115780516,603.2933137926752,599.8261108398438,599.8261108398438,2500,0.0,0.0
2021-04-16 00:00:00+09:00,601.5596293959507,601.5596293959507,596.3588256835938,596.3588256835938,2500,0.0,0.0
2021-04-19 00:00:00+09:00,597.2257086252201,602.4265130544674,597.2257086252201,599.8261108398438,2400,0.0,0.0
2021-04-20 00:00:00+09:00,598.0925687902114,598.959369614545,588.5577597225414,589.424560546875,7300,0.0,0.0
2021-04-21 00:00:00+09:00,589.4246009962093,591.1582027638452,585.9573974609375,585.9573974609375,10400,0.0,0.0
2021-04-22 00:00:00+09:00,590.2914225856172,593.7586262425077,590.2914225856172,592.0250244140625,4200,0.0,0.0
2021-04-23 00:00:00+09:00,592.0249832738465,592.0249832738465,587.6909790039062,587.6909790039062,1100,0.0,0.0
2021-04-26 00:00:00+09:00,592.8917631154952,592.8917631154952,584.2237548828125,584.2237548828125,2600,0.0,0.0
2021-04-27 00:00:00+09:00,579.8897705078125,587.6909781828055,579.8897705078125,579.8897705078125,11400,0.0,0.0
2021-04-28 00:00:00+09:00,582.4901521381579,588.557757889597,576.4225463867188,576.4225463867188,7200,0.0,0.0
2021-04-30 00:00:00+09:00,580.7565708074095,583.3569733632636,574.68896484375,574.68896484375,3900,0.0,0.0
2021-05-06 00:00:00+09:00,576.422525888466,581.6233306333244,575.5557250976562,575.5557250976562,5600,0.0,0.0
2021-05-07 00:00:00+09:00,575.5557656957013,579.0229691035067,574.68896484375,574.68896484375,1100,0.0,0.0
2021-05-10 00:00:00+09:00,573.8221239721936,579.0229287211863,573.8221239721936,578.1561279296875,6800,0.0,0.0
2021-05-11 00:00:00+09:00,579.0229691035067,581.6233716593608,574.68896484375,574.68896484375,14600,0.0,0.0
2021-05-12 00:00:00+09:00,585.0905151367188,591.1581204788773,581.6233120840567,585.0905151367188,14000,0.0,0.0
2021-05-13 00:00:00+09:00,583.3569119656765,586.8241150085632,577.289306640625,577.289306640625,4000,0.0,0.0
2021-05-14 00:00:00+09:00,582.4901733398438,585.0905758993966,581.6233724866595,582.4901733398438,4200,0.0,0.0
2021-05-17 00:00:00+09:00,589.4246009962093,589.4246009962093,578.1561895065759,585.9573974609375,4100,0.0,0.0
2021-05-18 00:00:00+09:00,581.6234134433909,592.0250244140625,581.6234134433909,592.0250244140625,2600,0.0,0.0
2021-05-19 00:00:00+09:00,592.0249622922269,592.0249622922269,579.8897507664711,584.2237548828125,2200,0.0,0.0
2021-05-20 00:00:00+09:00,588.55778039408,594.6253863775241,585.9573778297469,592.8917846679688,2900,0.0,0.0
2021-05-21 00:00:00+09:00,587.6909992285733,592.8918045314811,585.9573974609375,585.9573974609375,4600,0.0,0.0
2021-05-24 00:00:00+09:00,589.4245200360224,595.4921253893344,588.5577192712635,590.2913208007812,3700,0.0,0.0
2021-05-25 00:00:00+09:00,589.4245598224221,591.1581614689586,584.2237548828125,584.2237548828125,2500,0.0,0.0
2021-05-26 00:00:00+09:00,573.8221008019514,576.4225030714466,564.2872924804688,564.2872924804688,32500,0.0,0.0
2021-05-27 00:00:00+09:00,566.8876754016411,570.3548783092964,564.2872732208996,568.6212768554688,6400,0.0,0.0
2021-05-28 00:00:00+09:00,570.3549402703691,573.8221435546875,567.7545378071303,573.8221435546875,6800,0.0,0.0
2021-05-31 00:00:00+09:00,573.8221424330613,573.8221424330613,566.0209350585938,566.0209350585938,3500,0.0,0.0
2021-06-01 00:00:00+09:00,566.0209145575213,570.3549184974718,561.686910617571,565.1541137695312,20700,0.0,0.0
2021-06-02 00:00:00+09:00,563.4205545697894,586.8241776057653,563.4205545697894,582.4901733398438,12700,0.0,0.0
2021-06-03 00:00:00+09:00,585.0905769749692,594.6253863775241,584.2237761201914,592.8917846679688,18300,0.0,0.0
2021-06-04 00:00:00+09:00,584.2236170214276,598.9592275397722,581.6232151652491,596.3588256835938,10600,0.0,0.0
2021-06-07 00:00:00+09:00,596.3589282895923,603.2933344324946,593.758525986004,600.6929321289062,5100,0.0,0.0
2021-06-08 00:00:00+09:00,598.9594523111979,616.2954711914062,598.0926513671875,616.2954711914062,34600,0.0,0.0
2021-06-09 00:00:00+09:00,616.2954711914062,621.4962768554688,609.3610636393229,616.2954711914062,8100,0.0,0.0
2021-06-10 00:00:00+09:00,616.2953896965779,616.2953896965779,605.0269789145026,615.4285888671875,24200,0.0,0.0
2021-06-11 00:00:00+09:00,618.895811678514,618.895811678514,605.893798828125,605.893798828125,11100,0.0,0.0
2021-06-14 00:00:00+09:00,610.2277828548501,613.6949861665255,604.1601770594184,607.6273803710938,6000,0.0,0.0
2021-06-15 00:00:00+09:00,610.2277426861702,611.0945434570312,605.893738831865,611.0945434570312,2600,0.0,0.0
2021-06-16 00:00:00+09:00,611.094624546596,611.094624546596,606.7606201171875,606.7606201171875,900,0.0,0.0
2021-06-17 00:00:00+09:00,606.7605577571002,606.7605577571002,598.9593505859375,598.9593505859375,4100,0.0,0.0
2021-06-18 00:00:00+09:00,601.5597738801147,606.7605788416142,601.5597738801147,602.4265747070312,1800,0.0,0.0
2021-06-21 00:00:00+09:00,602.4265085780319,602.4265085780319,581.623291015625,581.623291015625,14200,0.0,0.0
2021-06-22 00:00:00+09:00,585.0906171002814,597.2258298993983,585.0906171002814,592.0250244140625,2700,0.0,0.0
2021-06-23 00:00:00+09:00,592.0248817600462,592.0248817600462,586.8240775278936,591.1580810546875,3300,0.0,0.0
2021-06-24 00:00:00+09:00,593.7584831707638,593.7584831707638,591.1580810546875,591.1580810546875,800,0.0,0.0
2021-06-25 00:00:00+09:00,595.492187232302,595.492187232302,592.8917846679688,592.8917846679688,2300,0.0,0.0
2021-06-28 00:00:00+09:00,598.0925298253179,600.6929321289062,598.0925298253179,600.6929321289062,2800,0.0,0.0
2021-06-29 00:00:00+09:00,600.6930336465641,600.6930336465641,594.6254272460938,594.6254272460938,3100,0.0,0.0
2021-06-30 00:00:00+09:00,592.0250244140625,592.0250244140625,592.0250244140625,592.0250244140625,900,0.0,0.0
2021-07-01 00:00:00+09:00,595.4920845814813,595.4920845814813,591.1580810546875,591.1580810546875,1600,0.0,0.0
2021-07-02 00:00:00+09:00,596.3588256835938,596.3588256835938,593.7584238274153,596.3588256835938,1100,0.0,0.0
2021-07-05 00:00:00+09:00,596.3588256835938,596.3588256835938,596.3588256835938,596.3588256835938,700,0.0,0.0
2021-07-06 00:00:00+09:00,601.5597926677152,601.5597926677152,574.6889661940853,587.6909790039062,15900,0.0,0.0
2021-07-07 00:00:00+09:00,585.9574793284525,595.4922903826136,578.1562702841387,579.0230712890625,17500,0.0,0.0
2021-07-08 00:00:00+09:00,579.0228888203242,585.9572946744597,579.0228888203242,581.623291015625,12400,0.0,0.0
2021-07-09 00:00:00+09:00,578.1561885954934,579.8897903603973,572.9553833007812,572.9553833007812,14200,0.0,0.0
2021-07-12 00:00:00+09:00,585.0905756244745,585.0905756244745,572.9553636855965,579.8897705078125,5900,0.0,0.0
2021-07-13 00:00:00+09:00,581.6233315539004,585.090534722627,579.0229291773554,580.7565307617188,3800,0.0,0.0
2021-07-14 00:00:00+09:00,583.3569119656765,583.3569119656765,577.289306640625,577.289306640625,1100,0.0,0.0
2021-07-15 00:00:00+09:00,583.3569326786802,583.3569326786802,578.1561279296875,578.1561279296875,1600,0.0,0.0
2021-07-16 00:00:00+09:00,578.1561682515554,578.1561682515554,574.68896484375,574.68896484375,7000,0.0,0.0
2021-07-19 00:00:00+09:00,574.6889850656853,582.4901930077534,572.9553833007812,572.9553833007812,5900,0.0,0.0
2021-07-20 00:00:00+09:00,572.0885620117188,579.022968823982,571.2217611601858,572.0885620117188,5800,0.0,0.0
2021-07-21 00:00:00+09:00,573.8221637147846,575.5557654178504,570.354960308653,572.0885620117188,3300,0.0,0.0
2021-07-26 00:00:00+09:00,586.8241974200135,586.8241974200135,566.8877771236172,572.9553833007812,11100,0.0,0.0
2021-07-27 00:00:00+09:00,571.2217407226562,572.9553423636962,569.4881390816164,571.2217407226562,3900,0.0,0.0
2021-07-28 00:00:00+09:00,569.4881390816164,573.8221431842162,569.4881390816164,571.2217407226562,2600,0.0,0.0
2021-07-29 00:00:00+09:00,570.354960308653,572.0885620117188,569.48815945712,572.0885620117188,2200,0.0,0.0
2021-07-30 00:00:00+09:00,572.0885407942908,572.0885407942908,566.0209350585938,566.0209350585938,1700,0.0,0.0
2021-08-02 00:00:00+09:00,572.0885004191638,575.5557034520072,566.8876958698987,569.4880981445312,7300,0.0,0.0
2021-08-03 00:00:00+09:00,569.48815945712,572.9553628632517,569.48815945712,572.0885620117188,6200,0.0,0.0
2021-08-04 00:00:00+09:00,572.0885407942908,574.6889432524466,566.0209350585938,566.0209350585938,1700,0.0,0.0
2021-08-05 00:00:00+09:00,566.0209350585938,572.0885407942908,566.0209350585938,566.0209350585938,1300,0.0,0.0
2021-08-06 00:00:00+09:00,572.9553416136761,572.9553416136761,566.0209350585938,566.0209350585938,1000,0.0,0.0
2021-08-10 00:00:00+09:00,566.0209145575213,567.7545161335015,565.1541137695312,565.1541137695312,2700,0.0,0.0
2021-08-11 00:00:00+09:00,566.0209563242364,584.2237742152149,566.0209563242364,574.68896484375,19100,0.0,0.0
2021-08-12 00:00:00+09:00,574.6889848796068,574.6889848796068,568.6213787044072,570.35498046875,5600,0.0,0.0
2021-08-13 00:00:00+09:00,571.2216790362102,572.9552804900378,568.6212768554688,568.6212768554688,1800,0.0,0.0
2021-08-16 00:00:00+09:00,568.6212962629609,568.6212962629609,564.2872924804688,564.2872924804688,5200,0.0,0.0
2021-08-17 00:00:00+09:00,566.8877969125601,568.6213987379808,561.6869914362981,563.4205932617188,6500,0.0,0.0
2021-08-18 00:00:00+09:00,562.5537109375,566.8877148738444,562.5537109375,562.5537109375,1800,0.0,0.0
2021-08-19 00:00:00+09:00,562.5536698071629,563.4204705310568,560.820068359375,560.820068359375,1300,0.0,0.0
2021-08-20 00:00:00+09:00,562.5537717836929,562.5537717836929,559.953369140625,559.953369140625,1400,0.0,0.0
2021-08-23 00:00:00+09:00,565.1541342392085,566.0209350585938,559.9533293228967,566.0209350585938,3100,0.0,0.0
2021-08-24 00:00:00+09:00,562.55377234539,567.7545776367188,562.55377234539,567.7545776367188,2300,0.0,0.0
2021-08-25 00:00:00+09:00,565.1541749910543,567.7545776367188,565.1541749910543,567.7545776367188,1200,0.0,0.0
2021-08-26 00:00:00+09:00,569.4880970194592,569.4880970194592,564.2872924804688,564.2872924804688,2200,0.0,0.0
2021-08-27 00:00:00+09:00,564.2873537956027,566.8877563476562,564.2873537956027,566.8877563476562,1400,0.0,0.0
2021-08-30 00:00:00+09:00,566.8877769400646,570.35498046875,566.8877769400646,570.35498046875,2000,0.0,0.0
2021-08-31 00:00:00+09:00,567.7545366973643,569.488138336135,566.0209350585938,566.0209350585938,2700,0.0,0.0
2021-09-01 00:00:00+09:00,570.3548783092964,570.3548783092964,567.7544761285549,568.6212768554688,1200,0.0,0.0
2021-09-02 00:00:00+09:00,566.020893426589,566.020893426589,561.6868896484375,561.6868896484375,5500,0.0,0.0
2021-09-03 00:00:00+09:00,566.0209554969717,568.6213580490252,563.4205529449183,566.8877563476562,9500,0.0,0.0
2021-09-06 00:00:00+09:00,570.354960308653,573.8221637147846,568.6213586055871,572.0885620117188,6400,0.0,0.0
2021-09-07 00:00:00+09:00,572.0885415431762,576.422545645776,567.7545374405764,571.2217407226562,9500,0.0,0.0
2021-09-08 00:00:00+09:00,571.2217211436076,575.5557250976562,567.7545179803687,575.5557250976562,9000,0.0,0.0
2021-09-09 00:00:00+09:00,574.6889440047361,574.6889440047361,571.2217407226562,571.2217407226562,3700,0.0,0.0
2021-09-10 00:00:00+09:00,569.4881398136454,576.4225463867188,569.4881398136454,576.4225463867188,9200,0.0,0.0
2021-09-13 00:00:00+09:00,576.4226682742913,579.0230712890625,572.0886632496725,579.0230712890625,6900,0.0,0.0
2021-09-14 00:00:00+09:00,572.9554642545962,579.0230712890625,572.9554642545962,579.0230712890625,10300,0.0,0.0
2021-09-15 00:00:00+09:00,574.688925216447,580.7565307617188,574.688925216447,580.7565307617188,3000,0.0,0.0
2021-09-16 00:00:00+09:00,580.7565307617188,580.7565307617188,577.289327592992,580.7565307617188,3800,0.0,0.0
2021-09-17 00:00:00+09:00,592.025024503035,594.6254272460938,587.6910199312705,594.6254272460938,29400,0.0,0.0
2021-09-21 00:00:00+09:00,578.1561895065759,585.9573974609375,578.1561895065759,585.9573974609375,9800,0.0,0.0
2021-09-22 00:00:00+09:00,579.0230712890625,580.75667329891,577.289469279215,579.0230712890625,4200,0.0,0.0
2021-09-24 00:00:00+09:00,585.9573767525809,585.9573767525809,579.8897707802909,582.4901733398438,12600,0.0,0.0
2021-09-27 00:00:00+09:00,583.3569948094836,587.6909992285733,580.7565921580298,585.9573974609375,4600,0.0,0.0
2021-09-28 00:00:00+09:00,589.4245807118823,589.4245807118823,581.6233730259897,587.6909790039062,9900,0.0,0.0
2021-09-29 00:00:00+09:00,592.0701576071564,592.0701576071564,578.932506180962,579.808349609375,9100,7.0,0.0
2021-09-30 00:00:00+09:00,580.684226129288,585.9392869992364,580.684226129288,582.4359130859375,5400,0.0,0.0
2021-10-01 00:00:00+09:00,580.684193037788,583.3117233230269,575.4291324673102,579.808349609375,18100,0.0,0.0
2021-10-04 00:00:00+09:00,580.684209945354,580.684209945354,575.4291492218667,576.3049926757812,2800,0.0,0.0
2021-10-05 00:00:00+09:00,580.6842270597406,580.6842270597406,572.8016357421875,572.8016357421875,3300,0.0,0.0
2021-10-06 00:00:00+09:00,573.677440271145,576.3049705319288,569.2982231698385,574.5532836914062,7200,0.0,0.0
2021-10-07 00:00:00+09:00,574.5532834168853,586.8150912946847,571.9257531573569,584.1875610351562,12500,0.0,0.0
2021-10-08 00:00:00+09:00,580.6842151320125,583.3117455172252,579.8083716702748,581.56005859375,4300,0.0,0.0
2021-10-11 00:00:00+09:00,580.6841873557851,584.1875610351562,579.8083439359422,584.1875610351562,600,0.0,0.0
2021-10-12 00:00:00+09:00,584.1875667514397,584.1875667514397,579.808349609375,579.808349609375,1200,0.0,0.0
2021-10-13 00:00:00+09:00,583.3117833583882,589.4426879882812,577.1808787284953,589.4426879882812,11400,0.0,0.0
2021-10-14 00:00:00+09:00,585.0634375728778,586.8151245117188,584.1875941034573,586.8151245117188,3200,0.0,0.0
2021-10-15 00:00:00+09:00,588.5668444697251,589.4426879882812,586.8151574326128,589.4426879882812,2400,0.0,0.0
2021-10-18 00:00:00+09:00,589.4427052313971,589.4427052313971,585.9393310546875,585.9393310546875,2200,0.0,0.0
2021-10-19 00:00:00+09:00,585.0633933494041,585.0633933494041,582.4358631397511,583.3117065429688,2300,0.0,0.0
2021-10-20 00:00:00+09:00,583.3117176153135,584.1875610351562,581.5600307756279,584.1875610351562,2300,0.0,0.0
2021-10-21 00:00:00+09:00,583.3118004221552,586.8151745988649,580.684269789623,585.9393310546875,2900,0.0,0.0
2021-10-22 00:00:00+09:00,580.684243160369,583.3117736724068,578.9325561523438,578.9325561523438,1800,0.0,0.0
2021-10-25 00:00:00+09:00,578.9325561523438,578.9325561523438,578.9325561523438,578.9325561523438,700,0.0,0.0
2021-10-26 00:00:00+09:00,584.1876171764195,584.1876171764195,578.9325561523438,578.9325561523438,2300,0.0,0.0
2021-10-27 00:00:00+09:00,578.9325391726387,583.3117565642623,578.0566956943139,582.4359130859375,2400,0.0,0.0
2021-10-28 00:00:00+09:00,578.9325561523438,583.3117736724068,578.0567126483311,578.9325561523438,7000,0.0,0.0
2021-10-29 00:00:00+09:00,578.9325172113616,580.6842041015625,578.9325172113616,580.6842041015625,1700,0.0,0.0
2021-11-01 00:00:00+09:00,584.1875610351562,584.1875610351562,581.5600307756279,584.1875610351562,1700,0.0,0.0
2021-11-02 00:00:00+09:00,580.6842589235591,585.0634765625,580.6842589235591,585.0634765625,1500,0.0,0.0
2021-11-04 00:00:00+09:00,585.93930782892,593.8218994140625,583.3117773005392,593.8218994140625,4600,0.0,0.0
2021-11-05 00:00:00+09:00,587.6909739558859,589.4426609125353,582.4359130859375,582.4359130859375,4300,0.0,0.0
2021-11-08 00:00:00+09:00,582.4358631397511,585.0633933494041,582.4358631397511,583.3117065429688,1900,0.0,0.0
2021-11-09 00:00:00+09:00,583.3117065429688,588.5667669622748,583.3117065429688,583.3117065429688,3400,0.0,0.0
2021-11-10 00:00:00+09:00,583.3118004221552,588.5668616872197,583.3118004221552,585.9393310546875,14500,0.0,0.0
2021-11-11 00:00:00+09:00,582.4359301683942,584.1876171764195,578.9325561523438,578.9325561523438,2500,0.0,0.0
2021-11-12 00:00:00+09:00,584.1876330347118,585.0634765625,580.6842589235591,585.0634765625,4200,0.0,0.0
2021-11-15 00:00:00+09:00,584.1876330347118,585.0634765625,581.5601024513473,585.0634765625,1100,0.0,0.0
2021-11-16 00:00:00+09:00,583.3117565642623,584.187600042587,582.4359130859375,582.4359130859375,1000,0.0,0.0
2021-11-17 00:00:00+09:00,582.4359301683942,583.3117736724068,578.9325561523438,578.9325561523438,1400,0.0,0.0
2021-11-18 00:00:00+09:00,578.9324896193643,578.9324896193643,573.6774291992188,573.6774291992188,12300,0.0,0.0
2021-11-19 00:00:00+09:00,578.0566914876302,578.0566914876302,567.5465698242188,567.5465698242188,4200,0.0,0.0
2021-11-22 00:00:00+09:00,566.6706819723581,573.6774291992188,566.6706819723581,573.6774291992188,6500,0.0,0.0
2021-11-24 00:00:00+09:00,568.42234101804,574.5532445421175,566.670654296875,566.670654296875,3800,0.0,0.0
2021-11-25 00:00:00+09:00,568.4224414441013,569.2982849594234,564.9190673828125,564.9190673828125,3600,0.0,0.0
2021-11-26 00:00:00+09:00,569.2982123738028,569.2982123738028,553.5330311080667,554.4088745117188,6600,0.0,0.0
2021-11-29 00:00:00+09:00,563.1673428710938,563.1673428710938,547.4021606445312,547.4021606445312,14200,0.0,0.0
2021-11-30 00:00:00+09:00,547.402177647884,555.2847690060134,543.8988037109375,543.8988037109375,6000,0.0,0.0
2021-12-01 00:00:00+09:00,543.022943359375,551.7813779296876,543.022943359375,547.4021606445312,7100,0.0,0.0
2021-12-02 00:00:00+09:00,551.7813890353559,551.7813890353559,544.7746412380816,548.2780151367188,10100,0.0,0.0
2021-12-03 00:00:00+09:00,548.2780151367188,552.6572325100152,547.4021716620595,548.2780151367188,2900,0.0,0.0
2021-12-06 00:00:00+09:00,548.2779819249724,550.0296687681831,545.6504516601562,545.6504516601562,4800,0.0,0.0
2021-12-07 00:00:00+09:00,550.9054676843068,552.6571543860057,550.0296243334574,551.7813110351562,5100,0.0,0.0
2021-12-08 00:00:00+09:00,553.5330810546875,556.160611502732,550.9055506066431,553.5330810546875,5400,0.0,0.0
2021-12-09 00:00:00+09:00,557.036477073886,559.6640076261214,555.2847900390625,555.2847900390625,3200,0.0,0.0
2021-12-10 00:00:00+09:00,555.2848577696492,555.2848577696492,550.9056396484375,550.9056396484375,4800,0.0,0.0
2021-12-13 00:00:00+09:00,559.6639349336308,559.6639349336308,550.9055008971108,554.4088745117188,2700,0.0,0.0
2021-12-14 00:00:00+09:00,550.0297020860373,550.9055455606966,546.5263281874002,548.2780151367188,53500,0.0,0.0
2021-12-15 00:00:00+09:00,545.6505779029834,551.7814832726798,545.6505779029834,550.9056396484375,1500,0.0,0.0
2021-12-16 00:00:00+09:00,552.6571548628547,561.4155883789062,552.6571548628547,561.4155883789062,3500,0.0,0.0
2021-12-17 00:00:00+09:00,561.4156604422216,566.6707212263922,561.4156604422216,562.29150390625,5000,0.0,0.0
2021-12-20 00:00:00+09:00,560.5398299114331,560.5398299114331,543.8988037109375,543.8988037109375,13100,0.0,0.0
2021-12-21 00:00:00+09:00,552.6571543860057,552.6571543860057,546.5262509300595,551.7813110351562,2500,0.0,0.0
2021-12-22 00:00:00+09:00,557.036376953125,559.6639070330925,557.036376953125,557.036376953125,4800,0.0,0.0
2021-12-23 00:00:00+09:00,560.5398842229199,560.5398842229199,557.912353515625,557.912353515625,6900,0.0,0.0
2021-12-24 00:00:00+09:00,563.1673314999312,563.1673314999312,543.8987758343036,546.5263061523438,21400,0.0,0.0
2021-12-27 00:00:00+09:00,549.153858611378,551.7813890353559,538.6437369154665,548.2780151367188,17900,0.0,0.0
2021-12-28 00:00:00+09:00,548.2780418997684,555.2847900390625,546.5263548649448,555.2847900390625,6600,0.0,0.0
2021-12-29 00:00:00+09:00,558.7881409925399,563.1673583984375,557.0364540301808,563.1673583984375,3500,0.0,0.0
2021-12-30 00:00:00+09:00,564.918995258971,568.4223688729801,564.0431518554688,564.0431518554688,4700,0.0,0.0
2022-01-04 00:00:00+09:00,562.2914814048099,570.174072265625,560.539794546851,570.174072265625,3100,0.0,0.0
2022-01-05 00:00:00+09:00,578.0566462160067,578.0566462160067,569.2982121824308,573.6774291992188,4200,0.0,0.0
2022-01-06 00:00:00+09:00,564.0432018796171,569.2982627666943,560.5398279548989,563.1673583984375,3800,0.0,0.0
2022-01-07 00:00:00+09:00,562.2914317305114,564.9189617853268,554.408841566065,561.4155883789062,6300,0.0,0.0
2022-01-11 00:00:00+09:00,567.5465646904206,567.5465646904206,561.4156604422216,562.29150390625,2100,0.0,0.0
2022-01-12 00:00:00+09:00,566.6706985497071,570.174072265625,565.7948551207277,570.174072265625,3900,0.0,0.0
2022-01-13 00:00:00+09:00,573.6774517803369,573.6774517803369,565.7948608398438,565.7948608398438,1900,0.0,0.0
2022-01-14 00:00:00+09:00,565.7948608398438,570.1740780290066,564.0431739641785,565.7948608398438,7500,0.0,0.0
2022-01-17 00:00:00+09:00,564.9190673828125,564.9190673828125,563.1673803521682,564.9190673828125,900,0.0,0.0
2022-01-18 00:00:00+09:00,564.0432300567627,564.0432300567627,560.5398559570312,560.5398559570312,1600,0.0,0.0
2022-01-19 00:00:00+09:00,560.5397445436508,560.5397445436508,551.7813110351562,551.7813110351562,4400,0.0,0.0
2022-01-20 00:00:00+09:00,555.2847680200505,557.9122984680948,553.5330810546875,553.5330810546875,2000,0.0,0.0
2022-01-21 00:00:00+09:00,549.1538636412802,557.0364549854135,547.4021766759173,553.5330810546875,4300,0.0,0.0
2022-01-24 00:00:00+09:00,545.6504897105543,557.0364549854135,545.6504897105543,553.5330810546875,8500,0.0,0.0
2022-01-25 00:00:00+09:00,553.5330088958499,556.1605390013682,552.6571655273438,552.6571655273438,3600,0.0,0.0
2022-01-26 00:00:00+09:00,561.4156723988208,561.4156723988208,553.5330810546875,553.5330810546875,6600,0.0,0.0
2022-01-27 00:00:00+09:00,562.2914312453497,562.2914312453497,550.9054676843068,551.7813110351562,7900,0.0,0.0
2022-01-28 00:00:00+09:00,557.036376953125,557.036376953125,553.5330035131683,557.036376953125,2700,0.0,0.0
2022-01-31 00:00:00+09:00,557.0363716208805,561.4155883789062,556.1605282692752,561.4155883789062,1300,0.0,0.0
2022-02-01 00:00:00+09:00,560.5398006889764,561.4156441275529,554.4088966189407,556.1605834960938,3300,0.0,0.0
2022-02-02 00:00:00+09:00,556.1606322295906,566.6707544134568,556.1606322295906,564.9190673828125,3100,0.0,0.0
2022-02-03 00:00:00+09:00,567.5465198863636,571.0498934659091,564.9189897017045,568.42236328125,2900,0.0,0.0
2022-02-04 00:00:00+09:00,574.5533175998264,574.5533175998264,566.6707263522678,567.5465698242188,3000,0.0,0.0
2022-02-07 00:00:00+09:00,567.5465979287791,570.1741284747457,561.4156933215238,564.9190673828125,3200,0.0,0.0
2022-02-08 00:00:00+09:00,564.9190174020111,567.546547715509,564.9190174020111,565.7948608398438,1800,0.0,0.0
2022-02-09 00:00:00+09:00,567.5465198863636,568.42236328125,564.9189897017045,568.42236328125,3900,0.0,0.0
2022-02-10 00:00:00+09:00,569.2982288366455,572.8016025525634,569.2982288366455,570.174072265625,2600,0.0,0.0
2022-02-14 00:00:00+09:00,571.0499658203125,571.0499658203125,566.6707482910156,569.2982788085938,3300,0.0,0.0
2022-02-15 00:00:00+09:00,569.2982788085938,570.1741223144531,566.6707482910156,569.2982788085938,2300,0.0,0.0
2022-02-16 00:00:00+09:00,569.2982288366455,571.0499156946045,569.2982288366455,570.174072265625,2700,0.0,0.0
2022-02-17 00:00:00+09:00,571.9258093261718,572.8016528320312,566.6707482910156,569.2982788085938,1400,0.0,0.0
2022-02-18 00:00:00+09:00,567.5465198863636,568.42236328125,565.7948330965909,568.42236328125,1400,0.0,0.0
2022-02-21 00:00:00+09:00,566.6707323231557,567.5465758043351,563.1673583984375,563.1673583984375,1900,0.0,0.0
2022-02-22 00:00:00+09:00,563.1673865318298,563.1673865318298,560.5398559570312,560.5398559570312,2900,0.0,0.0
2022-02-24 00:00:00+09:00,560.539745027301,561.4155883789062,557.0363716208805,561.4155883789062,3900,0.0,0.0
2022-02-25 00:00:00+09:00,571.9257424869893,571.9257424869893,562.2914650484641,564.0431518554688,2600,0.0,0.0
2022-02-28 00:00:00+09:00,565.7948443154587,565.7948443154587,559.6639404296875,559.6639404296875,3500,0.0,0.0
2022-03-01 00:00:00+09:00,563.1672750821166,570.1740218949578,561.4155883789062,561.4155883789062,5200,0.0,0.0
2022-03-02 00:00:00+09:00,554.408924537369,560.5398289161393,553.5330810546875,553.5330810546875,2900,0.0,0.0
2022-03-03 00:00:00+09:00,557.9123205912978,557.9123205912978,553.5331030042389,555.2847900390625,2700,0.0,0.0
2022-03-04 00:00:00+09:00,558.788057841952,558.788057841952,551.7813110351562,551.7813110351562,3100,0.0,0.0
2022-03-07 00:00:00+09:00,552.6572213867188,553.53306484375,547.4021606445312,547.4021606445312,5600,0.0,0.0
2022-03-08 00:00:00+09:00,547.4021273793899,551.781344398425,542.1470669565477,544.7745971679688,8400,0.0,0.0
2022-03-09 00:00:00+09:00,537.7678501383464,546.5262841796874,525.5060424804688,525.5060424804688,6900,0.0,0.0
2022-03-10 00:00:00+09:00,536.89202831953,546.5263061523438,536.89202831953,546.5263061523438,6400,0.0,0.0
2022-03-11 00:00:00+09:00,530.7610917888704,537.7678388751921,530.7610917888704,534.2644653320312,9400,0.0,0.0
2022-03-14 00:00:00+09:00,536.0161412392893,543.0228881835938,530.7610810310609,543.0228881835938,3400,0.0,0.0
2022-03-15 00:00:00+09:00,547.4021491103285,556.1605834960938,545.6504622331754,556.1605834960938,8100,0.0,0.0
2022-03-16 00:00:00+09:00,556.1605335931358,557.036376953125,554.4088468731575,557.036376953125,3500,0.0,0.0
2022-03-17 00:00:00+09:00,561.4155941333801,566.670654296875,561.4155941333801,566.670654296875,7700,0.0,0.0
2022-03-18 00:00:00+09:00,566.6706819723581,573.6774291992188,564.918995165643,573.6774291992188,6100,0.0,0.0
2022-03-22 00:00:00+09:00,573.677440271145,574.5532836914062,570.1740665900998,574.5532836914062,7600,0.0,0.0
2022-03-23 00:00:00+09:00,577.1808581727923,578.0567016601562,572.801640735973,578.0567016601562,7600,0.0,0.0
2022-03-24 00:00:00+09:00,578.9325172113616,580.6842041015625,572.8016130956589,580.6842041015625,8200,0.0,0.0
2022-03-25 00:00:00+09:00,582.4359301683942,582.4359301683942,578.9325561523438,578.9325561523438,3700,0.0,0.0
2022-03-28 00:00:00+09:00,580.6842321222479,580.6842321222479,571.9257972486091,578.0567016601562,4800,0.0,0.0
2022-03-29 00:00:00+09:00,578.9325718679828,585.0634765625,576.3050412846183,585.0634765625,6700,0.0,0.0
2022-03-30 00:00:00+09:00,592.2311337460878,592.2311337460878,585.9593970800929,590.439208984375,5800,15.0,0.0
2022-03-31 00:00:00+09:00,584.1674531758471,586.8553402303371,583.2714908243503,585.0634155273438,5000,0.0,0.0
2022-04-01 00:00:00+09:00,585.9593648807661,585.9593648807661,581.4795532226562,581.4795532226562,2600,0.0,0.0
2022-04-04 00:00:00+09:00,586.8553337413595,586.8553337413595,582.3755220334101,583.271484375,3300,0.0,0.0
2022-04-05 00:00:00+09:00,583.2714988306949,583.2714988306949,578.7916870117188,578.7916870117188,2600,0.0,0.0
2022-04-06 00:00:00+09:00,578.7916870117188,580.5836117393093,576.1037999203331,578.7916870117188,3700,0.0,0.0
2022-04-07 00:00:00+09:00,575.207931299529,575.207931299529,556.3927185934697,561.7684936523438,4000,0.0,0.0
2022-04-08 00:00:00+09:00,566.248167993126,575.2077909044096,556.392582790714,574.3118286132812,6700,0.0,0.0
2022-04-11 00:00:00+09:00,558.1845766601563,572.5199750976562,558.1845766601563,559.9765014648438,4400,0.0,0.0
2022-04-12 00:00:00+09:00,560.8724365234375,561.7683988821011,559.9764741647739,560.8724365234375,2600,0.0,0.0
2022-04-13 00:00:00+09:00,558.1845300489856,564.4562663416708,551.0168314287739,555.4966430664062,9500,0.0,0.0
2022-04-14 00:00:00+09:00,555.4966223947883,564.4562453366398,555.4966223947883,558.1845092773438,4700,0.0,0.0
2022-04-15 00:00:00+09:00,558.1844826799098,559.9764071828951,551.0167846679688,551.0167846679688,3600,0.0,0.0
2022-04-18 00:00:00+09:00,555.4966639390448,558.1845510226208,552.8087768554688,552.8087768554688,2300,0.0,0.0
2022-04-19 00:00:00+09:00,554.6007015778528,558.1845510226208,551.9128144942767,552.8087768554688,3400,0.0,0.0
2022-04-20 00:00:00+09:00,559.9765098596469,559.9765098596469,551.9128481176679,553.7047729492188,2600,0.0,0.0
2022-04-21 00:00:00+09:00,557.2885951225514,557.2885951225514,551.9128208930734,554.6007080078125,4400,0.0,0.0
2022-04-22 00:00:00+09:00,551.9127937563004,559.0804923765121,551.9127937563004,555.4966430664062,1000,0.0,0.0
2022-04-25 00:00:00+09:00,555.4965965346535,555.4965965346535,542.953125,542.953125,4700,0.0,0.0
2022-04-26 00:00:00+09:00,542.057257311348,551.0168813991389,542.057257311348,543.8491821289062,4800,0.0,0.0
2022-04-27 00:00:00+09:00,541.1612548828125,546.5370289379398,541.1612548828125,541.1612548828125,18100,0.0,0.0
2022-04-28 00:00:00+09:00,545.6410250304175,546.5369873046875,542.0571759333376,546.5369873046875,3000,0.0,0.0
2022-05-02 00:00:00+09:00,542.0572300961144,552.8087784616571,542.0572300961144,544.7451171875,5800,0.0,0.0
2022-05-06 00:00:00+09:00,544.7451381714876,548.3289877647211,542.0572509765625,542.0572509765625,5100,0.0,0.0
2022-05-09 00:00:00+09:00,542.9531730575815,542.9531730575815,539.3693237304688,539.3693237304688,4600,0.0,0.0
2022-05-10 00:00:00+09:00,539.3693510490328,540.2653134261907,537.5774262947172,538.473388671875,6400,0.0,0.0
2022-05-11 00:00:00+09:00,537.5773645619877,553.7046854988473,537.5773645619877,546.5369873046875,11200,0.0,0.0
2022-05-12 00:00:00+09:00,539.369317220052,544.7450911458334,537.577392578125,537.577392578125,5300,0.0,0.0
2022-05-13 00:00:00+09:00,537.5774452674526,543.8491821289062,537.5774452674526,543.8491821289062,3600,0.0,0.0
2022-05-16 00:00:00+09:00,549.2249080576795,551.0168327169215,543.8491340799535,547.4329833984375,2100,0.0,0.0
2022-05-17 00:00:00+09:00,550.120871711807,550.120871711807,540.2652860622469,539.3693237304688,5400,0.0,0.0
2022-05-18 00:00:00+09:00,539.3693430047286,548.3289666426809,539.3693430047286,544.7451171875,1000,0.0,0.0
2022-05-19 00:00:00+09:00,539.3693430047286,546.5370419150905,539.3693430047286,544.7451171875,1800,0.0,0.0
2022-05-20 00:00:00+09:00,547.433078042822,548.3290405273438,542.0573031356911,548.3290405273438,2800,0.0,0.0
2022-05-23 00:00:00+09:00,550.1209169858462,551.912841796875,546.5370673637885,551.912841796875,4200,0.0,0.0
2022-05-24 00:00:00+09:00,549.2249482493447,550.1209106445312,547.4330234589717,550.1209106445312,1800,0.0,0.0
2022-05-25 00:00:00+09:00,552.8088042023894,552.8088042023894,549.2249545803318,551.912841796875,2000,0.0,0.0
2022-05-26 00:00:00+09:00,555.4966443650266,558.1845313538896,547.4329833984375,547.4329833984375,7800,0.0,0.0
2022-05-27 00:00:00+09:00,556.3926391601562,556.3926391601562,551.9128272506542,556.3926391601562,2900,0.0,0.0
2022-05-30 00:00:00+09:00,557.2886142578125,559.9765014648438,551.0168774414062,559.9765014648438,17400,0.0,0.0
2022-05-31 00:00:00+09:00,558.1845092773438,559.9764338657141,556.3925846889734,558.1845092773438,3600,0.0,0.0
2022-06-01 00:00:00+09:00,551.0168109238626,559.080471571529,551.0168109238626,558.1845092773438,3500,0.0,0.0
2022-06-02 00:00:00+09:00,558.1845092773438,559.9764338657141,558.1845092773438,558.1845092773438,3300,0.0,0.0
2022-06-03 00:00:00+09:00,559.9764338657141,559.9764338657141,557.2885469831587,558.1845092773438,5500,0.0,0.0
2022-06-06 00:00:00+09:00,556.3926118807777,557.28857421875,554.6006872048332,557.28857421875,3500,0.0,0.0
2022-06-07 00:00:00+09:00,558.184585028096,558.184585028096,553.7047729492188,553.7047729492188,4200,0.0,0.0
2022-06-08 00:00:00+09:00,558.1845526444284,558.1845526444284,543.8491548237048,544.7451171875,15400,0.0,0.0
2022-06-09 00:00:00+09:00,545.6411069464644,547.4330317640226,543.8491821289062,543.8491821289062,6900,0.0,0.0
2022-06-10 00:00:00+09:00,543.8492308153244,544.7451933043118,540.265380859375,540.265380859375,10600,0.0,0.0
2022-06-13 00:00:00+09:00,539.369317220052,540.2652795410156,537.577392578125,537.577392578125,9700,0.0,0.0
2022-06-14 00:00:00+09:00,537.5774069393382,538.4733692842372,533.0975952148438,533.0975952148438,7400,0.0,0.0
2022-06-15 00:00:00+09:00,533.0975887305017,534.8895133985034,528.6177770604975,531.3056640625,11400,0.0,0.0
2022-06-16 00:00:00+09:00,532.2016198792434,534.8895068483305,527.7218082640982,529.5137329101562,6700,0.0,0.0
2022-06-17 00:00:00+09:00,525.9299590335364,527.7218839365468,525.0339965820312,525.0339965820312,7800,0.0,0.0
2022-06-20 00:00:00+09:00,527.7218758873905,527.7218758873905,505.32281494140625,505.32281494140625,9400,0.0,0.0
2022-06-21 00:00:00+09:00,514.2823746409204,533.9935457944051,511.5944876654451,521.4500732421875,27900,0.0,0.0
2022-06-22 00:00:00+09:00,530.4097751125419,536.6815123182645,520.5541880749778,534.8895874023438,13300,0.0,0.0
2022-06-23 00:00:00+09:00,535.7854822495405,535.7854822495405,528.6177834903492,533.0975952148438,7700,0.0,0.0
2022-06-24 00:00:00+09:00,535.7855180938565,536.6814804986957,525.929931640625,525.929931640625,6800,0.0,0.0
2022-06-27 00:00:00+09:00,532.2016263965008,532.2016263965008,528.6177770604975,531.3056640625,2900,0.0,0.0
2022-06-28 00:00:00+09:00,531.3057041040203,533.9935913085938,529.5137793009714,533.9935913085938,2400,0.0,0.0
2022-06-29 00:00:00+09:00,528.617741819288,546.5369873046875,528.617741819288,546.5369873046875,14100,0.0,0.0
2022-06-30 00:00:00+09:00,542.057289590641,542.057289590641,526.825927734375,526.825927734375,13900,0.0,0.0
2022-07-01 00:00:00+09:00,526.8258794836096,530.4097290039062,526.8258794836096,530.4097290039062,3200,0.0,0.0
2022-07-04 00:00:00+09:00,532.2016456871479,536.6814575195312,529.5137585877178,536.6814575195312,5600,0.0,0.0
2022-07-05 00:00:00+09:00,534.8895874023438,540.265362150106,533.097662486423,534.8895874023438,6500,0.0,0.0
2022-07-06 00:00:00+09:00,533.0976225470854,537.5774345012626,532.20166015625,532.20166015625,5100,0.0,0.0
2022-07-07 00:00:00+09:00,531.3056913839804,533.9935785242029,529.5137666238321,530.4097290039062,3600,0.0,0.0
2022-07-08 00:00:00+09:00,529.5137263817779,533.0975756297087,527.7218017578125,527.7218017578125,7600,0.0,0.0
2022-07-11 00:00:00+09:00,532.2017025071747,532.2017025071747,525.0340028101084,526.825927734375,15100,0.0,0.0
2022-07-12 00:00:00+09:00,525.9298649893866,525.9298649893866,516.0742797851562,516.0742797851562,14000,0.0,0.0
2022-07-13 00:00:00+09:00,513.3864200492527,525.0339304517663,513.3864200492527,515.1783447265625,9400,0.0,0.0
2022-07-14 00:00:00+09:00,517.8662252109921,517.8662252109921,511.59448891950944,513.3864135742188,10400,0.0,0.0
2022-07-15 00:00:00+09:00,511.5945000219598,513.3864247155568,508.0106506347656,508.0106506347656,10700,0.0,0.0
2022-07-19 00:00:00+09:00,508.9066498929042,511.59453712825405,508.9066498929042,509.8026123046875,2300,0.0,0.0
2022-07-20 00:00:00+09:00,516.0743894777098,516.9703519594419,512.4905395507812,512.4905395507812,7900,0.0,0.0
2022-07-21 00:00:00+09:00,512.4905369244836,520.55419921875,512.4905369244836,520.55419921875,5200,0.0,0.0
2022-07-22 00:00:00+09:00,519.6581289503309,520.5540912416246,516.0742797851562,516.0742797851562,6400,0.0,0.0
2022-07-25 00:00:00+09:00,516.0742863321799,519.6581355428201,515.1783240295199,517.8662109375,3400,0.0,0.0
2022-07-26 00:00:00+09:00,521.4501616958906,522.3461241730314,518.7622742644686,520.55419921875,8400,0.0,0.0
2022-07-27 00:00:00+09:00,521.4501616958906,522.3461241730314,520.55419921875,520.55419921875,1600,0.0,0.0
2022-07-28 00:00:00+09:00,523.2420188363558,524.1379811973769,518.76220703125,518.76220703125,6800,0.0,0.0
2022-07-29 00:00:00+09:00,518.7622742644686,523.2420866501722,518.7622742644686,520.55419921875,2100,0.0,0.0
2022-08-01 00:00:00+09:00,524.1379602176627,524.1379602176627,520.5541109170291,521.4500732421875,3700,0.0,0.0
2022-08-02 00:00:00+09:00,521.4501616958906,522.3461241730314,520.55419921875,520.55419921875,5900,0.0,0.0
2022-08-03 00:00:00+09:00,519.6581498657014,519.6581498657014,513.3864135742188,513.3864135742188,4400,0.0,0.0
2022-08-04 00:00:00+09:00,513.3864247155568,516.0743117559524,507.1146882879671,508.0106506347656,10300,0.0,0.0
2022-08-05 00:00:00+09:00,507.1147250693376,510.6985747164708,507.1147250693376,509.8026123046875,7700,0.0,0.0
2022-08-08 00:00:00+09:00,510.6985376751612,514.2823870623554,508.0106506347656,508.0106506347656,3500,0.0,0.0
2022-08-09 00:00:00+09:00,516.0743545287432,524.1380163182549,502.63491821289057,502.6349182128906,63800,0.0,0.0
2022-08-10 00:00:00+09:00,503.53088063394745,508.0106927392317,502.63491821289057,502.6349182128906,11900,0.0,0.0
2022-08-12 00:00:00+09:00,503.5308077070448,517.8662043677435,503.5308077070448,516.0742797851562,23800,0.0,0.0
2022-08-15 00:00:00+09:00,511.59448891950944,515.178338228928,508.9066019374455,513.3864135742188,7900,0.0,0.0
2022-08-16 00:00:00+09:00,511.59446832868787,516.0742797851562,510.69850603739417,516.0742797851562,5900,0.0,0.0
2022-08-17 00:00:00+09:00,514.2824495470917,516.9703369140625,514.2824495470917,516.9703369140625,4700,0.0,0.0
2022-08-18 00:00:00+09:00,512.4905395507812,516.0743894777098,512.4905395507812,512.4905395507812,5900,0.0,0.0
2022-08-19 00:00:00+09:00,516.0743070652173,516.0743070652173,511.5944953719429,515.1783447265625,4300,0.0,0.0
2022-08-22 00:00:00+09:00,511.59447915595877,516.9702530174925,510.6985168457031,510.6985168457031,4700,0.0,0.0
2022-08-23 00:00:00+09:00,510.6985409159056,514.2823903258418,508.01065385845345,508.9066162109375,6000,0.0,0.0
2022-08-24 00:00:00+09:00,513.3864619518206,513.3864619518206,507.1147250693376,509.8026123046875,3800,0.0,0.0
2022-08-25 00:00:00+09:00,511.59457706904914,512.4905395507812,508.90668962385274,512.4905395507812,3500,0.0,0.0
2022-08-26 00:00:00+09:00,512.4904848956065,514.2824096679688,512.4904848956065,514.2824096679688,7100,0.0,0.0
2022-08-29 00:00:00+09:00,510.6985409159056,510.6985409159056,508.01065385845345,508.9066162109375,11000,0.0,0.0
2022-08-30 00:00:00+09:00,508.90668962385274,512.4905395507812,508.90668962385274,512.4905395507812,5900,0.0,0.0
2022-08-31 00:00:00+09:00,509.80261861129736,511.59454345703125,508.9066561884304,511.59454345703125,3500,0.0,0.0
2022-09-01 00:00:00+09:00,509.80257856342155,511.59450326838964,508.9066162109375,508.9066162109375,6600,0.0,0.0
2022-09-02 00:00:00+09:00,508.9066162109375,510.6985409159056,508.9066162109375,508.9066162109375,8400,0.0,0.0
2022-09-05 00:00:00+09:00,509.8026123046875,510.6985747164708,508.9066498929042,509.8026123046875,5400,0.0,0.0
2022-09-06 00:00:00+09:00,510.6985376751612,510.6985376751612,508.0106506347656,508.0106506347656,36800,0.0,0.0
2022-09-07 00:00:00+09:00,510.6985376751612,510.6985376751612,508.0106506347656,508.0106506347656,6500,0.0,0.0
2022-09-08 00:00:00+09:00,508.9066162109375,509.80257856342155,508.01065385845345,508.9066162109375,10500,0.0,0.0
2022-09-09 00:00:00+09:00,508.9066162109375,510.6985409159056,508.9066162109375,508.9066162109375,11200,0.0,0.0
2022-09-12 00:00:00+09:00,508.9066162109375,510.6985409159056,508.01065385845345,508.9066162109375,7400,0.0,0.0
2022-09-13 00:00:00+09:00,508.01065385845345,510.6985409159056,508.01065385845345,508.9066162109375,6000,0.0,0.0
2022-09-14 00:00:00+09:00,508.0106506347656,510.6985376751612,508.0106506347656,508.0106506347656,8100,0.0,0.0
2022-09-15 00:00:00+09:00,508.9066129815642,508.9066129815642,508.0106506347656,508.0106506347656,13500,0.0,0.0
2022-09-16 00:00:00+09:00,508.0106506347656,508.9066129815642,508.0106506347656,508.0106506347656,7700,0.0,0.0
2022-09-20 00:00:00+09:00,508.9066129815642,510.6985376751612,508.0106506347656,508.0106506347656,8200,0.0,0.0
2022-09-21 00:00:00+09:00,508.0106506347656,509.8025753283627,508.0106506347656,508.0106506347656,19000,0.0,0.0
2022-09-22 00:00:00+09:00,508.9066129815642,510.6985376751612,508.0106506347656,508.0106506347656,7500,0.0,0.0
2022-09-26 00:00:00+09:00,508.0106602718956,508.90662263569084,493.6752624511719,493.6752624511719,65600,0.0,0.0
2022-09-27 00:00:00+09:00,497.2590897392422,504.4267883300781,494.57120276767876,504.4267883300781,22400,0.0,0.0
2022-09-28 00:00:00+09:00,498.1550648199818,508.0106506347656,495.4671777795863,508.0106506347656,31000,0.0,0.0
2022-09-29 00:00:00+09:00,510.74676837179766,520.7792941791008,504.3624337671502,516.2190551757812,9000,10.0,0.0
2022-09-30 00:00:00+09:00,515.3070013372748,515.3070013372748,505.27447564752254,506.1865234375,8400,0.0,0.0
2022-10-03 00:00:00+09:00,502.5383289663735,505.27447231827756,500.7142333984375,500.7142333984375,6100,0.0,0.0
2022-10-04 00:00:00+09:00,501.6262572152274,510.7467346191406,501.6262572152274,510.7467346191406,11200,0.0,0.0
2022-10-05 00:00:00+09:00,515.3069721071523,515.3069721071523,505.27444698648213,508.9226379394531,8000,0.0,0.0
2022-10-06 00:00:00+09:00,504.3624300334023,511.6588123846993,504.3624300334023,509.834716796875,16600,0.0,0.0
2022-10-07 00:00:00+09:00,505.2745051185649,507.09860080491353,504.36245727539057,504.3624572753906,56000,0.0,0.0
2022-10-11 00:00:00+09:00,503.4504089355468,508.01064814691955,499.8022175664487,503.4504089355469,25400,0.0,0.0
2022-10-12 00:00:00+09:00,501.62631275433165,502.5383605957031,499.8022170715886,502.5383605957031,7100,0.0,0.0
2022-10-13 00:00:00+09:00,499.80224564742343,501.62634143445786,498.89019775390625,498.89019775390625,11700,0.0,0.0
2022-10-14 00:00:00+09:00,500.7142333984375,502.5383289663735,498.8901378305015,500.7142333984375,21100,0.0,0.0
2022-10-17 00:00:00+09:00,502.53838977674496,502.53838977674496,498.8901981994183,499.80224609375,8100,0.0,0.0
2022-10-18 00:00:00+09:00,501.6263427734375,501.6263427734375,498.89019908558237,501.6263427734375,12400,0.0,0.0
2022-10-19 00:00:00+09:00,502.53839066938923,502.53839066938923,499.8022469815341,501.6263427734375,7000,0.0,0.0
2022-10-20 00:00:00+09:00,501.6263409848615,502.53838887756126,494.3299578432635,497.9781494140625,43100,0.0,0.0
2022-10-21 00:00:00+09:00,497.9781183925244,499.8022140642919,495.2419748848731,497.0660705566406,19800,0.0,0.0
2022-10-24 00:00:00+09:00,500.71425830032746,500.71425830032746,490.6817321777344,490.6817321777344,16300,0.0,0.0
2022-10-25 00:00:00+09:00,489.7697138999825,492.505857553055,487.03357024690996,488.857666015625,41800,0.0,0.0
2022-10-26 00:00:00+09:00,493.4178771972656,495.24197286158085,491.5937815329504,493.4178771972656,8100,0.0,0.0
2022-10-27 00:00:00+09:00,496.15405092592596,498.89019458912037,492.505859375,492.505859375,4500,0.0,0.0
2022-10-28 00:00:00+09:00,489.76967862616004,492.5058220821721,480.6492004394531,480.6492004394531,107900,0.0,0.0
2022-10-31 00:00:00+09:00,491.5937742635014,491.5937742635014,479.73715262078247,480.6492004394531,16200,0.0,0.0
2022-11-01 00:00:00+09:00,480.6492304928856,481.56127836858366,476.0889911143952,479.7371826171875,25100,0.0,0.0
2022-11-02 00:00:00+09:00,481.56124720982143,483.385342843192,478.8251037597656,478.8251037597656,7700,0.0,0.0
2022-11-04 00:00:00+09:00,482.47332624428174,483.3853741199798,479.7371826171875,479.7371826171875,6700,0.0,0.0
2022-11-07 00:00:00+09:00,480.64920095963913,486.1214878775857,480.64920095963913,481.5612487792969,6100,0.0,0.0
2022-11-08 00:00:00+09:00,488.8576344693644,491.5937779458721,485.20944316735427,487.0335388183594,5900,0.0,0.0
2022-11-09 00:00:00+09:00,489.7696863716379,503.4504038680523,483.38535153997776,494.3299255371094,37100,0.0,0.0
2022-11-10 00:00:00+09:00,492.50580002589777,497.97808669285223,492.50580002589777,495.241943359375,10700,0.0,0.0
2022-11-11 00:00:00+09:00,497.0660988136574,497.0660988136574,487.9456199363426,492.505859375,7200,0.0,0.0
2022-11-14 00:00:00+09:00,492.505857553055,495.24200120612755,488.857666015625,488.857666015625,8000,0.0,0.0
2022-11-15 00:00:00+09:00,488.85767048706504,499.802245199462,488.85767048706504,497.9781494140625,15300,0.0,0.0
2022-11-16 00:00:00+09:00,497.9781494140625,500.71429309216177,497.9781494140625,497.9781494140625,4800,0.0,0.0
2022-11-17 00:00:00+09:00,501.6262811824055,502.5383289663735,500.7142333984375,500.7142333984375,5800,0.0,0.0
2022-11-18 00:00:00+09:00,502.5383575719431,502.5383575719431,497.0660705566406,497.0660705566406,12600,0.0,0.0
2022-11-21 00:00:00+09:00,501.6262811824055,502.5383289663735,498.8901378305015,500.7142333984375,5600,0.0,0.0
2022-11-22 00:00:00+09:00,502.538361589042,506.1865529617392,500.7142659026934,504.3624572753906,12100,0.0,0.0
2022-11-24 00:00:00+09:00,506.18652777392316,513.48291015625,504.36243217834146,513.48291015625,14100,0.0,0.0
2022-11-25 00:00:00+09:00,518.0431507771091,518.0431507771091,512.5708639731255,516.2190551757812,6900,0.0,0.0
2022-11-28 00:00:00+09:00,518.0431507771091,519.8672463784369,516.2190551757812,516.2190551757812,5200,0.0,0.0
2022-11-29 00:00:00+09:00,518.0431507771091,519.8672463784369,515.3070073751173,516.2190551757812,6600,0.0,0.0
2022-11-30 00:00:00+09:00,515.3070674382203,518.9552590661016,514.39501953125,514.39501953125,30300,0.0,0.0
2022-12-01 00:00:00+09:00,514.3950182256851,514.3950182256851,506.1865870837859,511.65887451171875,12200,0.0,0.0
2022-12-02 00:00:00+09:00,506.1865875135537,515.307066567852,506.1865875135537,512.5709228515625,18400,0.0,0.0
2022-12-05 00:00:00+09:00,512.5708645075507,517.131103515625,510.74676890432096,517.131103515625,14000,0.0,0.0
2022-12-06 00:00:00+09:00,517.131103515625,518.0431513172398,512.5708645075507,517.131103515625,11300,0.0,0.0
2022-12-07 00:00:00+09:00,509.8347157010912,510.7467634930431,508.0106201171875,508.0106201171875,6400,0.0,0.0
2022-12-08 00:00:00+09:00,510.7467346191406,512.5708300999232,508.01059139796666,510.7467346191406,16000,0.0,0.0
2022-12-09 00:00:00+09:00,503.45044336981954,514.3950182256851,502.53839546516406,511.65887451171875,11200,0.0,0.0
2022-12-12 00:00:00+09:00,515.3069458007812,518.0430888758297,512.5708027257328,515.3069458007812,5800,0.0,0.0
2022-12-13 00:00:00+09:00,518.0432102841414,518.0432102841414,512.5709228515625,512.5709228515625,5000,0.0,0.0
2022-12-14 00:00:00+09:00,515.3070057518316,515.3070057518316,512.5708623584592,513.48291015625,5400,0.0,0.0
2022-12-15 00:00:00+09:00,513.4828504174156,515.3069458007812,512.5708027257328,515.3069458007812,3200,0.0,0.0
2022-12-16 00:00:00+09:00,510.7467346191406,515.3069733210972,510.7467346191406,510.7467346191406,4900,0.0,0.0
2022-12-19 00:00:00+09:00,510.7467694349692,518.0431518554688,508.0106260272819,518.0431518554688,19700,0.0,0.0
2022-12-20 00:00:00+09:00,515.3070674382203,518.9552590661016,511.6588758103391,514.39501953125,12000,0.0,0.0
2022-12-21 00:00:00+09:00,510.7468208257299,510.7468208257299,499.80224609375,499.80224609375,12700,0.0,0.0
2022-12-22 00:00:00+09:00,506.1865813540716,506.1865813540716,499.80224609375,499.80224609375,4000,0.0,0.0
2022-12-23 00:00:00+09:00,498.89016622840813,500.7142619001756,497.0660705566406,497.0660705566406,8300,0.0,0.0
2022-12-26 00:00:00+09:00,506.18658090204383,506.18658090204383,497.97814986038907,498.89019775390625,9200,0.0,0.0
2022-12-27 00:00:00+09:00,498.89016972417414,507.098600304645,498.89016972417414,503.4504089355469,7100,0.0,0.0
2022-12-28 00:00:00+09:00,499.8022170715886,505.27450411981766,499.8022170715886,502.5383605957031,7800,0.0,0.0
2022-12-29 00:00:00+09:00,498.8901692302171,502.5383605957031,498.8901692302171,502.5383605957031,4400,0.0,0.0
2022-12-30 00:00:00+09:00,505.2745051185649,510.7467921776107,504.36245727539057,504.3624572753906,4100,0.0,0.0
2023-01-04 00:00:00+09:00,503.4504385653409,503.4504385653409,501.6263427734375,501.6263427734375,4200,0.0,0.0
2023-01-05 00:00:00+09:00,501.6263427734375,502.53839066938923,501.6263427734375,501.6263427734375,5500,0.0,0.0
2023-01-06 00:00:00+09:00,502.53839066938923,508.9227259410511,497.9781511896307,501.6263427734375,10300,0.0,0.0
2023-01-10 00:00:00+09:00,506.1866153744485,511.6589031082263,506.1866153744485,507.0986633300781,3300,0.0,0.0
2023-01-11 00:00:00+09:00,504.3624278575451,509.8347145974099,503.45038006756755,506.1865234375,7700,0.0,0.0
2023-01-12 00:00:00+09:00,507.09862924840326,507.09862924840326,499.80224609375,499.80224609375,9200,0.0,0.0
2023-01-13 00:00:00+09:00,503.45043767107666,505.2745334597399,499.80224609375,499.80224609375,8400,0.0,0.0
2023-01-16 00:00:00+09:00,499.8022517511976,514.3950182256851,499.8022517511976,511.65887451171875,17800,0.0,0.0
2023-01-17 00:00:00+09:00,514.3949579540408,516.2190535496226,511.6588145606683,513.48291015625,8100,0.0,0.0
2023-01-18 00:00:00+09:00,517.1311040529063,518.0431518554688,513.4829128426566,518.0431518554688,9700,0.0,0.0
2023-01-19 00:00:00+09:00,515.3070084477814,520.7792952631561,515.3070084477814,518.0431518554688,12200,0.0,0.0
2023-01-20 00:00:00+09:00,521.6913419797647,521.6913419797647,516.2190551757812,516.2190551757812,3900,0.0,0.0
2023-01-23 00:00:00+09:00,521.6914049627911,521.6914049627911,517.1311654089205,518.9552612304688,8400,0.0,0.0
2023-01-24 00:00:00+09:00,517.131103515625,520.7792947220844,516.2190557140101,517.131103515625,8800,0.0,0.0
2023-01-25 00:00:00+09:00,517.1311662610483,520.7793579101562,517.1311662610483,520.7793579101562,4700,0.0,0.0
2023-01-26 00:00:00+09:00,521.69140625,521.69140625,518.9552625109266,521.69140625,9500,0.0,0.0
2023-01-27 00:00:00+09:00,521.69140625,522.6034541630245,519.867310423951,521.69140625,4900,0.0,0.0
2023-01-30 00:00:00+09:00,521.6914019058607,524.4275456221502,510.74682704070284,512.5709228515625,39800,0.0,0.0
2023-01-31 00:00:00+09:00,520.7793583369755,523.515502076049,518.9552625109266,521.69140625,5700,0.0,0.0
2023-02-01 00:00:00+09:00,520.7792995240953,531.7238732443916,520.7792995240953,525.3395385742188,4300,0.0,0.0
2023-02-02 00:00:00+09:00,523.5154424252718,526.2515858525816,520.779298997962,524.427490234375,3700,0.0,0.0
2023-02-03 00:00:00+09:00,521.6913457474367,526.2515847836905,517.131106711183,522.6033935546875,8100,0.0,0.0
2023-02-06 00:00:00+09:00,527.1636958659418,527.1636958659418,522.6034562823264,526.2516479492188,3900,0.0,0.0
2023-02-07 00:00:00+09:00,528.9877329823078,552.7009761849629,520.7793026429272,530.8118286132812,43200,0.0,0.0
2023-02-08 00:00:00+09:00,529.8997813203526,540.8443551169864,529.8997813203526,531.723876953125,10200,0.0,0.0
2023-02-09 00:00:00+09:00,533.5479725858972,535.3720682186696,531.723876953125,531.723876953125,5300,0.0,0.0
2023-02-10 00:00:00+09:00,535.3721313476562,535.3721313476562,531.7239396519312,535.3721313476562,4700,0.0,0.0
2023-02-13 00:00:00+09:00,535.372067690715,537.1961633216883,528.9877329823078,530.8118286132812,10400,0.0,0.0
2023-02-14 00:00:00+09:00,530.8118337682776,539.9323120117188,530.8118337682776,539.9323120117188,6500,0.0,0.0
2023-02-15 00:00:00+09:00,536.2841196868379,543.5805022676112,534.4600240416446,538.1082153320312,6800,0.0,0.0
2023-02-16 00:00:00+09:00,538.108217387087,541.7564086914062,533.547978256688,541.7564086914062,6600,0.0,0.0
2023-02-17 00:00:00+09:00,538.1082163630305,541.7564076604069,537.1961685386864,539.9323120117188,5600,0.0,0.0
2023-02-20 00:00:00+09:00,544.4925526851366,544.4925526851366,539.0202657234769,542.66845703125,8600,0.0,0.0
2023-02-21 00:00:00+09:00,541.7564117431641,547.2286987304688,541.7564117431641,547.2286987304688,10300,0.0,0.0
2023-02-22 00:00:00+09:00,546.3166462596499,546.3166462596499,539.020263671875,539.020263671875,9500,0.0,0.0
2023-02-24 00:00:00+09:00,544.4926147460938,544.4926147460938,540.8444230225018,544.4926147460938,5700,0.0,0.0
2023-02-27 00:00:00+09:00,545.4045458500929,552.700927734375,544.4924981145575,552.700927734375,9900,0.0,0.0
2023-02-28 00:00:00+09:00,553.6130391072525,559.0853261494988,553.6130391072525,557.26123046875,6600,0.0,0.0
2023-03-01 00:00:00+09:00,557.2612319598369,559.9973754882812,556.3491841170221,559.9973754882812,8400,0.0,0.0
2023-03-02 00:00:00+09:00,560.9094248173496,563.645568353044,560.9094248173496,562.7335205078125,6800,0.0,0.0
2023-03-03 00:00:00+09:00,563.645568353044,563.645568353044,560.9094248173496,562.7335205078125,9300,0.0,0.0
2023-03-06 00:00:00+09:00,569.1178588867188,570.0299067374987,565.4696674835988,569.1178588867188,9200,0.0,0.0
2023-03-07 00:00:00+09:00,569.1178574124397,569.1178574124397,564.5576181703527,566.3817138671875,5600,0.0,0.0
2023-03-08 00:00:00+09:00,566.3817143578239,567.2937622070312,562.733522960994,567.2937622070312,5500,0.0,0.0
2023-03-09 00:00:00+09:00,569.1177972637439,569.1177972637439,562.7334629995673,568.2057495117188,8200,0.0,0.0
2023-03-10 00:00:00+09:00,566.3816492592416,568.2057447479992,560.9093627929688,560.9093627929688,8800,0.0,0.0
2023-03-13 00:00:00+09:00,556.34912109375,561.8214075307377,549.9647869172643,556.34912109375,7300,0.0,0.0
2023-03-14 00:00:00+09:00,550.8768322633044,557.2611664120514,539.0202117013459,552.700927734375,15100,0.0,0.0
2023-03-15 00:00:00+09:00,553.6130391072525,560.9094218302475,553.6130391072525,557.26123046875,6800,0.0,0.0
2023-03-16 00:00:00+09:00,540.8443731699314,564.5576171875,539.9323253231018,564.5576171875,18800,0.0,0.0
2023-03-17 00:00:00+09:00,563.6455678568258,563.6455678568258,553.6130415681121,561.8214721679688,9100,0.0,0.0
2023-03-20 00:00:00+09:00,556.3491811250386,561.8214681524979,551.7889419354891,554.5250854492188,9800,0.0,0.0
2023-03-22 00:00:00+09:00,556.3491855911923,562.7335205078125,556.3491855911923,562.7335205078125,5800,0.0,0.0
2023-03-23 00:00:00+09:00,560.9094384727832,594.6552095678937,556.3491991356061,589.1829223632812,53800,0.0,0.0
2023-03-24 00:00:00+09:00,583.7105718603744,586.4467151659699,578.2382852491834,584.6226196289062,20700,0.0,0.0
2023-03-27 00:00:00+09:00,588.2708744958459,589.1829223632812,584.6226830261041,589.1829223632812,12000,0.0,0.0
2023-03-28 00:00:00+09:00,588.2708730742127,591.9190645351381,583.710633748056,586.44677734375,13400,0.0,0.0
2023-03-29 00:00:00+09:00,583.7106370192307,592.8311157226562,581.8865412785457,592.8311157226562,12200,0.0,0.0
2023-03-30 00:00:00+09:00,592.8310252288915,601.3000398750185,588.1260170921543,596.5950317382812,13600,20.0,0.0
2023-03-31 00:00:00+09:00,602.2411572802198,602.2411572802198,593.7721410059667,599.4181518554688,7300,0.0,0.0
2023-04-03 00:00:00+09:00,601.3001110896445,608.828125,599.4181076120557,608.828125,11500,0.0,0.0
2023-04-04 00:00:00+09:00,608.8281007766724,609.7691024780273,600.3590854644775,602.2410888671875,19100,0.0,0.0
2023-04-05 00:00:00+09:00,596.5951071575189,597.5361089038241,589.067093187077,590.9490966796875,8900,0.0,0.0
2023-04-06 00:00:00+09:00,589.0670920095137,589.0670920095137,583.4210815429688,583.4210815429688,11000,0.0,0.0
2023-04-07 00:00:00+09:00,584.3620535043569,590.9490653796074,580.5980467184996,587.18505859375,12000,0.0,0.0
2023-04-10 00:00:00+09:00,592.8311311745946,594.713134765625,587.1851204015031,594.713134765625,7800,0.0,0.0
2023-04-11 00:00:00+09:00,599.4181290868681,600.359130859375,590.0081113617996,600.359130859375,11900,0.0,0.0
2023-04-12 00:00:00+09:00,599.4181063895307,602.2411116001565,598.4771046526555,601.3001098632812,7100,0.0,0.0
2023-04-13 00:00:00+09:00,601.3001326318819,602.2411344043887,599.4181290868681,600.359130859375,4000,0.0,0.0
2023-04-14 00:00:00+09:00,602.2410662051482,603.1820678710938,598.477059541366,603.1820678710938,6600,0.0,0.0
2023-04-17 00:00:00+09:00,604.1230922698975,604.1230922698975,600.3590854644775,602.2410888671875,3300,0.0,0.0
2023-04-18 00:00:00+09:00,597.5360803604126,606.0050956726075,597.5360803604126,602.2410888671875,6400,0.0,0.0
2023-04-19 00:00:00+09:00,596.5951083201282,602.2411188089623,596.5951083201282,598.4771118164062,10200,0.0,0.0
2023-04-20 00:00:00+09:00,598.4770820617676,602.2410888671875,598.4770820617676,602.2410888671875,3400,0.0,0.0
2023-04-21 00:00:00+09:00,602.2411044587228,604.1231079101562,602.2411044587228,604.1231079101562,3000,0.0,0.0
2023-04-24 00:00:00+09:00,603.1821133370318,604.123115073907,600.359108126406,601.3001098632812,7000,0.0,0.0
2023-04-25 00:00:00+09:00,598.4771046526555,605.0641168107823,598.4771046526555,601.3001098632812,13700,0.0,0.0
2023-04-26 00:00:00+09:00,602.2411572802198,603.1821590884701,599.4181518554688,599.4181518554688,5700,0.0,0.0
2023-04-27 00:00:00+09:00,599.4180965728273,603.1821034586849,582.480065586468,589.0670776367188,52200,0.0,0.0
2023-04-28 00:00:00+09:00,590.008087786933,593.7720947265625,585.303079112396,593.7720947265625,9700,0.0,0.0
2023-05-01 00:00:00+09:00,593.7720268562389,597.5360333656287,593.7720268562389,596.5950317382812,3300,0.0,0.0
2023-05-02 00:00:00+09:00,596.5951237693475,604.1231379494025,591.8901149068133,600.359130859375,13100,0.0,0.0
2023-05-08 00:00:00+09:00,602.2410903742284,609.7691040039062,602.2410903742284,609.7691040039062,8300,0.0,0.0
2023-05-09 00:00:00+09:00,609.7691182644568,610.7101199901736,603.1821061844395,604.1231079101562,10200,0.0,0.0
2023-05-10 00:00:00+09:00,604.1231163060278,611.6511302163833,604.1231163060278,608.828125,5600,0.0,0.0
2023-05-11 00:00:00+09:00,610.7101296927183,617.2971418773855,609.7691279520515,616.3561401367188,6700,0.0,0.0
2023-05-12 00:00:00+09:00,618.2381746468667,620.1201782226562,611.6511621316033,620.1201782226562,17000,0.0,0.0
2023-05-15 00:00:00+09:00,623.8841468324052,623.8841468324052,617.2971347240692,619.1791381835938,6800,0.0,0.0
2023-05-16 00:00:00+09:00,609.7691495440693,611.6511530920448,607.8871459960938,607.8871459960938,8600,0.0,0.0
2023-05-17 00:00:00+09:00,617.2971490965299,617.2971490965299,611.6511385865007,613.5331420898438,4000,0.0,0.0
2023-05-18 00:00:00+09:00,609.7691585558138,620.1201782226562,607.8871549800242,620.1201782226562,9600,0.0,0.0
2023-05-19 00:00:00+09:00,619.1791609440402,619.1791609440402,614.4741521222769,618.2381591796875,2300,0.0,0.0
2023-05-22 00:00:00+09:00,613.5331349147185,617.2971418773855,613.5331349147185,616.3561401367188,3200,0.0,0.0
2023-05-23 00:00:00+09:00,616.3561401367188,618.2381436180522,613.5331349147185,616.3561401367188,8700,0.0,0.0
2023-05-24 00:00:00+09:00,612.5921558065152,616.356162908245,611.6511540310828,615.4151611328125,7000,0.0,0.0
2023-05-25 00:00:00+09:00,615.4151839392108,616.3561857495155,613.5331803186016,614.4741821289062,3800,0.0,0.0
2023-05-26 00:00:00+09:00,613.5331092834473,614.4741109848022,602.2410888671875,602.2410888671875,7600,0.0,0.0
2023-05-29 00:00:00+09:00,602.2411491297469,604.1231527207773,589.0671239925337,594.713134765625,29400,0.0,0.0
2023-05-30 00:00:00+09:00,590.9491411052767,593.7721465564165,572.1291047643443,574.0111083984375,40900,0.0,0.0
2023-05-31 00:00:00+09:00,573.0700283813476,574.011030069987,562.7190098063151,564.6010131835938,26600,0.0,0.0
2023-06-01 00:00:00+09:00,564.6010287972383,570.2470390852108,564.6010287972383,566.4830322265625,19400,0.0,0.0
2023-06-02 00:00:00+09:00,566.483063247731,573.0700756110767,566.483063247731,570.2470703125,15300,0.0,0.0
2023-06-05 00:00:00+09:00,571.1880720786922,573.0700756110767,567.4240650139233,570.2470703125,62800,0.0,0.0
2023-06-06 00:00:00+09:00,570.2470334723567,578.7160488209561,570.2470334723567,576.8340454101562,9700,0.0,0.0
2023-06-07 00:00:00+09:00,580.5980823936525,580.5980823936525,573.070068359375,573.070068359375,10400,0.0,0.0
2023-06-08 00:00:00+09:00,575.8930592606707,581.5390696455793,572.1290523373984,578.716064453125,10500,0.0,0.0
2023-06-09 00:00:00+09:00,580.5980679147611,580.5980679147611,576.8340609914889,578.716064453125,8700,0.0,0.0
2023-06-12 00:00:00+09:00,580.5980691925098,590.0080865213997,580.5980691925098,586.2440795898438,7900,0.0,0.0
2023-06-13 00:00:00+09:00,584.3620773774886,595.6540981963773,583.4210756425812,593.7720947265625,12600,0.0,0.0
2023-06-14 00:00:00+09:00,591.8901139516679,593.7721174936446,588.1261068677145,592.8311157226562,5500,0.0,0.0
2023-06-15 00:00:00+09:00,597.5360333656287,598.4770349929761,593.7720268562389,596.5950317382812,6000,0.0,0.0
2023-06-16 00:00:00+09:00,596.5950717006464,612.592100437099,596.5950717006464,605.0640869140625,12200,0.0,0.0
2023-06-19 00:00:00+09:00,610.7101742293484,610.7101742293484,605.064163373607,606.9461669921875,8000,0.0,0.0
2023-06-20 00:00:00+09:00,609.7691024780273,610.7101041793824,602.2410888671875,602.2410888671875,5000,0.0,0.0
2023-06-21 00:00:00+09:00,602.2410888671875,606.0050956726075,601.3000871658326,602.2410888671875,3100,0.0,0.0
2023-06-22 00:00:00+09:00,602.2411128284389,610.7101284775888,602.2411128284389,608.828125,8500,0.0,0.0
2023-06-23 00:00:00+09:00,608.8280936755807,610.7100970563399,604.1230852236829,605.0640869140625,5500,0.0,0.0
2023-06-26 00:00:00+09:00,607.8871315798145,614.4741438415153,601.3001193181137,613.5331420898438,4800,0.0,0.0
2023-06-27 00:00:00+09:00,615.4151455931868,615.4151455931868,611.6511385865007,613.5331420898438,3200,0.0,0.0
2023-06-28 00:00:00+09:00,610.7101296927183,616.3561401367188,610.7101296927183,616.3561401367188,3600,0.0,0.0
2023-06-29 00:00:00+09:00,616.356117434618,618.2381208466321,613.5331123165969,617.297119140625,4700,0.0,0.0
2023-06-30 00:00:00+09:00,617.297110515073,617.297110515073,610.7100986650645,612.5921020507812,3900,0.0,0.0
2023-07-03 00:00:00+09:00,616.3561401367188,620.1201470993857,615.4151383960519,616.3561401367188,8200,0.0,0.0
2023-07-04 00:00:00+09:00,618.2381664591098,619.1791682345422,615.4151611328125,615.4151611328125,7400,0.0,0.0
2023-07-05 00:00:00+09:00,615.4151839392108,615.4151839392108,612.592178508297,614.4741821289062,8000,0.0,0.0
2023-07-06 00:00:00+09:00,617.2971334134616,617.2971334134616,611.651123046875,611.651123046875,4100,0.0,0.0
2023-07-07 00:00:00+09:00,611.6511217158903,611.6511217158903,604.1231079101562,604.1231079101562,11200,0.0,0.0
2023-07-10 00:00:00+09:00,604.1231163060278,612.5921319551777,604.1231163060278,608.828125,9200,0.0,0.0
2023-07-11 00:00:00+09:00,616.3561619619836,617.2971637359714,607.8871459960938,607.8871459960938,21200,0.0,0.0
2023-07-12 00:00:00+09:00,610.7101199901736,611.6511217158903,604.1231079101562,604.1231079101562,5100,0.0,0.0
2023-07-13 00:00:00+09:00,604.1230695370392,606.0050728689304,603.1820678710938,603.1820678710938,4600,0.0,0.0
2023-07-14 00:00:00+09:00,603.1821061844395,605.064109635873,603.1821061844395,604.1231079101562,4000,0.0,0.0
2023-07-18 00:00:00+09:00,604.1231079101562,608.82811653874,603.1821061844395,604.1231079101562,3700,0.0,0.0
2023-07-19 00:00:00+09:00,605.064109635873,609.7691182644568,603.1821061844395,604.1231079101562,8800,0.0,0.0
2023-07-20 00:00:00+09:00,606.9460902948216,606.9460902948216,605.0640869140625,605.0640869140625,2500,0.0,0.0
2023-07-21 00:00:00+09:00,606.9461898329836,607.8871916776859,605.0641861435789,606.0051879882812,6800,0.0,0.0
2023-07-24 00:00:00+09:00,606.9461669921875,609.7691724200581,605.064163373607,606.9461669921875,5200,0.0,0.0
2023-07-25 00:00:00+09:00,608.8281712670786,615.4151839392108,607.887169456774,614.4741821289062,8500,0.0,0.0
2023-07-26 00:00:00+09:00,616.3561857495155,616.3561857495155,611.6511766979925,614.4741821289062,14200,0.0,0.0
2023-07-27 00:00:00+09:00,614.4741438415153,614.4741438415153,611.6511385865007,613.5331420898438,10100,0.0,0.0
2023-07-28 00:00:00+09:00,613.5330861964947,613.5330861964947,602.2410662051482,603.1820678710938,51400,0.0,0.0
2023-07-31 00:00:00+09:00,609.7691495440693,609.7691495440693,606.0051424481182,607.8871459960938,5600,0.0,0.0
2023-08-01 00:00:00+09:00,607.8871232612055,609.7691267387944,606.9461215224111,608.828125,4100,0.0,0.0
2023-08-02 00:00:00+09:00,608.8281706107679,609.7691724200581,606.9461669921875,606.9461669921875,4700,0.0,0.0
2023-08-03 00:00:00+09:00,605.0640939712524,606.9460973739624,602.2410888671875,602.2410888671875,8200,0.0,0.0
2023-08-04 00:00:00+09:00,603.1820678710938,606.0050728689304,602.2410662051482,603.1820678710938,8900,0.0,0.0
2023-08-07 00:00:00+09:00,603.1821597550266,607.8871688014777,603.1821597550266,606.9461669921875,5200,0.0,0.0
2023-08-08 00:00:00+09:00,607.8871459960938,610.710151318057,607.8871459960938,607.8871459960938,4400,0.0,0.0
2023-08-09 00:00:00+09:00,610.7101379394531,674.6982571688565,606.0051291725852,621.0611572265625,176500,0.0,0.0
2023-08-10 00:00:00+09:00,621.0611345115119,622.0021362304688,611.6511173219436,622.0021362304688,44600,0.0,0.0
2023-08-14 00:00:00+09:00,623.8841468324052,626.7071520216922,618.2381364538314,619.1791381835938,24500,0.0,0.0
2023-08-15 00:00:00+09:00,621.0611118650868,624.8251186036631,620.1201101804428,622.943115234375,13200,0.0,0.0
2023-08-16 00:00:00+09:00,622.9431523213859,622.9431523213859,616.3561401367188,616.3561401367188,13200,0.0,0.0
2023-08-17 00:00:00+09:00,613.5331803186016,616.3561857495155,611.6511766979925,614.4741821289062,7700,0.0,0.0
2023-08-18 00:00:00+09:00,615.4151455931868,618.2381508482015,611.6511385865007,613.5331420898438,9600,0.0,0.0
2023-08-21 00:00:00+09:00,613.5331803186016,620.1201929907338,610.7101748876878,614.4741821289062,36500,0.0,0.0
2023-08-22 00:00:00+09:00,616.356117434618,617.297119140625,612.5921106105898,617.297119140625,11200,0.0,0.0
2023-08-23 00:00:00+09:00,617.2971276356845,622.9431379494256,613.5331207598573,622.0021362304688,18900,0.0,0.0
2023-08-24 00:00:00+09:00,622.0021589799361,622.9431607333096,619.1791537198153,621.0611572265625,5100,0.0,0.0
2023-08-25 00:00:00+09:00,621.0611664770616,635.176192987904,621.0611664770616,633.294189453125,29100,0.0,0.0
2023-08-28 00:00:00+09:00,635.1761857433432,636.1171875,632.3531804733727,636.1171875,13400,0.0,0.0
2023-08-29 00:00:00+09:00,637.9992065429688,639.8812101020925,636.1172029838449,637.9992065429688,8500,0.0,0.0
2023-08-30 00:00:00+09:00,637.999152560764,637.999152560764,633.2941440610533,635.1761474609375,5100,0.0,0.0
2023-08-31 00:00:00+09:00,637.9992065429688,638.9402083225307,634.2351994247211,637.9992065429688,5500,0.0,0.0
2023-09-01 00:00:00+09:00,636.1171896168262,652.1142195332257,636.1171896168262,651.1732177734375,35100,0.0,0.0
2023-09-04 00:00:00+09:00,654.9372115959189,667.1702342263025,653.9962098551202,664.3472290039062,20700,0.0,0.0
2023-09-05 00:00:00+09:00,664.3472599513094,668.1112670898438,659.6422510281415,668.1112670898438,10600,0.0,0.0
2023-09-06 00:00:00+09:00,669.0522688744774,669.9932706591109,665.288261735943,668.1112670898438,5200,0.0,0.0
2023-09-07 00:00:00+09:00,666.2291870117188,669.9931937179997,666.2291870117188,666.2291870117188,8300,0.0,0.0
2023-09-08 00:00:00+09:00,664.3471889851596,668.1111957216194,655.878173828125,655.878173828125,17200,0.0,0.0
2023-09-11 00:00:00+09:00,659.6422336115313,660.5832353713195,644.58620545492,651.1732177734375,22200,0.0,0.0
2023-09-12 00:00:00+09:00,649.2912296877814,653.0552368164062,639.8812118662194,653.0552368164062,30200,0.0,0.0
2023-09-13 00:00:00+09:00,651.1732559974747,653.0552596275252,649.2912523674242,652.1142578125,14900,0.0,0.0
2023-09-14 00:00:00+09:00,652.1142051718638,659.6422190843817,650.2322016937343,656.8192138671875,25100,0.0,0.0
2023-09-15 00:00:00+09:00,658.701271133314,665.2882838446471,656.8192675015046,659.6422729492188,18900,0.0,0.0
2023-09-19 00:00:00+09:00,663.4062377425959,684.1082763671875,663.4062377425959,684.1082763671875,46900,0.0,0.0
2023-09-20 00:00:00+09:00,686.9312793930204,686.9312793930204,664.3472373307841,669.05224609375,26800,0.0,0.0
2023-09-21 00:00:00+09:00,673.757294040256,680.3443066914876,673.757294040256,677.5213012695312,7200,0.0,0.0
2023-09-22 00:00:00+09:00,668.1112300601465,678.4622491174163,668.1112300601465,674.6982421875,15800,0.0,0.0
2023-09-25 00:00:00+09:00,674.698295164644,674.698295164644,669.9932861328125,669.9932861328125,14000,0.0,0.0
2023-09-26 00:00:00+09:00,672.8162231445312,677.5212316979895,672.8162231445312,672.8162231445312,5600,0.0,0.0
2023-09-27 00:00:00+09:00,668.1112831963433,677.5213012695312,661.5242705451117,677.5213012695312,25800,0.0,0.0
2023-09-28 00:00:00+09:00,677.5212672850193,687.0638203453717,677.5212672850193,680.384033203125,11800,10.0,0.0
2023-09-29 00:00:00+09:00,680.3840197369158,683.2467855983614,662.2531692810933,666.0701904296875,17900,0.0,0.0
2023-10-02 00:00:00+09:00,675.6127659574468,675.6127659574468,670.8414893617021,672.75,8500,0.0,0.0
2023-10-03 00:00:00+09:00,672.7500265409099,672.7500265409099,649.847897977815,651.7564086914062,15300,0.0,0.0
2023-10-04 00:00:00+09:00,648.8935977496731,651.7563636220981,638.3967895507812,638.3967895507812,24600,0.0,0.0
2023-10-05 00:00:00+09:00,651.7563521507386,655.5733732467899,643.1680546846235,647.9393310546875,13400,0.0,0.0
2023-10-06 00:00:00+09:00,655.5734005925243,655.5734005925243,648.8936133958028,650.8021240234375,4200,0.0,0.0
2023-10-10 00:00:00+09:00,656.527617300889,659.3903830740034,651.756341012365,657.4818725585938,12100,0.0,0.0
2023-10-11 00:00:00+09:00,662.253217616158,662.253217616158,646.0308765506326,651.7564086914062,16000,0.0,0.0
2023-10-12 00:00:00+09:00,657.4819065461006,657.4819065461006,648.8936087827988,654.619140625,10900,0.0,0.0
2023-10-13 00:00:00+09:00,648.8935908564815,654.6191225405092,642.2138038917824,644.122314453125,11800,0.0,0.0
2023-10-16 00:00:00+09:00,646.985057351118,647.9393125979486,637.4425048828125,637.4425048828125,9500,0.0,0.0
2023-10-17 00:00:00+09:00,653.6648765461019,653.6648765461019,636.48828125,636.48828125,7400,0.0,0.0
2023-10-18 00:00:00+09:00,643.1680591724537,648.8935908564815,639.3510380497685,644.122314453125,7700,0.0,0.0
2023-10-19 00:00:00+09:00,644.122348512922,645.0766038440523,640.305327188401,641.2595825195312,3200,0.0,0.0
2023-10-20 00:00:00+09:00,643.1680569219096,647.9393333085707,636.4882699805842,646.0308227539062,7900,0.0,0.0
2023-10-23 00:00:00+09:00,639.3510448415896,644.1223212956313,638.3967895507812,638.3967895507812,11400,0.0,0.0
2023-10-24 00:00:00+09:00,643.1680591724537,643.1680591724537,599.272316261574,618.357421875,63200,0.0,0.0
2023-10-25 00:00:00+09:00,625.9914798246028,631.7170116522669,625.0372245199922,630.7627563476562,12300,0.0,0.0
2023-10-26 00:00:00+09:00,625.0372314453125,630.7627633364147,624.0829761301288,625.0372314453125,9900,0.0,0.0
2023-10-27 00:00:00+09:00,625.0372199725388,634.5797729492188,625.0372199725388,634.5797729492188,8200,0.0,0.0
2023-10-30 00:00:00+09:00,629.8084922148802,634.5797686710536,612.6318969726562,612.6318969726562,75000,0.0,0.0
2023-10-31 00:00:00+09:00,617.4031621078773,624.0829490240367,616.4489068341402,622.1744384765625,17300,0.0,0.0
2023-11-01 00:00:00+09:00,627.8999589533964,635.5340010075411,625.9914484398603,631.7169799804688,15600,0.0,0.0
2023-11-02 00:00:00+09:00,634.5798046617623,641.2595920792545,626.945761898914,633.6255493164062,17100,0.0,0.0
2023-11-06 00:00:00+09:00,638.3967601296431,640.3052706233042,634.5797391423208,637.4425048828125,13600,0.0,0.0
2023-11-07 00:00:00+09:00,641.2595577211395,641.2595577211395,636.48828125,636.48828125,10900,0.0,0.0
2023-11-08 00:00:00+09:00,641.2595896677927,649.8478877437008,626.9457595412796,635.5340576171875,116800,0.0,0.0
2023-11-09 00:00:00+09:00,645.0765788980509,645.0765788980509,633.6255153673163,636.48828125,18100,0.0,0.0
2023-11-10 00:00:00+09:00,636.4883229826764,653.6649194049975,633.6255569122895,651.7564086914062,18600,0.0,0.0
2023-11-13 00:00:00+09:00,656.5276854753844,662.253217616158,651.7564086914062,651.7564086914062,15300,0.0,0.0
2023-11-14 00:00:00+09:00,657.4818725585938,660.3446383317081,652.7105962700698,657.4818725585938,12600,0.0,0.0
2023-11-15 00:00:00+09:00,657.4819042294524,658.4361595331237,655.5733936221101,656.5276489257812,4500,0.0,0.0
2023-11-16 00:00:00+09:00,658.436184177151,661.2989501953125,655.5734181589894,661.2989501953125,6000,0.0,0.0
2023-11-17 00:00:00+09:00,661.2988963407629,681.3382568359375,661.2988963407629,681.3382568359375,37800,0.0,0.0
2023-11-20 00:00:00+09:00,681.3382703993055,686.1095468026621,669.88720703125,669.88720703125,10400,0.0,0.0
2023-11-21 00:00:00+09:00,670.8414600545709,677.5212469967928,668.9329494996504,671.7957153320312,11200,0.0,0.0
2023-11-22 00:00:00+09:00,670.8414623119213,671.7957175925926,667.9786964699074,669.88720703125,1900,0.0,0.0
2023-11-24 00:00:00+09:00,671.7956794340621,677.5212107928751,668.9329137546556,676.5669555664062,8800,0.0,0.0
2023-11-27 00:00:00+09:00,677.5212742483093,677.5212742483093,672.7499976690959,674.6585083007812,5400,0.0,0.0
2023-11-28 00:00:00+09:00,667.9786942221901,676.5669917193326,667.9786942221901,671.7957153320312,5200,0.0,0.0
2023-11-29 00:00:00+09:00,671.7957175925926,672.7499728732639,668.9329517505787,669.88720703125,1100,0.0,0.0
2023-11-30 00:00:00+09:00,667.978759765625,673.7042919921876,667.978759765625,667.978759765625,5300,0.0,0.0
2023-12-01 00:00:00+09:00,672.7500366210937,676.5670581054687,667.978759765625,667.978759765625,15900,0.0,0.0
2023-12-04 00:00:00+09:00,672.7499455136802,672.7499455136802,667.0244140625,667.0244140625,4800,0.0,0.0
2023-12-05 00:00:00+09:00,667.9787010039846,672.7499774397273,666.0701904296875,666.0701904296875,8600,0.0,0.0
2023-12-06 00:00:00+09:00,668.9329450359452,675.6127319335938,667.9786897648526,675.6127319335938,10700,0.0,0.0
2023-12-07 00:00:00+09:00,671.7957153320312,674.658481164412,671.7957153320312,671.7957153320312,5100,0.0,0.0
2023-12-08 00:00:00+09:00,668.9329585809817,671.795724452227,662.253171548076,664.1616821289062,10300,0.0,0.0
2023-12-11 00:00:00+09:00,667.9786942221901,671.7957153320312,665.1159283898094,671.7957153320312,6400,0.0,0.0
2023-12-12 00:00:00+09:00,671.7957108492232,682.2925188312422,669.8872003070378,675.6127319335938,14900,0.0,0.0
2023-12-13 00:00:00+09:00,680.3840105526846,682.2925211012194,673.7042236328125,673.7042236328125,7100,0.0,0.0
2023-12-14 00:00:00+09:00,672.7499455136802,673.7042007555436,667.0244140625,667.0244140625,10300,0.0,0.0
2023-12-15 00:00:00+09:00,668.9329245462268,669.8871797880902,667.0244140625,667.0244140625,2500,0.0,0.0
2023-12-18 00:00:00+09:00,667.0244727468015,668.9329833984375,664.1617067693473,668.9329833984375,5400,0.0,0.0
2023-12-19 00:00:00+09:00,670.8414961691703,722.3712839261193,670.8414961691703,716.645751953125,113800,0.0,0.0
2023-12-20 00:00:00+09:00,719.5084977059994,720.4627530079968,698.5148810620577,708.0574340820312,54600,0.0,0.0
2023-12-21 00:00:00+09:00,701.377649255701,711.8744576119087,701.377649255701,706.14892578125,9400,0.0,0.0
2023-12-22 00:00:00+09:00,711.8744416173637,727.1425261560738,699.4691229296616,719.5084838867188,67000,0.0,0.0
2023-12-25 00:00:00+09:00,711.8744113463575,748.1361105838395,711.8744113463575,746.2276000976562,87200,0.0,0.0
2023-12-26 00:00:00+09:00,744.3191280241936,746.227638608871,734.7765751008064,739.5478515625,28600,0.0,0.0
2023-12-27 00:00:00+09:00,735.7308442402011,735.7308442402011,718.5542486548268,728.0968017578125,13600,0.0,0.0
2023-12-28 00:00:00+09:00,727.1425487703782,734.7765912771538,723.3255275169904,726.1882934570312,4500,0.0,0.0
2023-12-29 00:00:00+09:00,722.3712319113991,736.6850608132103,722.3712319113991,734.7765502929688,11900,0.0,0.0
2024-01-04 00:00:00+09:00,737.6393144629029,764.3584616879498,737.6393144629029,762.449951171875,39700,0.0,0.0
2024-01-05 00:00:00+09:00,758.6329685557972,758.6329685557972,749.0904154922023,755.7702026367188,13800,0.0,0.0
2024-01-09 00:00:00+09:00,758.6329838533579,770.0840477605784,755.7702178765528,768.175537109375,21600,0.0,0.0
2024-01-10 00:00:00+09:00,768.1754782784772,768.1754782784772,759.5871810057986,766.2669677734375,9800,0.0,0.0
2024-01-11 00:00:00+09:00,762.449951171875,770.0839932361741,762.449951171875,762.449951171875,14200,0.0,0.0
2024-01-12 00:00:00+09:00,762.4499623887289,765.3127282049568,750.9988991238167,752.9074096679688,32800,0.0,0.0
2024-01-15 00:00:00+09:00,749.0904398574734,760.54150390625,749.0904398574734,760.54150390625,2400,0.0,0.0
2024-01-16 00:00:00+09:00,757.6787132494378,765.3127557003137,737.6393518158884,755.7702026367188,23300,0.0,0.0
2024-01-17 00:00:00+09:00,751.9531814112808,763.4042450875947,751.9531814112808,755.7702026367188,20400,0.0,0.0
2024-01-18 00:00:00+09:00,750.0446210700228,755.7701525285726,746.2276000976562,746.2276000976562,11700,0.0,0.0
2024-01-19 00:00:00+09:00,772.94677734375,778.6723090277777,765.3127350983796,772.94677734375,79400,0.0,0.0
2024-01-22 00:00:00+09:00,768.1755009403935,776.7637984664352,768.1755009403935,772.94677734375,26700,0.0,0.0
2024-01-23 00:00:00+09:00,772.9467567701018,774.8552672806453,764.3584594726562,764.3584594726562,15300,0.0,0.0
2024-01-24 00:00:00+09:00,759.5871943149494,762.4499601226692,754.81591796875,754.81591796875,10400,0.0,0.0
2024-01-25 00:00:00+09:00,754.8159381866454,763.4042358398438,753.8616828918457,763.4042358398438,12700,0.0,0.0
2024-01-26 00:00:00+09:00,762.4499692563658,763.4042245370371,730.9595449942129,747.181884765625,74800,0.0,0.0
2024-01-29 00:00:00+09:00,746.2276096224933,767.2212252384714,746.2276096224933,764.3584594726562,15100,0.0,0.0
2024-01-30 00:00:00+09:00,766.2670301457042,767.2212854758981,740.5021362304688,740.5021362304688,76500,0.0,0.0
2024-01-31 00:00:00+09:00,748.1361647862468,757.6787179085203,744.3191435373374,751.9531860351562,29100,0.0,0.0
2024-02-01 00:00:00+09:00,750.9989261049213,759.5872238621567,750.9989261049213,755.7702026367188,11200,0.0,0.0
2024-02-02 00:00:00+09:00,755.7701643656133,763.4042064299124,748.1361223013142,762.449951171875,18200,0.0,0.0
2024-02-05 00:00:00+09:00,770.0839887835169,775.809520298636,765.3127125209177,766.2669677734375,15500,0.0,0.0
2024-02-06 00:00:00+09:00,771.9925220630787,773.9010326244213,763.4042245370371,772.94677734375,17400,0.0,0.0
2024-02-07 00:00:00+09:00,775.8095520534906,811.1169978419028,741.456361556657,791.07763671875,394800,0.0,0.0
2024-02-08 00:00:00+09:00,787.2606533533956,787.2606533533956,754.8159718818617,760.54150390625,93100,0.0,0.0
2024-02-09 00:00:00+09:00,763.40427230739,771.0383150304639,755.7702295843161,758.6329956054688,27100,0.0,0.0
2024-02-13 00:00:00+09:00,763.4042581513321,772.9468113782237,761.4957475059538,770.0840454101562,31900,0.0,0.0
2024-02-14 00:00:00+09:00,770.0840596900796,770.0840596900796,756.7244849247003,758.6329956054688,21400,0.0,0.0
2024-02-15 00:00:00+09:00,759.5872368605754,770.0840454101562,755.7702155698188,770.0840454101562,28100,0.0,0.0
2024-02-16 00:00:00+09:00,771.0383111157464,786.306396484375,769.1298004446678,786.306396484375,37900,0.0,0.0
2024-02-19 00:00:00+09:00,777.7180537471065,789.1691171151621,772.94677734375,772.94677734375,24000,0.0,0.0
2024-02-20 00:00:00+09:00,777.7180716994328,785.3521141210224,772.9467951859394,783.443603515625,13500,0.0,0.0
2024-02-21 00:00:00+09:00,782.4893528390835,784.3978634557642,775.8095656807011,779.6265869140625,10900,0.0,0.0
2024-02-22 00:00:00+09:00,779.6265552772578,786.3063421645783,775.809534198789,780.580810546875,29300,0.0,0.0
2024-02-26 00:00:00+09:00,782.4893210861094,788.2148527038127,780.580810546875,780.580810546875,24200,0.0,0.0
2024-02-27 00:00:00+09:00,780.5808621237987,793.9404367811743,777.7180961257898,788.2149047851562,37500,0.0,0.0
2024-02-28 00:00:00+09:00,788.2148754142992,792.986151899858,787.2606201171875,787.2606201171875,12100,0.0,0.0
2024-02-29 00:00:00+09:00,787.2606494524865,794.894692113844,787.2606494524865,788.2149047851562,35800,0.0,0.0
2024-03-01 00:00:00+09:00,788.2148284912109,801.5744018554688,787.2605732509068,801.5744018554688,47000,0.0,0.0
2024-03-04 00:00:00+09:00,805.3914434030845,819.7052723735185,804.4371881383889,810.1627197265625,54000,0.0,0.0
2024-03-05 00:00:00+09:00,801.5744223443021,810.1627197265625,794.894635491433,810.1627197265625,18200,0.0,0.0
2024-03-06 00:00:00+09:00,808.254231675763,816.842529296875,806.3457210932936,816.842529296875,10400,0.0,0.0
2024-03-07 00:00:00+09:00,818.7510962197947,822.5681176473928,811.1170533645984,820.6596069335938,14700,0.0,0.0
2024-03-08 00:00:00+09:00,820.6595729151578,823.5223388671875,801.5744665682937,823.5223388671875,42400,0.0,0.0
2024-03-11 00:00:00+09:00,808.2542413857909,820.659560320874,764.3584974616512,783.443603515625,69800,0.0,0.0
2024-03-12 00:00:00+09:00,777.7180315500282,792.0318603515625,767.2212237622365,792.0318603515625,46600,0.0,0.0
2024-03-13 00:00:00+09:00,790.1233587334625,796.8031455826585,777.7180402992416,784.3978271484375,16900,0.0,0.0
2024-03-14 00:00:00+09:00,780.5808285113842,792.9861473019074,775.8095520534906,791.07763671875,12300,0.0,0.0
2024-03-15 00:00:00+09:00,791.0776254428869,804.4371993345641,786.3063490530021,800.6201782226562,14500,0.0,0.0
2024-03-18 00:00:00+09:00,804.4371567670037,811.116943359375,799.6658806295956,811.116943359375,25900,0.0,0.0
2024-03-19 00:00:00+09:00,815.8883067044344,842.6074559298428,813.0255407159979,839.7446899414062,42700,0.0,0.0
2024-03-21 00:00:00+09:00,847.3787103220195,919.9021134576878,847.3787103220195,908.4510498046875,144700,0.0,0.0
2024-03-22 00:00:00+09:00,895.0914801102651,912.268075677413,876.0063739245452,904.634033203125,107000,0.0,0.0
2024-03-25 00:00:00+09:00,911.3137953304157,916.0850717457582,885.5489026875663,899.8627319335938,65600,0.0,0.0
2024-03-26 00:00:00+09:00,900.8169940635005,907.4967810957511,893.1829517409285,894.13720703125,17300,0.0,0.0
2024-03-27 00:00:00+09:00,898.9085106382978,903.6797872340425,889.3659574468085,897.0,20900,0.0,0.0
2024-03-28 00:00:00+09:00,896.9999514551605,950.2285200030492,891.0856660609506,934.4570922851562,45000,30.0,0.0
2024-03-29 00:00:00+09:00,934.457135844711,939.3857072362971,925.5857073398562,929.528564453125,10600,0.0,0.0
2024-04-01 00:00:00+09:00,934.4570866634971,936.4285151163737,897.9856602852805,898.9713745117188,15000,0.0,0.0
2024-04-02 00:00:00+09:00,897.9856931973347,905.8714072978602,891.085693359375,891.085693359375,12200,0.0,0.0
2024-04-03 00:00:00+09:00,888.1285526830048,911.7856950408208,888.1285526830048,908.8285522460938,12300,0.0,0.0
2024-04-04 00:00:00+09:00,906.8571307029559,923.6142733355106,900.9428450679367,910.7999877929688,16800,0.0,0.0
2024-04-05 00:00:00+09:00,899.9571028796867,907.8428168151056,882.2142465249941,902.9142456054688,24200,0.0,0.0
2024-04-08 00:00:00+09:00,911.7857125456151,925.5857125192784,906.8571411264495,913.7571411132812,15500,0.0,0.0
2024-04-09 00:00:00+09:00,914.7428200824701,918.6856770655842,903.8999633789062,903.8999633789062,9900,0.0,0.0
2024-04-10 00:00:00+09:00,906.8571166992188,910.7999737283458,903.8999739273735,906.8571166992188,7000,0.0,0.0
2024-04-11 00:00:00+09:00,903.8999633789062,912.771391590913,902.9142491331278,903.8999633789062,6400,0.0,0.0
2024-04-12 00:00:00+09:00,905.8714094513667,912.7714093057298,905.8714094513667,908.8285522460938,8400,0.0,0.0
2024-04-15 00:00:00+09:00,907.8428434884763,937.4142716151368,905.871414946699,927.55712890625,24100,0.0,0.0
2024-04-16 00:00:00+09:00,918.6857160370926,927.5571446254336,908.828573161158,914.7428588867188,12800,0.0,0.0
2024-04-17 00:00:00+09:00,916.7142592720364,922.628544815727,892.0714028399924,906.8571166992188,20000,0.0,0.0
2024-04-18 00:00:00+09:00,902.9142666566398,928.5428375442737,899.9571238619128,908.8285522460938,16200,0.0,0.0
2024-04-19 00:00:00+09:00,906.8571120042068,909.8142547607422,859.5428278996395,871.3713989257812,51400,0.0,0.0
2024-04-22 00:00:00+09:00,883.1999687846837,908.8285393074535,883.1999687846837,888.1285400390625,11800,0.0,0.0
2024-04-23 00:00:00+09:00,895.0285176059656,901.9285171910336,893.057089153089,898.9713745117188,13500,0.0,0.0
2024-04-24 00:00:00+09:00,900.9428501213175,902.9142786773816,895.028564453125,895.028564453125,6300,0.0,0.0
2024-04-25 00:00:00+09:00,890.099987600732,892.0714161446982,873.3428449770195,876.2999877929688,19900,0.0,0.0
2024-04-26 00:00:00+09:00,888.1285412128155,888.1285412128155,870.3856846736028,871.3713989257812,61800,0.0,0.0
2024-04-30 00:00:00+09:00,873.3428297360033,894.0428290864052,873.3428297360033,889.1142578125,14300,0.0,0.0
2024-05-01 00:00:00+09:00,888.1285400390625,891.0856827916898,884.1856830355595,888.1285400390625,4400,0.0,0.0
2024-05-02 00:00:00+09:00,893.0570898983066,893.0570898983066,882.2142333984375,882.2142333984375,5400,0.0,0.0
2024-05-07 00:00:00+09:00,887.1428187352266,891.0856757073832,884.1856760061092,886.1571044921875,10300,0.0,0.0
2024-05-08 00:00:00+09:00,886.1571269679714,886.1571269679714,875.3142700195312,875.3142700195312,12400,0.0,0.0
2024-05-09 00:00:00+09:00,875.3142373221261,883.199951171875,875.3142373221261,883.199951171875,2600,0.0,0.0
2024-05-10 00:00:00+09:00,888.1285158101889,920.657085201683,777.7285227239057,779.699951171875,131100,0.0,0.0
2024-05-13 00:00:00+09:00,787.5856920878093,823.0714053733676,783.6428350560806,804.3428344726562,69600,0.0,0.0
2024-05-14 00:00:00+09:00,795.4713905363931,795.4713905363931,758.999963708826,765.8999633789062,99600,0.0,0.0
2024-05-15 00:00:00+09:00,774.7714079855679,787.585693359375,768.8571224284261,787.585693359375,47700,0.0,0.0
2024-05-16 00:00:00+09:00,787.5856910930247,788.5714053497119,765.8999774459077,769.8428344726562,32200,0.0,0.0
2024-05-17 00:00:00+09:00,769.8428519445522,777.7285661770187,766.8857091073772,774.7714233398438,10900,0.0,0.0
2024-05-20 00:00:00+09:00,765.8999727983846,785.6142578125,765.8999727983846,785.6142578125,16500,0.0,0.0
2024-05-21 00:00:00+09:00,786.5999507397677,795.4713787556298,779.699951171875,779.699951171875,10200,0.0,0.0
2024-05-22 00:00:00+09:00,779.6999518815861,779.6999518815861,762.9428100585938,762.9428100585938,14300,0.0,0.0
2024-05-23 00:00:00+09:00,764.9142687988281,788.5714111328125,752.0999833679199,788.5714111328125,39900,0.0,0.0
2024-05-24 00:00:00+09:00,785.614240087644,785.614240087644,775.757097802981,780.6856689453125,6100,0.0,0.0
2024-05-27 00:00:00+09:00,781.6714303263553,781.6714303263553,773.7857160229369,776.7428588867188,6600,0.0,0.0
2024-05-28 00:00:00+09:00,774.7714337831214,786.6000052912607,769.8428623213968,777.7285766601562,10100,0.0,0.0
2024-05-29 00:00:00+09:00,771.8142857142858,774.7714285714286,759.0,759.0,10600,0.0,0.0
2024-05-30 00:00:00+09:00,749.1428621821531,786.6000052912607,744.2142907204284,777.7285766601562,57400,0.0,0.0
2024-05-31 00:00:00+09:00,776.7428502977117,795.4714215612352,769.8428503585188,791.528564453125,26800,0.0,0.0
2024-06-03 00:00:00+09:00,784.6285458804639,806.3142594600747,784.6285458804639,803.3571166992188,13700,0.0,0.0
2024-06-04 00:00:00+09:00,801.3856705277054,811.2428128466195,797.4428136001399,798.4285278320312,39800,0.0,0.0
2024-06-05 00:00:00+09:00,797.4428100585938,798.4285242861075,788.5713820109704,797.4428100585938,11400,0.0,0.0
2024-06-06 00:00:00+09:00,797.4428216514348,797.4428216514348,778.7142510564073,783.642822265625,9900,0.0,0.0
2024-06-07 00:00:00+09:00,787.5857003696551,797.4428430526295,787.5857003696551,789.55712890625,5200,0.0,0.0
2024-06-10 00:00:00+09:00,789.5571171485573,808.2856879673121,789.5571171485573,803.3571166992188,8700,0.0,0.0
2024-06-11 00:00:00+09:00,803.3570989914882,807.2999559190538,798.4285278320312,798.4285278320312,3100,0.0,0.0
2024-06-12 00:00:00+09:00,803.3571237216235,806.3142665083288,799.414266672683,805.3285522460938,4100,0.0,0.0
2024-06-13 00:00:00+09:00,804.3428238872233,804.3428238872233,793.499967192665,801.3856811523438,4600,0.0,0.0
2024-06-14 00:00:00+09:00,799.4142653650517,824.0571218806205,798.428551104429,822.085693359375,16200,0.0,0.0
2024-06-17 00:00:00+09:00,812.2285498474655,812.2285498474655,787.585693359375,787.585693359375,10700,0.0,0.0
2024-06-18 00:00:00+09:00,788.5713959678659,819.1285375616208,788.5713959678659,801.3856811523438,23000,0.0,0.0
2024-06-19 00:00:00+09:00,801.3856662260706,816.1713796250757,800.3999519994703,814.199951171875,7700,0.0,0.0
2024-06-20 00:00:00+09:00,814.2000035742672,814.2000035742672,794.4857177734375,794.4857177734375,9000,0.0,0.0
2024-06-21 00:00:00+09:00,796.4571064164486,811.2428200256649,796.4571064164486,800.3999633789062,7300,0.0,0.0
2024-06-24 00:00:00+09:00,810.2571480760297,812.2285766601562,801.38571944746,812.2285766601562,3800,0.0,0.0
2024-06-25 00:00:00+09:00,807.2999982625029,810.2571411132812,805.3285696953172,810.2571411132812,4300,0.0,0.0
2024-06-26 00:00:00+09:00,810.2571200202493,812.2285485361137,800.3999774409276,804.3428344726562,9500,0.0,0.0
2024-06-27 00:00:00+09:00,801.3856916988598,808.285691504385,801.3856916988598,804.3428344726562,2900,0.0,0.0
2024-06-28 00:00:00+09:00,805.3285522460938,815.1856948684449,805.3285522460938,805.3285522460938,11600,0.0,0.0
2024-07-01 00:00:00+09:00,810.2571235572693,814.1999806062098,805.3285522460938,805.3285522460938,4700,0.0,0.0
2024-07-02 00:00:00+09:00,805.3285557530037,810.2571270856414,800.399984420366,806.3142700195312,12200,0.0,0.0
2024-07-03 00:00:00+09:00,806.3142559229595,812.2285414187269,802.3713989257812,802.3713989257812,5000,0.0,0.0
2024-07-04 00:00:00+09:00,808.2857055664062,810.2571341165682,806.3142770162442,808.2857055664062,1600,0.0,0.0
2024-07-05 00:00:00+09:00,806.3142381062172,806.3142381062172,796.4570958310801,797.4428100585938,9400,0.0,0.0
2024-07-08 00:00:00+09:00,798.428560861031,800.3999894063669,790.5428466796875,790.5428466796875,8200,0.0,0.0
2024-07-09 00:00:00+09:00,788.571382773043,792.5142396869081,778.7142404883799,780.6856689453125,13800,0.0,0.0
2024-07-10 00:00:00+09:00,780.6856618374209,782.6570902764042,776.7428049594541,778.7142333984375,15300,0.0,0.0
2024-07-11 00:00:00+09:00,781.6713796198444,783.6428080678137,777.7285227239057,779.699951171875,6500,0.0,0.0
2024-07-12 00:00:00+09:00,778.7142698792205,782.6571269419002,771.8142700195312,771.8142700195312,13900,0.0,0.0
2024-07-16 00:00:00+09:00,781.6713902547918,786.5999614417703,775.7571048304176,782.6571044921875,11000,0.0,0.0
2024-07-17 00:00:00+09:00,784.6285645139321,796.4571358382627,784.6285645139321,791.528564453125,6900,0.0,0.0
2024-07-18 00:00:00+09:00,783.6428536941756,795.4714250706915,783.6428536941756,792.5142822265625,3200,0.0,0.0
2024-07-19 00:00:00+09:00,791.5285609523554,794.4857037703592,790.5428466796875,790.5428466796875,3800,0.0,0.0
2024-07-22 00:00:00+09:00,792.514250442217,792.514250442217,776.7428225727201,783.642822265625,8700,0.0,0.0
2024-07-23 00:00:00+09:00,784.6285435617942,790.5428290660288,784.6285435617942,785.6142578125,3200,0.0,0.0
2024-07-24 00:00:00+09:00,786.5999543161103,789.5570970015092,780.6856689453125,780.6856689453125,4700,0.0,0.0
2024-07-25 00:00:00+09:00,772.7999594776901,777.7285306478284,764.9142456054688,764.9142456054688,15600,0.0,0.0
2024-07-26 00:00:00+09:00,783.6428340662762,789.557119606399,769.8428344726562,769.8428344726562,18300,0.0,0.0
2024-07-29 00:00:00+09:00,770.8285440519135,791.5285433167346,770.8285440519135,785.6142578125,21400,0.0,0.0
2024-07-30 00:00:00+09:00,784.6285641988119,789.5571355819702,757.028564453125,757.028564453125,73100,0.0,0.0
2024-07-31 00:00:00+09:00,763.9285558941721,782.6571269419002,760.9714130971623,771.8142700195312,14800,0.0,0.0
2024-08-01 00:00:00+09:00,775.7571067408512,775.7571067408512,749.142822265625,749.142822265625,10500,0.0,0.0
2024-08-02 00:00:00+09:00,739.2856927565587,758.9999778967335,694.9285511911651,718.585693359375,59100,0.0,0.0
2024-08-05 00:00:00+09:00,689.0142383760618,689.0142383760618,593.3999592308859,609.17138671875,64800,0.0,0.0
2024-08-06 00:00:00+09:00,626.9142443301073,668.3142415971898,626.9142443301073,660.4285278320312,30400,0.0,0.0
2024-08-07 00:00:00+09:00,650.571398590132,686.0571112405029,649.585684349844,681.1285400390625,12500,0.0,0.0
2024-08-08 00:00:00+09:00,674.2285484900842,680.142834003155,662.3999774639424,666.3428344726562,13000,0.0,0.0
2024-08-09 00:00:00+09:00,670.2856714020735,699.8570980815767,616.0713891563175,626.9142456054688,32700,0.0,0.0
2024-08-13 00:00:00+09:00,625.9285819248,634.8000106449941,623.9571533203125,623.9571533203125,28700,0.0,0.0
2024-08-14 00:00:00+09:00,629.8714321033701,629.8714321033701,616.071432025988,621.9857177734375,23000,0.0,0.0
2024-08-15 00:00:00+09:00,625.9285341781944,670.2856743955467,625.9285341781944,644.6571044921875,36900,0.0,0.0
2024-08-16 00:00:00+09:00,652.5428210667201,689.9999618530273,652.5428210667201,662.3999633789062,25200,0.0,0.0
2024-08-19 00:00:00+09:00,663.3857036486853,664.3714179185943,650.5714181398697,652.5428466796875,10800,0.0,0.0
2024-08-20 00:00:00+09:00,655.5,667.3285714285714,652.5428571428572,655.5,6300,0.0,0.0
2024-08-21 00:00:00+09:00,655.5,657.4714285714286,654.5142857142857,655.5,7800,0.0,0.0
2024-08-22 00:00:00+09:00,655.5000034824865,660.4285749372419,653.5285749005842,656.4857177734375,5800,0.0,0.0
2024-08-23 00:00:00+09:00,660.4285819230679,660.4285819230679,651.5571532106685,658.4571533203125,4700,0.0,0.0
2024-08-26 00:00:00+09:00,678.1714126451881,678.1714126451881,655.4999846061773,668.3142700195312,9600,0.0,0.0
2024-08-27 00:00:00+09:00,668.3142874453812,673.2428588867188,663.3857160040435,673.2428588867188,4400,0.0,0.0
2024-08-28 00:00:00+09:00,668.3142735252324,676.1999876671231,666.3428449897598,669.2999877929688,5600,0.0,0.0
2024-08-29 00:00:00+09:00,667.3285662277154,680.1428518421325,662.399994837555,671.2714233398438,10200,0.0,0.0
2024-08-30 00:00:00+09:00,675.2142433545268,698.8713847275321,675.2142433545268,694.9285278320312,21100,0.0,0.0
2024-09-02 00:00:00+09:00,695.914271562949,695.914271562949,685.0714146405801,686.05712890625,5300,0.0,0.0
2024-09-03 00:00:00+09:00,686.0571463199893,700.8428606803338,686.0571463199893,690.9857177734375,11100,0.0,0.0
2024-09-04 00:00:00+09:00,672.2571376178759,681.1285661201646,671.2714233398438,671.2714233398438,6700,0.0,0.0
2024-09-05 00:00:00+09:00,673.242844863914,679.157130470332,666.3428449897598,669.2999877929688,6400,0.0,0.0
2024-09-06 00:00:00+09:00,670.2856914813702,672.2571199857272,665.3571202204778,666.3428344726562,3800,0.0,0.0
2024-09-09 00:00:00+09:00,660.4285593833417,670.285702060705,656.4857023123965,669.2999877929688,7000,0.0,0.0
2024-09-10 00:00:00+09:00,667.328527376545,671.2713842591243,658.4570993907416,660.4285278320312,4200,0.0,0.0
2024-09-11 00:00:00+09:00,656.4857212507028,664.3714356200805,652.5428640660139,657.471435546875,7300,0.0,0.0
2024-09-12 00:00:00+09:00,659.442827717133,665.3571131675109,659.442827717133,664.3713989257812,8200,0.0,0.0
2024-09-13 00:00:00+09:00,672.2571305961777,675.2142733993867,669.2999877929688,669.2999877929688,10100,0.0,0.0
2024-09-17 00:00:00+09:00,669.2999594129856,670.2856736389251,661.4142456054688,661.4142456054688,4800,0.0,0.0
2024-09-18 00:00:00+09:00,663.3856952165747,674.228552047752,661.4142667018152,667.3285522460938,7700,0.0,0.0
2024-09-19 00:00:00+09:00,669.2999877929688,671.2714163284414,666.3428449897598,669.2999877929688,7200,0.0,0.0
2024-09-20 00:00:00+09:00,682.1142471822841,682.1142471822841,676.1999618020909,679.1571044921875,2000,0.0,0.0
2024-09-24 00:00:00+09:00,685.0714374180258,685.0714374180258,674.2285801351505,675.2142944335938,7200,0.0,0.0
2024-09-25 00:00:00+09:00,677.1856795601224,680.142822265625,675.2142510897871,680.142822265625,4200,0.0,0.0
2024-09-26 00:00:00+09:00,690.0,690.9857142857143,681.1285714285715,690.0,12800,0.0,0.0
2024-09-27 00:00:00+09:00,690.0,693.0,683.0,686.0,2600,10.0,0.0
2024-09-30 00:00:00+09:00,676.0,698.0,672.0,688.0,9400,0.0,0.0
2024-10-01 00:00:00+09:00,688.0,695.0,682.0,689.0,4200,0.0,0.0
2024-10-02 00:00:00+09:00,689.0,689.0,682.0,686.0,2100,0.0,0.0
2024-10-03 00:00:00+09:00,687.0,691.0,685.0,686.0,4200,0.0,0.0
2024-10-04 00:00:00+09:00,689.0,707.0,689.0,703.0,13100,0.0,0.0
2024-10-07 00:00:00+09:00,710.0,711.0,702.0,706.0,3700,0.0,0.0
2024-10-08 00:00:00+09:00,702.0,706.0,698.0,699.0,2900,0.0,0.0
2024-10-09 00:00:00+09:00,699.0,700.0,684.0,698.0,16000,0.0,0.0
2024-10-10 00:00:00+09:00,698.0,699.0,689.0,695.0,8900,0.0,0.0
2024-10-11 00:00:00+09:00,693.0,697.0,687.0,692.0,6900,0.0,0.0
2024-10-15 00:00:00+09:00,695.0,699.0,691.0,691.0,8200,0.0,0.0
2024-10-16 00:00:00+09:00,690.0,703.0,689.0,693.0,8400,0.0,0.0
2024-10-17 00:00:00+09:00,691.0,700.0,690.0,700.0,10200,0.0,0.0
2024-10-18 00:00:00+09:00,700.0,700.0,693.0,693.0,2000,0.0,0.0
2024-10-21 00:00:00+09:00,694.0,699.0,694.0,697.0,5200,0.0,0.0
2024-10-22 00:00:00+09:00,693.0,693.0,686.0,686.0,3600,0.0,0.0
2024-10-23 00:00:00+09:00,688.0,688.0,675.0,677.0,5100,0.0,0.0
2024-10-24 00:00:00+09:00,675.0,680.0,673.0,676.0,8300,0.0,0.0
2024-10-25 00:00:00+09:00,678.0,678.0,663.0,663.0,10200,0.0,0.0
2024-10-28 00:00:00+09:00,665.0,670.0,660.0,669.0,12500,0.0,0.0
2024-10-29 00:00:00+09:00,669.0,670.0,664.0,669.0,7000,0.0,0.0
2024-10-30 00:00:00+09:00,667.0,671.0,649.0,649.0,70900,0.0,0.0
2024-10-31 00:00:00+09:00,652.0,660.0,651.0,660.0,12900,0.0,0.0
2024-11-01 00:00:00+09:00,657.0,663.0,653.0,663.0,7900,0.0,0.0
2024-11-05 00:00:00+09:00,663.0,674.0,661.0,674.0,9600,0.0,0.0
2024-11-06 00:00:00+09:00,675.0,677.0,663.0,675.0,2700,0.0,0.0
2024-11-07 00:00:00+09:00,670.0,688.0,670.0,674.0,15900,0.0,0.0
2024-11-08 00:00:00+09:00,684.0,685.0,673.0,681.0,8200,0.0,0.0
2024-11-11 00:00:00+09:00,680.0,680.0,677.0,680.0,1100,0.0,0.0
2024-11-12 00:00:00+09:00,680.0,682.0,676.0,680.0,3000,0.0,0.0
2024-11-13 00:00:00+09:00,680.0,683.0,675.0,675.0,2300,0.0,0.0
2024-11-14 00:00:00+09:00,675.0,680.0,670.0,676.0,9100,0.0,0.0
2024-11-15 00:00:00+09:00,679.0,680.0,671.0,676.0,157400,0.0,0.0
2024-11-18 00:00:00+09:00,670.0,674.0,667.0,667.0,4600,0.0,0.0
2024-11-19 00:00:00+09:00,670.0,675.0,669.0,670.0,1700,0.0,0.0
2024-11-20 00:00:00+09:00,670.0,670.0,667.0,667.0,5500,0.0,0.0
2024-11-21 00:00:00+09:00,667.0,675.0,663.0,671.0,13100,0.0,0.0
2024-11-22 00:00:00+09:00,675.0,680.0,675.0,675.0,4900,0.0,0.0
2024-11-25 00:00:00+09:00,675.0,684.0,675.0,678.0,6600,0.0,0.0
2024-11-26 00:00:00+09:00,682.0,683.0,671.0,671.0,5200,0.0,0.0
2024-11-27 00:00:00+09:00,668.0,680.0,666.0,669.0,11900,0.0,0.0
2024-11-28 00:00:00+09:00,666.0,676.0,665.0,668.0,11600,0.0,0.0
2024-11-29 00:00:00+09:00,667.0,673.0,667.0,668.0,13600,0.0,0.0
2024-12-02 00:00:00+09:00,671.0,678.0,669.0,671.0,4300,0.0,0.0
2024-12-03 00:00:00+09:00,669.0,674.0,669.0,674.0,3500,0.0,0.0
2024-12-04 00:00:00+09:00,671.0,675.0,668.0,668.0,8400,0.0,0.0
2024-12-05 00:00:00+09:00,669.0,688.0,669.0,680.0,15900,0.0,0.0
2024-12-06 00:00:00+09:00,677.0,684.0,676.0,676.0,28300,0.0,0.0
2024-12-09 00:00:00+09:00,676.0,680.0,673.0,677.0,2300,0.0,0.0
2024-12-10 00:00:00+09:00,680.0,680.0,677.0,680.0,1800,0.0,0.0
2024-12-11 00:00:00+09:00,677.0,687.0,677.0,678.0,9000,0.0,0.0
2024-12-12 00:00:00+09:00,685.0,685.0,680.0,683.0,5900,0.0,0.0
2024-12-13 00:00:00+09:00,680.0,685.0,679.0,680.0,8300,0.0,0.0
2024-12-16 00:00:00+09:00,683.0,684.0,680.0,680.0,4400,0.0,0.0
2024-12-17 00:00:00+09:00,675.0,683.0,675.0,675.0,15700,0.0,0.0
2024-12-18 00:00:00+09:00,675.0,681.0,675.0,677.0,7500,0.0,0.0
2024-12-19 00:00:00+09:00,673.0,675.0,671.0,673.0,9800,0.0,0.0
2024-12-20 00:00:00+09:00,670.0,672.0,651.0,661.0,15300,0.0,0.0
2024-12-23 00:00:00+09:00,661.0,670.0,660.0,667.0,13700,0.0,0.0
2024-12-24 00:00:00+09:00,667.0,673.0,666.0,671.0,11700,0.0,0.0
2024-12-25 00:00:00+09:00,670.0,670.0,669.0,670.0,3300,0.0,0.0
2024-12-26 00:00:00+09:00,674.0,676.0,666.0,673.0,13700,0.0,0.0
2024-12-27 00:00:00+09:00,671.0,679.0,671.0,676.0,4800,0.0,0.0
2024-12-30 00:00:00+09:00,675.0,683.0,675.0,680.0,3200,0.0,0.0
2025-01-06 00:00:00+09:00,685.0,688.0,680.0,680.0,4200,0.0,0.0
2025-01-07 00:00:00+09:00,681.0,687.0,681.0,683.0,2400,0.0,0.0
2025-01-08 00:00:00+09:00,683.0,715.0,683.0,691.0,13700,0.0,0.0
2025-01-09 00:00:00+09:00,690.0,693.0,681.0,685.0,5800,0.0,0.0
2025-01-10 00:00:00+09:00,683.0,692.0,680.0,687.0,5200,0.0,0.0
2025-01-14 00:00:00+09:00,684.0,695.0,679.0,693.0,8900,0.0,0.0
2025-01-15 00:00:00+09:00,683.0,685.0,680.0,680.0,10400,0.0,0.0
2025-01-16 00:00:00+09:00,675.0,680.0,674.0,674.0,11500,0.0,0.0
2025-01-17 00:00:00+09:00,675.0,676.0,670.0,670.0,8200,0.0,0.0
2025-01-20 00:00:00+09:00,671.0,678.0,671.0,671.0,5100,0.0,0.0
2025-01-21 00:00:00+09:00,671.0,679.0,671.0,674.0,5100,0.0,0.0
2025-01-22 00:00:00+09:00,675.0,677.0,672.0,672.0,5900,0.0,0.0
2025-01-23 00:00:00+09:00,672.0,679.0,672.0,676.0,4500,0.0,0.0
2025-01-24 00:00:00+09:00,679.0,680.0,673.0,677.0,8600,0.0,0.0
2025-01-27 00:00:00+09:00,678.0,680.0,675.0,675.0,5200,0.0,0.0
2025-01-28 00:00:00+09:00,676.0,687.0,676.0,683.0,6200,0.0,0.0
2025-01-29 00:00:00+09:00,680.0,681.0,678.0,678.0,5700,0.0,0.0
2025-01-30 00:00:00+09:00,674.0,678.0,655.0,655.0,91500,0.0,0.0
2025-01-31 00:00:00+09:00,669.0,671.0,661.0,669.0,51800,0.0,0.0
2025-02-03 00:00:00+09:00,670.0,670.0,666.0,667.0,9100,0.0,0.0
2025-02-04 00:00:00+09:00,668.0,670.0,668.0,668.0,900,0.0,0.0
2025-02-05 00:00:00+09:00,668.0,670.0,666.0,667.0,3500,0.0,0.0
2025-02-06 00:00:00+09:00,670.0,678.0,669.0,675.0,16600,0.0,0.0
2025-02-07 00:00:00+09:00,675.0,677.0,671.0,677.0,5500,0.0,0.0
2025-02-10 00:00:00+09:00,675.0,677.0,672.0,672.0,3800,0.0,0.0
2025-02-12 00:00:00+09:00,676.0,676.0,674.0,674.0,1300,0.0,0.0
2025-02-13 00:00:00+09:00,674.0,677.0,674.0,677.0,2600,0.0,0.0
2025-02-14 00:00:00+09:00,676.0,678.0,676.0,677.0,3200,0.0,0.0
