Date,Open,High,Low,Close,Volume,Dividends,Stock Splits
2016-01-15 00:00:00+08:00,46.261985778808594,47.12217982204795,42.83834427880989,46.261985778808594,39266,0.0,0.0
2016-01-18 00:00:00+08:00,55.17578887939453,55.51849349503863,44.38052656518065,55.17578887939453,181350,0.0,0.0
2016-01-19 00:00:00+08:00,54.833072662353516,58.25671660354593,53.8049533515972,54.833072662353516,152395,0.0,0.0
2016-01-20 00:00:00+08:00,47.862430572509766,54.1476746482213,47.862430572509766,47.862430572509766,111710,0.0,0.0
2016-01-21 00:00:00+08:00,49.86383819580078,50.035190518466734,47.97895149290357,49.86383819580078,75334,0.0,0.0
2016-01-22 00:00:00+08:00,51.23124313354492,52.08801040604326,49.69249065133095,51.23124313354492,121807,0.0,0.0
2016-01-25 00:00:00+08:00,48.15715408325195,51.402586685144584,47.639667430651535,48.15715408325195,116970,0.0,0.0
2016-01-26 00:00:00+08:00,49.00707244873047,49.17500062981651,47.63967239687766,49.00707244873047,28282,0.0,0.0
2016-01-27 00:00:00+08:00,49.349769592285156,49.521127470699156,47.296960542058414,49.349769592285156,148023,0.0,0.0
2016-01-28 00:00:00+08:00,52.43413162231445,52.605483918366744,48.66435880202417,52.43413162231445,120722,0.0,0.0
2016-01-29 00:00:00+08:00,55.17236328124999,55.17236328124999,51.4060196434524,55.17236328125,179328,0.0,0.0
2016-02-01 00:00:00+08:00,53.11955642700195,53.804965740806324,52.094861026149616,53.11955642700195,36259,0.0,0.0
2016-02-02 00:00:00+08:00,54.493804931640625,55.172360307849075,52.77684094100223,54.493804931640625,79344,0.0,0.0
2016-02-03 00:00:00+08:00,55.141517639160156,55.17578698419039,52.77683802672575,55.141517639160156,100792,0.0,0.0
2016-02-15 00:00:00+08:00,55.141517639160156,55.141517639160156,55.141517639160156,55.141517639160156,0,0.0,0.0
2016-02-16 00:00:00+08:00,55.8612060546875,56.20391068485433,55.172361494409444,55.8612060546875,135336,0.0,0.0
2016-02-17 00:00:00+08:00,66.79011535644531,68.54134855562333,56.546609630577095,66.79011535644531,477143,0.0,0.0
2016-02-18 00:00:00+08:00,65.11770629882812,68.88404922113911,64.77157200004706,65.11770629882812,458725,0.0,0.0
2016-02-19 00:00:00+08:00,63.058048248291016,67.17052613998861,62.37263340741286,63.058048248291016,59081,0.0,0.0
2016-02-22 00:00:00+08:00,66.14240264892578,67.17052205939213,59.288271386888425,66.14240264892578,104089,0.0,0.0
2016-02-23 00:00:00+08:00,66.14240264892578,69.98414409406463,64.77500277341635,66.14240264892578,137678,0.0,0.0
2016-02-24 00:00:00+08:00,65.45699310302734,66.82782281152383,62.02992998535767,65.45699310302734,107391,0.0,0.0
2016-02-25 00:00:00+08:00,66.13899230957031,66.48512671602374,65.11429683137784,66.13899230957031,36472,0.0,0.0
2016-02-26 00:00:00+08:00,64.42887115478516,65.7997008110419,63.743456326656776,64.42887115478516,11091,0.0,0.0
2016-03-01 00:00:00+08:00,65.1142807006836,65.79284160432344,64.42886592815775,65.1142807006836,18236,0.0,0.0
2016-03-02 00:00:00+08:00,63.126590728759766,65.79970598005914,63.058052028955515,63.126590728759766,80229,0.0,0.0
2016-03-03 00:00:00+08:00,64.77157592773438,64.908658881869,64.15469984573599,64.77157592773438,17063,0.0,0.0
2016-03-04 00:00:00+08:00,64.77157592773438,64.77157592773438,64.77157592773438,64.77157592773438,4265,0.0,0.0
2016-03-07 00:00:00+08:00,64.46656799316406,64.49741319297794,64.46656799316406,64.46656799316406,6398,0.0,0.0
2016-03-08 00:00:00+08:00,64.08616638183594,64.42887100671977,63.74345618016657,64.08616638183594,31140,0.0,0.0
2016-03-09 00:00:00+08:00,65.12456512451172,67.51323047875843,63.74345197009177,65.12456512451172,26767,0.0,0.0
2016-03-10 00:00:00+08:00,65.12456512451172,65.12456512451172,65.12456512451172,65.12456512451172,0,0.0,0.0
2016-03-11 00:00:00+08:00,66.14240264892578,67.17052205939213,64.77500277341635,66.14240264892578,55882,0.0,0.0
2016-03-14 00:00:00+08:00,66.48511505126953,68.54135394068662,66.14240485184301,66.48511505126953,42807,0.0,0.0
2016-03-15 00:00:00+08:00,65.45699310302734,67.8559423045033,64.08959311777534,65.45699310302734,58014,0.0,0.0
2016-03-16 00:00:00+08:00,65.45699310302734,67.8559423045033,65.45699310302734,65.45699310302734,63923,0.0,0.0
2016-03-17 00:00:00+08:00,65.11770629882812,68.19864006881359,65.11770629882812,65.11770629882812,44897,0.0,0.0
2016-03-18 00:00:00+08:00,65.49126434326172,67.32816824178789,65.49126434326172,65.49126434326172,6654,0.0,0.0
2016-03-21 00:00:00+08:00,70.2548828125,70.2548828125,65.46041472606959,70.2548828125,193880,0.0,0.0
2016-03-22 00:00:00+08:00,67.8525161743164,70.25145972887137,65.46042091247865,67.8525161743164,73629,0.0,0.0
2016-03-23 00:00:00+08:00,66.48511505126953,69.2233390396707,65.15540862342287,66.48511505126953,200260,0.0,0.0
2016-03-24 00:00:00+08:00,66.31719207763672,67.85594443046423,66.31719207763672,66.31719207763672,44897,0.0,0.0
2016-03-25 00:00:00+08:00,67.87307739257812,68.19865013405392,66.31375795661879,67.87307739257812,43191,0.0,0.0
2016-03-28 00:00:00+08:00,68.71269989013672,68.88405218559231,66.48853304162496,68.71269989013672,22815,0.0,0.0
2016-03-29 00:00:00+08:00,66.82782745361328,67.8525228713129,66.4851227910766,66.82782745361328,31161,0.0,0.0
2016-03-30 00:00:00+08:00,66.48511505126953,66.82781967391054,66.48511505126953,66.48511505126953,3199,0.0,0.0
2016-03-31 00:00:00+08:00,68.19864654541016,68.19864654541016,66.4851123482983,68.19864654541016,38605,0.0,0.0
2016-04-01 00:00:00+08:00,68.19864654541016,68.88405576282668,66.82781695700656,68.19864654541016,24858,0.0,0.0
2016-04-06 00:00:00+08:00,69.56947326660156,69.56947326660156,67.85593900275144,69.56947326660156,39757,0.0,0.0
2016-04-07 00:00:00+08:00,74.36736297607422,74.36736297607422,69.56947056938033,74.36736297607422,107961,0.0,0.0
2016-04-08 00:00:00+08:00,77.44830322265625,77.44830322265625,73.33924942837882,77.44830322265625,123153,0.0,0.0
2016-04-11 00:00:00+08:00,77.45172119140625,79.85067001060094,77.10901103050136,77.45172119140625,116179,0.0,0.0
2016-04-12 00:00:00+08:00,78.13714599609375,78.82255525257587,77.10902095779939,78.13714599609375,53964,0.0,0.0
2016-04-13 00:00:00+08:00,78.82255554199219,80.53608984306032,77.52027014239466,78.82255554199219,12840,0.0,0.0
2016-04-14 00:00:00+08:00,81.564208984375,81.564208984375,79.50796462578066,81.564208984375,33465,0.0,0.0
2016-04-15 00:00:00+08:00,89.10718536376953,89.10718536376953,80.65603575837056,89.10718536376953,72284,0.0,0.0
2016-04-18 00:00:00+08:00,90.81387329101562,92.53083745447586,83.65815967083644,90.81387329101562,191489,0.0,0.0
2016-04-19 00:00:00+08:00,88.07563781738281,88.41834243106231,87.04751839955894,88.07563781738281,63688,0.0,0.0
2016-04-20 00:00:00+08:00,85.37168884277344,87.72950923144451,84.99127955836782,85.37168884277344,53674,0.0,0.0
2016-04-21 00:00:00+08:00,90.81729888916016,92.87353789307912,87.38680044149692,90.81729888916016,90486,0.0,0.0
2016-04-22 00:00:00+08:00,95.95789337158203,97.67142758013065,92.18811476670386,95.95789337158203,133041,0.0,0.0
2016-04-25 00:00:00+08:00,93.55895233154297,96.63988667704369,91.84541797707331,93.55895233154297,46145,0.0,0.0
2016-04-26 00:00:00+08:00,93.18196868896484,94.24436306525357,90.47458430428641,93.18196868896484,44569,0.0,0.0
2016-04-27 00:00:00+08:00,92.53083038330078,93.2128154991227,90.51228493725188,92.53083038330078,85689,0.0,0.0
2016-04-28 00:00:00+08:00,90.81387329101562,92.53083745447586,88.58970601169243,90.81387329101562,68941,0.0,0.0
2016-04-29 00:00:00+08:00,93.55895233154297,93.55895233154297,84.64857591901506,93.55895233154297,75186,0.0,0.0
2016-05-03 00:00:00+08:00,90.81729888916016,95.95790197574337,86.29356638839548,90.81729888916016,57210,0.0,0.0
2016-05-04 00:00:00+08:00,90.81729888916016,92.53083325135457,89.7926035336893,90.81729888916016,31682,0.0,0.0
2016-05-05 00:00:00+08:00,89.10374450683594,90.13186377779411,85.68010627495615,89.10374450683594,71784,0.0,0.0
2016-05-06 00:00:00+08:00,91.15656280517578,91.15656280517578,91.15656280517578,91.15656280517578,319,0.0,0.0
2016-05-09 00:00:00+08:00,89.10374450683594,89.10374450683594,86.74249488702986,89.10374450683594,34179,0.0,0.0
2016-05-10 00:00:00+08:00,89.10374450683594,90.47114419679937,84.64855728149413,89.10374450683594,44217,0.0,0.0
2016-05-11 00:00:00+08:00,87.04751586914062,89.10375464501476,87.04751586914062,87.04751586914062,9713,0.0,0.0
2016-05-12 00:00:00+08:00,87.04751586914062,87.04751586914062,85.67668630070108,87.04751586914062,30767,0.0,0.0
2016-05-13 00:00:00+08:00,86.70479583740234,87.39021054374659,86.0330944442911,86.70479583740234,21723,0.0,0.0
2016-05-16 00:00:00+08:00,86.70479583740234,89.10374452121492,85.67667656627826,86.70479583740234,8753,0.0,0.0
2016-05-17 00:00:00+08:00,87.7329330444336,89.10033301416561,87.7329330444336,87.7329330444336,4265,0.0,0.0
2016-05-18 00:00:00+08:00,89.10032653808594,89.10032653808594,89.10032653808594,89.10032653808594,38,0.0,0.0
2016-05-19 00:00:00+08:00,88.41835021972656,89.1003353609524,86.0194065590793,88.41835021972656,22346,0.0,0.0
2016-05-20 00:00:00+08:00,87.39022064208984,88.7541963441678,85.68011618951545,87.39022064208984,24323,0.0,0.0
2016-05-23 00:00:00+08:00,89.10374450683594,89.10374450683594,84.99126184621868,89.10374450683594,39352,0.0,0.0
2016-05-24 00:00:00+08:00,93.55895233154297,95.59462971699575,87.73293441098897,93.55895233154297,66828,0.0,0.0
2016-05-25 00:00:00+08:00,99.72767639160156,100.06695689040879,94.87494693755805,99.72767639160156,126562,0.0,0.0
2016-05-26 00:00:00+08:00,93.55895233154297,101.00597457678954,92.87696719765691,93.55895233154297,48303,0.0,0.0
2016-05-27 00:00:00+08:00,93.90164947509766,94.92976325249786,93.21623471337917,93.90164947509766,12370,0.0,0.0
2016-05-30 00:00:00+08:00,95.58092498779297,95.61519991431902,94.24437015685557,95.58092498779297,29988,0.0,0.0
2016-05-31 00:00:00+08:00,95.95789337158203,97.67142758013065,95.61518876058643,95.95789337158203,11730,0.0,0.0
2016-06-01 00:00:00+08:00,99.38497161865234,99.38497161865234,95.95790286259043,99.38497161865234,47135,0.0,0.0
2016-06-02 00:00:00+08:00,95.61518859863281,96.64330242987819,94.75841591902439,95.61518859863281,17602,0.0,0.0
2016-06-03 00:00:00+08:00,94.96405029296875,95.61519579390009,94.93321066792464,94.96405029296875,20283,0.0,0.0
2016-06-06 00:00:00+08:00,94.2443618774414,94.2443618774414,92.873532240406,94.2443618774414,4276,0.0,0.0
2016-06-07 00:00:00+08:00,94.2443618774414,94.2443618774414,94.2443618774414,94.2443618774414,0,0.0,0.0
2016-06-08 00:00:00+08:00,97.9798583984375,98.01070917513947,95.96474277054729,97.9798583984375,4267,0.0,0.0
2016-06-13 00:00:00+08:00,102.12660217285156,103.8401362529209,97.67142025681314,102.12660217285156,154211,0.0,0.0
2016-06-14 00:00:00+08:00,102.81202697753906,103.49743617800881,100.41650776839872,102.81202697753906,10775,0.0,0.0
2016-06-15 00:00:00+08:00,99.38152313232422,100.41650752985895,99.38152313232422,99.38152313232422,15992,0.0,0.0
2016-06-16 00:00:00+08:00,100.75235748291016,101.09506209865565,100.07037239764821,100.75235748291016,1497,0.0,0.0
2016-06-17 00:00:00+08:00,99.38497161865234,101.09850599668331,96.98601679726596,99.38497161865234,58405,0.0,0.0
2016-06-20 00:00:00+08:00,99.38497161865234,99.38497161865234,96.30403165400254,99.38497161865234,17643,0.0,0.0
2016-06-21 00:00:00+08:00,99.04226684570312,99.72767613460061,95.99902595742624,99.04226684570312,12633,0.0,0.0
2016-06-22 00:00:00+08:00,99.04226684570312,101.09850586596731,97.67143711433644,99.04226684570312,82336,0.0,0.0
2016-06-23 00:00:00+08:00,99.04226684570312,99.38497149015187,97.33900490943522,99.04226684570312,4483,0.0,0.0
2016-06-24 00:00:00+08:00,95.95789337158203,99.38496178867929,93.55894436425689,95.95789337158203,121076,0.0,0.0
2016-06-27 00:00:00+08:00,98.01414489746094,98.01414489746094,95.27248534693226,98.01414489746094,11737,0.0,0.0
2016-06-28 00:00:00+08:00,97.66799926757812,97.67142341361364,95.95788927816182,97.66799926757812,30022,0.0,0.0
2016-06-29 00:00:00+08:00,97.66799926757812,97.66799926757812,97.66799926757812,97.66799926757812,428,0.0,0.0
2016-06-30 00:00:00+08:00,95.27246856689453,97.3287184444163,94.59048352278974,95.27246856689453,40194,0.0,0.0
2016-07-01 00:00:00+08:00,95.95789337158203,98.01070804494466,94.247783309215,95.95789337158203,33384,0.0,0.0
2016-07-04 00:00:00+08:00,96.643310546875,96.643310546875,95.95790126847776,96.643310546875,6616,0.0,0.0
2016-07-05 00:00:00+08:00,95.95447540283203,95.95789954923407,94.25121352317427,95.95447540283203,45151,0.0,0.0
2016-07-06 00:00:00+08:00,95.95789337158203,95.95789337158203,94.2443591630334,95.95789337158203,24129,0.0,0.0
2016-07-07 00:00:00+08:00,96.643310546875,97.32529567880887,95.27248083650898,96.643310546875,58415,0.0,0.0
2016-07-11 00:00:00+08:00,96.98259735107422,96.98602149776043,92.53083859109945,96.98259735107422,94617,0.0,0.0
2016-07-12 00:00:00+08:00,95.95789337158203,96.98258305838723,94.4157114685312,95.95789337158203,14345,0.0,0.0
2016-07-13 00:00:00+08:00,96.60560607910156,96.64330514880773,95.61861543490987,96.60560607910156,38082,0.0,0.0
2016-07-14 00:00:00+08:00,95.61518859863281,96.29717367328728,95.27247283464708,95.61518859863281,32742,0.0,0.0
2016-07-15 00:00:00+08:00,96.643310546875,97.66801147157904,95.78654894887845,96.643310546875,143653,0.0,0.0
2016-07-18 00:00:00+08:00,96.98600006103516,97.66799624018276,96.47194318240477,96.98600006103516,17788,0.0,0.0
2016-07-19 00:00:00+08:00,96.40341186523438,96.98600747483627,95.95789363898446,96.40341186523438,28049,0.0,0.0
2016-07-20 00:00:00+08:00,95.95789337158203,97.32528766938285,95.2724729960202,95.95789337158203,39138,0.0,0.0
2016-07-21 00:00:00+08:00,96.643310546875,96.643310546875,93.56237621019348,96.643310546875,114325,0.0,0.0
2016-07-22 00:00:00+08:00,96.98600006103516,97.32871580035855,95.65286963038366,96.98600006103516,11118,0.0,0.0
2016-07-25 00:00:00+08:00,100.07037353515625,100.40965400852932,95.64945494250239,100.07037353515625,67623,0.0,0.0
2016-07-26 00:00:00+08:00,102.43162536621094,104.18284747006878,100.41307448466208,102.43162536621094,242342,0.0,0.0
2016-07-27 00:00:00+08:00,104.25371551513672,105.79251293012794,101.94551370162058,104.25371551513672,127239,2.813067,1.1
2016-07-28 00:00:00+08:00,100.02201080322266,103.09960553215468,98.09851125212558,100.02201080322266,123791,0.0,0.0
2016-07-29 00:00:00+08:00,96.60202026367188,100.02199825772007,95.79029749966622,96.60202026367188,93733,0.0,0.0
2016-08-01 00:00:00+08:00,101.17225646972656,101.17225646972656,96.94440241586325,101.17225646972656,23463,0.0,0.0
2016-08-02 00:00:00+08:00,99.25260925292969,100.0181665122791,97.71381184469678,99.25260925292969,15318,0.0,0.0
2016-08-03 00:00:00+08:00,98.48320770263672,98.48320770263672,97.7176505096511,98.48320770263672,11634,0.0,0.0
2016-08-04 00:00:00+08:00,98.0985107421875,98.86791511145009,97.7253499645569,98.0985107421875,50627,0.0,0.0
2016-08-05 00:00:00+08:00,97.34449768066406,97.34449768066406,97.34449768066406,97.34449768066406,1,0.0,0.0
2016-08-08 00:00:00+08:00,97.71380615234375,97.71380615234375,97.32910397718184,97.71380615234375,30649,0.0,0.0
2016-08-09 00:00:00+08:00,96.95209503173828,96.95209503173828,96.95209503173828,96.95209503173828,1939,0.0,0.0
2016-08-10 00:00:00+08:00,85.78810119628906,96.94439522698649,85.78810119628906,85.78810119628906,385241,0.0,0.0
2016-08-11 00:00:00+08:00,84.24930572509766,86.55750744113568,73.93934640697039,84.24930572509766,346360,0.0,0.0
2016-08-12 00:00:00+08:00,88.48098754882812,89.25039174594333,82.71049021663102,88.48098754882812,239309,0.0,0.0
2016-08-15 00:00:00+08:00,76.55530548095703,89.63125822372635,75.05497383782144,76.55530548095703,432845,0.0,0.0
2016-08-16 00:00:00+08:00,84.24930572509766,85.03794576938341,76.17445254564433,84.24930572509766,159793,0.0,0.0
2016-08-17 00:00:00+08:00,84.55320739746094,84.63015010077346,82.71434508063204,84.55320739746094,40117,0.0,0.0
2016-08-18 00:00:00+08:00,84.59168243408203,84.98023172067943,82.71434868381687,84.59168243408203,30143,0.0,0.0
2016-08-19 00:00:00+08:00,82.59510040283203,84.5955369676787,81.94495723877532,82.59510040283203,32381,0.0,0.0
2016-08-22 00:00:00+08:00,82.32579803466797,82.32579803466797,81.17554442627475,82.32579803466797,5526,0.0,0.0
2016-08-23 00:00:00+08:00,81.556396484375,82.70665005114051,81.21016570470341,81.556396484375,10082,0.0,0.0
2016-08-24 00:00:00+08:00,82.51814270019531,82.70664662273839,81.5640873735955,82.51814270019531,3079,0.0,0.0
2016-08-25 00:00:00+08:00,82.3642807006836,83.4799102448906,81.56025777405378,82.3642807006836,15853,0.0,0.0
2016-08-26 00:00:00+08:00,83.47990417480469,83.47990417480469,83.09520769606779,83.47990417480469,11634,0.0,0.0
2016-08-29 00:00:00+08:00,83.86460876464844,84.21083958922303,82.7143550487054,83.86460876464844,12021,0.0,0.0
2016-08-30 00:00:00+08:00,84.05695343017578,84.24929881487836,83.47990020298228,84.05695343017578,15705,0.0,0.0
2016-08-31 00:00:00+08:00,83.47990417480469,83.86460634457046,82.5258487124556,83.47990417480469,16481,0.0,0.0
2016-09-01 00:00:00+08:00,83.09521484375,83.47991135557771,82.71051264089293,83.09521484375,5041,0.0,0.0
2016-09-02 00:00:00+08:00,80.40229034423828,82.52198767430107,80.40229034423828,80.40229034423828,11672,0.0,0.0
2016-09-05 00:00:00+08:00,82.17192840576172,82.17192840576172,81.28712133128258,82.17192840576172,12603,0.0,0.0
2016-09-06 00:00:00+08:00,81.556396484375,81.556396484375,80.78699791345387,81.556396484375,24237,0.0,0.0
2016-09-07 00:00:00+08:00,82.51814270019531,82.51814270019531,81.94109521868164,82.51814270019531,11634,0.0,0.0
2016-09-08 00:00:00+08:00,83.0528793334961,83.0951978191666,83.0528793334961,83.0528793334961,426,0.0,0.0
2016-09-09 00:00:00+08:00,83.05673217773438,83.05673217773438,81.17554560492792,83.05673217773438,4669,0.0,0.0
2016-09-12 00:00:00+08:00,83.86460876464844,84.2493052544865,82.71050791307616,83.86460876464844,62936,0.0,0.0
2016-09-13 00:00:00+08:00,83.86460876464844,84.63016029972437,82.7143550487054,83.86460876464844,57229,0.0,0.0
2016-09-14 00:00:00+08:00,83.86460876464844,83.86460876464844,82.7143550487054,83.86460876464844,21,0.0,0.0
2016-09-19 00:00:00+08:00,83.86460876464844,83.86460876464844,82.7143550487054,83.86460876464844,3492,0.0,0.0
2016-09-20 00:00:00+08:00,83.86460876464844,84.59553607906109,83.10675150083101,83.86460876464844,13828,0.0,0.0
2016-09-21 00:00:00+08:00,83.47990417480469,84.24930282330735,80.40615102528336,83.47990417480469,105392,0.0,0.0
2016-09-22 00:00:00+08:00,88.48098754882812,91.51626878133803,83.6722397719972,88.48098754882812,124561,0.0,0.0
2016-09-23 00:00:00+08:00,92.2895278930664,92.32799355334248,88.90416848987564,92.2895278930664,257835,0.0,0.0
2016-09-26 00:00:00+08:00,92.48188018798828,92.71269691682635,90.44296683409122,92.48188018798828,165255,0.0,0.0
2016-09-27 00:00:00+08:00,92.48188018798828,92.48188018798828,92.48188018798828,92.48188018798828,0,0.0,0.0
2016-09-28 00:00:00+08:00,92.48188018798828,92.48188018798828,92.48188018798828,92.48188018798828,0,0.0,0.0
2016-09-29 00:00:00+08:00,90.67379760742188,92.32800328658554,89.6351051588743,90.67379760742188,96610,0.0,0.0
2016-09-30 00:00:00+08:00,88.86570739746094,90.71226987193168,86.17280355173158,88.86570739746094,68929,0.0,0.0
2016-10-03 00:00:00+08:00,89.16960906982422,89.63509534563256,87.71159608056206,89.16960906982422,64382,0.0,0.0
2016-10-04 00:00:00+08:00,88.48098754882812,89.55815114837829,88.48098754882812,88.48098754882812,45779,0.0,0.0
2016-10-05 00:00:00+08:00,87.51924896240234,88.75029241745881,87.37691064776375,87.51924896240234,23353,0.0,0.0
2016-10-06 00:00:00+08:00,89.24654388427734,89.63509313925339,88.09629604148599,89.24654388427734,270601,0.0,0.0
2016-10-07 00:00:00+08:00,88.48098754882812,88.86568964738572,86.56133557290188,88.48098754882812,32891,0.0,0.0
2016-10-11 00:00:00+08:00,87.51924896240234,88.48099863830629,86.5613464217867,87.51924896240234,60506,0.0,0.0
2016-10-12 00:00:00+08:00,86.86141967773438,86.94220952630903,86.17280516114285,86.86141967773438,13574,0.0,0.0
2016-10-13 00:00:00+08:00,85.78810119628906,86.55365266808992,84.63784757541785,85.78810119628906,36451,0.0,0.0
2016-10-14 00:00:00+08:00,80.40229034423828,86.5536427424691,80.02144106518202,80.40229034423828,114628,0.0,0.0
2016-10-17 00:00:00+08:00,80.7870101928711,81.55640888073884,78.86351062768716,80.7870101928711,89989,0.0,0.0
2016-10-18 00:00:00+08:00,76.94000244140625,81.17169759603362,75.78974882869059,76.94000244140625,161385,0.0,0.0
2016-10-19 00:00:00+08:00,76.05903625488281,76.94000177211224,76.05903625488281,76.05903625488281,59818,0.0,0.0
2016-10-20 00:00:00+08:00,82.71050262451172,83.86460340229004,76.94000442664881,82.71050262451172,125505,0.0,0.0
2016-10-21 00:00:00+08:00,86.55750274658203,86.55750274658203,81.17170093160863,86.55750274658203,85860,0.0,0.0
2016-10-24 00:00:00+08:00,83.86460876464844,86.90373778220567,83.86460876464844,83.86460876464844,39063,0.0,0.0
2016-10-25 00:00:00+08:00,83.47990417480469,84.98023580765654,82.47968308623678,83.47990417480469,27846,0.0,0.0
2016-10-26 00:00:00+08:00,84.24930572509766,85.78426163048195,83.09905769375844,84.24930572509766,39109,0.0,0.0
2016-10-27 00:00:00+08:00,84.05695343017578,84.6301538310055,83.47990020298228,84.05695343017578,12047,0.0,0.0
2016-10-28 00:00:00+08:00,88.74644470214844,88.74644470214844,83.4837457750618,88.74644470214844,65881,0.0,0.0
2016-10-31 00:00:00+08:00,88.74644470214844,89.63125166650353,86.55749872078266,88.74644470214844,76906,0.0,0.0
2016-11-01 00:00:00+08:00,86.17279815673828,89.50815067048813,86.17279815673828,86.17279815673828,58210,0.0,0.0
2016-11-02 00:00:00+08:00,83.86460876464844,84.63400743535361,83.86460876464844,83.86460876464844,22209,0.0,0.0
2016-11-03 00:00:00+08:00,84.94176483154297,86.16896123013447,83.8646067188322,84.94176483154297,30269,0.0,0.0
2016-11-04 00:00:00+08:00,82.71050262451172,84.24929986753037,82.36427182207537,82.71050262451172,57208,0.0,0.0
2016-11-07 00:00:00+08:00,84.59552764892578,84.63399900138454,81.99110814392317,84.59552764892578,23500,0.0,0.0
2016-11-08 00:00:00+08:00,84.24930572509766,85.01486295547896,83.47221277879318,84.24930572509766,25928,0.0,0.0
2016-11-09 00:00:00+08:00,81.556396484375,86.17279360093005,80.05991213793789,81.556396484375,91639,0.0,0.0
2016-11-10 00:00:00+08:00,83.09521484375,84.595540914628,82.01805095216193,83.09521484375,40728,0.0,0.0
2016-11-11 00:00:00+08:00,81.556396484375,83.46835435180101,81.556396484375,81.556396484375,17993,0.0,0.0
2016-11-14 00:00:00+08:00,81.36404418945312,82.71049593649104,80.79084382781089,81.36404418945312,55785,0.0,0.0
2016-11-15 00:00:00+08:00,81.17169952392578,81.17169952392578,81.17169952392578,81.17169952392578,46,0.0,0.0
2016-11-16 00:00:00+08:00,80.79470825195312,83.09521584300306,80.79470825195312,80.79470825195312,7759,0.0,0.0
2016-11-17 00:00:00+08:00,80.79470825195312,80.79470825195312,80.79470825195312,80.79470825195312,0,0.0,0.0
2016-11-18 00:00:00+08:00,83.09521484375,83.09521484375,81.17555665634315,83.09521484375,31613,0.0,0.0
2016-11-21 00:00:00+08:00,89.25041198730469,90.40450716266247,83.47606051969161,89.25041198730469,121455,0.0,0.0
2016-11-22 00:00:00+08:00,96.17501068115234,96.52124150724292,89.89670156582704,96.17501068115234,502661,0.0,0.0
2016-11-23 00:00:00+08:00,94.25150299072266,96.9443952713327,91.55859932805548,94.25150299072266,274878,0.0,0.0
2016-11-24 00:00:00+08:00,92.3280029296875,94.63620456796262,91.1739078015788,92.3280029296875,187202,0.0,0.0
2016-11-25 00:00:00+08:00,92.3280029296875,93.86680591888054,90.79305276704446,92.3280029296875,24943,0.0,0.0
2016-11-28 00:00:00+08:00,93.0589370727539,93.85526568039464,91.17390893628543,93.0589370727539,111632,0.0,0.0
2016-11-29 00:00:00+08:00,93.4782485961914,93.85910359806192,91.94714570038373,93.4782485961914,32346,0.0,0.0
2016-11-30 00:00:00+08:00,92.7896499633789,93.86680809708962,92.32800507218816,92.7896499633789,60925,0.0,0.0
2016-12-01 00:00:00+08:00,91.94329833984375,93.09739905717183,90.41218975676036,91.94329833984375,120057,0.0,0.0
2016-12-02 00:00:00+08:00,91.55474853515625,91.86250796584699,90.44681344646393,91.55474853515625,27403,0.0,0.0
2016-12-05 00:00:00+08:00,91.94329833984375,92.70884978587125,90.40449548639685,91.94329833984375,51920,0.0,0.0
2016-12-06 00:00:00+08:00,92.67037963867188,93.09740026734083,91.5585973938911,92.67037963867188,47864,0.0,0.0
2016-12-07 00:00:00+08:00,90.3083267211914,91.55860018135125,89.25424578176762,90.3083267211914,101526,0.0,0.0
2016-12-08 00:00:00+08:00,90.0197982788086,91.13542763486936,87.3268947308434,90.0197982788086,97235,0.0,0.0
2016-12-09 00:00:00+08:00,91.94329833984375,91.94329833984375,88.09629974276906,91.94329833984375,61353,0.0,0.0
2016-12-12 00:00:00+08:00,93.08971405029297,95.78645933357814,91.17775596703933,93.08971405029297,111199,0.0,0.0
2016-12-13 00:00:00+08:00,92.02408599853516,94.17456066381261,92.02408599853516,92.02408599853516,44837,0.0,0.0
2016-12-14 00:00:00+08:00,92.3280029296875,94.25150808893602,91.55860428060541,92.3280029296875,153303,0.0,0.0
2016-12-15 00:00:00+08:00,92.52035522460938,93.09740848723877,91.96254333086615,92.52035522460938,45663,0.0,0.0
2016-12-16 00:00:00+08:00,94.6362075805664,94.6362075805664,91.17775783960909,94.6362075805664,127654,0.0,0.0
2016-12-19 00:00:00+08:00,104.23062133789062,104.63840630757899,93.48210065542965,104.23062133789062,545102,0.0,0.0
2016-12-20 00:00:00+08:00,104.2575454711914,107.71599479473318,101.94549690284587,104.2575454711914,1471897,0.0,0.0
2016-12-21 00:00:00+08:00,96.17500287162552,99.25259731801717,85.78810169645362,86.17279815673828,2413019,0.0,0.0
2016-12-22 00:00:00+08:00,82.71050262451172,84.63400202379935,80.4023010689551,82.71050262451172,998247,0.0,0.0
2016-12-23 00:00:00+08:00,82.71050245481595,83.47990107474672,80.78700305947473,81.17169952392578,309664,0.0,0.0
2016-12-26 00:00:00+08:00,81.55640706150386,83.86460876464844,80.97935948123224,83.86460876464844,472536,0.0,0.0
2016-12-27 00:00:00+08:00,83.67224335425072,83.86459441176464,81.74874416116772,82.51814270019531,277397,0.0,0.0
2016-12-28 00:00:00+08:00,82.90285353255581,82.90285353255581,80.78700305947473,81.17169952392578,350996,0.0,0.0
2016-12-29 00:00:00+08:00,81.17170032514042,87.71160288667637,81.17170032514042,84.63400268554688,778218,0.0,0.0
2016-12-30 00:00:00+08:00,83.86460340229004,83.86460340229004,81.94110400300241,82.71050262451172,339519,0.0,0.0
2017-01-03 00:00:00+08:00,82.51814568364306,83.28754425048828,82.1334435547063,83.28754425048828,159133,0.0,0.0
2017-01-04 00:00:00+08:00,83.2875530899218,84.05695742945333,82.71050552630201,83.47990417480469,147558,0.0,0.0
2017-01-05 00:00:00+08:00,83.47990017063128,86.55750030805153,83.47990017063128,86.17279815673828,484351,0.0,0.0
2017-01-06 00:00:00+08:00,86.17279815673828,86.9422024593648,85.21104846948374,86.17279815673828,223179,0.0,0.0
2017-01-09 00:00:00+08:00,86.55750395743924,93.48210313582861,86.55750395743924,90.40450286865234,962336,0.0,0.0
2017-01-10 00:00:00+08:00,90.40450116266243,91.17390548320898,88.67335282349016,89.82745361328125,302668,0.0,0.0
2017-01-11 00:00:00+08:00,93.2897589902469,93.86680655823166,90.59685516357422,90.59685516357422,628865,0.0,0.0
2017-01-12 00:00:00+08:00,90.59685224279907,91.17390548320898,89.63510253314462,89.82745361328125,161199,0.0,0.0
2017-01-13 00:00:00+08:00,89.05805839335328,89.63510596482674,86.36515455039994,87.326904296875,376463,0.0,0.0
2017-01-16 00:00:00+08:00,86.55749756789653,87.71159829427228,85.7880989806555,86.94219970703125,116727,0.0,0.0
2017-01-17 00:00:00+08:00,87.13454928320172,87.13454928320172,84.82634787001044,85.21104431152344,225312,0.0,0.0
2017-01-18 00:00:00+08:00,85.21105719989855,87.13456246251158,85.21105719989855,86.36515808105469,324783,0.0,0.0
2017-01-19 00:00:00+08:00,86.36514872886602,86.5574998034012,85.21104797268353,85.78810119628906,200128,0.0,0.0
2017-01-20 00:00:00+08:00,85.40340025941485,86.17279887744765,85.21104918214948,85.98045349121094,72875,0.0,0.0
2017-01-23 00:00:00+08:00,86.17279542876182,87.90394936383963,85.59574791108815,86.94219970703125,622613,0.0,0.0
2017-01-24 00:00:00+08:00,86.94220195247155,86.94220195247155,85.59575012175388,85.78810119628906,132240,0.0,0.0
2017-02-02 00:00:00+08:00,85.78809140733567,85.78809140733567,82.71049163903179,83.6722412109375,119539,0.0,0.0
2017-02-03 00:00:00+08:00,83.67225297838321,85.40340131307208,83.28755081910624,84.63400268554688,85393,0.0,0.0
2017-02-06 00:00:00+08:00,84.8263561902531,86.17280240415803,84.8263561902531,85.01870727539062,93217,0.0,0.0
2017-02-07 00:00:00+08:00,85.01870308485572,86.17279815673828,84.05695339760118,86.17279815673828,122351,0.0,0.0
2017-02-08 00:00:00+08:00,86.17279642571687,86.17279642571687,85.21104675778176,85.59574890136719,60109,0.0,0.0
2017-02-09 00:00:00+08:00,85.01870137701752,85.59574890136719,84.24929708984665,85.59574890136719,124518,0.0,0.0
2017-02-10 00:00:00+08:00,84.82635376518536,86.55750209987423,84.63400268554688,84.63400268554688,118550,0.0,0.0
2017-02-13 00:00:00+08:00,85.40339660644531,85.40339660644531,84.63399802132209,85.40339660644531,46652,0.0,0.0
2017-02-14 00:00:00+08:00,84.82635310193386,85.21104956717419,82.71050262451172,82.71050262451172,208611,0.0,0.0
2017-02-15 00:00:00+08:00,83.47990189874473,84.82635376518536,83.47990189874473,84.63400268554688,126073,0.0,0.0
2017-02-16 00:00:00+08:00,85.7881036945268,92.13565519286344,85.7881036945268,89.82745361328125,768551,0.0,0.0
2017-02-17 00:00:00+08:00,89.8274392027519,89.8274392027519,87.71158904274074,88.48098754882812,256786,0.0,0.0
2017-02-20 00:00:00+08:00,89.63509736658187,91.17390022794972,89.25040091951122,90.21215057373047,258217,0.0,0.0
2017-02-21 00:00:00+08:00,90.98155440307235,91.17390548320898,88.48100174335352,89.82745361328125,201656,0.0,0.0
2017-02-22 00:00:00+08:00,91.94329756105324,93.0973982686057,89.25039970411639,90.0197982788086,525615,0.0,0.0
2017-02-23 00:00:00+08:00,89.82745957498358,90.59685825556514,88.86570980149936,89.25041198730469,207502,0.0,0.0
2017-02-24 00:00:00+08:00,89.25039174594333,89.25039174594333,88.48098754882812,88.48098754882812,100944,0.0,0.0
2017-03-01 00:00:00+08:00,88.8657043374319,88.8657043374319,86.55750274658203,86.55750274658203,97529,0.0,0.0
2017-03-02 00:00:00+08:00,87.13455077659862,88.48099688151329,86.55749756789653,86.94219970703125,136021,0.0,0.0
2017-03-03 00:00:00+08:00,87.90395233338953,88.86570202268751,87.71160125732422,87.71160125732422,122448,0.0,0.0
2017-03-06 00:00:00+08:00,87.32690438689717,88.86570739746094,87.32690438689717,88.86570739746094,58189,0.0,0.0
2017-03-07 00:00:00+08:00,88.86568964738572,89.6350881534731,88.48098754882812,88.48098754882812,73684,0.0,0.0
2017-03-08 00:00:00+08:00,88.28865123752706,88.28865123752706,87.9039547657801,88.09630584716797,52934,0.0,0.0
2017-03-09 00:00:00+08:00,87.90394009201954,89.05804069666452,87.90394009201954,88.48098754882812,40719,0.0,0.0
2017-03-10 00:00:00+08:00,89.63510131835938,90.01980347341895,88.4810005442093,89.63510131835938,99276,0.0,0.0
2017-03-13 00:00:00+08:00,90.59685521252402,98.48320991943626,90.59685521252402,95.7903060913086,1354921,0.0,0.0
2017-03-14 00:00:00+08:00,95.0209056237273,96.55970859487512,93.48210265257948,93.67445373535156,555378,0.0,0.0
2017-03-15 00:00:00+08:00,93.86680182758114,102.71490582497074,93.09740321203424,101.36845397949219,914102,0.0,0.0
2017-03-16 00:00:00+08:00,102.90725188471943,109.2547976183492,102.90725188471943,103.29195404052734,1287422,0.0,0.0
2017-03-17 00:00:00+08:00,104.63840551718629,109.06245183786748,104.63840551718629,106.56190490722656,777549,0.0,0.0
2017-03-20 00:00:00+08:00,107.52364211121399,115.0252934137264,107.33128536532169,114.44823455810547,1041845,0.0,0.0
2017-03-21 00:00:00+08:00,116.17941183002549,120.0264109403244,112.33241271972656,112.33241271972656,913929,0.0,0.0
2017-03-22 00:00:00+08:00,110.21653709285228,118.1028907181539,109.6394896036976,117.9105453491211,1041772,0.0,0.0
2017-03-23 00:00:00+08:00,120.79578649078228,125.4121888743932,117.7181811076898,121.18048858642578,1360668,0.0,0.0
2017-03-24 00:00:00+08:00,122.91165527932284,124.2581071896347,119.64170389201058,119.83406066894531,620733,0.0,0.0
2017-03-27 00:00:00+08:00,120.98815162251113,123.48869857981302,116.5641052546605,118.87230682373047,613601,0.0,0.0
2017-03-28 00:00:00+08:00,121.180494684536,121.56518541748257,110.02419025973862,116.17938995361328,948950,0.0,0.0
2017-03-29 00:00:00+08:00,117.71818541771488,117.71818541771488,112.71709213741059,114.44823455810547,471230,0.0,0.0
2017-03-30 00:00:00+08:00,115.7947058369074,116.17940801170543,113.29415877380704,115.41000366210938,293196,0.0,0.0
2017-03-31 00:00:00+08:00,115.98706524444148,116.56411282868964,113.67886352539064,113.67886352539062,298800,0.0,0.0
2017-04-05 00:00:00+08:00,114.64060221493818,124.25809896322113,114.25590006859545,123.10400390625,936020,0.0,0.0
2017-04-06 00:00:00+08:00,121.75754212754325,126.75863547482977,119.4493408203125,119.4493408203125,663870,0.0,0.0
2017-04-07 00:00:00+08:00,120.21876377399792,120.79581134516602,113.48650417017711,115.41000366210938,577541,0.0,0.0
2017-04-10 00:00:00+08:00,116.17938481607163,116.5640869140625,111.56298240429246,116.5640869140625,319935,0.0,0.0
2017-04-11 00:00:00+08:00,114.64059905417014,114.64059905417014,106.75424510877937,106.94660186767578,664628,0.0,0.0
2017-04-12 00:00:00+08:00,106.1771983417075,113.10180268740629,103.86899689314122,108.87010192871094,459433,0.0,0.0
2017-04-13 00:00:00+08:00,108.87010395449404,110.0241990092234,105.79249817178734,106.17720031738281,231088,0.0,0.0
2017-04-14 00:00:00+08:00,103.48429804535051,106.17720171798429,99.25259715209339,99.44495391845703,396865,0.0,0.0
2017-04-17 00:00:00+08:00,100.02200655574453,105.79250496398902,100.02200655574453,101.17610168457031,310298,0.0,0.0
2017-04-18 00:00:00+08:00,102.71491472758186,102.71491472758186,99.06026102767412,100.02201080322266,192252,0.0,0.0
2017-04-19 00:00:00+08:00,99.25260880554993,103.29196478876983,99.25260880554993,100.4067153930664,275844,0.0,0.0
2017-04-20 00:00:00+08:00,100.40670327085354,103.86899985127903,100.40670327085354,102.71490478515625,430768,0.0,0.0
2017-04-21 00:00:00+08:00,105.0231076716058,108.67774968344796,104.44604874894787,106.56190490722656,520176,0.0,0.0
2017-04-24 00:00:00+08:00,106.94660460973199,107.71599751887423,103.48429668139234,104.06135559082031,211584,0.0,0.0
2017-04-25 00:00:00+08:00,105.2154530577869,108.87010645168637,104.06135797658565,106.56190490722656,318015,0.0,0.0
2017-04-26 00:00:00+08:00,107.71601056523998,108.67776035469592,105.21546338906624,105.79251098632812,174898,0.0,0.0
2017-04-27 00:00:00+08:00,105.21545688811845,106.94661095499967,104.06136176490277,104.44605255126953,193919,0.0,0.0
2017-04-28 00:00:00+08:00,105.40778578549008,105.40778578549008,103.67664337158203,103.67664337158203,106761,0.0,0.0
2017-05-02 00:00:00+08:00,105.02311352381922,105.02311352381922,100.022008001803,100.79141235351562,231226,0.0,0.0
2017-05-03 00:00:00+08:00,94.63619056700176,94.63619056700176,90.78919219970703,90.78919219970703,967110,0.0,0.0
2017-05-04 00:00:00+08:00,89.2504089412668,90.98155733625,88.48100459591522,90.59685516357422,459245,0.0,0.0
2017-05-05 00:00:00+08:00,91.36623967839003,93.86679203174842,90.78919219970703,90.78919219970703,217362,0.0,0.0
2017-05-08 00:00:00+08:00,89.63510311621334,90.40450175073605,86.74985396848169,88.09630584716797,369893,0.0,0.0
2017-05-09 00:00:00+08:00,89.82744843563141,91.94329881311944,89.44274629753234,90.21215057373047,313003,0.0,0.0
2017-05-10 00:00:00+08:00,90.40449008656634,92.1356439046714,90.40449008656634,90.78919219970703,155149,0.0,0.0
2017-05-11 00:00:00+08:00,91.17390441894531,92.71270166001872,90.40450010737995,91.17390441894531,141741,0.0,0.0
2017-05-12 00:00:00+08:00,91.36623967839003,92.1356439046714,90.59684114313669,90.78919219970703,135924,0.0,0.0
2017-05-15 00:00:00+08:00,90.98155671655107,93.67445483385279,90.98155671655107,92.3280029296875,264014,0.0,0.0
2017-05-16 00:00:00+08:00,92.3280023242589,93.0974066593246,89.63510422461549,90.40450286865234,162876,0.0,0.0
2017-05-17 00:00:00+08:00,90.21215932032563,91.17390906779212,88.86570739746094,88.86570739746094,91152,0.0,0.0
2017-05-18 00:00:00+08:00,87.51925260300438,88.86570448169066,87.51925260300438,88.09630584716797,120584,0.0,0.0
2017-05-19 00:00:00+08:00,88.4810005442093,90.01980347341895,88.09630408017838,89.63510131835938,77560,0.0,0.0
2017-05-22 00:00:00+08:00,90.98154869057508,93.28975012523124,90.78919762251567,91.94329833984375,225215,0.0,0.0
2017-05-23 00:00:00+08:00,93.09740223401224,95.02090159818675,92.32799793551958,94.25150299072266,293952,0.0,0.0
2017-05-24 00:00:00+08:00,96.55970859487512,96.55970859487512,93.48210265257948,93.67445373535156,131900,0.0,0.0
2017-05-25 00:00:00+08:00,93.86680481812364,94.63620345818315,93.48210265257948,93.67445373535156,104900,0.0,0.0
2017-05-26 00:00:00+08:00,94.05915468126348,94.05915468126348,93.48210144042969,93.48210144042969,68252,0.0,0.0
2017-05-31 00:00:00+08:00,94.44385188346567,95.4056072923164,92.7127035295919,93.28975677490234,71995,0.0,0.0
2017-06-01 00:00:00+08:00,93.2897584655343,94.44385359501257,92.52035412451028,93.86680603027344,60128,0.0,0.0
2017-06-02 00:00:00+08:00,95.2132519488928,96.55970376998916,94.25150227411784,94.44384765625,87293,0.0,0.0
2017-06-05 00:00:00+08:00,95.02090976286831,95.02090976286831,94.0591599981426,94.6362075805664,83549,0.0,0.0
2017-06-06 00:00:00+08:00,94.63619722108493,95.59795257155982,93.86679863173345,95.40560150146484,81438,0.0,0.0
2017-06-07 00:00:00+08:00,95.79029889333526,100.79140400090874,95.79029889333526,98.86790466308594,266345,0.0,0.0
2017-06-08 00:00:00+08:00,99.06026051273665,99.06026051273665,96.94440418829362,98.0985107421875,89525,0.0,0.0
2017-06-09 00:00:00+08:00,96.94439812131746,96.94439812131746,92.90505389062464,93.48210144042969,426945,0.0,0.0
2017-06-12 00:00:00+08:00,93.86680012779644,94.8285498025714,92.32799723353938,94.44384765625,93401,0.0,0.0
2017-06-13 00:00:00+08:00,94.2515069836678,94.2515069836678,93.28975726083623,93.67445373535156,44597,0.0,0.0
2017-06-14 00:00:00+08:00,93.67445324741385,93.67445324741385,92.32800136605161,93.28975677490234,85413,0.0,0.0
2017-06-15 00:00:00+08:00,93.09740555366152,93.09740555366152,91.17390612089922,91.7509536743164,110523,0.0,0.0
2017-06-16 00:00:00+08:00,92.32799723353938,95.0209008757321,92.32799723353938,94.44384765625,91133,0.0,0.0
2017-06-19 00:00:00+08:00,94.44385648941545,95.02090976286831,93.6744578158407,94.6362075805664,31276,0.0,0.0
2017-06-20 00:00:00+08:00,94.6362075805664,97.90616474807449,94.6362075805664,94.6362075805664,105093,0.0,0.0
2017-06-21 00:00:00+08:00,96.17499471956633,96.55969683827117,95.5979472325372,96.36734008789062,77965,0.0,0.0
2017-06-22 00:00:00+08:00,97.13675689697266,98.2908520203967,96.36735255998484,97.13675689697266,127980,0.0,0.0
2017-06-23 00:00:00+08:00,97.52144282158338,98.48319239159329,95.02089052494087,95.21324157714844,145522,0.0,0.0
2017-06-26 00:00:00+08:00,97.52145662486136,97.52145662486136,96.36735014826267,96.7520523071289,81438,0.0,0.0
2017-06-27 00:00:00+08:00,96.94440012169684,97.90616123396049,96.17500716676673,97.13675689697266,71743,0.0,0.0
2017-06-28 00:00:00+08:00,97.13674751820383,97.52144964955392,96.17499788085696,96.55970001220703,98966,0.0,0.0
2017-06-29 00:00:00+08:00,97.9061540306427,97.9061540306427,95.40560150146484,95.40560150146484,81496,0.0,0.0
2017-06-30 00:00:00+08:00,95.405592629356,95.405592629356,94.25149200713852,95.21324157714844,54292,0.0,0.0
2017-07-03 00:00:00+08:00,95.02090159818675,95.40560374743308,94.25150299072266,94.25150299072266,29164,0.0,0.0
2017-07-04 00:00:00+08:00,94.0591487064405,94.0591487064405,91.94329833984375,91.94329833984375,128107,0.0,0.0
2017-07-05 00:00:00+08:00,91.94330707691056,91.94330707691056,90.40450407723633,90.59685516357422,83454,0.0,0.0
2017-07-06 00:00:00+08:00,90.78920104870511,91.55859965894982,90.78920104870511,90.98155212402344,42706,0.0,0.0
2017-07-07 00:00:00+08:00,90.7892033229357,90.7892033229357,89.44275145300797,89.82745361328125,42658,0.0,0.0
2017-07-10 00:00:00+08:00,91.36624755876441,96.17500162366777,91.36624755876441,94.44384765625,255240,0.0,0.0
2017-07-11 00:00:00+08:00,95.79030251658504,95.79030251658504,92.71270232145322,93.09740447998047,68059,0.0,0.0
2017-07-12 00:00:00+08:00,94.44385471798275,94.44385471798275,92.52035522460938,92.52035522460938,56250,0.0,0.0
2017-07-13 00:00:00+08:00,92.71270110831188,93.28975433855202,91.5586003388602,92.9050521850586,65945,0.0,0.0
2017-07-14 00:00:00+08:00,92.7127063121525,93.48210497129607,92.32800413706626,92.52035522460938,133791,0.0,0.0
2017-07-17 00:00:00+08:00,92.52035003156516,93.67445080101682,92.52035003156516,92.9050521850586,54447,0.0,0.0
2017-07-18 00:00:00+08:00,93.09741029382724,96.9444036641973,92.90505920255147,96.17501068115234,180191,0.0,0.0
2017-07-19 00:00:00+08:00,96.17500410188521,96.75205164520801,94.82855224609375,94.82855224609375,105462,0.0,0.0
2017-07-20 00:00:00+08:00,96.17501061874498,96.17501061874498,94.25151108929356,94.6362075805664,54447,0.0,0.0
2017-07-21 00:00:00+08:00,94.63619722108493,95.9826433296929,94.63619722108493,95.40560150146484,43899,0.0,0.0
2017-07-24 00:00:00+08:00,95.9826433296929,98.86790369008915,95.02089936127489,95.40560150146484,318054,0.0,0.0
2017-07-25 00:00:00+08:00,95.59795482205624,95.59795482205624,93.48209869223,94.25150299072266,87323,0.0,0.0
2017-07-26 00:00:00+08:00,94.63619944894042,95.98264558924544,93.86680084147632,94.25150299072266,97047,0.0,0.0
2017-07-27 00:00:00+08:00,94.25150770635486,97.90616123396049,94.25150770635486,97.13675689697266,290559,0.0,0.0
2017-07-28 00:00:00+08:00,97.3290974577642,105.79249921618843,97.3290974577642,102.71490478515625,1248425,0.0,0.0
2017-07-31 00:00:00+08:00,103.48429975900416,103.86900191604478,99.63730095271258,102.13784790039062,531742,0.0,0.0
2017-08-01 00:00:00+08:00,100.79140981555854,103.29195682257318,100.79140981555854,102.52255249023438,229131,0.0,0.0
2017-08-02 00:00:00+08:00,102.33020294613983,102.90725048095146,100.9837511102079,101.56079864501953,262436,0.0,0.0
2017-08-03 00:00:00+08:00,100.40670703831395,101.1760999839126,98.0985054374029,100.59905242919922,269928,0.0,0.0
2017-08-04 00:00:00+08:00,100.59904796931322,100.59904796931322,98.48320323514734,87.51924896240234,517035,0.0,0.0
2017-08-07 00:00:00+08:00,99.76400512746329,101.29212580118586,94.30645729596573,94.7430648803711,949922,3.610102,1.1
2017-08-08 00:00:00+08:00,95.61627079092257,96.05287838667566,93.4332504272461,93.4332504272461,211792,0.0,0.0
2017-08-09 00:00:00+08:00,92.99664870318934,96.27117631285587,92.99664870318934,93.4332504272461,193581,0.0,0.0
2017-08-10 00:00:00+08:00,94.74305858285551,94.74305858285551,85.13776869644593,89.06720733642578,315722,0.0,0.0
2017-08-11 00:00:00+08:00,89.06720929136065,90.15871646038732,87.75739246815436,89.28550720214844,90154,0.0,0.0
2017-08-14 00:00:00+08:00,89.50381367090168,89.50381367090168,86.01098240481203,86.22928619384766,192245,0.0,0.0
2017-08-15 00:00:00+08:00,89.50381721091257,89.50381721091257,87.1024930516329,87.53910064697266,61915,0.0,0.0
2017-08-16 00:00:00+08:00,87.97569864543794,88.41230035059422,87.32079315185547,87.32079315185547,82865,0.0,0.0
2017-08-17 00:00:00+08:00,87.32078904994954,89.50380921657546,87.32078904994954,88.63059997558594,54644,0.0,0.0
2017-08-18 00:00:00+08:00,88.19400787353516,88.19400787353516,87.7574002697535,88.19400787353516,31729,0.0,0.0
2017-08-21 00:00:00+08:00,88.41230604848434,88.41230604848434,87.75740051269531,87.75740051269531,32483,0.0,0.0
2017-08-22 00:00:00+08:00,87.97570431519047,88.84891365347467,87.75740051269531,87.75740051269531,40719,0.0,0.0
2017-08-23 00:00:00+08:00,89.28551709424103,89.28551709424103,87.3208004493012,88.41230773925781,74299,0.0,0.0
2017-08-24 00:00:00+08:00,88.84891365347467,88.84891365347467,87.75740051269531,87.75740051269531,38965,0.0,0.0
2017-08-25 00:00:00+08:00,88.41230604848434,88.63060985097951,87.5391025818966,87.75740051269531,43132,0.0,0.0
2017-08-28 00:00:00+08:00,87.97570431519047,87.97570431519047,87.75740051269531,87.75740051269531,42309,0.0,0.0
2017-08-29 00:00:00+08:00,88.63060588490103,88.63060588490103,87.32079487193492,87.97570037841797,42393,0.0,0.0
2017-08-30 00:00:00+08:00,88.19400811768564,88.63060985097951,87.75740051269531,87.75740051269531,35534,0.0,0.0
2017-08-31 00:00:00+08:00,88.41230914761975,91.68684281304431,88.41230914761975,89.50382232666016,121945,0.0,0.0
2017-09-01 00:00:00+08:00,91.03192490011057,93.4332429990561,91.03192490011057,92.34173583984375,138233,0.0,0.0
2017-09-04 00:00:00+08:00,91.90515235803119,91.90515235803119,89.9404296875,89.9404296875,58275,0.0,0.0
2017-09-05 00:00:00+08:00,90.37703733503895,90.37703733503895,89.72213173542755,89.9404296875,37017,0.0,0.0
2017-09-06 00:00:00+08:00,89.50381098463214,91.46852741189771,88.63060172639325,89.28550720214844,63458,0.0,0.0
2017-09-07 00:00:00+08:00,89.50382232666016,89.94042407525832,89.06722057806199,89.50382232666016,52881,0.0,0.0
2017-09-08 00:00:00+08:00,90.59531815365882,91.03192571862623,89.28550720214844,89.28550720214844,37017,0.0,0.0
2017-09-11 00:00:00+08:00,92.99664551454758,92.99664551454758,90.81362522572186,91.03192901611328,162171,0.0,0.0
2017-09-12 00:00:00+08:00,91.6868384779974,92.99664953355935,90.81362915039062,90.81362915039062,67018,0.0,0.0
2017-09-13 00:00:00+08:00,90.81362945174097,90.81362945174097,89.72212219238281,89.72212219238281,47658,0.0,0.0
2017-09-14 00:00:00+08:00,89.72212613680757,89.94042407525832,89.50382232666016,89.50382232666016,33491,0.0,0.0
2017-09-15 00:00:00+08:00,89.50382090091098,89.50382090091098,88.19400980428443,88.41230773925781,19390,0.0,0.0
2017-09-18 00:00:00+08:00,88.41230773925781,89.50382090091098,88.41230773925781,88.41230773925781,40560,0.0,0.0
2017-09-19 00:00:00+08:00,89.06721915926765,89.06721915926765,88.19400980428443,88.41230773925781,24854,0.0,0.0
2017-09-20 00:00:00+08:00,87.53909694028165,87.75739485701176,87.10248936342929,87.32079315185547,96216,0.0,0.0
2017-09-21 00:00:00+08:00,87.75739857294622,88.41230409425951,87.53910064697266,87.53910064697266,39627,0.0,0.0
2017-09-22 00:00:00+08:00,87.75740082768823,87.75740082768823,86.6658935546875,86.6658935546875,45957,0.0,0.0
2017-09-25 00:00:00+08:00,86.2292839620175,86.66588565709233,80.33512878417969,80.33512878417969,162033,0.0,0.0
2017-09-26 00:00:00+08:00,81.20834911212953,85.57438427291675,80.77174148586307,81.64495086669922,132724,0.0,0.0
2017-09-27 00:00:00+08:00,82.08155059814453,83.82796931677154,82.08155059814453,82.08155059814453,43557,0.0,0.0
2017-09-28 00:00:00+08:00,82.08153325680969,83.82795160647156,82.08153325680969,82.95474243164062,22718,0.0,0.0
2017-09-29 00:00:00+08:00,82.2998447958544,82.51814857811588,81.64493932076586,81.86324310302734,52529,0.0,0.0
2017-10-02 00:00:00+08:00,82.51814078007284,83.60964784483998,82.51814078007284,82.95474243164062,39201,0.0,0.0
2017-10-03 00:00:00+08:00,82.51814078007284,83.39134995490377,82.08153325680969,82.95474243164062,31041,0.0,0.0
2017-10-05 00:00:00+08:00,82.95475376469669,83.391361347608,82.73644997324104,83.17305755615234,29046,0.0,0.0
2017-10-06 00:00:00+08:00,83.60964784483998,83.60964784483998,82.95474243164062,82.95474243164062,35607,0.0,0.0
2017-10-11 00:00:00+08:00,81.644945230288,81.644945230288,80.55343798336828,81.20834350585938,105716,0.0,0.0
2017-10-12 00:00:00+08:00,82.51815078403106,82.51815078403106,80.55343430624369,80.99003601074219,71755,0.0,0.0
2017-10-13 00:00:00+08:00,81.20834350585938,81.20834350585938,80.77173590973442,81.20834350585938,32390,0.0,0.0
2017-10-16 00:00:00+08:00,80.7717364411122,80.99004024061084,79.68022918701172,79.68022918701172,54300,0.0,0.0
2017-10-17 00:00:00+08:00,79.24361863319893,79.68022621591612,75.53248941027984,76.84230041503906,121642,0.0,0.0
2017-10-18 00:00:00+08:00,76.84230578199235,79.89852971598991,76.40569816878086,77.71551513671875,135030,0.0,0.0
2017-10-19 00:00:00+08:00,78.58871265221974,79.46192194064015,78.37041473388672,78.37041473388672,65309,0.0,0.0
2017-10-20 00:00:00+08:00,78.58870697021484,78.58870697021484,77.71550361662361,78.58870697021484,26000,0.0,0.0
2017-10-23 00:00:00+08:00,78.37042068483942,78.58871861974859,77.71551513671875,77.71551513671875,26726,0.0,0.0
2017-10-24 00:00:00+08:00,78.1521236921076,80.7717461129881,78.1521236921076,79.8985366821289,102855,0.0,0.0
2017-10-25 00:00:00+08:00,79.8985178722974,79.8985178722974,78.58870697021484,78.58870697021484,43186,0.0,0.0
2017-10-26 00:00:00+08:00,77.2788943075314,78.37040728219668,77.2788943075314,77.93379974365234,26973,0.0,0.0
2017-10-27 00:00:00+08:00,77.71551196083851,77.71551196083851,75.9690933227539,75.9690933227539,96950,0.0,0.0
2017-10-30 00:00:00+08:00,75.96909210408204,75.96909210408204,72.47626075564003,73.78607177734375,140903,0.0,0.0
2017-10-31 00:00:00+08:00,74.2226791381836,74.87757877533166,74.2226791381836,74.2226791381836,14630,0.0,0.0
2017-11-01 00:00:00+08:00,75.09587123337023,75.09587123337023,73.56775665283203,73.56775665283203,61272,0.0,0.0
2017-11-02 00:00:00+08:00,72.03965855525172,72.03965855525172,68.32852900676112,69.42003631591797,346538,0.0,0.0
2017-11-03 00:00:00+08:00,70.72984717215238,70.72984717215238,69.85664367675781,69.85664367675781,71422,0.0,0.0
2017-11-06 00:00:00+08:00,69.42002316982735,69.42002316982735,68.54681396484375,68.54681396484375,110417,0.0,0.0
2017-11-07 00:00:00+08:00,68.32852513617033,69.85663997978446,68.32852513617033,69.63833618164062,44773,0.0,0.0
2017-11-08 00:00:00+08:00,70.29323970502054,70.29323970502054,70.07493591308594,70.07493591308594,32480,0.0,0.0
2017-11-09 00:00:00+08:00,70.2932454244551,71.16645479154631,69.85664367675781,69.85664367675781,59158,0.0,0.0
2017-11-10 00:00:00+08:00,71.82134850707399,72.47625395648778,70.7298355102539,70.7298355102539,74651,0.0,0.0
2017-11-13 00:00:00+08:00,72.4762575323266,73.56776471130387,72.0396499633789,72.0396499633789,60394,0.0,0.0
2017-11-14 00:00:00+08:00,71.16645647621766,71.60305823425031,70.2932470884556,70.51155090332031,30442,0.0,0.0
2017-11-15 00:00:00+08:00,69.85664393693804,71.82136061643835,68.5468269455745,69.42003631591797,34038,0.0,0.0
2017-11-16 00:00:00+08:00,69.85664367675781,69.85664367675781,68.98343430966659,69.85664367675781,35430,0.0,0.0
2017-11-17 00:00:00+08:00,70.29324170437577,70.29324170437577,69.4200323834968,69.63833618164062,23091,0.0,0.0
2017-11-20 00:00:00+08:00,70.29323730267609,73.56776471130387,70.29323730267609,72.0396499633789,103066,0.0,0.0
2017-11-21 00:00:00+08:00,72.25795722935183,74.2226796408878,72.03965343435978,72.69456481933594,99241,0.0,0.0
2017-11-22 00:00:00+08:00,73.78606265951916,73.78606265951916,71.60304260253906,71.60304260253906,37748,0.0,0.0
2017-11-23 00:00:00+08:00,71.60304826612719,72.4762575323266,71.60304826612719,72.0396499633789,26793,0.0,0.0
2017-11-24 00:00:00+08:00,71.60305194313935,72.2579574584961,71.38474814745501,72.2579574584961,28434,0.0,0.0
2017-11-27 00:00:00+08:00,72.47625376648757,72.47625376648757,71.16644287109375,71.16644287109375,28626,0.0,0.0
2017-11-28 00:00:00+08:00,71.60305823425031,71.60305823425031,69.85664533042296,70.51155090332031,28219,0.0,0.0
2017-11-29 00:00:00+08:00,70.2932454244551,70.2932454244551,68.98343430966659,69.85664367675781,55809,0.0,0.0
2017-11-30 00:00:00+08:00,70.94814927055705,70.94814927055705,68.9834326457639,69.20173645019531,29966,0.0,0.0
2017-12-01 00:00:00+08:00,69.85664393693804,70.0749418757514,69.42003631591797,69.42003631591797,19830,0.0,0.0
2017-12-04 00:00:00+08:00,69.20173645019531,69.20173645019531,68.54682503690108,69.20173645019531,34373,0.0,0.0
2017-12-05 00:00:00+08:00,69.42003605736387,70.07494161475813,69.42003605736387,69.85664367675781,33491,0.0,0.0
2017-12-06 00:00:00+08:00,69.42003834656737,69.42003834656737,67.67362542649167,68.98343658447266,21152,0.0,0.0
2017-12-07 00:00:00+08:00,68.32851997522235,68.32851997522235,67.45531072029809,67.67361450195312,35970,0.0,0.0
2017-12-08 00:00:00+08:00,67.45531663467995,68.11022216537032,66.14550557329919,67.01871490478516,49532,0.0,0.0
2017-12-11 00:00:00+08:00,68.98342869680528,71.8213545051704,68.98342869680528,70.07493591308594,77739,0.0,0.0
2017-12-12 00:00:00+08:00,69.42003463331531,69.42003463331531,68.76512908935547,68.76512908935547,25057,0.0,0.0
2017-12-13 00:00:00+08:00,68.76513075608453,69.85664393693804,68.5468269455745,69.42003631591797,27322,0.0,0.0
2017-12-14 00:00:00+08:00,71.16645713833992,71.16645713833992,68.98343658447266,68.98343658447266,27477,0.0,0.0
2017-12-15 00:00:00+08:00,68.11022354539563,68.76512908935547,67.67362180665458,68.76512908935547,26440,0.0,0.0
2017-12-18 00:00:00+08:00,68.98343891760716,69.63834451874766,68.1102294921875,68.1102294921875,12515,0.0,0.0
2017-12-19 00:00:00+08:00,67.45531072029809,68.5468178851815,67.45531072029809,67.67361450195312,14101,0.0,0.0
2017-12-20 00:00:00+08:00,68.11021619356731,68.11021619356731,67.67361450195312,67.67361450195312,9695,0.0,0.0
2017-12-21 00:00:00+08:00,68.32851997522235,68.5468178851815,67.67361450195312,67.67361450195312,15935,0.0,0.0
2017-12-22 00:00:00+08:00,67.67362771532618,68.32853331646668,67.67362771532618,68.1102294921875,15864,0.0,0.0
2017-12-25 00:00:00+08:00,67.89191974017685,68.98343289457426,67.89191974017685,68.76512908935547,19486,0.0,0.0
2017-12-26 00:00:00+08:00,68.32852194356323,68.54681985981088,67.89191436767578,67.89191436767578,24731,0.0,0.0
2017-12-27 00:00:00+08:00,67.89191241191227,67.89191241191227,67.67361450195312,67.67361450195312,5346,0.0,0.0
2017-12-28 00:00:00+08:00,68.32853331646668,68.54683126904881,68.1102294921875,68.1102294921875,21329,0.0,0.0
2017-12-29 00:00:00+08:00,68.32852900676112,69.42003631591797,68.32852900676112,69.42003631591797,47787,0.0,0.0
2018-01-02 00:00:00+08:00,67.67362542649167,68.98343658447266,67.67362542649167,68.98343658447266,22915,0.0,0.0
2018-01-03 00:00:00+08:00,69.85664224375289,69.85664224375289,68.54682528413667,68.76512908935547,23179,0.0,0.0
2018-01-04 00:00:00+08:00,69.42002892140685,69.42002892140685,68.32852172851562,68.32852172851562,18459,0.0,0.0
2018-01-05 00:00:00+08:00,68.32851606736952,68.98342150318332,68.32851606736952,68.54681396484375,14436,0.0,0.0
2018-01-08 00:00:00+08:00,68.54682528413667,68.76512908935547,67.67362180665458,68.76512908935547,16234,0.0,0.0
2018-01-09 00:00:00+08:00,68.54683126904881,68.98343891760716,68.1102294921875,68.1102294921875,14197,0.0,0.0
2018-01-10 00:00:00+08:00,67.89190867441489,67.89190867441489,66.80040156961971,67.45530700683594,44244,0.0,0.0
2018-01-11 00:00:00+08:00,66.80040740966797,67.01871119839052,66.80040740966797,66.80040740966797,17803,0.0,0.0
2018-01-12 00:00:00+08:00,67.23700911541698,67.23700911541698,66.36380570391896,66.80040740966797,26969,0.0,0.0
2018-01-15 00:00:00+08:00,66.80040717134929,68.1102181556195,66.58210338340557,67.89191436767578,34129,0.0,0.0
2018-01-16 00:00:00+08:00,69.42004069446848,69.85664834302683,68.1102294921875,68.1102294921875,61880,0.0,0.0
2018-01-17 00:00:00+08:00,67.23701283388435,67.23701283388435,67.01871490478516,67.01871490478516,14316,0.0,0.0
2018-01-18 00:00:00+08:00,67.23700714111328,67.67361470573812,67.23700714111328,67.23700714111328,22915,0.0,0.0
2018-01-19 00:00:00+08:00,67.4553109234257,67.4553109234257,67.23700714111328,67.23700714111328,21417,0.0,0.0
2018-01-22 00:00:00+08:00,67.23701283388435,67.67362043547553,67.01871490478516,67.01871490478516,11686,0.0,0.0
2018-01-23 00:00:00+08:00,66.58210754394531,67.89191861006215,66.58210754394531,66.58210754394531,41441,0.0,0.0
2018-01-24 00:00:00+08:00,66.5821018774216,66.80040566042763,66.14550018310547,66.14550018310547,38788,0.0,0.0
2018-01-25 00:00:00+08:00,66.36380570391896,66.80040740966797,65.92719812647385,66.80040740966797,10047,0.0,0.0
2018-01-26 00:00:00+08:00,66.58210362094542,66.80040740966797,66.1455019151964,66.80040740966797,17979,0.0,0.0
2018-01-29 00:00:00+08:00,66.36380767822266,66.80040939696045,66.36380767822266,66.36380767822266,14211,0.0,0.0
2018-01-30 00:00:00+08:00,66.36380790933735,66.80040962959563,65.92720031738281,65.92720031738281,14225,0.0,0.0
2018-01-31 00:00:00+08:00,65.49059642072484,67.23700911541698,65.49059642072484,66.80040740966797,32081,0.0,0.0
2018-02-01 00:00:00+08:00,67.01871922396884,70.72984884648824,67.01871922396884,70.51155090332031,155208,0.0,0.0
2018-02-02 00:00:00+08:00,70.51153955854988,72.03964840165143,68.98342484375252,70.2932357788086,96985,0.0,0.0
2018-02-05 00:00:00+08:00,68.98343430966659,69.85664367675781,67.23701557548415,69.85664367675781,65485,0.0,0.0
2018-02-06 00:00:00+08:00,68.54682238232499,68.54682238232499,65.70889652140553,65.92720031738281,85640,0.0,0.0
2018-02-07 00:00:00+08:00,66.80040939696045,67.67361870613227,66.36380767822266,66.36380767822266,42481,0.0,0.0
2018-02-08 00:00:00+08:00,66.36381223182791,66.36381223182791,64.61739349365234,64.61739349365234,76174,0.0,0.0
2018-02-09 00:00:00+08:00,64.61739349365234,64.61739349365234,64.61739349365234,64.61739349365234,0,0.0,0.0
2018-02-12 00:00:00+08:00,65.49060054480036,71.38475036621094,65.49060054480036,71.38475036621094,275051,0.0,0.0
2018-02-21 00:00:00+08:00,74.65927754760095,76.40569020328914,72.03964975652474,72.47625732421875,270931,0.0,0.0
2018-02-22 00:00:00+08:00,70.51155155934943,70.51155155934943,66.80041603060539,68.98343658447266,150468,0.0,0.0
2018-02-23 00:00:00+08:00,68.98343289457426,70.07494017727515,67.67362180665458,68.76512908935547,85139,0.0,0.0
2018-02-26 00:00:00+08:00,70.72984743558484,70.72984743558484,68.98343456659457,69.42003631591797,74299,0.0,0.0
2018-02-27 00:00:00+08:00,69.42003834656737,70.51155155934943,68.11022718858638,68.98343658447266,78723,0.0,0.0
2018-03-01 00:00:00+08:00,69.42002653153926,70.2932357788086,69.42002653153926,70.2932357788086,38956,0.0,0.0
2018-03-02 00:00:00+08:00,69.42002653153926,70.2932357788086,69.42002653153926,70.2932357788086,21152,0.0,0.0
2018-03-05 00:00:00+08:00,70.51153760824643,70.7298355102539,70.29323383454327,70.7298355102539,27322,0.0,0.0
2018-03-06 00:00:00+08:00,70.94815266135295,70.94815266135295,69.85664533042296,70.51155090332031,28820,0.0,0.0
2018-03-07 00:00:00+08:00,71.16644287109375,72.47625376648757,71.16644287109375,71.16644287109375,81790,0.0,0.0
2018-03-08 00:00:00+08:00,71.82134831879065,72.25794999335672,71.16644287109375,71.16644287109375,75973,0.0,0.0
2018-03-09 00:00:00+08:00,70.0749418757514,70.0749418757514,68.98343456659457,69.42003631591797,56953,0.0,0.0
2018-03-12 00:00:00+08:00,69.42003463331531,69.42003463331531,68.11022354539563,68.76512908935547,54644,0.0,0.0
2018-03-13 00:00:00+08:00,68.76512908935547,69.20173669979305,68.54682528413667,68.76512908935547,33869,0.0,0.0
2018-03-14 00:00:00+08:00,69.20174040136844,69.20174040136844,68.98343658447266,68.98343658447266,10735,0.0,0.0
2018-03-15 00:00:00+08:00,68.98342293571571,71.38474095966768,68.98342293571571,70.7298355102539,58328,0.0,0.0
2018-03-16 00:00:00+08:00,70.0749418757514,70.29324568626144,69.42003631591797,69.42003631591797,26775,0.0,0.0
2018-03-19 00:00:00+08:00,69.6383283851295,71.16644305766022,69.6383283851295,70.7298355102539,16042,0.0,0.0
2018-03-20 00:00:00+08:00,70.51154470811021,73.78607228489392,70.29324091242587,72.2579574584961,82245,0.0,0.0
2018-03-21 00:00:00+08:00,72.69456432698152,76.40569358653373,72.25795673995452,74.2226791381836,208883,0.0,0.0
2018-03-22 00:00:00+08:00,74.22267606472539,74.22267606472539,71.16644656887549,72.0396499633789,97457,0.0,0.0
2018-03-23 00:00:00+08:00,69.42003375907407,71.38475036621094,69.42003375907407,71.38475036621094,50442,0.0,0.0
2018-03-26 00:00:00+08:00,72.03964207229384,74.00436417395457,72.03964207229384,73.56775665283203,110530,0.0,0.0
2018-03-27 00:00:00+08:00,74.65927533741893,74.65927533741893,72.91285686173504,73.3494644165039,51568,0.0,0.0
2018-03-28 00:00:00+08:00,73.34947006067459,74.22267936570914,73.34947006067459,73.78607177734375,55349,0.0,0.0
2018-03-29 00:00:00+08:00,73.78607014247349,80.55343476692725,73.78607014247349,79.46192169189453,338232,0.0,0.0
2018-03-30 00:00:00+08:00,80.77173614501953,83.82796584001156,79.68022889492029,80.77173614501953,525339,0.0,0.0
2018-04-02 00:00:00+08:00,84.26455325803934,84.26455325803934,81.86323536687348,82.95474243164062,202890,0.0,0.0
2018-04-03 00:00:00+08:00,82.08154060649822,83.82795911253667,80.9900334439961,83.391357421875,153480,0.0,0.0
2018-04-09 00:00:00+08:00,84.70118076377734,84.70118076377734,81.20834911212953,81.64495086669922,160156,0.0,0.0
2018-04-10 00:00:00+08:00,81.64494842544272,82.51815778016913,77.71551513671875,77.71551513671875,195936,0.0,0.0
2018-04-11 00:00:00+08:00,78.80700894904545,78.80700894904545,76.62398887141045,77.93379974365234,107824,0.0,0.0
2018-04-12 00:00:00+08:00,78.58870733478426,79.68022033938033,77.06059265136719,77.06059265136719,111228,0.0,0.0
2018-04-13 00:00:00+08:00,77.71551573243163,77.71551573243163,76.1874008178711,76.1874008178711,67512,0.0,0.0
2018-04-16 00:00:00+08:00,77.27890014648438,77.27890014648438,76.40569087511429,77.27890014648438,49708,0.0,0.0
2018-04-17 00:00:00+08:00,77.71551047591852,77.71551047591852,74.2226791381836,74.2226791381836,54195,0.0,0.0
2018-04-18 00:00:00+08:00,74.22267762439081,74.87757724818202,72.25795526623283,73.13116455078125,40807,0.0,0.0
2018-04-19 00:00:00+08:00,73.7860695904745,76.40569155624166,73.7860695904745,74.6592788696289,58522,0.0,0.0
2018-04-20 00:00:00+08:00,74.65928085351437,75.53249015587217,73.7860715511566,74.2226791381836,45830,0.0,0.0
2018-04-23 00:00:00+08:00,74.22268666121894,75.53249781166686,74.22268666121894,74.8775863647461,45830,0.0,0.0
2018-04-24 00:00:00+08:00,76.18739229113808,76.40569020328914,72.03964975652474,72.47625732421875,102238,0.0,0.0
2018-04-25 00:00:00+08:00,72.69456432698152,74.2226791381836,72.47626053346802,74.2226791381836,42305,0.0,0.0
2018-04-26 00:00:00+08:00,75.09587924359901,76.40569020328914,72.47625732421875,72.47625732421875,74034,0.0,0.0
2018-04-27 00:00:00+08:00,73.13116280406382,73.13116280406382,72.47625732421875,72.47625732421875,19589,0.0,0.0
2018-04-30 00:00:00+08:00,72.6945589560464,75.31418079787646,72.6945589560464,73.3494644165039,31729,0.0,0.0
2018-05-02 00:00:00+08:00,72.91286611865748,74.00437927246094,72.91286611865748,74.00437927246094,29968,0.0,0.0
2018-05-03 00:00:00+08:00,69.85664393693804,71.82136061643835,68.98343456659457,69.42003631591797,192789,0.0,0.0
2018-05-04 00:00:00+08:00,69.42002892140685,69.42002892140685,67.45531245118501,68.32852172851562,58718,0.0,0.0
2018-05-07 00:00:00+08:00,68.32851606736952,68.54681396484375,68.32851606736952,68.54681396484375,15989,0.0,0.0
2018-05-08 00:00:00+08:00,68.54681964407624,68.54681964407624,67.8919141540023,68.32852172851562,32751,0.0,0.0
2018-05-09 00:00:00+08:00,68.11021244405217,68.11021244405217,67.45530700683594,67.45530700683594,23285,0.0,0.0
2018-05-10 00:00:00+08:00,66.80041110398956,67.45531663467995,66.36380937409479,67.01871490478516,30398,0.0,0.0
2018-05-11 00:00:00+08:00,67.01871319217746,67.23701111569822,66.36380767822266,66.36380767822266,36047,0.0,0.0
2018-05-14 00:00:00+08:00,66.36380767822266,67.23701111569822,66.36380767822266,66.36380767822266,54820,0.0,0.0
2018-05-15 00:00:00+08:00,66.36380767822266,66.58210560174342,65.49059836905083,66.36380767822266,37042,0.0,0.0
2018-05-16 00:00:00+08:00,66.36380570391896,67.01871119839052,66.36380570391896,66.80040740966797,28415,0.0,0.0
2018-05-17 00:00:00+08:00,66.80040544818435,68.11021639866705,66.80040544818435,67.23700714111328,33491,0.0,0.0
2018-05-18 00:00:00+08:00,68.11021244405217,68.11021244405217,67.45530700683594,67.45530700683594,30230,0.0,0.0
2018-05-21 00:00:00+08:00,68.54683126904881,68.54683126904881,67.01872211418569,68.1102294921875,16040,0.0,0.0
2018-05-22 00:00:00+08:00,67.23701111569822,67.67361870613227,66.36380767822266,66.36380767822266,35289,0.0,0.0
2018-05-23 00:00:00+08:00,66.58210754394531,66.80041134553026,66.36380961405679,66.58210754394531,12515,0.0,0.0
2018-05-24 00:00:00+08:00,66.5821018774216,66.5821018774216,65.92719640009943,66.14550018310547,10576,0.0,0.0
2018-05-25 00:00:00+08:00,66.3638039661115,66.80040566042763,66.14550018310547,66.14550018310547,19390,0.0,0.0
2018-05-28 00:00:00+08:00,66.14549270955236,66.363796467893,65.49058730622572,65.7088851928711,28379,0.0,0.0
2018-05-29 00:00:00+08:00,65.4906005859375,65.70889851684774,64.61739124720714,65.4906005859375,34020,0.0,0.0
2018-05-30 00:00:00+08:00,65.05399128459364,65.92720060055711,64.835693359375,64.835693359375,33844,0.0,0.0
2018-05-31 00:00:00+08:00,65.05399100516999,67.2370113498539,65.05399100516999,65.92720031738281,30318,0.0,0.0
2018-06-01 00:00:00+08:00,68.32852172851562,68.54681964407624,67.45531245118501,68.32852172851562,60373,0.0,0.0
2018-06-04 00:00:00+08:00,68.32851606736952,69.85663070816692,68.32851606736952,68.54681396484375,37547,0.0,0.0
2018-06-05 00:00:00+08:00,67.89191241191227,67.89191241191227,67.67361450195312,67.67361450195312,26987,0.0,0.0
2018-06-06 00:00:00+08:00,67.6736107764732,68.11021244405217,67.23700323719866,67.45530700683594,23461,0.0,0.0
2018-06-07 00:00:00+08:00,67.67361470573812,67.67361470573812,67.23700714111328,67.23700714111328,32864,0.0,0.0
2018-06-08 00:00:00+08:00,67.45531290413953,67.45531290413953,66.80040740966797,66.80040740966797,14454,0.0,0.0
2018-06-11 00:00:00+08:00,66.36380570391896,66.80040740966797,66.36380570391896,66.80040740966797,14128,0.0,0.0
2018-06-12 00:00:00+08:00,66.80040544818435,67.23700714111328,66.80040544818435,67.23700714111328,10768,0.0,0.0
2018-06-13 00:00:00+08:00,66.58210754394531,66.58210754394531,65.70889820930194,66.58210754394531,33791,0.0,0.0
2018-06-14 00:00:00+08:00,66.80040962959563,66.80040962959563,65.70889652140553,65.92720031738281,29984,0.0,0.0
2018-06-15 00:00:00+08:00,65.49059642072484,66.80040740966797,65.05398884327975,66.80040740966797,17891,0.0,0.0
2018-06-19 00:00:00+08:00,66.8004099165206,66.8004099165206,64.61738956246005,64.835693359375,26758,0.0,0.0
2018-06-20 00:00:00+08:00,63.96248994514947,65.92720668357698,63.96248994514947,64.18079376220703,14912,0.0,0.0
2018-06-21 00:00:00+08:00,64.39908968345624,65.49060286274012,64.18079174495679,64.61739349365234,31729,0.0,0.0
2018-06-22 00:00:00+08:00,63.74418214793007,65.05399322509766,63.52588421619979,65.05399322509766,14454,0.0,0.0
2018-06-25 00:00:00+08:00,64.18078975478359,65.27229702852442,63.52588421619979,65.05399322509766,21329,0.0,0.0
2018-06-26 00:00:00+08:00,63.74418214793007,65.05399322509766,63.74418214793007,65.05399322509766,17803,0.0,0.0
2018-06-27 00:00:00+08:00,64.6173807833329,64.8356845505884,63.744171586006466,61.124549865722656,38256,0.0,0.0
2018-06-28 00:00:00+08:00,65.70317597885779,65.70317597885779,64.10065859045872,65.4742431640625,24766,3.687462,0.0
2018-06-29 00:00:00+08:00,65.4742474413708,65.4742474413708,64.55852227995105,65.01638793945312,27498,0.0,0.0
2018-07-02 00:00:00+08:00,65.70317189073958,65.70317189073958,64.10065460205078,64.10065460205078,29966,0.0,0.0
2018-07-03 00:00:00+08:00,64.10065323625193,64.5585126700144,61.81134375227269,62.269203186035156,54768,0.0,0.0
2018-07-04 00:00:00+08:00,61.12455020891914,61.12455020891914,56.088071915461065,58.60630798339844,117544,0.0,0.0
2018-07-05 00:00:00+08:00,57.46166338491807,57.46166338491807,54.48556137084961,54.48556137084961,92534,0.0,0.0
2018-07-06 00:00:00+08:00,54.027695580987775,54.25662839914296,51.05159665409862,53.111976623535156,60590,0.0,0.0
2018-07-09 00:00:00+08:00,53.1119744014326,54.25662612915039,51.28052424798356,54.25662612915039,46009,0.0,0.0
2018-07-10 00:00:00+08:00,52.88304276850048,53.11197558216698,52.19625048508494,52.654109954833984,36576,0.0,0.0
2018-07-11 00:00:00+08:00,53.11197677321557,55.401286488467,53.11197677321557,54.48556137084961,17944,0.0,0.0
2018-07-12 00:00:00+08:00,54.48555645851486,56.31700037104536,54.48555645851486,56.08807373046875,55115,0.0,0.0
2018-07-13 00:00:00+08:00,55.85914552042846,55.85914552042846,54.48556093381216,54.94342041015625,59985,0.0,0.0
2018-07-16 00:00:00+08:00,54.71448558872074,54.943418397297826,54.25662612915039,54.25662612915039,25298,0.0,0.0
2018-07-17 00:00:00+08:00,54.25662612915039,54.25662612915039,54.25662612915039,54.25662612915039,3583,0.0,0.0
2018-07-18 00:00:00+08:00,54.485563226751744,54.485563226751744,53.798770904541016,53.798770904541016,19516,0.0,0.0
2018-07-19 00:00:00+08:00,53.569835230869884,54.02769470214844,53.569835230869884,54.02769470214844,5392,0.0,0.0
2018-07-20 00:00:00+08:00,54.48555893772747,54.48555893772747,54.25662612915039,54.25662612915039,19419,0.0,0.0
2018-07-23 00:00:00+08:00,53.56983947753907,53.56983947753907,53.56983947753907,53.56983947753906,1815,0.0,0.0
2018-07-24 00:00:00+08:00,54.02769470214844,54.485560331010966,54.02769470214844,54.02769470214844,5464,0.0,0.0
2018-07-25 00:00:00+08:00,54.027695733248876,54.48556137084961,53.56983625323222,54.48556137084961,12785,0.0,0.0
2018-07-26 00:00:00+08:00,54.485560331010966,54.485560331010966,53.111975759591324,54.02769470214844,12471,0.0,0.0
2018-07-27 00:00:00+08:00,54.48556137084961,54.48556137084961,54.25662855204924,54.48556137084961,17803,0.0,0.0
2018-07-30 00:00:00+08:00,56.31700499677255,56.31700499677255,54.94342041015625,54.94342041015625,14454,0.0,0.0
2018-07-31 00:00:00+08:00,54.71448759319219,54.94342041015625,54.71448759319219,54.94342041015625,5834,0.0,0.0
2018-08-01 00:00:00+08:00,54.94342041015625,55.17235322712031,54.02769529988404,54.94342041015625,24678,0.0,0.0
2018-08-02 00:00:00+08:00,59.06417121013418,60.4377555847168,58.60630564688458,60.4377555847168,1018089,0.0,0.0
2018-08-03 00:00:00+08:00,59.29309783417589,60.8956149903833,57.46165405392676,60.4377555847168,514447,0.0,0.0
2018-08-06 00:00:00+08:00,59.06418111029286,59.06418111029286,56.31700574307134,57.232730865478516,427497,0.0,0.0
2018-08-07 00:00:00+08:00,56.77487000672046,58.148454578240475,56.77487000672046,57.46166229248047,99356,0.0,0.0
2018-08-08 00:00:00+08:00,58.37738835950353,58.60631502015891,57.690589904785156,57.690589904785156,123396,0.0,0.0
2018-08-09 00:00:00+08:00,58.148448559478005,59.52203298882263,58.148448559478005,58.60630798339844,86902,0.0,0.0
2018-08-10 00:00:00+08:00,58.60630798339844,59.52203298882263,58.37738135022989,58.60630798339844,93574,0.0,0.0
2018-08-13 00:00:00+08:00,58.60630987989614,58.60630987989614,55.85914093230861,56.08807373046875,47769,0.0,0.0
2018-08-14 00:00:00+08:00,56.08807333427288,56.54593276977539,55.40128110222737,56.54593276977539,51647,0.0,0.0
2018-08-15 00:00:00+08:00,56.77487079270533,56.77487079270533,56.3170051574707,56.3170051574707,44085,0.0,0.0
2018-08-16 00:00:00+08:00,56.31700175344248,56.31700175344248,55.8591423034668,55.8591423034668,39661,0.0,0.0
2018-08-17 00:00:00+08:00,56.77486556631838,58.1484500304094,56.54593276977539,56.54593276977539,44156,0.0,0.0
2018-08-20 00:00:00+08:00,57.00379760765087,57.91952272302461,56.54593812875603,57.690589904785156,35413,0.0,0.0
2018-08-21 00:00:00+08:00,57.690589904785156,57.690589904785156,57.461663244129774,57.690589904785156,28256,0.0,0.0
2018-08-22 00:00:00+08:00,57.690589904785156,58.37738835950353,57.690589904785156,57.690589904785156,28434,0.0,0.0
2018-08-23 00:00:00+08:00,58.606314049552495,58.606314049552495,57.46166229248047,57.46166229248047,17882,0.0,0.0
2018-08-24 00:00:00+08:00,57.46166368547634,57.46166368547634,57.232730865478516,57.232730865478516,10752,0.0,0.0
2018-08-27 00:00:00+08:00,57.232725001820896,57.232725001820896,56.54593276977539,56.54593276977539,31746,0.0,0.0
2018-08-28 00:00:00+08:00,56.77487182617187,56.77487182617187,56.54593900438732,56.774871826171875,26580,0.0,0.0
2018-08-29 00:00:00+08:00,56.54593719227247,57.46166229248047,56.54593719227247,57.46166229248047,31907,0.0,0.0
2018-08-30 00:00:00+08:00,57.232730865478516,57.46166368547634,57.232730865478516,57.232730865478516,12515,0.0,0.0
2018-08-31 00:00:00+08:00,57.69058578017555,58.6063108300792,57.69058578017555,58.377384185791016,44068,0.0,0.0
2018-09-03 00:00:00+08:00,58.60631502015891,58.60631502015891,57.690589904785156,57.690589904785156,28230,0.0,0.0
2018-09-04 00:00:00+08:00,58.148452565957015,60.20882935193571,58.148452565957015,59.979896545410156,92278,0.0,0.0
2018-09-05 00:00:00+08:00,59.97989836189388,60.208831175352636,58.835246609768,59.29310607910156,76149,0.0,0.0
2018-09-06 00:00:00+08:00,59.52203298882263,59.750965779574514,58.60630798339844,58.60630798339844,42834,0.0,0.0
2018-09-07 00:00:00+08:00,58.60631547029721,58.60631547029721,57.232730865478516,57.232730865478516,61986,0.0,0.0
2018-09-10 00:00:00+08:00,56.77487182617187,57.23273131215681,55.63021387483329,56.774871826171875,68393,0.0,0.0
2018-09-11 00:00:00+08:00,56.317009926398974,56.317009926398974,55.40129089355469,55.40129089355469,30248,0.0,0.0
2018-09-12 00:00:00+08:00,55.40128285349111,56.31700175344248,55.40128285349111,55.8591423034668,28203,0.0,0.0
2018-09-13 00:00:00+08:00,55.85914368591033,55.85914368591033,55.4012842246032,55.630210876464844,24854,0.0,0.0
2018-09-14 00:00:00+08:00,55.85914567982014,56.3170051574707,55.85914567982014,56.3170051574707,10576,0.0,0.0
2018-09-17 00:00:00+08:00,56.545937975088016,56.545937975088016,56.3170051574707,56.3170051574707,8901,0.0,0.0
2018-09-18 00:00:00+08:00,56.774865967365635,57.46165820426251,56.08807373046875,56.08807373046875,15864,0.0,0.0
2018-09-19 00:00:00+08:00,56.31700618260277,56.77487182617187,56.31700618260277,56.774871826171875,5947,0.0,0.0
2018-09-20 00:00:00+08:00,56.08808324698019,56.08808324698019,55.40129089355469,55.40129089355469,32610,0.0,0.0
2018-09-21 00:00:00+08:00,56.08808324698019,56.08808324698019,54.94342521954796,55.40129089355469,38780,0.0,0.0
2018-09-25 00:00:00+08:00,54.94341902596167,55.1723518371582,54.71448621476513,55.1723518371582,7237,0.0,0.0
2018-09-26 00:00:00+08:00,55.172358056551325,55.40129089355469,55.172358056551325,55.40129089355469,10576,0.0,0.0
2018-09-27 00:00:00+08:00,55.4012842246032,55.630210876464844,55.4012842246032,55.630210876464844,3525,0.0,0.0
2018-09-28 00:00:00+08:00,55.63021130196739,56.08807692436047,55.1723518371582,55.1723518371582,14278,0.0,0.0
2018-10-01 00:00:00+08:00,56.08807510724648,56.08807510724648,55.8591423034668,55.8591423034668,5289,0.0,0.0
2018-10-02 00:00:00+08:00,55.8591423034668,55.8591423034668,55.40128285349111,55.8591423034668,8813,0.0,0.0
2018-10-03 00:00:00+08:00,57.2327302703559,57.2327302703559,56.3170051574707,56.3170051574707,26440,0.0,0.0
2018-10-04 00:00:00+08:00,55.85914368591033,55.85914368591033,55.630210876464844,55.630210876464844,8813,0.0,0.0
2018-10-05 00:00:00+08:00,54.94342085086627,54.94342085086627,54.48556137084961,54.48556137084961,12353,0.0,0.0
2018-10-08 00:00:00+08:00,54.48556265060758,54.48556265060758,52.8830451965332,52.8830451965332,10578,0.0,0.0
2018-10-09 00:00:00+08:00,53.79876786558252,53.79876786558252,52.654109954833984,52.654109954833984,7414,0.0,0.0
2018-10-11 00:00:00+08:00,51.28052836364903,51.28052836364903,47.38870417220011,48.99121856689453,72271,0.0,0.0
2018-10-12 00:00:00+08:00,47.388702824342424,49.67800947719095,47.388702824342424,49.220149993896484,38899,0.0,0.0
2018-10-15 00:00:00+08:00,49.220149993896484,49.220149993896484,47.61763256598966,49.220149993896484,22915,0.0,0.0
2018-10-16 00:00:00+08:00,49.6780111703482,49.6780111703482,49.44908142089844,49.44908142089844,8813,0.0,0.0
2018-10-17 00:00:00+08:00,49.90694399859013,50.13587374803989,48.991218843206745,49.44908142089844,14101,0.0,0.0
2018-10-18 00:00:00+08:00,50.13587374803989,50.13587374803989,48.991218843206745,49.44908142089844,10576,0.0,0.0
2018-10-19 00:00:00+08:00,49.220149993896484,49.220149993896484,48.76228743180995,49.220149993896484,8813,0.0,0.0
2018-10-22 00:00:00+08:00,49.678009326509276,50.36480470695194,49.678009326509276,50.13587188720703,10576,0.0,0.0
2018-10-23 00:00:00+08:00,49.44907645880153,51.05159378051758,49.44907645880153,51.05159378051758,8813,0.0,0.0
2018-10-24 00:00:00+08:00,50.13586839768376,51.05159345534359,49.90693867266472,50.59373092651367,21329,0.0,0.0
2018-10-25 00:00:00+08:00,49.67801060469017,49.67801060469017,48.533355712890625,48.533355712890625,12460,0.0,0.0
2018-10-26 00:00:00+08:00,48.533355712890625,48.533355712890625,48.07549621920452,48.533355712890625,7105,0.0,0.0
2018-10-29 00:00:00+08:00,48.533355712890625,48.533355712890625,48.533355712890625,48.533355712890625,5288,0.0,0.0
2018-10-30 00:00:00+08:00,48.53335402476893,48.53335402476893,46.015114581917985,48.30442428588867,16040,0.0,0.0
2018-10-31 00:00:00+08:00,48.53335617159749,49.22015157620209,47.6176340967783,48.075496673583984,8813,0.0,0.0
2018-11-01 00:00:00+08:00,48.99121828536887,48.99121828536887,48.07549621920452,48.533355712890625,8813,0.0,0.0
2018-11-02 00:00:00+08:00,48.53335588906854,48.53335588906854,47.15977124543978,47.61763381958008,19742,0.0,0.0
2018-11-05 00:00:00+08:00,47.15977187233451,49.906944274902344,47.15977187233451,49.906944274902344,22915,0.0,0.0
2018-11-06 00:00:00+08:00,54.7144889831543,54.7144889831543,54.48556231795864,54.7144889831543,181455,0.0,0.0
2018-11-07 00:00:00+08:00,56.088078337392524,59.522039803933275,54.02769529988404,54.94342041015625,261976,0.0,0.0
2018-11-08 00:00:00+08:00,55.859145811061154,55.859145811061154,53.111976623535156,53.111976623535156,65608,0.0,0.0
2018-11-09 00:00:00+08:00,57.00379745273859,57.00379745273859,54.485561089284374,56.3170051574707,76248,0.0,0.0
2018-11-12 00:00:00+08:00,55.40128464835474,56.317003577973125,54.94341902596167,55.1723518371582,42305,0.0,0.0
2018-11-13 00:00:00+08:00,52.42518273313529,55.40128464835474,52.42518273313529,55.1723518371582,31729,0.0,0.0
2018-11-14 00:00:00+08:00,56.08807964550867,58.377389395789685,55.40128733618278,58.14845657348633,63810,0.0,0.0
2018-11-15 00:00:00+08:00,58.835248882812216,58.835248882812216,57.00379861955373,58.14845657348633,60484,0.0,0.0
2018-11-16 00:00:00+08:00,59.29310769520318,60.666698455810554,58.37738873157709,60.66669845581055,177385,0.0,0.0
2018-11-19 00:00:00+08:00,62.040277345688395,62.269203986721536,60.895619510188496,61.353485107421875,96493,0.0,0.0
2018-11-20 00:00:00+08:00,60.43776077369228,60.666693574972456,59.97989517113194,60.20882797241211,65619,0.0,0.0
2018-11-21 00:00:00+08:00,58.37738403492159,60.20882797241211,58.37738403492159,60.20882797241211,70509,0.0,0.0
2018-11-22 00:00:00+08:00,61.12455301994918,61.35348582122935,60.20882797241211,60.20882797241211,40542,0.0,0.0
2018-11-23 00:00:00+08:00,60.89562511792502,61.1245579376236,60.20883281641339,60.66669845581055,56759,0.0,0.0
2018-11-26 00:00:00+08:00,60.66669496498681,60.895621613928604,59.52203708994281,59.979896545410156,51515,0.0,0.0
2018-11-27 00:00:00+08:00,60.895626068115234,60.895626068115234,59.97990093261643,60.895626068115234,74034,0.0,0.0
2018-11-28 00:00:00+08:00,60.666692869155355,61.582411748455016,59.750967832272146,61.353485107421875,69504,0.0,0.0
2018-11-29 00:00:00+08:00,60.89562785151696,60.89562785151696,58.377391352125926,58.83525085449219,149969,0.0,0.0
2018-11-30 00:00:00+08:00,59.75096989646836,59.979896545410156,58.835244827949914,59.979896545410156,51348,0.0,0.0
2018-12-03 00:00:00+08:00,60.2088323805363,61.582416973615594,59.52204008399665,61.12455749511719,109372,0.0,0.0
2018-12-04 00:00:00+08:00,61.3534805536329,61.3534805536329,59.52203061580069,60.4377555847168,91686,0.0,0.0
2018-12-05 00:00:00+08:00,60.20882838119076,60.437761184025234,59.75096893310547,59.75096893310547,45853,0.0,0.0
2018-12-06 00:00:00+08:00,59.75097341270221,59.75097341270221,57.232730865478516,57.232730865478516,67533,0.0,0.0
2018-12-07 00:00:00+08:00,58.148448559478005,58.835240774150314,58.148448559478005,58.60630798339844,23973,0.0,0.0
2018-12-10 00:00:00+08:00,58.60630564688458,60.666688366341596,58.37737902284287,60.4377555847168,41071,0.0,0.0
2018-12-11 00:00:00+08:00,60.43776657915794,60.895626068115234,59.97990093261643,60.895626068115234,72271,0.0,0.0
2018-12-12 00:00:00+08:00,60.895624061470464,63.642799377441406,60.895624061470464,63.642799377441406,121231,0.0,0.0
2018-12-13 00:00:00+08:00,64.10065392904846,65.01637896405397,62.727069455331986,63.18492889404297,116340,0.0,0.0
2018-12-14 00:00:00+08:00,63.642795158532664,64.5585140455689,63.18492955743095,64.10065460205078,95541,0.0,0.0
2018-12-17 00:00:00+08:00,64.55851868560538,64.55851868560538,62.7270746223173,62.95600128173828,42307,0.0,0.0
2018-12-18 00:00:00+08:00,62.49814023762954,62.727073048892095,61.353488496484566,61.81134796142578,34108,0.0,0.0
2018-12-19 00:00:00+08:00,61.81134979165683,61.81134979165683,61.12455749511719,61.12455749511719,19742,0.0,0.0
2018-12-20 00:00:00+08:00,61.582417419436645,61.582417419436645,59.97989999671481,60.66669845581055,44085,0.0,0.0
2018-12-21 00:00:00+08:00,60.43776563611197,60.666698455810554,59.064181033088715,60.66669845581055,49894,0.0,0.0
2018-12-24 00:00:00+08:00,59.75096852743538,60.20882797241211,59.52203572615522,60.20882797241211,9536,0.0,0.0
2018-12-25 00:00:00+08:00,59.750974143598995,59.750974143598995,59.52204132080078,59.52204132080078,14101,0.0,0.0
2018-12-26 00:00:00+08:00,59.75097170601907,59.97989836189388,59.29310607910156,59.29310607910156,5711,0.0,0.0
2018-12-27 00:00:00+08:00,59.979895578356285,59.979895578356285,59.52203613027099,59.75096893310547,7050,0.0,0.0
2018-12-28 00:00:00+08:00,59.29310849800256,59.52204132080078,59.06418183278854,59.52204132080078,12691,0.0,0.0
2019-01-02 00:00:00+08:00,59.52203613027099,59.75096893310547,59.52203613027099,59.75096893310547,8989,0.0,0.0
2019-01-03 00:00:00+08:00,59.52204132080078,59.52204132080078,59.52204132080078,59.52204132080078,7050,0.0,0.0
2019-01-04 00:00:00+08:00,58.37738952197808,59.52204132080078,58.37738952197808,59.52204132080078,16040,0.0,0.0
2019-01-07 00:00:00+08:00,59.522041443659134,60.895626068115234,59.522041443659134,60.895626068115234,15864,0.0,0.0
2019-01-08 00:00:00+08:00,60.895626068115234,61.81135120361404,60.895626068115234,60.895626068115234,19566,0.0,0.0
2019-01-09 00:00:00+08:00,60.895621613928604,60.895621613928604,59.979896545410156,59.979896545410156,12568,0.0,0.0
2019-01-10 00:00:00+08:00,60.895619510188496,61.811344547071705,60.895619510188496,61.353485107421875,49356,0.0,0.0
2019-01-11 00:00:00+08:00,61.58241162217923,63.18492889404297,61.3534849816155,63.18492889404297,44420,0.0,0.0
2019-01-14 00:00:00+08:00,65.2453056046177,65.2453056046177,63.18492889404297,63.18492889404297,17979,0.0,0.0
2019-01-15 00:00:00+08:00,63.642804062442316,63.642804062442316,62.49814605712891,62.498146057128906,26617,0.0,0.0
2019-01-16 00:00:00+08:00,62.49814085590628,62.727073669433594,60.666696820439576,62.727073669433594,26440,0.0,0.0
2019-01-17 00:00:00+08:00,62.04027654794565,62.49813598170812,61.58241095659972,62.269203186035156,21210,0.0,0.0
2019-01-18 00:00:00+08:00,62.2692098657719,62.2692098657719,62.040283203125,62.040283203125,3555,0.0,0.0
2019-01-21 00:00:00+08:00,63.184933138904285,63.184933138904285,61.81134857290827,62.727073669433594,30287,0.0,0.0
2019-01-22 00:00:00+08:00,62.2692098657719,62.49814268600292,62.040283203125,62.040283203125,14140,0.0,0.0
2019-01-23 00:00:00+08:00,62.26920804237896,63.64279876595892,62.26920804237896,62.727073669433594,38850,0.0,0.0
2019-01-24 00:00:00+08:00,62.72707901854796,65.47424838480761,62.72707901854796,65.24531555175781,146236,0.0,0.0
2019-01-25 00:00:00+08:00,65.7031672997613,69.13712828015974,65.47423451520702,68.90819549560547,160937,0.0,0.0
2019-01-28 00:00:00+08:00,69.13714153786452,69.59500719477319,66.84783172607422,66.84783172607422,106611,0.0,0.0
2019-01-29 00:00:00+08:00,66.847828942237,67.30569458007812,65.70317716280235,67.30569458007812,28468,0.0,0.0
2019-01-30 00:00:00+08:00,66.84782066624825,66.84782066624825,65.93209566151997,66.38996124267578,44778,0.0,0.0
2019-02-11 00:00:00+08:00,66.84781890736639,68.90819549560547,66.84781890736639,68.90819549560547,87223,0.0,0.0
2019-02-12 00:00:00+08:00,69.36606758413045,71.88430382057305,69.36606758413045,70.5107192993164,144520,0.0,0.0
2019-02-13 00:00:00+08:00,70.51072295925329,70.73965577720699,68.22141325246848,69.13713836669922,106028,0.0,0.0
2019-02-14 00:00:00+08:00,68.22140679424973,68.22140679424973,66.38996289674702,67.53461456298828,201180,0.0,0.0
2019-02-15 00:00:00+08:00,67.99248659209886,69.13713836669922,67.30569429582182,69.13713836669922,76008,0.0,0.0
2019-02-18 00:00:00+08:00,70.05285470141764,70.96857970088334,69.13712970195196,70.7396469116211,144543,0.0,0.0
2019-02-19 00:00:00+08:00,70.7396521053871,72.57110223878512,70.5107192993164,70.5107192993164,94200,0.0,0.0
2019-02-20 00:00:00+08:00,71.42644338650035,71.42644338650035,70.05285888408052,70.28179168701172,93216,0.0,0.0
2019-02-21 00:00:00+08:00,70.28179168701172,70.28179168701172,69.5949994358018,70.28179168701172,71002,0.0,0.0
2019-02-22 00:00:00+08:00,70.96859353832582,70.96859353832582,69.59500885009766,69.59500885009766,60371,0.0,0.0
2019-02-25 00:00:00+08:00,69.36606663287061,70.73965113529044,69.36606663287061,70.28179168701172,69294,0.0,0.0
2019-02-26 00:00:00+08:00,71.19750633256228,71.19750633256228,70.51071412235885,70.7396469116211,51447,0.0,0.0
2019-02-27 00:00:00+08:00,70.51071412235885,70.96857970088334,70.51071412235885,70.7396469116211,45919,0.0,0.0
2019-03-04 00:00:00+08:00,70.7396469116211,70.7396469116211,69.59499528047645,70.7396469116211,16927,0.0,0.0
2019-03-05 00:00:00+08:00,70.96857970088334,71.42643912182453,70.7396469116211,70.7396469116211,19390,0.0,0.0
2019-03-06 00:00:00+08:00,71.4264531652171,74.63148821470797,71.4264531652171,72.34217834472656,97048,0.0,0.0
2019-03-07 00:00:00+08:00,71.42645263671875,72.80003731702728,71.19751980413918,71.42645263671875,30021,0.0,0.0
2019-03-08 00:00:00+08:00,71.42645078071922,72.11324310302734,71.42645078071922,72.11324310302734,26705,0.0,0.0
2019-03-11 00:00:00+08:00,72.34217313923098,72.80003261724747,72.34217313923098,72.57110595703125,14595,0.0,0.0
2019-03-12 00:00:00+08:00,72.5711069061258,72.80003356933594,72.34217408533152,72.80003356933594,27220,0.0,0.0
2019-03-13 00:00:00+08:00,73.257898252848,73.257898252848,72.57110595703125,72.57110595703125,18173,0.0,0.0
2019-03-14 00:00:00+08:00,72.34217834472656,72.34217834472656,72.11324551045307,72.34217834472656,33678,0.0,0.0
2019-03-15 00:00:00+08:00,72.11324310302734,72.57110875628896,72.11324310302734,72.11324310302734,28669,0.0,0.0
2019-03-18 00:00:00+08:00,72.11324310302734,72.34217592965815,72.11324310302734,72.11324310302734,17852,0.0,0.0
2019-03-19 00:00:00+08:00,72.34217129174739,72.34217129174739,68.22141146449934,69.82392883300781,129560,0.0,0.0
2019-03-20 00:00:00+08:00,70.28179841085546,71.19751739501953,70.05286558602232,71.19751739501953,42665,0.0,0.0
2019-03-21 00:00:00+08:00,71.65538546929832,71.88431214429345,71.19751980413918,71.42645263671875,37898,0.0,0.0
2019-03-22 00:00:00+08:00,71.8843002319336,72.1132330265754,71.8843002319336,71.8843002319336,33844,0.0,0.0
2019-03-25 00:00:00+08:00,71.88431214429345,71.88431214429345,70.96859312914407,71.42645263671875,27357,0.0,0.0
2019-03-26 00:00:00+08:00,71.42645263671875,71.42645263671875,71.42645263671875,71.42645263671875,10632,0.0,0.0
2019-03-27 00:00:00+08:00,71.65538546929832,71.65538546929832,71.19751980413918,71.42645263671875,37687,0.0,0.0
2019-03-28 00:00:00+08:00,72.34217380089632,72.34217380089632,70.05286407470703,70.05286407470703,42354,0.0,0.0
2019-03-29 00:00:00+08:00,70.51072111128516,70.51072111128516,69.82392883300781,69.82392883300781,16745,0.0,0.0
2019-04-01 00:00:00+08:00,70.05286836031222,70.05286836031222,69.36607601619814,69.59500885009766,35607,0.0,0.0
2019-04-02 00:00:00+08:00,69.59500217863796,69.82392883300781,69.59500217863796,69.82392883300781,16340,0.0,0.0
2019-04-03 00:00:00+08:00,70.05286407470703,70.05286407470703,70.05286407470703,70.05286407470703,2407,0.0,0.0
2019-04-08 00:00:00+08:00,70.05285984475877,70.5107192993164,70.05285984475877,70.5107192993164,17063,0.0,0.0
2019-04-09 00:00:00+08:00,73.715755040646,76.69185693310195,72.34217049914076,74.17361450195312,152336,0.0,0.0
2019-04-10 00:00:00+08:00,74.63148256058174,75.31827485378591,73.2578979741734,74.40254974365234,54822,0.0,0.0
2019-04-11 00:00:00+08:00,75.31827424101137,75.31827424101137,73.48682403564453,73.48682403564453,53657,0.0,0.0
2019-04-12 00:00:00+08:00,73.48681884904015,75.08933612623653,73.48681884904015,73.71575164794922,37546,0.0,0.0
2019-04-15 00:00:00+08:00,74.17361751551093,75.31827545166016,73.71575803560168,75.31827545166016,49125,0.0,0.0
2019-04-16 00:00:00+08:00,76.46293063490087,76.46293063490087,74.86041314748687,75.77613830566406,41142,0.0,0.0
2019-04-17 00:00:00+08:00,76.46293171834286,78.52330873524781,76.46293171834286,77.60758972167969,145310,0.0,0.0
2019-04-18 00:00:00+08:00,76.69185409188368,76.69185409188368,74.63147735595703,74.63147735595703,88594,0.0,0.0
2019-04-19 00:00:00+08:00,74.86040212918705,77.83650999462174,74.86040212918705,77.14971160888672,96853,0.0,0.0
2019-04-22 00:00:00+08:00,77.37865688949543,78.294382060648,77.37865688949543,77.60758972167969,64031,0.0,0.0
2019-04-23 00:00:00+08:00,78.52330346931093,78.52330346931093,77.37865170032129,77.83651733398438,69201,0.0,0.0
2019-04-24 00:00:00+08:00,78.29438112841892,81.49941611049925,78.29438112841892,78.52330780029297,138011,0.0,0.0
2019-04-25 00:00:00+08:00,78.7522372475843,78.98117006721077,77.83651828424672,78.06544494628906,63722,0.0,0.0
2019-04-26 00:00:00+08:00,77.83651706503349,79.89689393664597,77.83651706503349,79.66796112060547,85404,0.0,0.0
2019-04-29 00:00:00+08:00,81.04154630652747,81.49941194202572,79.66796171520085,80.58368682861328,132483,0.0,0.0
2019-04-30 00:00:00+08:00,81.27048098508152,81.27048098508152,78.52330558194366,79.89689636230469,94314,0.0,0.0
2019-05-02 00:00:00+08:00,80.12582302771136,80.5836886736931,78.75223840493453,79.89689636230469,109502,0.0,0.0
2019-05-03 00:00:00+08:00,79.43903256673526,79.43903256673526,78.29438074028637,79.2101058959961,41239,0.0,0.0
2019-05-06 00:00:00+08:00,78.52330412619304,78.52330412619304,75.31827545166016,75.31827545166016,113377,0.0,0.0
2019-05-07 00:00:00+08:00,76.00506711450011,77.83651733398438,75.54720148083703,77.83651733398438,63787,0.0,0.0
2019-05-08 00:00:00+08:00,76.92079222424225,77.83651733398438,76.23399993133165,77.83651733398438,59985,0.0,0.0
2019-05-09 00:00:00+08:00,77.83651828424672,78.29437776591551,76.4629275240721,78.06544494628906,67355,0.0,0.0
2019-05-10 00:00:00+08:00,78.29436341943634,78.52329003953069,76.4629135131836,76.4629135131836,37898,0.0,0.0
2019-05-13 00:00:00+08:00,75.54720211282275,75.54720211282275,75.31827545166016,75.31827545166016,19910,0.0,0.0
2019-05-14 00:00:00+08:00,73.25789557933886,74.86040677270574,70.96858595763554,74.17361450195312,46271,0.0,0.0
2019-05-15 00:00:00+08:00,74.63147958676403,76.92078919208454,74.17361397114966,76.69185638427734,25577,0.0,0.0
2019-05-16 00:00:00+08:00,75.54719199918117,75.54719199918117,74.86039979246739,75.0893325805664,19742,0.0,0.0
2019-05-17 00:00:00+08:00,76.00505757537918,76.00505757537918,75.0893325805664,75.0893325805664,14216,0.0,0.0
2019-05-20 00:00:00+08:00,76.46292228058518,76.46292228058518,73.94468606772006,74.86040496826172,54646,0.0,0.0
2019-05-21 00:00:00+08:00,74.86039979246739,75.0893325805664,74.86039979246739,75.0893325805664,4101,0.0,0.0
2019-05-22 00:00:00+08:00,76.46292538683981,76.46292538683981,76.00506591796875,76.00506591796875,17752,0.0,0.0
2019-05-23 00:00:00+08:00,75.54719722245981,75.54719722245981,74.86040496826172,74.86040496826172,8813,0.0,0.0
2019-05-24 00:00:00+08:00,74.17361271406362,75.77613002638708,74.17361271406362,74.86040496826172,9166,0.0,0.0
2019-05-27 00:00:00+08:00,75.31827880536764,75.77613830566406,75.31827880536764,75.77613830566406,7121,0.0,0.0
2019-05-28 00:00:00+08:00,76.92078399658203,76.92078399658203,76.92078399658203,76.92078399658203,3525,0.0,0.0
2019-05-29 00:00:00+08:00,75.54719199918117,75.54719199918117,75.0893325805664,75.0893325805664,15371,0.0,0.0
2019-05-30 00:00:00+08:00,74.63147316195165,75.0893325805664,74.63147316195165,75.0893325805664,9130,0.0,0.0
2019-05-31 00:00:00+08:00,75.77612478728018,75.77612478728018,75.0893325805664,75.0893325805664,11105,0.0,0.0
2019-06-03 00:00:00+08:00,75.54719543457031,75.54719543457031,75.54719543457031,75.54719543457031,25030,0.0,0.0
2019-06-04 00:00:00+08:00,76.00506775031607,76.00506775031607,75.31827545166016,75.31827545166016,10840,0.0,0.0
2019-06-05 00:00:00+08:00,76.00507113460445,76.00507113460445,75.54720547672368,75.77613830566406,9871,0.0,0.0
2019-06-06 00:00:00+08:00,75.54720029151375,76.69185820006732,75.31827363587018,76.00506591796875,9095,0.0,0.0
2019-06-10 00:00:00+08:00,77.37864685058594,77.60757965306902,77.37864685058594,77.37864685058594,25207,0.0,0.0
2019-06-11 00:00:00+08:00,77.83652216379515,80.12582584382731,77.83652216379515,79.43903350830078,65573,0.0,0.0
2019-06-12 00:00:00+08:00,79.8968986194591,79.8968986194591,78.52330780029297,78.52330780029297,22007,0.0,0.0
2019-06-13 00:00:00+08:00,79.43903350830078,79.43903350830078,79.43903350830078,79.43903350830078,8989,0.0,0.0
2019-06-14 00:00:00+08:00,78.9811734592098,79.21010628866821,78.52330780029297,78.52330780029297,7315,0.0,0.0
2019-06-17 00:00:00+08:00,78.52330780029297,78.75224062975138,77.60758879762805,78.52330780029297,16040,0.0,0.0
2019-06-18 00:00:00+08:00,77.83651245555212,77.83651245555212,77.37864685058594,77.37864685058594,11281,0.0,0.0
2019-06-19 00:00:00+08:00,77.83652255386394,77.83652255386394,77.60758972167969,77.60758972167969,32469,0.0,0.0
2019-06-20 00:00:00+08:00,77.60758451715283,77.83651733398438,77.60758451715283,77.83651733398438,8901,0.0,0.0
2019-06-21 00:00:00+08:00,78.294382060648,78.52330873524781,77.60758972167969,77.60758972167969,42481,0.0,0.0
2019-06-24 00:00:00+08:00,77.60758879762805,78.52330780029297,77.60758879762805,78.52330780029297,40225,0.0,0.0
2019-06-25 00:00:00+08:00,78.9811682268898,79.21010104118194,78.5233025983055,78.75223541259766,109068,0.0,0.0
2019-06-26 00:00:00+08:00,78.7522372475843,78.98117006721077,78.06544494628906,78.06544494628906,68289,0.0,0.0
2019-06-27 00:00:00+08:00,78.0654380722643,78.77945073743484,77.35142540709376,77.58943176269531,34766,3.687462,1.1
2019-06-28 00:00:00+08:00,77.58943101193144,78.54144362185762,77.58943101193144,78.06543731689453,29460,0.0,0.0
2019-07-01 00:00:00+08:00,78.54145050048828,78.54145050048828,78.06544415383674,78.54145050048828,13396,0.0,0.0
2019-07-02 00:00:00+08:00,78.54145050048828,79.01746324877448,77.58943780718518,78.54145050048828,19742,0.0,0.0
2019-07-03 00:00:00+08:00,79.01746311053266,79.73147583007812,79.01746311053266,79.73147583007812,21152,0.0,0.0
2019-07-04 00:00:00+08:00,79.96947479248047,80.44548109418444,79.96947479248047,79.96947479248047,24678,0.0,0.0
2019-07-05 00:00:00+08:00,80.44549415734555,82.11152608629952,80.20748776702781,81.63551330566406,24678,0.0,0.0
2019-07-08 00:00:00+08:00,82.11151863679117,82.11151863679117,81.39750593225135,81.8735122680664,33491,0.0,0.0
2019-07-09 00:00:00+08:00,81.87352029692535,83.30154584604315,81.87352029692535,82.34953308105469,79322,0.0,0.0
2019-07-10 00:00:00+08:00,82.34953308105469,82.34953308105469,81.87352029692535,82.34953308105469,35254,0.0,0.0
2019-07-11 00:00:00+08:00,82.11152668899003,82.34953308105469,81.87352029692535,82.34953308105469,23620,0.0,0.0
2019-07-12 00:00:00+08:00,82.3495246719723,83.06353737362015,81.87351193645077,82.82553100585938,43579,0.0,0.0
2019-07-15 00:00:00+08:00,83.30153678567777,84.25355584875415,83.06353682113449,83.53954315185547,95804,0.0,0.0
2019-07-16 00:00:00+08:00,84.49157013689164,84.96757651224316,83.77755737304688,83.77755737304688,55531,0.0,0.0
2019-07-17 00:00:00+08:00,84.01555735990512,84.01555735990512,82.34953184535733,83.77755737304688,49708,0.0,0.0
2019-07-18 00:00:00+08:00,83.30154521567934,83.77755799620657,83.06354522705078,83.06354522705078,28494,0.0,0.0
2019-07-19 00:00:00+08:00,83.77755737304688,83.77755737304688,83.30154459606034,83.77755737304688,39044,0.0,0.0
2019-07-22 00:00:00+08:00,84.72957611083984,85.68158885688509,84.49156972351105,84.72957611083984,85205,0.0,0.0
2019-07-23 00:00:00+08:00,84.72956802709449,84.72956802709449,84.25355529785156,84.25355529785156,21207,0.0,0.0
2019-07-24 00:00:00+08:00,84.72956802709449,84.72956802709449,84.25355529785156,84.25355529785156,28221,0.0,0.0
2019-07-25 00:00:00+08:00,84.25356252650772,85.20558166503906,84.25356252650772,85.20558166503906,41071,0.0,0.0
2019-07-26 00:00:00+08:00,85.2055734966014,85.91958618164062,85.2055734966014,85.91958618164062,59657,0.0,0.0
2019-07-29 00:00:00+08:00,87.82363167631033,87.82363167631033,86.63360616654886,86.87161254882812,72041,0.0,0.0
2019-07-30 00:00:00+08:00,87.10961375125355,87.10961375125355,83.3015435895484,85.44358825683594,108515,0.0,0.0
2019-07-31 00:00:00+08:00,85.68158763496294,86.39560038513167,85.44358765266328,86.15760040283203,13477,0.0,0.0
2019-08-01 00:00:00+08:00,85.20558166503906,85.20558166503906,83.53954977301794,85.20558166503906,49708,0.0,0.0
2019-08-02 00:00:00+08:00,84.49156972447574,84.49156972447574,82.82553781642507,83.30154418945312,52279,0.0,0.0
2019-08-05 00:00:00+08:00,82.82553883678716,83.06354522705078,82.11152606763137,83.06354522705078,21170,0.0,0.0
2019-08-06 00:00:00+08:00,80.92150691958342,83.06354522705078,80.92150691958342,83.06354522705078,13248,0.0,0.0
2019-08-07 00:00:00+08:00,83.5395509845536,83.77755737304688,82.58753183221557,83.77755737304688,12779,0.0,0.0
2019-08-08 00:00:00+08:00,84.72956664659063,88.06162368882985,84.72956664659063,86.63359832763672,201252,0.0,0.0
2019-08-12 00:00:00+08:00,87.10961155652645,89.01364979022425,87.10961155652645,88.53764343261719,178732,0.0,0.0
2019-08-13 00:00:00+08:00,88.53764284611515,89.72766193306711,87.58562373557274,89.25165557861328,93761,0.0,0.0
2019-08-14 00:00:00+08:00,89.9656656827473,93.05972290039062,89.72765931165642,93.05972290039062,221518,0.0,0.0
2019-08-15 00:00:00+08:00,93.05972810741096,96.39178548095099,92.10770897141313,95.91577911376953,210907,0.0,0.0
2019-08-16 00:00:00+08:00,95.67777437560959,95.67777437560959,93.05972970861268,93.53573608398438,143960,0.0,0.0
2019-08-19 00:00:00+08:00,94.72575378417969,94.72575378417969,93.05972200582778,94.72575378417969,78862,0.0,0.0
2019-08-20 00:00:00+08:00,94.48775263861958,97.5818099975586,94.48775263861958,97.5818099975586,214776,0.0,0.0
2019-08-21 00:00:00+08:00,98.53382912376325,98.53382912376325,95.20176538286437,97.5818099975586,177951,0.0,0.0
2019-08-22 00:00:00+08:00,97.65320730374087,99.22403395573012,97.39139966092546,97.91500854492188,160126,0.0,1.1
2019-08-23 00:00:00+08:00,98.17681651740696,98.17681651740696,94.2497402717954,96.0823745727539,178830,0.0,0.0
2019-08-26 00:00:00+08:00,94.77335357666016,94.77335357666016,93.46433450205355,94.77335357666016,74034,0.0,0.0
2019-08-27 00:00:00+08:00,95.82057998486474,95.82057998486474,93.72613789476509,93.98794555664062,58545,0.0,0.0
2019-08-28 00:00:00+08:00,93.98794555664062,94.77335573899747,93.72613789476509,93.98794555664062,38619,0.0,0.0
2019-08-29 00:00:00+08:00,94.51155809425417,94.51155809425417,92.41711592403259,93.46434020996094,40719,0.0,0.0
2019-08-30 00:00:00+08:00,93.46432472856596,95.29695892333984,93.46432472856596,95.29695892333984,34918,0.0,0.0
2019-09-02 00:00:00+08:00,93.72612595545705,95.29695892333984,93.72612595545705,95.29695892333984,18200,0.0,0.0
2019-09-03 00:00:00+08:00,94.51155589578133,94.51155589578133,93.9879469658146,94.24974822998047,18606,0.0,0.0
2019-09-04 00:00:00+08:00,96.08237824424636,100.00945463991906,96.08237824424636,98.4386215209961,122102,0.0,0.0
2019-09-05 00:00:00+08:00,97.91501524318907,99.22404074354644,97.39140632337309,98.70043182373047,34347,0.0,0.0
2019-09-06 00:00:00+08:00,101.05667516371977,101.05667516371977,98.70043182373047,98.70043182373047,27347,0.0,0.0
2019-09-10 00:00:00+08:00,94.24975042236329,94.24975042236329,93.20253253807007,93.46434020996094,51545,0.0,0.0
2019-09-11 00:00:00+08:00,95.55877740906611,95.55877740906611,93.72614288330078,93.72614288330078,17859,0.0,0.0
2019-09-12 00:00:00+08:00,93.98794915210756,93.98794915210756,93.46434020996094,93.46434020996094,17705,0.0,0.0
2019-09-16 00:00:00+08:00,93.46433080901309,93.46433080901309,92.41710662841797,92.41710662841797,53240,0.0,0.0
2019-09-17 00:00:00+08:00,92.41710662841797,92.41710662841797,92.41710662841797,92.41710662841797,11858,0.0,0.0
2019-09-18 00:00:00+08:00,93.20253037004701,94.24974822998047,93.20253037004701,94.24974822998047,35501,0.0,0.0
2019-09-19 00:00:00+08:00,95.03516845908105,95.03516845908105,93.72614288330078,93.72614288330078,19309,0.0,0.0
2019-09-20 00:00:00+08:00,93.72613930001374,94.24974822998047,93.72613930001374,94.24974822998047,17627,0.0,0.0
2019-09-23 00:00:00+08:00,94.24974508656794,94.24974508656794,92.94071960449219,92.94071960449219,13005,0.0,0.0
2019-09-24 00:00:00+08:00,92.94072270424617,94.24974822998047,92.94072270424617,94.24974822998047,11377,0.0,0.0
2019-09-25 00:00:00+08:00,94.24975183328584,94.24975183328584,92.94072625750559,93.72614288330078,17675,0.0,0.0
2019-09-26 00:00:00+08:00,93.20253253807007,93.72614148021668,92.9407248661792,93.46434020996094,17750,0.0,0.0
2019-09-27 00:00:00+08:00,93.20252171779542,93.20252171779542,91.63169507371948,92.15530395507812,40307,0.0,0.0
2019-10-01 00:00:00+08:00,91.89350344388193,91.89350344388193,90.5844779380968,91.10809326171875,59663,0.0,0.0
2019-10-02 00:00:00+08:00,90.3226790186837,91.10809562283627,90.06087135008782,90.58448028564453,38796,0.0,0.0
2019-10-03 00:00:00+08:00,89.79906078814703,92.15530395507812,89.53725314665051,92.15530395507812,51680,0.0,0.0
2019-10-04 00:00:00+08:00,92.94072128785608,92.94072128785608,91.10809326171875,91.10809326171875,14822,0.0,0.0
2019-10-07 00:00:00+08:00,91.10809729263971,91.63170623779297,90.5844819458513,91.63170623779297,51768,0.0,0.0
2019-10-08 00:00:00+08:00,90.84628653970847,90.84628653970847,89.53726102038154,90.32267761230469,49100,0.0,0.0
2019-10-09 00:00:00+08:00,86.91920700840231,87.44281587933052,85.61018163026466,86.39559173583984,180056,0.0,0.0
2019-10-14 00:00:00+08:00,86.91921829806603,87.18101956671755,85.87199401855469,85.87199401855469,84796,0.0,0.0
2019-10-15 00:00:00+08:00,85.87198286491163,87.96642475025874,85.34837399398343,86.39559173583984,64580,0.0,0.0
2019-10-16 00:00:00+08:00,86.39560106086105,87.44282531738281,86.13379979795683,87.44282531738281,40813,0.0,0.0
2019-10-17 00:00:00+08:00,86.39559703661985,87.70462249507241,85.08657797980192,86.9192123413086,61711,0.0,0.0
2019-10-18 00:00:00+08:00,87.44281965111503,88.75183868408203,87.44281965111503,88.75183868408203,20213,0.0,0.0
2019-10-21 00:00:00+08:00,88.75183868408203,88.75183868408203,88.49003743814245,88.75183868408203,11858,0.0,0.0
2019-10-22 00:00:00+08:00,87.96642712567461,88.75183725245876,87.96642712567461,88.49003601074219,7211,0.0,0.0
2019-10-23 00:00:00+08:00,89.01364633165616,89.01364633165616,88.49003743814245,88.75183868408203,13621,0.0,0.0
2019-10-24 00:00:00+08:00,89.01365564238347,90.0608735389487,89.01365564238347,89.799072265625,31137,0.0,0.0
2019-10-25 00:00:00+08:00,90.06086947572219,90.06086947572219,87.44282485242599,89.27545928955078,27154,0.0,0.0
2019-10-28 00:00:00+08:00,89.01364489580975,89.01364489580975,88.49003601074219,88.49003601074219,14832,0.0,0.0
2019-10-29 00:00:00+08:00,88.49004099550132,88.49004099550132,88.22823333740234,88.22823333740234,5276,0.0,0.0
2019-10-30 00:00:00+08:00,88.22822979056832,88.75183868408203,88.22822979056832,88.75183868408203,31027,0.0,0.0
2019-10-31 00:00:00+08:00,88.49004270174447,89.79906821421002,88.49004270174447,89.27545928955078,13060,0.0,0.0
2019-11-01 00:00:00+08:00,89.27546331734239,89.799072265625,89.27546331734239,89.799072265625,16720,0.0,0.0
2019-11-04 00:00:00+08:00,90.06087135008782,90.58448028564453,89.799070083127,90.58448028564453,49676,0.0,0.0
2019-11-05 00:00:00+08:00,90.58446854788424,90.58446854788424,90.06085968017578,90.06085968017578,12819,0.0,0.0
2019-11-06 00:00:00+08:00,90.58446854788424,90.58446854788424,90.06085968017578,90.06085968017578,12819,0.0,0.0
2019-11-07 00:00:00+08:00,90.32268121390761,90.32268121390761,89.799072265625,89.799072265625,11217,0.0,0.0
2019-11-08 00:00:00+08:00,89.01365209971304,89.27545976425222,87.44282531738281,87.44282531738281,50396,0.0,0.0
2019-11-11 00:00:00+08:00,88.22823333740234,88.75184225196548,86.9192142518119,88.22823333740234,64099,0.0,0.0
2019-11-12 00:00:00+08:00,86.91920700840231,86.91920700840231,86.39559173583984,86.39559173583984,24037,0.0,0.0
2019-11-13 00:00:00+08:00,86.65739937212108,86.65739937212108,86.39559173583984,86.39559173583984,11217,0.0,0.0
2019-11-14 00:00:00+08:00,86.65739937212108,86.65739937212108,86.39559173583984,86.39559173583984,11217,0.0,0.0
2019-11-15 00:00:00+08:00,86.3955975440397,87.9664306640625,86.3955975440397,87.9664306640625,14645,0.0,0.0
2019-11-18 00:00:00+08:00,87.96643158286344,87.96643158286344,87.18101501464844,87.18101501464844,24037,0.0,0.0
2019-11-19 00:00:00+08:00,87.18101501464844,87.18101501464844,87.18101501464844,87.18101501464844,4807,0.0,0.0
2019-11-20 00:00:00+08:00,87.1810109256139,87.1810109256139,86.39559439423715,86.65740203857422,27242,0.0,0.0
2019-11-21 00:00:00+08:00,86.39559439423715,86.65740203857422,86.39559439423715,86.65740203857422,19229,0.0,0.0
2019-11-22 00:00:00+08:00,86.39559893561396,90.06086773919074,86.39559893561396,88.22823333740234,44289,0.0,0.0
2019-11-25 00:00:00+08:00,87.18101147101278,88.22822925164348,87.18101147101278,87.70462036132812,30447,0.0,0.0
2019-11-26 00:00:00+08:00,87.18101359201832,87.18101359201832,86.65740468896422,86.9192123413086,17627,0.0,0.0
2019-11-27 00:00:00+08:00,87.18101359201832,87.18101359201832,86.65740468896422,86.9192123413086,17627,0.0,0.0
2019-11-28 00:00:00+08:00,86.9192123413086,86.9192123413086,86.9192123413086,86.9192123413086,4807,0.0,0.0
2019-11-29 00:00:00+08:00,87.44281856995097,87.44281856995097,86.65740203857422,86.65740203857422,17821,0.0,0.0
2019-12-02 00:00:00+08:00,86.65740468896422,86.9192123413086,86.65740468896422,86.9192123413086,8012,0.0,0.0
2019-12-03 00:00:00+08:00,86.65740468896422,86.9192123413086,86.65740468896422,86.9192123413086,8012,0.0,0.0
2019-12-04 00:00:00+08:00,86.65740203857422,86.65740203857422,86.65740203857422,86.65740203857422,4807,0.0,0.0
2019-12-05 00:00:00+08:00,86.91921638993941,87.44282531738281,86.65740872540023,87.44282531738281,14422,0.0,0.0
2019-12-06 00:00:00+08:00,86.9192123413086,86.9192123413086,86.9192123413086,86.9192123413086,12819,0.0,0.0
2019-12-09 00:00:00+08:00,87.18101501464844,87.70462392624685,86.91921375966662,87.18101501464844,20832,0.0,0.0
2019-12-10 00:00:00+08:00,85.87199622631765,85.87199622631765,85.08658599853516,85.08658599853516,105763,0.0,0.0
2019-12-11 00:00:00+08:00,84.82476895972646,84.82476895972646,84.03935241699219,84.03935241699219,57689,0.0,0.0
2019-12-12 00:00:00+08:00,85.0865824383204,85.0865824383204,82.73033905029297,82.73033905029297,62496,0.0,0.0
2019-12-13 00:00:00+08:00,83.25394302125336,83.25394302125336,80.37408447265625,80.37408447265625,69419,0.0,0.0
2019-12-16 00:00:00+08:00,78.80326483309855,80.11229039941196,78.5414571591818,79.32687377929688,84931,0.0,0.0
2019-12-17 00:00:00+08:00,79.58867290932777,80.1122817993164,79.58867290932777,80.1122817993164,9614,0.0,0.0
2019-12-18 00:00:00+08:00,79.58866882324219,79.58866882324219,79.58866882324219,79.58866882324219,11217,0.0,0.0
2019-12-19 00:00:00+08:00,80.1122817993164,80.1122817993164,79.06506401933915,80.1122817993164,24037,0.0,0.0
2019-12-20 00:00:00+08:00,80.1122817993164,80.1122817993164,79.06506401933915,80.1122817993164,24710,0.0,0.0
2019-12-23 00:00:00+08:00,79.58867026111606,80.11227913368228,79.32686262401582,79.85047149658203,22434,0.0,0.0
2019-12-24 00:00:00+08:00,80.1122817993164,80.63589068930504,80.1122817993164,80.1122817993164,20832,0.0,0.0
2019-12-25 00:00:00+08:00,80.112283223824,80.37408447265625,80.112283223824,80.37408447265625,38459,0.0,0.0
2019-12-26 00:00:00+08:00,80.1122817993164,80.37408304349348,80.1122817993164,80.1122817993164,28844,0.0,0.0
2019-12-27 00:00:00+08:00,81.15949492607241,84.82476334748182,80.89769369690553,83.25393676757812,64357,0.0,0.0
2019-12-30 00:00:00+08:00,82.20671844482422,82.20671844482422,81.94491719719002,82.20671844482422,16024,0.0,0.0
2019-12-31 00:00:00+08:00,82.20671844482422,82.20671844482422,81.94491719719002,82.20671844482422,16377,0.0,0.0
2020-01-02 00:00:00+08:00,82.46852027680922,83.77754562754602,82.46852027680922,83.25393676757812,32049,0.0,0.0
2020-01-03 00:00:00+08:00,83.25394119178422,83.25394119178422,81.94491577148438,81.94491577148438,24088,0.0,0.0
2020-01-06 00:00:00+08:00,82.20671433950447,82.20671433950447,81.68310546875,81.68310546875,24037,0.0,0.0
2020-01-07 00:00:00+08:00,82.73033374336177,82.99213499099598,82.20671844482422,82.20671844482422,17627,0.0,0.0
2020-01-08 00:00:00+08:00,81.42131042480469,82.20672058983548,81.42131042480469,81.42131042480469,20832,0.0,0.0
2020-01-09 00:00:00+08:00,83.77755833352053,83.77755833352053,81.68311617436497,82.99214172363281,8012,0.0,0.0
2020-01-10 00:00:00+08:00,83.77755833352053,83.77755833352053,81.68311617436497,82.99214172363281,8012,0.0,0.0
2020-01-13 00:00:00+08:00,83.25393676757812,83.25393676757812,83.25393676757812,83.25393676757812,9614,0.0,0.0
2020-01-14 00:00:00+08:00,83.25393820722395,83.51573944091797,83.25393820722395,83.51573944091797,4807,0.0,0.0
2020-01-15 00:00:00+08:00,83.25394843966971,84.03935863891795,83.25394843966971,83.77755737304688,17627,0.0,0.0
2020-01-16 00:00:00+08:00,84.03934745765889,85.08657158671727,84.03934745765889,84.30115509033203,20832,0.0,0.0
2020-01-17 00:00:00+08:00,83.77754887188178,84.8247666323717,83.77754887188178,84.5629653930664,11617,0.0,0.0
2020-01-20 00:00:00+08:00,84.82477212831,86.39559887082139,84.82477212831,85.34838104248047,62809,0.0,0.0
2020-01-30 00:00:00+08:00,82.99214031472103,83.77755691127517,82.73033905029297,82.73033905029297,41664,0.0,0.0
2020-01-31 00:00:00+08:00,83.77754562754602,84.03934685671291,82.73032790761023,83.25393676757812,46632,0.0,0.0
2020-02-03 00:00:00+08:00,80.1122817993164,80.1122817993164,79.58867290932777,80.1122817993164,32049,0.0,0.0
2020-02-04 00:00:00+08:00,81.15950012207031,81.42130776963278,81.15950012207031,81.15950012207031,11217,0.0,0.0
2020-02-05 00:00:00+08:00,81.15950012207031,81.42130776963278,81.15950012207031,81.15950012207031,11217,0.0,0.0
2020-02-06 00:00:00+08:00,83.25394531900152,83.25394531900152,82.4685287475586,82.4685287475586,17627,0.0,0.0
2020-02-07 00:00:00+08:00,81.68310546875,82.20671433950447,81.15949659799551,81.68310546875,16342,0.0,0.0
2020-02-10 00:00:00+08:00,77.49423926678516,79.32687377929688,77.49423926678516,79.32687377929688,37050,0.0,0.0
2020-02-11 00:00:00+08:00,79.32687377929688,79.32687377929688,79.0650725070153,79.32687377929688,17627,0.0,0.0
2020-02-12 00:00:00+08:00,79.58867290932777,80.1122817993164,79.58867290932777,80.1122817993164,16024,0.0,0.0
2020-02-13 00:00:00+08:00,80.11227913368228,80.11227913368228,79.85047149658203,79.85047149658203,14422,0.0,0.0
2020-02-14 00:00:00+08:00,79.85047005397837,79.85047005397837,79.32686119087184,79.58866882324219,21168,0.0,0.0
2020-02-17 00:00:00+08:00,79.58867026111606,79.85047149658203,79.58867026111606,79.85047149658203,16024,0.0,0.0
2020-02-18 00:00:00+08:00,79.85047005397837,79.85047005397837,79.06505996013566,79.58866882324219,11217,0.0,0.0
2020-02-19 00:00:00+08:00,79.58867694234739,81.68311260843386,79.58867694234739,80.63589477539062,8012,0.0,0.0
2020-02-20 00:00:00+08:00,81.94491757218825,81.94491757218825,80.37408447265625,80.37408447265625,8012,0.0,0.0
2020-02-21 00:00:00+08:00,81.94491757218825,81.94491757218825,80.37408447265625,80.37408447265625,8012,0.0,0.0
2020-02-24 00:00:00+08:00,79.58867694234739,80.63589477539062,79.58867694234739,80.63589477539062,35254,0.0,0.0
2020-02-25 00:00:00+08:00,88.22822836739118,88.49003601074219,86.91920935553948,88.49003601074219,153838,0.0,0.0
2020-02-26 00:00:00+08:00,95.29697570016435,95.29697570016435,90.58448236852587,92.67892456054688,459912,0.0,0.0
2020-02-27 00:00:00+08:00,92.67892468199697,92.67892468199697,89.01365564238347,89.799072265625,259602,0.0,0.0
2020-03-02 00:00:00+08:00,89.79906218101637,92.67891427397538,88.49003675649833,92.41710662841797,169863,0.0,0.0
2020-03-03 00:00:00+08:00,93.20253307325272,94.51155863695344,91.63170623779297,91.63170623779297,121788,0.0,0.0
2020-03-04 00:00:00+08:00,90.8462879542404,90.8462879542404,89.27546114757031,90.58448028564453,94546,0.0,0.0
2020-03-05 00:00:00+08:00,91.10809326171875,91.63170218370583,90.5844779380968,91.10809326171875,73714,0.0,0.0
2020-03-06 00:00:00+08:00,91.10809467083337,91.89350486514401,91.10809467083337,91.3698959350586,35254,0.0,0.0
2020-03-09 00:00:00+08:00,92.15531349394966,92.15531349394966,89.53726241453113,90.58448028564453,51279,0.0,0.0
2020-03-10 00:00:00+08:00,89.79906963016589,90.06087089580615,87.96643516414403,89.53726196289062,68906,0.0,0.0
2020-03-11 00:00:00+08:00,89.53725738245062,90.58447519470936,87.9664306640625,87.9664306640625,88136,0.0,0.0
2020-03-12 00:00:00+08:00,87.96643201496755,87.96643201496755,82.46852881372556,85.34838104248047,144223,0.0,0.0
2020-03-13 00:00:00+08:00,81.94491577148438,82.99213354707047,78.80325604309161,81.94491577148438,129801,0.0,0.0
2020-03-16 00:00:00+08:00,82.20672371816688,83.77755691127517,81.68311478767579,82.73033905029297,104161,0.0,0.0
2020-03-17 00:00:00+08:00,81.6831037860403,85.87198106741761,80.89769369690553,83.25393676757812,144223,0.0,0.0
2020-03-18 00:00:00+08:00,81.94492384487258,84.30116727290066,81.94492384487258,82.99214172363281,70509,0.0,0.0
2020-03-19 00:00:00+08:00,81.15949957929368,81.15949957929368,77.49423094773874,80.1122817993164,157043,0.0,0.0
2020-03-20 00:00:00+08:00,80.37409062509714,84.82477621228077,80.37409062509714,82.99214172363281,68906,0.0,0.0
2020-03-23 00:00:00+08:00,80.89769799589827,82.20671701456367,79.58867257559841,81.94491577148438,33652,0.0,0.0
2020-03-24 00:00:00+08:00,83.25393676757812,83.77754562754602,82.99212913677712,83.25393676757812,49676,0.0,0.0
2020-03-25 00:00:00+08:00,83.77754707624622,84.56296358059673,83.51573944091797,83.51573944091797,75316,0.0,0.0
2020-03-26 00:00:00+08:00,82.99213235069715,84.5629653930664,82.99213235069715,84.5629653930664,43267,0.0,0.0
2020-03-27 00:00:00+08:00,85.34837551261667,86.1337920338013,84.5629653930664,84.5629653930664,86534,0.0,0.0
2020-03-30 00:00:00+08:00,83.51574664206646,85.61018870038309,83.25394538579863,85.34838104248047,36857,0.0,0.0
2020-03-31 00:00:00+08:00,85.08657978621262,86.13379761455354,84.82477212831,85.34838104248047,38459,0.0,0.0
2020-04-01 00:00:00+08:00,84.30116231111158,86.39559794535796,83.77755340254998,86.13379669189453,36857,0.0,0.0
2020-04-06 00:00:00+08:00,87.18101450901773,87.44282216411588,85.34838012823478,86.13379669189453,72111,0.0,0.0
2020-04-07 00:00:00+08:00,86.39559703661985,87.9664301474168,86.39559703661985,86.9192123413086,81726,0.0,0.0
2020-04-08 00:00:00+08:00,86.91921548418726,91.10809326171875,86.91921548418726,91.10809326171875,139415,0.0,0.0
2020-04-09 00:00:00+08:00,86.91920935553948,89.01364489580975,86.91920935553948,88.49003601074219,198707,0.0,0.0
2020-04-10 00:00:00+08:00,87.96643424482622,88.49004317226964,87.44282531738281,87.44282531738281,41664,0.0,0.0
2020-04-13 00:00:00+08:00,88.4900368976184,88.4900368976184,87.18101147101278,87.70462036132812,44869,0.0,0.0
2020-04-14 00:00:00+08:00,87.7046244228392,88.75184225196548,87.7046244228392,88.22823333740234,51279,0.0,0.0
2020-04-15 00:00:00+08:00,88.22822979056832,89.27545397923028,87.96642854462874,88.75183868408203,46471,0.0,0.0
2020-04-16 00:00:00+08:00,89.27545253916075,89.27545253916075,88.22822836739118,88.49003601074219,17627,0.0,0.0
2020-04-17 00:00:00+08:00,89.27545928955078,90.06086947572219,89.27545928955078,89.27545928955078,89738,0.0,0.0
2020-04-20 00:00:00+08:00,89.27545928955078,90.06086947572219,89.0136516264037,89.27545928955078,49676,0.0,0.0
2020-04-21 00:00:00+08:00,89.27545706267685,89.27545706267685,86.39559844643344,87.18101501464844,105763,0.0,0.0
2020-04-22 00:00:00+08:00,87.18101147101278,87.96642800730305,86.91921022667235,87.70462036132812,40062,0.0,0.0
2020-04-23 00:00:00+08:00,87.96642712567461,88.49003601074219,87.96642712567461,88.49003601074219,3204,0.0,0.0
2020-04-24 00:00:00+08:00,87.96642712567461,88.75183725245876,87.96642712567461,88.49003601074219,38459,0.0,0.0
2020-04-27 00:00:00+08:00,89.799072265625,89.799072265625,88.75184796742457,89.799072265625,36857,0.0,0.0
2020-04-28 00:00:00+08:00,90.06085968017578,90.58446854788424,89.27544957943017,90.06085968017578,46471,0.0,0.0
2020-04-29 00:00:00+08:00,89.799070083127,90.58448028564453,89.53726241453113,90.58448028564453,24037,0.0,0.0
2020-04-30 00:00:00+08:00,90.58448028564453,90.58448028564453,90.06087135008782,90.58448028564453,36857,0.0,0.0
2020-05-04 00:00:00+08:00,89.53726459066608,90.0608735389487,89.53726459066608,89.799072265625,19229,0.0,0.0
2020-05-05 00:00:00+08:00,89.79906963016589,89.79906963016589,89.53726196289062,89.53726196289062,22434,0.0,0.0
2020-05-06 00:00:00+08:00,89.53726241453113,91.63170455839297,89.27546114757031,90.58448028564453,49676,0.0,0.0
2020-05-07 00:00:00+08:00,91.36989186575,91.63169951995017,90.84628295898438,90.84628295898438,30447,0.0,0.0
2020-05-08 00:00:00+08:00,91.10809420422784,91.10809420422784,90.32267761230469,90.32267761230469,41664,0.0,0.0
2020-05-11 00:00:00+08:00,91.10809061318454,91.10809061318454,90.32267405221873,90.84628295898438,17627,0.0,0.0
2020-05-12 00:00:00+08:00,89.01364847632124,89.01364847632124,86.91921285180376,87.9664306640625,169863,0.0,0.0
2020-05-13 00:00:00+08:00,87.96643516414403,89.53726196289062,87.70462749686877,89.53726196289062,36857,0.0,0.0
2020-05-14 00:00:00+08:00,88.49003743814245,89.53725522516987,88.22822979056832,88.75183868408203,25639,0.0,0.0
2020-05-15 00:00:00+08:00,88.49003601074219,88.49003601074219,87.96642712567461,88.49003601074219,22434,0.0,0.0
2020-05-18 00:00:00+08:00,87.96643424482622,87.96643424482622,87.18101765284364,87.44282531738281,46471,0.0,0.0
2020-05-19 00:00:00+08:00,87.70462036132812,87.70462036132812,87.4428191169877,87.70462036132812,35254,0.0,0.0
2020-05-20 00:00:00+08:00,87.44282267126502,87.44282267126502,87.18101501464844,87.18101501464844,19229,0.0,0.0
2020-05-21 00:00:00+08:00,87.18101765284364,88.75184443517387,87.18101765284364,87.44282531738281,46471,0.0,0.0
2020-05-22 00:00:00+08:00,87.70462301018047,88.22823191630984,87.44282175793313,87.9664306640625,22434,0.0,0.0
2020-05-25 00:00:00+08:00,89.53726102038154,91.10809420422784,89.53726102038154,90.32267761230469,136210,0.0,0.0
2020-05-26 00:00:00+08:00,90.58446854788424,90.58446854788424,89.5372508124673,90.06085968017578,48074,0.0,0.0
2020-05-27 00:00:00+08:00,90.06087452423294,91.10809883389021,89.01365661621094,89.01365661621094,68906,0.0,0.0
2020-05-28 00:00:00+08:00,89.01365661621094,89.53726557022193,89.01365661621094,89.01365661621094,17627,0.0,0.0
2020-05-29 00:00:00+08:00,89.01365209297775,90.32267761230469,88.49004316557395,90.32267761230469,49676,0.0,0.0
2020-06-01 00:00:00+08:00,90.58448028564453,90.58448028564453,89.799070083127,90.58448028564453,22434,0.0,0.0
2020-06-02 00:00:00+08:00,90.8462761825556,90.8462761825556,90.06085968017578,90.06085968017578,44869,0.0,0.0
2020-06-03 00:00:00+08:00,91.63170455839297,91.63170455839297,90.3226790186837,90.58448028564453,33652,0.0,0.0
2020-06-04 00:00:00+08:00,90.8462879542404,90.8462879542404,90.58448028564453,90.58448028564453,33652,0.0,0.0
2020-06-05 00:00:00+08:00,91.10809326171875,91.36989452189485,90.84628559990777,91.10809326171875,32049,0.0,0.0
2020-06-08 00:00:00+08:00,91.3698959350586,91.89350486514401,91.10809467083337,91.3698959350586,78521,0.0,0.0
2020-06-09 00:00:00+08:00,90.8462879542404,91.10809562283627,89.799070083127,90.58448028564453,41664,0.0,0.0
2020-06-10 00:00:00+08:00,90.5844788751891,90.5844788751891,89.7990686849009,90.32267761230469,12819,0.0,0.0
2020-06-11 00:00:00+08:00,90.0608735389487,90.0608735389487,89.01365564238347,89.799072265625,60894,0.0,0.0
2020-06-12 00:00:00+08:00,87.96643870818893,89.27546429403408,87.96643870818893,89.01365661621094,25639,0.0,0.0
2020-06-15 00:00:00+08:00,89.27545928955078,90.58447840038141,89.0136516264037,89.27545928955078,33652,0.0,0.0
2020-06-16 00:00:00+08:00,90.32267856308142,90.32267856308142,89.53726196289062,89.53726196289062,16024,0.0,0.0
2020-06-17 00:00:00+08:00,90.06087135008782,90.58448028564453,89.799070083127,90.58448028564453,32049,0.0,0.0
2020-06-18 00:00:00+08:00,90.8462879542404,91.36989688979709,90.58448028564453,90.58448028564453,30447,0.0,0.0
2020-06-19 00:00:00+08:00,90.8462879542404,90.8462879542404,90.58448028564453,90.58448028564453,24037,0.0,0.0
2020-06-22 00:00:00+08:00,90.5844753047842,91.36989186575,90.5844753047842,90.84628295898438,30447,0.0,0.0
2020-06-23 00:00:00+08:00,91.10809061318454,91.10809061318454,90.84628295898438,90.84628295898438,17627,0.0,0.0
2020-06-24 00:00:00+08:00,91.36989186575,91.36989186575,90.5844753047842,90.84628295898438,48074,0.0,0.0
2020-06-29 00:00:00+08:00,91.10809420422784,91.10809420422784,90.32267761230469,90.32267761230469,33652,0.0,0.0
2020-06-30 00:00:00+08:00,90.5844753047842,90.84628295898438,90.5844753047842,90.84628295898438,9614,0.0,0.0
2020-07-01 00:00:00+08:00,90.8462879542404,91.10809562283627,90.58448028564453,90.58448028564453,14422,0.0,0.0
2020-07-02 00:00:00+08:00,90.58447933911296,91.6317036009188,90.32267807488775,91.3698959350586,76919,0.0,0.0
2020-07-03 00:00:00+08:00,91.63170218370583,91.63170218370583,90.5844779380968,91.10809326171875,56086,0.0,0.0
2020-07-06 00:00:00+08:00,91.10809467083337,91.6317036009188,91.10809467083337,91.3698959350586,56086,0.0,0.0
2020-07-07 00:00:00+08:00,91.89350077251565,91.89350077251565,90.84628295898438,90.84628295898438,19229,0.0,0.0
2020-07-08 00:00:00+08:00,91.10809729263971,91.63170623779297,90.5844819458513,91.63170623779297,68906,0.0,0.0
2020-07-09 00:00:00+08:00,91.6317076353807,92.67892554165962,91.36989995799335,91.89350891113281,83329,0.0,0.0
2020-07-10 00:00:00+08:00,91.63169507371948,92.15530395507812,91.10808619236084,92.15530395507812,59291,0.0,0.0
2020-07-13 00:00:00+08:00,91.63169268493542,92.41710278568101,90.06085968017578,90.06085968017578,126596,0.0,0.0
2020-07-14 00:00:00+08:00,90.06086995459985,91.10809421112161,86.91921638993941,87.44282531738281,174670,0.0,0.0
2020-07-15 00:00:00+08:00,87.70462392624685,87.96643158286344,86.39559844643344,87.18101501464844,62496,0.0,0.0
2020-07-16 00:00:00+08:00,88.22823550773045,88.22823550773045,86.65740872540023,87.44282531738281,33652,0.0,0.0
2020-07-17 00:00:00+08:00,86.39559703661985,87.18101359201832,86.39559703661985,86.9192123413086,54484,0.0,0.0
2020-07-20 00:00:00+08:00,86.9192123413086,86.9192123413086,86.39559703661985,86.9192123413086,30447,0.0,0.0
2020-07-21 00:00:00+08:00,88.49004766219994,90.32268220205607,88.2282399843768,89.01365661621094,48074,0.0,0.0
2020-07-22 00:00:00+08:00,90.32266731484712,90.32266731484712,89.79905844713865,90.06085968017578,43267,0.0,0.0
2020-07-23 00:00:00+08:00,90.06085968017578,90.06085968017578,89.5372508124673,90.06085968017578,24037,0.0,0.0
2020-07-24 00:00:00+08:00,89.79906963016589,90.84628749599695,89.27546069725037,89.53726196289062,56086,0.0,0.0
2020-07-27 00:00:00+08:00,89.53726196289062,91.10809516327222,89.27546069725037,89.53726196289062,59291,0.0,0.0
2020-07-28 00:00:00+08:00,90.58447840038141,91.10809372667558,89.27545928955078,89.27545928955078,46471,0.0,0.0
2020-07-29 00:00:00+08:00,89.27545975749712,90.32267761230469,89.27545975749712,90.32267761230469,36857,0.0,0.0
2020-07-30 00:00:00+08:00,90.5844753047842,91.10809061318454,90.32267405221873,90.84628295898438,27242,0.0,0.0
2020-07-31 00:00:00+08:00,90.58447231441961,93.72613205293601,90.58447231441961,92.41710662841797,97751,0.0,0.0
2020-08-03 00:00:00+08:00,92.94070947151565,95.29695892333984,92.94070947151565,95.29695892333984,182682,0.0,0.0
2020-08-04 00:00:00+08:00,95.5587723229892,95.5587723229892,93.72613789476509,93.98794555664062,256397,0.0,0.0
2020-08-05 00:00:00+08:00,94.12337313340493,98.86340030973057,94.12337313340493,98.1862564086914,228193,3.744192,1.25
2020-08-06 00:00:00+08:00,96.83195807251516,97.8476771945572,94.46194458007812,94.46194458007812,92302,0.0,0.0
2020-08-07 00:00:00+08:00,94.8005142211914,95.81623328315591,94.46193899286439,94.8005142211914,52561,0.0,0.0
2020-08-10 00:00:00+08:00,96.15480236905337,96.15480236905337,93.44622039794922,93.44622039794922,75637,0.0,0.0
2020-08-11 00:00:00+08:00,93.4462188023734,93.4462188023734,91.41478070297755,91.75334930419922,80765,0.0,0.0
2020-08-12 00:00:00+08:00,91.75334930419922,92.09192452843735,91.07620547873942,91.75334930419922,42305,0.0,0.0
2020-08-13 00:00:00+08:00,92.09192452843735,92.43049975267547,91.75334930419922,91.75334930419922,35895,0.0,0.0
2020-08-14 00:00:00+08:00,91.75335182911383,91.75335182911383,90.39906414092627,90.73763275146484,25639,0.0,0.0
2020-08-17 00:00:00+08:00,91.75335637848232,93.44622600717858,91.75335637848232,93.10765075683594,24357,0.0,0.0
2020-08-18 00:00:00+08:00,93.44622039794922,93.44622039794922,92.76906993791076,93.44622039794922,15383,0.0,0.0
2020-08-19 00:00:00+08:00,93.44621993089989,96.1548018884664,93.44621993089989,94.8005142211914,46151,0.0,0.0
2020-08-20 00:00:00+08:00,95.13909476538876,95.13909476538876,92.43051246792562,92.76908111572266,42305,0.0,0.0
2020-08-21 00:00:00+08:00,93.10765638653706,93.44623165735148,92.09193719711122,92.76908111572266,35895,0.0,0.0
2020-08-24 00:00:00+08:00,93.10764516792999,94.12336423497112,93.10764516792999,93.44622039794922,12819,0.0,0.0
2020-08-25 00:00:00+08:00,96.15480498827958,96.15480498827958,94.1233667988616,95.4776611328125,24357,0.0,0.0
2020-08-26 00:00:00+08:00,96.15480702672299,96.83195751956214,95.13908791048117,95.81623840332031,30767,0.0,0.0
2020-08-27 00:00:00+08:00,95.81623895047314,96.1548075758092,94.46194458007812,94.46194458007812,16665,0.0,0.0
2020-08-28 00:00:00+08:00,94.8005142211914,95.13908282650188,94.8005142211914,94.8005142211914,19229,0.0,0.0
2020-08-31 00:00:00+08:00,94.80051779172832,94.80051779172832,94.12336730957031,94.12336730957031,29485,0.0,0.0
2020-09-01 00:00:00+08:00,94.1233698848469,94.1233698848469,93.10765075683594,93.10765075683594,42305,0.0,0.0
2020-09-02 00:00:00+08:00,93.44622039794922,93.44622039794922,93.44622039794922,93.44622039794922,3845,0.0,0.0
2020-09-03 00:00:00+08:00,93.4462254580361,94.8005198284311,93.4462254580361,94.46194458007812,21793,0.0,0.0
2020-09-04 00:00:00+08:00,94.12336730957031,94.12336730957031,94.12336730957031,94.12336730957031,5127,0.0,0.0
2020-09-07 00:00:00+08:00,94.12336933172514,95.47766370212015,94.12336933172514,94.46194458007812,32049,0.0,0.0
2020-09-08 00:00:00+08:00,94.8005198284311,94.8005198284311,94.46194458007812,94.46194458007812,14101,0.0,0.0
2020-09-09 00:00:00+08:00,94.1233698848469,94.1233698848469,93.10765075683594,93.10765075683594,38459,0.0,0.0
2020-09-10 00:00:00+08:00,93.44622600717858,94.1233698848469,93.10765075683594,93.10765075683594,41023,0.0,0.0
2020-09-11 00:00:00+08:00,93.10764564697409,93.10764564697409,91.4147827342012,92.09192657470703,71791,0.0,0.0
2020-09-14 00:00:00+08:00,92.09192610088887,93.44622039794922,92.09192610088887,93.44622039794922,25639,0.0,0.0
2020-09-15 00:00:00+08:00,93.78480692816588,93.78480692816588,92.43051246792562,92.76908111572266,21793,0.0,0.0
2020-09-16 00:00:00+08:00,92.7690755064933,93.10765075683594,92.43050687916761,93.10765075683594,29485,0.0,0.0
2020-09-17 00:00:00+08:00,93.44622600717858,93.44622600717858,92.7690755064933,93.10765075683594,10255,0.0,0.0
2020-09-18 00:00:00+08:00,93.10765638653706,93.44623165735148,92.76908111572266,92.76908111572266,19229,0.0,0.0
2020-09-21 00:00:00+08:00,92.76907041521287,92.76907041521287,91.4147827342012,92.09192657470703,32049,0.0,0.0
2020-09-22 00:00:00+08:00,92.09192452843735,92.09192452843735,91.75334930419922,91.75334930419922,11537,0.0,0.0
2020-09-23 00:00:00+08:00,92.09192452843735,92.76906835389714,91.75334930419922,91.75334930419922,29485,0.0,0.0
2020-09-24 00:00:00+08:00,91.75335852679198,91.75335852679198,90.06049548147607,90.3990707397461,42305,0.0,0.0
2020-09-25 00:00:00+08:00,90.3990707397461,90.3990707397461,90.06049548147607,90.3990707397461,11537,0.0,0.0
2020-09-28 00:00:00+08:00,90.06049092160674,92.76907298157693,90.06049092160674,91.07621002197266,17947,0.0,0.0
2020-09-29 00:00:00+08:00,91.07620798502005,91.41478321857525,90.73763275146484,90.73763275146484,5127,0.0,0.0
2020-09-30 00:00:00+08:00,91.07621463326903,91.07621463326903,90.3990707397461,90.3990707397461,10255,0.0,0.0
2020-10-05 00:00:00+08:00,91.41478579112986,91.41478579112986,89.72191619873047,89.72191619873047,15383,0.0,0.0
2020-10-06 00:00:00+08:00,90.06049346923828,90.39906871994346,90.06049346923828,90.06049346923828,10255,0.0,0.0
2020-10-07 00:00:00+08:00,90.06049548147607,90.737639374999,89.72192022320603,90.3990707397461,10255,0.0,0.0
2020-10-08 00:00:00+08:00,90.39906871994346,90.73763734763168,90.06049346923828,90.06049346923828,19229,0.0,0.0
2020-10-12 00:00:00+08:00,89.38333377067934,89.38333377067934,88.02904615324275,88.36761474609375,24357,0.0,0.0
2020-10-13 00:00:00+08:00,89.38333377067934,89.38333377067934,88.36761474609375,88.36761474609375,7691,0.0,0.0
2020-10-14 00:00:00+08:00,89.72191312707683,89.72191312707683,88.70619405561735,89.04476928710938,5127,0.0,0.0
2020-10-15 00:00:00+08:00,88.36762135253771,89.0447718348967,88.029052734375,88.029052734375,19229,0.0,0.0
2020-10-16 00:00:00+08:00,88.02905835606322,88.02905835606322,87.69048309326172,87.69048309326172,11537,0.0,0.0
2020-10-19 00:00:00+08:00,87.35190537885995,87.35190537885995,83.9661727149199,85.65904235839844,73073,0.0,0.0
2020-10-20 00:00:00+08:00,85.32045831326444,85.32045831326444,79.226137496954,82.61186981201172,106404,0.0,0.0
2020-10-21 00:00:00+08:00,82.61186981201172,83.28902024883307,82.61186981201172,82.61186981201172,11537,0.0,0.0
2020-10-22 00:00:00+08:00,81.25757598876953,81.25757598876953,81.25757598876953,81.25757598876953,1281,0.0,0.0
2020-10-23 00:00:00+08:00,81.93473003566606,83.28902435302734,81.59615480057157,83.28902435302734,15383,0.0,0.0
2020-10-26 00:00:00+08:00,81.59615480057157,83.28902435302734,81.59615480057157,83.28902435302734,664068,0.0,0.0
2020-10-27 00:00:00+08:00,81.93474015278649,82.2733154296875,81.93474015278649,82.2733154296875,1157632,0.0,0.0
2020-10-28 00:00:00+08:00,82.61188408357103,82.95045936047204,82.2733154296875,82.2733154296875,658940,0.0,0.0
2020-10-29 00:00:00+08:00,79.90328793377535,82.61186981201172,79.90328793377535,82.61186981201172,2563,0.0,0.0
2020-10-30 00:00:00+08:00,82.61188408357103,82.61188408357103,82.2733154296875,82.2733154296875,30767,0.0,0.0
2020-11-02 00:00:00+08:00,81.25757598876953,81.25757598876953,81.25757598876953,81.25757598876953,382031,0.0,0.0
2020-11-03 00:00:00+08:00,81.59616088867188,81.59616088867188,81.59616088867188,81.59616088867188,20511,0.0,0.0
2020-11-04 00:00:00+08:00,82.95044503042239,82.95044503042239,82.61186981201172,82.61186981201172,111532,0.0,0.0
2020-11-05 00:00:00+08:00,82.6118718557329,82.95044708251953,81.93472802517616,82.95044708251953,526896,0.0,0.0
2020-11-06 00:00:00+08:00,81.25757494046344,83.28901961238806,80.91900634765625,80.91900634765625,32049,0.0,0.0
2020-11-09 00:00:00+08:00,82.6118763715702,86.67475944605083,82.6118763715702,85.32046508789062,34613,0.0,0.0
2020-11-10 00:00:00+08:00,85.32045831326444,85.32045831326444,81.59615077979603,82.61186981201172,25639,0.0,0.0
2020-11-11 00:00:00+08:00,81.93473104387088,83.96616923340127,81.59615580461023,83.62759399414062,20511,0.0,0.0
2020-11-12 00:00:00+08:00,83.62759296510517,83.96616820019966,83.28902435302734,83.28902435302734,8973,0.0,0.0
2020-11-13 00:00:00+08:00,83.28902739276293,83.28902739276293,83.28902739276293,83.96617126464844,5127,0.0,0.0
2020-11-16 00:00:00+08:00,83.28902435302734,83.96616820019966,83.28902435302734,83.28902435302734,19229,0.0,0.0
2020-11-17 00:00:00+08:00,83.28902485531371,83.28902485531371,81.93473052978516,81.93473052978516,8973,0.0,0.0
2020-11-18 00:00:00+08:00,81.93473694261247,84.64332580566406,81.59616167897671,84.64332580566406,20511,0.0,0.0
2020-11-19 00:00:00+08:00,83.96617126464844,83.96617126464844,83.96617126464844,83.96617126464844,1281,0.0,0.0
2020-11-20 00:00:00+08:00,83.96617072973042,85.32046508789062,81.93473250399853,85.32046508789062,14101,0.0,0.0
2020-11-23 00:00:00+08:00,84.98189444628258,84.98189444628258,83.96617527839256,84.64332580566406,20511,0.0,0.0
2020-11-24 00:00:00+08:00,83.96617126464844,83.96617126464844,83.96617126464844,83.96617126464844,14101,0.0,0.0
2020-11-25 00:00:00+08:00,84.30474651209965,84.30474651209965,83.28902739276293,83.96617126464844,19229,0.0,0.0
2020-11-26 00:00:00+08:00,82.95045161686447,85.32046508789062,82.95045161686447,85.32046508789062,3845,0.0,0.0
2020-11-27 00:00:00+08:00,85.32046970991834,85.32046970991834,84.64332580566406,84.64332580566406,5127,0.0,0.0
2020-11-30 00:00:00+08:00,84.64332175955086,84.64332175955086,83.96617126464844,83.96617126464844,28203,0.0,0.0
2020-12-01 00:00:00+08:00,83.96617126464844,83.96617126464844,83.96617126464844,83.96617126464844,10255,0.0,0.0
2020-12-02 00:00:00+08:00,85.6590322645478,87.01332649514052,85.6590322645478,86.67475128173828,69227,0.0,0.0
2020-12-03 00:00:00+08:00,86.67475687587948,86.67475687587948,86.336181640625,86.336181640625,8973,0.0,0.0
2020-12-04 00:00:00+08:00,86.67475482460044,87.01333005184206,85.99760437011719,85.99760437011719,16665,0.0,0.0
2020-12-07 00:00:00+08:00,85.99761098868053,85.99761098868053,85.65904235839844,85.65904235839844,11537,0.0,0.0
2020-12-08 00:00:00+08:00,85.65903926672947,85.65903926672947,85.65903926672947,94.12336730957031,14101,0.0,0.0
2020-12-09 00:00:00+08:00,86.67475333083951,87.69047237204286,85.65903428963615,87.0133285522461,46151,0.0,0.0
2020-12-10 00:00:00+08:00,88.02904759344945,88.02904759344945,87.0133285522461,87.0133285522461,19229,0.0,0.0
2020-12-11 00:00:00+08:00,87.35190225201602,89.38334045305939,87.35190225201602,88.029052734375,58971,0.0,0.0
2020-12-14 00:00:00+08:00,89.72191367381585,90.73763275146484,89.72191367381585,90.73763275146484,33331,0.0,0.0
2020-12-15 00:00:00+08:00,91.75335852679198,91.75335852679198,89.72192022320603,90.3990707397461,29485,0.0,0.0
2020-12-16 00:00:00+08:00,91.07621463326903,91.07621463326903,90.3990707397461,90.3990707397461,25639,0.0,0.0
2020-12-17 00:00:00+08:00,90.737639374999,90.737639374999,90.3990707397461,90.3990707397461,25639,0.0,0.0
2020-12-18 00:00:00+08:00,90.3990707397461,90.3990707397461,90.06049548147607,90.3990707397461,7691,0.0,0.0
2020-12-21 00:00:00+08:00,91.07621463326903,91.07621463326903,90.3990707397461,90.3990707397461,6409,0.0,0.0
2020-12-22 00:00:00+08:00,90.3990707397461,90.3990707397461,90.3990707397461,90.3990707397461,1281,0.0,0.0
2020-12-23 00:00:00+08:00,90.06049144181371,91.41478579112986,89.72191619873047,89.72191619873047,25639,0.0,0.0
2020-12-24 00:00:00+08:00,91.41478266152039,91.41478266152039,89.04476928710938,89.04476928710938,11537,0.0,0.0
2020-12-25 00:00:00+08:00,89.04477489882557,89.04477489882557,88.7061996459961,88.7061996459961,8973,0.0,0.0
2020-12-28 00:00:00+08:00,90.39905941828124,90.39905941828124,88.36761474609375,88.36761474609375,10255,0.0,0.0
2020-12-29 00:00:00+08:00,88.36762135253771,88.36762135253771,88.029052734375,88.029052734375,8973,0.0,0.0
2020-12-30 00:00:00+08:00,89.38334352863804,89.38334352863804,88.36762439316661,88.7061996459961,25639,0.0,0.0
2020-12-31 00:00:00+08:00,88.36761882412532,88.36761882412532,88.02905021564987,89.04476928710938,19229,0.0,0.0
2021-01-04 00:00:00+08:00,88.029052734375,88.029052734375,87.69047749319552,88.029052734375,12819,0.0,0.0
2021-01-05 00:00:00+08:00,87.69047749319552,88.029052734375,87.35190225201602,88.029052734375,7691,0.0,0.0
2021-01-06 00:00:00+08:00,88.70620225864899,88.70620225864899,87.01333919067594,87.69048309326172,17947,0.0,0.0
2021-01-07 00:00:00+08:00,87.69048309326172,87.69048309326172,87.35190783046022,87.69048309326172,12819,0.0,0.0
2021-01-08 00:00:00+08:00,87.69047093737545,87.69047093737545,87.35189572150816,88.36761474609375,11537,0.0,0.0
2021-01-11 00:00:00+08:00,88.70619508043221,90.06048939902978,88.70619508043221,89.38333892822266,21793,0.0,0.0
2021-01-12 00:00:00+08:00,88.36762135253771,88.36762135253771,88.029052734375,88.029052734375,7691,0.0,0.0
2021-01-13 00:00:00+08:00,87.3519058227539,87.3519058227539,87.01333719075133,87.3519058227539,8973,0.0,0.0
2021-01-14 00:00:00+08:00,86.67475191278984,88.70618996196104,86.67475191278984,88.36761474609375,14101,0.0,0.0
2021-01-15 00:00:00+08:00,87.35189715063628,87.35189715063628,87.0133285522461,87.0133285522461,5127,0.0,0.0
2021-01-18 00:00:00+08:00,85.32046753867017,87.3519058227539,85.32046753867017,87.3519058227539,5127,0.0,0.0
2021-01-19 00:00:00+08:00,87.35190225201602,88.029052734375,87.35190225201602,88.029052734375,2563,0.0,0.0
2021-01-20 00:00:00+08:00,87.35190225201602,88.029052734375,86.67475839267382,88.029052734375,17947,0.0,0.0
2021-01-21 00:00:00+08:00,86.67475687587948,87.69047595862625,85.99760640537052,86.336181640625,10255,0.0,0.0
2021-01-22 00:00:00+08:00,86.33617959735882,86.33617959735882,85.99760437011719,85.99760437011719,11537,0.0,0.0
2021-01-25 00:00:00+08:00,85.99760437011719,85.99760437011719,85.99760437011719,85.99760437011719,0,0.0,0.0
2021-01-26 00:00:00+08:00,84.98188732262376,86.336181640625,83.96616823987699,86.336181640625,10255,0.0,0.0
2021-01-27 00:00:00+08:00,84.30474090576172,85.32045995755225,83.96616568082605,84.30474090576172,15383,0.0,0.0
2021-01-28 00:00:00+08:00,84.3047505420283,85.32046970991834,84.3047505420283,84.64332580566406,7691,0.0,0.0
2021-01-29 00:00:00+08:00,84.64332580566406,84.64332580566406,84.64332580566406,84.64332580566406,0,0.0,0.0
2021-02-01 00:00:00+08:00,82.6118718557329,82.95044708251953,81.93472802517616,82.95044708251953,14101,0.0,0.0
2021-02-02 00:00:00+08:00,82.95044911793286,83.28902435302734,82.61187388283837,83.28902435302734,8973,0.0,0.0
2021-02-03 00:00:00+08:00,83.28902024883307,83.28902024883307,82.27330121661738,82.61186981201172,6409,0.0,0.0
2021-02-04 00:00:00+08:00,82.61187440283673,84.98188781738281,82.61187440283673,84.98188781738281,7691,0.0,0.0
2021-02-05 00:00:00+08:00,84.98189185180021,85.65904235839844,84.64332322151813,85.65904235839844,12819,0.0,0.0
2021-02-17 00:00:00+08:00,82.95045611050251,85.99761361417262,82.95045611050251,84.64332580566406,16665,0.0,0.0
2021-02-18 00:00:00+08:00,85.65903783085018,89.38333892822266,85.65903783085018,89.38333892822266,25639,0.0,0.0
2021-02-19 00:00:00+08:00,88.02905576335415,88.7061996459961,88.02905576335415,88.7061996459961,11537,0.0,0.0
2021-02-22 00:00:00+08:00,88.70619709249756,90.06049144181371,88.70619709249756,89.72191619873047,35895,0.0,0.0
2021-02-23 00:00:00+08:00,90.06048939902978,90.06048939902978,89.38333892822266,89.38333892822266,10255,0.0,0.0
2021-02-24 00:00:00+08:00,89.38333892822266,90.06048939902978,89.04477031583576,89.38333892822266,23075,0.0,0.0
2021-02-25 00:00:00+08:00,89.38333892822266,90.06048939902978,89.38333892822266,89.38333892822266,12819,0.0,0.0
2021-02-26 00:00:00+08:00,91.07621144551385,96.49338227314257,90.73763619909428,95.81623840332031,187169,0.0,0.0
2021-03-02 00:00:00+08:00,96.49338227314257,96.83195751956214,95.13908791048117,95.81623840332031,91020,0.0,0.0
2021-03-03 00:00:00+08:00,94.8005142211914,94.8005142211914,94.12336376453737,94.8005142211914,30767,0.0,0.0
2021-03-04 00:00:00+08:00,94.12336423497112,94.12336423497112,93.44622039794922,93.44622039794922,25639,0.0,0.0
2021-03-05 00:00:00+08:00,93.44622087873532,93.44622087873532,92.09192657470703,92.09192657470703,35895,0.0,0.0
2021-03-08 00:00:00+08:00,92.76907195630005,93.78479766845703,92.76907195630005,93.78479766845703,10255,0.0,0.0
2021-03-09 00:00:00+08:00,93.10764564697409,93.78479611049653,92.09192657470703,92.09192657470703,20511,0.0,0.0
2021-03-10 00:00:00+08:00,93.78480125752122,93.78480125752122,92.7690755064933,93.10765075683594,11537,0.0,0.0
2021-03-11 00:00:00+08:00,92.7690755064933,93.78480125752122,92.7690755064933,93.10765075683594,19229,0.0,0.0
2021-03-12 00:00:00+08:00,93.78480692816588,93.78480692816588,92.76908111572266,92.76908111572266,15383,0.0,0.0
2021-03-15 00:00:00+08:00,93.10764820935009,94.46194255064933,93.10764820935009,94.12336730957031,24357,0.0,0.0
2021-03-16 00:00:00+08:00,94.46194458007812,94.8005198284311,94.12336933172514,94.46194458007812,20511,0.0,0.0
2021-03-17 00:00:00+08:00,94.80051727734542,95.4776611328125,94.80051727734542,95.4776611328125,29485,0.0,0.0
2021-03-18 00:00:00+08:00,95.81623840332031,96.15480702672299,95.47766315690073,95.81623840332031,15383,0.0,0.0
2021-03-19 00:00:00+08:00,95.4776611328125,95.4776611328125,95.4776611328125,95.4776611328125,3845,0.0,0.0
2021-03-22 00:00:00+08:00,94.8005142211914,94.8005142211914,92.09192564060837,94.8005142211914,24357,0.0,0.0
2021-03-23 00:00:00+08:00,94.46193946499035,94.80051469500958,93.44622039794922,93.44622039794922,7691,0.0,0.0
2021-03-24 00:00:00+08:00,94.12336933172514,94.46194458007812,93.78480070638908,94.46194458007812,24357,0.0,0.0
2021-03-25 00:00:00+08:00,94.4619420381035,95.4776611328125,94.1233667988616,95.4776611328125,10255,0.0,0.0
2021-03-26 00:00:00+08:00,95.13908589357058,95.8162363720544,94.80051727734542,95.4776611328125,23075,0.0,0.0
2021-03-29 00:00:00+08:00,95.13908282650188,95.4776580548289,94.8005142211914,94.8005142211914,17947,0.0,0.0
2021-03-30 00:00:00+08:00,94.80051525330813,95.13908386230469,93.78479618028524,95.13908386230469,11537,0.0,0.0
2021-03-31 00:00:00+08:00,94.46194255064933,94.46194255064933,93.7847986915081,94.12336730957031,17947,0.0,0.0
2021-04-01 00:00:00+08:00,94.12336730957031,94.12336730957031,93.44622345042909,94.12336730957031,16665,0.0,0.0
2021-04-07 00:00:00+08:00,93.78479766845703,94.46194152021164,93.78479766845703,93.78479766845703,21793,0.0,0.0
2021-04-08 00:00:00+08:00,93.78479618028524,95.13908386230469,93.78479618028524,95.13908386230469,26921,0.0,0.0
2021-04-09 00:00:00+08:00,95.13908791048117,95.81623840332031,95.13908791048117,95.81623840332031,51279,0.0,0.0
2021-04-12 00:00:00+08:00,95.81623840332031,96.15480702672299,95.81623840332031,95.81623840332031,41023,0.0,0.0
2021-04-13 00:00:00+08:00,95.81623328315591,95.81623328315591,94.8005142211914,94.8005142211914,23075,0.0,0.0
2021-04-14 00:00:00+08:00,94.12336730957031,94.12336730957031,92.76907296827108,94.12336730957031,56407,0.0,0.0
2021-04-15 00:00:00+08:00,94.12336730957031,94.46194255064933,93.7847986915081,94.12336730957031,24357,0.0,0.0
2021-04-16 00:00:00+08:00,94.12336730957031,94.46194255064933,94.12336730957031,94.12336730957031,21793,0.0,0.0
2021-04-19 00:00:00+08:00,93.7847951592269,95.13908282650188,93.10764470257287,94.8005142211914,30767,0.0,0.0
2021-04-20 00:00:00+08:00,93.44622094827207,95.13908386230469,93.44622094827207,95.13908386230469,12819,0.0,0.0
2021-04-21 00:00:00+08:00,94.8005142211914,95.13908282650188,94.12336376453737,94.8005142211914,6409,0.0,0.0
2021-04-22 00:00:00+08:00,95.47765853203147,95.47765853203147,93.44622039794922,93.44622039794922,30767,0.0,0.0
2021-04-23 00:00:00+08:00,94.12336730957031,94.12336730957031,93.44622345042909,94.12336730957031,32049,0.0,0.0
2021-04-26 00:00:00+08:00,93.78479766845703,94.46194152021164,93.44622243107138,93.78479766845703,21793,0.0,0.0
2021-04-27 00:00:00+08:00,94.8005167575973,94.8005167575973,93.44622243107138,93.78479766845703,37177,0.0,0.0
2021-04-28 00:00:00+08:00,94.12336628282598,94.12336628282598,93.78479766845703,93.78479766845703,10255,0.0,0.0
2021-04-29 00:00:00+08:00,94.12336730957031,94.12336730957031,94.12336730957031,94.12336730957031,3845,0.0,0.0
2021-05-03 00:00:00+08:00,93.44622039794922,94.12336423497112,92.76906993791076,93.44622039794922,17947,0.0,0.0
2021-05-04 00:00:00+08:00,93.10765028966577,93.10765028966577,91.41478729248047,91.41478729248047,37177,0.0,0.0
2021-05-05 00:00:00+08:00,91.07621204383663,91.41478729248047,90.7376367951928,91.41478729248047,46151,0.0,0.0
2021-05-06 00:00:00+08:00,91.41478526310023,91.41478526310023,91.07621002197266,91.07621002197266,11537,0.0,0.0
2021-05-07 00:00:00+08:00,91.4147827342012,92.09192657470703,91.4147827342012,92.09192657470703,33331,0.0,0.0
2021-05-10 00:00:00+08:00,92.0919311667512,92.43050641539503,90.7376367951928,91.41478729248047,26921,0.0,0.0
2021-05-11 00:00:00+08:00,91.07620848222378,91.07620848222378,89.38333892822266,89.38333892822266,46151,0.0,0.0
2021-05-12 00:00:00+08:00,88.02904551233098,89.38333311990745,83.28901901676463,86.67475128173828,58971,0.0,0.0
2021-05-13 00:00:00+08:00,86.67475128173828,86.67475128173828,86.67475128173828,86.67475128173828,11537,0.0,0.0
2021-05-14 00:00:00+08:00,87.3519058227539,87.69048107777355,85.9976114256924,87.3519058227539,7691,0.0,0.0
2021-05-17 00:00:00+08:00,85.9976089554623,88.02905380421103,83.96617072973042,85.32046508789062,15383,0.0,0.0
2021-05-18 00:00:00+08:00,87.69047237204286,87.69047237204286,85.65903428963615,87.0133285522461,7691,0.0,0.0
2021-05-19 00:00:00+08:00,87.35189715063628,87.35189715063628,85.32045906822957,87.0133285522461,5127,0.0,0.0
2021-05-20 00:00:00+08:00,84.64332122031895,85.32046508789062,84.64332122031895,85.32046508789062,3845,0.0,0.0
2021-05-21 00:00:00+08:00,85.65903779313271,85.99760640537052,85.65903779313271,86.336181640625,2563,0.0,0.0
2021-05-24 00:00:00+08:00,85.99760640537052,86.67475687587948,85.99760640537052,86.336181640625,6409,0.0,0.0
2021-05-25 00:00:00+08:00,86.67475333083951,87.0133285522461,86.33617810943292,87.0133285522461,21793,0.0,0.0
2021-05-26 00:00:00+08:00,87.01332649514052,87.69047029892874,85.6590322645478,86.67475128173828,12819,0.0,0.0
2021-05-27 00:00:00+08:00,88.02905633279319,89.38334410683764,87.3519058227539,87.3519058227539,3845,0.0,0.0
2021-05-28 00:00:00+08:00,87.35190225201602,88.029052734375,86.67475839267382,88.029052734375,5127,0.0,0.0
2021-05-31 00:00:00+08:00,88.029052734375,88.029052734375,88.029052734375,88.029052734375,2563,0.0,0.0
2021-06-01 00:00:00+08:00,86.67475128173828,86.67475128173828,86.67475128173828,86.67475128173828,2563,0.0,0.0
2021-06-02 00:00:00+08:00,86.67476193573168,87.3519058227539,86.67476193573168,87.3519058227539,16665,0.0,0.0
2021-06-03 00:00:00+08:00,85.99760437011719,87.6904738833088,85.99760437011719,85.99760437011719,15383,0.0,0.0
2021-06-04 00:00:00+08:00,85.99760437011719,87.35189865606716,85.99760437011719,85.99760437011719,7691,0.0,0.0
2021-06-07 00:00:00+08:00,85.9976089554623,85.9976089554623,85.32046508789062,85.32046508789062,6409,0.0,0.0
2021-06-08 00:00:00+08:00,85.32046949968569,87.69048309326172,85.32046949968569,87.69048309326172,6409,0.0,0.0
2021-06-09 00:00:00+08:00,85.99760437011719,87.35189865606716,85.99760437011719,85.99760437011719,6409,0.0,0.0
2021-06-10 00:00:00+08:00,87.35190783046022,87.69048309326172,86.67476392787445,87.69048309326172,12819,0.0,0.0
2021-06-11 00:00:00+08:00,88.02905633279319,88.02905633279319,87.3519058227539,87.3519058227539,5127,0.0,0.0
2021-06-15 00:00:00+08:00,86.67475128173828,86.67475128173828,86.67475128173828,86.67475128173828,2563,0.0,0.0
2021-06-16 00:00:00+08:00,85.65904279368982,87.3519058227539,85.65904279368982,87.3519058227539,21793,0.0,0.0
2021-06-17 00:00:00+08:00,87.3519058227539,87.3519058227539,87.3519058227539,87.3519058227539,8973,0.0,0.0
2021-06-18 00:00:00+08:00,87.3519058227539,87.3519058227539,87.01333719075133,87.3519058227539,11537,0.0,0.0
2021-06-21 00:00:00+08:00,85.99760085493381,86.67475128173828,85.99760085493381,86.67475128173828,14101,0.0,0.0
2021-06-22 00:00:00+08:00,87.69048309326172,87.69048309326172,87.69048309326172,87.69048309326172,6409,0.0,0.0
2021-06-23 00:00:00+08:00,88.70619508043221,90.06048939902978,88.70619508043221,89.38333892822266,15383,0.0,0.0
2021-06-24 00:00:00+08:00,89.72192142403625,89.72192142403625,87.69048309326172,87.69048309326172,5127,0.0,0.0
2021-06-25 00:00:00+08:00,88.029052734375,88.029052734375,88.029052734375,88.029052734375,2563,0.0,0.0
2021-06-28 00:00:00+08:00,88.029052734375,88.029052734375,88.029052734375,88.029052734375,1281,0.0,0.0
2021-06-29 00:00:00+08:00,88.02905633279319,88.02905633279319,87.3519058227539,87.3519058227539,16665,0.0,0.0
2021-06-30 00:00:00+08:00,88.02905272087492,92.76907298157693,88.02905272087492,91.07621002197266,39741,0.0,0.0
2021-07-01 00:00:00+08:00,88.70619608274389,92.43050384521484,88.70619608274389,92.43050384521484,26921,0.0,0.0
2021-07-02 00:00:00+08:00,92.09192912233857,92.43050436346614,91.07621002197266,91.07621002197266,17947,0.0,0.0
2021-07-05 00:00:00+08:00,92.09192860598564,92.43050384521484,91.07620951131479,92.43050384521484,10255,0.0,0.0
2021-07-06 00:00:00+08:00,92.76907246142729,92.76907246142729,92.43050384521484,92.43050384521484,7691,0.0,0.0
2021-07-07 00:00:00+08:00,92.43050384521484,92.43050384521484,92.43050384521484,92.43050384521484,0,0.0,0.0
2021-07-08 00:00:00+08:00,91.07620750243997,92.76907041521287,91.07620750243997,92.09192657470703,14101,0.0,0.0
2021-07-09 00:00:00+08:00,92.76907298157693,92.76907298157693,90.06049092160674,91.07621002197266,17947,0.0,0.0
2021-07-12 00:00:00+08:00,89.72191120480338,91.75334930419922,89.72191120480338,91.75334930419922,3845,0.0,0.0
2021-07-13 00:00:00+08:00,90.39906928712647,90.73763791693892,88.7061996459961,88.7061996459961,28203,0.0,0.0
2021-07-14 00:00:00+08:00,88.7061965937172,90.06049093541837,87.35190225201602,88.029052734375,16665,0.0,0.0
2021-07-15 00:00:00+08:00,91.07620848222378,91.07620848222378,89.38333892822266,89.38333892822266,6409,0.0,0.0
2021-07-16 00:00:00+08:00,88.02905123264176,89.38333892822266,88.02905123264176,89.38333892822266,2563,0.0,0.0
2021-07-19 00:00:00+08:00,88.029052734375,89.38334045305939,87.69047749319552,88.029052734375,6409,0.0,0.0
2021-07-20 00:00:00+08:00,90.06049093541837,90.73763479476057,88.029052734375,88.029052734375,3845,0.0,0.0
2021-07-21 00:00:00+08:00,88.029052734375,88.029052734375,88.029052734375,88.029052734375,2563,0.0,0.0
2021-07-22 00:00:00+08:00,88.02905123264176,89.38333892822266,87.35190076183464,89.38333892822266,8973,0.0,0.0
2021-07-23 00:00:00+08:00,88.7061965937172,88.7061965937172,88.029052734375,88.029052734375,3845,0.0,0.0
2021-07-26 00:00:00+08:00,87.69047996033594,90.06049346923828,87.69047996033594,90.06049346923828,26921,0.0,0.0
2021-07-27 00:00:00+08:00,90.06048939902978,90.73763324682022,88.70619508043221,89.38333892822266,19229,0.0,0.0
2021-07-28 00:00:00+08:00,88.02905835606322,88.36762699584749,87.35190783046022,87.69048309326172,17947,0.0,0.0
2021-07-29 00:00:00+08:00,88.70618996196104,88.70618996196104,88.36761474609375,88.36761474609375,6409,0.0,0.0
2021-07-30 00:00:00+08:00,90.06048939902978,90.06048939902978,89.38333892822266,89.38333892822266,5127,0.0,0.0
2021-08-02 00:00:00+08:00,88.36762439316661,88.7061996459961,88.36762439316661,88.7061996459961,10255,0.0,0.0
2021-08-03 00:00:00+08:00,88.36762439316661,88.7061996459961,88.02905576335415,88.7061996459961,5127,0.0,0.0
2021-08-04 00:00:00+08:00,88.7061996459961,88.7061996459961,88.7061996459961,88.7061996459961,14101,0.0,0.0
2021-08-05 00:00:00+08:00,88.70619405561735,90.39906359006089,88.70619405561735,89.04476928710938,26921,0.0,0.0
2021-08-06 00:00:00+08:00,89.04476928710938,90.39906359006089,89.04476928710938,89.04476928710938,21793,0.0,0.0
2021-08-09 00:00:00+08:00,89.04477027662749,89.04477027662749,83.62759300462251,86.336181640625,84611,0.0,0.0
2021-08-10 00:00:00+08:00,86.33618420075656,86.33618420075656,82.6118763715702,85.32046508789062,37177,0.0,0.0
2021-08-11 00:00:00+08:00,84.98188309485376,84.98188309485376,82.27330121661738,82.61186981201172,34613,0.0,0.0
2021-08-12 00:00:00+08:00,82.61188084686675,84.64332580566406,82.27331220624822,84.64332580566406,20511,0.0,0.0
2021-08-13 00:00:00+08:00,83.28902024883307,83.6275888442274,82.61186981201172,82.61186981201172,30767,0.0,0.0
2021-08-16 00:00:00+08:00,81.93473150822811,83.28902584992927,81.59615626704861,88.029052734375,24357,0.0,0.0
2021-08-17 00:00:00+08:00,82.27330325196279,83.28902230930616,81.93472802517616,82.95044708251953,20511,0.0,0.0
2021-08-18 00:00:00+08:00,84.3047380339551,86.67475128173828,83.96616282055287,86.67475128173828,16665,0.0,0.0
2021-08-19 00:00:00+08:00,88.02905857296993,88.02905857296993,84.64332580566406,84.64332580566406,12819,0.0,0.0
2021-08-20 00:00:00+08:00,87.01333719075133,88.02905633279319,85.9976114256924,87.3519058227539,28203,0.0,0.0
2021-08-23 00:00:00+08:00,87.35190470963074,90.39906871994346,87.35190470963074,90.06049346923828,75637,0.0,0.0
2021-08-24 00:00:00+08:00,90.52160956218074,91.30197143554688,87.4001759460102,91.30197143554688,37294,4.719242,1.1
2021-08-25 00:00:00+08:00,91.30197143554688,91.30197143554688,88.5707118174124,91.30197143554688,6992,0.0,0.0
2021-08-26 00:00:00+08:00,88.57070922851562,88.96089015379381,88.57070922851562,88.57070922851562,8158,0.0,0.0
2021-08-27 00:00:00+08:00,90.13142599098158,90.13142599098158,88.57070922851562,88.57070922851562,3496,0.0,0.0
2021-08-30 00:00:00+08:00,88.57071079146934,88.96089172363281,88.18053679795277,88.96089172363281,5827,0.0,0.0
2021-08-31 00:00:00+08:00,88.96088926692302,88.96088926692302,87.79035344140458,88.18053436279297,24474,0.0,0.0
2021-09-01 00:00:00+08:00,87.79035431660604,88.57070922851562,85.83945662886188,88.57070922851562,38459,0.0,0.0
2021-09-02 00:00:00+08:00,87.40017339132785,88.57070922851562,87.40017339132785,88.57070922851562,3496,0.0,0.0
2021-09-03 00:00:00+08:00,87.79035949707031,87.79035949707031,87.79035949707031,87.79035949707031,5827,0.0,0.0
2021-09-06 00:00:00+08:00,88.57070922851562,88.57070922851562,88.57070922851562,88.57070922851562,1165,0.0,0.0
2021-09-07 00:00:00+08:00,86.2296371459961,86.2296371459961,86.2296371459961,86.2296371459961,1165,0.0,0.0
2021-09-08 00:00:00+08:00,86.22963358919353,87.4001693725586,85.83945268185633,87.4001693725586,15150,0.0,0.0
2021-09-09 00:00:00+08:00,87.40017137738155,87.40017137738155,84.27873792437626,85.8394546508789,18647,0.0,0.0
2021-09-10 00:00:00+08:00,87.40017756608704,87.40017756608704,85.44927978515625,85.44927978515625,4661,0.0,0.0
2021-09-13 00:00:00+08:00,84.2787338972786,86.61980540584564,84.2787338972786,84.66891479492188,4661,0.0,0.0
2021-09-14 00:00:00+08:00,84.66892329188612,85.05909729003906,84.66892329188612,85.05909729003906,5827,0.0,0.0
2021-09-15 00:00:00+08:00,85.05909729003906,85.05909729003906,85.05909729003906,85.05909729003906,1165,0.0,0.0
2021-09-16 00:00:00+08:00,84.27874235508617,84.27874235508617,83.49838048148627,85.05909729003906,6992,0.0,0.0
2021-09-17 00:00:00+08:00,84.27873992919922,84.27873992919922,84.27873992919922,84.27873992919922,2330,0.0,0.0
2021-09-22 00:00:00+08:00,83.88855700808894,83.88855700808894,83.88855700808894,85.8394546508789,3496,0.0,0.0
2021-09-23 00:00:00+08:00,83.88855743408203,83.88855743408203,83.88855743408203,83.88855743408203,1165,0.0,0.0
2021-09-24 00:00:00+08:00,83.88855743408203,83.88855743408203,83.88855743408203,83.88855743408203,0,0.0,0.0
2021-09-27 00:00:00+08:00,84.27874184312172,84.27874184312172,84.27874184312172,87.00999450683594,3496,0.0,0.0
2021-09-28 00:00:00+08:00,84.27874184312172,87.40017544126567,84.27874184312172,87.00999450683594,8158,0.0,0.0
2021-09-29 00:00:00+08:00,87.40017854876774,87.79035949707031,87.00999760046517,87.79035949707031,12819,0.0,0.0
2021-09-30 00:00:00+08:00,87.79035949707031,87.79035949707031,87.79035949707031,87.79035949707031,0,0.0,0.0
2021-10-01 00:00:00+08:00,85.44927822683901,85.44927822683901,85.05909729003906,85.05909729003906,3496,0.0,0.0
2021-10-04 00:00:00+08:00,84.66892085476816,84.66892085476816,84.27873992919922,84.27873992919922,6992,0.0,0.0
2021-10-05 00:00:00+08:00,84.27873992919922,84.27873992919922,84.27873992919922,84.27873992919922,0,0.0,0.0
2021-10-06 00:00:00+08:00,83.88856351491111,83.88856351491111,83.49838256835938,83.49838256835938,4661,0.0,0.0
2021-10-07 00:00:00+08:00,83.49838256835938,83.49838256835938,83.49838256835938,83.49838256835938,2330,0.0,0.0
2021-10-08 00:00:00+08:00,83.88856107447502,83.88856107447502,81.93766333711788,82.71802520751953,11654,0.0,0.0
2021-10-12 00:00:00+08:00,82.71801847903151,83.49837334731019,82.71801847903151,83.10819244384766,13985,0.0,0.0
2021-10-13 00:00:00+08:00,83.10820162180764,83.49838256835938,81.93766572079961,83.49838256835938,8158,0.0,0.0
2021-10-14 00:00:00+08:00,83.49838256835938,83.49838256835938,83.49838256835938,83.49838256835938,0,0.0,0.0
2021-10-15 00:00:00+08:00,83.10819244384766,83.10819244384766,83.10819244384766,83.10819244384766,3496,0.0,0.0
2021-10-18 00:00:00+08:00,83.88855743408203,83.88855743408203,83.88855743408203,83.88855743408203,1165,0.0,0.0
2021-10-19 00:00:00+08:00,83.88855700808894,83.88855700808894,83.88855700808894,85.8394546508789,1165,0.0,0.0
2021-10-20 00:00:00+08:00,83.88856351491111,83.88856351491111,83.49838256835938,83.49838256835938,4661,0.0,0.0
2021-10-21 00:00:00+08:00,82.71802976002971,83.10820377805737,81.93766784667969,81.93766784667969,8158,0.0,0.0
2021-10-22 00:00:00+08:00,83.10819244384766,83.10819244384766,83.10819244384766,83.10819244384766,2330,0.0,0.0
2021-10-25 00:00:00+08:00,83.49838256835938,83.49838256835938,83.49838256835938,83.49838256835938,1165,0.0,0.0
2021-10-26 00:00:00+08:00,83.10819120434877,83.10819120434877,82.7180172453518,84.66891479492188,2330,0.0,0.0
2021-10-27 00:00:00+08:00,82.32784069965393,82.71802161792263,82.32784069965393,83.88855743408203,4661,0.0,0.0
2021-10-28 00:00:00+08:00,82.71802705504143,83.49838200422546,82.71802705504143,85.44927978515625,5827,0.0,0.0
2021-10-29 00:00:00+08:00,83.10819244384766,83.10819244384766,83.10819244384766,83.10819244384766,3496,0.0,0.0
2021-11-01 00:00:00+08:00,83.4983801392742,83.4983801392742,82.71802520751953,82.71802520751953,3496,0.0,0.0
2021-11-02 00:00:00+08:00,87.40017182120692,87.40017182120692,83.88855743408203,83.88855743408203,18647,0.0,0.0
2021-11-03 00:00:00+08:00,82.3278442723187,83.10819920407337,82.3278442723187,82.71802520751953,9323,0.0,0.0
2021-11-04 00:00:00+08:00,82.71802520751953,82.71802520751953,82.71802520751953,82.71802520751953,2330,0.0,0.0
2021-11-05 00:00:00+08:00,82.71802520751953,83.4983801392742,82.71802520751953,82.71802520751953,4661,0.0,0.0
2021-11-08 00:00:00+08:00,82.32784069965393,83.88855743408203,82.32784069965393,83.88855743408203,8158,0.0,0.0
2021-11-09 00:00:00+08:00,83.88855743408203,83.88855743408203,83.88855743408203,83.88855743408203,1165,0.0,0.0
2021-11-10 00:00:00+08:00,83.10819920407337,83.4983801392742,82.71802520751953,82.71802520751953,5827,0.0,0.0
2021-11-11 00:00:00+08:00,82.32784271240234,82.71802364021016,82.32784271240234,82.32784271240234,3496,0.0,0.0
2021-11-12 00:00:00+08:00,82.32783954778714,83.10819443475974,81.54747772216797,81.54747772216797,30301,0.0,0.0
2021-11-15 00:00:00+08:00,81.54748449239584,81.54748449239584,81.15731048583984,81.15731048583984,6992,0.0,0.0
2021-11-16 00:00:00+08:00,81.54748240191707,82.71802520751953,81.54748240191707,82.71802520751953,10488,0.0,0.0
2021-11-17 00:00:00+08:00,82.71802520751953,83.4983801392742,82.71802520751953,82.71802520751953,8158,0.0,0.0
2021-11-18 00:00:00+08:00,81.54748240191707,83.10819920407337,81.54748240191707,82.71802520751953,6992,0.0,0.0
2021-11-19 00:00:00+08:00,81.937665437599,81.937665437599,81.54748449239584,81.15731048583984,3496,0.0,0.0
2021-11-22 00:00:00+08:00,81.54747951513053,81.54747951513053,81.54747951513053,88.18053436279297,4661,0.0,0.0
2021-11-23 00:00:00+08:00,82.71802554653337,82.71802554653337,81.93766367293347,85.05909729003906,2330,0.0,0.0
2021-11-24 00:00:00+08:00,81.93766086554449,81.93766086554449,81.93766086554449,86.2296371459961,12819,0.0,0.0
2021-11-25 00:00:00+08:00,81.54747772216797,81.54747772216797,81.54747772216797,81.54747772216797,2330,0.0,0.0
2021-11-26 00:00:00+08:00,81.54748449239584,81.54748449239584,81.15731048583984,81.15731048583984,9323,0.0,0.0
2021-11-29 00:00:00+08:00,80.37694705300704,80.76712799072266,80.37694705300704,80.76712799072266,2330,0.0,0.0
2021-11-30 00:00:00+08:00,81.93766178459452,82.32784271240234,81.93766178459452,82.32784271240234,2330,0.0,0.0
2021-12-01 00:00:00+08:00,80.37694705300704,80.76712799072266,80.37694705300704,80.76712799072266,8158,0.0,0.0
2021-12-02 00:00:00+08:00,81.15731048583984,81.15731048583984,81.15731048583984,81.15731048583984,8158,0.0,0.0
2021-12-03 00:00:00+08:00,81.54748449239584,81.54748449239584,80.76712954063669,81.15731048583984,5827,0.0,0.0
2021-12-06 00:00:00+08:00,82.71801930045183,82.71801930045183,81.93765748577746,87.4001693725586,2330,0.0,0.0
2021-12-07 00:00:00+08:00,82.71802705504143,85.44927978515625,82.71802705504143,85.44927978515625,26805,0.0,0.0
2021-12-08 00:00:00+08:00,85.44927416851013,85.44927416851013,83.88855743408203,83.88855743408203,10488,0.0,0.0
2021-12-09 00:00:00+08:00,82.71802520751953,82.71802520751953,82.71802520751953,82.71802520751953,2330,0.0,0.0
2021-12-10 00:00:00+08:00,83.88855743408203,83.88855743408203,83.88855743408203,83.88855743408203,1165,0.0,0.0
2021-12-13 00:00:00+08:00,82.32784271240234,82.32784271240234,82.32784271240234,82.32784271240234,2330,0.0,0.0
2021-12-14 00:00:00+08:00,82.32784271240234,82.32784271240234,81.93766178459452,82.32784271240234,5827,0.0,0.0
2021-12-15 00:00:00+08:00,82.71802520751953,83.4983801392742,82.71802520751953,82.71802520751953,9323,0.0,0.0
2021-12-16 00:00:00+08:00,82.71802976002971,82.71802976002971,81.93766784667969,81.93766784667969,13985,0.0,0.0
2021-12-17 00:00:00+08:00,81.93766784667969,81.93766784667969,81.93766784667969,81.93766784667969,2330,0.0,0.0
2021-12-20 00:00:00+08:00,81.93766784667969,81.93766784667969,81.93766784667969,81.93766784667969,5827,0.0,0.0
2021-12-21 00:00:00+08:00,81.93766784667969,81.93766784667969,81.93766784667969,81.93766784667969,3496,0.0,0.0
2021-12-22 00:00:00+08:00,81.93765863497755,81.93765863497755,81.15730374800495,81.54747772216797,11654,0.0,0.0
2021-12-23 00:00:00+08:00,81.54747772216797,81.54747772216797,81.54747772216797,81.54747772216797,1165,0.0,0.0
2021-12-24 00:00:00+08:00,81.54748085678669,82.32784271240234,81.54748085678669,82.32784271240234,8158,0.0,0.0
2021-12-27 00:00:00+08:00,81.54748449239584,81.54748449239584,81.15731048583984,81.15731048583984,18647,0.0,0.0
2021-12-28 00:00:00+08:00,81.15730892843827,81.15730892843827,80.76712799072266,80.76712799072266,15150,0.0,0.0
2021-12-29 00:00:00+08:00,81.15730840536321,82.71802520751953,80.7671274701624,82.71802520751953,13985,0.0,0.0
2021-12-30 00:00:00+08:00,82.71802046059673,82.71802046059673,81.15730374800495,81.54747772216797,8158,0.0,0.0
2022-01-03 00:00:00+08:00,81.54748449239584,82.32784638280215,81.15731048583984,81.15731048583984,12819,0.0,0.0
2022-01-04 00:00:00+08:00,81.15730374800495,81.54747772216797,81.15730374800495,81.54747772216797,8158,0.0,0.0
2022-01-05 00:00:00+08:00,81.15730374800495,81.54747772216797,81.15730374800495,81.54747772216797,10488,0.0,0.0
2022-01-06 00:00:00+08:00,81.54747772216797,81.93765863497755,81.54747772216797,81.54747772216797,3496,0.0,0.0
2022-01-07 00:00:00+08:00,81.93766784667969,81.93766784667969,81.54748689000468,81.93766784667969,11654,0.0,0.0
2022-01-10 00:00:00+08:00,81.93766333711788,82.71802520751953,81.93766333711788,82.71802520751953,2330,0.0,0.0
2022-01-11 00:00:00+08:00,82.3278448029381,82.71802574065372,80.76712799072266,80.76712799072266,22143,0.0,0.0
2022-01-12 00:00:00+08:00,81.15731287197701,81.93766784667969,81.15731287197701,81.93766784667969,10488,0.0,0.0
2022-01-13 00:00:00+08:00,82.71802520751953,82.71802520751953,82.3278442723187,82.71802520751953,5827,0.0,0.0
2022-01-14 00:00:00+08:00,81.54748085678669,82.32784271240234,81.1573068676257,82.32784271240234,9323,0.0,0.0
2022-01-17 00:00:00+08:00,84.66891927061943,84.66891927061943,83.88855743408203,83.88855743408203,3496,0.0,0.0
2022-01-18 00:00:00+08:00,83.88855743408203,83.88855743408203,83.49837651581335,83.88855743408203,6992,0.0,0.0
2022-01-19 00:00:00+08:00,82.71802761390308,83.49838256835938,82.71802761390308,83.49838256835938,13985,0.0,0.0
2022-01-20 00:00:00+08:00,83.4983801392742,83.88856107447502,82.71802520751953,82.71802520751953,8158,0.0,0.0
2022-01-21 00:00:00+08:00,82.71802161792263,87.40017182120692,82.71802161792263,83.88855743408203,24474,0.0,0.0
2022-01-24 00:00:00+08:00,81.93765978138525,83.88855743408203,81.93765978138525,83.88855743408203,25639,0.0,0.0
2022-01-25 00:00:00+08:00,83.10819559754465,83.88855743408203,82.71802161792263,83.88855743408203,13985,0.0,0.0
2022-01-26 00:00:00+08:00,83.10819715249238,84.27873992919922,83.10819715249238,84.27873992919922,8158,0.0,0.0
2022-02-07 00:00:00+08:00,85.05909729003906,85.05909729003906,83.49838048148627,85.05909729003906,12819,0.0,0.0
2022-02-08 00:00:00+08:00,84.66892329188612,85.05909729003906,84.27874235508617,85.05909729003906,12819,0.0,0.0
2022-02-09 00:00:00+08:00,85.05909729003906,85.83945916363896,84.27874235508617,85.05909729003906,24474,0.0,0.0
2022-02-10 00:00:00+08:00,85.81312574631414,86.20858001708984,85.81312574631414,86.20858001708984,12648,0.0,0.0
2022-02-11 00:00:00+08:00,84.62676987263339,86.20858001708984,83.83586826972834,86.20858001708984,11499,0.0,0.0
2022-02-14 00:00:00+08:00,85.41768626315319,85.41768626315319,84.62677764892578,84.62677764892578,5749,0.0,0.0
2022-02-15 00:00:00+08:00,85.41768549365545,85.81313285855974,84.62677688655306,86.9994888305664,12648,0.0,0.0
2022-02-16 00:00:00+08:00,84.62677764892578,85.41768626315319,83.83587597334535,84.62677764892578,17248,0.0,0.0
2022-02-17 00:00:00+08:00,84.62677804637126,84.62677804637126,83.44042205810547,83.44042205810547,5749,0.0,0.0
2022-02-18 00:00:00+08:00,83.8358765616931,84.23133087158203,83.8358765616931,84.23133087158203,2299,0.0,0.0
2022-02-21 00:00:00+08:00,82.25406597300345,83.83587626837793,82.25406597300345,83.04496765136719,11499,0.0,0.0
2022-02-22 00:00:00+08:00,83.44042195987257,83.44042195987257,83.04496765136719,83.04496765136719,4599,0.0,0.0
2022-02-23 00:00:00+08:00,83.04496765136719,83.04496765136719,82.64952028150881,83.04496765136719,10349,0.0,0.0
2022-02-24 00:00:00+08:00,82.6495132766308,82.6495132766308,80.276794565343,80.67224884033203,18398,0.0,0.0
2022-02-25 00:00:00+08:00,80.67225697674466,81.4631656064919,79.88135528564453,79.88135528564453,22998,0.0,0.0
2022-03-01 00:00:00+08:00,79.88134722900037,80.67224884033203,79.88134722900037,80.67224884033203,12648,0.0,0.0
2022-03-02 00:00:00+08:00,80.67225656361637,81.06771087646484,79.8813548765665,81.06771087646484,14948,0.0,0.0
2022-03-03 00:00:00+08:00,81.46316528320312,81.85861265786029,81.46316528320312,81.46316528320312,10349,0.0,0.0
2022-03-04 00:00:00+08:00,81.46316518931332,81.46316518931332,81.06771087646484,81.06771087646484,6899,0.0,0.0
2022-03-07 00:00:00+08:00,81.06771110329572,81.46316541725069,79.01135977256524,79.09044647216797,18398,0.0,0.0
2022-03-08 00:00:00+08:00,79.09043892872276,79.09043892872276,78.29953731489411,78.93225860595703,5749,0.0,0.0
2022-03-09 00:00:00+08:00,81.46316541725069,81.85861279255856,79.09044647216797,79.09044647216797,6899,0.0,0.0
2022-03-10 00:00:00+08:00,80.27680206298828,80.27680206298828,79.8813546897119,80.27680206298828,6899,0.0,0.0
2022-03-11 00:00:00+08:00,79.8813546897119,80.27680206298828,79.8813546897119,80.27680206298828,10349,0.0,0.0
2022-03-14 00:00:00+08:00,80.27680206298828,80.67225637491173,79.48590037778845,80.27680206298828,16098,0.0,0.0
2022-03-15 00:00:00+08:00,79.48589324951172,79.48589324951172,79.48589324951172,79.48589324951172,2299,0.0,0.0
2022-03-16 00:00:00+08:00,79.48590078612294,79.48590078612294,78.77408579646284,79.09044647216797,11499,0.0,0.0
2022-03-17 00:00:00+08:00,78.69499927967078,79.88135528564453,78.69499927967078,79.88135528564453,21848,0.0,0.0
2022-03-18 00:00:00+08:00,78.9322661343154,79.88135510007791,78.9322661343154,79.09044647216797,9199,0.0,0.0
2022-03-21 00:00:00+08:00,79.0904466558973,80.67225697674466,79.0904466558973,79.88135528564453,17248,0.0,0.0
2022-03-22 00:00:00+08:00,79.48590037778845,80.27680206298828,79.48590037778845,80.27680206298828,3449,0.0,0.0
2022-03-23 00:00:00+08:00,80.67225616240525,82.25406646728516,80.67225616240525,82.25406646728516,13798,0.0,0.0
2022-03-24 00:00:00+08:00,82.64952128446879,82.64952128446879,81.46316528320312,81.46316528320312,12648,0.0,0.0
2022-03-25 00:00:00+08:00,82.25406687636318,82.64952118921165,81.06771087646484,81.06771087646484,26447,0.0,0.0
2022-03-28 00:00:00+08:00,81.06770282267576,82.25405870471384,80.67224854911427,81.85860443115234,9199,0.0,0.0
2022-03-29 00:00:00+08:00,81.46316528320312,81.46316528320312,81.46316528320312,81.46316528320312,1149,0.0,0.0
2022-03-30 00:00:00+08:00,80.67224884033203,80.67224884033203,80.67224884033203,80.67224884033203,6899,0.0,0.0
2022-03-31 00:00:00+08:00,82.25406606983968,83.8358763670764,82.25406606983968,83.44042205810547,36796,0.0,0.0
2022-04-01 00:00:00+08:00,83.44042205810547,83.8358763670764,83.44042205810547,83.44042205810547,6899,0.0,0.0
2022-04-06 00:00:00+08:00,84.23133028045905,85.02223195603948,84.23133028045905,84.62677764892578,14948,0.0,0.0
2022-04-07 00:00:00+08:00,84.62677764892578,85.41768626315319,84.62677764892578,84.62677764892578,14948,0.0,0.0
2022-04-08 00:00:00+08:00,79.8813546897119,81.46316499875861,79.48590037778845,80.27680206298828,149487,0.0,0.0
2022-04-11 00:00:00+08:00,82.25406687636318,82.64952118921165,80.67225656361637,81.06771087646484,83942,0.0,0.0
2022-04-12 00:00:00+08:00,79.88135496863322,83.04496865912596,79.88135496863322,81.46316528320312,58644,0.0,0.0
2022-04-13 00:00:00+08:00,82.6495207781669,84.23133108304681,82.25406646728516,82.25406646728516,37946,0.0,0.0
2022-04-14 00:00:00+08:00,82.25406646728516,83.0449681504016,82.25406646728516,82.25406646728516,21848,0.0,0.0
2022-04-15 00:00:00+08:00,82.25406656268305,82.64952087402344,82.25406656268305,82.64952087402344,12648,0.0,0.0
2022-04-18 00:00:00+08:00,82.6495203788106,83.44042205810547,82.6495203788106,83.44042205810547,62094,0.0,0.0
2022-04-19 00:00:00+08:00,83.44042255805715,83.44042255805715,82.64952087402344,82.64952087402344,32197,0.0,0.0
2022-04-20 00:00:00+08:00,83.44042195987257,83.83587626837793,82.64952028150881,83.04496765136719,36796,0.0,0.0
2022-04-21 00:00:00+08:00,83.44042195987257,83.44042195987257,83.04496765136719,83.04496765136719,21848,0.0,0.0
2022-04-22 00:00:00+08:00,83.44042931365644,85.81314149650687,83.04497497029882,85.41769409179688,110390,0.0,0.0
2022-04-25 00:00:00+08:00,85.02223974843926,86.6040501832221,84.62678540508166,85.41769409179688,109240,0.0,0.0
2022-04-26 00:00:00+08:00,85.41768587308522,85.8131332397461,85.0222315677774,85.8131332397461,65544,0.0,0.0
2022-04-27 00:00:00+08:00,85.02223195603948,85.41768626315319,84.23133028045905,84.62677764892578,48295,0.0,0.0
2022-04-28 00:00:00+08:00,85.41768437672019,92.9312744140625,85.41768437672019,92.9312744140625,312773,0.0,0.0
2022-04-29 00:00:00+08:00,88.58129794782108,93.32672871244267,87.79039628970757,92.9312744140625,213881,0.0,0.0
2022-05-03 00:00:00+08:00,92.93127467583345,92.93127467583345,90.55856275616256,91.3494644165039,74743,0.0,0.0
2022-05-04 00:00:00+08:00,89.37221670943016,89.37221670943016,83.83588365701405,85.41769409179688,178234,0.0,0.0
2022-05-05 00:00:00+08:00,85.81313344075438,86.60404205322266,85.02223176693309,86.60404205322266,43696,0.0,0.0
2022-05-06 00:00:00+08:00,83.8358765616931,85.41768686260184,83.0449679419152,84.23133087158203,48295,0.0,0.0
2022-05-09 00:00:00+08:00,84.23133108304681,84.23133108304681,81.85861215640342,82.25406646728516,51745,0.0,0.0
2022-05-10 00:00:00+08:00,81.4631642946397,83.04496765136719,80.67225567762895,83.04496765136719,40246,0.0,0.0
2022-05-11 00:00:00+08:00,82.25406656268305,83.04496824671676,81.85861225134266,82.64952087402344,18398,0.0,0.0
2022-05-12 00:00:00+08:00,80.67225637491173,80.67225637491173,79.09044606586501,80.27680206298828,44846,0.0,0.0
2022-05-13 00:00:00+08:00,81.06771087646484,81.06771087646484,79.8813548765665,81.06771087646484,33347,0.0,0.0
2022-05-16 00:00:00+08:00,79.88135528564453,80.27680266187103,79.0904466558973,79.88135528564453,19548,0.0,0.0
2022-05-17 00:00:00+08:00,79.88134722900037,80.67224884033203,79.01135198721235,80.67224884033203,25297,0.0,0.0
2022-05-18 00:00:00+08:00,80.276794565343,80.67224884033203,79.48589295401133,80.67224884033203,10349,0.0,0.0
2022-05-19 00:00:00+08:00,79.88135528564453,79.88135528564453,79.48590097077091,79.88135528564453,11499,0.0,0.0
2022-05-20 00:00:00+08:00,79.88134752597091,80.67224914024285,79.48589324951172,79.48589324951172,43696,0.0,0.0
2022-05-23 00:00:00+08:00,79.88134752597091,80.27679486378366,79.48589324951172,79.48589324951172,36796,0.0,0.0
2022-05-24 00:00:00+08:00,79.48590139009673,79.88135570705656,78.53681935576971,78.69499969482422,86242,0.0,0.0
2022-05-25 00:00:00+08:00,78.29953731489411,79.4858932049603,78.29953731489411,78.93225860595703,29897,0.0,0.0
2022-05-26 00:00:00+08:00,78.93225895253248,78.93225895253248,78.2995376586914,78.2995376586914,82792,0.0,0.0
2022-05-27 00:00:00+08:00,78.37863911874739,79.48590149357032,78.29954547979361,78.53681945800781,20698,0.0,0.0
2022-05-30 00:00:00+08:00,79.0904383935147,82.64951297827533,79.0904383935147,81.85860443115234,62094,0.0,0.0
2022-05-31 00:00:00+08:00,82.25406687636318,82.25406687636318,80.67225656361637,81.06771087646484,28747,0.0,0.0
2022-06-01 00:00:00+08:00,81.46315709623724,81.85860443115234,81.46315709623724,81.85860443115234,26447,0.0,0.0
2022-06-02 00:00:00+08:00,86.99949012435953,86.99949012435953,82.64952047519445,83.83587646484375,59794,0.0,0.0
2022-06-06 00:00:00+08:00,83.0449681504016,83.83587677216508,81.46316478416873,82.25406646728516,22998,0.0,0.0
2022-06-07 00:00:00+08:00,81.85861215640342,82.25406646728516,81.85861215640342,82.25406646728516,13798,0.0,0.0
2022-06-08 00:00:00+08:00,82.25406606983968,83.8358763670764,82.25406606983968,83.44042205810547,24147,0.0,0.0
2022-06-09 00:00:00+08:00,83.04496865912596,83.04496865912596,81.06771096989888,81.46316528320312,43696,0.0,0.0
2022-06-10 00:00:00+08:00,81.46316528320312,81.46316528320312,81.06771096989888,81.46316528320312,9199,0.0,0.0
2022-06-13 00:00:00+08:00,80.67224854911427,81.85860443115234,80.67224854911427,81.85860443115234,14948,0.0,0.0
2022-06-14 00:00:00+08:00,81.06771096989888,81.46316528320312,81.06771096989888,81.46316528320312,6899,0.0,0.0
2022-06-15 00:00:00+08:00,81.85860443115234,81.85860443115234,81.85860443115234,81.85860443115234,3449,0.0,0.0
2022-06-16 00:00:00+08:00,82.64951297827533,83.04496031319043,81.85860443115234,81.85860443115234,28747,0.0,0.0
2022-06-17 00:00:00+08:00,81.06771129161828,81.06771129161828,79.48590097077091,79.88135528564453,25297,0.0,0.0
2022-06-20 00:00:00+08:00,79.88134752597091,82.64951358389239,79.48589324951172,79.48589324951172,20698,0.0,0.0
2022-06-21 00:00:00+08:00,79.8813548765665,81.06771087646484,79.8813548765665,81.06771087646484,10349,0.0,0.0
2022-06-22 00:00:00+08:00,80.67225697674466,80.67225697674466,79.48590097077091,79.88135528564453,8049,0.0,0.0
2022-06-23 00:00:00+08:00,79.0904466558973,80.67225697674466,77.66682361191705,79.88135528564453,11499,0.0,0.0
2022-06-24 00:00:00+08:00,80.67224884033203,80.67224884033203,79.88134722900037,80.67224884033203,5749,0.0,0.0
2022-06-27 00:00:00+08:00,78.37863820184823,82.64952118921165,78.37863820184823,81.06771087646484,36796,0.0,0.0
2022-06-28 00:00:00+08:00,81.858612372035,81.858612372035,79.09044606586501,80.27680206298828,54045,0.0,0.0
2022-06-29 00:00:00+08:00,81.67649951173823,83.15853474959245,81.51182973234434,82.74685668945312,52895,3.478558,0.0
2022-06-30 00:00:00+08:00,82.33518369526244,83.15853986620085,82.00584411621094,82.00584411621094,20698,0.0,0.0
2022-07-01 00:00:00+08:00,81.1001550852754,81.1001550852754,79.28878021240234,79.28878021240234,29897,0.0,0.0
2022-07-04 00:00:00+08:00,80.1121394216703,81.34716647784114,78.6301040649414,78.6301040649414,14948,0.0,0.0
2022-07-05 00:00:00+08:00,78.79476210644904,78.79476210644904,77.80674349818491,78.21841430664062,11499,0.0,0.0
2022-07-06 00:00:00+08:00,78.21841430664062,78.21841430664062,77.39506546642052,78.21841430664062,9199,0.0,0.0
2022-07-07 00:00:00+08:00,77.06573188764905,77.72441101074219,77.06573188764905,77.72441101074219,8049,0.0,0.0
2022-07-08 00:00:00+08:00,78.21842694040996,79.45345401187492,78.21842694040996,78.87711334228516,9199,0.0,0.0
2022-07-11 00:00:00+08:00,78.9594394960854,78.9594394960854,77.39507293701172,77.39507293701172,10349,0.0,0.0
2022-07-12 00:00:00+08:00,76.2423717514373,76.65404979337796,76.1600404770345,77.31272888183594,6899,0.0,0.0
2022-07-13 00:00:00+08:00,76.90106250801203,76.90106250801203,76.16004487901229,76.32471466064453,13798,0.0,0.0
2022-07-14 00:00:00+08:00,76.57172804575994,78.87711236549947,76.57172804575994,78.6301040649414,14948,0.0,0.0
2022-07-15 00:00:00+08:00,78.63010056232068,79.86512756347656,78.63010056232068,79.86512756347656,5749,0.0,0.0
2022-07-18 00:00:00+08:00,79.78279628249787,80.6884837131201,79.04177863714246,79.86512756347656,25297,0.0,0.0
2022-07-19 00:00:00+08:00,79.12410266466934,79.12410266466934,78.46542358398438,78.46542358398438,13798,0.0,0.0
2022-07-20 00:00:00+08:00,78.63009335415562,78.79476312432685,78.63009335415562,78.46542358398438,9199,0.0,0.0
2022-07-21 00:00:00+08:00,77.80675156443301,79.04177856445312,77.80675156443301,79.04177856445312,14948,0.0,0.0
2022-07-22 00:00:00+08:00,79.28877565770571,79.45344543457031,79.28877565770571,79.45344543457031,6899,0.0,0.0
2022-07-25 00:00:00+08:00,79.5357884648777,80.52381440565063,79.5357884648777,80.68848419189453,4599,0.0,0.0
2022-07-26 00:00:00+08:00,81.51183372054156,81.51183372054156,80.85315457073824,83.15853881835938,16098,0.0,0.0
2022-07-27 00:00:00+08:00,81.10015046783067,81.10015046783067,80.68847963711403,80.8531494140625,17248,0.0,0.0
2022-07-28 00:00:00+08:00,80.85315349838693,80.93548477936562,79.86512756347656,79.86512756347656,19548,0.0,0.0
2022-07-29 00:00:00+08:00,80.27680154220239,80.6061410959316,79.45344543457031,79.45344543457031,5749,0.0,0.0
2022-08-01 00:00:00+08:00,79.45344543457031,79.45344543457031,79.45344543457031,79.45344543457031,0,0.0,0.0
2022-08-02 00:00:00+08:00,78.63009900748114,79.3711166381836,78.38309794611985,79.3711166381836,3449,0.0,0.0
2022-08-03 00:00:00+08:00,76.9833945971153,79.04177772413856,76.9833945971153,81.84117126464844,3449,0.0,0.0
2022-08-04 00:00:00+08:00,78.54776208072438,78.54776208072438,78.46542358398438,78.46542358398438,6899,0.0,0.0
2022-08-05 00:00:00+08:00,78.46542358398438,78.46542358398438,78.46542358398438,78.46542358398438,4599,0.0,0.0
2022-08-08 00:00:00+08:00,78.63010353414397,80.1121388808683,78.63010353414397,79.20645141601562,14948,0.0,0.0
2022-08-09 00:00:00+08:00,79.37111515405103,79.86512449084559,79.04177559618797,79.70045471191406,9199,0.0,0.0
2022-08-10 00:00:00+08:00,79.45344543457031,79.45344543457031,78.87710482719874,79.45344543457031,14948,0.0,0.0
2022-08-11 00:00:00+08:00,79.45344999872631,79.45344999872631,79.04177914457115,79.28878021240234,24147,0.0,0.0
2022-08-12 00:00:00+08:00,79.04177914457115,79.28878021240234,79.04177914457115,79.28878021240234,4599,0.0,0.0
2022-08-15 00:00:00+08:00,79.86512749003005,79.94746599424246,79.04177856445312,79.04177856445312,13798,0.0,0.0
2022-08-16 00:00:00+08:00,79.86512756347656,79.9474660677647,79.53578799294291,79.86512756347656,8049,0.0,0.0
2022-08-17 00:00:00+08:00,80.44147542356515,80.44147542356515,79.86512756347656,79.86512756347656,4599,0.0,0.0
2022-08-18 00:00:00+08:00,80.27680335566332,80.27680335566332,79.86512529254743,84.39356231689453,2299,0.0,0.0
2022-08-19 00:00:00+08:00,79.61812799558378,79.61812799558378,79.45345098390841,79.5357894897461,6899,0.0,0.0
2022-08-22 00:00:00+08:00,79.5357894897461,79.61812799558378,79.5357894897461,79.5357894897461,12648,0.0,0.0
2022-08-23 00:00:00+08:00,79.53578493298254,80.19446404870864,79.53578493298254,79.70045471191406,10349,0.0,0.0
2022-08-24 00:00:00+08:00,79.70045323388901,80.11213128523792,79.70045323388901,80.02979278564453,22998,0.0,0.0
2022-08-25 00:00:00+08:00,80.11213386357124,81.51183061523464,80.02979536132786,80.77081298828125,41396,0.0,0.0
2022-08-26 00:00:00+08:00,80.60613866664556,81.51182602376005,80.60613866664556,80.93547821044922,40246,0.0,0.0
2022-08-29 00:00:00+08:00,79.70045777820974,80.6884837131201,79.70045777820974,79.86512756347656,13798,0.0,0.0
2022-08-30 00:00:00+08:00,79.86512756347656,79.9474660677647,79.86512756347656,79.86512756347656,40246,0.0,0.0
2022-08-31 00:00:00+08:00,79.94746103709862,81.10014946143386,79.86512253799161,80.60614013671875,77043,0.0,0.0
2022-09-01 00:00:00+08:00,81.18248796054087,81.34715773544589,80.11213081200366,80.60614013671875,24147,0.0,0.0
2022-09-02 00:00:00+08:00,81.42948752615472,82.74685292467821,80.93547821044922,80.93547821044922,33347,0.0,0.0
2022-09-05 00:00:00+08:00,81.10015167220502,83.98188364656191,81.10015167220502,82.74685668945312,79343,0.0,0.0
2022-09-06 00:00:00+08:00,83.15853675487568,83.15853675487568,81.51183169791896,81.84117126464844,25297,0.0,0.0
2022-09-07 00:00:00+08:00,80.68848419189453,80.93548525960566,80.02979782360941,80.68848419189453,31047,0.0,0.0
2022-09-08 00:00:00+08:00,81.10015195859128,81.10015195859128,80.52381134033203,80.52381134033203,3449,0.0,0.0
2022-09-12 00:00:00+08:00,80.68848112030742,80.85315090028281,80.44147283868973,80.52381134033203,12648,0.0,0.0
2022-09-13 00:00:00+08:00,80.6884771642509,81.01781670805457,80.6884771642509,80.93547821044922,11499,0.0,0.0
2022-09-14 00:00:00+08:00,80.44147184092117,80.68848011947503,80.27680206298828,80.27680206298828,9199,0.0,0.0
2022-09-15 00:00:00+08:00,80.27680206298828,80.68848011947503,80.27680206298828,80.27680206298828,19548,0.0,0.0
2022-09-16 00:00:00+08:00,80.68848011947503,80.77081139678693,80.27680206298828,80.27680206298828,4599,0.0,0.0
2022-09-19 00:00:00+08:00,81.10015106201172,81.92350717609548,81.10015106201172,81.10015106201172,8049,0.0,0.0
2022-09-20 00:00:00+08:00,80.8531494140625,80.8531494140625,80.8531494140625,80.8531494140625,1149,0.0,0.0
2022-09-21 00:00:00+08:00,79.78279569959106,79.78279569959106,79.61812591552734,79.61812591552734,11499,0.0,0.0
2022-09-22 00:00:00+08:00,78.79476984899308,79.28877920166757,78.79476984899308,80.44147491455078,6899,0.0,0.0
2022-09-23 00:00:00+08:00,79.28878021240234,79.28878021240234,78.79477085343046,79.28878021240234,14948,0.0,0.0
2022-09-26 00:00:00+08:00,77.64208114413654,77.64208114413654,76.57172393798828,76.57172393798828,14948,0.0,0.0
2022-09-27 00:00:00+08:00,76.8187222797796,80.27680206298828,76.65405250184672,80.27680206298828,9199,0.0,0.0
2022-09-28 00:00:00+08:00,77.14806456952245,77.14806456952245,76.57172393798828,76.57172393798828,4599,0.0,0.0
2022-09-29 00:00:00+08:00,76.73638975687007,76.90105953213,76.73638975687007,76.98339080810547,2299,0.0,0.0
2022-09-30 00:00:00+08:00,75.74836475449014,76.40705108642578,75.74836475449014,76.40705108642578,8049,0.0,0.0
2022-10-03 00:00:00+08:00,76.5717240173175,77.39507293701172,76.5717240173175,77.39507293701172,2299,0.0,0.0
2022-10-04 00:00:00+08:00,79.4534478285439,79.4534478285439,76.6540543141894,77.14806365966797,3449,0.0,0.0
2022-10-05 00:00:00+08:00,77.39507293701172,77.39507293701172,77.39507293701172,77.39507293701172,4599,0.0,0.0
2022-10-06 00:00:00+08:00,77.39506974936562,77.39506974936562,76.40705108642578,76.40705108642578,6899,0.0,0.0
2022-10-07 00:00:00+08:00,76.73639064073906,76.73639064073906,76.40705108642578,76.40705108642578,4599,0.0,0.0
2022-10-11 00:00:00+08:00,76.4070535765659,76.4070535765659,74.92501831054688,74.92501831054688,12648,0.0,0.0
2022-10-12 00:00:00+08:00,75.74836471541072,75.74836471541072,75.0073471069336,75.0073471069336,5749,0.0,0.0
2022-10-13 00:00:00+08:00,75.33668793751625,75.33668793751625,71.63160705566406,71.63160705566406,19548,0.0,0.0
2022-10-14 00:00:00+08:00,74.10165913262205,74.9250152347477,74.10165913262205,74.76034545898438,6899,0.0,0.0
2022-10-17 00:00:00+08:00,74.59567824972481,74.59567824972481,73.85466062164022,74.1016616821289,5749,0.0,0.0
2022-10-18 00:00:00+08:00,74.18400018449798,74.18400018449798,74.1016616821289,74.1016616821289,4599,0.0,0.0
2022-10-19 00:00:00+08:00,73.36064910888672,73.36064910888672,73.36064910888672,73.36064910888672,3449,0.0,0.0
2022-10-20 00:00:00+08:00,73.36064910888672,73.36064910888672,73.36064910888672,73.36064910888672,0,0.0,0.0
2022-10-21 00:00:00+08:00,73.27831268310547,73.27831268310547,73.27831268310547,73.27831268310547,1149,0.0,0.0
2022-10-24 00:00:00+08:00,73.19597625732422,73.19597625732422,73.19597625732422,73.19597625732422,1149,0.0,0.0
2022-10-25 00:00:00+08:00,75.25435638427734,75.25435638427734,75.25435638427734,75.25435638427734,1149,0.0,0.0
2022-10-26 00:00:00+08:00,75.25435638427734,75.25435638427734,75.25435638427734,75.25435638427734,0,0.0,0.0
2022-10-27 00:00:00+08:00,74.92501831054688,74.92501831054688,74.92501831054688,74.92501831054688,1149,0.0,0.0
2022-10-28 00:00:00+08:00,74.92501831054688,74.92501831054688,74.92501831054688,74.92501831054688,0,0.0,0.0
2022-10-31 00:00:00+08:00,74.9250152347477,75.3366860625015,74.76034545898438,74.76034545898438,8049,0.0,0.0
2022-11-01 00:00:00+08:00,74.76034545898438,74.76034545898438,74.76034545898438,74.76034545898438,2299,0.0,0.0
2022-11-02 00:00:00+08:00,74.5956802368164,74.67801151806937,74.18400216062324,74.5956802368164,10349,0.0,0.0
2022-11-03 00:00:00+08:00,74.5956802368164,74.5956802368164,74.5956802368164,74.5956802368164,0,0.0,0.0
2022-11-04 00:00:00+08:00,77.97142079245235,77.97142079245235,77.39507293701172,77.39507293701172,2299,0.0,0.0
2022-11-07 00:00:00+08:00,77.3950719440619,77.3950719440619,77.14806365966797,77.14806365966797,2299,0.0,0.0
2022-11-08 00:00:00+08:00,76.16004943847656,76.16004943847656,76.16004943847656,76.16004943847656,1149,0.0,0.0
2022-11-09 00:00:00+08:00,76.24237254841555,76.24237254841555,74.92501435772898,75.33668518066406,8049,0.0,0.0
2022-11-10 00:00:00+08:00,76.98339429155854,76.98339429155854,75.74836730957031,75.74836730957031,2299,0.0,0.0
2022-11-11 00:00:00+08:00,75.74836730957031,75.74836730957031,75.74836730957031,75.74836730957031,8049,0.0,0.0
2022-11-14 00:00:00+08:00,76.9833895283787,76.9833895283787,75.08968353271484,75.08968353271484,2299,0.0,0.0
2022-11-15 00:00:00+08:00,75.17201788299273,75.33668766225277,75.17201788299273,75.25435638427734,10349,0.0,0.0
2022-11-16 00:00:00+08:00,75.33668766225277,75.33668766225277,75.25435638427734,75.25435638427734,10349,0.0,0.0
2022-11-17 00:00:00+08:00,75.74836985346626,76.8187270886897,75.74836985346626,76.48938751220703,13798,0.0,0.0
2022-11-18 00:00:00+08:00,76.48938751220703,76.48938751220703,76.16004793572436,76.48938751220703,12648,0.0,0.0
2022-11-21 00:00:00+08:00,76.57172699919931,76.73639678955078,76.57172699919931,76.73639678955078,4599,0.0,0.0
2022-11-22 00:00:00+08:00,76.73639678955078,76.73639678955078,76.73639678955078,76.73639678955078,2299,0.0,0.0
2022-11-23 00:00:00+08:00,75.74836730957031,75.74836730957031,75.74836730957031,75.74836730957031,2299,0.0,0.0
2022-11-24 00:00:00+08:00,75.41902774414802,75.74836730957031,75.41902774414802,75.74836730957031,10349,0.0,0.0
2022-11-25 00:00:00+08:00,75.41902367923645,75.41902367923645,75.33668518066406,75.33668518066406,4599,0.0,0.0
2022-11-28 00:00:00+08:00,75.58369345307226,75.58369345307226,75.33668518066406,75.33668518066406,3449,0.0,0.0
2022-11-29 00:00:00+08:00,76.4893865256943,76.4893865256943,76.24237823486328,76.24237823486328,4599,0.0,0.0
2022-11-30 00:00:00+08:00,76.24237566613142,76.9833932903489,76.24237566613142,76.90106201171875,10349,0.0,0.0
2022-12-01 00:00:00+08:00,76.81872500198595,76.81872500198595,76.57172393798828,76.57172393798828,14948,0.0,0.0
2022-12-02 00:00:00+08:00,76.5717240173175,77.97142079245235,76.5717240173175,77.39507293701172,11499,0.0,0.0
2022-12-05 00:00:00+08:00,77.97141987943863,79.3711166381836,77.97141987943863,79.3711166381836,33347,0.0,0.0
2022-12-06 00:00:00+08:00,79.04177914457115,79.28878021240234,79.04177914457115,79.28878021240234,26447,0.0,0.0
2022-12-07 00:00:00+08:00,78.21841773420945,78.21841773420945,76.98339080810547,76.98339080810547,21848,0.0,0.0
2022-12-08 00:00:00+08:00,76.98339033763766,77.55973815917969,76.98339033763766,77.55973815917969,18398,0.0,0.0
2022-12-09 00:00:00+08:00,81.10014958542858,82.33517651075907,79.20644355947091,81.42948913574219,62094,0.0,0.0
2022-12-12 00:00:00+08:00,81.34715934089867,81.34715934089867,79.78279283677232,81.10015106201172,25297,0.0,0.0
2022-12-13 00:00:00+08:00,82.00584261691117,84.80524343428725,82.00584261691117,82.3351821899414,117289,0.0,0.0
2022-12-14 00:00:00+08:00,83.98188668519462,84.39356476022928,82.08818054199219,82.08818054199219,54045,0.0,0.0
2022-12-15 00:00:00+08:00,82.33518467764509,82.33518467764509,82.08818360206418,82.25285339355469,12648,0.0,0.0
2022-12-16 00:00:00+08:00,82.33518369526244,82.33518369526244,81.92351283310288,82.00584411621094,14948,0.0,0.0
2022-12-19 00:00:00+08:00,83.1585348511437,83.98188374911861,83.1585348511437,83.57020568847656,19548,0.0,0.0
2022-12-20 00:00:00+08:00,83.15853524392472,83.15853524392472,81.51183021688784,82.1705093383789,22998,0.0,0.0
2022-12-21 00:00:00+08:00,82.17051542016246,82.33518521272313,81.67650604248047,81.67650604248047,8049,0.0,0.0
2022-12-22 00:00:00+08:00,81.67650350799238,83.15853881835938,81.67650350799238,83.15853881835938,13798,0.0,0.0
2022-12-23 00:00:00+08:00,83.15853834582651,83.57020920045959,82.3351821899414,82.3351821899414,22998,0.0,0.0
2022-12-26 00:00:00+08:00,83.15854239041043,83.15854239041043,81.92351531982422,81.92351531982422,31047,0.0,0.0
2022-12-27 00:00:00+08:00,81.51182556152344,81.51182556152344,80.27679866760887,81.51182556152344,40246,0.0,0.0
2022-12-28 00:00:00+08:00,80.68848170934713,80.93548276945876,80.68848170934713,80.77081298828125,5749,0.0,0.0
2022-12-29 00:00:00+08:00,80.52381134033203,80.52381134033203,80.52381134033203,80.52381134033203,1149,0.0,0.0
2022-12-30 00:00:00+08:00,80.68848112030742,80.68848112030742,80.52381134033203,80.52381134033203,13798,0.0,0.0
2023-01-03 00:00:00+08:00,80.52381034154216,81.51182900913943,80.27680206298828,80.27680206298828,18398,0.0,0.0
2023-01-04 00:00:00+08:00,80.52381453827505,82.3351821899414,80.52381453827505,82.3351821899414,40246,0.0,0.0
2023-01-05 00:00:00+08:00,81.51183474763367,82.00584411621094,81.51183474763367,82.00584411621094,6899,0.0,0.0
2023-01-06 00:00:00+08:00,82.00584660543139,82.00584660543139,81.92351531982422,81.92351531982422,2299,0.0,0.0
2023-01-09 00:00:00+08:00,81.92350258318028,81.92350258318028,81.10014651525672,81.26481628417969,34497,0.0,0.0
2023-01-10 00:00:00+08:00,80.68848419189453,80.77081547336175,80.68848419189453,80.68848419189453,10349,0.0,0.0
2023-01-11 00:00:00+08:00,81.92351120037858,81.92351120037858,80.68848419189453,80.68848419189453,6899,0.0,0.0
2023-01-12 00:00:00+08:00,80.68848011947503,80.68848011947503,80.27680206298828,80.27680206298828,10349,0.0,0.0
2023-01-13 00:00:00+08:00,80.27680106111568,81.92350604320234,79.86512300976676,80.02979278564453,36796,0.0,0.0
2023-01-16 00:00:00+08:00,79.86512697996822,79.86512697996822,79.61812591552734,79.61812591552734,3449,0.0,0.0
2023-01-17 00:00:00+08:00,79.6181216090174,81.42948913574219,79.6181216090174,81.42948913574219,3449,0.0,0.0
2023-01-30 00:00:00+08:00,82.25284314253395,82.25284314253395,81.1824860195874,81.51182556152344,14948,0.0,0.0
2023-01-31 00:00:00+08:00,81.51182556152344,81.51182556152344,81.51182556152344,81.51182556152344,6899,0.0,0.0
2023-02-01 00:00:00+08:00,82.33518061474265,82.74685868480917,81.84117126464844,81.84117126464844,21848,0.0,0.0
2023-02-02 00:00:00+08:00,81.84117681090721,82.33518619447972,81.67650701638304,81.92351531982422,14948,0.0,0.0
2023-02-03 00:00:00+08:00,81.92350789252671,83.57020568847656,81.92350789252671,83.57020568847656,40246,0.0,0.0
2023-02-06 00:00:00+08:00,83.57020920045959,83.57020920045959,81.92351133530835,82.3351821899414,18398,0.0,0.0
2023-02-07 00:00:00+08:00,82.00584261691117,82.3351821899414,81.75884154879323,82.3351821899414,19548,0.0,0.0
2023-02-08 00:00:00+08:00,82.3351752385554,83.98188018798828,82.3351752385554,83.98188018798828,42546,0.0,0.0
2023-02-09 00:00:00+08:00,84.39356170670123,84.39356170670123,81.92350779248366,82.74685668945312,45996,0.0,0.0
2023-02-10 00:00:00+08:00,82.00583279261963,82.25284105445549,81.59416198730469,81.59416198730469,21848,0.0,0.0
2023-02-13 00:00:00+08:00,81.75884252397084,81.92351231245006,81.59417273549161,84.80524444580078,33347,0.0,0.0
2023-02-14 00:00:00+08:00,81.9235097679855,83.15853675487568,81.75883998462075,81.84117126464844,20698,0.0,0.0
2023-02-15 00:00:00+08:00,81.75883382962988,81.75883382962988,81.51182556152344,81.51182556152344,28747,0.0,0.0
2023-02-16 00:00:00+08:00,82.74686125484617,82.74686125484617,81.59417273549161,84.80524444580078,32197,0.0,0.0
2023-02-17 00:00:00+08:00,81.34715785981828,81.51182763497508,81.34715785981828,81.42948913574219,5749,0.0,0.0
2023-02-20 00:00:00+08:00,81.92351133530835,83.15853834582651,81.92351133530835,82.3351821899414,31047,0.0,0.0
2023-02-21 00:00:00+08:00,83.158539337699,84.80524444580078,83.158539337699,84.80524444580078,54045,0.0,0.0
2023-02-22 00:00:00+08:00,84.80524450188362,85.62859344482422,83.57021025250836,85.62859344482422,63244,0.0,0.0
2023-02-23 00:00:00+08:00,85.21691181237888,86.04026794433594,84.39356290373112,86.04026794433594,64394,0.0,0.0
2023-02-24 00:00:00+08:00,86.45193679794278,93.86210569851866,86.45193679794278,92.21540069580078,525505,0.0,0.0
2023-03-01 00:00:00+08:00,90.15702412247549,91.39205105858512,87.27529219711667,89.74534606933594,212731,0.0,0.0
2023-03-02 00:00:00+08:00,89.74535020425348,90.98037719726562,87.68697429033641,90.98037719726562,112690,0.0,0.0
2023-03-03 00:00:00+08:00,92.21539994155519,92.62707799469476,88.5103191332263,89.74534606933594,118439,0.0,0.0
2023-03-06 00:00:00+08:00,91.3920557514051,91.8037338256836,90.15702875187901,91.8037338256836,125339,0.0,0.0
2023-03-07 00:00:00+08:00,91.39205519018421,92.21540411037576,89.74535012649173,90.15702819824219,111540,0.0,0.0
2023-03-08 00:00:00+08:00,89.33367156982422,90.56869855506231,88.09864458458611,89.33367156982422,83942,0.0,0.0
2023-03-09 00:00:00+08:00,88.5103147849035,88.92199281781821,87.2752879094681,87.68696594238281,79343,0.0,0.0
2023-03-10 00:00:00+08:00,88.09863977939021,88.51031782645173,86.04026399070057,86.45193481445312,51745,0.0,0.0
2023-03-13 00:00:00+08:00,86.4519318436387,88.5103147849035,86.4519318436387,87.68696594238281,48295,0.0,0.0
2023-03-14 00:00:00+08:00,87.68696949245287,87.68696949245287,86.86361339328931,87.2752914428711,25297,0.0,0.0
2023-03-15 00:00:00+08:00,88.09863977939021,88.09863977939021,86.45193481445312,86.45193481445312,51745,0.0,0.0
2023-03-16 00:00:00+08:00,86.45193878700518,86.45193878700518,85.62858987835742,86.04026794433594,16098,0.0,0.0
2023-03-17 00:00:00+08:00,86.4519318436387,86.86360987655341,86.04026103403271,87.68696594238281,33347,0.0,0.0
2023-03-20 00:00:00+08:00,86.04026451743475,88.51031836830745,86.04026451743475,87.2752914428711,25297,0.0,0.0
2023-03-21 00:00:00+08:00,87.27529912298088,89.74535319121505,87.27529912298088,88.09864807128906,49445,0.0,0.0
2023-03-22 00:00:00+08:00,89.3336755643211,89.74535365224483,88.92200469970703,88.92200469970703,49445,0.0,0.0
2023-03-23 00:00:00+08:00,88.92199730030919,90.98037312202646,88.51031924664211,90.56869506835938,57495,0.0,0.0
2023-03-24 00:00:00+08:00,90.56869912515845,91.39205526937279,89.74535020425348,90.98037719726562,129938,0.0,0.0
2023-03-27 00:00:00+08:00,92.21540475010063,93.03876089931343,89.74535074908113,92.62708282470703,93142,0.0,0.0
2023-03-28 00:00:00+08:00,93.03876025387669,93.03876025387669,89.74535012649173,90.15702819824219,79343,0.0,0.0
2023-03-29 00:00:00+08:00,90.15703227833818,91.39205932617188,89.33367609757589,91.39205932617188,28747,0.0,0.0
2023-03-30 00:00:00+08:00,90.15702819824219,91.39205519018421,90.15702819824219,90.15702819824219,11499,0.0,0.0
2023-03-31 00:00:00+08:00,90.56869569308292,92.21540069580078,90.56869569308292,92.21540069580078,51745,0.0,0.0
2023-04-06 00:00:00+08:00,92.21540130956424,95.09713327767336,92.21540130956424,93.86210632324219,103491,0.0,0.0
2023-04-07 00:00:00+08:00,93.8621022356546,93.8621022356546,92.62707533500745,93.45042419433594,36796,0.0,0.0
2023-04-10 00:00:00+08:00,92.62708282470703,92.62708282470703,90.56869967498449,92.62708282470703,57495,0.0,0.0
2023-04-11 00:00:00+08:00,92.21540467665267,92.21540467665267,90.98037767712658,91.8037338256836,14948,0.0,0.0
2023-04-12 00:00:00+08:00,91.39205231237867,93.86210621848421,90.56869619480405,93.03875732421875,22998,0.0,0.0
2023-04-13 00:00:00+08:00,92.21540828362444,92.21540828362444,91.39205932617188,91.39205932617188,25297,0.0,0.0
2023-04-14 00:00:00+08:00,91.3920557514051,91.8037338256836,90.15702875187901,91.8037338256836,32197,0.0,0.0
2023-04-17 00:00:00+08:00,92.62708275093117,92.62708275093117,90.56869960284808,91.8037338256836,36796,0.0,0.0
2023-04-18 00:00:00+08:00,91.80373741655302,91.80373741655302,90.15703227833818,91.39205932617188,34497,0.0,0.0
2023-04-19 00:00:00+08:00,90.98038123579074,91.39205932617188,90.5687031454096,91.39205932617188,19548,0.0,0.0
2023-04-20 00:00:00+08:00,90.98037711843374,91.80373326193467,90.15702819824219,90.15702819824219,39096,0.0,0.0
2023-04-21 00:00:00+08:00,90.1570196932536,90.1570196932536,87.68696594238281,87.68696594238281,59794,0.0,0.0
2023-04-24 00:00:00+08:00,88.09864506279924,90.15702819824219,88.09864506279924,90.15702819824219,44846,0.0,0.0
2023-04-25 00:00:00+08:00,88.51032615709796,88.51032615709796,87.27529912298088,88.09864807128906,20698,0.0,0.0
2023-04-26 00:00:00+08:00,86.4519318436387,87.68696594238281,86.4519318436387,87.68696594238281,24147,0.0,0.0
2023-04-27 00:00:00+08:00,87.27529912298088,88.09864807128906,86.86362103717198,88.09864807128906,9199,0.0,0.0
2023-04-28 00:00:00+08:00,87.68697373837965,89.74534963934003,87.68697373837965,89.33367156982422,31047,0.0,0.0
2023-05-02 00:00:00+08:00,88.51032265410193,89.33367156982422,88.09864458458611,89.33367156982422,14948,0.0,0.0
2023-05-03 00:00:00+08:00,88.5103266117833,89.3336755643211,88.5103266117833,88.92200469970703,20698,0.0,0.0
2023-05-04 00:00:00+08:00,88.92200072361774,89.33367156982422,88.09864458458611,89.33367156982422,24147,0.0,0.0
2023-05-05 00:00:00+08:00,89.33366801619637,90.15702412247549,89.33366801619637,89.74534606933594,39096,0.0,0.0
2023-05-08 00:00:00+08:00,90.56869506835938,90.56869506835938,89.3336681306672,90.56869506835938,20698,0.0,0.0
2023-05-09 00:00:00+08:00,90.15702770885584,90.15702770885584,89.33367156982422,89.33367156982422,6899,0.0,0.0
2023-05-10 00:00:00+08:00,88.92199718636587,89.74534606933594,88.5103191332263,89.74534606933594,13798,0.0,0.0
2023-05-11 00:00:00+08:00,89.33367148574817,89.33367148574817,87.27529558672502,88.51032257080078,35646,0.0,0.0
2023-05-12 00:00:00+08:00,88.09864852385957,88.92200469970703,86.86362148339805,88.92200469970703,22998,0.0,0.0
2023-05-15 00:00:00+08:00,88.09864450167241,88.51032257080078,87.27529558672502,88.51032257080078,17248,0.0,0.0
2023-05-16 00:00:00+08:00,88.09864108008674,89.74534606933594,87.27529219711667,89.74534606933594,26447,0.0,0.0
2023-05-17 00:00:00+08:00,88.5103266117833,88.92200469970703,88.5103266117833,88.92200469970703,9199,0.0,0.0
2023-05-18 00:00:00+08:00,88.92200120630018,90.15702819824219,87.27529614260769,90.15702819824219,65544,0.0,0.0
2023-05-19 00:00:00+08:00,90.98037567671771,98.80221557617188,90.98037567671771,98.80221557617188,510556,0.0,0.0
2023-05-22 00:00:00+08:00,96.74383672990145,103.33064945499262,95.50880979540366,100.03724670410156,335771,0.0,0.0
2023-05-23 00:00:00+08:00,104.56567527000968,109.50579017842094,104.56567527000968,108.68243408203125,672692,0.0,0.0
2023-05-24 00:00:00+08:00,107.44741456663947,108.27077071977953,104.56568247726818,107.0357437133789,246078,0.0,0.0
2023-05-25 00:00:00+08:00,108.68243814734366,110.32914317840978,104.97735724492684,109.0941162109375,219631,0.0,0.0
2023-05-26 00:00:00+08:00,109.50579436932,115.26925837138567,108.68243824141962,109.91746520996094,309323,0.0,0.0
2023-05-29 00:00:00+08:00,111.97584521978612,112.79919410168162,107.03573748179501,111.15249633789062,206982,0.0,0.0
2023-05-30 00:00:00+08:00,111.15249930559746,111.56417014588206,107.44741117987138,109.0941162109375,146037,0.0,0.0
2023-05-31 00:00:00+08:00,108.6824387326339,110.7408218383789,105.38903587607486,110.7408218383789,181684,0.0,0.0
2023-06-01 00:00:00+08:00,110.32914177280519,117.73931070654179,109.09411482106728,116.91595458984375,319672,0.0,0.0
2023-06-02 00:00:00+08:00,117.7393216615109,128.44290161132812,116.09261649820749,128.44290161132812,1085507,0.0,0.0
2023-06-05 00:00:00+08:00,126.38450548088093,126.79617631230151,118.56265855756268,123.9144515991211,660043,0.0,0.0
2023-06-06 00:00:00+08:00,122.67942699688231,123.91445396130558,119.38601694288079,120.20936584472656,342670,0.0,0.0
2023-06-07 00:00:00+08:00,120.20936229382148,123.09109420012105,118.5626573154633,120.62104034423828,181684,0.0,0.0
2023-06-08 00:00:00+08:00,118.15099642205102,119.38602345382887,114.85758618843698,116.09261322021484,266777,0.0,0.0
2023-06-09 00:00:00+08:00,114.44590344636578,115.68093042788782,111.97584948332171,113.21087646484375,182834,0.0,0.0
2023-06-12 00:00:00+08:00,113.2108721542839,113.2108721542839,109.50579135079056,111.15249633789062,158686,0.0,0.0
2023-06-13 00:00:00+08:00,111.56417494473594,114.03422898592811,110.74082600544173,112.79920196533203,81643,0.0,0.0
2023-06-14 00:00:00+08:00,112.79919772081465,113.21087578662551,110.32914377256805,110.7408218383789,133388,0.0,0.0
2023-06-15 00:00:00+08:00,110.32914107582296,115.26925607487556,110.32914107582296,114.4458999633789,101191,0.0,0.0
2023-06-16 00:00:00+08:00,115.68092690731477,116.0926049630631,113.62255107519135,114.4458999633789,101191,0.0,0.0
2023-06-19 00:00:00+08:00,114.44590706723,114.44590706723,112.3875311073397,112.79920196533203,60944,0.0,0.0
2023-06-20 00:00:00+08:00,116.91595157457795,123.50276422174241,116.09260270242325,118.15098571777344,531254,0.0,0.0
2023-06-21 00:00:00+08:00,118.15098801849562,118.15098801849562,114.4458999633789,114.4458999633789,159836,0.0,0.0
2023-06-26 00:00:00+08:00,113.62255453312086,113.62255453312086,111.15250057007678,113.21087646484375,87392,0.0,0.0
2023-06-27 00:00:00+08:00,111.56417435291172,111.97585243202974,109.09412032482265,110.32914733886719,113840,0.0,0.0
2023-06-28 00:00:00+08:00,110.32914792413985,112.79920196533203,110.32914792413985,112.79920196533203,58644,0.0,0.0
2023-06-29 00:00:00+08:00,113.62255812793579,113.62255812793579,111.1525040867436,112.79920196533203,56345,0.0,0.0
2023-06-30 00:00:00+08:00,113.62255565982942,116.91595856877659,113.21087758747,116.50428771972656,133388,0.0,0.0
2023-07-03 00:00:00+08:00,116.50428771972656,119.38601977962371,116.09260964736714,116.50428771972656,187433,0.0,0.0
2023-07-04 00:00:00+08:00,118.20779393401067,120.76825753827315,116.07408299941524,119.48802947998047,188583,4.344671,0.0
2023-07-05 00:00:00+08:00,119.48802973818947,121.19499549448365,116.92756612839392,118.20779418945312,177084,0.0,0.0
2023-07-06 00:00:00+08:00,116.92756428559449,117.35430946178101,114.36710820382933,116.07408142089844,198932,0.0,0.0
2023-07-07 00:00:00+08:00,115.64733846288236,116.92756652832031,115.64733846288236,116.92756652832031,94291,0.0,0.0
2023-07-10 00:00:00+08:00,120.34151458740234,124.18219883348627,119.4880316952761,120.34151458740234,369118,0.0,0.0
2023-07-11 00:00:00+08:00,120.7682543822687,122.90196526110442,118.63453601575604,121.19499206542969,118439,0.0,0.0
2023-07-12 00:00:00+08:00,123.32871937219507,133.14381408691406,123.32871937219507,133.14381408691406,990065,0.0,0.0
2023-07-13 00:00:00+08:00,142.53213403341056,146.37281799316406,142.53213403341056,146.37281799316406,353019,0.0,0.0
2023-07-14 00:00:00+08:00,160.882080078125,160.882080078125,160.882080078125,160.882080078125,188583,0.0,0.0
2023-07-17 00:00:00+08:00,176.67156982421875,176.67156982421875,176.67156982421875,176.67156982421875,365668,0.0,0.0
2023-07-18 00:00:00+08:00,189.0471361496504,193.74129574825994,175.8181027981216,182.64598083496094,2859805,0.0,0.0
2023-07-19 00:00:00+08:00,185.2064319742985,200.56918334960938,185.2064319742985,200.56918334960938,597948,0.0,0.0
2023-07-20 00:00:00+08:00,203.9831305304607,208.677304995435,192.461063211823,198.00872802734375,825629,0.0,0.0
2023-07-21 00:00:00+08:00,198.86222078505926,209.1040452141746,193.31455590238565,207.39707946777344,566901,0.0,0.0
2023-07-24 00:00:00+08:00,200.99591762223164,202.70289828791883,191.18083120826822,193.7412872314453,438112,0.0,0.0
2023-07-25 00:00:00+08:00,192.03432907019393,204.40987199254187,192.03432907019393,202.27615356445312,295524,0.0,0.0
2023-07-26 00:00:00+08:00,200.1424496308983,200.1424496308983,187.76690673828125,187.76690673828125,208132,0.0,0.0
2023-07-27 00:00:00+08:00,192.03432224515237,192.46105992546185,187.76690051599647,191.1808319091797,137988,0.0,0.0
2023-07-28 00:00:00+08:00,192.88781146373975,197.15523316817482,191.6075834548739,196.3017578125,148337,0.0,0.0
2023-07-31 00:00:00+08:00,200.1424479807904,200.56918567172292,191.60758933466076,192.8878173828125,134538,0.0,0.0
2023-08-01 00:00:00+08:00,193.31455678587744,193.31455678587744,183.92620769937866,186.48666381835938,75893,0.0,0.0
2023-08-02 00:00:00+08:00,183.49947559968825,186.059931796739,168.1367234420292,169.8437042236328,196633,0.0,0.0
2023-08-04 00:00:00+08:00,167.70997619628906,169.84369456426722,164.2960298025948,167.70997619628906,126489,0.0,0.0
2023-08-07 00:00:00+08:00,171.9774169921875,173.68438274165476,165.5762617371383,171.9774169921875,186284,0.0,0.0
2023-08-08 00:00:00+08:00,154.90768432617188,156.18792735503058,154.90768432617188,154.90768432617188,382917,0.0,0.0
2023-08-09 00:00:00+08:00,143.38563825336885,151.06700691772096,140.82518203191813,150.21353149414062,1261442,0.0,0.0
2023-08-10 00:00:00+08:00,146.3728292492719,152.34723197121713,142.95889767274994,143.38563537597656,689940,0.0,0.0
2023-08-11 00:00:00+08:00,145.09259033203125,149.36002694712064,142.95888699984,145.09259033203125,296674,0.0,0.0
2023-08-14 00:00:00+08:00,144.23911466575882,149.36002661209682,142.53213403341056,146.37281799316406,220781,0.0,0.0
2023-08-15 00:00:00+08:00,149.78677450732715,155.3344394781264,146.79958065983445,147.226318359375,333471,0.0,0.0
2023-08-16 00:00:00+08:00,146.79958120109364,161.73558044433594,145.94609082351124,161.73558044433594,596798,0.0,0.0
2023-08-17 00:00:00+08:00,157.46815414305996,161.73557596199564,156.18792609984385,160.0286102294922,433512,0.0,0.0
2023-08-18 00:00:00+08:00,159.6018609559073,159.6018609559073,146.37282757802788,148.5065460205078,320822,0.0,0.0
2023-08-21 00:00:00+08:00,148.93330338341528,153.2007254273815,147.65307527268993,150.21353149414062,172485,0.0,0.0
2023-08-22 00:00:00+08:00,153.2007206038219,153.2007206038219,148.5065460205078,148.5065460205078,108090,0.0,0.0
2023-08-23 00:00:00+08:00,149.3600376602653,149.3600376602653,140.82517879326028,144.66586303710938,284025,0.0,0.0
2023-08-24 00:00:00+08:00,149.36002661209682,153.6274482422607,143.81236201999505,146.37281799316406,258727,0.0,0.0
2023-08-25 00:00:00+08:00,142.5321449941688,145.51935384281867,142.1054072909422,143.38563537597656,108090,0.0,0.0
2023-08-28 00:00:00+08:00,143.81236369190387,144.2391163426289,137.83796135993555,139.9716796875,134538,0.0,0.0
2023-08-29 00:00:00+08:00,139.9716849381912,142.95889370390987,138.26471919731918,139.11819458007812,64394,0.0,0.0
2023-08-30 00:00:00+08:00,142.95888799671297,144.6658536694396,139.5449416759062,141.2519073486328,101191,0.0,0.0
2023-08-31 00:00:00+08:00,140.82518005371094,141.67867044065693,140.39844234791525,140.82518005371094,49445,0.0,0.0
2023-09-01 00:00:00+08:00,140.82518048927952,144.23912707226808,139.54495239257812,139.54495239257812,121889,0.0,0.0
2023-09-04 00:00:00+08:00,139.9716796875,141.25190768896795,134.42403000625671,139.9716796875,127639,0.0,0.0
2023-09-05 00:00:00+08:00,139.97167935024947,142.53213534701615,139.97167935024947,141.2519073486328,48295,0.0,0.0
2023-09-06 00:00:00+08:00,142.10540172633904,148.50654190085322,140.8251736914362,145.51934814453125,187433,0.0,0.0
2023-09-07 00:00:00+08:00,145.51934929623826,145.51934929623826,141.25191249588505,141.6786651611328,65544,0.0,0.0
2023-09-08 00:00:00+08:00,141.67867001034418,142.95889809919748,140.3984419214909,142.10540771484375,59794,0.0,0.0
2023-09-11 00:00:00+08:00,145.09259702772846,148.50654348227525,140.3984375,140.3984375,162136,0.0,0.0
2023-09-12 00:00:00+08:00,141.67866605359828,141.67866605359828,136.55773886584572,137.8379669189453,124189,0.0,0.0
2023-09-13 00:00:00+08:00,138.26472517515532,138.26472517515532,136.55774438512836,136.9844970703125,40246,0.0,0.0
2023-09-14 00:00:00+08:00,138.69145168603205,145.09259169337182,138.26471401066058,139.9716796875,165585,0.0,0.0
2023-09-15 00:00:00+08:00,140.82518048927952,140.82518048927952,138.26472429587676,139.54495239257812,75893,0.0,0.0
2023-09-18 00:00:00+08:00,139.97169054063963,139.97169054063963,137.4112343391708,138.2647247314453,21848,0.0,0.0
2023-09-19 00:00:00+08:00,139.97168573432864,139.97168573432864,136.1310015640058,136.5577392578125,102341,0.0,0.0
2023-09-20 00:00:00+08:00,138.264719093989,140.82517519106057,135.70426299691744,140.3984375,86242,0.0,0.0
2023-09-21 00:00:00+08:00,140.39843303369253,140.39843303369253,136.98448668774904,137.41122436523438,67844,0.0,0.0
2023-09-22 00:00:00+08:00,137.41122239529446,146.3728183214874,137.41122239529446,145.09259033203125,154086,0.0,0.0
2023-09-25 00:00:00+08:00,145.09259066327732,145.09259066327732,141.25190668614067,143.81236267089844,97741,0.0,0.0
2023-09-26 00:00:00+08:00,144.2391159950963,144.2391159950963,140.82516967428955,141.2519073486328,49445,0.0,0.0
2023-09-27 00:00:00+08:00,142.9588988864852,155.33444213867188,142.53214620428088,155.33444213867188,697990,0.0,0.0
2023-09-28 00:00:00+08:00,163.44255628271586,165.5762596994527,157.04140110644332,161.308837890625,1164850,0.0,0.0
2023-10-02 00:00:00+08:00,161.30883341701247,169.4169391215274,157.89488707941763,158.32162475585938,632445,0.0,0.0
2023-10-03 00:00:00+08:00,158.32163068354362,160.02861140392852,155.33443688590128,156.18792724609375,166735,0.0,0.0
2023-10-04 00:00:00+08:00,155.33443282639087,155.76117050765765,150.21352074977443,151.9204864501953,173635,0.0,0.0
2023-10-05 00:00:00+08:00,153.20072452568476,156.6146711259771,152.77398681640625,152.77398681640625,249528,0.0,0.0
2023-10-06 00:00:00+08:00,155.33444347605138,155.33444347605138,151.49375915527344,151.49375915527344,89692,0.0,0.0
2023-10-11 00:00:00+08:00,155.76117508478094,166.0030145143294,153.20071897123236,153.62745666503906,906122,0.0,0.0
2023-10-12 00:00:00+08:00,157.89489145835046,163.44255628271586,155.33443537798303,161.308837890625,376017,0.0,0.0
2023-10-13 00:00:00+08:00,158.32163068354362,160.45534909634767,154.0542088332897,156.18792724609375,292075,0.0,0.0
2023-10-16 00:00:00+08:00,154.48094212749044,155.76117014365272,152.34722377543537,153.20071411132812,96591,0.0,0.0
2023-10-17 00:00:00+08:00,155.33444393704204,155.33444393704204,150.21353149414062,150.21353149414062,81643,0.0,0.0
2023-10-18 00:00:00+08:00,150.2135241972257,150.2135241972257,140.3984375,140.3984375,233430,0.0,0.0
2023-10-19 00:00:00+08:00,141.67865933383592,146.7995713033515,141.25190668614067,143.81236267089844,121889,0.0,0.0
2023-10-20 00:00:00+08:00,142.10540771484375,143.38563580369706,140.82517962599047,142.10540771484375,64394,0.0,0.0
2023-10-23 00:00:00+08:00,142.532139782202,145.51934852161875,142.532139782202,144.23912048339844,41396,0.0,0.0
2023-10-24 00:00:00+08:00,143.38562903739904,149.36003149523683,143.38562903739904,148.07980346679688,64394,0.0,0.0
2023-10-25 00:00:00+08:00,148.07980832215358,150.64026446298774,148.07980832215358,148.5065460205078,50595,0.0,0.0
2023-10-26 00:00:00+08:00,145.94609028539892,148.50654643335108,143.81237183698732,147.226318359375,50595,0.0,0.0
2023-10-27 00:00:00+08:00,148.93329552983454,161.73557596199564,148.50654286519313,160.0286102294922,665793,0.0,0.0
2023-10-30 00:00:00+08:00,161.3088364210738,173.2576413375021,159.1751180484215,166.42974853515625,1452325,0.0,0.0
2023-10-31 00:00:00+08:00,165.5762567726518,174.11111521479512,160.45534470243652,171.5506591796875,875075,0.0,0.0
2023-11-01 00:00:00+08:00,172.83088867775928,175.3913447348005,164.29603016250394,166.42974853515625,702589,0.0,0.0
2023-11-02 00:00:00+08:00,168.56346690780856,172.83088867775928,164.72278282224673,166.42974853515625,426613,0.0,0.0
2023-11-03 00:00:00+08:00,166.85648621954516,174.1111167062799,163.01580213398333,166.42974853515625,525505,0.0,0.0
2023-11-06 00:00:00+08:00,166.42974745785367,171.55065953878835,165.57625711924663,170.2704315185547,344970,0.0,0.0
2023-11-07 00:00:00+08:00,171.12392714105434,175.39134901514964,167.2832429617623,169.4169464111328,458810,0.0,0.0
2023-11-08 00:00:00+08:00,168.13671875,170.69717487559853,166.00301529557072,168.13671875,209282,0.0,0.0
2023-11-09 00:00:00+08:00,172.83088984935023,184.7796948467774,160.45534716464138,162.5890655517578,2525183,0.0,0.0
2023-11-10 00:00:00+08:00,163.86930156561854,166.42975776465192,153.62746179413037,154.05421447753906,795731,0.0,0.0
2023-11-13 00:00:00+08:00,155.33444302278684,157.4681615198889,151.49375871321595,152.77398681640625,165585,0.0,0.0
2023-11-14 00:00:00+08:00,154.90767910159173,157.04139744391995,153.62745109126553,155.76116943359375,141437,0.0,0.0
2023-11-15 00:00:00+08:00,158.32162441506904,162.16230842083849,157.0413964131459,159.6018524169922,323122,0.0,0.0
2023-11-16 00:00:00+08:00,163.86928833277358,166.00300665145,161.30883234050327,163.4425506591797,602548,0.0,0.0
2023-11-17 00:00:00+08:00,162.162308769896,162.162308769896,157.89488707941763,158.32162475585938,298974,0.0,0.0
2023-11-20 00:00:00+08:00,158.32162441506904,162.58906107171526,158.32162441506904,159.6018524169922,119589,0.0,0.0
2023-11-21 00:00:00+08:00,160.8820793643645,166.85648165929604,160.8820793643645,164.7227783203125,610597,0.0,0.0
2023-11-22 00:00:00+08:00,167.28324416998475,168.56347223899536,163.86929766083836,165.57626342773438,519755,0.0,0.0
2023-11-23 00:00:00+08:00,165.57625333422033,167.70997164428485,163.8692876713808,166.0030059814453,300124,0.0,0.0
2023-11-24 00:00:00+08:00,167.2832489013672,169.84370511180748,165.57626811083713,167.2832489013672,401315,0.0,0.0
2023-11-27 00:00:00+08:00,168.1367191547483,169.41694722062942,164.72278762930154,166.8564910888672,401315,0.0,0.0
2023-11-28 00:00:00+08:00,168.56346805047139,168.56346805047139,162.5890655517578,162.5890655517578,290925,0.0,0.0
2023-11-29 00:00:00+08:00,162.16231178985163,167.28323887928795,162.16231178985163,166.42974853515625,185134,0.0,0.0
2023-11-30 00:00:00+08:00,164.72277905111244,166.42974472494296,159.17511440429448,160.882080078125,463410,0.0,0.0
2023-12-01 00:00:00+08:00,161.3088435895438,164.7227901424305,159.1751251220703,159.1751251220703,311623,0.0,0.0
2023-12-04 00:00:00+08:00,160.02861593414454,164.296037905204,157.8948974609375,157.8948974609375,525505,0.0,0.0
2023-12-05 00:00:00+08:00,158.74837883160058,158.74837883160058,153.20071411132812,153.20071411132812,353019,0.0,0.0
2023-12-06 00:00:00+08:00,153.62745666503906,154.90768472181335,151.9204909144581,153.62745666503906,148337,0.0,0.0
2023-12-07 00:00:00+08:00,153.62745666503906,155.33443739097424,153.62745666503906,153.62745666503906,78193,0.0,0.0
2023-12-08 00:00:00+08:00,154.48094248850353,154.90768016977032,150.6402584310412,151.9204864501953,235729,0.0,0.0
2023-12-11 00:00:00+08:00,143.38563013280023,146.37282389686297,139.11819335516313,144.23912048339844,604848,0.0,0.0
2023-12-12 00:00:00+08:00,143.81236782042234,147.2263142474612,143.38563013280023,144.23912048339844,141437,0.0,0.0
2023-12-13 00:00:00+08:00,143.38562499855664,145.5193433109726,143.38562499855664,143.81236267089844,50595,0.0,0.0
2023-12-14 00:00:00+08:00,145.9460915460453,146.3728292492719,143.38563537597656,143.38563537597656,55195,0.0,0.0
2023-12-15 00:00:00+08:00,143.81236267089844,144.66585299093552,143.38562499855664,143.81236267089844,34497,0.0,0.0
2023-12-18 00:00:00+08:00,143.38563051101335,145.51934890546008,142.10540246941613,142.95889282226562,54045,0.0,0.0
2023-12-19 00:00:00+08:00,142.1054028510265,142.1054028510265,141.25191249588505,141.6786651611328,36796,0.0,0.0
2023-12-20 00:00:00+08:00,141.67867001034418,142.53214541934332,140.82517962599047,142.10540771484375,42546,0.0,0.0
2023-12-21 00:00:00+08:00,140.3984419214909,142.53214541934332,140.3984419214909,142.10540771484375,18398,0.0,0.0
2023-12-22 00:00:00+08:00,142.10539700617775,144.66585299093552,142.10539700617775,143.81236267089844,35646,0.0,0.0
2023-12-25 00:00:00+08:00,144.23912125120313,144.23912125120313,141.6786651611328,141.6786651611328,26447,0.0,0.0
2023-12-26 00:00:00+08:00,141.6786647806684,142.95889282226562,141.6786647806684,142.95889282226562,25297,0.0,0.0
2023-12-27 00:00:00+08:00,142.53214015816386,143.8123681997611,142.53214015816386,142.95889282226562,22998,0.0,0.0
2023-12-28 00:00:00+08:00,143.38562499855664,143.81236267089844,142.53213467851955,143.81236267089844,35646,0.0,0.0
2023-12-29 00:00:00+08:00,144.6658574278074,148.93329418352073,144.6658574278074,146.79957580566406,93142,0.0,0.0
2024-01-02 00:00:00+08:00,146.79958107509202,147.65307145194183,144.6658626206447,145.9460906982422,78193,0.0,0.0
2024-01-03 00:00:00+08:00,146.37282351756383,146.37282351756383,145.51934814453125,145.51934814453125,24147,0.0,0.0
2024-01-04 00:00:00+08:00,145.9460809833144,145.9460809833144,143.81236267089844,143.81236267089844,27597,0.0,0.0
2024-01-05 00:00:00+08:00,144.66585332714038,144.66585332714038,142.53213500976562,142.53213500976562,33347,0.0,0.0
2024-01-08 00:00:00+08:00,143.81236267089844,143.81236267089844,143.38562499855664,143.81236267089844,12648,0.0,0.0
2024-01-09 00:00:00+08:00,146.37281899582808,146.37281899582808,142.53213500976562,142.53213500976562,55195,0.0,0.0
2024-01-10 00:00:00+08:00,142.95889244517812,144.23912048339844,142.95889244517812,144.23912048339844,35646,0.0,0.0
2024-01-11 00:00:00+08:00,145.09259585864265,145.09259585864265,143.81236782042234,144.23912048339844,19548,0.0,0.0
2024-01-12 00:00:00+08:00,142.5321405409202,144.66585894109681,141.6786651611328,141.6786651611328,39096,0.0,0.0
2024-01-15 00:00:00+08:00,144.2391257577843,144.66586346101093,142.5321449941688,143.38563537597656,58644,0.0,0.0
2024-01-16 00:00:00+08:00,142.53214541934332,142.53214541934332,142.10540771484375,142.10540771484375,10349,0.0,0.0
2024-01-17 00:00:00+08:00,140.8251765091628,142.1054045696813,133.99728353616118,135.2775115966797,151787,0.0,0.0
2024-01-18 00:00:00+08:00,135.27751282984786,135.27751282984786,128.8763724689035,131.43682861328125,125339,0.0,0.0
2024-01-19 00:00:00+08:00,134.85077901137555,137.83797294065775,132.29032279331798,135.7042694091797,91992,0.0,0.0
2024-01-22 00:00:00+08:00,135.7042634806821,141.67866605359828,135.7042634806821,137.8379669189453,72443,0.0,0.0
2024-01-23 00:00:00+08:00,137.41122471517144,137.8379623937435,136.13099670410156,136.13099670410156,52895,0.0,0.0
2024-01-24 00:00:00+08:00,136.13099635742478,138.69145237304397,133.9972780192909,137.41122436523438,26447,0.0,0.0
2024-01-25 00:00:00+08:00,137.8379669189453,138.2647195868813,136.55773886584572,137.8379669189453,31047,0.0,0.0
2024-01-26 00:00:00+08:00,138.26471998374768,138.26471998374768,135.70426387019913,136.5577392578125,44846,0.0,0.0
2024-01-29 00:00:00+08:00,136.5577392578125,136.5577392578125,135.70426387019913,136.5577392578125,19548,0.0,0.0
2024-01-30 00:00:00+08:00,136.55774528663437,136.55774528663437,134.42404174804688,134.42404174804688,26447,0.0,0.0
2024-01-31 00:00:00+08:00,135.7042694091797,136.13100712040432,134.85077901137555,135.7042694091797,25297,0.0,0.0
2024-02-01 00:00:00+08:00,136.55773473704028,136.55773473704028,134.85076904296875,134.85076904296875,12648,0.0,0.0
2024-02-02 00:00:00+08:00,136.5577396571982,136.5577396571982,133.99728353616118,135.2775115966797,33347,0.0,0.0
2024-02-05 00:00:00+08:00,134.42403620657018,135.2775115966797,133.99728353616118,135.2775115966797,16098,0.0,0.0
2024-02-15 00:00:00+08:00,133.570542483447,133.570542483447,127.1694023417645,129.7298583984375,198932,0.0,0.0
2024-02-16 00:00:00+08:00,129.72986284214755,131.86356631222608,128.02288209565944,131.43682861328125,159836,0.0,0.0
2024-02-19 00:00:00+08:00,133.57054791077078,133.57054791077078,128.0228829123271,128.87637329101562,189733,0.0,0.0
2024-02-20 00:00:00+08:00,129.72986366970414,131.0100917500597,128.0228829123271,128.87637329101562,141437,0.0,0.0
2024-02-21 00:00:00+08:00,130.58333865244097,133.57054748055205,129.7298632518559,130.15660095214844,167885,0.0,0.0
2024-02-22 00:00:00+08:00,131.8635621723923,131.8635621723923,127.59614039085582,128.4496307373047,287475,0.0,0.0
2024-02-23 00:00:00+08:00,128.87637329101562,132.29031983041526,128.44963558934862,128.87637329101562,269076,0.0,0.0
2024-02-26 00:00:00+08:00,129.30311057620892,131.01009132808795,129.30311057620892,130.15660095214844,179384,0.0,0.0
2024-02-27 00:00:00+08:00,131.43682988356818,132.2903202650609,127.59614562988281,127.59614562988281,346120,0.0,0.0
2024-02-29 00:00:00+08:00,131.86355902796723,139.9716796875,131.86355902796723,139.9716796875,1005014,0.0,0.0
2024-03-01 00:00:00+08:00,142.53214093065688,143.81236897919268,138.264719093989,140.3984375,753185,0.0,0.0
2024-03-04 00:00:00+08:00,140.39843636873746,145.94608620924086,139.54494601813926,144.23912048339844,454211,0.0,0.0
2024-03-05 00:00:00+08:00,143.81236672176107,154.48094360899668,143.81236672176107,148.07980346679688,764684,0.0,0.0
2024-03-06 00:00:00+08:00,148.07981343149615,151.06700737375462,146.7995853169061,148.9333038330078,290925,0.0,0.0
2024-03-07 00:00:00+08:00,150.21352338310123,152.77397946629569,142.53214015816386,142.95889282226562,447311,0.0,0.0
2024-03-08 00:00:00+08:00,144.23911565380683,145.09259100047393,140.39843166774438,142.53213500976562,249528,0.0,0.0
2024-03-11 00:00:00+08:00,140.82517405635957,144.66585817102055,140.39843636873746,144.23912048339844,166735,0.0,0.0
2024-03-12 00:00:00+08:00,145.51934297875223,148.0797989576645,145.09259033203125,145.09259033203125,157536,0.0,0.0
2024-03-13 00:00:00+08:00,145.51934929623826,145.51934929623826,140.82517480599134,141.6786651611328,143737,0.0,0.0
2024-03-14 00:00:00+08:00,142.10540246941613,145.0925962413583,141.25191211656664,142.95889282226562,116140,0.0,0.0
2024-03-15 00:00:00+08:00,143.38563580369706,143.81237350819663,141.67867001034418,142.10540771484375,93142,0.0,0.0
2024-03-18 00:00:00+08:00,144.2391261880508,144.2391261880508,140.3984419214909,142.10540771484375,93142,0.0,0.0
2024-03-19 00:00:00+08:00,142.10539700617775,144.66585299093552,142.10539700617775,143.81236267089844,116140,0.0,0.0
2024-03-20 00:00:00+08:00,145.09258996529215,149.36002656959508,145.09258996529215,147.65306091308594,401315,0.0,0.0
2024-03-21 00:00:00+08:00,148.5065468534372,148.5065468534372,145.5193529974945,145.9460906982422,135688,0.0,0.0
2024-03-22 00:00:00+08:00,147.65307062379935,149.36003639257066,144.23912411090234,148.5065460205078,146037,0.0,0.0
2024-03-25 00:00:00+08:00,148.5065460205078,148.5065460205078,148.5065460205078,148.5065460205078,0,0.0,0.0
2024-03-26 00:00:00+08:00,155.3344357459151,167.2832407995015,155.3344357459151,160.0286102294922,1774298,0.0,0.0
2024-03-27 00:00:00+08:00,160.02861140392852,161.30883945654014,151.92049042048566,156.18792724609375,729037,0.0,0.0
2024-03-28 00:00:00+08:00,156.61465976559577,160.0286061182502,154.90767910159173,155.76116943359375,254128,0.0,0.0
2024-03-29 00:00:00+08:00,156.18793387245364,156.18793387245364,150.64026875887117,151.49375915527344,174785,0.0,0.0
2024-04-01 00:00:00+08:00,153.2007201852092,153.2007201852092,149.36003598445242,149.78677368164062,167885,0.0,0.0
2024-04-02 00:00:00+08:00,149.78676917959885,150.6402595236768,148.07980346679688,148.07980346679688,100041,0.0,0.0
2024-04-03 00:00:00+08:00,148.0798063659325,156.61466504774737,148.0798063659325,154.90768432617188,365668,0.0,0.0
2024-04-08 00:00:00+08:00,155.76117508478094,157.8948935045228,153.62745666503906,153.62745666503906,182834,0.0,0.0
2024-04-09 00:00:00+08:00,153.62745251573705,154.05420517337186,149.36003076686572,150.6402587890625,196633,0.0,0.0
2024-04-10 00:00:00+08:00,150.6402636467315,153.62745746973357,150.2135259506896,151.06700134277344,103491,0.0,0.0
2024-04-11 00:00:00+08:00,151.06699720803883,151.06699720803883,147.65306578243485,148.07980346679688,126489,0.0,0.0
2024-04-12 00:00:00+08:00,147.65306095510195,148.07979862551232,145.9460803227537,146.37281799316406,96591,0.0,0.0
2024-04-15 00:00:00+08:00,145.9460809833144,146.7995713033515,142.10539700617775,143.81236267089844,218481,0.0,0.0
2024-04-16 00:00:00+08:00,142.1054028510265,143.81236858595534,139.9716844508499,141.6786651611328,173635,0.0,0.0
2024-04-17 00:00:00+08:00,144.23912086386287,144.23912086386287,142.53214015816386,142.95889282226562,31047,0.0,0.0
2024-04-18 00:00:00+08:00,142.5321405409202,143.81236858595534,140.82517480599134,141.6786651611328,43696,0.0,0.0
2024-04-19 00:00:00+08:00,142.5321414387619,142.95889410669787,136.55773886584572,137.8379669189453,164435,0.0,0.0
2024-04-22 00:00:00+08:00,136.98448668774904,139.11819005052928,136.55773403491008,137.41122436523438,57495,0.0,0.0
2024-04-23 00:00:00+08:00,139.11819458007812,140.3984376049248,138.69145688869864,139.11819458007812,44846,0.0,0.0
2024-04-24 00:00:00+08:00,140.39844234791525,141.25191775950663,139.97168966676495,140.82518005371094,50595,0.0,0.0
2024-04-25 00:00:00+08:00,140.8251700135965,140.8251700135965,139.1181893614035,139.9716796875,37946,0.0,0.0
2024-04-26 00:00:00+08:00,139.9716796875,139.9716796875,139.1181893614035,139.9716796875,41396,0.0,0.0
2024-04-29 00:00:00+08:00,140.39843673907117,143.8123681997611,140.39843673907117,142.95889282226562,48295,0.0,0.0
2024-04-30 00:00:00+08:00,142.53213534701615,142.53213534701615,139.97167935024947,141.2519073486328,35646,0.0,0.0
2024-05-02 00:00:00+08:00,140.82517480599134,142.1054028510265,139.11819409570842,141.6786651611328,35646,0.0,0.0
2024-05-03 00:00:00+08:00,141.25191775950663,141.25191775950663,140.39844234791525,140.82518005371094,19548,0.0,0.0
2024-05-06 00:00:00+08:00,140.82517519106057,142.10540323959634,139.97168483358533,140.3984375,33347,0.0,0.0
2024-05-07 00:00:00+08:00,141.67867044065693,141.67867044065693,139.97168966676495,140.82518005371094,35646,0.0,0.0
2024-05-08 00:00:00+08:00,139.9716840749694,143.38563051101335,139.9716840749694,142.95889282226562,50595,0.0,0.0
2024-05-09 00:00:00+08:00,143.81236334539952,143.81236334539952,140.82516967428955,141.2519073486328,40246,0.0,0.0
2024-05-10 00:00:00+08:00,141.67867087886532,141.67867087886532,138.26472429587676,139.54495239257812,101191,0.0,0.0
2024-05-13 00:00:00+08:00,139.54494804052197,139.54494804052197,135.70426387019913,136.5577392578125,144887,0.0,0.0
2024-05-14 00:00:00+08:00,136.13099568309613,140.39843233822504,136.13099568309613,139.9716796875,48295,0.0,0.0
2024-05-15 00:00:00+08:00,140.3984375,142.10540323959634,139.97168483358533,140.3984375,83942,0.0,0.0
2024-05-16 00:00:00+08:00,142.53213435311898,147.65306128629695,141.67865901038385,145.09259033203125,154086,0.0,0.0
2024-05-17 00:00:00+08:00,145.51934852161875,146.37282389686297,143.81236782042234,144.23912048339844,90842,0.0,0.0
2024-05-20 00:00:00+08:00,144.66586346101093,145.09260116423752,142.95889767274994,143.38563537597656,52895,0.0,0.0
2024-05-21 00:00:00+08:00,145.0925999109634,148.07980873381052,144.66586221142285,147.226318359375,226530,0.0,0.0
2024-05-22 00:00:00+08:00,148.07980832215358,149.7867740909249,146.7995802517365,148.5065460205078,197783,0.0,0.0
2024-05-23 00:00:00+08:00,148.5065468534372,149.36003723028702,145.09260032139238,145.9460906982422,93142,0.0,0.0
2024-05-24 00:00:00+08:00,145.09259511323717,147.6530661518775,145.09259511323717,146.79957580566406,66694,0.0,0.0
2024-05-27 00:00:00+08:00,148.50655069627027,152.77398771559135,148.50655069627027,150.21353149414062,248378,0.0,0.0
2024-05-28 00:00:00+08:00,151.4937491289783,152.34722449354027,150.2135211067815,150.6402587890625,142587,0.0,0.0
2024-05-29 00:00:00+08:00,151.9204864501953,156.1879231642782,151.49374876892853,151.9204864501953,232280,0.0,0.0
2024-05-30 00:00:00+08:00,152.77398290546768,152.77398290546768,148.5065460205078,148.5065460205078,100041,0.0,0.0
2024-05-31 00:00:00+08:00,150.21353061002569,152.77398681640625,149.3600402161139,152.77398681640625,103491,0.0,0.0
2024-06-03 00:00:00+08:00,167.70997237450993,167.70997237450993,158.32162374963104,162.1623077392578,1904237,0.0,0.0
2024-06-04 00:00:00+08:00,161.73558336907774,178.37856366844778,161.73558336907774,168.5634765625,3118533,0.0,0.0
2024-06-05 00:00:00+08:00,167.28323504953502,173.25763737097225,160.0286047288865,160.882080078125,1086657,0.0,0.0
2024-06-06 00:00:00+08:00,164.72278970686605,172.4041581990339,160.45535278320312,160.45535278320312,969367,0.0,0.0
2024-06-07 00:00:00+08:00,160.0286047288865,162.1623080773363,156.61465840587186,160.882080078125,390966,0.0,0.0
2024-06-11 00:00:00+08:00,160.8820834089005,168.9902042220052,157.04139933175213,167.70997619628906,971666,0.0,0.0
2024-06-12 00:00:00+08:00,168.56347700658733,168.56347700658733,163.8693022956619,167.2832489013672,392116,0.0,0.0
2024-06-13 00:00:00+08:00,168.13671956575558,168.13671956575558,162.16231691858798,165.57626342773438,350719,0.0,0.0
2024-06-14 00:00:00+08:00,164.72278635008178,173.68438274165476,164.72278635008178,171.9774169921875,741686,0.0,0.0
2024-06-17 00:00:00+08:00,171.9774169921875,180.08552302134976,171.12392662977678,171.9774169921875,715238,0.0,0.0
2024-06-18 00:00:00+08:00,174.9646140312302,182.64598250882864,173.68438595163047,177.5250701904297,1022262,0.0,0.0
2024-06-19 00:00:00+08:00,178.80529956244445,180.08552765129775,172.40415911817797,173.68438720703125,501357,0.0,0.0
2024-06-20 00:00:00+08:00,172.83088580255043,177.0983224768621,171.977410447971,176.67156982421875,334621,0.0,0.0
2024-06-21 00:00:00+08:00,173.6843828549751,176.67157666233035,168.56347062787796,170.69717407226562,420863,0.0,0.0
2024-06-24 00:00:00+08:00,172.83088792628428,172.83088792628428,168.99020385742188,168.99020385742188,160986,0.0,0.0
2024-06-25 00:00:00+08:00,170.2704367760936,170.69717447089684,165.14952453703754,169.4169464111328,132238,0.0,0.0
2024-06-26 00:00:00+08:00,171.97742184034018,175.81810611642848,169.41695068092667,172.40415954589844,226530,0.0,0.0
2024-06-27 00:00:00+08:00,174.11112054878177,176.24483896852365,170.69717407226562,170.69717407226562,162136,0.0,0.0
2024-06-28 00:00:00+08:00,174.11112081160317,187.76690673828125,174.11112081160317,187.76690673828125,1017662,0.0,0.0
2024-07-01 00:00:00+08:00,197.1552454862448,198.86222625495228,182.2192461245048,189.473876953125,1229244,0.0,0.0
2024-07-02 00:00:00+08:00,191.60759228538447,191.60759228538447,182.21924313745671,182.64598083496094,425463,0.0,0.0
2024-07-03 00:00:00+08:00,184.77969397353166,189.47386841286212,183.4994659423828,183.4994659423828,386366,0.0,0.0
2024-07-04 00:00:00+08:00,186.0599177493889,187.76689840211708,180.51226806640625,180.51226806640625,284025,0.0,0.0
2024-07-05 00:00:00+08:00,184.77969989697795,198.43547099211077,184.35296219803314,197.15524291992188,1451175,0.0,0.0
2024-07-08 00:00:00+08:00,196.3017683513559,197.15524375285128,188.62038491041642,194.59478759765625,546203,0.0,0.0
2024-07-09 00:00:00+08:00,191.18083744588293,194.5947839132897,186.9134155931401,190.32736206054688,344970,0.0,0.0
2024-07-10 00:00:00+08:00,189.90060389289755,198.4354623265631,189.90060389289755,191.1808319091797,284025,0.0,0.0
2024-07-11 00:00:00+08:00,193.3145546884273,198.8622195362632,189.4738705516274,194.1680450439453,405915,0.0,0.0
2024-07-12 00:00:00+08:00,195.02152407050482,207.39708204316736,193.31455830290707,198.4354705810547,792282,0.0,0.0
2024-07-15 00:00:00+08:00,201.42267848189408,218.06564331054688,199.28896005053846,218.06564331054688,1023412,0.0,0.0
2024-07-16 00:00:00+08:00,221.90634598075533,226.1737679354896,213.37148709593222,223.61331176757812,1399430,0.0,0.0
2024-07-17 00:00:00+08:00,223.6133065139634,229.58770909051125,221.47958809904898,224.466796875,512856,0.0,0.0
2024-07-18 00:00:00+08:00,221.9063420698193,229.58771043817524,216.78541484889436,219.3458709716797,563451,0.0,0.0
2024-07-19 00:00:00+08:00,219.34586802282098,219.77262068778418,209.95753402394183,212.5179901123047,516305,0.0,0.0
2024-07-22 00:00:00+08:00,217.63889658047887,217.63889658047887,208.250547852497,214.65170288085938,404765,0.0,0.0
2024-07-23 00:00:00+08:00,220.62610800731974,226.1737577973385,215.0784432419471,222.7598114013672,511706,0.0,0.0
2024-07-26 00:00:00+08:00,220.199355711552,233.42838865817237,217.63889965418727,221.47958374023438,1022262,0.0,0.0
2024-07-29 00:00:00+08:00,224.46679244964997,226.17375816271627,201.8494106432368,203.129638671875,811830,0.0,0.0
2024-07-30 00:00:00+08:00,203.12964113807146,212.5179901123047,198.86221931591805,212.5179901123047,344970,0.0,0.0
2024-07-31 00:00:00+08:00,210.8110095573328,232.14816360976667,209.5307815122151,229.58770751953125,793432,0.0,0.0
2024-08-01 00:00:00+08:00,222.5,235.0,215.0,216.5,833000,4.345346,1.1499016
2024-08-02 00:00:00+08:00,212.0,212.0,198.0,198.0,492000,0.0,0.0
2024-08-05 00:00:00+08:00,189.5,190.5,179.0,180.0,391000,0.0,0.0
2024-08-06 00:00:00+08:00,185.0,188.0,164.5,174.0,523000,0.0,0.0
2024-08-07 00:00:00+08:00,174.0,186.0,174.0,181.5,290000,0.0,0.0
2024-08-08 00:00:00+08:00,178.5,180.5,175.5,176.0,145000,0.0,0.0
2024-08-09 00:00:00+08:00,179.0,184.0,178.5,178.5,196000,0.0,0.0
2024-08-12 00:00:00+08:00,180.0,185.0,180.0,183.0,146000,0.0,0.0
2024-08-13 00:00:00+08:00,185.0,185.0,177.5,181.5,135000,0.0,0.0
2024-08-14 00:00:00+08:00,182.5,183.5,178.0,178.0,123000,0.0,0.0
2024-08-15 00:00:00+08:00,178.5,181.5,176.5,177.0,97000,0.0,0.0
2024-08-16 00:00:00+08:00,179.5,183.0,179.0,180.0,106000,0.0,0.0
2024-08-19 00:00:00+08:00,180.0,181.5,179.0,179.0,67000,0.0,0.0
2024-08-20 00:00:00+08:00,181.0,196.5,181.0,196.5,381000,0.0,0.0
2024-08-21 00:00:00+08:00,195.0,205.5,190.0,190.5,666000,0.0,0.0
2024-08-22 00:00:00+08:00,191.0,202.0,191.0,195.5,257000,0.0,0.0
2024-08-23 00:00:00+08:00,196.0,196.0,192.0,196.0,125000,0.0,0.0
2024-08-26 00:00:00+08:00,199.0,201.5,193.0,193.0,138000,0.0,0.0
2024-08-27 00:00:00+08:00,195.5,197.0,193.5,195.5,67000,0.0,0.0
2024-08-28 00:00:00+08:00,196.0,205.0,195.5,195.5,190000,0.0,0.0
2024-08-29 00:00:00+08:00,197.0,197.0,192.5,193.5,55000,0.0,0.0
2024-08-30 00:00:00+08:00,191.0,193.5,191.0,191.5,72000,0.0,0.0
2024-09-02 00:00:00+08:00,192.0,192.0,187.0,187.0,57000,0.0,0.0
2024-09-05 00:00:00+08:00,182.5,182.5,179.0,180.0,55000,0.0,0.0
2024-09-06 00:00:00+08:00,180.0,181.0,176.0,177.0,85000,0.0,0.0
