Date,Open,High,Low,Close,Volume,Dividends,Stock Splits,Capital Gains
2021-06-24 00:00:00+09:00,2320.0,2665.0,2320.0,2660.0,112451,0.0,0.0,0.0
2021-06-25 00:00:00+09:00,3000.0,3000.0,2265.0,2330.0,29388,0.0,0.0,0.0
2021-06-28 00:00:00+09:00,2500.0,2500.0,2105.0,2160.0,8049,0.0,0.0,0.0
2021-06-29 00:00:00+09:00,2175.0,2395.0,2170.0,2245.0,3787,0.0,0.0,0.0
2021-06-30 00:00:00+09:00,2270.0,2270.0,2050.0,2260.0,548,0.0,0.0,0.0
2021-07-01 00:00:00+09:00,2245.0,2245.0,2220.0,2235.0,148,0.0,0.0,0.0
2021-07-02 00:00:00+09:00,2200.0,2555.0,2050.0,2050.0,2738,0.0,0.0,0.0
2021-07-05 00:00:00+09:00,2245.0,2245.0,2115.0,2115.0,325,0.0,0.0,0.0
2021-07-06 00:00:00+09:00,2100.0,2100.0,2050.0,2095.0,1730,0.0,0.0,0.0
2021-07-07 00:00:00+09:00,2150.0,2150.0,2100.0,2145.0,327,0.0,0.0,0.0
2021-07-08 00:00:00+09:00,2215.0,2395.0,2150.0,2165.0,6338,0.0,0.0,0.0
2021-07-09 00:00:00+09:00,2060.0,2195.0,2050.0,2170.0,1507,0.0,0.0,0.0
2021-07-12 00:00:00+09:00,2300.0,2300.0,2275.0,2275.0,510,0.0,0.0,0.0
2021-07-13 00:00:00+09:00,2280.0,2280.0,2270.0,2270.0,205,0.0,0.0,0.0
2021-07-14 00:00:00+09:00,2300.0,2300.0,2300.0,2300.0,1,0.0,0.0,0.0
2021-07-15 00:00:00+09:00,2300.0,2300.0,2280.0,2280.0,406,0.0,0.0,0.0
2021-07-16 00:00:00+09:00,2300.0,2300.0,2050.0,2245.0,2313,0.0,0.0,0.0
2021-07-19 00:00:00+09:00,2300.0,2300.0,2000.0,2195.0,605,0.0,0.0,0.0
2021-07-20 00:00:00+09:00,2145.0,2150.0,1885.0,2140.0,166,0.0,0.0,0.0
2021-07-21 00:00:00+09:00,2200.0,2200.0,2160.0,2160.0,2,0.0,0.0,0.0
2021-07-22 00:00:00+09:00,2200.0,2200.0,2130.0,2135.0,162,0.0,0.0,0.0
2021-07-23 00:00:00+09:00,2200.0,2200.0,1815.0,2080.0,1262,0.0,0.0,0.0
2021-07-26 00:00:00+09:00,2190.0,2190.0,2140.0,2140.0,12,0.0,0.0,0.0
2021-07-27 00:00:00+09:00,2140.0,2140.0,2095.0,2095.0,630,0.0,0.0,0.0
2021-07-28 00:00:00+09:00,2095.0,2145.0,2095.0,2125.0,2112,0.0,0.0,0.0
2021-07-29 00:00:00+09:00,2125.0,2125.0,2095.0,2120.0,667,0.0,0.0,0.0
2021-07-30 00:00:00+09:00,2120.0,2120.0,1905.0,2075.0,1598,0.0,0.0,0.0
2021-08-02 00:00:00+09:00,2075.0,2085.0,2000.0,2085.0,694,0.0,0.0,0.0
2021-08-03 00:00:00+09:00,2200.0,2200.0,1840.0,2090.0,177,0.0,0.0,0.0
2021-08-04 00:00:00+09:00,2000.0,2070.0,1925.0,1925.0,215,0.0,0.0,0.0
2021-08-05 00:00:00+09:00,2100.0,2100.0,1950.0,2065.0,1737,0.0,0.0,0.0
2021-08-06 00:00:00+09:00,2200.0,2290.0,2000.0,2290.0,3448,0.0,0.0,0.0
2021-08-09 00:00:00+09:00,2250.0,2500.0,2100.0,2285.0,1341,0.0,0.0,0.0
2021-08-10 00:00:00+09:00,2300.0,2395.0,2205.0,2340.0,382,0.0,0.0,0.0
2021-08-11 00:00:00+09:00,2400.0,2490.0,2200.0,2300.0,2249,0.0,0.0,0.0
2021-08-12 00:00:00+09:00,2500.0,2500.0,2200.0,2325.0,6753,0.0,0.0,0.0
2021-08-13 00:00:00+09:00,2200.0,2490.0,2200.0,2430.0,64,0.0,0.0,0.0
2021-08-17 00:00:00+09:00,2205.0,2485.0,2205.0,2425.0,522,0.0,0.0,0.0
2021-08-18 00:00:00+09:00,2200.0,2495.0,2200.0,2305.0,1800,0.0,0.0,0.0
2021-08-19 00:00:00+09:00,2490.0,2490.0,2165.0,2405.0,9,0.0,0.0,0.0
2021-08-20 00:00:00+09:00,2475.0,2475.0,2220.0,2390.0,1922,0.0,0.0,0.0
2021-08-23 00:00:00+09:00,2495.0,2495.0,2205.0,2475.0,9,0.0,0.0,0.0
2021-08-24 00:00:00+09:00,2445.0,2475.0,2435.0,2475.0,1632,0.0,0.0,0.0
2021-08-25 00:00:00+09:00,2495.0,2800.0,2400.0,2700.0,1462,0.0,0.0,0.0
2021-08-26 00:00:00+09:00,2800.0,2900.0,2330.0,2790.0,2279,0.0,0.0,0.0
2021-08-27 00:00:00+09:00,2900.0,2900.0,2460.0,2785.0,257,0.0,0.0,0.0
2021-08-30 00:00:00+09:00,2700.0,3195.0,2700.0,2840.0,399,0.0,0.0,0.0
2021-08-31 00:00:00+09:00,2950.0,3200.0,2500.0,2650.0,4078,0.0,0.0,0.0
2021-09-01 00:00:00+09:00,2645.0,2645.0,2500.0,2595.0,4530,0.0,0.0,0.0
2021-09-02 00:00:00+09:00,2695.0,2695.0,2500.0,2590.0,3753,0.0,0.0,0.0
2021-09-03 00:00:00+09:00,2880.0,2880.0,2590.0,2595.0,795,0.0,0.0,0.0
2021-09-06 00:00:00+09:00,2600.0,2970.0,2600.0,2700.0,459,0.0,0.0,0.0
2021-09-07 00:00:00+09:00,3000.0,3000.0,2500.0,2500.0,2720,0.0,0.0,0.0
2021-09-08 00:00:00+09:00,2680.0,2690.0,2210.0,2545.0,1098,0.0,0.0,0.0
2021-09-09 00:00:00+09:00,2500.0,2500.0,2200.0,2225.0,4118,0.0,0.0,0.0
2021-09-10 00:00:00+09:00,2400.0,2475.0,2200.0,2230.0,220,0.0,0.0,0.0
2021-09-13 00:00:00+09:00,2390.0,2450.0,2200.0,2340.0,1113,0.0,0.0,0.0
2021-09-14 00:00:00+09:00,2345.0,2345.0,2020.0,2200.0,7658,0.0,0.0,0.0
2021-09-15 00:00:00+09:00,2200.0,2200.0,2200.0,2200.0,801,0.0,0.0,0.0
2021-09-16 00:00:00+09:00,2300.0,2300.0,2065.0,2070.0,147,0.0,0.0,0.0
2021-09-17 00:00:00+09:00,2195.0,2195.0,2080.0,2145.0,989,0.0,0.0,0.0
2021-09-23 00:00:00+09:00,2300.0,2300.0,2100.0,2200.0,2600,0.0,0.0,0.0
2021-09-24 00:00:00+09:00,2300.0,2380.0,2200.0,2200.0,418,0.0,0.0,0.0
2021-09-27 00:00:00+09:00,2475.0,2475.0,2105.0,2200.0,89,0.0,0.0,0.0
2021-09-28 00:00:00+09:00,2105.0,2380.0,2100.0,2200.0,1297,0.0,0.0,0.0
2021-09-29 00:00:00+09:00,2290.0,2290.0,2000.0,2135.0,1104,0.0,0.0,0.0
2021-09-30 00:00:00+09:00,2200.0,2300.0,2005.0,2240.0,205,0.0,0.0,0.0
2021-10-01 00:00:00+09:00,2490.0,2490.0,2100.0,2245.0,106,0.0,0.0,0.0
2021-10-05 00:00:00+09:00,2295.0,2295.0,2100.0,2280.0,12,0.0,0.0,0.0
2021-10-06 00:00:00+09:00,2485.0,2485.0,2000.0,2165.0,290,0.0,0.0,0.0
2021-10-07 00:00:00+09:00,2200.0,2295.0,2100.0,2195.0,113,0.0,0.0,0.0
2021-10-08 00:00:00+09:00,2295.0,2375.0,2010.0,2095.0,410,0.0,0.0,0.0
2021-10-12 00:00:00+09:00,2295.0,2295.0,2000.0,2225.0,3,0.0,0.0,0.0
2021-10-13 00:00:00+09:00,2295.0,2295.0,2295.0,2295.0,1,0.0,0.0,0.0
2021-10-14 00:00:00+09:00,1960.0,2300.0,1960.0,2140.0,424,0.0,0.0,0.0
2021-10-15 00:00:00+09:00,2295.0,2295.0,2185.0,2185.0,11,0.0,0.0,0.0
2021-10-18 00:00:00+09:00,2195.0,2195.0,1925.0,2065.0,2630,0.0,0.0,0.0
2021-10-19 00:00:00+09:00,2195.0,2195.0,2195.0,2195.0,1,0.0,0.0,0.0
2021-10-20 00:00:00+09:00,2100.0,2100.0,2090.0,2090.0,5,0.0,0.0,0.0
2021-10-21 00:00:00+09:00,2100.0,2135.0,2000.0,2090.0,23,0.0,0.0,0.0
2021-10-22 00:00:00+09:00,2090.0,2090.0,2090.0,2090.0,1,0.0,0.0,0.0
2021-10-25 00:00:00+09:00,2195.0,2195.0,2000.0,2120.0,3,0.0,0.0,0.0
2021-10-26 00:00:00+09:00,2095.0,2095.0,1805.0,2055.0,7538,0.0,0.0,0.0
2021-10-27 00:00:00+09:00,2100.0,2185.0,1900.0,2000.0,1655,0.0,0.0,0.0
2021-10-28 00:00:00+09:00,2100.0,2100.0,1910.0,2030.0,6572,0.0,0.0,0.0
2021-10-29 00:00:00+09:00,2095.0,2095.0,2095.0,2095.0,1,0.0,0.0,0.0
2021-11-01 00:00:00+09:00,2000.0,2000.0,2000.0,2000.0,1,0.0,0.0,0.0
2021-11-02 00:00:00+09:00,1990.0,1990.0,1990.0,1990.0,2,0.0,0.0,0.0
2021-11-03 00:00:00+09:00,2095.0,2195.0,1800.0,2000.0,279,0.0,0.0,0.0
2021-11-04 00:00:00+09:00,1995.0,1995.0,1980.0,1980.0,652,0.0,0.0,0.0
2021-11-05 00:00:00+09:00,2000.0,2195.0,1830.0,1970.0,2537,0.0,0.0,0.0
2021-11-08 00:00:00+09:00,2000.0,2000.0,1800.0,1820.0,116,0.0,0.0,0.0
2021-11-09 00:00:00+09:00,1900.0,2090.0,1800.0,1915.0,527,0.0,0.0,0.0
2021-11-10 00:00:00+09:00,2075.0,2075.0,1800.0,1820.0,768,0.0,0.0,0.0
2021-11-11 00:00:00+09:00,1985.0,1985.0,1655.0,1840.0,4145,0.0,0.0,0.0
2021-11-12 00:00:00+09:00,1900.0,2085.0,1740.0,1895.0,134,0.0,0.0,0.0
2021-11-15 00:00:00+09:00,1880.0,1880.0,1750.0,1845.0,779,0.0,0.0,0.0
2021-11-16 00:00:00+09:00,1840.0,1895.0,1820.0,1895.0,587,0.0,0.0,0.0
2021-11-17 00:00:00+09:00,1900.0,1900.0,1715.0,1795.0,5630,0.0,0.0,0.0
2021-11-18 00:00:00+09:00,1900.0,1995.0,1800.0,1895.0,324,0.0,0.0,0.0
2021-11-19 00:00:00+09:00,1800.0,1800.0,1715.0,1785.0,1377,0.0,0.0,0.0
2021-11-22 00:00:00+09:00,1895.0,1900.0,1700.0,1815.0,87,0.0,0.0,0.0
2021-11-23 00:00:00+09:00,1885.0,1885.0,1620.0,1750.0,2413,0.0,0.0,0.0
2021-11-24 00:00:00+09:00,1795.0,1800.0,1600.0,1800.0,1035,0.0,0.0,0.0
2021-11-25 00:00:00+09:00,1790.0,1790.0,1700.0,1700.0,773,0.0,0.0,0.0
2021-11-26 00:00:00+09:00,1795.0,1795.0,1795.0,1795.0,1,0.0,0.0,0.0
2021-11-29 00:00:00+09:00,1790.0,1790.0,1790.0,1790.0,1,0.0,0.0,0.0
2021-11-30 00:00:00+09:00,1785.0,1785.0,1785.0,1785.0,1,0.0,0.0,0.0
2021-12-01 00:00:00+09:00,1785.0,1785.0,1600.0,1765.0,3,0.0,0.0,0.0
2021-12-02 00:00:00+09:00,1780.0,1790.0,1765.0,1765.0,83,0.0,0.0,0.0
2021-12-03 00:00:00+09:00,1770.0,1900.0,1615.0,1900.0,6891,0.0,0.0,0.0
2021-12-06 00:00:00+09:00,2000.0,2100.0,2000.0,2080.0,14,0.0,0.0,0.0
2021-12-07 00:00:00+09:00,2095.0,2305.0,1900.0,1900.0,1912,0.0,0.0,0.0
2021-12-08 00:00:00+09:00,1995.0,2060.0,1800.0,1895.0,106,0.0,0.0,0.0
2021-12-09 00:00:00+09:00,1900.0,2075.0,1900.0,1960.0,1033,0.0,0.0,0.0
2021-12-10 00:00:00+09:00,2000.0,2000.0,1805.0,1970.0,411,0.0,0.0,0.0
2021-12-13 00:00:00+09:00,1850.0,1900.0,1800.0,1900.0,5222,0.0,0.0,0.0
2021-12-14 00:00:00+09:00,1800.0,1985.0,1755.0,1795.0,5753,0.0,0.0,0.0
2021-12-15 00:00:00+09:00,1890.0,1890.0,1700.0,1790.0,6,0.0,0.0,0.0
2021-12-16 00:00:00+09:00,1700.0,1895.0,1700.0,1700.0,63,0.0,0.0,0.0
2021-12-17 00:00:00+09:00,1800.0,1905.0,1600.0,1830.0,45,0.0,0.0,0.0
2021-12-20 00:00:00+09:00,1800.0,1870.0,1700.0,1800.0,12066,0.0,0.0,0.0
2021-12-21 00:00:00+09:00,1885.0,1885.0,1850.0,1850.0,41,0.0,0.0,0.0
2021-12-22 00:00:00+09:00,1700.0,1885.0,1700.0,1810.0,513,0.0,0.0,0.0
2021-12-23 00:00:00+09:00,1885.0,1885.0,1750.0,1830.0,122,0.0,0.0,0.0
2021-12-24 00:00:00+09:00,1900.0,1995.0,1620.0,1720.0,844,0.0,0.0,0.0
2021-12-27 00:00:00+09:00,1795.0,1875.0,1700.0,1810.0,786,0.0,0.0,0.0
2021-12-28 00:00:00+09:00,1885.0,1885.0,1705.0,1840.0,62,0.0,0.0,0.0
2021-12-29 00:00:00+09:00,1900.0,2100.0,1620.0,1995.0,14998,0.0,0.0,0.0
2021-12-30 00:00:00+09:00,1800.0,1990.0,1700.0,1820.0,4944,0.0,0.0,0.0
2022-01-04 00:00:00+09:00,1895.0,1900.0,1615.0,1640.0,5102,0.0,0.0,0.0
2022-01-05 00:00:00+09:00,1800.0,1800.0,1430.0,1670.0,7213,0.0,0.0,0.0
2022-01-06 00:00:00+09:00,1600.0,1700.0,1440.0,1510.0,6977,0.0,0.0,0.0
2022-01-07 00:00:00+09:00,1600.0,1730.0,1400.0,1650.0,2768,0.0,0.0,0.0
2022-01-10 00:00:00+09:00,1650.0,1650.0,1415.0,1500.0,6485,0.0,0.0,0.0
2022-01-11 00:00:00+09:00,1600.0,1600.0,1580.0,1580.0,21,0.0,0.0,0.0
2022-01-12 00:00:00+09:00,1600.0,1695.0,1500.0,1545.0,181,0.0,0.0,0.0
2022-01-13 00:00:00+09:00,1520.0,1520.0,1450.0,1520.0,476,0.0,0.0,0.0
2022-01-14 00:00:00+09:00,1600.0,1690.0,1600.0,1690.0,11,0.0,0.0,0.0
2022-01-17 00:00:00+09:00,1700.0,1895.0,1700.0,1890.0,3036,0.0,0.0,0.0
2022-01-18 00:00:00+09:00,1900.0,2095.0,1700.0,1850.0,463,0.0,0.0,0.0
2022-01-19 00:00:00+09:00,1850.0,1995.0,1635.0,1635.0,4148,0.0,0.0,0.0
2022-01-20 00:00:00+09:00,1795.0,1875.0,1650.0,1780.0,13506,0.0,0.0,0.0
2022-01-21 00:00:00+09:00,1795.0,2045.0,1650.0,2045.0,10404,0.0,0.0,0.0
2022-01-24 00:00:00+09:00,2200.0,2295.0,1900.0,2020.0,3493,0.0,0.0,0.0
2022-01-25 00:00:00+09:00,2100.0,2200.0,1900.0,2000.0,3731,0.0,0.0,0.0
2022-01-26 00:00:00+09:00,2100.0,2100.0,1755.0,2085.0,7182,0.0,0.0,0.0
2022-01-27 00:00:00+09:00,2100.0,2135.0,1900.0,2135.0,1588,0.0,0.0,0.0
2022-01-28 00:00:00+09:00,2100.0,2100.0,2100.0,2100.0,1,0.0,0.0,0.0
2022-02-03 00:00:00+09:00,2000.0,2000.0,1785.0,1990.0,9644,0.0,0.0,0.0
2022-02-04 00:00:00+09:00,1990.0,1990.0,1695.0,1705.0,8838,0.0,0.0,0.0
2022-02-07 00:00:00+09:00,1800.0,1950.0,1450.0,1525.0,24328,0.0,0.0,0.0
2022-02-08 00:00:00+09:00,1525.0,1525.0,1525.0,1525.0,0,0.0,0.0,0.0
2022-02-09 00:00:00+09:00,1630.0,1795.0,1430.0,1595.0,296,0.0,0.0,0.0
2022-02-10 00:00:00+09:00,1600.0,1805.0,1455.0,1595.0,531,0.0,0.0,0.0
2022-02-11 00:00:00+09:00,1600.0,1795.0,1405.0,1500.0,1160,0.0,0.0,0.0
2022-02-14 00:00:00+09:00,1600.0,1695.0,1500.0,1685.0,844,0.0,0.0,0.0
2022-02-15 00:00:00+09:00,1685.0,1805.0,1435.0,1515.0,3462,0.0,0.0,0.0
2022-02-16 00:00:00+09:00,1515.0,1580.0,1305.0,1515.0,160,0.0,0.0,0.0
2022-02-17 00:00:00+09:00,1585.0,1645.0,1320.0,1485.0,731,0.0,0.0,0.0
2022-02-18 00:00:00+09:00,1600.0,1645.0,1400.0,1635.0,128,0.0,0.0,0.0
2022-02-21 00:00:00+09:00,1700.0,1785.0,1500.0,1760.0,85,0.0,0.0,0.0
2022-02-22 00:00:00+09:00,1760.0,1760.0,1760.0,1760.0,0,0.0,0.0,0.0
2022-02-23 00:00:00+09:00,1760.0,1760.0,1760.0,1760.0,0,0.0,0.0,0.0
2022-02-24 00:00:00+09:00,1700.0,1830.0,1600.0,1695.0,48,0.0,0.0,0.0
2022-02-25 00:00:00+09:00,1500.0,1695.0,1500.0,1695.0,11,0.0,0.0,0.0
2022-02-28 00:00:00+09:00,1695.0,1695.0,1695.0,1695.0,0,0.0,0.0,0.0
2022-03-02 00:00:00+09:00,1700.0,1890.0,1500.0,1685.0,46,0.0,0.0,0.0
2022-03-03 00:00:00+09:00,1675.0,1675.0,1500.0,1650.0,103,0.0,0.0,0.0
2022-03-04 00:00:00+09:00,1695.0,1695.0,1500.0,1650.0,236,0.0,0.0,0.0
2022-03-07 00:00:00+09:00,1700.0,1890.0,1500.0,1600.0,52,0.0,0.0,0.0
2022-03-08 00:00:00+09:00,1700.0,1795.0,1600.0,1600.0,33,0.0,0.0,0.0
2022-03-10 00:00:00+09:00,1600.0,1600.0,1600.0,1600.0,0,0.0,0.0,0.0
2022-03-11 00:00:00+09:00,1800.0,1925.0,1600.0,1785.0,53,0.0,0.0,0.0
2022-03-14 00:00:00+09:00,1700.0,1760.0,1700.0,1760.0,22,0.0,0.0,0.0
2022-03-15 00:00:00+09:00,1760.0,1760.0,1760.0,1760.0,0,0.0,0.0,0.0
2022-03-16 00:00:00+09:00,1900.0,2070.0,1705.0,2000.0,2701,0.0,0.0,0.0
2022-03-17 00:00:00+09:00,2000.0,2100.0,1900.0,2000.0,16,0.0,0.0,0.0
2022-03-18 00:00:00+09:00,1990.0,1990.0,1900.0,1950.0,42,0.0,0.0,0.0
2022-03-21 00:00:00+09:00,1995.0,2090.0,1800.0,2090.0,710,0.0,0.0,0.0
2022-03-22 00:00:00+09:00,2000.0,2095.0,2000.0,2085.0,4,0.0,0.0,0.0
2022-03-23 00:00:00+09:00,2085.0,2085.0,1905.0,2015.0,536,0.0,0.0,0.0
2022-03-24 00:00:00+09:00,1900.0,2005.0,1900.0,2005.0,11,0.0,0.0,0.0
2022-03-25 00:00:00+09:00,2195.0,2195.0,1800.0,2075.0,154,0.0,0.0,0.0
2022-03-28 00:00:00+09:00,2075.0,2075.0,2075.0,2075.0,0,0.0,0.0,0.0
2022-03-29 00:00:00+09:00,1900.0,2150.0,1750.0,1895.0,1089,0.0,0.0,0.0
2022-03-30 00:00:00+09:00,1900.0,2000.0,1710.0,1780.0,279,0.0,0.0,0.0
2022-03-31 00:00:00+09:00,1900.0,1990.0,1800.0,1850.0,470,0.0,0.0,0.0
2022-04-01 00:00:00+09:00,2000.0,2125.0,1900.0,2000.0,56,0.0,0.0,0.0
2022-04-04 00:00:00+09:00,1985.0,2000.0,1845.0,1990.0,754,0.0,0.0,0.0
2022-04-05 00:00:00+09:00,2000.0,2000.0,1900.0,1995.0,132,0.0,0.0,0.0
2022-04-06 00:00:00+09:00,2000.0,2195.0,1900.0,2095.0,7556,0.0,0.0,0.0
2022-04-07 00:00:00+09:00,2100.0,2100.0,1815.0,1950.0,2376,0.0,0.0,0.0
2022-04-08 00:00:00+09:00,1950.0,1950.0,1930.0,1930.0,363,0.0,0.0,0.0
2022-04-11 00:00:00+09:00,2000.0,2000.0,1800.0,1990.0,1739,0.0,0.0,0.0
2022-04-12 00:00:00+09:00,1990.0,1990.0,1990.0,1990.0,2,0.0,0.0,0.0
2022-04-13 00:00:00+09:00,2000.0,2100.0,1815.0,2040.0,1653,0.0,0.0,0.0
2022-04-14 00:00:00+09:00,2040.0,2100.0,2040.0,2070.0,209,0.0,0.0,0.0
2022-04-15 00:00:00+09:00,2070.0,2095.0,1990.0,2090.0,224,0.0,0.0,0.0
2022-04-18 00:00:00+09:00,2395.0,2395.0,2050.0,2050.0,3,0.0,0.0,0.0
2022-04-19 00:00:00+09:00,2100.0,2100.0,1940.0,2090.0,159,0.0,0.0,0.0
2022-04-20 00:00:00+09:00,2100.0,2335.0,2100.0,2290.0,168,0.0,0.0,0.0
2022-04-21 00:00:00+09:00,2295.0,2300.0,2125.0,2155.0,11911,0.0,0.0,0.0
2022-04-22 00:00:00+09:00,2105.0,2300.0,2105.0,2290.0,5842,0.0,0.0,0.0
2022-04-25 00:00:00+09:00,2600.0,2600.0,2400.0,2465.0,16,0.0,0.0,0.0
2022-04-26 00:00:00+09:00,2465.0,2500.0,2150.0,2285.0,6399,0.0,0.0,0.0
2022-04-27 00:00:00+09:00,2395.0,2395.0,1965.0,2185.0,6907,0.0,0.0,0.0
2022-04-28 00:00:00+09:00,2200.0,2400.0,2200.0,2200.0,31,0.0,0.0,0.0
2022-04-29 00:00:00+09:00,2100.0,2180.0,2100.0,2180.0,2,0.0,0.0,0.0
2022-05-02 00:00:00+09:00,2290.0,2290.0,2200.0,2200.0,81,0.0,0.0,0.0
2022-05-03 00:00:00+09:00,2170.0,2400.0,2170.0,2395.0,3366,0.0,0.0,0.0
2022-05-04 00:00:00+09:00,2100.0,2500.0,2100.0,2500.0,960,0.0,0.0,0.0
2022-05-06 00:00:00+09:00,2500.0,2700.0,2200.0,2585.0,801,0.0,0.0,0.0
2022-05-10 00:00:00+09:00,2700.0,2700.0,2500.0,2650.0,48,0.0,0.0,0.0
2022-05-11 00:00:00+09:00,2700.0,2700.0,2695.0,2695.0,2,0.0,0.0,0.0
2022-05-12 00:00:00+09:00,2700.0,2900.0,2700.0,2795.0,44,0.0,0.0,0.0
2022-05-13 00:00:00+09:00,2600.0,2600.0,2380.0,2380.0,328,0.0,0.0,0.0
2022-05-16 00:00:00+09:00,2500.0,2700.0,2500.0,2550.0,30,0.0,0.0,0.0
2022-05-17 00:00:00+09:00,2620.0,2620.0,2500.0,2500.0,1156,0.0,0.0,0.0
2022-05-18 00:00:00+09:00,2540.0,2540.0,2540.0,2540.0,54,0.0,0.0,0.0
2022-05-19 00:00:00+09:00,2410.0,2410.0,2400.0,2400.0,27,0.0,0.0,0.0
2022-05-20 00:00:00+09:00,2500.0,2500.0,2300.0,2490.0,22,0.0,0.0,0.0
2022-05-23 00:00:00+09:00,2490.0,2490.0,2490.0,2490.0,10,0.0,0.0,0.0
2022-05-24 00:00:00+09:00,2150.0,2485.0,2150.0,2485.0,502,0.0,0.0,0.0
2022-05-25 00:00:00+09:00,2450.0,2450.0,2400.0,2400.0,42,0.0,0.0,0.0
2022-05-26 00:00:00+09:00,2475.0,2475.0,2400.0,2400.0,3,0.0,0.0,0.0
2022-05-27 00:00:00+09:00,2350.0,2350.0,2200.0,2300.0,238,0.0,0.0,0.0
2022-05-30 00:00:00+09:00,2395.0,2395.0,2395.0,2395.0,1,0.0,0.0,0.0
2022-05-31 00:00:00+09:00,2300.0,2340.0,2300.0,2340.0,11,0.0,0.0,0.0
2022-06-02 00:00:00+09:00,2340.0,2340.0,2340.0,2340.0,0,0.0,0.0,0.0
2022-06-03 00:00:00+09:00,2340.0,2340.0,2300.0,2300.0,65,0.0,0.0,0.0
2022-06-07 00:00:00+09:00,2400.0,2400.0,2300.0,2300.0,51,0.0,0.0,0.0
2022-06-08 00:00:00+09:00,2480.0,2480.0,2480.0,2480.0,1,0.0,0.0,0.0
2022-06-09 00:00:00+09:00,2180.0,2300.0,2180.0,2295.0,221,0.0,0.0,0.0
2022-06-10 00:00:00+09:00,2290.0,2290.0,2200.0,2290.0,12,0.0,0.0,0.0
2022-06-13 00:00:00+09:00,2200.0,2265.0,2200.0,2265.0,101,0.0,0.0,0.0
2022-06-14 00:00:00+09:00,2155.0,2240.0,2150.0,2240.0,696,0.0,0.0,0.0
2022-06-15 00:00:00+09:00,2300.0,2300.0,2300.0,2300.0,1,0.0,0.0,0.0
2022-06-16 00:00:00+09:00,2135.0,2240.0,2130.0,2235.0,152,0.0,0.0,0.0
2022-06-17 00:00:00+09:00,2235.0,2235.0,2235.0,2235.0,0,0.0,0.0,0.0
2022-06-20 00:00:00+09:00,2250.0,2250.0,2100.0,2245.0,21,0.0,0.0,0.0
2022-06-21 00:00:00+09:00,2185.0,2185.0,2165.0,2170.0,370,0.0,0.0,0.0
2022-06-22 00:00:00+09:00,2170.0,2170.0,2005.0,2115.0,682,0.0,0.0,0.0
2022-06-23 00:00:00+09:00,2000.0,2085.0,2000.0,2085.0,101,0.0,0.0,0.0
2022-06-24 00:00:00+09:00,2085.0,2085.0,2085.0,2085.0,0,0.0,0.0,0.0
2022-06-27 00:00:00+09:00,2075.0,2075.0,2075.0,2075.0,5,0.0,0.0,0.0
2022-06-28 00:00:00+09:00,2045.0,2045.0,2045.0,2045.0,15,0.0,0.0,0.0
2022-06-29 00:00:00+09:00,1950.0,2195.0,1900.0,2000.0,195,0.0,0.0,0.0
2022-06-30 00:00:00+09:00,1900.0,2195.0,1900.0,2175.0,46,0.0,0.0,0.0
2022-07-01 00:00:00+09:00,2095.0,2095.0,2085.0,2085.0,15,0.0,0.0,0.0
2022-07-04 00:00:00+09:00,2000.0,2045.0,1900.0,2045.0,32,0.0,0.0,0.0
2022-07-05 00:00:00+09:00,2000.0,2000.0,1900.0,2000.0,41,0.0,0.0,0.0
2022-07-06 00:00:00+09:00,1800.0,2000.0,1800.0,2000.0,85,0.0,0.0,0.0
2022-07-07 00:00:00+09:00,2000.0,2000.0,1995.0,2000.0,42,0.0,0.0,0.0
2022-07-08 00:00:00+09:00,2000.0,2300.0,2000.0,2295.0,2303,0.0,0.0,0.0
2022-07-11 00:00:00+09:00,2400.0,2480.0,2300.0,2385.0,214,0.0,0.0,0.0
2022-07-12 00:00:00+09:00,2400.0,2480.0,2300.0,2390.0,65,0.0,0.0,0.0
2022-07-13 00:00:00+09:00,2450.0,2450.0,2450.0,2450.0,21,0.0,0.0,0.0
2022-07-14 00:00:00+09:00,2480.0,2480.0,2300.0,2385.0,22,0.0,0.0,0.0
2022-07-15 00:00:00+09:00,2400.0,2450.0,2360.0,2360.0,66,0.0,0.0,0.0
2022-07-18 00:00:00+09:00,2450.0,2450.0,2010.0,2010.0,921,0.0,0.0,0.0
2022-07-19 00:00:00+09:00,2000.0,2000.0,1710.0,1710.0,4016,0.0,0.0,0.0
2022-07-20 00:00:00+09:00,1900.0,1950.0,1700.0,1895.0,783,0.0,0.0,0.0
2022-07-21 00:00:00+09:00,1895.0,2170.0,1615.0,1615.0,18494,0.0,0.0,0.0
2022-07-22 00:00:00+09:00,1650.0,1750.0,1375.0,1680.0,20276,0.0,0.0,0.0
2022-07-25 00:00:00+09:00,1680.0,1680.0,1430.0,1535.0,5194,0.0,0.0,0.0
2022-07-26 00:00:00+09:00,1600.0,1650.0,1500.0,1600.0,456,0.0,0.0,0.0
2022-07-27 00:00:00+09:00,1700.0,1700.0,1700.0,1700.0,2,0.0,0.0,0.0
2022-07-28 00:00:00+09:00,1900.0,1900.0,1600.0,1600.0,178,0.0,0.0,0.0
2022-07-29 00:00:00+09:00,1695.0,1695.0,1695.0,1695.0,6,0.0,0.0,0.0
2022-08-01 00:00:00+09:00,1700.0,1800.0,1700.0,1795.0,191,0.0,0.0,0.0
2022-08-02 00:00:00+09:00,1800.0,1985.0,1600.0,1850.0,264,0.0,0.0,0.0
2022-08-03 00:00:00+09:00,1850.0,2070.0,1600.0,1750.0,1228,0.0,0.0,0.0
2022-08-04 00:00:00+09:00,1750.0,1800.0,1700.0,1800.0,212,0.0,0.0,0.0
2022-08-05 00:00:00+09:00,1700.0,2000.0,1700.0,2000.0,750,0.0,0.0,0.0
2022-08-08 00:00:00+09:00,2090.0,2090.0,1700.0,1800.0,1048,0.0,0.0,0.0
2022-08-09 00:00:00+09:00,1745.0,1745.0,1745.0,1745.0,73,0.0,0.0,0.0
2022-08-10 00:00:00+09:00,1745.0,1745.0,1745.0,1745.0,0,0.0,0.0,0.0
2022-08-11 00:00:00+09:00,1735.0,1740.0,1700.0,1740.0,316,0.0,0.0,0.0
2022-08-12 00:00:00+09:00,1800.0,1990.0,1800.0,1980.0,62,0.0,0.0,0.0
2022-08-16 00:00:00+09:00,1710.0,1895.0,1700.0,1780.0,2482,0.0,0.0,0.0
2022-08-17 00:00:00+09:00,1770.0,1770.0,1700.0,1770.0,240,0.0,0.0,0.0
2022-08-18 00:00:00+09:00,1800.0,1995.0,1800.0,1800.0,106,0.0,0.0,0.0
2022-08-19 00:00:00+09:00,1750.0,1750.0,1700.0,1750.0,600,0.0,0.0,0.0
2022-08-22 00:00:00+09:00,1600.0,1700.0,1600.0,1700.0,189,0.0,0.0,0.0
2022-08-23 00:00:00+09:00,1700.0,1900.0,1700.0,1700.0,693,0.0,0.0,0.0
2022-08-24 00:00:00+09:00,1800.0,1950.0,1700.0,1900.0,230,0.0,0.0,0.0
2022-08-25 00:00:00+09:00,1900.0,1995.0,1900.0,1985.0,16,0.0,0.0,0.0
2022-08-26 00:00:00+09:00,2000.0,2095.0,1900.0,2085.0,539,0.0,0.0,0.0
2022-08-29 00:00:00+09:00,2100.0,2395.0,1900.0,2200.0,2075,0.0,0.0,0.0
2022-08-30 00:00:00+09:00,2200.0,2300.0,2045.0,2090.0,226,0.0,0.0,0.0
2022-08-31 00:00:00+09:00,2200.0,2250.0,1785.0,1945.0,1547,0.0,0.0,0.0
2022-09-01 00:00:00+09:00,1925.0,1925.0,1700.0,1900.0,15971,0.0,0.0,0.0
2022-09-02 00:00:00+09:00,1900.0,1995.0,1900.0,1975.0,15,0.0,0.0,0.0
2022-09-05 00:00:00+09:00,2000.0,2200.0,1800.0,2000.0,54,0.0,0.0,0.0
2022-09-06 00:00:00+09:00,1900.0,1995.0,1800.0,1800.0,21,0.0,0.0,0.0
2022-09-07 00:00:00+09:00,1900.0,1995.0,1565.0,1895.0,1093,0.0,0.0,0.0
2022-09-08 00:00:00+09:00,1705.0,2170.0,1615.0,1685.0,7730,0.0,0.0,0.0
2022-09-13 00:00:00+09:00,1745.0,1745.0,1745.0,1745.0,10,0.0,0.0,0.0
2022-09-14 00:00:00+09:00,1800.0,1900.0,1650.0,1900.0,2220,0.0,0.0,0.0
2022-09-15 00:00:00+09:00,1700.0,1870.0,1700.0,1870.0,1513,0.0,0.0,0.0
2022-09-16 00:00:00+09:00,1700.0,1795.0,1700.0,1795.0,11,0.0,0.0,0.0
2022-09-19 00:00:00+09:00,1795.0,2000.0,1795.0,1950.0,72,0.0,0.0,0.0
2022-09-20 00:00:00+09:00,1895.0,1990.0,1670.0,1945.0,162,0.0,0.0,0.0
2022-09-21 00:00:00+09:00,1945.0,2100.0,1900.0,1985.0,100,0.0,0.0,0.0
2022-09-22 00:00:00+09:00,1800.0,2000.0,1700.0,1945.0,3465,0.0,0.0,0.0
2022-09-23 00:00:00+09:00,1800.0,1895.0,1800.0,1895.0,15,0.0,0.0,0.0
2022-09-26 00:00:00+09:00,1900.0,1900.0,1700.0,1800.0,180,0.0,0.0,0.0
2022-09-27 00:00:00+09:00,1900.0,2000.0,1700.0,1700.0,52,0.0,0.0,0.0
2022-09-28 00:00:00+09:00,1800.0,1895.0,1700.0,1700.0,36,0.0,0.0,0.0
2022-09-29 00:00:00+09:00,1750.0,1750.0,1700.0,1740.0,132,0.0,0.0,0.0
2022-09-30 00:00:00+09:00,1800.0,1895.0,1700.0,1800.0,39,0.0,0.0,0.0
2022-10-04 00:00:00+09:00,1800.0,2050.0,1800.0,2000.0,42,0.0,0.0,0.0
2022-10-05 00:00:00+09:00,1800.0,1945.0,1800.0,1945.0,10,0.0,0.0,0.0
2022-10-06 00:00:00+09:00,1895.0,1895.0,1895.0,1895.0,30,0.0,0.0,0.0
2022-10-07 00:00:00+09:00,1900.0,2170.0,1800.0,1895.0,75,0.0,0.0,0.0
2022-10-11 00:00:00+09:00,1895.0,1895.0,1700.0,1895.0,12,0.0,0.0,0.0
2022-10-12 00:00:00+09:00,1800.0,1890.0,1800.0,1890.0,11,0.0,0.0,0.0
2022-10-13 00:00:00+09:00,1900.0,1995.0,1650.0,1890.0,103,0.0,0.0,0.0
2022-10-14 00:00:00+09:00,1895.0,1895.0,1895.0,1895.0,1,0.0,0.0,0.0
2022-10-17 00:00:00+09:00,1890.0,1890.0,1750.0,1845.0,7,0.0,0.0,0.0
2022-10-18 00:00:00+09:00,1800.0,1800.0,1800.0,1800.0,21,0.0,0.0,0.0
2022-10-19 00:00:00+09:00,1900.0,1995.0,1800.0,1900.0,22,0.0,0.0,0.0
2022-10-20 00:00:00+09:00,1900.0,1900.0,1900.0,1900.0,0,0.0,0.0,0.0
2022-10-21 00:00:00+09:00,1895.0,1895.0,1895.0,1895.0,1,0.0,0.0,0.0
2022-10-24 00:00:00+09:00,1895.0,1895.0,1895.0,1895.0,0,0.0,0.0,0.0
2022-10-25 00:00:00+09:00,1895.0,1895.0,1885.0,1885.0,2,0.0,0.0,0.0
2022-10-26 00:00:00+09:00,1895.0,1895.0,1895.0,1895.0,1,0.0,0.0,0.0
2022-10-27 00:00:00+09:00,1900.0,1995.0,1900.0,1995.0,11,0.0,0.0,0.0
2022-10-28 00:00:00+09:00,1995.0,1995.0,1995.0,1995.0,31,0.0,0.0,0.0
2022-10-31 00:00:00+09:00,2000.0,2000.0,1700.0,1705.0,1579,0.0,0.0,0.0
2022-11-01 00:00:00+09:00,1875.0,1875.0,1700.0,1700.0,10,0.0,0.0,0.0
2022-11-02 00:00:00+09:00,1800.0,1800.0,1800.0,1800.0,1,0.0,0.0,0.0
2022-11-03 00:00:00+09:00,1900.0,1900.0,1900.0,1900.0,1,0.0,0.0,0.0
2022-11-04 00:00:00+09:00,1850.0,1850.0,1850.0,1850.0,1,0.0,0.0,0.0
2022-11-07 00:00:00+09:00,1850.0,1850.0,1850.0,1850.0,0,0.0,0.0,0.0
2022-11-08 00:00:00+09:00,1900.0,1900.0,1800.0,1800.0,23,0.0,0.0,0.0
2022-11-09 00:00:00+09:00,1800.0,1800.0,1800.0,1800.0,0,0.0,0.0,0.0
2022-11-10 00:00:00+09:00,1700.0,1750.0,1700.0,1750.0,33,0.0,0.0,0.0
2022-11-11 00:00:00+09:00,1750.0,1750.0,1750.0,1750.0,0,0.0,0.0,0.0
2022-11-14 00:00:00+09:00,1800.0,2000.0,1800.0,1800.0,50,0.0,0.0,0.0
2022-11-15 00:00:00+09:00,1900.0,2000.0,1800.0,1800.0,3882,0.0,0.0,0.0
2022-11-16 00:00:00+09:00,1800.0,1800.0,1800.0,1800.0,0,0.0,0.0,0.0
2022-11-17 00:00:00+09:00,1750.0,1750.0,1750.0,1750.0,1,0.0,0.0,0.0
2022-11-18 00:00:00+09:00,1900.0,1900.0,1900.0,1900.0,1,0.0,0.0,0.0
2022-11-21 00:00:00+09:00,1795.0,1795.0,1795.0,1795.0,26,0.0,0.0,0.0
2022-11-22 00:00:00+09:00,1900.0,2060.0,1890.0,1895.0,627,0.0,0.0,0.0
2022-11-23 00:00:00+09:00,1990.0,1990.0,1625.0,1945.0,156,0.0,0.0,0.0
2022-11-24 00:00:00+09:00,1945.0,1945.0,1945.0,1945.0,0,0.0,0.0,0.0
2022-11-25 00:00:00+09:00,1945.0,1945.0,1945.0,1945.0,0,0.0,0.0,0.0
2022-11-28 00:00:00+09:00,1795.0,1795.0,1795.0,1795.0,1,0.0,0.0,0.0
2022-11-29 00:00:00+09:00,1750.0,1750.0,1750.0,1750.0,1,0.0,0.0,0.0
2022-11-30 00:00:00+09:00,1800.0,1800.0,1515.0,1740.0,1377,0.0,0.0,0.0
2022-12-01 00:00:00+09:00,1800.0,1895.0,1690.0,1885.0,2033,0.0,0.0,0.0
2022-12-02 00:00:00+09:00,2165.0,2165.0,2095.0,2095.0,2,0.0,0.0,0.0
2022-12-05 00:00:00+09:00,1895.0,1895.0,1895.0,1895.0,2,0.0,0.0,0.0
2022-12-06 00:00:00+09:00,1900.0,2100.0,1700.0,1800.0,118,0.0,0.0,0.0
2022-12-07 00:00:00+09:00,1990.0,1990.0,1800.0,1965.0,3,0.0,0.0,0.0
2022-12-08 00:00:00+09:00,1800.0,1990.0,1800.0,1955.0,60,0.0,0.0,0.0
2022-12-09 00:00:00+09:00,1990.0,1990.0,1675.0,1975.0,256,0.0,0.0,0.0
2022-12-12 00:00:00+09:00,1960.0,1960.0,1955.0,1955.0,3,0.0,0.0,0.0
2022-12-13 00:00:00+09:00,1800.0,1990.0,1800.0,1970.0,17,0.0,0.0,0.0
2022-12-14 00:00:00+09:00,1970.0,1995.0,1970.0,1995.0,11,0.0,0.0,0.0
2022-12-15 00:00:00+09:00,1800.0,1970.0,1800.0,1970.0,22,0.0,0.0,0.0
2022-12-16 00:00:00+09:00,1985.0,1985.0,1980.0,1980.0,3,0.0,0.0,0.0
2022-12-19 00:00:00+09:00,1995.0,1995.0,1995.0,1995.0,1,0.0,0.0,0.0
2022-12-20 00:00:00+09:00,2000.0,2290.0,1900.0,1900.0,57,0.0,0.0,0.0
2022-12-21 00:00:00+09:00,1900.0,1900.0,1900.0,1900.0,10,0.0,0.0,0.0
2022-12-22 00:00:00+09:00,1800.0,1885.0,1800.0,1885.0,11,0.0,0.0,0.0
2022-12-23 00:00:00+09:00,1895.0,2160.0,1895.0,2000.0,252,0.0,0.0,0.0
2022-12-26 00:00:00+09:00,2000.0,2300.0,2000.0,2180.0,93,0.0,0.0,0.0
2022-12-27 00:00:00+09:00,2000.0,2000.0,2000.0,2000.0,11,0.0,0.0,0.0
2022-12-28 00:00:00+09:00,2100.0,2200.0,2000.0,2095.0,72,0.0,0.0,0.0
2022-12-29 00:00:00+09:00,2100.0,2100.0,1785.0,2095.0,72,0.0,0.0,0.0
2023-01-02 00:00:00+09:00,1900.0,2100.0,1900.0,2100.0,71,0.0,0.0,0.0
2023-01-03 00:00:00+09:00,2100.0,2100.0,1900.0,1900.0,11,0.0,0.0,0.0
2023-01-04 00:00:00+09:00,2000.0,2000.0,2000.0,2000.0,2,0.0,0.0,0.0
2023-01-05 00:00:00+09:00,2000.0,2100.0,1900.0,1900.0,19,0.0,0.0,0.0
2023-01-06 00:00:00+09:00,1900.0,2095.0,1900.0,2050.0,41,0.0,0.0,0.0
2023-01-09 00:00:00+09:00,2000.0,2100.0,1900.0,2000.0,23,0.0,0.0,0.0
2023-01-10 00:00:00+09:00,2000.0,2000.0,2000.0,2000.0,21,0.0,0.0,0.0
2023-01-11 00:00:00+09:00,2000.0,2100.0,1900.0,1900.0,21,0.0,0.0,0.0
2023-01-12 00:00:00+09:00,2000.0,2180.0,2000.0,2100.0,32,0.0,0.0,0.0
2023-01-13 00:00:00+09:00,2100.0,2200.0,2000.0,2100.0,42,0.0,0.0,0.0
2023-01-16 00:00:00+09:00,2100.0,2100.0,2100.0,2100.0,1,0.0,0.0,0.0
2023-01-17 00:00:00+09:00,2085.0,2100.0,2085.0,2100.0,138,0.0,0.0,0.0
2023-01-18 00:00:00+09:00,2100.0,2100.0,2100.0,2100.0,0,0.0,0.0,0.0
2023-01-19 00:00:00+09:00,2100.0,2400.0,2000.0,2000.0,81,0.0,0.0,0.0
2023-01-20 00:00:00+09:00,2100.0,2290.0,2000.0,2000.0,43,0.0,0.0,0.0
2023-01-25 00:00:00+09:00,2000.0,2000.0,2000.0,2000.0,2789,0.0,0.0,0.0
2023-01-26 00:00:00+09:00,1950.0,1950.0,1900.0,1940.0,12,0.0,0.0,0.0
2023-01-27 00:00:00+09:00,1980.0,1980.0,1980.0,1980.0,6,0.0,0.0,0.0
2023-01-30 00:00:00+09:00,1980.0,1980.0,1980.0,1980.0,0,0.0,0.0,0.0
2023-01-31 00:00:00+09:00,2000.0,2000.0,2000.0,2000.0,1,0.0,0.0,0.0
2023-02-01 00:00:00+09:00,1800.0,1900.0,1800.0,1900.0,11,0.0,0.0,0.0
2023-02-02 00:00:00+09:00,1900.0,2180.0,1900.0,1950.0,63,0.0,0.0,0.0
2023-02-03 00:00:00+09:00,1899.0,1899.0,1899.0,1899.0,300,0.0,0.0,0.0
2023-02-06 00:00:00+09:00,2000.0,2180.0,1900.0,1900.0,351,0.0,0.0,0.0
2023-02-07 00:00:00+09:00,1945.0,1945.0,1945.0,1945.0,1,0.0,0.0,0.0
2023-02-08 00:00:00+09:00,2000.0,2000.0,2000.0,2000.0,1,0.0,0.0,0.0
2023-02-09 00:00:00+09:00,2000.0,2000.0,2000.0,2000.0,1,0.0,0.0,0.0
2023-02-10 00:00:00+09:00,1885.0,1885.0,1885.0,1885.0,311,0.0,0.0,0.0
2023-02-13 00:00:00+09:00,1885.0,1885.0,1885.0,1885.0,3,0.0,0.0,0.0
2023-02-14 00:00:00+09:00,1875.0,2165.0,1800.0,2165.0,19711,0.0,0.0,0.0
2023-02-15 00:00:00+09:00,2100.0,2400.0,1900.0,1900.0,2552,0.0,0.0,0.0
2023-02-16 00:00:00+09:00,1880.0,1880.0,1880.0,1880.0,27,0.0,0.0,0.0
2023-02-17 00:00:00+09:00,1880.0,1880.0,1880.0,1880.0,0,0.0,0.0,0.0
2023-02-20 00:00:00+09:00,1885.0,1885.0,1885.0,1885.0,1,0.0,0.0,0.0
2023-02-21 00:00:00+09:00,1870.0,1885.0,1870.0,1885.0,860,0.0,0.0,0.0
2023-02-22 00:00:00+09:00,1885.0,2100.0,1885.0,1900.0,355,0.0,0.0,0.0
2023-02-23 00:00:00+09:00,2000.0,2000.0,2000.0,2000.0,1,0.0,0.0,0.0
2023-02-24 00:00:00+09:00,1999.0,2250.0,1900.0,2000.0,152,0.0,0.0,0.0
2023-02-27 00:00:00+09:00,1800.0,1884.0,1711.0,1884.0,169,0.0,0.0,0.0
2023-02-28 00:00:00+09:00,1885.0,1885.0,1885.0,1885.0,1,0.0,0.0,0.0
2023-03-02 00:00:00+09:00,1885.0,1885.0,1885.0,1885.0,0,0.0,0.0,0.0
2023-03-03 00:00:00+09:00,1884.0,2000.0,1884.0,1999.0,526,0.0,0.0,0.0
2023-03-06 00:00:00+09:00,2295.0,2295.0,2295.0,2295.0,1,0.0,0.0,0.0
2023-03-07 00:00:00+09:00,2295.0,2295.0,2295.0,2295.0,0,0.0,0.0,0.0
2023-03-08 00:00:00+09:00,2295.0,2295.0,2295.0,2295.0,0,0.0,0.0,0.0
2023-03-09 00:00:00+09:00,2000.0,2000.0,1800.0,1899.0,43,0.0,0.0,0.0
2023-03-10 00:00:00+09:00,1899.0,1899.0,1800.0,1885.0,16,0.0,0.0,0.0
2023-03-13 00:00:00+09:00,1895.0,1895.0,1895.0,1895.0,1,0.0,0.0,0.0
2023-03-14 00:00:00+09:00,1899.0,1899.0,1899.0,1899.0,1,0.0,0.0,0.0
2023-03-15 00:00:00+09:00,1899.0,1899.0,1615.0,1700.0,292,0.0,0.0,0.0
2023-03-16 00:00:00+09:00,1800.0,1955.0,1800.0,1955.0,872,0.0,0.0,0.0
2023-03-17 00:00:00+09:00,2100.0,2245.0,1700.0,2105.0,1800,0.0,0.0,0.0
2023-03-20 00:00:00+09:00,1800.0,1999.0,1800.0,1999.0,22,0.0,0.0,0.0
2023-03-21 00:00:00+09:00,2000.0,2145.0,2000.0,2000.0,197,0.0,0.0,0.0
2023-03-22 00:00:00+09:00,1900.0,2000.0,1900.0,1998.0,12,0.0,0.0,0.0
2023-03-23 00:00:00+09:00,1999.0,1999.0,1994.0,1994.0,7,0.0,0.0,0.0
2023-03-24 00:00:00+09:00,2000.0,2200.0,1998.0,1998.0,36,0.0,0.0,0.0
2023-03-27 00:00:00+09:00,1900.0,1997.0,1800.0,1996.0,95,0.0,0.0,0.0
2023-03-28 00:00:00+09:00,1999.0,1999.0,1999.0,1999.0,1,0.0,0.0,0.0
2023-03-29 00:00:00+09:00,1800.0,1998.0,1800.0,1998.0,121,0.0,0.0,0.0
2023-03-30 00:00:00+09:00,1999.0,1999.0,1730.0,1899.0,1567,0.0,0.0,0.0
2023-03-31 00:00:00+09:00,1900.0,1900.0,1730.0,1874.0,409,0.0,0.0,0.0
2023-04-03 00:00:00+09:00,1900.0,2100.0,1899.0,1899.0,38,0.0,0.0,0.0
2023-04-04 00:00:00+09:00,1999.0,1999.0,1850.0,1850.0,539,0.0,0.0,0.0
2023-04-05 00:00:00+09:00,2000.0,2000.0,1650.0,1899.0,1893,0.0,0.0,0.0
2023-04-06 00:00:00+09:00,1800.0,1899.0,1800.0,1879.0,24,0.0,0.0,0.0
2023-04-07 00:00:00+09:00,1849.0,1849.0,1839.0,1839.0,148,0.0,0.0,0.0
2023-04-10 00:00:00+09:00,2100.0,2100.0,1731.0,2055.0,42,0.0,0.0,0.0
2023-04-11 00:00:00+09:00,1750.0,2000.0,1750.0,1848.0,2135,0.0,0.0,0.0
2023-04-12 00:00:00+09:00,1844.0,1844.0,1844.0,1844.0,30,0.0,0.0,0.0
2023-04-13 00:00:00+09:00,1839.0,1839.0,1839.0,1839.0,37,0.0,0.0,0.0
2023-04-14 00:00:00+09:00,1899.0,1899.0,1897.0,1897.0,201,0.0,0.0,0.0
2023-04-17 00:00:00+09:00,1880.0,1880.0,1850.0,1850.0,120,0.0,0.0,0.0
2023-04-18 00:00:00+09:00,1850.0,1850.0,1731.0,1731.0,33,0.0,0.0,0.0
2023-04-19 00:00:00+09:00,1840.0,1840.0,1794.0,1794.0,116,0.0,0.0,0.0
2023-04-20 00:00:00+09:00,1790.0,1790.0,1790.0,1790.0,73,0.0,0.0,0.0
2023-04-21 00:00:00+09:00,1849.0,1849.0,1700.0,1800.0,13,0.0,0.0,0.0
2023-04-24 00:00:00+09:00,1800.0,1800.0,1800.0,1800.0,0,0.0,0.0,0.0
2023-04-25 00:00:00+09:00,1800.0,1800.0,1800.0,1800.0,1,0.0,0.0,0.0
2023-04-26 00:00:00+09:00,1800.0,2070.0,1800.0,1800.0,53,0.0,0.0,0.0
2023-04-27 00:00:00+09:00,1900.0,1950.0,1800.0,1800.0,74,0.0,0.0,0.0
2023-04-28 00:00:00+09:00,1900.0,1990.0,1800.0,1980.0,442,0.0,0.0,0.0
2023-05-02 00:00:00+09:00,1870.0,1870.0,1800.0,1870.0,38,0.0,0.0,0.0
2023-05-03 00:00:00+09:00,1900.0,1940.0,1870.0,1870.0,13,0.0,0.0,0.0
2023-05-04 00:00:00+09:00,1800.0,1869.0,1800.0,1869.0,2,0.0,0.0,0.0
2023-05-08 00:00:00+09:00,1900.0,1900.0,1800.0,1899.0,22,0.0,0.0,0.0
2023-05-09 00:00:00+09:00,1900.0,1990.0,1900.0,1990.0,61,0.0,0.0,0.0
2023-05-10 00:00:00+09:00,1900.0,1900.0,1900.0,1900.0,4,0.0,0.0,0.0
2023-05-11 00:00:00+09:00,2000.0,2000.0,1620.0,1799.0,3734,0.0,0.0,0.0
2023-05-12 00:00:00+09:00,1898.0,1898.0,1699.0,1699.0,2187,0.0,0.0,0.0
2023-05-15 00:00:00+09:00,1699.0,1699.0,1699.0,1699.0,128,0.0,0.0,0.0
2023-05-16 00:00:00+09:00,1699.0,1699.0,1699.0,1699.0,2,0.0,0.0,0.0
2023-05-17 00:00:00+09:00,1800.0,1874.0,1700.0,1700.0,23,0.0,0.0,0.0
2023-05-18 00:00:00+09:00,1799.0,1799.0,1799.0,1799.0,1,0.0,0.0,0.0
2023-05-19 00:00:00+09:00,1749.0,1749.0,1749.0,1749.0,101,0.0,0.0,0.0
2023-05-22 00:00:00+09:00,1790.0,1790.0,1699.0,1699.0,6,0.0,0.0,0.0
2023-05-23 00:00:00+09:00,1800.0,1800.0,1699.0,1699.0,28,0.0,0.0,0.0
2023-05-24 00:00:00+09:00,1730.0,1730.0,1699.0,1699.0,2,0.0,0.0,0.0
2023-05-25 00:00:00+09:00,1698.0,1698.0,1600.0,1669.0,871,0.0,0.0,0.0
2023-05-26 00:00:00+09:00,1700.0,1799.0,1700.0,1799.0,11,0.0,0.0,0.0
2023-05-30 00:00:00+09:00,1800.0,1800.0,1700.0,1700.0,1137,0.0,0.0,0.0
2023-05-31 00:00:00+09:00,1700.0,1700.0,1700.0,1700.0,0,0.0,0.0,0.0
2023-06-01 00:00:00+09:00,1601.0,1689.0,1600.0,1675.0,1231,0.0,0.0,0.0
2023-06-02 00:00:00+09:00,1695.0,1695.0,1694.0,1695.0,1001,0.0,0.0,0.0
2023-06-05 00:00:00+09:00,1700.0,1850.0,1695.0,1695.0,41,0.0,0.0,0.0
2023-06-07 00:00:00+09:00,1800.0,1875.0,1700.0,1700.0,122,0.0,0.0,0.0
2023-06-08 00:00:00+09:00,1695.0,1695.0,1695.0,1695.0,21,0.0,0.0,0.0
2023-06-09 00:00:00+09:00,1800.0,1850.0,1601.0,1679.0,18325,0.0,0.0,0.0
2023-06-12 00:00:00+09:00,1799.0,1799.0,1799.0,1799.0,1,0.0,0.0,0.0
2023-06-13 00:00:00+09:00,1799.0,1799.0,1799.0,1799.0,0,0.0,0.0,0.0
2023-06-14 00:00:00+09:00,1684.0,1684.0,1571.0,1640.0,2690,0.0,0.0,0.0
2023-06-15 00:00:00+09:00,1700.0,1799.0,1700.0,1799.0,11,0.0,0.0,0.0
2023-06-16 00:00:00+09:00,1649.0,1649.0,1649.0,1649.0,13,0.0,0.0,0.0
2023-06-19 00:00:00+09:00,1800.0,1890.0,1700.0,1700.0,26,0.0,0.0,0.0
2023-06-20 00:00:00+09:00,1799.0,1799.0,1799.0,1799.0,1,0.0,0.0,0.0
2023-06-21 00:00:00+09:00,1600.0,1690.0,1600.0,1690.0,2,0.0,0.0,0.0
2023-06-22 00:00:00+09:00,1800.0,1850.0,1690.0,1690.0,1021,0.0,0.0,0.0
2023-06-23 00:00:00+09:00,1674.0,1674.0,1674.0,1674.0,1,0.0,0.0,0.0
2023-06-26 00:00:00+09:00,1800.0,1894.0,1600.0,1669.0,142,0.0,0.0,0.0
2023-06-27 00:00:00+09:00,1700.0,1900.0,1600.0,1679.0,34,0.0,0.0,0.0
2023-06-28 00:00:00+09:00,1650.0,1650.0,1600.0,1630.0,684,0.0,0.0,0.0
2023-06-29 00:00:00+09:00,1699.0,1699.0,1560.0,1599.0,1674,0.0,0.0,0.0
2023-06-30 00:00:00+09:00,1699.0,1838.0,1561.0,1620.0,38692,0.0,0.0,0.0
2023-07-03 00:00:00+09:00,1690.0,1690.0,1550.0,1600.0,5486,0.0,0.0,0.0
2023-07-04 00:00:00+09:00,1700.0,1700.0,1501.0,1549.0,9070,0.0,0.0,0.0
2023-07-05 00:00:00+09:00,1500.0,1698.0,1500.0,1580.0,5611,0.0,0.0,0.0
2023-07-06 00:00:00+09:00,1580.0,1580.0,1580.0,1580.0,0,0.0,0.0,0.0
2023-07-07 00:00:00+09:00,1599.0,1599.0,1500.0,1520.0,2658,0.0,0.0,0.0
2023-07-10 00:00:00+09:00,1560.0,1560.0,1416.0,1518.0,43,0.0,0.0,0.0
2023-07-11 00:00:00+09:00,1745.0,1745.0,1440.0,1549.0,17,0.0,0.0,0.0
2023-07-12 00:00:00+09:00,1699.0,1699.0,1699.0,1699.0,1,0.0,0.0,0.0
2023-07-13 00:00:00+09:00,1500.0,1698.0,1456.0,1518.0,2269,0.0,0.0,0.0
2023-07-14 00:00:00+09:00,1517.0,1518.0,1517.0,1517.0,1033,0.0,0.0,0.0
2023-07-17 00:00:00+09:00,1600.0,1700.0,1430.0,1548.0,86,0.0,0.0,0.0
2023-07-18 00:00:00+09:00,1500.0,1545.0,1500.0,1544.0,967,0.0,0.0,0.0
2023-07-19 00:00:00+09:00,1519.0,1519.0,1425.0,1519.0,139,0.0,0.0,0.0
2023-07-20 00:00:00+09:00,1518.0,1518.0,1518.0,1518.0,6,0.0,0.0,0.0
2023-07-21 00:00:00+09:00,1401.0,1500.0,1401.0,1499.0,42,0.0,0.0,0.0
2023-07-24 00:00:00+09:00,1400.0,1494.0,1317.0,1351.0,1464,0.0,0.0,0.0
2023-07-25 00:00:00+09:00,1480.0,1480.0,1475.0,1475.0,68,0.0,0.0,0.0
2023-07-26 00:00:00+09:00,1500.0,1691.0,1500.0,1500.0,51,0.0,0.0,0.0
2023-07-27 00:00:00+09:00,1490.0,1490.0,1400.0,1490.0,643,0.0,0.0,0.0
2023-07-28 00:00:00+09:00,1390.0,1479.0,1316.0,1478.0,472,0.0,0.0,0.0
2023-07-31 00:00:00+09:00,1498.0,1498.0,1498.0,1498.0,1,0.0,0.0,0.0
2023-08-01 00:00:00+09:00,1498.0,1498.0,1498.0,1498.0,0,0.0,0.0,0.0
2023-08-02 00:00:00+09:00,1400.0,1480.0,1400.0,1480.0,531,0.0,0.0,0.0
2023-08-03 00:00:00+09:00,1480.0,1480.0,1480.0,1480.0,0,0.0,0.0,0.0
2023-08-04 00:00:00+09:00,1390.0,1449.0,1321.0,1449.0,134,0.0,0.0,0.0
2023-08-07 00:00:00+09:00,1459.0,1459.0,1459.0,1459.0,1,0.0,0.0,0.0
2023-08-08 00:00:00+09:00,1459.0,1459.0,1459.0,1459.0,0,0.0,0.0,0.0
2023-08-09 00:00:00+09:00,1436.0,1436.0,1436.0,1436.0,19,0.0,0.0,0.0
2023-08-10 00:00:00+09:00,1436.0,1436.0,1436.0,1436.0,0,0.0,0.0,0.0
2023-08-11 00:00:00+09:00,1499.0,1499.0,1390.0,1390.0,44,0.0,0.0,0.0
2023-08-14 00:00:00+09:00,1459.0,1459.0,1459.0,1459.0,1,0.0,0.0,0.0
2023-08-16 00:00:00+09:00,1500.0,1659.0,1500.0,1589.0,97,0.0,0.0,0.0
2023-08-17 00:00:00+09:00,1600.0,1700.0,1445.0,1445.0,51,0.0,0.0,0.0
2023-08-18 00:00:00+09:00,1600.0,1660.0,1500.0,1597.0,3182,0.0,0.0,0.0
2023-08-21 00:00:00+09:00,1549.0,1549.0,1549.0,1549.0,3,0.0,0.0,0.0
2023-08-22 00:00:00+09:00,1600.0,1700.0,1600.0,1699.0,14,0.0,0.0,0.0
2023-08-23 00:00:00+09:00,1700.0,1750.0,1600.0,1700.0,23,0.0,0.0,0.0
2023-08-24 00:00:00+09:00,1700.0,1700.0,1700.0,1700.0,1,0.0,0.0,0.0
2023-08-25 00:00:00+09:00,1689.0,1689.0,1540.0,1689.0,223,0.0,0.0,0.0
2023-08-28 00:00:00+09:00,1750.0,1750.0,1750.0,1750.0,1,0.0,0.0,0.0
2023-08-29 00:00:00+09:00,1700.0,2000.0,1700.0,1750.0,489,0.0,0.0,0.0
2023-08-30 00:00:00+09:00,1600.0,1749.0,1500.0,1699.0,561,0.0,0.0,0.0
2023-08-31 00:00:00+09:00,1618.0,1618.0,1618.0,1618.0,1,0.0,0.0,0.0
2023-09-01 00:00:00+09:00,1700.0,1860.0,1537.0,1595.0,55,0.0,0.0,0.0
2023-09-04 00:00:00+09:00,1500.0,1592.0,1500.0,1587.0,3,0.0,0.0,0.0
2023-09-05 00:00:00+09:00,1599.0,1599.0,1500.0,1597.0,3,0.0,0.0,0.0
2023-09-06 00:00:00+09:00,1699.0,1699.0,1520.0,1696.0,22,0.0,0.0,0.0
2023-09-07 00:00:00+09:00,1800.0,1800.0,1798.0,1798.0,2,0.0,0.0,0.0
2023-09-08 00:00:00+09:00,1529.0,1529.0,1529.0,1529.0,265,0.0,0.0,0.0
2023-09-11 00:00:00+09:00,1600.0,1600.0,1350.0,1499.0,821,0.0,0.0,0.0
2023-09-12 00:00:00+09:00,1500.0,1699.0,1500.0,1598.0,82,0.0,0.0,0.0
2023-09-13 00:00:00+09:00,1500.0,1546.0,1500.0,1546.0,11,0.0,0.0,0.0
2023-09-14 00:00:00+09:00,1599.0,1599.0,1520.0,1594.0,34,0.0,0.0,0.0
2023-09-15 00:00:00+09:00,1598.0,1598.0,1598.0,1598.0,67,0.0,0.0,0.0
2023-09-18 00:00:00+09:00,1594.0,1594.0,1500.0,1594.0,12,0.0,0.0,0.0
2023-09-19 00:00:00+09:00,1599.0,1599.0,1599.0,1599.0,798,0.0,0.0,0.0
2023-09-20 00:00:00+09:00,1420.0,1589.0,1420.0,1589.0,7,0.0,0.0,0.0
2023-09-21 00:00:00+09:00,1548.0,1548.0,1548.0,1548.0,1,0.0,0.0,0.0
2023-09-22 00:00:00+09:00,1599.0,1780.0,1599.0,1600.0,139,0.0,0.0,0.0
2023-09-25 00:00:00+09:00,1600.0,1600.0,1600.0,1600.0,0,0.0,0.0,0.0
2023-09-26 00:00:00+09:00,1700.0,1780.0,1550.0,1550.0,87,0.0,0.0,0.0
2023-09-27 00:00:00+09:00,1700.0,1700.0,1550.0,1700.0,240,0.0,0.0,0.0
2023-10-04 00:00:00+09:00,1700.0,1700.0,1451.0,1700.0,129,0.0,0.0,0.0
2023-10-05 00:00:00+09:00,1800.0,1950.0,1800.0,1800.0,42,0.0,0.0,0.0
2023-10-06 00:00:00+09:00,1900.0,1900.0,1700.0,1790.0,54,0.0,0.0,0.0
2023-10-10 00:00:00+09:00,1900.0,1900.0,1894.0,1894.0,2,0.0,0.0,0.0
2023-10-11 00:00:00+09:00,1900.0,1900.0,1700.0,1897.0,4,0.0,0.0,0.0
2023-10-12 00:00:00+09:00,1945.0,1945.0,1800.0,1900.0,23,0.0,0.0,0.0
2023-10-13 00:00:00+09:00,1900.0,1900.0,1900.0,1900.0,0,0.0,0.0,0.0
2023-10-16 00:00:00+09:00,1900.0,1900.0,1900.0,1900.0,0,0.0,0.0,0.0
2023-10-17 00:00:00+09:00,1900.0,1900.0,1605.0,1605.0,234,0.0,0.0,0.0
2023-10-18 00:00:00+09:00,1700.0,1799.0,1700.0,1790.0,66,0.0,0.0,0.0
2023-10-19 00:00:00+09:00,1800.0,2050.0,1799.0,1799.0,497,0.0,0.0,0.0
2023-10-20 00:00:00+09:00,1900.0,2000.0,1800.0,1800.0,164,0.0,0.0,0.0
2023-10-23 00:00:00+09:00,1900.0,1900.0,1874.0,1874.0,6,0.0,0.0,0.0
2023-10-24 00:00:00+09:00,1700.0,1900.0,1700.0,1799.0,32,0.0,0.0,0.0
2023-10-25 00:00:00+09:00,1800.0,1800.0,1705.0,1800.0,8,0.0,0.0,0.0
2023-10-26 00:00:00+09:00,1900.0,1900.0,1800.0,1800.0,6,0.0,0.0,0.0
2023-10-27 00:00:00+09:00,1900.0,2070.0,1900.0,1995.0,178,0.0,0.0,0.0
2023-10-30 00:00:00+09:00,1990.0,1990.0,1799.0,1799.0,15,0.0,0.0,0.0
2023-10-31 00:00:00+09:00,1899.0,1899.0,1798.0,1798.0,4,0.0,0.0,0.0
2023-11-01 00:00:00+09:00,1898.0,1898.0,1868.0,1870.0,64,0.0,0.0,0.0
2023-11-02 00:00:00+09:00,1900.0,1999.0,1800.0,1800.0,791,0.0,0.0,0.0
2023-11-03 00:00:00+09:00,1900.0,1900.0,1900.0,1900.0,1,0.0,0.0,0.0
2023-11-06 00:00:00+09:00,1800.0,1800.0,1620.0,1699.0,266,0.0,0.0,0.0
2023-11-07 00:00:00+09:00,1699.0,1699.0,1699.0,1699.0,1,0.0,0.0,0.0
2023-11-08 00:00:00+09:00,1699.0,1699.0,1699.0,1699.0,0,0.0,0.0,0.0
2023-11-09 00:00:00+09:00,1700.0,1890.0,1700.0,1890.0,21,0.0,0.0,0.0
2023-11-10 00:00:00+09:00,1864.0,1867.0,1864.0,1865.0,22,0.0,0.0,0.0
2023-11-13 00:00:00+09:00,1865.0,1865.0,1865.0,1865.0,0,0.0,0.0,0.0
2023-11-14 00:00:00+09:00,1865.0,1865.0,1865.0,1865.0,0,0.0,0.0,0.0
2023-11-15 00:00:00+09:00,1700.0,1797.0,1600.0,1797.0,66,0.0,0.0,0.0
2023-11-16 00:00:00+09:00,1799.0,1799.0,1799.0,1799.0,1,0.0,0.0,0.0
2023-11-17 00:00:00+09:00,1800.0,1800.0,1800.0,1800.0,1,0.0,0.0,0.0
2023-11-20 00:00:00+09:00,1800.0,1900.0,1800.0,1900.0,61,0.0,0.0,0.0
2023-11-21 00:00:00+09:00,1800.0,1800.0,1800.0,1800.0,1,0.0,0.0,0.0
2023-11-22 00:00:00+09:00,1800.0,1990.0,1800.0,1800.0,71,0.0,0.0,0.0
2023-11-23 00:00:00+09:00,1900.0,1900.0,1900.0,1900.0,1,0.0,0.0,0.0
2023-11-24 00:00:00+09:00,1850.0,2180.0,1800.0,1900.0,3021,0.0,0.0,0.0
2023-11-27 00:00:00+09:00,1900.0,1900.0,1900.0,1900.0,0,0.0,0.0,0.0
2023-11-28 00:00:00+09:00,1898.0,1898.0,1530.0,1800.0,4935,0.0,0.0,0.0
2023-11-29 00:00:00+09:00,1700.0,1700.0,1557.0,1600.0,40,0.0,0.0,0.0
2023-11-30 00:00:00+09:00,1600.0,1600.0,1600.0,1600.0,0,0.0,0.0,0.0
2023-12-01 00:00:00+09:00,1700.0,1700.0,1517.0,1650.0,6241,0.0,0.0,0.0
2023-12-04 00:00:00+09:00,1629.0,1629.0,1580.0,1580.0,35,0.0,0.0,0.0
2023-12-05 00:00:00+09:00,1690.0,1690.0,1600.0,1689.0,14,0.0,0.0,0.0
2023-12-06 00:00:00+09:00,1699.0,1699.0,1699.0,1699.0,1001,0.0,0.0,0.0
2023-12-07 00:00:00+09:00,1699.0,1699.0,1699.0,1699.0,0,0.0,0.0,0.0
2023-12-08 00:00:00+09:00,1700.0,1800.0,1460.0,1600.0,1661,0.0,0.0,0.0
2023-12-11 00:00:00+09:00,1599.0,1599.0,1599.0,1599.0,400,0.0,0.0,0.0
2023-12-12 00:00:00+09:00,1600.0,1800.0,1500.0,1579.0,236,0.0,0.0,0.0
2023-12-13 00:00:00+09:00,1579.0,1579.0,1579.0,1579.0,0,0.0,0.0,0.0
2023-12-14 00:00:00+09:00,1600.0,1700.0,1600.0,1700.0,11,0.0,0.0,0.0
2023-12-15 00:00:00+09:00,1700.0,1900.0,1700.0,1900.0,21,0.0,0.0,0.0
2023-12-18 00:00:00+09:00,1620.0,1620.0,1615.0,1615.0,833,0.0,0.0,0.0
2023-12-19 00:00:00+09:00,1700.0,1800.0,1700.0,1779.0,19,0.0,0.0,0.0
2023-12-20 00:00:00+09:00,1800.0,1895.0,1513.0,1599.0,1350,0.0,0.0,0.0
2023-12-21 00:00:00+09:00,1599.0,1599.0,1410.0,1584.0,2877,0.0,0.0,0.0
2023-12-22 00:00:00+09:00,1540.0,1578.0,1412.0,1500.0,1933,0.0,0.0,0.0
2023-12-26 00:00:00+09:00,1500.0,1600.0,1499.0,1600.0,1047,0.0,0.0,0.0
2023-12-27 00:00:00+09:00,1599.0,1599.0,1597.0,1597.0,9,0.0,0.0,0.0
2023-12-28 00:00:00+09:00,1598.0,1830.0,1411.0,1830.0,808,0.0,0.0,0.0
2024-01-02 00:00:00+09:00,1750.0,1750.0,1561.0,1561.0,315,0.0,0.0,0.0
2024-01-03 00:00:00+09:00,1700.0,1795.0,1600.0,1777.0,85,0.0,0.0,0.0
2024-01-04 00:00:00+09:00,1900.0,1900.0,1550.0,1698.0,150,0.0,0.0,0.0
2024-01-05 00:00:00+09:00,1698.0,1698.0,1698.0,1698.0,0,0.0,0.0,0.0
2024-01-08 00:00:00+09:00,1700.0,1800.0,1500.0,1598.0,632,0.0,0.0,0.0
2024-01-09 00:00:00+09:00,1600.0,1800.0,1600.0,1600.0,38,0.0,0.0,0.0
2024-01-10 00:00:00+09:00,1700.0,1800.0,1700.0,1798.0,21,0.0,0.0,0.0
2024-01-11 00:00:00+09:00,1800.0,1840.0,1700.0,1796.0,22,0.0,0.0,0.0
2024-01-12 00:00:00+09:00,1796.0,1796.0,1796.0,1796.0,0,0.0,0.0,0.0
2024-01-15 00:00:00+09:00,1796.0,1796.0,1796.0,1796.0,0,0.0,0.0,0.0
2024-01-16 00:00:00+09:00,1800.0,1800.0,1600.0,1600.0,3,0.0,0.0,0.0
2024-01-17 00:00:00+09:00,1800.0,1800.0,1600.0,1600.0,54,0.0,0.0,0.0
2024-01-18 00:00:00+09:00,1800.0,1800.0,1600.0,1600.0,3,0.0,0.0,0.0
2024-01-19 00:00:00+09:00,1650.0,1650.0,1600.0,1600.0,3,0.0,0.0,0.0
2024-01-22 00:00:00+09:00,1800.0,1800.0,1620.0,1794.0,473,0.0,0.0,0.0
2024-01-23 00:00:00+09:00,1794.0,1794.0,1794.0,1794.0,1,0.0,0.0,0.0
2024-01-24 00:00:00+09:00,1800.0,2060.0,1700.0,1700.0,63,0.0,0.0,0.0
2024-01-25 00:00:00+09:00,1800.0,1900.0,1500.0,1699.0,747,0.0,0.0,0.0
2024-01-26 00:00:00+09:00,1699.0,1699.0,1699.0,1699.0,0,0.0,0.0,0.0
2024-01-29 00:00:00+09:00,1700.0,1799.0,1700.0,1799.0,11,0.0,0.0,0.0
2024-01-30 00:00:00+09:00,1799.0,1799.0,1799.0,1799.0,0,0.0,0.0,0.0
2024-01-31 00:00:00+09:00,1600.0,1795.0,1600.0,1795.0,22,0.0,0.0,0.0
2024-02-01 00:00:00+09:00,1799.0,1799.0,1799.0,1799.0,1,0.0,0.0,0.0
2024-02-02 00:00:00+09:00,1600.0,1794.0,1530.0,1794.0,507,0.0,0.0,0.0
2024-02-05 00:00:00+09:00,1800.0,2000.0,1553.0,1700.0,488,0.0,0.0,0.0
2024-02-06 00:00:00+09:00,1699.0,1950.0,1699.0,1800.0,43,0.0,0.0,0.0
2024-02-07 00:00:00+09:00,1900.0,2000.0,1700.0,1892.0,204,0.0,0.0,0.0
2024-02-08 00:00:00+09:00,1700.0,1700.0,1700.0,1700.0,12,0.0,0.0,0.0
2024-02-13 00:00:00+09:00,1800.0,1800.0,1700.0,1799.0,503,0.0,0.0,0.0
2024-02-14 00:00:00+09:00,1800.0,2000.0,1799.0,1800.0,302,0.0,0.0,0.0
2024-02-15 00:00:00+09:00,1800.0,1800.0,1800.0,1800.0,0,0.0,0.0,0.0
2024-02-16 00:00:00+09:00,1800.0,1800.0,1800.0,1800.0,0,0.0,0.0,0.0
2024-02-19 00:00:00+09:00,1900.0,1900.0,1700.0,1900.0,187,0.0,0.0,0.0
2024-02-20 00:00:00+09:00,1900.0,1900.0,1900.0,1900.0,0,0.0,0.0,0.0
2024-02-21 00:00:00+09:00,1900.0,1990.0,1699.0,1700.0,327,0.0,0.0,0.0
2024-02-22 00:00:00+09:00,1700.0,1700.0,1700.0,1700.0,0,0.0,0.0,0.0
2024-02-23 00:00:00+09:00,1700.0,1700.0,1700.0,1700.0,0,0.0,0.0,0.0
2024-02-26 00:00:00+09:00,1700.0,1700.0,1700.0,1700.0,100,0.0,0.0,0.0
2024-02-27 00:00:00+09:00,1700.0,1900.0,1450.0,1599.0,2525,0.0,0.0,0.0
2024-02-28 00:00:00+09:00,1500.0,1600.0,1410.0,1500.0,556,0.0,0.0,0.0
2024-02-29 00:00:00+09:00,1600.0,1700.0,1600.0,1700.0,81,0.0,0.0,0.0
2024-03-04 00:00:00+09:00,1700.0,1900.0,1452.0,1800.0,471,0.0,0.0,0.0
2024-03-05 00:00:00+09:00,1900.0,1900.0,1700.0,1898.0,12,0.0,0.0,0.0
2024-03-06 00:00:00+09:00,1900.0,1900.0,1620.0,1789.0,334,0.0,0.0,0.0
2024-03-07 00:00:00+09:00,1800.0,1899.0,1800.0,1899.0,11,0.0,0.0,0.0
2024-03-08 00:00:00+09:00,1700.0,1800.0,1630.0,1789.0,133,0.0,0.0,0.0
2024-03-11 00:00:00+09:00,1798.0,1798.0,1798.0,1798.0,2,0.0,0.0,0.0
2024-03-12 00:00:00+09:00,1800.0,1800.0,1800.0,1800.0,1,0.0,0.0,0.0
2024-03-13 00:00:00+09:00,1800.0,1800.0,1800.0,1800.0,0,0.0,0.0,0.0
2024-03-14 00:00:00+09:00,1800.0,1899.0,1700.0,1799.0,22,0.0,0.0,0.0
2024-03-15 00:00:00+09:00,1800.0,1900.0,1700.0,1800.0,43,0.0,0.0,0.0
2024-03-18 00:00:00+09:00,1789.0,1789.0,1789.0,1789.0,100,0.0,0.0,0.0
2024-03-19 00:00:00+09:00,1800.0,1950.0,1700.0,1896.0,43,0.0,0.0,0.0
2024-03-20 00:00:00+09:00,1800.0,1950.0,1700.0,1888.0,4397,0.0,0.0,0.0
2024-03-21 00:00:00+09:00,1898.0,1940.0,1753.0,1930.0,27,0.0,0.0,0.0
2024-03-22 00:00:00+09:00,2000.0,2100.0,1652.0,1657.0,134,0.0,0.0,0.0
2024-03-25 00:00:00+09:00,1900.0,1900.0,1602.0,1650.0,1201,0.0,0.0,0.0
2024-03-26 00:00:00+09:00,1890.0,1890.0,1551.0,1551.0,1194,0.0,0.0,0.0
2024-03-27 00:00:00+09:00,1700.0,1779.0,1501.0,1501.0,30,0.0,0.0,0.0
2024-03-28 00:00:00+09:00,1700.0,1700.0,1511.0,1511.0,15,0.0,0.0,0.0
2024-03-29 00:00:00+09:00,1700.0,1737.0,1700.0,1737.0,5692,0.0,0.0,0.0
2024-04-01 00:00:00+09:00,1900.0,1900.0,1800.0,1899.0,2020,0.0,0.0,0.0
2024-04-02 00:00:00+09:00,1900.0,1900.0,1900.0,1900.0,1,0.0,0.0,0.0
2024-04-03 00:00:00+09:00,1898.0,1899.0,1898.0,1899.0,5,0.0,0.0,0.0
2024-04-04 00:00:00+09:00,1710.0,1899.0,1705.0,1890.0,2059,0.0,0.0,0.0
2024-04-05 00:00:00+09:00,1900.0,1900.0,1700.0,1890.0,1711,0.0,0.0,0.0
2024-04-08 00:00:00+09:00,1899.0,1899.0,1849.0,1850.0,15,0.0,0.0,0.0
2024-04-09 00:00:00+09:00,1899.0,1899.0,1898.0,1898.0,17,0.0,0.0,0.0
2024-04-11 00:00:00+09:00,1900.0,1900.0,1899.0,1899.0,3,0.0,0.0,0.0
2024-04-12 00:00:00+09:00,1900.0,1900.0,1780.0,1899.0,39,0.0,0.0,0.0
2024-04-15 00:00:00+09:00,1900.0,1900.0,1900.0,1900.0,1,0.0,0.0,0.0
2024-04-16 00:00:00+09:00,1900.0,1900.0,1900.0,1900.0,0,0.0,0.0,0.0
2024-04-17 00:00:00+09:00,1900.0,1900.0,1899.0,1899.0,17,0.0,0.0,0.0
2024-04-18 00:00:00+09:00,1900.0,1900.0,1899.0,1899.0,52,0.0,0.0,0.0
2024-04-19 00:00:00+09:00,1900.0,2090.0,1900.0,2090.0,216,0.0,0.0,0.0
2024-04-22 00:00:00+09:00,1900.0,2290.0,1781.0,1781.0,1093,0.0,0.0,0.0
2024-04-23 00:00:00+09:00,1899.0,2045.0,1800.0,2045.0,11524,0.0,0.0,0.0
2024-04-24 00:00:00+09:00,2200.0,2350.0,2000.0,2350.0,7552,0.0,0.0,0.0
2024-04-25 00:00:00+09:00,2600.0,2700.0,2000.0,2085.0,15987,0.0,0.0,0.0
2024-04-26 00:00:00+09:00,2100.0,2295.0,1811.0,1945.0,4349,0.0,0.0,0.0
2024-04-29 00:00:00+09:00,2000.0,2000.0,1890.0,1988.0,503,0.0,0.0,0.0
2024-04-30 00:00:00+09:00,2000.0,2190.0,1901.0,2150.0,108,0.0,0.0,0.0
2024-05-02 00:00:00+09:00,2195.0,2195.0,1830.0,1830.0,4514,0.0,0.0,0.0
2024-05-03 00:00:00+09:00,1900.0,2100.0,1900.0,2100.0,3120,0.0,0.0,0.0
2024-05-07 00:00:00+09:00,2000.0,2415.0,2000.0,2415.0,13045,0.0,0.0,0.0
2024-05-08 00:00:00+09:00,2500.0,2750.0,2495.0,2500.0,1128,0.0,0.0,0.0
2024-05-09 00:00:00+09:00,2400.0,2600.0,2400.0,2550.0,52,0.0,0.0,0.0
2024-05-10 00:00:00+09:00,2400.0,2930.0,2400.0,2800.0,186,0.0,0.0,0.0
2024-05-13 00:00:00+09:00,2605.0,2900.0,2390.0,2870.0,2764,0.0,0.0,0.0
2024-05-14 00:00:00+09:00,2450.0,3070.0,2440.0,3055.0,32,0.0,0.0,0.0
2024-05-16 00:00:00+09:00,2700.0,3055.0,2700.0,3000.0,474,0.0,0.0,0.0
2024-05-17 00:00:00+09:00,2800.0,2800.0,2605.0,2605.0,1163,0.0,0.0,0.0
2024-05-20 00:00:00+09:00,2600.0,2800.0,2215.0,2600.0,4153,0.0,0.0,0.0
2024-05-21 00:00:00+09:00,2605.0,2795.0,2230.0,2495.0,1211,0.0,0.0,0.0
2024-05-22 00:00:00+09:00,2445.0,2445.0,2185.0,2435.0,522,0.0,0.0,0.0
2024-05-23 00:00:00+09:00,2300.0,2795.0,2300.0,2600.0,351,0.0,0.0,0.0
2024-05-24 00:00:00+09:00,2400.0,2600.0,2225.0,2580.0,888,0.0,0.0,0.0
2024-05-27 00:00:00+09:00,2400.0,2600.0,2260.0,2485.0,489,0.0,0.0,0.0
2024-05-28 00:00:00+09:00,2400.0,2600.0,2400.0,2495.0,192,0.0,0.0,0.0
2024-05-29 00:00:00+09:00,2300.0,2795.0,2300.0,2795.0,921,0.0,0.0,0.0
2024-05-30 00:00:00+09:00,2415.0,3100.0,2410.0,3035.0,389,0.0,0.0,0.0
2024-05-31 00:00:00+09:00,2600.0,3400.0,2585.0,3400.0,749,0.0,0.0,0.0
2024-06-03 00:00:00+09:00,3300.0,3400.0,2890.0,2995.0,289,0.0,0.0,0.0
2024-06-04 00:00:00+09:00,2995.0,3200.0,2700.0,3000.0,384,0.0,0.0,0.0
2024-06-05 00:00:00+09:00,3100.0,3200.0,2600.0,3000.0,989,0.0,0.0,0.0
2024-06-07 00:00:00+09:00,3000.0,3090.0,2800.0,3085.0,267,0.0,0.0,0.0
2024-06-10 00:00:00+09:00,2900.0,3000.0,2700.0,2800.0,342,0.0,0.0,0.0
2024-06-11 00:00:00+09:00,2700.0,3220.0,2700.0,3215.0,456,0.0,0.0,0.0
2024-06-12 00:00:00+09:00,3690.0,3690.0,2735.0,3400.0,2013,0.0,0.0,0.0
2024-06-13 00:00:00+09:00,3200.0,3910.0,2890.0,3690.0,13163,0.0,0.0,0.0
2024-06-14 00:00:00+09:00,3250.0,3300.0,3140.0,3140.0,5705,0.0,0.0,0.0
2024-06-17 00:00:00+09:00,3000.0,3000.0,2700.0,2710.0,1190,0.0,0.0,0.0
2024-06-18 00:00:00+09:00,2800.0,2895.0,2500.0,2765.0,331,0.0,0.0,0.0
2024-06-19 00:00:00+09:00,2600.0,2800.0,2355.0,2660.0,5693,0.0,0.0,0.0
2024-06-20 00:00:00+09:00,2600.0,2800.0,2500.0,2700.0,509,0.0,0.0,0.0
2024-06-21 00:00:00+09:00,2600.0,2800.0,2500.0,2780.0,483,0.0,0.0,0.0
2024-06-24 00:00:00+09:00,2600.0,2995.0,2365.0,2980.0,2729,0.0,0.0,0.0
2024-06-25 00:00:00+09:00,2805.0,3400.0,2805.0,3200.0,4292,0.0,0.0,0.0
2024-06-26 00:00:00+09:00,3000.0,3680.0,3000.0,3300.0,752,0.0,0.0,0.0
2024-06-27 00:00:00+09:00,3000.0,3500.0,3000.0,3005.0,1613,0.0,0.0,0.0
2024-06-28 00:00:00+09:00,3000.0,3450.0,2800.0,3195.0,2360,0.0,0.0,0.0
2024-07-01 00:00:00+09:00,3000.0,3000.0,2800.0,2995.0,977,0.0,0.0,0.0
2024-07-02 00:00:00+09:00,2900.0,2900.0,2565.0,2800.0,844,0.0,0.0,0.0
2024-07-03 00:00:00+09:00,2800.0,2900.0,2500.0,2690.0,1898,0.0,0.0,0.0
2024-07-04 00:00:00+09:00,2700.0,2700.0,2400.0,2520.0,4031,0.0,0.0,0.0
2024-07-05 00:00:00+09:00,2500.0,2595.0,2310.0,2490.0,360,0.0,0.0,0.0
2024-07-08 00:00:00+09:00,2300.0,2525.0,2300.0,2510.0,692,0.0,0.0,0.0
2024-07-09 00:00:00+09:00,2400.0,2795.0,2400.0,2700.0,3585,0.0,0.0,0.0
2024-07-10 00:00:00+09:00,2700.0,2800.0,2435.0,2700.0,3819,0.0,0.0,0.0
2024-07-11 00:00:00+09:00,2700.0,2900.0,2600.0,2885.0,2757,0.0,0.0,0.0
2024-07-12 00:00:00+09:00,2800.0,3100.0,2500.0,3000.0,1103,0.0,0.0,0.0
2024-07-15 00:00:00+09:00,2800.0,3050.0,2800.0,3050.0,2346,0.0,0.0,0.0
2024-07-16 00:00:00+09:00,3000.0,3000.0,2900.0,2950.0,265,0.0,0.0,0.0
2024-07-17 00:00:00+09:00,3000.0,3000.0,2810.0,2850.0,145,0.0,0.0,0.0
2024-07-18 00:00:00+09:00,2895.0,3270.0,2600.0,3270.0,7950,0.0,0.0,0.0
2024-07-19 00:00:00+09:00,3400.0,3400.0,2800.0,2995.0,2000,0.0,0.0,0.0
2024-07-22 00:00:00+09:00,2800.0,2995.0,2800.0,2995.0,564,0.0,0.0,0.0
2024-07-23 00:00:00+09:00,2800.0,3440.0,2800.0,3440.0,1972,0.0,0.0,0.0
2024-07-24 00:00:00+09:00,3700.0,3800.0,2925.0,3095.0,5281,0.0,0.0,0.0
2024-07-25 00:00:00+09:00,2900.0,3200.0,2805.0,2950.0,8545,0.0,0.0,0.0
2024-07-26 00:00:00+09:00,2950.0,2950.0,2800.0,2850.0,1106,0.0,0.0,0.0
2024-07-29 00:00:00+09:00,2895.0,2895.0,2705.0,2800.0,809,0.0,0.0,0.0
2024-07-30 00:00:00+09:00,2900.0,2900.0,2700.0,2885.0,735,0.0,0.0,0.0
2024-07-31 00:00:00+09:00,2880.0,2880.0,2880.0,2880.0,5,0.0,0.0,0.0
2024-08-01 00:00:00+09:00,2875.0,2890.0,2700.0,2890.0,870,0.0,0.0,0.0
2024-08-02 00:00:00+09:00,2900.0,3200.0,2800.0,2895.0,845,0.0,0.0,0.0
2024-08-05 00:00:00+09:00,2900.0,2900.0,2470.0,2900.0,2133,0.0,0.0,0.0
2024-08-06 00:00:00+09:00,2900.0,3000.0,2500.0,3000.0,8591,0.0,0.0,0.0
2024-08-07 00:00:00+09:00,2900.0,3100.0,2705.0,2900.0,907,0.0,0.0,0.0
2024-08-08 00:00:00+09:00,2900.0,2995.0,2800.0,2990.0,1149,0.0,0.0,0.0
2024-08-09 00:00:00+09:00,2800.0,3095.0,2800.0,3095.0,337,0.0,0.0,0.0
2024-08-12 00:00:00+09:00,3100.0,3300.0,2900.0,3100.0,651,0.0,0.0,0.0
2024-08-13 00:00:00+09:00,3100.0,3100.0,3000.0,3000.0,775,0.0,0.0,0.0
2024-08-14 00:00:00+09:00,3100.0,3100.0,2900.0,3100.0,194,0.0,0.0,0.0
2024-08-16 00:00:00+09:00,3200.0,3300.0,2800.0,3100.0,789,0.0,0.0,0.0
2024-08-19 00:00:00+09:00,3200.0,3400.0,3100.0,3380.0,877,0.0,0.0,0.0
2024-08-20 00:00:00+09:00,3380.0,3380.0,3100.0,3380.0,1264,0.0,0.0,0.0
2024-08-21 00:00:00+09:00,3200.0,3380.0,3100.0,3380.0,2412,0.0,0.0,0.0
2024-08-22 00:00:00+09:00,3400.0,3495.0,3200.0,3495.0,43,0.0,0.0,0.0
2024-08-23 00:00:00+09:00,3400.0,3500.0,3150.0,3495.0,228,0.0,0.0,0.0
2024-08-26 00:00:00+09:00,3500.0,3500.0,3200.0,3300.0,726,0.0,0.0,0.0
2024-08-27 00:00:00+09:00,3105.0,3395.0,3000.0,3295.0,1557,0.0,0.0,0.0
2024-08-28 00:00:00+09:00,3000.0,3300.0,3000.0,3275.0,438,0.0,0.0,0.0
2024-08-29 00:00:00+09:00,3200.0,3295.0,3000.0,3200.0,527,0.0,0.0,0.0
2024-08-30 00:00:00+09:00,3295.0,3295.0,3100.0,3100.0,130,0.0,0.0,0.0
2024-09-02 00:00:00+09:00,3200.0,3300.0,2900.0,3295.0,1155,0.0,0.0,0.0
2024-09-03 00:00:00+09:00,3395.0,3395.0,3000.0,3195.0,477,0.0,0.0,0.0
2024-09-04 00:00:00+09:00,3295.0,3295.0,3295.0,3295.0,3,0.0,0.0,0.0
2024-09-05 00:00:00+09:00,3295.0,3295.0,3000.0,3295.0,37,0.0,0.0,0.0
2024-09-06 00:00:00+09:00,3295.0,3295.0,3000.0,3000.0,1431,0.0,0.0,0.0
2024-09-09 00:00:00+09:00,3000.0,3200.0,2810.0,3100.0,249,0.0,0.0,0.0
2024-09-10 00:00:00+09:00,3000.0,3200.0,3000.0,3200.0,764,0.0,0.0,0.0
2024-09-11 00:00:00+09:00,3000.0,3300.0,3000.0,3295.0,177,0.0,0.0,0.0
2024-09-12 00:00:00+09:00,3100.0,3395.0,3000.0,3300.0,2845,0.0,0.0,0.0
2024-09-13 00:00:00+09:00,3100.0,3395.0,3000.0,3390.0,3179,0.0,0.0,0.0
2024-09-19 00:00:00+09:00,3100.0,3700.0,3100.0,3700.0,1878,0.0,0.0,0.0
2024-09-20 00:00:00+09:00,3500.0,3800.0,3300.0,3800.0,464,0.0,0.0,0.0
2024-09-23 00:00:00+09:00,3600.0,3955.0,3300.0,3955.0,533,0.0,0.0,0.0
2024-09-24 00:00:00+09:00,3700.0,4200.0,3700.0,4135.0,80,0.0,0.0,0.0
2024-09-25 00:00:00+09:00,4000.0,4495.0,4000.0,4400.0,1142,0.0,0.0,0.0
2024-09-26 00:00:00+09:00,4300.0,4800.0,4295.0,4400.0,216,0.0,0.0,0.0
2024-09-27 00:00:00+09:00,4300.0,4700.0,4205.0,4500.0,1619,0.0,0.0,0.0
