Date,Open,High,Low,Close,Volume,Dividends,Stock Splits
2007-12-31 00:00:00+08:00,18.75619317055012,18.830036338090544,18.350055033695728,18.645427703857422,746645,0.0,0.0
2008-01-02 00:00:00+08:00,18.64542595565235,19.49462444889211,18.64542595565235,18.682348251342773,1645667,0.0,0.0
2008-01-03 00:00:00+08:00,18.350056221288437,18.350056221288437,17.94391805814929,18.01776123046875,863467,0.0,0.0
2008-01-04 00:00:00+08:00,17.759313468627,18.16545026105336,17.574704795149973,17.61162567138672,853308,0.0,0.0
2008-01-07 00:00:00+08:00,16.614737033782568,16.8731888135206,16.393207550048828,16.393207550048828,975210,0.0,0.0
2008-01-08 00:00:00+08:00,15.728616267202355,16.68857870864611,15.728616267202355,16.060911178588867,812675,0.0,0.0
2008-01-09 00:00:00+08:00,15.507091986084776,16.245523779565286,15.507091986084776,16.208602905273438,1249487,0.0,0.0
2008-01-10 00:00:00+08:00,16.614738797886858,16.983954643312014,16.282443821622138,16.467052459716797,1889469,0.0,0.0
2008-01-11 00:00:00+08:00,16.836269571165985,17.057799095079265,16.356288220638415,16.651660919189453,1904707,0.0,0.0
2008-01-14 00:00:00+08:00,16.98395666214881,16.98395666214881,16.17168027489622,16.24552345275879,899021,0.0,0.0
2008-01-15 00:00:00+08:00,16.614738797886858,16.873190605066547,16.393209290631766,16.467052459716797,939655,0.0,0.0
2008-01-16 00:00:00+08:00,16.540894036033695,16.762423521957103,16.09783363342285,16.09783363342285,904101,0.0,0.0
2008-01-17 00:00:00+08:00,16.28244225374104,16.614737198008164,15.7286178235505,16.09783363342285,1081873,0.0,0.0
2008-01-18 00:00:00+08:00,15.50708973694966,16.02399191741496,15.50708973694966,15.87630558013916,629823,0.0,0.0
2008-01-21 00:00:00+08:00,15.876305676272388,16.614738797886858,15.876305676272388,16.467052459716797,1208854,0.0,0.0
2008-01-22 00:00:00+08:00,15.322484970092773,15.728623215564816,15.322484970092773,15.322484970092773,1853915,0.0,0.0
2008-01-23 00:00:00+08:00,15.396327191758619,15.507092681127489,14.251755714416504,14.251755714416504,1884390,0.0,0.0
2008-01-24 00:00:00+08:00,14.32559679876836,14.731734959280253,13.254870091680456,13.291790962219238,2956105,0.0,0.0
2008-01-25 00:00:00+08:00,13.661006135907128,14.030221937919215,13.513319815102292,13.919456481933594,1183458,0.0,0.0
2008-01-28 00:00:00+08:00,13.66100825219235,13.993303240862462,13.14410461853568,13.291790962219238,1523765,0.0,0.0
2008-01-29 00:00:00+08:00,14.030225549349861,14.214834213256838,13.29179232448632,14.214834213256836,3880523,0.0,0.0
2008-01-30 00:00:00+08:00,14.399438858032227,15.06402878402267,14.288674824209888,14.399438858032227,3682434,0.0,0.0
2008-01-31 00:00:00+08:00,14.39944207973205,14.473286693154247,13.771774311758769,14.251755714416504,1813281,0.0,0.0
2008-02-01 00:00:00+08:00,14.473284065748956,14.916343081264944,14.473284065748956,14.657891273498535,1691380,0.0,0.0
2008-02-12 00:00:00+08:00,14.547127822683448,14.657891865655063,13.845615540296857,13.882537841796875,1147903,0.0,0.0
2008-02-13 00:00:00+08:00,14.03022535410103,14.177911710865619,13.697930335998535,13.697930335998535,756803,0.0,0.0
2008-02-14 00:00:00+08:00,14.399440721840502,14.6209716796875,14.177911194757792,14.6209716796875,1594874,0.0,0.0
2008-02-15 00:00:00+08:00,14.251750826194916,15.17479243896879,13.956378196873965,14.99018383026123,2544688,0.0,0.0
2008-02-18 00:00:00+08:00,15.211718031852671,16.02399444580078,15.13787485156324,16.02399444580078,2712303,0.0,0.0
2008-02-19 00:00:00+08:00,16.540897594973394,16.540897594973394,15.876307563445945,16.24552345275879,2625956,0.0,0.0
2008-02-20 00:00:00+08:00,15.876306116432415,16.097835629829266,15.396324788690471,15.433245658874512,1574558,0.0,0.0
2008-02-21 00:00:00+08:00,15.72861924286336,16.02399191741496,15.50708973694966,15.87630558013916,1203775,0.0,0.0
2008-02-22 00:00:00+08:00,15.654776489127567,15.654776489127567,14.768657011223585,15.064029693603516,3397997,0.0,0.0
2008-02-25 00:00:00+08:00,15.285559035471104,15.580933145331787,14.91634318660047,15.137872695922852,1828518,0.0,0.0
2008-02-26 00:00:00+08:00,15.285561742114817,15.507092721428288,15.17479768322251,15.211718559265137,1594874,0.0,0.0
2008-02-27 00:00:00+08:00,15.433243592408248,15.839383125401211,15.211714108673547,15.728617668151855,3022135,0.0,0.0
2008-02-29 00:00:00+08:00,15.728617668269473,16.39320755024255,15.507088184533117,16.171676635742188,3377680,0.0,0.0
2008-03-03 00:00:00+08:00,15.507092475891113,15.839387508835378,15.359406112530197,15.507092475891113,1127586,0.0,0.0
2008-03-04 00:00:00+08:00,15.87630558013916,16.02399191741496,15.65477607422546,15.87630558013916,1290121,0.0,0.0
2008-03-05 00:00:00+08:00,15.950148285478853,16.097834618464862,15.544010154385273,15.654775619506836,1000606,0.0,0.0
2008-03-06 00:00:00+08:00,15.950150356221936,16.725505851205895,15.80246400406241,16.6147403717041,3702750,0.0,0.0
2008-03-07 00:00:00+08:00,16.467053342713534,17.574702369147545,16.28244469471979,16.910112380981445,6694411,0.0,0.0
2008-03-10 00:00:00+08:00,17.131642022187517,18.09160614013672,16.614739807191754,18.09160614013672,10051775,0.0,0.0
2008-03-11 00:00:00+08:00,17.943918362230825,18.79311700444167,17.353172973664236,18.09160614013672,6836629,0.0,0.0
2008-03-12 00:00:00+08:00,18.46082200799084,18.830037875844955,18.09160614013672,18.09160614013672,3733226,0.0,0.0
2008-03-13 00:00:00+08:00,18.09160922550446,18.09160922550446,17.13164494384164,17.427019119262695,2001212,0.0,0.0
2008-03-14 00:00:00+08:00,17.57470021443051,17.722386542412977,16.87318944113177,17.09471893310547,1625350,0.0,0.0
2008-03-17 00:00:00+08:00,16.836268352486464,17.500858306884766,16.6885820139011,17.500858306884766,2199302,0.0,0.0
2008-03-18 00:00:00+08:00,17.722388541190906,18.31313535051082,17.500859024232522,18.01776123046875,2651352,0.0,0.0
2008-03-19 00:00:00+08:00,18.165448835618804,18.6454302043836,17.353173883740496,17.390094757080078,2041846,0.0,0.0
2008-03-20 00:00:00+08:00,17.353172641925767,17.390093512623245,16.83626900604734,17.205486297607422,2128192,0.0,0.0
2008-03-21 00:00:00+08:00,17.611621362154235,18.01775948597067,17.02087604079512,17.94391632080078,4139563,0.0,0.0
2008-03-24 00:00:00+08:00,18.830038395615787,19.19925570442576,18.313136166351825,18.79311752319336,5419527,0.0,0.0
2008-03-25 00:00:00+08:00,18.793114686274745,18.830035553123775,18.054681610889407,18.239290237426758,3723067,0.0,0.0
2008-03-26 00:00:00+08:00,18.239291641296003,18.534664321879198,18.091605301004403,18.4608211517334,3331967,0.0,0.0
2008-03-27 00:00:00+08:00,18.460823084123902,18.830038973500645,18.27621442405336,18.35005760192871,2280569,0.0,0.0
2008-03-28 00:00:00+08:00,18.38697953457267,18.64542993652989,17.943919045512306,18.608509063720703,2041846,0.0,0.0
2008-03-31 00:00:00+08:00,18.682351893347274,18.97772459339568,18.682351893347274,18.756195068359375,2671669,0.0,0.0
2008-04-01 00:00:00+08:00,18.90387773319332,19.34693812765841,18.682348251342773,18.682348251342773,2610718,0.0,0.0
2008-04-02 00:00:00+08:00,19.19925707553595,19.27310025641858,18.903882921241042,19.12541389465332,2280569,0.0,0.0
2008-04-03 00:00:00+08:00,19.19925308227539,19.34693941332331,19.162330784131367,19.19925308227539,1650746,0.0,0.0
2008-04-07 00:00:00+08:00,19.199260957108937,19.42079054454414,18.903886743097328,19.014652252197266,1478052,0.0,0.0
2008-04-08 00:00:00+08:00,18.90388179255492,18.90388179255492,18.460822733712682,18.497743606567383,1539003,0.0,0.0
2008-04-09 00:00:00+08:00,18.46082050038843,18.719272302161976,18.239290997767156,18.645427703857422,1031081,0.0,0.0
2008-04-10 00:00:00+08:00,18.977719963810607,19.34693717956543,18.682347335817887,19.34693717956543,2570085,0.0,0.0
2008-04-11 00:00:00+08:00,19.494627717055273,19.605393191931743,18.977724075317383,18.977724075317383,1996133,0.0,0.0
2008-04-14 00:00:00+08:00,18.97772215493942,19.531546611751164,18.830035823891503,19.19925308227539,1188537,0.0,0.0
2008-04-15 00:00:00+08:00,19.19925568448102,20.08537522163443,19.19925568448102,19.716157913208008,3438631,0.0,0.0
2008-04-16 00:00:00+08:00,19.716158414133986,20.011531123768194,19.531549755230447,19.60539436340332,1676142,0.0,0.0
2008-04-17 00:00:00+08:00,20.011531329265406,20.011531329265406,19.383863599465073,19.420785903930664,1772647,0.0,0.0
2008-04-18 00:00:00+08:00,19.420780336563606,19.568466650559966,19.01464225769166,19.34693717956543,1361230,0.0,0.0
2008-04-21 00:00:00+08:00,19.34694240140492,19.679237412966827,19.236176920629514,19.457706451416016,1396785,0.0,0.0
2008-04-22 00:00:00+08:00,19.494628708461608,19.753080542474212,19.494628708461608,19.679237365722656,1188537,0.0,0.0
2008-04-23 00:00:00+08:00,19.679235115703417,20.269980462173187,19.420783311240818,19.937686920166016,3108482,0.0,0.0
2008-04-24 00:00:00+08:00,20.159214177531968,20.602273137987446,20.011526426616157,20.085371017456055,2763095,0.0,0.0
2008-04-25 00:00:00+08:00,19.56847210846387,19.790001641245905,19.19925622049381,19.38386344909668,2092638,0.0,0.0
2008-04-28 00:00:00+08:00,19.457705590852232,19.56847106672877,18.830037899335103,18.903881072998047,1401864,0.0,0.0
2008-04-29 00:00:00+08:00,19.125414876915602,19.162335753870945,18.313138414724573,18.53466796875,2565005,0.0,0.0
2008-04-30 00:00:00+08:00,18.534664871293828,19.27309802540504,18.534664871293828,19.05156707763672,2092638,0.0,0.0
2008-05-02 00:00:00+08:00,19.34694272576382,19.753080921063624,19.125413191263295,19.420785903930664,2732620,0.0,0.0
2008-05-05 00:00:00+08:00,19.56847363488323,20.04845504206694,19.42078726817508,19.642316818237305,3042452,0.0,0.0
2008-05-06 00:00:00+08:00,20.01152801513672,20.08537261183842,19.6423121854487,20.01152801513672,1599954,0.0,0.0
2008-05-07 00:00:00+08:00,20.085375553238375,20.23306190674149,19.642315061964723,19.679237365722656,1620271,0.0,0.0
2008-05-08 00:00:00+08:00,19.49462750856284,19.642313852975825,19.199254819736865,19.27309799194336,1305359,0.0,0.0
2008-05-09 00:00:00+08:00,19.273097669325605,19.568470353207253,19.273097669325605,19.31001853942871,848229,0.0,0.0
2008-05-12 00:00:00+08:00,19.42078048696997,19.457701350373036,18.83003379564551,19.162328720092773,639981,0.0,0.0
2008-05-13 00:00:00+08:00,19.16233476971244,19.34694343730121,18.94080522706455,19.12541389465332,690773,0.0,0.0
2008-05-14 00:00:00+08:00,19.125412508948592,19.90076656742122,19.05156790265188,19.716157913208008,2239935,0.0,0.0
2008-05-15 00:00:00+08:00,19.93769076692611,20.122298007933797,19.790002971049773,19.82692527770996,1869152,0.0,0.0
2008-05-16 00:00:00+08:00,19.82692371922577,20.01153094572251,19.605394188971097,19.679237365722656,1417102,0.0,0.0
2008-05-19 00:00:00+08:00,19.863844264272863,19.863844264272863,19.60539386529151,19.716157913208008,985368,0.0,0.0
2008-05-20 00:00:00+08:00,19.826923895628976,20.196139782671732,19.60539436340332,19.60539436340332,2280569,0.0,0.0
2008-05-21 00:00:00+08:00,19.494629082097507,19.753080921063624,19.420785903930664,19.420785903930664,3555453,0.0,0.0
2008-05-22 00:00:00+08:00,19.273094825857026,20.159214177531968,19.1254085057052,20.085371017456055,4667802,0.0,0.0
2008-05-23 00:00:00+08:00,21.488394885413314,21.488394885413314,19.937686920166016,19.937686920166016,18732161,0.0,0.0
2008-05-26 00:00:00+08:00,19.974608877966787,20.45459021352444,19.05156707763672,19.05156707763672,8045483,0.0,0.0
2008-05-27 00:00:00+08:00,19.125413191263295,19.56847226026435,18.71927499596349,19.420785903930664,3636721,0.0,0.0
2008-05-28 00:00:00+08:00,19.494623493561786,20.269977357424633,19.310014885684375,19.34693717956543,6740124,0.0,0.0
2008-05-29 00:00:00+08:00,19.790001794764876,19.86384497293172,19.34694272576382,19.420785903930664,2468500,0.0,0.0
2008-05-30 00:00:00+08:00,19.642313852975825,19.71615702518232,18.83003752794018,19.27309799194336,2991660,0.0,0.0
2008-06-02 00:00:00+08:00,19.420786107189407,19.568472465068783,18.977725602786926,19.236177444458008,1564399,0.0,0.0
2008-06-03 00:00:00+08:00,18.83003772932491,19.236175896186328,18.83003772932491,18.977724075317383,1163141,0.0,0.0
2008-06-04 00:00:00+08:00,19.125411327384782,19.31001853942871,18.97772355467976,19.31001853942871,1325676,0.0,0.0
2008-06-05 00:00:00+08:00,19.568467462895054,20.15921417416776,19.346937982704283,19.863840103149414,3596087,0.0,0.0
2008-06-06 00:00:00+08:00,20.306901937961335,20.565353731939854,20.04845014398282,20.196136474609375,4708436,0.0,0.0
2008-06-09 00:00:00+08:00,19.789999873987828,20.528433014749773,19.64231353198828,20.45458984375,2788491,0.0,0.0
2008-06-10 00:00:00+08:00,20.528431936440715,20.786883736746173,19.974607467651367,19.974607467651367,2752936,0.0,0.0
2008-06-11 00:00:00+08:00,19.937687972566017,20.04845201549365,19.27309799194336,19.27309799194336,2854521,0.0,0.0
2008-06-12 00:00:00+08:00,18.83003573360354,19.051565229113212,17.94391632080078,17.94391632080078,2829125,0.0,0.0
2008-06-13 00:00:00+08:00,17.722386825291114,18.202368114277437,17.722386825291114,17.94391632080078,1909786,0.0,0.0
2008-06-16 00:00:00+08:00,18.165445358679598,18.386976279372462,16.98395331496188,17.057796478271484,1803122,0.0,0.0
2008-06-17 00:00:00+08:00,17.27932857764991,17.27932857764991,16.097836355508335,16.873191833496094,3575770,0.0,0.0
2008-06-18 00:00:00+08:00,16.725503380115562,18.01775948597067,16.614737916978683,17.94391632080078,4139563,0.0,0.0
2008-06-19 00:00:00+08:00,17.722386819417682,18.534663066781352,17.427014158836016,18.0546817779541,2255173,0.0,0.0
2008-06-20 00:00:00+08:00,18.386976248074564,18.534662574442386,17.759308645629304,18.16544532775879,2839283,0.0,0.0
2008-06-23 00:00:00+08:00,18.017759001390967,18.423897114284497,17.722386348655327,18.16544532775879,1737093,0.0,0.0
2008-06-24 00:00:00+08:00,18.165447920727754,18.608508393838516,17.870075225830078,17.870075225830078,1681221,0.0,0.0
2008-06-25 00:00:00+08:00,17.870075225830078,18.165447920727754,17.722388878381242,17.870075225830078,990447,0.0,0.0
2008-06-26 00:00:00+08:00,18.01775964315977,18.460820068808506,17.87007331153156,17.980838775634766,2041846,0.0,0.0
2008-06-27 00:00:00+08:00,16.725503117300715,17.5747002187927,16.725503117300715,16.98395347595215,1991054,0.0,0.0
2008-06-30 00:00:00+08:00,17.057799095079265,17.35317322439457,16.614740047252706,16.651660919189453,1244408,0.0,0.0
2008-07-01 00:00:00+08:00,16.76242799522331,16.947036664806657,15.507092475891113,15.507092475891113,3260858,0.0,0.0
2008-07-02 00:00:00+08:00,15.507090353036887,16.24552206875333,15.137873064414457,15.913227081298828,2818966,0.0,0.0
2008-07-03 00:00:00+08:00,15.728620664217285,16.688583374023438,15.137873830965699,16.688583374023438,2001212,0.0,0.0
2008-07-04 00:00:00+08:00,16.836266517589365,16.836266517589365,15.728617668151857,15.728617668151855,1681221,0.0,0.0
2008-07-07 00:00:00+08:00,15.7286178235505,16.09783363342285,15.7286178235505,16.09783363342285,1229171,0.0,0.0
2008-07-08 00:00:00+08:00,15.802459421870036,16.540892399310742,15.507086803199307,16.060911178588867,1864073,0.0,0.0
2008-07-09 00:00:00+08:00,16.208600830349035,16.762425319944423,16.171678530019392,16.28244400024414,1874231,0.0,0.0
2008-07-10 00:00:00+08:00,16.540894036033695,16.540894036033695,16.09783363342285,16.09783363342285,1325676,0.0,0.0
2008-07-11 00:00:00+08:00,16.467054216094176,16.503975089192597,16.171680077485263,16.430131912231445,706011,0.0,0.0
2008-07-14 00:00:00+08:00,16.4670538480907,16.836269724645266,16.4670538480907,16.688583374023438,1305359,0.0,0.0
2008-07-15 00:00:00+08:00,16.61473703397891,16.61473703397891,15.876303990760377,16.171676635742188,1320597,0.0,0.0
2008-07-16 00:00:00+08:00,16.17167868329245,16.24552185388743,15.064029693603516,15.064029693603516,2443104,0.0,0.0
2008-07-17 00:00:00+08:00,15.359402177598064,15.654774828648245,15.285557584071482,15.470166206359863,1513607,0.0,0.0
2008-07-18 00:00:00+08:00,15.728619129574033,15.839384597115144,15.211715522067706,15.396324157714844,2031687,0.0,0.0
2008-07-21 00:00:00+08:00,15.433245137547607,16.02399191741496,15.433245137547607,15.87630558013916,1569478,0.0,0.0
2008-07-22 00:00:00+08:00,15.950147749054231,16.98395347595215,15.950147749054231,16.98395347595215,4210672,0.0,0.0
2008-07-23 00:00:00+08:00,17.648543185471418,18.16544532775879,17.427013695919687,18.16544532775879,7786443,0.0,0.0
2008-07-24 00:00:00+08:00,18.495420455932617,18.83323546443515,18.36873852551923,18.495420455932617,8222763,1.871012,1.09951
2008-07-25 00:00:00+08:00,18.157609372968476,18.284289852895302,17.735338626116526,18.242063522338867,1524444,0.0,0.0
2008-07-28 00:00:00+08:00,18.242063522338867,18.242063522338867,18.242063522338867,18.242063522338867,0,0.0,0.0
2008-07-29 00:00:00+08:00,18.242063522338867,18.242063522338867,18.242063522338867,18.242063522338867,0,0.0,0.0
2008-07-30 00:00:00+08:00,18.242063522338867,18.242063522338867,18.242063522338867,18.242063522338867,0,0.0,0.0
2008-07-31 00:00:00+08:00,18.242063522338867,18.242063522338867,18.242063522338867,18.242063522338867,0,0.0,0.0
2008-08-01 00:00:00+08:00,18.242063522338867,18.242063522338867,18.242063522338867,18.242063522338867,0,0.0,0.0
2008-08-04 00:00:00+08:00,18.242063522338867,18.242063522338867,18.242063522338867,18.242063522338867,0,0.0,0.0
2008-08-05 00:00:00+08:00,18.242063522338867,18.242063522338867,18.242063522338867,18.242063522338867,0,0.0,0.0
2008-08-06 00:00:00+08:00,18.242063522338867,18.242063522338867,18.242063522338867,18.242063522338867,0,0.0,0.0
2008-08-07 00:00:00+08:00,18.242063522338867,18.242063522338867,18.242063522338867,18.242063522338867,0,0.0,0.0
2008-08-08 00:00:00+08:00,18.242063522338867,18.242063522338867,18.242063522338867,18.242063522338867,0,0.0,0.0
2008-08-11 00:00:00+08:00,18.242063522338867,18.242063522338867,18.242063522338867,18.242063522338867,0,0.0,0.0
2008-08-12 00:00:00+08:00,18.242063522338867,18.242063522338867,18.242063522338867,18.242063522338867,0,0.0,0.0
2008-08-13 00:00:00+08:00,18.242063522338867,18.242063522338867,18.242063522338867,18.242063522338867,0,0.0,0.0
2008-08-14 00:00:00+08:00,18.242063522338867,18.242063522338867,18.242063522338867,18.242063522338867,0,0.0,0.0
2008-08-15 00:00:00+08:00,18.242063522338867,18.242063522338867,18.242063522338867,18.242063522338867,0,0.0,0.0
2008-08-18 00:00:00+08:00,17.22861066011392,17.313064787140945,16.215162624046716,16.34184455871582,1214936,0.0,0.0
2008-08-19 00:00:00+08:00,16.046261746742427,16.38407689056135,15.835125607565722,16.130714416503906,859232,0.0,0.0
2008-08-20 00:00:00+08:00,16.046255515037483,16.29961640244232,15.877347264596198,16.21516227722168,910047,0.0,0.0
2008-08-21 00:00:00+08:00,16.172937474619065,16.55298032960459,16.04625701904297,16.04625701904297,877710,0.0,0.0
2008-08-22 00:00:00+08:00,16.046259267878167,16.257393886180626,15.708442687988281,15.708442687988281,1122545,0.0,0.0
2008-08-25 00:00:00+08:00,15.877349853515627,16.13071078223284,15.750667900899684,15.877349853515625,928525,0.0,0.0
2008-08-26 00:00:00+08:00,15.750672340393065,15.79290016591985,15.623991840328221,15.750672340393066,535865,0.0,0.0
2008-08-27 00:00:00+08:00,15.750666808936687,16.04625701904297,15.750666808936687,16.04625701904297,951623,0.0,0.0
2008-08-28 00:00:00+08:00,16.21516606956567,16.21516606956567,15.708442687988281,15.708442687988281,928525,0.0,0.0
2008-08-29 00:00:00+08:00,15.919573583077973,16.21516227722168,15.539530763713625,16.21516227722168,1510586,0.0,0.0
2008-09-01 00:00:00+08:00,15.961806671564721,16.17294131035205,15.539535905732478,15.623990058898926,813037,0.0,0.0
2008-09-02 00:00:00+08:00,15.623988081239558,15.792896366192316,15.581761754130067,15.666215896606445,1145643,0.0,0.0
2008-09-03 00:00:00+08:00,15.623987628427905,15.666215442570953,14.610539436340332,14.610539436340332,2249711,0.0,0.0
2008-09-04 00:00:00+08:00,14.188269752887713,15.201716423034668,13.597092280592438,15.201716423034668,2060310,0.0,0.0
2008-09-05 00:00:00+08:00,14.14604377746582,14.526086700196023,14.14604377746582,14.14604377746582,1113306,0.0,0.0
2008-09-08 00:00:00+08:00,14.39940160137268,14.779444402149844,14.272721163865965,14.526082038879395,1801616,0.0,0.0
2008-09-09 00:00:00+08:00,14.357177972793579,14.357177972793579,13.512638092041016,13.512638092041016,1228794,0.0,0.0
2008-09-10 00:00:00+08:00,13.343729649426557,13.934907111997132,13.343729649426557,13.765998840332031,780700,0.0,0.0
2008-09-11 00:00:00+08:00,13.934909441589694,13.934909441589694,13.343731880187988,13.343731880187988,822276,0.0,0.0
2008-09-12 00:00:00+08:00,13.512636814305333,13.512636814305333,12.45696169112344,12.710323333740234,919286,0.0,0.0
2008-09-15 00:00:00+08:00,12.076921244239607,12.161375389861792,11.823558807373047,11.823558807373047,1339663,0.0,0.0
2008-09-16 00:00:00+08:00,11.021247863769531,11.021247863769531,11.021247863769531,11.021247863769531,392660,0.0,0.0
2008-09-17 00:00:00+08:00,11.147926920944752,11.401288608916493,10.261159896850586,10.261159896850586,2420633,0.0,0.0
2008-09-18 00:00:00+08:00,9.543302536010742,9.543302536010742,9.543302536010742,9.543302536010742,646734,0.0,0.0
2008-09-19 00:00:00+08:00,9.796662471044737,10.176705360412598,9.45884665206538,10.176705360412598,5118439,0.0,0.0
2008-09-22 00:00:00+08:00,10.852339744567871,10.852339744567871,10.556750197317209,10.852339744567871,2083408,0.0,0.0
2008-09-23 00:00:00+08:00,10.556748847007178,11.570197105407715,10.514521774229761,11.570197105407715,2762478,0.0,0.0
2008-09-24 00:00:00+08:00,11.78133247869068,12.034694171428514,11.316834677768655,11.823558807373047,2023354,0.0,0.0
2008-09-25 00:00:00+08:00,11.485742959852882,11.823558797943486,11.401288814298049,11.570197105407715,1829333,0.0,0.0
2008-09-26 00:00:00+08:00,11.57019510274997,11.739103364623702,10.767882347106934,10.767882347106934,2009495,0.0,0.0
2008-09-29 00:00:00+08:00,10.767882347106934,10.767882347106934,10.767882347106934,10.767882347106934,0,0.0,0.0
2008-09-30 00:00:00+08:00,10.050025939941406,10.050025939941406,10.050025939941406,10.050025939941406,508148,0.0,0.0
2008-10-01 00:00:00+08:00,10.134478269298048,10.725656509399414,10.134478269298048,10.725656509399414,1164121,0.0,0.0
2008-10-02 00:00:00+08:00,11.443512916564941,11.443512916564941,11.063470104348548,11.443512916564941,2369818,0.0,0.0
2008-10-03 00:00:00+08:00,11.23238097973538,11.401288522391793,10.767883935205008,11.359062194824219,1228794,0.0,0.0
2008-10-06 00:00:00+08:00,10.979018187083609,11.190153538594341,10.641202368795122,10.725656509399414,923906,0.0,0.0
2008-10-07 00:00:00+08:00,10.050024761964323,10.59897518157959,10.007797692127967,10.59897518157959,1164121,0.0,0.0
2008-10-08 00:00:00+08:00,9.923342980794867,10.134477573685002,9.881115913391113,9.881115913391113,1727704,0.0,0.0
2008-10-09 00:00:00+08:00,9.881114894516537,10.556746415052718,9.881114894516537,10.303384780883789,1113306,0.0,0.0
2008-10-13 00:00:00+08:00,9.965571790369712,10.30338764452773,9.965571790369712,10.050025939941406,734505,0.0,0.0
2008-10-14 00:00:00+08:00,10.725656509399414,10.725656509399414,10.387840691110926,10.725656509399414,1274990,0.0,0.0
2008-10-15 00:00:00+08:00,10.556747561437874,10.683428764343262,10.38784003502599,10.683428764343262,776081,0.0,0.0
2008-10-16 00:00:00+08:00,10.345614433288574,10.472295654143764,10.345614433288574,10.345614433288574,438855,0.0,0.0
2008-10-17 00:00:00+08:00,10.303387936302316,10.430069164247257,10.00779914855957,10.00779914855957,582060,0.0,0.0
2008-10-20 00:00:00+08:00,9.66998301099754,10.218933494956035,9.66998301099754,10.050025939941406,716027,0.0,0.0
2008-10-21 00:00:00+08:00,10.38784099833697,10.556748540412405,9.796662740751186,10.134478569030762,609777,0.0,0.0
2008-10-22 00:00:00+08:00,9.796661778583607,10.345612910703768,9.796661778583607,9.881115913391113,498909,0.0,0.0
2008-10-23 00:00:00+08:00,9.543302536010742,9.62775669221405,9.543302536010742,9.543302536010742,697549,0.0,0.0
2008-10-24 00:00:00+08:00,9.289937290061259,9.712206422753688,9.247710227966309,9.247710227966309,309508,0.0,0.0
2008-10-27 00:00:00+08:00,8.614307788869366,8.952123649272892,8.614307788869366,8.698761940002441,1007057,0.0,0.0
2008-10-28 00:00:00+08:00,8.124474945098607,9.036578178405762,8.090693729709574,9.036578178405762,1612215,0.0,0.0
2008-10-29 00:00:00+08:00,9.45884681700793,9.5855280303825,9.163258063262628,9.205484390258789,1353522,0.0,0.0
2008-10-30 00:00:00+08:00,9.585525451674645,9.71220588684082,9.289936777448911,9.71220588684082,720646,0.0,0.0
2008-10-31 00:00:00+08:00,9.712207601739122,9.965570005065022,9.374391808099881,9.627754211425781,951623,0.0,0.0
2008-11-03 00:00:00+08:00,9.92334118566527,9.92334118566527,9.416617212615085,9.71220588684082,947003,0.0,0.0
2008-11-04 00:00:00+08:00,9.71220588684082,9.71220588684082,9.374390152850195,9.71220588684082,785320,0.0,0.0
2008-11-05 00:00:00+08:00,9.965570329181151,10.387840270996094,9.838889123398074,10.387840270996094,3062748,0.0,0.0
2008-11-06 00:00:00+08:00,9.796661456728343,9.965569720794116,9.669981002807617,9.669981002807617,1972539,0.0,0.0
2008-11-07 00:00:00+08:00,9.121030148902609,9.838888803402071,9.03657601446064,9.627754211425781,923906,0.0,0.0
2008-11-10 00:00:00+08:00,9.627754211425781,9.669981278646764,9.374391808099881,9.627754211425781,706788,0.0,0.0
2008-11-11 00:00:00+08:00,9.374392624583738,9.669982120875655,9.374392624583738,9.501073837280273,734505,0.0,0.0
2008-11-12 00:00:00+08:00,8.95212418671642,9.543302536010742,8.95212418671642,9.543302536010742,554343,0.0,0.0
2008-11-13 00:00:00+08:00,9.20548367398294,9.20548367398294,8.909894943237305,8.909894943237305,947003,0.0,0.0
2008-11-14 00:00:00+08:00,9.036575113773434,9.374390873742138,8.994348050761277,9.33216381072998,1201077,0.0,0.0
2008-11-17 00:00:00+08:00,9.543301761839201,9.543301761839201,9.205485164430328,9.374393463134766,558963,0.0,0.0
2008-11-18 00:00:00+08:00,9.289939880371094,9.289939880371094,8.783214993941813,9.289939880371094,1556781,0.0,0.0
2008-11-19 00:00:00+08:00,9.121032499123032,9.62775669221405,8.95212418671642,9.543302536010742,1238034,0.0,0.0
2008-11-20 00:00:00+08:00,9.374393283980563,9.458847431718775,9.121031584894666,9.289939880371094,605158,0.0,0.0
2008-11-21 00:00:00+08:00,9.28994015489125,9.754436492919922,9.121031854423538,9.754436492919922,794559,0.0,0.0
2008-11-24 00:00:00+08:00,9.754433484848638,9.754433484848638,9.163256103776408,9.247710227966309,886949,0.0,0.0
2008-11-25 00:00:00+08:00,9.458844999766452,9.62775325181508,9.163256302809906,9.33216381072998,762222,0.0,0.0
2008-11-26 00:00:00+08:00,9.374394223604131,9.585529614112396,9.374394223604131,9.543302536010742,512767,0.0,0.0
2008-11-27 00:00:00+08:00,9.669982538673443,10.134478850372219,9.62775546595015,10.092251777648926,1847812,0.0,0.0
2008-11-28 00:00:00+08:00,10.092251991578197,10.472295654143764,9.965571514851748,10.345614433288574,1432054,0.0,0.0
2008-12-01 00:00:00+08:00,10.34561404088407,10.51452158482233,10.13447868080036,10.261159896850586,1062491,0.0,0.0
2008-12-02 00:00:00+08:00,9.838889400410698,10.007797679543724,9.754435260844184,9.796662330627441,1062491,0.0,0.0
2008-12-03 00:00:00+08:00,9.712208734649872,9.881117023236637,9.458847045898438,9.458847045898438,1335044,0.0,0.0
2008-12-04 00:00:00+08:00,9.669981556916218,9.75443494965984,9.501073283171673,9.585527420043945,1187219,0.0,0.0
2008-12-05 00:00:00+08:00,9.712210104288536,9.712210104288536,9.543302536010742,9.543302536010742,628256,0.0,0.0
2008-12-08 00:00:00+08:00,9.838889812302222,10.134478569030762,9.796662740751186,10.134478569030762,1598357,0.0,0.0
2008-12-09 00:00:00+08:00,10.218933685609095,10.810111999511719,10.218933685609095,10.810111999511719,4554856,0.0,0.0
2008-12-10 00:00:00+08:00,10.894563823886157,11.443514982469436,10.810110429136062,11.274606704711914,3940459,0.0,0.0
2008-12-11 00:00:00+08:00,11.316832664280117,11.992464964920522,11.274605598982054,11.739103317260742,4217630,0.0,0.0
2008-12-12 00:00:00+08:00,11.40128919668373,12.161375788040896,11.40128919668373,11.654651641845703,4577954,0.0,0.0
2008-12-15 00:00:00+08:00,11.992465696408498,12.161373967903414,11.739104033294764,12.034692764282227,3861927,0.0,0.0
2008-12-16 00:00:00+08:00,11.992466814183574,11.992466814183574,11.443515624787953,11.865785598754883,2300525,0.0,0.0
2008-12-17 00:00:00+08:00,12.076921933777873,12.161376084222015,11.612424850463867,11.612424850463867,1482869,0.0,0.0
2008-12-18 00:00:00+08:00,11.570196840216644,11.865785598754883,11.485742696597516,11.865785598754883,1247273,0.0,0.0
2008-12-19 00:00:00+08:00,11.781332199264464,11.908012670564446,11.654650983835772,11.865785598754883,1191838,0.0,0.0
2008-12-22 00:00:00+08:00,11.992465030917723,12.456962007624046,11.69687557220459,11.69687557220459,3681765,0.0,0.0
2008-12-23 00:00:00+08:00,11.654652007593072,11.739106158630742,10.979019543420469,11.316835403442383,1196458,0.0,0.0
2008-12-24 00:00:00+08:00,11.14792776714986,11.612424850463867,11.14792776714986,11.612424850463867,660592,0.0,0.0
2008-12-25 00:00:00+08:00,11.57019410201325,11.73910234927766,11.401285854748838,11.443512916564941,951623,0.0,0.0
2008-12-26 00:00:00+08:00,11.35906304223329,11.696878152747807,11.35906304223329,11.485743522644043,697549,0.0,0.0
2008-12-29 00:00:00+08:00,11.485741211557116,11.570195344256808,11.359060756636188,11.401287078857422,397279,0.0,0.0
2008-12-30 00:00:00+08:00,11.485742969013028,11.99246709861742,11.485742969013028,11.823558807373047,1316566,0.0,0.0
2008-12-31 00:00:00+08:00,12.161375380162815,12.161375380162815,11.401288814298049,11.570197105407715,1589118,0.0,0.0
2009-01-02 00:00:00+08:00,11.570197105407715,11.570197105407715,11.570197105407715,11.570197105407715,0,0.0,0.0
2009-01-05 00:00:00+08:00,11.739104450334747,12.372509002685547,11.696876636832206,12.372509002685547,2877967,0.0,0.0
2009-01-06 00:00:00+08:00,12.288054427395961,12.288054427395961,11.95023862853477,12.034692764282227,1496727,0.0,0.0
2009-01-07 00:00:00+08:00,12.076919555664062,12.330281212977274,11.950238354943146,12.076919555664062,1824714,0.0,0.0
2009-01-08 00:00:00+08:00,11.95023789962246,12.330280743176429,11.696875507834086,11.739103317260742,2314384,0.0,0.0
2009-01-09 00:00:00+08:00,11.992467491266249,11.992467491266249,11.654651641845703,11.654651641845703,1044013,0.0,0.0
2009-01-12 00:00:00+08:00,11.908013342878924,11.992467491266249,11.612424567652042,11.654651641845703,655973,0.0,0.0
2009-01-13 00:00:00+08:00,11.570195119741847,11.739103381863636,11.5279680542114,11.69687557220459,637495,0.0,0.0
2009-01-14 00:00:00+08:00,11.696877971910615,11.865786268685262,11.612424567652042,11.654651641845703,443474,0.0,0.0
2009-01-15 00:00:00+08:00,11.401288407965609,11.485742550510565,11.147926724459438,11.232380867004395,392660,0.0,0.0
2009-01-16 00:00:00+08:00,11.359061844924565,10.979018211364746,10.810110673911288,10.979018211364746,1339663,0.0,0.0
2009-01-19 00:00:00+08:00,10.894564460180172,11.31683443510787,10.894564460180172,11.063472747802734,933145,0.0,0.0
2009-01-20 00:00:00+08:00,10.76788558821054,11.063474391332383,10.725658510031874,10.852339744567871,420377,0.0,0.0
2009-01-21 00:00:00+08:00,10.725657848364376,11.063473708824972,10.725657848364376,10.810111999511719,517387,0.0,0.0
2009-02-02 00:00:00+08:00,10.810110650003706,10.894564046479317,10.683429439097267,10.725656509399414,346464,0.0,0.0
2009-02-03 00:00:00+08:00,10.81011024750785,11.274606515279377,10.725656110048064,11.190153121948242,896188,0.0,0.0
2009-02-04 00:00:00+08:00,11.359062080821829,11.485742550510565,11.232380867004395,11.232380867004395,896188,0.0,0.0
2009-02-05 00:00:00+08:00,11.10569953918457,11.401288290928939,10.979018326667546,11.10569953918457,614397,0.0,0.0
2009-02-06 00:00:00+08:00,11.23238126731711,11.865785870720902,11.23238126731711,11.570197105407715,3441549,0.0,0.0
2009-02-09 00:00:00+08:00,11.570194516331144,11.823556152171872,11.52796745300293,11.52796745300293,1427434,0.0,0.0
2009-02-10 00:00:00+08:00,11.739105971723074,11.739105971723074,11.401289372951034,11.485743522644043,669831,0.0,0.0
2009-02-11 00:00:00+08:00,11.316835223258023,11.527970597490548,11.063473518307754,11.485743522644043,1030155,0.0,0.0
2009-02-12 00:00:00+08:00,11.485743624797655,11.950240708111663,11.485743624797655,11.612424850463867,2185037,0.0,0.0
2009-02-13 00:00:00+08:00,11.95023789962246,11.95023789962246,11.612422121366555,11.739103317260742,1131784,0.0,0.0
2009-02-16 00:00:00+08:00,11.82355948244545,11.865786557667521,11.570197775241796,11.612424850463867,789939,0.0,0.0
2009-02-17 00:00:00+08:00,11.654650329666339,11.739104468545099,11.232380379401201,11.274606704711914,780700,0.0,0.0
2009-02-18 00:00:00+08:00,11.105699653186958,11.401288407965609,11.06347258191448,11.232380867004395,475811,0.0,0.0
2009-02-19 00:00:00+08:00,11.105700769976977,11.316835403442383,11.06347369445814,11.316835403442383,369562,0.0,0.0
2009-02-20 00:00:00+08:00,11.316834378999234,11.401288522391793,11.1901539080391,11.359062194824219,438855,0.0,0.0
2009-02-23 00:00:00+08:00,11.35906304223329,11.485743522644043,11.147927668000765,11.485743522644043,415757,0.0,0.0
2009-02-24 00:00:00+08:00,11.274606401826222,12.203600416278379,11.274606401826222,12.16137409210205,2817913,0.0,0.0
2009-02-25 00:00:00+08:00,12.330283825158586,12.79478091541077,12.330283825158586,12.625872611999512,5039907,0.0,0.0
2009-02-26 00:00:00+08:00,12.837008367099903,13.470412254333496,12.837008367099903,13.470412254333496,6393429,0.0,0.0
2009-02-27 00:00:00+08:00,13.42818434971383,14.061588162697218,13.42818434971383,13.597092628479004,5173873,0.0,0.0
2009-03-02 00:00:00+08:00,13.428184840757696,13.681545779913057,13.048141943767261,13.090368270874023,3067367,0.0,0.0
2009-03-03 00:00:00+08:00,13.005913270635098,13.597092228942001,12.668098211288452,13.512638092041016,2452970,0.0,0.0
2009-03-04 00:00:00+08:00,13.681546258944445,14.35717942236771,13.681546258944445,14.103816986083984,4628769,0.0,0.0
2009-03-05 00:00:00+08:00,14.357179892071764,14.6105408483869,13.977136969341563,14.14604377746582,3252149,0.0,0.0
2009-03-06 00:00:00+08:00,14.610541735070893,15.117266654968262,14.399407095909117,15.117266654968262,4531758,0.0,0.0
2009-03-09 00:00:00+08:00,15.117268351811093,16.04626265430729,15.117268351811093,15.750672340393066,4300782,0.0,0.0
2009-03-10 00:00:00+08:00,15.79289432544932,16.468525889698476,15.243943214416504,15.243943214416504,4587193,0.0,0.0
2009-03-11 00:00:00+08:00,15.455081779975588,15.623990086608043,14.948358348335805,15.117266654968262,3339920,0.0,0.0
2009-03-12 00:00:00+08:00,15.11726555992213,15.370626513260573,14.779448971127565,14.821675300598145,2166559,0.0,0.0
2009-03-13 00:00:00+08:00,15.075038834181354,15.455081779975588,14.948358348335805,15.117266654968262,4263826,0.0,0.0
2009-03-16 00:00:00+08:00,15.201721909625434,15.370630245031261,14.906134555051999,14.99058723449707,2693185,0.0,0.0
2009-03-17 00:00:00+08:00,15.075037553283344,16.004031672569358,14.948357078201601,15.96180534362793,5326318,0.0,0.0
2009-03-18 00:00:00+08:00,15.961806671564721,16.46853010230583,15.623990058898928,15.623990058898926,5783651,0.0,0.0
2009-03-19 00:00:00+08:00,15.961807765625538,16.679665884357703,15.792899447715257,16.384077072143555,4813550,0.0,0.0
2009-03-20 00:00:00+08:00,16.63743173819608,17.27083688886464,16.510749815108177,17.228609085083008,5626587,0.0,0.0
2009-03-23 00:00:00+08:00,17.313067870373803,17.904245376586914,17.05970544417216,17.904245376586914,3455408,0.0,0.0
2009-03-24 00:00:00+08:00,18.073154100838167,18.453197005266727,17.39752243610488,17.439748764038086,4813550,0.0,0.0
2009-03-25 00:00:00+08:00,17.43974774170472,17.904244763027897,17.39752141624686,17.481975555419922,2864108,0.0,0.0
2009-03-26 00:00:00+08:00,17.566432182271033,18.073155600811933,17.397523880004883,17.397523880004883,2887206,0.0,0.0
2009-03-27 00:00:00+08:00,17.48197310067831,17.693107674835712,16.975248336791992,16.975248336791992,2984216,0.0,0.0
2009-03-30 00:00:00+08:00,16.975250573840103,17.3130671276161,16.55298136987743,17.101932525634766,2078788,0.0,0.0
2009-03-31 00:00:00+08:00,17.228612051704456,17.904243634235705,17.059703784007333,17.650882720947266,5136917,0.0,0.0
2009-04-02 00:00:00+08:00,18.410968437327075,18.579876705024198,17.5242007760458,17.650882720947266,3353778,0.0,0.0
2009-04-03 00:00:00+08:00,17.566428587098702,17.94647144528861,17.566428587098702,17.650882720947266,2175798,0.0,0.0
2009-04-06 00:00:00+08:00,18.875468533697187,18.875468533697187,18.19983684004897,18.579879760742188,5026048,0.0,0.0
2009-04-07 00:00:00+08:00,17.988698645875292,18.495423473693215,17.988698645875292,18.326515197753906,1760040,0.0,0.0
2009-04-08 00:00:00+08:00,18.157609372968476,18.74878693030369,17.819792775486917,18.242063522338867,2309765,0.0,0.0
2009-04-09 00:00:00+08:00,18.073154874312905,18.875468533697187,18.073154874312905,18.579879760742188,4808930,0.0,0.0
2009-04-10 00:00:00+08:00,19.086604123381157,19.086604123381157,18.073155787569423,18.157609939575195,4513280,0.0,0.0
2009-04-13 00:00:00+08:00,18.242061059784252,18.74878439934486,18.242061059784252,18.326515197753906,3168997,0.0,0.0
2009-04-14 00:00:00+08:00,18.24206017621254,18.875465436176693,18.24206017621254,18.284286499023438,4189913,0.0,0.0
2009-04-15 00:00:00+08:00,18.326518243586747,18.57988069960407,17.90424748355787,18.157609939575195,2919542,0.0,0.0
2009-04-16 00:00:00+08:00,18.410971821079645,18.6643327809333,17.86202059430087,18.242063522338867,5589631,0.0,0.0
2009-04-17 00:00:00+08:00,18.326513845043973,18.495422108515886,16.97524922552588,17.01747703552246,5608109,0.0,0.0
2009-04-20 00:00:00+08:00,17.0597032783228,17.313065672358306,16.215163453128316,17.14415740966797,2175798,0.0,0.0
2009-04-21 00:00:00+08:00,16.975250547166603,17.819790442022235,16.72188962049004,17.735336303710938,2693185,0.0,0.0
2009-04-22 00:00:00+08:00,17.735337092452486,18.326516086922986,17.735337092452486,17.904245376586914,2720903,0.0,0.0
2009-04-23 00:00:00+08:00,18.326514017694826,18.748783192095523,17.904243355036908,18.622102737426758,5330937,0.0,0.0
2009-04-24 00:00:00+08:00,18.664329481757797,19.593323472362176,18.664329481757797,19.255508422851562,7127934,0.0,0.0
2009-04-27 00:00:00+08:00,19.76223543654141,20.184504699453154,19.29773835438397,19.508872985839844,7312716,0.0,0.0
2009-04-28 00:00:00+08:00,19.593323699922696,19.593323699922696,18.410968780517578,18.410968780517578,3418452,0.0,0.0
2009-04-29 00:00:00+08:00,18.833238034166133,18.95991998186484,17.14415829641311,17.186386108398438,6836904,0.0,0.0
2009-04-30 00:00:00+08:00,18.157611153828157,18.368745803833008,17.77756818851636,18.368745803833008,3118182,0.0,0.0
2009-05-04 00:00:00+08:00,19.002149689766167,19.466646774785364,18.579880424252828,18.875469207763672,5335557,0.0,0.0
2009-05-05 00:00:00+08:00,19.339966932777738,19.846690365813657,18.917696165033146,19.67778205871582,7266520,0.0,0.0
2009-05-06 00:00:00+08:00,19.42441674974215,20.56454691133915,19.297736282123537,20.226730346679688,8162709,0.0,0.0
2009-05-07 00:00:00+08:00,20.18449736119267,20.26895296897944,19.17105090334929,19.42441177368164,6689079,0.0,0.0
2009-05-08 00:00:00+08:00,19.339963961703265,20.100049738618843,19.255509821128495,19.84668731689453,6319517,0.0,0.0
2009-05-11 00:00:00+08:00,20.184502175344008,21.19795036315918,19.888914918875543,21.19795036315918,12736044,0.0,0.0
2009-05-12 00:00:00+08:00,21.28240314158876,21.746900135950312,20.311182829858808,21.113494873046875,9266777,0.0,0.0
2009-05-13 00:00:00+08:00,21.113496724812304,22.338079546757477,21.113496724812304,22.21139907836914,8361349,0.0,0.0
2009-05-14 00:00:00+08:00,21.95803610288916,23.478209126728256,21.95803610288916,22.295852661132812,11830616,0.0,0.0
2009-05-15 00:00:00+08:00,22.549219444366834,22.63367360027441,21.78913352945628,21.83135986328125,8329012,0.0,0.0
2009-05-18 00:00:00+08:00,21.83135595567157,22.67589587532491,21.83135595567157,21.958036422729492,5709739,0.0,0.0
2009-05-19 00:00:00+08:00,22.380310256429055,23.224850294185956,22.084721466452777,22.6336727142334,8892595,0.0,0.0
2009-05-20 00:00:00+08:00,22.971484718357406,23.816024641481057,22.29585307750996,23.43598175048828,11484151,0.0,0.0
2009-05-21 00:00:00+08:00,23.435980354600396,25.040607452392578,23.435980354600396,25.040607452392578,10758885,0.0,0.0
2009-05-22 00:00:00+08:00,25.08283190148314,26.77191162109375,25.08283190148314,26.77191162109375,10842036,0.0,0.0
2009-05-25 00:00:00+08:00,28.29208643516552,28.46099472486209,24.913928082521263,25.336198806762695,21591683,0.0,0.0
2009-05-26 00:00:00+08:00,24.913925315622468,24.913925315622468,23.56266212463379,23.56266212463379,10809700,0.0,0.0
2009-05-27 00:00:00+08:00,22.887031249575905,24.660565289062752,22.464762019737684,23.731571197509766,15590913,0.0,0.0
2009-06-01 00:00:00+08:00,24.15383879265271,24.407199702494566,22.591439570094224,22.802574157714844,9294494,0.0,0.0
2009-06-02 00:00:00+08:00,23.35152478871351,23.816021764737677,21.28240230140327,21.535764694213867,10643397,0.0,0.0
2009-06-03 00:00:00+08:00,21.53577106173355,22.295856976644103,20.775685146822994,21.83135986328125,8084177,0.0,0.0
2009-06-04 00:00:00+08:00,22.042489694057334,22.380306243896484,21.366858082636337,22.380306243896484,6167072,0.0,0.0
2009-06-05 00:00:00+08:00,22.54921621466188,23.01371326149522,22.042491351794187,22.12694549560547,5912998,0.0,0.0
2009-06-08 00:00:00+08:00,22.97148194362621,23.055936074563075,21.535764694213867,21.535764694213867,6171692,0.0,0.0
2009-06-09 00:00:00+08:00,21.535768501442163,21.704676793176564,20.057823181152344,20.057823181152344,8620043,0.0,0.0
2009-06-10 00:00:00+08:00,20.268956635627266,20.60677168660003,18.917691966964423,19.762231826782227,6578210,0.0,0.0
2009-06-11 00:00:00+08:00,20.10004969904076,20.944589614868164,19.677778996998377,20.944589614868164,6185550,0.0,0.0
2009-06-12 00:00:00+08:00,21.029042227033187,21.746900135950312,20.77567982422036,21.113494873046875,7317335,0.0,0.0
2009-06-15 00:00:00+08:00,20.860136927974143,20.944591074267304,19.88891647798899,19.931142807006836,4213011,0.0,0.0
2009-06-16 00:00:00+08:00,19.931143029703495,20.69122886657715,19.508872293519534,20.69122886657715,5118439,0.0,0.0
2009-06-17 00:00:00+08:00,20.860137046692987,21.197952145530735,20.268959507533825,20.311185836791992,4208391,0.0,0.0
2009-06-18 00:00:00+08:00,20.60677673339703,20.94459335536158,20.18450595594134,20.564550399780273,4060566,0.0,0.0
2009-06-19 00:00:00+08:00,20.60677272979543,20.860135147044144,20.268957661721146,20.817907333374023,2753239,0.0,0.0
2009-06-22 00:00:00+08:00,20.944588966338724,22.253625869750977,20.649000228190364,22.253625869750977,8536891,0.0,0.0
2009-06-23 00:00:00+08:00,21.789129312024677,23.39375498716734,21.62022103290285,22.295852661132812,10532528,0.0,0.0
2009-06-24 00:00:00+08:00,22.802578745902068,23.224849494367117,22.12694703661551,22.971487045288086,8001025,0.0,0.0
2009-06-25 00:00:00+08:00,22.971484227882595,24.15384069031361,22.84480376300894,24.027158737182617,12796098,0.0,0.0
2009-06-26 00:00:00+08:00,24.32274708415082,25.12505911327296,24.32274708415082,24.491655349731445,14408314,0.0,0.0
2009-06-29 00:00:00+08:00,24.61833577837241,24.745016233293338,22.802574157714844,22.802574157714844,7612985,0.0,0.0
2009-06-30 00:00:00+08:00,22.802577948930956,22.887032095672215,21.24017995486133,21.78913116455078,10061336,0.0,0.0
2009-07-01 00:00:00+08:00,21.78912985823644,22.633669786759228,21.155724539780003,22.21139907836914,6545874,0.0,0.0
2009-07-02 00:00:00+08:00,22.50698783011351,22.971484865213913,22.21139907836914,22.21139907836914,5949954,0.0,0.0
2009-07-03 00:00:00+08:00,21.78913237785172,22.80257921866443,21.78913237785172,22.506990432739258,4688822,0.0,0.0
2009-07-06 00:00:00+08:00,22.63366495049033,23.30929645129091,22.63366495049033,22.887025833129883,4896701,0.0,0.0
2009-07-07 00:00:00+08:00,23.224843159318716,23.393751412631573,22.844800333493342,23.05593490600586,5146156,0.0,0.0
2009-07-08 00:00:00+08:00,23.055940621415814,23.30930306419192,22.46476307652906,22.549217224121094,4471705,0.0,0.0
2009-07-09 00:00:00+08:00,23.140389032662288,23.267069478518373,22.887026652693,23.05593490600586,3954317,0.0,0.0
2009-07-10 00:00:00+08:00,23.393751412631573,23.562659665944434,23.05593490600586,23.05593490600586,4804311,0.0,0.0
2009-07-13 00:00:00+08:00,23.05593900689193,23.393755573603997,22.21139907836914,22.21139907836914,4679583,0.0,0.0
2009-07-14 00:00:00+08:00,22.3803084069282,23.647117614746094,22.3803084069282,23.647117614746094,6933914,0.0,0.0
2009-07-15 00:00:00+08:00,23.984932185821236,24.87169989635975,23.64711563166231,24.23829460144043,13304246,0.0,0.0
2009-07-16 00:00:00+08:00,25.0828344372587,25.16729006886035,24.49165841036386,24.8294734954834,12528165,0.0,0.0
2009-07-17 00:00:00+08:00,25.040613455701678,26.5607852935791,25.040613455701678,26.5607852935791,10999100,0.0,0.0
2009-07-20 00:00:00+08:00,27.363100769494768,28.41877555847168,27.194192446076606,28.41877555847168,8643140,0.0,0.0
2009-07-21 00:00:00+08:00,29.812257900166696,29.812257900166696,26.434098415329355,27.36309242248535,12740663,0.0,0.0
2009-07-22 00:00:00+08:00,27.15195948326903,28.292086729956935,26.645234608899457,28.08095359802246,15359937,0.0,0.0
2009-07-23 00:00:00+08:00,27.965389233427395,27.965389233427395,26.81612573736333,27.103443145751953,14325654,2.163254,1.0999299999999999
2009-07-24 00:00:00+08:00,27.19921559007299,27.3907605504327,25.571094167624917,25.618980407714844,13460487,0.0,0.0
2009-07-27 00:00:00+08:00,25.61897971965796,26.097839038950802,25.427436298815373,25.714752197265625,6492952,0.0,0.0
2009-07-28 00:00:00+08:00,26.049951589162667,27.055554826200748,25.95417912164829,26.911897659301758,7135528,0.0,0.0
2009-07-29 00:00:00+08:00,27.29498209172947,27.29498209172947,26.480920791625977,26.480920791625977,5715982,0.0,0.0
2009-07-30 00:00:00+08:00,26.624583325503778,27.39075692812849,25.906291353518526,26.911897659301758,7097729,0.0,0.0
2009-07-31 00:00:00+08:00,27.294986237056165,27.486531184551254,26.289382934570312,26.289382934570312,6169564,0.0,0.0
2009-08-03 00:00:00+08:00,26.145719390839872,26.385148982525806,25.475315306621418,25.666858673095703,3700059,0.0,0.0
2009-08-04 00:00:00+08:00,25.858406745195396,26.81612528622151,25.66686334386469,25.76263427734375,5123804,0.0,0.0
2009-08-05 00:00:00+08:00,26.14572414875033,26.480923183113337,25.571090876013045,25.76263427734375,3872252,0.0,0.0
2009-08-06 00:00:00+08:00,26.241494453862106,27.1992130279541,26.00206481033911,27.1992130279541,10340006,0.0,0.0
2009-08-10 00:00:00+08:00,27.199210595798206,27.438640217911384,26.720351351571846,27.055553436279297,7463115,0.0,0.0
2009-08-11 00:00:00+08:00,27.390757634500563,28.061161855644908,27.151327993912616,27.678071975708008,10806188,0.0,0.0
2009-08-12 00:00:00+08:00,27.86962169235088,27.965394178749897,27.199217356303535,27.390762329101562,6497152,0.0,0.0
2009-08-13 00:00:00+08:00,27.869616072876333,28.540020273747103,27.869616072876333,28.013273239135742,10680193,0.0,0.0
2009-08-14 00:00:00+08:00,28.444250816908983,28.444250816908983,27.390759704940635,27.438644409179688,6354357,0.0,0.0
2009-08-17 00:00:00+08:00,27.438644409179688,27.869619022313024,27.103445342015387,27.438644409179688,5678183,0.0,0.0
2009-08-18 00:00:00+08:00,27.438639102647073,27.965386091133038,26.24149104074017,26.72035026550293,7492514,0.0,0.0
2009-08-19 00:00:00+08:00,26.816128372213523,26.864016146022838,25.954182199846546,26.145727157592773,5342196,0.0,0.0
2009-08-20 00:00:00+08:00,26.14572791410709,26.14572791410709,24.70914836130745,25.140121459960938,5955373,0.0,0.0
2009-08-21 00:00:00+08:00,25.379549217514597,26.33726782430795,24.70914649963379,24.70914649963379,6501352,0.0,0.0
2009-08-24 00:00:00+08:00,25.188004600689442,25.666863881227933,24.996461195348573,25.52320671081543,4426631,0.0,0.0
2009-08-25 00:00:00+08:00,25.523207397933675,25.762635510276024,24.90068939585107,24.996461868286133,3162479,0.0,0.0
2009-08-26 00:00:00+08:00,25.2837786480545,25.379551129698747,24.42183245074752,25.140121459960938,4178840,0.0,0.0
2009-08-27 00:00:00+08:00,25.092228193434426,25.283771568718876,24.61336898803711,24.61336898803711,3477467,0.0,0.0
2009-08-28 00:00:00+08:00,24.80491587964576,25.427433855533323,24.80491587964576,25.09223175048828,4099043,0.0,0.0
2009-08-31 00:00:00+08:00,25.666863881227933,25.666863881227933,25.140118365761072,25.52320671081543,2855891,0.0,0.0
2009-09-01 00:00:00+08:00,25.57109211372368,27.10344400165709,25.18800529251982,26.76824188232422,9168250,0.0,0.0
2009-09-02 00:00:00+08:00,26.43303854957036,27.00767028937007,26.337266081479545,26.672468185424805,5237200,0.0,0.0
2009-09-03 00:00:00+08:00,26.76824688098397,27.294990974909464,26.48092940986888,26.816131591796875,5447192,0.0,0.0
2009-09-04 00:00:00+08:00,27.007670454868812,27.103442923546506,26.33726624287016,26.43303871154785,4153641,0.0,0.0
2009-09-07 00:00:00+08:00,26.337265324846463,26.624582720864673,25.81052136859737,25.85840606689453,6526551,0.0,0.0
2009-09-08 00:00:00+08:00,25.85840798271109,26.049952927581216,24.90068939585107,24.996461868286133,6904536,0.0,0.0
2009-09-09 00:00:00+08:00,24.996460816455834,25.331661387128285,24.948574582253315,25.09223175048828,4766818,0.0,0.0
2009-09-10 00:00:00+08:00,25.379549735317703,25.618979391900975,24.61337452737669,24.85280418395996,3876452,0.0,0.0
2009-09-11 00:00:00+08:00,24.804917945768764,25.14012007873443,24.709147003759085,24.85280418395996,2746695,0.0,0.0
2009-09-14 00:00:00+08:00,24.94858044529881,24.94858044529881,24.23029136657715,24.23029136657715,2998685,0.0,0.0
2009-09-15 00:00:00+08:00,24.27817392878374,24.900690422151158,24.27817392878374,24.85280418395996,4052845,0.0,0.0
2009-09-16 00:00:00+08:00,24.900689225308785,25.33166227956957,24.900689225308785,25.235891342163086,3301074,0.0,0.0
2009-09-17 00:00:00+08:00,25.66686071732259,26.002061251756427,25.427431106567383,25.427431106567383,5002009,0.0,0.0
2009-09-18 00:00:00+08:00,25.475322664088647,26.768243446346975,25.37955018600553,26.337268829345703,9147251,0.0,0.0
2009-09-21 00:00:00+08:00,26.528813785511932,26.911900629098902,26.337268829345703,26.337268829345703,6392156,0.0,0.0
2009-09-22 00:00:00+08:00,26.43304188612527,26.62458684648498,25.618980407714844,25.618980407714844,4695421,0.0,0.0
2009-09-23 00:00:00+08:00,25.618980799436553,25.85841046917436,24.996464271867374,25.140121459960938,3737857,0.0,0.0
2009-09-24 00:00:00+08:00,25.140120056862582,25.37954971323755,25.092233818713044,25.283777236938477,2763494,0.0,0.0
2009-09-25 00:00:00+08:00,25.283775873768995,25.66686422393845,25.092232465870588,25.47532081604004,2377109,0.0,0.0
2009-09-28 00:00:00+08:00,25.140120426791,25.188006665645165,24.709147345848976,24.80491828918457,1873128,0.0,0.0
2009-09-29 00:00:00+08:00,25.09223175048828,25.379547621330804,24.996460816455834,25.09223175048828,1432145,0.0,0.0
2009-09-30 00:00:00+08:00,25.092233818713044,25.283777236938477,24.996462876786687,25.283777236938477,2498904,0.0,0.0
2009-10-01 00:00:00+08:00,25.283775873768995,25.95418010297238,25.14011870143835,25.47532081604004,4124242,0.0,0.0
2009-10-02 00:00:00+08:00,25.140121459960938,25.379551129698747,25.140121459960938,25.140121459960938,1306150,0.0,0.0
2009-10-05 00:00:00+08:00,25.188006639168954,25.76263690169672,25.14012040036512,25.714752197265625,2490505,0.0,0.0
2009-10-06 00:00:00+08:00,26.528813433936055,26.624585910749936,25.906293869018555,25.906293869018555,7580711,0.0,0.0
2009-10-07 00:00:00+08:00,26.385153784006857,26.385153784006857,25.66686334386469,25.76263427734375,3414469,0.0,0.0
2009-10-08 00:00:00+08:00,25.762637633588795,26.145727554902674,25.188007354736328,25.188007354736328,3166679,0.0,0.0
2009-10-09 00:00:00+08:00,25.331661387128285,25.475320089735842,24.613372477208273,25.09223175048828,3490067,0.0,0.0
2009-10-12 00:00:00+08:00,25.379551129698747,25.379551129698747,24.996464271867374,25.140121459960938,2171317,0.0,0.0
2009-10-13 00:00:00+08:00,24.517602574856127,25.140119042566074,24.517602574856127,24.996461868286133,1747133,0.0,0.0
2009-10-14 00:00:00+08:00,25.09223487440786,25.66686668763311,25.09223487440786,25.188007354736328,3070083,0.0,0.0
2009-10-15 00:00:00+08:00,25.37954868928108,25.57109209977855,24.996461868286133,24.996461868286133,2078920,0.0,0.0
2009-10-16 00:00:00+08:00,25.092232634494394,25.714750632313436,25.092232634494394,25.235891342163086,2952487,0.0,0.0
2009-10-19 00:00:00+08:00,25.379552841186523,25.427439085237886,25.235895643405335,25.379552841186523,949163,0.0,0.0
2009-10-20 00:00:00+08:00,25.57109420730464,25.57109420730464,25.188007354736328,25.188007354736328,1679936,0.0,0.0
2009-10-21 00:00:00+08:00,25.18800456026746,25.33166173044942,24.996461155233977,25.04434585571289,1255752,0.0,0.0
2009-10-22 00:00:00+08:00,24.996464468481545,25.28377884692859,24.900691986083984,24.900691986083984,1927726,0.0,0.0
2009-10-23 00:00:00+08:00,24.996462898533554,25.092233840543233,24.757033241950282,24.85280418395996,1209553,0.0,0.0
2009-10-26 00:00:00+08:00,24.948576151332126,25.092233328602056,24.613374025205378,24.70914649963379,1234752,0.0,0.0
2009-10-27 00:00:00+08:00,24.900691986083984,25.235894140102626,24.75703479686046,24.900691986083984,1839529,0.0,0.0
2009-10-28 00:00:00+08:00,24.900689569692045,25.140119218078596,24.709146157857333,24.75703239440918,1457344,0.0,0.0
2009-10-29 00:00:00+08:00,24.42183256372312,24.42183256372312,23.559884828055957,23.799314498901367,3372471,0.0,0.0
2009-10-30 00:00:00+08:00,23.942971483841003,24.182401137304506,23.55988311767578,23.55988311767578,1587539,0.0,0.0
2009-11-02 00:00:00+08:00,23.176793745439422,23.751425464514647,23.128907513121067,23.65565299987793,1327149,0.0,0.0
2009-11-03 00:00:00+08:00,23.655654227171798,24.086627271651533,23.655654227171798,23.751426696777344,873566,0.0,0.0
2009-11-04 00:00:00+08:00,24.03874224738029,24.900689914117923,24.03874224738029,24.70914649963379,2931488,0.0,0.0
2009-11-05 00:00:00+08:00,24.709147212921117,24.804918155741493,24.182401657104492,24.182401657104492,1524541,0.0,0.0
2009-11-06 00:00:00+08:00,24.517604844918267,24.66126203249929,23.990859266499843,24.03874397277832,1343948,0.0,0.0
2009-11-09 00:00:00+08:00,24.37394332349537,24.421829558646674,23.942970275878906,23.942970275878906,978562,0.0,0.0
2009-11-10 00:00:00+08:00,24.23028839663035,24.46971806019028,24.134515917457275,24.326059341430664,1171755,0.0,0.0
2009-11-11 00:00:00+08:00,24.5176073049404,24.5176073049404,24.18240512112111,24.23029136657715,865167,0.0,0.0
2009-11-12 00:00:00+08:00,24.421831820603742,24.66126148416367,24.23028839663035,24.326059341430664,1516142,0.0,0.0
2009-11-13 00:00:00+08:00,24.326057262585024,24.42182973357362,24.086627619486173,24.13451385498047,982762,0.0,0.0
2009-11-16 00:00:00+08:00,24.230288935383417,24.230288935383417,23.94297302584857,24.03874397277832,1381747,0.0,0.0
2009-11-17 00:00:00+08:00,24.134515794691666,24.230288273377575,23.703542709350586,23.703542709350586,1663136,0.0,0.0
2009-11-18 00:00:00+08:00,23.7514294473529,24.230288782090547,23.70354320700458,23.847200393676758,1553940,0.0,0.0
2009-11-19 00:00:00+08:00,24.038743438284197,24.66126148416367,23.895086253897347,24.326059341430664,6513951,0.0,0.0
2009-11-20 00:00:00+08:00,24.326059882313167,24.373946122964444,24.03874397277832,24.03874397277832,2419107,0.0,0.0
2009-11-23 00:00:00+08:00,24.1345163013939,24.326059728414403,23.847200393676758,23.847200393676758,2309912,0.0,0.0
2009-11-24 00:00:00+08:00,23.942969936182394,24.421829212156233,23.942969936182394,23.990856170654297,2545103,0.0,0.0
2009-11-25 00:00:00+08:00,24.13451645408087,24.326059882313167,24.03874397277832,24.03874397277832,1049960,0.0,0.0
2009-11-26 00:00:00+08:00,24.278175176034694,24.373946122964444,23.990859266499843,24.03874397277832,1411146,0.0,0.0
2009-11-27 00:00:00+08:00,23.942969890605916,23.942969890605916,23.464110615543603,23.511995315551758,2091520,0.0,0.0
2009-11-30 00:00:00+08:00,23.847194809052212,23.847194809052212,23.51199273948561,23.607765197753906,1117157,0.0,0.0
2009-12-01 00:00:00+08:00,23.511993930731418,23.55988016229174,23.081020915433506,23.272565841674805,2078920,0.0,0.0
2009-12-02 00:00:00+08:00,23.32045470746417,23.46411342782457,23.22468376159668,23.22468376159668,2209115,0.0,0.0
2009-12-03 00:00:00+08:00,23.22468253989958,23.368339718330347,23.128910064697266,23.128910064697266,1406946,0.0,0.0
2009-12-04 00:00:00+08:00,23.176796302298424,23.511996896761115,23.128910064697266,23.128910064697266,1814330,0.0,0.0
2009-12-07 00:00:00+08:00,23.1767947436317,23.511995315551758,23.128908509250948,23.511995315551758,1726134,0.0,0.0
2009-12-08 00:00:00+08:00,23.51199321514071,23.51199321514071,23.22467890326822,23.320449829101562,1427945,0.0,0.0
2009-12-09 00:00:00+08:00,23.416223526000977,23.51199445689232,23.176793897213805,23.416223526000977,1318749,0.0,0.0
2009-12-10 00:00:00+08:00,23.416223682511507,23.60776707994698,23.128907819172017,23.176794052124023,1898327,0.0,0.0
2009-12-11 00:00:00+08:00,23.368341058939112,24.230288782090547,23.033140445246435,23.847200393676758,4934812,0.0,0.0
2009-12-14 00:00:00+08:00,23.942972371692605,24.18240203403462,23.607770230664677,23.703542709350586,2351910,0.0,0.0
2009-12-15 00:00:00+08:00,23.847196895723215,23.847196895723215,23.368337631225586,23.368337631225586,1411146,0.0,0.0
2009-12-16 00:00:00+08:00,23.464110615543603,23.75142648745551,23.416224381162852,23.511995315551758,1150756,0.0,0.0
2009-12-17 00:00:00+08:00,23.6077672634744,23.79931066239894,23.368337631225586,23.368337631225586,1318749,0.0,0.0
2009-12-18 00:00:00+08:00,23.368336059204463,23.55987944524361,23.272565133371124,23.320449829101562,974362,0.0,0.0
2009-12-21 00:00:00+08:00,23.368340947584304,23.368340947584304,23.176797521476544,23.22468376159668,667774,0.0,0.0
2009-12-22 00:00:00+08:00,23.464110097874137,23.464110097874137,23.272566698949596,23.368337631225586,898765,0.0,0.0
2009-12-23 00:00:00+08:00,24.134514219488526,24.996461868286133,24.03874174705346,24.996461868286133,13477286,0.0,0.0
2009-12-24 00:00:00+08:00,24.996461868286133,25.57109209977855,24.709145985353597,24.996461868286133,11318568,0.0,0.0
2009-12-25 00:00:00+08:00,25.188007898903848,25.331665088127373,24.804919503686424,24.900691986083984,3196078,0.0,0.0
2009-12-28 00:00:00+08:00,25.0443455021688,25.092231736344324,24.661258697509766,24.661258697509766,2356110,0.0,0.0
2009-12-29 00:00:00+08:00,24.661261106994807,25.235892904499334,24.661261106994807,24.80491828918457,2923088,0.0,0.0
2009-12-30 00:00:00+08:00,25.044347602352033,25.044347602352033,24.757033241950282,24.85280418395996,1982324,0.0,0.0
2009-12-31 00:00:00+08:00,25.092233150216696,26.33726763707141,25.044346913342924,26.289382934570312,12607919,0.0,0.0
2010-01-04 00:00:00+08:00,26.5288127457678,26.911899574340442,25.475321665634006,25.57109260559082,11129576,0.0,0.0
2010-01-05 00:00:00+08:00,25.85841067256832,25.906295379394283,24.70914855566168,24.900691986083984,6400556,0.0,0.0
2010-01-06 00:00:00+08:00,25.188007898903848,25.28377884692859,24.900691986083984,24.900691986083984,2469505,0.0,0.0
2010-01-07 00:00:00+08:00,25.092233160126412,25.188005633911782,24.421830446746856,24.517602920532227,2477905,0.0,0.0
2010-01-08 00:00:00+08:00,24.517602574856127,24.996461868286133,24.230286691923588,24.996461868286133,2041122,0.0,0.0
2010-01-11 00:00:00+08:00,24.996461493074943,25.092232429699774,24.565486907958984,24.565486907958984,2091520,0.0,0.0
2010-01-12 00:00:00+08:00,24.613374868140642,25.092234187936832,24.613374868140642,24.80491828918457,2095720,0.0,0.0
2010-01-13 00:00:00+08:00,24.804919503686424,25.331665088127373,24.61337607326412,24.900691986083984,2704696,0.0,0.0
2010-01-14 00:00:00+08:00,25.28377553617357,26.04995222628229,25.092232130832702,25.52320671081543,6543350,0.0,0.0
2010-01-15 00:00:00+08:00,25.666863492173327,25.95417936301585,25.09223175048828,25.09223175048828,6236762,0.0,0.0
2010-01-18 00:00:00+08:00,25.092232634494394,25.523207223127827,25.092232634494394,25.235891342163086,2419107,0.0,0.0
2010-01-19 00:00:00+08:00,25.37954868928108,25.762635510276024,24.996461868286133,24.996461868286133,3057483,0.0,0.0
2010-01-20 00:00:00+08:00,25.092228193434426,25.18800064826284,24.61336898803711,24.61336898803711,2410708,0.0,0.0
2010-01-21 00:00:00+08:00,24.421828884578613,24.900688154129362,24.421828884578613,24.469715118408203,1570740,0.0,0.0
2010-01-22 00:00:00+08:00,24.13451368211149,24.37394332349537,23.942970275878906,23.942970275878906,2351910,0.0,0.0
2010-01-25 00:00:00+08:00,23.559881007753177,24.230285204910597,22.697934946225867,22.93736457824707,4603024,0.0,0.0
2010-01-26 00:00:00+08:00,23.03314079516571,23.368341413950752,21.74021995798291,21.83599090576172,4296436,0.0,0.0
2010-01-27 00:00:00+08:00,21.97964507033207,22.123302229391676,21.06981128171291,21.50078582763672,3007085,0.0,0.0
2010-01-28 00:00:00+08:00,22.506392718645984,22.88947953606553,21.883874722373417,22.554277420043945,2595501,0.0,0.0
2010-01-29 00:00:00+08:00,21.931763387913335,22.26696400669838,21.548674993679672,21.83599090576172,2175517,0.0,0.0
2010-02-01 00:00:00+08:00,22.31484884450475,22.31484884450475,21.83598953260535,22.02753448486328,1936126,0.0,0.0
2010-02-02 00:00:00+08:00,22.506388896045102,22.506388896045102,21.357125570237976,21.452898025512695,2330911,0.0,0.0
2010-02-03 00:00:00+08:00,21.74021225029967,22.31484233636402,21.45289644008136,22.07541275024414,1843729,0.0,0.0
2010-02-04 00:00:00+08:00,22.075420227436464,22.41062237528993,21.88387680053711,21.88387680053711,1440545,0.0,0.0
2010-02-05 00:00:00+08:00,21.357131125733392,21.357131125733392,20.590955887352454,20.782499313354492,3019684,0.0,0.0
2010-02-08 00:00:00+08:00,20.159981973002544,20.926157180133995,20.159981973002544,20.68672752380371,1310350,0.0,0.0
2010-02-09 00:00:00+08:00,20.68672768323934,21.06981452257121,20.590955206220006,20.878271102905273,1331349,0.0,0.0
2010-02-10 00:00:00+08:00,21.165586999590545,21.452902896275813,20.878271102905273,20.878271102905273,1642137,0.0,0.0
2010-02-22 00:00:00+08:00,21.54867367284364,21.54867367284364,20.68672752380371,20.68672752380371,1264151,0.0,0.0
2010-02-23 00:00:00+08:00,20.686721361526526,20.974037170410156,20.686721361526526,20.974037170410156,587977,0.0,0.0
2010-02-24 00:00:00+08:00,20.974043579924608,21.165586999590545,20.878271102905273,20.878271102905273,701373,0.0,0.0
2010-02-25 00:00:00+08:00,21.02192847178104,21.16558718859287,20.63884162902832,20.63884162902832,1087758,0.0,0.0
2010-02-26 00:00:00+08:00,20.590956124198563,20.734614846132104,20.112096786499023,20.112096786499023,1642137,0.0,0.0
2010-03-01 00:00:00+08:00,20.112093465196477,20.112093465196477,19.441690810001692,19.824777603149414,1831130,0.0,0.0
2010-03-02 00:00:00+08:00,19.92055079616076,20.351523837785077,19.92055079616076,20.207866668701172,2704696,0.0,0.0
2010-03-03 00:00:00+08:00,20.39940800559537,20.59095138975941,20.207864621431327,20.447294235229492,1679936,0.0,0.0
2010-03-04 00:00:00+08:00,20.399412847601393,20.590956277230198,20.20786941797259,20.303640365600586,1024760,0.0,0.0
2010-03-05 00:00:00+08:00,20.543066694497735,20.638837619393534,20.35152177596125,20.447294235229492,877766,0.0,0.0
2010-03-08 00:00:00+08:00,21.0698156516672,21.83599090576172,20.878272221736772,21.83599090576172,4800417,0.0,0.0
2010-03-09 00:00:00+08:00,21.740217208862305,22.219076490321473,21.644444738821424,21.740217208862305,2389708,0.0,0.0
2010-03-10 00:00:00+08:00,21.740218417752153,21.835989358745874,21.309243812975968,21.35713005065918,1352348,0.0,0.0
2010-03-11 00:00:00+08:00,21.740216132256734,21.788102364905782,21.405014038085938,21.405014038085938,1121357,0.0,0.0
2010-03-12 00:00:00+08:00,21.548673467019317,21.548673467019317,21.261359109665463,21.35713005065918,583777,0.0,0.0
2010-03-15 00:00:00+08:00,21.357128647508276,21.4529011165825,21.069812774658203,21.069812774658203,608976,0.0,0.0
2010-03-16 00:00:00+08:00,21.06981072615204,21.309240341186523,21.06981072615204,21.309240341186523,403184,0.0,0.0
2010-03-17 00:00:00+08:00,21.548672439144266,22.123304195187355,21.452901502718838,21.931760787963867,2196516,0.0,0.0
2010-03-18 00:00:00+08:00,22.027531052295426,22.650047447008333,21.88387236048843,22.41061782836914,3784055,0.0,0.0
2010-03-19 00:00:00+08:00,22.50639807689583,22.88948498551946,22.50639807689583,22.602169036865234,2616500,0.0,0.0
2010-03-22 00:00:00+08:00,22.602169036865234,22.602169036865234,22.602169036865234,22.602169036865234,0,0.0,0.0
2010-03-23 00:00:00+08:00,23.03313824337734,23.081022944775302,22.554277420043945,22.554277420043945,1986524,0.0,0.0
2010-03-24 00:00:00+08:00,22.98525171034337,24.038741211808887,22.98525171034337,23.942970275878906,6602148,0.0,0.0
2010-03-25 00:00:00+08:00,23.895085246273762,24.134514899737265,23.55988311767578,23.55988311767578,3036484,0.0,0.0
2010-03-26 00:00:00+08:00,23.55988311767578,24.038742424602784,23.55988311767578,23.55988311767578,2162917,0.0,0.0
2010-03-29 00:00:00+08:00,23.559881030150123,23.75142596344723,23.32045139790131,23.368337631225586,1495143,0.0,0.0
2010-03-30 00:00:00+08:00,23.511996379272304,23.655655088913907,22.985252380371094,22.985252380371094,1566540,0.0,0.0
2010-03-31 00:00:00+08:00,23.03313640203949,23.65565281417359,22.985250170097054,23.464109420776367,1755533,0.0,0.0
2010-04-01 00:00:00+08:00,23.416222289307367,23.60776567534651,23.17679267316532,23.320449829101562,1146556,0.0,0.0
2010-04-02 00:00:00+08:00,23.65565281417359,23.65565281417359,23.368336956891497,23.464109420776367,919764,0.0,0.0
2010-04-06 00:00:00+08:00,23.942970101615824,24.03874103684876,23.751426696777344,23.751426696777344,2234314,0.0,0.0
2010-04-07 00:00:00+08:00,23.847200393676758,23.990859114721726,23.607770726307937,23.847200393676758,1028960,0.0,0.0
2010-04-08 00:00:00+08:00,23.847196017281185,24.038739409149976,23.12890714699383,23.272565841674805,1906727,0.0,0.0
2010-04-09 00:00:00+08:00,23.176793378554155,23.416223001983273,23.176793378554155,23.272565841674805,1066759,0.0,0.0
2010-04-12 00:00:00+08:00,23.27256962400951,24.134515794691666,23.27256962400951,23.703542709350586,2612300,0.0,0.0
2010-04-13 00:00:00+08:00,23.464108519410267,23.70353813555231,23.272565133371124,23.320449829101562,1091958,0.0,0.0
2010-04-14 00:00:00+08:00,23.464110615543603,23.799311187463662,23.416224381162852,23.511995315551758,1045760,0.0,0.0
2010-04-15 00:00:00+08:00,23.79931066239894,23.79931066239894,23.368337631225586,23.368337631225586,1280951,0.0,0.0
2010-04-16 00:00:00+08:00,23.368336059204463,23.75142436565521,23.320449829101562,23.320449829101562,1062559,0.0,0.0
2010-04-19 00:00:00+08:00,23.320451538213508,23.559881171902898,22.697935104370117,22.697935104370117,2188116,0.0,0.0
2010-04-20 00:00:00+08:00,22.985253066774746,23.224682722288122,22.79370811486588,22.889480590820312,1255752,0.0,0.0
2010-04-21 00:00:00+08:00,23.224679610114478,23.36833677042295,23.12890714699383,23.272565841674805,1209553,0.0,0.0
2010-04-22 00:00:00+08:00,23.176794947889288,23.751426696777344,23.128908713086517,23.751426696777344,2595501,0.0,0.0
2010-04-23 00:00:00+08:00,24.08662832287074,24.99646222071372,23.942971146565363,24.517602920532227,6312359,0.0,0.0
2010-04-26 00:00:00+08:00,24.900688499831684,25.092231903436712,24.278172054522194,24.421829223632812,3687459,0.0,0.0
2010-04-27 00:00:00+08:00,24.421831315714527,24.517603792907636,24.086629179911387,24.182401657104492,1390147,0.0,0.0
2010-04-28 00:00:00+08:00,23.84720054454602,24.086630213429594,23.703543356964996,24.03874397277832,1814330,0.0,0.0
2010-04-29 00:00:00+08:00,24.23028921241951,25.092235416506288,24.134516730021954,24.900691986083984,4779417,0.0,0.0
2010-04-30 00:00:00+08:00,25.092234052948083,25.283777472961564,24.13451541850794,24.182401657104492,3326273,0.0,0.0
2010-05-03 00:00:00+08:00,24.51760169262163,24.51760169262163,23.99085618192835,24.421829223632812,1537141,0.0,0.0
2010-05-04 00:00:00+08:00,24.709145612166772,24.709145612166772,24.086627619486173,24.13451385498047,2272113,0.0,0.0
2010-05-05 00:00:00+08:00,23.655655088913907,23.895084737277244,22.889479907276694,22.985252380371094,3553064,0.0,0.0
2010-05-06 00:00:00+08:00,22.98525130231833,23.17679470515071,22.21907615661621,22.21907615661621,2734095,0.0,0.0
2010-05-07 00:00:00+08:00,21.644447475831292,21.931763387913335,20.974044703888392,21.83599090576172,2545103,0.0,0.0
2010-05-10 00:00:00+08:00,22.02753275378383,22.314847090846104,21.548671945143987,22.21907615661621,1159155,0.0,0.0
2010-05-11 00:00:00+08:00,22.7937084573482,23.0810243551558,22.506394093913336,22.841594696044922,2944087,0.0,0.0
2010-05-12 00:00:00+08:00,22.841590493489864,23.081020108548813,22.41061749325825,22.45850372314453,907165,0.0,0.0
2010-05-13 00:00:00+08:00,22.841593300294925,22.841593300294925,22.45850648287538,22.554277420043945,848367,0.0,0.0
2010-05-14 00:00:00+08:00,22.506390966993,22.554275664664136,22.2669598067747,22.31484603881836,1184354,0.0,0.0
2010-05-17 00:00:00+08:00,22.075418479299824,22.2190771888777,21.596559182785565,21.644445419311523,1339748,0.0,0.0
2010-05-18 00:00:00+08:00,21.83598831716581,21.979647023362897,21.644444909942322,21.931760787963867,869366,0.0,0.0
2010-05-19 00:00:00+08:00,21.644446114720132,22.2190779027485,21.548673638591165,22.02753448486328,772770,0.0,0.0
2010-05-20 00:00:00+08:00,22.027535870064956,22.697938642007855,21.83599090576172,21.83599090576172,3208677,0.0,0.0
2010-05-21 00:00:00+08:00,21.069814158932623,21.644445942385737,21.069814158932623,21.35713005065918,1747133,0.0,0.0
2010-05-24 00:00:00+08:00,21.548668946415038,21.83598477786682,21.357125570237976,21.452898025512695,730772,0.0,0.0
2010-05-25 00:00:00+08:00,21.740217161050847,21.740217161050847,20.49518272512058,20.83038330078125,1524541,0.0,0.0
2010-05-26 00:00:00+08:00,20.830380590441795,21.16558265686035,20.830380590441795,21.16558265686035,1100358,0.0,0.0
2010-05-27 00:00:00+08:00,21.165586122797265,21.644445419311523,21.06981364974535,21.644445419311523,709772,0.0,0.0
2010-05-28 00:00:00+08:00,21.9796471943435,22.21907683882855,21.692331314086914,21.692331314086914,1507742,0.0,0.0
2010-05-31 00:00:00+08:00,21.69232602620124,22.12329897434257,21.644439802102813,22.07541275024414,835768,0.0,0.0
2010-06-01 00:00:00+08:00,22.075418658435897,23.128909733065125,22.075418658435897,22.74582290649414,3964648,0.0,0.0
2010-06-02 00:00:00+08:00,22.69793773113943,22.69793773113943,22.12330593003532,22.171192169189453,1390147,0.0,0.0
2010-06-03 00:00:00+08:00,22.554276727979726,22.554276727979726,22.171189922314966,22.21907615661621,1213753,0.0,0.0
2010-06-04 00:00:00+08:00,22.219080033499054,22.36273722709613,21.644448190365022,21.78810691833496,1234752,0.0,0.0
2010-06-07 00:00:00+08:00,21.069812774658203,21.405014882045386,20.878269370882357,21.069812774658203,1280951,0.0,0.0
2010-06-08 00:00:00+08:00,21.069809738786194,21.452898025512695,20.974038817883855,21.452898025512695,869366,0.0,0.0
2010-06-09 00:00:00+08:00,21.165585243732426,21.4529011165825,20.92615560541947,21.069812774658203,839968,0.0,0.0
2010-06-10 00:00:00+08:00,21.165585243732426,21.357128647508276,20.590953498032285,21.069812774658203,991162,0.0,0.0
2010-06-11 00:00:00+08:00,21.35713530238116,21.405021551839603,21.213478088378906,21.213478088378906,743371,0.0,0.0
2010-06-14 00:00:00+08:00,21.500788763708808,21.500788763708808,21.21347287198225,21.35713005065918,361186,0.0,0.0
2010-06-15 00:00:00+08:00,21.452903594355814,21.452903594355814,21.26136016845703,21.26136016845703,566978,0.0,0.0
2010-06-17 00:00:00+08:00,21.452900270734986,21.500786503384035,21.309241572787844,21.405014038085938,562778,0.0,0.0
2010-06-18 00:00:00+08:00,21.405016288342388,21.548673467019317,21.261359109665463,21.35713005065918,302388,0.0,0.0
2010-06-21 00:00:00+08:00,21.500790286976674,21.883877146837527,21.405017804825054,21.83599090576172,1205354,0.0,0.0
2010-06-22 00:00:00+08:00,21.835991626618746,21.931764111932036,21.740220675678316,21.78810691833496,671974,0.0,0.0
2010-06-23 00:00:00+08:00,21.692327629327117,21.740213856964477,21.452898025512695,21.452898025512695,995362,0.0,0.0
2010-06-24 00:00:00+08:00,21.45290234705765,21.596559524536133,21.40501610977392,21.596559524536133,365386,0.0,0.0
2010-06-25 00:00:00+08:00,21.452900789172126,21.64444419002467,21.357128321559564,21.54867172241211,373785,0.0,0.0
2010-06-28 00:00:00+08:00,21.54867172241211,21.54867172241211,21.54867172241211,21.54867172241211,0,0.0,0.0
2010-06-29 00:00:00+08:00,21.740216132256734,21.835987063182287,21.405014038085938,21.405014038085938,457782,0.0,0.0
2010-06-30 00:00:00+08:00,20.878269370882357,21.069812774658203,20.782496901808134,21.069812774658203,1054159,0.0,0.0
2010-07-01 00:00:00+08:00,21.02192654012109,21.261357712806653,20.92615560541947,21.069812774658203,550179,0.0,0.0
2010-07-02 00:00:00+08:00,21.165585243732426,21.165585243732426,20.97404183995658,21.069812774658203,512380,0.0,0.0
2010-07-05 00:00:00+08:00,21.117696956033424,21.35712657106791,20.974039800761716,21.309240341186523,482981,0.0,0.0
2010-07-06 00:00:00+08:00,21.357128700944443,21.979646682739258,21.16558529668935,21.979646682739258,1180155,0.0,0.0
2010-07-07 00:00:00+08:00,21.97964449078104,22.02753072066243,21.2134694157962,21.309240341186523,1663136,0.0,0.0
2010-07-08 00:00:00+08:00,21.452898025512695,21.548668946415038,21.261354649335637,21.452898025512695,1066759,0.0,0.0
2010-07-09 00:00:00+08:00,21.50078266417979,22.41061478456088,21.50078266417979,22.07541275024414,3078482,0.0,0.0
2010-07-12 00:00:00+08:00,22.219076665985412,22.410620073208896,21.931760787963867,21.931760787963867,1024760,0.0,0.0
2010-07-13 00:00:00+08:00,22.123304715825782,22.2190771888777,21.596559182785565,21.644445419311523,873566,0.0,0.0
2010-07-14 00:00:00+08:00,22.02753308461233,22.02753308461233,21.692330973841862,21.740217208862305,1104557,0.0,0.0
2010-07-15 00:00:00+08:00,21.64444419002467,21.883873824683498,21.54867172241211,21.54867172241211,1070959,0.0,0.0
2010-07-16 00:00:00+08:00,21.54866941759092,21.692328103644194,21.069810199491503,21.16558265686035,1826930,0.0,0.0
2010-07-19 00:00:00+08:00,20.878270941993392,21.021928122042475,20.68672752380371,20.68672752380371,3317873,0.0,0.0
2010-07-20 00:00:00+08:00,21.029909096141854,21.346942901611328,20.92423116098536,21.346942901611328,2028000,2.492388,1.04996
2010-07-21 00:00:00+08:00,21.346938441641885,21.558294267796757,21.135582615487017,21.241260528564453,1344000,0.0,0.0
2010-07-22 00:00:00+08:00,21.241262435913086,21.346940358479817,20.92422866821289,20.92422866821289,688000,0.0,0.0
2010-07-23 00:00:00+08:00,21.082750013725242,21.241266931121675,21.029911041259766,21.029911041259766,464000,0.0,0.0
2010-07-26 00:00:00+08:00,21.34694164276123,21.34694164276123,20.977068891525267,21.13558578491211,676000,0.0,0.0
2010-07-27 00:00:00+08:00,21.135584513346352,21.18842347462972,20.871389706929524,20.92422866821289,788000,0.0,0.0
2010-07-28 00:00:00+08:00,20.924230261694024,21.029908192308643,20.87139129638672,20.87139129638672,596000,0.0,0.0
2010-07-29 00:00:00+08:00,20.871392269523774,20.92423123729472,20.712875366210938,20.712875366210938,712000,0.0,0.0
2010-07-30 00:00:00+08:00,20.554357504542867,21.241264053537876,20.554357504542867,20.87139129638672,660000,0.0,0.0
2010-08-02 00:00:00+08:00,21.08274555206299,21.135584513346352,20.92422866821289,20.92422866821289,448000,0.0,0.0
2010-08-03 00:00:00+08:00,21.082746839765367,21.082746839765367,20.818552017211914,20.818552017211914,744000,0.0,0.0
2010-08-04 00:00:00+08:00,20.924230604905347,20.924230604905347,20.607196807861328,20.607196807861328,728000,0.0,0.0
2010-08-05 00:00:00+08:00,20.607196807861328,20.97706957107935,20.607196807861328,20.607196807861328,756000,0.0,0.0
2010-08-06 00:00:00+08:00,20.871392994026863,20.871392994026863,20.184486389160156,20.184486389160156,1160000,0.0,0.0
2010-08-09 00:00:00+08:00,20.078807300991482,20.078807300991482,18.91635003619724,19.02202796936035,4268000,0.0,0.0
2010-08-10 00:00:00+08:00,19.022027362476695,19.180544257164,18.599315643310547,18.599315643310547,1552000,0.0,0.0
2010-08-11 00:00:00+08:00,18.599317342482486,18.599317342482486,17.701054857192137,17.912410736083984,3316000,0.0,0.0
2010-08-12 00:00:00+08:00,17.859570832479566,17.859570832479566,17.542537030719576,17.75389289855957,1516000,0.0,0.0
2010-08-13 00:00:00+08:00,17.806733348527626,18.44080100485502,17.806733348527626,18.33512306213379,1528000,0.0,0.0
2010-08-16 00:00:00+08:00,18.335120524530826,18.387959488578467,18.018086740244993,18.229442596435547,1012000,0.0,0.0
2010-08-17 00:00:00+08:00,18.28227873979989,18.916346210544393,18.28227873979989,18.70499038696289,1500000,0.0,0.0
2010-08-18 00:00:00+08:00,18.916348789760043,18.916348789760043,18.335120195661272,18.493637084960938,1052000,0.0,0.0
2010-08-19 00:00:00+08:00,18.493637400135356,18.810671184137675,18.493637400135356,18.546476364135742,516000,0.0,0.0
2010-08-20 00:00:00+08:00,18.493638367488465,18.493638367488465,18.282282500431453,18.38796043395996,424000,0.0,0.0
2010-08-23 00:00:00+08:00,18.38796043395996,18.493638367488465,18.282282500431453,18.38796043395996,492000,0.0,0.0
2010-08-24 00:00:00+08:00,18.33512306213379,18.493639976215636,18.33512306213379,18.33512306213379,436000,0.0,0.0
2010-08-25 00:00:00+08:00,18.282285873047606,18.282285873047606,17.648218154907227,17.648218154907227,1084000,0.0,0.0
2010-08-26 00:00:00+08:00,17.912411044625674,18.07092795652502,17.648216191460104,17.96525001525879,1232000,0.0,0.0
2010-08-27 00:00:00+08:00,17.965248766399565,17.965248766399565,17.75389289855957,17.75389289855957,672000,0.0,0.0
2010-08-30 00:00:00+08:00,18.176604284918554,18.282282216807616,17.859570489251368,18.01808738708496,604000,0.0,0.0
2010-08-31 00:00:00+08:00,18.018087475661524,18.018087475661524,17.066986083984375,17.066986083984375,1376000,0.0,0.0
2010-09-01 00:00:00+08:00,17.066985148533135,17.066985148533135,16.53859551545161,16.591434478759766,1676000,0.0,0.0
2010-09-02 00:00:00+08:00,16.96130657196045,17.014145533243813,16.644272804260254,16.80278968811035,676000,0.0,0.0
2010-09-03 00:00:00+08:00,16.9084682126017,17.965247475889306,16.9084682126017,17.859569549560547,1848000,0.0,0.0
2010-09-06 00:00:00+08:00,17.753890991210938,17.859568913777668,17.331179300944008,17.436857223510742,772000,0.0,0.0
2010-09-07 00:00:00+08:00,17.859571145620826,18.176604952939538,17.753893209847924,17.806732177734375,1528000,0.0,0.0
2010-09-08 00:00:00+08:00,17.80673186551957,17.859570832479566,17.489698063759576,17.75389289855957,784000,0.0,0.0
2010-09-09 00:00:00+08:00,17.965246513708315,17.965246513708315,17.648212751701696,17.701051712036133,528000,0.0,0.0
2010-09-10 00:00:00+08:00,17.85956859303944,17.85956859303944,17.542534831032825,17.701051712036133,392000,0.0,0.0
2010-09-13 00:00:00+08:00,17.85956859303944,17.965246513708315,17.701051712036133,17.701051712036133,460000,0.0,0.0
2010-09-14 00:00:00+08:00,17.75389289855957,17.859570832479566,17.70105393159957,17.75389289855957,384000,0.0,0.0
2010-09-15 00:00:00+08:00,17.75389131390436,17.75389131390436,17.331179615954255,17.489696502685547,812000,0.0,0.0
2010-09-16 00:00:00+08:00,17.43686011078161,17.59537702087962,17.278343200683594,17.278343200683594,416000,0.0,0.0
2010-09-17 00:00:00+08:00,17.331181859677557,17.384020828761937,17.014148045171257,17.22550392150879,704000,0.0,0.0
2010-09-20 00:00:00+08:00,17.119827270507812,17.172666243564937,17.066988297450692,17.119827270507812,248000,0.0,0.0
2010-09-21 00:00:00+08:00,17.11982187124399,17.331177696814905,17.11982187124399,17.17266082763672,360000,0.0,0.0
2010-09-23 00:00:00+08:00,17.17266526061825,17.278343200683594,17.014148350520234,17.278343200683594,364000,0.0,0.0
2010-09-24 00:00:00+08:00,17.278341919455485,17.436858817799113,17.278341919455485,17.38401985168457,376000,0.0,0.0
2010-09-27 00:00:00+08:00,17.54253546492931,17.54253546492931,17.38401857819802,17.489696502685547,676000,0.0,0.0
2010-09-28 00:00:00+08:00,17.753893564982587,17.753893564982587,17.43685975132218,17.542537689208984,388000,0.0,0.0
2010-09-29 00:00:00+08:00,17.542536096887904,17.64821402518241,17.48969713274065,17.595375061035156,364000,0.0,0.0
2010-09-30 00:00:00+08:00,17.59537410736084,17.59537410736084,17.331179300944008,17.436857223510742,456000,0.0,0.0
2010-10-01 00:00:00+08:00,17.331178665161133,17.48969554319614,17.331178665161133,17.331178665161133,352000,0.0,0.0
2010-10-04 00:00:00+08:00,17.331183162736306,17.489700081907674,17.119827270507812,17.119827270507812,424000,0.0,0.0
2010-10-05 00:00:00+08:00,17.014146173000334,17.172663062810898,16.749951356649397,16.90846824645996,528000,0.0,0.0
2010-10-06 00:00:00+08:00,17.06698513627052,17.225502026081084,16.90846824645996,16.90846824645996,328000,0.0,0.0
2010-10-07 00:00:00+08:00,17.014146173000334,17.06698513627052,16.90846824645996,16.90846824645996,268000,0.0,0.0
2010-10-08 00:00:00+08:00,16.908467610677082,16.908467610677082,16.80278968811035,16.80278968811035,256000,0.0,0.0
2010-10-11 00:00:00+08:00,16.908467610677082,17.014145533243813,16.43291695912679,16.485755920410156,508000,0.0,0.0
2010-10-12 00:00:00+08:00,16.644273442067917,16.697112405376068,16.48575655214346,16.591434478759766,536000,0.0,0.0
2010-10-13 00:00:00+08:00,16.96130657196045,16.96130657196045,16.697111765543617,16.80278968811035,436000,0.0,0.0
2010-10-14 00:00:00+08:00,17.014144897460938,17.066983856769824,16.90846697884317,17.014144897460938,360000,0.0,0.0
2010-10-15 00:00:00+08:00,17.014146828953223,17.014146828953223,16.644274071802066,16.697113037109375,380000,0.0,0.0
2010-10-18 00:00:00+08:00,16.749953024550447,16.749953024550447,16.168724370701693,16.2215633392334,508000,0.0,0.0
2010-10-19 00:00:00+08:00,16.221563027575126,16.274401995091658,16.010207157509,16.168724060058594,612000,0.0,0.0
2010-10-20 00:00:00+08:00,16.010205268859863,16.749950726826984,15.957366307576496,16.485755920410156,604000,0.0,0.0
2010-10-21 00:00:00+08:00,16.591436118955333,16.591436118955333,16.2215633392334,16.2215633392334,308000,0.0,0.0
2010-10-22 00:00:00+08:00,16.22156456582416,16.591437373513962,16.063047648242815,16.432920455932617,556000,0.0,0.0
2010-10-25 00:00:00+08:00,16.591434478759766,16.591434478759766,16.380078625527158,16.591434478759766,372000,0.0,0.0
2010-10-26 00:00:00+08:00,16.59143319899036,16.59143319899036,16.274399443595637,16.380077362060547,276000,0.0,0.0
2010-10-27 00:00:00+08:00,16.38007993012472,16.38007993012472,16.168724060058594,16.168724060058594,344000,0.0,0.0
2010-10-28 00:00:00+08:00,16.168725593297044,16.432920455932617,16.168725593297044,16.432920455932617,320000,0.0,0.0
2010-10-29 00:00:00+08:00,16.644274071802066,16.80279096772399,16.53859614118745,16.697113037109375,848000,0.0,0.0
2010-11-01 00:00:00+08:00,16.80279216883373,17.22550392150879,16.80279216883373,17.22550392150879,892000,0.0,0.0
2010-11-02 00:00:00+08:00,17.225501991587983,18.38795918120435,17.225501991587983,17.859569549560547,4400000,0.0,0.0
2010-11-03 00:00:00+08:00,18.070926700319564,18.22944360119956,17.542537030719576,17.75389289855957,1724000,0.0,0.0
2010-11-04 00:00:00+08:00,17.85957079881813,18.123765633120172,17.648214931376497,18.070926666259766,1360000,0.0,0.0
2010-11-05 00:00:00+08:00,18.282283524144717,18.335122493867676,17.85957176636102,17.912410736083984,1340000,0.0,0.0
2010-11-08 00:00:00+08:00,17.965247810065925,17.965247810065925,17.595375061035156,17.595375061035156,688,0.0,0.0
2010-11-09 00:00:00+08:00,17.595374427173073,17.75389131390436,17.436857540441782,17.489696502685547,452000,0.0,0.0
2010-11-10 00:00:00+08:00,17.648213696903024,17.965247475889306,17.331179917916746,17.859569549560547,892000,0.0,0.0
2010-11-11 00:00:00+08:00,17.96524842114043,18.176604284918554,17.96524842114043,18.01808738708496,876000,0.0,0.0
2010-11-12 00:00:00+08:00,18.01808611366561,18.282280924716428,17.859569227035124,18.123764038085938,1016000,0.0,0.0
2010-11-15 00:00:00+08:00,18.12376436538245,18.17660332854683,17.859569549560547,17.859569549560547,380000,0.0,0.0
2010-11-16 00:00:00+08:00,17.85957176636102,18.17660558469879,17.85957176636102,17.912410736083984,480000,0.0,0.0
2010-11-17 00:00:00+08:00,17.85957176636102,18.018088675529906,17.806732796638062,17.912410736083984,400000,0.0,0.0
2010-11-18 00:00:00+08:00,17.965246513708315,17.965246513708315,17.648212751701696,17.701051712036133,316000,0.0,0.0
2010-11-19 00:00:00+08:00,17.75389067237057,17.91240755337388,17.648212751701696,17.701051712036133,352000,0.0,0.0
2010-11-22 00:00:00+08:00,17.85957406095402,17.85957406095402,17.59537917839553,17.648218154907227,228000,0.0,0.0
2010-11-23 00:00:00+08:00,17.701057131418924,17.806735084442323,17.436862248860432,17.648218154907227,284000,0.0,0.0
2010-11-24 00:00:00+08:00,17.54253546492931,17.648213389416835,17.436857540441782,17.489696502685547,480000,0.0,0.0
2010-11-25 00:00:00+08:00,17.595375997679575,17.912409799439565,17.595375997679575,17.75389289855957,464000,0.0,0.0
2010-11-26 00:00:00+08:00,17.806732533925985,17.806732533925985,17.542537689208984,17.542537689208984,596000,0.0,0.0
2010-11-29 00:00:00+08:00,17.75389067237057,17.91240755337388,17.701051712036133,17.701051712036133,428000,0.0,0.0
2010-11-30 00:00:00+08:00,17.753891612208164,18.229442280392313,17.701052649076594,18.176603317260742,1920000,0.0,0.0
2010-12-01 00:00:00+08:00,18.176604599980582,18.282282533701398,17.91240976567854,18.070926666259766,924000,0.0,0.0
2010-12-02 00:00:00+08:00,18.17660558469879,18.17660558469879,17.912410736083984,17.912410736083984,572000,0.0,0.0
2010-12-03 00:00:00+08:00,18.123765318974023,18.176604284918554,17.96524842114043,18.01808738708496,704000,0.0,0.0
2010-12-06 00:00:00+08:00,18.01808643905369,18.07092540221807,17.806730586396167,17.859569549560547,756000,0.0,0.0
2010-12-07 00:00:00+08:00,17.859570832479566,17.912409799439565,17.75389289855957,17.75389289855957,452000,0.0,0.0
2010-12-08 00:00:00+08:00,17.753891953476913,17.753891953476913,17.595375061035156,17.595375061035156,568000,0.0,0.0
2010-12-09 00:00:00+08:00,17.753896107930622,17.753896107930622,17.54254020188383,17.648218154907227,380000,0.0,0.0
2010-12-10 00:00:00+08:00,17.648212751701696,17.965246513708315,17.648212751701696,17.701051712036133,376000,0.0,0.0
2010-12-13 00:00:00+08:00,17.753891302614797,18.123764038085938,17.753891302614797,18.123764038085938,960000,0.0,0.0
2010-12-14 00:00:00+08:00,18.176604952939538,18.176604952939538,17.806732177734375,17.806732177734375,652000,0.0,0.0
2010-12-15 00:00:00+08:00,17.753891623231787,17.965247475889306,17.701052660067408,17.859569549560547,620000,0.0,0.0
2010-12-16 00:00:00+08:00,18.07092764525287,18.07092764525287,17.85957176636102,17.912410736083984,888000,0.0,0.0
2010-12-17 00:00:00+08:00,18.018087733359565,18.070926700319564,17.75389289855957,17.75389289855957,548000,0.0,0.0
2010-12-20 00:00:00+08:00,17.753891953476913,17.85956988177142,17.595375061035156,17.595375061035156,404000,0.0,0.0
2010-12-21 00:00:00+08:00,17.595373791367262,17.75389067237057,17.595373791367262,17.701051712036133,552000,0.0,0.0
2010-12-22 00:00:00+08:00,17.753893209847924,17.912410113507278,17.753893209847924,17.806732177734375,388,0.0,0.0
2010-12-23 00:00:00+08:00,17.965246513708315,17.965246513708315,17.701051712036133,17.701051712036133,472000,0.0,0.0
2010-12-24 00:00:00+08:00,17.701057131418924,17.806735084442323,17.59537917839553,17.648218154907227,340000,0.0,0.0
2010-12-27 00:00:00+08:00,17.595374427173073,17.648213389416835,17.436857540441782,17.489696502685547,692000,0.0,0.0
2010-12-28 00:00:00+08:00,17.48969554319614,17.542534502541148,17.331178665161133,17.331178665161133,536000,0.0,0.0
2010-12-29 00:00:00+08:00,17.331179952621458,17.48969684243202,16.90846824645996,16.90846824645996,1256000,0.0,0.0
2010-12-30 00:00:00+08:00,17.06698449452718,17.119823455810547,16.80278968811035,16.80278968811035,736000,0.0,0.0
2010-12-31 00:00:00+08:00,16.908467610677082,17.06698449452718,16.749950726826984,16.80278968811035,836000,0.0,0.0
2011-01-03 00:00:00+08:00,17.01414585412483,17.06698481640472,16.802790005005267,16.855628967285156,464000,0.0,0.0
2011-01-04 00:00:00+08:00,16.8556299330313,16.961307863645914,16.697113037109375,16.697113037109375,784000,0.0,0.0
2011-01-05 00:00:00+08:00,16.697112405376068,16.802790331992373,16.48575655214346,16.591434478759766,500000,0.0,0.0
2011-01-06 00:00:00+08:00,16.697112722245475,16.749951686556376,16.591434793623666,16.64427375793457,236000,0.0,0.0
2011-01-07 00:00:00+08:00,16.749954223632812,16.90847114057571,16.644276279004213,16.749954223632812,552000,0.0,0.0
2011-01-10 00:00:00+08:00,16.908471378279323,17.331183162736306,16.802793432165075,17.119827270507812,1112000,0.0,0.0
2011-01-11 00:00:00+08:00,17.172663062810898,17.172663062810898,16.90846824645996,16.90846824645996,500000,0.0,0.0
2011-01-12 00:00:00+08:00,16.90846792956505,17.06698481640472,16.802790005005267,16.855628967285156,364000,0.0,0.0
2011-01-13 00:00:00+08:00,16.8556299330313,17.014146828953223,16.697113037109375,16.697113037109375,732000,0.0,0.0
2011-01-14 00:00:00+08:00,16.697112405376068,17.01414618522498,16.591434478759766,16.591434478759766,480000,0.0,0.0
2011-01-17 00:00:00+08:00,16.591435800190844,16.74995270274044,16.168724060058594,16.168724060058594,1280000,0.0,0.0
2011-01-18 00:00:00+08:00,16.168724370701693,16.327241276296807,16.11588540216999,16.2215633392334,528000,0.0,0.0
2011-01-19 00:00:00+08:00,16.32724251087839,16.432920455932617,16.168725593297044,16.432920455932617,496000,0.0,0.0
2011-01-20 00:00:00+08:00,16.432916345063205,17.014144897460938,16.27439946713655,17.014144897460938,484000,0.0,0.0
2011-01-21 00:00:00+08:00,16.908468898338608,16.908468898338608,16.697113037109375,16.697113037109375,648000,0.0,0.0
2011-01-24 00:00:00+08:00,16.697111765543617,16.697111765543617,16.485755920410156,16.485755920410156,364000,0.0,0.0
2011-01-25 00:00:00+08:00,16.591433842976887,16.644272804260254,16.43291695912679,16.485755920410156,332000,0.0,0.0
2011-01-26 00:00:00+08:00,16.485753031610287,16.485753031610287,16.32723617553711,16.32723617553711,548000,0.0,0.0
2011-01-27 00:00:00+08:00,16.274397223512718,16.432914079585895,16.221558271488327,16.32723617553711,604000,0.0,0.0
2011-01-28 00:00:00+08:00,16.32724350148981,16.432921452955764,16.274404525756836,16.274404525756836,440000,0.0,0.0
2011-02-08 00:00:00+08:00,16.591433842976887,16.591433842976887,15.851688385009766,15.851688385009766,796000,0.0,0.0
2011-02-09 00:00:00+08:00,15.85168805952365,15.957365979920475,15.323298457539527,15.481815338134766,1432000,0.0,0.0
2011-02-10 00:00:00+08:00,15.428974454156283,15.587491314986655,15.323296546936035,15.323296546936035,612000,0.0,0.0
2011-02-11 00:00:00+08:00,15.323300061525998,15.481816958714198,15.111944198608398,15.111944198608398,1100000,0.0,0.0
2011-02-14 00:00:00+08:00,15.164784458321586,15.217623428559639,15.006267547607422,15.006267547607422,600000,0.0,0.0
2011-02-15 00:00:00+08:00,14.900588677022805,14.900588677022805,14.58355487538402,14.847749710083008,992000,0.0,0.0
2011-02-16 00:00:00+08:00,14.900587726840012,14.900587726840012,14.689231872558594,14.689231872558594,776000,0.0,0.0
2011-02-17 00:00:00+08:00,14.794909799699303,14.900587726840012,14.63639290898824,14.689231872558594,536000,0.0,0.0
2011-02-18 00:00:00+08:00,14.794909799699303,14.847748763269658,14.689231872558594,14.689231872558594,576000,0.0,0.0
2011-02-21 00:00:00+08:00,14.847750747905058,14.847750747905058,14.372200012207031,14.372200012207031,744000,0.0,0.0
2011-02-22 00:00:00+08:00,14.37220185995102,14.37220185995102,13.42110026627779,13.526778221130371,2452000,0.0,0.0
2011-02-23 00:00:00+08:00,13.421096492875442,13.738130268297697,12.892706867171684,13.051223754882812,2112000,0.0,0.0
2011-02-24 00:00:00+08:00,13.051225939594893,13.368259768087077,12.998386968179528,13.262581825256348,1180000,0.0,0.0
2011-02-25 00:00:00+08:00,13.526775303171641,14.160842895507812,13.209741507003557,14.160842895507812,1356000,0.0,0.0
2011-03-01 00:00:00+08:00,14.107999833424886,14.583550389607748,13.790966129302978,14.26651668548584,1740000,0.0,0.0
2011-03-02 00:00:00+08:00,14.055164009985264,14.636392596864352,13.949486085098156,14.477875709533691,936000,0.0,0.0
2011-03-03 00:00:00+08:00,14.47787795347326,14.583555894739488,14.319361041573918,14.372200012207031,516000,0.0,0.0
2011-03-04 00:00:00+08:00,14.372194586859809,14.425033537546794,14.16083878411187,14.26651668548584,864000,0.0,0.0
2011-03-07 00:00:00+08:00,14.213682506861312,14.213682506861312,14.055165601580331,14.108004570007324,360000,0.0,0.0
2011-03-08 00:00:00+08:00,14.160843207490489,14.47787701064326,14.160843207490489,14.213682174682617,668000,0.0,0.0
2011-03-09 00:00:00+08:00,14.37219987929075,15.16478443145752,14.37219987929075,15.16478443145752,2992000,0.0,0.0
2011-03-10 00:00:00+08:00,15.428977992984798,15.428977992984798,15.006266267149599,15.111944198608398,1540000,0.0,0.0
2011-03-11 00:00:00+08:00,14.900588677022805,14.900588677022805,14.636393842323818,14.847749710083008,520000,0.0,0.0
2011-03-14 00:00:00+08:00,14.530715672474987,14.583554638556713,13.896648079494259,14.002326011657715,944000,0.0,0.0
2011-03-15 00:00:00+08:00,13.949485107421875,14.213679901123045,13.05122280883789,13.209739685058594,1684000,0.0,0.0
2011-03-16 00:00:00+08:00,13.209741849165697,13.738131523132324,13.209741849165697,13.738131523132324,796000,0.0,0.0
2011-03-17 00:00:00+08:00,13.209742127042828,14.002326654665397,13.209742127042828,13.949487686157227,864000,0.0,0.0
2011-03-18 00:00:00+08:00,14.266522070940804,14.530716924106374,14.002327217775234,14.372200012207031,1224000,0.0,0.0
2011-03-21 00:00:00+08:00,14.530715303144593,14.5835542678833,14.266520479451055,14.5835542678833,708000,0.0,0.0
2011-03-22 00:00:00+08:00,14.794909484195014,14.794909484195014,14.477875709533691,14.477875709533691,640000,0.0,0.0
2011-03-23 00:00:00+08:00,14.425037363524078,14.742071151733398,14.425037363524078,14.742071151733398,372000,0.0,0.0
2011-03-24 00:00:00+08:00,14.742072778181596,14.900589689774947,14.530716896057129,14.530716896057129,484000,0.0,0.0
2011-03-25 00:00:00+08:00,14.74207083612895,14.794909799699303,14.530714981847531,14.689231872558594,564000,0.0,0.0
2011-03-28 00:00:00+08:00,14.794911777271945,14.794911777271945,14.372200012207031,14.372200012207031,372000,0.0,0.0
2011-03-29 00:00:00+08:00,14.372194586859809,14.583550389607748,14.26651668548584,14.26651668548584,276000,0.0,0.0
2011-03-30 00:00:00+08:00,14.37219970252681,14.425038672021394,14.266521763537643,14.319360733032227,228000,0.0,0.0
2011-03-31 00:00:00+08:00,14.266519546508789,14.477875391642252,14.266519546508789,14.425036430358887,388000,0.0,0.0
2011-04-01 00:00:00+08:00,14.583553630952801,14.742070518245766,14.477875706090824,14.636392593383789,512000,0.0,0.0
2011-04-06 00:00:00+08:00,14.689231552396501,14.953426364489964,14.689231552396501,14.794909477233887,872000,0.0,0.0
2011-04-07 00:00:00+08:00,15.00626692535184,15.111944861445867,14.900588989257812,14.900588989257812,652000,0.0,0.0
2011-04-08 00:00:00+08:00,15.006265330400709,15.059104292831696,14.636392593383789,14.636392593383789,548000,0.0,0.0
2011-04-11 00:00:00+08:00,14.63639258997781,14.847748439652579,14.63639258997781,14.794909477233887,316000,0.0,0.0
2011-04-12 00:00:00+08:00,14.794909480676754,14.794909480676754,14.583553630952801,14.636392593383789,304000,0.0,0.0
2011-04-13 00:00:00+08:00,14.583553945417885,14.689231872558594,14.583553945417885,14.689231872558594,240000,0.0,0.0
2011-04-14 00:00:00+08:00,14.636393222330293,14.794910116434952,14.636393222330293,14.742071151733398,212000,0.0,0.0
2011-04-15 00:00:00+08:00,14.689232197360717,14.794910126838131,14.5835542678833,14.5835542678833,236000,0.0,0.0
2011-04-18 00:00:00+08:00,14.583555580505145,14.583555580505145,14.266521763537643,14.319360733032227,460000,0.0,0.0
2011-04-19 00:00:00+08:00,13.94948794657014,14.319360733032227,13.94948794657014,14.319360733032227,304000,0.0,0.0
2011-04-20 00:00:00+08:00,14.266519546508789,14.689231236775715,14.213680585225422,14.425036430358887,564000,0.0,0.0
2011-04-21 00:00:00+08:00,14.530715303144593,14.689232197360717,14.477876338405885,14.5835542678833,272000,0.0,0.0
2011-04-22 00:00:00+08:00,14.636393232622009,14.794910126838131,14.5835542678833,14.5835542678833,376000,0.0,0.0
2011-04-25 00:00:00+08:00,14.636393232622009,14.689232197360717,14.530715303144593,14.5835542678833,324000,0.0,0.0
2011-04-26 00:00:00+08:00,14.58355487538402,15.111944544781993,14.58355487538402,14.847749710083008,1104000,0.0,0.0
2011-04-27 00:00:00+08:00,15.111943904644273,15.111943904644273,14.689232187031845,14.742071151733398,560000,0.0,0.0
2011-04-28 00:00:00+08:00,14.847748439652579,15.006265326908656,14.742070514815195,14.794909477233887,472000,0.0,0.0
2011-04-29 00:00:00+08:00,14.847748443107742,15.006265330400709,14.636392593383789,14.636392593383789,540000,0.0,0.0
2011-05-03 00:00:00+08:00,14.794909484195014,14.794909484195014,14.372197784646584,14.477875709533691,576000,0.0,0.0
2011-05-04 00:00:00+08:00,14.477876018277176,14.74207083612895,14.477876018277176,14.689231872558594,300000,0.0,0.0
2011-05-05 00:00:00+08:00,14.689232809263615,14.900588677022805,14.530715908444224,14.847749710083008,608000,0.0,0.0
2011-05-06 00:00:00+08:00,14.900589580735264,15.16478443145752,14.900589580735264,15.16478443145752,1364000,0.0,0.0
2011-05-09 00:00:00+08:00,15.37613984272612,16.2215633392334,15.217622937131006,16.2215633392334,2368000,0.0,0.0
2011-05-10 00:00:00+08:00,16.380077362060547,17.014144872849986,16.274399443595637,16.380077362060547,5504000,0.0,0.0
2011-05-11 00:00:00+08:00,16.432918210572833,16.908468898338608,16.432918210572833,16.697113037109375,3132000,0.0,0.0
2011-05-12 00:00:00+08:00,16.908467610677082,16.908467610677082,16.749950726826984,16.80278968811035,2508000,0.0,0.0
2011-05-13 00:00:00+08:00,16.802790319919584,17.172663062810898,16.591434466838837,16.90846824645996,2904000,0.0,0.0
2011-05-16 00:00:00+08:00,17.014149324393568,17.753894947193288,16.802793432165075,17.119827270507812,3952000,0.0,0.0
2011-05-17 00:00:00+08:00,17.33118062079707,17.33118062079707,16.697113037109375,16.697113037109375,1840000,0.0,0.0
2011-05-18 00:00:00+08:00,16.53859856687946,17.331183162736306,16.53859856687946,17.119827270507812,2520000,0.0,0.0
2011-05-19 00:00:00+08:00,17.33118062079707,17.542536482026303,16.697113037109375,16.697113037109375,2880000,0.0,0.0
2011-05-20 00:00:00+08:00,16.80279096772399,17.066985794260532,16.591435106494757,16.697113037109375,2152000,0.0,0.0
2011-05-23 00:00:00+08:00,16.48575686500186,17.0669854724218,16.48575686500186,16.64427375793457,1580000,0.0,0.0
2011-05-24 00:00:00+08:00,16.59143909655119,16.80279500860917,15.95737136037726,16.06304931640625,2280000,0.0,0.0
2011-05-25 00:00:00+08:00,16.168726574290883,16.53859940442172,16.115887598557904,16.274404525756836,1120000,0.0,0.0
2011-05-26 00:00:00+08:00,16.380083184493216,16.538600118536696,16.06304931640625,16.06304931640625,1396000,0.0,0.0
2011-05-27 00:00:00+08:00,16.221566250449733,16.32724420647872,16.06304931640625,16.06304931640625,1208000,0.0,0.0
2011-05-30 00:00:00+08:00,16.32724244511842,16.855632168261412,16.16872552817552,16.749954223632812,1848000,0.0,0.0
2011-05-31 00:00:00+08:00,17.43686000857733,17.912410736083984,17.225504129685483,17.912410736083984,7160000,0.0,0.0
2011-06-01 00:00:00+08:00,17.96525001525879,18.282283839057474,17.648216191460104,17.96525001525879,10664000,0.0,0.0
2011-06-02 00:00:00+08:00,17.64821496463957,17.912409799439565,17.542537030719576,17.75389289855957,1952000,0.0,0.0
2011-06-03 00:00:00+08:00,17.859570489251368,18.387960148696674,17.859570489251368,18.01808738708496,3448000,0.0,0.0
2011-06-07 00:00:00+08:00,18.01808738708496,18.070926353029492,17.648214625473248,18.01808738708496,1384000,0.0,0.0
2011-06-08 00:00:00+08:00,18.176604284918554,18.493638080585736,18.01808738708496,18.01808738708496,2980000,0.0,0.0
2011-06-09 00:00:00+08:00,18.018090990489114,18.17660792002421,17.648218154907227,17.648218154907227,2588000,0.0,0.0
2011-06-10 00:00:00+08:00,17.85957187104298,17.85957187104298,17.278343200683594,17.278343200683594,2276000,0.0,0.0
2011-06-13 00:00:00+08:00,17.172663401043604,17.225502365354508,16.168723079136438,16.64427375793457,2296000,0.0,0.0
2011-06-14 00:00:00+08:00,16.697111765543617,17.436857223510742,16.697111765543617,17.436857223510742,1748000,0.0,0.0
2011-06-15 00:00:00+08:00,17.54253773601509,17.54253773601509,17.014148045171257,17.22550392150879,1172000,0.0,0.0
2011-06-16 00:00:00+08:00,16.96130657196045,17.119823455810547,16.749950726826984,16.80278968811035,1472000,0.0,0.0
2011-06-17 00:00:00+08:00,16.90846697884317,17.11982281607871,16.69711114160763,17.014144897460938,3700000,0.0,0.0
2011-06-20 00:00:00+08:00,17.126450897896127,17.294907791973795,16.28416642750779,16.39647102355957,3468000,2.375,0.0
2011-06-21 00:00:00+08:00,16.39647074345942,16.62107993172599,15.947252366926287,16.05955696105957,1876000,0.0,0.0
2011-06-22 00:00:00+08:00,16.115709258126213,16.28416614932614,16.05955696105957,16.05955696105957,1196000,0.0,0.0
2011-06-23 00:00:00+08:00,15.834948043300681,16.45262332158546,15.834948043300681,16.39647102355957,1236000,0.0,0.0
2011-06-24 00:00:00+08:00,16.28416614932614,16.28416614932614,16.05955696105957,16.05955696105957,848000,0.0,0.0
2011-06-27 00:00:00+08:00,15.834949731826782,16.340320467948914,15.834949731826782,16.171863555908203,744000,0.0,0.0
2011-06-28 00:00:00+08:00,16.22801573903937,16.340320346229955,16.003406524658203,16.003406524658203,756000,0.0,0.0
2011-06-29 00:00:00+08:00,16.115709258126213,16.171861555192855,16.003404663992928,16.05955696105957,568000,0.0,0.0
2011-06-30 00:00:00+08:00,16.11570939720708,16.396470884963303,16.11570939720708,16.22801399230957,928000,0.0,0.0
2011-07-01 00:00:00+08:00,16.2841666944875,16.789537385006078,16.2841666944875,16.73338508605957,1528000,0.0,0.0
2011-07-04 00:00:00+08:00,16.957996096853485,17.01414840180995,16.508777657201737,16.564929962158203,820000,0.0,0.0
2011-07-05 00:00:00+08:00,16.5649298048511,16.733386718120773,16.340320587158203,16.340320587158203,656000,0.0,0.0
2011-07-06 00:00:00+08:00,16.39647102355957,16.50877561961135,16.171861831456013,16.39647102355957,872000,0.0,0.0
2011-07-07 00:00:00+08:00,16.39647102355957,16.621080215663127,16.228014129481902,16.39647102355957,1072000,0.0,0.0
2011-07-08 00:00:00+08:00,16.452623040526063,16.508775337592706,16.003404663992928,16.05955696105957,892000,0.0,0.0
2011-07-11 00:00:00+08:00,16.059562377929687,16.059562377929687,15.385734585848722,15.441886901855469,1136000,0.0,0.0
2011-07-12 00:00:00+08:00,15.273426853009125,15.385731462222427,15.04881763458252,15.04881763458252,1208000,0.0,0.0
2011-07-13 00:00:00+08:00,15.0488171428442,15.273426353931427,14.150380298495293,14.37498950958252,1300000,0.0,0.0
2011-07-14 00:00:00+08:00,14.599598104303533,14.936511906710537,14.374988902698863,14.824207305908203,1236000,0.0,0.0
2011-07-15 00:00:00+08:00,15.048817012621008,15.722644640051799,14.82420780347741,15.498035430908203,1336000,0.0,0.0
2011-07-18 00:00:00+08:00,15.72264545104083,15.72264545104083,15.217274704400232,15.27342700958252,564000,0.0,0.0
2011-07-19 00:00:00+08:00,15.273425326020277,15.66649141896933,15.161120728034835,15.554186820983887,700000,0.0,0.0
2011-07-20 00:00:00+08:00,15.610337257385254,15.72264184197076,15.554184965092501,15.610337257385254,456000,0.0,0.0
2011-07-21 00:00:00+08:00,15.722648481889205,15.722648481889205,15.385734585848722,15.441886901855469,436000,0.0,0.0
2011-07-22 00:00:00+08:00,15.610338937668573,15.610338937668573,15.27342514764695,15.329577445983887,456000,0.0,0.0
2011-07-25 00:00:00+08:00,15.329574415418836,15.385726702654804,15.161117553710938,15.161117553710938,404000,0.0,0.0
2011-07-26 00:00:00+08:00,15.161121617192807,15.610340035480002,15.161121617192807,15.498035430908203,712000,0.0,0.0
2011-07-27 00:00:00+08:00,15.610337257385254,15.72264184197076,15.498032672799749,15.610337257385254,672000,0.0,0.0
2011-07-28 00:00:00+08:00,15.4980346105432,15.666491508483887,15.273425413288951,15.666491508483887,660000,0.0,0.0
2011-07-29 00:00:00+08:00,15.666489549678007,15.666489549678007,15.217271211335985,15.610337257385254,740000,0.0,0.0
2011-08-01 00:00:00+08:00,15.610340840676253,15.610340840676253,15.27342700958252,15.27342700958252,472000,0.0,0.0
2011-08-02 00:00:00+08:00,15.44188376682908,15.44188376682908,15.04881763458252,15.04881763458252,516000,0.0,0.0
2011-08-03 00:00:00+08:00,14.824208568124211,15.27342700958252,14.262685516301325,15.27342700958252,1468000,0.0,0.0
2011-08-04 00:00:00+08:00,15.273424870065982,15.385729464698821,14.936511086167469,14.992663383483887,316000,0.0,0.0
2011-08-05 00:00:00+08:00,14.150382965209475,14.431144531979506,13.981926025147457,14.094230651855469,1816000,0.0,0.0
2011-08-08 00:00:00+08:00,14.094228095196664,14.206532701532891,13.139638941338722,13.195791244506836,1896000,0.0,0.0
2011-08-09 00:00:00+08:00,12.353505845797264,13.364247233180677,12.297353546498186,13.25194263458252,1776000,0.0,0.0
2011-08-10 00:00:00+08:00,13.813465164740558,13.925769759575848,13.58885597506998,13.869617462158203,832000,0.0,0.0
2011-08-11 00:00:00+08:00,13.476553987865605,13.813467837562246,13.251944754734513,13.588858604431152,660000,0.0,0.0
2011-08-12 00:00:00+08:00,13.813467837562246,14.03807707069334,13.588858604431152,13.588858604431152,768000,0.0,0.0
2011-08-15 00:00:00+08:00,13.925772454127793,13.981924762410566,13.36424937130006,13.588858604431152,716000,0.0,0.0
2011-08-16 00:00:00+08:00,13.588858604431152,13.757315529279472,13.476553987865605,13.588858604431152,416000,0.0,0.0
2011-08-17 00:00:00+08:00,13.588858604431152,13.757315529279472,13.588858604431152,13.588858604431152,440000,0.0,0.0
2011-08-18 00:00:00+08:00,13.701162138743381,13.701162138743381,13.420400619506836,13.420400619506836,440000,0.0,0.0
2011-08-19 00:00:00+08:00,12.915026332650866,13.139635486262186,12.578112602233887,12.578112602233887,1044000,0.0,0.0
2011-08-22 00:00:00+08:00,13.139640675420347,13.139640675420347,12.578117569633152,12.915031433105469,848000,0.0,0.0
2011-08-23 00:00:00+08:00,13.251944754734513,13.645010912713927,13.251944754734513,13.588858604431152,912000,0.0,0.0
2011-08-24 00:00:00+08:00,13.7011632209967,13.7011632209967,13.53270629614838,13.588858604431152,588000,0.0,0.0
2011-08-25 00:00:00+08:00,13.645010912713927,13.925772454127793,13.53270629614838,13.588858604431152,460000,0.0,0.0
2011-08-26 00:00:00+08:00,13.420398664073783,13.701160142401687,12.915028003083558,13.364246368408203,540000,0.0,0.0
2011-08-29 00:00:00+08:00,13.476553987865605,13.813467837562246,13.420401679582833,13.588858604431152,456000,0.0,0.0
2011-08-30 00:00:00+08:00,13.701159049206831,14.374986543430119,13.645006758021557,14.26268196105957,1180000,0.0,0.0
2011-08-31 00:00:00+08:00,14.26268196105957,14.374986543430119,14.09422508750375,14.26268196105957,696000,0.0,0.0
2011-09-01 00:00:00+08:00,14.655748418269267,14.880357589430481,14.431139247108051,14.71190071105957,1784000,0.0,0.0
2011-09-02 00:00:00+08:00,14.711903198905613,15.6664923377659,14.487293989762016,15.498035430908203,3764000,0.0,0.0
2011-09-05 00:00:00+08:00,15.441882526370842,16.11571012752157,15.161121025891372,15.947253227233887,3612000,0.0,0.0
2011-09-06 00:00:00+08:00,16.396471628001038,16.396471628001038,15.722644026850311,15.947253227233887,2712000,0.0,0.0
2011-09-07 00:00:00+08:00,15.947252504553349,16.340318587412057,15.947252504553349,16.22801399230957,2140000,0.0,0.0
2011-09-08 00:00:00+08:00,16.340316559794886,16.396468850378376,15.947250525710475,16.115707397460938,1268000,0.0,0.0
2011-09-09 00:00:00+08:00,16.003403303434524,16.059555595727275,15.554184965092501,15.610337257385254,1276000,0.0,0.0
2011-09-13 00:00:00+08:00,15.161121617192807,15.498035430908203,15.048817012621008,15.498035430908203,1084000,0.0,0.0
2011-09-14 00:00:00+08:00,15.27342514764695,15.722643534342447,14.936511357625326,15.329577445983887,1320000,0.0,0.0
2011-09-15 00:00:00+08:00,15.610338306427002,15.778795194625854,15.554186010360716,15.72264289855957,876000,0.0,0.0
2011-09-16 00:00:00+08:00,15.891102151772412,16.5649298048511,15.891102151772412,16.340320587158203,2904000,0.0,0.0
2011-09-19 00:00:00+08:00,16.396472771962486,16.396472771962486,15.891102035840353,16.171863555908203,756000,0.0,0.0
2011-09-20 00:00:00+08:00,16.171861694758327,16.452623182514547,15.55418642169464,16.22801399230957,1996000,0.0,0.0
2011-09-21 00:00:00+08:00,16.171862182617186,16.90184207280477,16.171862182617186,16.84568977355957,3520000,0.0,0.0
2011-09-22 00:00:00+08:00,16.50877597808838,16.90184207280477,16.452623678843178,16.84568977355957,1952000,0.0,0.0
2011-09-23 00:00:00+08:00,16.621080307733447,16.621080307733447,16.05955732436407,16.50877571105957,2168000,0.0,0.0
2011-09-26 00:00:00+08:00,16.621081476626188,16.621081476626188,15.441883128622303,15.498035430908203,1456000,0.0,0.0
2011-09-27 00:00:00+08:00,15.722644640051799,15.947253849195397,15.273426221764606,15.498035430908203,828000,0.0,0.0
2011-09-28 00:00:00+08:00,15.778797230535178,16.059558747092744,15.722644927223664,15.891101837158203,936000,0.0,0.0
2011-09-29 00:00:00+08:00,15.94725121843054,15.94725121843054,15.498032874249398,15.834946632385254,968000,0.0,0.0
2011-09-30 00:00:00+08:00,16.11570809749847,16.11570809749847,15.778794339362612,15.834946632385254,268000,0.0,0.0
2011-10-03 00:00:00+08:00,15.834948315947495,15.834948315947495,15.498034521991164,15.554186820983887,288000,0.0,0.0
2011-10-04 00:00:00+08:00,15.441880380506996,15.834946426556264,15.385728088214243,15.610337257385254,320000,0.0,0.0
2011-10-05 00:00:00+08:00,15.947250525710475,16.22801197862791,15.554184491626062,16.115707397460938,928000,0.0,0.0
2011-10-06 00:00:00+08:00,16.284168282734978,16.677234413697548,16.115711369465306,16.340320587158203,2264000,0.0,0.0
2011-10-07 00:00:00+08:00,16.508775801272005,16.733384995847135,16.39647120398444,16.62108039855957,2472000,0.0,0.0
2011-10-11 00:00:00+08:00,16.73338508605957,16.84568968395259,16.564928189220044,16.73338508605957,1480000,0.0,0.0
2011-10-12 00:00:00+08:00,16.733386718120773,16.733386718120773,16.340320587158203,16.340320587158203,664000,0.0,0.0
2011-10-13 00:00:00+08:00,16.621080307733447,16.621080307733447,16.340318816048757,16.50877571105957,636000,0.0,0.0
2011-10-14 00:00:00+08:00,16.508777379989624,16.508777379989624,15.947254339853924,16.171863555908203,772000,0.0,0.0
2011-10-17 00:00:00+08:00,16.39647102355957,16.621080215663127,16.34031872553368,16.39647102355957,1084000,0.0,0.0
2011-10-18 00:00:00+08:00,16.340316719844424,16.340316719844424,16.171859846443965,16.284164428710938,292000,0.0,0.0
2011-10-19 00:00:00+08:00,16.56492827733358,17.126451269785562,16.34031908035278,16.84568977355957,3812000,0.0,0.0
2011-10-20 00:00:00+08:00,16.845690529301482,18.024888866352583,16.845690529301482,17.85643196105957,7476000,0.0,0.0
2011-10-21 00:00:00+08:00,18.193346423303296,18.97947867616208,18.193346423303296,18.75486946105957,6880000,0.0,0.0
2011-10-24 00:00:00+08:00,19.204087891264592,19.26024019504022,18.530260245957063,18.75486946105957,3064000,0.0,0.0
2011-10-25 00:00:00+08:00,18.75486946105957,18.97947867616208,18.530260245957063,18.75486946105957,1584000,0.0,0.0
2011-10-26 00:00:00+08:00,18.754868375005532,19.990218986532845,18.53025917290966,19.821762084960938,7152000,0.0,0.0
2011-10-27 00:00:00+08:00,19.990218854631696,19.990218854631696,19.48484815325056,19.653305053710938,2096000,0.0,0.0
2011-10-28 00:00:00+08:00,19.76560987015845,20.214828276298416,19.48484836632097,19.934066772460938,4464000,0.0,0.0
2011-10-31 00:00:00+08:00,19.990218854631696,20.495589556012835,19.653305053710938,19.653305053710938,2200000,0.0,0.0
2011-11-01 00:00:00+08:00,19.428695722684395,19.65330492179057,19.091781924025128,19.484848022460938,2032000,0.0,0.0
2011-11-02 00:00:00+08:00,18.979473872618243,19.765605926513672,18.979473872618243,19.765605926513672,1396000,0.0,0.0
2011-11-03 00:00:00+08:00,19.709459189710945,19.87791610586232,19.372545357408193,19.54100227355957,2016000,0.0,0.0
2011-11-04 00:00:00+08:00,20.102524218351945,20.888656450354535,19.765610404636547,20.664047241210938,7008000,0.0,0.0
2011-11-07 00:00:00+08:00,21.11326070626577,21.899392753839493,20.664042393366497,21.56247901916504,6088000,0.0,0.0
2011-11-08 00:00:00+08:00,21.899400139874952,21.899400139874952,21.00096321105957,21.00096321105957,2992000,0.0,0.0
2011-11-09 00:00:00+08:00,21.000964539774348,21.337878409396396,19.934070619304528,19.990222930908203,3600000,0.0,0.0
2011-11-10 00:00:00+08:00,19.541001116643187,20.551742553710938,19.316391908405908,20.551742553710938,3720000,0.0,0.0
2011-11-11 00:00:00+08:00,20.776351845782735,21.05711335721223,19.934067311494246,20.664047241210938,3024000,0.0,0.0
2011-11-14 00:00:00+08:00,21.22556681342087,21.56248057236406,20.720196175006087,21.169414520263672,3304000,0.0,0.0
2011-11-15 00:00:00+08:00,21.05711164806867,21.39402543443777,20.944807052612305,20.944807052612305,1724000,0.0,0.0
2011-11-16 00:00:00+08:00,20.776349245491673,20.888653836007844,19.821760226104217,19.877912521362305,4224000,0.0,0.0
2011-11-17 00:00:00+08:00,19.709455635588046,20.102521702394647,19.597151045071875,19.877912521362305,1944000,0.0,0.0
2011-11-18 00:00:00+08:00,20.102519989013672,20.551738312790516,19.877910827125252,20.102519989013672,3208000,0.0,0.0
2011-11-21 00:00:00+08:00,20.102521040572448,20.102521040572448,18.979475172384042,19.147932052612305,2564000,0.0,0.0
2011-11-22 00:00:00+08:00,19.2040863481972,19.597152443043345,18.41795415850492,19.260238647460938,2704000,0.0,0.0
2011-11-23 00:00:00+08:00,18.97947921972165,19.54100227355957,18.97947921972165,19.54100227355957,1852000,0.0,0.0
2011-11-24 00:00:00+08:00,19.484849574297844,19.484849574297844,18.97947883605957,18.97947883605957,1152000,0.0,0.0
2011-11-25 00:00:00+08:00,18.53025808566954,18.979476463503953,17.85643051891792,18.417953491210938,3768000,0.0,0.0
2011-11-28 00:00:00+08:00,18.417953583688448,18.642562773733427,17.91258290608724,18.530258178710938,2756000,0.0,0.0
2011-11-29 00:00:00+08:00,18.97947757710141,19.821762084960938,18.86717297605347,19.821762084960938,4672000,0.0,0.0
2011-11-30 00:00:00+08:00,19.821762626939783,20.944808668126175,19.821762626939783,20.551742553710938,5160000,0.0,0.0
2011-12-01 00:00:00+08:00,21.56248466132199,21.56248466132199,21.00096162326673,21.450180053710938,4736000,0.0,0.0
2011-12-02 00:00:00+08:00,21.33787368179916,21.674787476774934,21.00095988682338,21.618635177612305,2764000,0.0,0.0
2011-12-05 00:00:00+08:00,21.61863130827745,21.843240464727085,21.169412995378178,21.56247901916504,2204000,0.0,0.0
2011-12-06 00:00:00+08:00,21.45017955883129,21.45017955883129,20.38328581114073,20.776351928710938,2748000,0.0,0.0
2011-12-07 00:00:00+08:00,20.551740408604164,20.94480648199277,20.214826631413935,20.270978927612305,1948000,0.0,0.0
2011-12-08 00:00:00+08:00,19.990219693570523,20.888656533730998,19.990219693570523,20.776351928710938,2452000,0.0,0.0
2011-12-09 00:00:00+08:00,20.270981165774792,21.281722608943618,20.270981165774792,20.720199584960938,2228000,0.0,0.0
2011-12-12 00:00:00+08:00,21.000960884513436,21.113265488173937,20.439437866210938,20.439437866210938,1256000,0.0,0.0
2011-12-13 00:00:00+08:00,20.214826583862305,20.495588064193726,20.102521991729734,20.214826583862305,1196000,0.0,0.0
2011-12-14 00:00:00+08:00,20.21482865888994,20.55174246987144,20.04637175339919,20.439437866210938,1036000,0.0,0.0
2011-12-15 00:00:00+08:00,20.38328548030959,20.439437781908236,20.046371670717694,20.327133178710938,1000000,0.0,0.0
2011-12-16 00:00:00+08:00,20.32713370768229,21.16941825358073,20.2148291015625,21.057113647460938,2324000,0.0,0.0
2011-12-19 00:00:00+08:00,21.05711187635149,21.450177964710054,20.832502683003742,21.225568771362305,3540000,0.0,0.0
2011-12-20 00:00:00+08:00,21.225572691189022,21.56248654343012,21.169420382482173,21.39402961730957,2332000,0.0,0.0
2011-12-21 00:00:00+08:00,21.67478609566737,22.573222825021457,21.67478609566737,22.236309051513672,5640000,0.0,0.0
2011-12-22 00:00:00+08:00,22.06785216475978,22.348613642682935,21.787090686836628,22.236309051513672,2640000,0.0,0.0
2011-12-23 00:00:00+08:00,22.124010017939977,22.348619256700786,21.67479154041835,22.01170539855957,3780000,0.0,0.0
2011-12-26 00:00:00+08:00,22.236309336192573,22.79783229922774,22.180157039889057,22.573223114013672,4456000,0.0,0.0
2011-12-27 00:00:00+08:00,22.573226775356275,22.741683691590275,22.180160637476934,22.348617553710938,1740000,0.0,0.0
2011-12-28 00:00:00+08:00,22.18015490611194,22.629373233324333,22.12400261521039,22.29245948791504,1676000,0.0,0.0
2011-12-29 00:00:00+08:00,22.23631134033203,22.966291258070203,22.124006737603082,22.741682052612305,2476000,0.0,0.0
2011-12-30 00:00:00+08:00,22.91014091604449,23.19090244687837,22.74168399754416,22.797836303710938,3116000,0.0,0.0
2012-01-02 00:00:00+08:00,22.966292299116247,22.966292299116247,21.22557087791184,21.506332397460938,3168000,0.0,0.0
2012-01-03 00:00:00+08:00,21.506332397460938,21.618637005280576,20.8325047505431,21.506332397460938,3772000,0.0,0.0
2012-01-04 00:00:00+08:00,21.50633259409482,22.011703333903835,21.50633259409482,21.787094116210938,1280000,0.0,0.0
2012-01-05 00:00:00+08:00,22.236310739346475,22.236310739346475,21.67478774087813,21.955549240112305,1412000,0.0,0.0
2012-01-06 00:00:00+08:00,21.67478765374897,22.46091984844453,21.67478765374897,21.843244552612305,1668000,0.0,0.0
2012-01-09 00:00:00+08:00,21.67478902289208,21.78709362922831,20.888656778538483,21.113265991210938,1832000,0.0,0.0
2012-01-10 00:00:00+08:00,20.776350429001457,21.337873413569064,20.776350429001457,21.281721115112305,1128000,0.0,0.0
2012-01-11 00:00:00+08:00,21.337871551513672,21.674785312853363,21.225566964400443,21.337871551513672,1076000,0.0,0.0
2012-01-12 00:00:00+08:00,21.337875162760415,21.39402746582031,21.00096134440104,21.057113647460938,976000,0.0,0.0
2012-01-13 00:00:00+08:00,21.113265991210938,21.394027507051508,20.944809081706595,21.113265991210938,1420000,0.0,0.0
2012-01-16 00:00:00+08:00,21.281719257957057,21.674785312853363,21.113262377287214,21.337871551513672,1152000,0.0,0.0
2012-01-17 00:00:00+08:00,21.45017718794334,22.79783229922774,21.337872595336307,22.573223114013672,4964000,0.0,0.0
2012-01-18 00:00:00+08:00,22.853983671179314,23.864724963762185,22.853983671179314,23.69626808166504,6584000,0.0,0.0
2012-01-30 00:00:00+08:00,24.25779691655585,24.4824061472647,23.19090307068881,23.752426147460938,4104000,0.0,0.0
2012-01-31 00:00:00+08:00,24.145486634661893,24.42624810715796,23.64011598416897,23.92087745666504,3780000,0.0,0.0
2012-02-01 00:00:00+08:00,23.920877984786742,24.819314716609718,23.920877984786742,24.53855323791504,3440000,0.0,0.0
2012-02-02 00:00:00+08:00,24.707014083862305,24.931623302806507,24.1454910365018,24.707014083862305,2908000,0.0,0.0
2012-02-03 00:00:00+08:00,24.70700957965403,24.70700957965403,23.3593545116729,23.92087745666504,2384000,0.0,0.0
2012-02-06 00:00:00+08:00,23.583965481452225,24.145488469105846,23.583965481452225,23.808574676513672,1036000,0.0,0.0
2012-02-07 00:00:00+08:00,23.527811199567896,24.14548643392409,23.41550661150313,23.69626808166504,1360000,0.0,0.0
2012-02-08 00:00:00+08:00,24.033186388993318,24.763166349406667,23.696272561110234,24.650861740112305,3052000,0.0,0.0
2012-02-09 00:00:00+08:00,24.707014502548592,25.8300606163008,24.313948362735317,25.324689865112305,3704000,0.0,0.0
2012-02-10 00:00:00+08:00,25.2123798069201,25.77390274248625,25.2123798069201,25.605445861816406,1084000,0.0,0.0
2012-02-13 00:00:00+08:00,25.605451159530812,25.605451159530812,24.707014276740257,24.987775802612305,820000,0.0,0.0
2012-02-14 00:00:00+08:00,24.426248306451843,24.707009781238646,23.920877651835596,24.14548683166504,1620000,0.0,0.0
2012-02-15 00:00:00+08:00,23.64012160357307,24.145492374195772,23.134750832950367,23.864730834960938,3388000,0.0,0.0
2012-02-16 00:00:00+08:00,23.58396851190246,23.6962731238639,22.685531616210938,22.685531616210938,2596000,0.0,0.0
2012-02-17 00:00:00+08:00,22.91013659852924,23.13474578086776,21.730938391252,22.236309051513672,3500000,0.0,0.0
2012-02-20 00:00:00+08:00,22.517072847154406,22.91013895670573,22.124006737603082,22.741682052612305,1444000,0.0,0.0
2012-02-21 00:00:00+08:00,22.741681838035586,22.79783413887024,22.40476803302765,22.460920333862305,1124000,0.0,0.0
2012-02-22 00:00:00+08:00,22.460917799685483,24.033182045663466,22.460917799685483,23.92087745666504,4292000,0.0,0.0
2012-02-23 00:00:00+08:00,24.2577956459739,25.15623252175071,24.033186427029698,24.707014083862305,4756000,0.0,0.0
2012-02-24 00:00:00+08:00,25.324689435958863,25.380841740694912,24.482404864918102,24.707014083862305,1832000,0.0,0.0
2012-02-29 00:00:00+08:00,24.482401272198103,24.987771940660906,24.033182900231164,24.93161964416504,1960000,0.0,0.0
2012-03-01 00:00:00+08:00,25.268537051057162,25.268537051057162,24.145490959899067,24.594709396362305,1356000,0.0,0.0
2012-03-02 00:00:00+08:00,24.370100178130684,24.931623223709735,24.31394787357278,24.594709396362305,1708000,0.0,0.0
2012-03-05 00:00:00+08:00,24.089339808413854,24.313949037396736,23.359359814219495,23.471664428710938,848000,0.0,0.0
2012-03-06 00:00:00+08:00,23.07859117067777,23.07859117067777,21.843240791712052,21.89939308166504,4660000,0.0,0.0
2012-03-07 00:00:00+08:00,21.337877682277135,22.01170539855957,20.776354585375103,22.01170539855957,3492000,0.0,0.0
2012-03-08 00:00:00+08:00,22.573220942422786,22.573220942422786,21.955545742505745,22.29245948791504,1088000,0.0,0.0
2012-03-09 00:00:00+08:00,22.29246312789335,22.404767728033868,22.011701627542045,22.067853927612305,924000,0.0,0.0
2012-03-12 00:00:00+08:00,22.06784962117672,22.460915644963585,21.56247901916504,21.56247901916504,1176000,0.0,0.0
2012-03-13 00:00:00+08:00,21.843244552612305,21.955549151854527,21.337873856022302,21.843244552612305,1164000,0.0,0.0
2012-03-14 00:00:00+08:00,22.236309003226364,22.236309003226364,21.955547525912902,22.180156707763672,920000,0.0,0.0
2012-03-15 00:00:00+08:00,22.685527706620707,22.79783229922774,22.348613928799605,22.573223114013672,1856000,0.0,0.0
2012-03-16 00:00:00+08:00,22.797840174506693,23.359363331514245,22.797840174506693,22.910144805908203,2236000,0.0,0.0
2012-03-19 00:00:00+08:00,22.910140607824278,22.910140607824278,22.23631294288827,22.348617553710938,1104000,0.0,0.0
2012-03-20 00:00:00+08:00,22.06785361630929,22.348615112699992,21.674787521362305,21.674787521362305,1460000,0.0,0.0
2012-03-21 00:00:00+08:00,21.674787521362305,21.955549017753007,21.337873725693463,21.674787521362305,1480000,0.0,0.0
2012-03-22 00:00:00+08:00,21.674783597389858,21.899392753839493,21.50632673005263,21.56247901916504,1020000,0.0,0.0
2012-03-23 00:00:00+08:00,21.56248654343012,21.56248654343012,21.225572691189022,21.39402961730957,1052000,0.0,0.0
2012-03-26 00:00:00+08:00,21.394025666373118,21.50633026304699,21.169416473025368,21.225568771362305,1564000,0.0,0.0
2012-03-27 00:00:00+08:00,21.337873413569064,21.450178010482585,21.057111921285262,21.281721115112305,1876000,0.0,0.0
2012-03-28 00:00:00+08:00,21.281722651301205,21.45017955883129,20.55174271867082,20.776351928710938,2112000,0.0,0.0
2012-03-29 00:00:00+08:00,20.776349396264855,20.776349396264855,19.428694300290918,20.046369552612305,3208000,0.0,0.0
2012-03-30 00:00:00+08:00,19.82176046451154,20.214826536045766,19.54099898484424,20.158674240112305,2200000,0.0,0.0
2012-04-02 00:00:00+08:00,20.21482643960905,20.32713103094021,19.7656080742844,20.046369552612305,1428000,0.0,0.0
2012-04-03 00:00:00+08:00,20.046367374333467,20.10251966389743,19.0356261621822,19.765605926513672,3680000,0.0,0.0
2012-04-05 00:00:00+08:00,19.260238602844595,19.260238602844595,18.811020209775332,19.204086303710938,2576000,0.0,0.0
2012-04-06 00:00:00+08:00,19.31639297573553,19.653306806707658,19.09178375508744,19.42869758605957,1932000,0.0,0.0
2012-04-09 00:00:00+08:00,19.20408603123256,19.20408603123256,18.754867644537065,18.867172241210938,1448000,0.0,0.0
2012-04-10 00:00:00+08:00,18.979477107176308,19.37254320111191,18.867172508908993,19.204086303710938,1552000,0.0,0.0
2012-04-11 00:00:00+08:00,18.979477194852606,19.316390991210938,18.867172596066496,19.316390991210938,716000,0.0,0.0
2012-04-12 00:00:00+08:00,19.372545280897548,19.597154501545635,19.09178375508744,19.42869758605957,1288000,0.0,0.0
2012-04-13 00:00:00+08:00,19.597151373231842,20.43943581620742,19.54099907703347,20.270978927612305,2820000,0.0,0.0
2012-04-16 00:00:00+08:00,20.214826292910818,20.32713088342699,19.765607930846134,19.877912521362305,1144000,0.0,0.0
2012-04-17 00:00:00+08:00,20.10252496274875,20.10252496274875,18.81102196234869,19.03563117980957,2332000,0.0,0.0
2012-04-18 00:00:00+08:00,19.26024019504022,19.26024019504022,18.642564853508315,18.75486946105957,2004000,0.0,0.0
2012-04-19 00:00:00+08:00,18.081041499880925,18.64256452782754,18.081041499880925,18.30565071105957,1684000,0.0,0.0
2012-04-20 00:00:00+08:00,18.193345940631367,18.530259754346766,18.024889033773672,18.08104133605957,1560000,0.0,0.0
2012-04-23 00:00:00+08:00,18.3056522562534,18.41795687132244,17.631824565839164,17.744129180908203,2420000,0.0,0.0
2012-04-24 00:00:00+08:00,17.51951763676662,17.74412683723799,17.070299235823885,17.18260383605957,3476000,0.0,0.0
2012-04-25 00:00:00+08:00,17.182604693491523,18.36180305480957,17.07030008765171,18.36180305480957,7436000,0.0,0.0
2012-04-26 00:00:00+08:00,18.530257452101935,18.811018928648934,17.687973022460938,17.687973022460938,7540000,0.0,0.0
2012-04-27 00:00:00+08:00,17.407212579572523,17.631821774147653,16.45262350262822,16.62108039855957,8712000,0.0,0.0
2012-04-30 00:00:00+08:00,15.498035430908203,15.722644640051799,15.498035430908203,15.498035430908203,8068000,0.0,0.0
2012-05-02 00:00:00+08:00,15.498034826466736,16.11571012752157,15.27342562608316,15.947253227233887,10692000,0.0,0.0
2012-05-03 00:00:00+08:00,15.947254339853924,16.621081988016766,15.947254339853924,16.171863555908203,9476000,0.0,0.0
2012-05-04 00:00:00+08:00,15.834947772793003,16.228013852259497,15.498033990393152,16.05955696105957,6764000,0.0,0.0
2012-05-07 00:00:00+08:00,15.610337460294684,16.003403511453183,15.610337460294684,15.834946632385254,2864000,0.0,0.0
2012-05-08 00:00:00+08:00,15.891102035840353,16.228015859921776,15.891102035840353,16.171863555908203,3068000,0.0,0.0
2012-05-09 00:00:00+08:00,15.947254058729287,16.11571096780037,15.610340240587119,15.778797149658203,3344000,0.0,0.0
2012-05-10 00:00:00+08:00,15.834946426556264,16.003403303434524,15.610337257385254,15.610337257385254,3240000,0.0,0.0
2012-05-11 00:00:00+08:00,15.666489549678007,15.834946426556264,15.385728088214243,15.610337257385254,2888000,0.0,0.0
2012-05-14 00:00:00+08:00,15.72264184197076,15.834946426556264,15.554184965092501,15.610337257385254,1456000,0.0,0.0
2012-05-15 00:00:00+08:00,15.610340320600638,15.891101837158203,15.385731107354585,15.891101837158203,1552000,0.0,0.0
2012-05-16 00:00:00+08:00,15.891100614940216,15.891100614940216,15.554186820983887,15.554186820983887,2020000,0.0,0.0
2012-05-17 00:00:00+08:00,15.554186820983887,15.72264371796205,15.329577625013,15.554186820983887,2156000,0.0,0.0
2012-05-18 00:00:00+08:00,15.273427523099459,15.273427523099459,14.599599838256836,14.599599838256836,3736000,0.0,0.0
2012-05-21 00:00:00+08:00,14.487293989762016,14.82420780347741,14.03807557147482,14.20653247833252,2952000,0.0,0.0
2012-05-22 00:00:00+08:00,14.374986954317748,14.768053003849873,14.206530075946837,14.71190071105957,3740000,0.0,0.0
2012-05-23 00:00:00+08:00,14.487296137570414,14.59960075879189,14.206534584516724,14.543448448181152,1612000,0.0,0.0
2012-05-24 00:00:00+08:00,14.374990609975962,15.161122908959022,14.374990609975962,14.599599838256836,3480000,0.0,0.0
2012-05-25 00:00:00+08:00,14.711900504060493,14.880357380061186,14.374986752059108,14.48729133605957,1544000,0.0,0.0
2012-05-28 00:00:00+08:00,14.711902574561107,14.768054874464012,14.487293374949488,14.655750274658203,1096000,0.0,0.0
2012-05-29 00:00:00+08:00,14.880363741787997,15.554191533868963,14.711906793767756,15.441886901855469,4108000,0.0,0.0
2012-05-30 00:00:00+08:00,15.385729789733887,15.441882088236564,15.161120595723172,15.385729789733887,1720000,0.0,0.0
2012-05-31 00:00:00+08:00,15.161119937896729,15.72264289855957,15.04881534576416,15.72264289855957,1840000,0.0,0.0
2012-06-01 00:00:00+08:00,15.498035133106558,15.498035133106558,14.93651212103748,15.104969024658203,2016000,0.0,0.0
2012-06-04 00:00:00+08:00,14.262686895127462,14.59960075879189,14.150382273905986,14.543448448181152,3020000,0.0,0.0
2012-06-05 00:00:00+08:00,14.711902574561107,15.048816373978537,14.655750274658203,14.655750274658203,1876000,0.0,0.0
2012-06-06 00:00:00+08:00,14.880359474269822,15.048816373978537,14.599597974755298,14.655750274658203,1700000,0.0,0.0
2012-06-07 00:00:00+08:00,14.992665987748365,14.992665987748365,14.599599838256836,14.599599838256836,1532000,0.0,0.0
2012-06-08 00:00:00+08:00,14.599595920060032,14.711900504060493,14.318834460058877,14.48729133605957,1116000,0.0,0.0
2012-06-11 00:00:00+08:00,14.599599838256836,14.82420906653771,14.543447531186617,14.599599838256836,1160000,0.0,0.0
2012-06-12 00:00:00+08:00,14.599596324719881,14.992662379616185,14.431139444050036,14.93651008605957,1400000,0.0,0.0
2012-06-13 00:00:00+08:00,15.048816551352447,15.048816551352447,14.880359649658203,14.880359649658203,1292000,0.0,0.0
2012-06-14 00:00:00+08:00,14.88035990303293,15.329578315199962,14.711902998470293,15.217273712158203,1972000,0.0,0.0
2012-06-15 00:00:00+08:00,15.27342642244495,15.834949452681897,15.217274119421257,15.778797149658203,4676000,0.0,0.0
2012-06-18 00:00:00+08:00,16.11571012752157,16.171862427617462,15.834948627042099,15.947253227233887,3204000,0.0,0.0
2012-06-19 00:00:00+08:00,15.891098718849017,15.891098718849017,15.610337257385254,15.610337257385254,1432000,0.0,0.0
2012-06-20 00:00:00+08:00,15.834948627042099,16.003405527329782,15.722644026850311,15.947253227233887,2164000,0.0,0.0
2012-06-21 00:00:00+08:00,15.947252082824706,15.947252082824706,15.666490602493285,15.72264289855957,1116000,0.0,0.0
2012-06-22 00:00:00+08:00,15.498036020809842,16.340320587158203,15.441883716386618,16.340320587158203,4340000,0.0,0.0
2012-06-25 00:00:00+08:00,16.22801213757745,16.67723046664534,16.22801213757745,16.284164428710938,3296000,0.0,0.0
2012-06-26 00:00:00+08:00,16.171863353715768,16.284167960338795,15.834949533846691,15.891101837158203,2748000,0.0,0.0
2012-06-27 00:00:00+08:00,15.891100069859645,16.171861555192855,15.891100069859645,16.05955696105957,1392000,0.0,0.0
2012-06-28 00:00:00+08:00,16.28416702780925,16.28416702780925,15.947253227233887,15.947253227233887,1560000,0.0,0.0
2012-06-29 00:00:00+08:00,16.11570755531048,16.284164428710938,16.003402973043507,16.284164428710938,1348000,0.0,0.0
2012-07-02 00:00:00+08:00,16.564930300963553,17.126453362013162,16.39647338264867,17.070301055908203,4240000,0.0,0.0
2012-07-03 00:00:00+08:00,17.294906364415738,17.294906364415738,16.901840310679017,17.014144897460938,3248000,0.0,0.0
2012-07-04 00:00:00+08:00,17.12644983107044,17.407211303710938,17.12644983107044,17.407211303710938,4152000,0.0,0.0
2012-07-05 00:00:00+08:00,17.351060466766356,17.351060466766356,16.621080576578777,16.84568977355957,7400000,0.0,0.0
2012-07-06 00:00:00+08:00,16.845687995279643,16.845687995279643,16.057939995500377,16.1185359954834,4488000,2.75,0.0
2012-07-09 00:00:00+08:00,16.360919952392578,16.724495951334635,16.179131952921548,16.360919952392578,2544000,0.0,0.0
2012-07-10 00:00:00+08:00,16.17913199546642,16.4215159953985,16.1185359954834,16.1185359954834,1736000,0.0,0.0
2012-07-11 00:00:00+08:00,16.118537938956056,16.179133946245365,15.876153909798823,15.997345924377441,932000,0.0,0.0
2012-07-12 00:00:00+08:00,15.997348902775691,16.11854093991793,15.754964828491211,15.754964828491211,1144000,0.0,0.0
2012-07-13 00:00:00+08:00,15.75495816016382,15.997342131858648,15.5731701813927,15.633766174316406,1028000,0.0,0.0
2012-07-16 00:00:00+08:00,15.75495816016382,15.876150146011234,15.633766174316406,15.633766174316406,740000,0.0,0.0
2012-07-17 00:00:00+08:00,15.633769880641589,15.997345924377441,15.573173873352282,15.997345924377441,980000,0.0,0.0
2012-07-18 00:00:00+08:00,16.11854093991793,16.11854093991793,15.754964828491211,15.754964828491211,668000,0.0,0.0
2012-07-19 00:00:00+08:00,15.997344999822952,15.997344999822952,15.815556988461326,15.876152992248535,536000,0.0,0.0
2012-07-20 00:00:00+08:00,15.936748996035742,15.936748996035742,15.754960984674119,15.876152992248535,436000,0.0,0.0
2012-07-23 00:00:00+08:00,15.633770527559168,15.633770527559168,15.391386488372206,15.451982498168945,916000,0.0,0.0
2012-07-24 00:00:00+08:00,15.330789074184388,15.451981082675964,15.2701930699386,15.391385078430176,716000,0.0,0.0
2012-07-25 00:00:00+08:00,15.330789074184388,15.633769095413328,15.2701930699386,15.391385078430176,512000,0.0,0.0
2012-07-26 00:00:00+08:00,15.573174975812435,15.633770987391472,15.451982952654362,15.512578964233398,488000,0.0,0.0
2012-07-27 00:00:00+08:00,15.633772345583411,15.815560396113451,15.633772345583411,15.694368362426758,788000,0.0,0.0
2012-07-30 00:00:00+08:00,15.754963010549545,15.876155033707619,15.512578964233398,15.512578964233398,484000,0.0,0.0
2012-07-31 00:00:00+08:00,15.573174356960978,15.936750411987305,15.573174356960978,15.936750411987305,832000,0.0,0.0
2012-08-01 00:00:00+08:00,15.997345924377441,16.179133946245365,15.815557902509514,15.997345924377441,988000,0.0,0.0
2012-08-02 00:00:00+08:00,15.997345924377441,15.997345924377441,15.997345924377441,15.997345924377441,0,0.0,0.0
2012-08-03 00:00:00+08:00,15.997342131858648,16.118534117706062,15.5731701813927,15.633766174316406,1100000,0.0,0.0
2012-08-06 00:00:00+08:00,15.997347056865692,15.997347056865692,15.391386941075325,15.512578964233398,1040000,0.0,0.0
2012-08-07 00:00:00+08:00,15.270194769894928,15.270194769894928,14.54304263799517,14.603638648986816,3540000,0.0,0.0
2012-08-08 00:00:00+08:00,14.54304263799517,14.603638648986816,14.300658594028583,14.603638648986816,1328000,0.0,0.0
2012-08-09 00:00:00+08:00,14.603638037558525,15.027810096740723,14.603638037558525,15.027810096740723,1484000,0.0,0.0
2012-08-10 00:00:00+08:00,15.027809174080204,15.027809174080204,14.785425155143427,14.906617164611816,756000,0.0,0.0
2012-08-13 00:00:00+08:00,14.90661916653972,14.90661916653972,14.66423511505127,14.66423511505127,556000,0.0,0.0
2012-08-14 00:00:00+08:00,14.664232230577312,14.906616234388506,14.664232230577312,14.78542423248291,824000,0.0,0.0
2012-08-15 00:00:00+08:00,14.785425155143427,15.149001183548593,14.664233145675038,14.906617164611816,1316000,0.0,0.0
2012-08-16 00:00:00+08:00,15.027809174080204,15.027809174080204,14.84602115987762,14.906617164611816,684000,0.0,0.0
2012-08-17 00:00:00+08:00,14.78542423248291,14.967212235341306,14.724828231530111,14.78542423248291,772000,0.0,0.0
2012-08-20 00:00:00+08:00,14.664232302112739,14.72482830336114,14.30065629462234,14.42184829711914,1720000,0.0,0.0
2012-08-21 00:00:00+08:00,14.30065629462234,14.48244429836754,14.30065629462234,14.42184829711914,840000,0.0,0.0
2012-08-22 00:00:00+08:00,14.42184829711914,14.54304029961594,14.42184829711914,14.42184829711914,360000,0.0,0.0
2012-08-23 00:00:00+08:00,14.421847830341838,14.482443829628988,14.361251831054688,14.361251831054688,600000,0.0,0.0
2012-08-24 00:00:00+08:00,14.361254648184676,14.543042681706002,14.361254648184676,14.482446670532227,504000,0.0,0.0
2012-08-27 00:00:00+08:00,14.603639102179157,14.724831127923382,14.543043089307044,14.66423511505127,852000,0.0,0.0
2012-08-28 00:00:00+08:00,14.664232302112739,14.664232302112739,14.42184829711914,14.42184829711914,516000,0.0,0.0
2012-08-29 00:00:00+08:00,14.421847830341838,14.54303982891614,14.361251831054688,14.361251831054688,528000,0.0,0.0
2012-08-30 00:00:00+08:00,14.300658226013184,14.482446254309963,14.240062216580926,14.300658226013184,828000,0.0,0.0
2012-08-31 00:00:00+08:00,14.300658226013184,14.482446254309963,14.300658226013184,14.300658226013184,388000,0.0,0.0
2012-09-03 00:00:00+08:00,14.361254648184676,14.482446670532227,14.300658637010901,14.482446670532227,412000,0.0,0.0
2012-09-04 00:00:00+08:00,14.482446254309963,14.482446254309963,14.300658226013184,14.300658226013184,596000,0.0,0.0
2012-09-05 00:00:00+08:00,14.30065538129236,14.421847376049074,14.179463386535645,14.179463386535645,776000,0.0,0.0
2012-09-06 00:00:00+08:00,14.058272411948757,14.179464415500039,13.815888404846191,13.815888404846191,2136000,0.0,0.0
2012-09-07 00:00:00+08:00,13.937080408397474,13.997676410173115,13.75529240307055,13.815888404846191,980000,0.0,0.0
2012-09-10 00:00:00+08:00,13.815887981466114,13.815887981466114,13.512907981872559,13.512907981872559,1104000,0.0,0.0
2012-09-11 00:00:00+08:00,13.452313565762243,13.512909572815227,12.725161481126445,12.967545509338379,2448000,0.0,0.0
2012-09-12 00:00:00+08:00,12.967545474017108,13.20992950156883,12.967545474017108,13.088737487792969,1128000,0.0,0.0
2012-09-13 00:00:00+08:00,13.20992950156883,13.331121515344691,13.028141480905038,13.088737487792969,1048000,0.0,0.0
2012-09-14 00:00:00+08:00,13.331123914586783,13.331123914586783,13.149335861206055,13.149335861206055,1088000,0.0,0.0
2012-09-17 00:00:00+08:00,13.270527089160423,13.93708324432373,13.088739046843155,13.93708324432373,1928000,0.0,0.0
2012-09-18 00:00:00+08:00,14.058275272535242,14.240063314852508,13.876487230217975,13.93708324432373,2048000,0.0,0.0
2012-09-19 00:00:00+08:00,13.937081758556447,14.11886978149414,13.937081758556447,14.11886978149414,812000,0.0,0.0
2012-09-20 00:00:00+08:00,14.118870690528382,14.361254736717711,14.05827467898105,14.240062713623047,848000,0.0,0.0
2012-09-21 00:00:00+08:00,14.240059383914002,14.30065538129236,14.118867389157288,14.179463386535645,568000,0.0,0.0
2012-09-24 00:00:00+08:00,14.179465826455647,14.240061834261015,13.99767780303955,13.99767780303955,316000,0.0,0.0
2012-09-25 00:00:00+08:00,13.876486364719087,13.997678385371655,13.63410232341395,13.694698333740234,708000,0.0,0.0
2012-09-26 00:00:00+08:00,13.573505435977971,13.573505435977971,13.331121410335506,13.452313423156738,584000,0.0,0.0
2012-09-27 00:00:00+08:00,13.452311981953848,13.694695981628692,13.331119982116427,13.512907981872559,388000,0.0,0.0
2012-09-28 00:00:00+08:00,13.634100003479833,13.634100003479833,13.331120003402503,13.391716003417969,400000,0.0,0.0
2012-10-01 00:00:00+08:00,13.5735071596892,14.118871286640998,13.5735071596892,13.93708324432373,1052000,0.0,0.0
2012-10-02 00:00:00+08:00,14.179463402978305,14.300655397875556,14.058271408081055,14.058271408081055,832000,0.0,0.0
2012-10-03 00:00:00+08:00,14.118868413724398,14.24006041727568,13.815888404846191,13.815888404846191,496000,0.0,0.0
2012-10-04 00:00:00+08:00,13.45231055361884,13.63409853407315,13.391714560134071,13.573502540588379,912000,0.0,0.0
2012-10-05 00:00:00+08:00,13.573506313087666,13.937082375045371,13.573506313087666,13.694698333740234,568000,0.0,0.0
2012-10-08 00:00:00+08:00,13.694697448799202,13.755293455209818,13.452313423156738,13.452313423156738,356000,0.0,0.0
2012-10-09 00:00:00+08:00,13.452313457835805,13.512909464402632,13.331121444702148,13.331121444702148,476000,0.0,0.0
2012-10-11 00:00:00+08:00,13.270524069320324,13.270524069320324,12.967544067737668,13.0281400680542,704000,0.0,0.0
2012-10-12 00:00:00+08:00,13.028141480905038,13.27052550845676,12.967545474017108,13.088737487792969,388000,0.0,0.0
2012-10-15 00:00:00+08:00,13.088737523444344,13.088737523444344,12.906949502285395,12.967545509338379,316000,0.0,0.0
2012-10-16 00:00:00+08:00,12.9675458881953,13.331121941135354,12.9675458881953,13.270525932312012,516000,0.0,0.0
2012-10-17 00:00:00+08:00,13.452315950173936,13.452315950173936,13.149335861206055,13.149335861206055,276000,0.0,0.0
2012-10-18 00:00:00+08:00,13.209928512573242,13.209928512573242,13.088736507870735,13.209928512573242,304000,0.0,0.0
2012-10-19 00:00:00+08:00,13.20992950156883,13.20992950156883,13.088737487792969,13.088737487792969,332000,0.0,0.0
2012-10-22 00:00:00+08:00,13.088736003340639,13.512908003448901,12.846352003278776,13.391716003417969,720000,0.0,0.0
2012-10-23 00:00:00+08:00,13.512908395967987,13.937080408397474,13.331120390641063,13.815888404846191,1100000,0.0,0.0
2012-10-24 00:00:00+08:00,13.573506717598594,14.118870826787823,13.573506717598594,13.876486778259277,1152000,0.0,0.0
2012-10-25 00:00:00+08:00,13.876482508012227,14.058270488466537,13.573502540588379,13.573502540588379,632000,0.0,0.0
2012-10-26 00:00:00+08:00,13.57350557986821,13.57350557986821,12.725161481126445,12.967545509338379,1372000,0.0,0.0
2012-10-29 00:00:00+08:00,12.967545735954058,12.967545735954058,12.107082605688925,12.24039363861084,1464000,0.0,0.0
2012-10-30 00:00:00+08:00,12.179797556793805,12.543373603265263,12.179797556793805,12.48277759552002,800000,0.0,0.0
2012-10-31 00:00:00+08:00,12.422182936417428,12.725163008037367,12.36158692209344,12.664566993713379,728000,0.0,0.0
2012-11-01 00:00:00+08:00,12.664566993713379,12.785759022361354,12.240394893445467,12.664566993713379,980000,0.0,0.0
2012-11-02 00:00:00+08:00,12.846353641991476,12.846353641991476,12.48277759552002,12.48277759552002,428000,0.0,0.0
2012-11-05 00:00:00+08:00,12.482777201714208,12.482777201714208,12.119201166712823,12.179797172546387,548000,0.0,0.0
2012-11-06 00:00:00+08:00,12.119201166712823,12.300989184213515,12.022247187530452,12.179797172546387,448000,0.0,0.0
2012-11-07 00:00:00+08:00,12.300989184213515,12.300989184213515,12.119201166712823,12.179797172546387,500000,0.0,0.0
2012-11-08 00:00:00+08:00,12.119203295026507,12.90695150920323,12.010130280446901,12.725163459777832,1300000,0.0,0.0
2012-11-09 00:00:00+08:00,12.725161446465385,13.20992950156883,12.603969432689526,13.088737487792969,1136000,0.0,0.0
2012-11-12 00:00:00+08:00,13.088738531436562,13.149334543156174,12.785758472838491,12.846354484558105,620000,0.0,0.0
2012-11-13 00:00:00+08:00,12.846353641991476,12.846353641991476,12.361585580029534,12.48277759552002,496000,0.0,0.0
2012-11-14 00:00:00+08:00,12.361583673037016,12.603967666625977,12.361583673037016,12.603967666625977,172000,0.0,0.0
2012-11-15 00:00:00+08:00,12.482775669831497,12.664563665023216,12.482775669831497,12.603967666625977,252000,0.0,0.0
2012-11-16 00:00:00+08:00,12.48277759552002,12.72516162650099,12.48277759552002,12.48277759552002,404000,0.0,0.0
2012-11-19 00:00:00+08:00,12.543373679170514,12.543373679170514,12.24039363861084,12.24039363861084,412000,0.0,0.0
2012-11-20 00:00:00+08:00,12.361585693359375,12.422181701660156,12.11920166015625,12.11920166015625,380000,0.0,0.0
2012-11-21 00:00:00+08:00,12.119203013152324,12.361587073415372,12.119203013152324,12.30099105834961,424000,0.0,0.0
2012-11-22 00:00:00+08:00,12.36158417492378,12.543372177496188,12.36158417492378,12.42218017578125,276000,0.0,0.0
2012-11-23 00:00:00+08:00,12.482778051625127,12.543374061584473,12.422182041665781,12.543374061584473,964000,0.0,0.0
2012-11-26 00:00:00+08:00,12.603969611010506,12.72516162650099,12.361585580029534,12.48277759552002,520000,0.0,0.0
2012-11-27 00:00:00+08:00,12.482778051625127,12.725162091462508,12.361586031706436,12.543374061584473,804000,0.0,0.0
2012-11-28 00:00:00+08:00,12.543372177496188,12.543372177496188,12.36158417492378,12.42218017578125,464000,0.0,0.0
2012-11-29 00:00:00+08:00,12.422181587774777,12.543373603265263,12.422181587774777,12.48277759552002,424000,0.0,0.0
2012-11-30 00:00:00+08:00,12.482779393877301,12.846355492728097,12.482779393877301,12.725163459777832,1108000,0.0,0.0
2012-12-03 00:00:00+08:00,12.846350618771146,13.573502540588379,12.846350618771146,13.573502540588379,3976000,0.0,0.0
2012-12-04 00:00:00+08:00,13.573502540588379,13.755290521042689,13.391714560134071,13.573502540588379,2048000,0.0,0.0
2012-12-05 00:00:00+08:00,13.512909464402632,13.57350547096946,13.331121444702148,13.331121444702148,1176000,0.0,0.0
2012-12-06 00:00:00+08:00,13.088737384693042,13.694697448799202,13.088737384693042,13.452313423156738,1928000,0.0,0.0
2012-12-07 00:00:00+08:00,13.573505435977971,13.997677480852282,13.452313423156738,13.452313423156738,1816000,0.0,0.0
2012-12-10 00:00:00+08:00,13.452313457835805,13.57350547096946,13.331121444702148,13.331121444702148,564000,0.0,0.0
2012-12-11 00:00:00+08:00,13.331121515344691,13.331121515344691,13.088737487792969,13.088737487792969,516000,0.0,0.0
2012-12-12 00:00:00+08:00,13.149332068687261,13.270524069320324,13.0281400680542,13.0281400680542,932000,0.0,0.0
2012-12-13 00:00:00+08:00,13.088739843412478,13.331123914586783,13.028143825618903,13.149335861206055,576000,0.0,0.0
2012-12-14 00:00:00+08:00,13.1493334946809,13.20992950156883,12.967545474017108,13.088737487792969,360000,0.0,0.0
2012-12-17 00:00:00+08:00,13.088737523444344,13.088737523444344,12.846353495232412,12.967545509338379,460000,0.0,0.0
2012-12-18 00:00:00+08:00,12.967545509338379,13.088737523444344,12.967545509338379,12.967545509338379,236000,0.0,0.0
2012-12-19 00:00:00+08:00,13.088735982441582,13.634099981709982,13.088735982441582,13.512907981872559,1632000,0.0,0.0
2012-12-20 00:00:00+08:00,13.512908003448901,13.512908003448901,13.209928003371571,13.391716003417969,800000,0.0,0.0
2012-12-21 00:00:00+08:00,13.391714560134071,13.573502540588379,13.270522573164532,13.573502540588379,1068000,0.0,0.0
2012-12-24 00:00:00+08:00,13.694698333740234,14.05827439569794,13.694698333740234,13.694698333740234,1032000,0.0,0.0
2012-12-25 00:00:00+08:00,13.694698333740234,13.755294344066519,13.452314292435098,13.694698333740234,448000,0.0,0.0
2012-12-26 00:00:00+08:00,13.69469452755792,13.937078501496996,13.573502540588379,13.573502540588379,464000,0.0,0.0
2012-12-27 00:00:00+08:00,13.63409853407315,13.755290521042689,13.51290654710361,13.573502540588379,500000,0.0,0.0
2012-12-28 00:00:00+08:00,13.694698833889431,13.876486871507433,13.573506808810764,13.634102821350098,688000,0.0,0.0
2013-01-02 00:00:00+08:00,13.755293455209818,13.755293455209818,13.452313423156738,13.452313423156738,472000,0.0,0.0
2013-01-03 00:00:00+08:00,13.573504526680763,13.634100529032017,13.209928512573242,13.209928512573242,748000,0.0,0.0
2013-01-04 00:00:00+08:00,13.20992992348867,13.331121941135354,13.149333914665327,13.270525932312012,624000,0.0,0.0
2013-01-07 00:00:00+08:00,13.331121515344691,13.391717522232621,13.088737487792969,13.088737487792969,556000,0.0,0.0
2013-01-08 00:00:00+08:00,13.088737523444344,13.149333530497328,12.906949502285395,12.967545509338379,568000,0.0,0.0
2013-01-09 00:00:00+08:00,12.967547807825326,13.149335861206055,12.90695179003175,13.149335861206055,592000,0.0,0.0
2013-01-10 00:00:00+08:00,13.331121551656278,13.39171755870926,12.967545509338379,12.967545509338379,504000,0.0,0.0
2013-01-11 00:00:00+08:00,13.149333530497328,13.149333530497328,12.906949502285395,12.967545509338379,392000,0.0,0.0
2013-01-14 00:00:00+08:00,13.08873606837073,13.149332068687261,12.967544067737668,13.0281400680542,296000,0.0,0.0
2013-01-15 00:00:00+08:00,12.967544067737668,13.149332068687261,12.967544067737668,13.0281400680542,332000,0.0,0.0
2013-01-16 00:00:00+08:00,12.967547224072987,12.967547224072987,12.119203013152324,12.30099105834961,2368000,0.0,0.0
2013-01-17 00:00:00+08:00,12.361585693359375,12.543373718261718,12.010128660290501,12.11920166015625,1356000,0.0,0.0
2013-01-18 00:00:00+08:00,12.119201991869055,12.543374061584473,12.119201991869055,12.543374061584473,560000,0.0,0.0
2013-01-21 00:00:00+08:00,12.603967666625977,12.603967666625977,12.422179671434256,12.603967666625977,360000,0.0,0.0
2013-01-22 00:00:00+08:00,12.603970071543817,12.603970071543817,12.422182041665781,12.543374061584473,176000,0.0,0.0
2013-01-23 00:00:00+08:00,12.482776176638719,12.543372177496188,12.36158417492378,12.42218017578125,176000,0.0,0.0
2013-01-24 00:00:00+08:00,12.42218017578125,12.603968178353657,12.42218017578125,12.42218017578125,144000,0.0,0.0
2013-01-25 00:00:00+08:00,12.422183541690602,12.482779558967142,12.240395489860983,12.361587524414062,368000,0.0,0.0
2013-01-28 00:00:00+08:00,12.603968178353657,12.664564179211128,12.42218017578125,12.42218017578125,268000,0.0,0.0
2013-01-29 00:00:00+08:00,12.48277759552002,12.603969611010506,12.422181587774777,12.48277759552002,868000,0.0,0.0
2013-01-30 00:00:00+08:00,12.482776176638719,12.543372177496188,12.36158417492378,12.42218017578125,952000,0.0,0.0
2013-01-31 00:00:00+08:00,12.603969611010506,12.72516162650099,12.48277759552002,12.48277759552002,1456000,0.0,0.0
2013-02-01 00:00:00+08:00,12.48277759552002,12.603969611010506,12.422181587774777,12.48277759552002,700000,0.0,0.0
2013-02-04 00:00:00+08:00,12.482776176638719,12.603968178353657,12.42218017578125,12.42218017578125,628000,0.0,0.0
2013-02-05 00:00:00+08:00,12.361585580029534,12.48277759552002,12.361585580029534,12.48277759552002,336000,0.0,0.0
2013-02-06 00:00:00+08:00,12.482779558967142,12.543375576243681,12.361587524414062,12.361587524414062,568000,0.0,0.0
2013-02-18 00:00:00+08:00,12.48277767105858,12.48277767105858,12.179797630498905,12.24039363861084,484000,0.0,0.0
2013-02-19 00:00:00+08:00,12.482776176638719,12.482776176638719,12.240392173208841,12.42218017578125,272000,0.0,0.0
2013-02-20 00:00:00+08:00,12.482779558967142,12.482779558967142,12.300991507137523,12.361587524414062,324000,0.0,0.0
2013-02-21 00:00:00+08:00,12.361587073415372,12.361587073415372,12.240395043283847,12.30099105834961,188000,0.0,0.0
2013-02-22 00:00:00+08:00,12.300989646722774,12.300989646722774,12.179797630498905,12.24039363861084,456000,0.0,0.0
2013-02-25 00:00:00+08:00,12.24039363861084,12.361585654834709,12.179797630498905,12.24039363861084,264000,0.0,0.0
2013-02-26 00:00:00+08:00,12.179797630498905,12.300989646722774,12.179797630498905,12.24039363861084,176000,0.0,0.0
2013-02-27 00:00:00+08:00,12.240395489860983,12.361587524414062,12.179799472584444,12.361587524414062,320000,0.0,0.0
2013-03-01 00:00:00+08:00,12.422183088481132,12.422183088481132,12.240395043283847,12.30099105834961,204000,0.0,0.0
2013-03-04 00:00:00+08:00,12.300989646722774,12.300989646722774,12.24039363861084,12.24039363861084,152000,0.0,0.0
2013-03-05 00:00:00+08:00,12.240391676242535,12.906947658612179,12.240391676242535,12.603967666625977,1552000,0.0,0.0
2013-03-06 00:00:00+08:00,12.72516162650099,12.785757634246233,12.422181587774777,12.48277759552002,576000,0.0,0.0
2013-03-07 00:00:00+08:00,12.603968178353657,12.664564179211128,12.36158417492378,12.42218017578125,532000,0.0,0.0
2013-03-08 00:00:00+08:00,12.543375118612655,12.603971133678417,12.30099105834961,12.30099105834961,496000,0.0,0.0
2013-03-11 00:00:00+08:00,12.300989646722774,12.422181662946643,12.179797630498905,12.24039363861084,748000,0.0,0.0
2013-03-12 00:00:00+08:00,12.24039363861084,12.422181662946643,12.179797630498905,12.24039363861084,380032,0.0,0.0
2013-03-13 00:00:00+08:00,12.24039363861084,12.300989646722774,12.179797630498905,12.24039363861084,308000,0.0,0.0
2013-03-14 00:00:00+08:00,12.179797172546387,12.300989184213515,12.119201166712823,12.179797172546387,369780,0.0,0.0
2013-03-15 00:00:00+08:00,12.240392173208841,12.42218017578125,12.119200171493901,12.42218017578125,459588,0.0,0.0
2013-03-18 00:00:00+08:00,12.422181662946643,12.422181662946643,12.179797630498905,12.24039363861084,221952,0.0,0.0
2013-03-19 00:00:00+08:00,12.179797630498905,12.24039363861084,12.179797630498905,12.24039363861084,272752,0.0,0.0
2013-03-20 00:00:00+08:00,12.179797172546387,12.240393178379952,12.119201166712823,12.179797172546387,497196,0.0,0.0
2013-03-21 00:00:00+08:00,12.119199772073765,12.179795770934133,11.998007774353027,11.998007774353027,764000,0.0,0.0
2013-03-22 00:00:00+08:00,11.998008073418697,11.998008073418697,11.428406039781798,11.44052505493164,1910000,0.0,0.0
2013-03-25 00:00:00+08:00,11.440524229702739,11.440524229702739,11.02847127197921,11.040590286254883,1982420,0.0,0.0
2013-03-26 00:00:00+08:00,10.907283332795416,11.258740425109863,10.870925351837352,11.258740425109863,1670560,0.0,0.0
2013-03-27 00:00:00+08:00,11.295093389423222,11.331451357209405,11.0648293421825,11.125425338745117,639216,0.0,0.0
2013-03-28 00:00:00+08:00,11.149668213775628,11.149668213775628,10.979999164728568,11.00423812866211,674500,0.0,0.0
2013-03-29 00:00:00+08:00,11.028476167973718,11.089072190874672,10.919403141827614,11.00423812866211,817968,0.0,0.0
2013-04-01 00:00:00+08:00,11.004234379471523,11.198141401765223,11.004234379471523,11.089068412780762,424344,0.0,0.0
2013-04-02 00:00:00+08:00,11.113305221197793,11.113305221197793,10.91939822023688,10.955756187438965,859932,0.0,0.0
2013-04-03 00:00:00+08:00,10.979994983125815,11.028471967909072,10.8951609532213,10.907279968261719,972000,0.0,0.0
2013-04-08 00:00:00+08:00,10.883042316721296,10.883042316721296,10.4225123321943,10.43463134765625,1644832,0.0,0.0
2013-04-09 00:00:00+08:00,10.313441276550293,10.519468276499708,10.301322258817217,10.313441276550293,1320636,0.0,0.0
2013-04-10 00:00:00+08:00,10.30132150921581,10.36191751809355,9.986222447975905,10.034699440002441,2221196,0.0,0.0
2013-04-11 00:00:00+08:00,10.05893756982052,10.143771613211278,9.986222543396764,9.99834156036377,1185192,0.0,0.0
2013-04-12 00:00:00+08:00,9.998341520389397,10.155891514195737,9.998341520389397,10.11953353881836,866428,0.0,0.0
2013-04-15 00:00:00+08:00,10.010460474783033,10.131652492455036,9.707480430603027,9.707480430603027,1176404,0.0,0.0
2013-04-16 00:00:00+08:00,9.574169710878689,9.695361732535382,9.452977689221997,9.598407745361328,998848,0.0,0.0
2013-04-17 00:00:00+08:00,9.574168667103509,9.73171864792982,9.549930635263298,9.634764671325684,705984,0.0,0.0
2013-04-18 00:00:00+08:00,9.634766303434468,9.683243299948435,9.537812310406531,9.622647285461426,878896,0.0,0.0
2013-04-19 00:00:00+08:00,9.586289130359697,9.646885143730644,9.562051094860031,9.574170112609863,1031140,0.0,0.0
2013-04-22 00:00:00+08:00,9.574168017422199,9.598406047617672,9.513572017311931,9.525691032409668,557996,0.0,0.0
2013-04-23 00:00:00+08:00,9.525691335764298,9.537810351247977,9.33178431416061,9.416618347167969,1261624,0.0,0.0
2013-04-24 00:00:00+08:00,9.428740000741932,9.513574049166039,9.392382023062012,9.489336013793945,992260,0.0,0.0
2013-04-25 00:00:00+08:00,9.48933606373925,9.671124103852096,9.477216121367631,9.574170112609863,723792,0.0,0.0
2013-04-26 00:00:00+08:00,9.574168669769534,10.058936703681916,9.574168669769534,9.961982727050781,2083480,0.0,0.0
2013-04-29 00:00:00+08:00,9.961982125595526,10.277082068311714,9.937744095211938,10.18012809753418,1941800,0.0,0.0
2013-04-30 00:00:00+08:00,10.264962748246019,10.264962748246019,9.889267706888253,9.961982727050781,1147388,0.0,0.0
2013-05-02 00:00:00+08:00,9.816552653816176,9.961982693653683,9.73171861801457,9.755956649780273,1225196,0.0,0.0
2013-05-03 00:00:00+08:00,9.816554166093658,9.852912143964941,9.53781213473858,9.574170112609863,1775280,0.0,0.0
2013-05-06 00:00:00+08:00,9.57416686423092,9.610524829766462,9.452974878607742,9.477212905883789,1548888,0.0,0.0
2013-05-07 00:00:00+08:00,9.477212905883789,9.549928836954873,9.452974878607742,9.477212905883789,1142720,0.0,0.0
2013-05-08 00:00:00+08:00,9.501454041520589,9.610527038574219,9.489335025097226,9.610527038574219,848600,0.0,0.0
2013-05-09 00:00:00+08:00,9.610527536059307,9.634765570160704,9.537811584511651,9.549931526184082,883224,0.0,0.0
2013-05-10 00:00:00+08:00,9.537812310406531,9.695362317921477,9.477216295919522,9.622647285461426,1115068,0.0,0.0
2013-05-13 00:00:00+08:00,9.683243070636031,9.683243070636031,9.489336013793945,9.489336013793945,667060,0.0,0.0
2013-05-14 00:00:00+08:00,9.513571244478225,9.937743210792542,9.513571244478225,9.695359230041504,1727880,0.0,0.0
2013-05-15 00:00:00+08:00,9.852910939589052,9.852910939589052,9.634764948270115,9.646883964538574,793320,0.0,0.0
2013-05-16 00:00:00+08:00,9.707479085973983,9.998340073022593,9.707479085973983,9.852910041809082,1780500,0.0,0.0
2013-05-17 00:00:00+08:00,9.889267087301665,9.937744072580033,9.768075086416543,9.852910041809082,759560,0.0,0.0
2013-05-20 00:00:00+08:00,9.92562605296983,9.92562605296983,9.695361043267882,9.731719017028809,800840,0.0,0.0
2013-05-21 00:00:00+08:00,9.75595754825305,9.804434540870579,9.659003563017993,9.671123504638672,892264,0.0,0.0
2013-05-22 00:00:00+08:00,9.598405267892485,9.755955225229263,9.598405267892485,9.695359230041504,441848,0.0,0.0
2013-05-23 00:00:00+08:00,9.695362139351761,9.731720117223045,9.574170112609863,9.574170112609863,692796,0.0,0.0
2013-05-24 00:00:00+08:00,9.634765570160704,9.646884587211401,9.525692567460952,9.549931526184082,314396,0.0,0.0
2013-05-27 00:00:00+08:00,9.5499320771102,9.634766125980812,9.53781213473858,9.574170112609863,401844,0.0,0.0
2013-05-28 00:00:00+08:00,9.586287380709582,9.743837356567383,9.586287380709582,9.743837356567383,732848,0.0,0.0
2013-05-29 00:00:00+08:00,9.889267066733568,10.42251205444336,9.852910021316601,10.42251205444336,3494492,0.0,0.0
2013-05-30 00:00:00+08:00,10.567942527403023,10.68913453310545,10.483108493259975,10.604300498962402,6561336,0.0,0.0
2013-05-31 00:00:00+08:00,10.725493606133467,10.725493606133467,10.43463257765296,10.446751594543457,2095672,0.0,0.0
2013-06-03 00:00:00+08:00,10.361918255428645,10.725494334566491,10.22860721133579,10.640660285949707,2999080,0.0,0.0
2013-06-04 00:00:00+08:00,10.689135942938432,10.689135942938432,10.458871841430664,10.458871841430664,1073392,0.0,0.0
2013-06-05 00:00:00+08:00,10.51946652014362,10.555823567272583,10.30132053888332,10.361916542053223,1016420,0.0,0.0
2013-06-06 00:00:00+08:00,10.240725971670711,10.483110018337474,10.240725971670711,10.301321983337402,759984,0.0,0.0
2013-06-07 00:00:00+08:00,10.30132160764752,10.410394609594015,9.97410352642976,9.99834156036377,1098192,0.0,0.0
2013-06-10 00:00:00+08:00,10.034696935772269,10.277080910794579,10.034696935772269,10.1316499710083,504288,0.0,0.0
2013-06-11 00:00:00+08:00,10.131652499433795,10.131652499433795,10.022579498529518,10.034699440002441,400512,0.0,0.0
2013-06-13 00:00:00+08:00,9.937743973795774,9.937743973795774,9.695359974434902,9.768074989318848,784800,0.0,0.0
2013-06-14 00:00:00+08:00,9.816553710559026,9.913507697302132,9.695361689441013,9.719599723815918,803600,0.0,0.0
2013-06-17 00:00:00+08:00,9.719598280968043,9.877148254882293,9.659002279404348,9.780194282531738,461856,0.0,0.0
2013-06-18 00:00:00+08:00,9.780194589029099,9.889267580186264,9.780194589029099,9.792314529418945,564196,0.0,0.0
2013-06-19 00:00:00+08:00,9.889266988999283,9.91350594370832,9.768074989318848,9.768074989318848,572196,0.0,0.0
2013-06-20 00:00:00+08:00,9.695362139351761,9.707481157101594,9.5499320771102,9.574170112609863,838996,0.0,0.0
2013-06-21 00:00:00+08:00,9.331785747126348,9.683242797851562,9.331785747126348,9.683242797851562,801408,0.0,0.0
2013-06-24 00:00:00+08:00,9.852911533488108,9.852911533488108,9.659003563017993,9.671123504638672,518440,0.0,0.0
2013-06-25 00:00:00+08:00,9.695360706110668,9.695360706110668,9.513572692871094,9.513572692871094,544784,0.0,0.0
2013-06-26 00:00:00+08:00,9.731719428722828,9.731719428722828,9.574169435256001,9.586288452148438,304844,0.0,0.0
2013-06-27 00:00:00+08:00,9.707480470316236,9.707480470316236,9.586288452148438,9.586288452148438,272412,0.0,0.0
2013-06-28 00:00:00+08:00,9.6953614534238,9.6953614534238,9.574169435256001,9.586288452148438,323560,0.0,0.0
2013-07-01 00:00:00+08:00,9.671123045312715,9.683242061736077,9.58628808110581,9.610527038574219,320216,0.0,0.0
2013-07-02 00:00:00+08:00,9.634765678882006,9.792315676184119,9.622646661694553,9.719599723815918,977068,0.0,0.0
2013-07-03 00:00:00+08:00,9.877150361382505,9.877150361382505,9.586289306920499,9.622647285461426,552868,0.0,0.0
2013-07-04 00:00:00+08:00,9.622647057584018,9.634766075270065,9.477216071486119,9.489336013793945,513168,0.0,0.0
2013-07-05 00:00:00+08:00,9.489333728121052,9.501452742888022,9.392379760742188,9.392379760742188,852512,0.0,0.0
2013-07-08 00:00:00+08:00,9.392380131687913,9.501453118141512,8.883374094399917,8.919731140136719,1669596,0.0,0.0
2013-07-09 00:00:00+08:00,8.72582521448306,8.84701723135088,8.72582521448306,8.76218318939209,1062160,0.0,0.0
2013-07-10 00:00:00+08:00,8.7621829369716,9.23483104944271,8.7621829369716,8.956089973449707,991320,0.0,0.0
2013-07-11 00:00:00+08:00,9.05304340543468,9.149997390011974,8.907613353190463,8.931851387023926,706872,0.0,0.0
2013-07-12 00:00:00+08:00,9.077282363889864,9.077282363889864,8.895494336273734,8.931851387023926,676000,0.0,0.0
2013-07-15 00:00:00+08:00,8.931849805669364,8.95608875983312,8.786419779173054,8.82277774810791,1231468,0.0,0.0
2013-07-16 00:00:00+08:00,8.82277774810791,8.847015777650109,8.810657808715252,8.82277774810791,1826264,0.0,0.0
2013-07-17 00:00:00+08:00,8.82277845157922,8.847016483054002,8.55615548224845,8.56827449798584,2002092,0.0,0.0
2013-07-18 00:00:00+08:00,8.544036122071619,8.568274152569284,8.398606089842442,8.471321105957031,2205240,0.0,0.0
2013-07-19 00:00:00+08:00,8.471321105957031,8.544036122071619,8.434963135588939,8.471321105957031,1148532,0.0,0.0
2013-07-22 00:00:00+08:00,8.483442464034677,8.495561482630357,8.301654411233933,8.325892448425293,1443568,0.0,0.0
2013-07-23 00:00:00+08:00,8.325892302782787,8.325892302782787,8.265296286242528,8.277416229248047,2121884,0.0,0.0
2013-07-24 00:00:00+08:00,8.277415855736619,8.847018015663497,8.277415855736619,8.713706970214844,3351444,0.0,0.0
2013-07-25 00:00:00+08:00,8.725825365145775,9.01668639557498,8.677348372637287,8.810659408569336,2173596,0.0,0.0
2013-07-26 00:00:00+08:00,8.822779475803808,8.907613520435449,8.725825489406153,8.77430248260498,794252,0.0,0.0
2013-07-29 00:00:00+08:00,8.822778855789009,9.028804906628507,8.72582487620473,8.871254920959473,1293708,0.0,0.0
2013-07-30 00:00:00+08:00,8.871253897350659,8.895492851760755,8.762181838680709,8.786419868469238,929092,0.0,0.0
2013-07-31 00:00:00+08:00,8.725825757998633,8.82277974738066,8.544037721373662,8.580395698547363,1144400,0.0,0.0
2013-08-01 00:00:00+08:00,8.653109550476074,8.774301558396967,8.580394530647867,8.653109550476074,700284,0.0,0.0
2013-08-02 00:00:00+08:00,8.689467239574029,8.89549422302235,8.689467239574029,8.76218318939209,947984,0.0,0.0
2013-08-05 00:00:00+08:00,8.762182635668587,9.12575866329597,8.762182635668587,9.065162658691406,2849184,0.0,0.0
2013-08-06 00:00:00+08:00,9.028806006845105,9.028806006845105,8.798540970739463,8.834898948669434,1421384,0.0,0.0
2013-08-07 00:00:00+08:00,8.82278008013418,8.895495112602282,8.677349090576172,8.677349090576172,731996,0.0,0.0
2013-08-08 00:00:00+08:00,8.665229574676589,8.822779573155772,8.665229574676589,8.737944602966309,715196,0.0,0.0
2013-08-09 00:00:00+08:00,8.737944775515944,8.737944775515944,8.556156738890973,8.580395698547363,1026756,0.0,0.0
2013-08-12 00:00:00+08:00,8.580394373580514,8.580394373580514,8.338010362175659,8.483440399169922,1643276,0.0,0.0
2013-08-13 00:00:00+08:00,8.507678430461757,8.544036402021135,8.422844396318709,8.483440399169922,3142164,0.0,0.0
2013-08-14 00:00:00+08:00,8.483439648245263,8.549202746293675,8.299302773016658,8.351913452148438,2066448,1.375,0.0
2013-08-15 00:00:00+08:00,8.351915746501057,8.351915746501057,8.180931744950737,8.194084167480469,1556056,0.0,0.0
2013-08-16 00:00:00+08:00,8.154625380491975,8.338762283325195,8.102014693473143,8.338762283325195,1106328,0.0,0.0
2013-08-19 00:00:00+08:00,8.180930504998301,8.338762060096961,8.180930504998301,8.24669361114502,537976,0.0,0.0
2013-08-20 00:00:00+08:00,8.246694202168419,8.299304389816646,8.180931091308594,8.180931091308594,656908,0.0,0.0
2013-08-22 00:00:00+08:00,8.088861904847798,8.259845877286665,8.088861904847798,8.233540534973145,472808,0.0,0.0
2013-08-23 00:00:00+08:00,8.286150790031641,8.391371652098211,8.286150790031641,8.312456130981445,592784,0.0,0.0
2013-08-26 00:00:00+08:00,8.430829703107921,8.430829703107921,8.246693313580884,8.259845733642578,414436,0.0,0.0
2013-08-27 00:00:00+08:00,8.259845951309034,8.286151293858294,8.12831974029541,8.12831974029541,432464,0.0,0.0
2013-08-28 00:00:00+08:00,8.115167617797852,8.18093072571885,8.088862274282913,8.115167617797852,557060,0.0,0.0
2013-08-29 00:00:00+08:00,8.128321051366289,8.194084167480469,8.115168628836555,8.194084167480469,320452,0.0,0.0
2013-08-30 00:00:00+08:00,8.194083000828476,8.207235923218288,8.102014551030534,8.141472816467285,583468,0.0,0.0
2013-09-02 00:00:00+08:00,8.141473107100385,8.141473107100385,8.062557075142434,8.088862419128418,966732,0.0,0.0
2013-09-03 00:00:00+08:00,8.088862419128418,8.141473107100385,8.062557075142434,8.088862419128418,427452,0.0,0.0
2013-09-04 00:00:00+08:00,8.088862051729297,8.088862051729297,7.957335839506056,8.023098945617676,581996,0.0,0.0
2013-09-05 00:00:00+08:00,7.957336280202646,8.049404734204424,7.957336280202646,7.983641624450684,842200,0.0,0.0
2013-09-06 00:00:00+08:00,7.983641182297241,8.115167394520482,7.931030496714872,8.023098945617676,881428,0.0,0.0
2013-09-09 00:00:00+08:00,8.062557220458984,8.088862564919086,7.99679411017509,8.062557220458984,596828,0.0,0.0
2013-09-10 00:00:00+08:00,8.062557220458984,8.15462567520298,7.99679411017509,8.062557220458984,486400,0.0,0.0
2013-09-11 00:00:00+08:00,8.062557815762107,8.062557815762107,7.957336931885379,7.996794700622559,348856,0.0,0.0
2013-09-12 00:00:00+08:00,7.983642278287749,8.062557815762107,7.983642278287749,7.996794700622559,283728,0.0,0.0
2013-09-13 00:00:00+08:00,7.957336639799023,8.049405097961426,7.957336639799023,8.049405097961426,276248,0.0,0.0
2013-09-16 00:00:00+08:00,8.009946888903174,8.088862419128418,8.009946888903174,8.088862419128418,309656,0.0,0.0
2013-09-17 00:00:00+08:00,8.08886205604636,8.325609137828009,8.08886205604636,8.24669361114502,1043344,0.0,0.0
2013-09-18 00:00:00+08:00,8.312457230415367,8.312457230415367,8.19408343135105,8.286151885986328,745784,0.0,0.0
2013-09-23 00:00:00+08:00,8.312456417354683,8.312456417354683,8.259845733642578,8.259845733642578,694188,0.0,0.0
2013-09-24 00:00:00+08:00,8.28615196833777,8.325609734507118,8.062557291067824,8.180931091308594,323280,0.0,0.0
2013-09-25 00:00:00+08:00,8.154626817414254,8.746494892871741,8.115169046063645,8.680731773376465,4988552,0.0,0.0
2013-09-26 00:00:00+08:00,8.68073107800152,8.68073107800152,8.325610160827637,8.325610160827637,2150944,0.0,0.0
2013-09-27 00:00:00+08:00,8.325609578591083,8.443982874882325,8.167778015136719,8.167778015136719,1019696,0.0,0.0
2013-09-30 00:00:00+08:00,8.15462559390415,8.259846468962824,8.15462559390415,8.167778015136719,397912,0.0,0.0
2013-10-01 00:00:00+08:00,8.167777949353662,8.20723621619899,8.049404654015797,8.088862419128418,905260,0.0,0.0
2013-10-02 00:00:00+08:00,8.102015287102276,8.18093132341265,8.049405097961426,8.049405097961426,628088,0.0,0.0
2013-10-03 00:00:00+08:00,8.049404951672141,8.141473408161298,8.049404951672141,8.07571029663086,580028,0.0,0.0
2013-10-04 00:00:00+08:00,8.075710143555392,8.102014986282779,8.049404799095292,8.062557220458984,349400,0.0,0.0
2013-10-07 00:00:00+08:00,8.088863073110286,8.128320841413055,8.062557726997523,8.102015495300293,536032,0.0,0.0
2013-10-08 00:00:00+08:00,8.088862274282913,8.167777803095033,8.088862274282913,8.115167617797852,462668,0.0,0.0
2013-10-09 00:00:00+08:00,8.115168419223046,8.259847070244117,8.102015495300293,8.102015495300293,899308,0.0,0.0
2013-10-11 00:00:00+08:00,8.102014920967791,8.102014920967791,7.97048870146031,7.983641624450684,985044,0.0,0.0
2013-10-14 00:00:00+08:00,7.983641106015097,7.983641106015097,7.707435761945771,7.720588684082031,1421004,0.0,0.0
2013-10-15 00:00:00+08:00,7.72058868408203,7.799504209968879,7.707435761945771,7.720588684082031,571160,0.0,0.0
2013-10-16 00:00:00+08:00,7.720588457219618,7.720588457219618,7.523299146566983,7.6285200119018555,1123180,0.0,0.0
2013-10-17 00:00:00+08:00,7.628521148380615,7.681131839752196,7.602215802694824,7.681131839752197,347396,0.0,0.0
2013-10-18 00:00:00+08:00,7.694284409502896,7.694284409502896,7.62852129489176,7.654826641082764,403200,0.0,0.0
2013-10-21 00:00:00+08:00,7.602215948700756,7.681131987273767,7.602215948700756,7.654826641082764,210224,0.0,0.0
2013-10-22 00:00:00+08:00,7.694282531738282,7.720587871509553,7.628519433176416,7.694282531738281,312840,0.0,0.0
2013-10-23 00:00:00+08:00,7.7600461481061425,7.917877695532799,7.73374080657959,7.73374080657959,1079304,0.0,0.0
2013-10-24 00:00:00+08:00,7.7337416146482445,7.786352303198436,7.707436270373148,7.76004695892334,169708,0.0,0.0
2013-10-25 00:00:00+08:00,7.760045811846366,7.7731982311733905,7.694282711745974,7.707435131072998,330276,0.0,0.0
2013-10-28 00:00:00+08:00,7.746893798986502,7.760046219003612,7.628520011901856,7.6285200119018555,496720,0.0,0.0
2013-10-29 00:00:00+08:00,7.628522017572016,7.65482736625503,7.523301124572754,7.523301124572754,914496,0.0,0.0
2013-10-30 00:00:00+08:00,7.536452799995674,7.681131952525312,7.523300377826046,7.575910568237305,414204,0.0,0.0
2013-10-31 00:00:00+08:00,7.628521260381308,7.667979028622939,7.575910568237305,7.575910568237305,203276,0.0,0.0
2013-11-01 00:00:00+08:00,7.589062612624255,7.641672796938388,7.4443834768618435,7.470688819885254,441740,0.0,0.0
2013-11-04 00:00:00+08:00,7.496993387387807,7.496993387387807,7.062957028464513,7.115567207336426,1551208,0.0,0.0
2013-11-05 00:00:00+08:00,7.102415561676025,7.194484011896142,7.0498048753409055,7.102415561676025,1131588,0.0,0.0
2013-11-06 00:00:00+08:00,7.10241612309024,7.10241612309024,6.984042320345645,6.997195243835449,616196,0.0,0.0
2013-11-07 00:00:00+08:00,6.984041245295814,7.062957268888952,6.786751938911948,6.839362621307373,678360,0.0,0.0
2013-11-08 00:00:00+08:00,6.615768067979444,6.707836512616796,6.536852544994664,6.5697340965271,1963780,0.0,0.0
2013-11-11 00:00:00+08:00,6.576311111450195,6.6420742225646965,6.576311111450195,6.576311111450195,779732,0.0,0.0
2013-11-12 00:00:00+08:00,6.576310490972048,6.707836700791489,6.576310490972048,6.602615833282471,855996,0.0,0.0
2013-11-13 00:00:00+08:00,6.589464254541651,6.589464254541651,6.313259358308754,6.4447855949401855,717880,0.0,0.0
2013-11-14 00:00:00+08:00,6.44478518286007,6.563158988952638,6.44478518286007,6.563158988952637,394248,0.0,0.0
2013-11-15 00:00:00+08:00,6.576310821523792,6.6946846170043,6.576310821523792,6.6289215087890625,365224,0.0,0.0
2013-11-18 00:00:00+08:00,6.576311111450195,6.681531988886854,6.563158689920383,6.576311111450195,265392,0.0,0.0
2013-11-19 00:00:00+08:00,6.510547820048116,6.602616273405439,6.510547820048116,6.543429374694824,306120,0.0,0.0
2013-11-20 00:00:00+08:00,6.444784607861268,6.602616167992166,6.405326843261719,6.405326843261719,512708,0.0,0.0
2013-11-21 00:00:00+08:00,6.379021466144168,6.398750599206765,6.3658690452575675,6.365869045257568,348408,0.0,0.0
2013-11-22 00:00:00+08:00,6.365869223337755,6.431632333075821,6.319834745481485,6.379021644592285,373376,0.0,0.0
2013-11-25 00:00:00+08:00,6.457936404462071,6.471089325878759,6.39875001415125,6.431631565093994,433488,0.0,0.0
2013-11-26 00:00:00+08:00,6.379021580459339,6.536853142590441,6.056782245635986,6.056782245635986,3348272,0.0,0.0
2013-11-27 00:00:00+08:00,6.1093930599219055,6.47766637802124,6.096240136794924,6.47766637802124,3215912,0.0,0.0
2013-11-28 00:00:00+08:00,6.6420743017109425,6.91827917098999,6.576311189812814,6.91827917098999,4796824,0.0,0.0
2013-11-29 00:00:00+08:00,7.181332344452392,7.31285858154297,7.102416802891157,7.312858581542969,4365612,0.0,0.0
2013-12-02 00:00:00+08:00,7.260247943054337,7.260247943054337,7.049805675559392,7.128721714019775,2019780,0.0,0.0
2013-12-03 00:00:00+08:00,7.076109260410764,7.4706878493005755,7.076109260410764,7.286551475524902,1913124,0.0,0.0
2013-12-04 00:00:00+08:00,7.247094566991151,7.299705256015883,7.168179035186768,7.168179035186768,976452,0.0,0.0
2013-12-05 00:00:00+08:00,7.102415228101528,7.207636094097239,7.049804544237339,7.076109886169434,989616,0.0,0.0
2013-12-06 00:00:00+08:00,7.181331671468389,7.365468586832288,7.076110792003044,7.260247707366943,1237196,0.0,0.0
2013-12-09 00:00:00+08:00,7.365468705291069,7.40492647300858,7.141874019248186,7.194484710693359,1342696,0.0,0.0
2013-12-10 00:00:00+08:00,7.194484740814799,7.352316314078383,7.128721627099367,7.23394250869751,932280,0.0,0.0
2013-12-11 00:00:00+08:00,7.233941775781138,7.352315569168813,7.102415561676025,7.102415561676025,1077076,0.0,0.0
2013-12-12 00:00:00+08:00,7.1024168158928065,7.141874586745655,7.062959045039958,7.089264392852783,405396,0.0,0.0
2013-12-13 00:00:00+08:00,7.07611077784336,7.10241612309024,6.865669019333779,6.997195243835449,1657596,0.0,0.0
2013-12-16 00:00:00+08:00,6.997195992680542,7.036653763907297,6.905127525329591,6.90512752532959,460196,0.0,0.0
2013-12-17 00:00:00+08:00,6.970890796010629,6.970890796010629,6.878822326660156,6.878822326660156,337148,0.0,0.0
2013-12-18 00:00:00+08:00,6.878820830518149,7.036652386257375,6.878820830518149,7.023499965667725,545576,0.0,0.0
2013-12-19 00:00:00+08:00,7.036652124137624,7.089262808001813,7.036652124137624,7.076109886169434,652196,0.0,0.0
2013-12-20 00:00:00+08:00,7.076111468079981,7.155027511518457,7.036653697227132,7.089264392852783,703148,0.0,0.0
2013-12-23 00:00:00+08:00,7.0892631409585904,7.168178668728582,7.0892631409585904,7.102415561676025,470944,0.0,0.0
2013-12-24 00:00:00+08:00,7.128721269284576,7.207636801088959,7.10241592477221,7.168179035186768,529164,0.0,0.0
2013-12-25 00:00:00+08:00,7.194485452366892,7.667979717254639,7.194485452366892,7.667979717254639,3140264,0.0,0.0
2013-12-26 00:00:00+08:00,7.786350970071418,7.852114068633284,7.667977191967011,7.694282531738281,4521420,0.0,0.0
2013-12-27 00:00:00+08:00,7.694283115452734,7.773198639020722,7.628520011901856,7.6285200119018555,1161412,0.0,0.0
2013-12-30 00:00:00+08:00,7.654827293903842,7.825811306128151,7.654827293903842,7.667979717254639,1330204,0.0,0.0
2013-12-31 00:00:00+08:00,7.760046219003612,7.760046219003612,7.4969938048001,7.6285200119018555,1572560,0.0,0.0
2014-01-02 00:00:00+08:00,7.667977191967011,7.81265630984269,7.589061674385822,7.694282531738281,1036952,0.0,0.0
2014-01-03 00:00:00+08:00,7.694283269032711,7.8258094787597665,7.641672584448821,7.825809478759766,1111480,0.0,0.0
2014-01-06 00:00:00+08:00,7.825810672823063,8.128320901005807,7.825810672823063,7.957336902618408,2388692,0.0,0.0
2014-01-07 00:00:00+08:00,8.075709556929567,8.14147266243638,7.7995042127613505,8.12831974029541,1695072,0.0,0.0
2014-01-08 00:00:00+08:00,8.128320401927649,8.351915079197592,8.11516798044877,8.180931091308594,2725332,0.0,0.0
2014-01-09 00:00:00+08:00,8.286151212804459,8.286151212804459,7.799504136467821,7.825809478759766,1879360,0.0,0.0
2014-01-10 00:00:00+08:00,7.865268052740003,8.023099621041462,7.8521156311035165,7.852115631103516,925012,0.0,0.0
2014-01-13 00:00:00+08:00,7.8915728759765615,8.272999099008505,7.8915728759765615,8.220388412475586,2993724,0.0,0.0
2014-01-14 00:00:00+08:00,8.194082921161353,8.220388263952538,8.023098945617676,8.023098945617676,1537336,0.0,0.0
2014-01-15 00:00:00+08:00,8.023099099153484,8.023099099153484,7.786352012967625,7.812657356262207,2205340,0.0,0.0
2014-01-16 00:00:00+08:00,7.825808728862013,7.996792684776339,7.694282531738282,7.694282531738281,1290484,0.0,0.0
2014-01-17 00:00:00+08:00,7.733741066444344,7.865267276763916,7.6942833036950065,7.865267276763916,823936,0.0,0.0
2014-01-20 00:00:00+08:00,7.99679367832587,8.075709707444487,7.891572807900403,7.917878150939941,1001472,0.0,0.0
2014-01-21 00:00:00+08:00,7.917879039865841,7.944184385858633,7.799505233764648,7.799505233764648,709912,0.0,0.0
2014-01-22 00:00:00+08:00,7.878420463632318,7.957335991783374,7.79950443374857,7.812657356262207,750200,0.0,0.0
2014-01-23 00:00:00+08:00,7.825810068744724,7.8521154130198205,7.654826083555667,7.76004695892334,628400,0.0,0.0
2014-01-24 00:00:00+08:00,7.694284679578698,7.720590026693041,7.510147751511059,7.562758445739746,930000,0.0,0.0
2014-01-27 00:00:00+08:00,7.496994544095919,7.496994544095919,7.299705213988132,7.352315902709961,864296,0.0,0.0
2014-02-05 00:00:00+08:00,7.0498048753409055,7.168178668728582,7.0498048753409055,7.102415561676025,821820,0.0,0.0
2014-02-06 00:00:00+08:00,7.15502606440987,7.404925563757431,7.15502606440987,7.273399353027344,675808,0.0,0.0
2014-02-07 00:00:00+08:00,7.273399067446794,7.3786199315529695,7.273399067446794,7.326009750366211,616792,0.0,0.0
2014-02-10 00:00:00+08:00,7.233941920168765,7.2997050285339355,7.076110359745815,7.2997050285339355,1673300,0.0,0.0
2014-02-11 00:00:00+08:00,7.352315380505002,7.36546780088494,7.168178484789808,7.273399353027344,548588,0.0,0.0
2014-02-12 00:00:00+08:00,7.33916392930764,7.352316854056364,7.181332344452392,7.312858581542969,494976,0.0,0.0
2014-02-13 00:00:00+08:00,7.326010038012449,7.326010038012449,7.2470940105347905,7.273399353027344,410204,0.0,0.0
2014-02-14 00:00:00+08:00,7.352315380505002,7.36546780088494,7.194483827282361,7.273399353027344,486744,0.0,0.0
2014-02-17 00:00:00+08:00,7.3523157159191515,7.3523157159191515,7.194484155496203,7.2997050285339355,329204,0.0,0.0
2014-02-18 00:00:00+08:00,7.194484155496203,7.2997050285339355,7.194484155496203,7.2997050285339355,365440,0.0,0.0
2014-02-19 00:00:00+08:00,7.326011506291693,7.326011506291693,7.260248387746405,7.312858581542969,458108,0.0,0.0
2014-02-20 00:00:00+08:00,7.312857635302233,7.418079012745889,7.247094525266304,7.352315902709961,838872,0.0,0.0
2014-02-21 00:00:00+08:00,7.36546753040583,7.799503909529642,7.36546753040583,7.73374080657959,3116380,0.0,0.0
2014-02-24 00:00:00+08:00,7.760046551148755,7.931030527352953,7.760046551148755,7.838962078094482,1990096,0.0,0.0
2014-02-25 00:00:00+08:00,7.838962197824098,7.865267541118681,7.681131141521986,7.812657356262207,1095652,0.0,0.0
2014-02-26 00:00:00+08:00,7.812658279271473,8.088863162164477,7.733742240064364,7.996794700622559,2525200,0.0,0.0
2014-02-27 00:00:00+08:00,8.07571060589611,8.54920482635498,8.07571060589611,8.54920482635498,8887900,0.0,0.0
2014-03-03 00:00:00+08:00,8.549204284338643,9.141072273254395,8.549204284338643,9.141072273254395,17640304,0.0,0.0
2014-03-04 00:00:00+08:00,9.167376447651769,9.206834712089721,8.9437822917443,9.088460922241211,9749132,0.0,0.0
2014-03-05 00:00:00+08:00,9.298903260990208,9.298903260990208,8.97008771423008,9.022698402404785,6791480,0.0,0.0
2014-03-06 00:00:00+08:00,9.022697469798375,9.65402365570868,8.996392630162658,9.430428504943848,11745908,0.0,0.0
2014-03-07 00:00:00+08:00,9.575109247414817,10.061755861554827,9.469887869698661,9.667177200317383,12942008,0.0,0.0
2014-03-10 00:00:00+08:00,9.73294037489054,9.8513141747377,9.46988793232593,9.746092796325684,5210864,0.0,0.0
2014-03-11 00:00:00+08:00,9.825006957134804,10.193280726711798,9.680328334610017,10.048602104187012,8504184,0.0,0.0
2014-03-12 00:00:00+08:00,10.311654901925976,10.706233525697645,10.127518010139466,10.522096633911133,12916932,0.0,0.0
2014-03-13 00:00:00+08:00,10.903524229313161,11.11396598815918,10.71938731402335,11.11396598815918,10225528,0.0,0.0
2014-03-14 00:00:00+08:00,11.035048606410117,11.403321371863813,10.719385519260314,10.785148620605469,10562208,0.0,0.0
2014-03-17 00:00:00+08:00,10.850914849175348,10.982441089771413,10.456336127387154,10.65362548828125,6751904,0.0,0.0
2014-03-18 00:00:00+08:00,10.732539475902962,10.877218118889479,10.601013254376051,10.71938705444336,4087124,0.0,0.0
2014-03-19 00:00:00+08:00,10.719388608579283,10.90352554610689,10.587862367983218,10.65362548828125,4927240,0.0,0.0
2014-03-20 00:00:00+08:00,10.587859737873078,10.916675257682801,10.324807322025299,10.522096633911133,5424284,0.0,0.0
2014-03-21 00:00:00+08:00,10.522097687234455,10.706234597454145,9.811855892653043,10.23274040222168,6190880,0.0,0.0
2014-03-24 00:00:00+08:00,9.877617854923468,10.364265418464457,9.877617854923468,10.285348892211914,3395076,0.0,0.0
2014-03-25 00:00:00+08:00,10.36426504683509,10.995590209960938,10.36426504683509,10.995590209960938,9485212,0.0,0.0
2014-03-26 00:00:00+08:00,11.127118769392494,11.679529533107244,11.127118769392494,11.179729461669922,11385468,0.0,0.0
2014-03-27 00:00:00+08:00,11.179728669370498,11.192881090641379,10.653623790811887,10.969286918640137,6461112,0.0,0.0
2014-03-28 00:00:00+08:00,10.811453459757415,10.95613308548899,10.522096215224847,10.785148620605469,4171480,0.0,0.0
2014-03-31 00:00:00+08:00,10.785150109430054,11.534849166870117,10.69308215622353,11.534849166870117,10600424,0.0,0.0
2014-04-01 00:00:00+08:00,11.534850003606756,11.653223811648703,11.245492698140227,11.377018928527832,7400344,0.0,0.0
2014-04-02 00:00:00+08:00,11.311252587593264,11.929425292738438,11.311252587593264,11.679526329040527,9504320,0.0,0.0
2014-04-03 00:00:00+08:00,11.811053707949773,12.231937166040302,11.732137181525646,11.916274070739746,8426948,0.0,0.0
2014-04-07 00:00:00+08:00,11.811053635062612,11.889969157534425,11.50854296154446,11.837358474731445,3741604,0.0,0.0
2014-04-08 00:00:00+08:00,11.837359645369904,12.021496551657629,11.337559614512566,11.666375160217285,4927108,0.0,0.0
2014-04-09 00:00:00+08:00,11.82420728407728,12.231938362121584,11.73213832873475,12.231938362121582,9578336,0.0,0.0
2014-04-10 00:00:00+08:00,12.481837170438613,12.494989590366988,11.916274082330611,11.955732345581055,4057180,0.0,0.0
2014-04-11 00:00:00+08:00,11.771595456187846,12.231937177938208,11.653221669901832,11.955732345581055,3478788,0.0,0.0
2014-04-14 00:00:00+08:00,11.942580204284136,11.942580204284136,11.36386468274579,11.495390892028809,3388164,0.0,0.0
2014-04-15 00:00:00+08:00,11.508545224320473,12.20563465072266,11.508545224320473,12.02149772644043,7250876,0.0,0.0
2014-04-16 00:00:00+08:00,12.350312625447138,12.363465047144627,11.968886375427246,11.968886375427246,5178964,0.0,0.0
2014-04-17 00:00:00+08:00,12.218787004910482,12.218787004910482,11.863665580749513,11.863665580749512,2957560,0.0,0.0
2014-04-18 00:00:00+08:00,11.876816737700008,12.126715724949866,11.692679849622234,11.837358474731445,3625120,0.0,0.0
2014-04-21 00:00:00+08:00,11.837361636604392,11.837361636604392,11.640072275994317,11.824209213256836,1415204,0.0,0.0
2014-04-22 00:00:00+08:00,12.231937925694352,12.231937925694352,11.613765120083048,11.640069961547852,2431192,0.0,0.0
2014-04-23 00:00:00+08:00,11.640069732534336,11.745291103254123,11.179727991699645,11.324406623840332,4053364,0.0,0.0
2014-04-24 00:00:00+08:00,11.311254501342773,11.416475874834443,11.074506912719212,11.311254501342773,2351372,0.0,0.0
2014-04-25 00:00:00+08:00,11.179728286210882,11.705833146738453,11.048202071078988,11.311254501342773,3789460,0.0,0.0
2014-04-28 00:00:00+08:00,11.048202362803018,11.298102378845215,10.785149925593421,11.298102378845215,2197288,0.0,0.0
2014-04-29 00:00:00+08:00,11.232339269542816,11.44278101861741,11.179728581407815,11.298102378845215,2002312,0.0,0.0
2014-04-30 00:00:00+08:00,11.298102378845215,11.337559642347408,11.021897520468222,11.298102378845215,2653324,0.0,0.0
2014-05-02 00:00:00+08:00,11.100814923784862,11.429630525772177,11.100814923784862,11.258646011352539,1213632,0.0,0.0
2014-05-05 00:00:00+08:00,11.350710933915195,11.548000224747103,11.258641996114504,11.390168190002441,1525500,0.0,0.0
2014-05-06 00:00:00+08:00,11.390170029728832,11.403322450548945,11.206033127851105,11.311254501342773,1149760,0.0,0.0
2014-05-07 00:00:00+08:00,11.284951090701545,11.90312397882329,11.03505104956906,11.61376667022705,6726228,0.0,0.0
2014-05-08 00:00:00+08:00,11.613765188346209,11.613765188346209,11.179728277368117,11.271796226501465,2598068,0.0,0.0
2014-05-09 00:00:00+08:00,11.429628286614127,11.574306922451697,11.179728277368117,11.271796226501465,3735284,0.0,0.0
2014-05-12 00:00:00+08:00,11.179729461669922,11.298103268427761,10.92982942595126,11.179729461669922,2294304,0.0,0.0
2014-05-13 00:00:00+08:00,11.179728433012146,11.442780866730079,10.785149782435248,11.061354637145996,2741388,0.0,0.0
2014-05-14 00:00:00+08:00,11.061353981186974,11.061353981186974,10.785149142855689,11.048201560974121,1392552,0.0,0.0
2014-05-15 00:00:00+08:00,11.035050454025106,11.17972910051515,10.94298149464747,11.11396598815918,977012,0.0,0.0
2014-05-16 00:00:00+08:00,10.982439763447235,11.11396598815918,10.903524229313161,11.11396598815918,724540,0.0,0.0
2014-05-19 00:00:00+08:00,11.11396634718951,11.23234015394735,11.035050810506116,11.179729461669922,1322204,0.0,0.0
2014-05-20 00:00:00+08:00,11.311253734437484,11.955732345581055,11.311253734437484,11.955732345581055,7879064,0.0,0.0
2014-05-21 00:00:00+08:00,11.95573120856278,12.784345626831053,11.771594336681423,12.784345626831055,22511652,0.0,0.0
2014-05-22 00:00:00+08:00,13.612962140486792,13.678725242614746,13.612962140486792,13.678725242614746,3854800,0.0,0.0
2014-05-23 00:00:00+08:00,14.599410057067871,14.599410057067871,14.599410057067871,14.599410057067871,6631604,0.0,0.0
2014-05-26 00:00:00+08:00,15.059750713151077,15.585855541558102,14.336356574091418,15.257040023803711,29731096,0.0,0.0
2014-05-27 00:00:00+08:00,14.993989039275606,15.914672576774986,14.993989039275606,15.52009391784668,14738900,0.0,0.0
2014-05-28 00:00:00+08:00,15.52009143105036,16.177722423891478,15.257039033913914,15.585854530334473,14020768,0.0,0.0
2014-05-29 00:00:00+08:00,15.914672715893351,16.572303819855886,15.651620274308337,15.71738338470459,17600772,0.0,0.0
2014-05-30 00:00:00+08:00,16.30925053615196,16.76959228515625,15.848908787147671,16.76959228515625,15412696,0.0,0.0
2014-06-03 00:00:00+08:00,17.492986959569595,17.88756561279297,17.427223850699033,17.88756561279297,6307560,0.0,0.0
2014-06-04 00:00:00+08:00,19.137065887451172,19.137065887451172,18.54519787031351,19.137065887451172,22406884,0.0,0.0
2014-06-05 00:00:00+08:00,19.663173524956957,20.452330990841517,19.268594792014675,19.991989135742188,32721124,0.0,0.0
2014-06-06 00:00:00+08:00,19.860457384050097,20.255036007574272,18.676721513477577,19.005537033081055,19762556,0.0,0.0
2014-06-09 00:00:00+08:00,19.202826120321035,20.32079887390137,19.202826120321035,20.320798873901367,30607292,0.0,0.0
2014-06-10 00:00:00+08:00,20.38656278373369,21.044193841273486,19.728931726193892,20.123510360717773,23914792,0.0,0.0
2014-06-11 00:00:00+08:00,20.38656308100774,20.846904827998237,19.99198444073017,20.518089294433594,14407616,0.0,0.0
2014-06-12 00:00:00+08:00,20.64961948456904,21.241487558967517,20.18927764892578,20.18927764892578,14501268,0.0,0.0
2014-06-13 00:00:00+08:00,19.991985039422975,19.991985039422975,19.465880169964475,19.5974063873291,11509924,0.0,0.0
2014-06-16 00:00:00+08:00,19.728929585423963,19.99198197989628,18.808246204770843,19.071298599243164,11855496,0.0,0.0
2014-06-17 00:00:00+08:00,19.071300260482296,20.38656234741211,18.939774051789314,20.38656234741211,23017964,0.0,0.0
2014-06-18 00:00:00+08:00,20.518091150232266,20.97843293885927,19.20282889701225,19.46588134765625,24445072,0.0,0.0
2014-06-19 00:00:00+08:00,19.860462891428096,20.255041624370374,19.20283166985763,19.991989135742188,12248712,0.0,0.0
2014-06-20 00:00:00+08:00,20.32079997429481,21.241483468275806,20.32079997429481,20.518089294433594,19340776,0.0,0.0
2014-06-23 00:00:00+08:00,20.781142343610725,20.781142343610725,19.268590843917536,19.5974063873291,14912756,0.0,0.0
2014-06-24 00:00:00+08:00,19.465878642921066,19.92622036758474,18.93977381473401,19.66316795349121,9886928,0.0,0.0
2014-06-25 00:00:00+08:00,19.728934300410284,20.583854786761396,19.663171186075584,20.25503921508789,13022176,0.0,0.0
2014-06-26 00:00:00+08:00,20.452326673142455,21.636062622070312,19.991984915226066,21.636062622070312,32421128,0.0,0.0
2014-06-27 00:00:00+08:00,22.030642686958192,22.622510699443637,20.846906661987305,20.846906661987305,30599676,0.0,0.0
2014-06-30 00:00:00+08:00,20.846904454123933,20.97843066519096,20.386562715389335,20.45232582092285,12088000,0.0,0.0
2014-07-01 00:00:00+08:00,20.452326914307417,21.504536659094935,20.452326914307417,20.649616241455078,13569096,0.0,0.0
2014-07-02 00:00:00+08:00,20.84690452401155,21.109956947027467,19.860457937701852,20.123510360717773,13208864,0.0,0.0
2014-07-03 00:00:00+08:00,20.123511256787598,20.320800582834536,19.531643278646786,19.5974063873291,10443852,0.0,0.0
2014-07-04 00:00:00+08:00,19.728932290706997,20.912668228149418,19.728932290706997,20.912668228149414,25395240,0.0,0.0
2014-07-07 00:00:00+08:00,21.044193770724476,21.373009298392045,20.12351029325528,20.45232582092285,16482564,0.0,0.0
2014-07-08 00:00:00+08:00,20.452326552174725,20.64961587582914,19.991984796981082,20.583852767944336,5837732,0.0,0.0
2014-07-09 00:00:00+08:00,20.583851177490615,21.504534616739395,20.583851177490615,20.978429794311523,17392600,0.0,0.0
2014-07-10 00:00:00+08:00,21.307245808262977,22.42521858215332,21.044193390877016,22.42521858215332,24107088,0.0,0.0
2014-07-11 00:00:00+08:00,22.490987141927086,22.88556586371528,21.044198495370374,21.3072509765625,28135736,0.0,0.0
2014-07-14 00:00:00+08:00,21.570299281630405,22.754035217817442,21.438773066498513,22.622509002685547,20446320,0.0,0.0
2014-07-15 00:00:00+08:00,22.62251065045419,23.082852436945988,22.162168863962386,22.22793197631836,13216180,0.0,0.0
2014-07-16 00:00:00+08:00,22.293692876057452,22.68827151103192,21.438772500279438,21.833351135253906,13275856,0.0,0.0
2014-07-17 00:00:00+08:00,21.964883224873603,22.55675133572349,20.518094509462767,20.781147003173828,20677760,0.0,0.0
2014-07-18 00:00:00+08:00,20.386568262607234,21.17572574374042,20.123515768896173,20.781147003173828,10519416,0.0,0.0
2014-07-21 00:00:00+08:00,21.307245308328945,21.307245308328945,20.715377383097586,20.978429794311523,7280200,0.0,0.0
2014-07-22 00:00:00+08:00,21.175720658692175,21.175720658692175,20.649615797606657,20.912668228149414,5273796,0.0,0.0
2014-07-23 00:00:00+08:00,20.912668228149418,20.912668228149418,20.912668228149418,20.912668228149414,0,0.0,0.0
2014-07-24 00:00:00+08:00,20.912668431058844,21.833351946891625,20.781142214511306,21.636062622070312,10279584,0.0,0.0
2014-07-25 00:00:00+08:00,21.767589204961602,22.096404751864345,21.570299876819956,21.701826095581055,7700124,0.0,0.0
2014-07-28 00:00:00+08:00,21.767592513988383,21.767592513988383,20.18927764892578,20.18927764892578,12640636,0.0,0.0
2014-07-29 00:00:00+08:00,20.386564924910264,20.518091150232266,18.808250221046244,19.46588134765625,12155556,0.0,0.0
2014-07-30 00:00:00+08:00,19.400115841724833,20.51808861904457,19.202826528080177,20.05774688720703,9865736,0.0,0.0
2014-07-31 00:00:00+08:00,20.320796607744576,20.38655970356252,19.728928745383083,19.926218032836914,6738632,0.0,0.0
2014-08-01 00:00:00+08:00,19.465879007975257,20.05774695078532,19.268589693705238,19.728931427001953,5291924,0.0,0.0
2014-08-04 00:00:00+08:00,19.794696172078453,19.926222392490935,19.268591290428528,19.334354400634766,5446824,0.0,0.0
2014-08-05 00:00:00+08:00,19.334352743886686,19.59740516217086,18.01909065246582,18.01909065246582,9640856,0.0,0.0
2014-08-06 00:00:00+08:00,17.95333112175785,18.150620474744198,16.76959500383975,17.624515533447266,16998676,0.0,0.0
2014-08-07 00:00:00+08:00,17.49298882484436,17.49298882484436,16.440778970718384,16.835357666015625,11386832,0.0,0.0
2014-08-08 00:00:00+08:00,16.835354424221613,17.953327178955078,16.243486495245072,17.953327178955078,16919860,0.0,0.0
2014-08-11 00:00:00+08:00,18.282144374317596,19.202827903959488,18.21638126505746,18.939775466918945,14441640,0.0,0.0
2014-08-12 00:00:00+08:00,18.939773613488295,19.13706292196213,18.545194996540623,18.610958099365234,5697036,0.0,0.0
2014-08-13 00:00:00+08:00,18.67672399572424,19.794696910961257,18.282145319758236,19.46588134765625,9532584,0.0,0.0
2014-08-14 00:00:00+08:00,19.465878760525925,19.860457384050097,18.93977392916036,19.005537033081055,8694184,0.0,0.0
2014-08-15 00:00:00+08:00,18.939772402007,19.46587719095164,18.808246204770843,19.071298599243164,4794104,0.0,0.0
2014-08-18 00:00:00+08:00,19.071301238177575,19.465879884484696,18.80824880730616,19.20282745361328,3765900,0.0,0.0
2014-08-19 00:00:00+08:00,19.40011565660523,19.597404968367314,18.676721513477577,19.005537033081055,5411464,0.0,0.0
2014-08-20 00:00:00+08:00,18.67672176431989,18.939774183535665,17.690275192260742,17.690275192260742,4990792,0.0,0.0
2014-08-21 00:00:00+08:00,16.572302295315648,18.808247843096332,16.506539190969157,18.3479061126709,8655692,0.0,0.0
2014-08-22 00:00:00+08:00,17.82180177194101,18.80824836448387,17.098407604076247,17.756038665771484,6476200,0.0,0.0
2014-08-25 00:00:00+08:00,18.22262612978617,19.22386932373047,18.22262612978617,19.22386932373047,9948608,0.498762,0.0
2014-08-26 00:00:00+08:00,19.757864279825178,20.558858777655928,19.624365196853386,20.358610153198242,11981044,0.0,0.0
2014-08-27 00:00:00+08:00,20.692357892304464,20.692357892304464,20.158361559599832,20.42535972595215,6526660,0.0,0.0
2014-08-28 00:00:00+08:00,20.158357664303416,20.29185672168291,19.624361434785445,20.225107192993164,6800516,0.0,0.0
2014-08-29 00:00:00+08:00,20.15836563816777,21.626855850219723,20.024866527981228,21.626855850219727,17119628,0.0,0.0
2014-09-01 00:00:00+08:00,22.160850833606165,23.095344543457028,22.160850833606165,23.09534454345703,21311748,0.0,0.0
2014-09-02 00:00:00+08:00,23.095344408820658,23.16209395913517,22.561348006304573,22.694847106933594,14563772,0.0,0.0
2014-09-03 00:00:00+08:00,22.694847106933594,22.761596657248106,21.96060205347398,22.694847106933594,12364768,0.0,0.0
2014-09-04 00:00:00+08:00,22.89509366086857,23.29559092607327,22.16084867465996,22.294347763061523,15780884,0.0,0.0
2014-09-05 00:00:00+08:00,22.62809562683105,22.69484517145297,22.16084881447761,22.628095626831055,6429992,0.0,0.0
2014-09-09 00:00:00+08:00,22.961845308191638,23.095344408820658,22.494598455990065,22.694847106933594,7399940,0.0,0.0
2014-09-10 00:00:00+08:00,22.628096257359527,24.230085372924805,22.294348524950095,24.230085372924805,27073672,0.0,0.0
2014-09-11 00:00:00+08:00,24.029834420340404,24.49708120073591,23.36233901977539,23.36233901977539,16963820,0.0,0.0
2014-09-12 00:00:00+08:00,23.362338578311906,23.76283581108297,22.2275964187939,22.49459457397461,12879016,0.0,0.0
2014-09-15 00:00:00+08:00,22.294345957589076,22.761592729155318,22.294345957589076,22.49459457397461,5039616,0.0,0.0
2014-09-16 00:00:00+08:00,22.561346054077152,23.02859286584798,22.29434787592239,22.56134605407715,7605052,0.0,0.0
2014-09-17 00:00:00+08:00,22.961843733747013,24.09658601128684,22.694845550796465,23.562589645385742,16068832,0.0,0.0
2014-09-18 00:00:00+08:00,23.762839911965763,24.23008676416734,22.628097556619085,22.694847106933594,17208024,0.0,0.0
2014-09-19 00:00:00+08:00,23.02859112273815,23.228839741196744,22.427845267362372,22.961841583251953,6913808,0.0,0.0
2014-09-22 00:00:00+08:00,22.694843325796715,23.162090100151353,22.427845169022635,22.761592864990234,4527572,0.0,0.0
2014-09-23 00:00:00+08:00,22.761596657248106,23.228843509449682,22.694847106933594,22.694847106933594,5915164,0.0,0.0
2014-09-24 00:00:00+08:00,22.628093001984503,22.895091149500544,21.293102264404297,21.293102264404297,16220740,0.0,0.0
2014-09-25 00:00:00+08:00,21.426603042162384,21.69360121091207,20.29186082497621,20.825857162475586,12853112,0.0,0.0
2014-09-26 00:00:00+08:00,20.225109322557174,20.825855144019265,20.09161025112115,20.625606536865234,7227072,0.0,0.0
2014-09-29 00:00:00+08:00,20.692358256885843,21.760350941112208,20.558859171357547,21.226354598999023,9387604,0.0,0.0
2014-09-30 00:00:00+08:00,21.359851943450078,21.89384824203633,21.226352868803517,21.560100555419922,9162488,0.0,0.0
2014-10-01 00:00:00+08:00,21.626855850219723,21.96060362568608,21.626855850219723,21.626855850219727,4905596,0.0,0.0
2014-10-02 00:00:00+08:00,21.359852217475456,22.094097137451172,21.159603602936624,22.094097137451172,6495160,0.0,0.0
2014-10-03 00:00:00+08:00,22.4278490364207,23.495841847678825,22.361099485717066,23.09534454345703,16974772,0.0,0.0
2014-10-06 00:00:00+08:00,23.429090607334192,24.497083341571646,23.429090607334192,23.696088790893555,16264560,0.0,0.0
2014-10-07 00:00:00+08:00,23.42909038994429,24.029836297378758,22.895094027780317,23.162092208862305,8655100,0.0,0.0
2014-10-08 00:00:00+08:00,23.095342410386667,23.76283785577357,22.42784696499977,22.56134605407715,9507492,0.0,0.0
2014-10-09 00:00:00+08:00,23.02859250753204,23.228841138032315,21.42660346352981,21.760351181030273,13686580,0.0,0.0
2014-10-13 00:00:00+08:00,20.95935993445547,21.026109488386858,20.2918643951416,20.2918643951416,12821588,0.0,0.0
2014-10-14 00:00:00+08:00,20.291860884162272,21.22635447751185,20.091612257015935,20.9593563079834,10423000,0.0,0.0
2014-10-15 00:00:00+08:00,21.092859268188477,21.626855705357805,20.759111494957647,21.092859268188477,9778480,0.0,0.0
2014-10-16 00:00:00+08:00,21.092855858080316,22.427846735174004,20.15836224411473,22.0273494720459,16845060,0.0,0.0
2014-10-17 00:00:00+08:00,22.427850511338974,22.561349621525515,21.2263585196601,21.626855850219727,11719688,0.0,0.0
2014-10-20 00:00:00+08:00,22.227595433881206,22.294344969718686,20.15835982291929,20.69235610961914,23062860,0.0,0.0
2014-10-21 00:00:00+08:00,20.42535828497716,21.62684994879935,20.0248610637031,21.293102264404297,17953740,0.0,0.0
2014-10-22 00:00:00+08:00,21.626851668724647,21.827100295286915,20.625608535913322,20.825857162475586,13204280,0.0,0.0
2014-10-23 00:00:00+08:00,20.558858777655928,21.092855109543095,19.824613821311075,20.358610153198242,15946300,0.0,0.0
2014-10-24 00:00:00+08:00,20.425357060980712,20.558856126738757,18.95686733764223,19.157115936279297,22541676,0.0,0.0
2014-10-27 00:00:00+08:00,19.023620091127544,19.023620091127544,17.822128295898438,17.822128295898438,18155176,0.0,0.0
2014-10-28 00:00:00+08:00,17.822128179862016,18.02237681109642,16.620636392455587,17.555130004882812,27015324,0.0,0.0
2014-10-29 00:00:00+08:00,17.55512831024964,18.489621832468252,17.221380623742995,17.955625534057617,27128860,0.0,0.0
2014-10-30 00:00:00+08:00,17.888875553116257,18.22262323134604,17.154630661010742,17.154630661010742,20581716,0.0,0.0
2014-10-31 00:00:00+08:00,17.221382342644457,18.155875958136793,16.82088507886203,17.688629150390625,30234800,0.0,0.0
2014-11-03 00:00:00+08:00,17.755378694354363,18.28937504606427,17.55513006246315,17.688629150390625,18854372,0.0,0.0
2014-11-04 00:00:00+08:00,17.955625604439486,18.42287236738029,17.822126529313543,18.08912467956543,15736528,0.0,0.0
2014-11-05 00:00:00+08:00,18.289373111007805,18.62312079551525,17.7553768157959,17.7553768157959,12314020,0.0,0.0
2014-11-06 00:00:00+08:00,16.887634123525313,17.221381833476404,16.55388641357422,16.55388641357422,20687268,0.0,0.0
2014-11-07 00:00:00+08:00,16.353636125879962,17.221380083579717,16.0198884498416,16.954381942749023,27035872,0.0,0.0
2014-11-10 00:00:00+08:00,17.087882749495968,17.221381833476404,16.55388641357422,16.55388641357422,10556356,0.0,0.0
2014-11-11 00:00:00+08:00,16.820884643554685,17.0878828125,16.553886474609374,16.68738555908203,7681392,0.0,0.0
2014-11-12 00:00:00+08:00,16.687389388977294,16.820888504089112,16.42039115875366,16.754138946533203,6190000,0.0,0.0
2014-11-13 00:00:00+08:00,16.887634567434795,17.755378636117214,16.887634567434795,17.555130004882812,17787080,0.0,0.0
2014-11-14 00:00:00+08:00,17.55512831024964,18.222623683262935,17.354879698345652,17.955625534057617,18548416,0.0,0.0
2014-11-17 00:00:00+08:00,18.089124351967385,18.289372961029752,17.488378524780273,17.488378524780273,10786952,0.0,0.0
2014-11-18 00:00:00+08:00,17.621879085417717,17.755378169398153,16.420387329593783,16.55388641357422,16898116,0.0,0.0
2014-11-19 00:00:00+08:00,16.55388653467572,16.887634247068377,16.353637907240127,16.820884704589844,11708328,0.0,0.0
2014-11-20 00:00:00+08:00,17.221380623742995,17.955625534057617,17.154631086441665,17.955625534057617,18672852,0.0,0.0
2014-11-21 00:00:00+08:00,18.222626027926594,19.023620578604685,18.222626027926594,18.956871032714844,32622112,0.0,0.0
2014-11-24 00:00:00+08:00,19.223869161402924,19.490867344200186,18.82337188720703,18.82337188720703,14417148,0.0,0.0
2014-11-25 00:00:00+08:00,19.023619114152538,20.024862225423725,18.823370491898302,19.8913631439209,20826324,0.0,0.0
2014-11-26 00:00:00+08:00,19.757865853861077,19.824615400664662,19.424118119843154,19.624366760253906,8806768,0.0,0.0
2014-11-27 00:00:00+08:00,19.891364786359997,20.024863878885903,19.22386932373047,19.22386932373047,9402860,0.0,0.0
2014-11-28 00:00:00+08:00,19.624362787707096,19.624362787707096,18.95686745479189,19.357364654541016,6822084,0.0,0.0
2014-12-01 00:00:00+08:00,18.756619570332187,20.69235610961914,18.756619570332187,20.69235610961914,21918412,0.0,0.0
2014-12-02 00:00:00+08:00,20.225107192993164,20.225107192993164,20.225107192993164,20.225107192993164,24607600,0.0,0.0
2014-12-03 00:00:00+08:00,20.892606735229492,20.892606735229492,20.892606735229492,20.892606735229492,30804224,0.0,0.0
2014-12-04 00:00:00+08:00,21.893848419189453,21.893848419189453,21.893848419189453,21.893848419189453,50311656,0.0,0.0
2014-12-05 00:00:00+08:00,21.893852210555238,22.027351309400085,21.426605364598267,21.827102661132812,9521008,0.0,0.0
2014-12-08 00:00:00+08:00,21.960597670078275,22.62809303998947,21.359851837158203,21.359851837158203,14399928,0.0,0.0
2014-12-09 00:00:00+08:00,21.09285551347073,21.62685185558391,21.09285551347073,21.226354598999023,6181624,0.0,0.0
2014-12-10 00:00:00+08:00,21.22635837748081,21.827104369296304,20.959360158896146,21.092859268188477,11093392,0.0,0.0
2014-12-11 00:00:00+08:00,21.092853689193724,21.42660137414932,20.825855541229245,21.359851837158203,5941184,0.0,0.0
2014-12-12 00:00:00+08:00,21.62685173180453,21.760350816568753,20.9593563079834,20.9593563079834,7117376,0.0,0.0
2014-12-15 00:00:00+08:00,20.959354889102098,22.027347494916217,20.75910627551195,21.893848419189453,10128092,0.0,0.0
2014-12-16 00:00:00+08:00,21.760350816568753,22.294347155625655,20.9593563079834,20.9593563079834,9489060,0.0,0.0
2014-12-17 00:00:00+08:00,21.092857162673752,21.293105806623185,20.558860778808594,20.558860778808594,7409152,0.0,0.0
2014-12-18 00:00:00+08:00,20.95935421545529,21.49335050119937,20.558857001147224,20.625606536865234,13159080,0.0,0.0
2014-12-19 00:00:00+08:00,20.95935558946165,21.159604209743133,19.223867547022152,19.49086570739746,20885428,0.0,0.0
2014-12-22 00:00:00+08:00,19.223869402384018,19.69111622813641,18.890121669703742,19.424118041992188,13540804,0.0,0.0
2014-12-23 00:00:00+08:00,19.891364973682467,20.091613614357126,19.624366786116262,19.691116333007812,11540040,0.0,0.0
2014-12-24 00:00:00+08:00,19.691114521666663,20.22511084767796,19.490865899412427,19.8913631439209,10701156,0.0,0.0
2014-12-25 00:00:00+08:00,19.95811433262295,20.024863878885903,19.22386932373047,19.22386932373047,6934880,0.0,0.0
2014-12-26 00:00:00+08:00,19.290619076909245,19.75786590576172,18.823372248056774,19.75786590576172,10487628,0.0,0.0
2014-12-29 00:00:00+08:00,20.024862321112245,20.558858649675237,19.95811278004187,20.091611862182617,10913816,0.0,0.0
2014-12-30 00:00:00+08:00,20.158361306926547,20.4253594699322,19.62436498091525,19.8913631439209,8357284,0.0,0.0
2014-12-31 00:00:00+08:00,19.89136138814964,20.158359527587887,19.490864178992265,20.15835952758789,3715192,0.0,0.0
2015-01-05 00:00:00+08:00,20.09161183039347,20.291860453287757,19.82461366653442,20.02486228942871,2888196,0.0,0.0
2015-01-06 00:00:00+08:00,20.02486206158843,20.02486206158843,19.424116199740777,19.557615280151367,4777028,0.0,0.0
2015-01-07 00:00:00+08:00,19.557617264824945,19.824615452740645,19.424118170867096,19.75786590576172,3168596,0.0,0.0
2015-01-08 00:00:00+08:00,19.09036836987136,19.424116068645333,18.556372051832998,19.290616989135742,9248200,0.0,0.0
2015-01-09 00:00:00+08:00,19.424116068645333,19.490865608400128,19.09036836987136,19.290616989135742,3510800,0.0,0.0
2015-01-12 00:00:00+08:00,19.29061678694331,19.29061678694331,18.756620474501972,18.890119552612305,3546476,0.0,0.0
2015-01-13 00:00:00+08:00,18.89012151350055,19.223869243421053,18.89012151350055,19.02362060546875,3554900,0.0,0.0
2015-01-14 00:00:00+08:00,19.09037242437664,20.2918643951416,19.09037242437664,20.2918643951416,13027628,0.0,0.0
2015-01-15 00:00:00+08:00,20.358610026464113,21.09285497823823,20.091611862182617,20.091611862182617,23436800,0.0,0.0
2015-01-16 00:00:00+08:00,20.225112734614193,20.558860469508815,19.75786590576172,19.75786590576172,7736920,0.0,0.0
2015-01-19 00:00:00+08:00,20.158361306926547,20.358609929180787,19.3573668179096,19.8913631439209,11550740,0.0,0.0
2015-01-20 00:00:00+08:00,20.024860457868762,20.158359527587887,19.824611853290076,20.15835952758789,3718060,0.0,0.0
2015-01-21 00:00:00+08:00,20.291858597307012,20.892604411043077,20.158359527587887,20.15835952758789,11544592,0.0,0.0
2015-01-22 00:00:00+08:00,20.425361682842304,20.759109422758026,20.358612134859158,20.558860778808594,6567932,0.0,0.0
2015-01-23 00:00:00+08:00,20.825856975480622,20.95935605865678,20.358610184364068,20.42535972595215,4950496,0.0,0.0
2015-01-26 00:00:00+08:00,20.55885703794418,20.825855181294102,20.4921075021067,20.69235610961914,4337000,0.0,0.0
2015-01-27 00:00:00+08:00,20.959358066707463,20.959358066707463,20.492111230825447,20.558860778808594,2612488,0.0,0.0
2015-01-28 00:00:00+08:00,20.558858777655928,20.89260648508541,20.358610153198242,20.358610153198242,5146864,0.0,0.0
2015-01-29 00:00:00+08:00,20.425357550681635,20.49210708516099,19.75786220588812,19.958110809326172,4336608,0.0,0.0
2015-01-30 00:00:00+08:00,20.158363213844172,20.158363213844172,19.757865931449917,19.824615478515625,1949216,0.0,0.0
2015-02-02 00:00:00+08:00,19.824613307174104,19.95811238668369,19.290616989135742,19.290616989135742,4496996,0.0,0.0
2015-02-03 00:00:00+08:00,19.35736857303957,19.69111630705749,19.35736857303957,19.624366760253906,3084600,0.0,0.0
2015-02-04 00:00:00+08:00,19.89136294796042,19.89136294796042,19.357366627209807,19.49086570739746,2413564,0.0,0.0
2015-02-05 00:00:00+08:00,19.22386546915832,19.424114067795383,18.95686733764223,19.157115936279297,4568860,0.0,0.0
2015-02-06 00:00:00+08:00,19.223869161402924,19.29061870710224,18.82337188720703,18.82337188720703,3418992,0.0,0.0
2015-02-09 00:00:00+08:00,18.689870935446805,19.157117708832974,18.55637185733647,18.890119552612305,3070000,0.0,0.0
2015-02-10 00:00:00+08:00,18.890121592415703,19.357368416256374,18.890121592415703,19.22386932373047,2136392,0.0,0.0
2015-02-11 00:00:00+08:00,19.22386710874496,19.29061664731699,18.55637172302465,18.62312126159668,5885132,0.0,0.0
2015-02-12 00:00:00+08:00,18.556375290030864,18.556375290030864,17.62188157038902,17.888879776000977,10570024,0.0,0.0
2015-02-13 00:00:00+08:00,18.022377070258646,18.222625704372632,17.75537889144,18.15587615966797,4162400,0.0,0.0
2015-02-24 00:00:00+08:00,18.556371406272607,18.556371406272607,17.888876031946253,18.022375106811523,2761152,0.0,0.0
2015-02-25 00:00:00+08:00,18.155874524797714,18.689870834350586,17.755377292633057,18.689870834350586,6505072,0.0,0.0
2015-02-26 00:00:00+08:00,18.689874545010653,18.75662409695712,18.35612678527832,18.35612678527832,3010304,0.0,0.0
2015-03-02 00:00:00+08:00,18.489625889171254,18.489625889171254,18.222627681385386,18.35612678527832,1416080,0.0,0.0
2015-03-03 00:00:00+08:00,18.35612678527832,18.823373648903587,18.28937723333185,18.35612678527832,4446412,0.0,0.0
2015-03-04 00:00:00+08:00,18.2893751051542,18.489623737692387,17.822128295898438,17.822128295898438,4807244,0.0,0.0
2015-03-05 00:00:00+08:00,17.755378751719043,18.089126472616016,17.35488148664267,17.822128295898438,6102392,0.0,0.0
2015-03-06 00:00:00+08:00,17.82212649451362,18.289373256542063,17.82212649451362,18.022375106811523,4345032,0.0,0.0
2015-03-09 00:00:00+08:00,18.022375071358947,18.155874145961604,17.822126459454957,17.955625534057617,2312480,0.0,0.0
2015-03-10 00:00:00+08:00,18.15587615966797,18.823371606714588,18.022377070258646,18.15587615966797,5121200,0.0,0.0
2015-03-11 00:00:00+08:00,18.155874145961604,18.222623683262935,17.888875996756287,17.955625534057617,2376796,0.0,0.0
2015-03-12 00:00:00+08:00,18.02237692843662,18.15587601679541,17.755378751719043,17.822128295898438,2133472,0.0,0.0
2015-03-13 00:00:00+08:00,17.955629327403965,18.22262753301592,17.822130224597988,17.888879776000977,1413200,0.0,0.0
2015-03-16 00:00:00+08:00,17.888879776000977,17.888879776000977,17.888879776000977,17.888879776000977,0,0.0,0.0
2015-03-17 00:00:00+08:00,18.022378791462295,18.089128342541784,17.62188148498535,17.62188148498535,2181600,0.0,0.0
2015-03-18 00:00:00+08:00,17.755376481824346,17.822126017470303,17.021131589718827,17.154630661010742,5057800,0.0,0.0
2015-03-19 00:00:00+08:00,17.288133554160595,17.35488310456276,16.954385802149773,17.0878849029541,4161116,0.0,0.0
2015-03-20 00:00:00+08:00,17.0878849029541,17.288133554160595,17.021135352551937,17.0878849029541,2389180,0.0,0.0
2015-03-23 00:00:00+08:00,17.221380379363783,17.688627133842644,17.15463084300966,17.488378524780273,5068400,0.0,0.0
2015-03-24 00:00:00+08:00,17.688632876716525,17.688632876716525,17.288135528564453,17.288135528564453,1428172,0.0,0.0
2015-03-25 00:00:00+08:00,17.4883821359265,17.4883821359265,16.754137084418133,16.887636184692383,3414632,0.0,0.0
2015-03-26 00:00:00+08:00,16.553884875866792,17.288129769554434,16.553884875866792,17.22138023376465,2389200,0.0,0.0
2015-03-27 00:00:00+08:00,17.288133485515125,17.35488303565225,16.820886634555258,16.887636184692383,1781072,0.0,0.0
2015-03-30 00:00:00+08:00,17.087882965686273,17.154632508520983,16.687385708678,17.021133422851562,1422800,0.0,0.0
2015-03-31 00:00:00+08:00,17.15463629186866,17.288135406980476,16.754138946533203,16.754138946533203,2822884,0.0,0.0
2015-04-01 00:00:00+08:00,16.687385528441894,16.754135070555662,16.420387359986822,16.620635986328125,2328048,0.0,0.0
2015-04-02 00:00:00+08:00,16.620634375843093,17.154630661010742,16.620634375843093,17.154630661010742,4033240,0.0,0.0
2015-04-07 00:00:00+08:00,17.55512848039613,18.28937339782715,17.55512848039613,18.28937339782715,4608284,0.0,0.0
2015-04-08 00:00:00+08:00,18.68987058981871,19.090367816743395,18.222623825073242,18.222623825073242,14402820,0.0,0.0
2015-04-09 00:00:00+08:00,18.35612452982043,18.35612452982043,17.48838046113801,17.555130004882812,5410508,0.0,0.0
2015-04-10 00:00:00+08:00,17.888875591662504,17.888875591662504,17.154630697974863,17.22138023376465,5022844,0.0,0.0
2015-04-13 00:00:00+08:00,17.42163274471576,17.621881396953874,17.22138409247765,17.354883193969727,3080396,0.0,0.0
2015-04-14 00:00:00+08:00,17.35487973248517,18.422872331407333,17.35487973248517,18.022375106811523,7780292,0.0,0.0
2015-04-15 00:00:00+08:00,18.2893751051542,18.55637328187178,17.822128295898438,17.822128295898438,5408596,0.0,0.0
2015-04-16 00:00:00+08:00,18.022379025545987,18.422876337224785,17.888879921653054,18.35612678527832,4206360,0.0,0.0
2015-04-17 00:00:00+08:00,18.422872331407333,18.422872331407333,17.95562556937889,18.022375106811523,3102560,0.0,0.0
2015-04-20 00:00:00+08:00,17.888876031946253,18.155874181676793,17.888876031946253,18.022375106811523,1414948,0.0,0.0
2015-04-21 00:00:00+08:00,18.35612452982043,18.35612452982043,17.354881373648407,17.555130004882812,2570428,0.0,0.0
2015-04-22 00:00:00+08:00,17.688631036064844,17.822130138223823,17.288133729587905,17.62188148498535,1976316,0.0,0.0
2015-04-23 00:00:00+08:00,17.62188148498535,17.755380587144334,17.288133729587905,17.62188148498535,2992020,0.0,0.0
2015-04-24 00:00:00+08:00,17.822128120510055,17.888877664032567,17.28813177232998,17.421630859375,2212224,0.0,0.0
2015-04-27 00:00:00+08:00,17.48838040289751,17.688629033465038,17.354881315852488,17.421630859375,1407284,0.0,0.0
2015-04-28 00:00:00+08:00,17.42163274471576,17.621881396953874,17.354883193969727,17.354883193969727,929832,0.0,0.0
2015-04-29 00:00:00+08:00,17.288131594190407,17.42163067985983,16.687385708678,17.021133422851562,2835516,0.0,0.0
2015-04-30 00:00:00+08:00,17.021131477956697,17.08788101316437,16.88763240754135,16.954381942749023,1380392,0.0,0.0
2015-05-04 00:00:00+08:00,16.9543858894935,17.4883822954618,16.75413723725539,17.354883193969727,3301596,0.0,0.0
2015-05-05 00:00:00+08:00,17.3548850865898,17.555133760665836,17.087886854488417,17.288135528564453,3230108,0.0,0.0
2015-05-06 00:00:00+08:00,17.154632508520983,17.288131594190407,16.820884794347425,17.021133422851562,3192800,0.0,0.0
2015-05-07 00:00:00+08:00,17.154632416982498,17.488380129375155,16.820884704589844,16.820884704589844,4798120,0.0,0.0
2015-05-08 00:00:00+08:00,17.0878827811245,17.2881314074658,16.55388644421436,16.620635986328125,3540036,0.0,0.0
2015-05-11 00:00:00+08:00,16.75413347523788,16.8208830109958,15.485892295837402,15.485892295837402,7373836,0.0,0.0
2015-05-12 00:00:00+08:00,15.085396457601478,15.485893708688243,14.417901039123537,14.417901039123535,5306524,0.0,0.0
2015-05-13 00:00:00+08:00,14.01740461025598,14.417901884834722,13.416658698387867,14.150903701782227,10409932,0.0,0.0
2015-05-14 00:00:00+08:00,14.017405487133557,14.21765413694975,13.616908187501169,13.950655937194824,6134396,0.0,0.0
2015-05-15 00:00:00+08:00,13.950654900189743,14.150903535120696,13.683656720281805,13.750406265258789,3278340,0.0,0.0
2015-05-18 00:00:00+08:00,13.750405044470108,13.750405044470108,12.789212089545073,12.869311332702637,11023116,0.0,0.0
2015-05-19 00:00:00+08:00,12.78921218353294,13.683655605980412,12.735812348196417,13.416657447814941,8081264,0.0,0.0
2015-05-20 00:00:00+08:00,13.416659493377244,13.950655891123603,13.283160393940655,13.817156791687012,4801640,0.0,0.0
2015-05-21 00:00:00+08:00,13.616908142532129,13.950655891123603,13.416659493377244,13.817156791687012,2716200,0.0,0.0
2015-05-22 00:00:00+08:00,14.150901647714466,14.217651183788591,13.883903503417967,13.883903503417969,2672240,0.0,0.0
2015-05-25 00:00:00+08:00,13.88390375181686,14.751647736305413,13.81715421454851,14.351150512695312,4508140,0.0,0.0
2015-05-26 00:00:00+08:00,14.6848990453928,14.6848990453928,14.084153175354004,14.084153175354004,2228200,0.0,0.0
2015-05-27 00:00:00+08:00,14.01740461025598,14.21765324754535,13.883905518729732,14.150903701782227,2708000,0.0,0.0
2015-05-28 00:00:00+08:00,14.284403127034505,15.085397694905598,14.150904032389322,15.018648147583008,7635588,0.0,0.0
2015-05-29 00:00:00+08:00,15.018646102145787,15.285644255072823,14.618148872755233,14.75164794921875,6205116,0.0,0.0
2015-06-01 00:00:00+08:00,14.75164766266872,15.01864581040933,14.017402756382042,14.2176513671875,3276600,0.0,0.0
2015-06-02 00:00:00+08:00,14.084156018211727,14.484653345743816,13.817157799857004,14.017406463623047,3054000,0.0,0.0
2015-06-03 00:00:00+08:00,14.017405345522125,14.217653993315297,12.842612871061926,13.550158500671387,6144792,0.0,0.0
2015-06-04 00:00:00+08:00,13.550157518670112,13.950654785231789,13.082910707681487,13.483407974243164,7482000,0.0,0.0
2015-06-05 00:00:00+08:00,13.483408265248505,13.550157811116073,13.149660535910671,13.323209762573242,4136456,0.0,0.0
2015-06-08 00:00:00+08:00,13.483407917022705,13.483407917022705,12.922712153622706,13.349908828735352,2877540,0.0,0.0
2015-06-09 00:00:00+08:00,13.323209389788275,13.683656519980886,13.149660167981633,13.283159255981445,3692080,0.0,0.0
2015-06-10 00:00:00+08:00,13.550155823047342,14.150901647714466,13.550155823047342,13.883903503417969,5145452,0.0,0.0
2015-06-11 00:00:00+08:00,14.217651183788591,14.217651183788591,13.683654895195593,13.883903503417969,2652612,0.0,0.0
2015-06-12 00:00:00+08:00,13.817153967343842,13.883903503417967,13.683654895195593,13.883903503417969,1948200,0.0,0.0
2015-06-15 00:00:00+08:00,13.883904552007738,14.551399963161957,13.883904552007738,14.084153175354004,3874472,0.0,0.0
2015-06-16 00:00:00+08:00,13.950655820322973,14.084154919082044,13.163010933940992,13.616908073425293,4373512,0.0,0.0
2015-06-17 00:00:00+08:00,13.750406151950951,13.750406151950951,13.323209475025381,13.483407974243164,3416000,0.0,0.0
2015-06-18 00:00:00+08:00,13.483408951406997,13.683657599200169,13.349909852878215,13.550158500671387,3172000,0.0,0.0
2015-06-22 00:00:00+08:00,13.68365762280483,13.68365762280483,13.296510032700064,13.616908073425293,2475996,0.0,0.0
2015-06-23 00:00:00+08:00,13.683658690679641,14.15090557280041,13.61690913609096,14.017406463623047,5442748,0.0,0.0
2015-06-24 00:00:00+08:00,14.15090557280041,14.618152454921178,13.883907354445684,14.017406463623047,5949268,0.0,0.0
2015-06-25 00:00:00+08:00,14.017405487133557,14.21765413694975,13.883906387256093,13.950655937194824,2362132,0.0,0.0
2015-06-26 00:00:00+08:00,14.017403634238581,14.28440179870027,13.95065409312316,14.084153175354004,2008200,0.0,0.0
2015-06-29 00:00:00+08:00,14.21765413694975,14.417902786765945,13.950655937194826,13.950655937194824,5144000,0.0,0.0
2015-06-30 00:00:00+08:00,14.217652257584847,14.28440179870027,14.017403634238581,14.084153175354004,2880600,0.0,0.0
2015-07-01 00:00:00+08:00,14.217652413580154,14.751648748362507,14.084153329884566,14.417901039123535,5889840,0.0,0.0
2015-07-02 00:00:00+08:00,14.684897153186396,15.819639205932619,14.484648555642947,15.819639205932617,14707976,0.0,0.0
2015-07-03 00:00:00+08:00,15.819639205932619,16.153386868505038,15.619390608389168,15.819639205932617,11595312,0.0,0.0
2015-07-06 00:00:00+08:00,15.552640955672304,15.953138147663866,15.419141891675118,15.619390487670898,4021508,0.0,0.0
2015-07-07 00:00:00+08:00,15.886391496453674,16.086640128761914,15.419144687734448,15.552643775939941,4805008,0.0,0.0
2015-07-08 00:00:00+08:00,15.886391158576483,15.886391158576483,14.417901219548405,14.818398475646973,6341220,0.0,0.0
2015-07-09 00:00:00+08:00,14.551402340764586,15.61939517311428,13.750407716502314,15.352396965026855,5740000,0.0,0.0
2015-07-10 00:00:00+08:00,15.352396965026855,15.352396965026855,15.352396965026855,15.352396965026855,0,0.0,0.0
2015-07-13 00:00:00+08:00,15.81964120864868,16.553886159261065,15.752891667683917,16.01988983154297,9887444,0.0,0.0
2015-07-14 00:00:00+08:00,16.019888805742024,16.153387879123205,15.552642048907881,15.88638973236084,4560224,0.0,0.0
2015-07-15 00:00:00+08:00,15.886391583135573,16.08664021653644,15.485894316333836,15.75289249420166,3620000,0.0,0.0
2015-07-16 00:00:00+08:00,15.886391583135573,16.353638394404268,15.619393405267749,15.75289249420166,7892800,0.0,0.0
2015-07-17 00:00:00+08:00,15.752892408248181,15.953141040556421,15.552643775939941,15.552643775939941,2569696,0.0,0.0
2015-07-20 00:00:00+08:00,15.752893168131509,15.752893168131509,14.684900410970052,15.018648147583008,4344520,0.0,0.0
2015-07-21 00:00:00+08:00,15.152146189062444,15.352394817111726,14.4846507622315,14.818398475646973,5095440,0.0,0.0
2015-07-22 00:00:00+08:00,14.551400304914594,14.885148018330066,14.284402134182216,14.818398475646973,3461136,0.0,0.0
2015-07-23 00:00:00+08:00,14.684900123382283,15.018647853459154,13.950655117213168,14.284402847290039,5657576,0.0,0.0
2015-07-24 00:00:00+08:00,14.150903755259291,14.351152393305414,14.084154209243916,14.284402847290039,1854612,0.0,0.0
2015-07-27 00:00:00+08:00,14.084152843228619,14.41790054093546,13.216408829190836,13.416657447814941,5124000,0.0,0.0
2015-07-28 00:00:00+08:00,13.283160326527616,13.750407172184365,12.962762285802384,13.616908073425293,3768412,0.0,0.0
2015-07-29 00:00:00+08:00,13.616908142532129,13.883906341405307,13.416659493377244,13.817156791687012,2360152,0.0,0.0
2015-07-30 00:00:00+08:00,13.883903682511736,14.351150441057804,13.883903682511736,14.2176513671875,3114308,0.0,0.0
2015-07-31 00:00:00+08:00,14.35115318943337,14.35115318943337,13.616908142532129,13.817156791687012,2674308,0.0,0.0
2015-08-03 00:00:00+08:00,13.683656902851206,13.683656902851206,13.216410081778237,13.323209762573242,2892128,0.0,0.0
2015-08-04 00:00:00+08:00,13.349910505251763,13.483409610304282,12.001569747924805,12.001569747924805,5341672,0.0,0.0
2015-08-05 00:00:00+08:00,11.667820916051165,12.215166992904072,11.614421075220266,12.08166790008545,5504820,0.0,0.0
2015-08-06 00:00:00+08:00,12.1484169170169,12.53556447302088,10.880175590515137,10.880175590515137,9702888,0.0,0.0
2015-08-07 00:00:00+08:00,10.679928088067246,11.04037525363259,10.679928088067246,10.933576583862305,5156920,0.0,0.0
2015-08-10 00:00:00+08:00,11.000326324992646,11.614421996992217,10.67992827309629,11.534322738647461,3948832,0.0,0.0
2015-08-11 00:00:00+08:00,11.747920855353861,11.841369818387253,11.120475489804384,11.347423553466797,2664768,0.0,0.0
2015-08-12 00:00:00+08:00,11.267322436133869,11.520970889145566,11.093773226568725,11.41417121887207,2152912,0.0,0.0
2015-08-13 00:00:00+08:00,11.654469967728865,11.654469967728865,11.41417121887207,11.41417121887207,1596424,0.0,0.0
2015-08-14 00:00:00+08:00,11.507620371723945,11.561020207813135,11.347421881973535,11.467571258544922,572240,0.0,0.0
2015-08-17 00:00:00+08:00,11.467569760785103,11.534319292549258,11.120472399314906,11.160521507263184,970884,0.0,0.0
2015-08-18 00:00:00+08:00,11.18722193107906,11.334070697256795,11.147171804613759,11.160521507263184,1046976,0.0,0.0
2015-08-19 00:00:00+08:00,11.147173883122813,11.200573722194509,10.052481765480513,10.319479942321777,4687496,0.0,0.0
2015-08-20 00:00:00+08:00,10.3194803432411,10.412929301359217,9.598585034058933,9.812183380126953,3899712,0.0,0.0
2015-08-21 00:00:00+08:00,9.625284142708766,9.625284142708766,9.077938079833984,9.077938079833984,4441680,0.0,0.0
2015-08-24 00:00:00+08:00,8.810940613953077,8.944439714164487,8.170145034790039,8.170145034790039,6264072,0.0,0.0
2015-08-25 00:00:00+08:00,7.498624856951455,8.379993529108974,7.498624856951455,8.33802318572998,5800792,0.7,0.0
2015-08-26 00:00:00+08:00,7.9463023759950575,8.645800833981859,7.9463023759950575,8.533881187438965,4011804,0.0,0.0
2015-08-27 00:00:00+08:00,8.673782574303312,9.3872709274292,8.673782574303312,9.3872709274292,5696000,0.0,0.0
2015-08-28 00:00:00+08:00,9.513182007364275,9.653081742766691,9.1214623212974,9.219392776489258,6503876,0.0,0.0
2015-08-31 00:00:00+08:00,9.219392776489258,9.331311924401025,9.051512453596192,9.219392776489258,1679604,0.0,0.0
2015-09-01 00:00:00+08:00,9.219392701705871,9.485202410284394,9.163432594528773,9.303332328796387,1978720,0.0,0.0
2015-09-02 00:00:00+08:00,9.163432288262818,9.373281882650517,9.135452769284552,9.31732177734375,2132400,0.0,0.0
2015-09-03 00:00:00+08:00,9.457222034661063,10.170710481922791,9.38727216596187,9.932881355285645,6174028,0.0,0.0
2015-09-04 00:00:00+08:00,9.960859075347827,10.170708643514004,9.527170181274414,9.527170181274414,4328800,0.0,0.0
2015-09-07 00:00:00+08:00,9.527170217357872,9.904900081897672,9.527170217357872,9.80696964263916,2584800,0.0,0.0
2015-09-08 00:00:00+08:00,9.77898977908912,10.380557881628468,9.77898977908912,10.142728805541992,3533080,0.0,0.0
2015-09-09 00:00:00+08:00,10.32460092733921,10.744300134672507,10.32460092733921,10.53445053100586,4786424,0.0,0.0
2015-09-10 00:00:00+08:00,10.492478948614966,10.884198589636654,10.394549572034622,10.590408325195312,2714564,0.0,0.0
2015-09-11 00:00:00+08:00,10.660357788273174,11.387836942057374,10.660357788273174,11.28990650177002,5819388,0.0,0.0
2015-09-14 00:00:00+08:00,11.373848458153972,11.723597782607044,11.275918006896973,11.275918006896973,4389388,0.0,0.0
2015-09-15 00:00:00+08:00,11.331878674181203,11.443798890495946,11.024099680341088,11.052079200744629,2696800,0.0,0.0
2015-09-16 00:00:00+08:00,11.317889722138949,11.541729103401513,11.205969497832488,11.219959259033203,2900000,0.0,0.0
2015-09-17 00:00:00+08:00,11.541729238298204,11.541729238298204,11.219959390169134,11.331879615783691,1944248,0.0,0.0
2015-09-18 00:00:00+08:00,11.401827168488989,11.429806685520678,11.261927448630228,11.387837409973145,1777308,0.0,0.0
2015-09-21 00:00:00+08:00,11.247937735508621,11.247937735508621,10.982128053234195,11.02409839630127,2017400,0.0,0.0
2015-09-22 00:00:00+08:00,11.080058645277573,11.136018753051758,10.982129257185457,11.136018753051758,1291548,0.0,0.0
2015-09-23 00:00:00+08:00,11.052078409272186,11.303898344271635,10.912178682572538,10.926168441772461,1805520,0.0,0.0
2015-09-24 00:00:00+08:00,10.982127966216998,11.094048168608953,10.352579229300101,10.590408325195312,2231412,0.0,0.0
2015-09-25 00:00:00+08:00,10.688340110724901,10.856219368034862,10.492480265629755,10.772279739379883,1140348,0.0,0.0
2015-09-29 00:00:00+08:00,10.772279739379883,10.772279739379883,10.772279739379883,10.772279739379883,0,0.0,0.0
2015-09-30 00:00:00+08:00,10.66035715269689,11.471775873100086,10.66035715269689,11.233946800231934,3233028,0.0,0.0
2015-10-01 00:00:00+08:00,11.331878512004415,11.751577716152728,11.27591840464792,11.499757766723633,4426320,0.0,0.0
2015-10-02 00:00:00+08:00,11.583697477755285,11.667637097986809,11.373847893501386,11.45778751373291,2353000,0.0,0.0
2015-10-05 00:00:00+08:00,11.513750484539436,11.97541904449463,11.513750484539436,11.975419044494629,4830280,0.0,0.0
2015-10-06 00:00:00+08:00,12.45107663852601,13.164565086364746,12.381126769770246,13.164565086364746,3736848,0.0,0.0
2015-10-07 00:00:00+08:00,13.248503477463027,13.570273270613528,12.772845268249512,12.772845268249512,10682316,0.0,0.0
2015-10-08 00:00:00+08:00,12.870774462043894,12.982694666914782,12.073346471226897,12.101325988769531,4872140,0.0,0.0
2015-10-12 00:00:00+08:00,12.157286881984996,12.549005489812384,12.157286881984996,12.2272367477417,3332996,0.0,0.0
2015-10-13 00:00:00+08:00,12.311176941942904,12.562996897240946,12.297187181615302,12.325166702270508,2970744,0.0,0.0
2015-10-14 00:00:00+08:00,12.451074041811323,12.562994235419318,12.36713443028036,12.395113945007324,1428608,0.0,0.0
2015-10-15 00:00:00+08:00,12.562997079429728,13.164565321042986,12.479056381546208,12.91274642944336,7990340,0.0,0.0
2015-10-16 00:00:00+08:00,13.066634714338589,13.27648430482363,12.562995910644533,12.562995910644531,7104300,0.0,0.0
2015-10-19 00:00:00+08:00,12.562996572319495,12.716886066643621,12.451076357892711,12.618955612182617,2144800,0.0,0.0
2015-10-20 00:00:00+08:00,12.590977027545508,12.800826644671266,12.521027155170255,12.576987266540527,1401220,0.0,0.0
2015-10-21 00:00:00+08:00,12.702896838184586,12.85678633894766,12.590976619074906,12.632946968078613,1676920,0.0,0.0
2015-10-22 00:00:00+08:00,12.632944381289626,13.010673175575988,12.632944381289626,12.744863510131836,2524908,0.0,0.0
2015-10-23 00:00:00+08:00,12.9826968406393,12.9826968406393,12.535017013549805,12.535017013549805,1948828,0.0,0.0
2015-10-26 00:00:00+08:00,12.604965131272808,12.688904753616814,12.339155437724948,12.40910530090332,1833292,0.0,0.0
2015-10-27 00:00:00+08:00,12.409106313064898,12.54900605083271,12.283197402954102,12.283197402954102,1556400,0.0,0.0
2015-10-28 00:00:00+08:00,12.311175346374512,12.52102492614226,12.227235727937446,12.311175346374512,1988000,0.0,0.0
2015-10-29 00:00:00+08:00,12.437085307705193,12.479054583248647,12.045365665198668,12.311175346374512,2364412,0.0,0.0
2015-10-30 00:00:00+08:00,12.52102492614226,12.660924645987425,12.21324596942296,12.311175346374512,4120396,0.0,0.0
2015-11-02 00:00:00+08:00,12.241226605169501,12.311176471484757,11.849506926863976,11.90546703338623,2648912,0.0,0.0
2015-11-03 00:00:00+08:00,11.975416160945214,12.1712759880155,11.905466298945123,11.933446884155273,1394452,0.0,0.0
2015-11-04 00:00:00+08:00,12.031375216898944,12.381124496459961,12.031375216898944,12.381124496459961,2642568,0.0,0.0
2015-11-05 00:00:00+08:00,12.381126792451454,12.521026530219267,12.241227054683641,12.283197402954102,1506528,0.0,0.0
2015-11-06 00:00:00+08:00,12.367136553734003,12.381126313499545,12.14329719543457,12.14329719543457,1403600,0.0,0.0
2015-11-09 00:00:00+08:00,12.143297936209887,12.269206849130816,11.793548583984375,11.793548583984375,1432800,0.0,0.0
2015-11-10 00:00:00+08:00,11.639655889788699,11.737586330940482,11.54172651598704,11.723596572875977,1168800,0.0,0.0
2015-11-11 00:00:00+08:00,11.793546490415865,11.919455380985683,11.331877000492776,11.401826858520508,1569132,0.0,0.0
2015-11-12 00:00:00+08:00,11.471777842060739,11.611677571841968,10.912178922935825,11.275918006896973,2231672,0.0,0.0
2015-11-13 00:00:00+08:00,10.95414924621582,11.289907743118032,10.95414924621582,10.95414924621582,1616460,0.0,0.0
2015-11-16 00:00:00+08:00,10.674350412756645,11.080058798180053,10.674350412756645,10.9681396484375,1576540,0.0,0.0
2015-11-17 00:00:00+08:00,11.30389994504697,11.30389994504697,11.052079974386624,11.177989959716797,1496000,0.0,0.0
2015-11-18 00:00:00+08:00,11.20596725932164,11.303897702864742,11.052077782154083,11.191977500915527,700400,0.0,0.0
2015-11-19 00:00:00+08:00,11.150007417464671,11.583697409583891,11.150007417464671,11.541727066040039,1592732,0.0,0.0
2015-11-20 00:00:00+08:00,11.72359714879239,11.989405767126085,11.471777221860265,11.821526527404785,1944200,0.0,0.0
2015-11-23 00:00:00+08:00,11.89147638851369,11.975416008374339,11.695616563938723,11.821526527404785,1578272,0.0,0.0
2015-11-24 00:00:00+08:00,11.555718248440348,11.821527966482197,11.499758139270963,11.681628227233887,1048200,0.0,0.0
2015-11-25 00:00:00+08:00,11.68162629063144,11.68162629063144,11.261927142465042,11.401826858520508,1340400,0.0,0.0
2015-11-26 00:00:00+08:00,11.52773672702339,11.611676342535551,11.429806286134102,11.44379711151123,874440,0.0,0.0
2015-11-27 00:00:00+08:00,11.443799841398247,11.569708761026655,11.331879615783691,11.331879615783691,633200,0.0,0.0
2015-11-30 00:00:00+08:00,11.163998140532975,11.21995717494153,10.954148559450402,11.066067695617676,3246432,0.0,0.0
2015-12-01 00:00:00+08:00,11.177989132914524,12.171277046203613,11.177989132914524,12.171277046203613,5712260,0.0,0.0
2015-12-02 00:00:00+08:00,12.507036042159646,12.786835501414446,12.325165966703931,12.35314655303955,8225120,0.0,0.0
2015-12-03 00:00:00+08:00,12.367137322148468,13.094615548660009,12.199256992480198,12.870776176452637,8482344,0.0,0.0
2015-12-04 00:00:00+08:00,13.248503261123615,13.780122632252091,13.248503261123615,13.262494087219238,15277608,0.0,0.0
2015-12-07 00:00:00+08:00,13.514310782717029,13.808099938729356,13.472341513200986,13.598250389099121,9976336,0.0,0.0
2015-12-08 00:00:00+08:00,13.696185682569839,13.696185682569839,12.996686935424805,12.996686935424805,5534356,0.0,0.0
2015-12-09 00:00:00+08:00,13.010674264146873,14.269771773580441,12.31117564779489,13.500323295593262,11966568,0.0,0.0
2015-12-10 00:00:00+08:00,13.654212307814026,14.409671000945263,13.640222549438477,13.640222549438477,11905420,0.0,0.0
2015-12-11 00:00:00+08:00,13.654215292240995,14.409674150494265,13.262496635356234,13.27648639678955,13820716,0.0,0.0
2015-12-14 00:00:00+08:00,13.290472953550276,13.682192583331807,12.870773807648689,13.010673522949219,7536912,0.0,0.0
2015-12-15 00:00:00+08:00,13.500323280455575,13.500323280455575,12.898754044127326,13.220523834228516,5281228,0.0,0.0
2015-12-16 00:00:00+08:00,13.332444292490015,13.640223262236292,13.052644840956964,13.570273399353027,6160128,0.0,0.0
2015-12-17 00:00:00+08:00,13.654212570343443,14.129871835708617,13.542293433837038,13.989972114562988,8542840,0.0,0.0
2015-12-18 00:00:00+08:00,14.12987192327326,15.388969421386719,14.059922062266956,15.388969421386719,24151008,0.0,0.0
2015-12-21 00:00:00+08:00,15.66876936380842,16.368267996121297,15.458919774114557,15.808669090270996,24943936,0.0,0.0
2015-12-22 00:00:00+08:00,15.94856881673357,16.158418406427433,15.249070184420694,15.808669090270996,13435696,0.0,0.0
2015-12-23 00:00:00+08:00,16.088469705463925,17.277617466302566,16.088469705463925,16.997817993164062,33651512,0.0,0.0
2015-12-24 00:00:00+08:00,17.417518384995002,17.627368004091327,16.438220162545484,17.34756851196289,21992836,0.0,0.0
2015-12-25 00:00:00+08:00,17.27761459350586,17.27761459350586,16.64806588362103,17.27761459350586,10094936,0.0,0.0
2015-12-28 00:00:00+08:00,17.067769019834458,17.83721762318765,16.787969527706025,17.34756851196289,17717708,0.0,0.0
2015-12-29 00:00:00+08:00,17.417518384995002,17.627368004091327,17.067769019834458,17.34756851196289,9361944,0.0,0.0
2015-12-30 00:00:00+08:00,17.487464904785156,17.69731448364258,17.207665466308594,17.487464904785156,8357144,0.0,0.0
2015-12-31 00:00:00+08:00,17.55741457067111,18.186963300296767,17.487464711823815,17.977113723754883,16148840,0.0,0.0
2016-01-04 00:00:00+08:00,18.18696692585945,18.536716289818287,17.837217561900616,17.907167434692383,17116820,0.0,0.0
2016-01-05 00:00:00+08:00,17.977115392684937,18.047065258026123,16.578118085861206,16.787967681884766,16881752,0.0,0.0
2016-01-06 00:00:00+08:00,16.997817993164062,17.137717729733314,16.438219046887056,16.997817993164062,11942268,0.0,0.0
2016-01-07 00:00:00+08:00,17.34756456572434,17.417514422844196,15.738717851967648,16.22836685180664,14530416,0.0,0.0
2016-01-08 00:00:00+08:00,16.92786718630323,17.837215423583984,16.85791732189702,17.837215423583984,17740312,0.0,0.0
2016-01-11 00:00:00+08:00,18.32686426999758,19.516011951638642,18.32686426999758,19.446062088012695,28264184,0.0,0.0
2016-01-12 00:00:00+08:00,19.795809235159805,20.285458226842202,17.5574138446117,17.767263412475586,28935228,0.0,0.0
2016-01-13 00:00:00+08:00,18.117015838623047,18.396815311034214,17.557416893800713,18.117015838623047,10762052,0.0,0.0
2016-01-14 00:00:00+08:00,17.907167434692383,18.047067180275917,17.347568452358246,17.907167434692383,6905360,0.0,0.0
2016-01-15 00:00:00+08:00,18.326864211539913,18.326864211539913,17.207666397094727,17.207666397094727,6993760,0.0,0.0
2016-01-18 00:00:00+08:00,17.137717907245342,18.186965942382812,16.508169086162862,18.186965942382812,10194040,0.0,0.0
2016-01-19 00:00:00+08:00,18.466764009915867,20.005661010742188,18.466764009915867,20.005661010742188,22365856,0.0,0.0
2016-01-20 00:00:00+08:00,19.935712118218415,20.215511586544288,18.956413979077862,19.166263580322266,18420292,0.0,0.0
2016-01-21 00:00:00+08:00,19.7258638938268,20.8450618452496,19.166264918115402,20.14556312561035,28813540,0.0,0.0
2016-01-22 00:00:00+08:00,20.42536166016485,20.565261397563237,19.7258629731729,19.86576271057129,11630896,0.0,0.0
2016-01-25 00:00:00+08:00,20.355411791465652,20.42536166016485,19.655913104473708,19.86576271057129,6416884,0.0,0.0
2016-01-26 00:00:00+08:00,19.93571162223816,21.12485933303833,19.7258620262146,20.70516014099121,18116660,0.0,0.0
2016-01-27 00:00:00+08:00,20.77511186976182,21.544560457530775,20.56526225491574,21.264760971069336,17411136,0.0,0.0
2016-01-28 00:00:00+08:00,21.264756910871753,21.824355776947325,20.70515804479618,21.194807052612305,13371600,0.0,0.0
2016-01-29 00:00:00+08:00,21.474610585915418,21.614510329146135,20.84506174137718,21.264760971069336,8334860,0.0,0.0
2016-02-01 00:00:00+08:00,22.663754000985552,23.08345314915195,22.523854284930085,22.803653717041016,9699776,0.0,0.0
2016-02-02 00:00:00+08:00,23.083451606707868,25.04204750061035,22.593802633232247,25.04204750061035,16422852,0.0,0.0
2016-02-03 00:00:00+08:00,24.90215322416123,26.441050333519506,24.692303618339643,25.531702041625977,29418764,0.0,0.0
2016-02-15 00:00:00+08:00,26.44104678814228,27.280445098876953,26.02134763277494,27.280445098876953,17054232,0.0,0.0
2016-02-16 00:00:00+08:00,27.00064970370061,27.280449182495435,26.161251267316135,26.790800094604492,11771216,0.0,0.0
2016-02-17 00:00:00+08:00,26.7907967992108,27.840044715628977,26.301147771548983,27.49029541015625,10857404,0.0,0.0
2016-02-18 00:00:00+08:00,28.259746551513672,29.099144963934872,27.630197742197776,28.259746551513672,16244108,0.0,0.0
2016-02-19 00:00:00+08:00,28.399642712361103,31.057737350463867,28.119843276771338,31.057737350463867,22681208,0.0,0.0
2016-02-22 00:00:00+08:00,31.267581072009975,34.13552474975586,31.267581072009975,34.13552474975586,21745872,0.0,0.0
2016-02-23 00:00:00+08:00,33.7158348545401,35.814330799843425,33.505985260009766,33.505985260009766,24126248,0.0,0.0
2016-02-24 00:00:00+08:00,33.7158304565156,34.48527886942363,30.63803680488347,31.197635650634766,28761600,0.0,0.0
2016-02-25 00:00:00+08:00,31.827186891588116,34.275432037094895,31.617337307687535,33.016334533691406,23050832,0.0,0.0
2016-02-26 00:00:00+08:00,33.645884507857026,34.41533301011571,33.01633573328174,33.366085052490234,13717304,0.0,0.0
2016-03-01 00:00:00+08:00,33.925684690475464,34.13553428649902,32.94638657569885,33.57593536376953,9976116,0.0,0.0
2016-03-02 00:00:00+08:00,33.995625058158495,35.18477243673606,33.226176754373014,34.13552474975586,16016572,0.0,0.0
2016-03-03 00:00:00+08:00,34.625180026134814,35.604478047076,33.92568143974825,34.83502960205078,15219360,0.0,0.0
2016-03-04 00:00:00+08:00,35.67443107836174,36.09413026751894,34.62518310546875,34.62518310546875,17336208,0.0,0.0
2016-03-07 00:00:00+08:00,33.715834095167075,33.92568368497102,31.687288060395613,32.176937103271484,20479356,0.0,0.0
2016-03-08 00:00:00+08:00,32.87643743020819,33.15623689769932,32.24688862835314,32.666587829589844,9452648,0.0,0.0
2016-03-09 00:00:00+08:00,32.94638394191067,33.29613324065706,31.337537167677237,32.80648422241211,14137372,0.0,0.0
2016-03-10 00:00:00+08:00,32.94638479323614,35.46457980927967,32.176936316111735,35.254730224609375,23115652,0.0,0.0
2016-03-11 00:00:00+08:00,34.97493414231288,35.74438269344377,33.995635986328125,33.995635986328125,13947564,0.0,0.0
2016-03-14 00:00:00+08:00,34.485284277274786,37.14337921142578,34.275434677210235,37.14337921142578,25622616,0.0,0.0
2016-03-15 00:00:00+08:00,36.44388384972849,36.86358308792114,34.69513702392578,34.69513702392578,16546912,0.0,0.0
2016-03-16 00:00:00+08:00,35.114831182475974,35.46458049704247,33.71583392421,34.34538269042969,14339984,0.0,0.0
2016-03-17 00:00:00+08:00,35.18478404893491,35.60448326224228,32.17693968689872,32.946388244628906,20803496,0.0,0.0
2016-03-18 00:00:00+08:00,33.01633552613297,34.48528265759228,31.897137711687787,34.41533279418945,17732724,0.0,0.0
2016-03-21 00:00:00+08:00,35.254733370751445,35.74438244534522,33.92568588256836,33.92568588256836,13958676,0.0,0.0
2016-03-22 00:00:00+08:00,34.0655832760903,35.46458053588867,33.64588409815079,35.46458053588867,17018056,0.0,0.0
2016-03-23 00:00:00+08:00,35.81432762299197,36.094127057546594,34.83502960205078,34.83502960205078,14099820,0.0,0.0
2016-03-24 00:00:00+08:00,34.97493651605422,35.6744352463753,34.62518715089367,34.69513702392578,7866760,0.0,0.0
2016-03-25 00:00:00+08:00,35.1148314282177,35.18478129162052,34.06558347717533,34.41533279418945,9573760,0.0,0.0
2016-03-28 00:00:00+08:00,34.69513690471649,35.9542346149683,33.78578855842352,35.814334869384766,15541264,0.0,0.0
2016-03-29 00:00:00+08:00,36.09413445632228,39.31182861328124,36.09413445632228,39.31182861328125,38341488,0.0,0.0
2016-03-30 00:00:00+08:00,40.291124845805925,40.850723801997674,39.31182667247036,39.87142562866211,22632504,0.0,0.0
2016-03-31 00:00:00+08:00,39.45172284100507,39.52167270419834,38.33252502991273,38.822174072265625,11965848,0.0,0.0
2016-04-01 00:00:00+08:00,38.892121342250284,40.5009680884225,38.47242219107492,39.17192077636719,14548044,0.0,0.0
2016-04-06 00:00:00+08:00,38.8921288119422,40.2911262512207,38.54237945212258,40.2911262512207,9679400,0.0,0.0
2016-04-07 00:00:00+08:00,40.57092471998565,42.24972160495057,40.57092471998565,41.130523681640625,17730452,0.0,0.0
2016-04-08 00:00:00+08:00,41.48027062335801,41.76007008793378,40.71082209577464,41.55022048950195,8445272,0.0,0.0
2016-04-11 00:00:00+08:00,42.0398690700531,43.0891170501709,41.41032028198242,41.41032028198242,14042160,0.0,0.0
2016-04-12 00:00:00+08:00,40.920671224594116,40.920671224594116,37.49312782287598,38.05272674560547,8668948,0.0,0.0
2016-04-13 00:00:00+08:00,38.682269801264226,41.830013275146484,38.682269801264226,41.830013275146484,9150676,0.0,0.0
2016-04-14 00:00:00+08:00,43.089118035847704,43.089118035847704,40.99062202760837,41.690120697021484,7370668,0.0,0.0
2016-04-15 00:00:00+08:00,41.13051665655457,43.089112687819075,41.13051665655457,42.38961410522461,6814296,0.0,0.0
2016-04-18 00:00:00+08:00,43.229017504303435,44.208315635468885,42.3196692396498,42.7393684387207,8636968,0.0,0.0
2016-04-19 00:00:00+08:00,43.368907422309555,43.85855637707756,42.66940891549811,43.229007720947266,5907600,0.0,0.0
2016-04-20 00:00:00+08:00,43.92851732954195,44.48811627641509,43.089118909232226,44.208316802978516,7164252,0.0,0.0
2016-04-21 00:00:00+08:00,44.628016013133376,45.047715223288236,43.64871785610537,44.208316802978516,8545064,0.0,0.0
2016-04-22 00:00:00+08:00,44.76791622510844,45.04771570151537,41.96992146103916,44.34821701049805,8343296,0.0,0.0
2016-04-25 00:00:00+08:00,39.94136653768605,41.27041376048121,39.94136653768605,40.57091522216797,1620776,0.0,0.0
2016-04-26 00:00:00+08:00,41.270415270287835,41.690114408629746,39.03201986579765,40.99061584472656,1061740,0.0,0.0
2016-04-27 00:00:00+08:00,40.36107471532989,40.5709243239018,39.87142562866211,39.87142562866211,597556,0.0,0.0
2016-04-28 00:00:00+08:00,39.17192604758523,39.17192604758523,37.633028952858666,38.47242736816406,1972716,0.0,0.0
2016-04-29 00:00:00+08:00,37.7729286887429,38.47242736816406,37.7729286887429,38.47242736816406,1032732,0.0,0.0
2016-05-03 00:00:00+08:00,38.47242823818274,39.87142562866211,38.40247836865877,39.87142562866211,957520,0.0,0.0
2016-05-04 00:00:00+08:00,40.22116742443306,41.270415270287835,40.22116742443306,40.99061584472656,1268600,0.0,0.0
2016-05-05 00:00:00+08:00,41.270418675740565,41.96991729736329,41.270418675740565,41.96991729736328,1220616,0.0,0.0
2016-05-06 00:00:00+08:00,42.59946876647841,42.59946876647841,39.17192530250888,39.38177490234375,2033472,0.0,0.0
2016-05-09 00:00:00+08:00,38.892121342250284,39.801469503130235,36.793625586373466,39.17192077636719,1343416,0.0,0.0
2016-05-10 00:00:00+08:00,39.45172801422701,40.50097609971177,36.93353260906358,40.36107635498047,12922860,0.0,0.0
2016-05-11 00:00:00+08:00,40.850723501352164,41.27042271540715,36.373931884765625,36.373931884765625,13062264,0.0,0.0
2016-05-12 00:00:00+08:00,34.974925538413544,35.674424049181816,32.73653030395508,32.73653030395508,16074516,0.0,0.0
2016-05-13 00:00:00+08:00,33.156239916706646,35.95423484638653,32.31684143780268,35.88428497314453,28863468,0.0,0.0
2016-05-16 00:00:00+08:00,35.814327874499,36.094127311018525,34.27543097364162,34.90497970581055,11574140,0.0,0.0
2016-05-17 00:00:00+08:00,35.25472885903682,36.234026882898945,34.904979564800335,35.954227447509766,11134356,0.0,0.0
2016-05-18 00:00:00+08:00,35.6044844636463,36.86358214605423,35.044885493687225,36.72368240356445,10101816,0.0,0.0
2016-05-19 00:00:00+08:00,37.07342504778972,38.33252250224296,36.93352533062825,37.003475189208984,12655584,0.0,0.0
2016-05-20 00:00:00+08:00,37.42317795753479,37.84287714958191,35.95423078536987,36.933528900146484,10807460,0.0,0.0
2016-05-23 00:00:00+08:00,37.63302136125236,40.57091522216797,37.07342253060177,40.57091522216797,18510456,0.0,0.0
2016-05-24 00:00:00+08:00,40.85071969317575,42.94921556782519,40.71081996819912,40.92066955566406,16764084,0.0,0.0
2016-05-25 00:00:00+08:00,41.76007251350247,42.52952108577806,40.85072420081313,41.130523681640625,12043744,0.0,0.0
2016-05-26 00:00:00+08:00,41.27042102492618,42.249719150941374,40.850721828062525,41.55022048950195,9257536,0.0,0.0
2016-05-27 00:00:00+08:00,42.24972176039515,42.809320724108986,41.6901227966813,42.319671630859375,10333036,0.0,0.0
2016-05-30 00:00:00+08:00,42.94921247217039,43.36891161684958,41.96991446791895,42.24971389770508,10302144,0.0,0.0
2016-05-31 00:00:00+08:00,42.45955936345467,43.78860652639642,42.039860259367806,43.229007720947266,15326388,0.0,0.0
2016-06-01 00:00:00+08:00,43.78861643639797,44.2782655019807,42.73936843872071,42.7393684387207,11173024,0.0,0.0
2016-06-02 00:00:00+08:00,42.669414335468645,42.669414335468645,39.45172079541691,40.4310188293457,14482160,0.0,0.0
2016-06-03 00:00:00+08:00,40.85072135925293,41.48027014732361,39.731523513793945,41.41032028198242,8787828,0.0,0.0
2016-06-06 00:00:00+08:00,40.7807739324737,40.850723801997674,38.89212745532655,39.87142562866211,8238564,0.0,0.0
2016-06-07 00:00:00+08:00,39.87142562866211,39.87142562866211,39.87142562866211,39.87142562866211,0,0.0,0.0
2016-06-08 00:00:00+08:00,40.92067242489419,40.92067242489419,40.01132414878543,40.640872955322266,3849640,0.0,0.0
2016-06-13 00:00:00+08:00,40.29112683496441,40.29112683496441,38.19263064564335,39.31182861328125,8011004,0.0,0.0
2016-06-14 00:00:00+08:00,38.892119040337555,39.591617584228516,38.47241991400298,39.591617584228516,5434844,0.0,0.0
2016-06-15 00:00:00+08:00,39.3817713311378,39.73152063248005,38.89212230925864,39.45172119140625,3546936,0.0,0.0
2016-06-16 00:00:00+08:00,39.52166838188694,42.0398631814408,39.451718526343775,40.85071563720703,15674140,0.0,0.0
2016-06-17 00:00:00+08:00,41.620172002351225,42.4595704292894,41.34037252670517,42.03987121582031,11123988,0.0,0.0
2016-06-20 00:00:00+08:00,42.94921903021149,43.229018502721004,41.89997100830078,41.89997100830078,7848644,0.0,0.0
2016-06-21 00:00:00+08:00,42.24971913822362,42.80931806720671,41.48027061087186,42.66941833496094,6361928,0.0,0.0
2016-06-22 00:00:00+08:00,42.73937118013026,43.01917066412457,41.270423889160156,41.270423889160156,7717756,0.0,0.0
2016-06-23 00:00:00+08:00,41.830013614811314,41.969913325897636,40.71081592612071,40.85071563720703,5306404,0.0,0.0
2016-06-24 00:00:00+08:00,40.9906233637501,41.4103225790786,36.793631210465115,38.68227767944336,12824620,0.0,0.0
2016-06-27 00:00:00+08:00,38.75222282747252,39.591621155865425,37.77292477768079,39.521671295166016,8423112,0.0,0.0
2016-06-28 00:00:00+08:00,39.03202486038208,39.59162378311157,35.60448145866394,36.933528900146484,21567812,0.0,0.0
2016-06-29 00:00:00+08:00,37.4231749911641,37.77292429014694,35.81432821584303,36.0941276550293,17169352,0.0,0.0
2016-06-30 00:00:00+08:00,36.5837772383672,37.702975012389906,35.67442904697375,37.35322570800781,13922620,0.0,0.0
2016-07-01 00:00:00+08:00,37.70297988073123,38.26257883999996,36.373932352467975,36.513832092285156,9814000,0.0,0.0
2016-07-04 00:00:00+08:00,36.5138265665295,36.86357586314377,35.254729098718144,36.02417755126953,10760796,0.0,0.0
2016-07-05 00:00:00+08:00,36.1640739440918,37.00347217877091,35.81432467964217,36.1640739440918,9129120,0.0,0.0
2016-07-06 00:00:00+08:00,35.95422809471389,36.02417795482034,34.555230892584945,35.04487991333008,13638476,0.0,0.0
2016-07-07 00:00:00+08:00,35.32467761020429,35.32467761020429,34.55522918701172,34.55522918701172,6262632,0.0,0.0
2016-07-08 00:00:00+08:00,34.55522918701172,34.55522918701172,34.55522918701172,34.55522918701172,0,0.0,0.0
2016-07-11 00:00:00+08:00,35.25473356816873,35.464583172741165,34.904984227214676,35.11483383178711,4446348,0.0,0.0
2016-07-12 00:00:00+08:00,35.39462905706362,36.863576112791556,35.39462905706362,36.0941276550293,10574840,0.0,0.0
2016-07-13 00:00:00+08:00,36.58377481416891,36.863574239133875,36.23402553296271,36.653724670410156,6663488,0.0,0.0
2016-07-14 00:00:00+08:00,36.93352843562616,38.26257586039301,36.863578571164744,37.91282653808594,12869504,0.0,0.0
2016-07-15 00:00:00+08:00,38.40247436608682,39.24187271288653,37.4931261570538,37.56307601928711,12782836,0.0,0.0
2016-07-18 00:00:00+08:00,37.84287643432617,38.26257561844069,37.423177250211644,37.84287643432617,5698192,0.0,0.0
2016-07-19 00:00:00+08:00,38.26257151144522,38.612320793999565,37.77292251586914,37.77292251586914,5822160,0.0,0.0
2016-07-20 00:00:00+08:00,37.77292728424072,37.77292728424072,36.58377957344055,36.933528900146484,6322344,0.0,0.0
2016-07-21 00:00:00+08:00,36.93352937518426,37.35322857262953,36.51383017773898,37.073429107666016,4525364,0.0,0.0
2016-07-22 00:00:00+08:00,36.72367452665139,37.0734238078576,36.513824957927675,36.653724670410156,2544764,0.0,0.0
2016-07-25 00:00:00+08:00,37.00347583238469,37.21332541177439,35.11482961787734,36.0941276550293,5601600,0.0,0.0
2016-07-26 00:00:00+08:00,36.024175816633566,36.024175816633566,34.69512855349563,35.53452682495117,9101272,0.0,0.0
2016-07-27 00:00:00+08:00,35.604478047076,36.024177198907935,34.76507974341212,34.83502960205078,5758104,0.0,0.0
2016-07-28 00:00:00+08:00,34.695133699915715,34.695133699915715,33.71583557128906,33.71583557128906,10075860,0.0,0.0
2016-07-29 00:00:00+08:00,33.85573624975887,34.34538532775125,33.36608717176649,33.995635986328125,6282000,0.0,0.0
2016-08-01 00:00:00+08:00,34.345385461414025,36.30398178100586,33.71583664440236,36.30398178100586,7983000,0.0,0.0
2016-08-02 00:00:00+08:00,36.51383216767443,36.51383216767443,35.39463424682617,35.39463424682617,6344568,0.0,0.0
2016-08-03 00:00:00+08:00,34.835030333010735,35.46457907396876,34.41533117237205,35.04487991333008,6645332,0.0,0.0
2016-08-04 00:00:00+08:00,36.16407578024274,36.51382506245012,35.53452707226946,35.60447692871094,10716656,0.0,0.0
2016-08-05 00:00:00+08:00,35.604485020945454,36.094134127323876,35.324685531586354,35.744384765625,6225616,0.0,0.0
2016-08-08 00:00:00+08:00,36.16407578024274,36.58377491889159,35.46457721582799,35.60447692871094,4876412,0.0,0.0
2016-08-09 00:00:00+08:00,35.60448393529775,35.7443836757115,34.27543640136719,34.27543640136719,6965400,0.0,0.0
2016-08-10 00:00:00+08:00,34.41533374786377,34.904982805252075,33.2261860370636,33.57593536376953,9286908,0.0,0.0
2016-08-11 00:00:00+08:00,34.20547976154662,34.41532933063586,33.01633220337425,33.436031341552734,7737880,0.0,0.0
2016-08-12 00:00:00+08:00,33.71583651318962,34.205485591182,33.22618743519724,33.995635986328125,5882016,0.0,0.0
2016-08-15 00:00:00+08:00,34.135537354506056,34.555236584274574,33.43603863822519,34.485286712646484,4268356,0.0,0.0
2016-08-16 00:00:00+08:00,34.695133699915715,35.114832897898566,33.71583557128906,33.71583557128906,5944512,0.0,0.0
2016-08-17 00:00:00+08:00,33.57594011016705,33.645889985396565,30.35824584960938,30.358245849609375,21861912,0.0,0.0
2016-08-18 00:00:00+08:00,29.658745738947502,30.148394843128237,28.04989868235365,29.93854522705078,19638528,0.0,0.0
2016-08-19 00:00:00+08:00,30.218339884056235,30.49813932742713,29.518841275629008,29.658740997314453,7816360,0.0,0.0
2016-08-22 00:00:00+08:00,29.93854384491409,30.078443582507145,28.95924568176269,28.959245681762695,4047132,0.0,0.0
2016-08-23 00:00:00+08:00,29.37894162264737,31.26758786981756,29.37894162264737,30.777938842773438,10830816,0.0,0.0
2016-08-24 00:00:00+08:00,31.197631534310275,31.68728045973667,30.70798260888388,30.078433990478516,8793004,0.0,0.0
2016-08-25 00:00:00+08:00,31.435899000901443,31.435899000901443,30.435665850872763,30.650001525878906,7451236,1.125,0.0
2016-08-26 00:00:00+08:00,30.4356689453125,30.935785571174442,30.4356689453125,30.4356689453125,3906088,0.0,0.0
2016-08-29 00:00:00+08:00,30.72145148819568,30.72145148819568,28.863875351700127,29.149656295776367,9397168,0.0,0.0
2016-08-30 00:00:00+08:00,29.221096702457707,29.43543237509187,27.577856545595782,27.720746994018555,14640296,0.0,0.0
2016-08-31 00:00:00+08:00,27.36351928422673,28.506642805238812,26.720512303657433,28.363752365112305,16381992,0.0,0.0
2016-09-01 00:00:00+08:00,28.435199236132437,28.6495349087666,27.72074699401856,27.720746994018555,7412808,0.0,0.0
2016-09-02 00:00:00+08:00,27.86363786969866,27.86363786969866,25.005828857421875,25.005828857421875,16668572,0.0,0.0
2016-09-05 00:00:00+08:00,25.005827716182804,25.934615602783882,24.577156383905386,25.791725158691406,16817456,0.0,0.0
2016-09-06 00:00:00+08:00,25.791723165106266,27.14918227905923,25.291606649439387,26.863401412963867,16028072,0.0,0.0
2016-09-07 00:00:00+08:00,26.791960464240354,28.149419794428532,26.57762478052643,27.577857971191406,12937788,0.0,0.0
2016-09-08 00:00:00+08:00,27.22063042453884,28.149418339286886,26.8634043034819,27.720746994018555,11319192,0.0,0.0
2016-09-09 00:00:00+08:00,27.434967515382123,27.649303199096046,27.14918660376356,27.577857971191406,5823036,0.0,0.0
2016-09-12 00:00:00+08:00,27.14918227905923,27.649298794726107,26.863401412963867,26.863401412963867,5462544,0.0,0.0
2016-09-13 00:00:00+08:00,27.292077588511034,27.434968047089626,25.077275480542863,26.00606346130371,13051628,0.0,0.0
2016-09-14 00:00:00+08:00,25.791723165106266,26.863401412963867,25.291606649439387,26.863401412963867,9299772,0.0,0.0
2016-09-19 00:00:00+08:00,27.292078018188477,27.72074940067311,27.077742326946158,27.292078018188477,6012276,0.0,0.0
2016-09-20 00:00:00+08:00,27.36351792863075,27.649298794726107,26.863401412963867,26.863401412963867,4057544,0.0,0.0
2016-09-21 00:00:00+08:00,27.077741858833715,27.363522775549637,26.72051571293881,27.149187088012695,4346248,0.0,0.0
2016-09-22 00:00:00+08:00,27.43496850977607,27.50641374027028,25.863173438903484,26.720516204833984,13500920,0.0,0.0
2016-09-23 00:00:00+08:00,26.434735253219205,27.43496847901669,26.291844792390993,27.292078018188477,8927328,0.0,0.0
2016-09-26 00:00:00+08:00,27.14918469625806,27.36352036491273,26.720513358948725,27.00629425048828,4966200,0.0,0.0
2016-09-27 00:00:00+08:00,27.00629425048828,27.00629425048828,27.00629425048828,27.00629425048828,0,0.0,0.0
2016-09-28 00:00:00+08:00,27.00629425048828,27.00629425048828,27.00629425048828,27.00629425048828,0,0.0,0.0
2016-09-29 00:00:00+08:00,27.506413233907598,27.863639379802503,27.149187088012695,27.149187088012695,6940920,0.0,0.0
2016-09-30 00:00:00+08:00,27.434967479066984,29.864105224609375,27.434967479066984,29.864105224609375,28202428,0.0,0.0
2016-10-03 00:00:00+08:00,30.292775180361684,31.721679670001386,30.292775180361684,31.150117874145508,22972448,0.0,0.0
2016-10-04 00:00:00+08:00,31.15012001718482,31.43590093477367,30.5071129526099,31.22156524658203,11052000,0.0,0.0
2016-10-05 00:00:00+08:00,31.721679670001386,32.364686690339255,31.150117874145508,31.150117874145508,11893916,0.0,0.0
2016-10-06 00:00:00+08:00,31.00723227914774,31.00723227914774,30.078444215486634,30.29277992248535,10953228,0.0,0.0
2016-10-07 00:00:00+08:00,30.650002241134644,31.507344961166382,30.578557014465332,30.864337921142578,10202760,0.0,0.0
2016-10-11 00:00:00+08:00,31.293012264796666,31.364457498277936,29.292545727321077,30.00699806213379,8397108,0.0,0.0
2016-10-12 00:00:00+08:00,30.006993275422314,30.078438497506653,29.506876720831944,29.72121238708496,4537040,0.0,0.0
2016-10-13 00:00:00+08:00,29.864108655966962,29.93555389198602,29.006765823738245,29.149656295776367,5491196,0.0,0.0
2016-10-14 00:00:00+08:00,29.00676128122678,29.00676128122678,27.649302009445233,27.792192459106445,9452992,0.0,0.0
2016-10-17 00:00:00+08:00,27.720749570612323,28.792428033393726,26.720516338683012,28.50664710998535,8132280,0.0,0.0
2016-10-18 00:00:00+08:00,28.149422911426903,28.792430033769143,27.93508720397949,27.935087203979492,5133252,0.0,0.0
2016-10-19 00:00:00+08:00,28.149421923673607,28.64953855683532,27.72075052382071,28.220867156982422,4798880,0.0,0.0
2016-10-20 00:00:00+08:00,28.22086453437805,28.64953589439392,27.363521814346313,27.434967041015625,7514192,0.0,0.0
2016-10-21 00:00:00+08:00,27.363521575927734,27.577857254068164,26.863404993600074,27.363521575927734,5341600,0.0,0.0
2016-10-24 00:00:00+08:00,27.577857971191406,27.86363888280997,27.434967515382123,27.577857971191406,2020224,0.0,0.0
2016-10-25 00:00:00+08:00,27.720753046471305,28.07797924552377,27.077745888176867,27.22063636779785,4352880,0.0,0.0
2016-10-26 00:00:00+08:00,27.220634835665344,27.220634835665344,26.148956298828125,26.148956298828125,10541452,0.0,0.0
2016-10-27 00:00:00+08:00,26.148952960968018,26.148952960968018,25.148719787597656,25.72028160095215,15823080,0.0,0.0
2016-10-28 00:00:00+08:00,25.86317229878801,26.00606275347745,25.220165252685547,25.220165252685547,7462116,0.0,0.0
2016-10-31 00:00:00+08:00,25.148720496808977,25.50594664022956,24.72004912470428,25.363056182861328,6738396,0.0,0.0
2016-11-01 00:00:00+08:00,25.363054983956474,25.434500209263394,24.862938406808038,25.005828857421875,3428208,0.0,0.0
2016-11-02 00:00:00+08:00,24.64859980628604,24.64859980628604,22.5052433013916,22.5052433013916,20906628,0.0,0.0
2016-11-03 00:00:00+08:00,22.433802172342933,22.862473551432288,20.933452345530192,21.433568954467773,21916536,0.0,0.0
2016-11-04 00:00:00+08:00,21.86223730248717,23.219696481399772,21.790792082544403,22.791025161743164,16789180,0.0,0.0
2016-11-07 00:00:00+08:00,23.076806041514235,23.076806041514235,22.005127742372707,22.791025161743164,10778800,0.0,0.0
2016-11-08 00:00:00+08:00,23.148251261457006,23.148251261457006,22.50524428197209,22.791025161743164,6313400,0.0,0.0
2016-11-09 00:00:00+08:00,23.005365007802062,23.43403640546297,21.719350814819336,21.719350814819336,14530900,0.0,0.0
2016-11-10 00:00:00+08:00,23.076809597586447,23.862707138061527,22.648138211872766,23.862707138061523,10670136,0.0,0.0
2016-11-11 00:00:00+08:00,23.64836907674031,23.71981430053711,23.005362062569123,23.71981430053711,13235948,0.0,0.0
2016-11-14 00:00:00+08:00,23.648370027542114,23.791260480880737,22.862472534179688,23.43403434753418,7726820,0.0,0.0
2016-11-15 00:00:00+08:00,23.21969938721081,23.648370760513163,22.71958278502473,23.07680892944336,7602292,0.0,0.0
2016-11-16 00:00:00+08:00,23.291144616094535,23.71981598939689,23.076808929443356,23.07680892944336,5192160,0.0,0.0
2016-11-17 00:00:00+08:00,23.076809370481932,23.791261672973633,22.86247367973442,23.791261672973633,6869604,0.0,0.0
2016-11-18 00:00:00+08:00,23.648370505824232,23.86270619016705,23.36258959336714,23.57692527770996,6499080,0.0,0.0
2016-11-21 00:00:00+08:00,23.434039174774547,23.505484416161053,23.076812967842006,23.148258209228516,4103956,0.0,0.0
2016-11-22 00:00:00+08:00,23.291148260738073,25.434505462646484,23.21970302067446,25.434505462646484,18756520,0.0,0.0
2016-11-23 00:00:00+08:00,25.720281356420273,26.36328839033078,25.077274322509766,25.077274322509766,21007708,0.0,0.0
2016-11-24 00:00:00+08:00,25.148719787597656,25.72028160095215,25.148719787597656,25.72028160095215,8056896,0.0,0.0
2016-11-25 00:00:00+08:00,25.648832732058587,27.292072712106908,25.505942299010908,26.863401412963867,23781836,0.0,0.0
2016-11-28 00:00:00+08:00,27.22062991914295,27.50641081068251,26.791958581833615,27.00629425048828,12485520,0.0,0.0
2016-11-29 00:00:00+08:00,27.149188252238485,27.506414413452152,26.506181162053892,27.50641441345215,8603672,0.0,0.0
2016-11-30 00:00:00+08:00,27.863640298648754,28.720983077068716,27.57785937250877,28.00653076171875,19050788,0.0,0.0
2016-12-01 00:00:00+08:00,28.43519758517556,28.720978465428576,27.79219060460626,28.363752365112305,12020684,0.0,0.0
2016-12-02 00:00:00+08:00,28.077975008747366,28.863872528076172,27.863639321657693,28.863872528076172,7794592,0.0,0.0
2016-12-05 00:00:00+08:00,28.578092906396712,30.50711417757849,28.578092906396712,30.4356689453125,17707308,0.0,0.0
2016-12-06 00:00:00+08:00,30.435669463021412,30.650005163465227,29.792662361689974,30.00699806213379,12683948,0.0,0.0
2016-12-07 00:00:00+08:00,30.364218306267396,31.150115721253144,30.22132786717908,31.078670501708984,15570160,0.0,0.0
2016-12-08 00:00:00+08:00,31.364456683328463,31.578792378203147,30.57855913545463,30.9357852935791,10826672,0.0,0.0
2016-12-09 00:00:00+08:00,31.15011932519064,31.15011932519064,29.864105224609375,29.864105224609375,9661832,0.0,0.0
2016-12-12 00:00:00+08:00,30.07844066848572,30.721447713655248,29.792659759521484,29.792659759521484,9156720,0.0,0.0
2016-12-13 00:00:00+08:00,29.864102831253636,30.078438497506653,28.86386972207289,29.72121238708496,12221380,0.0,0.0
2016-12-14 00:00:00+08:00,29.578326661246162,30.507114696502683,29.006764793395995,30.00699806213379,10936636,0.0,0.0
2016-12-15 00:00:00+08:00,29.792658825854325,31.007227650889153,29.792658825854325,30.650001525878906,10832376,0.0,0.0
2016-12-16 00:00:00+08:00,30.650004642110474,30.86434033890845,30.221333248514522,30.4356689453125,6273684,0.0,0.0
2016-12-19 00:00:00+08:00,30.57855464136878,31.4358972948651,30.57855464136878,30.721445083618164,11274080,0.0,0.0
2016-12-20 00:00:00+08:00,30.864338644773675,30.864338644773675,30.292776818018606,30.507112503051758,5667400,0.0,0.0
2016-12-21 00:00:00+08:00,30.721445967511432,31.007226860232468,28.863870164824693,29.29254150390625,15710032,0.0,0.0
2016-12-22 00:00:00+08:00,28.863874831637325,29.578327178955078,27.93508678012424,29.578327178955078,17014244,0.0,0.0
2016-12-23 00:00:00+08:00,29.578325059678818,29.86410597812982,28.86387276355131,28.935317993164062,6712300,0.0,0.0
2016-12-26 00:00:00+08:00,28.43519758517556,28.792423685491833,28.22086192498579,28.363752365112305,8193600,0.0,0.0
2016-12-27 00:00:00+08:00,28.506642805238812,28.649533245365323,27.935081044732772,28.363752365112305,4957400,0.0,0.0
2016-12-28 00:00:00+08:00,28.435202344100077,29.22109989632395,28.435202344100077,28.649538040161133,6309856,0.0,0.0
2016-12-29 00:00:00+08:00,28.57809066772461,28.64953589439392,28.292309761047363,28.57809066772461,3434488,0.0,0.0
2016-12-30 00:00:00+08:00,28.720978712915773,29.149650036989144,28.006526506126825,28.435197830200195,8353040,0.0,0.0
2017-01-03 00:00:00+08:00,28.363757112079725,28.86387373622219,28.14942141601867,28.649538040161133,3788900,0.0,0.0
2017-01-04 00:00:00+08:00,28.863875351700127,29.721218183928844,28.792430115681068,29.149656295776367,8498200,0.0,0.0
2017-01-05 00:00:00+08:00,29.292546305163153,29.506882009835078,28.935320130709943,29.006765365600586,5143600,0.0,0.0
2017-01-06 00:00:00+08:00,28.8638748958193,29.506882009835078,28.578093956256733,29.006765365600586,6581236,0.0,0.0
2017-01-09 00:00:00+08:00,29.149650036989144,29.292540478346933,28.3637526095213,28.435197830200195,4718900,0.0,0.0
2017-01-10 00:00:00+08:00,28.3637545023209,28.435199727767554,27.577857022407727,27.863637924194336,7393448,0.0,0.0
2017-01-11 00:00:00+08:00,27.649304877937617,27.935085806908546,27.506414413452152,27.50641441345215,3502240,0.0,0.0
2017-01-12 00:00:00+08:00,27.506415789084663,28.220868147242708,27.506415789084663,27.935087203979492,4749600,0.0,0.0
2017-01-13 00:00:00+08:00,27.792192237545745,28.292308807373047,27.64930178902366,28.292308807373047,2945616,0.0,0.0
2017-01-16 00:00:00+08:00,28.22086430298901,29.72121405074286,28.22086430298901,29.07820701599121,10594340,0.0,0.0
2017-01-17 00:00:00+08:00,29.00676082677344,29.43543216904103,28.720979931928383,28.79242515563965,5213280,0.0,0.0
2017-01-18 00:00:00+08:00,29.00676296752633,29.86410571533499,29.00676296752633,29.435434341430664,10905880,0.0,0.0
2017-01-19 00:00:00+08:00,29.86410597812982,29.93555120774257,28.93531799316406,28.935317993164062,5785376,0.0,0.0
2017-01-20 00:00:00+08:00,29.292543902255524,29.506879589345196,28.6495368409865,28.863872528076172,4188072,0.0,0.0
2017-01-23 00:00:00+08:00,29.363989370840564,29.363989370840564,28.93531799316406,28.935317993164062,2505168,0.0,0.0
2017-01-24 00:00:00+08:00,29.078208196510385,29.649770028382825,29.078208196510385,29.435434341430664,4761400,0.0,0.0
2017-02-02 00:00:00+08:00,29.721215276434872,29.721215276434872,28.863872528076172,28.863872528076172,2954800,0.0,0.0
2017-02-03 00:00:00+08:00,29.14965081622956,29.292541261407155,28.935315148463168,29.22109603881836,2977000,0.0,0.0
2017-02-06 00:00:00+08:00,29.36398884954162,31.650236156561895,29.36398884954162,30.507112503051758,16683660,0.0,0.0
2017-02-07 00:00:00+08:00,30.149883719590992,30.149883719590992,29.435431498747604,29.72121238708496,6631600,0.0,0.0
2017-02-08 00:00:00+08:00,29.792662949397645,30.078443888960212,29.006765365600586,29.006765365600586,5405012,0.0,0.0
2017-02-09 00:00:00+08:00,29.29254150390625,29.792658066168062,29.07820583436547,29.29254150390625,3953852,0.0,0.0
2017-02-10 00:00:00+08:00,29.649770028382825,30.364222318223376,29.43543434143066,29.435434341430664,7754516,0.0,0.0
2017-02-13 00:00:00+08:00,29.721218037155438,30.364225158151587,29.6497728014892,30.29277992248535,6646276,0.0,0.0
2017-02-14 00:00:00+08:00,30.36422476100461,30.578560465199935,29.578327178955078,29.578327178955078,5387912,0.0,0.0
2017-02-15 00:00:00+08:00,29.721213573982293,29.864104023857205,29.435432674232462,29.506877899169922,3285244,0.0,0.0
2017-02-16 00:00:00+08:00,29.792658066168062,29.792658066168062,29.22109628072599,29.29254150390625,2724800,0.0,0.0
2017-02-17 00:00:00+08:00,29.506879085559024,30.149886135849655,29.363988629938884,29.864105224609375,4758576,0.0,0.0
2017-02-20 00:00:00+08:00,30.078438497506653,31.435897717109093,29.72121238708496,29.72121238708496,14653788,0.0,0.0
2017-02-21 00:00:00+08:00,30.00699447373212,30.07843969866958,29.14965177448263,29.506877899169922,5715276,0.0,0.0
2017-02-22 00:00:00+08:00,29.721211944146177,30.292773712302836,29.43543106006785,30.149883270263672,4282376,0.0,0.0
2017-02-23 00:00:00+08:00,30.006993275422314,30.29277416375967,29.72121238708496,29.72121238708496,3733688,0.0,0.0
2017-02-24 00:00:00+08:00,29.792660486350936,29.792660486350936,29.43543434143066,29.435434341430664,2646648,0.0,0.0
2017-03-01 00:00:00+08:00,29.506877855041036,29.506877855041036,27.72074723427584,27.792192459106445,10756552,0.0,0.0
2017-03-02 00:00:00+08:00,28.07797307352866,28.14941829763433,25.791725902147192,26.57762336730957,15622412,0.0,0.0
2017-03-03 00:00:00+08:00,26.506185087085093,27.006301786841416,26.00606838732877,26.36329460144043,5814232,0.0,0.0
2017-03-06 00:00:00+08:00,26.36328489729699,26.863401412963867,26.36328489729699,26.863401412963867,3055144,0.0,0.0
2017-03-07 00:00:00+08:00,27.149191691080727,27.149191691080727,26.506184519449867,26.79196548461914,2506596,0.0,0.0
2017-03-08 00:00:00+08:00,26.791960484272725,26.791960484272725,25.934617748776,26.434734344482422,3945200,0.0,0.0
2017-03-09 00:00:00+08:00,26.363289116524363,27.006296168146907,26.14895343265018,26.434734344482422,3133000,0.0,0.0
2017-03-10 00:00:00+08:00,26.363287933390517,26.649068832397457,26.077507034383572,26.64906883239746,2285428,0.0,0.0
2017-03-13 00:00:00+08:00,26.649071480916895,26.720516712769218,26.0775096260983,26.291845321655273,2110196,0.0,0.0
2017-03-14 00:00:00+08:00,26.29184269317209,26.50617836730121,25.863171344913848,26.07750701904297,3400940,0.0,0.0
2017-03-15 00:00:00+08:00,26.363287694992557,27.577856504788965,26.363287694992557,26.57762336730957,5765408,0.0,0.0
2017-03-16 00:00:00+08:00,26.863404506652667,27.006294956156136,26.649068832397457,26.64906883239746,2545152,0.0,0.0
2017-03-17 00:00:00+08:00,26.863404506652667,26.863404506652667,26.43473315814225,26.64906883239746,1147888,0.0,0.0
2017-03-20 00:00:00+08:00,26.934846878051758,27.363518181150724,26.791956443685436,26.934846878051758,2323200,0.0,0.0
2017-03-21 00:00:00+08:00,27.077745888176867,27.57786256685032,27.077745888176867,27.22063636779785,3231552,0.0,0.0
2017-03-22 00:00:00+08:00,26.934846878051758,27.07773731241808,26.57762079213595,26.934846878051758,1938232,0.0,0.0
2017-03-23 00:00:00+08:00,27.14919112798736,27.57786256685032,26.7205196891244,27.22063636779785,3472900,0.0,0.0
2017-03-24 00:00:00+08:00,27.220631123834117,27.506412028021355,27.220631123834117,27.363521575927734,1627012,0.0,0.0
2017-03-27 00:00:00+08:00,28.07797408103943,28.363754987716675,27.434967041015625,27.434967041015625,3960484,0.0,0.0
2017-03-28 00:00:00+08:00,27.72074426706653,27.86363470143285,26.720511226502275,26.934846878051758,2371412,0.0,0.0
2017-03-29 00:00:00+08:00,27.22063348448122,27.506414413452152,26.649071626539357,27.50641441345215,3041244,0.0,0.0
2017-03-30 00:00:00+08:00,27.434972087229333,27.57786256685032,27.14919112798736,27.22063636779785,1548804,0.0,0.0
2017-03-31 00:00:00+08:00,27.292076349880926,27.72074770616178,27.00629544569369,27.363521575927734,2104788,0.0,0.0
2017-04-05 00:00:00+08:00,27.292072712106908,27.36351792863075,26.57762054686851,26.863401412963867,3961644,0.0,0.0
2017-04-06 00:00:00+08:00,26.791956443685436,27.00629209523492,26.64906600931911,26.934846878051758,1155280,0.0,0.0
2017-04-07 00:00:00+08:00,26.93485094018885,27.006296168146907,26.07750820469212,26.434734344482422,1753632,0.0,0.0
2017-04-10 00:00:00+08:00,26.934850920049637,28.077974566523892,26.57762478052643,27.577857971191406,5452644,0.0,0.0
2017-04-11 00:00:00+08:00,27.43496314515459,27.506408361678428,26.720510979916188,26.863401412963867,2421480,0.0,0.0
2017-04-12 00:00:00+08:00,26.791961405289733,27.50641370943079,26.291844792390993,27.292078018188477,2542400,0.0,0.0
2017-04-13 00:00:00+08:00,27.220633997451664,27.506414931808113,26.791962595916992,27.077743530273438,1280736,0.0,0.0
2017-04-14 00:00:00+08:00,27.07774139610497,27.22063185202109,26.434734344482422,26.434734344482422,1810400,0.0,0.0
2017-04-17 00:00:00+08:00,26.434736304520246,26.720517237542087,25.363057805688342,25.863174438476562,3685596,0.0,0.0
2017-04-18 00:00:00+08:00,26.07750820469212,26.434734344482422,26.07750820469212,26.434734344482422,1352400,0.0,0.0
2017-04-19 00:00:00+08:00,26.577623607645723,26.79195928190093,26.220397483887044,26.64906883239746,2038972,0.0,0.0
2017-04-20 00:00:00+08:00,26.720511226502275,26.934846878051758,26.434730357769627,26.934846878051758,1412808,0.0,0.0
2017-04-21 00:00:00+08:00,27.00629662965473,27.292077546370656,27.00629662965473,27.149187088012695,2069260,0.0,0.0
2017-04-24 00:00:00+08:00,27.29207560836628,27.29207560836628,26.43473291909823,26.57762336730957,1250988,0.0,0.0
2017-04-25 00:00:00+08:00,26.79195619644003,27.077737062535387,26.79195619644003,26.863401412963867,912280,0.0,0.0
2017-04-26 00:00:00+08:00,27.006298296684328,27.220633997451664,26.863407829506105,27.077743530273438,917688,0.0,0.0
2017-04-27 00:00:00+08:00,27.220632317191676,27.220632317191676,26.86340617129677,27.149187088012695,1149964,0.0,0.0
2017-04-28 00:00:00+08:00,27.434963965600772,28.935313557469566,27.434963965600772,27.64929962158203,11904400,0.0,0.0
2017-05-02 00:00:00+08:00,27.792192698747684,27.935083149640988,27.363521346067774,27.863637924194336,3392516,0.0,0.0
2017-05-03 00:00:00+08:00,27.863637040301064,29.506877173447027,27.792191817120806,29.29254150390625,17360356,0.0,0.0
2017-05-04 00:00:00+08:00,29.649770028382825,30.292777089239323,29.43543434143066,29.435434341430664,16836936,0.0,0.0
2017-05-05 00:00:00+08:00,29.292543902255524,29.435434360315305,28.863872528076172,28.863872528076172,4147408,0.0,0.0
2017-05-08 00:00:00+08:00,29.29254150390625,29.86410328934832,29.00676061118521,29.29254150390625,5562380,0.0,0.0
2017-05-09 00:00:00+08:00,29.0067647233794,29.506881356541115,28.006531457055974,28.220867156982422,6606816,0.0,0.0
2017-05-10 00:00:00+08:00,28.435200907018064,29.363988876342773,28.36375567860847,29.363988876342773,4469060,0.0,0.0
2017-05-11 00:00:00+08:00,30.006994955076923,30.43566631157802,29.07820701599121,29.07820701599121,14226328,0.0,0.0
2017-05-12 00:00:00+08:00,29.00676061118521,29.435431950266768,28.863870164824693,29.29254150390625,2969800,0.0,0.0
2017-05-15 00:00:00+08:00,29.078208215165848,29.721215276434872,28.863872528076172,28.863872528076172,2966500,0.0,0.0
2017-05-16 00:00:00+08:00,28.935316801071167,29.221097707748413,28.435200214385986,28.57809066772461,2646244,0.0,0.0
2017-05-17 00:00:00+08:00,28.57809066772461,28.792426347732544,28.435200214385986,28.57809066772461,1583124,0.0,0.0
2017-05-18 00:00:00+08:00,28.149418358850962,28.506644480156176,28.006527910328877,28.292308807373047,2234116,0.0,0.0
2017-05-19 00:00:00+08:00,28.43519859034158,29.43543170658475,28.43519859034158,29.22109603881836,3982692,0.0,0.0
2017-05-22 00:00:00+08:00,29.22109699942009,29.721213573982293,29.00676132460772,29.506877899169922,3863892,0.0,0.0
2017-05-23 00:00:00+08:00,29.72121238708496,30.43566460792835,29.72121238708496,29.72121238708496,11472848,0.0,0.0
2017-05-24 00:00:00+08:00,30.00699544124466,30.864338168137365,29.721214532280424,29.792659759521484,10984360,0.0,0.0
2017-05-25 00:00:00+08:00,30.435669463021412,30.650005163465227,29.935552828652515,30.00699806213379,7081140,0.0,0.0
2017-05-26 00:00:00+08:00,30.435666804691014,30.435666804691014,29.578324077798307,29.792659759521484,3851000,0.0,0.0
2017-05-31 00:00:00+08:00,29.721212842987804,29.93554851252858,29.149651057545732,29.29254150390625,3153452,0.0,0.0
2017-06-01 00:00:00+08:00,29.435437239852604,29.578327711890726,29.078211059757308,29.149656295776367,1873796,0.0,0.0
2017-06-02 00:00:00+08:00,29.363986276663265,30.29277416375967,29.149650610410248,29.72121238708496,6370000,0.0,0.0
2017-06-05 00:00:00+08:00,29.86410238618534,30.292773712302836,29.79265716516576,30.149883270263672,2546200,0.0,0.0
2017-06-06 00:00:00+08:00,29.86410571533499,29.935550944319047,29.43543434143066,29.435434341430664,3234196,0.0,0.0
2017-06-07 00:00:00+08:00,29.43543434143066,29.649770028382825,29.078208196510385,29.435434341430664,2614528,0.0,0.0
2017-06-08 00:00:00+08:00,29.435437239852604,29.578327711890726,29.149656295776367,29.149656295776367,1929220,0.0,0.0
2017-06-09 00:00:00+08:00,29.1496524810791,29.292542934417725,28.57809066772461,28.57809066772461,3922212,0.0,0.0
2017-06-12 00:00:00+08:00,28.363756919393733,28.506647382463726,28.00653076171875,28.00653076171875,3248400,0.0,0.0
2017-06-13 00:00:00+08:00,28.07797622680664,28.363757155323757,28.07797622680664,28.07797622680664,1389644,0.0,0.0
2017-06-14 00:00:00+08:00,28.363755478142455,28.435200706047095,27.434967515382123,27.577857971191406,2472636,0.0,0.0
2017-06-15 00:00:00+08:00,27.720748427000686,27.86363888280997,27.506412743286763,27.577857971191406,1061276,0.0,0.0
2017-06-16 00:00:00+08:00,27.72074983557876,28.00653076171875,27.57785937250877,28.00653076171875,1544516,0.0,0.0
2017-06-19 00:00:00+08:00,28.006525714884123,28.14941615220496,27.64929962158203,27.64929962158203,1484920,0.0,0.0
2017-06-20 00:00:00+08:00,27.863640298648754,28.43520215092873,27.79219506711376,28.00653076171875,3263596,0.0,0.0
2017-06-21 00:00:00+08:00,28.00652789086411,28.220863563498273,27.577856545595782,27.720746994018555,1453428,0.0,0.0
2017-06-22 00:00:00+08:00,28.006525714884123,28.006525714884123,27.64929962158203,27.64929962158203,1367400,0.0,0.0
2017-06-23 00:00:00+08:00,27.72074484024245,27.863635277563287,27.577854402921613,27.64929962158203,732800,0.0,0.0
2017-06-26 00:00:00+08:00,27.72074484024245,27.792190058902868,27.220628309619517,27.64929962158203,2190400,0.0,0.0
2017-06-27 00:00:00+08:00,27.577856703269102,27.577856703269102,24.93438339233398,24.934383392333984,17608836,0.0,0.0
2017-06-28 00:00:00+08:00,22.7195823112882,23.934151176985996,22.648137083894213,23.50547981262207,30067972,0.0,0.0
2017-06-29 00:00:00+08:00,23.93415093421936,24.077041387557983,23.291143894195557,23.43403434753418,11050080,0.0,0.0
2017-06-30 00:00:00+08:00,23.07681137229366,23.07681137229366,22.005132825592714,22.64813995361328,14451240,0.0,0.0
2017-07-03 00:00:00+08:00,23.076811138587665,23.291146845757208,22.505249252802212,22.57669448852539,7565912,0.0,0.0
2017-07-04 00:00:00+08:00,22.50524452328682,23.076806288957595,22.362354081869125,22.862470626831055,5463816,0.0,0.0
2017-07-05 00:00:00+08:00,23.219696730375286,23.219696730375286,22.50524452328682,22.862470626831055,5860000,0.0,0.0
2017-07-06 00:00:00+08:00,23.005362504683198,23.005362504683198,22.576691153664257,22.719581604003906,3866000,0.0,0.0
2017-07-07 00:00:00+08:00,22.719582080841064,22.862472534179688,22.290910720825195,22.290910720825195,4076004,0.0,0.0
2017-07-10 00:00:00+08:00,22.505249091778982,22.505249091778982,21.719351504447015,21.933687210083008,5566060,0.0,0.0
2017-07-11 00:00:00+08:00,21.933684821326892,22.433801413344117,21.86223959389586,22.362356185913086,3695620,0.0,0.0
2017-07-12 00:00:00+08:00,22.219467573076763,22.93391990661621,22.219467573076763,22.93391990661621,3873812,0.0,0.0
2017-07-13 00:00:00+08:00,23.076806288957595,23.219696730375286,22.862470626831055,22.862470626831055,3034572,0.0,0.0
2017-07-14 00:00:00+08:00,22.86247566295347,22.86247566295347,22.505249480719822,22.64813995361328,2204012,0.0,0.0
2017-07-17 00:00:00+08:00,22.64813733556468,22.791027791940483,22.433801651000977,22.433801651000977,2276400,0.0,0.0
2017-07-18 00:00:00+08:00,22.43380478494037,22.50525002310897,22.14802383226597,22.21946907043457,2979604,0.0,0.0
2017-07-19 00:00:00+08:00,22.29090862214378,22.86247038168593,22.29090862214378,22.791025161743164,4466000,0.0,0.0
2017-07-20 00:00:00+08:00,23.076812967842006,23.576929657547563,23.0053677264555,23.148258209228516,6577252,0.0,0.0
2017-07-21 00:00:00+08:00,23.36258692128531,23.43403214122808,22.791025161743164,22.791025161743164,2692500,0.0,0.0
2017-07-24 00:00:00+08:00,22.79103042650674,23.00536613584693,22.505249480719822,22.64813995361328,1612412,0.0,0.0
2017-07-25 00:00:00+08:00,22.648133735051232,22.719578951881047,22.29090765090216,22.5052433013916,4290612,0.0,0.0
2017-07-26 00:00:00+08:00,22.576691868206183,22.71958232306825,22.290910958482055,22.362356185913086,2861876,0.0,0.0
2017-07-27 00:00:00+08:00,22.433798084561786,22.576688518221417,22.433798084561786,22.5052433013916,1938400,0.0,0.0
2017-07-28 00:00:00+08:00,22.648134721857627,23.505477361170847,22.576689501914856,22.791025161743164,7072820,0.0,0.0
2017-07-31 00:00:00+08:00,22.933917279513377,23.076807729853023,22.64813637883408,22.719581604003906,2264832,0.0,0.0
2017-08-01 00:00:00+08:00,23.005362504683198,23.005362504683198,22.64813637883408,22.719581604003906,1617560,0.0,0.0
2017-08-02 00:00:00+08:00,22.862474673262266,23.219700840031987,22.64813897320043,22.93391990661621,4819432,0.0,0.0
2017-08-03 00:00:00+08:00,23.076806041514235,23.148251261457006,22.576689501914856,22.791025161743164,3626272,0.0,0.0
2017-08-04 00:00:00+08:00,22.86247566295347,23.00536613584693,22.57669471716655,22.64813995361328,2468720,0.0,0.0
2017-08-07 00:00:00+08:00,22.86247324279218,23.434035073861985,22.71958278502473,23.07680892944336,5709112,0.0,0.0
2017-08-08 00:00:00+08:00,23.14825660874039,23.219701845187117,22.64813995361328,22.64813995361328,2509896,0.0,0.0
2017-08-09 00:00:00+08:00,22.64813733556468,22.862473020128384,22.433801651000977,22.433801651000977,2833680,0.0,0.0
2017-08-10 00:00:00+08:00,22.576689197171117,22.862470073084676,22.148017883300778,22.14801788330078,3301608,0.0,0.0
2017-08-11 00:00:00+08:00,22.00512981414795,22.50524640083313,22.00512981414795,22.290910720825195,2060840,0.0,0.0
2017-08-14 00:00:00+08:00,22.933917760849,23.00536298751831,22.290910720825195,22.290910720825195,5885320,0.0,0.0
2017-08-15 00:00:00+08:00,22.719584206554376,23.0768103733241,22.64813897320043,22.93391990661621,5314808,0.0,0.0
2017-08-16 00:00:00+08:00,23.076809565226238,24.862940336528577,23.076809565226238,24.434268951416016,24163828,0.0,0.0
2017-08-17 00:00:00+08:00,24.862938639026343,24.934383865000555,24.00559592733578,24.505712509155273,9205652,0.0,0.0
2017-08-18 00:00:00+08:00,24.077040680692342,24.505712028123067,23.86270500697698,24.362821578979492,5378580,0.0,0.0
2017-08-21 00:00:00+08:00,24.720047956194197,25.148719308035716,24.43426705496652,25.005828857421875,8651712,0.0,0.0
2017-08-22 00:00:00+08:00,25.148719066193586,25.220164290813454,24.577157269234643,24.934383392333984,5313360,0.0,0.0
2017-08-23 00:00:00+08:00,25.005830798232765,25.148721259936952,24.434268951416016,24.434268951416016,5259260,0.0,0.0
2017-08-24 00:00:00+08:00,24.648603200912476,24.86293888092041,24.43426752090454,24.577157974243164,3739300,0.0,0.0
2017-08-25 00:00:00+08:00,24.720047921490817,24.86293837190406,24.505712245870956,23.2911434173584,8792692,0.0,0.0
2017-08-28 00:00:00+08:00,25.270128631591795,25.498473167419434,24.8895544052124,25.11789894104004,5905196,2.5,0.0
2017-08-29 00:00:00+08:00,25.11789778258903,25.11789778258903,24.813438415527344,24.813438415527344,1827444,0.0,0.0
2017-08-30 00:00:00+08:00,25.117899518494212,25.27012921254569,24.81344013039125,24.889554977416992,2877496,0.0,0.0
2017-08-31 00:00:00+08:00,25.117899518494212,25.27012921254569,24.81344013039125,24.889554977416992,2545152,0.0,0.0
2017-09-01 00:00:00+08:00,25.04178409576416,25.422358322143555,24.8895544052124,25.11789894104004,4098516,0.0,0.0
2017-09-04 00:00:00+08:00,25.1178993248358,25.49847355703028,24.813439939080215,24.965669631958008,3235200,0.0,0.0
2017-09-05 00:00:00+08:00,25.270128631591795,25.270128631591795,24.96566925048828,25.11789894104004,2621840,0.0,0.0
2017-09-06 00:00:00+08:00,25.422357949597096,26.640195456164623,25.422357949597096,26.03127670288086,15687624,0.0,0.0
2017-09-07 00:00:00+08:00,26.487966548761673,26.792425934379622,25.422358699098847,25.726818084716797,8171668,0.0,0.0
2017-09-08 00:00:00+08:00,25.879047777525773,25.95516262393026,25.498473545503334,25.726818084716797,2835632,0.0,0.0
2017-09-11 00:00:00+08:00,26.183507163143723,26.183507163143723,25.726818084716797,25.726818084716797,2870408,0.0,0.0
2017-09-12 00:00:00+08:00,26.031275165782255,26.183504845114314,25.726815807118136,25.879045486450195,2606604,0.0,0.0
2017-09-13 00:00:00+08:00,26.03127613896909,27.172998776643173,25.87904645394588,26.259620666503906,12801940,0.0,0.0
2017-09-14 00:00:00+08:00,26.411854591035983,26.487969445765195,26.031280317389932,26.10739517211914,3257268,0.0,0.0
2017-09-15 00:00:00+08:00,26.107392316739237,26.25962200954821,25.422358699098847,25.726818084716797,3899916,0.0,0.0
2017-09-18 00:00:00+08:00,25.726819858724948,25.879049562031014,24.88955649054159,25.041786193847656,4337344,0.0,0.0
2017-09-19 00:00:00+08:00,25.194013595581055,25.422358129679978,25.041783906181774,25.194013595581055,1710288,0.0,0.0
2017-09-20 00:00:00+08:00,25.270130157470703,25.6507044068302,24.9656707579831,25.270130157470703,2141376,0.0,0.0
2017-09-21 00:00:00+08:00,25.65070323831231,26.03127747033475,25.422358699098847,25.726818084716797,4160016,0.0,0.0
2017-09-22 00:00:00+08:00,26.031278057952427,26.031278057952427,25.422359272971082,25.49847412109375,2291744,0.0,0.0
2017-09-25 00:00:00+08:00,25.726815807118136,26.487964203778436,25.498471288120044,25.879045486450195,6504800,0.0,0.0
2017-09-26 00:00:00+08:00,25.955164413684045,26.183508968643142,24.88955649054159,25.041786193847656,4162600,0.0,0.0
2017-09-27 00:00:00+08:00,25.194013030229215,25.49847240219573,25.117898187237586,25.4223575592041,1576812,0.0,0.0
2017-09-28 00:00:00+08:00,25.65070683977245,25.955166268137702,25.270132554315886,25.802936553955078,2432836,0.0,0.0
2017-09-29 00:00:00+08:00,25.72682099442582,25.802935849438917,25.270131864347256,25.34624671936035,2120412,0.0,0.0
2017-10-02 00:00:00+08:00,25.34624423299517,26.031277860913956,25.194014537902106,25.574588775634766,2861000,0.0,0.0
2017-10-03 00:00:00+08:00,25.802931774162246,25.802931774162246,25.4223575592041,25.4223575592041,1581760,0.0,0.0
2017-10-05 00:00:00+08:00,25.49847642938654,25.650706139412726,25.34624671936035,25.34624671936035,1370416,0.0,0.0
2017-10-06 00:00:00+08:00,25.650707244873047,26.031281536340007,25.34624781169948,25.650707244873047,3791000,0.0,0.0
2017-10-11 00:00:00+08:00,25.72682099442582,25.955165559465105,25.34624671936035,25.34624671936035,2355612,0.0,0.0
2017-10-12 00:00:00+08:00,25.42236226849851,26.183510839411642,25.42236226849851,25.802936553955078,4320752,0.0,0.0
2017-10-13 00:00:00+08:00,25.650703623181297,25.72681847072783,25.34624423299517,25.574588775634766,2601396,0.0,0.0
2017-10-16 00:00:00+08:00,25.726818084716797,26.183507163143723,25.65070323831231,25.726818084716797,4562796,0.0,0.0
2017-10-17 00:00:00+08:00,25.726818665461757,26.031278057952427,25.498474121093754,25.49847412109375,2137320,0.0,0.0
2017-10-18 00:00:00+08:00,25.5745895569583,25.6507044068302,25.194015307598804,25.270130157470703,2522200,0.0,0.0
2017-10-19 00:00:00+08:00,25.422359272971082,25.65070381733909,25.346244424848415,25.49847412109375,1357200,0.0,0.0
2017-10-20 00:00:00+08:00,25.650706139412726,25.650706139412726,25.270131864347256,25.34624671936035,1221660,0.0,0.0
2017-10-23 00:00:00+08:00,25.49847642938654,25.802935849438917,25.34624671936035,25.34624671936035,1803408,0.0,0.0
2017-10-24 00:00:00+08:00,25.270131864347256,25.574591284399634,25.19401700933416,25.34624671936035,1277332,0.0,0.0
2017-10-25 00:00:00+08:00,25.498473167419434,25.498473167419434,25.11789894104004,25.11789894104004,1796516,0.0,0.0
2017-10-26 00:00:00+08:00,25.117898550092807,25.117898550092807,24.28063526508971,24.50897979736328,5268064,0.0,0.0
2017-10-27 00:00:00+08:00,24.50897863376066,24.81343799567073,24.05228959089555,24.204519271850586,3152840,0.0,0.0
2017-10-30 00:00:00+08:00,24.35675067961403,24.585095217235413,22.834453762138153,24.280635833740234,4940596,0.0,0.0
2017-10-31 00:00:00+08:00,24.356748952805624,24.43286379328314,23.823945069463,24.204519271850586,984400,0.0,0.0
2017-11-01 00:00:00+08:00,24.28063754439354,24.432867246866227,24.204522693157198,24.356752395629883,1000564,0.0,0.0
2017-11-02 00:00:00+08:00,24.508981509843476,24.66121120866238,24.432866660434026,24.58509635925293,1297600,0.0,0.0
2017-11-03 00:00:00+08:00,24.585095803948896,24.66121065163914,24.052291870117188,24.052291870117188,1573060,0.0,0.0
2017-11-06 00:00:00+08:00,24.05229015047588,24.12840499272422,23.747830781482513,23.97617530822754,1037196,0.0,0.0
2017-11-07 00:00:00+08:00,23.976174750418036,24.356748952805624,23.823945069463,24.204519271850586,784392,0.0,0.0
2017-11-08 00:00:00+08:00,23.82394390956611,23.90005874633789,23.443369725707228,23.90005874633789,2397272,0.0,0.0
2017-11-09 00:00:00+08:00,23.90006700129371,24.20452645353949,23.59560754904793,23.671722412109375,1719204,0.0,0.0
2017-11-10 00:00:00+08:00,23.67171423602256,23.976173583109667,23.367254888935452,23.90005874633789,1274596,0.0,0.0
2017-11-13 00:00:00+08:00,24.280634112328105,24.585093474238175,24.204519271850586,24.204519271850586,3126200,0.0,0.0
2017-11-14 00:00:00+08:00,24.20451945837364,24.43286398156584,23.900060094117364,24.12840461730957,1106600,0.0,0.0
2017-11-15 00:00:00+08:00,24.128407841920854,24.585096949338915,24.05229299068451,24.356752395629883,992964,0.0,0.0
2017-11-16 00:00:00+08:00,24.280634112328105,24.585093474238175,24.12840443137307,24.204519271850586,958480,0.0,0.0
2017-11-17 00:00:00+08:00,24.356748952805624,24.43286379328314,24.12840443137307,24.204519271850586,856048,0.0,0.0
2017-11-20 00:00:00+08:00,24.280634112328105,24.50897863376066,24.05228959089555,24.204519271850586,1022728,0.0,0.0
2017-11-21 00:00:00+08:00,24.508980371361616,24.508980371361616,24.20452098786644,24.280635833740234,882600,0.0,0.0
2017-11-22 00:00:00+08:00,24.43286398156584,24.50897882262991,24.12840461730957,24.12840461730957,1126420,0.0,0.0
2017-11-23 00:00:00+08:00,24.356752528970365,25.42236045211282,24.128407974011267,25.041786193847656,4681252,0.0,0.0
2017-11-24 00:00:00+08:00,25.270130748806753,25.42236045211282,24.965671342194625,25.041786193847656,3721420,0.0,0.0
2017-11-27 00:00:00+08:00,25.194014171274695,25.270129017713593,24.965669631958008,24.965669631958008,1031856,0.0,0.0
2017-11-28 00:00:00+08:00,25.194014171274695,25.194014171274695,24.88955478551911,24.965669631958008,900824,0.0,0.0
2017-11-29 00:00:00+08:00,25.117897089789896,26.564079043444465,25.041782250123866,25.879045486450195,10078388,0.0,0.0
2017-11-30 00:00:00+08:00,25.498477528286262,25.72682210316644,25.194018095112696,25.650707244873047,4238604,0.0,0.0
2017-12-01 00:00:00+08:00,25.879047789224764,25.879047789224764,24.965669631958008,24.965669631958008,3391996,0.0,0.0
2017-12-04 00:00:00+08:00,24.96566982444273,24.96566982444273,24.58509558931403,24.889554977416992,1475676,0.0,0.0
2017-12-05 00:00:00+08:00,24.737326787235528,25.80293471037798,24.661211935582493,25.041786193847656,3435428,0.0,0.0
2017-12-06 00:00:00+08:00,25.19401555640675,25.19401555640675,24.356752199547312,24.4328670501709,2754200,0.0,0.0
2017-12-07 00:00:00+08:00,24.204518093424998,24.204518093424998,23.367254888935452,23.90005874633789,3486636,0.0,0.0
2017-12-08 00:00:00+08:00,23.823945623730854,24.12840499272422,23.671715939234172,23.97617530822754,1644904,0.0,0.0
2017-12-11 00:00:00+08:00,24.204521565497675,24.204521565497675,23.9000621747367,24.052291870117188,1125588,0.0,0.0
2017-12-12 00:00:00+08:00,23.97617530822754,24.356749519469247,23.900060465979198,23.97617530822754,841232,0.0,0.0
2017-12-13 00:00:00+08:00,24.052291870117188,24.204521565497675,23.9000621747367,24.052291870117188,760508,0.0,0.0
2017-12-14 00:00:00+08:00,24.204522693157198,24.813441503047944,24.128407841920854,24.356752395629883,1982840,0.0,0.0
2017-12-15 00:00:00+08:00,24.280634677220903,24.356749519469247,23.97617530822754,23.97617530822754,1256504,0.0,0.0
2017-12-18 00:00:00+08:00,23.976174935181433,24.50897882262991,23.976174935181433,24.12840461730957,952404,0.0,0.0
2017-12-19 00:00:00+08:00,24.12840325665322,24.204518093424998,23.82394390956611,23.90005874633789,1244508,0.0,0.0
2017-12-20 00:00:00+08:00,24.204518093424998,24.280632930196774,23.90005874633789,23.90005874633789,1073308,0.0,0.0
2017-12-21 00:00:00+08:00,24.052291870117188,24.43286610856841,23.976177022426942,24.052291870117188,1423744,0.0,0.0
2017-12-22 00:00:00+08:00,23.97617530822754,24.05229015047588,23.823945623730854,23.97617530822754,908684,0.0,0.0
2017-12-25 00:00:00+08:00,23.97617760557717,23.97617760557717,23.82394790649414,23.82394790649414,776400,0.0,0.0
2017-12-26 00:00:00+08:00,23.900065694536483,23.900065694536483,23.443376541137695,23.443376541137695,1408996,0.0,0.0
2017-12-27 00:00:00+08:00,23.215029880066904,23.59560414039587,23.215029880066904,23.519489288330078,765460,0.0,0.0
2017-12-28 00:00:00+08:00,23.59560355162009,24.05229265261919,23.59560355162009,23.747833251953125,568076,0.0,0.0
2017-12-29 00:00:00+08:00,23.747833056952626,23.82394790649414,23.67171820741111,23.82394790649414,624912,0.0,0.0
2018-01-02 00:00:00+08:00,23.97617645024506,24.661210063109205,23.823946758497474,24.280635833740234,1992300,0.0,0.0
2018-01-03 00:00:00+08:00,24.356751853284745,24.508981552367775,23.747833056952626,23.82394790649414,2315812,0.0,0.0
2018-01-04 00:00:00+08:00,23.82394390956611,24.280632930196774,23.82394390956611,23.90005874633789,1075468,0.0,0.0
2018-01-05 00:00:00+08:00,24.052292455118685,24.1284073046602,23.747833056952626,23.82394790649414,945792,0.0,0.0
2018-01-08 00:00:00+08:00,24.0522897762455,24.58509366369398,24.0522897762455,24.12840461730957,3030008,0.0,0.0
2018-01-09 00:00:00+08:00,24.052291870117188,24.356751260878163,23.9000621747367,24.052291870117188,1088840,0.0,0.0
2018-01-10 00:00:00+08:00,24.20451983497256,24.20451983497256,23.900060465979198,23.97617530822754,1007600,0.0,0.0
2018-01-11 00:00:00+08:00,23.976174935181433,24.12840461730957,23.900060094117364,24.12840461730957,559708,0.0,0.0
2018-01-12 00:00:00+08:00,24.12840443137307,24.356748952805624,24.05228959089555,24.204519271850586,829424,0.0,0.0
2018-01-15 00:00:00+08:00,24.20452042099852,24.508979797363285,24.12840557690733,24.50897979736328,1364080,0.0,0.0
2018-01-16 00:00:00+08:00,24.508980371361616,24.508980371361616,24.280635833740234,24.280635833740234,924212,0.0,0.0
2018-01-17 00:00:00+08:00,24.508981316177934,25.041785257833975,24.43286646736993,24.661211013793945,3129208,0.0,0.0
2018-01-18 00:00:00+08:00,25.04178484280904,26.031277860913956,24.96566999526251,25.574588775634766,11250244,0.0,0.0
2018-01-19 00:00:00+08:00,25.879046617153875,26.107391146128762,25.346242716212473,25.4223575592041,4670084,0.0,0.0
2018-01-22 00:00:00+08:00,25.574588391907824,25.879047777525773,25.422358699098847,25.726818084716797,2703940,0.0,0.0
2018-01-23 00:00:00+08:00,25.87904719787782,25.87904719787782,25.194013595581055,25.194013595581055,2308376,0.0,0.0
2018-01-24 00:00:00+08:00,25.270130157470703,25.6507044068302,25.1179004577269,25.270130157470703,1931200,0.0,0.0
2018-01-25 00:00:00+08:00,25.27012746611987,25.422357149650715,24.813438415527344,24.813438415527344,2630192,0.0,0.0
2018-01-26 00:00:00+08:00,25.270129576725747,26.107392906075095,24.965670184235076,25.49847412109375,7293416,0.0,0.0
2018-01-29 00:00:00+08:00,25.574590155418882,25.650705007071917,25.041786193847656,25.041786193847656,3124760,0.0,0.0
2018-01-30 00:00:00+08:00,25.117900106641983,25.117900106641983,24.661211013793945,24.661211013793945,2163216,0.0,0.0
2018-01-31 00:00:00+08:00,24.50898055332463,25.270129017713593,24.432865706885732,24.965669631958008,1557308,0.0,0.0
2018-02-01 00:00:00+08:00,24.965669061482135,25.270128440280697,24.813439372082854,25.194013595581055,1209952,0.0,0.0
2018-02-02 00:00:00+08:00,25.270130157470703,25.6507044068302,25.041785607855,25.270130157470703,2443248,0.0,0.0
2018-02-05 00:00:00+08:00,24.88955478551911,25.041784478396902,24.432865706885732,24.965669631958008,2935096,0.0,0.0
2018-02-06 00:00:00+08:00,24.508981552367775,24.58509640190929,23.215029110162025,23.82394790649414,4712344,0.0,0.0
2018-02-07 00:00:00+08:00,24.356751260878163,24.66121065163914,24.052291870117188,24.052291870117188,3173960,0.0,0.0
2018-02-08 00:00:00+08:00,23.900061416625977,24.052291107177734,23.59560203552246,23.59560203552246,1957920,0.0,0.0
2018-02-09 00:00:00+08:00,23.59560203552246,23.59560203552246,23.59560203552246,23.59560203552246,0,0.0,0.0
2018-02-12 00:00:00+08:00,23.747831726074217,23.747831726074217,23.4433723449707,23.59560203552246,872996,0.0,0.0
2018-02-21 00:00:00+08:00,23.90006700129371,23.90006700129371,23.671722412109375,23.671722412109375,729404,0.0,0.0
2018-02-22 00:00:00+08:00,23.595604943447427,23.595604943447427,23.21503067016602,23.215030670166016,1576424,0.0,0.0
2018-02-23 00:00:00+08:00,23.367261886596683,23.671721324858527,23.215032167465758,23.36726188659668,1664996,0.0,0.0
2018-02-26 00:00:00+08:00,23.44337311289669,23.671717656204123,23.2911434173584,23.2911434173584,804816,0.0,0.0
2018-02-27 00:00:00+08:00,23.443376541137695,23.59560625893729,23.2911468233381,23.443376541137695,972236,0.0,0.0
2018-03-01 00:00:00+08:00,23.291143806357134,23.367258655397517,23.062799259235987,23.138914108276367,1241080,0.0,0.0
2018-03-02 00:00:00+08:00,22.986685323869526,23.59560414039587,22.986685323869526,23.519489288330078,936060,0.0,0.0
2018-03-05 00:00:00+08:00,23.595603202518667,23.595603202518667,23.138914108276367,23.138914108276367,708096,0.0,0.0
2018-03-06 00:00:00+08:00,23.291145524822298,23.443375234134862,23.138915815509737,23.215030670166016,510000,0.0,0.0
2018-03-07 00:00:00+08:00,23.21503067016602,23.443375234134862,23.21503067016602,23.215030670166016,770448,0.0,0.0
2018-03-08 00:00:00+08:00,23.443375234134862,23.519490088791144,23.138915815509737,23.215030670166016,1228000,0.0,0.0
2018-03-09 00:00:00+08:00,23.291145524822298,23.36726037947858,23.138915815509737,23.215030670166016,773492,0.0,0.0
2018-03-12 00:00:00+08:00,23.443376746162144,23.443376746162144,23.215032167465758,23.36726188659668,1065880,0.0,0.0
2018-03-13 00:00:00+08:00,23.44337782292504,23.74783727517082,23.367262959863595,23.671722412109375,1586172,0.0,0.0
2018-03-14 00:00:00+08:00,23.671722412109375,23.823952138232265,23.519492685986485,23.671722412109375,936688,0.0,0.0
2018-03-15 00:00:00+08:00,23.595599399250784,23.976173583109667,23.595599399250784,23.90005874633789,1065364,0.0,0.0
2018-03-16 00:00:00+08:00,23.900061416625977,23.976176261901855,23.519487190246583,23.59560203552246,1096560,0.0,0.0
2018-03-19 00:00:00+08:00,23.671722412109375,23.976181864355155,23.59560754904793,23.671722412109375,924848,0.0,0.0
2018-03-20 00:00:00+08:00,23.74783727517082,23.74783727517082,23.519492685986485,23.671722412109375,783396,0.0,0.0
2018-03-21 00:00:00+08:00,23.671718401786606,23.976177802452675,23.671718401786606,23.747833251953125,672396,0.0,0.0
2018-03-22 00:00:00+08:00,23.747833251953125,24.05229265261919,23.671718401786606,23.747833251953125,786084,0.0,0.0
2018-03-23 00:00:00+08:00,23.44337385128706,24.128407502785706,23.36725900112054,23.747833251953125,1842912,0.0,0.0
2018-03-26 00:00:00+08:00,23.595603130481862,24.737325862601953,23.595603130481862,24.661211013793945,2876264,0.0,0.0
2018-03-27 00:00:00+08:00,24.813441503047944,25.041786056756973,24.356752395629883,24.356752395629883,2690804,0.0,0.0
2018-03-28 00:00:00+08:00,25.1179004577269,26.183508355933498,25.1179004577269,25.270130157470703,19666692,0.0,0.0
2018-03-29 00:00:00+08:00,25.65070381733909,25.802933513584424,25.270129576725747,25.49847412109375,5369364,0.0,0.0
2018-03-30 00:00:00+08:00,25.72682099442582,25.802935849438917,25.270131864347256,25.34624671936035,2969744,0.0,0.0
2018-04-02 00:00:00+08:00,25.802931774162246,26.031276303137133,25.4223575592041,25.4223575592041,2126192,0.0,0.0
2018-04-03 00:00:00+08:00,25.422358699098847,25.879047777525773,25.270129006289874,25.726818084716797,3098456,0.0,0.0
2018-04-09 00:00:00+08:00,25.879048165820894,26.10739270846049,25.574588775634766,25.574588775634766,4195296,0.0,0.0
2018-04-10 00:00:00+08:00,25.574586833181556,25.650701674946976,24.813438415527344,24.813438415527344,4473200,0.0,0.0
2018-04-11 00:00:00+08:00,24.81344013039125,25.04178467146847,24.661210436339772,24.889554977416992,1481340,0.0,0.0
2018-04-12 00:00:00+08:00,24.889555560217964,25.041785257833975,24.58509616498594,24.661211013793945,840124,0.0,0.0
2018-04-13 00:00:00+08:00,24.8895544052124,25.346243476867674,24.813439559936523,25.11789894104004,1871460,0.0,0.0
2018-04-16 00:00:00+08:00,25.0417869919997,25.0417869919997,24.66121272160457,24.737327575683594,1222544,0.0,0.0
2018-04-17 00:00:00+08:00,24.7373266518116,24.813441503047944,24.356752395629883,24.356752395629883,1049132,0.0,0.0
2018-04-18 00:00:00+08:00,24.66121120866238,24.813440907481283,24.432866660434026,24.58509635925293,976980,0.0,0.0
2018-04-19 00:00:00+08:00,24.737326058071833,24.889555756890736,24.508981509843476,24.58509635925293,944400,0.0,0.0
2018-04-20 00:00:00+08:00,24.661211935582493,25.49847530376585,24.661211935582493,25.041786193847656,3800400,0.0,0.0
2018-04-23 00:00:00+08:00,24.965670606300186,25.04178545570964,24.58509635925293,24.58509635925293,1464728,0.0,0.0
2018-04-24 00:00:00+08:00,24.66121065163914,24.66121065163914,23.74783247935621,24.052291870117188,1917156,0.0,0.0
2018-04-25 00:00:00+08:00,24.05229299068451,24.585096949338915,23.82394843697548,24.356752395629883,792704,0.0,0.0
2018-04-26 00:00:00+08:00,24.432867050170895,24.88955615391241,24.356752199547312,24.4328670501709,1408060,0.0,0.0
2018-04-27 00:00:00+08:00,24.50898190079448,24.813441303288823,23.976177946429384,24.4328670501709,932400,0.0,0.0
2018-04-30 00:00:00+08:00,24.432867246866227,24.50898209810257,24.128407841920854,24.356752395629883,688000,0.0,0.0
2018-05-02 00:00:00+08:00,24.508980371361616,24.737324908983,24.280635833740234,24.280635833740234,679536,0.0,0.0
2018-05-03 00:00:00+08:00,24.28063696161512,25.270130003937993,24.28063696161512,24.58509635925293,1940248,0.0,0.0
2018-05-04 00:00:00+08:00,24.965668099058185,25.27012746611987,24.58509389023108,24.813438415527344,1833200,0.0,0.0
2018-05-07 00:00:00+08:00,24.889555756890736,25.11790030511909,24.432866660434026,24.58509635925293,901600,0.0,0.0
2018-05-08 00:00:00+08:00,24.356748952805624,24.43286379328314,24.05228959089555,24.204519271850586,1512796,0.0,0.0
2018-05-09 00:00:00+08:00,24.356752199547312,24.432867050170895,23.74783339455863,24.4328670501709,1304972,0.0,0.0
2018-05-10 00:00:00+08:00,24.661214087058955,25.72682210316644,24.356754653885385,25.650707244873047,6570892,0.0,0.0
2018-05-11 00:00:00+08:00,26.107392316739237,26.183507163143723,25.422358699098847,25.726818084716797,6102448,0.0,0.0
2018-05-14 00:00:00+08:00,26.10739266470577,27.096885681152347,25.65070358019197,27.096885681152344,16567004,0.0,0.0
2018-05-15 00:00:00+08:00,27.401347402798926,28.010266233972235,26.71631371772895,26.944658279418945,9495888,0.0,0.0
2018-05-16 00:00:00+08:00,26.944658080624865,27.55357690730565,26.64019866728447,27.02077293395996,6035680,0.0,0.0
2018-05-17 00:00:00+08:00,27.40134666705954,29.532562518941944,27.24911696335365,28.69529914855957,21070320,0.0,0.0
2018-05-18 00:00:00+08:00,29.0758724622829,29.380331859793714,28.16249426975045,28.31472396850586,10823288,0.0,0.0
2018-05-21 00:00:00+08:00,28.466956603754443,28.923645747130184,27.629693174232255,27.934152603149414,6759792,0.0,0.0
2018-05-22 00:00:00+08:00,28.08638377189636,28.23861349423726,27.325235160191852,27.401350021362305,5739340,0.0,0.0
2018-05-23 00:00:00+08:00,27.629693174232255,28.390841746525155,27.401348602544385,27.934152603149414,4928720,0.0,0.0
2018-05-24 00:00:00+08:00,28.010264570995044,28.619183366016674,27.705805173484226,28.31472396850586,4766308,0.0,0.0
2018-05-25 00:00:00+08:00,28.923641975889815,29.684790448939548,28.619182586669922,28.619182586669922,13350156,0.0,0.0
2018-05-28 00:00:00+08:00,29.151987806383932,30.141480865086262,29.075872955714523,29.60867691040039,12304428,0.0,0.0
2018-05-29 00:00:00+08:00,29.684790448939548,29.913134990854466,28.619182586669922,28.619182586669922,5871580,0.0,0.0
2018-05-30 00:00:00+08:00,28.238608350145057,28.77141228127987,28.08637865553511,28.619182586669922,2914416,0.0,0.0
2018-05-31 00:00:00+08:00,29.2281021198053,29.532561516886606,28.314723928561385,29.07587242126465,4993648,0.0,0.0
2018-06-01 00:00:00+08:00,29.15198825967723,29.15198825967723,28.619184296706628,28.69529914855957,1553440,0.0,0.0
2018-06-04 00:00:00+08:00,28.847527128584844,29.07587167049976,28.390838044755004,28.619182586669922,2262136,0.0,0.0
2018-06-05 00:00:00+08:00,28.771414000412513,28.847528852265455,28.390839741147797,28.69529914855957,1501576,0.0,0.0
2018-06-06 00:00:00+08:00,28.92364402870079,29.53256285035765,28.771414323286574,29.304218292236328,4052936,0.0,0.0
2018-06-07 00:00:00+08:00,28.847526359558106,28.847526359558106,28.162492752075195,28.162492752075195,4537680,0.0,0.0
2018-06-08 00:00:00+08:00,28.16249863306681,28.16249863306681,27.4013500213623,27.401350021362305,3247032,0.0,0.0
2018-06-11 00:00:00+08:00,27.629689783592745,28.01026402303617,27.096885848371947,27.781919479370117,2702992,0.0,0.0
2018-06-12 00:00:00+08:00,28.086384026900582,28.39084347434666,27.781924579454508,28.010269165039062,1848196,0.0,0.0
2018-06-13 00:00:00+08:00,28.314725561456363,28.390840415116195,27.629691878517903,27.705806732177734,1726324,0.0,0.0
2018-06-14 00:00:00+08:00,27.858039188385007,28.01026891072591,27.4013500213623,27.401350021362305,1300600,0.0,0.0
2018-06-15 00:00:00+08:00,27.401349815305252,27.70580925769753,27.24912009410911,27.47746467590332,987076,0.0,0.0
2018-06-19 00:00:00+08:00,27.401347402798926,27.401347402798926,26.944658279418945,26.944658279418945,1573776,0.0,0.0
2018-06-20 00:00:00+08:00,26.94466059858149,27.02077545902946,26.107397133653816,26.792430877685547,2404660,0.0,0.0
2018-06-21 00:00:00+08:00,27.02077007293701,27.09688491821289,26.56408100128174,26.640195846557617,1116160,0.0,0.0
2018-06-22 00:00:00+08:00,26.64019946019534,27.09688859379869,26.259625182192547,26.7163143157959,984640,0.0,0.0
2018-06-25 00:00:00+08:00,26.640194879061934,26.792424564085145,26.1835058239923,26.259620666503906,1464580,0.0,0.0
2018-06-26 00:00:00+08:00,26.107397133653816,26.94466059858149,25.879052552309904,26.792430877685547,1748752,0.0,0.0
2018-06-27 00:00:00+08:00,26.792430877685547,27.705809203061193,26.640201156789608,26.792430877685547,2629200,0.0,0.0
2018-06-28 00:00:00+08:00,26.640195846557617,27.09688491821289,26.41185131072998,26.640195846557617,1204712,0.0,0.0
2018-06-29 00:00:00+08:00,26.792426291476477,27.096885681152347,26.71631144405751,27.096885681152344,1220712,0.0,0.0
2018-07-02 00:00:00+08:00,27.2491202990214,27.781924327214558,26.9446608543396,27.401350021362305,1661608,0.0,0.0
2018-07-03 00:00:00+08:00,27.55357948216525,27.55357948216525,26.792430877685547,26.792430877685547,1186856,0.0,0.0
2018-07-04 00:00:00+08:00,26.868541717529297,27.249115962820078,26.868541717529297,26.868541717529297,786620,0.0,0.0
2018-07-05 00:00:00+08:00,26.792423562442554,26.944653241774613,25.879045486450195,25.879045486450195,2192800,0.0,0.0
2018-07-06 00:00:00+08:00,26.031277682803093,26.259622223880314,24.661210436339772,24.889554977416992,3961228,0.0,0.0
2018-07-09 00:00:00+08:00,25.041786193847656,25.194015897153722,24.81344163888856,25.041786193847656,1564004,0.0,0.0
2018-07-10 00:00:00+08:00,25.270132953406087,25.72682210316644,25.04178837852591,25.650707244873047,2288160,0.0,0.0
2018-07-11 00:00:00+08:00,25.422356448454014,26.487964203778436,25.270126769121955,25.879045486450195,2554780,0.0,0.0
2018-07-12 00:00:00+08:00,25.879045486450195,26.183504845114314,25.574586127786073,25.879045486450195,1048000,0.0,0.0
2018-07-13 00:00:00+08:00,26.640200477114995,26.79243019412708,26.335741043090824,26.33574104309082,1709348,0.0,0.0
2018-07-16 00:00:00+08:00,26.33574003779311,26.792429171396456,26.10739547099143,26.7163143157959,1072844,0.0,0.0
2018-07-17 00:00:00+08:00,26.868541717529297,27.325230811878235,26.79242686847114,26.868541717529297,2305120,0.0,0.0
2018-07-18 00:00:00+08:00,26.944653486454044,27.096883167168475,26.487964444310755,26.56407928466797,1145800,0.0,0.0
2018-07-19 00:00:00+08:00,26.640194125025186,26.792423805739617,25.955160561810253,26.56407928466797,1200200,0.0,0.0
2018-07-20 00:00:00+08:00,26.716315335621037,27.020774769645207,26.335741043090824,26.33574104309082,1020124,0.0,0.0
2018-07-23 00:00:00+08:00,26.411849364112406,26.411849364112406,25.879045486450195,25.879045486450195,696004,0.0,0.0
2018-07-24 00:00:00+08:00,25.955163373503574,26.259622767914173,25.955163373503574,26.183507919311523,461988,0.0,0.0
2018-07-25 00:00:00+08:00,26.79242978150817,26.79242978150817,26.33574063750519,26.48797035217285,640500,0.0,0.0
2018-07-26 00:00:00+08:00,26.487970760102908,26.640200477114995,26.335741043090824,26.33574104309082,280660,0.0,0.0
2018-07-27 00:00:00+08:00,26.640194879061934,26.640194879061934,26.259620666503906,26.259620666503906,468072,0.0,0.0
2018-07-30 00:00:00+08:00,26.107390242524684,26.640194125025186,26.031275402167466,26.56407928466797,1236800,0.0,0.0
2018-07-31 00:00:00+08:00,26.411850351527118,26.640194879061934,26.107390981480695,26.259620666503906,1937384,0.0,0.0
2018-08-01 00:00:00+08:00,26.259624085440073,26.48796864270477,26.18350923301851,26.411853790283203,870212,0.0,0.0
2018-08-02 00:00:00+08:00,26.411854591035983,26.487969445765195,26.10739517211914,26.10739517211914,632956,0.0,0.0
2018-08-03 00:00:00+08:00,26.107391547041328,26.33573607952274,26.03127670288086,26.03127670288086,640120,0.0,0.0
2018-08-06 00:00:00+08:00,25.57458896921642,25.802933513584424,25.270129576725747,25.49847412109375,2113600,0.0,0.0
2018-08-07 00:00:00+08:00,25.574588391907824,25.879047777525773,25.498473545503334,25.726818084716797,720320,0.0,0.0
2018-08-08 00:00:00+08:00,25.726818084716797,25.879047777525773,25.726818084716797,25.726818084716797,570528,0.0,0.0
2018-08-09 00:00:00+08:00,25.726818084716797,25.802932931121287,25.574588391907824,25.726818084716797,441800,0.0,0.0
2018-08-10 00:00:00+08:00,25.87904701455992,26.25962123536227,25.726817326238976,26.03127670288086,965880,0.0,0.0
2018-08-13 00:00:00+08:00,26.031278057952427,26.031278057952427,25.270129576725747,25.49847412109375,1565280,0.0,0.0
2018-08-14 00:00:00+08:00,25.57458724518736,25.65070208817899,25.346242716212473,25.4223575592041,717420,0.0,0.0
2018-08-15 00:00:00+08:00,25.27012921254569,25.27012921254569,24.35675104823681,24.889554977416992,3765924,0.0,0.0
2018-08-16 00:00:00+08:00,24.661211602041654,24.737326452665236,24.128407647676557,24.4328670501709,1772664,0.0,0.0
2018-08-17 00:00:00+08:00,24.661211602041654,24.965671004535995,24.356752199547312,24.4328670501709,1162152,0.0,0.0
2018-08-20 00:00:00+08:00,24.585093474238175,24.661208314715694,24.05228959089555,24.204519271850586,1677200,0.0,0.0
2018-08-21 00:00:00+08:00,24.05228959089555,24.50897863376066,24.05228959089555,24.204519271850586,1492616,0.0,0.0
2018-08-22 00:00:00+08:00,24.20452249830014,25.041785855159578,24.20452249830014,24.4328670501709,1416652,0.0,0.0
2018-08-23 00:00:00+08:00,24.432864953272095,24.661209485545665,24.3567501091809,24.50897979736328,1402500,0.0,0.0
2018-08-24 00:00:00+08:00,24.737326780954998,24.88955648422241,24.356752522786458,22.834455490112305,2482216,0.0,0.0
2018-08-27 00:00:00+08:00,24.72363961370368,25.134331301638955,24.641501276116625,24.970054626464844,2737228,2.75,0.0
2018-08-28 00:00:00+08:00,25.134330204554967,25.380745206560405,25.134330204554967,25.298606872558594,891996,0.0,0.0
2018-08-29 00:00:00+08:00,25.380745756859874,25.380745756859874,24.887915742163564,25.13433074951172,1217152,0.0,0.0
2018-08-30 00:00:00+08:00,25.134331301638955,25.298607976813067,24.970054626464844,24.970054626464844,985600,0.0,0.0
2018-08-31 00:00:00+08:00,24.88791628887779,25.216469639226013,24.88791628887779,24.970054626464844,681200,0.0,0.0
2018-09-03 00:00:00+08:00,25.21646686553955,25.21646686553955,24.641498565673828,24.641498565673828,608000,0.0,0.0
2018-09-04 00:00:00+08:00,24.80577686854771,24.887915202549525,24.641500200544083,24.7236385345459,493216,0.0,0.0
2018-09-05 00:00:00+08:00,25.052191595368036,25.052191595368036,24.805776596069336,24.805776596069336,341652,0.0,0.0
2018-09-06 00:00:00+08:00,24.80577522277832,24.887913551330566,24.641498565673828,24.641498565673828,761272,0.0,0.0
2018-09-07 00:00:00+08:00,24.64150077418277,24.64150077418277,23.080872391817863,23.409425735473633,2123112,0.0,0.0
2018-09-10 00:00:00+08:00,23.655835896512887,23.655835896512887,22.423761110236175,22.50589942932129,1925200,0.0,0.0
2018-09-11 00:00:00+08:00,22.588041056171324,23.49156269841818,22.588041056171324,23.245147705078125,1144400,0.0,0.0
2018-09-12 00:00:00+08:00,23.573698829597152,23.573698829597152,23.08086888890871,23.32728385925293,888672,0.0,0.0
2018-09-13 00:00:00+08:00,23.409423296459874,23.573699951171875,23.409423296459874,23.573699951171875,295288,0.0,0.0
2018-09-14 00:00:00+08:00,23.82011577435785,24.06653076512707,23.655839113845037,23.902254104614258,710400,0.0,0.0
2018-09-17 00:00:00+08:00,23.820112485786623,23.984389123619636,23.65583584795361,23.737974166870117,405160,0.0,0.0
2018-09-18 00:00:00+08:00,23.49156269841818,23.73797769175823,23.245147705078125,23.245147705078125,494000,0.0,0.0
2018-09-19 00:00:00+08:00,23.491560506149078,23.655837153045226,23.163007212356785,23.32728385925293,306400,0.0,0.0
2018-09-20 00:00:00+08:00,23.409424367304826,23.573701029531527,23.245147705078125,23.245147705078125,454400,0.0,0.0
2018-09-21 00:00:00+08:00,23.24514553580486,23.491560506149078,23.163007212356785,23.32728385925293,437248,0.0,0.0
2018-09-25 00:00:00+08:00,23.491561889648438,23.573700217933922,23.327285233077472,23.491561889648438,424148,0.0,0.0
2018-09-26 00:00:00+08:00,23.65583993267539,25.62715992706501,23.65583993267539,24.805776596069336,2406652,0.0,0.0
2018-09-27 00:00:00+08:00,24.970053536551337,25.380745206560405,24.641500200544083,24.7236385345459,2444868,0.0,0.0
2018-09-28 00:00:00+08:00,24.641497448237256,24.805774097892172,24.312944148927425,24.395082473754883,640904,0.0,0.0
2018-10-01 00:00:00+08:00,24.39508358001709,24.80577522277832,24.39508358001709,24.641498565673828,678000,0.0,0.0
2018-10-02 00:00:00+08:00,24.723639360210242,24.723639360210242,24.395086013230703,24.477224349975586,320440,0.0,0.0
2018-10-03 00:00:00+08:00,24.7236385345459,24.7236385345459,24.148670196533203,24.148670196533203,412600,0.0,0.0
2018-10-04 00:00:00+08:00,24.39508519853864,24.39508519853864,24.066531862531388,24.148670196533203,177204,0.0,0.0
2018-10-05 00:00:00+08:00,23.655839360644876,23.73797769175823,22.670179387284673,23.245147705078125,2277872,0.0,0.0
2018-10-08 00:00:00+08:00,23.327283516204613,23.491560160684926,22.752315260523513,22.834453582763672,933200,0.0,0.0
2018-10-09 00:00:00+08:00,23.32728298732213,23.32728298732213,22.752314744676863,22.998729705810547,720880,0.0,0.0
2018-10-11 00:00:00+08:00,22.177350465641464,22.177350465641464,20.6988604345987,21.19169044494629,3241644,0.0,0.0
2018-10-12 00:00:00+08:00,20.780996941620447,21.930933531275336,20.780996941620447,21.76665687561035,1284000,0.0,0.0
2018-10-15 00:00:00+08:00,22.013072967529297,22.341626295402868,21.684519639655726,22.013072967529297,952000,0.0,0.0
2018-10-16 00:00:00+08:00,22.013070278941925,22.423761888623677,22.013070278941925,22.259485244750977,572400,0.0,0.0
2018-10-17 00:00:00+08:00,22.5880386160432,22.916591905003827,22.5880386160432,22.834453582763672,684080,0.0,0.0
2018-10-18 00:00:00+08:00,23.080869080363843,23.24514572862266,22.670177459716797,22.670177459716797,544088,0.0,0.0
2018-10-19 00:00:00+08:00,22.423761971562886,22.834453582763672,22.095208682602255,22.834453582763672,581760,0.0,0.0
2018-10-22 00:00:00+08:00,22.423763582783362,22.998731879777807,22.423763582783362,22.916593551635742,188000,0.0,0.0
2018-10-23 00:00:00+08:00,22.423763541614306,22.83445518157061,22.341625213623047,22.341625213623047,337880,0.0,0.0
2018-10-24 00:00:00+08:00,22.259485839069754,22.670177459716797,22.177347514940347,22.670177459716797,480184,0.0,0.0
2018-10-25 00:00:00+08:00,22.095209650332563,22.423762953683234,21.848794672819558,21.930932998657227,723752,0.0,0.0
2018-10-26 00:00:00+08:00,22.095209650332563,22.259486302007897,21.848794672819558,21.930932998657227,680964,0.0,0.0
2018-10-29 00:00:00+08:00,22.095209917627777,22.095209917627777,21.520241629808467,21.84879493713379,304628,0.0,0.0
2018-10-30 00:00:00+08:00,21.84879493713379,22.095209917627777,21.520241629808467,21.84879493713379,316464,0.0,0.0
2018-10-31 00:00:00+08:00,22.095209447687324,22.6701777232777,22.095209447687324,22.58803939819336,712000,0.0,0.0
2018-11-01 00:00:00+08:00,22.834452808963867,23.163006086790688,22.50589953113705,23.080867767333984,529104,0.0,0.0
2018-11-02 00:00:00+08:00,23.409421307700022,23.409421307700022,22.67017642429897,22.998729705810547,536420,0.0,0.0
2018-11-05 00:00:00+08:00,22.998729705810547,23.163006346566338,22.83445306505476,22.998729705810547,192084,0.0,0.0
2018-11-06 00:00:00+08:00,23.573699686262344,24.312944624159073,23.491561359829372,23.655838012695312,2235640,0.0,0.0
2018-11-07 00:00:00+08:00,23.984391899239082,24.477221869771395,23.90225357081703,24.066530227661133,928040,0.0,0.0
2018-11-08 00:00:00+08:00,24.477222692555394,24.559361023738465,23.82011604309082,23.82011604309082,732400,0.0,0.0
2018-11-09 00:00:00+08:00,23.90225437427389,23.90225437427389,23.49156271835853,23.82011604309082,397000,0.0,0.0
2018-11-12 00:00:00+08:00,23.82011493323987,23.82011493323987,23.573699951171875,23.573699951171875,252000,0.0,0.0
2018-11-13 00:00:00+08:00,23.080870248221018,23.491561889648438,23.080870248221018,23.491561889648438,300000,0.0,0.0
2018-11-14 00:00:00+08:00,23.90225212338945,23.984390446837523,23.163007212356785,23.32728385925293,413360,0.0,0.0
2018-11-15 00:00:00+08:00,23.327284706963432,23.655838012695312,23.163008054097496,23.655838012695312,508000,0.0,0.0
2018-11-16 00:00:00+08:00,23.902253260595874,24.39508322473187,23.573699951171875,23.573699951171875,850340,0.0,0.0
2018-11-19 00:00:00+08:00,23.737976339128284,23.902252991994224,23.573699686262344,23.655838012695312,236600,0.0,0.0
2018-11-20 00:00:00+08:00,23.491561889648438,23.655838546219407,23.409423561362953,23.491561889648438,224000,0.0,0.0
2018-11-21 00:00:00+08:00,23.491561889648438,23.491561889648438,23.327285233077472,23.491561889648438,204400,0.0,0.0
2018-11-22 00:00:00+08:00,23.409423033396404,23.902252991994224,23.245146380530464,23.655838012695312,636240,0.0,0.0
2018-11-23 00:00:00+08:00,24.148667093733668,24.148667093733668,23.32728385925293,23.32728385925293,673200,0.0,0.0
2018-11-26 00:00:00+08:00,23.409423561362953,23.655838546219407,23.327285233077472,23.491561889648438,296880,0.0,0.0
2018-11-27 00:00:00+08:00,23.49156271835853,23.82011604309082,23.49156271835853,23.82011604309082,240800,0.0,0.0
2018-11-28 00:00:00+08:00,23.73797613221246,24.805774366533434,23.73797613221246,24.312944412231445,1712940,0.0,0.0
2018-11-29 00:00:00+08:00,24.641497715099437,24.805774366533434,24.312944412231445,24.312944412231445,588480,0.0,0.0
2018-11-30 00:00:00+08:00,24.641497715099437,24.641497715099437,24.312944412231445,24.312944412231445,461000,0.0,0.0
2018-12-03 00:00:00+08:00,24.559361328779666,25.216467986405878,24.559361328779666,24.887914657592773,1020400,0.0,0.0
2018-12-04 00:00:00+08:00,24.970051879882813,24.970051879882813,24.641498565673828,24.641498565673828,448400,0.0,0.0
2018-12-05 00:00:00+08:00,24.312945251464843,24.887913551330566,24.066530265808105,24.641498565673828,704000,0.0,0.0
2018-12-06 00:00:00+08:00,25.052190728203946,25.134329058460352,23.737977444101443,23.902254104614258,1424032,0.0,0.0
2018-12-07 00:00:00+08:00,24.312944677320576,24.559359657158286,24.230806350708008,24.230806350708008,497516,0.0,0.0
2018-12-10 00:00:00+08:00,23.984391899239082,24.31294521292729,23.984391899239082,24.066530227661133,196220,0.0,0.0
2018-12-11 00:00:00+08:00,24.312944412231445,24.477221063665443,24.23080608651445,24.312944412231445,340000,0.0,0.0
2018-12-12 00:00:00+08:00,24.395086263355456,25.134331301638955,24.312947925768402,24.970054626464844,1095200,0.0,0.0
2018-12-13 00:00:00+08:00,24.970052151376983,25.134328810267622,24.55936050415039,24.55936050415039,1136788,0.0,0.0
2018-12-14 00:00:00+08:00,25.134329654202602,25.462882983015707,24.88791465759277,24.887914657592773,3401584,0.0,0.0
2018-12-17 00:00:00+08:00,24.887913551330566,24.970051879882813,24.641498565673828,24.641498565673828,581440,0.0,0.0
2018-12-18 00:00:00+08:00,24.55935938938244,24.55935938938244,24.23080608651445,24.312944412231445,620400,0.0,0.0
2018-12-19 00:00:00+08:00,24.55935938938244,24.55935938938244,24.23080608651445,24.312944412231445,476680,0.0,0.0
2018-12-20 00:00:00+08:00,24.477222692555394,24.641499354921535,23.82011604309082,23.82011604309082,937760,0.0,0.0
2018-12-21 00:00:00+08:00,23.820116860525946,24.148670196533203,23.820116860525946,24.148670196533203,565000,0.0,0.0
2018-12-24 00:00:00+08:00,24.230806350708008,24.39508300393315,24.14866802409544,24.230806350708008,284400,0.0,0.0
2018-12-25 00:00:00+08:00,24.14866882480987,24.14866882480987,23.90225383680161,23.984392166137695,396200,0.0,0.0
2018-12-26 00:00:00+08:00,24.230807699006178,24.31294603018925,23.82011604309082,23.82011604309082,280764,0.0,0.0
2018-12-27 00:00:00+08:00,24.312945755896287,24.312945755896287,23.902254104614254,23.902254104614258,334600,0.0,0.0
2018-12-28 00:00:00+08:00,23.90225437427389,23.984392705456962,23.82011604309082,23.82011604309082,181728,0.0,0.0
2019-01-02 00:00:00+08:00,23.90225437427389,24.066531036640033,23.737977711907746,23.82011604309082,149436,0.0,0.0
2019-01-03 00:00:00+08:00,23.737974166870117,23.90225080470313,23.737974166870117,23.737974166870117,180400,0.0,0.0
2019-01-04 00:00:00+08:00,23.65584074321546,23.65584074321546,23.080872391817863,23.409425735473633,386000,0.0,0.0
2019-01-07 00:00:00+08:00,23.82011550746552,23.984392166137695,23.49156219012117,23.984392166137695,516312,0.0,0.0
2019-01-08 00:00:00+08:00,24.47722079858234,24.641497448237256,24.230805824099967,24.395082473754883,945488,0.0,0.0
2019-01-09 00:00:00+08:00,24.64149883359571,24.805775492486347,24.47722217470507,24.55936050415039,620400,0.0,0.0
2019-01-10 00:00:00+08:00,24.395086013230703,24.723639360210242,24.31294767648582,24.477224349975586,272000,0.0,0.0
2019-01-11 00:00:00+08:00,24.47722217470507,24.64149883359571,24.39508384525975,24.55936050415039,428520,0.0,0.0
2019-01-14 00:00:00+08:00,24.47722217470507,24.887913821931665,24.230807186369113,24.55936050415039,416224,0.0,0.0
2019-01-15 00:00:00+08:00,25.29860714592452,25.791437155260713,25.134330476145788,25.216468811035156,4817512,0.0,0.0
2019-01-16 00:00:00+08:00,25.21646853855678,25.46288354056222,25.052191870553152,25.298606872558594,987000,0.0,0.0
2019-01-17 00:00:00+08:00,25.462884626971178,25.54502296447754,25.298607951958463,25.54502296447754,1004916,0.0,0.0
2019-01-18 00:00:00+08:00,25.627161301983897,26.284268002034764,25.54502296447754,25.54502296447754,2277364,0.0,0.0
2019-01-21 00:00:00+08:00,25.791437155260713,25.791437155260713,25.216468811035156,25.216468811035156,1126180,0.0,0.0
2019-01-22 00:00:00+08:00,25.380745480813886,25.62716048548198,25.134330476145788,25.216468811035156,536196,0.0,0.0
2019-01-23 00:00:00+08:00,25.21646853855678,25.46288354056222,25.21646853855678,25.298606872558594,412160,0.0,0.0
2019-01-24 00:00:00+08:00,25.627160208565847,26.119990212576727,25.298606872558594,25.298606872558594,1396312,0.0,0.0
2019-01-25 00:00:00+08:00,25.29860714592452,25.46288381570325,25.134330476145788,25.216468811035156,724676,0.0,0.0
2019-01-28 00:00:00+08:00,25.29860714592452,25.46288381570325,25.134330476145788,25.216468811035156,544412,0.0,0.0
2019-01-29 00:00:00+08:00,25.134327783892232,25.462881088256836,25.134327783892232,25.462881088256836,616264,0.0,0.0
2019-01-30 00:00:00+08:00,25.46288354056222,25.627160208565847,25.298606872558594,25.298606872558594,826196,0.0,0.0
2019-02-11 00:00:00+08:00,25.46288381570325,25.62716048548198,24.97005380636706,25.216468811035156,1341632,0.0,0.0
2019-02-12 00:00:00+08:00,25.21646853855678,25.46288354056222,25.134330204554967,25.298606872558594,606004,0.0,0.0
2019-02-13 00:00:00+08:00,25.380740705526097,26.119985580444336,25.29860238609074,26.119985580444336,1414596,0.0,0.0
2019-02-14 00:00:00+08:00,26.94137383101514,27.434203840119075,26.366405487060547,26.366405487060547,3869200,0.0,0.0
2019-02-15 00:00:00+08:00,26.284264673160603,26.366403000264228,25.87357303764247,25.955711364746094,1637968,0.0,0.0
2019-02-18 00:00:00+08:00,26.284264197716347,26.85923247704139,26.11998754648062,26.694955825805664,1117672,0.0,0.0
2019-02-19 00:00:00+08:00,26.694953553728922,26.694953553728922,26.119985323340913,26.202123641967773,1348400,0.0,0.0
2019-02-20 00:00:00+08:00,26.28426196059463,26.366400279221487,26.037847004714056,26.202123641967773,837804,0.0,0.0
2019-02-21 00:00:00+08:00,26.366400385195494,26.94136861789446,26.366400385195494,26.77709197998047,1525012,0.0,0.0
2019-02-22 00:00:00+08:00,27.26992189372244,27.26992189372244,26.61281534206648,26.77709197998047,1740200,0.0,0.0
2019-02-25 00:00:00+08:00,27.10565103066934,27.434204376495636,26.941374357756192,27.352066040039062,2558052,0.0,0.0
2019-02-26 00:00:00+08:00,27.598476634306063,30.062626333797677,27.598476634306063,29.323381423950195,15665092,0.0,0.0
2019-02-27 00:00:00+08:00,31.212563222768356,32.19822311401367,30.719733277145696,32.19822311401367,28846112,0.0,0.0
2019-03-04 00:00:00+08:00,33.59457540740237,35.31948025717119,32.93746879796662,34.33382034301758,24455340,0.0,0.0
2019-03-05 00:00:00+08:00,34.33382034301758,34.33382034301758,33.676713733581835,34.33382034301758,6904996,0.0,0.0
2019-03-06 00:00:00+08:00,34.33382195407905,34.49809861414641,33.758853643843274,33.84099197387695,6170048,0.0,0.0
2019-03-07 00:00:00+08:00,34.49809799194336,35.56589626312256,32.280363121032714,32.85533142089844,20340488,0.0,0.0
2019-03-08 00:00:00+08:00,33.10174507800444,33.59457502953801,32.03394684968171,33.266021728515625,8578212,0.0,0.0
2019-03-11 00:00:00+08:00,33.84098868021151,34.00526532429021,32.855328815739334,33.67671203613281,4124132,0.0,0.0
2019-03-12 00:00:00+08:00,34.087403646329555,34.58023357856565,33.512435392054115,33.67671203613281,6846220,0.0,0.0
2019-03-13 00:00:00+08:00,34.169546944754465,35.319483620779856,33.840993608747205,34.49810028076172,13116736,0.0,0.0
2019-03-14 00:00:00+08:00,34.66237567960558,37.78363225738997,34.66237567960558,37.20866394042969,22187012,0.0,0.0
2019-03-15 00:00:00+08:00,37.29080139781555,38.6050146629368,35.23734317106359,36.30514144897461,17332020,0.0,0.0
2019-03-18 00:00:00+08:00,36.30513974378736,36.715831369848296,35.48375649166547,35.648033142089844,4433324,0.0,0.0
2019-03-19 00:00:00+08:00,36.469417572021484,36.469417572021484,35.64803429337235,36.469417572021484,3563020,0.0,0.0
2019-03-20 00:00:00+08:00,36.79796996788395,36.79796996788395,35.40161842892407,35.565895080566406,4170400,0.0,0.0
2019-03-21 00:00:00+08:00,35.894449940605256,35.894449940605256,33.430300059099174,33.92313003540039,9203900,0.0,0.0
2019-03-22 00:00:00+08:00,34.08740861075265,34.74451528276716,33.43030193873814,34.49810028076172,6678676,0.0,0.0
2019-03-25 00:00:00+08:00,33.84099117416933,34.25168281463255,33.18388454942818,34.087406158447266,3409008,0.0,0.0
2019-03-26 00:00:00+08:00,34.25168500886677,34.74451500899435,33.92313167544838,34.580238342285156,3277700,0.0,0.0
2019-03-27 00:00:00+08:00,35.15520666623877,35.15520666623877,33.34816333292743,33.430301666259766,4854268,0.0,0.0
2019-03-28 00:00:00+08:00,33.18388393203319,33.43029891172651,32.362500666388804,33.10174560546875,5834832,0.0,0.0
2019-03-29 00:00:00+08:00,33.34815926645316,33.84098920635148,32.93746764987122,33.51243591308594,2920872,0.0,0.0
2019-04-01 00:00:00+08:00,33.676716666256766,33.84099333292143,32.937471666265765,33.430301666259766,2604800,0.0,0.0
2019-04-02 00:00:00+08:00,33.51243750728778,33.84099081618276,32.85533088949782,33.01960754394531,2674744,0.0,0.0
2019-04-03 00:00:00+08:00,33.10174640655517,33.26602306365967,32.280363121032714,32.85533142089844,4561900,0.0,0.0
2019-04-08 00:00:00+08:00,34.00526873848655,36.140865325927734,34.00526873848655,36.140865325927734,15071360,0.0,0.0
2019-04-09 00:00:00+08:00,36.387278452282246,37.701491669520436,35.64803351758577,36.7158317565918,15072824,0.0,0.0
2019-04-10 00:00:00+08:00,36.715834220953745,38.605015847535256,36.30514256300124,37.12652587890625,17683208,0.0,0.0
2019-04-11 00:00:00+08:00,38.44073851679413,40.822750091552734,37.45507855482505,40.822750091552734,29750448,0.0,0.0
2019-04-12 00:00:00+08:00,41.39771925558256,43.369039220134106,41.39771925558256,41.72627258300781,31331084,0.0,0.0
2019-04-15 00:00:00+08:00,42.05482429474708,43.12262256785589,41.233441007740296,42.21910095214844,9847508,0.0,0.0
2019-04-16 00:00:00+08:00,42.1369616644723,44.8475264499062,41.72627003031565,43.69758987426758,16204036,0.0,0.0
2019-04-17 00:00:00+08:00,44.27255816208689,45.340356410894174,42.87620660595427,43.69758987426758,10219428,0.0,0.0
2019-04-18 00:00:00+08:00,43.69759425081948,44.51897760139879,42.38338088989258,42.38338088989258,6497932,0.0,0.0
2019-04-19 00:00:00+08:00,42.71192947236619,43.20475942781656,41.15130128010665,41.479854583740234,7544968,0.0,0.0
2019-04-22 00:00:00+08:00,42.05482286509901,42.958344450091374,41.479854583740234,41.479854583740234,3941492,0.0,0.0
2019-04-23 00:00:00+08:00,42.136966705322266,42.79407339858265,41.56199834871943,42.136966705322266,5159584,0.0,0.0
2019-04-24 00:00:00+08:00,42.54765562645813,43.45117727103543,41.80841064453125,41.80841064453125,4448668,0.0,0.0
2019-04-25 00:00:00+08:00,41.80841064453125,41.89054897585646,41.06916566260437,41.80841064453125,2962180,0.0,0.0
2019-04-26 00:00:00+08:00,41.80840804430903,42.87620628512636,40.247779846191406,40.247779846191406,6817740,0.0,0.0
2019-04-29 00:00:00+08:00,40.7406120300293,41.233442014263524,39.50853706944373,40.7406120300293,4185628,0.0,0.0
2019-04-30 00:00:00+08:00,40.49419656395912,42.05482482910156,40.329919904470444,42.05482482910156,2636448,0.0,0.0
2019-05-02 00:00:00+08:00,41.97268681844075,44.02614507765997,41.890548488071985,43.122623443603516,8769964,0.0,0.0
2019-05-03 00:00:00+08:00,42.794068279122946,43.86186652793024,42.3833766449663,43.69758987426758,6299844,0.0,0.0
2019-05-06 00:00:00+08:00,42.794067958909636,43.04048293755979,40.247779846191406,40.247779846191406,7980688,0.0,0.0
2019-05-07 00:00:00+08:00,41.151306427001956,41.89055145263672,40.82275308227539,41.06916809082031,4393144,0.0,0.0
2019-05-08 00:00:00+08:00,40.57633315105827,40.65847147727499,39.67281156267438,40.247779846191406,4889868,0.0,0.0
2019-05-09 00:00:00+08:00,40.41205784119282,41.31557945959347,39.097844578064596,39.83708953857422,5948960,0.0,0.0
2019-05-10 00:00:00+08:00,40.740610434239606,41.397717054146696,40.32991879679767,41.23344039916992,8585124,0.0,0.0
2019-05-13 00:00:00+08:00,41.479857006380634,42.46551697484909,40.32992037650077,40.7406120300293,8515060,0.0,0.0
2019-05-14 00:00:00+08:00,39.83709018057806,42.054825097847356,39.26212186869343,41.972686767578125,6174944,0.0,0.0
2019-05-15 00:00:00+08:00,42.54765278391177,44.60111092985346,42.301237806398774,43.86186599731445,14930232,0.0,0.0
2019-05-16 00:00:00+08:00,44.1904183674041,44.84752496022795,42.46551356124149,42.958343505859375,8402184,0.0,0.0
2019-05-17 00:00:00+08:00,43.779727671476785,44.60111092985346,41.9726845030481,43.86186599731445,12517156,0.0,0.0
2019-05-20 00:00:00+08:00,44.35470065350087,45.50463733711015,40.822752268129506,41.315582275390625,18359532,0.0,0.0
2019-05-21 00:00:00+08:00,41.39771952431583,42.054826183431956,39.91922954130455,41.644134521484375,7772840,0.0,0.0
2019-05-22 00:00:00+08:00,41.726272552119575,42.30124087468815,40.57633590698242,40.57633590698242,5095864,0.0,0.0
2019-05-23 00:00:00+08:00,40.247784460376124,41.23344448797717,39.590677775308755,41.15130615234375,6516992,0.0,0.0
2019-05-24 00:00:00+08:00,40.904886455925144,41.23343976079201,39.754949888891105,40.247779846191406,5689024,0.0,0.0
2019-05-27 00:00:00+08:00,40.00136626555112,40.98702621459961,39.26212130376476,40.98702621459961,5502732,0.0,0.0
2019-05-28 00:00:00+08:00,40.9048886914407,41.06916535285211,40.32992037650077,40.7406120300293,3125652,0.0,0.0
2019-05-29 00:00:00+08:00,40.329919960109,43.369038164842266,40.08350497053603,43.20476150512695,7152856,0.0,0.0
2019-05-30 00:00:00+08:00,43.53331177458025,44.02614171919814,42.46551356124149,42.958343505859375,10154332,0.0,0.0
2019-05-31 00:00:00+08:00,42.958344413100114,44.02614264898979,42.54765278391177,43.86186599731445,6428696,0.0,0.0
2019-06-03 00:00:00+08:00,43.77973363664415,44.60111700693766,42.876211929321286,44.35470199584961,8309088,0.0,0.0
2019-06-04 00:00:00+08:00,44.51897846839116,45.2582234983091,41.89055169534962,42.136966705322266,12316848,0.0,0.0
2019-06-05 00:00:00+08:00,42.71193259520549,43.12262425477477,42.3012409356362,42.8762092590332,4605896,0.0,0.0
2019-06-06 00:00:00+08:00,44.354695029880695,45.504631567692414,43.69758843684542,45.340354919433594,22684644,0.0,0.0
2019-06-10 00:00:00+08:00,46.73670682682333,49.20085657164705,45.8331852537213,48.790164947509766,22583376,0.0,0.0
2019-06-11 00:00:00+08:00,48.79016312584901,50.10437627402003,47.88664158648144,49.36513137817383,14525100,0.0,0.0
2019-06-12 00:00:00+08:00,49.036585399082725,50.679352079119,48.79017039707728,50.59721374511719,11346796,0.0,0.0
2019-06-13 00:00:00+08:00,50.51507761603908,51.82929101743196,49.611555902581465,49.94010925292969,12327784,0.0,0.0
2019-06-14 00:00:00+08:00,49.94010815589257,50.432938170588876,49.611554812761696,50.26866149902344,4972344,0.0,0.0
2019-06-17 00:00:00+08:00,50.18651724169331,51.74714543742518,49.611548959055256,50.92576217651367,7874436,0.0,0.0
2019-06-18 00:00:00+08:00,51.090042630437964,52.568532610096945,49.77582931518554,49.77582931518555,13315580,0.0,0.0
2019-06-19 00:00:00+08:00,50.67935312986374,52.56853485107422,50.268661451339725,52.56853485107422,12764648,0.0,0.0
2019-06-20 00:00:00+08:00,51.99356352777646,52.48639351382173,51.41859521072364,52.32211685180664,5656988,0.0,0.0
2019-06-21 00:00:00+08:00,51.74715210961514,52.15784379302479,50.10438537597657,50.10438537597656,8144416,0.0,0.0
2019-06-24 00:00:00+08:00,50.104383741106304,51.090043749128064,49.77583040509905,50.59721374511719,4936008,0.0,0.0
2019-06-25 00:00:00+08:00,50.59721320192405,51.09004320064408,50.10438320320401,50.76148986816406,4363800,0.0,0.0
2019-06-26 00:00:00+08:00,50.432930662989996,52.07569713409716,50.432930662989996,51.4185905456543,5489692,0.0,0.0
2019-06-27 00:00:00+08:00,52.23998155780867,52.89708824407042,50.26866149902344,50.26866149902344,15824036,0.0,0.0
2019-06-28 00:00:00+08:00,50.10438096164461,50.5150726088712,48.872306019964824,49.11872100830078,10075460,0.0,0.0
2019-07-01 00:00:00+08:00,49.693691525238236,50.26865985693521,49.2829998597404,49.61155319213867,5234344,0.0,0.0
2019-07-02 00:00:00+08:00,49.61154927399199,49.77582592721713,47.64022943529032,48.461612701416016,9697884,0.0,0.0
2019-07-03 00:00:00+08:00,48.13306424516808,50.67935262673841,47.80451090561062,50.43293762207031,12380000,0.0,0.0
2019-07-04 00:00:00+08:00,51.50073597563206,51.747150980300155,50.35079928718094,50.43293762207031,11144000,0.0,0.0
2019-07-05 00:00:00+08:00,51.172183990478516,52.07570569817557,51.007907316351776,51.172183990478516,8992000,0.0,0.0
2019-07-08 00:00:00+08:00,50.92576217651367,51.41859213306058,50.67934719824022,50.92576217651367,3572000,0.0,0.0
2019-07-09 00:00:00+08:00,51.33645380696943,51.74714543742518,50.76148552433137,50.92576217651367,4748000,0.0,0.0
2019-07-10 00:00:00+08:00,51.41859568009856,51.6650106753706,49.44727571792226,49.857967376708984,10728000,0.0,0.0
2019-07-11 00:00:00+08:00,50.104375417090004,50.84362030029297,50.104375417090004,50.84362030029297,5288516,0.0,0.0
2019-07-12 00:00:00+08:00,51.007907042136566,51.41859872524555,50.432938685783974,51.25432205200195,3594400,0.0,0.0
2019-07-15 00:00:00+08:00,51.747151494026184,52.56853485107422,51.09004480838776,52.56853485107422,9361396,0.0,0.0
2019-07-16 00:00:00+08:00,53.307772259521485,53.307772259521485,51.33645248413086,51.33645248413086,6668188,0.0,0.0
2019-07-17 00:00:00+08:00,51.090038828695974,51.99356041569864,50.76148552433137,50.92576217651367,3745520,0.0,0.0
2019-07-18 00:00:00+08:00,51.007905966295866,51.25432097096396,50.35079928718094,50.43293762207031,2673848,0.0,0.0
2019-07-19 00:00:00+08:00,50.59721374511719,51.17218208312988,50.43293707711356,50.59721374511719,2198884,0.0,0.0
2019-07-22 00:00:00+08:00,50.51507486880404,50.92576653440407,49.940106536963995,50.76148986816406,2192780,0.0,0.0
2019-07-23 00:00:00+08:00,51.09004402470782,52.48639571027058,50.51507568359375,50.51507568359375,6893160,0.0,0.0
2019-07-24 00:00:00+08:00,50.76149151371975,50.84362984950246,49.85796982010985,50.26866149902344,4307136,0.0,0.0
2019-07-25 00:00:00+08:00,50.59720795730065,50.59720795730065,49.94010136045259,50.022239685058594,1793824,0.0,0.0
2019-07-26 00:00:00+08:00,50.02223863959507,50.67934522270962,49.44727037936984,50.350791931152344,2721672,0.0,0.0
2019-07-29 00:00:00+08:00,50.432931958381296,51.254315215032456,49.940102004390596,51.00790023803711,1979060,0.0,0.0
2019-07-30 00:00:00+08:00,51.007899045554005,51.25431401678856,50.18651580810547,50.18651580810547,2393792,0.0,0.0
2019-07-31 00:00:00+08:00,50.26865205780177,51.007896941004745,49.85796045602235,50.84362030029297,2005924,0.0,0.0
2019-08-01 00:00:00+08:00,50.51507756641056,51.09004592895508,50.350800891397846,51.09004592895508,1459828,0.0,0.0
2019-08-02 00:00:00+08:00,51.0079065210679,51.0079065210679,50.104384827458,50.26866149902344,1990396,0.0,0.0
2019-08-05 00:00:00+08:00,50.432938170588876,51.25432152841606,50.104384827458,50.26866149902344,1668200,0.0,0.0
2019-08-06 00:00:00+08:00,51.58286993925143,55.27909469604492,50.5972100041065,55.27909469604492,24359908,0.0,0.0
2019-08-07 00:00:00+08:00,56.92185525636415,60.78235626220703,56.34688702145138,60.78235626220703,31053340,0.0,0.0
2019-08-08 00:00:00+08:00,60.28952857828012,61.439465090672385,59.79669864439772,61.27518844604492,11047652,0.0,0.0
2019-08-12 00:00:00+08:00,62.75368129073195,65.87493769000919,62.42512798554487,63.90361785888672,17991784,0.0,0.0
2019-08-13 00:00:00+08:00,63.9036222433742,65.13569722235957,63.24651558791534,64.8892822265625,7783128,0.0,0.0
2019-08-14 00:00:00+08:00,65.79280525742064,67.43557193051478,63.246516914124705,64.47859191894531,11005584,0.0,0.0
2019-08-15 00:00:00+08:00,63.90361476008438,63.90361476008438,61.19305012373119,61.27518844604492,5707156,0.0,0.0
2019-08-16 00:00:00+08:00,63.24651611637948,64.72500610351562,61.932302794480684,64.72500610351562,4360512,0.0,0.0
2019-08-19 00:00:00+08:00,65.29997443184635,65.38211276446502,63.739346112091525,64.72500610351562,3081772,0.0,0.0
2019-08-20 00:00:00+08:00,64.88927617365,65.71065941635443,63.41078633678203,64.39644622802734,3399144,0.0,0.0
2019-08-21 00:00:00+08:00,64.39644716427158,64.39644716427158,62.014435725797256,62.9179573059082,2504204,0.0,0.0
2019-08-22 00:00:00+08:00,62.91795639115937,64.39644622802734,61.603743202832284,64.39644622802734,3253776,0.0,0.0
2019-08-23 00:00:00+08:00,64.56072943827827,64.72500610351562,63.32865444899815,64.72500610351562,2540108,0.0,0.0
2019-08-26 00:00:00+08:00,64.04901912018383,65.40097730741726,64.04901912018383,64.38700866699219,2842724,2.75,0.0
2019-08-27 00:00:00+08:00,65.06298416349357,67.51340824237839,64.80949201740202,67.00642395019531,3604736,0.0,0.0
2019-08-28 00:00:00+08:00,67.76690038846992,67.76690038846992,66.07695274785969,67.00642395019531,2728960,0.0,0.0
2019-08-29 00:00:00+08:00,66.1614521727879,66.1614521727879,63.7110280182402,64.80949401855469,7177200,0.0,0.0
2019-08-30 00:00:00+08:00,65.23197823983652,65.73896252667463,63.79552276046188,63.88002014160156,4780608,0.0,0.0
2019-09-02 00:00:00+08:00,64.2180096661603,65.23197823983652,63.1195437113444,63.88002014160156,3599600,0.0,0.0
2019-09-03 00:00:00+08:00,64.47150839816764,64.9784927368164,63.88002666974408,64.9784927368164,2910000,0.0,0.0
2019-09-04 00:00:00+08:00,65.73895953477486,71.40028381347656,65.56996478018675,71.40028381347656,21017016,0.0,0.0
2019-09-05 00:00:00+08:00,71.8227807545004,72.66775464572981,64.3025131225586,64.3025131225586,25558024,0.0,0.0
2019-09-06 00:00:00+08:00,64.89398983970207,67.09092178740032,64.55600030928696,65.23197937011719,14675424,0.0,0.0
2019-09-10 00:00:00+08:00,64.55601041666667,64.55601041666667,63.373046875,63.373046875,5358220,0.0,0.0
2019-09-11 00:00:00+08:00,64.04901212221617,65.48546753920517,63.88001736727628,65.06298065185547,4748568,0.0,0.0
2019-09-12 00:00:00+08:00,65.65447347950561,66.07696043883318,64.30251520965736,64.5560073852539,2932176,0.0,0.0
2019-09-16 00:00:00+08:00,64.30251101893926,64.8094953370912,63.542034541711324,64.04901885986328,2700148,0.0,0.0
2019-09-17 00:00:00+08:00,64.04902095518977,64.7250000681733,63.711031398698005,64.3025131225586,1708656,0.0,0.0
2019-09-18 00:00:00+08:00,64.38700866699219,65.48547469411936,64.38700866699219,64.38700866699219,4016696,0.0,0.0
2019-09-19 00:00:00+08:00,64.55600030928696,65.23197937011719,64.13351339626807,65.23197937011719,2146436,0.0,0.0
2019-09-20 00:00:00+08:00,65.65446946752354,65.65446946752354,64.38700866699219,64.38700866699219,1824712,0.0,0.0
2019-09-23 00:00:00+08:00,64.38700866699219,65.48547469411936,64.3025112802901,64.38700866699219,1737804,0.0,0.0
2019-09-24 00:00:00+08:00,64.9785013815296,68.27390002116505,64.72500917848072,66.66844940185547,11267780,0.0,0.0
2019-09-25 00:00:00+08:00,66.66843328880988,67.5134070947517,65.23197781870877,65.65446472167969,4857456,0.0,0.0
2019-09-26 00:00:00+08:00,66.6684391639533,66.6684391639533,65.31648095530532,65.73896789550781,2544524,0.0,0.0
2019-09-27 00:00:00+08:00,65.73896789550781,66.0769574476698,64.72499923902183,65.73896789550781,2184276,0.0,0.0
2019-10-01 00:00:00+08:00,65.73897251938328,67.25992561109138,65.73897251938328,66.92193603515625,2785268,0.0,0.0
2019-10-02 00:00:00+08:00,67.4289199474246,73.34373748667238,67.4289199474246,69.03437042236328,22872648,0.0,0.0
2019-10-03 00:00:00+08:00,68.94986827556903,71.65378467853252,68.78087350038382,70.30182647705078,8401636,0.0,0.0
2019-10-04 00:00:00+08:00,70.13282196081735,71.23128784695064,69.37234557810969,70.04832458496094,3601256,0.0,0.0
2019-10-07 00:00:00+08:00,70.55532136771836,71.2313004945947,68.10489703279163,68.78087615966797,5723476,0.0,0.0
2019-10-08 00:00:00+08:00,67.76691116509296,67.85140856056067,64.80950232372358,65.82347106933594,7627972,0.0,0.0
2019-10-09 00:00:00+08:00,66.5839396421371,66.66843702746976,65.40097624747985,65.4854736328125,2987908,0.0,0.0
2019-10-14 00:00:00+08:00,66.58393749177765,67.1754191700041,65.14748198751342,65.23197937011719,3674804,0.0,0.0
2019-10-15 00:00:00+08:00,65.4854749574985,65.56997234454043,64.30251153891143,64.7249984741211,2939900,0.0,0.0
2019-10-16 00:00:00+08:00,65.23198652017803,65.65447347950561,64.5560073852539,64.5560073852539,2199164,0.0,0.0
2019-10-17 00:00:00+08:00,64.72500492825587,65.82347106933594,64.72500492825587,65.82347106933594,3006308,0.0,0.0
2019-10-18 00:00:00+08:00,66.16144900524478,66.92192543059242,65.65446472167969,65.65446472167969,2169504,0.0,0.0
2019-10-21 00:00:00+08:00,66.07696325573903,66.16146065120672,65.31648669652975,65.82347106933594,997080,0.0,0.0
2019-10-22 00:00:00+08:00,65.90796800902845,65.90796800902845,65.14749145507812,65.14749145507812,1646892,0.0,0.0
2019-10-23 00:00:00+08:00,65.23198094175257,65.4854730956713,64.80949401855469,64.80949401855469,1222440,0.0,0.0
2019-10-24 00:00:00+08:00,65.14748198751342,65.23197937011719,64.21801077887184,65.23197937011719,2695664,0.0,0.0
2019-10-25 00:00:00+08:00,65.40097968569037,65.48547707546517,64.89399534704161,64.9784927368164,926644,0.0,0.0
2019-10-28 00:00:00+08:00,65.31648462826443,66.41495073456124,65.1474898426803,65.56997680664062,2095488,0.0,0.0
2019-10-29 00:00:00+08:00,65.31648391204354,65.73897087137112,64.5560073852539,64.5560073852539,1811968,0.0,0.0
2019-10-30 00:00:00+08:00,64.72499353514368,65.73896210227387,64.72499353514368,65.65446472167969,1944140,0.0,0.0
2019-10-31 00:00:00+08:00,66.07696163411043,67.25992514162648,65.82346945392842,66.24595642089844,3899032,0.0,0.0
2019-11-01 00:00:00+08:00,66.4149510007063,69.4568571534104,66.4149510007063,68.69638061523438,7624792,0.0,0.0
2019-11-04 00:00:00+08:00,69.45685076357714,70.47081938786293,67.93589782714844,67.93589782714844,5012000,0.0,0.0
2019-11-05 00:00:00+08:00,68.6118839148319,68.94987349076705,66.41495167125355,66.92193603515625,3312000,0.0,0.0
2019-11-06 00:00:00+08:00,67.2599228847174,68.44288635253906,66.58394376024788,68.44288635253906,2316000,0.0,0.0
2019-11-07 00:00:00+08:00,70.89331067874107,71.48479241265191,68.44288635253906,68.44288635253906,9864000,0.0,0.0
2019-11-08 00:00:00+08:00,68.44288431280376,68.78087386496576,65.40097834334581,65.73896789550781,6681040,0.0,0.0
2019-11-11 00:00:00+08:00,65.31647433611302,66.33044288984311,64.38700316186045,64.64049530029297,3348000,0.0,0.0
2019-11-12 00:00:00+08:00,65.56997704139123,66.7529405447153,65.23198746901292,65.90796661376953,2844000,0.0,0.0
2019-11-13 00:00:00+08:00,65.738959671615,65.738959671615,64.55599638703582,65.06298065185547,2504000,0.0,0.0
2019-11-14 00:00:00+08:00,64.89399324820496,65.2319827963727,64.55600370003722,64.7249984741211,1592000,0.0,0.0
2019-11-15 00:00:00+08:00,64.64049240376086,65.06297928221682,63.119539641319435,63.54202651977539,6934772,0.0,0.0
2019-11-18 00:00:00+08:00,63.71103225215789,63.71103225215789,59.48616273941532,60.246639251708984,9508000,0.0,0.0
2019-11-19 00:00:00+08:00,59.570655083061915,61.93658180976509,59.570655083061915,61.007110595703125,4772000,0.0,0.0
2019-11-20 00:00:00+08:00,61.091617361395016,61.42960694569042,60.07764860850879,60.75362777709961,2268000,0.0,0.0
2019-11-21 00:00:00+08:00,60.838124009429436,61.85209274291993,59.99315006485403,61.85209274291992,3168000,0.0,0.0
2019-11-22 00:00:00+08:00,61.93658180976509,62.10557657595817,61.007110595703125,61.007110595703125,1624436,0.0,0.0
2019-11-25 00:00:00+08:00,61.17610747238685,61.4295996304216,60.50012838429418,61.26060485839844,1100000,0.0,0.0
2019-11-26 00:00:00+08:00,61.59859071422951,63.96451738089402,61.4295959523249,63.71102523803711,4436000,0.0,0.0
2019-11-27 00:00:00+08:00,64.21801283276433,64.3025102180706,62.781557282557756,63.03504943847656,1992000,0.0,0.0
2019-11-28 00:00:00+08:00,63.288537475298035,63.288537475298035,62.35906629742316,62.69705581665039,1176000,0.0,0.0
2019-11-29 00:00:00+08:00,62.697063322325015,63.62653461146999,62.4435711525582,62.52806854248047,1564480,0.0,0.0
2019-12-02 00:00:00+08:00,62.69705783055482,63.03504736063867,59.148167764674355,60.500125885009766,3476000,0.0,0.0
2019-12-03 00:00:00+08:00,60.50012905131656,60.50012905131656,59.14817086022569,59.655155181884766,3304000,0.0,0.0
2019-12-04 00:00:00+08:00,59.655155344809984,59.655155344809984,56.782244180895624,57.37372589111328,7172000,0.0,0.0
2019-12-05 00:00:00+08:00,57.88071637946037,58.47219815268113,57.458229398588394,57.965213775634766,3564000,0.0,0.0
2019-12-06 00:00:00+08:00,59.31716288425257,63.71102680160461,58.979173352148564,63.28853988647461,10638136,0.0,0.0
2019-12-09 00:00:00+08:00,62.86605971978635,62.86605971978635,61.76759362253202,62.10558319091797,3212000,0.0,0.0
2019-12-10 00:00:00+08:00,64.21800707877081,65.23197561159351,62.274567390860646,63.11954116821289,8704000,0.0,0.0
2019-12-11 00:00:00+08:00,62.86605453491212,63.71102838618781,62.52806499440183,62.86605453491211,2880000,0.0,0.0
2019-12-12 00:00:00+08:00,63.28854668026879,63.711033640751225,62.02108579882148,62.10558319091797,2732000,0.0,0.0
2019-12-13 00:00:00+08:00,62.69706420054244,63.1195511560717,61.007116378425394,61.09161376953125,2636480,0.0,0.0
2019-12-16 00:00:00+08:00,61.17610394513166,63.88002014160156,60.50012489601418,63.88002014160156,4592000,0.0,0.0
2019-12-17 00:00:00+08:00,63.373045715092054,64.97849620654105,63.373045715092054,64.47151184082031,4876000,0.0,0.0
2019-12-18 00:00:00+08:00,64.80949133413809,64.97848609641747,63.62652799818251,63.88002014160156,2704000,0.0,0.0
2019-12-19 00:00:00+08:00,64.13351895100362,64.13351895100362,62.52806854248047,62.52806854248047,2444000,0.0,0.0
2019-12-20 00:00:00+08:00,62.69706541243665,63.71103412530625,62.61256801969752,62.78156280517578,1587692,0.0,0.0
2019-12-23 00:00:00+08:00,63.20404605737468,63.288543445151916,62.86605650626573,62.95055389404297,756000,0.0,0.0
2019-12-24 00:00:00+08:00,63.45754105417352,65.06299149362664,63.20404887952303,64.218017578125,3420000,0.0,0.0
2019-12-25 00:00:00+08:00,64.21801466042373,66.4149467409119,63.54203555873506,65.4009780883789,6360000,0.0,0.0
2019-12-26 00:00:00+08:00,65.400983177975,65.82347014940895,64.47151184082031,64.47151184082031,2216000,0.0,0.0
2019-12-27 00:00:00+08:00,64.80949745729625,65.06298962466506,64.21801573343565,64.3025131225586,1722128,0.0,0.0
2019-12-30 00:00:00+08:00,64.80950577354677,65.7389771731674,64.55601357365025,65.31649017333984,2156000,0.0,0.0
2019-12-31 00:00:00+08:00,65.56997704139123,67.34442229637733,65.40098225520208,65.90796661376953,6162956,0.0,0.0
2020-01-02 00:00:00+08:00,66.92193184190124,68.69637700437589,66.41494750976562,66.41494750976562,5884000,0.0,0.0
2020-01-03 00:00:00+08:00,67.4289211169291,67.4289211169291,64.80950187554464,65.14749145507812,3657892,0.0,0.0
2020-01-06 00:00:00+08:00,65.23197937011719,66.33044534396632,64.21801077887184,65.23197937011719,2884000,0.0,0.0
2020-01-07 00:00:00+08:00,65.73896814917055,66.41494725610289,65.0629890422382,66.07695770263672,3216000,0.0,0.0
2020-01-08 00:00:00+08:00,67.68240983751085,68.44288635253906,66.4149489791305,68.44288635253906,12972000,0.0,0.0
2020-01-09 00:00:00+08:00,70.04832830006906,75.20266850067728,70.04832830006906,74.44219207763672,27492000,0.0,0.0
2020-01-10 00:00:00+08:00,75.9631585543273,79.59654656081904,75.20268199482902,77.31511688232422,25816000,0.0,0.0
2020-01-13 00:00:00+08:00,77.39961427782403,80.10353093381788,75.79416376332767,77.31511688232422,12440000,0.0,0.0
2020-01-14 00:00:00+08:00,77.73759023323099,79.59653260837348,77.39960071047781,79.3430404663086,9080000,0.0,0.0
2020-01-15 00:00:00+08:00,79.34304707073571,79.93452878478806,76.97712021452634,77.9910888671875,7216000,0.0,0.0
2020-01-16 00:00:00+08:00,77.99108912232367,78.49807345031277,77.23061263034,78.3290786743164,4008000,0.0,0.0
2020-01-17 00:00:00+08:00,78.75156403432784,79.00505619323663,76.30113983154297,76.30113983154297,4484252,0.0,0.0
2020-01-20 00:00:00+08:00,76.38564460983604,79.00506383871316,76.38564460983604,78.75157165527344,5115076,0.0,0.0
2020-01-30 00:00:00+08:00,79.4275492245389,84.8353823632309,78.92056486778652,81.96247100830078,19516000,0.0,0.0
2020-01-31 00:00:00+08:00,82.80744120907882,85.00437332278906,82.13146209716797,82.13146209716797,11390564,0.0,0.0
2020-02-03 00:00:00+08:00,82.21595743223288,84.32839210418132,74.86468477385235,76.97711944580078,14004000,0.0,0.0
2020-02-04 00:00:00+08:00,78.24458147684733,81.11749267578125,77.315110206604,81.11749267578125,6644000,0.0,0.0
2020-02-05 00:00:00+08:00,81.62448187934028,82.21596363208913,78.66707311559607,79.85003662109375,8556000,0.0,0.0
2020-02-06 00:00:00+08:00,79.93453358129128,81.96247100830078,78.24458572545002,81.96247100830078,7808000,0.0,0.0
2020-02-07 00:00:00+08:00,84.4973983051621,85.84935667804469,81.3709945678711,81.3709945678711,19856528,0.0,0.0
2020-02-10 00:00:00+08:00,81.45548265891425,84.243896484375,80.27251921780969,84.243896484375,9119612,0.0,0.0
2020-02-11 00:00:00+08:00,84.24389358644815,84.49738574367919,82.30045371434353,82.97643280029297,9440000,0.0,0.0
2020-02-12 00:00:00+08:00,82.46945841641606,83.39892977151911,80.5260183102915,80.77951049804688,8288000,0.0,0.0
2020-02-13 00:00:00+08:00,81.53997379497889,82.2159528523466,80.44150782675638,81.03298950195312,4652000,0.0,0.0
2020-02-14 00:00:00+08:00,82.80744269191023,84.24389833044336,82.21596095839658,84.1594009399414,8785332,0.0,0.0
2020-02-17 00:00:00+08:00,84.41289680768858,89.5672378540039,83.65242025987158,89.5672378540039,19856000,0.0,0.0
2020-02-18 00:00:00+08:00,89.06025232168345,89.39824189406175,86.52533052884615,87.87728881835938,8692000,0.0,0.0
2020-02-19 00:00:00+08:00,87.87728820466036,92.94713175492923,87.20130906462451,92.44014739990234,13160000,0.0,0.0
2020-02-20 00:00:00+08:00,92.10215876123927,97.0030075760575,91.25718482764992,93.79210662841797,18008000,0.0,0.0
2020-02-21 00:00:00+08:00,95.8200330734253,96.32701737540108,93.28511156354631,94.63706970214844,12567508,0.0,0.0
2020-02-24 00:00:00+08:00,94.63708169484218,101.05888366699219,93.96110253987902,101.05888366699219,19800000,0.0,0.0
2020-02-25 00:00:00+08:00,100.72088798147733,103.93178877283314,100.04490886750769,103.0868148803711,13416000,0.0,0.0
2020-02-26 00:00:00+08:00,102.24182873680478,106.4666976928711,101.56584970383417,106.4666976928711,14380000,0.0,0.0
2020-02-27 00:00:00+08:00,107.4806791211738,109.50861646308273,99.53792453203044,103.0868148803711,19836000,0.0,0.0
2020-03-02 00:00:00+08:00,102.07284070498979,102.41083024374804,98.86194008678646,100.88987731933594,10724000,0.0,0.0
2020-03-03 00:00:00+08:00,103.7627919258092,105.11475012679693,100.38289642333984,100.38289642333984,10612000,0.0,0.0
2020-03-04 00:00:00+08:00,100.38290263697044,100.38290263697044,95.14406428386255,98.35496520996094,12072000,0.0,0.0
2020-03-05 00:00:00+08:00,103.76279332919384,107.9876627644216,101.73485600028451,107.31168365478516,14804000,0.0,0.0
2020-03-06 00:00:00+08:00,105.79072378819286,108.49464005114986,103.42479705810548,103.42479705810547,10904000,0.0,0.0
2020-03-09 00:00:00+08:00,103.42479705810548,103.42479705810548,103.42479705810548,103.42479705810547,0,0.0,0.0
2020-03-10 00:00:00+08:00,97.50997891853815,103.25580089987315,97.34098415438123,101.73484802246094,11484000,0.0,0.0
2020-03-11 00:00:00+08:00,102.9178123014519,104.26977042692253,98.01696409662085,98.18595886230469,11520000,0.0,0.0
2020-03-12 00:00:00+08:00,97.84798172230029,97.84798172230029,88.38427364553205,88.55326843261719,15940000,0.0,0.0
2020-03-13 00:00:00+08:00,88.55326843261719,88.55326843261719,88.55326843261719,88.55326843261719,0,0.0,0.0
2020-03-16 00:00:00+08:00,96.32702325617225,98.52395536552356,86.86331570819745,87.03231048583984,20840000,0.0,0.0
2020-03-17 00:00:00+08:00,86.01834662633998,92.10215896140528,82.80744567172218,88.55326843261719,26324000,0.0,0.0
2020-03-18 00:00:00+08:00,88.55326843261719,88.55326843261719,88.55326843261719,88.55326843261719,0,0.0,0.0
2020-03-19 00:00:00+08:00,83.1454255240304,85.51135226658411,75.70965576171875,75.70965576171875,27952000,0.0,0.0
2020-03-20 00:00:00+08:00,79.3430449442567,82.7229403625424,76.38563645325672,80.18801879882812,25348000,0.0,0.0
2020-03-23 00:00:00+08:00,76.55463760228785,82.97643943206035,73.68172625738964,78.83606719970703,14056000,0.0,0.0
2020-03-24 00:00:00+08:00,82.30045647277237,86.69432067871094,81.62447736416644,86.69432067871094,17068000,0.0,0.0
2020-03-25 00:00:00+08:00,92.10215747356415,93.2851209640503,86.52532958984375,86.52532958984375,20408000,0.0,0.0
2020-03-26 00:00:00+08:00,88.04628160423208,90.4122085571289,85.51135986898548,90.4122085571289,15212000,0.0,0.0
2020-03-27 00:00:00+08:00,92.44015042340314,93.28512437608507,88.72226503160265,91.25718688964844,16432000,0.0,0.0
2020-03-30 00:00:00+08:00,90.07421019791697,94.13008457831097,89.39823113451796,93.62310028076172,15056000,0.0,0.0
2020-03-31 00:00:00+08:00,95.4820502322653,95.98903456978175,92.27114942799443,93.28511810302734,13708000,0.0,0.0
2020-04-01 00:00:00+08:00,93.62310109819684,95.14405400412423,92.44013772691999,94.63706970214844,7304000,0.0,0.0
2020-04-06 00:00:00+08:00,95.98903347798532,103.25580889973419,94.63707525998552,102.07284545898438,18044000,0.0,0.0
2020-04-07 00:00:00+08:00,104.2697848892212,106.29772235870361,100.04491516113282,101.3968734741211,14976000,0.0,0.0
2020-04-08 00:00:00+08:00,102.07283612844107,104.77675231727395,100.0448989868164,100.0448989868164,14784000,0.0,0.0
2020-04-09 00:00:00+08:00,101.39686830582157,102.5798317693895,98.01697269562752,99.53792572021484,11368000,0.0,0.0
2020-04-10 00:00:00+08:00,100.88988445983165,102.24184271054966,98.69295230241488,100.21390533447266,14184000,0.0,0.0
2020-04-13 00:00:00+08:00,100.38291020886652,102.74883738550646,98.01698303222656,98.01698303222656,6900000,0.0,0.0
2020-04-14 00:00:00+08:00,99.53791754306891,100.72088090945513,98.6929437099359,98.8619384765625,4832000,0.0,0.0
2020-04-15 00:00:00+08:00,100.38289137620193,102.57982334234775,98.8619384765625,98.8619384765625,8272000,0.0,0.0
2020-04-16 00:00:00+08:00,98.86194635290506,100.38289937371898,98.52395679272419,99.19993591308594,4624000,0.0,0.0
2020-04-17 00:00:00+08:00,101.39687100537733,101.73486057539526,92.10215782988442,92.44014739990234,14972000,0.0,0.0
2020-04-20 00:00:00+08:00,93.28511734847184,94.13009123749785,90.919190459199,92.27114868164062,7964000,0.0,0.0
2020-04-21 00:00:00+08:00,92.27114918101917,93.96109696821732,91.59517006613991,92.94712829589844,6560000,0.0,0.0
2020-04-22 00:00:00+08:00,93.79208708553215,97.50997161865234,92.44012907348845,97.50997161865234,9660000,0.0,0.0
2020-04-23 00:00:00+08:00,98.52394012768512,99.19991913370698,96.66499786112503,97.50997161865234,1544000,0.0,0.0
2020-04-24 00:00:00+08:00,97.17200754388061,97.17200754388061,95.65105438232422,95.65105438232422,4032000,0.0,0.0
2020-04-27 00:00:00+08:00,95.98903956557766,96.83401350541548,94.63708126183712,94.80607604980469,4468000,0.0,0.0
2020-04-28 00:00:00+08:00,94.97507197552095,99.19994172532171,94.97507197552095,96.49602508544922,9200000,0.0,0.0
2020-04-29 00:00:00+08:00,96.66500933690054,97.67897796630858,95.9890302506285,97.6789779663086,5220000,0.0,0.0
2020-04-30 00:00:00+08:00,98.52395703715663,98.69295181766633,93.45411362186555,94.29908752441406,11048000,0.0,0.0
2020-05-04 00:00:00+08:00,92.94713215478139,92.94713215478139,87.53929901123047,87.53929901123047,13088000,0.0,0.0
2020-05-05 00:00:00+08:00,88.72226391198501,90.07422221921526,86.69432645113963,89.5672378540039,9324000,0.0,0.0
2020-05-06 00:00:00+08:00,89.2292471078726,89.9052262526292,87.20130967360276,87.87728881835938,5932000,0.0,0.0
2020-05-07 00:00:00+08:00,88.55326424450426,89.06024858178196,87.53929556994886,88.04627990722656,4076000,0.0,0.0
2020-05-08 00:00:00+08:00,89.56724022988887,90.0742246085486,87.2013131294767,87.37030792236328,8632000,0.0,0.0
2020-05-11 00:00:00+08:00,87.87727522141863,88.215264741501,84.24388788053304,85.34235382080078,11848000,0.0,0.0
2020-05-12 00:00:00+08:00,85.17337246598869,88.72226298540488,85.17337246598869,88.21527862548828,11004000,0.0,0.0
2020-05-13 00:00:00+08:00,88.21527590994108,90.2432132871811,87.37030200275774,89.7362289428711,8400000,0.0,0.0
2020-05-14 00:00:00+08:00,90.07421825964194,92.10215563134119,89.39823913574219,89.39823913574219,9544000,0.0,0.0
2020-05-15 00:00:00+08:00,91.25718197580112,91.59517153867446,88.89125503568776,89.7362289428711,5692000,0.0,0.0
2020-05-18 00:00:00+08:00,89.73622212330056,91.93315411501979,89.73622212330056,90.75019073486328,5464000,0.0,0.0
2020-05-19 00:00:00+08:00,92.60913695150347,92.60913695150347,90.24321009507821,90.5811996459961,4592000,0.0,0.0
2020-05-20 00:00:00+08:00,91.25718573804171,91.59517531484929,89.5672378540039,89.5672378540039,3612000,0.0,0.0
2020-05-21 00:00:00+08:00,90.41221085179355,90.75020042507128,88.04628383884942,88.21527862548828,4276000,0.0,0.0
2020-05-22 00:00:00+08:00,88.72225902359682,89.90522247724478,87.877285128134,88.04627990722656,3996000,0.0,0.0
2020-05-25 00:00:00+08:00,88.72225902359682,89.22924336087452,86.52532689539348,88.04627990722656,3752000,0.0,0.0
2020-05-26 00:00:00+08:00,89.22924336087452,89.22924336087452,87.877285128134,88.04627990722656,2012000,0.0,0.0
2020-05-27 00:00:00+08:00,88.72226345221806,88.8912582397461,87.70829472704986,88.8912582397461,2324000,0.0,0.0
2020-05-28 00:00:00+08:00,89.90521847418022,97.67897796630858,89.90521847418022,97.6789779663086,26120000,0.0,0.0
2020-05-29 00:00:00+08:00,97.50998074667794,100.72088132585797,94.63706970214844,94.63706970214844,22572000,0.0,0.0
2020-06-01 00:00:00+08:00,95.65102935209225,98.52394012768512,95.65102935209225,97.50997161865234,8112000,0.0,0.0
2020-06-02 00:00:00+08:00,97.5099800724926,99.36892250021776,96.83400100786527,98.5239486694336,6996000,0.0,0.0
2020-06-03 00:00:00+08:00,99.70691175345915,102.07283847303276,98.18595886230469,98.18595886230469,13216000,0.0,0.0
2020-06-04 00:00:00+08:00,102.24183574542776,103.9317834436993,99.36892465836615,101.22786712646484,14716000,0.0,0.0
2020-06-05 00:00:00+08:00,101.39686216332154,102.07284124441036,99.87590923087173,101.56585693359375,5740000,0.0,0.0
2020-06-08 00:00:00+08:00,101.90385339560628,102.74882730435924,100.55189514160156,100.55189514160156,4268000,0.0,0.0
2020-06-09 00:00:00+08:00,103.25581684679088,105.9597334908967,102.41084289550781,102.41084289550781,15344000,0.0,0.0
2020-06-10 00:00:00+08:00,103.08680752523586,103.7627865909751,101.73484939375734,103.42479705810547,5464000,0.0,0.0
2020-06-11 00:00:00+08:00,104.60776252300792,105.11474683248937,101.22786712646484,101.22786712646484,6256000,0.0,0.0
2020-06-12 00:00:00+08:00,99.36892492005512,101.56585693359375,98.1859615281497,101.56585693359375,4920000,0.0,0.0
2020-06-15 00:00:00+08:00,101.90384752997036,104.26977433829471,101.7348527579472,102.91781616210938,5396000,0.0,0.0
2020-06-16 00:00:00+08:00,104.60775535220192,106.4666976928711,103.2557972862607,106.4666976928711,8884000,0.0,0.0
2020-06-17 00:00:00+08:00,107.98768067436586,108.83265470155183,104.60778456562203,105.1147689819336,9332000,0.0,0.0
2020-06-18 00:00:00+08:00,107.64967541387904,115.5924301147461,107.48068063300953,115.5924301147461,23888000,0.0,0.0
2020-06-19 00:00:00+08:00,119.64830627861181,125.73211846227004,118.29634801557664,122.85920715332031,24028000,0.0,0.0
2020-06-22 00:00:00+08:00,124.04216840589369,126.74608488340635,121.84523626791464,125.05613708496094,11804000,0.0,0.0
2020-06-23 00:00:00+08:00,126.40810416666667,129.11202083333333,123.7041875,126.74609375,10628000,0.0,0.0
2020-06-24 00:00:00+08:00,127.92904598694629,134.85783183300282,127.59105643348012,132.15391540527344,15436000,0.0,0.0
2020-06-29 00:00:00+08:00,129.95699315485749,131.1399566816247,123.19720157333043,124.38016510009766,11380000,0.0,0.0
2020-06-30 00:00:00+08:00,126.91507486757119,129.78798601637106,122.8592003045596,123.8731689453125,9836000,0.0,0.0
2020-07-01 00:00:00+08:00,124.88715104166667,128.09805208333333,124.38016666666667,126.74609375,9788000,0.0,0.0
2020-07-02 00:00:00+08:00,128.94302235560144,139.42069913941177,127.76005884775188,138.06874084472656,24168000,0.0,0.0
2020-07-03 00:00:00+08:00,140.265671629343,144.49054125673283,136.04080200195312,136.04080200195312,19152000,0.0,0.0
2020-07-06 00:00:00+08:00,138.57572246117394,142.29360769793715,136.54778505930312,139.58969116210938,14164000,0.0,0.0
2020-07-07 00:00:00+08:00,142.96958150103046,142.96958150103046,136.3787851906993,137.73074340820312,10868000,0.0,0.0
2020-07-08 00:00:00+08:00,137.22376105243117,142.2936044410678,137.22376105243117,140.43466186523438,8844000,0.0,0.0
2020-07-09 00:00:00+08:00,141.95561714452168,146.18048670239438,137.2237632397043,138.23773193359375,14668000,0.0,0.0
2020-07-10 00:00:00+08:00,139.7586872740562,140.77265598462978,133.50588022551923,136.04080200195312,11008000,0.0,0.0
2020-07-13 00:00:00+08:00,138.9136882714266,142.80056762695312,137.5617302347217,142.80056762695312,9796000,0.0,0.0
2020-07-14 00:00:00+08:00,141.110634095598,142.63158703794574,136.20978572581075,136.5477752685547,10388000,0.0,0.0
2020-07-15 00:00:00+08:00,138.74471946129432,139.42069860605093,128.436037503756,131.81593322753906,13720000,0.0,0.0
2020-07-16 00:00:00+08:00,132.82988865341326,134.85782588476306,129.44999326783022,129.61898803710938,7788000,0.0,0.0
2020-07-17 00:00:00+08:00,130.29497033674753,131.81592329787688,122.69020553110077,123.8731689453125,15044000,0.0,0.0
2020-07-20 00:00:00+08:00,124.71816234909393,130.6329803466797,121.84525075026657,130.6329803466797,9496000,0.0,0.0
2020-07-21 00:00:00+08:00,128.43603523997447,128.43603523997447,122.85920739402823,123.19719696044922,18028000,0.0,0.0
2020-07-22 00:00:00+08:00,124.04216317451095,129.4499959014651,123.535178856359,128.09803771972656,12592000,0.0,0.0
2020-07-23 00:00:00+08:00,128.0980329450056,128.26702771142382,124.38014808380493,126.91506958007812,6580000,0.0,0.0
2020-07-24 00:00:00+08:00,126.40809456723912,126.40809456723912,121.00026164457648,124.04216766357422,7384000,0.0,0.0
2020-07-27 00:00:00+08:00,125.05614502641816,126.0701137698756,119.31032214682597,119.81730651855469,7748000,0.0,0.0
2020-07-28 00:00:00+08:00,120.83125305175781,125.05612203958151,117.45135786149885,120.83125305175781,11668000,0.0,0.0
2020-07-29 00:00:00+08:00,122.01422119140625,124.38014791810943,121.33824212663392,122.01422119140625,5200000,0.0,0.0
2020-07-30 00:00:00+08:00,122.3522175014419,126.23909733919488,120.32428019478816,125.90110778808594,5444000,0.0,0.0
2020-07-31 00:00:00+08:00,126.239109375,129.11202083333333,124.38016666666667,126.74609375,8472000,0.0,0.0
2020-08-03 00:00:00+08:00,125.73212500000001,129.281015625,123.7041875,126.74609375,7180000,0.0,0.0
2020-08-04 00:00:00+08:00,127.59106537305199,129.9569924130821,127.59106537305199,128.94302368164062,5500000,0.0,0.0
2020-08-05 00:00:00+08:00,129.4499879059968,129.61898266827617,127.76004028320312,127.76004028320312,3256000,0.0,0.0
2020-08-06 00:00:00+08:00,133.1678749835553,137.22374934853667,130.46395874023438,130.46395874023438,11668000,0.0,0.0
2020-08-07 00:00:00+08:00,131.8159186540853,132.82988725911673,127.08406516393865,127.92903900146484,5864000,0.0,0.0
2020-08-10 00:00:00+08:00,129.2810053581007,131.13994791880543,127.92904713213366,128.6050262451172,4236000,0.0,0.0
2020-08-11 00:00:00+08:00,129.2810101554384,129.4500049399553,124.211166619931,124.54915618896484,4696000,0.0,0.0
2020-08-12 00:00:00+08:00,123.70417767598657,128.6050262451172,120.66227166756067,128.6050262451172,7980000,0.0,0.0
2020-08-13 00:00:00+08:00,129.1120069225358,129.78798601637106,123.8731689453125,123.8731689453125,5352000,0.0,0.0
2020-08-14 00:00:00+08:00,123.87316378455029,127.42205387933275,123.36617948529565,126.91506958007812,2956000,0.0,0.0
2020-08-17 00:00:00+08:00,127.42205914675095,129.11200688079273,125.22512709249662,128.77401733398438,3424000,0.0,0.0
2020-08-18 00:00:00+08:00,131.308943010998,134.68883858399667,130.29497433909842,134.18185424804688,10384000,0.0,0.0
2020-08-19 00:00:00+08:00,136.2097935806086,140.77265267077786,134.3508509883174,136.88577270507812,9632000,0.0,0.0
2020-08-20 00:00:00+08:00,138.06873382688664,139.7586816093455,126.74608368441247,128.6050262451172,11188000,0.0,0.0
2020-08-21 00:00:00+08:00,136.20978574399595,141.44862365722656,135.87179620120688,141.44862365722656,12208000,0.0,0.0
2020-08-24 00:00:00+08:00,148.4165528509099,155.55866396227998,142.84222222740155,145.977783203125,18468000,6.25,0.0
2020-08-25 00:00:00+08:00,150.33271394637188,159.73939593142876,148.93913143006716,158.17161560058594,18512000,0.0,0.0
2020-08-26 00:00:00+08:00,163.04917864118303,166.35893760932672,155.03607798146678,158.52003479003906,16228000,0.0,0.0
2020-08-27 00:00:00+08:00,156.95224825329956,162.00398543348345,156.95224825329956,157.30064392089844,9228000,0.0,0.0
2020-08-28 00:00:00+08:00,160.26199100794418,160.26199100794418,152.9456827227989,155.0360565185547,10420000,0.0,0.0
2020-08-31 00:00:00+08:00,157.30063252882525,158.17162163474342,151.55210442976517,153.29408264160156,6876000,0.0,0.0
2020-09-01 00:00:00+08:00,153.64246876767652,166.01051330566406,153.2940731468881,166.01051330566406,14868000,0.0,0.0
2020-09-02 00:00:00+08:00,170.71386395078716,173.32683125615637,160.2619947293104,160.9587860107422,16532000,0.0,0.0
2020-09-03 00:00:00+08:00,163.04916294642857,165.836328125,160.95878906250002,164.616943359375,9220000,0.0,0.0
2020-09-04 00:00:00+08:00,159.913612995977,162.87497619960618,157.9974368053934,160.2620086669922,8416000,0.0,0.0
2020-09-07 00:00:00+08:00,154.16506974593455,156.25544357299805,144.2357940673828,144.2357940673828,18692000,0.0,0.0
2020-09-08 00:00:00+08:00,145.280996086261,148.0681614788032,141.10024799744775,141.9712371826172,9404000,0.0,0.0
2020-09-09 00:00:00+08:00,143.713195032353,145.62937096611773,141.1002278499466,145.28097534179688,10304000,0.0,0.0
2020-09-10 00:00:00+08:00,148.06814643348713,148.06814643348713,139.00985982814439,140.4034423828125,9992000,0.0,0.0
2020-09-11 00:00:00+08:00,140.40343735203598,143.71319580078125,138.3130635949337,143.71319580078125,7740000,0.0,0.0
2020-09-14 00:00:00+08:00,144.58420473812546,144.75840257515935,140.05506097524443,141.9712371826172,7052000,0.0,0.0
2020-09-15 00:00:00+08:00,141.97122671784865,144.9325897291412,141.97122671784865,142.4938201904297,4088000,0.0,0.0
2020-09-16 00:00:00+08:00,143.3648169691942,146.67457580566406,143.3648169691942,146.67457580566406,5332000,0.0,0.0
2020-09-17 00:00:00+08:00,147.19717486950492,149.4617467905742,143.3648223876953,143.3648223876953,7048000,0.0,0.0
2020-09-18 00:00:00+08:00,144.2357940673828,144.93258534307066,143.19060715385106,144.2357940673828,2688000,0.0,0.0
2020-09-21 00:00:00+08:00,143.71319169048013,145.10677415535753,140.57763114450603,141.62281799316406,3264000,0.0,0.0
2020-09-22 00:00:00+08:00,141.9712324095477,144.061606383676,139.8808584354194,141.44863891601562,3672000,0.0,0.0
2020-09-23 00:00:00+08:00,143.01639204107585,144.23577662607892,140.75182066892725,141.2744140625,2956000,0.0,0.0
2020-09-24 00:00:00+08:00,139.88086362007337,140.2292592953413,134.65492849105445,135.8743133544922,7068000,0.0,0.0
2020-09-25 00:00:00+08:00,136.57108250668173,137.96466498123974,130.99675260844984,132.3903350830078,7176000,0.0,0.0
2020-09-28 00:00:00+08:00,134.30651805142926,134.65491368839795,130.29996822628937,132.0419464111328,4548000,0.0,0.0
2020-09-29 00:00:00+08:00,133.26132898093206,136.39688966283637,132.21614208696397,132.91293334960938,5016000,0.0,0.0
2020-09-30 00:00:00+08:00,133.26134677990865,134.30653381347656,131.51936839062878,134.30653381347656,2924000,0.0,0.0
2020-10-05 00:00:00+08:00,134.82911506763693,134.82911506763693,131.3451586059409,131.8677520751953,3180000,0.0,0.0
2020-10-06 00:00:00+08:00,132.738733219195,138.31306322315072,132.04194196870054,137.61627197265625,7300000,0.0,0.0
2020-10-07 00:00:00+08:00,137.09369722276887,137.61629073187726,136.0485102045521,137.4420928955078,3772000,0.0,0.0
2020-10-08 00:00:00+08:00,141.10024517068936,143.88741050739432,137.61628849980815,138.31307983398438,13236000,0.0,0.0
2020-10-12 00:00:00+08:00,139.18405286283007,144.06159163649622,137.6162725427231,139.88084411621094,8880000,0.0,0.0
2020-10-13 00:00:00+08:00,139.7066572723781,140.9260420615385,134.1323268076448,135.52590942382812,6820000,0.0,0.0
2020-10-14 00:00:00+08:00,134.13233121236163,137.7904856999715,133.783935546875,133.783935546875,5728000,0.0,0.0
2020-10-15 00:00:00+08:00,134.48071503918982,135.17750630882293,132.5645390476988,133.60972595214844,3448000,0.0,0.0
2020-10-16 00:00:00+08:00,133.95811536688555,135.52589565076326,132.21613727368808,132.3903350830078,3772000,0.0,0.0
2020-10-19 00:00:00+08:00,133.26134042955746,134.13232958269182,130.29997730890062,130.82257080078125,4448000,0.0,0.0
2020-10-20 00:00:00+08:00,130.8225677091312,133.26133728027344,130.47417205611086,133.26133728027344,2840000,0.0,0.0
2020-10-21 00:00:00+08:00,133.26133767253023,135.70010725085103,132.21615071039275,135.52590942382812,4208000,0.0,0.0
2020-10-22 00:00:00+08:00,135.17752200395634,137.61629173083185,135.17752200395634,135.8743133544922,4540000,0.0,0.0
2020-10-23 00:00:00+08:00,136.22269103687663,137.2678779246276,134.30651507599984,134.480712890625,2352000,0.0,0.0
2020-10-26 00:00:00+08:00,135.35170631709062,136.04849759800229,132.73873901367188,132.73873901367188,14676000,0.0,0.0
2020-10-27 00:00:00+08:00,131.5193564290257,132.2161477213649,130.2999716674321,131.8677520751953,15420000,0.0,0.0
2020-10-28 00:00:00+08:00,132.3903407089274,132.91293415909422,130.82256035842693,131.34515380859375,6312000,0.0,0.0
2020-10-29 00:00:00+08:00,128.90639211415922,129.42898559570312,127.33861166952757,129.42898559570312,14432000,0.0,0.0
2020-10-30 00:00:00+08:00,129.77736523810853,132.73872793481704,129.60316743241978,130.9967498779297,16076000,0.0,0.0
2020-11-02 00:00:00+08:00,131.86775162399456,132.56454291394962,129.60317993164062,129.60317993164062,8344000,0.0,0.0
2020-11-03 00:00:00+08:00,131.3451586059409,132.3903455444497,130.82256513668648,131.8677520751953,5980000,0.0,0.0
2020-11-04 00:00:00+08:00,132.91292851096705,132.91292851096705,130.99675260844984,132.3903350830078,4720000,0.0,0.0
2020-11-05 00:00:00+08:00,134.48071769468245,136.5710915448589,133.78392641129034,135.00331115722656,19648000,0.0,0.0
2020-11-06 00:00:00+08:00,137.0936845193698,137.0936845193698,132.73873901367188,132.73873901367188,20820000,0.0,0.0
2020-11-09 00:00:00+08:00,133.78392986918604,134.82911682128906,133.08713856778402,134.82911682128906,2124000,0.0,0.0
2020-11-10 00:00:00+08:00,134.65491420351228,134.65491420351228,121.41587994805698,126.29341888427734,13716000,0.0,0.0
2020-11-11 00:00:00+08:00,125.94502377372257,125.94502377372257,120.37069353754121,120.54489135742188,8272000,0.0,0.0
2020-11-12 00:00:00+08:00,120.89329231795018,121.59008362814009,116.88674228435818,117.23513793945312,9388000,0.0,0.0
2020-11-13 00:00:00+08:00,116.71254292656393,121.41588420867919,116.71254292656393,118.45452117919922,6412000,0.0,0.0
2020-11-16 00:00:00+08:00,119.32551987317143,119.67391555163324,116.88675012393874,119.49971771240234,4420000,0.0,0.0
2020-11-17 00:00:00+08:00,120.89327865821727,121.241674273947,118.97710277170374,120.19648742675781,3648000,0.0,0.0
2020-11-18 00:00:00+08:00,119.67389611014485,121.24167640853102,118.80290705548586,119.32550048828125,2396000,0.0,0.0
2020-11-19 00:00:00+08:00,119.84810638427734,121.24168901665267,118.97711723904277,119.84810638427734,2476000,0.0,0.0
2020-11-20 00:00:00+08:00,120.3706838101317,124.89982676101943,119.15129916950808,123.33204650878906,7552000,0.0,0.0
2020-11-23 00:00:00+08:00,124.02883845644448,124.37723407008617,121.2416735473109,121.76426696777344,4612000,0.0,0.0
2020-11-24 00:00:00+08:00,122.2868611211362,122.8094545447308,120.1964874267578,120.19648742675781,3368000,0.0,0.0
2020-11-25 00:00:00+08:00,120.37070015438199,120.89329364275123,117.40933705362295,117.93193054199219,4156000,0.0,0.0
2020-11-26 00:00:00+08:00,118.80291763175985,122.9836654663086,118.45452197888079,122.9836654663086,5296000,0.0,0.0
2020-11-27 00:00:00+08:00,123.68044212039581,124.55143114941268,122.11266186816543,123.33204650878906,4396000,0.0,0.0
2020-11-30 00:00:00+08:00,123.68045525564908,124.72564220147146,118.10612487792969,118.10612487792969,4080000,0.0,0.0
2020-12-01 00:00:00+08:00,119.49971072618352,120.71909552951192,118.62872158094895,119.84810638427734,2552000,0.0,0.0
2020-12-02 00:00:00+08:00,120.71908366107523,120.71908366107523,118.80290772994707,119.67389678955078,1556000,0.0,0.0
2020-12-03 00:00:00+08:00,119.32550898670445,119.32550898670445,117.06093728330714,117.75772857666016,3988000,0.0,0.0
2020-12-04 00:00:00+08:00,117.58352943829128,118.10612290246146,114.97056211744037,117.0609359741211,5080000,0.0,0.0
2020-12-07 00:00:00+08:00,115.84154791702316,116.53833918268947,115.14475665135687,115.31895446777344,2336000,0.0,0.0
2020-12-08 00:00:00+08:00,117.06094360351562,124.20305474599202,116.71254793802896,121.24169158935547,7720000,0.0,0.0
2020-12-09 00:00:00+08:00,121.06748566969596,121.24168349080344,117.58352924754644,118.97711181640625,4908000,0.0,0.0
2020-12-10 00:00:00+08:00,119.32551160890456,122.2868746707314,119.15131378173828,119.15131378173828,3524000,0.0,0.0
2020-12-11 00:00:00+08:00,119.49970747235953,121.24168571539684,117.58353140501849,118.10612487792969,2464000,0.0,0.0
2020-12-14 00:00:00+08:00,118.62870509744548,121.76426558460263,117.58351826839309,121.06747436523438,3516000,0.0,0.0
2020-12-15 00:00:00+08:00,122.11267550973331,124.02885158763212,118.45452117919922,118.45452117919922,5012000,0.0,0.0
2020-12-16 00:00:00+08:00,119.67390225801854,121.06748481706389,118.97711097849587,120.54489135742188,2748000,0.0,0.0
2020-12-17 00:00:00+08:00,119.32550745862119,121.41588131191091,117.7577270686539,118.97711181640625,3776000,0.0,0.0
2020-12-18 00:00:00+08:00,119.15130402630056,121.24167778114794,119.15130402630056,120.02229309082031,3796000,0.0,0.0
2020-12-21 00:00:00+08:00,120.02229789777988,121.06748481706389,118.80291315861521,120.54489135742188,2376000,0.0,0.0
2020-12-22 00:00:00+08:00,119.84810378130744,120.89329073288862,118.45452117919922,118.45452117919922,2908000,0.0,0.0
2020-12-23 00:00:00+08:00,118.97711723904277,119.84810638427734,118.1061280938082,119.84810638427734,1588000,0.0,0.0
2020-12-24 00:00:00+08:00,120.37070430310024,122.8094739995451,120.02230863217954,122.28688049316406,5196000,0.0,0.0
2020-12-25 00:00:00+08:00,123.33204650878906,125.42242017842955,122.11266186816543,123.33204650878906,6264000,0.0,0.0
2020-12-28 00:00:00+08:00,124.2030502513853,124.2030502513853,122.63526981342953,122.9836654663086,1988000,0.0,0.0
2020-12-29 00:00:00+08:00,123.3320681398565,123.8546616489237,121.93848544901067,122.6352767944336,2004000,0.0,0.0
2020-12-30 00:00:00+08:00,122.80945931073916,134.82910851987532,122.80945931073916,134.480712890625,22596000,0.0,0.0
2020-12-31 00:00:00+08:00,135.00330932536664,137.26788096566312,130.99675950022674,132.0419464111328,13560000,0.0,0.0
2021-01-04 00:00:00+08:00,135.17752549216746,135.87431686068376,133.08715138661847,135.7001190185547,6364000,0.0,0.0
2021-01-05 00:00:00+08:00,135.5259005845296,135.5259005845296,132.39033990262533,132.91293334960938,5072000,0.0,0.0
2021-01-06 00:00:00+08:00,133.60973705692754,136.57110019899764,127.51281294090086,129.25479125976562,8796000,0.0,0.0
2021-01-07 00:00:00+08:00,135.00330147414584,137.09367517439068,131.69354311542486,133.95811462402344,12012000,0.0,0.0
2021-01-08 00:00:00+08:00,135.00330688087803,138.3130653721512,133.43552654290656,136.7452850341797,8872000,0.0,0.0
2021-01-11 00:00:00+08:00,138.13887240801972,142.14542230131661,136.74528983643816,137.26788330078125,8812000,0.0,0.0
2021-01-12 00:00:00+08:00,138.3130830813677,138.3130830813677,134.65492849105445,135.8743133544922,4556000,0.0,0.0
2021-01-13 00:00:00+08:00,136.74528290953816,138.31306322315072,135.52589822117287,137.61627197265625,3916000,0.0,0.0
2021-01-14 00:00:00+08:00,137.61627492216445,139.18405526937897,135.17750549316406,135.17750549316406,3644000,0.0,0.0
2021-01-15 00:00:00+08:00,135.87429621585233,136.04849403151366,130.29996611468914,132.91293334960938,6720000,0.0,0.0
2021-01-18 00:00:00+08:00,133.43553421848503,136.91949072549508,132.041951615681,134.82911682128906,5092000,0.0,0.0
2021-01-19 00:00:00+08:00,135.35169358686966,136.2226826060902,134.13230895996094,134.13230895996094,3144000,0.0,0.0
2021-01-20 00:00:00+08:00,134.4807377367948,138.31309036659982,133.43555065593887,137.79049682617188,8836000,0.0,0.0
2021-01-21 00:00:00+08:00,138.83567558646354,139.00987342283298,136.0485102045521,137.4420928955078,5688000,0.0,0.0
2021-01-22 00:00:00+08:00,138.13887202886886,145.9777739724995,138.13887202886886,141.10023498535156,14408000,0.0,0.0
2021-01-25 00:00:00+08:00,143.88739266796648,151.55209639362087,143.71319485601978,149.1133270263672,16424000,0.0,0.0
2021-01-26 00:00:00+08:00,148.06813956155472,151.3778979752836,146.32616144906584,146.8487548828125,9348000,0.0,0.0
2021-01-27 00:00:00+08:00,148.93912861779916,150.68110673028804,146.6745570715636,146.8487548828125,6324000,0.0,0.0
2021-01-28 00:00:00+08:00,143.88740724620254,146.67457251973673,140.75184631347656,140.75184631347656,5704000,0.0,0.0
2021-01-29 00:00:00+08:00,142.84220941287955,144.06159412737975,134.65491204409255,135.17750549316406,6804000,0.0,0.0
2021-02-01 00:00:00+08:00,136.5710845122466,137.96466700726955,133.95811733407865,135.35169982910156,3720000,0.0,0.0
2021-02-02 00:00:00+08:00,136.74529157366072,141.2744349888393,136.39689592633928,140.229248046875,4248000,0.0,0.0
2021-02-03 00:00:00+08:00,141.44863025958722,145.45518013147208,140.05504769545334,144.93258666992188,6776000,0.0,0.0
2021-02-04 00:00:00+08:00,144.58419004681684,146.67456387881901,140.4034423828125,140.4034423828125,6408000,0.0,0.0
2021-02-05 00:00:00+08:00,143.19061592781898,144.58419856458607,140.4034506542848,140.75184631347656,5512000,0.0,0.0
2021-02-17 00:00:00+08:00,143.88740855249867,144.23580421485337,140.7518475913062,141.44863891601562,4596000,0.0,0.0
2021-02-18 00:00:00+08:00,142.31961774040673,151.0295086669922,141.9712221033433,148.06814575195312,10792000,0.0,0.0
2021-02-19 00:00:00+08:00,146.67456353229025,147.89394826474398,143.36480497277302,144.2357940673828,5588000,0.0,0.0
2021-02-22 00:00:00+08:00,146.32616545024672,152.94568245871025,145.4551763701857,148.9391326904297,8368000,0.0,0.0
2021-02-23 00:00:00+08:00,148.06815974819463,151.37791861315426,146.15198356321798,147.37136840820312,5832000,0.0,0.0
2021-02-24 00:00:00+08:00,149.1133321490909,150.6811125104715,144.75838670081137,145.80357360839844,5196000,0.0,0.0
2021-02-25 00:00:00+08:00,148.06816003375337,149.98433622242547,145.97778600974743,149.6359405517578,5792000,0.0,0.0
2021-02-26 00:00:00+08:00,147.0229591701342,148.2423439025879,143.8873984295389,144.2357940673828,5740000,0.0,0.0
2021-03-02 00:00:00+08:00,144.58418490739675,145.6293717862454,129.95156860351562,129.95156860351562,20288000,0.0,0.0
2021-03-03 00:00:00+08:00,130.64838120661884,131.8677660978806,126.11923732478938,131.1709747314453,9156000,0.0,0.0
2021-03-04 00:00:00+08:00,128.383811338256,130.64838331572864,126.6418328940463,128.03541564941406,7344000,0.0,0.0
2021-03-05 00:00:00+08:00,131.17096165539746,134.13232466753792,129.08058776447479,130.2999725341797,10180000,0.0,0.0
2021-03-08 00:00:00+08:00,131.17096165539746,131.8677529523717,129.777379061449,130.2999725341797,3692000,0.0,0.0
2021-03-09 00:00:00+08:00,130.64835426655222,132.73872793481704,129.95156304379725,130.9967498779297,3816000,0.0,0.0
2021-03-10 00:00:00+08:00,131.86775337850844,133.95812727618625,131.69355555370197,132.56454467773438,3860000,0.0,0.0
2021-03-11 00:00:00+08:00,133.26133247435564,134.30651939572311,132.56454119344397,132.73873901367188,3024000,0.0,0.0
2021-03-12 00:00:00+08:00,133.78392324270558,134.3065166928724,131.34515380859375,131.34515380859375,2796000,0.0,0.0
2021-03-15 00:00:00+08:00,131.34514759885897,131.69354321583208,129.77736732248002,130.12576293945312,2324000,0.0,0.0
2021-03-16 00:00:00+08:00,130.9967629597713,133.2613346598737,130.1257738443473,131.8677520751953,2708000,0.0,0.0
2021-03-17 00:00:00+08:00,131.86776131184894,132.9129483235677,130.4741786295573,130.64837646484375,2804000,0.0,0.0
2021-03-18 00:00:00+08:00,131.51935597901704,132.04194944648333,129.08058646417433,129.60317993164062,4064000,0.0,0.0
2021-03-19 00:00:00+08:00,129.25480288152826,129.25480288152826,126.99023086338828,127.1644287109375,4364000,0.0,0.0
2021-03-22 00:00:00+08:00,127.33861759440103,131.1709699707031,126.6418262532552,130.64837646484375,3460000,0.0,0.0
2021-03-23 00:00:00+08:00,130.64835007126268,130.99674567145271,128.73217427021748,128.9063720703125,1840000,0.0,0.0
2021-03-24 00:00:00+08:00,128.55799299670804,129.95157557661815,128.03539952924174,129.60317993164062,1740000,0.0,0.0
2021-03-25 00:00:00+08:00,129.25476834027126,130.47415294725494,127.33859252929689,127.33859252929688,3216000,0.0,0.0
2021-03-26 00:00:00+08:00,129.77737994574727,131.34516037462208,128.55799516773354,128.73219299316406,4164000,0.0,0.0
2021-03-29 00:00:00+08:00,129.77738728841146,133.43554182942708,129.77738728841146,130.64837646484375,5188000,0.0,0.0
2021-03-30 00:00:00+08:00,131.51937041466297,131.8677660978806,129.77739199857473,131.1709747314453,2928000,0.0,0.0
2021-03-31 00:00:00+08:00,131.1709690018605,132.564551673859,130.64837549986103,132.21615600585938,2612000,0.0,0.0
2021-04-01 00:00:00+08:00,132.91292851096705,133.43552193892629,132.0419394643683,132.3903350830078,2312000,0.0,0.0
2021-04-07 00:00:00+08:00,134.13232377529772,134.13232377529772,130.9967629597713,131.8677520751953,3012000,0.0,0.0
2021-04-08 00:00:00+08:00,134.82910017533735,135.17749578302556,133.0871221368963,134.13230895996094,5356000,0.0,0.0
2021-04-09 00:00:00+08:00,135.35170040854925,138.83565666102155,133.9581179075603,137.61627197265625,7428000,0.0,0.0
2021-04-12 00:00:00+08:00,138.6614554495743,139.18404887463552,133.95811462402344,133.95811462402344,5140000,0.0,0.0
2021-04-13 00:00:00+08:00,137.44210333780978,138.4872904354357,134.65493774414062,134.65493774414062,4964000,0.0,0.0
2021-04-14 00:00:00+08:00,135.70009346008302,136.396884697362,130.64835698981034,132.3903350830078,4256000,0.0,0.0
2021-04-15 00:00:00+08:00,132.3903343488398,134.65490585743837,131.69354311542486,133.95811462402344,1620000,0.0,0.0
2021-04-16 00:00:00+08:00,133.7839336832061,137.61628595017297,133.7839336832061,136.91949462890625,3692000,0.0,0.0
2021-04-19 00:00:00+08:00,138.13887944112298,138.661472932073,136.22270330763956,136.91949462890625,2692000,0.0,0.0
2021-04-20 00:00:00+08:00,136.91949204001145,137.2678876940573,135.35171159680522,135.52590942382812,1868000,0.0,0.0
2021-04-21 00:00:00+08:00,135.52590902490553,136.39689815745635,133.26133728027344,133.26133728027344,2572000,0.0,0.0
2021-04-22 00:00:00+08:00,134.65493156362183,134.65493156362183,131.1709747314453,131.1709747314453,2388000,0.0,0.0
2021-04-23 00:00:00+08:00,131.345159904089,133.78392945137978,131.1709620792825,132.56454467773438,1720000,0.0,0.0
2021-04-26 00:00:00+08:00,133.2613359769603,134.30652292579921,132.3903468529279,132.56454467773438,1244000,0.0,0.0
2021-04-27 00:00:00+08:00,132.91292851096705,133.60971974824605,132.21613727368808,132.3903350830078,1080000,0.0,0.0
2021-04-28 00:00:00+08:00,133.2613417265431,133.2613417265431,131.5193634033203,131.5193634033203,1420000,0.0,0.0
2021-04-29 00:00:00+08:00,132.56456354888877,135.70012484176655,132.0419700000758,134.65493774414062,3092000,0.0,0.0
2021-05-03 00:00:00+08:00,135.5259107116543,138.3130759705058,133.6097345961939,136.2227020263672,6020000,0.0,0.0
2021-05-04 00:00:00+08:00,138.1388746251397,138.31307244938324,127.33860952203923,130.2999725341797,6056000,0.0,0.0
2021-05-05 00:00:00+08:00,130.9967660403348,131.69355734905997,129.42898559570312,129.42898559570312,1992000,0.0,0.0
2021-05-06 00:00:00+08:00,129.95157240238427,130.82256149355305,125.24823131007277,125.94502258300781,3796000,0.0,0.0
2021-05-07 00:00:00+08:00,128.73219808616386,131.86775906796487,128.20960458919703,131.5193634033203,3088000,0.0,0.0
2021-05-10 00:00:00+08:00,131.34515596804854,131.51935378763483,129.2547821330133,130.4741668701172,1768000,0.0,0.0
2021-05-11 00:00:00+08:00,128.9064071864298,134.8291340031036,125.59664808299443,127.1644287109375,5936000,0.0,0.0
2021-05-12 00:00:00+08:00,127.16441881986475,135.52591485185584,125.42244047986661,132.21615600585938,14784000,0.0,0.0
2021-05-13 00:00:00+08:00,133.2613413931546,134.48072621635993,126.29342811769553,129.25479125976562,9068000,0.0,0.0
2021-05-14 00:00:00+08:00,129.95158483538893,131.5193653494888,128.0354086514891,128.38380432128906,2636000,0.0,0.0
2021-05-17 00:00:00+08:00,127.33861632070854,140.57765167005718,127.16441848716448,138.31307983398438,18916000,0.0,0.0
2021-05-18 00:00:00+08:00,136.57109460878613,139.3582598048838,132.0419511651274,138.66146850585938,12708000,0.0,0.0
2021-05-19 00:00:00+08:00,137.2678854833922,143.1906115067873,135.87430288965217,136.3968963623047,10844000,0.0,0.0
2021-05-20 00:00:00+08:00,136.74529331309066,140.92604113412781,136.74529331309066,137.09368896484375,7748000,0.0,0.0
2021-05-21 00:00:00+08:00,139.70665627732473,144.06160192187974,138.13887584528493,143.19061279296875,13416000,0.0,0.0
2021-05-24 00:00:00+08:00,145.45519646868237,149.81014247073873,142.84222886744857,143.3648223876953,15008000,0.0,0.0
2021-05-25 00:00:00+08:00,144.06160982107534,149.81013838709163,142.4938293030709,149.6359405517578,10652000,0.0,0.0
2021-05-26 00:00:00+08:00,150.50691964285716,156.08125,149.46173270089287,152.423095703125,15820000,0.0,0.0
2021-05-27 00:00:00+08:00,153.990885078709,157.99743525609622,153.46829157731065,157.30064392089844,12220000,0.0,0.0
2021-05-28 00:00:00+08:00,161.13298645346973,163.22336033178502,159.39100822154032,162.3523712158203,9664000,0.0,0.0
2021-05-31 00:00:00+08:00,163.9201632126518,164.6169545546822,158.8684259829314,160.2620086669922,7516000,0.0,0.0
2021-06-01 00:00:00+08:00,160.261994375991,164.9653355152864,160.261994375991,164.7911376953125,6512000,0.0,0.0
2021-06-02 00:00:00+08:00,164.7911570454692,164.7911570454692,157.30064990703877,158.52003479003906,7020000,0.0,0.0
2021-06-03 00:00:00+08:00,160.61038822301367,162.70076203936526,158.52001440666209,161.82977294921875,4208000,0.0,0.0
2021-06-04 00:00:00+08:00,161.655571656586,165.48792357085853,160.61038477087533,162.00396728515625,4452000,0.0,0.0
2021-06-07 00:00:00+08:00,161.13298903120327,163.74595642089844,158.69421946748776,163.74595642089844,4704000,0.0,0.0
2021-06-08 00:00:00+08:00,164.4427437617861,166.18472197960165,161.65557861328125,161.65557861328125,3208000,0.0,0.0
2021-06-09 00:00:00+08:00,161.65557461534524,163.22335497260613,158.86840953577033,159.56520080566406,3036000,0.0,0.0
2021-06-10 00:00:00+08:00,160.61039254040142,163.04916205836847,159.56520560412983,160.08779907226562,2828000,0.0,0.0
2021-06-11 00:00:00+08:00,160.43621103475382,162.70078296032582,158.17163910918183,158.52003479003906,2708000,0.0,0.0
2021-06-15 00:00:00+08:00,159.91360384746662,161.65558210288563,155.38446038337716,161.48138427734375,3604000,0.0,0.0
2021-06-16 00:00:00+08:00,159.56520247087713,160.43619156733388,156.4296417236328,156.4296417236328,2924000,0.0,0.0
2021-06-17 00:00:00+08:00,155.21025858320428,156.60384115185258,146.5003675291524,147.19715881347656,10208000,0.0,0.0
2021-06-18 00:00:00+08:00,147.54555491912058,149.98432442191597,147.54555491912058,149.46173095703125,3152000,0.0,0.0
2021-06-21 00:00:00+08:00,147.89395968194015,150.68112499985656,147.89395968194015,148.2423553466797,2524000,0.0,0.0
2021-06-22 00:00:00+08:00,149.11333531377477,153.29408303285257,148.4165440272618,149.46173095703125,3892000,0.0,0.0
2021-06-23 00:00:00+08:00,149.9843195865029,150.85530866656387,148.4165392423931,148.9391326904297,2224000,0.0,0.0
2021-06-24 00:00:00+08:00,150.15852665451337,150.15852665451337,147.197163599842,147.71975708007812,2596000,0.0,0.0
2021-06-25 00:00:00+08:00,149.11334675818188,149.81013809817338,147.37136840820312,147.37136840820312,2044000,0.0,0.0
2021-06-28 00:00:00+08:00,148.06814658655992,148.59074004510072,146.32616839142392,146.5003662109375,2944000,0.0,0.0
2021-06-29 00:00:00+08:00,147.5455531280191,148.2423444060735,145.62937711336951,146.5003662109375,2384000,0.0,0.0
2021-06-30 00:00:00+08:00,147.3713741847447,148.93915476117814,146.32618713378906,146.32618713378906,3092000,0.0,0.0
2021-07-01 00:00:00+08:00,146.50036299170517,146.50036299170517,142.8422088623047,142.8422088623047,3948000,0.0,0.0
2021-07-02 00:00:00+08:00,143.8874173482259,146.67458281744095,142.84223029727028,146.32618713378906,2652000,0.0,0.0
2021-07-05 00:00:00+08:00,146.8487631713145,147.54555445563864,145.28098278158515,147.19715881347656,1644000,0.0,0.0
2021-07-06 00:00:00+08:00,147.54554748535156,149.11332780101645,146.32616279538996,147.54554748535156,2128000,0.0,0.0
2021-07-07 00:00:00+08:00,147.89396191319673,149.98433593317125,146.8487749032095,147.37136840820312,3172000,0.0,0.0
2021-07-08 00:00:00+08:00,147.8939487670463,149.1133335036415,145.9777727523967,146.5003662109375,2120000,0.0,0.0
2021-07-09 00:00:00+08:00,145.97777578591436,147.02296272471565,143.88740190831174,144.0615997314453,2576000,0.0,0.0
2021-07-12 00:00:00+08:00,146.32616436524617,146.32616436524617,144.2357905885998,144.4099884033203,1696000,0.0,0.0
2021-07-13 00:00:00+08:00,145.10678486765167,145.80357615152994,140.926037164382,141.10023498535156,3880000,0.0,0.0
2021-07-14 00:00:00+08:00,141.44864018758136,145.6293881734212,141.44864018758136,142.1454315185547,3184000,0.0,0.0
2021-07-15 00:00:00+08:00,143.71319794073338,143.71319794073338,141.4486263368188,142.8422088623047,1240000,0.0,0.0
2021-07-16 00:00:00+08:00,142.31963187282525,145.28099508192935,142.31963187282525,143.5390167236328,1756000,0.0,0.0
2021-07-19 00:00:00+08:00,143.3648093113981,144.2357984323665,142.31962236623602,142.4938201904297,1468000,0.0,0.0
2021-07-20 00:00:00+08:00,142.31961724977484,146.5003648801232,141.7970237959813,145.80357360839844,3280000,0.0,0.0
2021-07-21 00:00:00+08:00,144.93260041219324,145.4551939232949,141.6228415085494,141.9712371826172,2884000,0.0,0.0
2021-07-22 00:00:00+08:00,142.842219339882,143.19061499680853,141.79703236910237,142.3196258544922,1004000,0.0,0.0
2021-07-23 00:00:00+08:00,142.842234783862,145.2810046460255,142.49383908926723,144.58421325683594,1148000,0.0,0.0
2021-07-26 00:00:00+08:00,144.93258798407598,146.1519727387497,144.235796695691,145.62937927246094,1340000,0.0,0.0
2021-07-27 00:00:00+08:00,147.19715797370714,153.64247731693456,147.19715797370714,148.7649383544922,7340000,0.0,0.0
2021-07-28 00:00:00+08:00,149.81012660028773,150.85531353005717,144.75838977306873,149.46173095703125,3052000,0.0,0.0
2021-07-29 00:00:00+08:00,150.68113338206606,150.68113338206606,147.37137438292243,148.59075927734375,2072000,0.0,0.0
2021-07-30 00:00:00+08:00,149.6359176109577,152.4230825489965,148.939126376448,151.55209350585938,3416000,0.0,0.0
2021-08-02 00:00:00+08:00,153.11988300133413,153.46827863956244,149.98432225727953,150.3327178955078,1884000,0.0,0.0
2021-08-03 00:00:00+08:00,151.55211020141164,152.77149499613566,145.45518622779164,146.1519775390625,4064000,0.0,0.0
2021-08-04 00:00:00+08:00,147.02297147266088,147.19716930615928,144.93259747067992,146.67457580566406,1608000,0.0,0.0
2021-08-05 00:00:00+08:00,146.500384975615,147.8939677102225,146.15198929196313,146.32618713378906,1032000,0.0,0.0
2021-08-06 00:00:00+08:00,146.84876402713468,147.3713574934234,145.62937927246094,145.62937927246094,1196000,0.0,0.0
2021-08-09 00:00:00+08:00,145.45517255850456,145.80356818139916,143.0164031982422,143.0164031982422,1224000,0.0,0.0
2021-08-10 00:00:00+08:00,143.53899388237045,144.0615873066995,141.27442237694473,141.62281799316406,1260000,0.0,0.0
2021-08-11 00:00:00+08:00,142.66801847524977,143.8874032485425,138.13887503159106,138.66146850585938,2360000,0.0,0.0
2021-08-12 00:00:00+08:00,139.5324563113126,140.40344542686384,137.79047808021005,137.9646759033203,1456000,0.0,0.0
2021-08-13 00:00:00+08:00,138.3130733282991,140.22924940715464,134.65491899593854,134.82911682128906,2984000,0.0,0.0
2021-08-16 00:00:00+08:00,135.0033079597615,136.57108831026196,131.34515380859375,131.34515380859375,2568000,0.0,0.0
2021-08-17 00:00:00+08:00,131.34515380859375,131.34515380859375,131.34515380859375,131.34515380859375,0,0.0,0.0
2021-08-18 00:00:00+08:00,130.6483681826668,132.73874207358946,127.86120299476991,130.2999725341797,3264000,0.0,0.0
2021-08-19 00:00:00+08:00,131.17095067114803,131.69354410011675,124.37723609455472,124.72563171386719,3372000,0.0,0.0
2021-08-20 00:00:00+08:00,126.46763470949675,126.8160303974017,122.28688645463735,123.50627136230469,3488000,0.0,0.0
2021-08-23 00:00:00+08:00,127.02442779103801,129.98709666079984,125.17275974743687,129.24642944335938,3324000,10.5,0.0
2021-08-24 00:00:00+08:00,131.46841979541367,131.65358658385793,126.65408329586332,128.69091796875,2320000,0.0,0.0
2021-08-25 00:00:00+08:00,129.43160836907882,131.8387770511933,127.76510697376878,131.6536102294922,1700000,0.0,0.0
2021-08-26 00:00:00+08:00,131.65360075851967,132.39426799204156,128.69093182443203,128.8760986328125,1804000,0.0,0.0
2021-08-27 00:00:00+08:00,129.24643589729487,129.8019363381142,127.02443413401758,127.39476776123047,1768000,0.0,0.0
2021-08-30 00:00:00+08:00,127.9502598886783,128.1354266902538,125.91342507134769,126.46892547607422,1832000,0.0,0.0
2021-08-31 00:00:00+08:00,125.35791282194208,125.54307960602175,122.5804110607469,122.95074462890625,4056000,0.0,0.0
2021-09-01 00:00:00+08:00,122.95075284347865,128.69092353346034,122.95075284347865,127.95025634765625,4360000,0.0,0.0
2021-09-02 00:00:00+08:00,127.57994547526043,129.24644694010416,124.98760986328126,124.98760986328125,2332000,0.0,0.0
2021-09-03 00:00:00+08:00,125.35792401969256,126.28375802279221,124.43209001659291,125.5430908203125,1288000,0.0,0.0
2021-09-06 00:00:00+08:00,124.06175437949886,125.91342235531228,123.3210871891735,124.80242156982422,1244000,0.0,0.0
2021-09-07 00:00:00+08:00,125.54309564478258,128.87609818402458,125.54309564478258,125.9134292602539,2208000,0.0,0.0
2021-09-08 00:00:00+08:00,124.98761160437923,125.72827893240517,114.98860267602888,116.84027099609375,8888000,0.0,0.0
2021-09-09 00:00:00+08:00,118.50675964355469,119.24742689132691,117.02542514801026,118.50675964355469,2476000,0.0,0.0
2021-09-10 00:00:00+08:00,117.76608869121361,123.8765932931162,116.8402546606223,122.0249252319336,4004000,0.0,0.0
2021-09-13 00:00:00+08:00,122.58043107041368,124.80243284208281,122.58043107041368,123.32109832763672,2220000,0.0,0.0
2021-09-14 00:00:00+08:00,123.50625544660402,124.80242304499416,122.02492104844384,122.5804214477539,1428000,0.0,0.0
2021-09-15 00:00:00+08:00,123.13592192947225,123.50625552926013,119.9880863312752,120.54358673095703,1152000,0.0,0.0
2021-09-16 00:00:00+08:00,121.46942863464356,121.65459544658661,118.13642601966858,118.50675964355469,1216000,0.0,0.0
2021-09-17 00:00:00+08:00,118.87707537915334,122.95074462890626,118.50674181099399,122.95074462890625,1644000,0.0,0.0
2021-09-22 00:00:00+08:00,120.72875492976262,123.3210901583158,119.062253711407,120.3584213256836,1636000,0.0,0.0
2021-09-23 00:00:00+08:00,120.91392300923665,123.69142506917318,119.43258857727051,122.21009063720703,2480000,0.0,0.0
2021-09-24 00:00:00+08:00,122.76559448242188,124.43209576498869,122.39526086407369,122.76559448242188,1216000,0.0,0.0
2021-09-27 00:00:00+08:00,123.50626092748256,124.43209496741872,122.21009327157195,123.87659454345703,1216000,0.0,0.0
2021-09-28 00:00:00+08:00,124.061767578125,127.39477028917909,123.32110030900186,124.061767578125,2696000,0.0,0.0
2021-09-29 00:00:00+08:00,122.0249252319336,123.32109287476142,121.28425800746055,122.0249252319336,1472000,0.0,0.0
2021-09-30 00:00:00+08:00,122.95075720867128,123.87659122379682,120.54358876934488,121.28425598144531,1328000,0.0,0.0
2021-10-01 00:00:00+08:00,124.06174756478572,131.46841906119084,123.50624720255533,127.76508331298828,9896000,0.0,0.0
2021-10-04 00:00:00+08:00,130.9129138340766,134.61624944465865,127.76507856508181,129.43157958984375,9432000,0.0,0.0
2021-10-05 00:00:00+08:00,125.35793315280567,130.72777076201004,124.98759952458468,130.35743713378906,3788000,0.0,0.0
2021-10-06 00:00:00+08:00,129.61676541496726,133.32010156968062,125.9134292602539,125.9134292602539,4564000,0.0,0.0
2021-10-07 00:00:00+08:00,126.46892874894218,129.06126403808594,125.54309471710512,129.06126403808594,2036000,0.0,0.0
2021-10-08 00:00:00+08:00,131.46842825753347,132.3942622593471,128.69092625209262,129.61676025390625,3220000,0.0,0.0
2021-10-12 00:00:00+08:00,129.98711163906856,131.65361307033868,129.43161116197854,131.2832794189453,2008000,0.0,0.0
2021-10-13 00:00:00+08:00,131.46842684453293,133.13492802988614,129.6167588608071,129.8019256591797,1672000,0.0,0.0
2021-10-14 00:00:00+08:00,131.09810835591864,131.83877563476562,129.98710743764812,131.83877563476562,1180000,0.0,0.0
2021-10-15 00:00:00+08:00,134.0607774713066,134.43111111073011,131.65360881505387,131.83877563476562,2124000,0.0,0.0
2021-10-18 00:00:00+08:00,131.83877450448495,131.83877450448495,129.43160586886935,129.9871063232422,1056000,0.0,0.0
2021-10-19 00:00:00+08:00,130.54258728027344,131.28325444214732,129.987086908868,130.54258728027344,708000,0.0,0.0
2021-10-20 00:00:00+08:00,130.7277526416367,131.28325300696943,128.69091796875,128.69091796875,1312000,0.0,0.0
2021-10-21 00:00:00+08:00,127.95025634765625,130.1722579050685,127.57992275475421,127.95025634765625,1348000,0.0,0.0
2021-10-22 00:00:00+08:00,128.50577379993558,128.87610744201032,125.35793784230026,125.728271484375,1724000,0.0,0.0
2021-10-25 00:00:00+08:00,126.46891110137808,129.43157958984375,125.72824397926166,129.43157958984375,1516000,0.0,0.0
2021-10-26 00:00:00+08:00,129.98708278849972,131.28325028069276,128.87608208090572,131.09808349609375,1468000,0.0,0.0
2021-10-27 00:00:00+08:00,131.65358384989074,132.94975134208377,130.72774992689574,131.09808349609375,1440000,0.0,0.0
2021-10-28 00:00:00+08:00,131.65358942205256,132.39425659179688,130.91292225230825,132.39425659179688,984000,0.0,0.0
2021-10-29 00:00:00+08:00,133.1349405240612,135.7272759445575,132.2091064453125,132.2091064453125,2148000,0.0,0.0
2021-11-01 00:00:00+08:00,132.57942338423297,132.57942338423297,129.98708829012784,132.39425659179688,1032000,0.0,0.0
2021-11-02 00:00:00+08:00,132.02393263603284,133.87560069544426,131.46843221820944,133.1349334716797,1524000,0.0,0.0
2021-11-03 00:00:00+08:00,134.61626735302286,142.2081063646789,133.69043332721117,141.2822723388672,6080000,0.0,0.0
2021-11-04 00:00:00+08:00,143.13393756143407,147.94827440049912,141.46743634791156,141.65260314941406,5428000,0.0,0.0
2021-11-05 00:00:00+08:00,141.65259759354808,145.17076668410678,141.65259759354808,142.3932647705078,1760000,0.0,0.0
2021-11-08 00:00:00+08:00,143.5042754245868,143.5042754245868,139.06027205659962,141.09710693359375,1784000,0.0,0.0
2021-11-09 00:00:00+08:00,141.6526068921359,148.31861192235408,141.6526068921359,147.20761108398438,4772000,0.0,0.0
2021-11-10 00:00:00+08:00,146.6521065892531,147.57794059549838,144.0597713717663,145.7262725830078,1992000,0.0,0.0
2021-11-11 00:00:00+08:00,146.2817786205774,147.76311308762124,142.57844245296783,144.98561096191406,1940000,0.0,0.0
2021-11-12 00:00:00+08:00,147.39276957451543,147.39276957451543,144.98560122719294,146.28176879882812,1148000,0.0,0.0
2021-11-15 00:00:00+08:00,149.05928363873315,151.09611857044254,144.6152801513672,144.6152801513672,2636000,0.0,0.0
2021-11-16 00:00:00+08:00,144.985613562844,147.02244849156853,144.2449463160351,146.65211486816406,2036000,0.0,0.0
2021-11-17 00:00:00+08:00,146.83726777340706,148.68893571506413,146.09660059674422,148.50376892089844,1616000,0.0,0.0
2021-11-18 00:00:00+08:00,148.68894398818082,151.28127925073937,148.50377718371234,149.4296112060547,2648000,0.0,0.0
2021-11-19 00:00:00+08:00,150.72575790461718,151.8367585771328,149.05925689584376,150.17025756835938,2656000,0.0,0.0
2021-11-22 00:00:00+08:00,151.65161002669552,151.65161002669552,149.24444161357337,149.79994201660156,1088000,0.0,0.0
2021-11-23 00:00:00+08:00,150.17027437626408,150.17027437626408,145.91143798828125,145.91143798828125,2076000,0.0,0.0
2021-11-24 00:00:00+08:00,146.4669647216797,147.022465219992,145.54113055782582,146.4669647216797,688000,0.0,0.0
2021-11-25 00:00:00+08:00,146.466948271103,146.466948271103,144.24494652742,144.6152801513672,456000,0.0,0.0
2021-11-26 00:00:00+08:00,145.54110578175874,147.76310739674744,142.7636037630229,145.7262725830078,1664000,0.0,0.0
2021-11-29 00:00:00+08:00,144.98561236681536,147.39278089908686,143.87461150576695,144.80044555664062,1284000,0.0,0.0
2021-11-30 00:00:00+08:00,146.65211651141828,146.65211651141828,144.43011474609375,144.43011474609375,844000,0.0,0.0
2021-12-01 00:00:00+08:00,144.8004441535336,147.57794627924073,144.8004441535336,144.98561096191406,1604000,0.0,0.0
2021-12-02 00:00:00+08:00,145.17078456709444,146.83728592054322,145.17078456709444,146.09661865234375,840000,0.0,0.0
2021-12-03 00:00:00+08:00,146.65210940610072,147.57794343012912,143.31910691959843,145.35594177246094,2868000,0.0,0.0
2021-12-06 00:00:00+08:00,145.35594881497897,146.65211651141828,144.05978111853966,144.43011474609375,1388000,0.0,0.0
2021-12-07 00:00:00+08:00,145.91144328910127,149.61477941319012,145.72627648289682,149.24444580078125,3576000,0.0,0.0
2021-12-08 00:00:00+08:00,150.9109386582202,150.9109386582202,148.13343671972535,148.318603515625,1720000,0.0,0.0
2021-12-09 00:00:00+08:00,149.98510456771302,154.79944125754085,149.7999377719504,154.42910766601562,6340000,0.0,0.0
2021-12-10 00:00:00+08:00,154.42911194591986,154.42911194591986,151.0961095298209,151.83677673339844,1804000,0.0,0.0
2021-12-13 00:00:00+08:00,152.02195482301008,152.57745526694313,150.35545349121094,150.35545349121094,720000,0.0,0.0
2021-12-14 00:00:00+08:00,150.3554411757416,150.3554411757416,145.91143798828125,145.91143798828125,1992000,0.0,0.0
2021-12-15 00:00:00+08:00,146.83728592054322,149.24445454219148,146.09661865234375,146.09661865234375,1188000,0.0,0.0
2021-12-16 00:00:00+08:00,148.50376613082983,148.68893292151665,146.09659785190118,146.83726501464844,764000,0.0,0.0
2021-12-17 00:00:00+08:00,147.02245273759308,149.05928772514162,146.09661865234375,146.09661865234375,1484000,0.0,0.0
2021-12-20 00:00:00+08:00,146.65213155445045,149.79996771155356,146.28179788890893,146.4669647216797,1672000,0.0,0.0
2021-12-21 00:00:00+08:00,147.7631031664112,147.9482699623591,144.98560122719294,146.28176879882812,784000,0.0,0.0
2021-12-22 00:00:00+08:00,146.83727607535357,147.7631100985273,146.09660885681458,147.3927764892578,1128000,0.0,0.0
2021-12-23 00:00:00+08:00,148.50377590892606,148.68894271180503,147.3927750916523,147.57794189453125,684000,0.0,0.0
2021-12-24 00:00:00+08:00,148.503774504315,148.503774504315,146.8372732941668,147.7631072998047,580000,0.0,0.0
2021-12-27 00:00:00+08:00,148.1334437077968,148.31861051243155,147.20760968462307,147.3927764892578,456000,0.0,0.0
2021-12-28 00:00:00+08:00,148.318599340143,148.87409971220347,146.65209822396162,146.83726501464844,704000,0.0,0.0
2021-12-29 00:00:00+08:00,147.20760699300027,147.3927737942493,145.54110578175874,145.7262725830078,1100000,0.0,0.0
2021-12-30 00:00:00+08:00,146.09659785190118,147.20759859602208,145.72626427052754,146.83726501464844,992000,0.0,0.0
2022-01-03 00:00:00+08:00,147.7631031664112,148.31860355425485,145.91143520693237,146.28176879882812,688000,0.0,0.0
2022-01-04 00:00:00+08:00,146.8372816798663,147.20761530327073,145.72628080965293,146.65211486816406,480000,0.0,0.0
2022-01-05 00:00:00+08:00,146.65210799588502,146.65210799588502,145.17077357168415,145.54110717773438,908000,0.0,0.0
2022-01-06 00:00:00+08:00,144.2449269268964,144.2449269268964,136.8382554543985,137.02342224121094,5808000,0.0,0.0
2022-01-07 00:00:00+08:00,137.0234488398651,139.0602838901874,135.35694743505593,135.5421142578125,1844000,0.0,0.0
2022-01-10 00:00:00+08:00,136.6530984043262,137.5789324043555,135.54209760429103,135.72726440429688,968000,0.0,0.0
2022-01-11 00:00:00+08:00,136.4679412841797,137.3937753498797,135.35694040533969,136.4679412841797,980000,0.0,0.0
2022-01-12 00:00:00+08:00,137.0234305982044,137.2085973963101,135.17176261714758,135.9124298095703,1072000,0.0,0.0
2022-01-13 00:00:00+08:00,136.09760906385338,136.65310950901198,135.72727543374768,136.28277587890625,544000,0.0,0.0
2022-01-14 00:00:00+08:00,136.2827606411638,136.2827606411638,132.39425795982623,134.2459259033203,1144000,0.0,0.0
2022-01-17 00:00:00+08:00,135.5420988963398,137.94926731936224,134.98659849102694,137.5789337158203,900000,0.0,0.0
2022-01-18 00:00:00+08:00,138.68992890531595,141.6525976135737,138.13442852251762,140.35643005371094,1692000,0.0,0.0
2022-01-19 00:00:00+08:00,139.98609930460887,141.83776728482854,137.9492645263672,137.9492645263672,1376000,0.0,0.0
2022-01-20 00:00:00+08:00,137.9492729507054,138.8751069973544,136.83827209472656,136.83827209472656,660000,0.0,0.0
2022-01-21 00:00:00+08:00,136.46793168931785,137.94926609028738,133.50526288737882,133.6904296875,1036000,0.0,0.0
2022-01-24 00:00:00+08:00,133.6904506417702,133.6904506417702,131.4684486920455,132.9497833251953,720000,0.0,0.0
2022-01-25 00:00:00+08:00,132.02393263603284,134.24593430732654,131.09809860632714,133.1349334716797,832000,0.0,0.0
2022-01-26 00:00:00+08:00,133.69044815300214,133.87561497869882,131.09811259324863,131.2832794189453,1324000,0.0,0.0
2022-02-07 00:00:00+08:00,131.6535948861669,134.80143048822714,131.4684280860457,133.6904296875,1032000,0.0,0.0
2022-02-08 00:00:00+08:00,133.6904506417702,134.4311179583451,132.39428283776414,132.9497833251953,504000,0.0,0.0
2022-02-09 00:00:00+08:00,132.9497833251953,133.6904506417702,131.65361552118924,132.9497833251953,1560000,0.0,0.0
2022-02-10 00:00:00+08:00,134.43110939152334,135.72727711292922,133.87560893949225,134.06077575683594,940000,0.0,0.0
2022-02-11 00:00:00+08:00,134.6162679192088,134.6162679192088,132.7645998597974,133.1349334716797,748000,0.0,0.0
2022-02-14 00:00:00+08:00,132.579438903115,132.579438903115,130.17227031967857,130.35743713378906,900000,0.0,0.0
2022-02-15 00:00:00+08:00,130.54260789678338,132.76460973332436,130.54260789678338,131.83877563476562,992000,0.0,0.0
2022-02-16 00:00:00+08:00,134.06075632105993,134.06075632105993,132.39425520657161,132.5794219970703,692000,0.0,0.0
2022-02-17 00:00:00+08:00,131.65359636763452,133.13493078527316,130.3574287522007,131.4684295654297,1176000,0.0,0.0
2022-02-18 00:00:00+08:00,131.46842539226859,132.57942617023141,130.5425914106329,132.02392578125,960000,0.0,0.0
2022-02-21 00:00:00+08:00,132.02394672173202,132.2091135474287,130.91294576755195,131.2832794189453,480000,0.0,0.0
2022-02-22 00:00:00+08:00,131.46842684453293,132.20909403802324,129.4315920624345,129.8019256591797,972000,0.0,0.0
2022-02-23 00:00:00+08:00,129.8019256591797,131.46842684453293,129.4315920624345,129.8019256591797,924000,0.0,0.0
2022-02-24 00:00:00+08:00,128.87608753551137,129.6167547052557,125.9134188565341,126.28375244140625,1508000,0.0,0.0
2022-02-25 00:00:00+08:00,127.20960094762403,127.95026820204978,126.46893369319827,127.39476776123047,824000,0.0,0.0
2022-03-01 00:00:00+08:00,127.76509352133307,131.4684295654297,127.3947599169234,131.4684295654297,1176000,0.0,0.0
2022-03-02 00:00:00+08:00,131.28325859594145,132.39425937390428,130.35742461430573,132.02392578125,680000,0.0,0.0
2022-03-03 00:00:00+08:00,133.1349405240612,134.0607746028099,132.2091064453125,132.2091064453125,896000,0.0,0.0
2022-03-04 00:00:00+08:00,130.72776235661036,131.83876316983935,130.54259555440552,131.4684295654297,408000,0.0,0.0
2022-03-07 00:00:00+08:00,130.3574367789335,130.3574367789335,127.20960094762403,127.39476776123047,1012000,0.0,0.0
2022-03-08 00:00:00+08:00,120.35843067599419,125.91343516873238,120.35843067599419,123.13593292236328,1708000,0.0,0.0
2022-03-09 00:00:00+08:00,123.32108921287333,125.5430908203125,123.32108921287333,125.5430908203125,564000,0.0,0.0
2022-03-10 00:00:00+08:00,127.5799325641833,128.13543299624794,126.28376488936576,126.65409851074219,488000,0.0,0.0
2022-03-11 00:00:00+08:00,126.65408187086564,127.3947490163093,125.91341472542199,126.83924865722656,232000,0.0,0.0
2022-03-14 00:00:00+08:00,127.57991863277786,130.54258728027344,127.57991863277786,130.54258728027344,764000,0.0,0.0
2022-03-15 00:00:00+08:00,130.72775687509878,131.65359084730204,127.7650881640484,128.1354217529297,1028000,0.0,0.0
2022-03-16 00:00:00+08:00,130.54259990823678,130.72776671661728,127.76509778252962,128.8760986328125,552000,0.0,0.0
2022-03-17 00:00:00+08:00,130.72777858310275,134.6162819120619,130.72777858310275,133.3201141357422,1732000,0.0,0.0
2022-03-18 00:00:00+08:00,134.06077249292383,138.68994281381208,132.20910436456853,138.50477600097656,2196000,0.0,0.0
2022-03-21 00:00:00+08:00,139.43059884934198,143.50426840403725,138.87509845551992,139.98609924316406,2440000,0.0,0.0
2022-03-22 00:00:00+08:00,151.83677267726463,151.83677267726463,144.80043443124507,146.28176879882812,5444000,0.0,0.0
2022-03-23 00:00:00+08:00,146.65211794342707,147.2076183901825,142.9487816317244,144.2449493408203,2968000,0.0,0.0
2022-03-24 00:00:00+08:00,143.87460466758492,145.17077227720281,142.39327025659307,143.68943786621094,1780000,0.0,0.0
2022-03-25 00:00:00+08:00,144.430108026627,144.98560844211403,141.09710553370485,141.2822723388672,2292000,0.0,0.0
2022-03-28 00:00:00+08:00,141.28226123609042,143.87459630464252,140.35642728303608,140.7267608642578,3116000,0.0,0.0
2022-03-29 00:00:00+08:00,142.20810495746073,143.13393897411086,140.91193733415054,141.46743774414062,1492000,0.0,0.0
2022-03-30 00:00:00+08:00,142.5784564295839,143.8746242153074,142.20812277652004,143.1339569091797,1656000,0.0,0.0
2022-03-31 00:00:00+08:00,142.948769352766,142.948769352766,141.467434955328,141.8377685546875,1080000,0.0,0.0
2022-04-01 00:00:00+08:00,141.09710274490655,142.02293675241907,140.35643553889653,141.65260314941406,616000,0.0,0.0
2022-04-06 00:00:00+08:00,142.20810081845238,142.20810081845238,138.87509845551992,139.98609924316406,1464000,0.0,0.0
2022-04-07 00:00:00+08:00,139.24544491975203,139.24544491975203,136.28277587890625,136.28277587890625,1516000,0.0,0.0
2022-04-08 00:00:00+08:00,137.39376552130588,138.68993312056347,135.91243112215432,137.76409912109375,1572000,0.0,0.0
2022-04-11 00:00:00+08:00,137.02343609973326,138.13443693297435,135.9124352664922,137.20860290527344,936000,0.0,0.0
2022-04-12 00:00:00+08:00,137.9492836961075,139.80095193363914,137.393783224848,139.4306182861328,1340000,0.0,0.0
2022-04-13 00:00:00+08:00,139.98609646517872,142.20809799637203,139.98609646517872,140.35643005371094,1292000,0.0,0.0
2022-04-14 00:00:00+08:00,140.35644128417968,140.35644128417968,138.87510681152344,138.87510681152344,528000,0.0,0.0
2022-04-15 00:00:00+08:00,138.50477480177634,138.50477480177634,136.28277306698848,136.65310668945312,948000,0.0,0.0
2022-04-18 00:00:00+08:00,136.65309970696555,138.31960092290413,136.46793290519457,137.5789337158203,588000,0.0,0.0
2022-04-19 00:00:00+08:00,138.6899289255002,138.87509571979325,137.94926174832796,138.31959533691406,568000,0.0,0.0
2022-04-20 00:00:00+08:00,139.24544556935626,143.1339487036069,138.68994512160617,142.20811462402344,2508000,0.0,0.0
2022-04-21 00:00:00+08:00,142.94877928079197,143.50427971841162,139.615776655074,140.54161071777344,1456000,0.0,0.0
2022-04-22 00:00:00+08:00,140.3564300741377,140.3564300741377,138.31959533691406,138.31959533691406,812000,0.0,0.0
2022-04-25 00:00:00+08:00,136.83826102421202,136.83826102421202,134.2459259033203,134.2459259033203,1684000,0.0,0.0
2022-04-26 00:00:00+08:00,135.17175987506735,135.54209346376618,134.0607591089709,134.2459259033203,648000,0.0,0.0
2022-04-27 00:00:00+08:00,131.09809596102002,133.320097587478,129.98709514779102,131.4684295654297,944000,0.0,0.0
2022-04-28 00:00:00+08:00,132.0239407660553,135.35694347824182,132.0239407660553,134.06077575683594,624000,0.0,0.0
2022-04-29 00:00:00+08:00,135.17178344726562,136.28278440710616,134.61628296734537,135.17178344726562,492000,0.0,0.0
2022-05-03 00:00:00+08:00,135.91241868380484,135.91241868380484,134.0607508543252,135.35691833496094,412000,0.0,0.0
2022-05-04 00:00:00+08:00,134.6162819120619,135.35694921281603,132.39428000979953,133.3201141357422,732000,0.0,0.0
2022-05-05 00:00:00+08:00,134.0607754869526,136.83827774151652,134.0607754869526,136.0976104736328,824000,0.0,0.0
2022-05-06 00:00:00+08:00,133.5052792074902,135.5421142578125,133.5052792074902,135.5421142578125,456000,0.0,0.0
2022-05-09 00:00:00+08:00,134.06076054084852,135.54209491146563,132.02392578125,132.02392578125,920000,0.0,0.0
2022-05-10 00:00:00+08:00,132.57943428363984,135.17176959086183,131.65360024534627,134.98660278320312,948000,0.0,0.0
2022-05-11 00:00:00+08:00,135.91245259149494,136.83828673721356,132.9497833251953,132.9497833251953,1080000,0.0,0.0
2022-05-12 00:00:00+08:00,133.320097587478,133.320097587478,130.72776235661036,131.4684295654297,1204000,0.0,0.0
2022-05-13 00:00:00+08:00,133.13492655921283,133.13492655921283,131.46842539226859,132.02392578125,868000,0.0,0.0
2022-05-16 00:00:00+08:00,133.1349405240612,134.0607746028099,132.02393962956276,132.2091064453125,404000,0.0,0.0
2022-05-17 00:00:00+08:00,132.02392162557422,133.69042274006253,132.02392162557422,132.5794219970703,448000,0.0,0.0
2022-05-18 00:00:00+08:00,134.2459245161577,134.61625810102984,132.39425659179688,132.39425659179688,500000,0.0,0.0
2022-05-19 00:00:00+08:00,132.02392997204416,132.209096774249,130.72776235661036,131.4684295654297,616000,0.0,0.0
2022-05-20 00:00:00+08:00,131.6536102294922,132.76461115969886,131.6536102294922,131.6536102294922,372000,0.0,0.0
2022-05-23 00:00:00+08:00,132.94977370831145,132.94977370831145,131.46843918231355,132.2091064453125,396000,0.0,0.0
2022-05-24 00:00:00+08:00,132.57943037865866,132.7645971808635,131.4684295654297,131.4684295654297,324000,0.0,0.0
2022-05-25 00:00:00+08:00,131.4684226296165,133.50525734641337,131.2832558371804,132.39425659179688,672000,0.0,0.0
2022-05-26 00:00:00+08:00,133.3201116248022,133.3201116248022,131.6536102294922,131.6536102294922,468000,0.0,0.0
2022-05-27 00:00:00+08:00,132.94977485277377,134.06077575683594,132.3942744007427,134.06077575683594,532000,0.0,0.0
2022-05-30 00:00:00+08:00,135.17176959086183,135.54210320617926,134.431102360227,134.98660278320312,520000,0.0,0.0
2022-05-31 00:00:00+08:00,135.17176926532852,139.6157726384352,134.61626884369016,139.06027221679688,1556000,0.0,0.0
2022-06-01 00:00:00+08:00,139.8009406752718,141.65260876368598,139.24544024874754,140.9119415283203,1364000,0.0,0.0
2022-06-02 00:00:00+08:00,140.7267734817119,141.83777432498854,138.87510540958408,139.06027221679688,1020000,0.0,0.0
2022-06-06 00:00:00+08:00,138.6899220081086,139.61575593339634,138.1344216529359,139.24542236328125,664000,0.0,0.0
2022-06-07 00:00:00+08:00,140.1712688375215,140.7267692424258,138.50476762280857,139.6157684326172,780000,0.0,0.0
2022-06-08 00:00:00+08:00,140.54158985868412,140.54158985868412,139.0602555782237,139.24542236328125,640000,0.0,0.0
2022-06-09 00:00:00+08:00,139.2454404296875,140.17127447509768,138.87510681152344,138.87510681152344,552000,0.0,0.0
2022-06-10 00:00:00+08:00,137.94926174832796,140.3564300741377,137.94926174832796,138.31959533691406,724000,0.0,0.0
2022-06-13 00:00:00+08:00,137.5789493081348,137.5789493081348,135.5421142578125,135.5421142578125,764000,0.0,0.0
2022-06-14 00:00:00+08:00,135.1717584783381,135.54209206321025,133.13492376154122,134.43109130859375,824000,0.0,0.0
2022-06-15 00:00:00+08:00,134.43109130859375,135.9124256480824,134.43109130859375,134.43109130859375,448000,0.0,0.0
2022-06-16 00:00:00+08:00,135.35692385455084,135.91242422604694,132.5794219970703,132.5794219970703,888000,0.0,0.0
2022-06-17 00:00:00+08:00,131.8387548350755,132.5794219970703,130.7277540920833,132.5794219970703,784000,0.0,0.0
2022-06-20 00:00:00+08:00,132.57943769559392,132.57943769559392,128.1354341974176,128.50576782226562,1264000,0.0,0.0
2022-06-21 00:00:00+08:00,128.8760998431414,130.9129347544554,128.69093303302193,130.72776794433594,492000,0.0,0.0
2022-06-22 00:00:00+08:00,132.2091055205374,132.2091055205374,128.13543560253765,128.3206024169922,932000,0.0,0.0
2022-06-23 00:00:00+08:00,128.6909377312345,129.43160499875242,126.09860229492188,126.09860229492188,1188000,0.0,0.0
2022-06-24 00:00:00+08:00,127.0244333228735,128.69093463468963,126.46893288560148,128.50576782226562,616000,0.0,0.0
2022-06-27 00:00:00+08:00,130.35742322198277,134.2459259033203,130.35742322198277,134.2459259033203,1004000,0.0,0.0
2022-06-28 00:00:00+08:00,134.61626352289673,138.50476632066952,133.32009592363912,137.76409912109375,1948000,0.0,0.0
2022-06-29 00:00:00+08:00,137.76410595703126,140.72677490234375,136.28277148437502,138.87510681152344,1796000,0.0,0.0
2022-06-30 00:00:00+08:00,139.24543070857072,140.17126468934578,137.02342915471056,138.13442993164062,1564000,0.0,0.0
2022-07-01 00:00:00+08:00,138.6899459112258,141.65261498276067,136.0976104736328,136.0976104736328,2884000,0.0,0.0
2022-07-04 00:00:00+08:00,138.5047688908602,143.50427258077093,136.65310085755993,141.46743774414062,4076000,0.0,0.0
2022-07-05 00:00:00+08:00,143.68943938410095,144.43010659742106,140.5416037274905,141.46743774414062,2276000,0.0,0.0
2022-07-06 00:00:00+08:00,135.17177393270094,136.65310844155246,127.39476776123047,127.39476776123047,5632000,0.0,0.0
2022-07-07 00:00:00+08:00,127.76509733761058,127.76509733761058,120.35842502818389,125.9134292602539,5044000,0.0,0.0
2022-07-08 00:00:00+08:00,128.8760961047291,129.43159651897363,124.98759320501746,125.17276000976562,2640000,0.0,0.0
2022-07-11 00:00:00+08:00,125.9134267171224,126.83926073710124,121.46942342122396,122.21009063720703,1968000,0.0,0.0
2022-07-12 00:00:00+08:00,123.32109490994415,123.50626171911824,121.09909319985506,122.76559448242188,1888000,0.0,0.0
2022-07-13 00:00:00+08:00,126.46891717121805,127.9502514865471,124.24691569822447,127.57991790771484,2216000,0.0,0.0
2022-07-14 00:00:00+08:00,128.13541768817555,133.32008776804395,126.46891659107501,132.76458740234375,2028000,0.0,0.0
2022-07-15 00:00:00+08:00,132.7646136601766,135.1717823876275,131.83877953423394,133.3201141357422,2092000,0.0,0.0
2022-07-18 00:00:00+08:00,134.98659033577974,138.68992614746094,134.43108996402756,138.68992614746094,2836000,0.0,0.0
2022-07-19 00:00:00+08:00,138.68993593611808,140.17127036534228,136.65310109593474,137.39376831054688,2604000,0.0,0.0
2022-07-20 00:00:00+08:00,138.87510415513506,139.61577137729577,136.46793568311273,137.20860290527344,2636000,0.0,0.0
2022-07-21 00:00:00+08:00,139.0602706769191,141.46743914402953,136.0976017943216,141.2822723388672,3572000,0.0,0.0
2022-07-22 00:00:00+08:00,142.2081062257752,143.31910705566406,140.35643817596042,143.31910705566406,3684000,0.0,0.0
2022-07-25 00:00:00+08:00,143.31911639659577,146.2817854693936,142.7636159454462,146.09661865234375,5304000,0.0,0.0
2022-07-26 00:00:00+08:00,145.72627960751427,147.39278089908686,143.87461150576695,144.80044555664062,7284000,0.0,0.0
2022-07-27 00:00:00+08:00,155.41632183091048,156.26559134911219,145.8620397511414,150.95765686035156,8450000,25.0,2.0
2022-07-28 00:00:00+08:00,153.08082887046356,153.71778100168603,148.62216395190637,149.0467987060547,3280000,0.0,0.0
2022-07-29 00:00:00+08:00,150.95763073937366,151.16994808218573,149.2590919968772,150.3206787109375,2028000,0.0,0.0
2022-08-01 00:00:00+08:00,150.10838379522767,150.10838379522767,146.49898842815713,147.1359405517578,1658000,0.0,0.0
2022-08-02 00:00:00+08:00,144.37581738711455,146.2866737937087,143.95118263009363,144.588134765625,1392000,0.0,0.0
2022-08-03 00:00:00+08:00,144.16349730828796,149.25911429709342,144.16349730828796,147.1359405517578,1358000,0.0,0.0
2022-08-04 00:00:00+08:00,148.4098292541504,150.32068542480468,147.34824249267578,148.6221466064453,1934000,0.0,0.0
2022-08-05 00:00:00+08:00,150.320707735808,156.26559448242188,150.320707735808,156.26559448242188,2870000,0.0,0.0
2022-08-08 00:00:00+08:00,161.3611900987964,169.42924960373622,157.11484299093334,167.3060760498047,5876000,0.0,0.0
2022-08-09 00:00:00+08:00,167.30608754918197,176.22341708860534,165.60754858929178,175.7987823486328,6974000,0.0,0.0
2022-08-10 00:00:00+08:00,174.10023540184457,177.0726784452907,169.85388819692153,171.12779235839844,5542000,0.0,0.0
2022-08-11 00:00:00+08:00,174.94952184672485,177.28501303642628,171.55244375261367,174.52488708496094,3622000,0.0,0.0
2022-08-12 00:00:00+08:00,174.52487417942453,175.79877837051524,172.40170052760672,173.46328735351562,1692000,0.0,0.0
2022-08-15 00:00:00+08:00,174.52487683029648,175.7987810407366,167.73072104128252,170.9154815673828,2816000,0.0,0.0
2022-08-16 00:00:00+08:00,171.1277944734781,175.37414173088453,171.1277944734781,171.55242919921875,2120000,0.0,0.0
2022-08-17 00:00:00+08:00,172.40170077100214,174.10023969485437,170.49084448166835,171.97706604003906,1614000,0.0,0.0
2022-08-18 00:00:00+08:00,171.552431309076,171.97706604003906,169.21694028877917,171.97706604003906,1538000,0.0,0.0
2022-08-19 00:00:00+08:00,174.10023540184457,174.52487012233686,171.12779235839844,171.12779235839844,1388000,0.0,0.0
2022-08-22 00:00:00+08:00,170.27853027655152,170.27853027655152,165.81986551868673,166.45681762695312,1494000,0.0,0.0
2022-08-23 00:00:00+08:00,165.39521805362997,168.36766099682742,163.90899658203125,163.90899658203125,1428000,0.0,0.0
2022-08-24 00:00:00+08:00,164.97060533813,166.24450962645534,162.84743152425446,163.6967010498047,834000,0.0,0.0
2022-08-25 00:00:00+08:00,164.97058549038198,165.8198549137559,162.84741193194722,164.33363342285156,848000,0.0,0.0
2022-08-26 00:00:00+08:00,165.8198678992373,168.15535899640966,164.75828103688622,165.39523315429688,1068000,0.0,0.0
2022-08-29 00:00:00+08:00,159.2380151270562,160.93655395507812,157.32715894553152,160.93655395507812,1250000,0.0,0.0
2022-08-30 00:00:00+08:00,160.08728454106716,163.484362197111,160.08728454106716,160.93655395507812,732000,0.0,0.0
2022-08-31 00:00:00+08:00,157.11484402817632,158.81338288253497,156.4778919577918,158.3887481689453,2572000,0.0,0.0
2022-09-01 00:00:00+08:00,159.0256937800227,159.0256937800227,154.35471212026235,157.11483764648438,1650000,0.0,0.0
2022-09-02 00:00:00+08:00,156.26558821168663,157.32717508812473,154.99168395996094,154.99168395996094,1062000,0.0,0.0
2022-09-05 00:00:00+08:00,154.99168031671076,154.99168031671076,150.95765028107033,151.1699676513672,1510000,0.0,0.0
2022-09-06 00:00:00+08:00,154.99167273723484,160.9365588148274,153.93008593766473,157.32716369628906,3638000,0.0,0.0
2022-09-07 00:00:00+08:00,154.56702766790883,156.05324908779258,152.0192195195367,152.23153686523438,2422000,0.0,0.0
2022-09-08 00:00:00+08:00,154.77936420051418,156.90253792068586,153.08082522437687,156.0532684326172,1988000,0.0,0.0
2022-09-12 00:00:00+08:00,158.81338735095264,160.08729152756456,157.32716581157206,157.75180053710938,1142000,0.0,0.0
2022-09-13 00:00:00+08:00,158.81339023653314,158.81339023653314,153.7177734375,153.7177734375,1850000,0.0,0.0
2022-09-14 00:00:00+08:00,150.32068723540067,152.8684954936278,149.89605252569615,152.01922607421875,1276000,0.0,0.0
2022-09-15 00:00:00+08:00,155.6286141830006,158.6010570186923,153.5054407289351,155.2039794921875,1910000,0.0,0.0
2022-09-16 00:00:00+08:00,154.3547081367119,155.41629485016935,151.38226533903108,151.80690002441406,1878000,0.0,0.0
2022-09-19 00:00:00+08:00,151.59458276780984,152.44385213905807,149.8960440253134,150.3206787109375,968000,0.0,0.0
2022-09-20 00:00:00+08:00,151.16994808218573,152.8684868246822,149.8960440253134,150.3206787109375,1196000,0.0,0.0
2022-09-21 00:00:00+08:00,150.74533499923407,151.80692186542586,149.47143075980392,151.5946044921875,1346000,0.0,0.0
2022-09-22 00:00:00+08:00,150.95764372024428,152.6561826087984,148.8344701095517,151.3822784423828,948000,0.0,0.0
2022-09-23 00:00:00+08:00,151.38228103267653,151.38228103267653,148.62215529154778,148.83447265625,900000,0.0,0.0
2022-09-26 00:00:00+08:00,146.4989866290176,147.34825611672204,144.3758129097565,145.22508239746094,1492000,0.0,0.0
2022-09-27 00:00:00+08:00,145.86203773401687,152.01924165583128,145.86203773401687,150.53302001953125,1874000,0.0,0.0
2022-09-28 00:00:00+08:00,152.44386810390682,153.71777229419015,146.71129924763179,147.34825134277344,1922000,0.0,0.0
2022-09-29 00:00:00+08:00,150.53302210125074,152.65619589675495,147.7728961670952,150.95765686035156,2102000,0.0,0.0
2022-09-30 00:00:00+08:00,149.4714369032118,152.86851501464844,147.34826308356392,152.86851501464844,1256000,0.0,0.0
2022-10-03 00:00:00+08:00,152.01923218610682,154.99167527354467,150.10837591561108,154.77935791015625,1298000,0.0,0.0
2022-10-04 00:00:00+08:00,157.1148598259264,158.38876409478524,154.56705128820866,155.41632080078125,2314000,0.0,0.0
2022-10-05 00:00:00+08:00,157.1148491434113,159.02570541677713,152.86850186926506,153.2931365966797,2026000,0.0,0.0
2022-10-06 00:00:00+08:00,155.41631237051104,155.41631237051104,153.08082133762085,153.7177734375,718000,0.0,0.0
2022-10-07 00:00:00+08:00,153.71777609492958,153.71777609492958,150.74533291077347,151.1699676513672,664000,0.0,0.0
2022-10-11 00:00:00+08:00,148.62215339792948,148.83447075992652,146.7112971399561,146.92361450195312,1286000,0.0,0.0
2022-10-12 00:00:00+08:00,147.1359339777262,148.6221555330568,144.80044296220674,147.34825134277344,610000,0.0,0.0
2022-10-13 00:00:00+08:00,150.10836395979626,150.32068130627405,144.58811295137377,144.80043029785156,1124000,0.0,0.0
2022-10-14 00:00:00+08:00,148.62214459696656,148.62214459696656,145.86201905445148,146.71128845214844,684000,0.0,0.0
2022-10-17 00:00:00+08:00,145.01277056607333,149.68375292691317,140.76642296530983,149.471435546875,1886000,0.0,0.0
2022-10-18 00:00:00+08:00,151.59458268172256,154.3547081367119,150.53299596826514,151.80690002441406,1888000,0.0,0.0
2022-10-19 00:00:00+08:00,153.93008422851562,156.26557516163794,152.6561800831762,153.93008422851562,2416000,0.0,0.0
2022-10-20 00:00:00+08:00,153.29314135433583,154.567045576117,149.4714286889923,151.1699676513672,1774000,0.0,0.0
2022-10-21 00:00:00+08:00,151.59459839737875,152.01923312678318,148.62215529154778,148.83447265625,1312000,0.0,0.0
2022-10-24 00:00:00+08:00,151.3822654249978,152.65616948187014,150.3206787109375,150.3206787109375,1156000,0.0,0.0
2022-10-25 00:00:00+08:00,150.32070363954057,150.32070363954057,145.22508656701376,146.07435607910156,1628000,0.0,0.0
2022-10-26 00:00:00+08:00,146.49896462990418,146.92359930999086,144.3757912294708,145.4373779296875,840000,0.0,0.0
2022-10-27 00:00:00+08:00,146.07433426501268,147.56055568922068,144.80043018712013,146.28665161132812,932000,0.0,0.0
2022-10-28 00:00:00+08:00,144.58812608157888,145.64971291037168,141.61568296095905,144.3758087158203,1240000,0.0,0.0
2022-10-31 00:00:00+08:00,147.13592077827724,149.89604627628245,145.01274731827323,149.25909423828125,1220000,0.0,0.0
2022-11-01 00:00:00+08:00,148.40982254135025,153.50543876594597,148.40982254135025,151.80690002441406,1206000,0.0,0.0
2022-11-02 00:00:00+08:00,153.717777629475,154.56704711914062,151.1699691604782,154.56704711914062,1572000,0.0,0.0
2022-11-03 00:00:00+08:00,152.86849744073277,154.99167101629848,152.4438627256196,153.93008422851562,1176000,0.0,0.0
2022-11-04 00:00:00+08:00,155.20400621626112,155.6286409801907,150.95765857696534,152.86851501464844,1598000,0.0,0.0
2022-11-07 00:00:00+08:00,155.41630667300777,166.88144405052472,155.41630667300777,163.2720489501953,5952000,0.0,0.0
2022-11-08 00:00:00+08:00,164.33363378424391,166.88144205996863,161.36119079589844,161.36119079589844,3542000,0.0,0.0
2022-11-09 00:00:00+08:00,163.48435974121094,165.60753324434356,162.21045563933137,163.48435974121094,1978000,0.0,0.0
2022-11-10 00:00:00+08:00,163.05972964638158,163.05972964638158,159.4503345891049,161.36119079589844,1608000,0.0,0.0
2022-11-11 00:00:00+08:00,166.03217027452257,167.51839174756816,162.4227752685547,162.4227752685547,2048000,0.0,0.0
2022-11-14 00:00:00+08:00,163.4843707769409,164.54595760016778,159.6626582133241,162.63510131835938,2226000,0.0,0.0
2022-11-15 00:00:00+08:00,163.69667737446133,163.69667737446133,160.5119171142578,160.5119171142578,2374000,0.0,0.0
2022-11-16 00:00:00+08:00,160.93657162528274,161.9981585093545,159.23803261076787,159.87498474121094,1260000,0.0,0.0
2022-11-17 00:00:00+08:00,160.29961054504153,161.9981494647241,159.66265845016056,161.1488800048828,896000,0.0,0.0
2022-11-18 00:00:00+08:00,161.78583345144912,166.88145025306957,161.14888135124656,166.0321807861328,4146000,0.0,0.0
2022-11-21 00:00:00+08:00,169.0046239204114,174.73719282223442,164.7582765857277,166.0321807861328,7926000,0.0,0.0
2022-11-22 00:00:00+08:00,164.1213273914582,164.75827950293865,161.361201575043,161.99815368652344,2154000,0.0,0.0
2022-11-23 00:00:00+08:00,163.2720446817236,165.81985292123034,162.21045791526245,162.4227752685547,1396000,0.0,0.0
2022-11-24 00:00:00+08:00,164.3336462919458,166.45682001664792,162.8474246846543,165.39523315429688,1718000,0.0,0.0
2022-11-25 00:00:00+08:00,165.60754898491254,166.66913583737994,161.99815368652344,161.99815368652344,1516000,0.0,0.0
2022-11-28 00:00:00+08:00,162.63510316910282,165.6075463079637,160.5119294984879,164.54595947265625,1164000,0.0,0.0
2022-11-29 00:00:00+08:00,164.12131393511677,164.97058334745893,162.42277511043253,163.90899658203125,792000,0.0,0.0
2022-11-30 00:00:00+08:00,163.90899430401382,165.39521575495695,163.27204225360964,164.9705810546875,1456000,0.0,0.0
2022-12-01 00:00:00+08:00,166.45681577620968,167.09376787739416,164.12132473853327,164.54595947265625,1968000,0.0,0.0
2022-12-02 00:00:00+08:00,164.54596130215393,167.09376973521952,164.54596130215393,166.45681762695312,1446000,0.0,0.0
2022-12-05 00:00:00+08:00,167.94303921290805,170.91548238481795,166.45681762695312,166.45681762695312,2364000,0.0,0.0
2022-12-06 00:00:00+08:00,166.45681063732007,171.34010992897615,165.81985855579973,169.64157104492188,4022000,0.0,0.0
2022-12-07 00:00:00+08:00,169.85390012303938,173.03866075034637,165.8198699951172,165.8198699951172,4548000,0.0,0.0
2022-12-08 00:00:00+08:00,166.24448927283893,167.51839340519786,164.75826778508684,167.3060760498047,1196000,0.0,0.0
2022-12-09 00:00:00+08:00,165.81986130934493,166.8814481295072,164.54595712515024,165.6075439453125,1460000,0.0,0.0
2022-12-12 00:00:00+08:00,164.7582765857277,166.66913288633538,164.54595921899352,166.0321807861328,652000,0.0,0.0
2022-12-13 00:00:00+08:00,166.88143720590008,167.0937545560348,164.9705810546875,164.9705810546875,840000,0.0,0.0
2022-12-14 00:00:00+08:00,166.03216979825163,167.30607391435075,164.9705830348357,166.88143920898438,1028000,0.0,0.0
2022-12-15 00:00:00+08:00,167.51839553253558,171.12779062005538,167.0937608163568,167.730712890625,2808000,0.0,0.0
2022-12-16 00:00:00+08:00,166.66913238602066,170.27852760966698,166.03218028773014,169.00462341308594,2586000,0.0,0.0
2022-12-19 00:00:00+08:00,170.7031588759719,177.497314453125,169.85388942882776,177.497314453125,7672000,0.0,0.0
2022-12-20 00:00:00+08:00,178.98353005162866,182.5929250823258,170.06620115225925,171.76473999023438,10720000,0.0,0.0
2022-12-21 00:00:00+08:00,173.4632821173038,180.25743759803052,172.40169532344026,180.0451202392578,6090000,0.0,0.0
2022-12-22 00:00:00+08:00,182.59294158828217,183.0175763361619,178.5589114834248,181.10671997070312,5764000,0.0,0.0
2022-12-23 00:00:00+08:00,179.1958615295195,186.4146521598556,178.3465920435976,180.6820831298828,7000000,0.0,0.0
2022-12-26 00:00:00+08:00,183.01757236217944,184.50379394748717,178.3465902369266,178.77122497558594,3592000,0.0,0.0
2022-12-27 00:00:00+08:00,181.31902189032976,183.22987809292104,179.83280039942542,182.59292602539062,2802000,0.0,0.0
2022-12-28 00:00:00+08:00,182.59292174722546,184.71609525591413,181.31901764201228,181.74365234375,2848000,0.0,0.0
2022-12-29 00:00:00+08:00,181.53135050311948,185.9900152523189,179.4081768130245,180.2574462890625,6430000,0.0,0.0
2022-12-30 00:00:00+08:00,182.16830623851104,185.14074946384804,180.68208462584252,184.07916259765625,4632000,0.0,0.0
2023-01-03 00:00:00+08:00,184.50379734413295,186.4146537032782,181.95598886527267,184.07916259765625,3916000,0.0,0.0
2023-01-04 00:00:00+08:00,184.7160988885003,188.96244598938537,184.2914641784118,188.53781127929688,5926000,0.0,0.0
2023-01-05 00:00:00+08:00,189.59940019243217,190.66098697962386,187.26390926061052,188.9624481201172,4220000,0.0,0.0
2023-01-06 00:00:00+08:00,191.0856234316794,197.03050949399832,189.38708455673117,192.35952758789062,9024000,0.0,0.0
2023-01-09 00:00:00+08:00,194.27038673593216,202.12612915039062,193.42111728572044,202.12612915039062,8958000,0.0,0.0
2023-01-10 00:00:00+08:00,205.94783463423846,207.22173876599663,202.763074304843,205.31088256835938,6946000,0.0,0.0
2023-01-11 00:00:00+08:00,208.9202888465002,211.46809724706728,203.18771994522427,204.4616241455078,5706000,0.0,0.0
2023-01-12 00:00:00+08:00,205.73551998862737,205.73551998862737,199.153681887856,201.27685546875,6382000,0.0,0.0
2023-01-13 00:00:00+08:00,202.9754014582496,202.9754014582496,197.87978468523914,198.09210205078125,4328000,0.0,0.0
2023-01-16 00:00:00+08:00,198.72905808788235,201.70150126441052,198.72905808788235,200.42759704589844,2888000,0.0,0.0
2023-01-17 00:00:00+08:00,201.70150487189974,204.88626547514028,201.06455275125165,204.2493133544922,3644000,0.0,0.0
2023-01-30 00:00:00+08:00,206.37248590642756,210.40651598073018,204.67394692777384,210.19419860839844,5492000,0.0,0.0
2023-01-31 00:00:00+08:00,210.4065072857092,211.0434593763824,206.79711210522782,209.98187255859375,3710000,0.0,0.0
2023-02-01 00:00:00+08:00,211.25578579635177,219.96079807539743,210.40651630571318,219.53616333007812,6808000,0.0,0.0
2023-02-02 00:00:00+08:00,219.53616542153375,221.23470441899244,216.56372217598107,219.96080017089844,3758000,0.0,0.0
2023-02-03 00:00:00+08:00,221.23470172445283,222.93324070122407,215.71445004994632,222.50860595703125,3986000,0.0,0.0
2023-02-06 00:00:00+08:00,222.9332359313965,224.63177487182617,212.31736755371094,212.31736755371094,5944000,0.0,0.0
2023-02-07 00:00:00+08:00,213.1666401116423,220.38543071303258,213.1666401116423,219.1115264892578,4358000,0.0,0.0
2023-02-08 00:00:00+08:00,219.96077636243768,223.3578539896568,217.83760284542572,218.26223754882812,4004000,0.0,0.0
2023-02-09 00:00:00+08:00,218.26225331925312,219.96079225558972,214.8651754465799,215.28981018066406,2456000,0.0,0.0
2023-02-10 00:00:00+08:00,215.71444702148438,218.68689018910325,214.86517754502185,215.71444702148438,1644000,0.0,0.0
2023-02-13 00:00:00+08:00,214.01589540276393,215.71443425516682,212.31735655036104,213.1666259765625,1376000,0.0,0.0
2023-02-14 00:00:00+08:00,215.7144518145036,217.83762555283533,212.74200858083918,213.59127807617188,2152000,0.0,0.0
2023-02-15 00:00:00+08:00,213.16663859209677,216.13908175971565,213.16663859209677,215.71444702148438,1264000,0.0,0.0
2023-02-16 00:00:00+08:00,216.56371860466678,216.98835334702886,215.28981437758048,216.1390838623047,958000,0.0,0.0
2023-02-17 00:00:00+08:00,214.44054638624652,219.96079807539743,214.44054638624652,219.53616333007812,1514000,0.0,0.0
2023-02-20 00:00:00+08:00,221.65933335672213,221.65933335672213,215.71444702148438,215.71444702148438,1874000,0.0,0.0
2023-02-21 00:00:00+08:00,215.71442532681004,216.98832941338569,213.16661715365873,214.44052124023438,1216000,0.0,0.0
2023-02-22 00:00:00+08:00,213.5912741502925,214.44054363001533,207.64638779223264,211.2557830810547,3758000,0.0,0.0
2023-02-23 00:00:00+08:00,211.68041700828732,217.41298597440945,211.25578227005605,215.71444702148438,2376000,0.0,0.0
2023-02-24 00:00:00+08:00,216.98832941338569,217.8375988044361,212.74198245813352,214.44052124023438,1400000,0.0,0.0
2023-03-01 00:00:00+08:00,213.59126616902435,220.3854217529297,211.46809254905392,220.3854217529297,2898000,0.0,0.0
2023-03-02 00:00:00+08:00,220.38542597033012,222.9332343630507,219.53615650608992,221.2346954345703,2404000,0.0,0.0
2023-03-03 00:00:00+08:00,222.5085858017651,230.15201050487914,220.81004697885083,227.6042022705078,5056000,0.0,0.0
2023-03-06 00:00:00+08:00,228.4534890542182,243.31570488488296,227.60421957818022,240.34326171875,6002000,0.0,0.0
2023-03-07 00:00:00+08:00,238.64472330874747,244.58960965451698,235.6722801358627,237.37081909179688,3908000,0.0,0.0
2023-03-08 00:00:00+08:00,234.39837283687993,242.8910675048828,232.27519916987922,242.8910675048828,3484000,0.0,0.0
2023-03-09 00:00:00+08:00,246.28816223144534,250.95914461859343,244.5896231815733,246.2881622314453,4218000,0.0,0.0
2023-03-10 00:00:00+08:00,242.89105687486222,247.56203873784034,239.91861387114886,240.76788330078125,3060000,0.0,0.0
2023-03-13 00:00:00+08:00,238.6446965225883,244.58958220108696,232.69981084408968,244.16494750976562,3256000,0.0,0.0
2023-03-14 00:00:00+08:00,241.1925046705163,247.98665973165762,241.1925046705163,244.16494750976562,2040000,0.0,0.0
2023-03-15 00:00:00+08:00,247.13740881651745,248.8359477087272,238.64471435546875,238.64471435546875,4240000,0.0,0.0
2023-03-16 00:00:00+08:00,238.22008052185504,239.0693499711308,232.6998291015625,232.6998291015625,3332000,0.0,0.0
2023-03-17 00:00:00+08:00,236.94617124285017,238.64471010480608,233.9737282344273,237.79544067382812,2004000,0.0,0.0
2023-03-20 00:00:00+08:00,238.22007361702296,238.64470832935277,232.69982235673544,234.3983612060547,1616000,0.0,0.0
2023-03-21 00:00:00+08:00,236.09692449517587,236.94619400774846,232.69984644488557,233.12448120117188,1632000,0.0,0.0
2023-03-22 00:00:00+08:00,235.6722842945772,240.76790125229778,235.2476495481005,238.2200927734375,1706000,0.0,0.0
2023-03-23 00:00:00+08:00,235.6722712941017,239.06934907852118,234.82300184799684,238.64471435546875,1120000,0.0,0.0
2023-03-24 00:00:00+08:00,240.7678901035451,240.7678901035451,236.946177562219,239.06935119628906,1186000,0.0,0.0
2023-03-27 00:00:00+08:00,240.34324611377548,246.28813206005262,238.22007256153367,243.31568908691406,2484000,0.0,0.0
2023-03-28 00:00:00+08:00,244.16497491553343,245.01424439350052,236.09691487484625,237.37081909179688,2586000,0.0,0.0
2023-03-29 00:00:00+08:00,238.2200963070518,245.0142523514597,237.7954615542763,242.04180908203125,1908000,0.0,0.0
2023-03-30 00:00:00+08:00,243.74033534273187,245.86350899554313,239.06935330654713,239.49398803710938,1782000,0.0,0.0
2023-03-31 00:00:00+08:00,241.19252857128225,242.8910675048828,239.0693549042815,242.8910675048828,1556000,0.0,0.0
2023-04-06 00:00:00+08:00,243.3156972175097,243.3156972175097,231.8505596522867,232.6998291015625,3476000,0.0,0.0
2023-04-07 00:00:00+08:00,232.2751880050799,235.24763099600415,231.42591857910156,231.42591857910156,1442000,0.0,0.0
2023-04-10 00:00:00+08:00,231.8505638538707,235.6722764448686,231.8505638538707,233.54910278320312,926000,0.0,0.0
2023-04-11 00:00:00+08:00,234.3983775993262,235.6722818254095,227.60422172688197,228.4534912109375,2750000,0.0,0.0
2023-04-12 00:00:00+08:00,226.7549563937717,231.42593864158346,223.35787839536312,229.30276489257812,2630000,0.0,0.0
2023-04-13 00:00:00+08:00,230.1520238002884,231.00129326080608,227.17958068847656,227.17958068847656,1342000,0.0,0.0
2023-04-14 00:00:00+08:00,230.15202699858568,235.67227856866245,227.60421858162715,233.97373962402344,2362000,0.0,0.0
2023-04-17 00:00:00+08:00,234.82299628301496,236.52153513497169,230.15201444013402,231.42591857910156,1684000,0.0,0.0
2023-04-18 00:00:00+08:00,231.42592750352247,233.97373587970804,230.15202331542972,230.1520233154297,1236000,0.0,0.0
2023-04-19 00:00:00+08:00,231.00129326080608,231.85056272132374,227.17958068847656,227.17958068847656,1028000,0.0,0.0
2023-04-20 00:00:00+08:00,226.7549288494537,227.6041982458936,223.78248596191406,223.78248596191406,1532000,0.0,0.0
2023-04-21 00:00:00+08:00,224.20711923731437,224.20711923731437,213.59125184918395,214.44052124023438,4202000,0.0,0.0
2023-04-24 00:00:00+08:00,214.44053767277643,222.5085975060096,214.44053767277643,220.81005859375,2426000,0.0,0.0
2023-04-25 00:00:00+08:00,220.81006966962775,222.93324341645112,217.4129916747104,219.96080017089844,2032000,0.0,0.0
2023-04-26 00:00:00+08:00,218.6868854247571,220.81005906965763,216.56371177985653,217.83761596679688,2056000,0.0,0.0
2023-04-27 00:00:00+08:00,218.68687616935424,223.35785799044726,218.26224145834578,222.08395385742188,1988000,0.0,0.0
2023-04-28 00:00:00+08:00,224.2071375766647,227.6042154187354,222.50859865562938,227.17958068847656,1290000,0.0,0.0
2023-05-02 00:00:00+08:00,230.57667190037418,231.00130665525515,225.90568959668335,226.7549591064453,1240000,0.0,0.0
2023-05-03 00:00:00+08:00,226.75495224282642,230.57666492107631,224.20714379065984,228.4534912109375,1094000,0.0,0.0
2023-05-04 00:00:00+08:00,230.57666492107631,231.42593440513184,227.60422172688197,228.4534912109375,1104000,0.0,0.0
2023-05-05 00:00:00+08:00,233.12447764078775,234.39838189019096,229.30276489257812,229.30276489257812,1940000,0.0,0.0
2023-05-08 00:00:00+08:00,232.69983074819442,238.6447169351921,231.42592656526637,236.09690856933594,2822000,0.0,0.0
2023-05-09 00:00:00+08:00,239.91862752569807,241.61716648163224,234.82301065789565,237.37081909179688,2186000,0.0,0.0
2023-05-10 00:00:00+08:00,239.06935804773101,239.91862752569807,236.09691487484625,237.37081909179688,1492000,0.0,0.0
2023-05-11 00:00:00+08:00,239.06934482029507,239.49397953578404,236.09690181187221,237.79544067382812,1144000,0.0,0.0
2023-05-12 00:00:00+08:00,236.09691019261138,240.34325749823387,236.09691019261138,239.49398803710938,1262000,0.0,0.0
2023-05-15 00:00:00+08:00,240.76788886968237,240.76788886968237,231.8505596522867,232.6998291015625,1578000,0.0,0.0
2023-05-16 00:00:00+08:00,235.67226787189858,235.67226787189858,231.85055541992188,231.85055541992188,926000,0.0,0.0
2023-05-17 00:00:00+08:00,231.850576932313,234.82302022631703,231.00130741974044,233.12448120117188,802000,0.0,0.0
2023-05-18 00:00:00+08:00,233.9737155514934,237.79542778373195,233.9737155514934,235.24761962890625,1348000,0.0,0.0
2023-05-19 00:00:00+08:00,235.67228550884798,236.09692025751258,231.85057277086665,232.27520751953125,802000,0.0,0.0
2023-05-22 00:00:00+08:00,232.27519437692462,233.54909855083827,231.00129020301094,232.6998291015625,444000,0.0,0.0
2023-05-23 00:00:00+08:00,233.12446963402533,237.7954517214102,231.85056542837492,236.94618225097656,1358000,0.0,0.0
2023-05-24 00:00:00+08:00,235.6722653430441,236.0969000553739,233.54909178139505,234.3983612060547,810000,0.0,0.0
2023-05-25 00:00:00+08:00,237.37081698619338,237.37081698619338,234.39837383967574,236.94618225097656,770000,0.0,0.0
2023-05-26 00:00:00+08:00,236.0969111772017,236.9461806418679,233.54910278320312,233.54910278320312,898000,0.0,0.0
2023-05-29 00:00:00+08:00,234.3983671249444,239.91861852462605,233.97373240189197,238.64471435546875,1584000,0.0,0.0
2023-05-30 00:00:00+08:00,238.22009549527553,239.0693649979325,235.2476522359762,235.6722869873047,860000,0.0,0.0
2023-05-31 00:00:00+08:00,235.67226672298693,244.1649610193108,235.24763200817074,240.76788330078125,2890000,0.0,0.0
2023-06-01 00:00:00+08:00,239.91861244009323,254.7808273700105,239.91861244009323,252.65765380859375,5822000,0.0,0.0
2023-06-02 00:00:00+08:00,255.630140785181,273.8894365555511,255.630140785181,267.9445495605469,9628000,0.0,0.0
2023-06-05 00:00:00+08:00,273.8894365555511,278.1357844091255,265.82137563375966,267.9445495605469,4932000,0.0,0.0
2023-06-06 00:00:00+08:00,270.0676399765501,275.1632558251642,264.5473894738847,266.6705627441406,4222000,0.0,0.0
2023-06-07 00:00:00+08:00,268.79374040876115,272.61545235770086,266.24593244280135,267.51983642578125,2726000,0.0,0.0
2023-06-08 00:00:00+08:00,272.19087067373556,273.4647749046579,267.51988849368706,268.7937927246094,2798000,0.0,0.0
2023-06-09 00:00:00+08:00,271.3416116887873,271.3416116887873,259.8764731667259,261.57501220703125,3330000,0.0,0.0
2023-06-12 00:00:00+08:00,261.9996337890625,267.5198853923977,259.87646009547205,261.9996337890625,1658000,0.0,0.0
2023-06-13 00:00:00+08:00,266.2460071526923,266.2460071526923,262.4242941313618,264.1228332519531,1194000,0.0,0.0
2023-06-14 00:00:00+08:00,264.1227810417508,265.8213198265852,261.9996075607078,262.848876953125,852000,0.0,0.0
2023-06-15 00:00:00+08:00,263.2735653927452,263.2735653927452,256.9040436493723,258.1779479980469,2052000,0.0,0.0
2023-06-16 00:00:00+08:00,258.1779479980469,260.30112191250447,256.47940886648075,258.1779479980469,1142000,0.0,0.0
2023-06-19 00:00:00+08:00,261.1503473291256,261.1503473291256,257.7532696402915,258.6025390625,738000,0.0,0.0
2023-06-20 00:00:00+08:00,259.8764894925631,270.9169939481295,259.027219919058,264.97210693359375,3388000,0.0,0.0
2023-06-21 00:00:00+08:00,264.97210452431125,264.97210452431125,257.75331321515534,258.1779479980469,3084000,0.0,0.0
2023-06-26 00:00:00+08:00,259.027219919058,267.0952808673565,256.9040459852952,264.97210693359375,2680000,0.0,0.0
2023-06-27 00:00:00+08:00,264.9720628955696,273.46475721914555,264.9720628955696,268.369140625,5732000,0.0,0.0
2023-06-28 00:00:00+08:00,270.0677030979616,270.91697260455896,260.7257385253906,260.7257385253906,4084000,0.0,0.0
2023-06-29 00:00:00+08:00,263.69815952338064,264.1227942408096,260.725716501378,262.42425537109375,1384000,0.0,0.0
2023-06-30 00:00:00+08:00,263.2735248059517,267.5198719802412,259.87644706652003,262.42425537109375,1866000,0.0,0.0
2023-07-03 00:00:00+08:00,263.2735385582095,264.12280803742954,258.17792168288935,259.0271911621094,1914000,0.0,0.0
2023-07-04 00:00:00+08:00,259.02716468724753,262.848876953125,258.17789529483036,262.848876953125,1334000,0.0,0.0
2023-07-05 00:00:00+08:00,261.1503554313413,264.9720679498488,260.72572070706275,263.2735290527344,1464000,0.0,0.0
2023-07-06 00:00:00+08:00,262.4242690789895,268.3691554335297,259.0271911621094,259.0271911621094,2936000,0.0,0.0
2023-07-07 00:00:00+08:00,261.1503473291256,262.8488861735427,257.7532696402915,258.6025390625,2094000,0.0,0.0
2023-07-10 00:00:00+08:00,259.87645125850554,265.39670267412737,259.45181653422696,263.2735290527344,2344000,0.0,0.0
2023-07-11 00:00:00+08:00,265.39671421051025,272.1908700942993,263.2735404968262,271.7662353515625,4558000,0.0,0.0
2023-07-12 00:00:00+08:00,275.1632780356093,278.13572085389524,269.6430270873641,270.91693115234375,3410000,0.0,0.0
2023-07-13 00:00:00+08:00,273.8894000728245,276.86184317439006,271.3415917000541,273.0401306152344,3382000,0.0,0.0
2023-07-14 00:00:00+08:00,277.7111163929196,278.5603858620111,272.61549957837065,276.8618469238281,5420000,0.0,0.0
2023-07-17 00:00:00+08:00,283.59267089054924,283.59267089054924,276.86183218270395,277.75927734375,3656000,17.5,0.0
2023-07-18 00:00:00+08:00,280.45161119502654,290.32350790909146,279.1054434612904,288.07989501953125,3820000,0.0,0.0
2023-07-19 00:00:00+08:00,289.4260745706978,296.605636110436,284.49012601212775,295.70819091796875,5278000,0.0,0.0
2023-07-20 00:00:00+08:00,300.1954282382721,301.54159607790564,286.2850272287259,287.6311950683594,4062000,0.0,0.0
2023-07-21 00:00:00+08:00,284.04141416267004,290.77225336083757,283.1439689362477,287.6311950683594,1778000,0.0,0.0
2023-07-24 00:00:00+08:00,288.97734502680515,288.97734502680515,283.1439514160156,283.1439514160156,2180000,0.0,0.0
2023-07-25 00:00:00+08:00,287.18246682536466,287.18246682536466,276.8618469238281,276.8618469238281,3238000,0.0,0.0
2023-07-26 00:00:00+08:00,279.5541666170446,280.4516117747237,274.61821824980944,275.9643859863281,1756000,0.0,0.0
2023-07-27 00:00:00+08:00,279.554158611484,279.554158611484,274.618210385599,275.5156555175781,1362000,0.0,0.0
2023-07-28 00:00:00+08:00,275.96437015502335,276.8618152612185,273.7207573895353,275.0669250488281,1508000,0.0,0.0
2023-07-31 00:00:00+08:00,275.5156476019257,280.45159568599934,273.7207573895353,275.0669250488281,1944000,0.0,0.0
2023-08-01 00:00:00+08:00,276.8618450196114,276.8618450196114,272.823341607656,273.2720642089844,1182000,0.0,0.0
2023-08-02 00:00:00+08:00,274.61823899675124,279.55418773688893,271.4771807075727,271.9259033203125,1906000,0.0,0.0
2023-08-04 00:00:00+08:00,272.8233357218953,276.4131164550781,271.9258905385996,276.4131164550781,612000,0.0,0.0
2023-08-07 00:00:00+08:00,276.4130972928779,276.8618198534183,269.23353632423175,270.1309814453125,2078000,0.0,0.0
2023-08-08 00:00:00+08:00,273.27204407048106,273.7207666387413,264.29759270527643,265.1950378417969,2536000,0.0,0.0
2023-08-09 00:00:00+08:00,266.0924738861188,267.4386415449019,261.15652580391423,262.951416015625,1354000,0.0,0.0
2023-08-10 00:00:00+08:00,264.7463178301191,264.7463178301191,255.77186637825065,256.6693115234375,1868000,0.0,0.0
2023-08-11 00:00:00+08:00,256.66932040897154,261.60526887837483,256.66932040897154,258.9129333496094,1116000,0.0,0.0
2023-08-14 00:00:00+08:00,258.91292108808244,259.36164365495955,249.4897471836635,251.28463745117188,2018000,0.0,0.0
2023-08-15 00:00:00+08:00,254.87441225405092,258.015470151548,252.63079947012443,254.42568969726562,870000,0.0,0.0
2023-08-16 00:00:00+08:00,253.52824229887005,253.52824229887005,248.1435716659737,250.83590698242188,1720000,0.0,0.0
2023-08-17 00:00:00+08:00,250.83591034951016,256.66930361345226,248.5922975556863,256.2205810546875,744000,0.0,0.0
2023-08-18 00:00:00+08:00,256.22058624050374,257.1180313761972,251.73336056203604,252.1820831298828,778000,0.0,0.0
2023-08-21 00:00:00+08:00,252.6308135986328,254.42570392615417,250.83592327111145,252.6308135986328,432000,0.0,0.0
2023-08-22 00:00:00+08:00,253.97697118215183,254.87441631000397,247.69485528718695,248.59230041503906,1218000,0.0,0.0
2023-08-23 00:00:00+08:00,249.93848443800402,251.28465221774195,248.14359406502015,250.38720703125,502000,0.0,0.0
2023-08-24 00:00:00+08:00,251.73335435655383,257.5667475947627,251.28463179976853,254.42568969726562,1002000,0.0,0.0
2023-08-25 00:00:00+08:00,252.6307971933873,253.07951974612868,250.3871844296805,250.83590698242188,686000,0.0,0.0
2023-08-28 00:00:00+08:00,252.63081203714094,253.07953461624777,247.6948636669659,249.9384765625,712000,0.0,0.0
2023-08-29 00:00:00+08:00,249.93847759607215,251.73336791992188,249.0410324341473,251.73336791992188,572000,0.0,0.0
2023-08-30 00:00:00+08:00,252.63080731244156,255.77186530744527,252.63080731244156,254.87442016601562,782000,0.0,0.0
2023-08-31 00:00:00+08:00,254.8744144870924,262.5026980192765,254.8744144870924,258.0154724121094,1856000,0.0,0.0
2023-09-01 00:00:00+08:00,258.01549311661466,258.46421571333923,253.97698974609375,253.97698974609375,806000,0.0,0.0
2023-09-04 00:00:00+08:00,253.9769848802061,258.9129333496094,251.73337193956823,258.9129333496094,848000,0.0,0.0
2023-09-05 00:00:00+08:00,258.0154756874201,263.400146484375,258.0154756874201,263.400146484375,1022000,0.0,0.0
2023-09-06 00:00:00+08:00,269.23355303312604,276.8618370357313,267.43866267957185,272.8233337402344,4484000,0.0,0.0
2023-09-07 00:00:00+08:00,272.3746032714844,276.8618290255451,270.5797129698601,272.3746032714844,1586000,0.0,0.0
2023-09-08 00:00:00+08:00,273.72077790317155,275.0669456633511,271.0284423828125,271.0284423828125,1286000,0.0,0.0
2023-09-11 00:00:00+08:00,272.3746190063276,273.72078681031275,264.29761218241674,273.2720642089844,1878000,0.0,0.0
2023-09-12 00:00:00+08:00,275.51566129932684,281.34905477960575,272.3746032714844,272.3746032714844,2710000,0.0,0.0
2023-09-13 00:00:00+08:00,273.2720642089844,275.0669546142979,270.13100599968567,273.2720642089844,900000,0.0,0.0
2023-09-14 00:00:00+08:00,274.16948672435325,275.5156544169442,271.47715133917137,273.72076416015625,880000,0.0,0.0
2023-09-15 00:00:00+08:00,275.06694965977823,278.656730405746,274.1695044732863,278.2080078125,1584000,0.0,0.0
2023-09-18 00:00:00+08:00,278.208014737072,280.4516277591452,276.8618469238281,276.8618469238281,1136000,0.0,0.0
2023-09-19 00:00:00+08:00,276.86183320806265,280.90033644772643,275.51566546150804,279.5541687011719,1506000,0.0,0.0
2023-09-20 00:00:00+08:00,282.24650912814667,282.24650912814667,274.61822509765625,274.61822509765625,1546000,0.0,0.0
2023-09-21 00:00:00+08:00,274.6182092885502,275.96437698114113,272.8233190317623,273.72076416015625,790000,0.0,0.0
2023-09-22 00:00:00+08:00,272.8233376527444,280.0028991699219,272.8233376527444,280.0028991699219,1386000,0.0,0.0
2023-09-25 00:00:00+08:00,280.90034145515403,288.9773480784652,280.00289627478617,288.52862548828125,3350000,0.0,0.0
2023-09-26 00:00:00+08:00,289.4260855212041,298.40053778542745,286.2850272287259,287.6311950683594,4058000,0.0,0.0
2023-09-27 00:00:00+08:00,287.6311755165777,294.3620142572152,287.1824529338685,293.4645690917969,2012000,0.0,0.0
2023-09-28 00:00:00+08:00,295.2594743038248,298.84925514642447,290.3235256452502,292.567138671875,4334000,0.0,0.0
2023-10-02 00:00:00+08:00,296.1569195144747,298.4005325410995,292.567138671875,292.567138671875,1910000,0.0,0.0
2023-10-03 00:00:00+08:00,293.46456488247577,294.3620100350215,285.3875585095636,286.2850036621094,2136000,0.0,0.0
2023-10-04 00:00:00+08:00,284.9388525352715,289.426078559449,281.3490717159295,288.97735595703125,1438000,0.0,0.0
2023-10-05 00:00:00+08:00,288.52862548828125,290.772238439201,287.1824577177294,288.52862548828125,1064000,0.0,0.0
2023-10-06 00:00:00+08:00,288.07991584669355,288.52863845704667,284.0414123535156,284.0414123535156,966000,0.0,0.0
2023-10-11 00:00:00+08:00,284.9388557128906,286.7337461425781,280.4516296386719,280.4516296386719,1262000,0.0,0.0
2023-10-12 00:00:00+08:00,280.45160808260476,284.9388338119265,280.45160808260476,282.6952209472656,604000,0.0,0.0
2023-10-13 00:00:00+08:00,280.45161282688815,280.90033540741115,275.9643870216579,277.75927734375,1220000,0.0,0.0
2023-10-16 00:00:00+08:00,276.41310281538887,280.0028833714329,276.41310281538887,279.1054382324219,660000,0.0,0.0
2023-10-17 00:00:00+08:00,279.10545398027466,284.4901251181578,279.10545398027466,280.0028991699219,932000,0.0,0.0
2023-10-18 00:00:00+08:00,280.9003503635598,281.34907296797445,275.51567911058424,276.8618469238281,794000,0.0,0.0
2023-10-19 00:00:00+08:00,275.9643791717233,278.2079920105178,275.51565660396443,277.310546875,598000,0.0,0.0
2023-10-20 00:00:00+08:00,275.06694965977823,278.2080078125,275.06694965977823,278.2080078125,590000,0.0,0.0
2023-10-23 00:00:00+08:00,279.10544508531905,282.2465031489802,277.75927734375,277.75927734375,596000,0.0,0.0
2023-10-24 00:00:00+08:00,278.20800095461726,280.00289128335675,277.3105557902475,279.5541687011719,456000,0.0,0.0
2023-10-25 00:00:00+08:00,280.45160023699884,283.143935599274,280.45160023699884,282.2464904785156,586000,0.0,0.0
2023-10-26 00:00:00+08:00,280.00289128335675,282.6952267764659,278.65672353680213,279.5541687011719,496000,0.0,0.0
2023-10-27 00:00:00+08:00,279.5541735879736,280.90034135806013,274.61822509765625,274.61822509765625,1474000,0.0,0.0
2023-10-30 00:00:00+08:00,273.7207818800403,278.656730405746,273.7207818800403,278.2080078125,536000,0.0,0.0
2023-10-31 00:00:00+08:00,278.20800095461726,282.24650419428104,277.7592783724324,279.5541687011719,908000,0.0,0.0
2023-11-01 00:00:00+08:00,280.00290298461914,287.1824645996094,280.00290298461914,287.1824645996094,1706000,0.0,0.0
2023-11-02 00:00:00+08:00,288.07991075219576,291.6696915715378,287.63118814977804,288.97735595703125,838000,0.0,0.0
2023-11-03 00:00:00+08:00,290.772238439201,291.22096102938497,285.3875673569936,288.52862548828125,604000,0.0,0.0
2023-11-06 00:00:00+08:00,290.7722394374276,291.22096202915196,289.4260716622543,290.3235168457031,660000,0.0,0.0
2023-11-07 00:00:00+08:00,291.6696934612251,293.46458388252495,289.4260804346003,292.567138671875,1152000,0.0,0.0
2023-11-08 00:00:00+08:00,293.01585338961695,294.8107437626008,291.669685609879,292.118408203125,884000,0.0,0.0
2023-11-09 00:00:00+08:00,293.9132926964108,295.70818303348807,292.11840235933346,295.25946044921875,1352000,0.0,0.0
2023-11-10 00:00:00+08:00,295.25945147620956,297.0543417587397,293.0158386230469,293.0158386230469,938000,0.0,0.0
2023-11-13 00:00:00+08:00,294.8107336882119,295.70817884403596,287.6311724416192,288.07989501953125,1412000,0.0,0.0
2023-11-14 00:00:00+08:00,289.8747762683048,289.8747762683048,284.0413829378281,285.8362731933594,914000,0.0,0.0
2023-11-15 00:00:00+08:00,287.1824546850238,288.5286224413598,282.6952288305703,283.1439514160156,1336000,0.0,0.0
2023-11-16 00:00:00+08:00,284.4901201863927,286.2850105345718,283.5926750123032,284.9388427734375,686000,0.0,0.0
2023-11-17 00:00:00+08:00,285.8362831611751,290.323508956484,285.8362831611751,289.8747863769531,810000,0.0,0.0
2023-11-20 00:00:00+08:00,291.22095200111124,291.22095200111124,285.3875585095636,286.2850036621094,870000,0.0,0.0
2023-11-21 00:00:00+08:00,287.1824488146552,288.9773391197468,286.2850036621094,286.2850036621094,818000,0.0,0.0
2023-11-22 00:00:00+08:00,286.73373512754546,292.11840620975283,286.73373512754546,288.52862548828125,1134000,0.0,0.0
2023-11-23 00:00:00+08:00,290.77225336083757,292.56714381368226,286.733749841937,287.6311950683594,628000,0.0,0.0
2023-11-24 00:00:00+08:00,289.8748099352068,292.5671456311995,288.0799194712117,291.2209777832031,1196000,0.0,0.0
2023-11-27 00:00:00+08:00,294.3620142572152,297.5030723361794,293.0158465090877,293.4645690917969,2140000,0.0,0.0
2023-11-28 00:00:00+08:00,293.91329370596617,297.9517969782619,293.91329370596617,297.0543518066406,2082000,0.0,0.0
2023-11-29 00:00:00+08:00,298.8492363215562,300.64412662979373,293.91328797390287,300.1954040527344,2374000,0.0,0.0
2023-11-30 00:00:00+08:00,298.8492431640625,304.2339142120636,298.4005205767291,298.8492431640625,1900000,0.0,0.0
2023-12-01 00:00:00+08:00,298.8492411233734,299.29796370764274,294.3620152806801,295.25946044921875,1544000,0.0,0.0
2023-12-04 00:00:00+08:00,296.6056167057582,302.8877326420375,294.81072643824984,301.54156494140625,1810000,0.0,0.0
2023-12-05 00:00:00+08:00,301.5415728315379,303.7851857246297,298.4005147812094,301.99029541015625,1254000,0.0,0.0
2023-12-06 00:00:00+08:00,302.8877659847862,306.92626953125,301.0928755196912,306.92626953125,1454000,0.0,0.0
2023-12-07 00:00:00+08:00,310.96475419984563,327.11876740503243,310.96475419984563,314.5545349121094,5418000,0.0,0.0
2023-12-08 00:00:00+08:00,318.14431861139116,322.6315445438508,315.4519830519153,319.939208984375,1658000,0.0,0.0
2023-12-11 00:00:00+08:00,316.7981295359832,323.52896798221514,315.4519618467368,322.18280029296875,1728000,0.0,0.0
2023-12-12 00:00:00+08:00,326.2213077389252,329.8110882917607,320.83663690967194,329.36236572265625,2728000,0.0,0.0
2023-12-13 00:00:00+08:00,332.0546800100461,344.61891114556136,327.11873206395086,343.7214660644531,4966000,0.0,0.0
2023-12-14 00:00:00+08:00,347.3112745540157,362.1191195931404,344.61893909235664,352.2472229003906,6178000,0.0,0.0
2023-12-15 00:00:00+08:00,348.65743869781494,360.3242255783081,348.65743869781494,358.9780578613281,4544000,0.0,0.0
2023-12-18 00:00:00+08:00,356.7344646138793,357.6319098078765,350.0036256589005,353.1446838378906,2966000,0.0,0.0
2023-12-19 00:00:00+08:00,353.1446394160896,355.8369746594143,340.5804082805743,343.7214660644531,4894000,0.0,0.0
2023-12-20 00:00:00+08:00,347.3112911826686,347.76001378109584,333.4008906314248,341.0291748046875,2804000,0.0,0.0
2023-12-21 00:00:00+08:00,337.88809453564056,337.88809453564056,326.67003030802965,329.36236572265625,2946000,0.0,0.0
2023-12-22 00:00:00+08:00,331.60596946433736,332.05469202112266,327.1187438964844,327.1187438964844,1804000,0.0,0.0
2023-12-25 00:00:00+08:00,323.0802820905854,326.67006300270305,317.695610722409,319.0417785644531,2404000,0.0,0.0
2023-12-26 00:00:00+08:00,320.38791221429494,327.11875070619186,319.490467082042,325.7725830078125,1764000,0.0,0.0
2023-12-27 00:00:00+08:00,328.4649184045713,332.9521440658359,325.7725830078125,325.7725830078125,1908000,0.0,0.0
2023-12-28 00:00:00+08:00,328.01622372581846,328.46494633009456,320.387939453125,320.387939453125,1442000,0.0,0.0
2023-12-29 00:00:00+08:00,320.83664930986436,325.32387517433796,319.93920413696964,324.8751525878906,1336000,0.0,0.0
2024-01-02 00:00:00+08:00,329.8111090298357,331.6059994191137,325.3238830566406,325.3238830566406,2340000,0.0,0.0
2024-01-03 00:00:00+08:00,325.32384923986484,333.400855152027,321.73406883445944,332.0546875,2432000,0.0,0.0
2024-01-04 00:00:00+08:00,335.19573490335904,337.43934758678176,327.11872924303714,328.01617431640625,2664000,0.0,0.0
2024-01-05 00:00:00+08:00,328.4649184045713,331.15725380133006,325.7725830078125,325.7725830078125,994000,0.0,0.0
2024-01-08 00:00:00+08:00,331.15725462093377,350.9010475793634,331.15725462093377,339.6829833984375,5934000,0.0,0.0
2024-01-09 00:00:00+08:00,343.2727617128828,345.5163745345356,335.64447811926317,336.09320068359375,3018000,0.0,0.0
2024-01-10 00:00:00+08:00,341.9266005265605,348.657439119603,337.88809737073495,346.862548828125,3294000,0.0,0.0
2024-01-11 00:00:00+08:00,345.0676450521251,351.79848338214055,343.72147738612205,349.55487060546875,2772000,0.0,0.0
2024-01-12 00:00:00+08:00,349.55489813892905,350.452343320287,343.72150446010227,344.17022705078125,1910000,0.0,0.0
2024-01-15 00:00:00+08:00,346.4138419858871,350.0036227318548,345.0676742061492,347.760009765625,1137222,0.0,0.0
2024-01-16 00:00:00+08:00,349.1061735090374,349.1061735090374,339.68299915982175,340.5804443359375,1596000,0.0,0.0
2024-01-17 00:00:00+08:00,340.5804522062603,341.92662000154195,335.64450362356087,341.0291748046875,1968000,0.0,0.0
2024-01-18 00:00:00+08:00,344.17020554616664,347.31126348465835,341.9265927329582,346.413818359375,1342000,0.0,0.0
2024-01-19 00:00:00+08:00,348.2087254855198,349.55489323868545,344.61894481041134,349.1061706542969,1094000,0.0,0.0
2024-01-22 00:00:00+08:00,351.3497777465043,353.14466805427696,347.7599971309589,352.2472229003906,1742000,0.0,0.0
2024-01-23 00:00:00+08:00,355.38828610248447,362.1191248544255,353.1446731851708,361.2216796875,2572000,0.0,0.0
2024-01-24 00:00:00+08:00,365.2601578776042,378.72183445785987,363.4652676669034,370.19610595703125,4338000,0.0,0.0
2024-01-25 00:00:00+08:00,368.8499726472077,373.7859211862823,363.4653015136719,363.4653015136719,2072000,0.0,0.0
2024-01-26 00:00:00+08:00,362.5678304545721,366.15761095412233,356.734437142803,358.5293273925781,1558000,0.0,0.0
2024-01-29 00:00:00+08:00,358.9780421401515,370.19610595703125,358.9780421401515,370.19610595703125,1344000,0.0,0.0
2024-01-30 00:00:00+08:00,367.05506480156157,376.92696140991654,367.05506480156157,372.8884582519531,1434000,0.0,0.0
2024-01-31 00:00:00+08:00,372.8884809011436,376.4782617040427,370.6448678993317,372.43975830078125,1164000,0.0,0.0
2024-02-01 00:00:00+08:00,371.54229940752094,378.72186074872906,370.6448542398699,375.132080078125,1002000,0.0,0.0
2024-02-02 00:00:00+08:00,378.2731540288447,378.72187663148867,372.4397601944735,376.029541015625,1100000,0.0,0.0
2024-02-05 00:00:00+08:00,377.82443331093936,383.65782717440993,375.58082028652757,379.61932373046875,1498000,0.0,0.0
2024-02-15 00:00:00+08:00,381.4141930885685,383.2090834089853,364.362735044609,369.7474060058594,2980000,0.0,0.0
2024-02-16 00:00:00+08:00,371.9910444613702,388.59378106579805,371.0935992395093,374.6833801269531,2328000,0.0,0.0
2024-02-19 00:00:00+08:00,373.78590817335174,374.68335333103084,364.81145659656056,367.9525146484375,1742000,0.0,0.0
2024-02-20 00:00:00+08:00,365.70892427139376,372.43976336841325,364.36275645198987,367.5038146972656,1548000,0.0,0.0
2024-02-21 00:00:00+08:00,364.81144768650546,369.74739593318634,363.46527998286524,365.7088928222656,1374000,0.0,0.0
2024-02-22 00:00:00+08:00,366.6063499817481,383.6578081204341,366.6063499817481,373.3371887207031,2012000,0.0,0.0
2024-02-23 00:00:00+08:00,376.4782537407409,380.5167570585796,371.99102783203125,371.99102783203125,1006000,0.0,0.0
2024-02-26 00:00:00+08:00,372.88849148461827,380.516775907288,371.9910462584218,378.2731628417969,1242000,0.0,0.0
2024-02-27 00:00:00+08:00,381.4142119623849,391.2861092131761,380.5167667577676,389.93994140625,2778000,0.0,0.0
2024-02-29 00:00:00+08:00,392.1835424575447,392.1835424575447,382.3116455078125,382.3116455078125,2076000,0.0,0.0
2024-03-01 00:00:00+08:00,385.90144754813855,399.3631259509806,385.90144754813855,393.97845458984375,2588000,0.0,0.0
2024-03-04 00:00:00+08:00,398.4656705729167,408.3375678168403,394.42716715494794,403.850341796875,2684000,0.0,0.0
2024-03-05 00:00:00+08:00,405.1964987960516,412.82478282654205,400.2605503057343,411.9273376464844,2118000,0.0,0.0
2024-03-06 00:00:00+08:00,421.7992000579834,430.7736511230469,418.6581421852112,430.7736511230469,4016000,0.0,0.0
2024-03-07 00:00:00+08:00,439.74812218205847,453.2097993917133,437.05578674012753,450.9661865234375,5998000,0.0,0.0
2024-03-08 00:00:00+08:00,475.6459277791715,495.8384435811174,471.1587020454057,489.10760498046875,8602000,0.0,0.0
2024-03-11 00:00:00+08:00,489.10761636980413,491.3512292889317,453.20980966376345,468.91510009765625,5888000,0.0,0.0
2024-03-12 00:00:00+08:00,468.9150891785228,489.10760498046875,462.18425057787414,489.10760498046875,3694000,0.0,0.0
2024-03-13 00:00:00+08:00,491.35125811007913,525.0054538710434,484.6204189578863,522.7618408203125,6694000,0.0,0.0
2024-03-14 00:00:00+08:00,516.0309332770271,516.0309332770271,482.37674197635135,498.08203125,6470000,0.0,0.0
2024-03-15 00:00:00+08:00,498.0820527918199,513.787342744715,486.86398853975186,495.83843994140625,4312000,0.0,0.0
2024-03-18 00:00:00+08:00,495.83843994140625,495.83843994140625,495.83843994140625,495.83843994140625,0,0.0,0.0
2024-03-19 00:00:00+08:00,489.10760310658236,516.0309574060273,484.62037739000823,511.5437316894531,4942000,0.0,0.0
2024-03-20 00:00:00+08:00,511.5437316894531,511.5437316894531,511.5437316894531,511.5437316894531,0,0.0,0.0
2024-03-21 00:00:00+08:00,511.5437648104265,516.0309908175356,473.40234375,473.40234375,5754000,0.0,0.0
2024-03-22 00:00:00+08:00,473.40232067573356,475.6459335699314,453.2098046279535,459.9406433105469,5366000,0.0,0.0
2024-03-25 00:00:00+08:00,459.9406433105469,459.9406433105469,459.9406433105469,459.9406433105469,0,0.0,0.0
2024-03-26 00:00:00+08:00,459.9406484211461,468.91510009765625,447.8251386578574,468.91510009765625,4388000,0.0,0.0
2024-03-27 00:00:00+08:00,468.915101369222,486.86400477091473,462.1842625935872,484.6203918457031,3720000,0.0,0.0
2024-03-28 00:00:00+08:00,500.3256709798177,504.8128967285156,482.37676798502605,504.8128967285156,7286000,0.0,0.0
2024-03-29 00:00:00+08:00,504.81287525818414,509.3001008160346,484.62036024785675,507.0564880371094,6086000,0.0,0.0
2024-04-01 00:00:00+08:00,507.0564970445003,516.0309483196243,500.32565858815735,509.30010986328125,2676000,0.0,0.0
2024-04-02 00:00:00+08:00,509.30016251592673,522.7618408203125,509.30016251592673,522.7618408203125,2964000,0.0,0.0
2024-04-03 00:00:00+08:00,513.7873107117492,525.0053742644075,509.3000852906859,518.2745361328125,2412000,0.0,0.0
2024-04-08 00:00:00+08:00,513.7873239734946,516.0309367419378,480.13313244684645,491.3511962890625,5520000,0.0,0.0
2024-04-09 00:00:00+08:00,504.8128821633079,511.543720592152,491.3512053056197,493.5948181152344,2668000,0.0,0.0
2024-04-10 00:00:00+08:00,493.5948090575057,498.08203459439216,486.8639707521761,491.3511962890625,1240000,0.0,0.0
2024-04-11 00:00:00+08:00,489.1075959798927,498.08204728227605,484.62037032870103,486.8639831542969,2088000,0.0,0.0
2024-04-12 00:00:00+08:00,486.8639831542969,493.5948216310844,480.1331446775094,486.8639831542969,1784000,0.0,0.0
2024-04-15 00:00:00+08:00,482.3767827710075,484.6203957141285,471.15871805540274,477.8895568847656,1706000,0.0,0.0
2024-04-16 00:00:00+08:00,466.67149101183253,471.1587168869463,455.4534263240481,462.18426513671875,4142000,0.0,0.0
2024-04-17 00:00:00+08:00,471.1587077815358,473.40232067573356,457.69703041634904,459.9406433105469,2516000,0.0,0.0
2024-04-18 00:00:00+08:00,459.9406521991619,466.67149101183253,457.69703926160497,462.18426513671875,1974000,0.0,0.0
2024-04-19 00:00:00+08:00,464.42785446166994,464.42785446166994,444.68406161499024,448.7225646972656,3846000,0.0,0.0
2024-04-22 00:00:00+08:00,450.96620318354394,457.6970420370297,439.7481384277344,439.7481384277344,2598000,0.0,0.0
2024-04-23 00:00:00+08:00,447.82513427734375,453.20980523057835,442.44046332410915,447.82513427734375,1566000,0.0,0.0
2024-04-24 00:00:00+08:00,459.9406571161179,477.88956080845423,457.69704415457585,471.1587219238281,2874000,0.0,0.0
2024-04-25 00:00:00+08:00,466.6714819931402,473.40232067573356,457.69703041634904,459.9406433105469,1166000,0.0,0.0
2024-04-26 00:00:00+08:00,462.18426904537404,466.67149495843597,455.45343017578125,455.45343017578125,1082000,0.0,0.0
2024-04-29 00:00:00+08:00,459.9406433105469,462.18425620474466,455.45341752215126,459.9406433105469,1000000,0.0,0.0
2024-04-30 00:00:00+08:00,455.4534031677246,457.69701599121095,448.7225646972656,448.7225646972656,1176000,0.0,0.0
2024-05-02 00:00:00+08:00,448.27384213256835,450.96617752075196,444.23533905029296,448.7225646972656,2154000,0.0,0.0
2024-05-03 00:00:00+08:00,448.2738547585227,455.4534159958965,444.2353515625,444.2353515625,2452000,0.0,0.0
2024-05-06 00:00:00+08:00,448.72257365516174,457.69702512826495,446.9276833605411,450.9661865234375,1312000,0.0,0.0
2024-05-07 00:00:00+08:00,455.4534100960107,455.4534100960107,446.9276812370706,447.37640380859375,1158000,0.0,0.0
2024-05-08 00:00:00+08:00,448.7225646972656,453.2097903442383,446.4789518737793,448.7225646972656,908000,0.0,0.0
2024-05-09 00:00:00+08:00,450.9661865234375,453.2097993917133,448.72257365516174,450.9661865234375,896000,0.0,0.0
2024-05-10 00:00:00+08:00,455.4534251150773,466.67148977308415,446.4789733886719,446.4789733886719,2680000,0.0,0.0
2024-05-13 00:00:00+08:00,448.7225852989405,453.2098111519299,444.68408203125,444.68408203125,2410000,0.0,0.0
2024-05-14 00:00:00+08:00,448.27384787383755,453.20979614872465,445.5815124511719,445.5815124511719,1796000,0.0,0.0
2024-05-15 00:00:00+08:00,448.7225704442818,450.96618329650323,445.5815124511719,445.5815124511719,1688000,0.0,0.0
2024-05-16 00:00:00+08:00,448.72257943621617,450.96619233339726,445.58152138016266,447.82513427734375,1374000,0.0,0.0
2024-05-17 00:00:00+08:00,448.72258632027325,450.96619925187457,445.1328056297111,446.4789733886719,1500000,0.0,0.0
2024-05-20 00:00:00+08:00,450.9661917337557,471.1587077815358,448.7225788395579,459.9406433105469,3838000,0.0,0.0
2024-05-21 00:00:00+08:00,464.42787807427567,468.91510394938945,455.4534263240481,462.18426513671875,2074000,0.0,0.0
2024-05-22 00:00:00+08:00,464.427883039202,471.1587219238281,459.9406571161179,471.1587219238281,1716000,0.0,0.0
2024-05-23 00:00:00+08:00,480.13316863717387,482.3767815747307,462.18426513671875,462.18426513671875,2190000,0.0,0.0
2024-05-24 00:00:00+08:00,455.4534051130359,466.6714692783816,455.4534051130359,464.4278564453125,810000,0.0,0.0
2024-05-27 00:00:00+08:00,466.67146728515627,468.9150801086426,448.7225646972656,448.7225646972656,2230000,0.0,0.0
2024-05-28 00:00:00+08:00,450.96619925187457,453.20981218347595,446.0302508023516,446.4789733886719,2738000,0.0,0.0
2024-05-29 00:00:00+08:00,448.7225646972656,457.69701599121095,446.030229309082,448.7225646972656,2766000,0.0,0.0
2024-05-30 00:00:00+08:00,448.7225825243657,453.2098083496094,445.1328018641708,453.2098083496094,3430000,0.0,0.0
2024-05-31 00:00:00+08:00,450.9661954369875,455.4534212622312,448.7225825243657,453.2098083496094,3890000,0.0,0.0
2024-06-03 00:00:00+08:00,453.20981338649125,462.18426513671875,448.72258751137747,462.18426513671875,4110000,0.0,0.0
2024-06-04 00:00:00+08:00,462.18427007765996,473.4023348853701,459.9406571161179,471.1587219238281,4478000,0.0,0.0
2024-06-05 00:00:00+08:00,471.1587307464455,475.6459567535545,464.427891735782,473.40234375,2758000,0.0,0.0
2024-06-06 00:00:00+08:00,480.1331446775094,498.08204728227605,477.88953185191355,486.8639831542969,5700000,0.0,0.0
2024-06-07 00:00:00+08:00,486.86399415823126,489.1076070345365,464.42786539517914,466.6714782714844,4108000,0.0,0.0
2024-06-11 00:00:00+08:00,468.91510511228176,482.3767827710075,466.6714921691608,477.8895568847656,3334000,0.0,0.0
2024-06-12 00:00:00+08:00,477.88952844793147,493.5948181152344,475.64591563831675,493.5948181152344,3672000,0.0,0.0
2024-06-13 00:00:00+08:00,502.5692965246637,507.056522386491,500.32568359375,500.32568359375,1826000,0.0,0.0
2024-06-14 00:00:00+08:00,507.0565076462766,527.2490234375,502.5692819148936,527.2490234375,3200000,0.0,0.0
2024-06-17 00:00:00+08:00,531.7362670898438,545.197944737688,527.2490412072291,531.7362670898438,3072000,0.0,0.0
2024-06-18 00:00:00+08:00,536.2234969179855,536.2234969179855,520.5182062132745,525.0054321289062,1960000,0.0,0.0
2024-06-19 00:00:00+08:00,529.4926716952144,545.1979628048183,527.2490586795568,536.2235107421875,2364000,0.0,0.0
2024-06-20 00:00:00+08:00,536.223443229831,551.9287323620855,533.9798304966517,549.6851196289062,1828000,0.0,0.0
2024-06-21 00:00:00+08:00,547.4415461842607,556.4159977610518,540.7107075016672,551.9287719726562,1872000,0.0,0.0
2024-06-24 00:00:00+08:00,556.4159578284439,572.1212469606983,547.441506895727,549.6851196289062,2860000,0.0,0.0
2024-06-25 00:00:00+08:00,554.1724243164062,554.1724243164062,536.2235198851057,554.1724243164062,1980000,0.0,0.0
2024-06-26 00:00:00+08:00,565.3905071069986,594.5574777117247,563.1468939835581,590.0702514648438,3740000,0.0,0.0
2024-06-27 00:00:00+08:00,596.8010329026442,599.0446458082932,583.33935546875,583.33935546875,2306000,0.0,0.0
2024-06-28 00:00:00+08:00,587.8265876347729,619.2371686534248,581.0957488450616,608.0191040039062,3196000,0.0,0.0
2024-07-01 00:00:00+08:00,616.9935518807738,625.9680035444942,608.0191002170535,614.7499389648438,2378000,0.0,0.0
2024-07-02 00:00:00+08:00,614.7499527469759,625.968017578125,612.506339780746,625.968017578125,3042000,0.0,0.0
2024-07-03 00:00:00+08:00,625.9680006760817,625.9680006760817,572.1212909405048,583.33935546875,6112000,0.0,0.0
2024-07-04 00:00:00+08:00,594.5574199969951,594.5574199969951,565.3904522235576,583.33935546875,3912000,0.0,0.0
2024-07-05 00:00:00+08:00,585.5829503258993,585.5829503258993,572.1212733069132,578.8521118164062,1856000,0.0,0.0
2024-07-08 00:00:00+08:00,583.3393906102036,592.3138427734375,578.8521645285866,592.3138427734375,1738000,0.0,0.0
2024-07-09 00:00:00+08:00,605.7754934210526,639.4296875,603.5318804824561,639.4296875,4084000,0.0,0.0
2024-07-10 00:00:00+08:00,646.1604939088983,664.1093965174788,623.7243656481727,661.8657836914062,4776000,0.0,0.0
2024-07-11 00:00:00+08:00,661.8657802095349,668.5966186523438,655.1349417667261,668.5966186523438,2814000,0.0,0.0
2024-07-12 00:00:00+08:00,668.5966152051755,677.5710664159832,659.6221639943677,675.3274536132812,3338000,0.0,0.0
2024-07-15 00:00:00+08:00,677.5710734739142,682.0582991260593,655.1349452131885,661.8657836914062,3092000,0.0,0.0
2024-07-16 00:00:00+08:00,659.6221494932432,666.3529877533783,650.6476984797297,664.109375,2614000,0.0,0.0
2024-07-17 00:00:00+08:00,666.35301657284,673.0838551240809,646.1605009191177,648.4041137695312,2776000,0.0,0.0
2024-07-18 00:00:00+08:00,637.1860745614035,643.9169133771929,625.9680098684211,639.4296875,2392000,0.0,0.0
2024-07-19 00:00:00+08:00,639.429679949259,673.083873630799,639.429679949259,652.891357421875,2852000,0.0,0.0
2024-07-22 00:00:00+08:00,666.3530468230551,668.5966597753213,632.6988525390625,632.6988525390625,2948000,0.0,0.0
2024-07-23 00:00:00+08:00,648.4041491824206,664.1094399930674,643.9169232365215,657.3786010742188,3720000,0.0,2.0
2024-07-26 00:00:00+08:00,690.4773669837389,722.65673828125,672.0891548137325,722.65673828125,4842000,17.5,2.0
2024-07-29 00:00:00+08:00,794.3708019578313,794.3708019578313,745.642037485881,763.11083984375,9168000,0.0,0.0
2024-07-30 00:00:00+08:00,728.1732003348214,731.8508427607549,691.396776075487,707.9461669921875,5828000,0.0,0.0
2024-07-31 00:00:00+08:00,689.5579142742847,697.8326092455761,677.6055770935304,686.7996826171875,3706000,0.0,0.0
2024-08-01 00:00:00+08:00,695.9938033340761,702.4296773411284,684.9608764648438,684.9608764648438,3079000,0.0,0.0
2024-08-02 00:00:00+08:00,673.0086052750743,678.5250692527387,658.2980346679688,658.2980346679688,2530000,0.0,0.0
2024-08-05 00:00:00+08:00,625.1992403027492,629.7962935402694,598.536331525132,604.0527954101562,5068000,0.0,0.0
2024-08-06 00:00:00+08:00,623.3603887857342,639.9097796384528,570.9539844187921,615.085693359375,4975000,0.0,0.0
2024-08-07 00:00:00+08:00,620.6021630259849,675.7667997394057,612.3274675189717,673.927978515625,4018000,0.0,0.0
2024-08-08 00:00:00+08:00,663.8144243536593,684.9608672347316,661.0561926735195,674.8473510742188,2667000,0.0,0.0
2024-08-09 00:00:00+08:00,692.3162101929797,730.0120463389454,692.3162101929797,723.576171875,3363000,0.0,0.0
2024-08-12 00:00:00+08:00,735.5284962150622,755.7555298609764,731.8508537339868,740.1255493164062,2942000,0.0,0.0
2024-08-13 00:00:00+08:00,713.4626483154298,739.2061459350587,712.5432376861572,735.5285034179688,3556000,0.0,0.0
2024-08-14 00:00:00+08:00,741.0449431717169,751.158459765872,718.0596781850012,727.2537841796875,2729000,0.0,0.0
2024-08-15 00:00:00+08:00,725.4149410850123,738.2866890890557,715.3014247961212,733.6896362304688,1944000,0.0,0.0
2024-08-16 00:00:00+08:00,749.3196475059908,753.9167005581749,737.3673095703125,737.3673095703125,2239000,0.0,0.0
2024-08-19 00:00:00+08:00,740.1255594889323,779.6602167038691,734.6090956914993,772.304931640625,2980000,0.0,0.0
2024-08-20 00:00:00+08:00,783.3378196981918,784.257230284692,764.0301973816871,765.8690185546875,2132000,0.0,0.0
2024-08-21 00:00:00+08:00,763.11083984375,786.0961061041039,758.5137865916791,763.11083984375,3312000,0.0,0.0
2024-08-22 00:00:00+08:00,764.0302500481152,768.6273032975023,753.9167328994639,755.7555541992188,1805000,0.0,0.0
2024-08-23 00:00:00+08:00,749.3196289207649,774.1437147868515,744.7225759826007,773.2243041992188,1811000,0.0,0.0
2024-08-26 00:00:00+08:00,776.9019768827704,787.9349043651293,767.7078706474714,769.5466918945312,1912000,0.0,0.0
2024-08-27 00:00:00+08:00,774.1437200778868,783.3378260170541,753.9166870117188,753.9166870117188,2556000,0.0,0.0
2024-08-28 00:00:00+08:00,744.7225952148438,752.0778801058545,735.5284891010803,744.7225952148438,2662000,0.0,0.0
2024-08-29 00:00:00+08:00,728.1732019322519,731.8508443662532,717.1402746302481,722.65673828125,3486000,0.0,0.0
2024-08-30 00:00:00+08:00,722.6566991059251,726.3343413405609,716.2208251953125,716.2208251953125,2390000,0.0,0.0
2024-09-02 00:00:00+08:00,718.9790852864584,719.8984958814539,694.1549992215806,697.8326416015625,2762000,0.0,0.0
2024-09-03 00:00:00+08:00,695.9937985572118,712.5431887474757,695.9937985572118,704.2684936523438,2229000,0.0,0.0
2024-09-04 00:00:00+08:00,678.5250122709424,711.6237933573299,668.4114958278795,702.4296875,2584000,0.0,0.0
2024-09-05 00:00:00+08:00,711.6237873092122,726.3343565559142,701.5102709521044,714.3820190429688,2667000,0.0,0.0
2024-09-06 00:00:00+08:00,730.9314104796974,733.6896422173567,718.9790729498408,721.7373046875,2729000,0.0,0.0
2024-09-09 00:00:00+08:00,709.7849512846999,723.576109664584,709.7849512846999,716.2208251953125,1198000,0.0,0.0
2024-09-10 00:00:00+08:00,717.1402578403295,729.0925954710017,707.9461519705817,709.7849731445312,1499000,0.0,0.0
2024-09-11 00:00:00+08:00,713.4626154924304,715.3014366663799,706.1073307966321,709.7849731445312,965000,0.0,0.0
2024-09-12 00:00:00+08:00,718.9790887844698,728.1731947791561,718.9790887844698,727.2537841796875,1416000,0.0,0.0
2024-09-13 00:00:00+08:00,729.0926372937298,747.4808500880231,727.2538160143005,745.6420288085938,2146000,0.0,0.0
2024-09-16 00:00:00+08:00,752.0778578497934,752.997268433962,737.3672885030983,751.158447265625,1803000,0.0,0.0
2024-09-18 00:00:00+08:00,748.4002288321828,757.5943348374922,730.931427422095,734.6090698242188,1876000,0.0,0.0
2024-09-19 00:00:00+08:00,741.0449838011805,755.7555541992188,735.5285199019161,755.7555541992188,2052000,0.0,0.0
2024-09-20 00:00:00+08:00,762.1914291933358,764.0302504941641,752.0779120387801,763.11083984375,3140000,0.0,0.0
2024-09-23 00:00:00+08:00,769.546683990698,781.4990219738272,759.4331672357426,766.7884521484375,2623000,0.0,0.0
2024-09-24 00:00:00+08:00,766.7884535845589,781.4990234375,764.0302217371324,781.4990234375,2060000,0.0,0.0
2024-09-25 00:00:00+08:00,787.0155349392361,841.2607645670572,784.2573029242621,827.4696044921875,5296000,0.0,0.0
2024-09-26 00:00:00+08:00,834.8248226897886,910.2164916992188,834.8248226897886,910.2164916992188,8091000,0.0,0.0
2024-09-27 00:00:00+08:00,916.6523714016344,942.3958682915498,889.9894639085076,890.9088745117188,7166000,0.0,0.0
2024-09-30 00:00:00+08:00,896.4253624844503,924.0076813301256,876.1983286642883,906.5388793945312,4404000,0.0,0.0
2024-10-01 00:00:00+08:00,918.4912051930147,942.3958812040441,916.652383961397,937.798828125,3968000,0.0,0.0
2024-10-04 00:00:00+08:00,937.7987910499257,942.3958439472293,883.5535668617438,889.9894409179688,5918000,0.0,0.0
2024-10-07 00:00:00+08:00,899.1835538204585,901.0223749939155,882.6341632593458,885.3923950195312,2543000,0.0,0.0
2024-10-08 00:00:00+08:00,886.3117965570017,895.5059023304145,869.7624061648585,875.2788696289062,2274000,0.0,0.0
2024-10-09 00:00:00+08:00,888.150635642927,903.7806157732891,879.8759402797941,895.5059204101562,2265000,0.0,0.0
2024-10-11 00:00:00+08:00,903.7806521461124,979.1723240443638,897.3447777157738,965.3811645507812,6026000,0.0,0.0
2024-10-14 00:00:00+08:00,951.589963277181,992.9634399414062,919.4105925383391,992.9634399414062,3197000,0.0,0.0
2024-10-15 00:00:00+08:00,983.7693625396154,1006.7546280195129,960.7840970597177,974.5752563476562,3442000,0.0,0.0
2024-10-16 00:00:00+08:00,951.589963277181,1011.351651792173,946.9929103144893,992.9634399414062,3569000,0.0,0.0
2024-10-17 00:00:00+08:00,983.7693340160229,1002.1575458667896,983.7693340160229,992.9634399414062,1973000,0.0,0.0
2024-10-18 00:00:00+08:00,1002.1575458667896,1015.9487047548647,979.1722810533312,992.9634399414062,2891000,0.0,0.0
2024-10-21 00:00:00+08:00,997.5604514732017,1038.9339264190949,992.9633987014358,1020.5457153320312,3100000,0.0,0.0
2024-10-22 00:00:00+08:00,1034.3369211469378,1034.3369211469378,1002.1575502668107,1029.7398681640625,2646000,0.0,0.0
2024-10-23 00:00:00+08:00,1011.3516446302564,1015.948697560394,997.5604858398438,997.5604858398438,2237000,0.0,0.0
2024-10-24 00:00:00+08:00,997.5605292297652,1002.1575823598563,965.3811573191276,969.9782104492188,2537000,0.0,0.0
2024-10-25 00:00:00+08:00,979.1722764235276,988.3663823054387,956.18701171875,956.18701171875,2315000,0.0,0.0
2024-10-28 00:00:00+08:00,960.7840830009675,997.5605072306696,956.1870299722548,983.7693481445312,2221000,0.0,0.0
2024-10-29 00:00:00+08:00,974.5752563476562,983.7693625396154,956.1870439637382,974.5752563476562,1895000,0.0,0.0
2024-10-30 00:00:00+08:00,988.3663896201314,992.9634425951087,951.5899658203125,951.5899658203125,2095000,0.0,0.0
2024-11-01 00:00:00+08:00,924.0076930579957,969.9782250509309,919.4106398587022,960.7841186523438,2660000,0.0,0.0
2024-11-04 00:00:00+08:00,965.3811465992648,969.9781996783089,933.2017750459559,937.798828125,1621000,0.0,0.0
2024-11-05 00:00:00+08:00,937.7988209794207,956.1870331554878,933.201767935404,942.3958740234375,1082000,0.0,0.0
2024-11-06 00:00:00+08:00,951.5900050571987,992.9634835379464,951.5900050571987,965.3811645507812,2649000,0.0,0.0
2024-11-07 00:00:00+08:00,997.5604881873497,997.5604881873497,951.5899587777944,956.18701171875,3750000,0.0,0.0
2024-11-08 00:00:00+08:00,960.7840646597056,974.5752234825721,956.18701171875,956.18701171875,2103000,0.0,0.0
2024-11-11 00:00:00+08:00,960.7841041890365,974.5752635793098,956.1870510589455,969.9782104492188,1734000,0.0,0.0
2024-11-12 00:00:00+08:00,960.7840717702672,960.7840717702672,937.7988068953805,951.5899658203125,2202000,0.0,0.0
2024-11-13 00:00:00+08:00,946.992919921875,956.187025940534,937.798813903216,946.992919921875,1274000,0.0,0.0
2024-11-14 00:00:00+08:00,946.992919921875,956.187025940534,937.798813903216,946.992919921875,1576000,0.0,0.0
2024-11-15 00:00:00+08:00,942.395852400272,942.395852400272,892.7476806640625,892.7476806640625,6636000,0.0,0.0
2024-11-18 00:00:00+08:00,882.6341757270544,888.1506393253486,847.6965729378586,861.4877319335938,6006000,0.0,0.0
2024-11-19 00:00:00+08:00,873.4400346720294,933.2017212548524,866.084750169528,884.4729614257812,6507000,0.0,0.0
2024-11-20 00:00:00+08:00,901.0223812705592,914.8135401675576,868.8430105108964,873.4400634765625,5139815,0.0,0.0
2024-11-21 00:00:00+08:00,886.3118198390772,899.1835682599767,871.6012502151922,876.1983032226562,4143000,0.0,0.0
2024-11-22 00:00:00+08:00,889.9894886899523,913.8941650390625,885.3924355458926,913.8941650390625,3882000,0.0,0.0
2024-11-25 00:00:00+08:00,924.0076416140314,928.6046945573848,899.1835557199231,900.1029663085938,21210000,0.0,0.0
2024-11-26 00:00:00+08:00,895.5059249958664,901.9417992001488,867.0041963769014,868.843017578125,4856000,0.0,0.0
2024-11-27 00:00:00+08:00,876.1982952559622,887.2312223735609,869.7624211040296,873.4400634765625,2199000,0.0,0.0
2024-11-28 00:00:00+08:00,868.8429853923835,876.1982699248058,850.4547740613277,857.81005859375,2257000,0.0,0.0
2024-11-29 00:00:00+08:00,854.1324273427327,882.6341552734375,852.2936061859131,882.6341552734375,2026000,0.0,0.0
2024-12-02 00:00:00+08:00,882.6341582507622,904.7000122070312,882.6341582507622,904.7000122070312,2432000,0.0,0.0
2024-12-03 00:00:00+08:00,919.4105804943647,919.4105804943647,897.3447265625,897.3447265625,2749000,0.0,0.0
2024-12-04 00:00:00+08:00,904.700028113163,924.0076506643585,899.183564527107,910.2164916992188,2894000,0.0,0.0
2024-12-05 00:00:00+08:00,919.4105765119715,924.0076293945312,912.9747024763876,924.0076293945312,2515000,0.0,0.0
2024-12-06 00:00:00+08:00,924.0076364135742,942.395848083496,919.4105834960938,919.4105834960938,2351000,0.0,0.0
2024-12-09 00:00:00+08:00,933.2017539204031,956.1870187952899,924.0076479704484,951.5899658203125,2728000,0.0,0.0
2024-12-10 00:00:00+08:00,946.9929320553699,951.5899851235998,910.2165075095303,915.7329711914062,3051000,0.0,0.0
2024-12-11 00:00:00+08:00,911.1358882446289,928.6046893310547,911.1358882446289,919.4105834960938,1605000,0.0,0.0
2024-12-12 00:00:00+08:00,928.6046893310547,933.2017422485351,914.8135305786133,919.4105834960938,1408000,0.0,0.0
2024-12-13 00:00:00+08:00,919.4106300278465,937.7988426284035,916.6523981377629,928.604736328125,1131000,0.0,0.0
2024-12-16 00:00:00+08:00,924.0076732926549,933.2017794945718,903.7806396484375,903.7806396484375,2073000,0.0,0.0
2024-12-17 00:00:00+08:00,914.8135305786133,928.6046893310547,903.7806035766602,919.4105834960938,1943000,0.0,0.0
2024-12-18 00:00:00+08:00,924.0076293945312,928.6046822770911,917.5717553589475,924.0076293945312,880000,0.0,0.0
2024-12-19 00:00:00+08:00,912.9747472081457,924.0076746668543,911.1359259650276,918.4912109375,1432000,0.0,0.0
2024-12-20 00:00:00+08:00,914.8135438130489,914.8135438130489,902.8612060546875,902.8612060546875,2040000,0.0,0.0
2024-12-23 00:00:00+08:00,914.8135215520135,924.0076272962549,906.5388263821964,909.2970581054688,1042000,0.0,0.0
2024-12-24 00:00:00+08:00,917.5717909209583,917.5717909209583,900.1029892901986,901.0223999023438,758000,0.0,0.0
2024-12-25 00:00:00+08:00,903.7806462553358,910.2165206437259,888.1506655978174,891.8283081054688,1002000,0.0,0.0
2024-12-26 00:00:00+08:00,893.6670751700129,900.1029491681509,884.4729694583873,887.231201171875,828000,0.0,0.0
2024-12-27 00:00:00+08:00,887.2312471218169,895.5059426908286,887.2312471218169,889.070068359375,528000,0.0,0.0
2024-12-30 00:00:00+08:00,895.5058952180071,900.1029480682023,878.9565049573048,879.8759155273438,1088000,0.0,0.0
2024-12-31 00:00:00+08:00,878.0371190879869,895.5059204101562,860.5683177658175,895.5059204101562,1356000,0.0,0.0
2025-01-02 00:00:00+08:00,896.4253220602731,896.4253220602731,883.5535738460743,885.3923950195312,774000,0.0,0.0
2025-01-03 00:00:00+08:00,891.828256154036,903.7805936076469,889.070024433972,901.9417724609375,1159000,0.0,0.0
2025-01-06 00:00:00+08:00,910.2165139897794,917.571798951313,899.1835865474791,903.7806396484375,1231000,0.0,0.0
2025-01-07 00:00:00+08:00,914.8135590845226,918.4912015331035,901.0223999023438,901.0223999023438,1205000,0.0,0.0
2025-01-08 00:00:00+08:00,903.7806229566766,908.3776759727328,889.9894639085076,890.9088745117188,1115000,0.0,0.0
2025-01-09 00:00:00+08:00,889.989455061815,895.5059186262476,880.7953491210938,880.7953491210938,816000,0.0,0.0
2025-01-10 00:00:00+08:00,873.4400705811838,884.4729977885252,868.843017578125,868.843017578125,1155000,0.0,0.0
2025-01-13 00:00:00+08:00,866.0847455424648,872.5206194477697,851.3741766160534,855.0518188476562,1362000,0.0,0.0
2025-01-14 00:00:00+08:00,864.2459557347431,881.7147569676794,855.9712604138786,858.7294921875,1124000,0.0,0.0
2025-01-15 00:00:00+08:00,859.6489622534775,859.6489622534775,827.4695893348982,829.3084106445312,2127000,0.0,0.0
2025-01-16 00:00:00+08:00,836.6636320958042,870.6818237304688,820.1142415708323,870.6818237304688,2816000,0.0,0.0
2025-01-17 00:00:00+08:00,870.6818227554663,878.037107424995,848.6159687468801,863.3265380859375,1315000,0.0,0.0
2025-01-20 00:00:00+08:00,872.5206528834293,878.0371164422287,867.0041893246299,873.4400634765625,879000,0.0,0.0
2025-01-21 00:00:00+08:00,876.1983095858959,877.1177201940658,859.648918638838,864.2459716796875,786000,0.0,0.0
2025-01-22 00:00:00+08:00,870.681800697117,875.2788534991081,861.4876950931348,869.7623901367188,1098000,0.0,0.0
2025-02-03 00:00:00+08:00,853.2130806010929,868.8430616034835,837.5830995987021,841.2607421875,1582194,0.0,0.0
2025-02-04 00:00:00+08:00,845.8577716482133,847.6965928909268,830.2277910851485,832.9860229492188,1270526,0.0,0.0
2025-02-05 00:00:00+08:00,832.9860165069879,848.615996949172,832.9860165069879,844.9383544921875,1318789,0.0,0.0
2025-02-06 00:00:00+08:00,844.9383610268566,844.9383610268566,832.9860229492188,832.9860229492188,1177750,0.0,0.0
2025-02-07 00:00:00+08:00,841.260711301433,847.6965855955423,833.9054263938795,837.5830688476562,1441174,0.0,0.0
2025-02-10 00:00:00+08:00,833.9054408269241,837.5830833443526,828.3889770507812,828.3889770507812,1022351,0.0,0.0
2025-02-11 00:00:00+08:00,832.9860308052289,837.5830839553681,827.4695670250619,835.7442626953125,1176754,0.0,0.0
2025-02-12 00:00:00+08:00,836.6636727149955,841.2607258617812,827.4695664214241,828.3889770507812,1180998,0.0,0.0
2025-02-13 00:00:00+08:00,831.1472246029149,834.8248671896534,822.8725287827531,833.9054565429688,712075,0.0,0.0
2025-02-14 00:00:00+08:00,833.9054256536372,837.5830681041493,829.3083725904969,830.227783203125,858092,0.0,0.0
2025-02-17 00:00:00+08:00,832.9860102444759,858.7295072498239,832.0665996371421,856.8906860351562,1981426,0.0,0.0
2025-02-18 00:00:00+08:00,858.7294610792591,862.4071033108619,847.6965343844506,855.0518188476562,1088383,0.0,0.0
2025-02-19 00:00:00+08:00,854.1325069928662,855.0519176570135,846.7772216796875,846.7772216796875,753892,0.0,0.0
2025-02-20 00:00:00+08:00,851.3742750004242,857.8101496494554,844.9384003513928,846.7772216796875,1231350,0.0,0.0
2025-02-21 00:00:00+08:00,846.7771535918728,853.2130277234071,842.1801006407768,851.3742065429688,824889,0.0,0.0
2025-02-24 00:00:00+08:00,846.7771360407221,890.9088434565252,840.3412620425842,887.231201171875,4109999,0.0,0.0
2025-02-25 00:00:00+08:00,877.1177084920832,905.6194369650964,870.6818343207576,895.5059204101562,3429084,0.0,0.0
2025-02-26 00:00:00+08:00,898.264159337409,902.8612123534652,888.150642702085,890.9088745117188,1764230,0.0,0.0
2025-02-27 00:00:00+08:00,892.74768948992,902.8612060546875,884.4729941187468,902.8612060546875,3771179,0.0,0.0
2025-03-03 00:00:00+08:00,898.264164181973,908.3776808718417,864.2459716796875,864.2459716796875,3706006,0.0,0.0
2025-03-04 00:00:00+08:00,861.4877923060448,861.4877923060448,838.5025257023616,846.7772216796875,2100633,0.0,0.0
2025-03-05 00:00:00+08:00,855.9712707964117,884.4729994695467,852.2936283869748,883.5535888671875,2008954,0.0,0.0
2025-03-06 00:00:00+08:00,888.1506450918146,917.571784473738,887.2312344861294,912.9747314453125,5030091,0.0,0.0
2025-03-07 00:00:00+08:00,833.905390640785,867.9235818797144,833.905390640785,853.2130126953125,6854783,0.0,0.0
2025-03-10 00:00:00+08:00,853.2130126953125,853.2130126953125,853.2130126953125,853.2130126953125,0,0.0,0.0
2025-03-11 00:00:00+08:00,825.6307592856384,832.066633801228,804.4843144487012,811.839599609375,4031206,0.0,0.0
2025-03-12 00:00:00+08:00,824.7113466005068,824.7113466005068,777.8214038172003,782.41845703125,3372761,0.0,0.0
2025-03-13 00:00:00+08:00,782.4184630456632,793.4513908441919,755.7555541992188,755.7555541992188,3671617,0.0,0.0
2025-03-14 00:00:00+08:00,753.916717230105,761.2720022762524,736.447915245505,750.2390747070312,2878859,0.0,0.0
2025-03-17 00:00:00+08:00,757.5943445331601,763.1108082069453,750.2390596347799,752.077880859375,1487597,0.0,0.0
2025-03-18 00:00:00+08:00,758.5137518642952,793.4513549804688,755.7555200393341,793.4513549804688,2251540,0.0,0.0
2025-03-19 00:00:00+08:00,798.9678097577162,798.9678097577162,778.740776599293,783.3378295898438,1555374,0.0,0.0
2025-03-20 00:00:00+08:00,795.290191966453,806.3231194850628,788.8543175805974,798.9678344726562,1613486,0.0,0.0
2025-03-21 00:00:00+08:00,799.8872438097616,805.4037075601736,781.4990313083877,784.2572631835938,1728459,0.0,0.0
2025-03-24 00:00:00+08:00,788.8543385070947,792.5319811108574,768.6273041863999,770.4661254882812,1223448,0.0,0.0
2025-03-25 00:00:00+08:00,777.8213651394957,785.1766499162285,771.3854909598545,775.9825439453125,957836,0.0,0.0
2025-03-26 00:00:00+08:00,737.3673252823329,754.836127252862,737.3673252823329,742.8837890625,4212562,0.0,0.0
2025-03-27 00:00:00+08:00,742.8837440734413,752.0778498169245,737.3672806273514,748.4002075195312,2061426,0.0,0.0
2025-03-28 00:00:00+08:00,748.4002448988257,748.4002448988257,737.3673174555998,740.1255493164062,1112264,0.0,0.0
2025-03-31 00:00:00+08:00,711.6237943184808,723.5761319491529,705.1879202096574,709.7849731445312,2518193,0.0,0.0
2025-04-01 00:00:00+08:00,726.3343752420229,741.96435546875,720.8179116325898,741.96435546875,1158834,0.0,0.0
2025-04-02 00:00:00+08:00,742.883773992091,746.5614164375964,735.5284891010803,744.7225952148438,965372,0.0,0.0
2025-04-07 00:00:00+08:00,670.2503051757812,670.2503051757812,670.2503051757812,670.2503051757812,425674,0.0,0.0
2025-04-08 00:00:00+08:00,612.3274681925291,683.1220853859596,612.3274681925291,681.2832641601562,4531494,0.0,0.0
2025-04-09 00:00:00+08:00,684.9609200004097,699.6714900943783,637.151567195012,657.3786010742188,5768777,0.0,0.0
2025-04-10 00:00:00+08:00,722.65673828125,722.65673828125,722.65673828125,722.65673828125,554997,0.0,0.0
2025-04-11 00:00:00+08:00,721.7373238212429,757.5943373614065,707.0267541637397,756.6749267578125,4229272,0.0,0.0
2025-04-14 00:00:00+08:00,779.660171178344,780.5795817575637,721.7373046875,721.7373046875,3703210,0.0,0.0
2025-04-15 00:00:00+08:00,726.3343674389284,741.9643474977407,723.5761356638438,739.2061157226562,2068419,0.0,0.0
2025-04-16 00:00:00+08:00,737.3672806273514,775.0631141756326,732.7702277556099,748.4002075195312,3436982,0.0,0.0
2025-04-17 00:00:00+08:00,764.0302504941641,775.063178299134,750.2390907379518,763.11083984375,2134033,0.0,0.0
2025-04-18 00:00:00+08:00,769.5466752081277,770.4660858117217,755.7555161542186,756.6749267578125,1512146,0.0,0.0
2025-04-21 00:00:00+08:00,753.9166932891883,766.7884417111989,741.96435546875,741.96435546875,1888334,0.0,0.0
2025-04-22 00:00:00+08:00,737.3672845342356,744.7225691679936,721.7373046875,721.7373046875,2098478,0.0,0.0
2025-04-23 00:00:00+08:00,753.9167086204387,757.594351101514,732.7702643542557,740.1255493164062,1807854,0.0,0.0
2025-04-24 00:00:00+08:00,746.5613943447828,760.3525531073095,744.7225731764458,751.158447265625,1571201,0.0,0.0
2025-04-25 00:00:00+08:00,763.1108241405302,765.8690560350141,756.6749497200678,757.5943603515625,1100964,0.0,0.0
2025-04-28 00:00:00+08:00,764.9496533025997,764.9496533025997,750.2390830467805,760.3526000976562,1070281,0.0,0.0
2025-04-29 00:00:00+08:00,763.1108253115699,776.9019848051526,757.594361514137,772.304931640625,1894168,0.0,0.0
2025-04-30 00:00:00+08:00,776.9019842147827,776.9019842147827,763.11082473168,764.9496459960938,1152149,0.0,0.0
2025-05-02 00:00:00+08:00,770.4661109492464,780.5796279187473,770.4661109492464,779.6602172851562,1392870,0.0,0.0
2025-05-05 00:00:00+08:00,785.1766874043512,785.1766874043512,747.4808511238144,760.3526000976562,1825778,0.0,0.0
2025-05-06 00:00:00+08:00,754.8361231813957,785.1766738086625,753.916712556327,784.2572631835938,2104496,0.0,0.0
2025-05-07 00:00:00+08:00,787.9348889465696,803.5648692407256,771.385498046875,771.385498046875,2754558,0.0,0.0
2025-05-08 00:00:00+08:00,779.6601801797696,790.6931072577851,778.7407695899349,787.9348754882812,1409253,0.0,0.0
2025-05-09 00:00:00+08:00,808.1619560479293,808.1619560479293,778.7408154409512,797.1290283203125,3022268,0.0,0.0
2025-05-12 00:00:00+08:00,804.4842822803131,813.6783883635167,790.6931231555077,793.4513549804688,2206361,0.0,0.0
2025-05-13 00:00:00+08:00,807.2425391394813,829.3083944234762,802.6454859553156,816.4366455078125,3252658,0.0,0.0
2025-05-14 00:00:00+08:00,822.8725427287661,822.8725427287661,805.4037401456974,810.0007934570312,2550330,0.0,0.0
2025-05-15 00:00:00+08:00,807.2425294670079,810.0007613444578,791.612548828125,791.612548828125,2073871,0.0,0.0
2025-05-16 00:00:00+08:00,798.048439453125,809.0813671875,783.337869140625,804.4843139648438,1729206,0.0,0.0
2025-05-19 00:00:00+08:00,804.4842814841465,804.4842814841465,786.0960693359375,786.0960693359375,1554196,0.0,0.0
2025-05-20 00:00:00+08:00,790.693153812536,797.1290283203125,788.8543325246,797.1290283203125,1229286,0.0,0.0
2025-05-21 00:00:00+08:00,797.1290356841829,801.7260889464908,786.0961078546441,792.531982421875,1437124,0.0,0.0
2025-05-22 00:00:00+08:00,791.6125555218391,791.6125555218391,775.9825747507923,779.6602172851562,1516824,0.0,0.0
2025-05-23 00:00:00+08:00,788.8543076322651,796.2095925519133,774.1437377929688,774.1437377929688,607828,0.0,0.0
2025-05-26 00:00:00+08:00,774.1437377929688,776.9019696378368,766.7884528733206,774.1437377929688,698467,0.0,0.0
2025-05-27 00:00:00+08:00,779.6602167038691,783.3378592354911,772.304931640625,772.304931640625,597949,0.0,0.0
2025-05-28 00:00:00+08:00,782.4184110212383,782.4184110212383,775.0631263112854,780.57958984375,844927,0.0,0.0
2025-05-29 00:00:00+08:00,785.1766884510769,789.7737416621487,775.0631713867188,775.0631713867188,1700443,0.0,0.0
2025-06-02 00:00:00+08:00,775.9825889495481,784.2572848032755,759.4331972420933,763.11083984375,1381428,0.0,0.0
2025-06-03 00:00:00+08:00,770.4661097893348,780.5796267436101,761.2720034672664,764.9496459960938,2610039,0.0,0.0
2025-06-04 00:00:00+08:00,766.7884600239415,773.2243343886508,764.9496387768817,769.5466918945312,1261504,0.0,0.0
2025-06-05 00:00:00+08:00,777.8213676769063,799.887222079088,777.8213676769063,798.0484008789062,3115656,0.0,0.0
2025-06-06 00:00:00+08:00,795.290198056203,795.290198056203,777.8213960179743,779.6602172851562,1649299,0.0,0.0
2025-06-09 00:00:00+08:00,785.1766810867022,787.9349129874752,775.9825747507923,779.6602172851562,937793,0.0,0.0
2025-06-10 00:00:00+08:00,781.4990092432776,791.6125258334847,781.4990092432776,790.693115234375,1163244,0.0,0.0
2025-06-11 00:00:00+08:00,792.5319905319301,808.1619717837199,792.5319905319301,802.6455078125,1931131,0.0,0.0
2025-06-12 00:00:00+08:00,798.9678578300737,807.2425537109375,797.1290365232151,807.2425537109375,981314,0.0,0.0
2025-06-13 00:00:00+08:00,810.0007778320312,810.9201884765625,795.2902075195312,804.4843139648438,1530883,0.0,0.0
2025-06-16 00:00:00+08:00,810.9201596052287,822.8724975585938,804.4842853226475,822.8724975585938,2659294,0.0,0.0
2025-06-17 00:00:00+08:00,824.7113569630873,832.986052852349,818.2754823825503,821.953125,1560899,0.0,0.0
2025-06-18 00:00:00+08:00,827.4695885100698,838.5025163568707,813.6784287015687,814.5978393554688,2024251,0.0,0.0
2025-06-19 00:00:00+08:00,814.5977916805425,821.9530764812698,798.0484008789062,798.0484008789062,1695318,0.0,0.0
2025-06-20 00:00:00+08:00,809.081352621822,813.6784057617188,796.2096038301113,813.6784057617188,4300760,0.0,0.0
2025-06-23 00:00:00+08:00,799.8872602522167,802.6454921841208,787.0155112366638,797.1290283203125,1770992,0.0,0.0
2025-06-24 00:00:00+08:00,804.4843287826274,806.3231501055591,792.5319901835711,795.2902221679688,1605776,0.0,0.0
2025-06-25 00:00:00+08:00,801.72607421875,806.3231273966098,793.4513784986024,801.72607421875,1051558,0.0,0.0
2025-06-26 00:00:00+08:00,805.403724609375,806.3231352539062,799.8872607421874,804.4843139648438,711413,0.0,0.0
2025-06-27 00:00:00+08:00,807.2425380321818,810.9201805744696,798.9678423120341,801.72607421875,899036,0.0,0.0
2025-06-30 00:00:00+08:00,802.6454683317171,806.3231107983,787.0154878487398,788.8543090820312,1193796,0.0,0.0
2025-07-01 00:00:00+08:00,789.7737275764918,797.1290125830249,786.0960850732253,791.612548828125,798790,0.0,0.0
2025-07-02 00:00:00+08:00,791.6125416392267,800.8066478138983,787.0154885518908,796.2095947265625,707647,0.0,0.0
2025-07-03 00:00:00+08:00,798.0484311139143,801.7260736536097,794.3707885742188,794.3707885742188,698700,0.0,0.0
2025-07-04 00:00:00+08:00,794.3707648026316,796.2095860174525,784.2572481211166,786.0960693359375,749229,0.0,0.0
2025-07-07 00:00:00+08:00,783.3378287220453,785.1766499162285,775.0631333482208,775.9825439453125,631631,0.0,0.0
2025-07-08 00:00:00+08:00,774.1437685269836,777.8214111328125,765.8690726638686,777.8214111328125,704870,0.0,0.0
2025-07-09 00:00:00+08:00,778.7407908677488,778.7407908677488,769.5466847181887,774.1437377929688,808876,0.0,0.0
2025-07-10 00:00:00+08:00,773.2243416859553,774.1437523181622,764.9496459960938,764.9496459960938,1289167,0.0,0.0
2025-07-11 00:00:00+08:00,763.110793846241,765.8690256312274,754.8360984912817,761.27197265625,1573502,0.0,0.0
2025-07-14 00:00:00+08:00,764.9496374467113,769.546690556367,754.8361206054688,754.8361206054688,1102780,0.0,0.0
2025-07-15 00:00:00+08:00,755.7555153314321,757.5943365366181,746.5614093055023,749.3196411132812,1330694,0.0,0.0
2025-07-16 00:00:00+08:00,753.9166790181304,755.7555001864673,749.3196260972882,751.158447265625,1777797,0.0,0.0
2025-07-17 00:00:00+08:00,758.7844289331565,778.8026111035035,758.7844289331565,774.9896240234375,1837465,29.0,0.0
2025-07-18 00:00:00+08:00,778.8026080481884,779.7558548144654,765.4571533203125,765.4571533203125,1447133,0.0,0.0
2025-07-21 00:00:00+08:00,763.5506567167304,764.5039034791732,754.9714358547446,755.9246826171875,1237207,0.0,0.0
2025-07-22 00:00:00+08:00,752.1116905654259,759.7376646142516,740.6727294921875,740.6727294921875,1893938,0.0,0.0
2025-07-23 00:00:00+08:00,749.2519603587963,773.0831295814044,743.5324797453704,772.1298828125,1871822,0.0,0.0
2025-07-24 00:00:00+08:00,774.0363723582575,774.9896191222456,758.7844241344495,759.7376708984375,1496573,0.0,0.0
2025-07-25 00:00:00+08:00,763.5506588745118,768.3168927001954,760.6909185791015,762.597412109375,637249,0.0,0.0
2025-07-28 00:00:00+08:00,767.3636450103415,767.3636450103415,755.9246838424855,759.7376708984375,914377,0.0,0.0
2025-07-29 00:00:00+08:00,755.9246794991719,759.7376665332156,746.3922119140625,746.3922119140625,1214741,0.0,0.0
2025-07-30 00:00:00+08:00,749.2519509311818,751.1584444450016,739.7194833620828,742.5792236328125,1205249,0.0,0.0
2025-07-31 00:00:00+08:00,742.5792258070928,750.205199884701,739.7194855279898,749.251953125,700371,0.0,0.0
2025-08-04 00:00:00+08:00,741.6259793544513,754.9714339957909,738.7662390741641,750.2052001953125,785164,0.0,0.0
2025-08-05 00:00:00+08:00,757.8311809827429,775.9428695848462,754.9714406771477,771.1766357421875,1563497,0.0,0.0
2025-08-06 00:00:00+08:00,761.644163501653,766.410397315806,756.8779296875,756.8779296875,1092952,0.0,0.0
2025-08-07 00:00:00+08:00,756.8779278285613,760.6909148705188,751.158447265625,751.158447265625,1097928,0.0,0.0
2025-08-08 00:00:00+08:00,754.9714343075825,762.5974083914974,749.2519537446462,751.158447265625,1106145,0.0,0.0
2025-08-11 00:00:00+08:00,748.2987044896835,751.1584447616186,740.67273043119,743.532470703125,1134356,0.0,0.0
2025-08-12 00:00:00+08:00,740.6727282288466,741.6259749833239,736.8597412109375,736.8597412109375,1405977,0.0,0.0
2025-08-13 00:00:00+08:00,739.7194779363517,740.6727246862697,723.5142831877461,726.3740234375,2175760,0.0,0.0
2025-08-14 00:00:00+08:00,726.3740284583869,746.3922103450353,717.7948076498233,741.6259765625,1496581,0.0,0.0
2025-08-15 00:00:00+08:00,746.3922081142084,748.2987016215244,731.1402600556805,734.9532470703125,1133379,0.0,0.0
2025-08-18 00:00:00+08:00,741.6259835727801,773.0831268348646,740.6727368072624,763.5506591796875,3118158,0.0,0.0
2025-08-19 00:00:00+08:00,772.1298766317248,772.1298766317248,753.06494140625,753.06494140625,1462460,0.0,0.0
2025-08-20 00:00:00+08:00,753.0649373215291,758.7844178581483,740.6727294921875,740.6727294921875,1748599,0.0,0.0
2025-08-21 00:00:00+08:00,741.6259799662349,757.8311749012298,741.6259799662349,752.1116943359375,1047243,0.0,0.0
2025-08-22 00:00:00+08:00,752.1116902459528,755.924677268746,739.719482421875,739.719482421875,1754059,0.0,0.0
2025-08-25 00:00:00+08:00,741.6259746650339,745.4389616813066,734.0000006324886,735.906494140625,1567498,0.0,0.0
2025-08-26 00:00:00+08:00,736.859743091353,742.5792236328125,733.0467560637135,742.5792236328125,2929577,0.0,0.0
2025-08-27 00:00:00+08:00,747.3454561491935,747.3454561491935,738.7662353515625,738.7662353515625,980114,0.0,0.0
2025-08-28 00:00:00+08:00,742.5792214191022,743.5324681731703,735.906494140625,735.906494140625,659793,0.0,0.0
2025-08-29 00:00:00+08:00,737.8129854090074,737.8129854090074,729.2337646484375,729.2337646484375,1292905,0.0,0.0
2025-09-01 00:00:00+08:00,730.187013616216,747.345455189443,727.3272733540115,735.906494140625,1451646,0.0,0.0
2025-09-02 00:00:00+08:00,739.7194814743693,747.3454555101875,734.0000009475057,736.8597412109375,884973,0.0,0.0
2025-09-03 00:00:00+08:00,740.672731362997,747.3454586725735,738.7662378459751,746.3922119140625,888754,0.0,0.0
2025-09-04 00:00:00+08:00,748.2987085176446,758.7844229045161,748.2987085176446,755.9246826171875,1634923,0.0,0.0
2025-09-05 00:00:00+08:00,760.690913609096,760.690913609096,743.5324719487405,747.345458984375,1449081,0.0,0.0
2025-09-08 00:00:00+08:00,748.2987069841569,753.0649407866038,745.4389667026887,751.158447265625,672490,0.0,0.0
2025-09-09 00:00:00+08:00,754.9714327406609,755.9246794991719,745.4389651555516,746.3922119140625,874481,0.0,0.0
2025-09-10 00:00:00+08:00,746.3922140773338,754.0181881675237,744.4857205547864,753.06494140625,1123366,0.0,0.0
2025-09-11 00:00:00+08:00,754.0181887848208,769.270136977687,751.1584484986585,754.971435546875,1837087,0.0,0.0
2025-09-12 00:00:00+08:00,757.831190659058,809.3065168170318,751.1584631941355,803.5870361328125,6652272,0.0,0.0
2025-09-15 00:00:00+08:00,807.4000188118017,807.4000188118017,787.3818365272116,789.288330078125,2437328,0.0,0.0
2025-09-16 00:00:00+08:00,791.1948233331129,808.3532652849153,788.3350830078125,788.3350830078125,1955719,0.0,0.0
2025-09-17 00:00:00+08:00,791.1948153797011,795.007802441772,761.6441656486521,763.5506591796875,2752625,0.0,0.0
2025-09-18 00:00:00+08:00,770.2233877620341,770.2233877620341,758.7844265576475,767.3636474609375,1088253,0.0,0.0
2025-09-19 00:00:00+08:00,769.2701437010519,786.4285855679899,766.4104033898956,775.94287109375,2279646,0.0,0.0
2025-09-22 00:00:00+08:00,786.4285834216718,786.4285834216718,766.410401298211,769.2701416015625,1028053,0.0,0.0
2025-09-23 00:00:00+08:00,772.1298831135366,785.4753378834001,769.2701428057087,773.0831298828125,1393673,0.0,0.0
2025-09-24 00:00:00+08:00,776.8961166570216,783.5688440393519,770.2233892746914,772.1298828125,853114,0.0,0.0
2025-09-25 00:00:00+08:00,774.0363739089776,777.8493609725685,764.50390625,764.50390625,1297678,0.0,0.0
2025-09-26 00:00:00+08:00,767.3636447005536,775.9428655729821,755.9246835373154,758.784423828125,1525025,0.0,0.0
2025-09-30 00:00:00+08:00,761.6441613164608,761.6441613164608,739.7194858342598,750.2052001953125,2050119,0.0,0.0
2025-10-01 00:00:00+08:00,752.1116997814534,780.7091028149687,752.1116997814534,769.2701416015625,1926337,0.0,0.0
2025-10-02 00:00:00+08:00,774.9896200561524,775.9428668212892,761.6441653442383,762.597412109375,992725,0.0,0.0
2025-10-03 00:00:00+08:00,765.4571524047852,766.4103991699219,755.924684753418,762.597412109375,871154,0.0,0.0
2025-10-07 00:00:00+08:00,756.8779327240749,770.223387457245,750.2052053574898,766.410400390625,1647915,0.0,0.0
2025-10-08 00:00:00+08:00,768.3168911532036,768.3168911532036,755.9246832313778,757.8311767578125,1001440,0.0,0.0
2025-10-09 00:00:00+08:00,759.7376677962694,763.5506548366523,749.2519534352168,750.2052001953125,1562787,0.0,0.0
2025-10-13 00:00:00+08:00,738.766234719892,740.6727282288466,732.0935074385511,736.8597412109375,2104955,0.0,0.0
2025-10-14 00:00:00+08:00,741.625970780222,745.4389577765214,724.467529296875,724.467529296875,2111983,0.0,0.0
2025-10-15 00:00:00+08:00,724.4675280051257,729.2337617420015,718.7480475208747,720.654541015625,1577579,0.0,0.0
2025-10-16 00:00:00+08:00,725.4207782770229,737.8129860531087,725.4207782770229,731.1402587890625,1311450,0.0,0.0
2025-10-17 00:00:00+08:00,728.2805159698205,731.1402562157753,721.6077887292594,723.5142822265625,1410632,0.0,0.0
2025-10-20 00:00:00+08:00,725.4207754009317,733.9999961349769,722.56103515625,722.56103515625,1435240,0.0,0.0
2025-10-21 00:00:00+08:00,722.5610364378281,729.2337636872539,722.5610364378281,726.3740234375,698806,0.0,0.0
2025-10-22 00:00:00+08:00,727.3272714639768,736.8597389798874,727.3272714639768,730.18701171875,922408,0.0,0.0
2025-10-23 00:00:00+08:00,730.1870084893767,730.1870084893767,720.654541015625,720.654541015625,1098537,0.0,0.0
2025-10-27 00:00:00+08:00,725.4207711238989,729.2337580943267,710.1688232421875,710.1688232421875,1856266,0.0,0.0
2025-10-28 00:00:00+08:00,712.0753116973459,713.0285584332191,695.8701171875,695.8701171875,1966751,0.0,0.0
2025-10-29 00:00:00+08:00,703.49609039642,704.4493371313745,693.0103763119205,693.963623046875,1088548,0.0,0.0
2025-10-30 00:00:00+08:00,689.1973883688039,693.963622036638,677.7584275660022,691.1038818359375,2171440,0.0,0.0
2025-10-31 00:00:00+08:00,686.337646484375,691.1038801405165,684.4311530219184,686.337646484375,1247909,0.0,0.0
2025-11-03 00:00:00+08:00,693.9636263550136,703.49609375,689.1973926575204,703.49609375,1719182,0.0,0.0
2025-11-04 00:00:00+08:00,705.402583866329,712.0753110110105,693.963623046875,693.963623046875,1664222,0.0,0.0
2025-11-05 00:00:00+08:00,695.8701144823407,695.8701144823407,682.5246602319945,688.244140625,1013645,0.0,0.0
2025-11-06 00:00:00+08:00,699.68310546875,712.0753130587959,697.7766119933583,699.68310546875,1732256,0.0,0.0
2025-11-07 00:00:00+08:00,703.4960897146178,703.4960897146178,692.05712890625,692.05712890625,966207,0.0,0.0
2025-11-10 00:00:00+08:00,696.8233605278863,696.8233605278863,683.4779062906902,686.337646484375,792743,0.0,0.0
2025-11-11 00:00:00+08:00,691.103884500501,700.6363518729216,682.5246638653223,698.7298583984375,1211740,0.0,0.0
2025-11-12 00:00:00+08:00,703.496095718876,714.9350566248739,692.057134812878,709.215576171875,1616701,0.0,0.0
2025-11-13 00:00:00+08:00,736.859731353308,756.8779129295298,708.2623291015625,708.2623291015625,5595774,0.0,0.0
2025-11-14 00:00:00+08:00,708.2623291015625,738.7662248367576,706.3558356181128,708.2623291015625,3665060,0.0,0.0
2025-11-17 00:00:00+08:00,713.9818147400465,729.2337627184721,698.729866761621,723.5142822265625,4472854,0.0,0.0
2025-11-18 00:00:00+08:00,723.5142792968751,747.3454479166667,714.93505859375,714.93505859375,5719002,0.0,0.0
2025-11-19 00:00:00+08:00,719.7012841931388,721.6077776612001,692.05712890625,692.05712890625,5619537,0.0,0.0
2025-11-20 00:00:00+08:00,701.5896041666667,718.7480455729167,695.8701236979167,714.93505859375,5050222,0.0,0.0
2025-11-21 00:00:00+08:00,705.4025933733075,730.1870088161535,704.4493466255058,721.6077880859375,5877742,0.0,0.0
2025-11-24 00:00:00+08:00,727.3272739775114,746.392209075218,719.7012999384286,737.81298828125,6788573,0.0,0.0
2025-11-25 00:00:00+08:00,745.4389607165352,751.1584412335419,733.0467529296875,733.0467529296875,3610100,0.0,0.0
2025-11-26 00:00:00+08:00,734.953240234375,739.7194739583334,714.93505859375,714.93505859375,2331849,0.0,0.0
2025-11-27 00:00:00+08:00,718.7480458997379,721.6077861354132,713.0285654283872,715.8883056640625,1035191,0.0,0.0
2025-11-28 00:00:00+08:00,715.8883030353613,716.8415497770861,706.3558356181128,708.2623291015625,1254120,0.0,0.0
2025-12-01 00:00:00+08:00,708.2623277800977,711.1220679999366,702.5428473404199,704.4493408203125,721458,0.0,0.0
2025-12-02 00:00:00+08:00,707.3090810401515,711.1220679999366,704.4493408203125,704.4493408203125,657517,0.0,0.0
2025-12-03 00:00:00+08:00,712.0753154059653,714.9350556284793,705.4025882200996,706.3558349609375,961835,0.0,0.0
2025-12-04 00:00:00+08:00,707.3090766507404,707.3090766507404,691.1038821722194,692.05712890625,2199849,0.0,0.0
2025-12-05 00:00:00+08:00,693.963622036638,693.963622036638,683.477907967403,691.1038818359375,1585276,0.0,0.0
2025-12-08 00:00:00+08:00,691.1038797986026,693.010373260116,684.4311526833058,685.3843994140625,1253335,0.0,0.0
2025-12-09 00:00:00+08:00,687.2909533111742,689.1974469403315,680.618225609124,682.5247192382812,1486251,0.0,0.0
2025-12-10 00:00:00+08:00,685.3844021006169,693.9636227110557,682.5246618971372,693.0103759765625,815173,0.0,0.0
2025-12-11 00:00:00+08:00,695.8701134523861,695.8701134523861,685.3843994140625,685.3843994140625,952252,0.0,0.0
2025-12-12 00:00:00+08:00,687.2908921926756,690.1506323821043,681.5714118138185,683.4779052734375,960904,0.0,0.0
2025-12-15 00:00:00+08:00,684.4312128674384,692.0571873840672,678.7117319799668,682.5247192382812,819389,0.0,0.0
2025-12-16 00:00:00+08:00,682.5247163813165,683.4779631919049,672.0390014648438,672.0390014648438,1649615,0.0,0.0
2025-12-17 00:00:00+08:00,672.9922469656808,677.7584810093471,667.2727661132812,667.2727661132812,891160,0.0,0.0
2025-12-18 00:00:00+08:00,672.0390009439178,673.9454945636169,664.4130264651216,670.1325073242188,805581,0.0,0.0
2025-12-19 00:00:00+08:00,672.0390022407144,678.7117299225371,670.1325086173364,674.8987426757812,606620,0.0,0.0
2025-12-22 00:00:00+08:00,674.8987421570688,676.8052357789815,670.1325081022873,672.9922485351562,519167,0.0,0.0
2025-12-23 00:00:00+08:00,673.9454963791538,680.6182240660761,673.9454963791538,676.8052368164062,481510,0.0,0.0
2025-12-24 00:00:00+08:00,682.5247179506198,683.4779647634,675.8519902611583,677.7584838867188,499338,0.0,0.0
2025-12-26 00:00:00+08:00,678.711730182255,678.711730182255,672.9922493099326,675.8519897460938,463489,0.0,0.0
2025-12-29 00:00:00+08:00,675.8519347556847,693.0103759765625,675.8519347556847,693.0103759765625,1294785,0.0,0.0
2025-12-30 00:00:00+08:00,695.8701144823407,695.8701144823407,685.3844004284972,688.244140625,627138,0.0,0.0
2025-12-31 00:00:00+08:00,689.1973870180848,692.0571272131805,684.4311533595918,687.2908935546875,627376,0.0,0.0
2026-01-02 00:00:00+08:00,689.197390036387,699.6831041309931,688.2441433005137,695.8701171875,1199544,0.0,0.0
2026-01-05 00:00:00+08:00,696.823359490771,697.7766062205806,682.524658543628,683.4779052734375,1320748,0.0,0.0
2026-01-06 00:00:00+08:00,687.2909530532943,690.1506934959572,679.6649785395268,681.5714721679688,964690,0.0,0.0
2026-01-07 00:00:00+08:00,689.1973880325232,699.6831020966418,688.2441412994216,690.150634765625,1459851,0.0,0.0
2026-01-08 00:00:00+08:00,696.8233639233733,709.215571489726,693.0103769798801,695.8701171875,1703737,0.0,0.0
2026-01-09 00:00:00+08:00,702.5428446757973,704.4493381484589,687.2908968945045,696.8233642578125,832109,0.0,0.0
2026-01-12 00:00:00+08:00,697.7766142933957,706.3558349609375,693.9636273300439,706.3558349609375,1147879,0.0,0.0
2026-01-13 00:00:00+08:00,708.2623267795728,711.1220669953719,700.6363528707753,701.589599609375,1055007,0.0,0.0
2026-01-14 00:00:00+08:00,706.3558404363869,722.56103515625,702.542853443478,722.56103515625,2042173,0.0,0.0
2026-01-15 00:00:00+08:00,724.4675276800497,728.2805146678394,719.7012939453125,719.7012939453125,1175621,0.0,0.0
2026-01-16 00:00:00+08:00,721.607785478294,724.4675257113652,712.0753180347233,713.9818115234375,1092267,0.0,0.0
2026-01-19 00:00:00+08:00,714.9350566248739,729.2337577573714,707.309082687542,709.215576171875,1261203,0.0,0.0
2026-01-20 00:00:00+08:00,706.355832632621,707.3090793703168,697.7766119933583,699.68310546875,1063956,0.0,0.0
2026-01-21 00:00:00+08:00,696.8234211955037,696.8234211955037,680.6182253537478,681.5714721679688,1576141,0.0,0.0
2026-01-22 00:00:00+08:00,686.3376485020661,694.916869108342,677.7584278957903,692.05712890625,970323,0.0,0.0
2026-01-23 00:00:00+08:00,692.0571328760163,704.4493404894987,692.0571328760163,703.49609375,913803,0.0,0.0
2026-01-26 00:00:00+08:00,703.4960973355098,719.7012919895798,702.5428505911527,713.9818115234375,1471290,0.0,0.0
2026-01-27 00:00:00+08:00,717.7947951795607,717.7947951795607,704.4493408203125,704.4493408203125,823505,0.0,0.0
2026-01-28 00:00:00+08:00,709.2155751834514,711.1220686651274,698.7298610342337,706.3558349609375,793563,0.0,0.0
2026-01-29 00:00:00+08:00,706.3558306012835,712.0753110110105,693.963623046875,693.963623046875,1322865,0.0,0.0
2026-01-30 00:00:00+08:00,693.0104341986458,693.9636810132245,682.5247192382812,682.5247192382812,1645226,0.0,0.0
2026-02-02 00:00:00+08:00,678.7117286128645,682.5247158522626,669.1792605143693,670.1325073242188,1556297,0.0,0.0
2026-02-03 00:00:00+08:00,673.9454945636169,676.8052349931654,666.3195200848206,670.1325073242188,1991505,0.0,0.0
2026-02-04 00:00:00+08:00,669.179257339058,669.179257339058,656.7870488698162,658.6935424804688,2276266,0.0,0.0
2026-02-05 00:00:00+08:00,656.7870464604621,664.4130208750973,642.488344433021,650.1143188476562,1775831,0.0,0.0
2026-02-06 00:00:00+08:00,651.0675653802141,658.6935397916953,643.4415909687328,649.1610717773438,1531625,0.0,0.0
2026-02-09 00:00:00+08:00,656.7870445421007,658.693538140191,643.4415893554688,643.4415893554688,1672209,0.0,0.0
2026-02-10 00:00:00+08:00,646.301332437557,655.8338004676095,641.5350984225308,652.9740600585938,1332900,0.0,0.0
2026-02-11 00:00:00+08:00,657.7402932622915,665.3662676769268,648.2078252439975,650.1143188476562,1520714,0.0,0.0
2026-02-23 00:00:00+08:00,655.8337993873898,655.8337993873898,641.5350973658625,649.1610717773438,1029460,0.0,0.0
2026-02-24 00:00:00+08:00,649.1610754657992,662.5065307617188,649.1610754657992,662.5065307617188,1039162,0.0,0.0
2026-02-25 00:00:00+08:00,666.3195211148835,683.4779637187003,664.4130274922372,673.9454956054688,1731119,0.0,0.0
2026-02-26 00:00:00+08:00,673.9454924439354,674.8987392507869,660.600037148016,662.5065307617188,2826494,0.0,0.0
2026-03-02 00:00:00+08:00,647.2545818520964,669.1792584096785,647.2545818520964,662.5065307617188,1477347,0.0,0.0
2026-03-03 00:00:00+08:00,670.1325060125749,678.7117272844287,662.506531548705,665.3662719726562,1933511,0.0,0.0
2026-03-04 00:00:00+08:00,661.5532771324043,661.5532771324043,638.6753540039062,638.6753540039062,2330583,0.0,0.0
2026-03-05 00:00:00+08:00,647.2545765516493,651.0675637478298,641.5350957573785,643.4415893554688,724899,0.0,0.0
2026-03-06 00:00:00+08:00,662.5065361321305,682.5247192382812,654.8805616155016,682.5247192382812,2930402,0.0,0.0
2026-03-09 00:00:00+08:00,657.7402985401643,677.7584815392128,648.2078304453793,669.1792602539062,2179492,0.0,0.0
2026-03-10 00:00:00+08:00,682.5247153201899,682.5247153201899,667.2727663744873,668.2260131835938,1264118,0.0,0.0
2026-03-11 00:00:00+08:00,675.8519327743044,693.9636206765778,673.9454393109072,687.2908935546875,2175287,0.0,0.0
2026-03-12 00:00:00+08:00,688.2441423040965,701.5895965870014,679.6649216936576,693.0103759765625,2344529,0.0,0.0
2026-03-13 00:00:00+08:00,687.2908938928324,694.9168677501731,685.3844004284972,688.244140625,1020625,0.0,0.0
2026-03-16 00:00:00+08:00,688.2441396063325,690.150633067846,682.5246592217924,685.3843994140625,887945,0.0,0.0
2026-03-17 00:00:00+08:00,693.963623046875,698.7298567216475,691.1038828420116,693.963623046875,1021891,0.0,0.0
2026-03-18 00:00:00+08:00,704.4493427865457,722.561030896078,703.4960960439388,710.1688232421875,1973881,0.0,0.0
2026-03-19 00:00:00+08:00,705.402588876388,713.9818095519116,702.5428486512134,708.2623291015625,1009225,0.0,0.0
2026-03-20 00:00:00+08:00,708.2623294297085,713.9818098827075,699.68310875021,709.215576171875,1567646,0.0,0.0
2026-03-23 00:00:00+08:00,697.7766093104339,703.4960897146178,689.1973887041581,692.05712890625,934808,0.0,0.0
2026-03-24 00:00:00+08:00,704.449339491656,704.449339491656,693.9636253720238,700.6363525390625,1074439,0.0,0.0
2026-03-25 00:00:00+08:00,710.1688245460092,713.9818115234375,707.309084312938,713.9818115234375,1071574,0.0,0.0
2026-03-26 00:00:00+08:00,719.7013029760244,756.8779265734614,719.7013029760244,747.345458984375,5520448,0.0,0.0
2026-03-27 00:00:00+08:00,752.1116964829027,759.7376705917281,747.3454626648869,758.784423828125,2775594,0.0,0.0
2026-03-30 00:00:00+08:00,753.064928727842,767.3636299062188,715.8883056640625,715.8883056640625,2929575,0.0,0.0
2026-03-31 00:00:00+08:00,712.0753193281561,729.2337607577502,696.8233713907391,717.7947998046875,2356127,0.0,0.0
2026-04-01 00:00:00+08:00,737.8129860531087,737.8129860531087,720.6545445169899,731.1402587890625,1709710,0.0,0.0
2026-04-02 00:00:00+08:00,738.7662288842612,738.7662288842612,719.7012939453125,719.7012939453125,931173,0.0,0.0
2026-04-07 00:00:00+08:00,727.3272742880545,738.7662353515625,722.5610405115928,738.7662353515625,1160412,0.0,0.0
2026-04-08 00:00:00+08:00,750.2051954516475,750.2051954516475,727.3272733540115,735.906494140625,2056592,0.0,0.0
2026-04-09 00:00:00+08:00,736.8597383349353,742.5792188394756,717.7948033198012,728.280517578125,2273511,0.0,0.0
2026-04-10 00:00:00+08:00,732.093506176853,740.6727269523631,721.6077918956742,733.0467529296875,1750815,0.0,0.0
2026-04-13 00:00:00+08:00,735.9064922282963,737.8129857314784,728.2805182155679,730.18701171875,674596,0.0,0.0
2026-04-14 00:00:00+08:00,733.9999964617301,733.9999964617301,721.6077887292594,723.5142822265625,1367371,0.0,0.0
2026-04-15 00:00:00+08:00,726.3740185350779,726.3740185350779,709.2155771523595,712.0753173828125,1772140,0.0,0.0
2026-04-16 00:00:00+08:00,715.8883110682169,734.9532461166382,715.8883110682169,732.093505859375,1886379,0.0,0.0
2026-04-17 00:00:00+08:00,736.8597418409778,740.6727288621472,725.4207807774698,738.7662353515625,1835384,0.0,0.0
2026-04-20 00:00:00+08:00,738.7662384616342,748.2987060546875,736.8597449430235,748.2987060546875,1663694,0.0,0.0
2026-04-21 00:00:00+08:00,756.8779249864609,757.8311717433709,739.7194833620828,742.5792236328125,1264440,0.0,0.0
2026-04-22 00:00:00+08:00,743.5324737935126,755.9246816900712,742.5792270322389,753.06494140625,1624486,0.0,0.0
2026-04-23 00:00:00+08:00,757.8311658500842,757.8311658500842,718.7480491207087,725.4207763671875,2227934,0.0,0.0
2026-04-24 00:00:00+08:00,730.1870075038388,733.999994488193,714.9350595664218,717.7947998046875,1211260,0.0,0.0
2026-04-27 00:00:00+08:00,717.7947981727314,721.6077851484166,705.4025905017546,713.028564453125,1692308,0.0,0.0
2026-04-28 00:00:00+08:00,720.6545406922598,720.6545406922598,711.1220732227855,719.7012939453125,1368460,0.0,0.0
2026-04-29 00:00:00+08:00,719.7012942682499,722.5610345103753,712.0753202892486,720.654541015625,1019120,0.0,0.0
2026-04-30 00:00:00+08:00,720.6545384044953,722.5610318923378,703.496097013912,713.028564453125,1930494,0.0,0.0
2026-05-04 00:00:00+08:00,714.9350562936364,714.9350562936364,706.3558356181128,708.2623291015625,997459,0.0,0.0
2026-05-05 00:00:00+08:00,708.2623271139862,712.0753140701853,701.5895999406378,702.5428466796875,987904,0.0,0.0
2026-05-06 00:00:00+08:00,703.4960914121281,705.4025848847897,690.1506371034969,696.8233642578125,1802248,0.0,0.0
2026-05-07 00:00:00+08:00,692.0571268717448,702.5428409152561,684.4311530219184,686.337646484375,2322160,0.0,0.0
2026-05-08 00:00:00+08:00,691.1038851575787,704.449339491656,687.2908982049851,700.6363525390625,1761590,0.0,0.0
2026-05-11 00:00:00+08:00,706.3558316211204,706.3558316211204,693.0103773124893,696.8233642578125,988682,0.0,0.0
2026-05-12 00:00:00+08:00,696.8233665735095,713.0285611449865,688.2441459180217,703.49609375,1839296,0.0,0.0
2026-05-13 00:00:00+08:00,699.6831020966418,705.4025824952521,690.150634765625,690.150634765625,1280744,0.0,0.0
2026-05-14 00:00:00+08:00,692.0571282318283,695.8701151642351,690.150634765625,690.150634765625,987396,0.0,0.0
2026-05-15 00:00:00+08:00,690.1506337497833,694.9168674082763,683.4779066278932,687.2908935546875,1633707,0.0,0.0
2026-05-18 00:00:00+08:00,687.2908921926756,691.1038791119138,676.8051781647707,683.4779052734375,1277915,0.0,0.0
2026-05-19 00:00:00+08:00,682.524662227421,701.589596926511,681.5714154924665,693.963623046875,1994105,0.0,0.0
2026-05-20 00:00:00+08:00,702.5428436614654,706.3558306012835,691.1038828420116,693.963623046875,1530545,0.0,0.0
2026-05-21 00:00:00+08:00,693.9636270059121,706.3558346310177,693.9636270059121,705.402587890625,1321931,0.0,0.0
2026-05-22 00:00:00+08:00,711.1220709652824,720.6545384044953,706.355837245676,713.028564453125,2018065,0.0,0.0
2026-05-25 00:00:00+08:00,721.6077828143451,721.6077828143451,706.3558349609375,706.3558349609375,1667740,0.0,0.0
2026-05-26 00:00:00+08:00,706.3558329679528,711.1220666586947,699.6831058009141,700.6363525390625,1434917,0.0,0.0
2026-05-27 00:00:00+08:00,706.3558398049976,727.3272682472511,699.6831125733713,720.654541015625,4460999,0.0,0.0
2026-05-28 00:00:00+08:00,729.2337594331505,731.1402529218645,713.9818115234375,713.9818115234375,2666596,0.0,0.0
2026-05-29 00:00:00+08:00,722.5610338610743,727.3272675936671,716.8415533819629,718.748046875,2367657,0.0,0.0
2026-06-01 00:00:00+08:00,718.7480516371708,733.9999996825219,717.7948048843364,733.0467529296875,2039754,0.0,0.0
2026-06-02 00:00:00+08:00,735.9065023906836,765.4571520980816,732.0935153316645,761.6441650390625,5525095,0.0,0.0
2026-06-03 00:00:00+08:00,762.5974087056401,762.5974087056401,750.2052008141734,752.1116943359375,3932066,0.0,0.0
2026-06-04 00:00:00+08:00,751.1584509277344,771.1766329956055,744.4857235717774,762.597412109375,4008010,0.0,0.0
2026-06-05 00:00:00+08:00,757.8311752126187,757.8311752126187,740.6727335096915,753.06494140625,3652815,0.0,0.0
2026-06-08 00:00:00+08:00,705.4026004106571,749.2519512469952,705.4026004106571,743.532470703125,3565843,0.0,0.0
2026-06-09 00:00:00+08:00,743.5324768066407,762.597412109375,739.7194897460938,762.597412109375,3219169,0.0,0.0
2026-06-10 00:00:00+08:00,758.7844247447981,794.0545550407247,754.971437685779,761.6441650390625,5310183,0.0,0.0
2026-06-11 00:00:00+08:00,772.1298674335629,776.8961011831528,719.7012961880741,726.3740234375,5223026,0.0,0.0
2026-06-12 00:00:00+08:00,733.999995149524,735.9064886434188,719.7012939453125,719.7012939453125,2069646,0.0,0.0
2026-06-15 00:00:00+08:00,724.4675263710885,725.4207731163137,713.9818121736123,715.8883056640625,1251896,0.0,0.0
2026-06-16 00:00:00+08:00,721.6077928296024,735.906494140625,718.748052567398,735.906494140625,1601406,0.0,0.0
2026-06-17 00:00:00+08:00,732.0935080645161,741.6259756174395,730.1870145539315,738.7662353515625,1168460,0.0,0.0
2026-06-18 00:00:00+08:00,742.5792279429875,759.7376696669589,737.8129941307732,755.9246826171875,2817268,0.0,0.0
2026-06-22 00:00:00+08:00,762.5974052056555,762.5974052056555,738.7662362929788,741.6259765625,1735671,0.0,0.0
2026-06-23 00:00:00+08:00,749.2519447728207,752.1116850200452,724.467529296875,724.467529296875,1733527,0.0,0.0
2026-06-24 00:00:00+08:00,725.4207750771446,727.3272685727482,716.8415543469287,721.6077880859375,1097674,0.0,0.0
2026-06-25 00:00:00+08:00,734.9532435366982,734.9532435366982,721.6077890496505,724.467529296875,1102649,0.0,0.0
2026-06-26 00:00:00+08:00,722.561030896078,723.5142776386849,710.1688232421875,710.1688232421875,1614529,0.0,0.0
2026-06-29 00:00:00+08:00,717.7948048843364,738.7662334466942,713.9818178729986,733.0467529296875,1480618,0.0,0.0
2026-06-30 00:00:00+08:00,736.8597461618247,754.9714346185837,731.1402655965325,752.1116943359375,2693785,0.0,0.0
2026-07-01 00:00:00+08:00,753.0649500510341,780.7091064453125,744.4857291010856,780.7091064453125,5067145,0.0,0.0
2026-07-02 00:00:00+08:00,777.8493603515625,780.7091006469727,755.924684753418,762.597412109375,1933175,0.0,0.0
2026-07-03 00:00:00+08:00,760.6909176624255,772.1298788302815,756.8779306064735,759.7376708984375,1151766,0.0,0.0
2026-07-06 00:00:00+08:00,761.644163501653,767.3636440786366,754.9714361618387,756.8779296875,1366724,0.0,0.0
2026-07-07 00:00:00+08:00,754.9714285714285,757.8311688311688,734.0,734.0,2036753,0.0,0.0
2026-07-08 00:00:00+08:00,745.0,758.0,732.0,748.0,1974342,36.0,0.0
2026-07-09 00:00:00+08:00,748.0,750.0,736.0,744.0,1026685,0.0,0.0
2026-07-10 00:00:00+08:00,744.0,744.0,744.0,744.0,0,0.0,0.0
