Date,Open,High,Low,Close,Volume,Dividends,Stock Splits
2018-05-09 00:00:00+08:00,49.26451873779297,49.26451873779297,35.59572151018382,49.26451873779297,67715,0.0,0.0
2018-05-10 00:00:00+08:00,45.993309020996094,47.54364693543027,45.48170000468123,45.993309020996094,56978,0.0,0.0
2018-05-11 00:00:00+08:00,45.47135925292969,46.2516949191915,44.80471380059701,45.47135925292969,16166,0.0,0.0
2018-05-14 00:00:00+08:00,44.95975112915039,45.69357831860955,43.9416983805167,44.95975112915039,3051,0.0,0.0
2018-05-15 00:00:00+08:00,43.616127014160156,43.92619399708204,43.616127014160156,43.616127014160156,13132,0.0,0.0
2018-05-16 00:00:00+08:00,43.92618942260742,44.43780139443143,43.92618942260742,43.92618942260742,3812,0.0,0.0
2018-05-17 00:00:00+08:00,43.92618942260742,43.92618942260742,43.92618942260742,43.92618942260742,0,0.0,0.0
2018-05-18 00:00:00+08:00,44.334449768066406,44.63418319203257,44.334449768066406,44.334449768066406,3050,0.0,0.0
2018-05-21 00:00:00+08:00,44.63418197631836,44.63418197631836,44.63418197631836,44.63418197631836,1525,0.0,0.0
2018-05-22 00:00:00+08:00,43.20787048339844,43.20787048339844,43.20787048339844,43.20787048339844,152,0.0,0.0
2018-05-23 00:00:00+08:00,44.85123062133789,44.85123062133789,44.85123062133789,44.85123062133789,4575,0.0,0.0
2018-05-24 00:00:00+08:00,44.85123062133789,44.85123062133789,44.85123062133789,44.85123062133789,0,0.0,0.0
2018-05-25 00:00:00+08:00,47.05270004272461,47.05270004272461,47.05270004272461,47.05270004272461,9150,0.0,0.0
2018-05-28 00:00:00+08:00,46.76847457885742,46.76847457885742,45.65739883921876,46.76847457885742,28214,0.0,0.0
2018-05-29 00:00:00+08:00,46.61861038208008,46.773643869919994,46.61861038208008,46.61861038208008,7701,0.0,0.0
2018-05-30 00:00:00+08:00,47.543643951416016,49.057806788538066,46.623776626104615,47.543643951416016,13880,0.0,0.0
2018-05-31 00:00:00+08:00,46.26203536987305,46.26203536987305,46.26203536987305,46.26203536987305,1525,0.0,0.0
2018-06-01 00:00:00+08:00,46.26203536987305,46.26203536987305,46.26203536987305,46.26203536987305,0,0.0,0.0
2018-06-04 00:00:00+08:00,46.26203536987305,46.26203536987305,46.26203536987305,46.26203536987305,0,0.0,0.0
2018-06-05 00:00:00+08:00,48.37049102783203,48.52552752457564,48.07076061567356,48.37049102783203,19826,0.0,0.0
2018-06-06 00:00:00+08:00,48.427337646484375,48.8872698186772,48.427337646484375,48.427337646484375,12355,0.0,0.0
2018-06-07 00:00:00+08:00,48.427337646484375,48.427337646484375,48.427337646484375,48.427337646484375,1525,0.0,0.0
2018-06-08 00:00:00+08:00,48.57720184326172,48.57720184326172,48.42216836109048,48.57720184326172,10675,0.0,0.0
2018-06-11 00:00:00+08:00,48.57720184326172,48.57720184326172,48.57720184326172,48.57720184326172,0,0.0,0.0
2018-06-12 00:00:00+08:00,48.57720184326172,48.57720184326172,48.57720184326172,48.57720184326172,0,0.0,0.0
2018-06-13 00:00:00+08:00,48.57720184326172,48.57720184326172,48.57720184326172,48.57720184326172,0,0.0,0.0
2018-06-14 00:00:00+08:00,48.57720184326172,48.57720184326172,48.57720184326172,48.57720184326172,0,0.0,0.0
2018-06-15 00:00:00+08:00,48.57720184326172,48.57720184326172,48.57720184326172,48.57720184326172,0,0.0,0.0
2018-06-19 00:00:00+08:00,48.57720184326172,48.57720184326172,48.57720184326172,48.57720184326172,0,0.0,0.0
2018-06-20 00:00:00+08:00,48.57720184326172,48.57720184326172,48.57720184326172,48.57720184326172,0,0.0,0.0
2018-06-21 00:00:00+08:00,48.57720184326172,48.57720184326172,48.57720184326172,48.57720184326172,0,0.0,0.0
2018-06-22 00:00:00+08:00,48.57720184326172,48.57720184326172,48.57720184326172,48.57720184326172,0,0.0,0.0
2018-06-25 00:00:00+08:00,48.57720184326172,48.57720184326172,48.57720184326172,48.57720184326172,0,0.0,0.0
2018-06-26 00:00:00+08:00,47.54881286621094,47.54881286621094,47.54881286621094,47.54881286621094,1525,0.0,0.0
2018-06-27 00:00:00+08:00,47.54881286621094,47.54881286621094,47.54881286621094,47.54881286621094,0,0.0,0.0
2018-06-28 00:00:00+08:00,47.54881286621094,47.54881286621094,47.54881286621094,47.54881286621094,0,0.0,0.0
2018-06-29 00:00:00+08:00,47.54881286621094,47.54881286621094,47.54881286621094,47.54881286621094,0,0.0,0.0
2018-07-02 00:00:00+08:00,47.54881286621094,47.54881286621094,47.54881286621094,47.54881286621094,0,0.0,0.0
2018-07-03 00:00:00+08:00,47.54881286621094,47.54881286621094,47.54881286621094,47.54881286621094,0,0.0,0.0
2018-07-04 00:00:00+08:00,47.54881286621094,47.54881286621094,47.54881286621094,47.54881286621094,0,0.0,0.0
2018-07-05 00:00:00+08:00,47.28525161743164,47.28525161743164,47.032029775709084,47.28525161743164,15251,0.0,0.0
2018-07-06 00:00:00+08:00,47.646995544433594,47.646995544433594,47.646995544433594,47.646995544433594,4575,0.0,0.0
2018-07-09 00:00:00+08:00,47.69868087768555,47.69868087768555,47.69868087768555,47.69868087768555,152,0.0,0.0
2018-07-10 00:00:00+08:00,45.57988357543945,46.251694295797996,44.95974667114014,45.57988357543945,18301,0.0,0.0
2018-07-11 00:00:00+08:00,45.57988357543945,45.57988357543945,45.57988357543945,45.57988357543945,0,0.0,0.0
2018-07-12 00:00:00+08:00,45.57988357543945,45.57988357543945,45.57988357543945,45.57988357543945,0,0.0,0.0
2018-07-13 00:00:00+08:00,45.57988357543945,45.57988357543945,45.57988357543945,45.57988357543945,0,0.0,0.0
2018-07-16 00:00:00+08:00,45.57988357543945,45.57988357543945,45.57988357543945,45.57988357543945,0,0.0,0.0
2018-07-17 00:00:00+08:00,45.57988357543945,45.57988357543945,45.57988357543945,45.57988357543945,0,0.0,0.0
2018-07-18 00:00:00+08:00,45.47653579711914,45.47653579711914,44.448146381619,45.47653579711914,4575,0.0,0.0
2018-07-19 00:00:00+08:00,45.47653579711914,45.47653579711914,45.47653579711914,45.47653579711914,0,0.0,0.0
2018-07-20 00:00:00+08:00,45.47653579711914,45.47653579711914,45.47653579711914,45.47653579711914,0,0.0,0.0
2018-07-23 00:00:00+08:00,43.92618942260742,43.931357706211955,43.92618942260742,43.92618942260742,9150,0.0,0.0
2018-07-24 00:00:00+08:00,43.92618942260742,43.92618942260742,43.92618942260742,43.92618942260742,0,0.0,0.0
2018-07-25 00:00:00+08:00,43.92618942260742,43.92618942260742,43.92618942260742,43.92618942260742,0,0.0,0.0
2018-07-26 00:00:00+08:00,43.92618942260742,43.92618942260742,43.92618942260742,43.92618942260742,0,0.0,0.0
2018-07-27 00:00:00+08:00,43.77116012573242,43.97787345026253,43.77116012573242,43.77116012573242,3050,0.0,0.0
2018-07-30 00:00:00+08:00,43.77116012573242,43.77116012573242,43.77116012573242,43.77116012573242,0,0.0,0.0
2018-07-31 00:00:00+08:00,43.77116012573242,43.77116012573242,43.77116012573242,43.77116012573242,0,0.0,0.0
2018-08-01 00:00:00+08:00,43.77116012573242,43.77116012573242,43.77116012573242,43.77116012573242,0,0.0,0.0
2018-08-02 00:00:00+08:00,43.77116012573242,43.77116012573242,43.77116012573242,43.77116012573242,0,0.0,0.0
2018-08-03 00:00:00+08:00,43.77116012573242,43.77116012573242,43.77116012573242,43.77116012573242,0,0.0,0.0
2018-08-06 00:00:00+08:00,43.77116012573242,43.77116012573242,43.77116012573242,43.77116012573242,0,0.0,0.0
2018-08-07 00:00:00+08:00,44.391292572021484,44.391292572021484,44.391292572021484,44.391292572021484,3050,0.0,0.0
2018-08-08 00:00:00+08:00,44.391292572021484,44.391292572021484,44.391292572021484,44.391292572021484,0,0.0,0.0
2018-08-09 00:00:00+08:00,42.89263153076172,44.39129245402503,42.89263153076172,42.89263153076172,4576,0.0,0.0
2018-08-10 00:00:00+08:00,42.89263153076172,42.89263153076172,42.89263153076172,42.89263153076172,0,0.0,0.0
2018-08-13 00:00:00+08:00,44.494651794433594,44.494651794433594,44.494651794433594,44.494651794433594,655,0.0,0.0
2018-08-14 00:00:00+08:00,44.494651794433594,44.494651794433594,44.494651794433594,44.494651794433594,1540,0.0,0.0
2018-08-15 00:00:00+08:00,44.494651794433594,44.494651794433594,44.494651794433594,44.494651794433594,0,0.0,0.0
2018-08-16 00:00:00+08:00,44.494651794433594,44.494651794433594,44.494651794433594,44.494651794433594,0,0.0,0.0
2018-08-17 00:00:00+08:00,44.494651794433594,44.494651794433594,44.494651794433594,44.494651794433594,0,0.0,0.0
2018-08-20 00:00:00+08:00,44.494651794433594,44.494651794433594,44.494651794433594,44.494651794433594,0,0.0,0.0
2018-08-21 00:00:00+08:00,44.494651794433594,44.494651794433594,44.494651794433594,44.494651794433594,0,0.0,0.0
2018-08-22 00:00:00+08:00,44.494651794433594,44.494651794433594,44.494651794433594,44.494651794433594,0,0.0,0.0
2018-08-23 00:00:00+08:00,44.494651794433594,44.494651794433594,44.494651794433594,44.494651794433594,0,0.0,0.0
2018-08-24 00:00:00+08:00,44.494651794433594,44.494651794433594,44.494651794433594,44.494651794433594,0,0.0,0.0
2018-08-27 00:00:00+08:00,45.65740203857422,46.76847785606941,43.926192279483686,45.65740203857422,21397,0.0,0.0
2018-08-28 00:00:00+08:00,47.5123176574707,47.86210126956975,47.37240482929957,47.5123176574707,15251,1.442504,1.1
2018-08-29 00:00:00+08:00,50.007442474365234,50.007442474365234,50.007442474365234,50.007442474365234,2,0.0,0.0
2018-08-30 00:00:00+08:00,50.007442474365234,50.007442474365234,50.007442474365234,50.007442474365234,0,0.0,0.0
2018-08-31 00:00:00+08:00,50.007442474365234,50.007442474365234,50.007442474365234,50.007442474365234,0,0.0,0.0
2018-09-03 00:00:00+08:00,50.007442474365234,50.007442474365234,50.007442474365234,50.007442474365234,0,0.0,0.0
2018-09-04 00:00:00+08:00,47.80380630493164,47.80380630493164,47.51814695406761,47.80380630493164,6932,0.0,0.0
2018-09-05 00:00:00+08:00,47.80380630493164,47.80380630493164,47.80380630493164,47.80380630493164,0,0.0,0.0
2018-09-06 00:00:00+08:00,47.80380630493164,47.80380630493164,47.80380630493164,47.80380630493164,0,0.0,0.0
2018-09-07 00:00:00+08:00,47.80380630493164,47.80380630493164,47.80380630493164,47.80380630493164,4159,0.0,0.0
2018-09-10 00:00:00+08:00,47.80380630493164,47.80380630493164,47.80380630493164,47.80380630493164,0,0.0,0.0
2018-09-11 00:00:00+08:00,47.57061767578125,50.0132756109102,47.57061767578125,47.57061767578125,1441,0.0,0.0
2018-09-12 00:00:00+08:00,47.80380630493164,47.80380630493164,47.52397755476795,47.80380630493164,3604,0.0,0.0
2018-09-13 00:00:00+08:00,47.80380630493164,47.80380630493164,47.80380630493164,47.80380630493164,0,0.0,0.0
2018-09-14 00:00:00+08:00,47.80380630493164,48.38677695803283,47.52397755476795,47.80380630493164,20797,0.0,0.0
2018-09-17 00:00:00+08:00,46.352203369140625,46.352203369140625,46.352203369140625,46.352203369140625,3466,0.0,0.0
2018-09-18 00:00:00+08:00,45.92080307006836,45.92080307006836,45.91497246934171,45.92080307006836,9705,0.0,0.0
2018-09-19 00:00:00+08:00,46.10151672363281,46.10734424010442,46.10151672363281,46.10151672363281,4714,0.0,0.0
2018-09-20 00:00:00+08:00,46.10151672363281,46.10151672363281,46.10151672363281,46.10151672363281,0,0.0,0.0
2018-09-21 00:00:00+08:00,46.10151672363281,46.10151672363281,46.10151672363281,46.10151672363281,0,0.0,0.0
2018-09-25 00:00:00+08:00,46.10151672363281,46.10151672363281,46.10151672363281,46.10151672363281,0,0.0,0.0
2018-09-26 00:00:00+08:00,46.10151672363281,46.10151672363281,46.10151672363281,46.10151672363281,0,0.0,0.0
2018-09-27 00:00:00+08:00,46.10151672363281,46.10151672363281,46.10151672363281,46.10151672363281,0,0.0,0.0
2018-09-28 00:00:00+08:00,46.10151672363281,46.10151672363281,46.10151672363281,46.10151672363281,0,0.0,0.0
2018-10-01 00:00:00+08:00,46.10151672363281,46.10151672363281,46.10151672363281,46.10151672363281,0,0.0,0.0
2018-10-02 00:00:00+08:00,46.63786315917969,46.63786315917969,44.305971080390684,46.63786315917969,417,0.0,0.0
2018-10-03 00:00:00+08:00,46.63786315917969,46.63786315917969,46.63786315917969,46.63786315917969,0,0.0,0.0
2018-10-04 00:00:00+08:00,46.63786315917969,46.63786315917969,46.63786315917969,46.63786315917969,0,0.0,0.0
2018-10-05 00:00:00+08:00,46.01990509033203,46.01990509033203,44.30596449749238,46.01990509033203,3224,0.0,0.0
2018-10-08 00:00:00+08:00,44.597450256347656,44.597450256347656,44.597450256347656,44.597450256347656,8318,0.0,0.0
2018-10-09 00:00:00+08:00,44.789833068847656,45.34365688811618,43.722993468747845,44.789833068847656,23850,0.0,0.0
2018-10-11 00:00:00+08:00,44.789833068847656,44.789833068847656,44.789833068847656,44.789833068847656,0,0.0,0.0
2018-10-12 00:00:00+08:00,44.789833068847656,44.789833068847656,44.789833068847656,44.789833068847656,0,0.0,0.0
2018-10-15 00:00:00+08:00,44.88310623168945,44.88310623168945,44.0144763026919,44.88310623168945,153,0.0,0.0
2018-10-16 00:00:00+08:00,44.88310623168945,44.88310623168945,44.88310623168945,44.88310623168945,0,0.0,0.0
2018-10-17 00:00:00+08:00,44.88310623168945,44.88310623168945,44.88310623168945,44.88310623168945,0,0.0,0.0
2018-10-18 00:00:00+08:00,44.88310623168945,44.88310623168945,44.88310623168945,44.88310623168945,0,0.0,0.0
2018-10-19 00:00:00+08:00,42.557044982910156,42.557044982910156,42.096495369531176,42.557044982910156,5545,0.0,0.0
2018-10-22 00:00:00+08:00,42.557044982910156,42.557044982910156,42.557044982910156,42.557044982910156,0,0.0,0.0
2018-10-23 00:00:00+08:00,42.557044982910156,42.557044982910156,42.557044982910156,42.557044982910156,0,0.0,0.0
2018-10-24 00:00:00+08:00,42.557044982910156,42.557044982910156,42.557044982910156,42.557044982910156,1,0.0,0.0
2018-10-25 00:00:00+08:00,42.557044982910156,42.557044982910156,42.557044982910156,42.557044982910156,0,0.0,0.0
2018-10-26 00:00:00+08:00,42.557044982910156,42.557044982910156,42.557044982910156,42.557044982910156,0,0.0,0.0
2018-10-29 00:00:00+08:00,42.557044982910156,42.557044982910156,42.557044982910156,42.557044982910156,0,0.0,0.0
2018-10-30 00:00:00+08:00,41.39109802246094,41.39109802246094,40.417532628833655,41.39109802246094,1526,0.0,0.0
2018-10-31 00:00:00+08:00,41.507694244384766,41.507694244384766,41.507694244384766,41.507694244384766,1386,0.0,0.0
2018-11-01 00:00:00+08:00,42.55121612548828,42.55121612548828,41.26284450870289,42.55121612548828,9013,0.0,0.0
2018-11-02 00:00:00+08:00,42.38215255737305,42.38215255737305,40.318428236333396,42.38215255737305,140,0.0,0.0
2018-11-05 00:00:00+08:00,42.38215255737305,42.38215255737305,42.38215255737305,42.38215255737305,0,0.0,0.0
2018-11-06 00:00:00+08:00,42.38215255737305,42.38215255737305,42.38215255737305,42.38215255737305,0,0.0,0.0
2018-11-07 00:00:00+08:00,42.265560150146484,42.265560150146484,42.265560150146484,42.265560150146484,2772,0.0,0.0
2018-11-08 00:00:00+08:00,42.265560150146484,42.265560150146484,42.265560150146484,42.265560150146484,0,0.0,0.0
2018-11-09 00:00:00+08:00,42.20726013183594,42.20726013183594,42.20726013183594,42.20726013183594,1386,0.0,0.0
2018-11-12 00:00:00+08:00,42.20726013183594,42.20726013183594,42.20726013183594,42.20726013183594,0,0.0,0.0
2018-11-13 00:00:00+08:00,42.20726013183594,42.20726013183594,42.20726013183594,42.20726013183594,0,0.0,0.0
2018-11-14 00:00:00+08:00,39.98613357543945,39.98613357543945,39.98613357543945,39.98613357543945,8318,0.0,0.0
2018-11-15 00:00:00+08:00,40.516639709472656,40.516639709472656,40.376723796368296,40.516639709472656,4160,0.0,0.0
2018-11-16 00:00:00+08:00,41.111270904541016,41.111270904541016,41.111270904541016,41.111270904541016,1,0.0,0.0
2018-11-19 00:00:00+08:00,41.111270904541016,41.111270904541016,41.111270904541016,41.111270904541016,0,0.0,0.0
2018-11-20 00:00:00+08:00,41.111270904541016,41.111270904541016,41.111270904541016,41.111270904541016,0,0.0,0.0
2018-11-21 00:00:00+08:00,41.111270904541016,41.111270904541016,41.111270904541016,41.111270904541016,0,0.0,0.0
2018-11-22 00:00:00+08:00,41.111270904541016,41.111270904541016,41.111270904541016,41.111270904541016,0,0.0,0.0
2018-11-23 00:00:00+08:00,41.111270904541016,41.111270904541016,41.111270904541016,41.111270904541016,0,0.0,0.0
2018-11-26 00:00:00+08:00,41.111270904541016,41.111270904541016,41.111270904541016,41.111270904541016,0,0.0,0.0
2018-11-27 00:00:00+08:00,41.111270904541016,41.111270904541016,41.111270904541016,41.111270904541016,0,0.0,0.0
2018-11-28 00:00:00+08:00,41.111270904541016,41.111270904541016,41.111270904541016,41.111270904541016,0,0.0,0.0
2018-11-29 00:00:00+08:00,40.92471694946289,40.92471694946289,40.92471694946289,40.92471694946289,693,0.0,0.0
2018-11-30 00:00:00+08:00,40.86642837524414,40.91306393536572,40.225157819308535,40.86642837524414,10399,0.0,0.0
2018-12-03 00:00:00+08:00,40.86642837524414,40.86642837524414,40.86642837524414,40.86642837524414,0,0.0,0.0
2018-12-04 00:00:00+08:00,40.86642837524414,40.86642837524414,38.82602009877634,40.86642837524414,140,0.0,0.0
2018-12-05 00:00:00+08:00,40.86642837524414,40.86642837524414,40.86642837524414,40.86642837524414,0,0.0,0.0
2018-12-06 00:00:00+08:00,40.86642837524414,40.86642837524414,40.86642837524414,40.86642837524414,0,0.0,0.0
2018-12-07 00:00:00+08:00,40.86642837524414,40.86642837524414,40.86642837524414,40.86642837524414,0,0.0,0.0
2018-12-10 00:00:00+08:00,40.86642837524414,40.86642837524414,40.86642837524414,40.86642837524414,0,0.0,0.0
2018-12-11 00:00:00+08:00,40.837276458740234,40.837276458740234,39.05920832605031,40.837276458740234,694,0.0,0.0
2018-12-12 00:00:00+08:00,40.837276458740234,40.837276458740234,40.837276458740234,40.837276458740234,0,0.0,0.0
2018-12-13 00:00:00+08:00,40.837276458740234,40.837276458740234,40.837276458740234,40.837276458740234,0,0.0,0.0
2018-12-14 00:00:00+08:00,38.89014434814453,38.89014434814453,38.76772023136207,38.89014434814453,8320,0.0,0.0
2018-12-17 00:00:00+08:00,37.31028747558594,37.31028747558594,36.94884571043683,37.31028747558594,8321,0.0,0.0
2018-12-18 00:00:00+08:00,39.152488708496094,39.152488708496094,37.304462467699025,39.152488708496094,12481,0.0,0.0
2018-12-19 00:00:00+08:00,39.15830993652344,39.15830993652344,39.15830993652344,39.15830993652344,1,0.0,0.0
2018-12-20 00:00:00+08:00,39.15830993652344,39.15830993652344,39.15830993652344,39.15830993652344,0,0.0,0.0
2018-12-21 00:00:00+08:00,39.15830993652344,39.15830993652344,39.15830993652344,39.15830993652344,0,0.0,0.0
2018-12-24 00:00:00+08:00,39.15830993652344,39.15830993652344,39.15830993652344,39.15830993652344,0,0.0,0.0
2018-12-25 00:00:00+08:00,39.15830993652344,39.15830993652344,39.15830993652344,39.15830993652344,0,0.0,0.0
2018-12-26 00:00:00+08:00,39.15830993652344,39.15830993652344,39.15830993652344,39.15830993652344,0,0.0,0.0
2018-12-27 00:00:00+08:00,39.15830993652344,39.15830993652344,39.15830993652344,39.15830993652344,0,0.0,0.0
2018-12-28 00:00:00+08:00,39.6363525390625,39.6363525390625,38.476235579701815,39.6363525390625,15278,0.0,0.0
2019-01-02 00:00:00+08:00,38.49372100830078,38.9659287432563,38.49372100830078,38.49372100830078,9705,0.0,0.0
2019-01-03 00:00:00+08:00,38.49372100830078,38.49372100830078,38.49372100830078,38.49372100830078,0,0.0,0.0
2019-01-04 00:00:00+08:00,37.89325714111328,37.89908774153497,37.89325714111328,37.89325714111328,6932,0.0,0.0
2019-01-07 00:00:00+08:00,37.89325714111328,37.89325714111328,37.89325714111328,37.89325714111328,0,0.0,0.0
2019-01-08 00:00:00+08:00,37.89325714111328,37.89325714111328,37.89325714111328,37.89325714111328,0,0.0,0.0
2019-01-09 00:00:00+08:00,37.89325714111328,37.89325714111328,37.89325714111328,37.89325714111328,0,0.0,0.0
2019-01-10 00:00:00+08:00,37.89325714111328,37.89325714111328,37.89325714111328,37.89325714111328,0,0.0,0.0
2019-01-11 00:00:00+08:00,37.89325714111328,37.89325714111328,37.89325714111328,37.89325714111328,0,0.0,0.0
2019-01-14 00:00:00+08:00,37.89325714111328,37.89325714111328,37.89325714111328,37.89325714111328,0,0.0,0.0
2019-01-15 00:00:00+08:00,37.89325714111328,37.89325714111328,37.89325714111328,37.89325714111328,0,0.0,0.0
2019-01-16 00:00:00+08:00,37.89325714111328,37.89325714111328,37.89325714111328,37.89325714111328,0,0.0,0.0
2019-01-17 00:00:00+08:00,37.106239318847656,37.106239318847656,37.106239318847656,37.106239318847656,5545,0.0,0.0
2019-01-18 00:00:00+08:00,37.106239318847656,37.106239318847656,37.106239318847656,37.106239318847656,0,0.0,0.0
2019-01-21 00:00:00+08:00,37.106239318847656,37.106239318847656,37.106239318847656,37.106239318847656,0,0.0,0.0
2019-01-22 00:00:00+08:00,37.106239318847656,37.106239318847656,37.106239318847656,37.106239318847656,0,0.0,0.0
2019-01-23 00:00:00+08:00,37.106239318847656,37.106239318847656,37.106239318847656,37.106239318847656,0,0.0,0.0
2019-01-24 00:00:00+08:00,37.106239318847656,37.106239318847656,37.106239318847656,37.106239318847656,0,0.0,0.0
2019-01-25 00:00:00+08:00,37.106239318847656,37.106239318847656,37.106239318847656,37.106239318847656,0,0.0,0.0
2019-01-28 00:00:00+08:00,37.106239318847656,37.106239318847656,37.106239318847656,37.106239318847656,0,0.0,0.0
2019-01-29 00:00:00+08:00,37.106239318847656,37.106239318847656,37.106239318847656,37.106239318847656,0,0.0,0.0
2019-01-30 00:00:00+08:00,37.22867202758789,37.22867202758789,37.22867202758789,37.22867202758789,2772,0.0,0.0
2019-02-11 00:00:00+08:00,36.37752914428711,36.37752914428711,36.144342108112575,36.37752914428711,4160,0.0,0.0
2019-02-12 00:00:00+08:00,36.37752914428711,36.37752914428711,36.37752914428711,36.37752914428711,0,0.0,0.0
2019-02-13 00:00:00+08:00,36.435829162597656,38.28968275918643,34.97839476275669,36.435829162597656,14010,0.0,0.0
2019-02-14 00:00:00+08:00,36.435829162597656,36.435829162597656,36.435829162597656,36.435829162597656,0,0.0,0.0
2019-02-15 00:00:00+08:00,38.167259216308594,38.289683337743945,38.167259216308594,38.167259216308594,9705,0.0,0.0
2019-02-18 00:00:00+08:00,38.167259216308594,38.167259216308594,38.167259216308594,38.167259216308594,0,0.0,0.0
2019-02-19 00:00:00+08:00,40.98301696777344,40.98301696777344,39.64217925462876,40.98301696777344,29393,0.0,0.0
2019-02-20 00:00:00+08:00,40.98301696777344,42.440451275545335,40.79646549971233,40.98301696777344,10039,0.0,0.0
2019-02-21 00:00:00+08:00,39.712135314941406,39.82872882065823,39.712135314941406,39.712135314941406,6932,0.0,0.0
2019-02-22 00:00:00+08:00,39.93366241455078,39.93366241455078,39.93366241455078,39.93366241455078,1386,0.0,0.0
2019-02-25 00:00:00+08:00,39.712135314941406,39.712135314941406,38.47622997096855,39.712135314941406,4159,0.0,0.0
2019-02-26 00:00:00+08:00,39.35069274902344,40.21932274097685,39.059205884832394,39.35069274902344,14004,0.0,0.0
2019-02-27 00:00:00+08:00,39.35069274902344,39.35069274902344,39.35069274902344,39.35069274902344,0,0.0,0.0
2019-03-04 00:00:00+08:00,39.93366241455078,39.93366241455078,39.805407714020575,39.93366241455078,20797,0.0,0.0
2019-03-05 00:00:00+08:00,41.816673278808594,41.97407484154401,39.7587763443511,41.816673278808594,177469,0.0,0.0
2019-03-06 00:00:00+08:00,43.0234260559082,43.0234260559082,41.6825882137206,43.0234260559082,61143,0.0,0.0
2019-03-07 00:00:00+08:00,41.839988708496094,42.148964287481554,41.63011792213947,41.839988708496094,42980,0.0,0.0
2019-03-08 00:00:00+08:00,40.15519332885742,41.39109559642901,38.767717036328854,40.15519332885742,51299,0.0,0.0
2019-03-11 00:00:00+08:00,40.837276458740234,40.837276458740234,40.22515585568672,40.837276458740234,69323,0.0,0.0
2019-03-12 00:00:00+08:00,40.837276458740234,40.837276458740234,40.837276458740234,40.837276458740234,0,0.0,0.0
2019-03-13 00:00:00+08:00,40.837276458740234,40.837276458740234,40.837276458740234,40.837276458740234,0,0.0,0.0
2019-03-14 00:00:00+08:00,40.63323211669922,40.67404015274395,40.63323211669922,40.63323211669922,8318,0.0,0.0
2019-03-15 00:00:00+08:00,40.80812072753906,40.80812072753906,40.67986910754536,40.80812072753906,14142,0.0,0.0
2019-03-18 00:00:00+08:00,41.099609375,41.676752482038,40.639062859457084,41.099609375,11657,0.0,0.0
2019-03-19 00:00:00+08:00,41.099609375,41.099609375,40.81978372209652,41.099609375,22183,0.0,0.0
2019-03-20 00:00:00+08:00,40.819786071777344,40.819786071777344,40.66821203577996,40.819786071777344,6932,0.0,0.0
2019-03-21 00:00:00+08:00,40.819786071777344,40.819786071777344,40.819786071777344,40.819786071777344,0,0.0,0.0
2019-03-22 00:00:00+08:00,40.668212890625,40.668212890625,40.668212890625,40.668212890625,1386,0.0,0.0
2019-03-25 00:00:00+08:00,40.668212890625,40.668212890625,40.668212890625,40.668212890625,0,0.0,0.0
2019-03-26 00:00:00+08:00,40.860591888427734,40.860591888427734,40.51663887994203,40.860591888427734,19410,0.0,0.0
2019-03-27 00:00:00+08:00,41.09378433227539,41.09378433227539,40.86642481934813,41.09378433227539,9746,0.0,0.0
2019-03-28 00:00:00+08:00,44.888938903808594,46.637860163052586,42.55704697482587,44.888938903808594,48249,0.0,0.0
2019-03-29 00:00:00+08:00,46.05488204956055,47.22082944533297,44.311791556216626,46.05488204956055,26204,0.0,0.0
2019-04-01 00:00:00+08:00,46.92351531982422,46.92351531982422,44.88893783342128,46.92351531982422,42980,0.0,0.0
2019-04-02 00:00:00+08:00,45.47190856933594,46.92351222068518,45.192082919682804,45.47190856933594,19549,0.0,0.0
2019-04-03 00:00:00+08:00,45.0346794128418,45.76339655679475,44.8889359840512,45.0346794128418,24956,0.0,0.0
2019-04-08 00:00:00+08:00,47.220829010009766,47.687206114013875,45.47190793247423,47.220829010009766,49219,0.0,0.0
2019-04-09 00:00:00+08:00,46.49211502075195,46.637858453680494,45.90914128903779,46.49211502075195,40901,0.0,0.0
2019-04-10 00:00:00+08:00,46.177303314208984,46.754446376261164,45.47773615313618,46.177303314208984,37989,0.0,0.0
2019-04-11 00:00:00+08:00,46.05488204956055,46.445473687142155,44.311791556216626,46.05488204956055,14142,0.0,0.0
2019-04-12 00:00:00+08:00,46.92934036254883,47.21499659757996,46.17147335803437,46.92934036254883,60589,0.0,0.0
2019-04-15 00:00:00+08:00,49.08051681518555,49.08051681518555,47.16253593077695,49.08051681518555,58370,0.0,0.0
2019-04-16 00:00:00+08:00,48.3284797668457,49.255406519458745,48.3284797668457,48.3284797668457,6240,0.0,0.0
2019-04-17 00:00:00+08:00,47.220829010009766,48.67826015794709,46.58538916517615,47.220829010009766,27174,0.0,0.0
2019-04-18 00:00:00+08:00,47.52397537231445,47.52397537231445,46.56207121803007,47.52397537231445,17330,0.0,0.0
2019-04-19 00:00:00+08:00,47.37823486328125,47.57061693932535,47.11006731031488,47.37823486328125,27868,0.0,0.0
2019-04-22 00:00:00+08:00,47.37823486328125,47.37823486328125,47.37823486328125,47.37823486328125,0,0.0,0.0
2019-04-23 00:00:00+08:00,47.372406005859375,47.372406005859375,46.93517570904075,47.372406005859375,5684,0.0,0.0
2019-04-24 00:00:00+08:00,47.80380630493164,47.80380630493164,47.33742608243966,47.80380630493164,3050,0.0,0.0
2019-04-25 00:00:00+08:00,47.69887161254883,48.561671028539145,46.92351579164077,47.69887161254883,52270,0.0,0.0
2019-04-26 00:00:00+08:00,47.80380630493164,47.80380630493164,47.11589717259436,47.80380630493164,2357,0.0,0.0
2019-04-29 00:00:00+08:00,47.5123176574707,47.5123176574707,46.64368768603389,47.5123176574707,2772,0.0,0.0
2019-04-30 00:00:00+08:00,47.39572525024414,47.39572525024414,46.64951932297452,47.39572525024414,8873,0.0,0.0
2019-05-02 00:00:00+08:00,47.68721008300781,47.68721008300781,46.76611391551664,47.68721008300781,2911,0.0,0.0
2019-05-03 00:00:00+08:00,48.67243576049805,48.67243576049805,47.80380576631979,48.67243576049805,970,0.0,0.0
2019-05-06 00:00:00+08:00,47.226661682128906,47.68720820607647,46.935174823085305,47.226661682128906,18162,0.0,0.0
2019-05-07 00:00:00+08:00,49.31953430175781,49.31953430175781,47.2324906693878,49.31953430175781,22878,0.0,0.0
2019-05-08 00:00:00+08:00,48.38677978515625,49.54689672512618,47.80380909799348,48.38677978515625,9843,0.0,0.0
2019-05-09 00:00:00+08:00,47.5123176574707,48.38677514604711,47.27329695447521,47.5123176574707,24970,0.0,0.0
2019-05-10 00:00:00+08:00,46.935176849365234,48.095293735107326,46.935176849365234,46.935176849365234,4435,0.0,0.0
2019-05-13 00:00:00+08:00,46.05488204956055,46.05488204956055,46.05488204956055,46.05488204956055,56,0.0,0.0
2019-05-14 00:00:00+08:00,46.63786315917969,46.63786315917969,45.47191557811379,46.63786315917969,6100,0.0,0.0
2019-05-15 00:00:00+08:00,46.63786315917969,46.63786315917969,46.63786315917969,46.63786315917969,0,0.0,0.0
2019-05-16 00:00:00+08:00,46.63786315917969,46.63786315917969,46.63786315917969,46.63786315917969,0,0.0,0.0
2019-05-17 00:00:00+08:00,47.220829010009766,47.51231585626569,47.220829010009766,47.220829010009766,5545,0.0,0.0
2019-05-20 00:00:00+08:00,47.220829010009766,47.803802702521615,47.220829010009766,47.220829010009766,24956,0.0,0.0
2019-05-21 00:00:00+08:00,47.454017639160156,47.51231438994373,47.22665815276467,47.454017639160156,10731,0.0,0.0
2019-05-22 00:00:00+08:00,48.38677978515625,48.67826667040899,47.40155620967504,48.38677978515625,47001,0.0,0.0
2019-05-23 00:00:00+08:00,46.935176849365234,47.803806863479686,46.935176849365234,46.935176849365234,30502,0.0,0.0
2019-05-24 00:00:00+08:00,47.220829010009766,47.914565607426105,46.64368591775888,47.220829010009766,15389,0.0,0.0
2019-05-27 00:00:00+08:00,47.220829010009766,47.220829010009766,47.220829010009766,47.220829010009766,0,0.0,0.0
2019-05-28 00:00:00+08:00,47.220829010009766,47.220829010009766,47.220829010009766,47.220829010009766,0,0.0,0.0
2019-05-29 00:00:00+08:00,46.63786315917969,46.63786315917969,46.17731349465752,46.63786315917969,9774,0.0,0.0
2019-05-30 00:00:00+08:00,46.63786315917969,46.63786315917969,46.63786315917969,46.63786315917969,0,0.0,0.0
2019-05-31 00:00:00+08:00,46.63786315917969,46.63786315917969,46.63786315917969,46.63786315917969,0,0.0,0.0
2019-06-03 00:00:00+08:00,46.63786315917969,46.63786315917969,46.63786315917969,46.63786315917969,0,0.0,0.0
2019-06-04 00:00:00+08:00,46.521263122558594,46.521263122558594,46.521263122558594,46.521263122558594,1386,0.0,0.0
2019-06-05 00:00:00+08:00,46.521263122558594,46.69615338523239,46.521263122558594,46.521263122558594,9705,0.0,0.0
2019-06-06 00:00:00+08:00,46.521263122558594,46.521263122558594,46.521263122558594,46.521263122558594,0,0.0,0.0
2019-06-10 00:00:00+08:00,46.34636688232422,46.696150469171045,46.34636688232422,46.34636688232422,12478,0.0,0.0
2019-06-11 00:00:00+08:00,44.544979095458984,45.87998915699894,44.305961496381634,44.544979095458984,22460,0.0,0.0
2019-06-12 00:00:00+08:00,43.903709411621094,44.37008958425843,43.61222257455831,43.903709411621094,26135,0.0,0.0
2019-06-13 00:00:00+08:00,44.305965423583984,44.305965423583984,43.54809835931543,44.305965423583984,34800,0.0,0.0
2019-06-14 00:00:00+08:00,44.305965423583984,44.305965423583984,44.305965423583984,44.305965423583984,0,0.0,0.0
2019-06-17 00:00:00+08:00,44.02030563354492,44.02030563354492,44.02030563354492,44.02030563354492,1386,0.0,0.0
2019-06-18 00:00:00+08:00,44.02030563354492,44.02030563354492,44.02030563354492,44.02030563354492,0,0.0,0.0
2019-06-19 00:00:00+08:00,45.47190856933594,45.47190856933594,45.46607796899332,45.47190856933594,5545,0.0,0.0
2019-06-20 00:00:00+08:00,45.47190856933594,45.47190856933594,45.47190856933594,45.47190856933594,0,0.0,0.0
2019-06-21 00:00:00+08:00,45.47190856933594,45.47190856933594,45.47190856933594,45.47190856933594,0,0.0,0.0
2019-06-24 00:00:00+08:00,45.47190856933594,45.47190856933594,45.47190856933594,45.47190856933594,0,0.0,0.0
2019-06-25 00:00:00+08:00,46.63786315917969,46.63786315917969,46.63786315917969,46.63786315917969,1386,0.0,0.0
2019-06-26 00:00:00+08:00,46.63786315917969,46.63786315917969,46.63786315917969,46.63786315917969,0,0.0,0.0
2019-06-27 00:00:00+08:00,44.19520223431478,44.888938903808594,44.19520223431478,44.888938903808594,9705,0.0,0.0
2019-06-28 00:00:00+08:00,44.19519848060493,44.6149369571653,44.19519848060493,44.375919342041016,15251,0.0,0.0
2019-07-01 00:00:00+08:00,44.59745551286832,44.603286114190766,43.7288254162236,44.19520568847656,22183,0.0,0.0
2019-07-02 00:00:00+08:00,44.19520568847656,44.19520568847656,44.19520568847656,44.19520568847656,0,0.0,0.0
2019-07-03 00:00:00+08:00,43.20414934932712,43.72299575805664,43.19831874829008,43.72299575805664,15251,0.0,0.0
2019-07-04 00:00:00+08:00,43.72299575805664,43.72299575805664,43.72299575805664,43.72299575805664,0,0.0,0.0
2019-07-05 00:00:00+08:00,44.30596647472413,44.597450256347656,44.30596647472413,44.597450256347656,9777,0.0,0.0
2019-07-08 00:00:00+08:00,44.88893948336683,45.46608264303288,44.88893948336683,45.32033920288086,11129,0.0,0.0
2019-07-09 00:00:00+08:00,45.32033920288086,45.32033920288086,45.32033920288086,45.32033920288086,0,0.0,0.0
2019-07-10 00:00:00+08:00,45.32033920288086,45.32033920288086,45.32033920288086,45.32033920288086,0,0.0,0.0
2019-07-11 00:00:00+08:00,45.471908513664005,45.471908513664005,43.75796793244555,44.66157531738281,2370,0.0,0.0
2019-07-12 00:00:00+08:00,44.171877445544375,44.8947639465332,44.171877445544375,44.8947639465332,4159,0.0,0.0
2019-07-15 00:00:00+08:00,44.888937273740254,45.168766021728516,44.888937273740254,45.168766021728516,4201,0.0,0.0
2019-07-16 00:00:00+08:00,45.162933001312034,45.76339541967431,45.162933001312034,45.47190856933594,14072,0.0,0.0
2019-07-17 00:00:00+08:00,44.77817396181525,45.41944444452775,44.77234336121226,45.180423736572266,11785,0.0,0.0
2019-07-18 00:00:00+08:00,45.180423736572266,45.180423736572266,45.180423736572266,45.180423736572266,0,0.0,0.0
2019-07-19 00:00:00+08:00,45.76340247338026,46.63786315917969,45.53021234049852,46.63786315917969,13171,0.0,0.0
2019-07-22 00:00:00+08:00,47.200823948730644,49.23872534853056,46.599580360754594,48.16914367675781,31758,1.893286,1.05
2019-07-23 00:00:00+08:00,48.2324356041515,48.415972086362736,47.96662139892578,47.96662139892578,13204,0.0,0.0
2019-07-24 00:00:00+08:00,48.22610092163086,48.22610092163086,48.22610092163086,48.22610092163086,7922,0.0,0.0
2019-07-25 00:00:00+08:00,48.340027200498625,49.40960894300187,48.340027200498625,48.41597366333008,5574,0.0,0.0
2019-07-26 00:00:00+08:00,49.675420319465005,51.89685821533203,49.3716344854912,51.89685821533203,13212,0.0,0.0
2019-07-29 00:00:00+08:00,51.25763564732037,51.25763564732037,49.365299224853516,49.365299224853516,22449,0.0,0.0
2019-07-30 00:00:00+08:00,49.68174962709542,49.68174962709542,49.04886245727539,49.04886245727539,5281,0.0,0.0
2019-07-31 00:00:00+08:00,49.36530582284793,50.18806076049805,49.36530582284793,50.18806076049805,5308,0.0,0.0
2019-08-01 00:00:00+08:00,50.18806076049805,50.18806076049805,50.18806076049805,50.18806076049805,0,0.0,0.0
2019-08-02 00:00:00+08:00,48.42230017421986,49.04886245727539,48.42230017421986,49.04886245727539,3961,0.0,0.0
2019-08-05 00:00:00+08:00,49.998191833496094,49.998191833496094,49.998191833496094,49.998191833496094,13,0.0,0.0
2019-08-06 00:00:00+08:00,49.68174362182617,49.68174362182617,49.68174362182617,49.68174362182617,2020,0.0,0.0
2019-08-07 00:00:00+08:00,48.738745353103354,49.04886245727539,48.738745353103354,49.04886245727539,1980,0.0,0.0
2019-08-08 00:00:00+08:00,49.36530126114839,49.669090270996094,49.36530126114839,49.669090270996094,5942,0.0,0.0
2019-08-12 00:00:00+08:00,49.669090270996094,49.669090270996094,49.669090270996094,49.669090270996094,0,0.0,0.0
2019-08-13 00:00:00+08:00,49.61845725394175,49.61845725394175,49.365299224853516,49.365299224853516,1980,0.0,0.0
2019-08-14 00:00:00+08:00,49.61845779418945,50.624749095670566,49.37163102440226,49.61845779418945,25354,0.0,0.0
2019-08-15 00:00:00+08:00,49.61212992020664,50.631080627441406,49.61212992020664,50.631080627441406,13270,0.0,0.0
2019-08-16 00:00:00+08:00,50.631080627441406,50.631080627441406,50.631080627441406,50.631080627441406,158,0.0,0.0
2019-08-19 00:00:00+08:00,50.63107756710053,50.94119464426914,49.37795948599859,50.314632415771484,19410,0.0,0.0
2019-08-20 00:00:00+08:00,50.631079968560435,52.523416516235486,50.631079968560435,52.21330261230469,46942,0.0,0.0
2019-08-21 00:00:00+08:00,51.89685910617255,51.89685910617255,51.3272590637207,51.3272590637207,22579,0.0,0.0
2019-08-22 00:00:00+08:00,50.643741607666016,50.94752745094617,50.63741353291776,50.643741607666016,6734,0.0,0.0
2019-08-23 00:00:00+08:00,50.31463545698517,50.631080627441406,50.31463545698517,50.631080627441406,3948,0.0,0.0
2019-08-26 00:00:00+08:00,49.37163783527051,51.263974539390986,49.37163783527051,50.953857421875,27267,0.0,0.0
2019-08-27 00:00:00+08:00,50.953853872440575,50.998156770134884,49.998193474475805,50.631080627441406,23298,0.0,0.0
2019-08-28 00:00:00+08:00,50.63107961074579,50.63107961074579,49.846299556827205,50.61842346191406,12544,0.0,0.0
2019-08-29 00:00:00+08:00,49.68175086291239,49.68175086291239,48.54888200376806,49.42226791381836,16637,0.0,0.0
2019-08-30 00:00:00+08:00,49.20075245295859,50.624750891354594,49.20075245295859,49.998191833496094,15984,0.0,0.0
2019-09-02 00:00:00+08:00,49.966545787346,50.30830643750157,49.11847542432796,50.15008544921875,17720,0.0,0.0
2019-09-03 00:00:00+08:00,50.150092675172644,50.62475889636093,49.36530931921229,49.49188995361328,47681,0.0,0.0
2019-09-04 00:00:00+08:00,49.49188401306139,50.62475281982985,48.84000625713605,50.30830764770508,23121,0.0,0.0
2019-09-05 00:00:00+08:00,50.30830882938304,50.49817657470703,49.36530455338196,50.49817657470703,74262,0.0,0.0
2019-09-06 00:00:00+08:00,50.47286159558071,50.884237463991546,49.53618538488229,50.5045051574707,33837,0.0,0.0
2019-09-10 00:00:00+08:00,49.61846250408689,49.6690934776725,48.73241727839189,49.04886245727539,41111,0.0,0.0
2019-09-11 00:00:00+08:00,49.36529871606651,49.67541578422871,48.732411619735366,49.358970642089844,14571,0.0,0.0
2019-09-12 00:00:00+08:00,48.85899629048708,49.681751231801336,46.84008216861716,48.41597366333008,74659,0.0,0.0
2019-09-16 00:00:00+08:00,45.88441391253937,46.643881652433656,45.44139451787668,46.20085906982422,509695,0.0,0.0
2019-09-17 00:00:00+08:00,46.200860924087436,47.78308358606714,45.44139634165892,46.32743835449219,376329,0.0,0.0
2019-09-18 00:00:00+08:00,46.26415331410098,46.45401787427428,45.63126294566464,45.94770812988281,179713,0.0,0.0
2019-09-19 00:00:00+08:00,46.200859462472216,46.200859462472216,45.18824005126953,45.18824005126953,117784,0.0,0.0
2019-09-20 00:00:00+08:00,45.18824127934677,45.504683259974136,44.99837354061286,45.314815521240234,84971,0.0,0.0
2019-09-23 00:00:00+08:00,45.56797300183729,45.947705286633,44.93508267256428,45.12495040893555,81868,0.0,0.0
2019-09-24 00:00:00+08:00,44.87179642813656,44.87179642813656,44.55535125732422,44.55535125732422,77938,0.0,0.0
2019-09-25 00:00:00+08:00,44.55535026861538,44.55535026861538,43.85917282104492,43.85917282104492,138713,0.0,0.0
2019-09-26 00:00:00+08:00,43.606022792739736,44.30220031738281,43.606022792739736,44.30220031738281,45009,0.0,0.0
2019-09-27 00:00:00+08:00,44.17561984959116,44.17561984959116,43.98575210571289,43.98575210571289,14525,0.0,0.0
2019-10-01 00:00:00+08:00,44.302194643747136,44.6186398020444,44.17561721801758,44.17561721801758,34514,0.0,0.0
2019-10-02 00:00:00+08:00,44.11232865577631,44.9350835495309,44.11232865577631,44.55535125732422,11884,0.0,0.0
2019-10-03 00:00:00+08:00,44.55535733274972,44.55535733274972,43.92247009277344,43.92247009277344,52884,0.0,0.0
2019-10-04 00:00:00+08:00,43.98574948544987,44.302194643747136,43.98574948544987,44.17561721801758,31756,0.0,0.0
2019-10-07 00:00:00+08:00,44.30220031738281,44.30220031738281,43.98575511855946,44.30220031738281,37236,0.0,0.0
2019-10-08 00:00:00+08:00,44.302198118346055,45.69455309851962,44.302198118346055,44.93508529663086,99034,0.0,0.0
2019-10-09 00:00:00+08:00,44.36548748124819,44.36548748124819,43.7325971285528,44.23890686035156,71304,0.0,0.0
2019-10-14 00:00:00+08:00,44.49206807426626,44.49206807426626,43.795890549623174,44.30220031738281,38293,0.0,0.0
2019-10-15 00:00:00+08:00,44.302195412761904,44.302195412761904,43.79588570105496,43.85917282104492,17196,0.0,0.0
2019-10-16 00:00:00+08:00,44.30219583647744,45.25152814898098,44.17561840734009,44.36548614501953,97713,0.0,0.0
2019-10-17 00:00:00+08:00,44.61863970481019,44.80850424901739,44.30219454720253,44.42877197265625,21193,0.0,0.0
2019-10-18 00:00:00+08:00,44.555352149400754,44.555352149400754,43.92246498305143,43.98575210571289,71370,0.0,0.0
2019-10-21 00:00:00+08:00,44.30220031738281,44.30220031738281,44.238910002439276,44.30220031738281,9441,0.0,0.0
2019-10-22 00:00:00+08:00,44.238910002439276,44.30220031738281,43.98575511855946,44.30220031738281,25154,0.0,0.0
2019-10-23 00:00:00+08:00,44.17561788347515,44.17561788347515,44.112327575683594,44.112327575683594,2640,0.0,0.0
2019-10-24 00:00:00+08:00,44.11233467079267,44.11233467079267,43.85917977480216,43.92247009277344,48922,0.0,0.0
2019-10-25 00:00:00+08:00,43.92247009277344,43.92247009277344,43.606024878811645,43.92247009277344,7988,0.0,0.0
2019-10-28 00:00:00+08:00,43.92246498305143,43.98575210571289,43.859174672443025,43.98575210571289,17231,0.0,0.0
2019-10-29 00:00:00+08:00,43.85917956883846,43.85917956883846,43.09971488443338,43.163002014160156,23900,0.0,0.0
2019-10-30 00:00:00+08:00,43.16299462423438,44.302194643747136,43.16299462423438,44.17561721801758,103008,0.0,0.0
2019-10-31 00:00:00+08:00,44.17561984959116,44.17561984959116,43.35286493936356,43.98575210571289,9243,0.0,0.0
2019-11-01 00:00:00+08:00,43.66930389404297,43.66930389404297,43.66930389404297,43.66930389404297,9243,0.0,0.0
2019-11-04 00:00:00+08:00,43.66930389404297,43.66930389404297,43.54272329086272,43.66930389404297,11884,0.0,0.0
2019-11-05 00:00:00+08:00,43.35285949707031,43.41614661178704,43.03641435964706,43.35285949707031,21127,0.0,0.0
2019-11-06 00:00:00+08:00,43.35285949707031,43.41614661178704,43.03641435964706,43.35285949707031,21127,0.0,0.0
2019-11-07 00:00:00+08:00,43.099709893150056,43.099709893150056,42.97312927246094,42.97312927246094,23768,0.0,0.0
2019-11-08 00:00:00+08:00,42.78326100798224,42.78326100798224,42.719970703125,42.719970703125,7922,0.0,0.0
2019-11-11 00:00:00+08:00,42.719972091580665,42.78326239849493,42.40353012084961,42.40353012084961,19806,0.0,0.0
2019-11-12 00:00:00+08:00,42.27695083618164,42.27695083618164,42.21366371522442,42.27695083618164,13204,0.0,0.0
2019-11-13 00:00:00+08:00,42.27695083618164,42.27695083618164,42.21366371522442,42.27695083618164,13204,0.0,0.0
2019-11-14 00:00:00+08:00,41.89721808950504,41.89721808950504,41.83393096923828,41.83393096923828,11884,0.0,0.0
2019-11-15 00:00:00+08:00,41.83393207278768,41.83393207278768,40.50486425676397,40.75802230834961,70116,0.0,0.0
2019-11-18 00:00:00+08:00,40.63144326127918,40.694733573612055,39.87197864096685,40.1251335144043,72625,0.0,0.0
2019-11-19 00:00:00+08:00,40.06184248734896,40.8213070336772,40.06184248734896,40.3782844543457,51497,0.0,0.0
2019-11-20 00:00:00+08:00,39.935264587402344,40.061845208334404,39.935264587402344,39.935264587402344,3961,0.0,0.0
2019-11-21 00:00:00+08:00,39.935264587402344,40.061845208334404,39.935264587402344,39.935264587402344,3961,0.0,0.0
2019-11-22 00:00:00+08:00,40.188419911737,40.3782844543457,40.188419911737,40.3782844543457,5281,0.0,0.0
2019-11-25 00:00:00+08:00,40.568153381347656,40.631440501434795,40.568153381347656,40.568153381347656,5281,0.0,0.0
2019-11-26 00:00:00+08:00,40.25170909147791,40.25170909147791,39.99855422973633,39.99855422973633,3961,0.0,0.0
2019-11-27 00:00:00+08:00,40.25170909147791,40.25170909147791,39.99855422973633,39.99855422973633,3961,0.0,0.0
2019-11-28 00:00:00+08:00,40.37828554469177,40.82130813598633,39.99855326127364,40.82130813598633,27729,0.0,0.0
2019-11-29 00:00:00+08:00,40.63144127597698,40.63144127597698,40.251708984375,40.251708984375,6602,0.0,0.0
2019-12-02 00:00:00+08:00,40.50486373901367,40.50486373901367,40.50486373901367,40.50486373901367,1320,0.0,0.0
2019-12-03 00:00:00+08:00,40.50486373901367,40.50486373901367,40.50486373901367,40.50486373901367,1320,0.0,0.0
2019-12-04 00:00:00+08:00,40.44157418722847,40.504861304551994,40.188419342041016,40.188419342041016,5281,0.0,0.0
2019-12-05 00:00:00+08:00,40.4415766178864,40.50486373901367,40.4415766178864,40.50486373901367,18486,0.0,0.0
2019-12-06 00:00:00+08:00,40.4415766178864,40.50486373901367,40.4415766178864,40.50486373901367,18519,0.0,0.0
2019-12-09 00:00:00+08:00,40.2517084212416,40.2517084212416,39.80868582659721,40.06184387207031,40934,0.0,0.0
2019-12-10 00:00:00+08:00,40.2517084212416,40.2517084212416,39.80868582659721,40.06184387207031,40934,0.0,0.0
2019-12-11 00:00:00+08:00,39.87197864096685,40.1251335144043,39.23908826942622,40.1251335144043,30370,0.0,0.0
2019-12-12 00:00:00+08:00,39.23908438437538,39.3023746904419,38.859352111816406,38.859352111816406,34331,0.0,0.0
2019-12-13 00:00:00+08:00,38.60619549088443,38.60619549088443,37.910018095850475,38.479618072509766,60771,0.0,0.0
2019-12-16 00:00:00+08:00,39.555531426478574,39.555531426478574,38.985931396484375,38.985931396484375,21127,0.0,0.0
2019-12-17 00:00:00+08:00,39.23908615112305,39.23908615112305,38.60619900169555,39.23908615112305,31690,0.0,0.0
2019-12-18 00:00:00+08:00,39.23908615112305,39.23908615112305,39.112508721237546,39.23908615112305,21127,0.0,0.0
2019-12-19 00:00:00+08:00,39.049221600268226,39.23908615112305,39.049221600268226,39.23908615112305,19806,0.0,0.0
2019-12-20 00:00:00+08:00,39.049221600268226,39.23908615112305,39.049221600268226,39.23908615112305,19806,0.0,0.0
2019-12-23 00:00:00+08:00,39.23908625693805,39.23908625693805,38.85935396625754,38.985931396484375,23768,0.0,0.0
2019-12-24 00:00:00+08:00,38.606201171875,38.92264635835058,38.479623734874174,38.606201171875,33011,0.0,0.0
2019-12-25 00:00:00+08:00,38.606201171875,38.606201171875,38.54291085940107,38.606201171875,11884,0.0,0.0
2019-12-26 00:00:00+08:00,38.606201171875,38.606201171875,38.54291085940107,38.606201171875,11884,0.0,0.0
2019-12-27 00:00:00+08:00,38.60620196790276,38.73277940751351,38.289756774902344,38.289756774902344,19806,0.0,0.0
2019-12-30 00:00:00+08:00,38.036601111397765,38.606201171875,37.97331398687087,38.606201171875,10563,0.0,0.0
2019-12-31 00:00:00+08:00,38.606201171875,38.606201171875,37.97331398687087,38.606201171875,19806,0.0,0.0
2020-01-02 00:00:00+08:00,38.60619802215409,38.60619802215409,38.036598008148175,38.54290771484375,40934,0.0,0.0
2020-01-03 00:00:00+08:00,38.60619942640229,38.60619942640229,38.22646713256836,38.22646713256836,11884,0.0,0.0
2020-01-06 00:00:00+08:00,37.9733129339711,38.163177490234375,37.9733129339711,38.163177490234375,10563,0.0,0.0
2020-01-07 00:00:00+08:00,38.416331561931095,41.137754295520345,38.416331561931095,39.99855422973633,56779,0.0,0.0
2020-01-08 00:00:00+08:00,39.9985523700541,39.9985523700541,39.87197494506836,39.87197494506836,33011,0.0,0.0
2020-01-09 00:00:00+08:00,40.188419342041016,40.25170645936454,39.87197419158337,40.188419342041016,19806,0.0,0.0
2020-01-10 00:00:00+08:00,40.82130813598633,40.82130813598633,40.82130813598633,40.82130813598633,2640,0.0,0.0
2020-01-13 00:00:00+08:00,40.18842216437567,41.01117706298828,40.18842216437567,41.01117706298828,13204,0.0,0.0
2020-01-14 00:00:00+08:00,40.821309321790416,41.01117706298828,40.75802220002239,41.01117706298828,40934,0.0,0.0
2020-01-15 00:00:00+08:00,41.0111758716688,41.0111758716688,40.82130813598633,40.82130813598633,19806,0.0,0.0
2020-01-16 00:00:00+08:00,40.82130813598633,40.82130813598633,40.82130813598633,40.82130813598633,15845,0.0,0.0
2020-01-17 00:00:00+08:00,40.82130813598633,40.947885563792376,40.82130813598633,40.82130813598633,15845,0.0,0.0
2020-01-20 00:00:00+08:00,40.82130813598633,41.074462991598416,40.82130813598633,40.82130813598633,50177,0.0,0.0
2020-01-30 00:00:00+08:00,40.504863055545805,40.504863055545805,39.04922103881836,39.04922103881836,9243,0.0,0.0
2020-01-31 00:00:00+08:00,38.606198560847425,40.314998626708984,38.606198560847425,40.314998626708984,7922,0.0,0.0
2020-02-03 00:00:00+08:00,38.92264341101561,39.5555305480957,38.47962082108615,39.5555305480957,11884,0.0,0.0
2020-02-04 00:00:00+08:00,40.504861304551994,40.504861304551994,40.188419342041016,40.188419342041016,21127,0.0,0.0
2020-02-05 00:00:00+08:00,40.504861304551994,40.504861304551994,40.188419342041016,40.188419342041016,21127,0.0,0.0
2020-02-06 00:00:00+08:00,40.4415758525682,40.82130813598633,40.12513068907968,40.82130813598633,21127,0.0,0.0
2020-02-07 00:00:00+08:00,41.137753299474845,41.77064043850506,40.82130813598633,40.82130813598633,33011,0.0,0.0
2020-02-10 00:00:00+08:00,40.50486373901367,40.50486373901367,40.50486373901367,40.50486373901367,5281,0.0,0.0
2020-02-11 00:00:00+08:00,40.50486373901367,40.50486373901367,40.50486373901367,40.50486373901367,0,0.0,0.0
2020-02-12 00:00:00+08:00,40.63144040030386,40.82130813598633,40.63144040030386,40.82130813598633,2640,0.0,0.0
2020-02-13 00:00:00+08:00,40.188419342041016,40.188419342041016,40.188419342041016,40.188419342041016,13204,0.0,0.0
2020-02-14 00:00:00+08:00,40.188419342041016,40.188419342041016,40.188419342041016,40.188419342041016,13204,0.0,0.0
2020-02-17 00:00:00+08:00,40.188419342041016,40.188419342041016,40.188419342041016,40.188419342041016,0,0.0,0.0
2020-02-18 00:00:00+08:00,40.251708984375,40.251708984375,40.251708984375,40.251708984375,2640,0.0,0.0
2020-02-19 00:00:00+08:00,41.58077621459961,41.58077621459961,41.58077621459961,41.58077621459961,1320,0.0,0.0
2020-02-20 00:00:00+08:00,41.137753299474845,41.137753299474845,40.82130813598633,40.82130813598633,7922,0.0,0.0
2020-02-21 00:00:00+08:00,41.137753299474845,41.137753299474845,40.82130813598633,40.82130813598633,7922,0.0,0.0
2020-02-24 00:00:00+08:00,39.99855422973633,39.99855422973633,39.99855422973633,39.99855422973633,1320,0.0,0.0
2020-02-25 00:00:00+08:00,39.87197494506836,39.87197494506836,39.87197494506836,39.87197494506836,1320,0.0,0.0
2020-02-26 00:00:00+08:00,40.18842286827158,40.18842286827158,39.428955078125,39.428955078125,14525,0.0,0.0
2020-02-27 00:00:00+08:00,39.23908615112305,39.23908615112305,39.23908615112305,39.23908615112305,6602,0.0,0.0
2020-03-02 00:00:00+08:00,35.31517993764417,37.97331237792969,35.31517993764417,37.97331237792969,6602,0.0,0.0
2020-03-03 00:00:00+08:00,38.606201171875,38.606201171875,38.606201171875,38.606201171875,5281,0.0,0.0
2020-03-04 00:00:00+08:00,37.84673186734636,37.84673186734636,37.720157623291016,37.720157623291016,11884,0.0,0.0
2020-03-05 00:00:00+08:00,37.34041910678655,37.97330940334541,37.34041910678655,37.403709411621094,5281,0.0,0.0
2020-03-06 00:00:00+08:00,38.289754338743826,39.492244720458984,38.289754338743826,39.492244720458984,36972,0.0,0.0
2020-03-09 00:00:00+08:00,39.492244720458984,39.492244720458984,39.492244720458984,39.492244720458984,0,0.0,0.0
2020-03-10 00:00:00+08:00,35.50504399963368,39.23908615112305,35.50504399963368,39.23908615112305,18486,0.0,0.0
2020-03-11 00:00:00+08:00,38.47962059548019,38.54290771484375,38.47962059548019,38.54290771484375,5281,0.0,0.0
2020-03-12 00:00:00+08:00,37.65686690044037,37.65686690044037,37.213844299316406,37.213844299316406,15845,0.0,0.0
2020-03-13 00:00:00+08:00,37.21384602912863,37.97331383606449,36.39109109791721,37.59357833862305,31690,0.0,0.0
2020-03-16 00:00:00+08:00,34.30256005117267,35.75820541381836,34.30256005117267,35.75820541381836,5281,0.0,0.0
2020-03-17 00:00:00+08:00,35.758206901673475,37.6568717956543,35.441761690027576,37.6568717956543,15845,0.0,0.0
2020-03-18 00:00:00+08:00,37.593575816318435,37.593575816318435,34.30255631228052,37.53028869628906,6602,0.0,0.0
2020-03-19 00:00:00+08:00,34.808868408203125,34.808868408203125,33.79624891480904,34.808868408203125,9243,0.0,0.0
2020-03-20 00:00:00+08:00,31.70771677732343,35.315181732177734,31.70771677732343,35.315181732177734,18486,0.0,0.0
2020-03-23 00:00:00+08:00,35.12531359386229,35.31518134284719,34.808868408203125,34.808868408203125,11884,0.0,0.0
2020-03-24 00:00:00+08:00,35.82149124145508,36.707536489879445,35.82149124145508,35.82149124145508,9243,0.0,0.0
2020-03-25 00:00:00+08:00,38.60619863971879,38.60619863971879,36.70753402129157,37.02397918701172,9243,0.0,0.0
2020-03-26 00:00:00+08:00,37.02397918701172,37.02397918701172,37.02397918701172,37.02397918701172,2640,0.0,0.0
2020-03-27 00:00:00+08:00,37.08726630738765,37.08726630738765,37.02397918701172,37.02397918701172,9243,0.0,0.0
2020-03-30 00:00:00+08:00,37.02397918701172,37.02397918701172,37.02397918701172,37.02397918701172,0,0.0,0.0
2020-03-31 00:00:00+08:00,37.02397918701172,37.02397918701172,37.02397918701172,37.02397918701172,1320,0.0,0.0
2020-04-01 00:00:00+08:00,37.023977896478485,37.08726501464844,37.023977896478485,37.08726501464844,2640,0.0,0.0
2020-04-06 00:00:00+08:00,37.02397918701172,37.02397918701172,37.02397918701172,37.02397918701172,5281,0.0,0.0
2020-04-07 00:00:00+08:00,37.21384559521732,37.27713590670194,37.02398103665744,37.15055847167969,29050,0.0,0.0
2020-04-08 00:00:00+08:00,37.02397918701172,37.02397918701172,36.70753402129157,37.02397918701172,5281,0.0,0.0
2020-04-09 00:00:00+08:00,37.02397918701172,37.02397918701172,37.02397918701172,37.02397918701172,0,0.0,0.0
2020-04-10 00:00:00+08:00,37.340421729930846,37.4037120392115,37.213844299316406,37.213844299316406,9243,0.0,0.0
2020-04-13 00:00:00+08:00,37.213844299316406,37.213844299316406,37.213844299316406,37.213844299316406,0,0.0,0.0
2020-04-14 00:00:00+08:00,37.213844299316406,37.213844299316406,37.213844299316406,37.213844299316406,0,0.0,0.0
2020-04-15 00:00:00+08:00,37.84672927856445,37.84672927856445,37.84672927856445,37.84672927856445,2640,0.0,0.0
2020-04-16 00:00:00+08:00,37.91001892089844,37.91001892089844,37.91001892089844,37.91001892089844,3961,0.0,0.0
2020-04-17 00:00:00+08:00,37.91001892089844,37.91001892089844,37.91001892089844,37.91001892089844,0,0.0,0.0
2020-04-20 00:00:00+08:00,37.91001892089844,37.91001892089844,37.91001892089844,37.91001892089844,0,0.0,0.0
2020-04-21 00:00:00+08:00,37.97330988985528,37.97330988985528,37.84672927856445,37.84672927856445,5281,0.0,0.0
2020-04-22 00:00:00+08:00,37.84672927856445,37.84672927856445,37.84672927856445,37.84672927856445,6602,0.0,0.0
2020-04-23 00:00:00+08:00,37.84672927856445,37.84672927856445,37.84672927856445,37.84672927856445,0,0.0,0.0
2020-04-24 00:00:00+08:00,37.84673145238859,37.84673145238859,37.213844299316406,37.213844299316406,5281,0.0,0.0
2020-04-27 00:00:00+08:00,37.21384168991547,39.17579650878906,37.087264268176526,39.17579650878906,6602,0.0,0.0
2020-04-28 00:00:00+08:00,39.17579650878906,39.17579650878906,39.17579650878906,39.17579650878906,1320,0.0,0.0
2020-04-29 00:00:00+08:00,38.9226424799099,40.50486187873374,38.9226424799099,40.3782844543457,6602,0.0,0.0
2020-04-30 00:00:00+08:00,41.64406530281484,41.64406530281484,41.454200744628906,41.454200744628906,10563,0.0,0.0
2020-05-04 00:00:00+08:00,41.13775449447123,41.45419966715205,41.01117706298828,41.01117706298828,11884,0.0,0.0
2020-05-05 00:00:00+08:00,41.01117706298828,41.01117706298828,41.01117706298828,41.01117706298828,0,0.0,0.0
2020-05-06 00:00:00+08:00,41.01117706298828,41.01117706298828,41.01117706298828,41.01117706298828,0,0.0,0.0
2020-05-07 00:00:00+08:00,41.01117706298828,41.01117706298828,41.01117706298828,41.01117706298828,0,0.0,0.0
2020-05-08 00:00:00+08:00,40.18842010150607,40.18842010150607,39.87197494506836,39.87197494506836,3961,0.0,0.0
2020-05-11 00:00:00+08:00,39.74540129282947,39.74540129282947,38.606201171875,38.606201171875,18486,0.0,0.0
2020-05-12 00:00:00+08:00,38.66948855618358,39.5555305480957,38.606198248502174,39.5555305480957,18486,0.0,0.0
2020-05-13 00:00:00+08:00,39.5555305480957,39.5555305480957,39.5555305480957,39.5555305480957,5281,0.0,0.0
2020-05-14 00:00:00+08:00,39.555530648934436,39.618820956777185,39.30237579345703,39.30237579345703,7922,0.0,0.0
2020-05-15 00:00:00+08:00,39.3656667689554,39.55553131981022,39.23908615112305,39.23908615112305,35652,0.0,0.0
2020-05-18 00:00:00+08:00,39.11251449584961,39.11251449584961,39.11251449584961,39.11251449584961,2640,0.0,0.0
2020-05-19 00:00:00+08:00,39.49224342836109,39.5555305480957,39.49224342836109,39.5555305480957,7922,0.0,0.0
2020-05-20 00:00:00+08:00,39.87197494506836,40.12512979503983,39.55552978863066,39.87197494506836,35652,0.0,0.0
2020-05-21 00:00:00+08:00,39.87197494506836,39.87197494506836,39.87197494506836,39.87197494506836,13204,0.0,0.0
2020-05-22 00:00:00+08:00,39.87197494506836,39.87197494506836,39.87197494506836,39.87197494506836,0,0.0,0.0
2020-05-25 00:00:00+08:00,39.87197494506836,39.87197494506836,39.87197494506836,39.87197494506836,0,0.0,0.0
2020-05-26 00:00:00+08:00,39.87197494506836,39.87197494506836,39.87197494506836,39.87197494506836,0,0.0,0.0
2020-05-27 00:00:00+08:00,40.188419911737,40.3782844543457,40.188419911737,40.3782844543457,2640,0.0,0.0
2020-05-28 00:00:00+08:00,40.18842264131954,40.18842264131954,39.935264587402344,39.935264587402344,9243,0.0,0.0
2020-05-29 00:00:00+08:00,38.922645568847656,38.98593269209084,38.922645568847656,38.922645568847656,5281,0.0,0.0
2020-06-01 00:00:00+08:00,40.3782844543457,40.3782844543457,40.3782844543457,40.3782844543457,2640,0.0,0.0
2020-06-02 00:00:00+08:00,39.87197494506836,39.87197494506836,39.61882009509689,39.87197494506836,7922,0.0,0.0
2020-06-03 00:00:00+08:00,39.87197494506836,39.87197494506836,39.87197494506836,39.87197494506836,1320,0.0,0.0
2020-06-04 00:00:00+08:00,39.87197419158337,40.188419342041016,39.80868388631317,40.188419342041016,25088,0.0,0.0
2020-06-05 00:00:00+08:00,40.82130834046938,40.82130834046938,40.314998626708984,40.314998626708984,2640,0.0,0.0
2020-06-08 00:00:00+08:00,41.13775468383411,42.023799896240234,40.884599819702906,42.023799896240234,42254,0.0,0.0
2020-06-09 00:00:00+08:00,42.08708680159561,42.53010940551758,42.02379967986213,42.53010940551758,42254,0.0,0.0
2020-06-10 00:00:00+08:00,42.84655285679201,43.16299804013259,42.15037536621094,42.15037536621094,87150,0.0,0.0
2020-06-11 00:00:00+08:00,42.42780755445575,42.954046110476625,42.16468993314863,42.75670623779297,33011,1.909764,0.0
2020-06-12 00:00:00+08:00,42.75670623779297,42.75670623779297,42.75670623779297,42.75670623779297,5281,0.0,0.0
2020-06-15 00:00:00+08:00,42.690921783447266,42.75670284025026,42.690921783447266,42.690921783447266,10563,0.0,0.0
2020-06-16 00:00:00+08:00,42.49358791519253,42.49358791519253,42.42780685424805,42.42780685424805,6602,0.0,0.0
2020-06-17 00:00:00+08:00,42.75670712484484,42.75670712484484,41.901573181152344,41.901573181152344,2640,0.0,0.0
2020-06-18 00:00:00+08:00,41.90157091799048,42.427806143099566,41.90157091799048,42.098907470703125,9243,0.0,0.0
2020-06-19 00:00:00+08:00,42.16468811035156,42.16468811035156,42.16468811035156,42.16468811035156,3961,0.0,0.0
2020-06-22 00:00:00+08:00,42.16468811035156,42.16468811035156,42.16468811035156,42.16468811035156,0,0.0,0.0
2020-06-23 00:00:00+08:00,41.77001018205003,42.690921783447266,41.77001018205003,42.690921783447266,3961,0.0,0.0
2020-06-24 00:00:00+08:00,42.69092606145001,42.69092606145001,41.901573181152344,41.901573181152344,5281,0.0,0.0
2020-06-29 00:00:00+08:00,41.901573181152344,41.901573181152344,41.901573181152344,41.901573181152344,0,0.0,0.0
2020-06-30 00:00:00+08:00,42.6251519520303,42.69092970763642,41.50689697265625,41.50689697265625,11884,0.0,0.0
2020-07-01 00:00:00+08:00,41.57267337562589,41.63845443725586,41.57267337562589,41.63845443725586,7922,0.0,0.0
2020-07-02 00:00:00+08:00,41.96734773172434,41.96734773172434,41.37533145993059,41.44111251831055,5281,0.0,0.0
2020-07-03 00:00:00+08:00,42.09890843904199,44.203856014708386,42.09890843904199,43.546058654785156,101675,0.0,0.0
2020-07-06 00:00:00+08:00,43.74339420990584,47.88750457763672,43.085600228284385,47.88750457763672,134686,0.0,0.0
2020-07-07 00:00:00+08:00,48.67686504515416,51.373825582374685,46.703476296064906,48.611083984375,134686,0.0,0.0
2020-07-08 00:00:00+08:00,48.01907290493131,48.34797161772599,46.70348136715955,46.96660232543945,46215,0.0,0.0
2020-07-09 00:00:00+08:00,50.3213514331963,50.97914878251767,45.190548012841084,46.70347595214844,225797,0.0,0.0
2020-07-10 00:00:00+08:00,45.45366870335988,46.63770136154449,44.13807722908885,44.86165237426758,56779,0.0,0.0
2020-07-13 00:00:00+08:00,45.716783171035146,45.716783171035146,44.13807417386887,45.190547943115234,13204,0.0,0.0
2020-07-14 00:00:00+08:00,44.46697112086644,45.38788604736328,44.4011900632282,45.38788604736328,19806,0.0,0.0
2020-07-15 00:00:00+08:00,45.38788604736328,46.04568005671358,44.46697112086644,45.38788604736328,35652,0.0,0.0
2020-07-16 00:00:00+08:00,44.99320632834668,45.38788604736328,44.73008872460656,45.38788604736328,7922,0.0,0.0
2020-07-17 00:00:00+08:00,47.2954888040125,47.2954888040125,44.73008728027344,44.73008728027344,18486,0.0,0.0
2020-07-20 00:00:00+08:00,44.99562072753906,44.99562072753906,43.949210557897885,44.99562072753906,19921,0.0,1.060522
2020-07-21 00:00:00+08:00,45.344425201416016,45.344425201416016,45.344425201416016,45.344425201416016,2490,0.0,0.0
2020-07-22 00:00:00+08:00,46.04203414916992,46.04203414916992,46.04203414916992,46.04203414916992,8715,0.0,0.0
2020-07-23 00:00:00+08:00,46.0420362967297,46.390838623046875,46.0420362967297,46.390838623046875,4980,0.0,0.0
2020-07-24 00:00:00+08:00,46.46059588200944,46.739637723806176,45.344425201416016,45.344425201416016,24901,0.0,0.0
2020-07-27 00:00:00+08:00,46.04203414916992,46.04203414916992,46.04203414916992,46.04203414916992,3735,0.0,0.0
2020-07-28 00:00:00+08:00,43.53065004555307,43.53065004555307,42.90280585185725,43.11208724975586,11205,0.0,0.0
2020-07-29 00:00:00+08:00,45.27466583251953,45.27466583251953,45.27466583251953,45.27466583251953,1245,0.0,0.0
2020-07-30 00:00:00+08:00,45.27466583251953,45.27466583251953,45.27466583251953,45.27466583251953,2490,0.0,0.0
2020-07-31 00:00:00+08:00,45.27466583251953,45.27466583251953,45.27466583251953,45.27466583251953,0,0.0,0.0
2020-08-03 00:00:00+08:00,43.949214144406255,46.73963928222656,43.949214144406255,46.73963928222656,7470,0.0,0.0
2020-08-04 00:00:00+08:00,46.73963928222656,46.73963928222656,46.73963928222656,46.73963928222656,0,0.0,0.0
2020-08-05 00:00:00+08:00,48.69293206863638,48.69293206863638,47.43724060058594,47.43724060058594,7470,0.0,0.0
2020-08-06 00:00:00+08:00,45.344428562493235,45.41418902811329,44.856101989746094,44.856101989746094,11205,0.0,0.0
2020-08-07 00:00:00+08:00,44.298015707728915,44.298015707728915,42.55400085449219,42.55400085449219,16186,0.0,0.0
2020-08-10 00:00:00+08:00,41.856391273447116,44.15849304199219,41.856391273447116,44.15849304199219,4980,0.0,0.0
2020-08-11 00:00:00+08:00,44.15849249453199,44.36777386845851,43.879450662629964,43.94921112060547,8715,0.0,0.0
2020-08-12 00:00:00+08:00,45.69322967529297,45.69322967529297,45.69322967529297,45.69322967529297,2490,0.0,0.0
2020-08-13 00:00:00+08:00,43.321360457866355,43.4608813634227,43.321360457866355,43.39112091064453,3735,0.0,0.0
2020-08-14 00:00:00+08:00,43.39112091064453,43.39112091064453,43.39112091064453,43.39112091064453,0,0.0,0.0
2020-08-17 00:00:00+08:00,43.94921112060547,43.94921112060547,43.94921112060547,43.94921112060547,1245,0.0,0.0
2020-08-18 00:00:00+08:00,43.94921276434886,43.94921276434886,43.60041046142578,43.60041046142578,3735,0.0,0.0
2020-08-19 00:00:00+08:00,43.60041046142578,43.60041046142578,43.60041046142578,43.60041046142578,1245,0.0,0.0
2020-08-20 00:00:00+08:00,42.27495633673776,42.27495633673776,41.507591247558594,41.507591247558594,22411,0.0,0.0
2020-08-21 00:00:00+08:00,43.251609802246094,43.251609802246094,43.251609802246094,43.251609802246094,1245,0.0,0.0
2020-08-24 00:00:00+08:00,43.251609802246094,43.251609802246094,43.251609802246094,43.251609802246094,2490,0.0,0.0
2020-08-25 00:00:00+08:00,43.251609802246094,43.251609802246094,43.251609802246094,43.251609802246094,3735,0.0,0.0
2020-08-26 00:00:00+08:00,43.60041046142578,43.60041046142578,43.60041046142578,43.60041046142578,1245,0.0,0.0
2020-08-27 00:00:00+08:00,43.94921276434886,43.94921276434886,43.60041046142578,43.60041046142578,23656,0.0,0.0
2020-08-28 00:00:00+08:00,42.13543477152639,42.55400085449219,41.92615338674677,42.55400085449219,16186,0.0,0.0
2020-08-31 00:00:00+08:00,43.251609802246094,43.32137027082609,43.251609802246094,43.251609802246094,9960,0.0,0.0
2020-09-01 00:00:00+08:00,43.321372985839844,43.321372985839844,43.321372985839844,43.321372985839844,7470,0.0,0.0
2020-09-02 00:00:00+08:00,43.321372985839844,43.321372985839844,43.321372985839844,43.321372985839844,2490,0.0,0.0
2020-09-03 00:00:00+08:00,43.60041046142578,43.60041046142578,43.60041046142578,43.60041046142578,8715,0.0,0.0
2020-09-04 00:00:00+08:00,43.60041046142578,43.60041046142578,43.60041046142578,43.60041046142578,0,0.0,0.0
2020-09-07 00:00:00+08:00,43.1120888650861,43.251609802246094,43.1120888650861,43.251609802246094,3735,0.0,0.0
2020-09-08 00:00:00+08:00,43.251609802246094,43.251609802246094,43.251609802246094,43.251609802246094,6225,0.0,0.0
2020-09-09 00:00:00+08:00,43.251609802246094,43.251609802246094,43.251609802246094,43.251609802246094,1245,0.0,0.0
2020-09-10 00:00:00+08:00,42.55399816524742,42.55399816524742,42.20519256591797,42.20519256591797,8715,0.0,0.0
2020-09-11 00:00:00+08:00,42.55400085449219,42.55400085449219,42.55400085449219,42.55400085449219,2490,0.0,0.0
2020-09-14 00:00:00+08:00,42.55400085449219,42.55400085449219,42.55400085449219,42.55400085449219,0,0.0,0.0
2020-09-15 00:00:00+08:00,42.55400085449219,42.55400085449219,42.55400085449219,42.55400085449219,0,0.0,0.0
2020-09-16 00:00:00+08:00,41.85639190673828,42.55399981910328,41.85639190673828,41.85639190673828,7470,0.0,0.0
2020-09-17 00:00:00+08:00,41.85639190673828,41.85639190673828,41.85639190673828,41.85639190673828,3735,0.0,0.0
2020-09-18 00:00:00+08:00,41.85639190673828,41.85639190673828,41.85639190673828,41.85639190673828,0,0.0,0.0
2020-09-21 00:00:00+08:00,41.85639190673828,41.85639190673828,41.85639190673828,41.85639190673828,1245,0.0,0.0
2020-09-22 00:00:00+08:00,41.85639190673828,41.85639190673828,41.85639190673828,41.85639190673828,0,0.0,0.0
2020-09-23 00:00:00+08:00,41.85639190673828,41.85639190673828,41.85639190673828,41.85639190673828,1245,0.0,0.0
2020-09-24 00:00:00+08:00,41.85639190673828,41.85639190673828,41.85639190673828,41.85639190673828,2490,0.0,0.0
2020-09-25 00:00:00+08:00,43.181843958165956,43.181843958165956,41.85639190673828,41.85639190673828,8715,0.0,0.0
2020-09-28 00:00:00+08:00,41.85639671790296,41.85639671790296,39.06597137451172,39.06597137451172,6225,0.0,0.0
2020-09-29 00:00:00+08:00,40.461181640625,40.461181640625,40.461181640625,40.461181640625,1245,0.0,0.0
2020-09-30 00:00:00+08:00,37.740516662597656,37.740516662597656,37.740516662597656,37.740516662597656,1245,0.0,0.0
2020-10-05 00:00:00+08:00,39.06597137451172,39.06597137451172,39.06597137451172,39.06597137451172,2490,0.0,0.0
2020-10-06 00:00:00+08:00,39.06597137451172,39.06597137451172,39.06597137451172,39.06597137451172,0,0.0,0.0
2020-10-07 00:00:00+08:00,39.06597137451172,39.06597137451172,39.06597137451172,39.06597137451172,0,0.0,0.0
2020-10-08 00:00:00+08:00,39.76356887817383,39.76356887817383,39.76356887817383,39.76356887817383,1245,0.0,0.0
2020-10-12 00:00:00+08:00,39.76356887817383,39.76356887817383,39.76356887817383,39.76356887817383,0,0.0,0.0
2020-10-13 00:00:00+08:00,39.76356887817383,39.76356887817383,39.76356887817383,39.76356887817383,0,0.0,0.0
2020-10-14 00:00:00+08:00,40.80998229980469,40.80998229980469,40.80998229980469,40.80998229980469,1245,0.0,0.0
2020-10-15 00:00:00+08:00,40.80998229980469,40.80998229980469,40.80998229980469,40.80998229980469,0,0.0,0.0
2020-10-16 00:00:00+08:00,38.08931620000354,39.41476821899414,38.08931620000354,39.41476821899414,4980,0.0,0.0
2020-10-19 00:00:00+08:00,39.76356887817383,39.76356887817383,39.76356887817383,39.76356887817383,1245,0.0,0.0
2020-10-20 00:00:00+08:00,39.76356887817383,39.76356887817383,39.76356887817383,39.76356887817383,0,0.0,0.0
2020-10-21 00:00:00+08:00,39.76356887817383,39.76356887817383,39.76356887817383,39.76356887817383,0,0.0,0.0
2020-10-22 00:00:00+08:00,39.76356887817383,39.76356887817383,39.76356887817383,39.76356887817383,0,0.0,0.0
2020-10-23 00:00:00+08:00,38.78692517234261,38.856685638427734,38.78692517234261,38.856685638427734,4980,0.0,0.0
2020-10-26 00:00:00+08:00,42.55399816524742,42.55399816524742,41.92615073717948,42.20519256591797,300069,0.0,0.0
2020-10-27 00:00:00+08:00,42.20519256591797,42.20519256591797,42.20519256591797,42.20519256591797,0,0.0,0.0
2020-10-28 00:00:00+08:00,41.85639190673828,41.85639190673828,41.85639190673828,41.85639190673828,390961,0.0,0.0
2020-10-29 00:00:00+08:00,40.461181640625,40.461181640625,40.461181640625,40.461181640625,1245,0.0,0.0
2020-10-30 00:00:00+08:00,40.461181640625,40.461181640625,40.461181640625,40.461181640625,0,0.0,0.0
2020-11-02 00:00:00+08:00,40.60070256815879,40.60070256815879,40.461181640625,40.461181640625,3735,0.0,0.0
2020-11-03 00:00:00+08:00,40.461181640625,40.461181640625,40.461181640625,40.461181640625,0,0.0,0.0
2020-11-04 00:00:00+08:00,40.461181640625,40.461181640625,40.461181640625,40.461181640625,0,0.0,0.0
2020-11-05 00:00:00+08:00,40.461181640625,40.461181640625,40.461181640625,40.461181640625,0,0.0,0.0
2020-11-06 00:00:00+08:00,39.76357045311184,42.41447448730469,39.76357045311184,42.41447448730469,8715,0.0,0.0
2020-11-09 00:00:00+08:00,39.763575409680186,39.9030963432495,39.763575409680186,39.833335876464844,7470,0.0,0.0
2020-11-10 00:00:00+08:00,40.11237716674805,41.64711060057263,40.11237716674805,40.11237716674805,3735,0.0,0.0
2020-11-11 00:00:00+08:00,41.158790588378906,41.158790588378906,41.158790588378906,41.158790588378906,2490,0.0,0.0
2020-11-12 00:00:00+08:00,40.112381500165945,40.32166290283203,39.903096784093016,40.32166290283203,3735,0.0,0.0
2020-11-13 00:00:00+08:00,41.78662762393399,41.78662762393399,40.80997796133575,41.089019775390625,7470,0.0,0.0
2020-11-16 00:00:00+08:00,41.089019775390625,41.089019775390625,41.089019775390625,41.089019775390625,0,0.0,0.0
2020-11-17 00:00:00+08:00,41.089019775390625,41.089019775390625,41.089019775390625,41.089019775390625,0,0.0,0.0
2020-11-18 00:00:00+08:00,41.08902581452705,41.08902581452705,40.461181640625,40.461181640625,2490,0.0,0.0
2020-11-19 00:00:00+08:00,41.158789591700604,41.78663376560265,40.461181640625,40.461181640625,8715,0.0,0.0
2020-11-20 00:00:00+08:00,40.461181640625,40.461181640625,40.461181640625,40.461181640625,1245,0.0,0.0
2020-11-23 00:00:00+08:00,40.461181640625,40.461181640625,40.461181640625,40.461181640625,1245,0.0,0.0
2020-11-24 00:00:00+08:00,41.85639422936954,41.85639422936954,40.461181640625,40.461181640625,13696,0.0,0.0
2020-11-25 00:00:00+08:00,41.85639524294065,42.55400321090914,41.158790588378906,41.158790588378906,7470,0.0,0.0
2020-11-26 00:00:00+08:00,40.46117946684307,40.46117946684307,40.11237716674805,40.11237716674805,13696,0.0,0.0
2020-11-27 00:00:00+08:00,40.11237716674805,40.11237716674805,40.11237716674805,40.11237716674805,0,0.0,0.0
2020-11-30 00:00:00+08:00,40.461179395414746,41.85639190673828,39.06596688409122,41.85639190673828,4980,0.0,0.0
2020-12-01 00:00:00+08:00,42.48424039289898,42.55400085449219,42.48424039289898,42.55400085449219,2490,0.0,0.0
2020-12-02 00:00:00+08:00,40.461181640625,40.461181640625,40.461181640625,40.461181640625,2490,0.0,0.0
2020-12-03 00:00:00+08:00,39.065965923685916,39.065965923685916,38.36835802847104,38.92644500732422,4980,0.0,0.0
2020-12-04 00:00:00+08:00,40.39142215495424,41.158790588378906,40.39142215495424,41.158790588378906,6225,0.0,0.0
2020-12-07 00:00:00+08:00,39.76357359484636,41.22854995727539,39.76357359484636,41.22854995727539,9960,0.0,0.0
2020-12-08 00:00:00+08:00,41.29830654619404,41.85639356082185,41.22854939694799,41.507591247558594,17431,0.0,0.0
2020-12-09 00:00:00+08:00,41.507591247558594,41.507591247558594,41.507591247558594,41.507591247558594,0,0.0,0.0
2020-12-10 00:00:00+08:00,41.507591247558594,41.507591247558594,41.507591247558594,41.507591247558594,0,0.0,0.0
2020-12-11 00:00:00+08:00,40.461181640625,40.461181640625,40.461181640625,40.461181640625,2490,0.0,0.0
2020-12-14 00:00:00+08:00,39.90309143066406,39.90309143066406,39.90309143066406,39.90309143066406,1245,0.0,0.0
2020-12-15 00:00:00+08:00,40.461181640625,40.461181640625,40.461181640625,40.461181640625,3735,0.0,0.0
2020-12-16 00:00:00+08:00,40.461176744839165,40.461176744839165,39.76356887817383,39.76356887817383,11205,0.0,0.0
2020-12-17 00:00:00+08:00,39.06597137451172,39.06597137451172,39.06597137451172,39.06597137451172,14941,0.0,0.0
2020-12-18 00:00:00+08:00,39.06597022813932,39.624053955078125,39.06597022813932,39.624053955078125,7470,0.0,0.0
2020-12-21 00:00:00+08:00,39.06597137451172,39.06597137451172,39.06597137451172,39.06597137451172,6225,0.0,0.0
2020-12-22 00:00:00+08:00,38.7171647062575,38.856685638427734,38.3683623758319,38.856685638427734,23656,0.0,0.0
2020-12-23 00:00:00+08:00,38.36835861206055,38.71716090827013,38.36835861206055,38.36835861206055,11205,0.0,0.0
2020-12-24 00:00:00+08:00,38.50788116455078,38.50788116455078,38.50788116455078,38.50788116455078,3735,0.0,0.0
2020-12-25 00:00:00+08:00,39.41476821899414,39.41476821899414,39.41476821899414,39.41476821899414,1245,0.0,0.0
2020-12-28 00:00:00+08:00,37.67075401964138,38.36835861206055,36.973146113815766,38.36835861206055,21166,0.0,0.0
2020-12-29 00:00:00+08:00,38.36835861206055,38.36835861206055,38.36835861206055,38.36835861206055,1245,0.0,0.0
2020-12-30 00:00:00+08:00,38.36835803275811,39.41476821899414,38.36835803275811,39.41476821899414,3735,0.0,0.0
2020-12-31 00:00:00+08:00,39.41476821899414,39.41476821899414,39.41476821899414,39.41476821899414,0,0.0,0.0
2021-01-04 00:00:00+08:00,39.41476821899414,39.41476821899414,39.41476821899414,39.41476821899414,0,0.0,0.0
2021-01-05 00:00:00+08:00,43.1120834982701,43.1120834982701,41.507589607259014,41.85639190673828,8715,0.0,0.0
2021-01-06 00:00:00+08:00,41.85639190673828,41.85639190673828,41.85639190673828,41.85639190673828,13696,0.0,0.0
2021-01-07 00:00:00+08:00,41.85639524294065,41.85639524294065,41.158790588378906,41.158790588378906,4980,0.0,0.0
2021-01-08 00:00:00+08:00,40.461179395414746,41.85639190673828,40.112377095935486,41.85639190673828,37352,0.0,0.0
2021-01-11 00:00:00+08:00,41.856392925153564,42.55400085449219,41.856392925153564,42.55400085449219,24901,0.0,0.0
2021-01-12 00:00:00+08:00,41.85639190673828,42.55399981910328,41.85639190673828,41.85639190673828,17431,0.0,0.0
2021-01-13 00:00:00+08:00,42.20519736381239,42.90280532836914,42.20519736381239,42.90280532836914,23656,0.0,0.0
2021-01-14 00:00:00+08:00,42.55400511644612,43.251609802246094,42.55400511644612,43.251609802246094,3735,0.0,0.0
2021-01-15 00:00:00+08:00,42.90280532836914,42.90280532836914,42.90280532836914,42.90280532836914,2490,0.0,0.0
2021-01-18 00:00:00+08:00,42.55400085449219,42.55400085449219,42.55400085449219,42.55400085449219,1245,0.0,0.0
2021-01-19 00:00:00+08:00,43.251609802246094,43.251609802246094,43.251609802246094,43.251609802246094,1245,0.0,0.0
2021-01-20 00:00:00+08:00,42.55399981910328,42.55399981910328,41.85639190673828,41.85639190673828,13696,0.0,0.0
2021-01-21 00:00:00+08:00,41.85639190673828,41.85639190673828,41.85639190673828,41.85639190673828,6225,0.0,0.0
2021-01-22 00:00:00+08:00,41.85639190673828,41.85639190673828,41.85639190673828,41.85639190673828,0,0.0,0.0
2021-01-25 00:00:00+08:00,38.85668528810493,41.158790588378906,38.85668528810493,41.158790588378906,4980,0.0,0.0
2021-01-26 00:00:00+08:00,41.158790588378906,41.158790588378906,40.600703551322766,41.158790588378906,6225,0.0,0.0
2021-01-27 00:00:00+08:00,41.158792431439295,43.251609802246094,41.158792431439295,43.251609802246094,14941,0.0,0.0
2021-01-28 00:00:00+08:00,41.22854797730539,45.34442507230763,41.22854797730539,47.36748504638672,16186,0.0,0.0
2021-01-29 00:00:00+08:00,45.344428029770945,45.344428029770945,42.62376327573857,44.646820068359375,14941,0.0,0.0
2021-02-01 00:00:00+08:00,42.41447661789922,42.693521777678605,42.41447661789922,42.55400085449219,7470,0.0,0.0
2021-02-02 00:00:00+08:00,42.41447767717552,42.972564697265625,42.41447767717552,42.972564697265625,7470,0.0,0.0
2021-02-03 00:00:00+08:00,42.972563679754614,42.972563679754614,42.27495574951172,42.27495574951172,7470,0.0,0.0
2021-02-04 00:00:00+08:00,42.55400645541143,42.55400645541143,41.9261589050293,41.9261589050293,9960,0.0,0.0
2021-02-05 00:00:00+08:00,41.9261589050293,41.9261589050293,41.9261589050293,41.9261589050293,0,0.0,0.0
2021-02-17 00:00:00+08:00,42.55400511644612,43.251609802246094,42.55400511644612,43.251609802246094,2490,0.0,0.0
2021-02-18 00:00:00+08:00,43.460884567852396,44.71657943725586,43.251603194087274,44.71657943725586,27392,0.0,0.0
2021-02-19 00:00:00+08:00,43.251603194087274,44.71657943725586,43.251603194087274,44.71657943725586,12450,0.0,0.0
2021-02-22 00:00:00+08:00,44.99562126894268,44.99562126894268,44.646815665927775,44.71657943725586,21166,0.0,0.0
2021-02-23 00:00:00+08:00,48.83245686232585,49.18125915527344,47.78604667007666,49.18125915527344,128245,0.0,0.0
2021-02-24 00:00:00+08:00,52.32049082273668,52.32049082273668,47.78604766626363,50.367191314697266,281392,0.0,0.0
2021-02-25 00:00:00+08:00,49.4603009880639,49.4603009880639,46.948917852108,48.692935943603516,80931,0.0,0.0
2021-02-26 00:00:00+08:00,47.43724556721856,47.43724556721856,46.04203304701916,46.60011672973633,51049,0.0,0.0
2021-03-02 00:00:00+08:00,46.39083319492665,46.39083319492665,45.41418348210811,45.483943939208984,34862,0.0,0.0
2021-03-03 00:00:00+08:00,45.48394818789531,46.73963984641233,45.48394818789531,46.46059799194336,26147,0.0,0.0
2021-03-04 00:00:00+08:00,45.48394606145731,46.18155397842225,45.20490422003393,46.111793518066406,22411,0.0,0.0
2021-03-05 00:00:00+08:00,46.04204026213037,46.39084261848838,45.62347412109375,45.62347412109375,8715,0.0,0.0
2021-03-08 00:00:00+08:00,45.62346704321275,45.69322750366193,45.344425201416016,45.344425201416016,6225,0.0,0.0
2021-03-09 00:00:00+08:00,44.995621303644455,44.995621303644455,43.53064505934604,43.94921112060547,27392,0.0,0.0
2021-03-10 00:00:00+08:00,43.94921112060547,43.94921112060547,43.46088460137054,43.94921112060547,9960,0.0,0.0
2021-03-11 00:00:00+08:00,43.32136368541953,43.94921112060547,42.69351956363996,43.94921112060547,24901,0.0,0.0
2021-03-12 00:00:00+08:00,44.64681408056591,44.78633499145508,44.64681408056591,44.78633499145508,3735,0.0,0.0
2021-03-15 00:00:00+08:00,42.55399547730645,44.228249657388744,42.55399547730645,43.39112091064453,19921,0.0,0.0
2021-03-16 00:00:00+08:00,43.25160806105481,43.87945556640625,43.25160806105481,43.87945556640625,3735,0.0,0.0
2021-03-17 00:00:00+08:00,44.64682000115125,44.925865173339844,43.94921535419651,44.925865173339844,8715,0.0,0.0
2021-03-18 00:00:00+08:00,44.995626867010905,46.39083951243484,44.995626867010905,44.08873748779297,7470,0.0,0.0
2021-03-19 00:00:00+08:00,44.08873748779297,44.08873748779297,44.08873748779297,44.08873748779297,0,0.0,0.0
2021-03-22 00:00:00+08:00,45.62346704321275,45.62346704321275,43.60041037677994,45.344425201416016,16186,0.0,0.0
2021-03-23 00:00:00+08:00,45.204908211509284,45.204908211509284,43.94921650082329,44.57706069946289,8715,0.0,0.0
2021-03-24 00:00:00+08:00,44.99562739680899,45.97227394072045,44.29801940917969,44.29801940917969,8715,0.0,0.0
2021-03-25 00:00:00+08:00,44.29801498127177,45.344425201416016,44.29801498127177,45.344425201416016,2490,0.0,0.0
2021-03-26 00:00:00+08:00,44.2980199922584,44.2980199922584,43.80969671387505,44.018978118896484,8715,0.0,0.0
2021-03-29 00:00:00+08:00,43.94921765055601,44.92586752072958,43.94921765055601,44.018978118896484,12450,0.0,0.0
2021-03-30 00:00:00+08:00,44.2980199922584,44.2980199922584,44.018978118896484,44.018978118896484,6225,0.0,0.0
2021-03-31 00:00:00+08:00,44.08873748779297,44.08873748779297,44.08873748779297,44.08873748779297,1245,0.0,0.0
2021-04-01 00:00:00+08:00,43.949213738622475,45.27466583251953,43.949213738622475,45.27466583251953,8715,0.0,0.0
2021-04-07 00:00:00+08:00,43.949215983906115,44.36777877807617,43.949215983906115,44.36777877807617,2490,0.0,0.0
2021-04-08 00:00:00+08:00,44.3677744185133,44.3677744185133,44.15849304199219,44.15849304199219,7470,0.0,0.0
2021-04-09 00:00:00+08:00,44.158496192943936,45.414187855077536,44.01897526530761,45.20490646362305,18676,0.0,0.0
2021-04-12 00:00:00+08:00,44.71657889920977,46.04203089718024,44.71657889920977,44.99562072753906,24901,0.0,0.0
2021-04-13 00:00:00+08:00,44.99562072753906,44.99562072753906,44.99562072753906,44.99562072753906,1245,0.0,0.0
2021-04-14 00:00:00+08:00,44.29801668872402,44.29801668872402,43.46088781766047,44.22825622558594,7470,0.0,0.0
2021-04-15 00:00:00+08:00,44.22825622558594,44.22825622558594,44.22825622558594,44.22825622558594,1245,0.0,0.0
2021-04-16 00:00:00+08:00,44.22825622558594,44.22825622558594,44.22825622558594,44.22825622558594,0,0.0,0.0
2021-04-19 00:00:00+08:00,44.29801774435695,44.646820068359375,44.29801774435695,44.646820068359375,7470,0.0,0.0
2021-04-20 00:00:00+08:00,44.646820068359375,44.71658384656657,44.646820068359375,44.646820068359375,3735,0.0,0.0
2021-04-21 00:00:00+08:00,44.57705797812592,44.6468184403827,44.50729751586914,44.50729751586914,6225,0.0,0.0
2021-04-22 00:00:00+08:00,43.879450662629964,45.97226771530155,43.879450662629964,43.94921112060547,21166,0.0,0.0
2021-04-23 00:00:00+08:00,43.94921112060547,43.94921112060547,43.94921112060547,43.94921112060547,0,0.0,0.0
2021-04-26 00:00:00+08:00,43.94921615475704,44.50729988248665,43.11208724975586,43.11208724975586,9960,0.0,0.0
2021-04-27 00:00:00+08:00,43.1120888650861,43.251609802246094,43.1120888650861,43.251609802246094,12450,0.0,0.0
2021-04-28 00:00:00+08:00,43.60041046142578,43.60041046142578,43.60041046142578,43.60041046142578,1245,0.0,0.0
2021-04-29 00:00:00+08:00,42.97256457569393,44.22825622558594,42.97256457569393,44.22825622558594,7470,0.0,0.0
2021-05-03 00:00:00+08:00,41.995914459228516,41.995914459228516,41.995914459228516,41.995914459228516,1245,0.0,0.0
2021-05-04 00:00:00+08:00,41.926152366634135,41.99591282652999,40.80998169489401,41.85639190673828,16186,0.0,0.0
2021-05-05 00:00:00+08:00,41.85639190673828,41.85639190673828,41.85639190673828,41.85639190673828,0,0.0,0.0
2021-05-06 00:00:00+08:00,41.85639190673828,41.85639190673828,41.85639190673828,41.85639190673828,0,0.0,0.0
2021-05-07 00:00:00+08:00,41.85639711723927,43.251609802246094,41.85639711723927,43.251609802246094,9960,0.0,0.0
2021-05-10 00:00:00+08:00,41.85639356082185,41.85639356082185,41.507591247558594,41.507591247558594,9960,0.0,0.0
2021-05-11 00:00:00+08:00,40.11237932179053,40.461181640625,40.11237932179053,40.461181640625,6225,0.0,0.0
2021-05-12 00:00:00+08:00,39.13572532240047,40.32165639277624,38.368356989778626,38.717159271240234,17431,0.0,0.0
2021-05-13 00:00:00+08:00,36.41506111761316,38.99620819091797,36.41506111761316,38.99620819091797,7470,0.0,0.0
2021-05-14 00:00:00+08:00,37.67075564165269,38.01955795288086,37.67075564165269,38.01955795288086,6225,0.0,0.0
2021-05-17 00:00:00+08:00,38.01955795288086,38.01955795288086,38.01955795288086,38.01955795288086,0,0.0,0.0
2021-05-18 00:00:00+08:00,38.01955795288086,38.01955795288086,38.01955795288086,38.01955795288086,0,0.0,0.0
2021-05-19 00:00:00+08:00,38.01955795288086,38.01955795288086,38.01955795288086,38.01955795288086,1245,0.0,0.0
2021-05-20 00:00:00+08:00,38.01955795288086,38.01955795288086,38.01955795288086,38.01955795288086,0,0.0,0.0
2021-05-21 00:00:00+08:00,35.78721810365342,37.67075729370117,35.78721810365342,37.67075729370117,12450,0.0,0.0
2021-05-24 00:00:00+08:00,37.46146937674666,37.600990295410156,37.46146937674666,37.600990295410156,4980,0.0,0.0
2021-05-25 00:00:00+08:00,37.600990295410156,37.600990295410156,37.600990295410156,37.600990295410156,0,0.0,0.0
2021-05-26 00:00:00+08:00,37.81027603149414,37.81027603149414,37.81027603149414,37.81027603149414,1245,0.0,0.0
2021-05-27 00:00:00+08:00,38.08932113647461,38.08932113647461,38.08932113647461,38.08932113647461,1245,0.0,0.0
2021-05-28 00:00:00+08:00,38.08932113647461,38.08932113647461,38.08932113647461,38.08932113647461,0,0.0,0.0
2021-05-31 00:00:00+08:00,38.08932113647461,38.08932113647461,38.08932113647461,38.08932113647461,0,0.0,0.0
2021-06-01 00:00:00+08:00,38.08931677509288,38.99620605864424,38.08931677509288,38.36835861206055,8715,0.0,0.0
2021-06-02 00:00:00+08:00,38.36835861206055,38.36835861206055,38.36835861206055,38.36835861206055,0,0.0,0.0
2021-06-03 00:00:00+08:00,38.36835861206055,38.36835861206055,38.36835861206055,38.36835861206055,1245,0.0,0.0
2021-06-04 00:00:00+08:00,38.36835422979913,38.36835422979913,38.15907287597656,38.15907287597656,2490,0.0,0.0
2021-06-07 00:00:00+08:00,38.15907287597656,38.15907287597656,38.15907287597656,38.15907287597656,0,0.0,0.0
2021-06-08 00:00:00+08:00,38.15907287597656,38.15907287597656,38.15907287597656,38.15907287597656,0,0.0,0.0
2021-06-09 00:00:00+08:00,38.15907287597656,38.15907287597656,38.15907287597656,38.15907287597656,0,0.0,0.0
2021-06-10 00:00:00+08:00,38.15907287597656,38.15907287597656,38.15907287597656,38.15907287597656,0,0.0,0.0
2021-06-11 00:00:00+08:00,38.15907287597656,38.15907287597656,38.15907287597656,38.15907287597656,0,0.0,0.0
2021-06-15 00:00:00+08:00,38.15907287597656,38.15907287597656,38.15907287597656,38.15907287597656,0,0.0,0.0
2021-06-16 00:00:00+08:00,36.275538254700564,36.275538254700564,36.275538254700564,37.600990295410156,1245,0.0,0.0
2021-06-17 00:00:00+08:00,36.27553665528418,36.97314453125,36.27553665528418,36.97314453125,3735,0.0,0.0
2021-06-18 00:00:00+08:00,36.97314453125,36.97314453125,36.97314453125,36.97314453125,0,0.0,0.0
2021-06-21 00:00:00+08:00,37.32195235288486,37.32195235288486,36.62434768676758,36.62434768676758,3735,0.0,0.0
2021-06-22 00:00:00+08:00,36.62434768676758,36.62434768676758,36.62434768676758,36.62434768676758,0,0.0,0.0
2021-06-23 00:00:00+08:00,36.62434599690185,37.67075626120266,36.275540366530485,37.46147155761719,17431,0.0,0.0
2021-06-24 00:00:00+08:00,37.39171220011852,41.158790588378906,37.39171220011852,41.158790588378906,4980,0.0,0.0
2021-06-25 00:00:00+08:00,40.182135466068516,40.74021911621094,39.7635694150554,40.74021911621094,13696,0.0,0.0
2021-06-28 00:00:00+08:00,39.76357155324654,40.11237716674805,39.76357155324654,40.11237716674805,2490,0.0,0.0
2021-06-29 00:00:00+08:00,40.391422271728516,40.391422271728516,40.391422271728516,40.391422271728516,1245,0.0,0.0
2021-06-30 00:00:00+08:00,40.391422271728516,40.391422271728516,40.391422271728516,40.391422271728516,0,0.0,0.0
2021-07-01 00:00:00+08:00,40.11237716674805,40.11237716674805,40.11237716674805,40.11237716674805,1245,0.0,0.0
2021-07-02 00:00:00+08:00,40.04261779785156,40.04261779785156,40.04261779785156,40.04261779785156,2490,0.0,0.0
2021-07-05 00:00:00+08:00,40.04261779785156,40.04261779785156,40.04261779785156,40.04261779785156,0,0.0,0.0
2021-07-06 00:00:00+08:00,40.04261779785156,40.04261779785156,40.04261779785156,40.04261779785156,0,0.0,0.0
2021-07-07 00:00:00+08:00,37.81027822431112,38.01955962022604,37.67075729370117,37.67075729370117,8715,0.0,0.0
2021-07-08 00:00:00+08:00,37.67075729370117,37.67075729370117,37.67075729370117,37.67075729370117,0,0.0,0.0
2021-07-09 00:00:00+08:00,37.67075406814835,38.99620610885794,36.624343864765734,37.600990295410156,12450,0.0,0.0
2021-07-12 00:00:00+08:00,37.600990295410156,37.600990295410156,37.600990295410156,37.600990295410156,0,0.0,0.0
2021-07-13 00:00:00+08:00,37.67075240721582,37.67075240721582,36.97314453125,36.97314453125,2490,0.0,0.0
2021-07-14 00:00:00+08:00,40.46118273738637,40.46118273738637,39.41477243911177,40.391422271728516,17431,0.0,0.0
2021-07-15 00:00:00+08:00,40.39141684906856,40.39141684906856,37.81027333944005,38.717159271240234,9960,0.0,0.0
2021-07-16 00:00:00+08:00,37.04290771484375,37.04290771484375,37.04290771484375,37.04290771484375,2490,0.0,0.0
2021-07-19 00:00:00+08:00,37.04290868609937,38.22883987426758,36.97314822287811,38.22883987426758,4980,0.0,0.0
2021-07-20 00:00:00+08:00,37.32194900512695,37.32194900512695,37.32194900512695,37.32194900512695,1245,0.0,0.0
2021-07-21 00:00:00+08:00,37.3219479122222,37.3219479122222,36.903385162353516,36.903385162353516,3735,0.0,0.0
2021-07-22 00:00:00+08:00,36.903385162353516,36.903385162353516,36.903385162353516,36.903385162353516,0,0.0,0.0
2021-07-23 00:00:00+08:00,37.112665443761905,37.112665443761905,36.97314453125,36.97314453125,6225,0.0,0.0
2021-07-26 00:00:00+08:00,39.27524903134382,39.27524903134382,37.81027603149414,37.81027603149414,9960,0.0,0.0
2021-07-27 00:00:00+08:00,38.389739990234375,39.04163942429585,38.389739990234375,38.389739990234375,12450,1.606297,0.0
2021-07-28 00:00:00+08:00,38.389739990234375,38.389739990234375,38.389739990234375,38.389739990234375,0,0.0,0.0
2021-07-29 00:00:00+08:00,38.389739990234375,38.389739990234375,38.389739990234375,38.389739990234375,1245,0.0,0.0
2021-07-30 00:00:00+08:00,38.389739990234375,38.389739990234375,38.389739990234375,38.389739990234375,0,0.0,0.0
2021-08-02 00:00:00+08:00,38.389739990234375,38.389739990234375,38.389739990234375,38.389739990234375,1245,0.0,0.0
2021-08-03 00:00:00+08:00,38.389739990234375,38.389739990234375,38.389739990234375,38.389739990234375,1245,0.0,0.0
2021-08-04 00:00:00+08:00,38.389739990234375,38.389739990234375,38.389739990234375,38.389739990234375,1245,0.0,0.0
2021-08-05 00:00:00+08:00,38.389739990234375,38.389739990234375,38.389739990234375,38.389739990234375,3735,0.0,0.0
2021-08-06 00:00:00+08:00,38.38974280191856,40.562747955322266,38.38974280191856,40.562747955322266,3735,0.0,0.0
2021-08-09 00:00:00+08:00,38.46217326068565,38.46217326068565,38.389739990234375,38.389739990234375,16186,0.0,0.0
2021-08-10 00:00:00+08:00,38.389739990234375,38.389739990234375,38.389739990234375,38.389739990234375,0,0.0,0.0
2021-08-11 00:00:00+08:00,38.389739990234375,38.389739990234375,38.389739990234375,38.389739990234375,0,0.0,0.0
2021-08-12 00:00:00+08:00,38.389739990234375,38.389739990234375,38.389739990234375,38.389739990234375,0,0.0,0.0
2021-08-13 00:00:00+08:00,38.0275764465332,38.0275764465332,38.0275764465332,38.0275764465332,1245,0.0,0.0
2021-08-16 00:00:00+08:00,38.0275764465332,38.0275764465332,38.0275764465332,38.0275764465332,0,0.0,0.0
2021-08-17 00:00:00+08:00,38.0275764465332,38.0275764465332,38.0275764465332,38.0275764465332,0,0.0,0.0
2021-08-18 00:00:00+08:00,38.0275764465332,38.0275764465332,38.0275764465332,38.0275764465332,0,0.0,0.0
2021-08-19 00:00:00+08:00,38.0275764465332,38.0275764465332,38.0275764465332,38.0275764465332,0,0.0,0.0
2021-08-20 00:00:00+08:00,38.0275764465332,38.0275764465332,38.0275764465332,38.0275764465332,2490,0.0,0.0
2021-08-23 00:00:00+08:00,35.70970503685883,36.8686408996582,35.70970503685883,36.8686408996582,6225,0.0,0.0
2021-08-24 00:00:00+08:00,36.86863872945149,38.02757452403218,36.86863872945149,36.21673583984375,2490,0.0,0.0
2021-08-25 00:00:00+08:00,36.21673583984375,36.21673583984375,36.21673583984375,36.21673583984375,0,0.0,0.0
2021-08-26 00:00:00+08:00,36.21673583984375,36.21673583984375,36.21673583984375,36.21673583984375,0,0.0,0.0
2021-08-27 00:00:00+08:00,36.21673583984375,36.21673583984375,36.21673583984375,36.21673583984375,0,0.0,0.0
2021-08-30 00:00:00+08:00,38.389740884727146,38.389740884727146,38.389740884727146,36.21673583984375,1245,0.0,0.0
2021-08-31 00:00:00+08:00,36.2891731262207,36.2891731262207,36.2891731262207,36.2891731262207,2490,0.0,0.0
2021-09-01 00:00:00+08:00,37.37567198331242,37.59297180175781,37.37567198331242,37.59297180175781,2490,0.0,0.0
2021-09-02 00:00:00+08:00,37.59297180175781,37.59297180175781,37.59297180175781,37.59297180175781,0,0.0,0.0
2021-09-03 00:00:00+08:00,37.013503825946394,37.013503825946394,36.941070556640625,36.941070556640625,3735,0.0,0.0
2021-09-06 00:00:00+08:00,36.21673848908769,36.21673848908769,35.78213882446289,35.78213882446289,4980,0.0,0.0
2021-09-07 00:00:00+08:00,36.216735405623965,37.30323791503906,36.216735405623965,37.30323791503906,27392,0.0,0.0
2021-09-08 00:00:00+08:00,37.30323729720563,38.31730651855469,37.30323729720563,38.31730651855469,3735,0.0,0.0
2021-09-09 00:00:00+08:00,36.941070360422565,38.100006103515625,36.941070360422565,38.100006103515625,4980,0.0,0.0
2021-09-10 00:00:00+08:00,38.100006103515625,38.100006103515625,38.100006103515625,38.100006103515625,0,0.0,0.0
2021-09-13 00:00:00+08:00,38.100006103515625,38.100006103515625,38.100006103515625,38.100006103515625,0,0.0,0.0
2021-09-14 00:00:00+08:00,38.100006103515625,38.100006103515625,38.100006103515625,38.100006103515625,1245,0.0,0.0
2021-09-15 00:00:00+08:00,38.100006103515625,38.100006103515625,38.100006103515625,38.100006103515625,0,0.0,0.0
2021-09-16 00:00:00+08:00,38.100006103515625,38.100006103515625,38.100006103515625,38.100006103515625,0,0.0,0.0
2021-09-17 00:00:00+08:00,38.100006103515625,38.100006103515625,38.100006103515625,38.100006103515625,0,0.0,0.0
2021-09-22 00:00:00+08:00,38.100006103515625,38.100006103515625,38.100006103515625,38.100006103515625,0,0.0,0.0
2021-09-23 00:00:00+08:00,38.100006103515625,38.100006103515625,38.100006103515625,38.100006103515625,0,0.0,0.0
2021-09-24 00:00:00+08:00,38.17244338989258,38.3173099429811,38.17244338989258,38.17244338989258,6225,0.0,0.0
2021-09-27 00:00:00+08:00,36.868643002266296,38.100012211692956,36.868643002266296,37.665409088134766,6225,0.0,0.0
2021-09-28 00:00:00+08:00,37.665405209371265,38.89677429199219,37.59297193629691,38.89677429199219,6225,0.0,0.0
2021-09-29 00:00:00+08:00,38.89677429199219,38.89677429199219,38.89677429199219,38.89677429199219,0,0.0,0.0
2021-09-30 00:00:00+08:00,38.89677429199219,38.89677429199219,38.89677429199219,38.89677429199219,0,0.0,0.0
2021-10-01 00:00:00+08:00,37.810272216796875,37.810272216796875,37.810272216796875,37.810272216796875,1245,0.0,0.0
2021-10-04 00:00:00+08:00,37.810272216796875,37.810272216796875,37.810272216796875,37.810272216796875,0,0.0,0.0
2021-10-05 00:00:00+08:00,37.810272216796875,37.810272216796875,37.810272216796875,37.810272216796875,0,0.0,0.0
2021-10-06 00:00:00+08:00,37.810272216796875,37.810272216796875,37.810272216796875,37.810272216796875,0,0.0,0.0
2021-10-07 00:00:00+08:00,37.810272216796875,37.810272216796875,37.810272216796875,37.810272216796875,0,0.0,0.0
2021-10-08 00:00:00+08:00,37.665409088134766,37.665409088134766,37.665409088134766,37.665409088134766,17431,0.0,0.0
2021-10-12 00:00:00+08:00,37.665409088134766,37.665409088134766,37.665409088134766,37.665409088134766,1245,0.0,0.0
2021-10-13 00:00:00+08:00,36.94107608794069,36.94107608794069,36.21673984606928,36.2891731262207,19921,0.0,0.0
2021-10-14 00:00:00+08:00,36.2891731262207,36.2891731262207,36.2891731262207,36.2891731262207,0,0.0,0.0
2021-10-15 00:00:00+08:00,36.2891731262207,36.2891731262207,36.2891731262207,36.2891731262207,2490,0.0,0.0
2021-10-18 00:00:00+08:00,36.2891731262207,36.2891731262207,36.21673984606928,36.2891731262207,7470,0.0,0.0
2021-10-19 00:00:00+08:00,36.21673583984375,36.21673583984375,36.18051920377425,36.21673583984375,24901,0.0,0.0
2021-10-20 00:00:00+08:00,36.21673583984375,36.57890564089552,36.21673583984375,36.21673583984375,39843,0.0,0.0
2021-10-21 00:00:00+08:00,35.92700275128778,36.21673583984375,34.804283592776585,36.21673583984375,19921,0.0,0.0
2021-10-22 00:00:00+08:00,36.21673948252486,37.4481086730957,36.21673948252486,37.4481086730957,7470,0.0,0.0
2021-10-25 00:00:00+08:00,37.4481086730957,37.4481086730957,37.4481086730957,37.4481086730957,1245,0.0,0.0
2021-10-26 00:00:00+08:00,36.216735405623965,37.59297100012129,36.216735405623965,37.30323791503906,3735,0.0,0.0
2021-10-27 00:00:00+08:00,37.15837478637695,37.15837478637695,37.15837478637695,37.15837478637695,1245,0.0,0.0
2021-10-28 00:00:00+08:00,37.15837478637695,37.15837478637695,37.15837478637695,37.15837478637695,0,0.0,0.0
2021-10-29 00:00:00+08:00,37.15837478637695,37.15837478637695,37.15837478637695,37.15837478637695,0,0.0,0.0
2021-11-01 00:00:00+08:00,37.15837478637695,37.15837478637695,37.15837478637695,37.15837478637695,0,0.0,0.0
2021-11-02 00:00:00+08:00,37.15837478637695,37.15837478637695,37.15837478637695,37.15837478637695,0,0.0,0.0
2021-11-03 00:00:00+08:00,37.15837478637695,37.15837478637695,37.15837478637695,37.15837478637695,0,0.0,0.0
2021-11-04 00:00:00+08:00,36.94107723968541,36.94107723968541,36.57891082763672,36.57891082763672,3735,0.0,0.0
2021-11-05 00:00:00+08:00,35.56483404898513,36.7237663269043,35.56483404898513,36.7237663269043,2490,0.0,0.0
2021-11-08 00:00:00+08:00,36.21673583984375,36.21673583984375,36.21673583984375,36.21673583984375,1245,0.0,0.0
2021-11-09 00:00:00+08:00,36.21673583984375,36.21673583984375,36.21673583984375,36.21673583984375,0,0.0,0.0
2021-11-10 00:00:00+08:00,36.071866747584735,36.071866747584735,35.311317443847656,35.311317443847656,4980,0.0,0.0
2021-11-11 00:00:00+08:00,35.311317443847656,35.311317443847656,35.311317443847656,35.311317443847656,0,0.0,0.0
2021-11-12 00:00:00+08:00,35.130231743788535,36.21673421756175,35.130231743788535,35.63726806640625,6225,0.0,0.0
2021-11-15 00:00:00+08:00,35.49240723150498,36.36160659790039,35.49240723150498,36.36160659790039,16186,0.0,0.0
2021-11-16 00:00:00+08:00,36.57890987985645,36.57890987985645,36.36160659790039,36.36160659790039,4980,0.0,0.0
2021-11-17 00:00:00+08:00,36.36160659790039,36.36160659790039,36.36160659790039,36.36160659790039,0,0.0,0.0
2021-11-18 00:00:00+08:00,36.216740975230735,36.57891082763672,36.216740975230735,36.57891082763672,12450,0.0,0.0
2021-11-19 00:00:00+08:00,36.21673583984375,36.21673583984375,36.21673583984375,36.21673583984375,3735,0.0,0.0
2021-11-22 00:00:00+08:00,36.21673401105947,36.21673401105947,35.56483459472656,35.56483459472656,4980,0.0,0.0
2021-11-23 00:00:00+08:00,35.601056964782195,36.2891731262207,35.601056964782195,36.2891731262207,2490,0.0,0.0
2021-11-24 00:00:00+08:00,36.43404082245995,36.57891082763672,36.43404082245995,36.57891082763672,3735,0.0,0.0
2021-11-25 00:00:00+08:00,36.2891731262207,36.2891731262207,36.2891731262207,36.2891731262207,1245,0.0,0.0
2021-11-26 00:00:00+08:00,36.43403565626073,36.43403565626073,36.21673583984375,36.21673583984375,2490,0.0,0.0
2021-11-29 00:00:00+08:00,36.65134027510767,37.88270950317383,36.65134027510767,37.88270950317383,3735,0.0,0.0
2021-11-30 00:00:00+08:00,37.88270950317383,37.88270950317383,37.88270950317383,37.88270950317383,0,0.0,0.0
2021-12-01 00:00:00+08:00,37.88270950317383,37.88270950317383,37.88270950317383,37.88270950317383,0,0.0,0.0
2021-12-02 00:00:00+08:00,35.49240493774414,35.85457131700324,35.49240493774414,35.49240493774414,8715,0.0,0.0
2021-12-03 00:00:00+08:00,35.49240493774414,35.49240493774414,35.49240493774414,35.49240493774414,0,0.0,0.0
2021-12-06 00:00:00+08:00,35.49240493774414,35.49240493774414,35.49240493774414,35.49240493774414,0,0.0,0.0
2021-12-07 00:00:00+08:00,36.36160357190155,36.651336669921875,36.36160357190155,36.651336669921875,4980,0.0,0.0
2021-12-08 00:00:00+08:00,36.651333059534345,36.7237663269043,36.651333059534345,36.7237663269043,2490,0.0,0.0
2021-12-09 00:00:00+08:00,36.7237663269043,36.7237663269043,36.7237663269043,36.7237663269043,0,0.0,0.0
2021-12-10 00:00:00+08:00,36.796207427978516,36.796207427978516,36.796207427978516,36.796207427978516,1245,0.0,0.0
2021-12-13 00:00:00+08:00,36.796207427978516,36.796207427978516,36.796207427978516,36.796207427978516,0,0.0,0.0
2021-12-14 00:00:00+08:00,35.74592140322551,35.74592140322551,35.49240493774414,35.49240493774414,2490,0.0,0.0
2021-12-15 00:00:00+08:00,36.21673583984375,36.21673583984375,36.18051920377425,36.21673583984375,7470,0.0,0.0
2021-12-16 00:00:00+08:00,36.21673583984375,36.21673583984375,36.21673583984375,36.21673583984375,2490,0.0,0.0
2021-12-17 00:00:00+08:00,36.21673583984375,36.21673583984375,36.21673583984375,36.21673583984375,0,0.0,0.0
2021-12-20 00:00:00+08:00,36.216737696262335,36.216737696262335,35.49240493774414,35.49240493774414,2490,0.0,0.0
2021-12-21 00:00:00+08:00,36.21673573997354,36.21673573997354,35.492403020581,36.180519104003906,4980,0.0,0.0
2021-12-22 00:00:00+08:00,36.180519104003906,36.180519104003906,36.180519104003906,36.180519104003906,1245,0.0,0.0
2021-12-23 00:00:00+08:00,36.180519104003906,36.180519104003906,36.180519104003906,36.180519104003906,0,0.0,0.0
2021-12-24 00:00:00+08:00,35.564836292520255,36.180519104003906,35.564836292520255,36.180519104003906,2490,0.0,0.0
2021-12-27 00:00:00+08:00,36.21673583984375,36.21673583984375,35.347533133819034,36.21673583984375,4980,0.0,0.0
2021-12-28 00:00:00+08:00,36.21673583984375,36.21673583984375,36.21673583984375,36.21673583984375,0,0.0,0.0
2021-12-29 00:00:00+08:00,35.13023683113132,36.14430618286133,35.13023683113132,36.14430618286133,14941,0.0,0.0
2021-12-30 00:00:00+08:00,36.18052114146644,36.796207427978516,36.18052114146644,36.796207427978516,4980,0.0,0.0
2022-01-03 00:00:00+08:00,36.289169111982744,36.289169111982744,36.21673583984375,36.21673583984375,4980,0.0,0.0
2022-01-04 00:00:00+08:00,36.07187271118164,36.07187271118164,36.07187271118164,36.07187271118164,1245,0.0,0.0
2022-01-05 00:00:00+08:00,36.07187271118164,36.07187271118164,36.07187271118164,36.07187271118164,1245,0.0,0.0
2022-01-06 00:00:00+08:00,36.07187271118164,36.07187271118164,36.07187271118164,36.07187271118164,0,0.0,0.0
2022-01-07 00:00:00+08:00,37.158374267507725,38.244876861572266,37.158374267507725,38.244876861572266,7470,0.0,0.0
2022-01-10 00:00:00+08:00,36.941070556640625,36.941070556640625,36.941070556640625,36.941070556640625,1245,0.0,0.0
2022-01-11 00:00:00+08:00,36.941070556640625,36.941070556640625,36.941070556640625,36.941070556640625,0,0.0,0.0
2022-01-12 00:00:00+08:00,36.941070556640625,36.941070556640625,36.941070556640625,36.941070556640625,0,0.0,0.0
2022-01-13 00:00:00+08:00,35.492401730168645,35.70970153808594,35.492401730168645,35.70970153808594,6225,0.0,0.0
2022-01-14 00:00:00+08:00,36.18052204637701,36.18052204637701,35.85457229614258,35.85457229614258,4980,0.0,0.0
2022-01-17 00:00:00+08:00,35.85457229614258,35.85457229614258,35.85457229614258,35.85457229614258,0,0.0,0.0
2022-01-18 00:00:00+08:00,35.85457229614258,35.85457229614258,35.85457229614258,35.85457229614258,0,0.0,0.0
2022-01-19 00:00:00+08:00,36.14430618286133,36.14430618286133,36.14430618286133,36.14430618286133,1245,0.0,0.0
2022-01-20 00:00:00+08:00,35.63726806640625,35.63726806640625,35.63726806640625,35.63726806640625,3735,0.0,0.0
2022-01-21 00:00:00+08:00,35.63726806640625,35.63726806640625,35.63726806640625,35.63726806640625,0,0.0,0.0
2022-01-24 00:00:00+08:00,33.464266333179225,35.49240493774414,33.3918330573274,35.49240493774414,4980,0.0,0.0
2022-01-25 00:00:00+08:00,35.63726909851327,35.63726909851327,34.76806640625,34.76806640625,4980,0.0,0.0
2022-01-26 00:00:00+08:00,35.85457229614258,35.85457229614258,35.85457229614258,35.85457229614258,1245,0.0,0.0
2022-02-07 00:00:00+08:00,36.651336669921875,36.651336669921875,36.651336669921875,36.651336669921875,1245,0.0,0.0
2022-02-08 00:00:00+08:00,36.651336669921875,36.651336669921875,36.651336669921875,36.651336669921875,0,0.0,0.0
2022-02-09 00:00:00+08:00,36.651336669921875,36.651336669921875,36.651336669921875,36.651336669921875,0,0.0,0.0
2022-02-10 00:00:00+08:00,36.651336669921875,36.651336669921875,36.651336669921875,36.651336669921875,0,0.0,0.0
2022-02-11 00:00:00+08:00,35.854569479148786,36.21673583984375,35.13023331740205,36.21673583984375,4980,0.0,0.0
2022-02-14 00:00:00+08:00,36.21673583984375,36.21673583984375,36.21673583984375,36.21673583984375,0,0.0,0.0
2022-02-15 00:00:00+08:00,36.2167394622451,36.2167394622451,36.14430618286133,36.14430618286133,2490,0.0,0.0
2022-02-16 00:00:00+08:00,36.14430618286133,36.14430618286133,36.14430618286133,36.14430618286133,0,0.0,0.0
2022-02-17 00:00:00+08:00,37.665409088134766,37.665409088134766,37.665409088134766,37.665409088134766,2490,0.0,0.0
2022-02-18 00:00:00+08:00,37.665409088134766,37.665409088134766,37.665409088134766,37.665409088134766,0,0.0,0.0
2022-02-21 00:00:00+08:00,37.665409088134766,37.665409088134766,37.665409088134766,37.665409088134766,0,0.0,0.0
2022-02-22 00:00:00+08:00,37.665409088134766,37.665409088134766,37.665409088134766,37.665409088134766,0,0.0,0.0
2022-02-23 00:00:00+08:00,37.665409088134766,37.665409088134766,37.665409088134766,37.665409088134766,0,0.0,0.0
2022-02-24 00:00:00+08:00,37.665409088134766,37.665409088134766,37.665409088134766,37.665409088134766,0,0.0,0.0
2022-02-25 00:00:00+08:00,36.21673583984375,36.21673583984375,36.21673583984375,36.21673583984375,2490,0.0,0.0
2022-03-01 00:00:00+08:00,36.21673583984375,36.21673583984375,36.21673583984375,36.21673583984375,0,0.0,0.0
2022-03-02 00:00:00+08:00,36.2167344232263,37.44810344178099,36.2167344232263,36.941070556640625,3735,0.0,0.0
2022-03-03 00:00:00+08:00,36.941070556640625,36.941070556640625,36.941070556640625,36.941070556640625,0,0.0,0.0
2022-03-04 00:00:00+08:00,36.941070556640625,36.941070556640625,36.941070556640625,36.941070556640625,0,0.0,0.0
2022-03-07 00:00:00+08:00,35.20267105102539,35.20267105102539,35.20267105102539,35.20267105102539,1245,0.0,0.0
2022-03-08 00:00:00+08:00,33.319400787353516,33.319400787353516,33.319400787353516,33.319400787353516,12450,0.0,0.0
2022-03-09 00:00:00+08:00,33.31939558187381,34.043731689453125,33.31939558187381,34.043731689453125,9960,0.0,0.0
2022-03-10 00:00:00+08:00,34.04373647799565,34.40590286254883,33.31940026853226,34.40590286254883,4980,0.0,0.0
2022-03-11 00:00:00+08:00,35.492403570311026,35.492403570311026,35.13023376464844,35.13023376464844,3735,0.0,0.0
2022-03-14 00:00:00+08:00,35.13023376464844,35.13023376464844,35.13023376464844,35.13023376464844,0,0.0,0.0
2022-03-15 00:00:00+08:00,32.59506255303306,32.703712463378906,32.59506255303306,32.703712463378906,2490,0.0,0.0
2022-03-16 00:00:00+08:00,32.81236267089844,32.81236267089844,32.81236267089844,32.81236267089844,1245,0.0,0.0
2022-03-17 00:00:00+08:00,32.81236267089844,32.81236267089844,32.81236267089844,32.81236267089844,0,0.0,0.0
2022-03-18 00:00:00+08:00,31.943160073794022,34.043731689453125,31.943160073794022,34.043731689453125,3735,0.0,0.0
2022-03-21 00:00:00+08:00,34.043731689453125,34.043731689453125,34.043731689453125,34.043731689453125,0,0.0,0.0
2022-03-22 00:00:00+08:00,34.043731689453125,34.043731689453125,34.043731689453125,34.043731689453125,0,0.0,0.0
2022-03-23 00:00:00+08:00,34.043731689453125,34.043731689453125,34.043731689453125,34.043731689453125,1245,0.0,0.0
2022-03-24 00:00:00+08:00,34.043731689453125,34.043731689453125,34.043731689453125,34.043731689453125,0,0.0,0.0
2022-03-25 00:00:00+08:00,34.043731689453125,34.043731689453125,34.043731689453125,34.043731689453125,0,0.0,0.0
2022-03-28 00:00:00+08:00,34.043731689453125,34.043731689453125,34.043731689453125,34.043731689453125,1245,0.0,0.0
2022-03-29 00:00:00+08:00,34.043731689453125,34.043731689453125,34.043731689453125,34.043731689453125,0,0.0,0.0
2022-03-30 00:00:00+08:00,34.043731689453125,34.043731689453125,34.043731689453125,34.043731689453125,0,0.0,0.0
2022-03-31 00:00:00+08:00,34.98537063598633,34.98537063598633,34.98537063598633,34.98537063598633,1245,0.0,0.0
2022-04-01 00:00:00+08:00,34.98537063598633,34.98537063598633,34.98537063598633,34.98537063598633,0,0.0,0.0
2022-04-06 00:00:00+08:00,34.98537063598633,34.98537063598633,34.98537063598633,34.98537063598633,0,0.0,0.0
2022-04-07 00:00:00+08:00,34.98537063598633,34.98537063598633,34.98537063598633,34.98537063598633,0,0.0,0.0
2022-04-08 00:00:00+08:00,35.492405906993206,35.85457229614258,34.94915288291208,35.85457229614258,4980,0.0,0.0
2022-04-11 00:00:00+08:00,35.130237003524314,35.130237003524314,34.768070604828196,34.91293716430664,9960,0.0,0.0
2022-04-12 00:00:00+08:00,35.45618438720703,35.45618438720703,35.45618438720703,35.45618438720703,1245,0.0,0.0
2022-04-13 00:00:00+08:00,35.45618438720703,35.45618438720703,35.45618438720703,35.45618438720703,1245,0.0,0.0
2022-04-14 00:00:00+08:00,35.85457229614258,35.85457229614258,35.85457229614258,35.85457229614258,2490,0.0,0.0
2022-04-15 00:00:00+08:00,35.49240493774414,35.49240493774414,35.49240493774414,35.49240493774414,1245,0.0,0.0
2022-04-18 00:00:00+08:00,35.49240493774414,35.49240493774414,35.49240493774414,35.49240493774414,0,0.0,0.0
2022-04-19 00:00:00+08:00,35.49240493774414,35.49240493774414,35.49240493774414,35.49240493774414,0,0.0,0.0
2022-04-20 00:00:00+08:00,35.49240493774414,35.49240493774414,35.49240493774414,35.49240493774414,0,0.0,0.0
2022-04-21 00:00:00+08:00,35.49240493774414,35.49240493774414,35.49240493774414,35.49240493774414,0,0.0,0.0
2022-04-22 00:00:00+08:00,35.49240493774414,35.49240493774414,35.49240493774414,35.49240493774414,0,0.0,0.0
2022-04-25 00:00:00+08:00,35.49240493774414,35.49240493774414,35.49240493774414,35.49240493774414,0,0.0,0.0
2022-04-26 00:00:00+08:00,35.49240493774414,35.49240493774414,35.49240493774414,35.49240493774414,1245,0.0,0.0
2022-04-27 00:00:00+08:00,34.11616516113281,34.11616516113281,34.11616516113281,34.11616516113281,1245,0.0,0.0
2022-04-28 00:00:00+08:00,35.49240493774414,35.49240493774414,35.49240493774414,35.49240493774414,1245,0.0,0.0
2022-04-29 00:00:00+08:00,35.49240493774414,35.49240493774414,35.49240493774414,35.49240493774414,0,0.0,0.0
2022-05-03 00:00:00+08:00,35.49240493774414,35.49240493774414,35.49240493774414,35.49240493774414,2490,0.0,0.0
2022-05-04 00:00:00+08:00,35.49240493774414,35.49240493774414,35.49240493774414,35.49240493774414,0,0.0,0.0
2022-05-05 00:00:00+08:00,35.49240493774414,35.49240493774414,35.49240493774414,35.49240493774414,0,0.0,0.0
2022-05-06 00:00:00+08:00,35.49240493774414,35.49240493774414,35.49240493774414,35.49240493774414,1245,0.0,0.0
2022-05-09 00:00:00+08:00,35.49240493774414,35.49240493774414,35.45618485946125,35.49240493774414,4980,0.0,0.0
2022-05-10 00:00:00+08:00,35.49240493774414,35.49240493774414,35.49240493774414,35.49240493774414,0,0.0,0.0
2022-05-11 00:00:00+08:00,34.188598435594585,34.188598435594585,34.11616516113281,34.11616516113281,2490,0.0,0.0
2022-05-12 00:00:00+08:00,34.623199462890625,34.623199462890625,34.623199462890625,34.623199462890625,6225,0.0,0.0
2022-05-13 00:00:00+08:00,34.7680673993427,35.13023376464844,34.7680673993427,35.13023376464844,2490,0.0,0.0
2022-05-16 00:00:00+08:00,34.623199462890625,34.623199462890625,34.623199462890625,34.623199462890625,1245,0.0,0.0
2022-05-17 00:00:00+08:00,34.7680673993427,35.13023376464844,34.7680673993427,35.13023376464844,8715,0.0,0.0
2022-05-18 00:00:00+08:00,35.13023511812806,35.49240493774414,35.13023511812806,35.49240493774414,6225,0.0,0.0
2022-05-19 00:00:00+08:00,35.49240493774414,35.49240493774414,35.49240493774414,35.49240493774414,1245,0.0,0.0
2022-05-20 00:00:00+08:00,35.492405906993206,35.85457229614258,35.492405906993206,35.85457229614258,3735,0.0,0.0
2022-05-23 00:00:00+08:00,35.85457229614258,35.85457229614258,35.85457229614258,35.85457229614258,0,0.0,0.0
2022-05-24 00:00:00+08:00,35.85457229614258,35.85457229614258,35.85457229614258,35.85457229614258,2490,0.0,0.0
2022-05-25 00:00:00+08:00,36.21673583984375,36.21673583984375,36.21673583984375,36.21673583984375,2490,0.0,0.0
2022-05-26 00:00:00+08:00,36.2167344232263,36.941070556640625,36.2167344232263,36.941070556640625,7470,0.0,0.0
2022-05-27 00:00:00+08:00,36.941070556640625,36.941070556640625,36.941070556640625,36.941070556640625,0,0.0,0.0
2022-05-30 00:00:00+08:00,36.941070556640625,36.941070556640625,36.941070556640625,36.941070556640625,0,0.0,0.0
2022-05-31 00:00:00+08:00,36.57891082763672,36.57891082763672,36.57891082763672,36.57891082763672,3735,0.0,0.0
2022-06-01 00:00:00+08:00,36.57891082763672,36.57891082763672,36.57891082763672,36.57891082763672,0,0.0,0.0
2022-06-02 00:00:00+08:00,36.57891082763672,36.57891082763672,36.57891082763672,36.57891082763672,0,0.0,0.0
2022-06-06 00:00:00+08:00,36.21673583984375,36.21673583984375,36.21673583984375,36.21673583984375,3735,0.0,0.0
2022-06-07 00:00:00+08:00,36.21673583984375,36.21673583984375,36.21673583984375,36.21673583984375,0,0.0,0.0
2022-06-08 00:00:00+08:00,36.21673583984375,36.21673583984375,36.21673583984375,36.21673583984375,2490,0.0,0.0
2022-06-09 00:00:00+08:00,36.28916769253207,36.941070556640625,36.28916769253207,36.941070556640625,3735,0.0,0.0
2022-06-10 00:00:00+08:00,36.578904210111794,36.941070556640625,35.492401730168645,36.941070556640625,8715,0.0,0.0
2022-06-13 00:00:00+08:00,36.941070556640625,36.941070556640625,36.941070556640625,36.941070556640625,0,0.0,0.0
2022-06-14 00:00:00+08:00,36.941070556640625,36.941070556640625,36.941070556640625,36.941070556640625,0,0.0,0.0
2022-06-15 00:00:00+08:00,36.941070556640625,36.941070556640625,36.941070556640625,36.941070556640625,0,0.0,0.0
2022-06-16 00:00:00+08:00,36.21673583984375,36.21673583984375,36.21673583984375,36.21673583984375,7470,0.0,0.0
2022-06-17 00:00:00+08:00,36.21673423085566,36.21673423085566,35.85456788625053,38.100006103515625,8715,0.0,0.0
2022-06-20 00:00:00+08:00,36.2891731262207,36.2891731262207,36.2891731262207,36.2891731262207,1245,0.0,0.0
2022-06-21 00:00:00+08:00,36.57891082763672,36.57891082763672,36.57891082763672,36.57891082763672,1245,0.0,0.0
2022-06-22 00:00:00+08:00,37.66540694008734,37.66540694008734,36.43403780088531,36.8686408996582,7470,0.0,0.0
2022-06-23 00:00:00+08:00,36.8686408996582,36.8686408996582,36.8686408996582,36.8686408996582,0,0.0,0.0
2022-06-24 00:00:00+08:00,36.796207427978516,36.796207427978516,36.796207427978516,36.796207427978516,9960,0.0,0.0
2022-06-27 00:00:00+08:00,38.615820808598215,38.615820808598215,38.53935623168945,38.53935623168945,2417,0.992692,1.03
2022-06-28 00:00:00+08:00,38.9981575012207,38.9981575012207,38.9981575012207,38.9981575012207,1208,0.0,0.0
2022-06-29 00:00:00+08:00,38.9981575012207,38.9981575012207,38.9981575012207,38.9981575012207,0,0.0,0.0
2022-06-30 00:00:00+08:00,39.762829764663344,39.762829764663344,36.97178268432617,36.97178268432617,2417,0.0,0.0
2022-07-01 00:00:00+08:00,37.62175750732422,37.62175750732422,37.62175750732422,37.62175750732422,1208,0.0,0.0
2022-07-04 00:00:00+08:00,37.62175750732422,37.62175750732422,37.62175750732422,37.62175750732422,1208,0.0,0.0
2022-07-05 00:00:00+08:00,37.62175750732422,37.62175750732422,37.62175750732422,37.62175750732422,3626,0.0,0.0
2022-07-06 00:00:00+08:00,37.62175750732422,37.62175750732422,37.62175750732422,37.62175750732422,0,0.0,0.0
2022-07-07 00:00:00+08:00,33.874869770290644,36.70414733886719,33.874869770290644,36.70414733886719,21759,0.0,0.0
2022-07-08 00:00:00+08:00,36.47474478053782,36.47474478053782,35.25127279178291,35.633609771728516,9670,0.0,0.0
2022-07-11 00:00:00+08:00,37.08648681640625,37.08648681640625,37.08648681640625,37.08648681640625,1208,0.0,0.0
2022-07-12 00:00:00+08:00,38.19525477904455,38.19525477904455,37.92761993408203,37.92761993408203,2417,0.0,0.0
2022-07-13 00:00:00+08:00,37.92761993408203,37.92761993408203,37.92761993408203,37.92761993408203,0,0.0,0.0
2022-07-14 00:00:00+08:00,37.92761993408203,37.92761993408203,37.92761993408203,37.92761993408203,0,0.0,0.0
2022-07-15 00:00:00+08:00,38.23348617553711,38.23348617553711,38.23348617553711,38.23348617553711,1208,0.0,0.0
2022-07-18 00:00:00+08:00,38.23348617553711,38.23348617553711,38.23348617553711,38.23348617553711,0,0.0,0.0
2022-07-19 00:00:00+08:00,38.23348617553711,38.23348617553711,38.23348617553711,38.23348617553711,0,0.0,0.0
2022-07-20 00:00:00+08:00,38.23348867456504,38.23348867456504,38.157020568847656,38.157020568847656,3626,0.0,0.0
2022-07-21 00:00:00+08:00,38.157020568847656,38.157020568847656,38.157020568847656,38.157020568847656,0,0.0,0.0
2022-07-22 00:00:00+08:00,37.468814849853516,37.468814849853516,37.468814849853516,37.468814849853516,1208,0.0,0.0
2022-07-25 00:00:00+08:00,36.780612538306364,37.468814849853516,36.780612538306364,37.468814849853516,2417,0.0,0.0
2022-07-26 00:00:00+08:00,38.23349049164907,38.23349049164907,37.5452880859375,37.5452880859375,2417,0.0,0.0
2022-07-27 00:00:00+08:00,37.5452880859375,37.5452880859375,37.5452880859375,37.5452880859375,0,0.0,0.0
2022-07-28 00:00:00+08:00,37.5452880859375,37.5452880859375,37.5452880859375,37.5452880859375,0,0.0,0.0
2022-07-29 00:00:00+08:00,38.00408935546875,38.00408935546875,38.00408935546875,38.00408935546875,1208,0.0,0.0
2022-08-01 00:00:00+08:00,38.00408935546875,38.00408935546875,38.00408935546875,38.00408935546875,0,0.0,0.0
2022-08-02 00:00:00+08:00,38.00408886075143,38.309957765334886,37.736454010009766,37.736454010009766,19341,0.0,0.0
2022-08-03 00:00:00+08:00,38.23348617553711,38.23348617553711,38.23348617553711,38.23348617553711,7253,0.0,0.0
2022-08-04 00:00:00+08:00,38.23348617553711,38.23348617553711,38.23348617553711,38.23348617553711,1208,0.0,0.0
2022-08-05 00:00:00+08:00,40.90983091305482,40.90983091305482,38.23348617553711,38.23348617553711,3626,0.0,0.0
2022-08-08 00:00:00+08:00,38.23348617553711,38.23348617553711,38.23348617553711,38.23348617553711,1208,0.0,0.0
2022-08-09 00:00:00+08:00,38.23348617553711,38.23348617553711,38.23348617553711,38.23348617553711,0,0.0,0.0
2022-08-10 00:00:00+08:00,38.23348617553711,38.38641885082506,38.23348617553711,38.23348617553711,4835,0.0,0.0
2022-08-11 00:00:00+08:00,38.845223786344434,38.99815646107079,38.462886810302734,38.462886810302734,13297,0.0,0.0
2022-08-12 00:00:00+08:00,41.67450261716693,41.67450261716693,38.53935623168945,38.53935623168945,7253,0.0,0.0
2022-08-15 00:00:00+08:00,38.53935623168945,38.53935623168945,38.53935623168945,38.53935623168945,1208,0.0,0.0
2022-08-16 00:00:00+08:00,38.998159682587946,39.609893958177395,38.998159682587946,39.3804931640625,4835,0.0,0.0
2022-08-17 00:00:00+08:00,38.998159682587946,40.60396524139222,38.53935809435816,39.3804931640625,13297,0.0,0.0
2022-08-18 00:00:00+08:00,38.9981575012207,38.9981575012207,38.9981575012207,38.9981575012207,1208,0.0,0.0
2022-08-19 00:00:00+08:00,38.615821838378906,38.615821838378906,37.851154891995755,38.615821838378906,7253,0.0,0.0
2022-08-22 00:00:00+08:00,38.615821838378906,38.615821838378906,38.615821838378906,38.615821838378906,0,0.0,0.0
2022-08-23 00:00:00+08:00,38.615821838378906,38.615821838378906,38.615821838378906,38.615821838378906,0,0.0,0.0
2022-08-24 00:00:00+08:00,38.615821838378906,38.615821838378906,38.615821838378906,38.615821838378906,1208,0.0,0.0
2022-08-25 00:00:00+08:00,39.22756129416461,40.22163259809485,39.22756129416461,40.145164489746094,7253,0.0,0.0
2022-08-26 00:00:00+08:00,41.29216848422295,42.82150949429268,41.29216848422295,42.05683898925781,18132,0.0,0.0
2022-08-29 00:00:00+08:00,42.05683898925781,42.05683898925781,42.05683898925781,42.05683898925781,3626,0.0,0.0
2022-08-30 00:00:00+08:00,42.05683898925781,42.05683898925781,42.05683898925781,42.05683898925781,0,0.0,0.0
2022-08-31 00:00:00+08:00,42.05683898925781,42.05683898925781,42.05683898925781,42.05683898925781,0,0.0,0.0
2022-09-01 00:00:00+08:00,44.96258031386635,44.96258031386635,44.886112213134766,44.886112213134766,2417,0.0,0.0
2022-09-02 00:00:00+08:00,42.05683898925781,42.05683898925781,41.29216848422295,42.05683898925781,9670,0.0,0.0
2022-09-05 00:00:00+08:00,42.05683898925781,42.05683898925781,41.368636592571704,42.05683898925781,4835,0.0,0.0
2022-09-06 00:00:00+08:00,44.886115315273706,44.886115315273706,43.73911135578177,44.35084915161133,35056,0.0,0.0
2022-09-07 00:00:00+08:00,44.35084899528714,45.49785295073621,44.35084899528714,44.58024978637695,14506,0.0,0.0
2022-09-08 00:00:00+08:00,45.88018798828125,45.88018798828125,43.73911268987416,45.88018798828125,30220,0.0,0.0
2022-09-12 00:00:00+08:00,47.027188229096055,47.7918586730957,47.027188229096055,47.7918586730957,10879,0.0,0.0
2022-09-13 00:00:00+08:00,45.11551237366396,48.174190521240234,44.80964350106118,48.174190521240234,22967,0.0,0.0
2022-09-14 00:00:00+08:00,46.4919217850379,46.568389892578125,46.26252098856809,46.568389892578125,10879,0.0,0.0
2022-09-15 00:00:00+08:00,45.880186206609615,46.491920471191406,45.72725352200185,46.491920471191406,3626,0.0,0.0
2022-09-16 00:00:00+08:00,46.491920471191406,46.491920471191406,46.491920471191406,46.491920471191406,0,0.0,0.0
2022-09-19 00:00:00+08:00,45.88018798828125,46.644858493316114,45.72725529773464,45.88018798828125,12088,0.0,0.0
2022-09-20 00:00:00+08:00,45.88018798828125,45.88018798828125,45.88018798828125,45.88018798828125,0,0.0,0.0
2022-09-21 00:00:00+08:00,45.42138556427805,45.880187153723206,45.03904855563985,45.115516662597656,4835,0.0,0.0
2022-09-22 00:00:00+08:00,45.115516662597656,45.115516662597656,45.115516662597656,45.115516662597656,0,0.0,0.0
2022-09-23 00:00:00+08:00,45.115516189936855,45.880186673051206,44.35084923297331,45.80371856689453,8461,0.0,0.0
2022-09-26 00:00:00+08:00,44.427317296314115,44.427317296314115,42.82151162417595,42.897979736328125,7253,0.0,0.0
2022-09-27 00:00:00+08:00,45.88018642716897,46.644856906185275,44.35084899528714,44.58024978637695,8461,0.0,0.0
2022-09-28 00:00:00+08:00,42.43916995887978,42.821506951771454,40.52749557287347,42.133304595947266,8461,0.0,0.0
2022-09-29 00:00:00+08:00,43.58617560748603,43.58617560748603,42.74503707885742,42.74503707885742,4835,0.0,0.0
2022-09-30 00:00:00+08:00,43.20383834838867,43.20383834838867,43.20383834838867,43.20383834838867,1208,0.0,0.0
2022-10-03 00:00:00+08:00,43.20383834838867,43.20383834838867,43.20383834838867,43.20383834838867,1208,0.0,0.0
2022-10-04 00:00:00+08:00,43.20384082939987,43.586177825927734,43.20384082939987,43.586177825927734,4835,0.0,0.0
2022-10-05 00:00:00+08:00,47.944793701171875,47.944793701171875,47.944793701171875,47.944793701171875,123301,0.0,0.0
2022-10-06 00:00:00+08:00,50.85053941508849,51.23287641890166,47.71539290934429,47.944793701171875,124509,0.0,0.0
2022-10-07 00:00:00+08:00,49.09179649838938,49.09179649838938,47.333054911563515,47.409523010253906,41100,0.0,0.0
2022-10-11 00:00:00+08:00,45.11551987344128,45.11551987344128,44.1214485168457,44.1214485168457,25385,0.0,0.0
2022-10-12 00:00:00+08:00,44.121443979225596,44.121443979225596,42.439170362494856,43.586177825927734,20550,0.0,0.0
2022-10-13 00:00:00+08:00,43.28030762402755,43.509708404541016,41.368633277698514,43.509708404541016,26594,0.0,0.0
2022-10-14 00:00:00+08:00,42.821511277430616,43.43324559124131,42.821511277430616,43.356781005859375,9670,0.0,0.0
2022-10-17 00:00:00+08:00,42.74504316589764,43.356781005859375,42.74504316589764,43.356781005859375,2417,0.0,0.0
2022-10-18 00:00:00+08:00,44.35084915161133,44.35084915161133,44.35084915161133,44.35084915161133,1208,0.0,0.0
2022-10-19 00:00:00+08:00,44.274381045594936,44.35084915161133,44.274381045594936,44.35084915161133,4835,0.0,0.0
2022-10-20 00:00:00+08:00,42.897977436137296,42.897977436137296,42.28623962402344,42.28623962402344,6044,0.0,0.0
2022-10-21 00:00:00+08:00,42.05683915428772,42.05683915428772,41.82743835449219,41.82743835449219,7253,0.0,0.0
2022-10-24 00:00:00+08:00,43.81557861338417,44.35084829283275,43.586177825927734,43.586177825927734,3626,0.0,0.0
2022-10-25 00:00:00+08:00,42.821508478683164,42.821508478683164,41.44510371795552,41.521568298339844,14506,0.0,0.0
2022-10-26 00:00:00+08:00,41.13923661892682,41.13923661892682,40.90983581542969,40.90983581542969,3626,0.0,0.0
2022-10-27 00:00:00+08:00,40.986297607421875,40.986297607421875,40.986297607421875,40.986297607421875,1208,0.0,0.0
2022-10-28 00:00:00+08:00,40.986297607421875,40.986297607421875,40.986297607421875,40.986297607421875,0,0.0,0.0
2022-10-31 00:00:00+08:00,43.050906988489416,44.35084709987703,42.82150620720344,43.28030776977539,13297,0.0,0.0
2022-11-01 00:00:00+08:00,43.356781356939024,44.04498378785539,42.897979736328125,42.897979736328125,12088,0.0,0.0
2022-11-02 00:00:00+08:00,43.81557773466964,43.81557773466964,42.82150650024414,42.82150650024414,12088,0.0,0.0
2022-11-03 00:00:00+08:00,43.50970972139202,43.586177825927734,43.50970972139202,43.586177825927734,7253,0.0,0.0
2022-11-04 00:00:00+08:00,43.586177825927734,43.586177825927734,43.586177825927734,43.586177825927734,2417,0.0,0.0
2022-11-07 00:00:00+08:00,43.586177825927734,43.586177825927734,43.586177825927734,43.586177825927734,3626,0.0,0.0
2022-11-08 00:00:00+08:00,41.75096560254662,43.20383834838867,41.75096560254662,43.20383834838867,12088,0.0,0.0
2022-11-09 00:00:00+08:00,43.203845132634676,43.203845132634676,42.82151162417595,42.897979736328125,3626,0.0,0.0
2022-11-10 00:00:00+08:00,41.674503326416016,41.674503326416016,41.674503326416016,41.674503326416016,1208,0.0,0.0
2022-11-11 00:00:00+08:00,42.821507359022725,43.586177825927734,42.821507359022725,43.586177825927734,4835,0.0,0.0
2022-11-14 00:00:00+08:00,43.586177825927734,43.586177825927734,43.586177825927734,43.586177825927734,0,0.0,0.0
2022-11-15 00:00:00+08:00,43.586177825927734,43.586177825927734,43.586177825927734,43.586177825927734,0,0.0,0.0
2022-11-16 00:00:00+08:00,44.35084794449869,46.644855801045736,43.968510950973716,46.18605422973633,36265,0.0,0.0
2022-11-17 00:00:00+08:00,45.115516662597656,45.115516662597656,45.115516662597656,45.115516662597656,10879,0.0,0.0
2022-11-18 00:00:00+08:00,47.409526894047886,47.409526894047886,45.26845169067383,45.26845169067383,36265,0.0,0.0
2022-11-21 00:00:00+08:00,44.35084696432318,47.7918586730957,44.35084696432318,47.7918586730957,10879,0.0,0.0
2022-11-22 00:00:00+08:00,45.95665329468404,45.95665329468404,45.95665329468404,46.41545486450195,1208,0.0,0.0
2022-11-23 00:00:00+08:00,46.491918264799786,46.491918264799786,46.10958480834961,46.10958480834961,2417,0.0,0.0
2022-11-24 00:00:00+08:00,46.10958480834961,46.26251748569956,45.880184029249385,46.10958480834961,4835,0.0,0.0
2022-11-25 00:00:00+08:00,47.3330580041378,47.3330580041378,46.41545486450195,46.41545486450195,3626,0.0,0.0
2022-11-28 00:00:00+08:00,47.71539252650575,47.71539252650575,45.268451942027816,46.491920471191406,36265,0.0,0.0
2022-11-29 00:00:00+08:00,46.644858980909355,49.70353750687125,45.880188467881155,47.103660583496094,36265,0.0,0.0
2022-11-30 00:00:00+08:00,49.244733872295384,49.244733872295384,46.87425784802673,47.944793701171875,33847,0.0,0.0
2022-12-01 00:00:00+08:00,48.5565299987793,48.63299810241295,47.18012529027769,48.5565299987793,32638,0.0,0.0
2022-12-02 00:00:00+08:00,48.480061895145646,50.31526817314779,48.480061895145646,48.5565299987793,43518,0.0,0.0
2022-12-05 00:00:00+08:00,47.868329278895246,48.32713086406063,47.71539306640625,47.71539306640625,20550,0.0,0.0
2022-12-06 00:00:00+08:00,47.71539306640625,48.09773007147793,47.71539306640625,47.71539306640625,9670,0.0,0.0
2022-12-07 00:00:00+08:00,50.46820558656086,51.232876062720266,48.17419415808264,48.86240005493164,55606,0.0,0.0
2022-12-08 00:00:00+08:00,48.63299871487031,49.0153321855521,46.950725096799154,47.6389274597168,42309,0.0,0.0
2022-12-09 00:00:00+08:00,47.79186248779297,49.70353698730469,47.79186248779297,49.70353698730469,53188,0.0,0.0
2022-12-12 00:00:00+08:00,49.70353698730469,49.70353698730469,49.39766808006056,49.70353698730469,14506,0.0,0.0
2022-12-13 00:00:00+08:00,50.2388053642208,50.2388053642208,48.938865187440385,49.62706756591797,14506,0.0,0.0
2022-12-14 00:00:00+08:00,49.550604296758074,49.70353698730469,49.550604296758074,49.70353698730469,6044,0.0,0.0
2022-12-15 00:00:00+08:00,50.31526994439555,50.31526994439555,49.321202192917355,49.62706756591797,6044,0.0,0.0
2022-12-16 00:00:00+08:00,48.403602600097656,48.403602600097656,48.403602600097656,48.403602600097656,2417,0.0,0.0
2022-12-19 00:00:00+08:00,49.55060530646766,49.62706989022366,48.32713317871094,48.32713317871094,18132,0.0,0.0
2022-12-20 00:00:00+08:00,48.48006716205843,48.48006716205843,46.186059065332906,46.26252365112305,21759,0.0,0.0
2022-12-21 00:00:00+08:00,47.25659310938265,47.33306121826172,46.79779150841007,47.33306121826172,13297,0.0,0.0
2022-12-22 00:00:00+08:00,47.33306121826172,47.71539471035522,47.33306121826172,47.33306121826172,4835,0.0,0.0
2022-12-23 00:00:00+08:00,47.86833190917969,47.86833190917969,47.86833190917969,47.86833190917969,1208,0.0,0.0
2022-12-26 00:00:00+08:00,47.944793701171875,47.944793701171875,47.944793701171875,47.944793701171875,1208,0.0,0.0
2022-12-27 00:00:00+08:00,47.94479401833081,47.94479401833081,47.485992431640625,47.485992431640625,7253,0.0,0.0
2022-12-28 00:00:00+08:00,47.485992431640625,47.485992431640625,47.485992431640625,47.485992431640625,0,0.0,0.0
2022-12-29 00:00:00+08:00,48.632999420166016,48.632999420166016,48.632999420166016,48.632999420166016,1208,0.0,0.0
2022-12-30 00:00:00+08:00,49.70353765617198,49.70353765617198,48.78593444824219,48.78593444824219,3626,0.0,0.0
2023-01-03 00:00:00+08:00,48.17419415808264,48.93886463424205,48.17419415808264,48.86240005493164,3626,0.0,0.0
2023-01-04 00:00:00+08:00,48.93886463424205,48.93886463424205,47.48599178738441,48.86240005493164,8461,0.0,0.0
2023-01-05 00:00:00+08:00,48.174193006761726,48.5565299987793,48.174193006761726,48.5565299987793,2417,0.0,0.0
2023-01-06 00:00:00+08:00,47.715393546786,47.715393546786,46.6448576793393,47.027191162109375,18132,0.0,0.0
2023-01-09 00:00:00+08:00,46.797788887605854,48.02126093039858,46.797788887605854,47.6389274597168,20550,0.0,0.0
2023-01-10 00:00:00+08:00,47.409523010253906,47.409523010253906,47.409523010253906,47.409523010253906,2417,0.0,0.0
2023-01-11 00:00:00+08:00,47.562461853027344,47.562461853027344,47.562461853027344,47.562461853027344,1208,0.0,0.0
2023-01-12 00:00:00+08:00,47.56245568148424,47.56245568148424,47.027186042952394,47.409523010253906,4835,0.0,0.0
2023-01-13 00:00:00+08:00,47.409523010253906,47.409523010253906,47.409523010253906,47.409523010253906,2417,0.0,0.0
2023-01-16 00:00:00+08:00,47.409523010253906,47.409523010253906,47.409523010253906,47.409523010253906,0,0.0,0.0
2023-01-17 00:00:00+08:00,48.938865661621094,48.938865661621094,48.938865661621094,48.938865661621094,1208,0.0,0.0
2023-01-30 00:00:00+08:00,48.938865661621094,49.550603465851204,48.938865661621094,48.938865661621094,8461,0.0,0.0
2023-01-31 00:00:00+08:00,48.93886346464618,48.93886346464618,48.5565299987793,48.5565299987793,14506,0.0,0.0
2023-02-01 00:00:00+08:00,48.55653217859041,49.01533376868757,48.55653217859041,48.938865661621094,7253,0.0,0.0
2023-02-02 00:00:00+08:00,48.938865661621094,48.938865661621094,48.938865661621094,48.938865661621094,0,0.0,0.0
2023-02-03 00:00:00+08:00,48.938865661621094,48.938865661621094,48.938865661621094,48.938865661621094,0,0.0,0.0
2023-02-06 00:00:00+08:00,48.93886346464618,48.93886346464618,47.86832764452849,48.5565299987793,6044,0.0,0.0
2023-02-07 00:00:00+08:00,48.5565299987793,48.5565299987793,48.5565299987793,48.5565299987793,3626,0.0,0.0
2023-02-08 00:00:00+08:00,48.78593444824219,48.93886714084684,48.78593444824219,48.78593444824219,10879,0.0,0.0
2023-02-09 00:00:00+08:00,48.55653316038794,48.55653316038794,47.562461853027344,47.562461853027344,21759,0.0,0.0
2023-02-10 00:00:00+08:00,47.027191323020894,47.027191323020894,45.956655451911175,46.79779052734375,27803,0.0,0.0
2023-02-13 00:00:00+08:00,46.26252082871347,46.79779052734375,46.033120033036326,46.79779052734375,4835,0.0,0.0
2023-02-14 00:00:00+08:00,46.79779052734375,46.79779052734375,46.79779052734375,46.79779052734375,1208,0.0,0.0
2023-02-15 00:00:00+08:00,46.79779052734375,46.79779052734375,46.79779052734375,46.79779052734375,4835,0.0,0.0
2023-02-16 00:00:00+08:00,46.644858654279375,46.644858654279375,46.644858654279375,47.562461853027344,9670,0.0,0.0
2023-02-17 00:00:00+08:00,47.33305552927072,48.174190521240234,47.33305552927072,48.174190521240234,6044,0.0,0.0
2023-02-20 00:00:00+08:00,48.709460166757474,48.709460166757474,47.48598820249686,48.174190521240234,35056,0.0,0.0
2023-02-21 00:00:00+08:00,48.785931641910715,49.015332430697256,48.785931641910715,49.32120132446289,26594,0.0,0.0
2023-02-22 00:00:00+08:00,48.785930783529565,48.785930783529565,48.5565299987793,48.5565299987793,3626,0.0,0.0
2023-02-23 00:00:00+08:00,46.87425512778865,48.48006057739258,46.87425512778865,48.48006057739258,3626,0.0,0.0
2023-02-24 00:00:00+08:00,47.86833157157104,48.32713317871094,47.86833157157104,48.32713317871094,4835,0.0,0.0
2023-03-01 00:00:00+08:00,48.32713317871094,48.32713317871094,48.32713317871094,48.32713317871094,0,0.0,0.0
2023-03-02 00:00:00+08:00,47.79185954089484,48.5565299987793,47.48599065251093,48.5565299987793,12088,0.0,0.0
2023-03-03 00:00:00+08:00,48.174194702637244,49.62706756591797,48.174194702637244,49.62706756591797,4835,0.0,0.0
2023-03-06 00:00:00+08:00,49.24473190307617,49.24473190307617,49.24473190307617,49.24473190307617,2417,0.0,0.0
2023-03-07 00:00:00+08:00,49.2447332194838,49.85647100701507,48.938864325718164,49.32120132446289,58024,0.0,0.0
2023-03-08 00:00:00+08:00,48.250663926983606,50.468207326450376,48.250663926983606,49.93293762207031,38682,0.0,0.0
2023-03-09 00:00:00+08:00,49.93293422763247,54.903286866910925,49.93293422763247,53.52688217163086,163192,0.0,0.0
2023-03-10 00:00:00+08:00,53.5268843313248,56.05029304115234,53.5268843313248,54.36802291870117,170445,0.0,0.0
2023-03-13 00:00:00+08:00,56.81496311164697,57.197300112653195,55.132689475211556,56.967899322509766,135389,0.0,0.0
2023-03-14 00:00:00+08:00,56.96790166526784,56.96790166526784,55.43856065065157,55.20915985107422,51979,0.0,0.0
2023-03-15 00:00:00+08:00,56.58556043590466,56.58556043590466,55.43855652340909,55.6679573059082,29012,0.0,0.0
2023-03-16 00:00:00+08:00,56.585565161696834,56.585565161696834,54.520957946777344,54.520957946777344,29012,0.0,0.0
2023-03-17 00:00:00+08:00,54.29155044975718,55.285621643066406,54.29155044975718,55.285621643066406,19341,0.0,0.0
2023-03-20 00:00:00+08:00,55.43855697030803,55.43855697030803,54.97975540161133,54.97975540161133,18132,0.0,0.0
2023-03-21 00:00:00+08:00,55.05622699639786,55.438560485839844,55.05622699639786,55.438560485839844,12088,0.0,0.0
2023-03-22 00:00:00+08:00,55.438560485839844,55.82089397528183,55.05622699639786,55.438560485839844,19341,0.0,0.0
2023-03-23 00:00:00+08:00,55.43855885578411,56.35616202438538,55.43855885578411,55.820892333984375,25385,0.0,0.0
2023-03-24 00:00:00+08:00,56.509094331824784,61.40298226106641,56.509094331824784,60.79124450683594,88244,0.0,0.0
2023-03-27 00:00:00+08:00,60.40891221866286,60.79124567780858,58.49723434448242,58.49723434448242,49562,0.0,0.0
2023-03-28 00:00:00+08:00,58.65017054906121,61.938246055245735,58.49723434448242,58.49723434448242,29012,0.0,0.0
2023-03-29 00:00:00+08:00,58.72663879394531,58.72663879394531,58.72663879394531,58.72663879394531,6044,0.0,0.0
2023-03-30 00:00:00+08:00,58.726636567216815,60.026573181152344,58.726636567216815,60.026573181152344,16923,0.0,0.0
2023-03-31 00:00:00+08:00,59.26190624408471,60.026573181152344,59.18543813991767,60.026573181152344,33847,0.0,0.0
2023-04-06 00:00:00+08:00,59.41484602279207,60.71478271484375,59.338377914029884,60.71478271484375,8461,0.0,0.0
2023-04-07 00:00:00+08:00,61.173578850221986,61.173578850221986,60.02657142585984,61.097110748291016,41100,0.0,0.0
2023-04-10 00:00:00+08:00,62.320588202144606,62.702921671323736,59.7971760218801,61.93824768066406,47144,0.0,0.0
2023-04-11 00:00:00+08:00,62.47351780441266,62.47351780441266,61.555914650911724,61.7088508605957,10879,0.0,0.0
2023-04-12 00:00:00+08:00,62.244120717924744,62.244120717924744,60.17951009056781,61.02064514160156,35056,0.0,0.0
2023-04-13 00:00:00+08:00,61.02064456942095,61.02064456942095,60.255977630615234,60.255977630615234,4835,0.0,0.0
2023-04-14 00:00:00+08:00,60.56184531384839,61.938250087765205,60.56184531384839,60.86771774291992,14506,0.0,0.0
2023-04-17 00:00:00+08:00,60.10304425198192,61.70885336184773,59.720710764576275,61.63238525390625,26594,0.0,0.0
2023-04-18 00:00:00+08:00,64.23226566240778,64.23226566240778,61.63238525390625,61.63238525390625,14506,0.0,0.0
2023-04-19 00:00:00+08:00,61.17358135171733,61.17358135171733,60.103041985509925,61.02064514160156,32638,0.0,0.0
2023-04-20 00:00:00+08:00,60.103041285319385,60.33244559782052,60.026573181152344,60.026573181152344,37473,0.0,0.0
2023-04-21 00:00:00+08:00,57.961971827883936,60.4089159925027,57.961971827883936,58.72663879394531,6044,0.0,0.0
2023-04-24 00:00:00+08:00,58.72663879394531,58.72663879394531,58.72663879394531,58.72663879394531,0,0.0,0.0
2023-04-25 00:00:00+08:00,58.80310571649537,58.879573822021484,58.0384352396865,58.879573822021484,22967,0.0,0.0
2023-04-26 00:00:00+08:00,58.879573822021484,58.879573822021484,58.879573822021484,58.879573822021484,4835,0.0,0.0
2023-04-27 00:00:00+08:00,58.879573822021484,58.879573822021484,58.879573822021484,58.879573822021484,7253,0.0,0.0
2023-04-28 00:00:00+08:00,58.879573075217934,59.567771911621094,58.11490260810782,59.567771911621094,19341,0.0,0.0
2023-05-02 00:00:00+08:00,59.720714327852114,60.40892028808594,58.57371027104755,60.40892028808594,32638,0.0,0.0
2023-05-03 00:00:00+08:00,59.261905670166016,59.261905670166016,59.261905670166016,59.261905670166016,2417,0.0,0.0
2023-05-04 00:00:00+08:00,59.950112570543745,59.950112570543745,57.73256574258305,59.797176361083984,8461,0.0,0.0
2023-05-05 00:00:00+08:00,57.7325663437328,58.879573822021484,57.7325663437328,58.879573822021484,7253,0.0,0.0
2023-05-08 00:00:00+08:00,58.879573822021484,58.879573822021484,58.879573822021484,58.879573822021484,0,0.0,0.0
2023-05-09 00:00:00+08:00,57.426700135107595,58.879572961977345,57.350232030698436,58.11490249633789,16923,0.0,0.0
2023-05-10 00:00:00+08:00,57.96197011990861,57.96197011990861,57.65610122680664,57.65610122680664,9670,0.0,0.0
2023-05-11 00:00:00+08:00,57.350231775820816,57.350231775820816,56.4326286315918,56.4326286315918,27803,0.0,0.0
2023-05-12 00:00:00+08:00,55.43855792258119,57.65610122680664,55.43855792258119,57.65610122680664,6044,0.0,0.0
2023-05-15 00:00:00+08:00,61.17358675202178,62.54999160766601,59.2619121660211,62.549991607666016,93080,0.0,0.0
2023-05-16 00:00:00+08:00,62.54998758301412,68.74381256103516,61.17358281593186,68.74381256103516,281658,0.0,0.0
2023-05-17 00:00:00+08:00,67.97914386823739,68.89674702296014,66.9850726085708,68.132080078125,41100,0.0,0.0
2023-05-18 00:00:00+08:00,68.82027346852091,74.93762969970703,68.82027346852091,74.93762969970703,222425,0.0,0.0
2023-05-19 00:00:00+08:00,82.20199875899439,82.20199875899439,74.55530120001816,75.70230865478516,223634,0.0,0.0
2023-05-22 00:00:00+08:00,74.70823424373586,78.37864665985107,74.6317661430166,76.46697235107422,107586,0.0,0.0
2023-05-23 00:00:00+08:00,76.46697292290246,77.23163983121103,72.64362427675734,75.54936981201172,126927,0.0,0.0
2023-05-24 00:00:00+08:00,75.54937845664176,78.7609897122434,74.1729736328125,74.1729736328125,120883,0.0,0.0
2023-05-25 00:00:00+08:00,75.85524041526322,75.85524041526322,70.19668515567466,71.11428833007812,99124,0.0,0.0
2023-05-26 00:00:00+08:00,71.2672261880731,71.2672261880731,68.43794849297988,68.82028198242188,96706,0.0,0.0
2023-05-29 00:00:00+08:00,68.82027758678198,68.82027758678198,67.4438728813225,68.05561065673828,58024,0.0,0.0
2023-05-30 00:00:00+08:00,68.74381982247013,70.34962907983916,67.44388302496324,69.20262145996094,154730,0.0,0.0
2023-05-31 00:00:00+08:00,70.80841374898318,70.80841374898318,67.44386686288784,69.12613677978516,90662,0.0,0.0
2023-06-01 00:00:00+08:00,69.12614336707948,71.57308743126389,69.12614336707948,69.50848388671875,100333,0.0,0.0
2023-06-02 00:00:00+08:00,70.34961923273735,71.11428617075458,68.59087399161547,69.0496826171875,74947,0.0,0.0
2023-06-05 00:00:00+08:00,68.8202756730758,69.20260912746599,68.05560876429541,68.89674377441406,48353,0.0,0.0
2023-06-06 00:00:00+08:00,75.77877807617188,75.77877807617188,75.77877807617188,75.77877807617188,59232,0.0,0.0
2023-06-07 00:00:00+08:00,83.34900665283203,83.34900665283203,81.81966572252016,83.34900665283203,470236,0.0,0.0
2023-06-08 00:00:00+08:00,84.11367083610372,91.37803472786383,83.73133737912713,89.84869384765625,780907,0.0,0.0
2023-06-09 00:00:00+08:00,89.8486980787696,90.99570555601493,84.87834879941006,86.7900161743164,320341,0.0,0.0
2023-06-12 00:00:00+08:00,87.55468736633712,88.31935429175614,84.11367209734895,85.64301300048828,119674,0.0,0.0
2023-06-13 00:00:00+08:00,86.40769223279314,86.40769223279314,80.67266831841789,82.58434295654297,197040,0.0,0.0
2023-06-14 00:00:00+08:00,82.5843328504254,87.93702259260976,81.43733243929397,87.17235565185547,95497,0.0,0.0
2023-06-15 00:00:00+08:00,86.40768165879975,89.46636352641978,86.0253481884226,87.17235565185547,132971,0.0,0.0
2023-06-16 00:00:00+08:00,86.79001945691131,86.79001945691131,83.34901099963166,84.11367797851562,65277,0.0,0.0
2023-06-19 00:00:00+08:00,84.87834593957538,86.02534632587292,83.73133850097656,83.73133850097656,15714,0.0,0.0
2023-06-20 00:00:00+08:00,83.34900061710889,83.34900061710889,82.20199323936023,82.96666717529297,42309,0.0,0.0
2023-06-21 00:00:00+08:00,80.29033480125334,82.96668352600983,80.29033480125334,82.58434295654297,37473,0.0,0.0
2023-06-26 00:00:00+08:00,80.29032734597337,81.05499430930007,80.29032734597337,80.67266082763672,30220,0.0,0.0
2023-06-27 00:00:00+08:00,81.05499152798454,82.20199898591791,79.5256576538086,79.5256576538086,47144,0.0,0.0
2023-06-28 00:00:00+08:00,79.52565604116221,80.67265642353495,79.1433225803713,79.90798950195312,27803,0.0,0.0
2023-06-29 00:00:00+08:00,79.90799112235258,80.29032459089657,79.1433241852646,79.5256576538086,31429,0.0,0.0
2023-06-30 00:00:00+08:00,79.52566200060822,82.2020034790039,79.52566200060822,82.2020034790039,19341,0.0,0.0
2023-07-03 00:00:00+08:00,82.20199909138941,84.11367348886358,80.29032469391524,81.43733215332031,37473,0.0,0.0
2023-07-04 00:00:00+08:00,83.73134448907363,84.11367797851562,81.81966998956192,82.2020034790039,56815,0.0,0.0
2023-07-05 00:00:00+08:00,83.34901099963166,86.40768596746933,82.5843369684459,84.11367797851562,84618,0.0,0.0
2023-07-06 00:00:00+08:00,83.73134278554684,83.73134278554684,76.84931190639989,80.67266082763672,90662,0.0,0.0
2023-07-07 00:00:00+08:00,76.84931346991074,77.99632099053848,72.64363098144531,72.64363098144531,433971,0.0,0.0
2023-07-10 00:00:00+08:00,73.02596005472411,73.40830057334627,71.87895965576172,71.87895965576172,42309,0.0,0.0
2023-07-11 00:00:00+08:00,71.49661753608694,72.6436249616653,70.42608526482185,72.26129150390625,31429,0.0,0.0
2023-07-12 00:00:00+08:00,72.26129947414529,72.33776758459157,71.49662542198436,71.80249786376953,31429,0.0,0.0
2023-07-13 00:00:00+08:00,72.2612951868689,73.5612318304244,72.03189086914062,72.03189086914062,33847,0.0,0.0
2023-07-14 00:00:00+08:00,71.72602338304722,76.1611099243164,71.72602338304722,76.1611099243164,41100,0.0,0.0
2023-07-17 00:00:00+08:00,73.943564405612,77.23164355349407,73.943564405612,76.23757934570312,24176,0.0,0.0
2023-07-18 00:00:00+08:00,76.4669816300139,76.4669816300139,75.70231463463455,76.08464813232422,9670,0.0,0.0
2023-07-19 00:00:00+08:00,75.70230525481466,75.70230525481466,74.5552978515625,74.5552978515625,9670,0.0,0.0
2023-07-20 00:00:00+08:00,74.55530284948313,74.93763632543043,74.2494374791856,74.4023666381836,24176,0.0,0.0
2023-07-21 00:00:00+08:00,74.40237091063307,75.93171195454401,74.1729736328125,74.1729736328125,25385,0.0,0.0
2023-07-24 00:00:00+08:00,74.40236239724773,75.6258379133028,74.40236239724773,75.54936981201172,31429,0.0,0.0
2023-07-25 00:00:00+08:00,80.0709313622589,80.0709313622589,79.0388686832854,79.12487030029297,26380,1.815149,1.0997589
2023-07-26 00:00:00+08:00,79.12487728428297,79.12487728428297,77.40477266750139,78.69485473632812,20884,0.0,0.0
2023-07-27 00:00:00+08:00,77.4047706959946,77.92080206788572,76.37270795221238,77.1467514038086,20884,0.0,0.0
2023-07-28 00:00:00+08:00,77.14674944570066,79.72691345214844,76.63071808690727,79.72691345214844,15388,0.0,0.0
2023-07-31 00:00:00+08:00,79.64091037888605,79.64091037888605,77.06075339832812,79.5549087524414,8793,0.0,0.0
2023-08-01 00:00:00+08:00,79.55490134383898,79.55490134383898,78.17881774902344,78.17881774902344,9892,0.0,0.0
2023-08-02 00:00:00+08:00,76.80272983212149,76.97474028794687,76.54471775462383,76.71672821044922,8793,0.0,0.0
2023-08-04 00:00:00+08:00,76.71672230100009,78.26481628417969,76.71672230100009,78.26481628417969,7694,0.0,0.0
2023-08-07 00:00:00+08:00,78.26482027645783,78.26482027645783,77.23275756835938,77.23275756835938,4396,0.0,0.0
2023-08-08 00:00:00+08:00,77.66277929912812,79.98492397492784,77.14674795033713,77.49077606201172,30777,0.0,0.0
2023-08-09 00:00:00+08:00,77.40477379702878,77.49078263536349,77.06075286865234,77.06075286865234,5495,0.0,0.0
2023-08-10 00:00:00+08:00,78.26482611796986,78.26482611796986,77.06075286865234,77.06075286865234,8793,0.0,0.0
2023-08-11 00:00:00+08:00,77.06074790750452,77.14674952782127,76.97473907470703,76.97473907470703,4396,0.0,0.0
2023-08-14 00:00:00+08:00,76.97473920128367,76.97473920128367,76.28669738769531,76.28669738769531,10991,0.0,0.0
2023-08-15 00:00:00+08:00,76.5447139996333,76.5447139996333,76.3727035522461,76.3727035522461,2198,0.0,0.0
2023-08-16 00:00:00+08:00,76.37270622063424,77.40476894101677,76.28669738769531,76.28669738769531,8793,0.0,0.0
2023-08-17 00:00:00+08:00,75.85667889704185,75.85667889704185,74.39458635912317,75.254638671875,21983,0.0,0.0
2023-08-18 00:00:00+08:00,69.06224717204948,77.40476450211413,69.06224717204948,74.8246078491211,7694,0.0,0.0
2023-08-21 00:00:00+08:00,74.65260041001375,74.65260041001375,71.38439463887858,72.67447662353516,32975,0.0,0.0
2023-08-22 00:00:00+08:00,72.67447552666995,72.67447552666995,72.24444580078125,72.24444580078125,5495,0.0,0.0
2023-08-23 00:00:00+08:00,70.69635772705078,71.38439957646393,70.69635772705078,70.69635772705078,4396,0.0,0.0
2023-08-24 00:00:00+08:00,70.69635385001912,72.07243747338015,70.69635385001912,71.04037475585938,16487,0.0,0.0
2023-08-25 00:00:00+08:00,71.04037475585938,71.04037475585938,71.04037475585938,71.04037475585938,0,0.0,0.0
2023-08-28 00:00:00+08:00,71.04037475585938,71.04037475585938,71.04037475585938,71.04037475585938,1099,0.0,0.0
2023-08-29 00:00:00+08:00,71.04037475585938,71.04037475585938,70.61035222979942,71.04037475585938,6595,0.0,0.0
2023-08-30 00:00:00+08:00,71.04037475585938,71.04037475585938,71.04037475585938,71.04037475585938,0,0.0,0.0
2023-08-31 00:00:00+08:00,70.95437622070312,70.95437622070312,70.95437622070312,70.95437622070312,3297,0.0,0.0
2023-09-01 00:00:00+08:00,70.95437606760319,71.72841953148829,70.95437606760319,71.64241790771484,9892,0.0,0.0
2023-09-04 00:00:00+08:00,71.3843994140625,71.3843994140625,71.3843994140625,71.3843994140625,1099,0.0,0.0
2023-09-05 00:00:00+08:00,71.2983960642908,71.81442743769155,69.92231240188882,70.52434539794922,17586,0.0,0.0
2023-09-06 00:00:00+08:00,70.52435137309934,70.52435137309934,69.32027806648291,69.66429901123047,15388,0.0,0.0
2023-09-07 00:00:00+08:00,69.66429901123047,69.66429901123047,69.66429901123047,69.66429901123047,2198,0.0,0.0
2023-09-08 00:00:00+08:00,69.75030785365813,69.75030785365813,69.66429901123047,69.66429901123047,2198,0.0,0.0
2023-09-11 00:00:00+08:00,67.51415950577218,68.37421180401633,66.65410720752806,67.08413696289062,27479,0.0,0.0
2023-09-12 00:00:00+08:00,67.25614742253946,67.25614742253946,66.39609512429531,67.08413696289062,10991,0.0,0.0
2023-09-13 00:00:00+08:00,67.08413535960624,67.08413535960624,65.53604125976562,65.53604125976562,8793,0.0,0.0
2023-09-14 00:00:00+08:00,67.08413760922531,67.51416015625,67.08413760922531,67.51416015625,5495,0.0,0.0
2023-09-15 00:00:00+08:00,67.9441909790039,67.9441909790039,67.9441909790039,67.9441909790039,3297,0.0,0.0
2023-09-18 00:00:00+08:00,70.95437045165167,70.95437045165167,67.94418403317523,68.37420654296875,5495,0.0,0.0
2023-09-19 00:00:00+08:00,68.80423626524272,68.80423626524272,68.37420654296875,68.37420654296875,5495,0.0,0.0
2023-09-20 00:00:00+08:00,68.71822981426425,68.71822981426425,66.48209393349187,65.79405212402344,5495,0.0,0.0
2023-09-21 00:00:00+08:00,68.63223109973006,68.63223109973006,67.08413696289062,67.08413696289062,6595,0.0,0.0
2023-09-22 00:00:00+08:00,67.17014028477294,68.8042432989932,67.17014028477294,67.9441909790039,3297,0.0,0.0
2023-09-25 00:00:00+08:00,69.40627802771009,69.40627802771009,68.80424499511719,68.80424499511719,7694,0.0,0.0
2023-09-26 00:00:00+08:00,68.80424499511719,68.80424499511719,68.80424499511719,68.80424499511719,3297,0.0,0.0
2023-09-27 00:00:00+08:00,67.51416015625,67.51416015625,67.51416015625,67.51416015625,2198,0.0,0.0
2023-09-28 00:00:00+08:00,68.3742152182811,68.80424499511719,68.3742152182811,68.80424499511719,6595,0.0,0.0
2023-10-02 00:00:00+08:00,68.97625712173537,69.66429901123047,68.97625712173537,69.66429901123047,3297,0.0,0.0
2023-10-03 00:00:00+08:00,69.66429310894797,70.52434539794922,69.66429310894797,70.52434539794922,4396,0.0,0.0
2023-10-04 00:00:00+08:00,70.52435137309934,70.52435137309934,69.66429901123047,69.66429901123047,14289,0.0,0.0
2023-10-05 00:00:00+08:00,73.9645561300134,76.6307144165039,72.24444447061,76.6307144165039,39570,0.0,0.0
2023-10-06 00:00:00+08:00,81.36101009547424,84.28519504181023,79.64090554614766,78.78085327148438,91232,0.0,0.0
2023-10-11 00:00:00+08:00,80.84498393223586,80.84498393223586,76.54472228224094,76.802734375,28578,0.0,0.0
2023-10-12 00:00:00+08:00,76.8027304798912,81.87704257577823,76.8027304798912,79.21088409423828,23082,0.0,0.0
2023-10-13 00:00:00+08:00,79.21087964768975,79.21087964768975,75.68466186523438,75.68466186523438,19785,0.0,0.0
2023-10-16 00:00:00+08:00,75.68466186523438,75.68466186523438,75.68466186523438,75.68466186523438,0,0.0,0.0
2023-10-17 00:00:00+08:00,76.37271199382859,77.83480456446726,75.68467012822951,76.11469268798828,16487,0.0,0.0
2023-10-18 00:00:00+08:00,73.53452955323516,73.53452955323516,73.10449981689453,73.10449981689453,13190,0.0,0.0
2023-10-19 00:00:00+08:00,73.10450102873357,74.65260233523787,70.78236349393873,72.84648895263672,23082,0.0,0.0
2023-10-20 00:00:00+08:00,73.01849775960643,73.01849775960643,71.29839324951172,71.29839324951172,10991,0.0,0.0
2023-10-23 00:00:00+08:00,71.12638092041016,71.12638092041016,71.12638092041016,71.12638092041016,1099,0.0,0.0
2023-10-24 00:00:00+08:00,73.1044952667706,73.1044952667706,73.01849365234375,73.01849365234375,2198,0.0,0.0
2023-10-25 00:00:00+08:00,77.7487933754107,77.7487933754107,72.76048278808594,72.76048278808594,4396,0.0,0.0
2023-10-26 00:00:00+08:00,72.76048278808594,72.76048278808594,72.76048278808594,72.76048278808594,0,0.0,0.0
2023-10-27 00:00:00+08:00,73.10449804007813,73.10449804007813,72.24444580078125,72.24444580078125,4396,0.0,0.0
2023-10-30 00:00:00+08:00,73.10450196445547,73.96456146240234,73.10450196445547,73.96456146240234,9892,0.0,0.0
2023-10-31 00:00:00+08:00,73.79254815773623,73.96455860819174,72.67447662353516,72.67447662353516,10991,0.0,0.0
2023-11-01 00:00:00+08:00,71.81442503283401,73.10449981689453,71.55640574853349,73.10449981689453,5495,0.0,0.0
2023-11-02 00:00:00+08:00,74.1365737915039,74.1365737915039,73.10450381040323,74.1365737915039,4396,0.0,0.0
2023-11-03 00:00:00+08:00,79.98492770418365,79.98492770418365,75.7706678863293,76.45870971679688,27479,0.0,0.0
2023-11-06 00:00:00+08:00,77.40477113571552,77.40477113571552,75.08262634277344,75.08262634277344,10991,0.0,0.0
2023-11-07 00:00:00+08:00,75.08262837364373,75.08262837364373,74.48059535964045,74.56659698486328,3297,0.0,0.0
2023-11-08 00:00:00+08:00,73.79254883753569,73.79254883753569,72.07243710465384,73.10449981689453,16487,0.0,0.0
2023-11-09 00:00:00+08:00,73.01849764090248,73.01849764090248,71.98643493652344,71.98643493652344,4396,0.0,0.0
2023-11-10 00:00:00+08:00,71.98643493652344,71.98643493652344,71.98643493652344,71.98643493652344,0,0.0,0.0
2023-11-13 00:00:00+08:00,71.47040358433392,71.98643493652344,71.47040358433392,71.98643493652344,4396,0.0,0.0
2023-11-14 00:00:00+08:00,71.98643493652344,71.98643493652344,71.98643493652344,71.98643493652344,0,0.0,0.0
2023-11-15 00:00:00+08:00,72.58846669649999,72.58846669649999,70.9543710480762,72.24444580078125,13190,0.0,0.0
2023-11-16 00:00:00+08:00,72.24444580078125,72.24444580078125,72.24444580078125,72.24444580078125,1099,0.0,0.0
2023-11-17 00:00:00+08:00,72.24444902225582,72.24444902225582,71.47040557861328,71.47040557861328,7694,0.0,0.0
2023-11-20 00:00:00+08:00,71.81443172726931,73.3625259399414,71.81443172726931,73.3625259399414,13190,0.0,0.0
2023-11-21 00:00:00+08:00,73.62053838549556,73.62053838549556,73.10449981689453,73.10449981689453,5495,0.0,0.0
2023-11-22 00:00:00+08:00,73.10449981689453,73.10449981689453,73.10449981689453,73.10449981689453,5495,0.0,0.0
2023-11-23 00:00:00+08:00,73.10449981689453,73.9645592895758,73.10449981689453,73.10449981689453,6595,0.0,0.0
2023-11-24 00:00:00+08:00,73.10449981689453,73.10449981689453,73.10449981689453,73.10449981689453,1099,0.0,0.0
2023-11-27 00:00:00+08:00,73.9645592895758,73.9645592895758,73.10449981689453,73.10449981689453,2198,0.0,0.0
2023-11-28 00:00:00+08:00,73.10449620131207,74.8246078491211,72.67447369872006,74.8246078491211,5495,0.0,0.0
2023-11-29 00:00:00+08:00,74.8246078491211,74.8246078491211,73.53452591638441,74.8246078491211,4396,0.0,0.0
2023-11-30 00:00:00+08:00,74.82460962713313,75.68466186523438,74.82460962713313,75.68466186523438,13190,0.0,0.0
2023-12-01 00:00:00+08:00,76.114688928692,79.1248755482558,76.114688928692,77.83480072021484,24181,0.0,0.0
2023-12-04 00:00:00+08:00,77.40476813942655,77.40476813942655,76.11468614606787,76.54471588134766,10991,0.0,0.0
2023-12-05 00:00:00+08:00,76.11469268798828,76.11469268798828,76.11469268798828,76.11469268798828,6595,0.0,0.0
2023-12-06 00:00:00+08:00,75.68466547549691,76.71672821044922,75.68466547549691,76.71672821044922,6595,0.0,0.0
2023-12-07 00:00:00+08:00,77.40476450211413,77.40476450211413,77.31875567410754,74.8246078491211,9892,0.0,0.0
2023-12-08 00:00:00+08:00,77.40476881373299,77.40476881373299,76.97473907470703,76.97473907470703,2198,0.0,0.0
2023-12-11 00:00:00+08:00,76.9747347870418,76.9747347870418,74.8246078491211,74.8246078491211,9892,0.0,0.0
2023-12-12 00:00:00+08:00,73.96455563145675,74.8246078491211,73.96455563145675,74.8246078491211,5495,0.0,0.0
2023-12-13 00:00:00+08:00,75.6846665529736,75.9426786341444,74.22257405140247,75.08262634277344,8793,0.0,0.0
2023-12-14 00:00:00+08:00,75.59865786604546,75.59865786604546,74.30858303269622,74.39458465576172,6595,0.0,0.0
2023-12-15 00:00:00+08:00,74.22257419714975,74.39458465576172,73.79255165686034,74.39458465576172,6595,0.0,0.0
2023-12-18 00:00:00+08:00,75.16863466205471,75.25463628436086,73.96456146240234,73.96456146240234,3297,0.0,0.0
2023-12-19 00:00:00+08:00,72.24444954218846,74.65260314941406,71.98643746327768,74.65260314941406,9892,0.0,0.0
2023-12-20 00:00:00+08:00,74.82461612173965,75.59865959697574,74.82461612173965,75.254638671875,5495,0.0,0.0
2023-12-21 00:00:00+08:00,75.25463709935433,75.25463709935433,73.53453250979396,73.70654296875,9892,0.0,0.0
2023-12-22 00:00:00+08:00,73.70653722291017,73.87854766845703,72.58846572061542,73.87854766845703,5495,0.0,0.0
2023-12-25 00:00:00+08:00,72.41646000220916,72.67447929361242,72.41646000220916,72.58847045898438,4396,0.0,0.0
2023-12-26 00:00:00+08:00,73.1044991434336,73.1044991434336,72.67447662353516,72.67447662353516,3297,0.0,0.0
2023-12-27 00:00:00+08:00,73.96455958603032,73.96455958603032,73.10450010990188,73.79254913330078,6595,0.0,0.0
2023-12-28 00:00:00+08:00,73.9645592895758,73.9645592895758,73.10449981689453,73.10449981689453,2198,0.0,0.0
2023-12-29 00:00:00+08:00,73.10449981689453,73.44852793345545,73.10449981689453,73.10449981689453,9892,0.0,0.0
2024-01-02 00:00:00+08:00,73.1044991434336,73.1044991434336,72.67447662353516,72.67447662353516,9892,0.0,0.0
2024-01-03 00:00:00+08:00,72.67447662353516,72.67447662353516,72.67447662353516,72.67447662353516,0,0.0,0.0
2024-01-04 00:00:00+08:00,73.1045066315887,73.3625259399414,72.41646475929,73.3625259399414,4396,0.0,0.0
2024-01-05 00:00:00+08:00,72.67448238792716,72.67448238792716,72.50247192382812,72.50247192382812,3297,0.0,0.0
2024-01-08 00:00:00+08:00,72.072439229083,72.072439229083,71.81442714965793,71.90042877197266,9892,0.0,0.0
2024-01-09 00:00:00+08:00,71.38440201868967,71.38440201868967,68.80424499511719,68.80424499511719,14289,0.0,0.0
2024-01-10 00:00:00+08:00,68.80424499511719,68.80424499511719,68.80424499511719,68.80424499511719,8793,0.0,0.0
2024-01-11 00:00:00+08:00,68.8042466493616,69.66429901123047,68.8042466493616,69.66429901123047,7694,0.0,0.0
2024-01-12 00:00:00+08:00,70.09432220458984,70.09432220458984,70.09432220458984,70.09432220458984,4396,0.0,0.0
2024-01-15 00:00:00+08:00,70.09432220458984,70.09432220458984,70.09432220458984,70.09432220458984,2198,0.0,0.0
2024-01-16 00:00:00+08:00,70.26633501755032,71.3843994140625,70.09432455558836,71.3843994140625,6595,0.0,0.0
2024-01-17 00:00:00+08:00,69.66428950162766,69.66428950162766,69.32026860384109,69.49227905273438,6595,0.0,0.0
2024-01-18 00:00:00+08:00,69.66429071194051,69.66429071194051,69.23426818847656,69.23426818847656,4396,0.0,0.0
2024-01-19 00:00:00+08:00,71.38439463887858,73.62053770728073,71.38439463887858,72.67447662353516,3297,0.0,0.0
2024-01-22 00:00:00+08:00,72.67447662353516,72.67447662353516,72.67447662353516,72.67447662353516,1099,0.0,0.0
2024-01-23 00:00:00+08:00,72.67447662353516,72.67447662353516,72.67447662353516,72.67447662353516,0,0.0,0.0
2024-01-24 00:00:00+08:00,70.61035316875767,72.24444888698832,69.8363025140836,72.158447265625,5495,0.0,0.0
2024-01-25 00:00:00+08:00,73.70654687609075,73.70654687609075,73.3625259399414,73.3625259399414,2198,0.0,0.0
2024-01-26 00:00:00+08:00,73.01849857068123,73.01849857068123,70.61035222979942,71.04037475585938,5495,0.0,0.0
2024-01-29 00:00:00+08:00,71.04037475585938,71.04037475585938,71.04037475585938,71.04037475585938,0,0.0,0.0
2024-01-30 00:00:00+08:00,71.04037475585938,71.04037475585938,71.04037475585938,71.04037475585938,0,0.0,0.0
2024-01-31 00:00:00+08:00,71.04037677134997,71.04037677134997,70.52434539794922,70.52434539794922,6595,0.0,0.0
2024-02-01 00:00:00+08:00,71.21238708496094,71.21238708496094,71.21238708496094,71.21238708496094,1099,0.0,0.0
2024-02-02 00:00:00+08:00,69.32027567931051,71.55641174316406,69.32027567931051,71.55641174316406,4396,0.0,0.0
2024-02-05 00:00:00+08:00,71.38439673268334,71.38439673268334,69.06225197718197,69.4062728881836,20884,0.0,0.0
2024-02-15 00:00:00+08:00,70.52434473883102,70.52434473883102,69.4062731673384,70.09432220458984,10991,0.0,0.0
2024-02-16 00:00:00+08:00,69.23426476232245,72.07243347167969,69.23426476232245,72.07243347167969,6595,0.0,0.0
2024-02-19 00:00:00+08:00,70.52435137309934,70.52435137309934,69.66429901123047,69.66429901123047,9892,0.0,0.0
2024-02-20 00:00:00+08:00,69.66429901123047,70.610360215527,68.97625712173537,69.66429901123047,16487,0.0,0.0
2024-02-21 00:00:00+08:00,69.75030493253635,69.75030493253635,68.80424376786058,69.062255859375,12090,0.0,0.0
2024-02-22 00:00:00+08:00,69.14826593159353,69.2342747719533,68.80424499511719,68.80424499511719,19785,0.0,0.0
2024-02-23 00:00:00+08:00,71.81442967507705,71.9004313004161,69.32027435302734,69.32027435302734,8793,0.0,0.0
2024-02-26 00:00:00+08:00,69.57829738128436,69.66429901123047,69.32027806648291,69.66429901123047,16487,0.0,0.0
2024-02-27 00:00:00+08:00,71.21238533497237,71.38439578819731,68.9762494430481,70.35233306884766,10991,0.0,0.0
2024-02-29 00:00:00+08:00,70.95437702682128,70.95437702682128,70.09432471505484,70.69635772705078,28578,0.0,0.0
2024-03-01 00:00:00+08:00,70.43834563976141,70.69635772705078,70.43834563976141,70.69635772705078,5495,0.0,0.0
2024-03-04 00:00:00+08:00,70.7823600274751,71.12638092041016,70.7823600274751,71.12638092041016,3297,0.0,0.0
2024-03-05 00:00:00+08:00,71.12638936271935,71.12638936271935,70.86837005615234,70.86837005615234,6595,0.0,0.0
2024-03-06 00:00:00+08:00,70.868366170057,71.21238708496094,70.868366170057,71.21238708496094,8793,0.0,0.0
2024-03-07 00:00:00+08:00,71.38439876546026,71.38439876546026,70.95437622070312,70.95437622070312,15388,0.0,0.0
2024-03-08 00:00:00+08:00,71.04037865175736,71.47040841388115,70.69635772705078,70.69635772705078,38471,0.0,0.0
2024-03-11 00:00:00+08:00,72.07244481837746,72.41646575927734,72.07244481837746,72.41646575927734,10991,0.0,0.0
2024-03-12 00:00:00+08:00,72.41646028712469,72.41646028712469,71.21238708496094,71.21238708496094,4396,0.0,0.0
2024-03-13 00:00:00+08:00,71.21238708496094,71.21238708496094,71.21238708496094,71.21238708496094,0,0.0,0.0
2024-03-14 00:00:00+08:00,70.61035343574369,71.38439688086369,70.61035343574369,70.78236389160156,6595,0.0,0.0
2024-03-15 00:00:00+08:00,70.78236389160156,70.78236389160156,70.78236389160156,70.78236389160156,4396,0.0,0.0
2024-03-18 00:00:00+08:00,70.78236389160156,70.78236389160156,70.78236389160156,70.78236389160156,0,0.0,0.0
2024-03-19 00:00:00+08:00,70.52434539794922,70.52434539794922,70.52434539794922,70.52434539794922,3297,0.0,0.0
2024-03-20 00:00:00+08:00,69.9223117483972,70.95437448555307,69.9223117483972,70.09432220458984,8793,0.0,0.0
2024-03-21 00:00:00+08:00,70.1803207397461,70.1803207397461,70.1803207397461,70.1803207397461,2198,0.0,0.0
2024-03-22 00:00:00+08:00,70.09431912167277,70.1803207397461,70.09431912167277,70.1803207397461,3297,0.0,0.0
2024-03-25 00:00:00+08:00,70.1803207397461,70.1803207397461,70.1803207397461,70.1803207397461,0,0.0,0.0
2024-03-26 00:00:00+08:00,70.1803207397461,70.1803207397461,70.1803207397461,70.1803207397461,0,0.0,0.0
2024-03-27 00:00:00+08:00,70.52434539794922,70.52434539794922,70.52434539794922,70.52434539794922,1099,0.0,0.0
2024-03-28 00:00:00+08:00,70.52434539794922,70.52434539794922,70.52434539794922,70.52434539794922,0,0.0,0.0
2024-03-29 00:00:00+08:00,70.52434539794922,70.52434539794922,70.52434539794922,70.52434539794922,0,0.0,0.0
2024-04-01 00:00:00+08:00,69.6642924578678,70.52434473883102,69.6642924578678,70.09432220458984,5495,0.0,0.0
2024-04-02 00:00:00+08:00,70.09432220458984,70.09432220458984,70.09432220458984,70.09432220458984,0,0.0,0.0
2024-04-03 00:00:00+08:00,70.09432220458984,70.09432220458984,70.09432220458984,70.09432220458984,0,0.0,0.0
2024-04-08 00:00:00+08:00,69.8363037109375,69.8363037109375,69.8363037109375,69.8363037109375,23082,0.0,0.0
2024-04-09 00:00:00+08:00,68.11620312216452,68.80424499511719,68.11620312216452,68.80424499511719,5495,0.0,0.0
2024-04-10 00:00:00+08:00,68.80424232264892,69.23427208278197,68.80424232264892,68.89025115966797,8793,0.0,0.0
2024-04-11 00:00:00+08:00,68.80423548107417,68.80423548107417,68.54621620815436,68.6322250366211,15388,0.0,0.0
2024-04-12 00:00:00+08:00,68.80423845253193,69.23426818847656,68.80423845253193,69.23426818847656,4396,0.0,0.0
2024-04-15 00:00:00+08:00,68.80423626524272,68.80423626524272,68.37420654296875,68.37420654296875,5495,0.0,0.0
2024-04-16 00:00:00+08:00,67.2561454117883,67.60016632080078,66.99812612378852,67.60016632080078,9892,0.0,0.0
2024-04-17 00:00:00+08:00,67.94418812605379,72.58847045898438,67.94418812605379,72.58847045898438,46165,0.0,0.0
2024-04-18 00:00:00+08:00,72.58847045572341,74.65260314941406,72.58847045572341,74.65260314941406,13190,0.0,0.0
2024-04-19 00:00:00+08:00,70.52434573075209,74.65260394992015,70.18032481352817,74.39458465576172,21983,0.0,0.0
2024-04-22 00:00:00+08:00,71.98643988341803,75.254638671875,71.38439965825118,75.254638671875,18686,0.0,0.0
2024-04-23 00:00:00+08:00,75.254638671875,75.254638671875,75.254638671875,75.254638671875,0,0.0,0.0
2024-04-24 00:00:00+08:00,75.16863250732422,75.16863250732422,75.16863250732422,75.16863250732422,1099,0.0,0.0
2024-04-25 00:00:00+08:00,71.98643493652344,71.98643493652344,71.98643493652344,71.98643493652344,1099,0.0,0.0
2024-04-26 00:00:00+08:00,71.98643565364306,74.56659244029385,71.98643565364306,74.4805908203125,12090,0.0,0.0
2024-04-29 00:00:00+08:00,74.4805908203125,74.4805908203125,74.4805908203125,74.4805908203125,0,0.0,0.0
2024-04-30 00:00:00+08:00,74.48059046195831,76.54471588134766,74.48059046195831,76.54471588134766,38471,0.0,0.0
2024-05-02 00:00:00+08:00,75.77066802978516,75.77066802978516,75.77066802978516,75.77066802978516,5495,0.0,0.0
2024-05-03 00:00:00+08:00,74.82461411734155,75.77066802978516,74.82461411734155,75.77066802978516,4396,0.0,0.0
2024-05-06 00:00:00+08:00,76.3727035522461,76.3727035522461,76.3727035522461,76.3727035522461,1099,0.0,0.0
2024-05-07 00:00:00+08:00,76.3727035522461,76.3727035522461,76.3727035522461,76.3727035522461,0,0.0,0.0
2024-05-08 00:00:00+08:00,76.3727035522461,76.3727035522461,76.3727035522461,76.3727035522461,0,0.0,0.0
2024-05-09 00:00:00+08:00,76.3727035522461,76.3727035522461,76.3727035522461,76.3727035522461,0,0.0,0.0
2024-05-10 00:00:00+08:00,73.10450182602585,74.65260314941406,73.10450182602585,74.65260314941406,2198,0.0,0.0
2024-05-13 00:00:00+08:00,73.10449981689453,73.10449981689453,72.24444755669396,73.10449981689453,3297,0.0,0.0
2024-05-14 00:00:00+08:00,73.10449981689453,73.10449981689453,73.10449981689453,73.10449981689453,0,0.0,0.0
2024-05-15 00:00:00+08:00,73.10449981689453,73.10449981689453,73.10449981689453,73.10449981689453,0,0.0,0.0
2024-05-16 00:00:00+08:00,74.73860382171846,74.82461265524957,73.53453063964844,73.53453063964844,5495,0.0,0.0
2024-05-17 00:00:00+08:00,73.10449804007813,73.10449804007813,72.24444580078125,72.24444580078125,5495,0.0,0.0
2024-05-20 00:00:00+08:00,72.24445279183763,72.24445279183763,71.8144302368164,71.8144302368164,2198,0.0,0.0
2024-05-21 00:00:00+08:00,71.8144302368164,71.8144302368164,71.8144302368164,71.8144302368164,0,0.0,0.0
2024-05-22 00:00:00+08:00,71.8144302368164,71.8144302368164,71.8144302368164,71.8144302368164,0,0.0,0.0
2024-05-23 00:00:00+08:00,70.52434539794922,70.52434539794922,70.52434539794922,70.52434539794922,13190,0.0,0.0
2024-05-24 00:00:00+08:00,70.696356923864,72.93249290905185,70.610355299905,70.95437622070312,6595,0.0,0.0
2024-05-27 00:00:00+08:00,70.95437313563967,71.04037475585938,70.95437313563967,71.04037475585938,4396,0.0,0.0
2024-05-28 00:00:00+08:00,70.95437686539816,71.3843994140625,70.95437686539816,71.3843994140625,2198,0.0,0.0
2024-05-29 00:00:00+08:00,71.38440270011449,71.38440270011449,70.61035919189453,70.61035919189453,4396,0.0,0.0
2024-05-30 00:00:00+08:00,70.95437622070312,70.95437622070312,70.95437622070312,70.95437622070312,1099,0.0,0.0
2024-05-31 00:00:00+08:00,70.95437313563967,71.04037475585938,70.95437313563967,71.04037475585938,2198,0.0,0.0
2024-06-03 00:00:00+08:00,71.04037475585938,71.04037475585938,71.04037475585938,71.04037475585938,0,0.0,0.0
2024-06-04 00:00:00+08:00,71.81442141286554,72.07243347167969,71.81442141286554,72.07243347167969,4396,0.0,0.0
2024-06-05 00:00:00+08:00,72.24445360896516,72.24445360896516,71.55641174316406,71.55641174316406,4396,0.0,0.0
2024-06-06 00:00:00+08:00,71.55640220951625,74.8246078491211,71.55640220951625,74.8246078491211,41768,0.0,0.0
2024-06-07 00:00:00+08:00,73.27651523644973,73.53453453824173,73.19051361083984,73.19051361083984,8793,0.0,0.0
2024-06-11 00:00:00+08:00,76.54471946273075,76.54471946273075,71.98643867539892,72.33045959472656,23082,0.0,0.0
2024-06-12 00:00:00+08:00,71.47040825128404,71.47040825128404,71.29839778932208,71.3843994140625,10991,0.0,0.0
2024-06-13 00:00:00+08:00,74.13657427153818,75.254638671875,72.07244150845266,75.254638671875,34074,0.0,0.0
2024-06-14 00:00:00+08:00,73.96455649747067,74.48058783411122,73.87854766845703,73.87854766845703,5495,0.0,0.0
2024-06-17 00:00:00+08:00,73.53453541844532,74.30858612060547,73.53453541844532,74.30858612060547,5495,0.0,0.0
2024-06-18 00:00:00+08:00,74.30858036786911,74.4805908203125,74.30858036786911,74.4805908203125,5495,0.0,0.0
2024-06-19 00:00:00+08:00,72.76048278808594,72.76048278808594,72.76048278808594,72.76048278808594,2198,0.0,0.0
2024-06-20 00:00:00+08:00,72.84649162492722,72.84649162492722,72.76048278808594,72.76048278808594,2198,0.0,0.0
2024-06-21 00:00:00+08:00,72.41646575927734,72.41646575927734,72.41646575927734,72.41646575927734,1099,0.0,0.0
2024-06-24 00:00:00+08:00,72.41646575927734,72.41646575927734,72.41646575927734,72.41646575927734,0,0.0,0.0
2024-06-25 00:00:00+08:00,73.10449981689453,73.10449981689453,73.10449981689453,73.10449981689453,2198,0.0,0.0
2024-06-26 00:00:00+08:00,73.10449981689453,73.10449981689453,73.10449981689453,73.10449981689453,0,0.0,0.0
2024-06-27 00:00:00+08:00,73.10450168954974,73.2765121459961,73.10450168954974,73.2765121459961,8793,0.0,0.0
2024-06-28 00:00:00+08:00,74.3945857757408,74.3945857757408,72.76048278808594,72.76048278808594,10991,0.0,0.0
2024-07-01 00:00:00+08:00,73.87855262761529,73.96456146240234,73.87855262761529,73.96456146240234,2198,0.0,0.0
2024-07-02 00:00:00+08:00,73.96456051567188,73.96456051567188,72.84648895263672,72.84648895263672,6595,0.0,0.0
2024-07-03 00:00:00+08:00,74.82461683420551,79.98493075985205,74.82461683420551,77.06075286865234,54959,0.0,0.0
2024-07-04 00:00:00+08:00,75.68467012822951,76.97474501998713,73.96456546423184,76.11469268798828,42868,0.0,0.0
2024-07-05 00:00:00+08:00,75.68466186523438,76.54471410333562,75.68466186523438,75.68466186523438,23082,0.0,0.0
2024-07-08 00:00:00+08:00,75.6846665529736,75.6846665529736,75.08262634277344,75.08262634277344,7694,0.0,0.0
2024-07-09 00:00:00+08:00,74.22257207120288,75.68466453376652,73.36251980277741,75.5986557006836,17586,0.0,0.0
2024-07-10 00:00:00+08:00,75.2546321399435,75.68466186523438,75.2546321399435,75.68466186523438,28578,0.0,0.0
2024-07-11 00:00:00+08:00,75.68466186523438,75.68466186523438,75.68466186523438,75.68466186523438,3297,0.0,0.0
2024-07-12 00:00:00+08:00,75.68466186523438,75.68466186523438,75.68466186523438,75.68466186523438,6595,0.0,0.0
2024-07-15 00:00:00+08:00,75.68466186523438,75.68466186523438,75.68466186523438,75.68466186523438,12090,0.0,0.0
2024-07-16 00:00:00+08:00,76.54471410333562,76.54471410333562,75.42664258756375,75.68466186523438,25281,0.0,0.0
2024-07-17 00:00:00+08:00,75.68466670159192,75.68466670159192,74.39458465576172,74.39458465576172,13190,0.0,0.0
2024-07-18 00:00:00+08:00,75.25463425006738,75.25463425006738,74.4805908203125,74.4805908203125,7694,0.0,0.0
2024-07-19 00:00:00+08:00,73.964557385952,73.964557385952,72.93248748779297,72.93248748779297,6595,0.0,0.0
2024-07-22 00:00:00+08:00,72.93248748779297,72.93248748779297,72.93248748779297,72.93248748779297,0,0.0,0.0
2024-07-23 00:00:00+08:00,72.93248748779297,72.93248748779297,72.93248748779297,72.93248748779297,0,0.0,0.0
2024-07-26 00:00:00+08:00,75.51265716552734,75.51265716552734,75.51265716552734,75.51265716552734,4396,0.0,0.0
2024-07-29 00:00:00+08:00,75.59865719854726,75.59865719854726,73.96456146240234,73.96456146240234,10991,0.0,0.0
2024-07-30 00:00:00+08:00,75.34064750939075,75.34064750939075,73.27651474630522,75.254638671875,6595,0.0,0.0
2024-07-31 00:00:00+08:00,75.34064919542998,76.20070152742882,75.34064919542998,76.11469268798828,6595,0.0,0.0
2024-08-01 00:00:00+08:00,76.28669726225009,78.26482107930417,75.68466428259063,76.97473907470703,16487,0.0,0.0
2024-08-02 00:00:00+08:00,76.97474123538306,77.06075007059482,75.77066802978516,75.77066802978516,5495,0.0,0.0
2024-08-05 00:00:00+08:00,73.10450058729172,74.99662279215345,68.20219904624618,68.97624969482422,32975,0.0,0.0
2024-08-06 00:00:00+08:00,70.54102693242686,71.11844175862414,67.07652329078743,67.365234375,22000,1.289358,1.0991814
2024-08-07 00:00:00+08:00,68.61630289170772,73.42810513257845,68.61630289170772,73.04315948486328,11000,0.0,0.0
2024-08-08 00:00:00+08:00,70.34854387069264,70.44477844238281,70.34854387069264,70.44477844238281,2000,0.0,0.0
2024-08-09 00:00:00+08:00,70.25231170654297,70.25231170654297,69.28995127220676,70.25231170654297,7000,0.0,0.0
2024-08-12 00:00:00+08:00,72.17703257521538,72.65821279238348,70.25231170654297,70.25231170654297,30000,0.0,0.0
2024-08-13 00:00:00+08:00,70.73348999023438,70.73348999023438,70.73348999023438,70.73348999023438,1000,0.0,0.0
2024-08-14 00:00:00+08:00,72.17703247070312,72.17703247070312,72.17703247070312,72.17703247070312,1000,0.0,0.0
2024-08-15 00:00:00+08:00,70.73348999023438,70.73348999023438,70.73348999023438,70.73348999023438,1000,0.0,0.0
2024-08-16 00:00:00+08:00,71.21467590332031,71.21467590332031,71.21467590332031,71.21467590332031,1000,0.0,0.0
2024-08-19 00:00:00+08:00,69.96360433569518,69.96360433569518,67.8464142051903,71.21467590332031,35000,0.0,0.0
2024-08-20 00:00:00+08:00,70.05984069434828,70.6372554711566,68.52005816655644,68.80876922607422,14000,0.0,0.0
2024-08-21 00:00:00+08:00,70.15607596392925,70.73349074647543,69.38618469238281,69.38618469238281,21000,0.0,0.0
2024-08-22 00:00:00+08:00,69.482421875,69.482421875,69.482421875,69.482421875,1000,0.0,0.0
2024-08-23 00:00:00+08:00,69.77113120163543,76.02647399902344,69.77113120163543,76.02647399902344,37000,0.0,0.0
2024-08-26 00:00:00+08:00,77.47001843452453,77.47001843452453,76.31518879847863,76.98883819580078,19000,0.0,0.0
2024-08-27 00:00:00+08:00,78.33614283432239,78.43237741178089,76.7963675683035,77.75872802734375,7000,0.0,0.0
2024-08-28 00:00:00+08:00,76.60389046603602,79.39473724365234,76.60389046603602,79.39473724365234,23000,0.0,0.0
2024-08-29 00:00:00+08:00,79.39473837077668,80.2608642578125,78.1436668292552,80.2608642578125,4000,0.0,0.0
2024-08-30 00:00:00+08:00,80.35709376641881,82.28181457519531,80.26085919442544,82.28181457519531,3000,0.0,0.0
2024-09-02 00:00:00+08:00,84.39900824185302,86.13125998286878,84.39900824185302,85.16889953613281,58000,0.0,0.0
2024-09-03 00:00:00+08:00,88.53715922757597,93.6376724243164,88.53715922757597,93.6376724243164,126000,0.0,0.0
2024-09-04 00:00:00+08:00,89.59575440500241,96.04357367985658,89.49951983061926,89.7882308959961,291000,0.0,0.0
2024-09-05 00:00:00+08:00,96.13981292977448,98.64194869655871,91.23177597526931,93.54143524169922,452000,0.0,0.0
2024-09-06 00:00:00+08:00,94.98497154090917,99.12312432840338,88.92210523489666,90.07693481445312,391000,0.0,0.0
2024-09-09 00:00:00+08:00,91.42423956500974,91.42423956500974,85.45760791976319,86.99738311767578,109000,0.0,0.0
2024-09-10 00:00:00+08:00,89.01834471726848,89.01834471726848,83.532892898609,85.8425521850586,95000,0.0,0.0
2024-09-11 00:00:00+08:00,89.01834385210157,89.40328951017783,85.93879327194699,87.18985748291016,51000,0.0,0.0
2024-09-12 00:00:00+08:00,88.34469493051733,91.42424552717311,87.28609252957838,87.47856903076172,66000,0.0,0.0
2024-09-13 00:00:00+08:00,87.38232820573594,89.59575274443421,87.38232820573594,88.63339233398438,38000,0.0,0.0
2024-09-16 00:00:00+08:00,90.46187946583964,97.19840240478516,90.46187946583964,97.19840240478516,311000,0.0,0.0
2024-09-18 00:00:00+08:00,97.1984071278664,100.08548852770403,94.88874053955078,94.88874053955078,294000,0.0,0.0
2024-09-19 00:00:00+08:00,96.04357863398006,97.19840827060105,95.08121815605332,95.75486755371094,89000,0.0,0.0
2024-09-20 00:00:00+08:00,96.23604732177155,96.23604732177155,92.86778566550956,93.25273132324219,229000,0.0,0.0
2024-09-23 00:00:00+08:00,87.28609107932611,92.8677847030315,87.28609107932611,90.46188354492188,45000,0.0,0.0
2024-09-24 00:00:00+08:00,89.11457611715046,90.36564763785654,89.11457611715046,89.30705261230469,55000,0.0,0.0
2024-09-25 00:00:00+08:00,89.49951934814453,93.15649189280911,89.49951934814453,89.49951934814453,44000,0.0,0.0
2024-09-26 00:00:00+08:00,90.07693819215653,93.63767632339301,90.07693819215653,92.6753158569336,101000,0.0,0.0
2024-09-27 00:00:00+08:00,93.92638109088622,93.92638109088622,91.52047989828039,91.61671447753906,33000,0.0,0.0
2024-09-30 00:00:00+08:00,89.98069955969369,91.32800562047682,89.11457371045972,89.49951934814453,18000,0.0,0.0
2024-10-01 00:00:00+08:00,92.2903672333134,92.2903672333134,89.49952050190528,90.36564636230469,9000,0.0,0.0
2024-10-04 00:00:00+08:00,91.23177104661247,92.38660061743951,89.49951934814453,89.49951934814453,35000,0.0,0.0
2024-10-07 00:00:00+08:00,88.63339783576335,92.38660513793761,88.63339783576335,91.03929901123047,33000,0.0,0.0
2024-10-08 00:00:00+08:00,92.09789339554536,92.29036989353072,90.36564896704301,90.46188354492188,18000,0.0,0.0
2024-10-09 00:00:00+08:00,92.19412953714595,92.19412953714595,87.09361646475035,88.05597686767578,36000,0.0,0.0
2024-10-11 00:00:00+08:00,88.0559838498562,89.88447022884523,87.47856903076172,87.47856903076172,32000,0.0,0.0
2024-10-14 00:00:00+08:00,86.7086777104839,87.95974927037842,86.6124431310061,87.47856903076172,24000,0.0,0.0
2024-10-15 00:00:00+08:00,87.38233184814453,87.38233184814453,87.38233184814453,87.38233184814453,1000,0.0,0.0
2024-10-16 00:00:00+08:00,86.708677696676,89.98070479399406,86.61244311721354,89.6919937133789,45000,0.0,0.0
2024-10-17 00:00:00+08:00,89.69198897938556,89.7882308959961,89.69198897938556,89.7882308959961,7000,0.0,0.0
2024-10-18 00:00:00+08:00,88.05598122664864,88.05598122664864,87.38233184814453,87.38233184814453,2000,0.0,0.0
2024-10-21 00:00:00+08:00,86.61243767995741,87.28608703613281,86.22749204404546,87.28608703613281,5000,0.0,0.0
2024-10-22 00:00:00+08:00,87.28608819356293,88.53715969130936,87.28608819356293,88.15221405029297,11000,0.0,0.0
2024-10-23 00:00:00+08:00,88.15221405029297,88.15221405029297,88.15221405029297,88.15221405029297,0,0.0,0.0
2024-10-24 00:00:00+08:00,88.05597816655734,91.13552856445312,87.67103253126355,91.13552856445312,24000,0.0,0.0
2024-10-25 00:00:00+08:00,91.13552856445312,91.13552856445312,91.13552856445312,91.13552856445312,0,0.0,0.0
2024-10-28 00:00:00+08:00,89.01834106445312,89.49952128642315,89.01834106445312,89.01834106445312,4000,0.0,0.0
2024-10-29 00:00:00+08:00,89.01834106445312,89.01834106445312,89.01834106445312,89.01834106445312,0,0.0,0.0
2024-10-30 00:00:00+08:00,89.2108100949868,90.94306182861328,88.0559805007208,90.94306182861328,5000,0.0,0.0
2024-11-01 00:00:00+08:00,87.28609251567853,90.94306527307421,87.28609251567853,89.6919937133789,12000,0.0,0.0
2024-11-04 00:00:00+08:00,89.6919937133789,89.6919937133789,89.6919937133789,89.6919937133789,7000,0.0,0.0
2024-11-05 00:00:00+08:00,89.6919937133789,89.6919937133789,89.6919937133789,89.6919937133789,0,0.0,0.0
2024-11-06 00:00:00+08:00,89.6919937133789,89.6919937133789,89.6919937133789,89.6919937133789,0,0.0,0.0
2024-11-07 00:00:00+08:00,87.1898530312857,87.1898530312857,85.1688976073533,85.65007781982422,19000,0.0,0.0
2024-11-08 00:00:00+08:00,86.22749260634386,86.61243824476607,85.65007781982422,85.65007781982422,19000,0.0,0.0
2024-11-11 00:00:00+08:00,86.13125803229514,86.13125803229514,84.68771739488237,85.65007781982422,4000,0.0,0.0
2024-11-12 00:00:00+08:00,83.3404153023121,84.78395600850304,81.41569436072415,82.76300048828125,22000,0.0,0.0
2024-11-13 00:00:00+08:00,82.76299854785721,83.24417877197266,82.76299854785721,83.24417877197266,22000,0.0,0.0
2024-11-14 00:00:00+08:00,80.8382797241211,80.93451430296616,80.8382797241211,80.8382797241211,7000,0.0,0.0
2024-11-15 00:00:00+08:00,80.8382797241211,80.8382797241211,80.8382797241211,80.8382797241211,7000,0.0,0.0
2024-11-18 00:00:00+08:00,80.74204533113729,80.83827991020388,78.91355895996094,78.91355895996094,6000,0.0,0.0
2024-11-19 00:00:00+08:00,79.87591813246374,80.06838728745814,79.87591813246374,79.97215270996094,9000,0.0,0.0
2024-11-20 00:00:00+08:00,77.7587241265957,81.89686948754314,77.5662476391066,80.64580535888672,23773,0.0,0.0
2024-11-21 00:00:00+08:00,80.64580535888672,80.64580535888672,80.64580535888672,80.64580535888672,3000,0.0,0.0
2024-11-22 00:00:00+08:00,80.64580535888672,80.64580535888672,80.64580535888672,80.64580535888672,0,0.0,0.0
2024-11-25 00:00:00+08:00,78.33614362695384,84.6877212524414,78.33614362695384,84.6877212524414,26000,0.0,0.0
2024-11-26 00:00:00+08:00,82.76299935441514,82.76299935441514,81.8968734741211,81.8968734741211,3000,0.0,0.0
2024-11-27 00:00:00+08:00,81.03074645996094,81.03074645996094,81.03074645996094,81.03074645996094,2000,0.0,0.0
2024-11-28 00:00:00+08:00,81.03074959859522,89.11457911096103,81.03074959859522,85.55384826660156,69000,0.0,0.0
2024-11-29 00:00:00+08:00,82.66676557095748,87.5748024834527,82.47428907225064,86.61244201660156,23000,0.0,0.0
2024-12-02 00:00:00+08:00,83.62912099726493,88.34468846906154,83.05170622040208,86.41996765136719,29000,0.0,0.0
2024-12-03 00:00:00+08:00,84.78395310890684,87.57479984720844,84.78395310890684,86.51620483398438,19000,0.0,0.0
2024-12-04 00:00:00+08:00,85.65007897144561,86.51620483398438,83.82159267102544,86.51620483398438,18000,0.0,0.0
2024-12-05 00:00:00+08:00,86.51620727268987,91.42424417578655,85.74631596379217,88.53716278076172,53000,0.0,0.0
2024-12-06 00:00:00+08:00,88.63339494117125,88.72962951660156,86.13125926884581,88.72962951660156,10000,0.0,0.0
2024-12-09 00:00:00+08:00,88.53715884560033,91.42424011230469,88.53715884560033,91.42424011230469,7000,0.0,0.0
2024-12-10 00:00:00+08:00,89.40328751823556,89.40328751823556,86.51620616033061,87.67103576660156,20000,0.0,0.0
2024-12-11 00:00:00+08:00,87.86351042676819,87.86351042676819,85.84254764467582,86.22749328613281,6000,0.0,0.0
2024-12-12 00:00:00+08:00,88.34468796820636,88.34468796820636,84.68771549842877,86.13125610351562,22000,0.0,0.0
2024-12-13 00:00:00+08:00,86.51620375929834,86.51620375929834,82.2818164167733,83.72535705566406,67000,0.0,0.0
2024-12-16 00:00:00+08:00,83.72535773020981,84.30277252197266,83.72535773020981,84.30277252197266,9000,0.0,0.0
2024-12-17 00:00:00+08:00,84.68772059446775,84.68772059446775,84.11030578613281,84.11030578613281,12000,0.0,0.0
2024-12-18 00:00:00+08:00,83.62912239589181,85.65007781982422,83.62912239589181,85.65007781982422,14000,0.0,0.0
2024-12-19 00:00:00+08:00,84.6877212524414,84.6877212524414,84.6877212524414,84.6877212524414,1000,0.0,0.0
2024-12-20 00:00:00+08:00,85.36137176498107,85.55384826660156,85.36137176498107,85.55384826660156,10000,0.0,0.0
2024-12-23 00:00:00+08:00,85.74631354678826,86.51620483398438,85.65007897144561,86.51620483398438,15000,0.0,0.0
2024-12-24 00:00:00+08:00,85.84255070622959,86.61244201660156,85.84255070622959,86.61244201660156,10000,0.0,0.0
2024-12-25 00:00:00+08:00,87.76726980542891,87.76726980542891,85.16889953613281,85.16889953613281,26000,0.0,0.0
2024-12-26 00:00:00+08:00,86.41997286012241,88.34469379382467,86.41997286012241,86.61244201660156,39000,0.0,0.0
2024-12-27 00:00:00+08:00,87.0936176908777,87.38232875271076,86.51620290943889,86.99738311767578,16000,0.0,0.0
2024-12-30 00:00:00+08:00,86.99738311767578,86.99738311767578,86.99738311767578,86.99738311767578,0,0.0,0.0
2024-12-31 00:00:00+08:00,85.84255023794933,86.32373046875,85.16890085171944,86.32373046875,12000,0.0,0.0
2025-01-02 00:00:00+08:00,85.55384826660156,85.55384826660156,85.55384826660156,85.55384826660156,1000,0.0,0.0
2025-01-03 00:00:00+08:00,87.76727296852877,87.76727296852877,84.78395694457518,85.55384826660156,7000,0.0,0.0
2025-01-06 00:00:00+08:00,86.80490662904465,88.05597810735149,85.74631163936894,86.99738311767578,20000,0.0,0.0
2025-01-07 00:00:00+08:00,87.57479670860248,87.86350776651074,85.84254504560738,86.13125610351562,13000,0.0,0.0
2025-01-08 00:00:00+08:00,85.65007590182002,87.86350776651074,85.65007590182002,86.13125610351562,13000,0.0,0.0
2025-01-09 00:00:00+08:00,86.6124421899969,86.6124421899969,84.6877212524414,84.6877212524414,16000,0.0,0.0
2025-01-10 00:00:00+08:00,84.6877212524414,84.6877212524414,84.6877212524414,84.6877212524414,1000,0.0,0.0
2025-01-13 00:00:00+08:00,86.22749269462923,86.22749269462923,83.24417684270047,83.72535705566406,8000,0.0,0.0
2025-01-14 00:00:00+08:00,84.20653726862764,84.20653726862764,83.72535705566406,83.72535705566406,2000,0.0,0.0
2025-01-15 00:00:00+08:00,85.45760993350568,87.86351103138334,82.47428669835539,84.59148406982422,28000,0.0,0.0
2025-01-16 00:00:00+08:00,85.16889886486936,85.26513344033899,84.59148406982422,84.59148406982422,6000,0.0,0.0
2025-01-17 00:00:00+08:00,84.59148406982422,84.59148406982422,84.59148406982422,84.59148406982422,0,0.0,0.0
2025-01-20 00:00:00+08:00,83.72536208236637,83.72536208236637,83.6291275024414,83.6291275024414,3000,0.0,0.0
2025-01-21 00:00:00+08:00,83.6291275024414,83.6291275024414,83.6291275024414,83.6291275024414,0,0.0,0.0
2025-01-22 00:00:00+08:00,83.62912363067315,87.28608889411072,83.53288905520354,84.59148406982422,18000,0.0,0.0
2025-02-03 00:00:00+08:00,84.59148406982422,84.59148406982422,84.59148406982422,84.59148406982422,1000,0.0,0.0
2025-02-04 00:00:00+08:00,84.59148166020739,85.36136558426135,84.59148166020739,84.78395080566406,21000,0.0,0.0
2025-02-05 00:00:00+08:00,86.32372649060675,86.32372649060675,83.8215908741972,85.07266235351562,10000,0.0,0.0
2025-02-06 00:00:00+08:00,85.16890213958021,85.26513671875,84.88019105984307,85.26513671875,13124,0.0,0.0
2025-02-07 00:00:00+08:00,85.265131698469,85.36136627197266,84.97642797795807,85.36136627197266,7000,0.0,0.0
2025-02-10 00:00:00+08:00,85.16889940967876,87.09362030029297,85.16889940967876,87.09362030029297,11134,0.0,0.0
2025-02-11 00:00:00+08:00,87.09362225002714,88.15221729511784,86.61244201660156,86.61244201660156,18000,0.0,0.0
2025-02-12 00:00:00+08:00,89.40328800120379,89.40328800120379,86.80491035971602,87.95974731445312,23040,0.0,0.0
2025-02-13 00:00:00+08:00,87.95974765880888,87.95974765880888,86.32373046875,86.32373046875,15000,0.0,0.0
2025-02-14 00:00:00+08:00,85.65008023751473,85.65008023751473,85.45761108398438,85.45761108398438,2050,0.0,0.0
2025-02-17 00:00:00+08:00,84.8801865429798,87.09361845723699,84.68771739488237,85.65007781982422,7000,0.0,0.0
2025-02-18 00:00:00+08:00,85.7463150024414,85.7463150024414,85.7463150024414,85.7463150024414,1000,0.0,0.0
2025-02-19 00:00:00+08:00,93.6376756881815,94.31132507324219,93.6376756881815,94.31132507324219,61004,0.0,0.0
2025-02-20 00:00:00+08:00,103.45375061035156,103.45375061035156,103.45375061035156,103.45375061035156,86625,0.0,0.0
2025-02-21 00:00:00+08:00,113.55853342126916,113.55853342126916,103.93492889404297,103.93492889404297,1403759,0.0,0.0
2025-02-24 00:00:00+08:00,104.89728964292085,108.2655512369596,98.64194668256319,100.08548736572266,451129,0.0,0.0
2025-02-25 00:00:00+08:00,99.12312884491999,100.56666955625377,95.4661561059833,99.60430908203125,171192,0.0,0.0
2025-02-26 00:00:00+08:00,99.60430728687959,100.56666774375766,97.67958637312347,98.1607666015625,75117,0.0,0.0
2025-02-27 00:00:00+08:00,99.12312583697467,99.12312583697467,93.83014338936923,95.08121490478516,122051,0.0,0.0
2025-03-03 00:00:00+08:00,95.17745273540044,96.71722803163767,93.83014659785745,95.75486755371094,56413,0.0,0.0
2025-03-04 00:00:00+08:00,94.98497383592549,97.67958604296734,94.11885530144478,95.94733428955078,94142,0.0,0.0
2025-03-05 00:00:00+08:00,96.2360419849358,98.1607628246345,95.75486177501112,97.19840240478516,72270,0.0,0.0
2025-03-06 00:00:00+08:00,95.75486440879682,96.2360446319566,92.48283742286479,93.156494140625,170205,0.0,0.0
2025-03-07 00:00:00+08:00,93.1564929858615,93.1564929858615,92.19413255147131,92.29036712646484,25156,0.0,0.0
2025-03-10 00:00:00+08:00,90.84683051063462,91.42424532847417,89.40328979492188,89.40328979492188,65215,0.0,0.0
2025-03-11 00:00:00+08:00,86.9973842770219,89.49951992475228,86.9973842770219,87.86351013183594,24012,0.0,0.0
2025-03-12 00:00:00+08:00,88.05598383583377,90.36565045407168,87.86351467690885,89.6919937133789,18011,0.0,0.0
2025-03-13 00:00:00+08:00,91.23177568875023,91.23177568875023,86.90115356445312,86.90115356445312,37001,0.0,0.0
2025-03-14 00:00:00+08:00,86.61243699716171,87.5747974082413,86.13125679162192,86.70867156982422,21001,0.0,0.0
2025-03-17 00:00:00+08:00,86.61243815998455,87.57479858398438,86.61243815998455,87.57479858398438,21001,0.0,0.0
2025-03-18 00:00:00+08:00,86.51620483398438,87.28608877895303,86.51620483398438,86.51620483398438,35002,0.0,0.0
2025-03-19 00:00:00+08:00,86.51620611285645,86.51620611285645,85.16890001146128,85.45761108398438,29204,0.0,0.0
2025-03-20 00:00:00+08:00,85.45760915249781,86.13125851685601,83.82159201555628,85.93878936767578,23000,0.0,0.0
2025-03-21 00:00:00+08:00,85.8425455322771,87.5747972050929,85.74631095983783,86.41996765136719,15000,0.0,0.0
2025-03-24 00:00:00+08:00,85.7463150024414,85.9387914986217,85.7463150024414,85.7463150024414,17000,0.0,0.0
2025-03-25 00:00:00+08:00,86.61244185074516,88.53716278076172,86.22749619629631,88.53716278076172,13055,0.0,0.0
2025-03-26 00:00:00+08:00,88.53715702811664,90.26940868947067,88.53715702811664,89.98069763183594,4060,0.0,0.0
2025-03-27 00:00:00+08:00,86.90115356445312,88.92210908734623,86.70867706470328,86.90115356445312,10045,0.0,0.0
2025-03-28 00:00:00+08:00,88.15221678670498,88.15221678670498,84.11030578613281,84.11030578613281,8020,0.0,0.0
2025-03-31 00:00:00+08:00,86.03502582702151,86.03502582702151,78.52861136891245,79.39473724365234,29250,0.0,0.0
2025-04-01 00:00:00+08:00,80.83827401349645,80.83827401349645,80.35709381103516,80.35709381103516,4000,0.0,0.0
2025-04-02 00:00:00+08:00,79.6834487915039,79.6834487915039,79.6834487915039,79.6834487915039,1028,0.0,0.0
2025-04-07 00:00:00+08:00,71.79208374023438,71.79208374023438,71.79208374023438,71.79208374023438,17000,0.0,0.0
2025-04-08 00:00:00+08:00,66.49910164393611,68.32758785787394,64.67061542999829,66.0179214477539,68000,0.0,0.0
2025-04-09 00:00:00+08:00,66.0179235828474,66.59533836849486,59.47387343735014,60.72494125366211,84030,0.0,0.0
2025-04-10 00:00:00+08:00,66.69158432895217,66.7878189086914,65.05556710447402,66.7878189086914,48000,0.0,0.0
2025-04-11 00:00:00+08:00,66.69158066769094,68.03887939453125,66.69158066769094,68.03887939453125,13000,0.0,0.0
2025-04-14 00:00:00+08:00,67.4614646055672,70.25231131815872,67.4614646055672,68.03887939453125,14000,0.0,0.0
2025-04-15 00:00:00+08:00,69.19371954060647,74.77540588378906,69.19371954060647,74.77540588378906,33000,0.0,0.0
2025-04-16 00:00:00+08:00,74.10175582144198,74.10175582144198,71.98456573486328,71.98456573486328,4000,0.0,0.0
2025-04-17 00:00:00+08:00,71.11843509078268,74.10175086495221,71.11843509078268,72.36949920654297,8001,0.0,0.0
2025-04-18 00:00:00+08:00,73.90928408542992,74.77540260010743,73.90928408542992,74.10175323486328,5050,0.0,0.0
2025-04-21 00:00:00+08:00,73.13939095806602,73.13939095806602,71.59961577476271,72.65821075439453,14007,0.0,0.0
2025-04-22 00:00:00+08:00,72.6582133612701,72.75444793701172,72.17703314033454,72.75444793701172,10000,0.0,0.0
2025-04-23 00:00:00+08:00,75.6415296246665,75.6415296246665,73.04315935606894,74.96788024902344,17090,0.0,0.0
2025-04-24 00:00:00+08:00,74.9678790917682,75.54529388229568,74.10175323486328,74.10175323486328,3001,0.0,0.0
2025-04-25 00:00:00+08:00,78.33614131131733,78.33614131131733,74.67916870117188,74.67916870117188,25000,0.0,0.0
2025-04-28 00:00:00+08:00,74.67916870117188,74.67916870117188,74.67916870117188,74.67916870117188,0,0.0,0.0
2025-04-29 00:00:00+08:00,74.67916792806362,76.02647399902344,74.67916792806362,76.02647399902344,8000,0.0,0.0
2025-04-30 00:00:00+08:00,76.315185546875,76.315185546875,76.315185546875,76.315185546875,1000,0.0,0.0
2025-05-02 00:00:00+08:00,78.91355895996094,78.91355895996094,78.91355895996094,78.91355895996094,1038,0.0,0.0
2025-05-05 00:00:00+08:00,78.8173239113236,78.8173239113236,78.62484741210938,78.62484741210938,4060,0.0,0.0
2025-05-06 00:00:00+08:00,76.02647399902344,77.37378006998325,73.52433834851372,76.02647399902344,5000,0.0,0.0
2025-05-07 00:00:00+08:00,75.06411548784584,75.73776486943547,74.77540441446308,75.54529571533203,8000,0.0,0.0
2025-05-08 00:00:00+08:00,75.83400827884213,75.83400827884213,74.77540588378906,74.77540588378906,3081,0.0,0.0
2025-05-09 00:00:00+08:00,75.73776420086872,75.73776420086872,74.96788024902344,74.96788024902344,5000,0.0,0.0
2025-05-12 00:00:00+08:00,74.10175323486328,74.10175323486328,74.10175323486328,74.10175323486328,1100,0.0,0.0
2025-05-13 00:00:00+08:00,74.1017539054193,75.641529141502,74.1017539054193,74.67916870117188,27000,0.0,0.0
2025-05-14 00:00:00+08:00,74.39046223740606,80.35709381103516,74.1017511790384,80.35709381103516,48056,0.0,0.0
2025-05-15 00:00:00+08:00,80.26086232056792,81.22322276243989,80.16462774482622,80.7420425415039,10000,0.0,0.0
2025-05-16 00:00:00+08:00,80.83827401349645,80.83827401349645,80.35709381103516,80.35709381103516,2001,0.0,0.0
2025-05-19 00:00:00+08:00,80.35709381103516,80.35709381103516,80.35709381103516,80.35709381103516,0,0.0,0.0
2025-05-20 00:00:00+08:00,80.74204432723857,82.18558502197266,80.74204432723857,82.18558502197266,4350,0.0,0.0
2025-05-21 00:00:00+08:00,82.18558297194656,84.59148406982422,82.18558297194656,84.59148406982422,5074,0.0,0.0
2025-05-22 00:00:00+08:00,83.53289031982422,83.53289031982422,83.53289031982422,83.53289031982422,1000,0.0,0.0
2025-05-23 00:00:00+08:00,82.08934783935547,82.08934783935547,82.08934783935547,82.08934783935547,1000,0.0,0.0
2025-05-26 00:00:00+08:00,82.08934783935547,82.08934783935547,82.08934783935547,82.08934783935547,0,0.0,0.0
2025-05-27 00:00:00+08:00,82.08934783935547,82.08934783935547,82.08934783935547,82.08934783935547,0,0.0,0.0
2025-05-28 00:00:00+08:00,81.8006362915039,81.8006362915039,81.8006362915039,81.8006362915039,1030,0.0,0.0
2025-05-29 00:00:00+08:00,81.8006362915039,81.8006362915039,81.8006362915039,81.8006362915039,0,0.0,0.0
2025-06-02 00:00:00+08:00,81.8006362915039,81.8006362915039,81.8006362915039,81.8006362915039,0,0.0,0.0
2025-06-03 00:00:00+08:00,81.22322356983045,81.22322356983045,79.39473724365234,79.39473724365234,4000,0.0,0.0
2025-06-04 00:00:00+08:00,79.39473724365234,79.39473724365234,79.39473724365234,79.39473724365234,0,0.0,0.0
2025-06-05 00:00:00+08:00,79.39473724365234,79.39473724365234,79.39473724365234,79.39473724365234,0,0.0,0.0
2025-06-06 00:00:00+08:00,78.91355895996094,78.91355895996094,78.91355895996094,78.91355895996094,2000,0.0,0.0
2025-06-09 00:00:00+08:00,76.9888331759989,77.08506774902344,76.9888331759989,77.08506774902344,2409,0.0,0.0
2025-06-10 00:00:00+08:00,77.47001647949219,77.47001647949219,77.47001647949219,77.47001647949219,1000,0.0,0.0
2025-06-11 00:00:00+08:00,77.37378190262156,77.47001647949219,77.37378190262156,77.47001647949219,3000,0.0,0.0
2025-06-12 00:00:00+08:00,79.97215088570428,79.97215088570428,78.52861022949219,78.52861022949219,3001,0.0,0.0
2025-06-13 00:00:00+08:00,76.98883433400849,80.54956498506543,76.98883433400849,77.9511947631836,5010,0.0,0.0
2025-06-16 00:00:00+08:00,77.30000305175781,77.69999694824219,77.30000305175781,77.69999694824219,2010,3.048806,0.0
2025-06-17 00:00:00+08:00,75.19999694824219,77.0,75.19999694824219,76.4000015258789,6030,0.0,0.0
2025-06-18 00:00:00+08:00,76.30000305175781,76.30000305175781,75.0,76.30000305175781,7000,0.0,0.0
2025-06-19 00:00:00+08:00,76.5,76.5,76.30000305175781,76.30000305175781,14000,0.0,0.0
2025-06-20 00:00:00+08:00,73.5,73.69999694824219,73.5,73.69999694824219,2020,0.0,0.0
2025-06-23 00:00:00+08:00,73.4000015258789,73.4000015258789,73.0,73.0,3030,0.0,0.0
2025-06-24 00:00:00+08:00,72.9000015258789,72.9000015258789,72.9000015258789,72.9000015258789,1000,0.0,0.0
2025-06-25 00:00:00+08:00,72.9000015258789,75.0,72.9000015258789,75.0,2000,0.0,0.0
2025-06-26 00:00:00+08:00,74.0999984741211,74.0999984741211,73.5999984741211,73.5999984741211,3000,0.0,0.0
2025-06-27 00:00:00+08:00,73.5999984741211,73.5999984741211,73.0,73.0,3000,0.0,0.0
2025-06-30 00:00:00+08:00,71.80000305175781,71.80000305175781,71.80000305175781,71.80000305175781,1000,0.0,0.0
2025-07-01 00:00:00+08:00,72.19999694824219,72.19999694824219,72.19999694824219,72.19999694824219,1000,0.0,0.0
2025-07-02 00:00:00+08:00,72.69999694824219,72.69999694824219,72.69999694824219,72.69999694824219,2000,0.0,0.0
2025-07-03 00:00:00+08:00,70.19999694824219,72.0999984741211,70.19999694824219,72.0999984741211,2000,0.0,0.0
2025-07-04 00:00:00+08:00,72.19999694824219,72.19999694824219,72.19999694824219,72.19999694824219,1010,0.0,0.0
2025-07-07 00:00:00+08:00,68.80000305175781,72.69999694824219,68.80000305175781,70.80000305175781,5000,0.0,0.0
2025-07-08 00:00:00+08:00,70.9000015258789,70.9000015258789,70.5999984741211,70.5999984741211,4010,0.0,0.0
2025-07-09 00:00:00+08:00,73.0,73.0999984741211,72.4000015258789,72.4000015258789,4000,0.0,0.0
2025-07-10 00:00:00+08:00,72.4000015258789,72.4000015258789,72.4000015258789,72.4000015258789,0,0.0,0.0
2025-07-11 00:00:00+08:00,72.4000015258789,72.4000015258789,72.4000015258789,72.4000015258789,1000,0.0,0.0
2025-07-14 00:00:00+08:00,72.4000015258789,72.4000015258789,72.4000015258789,72.4000015258789,0,0.0,0.0
2025-07-15 00:00:00+08:00,72.4000015258789,72.4000015258789,72.4000015258789,72.4000015258789,0,0.0,0.0
2025-07-16 00:00:00+08:00,70.5999984741211,70.5999984741211,70.5,70.5,2021,0.0,0.0
2025-07-17 00:00:00+08:00,70.5,70.5,70.5,70.5,0,0.0,0.0
2025-07-18 00:00:00+08:00,71.30000305175781,71.30000305175781,71.30000305175781,71.30000305175781,1006,0.0,0.0
2025-07-21 00:00:00+08:00,72.5999984741211,72.5999984741211,72.5999984741211,72.5999984741211,1000,0.0,0.0
2025-07-22 00:00:00+08:00,72.5,74.4000015258789,72.5,74.4000015258789,2788,0.0,0.0
2025-07-23 00:00:00+08:00,71.80000305175781,73.0999984741211,71.80000305175781,73.0999984741211,2000,0.0,0.0
2025-07-24 00:00:00+08:00,73.0999984741211,73.0999984741211,73.0999984741211,73.0999984741211,0,0.0,0.0
2025-07-25 00:00:00+08:00,73.0999984741211,73.0999984741211,73.0999984741211,73.0999984741211,0,0.0,0.0
2025-07-28 00:00:00+08:00,73.0999984741211,73.0999984741211,73.0999984741211,73.0999984741211,0,0.0,0.0
2025-07-29 00:00:00+08:00,73.0999984741211,73.0999984741211,73.0999984741211,73.0999984741211,0,0.0,0.0
2025-07-30 00:00:00+08:00,70.5999984741211,70.5999984741211,70.5999984741211,70.5999984741211,1000,0.0,0.0
2025-07-31 00:00:00+08:00,70.69999694824219,70.69999694824219,70.5,70.5,5000,0.0,0.0
2025-08-04 00:00:00+08:00,70.0999984741211,70.0999984741211,70.0999984741211,70.0999984741211,0,0.0,0.0
2025-08-05 00:00:00+08:00,70.5999984741211,70.5999984741211,68.0,69.0999984741211,19000,0.0,0.0
2025-08-06 00:00:00+08:00,69.0999984741211,69.0999984741211,69.0999984741211,69.0999984741211,0,0.0,0.0
2025-08-07 00:00:00+08:00,68.80000305175781,69.19999694824219,68.80000305175781,69.19999694824219,3000,0.0,0.0
2025-08-08 00:00:00+08:00,69.19999694824219,69.19999694824219,69.19999694824219,69.19999694824219,0,0.0,0.0
2025-08-11 00:00:00+08:00,69.19999694824219,69.19999694824219,69.19999694824219,69.19999694824219,0,0.0,0.0
2025-08-12 00:00:00+08:00,67.5,69.5,67.5,68.69999694824219,7330,0.0,0.0
2025-08-13 00:00:00+08:00,68.69999694824219,68.69999694824219,68.0999984741211,68.0999984741211,8200,0.0,0.0
2025-08-14 00:00:00+08:00,70.0999984741211,70.19999694824219,68.80000305175781,68.80000305175781,15159,0.0,0.0
2025-08-15 00:00:00+08:00,68.69999694824219,68.80000305175781,68.0,68.0,4000,0.0,0.0
2025-08-18 00:00:00+08:00,68.0,68.0,67.0,67.0,3910,0.0,0.0
2025-08-19 00:00:00+08:00,67.0,67.0,67.0,67.0,1002,0.0,0.0
2025-08-20 00:00:00+08:00,67.0,67.0,67.0,67.0,0,0.0,0.0
2025-08-21 00:00:00+08:00,67.0999984741211,67.0999984741211,67.0999984741211,67.0999984741211,1002,0.0,0.0
2025-08-22 00:00:00+08:00,67.0999984741211,67.0999984741211,67.0999984741211,67.0999984741211,0,0.0,0.0
2025-08-25 00:00:00+08:00,65.5,67.80000305175781,65.19999694824219,67.80000305175781,6000,0.0,0.0
2025-08-26 00:00:00+08:00,67.4000015258789,67.4000015258789,67.4000015258789,67.4000015258789,1000,0.0,0.0
2025-08-27 00:00:00+08:00,69.69999694824219,69.69999694824219,69.69999694824219,69.69999694824219,1000,0.0,0.0
2025-08-28 00:00:00+08:00,68.5,68.5,68.5,68.5,1000,0.0,0.0
2025-08-29 00:00:00+08:00,68.5999984741211,68.5999984741211,68.5,68.5,4000,0.0,0.0
2025-09-01 00:00:00+08:00,68.5,68.5,68.5,68.5,0,0.0,0.0
2025-09-02 00:00:00+08:00,68.5,68.5,68.5,68.5,0,0.0,0.0
2025-09-03 00:00:00+08:00,68.5999984741211,68.9000015258789,68.0,68.0,25000,0.0,0.0
2025-09-04 00:00:00+08:00,68.0999984741211,68.0999984741211,67.80000305175781,67.80000305175781,3000,0.0,0.0
2025-09-05 00:00:00+08:00,68.0,68.0,67.80000305175781,68.0,16099,0.0,0.0
2025-09-08 00:00:00+08:00,68.0,68.0,68.0,68.0,0,0.0,0.0
2025-09-09 00:00:00+08:00,67.9000015258789,68.19999694824219,67.9000015258789,68.0,8000,0.0,0.0
2025-09-10 00:00:00+08:00,67.80000305175781,67.9000015258789,67.69999694824219,67.80000305175781,4000,0.0,0.0
2025-09-11 00:00:00+08:00,68.0,71.5,68.0,68.80000305175781,31000,0.0,0.0
2025-09-12 00:00:00+08:00,68.0999984741211,68.80000305175781,67.5999984741211,67.9000015258789,22100,0.0,0.0
2025-09-15 00:00:00+08:00,68.30000305175781,68.4000015258789,67.0,67.0,17000,0.0,0.0
2025-09-16 00:00:00+08:00,67.0,67.0,67.0,67.0,0,0.0,0.0
2025-09-17 00:00:00+08:00,67.0999984741211,67.30000305175781,66.80000305175781,66.80000305175781,18001,0.0,0.0
2025-09-18 00:00:00+08:00,66.80000305175781,66.80000305175781,66.80000305175781,66.80000305175781,1000,0.0,0.0
2025-09-19 00:00:00+08:00,68.0,68.0,68.0,68.0,1108,0.0,0.0
2025-09-22 00:00:00+08:00,68.0,68.0,67.0,67.0,2121,0.0,0.0
2025-09-23 00:00:00+08:00,67.0,67.0,66.9000015258789,66.9000015258789,3000,0.0,0.0
2025-09-24 00:00:00+08:00,69.0999984741211,73.5,69.0999984741211,70.0,62109,0.0,0.0
2025-09-25 00:00:00+08:00,70.0999984741211,72.5,70.0999984741211,71.80000305175781,21100,0.0,0.0
2025-09-26 00:00:00+08:00,72.5,74.30000305175781,72.0,72.0999984741211,24000,0.0,0.0
2025-09-30 00:00:00+08:00,72.0,72.0999984741211,70.0999984741211,71.69999694824219,19000,0.0,0.0
2025-10-01 00:00:00+08:00,70.0999984741211,71.0,70.0999984741211,70.9000015258789,4000,0.0,0.0
2025-10-02 00:00:00+08:00,72.0,72.0,70.9000015258789,70.9000015258789,2000,0.0,0.0
2025-10-03 00:00:00+08:00,70.9000015258789,71.5,69.0,71.4000015258789,15000,0.0,0.0
2025-10-07 00:00:00+08:00,73.80000305175781,73.80000305175781,70.5,71.0,9000,0.0,0.0
2025-10-08 00:00:00+08:00,73.4000015258789,73.4000015258789,73.4000015258789,73.4000015258789,1000,0.0,0.0
2025-10-09 00:00:00+08:00,73.0,73.0,71.0,71.5,39100,0.0,0.0
2025-10-13 00:00:00+08:00,71.4000015258789,71.4000015258789,71.4000015258789,71.4000015258789,1000,0.0,0.0
2025-10-14 00:00:00+08:00,73.80000305175781,73.80000305175781,70.9000015258789,70.9000015258789,10000,0.0,0.0
2025-10-15 00:00:00+08:00,70.9000015258789,70.9000015258789,70.9000015258789,70.9000015258789,0,0.0,0.0
2025-10-16 00:00:00+08:00,70.5999984741211,70.5999984741211,69.80000305175781,69.80000305175781,5000,0.0,0.0
2025-10-17 00:00:00+08:00,69.9000015258789,70.0,69.80000305175781,69.9000015258789,6000,0.0,0.0
2025-10-20 00:00:00+08:00,69.80000305175781,69.80000305175781,67.19999694824219,67.19999694824219,12000,0.0,0.0
2025-10-21 00:00:00+08:00,67.19999694824219,67.5999984741211,67.19999694824219,67.5,4093,0.0,0.0
2025-10-22 00:00:00+08:00,67.5,67.5,67.5,67.5,0,0.0,0.0
2025-10-23 00:00:00+08:00,67.5,67.5,67.5,67.5,1000,0.0,0.0
2025-10-27 00:00:00+08:00,67.5,67.5,67.5,67.5,0,0.0,0.0
2025-10-28 00:00:00+08:00,67.5,67.5,67.5,67.5,1000,0.0,0.0
2025-10-29 00:00:00+08:00,67.5999984741211,67.5999984741211,67.5999984741211,67.5999984741211,1041,0.0,0.0
2025-10-30 00:00:00+08:00,67.5999984741211,67.5999984741211,67.5999984741211,67.5999984741211,2000,0.0,0.0
2025-10-31 00:00:00+08:00,67.5999984741211,67.5999984741211,67.5999984741211,67.5999984741211,0,0.0,0.0
2025-11-03 00:00:00+08:00,67.19999694824219,69.19999694824219,67.19999694824219,68.0,5000,0.0,0.0
2025-11-04 00:00:00+08:00,68.0,74.69999694824219,65.80000305175781,74.0,43310,0.0,0.0
2025-11-05 00:00:00+08:00,74.0,74.0,70.5999984741211,72.5999984741211,20000,0.0,0.0
2025-11-06 00:00:00+08:00,72.5999984741211,72.5999984741211,72.5999984741211,72.5999984741211,1000,0.0,0.0
2025-11-07 00:00:00+08:00,73.0,73.0,70.0999984741211,72.30000305175781,20000,0.0,0.0
2025-11-10 00:00:00+08:00,74.30000305175781,74.30000305175781,71.69999694824219,71.69999694824219,2000,0.0,0.0
2025-11-11 00:00:00+08:00,71.69999694824219,71.69999694824219,71.69999694824219,71.69999694824219,0,0.0,0.0
2025-11-12 00:00:00+08:00,74.0999984741211,74.0999984741211,73.80000305175781,73.80000305175781,2065,0.0,0.0
2025-11-13 00:00:00+08:00,73.0,73.0,73.0,73.0,1060,0.0,0.0
2025-11-14 00:00:00+08:00,70.5,70.80000305175781,68.0999984741211,70.80000305175781,7100,0.0,0.0
2025-11-17 00:00:00+08:00,69.30000305175781,72.4000015258789,69.30000305175781,72.4000015258789,9100,0.0,0.0
2025-11-18 00:00:00+08:00,69.9000015258789,71.80000305175781,69.9000015258789,71.80000305175781,3114,0.0,0.0
2025-11-19 00:00:00+08:00,69.30000305175781,72.5,69.30000305175781,70.0,6000,0.0,0.0
2025-11-20 00:00:00+08:00,70.0,70.0,70.0,70.0,3000,0.0,0.0
2025-11-21 00:00:00+08:00,68.5999984741211,68.5999984741211,67.69999694824219,68.0,12013,0.0,0.0
2025-11-24 00:00:00+08:00,69.30000305175781,69.30000305175781,68.69999694824219,68.69999694824219,15000,0.0,0.0
2025-11-25 00:00:00+08:00,68.80000305175781,68.80000305175781,68.5999984741211,68.5999984741211,2000,0.0,0.0
2025-11-26 00:00:00+08:00,68.5,68.5,68.5,68.5,4000,0.0,0.0
2025-11-27 00:00:00+08:00,70.80000305175781,70.80000305175781,70.80000305175781,70.80000305175781,1298,0.0,0.0
2025-11-28 00:00:00+08:00,71.0,71.0,71.0,71.0,1000,0.0,0.0
2025-12-01 00:00:00+08:00,69.0,69.0,69.0,69.0,2000,0.0,0.0
2025-12-02 00:00:00+08:00,68.4000015258789,68.9000015258789,68.0,68.9000015258789,14000,0.0,0.0
2025-12-03 00:00:00+08:00,68.9000015258789,68.9000015258789,68.9000015258789,68.9000015258789,0,0.0,0.0
2025-12-04 00:00:00+08:00,68.9000015258789,71.30000305175781,68.9000015258789,68.9000015258789,3000,0.0,0.0
2025-12-05 00:00:00+08:00,68.0999984741211,69.0,67.80000305175781,69.0,12000,0.0,0.0
2025-12-08 00:00:00+08:00,69.0999984741211,69.4000015258789,68.0,68.80000305175781,18000,0.0,0.0
2025-12-09 00:00:00+08:00,68.80000305175781,68.80000305175781,68.80000305175781,68.80000305175781,0,0.0,0.0
2025-12-10 00:00:00+08:00,68.80000305175781,68.80000305175781,66.4000015258789,68.80000305175781,5000,0.0,0.0
2025-12-11 00:00:00+08:00,66.4000015258789,68.69999694824219,62.0,64.0,66065,0.0,0.0
2025-12-12 00:00:00+08:00,64.0,65.0,61.79999923706055,64.4000015258789,12000,0.0,0.0
2025-12-15 00:00:00+08:00,64.4000015258789,64.4000015258789,64.4000015258789,64.4000015258789,8000,0.0,0.0
2025-12-16 00:00:00+08:00,64.4000015258789,64.4000015258789,58.099998474121094,59.79999923706055,70000,0.0,0.0
2025-12-17 00:00:00+08:00,61.20000076293945,61.20000076293945,57.0,58.599998474121094,66001,0.0,0.0
2025-12-18 00:00:00+08:00,58.79999923706055,59.79999923706055,58.0,59.29999923706055,54586,0.0,0.0
2025-12-19 00:00:00+08:00,59.79999923706055,60.79999923706055,58.20000076293945,59.099998474121094,5000,0.0,0.0
2025-12-22 00:00:00+08:00,59.79999923706055,63.0,58.20000076293945,60.0,16000,0.0,0.0
2025-12-23 00:00:00+08:00,58.099998474121094,58.099998474121094,58.099998474121094,58.099998474121094,1001,0.0,0.0
2025-12-24 00:00:00+08:00,59.29999923706055,60.0,59.29999923706055,59.79999923706055,9000,0.0,0.0
2025-12-26 00:00:00+08:00,59.900001525878906,59.900001525878906,59.900001525878906,59.900001525878906,5000,0.0,0.0
2025-12-29 00:00:00+08:00,59.900001525878906,60.400001525878906,58.400001525878906,59.5,5020,0.0,0.0
2025-12-30 00:00:00+08:00,59.599998474121094,59.900001525878906,57.599998474121094,59.5,10000,0.0,0.0
2025-12-31 00:00:00+08:00,59.0,59.79999923706055,58.0,59.0,10000,0.0,0.0
2026-01-02 00:00:00+08:00,57.0,59.0,57.0,59.0,11000,0.0,0.0
2026-01-05 00:00:00+08:00,59.20000076293945,64.80000305175781,59.20000076293945,63.20000076293945,32265,0.0,0.0
2026-01-06 00:00:00+08:00,63.099998474121094,63.099998474121094,61.20000076293945,61.599998474121094,12000,0.0,0.0
2026-01-07 00:00:00+08:00,61.599998474121094,61.599998474121094,61.599998474121094,61.599998474121094,0,0.0,0.0
2026-01-08 00:00:00+08:00,59.29999923706055,60.099998474121094,59.29999923706055,60.099998474121094,3000,0.0,0.0
2026-01-09 00:00:00+08:00,60.099998474121094,60.099998474121094,60.099998474121094,60.099998474121094,0,0.0,0.0
2026-01-12 00:00:00+08:00,60.20000076293945,62.29999923706055,60.20000076293945,62.0,8000,0.0,0.0
2026-01-13 00:00:00+08:00,60.29999923706055,61.099998474121094,59.599998474121094,59.599998474121094,10043,0.0,0.0
2026-01-14 00:00:00+08:00,58.400001525878906,63.5,58.400001525878906,63.20000076293945,23000,0.0,0.0
2026-01-15 00:00:00+08:00,63.5,66.4000015258789,61.79999923706055,63.900001525878906,78000,0.0,0.0
2026-01-16 00:00:00+08:00,63.400001525878906,65.9000015258789,63.29999923706055,65.9000015258789,10297,0.0,0.0
2026-01-19 00:00:00+08:00,67.0,68.5999984741211,67.0,68.5999984741211,16050,0.0,0.0
2026-01-20 00:00:00+08:00,70.0,71.0,68.5999984741211,71.0,15000,0.0,0.0
2026-01-21 00:00:00+08:00,72.0,73.0,67.30000305175781,72.4000015258789,23097,0.0,0.0
2026-01-22 00:00:00+08:00,70.0,71.30000305175781,68.9000015258789,70.69999694824219,22000,0.0,0.0
2026-01-23 00:00:00+08:00,70.5,70.5,66.30000305175781,67.80000305175781,14060,0.0,0.0
2026-01-26 00:00:00+08:00,68.4000015258789,72.0,65.69999694824219,69.19999694824219,24000,0.0,0.0
2026-01-27 00:00:00+08:00,70.69999694824219,71.0,67.19999694824219,68.5,22000,0.0,0.0
2026-01-28 00:00:00+08:00,69.80000305175781,71.9000015258789,67.0999984741211,67.0999984741211,57059,0.0,0.0
2026-01-29 00:00:00+08:00,66.5,68.69999694824219,65.5999984741211,65.5999984741211,22060,0.0,0.0
2026-01-30 00:00:00+08:00,67.80000305175781,69.80000305175781,66.0999984741211,67.19999694824219,19000,0.0,0.0
2026-02-02 00:00:00+08:00,64.30000305175781,70.80000305175781,64.30000305175781,65.30000305175781,28000,0.0,0.0
2026-02-03 00:00:00+08:00,64.0,68.30000305175781,64.0,66.69999694824219,25000,0.0,0.0
2026-02-04 00:00:00+08:00,65.19999694824219,65.5,65.19999694824219,65.19999694824219,11000,0.0,0.0
2026-02-05 00:00:00+08:00,64.4000015258789,65.0,63.70000076293945,63.70000076293945,9020,0.0,0.0
2026-02-06 00:00:00+08:00,63.70000076293945,64.30000305175781,63.29999923706055,64.30000305175781,7000,0.0,0.0
2026-02-09 00:00:00+08:00,64.30000305175781,64.30000305175781,64.30000305175781,64.30000305175781,0,0.0,0.0
2026-02-10 00:00:00+08:00,64.5,64.5,64.5,64.5,1000,0.0,0.0
2026-02-11 00:00:00+08:00,64.5,64.5,64.5,64.5,5000,0.0,0.0
2026-02-23 00:00:00+08:00,68.80000305175781,68.80000305175781,64.9000015258789,65.30000305175781,25011,0.0,0.0
2026-02-24 00:00:00+08:00,67.5,69.30000305175781,65.5,65.5,5000,0.0,0.0
2026-02-25 00:00:00+08:00,67.5,67.5,62.70000076293945,64.80000305175781,25125,0.0,0.0
2026-02-26 00:00:00+08:00,67.0,67.0,63.20000076293945,66.4000015258789,6021,0.0,0.0
2026-03-02 00:00:00+08:00,65.9000015258789,65.9000015258789,65.0999984741211,65.80000305175781,3001,0.0,0.0
2026-03-03 00:00:00+08:00,65.80000305175781,65.80000305175781,63.599998474121094,65.19999694824219,8000,0.0,0.0
2026-03-04 00:00:00+08:00,65.19999694824219,65.19999694824219,65.19999694824219,65.19999694824219,1000,0.0,0.0
2026-03-05 00:00:00+08:00,65.19999694824219,65.19999694824219,65.19999694824219,65.19999694824219,0,0.0,0.0
2026-03-06 00:00:00+08:00,62.900001525878906,62.900001525878906,61.900001525878906,62.5,5027,0.0,0.0
2026-03-09 00:00:00+08:00,58.599998474121094,59.900001525878906,58.599998474121094,59.900001525878906,13004,0.0,0.0
2026-03-10 00:00:00+08:00,59.0,61.79999923706055,58.900001525878906,59.70000076293945,5000,0.0,0.0
2026-03-11 00:00:00+08:00,59.79999923706055,60.0,56.099998474121094,59.0,30020,0.0,0.0
2026-03-12 00:00:00+08:00,59.0,59.0,59.0,59.0,0,0.0,0.0
2026-03-13 00:00:00+08:00,58.900001525878906,59.0,58.900001525878906,59.0,2000,0.0,0.0
2026-03-16 00:00:00+08:00,58.0,59.0,57.29999923706055,58.5,18020,0.0,0.0
2026-03-17 00:00:00+08:00,58.5,59.5,58.0,58.0,12040,0.0,0.0
2026-03-18 00:00:00+08:00,58.099998474121094,60.099998474121094,57.599998474121094,59.0,11000,0.0,0.0
2026-03-19 00:00:00+08:00,57.0,58.0,57.0,58.0,3000,0.0,0.0
2026-03-20 00:00:00+08:00,58.0,58.0,57.29999923706055,57.5,10000,0.0,0.0
2026-03-23 00:00:00+08:00,57.5,59.5,57.29999923706055,57.29999923706055,11000,0.0,0.0
2026-03-24 00:00:00+08:00,57.5,58.79999923706055,52.29999923706055,57.70000076293945,49000,0.0,0.0
2026-03-25 00:00:00+08:00,58.0,58.0,57.0,57.0,3036,0.0,0.0
2026-03-26 00:00:00+08:00,57.0,57.0,57.0,57.0,1000,0.0,0.0
2026-03-27 00:00:00+08:00,54.70000076293945,56.20000076293945,54.70000076293945,56.20000076293945,7000,0.0,0.0
2026-03-30 00:00:00+08:00,56.79999923706055,56.79999923706055,56.70000076293945,56.70000076293945,2000,0.0,0.0
2026-03-31 00:00:00+08:00,55.5,56.400001525878906,54.79999923706055,55.0,17040,0.0,0.0
2026-04-01 00:00:00+08:00,57.900001525878906,57.900001525878906,55.79999923706055,55.79999923706055,5002,0.0,0.0
2026-04-02 00:00:00+08:00,58.0,58.0,58.0,58.0,1020,0.0,0.0
2026-04-07 00:00:00+08:00,55.70000076293945,57.20000076293945,55.0,57.20000076293945,9885,0.0,0.0
2026-04-08 00:00:00+08:00,57.70000076293945,57.70000076293945,55.400001525878906,55.5,14005,0.0,0.0
2026-04-09 00:00:00+08:00,55.5,56.0,55.0,55.20000076293945,8000,0.0,0.0
2026-04-10 00:00:00+08:00,55.20000076293945,56.79999923706055,53.0,54.400001525878906,22000,0.0,0.0
2026-04-13 00:00:00+08:00,55.29999923706055,55.29999923706055,52.400001525878906,54.900001525878906,11000,0.0,0.0
2026-04-14 00:00:00+08:00,54.0,57.79999923706055,54.0,56.5,12020,0.0,0.0
2026-04-15 00:00:00+08:00,56.29999923706055,56.29999923706055,55.900001525878906,55.900001525878906,5010,0.0,0.0
2026-04-16 00:00:00+08:00,55.79999923706055,55.79999923706055,55.79999923706055,55.79999923706055,1000,0.0,0.0
2026-04-17 00:00:00+08:00,53.900001525878906,57.79999923706055,53.900001525878906,55.20000076293945,9000,0.0,0.0
2026-04-20 00:00:00+08:00,57.099998474121094,57.099998474121094,55.099998474121094,55.70000076293945,14000,0.0,0.0
2026-04-21 00:00:00+08:00,55.70000076293945,58.400001525878906,55.70000076293945,57.900001525878906,21024,0.0,0.0
2026-04-22 00:00:00+08:00,57.900001525878906,57.900001525878906,56.400001525878906,57.400001525878906,5000,0.0,0.0
2026-04-23 00:00:00+08:00,57.0,57.0,54.29999923706055,54.5,15060,0.0,0.0
2026-04-24 00:00:00+08:00,54.5,54.5,54.5,54.5,0,0.0,0.0
2026-04-27 00:00:00+08:00,54.5,54.5,52.900001525878906,52.900001525878906,18020,0.0,0.0
2026-04-28 00:00:00+08:00,52.79999923706055,53.0,52.70000076293945,53.0,3000,0.0,0.0
2026-04-29 00:00:00+08:00,52.0,52.900001525878906,51.79999923706055,52.900001525878906,7000,0.0,0.0
2026-04-30 00:00:00+08:00,52.900001525878906,52.900001525878906,52.70000076293945,52.70000076293945,7000,0.0,0.0
2026-05-04 00:00:00+08:00,53.0,53.0,53.0,53.0,8060,0.0,0.0
2026-05-05 00:00:00+08:00,52.0,54.400001525878906,52.0,54.400001525878906,26000,0.0,0.0
2026-05-06 00:00:00+08:00,55.29999923706055,55.29999923706055,53.599998474121094,54.5,19000,0.0,0.0
2026-05-07 00:00:00+08:00,54.099998474121094,54.20000076293945,54.099998474121094,54.099998474121094,8000,0.0,0.0
2026-05-08 00:00:00+08:00,53.20000076293945,54.0,53.20000076293945,54.0,2000,0.0,0.0
2026-05-11 00:00:00+08:00,54.099998474121094,54.099998474121094,53.099998474121094,54.0,14000,0.0,0.0
2026-05-12 00:00:00+08:00,53.79999923706055,54.099998474121094,53.79999923706055,54.099998474121094,4000,0.0,0.0
2026-05-13 00:00:00+08:00,54.20000076293945,56.5,54.20000076293945,56.5,10060,0.0,0.0
2026-05-14 00:00:00+08:00,55.099998474121094,55.099998474121094,54.0,54.400001525878906,10000,0.0,0.0
2026-05-15 00:00:00+08:00,54.400001525878906,54.400001525878906,53.20000076293945,53.20000076293945,3000,0.0,0.0
2026-05-18 00:00:00+08:00,53.20000076293945,53.20000076293945,53.20000076293945,53.20000076293945,0,0.0,0.0
2026-05-19 00:00:00+08:00,53.5,53.5,53.20000076293945,53.20000076293945,4000,0.0,0.0
2026-05-20 00:00:00+08:00,53.20000076293945,53.900001525878906,51.70000076293945,53.5,11000,0.0,0.0
2026-05-21 00:00:00+08:00,53.5,53.5,53.5,53.5,0,0.0,0.0
2026-05-22 00:00:00+08:00,54.5,55.900001525878906,54.5,55.900001525878906,6000,0.0,0.0
2026-05-25 00:00:00+08:00,56.5,58.0,56.5,57.0,7000,0.0,0.0
2026-05-26 00:00:00+08:00,57.0,57.599998474121094,55.599998474121094,57.599998474121094,3000,0.0,0.0
2026-05-27 00:00:00+08:00,57.900001525878906,57.900001525878906,57.900001525878906,57.900001525878906,1000,0.0,0.0
2026-05-28 00:00:00+08:00,57.900001525878906,57.900001525878906,57.900001525878906,57.900001525878906,1331,0.0,0.0
2026-05-29 00:00:00+08:00,56.0,58.79999923706055,56.0,58.0,18000,0.0,0.0
2026-06-01 00:00:00+08:00,56.400001525878906,58.29999923706055,56.400001525878906,57.79999923706055,6000,0.0,0.0
2026-06-02 00:00:00+08:00,56.20000076293945,56.20000076293945,56.20000076293945,56.20000076293945,1020,0.0,0.0
2026-06-03 00:00:00+08:00,56.20000076293945,56.20000076293945,56.20000076293945,56.20000076293945,3208,0.0,0.0
2026-06-04 00:00:00+08:00,55.20000076293945,56.20000076293945,55.20000076293945,56.20000076293945,2000,0.0,0.0
2026-06-05 00:00:00+08:00,54.5,54.5,54.5,54.5,1000,0.0,0.0
2026-06-08 00:00:00+08:00,54.5,54.5,54.5,54.5,6000,0.0,0.0
2026-06-09 00:00:00+08:00,54.5,54.5,54.5,54.5,0,0.0,0.0
2026-06-10 00:00:00+08:00,55.5,55.70000076293945,55.5,55.599998474121094,5000,0.0,0.0
2026-06-11 00:00:00+08:00,55.599998474121094,55.599998474121094,55.599998474121094,55.599998474121094,0,0.0,0.0
2026-06-12 00:00:00+08:00,55.599998474121094,55.599998474121094,54.099998474121094,54.29999923706055,11080,0.0,0.0
2026-06-15 00:00:00+08:00,54.099998474121094,54.099998474121094,52.900001525878906,53.79999923706055,11604,0.0,0.0
2026-06-16 00:00:00+08:00,54.599998474121094,54.79999923706055,53.20000076293945,53.900001525878906,9172,0.0,0.0
2026-06-17 00:00:00+08:00,53.400001525878906,53.79999923706055,51.20000076293945,53.5,26000,0.0,0.0
2026-06-18 00:00:00+08:00,52.599998474121094,53.099998474121094,51.0,51.5,73009,0.0,0.0
2026-06-22 00:00:00+08:00,51.29999923706055,51.900001525878906,50.70000076293945,51.70000076293945,17000,0.0,0.0
2026-06-23 00:00:00+08:00,51.70000076293945,51.70000076293945,51.0,51.0,7003,0.0,0.0
2026-06-24 00:00:00+08:00,50.900001525878906,50.900001525878906,50.900001525878906,50.900001525878906,1000,0.0,0.0
2026-06-25 00:00:00+08:00,50.79999923706055,50.900001525878906,50.79999923706055,50.900001525878906,3000,0.0,0.0
2026-06-26 00:00:00+08:00,50.0,51.599998474121094,50.0,50.0,6002,0.0,0.0
2026-06-29 00:00:00+08:00,50.0,50.0,48.400001525878906,48.400001525878906,19001,0.0,0.0
2026-06-30 00:00:00+08:00,48.79999923706055,48.79999923706055,48.29999923706055,48.29999923706055,7000,0.0,0.0
2026-07-01 00:00:00+08:00,48.349998474121094,48.349998474121094,48.349998474121094,48.349998474121094,2000,0.0,0.0
2026-07-02 00:00:00+08:00,48.79999923706055,51.70000076293945,48.79999923706055,50.79999923706055,6000,0.0,0.0
2026-07-03 00:00:00+08:00,50.79999923706055,50.79999923706055,50.79999923706055,50.79999923706055,2000,0.0,0.0
2026-07-06 00:00:00+08:00,50.900001525878906,50.900001525878906,50.0,50.099998474121094,6000,0.0,0.0
2026-07-07 00:00:00+08:00,51.79999923706055,51.79999923706055,50.099998474121094,50.099998474121094,5000,0.0,0.0
2026-07-08 00:00:00+08:00,50.400001525878906,50.400001525878906,50.400001525878906,50.400001525878906,1000,0.0,0.0
2026-07-09 00:00:00+08:00,49.349998474121094,49.349998474121094,49.349998474121094,49.349998474121094,1000,0.0,0.0
2026-07-10 00:00:00+08:00,49.349998474121094,49.349998474121094,49.349998474121094,49.349998474121094,0,0.0,0.0
