Date,Open,High,Low,Close,Volume,Dividends,Stock Splits
2003-01-23 00:00:00-05:00,7.706787809054908,7.898260610960166,7.228105347784595,7.275973320007324,129580,0.0,0.0
2003-01-24 00:00:00-05:00,7.419578149689852,7.515314550642481,7.036632089372168,7.275973320007324,73140,0.0,0.0
2003-01-27 00:00:00-05:00,7.515315836997951,7.611052254337258,7.228106584980029,7.323843002319336,35620,0.0,0.0
2003-01-28 00:00:00-05:00,7.275973891967148,7.419578732938363,7.08450107501033,7.371710300445557,15000,0.0,0.0
2003-01-29 00:00:00-05:00,7.419578835224025,7.419578835224025,6.653686643823822,6.988764762878418,44600,0.0,0.0
2003-01-30 00:00:00-05:00,6.701555339028953,7.180237863245307,6.701555339028953,7.036633014678955,18160,0.0,0.0
2003-01-31 00:00:00-05:00,7.467447463486678,7.467447463486678,6.988764945481307,7.180237770080566,11320,0.0,0.0
2003-02-03 00:00:00-05:00,7.084500518102067,7.323841748737223,7.036632089372168,7.275973320007324,16580,0.0,0.0
2003-02-04 00:00:00-05:00,7.371710594679826,7.80252467828177,7.371710594679826,7.6589202880859375,35040,0.0,0.0
2003-02-05 00:00:00-05:00,7.658919380325009,7.898260610960166,7.275973320007324,7.275973320007324,28560,0.0,0.0
2003-02-06 00:00:00-05:00,7.371710594679826,7.419579029083252,7.0366329233775105,7.180237770080566,40820,0.0,0.0
2003-02-07 00:00:00-05:00,7.2281059063002555,7.3238423146504354,7.084501065521383,7.132369041442871,8160,0.0,0.0
2003-02-10 00:00:00-05:00,7.1802371525386155,7.22810558282508,6.2228721988668,6.605818271636963,56180,0.0,0.0
2003-02-11 00:00:00-05:00,6.5579514503479,6.701556319933652,6.270742167683693,6.5579514503479,26080,0.0,0.0
2003-02-12 00:00:00-05:00,6.5100830128308855,6.7015558546464495,6.270741732307798,6.318609714508057,30360,0.0,0.0
2003-02-13 00:00:00-05:00,6.46221399307251,6.797291664374825,6.46221399307251,6.701555252075195,54960,0.0,0.0
2003-02-14 00:00:00-05:00,6.701554675702708,6.749423105989172,6.557949841350498,6.605818271636963,61100,0.0,0.0
2003-02-18 00:00:00-05:00,6.510082139592032,6.701554955724125,6.414345275018782,6.6536865234375,38620,0.0,0.0
2003-02-19 00:00:00-05:00,6.701555342090705,6.988765039354627,6.6536869070443085,6.7972917556762695,42340,0.0,0.0
2003-02-20 00:00:00-05:00,6.940896418499494,6.988764852264446,6.797291573711854,6.845160007476807,20300,0.0,0.0
2003-02-21 00:00:00-05:00,6.845160190722666,6.9408966043082305,6.6536869070443085,6.7972917556762695,11440,0.0,0.0
2003-02-24 00:00:00-05:00,6.7972917525707786,7.036633014678955,6.7972917525707786,7.036633014678955,8200,0.0,0.0
2003-02-25 00:00:00-05:00,6.845160190722666,6.9408966043082305,6.510082514919577,6.7972917556762695,20540,0.0,0.0
2003-02-26 00:00:00-05:00,6.749423980712891,7.036633230132375,6.557950691259325,6.749423980712891,13360,0.0,0.0
2003-02-27 00:00:00-05:00,6.701555252075195,6.8930280766744545,6.605818839775566,6.701555252075195,37200,0.0,0.0
2003-02-28 00:00:00-05:00,6.701555252075195,6.8930280766744545,6.557950405372139,6.701555252075195,51200,0.0,0.0
2003-03-03 00:00:00-05:00,6.749423686478622,6.845160098778251,6.605818839775566,6.701555252075195,52920,0.0,0.0
2003-03-04 00:00:00-05:00,6.701555252075195,6.940896511077881,6.605818839775566,6.701555252075195,42140,0.0,0.0
2003-03-05 00:00:00-05:00,6.845160098778251,6.845160098778251,6.653686817671769,6.701555252075195,8780,0.0,0.0
2003-03-06 00:00:00-05:00,6.701554675702708,6.749423105989172,6.510081867571218,6.605818271636963,21080,0.0,0.0
2003-03-07 00:00:00-05:00,6.605819652049271,6.605819652049271,6.031400651111786,6.270741939544678,71220,0.0,0.0
2003-03-10 00:00:00-05:00,6.222872734069824,6.270741168473251,5.839926628364083,5.983531475067139,34020,0.0,0.0
2003-03-11 00:00:00-05:00,5.839926143579646,5.839926143579646,5.600584904445175,5.744189739227295,47320,0.0,0.0
2003-03-12 00:00:00-05:00,5.648453523767683,5.935662746429443,5.648453523767683,5.935662746429443,18680,0.0,0.0
2003-03-13 00:00:00-05:00,5.696321133120856,6.175003596627051,5.6484531606745385,5.792057991027832,21260,0.0,0.0
2003-03-14 00:00:00-05:00,6.031400473135661,6.127136894382347,5.935663595381709,6.079268455505371,29680,0.0,0.0
2003-03-17 00:00:00-05:00,6.41434634739859,6.41434634739859,6.079268634893997,6.270741939544678,19800,0.0,0.0
2003-03-18 00:00:00-05:00,6.222872274893302,6.462213516235352,6.222872274893302,6.462213516235352,8840,0.0,0.0
2003-03-19 00:00:00-05:00,6.605819255431257,6.605819255431257,6.127136707305908,6.127136707305908,21460,0.0,0.0
2003-03-20 00:00:00-05:00,6.1271361499086545,6.510082244873047,6.1271361499086545,6.510082244873047,19720,0.0,0.0
2003-03-21 00:00:00-05:00,6.4143458715848745,6.4143458715848745,6.031400203704834,6.031400203704834,41620,0.0,0.0
2003-03-24 00:00:00-05:00,6.222872734069824,6.222872734069824,6.127136321770195,6.222872734069824,36300,0.0,0.0
2003-03-25 00:00:00-05:00,6.1271365029575655,6.270741353907203,6.0792680671386075,6.175004482269287,2660,0.0,0.0
2003-03-26 00:00:00-05:00,6.222872918088245,6.222872918088245,6.175004482269287,6.175004482269287,5540,0.0,0.0
2003-03-27 00:00:00-05:00,6.175004876752057,6.222873315629033,5.983532034258685,6.079268455505371,7260,0.0,0.0
2003-03-28 00:00:00-05:00,6.0792680671386075,6.175004482269287,5.93566321618897,6.175004482269287,16160,0.0,0.0
2003-03-31 00:00:00-05:00,6.366478363616379,6.4622147876880796,6.222873499255188,6.270741939544678,20760,0.0,0.0
2003-04-01 00:00:00-05:00,6.031400473135661,6.318609736875718,6.031400473135661,6.079268455505371,7960,0.0,0.0
2003-04-02 00:00:00-05:00,6.031400087826886,6.462214184168562,6.031400087826886,6.175004482269287,12500,0.0,0.0
2003-04-03 00:00:00-05:00,6.127136018044483,6.127136018044483,5.935662746429443,5.935662746429443,9180,0.0,0.0
2003-04-04 00:00:00-05:00,5.983531766966206,6.127136620674844,5.983531766966206,6.031400203704834,6000,0.0,0.0
2003-04-07 00:00:00-04:00,5.744189739227295,5.7920581696570625,5.504848500092824,5.744189739227295,15540,0.0,0.0
2003-04-08 00:00:00-04:00,5.696321693328739,5.8877949714660645,5.696321693328739,5.8877949714660645,10600,0.0,0.0
2003-04-09 00:00:00-04:00,6.0792680671386075,6.175004482269287,5.74419038592761,6.175004482269287,11880,0.0,0.0
2003-04-10 00:00:00-04:00,6.222873315629033,6.222873315629033,5.983532034258685,6.079268455505371,9120,0.0,0.0
2003-04-11 00:00:00-04:00,5.983531475067139,6.222872734069824,5.983531475067139,6.222872734069824,12340,0.0,0.0
2003-04-14 00:00:00-04:00,6.175004203911228,6.175004203911228,5.8877949714660645,5.8877949714660645,26760,0.0,0.0
2003-04-15 00:00:00-04:00,6.031400203704834,6.079268183936216,5.887795349996196,6.031400203704834,9060,0.0,0.0
2003-04-16 00:00:00-04:00,5.983531382281119,5.983531382281119,5.600585282513684,5.8877949714660645,44380,0.0,0.0
2003-04-17 00:00:00-04:00,5.983531652007928,6.175004482269287,5.983531652007928,6.175004482269287,15460,0.0,0.0
2003-04-21 00:00:00-04:00,6.270740992583702,6.510082244873047,6.270740992583702,6.510082244873047,19660,0.0,0.0
2003-04-22 00:00:00-04:00,6.605818271636963,6.605818271636963,6.510081867571218,6.605818271636963,14800,0.0,0.0
2003-04-23 00:00:00-04:00,6.605819027829296,6.605819027829296,6.414345741271973,6.414345741271973,17740,0.0,0.0
2003-04-24 00:00:00-04:00,6.414345085364066,6.462213516235352,6.36647711099997,6.462213516235352,8200,0.0,0.0
2003-04-25 00:00:00-04:00,6.510082334115059,6.510082334115059,6.3186090557544885,6.3664774894714355,3580,0.0,0.0
2003-04-28 00:00:00-04:00,6.318609714508057,6.318609714508057,6.079268433984969,6.318609714508057,10360,0.0,0.0
2003-04-29 00:00:00-04:00,6.270741563044963,6.4622143996922015,6.127136707305908,6.127136707305908,10740,0.0,0.0
2003-04-30 00:00:00-04:00,6.46221399307251,6.940896511077881,6.46221399307251,6.940896511077881,23320,0.0,0.0
2003-05-01 00:00:00-04:00,7.036632829522182,7.036632829522182,6.701555162689167,6.845160007476807,69680,0.0,0.0
2003-05-02 00:00:00-04:00,6.797291486774761,7.036632739523924,6.797291486774761,6.988764762878418,9100,0.0,0.0
2003-05-05 00:00:00-04:00,7.036632633092691,7.132369041442871,6.988764657171203,7.132369041442871,21700,0.0,0.0
2003-05-06 00:00:00-04:00,7.18023749250106,7.611051559448242,6.988764675303914,7.611051559448242,40480,0.0,0.0
2003-05-07 00:00:00-04:00,7.70678832713107,7.70678832713107,7.323842241070466,7.515315055847168,39180,0.0,0.0
2003-05-08 00:00:00-04:00,7.6589202880859375,7.80252467828177,7.5153154413828815,7.6589202880859375,48000,0.0,0.0
2003-05-09 00:00:00-04:00,7.658918819378391,8.13760124558954,7.658918819378391,8.041864395141602,48260,0.0,0.0
2003-05-12 00:00:00-04:00,8.281207196287141,8.329075630690568,7.946129981492049,8.137602806091309,74540,0.0,0.0
2003-05-13 00:00:00-04:00,8.041865330764734,8.041865330764734,7.754656572034434,7.802524089813232,30800,0.0,0.0
2003-05-14 00:00:00-04:00,7.802523911912016,8.089733577108179,7.754656395224619,7.8503923416137695,24340,0.0,0.0
2003-05-15 00:00:00-04:00,7.8503937084187365,7.993999022526622,7.563184449724738,7.754657745361328,19580,0.0,0.0
2003-05-16 00:00:00-04:00,7.706789307325366,7.898262146454698,7.658920869289404,7.754657745361328,23780,0.0,0.0
2003-05-19 00:00:00-04:00,7.898260771315522,7.993997630719029,7.611051106119359,7.8503923416137695,70060,0.0,0.0
2003-05-20 00:00:00-04:00,7.754656658521027,7.946129470814823,7.084500902478354,7.419578552246094,77460,0.0,0.0
2003-05-21 00:00:00-04:00,7.18023749250106,7.611051559448242,7.18023749250106,7.611051559448242,74100,0.0,0.0
2003-05-22 00:00:00-04:00,7.467446730028456,7.8503923416137695,7.467446730028456,7.8503923416137695,40920,0.0,0.0
2003-05-23 00:00:00-04:00,7.94613046121914,8.137603297378078,7.850393586632421,7.898262023925781,17940,0.0,0.0
2003-05-27 00:00:00-04:00,8.137602806091309,8.137602806091309,7.611051853682511,7.6589202880859375,33040,0.0,0.0
2003-05-28 00:00:00-04:00,7.2759737147721495,7.419578552246094,7.180237308625252,7.419578552246094,20080,0.0,0.0
2003-05-29 00:00:00-04:00,7.2281060277337605,7.658920100800928,7.132369161267979,7.467447280883789,22560,0.0,0.0
2003-05-30 00:00:00-04:00,7.371710594679826,7.6589202880859375,7.228106204483993,7.6589202880859375,7880,0.0,0.0
2003-06-02 00:00:00-04:00,7.61105136453989,7.658919795866935,7.323842146099196,7.419578552246094,38140,0.0,0.0
2003-06-03 00:00:00-04:00,7.61105136453989,7.61105136453989,7.132368877298206,7.419578552246094,110780,0.0,0.0
2003-06-04 00:00:00-04:00,7.419578552246094,7.467446983573139,7.323842146099196,7.419578552246094,51980,0.0,0.0
2003-06-05 00:00:00-04:00,7.515314703223031,7.898260771315522,7.515314703223031,7.8503923416137695,25040,0.0,0.0
2003-06-06 00:00:00-04:00,7.754657745361328,7.754657745361328,7.563184449724738,7.754657745361328,17980,0.0,0.0
2003-06-09 00:00:00-04:00,7.7546576250602035,7.898262023925781,7.419579477021188,7.898262023925781,26780,0.0,0.0
2003-06-10 00:00:00-04:00,7.70678842455402,7.70678842455402,7.419578742251096,7.611051559448242,15400,0.0,0.0
2003-06-11 00:00:00-04:00,7.611051279654906,7.802524089813232,7.611051279654906,7.802524089813232,7120,0.0,0.0
2003-06-12 00:00:00-04:00,7.8503923416137695,7.8503923416137695,7.754656395224619,7.8503923416137695,14360,0.0,0.0
2003-06-13 00:00:00-04:00,7.850394814983669,8.281208992004395,7.754658838431643,8.281208992004395,56900,0.0,0.0
2003-06-16 00:00:00-04:00,8.329075439287548,8.329075439287548,7.898261365585756,7.94612979888916,26500,0.0,0.0
2003-06-17 00:00:00-04:00,8.04186576298171,8.424812316894531,7.99399824263023,8.424812316894531,128180,0.0,0.0
2003-06-18 00:00:00-04:00,8.233341460235705,8.281208992004395,8.0897361258857,8.281208992004395,63220,0.0,0.0
2003-06-19 00:00:00-04:00,8.233339674898161,8.568416889693253,8.089734371687882,8.137602806091309,51660,0.0,0.0
2003-06-20 00:00:00-04:00,8.137603269304547,8.424812979059373,8.089734832176328,8.376944541931152,47340,0.0,0.0
2003-06-23 00:00:00-04:00,8.376945342193395,8.376945342193395,8.08973560500099,8.18547248840332,16220,0.0,0.0
2003-06-24 00:00:00-04:00,8.041866422791358,8.041866422791358,7.706789187766844,7.898262023925781,24020,0.0,0.0
2003-06-25 00:00:00-04:00,8.041865644791224,8.424812193075919,7.94612969248086,8.089734077453613,33740,0.0,0.0
2003-06-26 00:00:00-04:00,7.993998232192565,8.08973418578495,7.802524498978946,7.94612979888916,20820,0.0,0.0
2003-06-27 00:00:00-04:00,8.233339485695165,8.233339485695165,7.898261365585756,7.94612979888916,20320,0.0,0.0
2003-06-30 00:00:00-04:00,8.089735475313443,8.472682089769114,8.089735475313443,8.329076766967773,24020,0.0,0.0
2003-07-01 00:00:00-04:00,8.568415796179215,8.999229824800029,8.424811424310386,8.903493881225586,111600,0.0,0.0
2003-07-02 00:00:00-04:00,9.142836768807634,9.238572729755008,8.664154225027282,8.855627059936523,69800,0.0,0.0
2003-07-03 00:00:00-04:00,8.999229431152344,9.23857064914059,8.951361917966127,8.999229431152344,20180,0.0,0.0
2003-07-07 00:00:00-04:00,8.9992320204526,9.765124320983887,8.85562761354685,9.765124320983887,63640,0.0,0.0
2003-07-08 00:00:00-04:00,9.573650173777947,9.717254561178844,9.142836098560824,9.382177352905273,38840,0.0,0.0
2003-07-09 00:00:00-04:00,9.382177422141574,9.525781810602208,9.09496773220587,9.238572120666504,24180,0.0,0.0
2003-07-10 00:00:00-04:00,9.047097206115723,9.190702474380107,8.616283227351017,9.047097206115723,20780,0.0,0.0
2003-07-11 00:00:00-04:00,9.047099894845765,9.047099894845765,8.807758622955589,8.855627059936523,19320,0.0,0.0
2003-07-14 00:00:00-04:00,9.190703302405241,9.477912038781282,8.999229594135473,9.334307670593262,45340,0.0,0.0
2003-07-15 00:00:00-04:00,9.477912281715229,9.477912281715229,8.759888596342428,8.903493881225586,37960,0.0,0.0
2003-07-16 00:00:00-04:00,9.047100574852928,9.047100574852928,8.61628643567223,8.807759284973145,18400,0.0,0.0
2003-07-17 00:00:00-04:00,8.616285788046348,8.855627059936523,8.616285788046348,8.855627059936523,14760,0.0,0.0
2003-07-18 00:00:00-04:00,8.951364606709754,8.951364606709754,8.6641548762511,8.807759284973145,10920,0.0,0.0
2003-07-21 00:00:00-04:00,8.9034946637097,9.190704345703125,8.855626231208394,9.190704345703125,31680,0.0,0.0
2003-07-22 00:00:00-04:00,9.190703302405241,9.477912038781282,9.094966448270357,9.334307670593262,17700,0.0,0.0
2003-07-23 00:00:00-04:00,9.621518902906534,10.052332991362015,9.621518902906534,9.90872859954834,97440,0.0,0.0
2003-07-24 00:00:00-04:00,10.100202487783372,10.100202487783372,9.573651474104704,9.765124320983887,97100,0.0,0.0
2003-07-25 00:00:00-04:00,10.24380607845262,10.24380607845262,9.669387583585298,9.956596374511719,140560,0.0,0.0
2003-07-28 00:00:00-04:00,10.052334047809937,10.291675334662555,9.717255881010452,9.765124320983887,132120,0.0,0.0
2003-07-29 00:00:00-04:00,9.573651474104704,9.95659716786307,9.38217862722552,9.765124320983887,52300,0.0,0.0
2003-07-30 00:00:00-04:00,9.621518689168555,10.195937156677246,9.621518689168555,10.195937156677246,78160,0.0,0.0
2003-07-31 00:00:00-04:00,10.052333246830178,10.24380607845262,9.860860415207737,9.956596374511719,51060,0.0,0.0
2003-08-01 00:00:00-04:00,9.908728851366968,10.435278910075061,9.765123542889278,9.956596374511719,58440,0.0,0.0
2003-08-04 00:00:00-04:00,9.95659695389761,10.291675113496327,9.95659695389761,10.05233383178711,20280,0.0,0.0
2003-08-05 00:00:00-04:00,10.148070503711986,10.435279305522249,9.956596751819127,10.339543342590332,54300,0.0,0.0
2003-08-06 00:00:00-04:00,10.339543029282584,11.057566838079786,10.339543029282584,10.770357131958008,148680,0.0,0.0
2003-08-07 00:00:00-04:00,10.531015280818144,10.531015280818144,9.812991511671452,10.195937156677246,125220,0.0,0.0
2003-08-08 00:00:00-04:00,10.291674904617118,10.483147743495463,10.195938028670687,10.339543342590332,73760,0.0,0.0
2003-08-11 00:00:00-04:00,10.770358754402547,10.770358754402547,10.339544586829371,10.722490310668945,110940,0.0,0.0
2003-08-12 00:00:00-04:00,10.6746204577986,10.6746204577986,10.435279183740205,10.483147621154785,55340,0.0,0.0
2003-08-13 00:00:00-04:00,10.387411465805295,10.818225568480718,10.148070196206229,10.770357131958008,64840,0.0,0.0
2003-08-14 00:00:00-04:00,11.10543459547963,11.10543459547963,10.626752085554033,10.818224906921387,69600,0.0,0.0
2003-08-15 00:00:00-04:00,10.86609198854853,10.913959503173828,10.86609198854853,10.913959503173828,10460,0.0,0.0
2003-08-18 00:00:00-04:00,10.722488330873492,10.96182959233502,10.531015504307163,10.866093635559082,71300,0.0,0.0
2003-08-19 00:00:00-04:00,10.722487868104965,11.15330193753945,10.339542231499737,11.10543441772461,78800,0.0,0.0
2003-08-20 00:00:00-04:00,11.201169967651367,11.39264277906993,10.961828725124567,11.201169967651367,98720,0.0,0.0
2003-08-21 00:00:00-04:00,11.201169768462854,11.44051100673349,10.62675134442195,11.009696960449219,110600,0.0,0.0
2003-08-22 00:00:00-04:00,11.00969635845306,11.201169155997206,10.674618277990065,10.913959503173828,84120,0.0,0.0
2003-08-25 00:00:00-04:00,10.96182959233502,11.105434897020608,10.674619895978296,10.866093635559082,43900,0.0,0.0
2003-08-26 00:00:00-04:00,10.818223560908914,11.057564786092675,10.435277052806303,10.913959503173828,110360,0.0,0.0
2003-08-27 00:00:00-04:00,11.105433861045185,11.48837947845459,11.105433861045185,11.48837947845459,95160,0.0,0.0
2003-08-28 00:00:00-04:00,11.48838054059664,11.9670630631215,11.344776149044964,11.823458671569824,155800,0.0,0.0
2003-08-29 00:00:00-04:00,12.254274150366975,12.732956727232757,12.110668829498504,12.541483879089355,137740,0.0,0.0
2003-09-02 00:00:00-04:00,12.445746130125807,12.637218964909458,12.206404858392618,12.39787769317627,120160,0.0,0.0
2003-09-03 00:00:00-04:00,12.206404977196382,12.302141852027253,11.58411802983923,12.254273414611816,111140,0.0,0.0
2003-09-04 00:00:00-04:00,11.967064421644592,12.589351406364287,11.871327541065613,12.541483879089355,90380,0.0,0.0
2003-09-05 00:00:00-04:00,12.780824872545343,12.780824872545343,12.445746711266956,12.49361515045166,91280,0.0,0.0
2003-09-08 00:00:00-04:00,12.637219773739,12.637219773739,12.110668759621843,12.206405639648438,82580,0.0,0.0
2003-09-09 00:00:00-04:00,12.63721917139242,12.87656044703627,11.96706378219254,12.110668182373047,113520,0.0,0.0
2003-09-10 00:00:00-04:00,12.110666739997287,12.206403604058407,11.536248294673767,11.871325492858887,79140,0.0,0.0
2003-09-11 00:00:00-04:00,11.631983247783923,11.967061330236268,11.296906078345902,11.3926420211792,121160,0.0,0.0
2003-09-12 00:00:00-04:00,11.344774804467178,11.727720411894737,11.249037946103115,11.440510749816895,89100,0.0,0.0
2003-09-15 00:00:00-04:00,11.201172254661593,11.919196128845215,11.15330381377977,11.919196128845215,85460,0.0,0.0
2003-09-16 00:00:00-04:00,11.967063304015856,12.44574583617649,11.775590473754496,12.350008964538574,112380,0.0,0.0
2003-09-17 00:00:00-04:00,12.302139690617551,12.780822154641356,12.062798458605648,12.68508529663086,93940,0.0,0.0
2003-09-18 00:00:00-04:00,12.685087867723636,13.115901990062289,12.44574658720055,12.637219429016113,96000,0.0,0.0
2003-09-19 00:00:00-04:00,12.876561603555313,13.259508226788848,12.876561603555313,13.1159029006958,123120,0.0,0.0
2003-09-22 00:00:00-04:00,13.498849523929335,13.594585494976776,12.924430045586329,13.1159029006958,106360,0.0,0.0
2003-09-23 00:00:00-04:00,13.163769360123842,13.163769360123842,12.637218403115996,12.780823707580566,70760,0.0,0.0
2003-09-24 00:00:00-04:00,12.876559918310086,12.924428354076225,12.58935021672772,12.828691482543945,79660,0.0,0.0
2003-09-25 00:00:00-04:00,13.307374028859842,13.307374028859842,12.206404570096172,12.350008964538574,113020,0.0,0.0
2003-09-26 00:00:00-04:00,11.871326828302836,12.254273414611816,11.344776755776556,12.254273414611816,132420,0.0,0.0
2003-09-29 00:00:00-04:00,12.350008599332796,12.73295516154576,11.919194515730851,12.445745468139648,58100,0.0,0.0
2003-09-30 00:00:00-04:00,12.541482336946501,13.020164854951872,12.445745468139648,12.445745468139648,51280,0.0,0.0
2003-10-01 00:00:00-04:00,12.15853662010472,12.445746333480242,11.919195344460867,12.110668182373047,61980,0.0,0.0
2003-10-02 00:00:00-04:00,11.919195706264293,12.58935111580653,11.29690873590676,12.49361515045166,103740,0.0,0.0
2003-10-03 00:00:00-04:00,12.20640505783639,12.589350733660748,11.679854068817017,12.110668182373047,130640,0.0,0.0
2003-10-06 00:00:00-04:00,12.014932140549142,12.49361468867449,12.014932140549142,12.254273414611816,55080,0.0,0.0
2003-10-07 00:00:00-04:00,12.397876855938676,12.924427800796224,12.397876855938676,12.732954978942871,59480,0.0,0.0
2003-10-08 00:00:00-04:00,12.49361372337257,12.876559367079278,12.49361372337257,12.732954978942871,48560,0.0,0.0
2003-10-09 00:00:00-04:00,12.589350700378418,12.732956013193787,12.062800625765588,12.589350700378418,82540,0.0,0.0
2003-10-10 00:00:00-04:00,12.68508874844584,13.163771342726816,12.68508874844584,13.1159029006958,65760,0.0,0.0
2003-10-13 00:00:00-04:00,13.163769069568007,13.690320014953613,12.92442781375768,13.690320014953613,88120,0.0,0.0
2003-10-14 00:00:00-04:00,13.690320794372104,13.690320794372104,13.211638255499054,13.498847961425781,92160,0.0,0.0
2003-10-15 00:00:00-04:00,13.498847372957243,13.546714894346223,13.259506113954558,13.40311050415039,130720,0.0,0.0
2003-10-16 00:00:00-04:00,13.40311068418141,13.786056338523668,13.40311068418141,13.594583511352539,137020,0.0,0.0
2003-10-17 00:00:00-04:00,13.59458332874965,13.881793022155762,13.259506113954558,13.881793022155762,89520,0.0,0.0
2003-10-20 00:00:00-04:00,14.073266612616486,14.312607884644027,13.881793777597354,14.1690034866333,87040,0.0,0.0
2003-10-21 00:00:00-04:00,14.647687860448034,14.839160719385571,14.216873699584925,14.312609672546387,401680,0.0,0.0
2003-10-22 00:00:00-04:00,14.69555330861755,15.030630515218936,14.40834362223463,14.934894561767578,213380,0.0,0.0
2003-10-23 00:00:00-04:00,14.839158527434819,15.222104188743474,14.40834443020896,15.078499794006348,96480,0.0,0.0
2003-10-24 00:00:00-04:00,15.557180307136635,16.13159963752896,15.365706588329623,15.700784683227539,188680,0.0,0.0
2003-10-27 00:00:00-05:00,16.08373128958245,16.466678750881556,15.557181269339415,16.179468154907227,138000,0.0,0.0
2003-10-28 00:00:00-05:00,16.131598128521443,16.22733497896938,15.652915702310295,16.083728790283203,123640,0.0,0.0
2003-10-29 00:00:00-05:00,16.37094179472368,17.424043655395508,16.275204929930094,17.424043655395508,164760,0.0,0.0
2003-10-30 00:00:00-05:00,17.42404150171902,17.615513381610743,16.51454413764043,16.610280990600586,211840,0.0,0.0
2003-10-31 00:00:00-05:00,16.514545032839788,16.514545032839788,14.98276078053007,16.13159942626953,244260,0.0,0.0
2003-11-03 00:00:00-05:00,15.940126120438137,15.940126120438137,15.174234887575452,15.413576126098633,143140,0.0,0.0
2003-11-04 00:00:00-05:00,15.46144344773313,16.083730294812852,15.413575931045733,15.700784683227539,91660,0.0,0.0
2003-11-05 00:00:00-05:00,15.796523094177246,15.844390615566226,15.317840576171875,15.317840576171875,86780,0.0,0.0
2003-11-06 00:00:00-05:00,15.222104018217161,15.222104018217161,14.360475833417874,14.408344268798828,183740,0.0,0.0
2003-11-07 00:00:00-05:00,14.36047498500212,15.269971551449373,13.690319668304904,15.222103118896484,177020,0.0,0.0
2003-11-10 00:00:00-05:00,15.605049471364257,15.987996949408874,15.078499428096267,15.174236297607422,142400,0.0,0.0
2003-11-11 00:00:00-05:00,15.31784135700369,15.700787025722985,15.078500085800508,15.126368522644043,51340,0.0,0.0
2003-11-12 00:00:00-05:00,15.60505227946194,16.75389126826924,15.461447862368336,16.46668243408203,173720,0.0,0.0
2003-11-13 00:00:00-05:00,16.945361867801694,16.993229389190674,16.275205612182617,16.275205612182617,138260,0.0,0.0
2003-11-14 00:00:00-05:00,16.61028769810543,16.94536590576172,16.514550806485158,16.94536590576172,202680,0.0,0.0
2003-11-17 00:00:00-05:00,17.42404486133784,17.471912384033203,16.56241484458976,17.471912384033203,228840,0.0,0.0
2003-11-18 00:00:00-05:00,17.711250131130225,18.47714129828118,17.663382617944006,17.998458862304688,228660,0.0,0.0
2003-11-19 00:00:00-05:00,18.046328990908773,18.046328990908773,17.280435964227255,17.806987762451172,171060,0.0,0.0
2003-11-20 00:00:00-05:00,18.046329920478446,18.094197438224167,16.51454561424159,17.328306198120117,228060,0.0,0.0
2003-11-21 00:00:00-05:00,17.47191070050489,17.56764756269971,16.897491353364728,17.041095733642578,105560,0.0,0.0
2003-11-24 00:00:00-05:00,16.945359072091797,16.945359072091797,15.89225734101894,15.987994194030762,167640,0.0,0.0
2003-11-25 00:00:00-05:00,16.179466065294182,16.753885357026526,15.987994185402462,16.610280990600586,150000,0.0,0.0
2003-11-26 00:00:00-05:00,16.945363051641255,17.519780652554637,16.945363051641255,17.280439376831055,143100,0.0,0.0
2003-11-28 00:00:00-05:00,17.56764793395996,17.80698918149067,17.424043550647294,17.56764793395996,73320,0.0,0.0
2003-12-01 00:00:00-05:00,17.854859532619635,17.90272888533582,16.84962686395799,17.232572555541992,236000,0.0,0.0
2003-12-02 00:00:00-05:00,17.23257197444153,17.6155176531122,16.13160246350246,17.1368350982666,168820,0.0,0.0
2003-12-03 00:00:00-05:00,16.945364179538227,17.136836117244208,16.658153533935547,16.658153533935547,230900,0.0,0.0
2003-12-04 00:00:00-05:00,16.27520706404501,16.610285221745865,15.605050748643299,16.035865783691406,163520,0.0,0.0
2003-12-05 00:00:00-05:00,16.035865940613583,16.753889788700757,15.700787779633751,16.706022262573242,129420,0.0,0.0
2003-12-08 00:00:00-05:00,17.136834754859073,17.23257162911551,16.275206538609094,16.753889083862305,139080,0.0,0.0
2003-12-09 00:00:00-05:00,18.668618335347812,18.668618335347812,15.557181946123176,15.652918815612793,115960,0.0,0.0
2003-12-10 00:00:00-05:00,15.605048733703997,15.892259328660838,14.647684648919908,14.743420600891113,205620,0.0,0.0
2003-12-11 00:00:00-05:00,14.312606471762306,15.078498649247607,13.92966083952686,14.887025833129883,230640,0.0,0.0
2003-12-12 00:00:00-05:00,15.17423521076712,15.413576454387961,14.599815860871345,14.839157104492188,113120,0.0,0.0
2003-12-15 00:00:00-05:00,14.36047518900174,15.413577068067637,14.36047518900174,14.934894561767578,152980,0.0,0.0
2003-12-16 00:00:00-05:00,15.12636862974284,15.12636862974284,14.360476373867032,14.504080772399902,92880,0.0,0.0
2003-12-17 00:00:00-05:00,14.551948824946088,15.174236665840748,14.456212866126162,15.078499794006348,102900,0.0,0.0
2003-12-18 00:00:00-05:00,14.839158058166504,15.317840576171875,14.647685233567245,15.317840576171875,85980,0.0,0.0
2003-12-19 00:00:00-05:00,15.269973028275711,15.269973028275711,14.504080772399902,14.504080772399902,79940,0.0,0.0
2003-12-22 00:00:00-05:00,14.55194866192722,14.791289925817518,14.360475833417874,14.408344268798828,99560,0.0,0.0
2003-12-23 00:00:00-05:00,14.360475726490614,14.695553858647845,13.977530072323315,14.07326602935791,101000,0.0,0.0
2003-12-24 00:00:00-05:00,14.121133717527853,14.79128903338392,14.121133717527853,14.743420600891113,41400,0.0,0.0
2003-12-26 00:00:00-05:00,14.791291341647403,15.605051168959239,14.74342290168446,15.461446762084961,58000,0.0,0.0
2003-12-29 00:00:00-05:00,15.557183642010848,15.605051168959239,15.078501068410514,15.461446762084961,119380,0.0,0.0
2003-12-30 00:00:00-05:00,15.605050540765548,15.74865676788795,15.413578614650731,15.509315490722656,76120,0.0,0.0
2003-12-31 00:00:00-05:00,15.748656810124293,15.748656810124293,15.030632063688223,15.36570930480957,70280,0.0,0.0
2004-01-02 00:00:00-05:00,15.222103819348545,15.509314427882009,14.982762558585113,15.174236297607422,41040,0.0,0.0
2004-01-05 00:00:00-05:00,16.466679349796323,16.562414392574283,16.08373187456891,16.275205612182617,103760,0.0,0.0
2004-01-06 00:00:00-05:00,16.51454786820845,16.51454786820845,15.748656523572704,15.796524047851562,82660,0.0,0.0
2004-01-07 00:00:00-05:00,15.94012628216432,15.94012628216432,15.365706938674961,15.605048179626465,83060,0.0,0.0
2004-01-08 00:00:00-05:00,15.557181946123176,15.700786337343148,15.222103815923973,15.652918815612793,72980,0.0,0.0
2004-01-09 00:00:00-05:00,15.413576972543131,16.13160072754332,15.365707626592483,15.557181358337402,57520,0.0,0.0
2004-01-12 00:00:00-05:00,15.700787025722985,15.700787025722985,14.982763212113438,15.126368522644043,87020,0.0,0.0
2004-01-13 00:00:00-05:00,14.934895766326102,15.557182709500315,14.64768605677858,14.982763290405273,87140,0.0,0.0
2004-01-14 00:00:00-05:00,14.360476913994601,14.40834535297749,13.642453068294872,13.786057472229004,247540,0.0,0.0
2004-01-15 00:00:00-05:00,13.355242651955175,13.546715484901497,12.44574601069928,13.498847961425781,179680,0.0,0.0
2004-01-16 00:00:00-05:00,13.403109951226918,14.408343380171818,13.403109951226918,14.264738082885742,85720,0.0,0.0
2004-01-20 00:00:00-05:00,14.695556138203129,15.317843151006945,14.504082368403862,15.269974708557129,112720,0.0,0.0
2004-01-21 00:00:00-05:00,15.07849931716919,15.07849931716919,14.121134281158447,14.360475540161133,103260,0.0,0.0
2004-01-22 00:00:00-05:00,14.408343855832946,14.408343855832946,13.546714782714844,13.546714782714844,105720,0.0,0.0
2004-01-23 00:00:00-05:00,13.403110616990771,13.738188747621322,13.06803248636022,13.259506225585938,82180,0.0,0.0
2004-01-26 00:00:00-05:00,13.403110621217003,13.642451882310164,12.68508683793752,12.780823707580566,78600,0.0,0.0
2004-01-27 00:00:00-05:00,12.876559445632612,13.642451650732779,12.637218188602212,13.546714782714844,105720,0.0,0.0
2004-01-28 00:00:00-05:00,13.546713865399084,14.264737587869305,13.403109486110791,14.025396347045898,150020,0.0,0.0
2004-01-29 00:00:00-05:00,13.88179073377207,13.88179073377207,13.020162708605728,13.355239868164062,93180,0.0,0.0
2004-01-30 00:00:00-05:00,13.45097827911377,13.45097827911377,12.972295784576016,13.45097827911377,60000,0.0,0.0
2004-02-02 00:00:00-05:00,13.163768768310547,13.163768768310547,12.685086267644708,13.163768768310547,68000,0.0,0.0
2004-02-03 00:00:00-05:00,13.259506285998784,14.121134464382438,13.259506285998784,14.07326602935791,114300,0.0,0.0
2004-02-04 00:00:00-05:00,13.977529890962614,14.169002715561874,13.59458332874965,13.881793022155762,51940,0.0,0.0
2004-02-05 00:00:00-05:00,13.54671507011703,14.169002899406964,13.54671507011703,14.07326602935791,35360,0.0,0.0
2004-02-06 00:00:00-05:00,14.360476180394196,14.83915871974067,14.360476180394196,14.791290283203125,80740,0.0,0.0
2004-02-09 00:00:00-05:00,14.934894561767578,15.174235814917608,14.599816442151768,14.934894561767578,45660,0.0,0.0
2004-02-10 00:00:00-05:00,15.030630282833544,15.07849871532635,14.743420600891113,14.743420600891113,71580,0.0,0.0
2004-02-11 00:00:00-05:00,14.695553099857934,15.317839984002262,14.40834341755501,15.222103118896484,87120,0.0,0.0
2004-02-12 00:00:00-05:00,15.317839071642226,16.035862778125455,15.078497836147816,15.700784683227539,207480,0.0,0.0
2004-02-13 00:00:00-05:00,15.892259260769027,16.083731163893464,15.317839899338086,15.844389915466309,121780,0.0,0.0
2004-02-17 00:00:00-05:00,15.987997797025,15.987997797025,15.652919648985984,15.796524047851562,102260,0.0,0.0
2004-02-18 00:00:00-05:00,15.557181358337402,15.98799634174905,15.317840106670673,15.557181358337402,158020,0.0,0.0
2004-02-19 00:00:00-05:00,15.31784135700369,15.365708880832733,14.839158814597324,15.126368522644043,56140,0.0,0.0
2004-02-20 00:00:00-05:00,14.982761850340736,14.982761850340736,14.216870582513467,14.743420600891113,66060,0.0,0.0
2004-02-23 00:00:00-05:00,14.887025989870413,14.887025989870413,14.073265371534267,14.121133804321289,46020,0.0,0.0
2004-02-24 00:00:00-05:00,14.408344445148122,14.695554147934642,14.360476009181289,14.599817276000977,34920,0.0,0.0
2004-02-25 00:00:00-05:00,14.360475164949726,14.504079551393454,13.64245140670224,13.977529525756836,57200,0.0,0.0
2004-02-26 00:00:00-05:00,13.642452821035011,14.073266938043739,13.4509799815883,13.738189697265625,37780,0.0,0.0
2004-02-27 00:00:00-05:00,13.78605681050715,14.025398080918832,13.738189286836404,13.833925247192383,47940,0.0,0.0
2004-03-01 00:00:00-05:00,14.599816913802101,14.599816913802101,13.786056261597514,14.21687126159668,46560,0.0,0.0
2004-03-02 00:00:00-05:00,14.216870669895336,14.216870669895336,13.690319735266913,14.121133804321289,37300,0.0,0.0
2004-03-03 00:00:00-05:00,14.16900407107758,14.16900407107758,13.546716190329095,13.786057472229004,33220,0.0,0.0
2004-03-04 00:00:00-05:00,13.786057624001621,14.695555235645692,13.690321657996407,14.45621395111084,64660,0.0,0.0
2004-03-05 00:00:00-05:00,14.93489539926922,15.126368229923548,14.743421655600416,15.078499794006348,41220,0.0,0.0
2004-03-08 00:00:00-05:00,15.07849931716919,15.461444966367708,14.88702649256993,15.317840576171875,58580,0.0,0.0
2004-03-09 00:00:00-05:00,15.317840201601856,15.317840201601856,14.07326550261882,14.934894561767578,103860,0.0,0.0
2004-03-10 00:00:00-05:00,14.791291038811533,14.791291038811533,13.786057472229004,13.786057472229004,92620,0.0,0.0
2004-03-11 00:00:00-05:00,13.881793777597354,14.312607884644027,13.69032094257822,14.1690034866333,46580,0.0,0.0
2004-03-12 00:00:00-05:00,13.881794350194781,13.881794350194781,13.40311178639496,13.786057472229004,63700,0.0,0.0
2004-03-15 00:00:00-05:00,14.121135632094692,14.121135632094692,13.642453068294872,13.786057472229004,40140,0.0,0.0
2004-03-16 00:00:00-05:00,13.97753122816056,14.16900407107758,13.642453068294872,13.786057472229004,32180,0.0,0.0
2004-03-17 00:00:00-05:00,13.833924403234036,13.833924403234036,13.403110325378334,13.690320014953613,56180,0.0,0.0
2004-03-18 00:00:00-05:00,14.121134281158447,14.456212408967986,13.929661456559188,14.360475540161133,83840,0.0,0.0
2004-03-19 00:00:00-05:00,14.83915755708339,14.83915755708339,13.977529418974637,14.121133804321289,56400,0.0,0.0
2004-03-22 00:00:00-05:00,14.599818195894512,14.599818195894512,13.786057472229004,13.786057472229004,76400,0.0,0.0
2004-03-23 00:00:00-05:00,13.833924226298684,14.121133912200564,13.690319839854956,13.977529525756836,32620,0.0,0.0
2004-03-24 00:00:00-05:00,13.786057472229004,14.025398754128913,13.594584629311983,13.786057472229004,33260,0.0,0.0
2004-03-25 00:00:00-05:00,13.738188816491729,14.025397600741194,13.546715076306143,13.594583511352539,28940,0.0,0.0
2004-03-26 00:00:00-05:00,13.97753020799733,13.97753020799733,12.876559843804383,12.972296714782715,139920,0.0,0.0
2004-03-29 00:00:00-05:00,13.642451878008464,13.642451878008464,12.780823703550553,13.259506225585938,173140,0.0,0.0
2004-03-30 00:00:00-05:00,13.259504065392306,13.450976860409469,13.02016284336728,13.06803035736084,94540,0.0,0.0
2004-03-31 00:00:00-05:00,13.259507382460828,13.833925911211892,13.259507382460828,13.786057472229004,178380,0.0,0.0
2004-04-01 00:00:00-05:00,14.073266134146625,14.839158361198471,14.073266134146625,14.408344268798828,180320,0.0,0.0
2004-04-02 00:00:00-05:00,14.121135049624893,14.216871923641708,13.881793777597354,14.1690034866333,59660,0.0,0.0
2004-04-05 00:00:00-04:00,13.881793208616461,14.025397600741194,13.594583511352539,13.594583511352539,44520,0.0,0.0
2004-04-06 00:00:00-04:00,13.738189697265625,13.977530974827642,13.642452821035011,13.738189697265625,30880,0.0,0.0
2004-04-07 00:00:00-04:00,13.642452357881902,13.738189230862305,13.163769819008852,13.498847961425781,79500,0.0,0.0
2004-04-08 00:00:00-04:00,13.498847372957243,13.498847372957243,13.259506113954558,13.40311050415039,67620,0.0,0.0
2004-04-12 00:00:00-04:00,13.403108294676482,13.4509767211889,13.211635501641105,13.355239868164062,39140,0.0,0.0
2004-04-13 00:00:00-04:00,12.924425989351544,13.115898784368706,12.589347913310784,13.06803035736084,117840,0.0,0.0
2004-04-14 00:00:00-04:00,12.589349858335481,12.972296420548446,12.25427264354039,12.445745468139648,86280,0.0,0.0
2004-04-15 00:00:00-04:00,12.397875118293621,13.259504065392306,12.397875118293621,13.06803035736084,57440,0.0,0.0
2004-04-16 00:00:00-04:00,13.068032551871092,13.690320381445332,13.068032551871092,13.594583511352539,105660,0.0,0.0
2004-04-19 00:00:00-04:00,13.738189946260649,13.92966278917767,13.546716190329095,13.786057472229004,56400,0.0,0.0
2004-04-20 00:00:00-04:00,13.738187082688968,13.738187082688968,12.68508529663086,12.68508529663086,70860,0.0,0.0
2004-04-21 00:00:00-04:00,12.445746998510376,12.780825167522249,12.254274150366975,12.541483879089355,122760,0.0,0.0
2004-04-22 00:00:00-04:00,12.58935021672772,13.068032748360173,12.58935021672772,12.828691482543945,39660,0.0,0.0
2004-04-23 00:00:00-04:00,12.780823595949187,12.828691117338167,12.350008599332796,12.445745468139648,29400,0.0,0.0
2004-04-26 00:00:00-04:00,12.493613902543075,12.685086727142334,12.350008599332796,12.445745468139648,34520,0.0,0.0
2004-04-27 00:00:00-04:00,12.350009376428185,12.589350650490857,12.158536539780945,12.254273414611816,116560,0.0,0.0
2004-04-28 00:00:00-04:00,11.727720820665292,11.96706206190336,11.344775199890137,11.344775199890137,154700,0.0,0.0
2004-04-29 00:00:00-04:00,11.201171517529316,12.445746333480242,11.201171517529316,12.110668182373047,191900,0.0,0.0
2004-04-30 00:00:00-04:00,12.25427264354039,12.541482336946501,11.967062950134277,11.967062950134277,44080,0.0,0.0
2004-05-03 00:00:00-04:00,11.727721305461708,12.110666942066937,10.626751915460865,11.10543441772461,119420,0.0,0.0
2004-05-04 00:00:00-04:00,11.584117791976594,11.82345906112475,11.153302777098324,11.249039649963379,96080,0.0,0.0
2004-05-05 00:00:00-04:00,11.392643188671322,11.392643188671322,10.770356300934223,11.10543441772461,51580,0.0,0.0
2004-05-06 00:00:00-04:00,10.722490310668945,11.105436947523144,10.148071724909585,10.722490310668945,95980,0.0,0.0
2004-05-07 00:00:00-04:00,10.291676668250727,10.578886432293215,10.148072242736816,10.148072242736816,112220,0.0,0.0
2004-05-10 00:00:00-04:00,9.525780737503956,10.195935996516646,9.334307936788093,10.004463195800781,105180,0.0,0.0
2004-05-11 00:00:00-04:00,9.860859945550786,10.339542458315247,9.382177432786325,10.195937156677246,62920,0.0,0.0
2004-05-12 00:00:00-04:00,10.770356770867668,10.818225205785527,10.243805812800135,10.387411117553711,48900,0.0,0.0
2004-05-13 00:00:00-04:00,10.195937268308626,10.626752264925017,10.004464443709367,10.531015396118164,53680,0.0,0.0
2004-05-14 00:00:00-04:00,10.195939662943852,10.722490739019303,9.908730815097842,10.626754760742188,57260,0.0,0.0
2004-05-17 00:00:00-04:00,10.674619901031951,11.009698032442506,10.100201421061016,10.387411117553711,38720,0.0,0.0
2004-05-18 00:00:00-04:00,10.243804522307618,10.243804522307618,9.860858917236328,9.860858917236328,27300,0.0,0.0
2004-05-19 00:00:00-04:00,10.387410897294478,10.866093410293958,10.291674029488808,10.674619674682617,76740,0.0,0.0
2004-05-20 00:00:00-04:00,10.29167478451097,10.770357332627759,9.573650962335785,10.483147621154785,102340,0.0,0.0
2004-05-21 00:00:00-04:00,10.722488108585452,10.818224976391123,10.483146852085712,10.674619674682617,54520,0.0,0.0
2004-05-24 00:00:00-04:00,10.291673245637313,11.05756539070622,10.291673245637313,11.009696960449219,16860,0.0,0.0
2004-05-25 00:00:00-04:00,11.105435253680279,11.39264404624648,10.770357111667066,11.249039649963379,76960,0.0,0.0
2004-05-26 00:00:00-04:00,11.631985664367676,11.823459415842224,11.249039987447604,11.631985664367676,56940,0.0,0.0
2004-05-27 00:00:00-04:00,12.206404570096172,12.350008964538574,12.014931739834813,12.350008964538574,49020,0.0,0.0
2004-05-28 00:00:00-04:00,12.20640505783639,12.254273495568063,11.775590944280362,12.110668182373047,24720,0.0,0.0
2004-06-01 00:00:00-04:00,12.20640505783639,12.350009458016897,11.72772250654869,12.110668182373047,39420,0.0,0.0
2004-06-02 00:00:00-04:00,12.254272835123754,12.254272835123754,11.53624904689011,11.679853439331055,26060,0.0,0.0
2004-06-03 00:00:00-04:00,11.727720411894737,11.919193215608518,11.392642320634863,11.440510749816895,29580,0.0,0.0
2004-06-04 00:00:00-04:00,11.392644355441494,12.110668182373047,11.392644355441494,12.110668182373047,20540,0.0,0.0
2004-06-07 00:00:00-04:00,12.158535880929676,12.828691229387635,12.158535880929676,12.780823707580566,48940,0.0,0.0
2004-06-08 00:00:00-04:00,12.82869269479718,12.82869269479718,12.397878558220887,12.541483879089355,24520,0.0,0.0
2004-06-09 00:00:00-04:00,12.20640432438393,12.20640432438393,11.48838054059664,11.823458671569824,64580,0.0,0.0
2004-06-10 00:00:00-04:00,11.967061276779155,11.967061276779155,11.488378825707988,11.536247253417969,18400,0.0,0.0
2004-06-14 00:00:00-04:00,11.4883812994693,11.4883812994693,10.866094344287184,11.153303146362305,28840,0.0,0.0
2004-06-15 00:00:00-04:00,11.201169222498283,11.488378877026818,11.201169222498283,11.3926420211792,38420,0.0,0.0
2004-06-16 00:00:00-04:00,11.249038041663766,11.296906471252441,10.866092430983082,11.296906471252441,21760,0.0,0.0
2004-06-17 00:00:00-04:00,11.488379862643207,11.967062356920007,11.488379862643207,11.871325492858887,62620,0.0,0.0
2004-06-18 00:00:00-04:00,12.350010567243322,13.403112639867304,12.206406154164867,13.1159029006958,211940,0.0,0.0
2004-06-21 00:00:00-04:00,12.97229711054172,13.020165547491256,12.254273295342154,12.39787769317627,80720,0.0,0.0
2004-06-22 00:00:00-04:00,12.685088808969912,12.685088808969912,12.11066932788619,12.302143096923828,57760,0.0,0.0
2004-06-23 00:00:00-04:00,12.302142227641669,12.39787819238109,11.727722787147023,12.158536911010742,86140,0.0,0.0
2004-06-24 00:00:00-04:00,12.589348929386082,13.020163894213274,12.589348929386082,12.924427032470703,67220,0.0,0.0
2004-06-25 00:00:00-04:00,12.924430045586329,13.307375755805273,12.68508874844584,13.1159029006958,53880,0.0,0.0
2004-06-28 00:00:00-04:00,13.307372653412232,13.403109515154803,12.685085791128653,12.924427032470703,43540,0.0,0.0
2004-06-29 00:00:00-04:00,12.685087867723636,12.828692270831677,12.206405306677462,12.637219429016113,25900,0.0,0.0
2004-06-30 00:00:00-04:00,12.732955838808532,12.924428673592184,12.254273295342154,12.39787769317627,29420,0.0,0.0
2004-07-01 00:00:00-04:00,12.637218292738908,12.876559551741593,12.206404209136963,12.445745468139648,29480,0.0,0.0
2004-07-02 00:00:00-04:00,12.780823595949187,12.780823595949187,12.302141077943816,12.445745468139648,23000,0.0,0.0
2004-07-06 00:00:00-04:00,12.58934843862036,12.780822154641356,11.96706160059515,12.68508529663086,35560,0.0,0.0
2004-07-07 00:00:00-04:00,12.972296533852203,13.163769360123842,12.637218403115996,12.780823707580566,54240,0.0,0.0
2004-07-08 00:00:00-04:00,12.876558444283043,13.259504973560391,12.780822496724483,13.211636543273926,118580,0.0,0.0
2004-07-09 00:00:00-04:00,13.355241585974,13.355241585974,12.589349402305777,13.163768768310547,42680,0.0,0.0
2004-07-12 00:00:00-04:00,13.211637979214077,13.211637979214077,12.828691408315217,12.972296714782715,22300,0.0,0.0
2004-07-13 00:00:00-04:00,12.493615438799866,12.637219846653778,12.350010117931395,12.541483879089355,66760,0.0,0.0
2004-07-14 00:00:00-04:00,12.87655908530816,13.163768768310547,12.589349402305777,13.163768768310547,56740,0.0,0.0
2004-07-15 00:00:00-04:00,13.06803248636022,14.312607226255112,12.780823703550553,13.259506225585938,123600,0.0,0.0
2004-07-16 00:00:00-04:00,13.307372653412232,13.45097794602609,12.637217360257369,12.924427032470703,58500,0.0,0.0
2004-07-19 00:00:00-04:00,13.163770125610878,13.163770125610878,12.350009425367311,12.589350700378418,33760,0.0,0.0
2004-07-20 00:00:00-04:00,12.445746300577557,12.637219137983541,12.254273463171572,12.589350700378418,45520,0.0,0.0
2004-07-21 00:00:00-04:00,12.350010626168642,12.350010626168642,12.062801798641377,12.302143096923828,23520,0.0,0.0
2004-07-22 00:00:00-04:00,12.20640505783639,12.254273495568063,12.062800657655885,12.110668182373047,16680,0.0,0.0
2004-07-23 00:00:00-04:00,11.919195378564986,11.967063816433622,11.584118139513551,11.631985664367676,49400,0.0,0.0
2004-07-26 00:00:00-04:00,11.488381154802942,11.871326828090572,10.38741165934013,10.483147621154785,86360,0.0,0.0
2004-07-27 00:00:00-04:00,10.531015504307163,10.913961157439823,10.05233298138411,10.866093635559082,108040,0.0,0.0
2004-07-28 00:00:00-04:00,10.86609198854853,11.249037583636822,10.72248670562968,10.913959503173828,73280,0.0,0.0
2004-07-29 00:00:00-04:00,10.770358112754334,11.967064569727038,10.770358112754334,11.919196128845215,69560,0.0,0.0
2004-07-30 00:00:00-04:00,12.158536911010742,12.685087912628413,11.584118383530628,12.158536911010742,52960,0.0,0.0
2004-08-02 00:00:00-04:00,12.445745468139648,12.493613902543075,11.823458559938445,12.445745468139648,20020,0.0,0.0
2004-08-03 00:00:00-04:00,11.96706378219254,12.39787789574857,11.871326906729196,12.110668182373047,34100,0.0,0.0
2004-08-04 00:00:00-04:00,11.631983195823612,11.919192849069175,11.536247253417969,11.536247253417969,31780,0.0,0.0
2004-08-05 00:00:00-04:00,11.392643188671322,11.44051162150058,11.057565984895351,11.10543441772461,20080,0.0,0.0
2004-08-06 00:00:00-04:00,11.488379178998926,11.631983553530674,11.344774804467178,11.440510749816895,27300,0.0,0.0
2004-08-09 00:00:00-04:00,11.488379178998926,11.8234572702588,11.440510749816895,11.440510749816895,8580,0.0,0.0
2004-08-10 00:00:00-04:00,11.536248487159094,11.823458171120224,11.057565984895351,11.10543441772461,47540,0.0,0.0
2004-08-11 00:00:00-04:00,10.866092875906519,11.344775365364702,10.770356012809126,11.057565689086914,23840,0.0,0.0
2004-08-12 00:00:00-04:00,11.057564786092675,11.201169155997206,10.86609198854853,10.913959503173828,19460,0.0,0.0
2004-08-13 00:00:00-04:00,11.009697368366407,11.871325492858887,11.009697368366407,11.871325492858887,24140,0.0,0.0
2004-08-16 00:00:00-04:00,11.871327687963394,12.110668979357934,11.823460160096142,11.919196128845215,24920,0.0,0.0
2004-08-17 00:00:00-04:00,11.82345721380876,12.014930016608371,11.24903789239559,11.584115982055664,37480,0.0,0.0
2004-08-18 00:00:00-04:00,11.344775199890137,11.631983958964314,11.249038338189157,11.344775199890137,32760,0.0,0.0
2004-08-19 00:00:00-04:00,11.536248294673767,12.350007987135687,11.536248294673767,11.871325492858887,89440,0.0,0.0
2004-08-20 00:00:00-04:00,12.397877400357531,12.685087102256807,12.254273005915131,12.350008964538574,72860,0.0,0.0
2004-08-23 00:00:00-04:00,12.302141077943816,12.637218292738908,12.014931384537704,12.445745468139648,37360,0.0,0.0
2004-08-24 00:00:00-04:00,12.397878711634297,12.397878711634297,11.775591719214319,11.919196128845215,36320,0.0,0.0
2004-08-25 00:00:00-04:00,12.158536367872433,12.350009201812453,11.919195097193784,12.062800407409668,30080,0.0,0.0
2004-08-26 00:00:00-04:00,12.110667931133804,12.110667931133804,11.631985389776508,12.062800407409668,42440,0.0,0.0
2004-08-27 00:00:00-04:00,12.062799156873822,12.062799156873822,11.679852615678897,12.014930725097656,18260,0.0,0.0
2004-08-30 00:00:00-04:00,11.823457911007392,12.445744785054352,11.823457911007392,12.014930725097656,38260,0.0,0.0
2004-08-31 00:00:00-04:00,12.014931109991965,12.876559257507324,11.775589856458318,12.876559257507324,41220,0.0,0.0
2004-09-01 00:00:00-04:00,12.82868913533581,13.21163563838444,12.445743545301488,13.06803035736084,36740,0.0,0.0
2004-09-02 00:00:00-04:00,12.924427032470703,13.068031412070182,12.780822652871224,12.924427032470703,22720,0.0,0.0
2004-09-03 00:00:00-04:00,12.685087102256807,12.780823973894723,12.350008964538574,12.350008964538574,32000,0.0,0.0
2004-09-07 00:00:00-04:00,12.397876353278185,12.493613216830516,11.967062293321492,12.014930725097656,36340,0.0,0.0
2004-09-08 00:00:00-04:00,12.014930725097656,12.20640353918792,11.871325429769161,12.014930725097656,57100,0.0,0.0
2004-09-09 00:00:00-04:00,12.0628001623436,13.020165225608505,11.91919485504518,12.828691482543945,26940,0.0,0.0
2004-09-10 00:00:00-04:00,13.068032946028449,13.498847961425781,12.924428549572328,13.498847961425781,42560,0.0,0.0
2004-09-13 00:00:00-04:00,13.115902065512163,13.833925911211892,12.876560783612252,13.786057472229004,88560,0.0,0.0
2004-09-14 00:00:00-04:00,13.881792468078228,14.79128903338392,13.738188083614217,14.743420600891113,121740,0.0,0.0
2004-09-15 00:00:00-04:00,14.551947984546171,14.551947984546171,13.977529525756836,13.977529525756836,75740,0.0,0.0
2004-09-16 00:00:00-04:00,13.977530974827642,14.025398499928432,13.642452821035011,13.738189697265625,46640,0.0,0.0
2004-09-17 00:00:00-04:00,13.833924773570065,14.07326603578759,13.450979119227808,13.594583511352539,79780,0.0,0.0
2004-09-20 00:00:00-04:00,13.211637857010283,13.881793208616461,13.211637857010283,13.594583511352539,43220,0.0,0.0
2004-09-21 00:00:00-04:00,13.83392503957508,14.64768571196781,13.83392503957508,14.599817276000977,69340,0.0,0.0
2004-09-22 00:00:00-04:00,14.50408004424352,14.50408004424352,14.121134392038098,14.21687126159668,51900,0.0,0.0
2004-09-23 00:00:00-04:00,14.551948475300907,14.743421301354646,14.121134388426384,14.69555377960205,162240,0.0,0.0
2004-09-24 00:00:00-04:00,14.504080226546268,14.647685532689126,14.26473896265597,14.408344268798828,33020,0.0,0.0
2004-09-27 00:00:00-04:00,14.504079186297604,15.07849854364211,14.504079186297604,15.030630111694336,69620,0.0,0.0
2004-09-28 00:00:00-04:00,15.078498855003943,15.557181358337402,14.791289170400985,15.557181358337402,142300,0.0,0.0
2004-09-29 00:00:00-04:00,15.652919198983808,15.940127988458062,14.743421655600416,15.078499794006348,84080,0.0,0.0
2004-09-30 00:00:00-04:00,15.222102559309812,15.796521902799169,15.222102559309812,15.605048179626465,71660,0.0,0.0
2004-10-01 00:00:00-04:00,15.509315532317109,15.509315532317109,15.078500501852565,15.36570930480957,33980,0.0,0.0
2004-10-04 00:00:00-04:00,14.887025833129883,15.030630216964575,14.647684584729127,14.887025833129883,80780,0.0,0.0
2004-10-05 00:00:00-04:00,15.07849871532635,15.174235580311965,14.743420600891113,14.743420600891113,86860,0.0,0.0
2004-10-06 00:00:00-04:00,14.743422045297686,14.98276331819547,14.456213248231945,14.504080772399902,75840,0.0,0.0
2004-10-07 00:00:00-04:00,14.64768571196781,14.839158542820666,14.599817276000977,14.599817276000977,66680,0.0,0.0
2004-10-08 00:00:00-04:00,15.078500110919178,15.222104508674516,14.551949130792117,14.647686004638672,136660,0.0,0.0
2004-10-11 00:00:00-04:00,14.791287870649805,14.934893156839502,14.408342266839291,14.551946640014648,42160,0.0,0.0
2004-10-12 00:00:00-04:00,14.312607218140808,14.312607218140808,14.025397522479516,14.21687126159668,53280,0.0,0.0
2004-10-13 00:00:00-04:00,14.073265371534267,14.312606622454966,13.738188168053936,14.121133804321289,84800,0.0,0.0
2004-10-14 00:00:00-04:00,14.504078828692712,14.504078828692712,13.929660398525161,14.025396347045898,35240,0.0,0.0
2004-10-15 00:00:00-04:00,14.025397522479516,14.40834408769939,14.025397522479516,14.21687126159668,76000,0.0,0.0
2004-10-18 00:00:00-04:00,14.456211310939533,14.456211310939533,13.881791967757605,14.025396347045898,55660,0.0,0.0
2004-10-19 00:00:00-04:00,14.169003014851715,14.264738972666338,13.881793315378912,13.929661750793457,47840,0.0,0.0
2004-10-20 00:00:00-04:00,14.360476009181289,14.791290106853832,14.216871614295266,14.599817276000977,127120,0.0,0.0
2004-10-21 00:00:00-04:00,14.647684584729127,14.982761784681541,14.551947720163064,14.887025833129883,101380,0.0,0.0
2004-10-22 00:00:00-04:00,14.887027156278213,15.030631552876361,14.599817450067432,14.791290283203125,52780,0.0,0.0
2004-10-25 00:00:00-04:00,15.078498855003943,15.557181358337402,15.078498855003943,15.557181358337402,83700,0.0,0.0
2004-10-26 00:00:00-04:00,14.743421301354646,14.743421301354646,14.360475649247169,14.69555377960205,350740,0.0,0.0
2004-10-27 00:00:00-04:00,14.743421301354646,14.934895040422838,14.599816910067956,14.69555377960205,107760,0.0,0.0
2004-10-28 00:00:00-04:00,14.504081477606176,14.982764046675879,14.45621395111084,14.45621395111084,73820,0.0,0.0
2004-10-29 00:00:00-04:00,14.456213544759695,15.509315532317109,14.456213544759695,15.36570930480957,120780,0.0,0.0
2004-11-01 00:00:00-05:00,15.509314431598506,15.509314431598506,14.599816910067956,14.69555377960205,77100,0.0,0.0
2004-11-02 00:00:00-05:00,14.504080118549737,14.504080118549737,13.450979113082434,14.07326602935791,95400,0.0,0.0
2004-11-03 00:00:00-05:00,14.312607214480122,14.69555377960205,14.312607214480122,14.69555377960205,108000,0.0,0.0
2004-11-04 00:00:00-05:00,15.3178406888597,15.796523210386566,15.078499428096267,15.174236297607422,130040,0.0,0.0
2004-11-05 00:00:00-05:00,15.222103462268812,15.796522839832116,15.078499074385201,15.748655319213867,98120,0.0,0.0
2004-11-08 00:00:00-05:00,15.605046364072054,16.27520249117908,15.509311339652658,16.083728790283203,116580,0.0,0.0
2004-11-09 00:00:00-05:00,16.08373150496309,16.08373150496309,15.557181477668912,15.89225959777832,122120,0.0,0.0
2004-11-10 00:00:00-05:00,15.892261808736903,15.892261808736903,15.317842355210681,15.461446762084961,65260,0.0,0.0
2004-11-11 00:00:00-05:00,15.317841738578808,15.605050540765548,15.317841738578808,15.509315490722656,24380,0.0,0.0
2004-11-12 00:00:00-05:00,15.509311755000242,16.275202927037636,15.41357490198842,15.987994194030762,187320,0.0,0.0
2004-11-15 00:00:00-05:00,15.987998087931476,16.08373313823112,15.174237378181244,15.36570930480957,56560,0.0,0.0
2004-11-16 00:00:00-05:00,15.413576414863263,15.987995763286065,15.413576414863263,15.940126419067383,87300,0.0,0.0
2004-11-17 00:00:00-05:00,16.08373311240048,17.280439499514475,16.08373311240048,17.1368350982666,176660,0.0,0.0
2004-11-18 00:00:00-05:00,16.849628155008052,16.945365041746868,16.46668243408203,16.46668243408203,91000,0.0,0.0
2004-11-19 00:00:00-05:00,16.753888016278417,17.23257053102923,16.275205501527605,16.41880989074707,147940,0.0,0.0
2004-11-22 00:00:00-05:00,16.418810250173383,16.99322964565482,16.418810250173383,16.801755905151367,109900,0.0,0.0
2004-11-23 00:00:00-05:00,16.610287341806767,16.849628652708798,16.418813562673428,16.56241798400879,44480,0.0,0.0
2004-11-24 00:00:00-05:00,16.75389126826924,16.945365041746868,16.46668243408203,16.46668243408203,63020,0.0,0.0
2004-11-26 00:00:00-05:00,16.706021441300436,16.897493362426758,16.610284567722783,16.897493362426758,47580,0.0,0.0
2004-11-29 00:00:00-05:00,16.849628155008052,16.993232572101657,16.46668243408203,16.46668243408203,97160,0.0,0.0
2004-11-30 00:00:00-05:00,16.370939780049458,16.514544146552897,15.365705562468214,15.987994194030762,163000,0.0,0.0
2004-12-01 00:00:00-05:00,15.796524292909396,15.940128694002766,15.413578614650731,15.509315490722656,111100,0.0,0.0
2004-12-02 00:00:00-05:00,15.748656087147062,15.748656087147062,14.121134742361601,14.599817276000977,190140,0.0,0.0
2004-12-03 00:00:00-05:00,14.599817907082926,15.605050540765548,14.408345067953595,15.509315490722656,146380,0.0,0.0
2004-12-06 00:00:00-05:00,15.269971551449373,15.41357684910804,14.647684667305045,15.222103118896484,61280,0.0,0.0
2004-12-07 00:00:00-05:00,15.174235580311965,15.269971532283169,14.551947783934295,14.743420600891113,60440,0.0,0.0
2004-12-08 00:00:00-05:00,13.881792449485022,14.695553061729562,13.786055584627638,14.264738082885742,108760,0.0,0.0
2004-12-09 00:00:00-05:00,14.121134281158447,14.551948364760392,13.690320197556503,14.360475540161133,73620,0.0,0.0
2004-12-10 00:00:00-05:00,14.169001639348568,14.264737587869305,13.929660398525161,14.025396347045898,45040,0.0,0.0
2004-12-13 00:00:00-05:00,14.025396347045898,14.169001639348568,13.690319157701754,14.025396347045898,68300,0.0,0.0
2004-12-14 00:00:00-05:00,13.929663954671314,14.360478115534423,13.40311290783213,14.312609672546387,65380,0.0,0.0
2004-12-15 00:00:00-05:00,14.40834655852246,14.743423833409498,14.169005256596886,14.312609672546387,81140,0.0,0.0
2004-12-16 00:00:00-05:00,14.360475540161133,14.40834397456456,13.929661456559188,14.360475540161133,90220,0.0,0.0
2004-12-17 00:00:00-05:00,14.169003347258505,14.791290283203125,14.169003347258505,14.791290283203125,134120,0.0,0.0
2004-12-20 00:00:00-05:00,14.839159641160785,14.982764046675879,14.408345511600961,14.45621395111084,70520,0.0,0.0
2004-12-21 00:00:00-05:00,14.456211920816036,14.504079440588644,13.977529418974637,14.121133804321289,108180,0.0,0.0
2004-12-22 00:00:00-05:00,14.121135632094692,14.121135632094692,13.69032150727776,13.786057472229004,71580,0.0,0.0
2004-12-23 00:00:00-05:00,13.833925660481722,13.881794098597029,13.594584382919704,13.738189697265625,49560,0.0,0.0
2004-12-27 00:00:00-05:00,13.833924696376805,14.264738783361517,13.833924696376805,14.21687126159668,39060,0.0,0.0
2004-12-28 00:00:00-05:00,14.312606622454966,14.504079440588644,13.88179255340059,14.121133804321289,30860,0.0,0.0
2004-12-29 00:00:00-05:00,13.881793022155762,14.073265846755021,13.546714894346223,13.881793022155762,109180,0.0,0.0
2004-12-30 00:00:00-05:00,13.881791967757605,14.264737587869305,13.690319157701754,14.025396347045898,51280,0.0,0.0
2004-12-31 00:00:00-05:00,14.169002237108312,14.312606622454966,14.025396938747244,14.121133804321289,29280,0.0,0.0
2005-01-03 00:00:00-05:00,13.977530078709254,13.977530078709254,13.594583511352539,13.594583511352539,40520,0.0,0.0
2005-01-04 00:00:00-05:00,13.54671705294576,13.786058350086247,12.780825632507874,13.1159029006958,85520,0.0,0.0
2005-01-05 00:00:00-05:00,12.924426874569509,13.307372490832487,12.780822496724483,13.211636543273926,55280,0.0,0.0
2005-01-06 00:00:00-05:00,13.163769619892452,13.163769619892452,12.541482693976052,12.828691482543945,66680,0.0,0.0
2005-01-07 00:00:00-05:00,13.068032748360173,13.115901184126312,12.637218652493859,12.828691482543945,38020,0.0,0.0
2005-01-10 00:00:00-05:00,12.924427517977628,13.355241585974,12.87655908530816,13.163768768310547,112200,0.0,0.0
2005-01-11 00:00:00-05:00,13.45097952493558,13.546715484901497,13.163769819008852,13.498847961425781,139740,0.0,0.0
2005-01-12 00:00:00-05:00,13.738187450396298,13.881791828241322,13.211636543273926,13.211636543273926,94180,0.0,0.0
2005-01-13 00:00:00-05:00,13.163767075128687,13.355239868164062,13.06803022210385,13.355239868164062,43720,0.0,0.0
2005-01-14 00:00:00-05:00,13.06803267274658,13.211637979214077,12.876559843804383,12.972296714782715,33920,0.0,0.0
2005-01-18 00:00:00-05:00,12.828691225342528,13.355242182184343,12.780823703550553,13.259506225585938,29300,0.0,0.0
2005-01-19 00:00:00-05:00,13.403112639867304,13.498849523929335,12.924430045586329,13.1159029006958,49660,0.0,0.0
2005-01-20 00:00:00-05:00,12.924426874569509,13.259504973560391,12.924426874569509,13.211636543273926,23920,0.0,0.0
2005-01-21 00:00:00-05:00,13.068032551871092,13.690320381445332,13.068032551871092,13.594583511352539,39060,0.0,0.0
2005-01-24 00:00:00-05:00,13.833926792117264,13.833926792117264,12.972298487617344,13.1159029006958,75080,0.0,0.0
2005-01-25 00:00:00-05:00,13.068033551354764,13.068033551354764,12.58935099030859,12.637219429016113,69700,0.0,0.0
2005-01-26 00:00:00-05:00,12.92442769081694,13.163768944350586,12.828690824197711,12.876559257507324,22620,0.0,0.0
2005-01-27 00:00:00-05:00,12.924428279293549,13.16376954372491,12.732955450351353,12.972296714782715,68840,0.0,0.0
2005-01-28 00:00:00-05:00,13.115898784368706,13.115898784368706,12.82868913533581,13.06803035736084,37600,0.0,0.0
2005-01-31 00:00:00-05:00,12.924427032470703,13.020163894213274,12.828690170728132,12.924427032470703,23300,0.0,0.0
2005-02-01 00:00:00-05:00,12.828690652638695,13.163768768310547,12.732954700314176,13.163768768310547,22900,0.0,0.0
2005-02-02 00:00:00-05:00,13.21163670468404,13.21163670468404,12.876558601599418,12.924427032470703,42320,0.0,0.0
2005-02-03 00:00:00-05:00,12.637218111508977,12.924427800796224,12.58934967779203,12.732954978942871,105000,0.0,0.0
2005-02-04 00:00:00-05:00,12.732955524026139,12.972296789842364,12.493614258209911,12.828691482543945,63340,0.0,0.0
2005-02-07 00:00:00-05:00,12.876560412994648,12.876560412994648,12.589350700378418,12.589350700378418,61580,0.0,0.0
2005-02-08 00:00:00-05:00,12.589349570664064,13.020164557436168,12.589349570664064,12.876559257507324,73340,0.0,0.0
2005-02-09 00:00:00-05:00,12.876561603555313,13.163771342726816,12.780825632507874,13.1159029006958,70660,0.0,0.0
2005-02-10 00:00:00-05:00,13.115900702663012,13.690320084741746,13.115900702663012,13.546714782714844,178240,0.0,0.0
2005-02-11 00:00:00-05:00,13.69032265274574,14.360478115534423,13.69032265274574,14.312609672546387,108060,0.0,0.0
2005-02-14 00:00:00-05:00,14.695551926204345,15.030629101284962,14.551946640014648,14.551946640014648,111600,0.0,0.0
2005-02-15 00:00:00-05:00,14.26473867135428,14.647685233567245,14.26473867135428,14.360475540161133,58400,0.0,0.0
2005-02-16 00:00:00-05:00,14.216871898358166,14.79129040239401,14.121135024511611,14.647686004638672,79340,0.0,0.0
2005-02-17 00:00:00-05:00,14.74342129782168,15.365708210600824,14.647685341324978,15.174236297607422,92700,0.0,0.0
2005-02-18 00:00:00-05:00,14.98276167974656,15.222102926471038,14.887025728865408,15.030630111694336,37800,0.0,0.0
2005-02-22 00:00:00-05:00,15.509313518157692,15.509313518157692,14.887025728865408,15.030630111694336,77640,0.0,0.0
2005-02-23 00:00:00-05:00,14.982761485458937,15.078498348113028,14.360474617250503,14.839157104492188,51740,0.0,0.0
2005-02-24 00:00:00-05:00,14.934895794027513,14.934895794027513,14.360476373867032,14.504080772399902,68860,0.0,0.0
2005-02-25 00:00:00-05:00,14.456211831963092,14.79128903338392,14.408343399470285,14.743420600891113,39940,0.0,0.0
2005-02-28 00:00:00-05:00,14.83915871974067,14.982763116338816,14.74342184666558,14.791290283203125,28600,0.0,0.0
2005-03-01 00:00:00-05:00,14.69555452112973,14.69555452112973,14.264739499502118,14.504080772399902,58620,0.0,0.0
2005-03-02 00:00:00-05:00,14.408343336328372,15.17423551381367,14.408343336328372,14.887025833129883,56560,0.0,0.0
2005-03-03 00:00:00-05:00,14.982763212113438,15.174236959487578,14.695554417081212,15.126368522644043,41640,0.0,0.0
2005-03-04 00:00:00-05:00,15.030631358089146,15.365708583480602,14.982762922171945,15.078499794006348,90100,0.0,0.0
2005-03-07 00:00:00-05:00,15.030630301699338,15.41357684910804,14.982761869146449,15.222103118896484,42440,0.0,0.0
2005-03-08 00:00:00-05:00,15.317839552454666,16.03586328147598,15.317839552454666,15.940126419067383,107920,0.0,0.0
2005-03-09 00:00:00-05:00,16.27520706404501,16.27520706404501,15.748656977678705,16.035865783691406,68140,0.0,0.0
2005-03-10 00:00:00-05:00,16.13160096224645,16.13160096224645,15.557181584683144,15.748655319213867,39940,0.0,0.0
2005-03-11 00:00:00-05:00,15.605050298678123,15.987997797025,15.461445899812546,15.796524047851562,64020,0.0,0.0
2005-03-14 00:00:00-05:00,15.557181584683144,15.748655319213867,15.413577196799533,15.748655319213867,41680,0.0,0.0
2005-03-15 00:00:00-05:00,15.796524503337803,16.035865783691406,15.796524503337803,16.035865783691406,46840,0.0,0.0
2005-03-16 00:00:00-05:00,16.0358656130813,16.13160248940998,15.174237378181244,15.36570930480957,65540,0.0,0.0
2005-03-17 00:00:00-05:00,15.174237378181244,15.748656810124293,14.934896100374061,15.36570930480957,49800,0.0,0.0
2005-03-18 00:00:00-05:00,15.269971768368965,15.269971768368965,14.934894561767578,14.934894561767578,43540,0.0,0.0
2005-03-21 00:00:00-05:00,14.887026978787498,14.887026978787498,14.360476009181289,14.599817276000977,58380,0.0,0.0
2005-03-22 00:00:00-05:00,14.55194867213914,14.743421500782853,13.881793315378912,13.929661750793457,108280,0.0,0.0
2005-03-23 00:00:00-05:00,13.833924773570065,13.977530078709254,13.546715076306143,13.594583511352539,66680,0.0,0.0
2005-03-24 00:00:00-05:00,13.690320381445332,13.833924773570065,13.163769421963886,13.594583511352539,83440,0.0,0.0
2005-03-28 00:00:00-05:00,13.403110393702379,13.59458321672381,13.163769136671979,13.546714782714844,62940,0.0,0.0
2005-03-29 00:00:00-05:00,13.594581228418765,13.642449655426631,12.78082162134225,13.06803035736084,99800,0.0,0.0
2005-03-30 00:00:00-05:00,13.020163894213274,13.068031412070182,12.876558601599418,12.924427032470703,39180,0.0,0.0
2005-03-31 00:00:00-05:00,13.259507142141588,13.738189697265625,13.06803338968036,13.738189697265625,117700,0.0,0.0
2005-04-01 00:00:00-05:00,13.498846917133237,14.121133804321289,13.259505666212537,14.121133804321289,66620,0.0,0.0
2005-04-04 00:00:00-04:00,13.97752920570818,13.97752920570818,13.45097827911377,13.45097827911377,92140,0.0,0.0
2005-04-05 00:00:00-04:00,13.642452357881902,13.690320794372104,13.211638255499054,13.498847961425781,114640,0.0,0.0
2005-04-06 00:00:00-04:00,13.49884690113941,13.642451286315918,13.25950565050229,13.642451286315918,35460,0.0,0.0
2005-04-07 00:00:00-04:00,13.546715944804397,13.786057222366415,13.403111543472992,13.738189697265625,28540,0.0,0.0
2005-04-08 00:00:00-04:00,13.642450589823369,13.642450589823369,13.211636543273926,13.211636543273926,45860,0.0,0.0
2005-04-11 00:00:00-04:00,13.403110018643465,13.403110018643465,12.780823132983642,13.163768768310547,50140,0.0,0.0
2005-04-12 00:00:00-04:00,13.16376954372491,13.16376954372491,12.732955450351353,12.972296714782715,35700,0.0,0.0
2005-04-13 00:00:00-04:00,12.972296124126553,13.259505810969815,12.876559257507324,12.876559257507324,86940,0.0,0.0
2005-04-14 00:00:00-04:00,12.68508684690879,12.732955281764166,11.823458671569824,11.823458671569824,88900,0.0,0.0
2005-04-15 00:00:00-04:00,11.919193526293762,12.445744434992472,11.48837947845459,11.48837947845459,61840,0.0,0.0
2005-04-18 00:00:00-04:00,11.34477737146731,12.30214251967503,11.34477737146731,12.206405639648438,37960,0.0,0.0
2005-04-19 00:00:00-04:00,12.445746711266956,12.58935111580653,12.062801023818404,12.49361515045166,92420,0.0,0.0
2005-04-20 00:00:00-04:00,12.44574558564636,12.780823716619544,11.72772180185907,11.823458671569824,62480,0.0,0.0
2005-04-21 00:00:00-04:00,11.823456906663532,11.967061276779155,11.440510397998008,11.536247253417969,49620,0.0,0.0
2005-04-22 00:00:00-04:00,11.919195378564986,11.919195378564986,11.536249701644914,11.631985664367676,58840,0.0,0.0
2005-04-25 00:00:00-04:00,11.584116726704327,11.871325492858887,11.488379862643207,11.871325492858887,40340,0.0,0.0
2005-04-26 00:00:00-04:00,12.206404399971953,12.206404399971953,11.584117482041911,11.679853439331055,57280,0.0,0.0
2005-04-27 00:00:00-04:00,11.4883812994693,11.536249737486658,11.057567183342103,11.153303146362305,92340,0.0,0.0
2005-04-28 00:00:00-04:00,10.913961507950166,11.296908086395907,10.866093984532123,11.249039649963379,74960,0.0,0.0
2005-04-29 00:00:00-04:00,11.249038041663766,11.392642417415436,11.057565236323425,11.296906471252441,58140,0.0,0.0
2005-05-02 00:00:00-04:00,11.201169768462854,11.201169768462854,10.818224152435585,11.009696960449219,59940,0.0,0.0
2005-05-03 00:00:00-04:00,11.00969635845306,11.00969635845306,10.626750763364766,10.913959503173828,49580,0.0,0.0
2005-05-04 00:00:00-04:00,11.009698576443245,11.201171412561097,10.866094177608481,10.961830139160156,53220,0.0,0.0
2005-05-05 00:00:00-04:00,10.913961157439823,11.057566462125411,10.674619895978296,10.866093635559082,32740,0.0,0.0
2005-05-06 00:00:00-04:00,10.770356765768689,11.009698027230217,10.626752374097556,10.866093635559082,31620,0.0,0.0
2005-05-09 00:00:00-04:00,10.770355722178584,11.10543382096322,10.770355722178584,11.009696960449219,18900,0.0,0.0
2005-05-10 00:00:00-04:00,11.153301087739052,11.584116037362989,11.105433571571368,11.440510749816895,66980,0.0,0.0
2005-05-11 00:00:00-04:00,11.344775365364702,11.344775365364702,10.770356012809126,11.057565689086914,36100,0.0,0.0
2005-05-12 00:00:00-04:00,11.009698220340189,11.009698220340189,10.531015689021052,10.57888412475586,41380,0.0,0.0
2005-05-13 00:00:00-04:00,10.38740971024684,10.578882510962705,9.956594767368232,10.004463195800781,56520,0.0,0.0
2005-05-16 00:00:00-04:00,9.90872964090419,10.052334047809937,9.717255881010452,9.765124320983887,46960,0.0,0.0
2005-05-17 00:00:00-04:00,9.812993049621582,10.10020278489635,9.669388638491489,9.812993049621582,72540,0.0,0.0
2005-05-18 00:00:00-04:00,9.956595900295016,10.195937156677246,9.860859945550786,10.195937156677246,37140,0.0,0.0
2005-05-19 00:00:00-04:00,10.339541896452317,10.339541896452317,9.812990978421922,10.100200653076172,36780,0.0,0.0
2005-05-20 00:00:00-04:00,10.195937642293389,10.195937642293389,9.860860415207737,9.956596374511719,38560,0.0,0.0
2005-05-23 00:00:00-04:00,10.195935888155573,11.727720103631544,10.052331517398466,11.3926420211792,80040,0.0,0.0
2005-05-24 00:00:00-04:00,10.913961157439823,10.96182959233502,10.57888393920236,10.866093635559082,129520,0.0,0.0
2005-05-25 00:00:00-04:00,10.770355133269298,10.961827930813444,10.531013908085535,10.913959503173828,58140,0.0,0.0
2005-05-26 00:00:00-04:00,10.818225568480718,10.86609400500343,10.578884298881652,10.770357131958008,34560,0.0,0.0
2005-05-27 00:00:00-04:00,10.72248672139126,11.58411568112795,10.626750778985617,11.536247253417969,142740,0.0,0.0
2005-05-31 00:00:00-04:00,11.057565689086914,11.24903850226731,10.770356012809126,11.057565689086914,102460,0.0,0.0
2005-06-01 00:00:00-04:00,11.009697156232804,11.39264277906993,11.009697156232804,11.201169967651367,66160,0.0,0.0
2005-06-02 00:00:00-04:00,11.296907236027224,11.631984439803194,11.10543441772461,11.10543441772461,59660,0.0,0.0
2005-06-03 00:00:00-04:00,11.10543412063561,11.440511315447704,11.057565689086914,11.057565689086914,61620,0.0,0.0
2005-06-06 00:00:00-04:00,11.249038803197966,11.34477566885648,11.10543441772461,11.10543441772461,61900,0.0,0.0
2005-06-07 00:00:00-04:00,11.249037583636822,11.249037583636822,10.818223560908914,10.913959503173828,43920,0.0,0.0
2005-06-08 00:00:00-04:00,11.249038198719854,11.249038198719854,10.866092582692584,11.009696960449219,60320,0.0,0.0
2005-06-09 00:00:00-04:00,10.913959503173828,11.00969635845306,10.770355133269298,10.913959503173828,55820,0.0,0.0
2005-06-10 00:00:00-04:00,10.961828377146077,11.344774900841115,10.818224001394409,11.296906471252441,46680,0.0,0.0
2005-06-13 00:00:00-04:00,11.488380992575117,12.302141678088317,11.488380992575117,12.062800407409668,148480,0.0,0.0
2005-06-14 00:00:00-04:00,12.06279981894113,12.397877033736222,11.823458559938445,11.967062950134277,64640,0.0,0.0
2005-06-15 00:00:00-04:00,12.206404977196382,12.49361468867449,11.871326828302836,12.254273414611816,61360,0.0,0.0
2005-06-16 00:00:00-04:00,12.445746300577557,12.732956013193787,12.445746300577557,12.589350700378418,77740,0.0,0.0
2005-06-17 00:00:00-04:00,12.924427800796224,13.020164668230118,12.732954978942871,12.732954978942871,109940,0.0,0.0
2005-06-20 00:00:00-04:00,12.876558845011045,13.02016414033954,11.967062293321492,12.014930725097656,95740,0.0,0.0
2005-06-21 00:00:00-04:00,12.014932464861896,12.685087867723636,11.77559118433881,12.637219429016113,62680,0.0,0.0
2005-06-22 00:00:00-04:00,12.254271970964087,12.445744785054352,11.967062293321492,12.014930725097656,90720,0.0,0.0
2005-06-23 00:00:00-04:00,12.110668182373047,12.39787789574857,12.110668182373047,12.110668182373047,124200,0.0,0.0
2005-06-24 00:00:00-04:00,12.062800407409668,12.445746075289708,12.062800407409668,12.062800407409668,91660,0.0,0.0
2005-06-27 00:00:00-04:00,12.014929918993273,12.206402720237264,11.727720260620117,11.727720260620117,88580,0.0,0.0
2005-06-28 00:00:00-04:00,11.536247908884357,11.584116339314125,11.296906669749887,11.48837947845459,52120,0.0,0.0
2005-06-29 00:00:00-04:00,11.488381043193051,12.445746130125807,11.488381043193051,12.39787769317627,128660,0.0,0.0
2005-06-30 00:00:00-04:00,12.44574557684436,13.020164968673727,12.44574557684436,12.780823707580566,214000,0.0,0.0
2005-07-01 00:00:00-04:00,12.63721773390547,13.54671429529372,12.589349301618844,13.307373046875,81720,0.0,0.0
2005-07-05 00:00:00-04:00,12.541482050368874,13.020164557436168,12.158535496906383,12.876559257507324,132240,0.0,0.0
2005-07-06 00:00:00-04:00,12.972295950647094,13.25950563364948,12.924427517977628,13.163768768310547,48740,0.0,0.0
2005-07-07 00:00:00-04:00,13.355239868164062,13.498845147701317,13.06803022210385,13.355239868164062,57960,0.0,0.0
2005-07-08 00:00:00-04:00,13.594582836306918,13.690319701645851,13.068031902971613,13.163768768310547,34320,0.0,0.0
2005-07-11 00:00:00-04:00,13.211635501641105,13.403108294676482,13.06803022210385,13.355239868164062,29040,0.0,0.0
2005-07-12 00:00:00-04:00,13.594582727580345,13.594582727580345,13.163768663029531,13.307373046875,64580,0.0,0.0
2005-07-13 00:00:00-04:00,13.25950563364948,13.25950563364948,13.068031902971613,13.163768768310547,33160,0.0,0.0
2005-07-14 00:00:00-04:00,13.403109515154803,13.546713894754282,12.780822652871224,12.924427032470703,107000,0.0,0.0
2005-07-15 00:00:00-04:00,12.73295725122932,12.73295725122932,12.254274654664417,12.302143096923828,93880,0.0,0.0
2005-07-18 00:00:00-04:00,12.302142227641669,12.39787819238109,12.110668472133765,12.158536911010742,97500,0.0,0.0
2005-07-19 00:00:00-04:00,12.158536134277215,12.541482707814406,12.062800175653772,12.350008964538574,100700,0.0,0.0
2005-07-20 00:00:00-04:00,12.541482336946501,12.589349858335481,12.302141077943816,12.445745468139648,71440,0.0,0.0
2005-07-21 00:00:00-04:00,12.685085636151554,13.211636543273926,12.589348775578625,13.211636543273926,61940,0.0,0.0
2005-07-22 00:00:00-04:00,13.259505463901549,13.45097827911377,12.924427352519361,13.45097827911377,50220,0.0,0.0
2005-07-25 00:00:00-04:00,13.498845147701317,13.54671266119944,13.163767075128687,13.355239868164062,39500,0.0,0.0
2005-07-26 00:00:00-04:00,13.115901184126312,13.115901184126312,12.685087088259998,12.828691482543945,38720,0.0,0.0
2005-07-27 00:00:00-04:00,12.828691482543945,12.972296789842364,12.780823959792277,12.828691482543945,21580,0.0,0.0
2005-07-28 00:00:00-04:00,12.924427623624588,13.11590044285318,12.732954804395996,13.020164489746094,72240,0.0,0.0
2005-07-29 00:00:00-04:00,13.068032077731358,13.068032077731358,12.732954870592906,12.876559257507324,61060,0.0,0.0
2005-08-01 00:00:00-04:00,13.068030902644166,13.163767760654665,12.302139690617551,12.68508529663086,47360,0.0,0.0
2005-08-02 00:00:00-04:00,12.732954066438019,13.355240921118952,12.685085636151554,13.211636543273926,113560,0.0,0.0
2005-08-03 00:00:00-04:00,13.450979538238794,14.934895592815758,13.450979538238794,14.791290283203125,314400,0.0,0.0
2005-08-04 00:00:00-04:00,14.599818356625933,14.791291201650907,14.16900422706611,14.45621395111084,216380,0.0,0.0
2005-08-05 00:00:00-04:00,14.45621203125516,14.45621203125516,13.64245140670224,13.977529525756836,81760,0.0,0.0
2005-08-08 00:00:00-04:00,13.977530008639015,13.977530008639015,13.163769355973079,13.259506225585938,93420,0.0,0.0
2005-08-09 00:00:00-04:00,13.163768768310547,13.163768768310547,12.87655908530816,13.163768768310547,148240,0.0,0.0
2005-08-10 00:00:00-04:00,13.21163894347794,14.216872510060469,13.21163894347794,13.786057472229004,206760,0.0,0.0
2005-08-11 00:00:00-04:00,14.312607211050391,15.174236297607422,14.312607211050391,15.174236297607422,228160,0.0,0.0
2005-08-12 00:00:00-04:00,14.887025728865408,15.269971358418815,14.743420433022083,15.030630111694336,213940,0.0,0.0
2005-08-15 00:00:00-04:00,15.03063099334069,15.222103819348545,14.456212515317123,15.174236297607422,108560,0.0,0.0
2005-08-16 00:00:00-04:00,15.174234887575452,15.700784881914956,14.93489364905227,15.413576126098633,92920,0.0,0.0
2005-08-17 00:00:00-04:00,15.461445835312976,15.461445835312976,14.839158892138762,14.982763290405273,111780,0.0,0.0
2005-08-18 00:00:00-04:00,14.934894926973357,15.030630882765763,14.26473867135428,14.360475540161133,75240,0.0,0.0
2005-08-19 00:00:00-04:00,14.360476321652435,14.551949156671569,14.073266612616486,14.1690034866333,66100,0.0,0.0
2005-08-22 00:00:00-04:00,14.456212714324517,14.504080236724596,13.881793315378912,13.929661750793457,67540,0.0,0.0
2005-08-23 00:00:00-04:00,13.97752882929272,14.264737587869305,13.929660398525161,14.025396347045898,48120,0.0,0.0
2005-08-24 00:00:00-04:00,14.21687134092678,14.21687134092678,13.594583511352539,13.594583511352539,54520,0.0,0.0
2005-08-25 00:00:00-04:00,13.450979579739487,13.977530557248087,13.450979579739487,13.833925247192383,74980,0.0,0.0
2005-08-26 00:00:00-04:00,13.833925752309549,16.99323081970215,13.786057313876498,16.99323081970215,191020,0.0,0.0
2005-08-29 00:00:00-04:00,15.413578256367625,15.413578256367625,14.456213169960058,14.647686004638672,95760,0.0,0.0
2005-08-30 00:00:00-04:00,14.312609672546387,14.456215001510497,13.929663954671314,14.312609672546387,104260,0.0,0.0
2005-08-31 00:00:00-04:00,14.16900300490853,14.647685532689126,14.16900300490853,14.408344268798828,70700,0.0,0.0
2005-09-01 00:00:00-04:00,14.88702725144086,15.269972920160155,14.743421940910254,15.126368522644043,84120,0.0,0.0
2005-09-02 00:00:00-04:00,15.50931431378558,15.50931431378558,15.222103707365022,15.317840576171875,66400,0.0,0.0
2005-09-06 00:00:00-04:00,15.317839984002262,15.50931371421382,15.222103118896484,15.222103118896484,54520,0.0,0.0
2005-09-07 00:00:00-04:00,15.22210448331662,15.41357823069076,14.934895688284396,15.126368522644043,46140,0.0,0.0
2005-09-08 00:00:00-04:00,15.796521542631044,15.796521542631044,15.413575931045733,15.700784683227539,53020,0.0,0.0
2005-09-09 00:00:00-04:00,15.89225947587659,15.940126995798401,15.365707626592483,15.557181358337402,74480,0.0,0.0
2005-09-12 00:00:00-04:00,15.269972141768449,15.461444966367708,15.126367751572616,15.317840576171875,66400,0.0,0.0
2005-09-13 00:00:00-04:00,15.317841060577877,15.317841060577877,15.078499794006348,15.078499794006348,57040,0.0,0.0
2005-09-14 00:00:00-04:00,15.174233682473162,16.035861707522375,15.174233682473162,15.987994194030762,101000,0.0,0.0
2005-09-15 00:00:00-04:00,16.179466065294182,16.70601784356074,16.035861698868246,16.610280990600586,140480,0.0,0.0
2005-09-16 00:00:00-04:00,17.23257438494619,17.854861428085613,16.56241798400879,16.56241798400879,299540,0.0,0.0
2005-09-19 00:00:00-04:00,17.376176501137515,17.711254657154353,16.466680735982152,16.99323081970215,316860,0.0,0.0
2005-09-20 00:00:00-04:00,16.99323035648891,17.424045377628396,16.56241533534942,16.753889083862305,262640,0.0,0.0
2005-09-21 00:00:00-04:00,16.849627172742633,17.663387923539723,16.849627172742633,17.61551856994629,94980,0.0,0.0
2005-09-22 00:00:00-04:00,15.365711759100545,17.759124919460714,15.365711759100545,16.94536590576172,119080,0.0,0.0
2005-09-23 00:00:00-04:00,16.89749133331204,17.232569437581887,16.083730744664923,17.184701919555664,92900,0.0,0.0
2005-09-26 00:00:00-04:00,17.13683257550068,17.759119439985383,16.610282573097184,17.184701919555664,113960,0.0,0.0
2005-09-27 00:00:00-04:00,16.7060245897257,16.99323343855719,16.083735707208596,16.94536590576172,184200,0.0,0.0
2005-09-28 00:00:00-04:00,17.041097759778744,17.23257150693405,16.514547694145133,16.897493362426758,88580,0.0,0.0
2005-09-29 00:00:00-04:00,16.75388776705725,17.376174661770747,16.70602024670577,16.849624633789062,174600,0.0,0.0
2005-09-30 00:00:00-04:00,17.041098345120677,17.184704573434356,16.65815266368531,16.99323081970215,124380,0.0,0.0
2005-10-03 00:00:00-04:00,16.84962756778912,16.84962756778912,16.27520809340431,16.37094497680664,83940,0.0,0.0
2005-10-04 00:00:00-04:00,16.466679084660782,16.70602033980975,15.461444717417782,15.748655319213867,97160,0.0,0.0
2005-10-05 00:00:00-04:00,15.74865509008232,15.940126995798401,15.174235720876402,15.557181358337402,106040,0.0,0.0
2005-10-06 00:00:00-04:00,15.89225985493273,16.41880989074707,15.796522986776791,16.41880989074707,85940,0.0,0.0
2005-10-07 00:00:00-04:00,16.51454573061421,17.23256945803222,16.370941350336363,17.041095733642578,107040,0.0,0.0
2005-10-10 00:00:00-04:00,17.232572555541992,17.471913841035633,16.370944292970712,17.232572555541992,64800,0.0,0.0
2005-10-11 00:00:00-04:00,17.041098101107472,17.519780652554637,16.80175682538389,17.280439376831055,89380,0.0,0.0
2005-10-12 00:00:00-04:00,17.37617383831007,17.854856323255408,16.562413248697236,17.041095733642578,174160,0.0,0.0
2005-10-13 00:00:00-04:00,16.658150878575096,16.658150878575096,15.557181477668912,15.89225959777832,183540,0.0,0.0
2005-10-14 00:00:00-04:00,15.413577444978728,15.700786225370393,15.269972141768449,15.317840576171875,123640,0.0,0.0
2005-10-17 00:00:00-04:00,15.652917523434018,15.844389420577967,15.365706938674961,15.605048179626465,107400,0.0,0.0
2005-10-18 00:00:00-04:00,15.509315185421142,15.509315185421142,14.839158892138762,14.982763290405273,76660,0.0,0.0
2005-10-19 00:00:00-04:00,14.599816910067956,14.791289736121694,14.216871257960479,14.69555377960205,128000,0.0,0.0
2005-10-20 00:00:00-04:00,14.36047444940442,14.88702536181879,13.690319157701754,14.025396347045898,129500,0.0,0.0
2005-10-21 00:00:00-04:00,14.025399927632776,14.456215001510497,13.642454209757704,14.312609672546387,101840,0.0,0.0
2005-10-24 00:00:00-04:00,14.312607573214455,14.64768571196781,14.121134742361601,14.599817276000977,68720,0.0,0.0
2005-10-25 00:00:00-04:00,14.982761850340736,15.365707484254372,14.695553081412715,14.743420600891113,76580,0.0,0.0
2005-10-26 00:00:00-04:00,14.791292276397535,14.982765135335072,14.12113681360885,14.312609672546387,163780,0.0,0.0
2005-10-27 00:00:00-04:00,14.599815690227826,14.74342006951612,14.025396347045898,14.025396347045898,70760,0.0,0.0
2005-10-28 00:00:00-04:00,13.929662942531259,14.743422762141027,13.738190097506287,14.45621395111084,94060,0.0,0.0
2005-10-31 00:00:00-05:00,14.743419441919906,15.174234387474659,14.025395750014438,14.551946640014648,74700,0.0,0.0
2005-11-01 00:00:00-05:00,14.551948824946088,15.078499794006348,14.12113472772023,15.078499794006348,81380,0.0,0.0
2005-11-02 00:00:00-05:00,15.174234496829543,16.418808174690053,15.126366067754676,16.13159942626953,92840,0.0,0.0
2005-11-03 00:00:00-05:00,16.22733782951181,16.22733782951181,15.557181584683144,15.748655319213867,79540,0.0,0.0
2005-11-04 00:00:00-05:00,15.987994194030762,16.035861707522375,15.174233682473162,15.987994194030762,100780,0.0,0.0
2005-11-07 00:00:00-05:00,16.179469720169436,16.418810993621733,15.605050298678123,15.796524047851562,45400,0.0,0.0
2005-11-08 00:00:00-05:00,15.605047823824032,16.083730294812852,15.605047823824032,15.700784683227539,50760,0.0,0.0
2005-11-09 00:00:00-05:00,15.892258193909534,16.27520380047979,15.70078447761006,16.13159942626953,67980,0.0,0.0
2005-11-10 00:00:00-05:00,16.275202927037636,16.370939780049458,15.748652974515503,15.987994194030762,77700,0.0,0.0
2005-11-11 00:00:00-05:00,15.796521725861922,16.56241295791646,15.796521725861922,16.514545440673828,48700,0.0,0.0
2005-11-14 00:00:00-05:00,16.46668243408203,16.70602373791445,16.37094554734322,16.46668243408203,55080,0.0,0.0
2005-11-15 00:00:00-05:00,16.466680979877516,16.84962666698486,16.466680979877516,16.706022262573242,69780,0.0,0.0
2005-11-16 00:00:00-05:00,17.041097375659163,17.471912384033203,16.84962545884877,17.471912384033203,220340,0.0,0.0
2005-11-17 00:00:00-05:00,17.711253958961816,18.860092784008767,17.711253958961816,18.812223434448242,318720,0.0,0.0
2005-11-18 00:00:00-05:00,18.81222211798252,19.43450901049036,18.094198359082203,18.907958984375,192880,0.0,0.0
2005-11-21 00:00:00-05:00,19.38664173982912,20.583348020065486,19.290904872204436,20.535480499267578,439740,0.0,0.0
2005-11-22 00:00:00-05:00,20.344004670967088,20.63121341826339,19.386639745274522,19.721717834472656,354380,0.0,0.0
2005-11-23 00:00:00-05:00,19.625980572250274,19.625980572250274,18.81222003697563,19.195165634155273,281020,0.0,0.0
2005-11-25 00:00:00-05:00,19.482379562633806,19.913192749023438,19.482379562633806,19.913192749023438,71840,0.0,0.0
2005-11-28 00:00:00-05:00,20.056798004425023,20.15253304610318,19.243037367958557,19.43450927734375,159280,0.0,0.0
2005-11-29 00:00:00-05:00,19.434507466596905,19.434507466596905,18.955824998690296,19.290903091430664,255680,0.0,0.0
2005-11-30 00:00:00-05:00,19.14729811926856,19.5302437164482,18.955824407664416,19.195165634155273,203020,0.0,0.0
2005-12-01 00:00:00-05:00,19.24303793204209,20.72695303389899,19.24303793204209,20.487611770629883,490980,0.0,0.0
2005-12-02 00:00:00-05:00,20.53548360874766,20.583351136793663,19.67385349568647,19.769590377807617,270500,0.0,0.0
2005-12-05 00:00:00-05:00,20.15253257751465,20.487610693683557,19.76958694161968,20.15253257751465,261060,0.0,0.0
2005-12-06 00:00:00-05:00,19.865323476202413,21.492844684182323,19.865323476202413,20.726951599121094,342840,0.0,0.0
2005-12-07 00:00:00-05:00,20.966293923429475,21.827922090633365,20.72695266442679,21.062030792236328,473040,0.0,0.0
2005-12-08 00:00:00-05:00,20.82269211692403,21.49284845569645,20.82269211692403,21.0141658782959,377640,0.0,0.0
2005-12-09 00:00:00-05:00,21.588583361672455,21.588583361672455,19.62598553825827,20.344009399414062,376980,0.0,0.0
2005-12-12 00:00:00-05:00,20.82269242908196,21.34924254170456,19.43451220339817,19.769590377807617,672160,0.0,0.0
2005-12-13 00:00:00-05:00,19.625984432636507,19.865325706205248,19.338775634765625,19.338775634765625,387080,0.0,0.0
2005-12-14 00:00:00-05:00,18.907959461212158,19.625983238220215,18.907959461212158,19.147300720214844,270960,0.0,0.0
2005-12-15 00:00:00-05:00,19.386644805349956,20.248273098159675,19.338777276982977,19.625986099243164,305700,0.0,0.0
2005-12-16 00:00:00-05:00,19.72172021731994,20.439743998343516,19.72172021731994,19.961061477661133,279440,0.0,0.0
2005-12-19 00:00:00-05:00,20.29613971195775,21.349239802063902,20.29613971195775,20.774822235107422,426420,0.0,0.0
2005-12-20 00:00:00-05:00,20.966295912521588,21.253506546190085,19.961063259754503,20.10466766357422,263820,0.0,0.0
2005-12-21 00:00:00-05:00,20.34401001682446,21.15777078270327,19.961064311125362,21.109901428222656,288600,0.0,0.0
2005-12-22 00:00:00-05:00,21.540711522102356,23.072495817768715,21.492844004686958,22.97675895690918,424980,0.0,0.0
2005-12-23 00:00:00-05:00,23.407578416069278,24.173469798071796,23.2161046575541,23.886260986328125,559060,0.0,0.0
2005-12-27 00:00:00-05:00,24.604281660747617,25.753118585223817,23.311838522936643,23.69478416442871,283260,0.0,0.0
2005-12-28 00:00:00-05:00,24.4606787894379,24.4606787894379,23.02463106811601,23.599050521850586,377260,0.0,0.0
2005-12-29 00:00:00-05:00,23.88625789818917,24.029862285495092,23.311838522936643,23.69478416442871,217720,0.0,0.0
2005-12-30 00:00:00-05:00,23.79051860817797,23.79051860817797,23.02462557717333,23.455440521240234,148440,0.0,0.0
2006-01-03 00:00:00-05:00,24.029862094506935,25.27443587597155,24.029862094506935,24.93935775756836,360700,0.0,0.0
2006-01-04 00:00:00-05:00,25.274437158746043,26.32753908744982,24.60428271395559,25.94459342956543,261920,0.0,0.0
2006-01-05 00:00:00-05:00,25.37017180362484,25.51377618447734,24.412806829903147,25.418039321899414,251540,0.0,0.0
2006-01-06 00:00:00-05:00,25.896721582798314,27.189164651251136,25.753117203198837,25.848854064941406,284920,0.0,0.0
2006-01-09 00:00:00-05:00,25.70525243045644,26.040330569324716,24.891491757784614,25.513778686523438,262860,0.0,0.0
2006-01-10 00:00:00-05:00,24.891492601155115,25.609516426188435,24.74788820135425,25.178701400756836,122140,0.0,0.0
2006-01-11 00:00:00-05:00,25.178701400756836,25.944594576409788,24.843625076564496,25.178701400756836,170420,0.0,0.0
2006-01-12 00:00:00-05:00,25.130832691003782,25.178700213336977,23.934126372384554,24.1734676361084,217260,0.0,0.0
2006-01-13 00:00:00-05:00,24.508545977738105,25.08296538073762,24.173467840485976,24.843624114990234,220860,0.0,0.0
2006-01-17 00:00:00-05:00,24.98722831830058,24.98722831830058,23.024628858551257,23.216102600097656,384320,0.0,0.0
2006-01-18 00:00:00-05:00,22.258734035849567,22.402338406358997,21.062027904889913,21.684314727783203,411300,0.0,0.0
2006-01-19 00:00:00-05:00,22.35447395605661,23.934125900268555,22.35447395605661,23.934125900268555,573120,0.0,0.0
2006-01-20 00:00:00-05:00,22.881025371924075,22.881025371924075,21.444977731518435,21.923660278320312,540400,0.0,0.0
2006-01-23 00:00:00-05:00,22.16300189168705,22.354475643756484,21.827923738580058,22.30660629272461,320520,0.0,0.0
2006-01-24 00:00:00-05:00,22.21086883544922,22.45021008658109,21.588580121683286,22.21086883544922,264460,0.0,0.0
2006-01-25 00:00:00-05:00,23.694785011710263,23.694785011710263,22.49807869798752,23.35970687866211,321420,0.0,0.0
2006-01-26 00:00:00-05:00,23.26397229020254,23.26397229020254,22.737422190929497,22.928895950317383,229480,0.0,0.0
2006-01-27 00:00:00-05:00,22.881024353173014,23.35970687866211,22.402341827683916,23.35970687866211,267060,0.0,0.0
2006-01-30 00:00:00-05:00,23.551184137898392,24.2213386780892,23.40757972400245,23.790525436401367,309160,0.0,0.0
2006-01-31 00:00:00-05:00,24.317073822021484,25.178702069748923,23.981995662897184,24.317073822021484,480140,0.0,0.0
2006-02-01 00:00:00-05:00,24.31707556269623,24.556416861199203,23.503314782580283,23.790525436401367,324140,0.0,0.0
2006-02-02 00:00:00-05:00,23.88625954414069,24.939359674303553,23.838390194387568,24.125600814819336,471180,0.0,0.0
2006-02-03 00:00:00-05:00,24.173463779093893,24.221331293789554,22.976757651415976,23.072494506835938,306280,0.0,0.0
2006-02-06 00:00:00-05:00,23.359703853896594,23.83838631740279,23.02462576423652,23.168231964111328,190880,0.0,0.0
2006-02-07 00:00:00-05:00,22.498077460882925,22.54594498038817,21.157766828419067,21.39710807800293,309360,0.0,0.0
2006-02-08 00:00:00-05:00,21.15776766104318,21.780054569244385,20.631215795619937,21.062030792236328,237320,0.0,0.0
2006-02-09 00:00:00-05:00,22.25873659993266,22.30660412027366,21.444975971933655,21.780054092407227,202920,0.0,0.0
2006-02-10 00:00:00-05:00,21.301375012065087,21.492848776293062,20.00893166859913,20.583351135253906,273400,0.0,0.0
2006-02-13 00:00:00-05:00,20.248267288945765,20.726949739398517,19.195165532743978,19.482376098632812,290000,0.0,0.0
2006-02-14 00:00:00-05:00,20.344009539523476,21.109900932952716,19.721722554108585,21.0141658782959,231880,0.0,0.0
2006-02-15 00:00:00-05:00,20.774823094614405,21.732188180522368,20.24827120174763,20.43974494934082,226800,0.0,0.0
2006-02-16 00:00:00-05:00,20.870554105612605,22.01939271690612,20.200399770715254,21.827919006347656,194020,0.0,0.0
2006-02-17 00:00:00-05:00,22.450207652648345,22.785283907082704,21.636447121817827,21.827919006347656,252000,0.0,0.0
2006-02-21 00:00:00-05:00,22.402339935302734,22.689550521952153,22.019394312465607,22.402339935302734,274780,0.0,0.0
2006-02-22 00:00:00-05:00,22.019395129665785,22.593814498254137,21.875790744025906,22.067262649536133,135540,0.0,0.0
2006-02-23 00:00:00-05:00,22.115129665340138,22.162997180167064,21.492842842446844,21.684314727783203,120400,0.0,0.0
2006-02-24 00:00:00-05:00,22.067266138643962,22.067266138643962,20.631218403130582,20.870559692382812,351340,0.0,0.0
2006-02-27 00:00:00-05:00,21.062030561636288,21.062030561636288,20.056798015242467,20.391874313354492,224320,0.0,0.0
2006-02-28 00:00:00-05:00,20.535480499267578,20.822689276112758,19.961061119548347,20.535480499267578,155960,0.0,0.0
2006-03-01 00:00:00-05:00,20.774820616694097,21.73218558841219,20.58334689193897,21.30137062072754,270700,0.0,0.0
2006-03-02 00:00:00-05:00,21.540712626846965,22.402340766715074,21.205634509668023,22.067262649536133,334920,0.0,0.0
2006-03-03 00:00:00-05:00,22.59381325795371,22.641680775196342,21.923657060384436,22.019393920898438,251760,0.0,0.0
2006-03-06 00:00:00-05:00,22.01939935793822,22.01939935793822,20.152536508049174,20.82269287109375,272800,0.0,0.0
2006-03-07 00:00:00-05:00,20.679088017367892,20.679088017367892,19.961064140556708,20.583351135253906,138620,0.0,0.0
2006-03-08 00:00:00-05:00,20.20040454146372,20.487613349103153,19.721721978045284,20.10466766357422,207540,0.0,0.0
2006-03-09 00:00:00-05:00,20.583349756447664,20.82269103268543,19.72172152719752,19.865325927734375,178280,0.0,0.0
2006-03-10 00:00:00-05:00,19.769587411966466,20.774821784389157,19.195168031443337,20.391874313354492,195720,0.0,0.0
2006-03-13 00:00:00-05:00,20.87055814238201,20.87055814238201,20.29614055166042,20.43974494934082,126520,0.0,0.0
2006-03-14 00:00:00-05:00,20.439746725097496,20.8226924275243,20.15253607875554,20.583351135253906,135300,0.0,0.0
2006-03-15 00:00:00-05:00,20.726955545410313,21.014166191752274,20.39187737102593,20.583351135253906,140660,0.0,0.0
2006-03-16 00:00:00-05:00,20.631215910999128,20.774822128026962,19.961061477661133,19.961061477661133,234940,0.0,0.0
2006-03-17 00:00:00-05:00,20.583351573724855,20.82269287109375,19.721723268402677,20.82269287109375,218800,0.0,0.0
2006-03-20 00:00:00-05:00,20.583348020065486,21.20563492058262,20.439743631642894,20.535480499267578,117120,0.0,0.0
2006-03-21 00:00:00-05:00,20.439745355910812,20.439745355910812,19.81745840289843,19.865325927734375,148800,0.0,0.0
2006-03-22 00:00:00-05:00,19.67384849257082,19.721717834472656,19.386639745274522,19.721717834472656,156480,0.0,0.0
2006-03-23 00:00:00-05:00,19.386642846971718,19.625984116687416,18.716486561356167,18.812223434448242,255560,0.0,0.0
2006-03-24 00:00:00-05:00,19.38664425120634,20.344009399414062,19.195170491153153,20.344009399414062,521780,0.0,0.0
2006-03-27 00:00:00-05:00,21.014162810778075,21.875790959118085,20.6790846903045,21.780054092407227,579460,0.0,0.0
2006-03-28 00:00:00-05:00,21.875792046490428,21.971528917960043,20.966294506572485,21.15776824951172,325640,0.0,0.0
2006-03-29 00:00:00-05:00,21.157768933848907,21.923660278320312,21.014164535014142,21.923660278320312,189000,0.0,0.0
2006-03-30 00:00:00-05:00,23.02462576423652,23.694781943556666,22.737417016544278,23.168231964111328,358960,0.0,0.0
2006-03-31 00:00:00-05:00,23.1203627325296,23.40757330762179,22.306602175478105,22.88102149963379,253280,0.0,0.0
2006-04-03 00:00:00-04:00,23.16824001442818,23.59905328566213,23.16824001442818,23.407581329345703,246340,0.0,0.0
2006-04-04 00:00:00-04:00,22.785289221551157,23.64691929400325,22.785289221551157,23.503313064575195,175340,0.0,0.0
2006-04-05 00:00:00-04:00,23.64691734313965,23.886258604402077,23.311839212166465,23.64691734313965,186880,0.0,0.0
2006-04-06 00:00:00-04:00,24.41280960922212,24.41280960922212,23.694785797186174,24.125600814819336,243280,0.0,0.0
2006-04-07 00:00:00-04:00,23.79052706800788,23.886263959180752,23.072503123255302,23.407581329345703,174560,0.0,0.0
2006-04-10 00:00:00-04:00,23.74265324764787,24.077731390769824,23.263970707767637,23.311840057373047,279500,0.0,0.0
2006-04-11 00:00:00-04:00,23.359703247067184,23.74264884271839,22.641679570460433,23.072494506835938,259660,0.0,0.0
2006-04-12 00:00:00-04:00,23.168234135630726,23.69478416442871,22.881023534990035,23.69478416442871,165440,0.0,0.0
2006-04-13 00:00:00-04:00,23.551180619269317,23.551180619269317,23.12036561591756,23.35970687866211,137300,0.0,0.0
2006-04-17 00:00:00-04:00,23.98199389471775,24.556413292860768,23.838389501689228,24.1734676361084,208980,0.0,0.0
2006-04-18 00:00:00-04:00,24.364944895565205,24.604286193847656,23.790525414481483,24.604286193847656,238720,0.0,0.0
2006-04-19 00:00:00-04:00,24.60428380155339,25.32230762658671,23.981995025701302,25.178701400756836,256800,0.0,0.0
2006-04-20 00:00:00-04:00,25.1786983347369,25.226567679527463,23.59904647722422,24.029861450195312,363940,0.0,0.0
2006-04-21 00:00:00-04:00,24.508545977738105,25.13083290347552,24.41280910623336,24.843624114990234,188280,0.0,0.0
2006-04-24 00:00:00-04:00,24.891491637728134,24.891491637728134,24.125600317748077,24.843624114990234,213980,0.0,0.0
2006-04-25 00:00:00-04:00,25.17870046123778,25.46591107615153,24.125600351307543,24.70001792907715,215080,0.0,0.0
2006-04-26 00:00:00-04:00,24.843624149548496,25.03509606679538,24.46067666299683,24.70001792907715,159880,0.0,0.0
2006-04-27 00:00:00-04:00,24.221336364746094,24.700018916033795,23.886260039667917,24.221336364746094,207940,0.0,0.0
2006-04-28 00:00:00-04:00,24.50854830073395,25.465913454465515,24.41281142015497,25.08296775817871,210420,0.0,0.0
2006-05-01 00:00:00-04:00,25.561647885503856,26.088197939185942,25.370174142694587,25.800989151000977,168480,0.0,0.0
2006-05-02 00:00:00-04:00,26.183929783734413,26.9019534423778,25.94458856418662,26.710479736328125,265240,0.0,0.0
2006-05-03 00:00:00-04:00,26.99769057483467,27.045558088828233,25.370169534653034,26.13606071472168,257600,0.0,0.0
2006-05-04 00:00:00-04:00,26.231800671282162,26.47114192161508,25.513776920283405,26.327537536621094,197960,0.0,0.0
2006-05-05 00:00:00-04:00,26.231801850604636,26.231801850604636,25.418041197682108,25.561647415161133,167120,0.0,0.0
2006-05-08 00:00:00-04:00,25.37017367587504,25.65738245877527,24.60428237078849,25.561647415161133,187400,0.0,0.0
2006-05-09 00:00:00-04:00,26.136065230393783,26.37540649377112,25.657382703639104,26.088197708129883,213140,0.0,0.0
2006-05-10 00:00:00-04:00,25.75311736902025,27.045560445794965,25.70524985085513,26.662614822387695,255120,0.0,0.0
2006-05-11 00:00:00-04:00,27.28490253795277,27.763585038618608,26.327537536621094,26.327537536621094,446580,0.0,0.0
2006-05-12 00:00:00-04:00,26.566876853828838,26.758350570574216,24.74788384886251,25.226566314697266,229260,0.0,0.0
2006-05-15 00:00:00-04:00,24.0298646354317,24.26920591302359,22.881025772579008,23.1203670501709,248000,0.0,0.0
2006-05-16 00:00:00-04:00,23.02462516611164,24.269200634513854,22.210866460113568,23.072494506835938,246440,0.0,0.0
2006-05-17 00:00:00-04:00,23.79052264381347,24.17346831126132,22.16300127462389,22.354475021362305,253620,0.0,0.0
2006-05-18 00:00:00-04:00,23.359704490008248,23.359704490008248,21.444974583843166,22.019393920898438,245380,0.0,0.0
2006-05-19 00:00:00-04:00,21.58857934550586,22.641681177829536,20.774820581737753,22.402339935302734,223300,0.0,0.0
2006-05-22 00:00:00-04:00,21.540713996614144,22.210870273587055,20.822690196727006,21.971529006958008,170340,0.0,0.0
2006-05-23 00:00:00-04:00,23.120365012669083,23.120365012669083,21.349239349365234,21.349239349365234,342800,0.0,0.0
2006-05-24 00:00:00-04:00,20.87055882196508,21.301373855063375,20.58335001725225,21.205636978149414,185340,0.0,0.0
2006-05-25 00:00:00-04:00,21.732188688574368,22.402343168759327,21.44497806047022,22.30660629272461,176700,0.0,0.0
2006-05-26 00:00:00-04:00,22.833155749663547,22.833155749663547,21.780053878256375,22.067262649536133,175080,0.0,0.0
2006-05-30 00:00:00-04:00,23.26397012246979,23.981993914225388,22.928893813806987,23.216102600097656,237500,0.0,0.0
2006-05-31 00:00:00-04:00,23.21610201562388,24.077730178833008,23.0246282788979,24.077730178833008,292960,0.0,0.0
2006-06-01 00:00:00-04:00,23.216101656056413,23.742651684854398,22.976760401870266,23.69478416442871,154680,0.0,0.0
2006-06-02 00:00:00-04:00,24.17346667280101,24.460675447412843,23.59904729754848,23.69478416442871,105220,0.0,0.0
2006-06-05 00:00:00-04:00,24.173468263951666,24.173468263951666,23.02462943782752,23.311840057373047,128880,0.0,0.0
2006-06-06 00:00:00-04:00,22.68955020035931,23.120363335184113,22.4023396177807,22.97675895690918,81780,0.0,0.0
2006-06-07 00:00:00-04:00,22.306602972420492,23.742650421100667,22.019394213095964,22.545944213867188,121420,0.0,0.0
2006-06-08 00:00:00-04:00,22.067262866510948,22.067262866510948,20.774821557015358,21.780054092407227,207760,0.0,0.0
2006-06-09 00:00:00-04:00,22.258735159169074,22.59381325795371,21.540711444357168,22.019393920898438,107440,0.0,0.0
2006-06-12 00:00:00-04:00,22.25874065530711,22.40234506852261,20.726955986940354,20.82269287109375,175100,0.0,0.0
2006-06-13 00:00:00-04:00,20.104665868660067,20.296139607344582,19.290905218294235,19.961061477661133,468180,0.0,0.0
2006-06-14 00:00:00-04:00,20.39187199303329,20.679082563628583,19.721717647034932,20.008926391601562,216760,0.0,0.0
2006-06-15 00:00:00-04:00,20.679082221082776,21.827919006347656,20.583345365803545,21.827919006347656,171300,0.0,0.0
2006-06-16 00:00:00-04:00,21.157768038194956,21.397109301464063,20.487611770629883,20.487611770629883,151800,0.0,0.0
2006-06-19 00:00:00-04:00,20.487612473224623,20.822690618498207,20.24827120174763,20.43974494934082,118020,0.0,0.0
2006-06-20 00:00:00-04:00,20.53548051056265,21.49284553527832,20.34400677520797,21.49284553527832,111740,0.0,0.0
2006-06-21 00:00:00-04:00,21.397108241207086,22.641682018124484,21.397108241207086,22.067262649536133,175060,0.0,0.0
2006-06-22 00:00:00-04:00,22.59381336040165,22.59381336040165,21.7321852639262,21.875789642333984,152160,0.0,0.0
2006-06-23 00:00:00-04:00,21.540714336767515,22.40234254503242,21.3492405900291,22.354475021362305,139060,0.0,0.0
2006-06-26 00:00:00-04:00,22.498077287703424,22.68955101630817,21.923657927918,22.641681671142578,102060,0.0,0.0
2006-06-27 00:00:00-04:00,23.120364864200578,23.120364864200578,21.636449813842773,21.636449813842773,121460,0.0,0.0
2006-06-28 00:00:00-04:00,21.971530167432043,22.0193976928745,21.062032575792998,21.205636978149414,122760,0.0,0.0
2006-06-29 00:00:00-04:00,21.540714665463096,22.88102543499722,21.540714665463096,22.7374210357666,148340,0.0,0.0
2006-06-30 00:00:00-04:00,22.881025772579008,23.64691895649048,22.881025772579008,23.1203670501709,207020,0.0,0.0
2006-07-03 00:00:00-04:00,23.3597086611762,23.64691929400325,23.263971783567182,23.503313064575195,70320,0.0,0.0
2006-07-05 00:00:00-04:00,23.934124713840013,24.029861577901134,23.12036410836369,23.742650985717773,134000,0.0,0.0
2006-07-06 00:00:00-04:00,23.694783340776553,24.077728968957082,23.455442094910122,24.029861450195312,90380,0.0,0.0
2006-07-07 00:00:00-04:00,24.029862285495092,24.029862285495092,23.551179777122794,23.69478416442871,73840,0.0,0.0
2006-07-10 00:00:00-04:00,23.359704574318584,23.503308952593517,22.785285235190106,22.97675895690918,73820,0.0,0.0
2006-07-11 00:00:00-04:00,23.120362622143496,23.216099480050474,22.6416801586373,23.168231964111328,245740,0.0,0.0
2006-07-12 00:00:00-04:00,23.263967938207273,23.551178523560566,22.354472316327087,22.545944213867188,234220,0.0,0.0
2006-07-13 00:00:00-04:00,22.545947223956958,22.689553448820725,21.588582130353196,21.923660278320312,162740,0.0,0.0
2006-07-14 00:00:00-04:00,22.450211776508716,22.737420569074917,22.115133634495503,22.498079299926758,82220,0.0,0.0
2006-07-17 00:00:00-04:00,22.498083630189512,22.498083630189512,21.253509521484375,21.253509521484375,85040,0.0,0.0
2006-07-18 00:00:00-04:00,21.540718369330385,21.63645526062216,20.679089999763033,21.253509521484375,138160,0.0,0.0
2006-07-19 00:00:00-04:00,21.301371584881792,22.25873659993266,21.062030331119075,21.780054092407227,214700,0.0,0.0
2006-07-20 00:00:00-04:00,21.540716763200432,21.971531828876113,20.726955986940354,20.82269287109375,110200,0.0,0.0
2006-07-21 00:00:00-04:00,21.0620318899752,21.109899413859,20.24827120174763,20.43974494934082,88040,0.0,0.0
2006-07-24 00:00:00-04:00,20.439746420209413,21.062033405624305,19.865326962122925,21.0141658782959,103100,0.0,0.0
2006-07-25 00:00:00-04:00,21.444973501591274,21.732184068638777,20.918423534380484,21.684314727783203,155380,0.0,0.0
2006-07-26 00:00:00-04:00,21.875789833433696,22.545944213867188,21.397107350540306,22.545944213867188,155200,0.0,0.0
2006-07-27 00:00:00-04:00,22.928892615433078,23.12036452094331,21.971527609795437,22.067262649536133,82980,0.0,0.0
2006-07-28 00:00:00-04:00,21.875792585063067,23.024629592895508,21.875792585063067,23.024629592895508,72900,0.0,0.0
2006-07-31 00:00:00-04:00,23.02462667669056,23.12036353839154,22.545944194214425,22.689550399780273,95180,0.0,0.0
2006-08-01 00:00:00-04:00,22.689550959131854,23.886257194823855,22.450209711993452,23.742650985717773,145900,0.0,0.0
2006-08-02 00:00:00-04:00,23.838389501689228,24.50854577052757,23.64691758632751,24.1734676361084,216620,0.0,0.0
2006-08-03 00:00:00-04:00,23.120366466722125,23.263970864447558,22.498079525892596,23.024629592895508,242760,0.0,0.0
2006-08-04 00:00:00-04:00,23.168236308538315,23.455445110086956,22.115134326144933,22.450212478637695,123820,0.0,0.0
2006-08-07 00:00:00-04:00,22.450208376038546,22.976758357997852,22.01939342641461,22.88102149963379,171640,0.0,0.0
2006-08-08 00:00:00-04:00,22.641684445831604,22.641684445831604,21.971529965646646,22.30660629272461,134940,0.0,0.0
2006-08-09 00:00:00-04:00,22.498079299926758,22.78528809249296,22.35447490364366,22.498079299926758,107480,0.0,0.0
2006-08-10 00:00:00-04:00,22.402340141437225,22.641681386166315,22.019394515076435,22.115131378173828,78200,0.0,0.0
2006-08-11 00:00:00-04:00,22.354473076338373,22.450209941377683,21.39710807800293,21.39710807800293,73620,0.0,0.0
2006-08-14 00:00:00-04:00,21.205638311154722,21.58858401685382,20.96629701683914,21.109901428222656,71900,0.0,0.0
2006-08-15 00:00:00-04:00,21.109900101235457,21.588582659776204,21.062032575792998,21.205636978149414,77120,0.0,0.0
2006-08-16 00:00:00-04:00,21.492845564088178,21.780054341476315,21.205634960671166,21.349239349365234,154220,0.0,0.0
2006-08-17 00:00:00-04:00,21.3492409155972,21.3492409155972,20.77482331868026,20.96629524230957,104720,0.0,0.0
2006-08-18 00:00:00-04:00,20.96629728430925,21.157771052616038,20.487614689571462,20.82269287109375,93000,0.0,0.0
2006-08-21 00:00:00-04:00,21.30137169168908,21.875791068805572,21.30137169168908,21.636449813842773,103940,0.0,0.0
2006-08-22 00:00:00-04:00,21.30137365943266,22.354475643756484,21.30137365943266,22.30660629272461,109040,0.0,0.0
2006-08-23 00:00:00-04:00,22.498080044794044,22.785288846869165,22.30660629272461,22.30660629272461,80940,0.0,0.0
2006-08-24 00:00:00-04:00,22.30660629272461,22.59381692082876,22.067265015652332,22.30660629272461,72100,0.0,0.0
2006-08-25 00:00:00-04:00,22.306603175050938,22.450209382046463,21.97152689480478,22.25873565673828,47380,0.0,0.0
2006-08-28 00:00:00-04:00,22.25873659993266,22.25873659993266,21.588580358985514,21.780054092407227,75700,0.0,0.0
2006-08-29 00:00:00-04:00,21.923655991787115,22.7852840423584,21.397106023668176,22.7852840423584,102980,0.0,0.0
2006-08-30 00:00:00-04:00,22.785288846869165,22.881025722903882,22.067265015652332,22.30660629272461,105460,0.0,0.0
2006-08-31 00:00:00-04:00,22.545948494342046,23.838391808737565,22.545948494342046,23.599050521850586,273300,0.0,0.0
2006-09-01 00:00:00-04:00,23.503311271103055,23.838389404151204,22.976761223476615,23.35970687866211,202420,0.0,0.0
2006-09-05 00:00:00-04:00,23.599047995269814,23.886258604402077,23.16823482061479,23.64691734313965,258600,0.0,0.0
2006-09-06 00:00:00-04:00,23.646915947685454,24.412807208116813,23.21610097242481,23.742650985717773,195940,0.0,0.0
2006-09-07 00:00:00-04:00,23.35970832776279,23.455445204005354,22.881025772579008,23.1203670501709,142000,0.0,0.0
2006-09-08 00:00:00-04:00,22.928890841830167,22.928890841830167,22.450208376038546,22.88102149963379,105740,0.0,0.0
2006-09-11 00:00:00-04:00,21.97153154858208,21.97153154858208,20.679088194072108,21.109901428222656,390000,0.0,0.0
2006-09-12 00:00:00-04:00,21.49284605301725,22.06726362086064,20.583348527217026,20.631216049194336,218260,0.0,0.0
2006-09-13 00:00:00-04:00,20.96629652493837,21.49284845569645,20.583350828223754,21.0141658782959,272660,0.0,0.0
2006-09-14 00:00:00-04:00,21.253505470808726,21.540714263916016,20.77482293161059,21.540714263916016,288940,0.0,0.0
2006-09-15 00:00:00-04:00,20.966291308195213,21.15776502192541,20.008926391601562,20.008926391601562,464700,0.0,0.0
2006-09-18 00:00:00-04:00,20.535481823137413,20.822690618498207,20.00892993027064,20.43974494934082,417400,0.0,0.0
2006-09-19 00:00:00-04:00,20.104662919015666,20.63121288410224,19.338771728702714,19.482376098632812,246060,0.0,0.0
2006-09-20 00:00:00-04:00,20.056800568660996,20.104668095619875,19.386644235062022,19.530248641967773,219880,0.0,0.0
2006-09-21 00:00:00-04:00,19.530248658231677,20.344009399414062,19.195170491153153,20.344009399414062,183500,0.0,0.0
2006-09-22 00:00:00-04:00,20.72695463081237,20.72695463081237,19.91319390779522,20.10466766357422,168600,0.0,0.0
2006-09-25 00:00:00-04:00,20.00893010514069,20.00893010514069,18.95582813623244,19.338775634765625,218320,0.0,0.0
2006-09-26 00:00:00-04:00,19.482381380796557,20.10466836989707,19.33877697193169,20.056800842285156,111020,0.0,0.0
2006-09-27 00:00:00-04:00,20.439748684548253,21.253509521484375,20.439748684548253,21.253509521484375,284720,0.0,0.0
2006-09-28 00:00:00-04:00,21.301374694324583,21.827924799053545,20.96629652493837,21.0141658782959,225360,0.0,0.0
2006-09-29 00:00:00-04:00,20.870560400155853,21.39711234998493,20.63121910278696,20.82269287109375,65860,0.0,0.0
2006-10-02 00:00:00-04:00,21.49284578885272,21.58858083163068,20.822689533233643,21.062030792236328,106520,0.0,0.0
2006-10-03 00:00:00-04:00,20.822686594694797,20.822686594694797,19.243034873406433,19.482376098632812,255820,0.0,0.0
2006-10-04 00:00:00-04:00,19.62598372094425,22.210870112163118,18.28567300276848,19.386642456054688,287440,0.0,0.0
2006-10-05 00:00:00-04:00,19.769587851139512,19.913192242953187,19.051564066042225,19.81745719909668,234560,0.0,0.0
2006-10-06 00:00:00-04:00,19.290903488826665,19.865322827353477,19.003694732577628,19.67384910583496,154060,0.0,0.0
2006-10-09 00:00:00-04:00,19.865322827353477,19.91319034471874,19.147299110702146,19.67384910583496,89380,0.0,0.0
2006-10-10 00:00:00-04:00,19.530245766159183,19.530245766159183,18.716485145479876,19.051563262939453,266860,0.0,0.0
2006-10-11 00:00:00-04:00,19.147301458004325,19.19516898123775,18.572882049058403,18.955827713012695,177800,0.0,0.0
2006-10-12 00:00:00-04:00,19.003697486563592,19.38664315906777,18.812223737297,19.338775634765625,178140,0.0,0.0
2006-10-13 00:00:00-04:00,19.913192129975553,20.200402738002325,19.530246478635426,19.961061477661133,176160,0.0,0.0
2006-10-16 00:00:00-04:00,20.24827512628277,20.631220869662975,20.152538233930382,20.296144485473633,192460,0.0,0.0
2006-10-17 00:00:00-04:00,20.296140238297276,20.391875284586778,19.769588353560227,19.913192749023438,105380,0.0,0.0
2006-10-18 00:00:00-04:00,19.913194787974767,19.913194787974767,19.53024908551932,19.769590377807617,87240,0.0,0.0
2006-10-19 00:00:00-04:00,19.76958865879365,20.487612473224623,19.76958865879365,20.43974494934082,197500,0.0,0.0
2006-10-20 00:00:00-04:00,20.43974133448017,20.43974133448017,19.913189534736464,20.008926391601562,118540,0.0,0.0
2006-10-23 00:00:00-04:00,19.769590377807617,19.961064142049917,19.482381557473317,19.769590377807617,181320,0.0,0.0
2006-10-24 00:00:00-04:00,19.67385098125409,19.913192242953187,19.386642197626742,19.81745719909668,202620,0.0,0.0
2006-10-25 00:00:00-04:00,19.865324741383873,20.631216049194336,19.48237908747864,20.631216049194336,135120,0.0,0.0
2006-10-26 00:00:00-04:00,20.822690618498207,20.822690618498207,20.152534327951038,20.43974494934082,134360,0.0,0.0
2006-10-27 00:00:00-04:00,20.439746541267844,20.5354834225208,19.817459552167332,20.056800842285156,145280,0.0,0.0
2006-10-30 00:00:00-05:00,20.34400966001489,20.631218477744625,20.008931488644112,20.056800842285156,98360,0.0,0.0
2006-10-31 00:00:00-05:00,19.91319180059003,20.48761118111316,19.865324279725133,20.391874313354492,112920,0.0,0.0
2006-11-01 00:00:00-05:00,20.679086685180664,21.492847391681778,20.679086685180664,20.679086685180664,341080,0.0,0.0
2006-11-02 00:00:00-05:00,20.679089999763033,21.780059684545165,20.631220641102484,21.253509521484375,299400,0.0,0.0
2006-11-03 00:00:00-05:00,21.301370682254912,22.25873565673828,20.822688195013228,22.25873565673828,251080,0.0,0.0
2006-11-06 00:00:00-05:00,22.73741853544495,23.359705414367156,22.210868520825116,22.641681671142578,374560,0.0,0.0
2006-11-07 00:00:00-05:00,22.833157910596682,23.216103583888003,22.64168416093652,22.7374210357666,163600,0.0,0.0
2006-11-08 00:00:00-05:00,23.024633764654208,23.45544886191748,22.49808360224738,23.407581329345703,166700,0.0,0.0
2006-11-09 00:00:00-05:00,23.69478613220474,24.843624978117177,23.455444858142066,24.508546829223633,287720,0.0,0.0
2006-11-10 00:00:00-05:00,24.412810409917622,24.89149296697483,24.317073533300373,24.747888565063477,175160,0.0,0.0
2006-11-13 00:00:00-05:00,24.077727961832476,24.65214729309082,23.790519209217663,24.65214729309082,277580,0.0,0.0
2006-11-14 00:00:00-05:00,24.747888266779977,24.939360191677647,24.077731964565587,24.221336364746094,137060,0.0,0.0
2006-11-15 00:00:00-05:00,23.934127406267415,24.939360026919044,23.599049257373867,24.508546829223633,265120,0.0,0.0
2006-11-16 00:00:00-05:00,24.747887054382048,24.98722831830058,23.216102600097656,23.216102600097656,242640,0.0,0.0
2006-11-17 00:00:00-05:00,23.120364789176183,24.17346667280101,22.92889288144458,23.69478416442871,162460,0.0,0.0
2006-11-20 00:00:00-05:00,24.029861144428242,24.652148010556935,23.93412428209411,24.460674285888672,158460,0.0,0.0
2006-11-21 00:00:00-05:00,24.79575638476218,24.843625736653685,24.22133694426753,24.317073822021484,221720,0.0,0.0
2006-11-22 00:00:00-05:00,24.652150406272664,24.843624149548496,24.412809140192344,24.70001792907715,141940,0.0,0.0
2006-11-24 00:00:00-05:00,25.37017749689168,26.519016453577695,25.130836199751194,26.2318058013916,192060,0.0,0.0
2006-11-27 00:00:00-05:00,26.471141709904533,26.71048295832325,25.848854829221626,26.61474609375,252640,0.0,0.0
2006-11-28 00:00:00-05:00,26.614747051368887,27.18916643344762,26.279670752349432,27.093429565429688,270420,0.0,0.0
2006-11-29 00:00:00-05:00,26.71048486427266,26.71048486427266,25.800989151000977,25.800989151000977,300600,0.0,0.0
2006-11-30 00:00:00-05:00,26.519012227909116,27.1891666574993,26.32753849029541,26.80622100830078,271720,0.0,0.0
2006-12-01 00:00:00-05:00,27.093429080793612,28.19440030426283,26.90195717421159,27.955059051513672,317780,0.0,0.0
2006-12-04 00:00:00-05:00,28.19439875753691,29.534709334197906,27.7635837958111,29.43897247314453,341300,0.0,0.0
2006-12-05 00:00:00-05:00,29.151768900512906,29.438977708722962,28.002930015614528,28.385875701904297,321080,0.0,0.0
2006-12-06 00:00:00-05:00,27.715720672093266,28.242270752318092,27.380642518300636,27.47637939453125,334900,0.0,0.0
2006-12-07 00:00:00-05:00,27.524246556385055,28.577348528965587,27.189168407014563,27.90719223022461,316980,0.0,0.0
2006-12-08 00:00:00-05:00,28.242268824328978,28.67308382494217,27.23703625760341,27.33277130126953,346300,0.0,0.0
2006-12-11 00:00:00-05:00,27.619979858398438,27.859321101840315,27.38063861495656,27.619979858398438,204460,0.0,0.0
2006-12-12 00:00:00-05:00,27.284908432129168,27.52424973416539,26.519016996024952,27.14130401611328,259880,0.0,0.0
2006-12-13 00:00:00-05:00,26.566877464392878,26.758351185538736,26.231799365401994,26.42327308654785,337840,0.0,0.0
2006-12-14 00:00:00-05:00,26.327538226654738,26.327538226654738,25.226568811473136,25.32230567932129,409900,0.0,0.0
2006-12-15 00:00:00-05:00,25.130831489806997,25.46590960821019,24.74788585135856,24.93935775756836,382520,0.0,0.0
2006-12-18 00:00:00-05:00,24.939360191677647,25.178701467321495,24.029864439848424,24.221336364746094,289040,0.0,0.0
2006-12-19 00:00:00-05:00,24.460675380727185,25.944592248253105,24.221334127193536,25.75311851501465,458300,0.0,0.0
2006-12-20 00:00:00-05:00,25.657384797431018,25.657384797431018,24.939360948704078,24.98723030090332,243120,0.0,0.0
2006-12-21 00:00:00-05:00,24.987224780279902,25.465907240338794,24.50854232022101,24.55640983581543,262500,0.0,0.0
2006-12-22 00:00:00-05:00,24.65214967727661,25.274436585477815,24.269204028078093,24.891490936279297,240300,0.0,0.0
2006-12-26 00:00:00-05:00,25.370171000656573,26.04032719146276,24.508542916783412,24.65214729309082,139140,0.0,0.0
2006-12-27 00:00:00-05:00,25.17869807846899,25.75311742790776,25.08296304191984,25.418039321899414,167520,0.0,0.0
2006-12-28 00:00:00-05:00,25.753123207110626,26.375410214470058,25.753123207110626,26.2318058013916,268280,0.0,0.0
2006-12-29 00:00:00-05:00,26.18393216802603,26.279669029768602,25.848854064941406,25.848854064941406,163680,0.0,0.0
2007-01-03 00:00:00-05:00,26.375409254893036,26.471146135472015,24.795757116441774,25.08296775817871,286260,0.0,0.0
2007-01-04 00:00:00-05:00,24.987226115712005,25.178698014351497,24.412806767735994,24.460674285888672,172940,0.0,0.0
2007-01-05 00:00:00-05:00,23.93412660803171,25.370174204513614,22.78528780043461,24.70001792907715,325080,0.0,0.0
2007-01-08 00:00:00-05:00,24.891490579311245,25.465909957885742,24.317071200736752,25.465909957885742,211620,0.0,0.0
2007-01-09 00:00:00-05:00,24.843623166109385,25.848855713442834,24.604281909503435,25.32230567932129,221020,0.0,0.0
2007-01-10 00:00:00-05:00,24.795753956908285,25.322305819983637,24.795753956908285,25.03509521484375,140480,0.0,0.0
2007-01-11 00:00:00-05:00,24.987227545035395,25.609514446760244,24.221334428580384,24.364940643310547,284140,0.0,0.0
2007-01-12 00:00:00-05:00,24.747885980584872,25.944592248253105,24.652149113965642,25.75311851501465,225680,0.0,0.0
2007-01-16 00:00:00-05:00,26.088196286288174,26.375405056276147,25.41804005494447,26.327537536621094,272240,0.0,0.0
2007-01-17 00:00:00-05:00,26.136065971087987,26.566880987788032,25.800989653686816,25.896724700927734,244680,0.0,0.0
2007-01-18 00:00:00-05:00,26.04032728561009,26.183931662436688,25.226566715554387,25.609512329101562,199020,0.0,0.0
2007-01-19 00:00:00-05:00,25.56164786068792,26.806221709653094,25.274437246752843,26.75835418701172,218580,0.0,0.0
2007-01-22 00:00:00-05:00,26.566879004117208,26.94982464257439,25.848855247249176,26.040328979492188,166680,0.0,0.0
2007-01-23 00:00:00-05:00,26.231806337963953,27.52424973416539,26.231806337963953,27.14130401611328,271660,0.0,0.0
2007-01-24 00:00:00-05:00,26.662616262476245,27.52424441818765,26.471142527416436,27.380640029907227,171680,0.0,0.0
2007-01-25 00:00:00-05:00,27.524243823268957,27.811452593621972,26.662615686181084,27.284902572631836,251300,0.0,0.0
2007-01-26 00:00:00-05:00,26.901957518286572,27.380640029907227,26.806220650756668,27.380640029907227,194940,0.0,0.0
2007-01-29 00:00:00-05:00,27.045566576875096,27.23704034499916,25.94459697523469,26.2318058013916,328000,0.0,0.0
2007-01-30 00:00:00-05:00,26.614749109395692,26.710485984816632,25.848857758086226,25.992462158203125,191780,0.0,0.0
2007-01-31 00:00:00-05:00,26.088201921948066,27.332775962124725,25.944597505932176,27.14130401611328,285060,0.0,0.0
2007-02-01 00:00:00-05:00,27.955058837949274,29.056028226978725,26.183933215930328,28.242267608642578,335580,0.0,0.0
2007-02-02 00:00:00-05:00,27.811454039277226,28.242269043229584,26.61474772388614,28.002927780151367,271920,0.0,0.0
2007-02-05 00:00:00-05:00,28.24226978826657,28.2901373117334,27.667850376519763,27.81145477294922,150300,0.0,0.0
2007-02-06 00:00:00-05:00,28.290135593600215,28.960291837609333,27.52424430847168,27.52424430847168,240780,0.0,0.0
2007-02-07 00:00:00-05:00,27.619982502036784,27.85932376838714,27.045563097590144,27.428508758544922,160620,0.0,0.0
2007-02-08 00:00:00-05:00,27.428506784983608,28.529476165771484,27.09342867099717,28.529476165771484,232800,0.0,0.0
2007-02-09 00:00:00-05:00,28.625212412790304,29.678314251434042,27.76358429972862,28.57734489440918,434700,0.0,0.0
2007-02-12 00:00:00-05:00,28.625213244909933,29.43897386324608,27.955058837949274,28.242267608642578,221220,0.0,0.0
2007-02-13 00:00:00-05:00,29.00815866402959,29.00815866402959,28.481608646357202,28.529476165771484,283400,0.0,0.0
2007-02-14 00:00:00-05:00,29.247499465942383,29.582577574805224,28.720949456321343,29.247499465942383,323600,0.0,0.0
2007-02-15 00:00:00-05:00,29.678315072905615,30.300601959228516,29.15176505202366,30.300601959228516,492020,0.0,0.0
2007-02-16 00:00:00-05:00,29.678315206674426,31.114362716674805,29.678315206674426,31.114362716674805,304660,0.0,0.0
2007-02-20 00:00:00-05:00,29.67831720445413,29.821921599915054,28.864556528803632,29.0560302734375,352340,0.0,0.0
2007-02-21 00:00:00-05:00,29.917656920338402,31.35370445251465,29.486841930273986,31.35370445251465,357840,0.0,0.0
2007-02-22 00:00:00-05:00,30.63568630201389,31.11436890048286,30.300608117879776,30.539949417114258,249020,0.0,0.0
2007-02-23 00:00:00-05:00,31.305837407962827,31.353704929351807,30.396339893341064,30.63568115234375,251060,0.0,0.0
2007-02-26 00:00:00-05:00,30.68355108446932,30.87502483712668,30.39634228151231,30.73141860961914,264180,0.0,0.0
2007-02-27 00:00:00-05:00,29.67831600155447,30.39633977578563,27.715718415734198,28.86455535888672,538280,0.0,0.0
2007-02-28 00:00:00-05:00,28.625219345092773,29.151771304946568,27.38064530549148,28.625219345092773,396600,0.0,0.0
2007-03-01 00:00:00-05:00,28.338005913666656,28.338005913666656,27.524245253994934,28.002927780151367,316460,0.0,0.0
2007-03-02 00:00:00-05:00,27.045560941383105,28.002925930458613,26.423274063689785,26.90195655822754,478180,0.0,0.0
2007-03-05 00:00:00-05:00,25.992461998186002,27.189168368507907,25.37017505082441,26.279672622680664,406440,0.0,0.0
2007-03-06 00:00:00-05:00,26.99769648310929,27.955061580722685,26.99769648310929,27.90719223022461,316480,0.0,0.0
2007-03-07 00:00:00-05:00,27.955058025310674,28.625212412790304,27.667847436937596,28.57734489440918,287680,0.0,0.0
2007-03-08 00:00:00-05:00,28.67308280976116,29.103895969092342,27.524244066153642,27.955059051513672,340820,0.0,0.0
2007-03-09 00:00:00-05:00,28.290135344539422,28.338004690706562,27.332770333542772,27.955059051513672,144420,0.0,0.0
2007-03-12 00:00:00-04:00,27.28490281340448,28.433741557011995,27.141298426960752,27.955059051513672,117240,0.0,0.0
2007-03-13 00:00:00-04:00,28.00292756310585,28.529477607385168,26.85408877882328,27.33277130126953,220640,0.0,0.0
2007-03-14 00:00:00-04:00,26.854089736938477,27.18916787981174,25.609515864585177,26.854089736938477,302700,0.0,0.0
2007-03-15 00:00:00-04:00,26.997693422340852,27.572110954963115,26.80621969411423,26.90195655822754,204860,0.0,0.0
2007-03-16 00:00:00-04:00,27.61998030003417,28.24226717772749,26.90195655822754,26.90195655822754,271920,0.0,0.0
2007-03-19 00:00:00-04:00,27.95505765858544,28.09866203787373,27.572110212444983,28.050792694091797,149960,0.0,0.0
2007-03-20 00:00:00-04:00,28.816686138372358,29.056027382335536,28.385871168827126,28.57734489440918,207600,0.0,0.0
2007-03-21 00:00:00-04:00,28.625212592927845,29.438973192729375,28.481608210852,29.247499465942383,184280,0.0,0.0
2007-03-22 00:00:00-04:00,29.678317784277525,30.06126345499789,29.103898365182484,29.965526580810547,248680,0.0,0.0
2007-03-23 00:00:00-04:00,29.869787934292557,30.156996696226056,29.008157996434505,29.678314208984375,239760,0.0,0.0
2007-03-26 00:00:00-04:00,29.869790829508663,30.06126274734704,28.91242576222991,29.199634552001953,329700,0.0,0.0
2007-03-27 00:00:00-04:00,29.19963194726003,29.247499465942383,28.52947572953435,29.247499465942383,205640,0.0,0.0
2007-03-28 00:00:00-04:00,29.247497653204658,29.247497653204658,28.768815191934344,29.103893280029297,114940,0.0,0.0
2007-03-29 00:00:00-04:00,28.72094940136361,29.103895028176034,28.00292566632952,28.29013442993164,246440,0.0,0.0
2007-03-30 00:00:00-04:00,28.385874779031305,28.625216053434652,27.763587830788403,27.90719223022461,188320,0.0,0.0
2007-04-02 00:00:00-04:00,27.763588981516783,28.290139076616676,27.38064329180513,28.09866714477539,249940,0.0,0.0
2007-04-03 00:00:00-04:00,28.002928709783475,28.76882004664801,27.907191836168163,28.481611251831055,239400,0.0,0.0
2007-04-04 00:00:00-04:00,28.960291657263017,29.72618293762207,28.864554790710923,29.72618293762207,345960,0.0,0.0
2007-04-05 00:00:00-04:00,29.678317678634574,29.82192207638991,29.151767611522008,29.295372009277344,323360,0.0,0.0
2007-04-09 00:00:00-04:00,29.726181956881074,29.774051301592216,29.15176442857768,29.247499465942383,179900,0.0,0.0
2007-04-10 00:00:00-04:00,29.869791185631517,30.013395582229663,29.295371773209954,29.58258056640625,171020,0.0,0.0
2007-04-11 00:00:00-04:00,29.917654344489073,30.013391203597177,28.864552546357313,29.34323501586914,367600,0.0,0.0
2007-04-12 00:00:00-04:00,29.295368964281863,30.109129568350845,29.151764581452934,30.061260223388672,169440,0.0,0.0
2007-04-13 00:00:00-04:00,30.013395774084902,30.492078316491266,29.821922026710762,30.252737045288086,328000,0.0,0.0
2007-04-16 00:00:00-04:00,30.58781363095477,31.11436367034912,30.25273550314523,30.63568115234375,306280,0.0,0.0
2007-04-17 00:00:00-04:00,30.635677734375,30.779283934577833,29.917654037475586,29.917654037475586,281340,0.0,0.0
2007-04-18 00:00:00-04:00,30.157003703544923,30.539949417114258,29.869794874875222,30.539949417114258,207800,0.0,0.0
2007-04-19 00:00:00-04:00,29.869786521427102,30.109127753726906,29.486839088924462,29.917654037475586,278640,0.0,0.0
2007-04-20 00:00:00-04:00,30.396340886100393,30.444208409052752,28.960293285182267,29.199634552001953,323100,0.0,0.0
2007-04-23 00:00:00-04:00,29.056028048390193,29.534710547289443,29.056028048390193,29.486841201782227,190180,0.0,0.0
2007-04-24 00:00:00-04:00,28.96029359644284,29.1517673423681,27.71571972601556,27.81145477294922,376940,0.0,0.0
2007-04-25 00:00:00-04:00,28.242269980807265,28.76882004664801,27.95506118599031,28.481611251831055,155340,0.0,0.0
2007-04-26 00:00:00-04:00,28.00292681818423,28.05079433874394,27.284903053615405,27.52424430847168,223080,0.0,0.0
2007-04-27 00:00:00-04:00,27.90719207143493,28.19440269470215,27.715720148619116,28.19440269470215,244100,0.0,0.0
2007-04-30 00:00:00-04:00,28.242267608642578,28.72095011048398,27.76358510680118,28.242267608642578,309260,0.0,0.0
2007-05-01 00:00:00-04:00,27.428507550657745,27.715718153247458,26.94982503903709,27.380640029907227,266420,0.0,0.0
2007-05-02 00:00:00-04:00,26.901957877107634,28.00292730331421,26.80622100830078,27.763586044311523,266420,0.0,0.0
2007-05-03 00:00:00-04:00,28.194399877813865,28.720949895486253,27.907189283241713,28.529476165771484,210200,0.0,0.0
2007-05-04 00:00:00-04:00,29.008161153984688,30.109132455304753,28.864556757386538,29.58258056640625,329140,0.0,0.0
2007-05-07 00:00:00-04:00,29.96552647414525,30.01339582408302,29.008161387737683,29.295372009277344,223540,0.0,0.0
2007-05-08 00:00:00-04:00,28.960290646374972,29.00815816496573,28.194399392750125,28.29013442993164,212040,0.0,0.0
2007-05-09 00:00:00-04:00,28.29013865633027,29.008162498633364,28.19440360484644,28.673086166381836,161600,0.0,0.0
2007-05-10 00:00:00-04:00,28.098665391837113,28.48161105765866,27.61998285305293,27.81145477294922,231080,0.0,0.0
2007-05-11 00:00:00-04:00,28.002926571651965,28.19440030426283,27.763585318902802,27.955059051513672,132940,0.0,0.0
2007-05-14 00:00:00-04:00,28.09866368533251,28.194400552480793,26.806220543902853,27.52424430847168,301220,0.0,0.0
2007-05-15 00:00:00-04:00,27.38064016948349,27.619981426513892,26.806220787404758,27.093429565429688,242500,0.0,0.0
2007-05-16 00:00:00-04:00,26.949826103606163,27.09343049755923,26.13606543650019,26.75835418701172,216280,0.0,0.0
2007-05-17 00:00:00-04:00,26.758353006637968,26.949824914786134,26.231801150665568,26.566879272460938,393200,0.0,0.0
2007-05-18 00:00:00-04:00,26.85408969538086,27.90719164591185,26.662617775484573,27.81145477294922,256000,0.0,0.0
2007-05-21 00:00:00-04:00,27.33277009234773,28.816686941915176,27.045561321994715,27.284902572631836,234720,0.0,0.0
2007-05-22 00:00:00-04:00,27.859323404302856,28.00292779703056,26.85408900315107,27.045562744140625,122660,0.0,0.0
2007-05-23 00:00:00-04:00,27.476375477539065,27.763584239257806,27.332769270650918,27.619979858398438,171440,0.0,0.0
2007-05-24 00:00:00-04:00,27.476381642139646,27.572116700172494,25.848860091172657,26.2318058013916,411860,0.0,0.0
2007-05-25 00:00:00-04:00,26.614747270687076,27.045562267303467,26.423275359102263,26.80622100830078,222160,0.0,0.0
2007-05-29 00:00:00-04:00,27.141297805496418,27.52424343592086,26.758352175071973,26.90195655822754,402900,0.0,0.0
2007-05-30 00:00:00-04:00,26.51901137509048,26.806220146245867,26.04032887247895,26.18393325805664,445960,0.0,0.0
2007-05-31 00:00:00-04:00,26.662615686181084,27.57211134298485,26.614746340436366,27.284902572631836,353800,0.0,0.0
2007-06-01 00:00:00-04:00,28.050799855265552,29.10390194894392,28.050799855265552,28.625219345092773,586380,0.0,0.0
2007-06-04 00:00:00-04:00,28.625217265162405,29.199636713251866,28.385875980627556,28.91242790222168,197760,0.0,0.0
2007-06-05 00:00:00-04:00,28.816688890296245,29.247502074954312,28.433743228590533,29.199634552001953,299040,0.0,0.0
2007-06-06 00:00:00-04:00,28.91242649646389,29.295372167894545,28.385874600471368,29.008161544799805,178260,0.0,0.0
2007-06-07 00:00:00-04:00,28.2901373117334,29.00816111990967,27.18916783773558,27.81145477294922,286160,0.0,0.0
2007-06-08 00:00:00-04:00,27.524240247996346,27.955055173593813,26.519007856307045,26.710479736328125,383600,0.0,0.0
2007-06-11 00:00:00-04:00,26.997695922851562,27.380641588744208,26.71048530391035,26.997695922851562,267100,0.0,0.0
2007-06-12 00:00:00-04:00,26.66261661810495,26.901957877107634,26.423275359102263,26.80622100830078,145680,0.0,0.0
2007-06-13 00:00:00-04:00,26.7104848383414,27.09343049755923,26.566880444388335,26.75835418701172,157400,0.0,0.0
2007-06-14 00:00:00-04:00,26.901957518286572,27.52424441818765,26.519011874195822,27.380640029907227,163740,0.0,0.0
2007-06-15 00:00:00-04:00,27.76358507390608,28.0029263245432,27.284902572631836,27.284902572631836,167200,0.0,0.0
2007-06-18 00:00:00-04:00,27.859322913118376,28.05079482470319,27.524244785308838,27.763586044311523,139140,0.0,0.0
2007-06-19 00:00:00-04:00,27.763586044311523,29.00815986071393,27.476377263919858,28.720951080322266,241580,0.0,0.0
2007-06-20 00:00:00-04:00,28.625219345092773,29.151771304946568,28.481614929143273,28.625219345092773,133720,0.0,0.0
2007-06-21 00:00:00-04:00,28.529480106009327,28.577349458063715,27.76358873342979,28.385875701904297,275940,0.0,0.0
2007-06-22 00:00:00-04:00,28.3858780431672,28.912430003020994,28.2422736272177,28.625219345092773,188300,0.0,0.0
2007-06-25 00:00:00-04:00,28.385873320823997,28.72095145298123,28.05079518866677,28.14653205871582,131760,0.0,0.0
2007-06-26 00:00:00-04:00,28.050795201482387,28.050795201482387,26.66261697623809,27.189167022705078,334140,0.0,0.0
2007-06-27 00:00:00-04:00,26.901957411051136,27.66784869617967,26.901957411051136,27.52424430847168,127960,0.0,0.0
2007-06-28 00:00:00-04:00,27.955061303228337,29.43897645938749,27.955061303228337,28.3380069732666,242300,0.0,0.0
2007-06-29 00:00:00-04:00,28.625216053434652,28.91242667833608,27.90719223022461,27.90719223022461,181140,0.0,0.0
2007-07-02 00:00:00-04:00,28.3858709152674,30.635678953630386,28.3858709152674,30.109128952026367,278060,0.0,0.0
2007-07-03 00:00:00-04:00,29.391112276406258,30.63568630201389,28.91242967793729,30.539949417114258,235960,0.0,0.0
2007-07-05 00:00:00-04:00,31.3537014391596,32.55040760095958,31.114360206799603,32.26319885253906,473680,0.0,0.0
2007-07-06 00:00:00-04:00,31.975995038519613,33.98646023976717,31.880256339567197,33.268436431884766,442160,0.0,0.0
2007-07-09 00:00:00-04:00,33.890721727018516,34.2736655274924,32.598276813768045,32.69401550292969,440520,0.0,0.0
2007-07-10 00:00:00-04:00,32.311072355077854,33.07696371011994,32.215337305219364,32.646148681640625,229980,0.0,0.0
2007-07-11 00:00:00-04:00,32.21534095666681,33.076967459228435,32.02386718318918,32.93336486816406,241780,0.0,0.0
2007-07-12 00:00:00-04:00,25.37017480371799,25.89672487111941,20.774823116852364,24.79575538635254,2378120,0.0,0.0
2007-07-13 00:00:00-04:00,24.508543941928174,24.891489570108703,23.694783340776553,24.029861450195312,825760,0.0,0.0
2007-07-16 00:00:00-04:00,23.455440207263088,24.077727031229642,22.019392847634734,22.7852840423584,731860,0.0,0.0
2007-07-17 00:00:00-04:00,22.545944523068922,22.928891975458498,21.68431640724995,22.115131378173828,480660,0.0,0.0
2007-07-18 00:00:00-04:00,21.58858242193373,22.833158156045556,21.301373620385093,22.450212478637695,410880,0.0,0.0
2007-07-19 00:00:00-04:00,22.737424917164905,23.93413149175253,22.737424917164905,23.407581329345703,473760,0.0,0.0
2007-07-20 00:00:00-04:00,23.886257194823855,24.17346596097841,23.50330973857937,23.742650985717773,283980,0.0,0.0
2007-07-23 00:00:00-04:00,23.790522757479458,23.790522757479458,22.78528832134346,23.024629592895508,307340,0.0,0.0
2007-07-24 00:00:00-04:00,23.263967107061347,23.40757330762179,22.49807589220623,22.88102149963379,234600,0.0,0.0
2007-07-25 00:00:00-04:00,22.450209158542204,22.689550399780273,21.780052952664114,22.689550399780273,326180,0.0,0.0
2007-07-26 00:00:00-04:00,21.540710357273774,22.115129665340138,20.918423534380484,21.684314727783203,426420,0.0,0.0
2007-07-27 00:00:00-04:00,21.062033454196246,21.492848505261907,20.631218403130582,20.870559692382812,362640,0.0,0.0
2007-07-30 00:00:00-04:00,20.583348274230957,21.397108920045866,20.39187453661725,21.062030792236328,246980,0.0,0.0
2007-07-31 00:00:00-04:00,21.444974681081888,22.689550221349755,20.870555341422005,21.875789642333984,419840,0.0,0.0
2007-08-01 00:00:00-04:00,21.684319536690165,22.163002095230915,20.822691296522624,21.205636978149414,225940,0.0,0.0
2007-08-02 00:00:00-04:00,21.540711542029992,21.875789642333984,21.444974681081888,21.875789642333984,225120,0.0,0.0
2007-08-03 00:00:00-04:00,23.02463100398223,23.407578522758005,22.450213377876764,22.928895950317383,479740,0.0,0.0
2007-08-06 00:00:00-04:00,23.886260575011264,23.934128100801242,22.019397852737143,23.503313064575195,276720,0.0,0.0
2007-08-07 00:00:00-04:00,23.31184170799785,23.646919874845445,22.88102666118964,23.599050521850586,236760,0.0,0.0
2007-08-08 00:00:00-04:00,24.125600351307543,24.74788727791058,23.886259085227227,24.70001792907715,660940,0.0,0.0
2007-08-09 00:00:00-04:00,23.407573597055002,24.939356045705637,22.78528492300838,24.65214729309082,339040,0.0,0.0
2007-08-10 00:00:00-04:00,24.987229767670073,25.992462404024263,24.700019138690994,25.70525360107422,355380,0.0,0.0
2007-08-13 00:00:00-04:00,26.088197966465064,26.088197966465064,24.41280910623336,24.843624114990234,227620,0.0,0.0
2007-08-14 00:00:00-04:00,24.700019894944894,24.891493653460067,23.599050348555362,23.886260986328125,258940,0.0,0.0
2007-08-15 00:00:00-04:00,22.976762725908557,23.12036712773968,21.636451932103032,22.163002014160156,402520,0.0,0.0
2007-08-16 00:00:00-04:00,21.349236909626942,21.636447480222234,15.55717989464682,20.008926391601562,780280,0.0,0.0
2007-08-17 00:00:00-04:00,21.923662194101468,22.40234478273263,20.34401001682446,21.109901428222656,367800,0.0,0.0
2007-08-20 00:00:00-04:00,21.875788379158024,23.072494506835938,21.54071029820248,23.072494506835938,307420,0.0,0.0
2007-08-21 00:00:00-04:00,23.072494506835938,23.886255038862647,22.881020795996015,23.072494506835938,266880,0.0,0.0
2007-08-22 00:00:00-04:00,23.694781751048808,23.838386123728217,23.311836148560822,23.455440521240234,241320,0.0,0.0
2007-08-23 00:00:00-04:00,24.07772909691729,24.221333479994573,23.21610097242481,23.742650985717773,284320,0.0,0.0
2007-08-24 00:00:00-04:00,23.838389404151204,23.886258752317467,23.35970687866211,23.35970687866211,228780,0.0,0.0
2007-08-27 00:00:00-04:00,23.45544655666499,24.07773354908497,23.216105265270453,23.83839225769043,159760,0.0,0.0
2007-08-28 00:00:00-04:00,23.694790176835006,23.838394600579658,23.12037065582708,23.407581329345703,162580,0.0,0.0
2007-08-29 00:00:00-04:00,23.455442910242564,23.79052103130894,23.263969176482103,23.69478416442871,209520,0.0,0.0
2007-08-30 00:00:00-04:00,23.26397229020254,23.646919808978314,22.928895950317383,22.928895950317383,131140,0.0,0.0
2007-08-31 00:00:00-04:00,23.838392965690282,24.173471148800285,23.551184137898392,23.790525436401367,326980,0.0,0.0
2007-09-04 00:00:00-04:00,24.125600351307543,25.082965415628813,23.93412660803171,24.70001792907715,262920,0.0,0.0
2007-09-05 00:00:00-04:00,24.60428215588763,24.939358457668277,24.17346715927124,24.891490936279297,172020,0.0,0.0
2007-09-06 00:00:00-04:00,25.370171582257306,26.18393216802603,25.130830340915256,25.848854064941406,482480,0.0,0.0
2007-09-07 00:00:00-04:00,26.47114041608989,26.66261413587784,25.274434232487014,25.609512329101562,424720,0.0,0.0
2007-09-10 00:00:00-04:00,25.65738400724435,26.183935909045,25.418042731706517,25.992462158203125,191860,0.0,0.0
2007-09-11 00:00:00-04:00,26.040330059678308,27.428508284922604,25.944593189585515,27.189167022705078,334340,0.0,0.0
2007-09-12 00:00:00-04:00,26.949825398496614,27.14129913611032,26.614747270687076,26.80622100830078,223560,0.0,0.0
2007-09-13 00:00:00-04:00,26.088196286288174,26.80622003728693,26.088196286288174,26.327537536621094,170480,0.0,0.0
2007-09-14 00:00:00-04:00,26.61474288330329,26.997690295402634,26.231797297232536,26.710479736328125,195140,0.0,0.0
2007-09-17 00:00:00-04:00,26.997693877702012,27.093428917401255,25.944592006750874,26.18393325805664,215260,0.0,0.0
2007-09-18 00:00:00-04:00,26.231801973834976,27.380640762890664,25.657382579307132,27.189167022705078,344840,0.0,0.0
2007-09-19 00:00:00-04:00,27.667852102581598,28.242271550163625,27.38064329180513,28.09866714477539,306340,0.0,0.0
2007-09-20 00:00:00-04:00,29.34323632933588,29.726181956881074,28.864553838397192,29.247499465942383,465760,0.0,0.0
2007-09-21 00:00:00-04:00,29.630449562688973,29.678317085641332,28.385873879609225,29.199634552001953,369580,0.0,0.0
2007-09-24 00:00:00-04:00,28.768816919954368,28.912423127784216,28.00292566632952,28.29013442993164,260900,0.0,0.0
2007-09-25 00:00:00-04:00,27.955058025310674,28.625212412790304,27.667847436937596,28.57734489440918,212560,0.0,0.0
2007-09-26 00:00:00-04:00,28.577345725137327,29.056028226978725,27.81145262657379,28.242267608642578,236700,0.0,0.0
2007-09-27 00:00:00-04:00,28.481611251831055,28.81668939647016,28.242269980807265,28.481611251831055,202700,0.0,0.0
2007-09-28 00:00:00-04:00,29.199634079105596,29.869790345758936,28.96029281616211,28.96029281616211,314780,0.0,0.0
2007-10-01 00:00:00-04:00,29.295369750769318,30.44420667027215,29.295369750769318,29.869789123535156,244580,0.0,0.0
2007-10-02 00:00:00-04:00,29.19963194726003,29.391105674047022,28.481608210852,29.247499465942383,357140,0.0,0.0
2007-10-03 00:00:00-04:00,29.295369258601742,29.295369258601742,28.529476165771484,28.529476165771484,249020,0.0,0.0
2007-10-04 00:00:00-04:00,28.242266787654977,29.008158037925636,27.811451818109745,28.57734489440918,268340,0.0,0.0
2007-10-05 00:00:00-04:00,28.529475509192824,29.917655452605214,28.529475509192824,29.678314208984375,326540,0.0,0.0
2007-10-08 00:00:00-04:00,29.43897593667628,29.534712808993213,28.625215261025776,29.0560302734375,135780,0.0,0.0
2007-10-09 00:00:00-04:00,29.869791029177968,30.970758672673384,29.391108492338763,30.683549880981445,308840,0.0,0.0
2007-10-10 00:00:00-04:00,31.449436471280645,32.31106636859958,31.06649269073908,32.26319885253906,389760,0.0,0.0
2007-10-11 00:00:00-04:00,32.78975296020508,33.65138296596791,30.779287816168925,32.78975296020508,654480,0.0,0.0
2007-10-12 00:00:00-04:00,32.55041047635342,33.029092983358616,31.353704208840426,31.78451919555664,387200,0.0,0.0
2007-10-15 00:00:00-04:00,32.598278775370034,33.36417007446289,32.311069994717435,33.36417007446289,462560,0.0,0.0
2007-10-16 00:00:00-04:00,33.412046131663146,33.45991366009223,32.023865894869886,32.21533966064453,500880,0.0,0.0
2007-10-17 00:00:00-04:00,32.78975248336792,33.412041217598016,32.07172870635986,32.550411224365234,429940,0.0,0.0
2007-10-18 00:00:00-04:00,32.74188738355717,32.933361135332206,32.406807404936345,32.646148681640625,283540,0.0,0.0
2007-10-19 00:00:00-04:00,33.22056500850765,33.22056500850765,31.975991284696526,32.454673767089844,308360,0.0,0.0
2007-10-22 00:00:00-04:00,30.396341442804196,31.257971479958844,29.86979137656879,30.252737045288086,487580,0.0,0.0
2007-10-23 00:00:00-04:00,31.210098238473932,31.64091322853835,30.587813165765528,31.35370445251465,338980,0.0,0.0
2007-10-24 00:00:00-04:00,31.30583579608742,32.31106830172971,30.731414612822107,32.11959457397461,253500,0.0,0.0
2007-10-25 00:00:00-04:00,32.789755408443625,32.981229163138124,32.07173156738281,32.07173156738281,273820,0.0,0.0
2007-10-26 00:00:00-04:00,32.6461443762433,32.9333567920571,32.02385933011441,32.406803131103516,246260,0.0,0.0
2007-10-29 00:00:00-04:00,32.78975617085589,33.69925378775842,32.454679831393044,33.65138626098633,278920,0.0,0.0
2007-10-30 00:00:00-04:00,32.93336184620515,33.17270312807566,32.40680810444353,32.59828186035156,189540,0.0,0.0
2007-10-31 00:00:00-04:00,33.36416452159852,33.794979446904925,32.78974705589477,33.22056198120117,382500,0.0,0.0
2007-11-01 00:00:00-04:00,32.311067528452845,32.40680256401044,31.018626288137735,31.21009635925293,442420,0.0,0.0
2007-11-02 00:00:00-04:00,32.311069445111144,32.311069445111144,31.257969383278763,31.497310638427734,393000,0.0,0.0
2007-11-05 00:00:00-05:00,33.172700080040464,33.172700080040464,29.82192061570678,30.492076873779297,377600,0.0,0.0
2007-11-06 00:00:00-05:00,32.311067302688095,32.311067302688095,30.922887384457407,31.640911102294922,313260,0.0,0.0
2007-11-07 00:00:00-05:00,32.02385954214667,32.550409554529004,30.061260223388672,30.061260223388672,366900,0.0,0.0
2007-11-08 00:00:00-05:00,30.157000450232253,30.87502427047588,28.481611536330462,29.821922302246094,478600,0.0,0.0
2007-11-09 00:00:00-05:00,28.91242790222168,29.295373592271627,28.050797817072947,28.91242790222168,370360,0.0,0.0
2007-11-12 00:00:00-05:00,27.332771277808902,27.907190669457147,26.183934320541326,26.519012451171875,345280,0.0,0.0
2007-11-13 00:00:00-05:00,26.088199254259933,27.47637939453125,26.088199254259933,27.47637939453125,237240,0.0,0.0
2007-11-14 00:00:00-05:00,28.338006666490305,28.960293601819476,26.997695922851562,26.997695922851562,214440,0.0,0.0
2007-11-15 00:00:00-05:00,26.327536225974924,26.710481842237904,26.040327470284872,26.42327308654785,245240,0.0,0.0
2007-11-16 00:00:00-05:00,26.4711436931435,27.619982502036784,25.418041755996146,27.428508758544922,272740,0.0,0.0
2007-11-19 00:00:00-05:00,27.763585151468934,27.763585151468934,25.944592006750874,26.18393325805664,217740,0.0,0.0
2007-11-20 00:00:00-05:00,26.088197581710247,27.572112677047336,25.84885631949272,27.189167022705078,245040,0.0,0.0
2007-11-21 00:00:00-05:00,27.42850339497151,27.524240247996346,26.471138516780332,26.710479736328125,190440,0.0,0.0
2007-11-23 00:00:00-05:00,27.5721139074131,29.151767769361676,27.5721139074131,29.008161544799805,178320,0.0,0.0
2007-11-26 00:00:00-05:00,29.00815910278691,30.10913032625613,27.71571779876451,27.955059051513672,399820,0.0,0.0
2007-11-27 00:00:00-05:00,27.619981175619962,28.00292681818423,26.66261615619486,27.52424430847168,244920,0.0,0.0
2007-11-28 00:00:00-05:00,27.189166552347352,28.960292227323315,26.8540884258337,28.86455535888672,297920,0.0,0.0
2007-11-29 00:00:00-05:00,28.33800709332126,28.864557163600992,27.859324547238227,28.19440269470215,147080,0.0,0.0
2007-11-30 00:00:00-05:00,28.19440163647426,28.24226915887434,27.428508495870478,27.859323501586914,237340,0.0,0.0
2007-12-03 00:00:00-05:00,27.045563441306122,28.00292851887448,27.045563441306122,27.81145477294922,117700,0.0,0.0
2007-12-04 00:00:00-05:00,28.00292730331421,28.00292730331421,27.332771047695132,27.763586044311523,224820,0.0,0.0
2007-12-05 00:00:00-05:00,27.524245155015397,27.763586417232922,26.901958238455617,27.189167022705078,152040,0.0,0.0
2007-12-06 00:00:00-05:00,26.949829788532387,28.002931864896734,26.90196225934595,27.715723037719727,247480,0.0,0.0
2007-12-07 00:00:00-05:00,27.859323131870774,28.4816100449582,27.619981870988774,28.43374252319336,158180,0.0,0.0
2007-12-10 00:00:00-05:00,28.146530958095695,28.816687196204885,27.955059051513672,27.955059051513672,174720,0.0,0.0
2007-12-11 00:00:00-05:00,28.050795201482387,28.29013646369991,26.66261697623809,27.189167022705078,178580,0.0,0.0
2007-12-12 00:00:00-05:00,27.3806453181495,28.098669224258163,26.710488942036395,27.14130401611328,192200,0.0,0.0
2007-12-13 00:00:00-05:00,26.375404357910156,26.854086845901477,25.84885435153122,26.375404357910156,201440,0.0,0.0
2007-12-14 00:00:00-05:00,26.18393432879757,26.42327558989073,25.561647415161133,25.561647415161133,175780,0.0,0.0
2007-12-17 00:00:00-05:00,25.60951543497029,26.375406754950347,24.556413500476005,24.843624114990234,277920,0.0,0.0
2007-12-18 00:00:00-05:00,25.992460589511477,25.992460589511477,24.700017414402627,25.561647415161133,271160,0.0,0.0
2007-12-19 00:00:00-05:00,25.94459190129419,26.327537536621094,25.1308312849565,26.327537536621094,162800,0.0,0.0
2007-12-20 00:00:00-05:00,26.08819649953852,26.327537751827865,25.657381515006165,26.040328979492188,160060,0.0,0.0
2007-12-21 00:00:00-05:00,26.088198909964962,27.90719223022461,26.088198909964962,27.90719223022461,323640,0.0,0.0
2007-12-24 00:00:00-05:00,27.572111938938168,27.9071900622784,27.189166294847418,27.380640029907227,85660,0.0,0.0
2007-12-26 00:00:00-05:00,27.667847819076425,28.14653031361418,26.90195655822754,26.90195655822754,143260,0.0,0.0
2007-12-27 00:00:00-05:00,26.90195717421159,28.24226782440113,26.90195717421159,27.955059051513672,217520,0.0,0.0
2007-12-28 00:00:00-05:00,28.09866474592676,29.29537106537825,28.09866474592676,28.816688537597656,157320,0.0,0.0
2007-12-31 00:00:00-05:00,28.720951080322266,28.768818601711246,27.332771047695132,27.763586044311523,127400,0.0,0.0
2008-01-02 00:00:00-05:00,28.577344853534257,30.1091291779134,28.290134265571982,29.678314208984375,328400,0.0,0.0
2008-01-03 00:00:00-05:00,30.109129568350845,30.779285789590904,29.678314593835267,30.061260223388672,311080,0.0,0.0
2008-01-04 00:00:00-05:00,30.3006053239204,31.114366031488206,29.82192276958981,31.018630981445312,251980,0.0,0.0
2008-01-07 00:00:00-05:00,31.018627253560982,31.018627253560982,29.48684107256157,29.774051666259766,189420,0.0,0.0
2008-01-08 00:00:00-05:00,30.683548931325742,31.305837670780047,30.061262017900347,30.204866409301758,335440,0.0,0.0
2008-01-09 00:00:00-05:00,30.587810626597054,31.401569366455078,30.061258812892124,31.401569366455078,333140,0.0,0.0
2008-01-10 00:00:00-05:00,31.44944476672558,32.933363720417944,30.779292060996784,32.74188995361328,313540,0.0,0.0
2008-01-11 00:00:00-05:00,31.83238321940104,33.0769568705,31.83238321940104,32.311065673828125,262180,0.0,0.0
2008-01-14 00:00:00-05:00,33.26844096782145,33.50778226974822,31.018634190533156,31.736658096313477,334800,0.0,0.0
2008-01-15 00:00:00-05:00,31.35370592087034,31.73665340820795,29.821921449606762,30.156999588012695,516460,0.0,0.0
2008-01-16 00:00:00-05:00,29.72618896874457,29.86979521072329,27.476382191467554,28.625219345092773,522480,0.0,0.0
2008-01-17 00:00:00-05:00,29.582577388643017,29.582577388643017,27.667847436937596,28.57734489440918,313700,0.0,0.0
2008-01-18 00:00:00-05:00,29.534710507730793,29.534710507730793,27.859321763827428,28.529476165771484,397940,0.0,0.0
2008-01-22 00:00:00-05:00,26.806222514831312,29.965526580810547,26.32753996992361,29.965526580810547,395220,0.0,0.0
2008-01-23 00:00:00-05:00,28.19440360484644,29.77405569270743,27.66785169154007,28.673086166381836,450660,0.0,0.0
2008-01-24 00:00:00-05:00,29.582579495876363,30.731416453116577,29.582579495876363,30.204866409301758,438640,0.0,0.0
2008-01-25 00:00:00-05:00,31.06649527737183,31.688780342085575,29.91765653597871,30.01339340209961,320100,0.0,0.0
2008-01-28 00:00:00-05:00,30.731421360884326,31.25797514084691,29.91766240431044,30.539949417114258,272840,0.0,0.0
2008-01-29 00:00:00-05:00,30.539945485135476,31.066497371275982,30.348473566017173,30.683549880981445,214000,0.0,0.0
2008-01-30 00:00:00-05:00,30.92288760052263,31.975991251943746,30.348470083062026,31.21009635925293,313900,0.0,0.0
2008-01-31 00:00:00-05:00,30.731415227711413,31.497310154056226,30.15699768501047,31.25796890258789,243260,0.0,0.0
2008-02-01 00:00:00-05:00,31.018631064634217,31.832389948355413,30.539946682990816,30.73141860961914,227300,0.0,0.0
2008-02-04 00:00:00-05:00,30.49207480250099,30.49207480250099,29.295368584396783,29.678314208984375,243140,0.0,0.0
2008-02-05 00:00:00-05:00,28.960292930726048,29.199634194616348,28.33800600981706,28.816688537597656,194880,0.0,0.0
2008-02-06 00:00:00-05:00,29.39110781987196,29.869790345758936,28.720951553218622,28.96029281616211,347800,0.0,0.0
2008-02-07 00:00:00-05:00,28.338003650446005,29.056027382335536,28.2901343060361,28.57734489440918,209240,0.0,0.0
2008-02-08 00:00:00-05:00,28.720954144182166,29.534714876806476,28.720954144182166,28.91242790222168,178800,0.0,0.0
2008-02-11 00:00:00-05:00,29.438974140921903,29.438974140921903,28.481609128208994,28.768817901611328,215600,0.0,0.0
2008-02-12 00:00:00-05:00,29.58258053165648,29.821921801048568,27.237037187231383,27.81145477294922,679600,0.0,0.0
2008-02-13 00:00:00-05:00,27.811454039277226,28.43374278410373,27.38064086135379,28.002927780151367,236180,0.0,0.0
2008-02-14 00:00:00-05:00,28.242266417162025,28.433740140232253,27.71571641776203,28.050792694091797,170200,0.0,0.0
2008-02-15 00:00:00-05:00,27.955058837949274,28.86455449583063,27.859321972375227,28.242267608642578,171180,0.0,0.0
2008-02-19 00:00:00-05:00,29.343236997672033,29.43897386324608,28.00292635772188,28.242267608642578,329740,0.0,0.0
2008-02-20 00:00:00-05:00,28.05079482470319,28.8645554705181,27.332771047695132,28.720951080322266,225940,0.0,0.0
2008-02-21 00:00:00-05:00,29.391106123459124,29.43897364287341,28.290134916642433,28.529476165771484,282340,0.0,0.0
2008-02-22 00:00:00-05:00,28.290136549508773,29.05602968654529,28.146532156948464,28.96029281616211,189640,0.0,0.0
2008-02-25 00:00:00-05:00,28.52947723237307,29.391107222273565,28.433742189965354,28.86455535888672,204620,0.0,0.0
2008-02-26 00:00:00-05:00,28.864556528803632,29.295371541215356,28.816689005659644,29.0560302734375,231640,0.0,0.0
2008-02-27 00:00:00-05:00,29.582580183035233,30.875023387727282,29.343238916463704,30.156999588012695,410360,0.0,0.0
2008-02-28 00:00:00-05:00,30.77928554438757,33.268433029669296,30.77928554438757,32.69401550292969,457120,0.0,0.0
2008-02-29 00:00:00-05:00,33.12483067069884,33.65138439212377,32.50254555310447,33.50777816772461,477660,0.0,0.0
2008-03-03 00:00:00-05:00,33.794979968530576,33.89071864899705,32.93335375667575,33.459903717041016,310000,0.0,0.0
2008-03-04 00:00:00-05:00,32.933360687859185,33.50777828332149,31.25797177369311,31.593048095703125,423100,0.0,0.0
2008-03-05 00:00:00-05:00,31.832392129095243,32.9333635432557,31.6409183633206,32.21533966064453,385720,0.0,0.0
2008-03-06 00:00:00-05:00,32.45467722604193,36.619213805888435,31.73665342592647,36.571346282958984,1014280,0.0,0.0
2008-03-07 00:00:00-05:00,37.67231473469056,37.72018591071498,34.65661690010913,35.422508239746094,778960,0.0,0.0
2008-03-10 00:00:00-04:00,34.51301078234475,34.80021957908507,32.74188682573107,33.50777816772461,511120,0.0,0.0
2008-03-11 00:00:00-04:00,34.27367278393388,34.369411493365384,32.74188995361328,32.74188995361328,393780,0.0,0.0
2008-03-12 00:00:00-04:00,33.84284973144531,34.22579717464192,33.07695849710957,33.84284973144531,268120,0.0,0.0
2008-03-13 00:00:00-04:00,34.51301168524789,35.27890304727809,34.03432912747175,34.80022048950195,440040,0.0,0.0
2008-03-14 00:00:00-04:00,35.75758548375685,36.28413921717088,34.943826599121095,35.90119171142578,407300,0.0,0.0
2008-03-17 00:00:00-04:00,36.14053205541662,36.33200580334036,34.41727562821895,35.422508239746094,453040,0.0,0.0
2008-03-18 00:00:00-04:00,35.326774104866196,36.76282177332323,35.326774104866196,35.90119171142578,730500,0.0,0.0
2008-03-19 00:00:00-04:00,34.89596161303444,35.23103796589884,32.502548658122045,32.74188995361328,933260,0.0,0.0
2008-03-20 00:00:00-04:00,30.87502008274383,32.78975001035585,29.726181395765114,31.21009635925293,1259620,0.0,0.0
2008-03-24 00:00:00-04:00,31.30584104387347,32.071732431222365,30.683552237369753,30.922893524169922,517780,0.0,0.0
2008-03-25 00:00:00-04:00,32.02385841102248,33.22056460237566,31.35370221345321,33.029090881347656,390780,0.0,0.0
2008-03-26 00:00:00-04:00,33.31629541998048,33.50776911677344,32.1674568912797,32.50253677368164,560020,0.0,0.0
2008-03-27 00:00:00-04:00,32.55040978609343,32.933357244399936,31.40157106323155,31.688779830932617,321980,0.0,0.0
2008-03-28 00:00:00-04:00,32.215336756364145,33.50777816772461,31.257971665857724,33.50777816772461,505440,0.0,0.0
2008-03-31 00:00:00-04:00,33.50777873859926,36.52348028589641,32.59828115671138,32.646148681640625,402720,0.0,0.0
2008-04-01 00:00:00-04:00,31.928127185953404,32.694022249051976,31.162235774913153,32.21533966064453,289880,0.0,0.0
2008-04-02 00:00:00-04:00,32.3110685957239,33.938589818364484,32.263201076363984,33.74711608886719,367160,0.0,0.0
2008-04-03 00:00:00-04:00,33.9864667168979,35.18317329143656,32.311077512543775,34.704490661621094,325520,0.0,0.0
2008-04-04 00:00:00-04:00,35.183167781151454,35.51824410872015,33.93859386896451,34.2736701965332,402620,0.0,0.0
2008-04-07 00:00:00-04:00,34.46514085718127,35.61397961616553,34.46514085718127,35.03955841064453,361240,0.0,0.0
2008-04-08 00:00:00-04:00,33.60351378005348,35.8054564468286,33.60351378005348,35.37464141845703,395860,0.0,0.0
2008-04-09 00:00:00-04:00,35.422508239746094,35.757584559569146,34.56087820011827,35.422508239746094,257260,0.0,0.0
2008-04-10 00:00:00-04:00,35.6139834044502,36.18840101901467,34.94382708608624,35.32677459716797,486940,0.0,0.0
2008-04-11 00:00:00-04:00,35.23103577417855,35.326774477654155,34.225803126062466,34.51301193237305,264020,0.0,0.0
2008-04-14 00:00:00-04:00,34.848087310791016,34.991689868938174,34.22579860264711,34.848087310791016,222020,0.0,0.0
2008-04-15 00:00:00-04:00,35.23103090610916,35.23103090610916,34.70448089195312,35.13529586791992,133740,0.0,0.0
2008-04-16 00:00:00-04:00,35.374634245915246,37.14575787314867,35.374634245915246,36.714942932128906,437160,0.0,0.0
2008-04-17 00:00:00-04:00,36.858554366367315,36.858554366367315,35.94905683990253,36.61921310424805,224780,0.0,0.0
2008-04-18 00:00:00-04:00,35.47037762798506,35.75758643893696,34.84809247959897,35.56611633300781,351500,0.0,0.0
2008-04-21 00:00:00-04:00,35.566109841638955,35.566109841638955,33.794982468587236,34.656612396240234,329600,0.0,0.0
2008-04-22 00:00:00-04:00,34.17793344876694,35.518242344526534,33.890724660536875,34.943824768066406,303260,0.0,0.0
2008-04-23 00:00:00-04:00,34.60875093862511,34.800221043135174,33.07696453813758,33.412044525146484,490320,0.0,0.0
2008-04-24 00:00:00-04:00,32.8376200364065,32.933358731334515,31.257969916700944,31.449440002441406,429520,0.0,0.0
2008-04-25 00:00:00-04:00,31.688778619739256,32.502541024522934,31.497308549961907,31.640911102294922,306340,0.0,0.0
2008-04-28 00:00:00-04:00,32.21533779641822,33.45991172384533,32.07173156738281,32.07173156738281,367220,0.0,0.0
2008-04-29 00:00:00-04:00,31.4973128222845,31.832389141902386,30.63568278318425,31.066497802734375,333120,0.0,0.0
2008-04-30 00:00:00-04:00,30.731415077379722,32.83761881040951,30.731415077379722,32.35893630981445,346560,0.0,0.0
2008-05-01 00:00:00-04:00,32.11959436734729,32.7897505841502,30.97075566026482,32.406803131103516,307760,0.0,0.0
2008-05-02 00:00:00-04:00,32.35893944033887,33.17270196131148,31.593048095703125,31.593048095703125,251840,0.0,0.0
2008-05-05 00:00:00-04:00,31.975992500572996,33.17269875206064,31.975992500572996,32.35893630981445,327180,0.0,0.0
2008-05-06 00:00:00-04:00,32.646144012449135,34.082191467285156,32.646144012449135,34.082191467285156,259820,0.0,0.0
2008-05-07 00:00:00-04:00,33.55564660652136,34.36940914686871,31.64091637331548,33.9864616394043,347040,0.0,0.0
2008-05-08 00:00:00-04:00,34.27367065177121,34.56087945808179,33.7471205648588,34.51301193237305,214940,0.0,0.0
2008-05-09 00:00:00-04:00,34.752345641632054,35.613975524902344,33.9864544409792,35.613975524902344,278920,0.0,0.0
2008-05-12 00:00:00-04:00,34.991690889865545,35.56611209538654,34.656614592354934,35.03955841064453,158440,0.0,0.0
2008-05-13 00:00:00-04:00,34.656618869890536,34.752353923264714,33.50777996910943,34.465145111083984,193620,0.0,0.0
2008-05-14 00:00:00-04:00,34.22580174293846,34.89595803195304,33.651384153530515,33.794986724853516,171180,0.0,0.0
2008-05-15 00:00:00-04:00,34.082195656337916,35.757584559569146,34.082195656337916,35.422508239746094,261320,0.0,0.0
2008-05-16 00:00:00-04:00,36.04479484715384,36.95428870417998,35.66184737425816,36.66707992553711,379080,0.0,0.0
2008-05-19 00:00:00-04:00,37.67231803262426,38.246739326681826,36.14053521925403,37.097900390625,448880,0.0,0.0
2008-05-20 00:00:00-04:00,37.097894209849684,38.29460047468354,36.95428799724654,37.81591796875,304300,0.0,0.0
2008-05-21 00:00:00-04:00,38.438209066559516,40.59228047659455,38.10312910043043,39.826385498046875,458480,0.0,0.0
2008-05-22 00:00:00-04:00,40.01786243134602,40.6401512379861,38.055264609566194,39.06049728393555,402680,0.0,0.0
2008-05-23 00:00:00-04:00,39.108365961327074,40.017863608532934,38.62968337354066,39.25197219848633,221660,0.0,0.0
2008-05-27 00:00:00-04:00,39.01262956228315,39.01262956228315,38.24673817858862,38.5339469909668,217900,0.0,0.0
2008-05-28 00:00:00-04:00,37.86378130044212,39.10835494778311,37.432966362347116,38.39033126831055,244020,0.0,0.0
2008-05-29 00:00:00-04:00,37.911654413994384,39.012625679262975,37.57657810824716,37.720184326171875,346520,0.0,0.0
2008-05-30 00:00:00-04:00,38.24673555237274,38.77328561425348,37.19363177655331,38.72541809082031,202060,0.0,0.0
2008-06-02 00:00:00-04:00,40.11359178195831,40.783744307204906,38.29459696528436,40.544403076171875,348520,0.0,0.0
2008-06-03 00:00:00-04:00,39.29983444057993,40.448673227147154,39.29983444057993,39.63491439819336,295900,0.0,0.0
2008-06-04 00:00:00-04:00,39.443441194470665,41.11883004913337,39.29983497467643,39.58704376220703,353800,0.0,0.0
2008-06-05 00:00:00-04:00,39.156233255034074,40.83162214598442,38.77328576199367,40.35293960571289,253540,0.0,0.0
2008-06-06 00:00:00-04:00,40.68801637329807,41.597513940289275,40.44867510051397,41.40604019165039,361220,0.0,0.0
2008-06-09 00:00:00-04:00,41.5975182131254,41.6453857421875,40.40081172628093,41.6453857421875,215700,0.0,0.0
2008-06-10 00:00:00-04:00,40.64014234264701,41.262427361022766,39.347697485299065,39.682777404785156,409740,0.0,0.0
2008-06-11 00:00:00-04:00,40.11359935827239,40.592281910747914,39.73065185546875,39.73065185546875,181300,0.0,0.0
2008-06-12 00:00:00-04:00,39.299839281653085,39.730654336192124,38.72542164363988,39.012630462646484,235480,0.0,0.0
2008-06-13 00:00:00-04:00,38.72541238405627,39.01262113438876,37.95952116581717,38.58180618286133,215320,0.0,0.0
2008-06-16 00:00:00-04:00,39.44344018370567,40.01785774404703,39.204098924887134,39.395572662353516,216960,0.0,0.0
2008-06-17 00:00:00-04:00,39.87425737679445,40.688016240787,38.77328606474997,39.77851867675781,210680,0.0,0.0
2008-06-18 00:00:00-04:00,39.443440901637366,40.20933221338552,39.251967160685865,40.16146469116211,250520,0.0,0.0
2008-06-19 00:00:00-04:00,40.20933395954797,40.6401489823833,38.67755126953125,38.67755126953125,474100,0.0,0.0
2008-06-20 00:00:00-04:00,38.7732847208492,39.29983477059731,36.7628195665172,37.1457633972168,734800,0.0,0.0
2008-06-23 00:00:00-04:00,36.71494674187745,38.91688919067383,35.901187942666745,38.91688919067383,378080,0.0,0.0
2008-06-24 00:00:00-04:00,39.06048876449116,39.156227449585664,35.80545016448372,37.193626403808594,306560,0.0,0.0
2008-06-25 00:00:00-04:00,36.9064300283605,36.9064300283605,33.74712540199017,34.704490661621094,567360,0.0,0.0
2008-06-26 00:00:00-04:00,35.66185287202513,38.58181593381955,35.23103781161585,38.43821334838867,768100,0.0,0.0
2008-06-27 00:00:00-04:00,39.15623049005108,41.88471931610575,38.629676811288164,40.83161926269531,1082960,0.0,0.0
2008-06-30 00:00:00-04:00,41.11883139472106,41.980457785509046,38.964759939664106,41.40604019165039,523700,0.0,0.0
2008-07-01 00:00:00-04:00,41.64537545909052,44.708944039366145,41.54964042460526,44.038787841796875,452120,0.0,0.0
2008-07-02 00:00:00-04:00,42.746346581825094,42.84208161623392,40.40080171823432,40.735877990722656,706460,0.0,0.0
2008-07-03 00:00:00-04:00,40.68801277367698,40.68801277367698,37.624444022659176,38.103126525878906,482580,0.0,0.0
2008-07-07 00:00:00-04:00,38.533941232474746,38.533941232474746,37.09789373312786,37.576576232910156,383840,0.0,0.0
2008-07-08 00:00:00-04:00,37.193637729046,38.05526789697063,36.42774627536773,37.48085021972656,367260,0.0,0.0
2008-07-09 00:00:00-04:00,38.294599767838776,39.68277973983445,37.576576022191794,37.86378479003906,269560,0.0,0.0
2008-07-10 00:00:00-04:00,38.9647576660686,40.06572526539918,38.438207627079386,39.395572662353516,372520,0.0,0.0
2008-07-11 00:00:00-04:00,40.640147233506156,41.50177359004023,39.63491465818747,40.975223541259766,487380,0.0,0.0
2008-07-14 00:00:00-04:00,41.262436269598844,41.83685754756818,40.06572983890215,41.78899002075195,270260,0.0,0.0
2008-07-15 00:00:00-04:00,42.12406312957408,42.36340439735575,39.01262664841236,39.826385498046875,432060,0.0,0.0
2008-07-16 00:00:00-04:00,39.969995627374004,40.35294315408832,38.629682935932166,39.012630462646484,313160,0.0,0.0
2008-07-17 00:00:00-04:00,38.438214881187484,40.92736298183225,37.6244522563955,38.055267333984375,486900,0.0,0.0
2008-07-18 00:00:00-04:00,37.86378479003906,38.43820597779122,37.14576104439208,37.86378479003906,234620,0.0,0.0
2008-07-21 00:00:00-04:00,38.294603770998066,39.01262759170428,37.91165627246488,38.67755126953125,214820,0.0,0.0
2008-07-22 00:00:00-04:00,38.91689040326511,39.01262544660543,37.62444540582386,38.00739288330078,334660,0.0,0.0
2008-07-23 00:00:00-04:00,37.33723687004714,38.00739313402366,34.8959567281864,35.80545425415039,533940,0.0,0.0
2008-07-24 00:00:00-04:00,35.51824094600193,37.62444473018747,35.51824094600193,36.954288482666016,367980,0.0,0.0
2008-07-25 00:00:00-04:00,37.67231315215842,37.911654413994384,36.18839805918697,37.720184326171875,313200,0.0,0.0
2008-07-28 00:00:00-04:00,38.24673539277522,38.24673539277522,37.09789657488338,37.91165542602539,218160,0.0,0.0
2008-07-29 00:00:00-04:00,37.289371027405,37.91165614536264,36.57134720910602,37.05002975463867,230800,0.0,0.0
2008-07-30 00:00:00-04:00,36.14053127646416,37.72018509771555,35.66184874300105,37.38510513305664,422300,0.0,0.0
2008-07-31 00:00:00-04:00,38.055265297918965,39.20410422600364,37.72018895108764,39.012630462646484,291700,0.0,0.0
2008-08-01 00:00:00-04:00,38.05526954074106,40.92736535513661,38.007402007579536,40.592288970947266,526980,0.0,0.0
2008-08-04 00:00:00-04:00,40.35293992080371,42.93782273680733,38.91689228877594,39.77851867675781,507300,0.0,0.0
2008-08-05 00:00:00-04:00,37.33723663538042,38.821151719964746,35.80545402911101,36.0926628112793,648820,0.0,0.0
2008-08-06 00:00:00-04:00,36.37986579308143,38.48606927993443,36.37986579308143,37.33723068237305,385120,0.0,0.0
2008-08-07 00:00:00-04:00,37.67231803262426,37.91165932546701,36.23627027556781,37.097900390625,287720,0.0,0.0
2008-08-08 00:00:00-04:00,36.6192121607551,37.19362971421836,34.513008377960254,35.03955841064453,388320,0.0,0.0
2008-08-11 00:00:00-04:00,34.94381917317708,35.51823665766666,31.92811824946354,32.311065673828125,704680,0.0,0.0
2008-08-12 00:00:00-04:00,32.07173284389108,35.37464337464375,32.07173284389108,35.23103713989258,517320,0.0,0.0
2008-08-13 00:00:00-04:00,36.044797007483744,36.3798733273068,34.80021947200844,35.422508239746094,534920,0.0,0.0
2008-08-14 00:00:00-04:00,34.465139162141796,36.52347532292606,34.465139162141796,34.89595413208008,265340,0.0,0.0
2008-08-15 00:00:00-04:00,33.98645929130964,34.60874803493141,32.64614675984331,33.603511810302734,340300,0.0,0.0
2008-08-18 00:00:00-04:00,33.93858616320167,34.752344860851885,33.459903717041016,33.459903717041016,265900,0.0,0.0
2008-08-19 00:00:00-04:00,32.64614716550788,36.18839862663573,32.311070854506525,35.75758361816406,375880,0.0,0.0
2008-08-20 00:00:00-04:00,36.42774182863917,36.71495063220167,34.65661782995533,35.087432861328125,472700,0.0,0.0
2008-08-21 00:00:00-04:00,36.33200473079256,38.39033741704978,36.09266346596792,37.95952606201172,436300,0.0,0.0
2008-08-22 00:00:00-04:00,37.91164815512513,38.72541050225733,36.762813209620965,37.33723068237305,324280,0.0,0.0
2008-08-25 00:00:00-04:00,37.28937644329236,38.29460920449875,36.85856135933005,37.48085021972656,239860,0.0,0.0
2008-08-26 00:00:00-04:00,37.09789657488338,38.533944184233704,36.092663978749734,37.91165542602539,205860,0.0,0.0
2008-08-27 00:00:00-04:00,38.24673515411338,39.01262647724276,37.24150256425245,37.38510513305664,226560,0.0,0.0
2008-08-28 00:00:00-04:00,38.91689513187676,38.91689513187676,37.050032343444094,37.67231750488281,286620,0.0,0.0
2008-08-29 00:00:00-04:00,37.576578577469135,38.10312862967178,37.289369790091136,37.95952606201172,191140,0.0,0.0
2008-09-02 00:00:00-04:00,36.23627249893353,37.62445281300832,34.99169843019903,37.48085021972656,575720,0.0,0.0
2008-09-03 00:00:00-04:00,37.00216321752679,37.576580826665314,33.31630532737062,33.9864616394043,576760,0.0,0.0
2008-09-04 00:00:00-04:00,33.747115781806585,34.56087455969378,31.353703315011792,32.11959457397461,582900,0.0,0.0
2008-09-05 00:00:00-04:00,32.406810820061686,32.69402330402057,29.917662740846623,31.736658096313477,520340,0.0,0.0
2008-09-08 00:00:00-04:00,32.45467737150043,32.45467737150043,28.7688196564867,29.0560302734375,453540,0.0,0.0
2008-09-09 00:00:00-04:00,27.667846795909718,28.48160737173651,25.848853749139018,26.42327308654785,860760,0.0,0.0
2008-09-10 00:00:00-04:00,26.136065304750105,28.43374290053252,26.088197782350026,27.859323501586914,520380,0.0,0.0
2008-09-11 00:00:00-04:00,27.093434660088505,28.433747412314716,25.8967281499074,27.14130401611328,503400,0.0,0.0
2008-09-12 00:00:00-04:00,27.907191317034528,30.300603982749823,27.907191317034528,30.156999588012695,571700,0.0,0.0
2008-09-15 00:00:00-04:00,31.066498974058813,31.353707780568428,28.385875533843162,28.673086166381836,715120,0.0,0.0
2008-09-16 00:00:00-04:00,28.67308171618835,30.013392315259306,27.189164910121864,29.678314208984375,507120,0.0,0.0
2008-09-17 00:00:00-04:00,30.348479603778657,34.608755759631485,29.34324498080979,33.89073181152344,911800,0.0,0.0
2008-09-18 00:00:00-04:00,35.56611444192616,37.33723839200581,29.91765896795337,31.066497802734375,1395740,0.0,0.0
2008-09-19 00:00:00-04:00,30.9707590070879,34.36940797699036,30.9707590070879,32.98122787475586,1410520,0.0,0.0
2008-09-22 00:00:00-04:00,33.50777585549531,36.954288482666016,33.268434599384626,36.954288482666016,823480,0.0,0.0
2008-09-23 00:00:00-04:00,36.61921605596709,36.90642486324932,34.70448580467469,35.32677459716797,506120,0.0,0.0
2008-09-24 00:00:00-04:00,35.90118888124914,36.475606442526015,34.94382384441583,35.278900146484375,269800,0.0,0.0
2008-09-25 00:00:00-04:00,35.422508332214285,35.901190877244204,34.22580196963948,34.321537017822266,345140,0.0,0.0
2008-09-26 00:00:00-04:00,35.51823931792069,36.09266049749071,32.16746188596373,32.406803131103516,437540,0.0,0.0
2008-09-29 00:00:00-04:00,31.688781261674773,33.172699990567885,29.917657404170967,31.449440002441406,566760,0.0,0.0
2008-09-30 00:00:00-04:00,32.263204257190715,32.263204257190715,29.869791532652204,29.965526580810547,287140,0.0,0.0
2008-10-01 00:00:00-04:00,29.582578207464667,31.784518808491093,29.53471068775861,30.300601959228516,425300,0.0,0.0
2008-10-02 00:00:00-04:00,29.151762899747986,29.151762899747986,25.226566314697266,25.226566314697266,569540,0.0,0.0
2008-10-03 00:00:00-04:00,24.41280614549869,27.76358345958674,24.41280614549869,25.609512329101562,474000,0.0,0.0
2008-10-06 00:00:00-04:00,26.088201512787176,27.763590600764335,22.97676463511531,24.604286193847656,605740,0.0,0.0
2008-10-07 00:00:00-04:00,25.46591107615153,26.088198002754567,24.125600351307543,24.70001792907715,476800,0.0,0.0
2008-10-08 00:00:00-04:00,25.896725848653293,29.199636253659147,25.418043287117897,28.673086166381836,694620,0.0,0.0
2008-10-09 00:00:00-04:00,28.385871993989234,28.48160885956328,26.279670081504374,28.242267608642578,480280,0.0,0.0
2008-10-10 00:00:00-04:00,27.572112645581473,28.290136431414624,19.6738510014168,20.631216049194336,742040,0.0,0.0
2008-10-13 00:00:00-04:00,21.540710357273774,22.881020858742858,20.63121296733298,21.684314727783203,355360,0.0,0.0
2008-10-14 00:00:00-04:00,23.93412783948808,23.93412783948808,21.444978178975514,22.163002014160156,420080,0.0,0.0
2008-10-15 00:00:00-04:00,22.258735159169074,22.976758873980977,21.014161450573262,22.019393920898438,519640,0.0,0.0
2008-10-16 00:00:00-04:00,21.30136686761779,22.019390469897044,17.950590056981284,18.094194412231445,836280,0.0,0.0
2008-10-17 00:00:00-04:00,16.41881045047473,18.189936180637307,15.987997268129632,17.471912384033203,738060,0.0,0.0
2008-10-20 00:00:00-04:00,17.85486171416679,19.099437646416256,16.849628922683543,18.42928123474121,474500,0.0,0.0
2008-10-21 00:00:00-04:00,17.471913378003617,18.142069690037292,16.41881138453458,16.99323081970215,389260,0.0,0.0
2008-10-22 00:00:00-04:00,16.323073133571597,16.706020608799008,14.2168711499653,14.360475540161133,460320,0.0,0.0
2008-10-23 00:00:00-04:00,12.876559215302036,16.083731454332156,12.82869078214932,13.977529525756836,714040,0.0,0.0
2008-10-24 00:00:00-04:00,12.445746445973546,15.796524335274116,11.39264445841613,15.36570930480957,393160,0.0,0.0
2008-10-27 00:00:00-04:00,14.887027141554727,15.940128179266743,13.498847961425781,13.498847961425781,316060,0.0,0.0
2008-10-28 00:00:00-04:00,14.456211883176545,16.275205020232004,13.833924084594319,16.179468154907227,292120,0.0,0.0
2008-10-29 00:00:00-04:00,16.945362339109085,21.78005517502081,16.945362339109085,21.15776824951172,630000,0.0,0.0
2008-10-30 00:00:00-04:00,22.354477063260653,22.689555237645035,19.147303381631538,20.583351135253906,623480,0.0,0.0
2008-10-31 00:00:00-04:00,20.24827251938747,20.870559500516666,19.482381131232934,20.344009399414062,252360,0.0,0.0
2008-11-03 00:00:00-05:00,20.152533390316744,21.444976561364957,19.67385086963436,19.961061477661133,305820,0.0,0.0
2008-11-04 00:00:00-05:00,21.875789322375656,24.747884152638665,21.492843710213,24.65214729309082,417720,0.0,0.0
2008-11-05 00:00:00-05:00,24.41281011567278,26.806222872111288,23.216103737453526,24.221336364746094,478380,0.0,0.0
2008-11-06 00:00:00-05:00,24.508544873396357,25.80098801540124,21.253504171108066,21.636449813842773,563900,0.0,0.0
2008-11-07 00:00:00-05:00,22.354473609408032,23.646916753186527,21.923658619472246,23.551179885864258,328440,0.0,0.0
2008-11-10 00:00:00-05:00,24.8914931744011,26.231803980124578,24.029864929723793,25.274438858032227,284960,0.0,0.0
2008-11-11 00:00:00-05:00,24.02986111489648,24.22133301330066,21.34923810297906,22.402339935302734,333720,0.0,0.0
2008-11-12 00:00:00-05:00,21.205632189851272,21.205632189851272,19.290902388040255,19.482376098632812,268300,0.0,0.0
2008-11-13 00:00:00-05:00,20.34400932872639,23.26397229020254,17.519781420915088,22.928895950317383,527700,0.0,0.0
2008-11-14 00:00:00-05:00,22.928897812006458,24.412813176645777,20.679089173658742,21.44498062133789,509940,0.0,0.0
2008-11-17 00:00:00-05:00,21.06202943863407,23.31183749387574,20.58334695139239,22.25873565673828,412300,0.0,0.0
2008-11-18 00:00:00-05:00,23.455440166809222,23.455440166809222,20.966291049207413,21.684314727783203,317900,0.0,0.0
2008-11-19 00:00:00-05:00,22.11512993851906,23.455440456544437,20.008926391601562,20.008926391601562,391040,0.0,0.0
2008-11-20 00:00:00-05:00,20.344006792489594,21.780054330782978,18.572881130055315,20.391874313354492,532220,0.0,0.0
2008-11-21 00:00:00-05:00,22.019398027626153,24.98723030090332,21.540715461808194,24.98723030090332,763340,0.0,0.0
2008-11-24 00:00:00-05:00,25.2744373328757,27.332771855960637,24.36494161738786,24.70001792907715,618900,0.0,0.0
2008-11-25 00:00:00-05:00,25.274438331589618,26.423277184582837,23.934127553783544,25.992462158203125,465300,0.0,0.0
2008-11-26 00:00:00-05:00,25.800988905795283,27.045562744140625,25.226569508855537,27.045562744140625,355780,0.0,0.0
2008-11-28 00:00:00-05:00,27.093428841710608,28.481608825817442,26.18393318490684,27.284902572631836,111840,0.0,0.0
2008-12-01 00:00:00-05:00,26.614745061341637,28.24226621786753,22.545943996055634,22.97675895690918,420040,0.0,0.0
2008-12-02 00:00:00-05:00,23.981991800246792,24.652148010556935,23.50330931460491,24.460674285888672,283680,0.0,0.0
2008-12-03 00:00:00-05:00,23.455444858142066,24.891492502518112,22.785288560354974,24.508546829223633,341820,0.0,0.0
2008-12-04 00:00:00-05:00,23.886259631306075,25.17870103686395,22.067264506687312,23.024629592895508,355740,0.0,0.0
2008-12-05 00:00:00-05:00,21.636447715685765,23.216099480050474,20.152530983199348,23.168231964111328,463160,0.0,0.0
2008-12-08 00:00:00-05:00,24.652149181173307,25.6095141979179,23.311838522936643,23.69478416442871,384600,0.0,0.0
2008-12-09 00:00:00-05:00,23.45544415637396,26.471143754130537,23.072498494536912,25.513778686523438,498300,0.0,0.0
2008-12-10 00:00:00-05:00,26.80621829266221,30.109128062705285,26.80621829266221,29.34323501586914,651800,0.0,0.0
2008-12-11 00:00:00-05:00,30.87502281195482,31.83238786038753,27.476377620430277,28.14653205871582,605020,0.0,0.0
2008-12-12 00:00:00-05:00,27.237040583295904,31.11436890048286,26.327542915793188,30.539949417114258,464460,0.0,0.0
2008-12-15 00:00:00-05:00,31.353704208840426,33.555643010652794,30.92288922212421,31.78451919555664,630280,0.0,0.0
2008-12-16 00:00:00-05:00,34.99169158935547,35.42250658909385,31.018628852353952,34.99169158935547,504460,0.0,0.0
2008-12-17 00:00:00-05:00,36.044796874018004,39.3955746680733,32.98122787475586,32.98122787475586,1367720,0.0,0.0
2008-12-18 00:00:00-05:00,33.412046131663146,35.37464401372202,31.162235774913153,32.21533966064453,1101180,0.0,0.0
2008-12-19 00:00:00-05:00,30.539942242500736,34.369403956643175,30.013392238296614,31.880252838134766,1578640,0.0,0.0
2008-12-22 00:00:00-05:00,33.02908935546875,34.75234546099479,31.5930419921875,32.311065673828125,419280,0.0,0.0
2008-12-23 00:00:00-05:00,32.311066486696866,33.89072008686944,32.07172525346207,33.07695770263672,245520,0.0,0.0
2008-12-24 00:00:00-05:00,33.507776290818086,34.177932547046005,32.45467621107263,33.36417007446289,94000,0.0,0.0
2008-12-26 00:00:00-05:00,33.412045528041176,36.33200853416289,33.220571765725694,35.23103713989258,184920,0.0,0.0
2008-12-29 00:00:00-05:00,35.47036841784295,37.91164815512513,34.56087104260447,37.33723068237305,356660,0.0,0.0
2008-12-30 00:00:00-05:00,36.81068755372408,38.00739388738183,35.94905753266733,37.38510513305664,247040,0.0,0.0
2008-12-31 00:00:00-05:00,37.385110952408176,38.10313486437015,35.94906312848424,38.055267333984375,246240,0.0,0.0
2009-01-02 00:00:00-05:00,37.3372374318742,38.72541750270162,35.326772261750286,35.75758361816406,340340,0.0,0.0
2009-01-05 00:00:00-05:00,33.7471146966749,34.94382089159245,33.02909097972437,33.84284973144531,419080,0.0,0.0
2009-01-06 00:00:00-05:00,34.22580097921802,35.85332231563437,33.076962173979545,35.75758361816406,398460,0.0,0.0
2009-01-07 00:00:00-05:00,35.61398549950816,35.61398549950816,32.21533983394422,32.74188995361328,320660,0.0,0.0
2009-01-08 00:00:00-05:00,34.1779307455796,36.667078249446675,33.55564204358404,36.236263275146484,626700,0.0,0.0
2009-01-09 00:00:00-05:00,36.04478921533734,38.39033025115667,34.943818141826775,36.8106803894043,674700,0.0,0.0
2009-01-12 00:00:00-05:00,35.37463804428385,35.37463804428385,33.17269923959644,33.699249267578125,381040,0.0,0.0
2009-01-13 00:00:00-05:00,33.5077771748582,35.374639776440446,33.07696216648416,34.943824768066406,378120,0.0,0.0
2009-01-14 00:00:00-05:00,33.842859900723674,35.32677894996312,32.93336584094282,33.12483596801758,399120,0.0,0.0
2009-01-15 00:00:00-05:00,32.93336011569615,33.79498649392028,30.827156215496178,33.268436431884766,548920,0.0,0.0
2009-01-16 00:00:00-05:00,34.84809158301636,35.518244240642844,32.11959881902738,35.087432861328125,667300,0.0,0.0
2009-01-20 00:00:00-05:00,34.94382832244849,36.47561111685581,32.78975671353043,35.23103713989258,591960,0.0,0.0
2009-01-21 00:00:00-05:00,36.33200508359387,36.42774012963021,34.36940742338559,35.470375061035156,428260,0.0,0.0
2009-01-22 00:00:00-05:00,34.943824759770386,35.47037481341014,33.93859217517487,34.13006591796875,461700,0.0,0.0
2009-01-23 00:00:00-05:00,35.278904932436966,38.294606668396504,34.1300696540317,38.19887161254883,768900,0.0,0.0
2009-01-26 00:00:00-05:00,38.533944345029695,40.64014824461061,37.62444679156772,38.72541809082031,931340,0.0,0.0
2009-01-27 00:00:00-05:00,37.911654225683364,37.911654225683364,36.858554139659084,36.90642166137695,512180,0.0,0.0
2009-01-28 00:00:00-05:00,37.1936286290466,37.62444360760333,34.321533641411875,34.848087310791016,653340,0.0,0.0
2009-01-29 00:00:00-05:00,34.41727401146985,37.2893691392355,33.50777649059917,36.90642166137695,929060,0.0,0.0
2009-01-30 00:00:00-05:00,38.10313309015286,38.486080619524564,35.996928982725066,37.097900390625,632500,0.0,0.0
2009-02-02 00:00:00-05:00,35.6139796001213,37.097894655947655,34.94382335334424,36.14052963256836,433280,0.0,0.0
2009-02-03 00:00:00-05:00,36.85855242178629,37.911652458728554,36.37986992280205,36.7628173828125,580380,0.0,0.0
2009-02-04 00:00:00-05:00,37.91165279417948,38.91688897258705,37.48084146292786,38.103126525878906,517360,0.0,0.0
2009-02-05 00:00:00-05:00,39.01262544660543,39.251966707014056,37.480842840813374,38.00739288330078,412560,0.0,0.0
2009-02-06 00:00:00-05:00,37.95952470257175,39.778516058860994,37.19362976091549,38.8690185546875,393980,0.0,0.0
2009-02-09 00:00:00-05:00,38.342474116925565,39.251971753828364,38.1988715334514,39.012630462646484,348720,0.0,0.0
2009-02-10 00:00:00-05:00,39.299839817148914,40.59228499837677,38.05526581645635,38.43821334838867,540420,0.0,0.0
2009-02-11 00:00:00-05:00,39.3477010884156,41.118828576878755,38.82115105478624,40.783748626708984,623840,0.0,0.0
2009-02-12 00:00:00-05:00,41.02309153387729,41.50177406590414,39.82638520381019,41.21456527709961,529100,0.0,0.0
2009-02-13 00:00:00-05:00,40.688013806138166,41.166696321504496,39.96999003308866,40.49654006958008,387100,0.0,0.0
2009-02-17 00:00:00-05:00,41.74111764393016,43.416506598822785,40.83162370434921,42.41127395629883,810980,0.0,0.0
2009-02-18 00:00:00-05:00,41.74111002692913,43.272896125971,40.161460063237186,41.59750747680664,592040,0.0,0.0
2009-02-19 00:00:00-05:00,41.45390748940323,42.31553752754358,40.544409927379064,40.87948989868164,632920,0.0,0.0
2009-02-20 00:00:00-05:00,41.69323971038826,43.32076073355193,41.3581634638798,43.177154541015625,857040,0.0,0.0
2009-02-23 00:00:00-05:00,43.08142867353503,45.570576424960535,41.501774828015556,44.70895004272461,798280,0.0,0.0
2009-02-24 00:00:00-05:00,44.278135860417294,44.278135860417294,39.01262781215146,39.2041015625,580340,0.0,0.0
2009-02-25 00:00:00-05:00,39.7306492278313,40.68801426946579,37.38510414541524,38.00739288330078,750460,0.0,0.0
2009-02-26 00:00:00-05:00,38.29459866363787,40.83161728592689,37.48083990285857,39.87425231933594,637500,0.0,0.0
2009-02-27 00:00:00-05:00,41.597506020125,41.597506020125,38.29459635416667,39.491302490234375,634220,0.0,0.0
2009-03-02 00:00:00-05:00,40.448671461922224,40.448671461922224,37.1457614642058,37.28936767578125,597860,0.0,0.0
2009-03-03 00:00:00-05:00,37.337235460373414,39.68278046970585,35.99692298302411,38.91688919067383,588340,0.0,0.0
2009-03-04 00:00:00-05:00,39.6827868083674,40.64015197309492,38.342474116925565,39.012630462646484,488740,0.0,0.0
2009-03-05 00:00:00-05:00,39.44344315554884,41.93259097398185,39.06049565176312,41.35817337036133,622100,0.0,0.0
2009-03-06 00:00:00-05:00,42.411272668808735,42.411272668808735,39.63491610478982,39.77851867675781,489420,0.0,0.0
2009-03-09 00:00:00-04:00,39.874259389302445,39.874259389302445,38.19887040071088,38.8211555480957,342660,0.0,0.0
2009-03-10 00:00:00-04:00,38.581807831652775,38.82114907583431,33.98645667377871,34.89595413208008,758500,0.0,0.0
2009-03-11 00:00:00-04:00,35.183173457294465,35.99693247099346,33.84286062666931,33.89073181152344,679480,0.0,0.0
2009-03-12 00:00:00-04:00,35.135289001942745,36.18838882446289,34.752341619904385,36.18838882446289,342420,0.0,0.0
2009-03-13 00:00:00-04:00,37.05002739843278,37.91165373436141,35.853321110706,36.66707992553711,323820,0.0,0.0
2009-03-16 00:00:00-04:00,35.90118269823694,37.09788878817817,35.42250026226045,35.996917724609375,257120,0.0,0.0
2009-03-17 00:00:00-04:00,35.13529953560793,35.518243380397074,33.74711942460955,34.321537017822266,296680,0.0,0.0
2009-03-18 00:00:00-04:00,33.890723346268295,38.8690185546875,33.02909336293388,38.8690185546875,822160,0.0,0.0
2009-03-19 00:00:00-04:00,40.44867779034668,42.9856969113929,40.11360144698959,42.0283317565918,895760,0.0,0.0
2009-03-20 00:00:00-04:00,40.87948779975463,41.358170318131016,39.108360290527344,39.108360290527344,811600,0.0,0.0
2009-03-23 00:00:00-04:00,39.5870367823426,41.836846467444865,39.10835433683879,40.92734909057617,773180,0.0,0.0
2009-03-24 00:00:00-04:00,40.59227717270996,42.98568965572216,39.25196472140008,41.98045349121094,1018240,0.0,0.0
2009-03-25 00:00:00-04:00,42.6984826048235,44.32600402832031,41.884723719104144,44.32600402832031,916720,0.0,0.0
2009-03-26 00:00:00-04:00,46.38433570962605,46.43220322996706,43.225031890369735,43.56010818481445,1005180,0.0,0.0
2009-03-27 00:00:00-04:00,43.32076740786026,43.895184962390005,42.65061115953706,43.7994499206543,486000,0.0,0.0
2009-03-30 00:00:00-04:00,43.751582149778585,44.37386722162029,41.262430906238606,42.17192840576172,653500,0.0,0.0
2009-03-31 00:00:00-04:00,42.93782230524941,43.84731986013746,41.69324843374586,43.08142852783203,606260,0.0,0.0
2009-04-01 00:00:00-04:00,43.17715811897934,44.03878804148354,42.65060812280789,43.75157928466797,773160,0.0,0.0
2009-04-02 00:00:00-04:00,42.602745524997815,42.84208679199219,40.97522417902452,42.84208679199219,959280,0.0,0.0
2009-04-03 00:00:00-04:00,42.842080632810685,42.88994814891632,38.58180596237669,39.156227111816406,741160,0.0,0.0
2009-04-06 00:00:00-04:00,37.81591312701885,38.533936793987564,36.762813209620965,37.33723068237305,815060,0.0,0.0
2009-04-07 00:00:00-04:00,37.57657566989181,38.294599408806945,36.523475646972656,36.523475646972656,564680,0.0,0.0
2009-04-08 00:00:00-04:00,37.00215959874881,37.815918407453196,35.99692340298045,37.24150085449219,613520,0.0,0.0
2009-04-09 00:00:00-04:00,38.00739289514496,38.00739289514496,35.80545402911101,36.0926628112793,659280,0.0,0.0
2009-04-13 00:00:00-04:00,37.72018868442739,38.390341373352435,37.19363492590307,37.67231750488281,624980,0.0,0.0
2009-04-14 00:00:00-04:00,37.76805390108597,37.76805390108597,36.28413872745334,36.475608825683594,414420,0.0,0.0
2009-04-15 00:00:00-04:00,37.52870919560141,38.246732954501724,37.19362925021331,37.81591796875,517960,0.0,0.0
2009-04-16 00:00:00-04:00,37.720184112976675,37.720184112976675,35.661847811997966,36.0926628112793,550480,0.0,0.0
2009-04-17 00:00:00-04:00,35.853323833804275,36.18840015899408,34.225802428472306,34.56087875366211,712420,0.0,0.0
2009-04-20 00:00:00-04:00,35.422510046707956,37.00216398258712,35.039562531325686,36.37987518310547,779120,0.0,0.0
2009-04-21 00:00:00-04:00,37.337234906702236,37.72018236656839,34.273666183945906,35.66184616088867,269340,0.0,0.0
2009-04-22 00:00:00-04:00,35.6139778646247,36.8106840855324,34.84808661365528,34.89595413208008,500380,0.0,0.0
2009-04-23 00:00:00-04:00,35.613985105411665,38.39034191115249,35.422511340725805,37.097900390625,680480,0.0,0.0
2009-04-24 00:00:00-04:00,38.007388464994364,39.92211832567864,37.86378226462009,39.156227111816406,678920,0.0,0.0
2009-04-27 00:00:00-04:00,39.10836352612182,40.54441120006105,39.06049600073546,39.969993591308594,558920,0.0,0.0
2009-04-28 00:00:00-04:00,38.964758664567036,39.682782459422484,38.29460239229038,39.58704376220703,423540,0.0,0.0
2009-04-29 00:00:00-04:00,40.30507216052613,40.783754745102726,39.39557817147723,39.539180755615234,450620,0.0,0.0
2009-04-30 00:00:00-04:00,38.964757696048764,39.922122732059506,37.815918922424316,38.29460144042969,573740,0.0,0.0
2009-05-01 00:00:00-04:00,38.34246896181867,39.25196647644043,37.95952513864904,38.29460144042969,217120,0.0,0.0
2009-05-04 00:00:00-04:00,39.06049388297882,41.21456527709961,39.06049388297882,41.21456527709961,489340,0.0,0.0
2009-05-05 00:00:00-04:00,42.267671810670954,42.41127438846161,39.682785237799784,40.20933532714844,513280,0.0,0.0
2009-05-06 00:00:00-04:00,41.02308357637238,42.07618713378906,40.92734854936049,42.07618713378906,428660,0.0,0.0
2009-05-07 00:00:00-04:00,42.9856921060345,43.081427149989125,40.49654079057821,41.26243209838867,453540,0.0,0.0
2009-05-08 00:00:00-04:00,40.592280639504935,41.070963176989395,39.63491556453603,40.6401481628418,500200,0.0,0.0
2009-05-11 00:00:00-04:00,39.87425543366559,40.209331737320134,38.2946016545906,39.922122955322266,569780,0.0,0.0
2009-05-12 00:00:00-04:00,40.20933054346152,41.88471931610575,39.53917430399229,40.83161926269531,733440,0.0,0.0
2009-05-13 00:00:00-04:00,40.257193352665155,40.97521702834428,38.62967229071433,38.964752197265625,610500,0.0,0.0
2009-05-14 00:00:00-04:00,39.20409443752217,40.448668110511036,37.911649596602786,39.44343566894531,461320,0.0,0.0
2009-05-15 00:00:00-04:00,39.96999242477312,40.44867496878237,38.725418540760636,39.77851867675781,411360,0.0,0.0
2009-05-18 00:00:00-04:00,39.826385498046875,40.40080673195764,38.438209066559516,39.826385498046875,363120,0.0,0.0
2009-05-19 00:00:00-04:00,40.30506803361021,40.68801552288406,39.63491540546787,39.826385498046875,467060,0.0,0.0
2009-05-20 00:00:00-04:00,40.592277699859125,44.134525299072266,40.592277699859125,44.134525299072266,1207980,0.0,0.0
2009-05-21 00:00:00-04:00,43.84731412076887,44.42173528385288,41.74111049357579,44.038787841796875,816920,0.0,0.0
2009-05-22 00:00:00-04:00,45.18763234558363,46.62367996047257,44.66108228386928,44.996158599853516,714400,0.0,0.0
2009-05-26 00:00:00-04:00,44.46960854234925,45.1876323498617,42.65061343582787,44.18239974975586,541500,0.0,0.0
2009-05-27 00:00:00-04:00,44.42173285492917,45.23549155973105,43.32076175826095,43.65583801269531,493320,0.0,0.0
2009-05-28 00:00:00-04:00,43.94306288348502,46.671552164591674,43.94306288348502,46.5758171081543,781560,0.0,0.0
2009-05-29 00:00:00-04:00,48.39479944097299,49.87871444281954,47.43743445241939,47.48530197143555,995160,0.0,0.0
2009-06-01 00:00:00-04:00,48.538405794880696,49.543638305449306,45.71417833981071,46.384334564208984,860900,0.0,0.0
2009-06-02 00:00:00-04:00,46.86302197883959,48.82561968681976,46.527942005440345,48.490543365478516,649620,0.0,0.0
2009-06-03 00:00:00-04:00,47.82038850757796,47.91612355882112,44.18240177946642,45.666316986083984,676800,0.0,0.0
2009-06-04 00:00:00-04:00,46.192856734711995,46.8151453847072,44.75680937508364,45.5705680847168,655740,0.0,0.0
2009-06-05 00:00:00-04:00,44.51747151961105,45.091889046137844,42.985689014167896,44.230262756347656,639840,0.0,0.0
2009-06-08 00:00:00-04:00,43.17716076480059,44.37386703491211,42.5070081751843,44.37386703491211,458480,0.0,0.0
2009-06-09 00:00:00-04:00,45.379102728047336,45.61844397945675,43.70371396818146,44.134525299072266,430600,0.0,0.0
2009-06-10 00:00:00-04:00,44.75681637911455,44.99615764317398,42.985692485897864,43.70371627807617,423860,0.0,0.0
2009-06-11 00:00:00-04:00,43.512241143389424,45.09189124437509,42.889952415934076,43.7994499206543,435140,0.0,0.0
2009-06-12 00:00:00-04:00,42.79421079254977,43.22502571821764,41.54963718110931,42.07618713378906,631720,0.0,0.0
2009-06-15 00:00:00-04:00,41.35817075201528,41.93258831926998,39.20409939672342,39.63491439819336,509540,0.0,0.0
2009-06-16 00:00:00-04:00,41.166692949677284,41.4060341877568,39.87425172487087,40.735877990722656,517480,0.0,0.0
2009-06-17 00:00:00-04:00,40.44867510051397,42.07619648585749,39.730651282161645,41.40604019165039,539600,0.0,0.0
2009-06-18 00:00:00-04:00,41.5496461339644,41.980457500403595,38.150997161865234,38.150997161865234,1422480,0.0,0.0
2009-06-19 00:00:00-04:00,38.77328961069991,40.83162619900484,38.34247455128047,39.25197219848633,1911160,0.0,0.0
2009-06-22 00:00:00-04:00,38.964758203428445,38.964758203428445,36.61921310424805,36.61921310424805,906980,0.0,0.0
2009-06-23 00:00:00-04:00,37.576580475934314,38.964760612463245,36.76282159524049,38.62968063354492,667680,0.0,0.0
2009-06-24 00:00:00-04:00,39.68277800399576,41.070957915268465,39.01262180696161,40.735877990722656,985740,0.0,0.0
2009-06-25 00:00:00-04:00,41.310305161095734,44.94829177856445,41.16669893654042,44.94829177856445,1165360,0.0,0.0
2009-06-26 00:00:00-04:00,45.23549986900167,45.71418240729799,44.18239974557296,44.996158599853516,856300,0.0,0.0
2009-06-29 00:00:00-04:00,44.900420229811786,46.049255315048086,44.900420229811786,45.235496520996094,698920,0.0,0.0
2009-06-30 00:00:00-04:00,45.0918932409161,45.37910568295567,42.65061304798511,42.84208679199219,574660,0.0,0.0
2009-07-01 00:00:00-04:00,44.56533591725743,45.18762457079754,43.60797100538485,43.895179748535156,480600,0.0,0.0
2009-07-02 00:00:00-04:00,42.84208213187553,44.75681205955712,42.21979344455601,44.27812957763672,509780,0.0,0.0
2009-07-06 00:00:00-04:00,42.84208487374442,42.84208487374442,41.11882855895507,41.88471984863281,471260,0.0,0.0
2009-07-07 00:00:00-04:00,42.45913089389379,43.033552012136674,41.50176601554618,42.07618713378906,295660,0.0,0.0
2009-07-08 00:00:00-04:00,41.78898755283149,41.83685507682082,38.67755101677131,39.77851867675781,694960,0.0,0.0
2009-07-09 00:00:00-04:00,40.30506754657943,41.45390634846092,38.773284912109375,38.773284912109375,529300,0.0,0.0
2009-07-10 00:00:00-04:00,38.43820861208462,39.87425620179551,38.00739360475978,39.58704376220703,545300,0.0,0.0
2009-07-13 00:00:00-04:00,39.299829405211604,40.544403076171875,37.95952070266107,40.544403076171875,622440,0.0,0.0
2009-07-14 00:00:00-04:00,40.73587993604544,41.88471866410088,40.16146239804654,41.69324493408203,407440,0.0,0.0
2009-07-15 00:00:00-04:00,43.51224401182346,43.99092655617343,43.08142899149689,43.320770263671875,380380,0.0,0.0
2009-07-16 00:00:00-04:00,43.32076412698497,44.51747031833815,42.36339917390243,44.038787841796875,360860,0.0,0.0
2009-07-17 00:00:00-04:00,44.13453363609027,44.61321622933228,43.7994572816442,44.086666107177734,290180,0.0,0.0
2009-07-20 00:00:00-04:00,45.23549182829309,45.95351550810727,44.66107434526467,45.5705680847168,484940,0.0,0.0
2009-07-21 00:00:00-04:00,45.71417548309989,46.527934214122695,44.99615178441246,45.76204299926758,733360,0.0,0.0
2009-07-22 00:00:00-04:00,45.66631393938335,46.19286399020731,44.90042262436144,45.331233978271484,359020,0.0,0.0
2009-07-23 00:00:00-04:00,44.90042449560818,45.42697456837635,44.27813572193614,44.66108322143555,506460,0.0,0.0
2009-07-24 00:00:00-04:00,44.469605727755656,45.33123205100132,43.36863449842997,44.37386703491211,483480,0.0,0.0
2009-07-27 00:00:00-04:00,44.42173538368517,45.522702890969896,44.42173538368517,44.85254669189453,364700,0.0,0.0
2009-07-28 00:00:00-04:00,43.751579086283606,44.51747031833815,43.2250290924997,44.038787841796875,346920,0.0,0.0
2009-07-29 00:00:00-04:00,43.65584137561851,45.42696876964727,43.65584137561851,44.51747131347656,419700,0.0,0.0
2009-07-30 00:00:00-04:00,44.94828537865243,45.57057040832011,44.85254669189453,44.85254669189453,454740,0.0,0.0
2009-07-31 00:00:00-04:00,45.18763043011859,47.96398684331507,45.13976290872961,47.86825180053711,552760,0.0,0.0
2009-08-03 00:00:00-04:00,48.825616123159314,50.07018992137732,47.7725160597574,47.91611862182617,554300,0.0,0.0
2009-08-04 00:00:00-04:00,48.586278380510485,51.60197987874468,48.490543332209526,50.11806106567383,686180,0.0,0.0
2009-08-05 00:00:00-04:00,49.78298230737744,51.458371135029566,49.49577352447721,51.123294830322266,642160,0.0,0.0
2009-08-06 00:00:00-04:00,51.02755425767665,52.22426051912337,50.4531367130053,52.080657958984375,633300,0.0,0.0
2009-08-07 00:00:00-04:00,52.176390314394574,52.22425783197793,50.501001634574564,51.17115783691406,497920,0.0,0.0
2009-08-10 00:00:00-04:00,49.878721400188184,51.12329898055473,49.49577754258611,50.54887771606445,484200,0.0,0.0
2009-08-11 00:00:00-04:00,49.40003301056896,50.88395169637514,49.30429797047849,49.87871551513672,397300,0.0,0.0
2009-08-12 00:00:00-04:00,49.73510984504626,50.644607277265315,48.92134744693133,49.83084487915039,404440,0.0,0.0
2009-08-13 00:00:00-04:00,51.84132229212206,54.52194387616357,51.50624231158057,53.85178756713867,1291420,0.0,0.0
2009-08-14 00:00:00-04:00,54.13899009489475,54.42619886488273,51.5541038608877,52.65507507324219,626860,0.0,0.0
2009-08-17 00:00:00-04:00,50.26166827483062,50.45314202724159,48.346938054837075,48.9692268371582,609740,0.0,0.0
2009-08-18 00:00:00-04:00,49.639382200767194,50.74035359815422,49.30430585481024,50.405277252197266,410640,0.0,0.0
2009-08-19 00:00:00-04:00,49.35216638173579,51.26689643458341,48.82561634761424,50.64461135864258,438120,0.0,0.0
2009-08-20 00:00:00-04:00,50.50100731627455,51.45837238388165,50.070192305439775,51.027557373046875,231160,0.0,0.0
2009-08-21 00:00:00-04:00,52.367864916661794,53.947514935798615,51.88918242867047,52.75080871582031,440040,0.0,0.0
2009-08-24 00:00:00-04:00,52.89441991766559,53.9953912048293,51.69771358468673,52.1285285949707,462480,0.0,0.0
2009-08-25 00:00:00-04:00,53.27736237425681,53.75604486224813,52.128523672666134,52.75080871582031,449340,0.0,0.0
2009-08-26 00:00:00-04:00,51.45836478527411,51.55409981707493,49.06495246967996,49.63936996459961,1117600,0.0,0.0
2009-08-27 00:00:00-04:00,50.8839549671674,52.320002573178996,49.4479073611558,51.8413200378418,979860,0.0,0.0
2009-08-28 00:00:00-04:00,52.36787290886316,52.463607960249156,50.405275138985466,50.54887771606445,809220,0.0,0.0
2009-08-31 00:00:00-04:00,49.3042991007324,49.73511409513093,48.777749064048756,49.256431579589844,550800,0.0,0.0
2009-09-01 00:00:00-04:00,48.96922755506259,49.064962606642545,46.62368227077244,47.00662612915039,1040040,0.0,0.0
2009-09-02 00:00:00-04:00,47.772518117741946,51.60197837080157,47.48530567711616,51.31476593017578,1742840,0.0,0.0
2009-09-03 00:00:00-04:00,51.07542528569187,54.66554431660905,50.261666432840485,53.1816291809082,2394100,0.0,0.0
2009-09-04 00:00:00-04:00,53.13376258263107,54.1868627225447,52.176397491052136,53.66031265258789,1399820,0.0,0.0
2009-09-08 00:00:00-04:00,56.86748715638802,57.1068284261505,53.37310315703266,53.70817947387695,1515500,0.0,0.0
2009-09-09 00:00:00-04:00,54.47407766771451,55.19210151929919,52.27213493454162,52.942291259765625,1178260,0.0,0.0
2009-09-10 00:00:00-04:00,52.65507792425654,55.52717308376144,52.60721040200969,54.904884338378906,1269620,0.0,0.0
2009-09-11 00:00:00-04:00,56.96322250366211,57.77698136431981,56.00585741956695,56.96322250366211,1692800,0.0,0.0
2009-09-14 00:00:00-04:00,55.62290301710032,55.67077418700617,54.37832929275623,55.00061798095703,1024240,0.0,0.0
2009-09-15 00:00:00-04:00,54.56980729947381,57.15469363880781,54.52193977786828,56.0537223815918,1661920,0.0,0.0
2009-09-16 00:00:00-04:00,58.3992698062428,58.59074355241256,57.53763977450784,58.351402282714844,1206960,0.0,0.0
2009-09-17 00:00:00-04:00,58.30353024390975,58.78221274623394,56.43666775443386,57.29829406738281,1554080,0.0,0.0
2009-09-18 00:00:00-04:00,57.34616809436389,57.7769794462584,55.09635803019394,56.005855560302734,1406160,0.0,0.0
2009-09-21 00:00:00-04:00,54.330470006578025,55.048493839264076,47.4374404823803,54.9527587890625,978120,0.0,0.0
2009-09-22 00:00:00-04:00,56.9632170153201,57.58550572084832,56.388799481030674,56.53240203857422,875540,0.0,0.0
2009-09-23 00:00:00-04:00,56.53240565917658,56.96322066351389,54.56980803059314,54.904884338378906,968780,0.0,0.0
2009-09-24 00:00:00-04:00,55.622910631738996,56.00585813106521,51.26690017417886,52.55934524536133,1184420,0.0,0.0
2009-09-25 00:00:00-04:00,50.83608339854333,52.41573721375358,50.50100708722377,51.31476593017578,884340,0.0,0.0
2009-09-28 00:00:00-04:00,51.4583658949237,53.3730957886883,51.12328962433788,51.219024658203125,627020,0.0,0.0
2009-09-29 00:00:00-04:00,51.266893214505515,53.03802059337955,51.266893214505515,52.79867935180664,838300,0.0,0.0
2009-09-30 00:00:00-04:00,54.474070105831885,55.622905187243944,52.702942659882595,54.56980514526367,1569360,0.0,0.0
2009-10-01 00:00:00-04:00,54.56981133871506,54.66554638901239,50.5967446663889,51.41050720214844,1161040,0.0,0.0
2009-10-02 00:00:00-04:00,50.309526238490534,53.13375350664246,49.92658245850591,50.74034118652344,1083160,0.0,0.0
2009-10-05 00:00:00-04:00,51.2190284632948,52.9901522857819,51.2190284632948,52.31999969482422,973320,0.0,0.0
2009-10-06 00:00:00-04:00,55.431435696900415,58.207792042533235,54.47407068418751,57.537635803222656,1860800,0.0,0.0
2009-10-07 00:00:00-04:00,58.35140635354573,58.54288011307348,56.53241111611941,58.0641975402832,1268000,0.0,0.0
2009-10-08 00:00:00-04:00,59.165165266465905,59.45237407972843,57.44190873483257,58.0641975402832,1610460,0.0,0.0
2009-10-09 00:00:00-04:00,57.25042702982032,58.63860702866558,57.20255950959622,57.537635803222656,848120,0.0,0.0
2009-10-12 00:00:00-04:00,58.54287247727717,59.54810501861177,57.298295028707194,57.7769775390625,757320,0.0,0.0
2009-10-13 00:00:00-04:00,58.830088159183546,60.361870911314476,58.06419678311808,58.92582321166992,1142060,0.0,0.0
2009-10-14 00:00:00-04:00,59.83531090521043,59.83531090521043,57.82484591961838,59.35662841796875,1171320,0.0,0.0
2009-10-15 00:00:00-04:00,57.920585861452096,58.8300833946468,57.011088328257394,57.63337707519531,760920,0.0,0.0
2009-10-16 00:00:00-04:00,57.154693380252866,58.20779345904157,56.48453712463379,57.44190216064453,783160,0.0,0.0
2009-10-19 00:00:00-04:00,57.53763038386869,58.207786560058594,56.10158300005775,58.207786560058594,871660,0.0,0.0
2009-10-20 00:00:00-04:00,58.59074626234408,58.59074626234408,56.484542261176706,57.34617233276367,1117340,0.0,0.0
2009-10-21 00:00:00-04:00,56.96322561324222,58.973690938768684,56.58027809787615,57.01109313964844,1267900,0.0,0.0
2009-10-22 00:00:00-04:00,56.86748745607578,57.77698136431981,56.053724943360116,56.96322250366211,700140,0.0,0.0
2009-10-23 00:00:00-04:00,57.68124946550998,58.11206450728227,56.58027809787615,57.01109313964844,1080460,0.0,0.0
2009-10-26 00:00:00-04:00,57.01108891424304,58.35140146662819,54.33046746153064,54.857017517089844,1518980,0.0,0.0
2009-10-27 00:00:00-04:00,54.80914902798174,55.04849029011267,52.94228645294896,53.5645751953125,1016660,0.0,0.0
2009-10-28 00:00:00-04:00,53.32522827175568,54.521934455358554,50.596735981906654,51.219024658203125,1352500,0.0,0.0
2009-10-29 00:00:00-04:00,52.415736207864796,55.622907647431575,52.17639494664167,54.66554260253906,1072380,0.0,0.0
2009-10-30 00:00:00-04:00,53.85177935390443,53.995385559671185,50.7882107313597,52.79867935180664,1339700,0.0,0.0
2009-11-02 00:00:00-05:00,54.76128150596712,55.38356659627283,51.697712620279724,53.5645751953125,1324720,0.0,0.0
2009-11-03 00:00:00-05:00,53.038028178068586,57.96845626831055,52.60721315121726,57.96845626831055,1487640,0.0,0.0
2009-11-04 00:00:00-05:00,58.92581672348793,59.691708015222915,57.106825362124546,58.303531646728516,1700580,0.0,0.0
2009-11-05 00:00:00-05:00,58.8300784124144,60.5054671177603,58.39926344348538,59.35662841796875,1126140,0.0,0.0
2009-11-06 00:00:00-05:00,59.54810933246436,61.03202449165375,58.87795303900715,59.11729431152344,1079840,0.0,0.0
2009-11-09 00:00:00-05:00,61.414962488688516,64.81360365024022,60.84054133226748,62.803138732910156,1388460,0.0,0.0
2009-11-10 00:00:00-05:00,62.56380087803595,64.62213707533255,61.79791326553819,63.377559661865234,1120060,0.0,0.0
2009-11-11 00:00:00-05:00,65.38803051118688,65.62737175419399,63.616899469642256,63.76050567626953,911960,0.0,0.0
2009-11-12 00:00:00-05:00,62.8988866975977,64.04772924662906,61.31924006186867,61.89365768432617,843960,0.0,0.0
2009-11-13 00:00:00-05:00,62.1329903968749,63.951985370463746,61.702171761382225,63.32969665527344,651160,0.0,0.0
2009-11-16 00:00:00-05:00,64.81361620888705,66.48900518198062,64.14346354129614,65.19656372070312,1037980,0.0,0.0
2009-11-17 00:00:00-05:00,64.43067506186058,65.72311650429575,63.90412132777553,65.5316390991211,650060,0.0,0.0
2009-11-18 00:00:00-05:00,66.96767891160262,67.73357383420084,64.43066750174106,64.7178726196289,876120,0.0,0.0
2009-11-19 00:00:00-05:00,64.14345507973789,65.05294890922238,61.98938382706013,64.7178726196289,884280,0.0,0.0
2009-11-20 00:00:00-05:00,63.61691307770308,64.47854319765982,62.468077787171865,64.43067932128906,587000,0.0,0.0
2009-11-23 00:00:00-05:00,67.01554661224104,67.58996412238012,64.81360430190715,65.24442291259766,858600,0.0,0.0
2009-11-24 00:00:00-05:00,65.77097835023899,66.01031962124294,64.76574939449196,65.96245574951172,842400,0.0,0.0
2009-11-25 00:00:00-05:00,66.77620174924665,67.39849039482957,66.2017842702911,67.15914916992188,769220,0.0,0.0
2009-11-27 00:00:00-05:00,61.271358209818665,65.38803051118688,61.17562317343884,63.76050567626953,985360,0.0,0.0
2009-11-30 00:00:00-05:00,63.80837829150327,64.90934949509123,63.09035454622179,63.377559661865234,984420,0.0,0.0
2009-12-01 00:00:00-05:00,65.19656212412677,67.35063360821103,65.19656212412677,66.68048095703125,1131440,0.0,0.0
2009-12-02 00:00:00-05:00,67.87718435034974,70.94074962682028,67.49423686476197,68.2601318359375,1595200,0.0,0.0
2009-12-03 00:00:00-05:00,67.58997488422038,68.49947611552561,66.34540463144135,66.68048095703125,866820,0.0,0.0
2009-12-04 00:00:00-05:00,65.48375736650807,65.77096243976627,61.70216181697149,64.33491516113281,1927280,0.0,0.0
2009-12-07 00:00:00-05:00,62.563805958951804,64.23919483400316,61.0320233054423,62.75528335571289,1222640,0.0,0.0
2009-12-08 00:00:00-05:00,61.60643418499309,62.42019294637589,59.73957542040226,60.218257904052734,1356580,0.0,0.0
2009-12-09 00:00:00-05:00,60.6490670993668,63.042479434023065,60.601199583085155,62.851009368896484,1025620,0.0,0.0
2009-12-10 00:00:00-05:00,63.808391140001305,64.7657563264856,62.9467610113421,64.09559631347656,1016960,0.0,0.0
2009-12-11 00:00:00-05:00,64.33492804592298,64.95721678545027,62.27659904427093,63.138221740722656,880360,0.0,0.0
2009-12-14 00:00:00-05:00,64.0477284893712,65.34016995064869,63.37756851766401,65.19656372070312,607140,0.0,0.0
2009-12-15 00:00:00-05:00,65.34016765247691,65.34016765247691,62.707413644501656,63.18609619140625,675260,0.0,0.0
2009-12-16 00:00:00-05:00,63.95197811311919,66.29751919175946,63.76050075103529,65.77096557617188,1128340,0.0,0.0
2009-12-17 00:00:00-05:00,63.664779896710826,63.76051494701047,61.03202584083181,61.46283721923828,1465080,0.0,0.0
2009-12-18 00:00:00-05:00,61.750047928964236,65.48377321805037,61.414971610327925,65.14869689941406,1378600,0.0,0.0
2009-12-21 00:00:00-05:00,65.3401511778219,65.81883360403305,63.3296864485579,64.33491516113281,1026340,0.0,0.0
2009-12-22 00:00:00-05:00,64.04771914334634,65.29228924499202,62.9946191176107,65.05294799804688,846060,0.0,0.0
2009-12-23 00:00:00-05:00,65.53163660653496,67.97292047481189,65.34016651275931,67.35063171386719,866200,0.0,0.0
2009-12-24 00:00:00-05:00,68.16438806236717,68.30799427947684,67.3985004113083,67.54210662841797,248920,0.0,0.0
2009-12-28 00:00:00-05:00,68.4516076511807,69.45684397190053,67.35063627708668,68.93029022216797,643740,0.0,0.0
2009-12-29 00:00:00-05:00,68.97817020322695,69.74405803207182,67.54212230701086,67.78146362304688,713880,0.0,0.0
2009-12-30 00:00:00-05:00,66.7283491915806,67.11129671905084,66.0581964965951,66.63261413574219,516860,0.0,0.0
2009-12-31 00:00:00-05:00,67.78143606548078,68.30798236421427,67.49422368136116,67.82929992675781,348420,0.0,0.0
2010-01-04 00:00:00-05:00,71.036482329887,71.18008854526171,70.1269884727063,70.3184585571289,678680,0.0,0.0
2010-01-05 00:00:00-05:00,71.13222892740679,71.22796397533966,69.50470389608401,70.84501647949219,590460,0.0,0.0
2010-01-06 00:00:00-05:00,71.56304076223662,73.62137717474957,71.03648703899516,71.08435821533203,1202180,0.0,0.0
2010-01-07 00:00:00-05:00,71.1322251583612,71.1322251583612,69.2653589540669,70.55780029296875,765920,0.0,0.0
2010-01-08 00:00:00-05:00,71.0843443438407,71.32368557058764,68.45159084962438,70.98860931396484,940260,0.0,0.0
2010-01-11 00:00:00-05:00,72.9512113738013,73.71710630904796,71.56303502079656,72.04171752929688,1047480,0.0,0.0
2010-01-12 00:00:00-05:00,71.0364783514351,71.75450208397972,68.93027832428359,69.79190826416016,927240,0.0,0.0
2010-01-13 00:00:00-05:00,70.65354684476429,71.32369948878433,69.16962802771366,71.08435821533203,646040,0.0,0.0
2010-01-14 00:00:00-05:00,71.75450364905473,71.99384489845666,70.3184561526431,71.32369232177734,581720,0.0,0.0
2010-01-15 00:00:00-05:00,70.60568789778085,70.74929414754894,68.59522231337935,69.40898132324219,720160,0.0,0.0
2010-01-19 00:00:00-05:00,69.88765343531605,70.36633599309219,69.26536464938384,69.6004409790039,628080,0.0,0.0
2010-01-20 00:00:00-05:00,68.49945813824156,68.5473219984122,65.67522744006436,67.11127471923828,1061280,0.0,0.0
2010-01-21 00:00:00-05:00,66.53686555597496,67.97291301401758,63.76050567626953,63.76050567626953,1234420,0.0,0.0
2010-01-22 00:00:00-05:00,62.85101329779464,64.23918961702604,61.41496580723169,63.377559661865234,1559660,0.0,0.0
2010-01-25 00:00:00-05:00,63.760516783342126,64.09559312109931,61.606445221039245,61.89365768432617,719500,0.0,0.0
2010-01-26 00:00:00-05:00,60.55334727794241,63.664784094595575,60.314005984353706,62.276607513427734,834360,0.0,0.0
2010-01-27 00:00:00-05:00,62.13299561864885,62.563806986232386,59.83531794859944,61.319236755371094,967140,0.0,0.0
2010-01-28 00:00:00-05:00,61.75004854095176,62.228731087780844,57.394038095218704,59.64384460449219,1945300,0.0,0.0
2010-01-29 00:00:00-05:00,58.15992910269236,59.21302923879035,56.29306645046594,56.6760139465332,1331920,0.0,0.0
2010-02-01 00:00:00-05:00,56.96321758379339,59.83531258801826,56.867482544475614,59.787445068359375,1130820,0.0,0.0
2010-02-02 00:00:00-05:00,60.50547075371517,62.276598254176285,59.50023820051172,60.74481201171875,1323220,0.0,0.0
2010-02-03 00:00:00-05:00,60.50546908828331,61.36709540214498,58.87794784824548,59.2130241394043,943380,0.0,0.0
2010-02-04 00:00:00-05:00,58.112058679149456,58.112058679149456,55.28783107973004,56.0537223815918,1313220,0.0,0.0
2010-02-05 00:00:00-05:00,55.14422772692984,59.11729431152344,54.521942609622286,59.11729431152344,1944340,0.0,0.0
2010-02-08 00:00:00-05:00,58.35140212785914,59.73958221883346,56.723880767822266,56.723880767822266,1108180,0.0,0.0
2010-02-09 00:00:00-05:00,58.20779696400494,60.74481592302229,58.15992943973363,59.64384460449219,1363620,0.0,0.0
2010-02-10 00:00:00-05:00,59.835315686764915,60.074656949511976,58.159926847535495,59.02155685424805,1172860,0.0,0.0
2010-02-11 00:00:00-05:00,59.45237052691233,61.07989190755179,58.830085410707056,61.03202438354492,1329420,0.0,0.0
2010-02-12 00:00:00-05:00,59.69171042211625,60.840549232071176,59.16516036607047,60.31399917602539,1004280,0.0,0.0
2010-02-16 00:00:00-05:00,62.94675010417949,63.999850166011875,62.27659751140855,62.99462127685547,1092700,0.0,0.0
2010-02-17 00:00:00-05:00,63.04247841847923,63.904108305898546,61.75003723940759,62.3723258972168,983720,0.0,0.0
2010-02-18 00:00:00-05:00,62.3723425700399,63.52117785761903,61.94152385911025,62.276607513427734,890980,0.0,0.0
2010-02-19 00:00:00-05:00,61.5585792766439,62.42020202929965,60.21826666656723,61.2234992980957,769600,0.0,0.0
2010-02-22 00:00:00-05:00,62.085120865304106,62.70740959693651,60.64907331728266,60.74481201171875,641460,0.0,0.0
2010-02-23 00:00:00-05:00,60.696944215936455,61.07988803577507,57.96845169580475,58.303531646728516,798100,0.0,0.0
2010-02-24 00:00:00-05:00,58.495002239433234,59.50023844889074,57.202560901641846,57.44190216064453,1169720,0.0,0.0
2010-02-25 00:00:00-05:00,56.676008351710465,59.54810333251953,55.76651087737607,59.54810333251953,1454740,0.0,0.0
2010-02-26 00:00:00-05:00,59.97892479966969,60.55334239715946,58.87795347707995,60.17039489746094,639100,0.0,0.0
2010-03-01 00:00:00-05:00,60.744822476123595,61.079898834228516,59.35664221015191,61.079898834228516,650840,0.0,0.0
2010-03-02 00:00:00-05:00,61.893657269512104,62.99462863257809,61.271368472638606,62.18086242675781,807400,0.0,0.0
2010-03-03 00:00:00-05:00,63.13821649376643,64.47852890503033,62.85101138685525,63.52116394042969,682160,0.0,0.0
2010-03-04 00:00:00-05:00,63.32969910826235,63.569040369212615,61.55857523805354,62.324462890625,641400,0.0,0.0
2010-03-05 00:00:00-05:00,62.94675537685178,64.0477267035819,62.65954292496877,63.425437927246094,525720,0.0,0.0
2010-03-08 00:00:00-05:00,64.04772576618278,64.43067326171663,62.46807191217807,62.946754455566406,505760,0.0,0.0
2010-03-09 00:00:00-05:00,61.55856717736537,63.186084617068225,61.55856717736537,62.3723258972168,455640,0.0,0.0
2010-03-10 00:00:00-05:00,62.5638083901846,63.71265090304768,61.41497318143764,62.037261962890625,711500,0.0,0.0
2010-03-11 00:00:00-05:00,61.606449655127996,63.47331619262695,61.17563823330656,63.47331619262695,517760,0.0,0.0
2010-03-12 00:00:00-05:00,63.904120477640404,64.52640925397621,62.56380787571312,63.425437927246094,759800,0.0,0.0
2010-03-15 00:00:00-04:00,63.281830775115054,63.6169070946637,62.03726054477495,62.946754455566406,601460,0.0,0.0
2010-03-16 00:00:00-04:00,63.8562313666055,65.10080856973126,63.76049634423752,65.00507354736328,676140,0.0,0.0
2010-03-17 00:00:00-04:00,64.90935236317455,65.77097505229176,64.90935236317455,65.10082244873047,531340,0.0,0.0
2010-03-18 00:00:00-04:00,65.57951081688725,66.05819337759445,63.42543929370482,64.14346313476562,624080,0.0,0.0
2010-03-19 00:00:00-04:00,61.36709976196289,62.707412325935834,60.64907595670409,61.36709976196289,1323660,0.0,0.0
2010-03-22 00:00:00-04:00,59.54810647019504,60.601206557824675,59.02155642638022,60.409732818603516,1065820,0.0,0.0
2010-03-23 00:00:00-04:00,59.978918858162956,61.1756251111027,59.06942137551722,60.60120391845703,873360,0.0,0.0
2010-03-24 00:00:00-04:00,59.11729218090358,59.356633444793886,57.4419033336715,57.63337707519531,1156680,0.0,0.0
2010-03-25 00:00:00-04:00,58.35139842705918,58.590739680942065,56.29306218284328,56.436668395996094,821340,0.0,0.0
2010-03-26 00:00:00-04:00,56.91536125085123,57.96846149856418,55.86225735107989,57.87272644042969,692760,0.0,0.0
2010-03-29 00:00:00-04:00,58.68646902132891,58.87794273624851,57.96844532942344,58.207786560058594,532360,0.0,0.0
2010-03-30 00:00:00-04:00,58.35139776373063,58.54287149507184,56.86748273693717,57.29829406738281,594600,0.0,0.0
2010-03-31 00:00:00-04:00,58.20779966846422,58.68648223753392,57.58551451990851,57.82485580444336,531300,0.0,0.0
2010-04-01 00:00:00-04:00,58.8779499639784,59.93105004722644,58.35139992235438,59.883182525634766,657860,0.0,0.0
2010-04-05 00:00:00-04:00,60.26613165312266,60.79268170916845,59.643842899213524,60.31399917602539,442360,0.0,0.0
2010-04-06 00:00:00-04:00,59.97892002598749,61.27136134350393,59.78744629137749,60.79267883300781,603620,0.0,0.0
2010-04-07 00:00:00-04:00,61.223491698982,65.43589545398216,61.079885489991874,65.05294799804688,1596700,0.0,0.0
2010-04-08 00:00:00-04:00,64.71788249414412,66.24966526894137,63.904123579793996,65.91458892822266,922960,0.0,0.0
2010-04-09 00:00:00-04:00,66.58474633243765,69.07389415799913,66.15392765040137,67.73358154296875,1294600,0.0,0.0
2010-04-12 00:00:00-04:00,67.73358015332903,69.50470410994271,66.63260883842345,67.01555633544922,948920,0.0,0.0
2010-04-13 00:00:00-04:00,66.77620108541805,67.44635358685174,65.14868369387085,66.10604858398438,788820,0.0,0.0
2010-04-14 00:00:00-04:00,66.9676808469518,68.49947073641657,65.24442817747719,67.87718200683594,873460,0.0,0.0
2010-04-15 00:00:00-04:00,67.58995993706115,68.45158980097322,66.58473118259248,66.91980743408203,592140,0.0,0.0
2010-04-16 00:00:00-04:00,66.15390842400706,66.63259083996095,63.28181392828361,65.00507354736328,1085080,0.0,0.0
2010-04-19 00:00:00-04:00,63.76050528210574,65.96244762580486,63.76050528210574,65.72310638427734,639280,0.0,0.0
2010-04-20 00:00:00-04:00,67.01556507307696,67.4942476807418,65.81885855391486,65.86672973632812,556300,0.0,0.0
2010-04-21 00:00:00-04:00,66.63261949430184,67.30277954729782,65.81886049805837,66.24967193603516,650380,0.0,0.0
2010-04-22 00:00:00-04:00,65.38804380160961,66.82409155153559,64.62214874666913,66.63261413574219,631100,0.0,0.0
2010-04-23 00:00:00-04:00,65.9145812391847,68.64307012977804,65.57950493755317,68.11652374267578,705820,0.0,0.0
2010-04-26 00:00:00-04:00,68.02079257039841,69.21749893297323,67.97292139424903,68.64307403564453,575000,0.0,0.0
2010-04-27 00:00:00-04:00,67.92504914778881,70.4620680572942,67.73357905444027,69.55257415771484,1064680,0.0,0.0
2010-04-28 00:00:00-04:00,69.50470434972367,72.52040585604581,69.02602180281907,71.08435821533203,1403540,0.0,0.0
2010-04-29 00:00:00-04:00,72.42466599404807,73.62137228177485,71.56303600606168,73.33415985107422,998760,0.0,0.0
2010-04-30 00:00:00-04:00,74.81808143285404,75.4403701871106,73.09482139093062,73.14269256591797,1222640,0.0,0.0
2010-05-03 00:00:00-04:00,74.43512397619314,75.44036008336965,72.61612913202913,74.38725280761719,1397900,0.0,0.0
2010-05-04 00:00:00-04:00,74.72235454715067,74.72235454715067,71.46731150366607,74.19580078125,1416460,0.0,0.0
2010-05-05 00:00:00-04:00,71.80238001946522,75.39249902043848,71.22796244013266,74.77021026611328,1600260,0.0,0.0
2010-05-06 00:00:00-04:00,75.20102694203537,78.26459215361949,73.42989577171907,76.01478576660156,2533280,0.0,0.0
2010-05-07 00:00:00-04:00,77.21148582684698,78.0252445856287,72.9033434877632,76.73280334472656,2317120,0.0,0.0
2010-05-10 00:00:00-04:00,77.97738259146342,78.74327757462589,75.48823485235923,77.45083618164062,1781300,0.0,0.0
2010-05-11 00:00:00-04:00,79.55704374476338,85.44484096989905,79.55704374476338,84.53534698486328,2790960,0.0,0.0
2010-05-12 00:00:00-04:00,87.6467890519182,89.13070076449903,85.34911105682225,85.77992248535156,2733460,0.0,0.0
2010-05-13 00:00:00-04:00,85.39695731830916,86.16285226004464,83.29075718470982,83.76943969726562,1497160,0.0,0.0
2010-05-14 00:00:00-04:00,85.92350571323449,86.35431702636235,80.70586956928577,84.96614074707031,1902780,0.0,0.0
2010-05-17 00:00:00-04:00,84.91827825991565,85.06188448034686,81.08881800370091,82.42913055419922,1385980,0.0,0.0
2010-05-18 00:00:00-04:00,81.51964516765383,83.3865043156293,81.04096258569946,82.09406280517578,1619520,0.0,0.0
2010-05-19 00:00:00-04:00,80.75375055724857,80.75375055724857,76.34987223996718,79.07836151123047,1906520,0.0,0.0
2010-05-20 00:00:00-04:00,75.39248942112712,77.59443171634251,74.1957832398394,74.62659454345703,1935640,0.0,0.0
2010-05-21 00:00:00-04:00,72.28105927423458,75.67970802930505,71.46730046508286,75.29676055908203,1346060,0.0,0.0
2010-05-24 00:00:00-04:00,76.73281764283541,79.41343565973719,76.63708258939542,77.0678939819336,1010860,0.0,0.0
2010-05-25 00:00:00-04:00,75.05742568898587,79.79638003684715,74.48300808683845,79.4613037109375,1482800,0.0,0.0
2010-05-26 00:00:00-04:00,81.47175921653091,81.61536542590393,78.93474053132493,79.31768798828125,1252720,0.0,0.0
2010-05-27 00:00:00-04:00,80.08358584631743,82.18978598083487,79.55703216063033,81.56749725341797,945880,0.0,0.0
2010-05-28 00:00:00-04:00,81.37602949564436,82.23765950406845,80.22719435382272,81.13668823242188,900020,0.0,0.0
2010-06-01 00:00:00-04:00,82.62061656697222,84.67894582608281,81.71111527878897,82.09406280517578,1173560,0.0,0.0
2010-06-02 00:00:00-04:00,81.95002749322383,83.43828519652827,81.13388924402933,83.39027404785156,817500,0.25,0.0
2010-06-03 00:00:00-04:00,83.63031220793597,83.77433832344329,80.26973703163739,82.3821029663086,875760,0.0,0.0
2010-06-04 00:00:00-04:00,80.36575066464232,82.81417261116128,80.31774684391931,80.84583282470703,778420,0.0,0.0
2010-06-07 00:00:00-04:00,80.60578698408568,85.21457837869993,79.59761890277579,83.2462387084961,1247980,0.0,0.0
2010-06-08 00:00:00-04:00,84.63848717419816,85.83869258697615,83.53429672934791,84.49446105957031,1146220,0.0,0.0
2010-06-09 00:00:00-04:00,83.77434445709044,84.8305238390193,82.19007172146058,82.95820617675781,983240,0.0,0.0
2010-06-10 00:00:00-04:00,82.38209912895564,83.29425227555963,80.74981543835877,82.04603576660156,1035900,0.0,0.0
2010-06-11 00:00:00-04:00,82.43011377051519,83.82235657105981,81.9980427128649,83.0542221069336,584860,0.0,0.0
2010-06-14 00:00:00-04:00,83.19824240192952,83.34226851954021,80.12571208630119,80.36575317382812,761600,0.0,0.0
2010-06-15 00:00:00-04:00,81.1339026693384,82.52613830566406,80.84585038055943,82.52613830566406,619240,0.0,0.0
2010-06-16 00:00:00-04:00,82.23808287196907,83.58231450600266,82.14206789642517,82.95820617675781,736980,0.0,0.0
2010-06-17 00:00:00-04:00,84.15840946611743,87.51898479987192,83.96637219461917,87.08690643310547,1630840,0.0,0.0
2010-06-18 00:00:00-04:00,88.43114218074926,88.9592355453057,86.65483945751807,88.19110107421875,2229560,0.0,0.0
2010-06-21 00:00:00-04:00,89.53531785799873,89.53531785799873,84.9745375917736,85.40660858154297,1108240,0.0,0.0
2010-06-22 00:00:00-04:00,85.55064708890046,87.66301317687554,85.31060598745827,85.83869934082031,833100,0.0,0.0
2010-06-23 00:00:00-04:00,84.73451797865042,86.41480587057833,84.0624057520688,85.26261138916016,754200,0.0,0.0
2010-06-24 00:00:00-04:00,85.21458880451652,86.89487647108446,84.6864954648346,84.9265365600586,825000,0.0,0.0
2010-06-25 00:00:00-04:00,86.46279516650377,88.76718354673866,85.98271303304283,88.23909759521484,783080,0.0,0.0
2010-06-28 00:00:00-04:00,88.52714916984746,91.5516683043033,87.61499597753068,88.1430892944336,1546560,0.0,0.0
2010-06-29 00:00:00-04:00,86.9908791088768,87.51897237367574,84.3504274358258,85.2145767211914,1091020,0.0,0.0
2010-06-30 00:00:00-04:00,84.87853148302278,87.2789423998194,84.59047924281808,86.22276306152344,1082540,0.0,0.0
2010-07-01 00:00:00-04:00,85.31061041773876,85.64666651211499,79.50161985645397,81.1819076538086,1555180,0.0,0.0
2010-07-02 00:00:00-04:00,82.0940442387454,83.91835779803414,80.50977174448224,81.08586883544922,982260,0.0,0.0
2010-07-06 00:00:00-04:00,80.74982455930684,81.03787680944042,76.81315198516191,77.86933135986328,1370840,0.0,0.0
2010-07-07 00:00:00-04:00,77.58127411693104,80.26972961425781,76.5730987270136,80.26972961425781,869960,0.0,0.0
2010-07-08 00:00:00-04:00,80.89385165738013,80.89385165738013,77.43726124156592,78.68547058105469,857060,0.0,0.0
2010-07-09 00:00:00-04:00,80.50978495723449,83.29426323359631,80.2697438528149,82.33409881591797,874340,0.0,0.0
2010-07-12 00:00:00-04:00,82.28609135499003,82.86219589181115,79.30958299179936,79.78966522216797,739840,0.0,0.0
2010-07-13 00:00:00-04:00,82.04604665230076,82.33409890811609,79.35759067507475,79.45360565185547,824560,0.0,0.0
2010-07-14 00:00:00-04:00,79.45359213358344,80.41375638897418,78.15737185390033,78.20537567138672,960480,0.0,0.0
2010-07-15 00:00:00-04:00,78.82948258703176,79.02151983018848,76.38106817192603,78.06135559082031,776480,0.0,0.0
2010-07-16 00:00:00-04:00,76.38107936625828,76.5731093120869,75.2768888640615,76.2850570678711,799080,0.0,0.0
2010-07-19 00:00:00-04:00,75.13285203826365,75.56492301756013,73.06849745007322,73.83663177490234,1080000,0.0,0.0
2010-07-20 00:00:00-04:00,73.02049826384602,76.47708829383592,73.02049826384602,76.4290771484375,833320,0.0,0.0
2010-07-21 00:00:00-04:00,76.42907286028526,77.00516994538219,74.9408226675742,75.32488250732422,635300,0.0,0.0
2010-07-22 00:00:00-04:00,76.04500811696481,78.06135896722915,75.90098933520774,76.95716857910156,557440,0.0,0.0
2010-07-23 00:00:00-04:00,77.437264392191,78.25340270996094,76.57311492171024,78.25340270996094,767500,0.0,0.0
2010-07-26 00:00:00-04:00,78.97352937487803,78.97352937487803,76.86117042513156,77.10121154785156,470340,0.0,0.0
2010-07-27 00:00:00-04:00,76.76512877653535,76.86115106181181,73.93264717220457,74.6047592163086,939260,0.0,0.0
2010-07-28 00:00:00-04:00,74.41273351293616,76.3330621197216,73.93265136123979,75.70895385742188,708160,0.0,0.0
2010-07-29 00:00:00-04:00,77.34123827425643,77.82132043033381,75.75696569410657,76.47708892822266,685820,0.0,0.0
2010-07-30 00:00:00-04:00,76.62111051036953,78.4454167352344,76.09301723971586,78.20537567138672,572600,0.0,0.0
2010-08-02 00:00:00-04:00,79.30957071889031,79.54961179692901,76.18903670438728,76.47708892822266,554680,0.0,0.0
2010-08-03 00:00:00-04:00,78.1093564543097,79.50159894403804,77.48524825722261,79.21354675292969,614100,0.0,0.0
2010-08-04 00:00:00-04:00,81.27790521404981,82.67014044612905,80.84582690633869,81.70997619628906,815100,0.0,0.0
2010-08-05 00:00:00-04:00,81.95002968120517,82.43011187889878,81.13389141022063,82.1420669555664,603680,0.0,0.0
2010-08-06 00:00:00-04:00,82.91019184923411,83.8703562188268,82.38210584124181,82.67015075683594,653040,0.0,0.0
2010-08-09 00:00:00-04:00,82.6701504459896,83.630314811972,81.51795613699984,83.34226989746094,449960,0.0,0.0
2010-08-10 00:00:00-04:00,81.61397607149293,84.44645819319663,81.61397607149293,83.82235717773438,657580,0.0,0.0
2010-08-11 00:00:00-04:00,83.0542211662115,84.4944677760302,81.66198570690932,82.23808288574219,760900,0.0,0.0
2010-08-12 00:00:00-04:00,83.39026665118577,85.69466239928622,83.05421061667515,85.5506362915039,695140,0.0,0.0
2010-08-13 00:00:00-04:00,85.79068208270813,85.83869322976777,84.0143795235896,84.54247283935547,430180,0.0,0.0
2010-08-16 00:00:00-04:00,85.4546214049821,86.36677454597002,85.07055422570798,86.27075958251953,497000,0.0,0.0
2010-08-17 00:00:00-04:00,86.41478171542349,87.37494595670597,85.454617474141,87.32693481445312,426260,0.0,0.0
2010-08-18 00:00:00-04:00,86.60683287589849,89.91940471609401,85.79069453572521,89.34330749511719,763620,0.0,0.0
2010-08-19 00:00:00-04:00,89.82338559944967,90.73553888022559,87.27894838797832,88.95923614501953,843840,0.0,0.0
2010-08-20 00:00:00-04:00,87.66301754673442,88.57517084749486,86.6548419402321,88.43114471435547,497400,0.0,0.0
2010-08-23 00:00:00-04:00,88.62316760815169,88.67117142775348,86.84685779702383,87.80702209472656,384420,0.0,0.0
2010-08-24 00:00:00-04:00,85.5506445596048,88.28711157004777,84.97454739827043,86.31877899169922,707060,0.0,0.0
2010-08-25 00:00:00-04:00,87.37495595411526,91.4556544464778,86.70284383850344,91.11959838867188,1230260,0.0,0.0
2010-08-26 00:00:00-04:00,92.17578220547301,93.52001382773076,91.31163278220211,92.27179718017578,1366760,0.0,0.0
2010-08-27 00:00:00-04:00,92.84788493240457,94.24012756347656,90.255444251125,94.24012756347656,1299200,0.0,0.0
2010-08-30 00:00:00-04:00,94.5281868994132,94.6722130315921,92.1757869338938,92.7038803100586,633640,0.0,0.0
2010-08-31 00:00:00-04:00,93.5680350485918,96.30450995196286,93.27999007092994,93.90409851074219,1389380,0.0,0.0
2010-09-01 00:00:00-04:00,95.24831548951337,95.2963266447128,91.21562751886869,92.4638442993164,1144020,0.0,0.0
2010-09-02 00:00:00-04:00,93.7120485398217,94.09611578362504,92.4158280017746,93.42400360107422,693740,0.0,0.0
2010-09-03 00:00:00-04:00,90.44747740434757,91.88772390648987,88.9592270807507,91.69569396972656,1281400,0.0,0.0
2010-09-07 00:00:00-04:00,92.79987874218597,93.61601691170642,90.92755400866858,92.60784149169922,1467000,0.0,0.0
2010-09-08 00:00:00-04:00,93.32798166569954,95.05628060692388,92.70388063320452,92.75188446044922,857320,0.0,0.0
2010-09-09 00:00:00-04:00,92.84789241937624,93.32797460836055,90.01541043455795,91.3596420288086,742520,0.0,0.0
2010-09-10 00:00:00-04:00,90.49549009533366,92.31980382760203,90.3034601552939,91.11959838867188,612460,0.0,0.0
2010-09-13 00:00:00-04:00,91.45565604202275,92.17577931794419,90.11142446187483,91.26362609863281,564040,0.0,0.0
2010-09-14 00:00:00-04:00,93.23194070740061,96.73654144056499,92.70385480201534,95.29629516601562,1437600,0.0,0.0
2010-09-15 00:00:00-04:00,95.63235818211379,97.12061570520589,94.57617896837354,95.248291015625,1056400,0.0,0.0
2010-09-16 00:00:00-04:00,96.44849795711708,96.44849795711708,94.5761805614697,95.39231872558594,1019280,0.0,0.0
2010-09-17 00:00:00-04:00,96.3524942238472,96.5925353192357,93.23195998379677,93.5680160522461,1945760,0.0,0.0
2010-09-20 00:00:00-04:00,93.80804225044994,94.000079491548,91.50365396104704,92.17576599121094,1290400,0.0,0.0
2010-09-21 00:00:00-04:00,91.35962697853361,91.40763079424035,87.75901115430453,90.68750762939453,1948840,0.0,0.0
2010-09-22 00:00:00-04:00,92.51183214856036,92.84788820048485,90.25544742795597,90.97557067871094,1150020,0.0,0.0
2010-09-23 00:00:00-04:00,90.2554499172272,90.92756203961319,89.19927058541802,89.7753677368164,944000,0.0,0.0
2010-09-24 00:00:00-04:00,90.8315470051805,91.16760306613877,87.08690453549745,87.61499786376953,1288480,0.0,0.0
2010-09-27 00:00:00-04:00,87.9030455964841,87.95104941674757,86.89487013981118,87.18292236328125,798180,0.0,0.0
2010-09-28 00:00:00-04:00,86.65483360290527,91.69569649947317,84.73450488040322,91.21561431884766,2011900,0.0,0.0
2010-09-29 00:00:00-04:00,91.64767261557134,92.7518629426628,91.02357172786338,91.45564270019531,1210020,0.0,0.0
2010-09-30 00:00:00-04:00,92.27179028155909,92.27179028155909,86.89487152000156,88.7671890258789,1489500,0.0,0.0
2010-10-01 00:00:00-04:00,89.77535481440019,90.30344806702651,87.90303751049174,88.57514953613281,943800,0.0,0.0
2010-10-04 00:00:00-04:00,88.04706025517501,88.57515353162282,86.60681385628683,87.51897430419922,517720,0.0,0.0
2010-10-05 00:00:00-04:00,89.19926900234309,90.97557157324329,89.00723173830335,89.63134002685547,770720,0.0,0.0
2010-10-06 00:00:00-04:00,90.25545403733717,92.41582394780535,89.63134570921842,91.59968566894531,975620,0.0,0.0
2010-10-07 00:00:00-04:00,91.98374665235275,92.07976162120622,87.80702591523762,88.1430892944336,1138940,0.0,0.0
2010-10-08 00:00:00-04:00,88.71918775516264,89.82337822711408,88.19109443038984,89.00723266601562,587640,0.0,0.0
2010-10-11 00:00:00-04:00,89.1512680053711,90.01541747825705,87.99907359183878,89.1512680053711,502860,0.0,0.0
2010-10-12 00:00:00-04:00,88.76720080803176,89.19927920744995,87.08691301417684,88.43114471435547,640340,0.0,0.0
2010-10-13 00:00:00-04:00,89.34329733281528,91.21561491939266,89.34329733281528,89.82337951660156,834220,0.0,0.0
2010-10-14 00:00:00-04:00,89.8713833242281,90.4954916281374,88.81520398517463,89.10325622558594,667320,0.0,0.0
2010-10-15 00:00:00-04:00,88.47914467067433,89.00723065806113,86.46280103830037,87.37495422363281,920240,0.0,0.0
2010-10-18 00:00:00-04:00,86.36678535542788,86.65483760730343,85.1185760234043,86.55882263183594,820800,0.0,0.0
2010-10-19 00:00:00-04:00,82.23806946388981,82.52611434355867,80.3657447814187,81.70997619628906,1500020,0.0,0.0
2010-10-20 00:00:00-04:00,81.61397298177084,84.06239510141313,81.37393188476562,82.81417846679688,902520,0.0,0.0
2010-10-21 00:00:00-04:00,83.19824634859454,83.19824634859454,78.44542819481883,79.2615737915039,1412300,0.0,0.0
2010-10-22 00:00:00-04:00,80.07771047526386,80.7978337577294,78.68546773388009,80.55779266357422,804540,0.0,0.0
2010-10-25 00:00:00-04:00,82.8141714716527,83.43827973624367,82.0940482414644,82.8621826171875,957820,0.0,0.0
2010-10-26 00:00:00-04:00,82.04603991563827,83.24624534053335,81.37392780788606,82.43010711669922,735560,0.0,0.0
2010-10-27 00:00:00-04:00,81.4699530284581,81.4699530284581,78.73348578045173,79.78966522216797,1112080,0.0,0.0
2010-10-28 00:00:00-04:00,81.42194365902598,82.2860857544961,79.83767094154247,82.1420669555664,1009920,0.0,0.0
2010-10-29 00:00:00-04:00,83.00619185415371,83.00619185415371,80.89383355212075,81.27790069580078,1017820,0.0,0.0
2010-11-01 00:00:00-04:00,81.95002905248354,84.92653719025354,81.56596183218062,84.25442504882812,1353340,0.0,0.0
2010-11-02 00:00:00-04:00,85.21458439320826,86.75084585801947,84.73450222761271,85.93470764160156,1100020,0.0,0.0
2010-11-03 00:00:00-04:00,86.17474950361537,89.2952836082031,84.97454407877393,88.86321258544922,2050880,0.0,0.0
2010-11-04 00:00:00-04:00,91.88771290413756,92.99190322199547,89.72734340960011,90.68750762939453,1523280,0.0,0.0
2010-11-05 00:00:00-04:00,90.39947509765625,92.41581876934748,90.25544897993416,90.39947509765625,923540,0.0,0.0
2010-11-08 00:00:00-05:00,90.63951399591217,91.31162609508306,88.95922642251247,90.92755889892578,986000,0.0,0.0
2010-11-09 00:00:00-05:00,92.1757846518909,92.6558668636195,84.87853649871083,85.98272705078125,1892320,0.0,0.0
2010-11-10 00:00:00-05:00,86.89487647108446,86.94288762031842,83.15023392049564,84.9265365600586,1861960,0.0,0.0
2010-11-11 00:00:00-05:00,85.07054998274458,85.21457608347298,82.57412443018227,85.16656494140625,1057320,0.0,0.0
2010-11-12 00:00:00-05:00,83.91835836363691,86.17474292499074,83.2942501252696,85.40660858154297,1611420,0.0,0.0
2010-11-15 00:00:00-05:00,85.83868775316782,85.83868775316782,81.85400454203868,81.90201568603516,1205760,0.0,0.0
2010-11-16 00:00:00-05:00,81.085882874733,81.22990900377954,78.5414530052946,79.50161743164062,1390280,0.0,0.0
2010-11-17 00:00:00-05:00,79.50161740315475,81.61397621016987,78.97352403866437,80.22174072265625,831060,0.0,0.0
2010-11-18 00:00:00-05:00,82.23808799153954,83.00621516918194,81.70999460496316,81.998046875,789640,0.0,0.0
2010-11-19 00:00:00-05:00,81.56596846994472,82.09406185652111,80.0297067891864,81.998046875,582700,0.0,0.0
2010-11-22 00:00:00-05:00,82.04604212659292,82.91019152089875,80.5577917549016,82.62214660644531,605120,0.0,0.0
2010-11-23 00:00:00-05:00,82.71815007715877,83.10221723517041,81.61395974492716,82.28607177734375,673820,0.0,0.0
2010-11-24 00:00:00-05:00,82.52613293610287,82.91020018766082,81.61397962344203,81.998046875,459960,0.0,0.0
2010-11-26 00:00:00-05:00,80.50977639511655,80.5577875410838,79.83766430440927,80.07770538330078,292160,0.0,0.0
2010-11-29 00:00:00-05:00,80.17373204520645,81.56596757568232,79.1175526091068,81.1819076538086,524000,0.0,0.0
2010-11-30 00:00:00-05:00,81.5179598705441,84.2544269738303,81.13389264146622,83.72633361816406,855120,0.0,0.0
2010-12-01 00:00:00-05:00,86.17474558364488,86.94287995079105,84.39844310077562,86.36677551269531,1081580,0.0,0.0
2010-12-02 00:00:00-05:00,87.80703130921803,89.15126293216032,87.1349191604834,87.95105743408203,814540,0.0,0.0
2010-12-03 00:00:00-05:00,89.15126353156072,90.63952128937316,88.5751663537044,90.15943908691406,668100,0.0,0.0
2010-12-06 00:00:00-05:00,90.68752000762777,90.83154612534985,89.67935183451847,90.39947509765625,757780,0.0,0.0
2010-12-07 00:00:00-05:00,91.64768590651127,91.69569705505381,87.27894243163269,87.66300964355469,1073400,0.0,0.0
2010-12-08 00:00:00-05:00,87.0869076980442,87.99906826859613,85.4546311567009,86.46280670166016,793440,0.0,0.0
2010-12-09 00:00:00-05:00,86.94289951246768,87.23094447085185,85.02257048801096,86.0307388305664,619760,0.0,0.0
2010-12-10 00:00:00-05:00,85.31061606481113,86.22277675332464,83.91838044217724,86.07875061035156,573860,0.0,0.0
2010-12-13 00:00:00-05:00,87.47096726127899,88.38312775195269,86.70284020781268,87.18292236328125,551720,0.0,0.0
2010-12-14 00:00:00-05:00,88.0470749452058,89.2472804778584,86.99089554156615,88.19110107421875,752280,0.0,0.0
2010-12-15 00:00:00-05:00,87.42295698786796,88.14308016791475,86.03071444449444,86.6068115234375,921960,0.0,0.0
2010-12-16 00:00:00-05:00,86.79885636500826,86.94288247871987,84.8305165703854,85.8866958618164,982020,0.0,0.0
2010-12-17 00:00:00-05:00,86.51080640759653,87.13491469974156,84.73450382647043,86.79885864257812,1858780,0.0,0.0
2010-12-20 00:00:00-05:00,86.8468525834531,87.61498690569172,85.45461736555137,86.6068115234375,723020,0.0,0.0
2010-12-21 00:00:00-05:00,86.31876897179241,87.7110042271955,85.9827129438129,87.51897430419922,561000,0.0,0.0
2010-12-22 00:00:00-05:00,87.3749583417244,88.04707047570237,86.1267417209392,86.31877899169922,423640,0.0,0.0
2010-12-23 00:00:00-05:00,85.88668993622166,87.71100349126775,85.69466001483657,86.75083923339844,409740,0.0,0.0
2010-12-27 00:00:00-05:00,86.60682131851513,86.75084743590794,85.02255600361207,85.35861206054688,255300,0.0,0.0
2010-12-28 00:00:00-05:00,86.70283380782118,87.61498690569172,85.88668834339072,86.6068115234375,474720,0.0,0.0
2010-12-29 00:00:00-05:00,87.27893995956401,89.2952836082031,87.23092881238132,88.86321258544922,506220,0.0,0.0
2010-12-30 00:00:00-05:00,88.9112176957313,89.67935210895125,88.6231727848783,89.00723266601562,414440,0.0,0.0
2010-12-31 00:00:00-05:00,89.24728298558655,89.82338751782613,88.62318195144938,89.1512680053711,288860,0.0,0.0
2011-01-03 00:00:00-05:00,89.67935077250674,89.82337688852321,87.51898100867722,88.1430892944336,500140,0.0,0.0
2011-01-04 00:00:00-05:00,87.47097428360334,87.80703035431604,83.67832788111022,85.69467163085938,1016840,0.0,0.0
2011-01-05 00:00:00-05:00,84.63849672267324,85.3586200515806,83.15023891274204,84.6865005493164,608580,0.0,0.0
2011-01-06 00:00:00-05:00,84.39844656673634,84.68649147214101,81.42193859138614,81.66197967529297,928980,0.0,0.0
2011-01-07 00:00:00-05:00,81.27792849912997,83.67833981141689,81.27792849912997,82.47813415527344,651640,0.0,0.0
2011-01-10 00:00:00-05:00,82.57413994284238,82.91019602402675,81.51796054820298,81.61397552490234,554440,0.0,0.0
2011-01-11 00:00:00-05:00,82.71815196304965,86.94287614655383,82.47811089950365,86.70283508300781,1006360,0.0,0.0
2011-01-12 00:00:00-05:00,87.71101379394531,87.99906603532997,85.98272232205579,87.71101379394531,660480,0.0,0.0
2011-01-13 00:00:00-05:00,88.0470652006903,88.14308749305393,84.30243021362625,85.11856842041016,572660,0.0,0.0
2011-01-14 00:00:00-05:00,83.9663737793723,84.59048210394336,81.85401503133355,82.19007110595703,811500,0.0,0.0
2011-01-18 00:00:00-05:00,83.1982508118056,83.58231805576564,81.99804525285131,82.57414245605469,528140,0.0,0.0
2011-01-19 00:00:00-05:00,83.19823460295743,83.19823460295743,80.31774182265056,81.08586883544922,824560,0.0,0.0
2011-01-20 00:00:00-05:00,79.30958050633907,79.83767387338416,77.43726279676693,78.82949829101562,1074200,0.0,0.0
2011-01-21 00:00:00-05:00,78.2533866115429,79.64562184806258,76.7171252719935,76.76512908935547,1048380,0.0,0.0
2011-01-24 00:00:00-05:00,76.81314491468954,77.82132037188377,75.08484622392008,75.75696563720703,1075500,0.0,0.0
2011-01-25 00:00:00-05:00,74.50875320814548,77.77331351201602,74.12468599731258,77.58128356933594,1624140,0.0,0.0
2011-01-26 00:00:00-05:00,77.29323632085547,80.22174075140015,76.18904576546288,79.50161743164062,1032880,0.0,0.0
2011-01-27 00:00:00-05:00,79.40558738412687,79.50160967777492,76.66912050102549,77.34123992919922,756920,0.0,0.0
2011-01-28 00:00:00-05:00,76.7171317286559,80.50977791662794,75.70895624806965,78.78148651123047,1282640,0.0,0.0
2011-01-31 00:00:00-05:00,78.34940069232049,79.16553883303253,76.57309830948327,77.38923645019531,740800,0.0,0.0
2011-02-01 00:00:00-05:00,78.10936080938599,79.06952506598685,76.38106954278759,78.92549896240234,893520,0.0,0.0
2011-02-02 00:00:00-05:00,78.92550461939035,79.06953073329794,77.29322819636418,78.01335144042969,550120,0.0,0.0
2011-02-03 00:00:00-05:00,78.44542103028431,80.4617719373818,77.38924175662086,80.02969360351562,936400,0.0,0.0
2011-02-04 00:00:00-05:00,80.70181398578087,81.61396715913519,79.8856684538116,80.1257095336914,865620,0.0,0.0
2011-02-07 00:00:00-05:00,80.22173560733891,80.79783276111078,78.87750403155603,79.02153015136719,492640,0.0,0.0
2011-02-08 00:00:00-05:00,80.4617729570332,80.84583282470703,79.78965353765916,80.84583282470703,638420,0.0,0.0
2011-02-09 00:00:00-05:00,81.03845012299284,81.37550696641385,79.64206127555131,80.41248321533203,623380,0.25,0.0
2011-02-10 00:00:00-05:00,79.49761086637989,80.65323638916016,79.16054668722174,80.65323638916016,696340,0.0,0.0
2011-02-11 00:00:00-05:00,80.21987499955122,81.71255728618452,78.82348626359259,78.96794128417969,817500,0.0,0.0
2011-02-14 00:00:00-05:00,79.25684356689453,80.12355891099922,78.43826764612724,79.25684356689453,773000,0.0,0.0
2011-02-15 00:00:00-05:00,80.21987112378241,80.84583060393781,79.88280697626834,80.50877380371094,517200,0.0,0.0
2011-02-16 00:00:00-05:00,81.18289912765063,81.51995594604671,79.64205536248987,81.32734680175781,533060,0.0,0.0
2011-02-17 00:00:00-05:00,81.61626108405085,82.6755857171591,81.03844831574524,82.29037475585938,608020,0.0,0.0
2011-02-18 00:00:00-05:00,83.34971064678587,84.64979127329153,82.53113456038571,83.83122253417969,834800,0.0,0.0
2011-02-22 00:00:00-05:00,84.79423037501486,85.17943393471444,80.79768099119273,81.03843688964844,927580,0.0,0.0
2011-02-23 00:00:00-05:00,80.89400053379116,83.39786098561744,80.70139870953092,82.72374725341797,852160,0.0,0.0
2011-02-24 00:00:00-05:00,83.30154499423892,83.63860179932463,78.91978448626288,79.06423950195312,699980,0.0,0.0
2011-02-25 00:00:00-05:00,79.35315906490774,80.46063785517568,78.96794809255957,79.9791259765625,422220,0.0,0.0
2011-02-28 00:00:00-05:00,80.46063589510781,82.19407420751475,80.12357171045913,82.14592742919922,431240,0.0,0.0
2011-03-01 00:00:00-05:00,82.62743597404227,83.39785052170812,81.90516820275619,82.96449279785156,692660,0.0,0.0
2011-03-02 00:00:00-05:00,83.01264026996617,83.1570952948916,81.51995793850395,82.09777069091797,500200,0.0,0.0
2011-03-03 00:00:00-05:00,81.32735846440045,81.32735846440045,79.16055487461405,79.93097686767578,610020,0.0,0.0
2011-03-04 00:00:00-05:00,79.78651922022857,81.08659986219004,79.59391740189665,79.88282012939453,486960,0.0,0.0
2011-03-07 00:00:00-05:00,80.84582995726889,80.89398407718207,77.28264550230786,78.2938232421875,861620,0.0,0.0
2011-03-08 00:00:00-05:00,78.149376484257,78.149376484257,76.31962994359647,77.57156372070312,624180,0.0,0.0
2011-03-09 00:00:00-05:00,77.3308037770178,78.2456733262248,75.40475643360304,76.03071594238281,842180,0.0,0.0
2011-03-10 00:00:00-05:00,74.58617505917414,74.92323919780854,72.13046928168286,73.28609466552734,928540,0.0,0.0
2011-03-11 00:00:00-05:00,71.55267280785658,74.73064700739059,71.55267280785658,74.4898910522461,577660,0.0,0.0
2011-03-14 00:00:00-04:00,73.81577039740314,74.39358316612908,72.22677977294084,73.76761627197266,559140,0.0,0.0
2011-03-15 00:00:00-04:00,70.34888223214561,73.334254148164,69.57846035504326,73.09349822998047,1080740,0.0,0.0
2011-03-16 00:00:00-04:00,72.94905289656849,74.29728768688686,71.64897223519625,73.57501983642578,1235960,0.0,0.0
2011-03-17 00:00:00-04:00,74.15283331281636,76.12703506070937,73.28611041502703,75.50106811523438,993640,0.0,0.0
2011-03-18 00:00:00-04:00,76.56038439447336,77.52340809754848,74.97139381494182,76.36778259277344,1411040,0.0,0.0
2011-03-21 00:00:00-04:00,78.00492306574722,78.63088996721392,77.13820022889242,78.48643493652344,859380,0.0,0.0
2011-03-22 00:00:00-04:00,78.24567481687316,78.43827661596886,76.84929340521019,77.37895202636719,699420,0.0,0.0
2011-03-23 00:00:00-04:00,77.1382069357831,79.6902215422432,76.56039411007049,79.35316467285156,798840,0.0,0.0
2011-03-24 00:00:00-04:00,79.54575519193084,79.73836433798235,77.37895189304314,77.66786193847656,756500,0.0,0.0
2011-03-25 00:00:00-04:00,77.81232133048314,79.20870281814928,77.42711036403757,78.34197998046875,627380,0.0,0.0
2011-03-28 00:00:00-04:00,77.42710719669853,77.95676582501719,75.98257164208583,76.36778259277344,607720,0.0,0.0
2011-03-29 00:00:00-04:00,76.36778010531043,77.37895055223066,75.78996002445597,76.03071594238281,527460,0.0,0.0
2011-03-30 00:00:00-04:00,77.09004607600183,78.2456715164061,76.41592511302653,78.19751739501953,534200,0.0,0.0
2011-03-31 00:00:00-04:00,78.58272591980514,79.16053862232759,77.95675909736953,78.2938232421875,459360,0.0,0.0
2011-04-01 00:00:00-04:00,77.95676546742004,78.19752139208444,76.22332721820895,76.5122299194336,654900,0.0,0.0
2011-04-04 00:00:00-04:00,77.09004939450942,78.2456748846601,76.99374114759047,77.2344970703125,450520,0.0,0.0
2011-04-05 00:00:00-04:00,76.94559807462012,81.61626173075749,76.8011430445771,81.56810760498047,999960,0.0,0.0
2011-04-06 00:00:00-04:00,82.19407778686865,83.92752352205098,81.90517506253049,83.686767578125,1216960,0.0,0.0
2011-04-07 00:00:00-04:00,83.68675557314948,83.87935736174595,82.57927692050163,82.8681869506836,761440,0.0,0.0
2011-04-08 00:00:00-04:00,84.02381651817596,87.05734259545302,84.02381651817596,86.91288757324219,1245960,0.0,0.0
2011-04-11 00:00:00-04:00,86.57582995927454,87.58700041090543,83.87936072701706,84.69792938232422,1228200,0.0,0.0
2011-04-12 00:00:00-04:00,84.1682668106487,84.93868130700123,82.3385204424697,83.5904541015625,813540,0.0,0.0
2011-04-13 00:00:00-04:00,84.60163095738623,85.75726381097475,83.78306227814923,85.03499603271484,924700,0.0,0.0
2011-04-14 00:00:00-04:00,84.60163249677697,86.57583406552459,84.16827476085086,86.09432220458984,910760,0.0,0.0
2011-04-15 00:00:00-04:00,86.14246071923013,87.15363846911261,85.27574533051623,86.9610366821289,683020,0.0,0.0
2011-04-18 00:00:00-04:00,86.14247724055403,87.15365518437102,83.78307183469921,85.51651763916016,697220,0.0,0.0
2011-04-19 00:00:00-04:00,85.51650894957898,86.52767944335938,84.79424116232674,86.52767944335938,484780,0.0,0.0
2011-04-20 00:00:00-04:00,87.68331452170676,88.3092740752746,86.720290781094,86.86473846435547,706380,0.0,0.0
2011-04-21 00:00:00-04:00,87.63515028385909,87.77960529774047,86.28691573311151,86.9610366821289,476520,0.0,0.0
2011-04-25 00:00:00-04:00,87.77960942059204,87.87591031860697,84.74608337575248,84.9868392944336,631580,0.0,0.0
2011-04-26 00:00:00-04:00,85.03499389573666,85.17944156992836,83.30154833256026,84.55348205566406,639460,0.0,0.0
2011-04-27 00:00:00-04:00,84.89054667914742,87.29810610086297,83.5904660608787,87.0573501586914,667400,0.0,0.0
2011-04-28 00:00:00-04:00,87.00918909099524,88.30926960556216,85.99801862290437,86.19062042236328,608260,0.0,0.0
2011-04-29 00:00:00-04:00,85.90171729090514,89.94642153072706,85.46835953359378,89.7056655883789,1045740,0.0,0.0
2011-05-02 00:00:00-04:00,88.55002434551342,89.94641308844194,86.72028523323567,87.4906997680664,936720,0.0,0.0
2011-05-03 00:00:00-04:00,86.76843545313754,86.96104460495665,80.7495372204381,80.79769134521484,1900320,0.0,0.0
2011-05-04 00:00:00-04:00,80.9902883752278,80.9902883752278,78.24567241237432,80.26802062988281,1484140,0.0,0.0
2011-05-05 00:00:00-04:00,78.34197828967899,80.50878166347195,76.36778406859592,77.57156372070312,1111440,0.0,0.0
2011-05-06 00:00:00-04:00,78.29382439158599,79.5939048281692,76.51222479066342,76.84928894042969,902920,0.0,0.0
2011-05-09 00:00:00-04:00,77.66786837459767,78.91979486488165,76.65669047907484,78.82349395751953,650400,0.0,0.0
2011-05-10 00:00:00-04:00,79.06425190412185,79.06425190412185,75.7899695397778,76.8011474609375,1035900,0.0,0.0
2011-05-11 00:00:00-04:00,76.70483534404909,76.80113623978255,74.48987800574228,74.82693481445312,1317520,0.0,0.0
2011-05-12 00:00:00-04:00,73.71946992323664,74.68249365915202,72.70829206161031,73.47871398925781,1206360,0.0,0.0
2011-05-13 00:00:00-04:00,73.81576374742997,74.73063326988587,71.79341556543613,72.75643920898438,946540,0.0,0.0
2011-05-16 00:00:00-04:00,72.467529296875,74.63433249844269,71.9860174743044,72.467529296875,846960,0.0,0.0
2011-05-17 00:00:00-04:00,71.55266806172828,74.4417393318284,71.07115618337826,74.39358520507812,1131060,0.0,0.0
2011-05-18 00:00:00-04:00,74.68247323902311,75.59734259907843,72.51567042567372,72.80457305908203,1198500,0.0,0.0
2011-05-19 00:00:00-04:00,72.80459446194602,74.73064197335883,72.70829355583302,74.53804016113281,866700,0.0,0.0
2011-05-20 00:00:00-04:00,74.48989017659872,76.41593779511342,72.90089942186637,75.50106811523438,828520,0.0,0.0
2011-05-23 00:00:00-04:00,74.6343409905364,76.0307224959602,73.81577226848492,74.6824951171875,617100,0.0,0.0
2011-05-24 00:00:00-04:00,75.45289818236652,76.99373448499487,75.30844317177608,76.22332000732422,591500,0.0,0.0
2011-05-25 00:00:00-04:00,76.70482917390174,76.9937318378628,75.59735059383408,76.17516326904297,441200,0.0,0.0
2011-05-26 00:00:00-04:00,75.93440504281216,76.5122177002713,74.58617061054981,76.12701416015625,462900,0.0,0.0
2011-05-27 00:00:00-04:00,76.5603861590277,77.5715640094772,76.5603861590277,76.99374389648438,279220,0.0,0.0
2011-05-31 00:00:00-04:00,77.61970864234742,77.71600954275563,75.50105944421573,76.5122299194336,516740,0.0,0.0
2011-06-01 00:00:00-04:00,76.07886904069812,76.31962495538387,74.10466760135996,74.2491226196289,689320,0.0,0.0
2011-06-02 00:00:00-04:00,74.24913347384557,75.83812421251794,73.67132066358886,73.71947479248047,731160,0.0,0.0
2011-06-03 00:00:00-04:00,73.04535586446431,73.09350999476669,71.11930820898844,71.55267333984375,1153340,0.0,0.0
2011-06-06 00:00:00-04:00,71.74527044781183,73.18980609441208,70.49333661517633,71.02300262451172,657520,0.0,0.0
2011-06-07 00:00:00-04:00,71.50451810441699,71.60081901624469,69.38586865505341,69.91552734375,580500,0.0,0.0
2011-06-08 00:00:00-04:00,68.66360295041115,69.57847266242017,67.07461213987388,67.74872589111328,934220,0.0,0.0
2011-06-09 00:00:00-04:00,68.18207439014378,70.10812160628019,67.50795345612381,69.6266098022461,746860,0.0,0.0
2011-06-10 00:00:00-04:00,68.90435372667325,69.0488014144354,67.07460709304033,67.94132995605469,731320,0.0,0.0
2011-06-13 00:00:00-04:00,67.60426104249532,68.42283706824861,66.68939146314348,67.41165924072266,596740,0.0,0.0
2011-06-14 00:00:00-04:00,68.13392577804885,70.15627404899985,67.84501573336115,68.85619354248047,513840,0.0,0.0
2011-06-15 00:00:00-04:00,68.1339219529855,69.6266115212591,66.83384151945312,67.45980834960938,757920,0.0,0.0
2011-06-16 00:00:00-04:00,67.12275320210581,67.26720823571199,65.05225799380733,65.8708267211914,809940,0.0,0.0
2011-06-17 00:00:00-04:00,65.72636413574219,67.170899611253,65.6300632401656,65.72636413574219,1059680,0.0,0.0
2011-06-20 00:00:00-04:00,65.58192021222646,65.96713120698043,64.23368540423192,64.76335144042969,572540,0.0,0.0
2011-06-21 00:00:00-04:00,65.05226604053105,68.23024043652961,64.90781098905632,67.79688262939453,716280,0.0,0.0
2011-06-22 00:00:00-04:00,67.60425540524007,72.56382853384846,67.50795451238389,71.408203125,1635940,0.0,0.0
2011-06-23 00:00:00-04:00,69.33769451397487,69.81920628143303,68.08576097966906,69.67475128173828,1231200,0.0,0.0
2011-06-24 00:00:00-04:00,69.33772994809624,69.72294102837705,67.60428376047774,67.70059204101562,473380,0.0,0.0
2011-06-27 00:00:00-04:00,67.02645296559409,68.56728952912611,66.15973010257972,67.94132995605469,550420,0.0,0.0
2011-06-28 00:00:00-04:00,68.13393475942763,70.97485206843179,67.74872376482827,69.91552734375,596640,0.0,0.0
2011-06-29 00:00:00-04:00,70.87854759039405,72.13048142302955,69.86737704614683,71.02300262451172,522240,0.0,0.0
2011-06-30 00:00:00-04:00,71.21560181847316,71.64896690488278,69.72291944694125,70.97484588623047,623160,0.0,0.0
2011-07-01 00:00:00-04:00,70.05996489949356,70.05996489949356,68.13391775449031,69.43399810791016,474760,0.0,0.0
2011-07-05 00:00:00-04:00,71.55266554829866,74.82694032823284,70.97484543674517,74.34542846679688,968080,0.0,0.0
2011-07-06 00:00:00-04:00,75.11584574157,77.71600669370935,75.06769161948733,76.8974380493164,1134000,0.0,0.0
2011-07-07 00:00:00-04:00,77.42710165143475,78.34197116491885,76.84928894042969,76.84928894042969,692140,0.0,0.0
2011-07-08 00:00:00-04:00,78.24566749527321,79.25684521412691,76.56037619537501,77.09004211425781,617500,0.0,0.0
2011-07-11 00:00:00-04:00,76.94558506751268,77.90860864195642,75.54919647619717,76.17516326904297,723520,0.0,0.0
2011-07-12 00:00:00-04:00,76.0307201414113,80.31618012555926,75.8381183353478,80.07542419433594,908460,0.0,0.0
2011-07-13 00:00:00-04:00,81.42365667529823,86.62397877116963,81.08659250287627,85.46835327148438,1892980,0.0,0.0
2011-07-14 00:00:00-04:00,86.3350865850521,86.62398932151638,84.60164077711188,85.22760772705078,1301320,0.0,0.0
2011-07-15 00:00:00-04:00,85.4683553159171,86.6239808432453,84.60163249677697,86.09432220458984,698680,0.0,0.0
2011-07-18 00:00:00-04:00,86.67212025548329,88.83892326187038,86.09430758990408,88.74262237548828,1111680,0.0,0.0
2011-07-19 00:00:00-04:00,89.17600164273092,89.416757590658,86.86474307317332,87.53886413574219,851880,0.0,0.0
2011-07-20 00:00:00-04:00,86.38321830432938,88.74263065078372,86.28691740896718,87.87590789794922,718380,0.0,0.0
2011-07-21 00:00:00-04:00,88.0203662804751,88.26112220173063,86.23877393264179,86.91288757324219,792020,0.0,0.0
2011-07-22 00:00:00-04:00,87.92405382031049,89.22413415468542,87.24993292106251,88.74262237548828,578500,0.0,0.0
2011-07-25 00:00:00-04:00,90.28348352173849,91.39096238906288,89.12785787157571,89.5130615234375,884180,0.0,0.0
2011-07-26 00:00:00-04:00,88.59816471089516,89.46488735687207,87.92405117918337,88.83892059326172,527700,0.0,0.0
2011-07-27 00:00:00-04:00,89.03154361986172,89.70566465983165,84.79424495622534,85.2757568359375,849360,0.0,0.0
2011-07-28 00:00:00-04:00,85.03500031034713,86.81659278355257,83.87936739862522,85.85356903076172,758400,0.0,0.0
2011-07-29 00:00:00-04:00,85.80541209630414,86.04616802662333,82.48298319681439,83.15709686279297,897120,0.0,0.0
2011-08-01 00:00:00-04:00,82.82004463173733,84.74609218131262,82.04962267299189,83.83122253417969,851140,0.0,0.0
2011-08-02 00:00:00-04:00,83.87937078833527,88.74264387537757,83.0608020348409,87.53886413574219,1192720,0.0,0.0
2011-08-03 00:00:00-04:00,88.4055809442633,89.56120647600628,86.96104535594063,88.45372772216797,1187440,0.0,0.0
2011-08-04 00:00:00-04:00,88.98338738422716,88.98338738422716,81.71255583431098,83.7830581665039,1499660,0.0,0.0
2011-08-05 00:00:00-04:00,83.97567046308548,86.67213997912928,80.70139549726017,83.39785766601562,1155780,0.0,0.0
2011-08-08 00:00:00-04:00,85.70911124638447,89.89826296705915,84.26457566358023,86.09432220458984,1655380,0.0,0.0
2011-08-09 00:00:00-04:00,87.92407809128586,89.5130615234375,84.5534947064743,89.5130615234375,1550920,0.0,0.0
2011-08-10 00:00:00-04:00,89.65797550126273,95.74466533597406,87.72569161003791,94.05391693115234,2245720,0.3,0.0
2011-08-11 00:00:00-04:00,92.74962834288453,94.15053123921557,90.38258348464845,93.52254486083984,1284700,0.0,0.0
2011-08-12 00:00:00-04:00,92.89455377941698,93.08777922891636,90.23766330786937,92.45978546142578,706720,0.0,0.0
2011-08-15 00:00:00-04:00,91.83178728835023,95.06836106441068,90.91394809323742,94.97174835205078,746700,0.0,0.0
2011-08-16 00:00:00-04:00,94.48870159460641,95.74468191878934,93.71578495581741,94.44039154052734,649800,0.0,0.0
2011-08-17 00:00:00-04:00,95.06836634997791,95.5997399830392,92.45977874476453,93.76407623291016,567540,0.0,0.0
2011-08-18 00:00:00-04:00,93.81238572115662,95.45483152621492,91.73517896918553,92.45978546142578,733240,0.0,0.0
2011-08-19 00:00:00-04:00,93.6674575805664,95.98619969706766,93.32930937778201,93.6674575805664,1107000,0.0,0.0
2011-08-22 00:00:00-04:00,92.94286045549313,98.0634161694215,92.94286045549313,97.5803451538086,1585200,0.0,0.0
2011-08-23 00:00:00-04:00,94.68190470762703,96.85572394836336,91.01056259706351,92.60469818115234,1254920,0.0,0.0
2011-08-24 00:00:00-04:00,91.30042390078918,92.36317868361962,87.29093291135356,89.89952087402344,1093240,0.0,0.0
2011-08-25 00:00:00-04:00,87.96722427543529,93.13608204448684,87.43584327395799,91.54194641113281,940460,0.0,0.0
2011-08-26 00:00:00-04:00,92.26656838441507,94.39207800609562,89.41645220474173,94.1988525390625,585960,0.0,0.0
2011-08-29 00:00:00-04:00,94.73020928783008,94.77851195663679,92.41146742386901,93.37760925292969,730700,0.0,0.0
2011-08-30 00:00:00-04:00,94.44037579677705,95.69636328265904,93.71576933286315,95.35820770263672,738820,0.0,0.0
2011-08-31 00:00:00-04:00,95.45483335383423,96.17943985994812,93.66746474189046,95.93790435791016,701820,0.0,0.0
2011-09-01 00:00:00-04:00,95.88958379705511,99.89907416555559,95.74466103750396,98.3532485961914,1095460,0.0,0.0
2011-09-02 00:00:00-04:00,99.51262886175435,101.4449129173224,99.367706083371,100.72030639648438,979500,0.0,0.0
2011-09-06 00:00:00-04:00,101.25167612175198,106.85529483274324,101.25167612175198,103.1839599609375,1381660,0.0,0.0
2011-09-07 00:00:00-04:00,99.94737604951088,103.42549276698773,99.17446695646534,103.32887268066406,813600,0.0,0.0
2011-09-08 00:00:00-04:00,104.97132292664513,105.79254209885903,103.42549730169932,105.3094711303711,695960,0.0,0.0
2011-09-09 00:00:00-04:00,104.10178954763019,106.42053157789503,103.13564764927631,103.76364135742188,859920,0.0,0.0
2011-09-12 00:00:00-04:00,101.39660125644423,103.66704088252537,96.80742669738602,99.02955627441406,1236920,0.0,0.0
2011-09-13 00:00:00-04:00,99.46431235442796,102.21782285170967,98.0634094535232,101.10675811767578,1013480,0.0,0.0
2011-09-14 00:00:00-04:00,101.1550657533359,101.2516858514421,97.91849148590003,99.02955627441406,745420,0.0,0.0
2011-09-15 00:00:00-04:00,97.09726023838954,97.24218299654297,94.68190550609128,97.0489501953125,1120180,0.0,0.0
2011-09-16 00:00:00-04:00,97.53202114177215,98.93293130915174,96.75911205008332,97.0489501953125,1610360,0.0,0.0
2011-09-19 00:00:00-04:00,97.48373135784925,98.25664055172246,95.50313726708431,97.19388580322266,701320,0.0,0.0
2011-09-20 00:00:00-04:00,97.09725398247721,101.63811763820198,95.98618940298964,99.22276306152344,933740,0.0,0.0
2011-09-21 00:00:00-04:00,99.12616490631721,102.55597185719387,97.38711377842853,97.48372650146484,917560,0.0,0.0
2011-09-22 00:00:00-04:00,91.88010074801211,91.88010074801211,87.09770089938742,88.49860382080078,967200,0.0,0.0
2011-09-23 00:00:00-04:00,84.77895607575086,86.71123997491327,82.17037576031284,83.28143310546875,922760,0.0,0.0
2011-09-26 00:00:00-04:00,82.75005516779605,86.27647457524648,81.25253227511452,85.79340362548828,929620,0.0,0.0
2011-09-27 00:00:00-04:00,89.46475085831499,89.65798368772796,86.03495106087061,86.42140197753906,845420,0.0,0.0
2011-09-28 00:00:00-04:00,86.32479090722839,87.33924301067411,81.63900342733108,81.88053894042969,838900,0.0,0.0
2011-09-29 00:00:00-04:00,83.66789173153887,84.87556917388521,80.96269868332996,81.92884063720703,745460,0.0,0.0
2011-09-30 00:00:00-04:00,82.02546114747825,84.58573904259092,80.57624807904605,82.79837036132812,557400,0.0,0.0
2011-10-03 00:00:00-04:00,84.48911937135604,85.40695874201707,79.51349370793433,79.65840911865234,804280,0.0,0.0
2011-10-04 00:00:00-04:00,78.4990370648462,78.4990370648462,73.57171436637617,76.80828857421875,1320000,0.0,0.0
2011-10-05 00:00:00-04:00,76.80829209686586,81.63900229163728,75.79384000753234,81.05931854248047,924540,0.0,0.0
2011-10-06 00:00:00-04:00,80.6728550326776,82.79836443241264,79.8516358269199,82.70175170898438,644180,0.0,0.0
2011-10-07 00:00:00-04:00,83.47466956097928,84.10266332982918,78.93379777713096,79.94824981689453,619860,0.0,0.0
2011-10-10 00:00:00-04:00,81.73561229351127,84.6823483624104,81.25254129015592,84.34420013427734,521960,0.0,0.0
2011-10-11 00:00:00-04:00,83.47466162790506,84.68233900281378,82.36359696877352,84.44080352783203,483400,0.0,0.0
2011-10-12 00:00:00-04:00,86.27646944077273,86.32477211022733,83.18481112366393,84.73063659667969,538820,0.0,0.0
2011-10-13 00:00:00-04:00,84.3441933788483,84.3441933788483,81.30084482724652,81.59068298339844,558340,0.0,0.0
2011-10-14 00:00:00-04:00,83.23313043063655,83.66789135951684,81.49407197295913,83.28143310546875,404000,0.0,0.0
2011-10-17 00:00:00-04:00,83.66789258178734,84.87557003640632,81.97714414532076,82.31529235839844,475920,0.0,0.0
2011-10-18 00:00:00-04:00,81.97714390285678,85.69678897786599,79.03041534494895,85.02049255371094,818580,0.0,0.0
2011-10-19 00:00:00-04:00,85.06880351273946,85.11710618865258,79.7550226711302,80.04486083984375,724940,0.0,0.0
2011-10-20 00:00:00-04:00,79.70670657127235,80.28639023575697,76.47013268774532,79.51348114013672,669100,0.0,0.0
2011-10-21 00:00:00-04:00,82.60514131433824,83.71620609278189,80.67285730698529,82.1220703125,601080,0.0,0.0
2011-10-24 00:00:00-04:00,83.28142882527304,84.92387447779551,83.0398933502913,84.44080352783203,510320,0.0,0.0
2011-10-25 00:00:00-04:00,84.2475809672264,89.75459488894754,82.07376142811826,88.74014282226562,1125280,0.0,0.0
2011-10-26 00:00:00-04:00,90.09273287929996,90.38257839999692,86.95277167975331,90.23765563964844,985440,0.0,0.0
2011-10-27 00:00:00-04:00,92.26656478605634,92.74963580587863,90.2376679770185,91.73518371582031,705400,0.0,0.0
2011-10-28 00:00:00-04:00,90.96225813495612,95.5514319972877,90.33426444800051,94.97174835205078,899040,0.0,0.0
2011-10-31 00:00:00-04:00,93.71577242102,94.34376618465488,90.57581097392396,91.1554946899414,610620,0.0,0.0
2011-11-01 00:00:00-04:00,87.09768849871766,92.16993316736587,85.64847573624674,91.4936294555664,838720,0.0,0.0
2011-11-02 00:00:00-04:00,93.08777677808915,95.30990624421946,91.78348660061188,94.3920669555664,800780,0.0,0.0
2011-11-03 00:00:00-04:00,95.69635129307618,96.08280212855018,92.36315755403383,93.81237030029297,1091440,0.0,0.0
2011-11-04 00:00:00-04:00,92.74962380441953,93.03946932723947,89.56135253771147,91.54194641113281,829140,0.0,0.0
2011-11-07 00:00:00-05:00,91.83179380228599,93.71576762571188,91.59025831871456,93.6674575805664,650360,0.0,0.0
2011-11-08 00:00:00-05:00,93.71577113636695,95.35820953774827,92.70131911893374,93.90899658203125,561160,0.0,0.0
2011-11-09 00:00:00-05:00,92.74961679813879,95.50311957261808,91.2037913257186,91.4936294555664,611800,0.0,0.0
2011-11-10 00:00:00-05:00,91.68686391835595,92.16993484798789,88.59520554606515,90.04441833496094,609360,0.0,0.0
2011-11-11 00:00:00-05:00,90.81734747430312,94.00561900427918,90.57581197570124,93.32931518554688,404220,0.0,0.0
2011-11-14 00:00:00-05:00,93.61915300180152,94.29544939361095,90.91395269240816,91.54194641113281,434060,0.0,0.0
2011-11-15 00:00:00-05:00,91.30041802227274,92.84624373150294,90.285965984705,92.45978546142578,374500,0.0,0.0
2011-11-16 00:00:00-05:00,91.20380716535546,93.47423941332384,90.86565893626715,91.01057434082031,437600,0.0,0.0
2011-11-17 00:00:00-05:00,90.57580648040094,90.67241919976443,83.32974196196886,84.24757385253906,827020,0.0,0.0
2011-11-18 00:00:00-05:00,85.26203127599165,85.50356677535706,82.17037983254572,83.03990173339844,656500,0.0,0.0
2011-11-21 00:00:00-05:00,81.54238956195762,81.54238956195762,78.64396344509476,81.05931854248047,626100,0.0,0.0
2011-11-22 00:00:00-05:00,81.88052728121316,85.11710122165321,81.30084360653518,83.909423828125,683480,0.0,0.0
2011-11-23 00:00:00-05:00,82.26699080581693,82.94328724120382,80.23809412857796,80.91439056396484,593420,0.0,0.0
2011-11-25 00:00:00-05:00,79.12703112159404,80.8177796183329,78.78888289646197,79.0304183959961,279140,0.0,0.0
2011-11-28 00:00:00-05:00,81.54237887467747,83.03989441613878,81.25253335254801,81.68730163574219,433440,0.0,0.0
2011-11-29 00:00:00-05:00,81.73562025379067,82.89499519740285,80.62455536365037,81.2042465209961,509220,0.0,0.0
2011-11-30 00:00:00-05:00,84.29589380592883,87.3392427356022,82.36360970722558,87.24263000488281,633340,0.0,0.0
2011-12-01 00:00:00-05:00,87.82231042016136,88.98167788685791,86.80785835849292,87.87061309814453,560400,0.0,0.0
2011-12-02 00:00:00-05:00,89.1266026871401,89.27152546653821,83.90943422636006,84.19927978515625,469620,0.0,0.0
2011-12-05 00:00:00-05:00,84.5374222017782,86.32478336840015,82.31529272690015,82.75006103515625,564660,0.0,0.0
2011-12-06 00:00:00-05:00,82.41190892662554,83.37805084899594,79.80332131357875,82.0737533569336,1068600,0.0,0.0
2011-12-07 00:00:00-05:00,82.21868212506135,82.36360489821818,79.32025614623842,80.38301086425781,785440,0.0,0.0
2011-12-08 00:00:00-05:00,79.70671019103759,79.70671019103759,77.53289082219112,78.40242004394531,686360,0.0,0.0
2011-12-09 00:00:00-05:00,78.35410881905871,79.80332170980978,77.77442513697386,79.36856079101562,504400,0.0,0.0
2011-12-12 00:00:00-05:00,76.66335706537751,76.66335706537751,74.92430609582159,76.42182159423828,677700,0.0,0.0
2011-12-13 00:00:00-05:00,76.5184305406874,77.87103058668019,73.909850529262,74.3929214477539,660080,0.0,0.0
2011-12-14 00:00:00-05:00,72.26742755449614,72.70218852414924,68.11301383325609,71.25297546386719,1464440,0.0,0.0
2011-12-15 00:00:00-05:00,72.02589088068663,73.57171664579495,69.70714854748482,70.43175506591797,787940,0.0,0.0
2011-12-16 00:00:00-05:00,71.10804902402248,72.55726200972026,70.86651352640618,72.3640365600586,896640,0.0,0.0
2011-12-19 00:00:00-05:00,66.76041040933923,67.43671422878063,62.0263131575632,62.50938415527344,2096700,0.0,0.0
2011-12-20 00:00:00-05:00,64.20013292880778,65.79426870245831,63.76537197739331,64.73151397705078,875320,0.0,0.0
2011-12-21 00:00:00-05:00,64.8281248623206,67.05025434687761,64.63489941630621,66.18072509765625,837620,0.0,0.0
2011-12-22 00:00:00-05:00,66.08410713197763,67.6299326906922,64.44166148684278,67.38839721679688,780580,0.0,0.0
2011-12-23 00:00:00-05:00,67.67825030811208,69.32068876598271,67.53332753334031,69.17576599121094,621200,0.0,0.0
2011-12-27 00:00:00-05:00,68.40285333076372,68.74100154064155,65.2628919784674,65.35950469970703,510540,0.0,0.0
2011-12-28 00:00:00-05:00,66.18072412222496,66.2773368438082,63.81367927358395,64.44166564941406,730680,0.0,0.0
2011-12-29 00:00:00-05:00,63.76536734605627,65.50442576756171,62.50937988929368,65.45611572265625,632680,0.0,0.0
2011-12-30 00:00:00-05:00,66.03579400170402,67.48500677732771,65.21457490306607,66.2290267944336,499440,0.0,0.0
2012-01-03 00:00:00-05:00,68.30623998764945,71.25297618862763,68.30623998764945,71.20466613769531,695360,0.0,0.0
2012-01-04 00:00:00-05:00,71.2046608243534,71.97757735512161,70.04529339927942,70.6249771118164,743500,0.0,0.0
2012-01-05 00:00:00-05:00,70.67328545967808,71.30127920444123,69.4172979701518,70.72158813476562,534320,0.0,0.0
2012-01-06 00:00:00-05:00,70.6732831160571,71.59111499414337,69.07914746946916,69.51390838623047,461460,0.0,0.0
2012-01-09 00:00:00-05:00,69.99697934755542,70.81820587867018,68.64438655270786,69.51390838623047,615840,0.0,0.0
2012-01-10 00:00:00-05:00,71.44618612379116,71.68772158380544,69.2240643143062,69.41728973388672,625560,0.0,0.0
2012-01-11 00:00:00-05:00,69.65883528035681,70.04529354655347,68.20962231042812,69.27237701416016,641880,0.0,0.0
2012-01-12 00:00:00-05:00,69.7554346715783,70.57666109443718,67.96807382450537,68.25791931152344,629120,0.0,0.0
2012-01-13 00:00:00-05:00,67.58162617253173,67.82316165902553,66.27733601968087,67.62993621826172,504040,0.0,0.0
2012-01-17 00:00:00-05:00,68.69269690120207,69.12746523761777,67.24348385530718,67.72655487060547,503100,0.0,0.0
2012-01-18 00:00:00-05:00,67.29178872785816,68.69269161600668,67.29178872785816,67.58162689208984,506740,0.0,0.0
2012-01-19 00:00:00-05:00,67.77485908757858,68.2096200154982,65.79426514688228,66.27733612060547,498340,0.0,0.0
2012-01-20 00:00:00-05:00,65.74596549399722,66.9053329357889,65.06966167705338,65.64934539794922,528760,0.0,0.0
2012-01-23 00:00:00-05:00,66.32565373145859,66.90533749182904,65.35951167381485,65.84258270263672,615100,0.0,0.0
2012-01-24 00:00:00-05:00,65.40781708949763,65.74597272067822,64.00691399575801,64.34506225585938,503880,0.0,0.0
2012-01-25 00:00:00-05:00,63.910293830865,68.20962271897318,63.040764569484026,67.91978454589844,1366820,0.0,0.0
2012-01-26 00:00:00-05:00,69.56221531305212,70.48004715000164,67.87146702419322,68.35453796386719,1041920,0.0,0.0
2012-01-27 00:00:00-05:00,69.18102026990834,73.94542079857331,68.30592508411091,73.16755676269531,993200,0.45,0.0
2012-01-30 00:00:00-05:00,71.75768683750952,73.07032591245859,70.88259164812307,72.0979995727539,695060,0.0,0.0
2012-01-31 00:00:00-05:00,73.84817597051847,74.23710795548894,71.85491160221825,73.4592514038086,735440,0.0,0.0
2012-02-01 00:00:00-05:00,74.33434535560771,74.62604622345992,72.92447513693152,73.70233917236328,617200,0.0,0.0
2012-02-02 00:00:00-05:00,73.99403487951871,75.9386876091684,73.50787169710628,75.35529327392578,681780,0.0,0.0
2012-02-03 00:00:00-05:00,74.18850640063543,74.334349424283,71.41737025914549,71.7576904296875,700700,0.0,0.0
2012-02-06 00:00:00-05:00,70.83397958770503,71.8549253158187,70.39643565752033,70.88259887695312,426440,0.0,0.0
2012-02-07 00:00:00-05:00,71.36876001209426,71.66045348427795,69.61856950594492,70.4450454711914,532780,0.0,0.0
2012-02-08 00:00:00-05:00,70.63950315506462,71.17427813864757,68.25729940479708,68.35453796386719,539820,0.0,0.0
2012-02-09 00:00:00-05:00,69.22962929258931,69.52133014862918,67.33359598311287,67.47944641113281,659940,0.0,0.0
2012-02-10 00:00:00-05:00,66.02096566695768,66.31265914317272,65.34033271926543,65.4861831665039,594960,0.0,0.0
2012-02-13 00:00:00-05:00,66.21542758993769,66.40989732451769,64.5138563582375,64.80555725097656,565360,0.0,0.0
2012-02-14 00:00:00-05:00,64.80554527981708,65.14585797964071,62.56919196395805,63.59013748168945,754720,0.0,0.0
2012-02-15 00:00:00-05:00,64.4166107501362,65.5347873637906,64.1249099228315,64.9513931274414,711740,0.0,0.0
2012-02-16 00:00:00-05:00,64.27077827073481,66.75021373991093,63.687383871594044,66.2154312133789,590500,0.0,0.0
2012-02-17 00:00:00-05:00,67.0905146862748,67.0905146862748,64.7569300831,65.87510681152344,471120,0.0,0.0
2012-02-21 00:00:00-05:00,66.45850690719817,70.20196200444964,66.45850690719817,70.00749969482422,1097580,0.0,0.0
2012-02-22 00:00:00-05:00,69.86165208356228,72.04938653765042,68.79209450077157,71.80630493164062,1095920,0.0,0.0
2012-02-23 00:00:00-05:00,71.90353600008338,73.16756331705149,71.56322323574948,72.3410873413086,1031600,0.0,0.0
2012-02-24 00:00:00-05:00,73.50787499811835,74.33435096168166,72.7300183222842,73.2647933959961,803780,0.0,0.0
2012-02-27 00:00:00-05:00,72.73001612198698,74.82051190238532,71.85492089716871,73.89680480957031,840080,0.0,0.0
2012-02-28 00:00:00-05:00,74.38297231188454,75.59838035619639,73.8968090941598,75.45252990722656,836980,0.0,0.0
2012-02-29 00:00:00-05:00,75.74421858222593,76.52207515410461,72.19522618188834,74.43157958984375,1525780,0.0,0.0
2012-03-01 00:00:00-05:00,74.62604379034661,75.69560124049742,73.60509820441207,74.86912536621094,683080,0.0,0.0
2012-03-02 00:00:00-05:00,74.43158058067408,74.82050516266038,72.24384642482715,72.43830871582031,619520,0.0,0.0
2012-03-05 00:00:00-05:00,71.85492655156634,72.00077700355688,68.54901511891651,69.42411041259766,822700,0.0,0.0
2012-03-06 00:00:00-05:00,67.47945087201198,68.5490083844288,66.55573637899546,68.5003890991211,772160,0.0,0.0
2012-03-07 00:00:00-05:00,68.30593508011891,68.9379487744771,67.0905269826079,68.64624786376953,657640,0.0,0.0
2012-03-08 00:00:00-05:00,69.86165884966292,69.9588900178313,68.45178836556494,68.69486999511719,554940,0.0,0.0
2012-03-09 00:00:00-05:00,68.79208515585118,70.49365616677329,68.30592200987343,69.08378601074219,652320,0.0,0.0
2012-03-12 00:00:00-04:00,68.74346587394905,69.61856102036117,68.01422115498242,69.08378601074219,594540,0.0,0.0
2012-03-13 00:00:00-04:00,68.11145831717593,70.25057314815453,68.11145831717593,68.79208374023438,591140,0.0,0.0
2012-03-14 00:00:00-04:00,67.33361200871295,67.62531293417851,64.41663242710806,65.34033966064453,1258740,0.0,0.0
2012-03-15 00:00:00-04:00,65.14585259103522,66.7015729603035,65.14585259103522,65.43755340576172,784260,0.0,0.0
2012-03-16 00:00:00-04:00,65.29171061775759,65.63202332914545,63.881833073063945,64.90277862548828,1745320,0.0,0.0
2012-03-19 00:00:00-04:00,65.58341912728196,65.77788887725968,64.17354867668995,64.22216796875,576780,0.0,0.0
2012-03-20 00:00:00-04:00,63.347063044377535,64.61108284559178,62.37473669655366,63.78460693359375,906000,0.0,0.0
2012-03-21 00:00:00-04:00,64.3193828829447,64.65969558659043,63.49290705458776,63.73598861694336,779300,0.0,0.0
2012-03-22 00:00:00-04:00,62.22888491070469,63.34706167009615,61.985803329022254,62.61781692504883,692500,0.0,0.0
2012-03-23 00:00:00-04:00,62.95813207484004,65.87511116711062,62.374737740038206,65.14586639404297,887920,0.0,0.0
2012-03-26 00:00:00-04:00,66.60436328556018,67.67392092036198,66.06958075902814,66.2154312133789,836140,0.0,0.0
2012-03-27 00:00:00-04:00,66.79881529034529,66.79881529034529,65.48617624055025,65.63202667236328,855040,0.0,0.0
2012-03-28 00:00:00-04:00,65.14587564362935,65.72927006126308,63.54153543143971,64.36801147460938,483600,0.0,0.0
2012-03-29 00:00:00-04:00,63.979077724439314,65.2917168323088,62.8609009220833,65.14586639404297,689220,0.0,0.0
2012-03-30 00:00:00-04:00,65.58341249955542,66.9932902259305,65.58341249955542,66.79882049560547,605400,0.0,0.0
2012-04-02 00:00:00-04:00,66.75021030099522,68.35455037967478,66.3612782488514,68.3059310913086,654500,0.0,0.0
2012-04-03 00:00:00-04:00,68.40316004047247,68.40316004047247,66.26404495016413,66.6529769897461,1338860,0.0,0.0
2012-04-04 00:00:00-04:00,64.65970119141612,65.0000139245608,62.1802697822932,63.29844284057617,1042520,0.0,0.0
2012-04-05 00:00:00-04:00,63.881833065590996,65.29171061011971,62.180265799720345,62.423343658447266,764500,0.0,0.0
2012-04-09 00:00:00-04:00,62.66643099684506,62.909512587086134,61.49964233099245,61.98580551147461,601380,0.0,0.0
2012-04-10 00:00:00-04:00,61.8399564587912,62.47197009122635,60.47870174842972,62.27750778198242,813580,0.0,0.0
2012-04-11 00:00:00-04:00,63.24982980973493,63.39567282249524,62.18026863688269,62.47196578979492,577820,0.0,0.0
2012-04-12 00:00:00-04:00,63.63875890805988,70.49366288714938,63.34706544362174,70.00749969482422,2283640,0.0,0.0
2012-04-13 00:00:00-04:00,70.29919148483846,71.51459930844727,68.5976205317861,70.25057220458984,1576120,0.0,0.0
2012-04-16 00:00:00-04:00,70.49366175865529,70.97982494319774,68.35454671397311,69.18102264404297,773600,0.0,0.0
2012-04-17 00:00:00-04:00,69.76441995116767,71.56322232688339,69.37548790332761,70.4450454711914,691100,0.0,0.0
2012-04-18 00:00:00-04:00,69.95887640874625,70.10472684175787,68.35454390040198,69.13240051269531,661820,0.0,0.0
2012-04-19 00:00:00-04:00,69.42409443698268,70.59088294788575,68.84070018153115,69.27824401855469,683960,0.0,0.0
2012-04-20 00:00:00-04:00,69.66717982981373,70.34780526226255,67.67390797751804,67.86837768554688,510720,0.0,0.0
2012-04-23 00:00:00-04:00,66.31265367586872,66.4585041110822,63.29844349392219,63.97907638549805,1327680,0.0,0.0
2012-04-24 00:00:00-04:00,64.65970133357912,65.29171493552951,64.02768773162873,64.70832061767578,849700,0.0,0.0
2012-04-25 00:00:00-04:00,65.29172414741784,68.30593473014919,65.00002323820482,67.96562194824219,964920,0.0,0.0
2012-04-26 00:00:00-04:00,68.79208515585118,69.5213298748178,68.20869086433007,69.08378601074219,810420,0.0,0.0
2012-04-27 00:00:00-04:00,69.8616478627629,69.95887901564005,68.93794078303762,69.7157974243164,585100,0.0,0.0
2012-04-30 00:00:00-04:00,69.1323971645784,69.61856030556456,68.06283973806104,68.93793487548828,646520,0.0,0.0
2012-05-01 00:00:00-04:00,69.27825603079289,69.42410647451005,67.67391598642745,68.54901123046875,543760,0.0,0.0
2012-05-02 00:00:00-04:00,67.77114058384483,68.062841443048,66.7502024131557,67.09051513671875,522380,0.0,0.0
2012-05-03 00:00:00-04:00,66.3126472433043,66.45849766436977,62.76366236752095,63.73598861694336,1097740,0.0,0.0
2012-05-04 00:00:00-04:00,63.97908067931455,66.06957652404891,63.20121658481215,64.12492370605469,782580,0.0,0.0
2012-05-07 00:00:00-04:00,63.78460020778827,64.31938261000548,61.985798137642135,62.32611083984375,723700,0.0,0.0
2012-05-08 00:00:00-04:00,60.770392679128314,60.91624310521039,56.63800597694759,56.73523712158203,1701260,0.0,0.0
2012-05-09 00:00:00-04:00,54.88782326240812,59.74945501799554,54.88782326240812,57.61033630371094,1449340,0.0,0.0
2012-05-10 00:00:00-04:00,58.67989638858786,59.79807322523234,56.92970962138284,57.318641662597656,975740,0.0,0.0
2012-05-11 00:00:00-04:00,56.83247392353913,57.65894980865434,55.276749592145656,55.76291275024414,1011900,0.0,0.0
2012-05-14 00:00:00-04:00,54.5475104770496,54.839211369277876,52.99178969444309,53.0404052734375,954100,0.0,0.0
2012-05-15 00:00:00-04:00,52.943171914412105,54.20719546137129,49.58864517542486,49.977577209472656,1393200,0.0,0.0
2012-05-16 00:00:00-04:00,49.63725626009727,52.359769124645034,49.58864068752382,49.831722259521484,1333900,0.0,0.0
2012-05-17 00:00:00-04:00,51.04713265810238,53.7210300830506,50.8526666490073,52.359771728515625,1606120,0.0,0.0
2012-05-18 00:00:00-04:00,53.96410726090616,55.17951508209774,52.79731501073618,53.089012145996094,1224060,0.0,0.0
2012-05-21 00:00:00-04:00,53.38072271982974,54.59613076254781,52.99179066250757,54.40166473388672,495060,0.0,0.0
2012-05-22 00:00:00-04:00,54.353047574646475,55.13090795755724,53.23487072418476,53.769649505615234,762900,0.0,0.0
2012-05-23 00:00:00-04:00,53.04041053808632,55.422611236572266,50.8526758840111,55.422611236572266,1635220,0.0,0.0
2012-05-24 00:00:00-04:00,56.83248011326906,57.07556171879276,54.985058427636496,56.5407829284668,1284080,0.0,0.0
2012-05-25 00:00:00-04:00,56.92970456262549,57.46448328992745,56.05461311134877,56.492156982421875,701000,0.0,0.0
2012-05-29 00:00:00-04:00,57.658951103913815,58.53404629180157,56.15184602177877,56.589393615722656,1109760,0.0,0.0
2012-05-30 00:00:00-04:00,55.27675065575717,56.29769627471302,52.74870366865366,55.714298248291016,1188200,0.0,0.0
2012-05-31 00:00:00-04:00,55.76291332056838,56.346311341731685,52.60285276060819,53.62379837036133,1042160,0.0,0.0
2012-06-01 00:00:00-04:00,54.93643733316957,56.44354239428882,54.69335575204936,55.568450927734375,1323420,0.0,0.0
2012-06-04 00:00:00-04:00,56.103229659175625,58.3881950378418,55.5198316390628,58.3881950378418,1113240,0.0,0.0
2012-06-05 00:00:00-04:00,58.19373138619005,59.068826597208385,57.56172147523745,58.63127899169922,944380,0.0,0.0
2012-06-06 00:00:00-04:00,60.52731812311745,61.59687567457241,59.603607305516796,60.478702545166016,1312080,0.0,0.0
2012-06-07 00:00:00-04:00,61.59687116650534,61.59687116650534,57.902031875646394,58.3881950378418,966420,0.0,0.0
2012-06-08 00:00:00-04:00,57.31863989116095,57.51310590575837,56.15184751270712,57.221405029296875,1188140,0.0,0.0
2012-06-11 00:00:00-04:00,58.04787455571308,58.19372125941565,56.39491928317336,56.44353485107422,612140,0.0,0.0
2012-06-12 00:00:00-04:00,57.70756851714146,59.16605807065773,57.270024618391176,58.971595764160156,595820,0.0,0.0
2012-06-13 00:00:00-04:00,59.40914272427948,60.721785615563405,58.77713277733323,60.23562240600586,1125080,0.0,0.0
2012-06-14 00:00:00-04:00,60.721779799653476,61.88857213266282,60.23561663666046,61.207942962646484,1147180,0.0,0.0
2012-06-15 00:00:00-04:00,61.305176261898374,63.687376585946964,60.332849901807585,62.52058792114258,2662300,0.0,0.0
2012-06-18 00:00:00-04:00,61.59687239237449,64.12491940245025,61.30517523107816,63.97907638549805,886340,0.0,0.0
2012-06-19 00:00:00-04:00,64.2707706463865,64.51385223538058,62.47196837148246,63.055362701416016,775860,0.0,0.0
2012-06-20 00:00:00-04:00,62.66643281345989,64.5624737232608,61.791341288702725,62.958133697509766,886180,0.0,0.0
2012-06-21 00:00:00-04:00,61.54825713420025,61.839954296999835,59.457757709861006,59.554988861083984,1074500,0.0,0.0
2012-06-22 00:00:00-04:00,60.28423798513543,61.013482799471745,58.825748356462796,60.23562240600586,619860,0.0,0.0
2012-06-25 00:00:00-04:00,59.020214086207275,60.23562210400755,58.48543530020134,59.89530563354492,696220,0.0,0.0
2012-06-26 00:00:00-04:00,59.55499101191221,59.7980726078792,58.582664628044256,59.457759857177734,539260,0.0,0.0
2012-06-27 00:00:00-04:00,59.65221487107828,59.94391571786779,57.80479719315,59.26328659057617,637220,0.0,0.0
2012-06-28 00:00:00-04:00,58.43681335449219,59.16605813200647,57.07555866194397,58.43681335449219,625560,0.0,0.0
2012-06-29 00:00:00-04:00,60.673169732241824,61.013482493573534,59.020214086207275,59.89530563354492,738240,0.0,0.0
2012-07-02 00:00:00-04:00,59.409139898124415,61.74272467664192,59.36052432130754,61.59687423706055,394400,0.0,0.0
2012-07-03 00:00:00-04:00,62.812288032898635,63.34707055491099,62.13166247603036,62.90951919555664,527060,0.0,0.0
2012-07-05 00:00:00-04:00,60.2842323527157,61.01347709891791,59.21467487527136,60.67316436767578,974560,0.0,0.0
2012-07-06 00:00:00-04:00,59.749460174209254,60.57593616032945,59.02021534793932,59.311912536621094,804200,0.0,0.0
2012-07-09 00:00:00-04:00,59.214676655559565,59.45775824493521,58.04788428473032,58.82574462890625,552620,0.0,0.0
2012-07-10 00:00:00-04:00,59.3119046496424,59.79806780250832,55.033667420770094,55.6170654296875,801200,0.0,0.0
2012-07-11 00:00:00-04:00,55.471217888589145,55.61706832569563,52.31115723041474,53.721031188964844,1254980,0.0,0.0
2012-07-12 00:00:00-04:00,52.99178641779146,53.08901756976816,50.75543654015117,52.3111572265625,1229080,0.0,0.0
2012-07-13 00:00:00-04:00,52.845933921139526,52.99178435255106,51.72776088046311,52.408390045166016,526240,0.0,0.0
2012-07-16 00:00:00-04:00,52.70009012289511,52.70009012289511,51.290216141169516,51.9222297668457,493300,0.0,0.0
2012-07-17 00:00:00-04:00,51.776369693395445,51.776369693395445,49.97756772291073,50.41511154174805,670120,0.0,0.0
2012-07-18 00:00:00-04:00,50.17204353021759,50.658206757096174,49.78311517419336,50.317893981933594,385420,0.0,0.0
2012-07-19 00:00:00-04:00,50.85266876220703,51.67914840792313,50.56097159100814,50.85266876220703,381580,0.0,0.0
2012-07-20 00:00:00-04:00,49.92895162176597,51.09574386751611,49.83172048009108,50.26926803588867,517960,0.0,0.0
2012-07-23 00:00:00-04:00,49.15109461346078,49.15109461346078,47.5467584148793,47.64398956298828,873280,0.0,0.0
2012-07-24 00:00:00-04:00,49.58863973382659,50.026187296833484,48.56769789289741,49.345558166503906,921400,0.0,0.0
2012-07-25 00:00:00-04:00,50.755437397622465,51.04713456761123,49.54002943172696,50.51235580444336,679720,0.0,0.0
2012-07-26 00:00:00-04:00,51.192985007170996,51.48468217715977,49.29694783854786,50.51235580444336,812680,0.0,0.0
2012-07-27 00:00:00-04:00,48.51908603382328,54.353044095968094,48.51908603382328,53.57518005371094,1189760,0.0,0.0
2012-07-30 00:00:00-04:00,53.72103386093342,55.47122064760824,53.72103386093342,55.17952346801758,760000,0.0,0.0
2012-07-31 00:00:00-04:00,55.082288047808355,55.32536963017444,52.213924634062366,52.554237365722656,823580,0.0,0.0
2012-08-01 00:00:00-04:00,52.651477717766056,52.84594003664452,50.12342677190528,51.77638244628906,884600,0.0,0.0
2012-08-02 00:00:00-04:00,51.3874443841943,52.991784291345986,50.70681892940806,50.99851608276367,731360,0.0,0.0
2012-08-03 00:00:00-04:00,52.55423532966845,53.42933047593571,51.97084103824391,52.65147018432617,759980,0.0,0.0
2012-08-06 00:00:00-04:00,53.234865885991894,55.17951852109662,52.9917843066038,53.818260192871094,568080,0.0,0.0
2012-08-07 00:00:00-04:00,54.45027276413887,57.07555451423595,54.3530416178551,55.81153106689453,936240,0.0,0.0
2012-08-08 00:00:00-04:00,56.10476382381824,56.788965259611146,54.14989405613981,54.39425277709961,716340,0.3,0.0
2012-08-09 00:00:00-04:00,54.54086979240091,55.95815122415114,54.05215231446073,55.420562744140625,310620,0.0,0.0
2012-08-10 00:00:00-04:00,55.225073671339956,56.15363760268793,55.02958593916907,55.909278869628906,321780,0.0,0.0
2012-08-13 00:00:00-04:00,55.95814711646696,56.935582000597385,55.12732895640337,55.22507095336914,444700,0.0,0.0
2012-08-14 00:00:00-04:00,54.980715548828876,55.762662757577424,54.63861481019463,54.83409881591797,328120,0.0,0.0
2012-08-15 00:00:00-04:00,54.93184632247978,55.71379355649638,54.68748757881094,55.567176818847656,290960,0.0,0.0
2012-08-16 00:00:00-04:00,56.00701873348709,58.20624724706866,55.56717228504713,58.10850524902344,617960,0.0,0.0
2012-08-17 00:00:00-04:00,57.52204537564605,58.20625058707858,57.17994463423901,57.717533111572266,457040,0.0,0.0
2012-08-20 00:00:00-04:00,58.108502518853825,58.64609094008096,57.277680660031855,58.2551155090332,415080,0.0,0.0
2012-08-21 00:00:00-04:00,59.86788548321363,62.360343643321755,59.623526766955614,61.33403778076172,1092440,0.0,0.0
2012-08-22 00:00:00-04:00,61.48065683551847,64.55957826867999,61.08968138321857,64.1197280883789,1257980,0.0,0.0
2012-08-23 00:00:00-04:00,66.0745992691248,66.41670000055025,63.38665323226721,63.631011962890625,1173380,0.0,0.0
2012-08-24 00:00:00-04:00,63.6798915138184,64.07086700386827,62.80019852551548,63.582149505615234,519640,0.0,0.0
2012-08-27 00:00:00-04:00,63.728753817748384,63.875370547234006,61.72501670556708,62.60470962524414,662940,0.0,0.0
2012-08-28 00:00:00-04:00,62.99567478961213,63.48439222772313,62.45809008203182,62.75131607055664,378180,0.0,0.0
2012-08-29 00:00:00-04:00,62.99567846091577,63.48439592750856,62.164860259155375,62.55583572387695,505100,0.0,0.0
2012-08-30 00:00:00-04:00,62.360348903637345,63.24003811920022,61.82276042824584,62.50696563720703,528020,0.0,0.0
2012-08-31 00:00:00-04:00,63.679878860422924,65.68361573076913,62.75131132390916,64.90167236328125,1010240,0.0,0.0
2012-09-04 00:00:00-04:00,65.39039612314629,66.3678310204811,64.11972777371645,66.2212142944336,729820,0.0,0.0
2012-09-05 00:00:00-04:00,66.27008902219491,66.709931743101,64.80393667619269,66.2212142944336,469440,0.0,0.0
2012-09-06 00:00:00-04:00,67.29638589620058,67.49187733463113,66.41669306635278,67.34526062011719,641720,0.0,0.0
2012-09-07 00:00:00-04:00,69.49561043223609,71.93919734938389,68.42043368013816,71.74371337890625,1534880,0.0,0.0
2012-09-10 00:00:00-04:00,71.743721778028,71.79258904775064,68.71367513748072,69.202392578125,737880,0.0,0.0
2012-09-11 00:00:00-04:00,70.27757261313508,71.79259227284892,69.7888551505364,71.10839080810547,890260,0.0,0.0
2012-09-12 00:00:00-04:00,71.15726504358625,71.69484977437313,68.8114197479403,70.71741485595703,958580,0.0,0.0
2012-09-13 00:00:00-04:00,70.52193445982202,74.18731559123442,69.00690727594343,73.84521484375,1724860,0.0,0.0
2012-09-14 00:00:00-04:00,75.16474647106351,77.11961630148267,74.28505355592758,76.9729995727539,1678780,0.0,0.0
2012-09-17 00:00:00-04:00,77.46171123576615,78.73237951337974,75.4090995588208,77.70606994628906,1213080,0.0,0.0
2012-09-18 00:00:00-04:00,76.72862448128434,78.63461917658785,75.99554845120838,76.19103240966797,1557300,0.0,0.0
2012-09-19 00:00:00-04:00,77.16848766669936,79.17223233207254,76.1421854256258,77.99931335449219,1200560,0.0,0.0
2012-09-20 00:00:00-04:00,77.02187297275937,77.46171569412162,74.96925372043826,76.63089752197266,1636580,0.0,0.0
2012-09-21 00:00:00-04:00,78.39027996509938,78.9767469005746,75.94669259140879,75.99556732177734,2746060,0.0,0.0
2012-09-24 00:00:00-04:00,74.38280182276154,75.36023682032014,72.77003258534242,73.30762481689453,964920,0.0,0.0
2012-09-25 00:00:00-04:00,74.77377366046517,75.3113658657554,71.74372680750153,71.84146881103516,1136880,0.0,0.0
2012-09-26 00:00:00-04:00,70.47305171446708,72.03694599457965,68.90915743435448,71.79258728027344,1502500,0.0,0.0
2012-09-27 00:00:00-04:00,72.62341086324288,74.18730510004008,71.59710130868814,73.99181365966797,752160,0.0,0.0
2012-09-28 00:00:00-04:00,73.79633595809881,74.96925487122694,72.91664304463441,74.48053741455078,803360,0.0,0.0
2012-10-01 00:00:00-04:00,75.55571694787086,76.63089379227712,74.4805326462285,75.16474151611328,973360,0.0,0.0
2012-10-02 00:00:00-04:00,75.45797065399866,75.50684538147671,73.7963343210549,74.57828521728516,684360,0.0,0.0
2012-10-03 00:00:00-04:00,74.7248864701426,74.87150317961398,72.47679093477846,72.91663360595703,793720,0.0,0.0
2012-10-04 00:00:00-04:00,72.77002242098158,74.33392416442267,72.62341315761564,74.28504943847656,827980,0.0,0.0
2012-10-05 00:00:00-04:00,73.60085114024494,74.18731059029048,72.03694933047487,72.8677749633789,915540,0.0,0.0
2012-10-08 00:00:00-04:00,72.03694833174063,72.525665776209,70.96177144535754,72.08582305908203,397540,0.0,0.0
2012-10-09 00:00:00-04:00,72.96552421420367,73.01439148984308,69.78886046538976,69.98434448242188,795760,0.0,0.0
2012-10-10 00:00:00-04:00,69.15351503802654,69.78884917646621,68.3226969141759,69.3489990234375,1372140,0.0,0.0
2012-10-11 00:00:00-04:00,70.22869691128365,70.76628909559096,69.2512619996242,69.49562072753906,563040,0.0,0.0
2012-10-12 00:00:00-04:00,69.5933595310564,69.78885097875192,68.37156594759519,68.42044067382812,701240,0.0,0.0
2012-10-15 00:00:00-04:00,67.9805962110887,69.39787374840826,67.73623750070698,69.3489990234375,735140,0.0,0.0
2012-10-16 00:00:00-04:00,69.59336141279944,71.4016219310048,69.5444941424814,70.81515502929688,789640,0.0,0.0
2012-10-17 00:00:00-04:00,70.86403075027015,72.67228383658835,70.0820798418553,72.42792510986328,676800,0.0,0.0
2012-10-18 00:00:00-04:00,71.59710214184373,72.03694483763641,69.3489990234375,69.3489990234375,801340,0.0,0.0
2012-10-19 00:00:00-04:00,68.86028344182637,70.86402790336781,68.37156600801003,70.08207702636719,697900,0.0,0.0
2012-10-22 00:00:00-04:00,69.34900755502272,71.01065146438195,69.34900755502272,70.96177673339844,689160,0.0,0.0
2012-10-23 00:00:00-04:00,69.20239340430027,70.27757029510646,68.90915995351838,69.15351867675781,729000,0.0,0.0
2012-10-24 00:00:00-04:00,69.64224020066244,70.1798324061588,67.54075356631789,67.68737030029297,694220,0.0,0.0
2012-10-25 00:00:00-04:00,69.0557798175625,70.71741622821904,68.95803781527154,69.39788055419922,619360,0.0,0.0
2012-10-26 00:00:00-04:00,69.20238750742239,69.64223018887888,67.83397728243936,68.2249526977539,633560,0.0,0.0
2012-10-31 00:00:00-04:00,69.88659584336986,72.62341656558526,68.86028620822995,72.42792510986328,730980,0.0,0.0
2012-11-01 00:00:00-04:00,72.2324437623597,73.55197944365565,71.89034302383656,72.28131103515625,497920,0.0,0.0
2012-11-02 00:00:00-04:00,71.54822795455233,72.33017881654455,69.69110770748398,69.73997497558594,928660,0.0,0.0
2012-11-05 00:00:00-05:00,69.9354727822933,69.9843400548411,68.51818764814512,68.56706237792969,446020,0.0,0.0
2012-11-06 00:00:00-05:00,69.05577943049292,71.597108761997,68.86028796977,71.4993667602539,784280,0.0,0.0
2012-11-07 00:00:00-05:00,71.89034713288828,72.67229065745816,69.54450164470413,72.476806640625,667180,0.0,0.0
2012-11-08 00:00:00-05:00,72.57454669641679,75.16475086457132,71.79259573564812,74.2361831665039,623640,0.0,0.0
2012-11-09 00:00:00-05:00,74.480536586695,74.87151203913751,72.8189002353599,72.8677749633789,511980,0.0,0.0
2012-11-12 00:00:00-05:00,72.72116397904638,73.30762347540218,71.01065276462033,71.30387878417969,439200,0.0,0.0
2012-11-13 00:00:00-05:00,70.61966894109064,73.20987282276474,69.88659279291323,72.18356323242188,478700,0.0,0.0
2012-11-14 00:00:00-05:00,72.3790578453005,72.96551729804554,70.61967202982883,70.76628875732422,604300,0.0,0.0
2012-11-15 00:00:00-05:00,70.5219344476392,71.01065193174308,67.93173029044115,68.86029052734375,796060,0.0,0.0
2012-11-16 00:00:00-05:00,67.8828622573237,69.20240556039676,67.54076147614235,68.90917205810547,678440,0.0,0.0
2012-11-19 00:00:00-05:00,70.57079858008089,72.91664389079611,70.32643984890716,72.77002716064453,701360,0.0,0.0
2012-11-20 00:00:00-05:00,72.96552451493213,73.30762527476692,71.5482392852776,72.03695678710938,638000,0.0,0.0
2012-11-21 00:00:00-05:00,71.84146662041692,74.77377138043394,71.69484989096875,74.04069519042969,675020,0.0,0.0
2012-11-23 00:00:00-05:00,74.77378435267086,76.43542102205726,73.99183329811376,75.40911865234375,452800,0.0,0.0
2012-11-26 00:00:00-05:00,75.06700167977017,75.70232838524373,74.333925520621,75.45796966552734,678160,0.0,0.0
2012-11-27 00:00:00-05:00,75.11587297529772,75.4579737097887,73.01438638165777,73.16100311279297,586840,0.0,0.0
2012-11-28 00:00:00-05:00,71.40162113435592,72.57454001021229,70.86402896620055,72.52566528320312,972180,0.0,0.0
2012-11-29 00:00:00-05:00,72.96552241870221,73.16100643092395,70.03321749195386,70.91291046142578,1033200,0.0,0.0
2012-11-30 00:00:00-05:00,70.66854675807281,71.40162293831324,69.64223712284158,70.76628875732422,683120,0.0,0.0
2012-12-03 00:00:00-05:00,70.61966965155884,71.15726181519186,68.6647999034188,68.81141662597656,663260,0.0,0.0
2012-12-04 00:00:00-05:00,67.93172899824089,69.05578068174549,67.4430115234334,68.5181884765625,802900,0.0,0.0
2012-12-05 00:00:00-05:00,68.37157085890034,68.56706232063853,65.09716531146259,65.24378204345703,1231900,0.0,0.0
2012-12-06 00:00:00-05:00,65.39039351085354,66.56331235790358,65.14603479628177,66.36782836914062,733800,0.0,0.0
2012-12-07 00:00:00-05:00,66.80767457571571,67.29639203048646,65.48813893928195,66.1723403930664,479900,0.0,0.0
2012-12-10 00:00:00-05:00,67.05203617234741,67.19865290649987,65.63475847575963,66.0257339477539,536000,0.0,0.0
2012-12-11 00:00:00-05:00,65.78137739896148,66.07460341978742,65.24378517492494,65.48814392089844,383820,0.0,0.0
2012-12-12 00:00:00-05:00,66.22122590059564,67.78512051897766,65.14604881653537,67.2475357055664,913700,0.0,0.0
2012-12-13 00:00:00-05:00,65.63474480412796,66.41668812800188,64.65731005635907,65.09715270996094,560400,0.0,0.0
2012-12-14 00:00:00-05:00,64.99941443687922,66.22120794133183,64.80393045906109,65.73249053955078,442200,0.0,0.0
2012-12-17 00:00:00-05:00,66.02572585119667,66.5144432669502,64.95054157075013,66.46556854248047,552960,0.0,0.0
2012-12-18 00:00:00-05:00,66.51444081850445,66.70992479471558,62.94680232338389,63.875362396240234,834800,0.0,0.0
2012-12-19 00:00:00-05:00,63.484387638396335,63.5821370847412,61.92049344094333,62.164852142333984,509280,0.0,0.0
2012-12-20 00:00:00-05:00,61.08968817410688,62.11599418970815,60.50322865908292,61.87163543701172,703520,0.0,0.0
2012-12-21 00:00:00-05:00,61.773880457279674,63.14228694789658,61.431776038162035,62.164852142333984,566480,0.0,0.0
2012-12-24 00:00:00-05:00,62.16485396096269,62.70244610264364,61.52952355593118,62.06711196899414,164480,0.0,0.0
2012-12-26 00:00:00-05:00,62.99567023561504,62.99567023561504,61.52952175588902,62.164852142333984,266000,0.0,0.0
2012-12-27 00:00:00-05:00,61.52952175588902,62.89792824650593,61.23629205994382,62.164852142333984,691460,0.0,0.0
2012-12-28 00:00:00-05:00,62.01824293200778,62.55583136205179,61.23629578570576,61.33403778076172,350280,0.0,0.0
2012-12-31 00:00:00-05:00,61.431777089194036,63.191162752202224,61.33403509841267,62.94680404663086,485260,0.0,0.0
2013-01-02 00:00:00-05:00,64.31521477510697,64.9994161729808,64.11972333483162,64.8039321899414,456920,0.0,0.0
2013-01-03 00:00:00-05:00,64.75506451505291,64.80393924475142,61.627271973885165,61.920501708984375,649580,0.0,0.0
2013-01-04 00:00:00-05:00,61.33404692680331,62.067123184892594,60.3566119160176,61.87163543701172,596000,0.0,0.0
2013-01-07 00:00:00-05:00,61.236302547351904,61.822762039680114,60.40548058316533,60.55209732055664,462820,0.0,0.0
2013-01-08 00:00:00-05:00,60.45434802442679,60.84532348202366,59.77014656655972,60.747581481933594,552720,0.0,0.0
2013-01-09 00:00:00-05:00,60.649832338088125,60.89419105317197,59.23255104487817,60.30773162841797,712760,0.0,0.0
2013-01-10 00:00:00-05:00,61.08967976387379,63.04454951631775,61.08967976387379,62.75131607055664,638400,0.0,0.0
2013-01-11 00:00:00-05:00,62.84906588278004,64.07085948503287,62.45809043861187,63.777626037597656,715220,0.0,0.0
2013-01-14 00:00:00-05:00,64.36409117389996,65.1949094055436,63.63101494764315,63.67988967895508,469360,0.0,0.0
2013-01-15 00:00:00-05:00,63.973111361611885,65.14603771851158,63.288909913014436,64.1197280883789,534320,0.0,0.0
2013-01-16 00:00:00-05:00,63.533271306118124,63.924246774833904,62.99567910447932,63.142295837402344,303460,0.0,0.0
2013-01-17 00:00:00-05:00,62.70245162582234,63.43552781601379,61.969375435630894,62.60470962524414,446420,0.0,0.0
2013-01-18 00:00:00-05:00,62.65357888282467,63.093429085223306,61.969377399853734,62.70245361328125,306700,0.0,0.0
2013-01-22 00:00:00-05:00,62.55582549291524,64.80392845446109,62.06710810625184,64.16859436035156,556040,0.0,0.0
2013-01-23 00:00:00-05:00,63.6798836773093,64.7061858230006,62.70244880108732,62.75131607055664,469560,0.0,0.0
2013-01-24 00:00:00-05:00,61.82275789451266,62.60470880334578,59.47691262524985,59.525787353515625,593520,0.0,0.0
2013-01-25 00:00:00-05:00,59.08594047044364,59.33029919552519,55.71378931859453,56.00701904296875,1317740,0.0,0.0
2013-01-28 00:00:00-05:00,55.86040784443965,57.27768551267075,55.127331645581485,56.74009704589844,950760,0.0,0.0
2013-01-29 00:00:00-05:00,57.570965854916,58.259261679796104,55.80106498444606,56.48936080932617,853900,0.345,0.0
2013-01-30 00:00:00-05:00,57.47264458854858,58.45592335396118,55.75190674907654,55.99772644042969,727620,0.0,0.0
2013-01-31 00:00:00-05:00,55.702738906686136,55.8010652746473,54.57196692058018,55.06360626220703,643040,0.0,0.0
2013-02-01 00:00:00-05:00,55.85023372586715,56.194383548009036,54.817791761263194,55.75190734863281,622500,0.0,0.0
2013-02-04 00:00:00-05:00,54.817790423646194,55.9485624888032,54.57197073564778,55.35859298706055,679400,0.0,0.0
2013-02-05 00:00:00-05:00,55.899398786044834,55.997728917482206,54.621137084646875,55.60441589355469,626940,0.0,0.0
2013-02-06 00:00:00-05:00,55.555252703291494,55.997728917482206,55.40775938159093,55.60441589355469,299260,0.0,0.0
2013-02-07 00:00:00-05:00,55.0144419920568,56.489359987817515,54.67029220916638,55.85022735595703,819940,0.0,0.0
2013-02-08 00:00:00-05:00,55.70274018788258,56.04688623457274,55.01444434359168,55.16193389892578,298580,0.0,0.0
2013-02-11 00:00:00-05:00,54.6702949431374,54.6702949431374,53.637853044656275,53.736183166503906,591980,0.0,0.0
2013-02-12 00:00:00-05:00,53.736180051084375,54.424472109560156,52.99872105907998,54.080326080322266,657680,0.0,0.0
2013-02-13 00:00:00-05:00,54.08033086952554,54.17865724346948,52.31042988215958,52.408756256103516,668660,0.0,0.0
2013-02-14 00:00:00-05:00,52.70373280240712,53.24453904691378,52.162930308810736,52.507080078125,434280,0.0,0.0
2013-02-15 00:00:00-05:00,51.76962280557764,52.212095200620375,49.31142616240511,49.45891571044922,1177540,0.0,0.0
2013-02-19 00:00:00-05:00,48.86895433616627,49.01644389724754,47.934838779008565,48.91811752319336,1008360,0.0,0.0
2013-02-20 00:00:00-05:00,48.22982320719925,48.426479712559335,46.214102466807894,46.41075897216797,1086120,0.0,0.0
2013-02-21 00:00:00-05:00,46.656575806821245,48.37731355917358,46.55824568471188,48.229820251464844,1104220,0.0,0.0
2013-02-22 00:00:00-05:00,49.163938225244024,49.163938225244024,47.14821750819118,47.246543884277344,696320,0.0,0.0
2013-02-25 00:00:00-05:00,47.934837103788674,50.68801674110621,47.934837103788674,49.950557708740234,1231160,0.0,0.0
2013-02-26 00:00:00-05:00,50.24553888664992,50.98299789428711,49.01644054058793,50.98299789428711,1223880,0.0,0.0
2013-02-27 00:00:00-05:00,51.032167096030946,51.032167096030946,48.9672795323651,49.40975570678711,887280,0.0,0.0
2013-02-28 00:00:00-05:00,49.21309572359247,49.409752203939476,47.738177747355465,48.27898025512695,796740,0.0,0.0
2013-03-01 00:00:00-05:00,48.67229909094652,49.36059497978854,47.9840032021045,49.01644515991211,815360,0.0,0.0
2013-03-04 00:00:00-05:00,48.77062188262907,48.96727837225874,46.70573811879398,47.0007209777832,784620,0.0,0.0
2013-03-05 00:00:00-05:00,47.639855577138995,47.68901876382678,46.75490321311607,46.853233337402344,620640,0.0,0.0
2013-03-06 00:00:00-05:00,46.85323163634683,47.88567352294922,45.329146647984096,47.88567352294922,1570880,0.0,0.0
2013-03-07 00:00:00-05:00,48.18066071993743,48.47564360681609,46.90239904285597,47.049888610839844,702820,0.0,0.0
2013-03-08 00:00:00-05:00,46.4599228139518,47.885677809218215,45.91912022979168,46.754905700683594,1025100,0.0,0.0
2013-03-11 00:00:00-04:00,46.951558232230916,47.148214723699866,45.52580335771927,45.86995315551758,738120,0.0,0.0
2013-03-12 00:00:00-04:00,46.65658066812945,47.68902267693238,46.55825053577473,47.44320297241211,1058380,0.0,0.0
2013-03-13 00:00:00-04:00,47.54152461131978,47.73818110550061,45.62413410806104,45.91911697387695,752220,0.0,0.0
2013-03-14 00:00:00-04:00,45.5749678381445,46.80406625611939,45.42747827853393,46.26326370239258,798320,0.0,0.0
2013-03-15 00:00:00-04:00,46.36159518518737,46.70574125194262,46.06660855549908,46.656578063964844,2878420,0.0,0.0
2013-03-18 00:00:00-04:00,47.29570964933554,47.93484238145265,46.95156356337157,47.44320297241211,820880,0.0,0.0
2013-03-19 00:00:00-04:00,47.24654183559069,47.54152470196906,46.1649367418998,46.50908279418945,985820,0.0,0.0
2013-03-20 00:00:00-04:00,46.3615932364556,46.90239578330104,46.06660661916658,46.50908279418945,530260,0.0,0.0
2013-03-21 00:00:00-04:00,47.34487341380622,47.93483916469975,46.65657753715658,47.49236297607422,993960,0.0,0.0
2013-03-22 00:00:00-04:00,47.34487600112174,48.426481187171326,47.099056299664014,47.984004974365234,1258700,0.0,0.0
2013-03-25 00:00:00-04:00,47.836513393526765,48.08233308465298,47.00072419315112,47.246543884277344,958340,0.0,0.0
2013-03-26 00:00:00-04:00,47.09905547983293,47.19738185834011,45.77162686452056,46.164939880371094,775240,0.0,0.0
2013-03-27 00:00:00-04:00,46.01743991881135,47.4431947068148,45.77162025711801,47.3940315246582,889040,0.0,0.0
2013-03-28 00:00:00-04:00,46.95155971077791,47.09905302175197,46.16493747104126,46.853233337402344,603980,0.0,0.0
2013-04-01 00:00:00-04:00,46.75490501541128,47.00072470923669,45.82078942869254,46.11577606201172,499220,0.0,0.0
2013-04-02 00:00:00-04:00,45.476639915915094,45.574966285639334,41.64185148210073,41.789344787597656,1729800,0.0,0.0
2013-04-03 00:00:00-04:00,41.83851221578024,41.83851221578024,38.88867581394975,39.77362823486328,2331540,0.0,0.0
2013-04-04 00:00:00-04:00,39.52780483847829,40.80606640955948,39.036165484146245,40.363590240478516,1510780,0.0,0.0
2013-04-05 00:00:00-04:00,41.00271960091099,41.39602880217036,39.675291200521066,40.117767333984375,1448860,0.0,0.0
2013-04-08 00:00:00-04:00,40.16693230541808,40.60940845860145,39.47864023481114,39.67529296875,699100,0.0,0.0
2013-04-09 00:00:00-04:00,39.822788590365434,41.986002547925445,39.626132094058036,41.887672424316406,1156200,0.0,0.0
2013-04-10 00:00:00-04:00,41.34686819079943,41.39603137514881,39.52780411349858,39.72446060180664,857880,0.0,0.0
2013-04-11 00:00:00-04:00,39.72446817356791,40.412760387473625,38.987009015030715,39.134498596191406,861540,0.0,0.0
2013-04-12 00:00:00-04:00,38.34786896358263,38.34786896358263,36.08632872360473,37.118770599365234,1961100,0.0,0.0
2013-04-15 00:00:00-04:00,34.90639476694073,35.05388807617939,33.13649381063009,34.02144241333008,2529760,0.0,0.0
2013-04-16 00:00:00-04:00,35.69301970196687,35.84051302238145,33.82479223187754,34.218101501464844,1478500,0.0,0.0
2013-04-17 00:00:00-04:00,34.36558863815631,35.39803044254859,32.39903139134806,32.59568786621094,2227580,0.0,0.0
2013-04-18 00:00:00-04:00,32.89066990174735,35.496355939740795,32.54652014139413,34.26725769042969,1851400,0.0,0.0
2013-04-19 00:00:00-04:00,35.05388500827533,35.29970466821861,33.48063693409216,34.66057205200195,1666000,0.0,0.0
2013-04-22 00:00:00-04:00,35.988000952161755,36.8237901449117,35.69301807568386,36.430477142333984,1518120,0.0,0.0
2013-04-23 00:00:00-04:00,36.23382040037652,36.28298733855525,34.61141271506891,34.95555877685547,1261500,0.0,0.0
2013-04-24 00:00:00-04:00,35.398032889460886,37.36459027220871,35.398032889460886,37.118770599365234,1125660,0.0,0.0
2013-04-25 00:00:00-04:00,38.102053229514745,38.446199306707285,36.97128111717768,37.41375732421875,1562600,0.0,0.0
2013-04-26 00:00:00-04:00,37.46291509571764,37.807064874049395,35.643851092072566,36.13549041748047,1160680,0.0,0.0
2013-04-29 00:00:00-04:00,36.77462387084961,37.56124605907362,36.577967386065986,36.77462387084961,628920,0.0,0.0
2013-04-30 00:00:00-04:00,36.479638900826316,38.987002629938544,35.7421798630664,38.937835693359375,1287240,0.0,0.0
2013-05-01 00:00:00-04:00,37.51208804821596,37.61041442871094,36.13549621582032,36.872955322265625,1288580,0.0,0.0
2013-05-02 00:00:00-04:00,37.6595757530925,38.052888757407466,36.9712798709967,37.3154296875,738300,0.0,0.0
2013-05-03 00:00:00-04:00,37.11876798584082,38.151209788907316,36.43047220015973,36.92211151123047,983280,0.0,0.0
2013-05-06 00:00:00-04:00,36.52880536331881,36.872951409442706,35.889672705190904,36.28298568725586,771980,0.0,0.0
2013-05-07 00:00:00-04:00,35.69301723483718,35.988000104365945,35.00472137199627,35.201377868652344,742220,0.0,0.0
2013-05-08 00:00:00-04:00,35.79134287813668,37.757900096695614,35.44719311434273,37.462913513183594,859200,0.0,0.0
2013-05-09 00:00:00-04:00,36.725456936470856,38.49536154861296,36.28298453434579,36.77462387084961,892800,0.0,0.0
2013-05-10 00:00:00-04:00,35.88967223514784,37.31542708782212,35.54552619353119,37.118770599365234,891020,0.0,0.0
2013-05-13 00:00:00-04:00,36.92211774694604,37.217100633225606,35.938838958740234,35.938838958740234,545560,0.0,0.0
2013-05-14 00:00:00-04:00,35.69301663944112,36.6762953554087,35.25054046707358,35.44719696044922,749060,0.0,0.0
2013-05-15 00:00:00-04:00,34.808062525774545,35.20137169924447,33.87394714355469,33.87394714355469,874120,0.0,0.0
2013-05-16 00:00:00-04:00,33.382307421324576,34.660568782261436,32.34986569714134,34.41474914550781,916160,0.0,0.0
2013-05-17 00:00:00-04:00,33.77562059377164,34.16893355956971,32.98899841308594,32.98899841308594,741260,0.0,0.0
2013-05-20 00:00:00-04:00,32.84151022237454,36.52880536331881,32.743180101403006,36.28298568725586,990240,0.0,0.0
2013-05-21 00:00:00-04:00,34.51307804667286,35.3980303046533,33.873949194496106,34.31642532348633,1159440,0.0,0.0
2013-05-22 00:00:00-04:00,35.15221220554311,36.971276231899346,34.562246508052006,35.299705505371094,1216100,0.0,0.0
2013-05-23 00:00:00-04:00,36.43047632581107,36.62713282269223,35.201377908942206,35.496360778808594,730060,0.0,0.0
2013-05-24 00:00:00-04:00,35.25053869212231,36.233817358579394,35.15221232584078,35.889671325683594,748680,0.0,0.0
2013-05-28 00:00:00-04:00,35.840508019889675,36.184654051607744,35.004718905715116,35.299705505371094,880200,0.0,0.0
2013-05-29 00:00:00-04:00,35.44719851237053,37.02044677734375,35.250542010385026,37.02044677734375,1132480,0.0,0.0
2013-05-30 00:00:00-04:00,37.80707121551548,39.724465656397285,37.757908024910506,39.527809143066406,1550720,0.0,0.0
2013-05-31 00:00:00-04:00,39.23282172099829,39.42947446072413,38.29870620365822,39.18365478515625,1308580,0.0,0.0
2013-06-03 00:00:00-04:00,40.21610385855438,41.002726137383256,39.331151450552596,40.314430236816406,1235820,0.0,0.0
2013-06-04 00:00:00-04:00,39.62613552427634,40.0194485509381,39.03616973519471,39.527809143066406,1076640,0.0,0.0
2013-06-05 00:00:00-04:00,39.77362124262274,40.560243394639755,39.134488634221874,39.822784423828125,820200,0.0,0.0
2013-06-06 00:00:00-04:00,39.8227871268651,41.10104867952064,39.38031096416227,40.60940933227539,1242200,0.0,0.0
2013-06-07 00:00:00-04:00,39.429478256567975,39.527808386807635,38.200379760404246,38.593692779541016,1131520,0.0,0.0
2013-06-10 00:00:00-04:00,38.49536763950876,39.085333436295976,38.10205460770991,38.397037506103516,669340,0.0,0.0
2013-06-11 00:00:00-04:00,37.16793427053613,37.51208406757061,36.135492381253854,36.28298568725586,1286100,0.0,0.0
2013-06-12 00:00:00-04:00,36.13549426585609,37.11877302138959,36.03716789066706,36.430477142333984,846900,0.0,0.0
2013-06-13 00:00:00-04:00,35.69301939294688,36.97128107213296,35.54552982472018,36.82379150390625,763240,0.0,0.0
2013-06-14 00:00:00-04:00,36.8237881089419,37.31542745952614,35.84050940777342,35.987998962402344,477360,0.0,0.0
2013-06-17 00:00:00-04:00,35.988000289529054,36.23381997388625,35.69301741848256,36.08633041381836,534260,0.0,0.0
2013-06-18 00:00:00-04:00,35.69301387358165,35.93883353352492,34.41475239205867,34.66057205200195,904020,0.0,0.0
2013-06-19 00:00:00-04:00,34.906391954284125,34.906391954284125,33.136491140587005,33.23481750488281,1278080,0.0,0.0
2013-06-20 00:00:00-04:00,31.366592906724602,32.300706628401954,29.547526777045455,30.235822677612305,2141620,0.0,0.0
2013-06-21 00:00:00-04:00,30.5799668937874,31.02244116830248,29.79334283555745,30.678295135498047,1290280,0.0,0.0
2013-06-24 00:00:00-04:00,30.235818639454052,30.33414688003925,29.154211743927256,29.350868225097656,1428280,0.0,0.0
2013-06-25 00:00:00-04:00,29.400035157387137,29.547526599348615,28.564247818998172,28.908395767211914,1237720,0.0,0.0
2013-06-26 00:00:00-04:00,27.728457772493986,28.416751679689646,27.58096447945801,27.826784133911133,1349580,0.0,0.0
2013-06-27 00:00:00-04:00,28.02344390594153,28.465920086217483,27.335148042280125,28.22010040283203,1486340,0.0,0.0
2013-06-28 00:00:00-04:00,27.9742787184101,30.53080174238311,27.67929399417499,30.383310317993164,1691060,0.0,0.0
2013-07-01 00:00:00-04:00,30.874951684142726,31.71073897803471,30.137492638141918,30.825788497924805,1012820,0.0,0.0
2013-07-02 00:00:00-04:00,30.67829875817814,30.776625136044544,28.760904382496214,29.203380584716797,1124680,0.0,0.0
2013-07-03 00:00:00-04:00,29.498359836025365,30.383310256015083,29.449196653147407,30.088327407836914,644140,0.0,0.0
2013-07-05 00:00:00-04:00,29.15421305937273,29.64585240902642,28.66257370971904,29.596689224243164,854740,0.0,0.0
2013-07-08 00:00:00-04:00,29.842508138998664,30.088327807564625,29.05588407431445,29.10504913330078,631380,0.0,0.0
2013-07-09 00:00:00-04:00,29.547522328579827,30.383309546164956,29.449195965121124,29.89167022705078,666980,0.0,0.0
2013-07-10 00:00:00-04:00,30.284984513339534,30.284984513339534,29.05588608543687,29.695018768310547,860880,0.0,0.0
2013-07-11 00:00:00-04:00,31.317431864783394,32.93984159826346,31.317431864783394,32.89067840576172,1208440,0.0,0.0
2013-07-12 00:00:00-04:00,32.79234822176311,32.79234822176311,31.415760079177012,31.85823631286621,741360,0.0,0.0
2013-07-15 00:00:00-04:00,31.956555683469713,32.30070170585064,31.612409661088783,31.907392501831055,569260,0.0,0.0
2013-07-16 00:00:00-04:00,32.10405015658081,34.21809705184972,32.05488322222883,34.1689338684082,1048800,0.0,0.0
2013-07-17 00:00:00-04:00,34.316430855661324,34.95555981087248,33.28398513793945,33.28398513793945,1269900,0.0,0.0
2013-07-18 00:00:00-04:00,33.5298003486806,33.873950125536666,32.74317818158303,33.23481750488281,821700,0.0,0.0
2013-07-19 00:00:00-04:00,33.48064191981046,35.299709924820625,33.33315235242752,35.053890228271484,715660,0.0,0.0
2013-07-22 00:00:00-04:00,36.82379288073024,39.183659818790154,36.33215346643721,38.397037506103516,1647440,0.0,0.0
2013-07-23 00:00:00-04:00,38.49536039188742,39.97027835707988,37.561244930416784,39.8719482421875,1555560,0.0,0.0
2013-07-24 00:00:00-04:00,40.01943955298575,40.01943955298575,36.823784120329435,37.70873260498047,1485680,0.0,0.0
2013-07-25 00:00:00-04:00,37.61040778872994,40.01944119466072,37.61040778872994,38.692012786865234,1343180,0.0,0.0
2013-07-26 00:00:00-04:00,38.298705750211376,39.72446060180664,38.10204926190332,39.72446060180664,807580,0.0,0.0
2013-07-29 00:00:00-04:00,39.77362513873997,41.10104991586775,39.331148962727156,40.41275405883789,1507440,0.0,0.0
2013-07-30 00:00:00-04:00,40.31442880630493,40.51108530676174,39.036167179701806,39.33115005493164,1043060,0.0,0.0
2013-07-31 00:00:00-04:00,39.527803886307495,39.871949925685676,37.85622937166238,38.839508056640625,1970780,0.0,0.0
2013-08-01 00:00:00-04:00,39.08533264160157,39.08533264160157,36.872955322265625,36.872955322265625,1463180,0.0,0.0
2013-08-02 00:00:00-04:00,36.725456753111885,38.052885205591025,36.03716468617135,36.184654235839844,1295680,0.0,0.0
2013-08-05 00:00:00-04:00,36.33214753641879,37.02044335426977,35.84050820236958,36.184654235839844,674160,0.0,0.0
2013-08-06 00:00:00-04:00,35.348871703506084,35.496361265004104,34.36559295654297,34.36559295654297,1222980,0.0,0.0
2013-08-07 00:00:00-04:00,34.11977268330919,35.79134727459554,33.87395300079387,34.611412048339844,888240,0.0,0.0
2013-08-08 00:00:00-04:00,35.398037829098236,38.446200697350605,35.05389173945754,38.397037506103516,1592060,0.0,0.0
2013-08-09 00:00:00-04:00,38.151207851288106,39.77361899578682,37.36458574370785,38.790340423583984,1712600,0.0,0.0
2013-08-12 00:00:00-04:00,40.806066086713,42.231820953177866,40.560246411491846,41.789344787597656,1579420,0.0,0.0
2013-08-13 00:00:00-04:00,41.63605391360995,42.03164739818591,40.25148426291221,40.597625732421875,1387120,0.245,0.0
2013-08-14 00:00:00-04:00,41.191013611345795,43.168973376161276,40.99321688033248,42.42723846435547,1783600,0.0,0.0
2013-08-15 00:00:00-04:00,41.68550123607676,46.18535869644208,41.33935603287411,45.59196853637695,2568000,0.0,0.0
2013-08-16 00:00:00-04:00,46.28426003982328,46.828198247618296,43.61401347023253,44.94913864135742,1771200,0.0,0.0
2013-08-19 00:00:00-04:00,45.09748225140987,45.24583074652764,43.56456415004837,43.910709381103516,1579460,0.0,0.0
2013-08-20 00:00:00-04:00,43.86126041363366,45.88867238196462,43.71291568087282,45.344730377197266,1287700,0.0,0.0
2013-08-21 00:00:00-04:00,44.850235132213456,45.34472506210626,43.41621735365135,43.515113830566406,1370680,0.0,0.0
2013-08-22 00:00:00-04:00,44.89968831436842,45.29527800500486,43.712911697141365,44.55354309082031,898480,0.0,0.0
2013-08-23 00:00:00-04:00,44.602994531852104,46.13591648264946,44.553546288555864,45.54252624511719,1209780,0.0,0.0
2013-08-26 00:00:00-04:00,45.98756495181328,46.67985163035085,45.24583003323565,45.78976821899414,1340740,0.0,0.0
2013-08-27 00:00:00-04:00,46.97654881455802,47.42159055785936,43.564567146126706,43.66346740722656,2256040,0.0,0.0
2013-08-28 00:00:00-04:00,44.207405910950925,45.24583413660342,41.9327527088885,42.32834243774414,1876280,0.0,0.0
2013-08-29 00:00:00-04:00,41.8338507182901,43.61401385621879,40.89431902051524,42.723934173583984,1899580,0.0,0.0
2013-08-30 00:00:00-04:00,41.98219550111806,43.36676503128538,41.43825733667166,42.27888870239258,898640,0.0,0.0
2013-09-03 00:00:00-04:00,43.66346533701422,44.00960680280413,42.97117863277539,43.26787185668945,1372840,0.0,0.0
2013-09-04 00:00:00-04:00,42.52613481366814,43.366766202084094,42.27888984382124,43.317317962646484,976300,0.0,0.0
2013-09-05 00:00:00-04:00,43.31731871618888,43.366766956486686,40.79542073441158,40.99321746826172,1580740,0.0,0.0
2013-09-06 00:00:00-04:00,41.93274989200307,42.03164637440868,40.9437699773111,41.68550491333008,1246300,0.0,0.0
2013-09-09 00:00:00-04:00,41.88329812856378,41.88329812856378,39.70754532135969,39.905338287353516,1320220,0.0,0.0
2013-09-10 00:00:00-04:00,39.064704633938916,39.114152872614675,37.28454163300004,37.38343811035156,1813660,0.0,0.0
2013-09-11 00:00:00-04:00,37.43288634902732,37.63068307638915,36.14721328016362,37.38343811035156,1362700,0.0,0.0
2013-09-12 00:00:00-04:00,35.60327631108079,36.0977662598458,34.41649967951298,34.51539993286133,1532560,0.0,0.0
2013-09-13 00:00:00-04:00,34.268155312462845,35.108786724983375,33.92201008115637,34.861541748046875,1538140,0.0,0.0
2013-09-16 00:00:00-04:00,35.35603037121459,35.80107206748192,34.56484722932756,35.158233642578125,1556900,0.0,0.0
2013-09-17 00:00:00-04:00,35.356034903690734,35.94942139301064,34.9604413957046,35.85052490234375,1063020,0.0,0.0
2013-09-18 00:00:00-04:00,35.50438007104924,39.46029968798358,34.76264514287406,38.76801300048828,2875900,0.0,0.0
2013-09-19 00:00:00-04:00,39.2625031254897,39.36139960728495,36.69115309956459,37.43288803100586,1607600,0.0,0.0
2013-09-20 00:00:00-04:00,36.39445545512539,36.39445545512539,33.77366127970985,34.07035446166992,4471820,0.0,0.0
2013-09-23 00:00:00-04:00,34.0703557805877,34.812090650530855,33.18027242759244,33.32862091064453,1305520,0.0,0.0
2013-09-24 00:00:00-04:00,33.13083099842314,33.42752425283236,32.48799246998699,33.081382751464844,1480960,0.0,0.0
2013-09-25 00:00:00-04:00,33.37807251017356,34.515400934398635,33.13082752861672,33.427520751953125,1059120,0.0,0.0
2013-09-26 00:00:00-04:00,33.625311543113504,33.77366001486705,32.53743532578199,33.031925201416016,956060,0.0,0.0
2013-09-27 00:00:00-04:00,33.42752128237197,33.92201125333208,32.883583068847656,32.883583068847656,1357020,0.0,0.0
2013-09-30 00:00:00-04:00,32.586892277614886,33.87256554372058,32.537444031353004,33.18027877807617,973800,0.0,0.0
2013-10-01 00:00:00-04:00,32.48799091248176,32.88358441450187,32.14184942770859,32.586891174316406,1190260,0.0,0.0
2013-10-02 00:00:00-04:00,32.88358143813738,33.773664850789615,32.339643251587184,32.38909149169922,1223300,0.0,0.0
2013-10-03 00:00:00-04:00,32.19129398112638,32.78468416611628,31.64735580771307,31.69680404663086,868800,0.0,0.0
2013-10-04 00:00:00-04:00,31.795704751174075,32.1912944408243,31.251764683663794,31.59790802001953,864880,0.0,0.0
2013-10-07 00:00:00-04:00,31.795704706085814,32.14184615562127,31.499009609774735,32.04294967651367,902720,0.0,0.0
2013-10-08 00:00:00-04:00,31.99350035738641,32.09240061747789,30.01554231379636,30.163888931274414,1456180,0.0,0.0
2013-10-09 00:00:00-04:00,29.916643711886586,31.00452204231201,28.977111997807906,30.213336944580078,1615880,0.0,0.0
2013-10-10 00:00:00-04:00,30.21333613876607,30.806724474656484,29.570499560855424,29.96609115600586,766540,0.0,0.0
2013-10-11 00:00:00-04:00,29.42215319823815,29.718846425537308,28.630970001220703,28.630970001220703,1285300,0.0,0.0
2013-10-14 00:00:00-04:00,29.12545997093899,29.42215319823815,28.18592827394243,28.630970001220703,813520,0.0,0.0
2013-10-15 00:00:00-04:00,28.581517743335382,28.9771093123754,27.889232969097694,28.680416107177734,1920780,0.0,0.0
2013-10-16 00:00:00-04:00,28.72986549853901,28.878213993418786,27.93868232871773,27.988130569458008,1850280,0.0,0.0
2013-10-17 00:00:00-04:00,29.37270175954449,31.40010966024091,29.02655844114211,30.658374786376953,2079740,0.0,0.0
2013-10-18 00:00:00-04:00,30.658378913754323,30.955072148710435,30.114440687558258,30.163888931274414,1050140,0.0,0.0
2013-10-21 00:00:00-04:00,30.361684846083097,31.350664783918646,30.3122347173936,31.202316284179688,697000,0.0,0.0
2013-10-22 00:00:00-04:00,31.894601545261065,33.03192993113238,31.894601545261065,32.38909149169922,1145340,0.0,0.0
2013-10-23 00:00:00-04:00,32.0923982783681,33.03192993113238,31.79570506503699,32.38909149169922,1812660,0.0,0.0
2013-10-24 00:00:00-04:00,32.93302619605474,34.317599408746396,32.93302619605474,34.07035446166992,1711320,0.0,0.0
2013-10-25 00:00:00-04:00,33.872560240381915,34.6142951361567,33.27917383282559,34.36705017089844,1172580,0.0,0.0
2013-10-28 00:00:00-04:00,34.51540142661935,35.65272609440468,33.971459441309975,35.45492935180664,1422000,0.0,0.0
2013-10-29 00:00:00-04:00,35.356033608812126,35.60327859908354,33.97146015422855,34.020912170410156,1360680,0.0,0.0
2013-10-30 00:00:00-04:00,34.91099292297074,35.45493116341414,33.67476793439062,35.05934143066406,1964580,0.0,0.0
2013-10-31 00:00:00-04:00,33.92201288569529,34.31760639056339,33.22972613850574,33.378074645996094,1172220,0.0,0.0
2013-11-01 00:00:00-04:00,32.83413832804598,33.18027983557044,32.24074803601329,32.537445068359375,898520,0.0,0.0
2013-11-04 00:00:00-05:00,32.784683572874215,33.72421141328781,32.636335086146424,33.57586669921875,636880,0.0,0.0
2013-11-05 00:00:00-05:00,33.37806660529649,33.476963071359954,32.53743532578199,33.031925201416016,818960,0.0,0.0
2013-11-06 00:00:00-05:00,33.3286196204405,34.07035446166992,33.2791713855569,34.07035446166992,914780,0.0,0.0
2013-11-07 00:00:00-05:00,33.27917359451178,33.62531503433111,32.09239701523894,32.24074172973633,1322820,0.0,0.0
2013-11-08 00:00:00-05:00,31.597912154583668,31.944053649902344,30.658380388156676,31.944053649902344,1580360,0.0,0.0
2013-11-11 00:00:00-05:00,31.746248506640875,33.08137343444775,30.80671887473374,33.031925201416016,1155560,0.0,0.0
2013-11-12 00:00:00-05:00,32.88358450669509,33.22972599243871,31.944052766257666,32.141849517822266,879460,0.0,0.0
2013-11-13 00:00:00-05:00,32.53743961736939,33.031929558225094,31.845152945639615,32.04294967651367,706480,0.0,0.0
2013-11-14 00:00:00-05:00,32.53744114590899,33.08137935187156,32.38909264761964,32.982479095458984,1186980,0.0,0.0
2013-11-15 00:00:00-05:00,32.982480094938346,33.22972508447359,32.19129688295738,32.33964538574219,838580,0.0,0.0
2013-11-18 00:00:00-05:00,32.33964405627856,32.33964405627856,31.152867400765224,31.350664138793945,795640,0.0,0.0
2013-11-19 00:00:00-05:00,31.301211882462265,31.795703693905818,31.05396691990517,31.400110244750977,490940,0.0,0.0
2013-11-20 00:00:00-05:00,31.053970522472333,31.696807122430297,29.718847192510665,30.163888931274414,1290320,0.0,0.0
2013-11-21 00:00:00-05:00,29.867194900301925,29.966091385098466,29.12545994635068,29.916643142700195,1210960,0.0,0.0
2013-11-22 00:00:00-05:00,29.81774530817673,30.411133659282296,29.174908713783015,29.372705459594727,859680,0.0,0.0
2013-11-25 00:00:00-05:00,28.72986646184639,30.015541513826268,28.13648000774902,29.916643142700195,1335780,0.0,0.0
2013-11-26 00:00:00-05:00,29.273804174183205,29.273804174183205,28.43317091761396,28.7298641204834,1291440,0.0,0.0
2013-11-27 00:00:00-05:00,29.07600954276017,29.323254525073317,28.680417948325037,29.125459671020508,742020,0.0,0.0
2013-11-29 00:00:00-05:00,29.76829709553984,30.411133690595456,29.619950479193093,30.213336944580078,484720,0.0,0.0
2013-12-02 00:00:00-05:00,29.32325451559158,29.422152885750762,27.839784622192383,27.839784622192383,1549900,0.0,0.0
2013-12-03 00:00:00-05:00,27.83978321053839,28.087028180234697,27.098048301449467,27.29584503173828,1253360,0.0,0.0
2013-12-04 00:00:00-05:00,27.64198848260407,28.284825029246843,26.94970181001682,28.136478424072266,1519460,0.0,0.0
2013-12-05 00:00:00-05:00,27.44419163629018,27.938681575682796,27.098048301449467,27.29584503173828,922300,0.0,0.0
2013-12-06 00:00:00-05:00,27.69143763731367,28.08702922629511,27.39474441715996,27.493640899658203,832060,0.0,0.0
2013-12-09 00:00:00-05:00,27.938682927102537,28.482621132213435,27.938682927102537,28.284826278686523,960560,0.0,0.0
2013-12-10 00:00:00-05:00,29.32325277096156,29.96608930925547,29.17490616771364,29.52104949951172,1170900,0.0,0.0
2013-12-11 00:00:00-05:00,29.47159975697286,29.71884472770696,28.03758005851274,28.136478424072266,997320,0.0,0.0
2013-12-12 00:00:00-05:00,27.444193686757767,27.790337047460266,27.0486020829533,27.691438674926758,1151800,0.0,0.0
2013-12-13 00:00:00-05:00,28.03757923632242,28.383722562465536,27.740884148344303,27.889232635498047,757360,0.0,0.0
2013-12-16 00:00:00-05:00,27.9386828482688,28.13647958756711,27.44419288635254,27.44419288635254,1055280,0.0,0.0
2013-12-17 00:00:00-05:00,27.29584604833223,27.839784247390522,27.147499438255373,27.493640899658203,737820,0.0,0.0
2013-12-18 00:00:00-05:00,27.592537405496817,28.581517254341357,27.048599243164062,27.048599243164062,1671720,0.0,0.0
2013-12-19 00:00:00-05:00,26.504661922603088,27.196948642582463,26.45521367960294,26.850805282592773,1103680,0.0,0.0
2013-12-20 00:00:00-05:00,26.94970234939485,27.592538908903514,26.85080398185595,27.147499084472656,2229080,0.0,0.0
2013-12-23 00:00:00-05:00,27.2958442053752,27.64198752973666,26.80135428095293,27.048599243164062,1036020,0.0,0.0
2013-12-24 00:00:00-05:00,27.048601069427644,27.592539268485936,26.99915094184903,27.493640899658203,874480,0.0,0.0
2013-12-26 00:00:00-05:00,27.839784557174326,28.5320712603423,27.839784557174326,28.284826278686523,632160,0.0,0.0
2013-12-27 00:00:00-05:00,28.087031873924786,28.433175254286382,27.938685249864008,28.185930252075195,659360,0.0,0.0
2013-12-30 00:00:00-05:00,27.938681575682796,28.13647830597161,27.196946666593874,27.29584503173828,731160,0.0,0.0
2013-12-31 00:00:00-05:00,27.098048415191393,28.185926663687315,27.098048415191393,28.136478424072266,921480,0.0,0.0
2014-01-02 00:00:00-05:00,28.92766327320747,29.570499857568397,28.779316659328728,29.471601486206055,1064180,0.0,0.0
2014-01-03 00:00:00-05:00,29.817742746596238,29.817742746596238,28.977109478607876,29.076007843017578,917940,0.0,0.0
2014-01-06 00:00:00-05:00,29.37270509476694,29.570499951792343,28.927663365383072,29.026561737060547,945880,0.0,0.0
2014-01-07 00:00:00-05:00,28.581519578133875,29.17490791295133,28.284826353889905,29.125459671020508,729880,0.0,0.0
2014-01-08 00:00:00-05:00,28.82876410938621,29.323254066275613,28.433172521140587,29.224355697631836,935280,0.0,0.0
2014-01-09 00:00:00-05:00,29.07600683549738,29.07600683549738,28.433170318603516,28.433170318603516,909620,0.0,0.0
2014-01-10 00:00:00-05:00,28.927660779932985,29.7188439099806,28.729864054256396,29.61994743347168,823060,0.0,0.0
2014-01-13 00:00:00-05:00,29.916643560154377,31.20231674374489,29.471601827041745,31.10342025756836,1147040,0.0,0.0
2014-01-14 00:00:00-05:00,30.70782633904971,31.15286806595227,29.867194900301925,29.916643142700195,1150420,0.0,0.0
2014-01-15 00:00:00-05:00,29.619949623942375,30.460581054411286,29.32325451348613,30.4111328125,823940,0.0,0.0
2014-01-16 00:00:00-05:00,30.70782317748928,31.59790653965481,30.658374940182014,31.499008178710938,1351660,0.0,0.0
2014-01-17 00:00:00-05:00,32.042945450147975,33.18026990051121,31.944045211426157,33.031925201416016,1697800,0.0,0.0
2014-01-21 00:00:00-05:00,32.784686127951886,33.32862433391446,32.14184766557674,32.982479095458984,1379220,0.0,0.0
2014-01-22 00:00:00-05:00,32.83413103784395,33.0813759947966,32.1912926407036,32.43853759765625,1070800,0.0,0.0
2014-01-23 00:00:00-05:00,33.180277185125306,33.674767169322884,32.389093964941026,32.685787200927734,1351640,0.0,0.0
2014-01-24 00:00:00-05:00,33.03193245346154,33.476970421112014,31.69680723253259,32.685787200927734,1222140,0.0,0.0
2014-01-27 00:00:00-05:00,32.487989927335406,32.63633842925932,31.004521885062267,31.10342025756836,1248040,0.0,0.0
2014-01-28 00:00:00-05:00,31.10341870836891,31.597908659940245,30.65837699742292,31.449560165405273,1109820,0.0,0.0
2014-01-29 00:00:00-05:00,32.187393053269744,32.880660736171926,31.692202390911746,32.83114242553711,1223420,0.045,0.0
2014-01-30 00:00:00-05:00,31.791239579043275,32.038834914637086,31.44460762041394,31.593164443969727,1042260,0.0,0.0
2014-01-31 00:00:00-05:00,31.840762178719817,32.08835751828061,30.701822105538152,31.345569610595703,1398080,0.0,0.0
2014-02-03 00:00:00-05:00,31.989316257367527,32.38547030123785,31.097973436664255,31.197011947631836,1011920,0.0,0.0
2014-02-04 00:00:00-05:00,31.09797272650024,31.791238509436695,31.048454416648507,31.74172019958496,737140,0.0,0.0
2014-02-05 00:00:00-05:00,32.08835882653318,32.38547249051854,30.553266525268555,30.553266525268555,937760,0.0,0.0
2014-02-06 00:00:00-05:00,30.701823357261233,30.85038018925391,29.959037308295237,30.553266525268555,652460,0.0,0.0
2014-02-07 00:00:00-05:00,30.652303585007868,31.69220324849821,30.45422655910375,31.642684936523438,727440,0.0,0.0
2014-02-10 00:00:00-05:00,32.33595502162783,33.52440970864198,32.1378779811237,33.42537307739258,1363420,0.0,0.0
2014-02-11 00:00:00-05:00,33.72248553389665,35.059502675613764,33.623448906216204,34.56431198120117,1492840,0.0,0.0
2014-02-12 00:00:00-05:00,34.81190432290543,34.861422632470465,32.93017833539519,33.375850677490234,1312380,0.0,0.0
2014-02-13 00:00:00-05:00,33.078739441714816,35.158538818359375,32.979699037395235,35.158538818359375,1361660,0.0,0.0
2014-02-14 00:00:00-05:00,35.75276699585709,36.09940275234084,34.91094431783478,35.307098388671875,1223900,0.0,0.0
2014-02-18 00:00:00-05:00,35.802284517895636,36.09939814409297,35.208053487496215,35.851802825927734,1262860,0.0,0.0
2014-02-19 00:00:00-05:00,36.000363691867086,36.09940410228259,34.811908990923826,34.861427307128906,1921080,0.0,0.0
2014-02-20 00:00:00-05:00,34.91094492613354,36.198440011779965,34.762386202479796,36.099403381347656,1224040,0.0,0.0
2014-02-21 00:00:00-05:00,36.00036317066757,36.693630921517844,35.009981748882986,35.45565414428711,1231680,0.0,0.0
2014-02-24 00:00:00-05:00,35.653727198488376,35.653727198488376,34.46526886960446,34.76238250732422,1181000,0.0,0.0
2014-02-25 00:00:00-05:00,34.51478887765785,35.752765577401746,34.31671562810288,35.05950164794922,1306120,0.0,0.0
2014-02-26 00:00:00-05:00,34.613830198482354,35.208057518917734,33.623448812419944,33.87104415893555,1284040,0.0,0.0
2014-02-27 00:00:00-05:00,33.97008096533572,34.217676313155955,33.12825829394898,33.227294921875,1079480,0.0,0.0
2014-02-28 00:00:00-05:00,33.22729351851535,33.77200250511298,32.68258453191773,32.979698181152344,1089500,0.0,0.0
2014-03-03 00:00:00-05:00,34.51478646892028,34.613826864790944,33.67296388304605,33.97007751464844,1011420,0.0,0.0
2014-03-04 00:00:00-05:00,33.5739334491592,34.118642503760945,33.27681598482598,33.72248840332031,649400,0.0,0.0
2014-03-05 00:00:00-05:00,33.92056256726273,34.613830295041396,33.57393059237598,34.56431198120117,738340,0.0,0.0
2014-03-06 00:00:00-05:00,34.76238223167897,34.96045924792313,34.36623197719548,34.71286392211914,721260,0.0,0.0
2014-03-07 00:00:00-05:00,34.11863594156661,34.46526787927872,33.82152231238412,33.92055892944336,811820,0.0,0.0
2014-03-10 00:00:00-04:00,33.920563590446136,34.6633496544705,33.67296823577134,34.069122314453125,732300,0.0,0.0
2014-03-11 00:00:00-04:00,34.41575100110925,34.66334633205248,33.82152371804746,34.168155670166016,821300,0.0,0.0
2014-03-12 00:00:00-04:00,34.51479077506387,35.40613555908203,34.366235829731025,35.40613555908203,870540,0.0,0.0
2014-03-13 00:00:00-04:00,35.208056243458834,36.44603293118949,35.00997921782093,36.34699630737305,1110100,0.0,0.0
2014-03-14 00:00:00-04:00,36.79266779991267,37.08978144233627,35.75276438442268,36.19843673706055,992040,0.0,0.0
2014-03-17 00:00:00-04:00,36.297476735325105,36.3469950455142,34.019596686577856,34.11863708496094,1389820,0.0,0.0
2014-03-18 00:00:00-04:00,33.425371205858305,34.316715949216565,33.425371205858305,33.772003173828125,764620,0.0,0.0
2014-03-19 00:00:00-04:00,33.474889753576356,33.62344847118008,31.246531657551234,31.444608688354492,1459080,0.0,0.0
2014-03-20 00:00:00-04:00,31.246531657551234,31.890281063160543,30.998936313548445,31.444608688354492,794620,0.0,0.0
2014-03-21 00:00:00-04:00,31.791240327277603,31.989317356015565,30.60278382185746,31.0484561920166,2957820,0.0,0.0
2014-03-24 00:00:00-04:00,30.60278361239311,30.89989915346641,29.61240225348717,29.661922454833984,1352160,0.0,0.0
2014-03-25 00:00:00-04:00,30.008555782780398,30.15711450456854,29.463846766232606,29.562885284423828,959080,0.0,0.0
2014-03-26 00:00:00-04:00,29.71144058744227,29.909517613626225,28.473463896298842,28.622020721435547,1175900,0.0,0.0
2014-03-27 00:00:00-04:00,28.522981643676758,29.315287843724853,27.82971584376247,28.522981643676758,1411260,0.0,0.0
2014-03-28 00:00:00-04:00,28.47346283782231,29.117210315485632,27.9287538695693,28.77057647705078,1021480,0.0,0.0
2014-03-31 00:00:00-04:00,28.820097864509737,28.820097864509737,27.58212116834525,27.63163948059082,1464920,0.0,0.0
2014-04-01 00:00:00-04:00,27.87923460565088,28.32490696844738,27.780196092918047,27.928754806518555,833160,0.0,0.0
2014-04-02 00:00:00-04:00,28.77057811221261,29.21625048538734,28.671541486176057,28.721059799194336,1047380,0.0,0.0
2014-04-03 00:00:00-04:00,28.52298220834357,28.820097747619503,28.225868558070154,28.622020721435547,692460,0.0,0.0
2014-04-04 00:00:00-04:00,29.612401395342523,30.454225903817655,29.463844573612203,29.513362884521484,1283180,0.0,0.0
2014-04-07 00:00:00-04:00,29.41432676441418,30.058074262227436,29.11721122688325,29.26576805114746,843660,0.0,0.0
2014-04-08 00:00:00-04:00,29.90951699567843,29.95903530670008,29.265767618382064,29.859996795654297,761340,0.0,0.0
2014-04-09 00:00:00-04:00,29.513364010837783,29.959036382039386,29.067693528638724,29.711441040039062,1081360,0.0,0.0
2014-04-10 00:00:00-04:00,29.959036569299176,30.25615022595566,29.018173508216027,29.06769371032715,865300,0.0,0.0
2014-04-11 00:00:00-04:00,29.067692643068597,29.71144013485666,28.86961561990189,29.216249465942383,1090920,0.0,0.0
2014-04-14 00:00:00-04:00,29.61240390797717,30.4047101727708,29.315290239306208,29.95903778076172,942460,0.0,0.0
2014-04-15 00:00:00-04:00,28.869616627251727,29.06769365732995,28.17635079998305,28.721059799194336,902220,0.0,0.0
2014-04-16 00:00:00-04:00,28.72105838941491,28.919135409770483,28.22586772752845,28.47346305847168,842700,0.0,0.0
2014-04-17 00:00:00-04:00,28.374425671692517,28.869616353184544,28.374425671692517,28.671541213989258,683040,0.0,0.0
2014-04-21 00:00:00-04:00,28.473465484485292,28.572504003101418,27.582122594945407,28.22587013244629,1006960,0.0,0.0
2014-04-22 00:00:00-04:00,28.17635036100216,29.414327057197287,27.978273334009927,29.315288543701172,1232800,0.0,0.0
2014-04-23 00:00:00-04:00,29.364807690354723,29.81048006924985,28.671541854187684,29.46384620666504,716220,0.0,0.0
2014-04-24 00:00:00-04:00,28.919135185667468,29.76095779314895,28.671539856642926,28.77057647705078,727360,0.0,0.0
2014-04-25 00:00:00-04:00,29.11721396335438,29.414329528808594,28.919138808720927,29.414329528808594,442260,0.0,0.0
2014-04-28 00:00:00-04:00,29.414329528808594,29.66192488885243,29.16673416876476,29.414329528808594,629420,0.0,0.0
2014-04-29 00:00:00-04:00,29.315286853167652,30.454224970187177,29.315286853167652,30.355186462402344,629340,0.0,0.0
2014-04-30 00:00:00-04:00,30.058075782358546,30.652304998469933,29.513364880505357,30.206632614135742,616300,0.0,0.0
2014-05-01 00:00:00-04:00,29.85999729957192,29.95903581228908,29.414326825848466,29.612401962280273,597240,0.0,0.0
2014-05-02 00:00:00-04:00,29.810479166050545,30.89989903445155,29.513363626121624,30.65230369567871,673500,0.0,0.0
2014-05-05 00:00:00-04:00,31.296052618611107,31.345570933011345,30.701823400795195,30.899900436401367,479000,0.0,0.0
2014-05-06 00:00:00-04:00,31.04845670414774,31.09797501764774,30.553266013137417,30.800861358642578,303680,0.0,0.0
2014-05-07 00:00:00-04:00,30.553266688330805,30.701823521116328,29.364808248041385,29.562885284423828,643720,0.0,0.0
2014-05-08 00:00:00-04:00,29.612402525438423,29.90951806924034,29.463845698038735,29.711441040039062,346980,0.0,0.0
2014-05-09 00:00:00-04:00,29.71144211720935,30.058075986377318,29.315289933447083,29.562885284423828,362960,0.0,0.0
2014-05-12 00:00:00-04:00,30.058075986377318,30.305671337354063,29.513365080826908,29.562885284423828,357320,0.0,0.0
2014-05-13 00:00:00-04:00,29.612402710531565,29.85999805407949,29.018173508216027,29.06769371032715,492720,0.0,0.0
2014-05-14 00:00:00-04:00,29.463844640473635,30.058073817745868,29.315287818406198,29.859996795654297,471100,0.0,0.0
2014-05-15 00:00:00-04:00,29.61240468344205,29.81048172707819,29.06769564694669,29.414329528808594,447740,0.0,0.0
2014-05-16 00:00:00-04:00,29.315287334306245,29.315287334306245,28.671539856642926,28.77057647705078,490540,0.0,0.0
2014-05-19 00:00:00-04:00,29.01817402189626,29.265769369827126,28.622021843007396,28.820098876953125,419900,0.0,0.0
2014-05-20 00:00:00-04:00,28.67153936691312,29.216248325862125,28.622019168552583,29.018171310424805,373120,0.0,0.0
2014-05-21 00:00:00-04:00,28.869616949670554,29.216250811677412,28.522983087663697,29.117212295532227,649680,0.0,0.0
2014-05-22 00:00:00-04:00,29.414328451638305,29.562885284423828,29.21625141525586,29.562885284423828,433640,0.0,0.0
2014-05-23 00:00:00-04:00,29.513363681690876,29.760959020929903,29.216250030205057,29.315288543701172,586080,0.0,0.0
2014-05-27 00:00:00-04:00,28.968655612685723,28.968655612685723,28.1268310546875,28.1268310546875,1312140,0.0,0.0
2014-05-28 00:00:00-04:00,28.077312469482422,28.27538761185994,27.879235438102334,28.077312469482422,1678740,0.0,0.0
2014-05-29 00:00:00-04:00,27.978273448700357,28.67154115701253,27.928755136250576,28.324907302856445,734220,0.0,0.0
2014-05-30 00:00:00-04:00,28.275386038116107,28.47346305847168,27.631638555464196,28.47346305847168,789220,0.0,0.0
2014-06-02 00:00:00-04:00,28.176351857556007,28.770579192089333,27.978274820043147,28.5725040435791,549160,0.0,0.0
2014-06-03 00:00:00-04:00,28.473464185791432,28.919136554735267,28.22586884504542,28.671541213989258,585900,0.0,0.0
2014-06-04 00:00:00-04:00,28.62202015480808,28.671540354874985,28.275386310349695,28.522981643676758,532300,0.0,0.0
2014-06-05 00:00:00-04:00,28.77057760597543,29.26576828345523,28.67154098168149,28.96865463256836,795720,0.0,0.0
2014-06-06 00:00:00-04:00,28.86961519767161,29.90951672058409,28.721058376970532,29.81047821044922,898900,0.0,0.0
2014-06-09 00:00:00-04:00,29.859996227055387,30.05807324537514,29.61240089865691,29.760957717895508,388420,0.0,0.0
2014-06-10 00:00:00-04:00,29.95903515094993,30.50374412536621,29.810478329654803,30.50374412536621,621860,0.0,0.0
2014-06-11 00:00:00-04:00,30.652304023543223,31.1970130190688,30.256149966067298,31.0484561920166,1012540,0.0,0.0
2014-06-12 00:00:00-04:00,31.296051126738973,32.03883525234734,31.19701261365702,31.989316940307617,1075940,0.0,0.0
2014-06-13 00:00:00-04:00,31.840761962427557,32.13787561228122,30.850378721909472,31.642684936523438,1249020,0.0,0.0
2014-06-16 00:00:00-04:00,31.89027940724702,31.9397977178753,31.29605023469536,31.494125366210938,635260,0.0,0.0
2014-06-17 00:00:00-04:00,31.097974828950072,31.79124065875635,30.998936313548445,31.444608688354492,459760,0.0,0.0
2014-06-18 00:00:00-04:00,31.395089980434715,32.4349896565711,31.24653126469877,32.38547134399414,618060,0.0,0.0
2014-06-19 00:00:00-04:00,32.979695978096515,35.307094260640795,32.880659360969005,35.257572174072266,2489880,0.0,0.0
2014-06-20 00:00:00-04:00,35.00998363353838,35.5546964672471,34.712869946609864,35.10902404785156,1259660,0.0,0.0
2014-06-23 00:00:00-04:00,35.10901687143201,36.049879836060875,34.811903245234674,35.851802825927734,605220,0.0,0.0
2014-06-24 00:00:00-04:00,36.09940520661615,36.19844184205598,34.316719322660944,34.36623764038086,914180,0.0,0.0
2014-06-25 00:00:00-04:00,34.36623658906743,35.55469506801604,34.21767786244685,34.861427307128906,784140,0.0,0.0
2014-06-26 00:00:00-04:00,34.61383065370958,35.40613501737854,34.56431233935624,35.307098388671875,566860,0.0,0.0
2014-06-27 00:00:00-04:00,35.70324551651632,37.78304853703482,35.65372720655264,37.4364128112793,1699260,0.0,0.0
2014-06-30 00:00:00-04:00,37.04026478123038,38.080164465028545,36.44603369191349,37.83256912231445,984140,0.0,0.0
2014-07-01 00:00:00-04:00,37.98112307487524,38.525835837105646,36.941223418080384,36.99074172973633,644400,0.0,0.0
2014-07-02 00:00:00-04:00,37.139300835048275,37.98112347610735,37.08978252286922,37.73352813720703,554000,0.0,0.0
2014-07-03 00:00:00-04:00,37.08978383662399,37.33737918429437,36.84218848895361,37.28786087036133,482320,0.0,0.0
2014-07-07 00:00:00-04:00,37.08978287625968,37.28785990486823,36.396515165132335,36.4460334777832,769720,0.0,0.0
2014-07-08 00:00:00-04:00,36.79266610169921,37.28785674221734,36.19843506627459,37.23833465576172,778280,0.0,0.0
2014-07-09 00:00:00-04:00,37.43641132623516,39.41717387024765,37.28785640223706,39.169578552246094,1319320,0.0,0.0
2014-07-10 00:00:00-04:00,39.714294013740904,40.110448098757935,37.337380837654756,37.58497619628906,1392760,0.0,0.0
2014-07-11 00:00:00-04:00,37.83257131416171,38.37728034408966,37.337380600044426,38.228721618652344,779620,0.0,0.0
2014-07-14 00:00:00-04:00,36.99074172973633,37.584972803622684,36.49555105716687,36.99074172973633,828360,0.0,0.0
2014-07-15 00:00:00-04:00,36.990745191847594,37.238340551305754,35.307099769936364,35.55469512939453,974540,0.0,0.0
2014-07-16 00:00:00-04:00,35.70324873169732,36.44603478205721,35.50517169600031,36.000362396240234,739540,0.0,0.0
2014-07-17 00:00:00-04:00,36.446034950369565,38.2287207238649,36.19843959910617,37.386898040771484,1151660,0.0,0.0
2014-07-18 00:00:00-04:00,36.7926666832898,37.48593056856997,36.644107977584156,37.33737564086914,634940,0.0,0.0
2014-07-21 00:00:00-04:00,37.634489274275616,37.832566289214874,36.84218499252341,37.33737564086914,564800,0.0,0.0
2014-07-22 00:00:00-04:00,37.23834009226482,37.48593544867085,36.693631063772614,36.84218978881836,455600,0.0,0.0
2014-07-23 00:00:00-04:00,36.99073933550265,37.33737505066821,36.74314401524359,37.23833465576172,775740,0.0,0.0
2014-07-24 00:00:00-04:00,36.84218624840457,37.139299891939096,36.44603220502191,36.89170455932617,747520,0.0,0.0
2014-07-25 00:00:00-04:00,36.792669800314776,38.62487384321389,36.69362939545217,38.575355529785156,812120,0.0,0.0
2014-07-28 00:00:00-04:00,38.42679399493916,38.52583439254244,37.73352632373566,38.080162048339844,612280,0.0,0.0
2014-07-29 00:00:00-04:00,38.32775980774264,38.47631474656803,37.58497377960036,37.83256912231445,342360,0.0,0.0
2014-07-30 00:00:00-04:00,37.6344898291389,37.68400813910258,36.79266722574169,37.4364128112793,532640,0.0,0.0
2014-07-31 00:00:00-04:00,36.990740315834536,37.53545305724432,36.59459005972408,36.74314498901367,697260,0.0,0.0
2014-08-01 00:00:00-04:00,38.08016066424111,39.61525088024985,38.03064235624175,39.169578552246094,1215480,0.0,0.0
2014-08-04 00:00:00-04:00,39.21910017060896,39.31814057297212,37.43641448612765,37.73352813720703,674940,0.0,0.0
2014-08-05 00:00:00-04:00,38.03064526360919,39.12006323489801,37.8325682384644,39.021026611328125,723100,0.0,0.0
2014-08-06 00:00:00-04:00,39.66477215804511,40.60563519249664,39.66477215804511,40.35803985595703,881080,0.0,0.0
2014-08-07 00:00:00-04:00,40.259001389428626,41.001787365041665,39.86284735789974,40.70466995239258,785740,0.0,0.0
2014-08-08 00:00:00-04:00,40.655154910099,41.645536290505824,40.30852293815867,40.60563659667969,699400,0.0,0.0
2014-08-11 00:00:00-04:00,40.407556753079575,40.70467039092478,39.71428907943751,40.110443115234375,657940,0.0,0.0
2014-08-12 00:00:00-04:00,40.457081747081766,42.04169437406265,40.35804511077287,41.9921760559082,1103040,0.0,0.0
2014-08-13 00:00:00-04:00,42.13592636226607,42.48292659597129,41.590638659864055,42.18549728393555,822120,0.045,0.0
2014-08-14 00:00:00-04:00,42.13593042976372,42.631647258349176,41.14449677259281,41.49149703979492,802880,0.0,0.0
2014-08-15 00:00:00-04:00,40.847067101749225,41.441925778436854,40.3017793511157,40.94620895385742,769400,0.0,0.0
2014-08-18 00:00:00-04:00,40.7479214676218,41.19406736614714,40.549637763405414,40.94620895385742,430560,0.0,0.0
2014-08-19 00:00:00-04:00,40.84706555356832,40.89663647774359,40.15306126905734,40.69834899902344,621060,0.0,0.0
2014-08-20 00:00:00-04:00,40.747919435082586,41.19406531135381,40.153060788066995,40.50006103515625,420480,0.0,0.0
2014-08-21 00:00:00-04:00,39.90520224061454,40.351348115236405,38.91376864457443,39.26076889038086,1150860,0.0,0.0
2014-08-22 00:00:00-04:00,39.359915488383194,39.855632298609635,39.112057083269974,39.657344818115234,428940,0.0,0.0
2014-08-25 00:00:00-04:00,39.40948448551948,39.50862632990818,38.71548022874176,38.86419677734375,522740,0.0,0.0
2014-08-26 00:00:00-04:00,39.508630579551856,40.698351750280224,39.310346869446576,40.648780822753906,654220,0.0,0.0
2014-08-27 00:00:00-04:00,40.79749198495753,40.79749198495753,40.00434212148778,40.400917053222656,472940,0.0,0.0
2014-08-28 00:00:00-04:00,40.99577894717579,41.09492457904746,40.25220372722446,40.54963684082031,431840,0.0,0.0
2014-08-29 00:00:00-04:00,40.35134865291163,41.29321133810372,40.30177772885291,41.045352935791016,831520,0.0,0.0
2014-09-02 00:00:00-04:00,40.15305845043327,40.20262937112881,38.913766522950766,39.161624908447266,1025180,0.0,0.0
2014-09-03 00:00:00-04:00,39.11205886036907,39.55820476624782,39.012913224607516,39.21120071411133,552680,0.0,0.0
2014-09-04 00:00:00-04:00,39.508624488917306,39.55819919082055,37.17875721617767,37.377044677734375,688140,0.0,0.0
2014-09-05 00:00:00-04:00,37.72404636357443,38.120621302084785,37.277900503255005,37.97190475463867,781660,0.0,0.0
2014-09-08 00:00:00-04:00,37.77361991746049,37.77361991746049,36.43518602525866,36.68304443359375,749100,0.0,0.0
2014-09-09 00:00:00-04:00,36.63347384683797,37.27790344525249,36.03861139212549,37.22833251953125,762760,0.0,0.0
2014-09-10 00:00:00-04:00,36.68304385104712,37.52576091319596,36.336043597696204,36.83176040649414,767060,0.0,0.0
2014-09-11 00:00:00-04:00,36.53432810903003,37.62490738187849,36.23689877353288,37.57533645629883,831020,0.0,0.0
2014-09-12 00:00:00-04:00,37.0796184572931,38.26933576144743,36.78218534923545,37.872764587402344,1061780,0.0,0.0
2014-09-15 00:00:00-04:00,38.02147528837629,38.071049991698274,36.980470812935394,37.42661666870117,694680,0.0,0.0
2014-09-16 00:00:00-04:00,37.47618950585638,38.566768740371685,36.78218522607738,38.219764709472656,785480,0.0,0.0
2014-09-17 00:00:00-04:00,38.12062321835857,38.4676234704842,37.129189604263516,37.17876052856445,790660,0.0,0.0
2014-09-18 00:00:00-04:00,37.07961571764752,37.22832847866956,35.64203633565504,35.989036560058594,1057980,0.0,0.0
2014-09-19 00:00:00-04:00,35.64204015947739,35.88989856979083,34.10531877193786,34.402748107910156,1427320,0.0,0.0
2014-09-22 00:00:00-04:00,33.95659861845129,34.10531516170458,33.01473600255764,33.708740234375,1280460,0.0,0.0
2014-09-23 00:00:00-04:00,34.50188701832571,35.49332057507081,34.204457707705956,35.14632034301758,972580,0.0,0.0
2014-09-24 00:00:00-04:00,34.65060473744991,35.493321776398794,34.402746339874476,34.84889221191406,970400,0.0,0.0
2014-09-25 00:00:00-04:00,34.353175416763186,34.99760498124792,33.85745862161232,34.84889221191406,1060900,0.0,0.0
2014-09-26 00:00:00-04:00,34.70017803761148,34.7497489641185,33.907031867441354,34.254032135009766,524480,0.0,0.0
2014-09-29 00:00:00-04:00,34.40274497370766,34.452315894850436,33.80788257393778,33.90702819824219,385580,0.0,0.0
2014-09-30 00:00:00-04:00,33.659170496052404,34.204458203766634,33.06430808416684,33.411312103271484,847200,0.0,0.0
2014-10-01 00:00:00-04:00,33.56002690696496,34.60103524545359,33.41131413148027,33.857460021972656,953440,0.0,0.0
2014-10-02 00:00:00-04:00,34.204456665364205,35.1958901918965,33.95659828373113,35.09674835205078,1067580,0.0,0.0
2014-10-03 00:00:00-04:00,34.7497489641185,34.848894599151805,34.1053193554887,34.254032135009766,1371220,0.0,0.0
2014-10-06 00:00:00-04:00,34.60103381433863,34.99760498124792,34.10531701918775,34.84889221191406,796000,0.0,0.0
2014-10-07 00:00:00-04:00,34.898461234344936,35.096748698009726,33.56002369112171,33.708740234375,805460,0.0,0.0
2014-10-08 00:00:00-04:00,34.20446153714706,38.12062528113732,33.75831563025867,37.624908447265625,2410320,0.0,0.0
2014-10-09 00:00:00-04:00,37.52575750473888,37.52575750473888,36.08818191541486,37.0300407409668,1578820,0.0,0.0
2014-10-10 00:00:00-04:00,36.83176232676656,37.87276692311254,35.84032865748099,36.038612365722656,1169620,0.0,0.0
2014-10-13 00:00:00-04:00,36.88133120073976,38.76505279830889,36.43518531799316,37.17876052856445,1123100,0.0,0.0
2014-10-14 00:00:00-04:00,37.17875788947571,38.3684788983427,36.5343245732506,36.88132858276367,1470000,0.0,0.0
2014-10-15 00:00:00-04:00,37.4761912664531,39.310345790751555,37.03004536692,37.77362060546875,1680440,0.0,0.0
2014-10-16 00:00:00-04:00,37.4761902271172,38.021477963859844,36.08818542286494,36.13775634765625,1719260,0.0,0.0
2014-10-17 00:00:00-04:00,36.187330627441405,36.23690155682852,34.45232162475586,34.70018005371094,1496300,0.0,0.0
2014-10-20 00:00:00-04:00,35.1958928213276,35.642038698001755,34.70017602102721,35.39418029785156,791920,0.0,0.0
2014-10-21 00:00:00-04:00,35.840324589142924,36.23689574262964,35.04717471813174,35.14632034301758,803860,0.0,0.0
2014-10-22 00:00:00-04:00,34.70017709577671,34.94803550360369,33.857460021972656,33.857460021972656,788960,0.0,0.0
2014-10-23 00:00:00-04:00,33.60960090906163,34.84889292219785,32.86602570117991,34.35317611694336,961020,0.0,0.0
2014-10-24 00:00:00-04:00,34.40274369352155,34.99760228913685,34.1053143957139,34.551456451416016,579100,0.0,0.0
2014-10-27 00:00:00-04:00,34.30359984957158,34.65060386666827,33.95659961449381,34.105316162109375,571680,0.0,0.0
2014-10-28 00:00:00-04:00,34.40274593836376,34.45231686089651,33.70874167684838,34.3036003112793,597840,0.0,0.0
2014-10-29 00:00:00-04:00,33.907028580317814,34.40274536136919,32.27116169004072,32.519020080566406,1209460,0.0,0.0
2014-10-30 00:00:00-04:00,31.973733998886814,32.172021477764346,29.84215211049627,30.040437698364258,1815600,0.0,0.0
2014-10-31 00:00:00-04:00,26.619993551425164,28.50371708492247,26.32256232549848,27.165281295776367,2344340,0.0,0.0
2014-11-03 00:00:00-05:00,27.561852790270645,27.611425603917116,26.32256081425111,26.917421340942383,1441620,0.0,0.0
2014-11-04 00:00:00-05:00,26.818277534056374,26.818277534056374,25.231985321735078,25.331127166748047,1441880,0.0,0.0
2014-11-05 00:00:00-05:00,24.53798174640653,26.66956362092277,24.53798174640653,24.835411071777344,2362800,0.0,0.0
2014-11-06 00:00:00-05:00,25.57898536245782,26.76870640345982,25.479843518215542,26.025131225585938,1595540,0.0,0.0
2014-11-07 00:00:00-05:00,26.768708215031502,28.107144003984995,26.570420731108914,27.95842933654785,1594240,0.0,0.0
2014-11-10 00:00:00-05:00,27.61142695837908,27.61142695837908,26.124276514204368,26.272991180419922,1369080,0.0,0.0
2014-11-11 00:00:00-05:00,26.61999330583229,29.34643578445365,26.570420489797065,28.65243148803711,1766600,0.0,0.0
2014-11-12 00:00:00-05:00,28.999434247224226,29.84215322748224,27.958429671676434,28.50371742248535,1263340,0.0,0.0
2014-11-13 00:00:00-05:00,28.850719578004487,29.891724153552282,28.255859010115913,28.50371742248535,1055120,0.0,0.0
2014-11-14 00:00:00-05:00,28.007997605108443,30.932727314966012,27.61142456589286,30.734439849853516,1677700,0.0,0.0
2014-11-17 00:00:00-05:00,30.53615406494622,31.924162615087926,30.13958100390981,31.42844581604004,1468980,0.0,0.0
2014-11-18 00:00:00-05:00,32.17202033343016,32.866024593806785,31.131013942865223,32.717308044433594,1715620,0.0,0.0
2014-11-19 00:00:00-05:00,32.46945119985211,32.766880530775175,30.43701302618886,30.58572769165039,2080620,0.0,0.0
2014-11-20 00:00:00-05:00,31.180588119646927,32.02330518422423,30.784013158658126,31.725875854492188,1030740,0.0,0.0
2014-11-21 00:00:00-05:00,32.41987916172275,32.71730848243196,31.031870622387725,31.329301834106445,1341960,0.0,0.0
2014-11-24 00:00:00-05:00,31.23015799293678,32.32073342591428,31.18058706998671,31.67630386352539,921360,0.0,0.0
2014-11-25 00:00:00-05:00,31.77544336851342,34.60103115273289,31.6267287196096,34.551456451416016,1734120,0.0,0.0
2014-11-26 00:00:00-05:00,34.55145824091825,34.70017478853382,34.00617053635936,34.105316162109375,1117220,0.0,0.0
2014-11-28 00:00:00-05:00,32.667739931987555,32.667739931987555,31.031872876244698,31.081445693969727,939700,0.0,0.0
2014-12-01 00:00:00-05:00,31.72587508544313,34.30360092332777,31.67630416202593,34.15488815307617,2214240,0.0,0.0
2014-12-02 00:00:00-05:00,33.26259555479536,34.50188751869995,32.618166002776334,33.411312103271484,1317340,0.0,0.0
2014-12-03 00:00:00-05:00,33.65916855799306,35.74117742466533,33.65916855799306,34.551456451416016,1268860,0.0,0.0
2014-12-04 00:00:00-05:00,34.45231429082195,35.39417687675895,33.4608807860501,33.6591682434082,884660,0.0,0.0
2014-12-05 00:00:00-05:00,33.11388732076696,33.51045853428534,32.023307974047654,32.91559982299805,899820,0.0,0.0
2014-12-08 00:00:00-05:00,33.70874073165223,34.50188681599322,32.072873859808624,33.90702819824219,1444740,0.0,0.0
2014-12-09 00:00:00-05:00,34.70017486148411,37.47618809399905,34.55145831355589,35.69160842895508,1593800,0.0,0.0
2014-12-10 00:00:00-05:00,35.443750439627344,36.48475494089092,34.00617099406384,34.3036003112793,1181920,0.0,0.0
2014-12-11 00:00:00-05:00,34.006170341794004,34.70017458999774,32.76687839215123,32.866024017333984,1437580,0.0,0.0
2014-12-12 00:00:00-05:00,32.816450455629784,32.86602516095564,31.5275875395572,31.77544593811035,1627220,0.0,0.0
2014-12-15 00:00:00-05:00,31.131014399353322,31.874591484094243,28.503715759704225,28.602859497070312,1590620,0.0,0.0
2014-12-16 00:00:00-05:00,29.792580280185724,30.238726176904553,28.602861040618194,28.850719451904297,1216100,0.0,0.0
2014-12-17 00:00:00-05:00,29.049003641547145,30.833585251112297,28.900288980169094,30.635297775268555,1462000,0.0,0.0
2014-12-18 00:00:00-05:00,31.577159043959483,31.874590244490648,30.73444014563534,31.62672996520996,1202840,0.0,0.0
2014-12-19 00:00:00-05:00,31.82501792907715,32.32073474281367,31.329303006350198,31.82501792907715,3064880,0.0,0.0
2014-12-22 00:00:00-05:00,31.577161581262537,31.62673250649616,28.999433757912815,29.09857749938965,1369320,0.0,0.0
2014-12-23 00:00:00-05:00,29.09857654083793,30.090010140927742,28.503716002582134,28.702003479003906,1025160,0.0,0.0
2014-12-24 00:00:00-05:00,28.602859985778828,29.89172292053099,28.602859985778828,29.59429359436035,588480,0.0,0.0
2014-12-26 00:00:00-05:00,30.734440191005305,31.0318695009661,29.891721291437143,30.486581802368164,619480,0.0,0.0
2014-12-29 00:00:00-05:00,30.43701178288012,30.43701178288012,29.049003252578494,29.29686164855957,760340,0.0,0.0
2014-12-30 00:00:00-05:00,30.090010755684407,30.68487130609355,29.84215235059806,30.13958168029785,1221820,0.0,0.0
2014-12-31 00:00:00-05:00,30.090010755684407,30.536154750234093,29.495150205275262,30.13958168029785,803840,0.0,0.0
2015-01-02 00:00:00-05:00,29.49514942782515,31.77544593811035,29.34643476689516,31.77544593811035,1155940,0.0,0.0
2015-01-05 00:00:00-05:00,32.22159531439189,33.312170873763534,31.67630753470607,33.26259994506836,1232340,0.0,0.0
2015-01-06 00:00:00-05:00,33.46088375904662,35.79075118946152,33.21302536083146,34.501888275146484,1904240,0.0,0.0
2015-01-07 00:00:00-05:00,33.56002652635385,34.30360174140174,33.01473879172256,33.31216812133789,1536400,0.0,0.0
2015-01-08 00:00:00-05:00,33.4608828373071,33.857457776334606,31.725874097594883,32.172019958496094,1309620,0.0,0.0
2015-01-09 00:00:00-05:00,32.618166002776334,33.7583123403572,32.41987853214781,33.411312103271484,796220,0.0,0.0
2015-01-12 00:00:00-05:00,33.56002710885021,35.592469090873195,33.510456183390446,34.74974822998047,1240960,0.0,0.0
2015-01-13 00:00:00-05:00,35.344607798472126,35.39417871988836,32.37030712927174,33.2130241394043,1327440,0.0,0.0
2015-01-14 00:00:00-05:00,34.00617304302429,34.00617304302429,31.92416391505065,33.163455963134766,1255640,0.0,0.0
2015-01-15 00:00:00-05:00,34.35317311080179,36.18732361693482,34.30359840899921,35.443748474121094,2771200,0.0,0.0
2015-01-16 00:00:00-05:00,35.9394719055037,37.17876404017625,35.642042549586186,36.63347625732422,1733720,0.0,0.0
2015-01-20 00:00:00-05:00,37.724047814987216,39.65734409607467,37.525760338103034,38.566768646240234,1614080,0.0,0.0
2015-01-21 00:00:00-05:00,33.06430831384053,33.708741652354895,29.792578262809876,30.784011840820312,6016060,0.0,0.0
2015-01-22 00:00:00-05:00,31.230156782234403,31.676302635527236,30.13957950052592,31.180585861206055,1904280,0.0,0.0
2015-01-23 00:00:00-05:00,30.93272958693674,30.93272958693674,28.007999662261376,28.10714340209961,2373680,0.0,0.0
2015-01-26 00:00:00-05:00,27.611425769404818,28.206286299661357,26.81827776539293,28.156713485717773,1580300,0.0,0.0
2015-01-27 00:00:00-05:00,28.900287205093157,29.59429143691052,28.30542670510819,29.495147705078125,1846620,0.0,0.0
2015-01-28 00:00:00-05:00,28.751574123649778,29.098576258516417,27.611425872810393,27.809711456298828,1438980,0.0,0.0
2015-01-29 00:00:00-05:00,26.85657536616865,27.998353684914804,26.5587213052757,27.650856018066406,1404120,0.04,0.0
2015-01-30 00:00:00-05:00,25.764443664433404,26.01265602384525,21.296621195020215,23.729101181030273,6627740,0.0,0.0
2015-02-02 00:00:00-05:00,23.927671662886212,25.963012238700784,23.828386341056476,25.714799880981445,3168840,0.0,0.0
2015-02-03 00:00:00-05:00,25.516232309451,25.615515742155946,24.4737392226582,24.67230987548828,1323400,0.0,0.0
2015-02-04 00:00:00-05:00,24.92052227457726,25.31766168700393,24.672309905096828,25.119091033935547,1195140,0.0,0.0
2015-02-05 00:00:00-05:00,24.870877163866574,26.80693428648564,24.77159373703276,26.360151290893555,1082520,0.0,0.0
2015-02-06 00:00:00-05:00,25.268019117433102,26.211224953385933,24.920521433151524,25.069448471069336,1417360,0.0,0.0
2015-02-09 00:00:00-05:00,25.16873319300774,26.161582613688832,25.06944787219763,25.36730194091797,934700,0.0,0.0
2015-02-10 00:00:00-05:00,24.324811284109327,24.424096606868105,23.183034806658444,24.175884246826172,1205580,0.0,0.0
2015-02-11 00:00:00-05:00,24.275169507962342,24.573023581772546,23.282320070314967,23.729101181030273,1062920,0.0,0.0
2015-02-12 00:00:00-05:00,24.32481062471971,24.32481062471971,23.58017356477931,24.02695655822754,616840,0.0,0.0
2015-02-13 00:00:00-05:00,24.324811539288987,25.367302704917353,24.324811539288987,24.52338218688965,655540,0.0,0.0
2015-02-17 00:00:00-05:00,24.225524791914108,25.0694471540601,23.92767073172608,24.77159309387207,881800,0.0,0.0
2015-02-18 00:00:00-05:00,24.72195150037356,26.211225709958835,24.225526763845135,26.111940383911133,1336680,0.0,0.0
2015-02-19 00:00:00-05:00,26.111938948415013,26.161582555564763,24.72195014129166,24.920520782470703,1156700,0.0,0.0
2015-02-20 00:00:00-05:00,25.41694600377943,26.65800780187696,25.317660681189622,25.615514755249023,1118900,0.0,0.0
2015-02-23 00:00:00-05:00,25.317661177437262,26.509081284447745,25.168734137488467,26.310510635375977,921940,0.0,0.0
2015-02-24 00:00:00-05:00,25.963013341694623,26.260869319837727,25.367303279118495,26.111940383911133,928880,0.0,0.0
2015-02-25 00:00:00-05:00,27.30336060093822,28.246568361000122,26.608365209975755,27.00550651550293,1579700,0.0,0.0
2015-02-26 00:00:00-05:00,27.65085832693291,27.899070696306257,26.80693589232151,27.452287673950195,1240760,0.0,0.0
2015-02-27 00:00:00-05:00,27.551571286957838,28.792633056640625,27.551571286957838,28.792633056640625,1416920,0.0,0.0
2015-03-02 00:00:00-05:00,25.9630113332309,27.452285427607926,25.76444259020659,26.65800666809082,1806700,0.0,0.0
2015-03-03 00:00:00-05:00,26.8069355310301,27.501930913392684,25.6155154166114,25.76444435119629,1252600,0.0,0.0
2015-03-04 00:00:00-05:00,25.615515205596736,26.16158354258612,25.268019410988103,25.863727569580078,859580,0.0,0.0
2015-03-05 00:00:00-05:00,25.96301197206862,26.161582613688832,25.36730194091797,25.36730194091797,667000,0.0,0.0
2015-03-06 00:00:00-05:00,24.622665763334314,25.019807060896202,23.629816306849705,23.977313995361328,1493940,0.0,0.0
2015-03-09 00:00:00-04:00,24.076599223639377,24.22552626277555,22.587325044857558,23.083749771118164,1097740,0.0,0.0
2015-03-10 00:00:00-04:00,22.885178280886766,23.828385983553062,22.686609533916474,23.034107208251953,887820,0.0,0.0
2015-03-11 00:00:00-04:00,22.885178336910087,23.67945900786559,21.94197252564478,23.48088836669922,1079500,0.0,0.0
2015-03-12 00:00:00-04:00,23.878028833413136,24.12624119922288,22.885179370174168,23.43124771118164,916680,0.0,0.0
2015-03-13 00:00:00-04:00,23.530531851600607,24.076598271406244,22.736251184771533,24.02695655822754,1151460,0.0,0.0
2015-03-16 00:00:00-04:00,23.97731374011018,24.076599063443705,22.93482257938323,23.62981605529785,1148460,0.0,0.0
2015-03-17 00:00:00-04:00,23.23267766161682,23.927673061333824,22.835538244797153,23.133392333984375,1249440,0.0,0.0
2015-03-18 00:00:00-04:00,23.083747844106142,24.12623892474311,22.140540185465163,24.076597213745117,1784460,0.0,0.0
2015-03-19 00:00:00-04:00,23.77874568219731,24.424097462163587,23.53053331346335,24.225526809692383,1074400,0.0,0.0
2015-03-20 00:00:00-04:00,24.57302336483269,25.56587279371482,24.57302336483269,25.26801872253418,4067460,0.0,0.0
2015-03-23 00:00:00-04:00,25.268018919204746,25.51623127835721,24.77159420089982,25.168733596801758,1193040,0.0,0.0
2015-03-24 00:00:00-04:00,25.268019846780877,26.310511036006538,24.970163868637773,26.111940383911133,830660,0.0,0.0
2015-03-25 00:00:00-04:00,26.40979518700663,26.55872222259695,25.218375114864074,25.26801872253418,750300,0.0,0.0
2015-03-26 00:00:00-04:00,25.814086605804135,26.012657260255903,24.275170661788316,24.57302474975586,831260,0.0,0.0
2015-03-27 00:00:00-04:00,24.3248123380814,24.622666425553458,23.828387596487904,24.12624168395996,709320,0.0,0.0
2015-03-30 00:00:00-04:00,23.53053278223673,24.026957508497333,23.034108055976123,23.083749771118164,1024160,0.0,0.0
2015-03-31 00:00:00-04:00,23.083748455213875,23.48088783484116,22.587323757252285,22.7858943939209,832640,0.0,0.0
2015-04-01 00:00:00-04:00,23.331961888096775,24.622665405273438,23.2326765651501,24.622665405273438,1119200,0.0,0.0
2015-04-02 00:00:00-04:00,24.32480955615486,24.473736582858727,23.629814239923622,24.076597213745117,1204820,0.0,0.0
2015-04-06 00:00:00-04:00,25.16873353384675,25.21837524806907,24.52338178040658,24.72195053100586,862720,0.0,0.0
2015-04-07 00:00:00-04:00,24.275171063133772,24.92052286020656,24.175885734266387,24.374454498291016,566920,0.0,0.0
2015-04-08 00:00:00-04:00,24.37445402671806,24.573024680611077,23.381604544673166,23.679460525512695,873720,0.0,0.0
2015-04-09 00:00:00-04:00,23.43124599589832,23.580173025739956,23.08374833046122,23.331960678100586,597120,0.0,0.0
2015-04-10 00:00:00-04:00,23.828384871335373,24.12623892474311,23.629814239923622,24.076597213745117,557800,0.0,0.0
2015-04-13 00:00:00-04:00,23.977313899645246,24.175884547633505,23.083749771118164,23.083749771118164,838420,0.0,0.0
2015-04-14 00:00:00-04:00,23.431247166700377,24.424096606868105,23.381603558465976,24.175884246826172,735620,0.0,0.0
2015-04-15 00:00:00-04:00,24.225525485876705,25.61551429608824,24.225525485876705,25.36730194091797,1047820,0.0,0.0
2015-04-16 00:00:00-04:00,25.76444316691666,26.01265552153547,24.821235461881184,24.920520782470703,662380,0.0,0.0
2015-04-17 00:00:00-04:00,25.119089458095928,25.416945419012585,24.12624004246036,24.473737716674805,593580,0.0,0.0
2015-04-20 00:00:00-04:00,24.32481217989068,24.721951591840757,23.878029157878043,24.67230987548828,487200,0.0,0.0
2015-04-21 00:00:00-04:00,24.374452998633704,24.72195068143441,24.12624063859177,24.175884246826172,532480,0.0,0.0
2015-04-22 00:00:00-04:00,24.07659866412481,24.32481102148692,23.580173949400585,23.828386306762695,730040,0.0,0.0
2015-04-23 00:00:00-04:00,23.927672527466008,24.473738976695596,23.72910187663157,24.324811935424805,566140,0.0,0.0
2015-04-24 00:00:00-04:00,24.07659772101869,24.424095386455793,23.282318966056685,23.331960678100586,967620,0.0,0.0
2015-04-27 00:00:00-04:00,23.67945946663191,24.523381867374187,23.480888821618432,23.729101181030273,1231340,0.0,0.0
2015-04-28 00:00:00-04:00,23.87802875944128,24.970163544362826,23.82838704391714,24.870878219604492,1030780,0.0,0.0
2015-04-29 00:00:00-04:00,24.87087723057742,25.56587258253818,24.622664875407146,25.36730194091797,1309560,0.0,0.0
2015-04-30 00:00:00-04:00,24.324811330143447,25.317660772190116,24.1262406842501,24.622665405273438,1022380,0.0,0.0
2015-05-01 00:00:00-04:00,24.324812209082207,25.7148010994306,24.126241556013824,25.119091033935547,1517300,0.0,0.0
2015-05-04 00:00:00-04:00,25.516232973365405,25.565874691009522,24.42409814180355,24.821237564086914,963620,0.0,0.0
2015-05-05 00:00:00-04:00,25.218375870581013,25.416946519791992,24.324811736551737,24.424097061157227,676400,0.0,0.0
2015-05-06 00:00:00-04:00,24.672308904279287,24.77159422678603,23.580174144125174,23.729101181030273,772880,0.0,0.0
2015-05-07 00:00:00-04:00,23.67945894165034,24.473737716674805,23.67945894165034,24.473737716674805,658160,0.0,0.0
2015-05-08 00:00:00-04:00,24.622664170068123,24.920520123966085,24.12623947394812,24.77159309387207,742020,0.0,0.0
2015-05-11 00:00:00-04:00,24.82123694804307,25.26801997059188,24.72195162150888,25.119091033935547,365020,0.0,0.0
2015-05-12 00:00:00-04:00,25.11909003601001,25.665158363398934,25.069448321570118,25.615514755249023,527540,0.0,0.0
2015-05-13 00:00:00-04:00,25.814086066917874,26.409796124127222,25.565873700889817,25.76444435119629,949620,0.0,0.0
2015-05-14 00:00:00-04:00,26.01265691934525,26.608365087473246,25.61551561564648,25.665159225463867,858160,0.0,0.0
2015-05-15 00:00:00-04:00,25.416945353480592,26.06229709323782,25.317660033431025,25.46658706665039,586620,0.0,0.0
2015-05-18 00:00:00-04:00,25.615514507674927,25.71479982930514,25.11908979323386,25.26801872253418,327220,0.0,0.0
2015-05-19 00:00:00-04:00,25.069447684660112,25.317660037973578,23.92767123816016,24.02695655822754,1051020,0.0,0.0
2015-05-20 00:00:00-04:00,24.17588252945099,24.424094871860735,24.02695550274712,24.076597213745117,330380,0.0,0.0
2015-05-21 00:00:00-04:00,24.026957209543017,24.22552596135055,23.778744849501084,24.175884246826172,447860,0.0,0.0
2015-05-22 00:00:00-04:00,24.126241087340762,24.57302410121043,23.927672331839844,24.424097061157227,503080,0.0,0.0
2015-05-26 00:00:00-04:00,23.878028833413136,23.977314158479047,23.381604101793652,23.43124771118164,827920,0.0,0.0
2015-05-27 00:00:00-04:00,23.381603046116034,23.629815400719007,23.034107264639857,23.48088836669922,640980,0.0,0.0
2015-05-28 00:00:00-04:00,23.530532042710092,23.977313146077,23.282319687380703,23.927671432495117,441660,0.0,0.0
2015-05-29 00:00:00-04:00,23.878028670970856,24.0765993197518,23.530532876169286,23.977313995361328,296600,0.0,0.0
2015-06-01 00:00:00-04:00,24.225526983153344,24.324812310099855,23.480889871619674,23.679460525512695,389800,0.0,0.0
2015-06-02 00:00:00-04:00,23.778743160337378,24.225524240448983,23.58017252892563,24.076597213745117,406260,0.0,0.0
2015-06-03 00:00:00-04:00,23.87802810385208,24.076598747916844,22.73625163475473,22.83553695678711,1080660,0.0,0.0
2015-06-04 00:00:00-04:00,22.68660946248357,22.785894782511086,22.48803882242854,22.587324142456055,437120,0.0,0.0
2015-06-05 00:00:00-04:00,22.339110745517353,22.93482074413979,22.140540114739913,22.636964797973633,565040,0.0,0.0
2015-06-08 00:00:00-04:00,22.785895439354494,22.785895439354494,22.190185395726985,22.736251831054688,371200,0.0,0.0
2015-06-09 00:00:00-04:00,22.785894979379634,23.034107334737975,22.3887536958383,22.488039016723633,450060,0.0,0.0
2015-06-10 00:00:00-04:00,23.034108216662144,23.133391647638827,22.339112837564986,22.537683486938477,442060,0.0,0.0
2015-06-11 00:00:00-04:00,22.38875356759346,22.38875356759346,21.445547758860528,21.59447479248047,1237600,0.0,0.0
2015-06-12 00:00:00-04:00,21.445549391955442,21.594476436916292,20.55198522848024,20.80019760131836,786560,0.0,0.0
2015-06-15 00:00:00-04:00,20.700911024703117,21.296621062321698,20.551983988725976,20.94912338256836,692060,0.0,0.0
2015-06-16 00:00:00-04:00,20.75055181256545,20.800195418148597,20.055558377790675,20.45269775390625,763660,0.0,0.0
2015-06-17 00:00:00-04:00,20.303770793026803,20.899478912353516,20.005914839653517,20.899478912353516,743120,0.0,0.0
2015-06-18 00:00:00-04:00,21.395903607599063,21.395903607599063,20.700910170481254,20.899478912353516,694260,0.0,0.0
2015-06-19 00:00:00-04:00,20.750553088108834,20.949123735227786,20.05555961061258,20.30377197265625,1893500,0.0,0.0
2015-06-22 00:00:00-04:00,19.906630910556608,20.849838654805648,19.856989195053,20.651268005371094,637720,0.0,0.0
2015-06-23 00:00:00-04:00,20.452699461242858,20.75055354476612,20.35341413549841,20.551984786987305,432740,0.0,0.0
2015-06-24 00:00:00-04:00,20.55198457436388,20.998765695026535,20.50234096515021,20.651268005371094,360360,0.0,0.0
2015-06-25 00:00:00-04:00,20.700912875066614,20.80019820582939,19.956275734911053,20.055561065673828,505400,0.0,0.0
2015-06-26 00:00:00-04:00,20.005914880371098,20.154841910505883,19.85698785023631,19.90662956237793,515100,0.0,0.0
2015-06-29 00:00:00-04:00,19.658419742622723,20.254129833489205,19.608778024096424,20.055561065673828,867340,0.0,0.0
2015-06-30 00:00:00-04:00,20.005916442247884,20.800197154493382,19.856989400486253,20.551984786987305,990460,0.0,0.0
2015-07-01 00:00:00-04:00,20.452697864485387,20.849837242748126,19.90662956237793,19.90662956237793,611480,0.0,0.0
2015-07-02 00:00:00-04:00,20.05555961061258,20.35341368758097,19.856988963493627,20.30377197265625,546240,0.0,0.0
2015-07-06 00:00:00-04:00,20.105202794575224,20.849839935115046,20.00591746376121,20.502342224121094,660020,0.0,0.0
2015-07-07 00:00:00-04:00,20.05556062595253,20.30377300056229,19.70806292275684,19.807348251342773,897960,0.0,0.0
2015-07-08 00:00:00-04:00,19.956275297366602,20.20448767197636,19.70806292275684,19.807348251342773,303420,0.0,0.0
2015-07-09 00:00:00-04:00,20.154843351021732,20.154843351021732,19.11235217185891,19.211637496948242,561440,0.0,0.0
2015-07-10 00:00:00-04:00,19.211637697340777,19.310923023465733,18.71521296042608,19.11235237121582,663880,0.0,0.0
2015-07-13 00:00:00-04:00,18.864138236463486,19.01306526485148,18.268428229201607,18.5662841796875,813200,0.0,0.0
2015-07-14 00:00:00-04:00,18.566285479260074,19.31092256703184,18.516641870515933,18.864139556884766,359180,0.0,0.0
2015-07-15 00:00:00-04:00,18.71521173315073,18.71521173315073,17.82164764404297,17.82164764404297,506340,0.0,0.0
2015-07-16 00:00:00-04:00,17.821647328455747,18.715211401740202,17.67271840481673,18.466999053955078,609560,0.0,0.0
2015-07-17 00:00:00-04:00,18.119500637054443,18.3180712645335,16.729511925830593,16.87843894958496,812640,0.0,0.0
2015-07-20 00:00:00-04:00,15.984875679016113,16.580585696277634,15.885590360520869,15.984875679016113,1561440,0.0,0.0
2015-07-21 00:00:00-04:00,16.1834458365805,17.126653604148057,16.133804119849618,16.233089447021484,824180,0.0,0.0
2015-07-22 00:00:00-04:00,15.885591552846076,16.97772635084626,15.687021847806509,16.332374572753906,815640,0.0,0.0
2015-07-23 00:00:00-04:00,16.58058631471439,16.679869743202854,15.488451557951226,15.687021255493164,887320,0.0,0.0
2015-07-24 00:00:00-04:00,15.240238788073341,16.630227580214992,14.992026436129835,16.382015228271484,1316000,0.0,0.0
2015-07-27 00:00:00-04:00,16.332374416130637,17.176294944314538,15.687021697372007,15.935233116149902,1122140,0.0,0.0
2015-07-28 00:00:00-04:00,16.08416205049771,16.431657847415757,15.786306075512158,15.935233116149902,773660,0.0,0.0
2015-07-29 00:00:00-04:00,15.935233268964687,16.332374572753906,15.339524153845984,16.332374572753906,845260,0.0,0.0
2015-07-30 00:00:00-04:00,15.885591465430656,15.885591465430656,15.33952406943547,15.438809394836426,702460,0.0,0.0
2015-07-31 00:00:00-04:00,16.13380338385811,17.22593814550743,15.786305701463776,17.077011108398438,1109580,0.0,0.0
2015-08-03 00:00:00-04:00,17.07701084537711,17.474150236120998,16.43165720499455,16.72951316833496,604920,0.0,0.0
2015-08-04 00:00:00-04:00,16.82879908975823,17.077011454541037,16.18344542635489,16.431657791137695,835240,0.0,0.0
2015-08-05 00:00:00-04:00,16.58058689287145,16.729513934507168,15.786306181297505,15.885591506958008,604380,0.0,0.0
2015-08-06 00:00:00-04:00,16.034518149971714,16.38201583428956,15.637378750912761,16.08416175842285,812420,0.0,0.0
2015-08-07 00:00:00-04:00,16.08416283569432,16.729514639102696,15.984877505852223,16.48130226135254,1035920,0.0,0.0
2015-08-10 00:00:00-04:00,16.679868937498927,18.06985959371544,16.08416082050319,18.02021598815918,998280,0.0,0.0
2015-08-11 00:00:00-04:00,18.16914437590575,18.864139755978453,17.374865564717,18.764854431152344,1303840,0.0,0.0
2015-08-12 00:00:00-04:00,19.360563601810984,20.204485983708842,19.01306592765187,20.154842376708984,1367380,0.0,0.0
2015-08-13 00:00:00-04:00,19.746973096693754,20.393599027842885,18.702421764115364,18.95112419128418,1181740,0.04,0.0
2015-08-14 00:00:00-04:00,19.79671217869774,20.443338088797002,19.398788687671182,19.49827003479004,1351780,0.0,0.0
2015-08-17 00:00:00-04:00,20.09515697588823,20.841264261169492,19.746973196600518,20.642301559448242,1253320,0.0,0.0
2015-08-18 00:00:00-04:00,20.393597718246653,21.040223607872026,20.095155583788422,20.841262817382812,865760,0.0,0.0
2015-08-19 00:00:00-04:00,19.398788214197616,19.84645331658171,17.906573736182416,19.299306869506836,1999680,0.0,0.0
2015-08-20 00:00:00-04:00,19.697231644797792,20.19463650347904,19.64749191790925,19.846454620361328,700640,0.0,0.0
2015-08-21 00:00:00-04:00,18.30449715963676,18.702420639693226,16.762542962874655,16.862024307250977,1758260,0.0,0.0
2015-08-24 00:00:00-04:00,15.867214460837971,16.41435998336158,15.419550287400273,15.568771362304688,1344920,0.0,0.0
2015-08-25 00:00:00-04:00,16.16565762360807,16.31487869910544,14.673443073736555,14.772924423217773,1504400,0.0,0.0
2015-08-26 00:00:00-04:00,14.673442980936978,14.72318365536301,13.529412212760485,14.3252592086792,1299460,0.0,0.0
2015-08-27 00:00:00-04:00,14.723183147712007,15.170847304662068,14.225778318050954,14.922144889831543,1659380,0.0,0.0
2015-08-28 00:00:00-04:00,14.971886257703973,15.618512186797137,14.723183831325915,15.220588684082031,1438680,0.0,0.0
2015-08-31 00:00:00-04:00,14.822663544409563,15.170847304662068,14.573961129579038,14.922144889831543,980460,0.0,0.0
2015-09-01 00:00:00-04:00,14.872405090241754,15.5190319759976,14.474481582641602,14.474481582641602,875900,0.0,0.0
2015-09-02 00:00:00-04:00,14.474480999116933,14.72318341852195,13.628892393650096,14.225778579711914,966980,0.0,0.0
2015-09-03 00:00:00-04:00,13.877594716684174,14.822663714115459,13.728373645567181,13.778114318847656,717640,0.0,0.0
2015-09-04 00:00:00-04:00,13.628892063784058,13.827853804747626,13.23096858185692,13.678632736206055,843500,0.0,0.0
2015-09-08 00:00:00-04:00,13.827854043403699,14.374999552040054,13.579151625725759,13.778114318847656,624900,0.0,0.0
2015-09-09 00:00:00-04:00,13.628892782283035,14.126297635276755,13.479671705874706,13.57915210723877,1131220,0.0,0.0
2015-09-10 00:00:00-04:00,13.778114093897535,13.977075835046627,13.230968594194222,13.280709266662598,775460,0.0,0.0
2015-09-11 00:00:00-04:00,13.23096939225945,13.62889289855957,12.186419002316036,13.62889289855957,1784040,0.0,0.0
2015-09-14 00:00:00-04:00,13.380190271301014,13.678633370957712,12.882785421448007,13.131487846374512,785740,0.0,0.0
2015-09-15 00:00:00-04:00,13.131487497589083,13.628892334230521,12.932525752677394,12.982266426086426,717020,0.0,0.0
2015-09-16 00:00:00-04:00,13.330449623457035,14.424740674830515,13.230969222520468,14.375,797420,0.0,0.0
2015-09-17 00:00:00-04:00,14.225778542702647,15.270328891231147,14.076556522213185,15.021626472473145,1384560,0.0,0.0
2015-09-18 00:00:00-04:00,15.419549811581637,15.966694368496928,14.772923908650244,15.767733573913574,3050860,0.0,0.0
2015-09-21 00:00:00-04:00,15.519031903675032,15.767734331947231,14.9718863717313,15.270329475402832,1033980,0.0,0.0
2015-09-22 00:00:00-04:00,14.922145141837,14.922145141837,14.325258956673744,14.623702049255371,976480,0.0,0.0
2015-09-23 00:00:00-04:00,14.872404850856224,15.021626875347769,14.275519599063433,14.375,574760,0.0,0.0
2015-09-24 00:00:00-04:00,14.772924233483195,15.91695499420166,14.573961537076116,15.91695499420166,1048980,0.0,0.0
2015-09-25 00:00:00-04:00,15.469291077605366,16.066176330410322,15.170847976840657,15.618512153625488,836580,0.0,0.0
2015-09-28 00:00:00-04:00,15.121107519672968,15.170848195304107,14.424740907010463,14.474481582641602,621380,0.0,0.0
2015-09-29 00:00:00-04:00,14.623701918141467,15.767733604659751,14.52422152065581,14.971885681152344,881320,0.0,0.0
2015-09-30 00:00:00-04:00,14.772923570088263,16.016435623168945,14.623701554483938,16.016435623168945,1155020,0.0,0.0
2015-10-01 00:00:00-04:00,16.215397316561944,16.414360015118707,15.021626817568116,15.17084789276123,855360,0.0,0.0
2015-10-02 00:00:00-04:00,15.767733314009083,17.011245375091047,15.51903090179269,16.862024307250977,1672960,0.0,0.0
2015-10-05 00:00:00-04:00,17.11072781310522,18.60294238177897,16.96150483827869,18.155277252197266,1736720,0.0,0.0
2015-10-06 00:00:00-04:00,18.652682265093578,19.448529282757985,18.354240107831664,19.05060577392578,1653640,0.0,0.0
2015-10-07 00:00:00-04:00,19.199825411085193,19.44852782261453,18.503459797272345,19.24956703186035,1377300,0.0,0.0
2015-10-08 00:00:00-04:00,18.702420961701808,19.995674665962916,18.503460166972385,18.602941513061523,1431520,0.0,0.0
2015-10-09 00:00:00-04:00,19.647491455078125,19.84645415284329,18.90138418463212,19.647491455078125,1386740,0.0,0.0
2015-10-12 00:00:00-04:00,20.04541570188516,20.095157326908833,18.155277592312306,18.30449867248535,922180,0.0,0.0
2015-10-13 00:00:00-04:00,18.403978932698568,19.150086186726888,18.055795167995576,18.652681350708008,703500,0.0,0.0
2015-10-14 00:00:00-04:00,19.150087386931474,20.144897121317523,18.90138495333496,19.995676040649414,1237300,0.0,0.0
2015-10-15 00:00:00-04:00,19.74697274882897,20.59256136579675,19.59775167464616,20.44333839416504,1200660,0.0,0.0
2015-10-16 00:00:00-04:00,20.294117616877507,20.59256166705815,19.64749168765951,19.746973037719727,1117800,0.0,0.0
2015-10-19 00:00:00-04:00,19.548009557286214,20.1448957363722,18.503460166972385,18.602941513061523,895360,0.0,0.0
2015-10-20 00:00:00-04:00,18.901384514686633,19.995675576605645,18.851644788101243,19.79671287536621,902280,0.0,0.0
2015-10-21 00:00:00-04:00,19.448529169566747,19.498270793786876,18.75216350752551,19.000865936279297,620080,0.0,0.0
2015-10-22 00:00:00-04:00,19.050604921479618,19.64749110674389,18.901383849525768,19.49827003479004,752320,0.0,0.0
2015-10-23 00:00:00-04:00,19.74697253126809,20.592561138919656,19.10034661863414,20.34385871887207,1027200,0.0,0.0
2015-10-26 00:00:00-04:00,20.294117133960427,20.443338206775433,19.44852852474356,19.548009872436523,716780,0.0,0.0
2015-10-27 00:00:00-04:00,19.398789596557616,19.945934185173247,19.19982689299795,19.896194458007812,497440,0.0,0.0
2015-10-28 00:00:00-04:00,20.19463492654631,20.791521089844718,18.453718057104428,19.199825286865234,1109480,0.0,0.0
2015-10-29 00:00:00-04:00,18.901383167988545,19.15008557809366,18.10553621463171,18.40397834777832,880160,0.0,0.0
2015-10-30 00:00:00-04:00,18.45371960082266,18.801903383327588,17.3594304235914,17.409170150756836,958520,0.0,0.0
2015-11-02 00:00:00-05:00,17.011246781053657,18.65268245785511,16.9117654284553,18.30449867248535,973080,0.0,0.0
2015-11-03 00:00:00-05:00,18.10553670530952,18.354239122154713,17.657871596008633,17.807092666625977,973020,0.0,0.0
2015-11-04 00:00:00-05:00,17.906573800479663,17.906573800479663,16.862024421097885,16.91176414489746,938000,0.0,0.0
2015-11-05 00:00:00-05:00,16.86202552129129,16.911765248336227,15.91695552784586,16.563581466674805,1211440,0.0,0.0
2015-11-06 00:00:00-05:00,15.86721384278318,16.71280148217855,15.618511428480232,16.115917205810547,912180,0.0,0.0
2015-11-09 00:00:00-05:00,16.016435498565475,16.911763790328397,15.568770403959617,16.762542724609375,1151880,0.0,0.0
2015-11-10 00:00:00-05:00,16.414359100665,16.86202419875357,15.767733212552809,16.016435623168945,902140,0.0,0.0
2015-11-11 00:00:00-05:00,16.066176271973582,16.513841395854605,15.966694922505695,16.41436004638672,626260,0.0,0.0
2015-11-12 00:00:00-05:00,16.06617606778252,16.712801984932184,15.66825257241726,15.91695499420166,542860,0.0,0.0
2015-11-13 00:00:00-05:00,15.86721420288086,16.21539702157215,15.767733804136679,15.86721420288086,640080,0.0,0.0
2015-11-16 00:00:00-05:00,16.06617618075118,16.165657529654222,15.867214431669561,15.966694831848145,533720,0.0,0.0
2015-11-17 00:00:00-05:00,15.867214369097601,15.966694768883887,14.971886027398776,15.12110710144043,717940,0.0,0.0
2015-11-18 00:00:00-05:00,15.170847728848457,16.06617606778252,14.922145307064056,15.91695499420166,941260,0.0,0.0
2015-11-19 00:00:00-05:00,16.215396767688127,16.414359459510216,15.916954627403847,16.16565704345703,505720,0.0,0.0
2015-11-20 00:00:00-05:00,16.265138939925595,16.414360015118707,14.922145468289735,15.17084789276123,586640,0.0,0.0
2015-11-23 00:00:00-05:00,15.071366310119629,15.320068730740246,14.922145237237036,15.071366310119629,359260,0.0,0.0
2015-11-24 00:00:00-05:00,15.419549823743083,15.618511567207786,15.021626336813679,15.3698091506958,737840,0.0,0.0
2015-11-25 00:00:00-05:00,15.22058808027838,15.568770894160503,15.021626336813679,15.3698091506958,632240,0.0,0.0
2015-11-27 00:00:00-05:00,15.02162684819636,15.270329273174946,14.723183748477165,14.772924423217773,232480,0.0,0.0
2015-11-30 00:00:00-05:00,14.77292450634642,15.270329359102536,14.67344315630541,15.220588684082031,789380,0.0,0.0
2015-12-01 00:00:00-05:00,15.270329102459991,15.66825259848735,14.87240465770818,15.519031524658203,660700,0.0,0.0
2015-12-02 00:00:00-05:00,15.121107079906393,15.66825259848735,14.822663983523649,15.519031524658203,658660,0.0,0.0
2015-12-03 00:00:00-05:00,15.717993385933557,15.916955135380928,15.27032921249586,15.568771362304688,506940,0.0,0.0
2015-12-04 00:00:00-05:00,15.767733667546002,16.26513850313137,15.717992994242579,16.215396881103516,693160,0.0,0.0
2015-12-07 00:00:00-05:00,16.01643676021943,16.215397564367823,15.021627047130634,15.270329475402832,755060,0.0,0.0
2015-12-08 00:00:00-05:00,15.320068374070615,15.419549719492593,14.772923820422996,14.922144889831543,738860,0.0,0.0
2015-12-09 00:00:00-05:00,15.270329242039612,15.717993416343411,14.922145468289735,15.17084789276123,526560,0.0,0.0
2015-12-10 00:00:00-05:00,15.02162658497506,15.41955007847827,14.772924164354443,15.071366310119629,405720,0.0,0.0
2015-12-11 00:00:00-05:00,14.922144875517631,15.618511446630237,14.822663530191079,15.320068359375,743560,0.0,0.0
2015-12-14 00:00:00-05:00,15.270329546566384,15.270329546566384,14.375000231379325,14.474481582641602,708720,0.0,0.0
2015-12-15 00:00:00-05:00,14.673443336441677,14.822664414610616,14.275519828841524,14.474481582641602,437540,0.0,0.0
2015-12-16 00:00:00-05:00,14.822664149233923,15.121107248953118,14.076556874298166,14.772924423217773,926480,0.0,0.0
2015-12-17 00:00:00-05:00,14.126296997070312,14.424740085128196,13.778114184939804,14.126296997070312,575640,0.0,0.0
2015-12-18 00:00:00-05:00,14.37499983378326,15.519031546758924,14.176038085486239,15.12110710144043,1429360,0.0,0.0
2015-12-21 00:00:00-05:00,15.46929048458969,15.966694368496928,15.0713660492497,15.767733573913574,688040,0.0,0.0
2015-12-22 00:00:00-05:00,15.717993272671881,16.165657442883774,15.46929085047367,15.519031524658203,473980,0.0,0.0
2015-12-23 00:00:00-05:00,15.618512153625488,16.016436604219923,15.519031752520227,15.618512153625488,456620,0.0,0.0
2015-12-24 00:00:00-05:00,15.76773332492861,16.165656805260646,15.668251980483394,16.06617546081543,200820,0.0,0.0
2015-12-28 00:00:00-05:00,15.817473694842233,15.817473694842233,14.971886027398776,15.12110710144043,381880,0.0,0.0
2015-12-29 00:00:00-05:00,15.320068477648517,15.568770894160503,15.071366061136533,15.3698091506958,481520,0.0,0.0
2015-12-30 00:00:00-05:00,15.170847304662068,15.170847304662068,14.723183147712007,14.922144889831543,473140,0.0,0.0
2015-12-31 00:00:00-05:00,14.872404823974533,15.121107248953118,14.47448132349858,14.772924423217773,701140,0.0,0.0
2016-01-04 00:00:00-05:00,15.07136594478304,15.419549704701552,14.573961115599118,15.320068359375,885380,0.0,0.0
2016-01-05 00:00:00-05:00,15.369809046781604,15.519031064914573,14.872404217120554,14.922144889831543,567920,0.0,0.0
2016-01-06 00:00:00-05:00,15.220587962772868,15.419549704701552,15.07136594478304,15.320068359375,640460,0.0,0.0
2016-01-07 00:00:00-05:00,15.56877119957279,16.663062233181982,15.469290800251148,16.314878463745117,805160,0.0,0.0
2016-01-08 00:00:00-05:00,15.867213954448324,16.414359459510216,15.61851153839514,16.16565704345703,692420,0.0,0.0
2016-01-11 00:00:00-05:00,16.464099992640023,16.464099992640023,14.772924618858434,15.270329475402832,670260,0.0,0.0
2016-01-12 00:00:00-05:00,12.733564404560962,12.93252615567257,11.539792949166849,12.335639953613281,2257140,0.0,0.0
2016-01-13 00:00:00-05:00,12.484861492200567,12.932525651946124,12.435120819178966,12.534602165222168,853280,0.0,0.0
2016-01-14 00:00:00-05:00,12.534602809293624,12.584342536146597,11.73875484622785,11.987457275390625,874220,0.0,0.0
2016-01-15 00:00:00-05:00,12.335639518430263,12.385380191634505,11.04238770746658,11.340829849243164,1144060,0.0,0.0
2016-01-19 00:00:00-05:00,11.490052032019866,11.639273105027167,10.296280601788135,10.594722747802734,1032480,0.0,0.0
2016-01-20 00:00:00-05:00,10.843425052988017,10.94290639974823,10.346020216635825,10.54498291015625,1437060,0.0,0.0
2016-01-21 00:00:00-05:00,10.445502017241902,10.893166199664515,10.047578510360571,10.743945121765137,1211740,0.0,0.0
2016-01-22 00:00:00-05:00,10.743944616965562,11.539792542060129,10.594722597352838,11.340829849243164,728940,0.0,0.0
2016-01-25 00:00:00-05:00,10.843424808120679,10.942906152634393,9.301470609229,10.445501327514648,1804680,0.0,0.0
2016-01-26 00:00:00-05:00,10.594722948890144,11.490052250100591,10.296280797211125,11.092127799987793,846700,0.0,0.0
2016-01-27 00:00:00-05:00,11.042387935482903,11.440311431884766,10.594722816125243,11.440311431884766,773060,0.0,0.0
2016-01-28 00:00:00-05:00,11.241349711026174,11.390570785358712,10.89316593928432,11.042387962341309,559480,0.0,0.0
2016-01-29 00:00:00-05:00,11.092127915933997,11.440311694831706,10.992647513909274,11.141868591308594,565860,0.0,0.0
2016-02-01 00:00:00-05:00,11.340830313563401,12.03719786948484,11.141868561324907,11.539793014526367,712700,0.0,0.0
2016-02-02 00:00:00-05:00,11.440311195651645,11.490051868855888,10.992647034262337,11.340829849243164,404340,0.0,0.0
2016-02-03 00:00:00-05:00,11.390570820996956,12.385380516258254,11.340830146489,12.285900115966797,990900,0.0,0.0
2016-02-04 00:00:00-05:00,12.634082752793903,14.026816874749379,12.634082752793903,13.429930686950684,1321460,0.0,0.0
2016-02-05 00:00:00-05:00,13.081746881214167,14.275519253337805,12.733564063281806,14.225778579711914,992340,0.0,0.0
2016-02-08 00:00:00-05:00,15.121106675058446,15.320068417745183,13.479671111987328,13.728373527526855,1667360,0.0,0.0
2016-02-09 00:00:00-05:00,13.977076225831924,14.026816899691001,12.932525869689071,13.032007217407227,1304320,0.0,0.0
2016-02-10 00:00:00-05:00,13.032006853045129,13.47967100781169,12.385380008405061,13.280709266662598,1276120,0.0,0.0
2016-02-11 00:00:00-05:00,14.822663889499012,15.519031426216294,14.225778649244196,15.071366310119629,1785220,0.0,0.0
2016-02-12 00:00:00-05:00,14.723183689972249,15.767734060476513,14.623702340886336,15.568771362304688,761140,0.0,0.0
2016-02-16 00:00:00-05:00,14.673443370952361,15.12110755523652,13.728374326635917,14.076557159423828,1265580,0.0,0.0
2016-02-17 00:00:00-05:00,14.424740465563982,14.52422181378179,13.47967145239261,13.877594947814941,1074480,0.0,0.0
2016-02-18 00:00:00-05:00,13.579151470256935,15.07136595924009,13.579151470256935,14.922144889831543,1348360,0.0,0.0
2016-02-19 00:00:00-05:00,14.673442489847615,15.121106647250622,14.325258729242817,14.524221420288086,1013140,0.0,0.0
2016-02-22 00:00:00-05:00,14.225778924232918,14.573961750597597,13.92733582397429,14.375,820700,0.0,0.0
2016-02-23 00:00:00-05:00,14.673443336441677,14.772924687703954,14.225779153210386,14.474481582641602,732920,0.0,0.0
2016-02-24 00:00:00-05:00,14.822663570055756,15.071365985316586,14.026816600200634,14.126296997070312,934100,0.0,0.0
2016-02-25 00:00:00-05:00,14.126297549038775,14.97188617345575,13.977076473541407,14.772924423217773,714180,0.0,0.0
2016-02-26 00:00:00-05:00,14.5739619851794,15.320069273473045,14.375000231379325,14.474481582641602,661540,0.0,0.0
2016-02-29 00:00:00-05:00,14.772923820422996,14.922144889831543,14.52422140559247,14.922144889831543,524380,0.0,0.0
2016-03-01 00:00:00-05:00,15.121106784538968,15.220588130964819,14.026816717476768,14.176037788391113,931340,0.0,0.0
2016-03-02 00:00:00-05:00,14.325259071648993,14.673442840576172,14.12629732457251,14.673442840576172,755000,0.0,0.0
2016-03-03 00:00:00-05:00,14.673442443873915,16.115917205810547,14.673442443873915,16.115917205810547,1352900,0.0,0.0
2016-03-04 00:00:00-05:00,16.215397403611618,17.707611958451295,16.066176327617434,17.25994873046875,2999260,0.0,0.0
2016-03-07 00:00:00-05:00,17.657872620296786,18.50346126611065,17.608132893022017,18.254758834838867,1652540,0.0,0.0
2016-03-08 00:00:00-05:00,18.2547584336952,18.503460859501814,16.961504681031457,17.25994873046875,1468260,0.0,0.0
2016-03-09 00:00:00-05:00,16.762542839159213,17.160466316278814,16.165656674755404,16.81228256225586,1064160,0.0,0.0
2016-03-10 00:00:00-05:00,17.011246138405347,18.304497980980766,16.911764789565183,18.00605583190918,1960480,0.0,0.0
2016-03-11 00:00:00-05:00,17.95631327051802,18.05579461416012,16.56358015187501,16.81228256225586,1953080,0.0,0.0
2016-03-14 00:00:00-04:00,16.812282578161057,17.060984988777193,15.96669400257643,16.016435623168945,1377000,0.0,0.0
2016-03-15 00:00:00-04:00,15.867214065428417,16.41435957431721,15.519031249753318,16.215396881103516,1054820,0.0,0.0
2016-03-16 00:00:00-04:00,16.16565687911031,17.757352705158628,15.7179927245106,17.707611083984375,1525600,0.0,0.0
2016-03-17 00:00:00-04:00,18.055794747420368,18.15527609179669,16.613321895034584,16.862024307250977,1725300,0.0,0.0
2016-03-18 00:00:00-04:00,16.712801688226776,17.409169215839917,16.563580617295063,17.011245727539062,3043520,0.0,0.0
2016-03-21 00:00:00-04:00,17.060984972636714,17.458908449756315,16.613321772420463,16.81228256225586,954080,0.0,0.0
2016-03-22 00:00:00-04:00,17.458908330447738,17.608131293615553,16.663061381647097,16.762542724609375,1392920,0.0,0.0
2016-03-23 00:00:00-04:00,16.115917954049646,16.46409983228029,15.618512153625488,15.618512153625488,1117400,0.0,0.0
2016-03-24 00:00:00-04:00,15.220588567400421,15.717993416343411,14.72318371845743,15.17084789276123,1149060,0.0,0.0
2016-03-28 00:00:00-04:00,15.419549962996173,15.51903130998915,14.822663778487193,15.021626472473145,937800,0.0,0.0
2016-03-29 00:00:00-04:00,15.270328626338824,15.81747317913564,14.822663521360456,15.717992782592773,1316340,0.0,0.0
2016-03-30 00:00:00-04:00,15.568771362304688,15.767734060476513,15.071366514324033,15.568771362304688,1051880,0.0,0.0
2016-03-31 00:00:00-04:00,15.81747317913564,16.01643586967021,15.618511437325486,15.717992782592773,1350980,0.0,0.0
2016-04-01 00:00:00-04:00,15.27032921249586,15.568771362304688,14.92214543941962,15.568771362304688,599860,0.0,0.0
2016-04-04 00:00:00-04:00,15.568771034761202,15.618511708257689,14.971885798976656,15.021626472473145,697580,0.0,0.0
2016-04-05 00:00:00-04:00,15.320069202077693,15.519031903675032,14.922145696331965,15.270329475402832,688800,0.0,0.0
2016-04-06 00:00:00-04:00,15.071366291598748,15.469290733337402,14.971885892707418,15.469290733337402,820960,0.0,0.0
2016-04-07 00:00:00-04:00,15.717993357039457,16.115917803927157,15.568771333684898,15.966694831848145,1202060,0.0,0.0
2016-04-08 00:00:00-04:00,16.464099040905936,17.458908696488137,16.314877972058373,16.91176414489746,2365940,0.0,0.0
2016-04-11 00:00:00-04:00,17.558390937588886,18.652681994063744,17.508651211250957,18.10553741455078,1932940,0.0,0.0
2016-04-12 00:00:00-04:00,18.503460391213885,19.050604955161656,17.856834479971365,18.702421188354492,1593480,0.0,0.0
2016-04-13 00:00:00-04:00,18.403979792526318,19.100347354466358,18.006056284610136,18.20501708984375,1115380,0.0,0.0
2016-04-14 00:00:00-04:00,18.155276313904057,18.25475765949741,17.259947998461573,17.757352828979492,799080,0.0,0.0
2016-04-15 00:00:00-04:00,17.856835431966218,18.503461377682065,17.409170293998102,18.30449867248535,1034600,0.0,0.0
2016-04-18 00:00:00-04:00,18.702420837484595,18.851643804351628,18.354238974658436,18.553199768066406,928580,0.0,0.0
2016-04-19 00:00:00-04:00,19.299306869506836,19.44852793781859,18.80190204350177,19.299306869506836,1380740,0.0,0.0
2016-04-20 00:00:00-04:00,19.29930774114483,19.796712589614796,18.60294209175623,18.85164451599121,1321420,0.0,0.0
2016-04-21 00:00:00-04:00,19.398789319167623,19.59775201988225,18.851644738375803,18.95112419128418,1386420,0.0,0.0
2016-04-22 00:00:00-04:00,18.801903003865608,19.59775190459339,18.702421654093516,18.901384353637695,1312940,0.0,0.0
2016-04-25 00:00:00-04:00,18.85164451599121,19.150086666093625,18.3044980442049,18.85164451599121,1226300,0.0,0.0
2016-04-26 00:00:00-04:00,19.150085563860703,19.49826931723884,18.553199400562296,19.199825286865234,965940,0.0,0.0
2016-04-27 00:00:00-04:00,19.44852793781859,19.64749062720015,18.80190204350177,19.299306869506836,970540,0.0,0.0
2016-04-28 00:00:00-04:00,19.49826954565174,20.39359785236329,19.199825511782006,20.095155715942383,1113860,0.0,0.0
2016-04-29 00:00:00-04:00,20.692040078760634,21.23918652784326,20.49307928609782,20.94074249267578,1592340,0.0,0.0
2016-05-02 00:00:00-04:00,21.338669356474604,21.338669356474604,20.194636654966743,20.741783142089844,1289440,0.0,0.0
2016-05-03 00:00:00-04:00,20.741782497888714,20.79152222360555,19.398789031596124,19.647491455078125,1634080,0.0,0.0
2016-05-04 00:00:00-04:00,19.29930676452339,19.846453208621924,18.403978462074402,18.453718185424805,1090680,0.0,0.0
2016-05-05 00:00:00-04:00,18.851643664571576,19.54800928250937,18.652680975190016,19.299306869506836,1254120,0.0,0.0
2016-05-06 00:00:00-04:00,19.796712474406938,20.891003514162364,19.59775167464616,20.44333839416504,1541860,0.0,0.0
2016-05-09 00:00:00-04:00,20.642300242469425,21.73659123722263,20.59256051893698,20.891002655029297,2432300,0.0,0.0
2016-05-10 00:00:00-04:00,21.338668163042833,23.029843462191586,20.841263328449283,22.681659698486328,1852320,0.0,0.0
2016-05-11 00:00:00-04:00,23.42776784100746,24.37283782164256,23.228807038075654,23.87543296813965,2564840,0.0,0.0
2016-05-12 00:00:00-04:00,23.576990004678397,24.522058055382658,23.079585168271247,23.52724838256836,2187860,0.0,0.0
2016-05-13 00:00:00-04:00,23.626729469742205,25.11894396256803,23.32828733015658,24.223615646362305,1676040,0.0,0.0
2016-05-16 00:00:00-04:00,25.3676469869901,25.66608913373984,24.472318649291992,24.472318649291992,1526200,0.0,0.0
2016-05-17 00:00:00-04:00,24.173874448957186,25.666088967965624,23.87543230413505,25.218425750732422,1343160,0.0,0.0
2016-05-18 00:00:00-04:00,25.16868387145408,25.31790683979123,22.482698903118226,22.681659698486328,1828160,0.0,0.0
2016-05-19 00:00:00-04:00,21.83607277878101,22.681659471155932,21.53762874254676,22.58218002319336,1260020,0.0,0.0
2016-05-20 00:00:00-04:00,22.930363466805158,23.079586443934303,21.935553739005385,22.432958602905273,2302820,0.0,0.0
2016-05-23 00:00:00-04:00,21.985294342041016,22.532438907921332,21.388408153613195,21.985294342041016,903040,0.0,0.0
2016-05-24 00:00:00-04:00,21.089966045233194,21.836073307718582,21.089966045233194,21.18944549560547,1308280,0.0,0.0
2016-05-25 00:00:00-04:00,20.84126391497034,22.383218186624934,20.54281986734599,22.1345157623291,1952540,0.0,0.0
2016-05-26 00:00:00-04:00,22.582180287996213,23.07958512343711,21.43814764852306,21.885812759399414,1159020,0.0,0.0
2016-05-27 00:00:00-04:00,21.587370530578372,21.83607294730186,20.59256086368442,21.040224075317383,1339520,0.0,0.0
2016-05-31 00:00:00-04:00,20.791521780031864,21.88581279949646,20.69204043327165,21.0899658203125,1126940,0.0,0.0
2016-06-01 00:00:00-04:00,21.139705770419333,21.786331685083557,20.741782276583567,21.18944549560547,976540,0.0,0.0
2016-06-02 00:00:00-04:00,21.139706124269495,21.836073673225,20.692041000305395,21.338668823242188,1268020,0.0,0.0
2016-06-03 00:00:00-04:00,22.781142314282732,23.5272496077469,22.68166096233105,23.22880744934082,2249000,0.0,0.0
2016-06-06 00:00:00-04:00,23.576990352068353,23.875432499330422,22.930362537252368,23.676469802856445,1141720,0.0,0.0
2016-06-07 00:00:00-04:00,23.62673061052748,23.974914388488198,23.029844405087523,23.079586029052734,1209700,0.0,0.0
2016-06-08 00:00:00-04:00,24.024652615508174,24.42257609514881,23.17906403536631,23.278545379638672,1718760,0.0,0.0
2016-06-09 00:00:00-04:00,23.228806871377813,23.278546597391582,22.582180945954228,22.980104446411133,1628100,0.0,0.0
2016-06-10 00:00:00-04:00,23.228806925750007,23.676470153268536,22.084776147715196,22.184255599975586,1462460,0.0,0.0
2016-06-13 00:00:00-04:00,22.830883309337,23.27854653460015,21.736592262945553,22.1345157623291,1440160,0.0,0.0
2016-06-14 00:00:00-04:00,22.283737456588916,22.383218808561207,20.493080710883607,20.741783142089844,2305220,0.0,0.0
2016-06-15 00:00:00-04:00,20.741782956584423,21.68685104824646,20.493080527602473,21.487890243530273,1758860,0.0,0.0
2016-06-16 00:00:00-04:00,22.283737456588916,22.383218808561207,20.542820438145267,20.741783142089844,1584020,0.0,0.0
2016-06-17 00:00:00-04:00,21.04022530055774,21.239188004502314,19.995675848471137,20.741783142089844,6565300,0.0,0.0
2016-06-20 00:00:00-04:00,20.29411671562374,21.3884077227912,20.045414300242445,20.9904842376709,1061600,0.0,0.0
2016-06-21 00:00:00-04:00,20.64230109137472,20.841263788584396,20.19463597137739,20.44333839416504,854140,0.0,0.0
2016-06-22 00:00:00-04:00,20.642301382020463,21.43814838716698,20.194636255719963,21.388408660888672,1444120,0.0,0.0
2016-06-23 00:00:00-04:00,21.28892613563533,21.438147203681485,20.79152131051558,20.891002655029297,975800,0.0,0.0
2016-06-24 00:00:00-04:00,22.880622430281203,23.0298435014237,21.288926577380565,21.885812759399414,2010480,0.0,0.0
2016-06-27 00:00:00-04:00,22.631920848532026,22.681660574933844,21.18944601349217,22.233997344970703,2163140,0.0,0.0
2016-06-28 00:00:00-04:00,21.786332276638873,22.28373713180163,21.38840877199846,21.438148498535156,1327660,0.0,0.0
2016-06-29 00:00:00-04:00,21.83607417664316,22.731402547763718,21.637111473083497,22.38321876525879,1263800,0.0,0.0
2016-06-30 00:00:00-04:00,22.631921195983885,22.631921195983885,21.78633255202876,22.38321876525879,976140,0.0,0.0
2016-07-01 00:00:00-04:00,22.830882520206696,23.576989767305623,22.731401174437067,23.427766799926758,1097300,0.0,0.0
2016-07-05 00:00:00-04:00,24.323096867846917,24.721020351078906,23.576989625243623,24.173873901367188,1693000,0.0,0.0
2016-07-06 00:00:00-04:00,24.77076029231473,25.218425400784714,24.223615735250398,25.069204330444336,1816660,0.0,0.0
2016-07-07 00:00:00-04:00,24.870242790816746,24.919982517418802,23.875433079184077,23.925172805786133,1174600,0.0,0.0
2016-07-08 00:00:00-04:00,24.02465304316399,25.168683779038684,23.626729556440036,25.069204330444336,1114320,0.0,0.0
2016-07-11 00:00:00-04:00,24.671278824737634,25.516867415766097,24.422576409579197,25.01946258544922,1427320,0.0,0.0
2016-07-12 00:00:00-04:00,24.870242019629764,25.069204714766357,24.12413475904087,24.422576904296875,1190020,0.0,0.0
2016-07-13 00:00:00-04:00,24.82050288082808,24.96972395698067,24.223616678768792,24.671279907226562,882220,0.0,0.0
2016-07-14 00:00:00-04:00,24.074394922773,24.522058138589088,23.925171953385426,24.37283706665039,834340,0.0,0.0
2016-07-15 00:00:00-04:00,24.074394340094624,24.87024130280485,23.97491299539364,24.124134063720703,1036300,0.0,0.0
2016-07-18 00:00:00-04:00,24.024652832336297,24.273355246537395,23.576989625243623,24.173873901367188,975900,0.0,0.0
2016-07-19 00:00:00-04:00,23.974913019671753,24.273355156628096,23.228805779832065,23.32828712463379,783280,0.0,0.0
2016-07-20 00:00:00-04:00,22.582181310540644,22.731402388440024,21.288927541365133,21.487890243530273,1382820,0.0,0.0
2016-07-21 00:00:00-04:00,21.587371078608225,22.58218077075701,21.487889729903564,22.084775924682617,969640,0.0,0.0
2016-07-22 00:00:00-04:00,21.388408892447703,21.985295101494174,21.139706463465753,21.487890243530273,1072840,0.0,0.0
2016-07-25 00:00:00-04:00,21.089965486687387,21.13970521055622,19.89619313934703,20.144895553588867,1193740,0.0,0.0
2016-07-26 00:00:00-04:00,20.44333828182319,20.69204070324415,20.045414787039437,20.393598556518555,760040,0.0,0.0
2016-07-27 00:00:00-04:00,20.841263973259377,21.53762962476596,20.045415074817527,21.338668823242188,1033420,0.0,0.0
2016-07-28 00:00:00-04:00,21.587371360899766,21.786332163461932,20.891003808309865,21.388408660888672,813680,0.0,0.0
2016-07-29 00:00:00-04:00,21.63711054413996,21.836073239157585,20.24437737136326,20.34385871887207,1752440,0.0,0.0
2016-08-01 00:00:00-04:00,20.393598443902032,20.592561138919656,20.045414676345636,20.34385871887207,1168980,0.0,0.0
2016-08-02 00:00:00-04:00,20.94074347831049,21.288927253669705,20.493080250662008,20.54281997680664,1400280,0.0,0.0
2016-08-03 00:00:00-04:00,20.54281903688604,20.64230038207254,19.846453415478198,20.144895553588867,1303240,0.0,0.0
2016-08-04 00:00:00-04:00,20.29411731998223,20.692040816952687,20.244377594404263,20.44333839416504,1104180,0.0,0.0
2016-08-05 00:00:00-04:00,19.99567569847591,20.095157049701953,19.548010566683207,19.846454620361328,1333120,0.0,0.0
2016-08-08 00:00:00-04:00,19.846454840772413,20.39359943241869,19.697231863551632,19.945934295654297,583180,0.0,0.0
2016-08-09 00:00:00-04:00,20.1946352774577,20.49307931301721,19.945932863215862,20.144895553588867,549800,0.0,0.0
2016-08-10 00:00:00-04:00,21.139706529643224,21.438148686376252,20.59256194314969,20.692041397094727,986480,0.0,0.0
2016-08-11 00:00:00-04:00,20.84126449406213,21.189446379791686,20.542820438145267,20.741783142089844,900880,0.0,0.0
2016-08-12 00:00:00-04:00,21.089965228580944,21.239186295810057,20.791521196673898,20.841262817382812,972620,0.0,0.0
2016-08-15 00:00:00-04:00,21.089965583313187,21.438147446887918,20.841263167931892,20.9904842376709,962600,0.0,0.0
2016-08-16 00:00:00-04:00,21.189445382880514,21.438147802385913,20.99048458574552,21.139705657958984,945640,0.0,0.0
2016-08-17 00:00:00-04:00,20.9407434252968,21.786332049757366,20.44333857531399,21.338668823242188,1708320,0.0,0.0
2016-08-18 00:00:00-04:00,21.48788966286184,21.587371011256117,20.692040773156496,21.239187240600586,1209480,0.0,0.0
2016-08-19 00:00:00-04:00,20.791522525002176,21.089966575976206,20.393599021152404,20.592561721801758,905520,0.0,0.0
2016-08-22 00:00:00-04:00,20.19463539123535,20.343858358580256,19.945932975592314,20.19463539123535,844860,0.0,0.0
2016-08-23 00:00:00-04:00,20.343858756531354,20.39359848165339,19.498270147314486,19.548009872436523,856660,0.0,0.0
2016-08-24 00:00:00-04:00,19.249568315381136,19.349049666115842,17.906574824084974,18.155277252197266,1572960,0.0,0.0
2016-08-25 00:00:00-04:00,17.807092553051746,18.40397872916302,17.558390137792784,17.757352828979492,1492220,0.0,0.0
2016-08-26 00:00:00-04:00,18.155276187308502,18.801902082983148,17.309687601834504,17.707611083984375,1871640,0.0,0.0
2016-08-29 00:00:00-04:00,17.508650291633856,17.707611083984375,17.359429223008757,17.707611083984375,758560,0.0,0.0
2016-08-30 00:00:00-04:00,17.55839015938938,17.75735285082081,16.812282912694798,16.961503982543945,950960,0.0,0.0
2016-08-31 00:00:00-04:00,16.86202419875357,16.961503645040978,15.916954279432728,16.016435623168945,1791720,0.0,0.0
2016-09-01 00:00:00-04:00,15.767733895664968,16.663062233181982,15.618511873595835,16.314878463745117,2600600,0.0,0.0
2016-09-02 00:00:00-04:00,17.060985328259658,17.11072694984194,16.215396735849364,16.961503982543945,2026100,0.0,0.0
2016-09-06 00:00:00-04:00,17.309689054543544,18.453719873280086,17.309689054543544,18.35424041748047,2100400,0.0,0.0
2016-09-07 00:00:00-04:00,18.503460166972385,18.95112337820023,17.757352917477117,18.602941513061523,1562080,0.0,0.0
2016-09-08 00:00:00-04:00,18.453718070819818,19.050604234561852,18.205015660714707,18.40397834777832,1223780,0.0,0.0
2016-09-09 00:00:00-04:00,18.205017170097562,18.205017170097562,17.3594304235914,17.409170150756836,1512520,0.0,0.0
2016-09-12 00:00:00-04:00,17.30968801857471,19.000865230238727,17.21020667127997,18.702421188354492,2009960,0.0,0.0
2016-09-13 00:00:00-04:00,18.652681868848603,18.702421594852634,17.5583908197197,18.055795669555664,1716400,0.0,0.0
2016-09-14 00:00:00-04:00,18.702420837484595,19.00086487376982,18.2050160077914,18.553199768066406,1970620,0.0,0.0
2016-09-15 00:00:00-04:00,18.901384585287992,19.15008701404178,18.055795948035318,19.000865936279297,1397880,0.0,0.0
2016-09-16 00:00:00-04:00,18.851644902998835,19.846454620361328,18.80190327866134,19.846454620361328,2404260,0.0,0.0
2016-09-19 00:00:00-04:00,20.19463614251512,20.294117491963004,19.597751840725643,19.69723129272461,1185480,0.0,0.0
2016-09-20 00:00:00-04:00,19.697231644797792,20.144896776590496,19.548010566683207,19.846454620361328,871800,0.0,0.0
2016-09-21 00:00:00-04:00,20.29411671562374,21.04022396176762,19.94593295460016,20.9904842376709,1952000,0.0,0.0
2016-09-22 00:00:00-04:00,21.388408077464383,21.587370772048256,20.692040543869712,21.139705657958984,1818640,0.0,0.0
2016-09-23 00:00:00-04:00,21.040224828048686,21.239187527525072,20.244377825040985,20.54281997680664,1171100,0.0,0.0
2016-09-26 00:00:00-04:00,20.692039860826437,20.7915212048345,19.945932626939204,20.045413970947266,804880,0.0,0.0
2016-09-27 00:00:00-04:00,19.746972214112667,19.896193284254807,19.05060469018421,19.398788452148438,1242440,0.0,0.0
2016-09-28 00:00:00-04:00,19.398788310863353,20.24437689877537,19.34904858699452,20.144895553588867,1537120,0.0,0.0
2016-09-29 00:00:00-04:00,20.045415768389123,20.244378474245927,19.697231981864206,19.995676040649414,681980,0.0,0.0
2016-09-30 00:00:00-04:00,20.294117133960427,20.542819554468394,19.498270147314486,19.548009872436523,736880,0.0,0.0
2016-10-03 00:00:00-04:00,19.54801016537981,19.746972863747363,18.60294209175623,18.85164451599121,1161600,0.0,0.0
2016-10-04 00:00:00-04:00,18.055796091152295,18.105537715766694,17.25994907181157,17.409170150756836,1693020,0.0,0.0
2016-10-05 00:00:00-04:00,17.757352349510775,17.906573415147243,16.911763780972397,17.55838966369629,1105980,0.0,0.0
2016-10-06 00:00:00-04:00,16.61332280286134,17.508651156275363,16.61332280286134,17.25994873046875,1267800,0.0,0.0
2016-10-07 00:00:00-04:00,17.80709282224132,18.155276588357122,16.862024768439998,17.060985565185547,1277480,0.0,0.0
2016-10-10 00:00:00-04:00,17.458909766808098,17.6578724691015,17.210207337665825,17.35943031311035,624140,0.0,0.0
2016-10-11 00:00:00-04:00,17.011246073857563,17.508650918722118,17.011246073857563,17.16046714782715,837500,0.0,0.0
2016-10-12 00:00:00-04:00,17.210206376940473,18.105536589831804,16.96150396168151,17.757352828979492,1445440,0.0,0.0
2016-10-13 00:00:00-04:00,18.05579555760481,18.752163102037056,17.458909362012726,18.00605583190918,924240,0.0,0.0
2016-10-14 00:00:00-04:00,17.70761219595037,18.105537600537176,17.309688688812525,17.35943031311035,869380,0.0,0.0
2016-10-17 00:00:00-04:00,17.558391340812676,17.657872693222032,17.210207556104418,17.45890998840332,540040,0.0,0.0
2016-10-18 00:00:00-04:00,17.807093013390876,17.956314086914062,17.508650866344503,17.956314086914062,680840,0.0,0.0
2016-10-19 00:00:00-04:00,18.15527617228362,18.851643688556223,18.15527617228362,18.503459930419922,1005500,0.0,0.0
2016-10-20 00:00:00-04:00,18.702421188354492,18.752162810726304,18.15527662440672,18.702421188354492,684620,0.0,0.0
2016-10-21 00:00:00-04:00,18.503460044076625,18.702420837484595,18.30449735321981,18.553199768066406,627280,0.0,0.0
2016-10-24 00:00:00-04:00,18.602941420349723,18.801902214087583,17.409169068127177,17.757352828979492,899040,0.0,0.0
2016-10-25 00:00:00-04:00,17.906574361555965,18.155276783244243,17.707611665225787,17.956314086914062,1094360,0.0,0.0
2016-10-26 00:00:00-04:00,17.956313644803387,17.956313644803387,16.513840772996506,16.961503982543945,1231860,0.0,0.0
2016-10-27 00:00:00-04:00,16.911765248336227,17.011246599875054,16.414360388091044,16.563581466674805,798840,0.0,0.0
2016-10-28 00:00:00-04:00,16.563581466674805,17.30968875704258,16.26513930950728,16.563581466674805,1239880,0.0,0.0
2016-10-31 00:00:00-04:00,16.7625431130016,16.7625431130016,15.419549695515334,15.717992782592773,2632060,0.0,0.0
2016-11-01 00:00:00-04:00,16.364620320377238,16.76254382079986,16.066176271973582,16.41436004638672,1577420,0.0,0.0
2016-11-02 00:00:00-04:00,16.91176501094968,17.409169864212906,16.115918004708092,16.464099884033203,2092060,0.0,0.0
2016-11-03 00:00:00-04:00,16.464100115135977,17.060986326919988,16.165657957968453,16.563581466674805,1162220,0.0,0.0
2016-11-04 00:00:00-04:00,16.613322507883385,16.86202492927416,15.817473620963566,16.314878463745117,1148940,0.0,0.0
2016-11-07 00:00:00-05:00,15.867213971205251,16.016435990229407,15.46929048458969,15.767733573913574,793500,0.0,0.0
2016-11-08 00:00:00-05:00,15.916955254390198,16.314878756260168,15.369809727775642,15.618512153625488,1079860,0.0,0.0
2016-11-09 00:00:00-05:00,16.712802382296466,16.81228373286528,15.17084808955117,15.668252944946289,1837360,0.0,0.0
2016-11-10 00:00:00-05:00,15.568771452310047,15.568771452310047,14.225778924232918,14.375,2011200,0.0,0.0
2016-11-11 00:00:00-05:00,14.325259548743709,14.573961978053319,13.032007675313322,13.230969429016113,2529340,0.0,0.0
2016-11-14 00:00:00-05:00,13.131487377863289,13.778114228836225,12.634082545756918,12.932525634765625,2733720,0.0,0.0
2016-11-15 00:00:00-05:00,13.131487663102968,14.275519371032715,13.032007263755455,14.275519371032715,1530660,0.0,0.0
2016-11-16 00:00:00-05:00,14.026817432400184,14.275519862416326,13.579152299391545,14.076557159423828,1683320,0.0,0.0
2016-11-17 00:00:00-05:00,14.275518907821176,14.474480648784745,13.280709254278918,13.678632736206055,1364660,0.0,0.0
2016-11-18 00:00:00-05:00,13.579152223090937,13.728374249496838,13.330449794472242,13.62889289855957,1090660,0.0,0.0
2016-11-21 00:00:00-05:00,13.927335971065657,14.1760383991204,13.7781148937226,14.026817321777344,812120,0.0,0.0
2016-11-22 00:00:00-05:00,14.1760383991204,14.275519749832087,13.7781148937226,14.026817321777344,1039020,0.0,0.0
2016-11-23 00:00:00-05:00,13.42993106482164,13.479671739991797,12.833044860228668,13.181228637695312,1400400,0.0,0.0
2016-11-25 00:00:00-05:00,13.380190507112088,13.479671858325723,12.982266999706505,13.230969429016113,835640,0.0,0.0
2016-11-28 00:00:00-05:00,13.579151736782201,13.877594830181417,13.032007172395483,13.82785415649414,1171060,0.0,0.0
2016-11-29 00:00:00-05:00,13.678633226364624,13.678633226364624,13.280709730178343,13.479671478271484,713080,0.0,0.0
2016-11-30 00:00:00-05:00,13.380190469940876,13.728374249496838,13.081747365853548,13.62889289855957,1036800,0.0,0.0
2016-12-01 00:00:00-05:00,13.579151391362062,14.02681649443561,13.280709254278918,13.678632736206055,995300,0.0,0.0
2016-12-02 00:00:00-05:00,13.827854474313261,14.424740674830515,13.778114748207209,14.375,1335380,0.0,0.0
2016-12-05 00:00:00-05:00,14.176037998522743,15.071366334729138,13.927335577496027,14.673442840576172,1265040,0.0,0.0
2016-12-06 00:00:00-05:00,14.673442816616419,15.320068730740246,14.524221743733825,15.071366310119629,1298500,0.0,0.0
2016-12-07 00:00:00-05:00,15.22058883198759,15.668253014073363,14.772924649901817,14.872405052185059,1385040,0.0,0.0
2016-12-08 00:00:00-05:00,14.87240445198368,15.121106870741682,14.673442706722165,15.021626472473145,978020,0.0,0.0
2016-12-09 00:00:00-05:00,14.922144904929777,15.071365974489305,14.42474007476545,14.524221420288086,1299400,0.0,0.0
2016-12-12 00:00:00-05:00,14.772924279101755,15.419550198248189,14.673442930591019,15.12110710144043,1019460,0.0,0.0
2016-12-13 00:00:00-05:00,15.170848156483732,15.22058883198759,14.573961947886385,14.872405052185059,951480,0.0,0.0
2016-12-14 00:00:00-05:00,14.971886476716627,15.220588906732768,14.026817432400184,14.076557159423828,1869960,0.0,0.0
2016-12-15 00:00:00-05:00,13.47967159495731,14.126297519038602,13.032007420691457,13.529412269592285,2686540,0.0,0.0
2016-12-16 00:00:00-05:00,13.678632736206055,14.22577823539918,13.330448977976497,13.678632736206055,2516780,0.0,0.0
2016-12-19 00:00:00-05:00,13.927336080903935,14.623702695204235,13.728374326635917,14.076557159423828,1901060,0.0,0.0
2016-12-20 00:00:00-05:00,13.877595014175483,14.822664031866031,13.678633265512914,14.723183631896973,1188480,0.0,0.0
2016-12-21 00:00:00-05:00,14.723183831325915,15.419550435439584,14.623702481284907,15.220588684082031,1414940,0.0,0.0
2016-12-22 00:00:00-05:00,15.12110663195108,15.469290392203584,14.723183147712007,14.922144889831543,963980,0.0,0.0
2016-12-23 00:00:00-05:00,14.872404793650544,15.17084789276123,14.872404793650544,15.17084789276123,501680,0.0,0.0
2016-12-27 00:00:00-05:00,15.369809612857317,15.568771362304688,15.170847863409946,15.568771362304688,675180,0.0,0.0
2016-12-28 00:00:00-05:00,15.519031498836398,15.966694719578982,15.369809476531088,15.91695499420166,933380,0.0,0.0
2016-12-29 00:00:00-05:00,16.165656674755404,16.96150362899461,15.916954264374553,16.81228256225586,1440440,0.0,0.0
2016-12-30 00:00:00-05:00,16.71280123442484,17.110726609369706,15.916954279432728,16.016435623168945,1422180,0.0,0.0
2017-01-03 00:00:00-05:00,16.16565807522263,16.81228401874174,16.11591834781692,16.613323211669922,1058960,0.0,0.0
2017-01-04 00:00:00-05:00,16.812283034664205,17.011245727539062,16.41435954636335,17.011245727539062,1127240,0.0,0.0
2017-01-05 00:00:00-05:00,17.35942957450016,18.055795208000145,17.309687952318743,17.856834411621094,1369280,0.0,0.0
2017-01-06 00:00:00-05:00,17.50865031773655,18.00605514552765,16.563580385953923,16.91176414489746,1613040,0.0,0.0
2017-01-09 00:00:00-05:00,17.011246835806844,17.110728188725396,16.513841968663073,16.663063049316406,1032760,0.0,0.0
2017-01-10 00:00:00-05:00,16.911763790328397,17.309687264728716,16.414358972965797,16.762542724609375,896620,0.0,0.0
2017-01-11 00:00:00-05:00,16.613322577455698,17.458909295766322,16.066176109635347,17.16046714782715,2007040,0.0,0.0
2017-01-12 00:00:00-05:00,17.657872538704,17.707612265748935,16.26513930950728,16.563581466674805,1752860,0.0,0.0
2017-01-13 00:00:00-05:00,16.364619593306784,17.210206282592587,16.215396627010385,16.91176414489746,932300,0.0,0.0
2017-01-17 00:00:00-05:00,17.558390529155545,17.65787187696626,16.862024889378322,17.110727310180664,1346260,0.0,0.0
2017-01-18 00:00:00-05:00,17.060986563541626,17.309688997113515,16.31487926282597,16.663063049316406,1423760,0.0,0.0
2017-01-19 00:00:00-05:00,16.41436050714913,16.862025643596425,16.21539780262834,16.613323211669922,900060,0.0,0.0
2017-01-20 00:00:00-05:00,16.663062411537055,17.35942995786444,16.513841336595164,17.210206985473633,857660,0.0,0.0
2017-01-23 00:00:00-05:00,17.458908320789046,17.608131283874307,17.16046618951611,17.55838966369629,701180,0.0,0.0
2017-01-24 00:00:00-05:00,17.608131759313885,17.807092553051746,17.259947998461573,17.757352828979492,1155400,0.0,0.0
2017-01-25 00:00:00-05:00,17.40917026092313,17.657872693222032,17.06098647621487,17.45890998840332,888120,0.0,0.0
2017-01-26 00:00:00-05:00,17.16046802931595,17.259949382888742,16.663063158900997,16.71280288696289,1054160,0.0,0.0
2017-01-27 00:00:00-05:00,16.712801799069744,17.11072718745859,16.61332234942141,17.060985565185547,541920,0.0,0.0
2017-01-30 00:00:00-05:00,17.16046655879301,17.359429248888986,16.812282799849473,16.91176414489746,608460,0.0,0.0
2017-01-31 00:00:00-05:00,17.40916859805982,17.608131283874307,17.060984846608864,17.55838966369629,1168340,0.0,0.0
2017-02-01 00:00:00-05:00,17.45890844454836,17.90657354207988,17.160466311159887,17.608131408691406,1134680,0.0,0.0
2017-02-02 00:00:00-05:00,18.05579532185503,18.155276669396294,17.5583904815976,17.906574249267578,813240,0.0,0.0
2017-02-03 00:00:00-05:00,17.807092901726314,18.155276669396294,17.70761155418505,17.906574249267578,605380,0.0,0.0
2017-02-06 00:00:00-05:00,18.205016695021126,18.90138424185864,17.906574544918712,18.85164451599121,1004640,0.0,0.0
2017-02-07 00:00:00-05:00,18.70242131065253,19.249567775627057,18.602941860156154,18.75216293334961,977380,0.0,0.0
2017-02-08 00:00:00-05:00,19.050606003796716,19.448529517430398,18.851645195704368,19.150087356567383,1433580,0.0,0.0
2017-02-09 00:00:00-05:00,19.15008594318801,19.349048634044824,18.453718422637998,18.553199768066406,773640,0.0,0.0
2017-02-10 00:00:00-05:00,18.25475831833747,18.90138424185864,18.155276969153697,18.85164451599121,1002280,0.0,0.0
2017-02-13 00:00:00-05:00,18.60294273028042,18.7024221854298,18.205017319886995,18.30449867248535,949020,0.0,0.0
2017-02-14 00:00:00-05:00,18.65268099892153,18.702420722605787,18.006055103782014,18.503459930419922,833880,0.0,0.0
2017-02-15 00:00:00-05:00,18.155277592312306,18.801903538028157,18.05579623971395,18.30449867248535,935180,0.0,0.0
2017-02-16 00:00:00-05:00,18.354239776064595,19.050605429571366,18.354239776064595,18.901384353637695,715280,0.0,0.0
2017-02-17 00:00:00-05:00,18.901384651783786,19.000866003125072,18.20501708984375,18.20501708984375,794280,0.0,0.0
2017-02-21 00:00:00-05:00,18.006055943551637,18.20501674501667,17.757353518633657,18.055795669555664,684920,0.0,0.0
2017-02-22 00:00:00-05:00,18.00605617481968,18.30449832957485,17.5086513185951,18.155277252197266,985780,0.0,0.0
2017-02-23 00:00:00-05:00,18.453718930290616,18.55320027845571,17.85683463619787,17.956314086914062,974440,0.0,0.0
2017-02-24 00:00:00-05:00,18.20501569812166,18.254757318714173,16.016435623168945,16.016435623168945,1880280,0.0,0.0
2017-02-27 00:00:00-05:00,16.31487800802323,17.060985251354616,15.618511437325486,15.717992782592773,1297500,0.0,0.0
2017-02-28 00:00:00-05:00,15.867214613175195,16.265139064614768,15.170848009061526,15.220588684082031,1643520,0.0,0.0
2017-03-01 00:00:00-05:00,15.07136594478304,15.618511446630237,14.872404202854355,15.320068359375,1147380,0.0,0.0
2017-03-02 00:00:00-05:00,15.071366601453823,15.320069026881935,14.325259325169485,14.375,1332080,0.0,0.0
2017-03-03 00:00:00-05:00,14.649999618530273,14.850000381469727,14.25,14.75,1045780,0.075,0.0
2017-03-06 00:00:00-05:00,14.75,14.75,13.800000190734863,14.300000190734863,1237560,0.0,0.0
2017-03-07 00:00:00-05:00,14.25,14.550000190734863,13.800000190734863,13.850000381469727,933280,0.0,0.0
2017-03-08 00:00:00-05:00,13.75,14.449999809265137,13.699999809265137,14.300000190734863,1344360,0.0,0.0
2017-03-09 00:00:00-05:00,14.25,14.449999809265137,14.0,14.300000190734863,1365780,0.0,0.0
2017-03-10 00:00:00-05:00,14.399999618530273,15.0,14.050000190734863,14.899999618530273,952500,0.0,0.0
2017-03-13 00:00:00-04:00,15.0,15.149999618530273,14.699999809265137,14.899999618530273,881900,0.0,0.0
2017-03-14 00:00:00-04:00,14.800000190734863,15.199999809265137,14.050000190734863,14.25,888300,0.0,0.0
2017-03-15 00:00:00-04:00,14.300000190734863,15.649999618530273,14.199999809265137,15.550000190734863,1520280,0.0,0.0
2017-03-16 00:00:00-04:00,15.949999809265137,16.049999237060547,15.449999809265137,15.449999809265137,982580,0.0,0.0
2017-03-17 00:00:00-04:00,15.5,15.75,15.149999618530273,15.5,1482100,0.0,0.0
2017-03-20 00:00:00-04:00,15.5,15.649999618530273,15.050000190734863,15.399999618530273,881960,0.0,0.0
2017-03-21 00:00:00-04:00,15.449999809265137,16.100000381469727,15.149999618530273,15.850000381469727,1212860,0.0,0.0
2017-03-22 00:00:00-04:00,15.850000381469727,16.049999237060547,15.550000190734863,15.75,619040,0.0,0.0
2017-03-23 00:00:00-04:00,15.800000190734863,15.899999618530273,15.399999618530273,15.850000381469727,847880,0.0,0.0
2017-03-24 00:00:00-04:00,15.699999809265137,16.0,15.649999618530273,15.699999809265137,439380,0.0,0.0
2017-03-27 00:00:00-04:00,15.949999809265137,16.5,15.75,16.25,733780,0.0,0.0
2017-03-28 00:00:00-04:00,16.350000381469727,16.450000762939453,15.649999618530273,15.800000190734863,849100,0.0,0.0
2017-03-29 00:00:00-04:00,16.549999237060547,17.700000762939453,16.350000381469727,17.399999618530273,1711340,0.0,0.0
2017-03-30 00:00:00-04:00,17.399999618530273,17.700000762939453,17.25,17.399999618530273,884940,0.0,0.0
2017-03-31 00:00:00-04:00,17.5,17.700000762939453,17.0,17.049999237060547,1091180,0.0,0.0
2017-04-03 00:00:00-04:00,17.049999237060547,17.399999618530273,17.0,17.200000762939453,860980,0.0,0.0
2017-04-04 00:00:00-04:00,17.200000762939453,17.399999618530273,17.049999237060547,17.200000762939453,586320,0.0,0.0
2017-04-05 00:00:00-04:00,17.100000381469727,17.299999237060547,16.600000381469727,17.100000381469727,1153060,0.0,0.0
2017-04-06 00:00:00-04:00,17.200000762939453,17.549999237060547,17.149999618530273,17.25,735340,0.0,0.0
2017-04-07 00:00:00-04:00,17.649999618530273,18.049999237060547,17.149999618530273,17.350000381469727,1006140,0.0,0.0
2017-04-10 00:00:00-04:00,17.25,17.5,17.049999237060547,17.399999618530273,609620,0.0,0.0
2017-04-11 00:00:00-04:00,17.649999618530273,18.100000381469727,17.450000762939453,17.799999237060547,766780,0.0,0.0
2017-04-12 00:00:00-04:00,17.75,18.0,17.299999237060547,17.75,1078960,0.0,0.0
2017-04-13 00:00:00-04:00,18.149999618530273,18.899999618530273,18.049999237060547,18.450000762939453,2302000,0.0,0.0
2017-04-17 00:00:00-04:00,18.600000381469727,18.75,18.350000381469727,18.450000762939453,798700,0.0,0.0
2017-04-18 00:00:00-04:00,18.200000762939453,18.649999618530273,17.950000762939453,18.600000381469727,1053720,0.0,0.0
2017-04-19 00:00:00-04:00,18.299999237060547,18.450000762939453,17.850000381469727,18.100000381469727,2241320,0.0,0.0
2017-04-20 00:00:00-04:00,17.950000762939453,18.299999237060547,17.799999237060547,18.0,1151380,0.0,0.0
2017-04-21 00:00:00-04:00,17.950000762939453,18.049999237060547,17.649999618530273,18.0,1225780,0.0,0.0
2017-04-24 00:00:00-04:00,17.399999618530273,18.0,17.25,17.799999237060547,1086640,0.0,0.0
2017-04-25 00:00:00-04:00,17.450000762939453,17.649999618530273,16.799999237060547,17.0,1470360,0.0,0.0
2017-04-26 00:00:00-04:00,16.799999237060547,17.5,16.549999237060547,17.5,1585100,0.0,0.0
2017-04-27 00:00:00-04:00,17.399999618530273,17.5,16.600000381469727,16.899999618530273,1433760,0.0,0.0
2017-04-28 00:00:00-04:00,16.75,18.399999618530273,16.600000381469727,18.299999237060547,1540260,0.0,0.0
2017-05-01 00:00:00-04:00,18.100000381469727,18.399999618530273,16.950000762939453,17.100000381469727,1412080,0.0,0.0
2017-05-02 00:00:00-04:00,17.100000381469727,17.399999618530273,16.950000762939453,17.299999237060547,1354300,0.0,0.0
2017-05-03 00:00:00-04:00,17.25,18.0,17.100000381469727,17.399999618530273,1799840,0.0,0.0
2017-05-04 00:00:00-04:00,17.149999618530273,17.149999618530273,16.5,16.600000381469727,1069880,0.0,0.0
2017-05-05 00:00:00-04:00,16.649999618530273,17.25,16.549999237060547,17.100000381469727,1199060,0.0,0.0
2017-05-08 00:00:00-04:00,17.100000381469727,18.0,17.100000381469727,17.75,1603260,0.0,0.0
2017-05-09 00:00:00-04:00,17.600000381469727,17.850000381469727,17.350000381469727,17.75,1072620,0.0,0.0
2017-05-10 00:00:00-04:00,18.0,18.25,17.850000381469727,18.0,1040160,0.0,0.0
2017-05-11 00:00:00-04:00,18.0,18.450000762939453,17.899999618530273,18.350000381469727,1251500,0.0,0.0
2017-05-12 00:00:00-04:00,18.549999237060547,18.799999237060547,18.0,18.299999237060547,1081720,0.0,0.0
2017-05-15 00:00:00-04:00,17.799999237060547,17.850000381469727,16.450000762939453,17.0,2370580,0.0,0.0
2017-05-16 00:00:00-04:00,17.0,17.0,16.549999237060547,16.899999618530273,1625600,0.0,0.0
2017-05-17 00:00:00-04:00,17.25,17.25,16.350000381469727,16.649999618530273,3130080,0.0,0.0
2017-05-18 00:00:00-04:00,16.450000762939453,17.100000381469727,16.399999618530273,16.850000381469727,3940080,0.0,0.0
2017-05-19 00:00:00-04:00,16.899999618530273,17.399999618530273,16.75,17.299999237060547,2659900,0.0,0.0
2017-05-22 00:00:00-04:00,17.399999618530273,18.299999237060547,17.399999618530273,18.049999237060547,1305520,0.0,0.0
2017-05-23 00:00:00-04:00,17.649999618530273,17.75,16.899999618530273,17.0,2263860,0.0,0.0
2017-05-24 00:00:00-04:00,16.899999618530273,17.299999237060547,16.649999618530273,17.200000762939453,1494980,0.0,0.0
2017-05-25 00:00:00-04:00,17.149999618530273,17.299999237060547,16.899999618530273,17.149999618530273,857080,0.0,0.0
2017-05-26 00:00:00-04:00,17.399999618530273,17.399999618530273,16.700000762939453,16.75,1154280,0.0,0.0
2017-05-30 00:00:00-04:00,16.200000762939453,16.350000381469727,15.850000381469727,15.949999809265137,1404820,0.0,0.0
2017-05-31 00:00:00-04:00,15.949999809265137,16.049999237060547,14.899999618530273,15.25,2774620,0.0,0.0
2017-06-01 00:00:00-04:00,15.149999618530273,15.699999809265137,15.0,15.300000190734863,837660,0.0,0.0
2017-06-02 00:00:00-04:00,15.75,15.75,15.0,15.149999618530273,935420,0.0,0.0
2017-06-05 00:00:00-04:00,15.199999809265137,15.25,14.850000381469727,15.100000381469727,793700,0.0,0.0
2017-06-06 00:00:00-04:00,15.449999809265137,16.149999618530273,15.399999618530273,16.149999618530273,1862820,0.0,0.0
2017-06-07 00:00:00-04:00,15.850000381469727,16.200000762939453,15.5,15.800000190734863,1273660,0.0,0.0
2017-06-08 00:00:00-04:00,15.350000381469727,15.5,14.100000381469727,14.300000190734863,2693680,0.0,0.0
2017-06-09 00:00:00-04:00,14.199999809265137,14.699999809265137,14.100000381469727,14.5,1203380,0.0,0.0
2017-06-12 00:00:00-04:00,14.5,14.5,13.149999618530273,13.600000381469727,3786760,0.0,0.0
2017-06-13 00:00:00-04:00,13.75,14.149999618530273,13.5,14.050000190734863,1797860,0.0,0.0
2017-06-14 00:00:00-04:00,14.350000381469727,14.649999618530273,13.399999618530273,13.449999809265137,1957300,0.0,0.0
2017-06-15 00:00:00-04:00,13.149999618530273,13.600000381469727,13.050000190734863,13.350000381469727,2305660,0.0,0.0
2017-06-16 00:00:00-04:00,13.350000381469727,13.899999618530273,13.25,13.75,10061160,0.0,0.0
2017-06-19 00:00:00-04:00,13.449999809265137,14.199999809265137,13.399999618530273,13.949999809265137,1672900,0.0,0.0
2017-06-20 00:00:00-04:00,13.949999809265137,14.050000190734863,13.600000381469727,13.75,777700,0.0,0.0
2017-06-21 00:00:00-04:00,13.800000190734863,13.949999809265137,13.699999809265137,13.850000381469727,698240,0.0,0.0
2017-06-22 00:00:00-04:00,14.100000381469727,14.199999809265137,13.850000381469727,14.050000190734863,721800,0.0,0.0
2017-06-23 00:00:00-04:00,14.149999618530273,14.600000381469727,14.0,14.550000190734863,1120760,0.0,0.0
2017-06-26 00:00:00-04:00,14.300000190734863,14.449999809265137,14.199999809265137,14.449999809265137,566700,0.0,0.0
2017-06-27 00:00:00-04:00,14.550000190734863,14.649999618530273,14.050000190734863,14.100000381469727,738120,0.0,0.0
2017-06-28 00:00:00-04:00,13.649999618530273,13.75,13.300000190734863,13.350000381469727,1867080,0.0,0.0
2017-06-29 00:00:00-04:00,13.100000381469727,13.25,12.699999809265137,12.899999618530273,1295500,0.0,0.0
2017-06-30 00:00:00-04:00,12.699999809265137,13.25,12.5,13.199999809265137,1541600,0.0,0.0
2017-07-03 00:00:00-04:00,13.0,13.149999618530273,12.800000190734863,12.850000381469727,606240,0.0,0.0
2017-07-05 00:00:00-04:00,13.050000190734863,13.050000190734863,12.5,12.850000381469727,1252180,0.0,0.0
2017-07-06 00:00:00-04:00,12.800000190734863,12.949999809265137,12.649999618530273,12.800000190734863,763180,0.0,0.0
2017-07-07 00:00:00-04:00,12.649999618530273,12.75,12.050000190734863,12.100000381469727,1421800,0.0,0.0
2017-07-10 00:00:00-04:00,12.199999809265137,12.350000381469727,12.050000190734863,12.149999618530273,1979320,0.0,0.0
2017-07-11 00:00:00-04:00,12.100000381469727,12.25,11.899999618530273,12.149999618530273,1276520,0.0,0.0
2017-07-12 00:00:00-04:00,12.199999809265137,12.399999618530273,12.100000381469727,12.149999618530273,968000,0.0,0.0
2017-07-13 00:00:00-04:00,12.199999809265137,12.350000381469727,11.899999618530273,12.050000190734863,806160,0.0,0.0
2017-07-14 00:00:00-04:00,12.350000381469727,12.399999618530273,12.0,12.050000190734863,965700,0.0,0.0
2017-07-17 00:00:00-04:00,12.100000381469727,12.399999618530273,12.100000381469727,12.25,750760,0.0,0.0
2017-07-18 00:00:00-04:00,12.399999618530273,12.5,12.25,12.399999618530273,598660,0.0,0.0
2017-07-19 00:00:00-04:00,12.350000381469727,12.550000190734863,12.25,12.449999809265137,612220,0.0,0.0
2017-07-20 00:00:00-04:00,12.350000381469727,12.75,12.350000381469727,12.699999809265137,918840,0.0,0.0
2017-07-21 00:00:00-04:00,12.850000381469727,13.0,12.399999618530273,12.5,893540,0.0,0.0
2017-07-24 00:00:00-04:00,12.5,12.649999618530273,12.199999809265137,12.199999809265137,614460,0.0,0.0
2017-07-25 00:00:00-04:00,12.199999809265137,12.449999809265137,12.100000381469727,12.100000381469727,697240,0.0,0.0
2017-07-26 00:00:00-04:00,12.100000381469727,12.449999809265137,11.949999809265137,12.350000381469727,1525360,0.0,0.0
2017-07-27 00:00:00-04:00,12.399999618530273,12.399999618530273,11.949999809265137,12.0,1056480,0.0,0.0
2017-07-28 00:00:00-04:00,11.75,12.050000190734863,11.149999618530273,11.300000190734863,1853180,0.0,0.0
2017-07-31 00:00:00-04:00,10.350000381469727,10.649999618530273,10.25,10.600000381469727,1982800,0.0,0.0
2017-08-01 00:00:00-04:00,10.5,10.550000190734863,10.149999618530273,10.399999618530273,1445120,0.0,0.0
2017-08-02 00:00:00-04:00,10.5,10.5,9.899999618530273,9.949999809265137,1624580,0.0,0.0
2017-08-03 00:00:00-04:00,9.899999618530273,10.0,9.199999809265137,9.25,2160880,0.0,0.0
2017-08-04 00:00:00-04:00,9.350000381469727,9.5,8.850000381469727,9.149999618530273,1870780,0.0,0.0
2017-08-07 00:00:00-04:00,9.399999618530273,10.100000381469727,9.25,9.649999618530273,1295000,0.0,0.0
2017-08-08 00:00:00-04:00,9.800000190734863,9.850000381469727,9.25,9.5,1036520,0.0,0.0
2017-08-09 00:00:00-04:00,9.75,10.0,9.600000381469727,9.600000381469727,1346040,0.0,0.0
2017-08-10 00:00:00-04:00,9.75,9.800000190734863,9.550000190734863,9.649999618530273,1029960,0.0,0.0
2017-08-11 00:00:00-04:00,9.699999809265137,10.100000381469727,9.600000381469727,10.0,1051340,0.0,0.0
2017-08-14 00:00:00-04:00,10.100000381469727,10.100000381469727,9.5,9.550000190734863,871040,0.0,0.0
2017-08-15 00:00:00-04:00,9.449999809265137,9.649999618530273,9.350000381469727,9.399999618530273,1065700,0.0,0.0
2017-08-16 00:00:00-04:00,9.350000381469727,9.600000381469727,9.149999618530273,9.449999809265137,967060,0.0,0.0
2017-08-17 00:00:00-04:00,9.649999618530273,9.699999809265137,9.25,9.350000381469727,709280,0.0,0.0
2017-08-18 00:00:00-04:00,9.550000190734863,9.600000381469727,9.300000190734863,9.5,950180,0.0,0.0
2017-08-21 00:00:00-04:00,9.550000190734863,9.649999618530273,9.399999618530273,9.550000190734863,755860,0.0,0.0
2017-08-22 00:00:00-04:00,9.550000190734863,9.600000381469727,9.449999809265137,9.449999809265137,567380,0.0,0.0
2017-08-23 00:00:00-04:00,9.550000190734863,9.600000381469727,9.399999618530273,9.550000190734863,421600,0.0,0.0
2017-08-24 00:00:00-04:00,9.550000190734863,9.699999809265137,9.449999809265137,9.649999618530273,572380,0.0,0.0
2017-08-25 00:00:00-04:00,9.75,9.800000190734863,9.449999809265137,9.800000190734863,834820,0.0,0.0
2017-08-28 00:00:00-04:00,9.949999809265137,10.350000381469727,9.899999618530273,10.350000381469727,1089140,0.0,0.0
2017-08-29 00:00:00-04:00,10.699999809265137,10.699999809265137,10.050000190734863,10.149999618530273,1483500,0.0,0.0
2017-08-30 00:00:00-04:00,10.100000381469727,10.25,9.850000381469727,9.949999809265137,778880,0.0,0.0
2017-08-31 00:00:00-04:00,10.0,10.300000190734863,9.850000381469727,10.300000190734863,691400,0.0,0.0
2017-09-01 00:00:00-04:00,10.399999618530273,10.449999809265137,10.149999618530273,10.399999618530273,575320,0.0,0.0
2017-09-05 00:00:00-04:00,10.5,10.600000381469727,10.350000381469727,10.5,1325400,0.0,0.0
2017-09-06 00:00:00-04:00,10.5,10.649999618530273,10.25,10.300000190734863,1008640,0.0,0.0
2017-09-07 00:00:00-04:00,10.449999809265137,10.600000381469727,10.300000190734863,10.550000190734863,626500,0.0,0.0
2017-09-08 00:00:00-04:00,10.550000190734863,10.600000381469727,10.25,10.300000190734863,670980,0.0,0.0
2017-09-11 00:00:00-04:00,9.699999809265137,9.949999809265137,9.5,9.649999618530273,1200740,0.0,0.0
2017-09-12 00:00:00-04:00,9.550000190734863,9.949999809265137,9.350000381469727,9.850000381469727,1110920,0.0,0.0
2017-09-13 00:00:00-04:00,10.5,12.199999809265137,10.399999618530273,11.449999809265137,4782800,0.0,0.0
2017-09-14 00:00:00-04:00,11.600000381469727,11.949999809265137,11.399999618530273,11.899999618530273,1803760,0.0,0.0
2017-09-15 00:00:00-04:00,12.100000381469727,12.199999809265137,11.449999809265137,11.600000381469727,3885760,0.0,0.0
2017-09-18 00:00:00-04:00,11.5,11.699999809265137,11.449999809265137,11.600000381469727,2837760,0.0,0.0
2017-09-19 00:00:00-04:00,11.600000381469727,11.75,10.850000381469727,11.25,2125360,0.0,0.0
2017-09-20 00:00:00-04:00,11.25,11.600000381469727,11.0,11.050000190734863,2284700,0.0,0.0
2017-09-21 00:00:00-04:00,11.399999618530273,11.550000190734863,11.100000381469727,11.199999809265137,1494380,0.0,0.0
2017-09-22 00:00:00-04:00,11.350000381469727,11.449999809265137,11.199999809265137,11.300000190734863,669520,0.0,0.0
2017-09-25 00:00:00-04:00,11.350000381469727,11.800000190734863,11.300000190734863,11.75,996780,0.0,0.0
2017-09-26 00:00:00-04:00,11.649999618530273,11.699999809265137,11.25,11.300000190734863,709420,0.0,0.0
2017-09-27 00:00:00-04:00,11.149999618530273,11.25,10.899999618530273,11.100000381469727,1445860,0.0,0.0
2017-09-28 00:00:00-04:00,11.149999618530273,11.5,11.100000381469727,11.5,2145380,0.0,0.0
2017-09-29 00:00:00-04:00,11.350000381469727,11.399999618530273,10.949999809265137,11.0,1577320,0.0,0.0
2017-10-02 00:00:00-04:00,10.949999809265137,11.100000381469727,10.899999618530273,10.949999809265137,1043980,0.0,0.0
2017-10-03 00:00:00-04:00,11.0,11.050000190734863,10.850000381469727,11.050000190734863,1006320,0.0,0.0
2017-10-04 00:00:00-04:00,11.050000190734863,11.300000190734863,10.850000381469727,11.25,1119740,0.0,0.0
2017-10-05 00:00:00-04:00,11.25,11.350000381469727,11.0,11.100000381469727,768940,0.0,0.0
2017-10-06 00:00:00-04:00,11.0,11.399999618530273,10.899999618530273,11.300000190734863,592920,0.0,0.0
2017-10-09 00:00:00-04:00,11.350000381469727,11.75,11.350000381469727,11.75,588400,0.0,0.0
2017-10-10 00:00:00-04:00,11.550000190734863,11.649999618530273,11.149999618530273,11.350000381469727,1068460,0.0,0.0
2017-10-11 00:00:00-04:00,11.449999809265137,11.449999809265137,10.899999618530273,11.300000190734863,738320,0.0,0.0
2017-10-12 00:00:00-04:00,11.25,11.350000381469727,11.050000190734863,11.25,882940,0.0,0.0
2017-10-13 00:00:00-04:00,11.300000190734863,11.350000381469727,11.100000381469727,11.300000190734863,426060,0.0,0.0
2017-10-16 00:00:00-04:00,11.199999809265137,11.300000190734863,10.850000381469727,10.899999618530273,773800,0.0,0.0
2017-10-17 00:00:00-04:00,10.75,11.100000381469727,10.699999809265137,11.0,571760,0.0,0.0
2017-10-18 00:00:00-04:00,10.899999618530273,11.050000190734863,10.649999618530273,10.649999618530273,1279440,0.0,0.0
2017-10-19 00:00:00-04:00,10.75,11.0,10.699999809265137,10.899999618530273,1170600,0.0,0.0
2017-10-20 00:00:00-04:00,10.800000190734863,10.949999809265137,10.649999618530273,10.850000381469727,674680,0.0,0.0
2017-10-23 00:00:00-04:00,9.449999809265137,9.449999809265137,7.75,7.75,7419520,0.0,0.0
2017-10-24 00:00:00-04:00,8.100000381469727,8.149999618530273,7.400000095367432,7.400000095367432,3651060,0.0,0.0
2017-10-25 00:00:00-04:00,7.5,7.550000190734863,6.449999809265137,6.5,4629480,0.0,0.0
2017-10-26 00:00:00-04:00,6.650000095367432,6.75,6.199999809265137,6.550000190734863,2427520,0.0,0.0
2017-10-27 00:00:00-04:00,6.599999904632568,6.849999904632568,6.300000190734863,6.449999809265137,2466800,0.0,0.0
2017-10-30 00:00:00-04:00,6.650000095367432,6.849999904632568,6.449999809265137,6.800000190734863,1779940,0.0,0.0
2017-10-31 00:00:00-04:00,6.5,6.599999904632568,6.099999904632568,6.25,4341460,0.0,0.0
2017-11-01 00:00:00-04:00,6.400000095367432,6.400000095367432,6.199999809265137,6.25,1448960,0.0,0.0
2017-11-02 00:00:00-04:00,6.25,6.349999904632568,6.099999904632568,6.25,2099060,0.0,0.0
2017-11-03 00:00:00-04:00,6.300000190734863,6.300000190734863,6.099999904632568,6.25,1073420,0.0,0.0
2017-11-06 00:00:00-05:00,6.199999809265137,6.400000095367432,6.099999904632568,6.300000190734863,1006760,0.0,0.0
2017-11-07 00:00:00-05:00,6.199999809265137,6.25,6.0,6.099999904632568,1050100,0.0,0.0
2017-11-08 00:00:00-05:00,6.150000095367432,6.199999809265137,5.949999809265137,6.050000190734863,1042120,0.0,0.0
2017-11-09 00:00:00-05:00,5.949999809265137,6.400000095367432,5.849999904632568,6.400000095367432,1282680,0.0,0.0
2017-11-10 00:00:00-05:00,6.449999809265137,6.449999809265137,6.0,6.050000190734863,1032300,0.0,0.0
2017-11-13 00:00:00-05:00,6.0,6.099999904632568,5.800000190734863,5.849999904632568,1372120,0.0,0.0
2017-11-14 00:00:00-05:00,5.949999809265137,5.949999809265137,5.75,5.849999904632568,743100,0.0,0.0
2017-11-15 00:00:00-05:00,5.949999809265137,6.0,5.650000095367432,5.75,1266000,0.0,0.0
2017-11-16 00:00:00-05:00,5.75,6.050000190734863,5.75,6.0,1200580,0.0,0.0
2017-11-17 00:00:00-05:00,6.050000190734863,6.400000095367432,6.050000190734863,6.300000190734863,1966660,0.0,0.0
2017-11-20 00:00:00-05:00,6.25,6.349999904632568,6.050000190734863,6.099999904632568,1002400,0.0,0.0
2017-11-21 00:00:00-05:00,6.099999904632568,6.199999809265137,5.900000095367432,5.900000095367432,887620,0.0,0.0
2017-11-22 00:00:00-05:00,6.0,6.25,5.949999809265137,6.25,1102020,0.0,0.0
2017-11-24 00:00:00-05:00,6.25,6.300000190734863,6.099999904632568,6.150000095367432,504060,0.0,0.0
2017-11-27 00:00:00-05:00,6.300000190734863,6.300000190734863,5.900000095367432,5.900000095367432,918180,0.0,0.0
2017-11-28 00:00:00-05:00,6.0,6.050000190734863,5.849999904632568,5.949999809265137,743520,0.0,0.0
2017-11-29 00:00:00-05:00,5.900000095367432,5.949999809265137,5.699999809265137,5.75,1107740,0.0,0.0
2017-11-30 00:00:00-05:00,5.699999809265137,5.849999904632568,5.650000095367432,5.650000095367432,1041680,0.0,0.0
2017-12-01 00:00:00-05:00,5.699999809265137,5.949999809265137,5.599999904632568,5.800000190734863,1110440,0.0,0.0
2017-12-04 00:00:00-05:00,5.800000190734863,5.800000190734863,5.699999809265137,5.75,560600,0.0,0.0
2017-12-05 00:00:00-05:00,5.699999809265137,5.800000190734863,5.550000190734863,5.599999904632568,1122960,0.0,0.0
2017-12-06 00:00:00-05:00,5.650000095367432,5.699999809265137,5.5,5.599999904632568,857620,0.0,0.0
2017-12-07 00:00:00-05:00,5.550000190734863,5.849999904632568,5.5,5.800000190734863,1199120,0.0,0.0
2017-12-08 00:00:00-05:00,5.75,6.150000095367432,5.699999809265137,5.800000190734863,1784960,0.0,0.0
2017-12-11 00:00:00-05:00,5.849999904632568,6.25,5.800000190734863,6.199999809265137,2632620,0.0,0.0
2017-12-12 00:00:00-05:00,6.199999809265137,6.25,6.0,6.050000190734863,1179200,0.0,0.0
2017-12-13 00:00:00-05:00,6.050000190734863,6.449999809265137,6.0,6.300000190734863,2365060,0.0,0.0
2017-12-14 00:00:00-05:00,6.349999904632568,6.449999809265137,6.199999809265137,6.349999904632568,1180880,0.0,0.0
2017-12-15 00:00:00-05:00,6.400000095367432,6.449999809265137,6.150000095367432,6.449999809265137,6677540,0.0,0.0
2017-12-18 00:00:00-05:00,6.400000095367432,6.550000190734863,6.199999809265137,6.300000190734863,1630400,0.0,0.0
2017-12-19 00:00:00-05:00,6.25,6.400000095367432,6.199999809265137,6.300000190734863,899180,0.0,0.0
2017-12-20 00:00:00-05:00,6.25,6.400000095367432,6.150000095367432,6.349999904632568,1064680,0.0,0.0
2017-12-21 00:00:00-05:00,6.349999904632568,6.400000095367432,6.199999809265137,6.300000190734863,1050120,0.0,0.0
2017-12-22 00:00:00-05:00,6.300000190734863,6.699999809265137,6.25,6.699999809265137,1322640,0.0,0.0
2017-12-26 00:00:00-05:00,6.75,7.349999904632568,6.75,7.050000190734863,2138860,0.0,0.0
2017-12-27 00:00:00-05:00,7.050000190734863,7.199999809265137,6.900000095367432,7.099999904632568,1536880,0.0,0.0
2017-12-28 00:00:00-05:00,7.199999809265137,7.25,6.75,7.199999809265137,1842200,0.0,0.0
2017-12-29 00:00:00-05:00,7.25,7.349999904632568,7.0,7.150000095367432,1812480,0.0,0.0
2018-01-02 00:00:00-05:00,7.300000190734863,7.300000190734863,7.050000190734863,7.199999809265137,1867340,0.0,0.0
2018-01-03 00:00:00-05:00,7.25,7.25,6.800000190734863,6.949999809265137,1908460,0.0,0.0
2018-01-04 00:00:00-05:00,7.0,7.050000190734863,6.849999904632568,7.050000190734863,1217900,0.0,0.0
2018-01-05 00:00:00-05:00,7.0,7.150000095367432,6.849999904632568,7.050000190734863,1302780,0.0,0.0
2018-01-08 00:00:00-05:00,7.050000190734863,7.050000190734863,6.5,6.599999904632568,3133940,0.0,0.0
2018-01-09 00:00:00-05:00,6.599999904632568,6.599999904632568,6.25,6.300000190734863,2267940,0.0,0.0
2018-01-10 00:00:00-05:00,6.349999904632568,6.5,6.25,6.349999904632568,1672700,0.0,0.0
2018-01-11 00:00:00-05:00,6.349999904632568,6.5,6.25,6.349999904632568,1580580,0.0,0.0
2018-01-12 00:00:00-05:00,6.5,6.550000190734863,6.400000095367432,6.449999809265137,2212020,0.0,0.0
2018-01-16 00:00:00-05:00,6.5,6.75,6.449999809265137,6.75,1679820,0.0,0.0
2018-01-17 00:00:00-05:00,7.0,7.0,6.650000095367432,6.800000190734863,2496080,0.0,0.0
2018-01-18 00:00:00-05:00,6.849999904632568,6.900000095367432,6.599999904632568,6.650000095367432,1337420,0.0,0.0
2018-01-19 00:00:00-05:00,6.75,6.800000190734863,6.650000095367432,6.699999809265137,838660,0.0,0.0
2018-01-22 00:00:00-05:00,6.650000095367432,6.75,6.550000190734863,6.699999809265137,751900,0.0,0.0
2018-01-23 00:00:00-05:00,6.699999809265137,7.050000190734863,6.650000095367432,7.050000190734863,1641540,0.0,0.0
2018-01-24 00:00:00-05:00,7.199999809265137,7.349999904632568,7.0,7.150000095367432,2025280,0.0,0.0
2018-01-25 00:00:00-05:00,7.199999809265137,7.199999809265137,6.800000190734863,6.849999904632568,2626480,0.0,0.0
2018-01-26 00:00:00-05:00,6.900000095367432,7.099999904632568,6.650000095367432,6.75,1439180,0.0,0.0
2018-01-29 00:00:00-05:00,6.699999809265137,6.699999809265137,6.349999904632568,6.349999904632568,1647960,0.0,0.0
2018-01-30 00:00:00-05:00,6.449999809265137,6.5,6.25,6.25,2108080,0.0,0.0
2018-01-31 00:00:00-05:00,6.349999904632568,6.650000095367432,6.25,6.5,2092300,0.0,0.0
2018-02-01 00:00:00-05:00,6.550000190734863,6.550000190734863,6.349999904632568,6.5,1312640,0.0,0.0
2018-02-02 00:00:00-05:00,6.349999904632568,6.400000095367432,6.050000190734863,6.099999904632568,2493560,0.0,0.0
2018-02-05 00:00:00-05:00,6.099999904632568,6.25,6.050000190734863,6.150000095367432,2052140,0.0,0.0
2018-02-06 00:00:00-05:00,6.050000190734863,6.25,5.900000095367432,5.949999809265137,2390340,0.0,0.0
2018-02-07 00:00:00-05:00,6.0,6.199999809265137,5.949999809265137,6.050000190734863,2137980,0.0,0.0
2018-02-08 00:00:00-05:00,6.099999904632568,6.400000095367432,6.050000190734863,6.150000095367432,2782940,0.0,0.0
2018-02-09 00:00:00-05:00,6.150000095367432,6.199999809265137,5.650000095367432,5.699999809265137,2998220,0.0,0.0
2018-02-12 00:00:00-05:00,5.800000190734863,6.050000190734863,5.75,5.800000190734863,2608880,0.0,0.0
2018-02-13 00:00:00-05:00,5.849999904632568,5.900000095367432,5.550000190734863,5.650000095367432,2528720,0.0,0.0
2018-02-14 00:00:00-05:00,5.650000095367432,6.0,5.550000190734863,5.800000190734863,4217420,0.0,0.0
2018-02-15 00:00:00-05:00,5.849999904632568,5.949999809265137,5.650000095367432,5.800000190734863,3076260,0.0,0.0
2018-02-16 00:00:00-05:00,5.75,5.900000095367432,5.550000190734863,5.599999904632568,2217020,0.0,0.0
2018-02-20 00:00:00-05:00,5.650000095367432,5.650000095367432,5.400000095367432,5.449999809265137,1539560,0.0,0.0
2018-02-21 00:00:00-05:00,5.5,5.699999809265137,5.449999809265137,5.5,2105720,0.0,0.0
2018-02-22 00:00:00-05:00,5.5,5.699999809265137,5.449999809265137,5.449999809265137,1889060,0.0,0.0
2018-02-23 00:00:00-05:00,5.449999809265137,5.5,5.400000095367432,5.400000095367432,1113860,0.0,0.0
2018-02-26 00:00:00-05:00,5.449999809265137,5.599999904632568,5.400000095367432,5.550000190734863,981540,0.0,0.0
2018-02-27 00:00:00-05:00,5.550000190734863,5.550000190734863,5.300000190734863,5.300000190734863,1177640,0.0,0.0
2018-02-28 00:00:00-05:00,5.349999904632568,5.5,5.300000190734863,5.300000190734863,1347880,0.0,0.0
2018-03-01 00:00:00-05:00,5.25,5.599999904632568,5.25,5.449999809265137,2192360,0.0,0.0
2018-03-02 00:00:00-05:00,5.599999904632568,5.650000095367432,5.349999904632568,5.5,2117580,0.0,0.0
2018-03-05 00:00:00-05:00,5.550000190734863,5.75,5.449999809265137,5.699999809265137,1472500,0.0,0.0
2018-03-06 00:00:00-05:00,5.849999904632568,5.900000095367432,5.699999809265137,5.699999809265137,1176420,0.0,0.0
2018-03-07 00:00:00-05:00,5.75,5.800000190734863,5.449999809265137,5.5,1146000,0.0,0.0
2018-03-08 00:00:00-05:00,5.5,5.5,5.349999904632568,5.400000095367432,1824900,0.0,0.0
2018-03-09 00:00:00-05:00,5.449999809265137,5.650000095367432,5.400000095367432,5.550000190734863,2326780,0.0,0.0
2018-03-12 00:00:00-04:00,5.599999904632568,5.650000095367432,5.449999809265137,5.550000190734863,1588380,0.0,0.0
2018-03-13 00:00:00-04:00,5.550000190734863,5.650000095367432,5.400000095367432,5.400000095367432,1769880,0.0,0.0
2018-03-14 00:00:00-04:00,5.400000095367432,5.550000190734863,5.349999904632568,5.449999809265137,1728540,0.0,0.0
2018-03-15 00:00:00-04:00,5.400000095367432,5.449999809265137,5.25,5.449999809265137,2715600,0.0,0.0
2018-03-16 00:00:00-04:00,5.400000095367432,5.5,5.300000190734863,5.349999904632568,6211940,0.0,0.0
2018-03-19 00:00:00-04:00,5.400000095367432,5.5,5.300000190734863,5.300000190734863,1975540,0.0,0.0
2018-03-20 00:00:00-04:00,5.300000190734863,5.349999904632568,5.150000095367432,5.150000095367432,1806360,0.0,0.0
2018-03-21 00:00:00-04:00,5.25,5.300000190734863,5.099999904632568,5.199999809265137,2922860,0.0,0.0
2018-03-22 00:00:00-04:00,4.949999809265137,5.050000190734863,4.599999904632568,4.599999904632568,4670820,0.0,0.0
2018-03-23 00:00:00-04:00,4.849999904632568,4.900000095367432,4.5,4.5,2472100,0.0,0.0
2018-03-26 00:00:00-04:00,4.650000095367432,4.650000095367432,4.25,4.349999904632568,3037300,0.0,0.0
2018-03-27 00:00:00-04:00,4.300000190734863,4.349999904632568,4.0,4.199999809265137,3567680,0.0,0.0
2018-03-28 00:00:00-04:00,4.150000095367432,4.300000190734863,4.050000190734863,4.050000190734863,1713540,0.0,0.0
2018-03-29 00:00:00-04:00,4.199999809265137,4.25,4.050000190734863,4.199999809265137,1938400,0.0,0.0
2018-04-02 00:00:00-04:00,4.25,4.300000190734863,4.099999904632568,4.150000095367432,2523540,0.0,0.0
2018-04-03 00:00:00-04:00,4.199999809265137,4.599999904632568,4.150000095367432,4.550000190734863,3091380,0.0,0.0
2018-04-04 00:00:00-04:00,5.0,5.099999904632568,4.550000190734863,4.650000095367432,3525200,0.0,0.0
2018-04-05 00:00:00-04:00,4.699999809265137,4.849999904632568,4.599999904632568,4.75,2274000,0.0,0.0
2018-04-06 00:00:00-04:00,4.800000190734863,4.949999809265137,4.75,4.900000095367432,2814260,0.0,0.0
2018-04-09 00:00:00-04:00,4.949999809265137,5.0,4.800000190734863,4.849999904632568,3610560,0.0,0.0
2018-04-10 00:00:00-04:00,4.949999809265137,4.949999809265137,4.75,4.900000095367432,2875720,0.0,0.0
2018-04-11 00:00:00-04:00,5.0,5.150000095367432,4.949999809265137,5.050000190734863,1705900,0.0,0.0
2018-04-12 00:00:00-04:00,5.0,5.050000190734863,4.849999904632568,4.900000095367432,4743880,0.0,0.0
2018-04-13 00:00:00-04:00,4.800000190734863,4.900000095367432,4.650000095367432,4.699999809265137,4548020,0.0,0.0
2018-04-16 00:00:00-04:00,4.75,4.900000095367432,4.699999809265137,4.849999904632568,5473120,0.0,0.0
2018-04-17 00:00:00-04:00,4.849999904632568,4.949999809265137,4.699999809265137,4.900000095367432,3262740,0.0,0.0
2018-04-18 00:00:00-04:00,4.949999809265137,5.050000190734863,4.849999904632568,4.949999809265137,1823140,0.0,0.0
2018-04-19 00:00:00-04:00,5.0,5.050000190734863,4.800000190734863,4.900000095367432,1955800,0.0,0.0
2018-04-20 00:00:00-04:00,4.849999904632568,4.900000095367432,4.75,4.900000095367432,1957540,0.0,0.0
2018-04-23 00:00:00-04:00,4.849999904632568,4.849999904632568,4.650000095367432,4.75,3168940,0.0,0.0
2018-04-24 00:00:00-04:00,4.75,4.75,4.650000095367432,4.699999809265137,1058780,0.0,0.0
2018-04-25 00:00:00-04:00,4.699999809265137,4.800000190734863,4.650000095367432,4.75,2010860,0.0,0.0
2018-04-26 00:00:00-04:00,4.800000190734863,4.849999904632568,4.699999809265137,4.699999809265137,1291320,0.0,0.0
2018-04-27 00:00:00-04:00,4.650000095367432,4.800000190734863,4.5,4.800000190734863,2220640,0.0,0.0
2018-04-30 00:00:00-04:00,4.650000095367432,4.800000190734863,4.650000095367432,4.75,1311900,0.0,0.0
2018-05-01 00:00:00-04:00,4.699999809265137,4.800000190734863,4.650000095367432,4.650000095367432,2459140,0.0,0.0
2018-05-02 00:00:00-04:00,4.650000095367432,5.099999904632568,4.650000095367432,5.099999904632568,3176780,0.0,0.0
2018-05-03 00:00:00-04:00,5.099999904632568,5.199999809265137,4.800000190734863,4.849999904632568,1522360,0.0,0.0
2018-05-04 00:00:00-04:00,4.849999904632568,5.099999904632568,4.849999904632568,5.050000190734863,732580,0.0,0.0
2018-05-07 00:00:00-04:00,5.050000190734863,5.099999904632568,4.900000095367432,4.900000095367432,683000,0.0,0.0
2018-05-08 00:00:00-04:00,4.900000095367432,5.050000190734863,4.800000190734863,4.900000095367432,1104960,0.0,0.0
2018-05-09 00:00:00-04:00,5.0,5.0,4.800000190734863,4.849999904632568,1703320,0.0,0.0
2018-05-10 00:00:00-04:00,4.900000095367432,4.900000095367432,4.800000190734863,4.800000190734863,709400,0.0,0.0
2018-05-11 00:00:00-04:00,4.75,4.800000190734863,4.699999809265137,4.75,940520,0.0,0.0
2018-05-14 00:00:00-04:00,4.75,4.849999904632568,4.75,4.75,642360,0.0,0.0
2018-05-15 00:00:00-04:00,4.75,4.849999904632568,4.650000095367432,4.75,623520,0.0,0.0
2018-05-16 00:00:00-04:00,4.75,4.800000190734863,4.75,4.75,424520,0.0,0.0
2018-05-17 00:00:00-04:00,4.800000190734863,4.949999809265137,4.75,4.900000095367432,757940,0.0,0.0
2018-05-18 00:00:00-04:00,5.0,5.099999904632568,4.949999809265137,5.0,1456400,0.0,0.0
2018-05-21 00:00:00-04:00,5.0,5.050000190734863,4.75,4.75,1363400,0.0,0.0
2018-05-22 00:00:00-04:00,4.949999809265137,5.599999904632568,4.900000095367432,5.550000190734863,2113200,0.0,0.0
2018-05-23 00:00:00-04:00,5.550000190734863,5.949999809265137,5.550000190734863,5.75,2143360,0.0,0.0
2018-05-24 00:00:00-04:00,5.900000095367432,6.050000190734863,5.699999809265137,5.75,1620380,0.0,0.0
2018-05-25 00:00:00-04:00,5.800000190734863,5.800000190734863,5.599999904632568,5.650000095367432,716740,0.0,0.0
2018-05-29 00:00:00-04:00,5.599999904632568,5.699999809265137,5.550000190734863,5.599999904632568,714500,0.0,0.0
2018-05-30 00:00:00-04:00,5.599999904632568,5.800000190734863,5.550000190734863,5.699999809265137,893060,0.0,0.0
2018-05-31 00:00:00-04:00,5.75,5.800000190734863,5.599999904632568,5.599999904632568,505360,0.0,0.0
2018-06-01 00:00:00-04:00,5.650000095367432,5.699999809265137,5.449999809265137,5.550000190734863,799460,0.0,0.0
2018-06-04 00:00:00-04:00,5.550000190734863,5.599999904632568,5.449999809265137,5.449999809265137,497280,0.0,0.0
2018-06-05 00:00:00-04:00,5.5,5.800000190734863,5.400000095367432,5.75,946400,0.0,0.0
2018-06-06 00:00:00-04:00,5.75,5.849999904632568,5.550000190734863,5.650000095367432,815080,0.0,0.0
2018-06-07 00:00:00-04:00,5.699999809265137,5.75,5.599999904632568,5.650000095367432,477540,0.0,0.0
2018-06-08 00:00:00-04:00,5.699999809265137,5.75,5.599999904632568,5.650000095367432,412280,0.0,0.0
2018-06-11 00:00:00-04:00,5.699999809265137,5.900000095367432,5.650000095367432,5.800000190734863,990520,0.0,0.0
2018-06-12 00:00:00-04:00,5.75,5.849999904632568,5.599999904632568,5.699999809265137,605380,0.0,0.0
2018-06-13 00:00:00-04:00,5.699999809265137,5.900000095367432,5.599999904632568,5.800000190734863,691540,0.0,0.0
2018-06-14 00:00:00-04:00,5.849999904632568,5.900000095367432,5.800000190734863,5.849999904632568,661040,0.0,0.0
2018-06-15 00:00:00-04:00,5.75,5.849999904632568,5.699999809265137,5.800000190734863,1783460,0.0,0.0
2018-06-18 00:00:00-04:00,5.800000190734863,5.849999904632568,5.75,5.75,306360,0.0,0.0
2018-06-19 00:00:00-04:00,5.650000095367432,5.75,5.599999904632568,5.699999809265137,585640,0.0,0.0
2018-06-20 00:00:00-04:00,5.75,5.800000190734863,5.599999904632568,5.599999904632568,418700,0.0,0.0
2018-06-21 00:00:00-04:00,5.650000095367432,5.650000095367432,5.449999809265137,5.599999904632568,576080,0.0,0.0
2018-06-22 00:00:00-04:00,5.599999904632568,5.650000095367432,5.449999809265137,5.550000190734863,441920,0.0,0.0
2018-06-25 00:00:00-04:00,5.5,5.550000190734863,5.400000095367432,5.400000095367432,510040,0.0,0.0
2018-06-26 00:00:00-04:00,5.449999809265137,5.449999809265137,5.199999809265137,5.300000190734863,508200,0.0,0.0
2018-06-27 00:00:00-04:00,5.25,5.300000190734863,4.699999809265137,4.800000190734863,2129740,0.0,0.0
2018-06-28 00:00:00-04:00,4.900000095367432,4.900000095367432,4.75,4.900000095367432,1087020,0.0,0.0
2018-06-29 00:00:00-04:00,4.900000095367432,5.0,4.849999904632568,4.949999809265137,413000,0.0,0.0
2018-07-02 00:00:00-04:00,4.949999809265137,4.949999809265137,4.800000190734863,4.900000095367432,378800,0.0,0.0
2018-07-03 00:00:00-04:00,5.0,5.099999904632568,4.949999809265137,5.099999904632568,393900,0.0,0.0
2018-07-05 00:00:00-04:00,5.099999904632568,5.199999809265137,5.0,5.199999809265137,640560,0.0,0.0
2018-07-06 00:00:00-04:00,5.199999809265137,5.300000190734863,5.099999904632568,5.25,449720,0.0,0.0
2018-07-09 00:00:00-04:00,5.300000190734863,5.349999904632568,5.150000095367432,5.150000095367432,552920,0.0,0.0
2018-07-10 00:00:00-04:00,5.199999809265137,5.349999904632568,5.099999904632568,5.25,380000,0.0,0.0
2018-07-11 00:00:00-04:00,5.25,5.400000095367432,5.199999809265137,5.25,700940,0.0,0.0
2018-07-12 00:00:00-04:00,5.199999809265137,5.449999809265137,5.150000095367432,5.349999904632568,539200,0.0,0.0
2018-07-13 00:00:00-04:00,5.300000190734863,5.550000190734863,5.300000190734863,5.400000095367432,510980,0.0,0.0
2018-07-16 00:00:00-04:00,5.349999904632568,5.5,5.300000190734863,5.449999809265137,389800,0.0,0.0
2018-07-17 00:00:00-04:00,5.300000190734863,5.449999809265137,5.300000190734863,5.349999904632568,869380,0.0,0.0
2018-07-18 00:00:00-04:00,5.300000190734863,5.449999809265137,5.300000190734863,5.400000095367432,668740,0.0,0.0
2018-07-19 00:00:00-04:00,5.349999904632568,5.5,5.300000190734863,5.349999904632568,642980,0.0,0.0
2018-07-20 00:00:00-04:00,5.349999904632568,5.75,5.349999904632568,5.699999809265137,1887960,0.0,0.0
2018-07-23 00:00:00-04:00,5.599999904632568,5.699999809265137,5.550000190734863,5.699999809265137,608820,0.0,0.0
2018-07-24 00:00:00-04:00,5.650000095367432,5.800000190734863,5.599999904632568,5.699999809265137,805140,0.0,0.0
2018-07-25 00:00:00-04:00,5.699999809265137,5.800000190734863,5.599999904632568,5.699999809265137,527560,0.0,0.0
2018-07-26 00:00:00-04:00,5.599999904632568,5.75,5.199999809265137,5.25,1111360,0.0,0.0
2018-07-27 00:00:00-04:00,5.349999904632568,5.599999904632568,5.300000190734863,5.349999904632568,740580,0.0,0.0
2018-07-30 00:00:00-04:00,5.349999904632568,5.550000190734863,5.25,5.349999904632568,555120,0.0,0.0
2018-07-31 00:00:00-04:00,5.349999904632568,5.5,5.349999904632568,5.449999809265137,416100,0.0,0.0
2018-08-01 00:00:00-04:00,5.449999809265137,5.5,5.099999904632568,5.099999904632568,1443760,0.0,0.0
2018-08-02 00:00:00-04:00,5.150000095367432,5.349999904632568,5.099999904632568,5.150000095367432,908760,0.0,0.0
2018-08-03 00:00:00-04:00,5.150000095367432,5.400000095367432,5.150000095367432,5.300000190734863,476320,0.0,0.0
2018-08-06 00:00:00-04:00,5.300000190734863,5.400000095367432,5.199999809265137,5.25,280880,0.0,0.0
2018-08-07 00:00:00-04:00,5.25,5.400000095367432,5.150000095367432,5.150000095367432,379040,0.0,0.0
2018-08-08 00:00:00-04:00,5.199999809265137,5.349999904632568,5.150000095367432,5.300000190734863,364320,0.0,0.0
2018-08-09 00:00:00-04:00,5.300000190734863,5.349999904632568,5.150000095367432,5.199999809265137,298040,0.0,0.0
2018-08-10 00:00:00-04:00,5.150000095367432,5.25,5.050000190734863,5.099999904632568,634280,0.0,0.0
2018-08-13 00:00:00-04:00,5.050000190734863,5.150000095367432,4.800000190734863,4.849999904632568,1488060,0.0,0.0
2018-08-14 00:00:00-04:00,4.949999809265137,5.050000190734863,4.900000095367432,4.949999809265137,736280,0.0,0.0
2018-08-15 00:00:00-04:00,4.949999809265137,4.949999809265137,4.550000190734863,4.650000095367432,1339040,0.0,0.0
2018-08-16 00:00:00-04:00,4.699999809265137,4.900000095367432,4.5,4.550000190734863,1219460,0.0,0.0
2018-08-17 00:00:00-04:00,4.599999904632568,4.800000190734863,4.599999904632568,4.699999809265137,963740,0.0,0.0
2018-08-20 00:00:00-04:00,4.849999904632568,4.900000095367432,4.699999809265137,4.849999904632568,455160,0.0,0.0
2018-08-21 00:00:00-04:00,4.900000095367432,5.0,4.800000190734863,5.0,557840,0.0,0.0
2018-08-22 00:00:00-04:00,5.050000190734863,5.150000095367432,4.900000095367432,4.949999809265137,1367200,0.0,0.0
2018-08-23 00:00:00-04:00,4.949999809265137,5.050000190734863,4.800000190734863,4.800000190734863,847600,0.0,0.0
2018-08-24 00:00:00-04:00,5.0,5.150000095367432,4.900000095367432,5.099999904632568,948300,0.0,0.0
2018-08-27 00:00:00-04:00,5.099999904632568,5.300000190734863,5.050000190734863,5.150000095367432,690060,0.0,0.0
2018-08-28 00:00:00-04:00,5.25,5.25,5.0,5.050000190734863,460760,0.0,0.0
2018-08-29 00:00:00-04:00,4.800000190734863,5.099999904632568,4.699999809265137,5.0,581480,0.0,0.0
2018-08-30 00:00:00-04:00,4.949999809265137,5.050000190734863,4.949999809265137,5.0,432560,0.0,0.0
2018-08-31 00:00:00-04:00,5.0,5.0,4.800000190734863,4.900000095367432,919540,0.0,0.0
2018-09-04 00:00:00-04:00,4.949999809265137,4.949999809265137,4.599999904632568,4.599999904632568,1221640,0.0,0.0
2018-09-05 00:00:00-04:00,4.599999904632568,4.650000095367432,4.550000190734863,4.599999904632568,505680,0.0,0.0
2018-09-06 00:00:00-04:00,4.699999809265137,4.699999809265137,4.25,4.300000190734863,1607040,0.0,0.0
2018-09-07 00:00:00-04:00,4.349999904632568,4.449999809265137,4.199999809265137,4.300000190734863,1326300,0.0,0.0
2018-09-10 00:00:00-04:00,4.25,4.400000095367432,4.199999809265137,4.25,1291420,0.0,0.0
2018-09-11 00:00:00-04:00,4.25,4.300000190734863,4.099999904632568,4.199999809265137,1194800,0.0,0.0
2018-09-12 00:00:00-04:00,4.199999809265137,4.449999809265137,4.150000095367432,4.349999904632568,1029780,0.0,0.0
2018-09-13 00:00:00-04:00,4.449999809265137,4.550000190734863,4.25,4.25,950420,0.0,0.0
2018-09-14 00:00:00-04:00,4.199999809265137,4.300000190734863,4.099999904632568,4.099999904632568,1028200,0.0,0.0
2018-09-17 00:00:00-04:00,4.150000095367432,4.349999904632568,4.150000095367432,4.349999904632568,1136160,0.0,0.0
2018-09-18 00:00:00-04:00,4.400000095367432,4.400000095367432,4.150000095367432,4.349999904632568,946060,0.0,0.0
2018-09-19 00:00:00-04:00,4.349999904632568,4.800000190734863,4.300000190734863,4.800000190734863,1105820,0.0,0.0
2018-09-20 00:00:00-04:00,4.75,4.800000190734863,4.400000095367432,4.449999809265137,2388000,0.0,0.0
2018-09-21 00:00:00-04:00,4.400000095367432,4.650000095367432,4.300000190734863,4.400000095367432,3872060,0.0,0.0
2018-09-24 00:00:00-04:00,4.550000190734863,4.699999809265137,4.400000095367432,4.400000095367432,2862180,0.0,0.0
2018-09-25 00:00:00-04:00,4.449999809265137,4.599999904632568,4.400000095367432,4.400000095367432,1917320,0.0,0.0
2018-09-26 00:00:00-04:00,4.449999809265137,4.5,4.300000190734863,4.349999904632568,1515040,0.0,0.0
2018-09-27 00:00:00-04:00,4.300000190734863,4.400000095367432,4.25,4.25,806300,0.0,0.0
2018-09-28 00:00:00-04:00,4.300000190734863,4.5,4.25,4.400000095367432,1303180,0.0,0.0
2018-10-01 00:00:00-04:00,4.349999904632568,4.650000095367432,4.300000190734863,4.650000095367432,1693320,0.0,0.0
2018-10-02 00:00:00-04:00,4.599999904632568,4.900000095367432,4.400000095367432,4.449999809265137,2154380,0.0,0.0
2018-10-03 00:00:00-04:00,4.5,4.550000190734863,4.349999904632568,4.5,1092780,0.0,0.0
2018-10-04 00:00:00-04:00,4.5,4.650000095367432,4.400000095367432,4.449999809265137,608240,0.0,0.0
2018-10-05 00:00:00-04:00,4.599999904632568,4.599999904632568,4.349999904632568,4.400000095367432,774420,0.0,0.0
2018-10-08 00:00:00-04:00,4.349999904632568,4.650000095367432,4.349999904632568,4.599999904632568,608260,0.0,0.0
2018-10-09 00:00:00-04:00,4.449999809265137,4.550000190734863,4.449999809265137,4.449999809265137,344840,0.0,0.0
2018-10-10 00:00:00-04:00,4.449999809265137,4.5,4.349999904632568,4.5,695140,0.0,0.0
2018-10-11 00:00:00-04:00,4.650000095367432,4.75,4.5,4.75,1293200,0.0,0.0
2018-10-12 00:00:00-04:00,4.75,4.75,4.449999809265137,4.550000190734863,916180,0.0,0.0
2018-10-15 00:00:00-04:00,4.699999809265137,4.75,4.449999809265137,4.449999809265137,1022020,0.0,0.0
2018-10-16 00:00:00-04:00,4.550000190734863,4.75,4.5,4.599999904632568,1130860,0.0,0.0
2018-10-17 00:00:00-04:00,4.599999904632568,4.699999809265137,4.5,4.550000190734863,937160,0.0,0.0
2018-10-18 00:00:00-04:00,4.599999904632568,4.650000095367432,4.5,4.550000190734863,504920,0.0,0.0
2018-10-19 00:00:00-04:00,4.599999904632568,4.599999904632568,4.5,4.550000190734863,577020,0.0,0.0
2018-10-22 00:00:00-04:00,4.550000190734863,4.550000190734863,4.449999809265137,4.550000190734863,411620,0.0,0.0
2018-10-23 00:00:00-04:00,4.650000095367432,4.650000095367432,4.449999809265137,4.5,641720,0.0,0.0
2018-10-24 00:00:00-04:00,4.5,4.5,4.300000190734863,4.300000190734863,912920,0.0,0.0
2018-10-25 00:00:00-04:00,4.349999904632568,4.349999904632568,4.099999904632568,4.099999904632568,1208440,0.0,0.0
2018-10-26 00:00:00-04:00,4.150000095367432,4.199999809265137,3.6500000953674316,3.8499999046325684,1967340,0.0,0.0
2018-10-29 00:00:00-04:00,3.8499999046325684,3.9000000953674316,3.299999952316284,3.299999952316284,1474800,0.0,0.0
2018-10-30 00:00:00-04:00,3.5,3.6500000953674316,3.4000000953674316,3.450000047683716,982660,0.0,0.0
2018-10-31 00:00:00-04:00,3.450000047683716,3.5,3.25,3.299999952316284,1466320,0.0,0.0
2018-11-01 00:00:00-04:00,3.4000000953674316,3.549999952316284,3.4000000953674316,3.5,1130060,0.0,0.0
2018-11-02 00:00:00-04:00,3.700000047683716,3.700000047683716,3.5,3.5999999046325684,574680,0.0,0.0
2018-11-05 00:00:00-05:00,3.6500000953674316,3.75,3.5999999046325684,3.6500000953674316,597560,0.0,0.0
2018-11-06 00:00:00-05:00,3.5999999046325684,3.6500000953674316,3.549999952316284,3.6500000953674316,311680,0.0,0.0
2018-11-07 00:00:00-05:00,3.700000047683716,3.700000047683716,3.5999999046325684,3.6500000953674316,536840,0.0,0.0
2018-11-08 00:00:00-05:00,3.6500000953674316,3.6500000953674316,3.450000047683716,3.5,783200,0.0,0.0
2018-11-09 00:00:00-05:00,3.450000047683716,3.5,3.299999952316284,3.299999952316284,1308080,0.0,0.0
2018-11-12 00:00:00-05:00,3.299999952316284,3.3499999046325684,3.0999999046325684,3.0999999046325684,983300,0.0,0.0
2018-11-13 00:00:00-05:00,3.1500000953674316,3.200000047683716,3.0,3.049999952316284,898220,0.0,0.0
2018-11-14 00:00:00-05:00,3.049999952316284,3.200000047683716,3.0,3.049999952316284,1006020,0.0,0.0
2018-11-15 00:00:00-05:00,3.049999952316284,3.1500000953674316,3.049999952316284,3.0999999046325684,722080,0.0,0.0
2018-11-16 00:00:00-05:00,3.200000047683716,3.25,3.1500000953674316,3.200000047683716,793800,0.0,0.0
2018-11-19 00:00:00-05:00,3.200000047683716,3.25,3.0999999046325684,3.1500000953674316,362780,0.0,0.0
2018-11-20 00:00:00-05:00,3.1500000953674316,3.200000047683716,3.0,3.049999952316284,696660,0.0,0.0
2018-11-21 00:00:00-05:00,3.1500000953674316,3.1500000953674316,3.0999999046325684,3.1500000953674316,499100,0.0,0.0
2018-11-23 00:00:00-05:00,3.0999999046325684,3.1500000953674316,3.049999952316284,3.049999952316284,237580,0.0,0.0
2018-11-26 00:00:00-05:00,3.049999952316284,3.0999999046325684,2.8499999046325684,2.950000047683716,1064940,0.0,0.0
2018-11-27 00:00:00-05:00,2.950000047683716,2.950000047683716,2.799999952316284,2.9000000953674316,728640,0.0,0.0
2018-11-28 00:00:00-05:00,2.950000047683716,3.0,2.799999952316284,2.950000047683716,514920,0.0,0.0
2018-11-29 00:00:00-05:00,2.950000047683716,3.0,2.799999952316284,2.799999952316284,357020,0.0,0.0
2018-11-30 00:00:00-05:00,2.8499999046325684,2.8499999046325684,2.75,2.8499999046325684,491840,0.0,0.0
2018-12-03 00:00:00-05:00,2.9000000953674316,2.950000047683716,2.8499999046325684,2.9000000953674316,508860,0.0,0.0
2018-12-04 00:00:00-05:00,3.0,3.0,2.799999952316284,2.8499999046325684,706700,0.0,0.0
2018-12-06 00:00:00-05:00,2.8499999046325684,2.9000000953674316,2.799999952316284,2.8499999046325684,652360,0.0,0.0
2018-12-07 00:00:00-05:00,2.8499999046325684,3.1500000953674316,2.8499999046325684,3.049999952316284,1190540,0.0,0.0
2018-12-10 00:00:00-05:00,3.1500000953674316,3.1500000953674316,3.0,3.049999952316284,526060,0.0,0.0
2018-12-11 00:00:00-05:00,3.1500000953674316,3.1500000953674316,3.049999952316284,3.049999952316284,541640,0.0,0.0
2018-12-12 00:00:00-05:00,3.0999999046325684,3.1500000953674316,3.049999952316284,3.0999999046325684,459900,0.0,0.0
2018-12-13 00:00:00-05:00,3.0,3.0999999046325684,2.9000000953674316,2.950000047683716,1137840,0.0,0.0
2018-12-14 00:00:00-05:00,2.950000047683716,3.0,2.8499999046325684,2.9000000953674316,843040,0.0,0.0
2018-12-17 00:00:00-05:00,2.9000000953674316,3.200000047683716,2.9000000953674316,3.200000047683716,1537740,0.0,0.0
2018-12-18 00:00:00-05:00,3.1500000953674316,3.3499999046325684,3.049999952316284,3.25,1660600,0.0,0.0
2018-12-19 00:00:00-05:00,3.25,3.450000047683716,3.049999952316284,3.049999952316284,1642640,0.0,0.0
2018-12-20 00:00:00-05:00,3.1500000953674316,3.25,2.9000000953674316,3.049999952316284,1636860,0.0,0.0
2018-12-21 00:00:00-05:00,3.049999952316284,3.1500000953674316,2.9000000953674316,3.0,2328520,0.0,0.0
2018-12-24 00:00:00-05:00,2.950000047683716,3.049999952316284,2.9000000953674316,2.950000047683716,655140,0.0,0.0
2018-12-26 00:00:00-05:00,3.0,3.049999952316284,2.9000000953674316,3.0,746280,0.0,0.0
2018-12-27 00:00:00-05:00,2.950000047683716,3.0,2.9000000953674316,2.950000047683716,744040,0.0,0.0
2018-12-28 00:00:00-05:00,2.8499999046325684,2.950000047683716,2.8499999046325684,2.9000000953674316,1061140,0.0,0.0
2018-12-31 00:00:00-05:00,2.7699999809265137,2.950000047683716,2.7300000190734863,2.880000114440918,1031800,0.0,0.2
2019-01-02 00:00:00-05:00,2.869999885559082,3.3299999237060547,2.8399999141693115,3.1700000762939453,1873800,0.0,0.0
2019-01-03 00:00:00-05:00,3.190000057220459,3.4600000381469727,3.190000057220459,3.4600000381469727,1700400,0.0,0.0
2019-01-04 00:00:00-05:00,3.299999952316284,3.3399999141693115,3.200000047683716,3.2699999809265137,1354500,0.0,0.0
2019-01-07 00:00:00-05:00,3.299999952316284,3.390000104904175,3.2200000286102295,3.309999942779541,1416600,0.0,0.0
2019-01-08 00:00:00-05:00,3.319999933242798,3.4000000953674316,3.259999990463257,3.299999952316284,1531300,0.0,0.0
2019-01-09 00:00:00-05:00,3.309999942779541,3.4000000953674316,3.1700000762939453,3.25,1431200,0.0,0.0
2019-01-10 00:00:00-05:00,3.2300000190734863,3.2300000190734863,3.0299999713897705,3.0399999618530273,1698700,0.0,0.0
2019-01-11 00:00:00-05:00,3.0199999809265137,3.0899999141693115,3.009999990463257,3.059999942779541,1163600,0.0,0.0
2019-01-14 00:00:00-05:00,3.049999952316284,3.059999942779541,2.8399999141693115,2.940000057220459,1305800,0.0,0.0
2019-01-15 00:00:00-05:00,2.950000047683716,2.9800000190734863,2.8299999237060547,2.940000057220459,2153600,0.0,0.0
2019-01-16 00:00:00-05:00,2.9000000953674316,3.0,2.859999895095825,2.859999895095825,1001800,0.0,0.0
2019-01-17 00:00:00-05:00,2.859999895095825,2.859999895095825,2.7699999809265137,2.8299999237060547,1072700,0.0,0.0
2019-01-18 00:00:00-05:00,2.799999952316284,2.799999952316284,2.6600000858306885,2.6600000858306885,1219300,0.0,0.0
2019-01-22 00:00:00-05:00,2.640000104904175,2.740000009536743,2.5199999809265137,2.690000057220459,1869900,0.0,0.0
2019-01-23 00:00:00-05:00,2.6500000953674316,2.7200000286102295,2.609999895095825,2.640000104904175,1118800,0.0,0.0
2019-01-24 00:00:00-05:00,2.640000104904175,2.690000057220459,2.609999895095825,2.6700000762939453,704700,0.0,0.0
2019-01-25 00:00:00-05:00,2.700000047683716,2.809999942779541,2.6600000858306885,2.690000057220459,2062300,0.0,0.0
2019-01-28 00:00:00-05:00,2.7100000381469727,2.799999952316284,2.680000066757202,2.7899999618530273,1512900,0.0,0.0
2019-01-29 00:00:00-05:00,2.809999942779541,2.8499999046325684,2.7899999618530273,2.819999933242798,1388100,0.0,0.0
2019-01-30 00:00:00-05:00,2.8299999237060547,2.9700000286102295,2.7799999713897705,2.940000057220459,1928700,0.0,0.0
2019-01-31 00:00:00-05:00,3.440000057220459,3.7699999809265137,3.4100000858306885,3.75,8448200,0.0,0.0
2019-02-01 00:00:00-05:00,3.819999933242798,4.079999923706055,3.809999942779541,3.9800000190734863,4744800,0.0,0.0
2019-02-04 00:00:00-05:00,3.950000047683716,4.059999942779541,3.8399999141693115,3.950000047683716,2105400,0.0,0.0
2019-02-05 00:00:00-05:00,3.9100000858306885,4.179999828338623,3.890000104904175,4.170000076293945,2626800,0.0,0.0
2019-02-06 00:00:00-05:00,4.329999923706055,4.400000095367432,3.880000114440918,3.9200000762939453,3677400,0.0,0.0
2019-02-07 00:00:00-05:00,3.9200000762939453,3.990000009536743,3.799999952316284,3.819999933242798,2657300,0.0,0.0
2019-02-08 00:00:00-05:00,3.9000000953674316,4.059999942779541,3.819999933242798,4.039999961853027,2852900,0.0,0.0
2019-02-11 00:00:00-05:00,3.950000047683716,4.110000133514404,3.880000114440918,4.019999980926514,1960900,0.0,0.0
2019-02-12 00:00:00-05:00,4.019999980926514,4.110000133514404,3.940000057220459,3.9700000286102295,1378900,0.0,0.0
2019-02-13 00:00:00-05:00,3.950000047683716,4.139999866485596,3.940000057220459,4.0,1493200,0.0,0.0
2019-02-14 00:00:00-05:00,3.990000009536743,4.090000152587891,3.9600000381469727,4.010000228881836,1260000,0.0,0.0
2019-02-15 00:00:00-05:00,4.079999923706055,4.190000057220459,4.0,4.179999828338623,1779300,0.0,0.0
2019-02-19 00:00:00-05:00,4.230000019073486,4.510000228881836,4.230000019073486,4.440000057220459,2914000,0.0,0.0
2019-02-20 00:00:00-05:00,4.449999809265137,4.449999809265137,4.289999961853027,4.349999904632568,2298600,0.0,0.0
2019-02-21 00:00:00-05:00,4.320000171661377,4.369999885559082,4.190000057220459,4.300000190734863,1721400,0.0,0.0
2019-02-22 00:00:00-05:00,4.119999885559082,4.630000114440918,4.099999904632568,4.389999866485596,3142000,0.0,0.0
2019-02-25 00:00:00-05:00,4.449999809265137,4.449999809265137,4.28000020980835,4.300000190734863,1872300,0.0,0.0
2019-02-26 00:00:00-05:00,4.300000190734863,4.369999885559082,4.210000038146973,4.300000190734863,1176700,0.0,0.0
2019-02-27 00:00:00-05:00,4.289999961853027,4.300000190734863,4.199999809265137,4.260000228881836,1187500,0.0,0.0
2019-02-28 00:00:00-05:00,4.239999771118164,4.360000133514404,4.199999809265137,4.349999904632568,1686100,0.0,0.0
2019-03-01 00:00:00-05:00,4.239999771118164,4.46999979019165,4.199999809265137,4.199999809265137,1877800,0.0,0.0
2019-03-04 00:00:00-05:00,4.159999847412109,4.269999980926514,4.099999904632568,4.230000019073486,1558900,0.0,0.0
2019-03-05 00:00:00-05:00,4.199999809265137,4.28000020980835,4.159999847412109,4.260000228881836,1147100,0.0,0.0
2019-03-06 00:00:00-05:00,4.269999980926514,4.300000190734863,4.170000076293945,4.179999828338623,986800,0.0,0.0
2019-03-07 00:00:00-05:00,4.159999847412109,4.320000171661377,4.139999866485596,4.309999942779541,1508300,0.0,0.0
2019-03-08 00:00:00-05:00,4.380000114440918,4.480000019073486,4.260000228881836,4.460000038146973,2905400,0.0,0.0
2019-03-11 00:00:00-04:00,4.440000057220459,4.460000038146973,4.300000190734863,4.429999828338623,1451700,0.0,0.0
2019-03-12 00:00:00-04:00,4.449999809265137,4.78000020980835,4.449999809265137,4.730000019073486,2285300,0.0,0.0
2019-03-13 00:00:00-04:00,4.789999961853027,4.880000114440918,4.659999847412109,4.769999980926514,1734600,0.0,0.0
2019-03-14 00:00:00-04:00,4.630000114440918,4.659999847412109,4.5,4.53000020980835,1698400,0.0,0.0
2019-03-15 00:00:00-04:00,4.559999942779541,4.610000133514404,4.380000114440918,4.5,3188000,0.0,0.0
2019-03-18 00:00:00-04:00,4.5,4.53000020980835,4.380000114440918,4.389999866485596,1059500,0.0,0.0
2019-03-19 00:00:00-04:00,4.460000038146973,4.590000152587891,4.420000076293945,4.519999980926514,1332400,0.0,0.0
2019-03-20 00:00:00-04:00,4.550000190734863,4.739999771118164,4.420000076293945,4.710000038146973,1699700,0.0,0.0
2019-03-21 00:00:00-04:00,4.71999979019165,4.739999771118164,4.5,4.550000190734863,1924000,0.0,0.0
2019-03-22 00:00:00-04:00,4.539999961853027,4.679999828338623,4.53000020980835,4.619999885559082,1414800,0.0,0.0
2019-03-25 00:00:00-04:00,4.670000076293945,4.960000038146973,4.630000114440918,4.920000076293945,2501600,0.0,0.0
2019-03-26 00:00:00-04:00,4.889999866485596,5.110000133514404,4.820000171661377,5.03000020980835,1961600,0.0,0.0
2019-03-27 00:00:00-04:00,5.03000020980835,5.090000152587891,4.920000076293945,4.940000057220459,1919500,0.0,0.0
2019-03-28 00:00:00-04:00,4.840000152587891,4.849999904632568,4.659999847412109,4.699999809265137,2029700,0.0,0.0
2019-03-29 00:00:00-04:00,4.800000190734863,4.829999923706055,4.619999885559082,4.630000114440918,1371800,0.0,0.0
2019-04-01 00:00:00-04:00,4.639999866485596,4.699999809265137,4.329999923706055,4.420000076293945,2839600,0.0,0.0
2019-04-02 00:00:00-04:00,4.440000057220459,4.53000020980835,4.369999885559082,4.449999809265137,1675400,0.0,0.0
2019-04-03 00:00:00-04:00,4.449999809265137,4.619999885559082,4.380000114440918,4.590000152587891,2962000,0.0,0.0
2019-04-04 00:00:00-04:00,4.539999961853027,4.690000057220459,4.46999979019165,4.659999847412109,1492300,0.0,0.0
2019-04-05 00:00:00-04:00,4.650000095367432,4.650000095367432,4.550000190734863,4.579999923706055,983500,0.0,0.0
2019-04-08 00:00:00-04:00,4.650000095367432,4.71999979019165,4.570000171661377,4.639999866485596,1083900,0.0,0.0
2019-04-09 00:00:00-04:00,4.690000057220459,4.769999980926514,4.650000095367432,4.730000019073486,1417700,0.0,0.0
2019-04-10 00:00:00-04:00,4.730000019073486,4.820000171661377,4.650000095367432,4.679999828338623,1317600,0.0,0.0
2019-04-11 00:00:00-04:00,4.610000133514404,4.639999866485596,4.519999980926514,4.559999942779541,1218700,0.0,0.0
2019-04-12 00:00:00-04:00,4.559999942779541,4.619999885559082,4.5,4.510000228881836,677000,0.0,0.0
2019-04-15 00:00:00-04:00,4.440000057220459,4.53000020980835,4.389999866485596,4.480000019073486,758900,0.0,0.0
2019-04-16 00:00:00-04:00,4.380000114440918,4.409999847412109,4.239999771118164,4.269999980926514,1372900,0.0,0.0
2019-04-17 00:00:00-04:00,4.309999942779541,4.360000133514404,4.25,4.320000171661377,854700,0.0,0.0
2019-04-18 00:00:00-04:00,4.349999904632568,4.460000038146973,4.21999979019165,4.28000020980835,1178900,0.0,0.0
2019-04-22 00:00:00-04:00,4.28000020980835,4.289999961853027,4.130000114440918,4.150000095367432,1081900,0.0,0.0
2019-04-23 00:00:00-04:00,4.110000133514404,4.179999828338623,4.019999980926514,4.139999866485596,1636100,0.0,0.0
2019-04-24 00:00:00-04:00,4.139999866485596,4.230000019073486,4.070000171661377,4.159999847412109,1356000,0.0,0.0
2019-04-25 00:00:00-04:00,4.159999847412109,4.230000019073486,4.079999923706055,4.119999885559082,1043300,0.0,0.0
2019-04-26 00:00:00-04:00,4.170000076293945,4.369999885559082,4.170000076293945,4.309999942779541,1525100,0.0,0.0
2019-04-29 00:00:00-04:00,4.25,4.260000228881836,4.139999866485596,4.170000076293945,756300,0.0,0.0
2019-04-30 00:00:00-04:00,4.159999847412109,4.260000228881836,4.150000095367432,4.159999847412109,1145400,0.0,0.0
2019-05-01 00:00:00-04:00,4.130000114440918,4.21999979019165,4.050000190734863,4.110000133514404,1665100,0.0,0.0
2019-05-02 00:00:00-04:00,4.039999961853027,4.130000114440918,3.930000066757202,4.110000133514404,2092900,0.0,0.0
2019-05-03 00:00:00-04:00,3.930000066757202,4.019999980926514,3.390000104904175,3.4200000762939453,5405800,0.0,0.0
2019-05-06 00:00:00-04:00,3.430000066757202,3.700000047683716,3.4000000953674316,3.619999885559082,1879900,0.0,0.0
2019-05-07 00:00:00-04:00,3.549999952316284,3.5999999046325684,3.490000009536743,3.509999990463257,2997400,0.0,0.0
2019-05-08 00:00:00-04:00,3.5199999809265137,3.5799999237060547,3.4000000953674316,3.490000009536743,1865600,0.0,0.0
2019-05-09 00:00:00-04:00,3.5,3.549999952316284,3.440000057220459,3.509999990463257,1365500,0.0,0.0
2019-05-10 00:00:00-04:00,3.549999952316284,3.640000104904175,3.4800000190734863,3.5,1579500,0.0,0.0
2019-05-13 00:00:00-04:00,3.609999895095825,3.7200000286102295,3.559999942779541,3.6600000858306885,2496400,0.0,0.0
2019-05-14 00:00:00-04:00,3.690000057220459,3.7100000381469727,3.559999942779541,3.630000114440918,1357000,0.0,0.0
2019-05-15 00:00:00-04:00,3.6700000762939453,3.880000114440918,3.6500000953674316,3.799999952316284,1532300,0.0,0.0
2019-05-16 00:00:00-04:00,3.809999942779541,3.809999942779541,3.549999952316284,3.609999895095825,1892900,0.0,0.0
2019-05-17 00:00:00-04:00,3.5999999046325684,3.630000114440918,3.5199999809265137,3.5299999713897705,1315400,0.0,0.0
2019-05-20 00:00:00-04:00,3.5299999713897705,3.5399999618530273,3.4000000953674316,3.4200000762939453,960400,0.0,0.0
2019-05-21 00:00:00-04:00,3.430000066757202,3.490000009536743,3.369999885559082,3.440000057220459,965600,0.0,0.0
2019-05-22 00:00:00-04:00,3.4200000762939453,3.5199999809265137,3.380000114440918,3.450000047683716,1363700,0.0,0.0
2019-05-23 00:00:00-04:00,3.450000047683716,3.4700000286102295,3.190000057220459,3.190000057220459,3378300,0.0,0.0
2019-05-24 00:00:00-04:00,3.200000047683716,3.200000047683716,3.049999952316284,3.109999895095825,2325000,0.0,0.0
2019-05-28 00:00:00-04:00,3.4700000286102295,3.809999942779541,3.430000066757202,3.619999885559082,5881800,0.0,0.0
2019-05-29 00:00:00-04:00,3.609999895095825,3.6600000858306885,3.490000009536743,3.5199999809265137,1997000,0.0,0.0
2019-05-30 00:00:00-04:00,3.4800000190734863,3.6600000858306885,3.440000057220459,3.640000104904175,2972200,0.0,0.0
2019-05-31 00:00:00-04:00,3.759999990463257,3.799999952316284,3.619999885559082,3.7200000286102295,2444900,0.0,0.0
2019-06-03 00:00:00-04:00,3.809999942779541,4.230000019073486,3.809999942779541,4.190000057220459,5299600,0.0,0.0
2019-06-04 00:00:00-04:00,4.119999885559082,4.25,4.03000020980835,4.230000019073486,3132900,0.0,0.0
2019-06-05 00:00:00-04:00,4.349999904632568,4.46999979019165,4.139999866485596,4.239999771118164,2862000,0.0,0.0
2019-06-06 00:00:00-04:00,4.300000190734863,4.420000076293945,4.199999809265137,4.28000020980835,2153900,0.0,0.0
2019-06-07 00:00:00-04:00,4.309999942779541,4.5,4.260000228881836,4.309999942779541,2373800,0.0,0.0
2019-06-10 00:00:00-04:00,4.21999979019165,4.25,4.130000114440918,4.170000076293945,2376200,0.0,0.0
2019-06-11 00:00:00-04:00,4.150000095367432,4.309999942779541,4.110000133514404,4.260000228881836,1937200,0.0,0.0
2019-06-12 00:00:00-04:00,4.300000190734863,4.389999866485596,4.210000038146973,4.300000190734863,1818600,0.0,0.0
2019-06-13 00:00:00-04:00,4.329999923706055,4.329999923706055,4.210000038146973,4.320000171661377,2121200,0.0,0.0
2019-06-14 00:00:00-04:00,4.380000114440918,4.46999979019165,4.21999979019165,4.260000228881836,3490300,0.0,0.0
2019-06-17 00:00:00-04:00,4.239999771118164,4.320000171661377,4.190000057220459,4.300000190734863,1991000,0.0,0.0
2019-06-18 00:00:00-04:00,4.380000114440918,4.53000020980835,4.349999904632568,4.480000019073486,2570400,0.0,0.0
2019-06-19 00:00:00-04:00,4.440000057220459,4.539999961853027,4.349999904632568,4.510000228881836,2542800,0.0,0.0
2019-06-20 00:00:00-04:00,4.679999828338623,5.199999809265137,4.670000076293945,5.110000133514404,7461100,0.0,0.0
2019-06-21 00:00:00-04:00,5.139999866485596,5.429999828338623,4.920000076293945,5.429999828338623,11976200,0.0,0.0
2019-06-24 00:00:00-04:00,5.460000038146973,5.559999942779541,5.269999980926514,5.489999771118164,4276600,0.0,0.0
2019-06-25 00:00:00-04:00,5.5,5.630000114440918,5.269999980926514,5.449999809265137,5361700,0.0,0.0
2019-06-26 00:00:00-04:00,5.329999923706055,5.820000171661377,5.28000020980835,5.699999809265137,4687800,0.0,0.0
2019-06-27 00:00:00-04:00,5.710000038146973,5.760000228881836,5.630000114440918,5.75,3022400,0.0,0.0
2019-06-28 00:00:00-04:00,5.78000020980835,5.820000171661377,5.679999828338623,5.820000171661377,3257300,0.0,0.0
2019-07-01 00:00:00-04:00,5.639999866485596,5.880000114440918,5.559999942779541,5.789999961853027,3186400,0.0,0.0
2019-07-02 00:00:00-04:00,5.869999885559082,6.309999942779541,5.860000133514404,6.239999771118164,5145700,0.0,0.0
2019-07-03 00:00:00-04:00,6.369999885559082,6.400000095367432,6.130000114440918,6.239999771118164,3484800,0.0,0.0
2019-07-05 00:00:00-04:00,6.010000228881836,6.320000171661377,5.980000019073486,6.260000228881836,3990900,0.0,0.0
2019-07-08 00:00:00-04:00,6.360000133514404,6.429999828338623,6.039999961853027,6.199999809265137,3887900,0.0,0.0
2019-07-09 00:00:00-04:00,6.230000019073486,6.639999866485596,6.170000076293945,6.550000190734863,3526300,0.0,0.0
2019-07-10 00:00:00-04:00,6.71999979019165,6.849999904632568,6.539999961853027,6.849999904632568,4698300,0.0,0.0
2019-07-11 00:00:00-04:00,6.820000171661377,6.909999847412109,6.619999885559082,6.75,4782700,0.0,0.0
2019-07-12 00:00:00-04:00,6.75,7.039999961853027,6.75,6.989999771118164,3200000,0.0,0.0
2019-07-15 00:00:00-04:00,7.019999980926514,7.139999866485596,6.909999847412109,6.980000019073486,3238700,0.0,0.0
2019-07-16 00:00:00-04:00,6.940000057220459,7.320000171661377,6.880000114440918,7.21999979019165,4174400,0.0,0.0
2019-07-17 00:00:00-04:00,7.260000228881836,7.610000133514404,7.230000019073486,7.599999904632568,4454000,0.0,0.0
2019-07-18 00:00:00-04:00,7.619999885559082,7.880000114440918,7.420000076293945,7.829999923706055,6827400,0.0,0.0
2019-07-19 00:00:00-04:00,7.760000228881836,7.860000133514404,7.550000190734863,7.679999828338623,5893500,0.0,0.0
2019-07-22 00:00:00-04:00,7.670000076293945,7.960000038146973,7.659999847412109,7.809999942779541,4713600,0.0,0.0
2019-07-23 00:00:00-04:00,7.699999809265137,7.800000190734863,7.260000228881836,7.489999771118164,5419500,0.0,0.0
2019-07-24 00:00:00-04:00,7.599999904632568,7.889999866485596,7.519999980926514,7.800000190734863,4475600,0.0,0.0
2019-07-25 00:00:00-04:00,7.769999980926514,7.809999942779541,7.610000133514404,7.730000019073486,3936600,0.0,0.0
2019-07-26 00:00:00-04:00,7.78000020980835,7.949999809265137,7.760000228881836,7.880000114440918,2411000,0.0,0.0
2019-07-29 00:00:00-04:00,7.900000095367432,7.949999809265137,7.699999809265137,7.949999809265137,2394600,0.0,0.0
2019-07-30 00:00:00-04:00,7.96999979019165,8.180000305175781,7.909999847412109,8.079999923706055,3555700,0.0,0.0
2019-07-31 00:00:00-04:00,8.09000015258789,8.130000114440918,7.610000133514404,7.699999809265137,5108000,0.0,0.0
2019-08-01 00:00:00-04:00,7.409999847412109,8.319999694824219,7.349999904632568,8.270000457763672,6793800,0.0,0.0
2019-08-02 00:00:00-04:00,8.149999618530273,8.350000381469727,7.980000019073486,8.15999984741211,4458800,0.0,0.0
2019-08-05 00:00:00-04:00,8.399999618530273,8.819999694824219,8.359999656677246,8.65999984741211,5810900,0.0,0.0
2019-08-06 00:00:00-04:00,8.619999885559082,8.989999771118164,8.4399995803833,8.569999694824219,4985600,0.0,0.0
2019-08-07 00:00:00-04:00,8.899999618530273,8.90999984741211,7.619999885559082,7.840000152587891,9571900,0.0,0.0
2019-08-08 00:00:00-04:00,7.579999923706055,8.420000076293945,7.449999809265137,8.319999694824219,4166000,0.0,0.0
2019-08-09 00:00:00-04:00,8.270000457763672,8.479999542236328,8.15999984741211,8.229999542236328,4175400,0.0,0.0
2019-08-12 00:00:00-04:00,8.260000228881836,8.449999809265137,8.170000076293945,8.260000228881836,2607800,0.0,0.0
2019-08-13 00:00:00-04:00,8.34000015258789,8.430000305175781,7.75,8.09000015258789,3605200,0.0,0.0
2019-08-14 00:00:00-04:00,8.25,8.880000114440918,8.199999809265137,8.550000190734863,5293500,0.0,0.0
2019-08-15 00:00:00-04:00,8.59000015258789,8.859999656677246,8.390000343322754,8.770000457763672,3162900,0.0,0.0
2019-08-16 00:00:00-04:00,8.609999656677246,8.899999618530273,8.520000457763672,8.619999885559082,3406400,0.0,0.0
2019-08-19 00:00:00-04:00,8.350000381469727,8.899999618530273,8.239999771118164,8.569999694824219,2817100,0.0,0.0
2019-08-20 00:00:00-04:00,8.65999984741211,8.8100004196167,8.569999694824219,8.760000228881836,2417000,0.0,0.0
2019-08-21 00:00:00-04:00,8.710000038146973,8.850000381469727,8.640000343322754,8.729999542236328,1893100,0.0,0.0
2019-08-22 00:00:00-04:00,8.600000381469727,8.760000228881836,8.5,8.579999923706055,1939100,0.0,0.0
2019-08-23 00:00:00-04:00,8.649999618530273,9.350000381469727,8.619999885559082,9.170000076293945,5609100,0.0,0.0
2019-08-26 00:00:00-04:00,9.270000457763672,9.489999771118164,9.039999961853027,9.220000267028809,3058800,0.0,0.0
2019-08-27 00:00:00-04:00,9.25,9.6899995803833,9.15999984741211,9.520000457763672,3538200,0.0,0.0
2019-08-28 00:00:00-04:00,9.5600004196167,9.619999885559082,9.210000038146973,9.550000190734863,2618500,0.0,0.0
2019-08-29 00:00:00-04:00,9.539999961853027,9.539999961853027,9.050000190734863,9.220000267028809,3253500,0.0,0.0
2019-08-30 00:00:00-04:00,9.119999885559082,9.399999618530273,9.09000015258789,9.1899995803833,2521000,0.0,0.0
2019-09-03 00:00:00-04:00,9.460000038146973,9.479999542236328,9.170000076293945,9.260000228881836,4420500,0.0,0.0
2019-09-04 00:00:00-04:00,9.260000228881836,10.09000015258789,9.229999542236328,9.989999771118164,5438000,0.0,0.0
2019-09-05 00:00:00-04:00,9.710000038146973,9.90999984741211,9.579999923706055,9.710000038146973,4498500,0.0,0.0
2019-09-06 00:00:00-04:00,9.710000038146973,10.0,9.140000343322754,9.199999809265137,4983100,0.0,0.0
2019-09-09 00:00:00-04:00,9.3100004196167,9.319999694824219,8.300000190734863,8.619999885559082,6109400,0.0,0.0
2019-09-10 00:00:00-04:00,8.5,8.770000457763672,8.329999923706055,8.359999656677246,3798000,0.0,0.0
2019-09-11 00:00:00-04:00,8.350000381469727,8.800000190734863,8.350000381469727,8.569999694824219,3692600,0.0,0.0
2019-09-12 00:00:00-04:00,8.899999618530273,9.359999656677246,8.630000114440918,8.670000076293945,4832000,0.0,0.0
2019-09-13 00:00:00-04:00,8.649999618530273,8.819999694824219,8.229999542236328,8.289999961853027,4328900,0.0,0.0
2019-09-16 00:00:00-04:00,8.5,8.600000381469727,8.020000457763672,8.460000038146973,3647300,0.0,0.0
2019-09-17 00:00:00-04:00,8.569999694824219,8.579999923706055,8.3100004196167,8.390000343322754,2620300,0.0,0.0
2019-09-18 00:00:00-04:00,8.329999923706055,8.460000038146973,7.909999847412109,8.119999885559082,3746700,0.0,0.0
2019-09-19 00:00:00-04:00,8.180000305175781,8.359999656677246,8.149999618530273,8.300000190734863,1778500,0.0,0.0
2019-09-20 00:00:00-04:00,8.260000228881836,8.479999542236328,8.199999809265137,8.399999618530273,4185700,0.0,0.0
2019-09-23 00:00:00-04:00,8.479999542236328,8.920000076293945,8.4399995803833,8.84000015258789,3772800,0.0,0.0
2019-09-24 00:00:00-04:00,8.75,9.039999961853027,8.59000015258789,8.949999809265137,2629100,0.0,0.0
2019-09-25 00:00:00-04:00,8.920000076293945,8.920000076293945,8.100000381469727,8.210000038146973,3680300,0.0,0.0
2019-09-26 00:00:00-04:00,8.199999809265137,8.300000190734863,7.829999923706055,7.860000133514404,2949600,0.0,0.0
2019-09-27 00:00:00-04:00,7.550000190734863,8.039999961853027,7.059999942779541,7.880000114440918,3681500,0.0,0.0
2019-09-30 00:00:00-04:00,7.599999904632568,7.820000171661377,7.5,7.769999980926514,2874000,0.0,0.0
2019-10-01 00:00:00-04:00,7.710000038146973,7.949999809265137,7.550000190734863,7.690000057220459,3050100,0.0,0.0
2019-10-02 00:00:00-04:00,7.849999904632568,7.989999771118164,7.730000019073486,7.809999942779541,2388200,0.0,0.0
2019-10-03 00:00:00-04:00,7.800000190734863,8.010000228881836,7.739999771118164,7.800000190734863,1859800,0.0,0.0
2019-10-04 00:00:00-04:00,7.71999979019165,7.909999847412109,7.630000114440918,7.869999885559082,1493800,0.0,0.0
2019-10-07 00:00:00-04:00,7.78000020980835,7.920000076293945,7.699999809265137,7.800000190734863,1288700,0.0,0.0
2019-10-08 00:00:00-04:00,7.96999979019165,7.96999979019165,7.78000020980835,7.949999809265137,1960600,0.0,0.0
2019-10-09 00:00:00-04:00,7.949999809265137,7.960000038146973,7.71999979019165,7.769999980926514,1937600,0.0,0.0
2019-10-10 00:00:00-04:00,7.75,7.920000076293945,7.519999980926514,7.820000171661377,2036500,0.0,0.0
2019-10-11 00:00:00-04:00,7.710000038146973,7.739999771118164,7.369999885559082,7.389999866485596,3010200,0.0,0.0
2019-10-14 00:00:00-04:00,7.400000095367432,7.46999979019165,7.300000190734863,7.340000152587891,1006300,0.0,0.0
2019-10-15 00:00:00-04:00,7.25,7.380000114440918,7.110000133514404,7.230000019073486,2170800,0.0,0.0
2019-10-16 00:00:00-04:00,7.260000228881836,7.409999847412109,7.170000076293945,7.389999866485596,1665300,0.0,0.0
2019-10-17 00:00:00-04:00,7.28000020980835,7.869999885559082,7.28000020980835,7.869999885559082,2353900,0.0,0.0
2019-10-18 00:00:00-04:00,7.829999923706055,8.0,7.650000095367432,7.880000114440918,1842900,0.0,0.0
2019-10-21 00:00:00-04:00,8.010000228881836,8.140000343322754,7.670000076293945,7.690000057220459,1661300,0.0,0.0
2019-10-22 00:00:00-04:00,7.690000057220459,7.769999980926514,7.5,7.690000057220459,1278900,0.0,0.0
2019-10-23 00:00:00-04:00,7.78000020980835,8.039999961853027,7.78000020980835,7.869999885559082,1796800,0.0,0.0
2019-10-24 00:00:00-04:00,7.860000133514404,8.1899995803833,7.860000133514404,8.100000381469727,2124700,0.0,0.0
2019-10-25 00:00:00-04:00,8.25,8.350000381469727,8.020000457763672,8.130000114440918,1658200,0.0,0.0
2019-10-28 00:00:00-04:00,7.949999809265137,8.020000457763672,7.78000020980835,7.889999866485596,1371800,0.0,0.0
2019-10-29 00:00:00-04:00,7.800000190734863,8.069999694824219,7.610000133514404,7.920000076293945,2387500,0.0,0.0
2019-10-30 00:00:00-04:00,7.929999828338623,8.199999809265137,7.869999885559082,8.1899995803833,2429900,0.0,0.0
2019-10-31 00:00:00-04:00,8.3100004196167,8.609999656677246,8.220000267028809,8.420000076293945,2848000,0.0,0.0
2019-11-01 00:00:00-04:00,8.420000076293945,9.010000228881836,8.130000114440918,8.989999771118164,4138300,0.0,0.0
2019-11-04 00:00:00-05:00,8.949999809265137,9.15999984741211,8.880000114440918,8.949999809265137,2620700,0.0,0.0
2019-11-05 00:00:00-05:00,8.75,9.0,8.680000305175781,8.930000305175781,3022400,0.0,0.0
2019-11-06 00:00:00-05:00,8.960000038146973,9.020000457763672,8.729999542236328,8.90999984741211,2086400,0.0,0.0
2019-11-07 00:00:00-05:00,8.789999961853027,8.850000381469727,7.539999961853027,7.630000114440918,5017100,0.0,0.0
2019-11-08 00:00:00-05:00,7.5,7.980000019073486,7.5,7.699999809265137,2477800,0.0,0.0
2019-11-11 00:00:00-05:00,7.690000057220459,7.710000038146973,7.5,7.639999866485596,2097200,0.0,0.0
2019-11-12 00:00:00-05:00,7.619999885559082,7.71999979019165,7.53000020980835,7.610000133514404,2575600,0.0,0.0
2019-11-13 00:00:00-05:00,7.710000038146973,8.029999732971191,7.710000038146973,7.880000114440918,2147200,0.0,0.0
2019-11-14 00:00:00-05:00,7.909999847412109,8.0,7.699999809265137,7.909999847412109,1999200,0.0,0.0
2019-11-15 00:00:00-05:00,7.829999923706055,7.860000133514404,7.610000133514404,7.650000095367432,1933800,0.0,0.0
2019-11-18 00:00:00-05:00,7.710000038146973,7.820000171661377,7.610000133514404,7.769999980926514,1341700,0.0,0.0
2019-11-19 00:00:00-05:00,7.760000228881836,7.880000114440918,7.679999828338623,7.739999771118164,1354200,0.0,0.0
2019-11-20 00:00:00-05:00,7.760000228881836,8.010000228881836,7.71999979019165,7.960000038146973,1623000,0.0,0.0
2019-11-21 00:00:00-05:00,7.949999809265137,7.989999771118164,7.559999942779541,7.559999942779541,1442000,0.0,0.0
2019-11-22 00:00:00-05:00,7.659999847412109,7.730000019073486,7.409999847412109,7.590000152587891,1713200,0.0,0.0
2019-11-25 00:00:00-05:00,7.53000020980835,7.820000171661377,7.489999771118164,7.550000190734863,1454000,0.0,0.0
2019-11-26 00:00:00-05:00,7.579999923706055,7.71999979019165,7.5,7.690000057220459,1059800,0.0,0.0
2019-11-27 00:00:00-05:00,7.599999904632568,7.670000076293945,7.420000076293945,7.559999942779541,2130800,0.0,0.0
2019-11-29 00:00:00-05:00,7.599999904632568,7.880000114440918,7.599999904632568,7.840000152587891,1016600,0.0,0.0
2019-12-02 00:00:00-05:00,7.809999942779541,7.900000095367432,7.639999866485596,7.880000114440918,1891100,0.0,0.0
2019-12-03 00:00:00-05:00,8.0,8.270000457763672,8.0,8.170000076293945,2493800,0.0,0.0
2019-12-04 00:00:00-05:00,8.149999618530273,8.220000267028809,7.829999923706055,7.920000076293945,1783100,0.0,0.0
2019-12-05 00:00:00-05:00,7.619999885559082,7.710000038146973,7.21999979019165,7.360000133514404,7312300,0.0,0.0
2019-12-06 00:00:00-05:00,7.230000019073486,7.389999866485596,7.050000190734863,7.300000190734863,3725500,0.0,0.0
2019-12-09 00:00:00-05:00,7.380000114440918,7.550000190734863,7.25,7.260000228881836,2682500,0.0,0.0
2019-12-10 00:00:00-05:00,7.329999923706055,7.360000133514404,7.110000133514404,7.170000076293945,1840200,0.0,0.0
2019-12-11 00:00:00-05:00,7.21999979019165,7.300000190734863,7.099999904632568,7.25,1614200,0.0,0.0
2019-12-12 00:00:00-05:00,7.369999885559082,7.420000076293945,7.099999904632568,7.260000228881836,2050900,0.0,0.0
2019-12-13 00:00:00-05:00,7.199999809265137,7.599999904632568,7.199999809265137,7.5,2797700,0.0,0.0
2019-12-16 00:00:00-05:00,7.559999942779541,7.599999904632568,7.179999828338623,7.190000057220459,3030500,0.0,0.0
2019-12-17 00:00:00-05:00,7.179999828338623,7.320000171661377,7.139999866485596,7.139999866485596,1745400,0.0,0.0
2019-12-18 00:00:00-05:00,7.139999866485596,7.269999980926514,7.119999885559082,7.260000228881836,1618100,0.0,0.0
2019-12-19 00:00:00-05:00,7.25,7.260000228881836,7.119999885559082,7.190000057220459,3257200,0.0,0.0
2019-12-20 00:00:00-05:00,7.210000038146973,7.230000019073486,7.039999961853027,7.099999904632568,4198700,0.0,0.0
2019-12-23 00:00:00-05:00,7.150000095367432,7.480000019073486,7.079999923706055,7.460000038146973,2193100,0.0,0.0
2019-12-24 00:00:00-05:00,7.550000190734863,7.710000038146973,7.460000038146973,7.710000038146973,1547100,0.0,0.0
2019-12-26 00:00:00-05:00,7.760000228881836,7.940000057220459,7.570000171661377,7.739999771118164,2147200,0.0,0.0
2019-12-27 00:00:00-05:00,7.699999809265137,7.809999942779541,7.599999904632568,7.630000114440918,2645900,0.0,0.0
2019-12-30 00:00:00-05:00,7.659999847412109,7.909999847412109,7.599999904632568,7.880000114440918,3683300,0.0,0.0
2019-12-31 00:00:00-05:00,7.980000019073486,8.149999618530273,7.909999847412109,8.029999732971191,2768100,0.0,0.0
2020-01-02 00:00:00-05:00,8.15999984741211,8.34000015258789,8.029999732971191,8.09000015258789,1771500,0.0,0.0
2020-01-03 00:00:00-05:00,8.34000015258789,8.390000343322754,7.949999809265137,8.0,3102600,0.0,0.0
2020-01-06 00:00:00-05:00,8.270000457763672,8.289999961853027,7.800000190734863,7.880000114440918,2584400,0.0,0.0
2020-01-07 00:00:00-05:00,7.900000095367432,8.260000228881836,7.840000152587891,8.220000267028809,1978600,0.0,0.0
2020-01-08 00:00:00-05:00,8.210000038146973,8.229999542236328,7.639999866485596,7.710000038146973,2882800,0.0,0.0
2020-01-09 00:00:00-05:00,7.610000133514404,7.630000114440918,7.380000114440918,7.429999828338623,1914300,0.0,0.0
2020-01-10 00:00:00-05:00,7.429999828338623,7.639999866485596,7.429999828338623,7.519999980926514,1426600,0.0,0.0
2020-01-13 00:00:00-05:00,7.53000020980835,7.559999942779541,7.199999809265137,7.210000038146973,1589600,0.0,0.0
2020-01-14 00:00:00-05:00,7.159999847412109,7.389999866485596,7.119999885559082,7.340000152587891,1493100,0.0,0.0
2020-01-15 00:00:00-05:00,7.380000114440918,7.449999809265137,7.179999828338623,7.409999847412109,2254900,0.0,0.0
2020-01-16 00:00:00-05:00,7.289999961853027,7.46999979019165,7.25,7.409999847412109,2026700,0.0,0.0
2020-01-17 00:00:00-05:00,7.449999809265137,7.460000038146973,7.190000057220459,7.260000228881836,2225900,0.0,0.0
2020-01-21 00:00:00-05:00,7.300000190734863,7.429999828338623,7.170000076293945,7.389999866485596,2386400,0.0,0.0
2020-01-22 00:00:00-05:00,7.389999866485596,7.489999771118164,7.300000190734863,7.329999923706055,912900,0.0,0.0
2020-01-23 00:00:00-05:00,7.289999961853027,7.539999961853027,7.21999979019165,7.309999942779541,1813500,0.0,0.0
2020-01-24 00:00:00-05:00,7.309999942779541,7.5,7.230000019073486,7.5,1682700,0.0,0.0
2020-01-27 00:00:00-05:00,7.599999904632568,7.679999828338623,7.320000171661377,7.360000133514404,2846900,0.0,0.0
2020-01-28 00:00:00-05:00,7.28000020980835,7.389999866485596,7.050000190734863,7.119999885559082,1583500,0.0,0.0
2020-01-29 00:00:00-05:00,7.099999904632568,7.300000190734863,6.940000057220459,7.289999961853027,2180900,0.0,0.0
2020-01-30 00:00:00-05:00,7.300000190734863,7.369999885559082,7.21999979019165,7.25,1904000,0.0,0.0
2020-01-31 00:00:00-05:00,7.230000019073486,7.360000133514404,7.159999847412109,7.28000020980835,2499200,0.0,0.0
2020-02-03 00:00:00-05:00,7.21999979019165,7.329999923706055,7.179999828338623,7.269999980926514,1132100,0.0,0.0
2020-02-04 00:00:00-05:00,7.110000133514404,7.139999866485596,6.599999904632568,6.619999885559082,4201200,0.0,0.0
2020-02-05 00:00:00-05:00,6.610000133514404,6.71999979019165,6.5,6.590000152587891,2160900,0.0,0.0
2020-02-06 00:00:00-05:00,6.619999885559082,6.809999942779541,6.599999904632568,6.78000020980835,2427500,0.0,0.0
2020-02-07 00:00:00-05:00,6.800000190734863,6.949999809265137,6.659999847412109,6.679999828338623,1252400,0.0,0.0
2020-02-10 00:00:00-05:00,6.730000019073486,6.889999866485596,6.650000095367432,6.820000171661377,2056900,0.0,0.0
2020-02-11 00:00:00-05:00,6.78000020980835,7.019999980926514,6.78000020980835,6.980000019073486,2555100,0.0,0.0
2020-02-12 00:00:00-05:00,6.960000038146973,7.03000020980835,6.889999866485596,6.909999847412109,870600,0.0,0.0
2020-02-13 00:00:00-05:00,6.980000019073486,7.050000190734863,6.909999847412109,6.96999979019165,2109000,0.0,0.0
2020-02-14 00:00:00-05:00,6.929999828338623,7.0,6.650000095367432,6.670000076293945,1609600,0.0,0.0
2020-02-18 00:00:00-05:00,6.75,7.380000114440918,6.679999828338623,7.369999885559082,3703300,0.0,0.0
2020-02-19 00:00:00-05:00,7.420000076293945,7.610000133514404,7.210000038146973,7.570000171661377,3931800,0.0,0.0
2020-02-20 00:00:00-05:00,7.579999923706055,7.739999771118164,7.46999979019165,7.519999980926514,3330700,0.0,0.0
2020-02-21 00:00:00-05:00,8.050000190734863,9.949999809265137,8.039999961853027,9.930000305175781,20222100,0.0,0.0
2020-02-24 00:00:00-05:00,10.520000457763672,10.970000267028809,10.100000381469727,10.880000114440918,13885600,0.0,0.0
2020-02-25 00:00:00-05:00,10.479999542236328,11.289999961853027,10.329999923706055,10.920000076293945,11691100,0.0,0.0
2020-02-26 00:00:00-05:00,10.770000457763672,11.0600004196167,10.600000381469727,10.800000190734863,4688100,0.0,0.0
2020-02-27 00:00:00-05:00,10.890000343322754,10.979999542236328,9.369999885559082,9.420000076293945,6556900,0.0,0.0
2020-02-28 00:00:00-05:00,8.539999961853027,9.140000343322754,8.3100004196167,8.6899995803833,5712900,0.0,0.0
2020-03-02 00:00:00-05:00,9.079999923706055,9.430000305175781,8.8100004196167,9.34000015258789,2947800,0.0,0.0
2020-03-03 00:00:00-05:00,9.430000305175781,10.079999923706055,9.130000114440918,9.430000305175781,6119400,0.0,0.0
2020-03-04 00:00:00-05:00,9.479999542236328,9.880000114440918,9.260000228881836,9.649999618530273,4213300,0.0,0.0
2020-03-05 00:00:00-05:00,9.760000228881836,9.899999618530273,9.420000076293945,9.640000343322754,4757600,0.0,0.0
2020-03-06 00:00:00-05:00,9.680000305175781,9.720000267028809,8.930000305175781,9.390000343322754,7593100,0.0,0.0
2020-03-09 00:00:00-04:00,8.75,8.970000267028809,8.329999923706055,8.34000015258789,4756200,0.0,0.0
2020-03-10 00:00:00-04:00,8.489999771118164,8.729999542236328,7.980000019073486,8.390000343322754,2664400,0.0,0.0
2020-03-11 00:00:00-04:00,8.270000457763672,8.470000267028809,7.420000076293945,7.559999942779541,5396800,0.0,0.0
2020-03-12 00:00:00-04:00,6.599999904632568,7.570000171661377,5.909999847412109,6.559999942779541,6808500,0.0,0.0
2020-03-13 00:00:00-04:00,6.849999904632568,6.869999885559082,5.75,5.75,4772200,0.0,0.0
2020-03-16 00:00:00-04:00,4.659999847412109,6.480000019073486,4.599999904632568,6.03000020980835,6672800,0.0,0.0
2020-03-17 00:00:00-04:00,5.860000133514404,7.059999942779541,5.820000171661377,6.650000095367432,6907900,0.0,0.0
2020-03-18 00:00:00-04:00,6.420000076293945,6.789999961853027,5.260000228881836,5.360000133514404,5855300,0.0,0.0
2020-03-19 00:00:00-04:00,5.429999828338623,6.440000057220459,4.820000171661377,5.510000228881836,5480600,0.0,0.0
2020-03-20 00:00:00-04:00,5.900000095367432,5.980000019073486,5.150000095367432,5.150000095367432,4971600,0.0,0.0
2020-03-23 00:00:00-04:00,5.599999904632568,5.929999828338623,5.090000152587891,5.619999885559082,4373500,0.0,0.0
2020-03-24 00:00:00-04:00,6.179999828338623,6.599999904632568,6.010000228881836,6.360000133514404,5496200,0.0,0.0
2020-03-25 00:00:00-04:00,6.369999885559082,7.360000133514404,6.230000019073486,7.110000133514404,5708000,0.0,0.0
2020-03-26 00:00:00-04:00,7.400000095367432,7.730000019073486,6.820000171661377,7.010000228881836,4381400,0.0,0.0
2020-03-27 00:00:00-04:00,6.78000020980835,7.010000228881836,6.480000019073486,6.670000076293945,3955600,0.0,0.0
2020-03-30 00:00:00-04:00,6.659999847412109,6.929999828338623,6.059999942779541,6.230000019073486,3488500,0.0,0.0
2020-03-31 00:00:00-04:00,6.099999904632568,6.690000057220459,6.099999904632568,6.170000076293945,3338400,0.0,0.0
2020-04-01 00:00:00-04:00,6.159999847412109,6.539999961853027,6.039999961853027,6.349999904632568,2683900,0.0,0.0
2020-04-02 00:00:00-04:00,6.5,6.920000076293945,6.429999828338623,6.610000133514404,2578200,0.0,0.0
2020-04-03 00:00:00-04:00,6.699999809265137,6.849999904632568,6.46999979019165,6.480000019073486,2283000,0.0,0.0
2020-04-06 00:00:00-04:00,6.840000152587891,7.110000133514404,6.599999904632568,7.0,3778300,0.0,0.0
2020-04-07 00:00:00-04:00,7.010000228881836,7.269999980926514,6.75,6.869999885559082,2899800,0.0,0.0
2020-04-08 00:00:00-04:00,6.929999828338623,7.130000114440918,6.789999961853027,6.900000095367432,1413400,0.0,0.0
2020-04-09 00:00:00-04:00,7.159999847412109,7.809999942779541,7.159999847412109,7.739999771118164,3775400,0.0,0.0
2020-04-13 00:00:00-04:00,7.900000095367432,8.850000381469727,7.510000228881836,8.739999771118164,5324200,0.0,0.0
2020-04-14 00:00:00-04:00,9.119999885559082,9.510000228881836,8.350000381469727,8.579999923706055,5028300,0.0,0.0
2020-04-15 00:00:00-04:00,8.279999732971191,8.699999809265137,8.109999656677246,8.40999984741211,2612500,0.0,0.0
2020-04-16 00:00:00-04:00,8.539999961853027,8.800000190734863,8.300000190734863,8.5,2561200,0.0,0.0
2020-04-17 00:00:00-04:00,8.130000114440918,8.600000381469727,8.130000114440918,8.3100004196167,3615700,0.0,0.0
2020-04-20 00:00:00-04:00,8.4399995803833,8.960000038146973,8.329999923706055,8.6899995803833,2790200,0.0,0.0
2020-04-21 00:00:00-04:00,8.34000015258789,8.760000228881836,8.279999732971191,8.630000114440918,2910300,0.0,0.0
2020-04-22 00:00:00-04:00,8.970000267028809,9.279999732971191,8.920000076293945,9.220000267028809,3395200,0.0,0.0
2020-04-23 00:00:00-04:00,9.449999809265137,10.1899995803833,9.359999656677246,9.640000343322754,4827900,0.0,0.0
2020-04-24 00:00:00-04:00,9.960000038146973,9.960000038146973,9.420000076293945,9.739999771118164,2812500,0.0,0.0
2020-04-27 00:00:00-04:00,9.770000457763672,9.880000114440918,9.380000114440918,9.729999542236328,1965300,0.0,0.0
2020-04-28 00:00:00-04:00,9.619999885559082,9.800000190734863,9.319999694824219,9.5600004196167,2920100,0.0,0.0
2020-04-29 00:00:00-04:00,9.430000305175781,9.760000228881836,9.15999984741211,9.75,2962700,0.0,0.0
2020-04-30 00:00:00-04:00,9.5,9.8100004196167,9.260000228881836,9.470000267028809,2530000,0.0,0.0
2020-05-01 00:00:00-04:00,9.0,9.619999885559082,8.779999732971191,9.289999961853027,4732500,0.0,0.0
2020-05-04 00:00:00-04:00,9.430000305175781,9.729999542236328,9.359999656677246,9.569999694824219,3280900,0.0,0.0
2020-05-05 00:00:00-04:00,9.569999694824219,9.649999618530273,9.300000190734863,9.550000190734863,3021100,0.0,0.0
2020-05-06 00:00:00-04:00,9.329999923706055,9.380000114440918,9.100000381469727,9.210000038146973,2533900,0.0,0.0
2020-05-07 00:00:00-04:00,9.359999656677246,9.739999771118164,9.1899995803833,9.630000114440918,3539800,0.0,0.0
2020-05-08 00:00:00-04:00,9.510000228881836,9.630000114440918,9.210000038146973,9.239999771118164,2836800,0.0,0.0
2020-05-11 00:00:00-04:00,9.170000076293945,9.220000267028809,8.760000228881836,8.920000076293945,3022600,0.0,0.0
2020-05-12 00:00:00-04:00,8.920000076293945,9.319999694824219,8.859999656677246,8.90999984741211,2343700,0.0,0.0
2020-05-13 00:00:00-04:00,9.109999656677246,9.109999656677246,8.460000038146973,8.720000267028809,2671000,0.0,0.0
2020-05-14 00:00:00-04:00,8.6899995803833,8.970000267028809,8.479999542236328,8.90999984741211,3154300,0.0,0.0
2020-05-15 00:00:00-04:00,9.300000190734863,9.369999885559082,9.029999732971191,9.329999923706055,3346200,0.0,0.0
2020-05-18 00:00:00-04:00,9.569999694824219,9.569999694824219,8.8100004196167,8.8100004196167,3188200,0.0,0.0
2020-05-19 00:00:00-04:00,9.220000267028809,9.619999885559082,9.100000381469727,9.539999961853027,3939300,0.0,0.0
2020-05-20 00:00:00-04:00,9.729999542236328,9.739999771118164,9.329999923706055,9.399999618530273,2507100,0.0,0.0
2020-05-21 00:00:00-04:00,9.229999542236328,9.289999961853027,8.880000114440918,9.039999961853027,2290500,0.0,0.0
2020-05-22 00:00:00-04:00,9.149999618530273,9.289999961853027,8.9399995803833,9.0,1843200,0.0,0.0
2020-05-26 00:00:00-04:00,9.0,9.0,8.479999542236328,8.489999771118164,2763200,0.0,0.0
2020-05-27 00:00:00-04:00,8.229999542236328,8.609999656677246,8.119999885559082,8.59000015258789,2930300,0.0,0.0
2020-05-28 00:00:00-04:00,8.779999732971191,8.850000381469727,8.329999923706055,8.420000076293945,2135600,0.0,0.0
2020-05-29 00:00:00-04:00,8.59000015258789,8.630000114440918,8.359999656677246,8.399999618530273,2407500,0.0,0.0
2020-06-01 00:00:00-04:00,8.40999984741211,8.600000381469727,8.399999618530273,8.600000381469727,1960800,0.0,0.0
2020-06-02 00:00:00-04:00,8.619999885559082,8.649999618530273,8.180000305175781,8.279999732971191,2801200,0.0,0.0
2020-06-03 00:00:00-04:00,8.050000190734863,8.279999732971191,7.909999847412109,8.020000457763672,2477200,0.0,0.0
2020-06-04 00:00:00-04:00,8.180000305175781,8.390000343322754,8.079999923706055,8.270000457763672,1722800,0.0,0.0
2020-06-05 00:00:00-04:00,7.989999771118164,8.359999656677246,7.789999961853027,8.359999656677246,2990200,0.0,0.0
2020-06-08 00:00:00-04:00,8.4399995803833,8.5600004196167,8.300000190734863,8.510000228881836,3204600,0.0,0.0
2020-06-09 00:00:00-04:00,8.65999984741211,8.850000381469727,8.510000228881836,8.670000076293945,2529400,0.0,0.0
2020-06-10 00:00:00-04:00,8.800000190734863,8.880000114440918,8.199999809265137,8.869999885559082,3599300,0.0,0.0
2020-06-11 00:00:00-04:00,8.779999732971191,8.890000343322754,8.100000381469727,8.25,5027900,0.0,0.0
2020-06-12 00:00:00-04:00,8.399999618530273,8.630000114440918,8.170000076293945,8.329999923706055,4114100,0.0,0.0
2020-06-15 00:00:00-04:00,8.0600004196167,8.529999732971191,7.869999885559082,8.510000228881836,2444800,0.0,0.0
2020-06-16 00:00:00-04:00,8.569999694824219,8.640000343322754,8.260000228881836,8.3100004196167,2100700,0.0,0.0
2020-06-17 00:00:00-04:00,8.3100004196167,8.470000267028809,8.260000228881836,8.319999694824219,1051200,0.0,0.0
2020-06-18 00:00:00-04:00,8.25,8.380000114440918,8.140000343322754,8.149999618530273,1101900,0.0,0.0
2020-06-19 00:00:00-04:00,8.300000190734863,8.649999618530273,8.210000038146973,8.609999656677246,2442000,0.0,0.0
2020-06-22 00:00:00-04:00,8.829999923706055,9.1899995803833,8.8100004196167,9.140000343322754,2552700,0.0,0.0
2020-06-23 00:00:00-04:00,9.329999923706055,9.4399995803833,9.1899995803833,9.3100004196167,1896100,0.0,0.0
2020-06-24 00:00:00-04:00,9.199999809265137,9.329999923706055,8.880000114440918,9.029999732971191,2208800,0.0,0.0
2020-06-25 00:00:00-04:00,9.069999694824219,9.210000038146973,8.890000343322754,9.199999809265137,1776200,0.0,0.0
2020-06-26 00:00:00-04:00,9.119999885559082,9.319999694824219,8.850000381469727,9.279999732971191,2066600,0.0,0.0
2020-06-29 00:00:00-04:00,9.329999923706055,9.550000190734863,9.220000267028809,9.550000190734863,1852700,0.0,0.0
2020-06-30 00:00:00-04:00,9.5,9.800000190734863,9.40999984741211,9.699999809265137,4068400,0.0,0.0
2020-07-01 00:00:00-04:00,9.630000114440918,9.6899995803833,9.289999961853027,9.579999923706055,2952700,0.0,0.0
2020-07-02 00:00:00-04:00,9.420000076293945,9.890000343322754,9.40999984741211,9.619999885559082,3255700,0.0,0.0
2020-07-06 00:00:00-04:00,9.850000381469727,10.079999923706055,9.699999809265137,9.899999618530273,2499600,0.0,0.0
2020-07-07 00:00:00-04:00,9.890000343322754,10.5,9.819999694824219,10.399999618530273,2953700,0.0,0.0
2020-07-08 00:00:00-04:00,10.649999618530273,10.989999771118164,10.609999656677246,10.890000343322754,3268100,0.0,0.0
2020-07-09 00:00:00-04:00,11.020000457763672,11.069999694824219,10.529999732971191,10.630000114440918,2735900,0.0,0.0
2020-07-10 00:00:00-04:00,11.039999961853027,11.270000457763672,10.789999961853027,11.149999618530273,3802100,0.0,0.0
2020-07-13 00:00:00-04:00,11.4399995803833,11.579999923706055,10.75,10.760000228881836,3462100,0.0,0.0
2020-07-14 00:00:00-04:00,10.800000190734863,11.25,10.670000076293945,11.180000305175781,3367800,0.0,0.0
2020-07-15 00:00:00-04:00,11.09000015258789,11.25,10.90999984741211,11.199999809265137,1892200,0.0,0.0
2020-07-16 00:00:00-04:00,11.100000381469727,11.300000190734863,10.84000015258789,10.930000305175781,1860100,0.0,0.0
2020-07-17 00:00:00-04:00,11.140000343322754,11.359999656677246,10.989999771118164,11.239999771118164,2853200,0.0,0.0
2020-07-20 00:00:00-04:00,11.430000305175781,11.770000457763672,11.380000114440918,11.6899995803833,2373500,0.0,0.0
2020-07-21 00:00:00-04:00,12.0,12.039999961853027,11.649999618530273,11.850000381469727,3113400,0.0,0.0
2020-07-22 00:00:00-04:00,12.0600004196167,12.100000381469727,11.770000457763672,11.899999618530273,2736100,0.0,0.0
2020-07-23 00:00:00-04:00,11.880000114440918,12.010000228881836,11.350000381469727,11.5,2927700,0.0,0.0
2020-07-24 00:00:00-04:00,11.65999984741211,12.029999732971191,11.579999923706055,11.979999542236328,2590400,0.0,0.0
2020-07-27 00:00:00-04:00,12.529999732971191,12.619999885559082,12.039999961853027,12.329999923706055,4333100,0.0,0.0
2020-07-28 00:00:00-04:00,12.069999694824219,12.430000305175781,12.0,12.270000457763672,2751700,0.0,0.0
2020-07-29 00:00:00-04:00,12.300000190734863,12.329999923706055,11.829999923706055,12.140000343322754,2473600,0.0,0.0
2020-07-30 00:00:00-04:00,11.75,12.039999961853027,11.619999885559082,11.949999809265137,2236900,0.0,0.0
2020-07-31 00:00:00-04:00,12.529999732971191,12.739999771118164,12.229999542236328,12.59000015258789,5316900,0.0,0.0
2020-08-03 00:00:00-04:00,12.579999923706055,12.59000015258789,11.890000343322754,12.140000343322754,2805500,0.0,0.0
2020-08-04 00:00:00-04:00,12.180000305175781,12.6899995803833,12.170000076293945,12.65999984741211,5501000,0.0,0.0
2020-08-05 00:00:00-04:00,12.949999809265137,13.199999809265137,12.65999984741211,12.710000038146973,3805300,0.0,0.0
2020-08-06 00:00:00-04:00,12.920000076293945,12.989999771118164,12.390000343322754,12.520000457763672,3327900,0.0,0.0
2020-08-07 00:00:00-04:00,12.260000228881836,12.350000381469727,11.9399995803833,12.100000381469727,2313600,0.0,0.0
2020-08-10 00:00:00-04:00,12.15999984741211,12.489999771118164,11.850000381469727,11.880000114440918,1973000,0.0,0.0
2020-08-11 00:00:00-04:00,11.25,11.479999542236328,10.859999656677246,10.890000343322754,4105400,0.0,0.0
2020-08-12 00:00:00-04:00,11.300000190734863,11.3100004196167,10.850000381469727,10.890000343322754,2250700,0.0,0.0
2020-08-13 00:00:00-04:00,11.020000457763672,11.4399995803833,10.970000267028809,11.300000190734863,1917200,0.0,0.0
2020-08-14 00:00:00-04:00,11.270000457763672,11.319999694824219,10.9399995803833,11.09000015258789,1250900,0.0,0.0
2020-08-17 00:00:00-04:00,11.5,11.890000343322754,11.420000076293945,11.880000114440918,2630100,0.0,0.0
2020-08-18 00:00:00-04:00,12.1899995803833,12.300000190734863,11.680000305175781,11.84000015258789,3336700,0.0,0.0
2020-08-19 00:00:00-04:00,11.6899995803833,11.850000381469727,11.300000190734863,11.359999656677246,2167300,0.0,0.0
2020-08-20 00:00:00-04:00,11.300000190734863,11.5600004196167,11.1899995803833,11.4399995803833,1842400,0.0,0.0
2020-08-21 00:00:00-04:00,11.25,11.289999961853027,10.880000114440918,10.920000076293945,2103300,0.0,0.0
2020-08-24 00:00:00-04:00,11.079999923706055,11.079999923706055,10.739999771118164,10.859999656677246,1913100,0.0,0.0
2020-08-25 00:00:00-04:00,10.760000228881836,10.850000381469727,10.420000076293945,10.75,2566900,0.0,0.0
2020-08-26 00:00:00-04:00,10.609999656677246,11.140000343322754,10.5600004196167,11.130000114440918,1960800,0.0,0.0
2020-08-27 00:00:00-04:00,11.359999656677246,11.380000114440918,10.600000381469727,10.930000305175781,1924600,0.0,0.0
2020-08-28 00:00:00-04:00,11.140000343322754,11.430000305175781,11.100000381469727,11.350000381469727,1807100,0.0,0.0
2020-08-31 00:00:00-04:00,11.40999984741211,11.609999656677246,11.329999923706055,11.420000076293945,1389600,0.0,0.0
2020-09-01 00:00:00-04:00,11.699999809265137,11.699999809265137,10.979999542236328,11.09000015258789,1646500,0.0,0.0
2020-09-02 00:00:00-04:00,10.970000267028809,11.020000457763672,10.680000305175781,10.960000038146973,1576900,0.0,0.0
2020-09-03 00:00:00-04:00,10.880000114440918,11.100000381469727,10.670000076293945,11.079999923706055,1937600,0.0,0.0
2020-09-04 00:00:00-04:00,11.069999694824219,11.069999694824219,10.529999732971191,10.9399995803833,2069400,0.0,0.0
2020-09-08 00:00:00-04:00,10.59000015258789,10.899999618530273,10.3100004196167,10.630000114440918,2373400,0.0,0.0
2020-09-09 00:00:00-04:00,10.819999694824219,11.100000381469727,10.819999694824219,11.029999732971191,2305100,0.0,0.0
2020-09-10 00:00:00-04:00,11.170000076293945,11.199999809265137,10.819999694824219,10.920000076293945,1968200,0.0,0.0
2020-09-11 00:00:00-04:00,11.010000228881836,11.09000015258789,10.609999656677246,10.640000343322754,1885900,0.0,0.0
2020-09-14 00:00:00-04:00,10.8100004196167,11.25,10.8100004196167,11.229999542236328,2441400,0.0,0.0
2020-09-15 00:00:00-04:00,11.300000190734863,11.399999618530273,11.0600004196167,11.199999809265137,1669300,0.0,0.0
2020-09-16 00:00:00-04:00,11.380000114440918,11.539999961853027,11.210000038146973,11.34000015258789,2138900,0.0,0.0
2020-09-17 00:00:00-04:00,11.0,11.800000190734863,10.90999984741211,11.779999732971191,4493300,0.0,0.0
2020-09-18 00:00:00-04:00,11.850000381469727,12.199999809265137,11.729999542236328,11.8100004196167,4866100,0.0,0.0
2020-09-21 00:00:00-04:00,11.550000190734863,11.800000190734863,11.079999923706055,11.149999618530273,4535900,0.0,0.0
2020-09-22 00:00:00-04:00,11.289999961853027,11.289999961853027,10.5600004196167,10.670000076293945,3190600,0.0,0.0
2020-09-23 00:00:00-04:00,10.449999809265137,10.510000228881836,9.6899995803833,9.75,3545600,0.0,0.0
2020-09-24 00:00:00-04:00,9.600000381469727,10.0600004196167,9.569999694824219,10.020000457763672,3921900,0.0,0.0
2020-09-25 00:00:00-04:00,9.850000381469727,10.1899995803833,9.800000190734863,10.109999656677246,1927500,0.0,0.0
2020-09-28 00:00:00-04:00,10.260000228881836,10.350000381469727,10.069999694824219,10.279999732971191,1805000,0.0,0.0
2020-09-29 00:00:00-04:00,10.380000114440918,10.569999694824219,10.319999694824219,10.539999961853027,1802700,0.0,0.0
2020-09-30 00:00:00-04:00,10.430000305175781,10.65999984741211,10.350000381469727,10.550000190734863,1655900,0.0,0.0
2020-10-01 00:00:00-04:00,10.680000305175781,10.729999542236328,10.479999542236328,10.640000343322754,1709600,0.0,0.0
2020-10-02 00:00:00-04:00,10.510000228881836,10.630000114440918,10.420000076293945,10.520000457763672,2514500,0.0,0.0
2020-10-05 00:00:00-04:00,10.579999923706055,11.140000343322754,10.579999923706055,11.119999885559082,2570400,0.0,0.0
2020-10-06 00:00:00-04:00,11.1899995803833,11.40999984741211,11.100000381469727,11.180000305175781,3877100,0.0,0.0
2020-10-07 00:00:00-04:00,11.260000228881836,11.40999984741211,10.819999694824219,10.850000381469727,2274200,0.0,0.0
2020-10-08 00:00:00-04:00,10.930000305175781,11.210000038146973,10.930000305175781,11.199999809265137,1543100,0.0,0.0
2020-10-09 00:00:00-04:00,11.5600004196167,12.420000076293945,11.5,12.40999984741211,3585500,0.0,0.0
2020-10-12 00:00:00-04:00,12.399999618530273,13.3100004196167,12.140000343322754,13.010000228881836,4498500,0.0,0.0
2020-10-13 00:00:00-04:00,12.699999809265137,13.109999656677246,12.40999984741211,13.069999694824219,3608200,0.0,0.0
2020-10-14 00:00:00-04:00,13.25,13.789999961853027,13.130000114440918,13.739999771118164,2838100,0.0,0.0
2020-10-15 00:00:00-04:00,13.399999618530273,14.170000076293945,13.25,14.149999618530273,3399500,0.0,0.0
2020-10-16 00:00:00-04:00,14.149999618530273,14.229999542236328,13.460000038146973,13.529999732971191,3275300,0.0,0.0
2020-10-19 00:00:00-04:00,13.789999961853027,13.859999656677246,13.34000015258789,13.34000015258789,1992400,0.0,0.0
2020-10-20 00:00:00-04:00,13.380000114440918,13.5600004196167,13.25,13.420000076293945,1400800,0.0,0.0
2020-10-21 00:00:00-04:00,13.600000381469727,13.979999542236328,13.550000190734863,13.619999885559082,1983300,0.0,0.0
2020-10-22 00:00:00-04:00,13.40999984741211,13.550000190734863,13.1899995803833,13.470000267028809,1684300,0.0,0.0
2020-10-23 00:00:00-04:00,13.470000267028809,13.479999542236328,13.039999961853027,13.260000228881836,1683500,0.0,0.0
2020-10-26 00:00:00-04:00,13.09000015258789,13.420000076293945,12.979999542236328,12.979999542236328,1482200,0.0,0.0
2020-10-27 00:00:00-04:00,13.0,13.3100004196167,12.899999618530273,13.239999771118164,2419400,0.0,0.0
2020-10-28 00:00:00-04:00,12.770000457763672,12.859999656677246,11.90999984741211,11.979999542236328,3899500,0.0,0.0
2020-10-29 00:00:00-04:00,11.880000114440918,12.210000038146973,11.800000190734863,12.180000305175781,2225000,0.0,0.0
2020-10-30 00:00:00-04:00,12.609999656677246,12.850000381469727,12.25,12.529999732971191,3038800,0.0,0.0
2020-11-02 00:00:00-05:00,12.739999771118164,12.960000038146973,12.579999923706055,12.6899995803833,3190300,0.0,0.0
2020-11-03 00:00:00-05:00,12.949999809265137,13.369999885559082,12.899999618530273,13.0600004196167,3227400,0.0,0.0
2020-11-04 00:00:00-05:00,13.100000381469727,13.25,12.65999984741211,12.819999694824219,2502300,0.0,0.0
2020-11-05 00:00:00-05:00,13.289999961853027,14.449999809265137,13.25,14.260000228881836,5075500,0.0,0.0
2020-11-06 00:00:00-05:00,14.420000076293945,14.489999771118164,14.020000457763672,14.350000381469727,2370900,0.0,0.0
2020-11-09 00:00:00-05:00,13.390000343322754,13.550000190734863,12.930000305175781,13.15999984741211,4713100,0.0,0.0
2020-11-10 00:00:00-05:00,13.229999542236328,13.430000305175781,13.079999923706055,13.3100004196167,3259600,0.0,0.0
2020-11-11 00:00:00-05:00,13.0,13.300000190734863,12.989999771118164,13.289999961853027,1821600,0.0,0.0
2020-11-12 00:00:00-05:00,13.399999618530273,13.729999542236328,13.34000015258789,13.550000190734863,1733800,0.0,0.0
2020-11-13 00:00:00-05:00,13.850000381469727,13.960000038146973,13.40999984741211,13.5600004196167,1557600,0.0,0.0
2020-11-16 00:00:00-05:00,13.4399995803833,13.670000076293945,13.279999732971191,13.550000190734863,1771700,0.0,0.0
2020-11-17 00:00:00-05:00,13.510000228881836,13.550000190734863,13.210000038146973,13.3100004196167,1406800,0.0,0.0
2020-11-18 00:00:00-05:00,13.210000038146973,13.59000015258789,12.789999961853027,12.829999923706055,3447900,0.0,0.0
2020-11-19 00:00:00-05:00,12.539999961853027,12.890000343322754,12.34000015258789,12.729999542236328,2277700,0.0,0.0
2020-11-20 00:00:00-05:00,12.930000305175781,13.010000228881836,12.670000076293945,12.8100004196167,1514600,0.0,0.0
2020-11-23 00:00:00-05:00,12.609999656677246,12.65999984741211,11.899999618530273,12.210000038146973,4052400,0.0,0.0
2020-11-24 00:00:00-05:00,11.829999923706055,12.079999923706055,11.739999771118164,11.960000038146973,2852800,0.0,0.0
2020-11-25 00:00:00-05:00,12.15999984741211,12.260000228881836,11.859999656677246,12.0,1498500,0.0,0.0
2020-11-27 00:00:00-05:00,11.880000114440918,12.039999961853027,11.720000267028809,11.960000038146973,1197500,0.0,0.0
2020-11-30 00:00:00-05:00,11.890000343322754,11.949999809265137,11.510000228881836,11.800000190734863,1870700,0.0,0.0
2020-12-01 00:00:00-05:00,12.300000190734863,13.09000015258789,12.239999771118164,13.029999732971191,3594700,0.0,0.0
2020-12-02 00:00:00-05:00,13.119999885559082,13.149999618530273,12.489999771118164,12.949999809265137,2225800,0.0,0.0
2020-12-03 00:00:00-05:00,13.09000015258789,13.130000114440918,12.520000457763672,12.65999984741211,1907100,0.0,0.0
2020-12-04 00:00:00-05:00,12.640000343322754,12.880000114440918,12.59000015258789,12.699999809265137,1386700,0.0,0.0
2020-12-07 00:00:00-05:00,12.600000381469727,13.529999732971191,12.59000015258789,13.220000267028809,2305700,0.0,0.0
2020-12-08 00:00:00-05:00,13.329999923706055,13.350000381469727,13.09000015258789,13.130000114440918,1160500,0.0,0.0
2020-12-09 00:00:00-05:00,12.989999771118164,13.380000114440918,12.729999542236328,12.90999984741211,2060900,0.0,0.0
2020-12-10 00:00:00-05:00,13.050000190734863,13.680000305175781,13.0,13.260000228881836,3033200,0.0,0.0
2020-12-11 00:00:00-05:00,13.3100004196167,13.380000114440918,12.859999656677246,12.859999656677246,1846600,0.0,0.0
2020-12-14 00:00:00-05:00,12.84000015258789,12.970000267028809,12.420000076293945,12.430000305175781,1558200,0.0,0.0
2020-12-15 00:00:00-05:00,12.8100004196167,13.020000457763672,12.640000343322754,12.800000190734863,1362500,0.0,0.0
2020-12-16 00:00:00-05:00,12.920000076293945,12.979999542236328,12.40999984741211,12.789999961853027,1750500,0.0,0.0
2020-12-17 00:00:00-05:00,13.109999656677246,13.4399995803833,12.960000038146973,13.289999961853027,2071900,0.0,0.0
2020-12-18 00:00:00-05:00,13.270000457763672,13.319999694824219,12.800000190734863,12.829999923706055,3168700,0.0,0.0
2020-12-21 00:00:00-05:00,12.84000015258789,13.1899995803833,12.670000076293945,12.970000267028809,2143200,0.0,0.0
2020-12-22 00:00:00-05:00,12.989999771118164,13.039999961853027,12.329999923706055,12.40999984741211,1863700,0.0,0.0
2020-12-23 00:00:00-05:00,12.479999542236328,13.229999542236328,12.479999542236328,13.149999618530273,2513400,0.0,0.0
2020-12-24 00:00:00-05:00,13.15999984741211,13.359999656677246,13.050000190734863,13.289999961853027,702300,0.0,0.0
2020-12-28 00:00:00-05:00,13.5,13.739999771118164,13.199999809265137,13.210000038146973,1611800,0.0,0.0
2020-12-29 00:00:00-05:00,13.25,13.34000015258789,12.989999771118164,13.09000015258789,1792200,0.0,0.0
2020-12-30 00:00:00-05:00,13.100000381469727,13.729999542236328,13.09000015258789,13.640000343322754,2276400,0.0,0.0
2020-12-31 00:00:00-05:00,13.720000267028809,13.720000267028809,13.180000305175781,13.270000457763672,1711300,0.0,0.0
2021-01-04 00:00:00-05:00,13.8100004196167,14.359999656677246,13.609999656677246,14.229999542236328,4020300,0.0,0.0
2021-01-05 00:00:00-05:00,14.460000038146973,14.479999542236328,14.029999732971191,14.180000305175781,3149100,0.0,0.0
2021-01-06 00:00:00-05:00,14.050000190734863,14.279999732971191,13.729999542236328,14.140000343322754,3203600,0.0,0.0
2021-01-07 00:00:00-05:00,14.0600004196167,14.279999732971191,13.84000015258789,14.220000267028809,2318400,0.0,0.0
2021-01-08 00:00:00-05:00,13.800000190734863,14.010000228881836,12.960000038146973,13.170000076293945,6492200,0.0,0.0
2021-01-11 00:00:00-05:00,12.800000190734863,12.9399995803833,12.5,12.5,2660400,0.0,0.0
2021-01-12 00:00:00-05:00,12.479999542236328,12.520000457763672,11.930000305175781,12.239999771118164,2785300,0.0,0.0
2021-01-13 00:00:00-05:00,12.270000457763672,12.40999984741211,12.069999694824219,12.109999656677246,1999900,0.0,0.0
2021-01-14 00:00:00-05:00,12.15999984741211,12.289999961853027,11.970000267028809,11.989999771118164,1574600,0.0,0.0
2021-01-15 00:00:00-05:00,11.90999984741211,11.90999984741211,11.239999771118164,11.260000228881836,3284000,0.0,0.0
2021-01-19 00:00:00-05:00,11.380000114440918,11.510000228881836,11.180000305175781,11.319999694824219,2484400,0.0,0.0
2021-01-20 00:00:00-05:00,11.609999656677246,11.739999771118164,11.510000228881836,11.6899995803833,2029400,0.0,0.0
2021-01-21 00:00:00-05:00,11.6899995803833,11.710000038146973,11.109999656677246,11.3100004196167,2741100,0.0,0.0
2021-01-22 00:00:00-05:00,11.0,11.34000015258789,10.84000015258789,11.130000114440918,2080300,0.0,0.0
2021-01-25 00:00:00-05:00,11.170000076293945,11.260000228881836,10.699999809265137,10.760000228881836,2976900,0.0,0.0
2021-01-26 00:00:00-05:00,10.800000190734863,11.130000114440918,10.699999809265137,10.8100004196167,1867500,0.0,0.0
2021-01-27 00:00:00-05:00,10.600000381469727,10.6899995803833,10.289999961853027,10.649999618530273,3069400,0.0,0.0
2021-01-28 00:00:00-05:00,10.90999984741211,11.329999923706055,10.859999656677246,11.140000343322754,4513300,0.0,0.0
2021-01-29 00:00:00-05:00,11.539999961853027,11.65999984741211,11.0600004196167,11.210000038146973,2712000,0.0,0.0
2021-02-01 00:00:00-05:00,11.760000228881836,11.880000114440918,11.300000190734863,11.569999694824219,3644800,0.0,0.0
2021-02-02 00:00:00-05:00,11.199999809265137,11.359999656677246,11.050000190734863,11.329999923706055,2423000,0.0,0.0
2021-02-03 00:00:00-05:00,11.40999984741211,11.729999542236328,11.300000190734863,11.630000114440918,1821100,0.0,0.0
2021-02-04 00:00:00-05:00,11.220000267028809,11.5600004196167,11.039999961853027,11.5,2975100,0.0,0.0
2021-02-05 00:00:00-05:00,12.9399995803833,12.979999542236328,12.260000228881836,12.960000038146973,7363500,0.0,0.0
2021-02-08 00:00:00-05:00,13.229999542236328,13.390000343322754,12.960000038146973,13.319999694824219,2842700,0.0,0.0
2021-02-09 00:00:00-05:00,13.319999694824219,13.579999923706055,13.109999656677246,13.270000457763672,2772400,0.0,0.0
2021-02-10 00:00:00-05:00,13.350000381469727,13.510000228881836,13.020000457763672,13.25,1394100,0.0,0.0
2021-02-11 00:00:00-05:00,13.170000076293945,13.350000381469727,12.869999885559082,13.029999732971191,1403900,0.0,0.0
2021-02-12 00:00:00-05:00,12.869999885559082,13.229999542236328,12.699999809265137,13.039999961853027,1467600,0.0,0.0
2021-02-16 00:00:00-05:00,12.880000114440918,13.100000381469727,12.739999771118164,12.789999961853027,1770800,0.0,0.0
2021-02-17 00:00:00-05:00,12.609999656677246,12.609999656677246,12.270000457763672,12.40999984741211,1879100,0.0,0.0
2021-02-18 00:00:00-05:00,12.430000305175781,12.59000015258789,12.079999923706055,12.119999885559082,1642900,0.0,0.0
2021-02-19 00:00:00-05:00,12.210000038146973,12.300000190734863,11.970000267028809,12.09000015258789,1468200,0.0,0.0
2021-02-22 00:00:00-05:00,12.199999809265137,12.630000114440918,12.180000305175781,12.579999923706055,1815600,0.0,0.0
2021-02-23 00:00:00-05:00,12.460000038146973,12.460000038146973,11.829999923706055,12.199999809265137,1925900,0.0,0.0
2021-02-24 00:00:00-05:00,12.020000457763672,12.479999542236328,11.899999618530273,12.399999618530273,1286400,0.0,0.0
2021-02-25 00:00:00-05:00,12.140000343322754,12.329999923706055,11.520000457763672,11.579999923706055,2358000,0.0,0.0
2021-02-26 00:00:00-05:00,11.430000305175781,11.569999694824219,10.390000343322754,10.479999542236328,3730500,0.0,0.0
2021-03-01 00:00:00-05:00,10.739999771118164,10.869999885559082,10.220000267028809,10.460000038146973,2775500,0.0,0.0
2021-03-02 00:00:00-05:00,10.579999923706055,11.100000381469727,10.449999809265137,10.960000038146973,3081200,0.0,0.0
2021-03-03 00:00:00-05:00,10.770000457763672,10.989999771118164,10.399999618530273,10.9399995803833,2999600,0.0,0.0
2021-03-04 00:00:00-05:00,10.899999618530273,11.489999771118164,10.869999885559082,11.15999984741211,2831400,0.0,0.0
2021-03-05 00:00:00-05:00,11.149999618530273,11.359999656677246,10.899999618530273,11.34000015258789,1839100,0.0,0.0
2021-03-08 00:00:00-05:00,11.270000457763672,11.420000076293945,10.989999771118164,11.109999656677246,1300200,0.0,0.0
2021-03-09 00:00:00-05:00,11.399999618530273,11.640000343322754,11.220000267028809,11.34000015258789,1759800,0.0,0.0
2021-03-10 00:00:00-05:00,11.399999618530273,11.420000076293945,11.130000114440918,11.25,1392600,0.0,0.0
2021-03-11 00:00:00-05:00,11.350000381469727,11.600000381469727,11.140000343322754,11.350000381469727,2048000,0.0,0.0
2021-03-12 00:00:00-05:00,11.109999656677246,11.569999694824219,11.0,11.470000267028809,1660500,0.0,0.0
2021-03-15 00:00:00-04:00,11.5,11.779999732971191,11.420000076293945,11.479999542236328,2879900,0.0,0.0
2021-03-16 00:00:00-04:00,11.550000190734863,11.5600004196167,11.279999732971191,11.510000228881836,1986400,0.0,0.0
2021-03-17 00:00:00-04:00,11.40999984741211,12.140000343322754,11.34000015258789,12.050000190734863,2110800,0.0,0.0
2021-03-18 00:00:00-04:00,11.899999618530273,12.369999885559082,11.720000267028809,11.869999885559082,2487800,0.0,0.0
2021-03-19 00:00:00-04:00,11.949999809265137,12.170000076293945,11.760000228881836,12.0,3096100,0.0,0.0
2021-03-22 00:00:00-04:00,11.920000076293945,12.109999656677246,11.640000343322754,11.670000076293945,1513500,0.0,0.0
2021-03-23 00:00:00-04:00,11.59000015258789,11.600000381469727,11.0,11.020000457763672,2222600,0.0,0.0
2021-03-24 00:00:00-04:00,11.140000343322754,11.140000343322754,10.779999732971191,10.819999694824219,1480700,0.0,0.0
2021-03-25 00:00:00-04:00,10.699999809265137,10.920000076293945,10.5600004196167,10.720000267028809,1312800,0.0,0.0
2021-03-26 00:00:00-04:00,10.720000267028809,10.9399995803833,10.630000114440918,10.90999984741211,1239600,0.0,0.0
2021-03-29 00:00:00-04:00,10.75,10.930000305175781,10.489999771118164,10.770000457763672,1705100,0.0,0.0
2021-03-30 00:00:00-04:00,10.510000228881836,10.579999923706055,10.3100004196167,10.4399995803833,1909700,0.0,0.0
2021-03-31 00:00:00-04:00,10.510000228881836,11.020000457763672,10.5,10.789999961853027,2515900,0.0,0.0
2021-04-01 00:00:00-04:00,11.010000228881836,11.470000267028809,10.989999771118164,11.319999694824219,3270400,0.0,0.0
2021-04-05 00:00:00-04:00,11.289999961853027,11.40999984741211,11.1899995803833,11.25,1181000,0.0,0.0
2021-04-06 00:00:00-04:00,11.350000381469727,11.550000190734863,11.289999961853027,11.369999885559082,1890400,0.0,0.0
2021-04-07 00:00:00-04:00,11.350000381469727,11.350000381469727,11.119999885559082,11.170000076293945,1548600,0.0,0.0
2021-04-08 00:00:00-04:00,11.479999542236328,11.600000381469727,11.399999618530273,11.4399995803833,1553000,0.0,0.0
2021-04-09 00:00:00-04:00,11.199999809265137,11.430000305175781,11.130000114440918,11.34000015258789,1248300,0.0,0.0
2021-04-12 00:00:00-04:00,11.270000457763672,11.300000190734863,10.90999984741211,10.989999771118164,1175500,0.0,0.0
2021-04-13 00:00:00-04:00,11.15999984741211,11.390000343322754,11.149999618530273,11.25,1126700,0.0,0.0
2021-04-14 00:00:00-04:00,11.220000267028809,11.369999885559082,10.8100004196167,10.8100004196167,1161200,0.0,0.0
2021-04-15 00:00:00-04:00,10.9399995803833,11.350000381469727,10.9399995803833,11.15999984741211,1376500,0.0,0.0
2021-04-16 00:00:00-04:00,11.399999618530273,11.40999984741211,11.170000076293945,11.319999694824219,1435300,0.0,0.0
2021-04-19 00:00:00-04:00,11.239999771118164,11.380000114440918,11.170000076293945,11.300000190734863,1194900,0.0,0.0
2021-04-20 00:00:00-04:00,11.229999542236328,11.539999961853027,11.170000076293945,11.479999542236328,1576400,0.0,0.0
2021-04-21 00:00:00-04:00,11.5,11.829999923706055,11.479999542236328,11.789999961853027,1439000,0.0,0.0
2021-04-22 00:00:00-04:00,11.609999656677246,11.609999656677246,11.220000267028809,11.260000228881836,1287900,0.0,0.0
2021-04-23 00:00:00-04:00,11.359999656677246,11.539999961853027,11.020000457763672,11.039999961853027,1405100,0.0,0.0
2021-04-26 00:00:00-04:00,11.0,11.149999618530273,10.880000114440918,11.130000114440918,1046200,0.0,0.0
2021-04-27 00:00:00-04:00,11.109999656677246,11.180000305175781,10.84000015258789,10.859999656677246,1250300,0.0,0.0
2021-04-28 00:00:00-04:00,10.770000457763672,11.0,10.619999885559082,10.9399995803833,1203200,0.0,0.0
2021-04-29 00:00:00-04:00,10.819999694824219,10.829999923706055,10.5600004196167,10.8100004196167,1896100,0.0,0.0
2021-04-30 00:00:00-04:00,10.670000076293945,10.729999542236328,9.829999923706055,9.869999885559082,4270700,0.0,0.0
2021-05-03 00:00:00-04:00,10.119999885559082,10.699999809265137,10.119999885559082,10.609999656677246,2690400,0.0,0.0
2021-05-04 00:00:00-04:00,10.529999732971191,10.829999923706055,10.289999961853027,10.399999618530273,2045300,0.0,0.0
2021-05-05 00:00:00-04:00,10.479999542236328,10.640000343322754,10.329999923706055,10.640000343322754,1027000,0.0,0.0
2021-05-06 00:00:00-04:00,10.84000015258789,11.239999771118164,10.819999694824219,11.020000457763672,2222000,0.0,0.0
2021-05-07 00:00:00-04:00,11.25,11.380000114440918,11.050000190734863,11.149999618530273,1569700,0.0,0.0
2021-05-10 00:00:00-04:00,11.359999656677246,11.430000305175781,10.949999809265137,11.0,2978900,0.0,0.0
2021-05-11 00:00:00-04:00,10.699999809265137,11.069999694824219,10.649999618530273,11.039999961853027,1213100,0.0,0.0
2021-05-12 00:00:00-04:00,11.0600004196167,11.109999656677246,10.779999732971191,10.869999885559082,1337500,0.0,0.0
2021-05-13 00:00:00-04:00,10.779999732971191,10.960000038146973,10.710000038146973,10.819999694824219,1144100,0.0,0.0
2021-05-14 00:00:00-04:00,10.949999809265137,11.149999618530273,10.930000305175781,11.119999885559082,929500,0.0,0.0
2021-05-17 00:00:00-04:00,11.239999771118164,11.8100004196167,11.180000305175781,11.649999618530273,2256300,0.0,0.0
2021-05-18 00:00:00-04:00,11.6899995803833,11.760000228881836,11.479999542236328,11.579999923706055,1216300,0.0,0.0
2021-05-19 00:00:00-04:00,11.390000343322754,11.8100004196167,11.329999923706055,11.470000267028809,2075400,0.0,0.0
2021-05-20 00:00:00-04:00,11.449999809265137,11.8100004196167,11.40999984741211,11.760000228881836,1360200,0.0,0.0
2021-05-21 00:00:00-04:00,11.84000015258789,12.020000457763672,11.680000305175781,11.8100004196167,2050600,0.0,0.0
2021-05-24 00:00:00-04:00,11.880000114440918,11.930000305175781,11.729999542236328,11.890000343322754,759600,0.0,0.0
2021-05-25 00:00:00-04:00,11.930000305175781,11.949999809265137,11.65999984741211,11.850000381469727,1246100,0.0,0.0
2021-05-26 00:00:00-04:00,12.0,12.210000038146973,11.859999656677246,11.920000076293945,1388800,0.0,0.0
2021-05-27 00:00:00-04:00,11.850000381469727,11.890000343322754,11.6899995803833,11.8100004196167,957000,0.0,0.0
2021-05-28 00:00:00-04:00,11.720000267028809,11.890000343322754,11.630000114440918,11.880000114440918,1071400,0.0,0.0
2021-06-01 00:00:00-04:00,12.0600004196167,12.329999923706055,11.869999885559082,11.930000305175781,1884400,0.0,0.0
2021-06-02 00:00:00-04:00,11.920000076293945,11.979999542236328,11.789999961853027,11.899999618530273,1422200,0.0,0.0
2021-06-03 00:00:00-04:00,11.600000381469727,11.609999656677246,11.3100004196167,11.489999771118164,1625500,0.0,0.0
2021-06-04 00:00:00-04:00,11.600000381469727,11.75,11.5600004196167,11.600000381469727,850900,0.0,0.0
2021-06-07 00:00:00-04:00,11.520000457763672,11.609999656677246,11.329999923706055,11.529999732971191,1276100,0.0,0.0
2021-06-08 00:00:00-04:00,11.470000267028809,11.520000457763672,11.359999656677246,11.40999984741211,969000,0.0,0.0
2021-06-09 00:00:00-04:00,11.40999984741211,11.539999961853027,11.319999694824219,11.350000381469727,748100,0.0,0.0
2021-06-10 00:00:00-04:00,11.3100004196167,11.739999771118164,11.270000457763672,11.739999771118164,1041300,0.0,0.0
2021-06-11 00:00:00-04:00,11.65999984741211,11.779999732971191,11.59000015258789,11.65999984741211,1064100,0.0,0.0
2021-06-14 00:00:00-04:00,11.5,11.720000267028809,11.4399995803833,11.550000190734863,906000,0.0,0.0
2021-06-15 00:00:00-04:00,11.550000190734863,11.600000381469727,11.390000343322754,11.529999732971191,1286300,0.0,0.0
2021-06-16 00:00:00-04:00,11.510000228881836,11.65999984741211,11.239999771118164,11.260000228881836,1246900,0.0,0.0
2021-06-17 00:00:00-04:00,10.890000343322754,10.989999771118164,10.4399995803833,10.649999618530273,3228900,0.0,0.0
2021-06-18 00:00:00-04:00,10.699999809265137,10.75,10.239999771118164,10.239999771118164,2249400,0.0,0.0
2021-06-21 00:00:00-04:00,10.430000305175781,10.489999771118164,10.229999542236328,10.369999885559082,1038500,0.0,0.0
2021-06-22 00:00:00-04:00,10.279999732971191,10.350000381469727,10.109999656677246,10.300000190734863,1037000,0.0,0.0
2021-06-23 00:00:00-04:00,10.449999809265137,10.579999923706055,10.229999542236328,10.279999732971191,1342100,0.0,0.0
2021-06-24 00:00:00-04:00,10.369999885559082,10.420000076293945,10.210000038146973,10.300000190734863,916300,0.0,0.0
2021-06-25 00:00:00-04:00,10.470000267028809,10.470000267028809,10.079999923706055,10.1899995803833,1151600,0.0,0.0
2021-06-28 00:00:00-04:00,10.199999809265137,10.220000267028809,9.890000343322754,10.029999732971191,1253700,0.0,0.0
2021-06-29 00:00:00-04:00,9.869999885559082,10.039999961853027,9.8100004196167,9.850000381469727,1492300,0.0,0.0
2021-06-30 00:00:00-04:00,9.779999732971191,10.029999732971191,9.75,9.949999809265137,1125800,0.0,0.0
2021-07-01 00:00:00-04:00,10.119999885559082,10.130000114440918,9.850000381469727,9.949999809265137,933900,0.0,0.0
2021-07-02 00:00:00-04:00,10.109999656677246,10.170000076293945,9.920000076293945,10.119999885559082,868300,0.0,0.0
2021-07-06 00:00:00-04:00,10.180000305175781,10.34000015258789,9.9399995803833,10.109999656677246,1134800,0.0,0.0
2021-07-07 00:00:00-04:00,10.149999618530273,10.180000305175781,9.920000076293945,10.0600004196167,785100,0.0,0.0
2021-07-08 00:00:00-04:00,10.0,10.069999694824219,9.550000190734863,9.65999984741211,2353300,0.0,0.0
2021-07-09 00:00:00-04:00,9.710000038146973,9.9399995803833,9.699999809265137,9.880000114440918,861500,0.0,0.0
2021-07-12 00:00:00-04:00,9.789999961853027,9.90999984741211,9.5600004196167,9.619999885559082,1803800,0.0,0.0
2021-07-13 00:00:00-04:00,9.640000343322754,10.039999961853027,9.609999656677246,9.760000228881836,1200300,0.0,0.0
2021-07-14 00:00:00-04:00,9.880000114440918,10.130000114440918,9.789999961853027,9.859999656677246,1129500,0.0,0.0
2021-07-15 00:00:00-04:00,9.8100004196167,9.899999618530273,9.729999542236328,9.859999656677246,1111100,0.0,0.0
2021-07-16 00:00:00-04:00,9.850000381469727,9.850000381469727,9.350000381469727,9.390000343322754,1680800,0.0,0.0
2021-07-19 00:00:00-04:00,9.170000076293945,9.260000228881836,9.010000228881836,9.149999618530273,1859100,0.0,0.0
2021-07-20 00:00:00-04:00,9.300000190734863,9.4399995803833,9.130000114440918,9.220000267028809,1519000,0.0,0.0
2021-07-21 00:00:00-04:00,9.079999923706055,9.5,9.069999694824219,9.449999809265137,1449200,0.0,0.0
2021-07-22 00:00:00-04:00,9.399999618530273,9.470000267028809,9.130000114440918,9.369999885559082,1592800,0.0,0.0
2021-07-23 00:00:00-04:00,9.25,9.289999961853027,9.130000114440918,9.199999809265137,1708200,0.0,0.0
2021-07-26 00:00:00-04:00,9.180000305175781,9.510000228881836,9.149999618530273,9.399999618530273,788800,0.0,0.0
2021-07-27 00:00:00-04:00,9.40999984741211,9.449999809265137,9.199999809265137,9.40999984741211,1352100,0.0,0.0
2021-07-28 00:00:00-04:00,9.34000015258789,9.619999885559082,9.3100004196167,9.609999656677246,961600,0.0,0.0
2021-07-29 00:00:00-04:00,9.970000267028809,10.039999961853027,9.760000228881836,9.819999694824219,1691500,0.0,0.0
2021-07-30 00:00:00-04:00,9.5600004196167,9.649999618530273,9.079999923706055,9.329999923706055,2839100,0.0,0.0
2021-08-02 00:00:00-04:00,9.3100004196167,9.350000381469727,9.149999618530273,9.260000228881836,1850100,0.0,0.0
2021-08-03 00:00:00-04:00,9.229999542236328,9.3100004196167,9.100000381469727,9.229999542236328,2317600,0.0,0.0
2021-08-04 00:00:00-04:00,9.350000381469727,9.569999694824219,9.260000228881836,9.300000190734863,1576400,0.0,0.0
2021-08-05 00:00:00-04:00,9.300000190734863,9.350000381469727,9.079999923706055,9.109999656677246,1998600,0.0,0.0
2021-08-06 00:00:00-04:00,8.880000114440918,8.949999809265137,8.710000038146973,8.859999656677246,2188700,0.0,0.0
2021-08-09 00:00:00-04:00,8.649999618530273,8.729999542236328,8.4399995803833,8.529999732971191,2328400,0.0,0.0
2021-08-10 00:00:00-04:00,8.460000038146973,8.65999984741211,8.3100004196167,8.460000038146973,1778200,0.0,0.0
2021-08-11 00:00:00-04:00,8.609999656677246,8.859999656677246,8.5600004196167,8.729999542236328,1560100,0.0,0.0
2021-08-12 00:00:00-04:00,8.649999618530273,8.65999984741211,8.369999885559082,8.460000038146973,1426300,0.0,0.0
2021-08-13 00:00:00-04:00,8.550000190734863,8.729999542236328,8.479999542236328,8.640000343322754,937400,0.0,0.0
2021-08-16 00:00:00-04:00,8.649999618530273,8.65999984741211,8.4399995803833,8.470000267028809,1130700,0.0,0.0
2021-08-17 00:00:00-04:00,8.4399995803833,8.550000190734863,8.359999656677246,8.380000114440918,1282900,0.0,0.0
2021-08-18 00:00:00-04:00,8.380000114440918,8.430000305175781,8.130000114440918,8.3100004196167,2391700,0.0,0.0
2021-08-19 00:00:00-04:00,8.289999961853027,8.289999961853027,8.010000228881836,8.0600004196167,2046700,0.0,0.0
2021-08-20 00:00:00-04:00,8.0,8.199999809265137,7.949999809265137,8.079999923706055,1308400,0.0,0.0
2021-08-23 00:00:00-04:00,8.369999885559082,8.579999923706055,8.210000038146973,8.510000228881836,1536300,0.0,0.0
2021-08-24 00:00:00-04:00,8.59000015258789,8.640000343322754,8.479999542236328,8.550000190734863,943900,0.0,0.0
2021-08-25 00:00:00-04:00,8.449999809265137,8.520000457763672,8.3100004196167,8.449999809265137,1402400,0.0,0.0
2021-08-26 00:00:00-04:00,8.380000114440918,8.539999961853027,8.319999694824219,8.359999656677246,1111900,0.0,0.0
2021-08-27 00:00:00-04:00,8.449999809265137,8.90999984741211,8.34000015258789,8.829999923706055,1595900,0.0,0.0
2021-08-30 00:00:00-04:00,8.850000381469727,8.90999984741211,8.539999961853027,8.5600004196167,1126000,0.0,0.0
2021-08-31 00:00:00-04:00,8.609999656677246,8.770000457763672,8.539999961853027,8.770000457763672,871800,0.0,0.0
2021-09-01 00:00:00-04:00,8.850000381469727,8.90999984741211,8.619999885559082,8.739999771118164,1197600,0.0,0.0
2021-09-02 00:00:00-04:00,8.710000038146973,8.8100004196167,8.600000381469727,8.680000305175781,964600,0.0,0.0
2021-09-03 00:00:00-04:00,8.899999618530273,9.140000343322754,8.880000114440918,9.0,1854100,0.0,0.0
2021-09-07 00:00:00-04:00,8.819999694824219,8.970000267028809,8.649999618530273,8.670000076293945,1228900,0.0,0.0
2021-09-08 00:00:00-04:00,8.65999984741211,8.710000038146973,8.539999961853027,8.649999618530273,1197400,0.0,0.0
2021-09-09 00:00:00-04:00,8.710000038146973,8.720000267028809,8.399999618530273,8.489999771118164,1447400,0.0,0.0
2021-09-10 00:00:00-04:00,8.449999809265137,8.529999732971191,8.239999771118164,8.260000228881836,1603700,0.0,0.0
2021-09-13 00:00:00-04:00,8.260000228881836,8.65999984741211,8.1899995803833,8.510000228881836,1788200,0.0,0.0
2021-09-14 00:00:00-04:00,8.510000228881836,8.600000381469727,8.329999923706055,8.470000267028809,1195200,0.0,0.0
2021-09-15 00:00:00-04:00,8.430000305175781,8.630000114440918,8.359999656677246,8.489999771118164,1169800,0.0,0.0
2021-09-16 00:00:00-04:00,8.25,8.270000457763672,7.929999828338623,8.15999984741211,2842100,0.0,0.0
2021-09-17 00:00:00-04:00,8.100000381469727,8.279999732971191,8.069999694824219,8.25,2984400,0.0,0.0
2021-09-20 00:00:00-04:00,8.25,8.350000381469727,8.079999923706055,8.279999732971191,1642800,0.0,0.0
2021-09-21 00:00:00-04:00,8.359999656677246,8.4399995803833,8.199999809265137,8.260000228881836,1160700,0.0,0.0
2021-09-22 00:00:00-04:00,8.350000381469727,8.510000228881836,8.229999542236328,8.239999771118164,1913700,0.0,0.0
2021-09-23 00:00:00-04:00,8.149999618530273,8.1899995803833,7.860000133514404,7.880000114440918,2093100,0.0,0.0
2021-09-24 00:00:00-04:00,7.800000190734863,7.989999771118164,7.699999809265137,7.820000171661377,1840900,0.0,0.0
2021-09-27 00:00:00-04:00,7.829999923706055,8.050000190734863,7.78000020980835,7.869999885559082,1531700,0.0,0.0
2021-09-28 00:00:00-04:00,7.699999809265137,8.029999732971191,7.670000076293945,7.889999866485596,2278700,0.0,0.0
2021-09-29 00:00:00-04:00,7.840000152587891,7.849999904632568,7.460000038146973,7.5,2233900,0.0,0.0
2021-09-30 00:00:00-04:00,7.599999904632568,7.909999847412109,7.550000190734863,7.730000019073486,2200500,0.0,0.0
2021-10-01 00:00:00-04:00,7.789999961853027,7.789999961853027,7.599999904632568,7.760000228881836,1983800,0.0,0.0
2021-10-04 00:00:00-04:00,7.710000038146973,8.050000190734863,7.699999809265137,7.920000076293945,1359600,0.0,0.0
2021-10-05 00:00:00-04:00,7.809999942779541,8.010000228881836,7.730000019073486,8.0,1464600,0.0,0.0
2021-10-06 00:00:00-04:00,7.929999828338623,8.279999732971191,7.929999828338623,8.260000228881836,2258500,0.0,0.0
2021-10-07 00:00:00-04:00,8.25,8.579999923706055,8.180000305175781,8.350000381469727,2475800,0.0,0.0
2021-10-08 00:00:00-04:00,8.619999885559082,8.649999618530273,8.390000343322754,8.4399995803833,1582900,0.0,0.0
2021-10-11 00:00:00-04:00,8.449999809265137,8.579999923706055,8.380000114440918,8.40999984741211,622100,0.0,0.0
2021-10-12 00:00:00-04:00,8.5,8.710000038146973,8.399999618530273,8.699999809265137,1410600,0.0,0.0
2021-10-13 00:00:00-04:00,8.899999618530273,9.600000381469727,8.869999885559082,9.510000228881836,5285500,0.0,0.0
2021-10-14 00:00:00-04:00,9.600000381469727,9.630000114440918,9.4399995803833,9.5600004196167,1998000,0.0,0.0
2021-10-15 00:00:00-04:00,9.289999961853027,9.680000305175781,9.239999771118164,9.640000343322754,2106700,0.0,0.0
2021-10-18 00:00:00-04:00,9.550000190734863,9.65999984741211,9.479999542236328,9.479999542236328,1041700,0.0,0.0
2021-10-19 00:00:00-04:00,9.720000267028809,9.720000267028809,9.40999984741211,9.5,1243300,0.0,0.0
2021-10-20 00:00:00-04:00,9.630000114440918,9.649999618530273,9.460000038146973,9.520000457763672,968700,0.0,0.0
2021-10-21 00:00:00-04:00,9.5,9.59000015258789,9.380000114440918,9.579999923706055,1404900,0.0,0.0
2021-10-22 00:00:00-04:00,9.779999732971191,9.989999771118164,9.630000114440918,9.649999618530273,1740600,0.0,0.0
2021-10-25 00:00:00-04:00,9.760000228881836,10.010000228881836,9.699999809265137,9.920000076293945,1738000,0.0,0.0
2021-10-26 00:00:00-04:00,9.829999923706055,9.930000305175781,9.739999771118164,9.869999885559082,912100,0.0,0.0
2021-10-27 00:00:00-04:00,9.84000015258789,10.039999961853027,9.720000267028809,9.890000343322754,1835500,0.0,0.0
2021-10-28 00:00:00-04:00,9.850000381469727,9.880000114440918,9.489999771118164,9.630000114440918,2618600,0.0,0.0
2021-10-29 00:00:00-04:00,9.510000228881836,9.510000228881836,8.65999984741211,8.960000038146973,3342300,0.0,0.0
2021-11-01 00:00:00-04:00,8.880000114440918,9.329999923706055,8.819999694824219,9.289999961853027,1683900,0.0,0.0
2021-11-02 00:00:00-04:00,9.1899995803833,9.260000228881836,9.0600004196167,9.25,1477400,0.0,0.0
2021-11-03 00:00:00-04:00,9.069999694824219,9.510000228881836,9.050000190734863,9.460000038146973,1526600,0.0,0.0
2021-11-04 00:00:00-04:00,9.680000305175781,9.8100004196167,9.350000381469727,9.380000114440918,1153000,0.0,0.0
2021-11-05 00:00:00-04:00,9.5,9.699999809265137,9.350000381469727,9.65999984741211,1649100,0.0,0.0
2021-11-08 00:00:00-05:00,9.729999542236328,9.779999732971191,9.579999923706055,9.6899995803833,1240700,0.0,0.0
2021-11-09 00:00:00-05:00,9.699999809265137,9.8100004196167,9.550000190734863,9.760000228881836,1335900,0.0,0.0
2021-11-10 00:00:00-05:00,10.069999694824219,10.199999809265137,9.859999656677246,9.930000305175781,2174600,0.0,0.0
2021-11-11 00:00:00-05:00,10.140000343322754,10.289999961853027,10.079999923706055,10.220000267028809,2189100,0.0,0.0
2021-11-12 00:00:00-05:00,10.050000190734863,10.319999694824219,10.020000457763672,10.199999809265137,1560500,0.0,0.0
2021-11-15 00:00:00-05:00,10.15999984741211,10.199999809265137,9.9399995803833,10.170000076293945,2321700,0.0,0.0
2021-11-16 00:00:00-05:00,10.199999809265137,10.260000228881836,9.880000114440918,9.899999618530273,1958700,0.0,0.0
2021-11-17 00:00:00-05:00,10.010000228881836,10.149999618530273,9.899999618530273,9.960000038146973,1341600,0.0,0.0
2021-11-18 00:00:00-05:00,9.890000343322754,9.979999542236328,9.779999732971191,9.90999984741211,1048500,0.0,0.0
2021-11-19 00:00:00-05:00,9.829999923706055,9.949999809265137,9.640000343322754,9.6899995803833,1494500,0.0,0.0
2021-11-22 00:00:00-05:00,9.529999732971191,9.720000267028809,9.279999732971191,9.65999984741211,2042900,0.0,0.0
2021-11-23 00:00:00-05:00,9.369999885559082,9.600000381469727,9.199999809265137,9.319999694824219,1806400,0.0,0.0
2021-11-24 00:00:00-05:00,9.270000457763672,9.470000267028809,9.220000267028809,9.390000343322754,1069600,0.0,0.0
2021-11-26 00:00:00-05:00,9.420000076293945,9.5,9.029999732971191,9.289999961853027,1731800,0.0,0.0
2021-11-29 00:00:00-05:00,9.170000076293945,9.210000038146973,8.960000038146973,9.0600004196167,2037900,0.0,0.0
2021-11-30 00:00:00-05:00,9.09000015258789,9.40999984741211,8.859999656677246,8.979999542236328,1905500,0.0,0.0
2021-12-01 00:00:00-05:00,9.170000076293945,9.300000190734863,8.640000343322754,8.720000267028809,2066700,0.0,0.0
2021-12-02 00:00:00-05:00,8.699999809265137,8.75,8.430000305175781,8.65999984741211,2172500,0.0,0.0
2021-12-03 00:00:00-05:00,8.65999984741211,8.979999542236328,8.550000190734863,8.979999542236328,3680300,0.0,0.0
2021-12-06 00:00:00-05:00,8.930000305175781,9.199999809265137,8.819999694824219,9.180000305175781,1053200,0.0,0.0
2021-12-07 00:00:00-05:00,9.1899995803833,9.350000381469727,9.170000076293945,9.25,1191200,0.0,0.0
2021-12-08 00:00:00-05:00,9.25,9.300000190734863,9.079999923706055,9.140000343322754,1562000,0.0,0.0
2021-12-09 00:00:00-05:00,8.960000038146973,8.970000267028809,8.75,8.819999694824219,2404800,0.0,0.0
2021-12-10 00:00:00-05:00,8.819999694824219,8.869999885559082,8.649999618530273,8.789999961853027,2213100,0.0,0.0
2021-12-13 00:00:00-05:00,8.75,8.899999618530273,8.6899995803833,8.819999694824219,1592900,0.0,0.0
2021-12-14 00:00:00-05:00,8.65999984741211,8.829999923706055,8.569999694824219,8.720000267028809,1936200,0.0,0.0
2021-12-15 00:00:00-05:00,8.65999984741211,8.65999984741211,8.350000381469727,8.59000015258789,2643300,0.0,0.0
2021-12-16 00:00:00-05:00,8.760000228881836,8.9399995803833,8.569999694824219,8.899999618530273,3533100,0.0,0.0
2021-12-17 00:00:00-05:00,8.960000038146973,8.960000038146973,8.649999618530273,8.739999771118164,4831200,0.0,0.0
2021-12-20 00:00:00-05:00,8.65999984741211,8.710000038146973,8.399999618530273,8.649999618530273,2946300,0.0,0.0
2021-12-21 00:00:00-05:00,8.680000305175781,9.079999923706055,8.649999618530273,9.0600004196167,2378900,0.0,0.0
2021-12-22 00:00:00-05:00,9.0600004196167,9.329999923706055,9.010000228881836,9.319999694824219,1689300,0.0,0.0
2021-12-23 00:00:00-05:00,9.319999694824219,9.470000267028809,9.239999771118164,9.430000305175781,1126900,0.0,0.0
2021-12-27 00:00:00-05:00,9.390000343322754,9.579999923706055,9.3100004196167,9.430000305175781,859300,0.0,0.0
2021-12-28 00:00:00-05:00,9.420000076293945,9.579999923706055,9.350000381469727,9.359999656677246,1000500,0.0,0.0
2021-12-29 00:00:00-05:00,9.210000038146973,9.420000076293945,9.149999618530273,9.25,922000,0.0,0.0
2021-12-30 00:00:00-05:00,9.279999732971191,9.470000267028809,9.270000457763672,9.369999885559082,1311800,0.0,0.0
2021-12-31 00:00:00-05:00,9.369999885559082,9.470000267028809,9.289999961853027,9.350000381469727,1331000,0.0,0.0
2022-01-03 00:00:00-05:00,9.1899995803833,9.40999984741211,9.119999885559082,9.130000114440918,1024600,0.0,0.0
2022-01-04 00:00:00-05:00,9.15999984741211,9.40999984741211,9.09000015258789,9.319999694824219,2274800,0.0,0.0
2022-01-05 00:00:00-05:00,9.399999618530273,9.680000305175781,9.079999923706055,9.140000343322754,2745900,0.0,0.0
2022-01-06 00:00:00-05:00,8.979999542236328,9.029999732971191,8.789999961853027,8.880000114440918,2992600,0.0,0.0
2022-01-07 00:00:00-05:00,8.9399995803833,9.109999656677246,8.850000381469727,9.069999694824219,1397300,0.0,0.0
2022-01-10 00:00:00-05:00,9.0,9.350000381469727,8.949999809265137,9.34000015258789,2051200,0.0,0.0
2022-01-11 00:00:00-05:00,9.350000381469727,9.529999732971191,9.229999542236328,9.520000457763672,1869000,0.0,0.0
2022-01-12 00:00:00-05:00,9.600000381469727,9.680000305175781,9.4399995803833,9.65999984741211,1580000,0.0,0.0
2022-01-13 00:00:00-05:00,9.649999618530273,9.729999542236328,9.510000228881836,9.539999961853027,1893900,0.0,0.0
2022-01-14 00:00:00-05:00,9.5,9.630000114440918,9.420000076293945,9.539999961853027,1448700,0.0,0.0
2022-01-18 00:00:00-05:00,9.470000267028809,9.479999542236328,9.119999885559082,9.239999771118164,2080200,0.0,0.0
2022-01-19 00:00:00-05:00,9.3100004196167,9.970000267028809,9.260000228881836,9.90999984741211,4443100,0.0,0.0
2022-01-20 00:00:00-05:00,9.970000267028809,10.020000457763672,9.5,9.5,2635300,0.0,0.0
2022-01-21 00:00:00-05:00,9.59000015258789,9.59000015258789,9.119999885559082,9.220000267028809,2773200,0.0,0.0
2022-01-24 00:00:00-05:00,9.069999694824219,9.15999984741211,8.739999771118164,8.989999771118164,2534700,0.0,0.0
2022-01-25 00:00:00-05:00,8.84000015258789,9.350000381469727,8.819999694824219,9.350000381469727,2278000,0.0,0.0
2022-01-26 00:00:00-05:00,9.289999961853027,9.470000267028809,8.859999656677246,8.930000305175781,2331100,0.0,0.0
2022-01-27 00:00:00-05:00,8.699999809265137,8.9399995803833,8.579999923706055,8.619999885559082,2718900,0.0,0.0
2022-01-28 00:00:00-05:00,8.510000228881836,8.600000381469727,8.359999656677246,8.529999732971191,2033700,0.0,0.0
2022-01-31 00:00:00-05:00,8.680000305175781,8.800000190734863,8.510000228881836,8.75,1686000,0.0,0.0
2022-02-01 00:00:00-05:00,8.880000114440918,9.069999694824219,8.760000228881836,8.789999961853027,1345400,0.0,0.0
2022-02-02 00:00:00-05:00,8.819999694824219,9.100000381469727,8.649999618530273,8.899999618530273,2235400,0.0,0.0
2022-02-03 00:00:00-05:00,8.789999961853027,9.039999961853027,8.710000038146973,8.859999656677246,1899300,0.0,0.0
2022-02-04 00:00:00-05:00,8.8100004196167,9.130000114440918,8.8100004196167,9.029999732971191,1787300,0.0,0.0
2022-02-07 00:00:00-05:00,9.149999618530273,9.470000267028809,9.050000190734863,9.399999618530273,2365600,0.0,0.0
2022-02-08 00:00:00-05:00,9.420000076293945,9.600000381469727,9.34000015258789,9.59000015258789,1662600,0.0,0.0
2022-02-09 00:00:00-05:00,9.600000381469727,9.699999809265137,9.449999809265137,9.449999809265137,1783100,0.0,0.0
2022-02-10 00:00:00-05:00,9.399999618530273,9.649999618530273,9.25,9.279999732971191,2322800,0.0,0.0
2022-02-11 00:00:00-05:00,9.270000457763672,10.109999656677246,9.25,10.029999732971191,3895000,0.0,0.0
2022-02-14 00:00:00-05:00,10.050000190734863,10.390000343322754,10.0,10.369999885559082,3676700,0.0,0.0
2022-02-15 00:00:00-05:00,10.0,10.359999656677246,9.84000015258789,10.270000457763672,2465200,0.0,0.0
2022-02-16 00:00:00-05:00,10.369999885559082,10.539999961853027,10.289999961853027,10.34000015258789,3005900,0.0,0.0
2022-02-17 00:00:00-05:00,10.569999694824219,11.079999923706055,10.539999961853027,11.010000228881836,5626300,0.0,0.0
2022-02-18 00:00:00-05:00,10.960000038146973,11.0,10.770000457763672,10.960000038146973,2828300,0.0,0.0
2022-02-22 00:00:00-05:00,10.960000038146973,11.149999618530273,10.779999732971191,10.850000381469727,2994900,0.0,0.0
2022-02-23 00:00:00-05:00,10.890000343322754,11.210000038146973,10.829999923706055,11.119999885559082,3231300,0.0,0.0
2022-02-24 00:00:00-05:00,11.300000190734863,11.390000343322754,10.529999732971191,10.75,3851500,0.0,0.0
2022-02-25 00:00:00-05:00,10.670000076293945,11.229999542236328,10.640000343322754,11.180000305175781,3564100,0.0,0.0
2022-02-28 00:00:00-05:00,11.350000381469727,11.380000114440918,10.819999694824219,10.949999809265137,3269100,0.0,0.0
2022-03-01 00:00:00-05:00,11.0,11.4399995803833,10.949999809265137,11.34000015258789,4085400,0.0,0.0
2022-03-02 00:00:00-05:00,11.0600004196167,11.329999923706055,11.010000228881836,11.229999542236328,3088500,0.0,0.0
2022-03-03 00:00:00-05:00,11.25,11.270000457763672,10.979999542236328,11.1899995803833,2268900,0.0,0.0
2022-03-04 00:00:00-05:00,11.229999542236328,11.4399995803833,11.079999923706055,11.390000343322754,3350300,0.0,0.0
2022-03-07 00:00:00-05:00,11.390000343322754,11.649999618530273,11.289999961853027,11.430000305175781,3708600,0.0,0.0
2022-03-08 00:00:00-05:00,11.550000190734863,11.829999923706055,11.050000190734863,11.550000190734863,8074800,0.0,0.0
2022-03-09 00:00:00-05:00,11.020000457763672,11.649999618530273,10.899999618530273,11.520000457763672,3399500,0.0,0.0
2022-03-10 00:00:00-05:00,11.569999694824219,11.770000457763672,11.520000457763672,11.640000343322754,3614400,0.0,0.0
2022-03-11 00:00:00-05:00,11.260000228881836,11.550000190734863,11.15999984741211,11.399999618530273,2085600,0.0,0.0
2022-03-14 00:00:00-04:00,11.15999984741211,11.1899995803833,10.720000267028809,10.84000015258789,2150500,0.0,0.0
2022-03-15 00:00:00-04:00,10.5,11.010000228881836,10.4399995803833,10.869999885559082,2245600,0.0,0.0
2022-03-16 00:00:00-04:00,10.819999694824219,10.979999542236328,10.529999732971191,10.819999694824219,2403400,0.0,0.0
2022-03-17 00:00:00-04:00,10.920000076293945,11.390000343322754,10.90999984741211,11.140000343322754,2370100,0.0,0.0
2022-03-18 00:00:00-04:00,11.010000228881836,11.100000381469727,10.869999885559082,11.020000457763672,4308100,0.0,0.0
2022-03-21 00:00:00-04:00,11.0600004196167,11.5600004196167,11.039999961853027,11.369999885559082,1917900,0.0,0.0
2022-03-22 00:00:00-04:00,11.40999984741211,11.40999984741211,11.130000114440918,11.260000228881836,1277100,0.0,0.0
2022-03-23 00:00:00-04:00,11.369999885559082,11.579999923706055,11.300000190734863,11.539999961853027,1235800,0.0,0.0
2022-03-24 00:00:00-04:00,11.680000305175781,11.75,11.479999542236328,11.5,1187800,0.0,0.0
2022-03-25 00:00:00-04:00,11.449999809265137,11.630000114440918,11.399999618530273,11.59000015258789,1241100,0.0,0.0
2022-03-28 00:00:00-04:00,11.369999885559082,11.430000305175781,11.180000305175781,11.289999961853027,2291600,0.0,0.0
2022-03-29 00:00:00-04:00,10.949999809265137,11.270000457763672,10.779999732971191,11.229999542236328,2453400,0.0,0.0
2022-03-30 00:00:00-04:00,11.300000190734863,11.649999618530273,11.25,11.359999656677246,1685700,0.0,0.0
2022-03-31 00:00:00-04:00,11.300000190734863,11.399999618530273,11.1899995803833,11.210000038146973,1493300,0.0,0.0
2022-04-01 00:00:00-04:00,11.130000114440918,11.529999732971191,11.109999656677246,11.510000228881836,1655400,0.0,0.0
2022-04-04 00:00:00-04:00,11.569999694824219,11.619999885559082,11.420000076293945,11.550000190734863,2211600,0.0,0.0
2022-04-05 00:00:00-04:00,11.550000190734863,11.760000228881836,11.109999656677246,11.130000114440918,1804900,0.0,0.0
2022-04-06 00:00:00-04:00,11.130000114440918,11.220000267028809,10.829999923706055,10.9399995803833,1712300,0.0,0.0
2022-04-07 00:00:00-04:00,10.970000267028809,11.15999984741211,10.920000076293945,11.039999961853027,1098800,0.0,0.0
2022-04-08 00:00:00-04:00,11.079999923706055,11.569999694824219,11.079999923706055,11.489999771118164,1748200,0.0,0.0
2022-04-11 00:00:00-04:00,11.6899995803833,11.729999542236328,11.430000305175781,11.630000114440918,2074300,0.0,0.0
2022-04-12 00:00:00-04:00,11.760000228881836,12.039999961853027,11.649999618530273,11.720000267028809,3231500,0.0,0.0
2022-04-13 00:00:00-04:00,11.8100004196167,12.3100004196167,11.8100004196167,12.15999984741211,2316200,0.0,0.0
2022-04-14 00:00:00-04:00,12.100000381469727,12.260000228881836,11.899999618530273,12.199999809265137,2438900,0.0,0.0
2022-04-18 00:00:00-04:00,12.369999885559082,12.489999771118164,12.170000076293945,12.199999809265137,1559500,0.0,0.0
2022-04-19 00:00:00-04:00,12.100000381469727,12.149999618530273,11.800000190734863,11.920000076293945,1936100,0.0,0.0
2022-04-20 00:00:00-04:00,11.949999809265137,12.140000343322754,11.729999542236328,12.109999656677246,1643400,0.0,0.0
2022-04-21 00:00:00-04:00,12.0600004196167,12.079999923706055,11.40999984741211,11.600000381469727,2021100,0.0,0.0
2022-04-22 00:00:00-04:00,11.369999885559082,11.479999542236328,11.0600004196167,11.170000076293945,1937700,0.0,0.0
2022-04-25 00:00:00-04:00,10.699999809265137,10.880000114440918,10.4399995803833,10.739999771118164,2050700,0.0,0.0
2022-04-26 00:00:00-04:00,10.739999771118164,10.8100004196167,10.359999656677246,10.390000343322754,1495000,0.0,0.0
2022-04-27 00:00:00-04:00,10.4399995803833,10.59000015258789,10.270000457763672,10.319999694824219,1544800,0.0,0.0
2022-04-28 00:00:00-04:00,10.369999885559082,10.630000114440918,10.15999984741211,10.550000190734863,2372300,0.0,0.0
2022-04-29 00:00:00-04:00,10.109999656677246,10.210000038146973,9.25,9.720000267028809,4809000,0.0,0.0
2022-05-02 00:00:00-04:00,9.40999984741211,9.510000228881836,9.199999809265137,9.460000038146973,2674100,0.0,0.0
2022-05-03 00:00:00-04:00,9.420000076293945,9.729999542236328,9.420000076293945,9.569999694824219,1748700,0.0,0.0
2022-05-04 00:00:00-04:00,9.59000015258789,9.649999618530273,9.289999961853027,9.579999923706055,2150900,0.0,0.0
2022-05-05 00:00:00-04:00,9.729999542236328,9.739999771118164,9.0600004196167,9.15999984741211,2023800,0.0,0.0
2022-05-06 00:00:00-04:00,9.119999885559082,9.1899995803833,8.979999542236328,9.020000457763672,1417400,0.0,0.0
2022-05-09 00:00:00-04:00,8.770000457763672,8.890000343322754,8.5,8.539999961853027,2369200,0.0,0.0
2022-05-10 00:00:00-04:00,8.680000305175781,8.760000228881836,8.229999542236328,8.390000343322754,2085900,0.0,0.0
2022-05-11 00:00:00-04:00,8.470000267028809,8.65999984741211,8.270000457763672,8.390000343322754,2877300,0.0,0.0
2022-05-12 00:00:00-04:00,8.1899995803833,8.25,7.760000228881836,7.940000057220459,2767000,0.0,0.0
2022-05-13 00:00:00-04:00,7.869999885559082,8.229999542236328,7.869999885559082,8.09000015258789,2508700,0.0,0.0
2022-05-16 00:00:00-04:00,8.09000015258789,8.180000305175781,8.020000457763672,8.079999923706055,2310800,0.0,0.0
2022-05-17 00:00:00-04:00,8.279999732971191,8.319999694824219,8.09000015258789,8.130000114440918,2339700,0.0,0.0
2022-05-18 00:00:00-04:00,8.119999885559082,8.1899995803833,7.889999866485596,7.940000057220459,1779600,0.0,0.0
2022-05-19 00:00:00-04:00,8.15999984741211,8.619999885559082,8.140000343322754,8.520000457763672,4845600,0.0,0.0
2022-05-20 00:00:00-04:00,8.569999694824219,8.59000015258789,8.300000190734863,8.390000343322754,1360400,0.0,0.0
2022-05-23 00:00:00-04:00,8.600000381469727,8.640000343322754,8.239999771118164,8.350000381469727,1294100,0.0,0.0
2022-05-24 00:00:00-04:00,8.40999984741211,8.5600004196167,8.270000457763672,8.489999771118164,1497100,0.0,0.0
2022-05-25 00:00:00-04:00,8.350000381469727,8.460000038146973,8.1899995803833,8.3100004196167,2650000,0.0,0.0
2022-05-26 00:00:00-04:00,8.300000190734863,8.430000305175781,8.119999885559082,8.199999809265137,1694900,0.0,0.0
2022-05-27 00:00:00-04:00,8.319999694824219,8.319999694824219,8.069999694824219,8.15999984741211,2179400,0.0,0.0
2022-05-31 00:00:00-04:00,8.229999542236328,8.34000015258789,7.929999828338623,8.029999732971191,1943300,0.0,0.0
2022-06-01 00:00:00-04:00,8.109999656677246,8.180000305175781,7.920000076293945,8.109999656677246,1884800,0.0,0.0
2022-06-02 00:00:00-04:00,8.239999771118164,8.649999618530273,8.1899995803833,8.550000190734863,1833800,0.0,0.0
2022-06-03 00:00:00-04:00,8.449999809265137,8.5600004196167,8.3100004196167,8.390000343322754,1260100,0.0,0.0
2022-06-06 00:00:00-04:00,8.449999809265137,8.5600004196167,8.1899995803833,8.279999732971191,1876400,0.0,0.0
2022-06-07 00:00:00-04:00,8.1899995803833,8.329999923706055,8.130000114440918,8.25,1312700,0.0,0.0
2022-06-08 00:00:00-04:00,8.300000190734863,8.3100004196167,8.100000381469727,8.180000305175781,1644300,0.0,0.0
2022-06-09 00:00:00-04:00,8.109999656677246,8.109999656677246,7.880000114440918,7.900000095367432,1722800,0.0,0.0
2022-06-10 00:00:00-04:00,7.800000190734863,8.399999618530273,7.760000228881836,8.329999923706055,2939100,0.0,0.0
2022-06-13 00:00:00-04:00,8.0,8.109999656677246,7.619999885559082,7.650000095367432,2387600,0.0,0.0
2022-06-14 00:00:00-04:00,7.690000057220459,7.690000057220459,7.25,7.369999885559082,2133500,0.0,0.0
2022-06-15 00:00:00-04:00,7.579999923706055,7.590000152587891,7.159999847412109,7.380000114440918,2497600,0.0,0.0
2022-06-16 00:00:00-04:00,7.329999923706055,7.510000228881836,7.099999904632568,7.360000133514404,2205300,0.0,0.0
2022-06-17 00:00:00-04:00,7.300000190734863,7.420000076293945,7.099999904632568,7.329999923706055,4212000,0.0,0.0
2022-06-21 00:00:00-04:00,7.329999923706055,7.489999771118164,7.179999828338623,7.320000171661377,1408000,0.0,0.0
2022-06-22 00:00:00-04:00,7.260000228881836,7.460000038146973,7.170000076293945,7.199999809265137,1237800,0.0,0.0
2022-06-23 00:00:00-04:00,7.179999828338623,7.230000019073486,6.78000020980835,6.869999885559082,1651200,0.0,0.0
2022-06-24 00:00:00-04:00,6.889999866485596,7.110000133514404,6.789999961853027,7.110000133514404,1567600,0.0,0.0
2022-06-27 00:00:00-04:00,7.119999885559082,7.199999809265137,6.989999771118164,7.159999847412109,1417500,0.0,0.0
2022-06-28 00:00:00-04:00,7.21999979019165,7.260000228881836,6.860000133514404,6.869999885559082,1362400,0.0,0.0
2022-06-29 00:00:00-04:00,6.96999979019165,7.019999980926514,6.610000133514404,6.760000228881836,1542100,0.0,0.0
2022-06-30 00:00:00-04:00,6.710000038146973,6.710000038146973,6.369999885559082,6.389999866485596,1531300,0.0,0.0
2022-07-01 00:00:00-04:00,6.230000019073486,6.630000114440918,6.099999904632568,6.519999980926514,2138500,0.0,0.0
2022-07-05 00:00:00-04:00,6.349999904632568,6.389999866485596,5.829999923706055,5.960000038146973,2764600,0.0,0.0
2022-07-06 00:00:00-04:00,6.010000228881836,6.039999961853027,5.610000133514404,5.800000190734863,2192200,0.0,0.0
2022-07-07 00:00:00-04:00,5.849999904632568,6.070000171661377,5.760000228881836,5.829999923706055,2805100,0.0,0.0
2022-07-08 00:00:00-04:00,5.860000133514404,5.889999866485596,5.670000076293945,5.739999771118164,1671900,0.0,0.0
2022-07-11 00:00:00-04:00,5.690000057220459,5.849999904632568,5.559999942779541,5.559999942779541,1470600,0.0,0.0
2022-07-12 00:00:00-04:00,5.539999961853027,5.639999866485596,5.349999904632568,5.550000190734863,2960800,0.0,0.0
2022-07-13 00:00:00-04:00,5.489999771118164,5.789999961853027,5.449999809265137,5.699999809265137,3032700,0.0,0.0
2022-07-14 00:00:00-04:00,5.449999809265137,5.610000133514404,5.269999980926514,5.570000171661377,3347300,0.0,0.0
2022-07-15 00:00:00-04:00,5.630000114440918,5.650000095367432,5.369999885559082,5.489999771118164,1877800,0.0,0.0
2022-07-18 00:00:00-04:00,5.579999923706055,5.860000133514404,5.559999942779541,5.650000095367432,2321400,0.0,0.0
2022-07-19 00:00:00-04:00,5.710000038146973,6.019999980926514,5.679999828338623,5.849999904632568,2419100,0.0,0.0
2022-07-20 00:00:00-04:00,5.889999866485596,5.96999979019165,5.690000057220459,5.710000038146973,1929200,0.0,0.0
2022-07-21 00:00:00-04:00,5.710000038146973,5.889999866485596,5.659999847412109,5.789999961853027,1760600,0.0,0.0
2022-07-22 00:00:00-04:00,5.889999866485596,6.059999942779541,5.659999847412109,5.690000057220459,1851500,0.0,0.0
2022-07-25 00:00:00-04:00,5.699999809265137,5.71999979019165,5.510000228881836,5.670000076293945,1570600,0.0,0.0
2022-07-26 00:00:00-04:00,5.699999809265137,5.869999885559082,5.590000152587891,5.599999904632568,2988200,0.0,0.0
2022-07-27 00:00:00-04:00,5.650000095367432,5.789999961853027,5.46999979019165,5.769999980926514,3382000,0.0,0.0
2022-07-28 00:00:00-04:00,5.96999979019165,6.03000020980835,5.769999980926514,5.869999885559082,3918000,0.0,0.0
2022-07-29 00:00:00-04:00,5.699999809265137,6.190000057220459,5.429999828338623,6.159999847412109,5334400,0.0,0.0
2022-08-01 00:00:00-04:00,6.159999847412109,6.21999979019165,6.0,6.079999923706055,2338900,0.0,0.0
2022-08-02 00:00:00-04:00,6.099999904632568,6.25,5.929999828338623,5.940000057220459,1927000,0.0,0.0
2022-08-03 00:00:00-04:00,6.019999980926514,6.019999980926514,5.650000095367432,5.820000171661377,2296800,0.0,0.0
2022-08-04 00:00:00-04:00,5.869999885559082,6.179999828338623,5.829999923706055,6.079999923706055,1769800,0.0,0.0
2022-08-05 00:00:00-04:00,5.960000038146973,6.059999942779541,5.75,6.050000190734863,2145900,0.0,0.0
2022-08-08 00:00:00-04:00,6.190000057220459,6.46999979019165,6.139999866485596,6.329999923706055,2272500,0.0,0.0
2022-08-09 00:00:00-04:00,6.380000114440918,6.409999847412109,6.190000057220459,6.400000095367432,1478000,0.0,0.0
2022-08-10 00:00:00-04:00,6.46999979019165,6.539999961853027,6.230000019073486,6.340000152587891,1911200,0.0,0.0
2022-08-11 00:00:00-04:00,6.389999866485596,6.519999980926514,6.309999942779541,6.320000171661377,1569700,0.0,0.0
2022-08-12 00:00:00-04:00,6.420000076293945,6.659999847412109,6.349999904632568,6.570000171661377,1791500,0.0,0.0
2022-08-15 00:00:00-04:00,6.369999885559082,6.389999866485596,6.159999847412109,6.380000114440918,2160000,0.0,0.0
2022-08-16 00:00:00-04:00,6.320000171661377,6.400000095367432,6.179999828338623,6.309999942779541,1564900,0.0,0.0
2022-08-17 00:00:00-04:00,6.289999961853027,6.289999961853027,6.03000020980835,6.059999942779541,1454500,0.0,0.0
2022-08-18 00:00:00-04:00,6.03000020980835,6.170000076293945,6.019999980926514,6.110000133514404,1057100,0.0,0.0
2022-08-19 00:00:00-04:00,6.050000190734863,6.079999923706055,5.96999979019165,5.989999771118164,1454800,0.0,0.0
2022-08-22 00:00:00-04:00,5.869999885559082,5.980000019073486,5.820000171661377,5.929999828338623,2309600,0.0,0.0
2022-08-23 00:00:00-04:00,5.96999979019165,6.260000228881836,5.960000038146973,6.090000152587891,790100,0.0,0.0
2022-08-24 00:00:00-04:00,6.090000152587891,6.170000076293945,5.980000019073486,6.170000076293945,1358700,0.0,0.0
2022-08-25 00:00:00-04:00,6.25,6.269999980926514,6.119999885559082,6.21999979019165,905700,0.0,0.0
2022-08-26 00:00:00-04:00,6.230000019073486,6.300000190734863,5.78000020980835,5.829999923706055,1708400,0.0,0.0
2022-08-29 00:00:00-04:00,5.800000190734863,5.889999866485596,5.639999866485596,5.760000228881836,1803300,0.0,0.0
2022-08-30 00:00:00-04:00,5.760000228881836,5.760000228881836,5.539999961853027,5.599999904632568,1680600,0.0,0.0
2022-08-31 00:00:00-04:00,5.599999904632568,5.619999885559082,5.489999771118164,5.519999980926514,2312800,0.0,0.0
2022-09-01 00:00:00-04:00,5.429999828338623,5.449999809265137,5.210000038146973,5.289999961853027,2339300,0.0,0.0
2022-09-02 00:00:00-04:00,5.429999828338623,5.730000019073486,5.389999866485596,5.610000133514404,2317200,0.0,0.0
2022-09-06 00:00:00-04:00,5.599999904632568,5.739999771118164,5.489999771118164,5.5,1246900,0.0,0.0
2022-09-07 00:00:00-04:00,5.570000171661377,5.96999979019165,5.46999979019165,5.829999923706055,3969000,0.0,0.0
2022-09-08 00:00:00-04:00,5.769999980926514,5.869999885559082,5.650000095367432,5.820000171661377,1898400,0.0,0.0
2022-09-09 00:00:00-04:00,5.960000038146973,5.989999771118164,5.849999904632568,5.929999828338623,1915300,0.0,0.0
2022-09-12 00:00:00-04:00,6.059999942779541,6.119999885559082,5.960000038146973,6.050000190734863,2227900,0.0,0.0
2022-09-13 00:00:00-04:00,5.800000190734863,5.980000019073486,5.760000228881836,5.860000133514404,1894300,0.0,0.0
2022-09-14 00:00:00-04:00,5.940000057220459,5.949999809265137,5.820000171661377,5.869999885559082,1044200,0.0,0.0
2022-09-15 00:00:00-04:00,5.809999942779541,5.869999885559082,5.550000190734863,5.630000114440918,1867900,0.0,0.0
2022-09-16 00:00:00-04:00,5.559999942779541,5.769999980926514,5.460000038146973,5.730000019073486,2420600,0.0,0.0
2022-09-19 00:00:00-04:00,5.630000114440918,5.900000095367432,5.599999904632568,5.900000095367432,1303700,0.0,0.0
2022-09-20 00:00:00-04:00,5.78000020980835,5.920000076293945,5.690000057220459,5.820000171661377,1856800,0.0,0.0
2022-09-21 00:00:00-04:00,5.880000114440918,6.090000152587891,5.730000019073486,5.849999904632568,2003500,0.0,0.0
2022-09-22 00:00:00-04:00,5.909999847412109,6.0,5.710000038146973,5.760000228881836,1764800,0.0,0.0
2022-09-23 00:00:00-04:00,5.550000190734863,5.550000190734863,5.260000228881836,5.349999904632568,1907600,0.0,0.0
2022-09-26 00:00:00-04:00,5.300000190734863,5.409999847412109,5.059999942779541,5.159999847412109,2033200,0.0,0.0
2022-09-27 00:00:00-04:00,5.28000020980835,5.320000171661377,5.170000076293945,5.199999809265137,1381200,0.0,0.0
2022-09-28 00:00:00-04:00,5.300000190734863,5.900000095367432,5.300000190734863,5.900000095367432,3432000,0.0,0.0
2022-09-29 00:00:00-04:00,5.809999942779541,5.949999809265137,5.71999979019165,5.889999866485596,1528700,0.0,0.0
2022-09-30 00:00:00-04:00,5.869999885559082,6.21999979019165,5.809999942779541,6.03000020980835,4920100,0.0,0.0
2022-10-03 00:00:00-04:00,6.179999828338623,6.599999904632568,6.179999828338623,6.599999904632568,3478400,0.0,0.0
2022-10-04 00:00:00-04:00,6.760000228881836,6.940000057220459,6.630000114440918,6.829999923706055,1830900,0.0,0.0
2022-10-05 00:00:00-04:00,6.639999866485596,6.809999942779541,6.579999923706055,6.800000190734863,1474000,0.0,0.0
2022-10-06 00:00:00-04:00,6.730000019073486,6.880000114440918,6.690000057220459,6.860000133514404,1344400,0.0,0.0
2022-10-07 00:00:00-04:00,6.730000019073486,6.789999961853027,6.539999961853027,6.550000190734863,1772200,0.0,0.0
2022-10-10 00:00:00-04:00,6.5,6.550000190734863,6.309999942779541,6.360000133514404,1252700,0.0,0.0
2022-10-11 00:00:00-04:00,6.420000076293945,6.489999771118164,6.21999979019165,6.25,1395700,0.0,0.0
2022-10-12 00:00:00-04:00,6.230000019073486,6.380000114440918,6.170000076293945,6.300000190734863,1244000,0.0,0.0
2022-10-13 00:00:00-04:00,5.960000038146973,6.260000228881836,5.690000057220459,6.21999979019165,2974800,0.0,0.0
2022-10-14 00:00:00-04:00,6.199999809265137,6.210000038146973,5.739999771118164,5.75,2104300,0.0,0.0
2022-10-17 00:00:00-04:00,5.949999809265137,6.019999980926514,5.849999904632568,5.860000133514404,1164300,0.0,0.0
2022-10-18 00:00:00-04:00,5.980000019073486,6.03000020980835,5.880000114440918,5.960000038146973,923900,0.0,0.0
2022-10-19 00:00:00-04:00,5.860000133514404,5.860000133514404,5.639999866485596,5.659999847412109,1424200,0.0,0.0
2022-10-20 00:00:00-04:00,5.670000076293945,5.920000076293945,5.639999866485596,5.71999979019165,1758300,0.0,0.0
2022-10-21 00:00:00-04:00,5.710000038146973,6.079999923706055,5.710000038146973,6.070000171661377,1262000,0.0,0.0
2022-10-24 00:00:00-04:00,5.989999771118164,6.03000020980835,5.730000019073486,5.909999847412109,1604400,0.0,0.0
2022-10-25 00:00:00-04:00,5.929999828338623,6.099999904632568,5.889999866485596,6.050000190734863,1245000,0.0,0.0
2022-10-26 00:00:00-04:00,6.119999885559082,6.389999866485596,6.119999885559082,6.289999961853027,1357600,0.0,0.0
2022-10-27 00:00:00-04:00,6.289999961853027,6.360000133514404,6.110000133514404,6.139999866485596,1806800,0.0,0.0
2022-10-28 00:00:00-04:00,5.929999828338623,5.949999809265137,5.28000020980835,5.860000133514404,4356500,0.0,0.0
2022-10-31 00:00:00-04:00,5.769999980926514,5.769999980926514,5.570000171661377,5.590000152587891,1389700,0.0,0.0
2022-11-01 00:00:00-04:00,5.820000171661377,6.25,5.789999961853027,6.090000152587891,3664100,0.0,0.0
2022-11-02 00:00:00-04:00,6.119999885559082,6.199999809265137,5.659999847412109,5.670000076293945,3114200,0.0,0.0
2022-11-03 00:00:00-04:00,5.550000190734863,5.710000038146973,5.449999809265137,5.510000228881836,2492100,0.0,0.0
2022-11-04 00:00:00-04:00,5.840000152587891,6.21999979019165,5.809999942779541,6.210000038146973,3159200,0.0,0.0
2022-11-07 00:00:00-05:00,6.269999980926514,6.349999904632568,6.170000076293945,6.320000171661377,2012300,0.0,0.0
2022-11-08 00:00:00-05:00,6.329999923706055,6.829999923706055,6.25,6.699999809265137,3144200,0.0,0.0
2022-11-09 00:00:00-05:00,6.679999828338623,6.800000190734863,6.53000020980835,6.550000190734863,1482600,0.0,0.0
2022-11-10 00:00:00-05:00,6.96999979019165,7.039999961853027,6.670000076293945,6.989999771118164,3172900,0.0,0.0
2022-11-11 00:00:00-05:00,7.050000190734863,7.139999866485596,6.920000076293945,7.099999904632568,1593900,0.0,0.0
2022-11-14 00:00:00-05:00,7.0,7.170000076293945,7.0,7.130000114440918,1225400,0.0,0.0
2022-11-15 00:00:00-05:00,7.199999809265137,7.210000038146973,6.960000038146973,7.010000228881836,1003500,0.0,0.0
2022-11-16 00:00:00-05:00,6.980000019073486,7.010000228881836,6.869999885559082,6.909999847412109,757800,0.0,0.0
2022-11-17 00:00:00-05:00,6.699999809265137,6.820000171661377,6.639999866485596,6.71999979019165,983800,0.0,0.0
2022-11-18 00:00:00-05:00,6.739999771118164,6.829999923706055,6.650000095367432,6.829999923706055,768500,0.0,0.0
2022-11-21 00:00:00-05:00,6.760000228881836,6.940000057220459,6.730000019073486,6.929999828338623,1937000,0.0,0.0
2022-11-22 00:00:00-05:00,7.050000190734863,7.699999809265137,7.010000228881836,7.650000095367432,2854300,0.0,0.0
2022-11-23 00:00:00-05:00,7.639999866485596,7.760000228881836,7.460000038146973,7.639999866485596,1930600,0.0,0.0
2022-11-25 00:00:00-05:00,7.570000171661377,7.679999828338623,7.550000190734863,7.590000152587891,401400,0.0,0.0
2022-11-28 00:00:00-05:00,7.550000190734863,7.550000190734863,7.139999866485596,7.199999809265137,1214400,0.0,0.0
2022-11-29 00:00:00-05:00,7.289999961853027,7.449999809265137,7.230000019073486,7.360000133514404,996200,0.0,0.0
2022-11-30 00:00:00-05:00,7.519999980926514,7.78000020980835,7.400000095367432,7.659999847412109,2202500,0.0,0.0
2022-12-01 00:00:00-05:00,7.849999904632568,8.390000343322754,7.809999942779541,8.390000343322754,3404300,0.0,0.0
2022-12-02 00:00:00-05:00,8.140000343322754,8.4399995803833,8.039999961853027,8.3100004196167,1600100,0.0,0.0
2022-12-05 00:00:00-05:00,8.279999732971191,8.3100004196167,7.980000019073486,8.039999961853027,1227200,0.0,0.0
2022-12-06 00:00:00-05:00,8.210000038146973,8.210000038146973,8.0,8.039999961853027,2246800,0.0,0.0
2022-12-07 00:00:00-05:00,8.09000015258789,8.289999961853027,8.050000190734863,8.140000343322754,1643600,0.0,0.0
2022-12-08 00:00:00-05:00,8.199999809265137,8.420000076293945,8.199999809265137,8.380000114440918,1298900,0.0,0.0
2022-12-09 00:00:00-05:00,8.460000038146973,8.640000343322754,8.180000305175781,8.1899995803833,1371100,0.0,0.0
2022-12-12 00:00:00-05:00,8.079999923706055,8.199999809265137,8.020000457763672,8.170000076293945,1088500,0.0,0.0
2022-12-13 00:00:00-05:00,8.529999732971191,8.649999618530273,8.220000267028809,8.329999923706055,1043900,0.0,0.0
2022-12-14 00:00:00-05:00,8.279999732971191,8.289999961853027,8.029999732971191,8.199999809265137,972700,0.0,0.0
2022-12-15 00:00:00-05:00,7.989999771118164,8.369999885559082,7.960000038146973,8.0,2800900,0.0,0.0
2022-12-16 00:00:00-05:00,8.0,8.430000305175781,7.940000057220459,8.260000228881836,3581900,0.0,0.0
2022-12-19 00:00:00-05:00,8.239999771118164,8.319999694824219,7.829999923706055,7.869999885559082,1774300,0.0,0.0
2022-12-20 00:00:00-05:00,8.029999732971191,8.430000305175781,7.96999979019165,8.369999885559082,2017100,0.0,0.0
2022-12-21 00:00:00-05:00,8.399999618530273,8.470000267028809,8.220000267028809,8.3100004196167,1780300,0.0,0.0
2022-12-22 00:00:00-05:00,8.180000305175781,8.210000038146973,7.909999847412109,8.1899995803833,1931400,0.0,0.0
2022-12-23 00:00:00-05:00,8.210000038146973,8.489999771118164,8.100000381469727,8.390000343322754,1506200,0.0,0.0
2022-12-27 00:00:00-05:00,8.5,8.739999771118164,8.369999885559082,8.670000076293945,1069800,0.0,0.0
2022-12-28 00:00:00-05:00,8.520000457763672,8.520000457763672,8.260000228881836,8.289999961853027,1250100,0.0,0.0
2022-12-29 00:00:00-05:00,8.369999885559082,8.470000267028809,8.300000190734863,8.350000381469727,760000,0.0,0.0
2022-12-30 00:00:00-05:00,8.319999694824219,8.390000343322754,8.260000228881836,8.359999656677246,657800,0.0,0.0
2023-01-03 00:00:00-05:00,8.510000228881836,8.899999618530273,8.40999984741211,8.489999771118164,1206500,0.0,0.0
2023-01-04 00:00:00-05:00,8.699999809265137,8.869999885559082,8.640000343322754,8.859999656677246,1495400,0.0,0.0
2023-01-05 00:00:00-05:00,8.640000343322754,8.699999809265137,8.510000228881836,8.6899995803833,1777400,0.0,0.0
2023-01-06 00:00:00-05:00,8.880000114440918,9.039999961853027,8.65999984741211,8.899999618530273,1414700,0.0,0.0
2023-01-09 00:00:00-05:00,9.0,9.079999923706055,8.6899995803833,8.729999542236328,1505000,0.0,0.0
2023-01-10 00:00:00-05:00,8.729999542236328,9.0,8.640000343322754,8.989999771118164,1602700,0.0,0.0
2023-01-11 00:00:00-05:00,9.020000457763672,9.020000457763672,8.619999885559082,8.6899995803833,2180700,0.0,0.0
2023-01-12 00:00:00-05:00,8.899999618530273,9.0,8.739999771118164,8.960000038146973,2766000,0.0,0.0
2023-01-13 00:00:00-05:00,8.899999618530273,9.220000267028809,8.899999618530273,9.029999732971191,1782400,0.0,0.0
2023-01-17 00:00:00-05:00,8.869999885559082,8.869999885559082,8.5600004196167,8.739999771118164,2061000,0.0,0.0
2023-01-18 00:00:00-05:00,8.920000076293945,9.229999542236328,8.699999809265137,8.800000190734863,2103900,0.0,0.0
2023-01-19 00:00:00-05:00,8.890000343322754,9.029999732971191,8.8100004196167,8.960000038146973,1812800,0.0,0.0
2023-01-20 00:00:00-05:00,8.850000381469727,9.170000076293945,8.800000190734863,9.15999984741211,1573900,0.0,0.0
2023-01-23 00:00:00-05:00,9.079999923706055,9.229999542236328,8.989999771118164,9.220000267028809,1427100,0.0,0.0
2023-01-24 00:00:00-05:00,9.270000457763672,9.489999771118164,9.069999694824219,9.420000076293945,1739700,0.0,0.0
2023-01-25 00:00:00-05:00,9.260000228881836,9.649999618530273,9.239999771118164,9.619999885559082,1787000,0.0,0.0
2023-01-26 00:00:00-05:00,9.619999885559082,9.640000343322754,9.449999809265137,9.630000114440918,1122900,0.0,0.0
2023-01-27 00:00:00-05:00,9.569999694824219,9.579999923706055,9.399999618530273,9.479999542236328,1130800,0.0,0.0
2023-01-30 00:00:00-05:00,9.420000076293945,9.630000114440918,9.350000381469727,9.449999809265137,1623200,0.0,0.0
2023-01-31 00:00:00-05:00,9.270000457763672,9.600000381469727,9.260000228881836,9.5600004196167,829700,0.0,0.0
2023-02-01 00:00:00-05:00,9.520000457763672,9.979999542236328,9.5,9.899999618530273,1334600,0.0,0.0
2023-02-02 00:00:00-05:00,9.9399995803833,9.970000267028809,9.369999885559082,9.529999732971191,1807300,0.0,0.0
2023-02-03 00:00:00-05:00,9.220000267028809,9.479999542236328,9.119999885559082,9.350000381469727,1973700,0.0,0.0
2023-02-06 00:00:00-05:00,9.319999694824219,9.329999923706055,9.109999656677246,9.210000038146973,1285300,0.0,0.0
2023-02-07 00:00:00-05:00,9.270000457763672,9.399999618530273,9.100000381469727,9.34000015258789,950700,0.0,0.0
2023-02-08 00:00:00-05:00,9.369999885559082,9.59000015258789,9.270000457763672,9.449999809265137,1196400,0.0,0.0
2023-02-09 00:00:00-05:00,9.550000190734863,9.6899995803833,9.079999923706055,9.199999809265137,2087000,0.0,0.0
2023-02-10 00:00:00-05:00,9.210000038146973,9.270000457763672,8.970000267028809,9.039999961853027,1555500,0.0,0.0
2023-02-13 00:00:00-05:00,8.930000305175781,9.109999656677246,8.899999618530273,9.0,1453700,0.0,0.0
2023-02-14 00:00:00-05:00,8.920000076293945,9.210000038146973,8.819999694824219,9.100000381469727,1301000,0.0,0.0
2023-02-15 00:00:00-05:00,8.819999694824219,8.930000305175781,8.779999732971191,8.890000343322754,1273500,0.0,0.0
2023-02-16 00:00:00-05:00,8.8100004196167,9.079999923706055,8.6899995803833,8.989999771118164,2113000,0.0,0.0
2023-02-17 00:00:00-05:00,8.800000190734863,8.899999618530273,8.609999656677246,8.720000267028809,3170700,0.0,0.0
2023-02-21 00:00:00-05:00,8.619999885559082,8.760000228881836,8.40999984741211,8.520000457763672,3395800,0.0,0.0
2023-02-22 00:00:00-05:00,8.460000038146973,8.479999542236328,8.260000228881836,8.4399995803833,2435400,0.0,0.0
2023-02-23 00:00:00-05:00,8.489999771118164,8.489999771118164,8.319999694824219,8.369999885559082,2635900,0.0,0.0
2023-02-24 00:00:00-05:00,8.329999923706055,8.930000305175781,8.119999885559082,8.899999618530273,3552900,0.0,0.0
2023-02-27 00:00:00-05:00,9.0,9.109999656677246,8.630000114440918,9.100000381469727,2315600,0.0,0.0
2023-02-28 00:00:00-05:00,9.109999656677246,9.390000343322754,9.010000228881836,9.319999694824219,1504400,0.0,0.0
2023-03-01 00:00:00-05:00,9.470000267028809,9.670000076293945,9.289999961853027,9.619999885559082,1439200,0.0,0.0
2023-03-02 00:00:00-05:00,9.520000457763672,9.5600004196167,9.359999656677246,9.449999809265137,1393800,0.0,0.0
2023-03-03 00:00:00-05:00,9.529999732971191,9.859999656677246,9.390000343322754,9.859999656677246,2424200,0.0,0.0
2023-03-06 00:00:00-05:00,9.789999961853027,9.880000114440918,9.470000267028809,9.600000381469727,1349500,0.0,0.0
2023-03-07 00:00:00-05:00,9.4399995803833,9.479999542236328,9.09000015258789,9.220000267028809,1330100,0.0,0.0
2023-03-08 00:00:00-05:00,9.279999732971191,9.399999618530273,9.130000114440918,9.229999542236328,2792100,0.0,0.0
2023-03-09 00:00:00-05:00,9.350000381469727,9.4399995803833,9.149999618530273,9.210000038146973,792600,0.0,0.0
2023-03-10 00:00:00-05:00,9.1899995803833,9.399999618530273,9.069999694824219,9.119999885559082,2596700,0.0,0.0
2023-03-13 00:00:00-04:00,9.4399995803833,9.789999961853027,9.369999885559082,9.579999923706055,3042200,0.0,0.0
2023-03-14 00:00:00-04:00,9.59000015258789,9.819999694824219,9.470000267028809,9.729999542236328,1591200,0.0,0.0
2023-03-15 00:00:00-04:00,9.850000381469727,9.930000305175781,9.430000305175781,9.579999923706055,2150500,0.0,0.0
2023-03-16 00:00:00-04:00,9.600000381469727,9.600000381469727,9.199999809265137,9.449999809265137,1664700,0.0,0.0
2023-03-17 00:00:00-04:00,9.550000190734863,10.09000015258789,9.470000267028809,9.899999618530273,5301800,0.0,0.0
2023-03-20 00:00:00-04:00,9.970000267028809,10.069999694824219,9.84000015258789,10.039999961853027,2362500,0.0,0.0
2023-03-21 00:00:00-04:00,9.930000305175781,9.970000267028809,9.4399995803833,9.510000228881836,1743800,0.0,0.0
2023-03-22 00:00:00-04:00,9.5600004196167,9.880000114440918,9.460000038146973,9.760000228881836,2005800,0.0,0.0
2023-03-23 00:00:00-04:00,9.8100004196167,10.029999732971191,9.739999771118164,9.789999961853027,1671400,0.0,0.0
2023-03-24 00:00:00-04:00,9.850000381469727,9.979999542236328,9.720000267028809,9.829999923706055,1323600,0.0,0.0
2023-03-27 00:00:00-04:00,9.59000015258789,9.960000038146973,9.489999771118164,9.949999809265137,2011500,0.0,0.0
2023-03-28 00:00:00-04:00,9.970000267028809,10.220000267028809,9.770000457763672,10.170000076293945,1890200,0.0,0.0
2023-03-29 00:00:00-04:00,10.100000381469727,10.4399995803833,10.079999923706055,10.289999961853027,1924900,0.0,0.0
2023-03-30 00:00:00-04:00,10.40999984741211,10.489999771118164,10.279999732971191,10.460000038146973,1420000,0.0,0.0
2023-03-31 00:00:00-04:00,10.460000038146973,10.569999694824219,10.239999771118164,10.359999656677246,1419800,0.0,0.0
2023-04-03 00:00:00-04:00,10.40999984741211,10.779999732971191,10.40999984741211,10.710000038146973,1512100,0.0,0.0
2023-04-04 00:00:00-04:00,10.680000305175781,10.970000267028809,10.619999885559082,10.899999618530273,1839200,0.0,0.0
2023-04-05 00:00:00-04:00,10.9399995803833,11.0600004196167,10.699999809265137,10.84000015258789,1954500,0.0,0.0
2023-04-06 00:00:00-04:00,10.720000267028809,10.920000076293945,10.630000114440918,10.819999694824219,828400,0.0,0.0
2023-04-10 00:00:00-04:00,10.6899995803833,10.84000015258789,10.59000015258789,10.829999923706055,1081000,0.0,0.0
2023-04-11 00:00:00-04:00,10.84000015258789,11.220000267028809,10.829999923706055,10.989999771118164,1798500,0.0,0.0
2023-04-12 00:00:00-04:00,11.220000267028809,11.3100004196167,11.039999961853027,11.199999809265137,1602900,0.0,0.0
2023-04-13 00:00:00-04:00,11.359999656677246,11.579999923706055,11.239999771118164,11.520000457763672,2363200,0.0,0.0
2023-04-14 00:00:00-04:00,11.3100004196167,11.5600004196167,11.079999923706055,11.550000190734863,1651900,0.0,0.0
2023-04-17 00:00:00-04:00,11.489999771118164,11.489999771118164,11.170000076293945,11.180000305175781,1260400,0.0,0.0
2023-04-18 00:00:00-04:00,11.3100004196167,11.539999961853027,11.1899995803833,11.3100004196167,1669600,0.0,0.0
2023-04-19 00:00:00-04:00,10.979999542236328,11.170000076293945,10.880000114440918,11.0600004196167,1351500,0.0,0.0
2023-04-20 00:00:00-04:00,11.039999961853027,11.119999885559082,10.770000457763672,10.859999656677246,2155200,0.0,0.0
2023-04-21 00:00:00-04:00,10.760000228881836,10.859999656677246,10.600000381469727,10.680000305175781,1552200,0.0,0.0
2023-04-24 00:00:00-04:00,10.720000267028809,10.84000015258789,10.630000114440918,10.760000228881836,734000,0.0,0.0
2023-04-25 00:00:00-04:00,10.65999984741211,10.720000267028809,10.4399995803833,10.670000076293945,1220300,0.0,0.0
2023-04-26 00:00:00-04:00,10.760000228881836,10.789999961853027,10.420000076293945,10.460000038146973,1641100,0.0,0.0
2023-04-27 00:00:00-04:00,10.430000305175781,10.539999961853027,10.270000457763672,10.520000457763672,1491800,0.0,0.0
2023-04-28 00:00:00-04:00,10.6899995803833,11.630000114440918,10.640000343322754,11.050000190734863,4076800,0.0,0.0
2023-05-01 00:00:00-04:00,11.180000305175781,11.489999771118164,11.09000015258789,11.1899995803833,1797200,0.0,0.0
2023-05-02 00:00:00-04:00,11.1899995803833,11.640000343322754,11.0,11.59000015258789,2658900,0.0,0.0
2023-05-03 00:00:00-04:00,11.479999542236328,12.069999694824219,11.479999542236328,11.819999694824219,2980400,0.0,0.0
2023-05-04 00:00:00-04:00,11.890000343322754,12.069999694824219,11.869999885559082,11.920000076293945,2894500,0.0,0.0
2023-05-05 00:00:00-04:00,11.529999732971191,12.109999656677246,11.5,11.989999771118164,1668300,0.0,0.0
2023-05-08 00:00:00-04:00,12.020000457763672,12.069999694824219,11.789999961853027,11.930000305175781,1200400,0.0,0.0
2023-05-09 00:00:00-04:00,11.859999656677246,12.029999732971191,11.779999732971191,11.960000038146973,1204400,0.0,0.0
2023-05-10 00:00:00-04:00,11.9399995803833,12.0,11.510000228881836,11.680000305175781,1845000,0.0,0.0
2023-05-11 00:00:00-04:00,11.510000228881836,11.630000114440918,11.199999809265137,11.329999923706055,2179000,0.0,0.0
2023-05-12 00:00:00-04:00,11.300000190734863,11.34000015258789,11.15999984741211,11.239999771118164,1072600,0.0,0.0
2023-05-15 00:00:00-04:00,11.350000381469727,11.449999809265137,11.279999732971191,11.289999961853027,1458000,0.0,0.0
2023-05-16 00:00:00-04:00,11.1899995803833,11.329999923706055,11.020000457763672,11.069999694824219,1228700,0.0,0.0
2023-05-17 00:00:00-04:00,11.0600004196167,11.069999694824219,10.770000457763672,10.869999885559082,1099200,0.0,0.0
2023-05-18 00:00:00-04:00,10.65999984741211,10.670000076293945,10.350000381469727,10.489999771118164,1939600,0.0,0.0
2023-05-19 00:00:00-04:00,10.520000457763672,10.609999656677246,10.300000190734863,10.40999984741211,1450200,0.0,0.0
2023-05-22 00:00:00-04:00,10.420000076293945,10.460000038146973,10.329999923706055,10.329999923706055,698900,0.0,0.0
2023-05-23 00:00:00-04:00,10.220000267028809,10.449999809265137,10.130000114440918,10.420000076293945,1258000,0.0,0.0
2023-05-24 00:00:00-04:00,10.449999809265137,10.470000267028809,10.069999694824219,10.140000343322754,1601200,0.0,0.0
2023-05-25 00:00:00-04:00,10.069999694824219,10.100000381469727,9.899999618530273,9.949999809265137,1643900,0.0,0.0
2023-05-26 00:00:00-04:00,10.140000343322754,10.220000267028809,10.039999961853027,10.1899995803833,1473200,0.0,0.0
2023-05-30 00:00:00-04:00,10.220000267028809,10.449999809265137,10.210000038146973,10.279999732971191,1918000,0.0,0.0
2023-05-31 00:00:00-04:00,9.520000457763672,9.680000305175781,9.260000228881836,9.430000305175781,5483400,0.0,0.0
2023-06-01 00:00:00-04:00,9.510000228881836,10.0600004196167,9.4399995803833,9.920000076293945,2105100,0.0,0.0
2023-06-02 00:00:00-04:00,9.930000305175781,10.010000228881836,9.609999656677246,9.670000076293945,1253900,0.0,0.0
2023-06-05 00:00:00-04:00,9.600000381469727,9.770000457763672,9.550000190734863,9.680000305175781,762900,0.0,0.0
2023-06-06 00:00:00-04:00,9.510000228881836,9.84000015258789,9.460000038146973,9.84000015258789,1936000,0.0,0.0
2023-06-07 00:00:00-04:00,9.84000015258789,10.109999656677246,9.5,9.729999542236328,2014000,0.0,0.0
2023-06-08 00:00:00-04:00,9.880000114440918,10.0,9.8100004196167,9.859999656677246,1122000,0.0,0.0
2023-06-09 00:00:00-04:00,9.84000015258789,10.029999732971191,9.739999771118164,9.770000457763672,1231700,0.0,0.0
2023-06-12 00:00:00-04:00,9.670000076293945,9.930000305175781,9.649999618530273,9.90999984741211,696200,0.0,0.0
2023-06-13 00:00:00-04:00,9.90999984741211,10.09000015258789,9.890000343322754,9.920000076293945,1171300,0.0,0.0
2023-06-14 00:00:00-04:00,10.069999694824219,10.170000076293945,9.819999694824219,9.960000038146973,1527700,0.0,0.0
2023-06-15 00:00:00-04:00,9.890000343322754,9.970000267028809,9.770000457763672,9.920000076293945,1365000,0.0,0.0
2023-06-16 00:00:00-04:00,9.9399995803833,10.229999542236328,9.859999656677246,10.180000305175781,1929000,0.0,0.0
2023-06-20 00:00:00-04:00,9.949999809265137,9.979999542236328,9.779999732971191,9.829999923706055,1320100,0.0,0.0
2023-06-21 00:00:00-04:00,9.729999542236328,9.90999984741211,9.720000267028809,9.859999656677246,842800,0.0,0.0
2023-06-22 00:00:00-04:00,9.739999771118164,9.850000381469727,9.710000038146973,9.829999923706055,833000,0.0,0.0
2023-06-23 00:00:00-04:00,9.869999885559082,10.029999732971191,9.770000457763672,9.850000381469727,1258900,0.0,0.0
2023-06-26 00:00:00-04:00,9.930000305175781,9.989999771118164,9.84000015258789,9.880000114440918,588800,0.0,0.0
2023-06-27 00:00:00-04:00,9.890000343322754,9.949999809265137,9.529999732971191,9.579999923706055,2465800,0.0,0.0
2023-06-28 00:00:00-04:00,9.539999961853027,9.930000305175781,9.520000457763672,9.770000457763672,1654300,0.0,0.0
2023-06-29 00:00:00-04:00,9.65999984741211,9.960000038146973,9.619999885559082,9.949999809265137,1446200,0.0,0.0
2023-06-30 00:00:00-04:00,10.020000457763672,10.140000343322754,9.880000114440918,10.100000381469727,1446200,0.0,0.0
2023-07-03 00:00:00-04:00,10.170000076293945,10.300000190734863,10.09000015258789,10.260000228881836,495800,0.0,0.0
2023-07-05 00:00:00-04:00,10.25,10.350000381469727,10.09000015258789,10.09000015258789,1209500,0.0,0.0
2023-07-06 00:00:00-04:00,9.9399995803833,9.989999771118164,9.789999961853027,9.8100004196167,1201900,0.0,0.0
2023-07-07 00:00:00-04:00,9.850000381469727,10.0600004196167,9.829999923706055,9.9399995803833,797600,0.0,0.0
2023-07-10 00:00:00-04:00,9.880000114440918,10.34000015258789,9.859999656677246,10.329999923706055,1036100,0.0,0.0
2023-07-11 00:00:00-04:00,10.399999618530273,10.520000457763672,10.229999542236328,10.350000381469727,1043700,0.0,0.0
2023-07-12 00:00:00-04:00,10.529999732971191,11.0,10.460000038146973,10.970000267028809,2424100,0.0,0.0
2023-07-13 00:00:00-04:00,11.020000457763672,11.15999984741211,10.960000038146973,11.079999923706055,1244700,0.0,0.0
2023-07-14 00:00:00-04:00,11.100000381469727,11.1899995803833,10.9399995803833,11.09000015258789,850600,0.0,0.0
2023-07-17 00:00:00-04:00,11.0,11.260000228881836,10.949999809265137,11.170000076293945,991900,0.0,0.0
2023-07-18 00:00:00-04:00,11.3100004196167,11.529999732971191,11.220000267028809,11.350000381469727,913600,0.0,0.0
2023-07-19 00:00:00-04:00,11.399999618530273,11.399999618530273,11.289999961853027,11.359999656677246,1252900,0.0,0.0
2023-07-20 00:00:00-04:00,11.34000015258789,11.350000381469727,10.960000038146973,11.09000015258789,967200,0.0,0.0
2023-07-21 00:00:00-04:00,10.989999771118164,11.0600004196167,10.90999984741211,10.979999542236328,849900,0.0,0.0
2023-07-24 00:00:00-04:00,10.90999984741211,11.029999732971191,10.84000015258789,10.949999809265137,784900,0.0,0.0
2023-07-25 00:00:00-04:00,10.979999542236328,11.0600004196167,10.880000114440918,11.010000228881836,764700,0.0,0.0
2023-07-26 00:00:00-04:00,10.960000038146973,11.0600004196167,10.770000457763672,10.84000015258789,1552100,0.0,0.0
2023-07-27 00:00:00-04:00,10.739999771118164,10.739999771118164,10.130000114440918,10.149999618530273,2533400,0.0,0.0
2023-07-28 00:00:00-04:00,10.029999732971191,10.119999885559082,9.300000190734863,9.619999885559082,3028600,0.0,0.0
2023-07-31 00:00:00-04:00,9.670000076293945,9.949999809265137,9.600000381469727,9.8100004196167,1263000,0.0,0.0
2023-08-01 00:00:00-04:00,9.59000015258789,9.789999961853027,9.489999771118164,9.670000076293945,1084300,0.0,0.0
2023-08-02 00:00:00-04:00,9.59000015258789,9.609999656677246,9.359999656677246,9.380000114440918,2045100,0.0,0.0
2023-08-03 00:00:00-04:00,9.369999885559082,9.380000114440918,9.149999618530273,9.220000267028809,1159100,0.0,0.0
2023-08-04 00:00:00-04:00,9.270000457763672,9.470000267028809,9.229999542236328,9.239999771118164,1029100,0.0,0.0
2023-08-07 00:00:00-04:00,9.260000228881836,9.34000015258789,9.130000114440918,9.210000038146973,765500,0.0,0.0
2023-08-08 00:00:00-04:00,9.069999694824219,9.239999771118164,9.0,9.170000076293945,747100,0.0,0.0
2023-08-09 00:00:00-04:00,9.229999542236328,9.229999542236328,9.0600004196167,9.09000015258789,690900,0.0,0.0
2023-08-10 00:00:00-04:00,9.199999809265137,9.289999961853027,9.039999961853027,9.079999923706055,921900,0.0,0.0
2023-08-11 00:00:00-04:00,9.0,9.170000076293945,8.949999809265137,9.15999984741211,1356600,0.0,0.0
2023-08-14 00:00:00-04:00,9.029999732971191,9.130000114440918,8.949999809265137,9.020000457763672,484300,0.0,0.0
2023-08-15 00:00:00-04:00,8.949999809265137,8.979999542236328,8.779999732971191,8.84000015258789,1279500,0.0,0.0
2023-08-16 00:00:00-04:00,8.789999961853027,8.859999656677246,8.710000038146973,8.8100004196167,1166300,0.0,0.0
2023-08-17 00:00:00-04:00,8.869999885559082,8.9399995803833,8.710000038146973,8.760000228881836,1222900,0.0,0.0
2023-08-18 00:00:00-04:00,8.710000038146973,8.729999542236328,8.569999694824219,8.65999984741211,744600,0.0,0.0
2023-08-21 00:00:00-04:00,8.680000305175781,8.710000038146973,8.520000457763672,8.6899995803833,892500,0.0,0.0
2023-08-22 00:00:00-04:00,8.75,8.800000190734863,8.600000381469727,8.770000457763672,1224000,0.0,0.0
2023-08-23 00:00:00-04:00,8.899999618530273,9.270000457763672,8.8100004196167,9.210000038146973,1280500,0.0,0.0
2023-08-24 00:00:00-04:00,9.210000038146973,9.270000457763672,9.029999732971191,9.0600004196167,958000,0.0,0.0
2023-08-25 00:00:00-04:00,9.0,9.130000114440918,8.869999885559082,8.9399995803833,644800,0.0,0.0
2023-08-28 00:00:00-04:00,8.989999771118164,9.220000267028809,8.949999809265137,9.210000038146973,743100,0.0,0.0
2023-08-29 00:00:00-04:00,9.170000076293945,9.479999542236328,9.149999618530273,9.470000267028809,593800,0.0,0.0
2023-08-30 00:00:00-04:00,9.5,9.649999618530273,9.479999542236328,9.550000190734863,862200,0.0,0.0
2023-08-31 00:00:00-04:00,9.529999732971191,9.600000381469727,9.399999618530273,9.569999694824219,747500,0.0,0.0
2023-09-01 00:00:00-04:00,9.699999809265137,9.729999542236328,9.529999732971191,9.5600004196167,749100,0.0,0.0
2023-09-05 00:00:00-04:00,9.489999771118164,9.6899995803833,9.460000038146973,9.569999694824219,1902200,0.0,0.0
2023-09-06 00:00:00-04:00,9.5600004196167,9.789999961853027,9.520000457763672,9.539999961853027,972000,0.0,0.0
2023-09-07 00:00:00-04:00,9.550000190734863,9.550000190734863,9.390000343322754,9.470000267028809,668300,0.0,0.0
2023-09-08 00:00:00-04:00,9.449999809265137,9.609999656677246,9.40999984741211,9.460000038146973,988600,0.0,0.0
2023-09-11 00:00:00-04:00,9.5600004196167,9.949999809265137,9.5,9.800000190734863,1155200,0.0,0.0
2023-09-12 00:00:00-04:00,9.789999961853027,9.979999542236328,9.710000038146973,9.729999542236328,1110100,0.0,0.0
2023-09-13 00:00:00-04:00,9.739999771118164,9.84000015258789,9.579999923706055,9.630000114440918,779100,0.0,0.0
2023-09-14 00:00:00-04:00,9.649999618530273,9.869999885559082,9.649999618530273,9.739999771118164,783000,0.0,0.0
2023-09-15 00:00:00-04:00,9.880000114440918,10.079999923706055,9.859999656677246,10.020000457763672,4757100,0.0,0.0
2023-09-18 00:00:00-04:00,9.989999771118164,10.130000114440918,9.869999885559082,10.130000114440918,878000,0.0,0.0
2023-09-19 00:00:00-04:00,10.180000305175781,10.25,9.930000305175781,10.0,1020700,0.0,0.0
2023-09-20 00:00:00-04:00,10.0600004196167,10.210000038146973,9.989999771118164,10.050000190734863,727700,0.0,0.0
2023-09-21 00:00:00-04:00,9.819999694824219,9.859999656677246,9.680000305175781,9.710000038146973,722600,0.0,0.0
2023-09-22 00:00:00-04:00,9.859999656677246,9.859999656677246,9.59000015258789,9.600000381469727,608000,0.0,0.0
2023-09-25 00:00:00-04:00,9.529999732971191,9.59000015258789,9.380000114440918,9.59000015258789,1269200,0.0,0.0
2023-09-26 00:00:00-04:00,9.449999809265137,9.510000228881836,9.130000114440918,9.1899995803833,1519600,0.0,0.0
2023-09-27 00:00:00-04:00,9.260000228881836,9.260000228881836,8.770000457763672,8.989999771118164,1551100,0.0,0.0
2023-09-28 00:00:00-04:00,8.960000038146973,9.0,8.770000457763672,8.960000038146973,1982000,0.0,0.0
2023-09-29 00:00:00-04:00,9.119999885559082,9.180000305175781,8.84000015258789,8.90999984741211,728400,0.0,0.0
2023-10-02 00:00:00-04:00,8.729999542236328,8.760000228881836,8.350000381469727,8.430000305175781,2174000,0.0,0.0
2023-10-03 00:00:00-04:00,8.329999923706055,8.699999809265137,8.300000190734863,8.680000305175781,1247600,0.0,0.0
2023-10-04 00:00:00-04:00,8.65999984741211,8.670000076293945,8.359999656677246,8.470000267028809,1520700,0.0,0.0
2023-10-05 00:00:00-04:00,8.430000305175781,8.699999809265137,8.430000305175781,8.699999809265137,965200,0.0,0.0
2023-10-06 00:00:00-04:00,8.699999809265137,8.989999771118164,8.65999984741211,8.930000305175781,1349500,0.0,0.0
2023-10-09 00:00:00-04:00,9.100000381469727,9.15999984741211,9.0,9.020000457763672,854800,0.0,0.0
2023-10-10 00:00:00-04:00,9.0600004196167,9.15999984741211,9.0600004196167,9.109999656677246,949600,0.0,0.0
2023-10-11 00:00:00-04:00,9.3100004196167,9.609999656677246,9.260000228881836,9.600000381469727,1890700,0.0,0.0
2023-10-12 00:00:00-04:00,9.640000343322754,9.680000305175781,9.300000190734863,9.329999923706055,1520900,0.0,0.0
2023-10-13 00:00:00-04:00,9.699999809265137,9.920000076293945,9.579999923706055,9.800000190734863,1920900,0.0,0.0
2023-10-16 00:00:00-04:00,9.729999542236328,9.869999885559082,9.619999885559082,9.760000228881836,1226600,0.0,0.0
2023-10-17 00:00:00-04:00,9.75,9.970000267028809,9.710000038146973,9.960000038146973,1192500,0.0,0.0
2023-10-18 00:00:00-04:00,10.010000228881836,10.300000190734863,9.9399995803833,10.069999694824219,1610800,0.0,0.0
2023-10-19 00:00:00-04:00,10.069999694824219,10.170000076293945,9.9399995803833,10.130000114440918,1432400,0.0,0.0
2023-10-20 00:00:00-04:00,10.199999809265137,10.460000038146973,10.140000343322754,10.210000038146973,2070600,0.0,0.0
2023-10-23 00:00:00-04:00,10.079999923706055,10.319999694824219,9.90999984741211,10.239999771118164,2365000,0.0,0.0
2023-10-24 00:00:00-04:00,10.119999885559082,10.369999885559082,10.100000381469727,10.34000015258789,1698600,0.0,0.0
2023-10-25 00:00:00-04:00,10.279999732971191,10.5600004196167,10.199999809265137,10.199999809265137,2327900,0.0,0.0
2023-10-26 00:00:00-04:00,10.210000038146973,10.229999542236328,9.859999656677246,9.880000114440918,1790400,0.0,0.0
2023-10-27 00:00:00-04:00,10.170000076293945,11.069999694824219,10.029999732971191,10.779999732971191,4197600,0.0,0.0
2023-10-30 00:00:00-04:00,10.880000114440918,11.020000457763672,10.729999542236328,10.880000114440918,3080500,0.0,0.0
2023-10-31 00:00:00-04:00,10.789999961853027,11.1899995803833,10.6899995803833,10.8100004196167,3129900,0.0,0.0
2023-11-01 00:00:00-04:00,10.829999923706055,10.979999542236328,10.65999984741211,10.949999809265137,1929500,0.0,0.0
2023-11-02 00:00:00-04:00,11.100000381469727,11.199999809265137,10.8100004196167,10.920000076293945,3105500,0.0,0.0
2023-11-03 00:00:00-04:00,11.09000015258789,11.390000343322754,10.970000267028809,11.199999809265137,3112700,0.0,0.0
2023-11-06 00:00:00-05:00,11.119999885559082,11.239999771118164,11.029999732971191,11.140000343322754,961900,0.0,0.0
2023-11-07 00:00:00-05:00,10.960000038146973,10.979999542236328,10.65999984741211,10.829999923706055,1910600,0.0,0.0
2023-11-08 00:00:00-05:00,10.729999542236328,10.8100004196167,10.449999809265137,10.479999542236328,1427100,0.0,0.0
2023-11-09 00:00:00-05:00,10.510000228881836,10.8100004196167,10.369999885559082,10.529999732971191,1254500,0.0,0.0
2023-11-10 00:00:00-05:00,10.399999618530273,10.479999542236328,10.270000457763672,10.420000076293945,1154100,0.0,0.0
2023-11-13 00:00:00-05:00,10.369999885559082,10.5,10.289999961853027,10.289999961853027,1405100,0.0,0.0
2023-11-14 00:00:00-05:00,10.600000381469727,10.770000457763672,10.520000457763672,10.710000038146973,1607700,0.0,0.0
2023-11-15 00:00:00-05:00,10.710000038146973,10.720000267028809,10.510000228881836,10.65999984741211,884000,0.0,0.0
2023-11-16 00:00:00-05:00,10.729999542236328,11.149999618530273,10.670000076293945,11.109999656677246,1815100,0.0,0.0
2023-11-17 00:00:00-05:00,11.239999771118164,11.260000228881836,11.109999656677246,11.140000343322754,1371400,0.0,0.0
2023-11-20 00:00:00-05:00,10.979999542236328,11.239999771118164,10.930000305175781,11.09000015258789,1168400,0.0,0.0
2023-11-21 00:00:00-05:00,11.3100004196167,11.770000457763672,11.270000457763672,11.470000267028809,2220900,0.0,0.0
2023-11-22 00:00:00-05:00,11.460000038146973,11.699999809265137,11.420000076293945,11.670000076293945,1446800,0.0,0.0
2023-11-24 00:00:00-05:00,11.739999771118164,12.020000457763672,11.699999809265137,11.970000267028809,1391300,0.0,0.0
2023-11-27 00:00:00-05:00,12.140000343322754,12.369999885559082,12.039999961853027,12.260000228881836,2128600,0.0,0.0
2023-11-28 00:00:00-05:00,12.390000343322754,12.970000267028809,12.359999656677246,12.970000267028809,3209900,0.0,0.0
2023-11-29 00:00:00-05:00,12.899999618530273,13.0,12.75,12.949999809265137,1677700,0.0,0.0
2023-11-30 00:00:00-05:00,12.829999923706055,13.140000343322754,12.829999923706055,13.130000114440918,1859400,0.0,0.0
2023-12-01 00:00:00-05:00,13.170000076293945,13.5600004196167,13.020000457763672,13.520000457763672,2649400,0.0,0.0
2023-12-04 00:00:00-05:00,13.279999732971191,13.300000190734863,12.800000190734863,13.0600004196167,2418600,0.0,0.0
2023-12-05 00:00:00-05:00,12.979999542236328,13.020000457763672,12.619999885559082,12.829999923706055,2031000,0.0,0.0
2023-12-06 00:00:00-05:00,12.970000267028809,13.029999732971191,12.75,12.920000076293945,1620900,0.0,0.0
2023-12-07 00:00:00-05:00,12.949999809265137,12.960000038146973,12.779999732971191,12.819999694824219,1301600,0.0,0.0
2023-12-08 00:00:00-05:00,12.609999656677246,12.800000190734863,12.239999771118164,12.489999771118164,2349400,0.0,0.0
2023-12-11 00:00:00-05:00,12.279999732971191,12.34000015258789,12.109999656677246,12.289999961853027,1350200,0.0,0.0
2023-12-12 00:00:00-05:00,12.289999961853027,12.3100004196167,11.930000305175781,11.949999809265137,1821200,0.0,0.0
2023-12-13 00:00:00-05:00,11.949999809265137,12.6899995803833,11.729999542236328,12.680000305175781,2439000,0.0,0.0
2023-12-14 00:00:00-05:00,12.960000038146973,13.15999984741211,12.460000038146973,12.59000015258789,2346200,0.0,0.0
2023-12-15 00:00:00-05:00,12.539999961853027,12.829999923706055,12.470000267028809,12.670000076293945,3513800,0.0,0.0
2023-12-18 00:00:00-05:00,12.8100004196167,12.920000076293945,12.680000305175781,12.800000190734863,1246100,0.0,0.0
2023-12-19 00:00:00-05:00,12.859999656677246,13.350000381469727,12.789999961853027,13.1899995803833,1558000,0.0,0.0
2023-12-20 00:00:00-05:00,13.15999984741211,13.180000305175781,12.710000038146973,12.710000038146973,1730000,0.0,0.0
2023-12-21 00:00:00-05:00,12.960000038146973,13.0600004196167,12.869999885559082,13.039999961853027,1724700,0.0,0.0
2023-12-22 00:00:00-05:00,13.289999961853027,13.710000038146973,13.1899995803833,13.279999732971191,3116500,0.0,0.0
2023-12-26 00:00:00-05:00,13.380000114440918,13.479999542236328,13.140000343322754,13.300000190734863,826300,0.0,0.0
2023-12-27 00:00:00-05:00,13.390000343322754,13.59000015258789,13.229999542236328,13.300000190734863,1180500,0.0,0.0
2023-12-28 00:00:00-05:00,13.239999771118164,13.34000015258789,13.050000190734863,13.069999694824219,1271200,0.0,0.0
2023-12-29 00:00:00-05:00,12.960000038146973,13.09000015258789,12.8100004196167,12.970000267028809,1239800,0.0,0.0
2024-01-02 00:00:00-05:00,12.920000076293945,13.029999732971191,12.569999694824219,12.619999885559082,1622200,0.0,0.0
2024-01-03 00:00:00-05:00,12.15999984741211,12.260000228881836,11.770000457763672,11.890000343322754,2080800,0.0,0.0
2024-01-04 00:00:00-05:00,11.9399995803833,12.109999656677246,11.770000457763672,11.920000076293945,1644100,0.0,0.0
2024-01-05 00:00:00-05:00,11.880000114440918,12.270000457763672,11.779999732971191,11.960000038146973,1427500,0.0,0.0
2024-01-08 00:00:00-05:00,11.819999694824219,12.229999542236328,11.789999961853027,12.130000114440918,1172100,0.0,0.0
2024-01-09 00:00:00-05:00,12.100000381469727,12.130000114440918,11.869999885559082,12.079999923706055,762600,0.0,0.0
2024-01-10 00:00:00-05:00,12.119999885559082,12.25,12.0,12.1899995803833,912900,0.0,0.0
2024-01-11 00:00:00-05:00,12.15999984741211,12.260000228881836,11.90999984741211,12.149999618530273,927800,0.0,0.0
2024-01-12 00:00:00-05:00,12.59000015258789,12.90999984741211,12.5,12.720000267028809,1213000,0.0,0.0
2024-01-16 00:00:00-05:00,12.510000228881836,12.989999771118164,12.460000038146973,12.670000076293945,1140400,0.0,0.0
2024-01-17 00:00:00-05:00,12.430000305175781,12.550000190734863,12.220000267028809,12.539999961853027,1214900,0.0,0.0
2024-01-18 00:00:00-05:00,12.670000076293945,12.760000228881836,12.550000190734863,12.619999885559082,1257100,0.0,0.0
2024-01-19 00:00:00-05:00,12.779999732971191,12.829999923706055,12.359999656677246,12.640000343322754,1222600,0.0,0.0
2024-01-22 00:00:00-05:00,12.510000228881836,12.930000305175781,12.5,12.729999542236328,1268000,0.0,0.0
2024-01-23 00:00:00-05:00,12.890000343322754,12.890000343322754,12.520000457763672,12.649999618530273,1242500,0.0,0.0
2024-01-24 00:00:00-05:00,12.899999618530273,12.930000305175781,11.970000267028809,11.989999771118164,2277100,0.0,0.0
2024-01-25 00:00:00-05:00,12.180000305175781,12.539999961853027,11.960000038146973,12.420000076293945,1417200,0.0,0.0
2024-01-26 00:00:00-05:00,12.279999732971191,12.380000114440918,12.119999885559082,12.199999809265137,1232000,0.0,0.0
2024-01-29 00:00:00-05:00,12.34000015258789,12.34000015258789,12.039999961853027,12.069999694824219,2002100,0.0,0.0
2024-01-30 00:00:00-05:00,12.130000114440918,12.239999771118164,11.920000076293945,12.100000381469727,1323400,0.0,0.0
2024-01-31 00:00:00-05:00,12.210000038146973,12.460000038146973,12.119999885559082,12.210000038146973,1244700,0.0,0.0
2024-02-01 00:00:00-05:00,12.369999885559082,12.90999984741211,12.369999885559082,12.899999618530273,1488700,0.0,0.0
2024-02-02 00:00:00-05:00,12.489999771118164,12.5,12.1899995803833,12.369999885559082,1712500,0.0,0.0
2024-02-05 00:00:00-05:00,12.09000015258789,12.25,12.029999732971191,12.199999809265137,763500,0.0,0.0
2024-02-06 00:00:00-05:00,12.300000190734863,12.4399995803833,12.220000267028809,12.380000114440918,641100,0.0,0.0
2024-02-07 00:00:00-05:00,12.359999656677246,12.479999542236328,12.140000343322754,12.329999923706055,886400,0.0,0.0
2024-02-08 00:00:00-05:00,12.300000190734863,12.420000076293945,12.079999923706055,12.15999984741211,1067400,0.0,0.0
2024-02-09 00:00:00-05:00,12.09000015258789,12.100000381469727,11.739999771118164,11.890000343322754,1294000,0.0,0.0
2024-02-12 00:00:00-05:00,11.880000114440918,11.970000267028809,11.739999771118164,11.800000190734863,985600,0.0,0.0
2024-02-13 00:00:00-05:00,11.40999984741211,11.449999809265137,10.640000343322754,10.850000381469727,2979800,0.0,0.0
2024-02-14 00:00:00-05:00,10.850000381469727,10.960000038146973,10.789999961853027,10.880000114440918,1086300,0.0,0.0
2024-02-15 00:00:00-05:00,11.100000381469727,11.279999732971191,10.949999809265137,11.039999961853027,1688700,0.0,0.0
2024-02-16 00:00:00-05:00,11.0,11.109999656677246,10.869999885559082,10.9399995803833,1577700,0.0,0.0
2024-02-20 00:00:00-05:00,11.050000190734863,11.319999694824219,10.9399995803833,11.300000190734863,1933700,0.0,0.0
2024-02-21 00:00:00-05:00,11.260000228881836,11.40999984741211,11.069999694824219,11.369999885559082,2303600,0.0,0.0
2024-02-22 00:00:00-05:00,11.260000228881836,11.359999656677246,11.100000381469727,11.270000457763672,1595000,0.0,0.0
2024-02-23 00:00:00-05:00,11.020000457763672,11.109999656677246,9.720000267028809,10.59000015258789,4966300,0.0,0.0
2024-02-26 00:00:00-05:00,10.369999885559082,10.779999732971191,10.25,10.760000228881836,1874900,0.0,0.0
2024-02-27 00:00:00-05:00,10.770000457763672,10.880000114440918,10.319999694824219,10.329999923706055,2450000,0.0,0.0
2024-02-28 00:00:00-05:00,10.3100004196167,10.369999885559082,10.039999961853027,10.149999618530273,1654500,0.0,0.0
2024-02-29 00:00:00-05:00,10.40999984741211,10.550000190734863,10.239999771118164,10.390000343322754,1572400,0.0,0.0
2024-03-01 00:00:00-05:00,10.550000190734863,10.869999885559082,10.359999656677246,10.829999923706055,2037500,0.0,0.0
2024-03-04 00:00:00-05:00,10.930000305175781,11.369999885559082,10.930000305175781,11.359999656677246,2377800,0.0,0.0
2024-03-05 00:00:00-05:00,11.529999732971191,11.859999656677246,11.289999961853027,11.800000190734863,3322100,0.0,0.0
2024-03-06 00:00:00-05:00,11.970000267028809,12.34000015258789,11.930000305175781,12.15999984741211,1638900,0.0,0.0
2024-03-07 00:00:00-05:00,12.319999694824219,12.359999656677246,12.029999732971191,12.300000190734863,1201400,0.0,0.0
2024-03-08 00:00:00-05:00,12.390000343322754,12.449999809265137,12.1899995803833,12.210000038146973,1614700,0.0,0.0
2024-03-11 00:00:00-04:00,12.210000038146973,12.4399995803833,12.09000015258789,12.329999923706055,1200500,0.0,0.0
2024-03-12 00:00:00-04:00,12.069999694824219,12.420000076293945,11.979999542236328,12.420000076293945,1126500,0.0,0.0
2024-03-13 00:00:00-04:00,12.479999542236328,12.770000457763672,12.399999618530273,12.619999885559082,913400,0.0,0.0
2024-03-14 00:00:00-04:00,12.460000038146973,12.880000114440918,12.359999656677246,12.760000228881836,1799200,0.0,0.0
2024-03-15 00:00:00-04:00,12.75,13.069999694824219,12.680000305175781,13.020000457763672,2725700,0.0,0.0
2024-03-18 00:00:00-04:00,12.930000305175781,13.15999984741211,12.859999656677246,13.0600004196167,1341400,0.0,0.0
2024-03-19 00:00:00-04:00,12.949999809265137,13.100000381469727,12.75,12.989999771118164,2084000,0.0,0.0
2024-03-20 00:00:00-04:00,13.010000228881836,13.600000381469727,12.899999618530273,13.369999885559082,1713400,0.0,0.0
2024-03-21 00:00:00-04:00,13.510000228881836,13.640000343322754,13.229999542236328,13.319999694824219,1963000,0.0,0.0
2024-03-22 00:00:00-04:00,13.210000038146973,13.470000267028809,13.119999885559082,13.40999984741211,1135800,0.0,0.0
2024-03-25 00:00:00-04:00,13.5600004196167,13.949999809265137,13.420000076293945,13.489999771118164,1490900,0.0,0.0
2024-03-26 00:00:00-04:00,13.729999542236328,13.729999542236328,13.430000305175781,13.59000015258789,1192500,0.0,0.0
2024-03-27 00:00:00-04:00,13.65999984741211,14.039999961853027,13.550000190734863,13.970000267028809,1457500,0.0,0.0
2024-03-28 00:00:00-04:00,14.100000381469727,14.1899995803833,13.880000114440918,14.069999694824219,2600200,0.0,0.0
2024-04-01 00:00:00-04:00,14.479999542236328,14.600000381469727,14.180000305175781,14.380000114440918,1611700,0.0,0.0
2024-04-02 00:00:00-04:00,14.600000381469727,14.890000343322754,14.539999961853027,14.770000457763672,3248100,0.0,0.0
2024-04-03 00:00:00-04:00,14.8100004196167,15.15999984741211,14.760000228881836,15.020000457763672,1883200,0.0,0.0
2024-04-04 00:00:00-04:00,14.920000076293945,15.029999732971191,14.720000267028809,14.729999542236328,3058600,0.0,0.0
2024-04-05 00:00:00-04:00,14.760000228881836,15.180000305175781,14.550000190734863,15.119999885559082,3308300,0.0,0.0
2024-04-08 00:00:00-04:00,15.279999732971191,15.380000114440918,14.960000038146973,15.069999694824219,2413000,0.0,0.0
2024-04-09 00:00:00-04:00,15.380000114440918,15.729999542236328,15.300000190734863,15.65999984741211,2887800,0.0,0.0
2024-04-10 00:00:00-04:00,15.09000015258789,15.520000457763672,14.880000114440918,15.300000190734863,1449000,0.0,0.0
2024-04-11 00:00:00-04:00,15.390000343322754,15.630000114440918,15.09000015258789,15.600000381469727,1759600,0.0,0.0
2024-04-12 00:00:00-04:00,15.84000015258789,16.010000228881836,14.90999984741211,15.140000343322754,2677100,0.0,0.0
2024-04-15 00:00:00-04:00,15.260000228881836,15.319999694824219,14.8100004196167,15.100000381469727,1630300,0.0,0.0
2024-04-16 00:00:00-04:00,14.899999618530273,15.220000267028809,14.680000305175781,15.0600004196167,1321800,0.0,0.0
2024-04-17 00:00:00-04:00,15.170000076293945,15.4399995803833,14.869999885559082,14.960000038146973,1306500,0.0,0.0
2024-04-18 00:00:00-04:00,15.149999618530273,15.260000228881836,14.800000190734863,14.899999618530273,836500,0.0,0.0
2024-04-19 00:00:00-04:00,14.869999885559082,15.130000114440918,14.84000015258789,15.039999961853027,1614300,0.0,0.0
2024-04-22 00:00:00-04:00,14.399999618530273,14.729999542236328,14.229999542236328,14.3100004196167,1714200,0.0,0.0
2024-04-23 00:00:00-04:00,14.15999984741211,14.470000267028809,14.079999923706055,14.449999809265137,1218200,0.0,0.0
2024-04-24 00:00:00-04:00,14.319999694824219,14.449999809265137,14.289999961853027,14.34000015258789,780300,0.0,0.0
2024-04-25 00:00:00-04:00,14.359999656677246,14.850000381469727,14.239999771118164,14.779999732971191,1604700,0.0,0.0
2024-04-26 00:00:00-04:00,15.180000305175781,16.06999969482422,14.989999771118164,15.199999809265137,2138500,0.0,0.0
2024-04-29 00:00:00-04:00,15.199999809265137,15.649999618530273,15.0,15.1899995803833,1484900,0.0,0.0
2024-04-30 00:00:00-04:00,14.710000038146973,14.869999885559082,14.260000228881836,14.260000228881836,1510100,0.0,0.0
2024-05-01 00:00:00-04:00,14.369999885559082,14.8100004196167,14.279999732971191,14.40999984741211,1353800,0.0,0.0
2024-05-02 00:00:00-04:00,14.300000190734863,14.819999694824219,14.149999618530273,14.640000343322754,1250700,0.0,0.0
2024-05-03 00:00:00-04:00,14.729999542236328,14.760000228881836,14.199999809265137,14.3100004196167,1258100,0.0,0.0
2024-05-06 00:00:00-04:00,14.65999984741211,14.829999923706055,14.619999885559082,14.75,947600,0.0,0.0
2024-05-07 00:00:00-04:00,14.75,15.029999732971191,14.75,14.9399995803833,1052100,0.0,0.0
2024-05-08 00:00:00-04:00,14.760000228881836,15.199999809265137,14.739999771118164,15.09000015258789,1034000,0.0,0.0
2024-05-09 00:00:00-04:00,15.199999809265137,15.319999694824219,14.930000305175781,15.079999923706055,1495300,0.0,0.0
2024-05-10 00:00:00-04:00,15.289999961853027,15.569999694824219,15.25,15.300000190734863,1667600,0.0,0.0
2024-05-13 00:00:00-04:00,15.25,15.420000076293945,15.020000457763672,15.069999694824219,1144700,0.0,0.0
2024-05-14 00:00:00-04:00,15.100000381469727,15.229999542236328,14.630000114440918,14.819999694824219,1252700,0.0,0.0
2024-05-15 00:00:00-04:00,15.09000015258789,15.09000015258789,14.6899995803833,15.0,1100400,0.0,0.0
2024-05-16 00:00:00-04:00,14.979999542236328,15.380000114440918,14.779999732971191,15.289999961853027,1477100,0.0,0.0
2024-05-17 00:00:00-04:00,15.539999961853027,16.200000762939453,15.5,16.190000534057617,1681400,0.0,0.0
2024-05-20 00:00:00-04:00,16.360000610351562,16.700000762939453,16.31999969482422,16.479999542236328,1417400,0.0,0.0
2024-05-21 00:00:00-04:00,16.31999969482422,16.559999465942383,16.229999542236328,16.520000457763672,1178900,0.0,0.0
2024-05-22 00:00:00-04:00,16.25,16.290000915527344,15.569999694824219,15.720000267028809,1477600,0.0,0.0
2024-05-23 00:00:00-04:00,15.619999885559082,15.8100004196167,15.329999923706055,15.34000015258789,1628100,0.0,0.0
2024-05-24 00:00:00-04:00,15.539999961853027,15.640000343322754,15.5,15.59000015258789,1010700,0.0,0.0
2024-05-28 00:00:00-04:00,15.899999618530273,16.0,15.75,15.880000114440918,1009300,0.0,0.0
2024-05-29 00:00:00-04:00,15.960000038146973,16.459999084472656,15.960000038146973,16.06999969482422,1674600,0.0,0.0
2024-05-30 00:00:00-04:00,16.040000915527344,16.360000610351562,16.020000457763672,16.299999237060547,1010000,0.0,0.0
2024-05-31 00:00:00-04:00,16.3799991607666,16.450000762939453,16.020000457763672,16.170000076293945,1284500,0.0,0.0
2024-06-03 00:00:00-04:00,16.170000076293945,16.329999923706055,16.040000915527344,16.200000762939453,1363700,0.0,0.0
2024-06-04 00:00:00-04:00,15.90999984741211,15.979999542236328,15.489999771118164,15.739999771118164,1086100,0.0,0.0
2024-06-05 00:00:00-04:00,15.760000228881836,15.829999923706055,15.430000305175781,15.720000267028809,1070700,0.0,0.0
2024-06-06 00:00:00-04:00,15.699999809265137,16.520000457763672,15.699999809265137,16.360000610351562,1963800,0.0,0.0
2024-06-07 00:00:00-04:00,15.720000267028809,15.869999885559082,15.0,15.039999961853027,2327900,0.0,0.0
2024-06-10 00:00:00-04:00,15.050000190734863,15.119999885559082,14.680000305175781,15.0,1391400,0.0,0.0
2024-06-11 00:00:00-04:00,14.960000038146973,14.960000038146973,14.710000038146973,14.850000381469727,1055400,0.0,0.0
2024-06-12 00:00:00-04:00,15.319999694824219,15.430000305175781,14.819999694824219,15.020000457763672,1393000,0.0,0.0
2024-06-13 00:00:00-04:00,15.010000228881836,15.210000038146973,14.670000076293945,14.6899995803833,1641000,0.0,0.0
2024-06-14 00:00:00-04:00,14.819999694824219,15.0,14.739999771118164,14.770000457763672,1514200,0.0,0.0
2024-06-17 00:00:00-04:00,14.569999694824219,14.6899995803833,14.140000343322754,14.569999694824219,1595100,0.0,0.0
2024-06-18 00:00:00-04:00,14.619999885559082,14.899999618530273,14.550000190734863,14.84000015258789,1053400,0.0,0.0
2024-06-20 00:00:00-04:00,15.0,15.34000015258789,14.9399995803833,15.300000190734863,1436400,0.0,0.0
2024-06-21 00:00:00-04:00,15.239999771118164,15.319999694824219,14.760000228881836,15.0,4692100,0.0,0.0
2024-06-24 00:00:00-04:00,15.15999984741211,15.260000228881836,14.960000038146973,15.0,981500,0.0,0.0
2024-06-25 00:00:00-04:00,14.979999542236328,15.079999923706055,14.869999885559082,15.0,820800,0.0,0.0
2024-06-26 00:00:00-04:00,14.90999984741211,15.119999885559082,14.649999618530273,14.779999732971191,1349400,0.0,0.0
2024-06-27 00:00:00-04:00,14.970000267028809,15.0600004196167,14.760000228881836,14.8100004196167,1268600,0.0,0.0
2024-06-28 00:00:00-04:00,14.979999542236328,14.979999542236328,14.649999618530273,14.789999961853027,813100,0.0,0.0
2024-07-01 00:00:00-04:00,14.850000381469727,14.949999809265137,14.680000305175781,14.680000305175781,582600,0.0,0.0
2024-07-02 00:00:00-04:00,14.65999984741211,14.819999694824219,14.5,14.819999694824219,1585700,0.0,0.0
2024-07-03 00:00:00-04:00,15.0,15.699999809265137,15.0,15.470000267028809,892600,0.0,0.0
2024-07-05 00:00:00-04:00,15.6899995803833,16.06999969482422,15.649999618530273,15.829999923706055,1131400,0.0,0.0
2024-07-08 00:00:00-04:00,15.760000228881836,16.079999923706055,15.649999618530273,16.059999465942383,958300,0.0,0.0
2024-07-09 00:00:00-04:00,16.0,16.1299991607666,15.800000190734863,16.040000915527344,630800,0.0,0.0
2024-07-10 00:00:00-04:00,16.18000030517578,16.350000381469727,16.09000015258789,16.170000076293945,915400,0.0,0.0
2024-07-11 00:00:00-04:00,16.65999984741211,16.719999313354492,16.200000762939453,16.59000015258789,1634700,0.0,0.0
2024-07-12 00:00:00-04:00,16.3700008392334,16.56999969482422,16.290000915527344,16.549999237060547,1503900,0.0,0.0
2024-07-15 00:00:00-04:00,16.610000610351562,16.8700008392334,16.459999084472656,16.649999618530273,1610800,0.0,0.0
2024-07-16 00:00:00-04:00,16.829999923706055,17.239999771118164,16.739999771118164,17.100000381469727,2262900,0.0,0.0
2024-07-17 00:00:00-04:00,17.1200008392334,17.280000686645508,16.780000686645508,16.780000686645508,1286800,0.0,0.0
2024-07-18 00:00:00-04:00,16.950000762939453,16.950000762939453,16.600000381469727,16.709999084472656,863000,0.0,0.0
2024-07-19 00:00:00-04:00,16.200000762939453,16.6200008392334,16.100000381469727,16.440000534057617,1258000,0.0,0.0
2024-07-22 00:00:00-04:00,16.329999923706055,16.479999542236328,16.110000610351562,16.40999984741211,1071800,0.0,0.0
2024-07-23 00:00:00-04:00,16.530000686645508,16.6200008392334,16.3799991607666,16.540000915527344,877600,0.0,0.0
2024-07-24 00:00:00-04:00,16.739999771118164,16.989999771118164,16.290000915527344,16.309999465942383,917900,0.0,0.0
2024-07-25 00:00:00-04:00,15.829999923706055,15.890000343322754,15.5600004196167,15.6899995803833,1063100,0.0,0.0
2024-07-26 00:00:00-04:00,16.190000534057617,16.459999084472656,15.90999984741211,16.010000228881836,1138900,0.0,0.0
2024-07-29 00:00:00-04:00,16.100000381469727,16.579999923706055,16.059999465942383,16.559999465942383,1140100,0.0,0.0
2024-07-30 00:00:00-04:00,16.610000610351562,16.84000015258789,16.40999984741211,16.6200008392334,848500,0.0,0.0
2024-07-31 00:00:00-04:00,16.920000076293945,17.020000457763672,16.670000076293945,16.959999084472656,1390900,0.0,0.0
2024-08-01 00:00:00-04:00,16.959999084472656,17.1299991607666,16.40999984741211,16.75,1282600,0.0,0.0
2024-08-02 00:00:00-04:00,16.959999084472656,17.299999237060547,16.389999389648438,16.84000015258789,3716800,0.0,0.0
2024-08-05 00:00:00-04:00,15.670000076293945,16.520000457763672,15.34000015258789,16.110000610351562,2583100,0.0,0.0
2024-08-06 00:00:00-04:00,16.0,16.3700008392334,15.779999732971191,15.890000343322754,1867700,0.0,0.0
2024-08-07 00:00:00-04:00,16.100000381469727,16.200000762939453,15.40999984741211,15.479999542236328,1465600,0.0,0.0
2024-08-08 00:00:00-04:00,15.65999984741211,16.110000610351562,15.529999732971191,15.920000076293945,2114500,0.0,0.0
2024-08-09 00:00:00-04:00,16.1200008392334,16.170000076293945,15.770000457763672,16.170000076293945,1505700,0.0,0.0
2024-08-12 00:00:00-04:00,16.3700008392334,17.0,16.34000015258789,16.920000076293945,2166300,0.0,0.0
2024-08-13 00:00:00-04:00,16.860000610351562,17.280000686645508,16.799999237060547,17.1200008392334,2573400,0.0,0.0
2024-08-14 00:00:00-04:00,17.110000610351562,17.43000030517578,16.950000762939453,17.18000030517578,1625700,0.0,0.0
2024-08-15 00:00:00-04:00,17.299999237060547,17.479999542236328,16.760000228881836,17.350000381469727,1779400,0.0,0.0
2024-08-16 00:00:00-04:00,17.600000381469727,17.729999542236328,17.31999969482422,17.68000030517578,2112800,0.0,0.0
2024-08-19 00:00:00-04:00,17.59000015258789,18.139999389648438,17.43000030517578,18.020000457763672,1508000,0.0,0.0
2024-08-20 00:00:00-04:00,18.309999465942383,18.3799991607666,17.719999313354492,17.920000076293945,1296800,0.0,0.0
2024-08-21 00:00:00-04:00,17.920000076293945,17.989999771118164,17.639999389648438,17.93000030517578,777200,0.0,0.0
2024-08-22 00:00:00-04:00,17.709999084472656,17.739999771118164,17.350000381469727,17.579999923706055,1060600,0.0,0.0
2024-08-23 00:00:00-04:00,17.770000457763672,18.0,17.639999389648438,17.739999771118164,904300,0.0,0.0
2024-08-26 00:00:00-04:00,17.889999389648438,17.950000762939453,17.670000076293945,17.75,582300,0.0,0.0
2024-08-27 00:00:00-04:00,17.559999465942383,17.739999771118164,17.450000762939453,17.739999771118164,742300,0.0,0.0
2024-08-28 00:00:00-04:00,17.489999771118164,17.559999465942383,17.059999465942383,17.18000030517578,1070600,0.0,0.0
2024-08-29 00:00:00-04:00,17.280000686645508,17.469999313354492,17.239999771118164,17.299999237060547,592500,0.0,0.0
2024-08-30 00:00:00-04:00,17.280000686645508,17.389999389648438,17.049999237060547,17.25,1160200,0.0,0.0
2024-09-03 00:00:00-04:00,17.09000015258789,17.110000610351562,16.229999542236328,16.350000381469727,1814800,0.0,0.0
2024-09-04 00:00:00-04:00,16.190000534057617,16.360000610351562,16.059999465942383,16.1200008392334,1140600,0.0,0.0
2024-09-05 00:00:00-04:00,16.3700008392334,16.56999969482422,16.25,16.40999984741211,744600,0.0,0.0
2024-09-06 00:00:00-04:00,16.31999969482422,16.420000076293945,15.6899995803833,15.819999694824219,1038700,0.0,0.0
2024-09-09 00:00:00-04:00,15.869999885559082,16.1299991607666,15.869999885559082,16.059999465942383,535800,0.0,0.0
2024-09-10 00:00:00-04:00,16.020000457763672,16.510000228881836,15.960000038146973,16.479999542236328,804600,0.0,0.0
2024-09-11 00:00:00-04:00,16.440000534057617,16.889999389648438,16.420000076293945,16.860000610351562,1525300,0.0,0.0
2024-09-12 00:00:00-04:00,17.34000015258789,17.93000030517578,17.1299991607666,17.790000915527344,1703000,0.0,0.0
2024-09-13 00:00:00-04:00,18.0,18.149999618530273,17.729999542236328,17.989999771118164,1334900,0.0,0.0
2024-09-16 00:00:00-04:00,17.989999771118164,18.049999237060547,17.56999969482422,17.760000228881836,891200,0.0,0.0
2024-09-17 00:00:00-04:00,17.6299991607666,17.68000030517578,17.260000228881836,17.3799991607666,960000,0.0,0.0
2024-09-18 00:00:00-04:00,17.459999084472656,17.979999542236328,17.040000915527344,17.059999465942383,1458200,0.0,0.0
2024-09-19 00:00:00-04:00,17.540000915527344,17.549999237060547,17.09000015258789,17.290000915527344,1251100,0.0,0.0
2024-09-20 00:00:00-04:00,17.479999542236328,17.729999542236328,17.360000610351562,17.540000915527344,1749300,0.0,0.0
2024-09-23 00:00:00-04:00,17.639999389648438,18.0,17.5,17.540000915527344,1315700,0.0,0.0
2024-09-24 00:00:00-04:00,17.799999237060547,18.079999923706055,17.559999465942383,17.90999984741211,1571600,0.0,0.0
2024-09-25 00:00:00-04:00,17.899999618530273,18.290000915527344,17.829999923706055,18.280000686645508,2244000,0.0,0.0
2024-09-26 00:00:00-04:00,18.459999084472656,18.850000381469727,18.399999618530273,18.479999542236328,2047200,0.0,0.0
2024-09-27 00:00:00-04:00,18.43000030517578,18.549999237060547,17.559999465942383,17.600000381469727,1898600,0.0,0.0
2024-09-30 00:00:00-04:00,17.3700008392334,17.520000457763672,17.110000610351562,17.3700008392334,1303200,0.0,0.0
2024-10-01 00:00:00-04:00,17.639999389648438,18.09000015258789,17.520000457763672,17.600000381469727,1933700,0.0,0.0
2024-10-02 00:00:00-04:00,17.540000915527344,17.90999984741211,17.459999084472656,17.6299991607666,1668800,0.0,0.0
2024-10-03 00:00:00-04:00,17.3799991607666,17.6299991607666,17.290000915527344,17.540000915527344,1254100,0.0,0.0
2024-10-04 00:00:00-04:00,17.479999542236328,17.860000610351562,17.260000228881836,17.290000915527344,1246100,0.0,0.0
2024-10-07 00:00:00-04:00,17.079999923706055,17.09000015258789,16.68000030517578,16.760000228881836,1322000,0.0,0.0
2024-10-08 00:00:00-04:00,16.600000381469727,16.829999923706055,16.420000076293945,16.799999237060547,849300,0.0,0.0
2024-10-09 00:00:00-04:00,16.56999969482422,16.639999389648438,16.25,16.549999237060547,935900,0.0,0.0
2024-10-10 00:00:00-04:00,16.729999542236328,17.020000457763672,16.6299991607666,16.989999771118164,1179200,0.0,0.0
2024-10-11 00:00:00-04:00,17.149999618530273,17.549999237060547,16.959999084472656,17.510000228881836,1608600,0.0,0.0
