Date,Open,High,Low,Close,Volume,Dividends,Stock Splits,Capital Gains
2017-06-27 00:00:00-04:00,45.10785388171286,45.10785388171286,45.098846435546875,45.098846435546875,500,0.0,0.0,0.0
2017-06-28 00:00:00-04:00,45.089839935302734,45.089839935302734,45.089839935302734,45.089839935302734,200,0.0,0.0,0.0
2017-06-29 00:00:00-04:00,45.089839935302734,45.089839935302734,45.089839935302734,45.089839935302734,0,0.0,0.0,0.0
2017-06-30 00:00:00-04:00,45.089839935302734,45.089839935302734,45.089839935302734,45.089839935302734,0,0.0,0.0,0.0
2017-07-03 00:00:00-04:00,45.089839935302734,45.089839935302734,45.089839935302734,45.089839935302734,0,0.0,0.0,0.0
2017-07-05 00:00:00-04:00,45.089839935302734,45.089839935302734,45.089839935302734,45.089839935302734,0,0.0,0.0,0.0
2017-07-06 00:00:00-04:00,44.87362289428711,44.87362289428711,44.87362289428711,44.87362289428711,900,0.0,0.0,0.0
2017-07-07 00:00:00-04:00,44.87362289428711,44.87362289428711,44.87362289428711,44.87362289428711,0,0.0,0.0,0.0
2017-07-10 00:00:00-04:00,44.87362289428711,44.87362289428711,44.87362289428711,44.87362289428711,0,0.0,0.0,0.0
2017-07-11 00:00:00-04:00,44.87362289428711,44.87362289428711,44.87362289428711,44.87362289428711,0,0.0,0.0,0.0
2017-07-12 00:00:00-04:00,44.96372359539588,44.96372359539588,44.949310302734375,44.949310302734375,500,0.0,0.0,0.0
2017-07-13 00:00:00-04:00,44.949310302734375,44.949310302734375,44.949310302734375,44.949310302734375,0,0.0,0.0,0.0
2017-07-14 00:00:00-04:00,44.949310302734375,44.949310302734375,44.949310302734375,44.949310302734375,0,0.0,0.0,0.0
2017-07-17 00:00:00-04:00,45.14388656616211,45.14388656616211,45.14388656616211,45.14388656616211,200,0.0,0.0,0.0
2017-07-18 00:00:00-04:00,45.16191482543945,45.16191482543945,45.16191482543945,45.16191482543945,100,0.0,0.0,0.0
2017-07-19 00:00:00-04:00,45.16191482543945,45.16191482543945,45.16191482543945,45.16191482543945,0,0.0,0.0,0.0
2017-07-20 00:00:00-04:00,45.31506060800534,45.31506060800534,45.306053161621094,45.306053161621094,200,0.0,0.0,0.0
2017-07-21 00:00:00-04:00,45.39630889892578,45.39630889892578,45.39630889892578,45.39630889892578,0,0.1,0.0,0.0
2017-07-24 00:00:00-04:00,45.41436785814462,45.42339324951172,45.41436785814462,45.42339324951172,14700,0.0,0.0,0.0
2017-07-25 00:00:00-04:00,45.42339324951172,45.42339324951172,45.42339324951172,45.42339324951172,0,0.0,0.0,0.0
2017-07-26 00:00:00-04:00,45.42339324951172,45.42339324951172,45.42339324951172,45.42339324951172,0,0.0,0.0,0.0
2017-07-27 00:00:00-04:00,45.42339324951172,45.42339324951172,45.42339324951172,45.42339324951172,0,0.0,0.0,0.0
2017-07-28 00:00:00-04:00,45.376461029052734,45.376461029052734,45.376461029052734,45.376461029052734,500,0.0,0.0,0.0
2017-07-31 00:00:00-04:00,45.39630889892578,45.39630889892578,45.387280065008476,45.39630889892578,2500,0.0,0.0,0.0
2017-08-01 00:00:00-04:00,45.36924035875012,45.37826919555664,45.36924035875012,45.37826919555664,200,0.0,0.0,0.0
2017-08-02 00:00:00-04:00,45.37826919555664,45.37826919555664,45.37826919555664,45.37826919555664,0,0.0,0.0,0.0
2017-08-03 00:00:00-04:00,45.450485780496,45.45951461791992,45.450485780496,45.45951461791992,600,0.0,0.0,0.0
2017-08-04 00:00:00-04:00,45.45047646594059,45.52269337656179,45.45047646594059,45.517276763916016,5900,0.0,0.0,0.0
2017-08-07 00:00:00-04:00,45.6129598985818,45.63101412577291,45.585880279541016,45.585880279541016,2100,0.0,0.0,0.0
2017-08-08 00:00:00-04:00,45.585880279541016,45.585880279541016,45.585880279541016,45.585880279541016,1000,0.0,0.0,0.0
2017-08-09 00:00:00-04:00,45.61295530669048,45.62649511484781,45.56962585449219,45.56962585449219,3000,0.0,0.0,0.0
2017-08-10 00:00:00-04:00,45.56962585449219,45.56962585449219,45.56962585449219,45.56962585449219,0,0.0,0.0,0.0
2017-08-11 00:00:00-04:00,45.56962585449219,45.56962585449219,45.56962585449219,45.56962585449219,0,0.0,0.0,0.0
2017-08-14 00:00:00-04:00,45.56962585449219,45.56962585449219,45.56962585449219,45.56962585449219,0,0.0,0.0,0.0
2017-08-15 00:00:00-04:00,46.091392517089844,46.091392517089844,46.091392517089844,46.091392517089844,200,0.0,0.0,0.0
2017-08-16 00:00:00-04:00,45.78448486328125,45.78448486328125,45.757401793929446,45.78448486328125,1100,0.0,0.0,0.0
2017-08-17 00:00:00-04:00,45.73933986865532,45.75378531771071,45.68698501586914,45.68698501586914,1000,0.0,0.0,0.0
2017-08-18 00:00:00-04:00,45.68698501586914,45.68698501586914,45.68698501586914,45.68698501586914,0,0.0,0.0,0.0
2017-08-21 00:00:00-04:00,45.68698501586914,45.68698501586914,45.68698501586914,45.68698501586914,0,0.0,0.0,0.0
2017-08-22 00:00:00-04:00,45.72136306762695,45.72136306762695,45.72136306762695,45.72136306762695,100,0.1,0.0,0.0
2017-08-23 00:00:00-04:00,45.820865631103516,45.820865631103516,45.820865631103516,45.820865631103516,100,0.0,0.0,0.0
2017-08-24 00:00:00-04:00,45.78467554615341,45.80276552025073,45.69422912597656,45.69422912597656,500,0.0,0.0,0.0
2017-08-25 00:00:00-04:00,45.73039023491333,45.762046813964844,45.73039023491333,45.762046813964844,9400,0.0,0.0,0.0
2017-08-28 00:00:00-04:00,45.762046813964844,45.762046813964844,45.762046813964844,45.762046813964844,0,0.0,0.0,0.0
2017-08-29 00:00:00-04:00,45.80275797331364,45.847981175950615,45.80275797331364,45.829891204833984,4100,0.0,0.0,0.0
2017-08-30 00:00:00-04:00,45.829891204833984,45.829891204833984,45.829891204833984,45.829891204833984,0,0.0,0.0,0.0
2017-08-31 00:00:00-04:00,45.947479248046875,45.947479248046875,45.947479248046875,45.947479248046875,200,0.0,0.0,0.0
2017-09-01 00:00:00-04:00,45.89771270751953,45.93751201106993,45.89771270751953,45.89771270751953,1600,0.0,0.0,0.0
2017-09-05 00:00:00-04:00,45.9474740801503,45.9836540222168,45.9474740801503,45.9836540222168,2200,0.0,0.0,0.0
2017-09-06 00:00:00-04:00,45.9836540222168,45.9836540222168,45.9836540222168,45.9836540222168,0,0.0,0.0,0.0
2017-09-07 00:00:00-04:00,46.046966552734375,46.046966552734375,46.046966552734375,46.046966552734375,600,0.0,0.0,0.0
2017-09-08 00:00:00-04:00,46.046966552734375,46.046966552734375,46.046966552734375,46.046966552734375,0,0.0,0.0,0.0
2017-09-11 00:00:00-04:00,46.12837419684468,46.12837419684468,46.02888107299805,46.02888107299805,2900,0.0,0.0,0.0
2017-09-12 00:00:00-04:00,46.09218978881836,46.10666383563913,46.09218978881836,46.09218978881836,600,0.0,0.0,0.0
2017-09-13 00:00:00-04:00,46.0469817728453,46.092204989590215,45.95653533935547,45.95653533935547,6000,0.0,0.0,0.0
2017-09-14 00:00:00-04:00,46.01983781187993,46.02888107299805,46.01983781187993,46.02888107299805,400,0.0,0.0,0.0
2017-09-15 00:00:00-04:00,46.01982498168945,46.01982498168945,46.01982498168945,46.01982498168945,400,0.0,0.0,0.0
2017-09-18 00:00:00-04:00,45.9610481262207,46.025268741379286,45.9610481262207,45.9610481262207,800,0.0,0.0,0.0
2017-09-19 00:00:00-04:00,45.9610481262207,45.9610481262207,45.9610481262207,45.9610481262207,0,0.0,0.0,0.0
2017-09-20 00:00:00-04:00,45.99269613747204,46.00174284791802,45.86606979370117,45.86606979370117,3800,0.0,0.0,0.0
2017-09-21 00:00:00-04:00,45.98388671875,45.98388671875,45.98388671875,45.98388671875,500,0.1,0.0,0.0
2017-09-22 00:00:00-04:00,45.98388671875,45.98388671875,45.98388671875,45.98388671875,0,0.0,0.0,0.0
2017-09-25 00:00:00-04:00,45.98388671875,45.98388671875,45.98388671875,45.98388671875,0,0.0,0.0,0.0
2017-09-26 00:00:00-04:00,45.938578285991596,46.01108115595601,45.938578285991596,45.96486282348633,1000,0.0,0.0,0.0
2017-09-27 00:00:00-04:00,45.93857720022963,45.95398561544009,45.82982635498047,45.82982635498047,4000,0.0,0.0,0.0
2017-09-28 00:00:00-04:00,45.8751389190737,45.8751389190737,45.82982635498047,45.82982635498047,1000,0.0,0.0,0.0
2017-09-29 00:00:00-04:00,45.847957611083984,45.857018742146515,45.82439383034295,45.847957611083984,6100,0.0,0.0,0.0
2017-10-02 00:00:00-04:00,45.847957611083984,45.847957611083984,45.847957611083984,45.847957611083984,0,0.0,0.0,0.0
2017-10-03 00:00:00-04:00,45.847957611083984,45.847957611083984,45.847957611083984,45.847957611083984,0,0.0,0.0,0.0
2017-10-04 00:00:00-04:00,45.87514114379883,45.87514114379883,45.87514114379883,45.87514114379883,300,0.0,0.0,0.0
2017-10-05 00:00:00-04:00,45.82984455847462,45.83890914916992,45.82078342490773,45.83890914916992,1200,0.0,0.0,0.0
2017-10-06 00:00:00-04:00,45.766380310058594,45.766380310058594,45.766380310058594,45.766380310058594,600,0.0,0.0,0.0
2017-10-09 00:00:00-04:00,45.766380310058594,45.766380310058594,45.766380310058594,45.766380310058594,0,0.0,0.0,0.0
2017-10-10 00:00:00-04:00,45.85700607299805,45.85700607299805,45.85700607299805,45.85700607299805,800,0.0,0.0,0.0
2017-10-11 00:00:00-04:00,45.88420104980469,45.88420104980469,45.88420104980469,45.88420104980469,59200,0.0,0.0,0.0
2017-10-12 00:00:00-04:00,45.88420104980469,45.88420104980469,45.88420104980469,45.88420104980469,0,0.0,0.0,0.0
2017-10-13 00:00:00-04:00,45.96578498930356,45.96578498930356,45.85612487792969,45.85612487792969,1700,0.0,0.0,0.0
2017-10-16 00:00:00-04:00,46.02013554235415,46.02013554235415,45.96847915649414,45.96847915649414,400,0.0,0.0,0.0
2017-10-17 00:00:00-04:00,46.038272857666016,46.038272857666016,46.038272857666016,46.038272857666016,1600,0.0,0.0,0.0
2017-10-18 00:00:00-04:00,46.09265001587257,46.09265001587257,46.038272857666016,46.038272857666016,900,0.0,0.0,0.0
2017-10-19 00:00:00-04:00,46.13795852661133,46.13795852661133,46.13795852661133,46.13795852661133,200,0.0,0.0,0.0
2017-10-20 00:00:00-04:00,46.08346939086914,46.08346939086914,46.08346939086914,46.08346939086914,2700,0.1,0.0,0.0
2017-10-23 00:00:00-04:00,46.13796615600586,46.13796615600586,46.13796615600586,46.13796615600586,100,0.0,0.0,0.0
2017-10-24 00:00:00-04:00,46.09255328280492,46.17427780931772,46.09255328280492,46.120704650878906,2000,0.0,0.0,0.0
2017-10-25 00:00:00-04:00,46.120704650878906,46.120704650878906,46.120704650878906,46.120704650878906,0,0.0,0.0,0.0
2017-10-26 00:00:00-04:00,45.987219457598876,46.028079986572266,45.987219457598876,46.028079986572266,400,0.0,0.0,0.0
2017-10-27 00:00:00-04:00,46.038069894179145,46.038069894179145,45.99266815185547,45.99266815185547,1200,0.0,0.0,0.0
2017-10-30 00:00:00-04:00,45.93362376095032,46.010807037353516,45.93362376095032,46.010807037353516,2100,0.0,0.0,0.0
2017-10-31 00:00:00-04:00,46.02716895289322,46.02716895289322,46.01990509033203,46.01990509033203,200,0.0,0.0,0.0
2017-11-01 00:00:00-04:00,46.0380744934082,46.0380744934082,46.0380744934082,46.0380744934082,200,0.0,0.0,0.0
2017-11-02 00:00:00-04:00,45.94726599176404,45.95634841918945,45.94726599176404,45.95634841918945,1000,0.0,0.0,0.0
2017-11-03 00:00:00-04:00,46.26509094238281,46.26509094238281,46.26509094238281,46.26509094238281,300,0.0,0.0,0.0
2017-11-06 00:00:00-05:00,46.210601806640625,46.210601806640625,46.210601806640625,46.210601806640625,300,0.0,0.0,0.0
2017-11-07 00:00:00-05:00,46.183353424072266,46.183353424072266,46.183353424072266,46.183353424072266,200,0.0,0.0,0.0
2017-11-08 00:00:00-05:00,46.183353424072266,46.183353424072266,46.183353424072266,46.183353424072266,0,0.0,0.0,0.0
2017-11-09 00:00:00-05:00,46.183353424072266,46.183353424072266,46.183353424072266,46.183353424072266,0,0.0,0.0,0.0
2017-11-10 00:00:00-05:00,46.26509094238281,46.274169907016336,46.26509094238281,46.26509094238281,700,0.0,0.0,0.0
2017-11-13 00:00:00-05:00,46.26509094238281,46.26509094238281,46.26509094238281,46.26509094238281,0,0.0,0.0,0.0
2017-11-14 00:00:00-05:00,46.26509094238281,46.26509094238281,46.26509094238281,46.26509094238281,0,0.0,0.0,0.0
2017-11-15 00:00:00-05:00,46.210601806640625,46.210601806640625,46.210601806640625,46.210601806640625,200,0.0,0.0,0.0
2017-11-16 00:00:00-05:00,46.210601806640625,46.210601806640625,46.210601806640625,46.210601806640625,0,0.0,0.0,0.0
2017-11-17 00:00:00-05:00,46.210601806640625,46.210601806640625,46.210601806640625,46.210601806640625,0,0.0,0.0,0.0
2017-11-20 00:00:00-05:00,46.4085578918457,46.4085578918457,46.4085578918457,46.4085578918457,200,0.0,0.0,0.0
2017-11-21 00:00:00-05:00,46.50865173339844,46.50865173339844,46.50865173339844,46.50865173339844,0,0.11,0.0,0.0
2017-11-22 00:00:00-05:00,46.24567153489392,46.24567153489392,46.21382141113281,46.21382141113281,900,0.0,0.0,0.0
2017-11-24 00:00:00-05:00,46.21382141113281,46.21382141113281,46.21382141113281,46.21382141113281,0,0.0,0.0,0.0
2017-11-27 00:00:00-05:00,46.137367248535156,46.137367248535156,46.137367248535156,46.137367248535156,300,0.0,0.0,0.0
2017-11-28 00:00:00-05:00,46.175601959228516,46.175601959228516,46.175601959228516,46.175601959228516,300,0.0,0.0,0.0
2017-11-29 00:00:00-05:00,45.955362092854266,46.11006164550781,45.955362092854266,46.11006164550781,1100,0.0,0.0,0.0
2017-11-30 00:00:00-05:00,46.11006164550781,46.11006164550781,46.11006164550781,46.11006164550781,0,0.0,0.0,0.0
2017-12-01 00:00:00-05:00,46.44678161382053,46.44678161382053,46.1828786171572,46.22837829589844,1400,0.0,0.0,0.0
2017-12-04 00:00:00-05:00,46.319366455078125,46.319366455078125,46.27386331934512,46.319366455078125,2000,0.0,0.0,0.0
2017-12-05 00:00:00-05:00,46.67428839249043,46.67428839249043,46.41038536804514,46.50138473510742,1000,0.0,0.0,0.0
2017-12-06 00:00:00-05:00,46.64696487906625,46.65606689453125,46.64696487906625,46.65606689453125,800,0.0,0.0,0.0
2017-12-07 00:00:00-05:00,46.86536691851726,46.86536691851726,46.84807586669922,46.84807586669922,1200,0.0,0.0,0.0
2017-12-08 00:00:00-05:00,47.10198958336717,47.10198958336717,46.50138473510742,46.50138473510742,1500,0.0,0.0,0.0
2017-12-11 00:00:00-05:00,46.43402642012356,46.43402642012356,46.4331169128418,46.4331169128418,400,0.0,0.0,0.0
2017-12-12 00:00:00-05:00,46.4331169128418,46.4331169128418,46.4331169128418,46.4331169128418,0,0.0,0.0,0.0
2017-12-13 00:00:00-05:00,46.41946637510685,46.41946637510685,46.255668270571775,46.3648681640625,7900,0.0,0.0,0.0
2017-12-14 00:00:00-05:00,46.3648681640625,46.3648681640625,46.3648681640625,46.3648681640625,0,0.0,0.0,0.0
2017-12-15 00:00:00-05:00,46.62877937829881,46.646976470947266,46.576906208622,46.646976470947266,900,0.0,0.0,0.0
2017-12-18 00:00:00-05:00,46.619683083469944,46.619683083469944,46.57691192626953,46.57691192626953,1000,0.0,0.0,0.0
2017-12-19 00:00:00-05:00,46.41038131713867,46.41038131713867,46.41038131713867,46.41038131713867,1100,0.0,0.0,0.0
2017-12-20 00:00:00-05:00,46.41038131713867,46.41038131713867,46.41038131713867,46.41038131713867,100,0.0,0.0,0.0
2017-12-21 00:00:00-05:00,46.35559803995934,46.55643081665039,46.33734019823041,46.55643081665039,1300,0.16,0.0,0.0
2017-12-22 00:00:00-05:00,46.729881303065554,46.78465483553538,46.63859556461023,46.68423843383789,2100,0.0,0.0,0.0
2017-12-26 00:00:00-05:00,46.68423843383789,46.68423843383789,46.68423843383789,46.68423843383789,0,0.0,0.0,0.0
2017-12-27 00:00:00-05:00,46.68423843383789,46.68423843383789,46.68423843383789,46.68423843383789,0,0.0,0.0,0.0
2017-12-28 00:00:00-05:00,46.948970794677734,46.948970794677734,46.948970794677734,46.948970794677734,200,0.0,0.0,0.0
2017-12-29 00:00:00-05:00,46.60206768586344,47.08589172363281,46.60206768586344,47.08589172363281,2800,0.0,0.0,0.0
2018-01-02 00:00:00-05:00,46.75727081298828,46.75727081298828,46.75727081298828,46.75727081298828,100,0.0,0.0,0.0
2018-01-03 00:00:00-05:00,46.81659106953152,47.00829315185547,46.81659106953152,47.00829315185547,700,0.0,0.0,0.0
2018-01-04 00:00:00-05:00,47.01286315917969,47.02199033824885,47.01286315917969,47.01286315917969,2700,0.0,0.0,0.0
2018-01-05 00:00:00-05:00,46.68423629849975,46.85768406889015,46.68423629849975,46.83029556274414,2500,0.0,0.0,0.0
2018-01-08 00:00:00-05:00,46.79377365112305,46.79377365112305,46.79377365112305,46.79377365112305,100,0.0,0.0,0.0
2018-01-09 00:00:00-05:00,47.10233654342074,47.10233654342074,46.51992416381836,46.51992416381836,2200,0.0,0.0,0.0
2018-01-10 00:00:00-05:00,46.55643633770246,47.11328838832583,46.392119224983176,46.611209869384766,5700,0.0,0.0,0.0
2018-01-11 00:00:00-05:00,46.47428020012939,46.48158264160156,46.36382424349811,46.48158264160156,3000,0.0,0.0,0.0
2018-01-12 00:00:00-05:00,46.48158264160156,46.48158264160156,46.48158264160156,46.48158264160156,0,0.0,0.0,0.0
2018-01-16 00:00:00-05:00,46.50164794921875,46.50164794921875,46.50164794921875,46.50164794921875,500,0.0,0.0,0.0
2018-01-17 00:00:00-05:00,46.50164794921875,46.50164794921875,46.50164794921875,46.50164794921875,0,0.0,0.0,0.0
2018-01-18 00:00:00-05:00,46.519922599392224,46.556438288710666,46.519922599392224,46.53361511230469,1600,0.0,0.0,0.0
2018-01-19 00:00:00-05:00,46.50164794921875,46.52903644747339,46.407625132578545,46.50164794921875,900,0.0,0.0,0.0
2018-01-22 00:00:00-05:00,46.49252909932926,46.49252909932926,46.421325955766015,46.4833984375,600,0.0,0.0,0.0
2018-01-23 00:00:00-05:00,46.48798965764136,46.49714279174805,46.39556464673037,46.49714279174805,1000,0.125,0.0,0.0
2018-01-24 00:00:00-05:00,46.48797260247561,46.497125733224266,46.393714904785156,46.393714904785156,1800,0.0,0.0,0.0
2018-01-25 00:00:00-05:00,46.41293335578569,46.41293335578569,46.40561294555664,46.40561294555664,400,0.0,0.0,0.0
2018-01-26 00:00:00-05:00,46.368997951670515,46.411094665527344,46.368997951670515,46.411094665527344,300,0.0,0.0,0.0
2018-01-29 00:00:00-05:00,46.31411751750543,46.31411751750543,46.190574645996094,46.190574645996094,400,0.0,0.0,0.0
2018-01-30 00:00:00-05:00,46.242733001708984,46.242733001708984,46.21344786433351,46.242733001708984,800,0.0,0.0,0.0
2018-01-31 00:00:00-05:00,46.13108062090664,46.13840103149414,46.13108062090664,46.13840103149414,500,0.0,0.0,0.0
2018-02-01 00:00:00-05:00,46.12193298339844,46.12193298339844,46.0459780475472,46.12193298339844,600,0.0,0.0,0.0
2018-02-02 00:00:00-05:00,46.12193298339844,46.12193298339844,46.12193298339844,46.12193298339844,0,0.0,0.0,0.0
2018-02-05 00:00:00-05:00,46.12193298339844,46.12193298339844,46.12193298339844,46.12193298339844,0,0.0,0.0,0.0
2018-02-06 00:00:00-05:00,46.02126693725586,46.02126693725586,46.020352322305314,46.02126693725586,1000,0.0,0.0,0.0
2018-02-07 00:00:00-05:00,46.094473089113215,46.140228271484375,46.094473089113215,46.140228271484375,200,0.0,0.0,0.0
2018-02-08 00:00:00-05:00,45.829097747802734,45.829097747802734,45.829097747802734,45.829097747802734,200,0.0,0.0,0.0
2018-02-09 00:00:00-05:00,45.829097747802734,45.829097747802734,45.829097747802734,45.829097747802734,0,0.0,0.0,0.0
2018-02-12 00:00:00-05:00,46.12193298339844,46.12193298339844,46.12193298339844,46.12193298339844,2000,0.0,0.0,0.0
2018-02-13 00:00:00-05:00,46.12193298339844,46.12193298339844,46.12193298339844,46.12193298339844,0,0.0,0.0,0.0
2018-02-14 00:00:00-05:00,45.94257736206055,45.94257736206055,45.94257736206055,45.94257736206055,300,0.0,0.0,0.0
2018-02-15 00:00:00-05:00,45.76503372192383,45.76503372192383,45.76503372192383,45.76503372192383,200,0.0,0.0,0.0
2018-02-16 00:00:00-05:00,45.76503372192383,45.76503372192383,45.76503372192383,45.76503372192383,0,0.0,0.0,0.0
2018-02-20 00:00:00-05:00,44.75839794422942,45.98465556561501,44.75839794422942,45.69181823730469,1900,0.0,0.0,0.0
2018-02-21 00:00:00-05:00,45.58632615227044,45.75146104552924,45.58632615227044,45.73311233520508,4200,0.125,0.0,0.0
2018-02-22 00:00:00-05:00,45.73311233520508,45.73311233520508,45.73311233520508,45.73311233520508,0,0.0,0.0,0.0
2018-02-23 00:00:00-05:00,45.73311233520508,45.73311233520508,45.73311233520508,45.73311233520508,0,0.0,0.0,0.0
2018-02-26 00:00:00-05:00,45.87072162259618,47.61564426508147,45.87072162259618,45.91659164428711,3600,0.0,0.0,0.0
2018-02-27 00:00:00-05:00,45.87071859003037,45.87071859003037,45.714759826660156,45.714759826660156,400,0.0,0.0,0.0
2018-02-28 00:00:00-05:00,45.85237715298396,45.88540343166834,45.78815841674805,45.78815841674805,7600,0.0,0.0,0.0
2018-03-01 00:00:00-05:00,45.91659164428711,45.91659164428711,45.91659164428711,45.91659164428711,200,0.0,0.0,0.0
2018-03-02 00:00:00-05:00,45.76981561187744,45.879904388249074,45.760643005371094,45.760643005371094,1200,0.0,0.0,0.0
2018-03-05 00:00:00-05:00,45.760643005371094,45.760643005371094,45.760643005371094,45.760643005371094,0,0.0,0.0,0.0
2018-03-06 00:00:00-05:00,45.760643005371094,45.760643005371094,45.760643005371094,45.760643005371094,0,0.0,0.0,0.0
2018-03-07 00:00:00-05:00,45.92576944455528,45.98998817722598,45.898244630797514,45.980812072753906,4200,0.0,0.0,0.0
2018-03-08 00:00:00-05:00,45.98999026691853,46.100079027976456,45.898246716321424,45.95329284667969,22200,0.0,0.0,0.0
2018-03-09 00:00:00-05:00,45.85237816575888,45.85237816575888,45.79549821245663,45.81109619140625,700,0.0,0.0,0.0
2018-03-12 00:00:00-04:00,45.845037906736124,45.98081416202952,45.845037906736124,45.95329284667969,2300,0.0,0.0,0.0
2018-03-13 00:00:00-04:00,45.85237742547249,45.9147623409463,45.85237742547249,45.87439727783203,1000,0.0,0.0,0.0
2018-03-14 00:00:00-04:00,45.89824019208755,45.89824019208755,45.852370173138524,45.86613082885742,1500,0.0,0.0,0.0
2018-03-15 00:00:00-04:00,45.86155700683594,45.86155700683594,45.86155700683594,45.86155700683594,300,0.0,0.0,0.0
2018-03-16 00:00:00-04:00,45.889077973831476,45.898250579833984,45.87990186817005,45.898250579833984,2900,0.0,0.0,0.0
2018-03-19 00:00:00-04:00,45.980812072753906,45.980812072753906,45.980812072753906,45.980812072753906,100,0.0,0.0,0.0
2018-03-20 00:00:00-04:00,45.94412574024088,46.03586580215922,45.94412574024088,46.01751708984375,1100,0.0,0.0,0.0
2018-03-21 00:00:00-04:00,45.97439396283837,46.1184294177093,45.97439396283837,46.03586196899414,6800,0.0,0.0,0.0
2018-03-22 00:00:00-04:00,46.01286451958301,46.13242721557617,46.01286451958301,46.13242721557617,5400,0.125,0.0,0.0
2018-03-23 00:00:00-04:00,46.13242721557617,46.13242721557617,46.13242721557617,46.13242721557617,0,0.0,0.0,0.0
2018-03-26 00:00:00-04:00,46.07724380493164,46.08644282456633,46.07724380493164,46.07724380493164,2000,0.0,0.0,0.0
2018-03-27 00:00:00-04:00,46.196802321928175,46.307165988773555,46.18760681152344,46.18760681152344,1900,0.0,0.0,0.0
2018-03-28 00:00:00-04:00,46.08644485473633,46.08644485473633,46.08644485473633,46.08644485473633,200,0.0,0.0,0.0
2018-03-29 00:00:00-04:00,46.23359465081923,48.74439017664627,46.180252968223506,46.26118469238281,55700,0.0,0.0,0.0
2018-04-02 00:00:00-04:00,46.26118469238281,46.26118469238281,46.26118469238281,46.26118469238281,0,0.0,0.0,0.0
2018-04-03 00:00:00-04:00,46.40834999118288,46.40834999118288,46.2428026801904,46.24740219116211,600,0.0,0.0,0.0
2018-04-04 00:00:00-04:00,46.302579049605384,46.423980159413915,46.28878402709961,46.28878402709961,1100,0.0,0.0,0.0
2018-04-05 00:00:00-04:00,46.12323594325685,46.135189056396484,46.11403692281303,46.135189056396484,1700,0.0,0.0,0.0
2018-04-06 00:00:00-04:00,46.20600891113281,46.22624184405637,46.20600891113281,46.20600891113281,1100,0.0,0.0,0.0
2018-04-09 00:00:00-04:00,46.11863708496094,46.11863708496094,46.11863708496094,46.11863708496094,1500,0.0,0.0,0.0
2018-04-10 00:00:00-04:00,46.21520819469151,46.21520819469151,46.09288787841797,46.09288787841797,6300,0.0,0.0,0.0
2018-04-11 00:00:00-04:00,46.16921904752705,46.36787508031704,46.16921904752705,46.3531608581543,4500,0.0,0.0,0.0
2018-04-12 00:00:00-04:00,46.23820168971515,46.37339782714844,46.23820168971515,46.37339782714844,500,0.0,0.0,0.0
2018-04-13 00:00:00-04:00,46.37339782714844,46.37339782714844,46.37339782714844,46.37339782714844,0,0.0,0.0,0.0
2018-04-16 00:00:00-04:00,46.35316623958793,46.38995179926547,46.323734283447266,46.323734283447266,1000,0.0,0.0,0.0
2018-04-17 00:00:00-04:00,46.316368103027344,46.316368103027344,46.316368103027344,46.316368103027344,1600,0.0,0.0,0.0
2018-04-18 00:00:00-04:00,46.316368103027344,46.316368103027344,46.316368103027344,46.316368103027344,0,0.0,0.0,0.0
2018-04-19 00:00:00-04:00,45.91169647507303,46.095638275146484,45.89330545262391,46.095638275146484,1000,0.0,0.0,0.0
2018-04-20 00:00:00-04:00,46.10024949220086,46.20535659790039,46.10024949220086,46.20535659790039,9500,0.125,0.0,0.0
2018-04-23 00:00:00-04:00,46.11038933304227,46.5520297723699,46.11038933304227,46.35840606689453,2500,0.0,0.0,0.0
2018-04-24 00:00:00-04:00,46.12330177613068,46.12330177613068,46.100250244140625,46.100250244140625,1400,0.0,0.0,0.0
2018-04-25 00:00:00-04:00,45.93428805493394,45.93428805493394,45.80520791982718,45.81442642211914,2200,0.0,0.0,0.0
2018-04-26 00:00:00-04:00,45.81442642211914,45.81442642211914,45.81442642211914,45.81442642211914,0,0.0,0.0,0.0
2018-04-27 00:00:00-04:00,46.03570623767196,46.06336525995834,45.94719314575195,45.94719314575195,1000,0.0,0.0,0.0
2018-04-30 00:00:00-04:00,46.127910097010684,46.13713211684028,45.96287392749737,46.04492950439453,1400,0.0,0.0,0.0
2018-05-01 00:00:00-04:00,46.08364728442335,46.164784868916264,46.08364728442335,46.091026306152344,1500,0.0,0.0,0.0
2018-05-02 00:00:00-04:00,46.15556716918945,46.15556716918945,46.15556716918945,46.15556716918945,200,0.0,0.0,0.0
2018-05-03 00:00:00-04:00,46.100252991940714,46.27727920147367,46.05415344238281,46.05415344238281,900,0.0,0.0,0.0
2018-05-04 00:00:00-04:00,46.32153207995985,46.37685012817383,46.32153207995985,46.37685012817383,300,0.0,0.0,0.0
2018-05-07 00:00:00-04:00,46.11869430541992,46.11869430541992,46.11869430541992,46.11869430541992,300,0.0,0.0,0.0
2018-05-08 00:00:00-04:00,46.11869430541992,46.11869430541992,46.11869430541992,46.11869430541992,0,0.0,0.0,0.0
2018-05-09 00:00:00-04:00,46.02649165957535,46.35841404935012,46.02649165957535,46.32337951660156,1900,0.0,0.0,0.0
2018-05-10 00:00:00-04:00,46.37684888278838,46.39528940408781,46.21273422241211,46.21273422241211,6700,0.0,0.0,0.0
2018-05-11 00:00:00-04:00,46.42295017283973,46.45061271441382,46.37500762939453,46.37500762939453,1000,0.0,0.0,0.0
2018-05-14 00:00:00-04:00,46.37500762939453,46.37500762939453,46.37500762939453,46.37500762939453,0,0.0,0.0,0.0
2018-05-15 00:00:00-04:00,46.37500762939453,46.37500762939453,46.37500762939453,46.37500762939453,0,0.0,0.0,0.0
2018-05-16 00:00:00-04:00,46.017269134521484,46.017269134521484,46.017269134521484,46.017269134521484,300,0.0,0.0,0.0
2018-05-17 00:00:00-04:00,46.312313079833984,46.312313079833984,46.312313079833984,46.312313079833984,100,0.0,0.0,0.0
2018-05-18 00:00:00-04:00,46.24776436234508,46.24776436234508,46.146343263407104,46.23116683959961,1400,0.0,0.0,0.0
2018-05-21 00:00:00-04:00,46.23116683959961,46.23116683959961,46.23116683959961,46.23116683959961,0,0.0,0.0,0.0
2018-05-22 00:00:00-04:00,46.28941315857374,46.28941315857374,46.17849349975586,46.17849349975586,1400,0.125,0.0,0.0
2018-05-23 00:00:00-04:00,46.17849349975586,46.17849349975586,46.17849349975586,46.17849349975586,100,0.0,0.0,0.0
2018-05-24 00:00:00-04:00,46.30789566040039,46.30789566040039,46.30789566040039,46.30789566040039,800,0.0,0.0,0.0
2018-05-25 00:00:00-04:00,46.30789566040039,46.30789566040039,46.30789566040039,46.30789566040039,800,0.0,0.0,0.0
2018-05-29 00:00:00-04:00,46.5574646053004,46.56670967405963,46.43730691911546,46.44654846191406,8700,0.0,0.0,0.0
2018-05-30 00:00:00-04:00,46.46503284420532,46.46503284420532,46.40310287475586,46.40310287475586,300,0.0,0.0,0.0
2018-05-31 00:00:00-04:00,46.99835921765654,46.99835921765654,46.53897593199549,46.566707611083984,1200,0.0,0.0,0.0
2018-06-01 00:00:00-04:00,46.40031934015541,46.47426223754883,46.40031934015541,46.47426223754883,1000,0.0,0.0,0.0
2018-06-04 00:00:00-04:00,46.4603995850198,46.48350872451395,46.26167297363281,46.26167297363281,2300,0.0,0.0,0.0
2018-06-05 00:00:00-04:00,46.566707611083984,46.566707611083984,46.566707611083984,46.566707611083984,200,0.0,0.0,0.0
2018-06-06 00:00:00-04:00,46.52972088882215,46.52972088882215,46.418804782532305,46.511234283447266,700,0.0,0.0,0.0
2018-06-07 00:00:00-04:00,46.511234283447266,46.511234283447266,46.511234283447266,46.511234283447266,0,0.0,0.0,0.0
2018-06-08 00:00:00-04:00,46.5204760406786,46.54820418378924,46.428043020377835,46.45207595825195,1600,0.0,0.0,0.0
2018-06-11 00:00:00-04:00,46.470571424615684,46.55745460171259,46.432674407958984,46.432674407958984,1300,0.0,0.0,0.0
2018-06-12 00:00:00-04:00,46.30789566040039,46.30789566040039,46.30789566040039,46.30789566040039,100,0.0,0.0,0.0
2018-06-13 00:00:00-04:00,46.35410837385676,46.52048431402776,46.35410837385676,46.36334991455078,4700,0.0,0.0,0.0
2018-06-14 00:00:00-04:00,46.483509367425874,46.52972412109375,46.483509367425874,46.52972412109375,400,0.0,0.0,0.0
2018-06-15 00:00:00-04:00,46.381838297093154,46.48351287841797,46.2265550205796,46.48351287841797,1700,0.0,0.0,0.0
2018-06-18 00:00:00-04:00,46.57594299316406,46.57594299316406,46.53896977657659,46.57594299316406,2300,0.0,0.0,0.0
2018-06-19 00:00:00-04:00,46.566707611083984,46.566707611083984,46.566707611083984,46.566707611083984,200,0.0,0.0,0.0
2018-06-20 00:00:00-04:00,46.53157424926758,46.53157424926758,46.53157424926758,46.53157424926758,200,0.0,0.0,0.0
2018-06-21 00:00:00-04:00,46.33049774169922,46.33049774169922,46.33049774169922,46.33049774169922,1000,0.125,0.0,0.0
2018-06-22 00:00:00-04:00,46.58068497112347,46.58068497112347,46.48802185058594,46.48802185058594,1200,0.0,0.0,0.0
2018-06-25 00:00:00-04:00,46.33049774169922,46.33049774169922,46.32123319743492,46.33049774169922,800,0.0,0.0,0.0
2018-06-26 00:00:00-04:00,46.469488120417154,46.52971649169922,46.469488120417154,46.52971649169922,300,0.0,0.0,0.0
2018-06-27 00:00:00-04:00,46.52971649169922,46.52971649169922,46.52971649169922,46.52971649169922,0,0.0,0.0,0.0
2018-06-28 00:00:00-04:00,46.515820075133846,46.5667839050293,46.515820075133846,46.5667839050293,600,0.0,0.0,0.0
2018-06-29 00:00:00-04:00,46.5667839050293,46.5667839050293,46.5667839050293,46.5667839050293,0,0.0,0.0,0.0
2018-07-02 00:00:00-04:00,46.5667839050293,46.5667839050293,46.5667839050293,46.5667839050293,100,0.0,0.0,0.0
2018-07-03 00:00:00-04:00,46.698362665815175,46.698362665815175,46.33976364135742,46.33976364135742,2800,0.0,0.0,0.0
2018-07-05 00:00:00-04:00,46.65482168747191,46.71134567260742,46.65482168747191,46.71134567260742,500,0.0,0.0,0.0
2018-07-06 00:00:00-04:00,46.71134567260742,46.71134567260742,46.71134567260742,46.71134567260742,0,0.0,0.0,0.0
2018-07-09 00:00:00-04:00,46.793800354003906,46.812332976332264,46.654807453909385,46.793800354003906,2700,0.0,0.0,0.0
2018-07-10 00:00:00-04:00,46.82158660888672,46.82158660888672,46.8197344075064,46.82158660888672,1100,0.0,0.0,0.0
2018-07-11 00:00:00-04:00,46.80306113144065,46.8864561578391,46.45095193974585,46.813255310058594,1500,0.0,0.0,0.0
2018-07-12 00:00:00-04:00,46.793800354003906,46.793800354003906,46.793800354003906,46.793800354003906,2400,0.0,0.0,0.0
2018-07-13 00:00:00-04:00,46.691868649774065,46.792870195547756,46.66407148606005,46.673336029052734,20800,0.0,0.0,0.0
2018-07-16 00:00:00-04:00,46.515830065250285,46.70115280151367,46.515830065250285,46.70115280151367,600,0.0,0.0,0.0
2018-07-17 00:00:00-04:00,46.70115280151367,46.70115280151367,46.70115280151367,46.70115280151367,0,0.0,0.0,0.0
2018-07-18 00:00:00-04:00,46.60847063357615,46.65480041503906,46.60847063357615,46.65480041503906,1900,0.0,0.0,0.0
2018-07-19 00:00:00-04:00,46.77527618408203,46.94206628044032,46.77527618408203,46.77527618408203,5700,0.0,0.0,0.0
2018-07-20 00:00:00-04:00,46.7241846663945,46.8755989074707,46.677739862795484,46.8755989074707,2300,0.125,0.0,0.0
2018-07-23 00:00:00-04:00,46.603430159091076,46.62200879115321,46.603430159091076,46.617366790771484,1600,0.0,0.0,0.0
2018-07-24 00:00:00-04:00,46.863529205322266,46.863529205322266,46.863529205322266,46.863529205322266,100,0.0,0.0,0.0
2018-07-25 00:00:00-04:00,46.863529205322266,46.863529205322266,46.863529205322266,46.863529205322266,0,0.0,0.0,0.0
2018-07-26 00:00:00-04:00,46.6777229309082,46.6777229309082,46.6777229309082,46.6777229309082,200,0.0,0.0,0.0
2018-07-27 00:00:00-04:00,46.6777229309082,46.6777229309082,46.6777229309082,46.6777229309082,0,0.0,0.0,0.0
2018-07-30 00:00:00-04:00,46.82543633959423,46.82543633959423,46.64987307082156,46.65916061401367,500,0.0,0.0,0.0
2018-07-31 00:00:00-04:00,46.65916061401367,46.65916061401367,46.65916061401367,46.65916061401367,0,0.0,0.0,0.0
2018-08-01 00:00:00-04:00,46.65916061401367,46.65916061401367,46.65916061401367,46.65916061401367,0,0.0,0.0,0.0
2018-08-02 00:00:00-04:00,46.55697250366211,46.55697250366211,46.55697250366211,46.55697250366211,200,0.0,0.0,0.0
2018-08-03 00:00:00-04:00,46.42692822052844,46.54768753051758,46.42692822052844,46.54768753051758,600,0.0,0.0,0.0
2018-08-06 00:00:00-04:00,46.518896766104255,46.518896766104255,46.50960922241211,46.50960922241211,700,0.0,0.0,0.0
2018-08-07 00:00:00-04:00,46.494747161865234,46.494747161865234,46.494747161865234,46.494747161865234,200,0.0,0.0,0.0
2018-08-08 00:00:00-04:00,46.49752329180719,46.81707000732422,46.49752329180719,46.81707000732422,4500,0.0,0.0,0.0
2018-08-09 00:00:00-04:00,46.75390625,46.75390625,46.75390625,46.75390625,100,0.0,0.0,0.0
2018-08-10 00:00:00-04:00,46.777124676363336,46.94154357910156,46.770622333981336,46.94154357910156,2200,0.0,0.0,0.0
2018-08-13 00:00:00-04:00,46.92855473617458,46.92855473617458,46.8876838684082,46.8876838684082,1200,0.0,0.0,0.0
2018-08-14 00:00:00-04:00,46.956410142591416,46.956410142591416,46.739976020897416,46.752052307128906,2400,0.0,0.0,0.0
2018-08-15 00:00:00-04:00,46.817076330534405,46.817076330534405,46.705604553222656,46.705604553222656,1600,0.0,0.0,0.0
2018-08-16 00:00:00-04:00,46.69631089455344,46.81707019907012,46.69631089455344,46.74554443359375,1600,0.0,0.0,0.0
2018-08-17 00:00:00-04:00,46.841227507295706,46.90996808543834,46.836585507328344,46.90068054199219,2700,0.0,0.0,0.0
2018-08-20 00:00:00-04:00,46.752052307128906,46.752052307128906,46.752052307128906,46.752052307128906,900,0.0,0.0,0.0
2018-08-21 00:00:00-04:00,46.77534156550396,46.87125815324091,46.747406005859375,46.747406005859375,2900,0.125,0.0,0.0
2018-08-22 00:00:00-04:00,46.97089024038793,46.97089024038793,46.907569885253906,46.907569885253906,1500,0.0,0.0,0.0
2018-08-23 00:00:00-04:00,46.907569885253906,46.907569885253906,46.907569885253906,46.907569885253906,0,0.0,0.0,0.0
2018-08-24 00:00:00-04:00,46.93363645862373,46.93363645862373,46.86658616349511,46.90849304199219,900,0.0,0.0,0.0
2018-08-27 00:00:00-04:00,46.84052276611328,46.84052276611328,46.84052276611328,46.84052276611328,700,0.0,0.0,0.0
2018-08-28 00:00:00-04:00,46.793951898330064,46.91221618652344,46.793951898330064,46.91221618652344,700,0.0,0.0,0.0
2018-08-29 00:00:00-04:00,46.91409683227539,46.91409683227539,46.91409683227539,46.91409683227539,800,0.0,0.0,0.0
2018-08-30 00:00:00-04:00,46.91409683227539,46.91409683227539,46.91409683227539,46.91409683227539,0,0.0,0.0,0.0
2018-08-31 00:00:00-04:00,46.931785583496094,46.931785583496094,46.931785583496094,46.931785583496094,500,0.0,0.0,0.0
2018-09-04 00:00:00-04:00,46.931785583496094,46.931785583496094,46.931785583496094,46.931785583496094,0,0.0,0.0,0.0
2018-09-05 00:00:00-04:00,46.79395294189453,46.79395294189453,46.79395294189453,46.79395294189453,1600,0.0,0.0,0.0
2018-09-06 00:00:00-04:00,46.81722640991211,46.81722640991211,46.81722640991211,46.81722640991211,200,0.0,0.0,0.0
2018-09-07 00:00:00-04:00,46.71200524236835,46.71200524236835,46.64495849609375,46.64495849609375,1200,0.0,0.0,0.0
2018-09-10 00:00:00-04:00,46.71759033203125,46.71759033203125,46.71759033203125,46.71759033203125,300,0.0,0.0,0.0
2018-09-11 00:00:00-04:00,46.71759033203125,46.71759033203125,46.71759033203125,46.71759033203125,0,0.0,0.0,0.0
2018-09-12 00:00:00-04:00,46.689666748046875,46.689666748046875,46.689666748046875,46.689666748046875,200,0.0,0.0,0.0
2018-09-13 00:00:00-04:00,46.728763580322266,46.728763580322266,46.728763580322266,46.728763580322266,400,0.0,0.0,0.0
2018-09-14 00:00:00-04:00,46.6998176574707,46.6998176574707,46.6998176574707,46.6998176574707,200,0.125,0.0,0.0
2018-09-17 00:00:00-04:00,46.78011703491211,46.78011703491211,46.78011703491211,46.78011703491211,200,0.0,0.0,0.0
2018-09-18 00:00:00-04:00,46.752105712890625,46.752105712890625,46.752105712890625,46.752105712890625,300,0.0,0.0,0.0
2018-09-19 00:00:00-04:00,46.71476953232564,46.71476953232564,46.533660888671875,46.533660888671875,500,0.0,0.0,0.0
2018-09-20 00:00:00-04:00,46.533660888671875,46.533660888671875,46.533660888671875,46.533660888671875,0,0.0,0.0,0.0
2018-09-21 00:00:00-04:00,46.59992980957031,46.59992980957031,46.59992980957031,46.59992980957031,300,0.0,0.0,0.0
2018-09-24 00:00:00-04:00,46.67741782496886,46.67741782496886,46.57472693596124,46.630741119384766,2400,0.0,0.0,0.0
2018-09-25 00:00:00-04:00,46.630741119384766,46.630741119384766,46.630741119384766,46.630741119384766,0,0.0,0.0,0.0
2018-09-26 00:00:00-04:00,46.630741119384766,46.630741119384766,46.630741119384766,46.630741119384766,0,0.0,0.0,0.0
2018-09-27 00:00:00-04:00,46.52804946899414,46.52804946899414,46.52804946899414,46.52804946899414,500,0.0,0.0,0.0
2018-09-28 00:00:00-04:00,46.52804946899414,46.52804946899414,46.52804946899414,46.52804946899414,0,0.0,0.0,0.0
2018-10-01 00:00:00-04:00,46.69609658319456,46.69609658319456,46.51498794555664,46.51498794555664,400,0.0,0.0,0.0
2018-10-02 00:00:00-04:00,46.51498794555664,46.51498794555664,46.51498794555664,46.51498794555664,0,0.0,0.0,0.0
2018-10-03 00:00:00-04:00,46.67742457585269,46.67742457585269,46.444037452973426,46.470176696777344,1100,0.0,0.0,0.0
2018-10-04 00:00:00-04:00,46.402963432291315,46.425366972620736,46.30400466918945,46.30400466918945,1200,0.0,0.0,0.0
2018-10-05 00:00:00-04:00,46.43470974219478,46.43470974219478,46.36935806274414,46.36935806274414,1000,0.0,0.0,0.0
2018-10-08 00:00:00-04:00,46.4160270690918,46.4160270690918,46.4160270690918,46.4160270690918,200,0.0,0.0,0.0
2018-10-09 00:00:00-04:00,46.2386593751535,46.2386593751535,46.19198265905339,46.225589752197266,20600,0.0,0.0,0.0
2018-10-10 00:00:00-04:00,46.21345431973212,46.21345431973212,46.11730177786949,46.210655212402344,2600,0.0,0.0,0.0
2018-10-11 00:00:00-04:00,46.210655212402344,46.249864082250774,46.210655212402344,46.210655212402344,3900,0.0,0.0,0.0
2018-10-12 00:00:00-04:00,46.276002211640396,46.276002211640396,46.21438980102539,46.21438980102539,500,0.0,0.0,0.0
2018-10-15 00:00:00-04:00,46.21438312622171,46.21438312622171,45.97726031434518,46.17050552368164,2400,0.0,0.0,0.0
2018-10-16 00:00:00-04:00,46.023942309869234,46.1695777909155,46.023942309869234,46.084625244140625,3700,0.0,0.0,0.0
2018-10-17 00:00:00-04:00,46.16864641777057,46.16864641777057,46.154640197753906,46.154640197753906,800,0.0,0.0,0.0
2018-10-18 00:00:00-04:00,46.05195755112336,46.05195755112336,46.023948669433594,46.023948669433594,2000,0.0,0.0,0.0
2018-10-19 00:00:00-04:00,46.01460505058546,46.07155227661133,46.01460505058546,46.07155227661133,1600,0.0,0.0,0.0
2018-10-22 00:00:00-04:00,46.304002599977316,46.304002599977316,46.04261016845703,46.04261016845703,1900,0.0,0.0,0.0
2018-10-23 00:00:00-04:00,46.29343550967461,46.3402308192564,46.291561126708984,46.291561126708984,400,0.125,0.0,0.0
2018-10-24 00:00:00-04:00,46.291561126708984,46.291561126708984,46.291561126708984,46.291561126708984,0,0.0,0.0,0.0
2018-10-25 00:00:00-04:00,46.18579673287281,46.34584045410156,46.18579673287281,46.34584045410156,3500,0.0,0.0,0.0
2018-10-26 00:00:00-04:00,46.25225830078125,46.25225830078125,46.25225830078125,46.25225830078125,200,0.0,0.0,0.0
2018-10-29 00:00:00-04:00,46.10344278826344,46.4122982705301,46.10344278826344,46.15959930419922,2800,0.0,0.0,0.0
2018-10-30 00:00:00-04:00,46.15959930419922,46.15959930419922,46.15959930419922,46.15959930419922,0,0.0,0.0,0.0
2018-10-31 00:00:00-04:00,46.00984806018204,46.18673624975524,46.000490426821024,46.090335845947266,4000,0.0,0.0,0.0
2018-11-01 00:00:00-04:00,46.090335845947266,46.090335845947266,46.090335845947266,46.090335845947266,100,0.0,0.0,0.0
2018-11-02 00:00:00-04:00,46.056636810302734,46.056636810302734,46.05195977941465,46.056636810302734,1100,0.0,0.0,0.0
2018-11-05 00:00:00-05:00,45.8601157744579,46.049171447753906,45.813320452004206,46.049171447753906,7100,0.0,0.0,0.0
2018-11-06 00:00:00-05:00,45.893802642822266,45.893802642822266,45.893802642822266,45.893802642822266,1600,0.0,0.0,0.0
2018-11-07 00:00:00-05:00,45.95369710953727,46.074432373046875,45.86010648359054,46.074432373046875,1200,0.0,0.0,0.0
2018-11-08 00:00:00-05:00,46.00049191467616,46.009849548339844,46.00049191467616,46.009849548339844,1600,0.0,0.0,0.0
2018-11-09 00:00:00-05:00,46.10344332316095,46.19142150878906,46.10344332316095,46.19142150878906,1000,0.0,0.0,0.0
2018-11-12 00:00:00-05:00,46.22511484061712,46.22511484061712,45.93498175854807,46.00049591064453,600,0.0,0.0,0.0
2018-11-13 00:00:00-05:00,46.168024923750046,46.206398010253906,46.06881828486999,46.206398010253906,4200,0.0,0.0,0.0
2018-11-14 00:00:00-05:00,46.206398010253906,46.206398010253906,46.206398010253906,46.206398010253906,100,0.0,0.0,0.0
2018-11-15 00:00:00-05:00,46.09502410888672,46.09502410888672,46.09502410888672,46.09502410888672,300,0.0,0.0,0.0
2018-11-16 00:00:00-05:00,46.09502410888672,46.09502410888672,46.09502410888672,46.09502410888672,100,0.0,0.0,0.0
2018-11-19 00:00:00-05:00,46.243834484475514,46.356143951416016,46.06320107472927,46.356143951416016,60100,0.0,0.0,0.0
2018-11-20 00:00:00-05:00,46.38047840881403,46.40761947631836,46.38047840881403,46.40761947631836,1100,0.0,0.0,0.0
2018-11-21 00:00:00-05:00,46.38885693204734,46.40668531035409,46.249053955078125,46.249053955078125,3700,0.125,0.0,0.0
2018-11-23 00:00:00-05:00,46.34661962944197,46.46953553509562,46.22933392441127,46.463905334472656,1800,0.0,0.0,0.0
2018-11-26 00:00:00-05:00,46.454538967650066,46.454538967650066,46.26125442545019,46.34194564819336,1100,0.0,0.0,0.0
2018-11-27 00:00:00-05:00,46.328800201416016,46.328800201416016,46.328800201416016,46.328800201416016,1400,0.0,0.0,0.0
2018-11-28 00:00:00-05:00,46.328800201416016,46.328800201416016,46.328800201416016,46.328800201416016,100,0.0,0.0,0.0
2018-11-29 00:00:00-05:00,46.41888319711977,46.47799495498029,46.41888319711977,46.46485900878906,2600,0.0,0.0,0.0
2018-11-30 00:00:00-05:00,46.349448669081454,46.5014533996582,46.28564805867996,46.5014533996582,5500,0.0,0.0,0.0
2018-12-03 00:00:00-05:00,46.454522738990036,46.56711959838867,46.26686846521066,46.56711959838867,7200,0.0,0.0,0.0
2018-12-04 00:00:00-05:00,46.58589172363281,46.58589172363281,46.58589172363281,46.58589172363281,19800,0.0,0.0,0.0
2018-12-06 00:00:00-05:00,46.70786441200753,46.848608708997354,46.604652404785156,46.604652404785156,5500,0.0,0.0,0.0
2018-12-07 00:00:00-05:00,46.78294234169525,46.839237213134766,46.71257017311868,46.839237213134766,8900,0.0,0.0,0.0
2018-12-10 00:00:00-05:00,46.83923319889251,46.88615036010742,46.83923319889251,46.88615036010742,1200,0.0,0.0,0.0
2018-12-11 00:00:00-05:00,46.62531280517578,46.62531280517578,46.62531280517578,46.62531280517578,200,0.0,0.0,0.0
2018-12-12 00:00:00-05:00,46.62531280517578,46.62531280517578,46.62531280517578,46.62531280517578,100,0.0,0.0,0.0
2018-12-13 00:00:00-05:00,46.69848761829387,46.70318004978492,46.69848761829387,46.70036315917969,2400,0.0,0.0,0.0
2018-12-14 00:00:00-05:00,46.801700592041016,46.801700592041016,46.801700592041016,46.801700592041016,100,0.0,0.0,0.0
2018-12-17 00:00:00-05:00,46.69285713927161,46.85799421815626,46.69285713927161,46.805450439453125,3600,0.0,0.0,0.0
2018-12-18 00:00:00-05:00,46.838375091552734,46.838375091552734,46.838375091552734,46.838375091552734,200,0.125,0.0,0.0
2018-12-19 00:00:00-05:00,46.86188493919444,46.94748306274414,46.657766336883604,46.94748306274414,16100,0.0,0.0,0.0
2018-12-20 00:00:00-05:00,46.95595843336395,46.95595843336395,46.764068603515625,46.764068603515625,1400,0.0,0.0,0.0
2018-12-21 00:00:00-05:00,46.726439734889325,47.12245178222656,46.726439734889325,47.12245178222656,900,0.0,0.0,0.0
2018-12-24 00:00:00-05:00,47.12245178222656,47.12245178222656,47.12245178222656,47.12245178222656,100,0.0,0.0,0.0
2018-12-26 00:00:00-05:00,46.796996334735034,47.21087802561722,46.796996334735034,46.848731994628906,1500,0.0,0.0,0.0
2018-12-27 00:00:00-05:00,46.848731994628906,46.848731994628906,46.848731994628906,46.848731994628906,0,0.0,0.0,0.0
2018-12-28 00:00:00-05:00,47.235334295348004,47.257911682128906,47.22686956943953,47.257911682128906,2500,0.0,0.0,0.0
2018-12-31 00:00:00-05:00,46.96065589873601,47.2579008346642,46.93902223159398,47.229679107666016,2700,0.0,0.0,0.0
2019-01-02 00:00:00-05:00,47.08293722355307,47.17794019778308,47.08293722355307,47.09892654418945,1200,0.0,0.0,0.0
2019-01-03 00:00:00-05:00,47.09892654418945,47.09892654418945,47.09892654418945,47.09892654418945,100,0.0,0.0,0.0
2019-01-04 00:00:00-05:00,46.9851188659668,46.9851188659668,46.96160135551017,46.9851188659668,5200,0.0,0.0,0.0
2019-01-07 00:00:00-05:00,47.07918170116958,47.12903710093699,47.01333697785507,47.03215026855469,800,0.0,0.0,0.0
2019-01-08 00:00:00-05:00,47.16665779962688,47.167597925804365,47.14878463745117,47.14878463745117,2300,0.0,0.0,0.0
2019-01-09 00:00:00-05:00,47.22027961745985,47.22027961745985,46.9851188659668,46.9851188659668,900,0.0,0.0,0.0
2019-01-10 00:00:00-05:00,47.23910140991211,47.23910140991211,47.23910140991211,47.23910140991211,600,0.0,0.0,0.0
2019-01-11 00:00:00-05:00,47.08200563829328,47.08200563829328,47.07918167114258,47.07918167114258,4500,0.0,0.0,0.0
2019-01-14 00:00:00-05:00,47.097999572753906,47.097999572753906,47.097999572753906,47.097999572753906,200,0.0,0.0,0.0
2019-01-15 00:00:00-05:00,47.10740287987723,47.10740287987723,46.951255798339844,46.951255798339844,2600,0.0,0.0,0.0
2019-01-16 00:00:00-05:00,47.009566785849564,47.1958122253418,47.009566785849564,47.1958122253418,2900,0.0,0.0,0.0
2019-01-17 00:00:00-05:00,47.03215026855469,47.03215026855469,47.03215026855469,47.03215026855469,300,0.0,0.0,0.0
2019-01-18 00:00:00-05:00,47.11776005271753,47.11776005271753,47.064144134521484,47.064144134521484,800,0.0,0.0,0.0
2019-01-22 00:00:00-05:00,47.22404098510742,47.22404098510742,47.22404098510742,47.22404098510742,900,0.0,0.0,0.0
2019-01-23 00:00:00-05:00,47.08354551100022,47.20613536018249,47.08354551100022,47.13541030883789,3200,0.125,0.0,0.0
2019-01-24 00:00:00-05:00,47.13541030883789,47.13541030883789,47.13541030883789,47.13541030883789,100,0.0,0.0,0.0
2019-01-25 00:00:00-05:00,47.13068771362305,47.13068771362305,47.13068771362305,47.13068771362305,700,0.0,0.0,0.0
2019-01-28 00:00:00-05:00,47.121253967285156,47.121253967285156,47.121253967285156,47.121253967285156,2000,0.0,0.0,0.0
2019-01-29 00:00:00-05:00,47.121260648228635,47.121260648228635,47.00809914008258,47.09108352661133,16200,0.0,0.0,0.0
2019-01-30 00:00:00-05:00,47.12124855676275,47.14953712792776,47.06466781720852,47.14482116699219,9100,0.0,0.0,0.0
2019-01-31 00:00:00-05:00,47.202356111068795,47.2627067565918,47.198582621937625,47.2627067565918,2200,0.0,0.0,0.0
2019-02-01 00:00:00-05:00,47.2627067565918,47.2627067565918,47.2627067565918,47.2627067565918,100,0.0,0.0,0.0
2019-02-04 00:00:00-05:00,47.24005889892578,47.24005889892578,47.24005889892578,47.24005889892578,400,0.0,0.0,0.0
2019-02-05 00:00:00-05:00,47.27023548924848,47.27683639526367,47.27023548924848,47.27683639526367,1000,0.0,0.0,0.0
2019-02-06 00:00:00-05:00,47.27683639526367,47.27683639526367,47.27683639526367,47.27683639526367,1000,0.0,0.0,0.0
2019-02-07 00:00:00-05:00,47.35700325411429,47.38811924811317,47.33814300480375,47.35228729248047,11900,0.0,0.0,0.0
2019-02-08 00:00:00-05:00,47.43243700187034,47.45412826538086,47.43243700187034,47.45412826538086,700,0.0,0.0,0.0
2019-02-11 00:00:00-05:00,47.479590636110366,47.49845088588062,47.44281620669947,47.44941711425781,3700,0.0,0.0,0.0
2019-02-12 00:00:00-05:00,47.47959024952924,47.50788242256668,47.46827697753906,47.46827697753906,1400,0.0,0.0,0.0
2019-02-13 00:00:00-05:00,47.498453387794626,47.498453387794626,47.40415573120117,47.40415573120117,14200,0.0,0.0,0.0
2019-02-14 00:00:00-05:00,47.580502189476626,47.580502189476626,47.54560910175923,47.560699462890625,1800,0.0,0.0,0.0
2019-02-15 00:00:00-05:00,47.545597076416016,47.545597076416016,47.545597076416016,47.545597076416016,1600,0.0,0.0,0.0
2019-02-19 00:00:00-05:00,47.6323610290621,47.68705323929864,47.61444325089924,47.62104415893555,5200,0.0,0.0,0.0
2019-02-20 00:00:00-05:00,47.59933975826782,47.627628326416016,47.59933975826782,47.627628326416016,1300,0.0,0.0,0.0
2019-02-21 00:00:00-05:00,47.59739644741677,47.654117584228516,47.562420396432145,47.654117584228516,1800,0.125,0.0,0.0
2019-02-22 00:00:00-05:00,47.64560245309997,47.667343929024696,47.58510208129883,47.58510208129883,3000,0.0,0.0,0.0
2019-02-25 00:00:00-05:00,47.678680733557506,47.678680733557506,47.644649505615234,47.644649505615234,2400,0.0,0.0,0.0
2019-02-26 00:00:00-05:00,47.725005506769904,47.78172302246094,47.68246376385236,47.78172302246094,1700,0.0,0.0,0.0
2019-02-27 00:00:00-05:00,47.73351542271592,47.74391555786133,47.73351542271592,47.74391555786133,1700,0.0,0.0,0.0
2019-02-28 00:00:00-05:00,47.7391908531954,47.824270743516394,47.691925048828125,47.691925048828125,9500,0.0,0.0,0.0
2019-03-01 00:00:00-05:00,47.691925048828125,47.691925048828125,47.691925048828125,47.691925048828125,100,0.0,0.0,0.0
2019-03-04 00:00:00-05:00,47.85264587402344,47.85264587402344,47.85264587402344,47.85264587402344,1600,0.0,0.0,0.0
2019-03-05 00:00:00-05:00,47.85264587402344,47.85264587402344,47.85264587402344,47.85264587402344,100,0.0,0.0,0.0
2019-03-06 00:00:00-05:00,47.85262048288346,47.86207580566406,47.8337134434713,47.86207580566406,3500,0.0,0.0,0.0
2019-03-07 00:00:00-05:00,47.86207580566406,47.86207580566406,47.86207580566406,47.86207580566406,100,0.0,0.0,0.0
2019-03-08 00:00:00-05:00,47.89139091973993,47.98497772216797,47.89139091973993,47.98497772216797,1200,0.0,0.0,0.0
2019-03-11 00:00:00-04:00,47.863975567905285,48.003883361816406,47.863975567905285,48.003883361816406,8200,0.0,0.0,0.0
2019-03-12 00:00:00-04:00,48.003883361816406,48.003883361816406,48.003883361816406,48.003883361816406,0,0.0,0.0,0.0
2019-03-13 00:00:00-04:00,47.95756367581175,48.01333999633789,47.90273577270969,48.01333999633789,1800,0.0,0.0,0.0
2019-03-14 00:00:00-04:00,48.060607095330376,48.060607095330376,47.99726867675781,47.99726867675781,2400,0.0,0.0,0.0
2019-03-15 00:00:00-04:00,48.02846599046259,48.088966369628906,48.02846599046259,48.088966369628906,6900,0.0,0.0,0.0
2019-03-18 00:00:00-04:00,48.01616027425471,48.105967804924454,48.01616027425471,48.02277755737305,1500,0.0,0.0,0.0
2019-03-19 00:00:00-04:00,48.09747071395667,48.09747071395667,48.08423614501953,48.08423614501953,1000,0.0,0.0,0.0
2019-03-20 00:00:00-04:00,48.11352474000081,48.19293212890625,48.11352474000081,48.19293212890625,3100,0.0,0.0,0.0
2019-03-21 00:00:00-04:00,48.05554111193117,48.102923096461,48.04606616103068,48.0631217956543,1500,0.125,0.0,0.0
2019-03-22 00:00:00-04:00,48.444087982177734,48.444087982177734,48.38249175258457,48.444087982177734,1000,0.0,0.0,0.0
2019-03-25 00:00:00-04:00,48.51041378272878,48.51041378272878,48.29245376586914,48.29245376586914,2300,0.0,0.0,0.0
2019-03-26 00:00:00-04:00,48.51040707479019,48.51040707479019,48.472503662109375,48.472503662109375,2500,0.0,0.0,0.0
2019-03-27 00:00:00-04:00,48.62413444959111,48.652562916533505,48.48198488485194,48.58622741699219,18800,0.0,0.0,0.0
2019-03-28 00:00:00-04:00,48.709425942028595,48.7757614449427,48.58622988732507,48.61465835571289,7100,0.0,0.0,0.0
2019-03-29 00:00:00-04:00,48.77576142620117,48.77576142620117,48.699947357177734,48.699947357177734,4000,0.0,0.0,0.0
2019-04-01 00:00:00-04:00,48.785228118072155,48.785228118072155,48.424171447753906,48.424171447753906,2100,0.0,0.0,0.0
2019-04-02 00:00:00-04:00,48.605188750177184,48.605188750177184,48.49146763409131,48.54169464111328,16400,0.0,0.0,0.0
2019-04-03 00:00:00-04:00,48.75680718590448,48.75680718590448,48.478194462890215,48.519893646240234,4900,0.0,0.0,0.0
2019-04-04 00:00:00-04:00,48.51988785632818,48.613704681396484,48.40048396714793,48.613704681396484,3400,0.0,0.0,0.0
2019-04-05 00:00:00-04:00,48.52936411099567,48.54357834365932,48.48198213044573,48.53410339355469,11300,0.0,0.0,0.0
2019-04-08 00:00:00-04:00,48.583372294794984,48.583372294794984,48.48197479945022,48.55778884887695,4500,0.0,0.0,0.0
2019-04-09 00:00:00-04:00,48.472503662109375,48.55779266691419,48.472503662109375,48.472503662109375,1700,0.0,0.0,0.0
2019-04-10 00:00:00-04:00,48.47725293293142,48.62414180271193,48.47725293293142,48.56254196166992,1600,0.0,0.0,0.0
2019-04-11 00:00:00-04:00,48.518952121101584,48.56254196166992,48.518952121101584,48.56254196166992,600,0.0,0.0,0.0
2019-04-12 00:00:00-04:00,48.56727298886868,48.61181357058552,48.52841882343629,48.542633056640625,3400,0.0,0.0,0.0
2019-04-15 00:00:00-04:00,49.391725367537624,49.391725367537624,48.89894485473633,48.89894485473633,1000,0.0,0.0,0.0
2019-04-16 00:00:00-04:00,48.680997237184144,48.680997237184144,48.51989775178749,48.55022048950195,2000,0.0,0.0,0.0
2019-04-17 00:00:00-04:00,48.505667593649285,48.55778884887695,48.505667593649285,48.55778884887695,700,0.0,0.0,0.0
2019-04-18 00:00:00-04:00,48.58148946102452,48.709424795786674,48.453557741276065,48.643089294433594,7100,0.0,0.0,0.0
2019-04-22 00:00:00-04:00,48.680989157820456,48.680989157820456,48.55684598149354,48.62223434448242,4700,0.0,0.0,0.0
2019-04-23 00:00:00-04:00,48.60988425475344,48.63838577270508,48.59753782479015,48.63838577270508,9500,0.125,0.0,0.0
2019-04-24 00:00:00-04:00,48.81887405252269,48.81887405252269,48.752376556396484,48.752376556396484,3600,0.0,0.0,0.0
2019-04-25 00:00:00-04:00,48.79037450725632,48.81887239781826,48.73337510229081,48.74857711791992,15900,0.0,0.0,0.0
2019-04-26 00:00:00-04:00,48.88538883923006,48.90438864824939,48.847389221191406,48.847389221191406,7000,0.0,0.0,0.0
2019-04-29 00:00:00-04:00,48.85687652464366,48.912922864450195,48.85687652464366,48.8901252746582,2800,0.0,0.0,0.0
2019-04-30 00:00:00-04:00,48.95187970315269,48.95187970315269,48.76188888647752,48.92338180541992,23000,0.0,0.0,0.0
2019-05-01 00:00:00-04:00,48.96137468565527,49.01837047328337,48.849278379786774,48.875877380371094,4500,0.0,0.0,0.0
2019-05-02 00:00:00-04:00,49.00887682106458,49.00887682106458,48.76188659667969,48.76188659667969,4100,0.0,0.0,0.0
2019-05-03 00:00:00-04:00,49.00412826489112,49.05637682662956,48.92338180541992,48.92338180541992,8500,0.0,0.0,0.0
2019-05-06 00:00:00-04:00,49.07536666824499,49.10386456019122,49.00886917114258,49.00886917114258,13900,0.0,0.0,0.0
2019-05-07 00:00:00-04:00,49.07631209805396,49.14186014323883,49.06586456298828,49.06586456298828,3800,0.0,0.0,0.0
2019-05-08 00:00:00-04:00,49.06587450727636,49.22736741293985,48.980377197265625,48.980377197265625,6900,0.0,0.0,0.0
2019-05-09 00:00:00-04:00,49.64535670629409,49.64535670629409,49.11337661743164,49.11337661743164,29300,0.0,0.0,0.0
2019-05-10 00:00:00-04:00,49.21786549664833,49.30336280001324,49.17891644326105,49.22736358642578,7100,0.0,0.0,0.0
2019-05-13 00:00:00-04:00,49.246363076574404,49.36035827238853,49.246363076574404,49.349910736083984,3200,0.0,0.0,0.0
2019-05-14 00:00:00-04:00,49.40786161433042,49.41736332897513,49.310967317545504,49.3128662109375,3600,0.0,0.0,0.0
2019-05-15 00:00:00-04:00,49.43636513819035,49.474364750624666,49.40786361694336,49.40786361694336,9400,0.0,0.0,0.0
2019-05-16 00:00:00-04:00,49.46676047816208,49.53135909263719,49.43636368818019,49.462013244628906,3600,0.0,0.0,0.0
2019-05-17 00:00:00-04:00,49.60734230859834,49.60734230859834,49.43634773667621,49.52659225463867,8000,0.0,0.0,0.0
2019-05-20 00:00:00-04:00,49.52566391990279,49.58836364746094,49.493364609318704,49.58836364746094,3100,0.0,0.0,0.0
2019-05-21 00:00:00-04:00,49.564547769458976,49.564547769458976,49.39314270019531,49.39314270019531,13200,0.125,0.0,0.0
2019-05-22 00:00:00-04:00,49.39790725708008,49.51693835890437,49.39790725708008,49.39790725708008,1000,0.0,0.0,0.0
2019-05-23 00:00:00-04:00,49.459810656932696,49.50742601191152,49.459810656932696,49.4921875,5600,0.0,0.0,0.0
2019-05-24 00:00:00-04:00,49.507412552279746,49.51693344116211,49.507412552279746,49.51693344116211,3400,0.0,0.0,0.0
2019-05-28 00:00:00-04:00,49.59311842608618,49.59311842608618,49.52645766925282,49.56454849243164,16100,0.0,0.0,0.0
2019-05-29 00:00:00-04:00,49.574073791503906,49.574073791503906,49.574073791503906,49.574073791503906,6300,0.0,0.0,0.0
2019-05-30 00:00:00-04:00,49.66929870835767,49.66929870835767,49.59502414254535,49.65025329589844,3800,0.0,0.0,0.0
2019-05-31 00:00:00-04:00,49.621677812262845,49.78165488827158,49.621677812262845,49.70833206176758,800,0.0,0.0,0.0
2019-06-03 00:00:00-04:00,49.75881393049291,49.82832623805427,49.75881393049291,49.81499481201172,1100,0.0,0.0,0.0
2019-06-04 00:00:00-04:00,49.707385908193835,49.802609331004525,49.707385908193835,49.78642272949219,8900,0.0,0.0,0.0
2019-06-05 00:00:00-04:00,49.793087518275996,49.812132928993066,49.75499669684186,49.80070495605469,3500,0.0,0.0,0.0
2019-06-06 00:00:00-04:00,49.80261003597977,49.80261003597977,49.7169075012207,49.7169075012207,1800,0.0,0.0,0.0
2019-06-07 00:00:00-04:00,49.94545685967674,49.94545685967674,49.80356979370117,49.80356979370117,3600,0.0,0.0,0.0
2019-06-10 00:00:00-04:00,49.80261279975658,49.812137322225475,49.75500108503508,49.782615661621094,4500,0.0,0.0,0.0
2019-06-11 00:00:00-04:00,49.81213057010291,49.821651458740234,49.797843788336166,49.821651458740234,2000,0.0,0.0,0.0
2019-06-12 00:00:00-04:00,49.774048725795964,49.85022674625262,49.774048725795964,49.81309127807617,2400,0.0,0.0,0.0
2019-06-13 00:00:00-04:00,49.81690496604349,49.85975805982645,49.81690496604349,49.82928466796875,4800,0.0,0.0,0.0
2019-06-14 00:00:00-04:00,49.83595174262432,49.83595174262432,49.748135989058525,49.827362060546875,1300,0.125,0.0,0.0
2019-06-17 00:00:00-04:00,49.827362060546875,49.827362060546875,49.827362060546875,49.827362060546875,100,0.0,0.0,0.0
2019-06-18 00:00:00-04:00,49.921859779553074,49.921859779553074,49.87222605463425,49.8741340637207,700,0.0,0.0,0.0
2019-06-19 00:00:00-04:00,49.8836777887779,49.8836777887779,49.798727689500716,49.82640838623047,3000,0.0,0.0,0.0
2019-06-20 00:00:00-04:00,49.940953159919275,49.95050048828125,49.940953159919275,49.95050048828125,700,0.0,0.0,0.0
2019-06-21 00:00:00-04:00,49.93139939798226,49.93139939798226,49.78058295494817,49.85026168823242,1100,0.0,0.0,0.0
2019-06-24 00:00:00-04:00,50.00777613845493,50.00777613845493,49.990596771240234,49.990596771240234,1400,0.0,0.0,0.0
2019-06-25 00:00:00-04:00,50.00776672363281,50.00776672363281,49.99822303711467,50.00776672363281,1400,0.0,0.0,0.0
2019-06-26 00:00:00-04:00,49.9839087739651,50.04595184326172,49.92186206342959,50.04595184326172,2100,0.0,0.0,0.0
2019-06-27 00:00:00-04:00,50.01731605842951,50.0554944472727,49.835953236159426,50.01349639892578,14200,0.0,0.0,0.0
2019-06-28 00:00:00-04:00,49.99631982653413,50.06504821777344,49.92377541653886,50.06504821777344,2200,0.0,0.0,0.0
2019-07-01 00:00:00-04:00,49.954312591905754,50.09367371691053,49.85504150390625,49.85504150390625,1500,0.0,0.0,0.0
2019-07-02 00:00:00-04:00,50.1318554768518,50.16049017706286,49.893223265123396,49.999176025390625,6700,0.0,0.0,0.0
2019-07-03 00:00:00-04:00,50.1700412115452,50.1700412115452,50.084133463325955,50.142356872558594,900,0.0,0.0,0.0
2019-07-05 00:00:00-04:00,49.931396338964994,50.07839311417155,49.8836669921875,49.8836669921875,4100,0.0,0.0,0.0
2019-07-08 00:00:00-04:00,49.912318746487955,50.01445185662395,49.912318746487955,49.99727249145508,1200,0.0,0.0,0.0
2019-07-09 00:00:00-04:00,50.06122397559602,50.23685913575446,50.06122397559602,50.15095138549805,2000,0.0,0.0,0.0
2019-07-10 00:00:00-04:00,50.30365979627096,50.30365979627096,50.208204748021615,50.284568786621094,28600,0.0,0.0,0.0
2019-07-11 00:00:00-04:00,50.26166863931292,50.30080467110144,50.19198989868164,50.19198989868164,4900,0.0,0.0,0.0
2019-07-12 00:00:00-04:00,50.278854107447664,50.31799014115371,50.278854107447664,50.303672790527344,3800,0.0,0.0,0.0
2019-07-15 00:00:00-04:00,50.35139850636146,50.35139850636146,50.28839779411901,50.303672790527344,1400,0.0,0.0,0.0
2019-07-16 00:00:00-04:00,50.30367217552906,50.30367217552906,50.1385383605957,50.1385383605957,600,0.0,0.0,0.0
2019-07-17 00:00:00-04:00,50.336135470260075,50.37049784569017,50.25786338991194,50.31322479248047,3700,0.0,0.0,0.0
2019-07-18 00:00:00-04:00,50.35138926030431,50.38002395629883,50.20725449348754,50.38002395629883,12000,0.0,0.0,0.0
2019-07-19 00:00:00-04:00,50.370500931015314,50.38004461984852,50.27409183172624,50.351409912109375,4900,0.0,0.0,0.0
2019-07-22 00:00:00-04:00,50.418209075927734,50.42298273929944,50.35139235367689,50.418209075927734,3200,0.0,0.0,0.0
2019-07-23 00:00:00-04:00,50.41343307495117,50.423003051011214,50.27565753859935,50.41343307495117,4200,0.125,0.0,0.0
2019-07-24 00:00:00-04:00,50.40387021572437,50.51868438720703,50.40387021572437,50.51868438720703,2000,0.0,0.0,0.0
2019-07-25 00:00:00-04:00,50.50911854509212,50.50911854509212,50.404826967146676,50.40769577026367,3800,0.0,0.0,0.0
2019-07-26 00:00:00-04:00,50.480403900146484,50.480403900146484,50.408647335343886,50.480403900146484,1700,0.0,0.0,0.0
2019-07-29 00:00:00-04:00,50.52825436392533,50.52825436392533,50.51868438720703,50.51868438720703,1400,0.0,0.0,0.0
2019-07-30 00:00:00-04:00,50.50335951158801,50.524408343333604,50.49953079223633,50.49953079223633,2100,0.0,0.0,0.0
2019-07-31 00:00:00-04:00,50.5282552127432,50.59523045138958,50.48998260498047,50.48998260498047,8700,0.0,0.0,0.0
2019-08-01 00:00:00-04:00,50.44213664835261,50.60478973388672,50.44213664835261,50.60478973388672,12500,0.0,0.0,0.0
2019-08-02 00:00:00-04:00,50.738738952312,50.74830892762494,50.653587341308594,50.653587341308594,5600,0.0,0.0,0.0
2019-08-05 00:00:00-04:00,50.87268855026867,50.91096115112305,50.748308072306095,50.91096115112305,4200,0.0,0.0,0.0
2019-08-06 00:00:00-04:00,50.771265799370525,50.858333587646484,50.771265799370525,50.858333587646484,1200,0.0,0.0,0.0
2019-08-07 00:00:00-04:00,50.99516269183127,51.08797174611,50.99516269183127,51.00664520263672,1300,0.0,0.0,0.0
2019-08-08 00:00:00-04:00,50.945420185245396,51.07363307125585,50.945420185245396,51.05449676513672,4600,0.0,0.0,0.0
2019-08-09 00:00:00-04:00,50.98942796503362,51.05449066809329,50.98942796503362,50.9970817565918,46500,0.0,0.0,0.0
2019-08-12 00:00:00-04:00,51.16930033271624,51.20757293701172,51.16930033271624,51.20757293701172,2300,0.0,0.0,0.0
2019-08-13 00:00:00-04:00,51.10233018780452,51.14060279591036,51.05257871716837,51.11189651489258,4300,0.0,0.0,0.0
2019-08-14 00:00:00-04:00,51.33195707863539,51.4276349395025,51.33195707863539,51.38936233520508,7000,0.0,0.0,0.0
2019-08-15 00:00:00-04:00,51.49460194388505,51.49460194388505,51.331948876425635,51.456329345703125,10600,0.0,0.0,0.0
2019-08-16 00:00:00-04:00,51.226709241755714,52.068684637040256,51.21713926574314,51.38936233520508,11600,0.0,0.0,0.0
2019-08-19 00:00:00-04:00,51.33195707863539,51.38936233520508,51.33195707863539,51.38936233520508,1200,0.0,0.0,0.0
2019-08-20 00:00:00-04:00,51.52331159016729,51.52331159016729,51.39031739575257,51.39127731323242,1400,0.0,0.0,0.0
2019-08-21 00:00:00-04:00,51.398941302364165,51.427711854817964,51.360586662506805,51.370174407958984,6000,0.12,0.0,0.0
2019-08-22 00:00:00-04:00,51.48525979040725,51.48525979040725,51.351009368896484,51.351009368896484,5300,0.0,0.0,0.0
2019-08-23 00:00:00-04:00,51.43059997584464,51.49484995804365,51.39320373535156,51.39320373535156,5800,0.0,0.0,0.0
2019-08-26 00:00:00-04:00,51.41429910145794,51.46607879214994,51.35100752898511,51.35292434692383,6700,0.0,0.0,0.0
2019-08-27 00:00:00-04:00,51.552379263474364,51.552379263474364,51.389361957797576,51.4468994140625,34000,0.0,0.0,0.0
2019-08-28 00:00:00-04:00,51.48524589977971,51.52360419787654,51.48045385605409,51.504425048828125,23200,0.0,0.0,0.0
2019-08-29 00:00:00-04:00,51.456488174150685,51.5140256315484,51.441146315397674,51.498680114746094,11500,0.0,0.0,0.0
2019-08-30 00:00:00-04:00,51.54278475951034,51.54278475951034,51.37017607139273,51.49483871459961,21300,0.0,0.0,0.0
2019-09-03 00:00:00-04:00,52.43460665748886,52.43460665748886,51.44690401395004,51.478546142578125,11000,0.0,0.0,0.0
2019-09-04 00:00:00-04:00,51.456486492435886,51.528407397320166,51.45169078996382,51.5005989074707,4800,0.0,0.0,0.0
2019-09-05 00:00:00-04:00,51.52361515042118,51.52361515042118,51.31456860003845,51.39895248413086,9400,0.0,0.0,0.0
2019-09-06 00:00:00-04:00,51.456488685673385,51.456488685673385,51.36730910096723,51.40854263305664,5100,0.0,0.0,0.0
2019-09-09 00:00:00-04:00,51.37976911498403,51.37976911498403,51.18318556911274,51.26469421386719,15600,0.0,0.0,0.0
2019-09-10 00:00:00-04:00,51.188926206996776,51.221530387926876,51.17645957975457,51.19755554199219,5200,0.0,0.0,0.0
2019-09-11 00:00:00-04:00,51.178396603190755,51.178396603190755,51.07675038606945,51.10264205932617,7300,0.0,0.0,0.0
2019-09-12 00:00:00-04:00,51.13044395333983,51.13044395333983,50.991397857666016,50.991397857666016,3200,0.0,0.0,0.0
2019-09-13 00:00:00-04:00,50.92907299196721,51.0537356508071,50.78043913669028,50.86002731323242,16300,0.0,0.0,0.0
2019-09-16 00:00:00-04:00,50.90029766111743,51.18797757705059,50.87344392635571,50.90988540649414,22400,0.0,0.0,0.0
2019-09-17 00:00:00-04:00,50.90988577445866,50.90988577445866,50.83316917869607,50.85234832763672,9300,0.0,0.0,0.0
2019-09-18 00:00:00-04:00,50.996198770948666,51.063323974609375,50.94825271948376,51.063323974609375,63000,0.0,0.0,0.0
2019-09-19 00:00:00-04:00,51.06331345020878,51.08728830002452,50.96742136704281,51.062355041503906,5100,0.0,0.0,0.0
2019-09-20 00:00:00-04:00,51.14962525655745,51.14962525655745,51.0345540083472,51.1074333190918,17500,0.0,0.0,0.0
2019-09-23 00:00:00-04:00,50.95783248496668,51.17838721359886,50.95783248496668,51.120853424072266,700,0.0,0.0,0.0
2019-09-24 00:00:00-04:00,51.25894099526108,51.32223255778193,51.23113250732422,51.23113250732422,6800,0.0,0.0,0.0
2019-09-25 00:00:00-04:00,51.380104757863755,51.380104757863755,51.2263298034668,51.2263298034668,500,0.12,0.0,0.0
2019-09-26 00:00:00-04:00,51.255168925088704,51.29360991682266,51.2013442040924,51.221527099609375,7500,0.0,0.0,0.0
2019-09-27 00:00:00-04:00,51.322437814594934,51.322437814594934,51.168662871064775,51.202301025390625,4500,0.0,0.0,0.0
2019-09-30 00:00:00-04:00,51.32244551188953,51.32244551188953,51.178279876708984,51.178279876708984,1100,0.0,0.0,0.0
2019-10-01 00:00:00-04:00,51.264775059772795,51.35127370177814,51.02065552949155,51.2657356262207,6400,0.0,0.0,0.0
2019-10-02 00:00:00-04:00,51.37050210705271,51.37050210705271,51.278236389160156,51.278236389160156,1100,0.0,0.0,0.0
2019-10-03 00:00:00-04:00,51.38971222418218,51.52426483651331,51.36952933233251,51.45122146606445,5500,0.0,0.0,0.0
2019-10-04 00:00:00-04:00,51.4781366308454,51.581932798453906,51.43777084350586,51.43777084350586,32300,0.0,0.0,0.0
2019-10-07 00:00:00-04:00,51.60114734200613,51.60114734200613,51.332042133668644,51.4762077331543,9300,0.0,0.0,0.0
2019-10-08 00:00:00-04:00,51.56271511767229,51.60115610661875,51.533879793107296,51.56944274902344,6500,0.0,0.0,0.0
2019-10-09 00:00:00-04:00,51.52042663146149,51.59731594505828,51.52042663146149,51.58193588256836,9800,0.0,0.0,0.0
2019-10-10 00:00:00-04:00,51.66843452722261,51.66843452722261,51.360884605403996,51.58193588256836,78700,0.0,0.0,0.0
2019-10-11 00:00:00-04:00,51.48583069093656,51.51466235195229,51.19750308192592,51.32436752319336,47600,0.0,0.0,0.0
2019-10-14 00:00:00-04:00,51.3704984298585,51.46179990836939,51.3704984298585,51.42335891723633,5400,0.0,0.0,0.0
2019-10-15 00:00:00-04:00,51.45698990229553,51.45698990229553,51.21671632635984,51.32243728637695,30300,0.0,0.0,0.0
2019-10-16 00:00:00-04:00,51.303214985907246,51.37049129390005,51.21671635187595,51.293601989746094,10400,0.0,0.0,0.0
2019-10-17 00:00:00-04:00,51.23018496897893,51.24556136730476,51.22345733642578,51.22345733642578,2600,0.0,0.0,0.0
2019-10-18 00:00:00-04:00,51.17827581764602,51.29360611687271,51.17827581764602,51.2263298034668,11700,0.0,0.0,0.0
2019-10-21 00:00:00-04:00,51.197490650556695,51.197490650556695,51.139823676243026,51.1878776550293,3500,0.0,0.0,0.0
2019-10-22 00:00:00-04:00,51.25530543256559,51.25530543256559,51.1358825486265,51.17825698852539,13200,0.11,0.0,0.0
2019-10-23 00:00:00-04:00,51.264932536583494,51.264932536583494,51.14936354916215,51.158992767333984,4300,0.0,0.0,0.0
2019-10-24 00:00:00-04:00,51.16863118091437,51.16863118091437,51.13973617553711,51.13973617553711,4900,0.0,0.0,0.0
2019-10-25 00:00:00-04:00,51.16862440844666,51.16862440844666,51.13972940689383,51.15995407104492,2600,0.0,0.0,0.0
2019-10-28 00:00:00-04:00,51.13973157921815,51.14936447143555,51.014533371367534,51.14936447143555,14800,0.0,0.0,0.0
2019-10-29 00:00:00-04:00,51.149361169516936,51.149361169516936,51.081945623834905,51.1012077331543,11800,0.0,0.0,0.0
2019-10-30 00:00:00-04:00,51.15899835313196,51.168631246227434,51.10988235473633,51.10988235473633,7400,0.0,0.0,0.0
2019-10-31 00:00:00-04:00,51.24086176492864,51.35161431521306,51.216783206759594,51.28419876098633,9000,0.0,0.0,0.0
2019-11-01 00:00:00-04:00,51.35161090275983,51.35161090275983,51.255304024227826,51.32271957397461,8100,0.0,0.0,0.0
2019-11-04 00:00:00-05:00,51.236032965314344,51.30344850328693,51.16861742734175,51.29381561279297,15500,0.0,0.0,0.0
2019-11-05 00:00:00-05:00,51.25530464969055,51.25530464969055,51.1012114378358,51.187889099121094,10600,0.0,0.0,0.0
2019-11-06 00:00:00-05:00,51.27456532080199,51.27456532080199,51.18307121593857,51.245670318603516,10600,0.0,0.0,0.0
2019-11-07 00:00:00-05:00,51.15899431676595,51.15899431676595,50.98467643898851,51.01453399658203,5200,0.0,0.0,0.0
2019-11-08 00:00:00-05:00,51.110835945576824,51.110835945576824,51.04823684692383,51.04823684692383,600,0.0,0.0,0.0
2019-11-11 00:00:00-05:00,51.07231903076172,51.07231903076172,51.07231903076172,51.07231903076172,3900,0.0,0.0,0.0
2019-11-12 00:00:00-05:00,51.12047043755306,51.12047043755306,51.11083754584538,51.11565399169922,1600,0.0,0.0,0.0
2019-11-13 00:00:00-05:00,51.20714606436432,51.20714606436432,51.04438619322006,51.12624740600586,4400,0.0,0.0,0.0
2019-11-14 00:00:00-05:00,51.23604313334177,51.23604313334177,51.202335357666016,51.202335357666016,1600,0.0,0.0,0.0
2019-11-15 00:00:00-05:00,51.16862839984242,51.22641105971185,51.043426513671875,51.043426513671875,3500,0.0,0.0,0.0
2019-11-18 00:00:00-05:00,51.274573407675014,51.274573407675014,51.13203450467336,51.134925842285156,2200,0.0,0.0,0.0
2019-11-19 00:00:00-05:00,51.197518317543036,51.27456676040639,51.139731985395514,51.187889099121094,7800,0.0,0.0,0.0
2019-11-20 00:00:00-05:00,51.26493875707214,51.37087853917638,51.25819720137227,51.303462982177734,6800,0.0,0.0,0.0
2019-11-21 00:00:00-05:00,51.175111605367164,51.29380219887812,51.15387886203151,51.226253509521484,2700,0.105,0.0,0.0
2019-11-22 00:00:00-05:00,51.317923634636024,51.35652393393215,51.308271719248424,51.327571868896484,6300,0.0,0.0,0.0
2019-11-25 00:00:00-05:00,51.24073605914898,51.38548537773468,51.24073605914898,51.308284759521484,10700,0.0,0.0,0.0
2019-11-26 00:00:00-05:00,51.375841203271904,51.40478959682674,51.221443635765496,51.351715087890625,8200,0.0,0.0,0.0
2019-11-27 00:00:00-05:00,51.30827419049559,51.407668309463176,51.30827419049559,51.39030075073242,700,0.0,0.0,0.0
2019-11-29 00:00:00-05:00,51.491628954635544,51.491628954635544,51.419254302978516,51.419254302978516,3100,0.0,0.0,0.0
2019-12-02 00:00:00-05:00,51.60743089550755,51.60743089550755,51.29863578932618,51.317935943603516,11500,0.0,0.0,0.0
2019-12-03 00:00:00-05:00,51.53988033105906,51.573654679540226,51.42118604305615,51.47715759277344,14100,0.0,0.0,0.0
2019-12-04 00:00:00-05:00,51.44337758270741,51.46267773416228,51.44337758270741,51.453025817871094,3100,0.0,0.0,0.0
2019-12-05 00:00:00-05:00,51.48197555541992,51.48197555541992,51.4327625606515,51.48197555541992,2500,0.0,0.0,0.0
2019-12-06 00:00:00-05:00,51.50127423668545,51.50127423668545,51.409603118896484,51.409603118896484,5800,0.0,0.0,0.0
2019-12-09 00:00:00-05:00,51.38548180355104,51.549527584151534,51.38548180355104,51.443382263183594,12000,0.0,0.0,0.0
2019-12-10 00:00:00-05:00,51.51093107400766,51.56882785264181,51.44338237818259,51.4868049621582,8400,0.0,0.0,0.0
2019-12-11 00:00:00-05:00,51.584268331504745,51.65085256944521,51.554351806640625,51.554351806640625,2800,0.0,0.0,0.0
2019-12-12 00:00:00-05:00,51.472332114595,51.54952904850348,51.472332114595,51.51575469970703,1800,0.0,0.0,0.0
2019-12-13 00:00:00-05:00,51.48191794564559,51.61726887691923,51.48191794564559,51.57376480102539,6900,0.1,0.0,0.0
2019-12-16 00:00:00-05:00,51.61726440259401,51.61726440259401,51.49157982529048,51.53508758544922,3200,0.0,0.0,0.0
2019-12-17 00:00:00-05:00,51.60760612511203,51.636608844392825,51.481921528167675,51.5640983581543,6900,0.0,0.0,0.0
2019-12-18 00:00:00-05:00,51.65593545105554,51.65593545105554,51.491578134128076,51.54958724975586,9700,0.0,0.0,0.0
2019-12-19 00:00:00-05:00,51.49157959814487,51.54958871542197,51.49157959814487,51.52541732788086,4500,0.0,0.0,0.0
2019-12-20 00:00:00-05:00,51.530252570312484,51.54958894282348,51.501249855563955,51.53508758544922,4100,0.0,0.0,0.0
2019-12-23 00:00:00-05:00,51.59792972569223,51.59792972569223,51.46064627079946,51.52058792114258,2200,0.0,0.0,0.0
2019-12-24 00:00:00-05:00,51.62694027841288,51.62694027841288,51.5399284362793,51.5399284362793,4200,0.0,0.0,0.0
2019-12-26 00:00:00-05:00,51.58342922313947,51.61726695469777,51.5553927724249,51.57859420776367,24000,0.0,0.0,0.0
2019-12-27 00:00:00-05:00,51.68494297243347,51.68494297243347,51.57859476124159,51.607601165771484,15100,0.0,0.0,0.0
2019-12-30 00:00:00-05:00,51.771957036789516,51.771957036789516,51.5785969797634,51.631771087646484,7700,0.0,0.0,0.0
2019-12-31 00:00:00-05:00,51.68494519552958,51.68494519552958,51.61726972877589,51.631771087646484,8900,0.0,0.0,0.0
2020-01-02 00:00:00-05:00,51.63659945852983,51.7429476606108,51.626933116538765,51.68977355957031,7100,0.0,0.0,0.0
2020-01-03 00:00:00-05:00,51.73714463954814,51.88796317296404,51.73714463954814,51.81545639038086,20600,0.0,0.0,0.0
2020-01-06 00:00:00-05:00,51.84059714545922,51.90730634460377,51.81449691313138,51.887969970703125,4700,0.0,0.0,0.0
2020-01-07 00:00:00-05:00,51.97498023959948,51.97498023959948,51.90247344970703,51.90247344970703,7300,0.0,0.0,0.0
2020-01-08 00:00:00-05:00,51.9653106083166,52.00108086826888,51.89473266577542,51.941139221191406,2900,0.0,0.0,0.0
2020-01-09 00:00:00-05:00,52.023320281014676,52.05232299544641,51.88796567491612,51.97014617919922,10000,0.0,0.0,0.0
2020-01-10 00:00:00-05:00,51.916974523212296,52.076496836173824,51.916974523212296,52.00398635864258,9300,0.0,0.0,0.0
2020-01-13 00:00:00-05:00,52.09100041814469,52.09100041814469,52.02622374952482,52.02815628051758,2600,0.0,0.0,0.0
2020-01-14 00:00:00-05:00,52.07166332950424,52.15867516745546,52.07166332950424,52.10066604614258,4300,0.0,0.0,0.0
2020-01-15 00:00:00-05:00,52.20701905701109,52.2311904484558,52.104539585837124,52.1586799621582,11600,0.0,0.0,0.0
2020-01-16 00:00:00-05:00,52.24568279908979,52.25534914117894,52.166404779422415,52.192508697509766,4700,0.0,0.0,0.0
2020-01-17 00:00:00-05:00,52.12966668451339,52.25535126499583,51.96531304606685,52.20701217651367,9300,0.0,0.0,0.0
2020-01-21 00:00:00-05:00,52.303694105857474,52.36170322901939,52.17607698533031,52.275657653808594,27700,0.0,0.0,0.0
2020-01-22 00:00:00-05:00,52.240791946035856,52.287280185081805,52.22045357236122,52.260162353515625,1900,0.095,0.0,0.0
2020-01-23 00:00:00-05:00,52.376385534959255,52.42480970707592,52.231109324081714,52.31343078613281,6200,0.0,0.0,0.0
2020-01-24 00:00:00-05:00,52.41802397576268,52.44417383837215,52.366692216636366,52.38606262207031,10200,0.0,0.0,0.0
2020-01-27 00:00:00-05:00,52.5700724538326,52.57975950317221,52.38605915617517,52.48775100708008,11400,0.0,0.0,0.0
2020-01-28 00:00:00-05:00,52.56039343319988,52.56039343319988,52.39574683159109,52.473228454589844,11900,0.0,0.0,0.0
2020-01-29 00:00:00-05:00,52.623348013690816,52.623348013690816,52.49647424895572,52.5555534362793,8400,0.0,0.0,0.0
2020-01-30 00:00:00-05:00,52.69888921622856,52.69888921622856,52.5410257582281,52.618507385253906,11800,0.0,0.0,0.0
2020-01-31 00:00:00-05:00,52.71535173216172,52.73472213745117,52.666927566201615,52.73472213745117,11200,0.0,0.0,0.0
2020-02-03 00:00:00-05:00,52.603978564572536,52.69598707610397,52.603978564572536,52.67661666870117,5200,0.0,0.0,0.0
2020-02-04 00:00:00-05:00,52.59913407159091,52.628187832856256,52.53036783832133,52.589447021484375,7200,0.0,0.0,0.0
2020-02-05 00:00:00-05:00,52.53424431071069,52.56039417411504,52.519717429825434,52.52649688720703,1700,0.0,0.0,0.0
2020-02-06 00:00:00-05:00,52.5352168273574,52.58945249110803,52.49260414713263,52.579769134521484,6300,0.0,0.0,0.0
2020-02-07 00:00:00-05:00,52.65725037448703,52.710518075373734,52.59429931640625,52.59429931640625,1600,0.0,0.0,0.0
2020-02-10 00:00:00-05:00,52.666934121910344,52.666934121910344,52.50228750371917,52.579769134521484,3000,0.0,0.0,0.0
2020-02-11 00:00:00-05:00,52.647560633734976,52.66693104030217,52.589449414033396,52.633033752441406,20200,0.0,0.0,0.0
2020-02-12 00:00:00-05:00,52.59913976213602,52.69598810651633,52.59913976213602,52.64756393432617,37900,0.0,0.0,0.0
2020-02-13 00:00:00-05:00,52.715361817315994,52.734732226311266,52.589456006110616,52.66209411621094,15000,0.0,0.0,0.0
2020-02-14 00:00:00-05:00,52.73473233418307,52.744415691436636,52.68049666669647,52.69599151611328,4500,0.0,0.0,0.0
2020-02-18 00:00:00-05:00,52.802515681651535,52.831569441757075,52.59913197185883,52.76377487182617,9600,0.0,0.0,0.0
2020-02-19 00:00:00-05:00,52.821899307609925,52.821899307609925,52.72504725880495,52.788002014160156,3800,0.0,0.0,0.0
2020-02-20 00:00:00-05:00,52.87999725341797,52.92842511630278,52.79283227256343,52.87999725341797,16900,0.0,0.0,0.0
2020-02-21 00:00:00-05:00,53.001270836183316,53.04977940387938,52.952762268487255,53.01097106933594,22100,0.095,0.0,0.0
2020-02-24 00:00:00-05:00,53.2147170943256,53.311737944941754,53.2147170943256,53.26322937011719,5500,0.0,0.0,0.0
2020-02-25 00:00:00-05:00,53.29232406616211,53.36993703154868,53.26030700624322,53.29232406616211,27300,0.0,0.0,0.0
2020-02-26 00:00:00-05:00,53.2729269717841,53.39905222086809,53.2729269717841,53.3456916809082,5200,0.0,0.0,0.0
2020-02-27 00:00:00-05:00,53.37964128828766,53.37964128828766,53.31172855530114,53.36023712158203,24800,0.0,0.0,0.0
2020-02-28 00:00:00-05:00,53.67069583645507,53.67069583645507,53.2632194427153,53.413597106933594,21000,0.0,0.0,0.0
2020-03-02 00:00:00-05:00,53.40875452035521,53.56398417870505,53.31755899282026,53.3796501159668,3900,0.0,0.0,0.0
2020-03-03 00:00:00-05:00,53.402926464497874,53.418452019138996,53.28941411970696,53.3990478515625,6300,0.0,0.0,0.0
2020-03-04 00:00:00-05:00,53.23605391823959,53.399044474414204,53.23605391823959,53.28261947631836,14000,0.0,0.0,0.0
2020-03-05 00:00:00-05:00,53.44755370311182,53.44755370311182,53.22926330566406,53.22926330566406,3700,0.0,0.0,0.0
2020-03-06 00:00:00-05:00,53.38934621853441,53.40875038694729,53.29426838398801,53.31173324584961,7700,0.0,0.0,0.0
2020-03-09 00:00:00-04:00,53.622193956514494,53.79682777588172,53.04978392658121,53.33598709106445,19700,0.0,0.0,0.0
2020-03-10 00:00:00-04:00,53.049784512227696,53.049784512227696,52.370653396187485,52.53073501586914,16200,0.0,0.0,0.0
2020-03-11 00:00:00-04:00,52.50646774456539,52.52684156269708,51.59449419417138,51.725467681884766,68600,0.0,0.0,0.0
2020-03-12 00:00:00-04:00,50.158624562969834,50.52729633526858,48.373481903637,49.188438415527344,81800,0.0,0.0,0.0
2020-03-13 00:00:00-04:00,49.392178947985116,50.32355680522912,49.23694930511111,49.789955139160156,20000,0.0,0.0,0.0
2020-03-16 00:00:00-04:00,49.87338611163306,50.4050484326149,48.499605907415656,50.105262756347656,34600,0.0,0.0,0.0
2020-03-17 00:00:00-04:00,50.110118831440545,50.110118831440545,48.50931011718672,49.54740905761719,9200,0.0,0.0,0.0
2020-03-18 00:00:00-04:00,46.40401278181127,49.40188491373598,46.40401278181127,48.882835388183594,12700,0.0,0.0,0.0
2020-03-19 00:00:00-04:00,48.08243639000522,48.470508705806324,46.53983995985042,47.21896743774414,16300,0.0,0.0,0.0
2020-03-20 00:00:00-04:00,46.1226581493251,46.59319910268366,43.96884335290738,45.501739501953125,71100,0.0,0.0,0.0
2020-03-23 00:00:00-04:00,45.50173227712526,46.56893557022294,45.12820853386453,45.82189178466797,15100,0.0,0.0,0.0
2020-03-24 00:00:00-04:00,46.40400933805567,46.811485779778295,46.112950507148916,46.50587844848633,32100,0.0,0.0,0.0
2020-03-25 00:00:00-04:00,47.18986228597232,48.429760291682946,47.18986228597232,48.397743225097656,15100,0.0,0.0,0.0
2020-03-26 00:00:00-04:00,48.864318466536545,50.22516854389191,48.864318466536545,50.05020523071289,11100,0.095,0.0,0.0
2020-03-27 00:00:00-04:00,49.57390383355458,50.28349063954208,49.57390383355458,49.748870849609375,13000,0.0,0.0,0.0
2020-03-30 00:00:00-04:00,50.50706342695977,50.50706342695977,49.65167316758592,50.00257873535156,185200,0.0,0.0,0.0
2020-03-31 00:00:00-04:00,49.96271597129832,49.96271597129832,49.66138308988482,49.680824279785156,6500,0.0,0.0,0.0
2020-04-01 00:00:00-04:00,49.087884089318166,49.10732528045552,47.30905403454485,47.84367752075195,6500,0.0,0.0,0.0
2020-04-02 00:00:00-04:00,47.75327590266241,48.08668695476815,47.75327590266241,48.038082122802734,8000,0.0,0.0,0.0
2020-04-03 00:00:00-04:00,47.94380079589383,48.08766116910647,47.77563800532841,48.02836608886719,900,0.0,0.0,0.0
2020-04-06 00:00:00-04:00,48.26166046385901,48.42010081666742,47.98171172280892,48.349143981933594,3800,0.0,0.0,0.0
2020-04-07 00:00:00-04:00,49.13648362195032,49.13648362195032,48.45897500428109,48.601863861083984,3900,0.0,0.0,0.0
2020-04-08 00:00:00-04:00,48.776828512440694,48.776828512440694,48.47938535728667,48.69420623779297,2000,0.0,0.0,0.0
2020-04-09 00:00:00-04:00,48.942073135209704,49.76830700701063,48.82056848124143,49.1121826171875,8600,0.0,0.0,0.0
2020-04-13 00:00:00-04:00,49.81690719441489,49.81690719441489,49.27936925076779,49.39406967163086,5500,0.0,0.0,0.0
2020-04-14 00:00:00-04:00,49.67110543313989,49.68082788280908,49.28617874446378,49.486419677734375,2900,0.0,0.0,0.0
2020-04-15 00:00:00-04:00,49.81691195305944,49.86551307677389,49.574874129809515,49.636112213134766,16500,0.0,0.0,0.0
2020-04-16 00:00:00-04:00,49.661386303306124,49.71970987678106,49.32408923816694,49.51557922363281,3800,0.0,0.0,0.0
2020-04-17 00:00:00-04:00,49.535021628766195,49.711931652205955,49.4698975302193,49.52530288696289,16600,0.0,0.0,0.0
2020-04-20 00:00:00-04:00,49.17536701860574,49.55446097126731,49.17536701860574,49.46211624145508,2100,0.0,0.0,0.0
2020-04-21 00:00:00-04:00,49.36960744613309,49.36960744613309,49.08232183836446,49.26735305786133,11100,0.095,0.0,0.0
2020-04-22 00:00:00-04:00,49.10860918053824,49.10860918053824,48.88754653930664,48.88754653930664,2000,0.0,0.0,0.0
2020-04-23 00:00:00-04:00,48.86806800696481,49.22839349233521,48.68303680419922,48.68303680419922,6400,0.0,0.0,0.0
2020-04-24 00:00:00-04:00,48.38113578973702,48.73951460088295,48.1181943901776,48.57103729248047,6200,0.0,0.0,0.0
2020-04-27 00:00:00-04:00,48.21558857148885,48.6255831712392,48.21558857148885,48.6197395324707,4200,0.0,0.0,0.0
2020-04-28 00:00:00-04:00,48.69277340797615,48.71225096313499,48.42983198577742,48.46391677856445,5200,0.0,0.0,0.0
2020-04-29 00:00:00-04:00,48.42983674309785,48.42983674309785,48.04029674654734,48.12307357788086,8200,0.0,0.0,0.0
2020-04-30 00:00:00-04:00,47.91369013524181,48.56617152061216,47.91369013524181,48.283756256103516,19000,0.0,0.0,0.0
2020-05-01 00:00:00-04:00,48.635316608199204,48.69082559583672,48.18636695975811,48.31296920776367,10200,0.0,0.0,0.0
2020-05-04 00:00:00-04:00,48.62460086873175,48.62460086873175,48.52234649658203,48.52234649658203,500,0.0,0.0,0.0
2020-05-05 00:00:00-04:00,48.53695373332291,48.55643128729861,48.48826170586546,48.52234649658203,13600,0.0,0.0,0.0
2020-05-06 00:00:00-04:00,48.5077424168496,48.8096352357119,48.5077424168496,48.6099967956543,6900,0.0,0.0,0.0
2020-05-07 00:00:00-04:00,49.18944300569743,49.18944300569743,48.656746864170344,48.74147033691406,3600,0.0,0.0,0.0
2020-05-08 00:00:00-04:00,48.81255712613512,49.30630180284771,48.79015589519486,48.819374084472656,3100,0.0,0.0,0.0
2020-05-11 00:00:00-04:00,48.85345552841103,48.85345552841103,48.74146052627536,48.78528594970703,2900,0.0,0.0,0.0
2020-05-12 00:00:00-04:00,48.77067854885376,48.91188430786133,48.751200995723615,48.91188430786133,6400,0.0,0.0,0.0
2020-05-13 00:00:00-04:00,49.066727858223956,49.184566497802734,49.04335702336929,49.184566497802734,4000,0.0,0.0,0.0
2020-05-14 00:00:00-04:00,48.87780422654035,49.55950379190308,48.87780422654035,49.16996383666992,12700,0.0,0.0,0.0
2020-05-15 00:00:00-04:00,49.15438025163461,49.35499572753906,48.965452051890225,49.35499572753906,10700,0.0,0.0,0.0
2020-05-18 00:00:00-04:00,49.179697591397186,49.179697591397186,49.033617795734365,49.082313537597656,3700,0.0,0.0,0.0
2020-05-19 00:00:00-04:00,49.267348586266266,49.49133489952701,49.267348586266266,49.35499572753906,8000,0.0,0.0,0.0
2020-05-20 00:00:00-04:00,49.36473267879914,49.6276741027832,49.3549957586355,49.6276741027832,8200,0.0,0.0,0.0
2020-05-21 00:00:00-04:00,49.652069302172144,49.68133834297571,49.6081657409668,49.6081657409668,2400,0.095,0.0,0.0
2020-05-22 00:00:00-04:00,49.55450444899116,50.02282772173188,49.55450444899116,49.76427459716797,4300,0.0,0.0,0.0
2020-05-26 00:00:00-04:00,49.68132493288509,50.03061793897613,49.68132493288509,49.79840850830078,9500,0.0,0.0,0.0
2020-05-27 00:00:00-04:00,49.749627819688996,49.93012516004262,49.749627819688996,49.85694885253906,6800,0.0,0.0,0.0
2020-05-28 00:00:00-04:00,50.071606535270476,50.071606535270476,49.700849246127945,49.852081298828125,4100,0.0,0.0,0.0
2020-05-29 00:00:00-04:00,50.21795998870315,50.21795998870315,49.84720269354693,49.96916198730469,6800,0.0,0.0,0.0
2020-06-01 00:00:00-04:00,50.22771134472481,50.22771134472481,49.91940014896148,50.17892837524414,2200,0.0,0.0,0.0
2020-06-02 00:00:00-04:00,50.22771104081422,50.22771104081422,49.93305922716439,50.13990020751953,3500,0.0,0.0,0.0
2020-06-03 00:00:00-04:00,50.2764966985784,50.2764966985784,49.97696545542174,50.110633850097656,6000,0.0,0.0,0.0
2020-06-04 00:00:00-04:00,50.05208864423371,50.4033319722897,50.05208864423371,50.23258972167969,5700,0.0,0.0,0.0
2020-06-05 00:00:00-04:00,50.47163662586781,50.4813954542029,50.208204089357935,50.315528869628906,10000,0.0,0.0,0.0
2020-06-08 00:00:00-04:00,50.477484648298706,50.569199757651496,50.46187499126496,50.47163009643555,3100,0.0,0.0,0.0
2020-06-09 00:00:00-04:00,50.68628385281549,50.68628385281549,50.4813931300418,50.59359359741211,43900,0.0,0.0,0.0
2020-06-10 00:00:00-04:00,50.82287755141867,50.82287755141867,50.530175987855905,50.63750076293945,6500,0.0,0.0,0.0
2020-06-11 00:00:00-04:00,50.73506793336765,50.79360973625256,50.66677102428647,50.74970245361328,1600,0.0,0.0,0.0
2020-06-12 00:00:00-04:00,50.666760213634255,50.88140972317722,50.59846331912542,50.70090866088867,27300,0.0,0.0,0.0
2020-06-15 00:00:00-04:00,50.657012196187786,50.832633882940094,50.657012196187786,50.74970245361328,4200,0.0,0.0,0.0
2020-06-16 00:00:00-04:00,50.559436902650255,50.84238331478194,50.559436902650255,50.64236831665039,13100,0.0,0.0,0.0
2020-06-17 00:00:00-04:00,50.69603717786885,50.92044182662856,50.61798516703609,50.73994445800781,9200,0.0,0.0,0.0
2020-06-18 00:00:00-04:00,50.73994445800781,50.73994445800781,50.73994445800781,50.73994445800781,100,0.0,0.0,0.0
2020-06-19 00:00:00-04:00,50.891167415213445,50.89702196674072,50.742864516195155,50.79847717285156,12000,0.0,0.0,0.0
2020-06-22 00:00:00-04:00,50.88823848767847,50.89116390228927,50.784814287672134,50.837501525878906,23100,0.0,0.0,0.0
2020-06-23 00:00:00-04:00,50.774095891082716,50.90093088136904,50.774095891082716,50.83263397216797,4400,0.0,0.0,0.0
2020-06-24 00:00:00-04:00,51.02776162022035,51.02776162022035,50.91068175444174,50.92043685913086,4400,0.0,0.0,0.0
2020-06-25 00:00:00-04:00,50.84713340270791,51.06217437386155,50.84713340270791,50.93510437011719,13600,0.095,0.0,0.0
2020-06-26 00:00:00-04:00,51.013298554103415,51.0719471084221,50.91457777565967,50.979087829589844,6100,0.0,0.0,0.0
2020-06-29 00:00:00-04:00,50.98397351917932,51.34563026382123,50.80900851051295,50.86668014526367,12400,0.0,0.0,0.0
2020-06-30 00:00:00-04:00,51.111047758326535,51.111047758326535,50.89111846920478,51.0181884765625,4200,0.0,0.0,0.0
2020-07-01 00:00:00-04:00,50.96442164198609,50.97419826442832,50.92532260959513,50.94976043701172,6600,0.0,0.0,0.0
2020-07-02 00:00:00-04:00,50.98886393380097,51.16969044923604,50.97420272754292,51.01329803466797,4600,0.0,0.0,0.0
2020-07-06 00:00:00-04:00,50.96931670522117,51.052399363541404,50.946836436528386,50.974205017089844,7200,0.0,0.0,0.0
2020-07-07 00:00:00-04:00,50.99961836226947,51.03285217285156,50.9331544697949,51.03285217285156,1400,0.0,0.0,0.0
2020-07-08 00:00:00-04:00,51.11104591094265,51.11104591094265,51.0230749442115,51.06705856323242,2700,0.0,0.0,0.0
2020-07-09 00:00:00-04:00,51.24788821436233,51.24788821436233,51.14525604248047,51.14525604248047,3200,0.0,0.0,0.0
2020-07-10 00:00:00-04:00,51.26744433070151,51.277217226509855,51.14037431305455,51.21368408203125,10500,0.0,0.0,0.0
2020-07-13 00:00:00-04:00,51.15991166444161,51.335853576660156,51.15991166444161,51.335853576660156,16500,0.0,0.0,0.0
2020-07-14 00:00:00-04:00,51.37495561827673,51.3945051350786,51.21856321255078,51.316307067871094,2000,0.0,0.0,0.0
2020-07-15 00:00:00-04:00,51.414054510949306,51.443380652543084,51.365182579878784,51.40428161621094,3200,0.0,0.0,0.0
2020-07-16 00:00:00-04:00,51.4629302226453,51.58901958121314,51.4629302226453,51.54601287841797,3500,0.0,0.0,0.0
2020-07-17 00:00:00-04:00,51.48247352468124,51.638869662611135,51.3945062901294,51.531349182128906,7200,0.0,0.0,0.0
2020-07-20 00:00:00-04:00,51.57434971293287,51.68382401343591,51.51179350245809,51.61442565917969,11600,0.0,0.0,0.0
2020-07-21 00:00:00-04:00,51.78089989623786,51.78089989623786,51.604640864556046,51.62422561645508,4900,0.095,0.0,0.0
2020-07-22 00:00:00-04:00,51.70255623261292,51.7808952331543,51.70255623261292,51.7808952331543,1500,0.0,0.0,0.0
2020-07-23 00:00:00-04:00,51.780902588949715,51.87882261812744,51.77894149887119,51.820068359375,7500,0.0,0.0,0.0
2020-07-24 00:00:00-04:00,51.90820082986311,51.91799507458332,51.80734476295023,51.81517791748047,8500,0.0,0.0,0.0
2020-07-27 00:00:00-04:00,51.966955569150464,51.966955569150464,51.89841079711914,51.89841079711914,2000,0.0,0.0,0.0
2020-07-28 00:00:00-04:00,52.143210109239156,52.143210109239156,51.73194151264176,51.85434341430664,5100,0.0,0.0,0.0
2020-07-29 00:00:00-04:00,51.85434200069795,51.92778015136719,51.810275374886906,51.92778015136719,1300,0.0,0.0,0.0
2020-07-30 00:00:00-04:00,52.015914047250696,52.10404357088367,51.920930046617485,52.01102066040039,13400,0.0,0.0,0.0
2020-07-31 00:00:00-04:00,51.99044751553993,52.11382807849179,51.986529071381995,52.04038619995117,3100,0.0,0.0,0.0
2020-08-03 00:00:00-04:00,52.123622502405745,52.14320725384881,51.908193971941465,52.02080535888672,4700,0.0,0.0,0.0
2020-08-04 00:00:00-04:00,52.104034423828125,52.149079722811706,52.01590491566661,52.104034423828125,3100,0.0,0.0,0.0
2020-08-05 00:00:00-04:00,52.15298843383789,52.15298843383789,52.15298843383789,52.15298843383789,400,0.0,0.0,0.0
2020-08-06 00:00:00-04:00,52.241127014160156,52.27442071790577,52.215670199280055,52.241127014160156,1400,0.0,0.0,0.0
2020-08-07 00:00:00-04:00,52.255812103000494,52.378213982648724,52.162785479136986,52.34883499145508,6700,0.0,0.0,0.0
2020-08-10 00:00:00-04:00,52.16279221424089,52.34394836425781,52.16279221424089,52.34394836425781,2800,0.0,0.0,0.0
2020-08-11 00:00:00-04:00,52.21174652489379,52.35373315636568,52.1823712685234,52.33414840698242,7900,0.0,0.0,0.0
2020-08-12 00:00:00-04:00,52.43697060046156,52.43697060046156,52.280296325683594,52.280296325683594,6900,0.0,0.0,0.0
2020-08-13 00:00:00-04:00,52.294988915269016,52.337098188975915,52.16279650089721,52.246028900146484,3900,0.0,0.0,0.0
2020-08-14 00:00:00-04:00,52.329251834155144,52.329251834155144,52.19608076652604,52.236228942871094,9100,0.0,0.0,0.0
2020-08-17 00:00:00-04:00,52.187273965815756,52.26071585525458,52.13439924199668,52.20196533203125,1400,0.0,0.0,0.0
2020-08-18 00:00:00-04:00,52.055073851273185,52.229375511308604,52.055073851273185,52.22154235839844,14200,0.0,0.0,0.0
2020-08-19 00:00:00-04:00,52.04528199625861,52.221541006105014,52.04528199625861,52.113826751708984,3900,0.0,0.0,0.0
2020-08-20 00:00:00-04:00,52.182386134068196,52.182386134068196,52.05018997192383,52.05018997192383,3400,0.0,0.0,0.0
2020-08-21 00:00:00-04:00,52.12866482384367,52.12866482384367,51.853994844831675,51.97661590576172,12700,0.095,0.0,0.0
2020-08-24 00:00:00-04:00,52.138471304647155,52.158087379356004,52.00113258700323,52.01094436645508,6000,0.0,0.0,0.0
2020-08-25 00:00:00-04:00,51.95208275969167,51.9824947842132,51.95208275969167,51.971702575683594,400,0.0,0.0,0.0
2020-08-26 00:00:00-04:00,51.952081050213124,51.952081050213124,51.92265319824219,51.92265319824219,1500,0.0,0.0,0.0
2020-08-27 00:00:00-04:00,51.853989025441784,51.89616994718513,51.767662580827064,51.84417724609375,3800,0.0,0.0,0.0
2020-08-28 00:00:00-04:00,51.79513002588537,51.83436965942383,51.770608061496894,51.83436965942383,2700,0.0,0.0,0.0
2020-08-31 00:00:00-04:00,51.79512997673602,51.88341728106507,51.7460823059082,51.7460823059082,3300,0.0,0.0,0.0
2020-09-01 00:00:00-04:00,51.75589103125879,51.82652312091944,51.75589103125879,51.81965637207031,31300,0.0,0.0,0.0
2020-09-02 00:00:00-04:00,51.776491466760184,51.961897428460716,51.776491466760184,51.81475067138672,7500,0.0,0.0,0.0
2020-09-03 00:00:00-04:00,51.77551039795243,51.85398966531558,51.77551039795243,51.829463958740234,14000,0.0,0.0,0.0
2020-09-04 00:00:00-04:00,51.844178525962526,51.844178525962526,51.75589122013762,51.81475067138672,8300,0.0,0.0,0.0
2020-09-08 00:00:00-04:00,51.775511912133865,51.883419036865234,51.775511912133865,51.883419036865234,1100,0.0,0.0,0.0
2020-09-09 00:00:00-04:00,51.88341586145046,51.91088285573029,51.86870193481445,51.86870193481445,5600,0.0,0.0,0.0
2020-09-10 00:00:00-04:00,51.824560793826116,51.863796684640086,51.78532116091478,51.85398864746094,2900,0.0,0.0,0.0
2020-09-11 00:00:00-04:00,51.822597897417246,51.9226578420034,51.822597897417246,51.903038024902344,4000,0.0,0.0,0.0
2020-09-14 00:00:00-04:00,51.85300947334578,52.010944696225636,51.85300947334578,51.912845611572266,9000,0.0,0.0,0.0
2020-09-15 00:00:00-04:00,51.87361182874109,51.94227931974141,51.863800048828125,51.863800048828125,3400,0.0,0.0,0.0
2020-09-16 00:00:00-04:00,51.932461234866786,51.942273013588526,51.89322534627126,51.92265319824219,3700,0.0,0.0,0.0
2020-09-17 00:00:00-04:00,51.87360382080078,51.87360382080078,51.87360382080078,51.87360382080078,300,0.0,0.0,0.0
2020-09-18 00:00:00-04:00,51.971705062364286,51.971705062364286,51.88341775722498,51.912845611572266,3800,0.0,0.0,0.0
2020-09-21 00:00:00-04:00,51.98151945150512,51.991327489414125,51.89323214193353,51.94227981567383,4400,0.0,0.0,0.0
2020-09-22 00:00:00-04:00,51.98152134434745,51.98642349243164,51.93246992672337,51.98642349243164,5800,0.0,0.0,0.0
2020-09-23 00:00:00-04:00,51.91284776685328,51.974652250904455,51.91284776685328,51.95208740234375,1300,0.0,0.0,0.0
2020-09-24 00:00:00-04:00,52.07492240575513,52.07492240575513,51.917685580410705,52.055267333984375,6900,0.095,0.0,0.0
2020-09-25 00:00:00-04:00,52.00318997142722,52.00318997142722,51.957000732421875,51.957000732421875,12000,0.0,0.0,0.0
2020-09-28 00:00:00-04:00,52.18303160728296,52.18303160728296,51.95897198527967,51.986488342285156,7300,0.0,0.0,0.0
2020-09-29 00:00:00-04:00,52.00810254307413,52.06313525152084,51.981568380241306,51.99139404296875,5300,0.0,0.0,0.0
2020-09-30 00:00:00-04:00,52.01596396638524,52.01596396638524,51.85872712055811,51.88329315185547,1700,0.0,0.0,0.0
2020-10-01 00:00:00-04:00,51.93734435441806,51.98549797507708,51.8636425107313,51.90786361694336,4500,0.0,0.0,0.0
2020-10-02 00:00:00-04:00,51.86855346776232,51.92457211731528,51.83907273028761,51.90786361694336,2200,0.0,0.0,0.0
2020-10-05 00:00:00-04:00,51.91769096705966,51.91769096705966,51.80958993551543,51.888206481933594,4300,0.0,0.0,0.0
2020-10-06 00:00:00-04:00,51.93734342784223,51.93734342784223,51.78993599427635,51.84398651123047,12400,0.0,0.0,0.0
2020-10-07 00:00:00-04:00,51.8783865410718,51.8783865410718,51.734907860374136,51.76045608520508,3300,0.0,0.0,0.0
2020-10-08 00:00:00-04:00,51.7751936362407,51.82924415111783,51.76536422508743,51.77027893066406,1700,0.0,0.0,0.0
2020-10-09 00:00:00-04:00,51.848899841308594,51.848899841308594,51.77028328957291,51.848899841308594,15800,0.0,0.0,0.0
2020-10-12 00:00:00-04:00,51.87739632290603,51.92751432216034,51.80467292792253,51.82924270629883,5100,0.0,0.0,0.0
2020-10-13 00:00:00-04:00,51.77028518396644,51.78994025982515,51.77028518396644,51.77519989013672,2500,0.0,0.0,0.0
2020-10-14 00:00:00-04:00,51.789932560425484,51.92259961672071,51.789932560425484,51.82924270629883,3000,0.0,0.0,0.0
2020-10-15 00:00:00-04:00,51.88034520217398,51.937342292047695,51.87346611378157,51.888206481933594,3900,0.0,0.0,0.0
2020-10-16 00:00:00-04:00,51.88722322361827,52.31078012113682,51.88722322361827,51.932430267333984,4400,0.0,0.0,0.0
2020-10-19 00:00:00-04:00,51.91769127470362,51.94520762843633,51.88820678940284,51.92751693725586,6500,0.0,0.0,0.0
2020-10-20 00:00:00-04:00,51.92751693725586,51.92751693725586,51.92751693725586,51.92751693725586,200,0.0,0.0,0.0
2020-10-21 00:00:00-04:00,51.88321586600543,51.902906341385865,51.696158227678396,51.863525390625,16000,0.095,0.0,0.0
2020-10-22 00:00:00-04:00,51.727662973525135,51.93243940776074,51.727662973525135,51.82906723022461,2100,0.0,0.0,0.0
2020-10-23 00:00:00-04:00,51.82513229997726,51.94228744506836,51.82513229997726,51.94228744506836,1300,0.0,0.0,0.0
2020-10-26 00:00:00-04:00,51.96197608877398,51.981666564941406,51.8339936270472,51.981666564941406,7400,0.0,0.0,0.0
2020-10-27 00:00:00-04:00,51.991508872265435,51.991508872265435,51.774917410030014,51.961971282958984,9000,0.0,0.0,0.0
2020-10-28 00:00:00-04:00,51.92948556808285,51.961971282958984,51.92948556808285,51.961971282958984,2700,0.0,0.0,0.0
2020-10-29 00:00:00-04:00,52.001354512723644,52.001354512723644,51.79461015637939,51.89305877685547,10900,0.0,0.0,0.0
2020-10-30 00:00:00-04:00,51.9915146717424,52.00135803222656,51.81430413843236,52.00135803222656,5500,0.0,0.0,0.0
2020-11-02 00:00:00-05:00,52.00135168528381,52.00135168528381,51.81429781432017,51.91274642944336,2100,0.0,0.0,0.0
2020-11-03 00:00:00-05:00,51.80544241924448,52.021049951127,51.804458458726224,51.99151611328125,14100,0.0,0.0,0.0
2020-11-04 00:00:00-05:00,52.109649168416766,52.404998779296875,52.109649168416766,52.404998779296875,5800,0.0,0.0,0.0
2020-11-05 00:00:00-05:00,52.06042855889343,52.32624435424805,52.06042855889343,52.32624435424805,8600,0.0,0.0,0.0
2020-11-06 00:00:00-05:00,52.16872011823211,52.31639304454173,52.139182528510965,52.262245178222656,2600,0.0,0.0,0.0
2020-11-09 00:00:00-05:00,52.187425378557926,52.187425378557926,52.089960716741125,52.178565979003906,3300,0.0,0.0,0.0
2020-11-10 00:00:00-05:00,52.34002824388737,52.34593200683594,52.34002824388737,52.34593200683594,800,0.0,0.0,0.0
2020-11-11 00:00:00-05:00,52.13918527217853,52.355776748852264,52.13918527217853,52.33608627319336,3400,0.0,0.0,0.0
2020-11-12 00:00:00-05:00,52.464070902318625,52.53298568725586,52.331161134529594,52.53298568725586,11300,0.0,0.0,0.0
2020-11-13 00:00:00-05:00,52.53298751888404,52.53298751888404,52.38039102628458,52.49360656738281,6200,0.0,0.0,0.0
2020-11-16 00:00:00-05:00,52.48376266496148,52.503453140508626,52.424691238320044,52.44438171386719,8400,0.0,0.0,0.0
2020-11-17 00:00:00-05:00,52.6314310328852,52.6314310328852,52.58220672607422,52.58220672607422,400,0.0,0.0,0.0
2020-11-18 00:00:00-05:00,52.601893161467444,52.64127410612236,52.563496177092865,52.59696960449219,5200,0.0,0.0,0.0
2020-11-19 00:00:00-05:00,52.81849831303621,52.833265232221855,52.601906816781195,52.79388427734375,14600,0.0,0.0,0.0
2020-11-20 00:00:00-05:00,52.85491339168642,52.85491339168642,52.795841970812575,52.798797607421875,700,0.0,0.0,0.0
2020-11-23 00:00:00-05:00,52.759422150024115,52.86771788844124,52.69050736295399,52.805694580078125,3000,0.0,0.0,0.0
2020-11-24 00:00:00-05:00,53.010830132517995,53.010830132517995,52.695231072708054,52.82344436645508,8400,0.095,0.0,0.0
2020-11-25 00:00:00-05:00,52.941795349121094,52.941795349121094,52.941795349121094,52.941795349121094,400,0.0,0.0,0.0
2020-11-27 00:00:00-05:00,52.948697892301354,52.97138042301676,52.88261795043945,52.88261795043945,3000,0.0,0.0,0.0
2020-11-30 00:00:00-05:00,52.867821517475626,52.97137710195042,52.867821517475626,52.90727233886719,4100,0.0,0.0,0.0
2020-12-01 00:00:00-05:00,52.853032487904386,53.01083202343814,52.853032487904386,52.92206954956055,4000,0.0,0.0,0.0
2020-12-02 00:00:00-05:00,53.070012267521726,53.070012267521726,52.87276189265036,53.04930114746094,8400,0.0,0.0,0.0
2020-12-03 00:00:00-05:00,53.10945820326101,53.13904820431713,52.99505607330367,53.070011138916016,20000,0.0,0.0,0.0
2020-12-04 00:00:00-05:00,53.14890604296771,53.158770630178005,53.09466210002412,53.11438751220703,3300,0.0,0.0,0.0
2020-12-07 00:00:00-05:00,53.24752939020224,53.257390214487124,53.07000445517496,53.11931610107422,3800,0.0,0.0,0.0
2020-12-08 00:00:00-05:00,53.227808855017784,53.234712561320805,53.07000931634339,53.17356491088867,8900,0.0,0.0,0.0
2020-12-09 00:00:00-05:00,53.18243649257313,53.26725237515825,53.174547080499806,53.1883544921875,2400,0.0,0.0,0.0
2020-12-10 00:00:00-05:00,53.336293402658235,53.336293402658235,53.070005992404006,53.27810287475586,5300,0.0,0.0,0.0
2020-12-11 00:00:00-05:00,53.15876577892696,53.375737768662844,53.15876577892696,53.257389068603516,21000,0.0,0.0,0.0
2020-12-14 00:00:00-05:00,53.24753653496175,53.36588525344751,53.18836029459991,53.29191589355469,11000,0.0,0.0,0.0
2020-12-15 00:00:00-05:00,53.188356908925726,53.39152526855469,53.188356908925726,53.39152526855469,3400,0.0,0.0,0.0
2020-12-16 00:00:00-05:00,53.395464348306646,53.42307917099978,53.316566467285156,53.316566467285156,8000,0.0,0.0,0.0
2020-12-17 00:00:00-05:00,53.44478225708008,53.44478225708008,53.22781023716734,53.44478225708008,6900,0.0,0.0,0.0
2020-12-18 00:00:00-05:00,53.32149572287351,53.444776720462706,53.198214725284316,53.356014251708984,3700,0.0,0.0,0.0
2020-12-21 00:00:00-05:00,53.286980236449274,53.513816833496094,53.22780776206,53.513816833496094,5900,0.0,0.0,0.0
2020-12-22 00:00:00-05:00,53.356016347973465,53.48225823141551,53.26725387573242,53.26725387573242,3100,0.0,0.0,0.0
2020-12-23 00:00:00-05:00,53.35798833381753,53.49409103393555,53.34713804116107,53.49409103393555,3600,0.0,0.0,0.0
2020-12-24 00:00:00-05:00,53.479277844796385,53.48915597161525,53.34096145629883,53.34096145629883,1100,0.095,0.0,0.0
2020-12-28 00:00:00-05:00,53.38541774552752,53.5286750793457,53.26192043384,53.5286750793457,4300,0.0,0.0,0.0
2020-12-29 00:00:00-05:00,53.54843282931552,53.56819285060774,53.30143821642093,53.45951461791992,11100,0.0,0.0,0.0
2020-12-30 00:00:00-05:00,53.58795263827497,53.58795263827497,53.271796067816624,53.48520278930664,5100,0.0,0.0,0.0
2020-12-31 00:00:00-05:00,53.43481319492289,53.480261620392554,53.43481319492289,53.445682525634766,1600,0.0,0.0,0.0
2021-01-04 00:00:00-05:00,53.41504850550355,53.578065838902525,53.41504850550355,53.56818771362305,2500,0.0,0.0,0.0
2021-01-05 00:00:00-05:00,53.55238410365499,53.63735257452512,53.47137291353063,53.5731315612793,6800,0.0,0.0,0.0
2021-01-06 00:00:00-05:00,53.75590378876135,53.75590378876135,53.42394449856328,53.49903106689453,8100,0.0,0.0,0.0
2021-01-07 00:00:00-05:00,53.60573629297634,53.686751252706024,53.55040973878804,53.55436325073242,2800,0.0,0.0,0.0
2021-01-08 00:00:00-05:00,53.74603227708613,53.74603227708613,53.43975758319823,53.6669921875,4300,0.0,0.0,0.0
2021-01-11 00:00:00-05:00,53.46939057226659,53.625492095947266,53.46939057226659,53.625492095947266,1500,0.0,0.0,0.0
2021-01-12 00:00:00-05:00,53.666988668777336,53.666988668777336,53.4654424836895,53.54349136352539,3800,0.0,0.0,0.0
2021-01-13 00:00:00-05:00,53.68675148755217,53.68675148755217,53.46247919364991,53.5286750793457,3000,0.0,0.0,0.0
2021-01-14 00:00:00-05:00,53.518786917903356,53.65710705662356,53.518786917903356,53.60276794433594,1100,0.0,0.0,0.0
2021-01-15 00:00:00-05:00,53.538550858286726,53.64722909082034,53.53657598681192,53.62253189086914,3400,0.0,0.0,0.0
2021-01-19 00:00:00-05:00,53.48915239397038,53.746028900146484,53.48915239397038,53.746028900146484,2000,0.0,0.0,0.0
2021-01-20 00:00:00-05:00,53.612651634150446,53.75590896606445,53.612651634150446,53.75590896606445,4000,0.0,0.0,0.0
2021-01-21 00:00:00-05:00,54.69117957817323,54.69117957817323,53.630215598574125,53.73116683959961,2900,0.095,0.0,0.0
2021-01-22 00:00:00-05:00,53.72918678558818,53.81034344663621,53.56291681198587,53.706424713134766,14700,0.0,0.0,0.0
2021-01-25 00:00:00-05:00,53.64209141585945,53.84992886840486,53.55301768256419,53.69652557373047,67800,0.0,0.0,0.0
2021-01-26 00:00:00-05:00,53.463942665878974,53.86972215772105,53.463942665878974,53.842010498046875,15100,0.0,0.0,0.0
2021-01-27 00:00:00-05:00,54.275503821454286,54.275503821454286,53.721266830361905,53.859825134277344,42900,0.0,0.0,0.0
2021-01-28 00:00:00-05:00,53.71137314997777,53.988489766699686,53.71137314997777,53.89447021484375,18300,0.0,0.0,0.0
2021-01-29 00:00:00-05:00,53.800440994833515,54.0181776129412,53.800440994833515,53.9815559387207,10800,0.0,0.0,0.0
2021-02-01 00:00:00-05:00,53.92811602084673,54.0676672653387,53.92811602084673,54.023128509521484,7900,0.0,0.0,0.0
2021-02-02 00:00:00-05:00,54.04786791568077,54.04786791568077,53.84003047467843,53.869720458984375,5800,0.0,0.0,0.0
2021-02-03 00:00:00-05:00,53.84003742176257,54.07756487771949,53.84003742176257,53.97859573364258,9700,0.0,0.0,0.0
2021-02-04 00:00:00-05:00,54.15673954460082,54.15673954460082,53.92910750829966,53.94889831542969,2900,0.0,0.0,0.0
2021-02-05 00:00:00-05:00,54.19632329177773,54.19632329177773,54.037970411522586,54.09141540527344,8600,0.0,0.0,0.0
2021-02-08 00:00:00-05:00,53.988484573207785,54.186426612723906,53.988484573207785,54.11219787597656,5200,0.0,0.0,0.0
2021-02-09 00:00:00-05:00,54.38437011490813,54.38437011490813,54.06964267891025,54.18642807006836,7200,0.0,0.0,0.0
2021-02-10 00:00:00-05:00,54.532825935170024,54.532825935170024,54.09636727712688,54.276493072509766,74100,0.0,0.0,0.0
2021-02-11 00:00:00-05:00,54.53282717646151,54.53282717646151,54.13694683782423,54.26560974121094,4900,0.0,0.0,0.0
2021-02-12 00:00:00-05:00,54.32498368976325,54.374468254675214,54.290344116781846,54.37248992919922,10900,0.0,0.0,0.0
2021-02-16 00:00:00-05:00,54.354677733043275,54.36457691202316,54.1765340411418,54.27055358886719,101100,0.0,0.0,0.0
2021-02-17 00:00:00-05:00,54.28540082758678,54.29530000697617,54.18148209658259,54.216121673583984,10700,0.0,0.0,0.0
2021-02-18 00:00:00-05:00,54.15673832061757,54.15673832061757,53.96869167825705,54.1468391418457,8700,0.0,0.0,0.0
2021-02-19 00:00:00-05:00,54.12704807506065,54.13694725447543,53.89447021484375,53.89447021484375,5900,0.0,0.0,0.0
2021-02-22 00:00:00-05:00,53.95978413493481,54.02807412017606,53.72027460520684,53.741058349609375,10800,0.0,0.0,0.0
2021-02-23 00:00:00-05:00,54.6283982160424,54.6283982160424,53.38909695177603,53.55764389038086,26500,0.095,0.0,0.0
2021-02-24 00:00:00-05:00,53.537813735592934,53.537813735592934,53.2800407409668,53.2800407409668,3600,0.0,0.0,0.0
2021-02-25 00:00:00-05:00,53.399010465183885,53.399010465183885,53.071833134505724,53.13132095336914,11200,0.0,0.0,0.0
2021-02-26 00:00:00-05:00,52.98260505353175,53.349440942278946,52.98260505353175,53.255252838134766,6100,0.0,0.0,0.0
2021-03-01 00:00:00-05:00,53.161066051780054,53.25029589422136,53.1114947575454,53.24038314819336,3700,0.0,0.0,0.0
2021-03-02 00:00:00-05:00,53.240383407328736,53.28004195572842,52.655433055599126,53.151153564453125,39400,0.0,0.0,0.0
2021-03-03 00:00:00-05:00,53.196757013225415,53.196757013225415,53.170982360839844,53.170982360839844,2400,0.0,0.0,0.0
2021-03-04 00:00:00-05:00,53.121411285620724,53.28995444242801,53.101582011517394,53.24038314819336,6300,0.0,0.0,0.0
2021-03-05 00:00:00-05:00,53.2800435211046,53.50807450803135,53.12141310489263,53.478328704833984,10900,0.0,0.0,0.0
2021-03-08 00:00:00-05:00,53.47832312329107,53.48823965067102,53.349438523728175,53.354393005371094,4800,0.0,0.0,0.0
2021-03-09 00:00:00-05:00,53.48824288333961,53.607214744759915,53.39901304176256,53.41884231567383,7100,0.0,0.0,0.0
2021-03-10 00:00:00-05:00,53.485272520823784,53.636962890625,53.40893188767235,53.636962890625,4900,0.0,0.0,0.0
2021-03-11 00:00:00-05:00,53.7162751038155,53.75593365255615,53.49419328214365,53.72123336791992,6800,0.0,0.0,0.0
2021-03-12 00:00:00-05:00,53.815416889247444,53.815416889247444,53.54772736232024,53.55764389038086,7500,0.0,0.0,0.0
2021-03-15 00:00:00-04:00,53.72618865966797,53.72618865966797,53.63695881468043,53.72618865966797,1400,0.0,0.0,0.0
2021-03-16 00:00:00-04:00,53.62010509876562,53.69842751763553,53.537815312210434,53.607215881347656,2500,0.0,0.0,0.0
2021-03-17 00:00:00-04:00,53.56359422477912,53.86499314603316,53.52294477934371,53.58738708496094,6800,0.0,0.0,0.0
2021-03-18 00:00:00-04:00,53.5378184804728,53.5378184804728,53.31077838170314,53.399017333984375,5400,0.0,0.0,0.0
2021-03-19 00:00:00-04:00,53.40892388061738,53.47832444580507,53.33952331542969,53.33952331542969,6200,0.0,0.0,0.0
2021-03-22 00:00:00-04:00,53.3296143401484,53.4981575012207,53.3296143401484,53.4981575012207,8600,0.0,0.0,0.0
2021-03-23 00:00:00-04:00,53.57747518080296,53.59730445562316,53.41388650007191,53.59234619140625,4500,0.0,0.0,0.0
2021-03-24 00:00:00-04:00,53.68652856709785,53.68652856709785,53.38909325861102,53.513023376464844,2200,0.0,0.0,0.0
2021-03-25 00:00:00-04:00,53.5249429866059,53.61234486635997,53.44350454517741,53.49415588378906,3100,0.095,0.0,0.0
2021-03-26 00:00:00-04:00,53.65207633923186,53.65207633923186,53.49515151977539,53.49515151977539,8300,0.0,0.0,0.0
2021-03-29 00:00:00-04:00,53.50309607888947,53.691804433805835,53.44449980083903,53.597450256347656,5400,0.0,0.0,0.0
2021-03-30 00:00:00-04:00,53.493164258301185,53.57659177699772,53.44350556222691,53.55772018432617,5000,0.0,0.0,0.0
2021-03-31 00:00:00-04:00,53.627242845865126,53.627242845865126,53.43357128005215,53.562686920166016,1500,0.0,0.0,0.0
2021-04-01 00:00:00-04:00,53.731527440217825,53.751391676363035,53.61234581206219,53.62724304199219,3500,0.0,0.0,0.0
2021-04-05 00:00:00-04:00,53.47330161809879,53.66895847773159,53.47330161809879,53.597450256347656,2700,0.0,0.0,0.0
2021-04-06 00:00:00-04:00,53.62228496378616,53.8010555287956,53.62228496378616,53.67194366455078,10100,0.0,0.0,0.0
2021-04-07 00:00:00-04:00,53.74146438335979,53.83085155653003,53.711669921875,53.711669921875,3000,0.0,0.0,0.0
2021-04-08 00:00:00-04:00,53.69180606832295,54.05531062492574,53.69180606832295,53.840782165527344,9300,0.0,0.0,0.0
2021-04-09 00:00:00-04:00,53.860648351609065,53.969899766741264,53.642145521344666,53.80602264404297,25800,0.0,0.0,0.0
2021-04-12 00:00:00-04:00,53.979823598670116,53.979823598670116,53.771254806508814,53.92023468017578,5100,0.0,0.0,0.0
2021-04-13 00:00:00-04:00,54.01856427975347,54.079149635885926,53.93315146825637,53.96989822387695,3900,0.0,0.0,0.0
2021-04-14 00:00:00-04:00,54.118872138082835,54.118872138082835,53.94009780883789,53.94009780883789,3700,0.0,0.0,0.0
2021-04-15 00:00:00-04:00,54.247989035173475,54.32744598388672,54.247989035173475,54.32744598388672,4300,0.0,0.0,0.0
2021-04-16 00:00:00-04:00,54.069213790243346,54.24798813315972,54.069213790243346,54.138736724853516,5000,0.0,0.0,0.0
2021-04-19 00:00:00-04:00,54.13376770740266,54.247982321147326,54.13376770740266,54.243019104003906,1200,0.0,0.0,0.0
2021-04-20 00:00:00-04:00,54.30757758536412,54.30757758536412,54.05232802969099,54.12880325317383,4400,0.0,0.0,0.0
2021-04-21 00:00:00-04:00,54.22332179185928,54.332763966031635,54.12383097642876,54.30291748046875,5400,0.095,0.0,0.0
2021-04-22 00:00:00-04:00,54.243221282958984,54.243221282958984,54.17457132917922,54.243221282958984,1700,0.0,0.0,0.0
2021-04-23 00:00:00-04:00,54.22332456441269,54.3317723673223,54.22332456441269,54.278045654296875,2000,0.0,0.0,0.0
2021-04-26 00:00:00-04:00,54.14373134903423,54.31287030605095,54.14373134903423,54.153682708740234,1500,0.0,0.0,0.0
2021-04-27 00:00:00-04:00,54.12383243335855,54.34271299226387,54.12383243335855,54.28302001953125,7100,0.0,0.0,0.0
2021-04-28 00:00:00-04:00,54.292968302364024,54.292968302364024,54.123833150272695,54.20840072631836,1700,0.0,0.0,0.0
2021-04-29 00:00:00-04:00,54.24322552349513,54.24322552349513,54.183528751744994,54.19845199584961,2000,0.0,0.0,0.0
2021-04-30 00:00:00-04:00,54.20342695394716,54.29297021271426,54.20342695394716,54.2730712890625,3600,0.0,0.0,0.0
2021-05-03 00:00:00-04:00,54.292967583209546,54.37156510179549,54.239240871485045,54.28302001953125,15200,0.0,0.0,0.0
2021-05-04 00:00:00-04:00,54.68098826242653,54.68098826242653,54.22332441676095,54.29296875,7700,0.0,0.0,0.0
2021-05-05 00:00:00-04:00,54.13377779622179,54.352662141559776,54.13377779622179,54.24819564819336,3500,0.0,0.0,0.0
2021-05-06 00:00:00-04:00,54.412356457858415,54.42230781670973,54.27306779659096,54.372562408447266,4800,0.0,0.0,0.0
2021-05-07 00:00:00-04:00,54.50189822708426,54.50189822708426,54.22332091213343,54.3924560546875,9900,0.0,0.0,0.0
2021-05-10 00:00:00-04:00,54.491955673349835,54.491955673349835,54.322816719915345,54.40241241455078,4300,0.0,0.0,0.0
2021-05-11 00:00:00-04:00,54.377534292541554,54.482000788492144,54.322813204853425,54.372562408447266,6500,0.0,0.0,0.0
2021-05-12 00:00:00-04:00,54.412361739783975,54.452159588389755,54.30789523369259,54.35266876220703,4400,0.0,0.0,0.0
2021-05-13 00:00:00-04:00,54.123832113069845,54.452154847150624,54.123832113069845,54.18352508544922,14500,0.0,0.0,0.0
2021-05-14 00:00:00-04:00,54.337741722068245,54.452155784652845,54.337741722068245,54.34967803955078,1700,0.0,0.0,0.0
2021-05-17 00:00:00-04:00,54.28301957745576,54.50190013457854,54.28301957745576,54.327789306640625,1200,0.0,0.0,0.0
2021-05-18 00:00:00-04:00,54.2034287234424,54.53772533824092,54.1437319505383,54.48200607299805,9600,0.0,0.0,0.0
2021-05-19 00:00:00-04:00,54.5317511622372,54.541698725970605,54.312866806787845,54.382511138916016,7800,0.0,0.0,0.0
2021-05-20 00:00:00-04:00,54.17357638414402,54.30291748046875,54.17357638414402,54.30291748046875,3600,0.0,0.0,0.0
2021-05-21 00:00:00-04:00,54.41255187988281,54.56703267356785,54.35075880201899,54.41255187988281,8700,0.095,0.0,0.0
2021-05-24 00:00:00-04:00,54.307904137228256,56.40088472647208,54.28298616275786,54.402584075927734,59900,0.0,0.0,0.0
2021-05-25 00:00:00-04:00,54.527165050961564,54.58696590710254,54.43746566772461,54.43746566772461,5100,0.0,0.0,0.0
2021-05-26 00:00:00-04:00,54.53713386820366,54.72649754343111,54.52716515785278,54.58198165893555,6600,0.0,0.0,0.0
2021-05-27 00:00:00-04:00,54.5769964400988,54.70656305896673,54.399593699320135,54.48729705810547,16600,0.0,0.0,0.0
2021-05-28 00:00:00-04:00,54.636798544717045,54.72649792876142,54.28796971896063,54.55706787109375,25800,0.0,0.0,0.0
2021-06-01 00:00:00-04:00,54.467370459348494,54.75639843889153,54.467370459348494,54.57699966430664,7700,0.0,0.0,0.0
2021-06-02 00:00:00-04:00,54.537131601244326,54.816194648284686,54.38264701281938,54.61088180541992,10400,0.0,0.0,0.0
2021-06-03 00:00:00-04:00,54.507231970683115,54.81619736087334,54.507231970683115,54.80623245239258,14200,0.0,0.0,0.0
2021-06-04 00:00:00-04:00,54.517199520679426,54.88596195780295,54.517199520679426,54.51919174194336,15200,0.0,0.0,0.0
2021-06-07 00:00:00-04:00,54.80623105321323,54.905895343272626,54.48729696073544,54.696598052978516,11900,0.0,0.0,0.0
2021-06-08 00:00:00-04:00,54.73646233814242,54.995595579440725,54.73646233814242,54.79127883911133,4500,0.0,0.0,0.0
2021-06-09 00:00:00-04:00,55.075326359624384,55.125162307474305,54.9158612115721,54.935794830322266,9000,0.0,0.0,0.0
2021-06-10 00:00:00-04:00,55.04044144326189,55.11519156032533,54.8590504618725,55.020511627197266,3400,0.0,0.0,0.0
2021-06-11 00:00:00-04:00,55.085296630859375,55.14509748880437,55.01553086423145,55.085296630859375,3700,0.0,0.0,0.0
2021-06-14 00:00:00-04:00,55.015528713532795,55.174993859869744,54.87001671997597,55.02549362182617,12000,0.0,0.0,0.0
2021-06-15 00:00:00-04:00,55.011541270446976,55.10522889873489,54.910880867616406,55.10423278808594,3900,0.0,0.0,0.0
2021-06-16 00:00:00-04:00,54.982642783754166,55.09028357271917,54.87600190745862,55.015533447265625,36000,0.0,0.0,0.0
2021-06-17 00:00:00-04:00,54.87101433907145,54.99460049622117,54.71653354360885,54.92583084106445,26900,0.0,0.0,0.0
2021-06-18 00:00:00-04:00,54.94576354067186,55.04542783247365,54.935794830322266,54.935794830322266,1900,0.0,0.0,0.0
2021-06-21 00:00:00-04:00,55.015531296647445,55.04542982488037,54.87101540693968,54.95573043823242,17300,0.0,0.0,0.0
2021-06-22 00:00:00-04:00,54.97566206782259,54.995595686572756,54.81619691977031,54.935794830322266,20700,0.0,0.0,0.0
2021-06-23 00:00:00-04:00,55.05539659994461,55.05539659994461,54.806232068232596,54.831146240234375,14900,0.0,0.0,0.0
2021-06-24 00:00:00-04:00,54.891050271514736,54.91101837158203,54.81617084839381,54.91101837158203,11600,0.095,0.0,0.0
2021-06-25 00:00:00-04:00,54.91101850614065,55.01085519819609,54.8710823059082,54.8710823059082,4800,0.0,0.0,0.0
2021-06-28 00:00:00-04:00,54.9809040723209,55.02084027191417,54.91101762729548,55.01884460449219,11400,0.0,0.0,0.0
2021-06-29 00:00:00-04:00,54.671405113271646,54.91601148330112,54.671405113271646,54.8710823059082,11700,0.0,0.0,0.0
2021-06-30 00:00:00-04:00,54.82116217655787,55.040807462165624,54.82116217655787,54.97591018676758,8900,0.0,0.0,0.0
2021-07-01 00:00:00-04:00,54.92100129929682,55.060778001757946,54.92100129929682,54.9609375,8700,0.0,0.0,0.0
2021-07-02 00:00:00-04:00,55.046801039079384,55.090728574998174,55.00586700439453,55.00586700439453,4600,0.0,0.0,0.0
2021-07-06 00:00:00-04:00,57.896184044549734,57.896184044549734,55.075753636494255,55.090728759765625,10500,0.0,0.0,0.0
2021-07-07 00:00:00-04:00,55.150630950927734,55.150630950927734,55.150630950927734,55.150630950927734,600,0.0,0.0,0.0
2021-07-08 00:00:00-04:00,55.27442896326228,55.39024242248971,55.220519281412685,55.29539489746094,4400,0.0,0.0,0.0
2021-07-09 00:00:00-04:00,55.100708711381394,55.43017664433342,55.100708711381394,55.31536102294922,3500,0.0,0.0,0.0
2021-07-12 00:00:00-04:00,55.28041931902947,55.44016031282654,55.19056477198576,55.2904052734375,11700,0.0,0.0,0.0
2021-07-13 00:00:00-04:00,55.27043639076824,55.34032283653232,55.19056399073748,55.24048614501953,8100,0.0,0.0,0.0
2021-07-14 00:00:00-04:00,55.33033568997761,55.46012643296797,55.30038544487429,55.31037139892578,9100,0.0,0.0,0.0
2021-07-15 00:00:00-04:00,55.3103723159785,55.51004569801203,55.23049991634458,55.32035446166992,4100,0.0,0.0,0.0
2021-07-16 00:00:00-04:00,55.25046736725205,55.26044951282621,55.230499267578125,55.230499267578125,2700,0.0,0.0,0.0
2021-07-19 00:00:00-04:00,55.45014434253725,55.45014434253725,55.419192455177566,55.4351692199707,8200,0.0,0.0,0.0
2021-07-20 00:00:00-04:00,55.599901407981875,55.599901407981875,55.3103734745583,55.540000915527344,7500,0.0,0.0,0.0
2021-07-21 00:00:00-04:00,55.38999938964844,55.43000030517578,55.31999969482422,55.33000183105469,6300,0.09,0.0,0.0
2021-07-22 00:00:00-04:00,55.630001068115234,55.630001068115234,55.27000045776367,55.40999984741211,1900,0.0,0.0,0.0
2021-07-23 00:00:00-04:00,55.540000915527344,55.540000915527344,55.279998779296875,55.42499923706055,900,0.0,0.0,0.0
2021-07-26 00:00:00-04:00,55.2599983215332,55.525001525878906,55.2599983215332,55.45000076293945,1200,0.0,0.0,0.0
2021-07-27 00:00:00-04:00,55.56999969482422,55.56999969482422,55.34000015258789,55.435001373291016,2700,0.0,0.0,0.0
2021-07-28 00:00:00-04:00,55.27000045776367,55.49800109863281,55.27000045776367,55.31999969482422,3600,0.0,0.0,0.0
2021-07-29 00:00:00-04:00,55.375,55.42900085449219,55.310001373291016,55.369998931884766,8000,0.0,0.0,0.0
2021-07-30 00:00:00-04:00,55.40399932861328,55.40999984741211,55.38999938964844,55.400001525878906,4000,0.0,0.0,0.0
2021-08-02 00:00:00-04:00,55.630001068115234,55.630001068115234,55.439998626708984,55.44499969482422,2500,0.0,0.0,0.0
2021-08-03 00:00:00-04:00,55.459999084472656,55.459999084472656,55.361000061035156,55.38999938964844,8300,0.0,0.0,0.0
2021-08-04 00:00:00-04:00,55.380001068115234,55.56999969482422,55.36000061035156,55.43000030517578,5800,0.0,0.0,0.0
2021-08-05 00:00:00-04:00,55.56999969482422,55.56999969482422,55.439998626708984,55.439998626708984,4600,0.0,0.0,0.0
2021-08-06 00:00:00-04:00,55.380001068115234,55.459999084472656,55.31999969482422,55.375,26400,0.0,0.0,0.0
2021-08-09 00:00:00-04:00,55.31999969482422,55.42900085449219,55.310001373291016,55.310001373291016,2700,0.0,0.0,0.0
2021-08-10 00:00:00-04:00,55.30099868774414,55.40999984741211,55.29999923706055,55.35499954223633,3300,0.0,0.0,0.0
2021-08-11 00:00:00-04:00,55.38999938964844,55.41999816894531,55.27000045776367,55.290000915527344,11400,0.0,0.0,0.0
2021-08-12 00:00:00-04:00,55.25,55.33000183105469,55.209999084472656,55.275001525878906,5300,0.0,0.0,0.0
2021-08-13 00:00:00-04:00,55.380001068115234,55.380001068115234,55.279998779296875,55.279998779296875,26600,0.0,0.0,0.0
2021-08-16 00:00:00-04:00,55.29999923706055,55.38999938964844,55.209999084472656,55.2599983215332,19400,0.0,0.0,0.0
2021-08-17 00:00:00-04:00,55.29999923706055,55.29999923706055,55.20000076293945,55.224998474121094,4700,0.0,0.0,0.0
2021-08-18 00:00:00-04:00,55.209999084472656,55.29999923706055,55.20000076293945,55.244998931884766,2800,0.0,0.0,0.0
2021-08-19 00:00:00-04:00,55.220001220703125,55.305999755859375,55.209999084472656,55.255001068115234,1800,0.0,0.0,0.0
2021-08-20 00:00:00-04:00,55.25,55.33000183105469,55.25,55.25,6200,0.0,0.0,0.0
2021-08-23 00:00:00-04:00,55.290000915527344,55.31999969482422,55.209999084472656,55.2599983215332,6500,0.0,0.0,0.0
2021-08-24 00:00:00-04:00,55.099998474121094,55.209999084472656,55.099998474121094,55.154998779296875,14800,0.0,0.0,0.0
2021-08-25 00:00:00-04:00,55.14500045776367,55.1879997253418,55.099998474121094,55.119998931884766,4300,0.0,0.0,0.0
2021-08-26 00:00:00-04:00,55.130001068115234,55.138999938964844,55.040000915527344,55.099998474121094,2900,0.0,0.0,0.0
2021-08-27 00:00:00-04:00,55.06999969482422,55.13999938964844,55.04999923706055,55.119998931884766,15900,0.0,0.0,0.0
2021-08-30 00:00:00-04:00,55.125,55.16999816894531,55.11000061035156,55.15999984741211,11000,0.0,0.0,0.0
2021-08-31 00:00:00-04:00,55.176998138427734,55.189998626708984,55.06999969482422,55.130001068115234,14800,0.0,0.0,0.0
2021-09-01 00:00:00-04:00,55.060001373291016,55.2239990234375,55.060001373291016,55.13999938964844,6600,0.0,0.0,0.0
2021-09-02 00:00:00-04:00,55.08000183105469,55.119998931884766,55.08000183105469,55.119998931884766,1000,0.0,0.0,0.0
2021-09-03 00:00:00-04:00,55.15999984741211,55.15999984741211,55.029998779296875,55.08000183105469,4000,0.0,0.0,0.0
2021-09-07 00:00:00-04:00,55.060001373291016,55.06999969482422,54.941001892089844,55.0,5700,0.0,0.0,0.0
2021-09-08 00:00:00-04:00,55.099998474121094,55.099998474121094,55.0,55.09000015258789,3000,0.0,0.0,0.0
2021-09-09 00:00:00-04:00,55.0,55.18000030517578,55.0,55.130001068115234,2700,0.0,0.0,0.0
2021-09-10 00:00:00-04:00,55.150001525878906,55.150001525878906,55.040000915527344,55.09000015258789,5400,0.0,0.0,0.0
2021-09-13 00:00:00-04:00,55.630001068115234,55.630001068115234,55.09000015258789,55.09000015258789,4500,0.0,0.0,0.0
2021-09-14 00:00:00-04:00,55.189998626708984,55.189998626708984,55.084999084472656,55.119998931884766,60200,0.0,0.0,0.0
2021-09-15 00:00:00-04:00,55.13199996948242,55.1609992980957,55.099998474121094,55.099998474121094,2500,0.0,0.0,0.0
2021-09-16 00:00:00-04:00,55.060001373291016,55.130001068115234,55.040000915527344,55.04999923706055,12000,0.0,0.0,0.0
2021-09-17 00:00:00-04:00,55.16999816894531,55.16999816894531,55.02000045776367,55.02000045776367,8700,0.0,0.0,0.0
2021-09-20 00:00:00-04:00,55.06999969482422,55.130001068115234,55.04999923706055,55.099998474121094,7200,0.0,0.0,0.0
2021-09-21 00:00:00-04:00,55.060001373291016,55.15999984741211,55.020999908447266,55.029998779296875,5800,0.0,0.0,0.0
2021-09-22 00:00:00-04:00,55.055999755859375,55.08000183105469,55.055999755859375,55.08000183105469,300,0.0,0.0,0.0
2021-09-23 00:00:00-04:00,54.97999954223633,54.98500061035156,54.86000061035156,54.88999938964844,3900,0.0,0.0,0.0
2021-09-24 00:00:00-04:00,54.86399841308594,54.869998931884766,54.84000015258789,54.869998931884766,10900,0.0,0.0,0.0
2021-09-27 00:00:00-04:00,54.810001373291016,54.86000061035156,54.79999923706055,54.84000015258789,13300,0.0,0.0,0.0
2021-09-28 00:00:00-04:00,54.70000076293945,54.720001220703125,54.57500076293945,54.65999984741211,19800,0.0,0.0,0.0
2021-09-29 00:00:00-04:00,54.599998474121094,54.61899948120117,54.58000183105469,54.61899948120117,1700,0.0,0.0,0.0
2021-09-30 00:00:00-04:00,54.566001892089844,54.58399963378906,54.380001068115234,54.52399826049805,55200,0.0,0.0,0.0
2021-10-01 00:00:00-04:00,54.529998779296875,54.630001068115234,54.529998779296875,54.540000915527344,8200,0.0,0.0,0.0
2021-10-04 00:00:00-04:00,54.06999969482422,54.54999923706055,54.06999969482422,54.540000915527344,10900,0.0,0.0,0.0
2021-10-05 00:00:00-04:00,54.540000915527344,54.540000915527344,54.494998931884766,54.505001068115234,4700,0.0,0.0,0.0
2021-10-06 00:00:00-04:00,54.4900016784668,54.54999923706055,54.41999816894531,54.5099983215332,9600,0.0,0.0,0.0
2021-10-07 00:00:00-04:00,54.560001373291016,54.560001373291016,54.5099983215332,54.5099983215332,1000,0.0,0.0,0.0
2021-10-08 00:00:00-04:00,54.5099983215332,54.5099983215332,54.43000030517578,54.46500015258789,5300,0.0,0.0,0.0
2021-10-11 00:00:00-04:00,54.41999816894531,54.5099983215332,54.400001525878906,54.40999984741211,9700,0.0,0.0,0.0
2021-10-12 00:00:00-04:00,54.529998779296875,54.529998779296875,54.40999984741211,54.459999084472656,4000,0.0,0.0,0.0
2021-10-13 00:00:00-04:00,54.400001525878906,54.50899887084961,54.400001525878906,54.470001220703125,2600,0.0,0.0,0.0
2021-10-14 00:00:00-04:00,54.441001892089844,54.529998779296875,54.439998626708984,54.48500061035156,2700,0.0,0.0,0.0
2021-10-15 00:00:00-04:00,54.46500015258789,54.5,54.45000076293945,54.470001220703125,7300,0.0,0.0,0.0
2021-10-18 00:00:00-04:00,54.474998474121094,54.529998779296875,54.43000030517578,54.470001220703125,7700,0.0,0.0,0.0
2021-10-19 00:00:00-04:00,54.459999084472656,54.47999954223633,54.34000015258789,54.43000030517578,10500,0.0,0.0,0.0
2021-10-20 00:00:00-04:00,54.42900085449219,54.43000030517578,54.400001525878906,54.415000915527344,9300,0.0,0.0,0.0
2021-10-21 00:00:00-04:00,54.38999938964844,54.38999938964844,54.220001220703125,54.23500061035156,13400,0.0,0.0,0.0
2021-10-22 00:00:00-04:00,54.209999084472656,54.268001556396484,54.20000076293945,54.2400016784668,14500,0.0,0.0,0.0
2021-10-25 00:00:00-04:00,53.849998474121094,54.22999954223633,53.849998474121094,54.19499969482422,5200,0.0,0.0,0.0
2021-10-26 00:00:00-04:00,54.040000915527344,54.189998626708984,54.040000915527344,54.167999267578125,5900,0.0,0.0,0.0
2021-10-27 00:00:00-04:00,54.20000076293945,54.275001525878906,54.20000076293945,54.255001068115234,5600,0.0,0.0,0.0
2021-10-28 00:00:00-04:00,54.0,54.290000915527344,54.0,54.255001068115234,9700,0.0,0.0,0.0
2021-10-29 00:00:00-04:00,54.34000015258789,54.34000015258789,54.26599884033203,54.31999969482422,15900,0.0,0.0,0.0
2021-11-01 00:00:00-04:00,54.257999420166016,54.310001373291016,54.25,54.28499984741211,2700,0.0,0.0,0.0
2021-11-02 00:00:00-04:00,54.345001220703125,54.38800048828125,54.290000915527344,54.34000015258789,12500,0.0,0.0,0.0
2021-11-03 00:00:00-04:00,54.38999938964844,54.47999954223633,54.36000061035156,54.404998779296875,12700,0.0,0.0,0.0
2021-11-04 00:00:00-04:00,54.529998779296875,54.529998779296875,54.430999755859375,54.439998626708984,1600,0.0,0.0,0.0
2021-11-05 00:00:00-04:00,54.59000015258789,54.65999984741211,54.56999969482422,54.599998474121094,7200,0.0,0.0,0.0
2021-11-08 00:00:00-05:00,54.59000015258789,54.641998291015625,54.4900016784668,54.56999969482422,9800,0.0,0.0,0.0
2021-11-09 00:00:00-05:00,54.77000045776367,54.77000045776367,54.63999938964844,54.67499923706055,11800,0.0,0.0,0.0
2021-11-10 00:00:00-05:00,54.72999954223633,54.72999954223633,54.630001068115234,54.689998626708984,9400,0.0,0.0,0.0
2021-11-11 00:00:00-05:00,54.59000015258789,54.75,54.58000183105469,54.75,13400,0.0,0.0,0.0
2021-11-12 00:00:00-05:00,54.529998779296875,54.689998626708984,54.529998779296875,54.68000030517578,4700,0.0,0.0,0.0
2021-11-15 00:00:00-05:00,54.70199966430664,54.709999084472656,54.650001525878906,54.65999984741211,9300,0.0,0.0,0.0
2021-11-16 00:00:00-05:00,54.72999954223633,54.72999954223633,54.66999816894531,54.66999816894531,5500,0.0,0.0,0.0
2021-11-17 00:00:00-05:00,54.606998443603516,54.68000030517578,54.52000045776367,54.66999816894531,10400,0.0,0.0,0.0
2021-11-18 00:00:00-05:00,54.52299880981445,54.63999938964844,54.52299880981445,54.63999938964844,500,0.0,0.0,0.0
2021-11-19 00:00:00-05:00,54.5,54.72999954223633,54.5,54.68000030517578,25000,0.0,0.0,0.0
2021-11-22 00:00:00-05:00,54.52000045776367,54.71900177001953,54.52000045776367,54.66999816894531,6200,0.0,0.0,0.0
2021-11-23 00:00:00-05:00,54.880001068115234,54.880001068115234,54.47999954223633,54.56999969482422,11400,0.0,0.0,0.0
2021-11-24 00:00:00-05:00,54.630001068115234,54.630001068115234,54.54999923706055,54.584999084472656,2300,0.0,0.0,0.0
2021-11-26 00:00:00-05:00,54.61000061035156,54.779998779296875,54.61000061035156,54.70000076293945,3400,0.0,0.0,0.0
2021-11-29 00:00:00-05:00,54.529998779296875,54.66999816894531,54.529998779296875,54.59000015258789,4500,0.0,0.0,0.0
2021-11-30 00:00:00-05:00,54.91999816894531,54.91999816894531,54.69499969482422,54.724998474121094,6300,0.0,0.0,0.0
2021-12-01 00:00:00-05:00,54.685001373291016,54.790000915527344,54.685001373291016,54.779998779296875,7300,0.0,0.0,0.0
2021-12-02 00:00:00-05:00,54.7400016784668,54.790000915527344,54.72999954223633,54.7599983215332,7200,0.0,0.0,0.0
2021-12-03 00:00:00-05:00,54.790000915527344,54.84000015258789,54.744998931884766,54.7599983215332,18400,0.0,0.0,0.0
2021-12-06 00:00:00-05:00,54.83000183105469,54.83000183105469,54.70000076293945,54.810001373291016,1300,0.0,0.0,0.0
2021-12-07 00:00:00-05:00,54.75,54.83000183105469,54.75,54.797000885009766,7800,0.0,0.0,0.0
2021-12-08 00:00:00-05:00,54.78499984741211,54.81999969482422,54.709999084472656,54.7400016784668,4200,0.0,0.0,0.0
2021-12-09 00:00:00-05:00,54.79999923706055,54.79999923706055,54.70100021362305,54.779998779296875,7800,0.0,0.0,0.0
2021-12-10 00:00:00-05:00,57.0,57.0,54.7400016784668,54.810001373291016,8000,0.0,0.0,0.0
2021-12-13 00:00:00-05:00,54.900001525878906,54.900001525878906,54.790000915527344,54.84000015258789,4600,0.0,0.0,0.0
2021-12-14 00:00:00-05:00,54.88999938964844,54.91899871826172,54.79100036621094,54.90999984741211,10900,0.0,0.0,0.0
2021-12-15 00:00:00-05:00,54.77000045776367,54.90999984741211,54.77000045776367,54.77000045776367,2900,0.0,0.0,0.0
2021-12-16 00:00:00-05:00,54.95000076293945,54.95000076293945,54.79999923706055,54.875,7400,0.0,0.0,0.0
2021-12-17 00:00:00-05:00,55.0,55.0,54.84299850463867,54.849998474121094,7000,0.0,0.0,0.0
2021-12-20 00:00:00-05:00,54.849998474121094,54.97999954223633,54.83000183105469,54.849998474121094,2800,0.0,0.0,0.0
2021-12-21 00:00:00-05:00,54.689998626708984,54.97999954223633,54.689998626708984,54.779998779296875,4400,0.0,0.0,0.0
2021-12-22 00:00:00-05:00,54.95000076293945,54.95000076293945,54.790000915527344,54.849998474121094,3400,0.0,0.0,0.0
2021-12-23 00:00:00-05:00,54.7869987487793,54.83000183105469,54.720001220703125,54.78200149536133,22200,0.0,0.0,0.0
2021-12-27 00:00:00-05:00,54.77000045776367,54.779998779296875,54.70000076293945,54.75,12400,0.0,0.0,0.0
2021-12-28 00:00:00-05:00,54.7400016784668,54.7400016784668,54.709999084472656,54.7400016784668,5900,0.0,0.0,0.0
2021-12-29 00:00:00-05:00,54.70000076293945,54.790000915527344,54.70000076293945,54.77000045776367,7400,0.0,0.0,0.0
2021-12-30 00:00:00-05:00,54.77000045776367,54.81999969482422,54.73099899291992,54.76499938964844,11300,0.0,0.0,0.0
2021-12-31 00:00:00-05:00,54.757999420166016,54.7599983215332,54.709999084472656,54.73500061035156,4000,0.0,0.0,0.0
2022-01-03 00:00:00-05:00,54.70000076293945,54.779998779296875,54.67499923706055,54.67599868774414,6000,0.0,0.0,0.0
2022-01-04 00:00:00-05:00,54.7599983215332,54.7599983215332,54.689998626708984,54.720001220703125,9900,0.0,0.0,0.0
2022-01-05 00:00:00-05:00,54.720001220703125,54.779998779296875,54.63999938964844,54.66999816894531,5700,0.0,0.0,0.0
2022-01-06 00:00:00-05:00,54.599998474121094,54.65999984741211,54.599998474121094,54.65999984741211,3100,0.0,0.0,0.0
2022-01-07 00:00:00-05:00,54.5099983215332,54.599998474121094,54.5099983215332,54.56999969482422,12000,0.0,0.0,0.0
2022-01-10 00:00:00-05:00,54.4900016784668,54.4900016784668,54.41999816894531,54.470001220703125,5900,0.0,0.0,0.0
2022-01-11 00:00:00-05:00,54.38999938964844,54.38999938964844,54.369998931884766,54.369998931884766,2500,0.0,0.0,0.0
2022-01-12 00:00:00-05:00,54.2599983215332,54.540000915527344,54.2599983215332,54.45000076293945,13100,0.0,0.0,0.0
2022-01-13 00:00:00-05:00,54.35499954223633,54.40999984741211,54.349998474121094,54.38999938964844,7900,0.0,0.0,0.0
2022-01-14 00:00:00-05:00,54.310001373291016,54.5,54.27000045776367,54.290000915527344,3800,0.0,0.0,0.0
2022-01-18 00:00:00-05:00,54.27000045776367,54.38999938964844,54.15999984741211,54.16999816894531,8700,0.0,0.0,0.0
2022-01-19 00:00:00-05:00,54.18000030517578,54.209999084472656,54.150001525878906,54.18000030517578,3100,0.0,0.0,0.0
2022-01-20 00:00:00-05:00,54.18000030517578,54.189998626708984,54.13999938964844,54.16999816894531,12000,0.0,0.0,0.0
2022-01-21 00:00:00-05:00,54.04999923706055,54.150001525878906,53.95000076293945,53.970001220703125,19300,0.0,0.0,0.0
2022-01-24 00:00:00-05:00,53.88999938964844,54.0,53.86000061035156,53.86000061035156,12600,0.0,0.0,0.0
2022-01-25 00:00:00-05:00,53.81999969482422,53.869998931884766,53.72200012207031,53.75,11800,0.0,0.0,0.0
2022-01-26 00:00:00-05:00,53.7599983215332,53.7599983215332,53.529998779296875,53.529998779296875,38700,0.0,0.0,0.0
2022-01-27 00:00:00-05:00,53.56999969482422,53.56999969482422,53.060001373291016,53.459999084472656,17800,0.0,0.0,0.0
2022-01-28 00:00:00-05:00,53.369998931884766,53.369998931884766,53.08000183105469,53.10499954223633,31800,0.0,0.0,0.0
2022-01-31 00:00:00-05:00,53.099998474121094,53.16999816894531,53.04999923706055,53.119998931884766,11100,0.0,0.0,0.0
2022-02-01 00:00:00-05:00,53.185001373291016,53.29999923706055,53.185001373291016,53.244998931884766,18800,0.0,0.0,0.0
2022-02-02 00:00:00-05:00,53.380001068115234,53.38999938964844,53.27000045776367,53.31999969482422,3100,0.0,0.0,0.0
2022-02-03 00:00:00-05:00,53.36000061035156,53.439998626708984,53.279998779296875,53.35499954223633,12200,0.0,0.0,0.0
2022-02-04 00:00:00-05:00,53.45000076293945,53.45000076293945,53.38999938964844,53.38999938964844,5400,0.0,0.0,0.0
2022-02-07 00:00:00-05:00,53.41999816894531,53.42499923706055,53.349998474121094,53.41999816894531,12900,0.0,0.0,0.0
2022-02-08 00:00:00-05:00,53.400001525878906,53.400001525878906,53.26900100708008,53.29999923706055,12300,0.0,0.0,0.0
2022-02-09 00:00:00-05:00,53.29999923706055,53.29999923706055,53.16999816894531,53.2400016784668,2500,0.0,0.0,0.0
2022-02-10 00:00:00-05:00,53.11000061035156,53.13999938964844,52.970001220703125,52.970001220703125,16200,0.0,0.0,0.0
2022-02-11 00:00:00-05:00,53.029998779296875,53.029998779296875,52.65399932861328,52.849998474121094,17700,0.0,0.0,0.0
2022-02-14 00:00:00-05:00,52.84000015258789,52.84000015258789,52.66899871826172,52.709999084472656,2700,0.0,0.0,0.0
2022-02-15 00:00:00-05:00,52.68000030517578,52.720001220703125,52.61000061035156,52.68000030517578,6800,0.0,0.0,0.0
2022-02-16 00:00:00-05:00,52.665000915527344,52.709999084472656,52.560001373291016,52.560001373291016,8600,0.0,0.0,0.0
2022-02-17 00:00:00-05:00,52.64500045776367,52.72999954223633,52.619998931884766,52.67499923706055,8400,0.0,0.0,0.0
2022-02-18 00:00:00-05:00,52.56999969482422,52.65999984741211,52.56999969482422,52.59000015258789,8300,0.0,0.0,0.0
2022-02-22 00:00:00-05:00,52.597999572753906,52.68000030517578,52.597999572753906,52.597999572753906,6100,0.0,0.0,0.0
2022-02-23 00:00:00-05:00,52.58000183105469,52.70100021362305,52.58000183105469,52.68000030517578,7700,0.0,0.0,0.0
2022-02-24 00:00:00-05:00,52.599998474121094,52.77000045776367,52.599998474121094,52.72999954223633,15800,0.0,0.0,0.0
2022-02-25 00:00:00-05:00,52.79999923706055,52.79999923706055,52.61899948120117,52.67499923706055,16600,0.0,0.0,0.0
2022-02-28 00:00:00-05:00,52.709999084472656,52.709999084472656,52.619998931884766,52.689998626708984,2900,0.0,0.0,0.0
2022-03-01 00:00:00-05:00,52.7599983215332,52.91899871826172,52.709999084472656,52.81999969482422,12000,0.0,0.0,0.0
2022-03-02 00:00:00-05:00,52.689998626708984,52.70000076293945,52.59000015258789,52.65999984741211,39300,0.0,0.0,0.0
2022-03-03 00:00:00-05:00,52.75,52.75,52.54100036621094,52.560001373291016,700,0.0,0.0,0.0
2022-03-04 00:00:00-05:00,52.63999938964844,52.64799880981445,52.540000915527344,52.599998474121094,12400,0.0,0.0,0.0
2022-03-07 00:00:00-05:00,52.52000045776367,52.52000045776367,52.290000915527344,52.31999969482422,40500,0.0,0.0,0.0
2022-03-08 00:00:00-05:00,52.310001373291016,52.310001373291016,52.11000061035156,52.2400016784668,9700,0.0,0.0,0.0
2022-03-09 00:00:00-05:00,52.099998474121094,52.2400016784668,52.099998474121094,52.2400016784668,13700,0.0,0.0,0.0
2022-03-10 00:00:00-05:00,52.22999954223633,52.22999954223633,52.119998931884766,52.18000030517578,94600,0.0,0.0,0.0
2022-03-11 00:00:00-05:00,52.119998931884766,52.119998931884766,51.915000915527344,51.97999954223633,15800,0.0,0.0,0.0
2022-03-14 00:00:00-04:00,51.900001525878906,51.900001525878906,51.65999984741211,51.685001373291016,112300,0.0,0.0,0.0
2022-03-15 00:00:00-04:00,51.68000030517578,51.68000030517578,51.5099983215332,51.59000015258789,12500,0.0,0.0,0.0
2022-03-16 00:00:00-04:00,51.56999969482422,51.64500045776367,51.47999954223633,51.63999938964844,14800,0.0,0.0,0.0
2022-03-17 00:00:00-04:00,51.720001220703125,51.779998779296875,51.650001525878906,51.709999084472656,6200,0.0,0.0,0.0
2022-03-18 00:00:00-04:00,51.56999969482422,51.69599914550781,51.56999969482422,51.69599914550781,15900,0.0,0.0,0.0
2022-03-21 00:00:00-04:00,51.59000015258789,51.650001525878906,51.4900016784668,51.540000915527344,8700,0.0,0.0,0.0
2022-03-22 00:00:00-04:00,51.500999450683594,51.529998779296875,51.369998931884766,51.38999938964844,20800,0.0,0.0,0.0
2022-03-23 00:00:00-04:00,51.61000061035156,51.61000061035156,51.2599983215332,51.36000061035156,11200,0.0,0.0,0.0
2022-03-24 00:00:00-04:00,51.18299865722656,51.31999969482422,51.18299865722656,51.279998779296875,8600,0.0,0.0,0.0
2022-03-25 00:00:00-04:00,51.060001373291016,51.09000015258789,50.97999954223633,51.0099983215332,11900,0.0,0.0,0.0
2022-03-28 00:00:00-04:00,51.06999969482422,51.097999572753906,50.95500183105469,50.95500183105469,43700,0.0,0.0,0.0
2022-03-29 00:00:00-04:00,50.89500045776367,50.95000076293945,50.77000045776367,50.90999984741211,39200,0.0,0.0,0.0
2022-03-30 00:00:00-04:00,50.91999816894531,50.939998626708984,50.88999938964844,50.88999938964844,10600,0.0,0.0,0.0
2022-03-31 00:00:00-04:00,50.933998107910156,50.95000076293945,50.779998779296875,50.95000076293945,5400,0.0,0.0,0.0
2022-04-01 00:00:00-04:00,50.86199951171875,50.91999816894531,50.86199951171875,50.88999938964844,19600,0.0,0.0,0.0
2022-04-04 00:00:00-04:00,50.88999938964844,51.071998596191406,50.88999938964844,51.03499984741211,4400,0.0,0.0,0.0
2022-04-05 00:00:00-04:00,51.0989990234375,51.0989990234375,50.880001068115234,50.939998626708984,5200,0.0,0.0,0.0
2022-04-06 00:00:00-04:00,50.755001068115234,50.84199905395508,50.66999816894531,50.779998779296875,8900,0.0,0.0,0.0
2022-04-07 00:00:00-04:00,50.560001373291016,50.72999954223633,50.560001373291016,50.630001068115234,13800,0.0,0.0,0.0
2022-04-08 00:00:00-04:00,50.62799835205078,50.62799835205078,50.459999084472656,50.5099983215332,15800,0.0,0.0,0.0
2022-04-11 00:00:00-04:00,50.58000183105469,50.59000015258789,50.40999984741211,50.40999984741211,29100,0.0,0.0,0.0
2022-04-12 00:00:00-04:00,50.27000045776367,50.439998626708984,50.209999084472656,50.38999938964844,34700,0.0,0.0,0.0
2022-04-13 00:00:00-04:00,50.34000015258789,50.388999938964844,50.220001220703125,50.290000915527344,18200,0.0,0.0,0.0
2022-04-14 00:00:00-04:00,50.20000076293945,50.290000915527344,50.150001525878906,50.15999984741211,43200,0.0,0.0,0.0
2022-04-18 00:00:00-04:00,50.130001068115234,50.220001220703125,50.04999923706055,50.06999969482422,16800,0.0,0.0,0.0
2022-04-19 00:00:00-04:00,49.97999954223633,49.97999954223633,49.810001373291016,49.810001373291016,9200,0.0,0.0,0.0
2022-04-20 00:00:00-04:00,49.75,49.75,49.59000015258789,49.68000030517578,23000,0.0,0.0,0.0
2022-04-21 00:00:00-04:00,49.5,49.56999969482422,49.400001525878906,49.400001525878906,16600,0.0,0.0,0.0
2022-04-22 00:00:00-04:00,49.590999603271484,49.590999603271484,49.43000030517578,49.43000030517578,4100,0.0,0.0,0.0
2022-04-25 00:00:00-04:00,49.5880012512207,49.5989990234375,49.270999908447266,49.29999923706055,11100,0.0,0.0,0.0
2022-04-26 00:00:00-04:00,49.380001068115234,49.439998626708984,49.27000045776367,49.34000015258789,5600,0.0,0.0,0.0
2022-04-27 00:00:00-04:00,49.25,49.29999923706055,48.869998931884766,49.150001525878906,124800,0.0,0.0,0.0
2022-04-28 00:00:00-04:00,49.31399917602539,49.31399917602539,49.02000045776367,49.154998779296875,5900,0.0,0.0,0.0
2022-04-29 00:00:00-04:00,49.130001068115234,49.15599822998047,48.994998931884766,49.04999923706055,5700,0.0,0.0,0.0
2022-05-02 00:00:00-04:00,49.029998779296875,49.18000030517578,48.880001068115234,49.13999938964844,385800,0.0,0.0,0.0
2022-05-03 00:00:00-04:00,49.08000183105469,49.08000183105469,48.97999954223633,49.04999923706055,25300,0.0,0.0,0.0
2022-05-04 00:00:00-04:00,49.060001373291016,49.224998474121094,48.560001373291016,49.02000045776367,26000,0.0,0.0,0.0
2022-05-05 00:00:00-04:00,48.900001525878906,48.939998626708984,48.709999084472656,48.79999923706055,10400,0.0,0.0,0.0
2022-05-06 00:00:00-04:00,48.63999938964844,48.84000015258789,48.599998474121094,48.77000045776367,12500,0.0,0.0,0.0
2022-05-09 00:00:00-04:00,48.75,48.75,48.5,48.625,9400,0.0,0.0,0.0
2022-05-10 00:00:00-04:00,48.72999954223633,48.72999954223633,48.439998626708984,48.47999954223633,60100,0.0,0.0,0.0
2022-05-11 00:00:00-04:00,48.65999984741211,48.65999984741211,48.369998931884766,48.47999954223633,55900,0.0,0.0,0.0
2022-05-12 00:00:00-04:00,48.54999923706055,48.54999923706055,48.20000076293945,48.36000061035156,21500,0.0,0.0,0.0
2022-05-13 00:00:00-04:00,48.310001373291016,48.310001373291016,47.970001220703125,48.130001068115234,20500,0.0,0.0,0.0
2022-05-16 00:00:00-04:00,48.2400016784668,48.2599983215332,48.02000045776367,48.06999969482422,12300,0.0,0.0,0.0
2022-05-17 00:00:00-04:00,48.029998779296875,48.189998626708984,47.900001525878906,47.97999954223633,29500,0.0,0.0,0.0
2022-05-18 00:00:00-04:00,47.882999420166016,48.029998779296875,47.849998474121094,47.849998474121094,12600,0.0,0.0,0.0
2022-05-19 00:00:00-04:00,47.90999984741211,48.099998474121094,47.900001525878906,47.97999954223633,13100,0.0,0.0,0.0
2022-05-20 00:00:00-04:00,48.02000045776367,48.310001373291016,48.02000045776367,48.09000015258789,41700,0.0,0.0,0.0
2022-05-23 00:00:00-04:00,48.029998779296875,48.34000015258789,48.029998779296875,48.21500015258789,15000,0.0,0.0,0.0
2022-05-24 00:00:00-04:00,48.45000076293945,48.66999816894531,48.45000076293945,48.560001373291016,15900,0.0,0.0,0.0
2022-05-25 00:00:00-04:00,48.7599983215332,48.90999984741211,48.72999954223633,48.75,26200,0.0,0.0,0.0
2022-05-26 00:00:00-04:00,49.029998779296875,49.17300033569336,49.029998779296875,49.16999816894531,10200,0.0,0.0,0.0
2022-05-27 00:00:00-04:00,49.349998474121094,49.470001220703125,49.34000015258789,49.459999084472656,4300,0.0,0.0,0.0
2022-05-31 00:00:00-04:00,49.43000030517578,49.529998779296875,49.33000183105469,49.5,22500,0.0,0.0,0.0
2022-06-01 00:00:00-04:00,49.470001220703125,49.630001068115234,49.41699981689453,49.58000183105469,43400,0.0,0.0,0.0
2022-06-02 00:00:00-04:00,49.599998474121094,49.790000915527344,49.58000183105469,49.790000915527344,20200,0.0,0.0,0.0
2022-06-03 00:00:00-04:00,49.720001220703125,49.77000045776367,49.58000183105469,49.709999084472656,9200,0.0,0.0,0.0
2022-06-06 00:00:00-04:00,49.66999816894531,49.66999816894531,49.529998779296875,49.619998931884766,25400,0.0,0.0,0.0
2022-06-07 00:00:00-04:00,49.619998931884766,49.75,49.51300048828125,49.560001373291016,22700,0.0,0.0,0.0
2022-06-08 00:00:00-04:00,49.5099983215332,49.540000915527344,49.36000061035156,49.459999084472656,19400,0.0,0.0,0.0
2022-06-09 00:00:00-04:00,49.349998474121094,49.400001525878906,49.16999816894531,49.16999816894531,6800,0.0,0.0,0.0
2022-06-10 00:00:00-04:00,49.060001373291016,49.08000183105469,48.994998931884766,49.029998779296875,10300,0.0,0.0,0.0
2022-06-13 00:00:00-04:00,48.83000183105469,48.83000183105469,47.77000045776367,48.09000015258789,24800,0.0,0.0,0.0
2022-06-14 00:00:00-04:00,48.439998626708984,48.45000076293945,48.040000915527344,48.209999084472656,21300,0.0,0.0,0.0
2022-06-15 00:00:00-04:00,48.060001373291016,48.380001068115234,47.79999923706055,48.040000915527344,9000,0.0,0.0,0.0
2022-06-16 00:00:00-04:00,47.869998931884766,48.099998474121094,47.790000915527344,47.9900016784668,19200,0.0,0.0,0.0
2022-06-17 00:00:00-04:00,48.02000045776367,48.20000076293945,47.90999984741211,48.040000915527344,47200,0.0,0.0,0.0
2022-06-21 00:00:00-04:00,47.970001220703125,48.099998474121094,47.810001373291016,48.099998474121094,13100,0.0,0.0,0.0
2022-06-22 00:00:00-04:00,48.02000045776367,48.290000915527344,47.959999084472656,48.150001525878906,36200,0.0,0.0,0.0
2022-06-23 00:00:00-04:00,48.0,48.459999084472656,48.0,48.16999816894531,32200,0.0,0.0,0.0
2022-06-24 00:00:00-04:00,48.119998931884766,48.31999969482422,48.11000061035156,48.29999923706055,2800,0.0,0.0,0.0
2022-06-27 00:00:00-04:00,48.2599983215332,48.380001068115234,48.099998474121094,48.2400016784668,30500,0.0,0.0,0.0
2022-06-28 00:00:00-04:00,48.27000045776367,48.380001068115234,48.029998779296875,48.189998626708984,32500,0.0,0.0,0.0
2022-06-29 00:00:00-04:00,48.06999969482422,48.29999923706055,48.06999969482422,48.20000076293945,24700,0.0,0.0,0.0
2022-06-30 00:00:00-04:00,48.33000183105469,48.4900016784668,48.33000183105469,48.375,2400,0.0,0.0,0.0
2022-07-01 00:00:00-04:00,48.47999954223633,48.689998626708984,48.47999954223633,48.61000061035156,4500,0.0,0.0,0.0
2022-07-05 00:00:00-04:00,48.7400016784668,48.849998474121094,48.7400016784668,48.7400016784668,2600,0.0,0.0,0.0
2022-07-06 00:00:00-04:00,48.939998626708984,48.939998626708984,48.76499938964844,48.76499938964844,7300,0.0,0.0,0.0
2022-07-07 00:00:00-04:00,48.90999984741211,48.90999984741211,48.779998779296875,48.81999969482422,7900,0.0,0.0,0.0
2022-07-08 00:00:00-04:00,48.9900016784668,49.02000045776367,48.83000183105469,49.02000045776367,7600,0.0,0.0,0.0
2022-07-11 00:00:00-04:00,49.09000015258789,49.119998931884766,48.880001068115234,49.09000015258789,5400,0.0,0.0,0.0
2022-07-12 00:00:00-04:00,49.005001068115234,49.09000015258789,48.869998931884766,48.90999984741211,14000,0.0,0.0,0.0
2022-07-13 00:00:00-04:00,48.93000030517578,49.06999969482422,48.849998474121094,49.06999969482422,6300,0.0,0.0,0.0
2022-07-14 00:00:00-04:00,48.869998931884766,49.15999984741211,48.869998931884766,49.0629997253418,6600,0.0,0.0,0.0
2022-07-15 00:00:00-04:00,48.939998626708984,49.15999984741211,48.939998626708984,49.15999984741211,4500,0.0,0.0,0.0
2022-07-18 00:00:00-04:00,49.040000915527344,49.16999816894531,48.91999816894531,49.029998779296875,10500,0.0,0.0,0.0
2022-07-19 00:00:00-04:00,48.939998626708984,49.064998626708984,48.91999816894531,49.0,8700,0.0,0.0,0.0
2022-07-20 00:00:00-04:00,49.04999923706055,49.209999084472656,48.900001525878906,49.06999969482422,11300,0.0,0.0,0.0
2022-07-21 00:00:00-04:00,48.90999984741211,49.130001068115234,48.900001525878906,49.02000045776367,8900,0.0,0.0,0.0
2022-07-22 00:00:00-04:00,49.150001525878906,49.310001373291016,49.060001373291016,49.209999084472656,14200,0.0,0.0,0.0
2022-07-25 00:00:00-04:00,49.20000076293945,49.22999954223633,49.189998626708984,49.209999084472656,5700,0.0,0.0,0.0
2022-07-26 00:00:00-04:00,49.34000015258789,49.404998779296875,49.18000030517578,49.34000015258789,12100,0.0,0.0,0.0
2022-07-27 00:00:00-04:00,49.2400016784668,49.400001525878906,49.18000030517578,49.2599983215332,17700,0.0,0.0,0.0
2022-07-28 00:00:00-04:00,49.5099983215332,49.56999969482422,49.400001525878906,49.4900016784668,7700,0.0,0.0,0.0
2022-07-29 00:00:00-04:00,49.60499954223633,49.70000076293945,49.45000076293945,49.56999969482422,13900,0.0,0.0,0.0
2022-08-01 00:00:00-04:00,49.720001220703125,49.779998779296875,49.5099983215332,49.68000030517578,31200,0.0,0.0,0.0
2022-08-02 00:00:00-04:00,49.82500076293945,49.869998931884766,49.72999954223633,49.72999954223633,52400,0.0,0.0,0.0
2022-08-03 00:00:00-04:00,49.779998779296875,49.82899856567383,49.65999984741211,49.814998626708984,19800,0.0,0.0,0.0
2022-08-04 00:00:00-04:00,49.70000076293945,49.83000183105469,49.59000015258789,49.83000183105469,14100,0.0,0.0,0.0
2022-08-05 00:00:00-04:00,49.650001525878906,49.70899963378906,49.54999923706055,49.63999938964844,16400,0.0,0.0,0.0
2022-08-08 00:00:00-04:00,49.619998931884766,49.72999954223633,49.5099983215332,49.72999954223633,18000,0.0,0.0,0.0
2022-08-09 00:00:00-04:00,49.59000015258789,49.70000076293945,49.59000015258789,49.650001525878906,7300,0.0,0.0,0.0
2022-08-10 00:00:00-04:00,49.720001220703125,49.77000045776367,49.65999984741211,49.720001220703125,5200,0.0,0.0,0.0
2022-08-11 00:00:00-04:00,49.689998626708984,49.72999954223633,49.59000015258789,49.66999816894531,16100,0.0,0.0,0.0
2022-08-12 00:00:00-04:00,49.779998779296875,49.78799819946289,49.560001373291016,49.7599983215332,6300,0.0,0.0,0.0
2022-08-15 00:00:00-04:00,49.720001220703125,49.79999923706055,49.61000061035156,49.7400016784668,50200,0.0,0.0,0.0
2022-08-16 00:00:00-04:00,49.66999816894531,49.7599983215332,49.59000015258789,49.7599983215332,9500,0.0,0.0,0.0
2022-08-17 00:00:00-04:00,49.70000076293945,49.70000076293945,49.38999938964844,49.4900016784668,19400,0.0,0.0,0.0
2022-08-18 00:00:00-04:00,49.599998474121094,49.599998474121094,49.439998626708984,49.5099983215332,4900,0.0,0.0,0.0
2022-08-19 00:00:00-04:00,49.207000732421875,49.38999938964844,49.207000732421875,49.310001373291016,18900,0.0,0.0,0.0
2022-08-22 00:00:00-04:00,49.36000061035156,49.38999938964844,49.29499816894531,49.310001373291016,20600,0.0,0.0,0.0
2022-08-23 00:00:00-04:00,49.220001220703125,49.22999954223633,49.11000061035156,49.150001525878906,10900,0.0,0.0,0.0
2022-08-24 00:00:00-04:00,49.11800003051758,49.15999984741211,49.0,49.119998931884766,4900,0.0,0.0,0.0
2022-08-25 00:00:00-04:00,49.02000045776367,49.08000183105469,48.970001220703125,48.970001220703125,15400,0.0,0.0,0.0
2022-08-26 00:00:00-04:00,48.959999084472656,49.029998779296875,48.95000076293945,49.029998779296875,2900,0.0,0.0,0.0
2022-08-29 00:00:00-04:00,49.0,49.02000045776367,48.7599983215332,48.869998931884766,16600,0.0,0.0,0.0
2022-08-30 00:00:00-04:00,48.83000183105469,48.959999084472656,48.724998474121094,48.86000061035156,8000,0.0,0.0,0.0
2022-08-31 00:00:00-04:00,48.75,48.810001373291016,48.47999954223633,48.70000076293945,26900,0.0,0.0,0.0
2022-09-01 00:00:00-04:00,48.56999969482422,48.63999938964844,48.470001220703125,48.56999969482422,14000,0.0,0.0,0.0
2022-09-02 00:00:00-04:00,48.72700119018555,48.75,48.58000183105469,48.68000030517578,5900,0.0,0.0,0.0
2022-09-06 00:00:00-04:00,48.560001373291016,48.6150016784668,48.4900016784668,48.5,5700,0.0,0.0,0.0
2022-09-07 00:00:00-04:00,48.650001525878906,48.650001525878906,48.47999954223633,48.529998779296875,27100,0.0,0.0,0.0
2022-09-08 00:00:00-04:00,48.33000183105469,48.56999969482422,48.33000183105469,48.36000061035156,9300,0.0,0.0,0.0
2022-09-09 00:00:00-04:00,48.380001068115234,48.58000183105469,48.369998931884766,48.470001220703125,12800,0.0,0.0,0.0
2022-09-12 00:00:00-04:00,48.459999084472656,48.5099983215332,48.349998474121094,48.349998474121094,12500,0.0,0.0,0.0
2022-09-13 00:00:00-04:00,48.31999969482422,48.459999084472656,48.16999816894531,48.2599983215332,21900,0.0,0.0,0.0
2022-09-14 00:00:00-04:00,48.13999938964844,48.29999923706055,48.130001068115234,48.18000030517578,3200,0.0,0.0,0.0
2022-09-15 00:00:00-04:00,48.099998474121094,48.2400016784668,48.040000915527344,48.11000061035156,36100,0.0,0.0,0.0
2022-09-16 00:00:00-04:00,48.15999984741211,48.15999984741211,47.9900016784668,48.02000045776367,11200,0.0,0.0,0.0
2022-09-19 00:00:00-04:00,48.04999923706055,48.10100173950195,48.0099983215332,48.060001373291016,5300,0.0,0.0,0.0
2022-09-20 00:00:00-04:00,48.02000045776367,48.11000061035156,47.88999938964844,47.95000076293945,105600,0.0,0.0,0.0
2022-09-21 00:00:00-04:00,47.959999084472656,48.0099983215332,47.83000183105469,47.92499923706055,10600,0.0,0.0,0.0
2022-09-22 00:00:00-04:00,47.75,47.849998474121094,47.599998474121094,47.68000030517578,27900,0.0,0.0,0.0
2022-09-23 00:00:00-04:00,47.58000183105469,47.70000076293945,46.9900016784668,47.36000061035156,66400,0.0,0.0,0.0
2022-09-26 00:00:00-04:00,47.2400016784668,47.380001068115234,47.040000915527344,47.150001525878906,29700,0.0,0.0,0.0
2022-09-27 00:00:00-04:00,47.18000030517578,47.18000030517578,46.900001525878906,47.00400161743164,23000,0.0,0.0,0.0
2022-09-28 00:00:00-04:00,47.0099983215332,47.16999816894531,46.95000076293945,46.95000076293945,47800,0.0,0.0,0.0
2022-09-29 00:00:00-04:00,46.810001373291016,46.93000030517578,46.810001373291016,46.880001068115234,14900,0.0,0.0,0.0
2022-09-30 00:00:00-04:00,46.900001525878906,46.93000030517578,46.7140007019043,46.81999969482422,6800,0.0,0.0,0.0
2022-10-03 00:00:00-04:00,47.0099983215332,47.0099983215332,46.779998779296875,46.93000030517578,4900,0.0,0.0,0.0
2022-10-04 00:00:00-04:00,47.25,47.279998779296875,47.16999816894531,47.22999954223633,20100,0.0,0.0,0.0
2022-10-05 00:00:00-04:00,47.290000915527344,47.349998474121094,47.215999603271484,47.2599983215332,33200,0.0,0.0,0.0
2022-10-06 00:00:00-04:00,47.34000015258789,47.42599868774414,47.220001220703125,47.369998931884766,6700,0.0,0.0,0.0
2022-10-07 00:00:00-04:00,47.38999938964844,47.38999938964844,47.2599983215332,47.290000915527344,4500,0.0,0.0,0.0
2022-10-10 00:00:00-04:00,47.349998474121094,47.349998474121094,47.1510009765625,47.2599983215332,10400,0.0,0.0,0.0
2022-10-11 00:00:00-04:00,47.33000183105469,47.42599868774414,47.28499984741211,47.38999938964844,5300,0.0,0.0,0.0
2022-10-12 00:00:00-04:00,47.560001373291016,47.60200119018555,47.27000045776367,47.4900016784668,3800,0.0,0.0,0.0
2022-10-13 00:00:00-04:00,47.2599983215332,47.36000061035156,46.779998779296875,47.29999923706055,20400,0.0,0.0,0.0
2022-10-14 00:00:00-04:00,47.380001068115234,47.3849983215332,47.27000045776367,47.380001068115234,8400,0.0,0.0,0.0
2022-10-17 00:00:00-04:00,47.33000183105469,47.42399978637695,47.31700134277344,47.380001068115234,2400,0.0,0.0,0.0
2022-10-18 00:00:00-04:00,47.400001525878906,47.459999084472656,47.16999816894531,47.33000183105469,13600,0.0,0.0,0.0
2022-10-19 00:00:00-04:00,47.31999969482422,47.36000061035156,47.17499923706055,47.310001373291016,10600,0.0,0.0,0.0
2022-10-20 00:00:00-04:00,47.290000915527344,47.290000915527344,46.150001525878906,47.099998474121094,69400,0.0,0.0,0.0
2022-10-21 00:00:00-04:00,46.939998626708984,46.939998626708984,46.599998474121094,46.599998474121094,12300,0.0,0.0,0.0
2022-10-24 00:00:00-04:00,46.619998931884766,46.709999084472656,46.34000015258789,46.45000076293945,17600,0.0,0.0,0.0
2022-10-25 00:00:00-04:00,46.56999969482422,46.56999969482422,46.16999816894531,46.290000915527344,19900,0.0,0.0,0.0
2022-10-26 00:00:00-04:00,46.31999969482422,46.41999816894531,46.15999984741211,46.25,412100,0.0,0.0,0.0
2022-10-27 00:00:00-04:00,46.2599983215332,46.459999084472656,46.2599983215332,46.33000183105469,22900,0.0,0.0,0.0
2022-10-28 00:00:00-04:00,46.439998626708984,46.459999084472656,46.2400016784668,46.43000030517578,17800,0.0,0.0,0.0
2022-10-31 00:00:00-04:00,46.369998931884766,46.5099983215332,46.303001403808594,46.369998931884766,19800,0.0,0.0,0.0
2022-11-01 00:00:00-04:00,46.58000183105469,46.65999984741211,46.4900016784668,46.619998931884766,15400,0.0,0.0,0.0
2022-11-02 00:00:00-04:00,46.599998474121094,46.7599983215332,46.5,46.61000061035156,9300,0.0,0.0,0.0
2022-11-03 00:00:00-04:00,46.525001525878906,46.65999984741211,46.39400100708008,46.65999984741211,3100,0.0,0.0,0.0
2022-11-04 00:00:00-04:00,46.560001373291016,46.67499923706055,46.5099983215332,46.540000915527344,3400,0.0,0.0,0.0
2022-11-07 00:00:00-05:00,46.56999969482422,46.757999420166016,46.5,46.52000045776367,6400,0.0,0.0,0.0
2022-11-08 00:00:00-05:00,46.70000076293945,46.82600021362305,46.57400131225586,46.65999984741211,24000,0.0,0.0,0.0
2022-11-09 00:00:00-05:00,46.84000015258789,46.880001068115234,46.70000076293945,46.720001220703125,98400,0.0,0.0,0.0
2022-11-10 00:00:00-05:00,47.130001068115234,47.5,46.9900016784668,47.34000015258789,50900,0.0,0.0,0.0
2022-11-11 00:00:00-05:00,47.16999816894531,47.900001525878906,47.119998931884766,47.380001068115234,25100,0.0,0.0,0.0
2022-11-14 00:00:00-05:00,47.41999816894531,47.54899978637695,47.165000915527344,47.29999923706055,13200,0.0,0.0,0.0
2022-11-15 00:00:00-05:00,47.41999816894531,47.970001220703125,47.349998474121094,47.54999923706055,23900,0.0,0.0,0.0
2022-11-16 00:00:00-05:00,47.599998474121094,47.869998931884766,47.599998474121094,47.790000915527344,18300,0.0,0.0,0.0
2022-11-17 00:00:00-05:00,47.79999923706055,47.880001068115234,47.709999084472656,47.849998474121094,10700,0.0,0.0,0.0
2022-11-18 00:00:00-05:00,47.869998931884766,48.12799835205078,47.869998931884766,48.0099983215332,6700,0.0,0.0,0.0
2022-11-21 00:00:00-05:00,47.9900016784668,48.040000915527344,47.86000061035156,47.90999984741211,12600,0.0,0.0,0.0
2022-11-22 00:00:00-05:00,48.06999969482422,48.097999572753906,47.89500045776367,47.900001525878906,6300,0.0,0.0,0.0
2022-11-23 00:00:00-05:00,48.189998626708984,48.22800064086914,47.91600036621094,48.16999816894531,17600,0.0,0.0,0.0
2022-11-25 00:00:00-05:00,48.06999969482422,48.209999084472656,48.06999969482422,48.16999816894531,5800,0.0,0.0,0.0
2022-11-28 00:00:00-05:00,48.040000915527344,48.29999923706055,48.040000915527344,48.08000183105469,36400,0.0,0.0,0.0
2022-11-29 00:00:00-05:00,48.060001373291016,48.40999984741211,48.04999923706055,48.2599983215332,16300,0.0,0.0,0.0
2022-11-30 00:00:00-05:00,48.400001525878906,48.4900016784668,48.28499984741211,48.439998626708984,14100,0.0,0.0,0.0
2022-12-01 00:00:00-05:00,48.40999984741211,49.040000915527344,48.40999984741211,48.66999816894531,33000,0.0,0.0,0.0
2022-12-02 00:00:00-05:00,48.689998626708984,48.72999954223633,48.51499938964844,48.58000183105469,17700,0.0,0.0,0.0
2022-12-05 00:00:00-05:00,48.5,48.790000915527344,48.48400115966797,48.56999969482422,2500,0.0,0.0,0.0
2022-12-06 00:00:00-05:00,48.790000915527344,48.93000030517578,48.650001525878906,48.79999923706055,37500,0.0,0.0,0.0
2022-12-07 00:00:00-05:00,48.72999954223633,49.03499984741211,48.72999954223633,48.915000915527344,30100,0.0,0.0,0.0
2022-12-08 00:00:00-05:00,48.84000015258789,48.91999816894531,48.79999923706055,48.900001525878906,10900,0.0,0.0,0.0
2022-12-09 00:00:00-05:00,48.915000915527344,48.95000076293945,48.720001220703125,48.84000015258789,8600,0.0,0.0,0.0
2022-12-12 00:00:00-05:00,48.7400016784668,48.97999954223633,48.65999984741211,48.65999984741211,40600,0.0,0.0,0.0
2022-12-13 00:00:00-05:00,49.11000061035156,49.119998931884766,48.845001220703125,48.9900016784668,12900,0.0,0.0,0.0
2022-12-14 00:00:00-05:00,48.90999984741211,49.35900115966797,48.494998931884766,48.91999816894531,34400,0.0,0.0,0.0
2022-12-15 00:00:00-05:00,49.09000015258789,49.11000061035156,48.91999816894531,48.970001220703125,17500,0.0,0.0,0.0
2022-12-16 00:00:00-05:00,48.83000183105469,48.970001220703125,48.72999954223633,48.84000015258789,10000,0.0,0.0,0.0
2022-12-19 00:00:00-05:00,48.689998626708984,48.917999267578125,48.67499923706055,48.70000076293945,12900,0.0,0.0,0.0
2022-12-20 00:00:00-05:00,48.63999938964844,48.79999923706055,48.61000061035156,48.72999954223633,13400,0.0,0.0,0.0
2022-12-21 00:00:00-05:00,48.84000015258789,48.84000015258789,48.470001220703125,48.58000183105469,10900,0.0,0.0,0.0
2022-12-22 00:00:00-05:00,48.439998626708984,48.71500015258789,48.439998626708984,48.56999969482422,13500,0.0,0.0,0.0
2022-12-23 00:00:00-05:00,48.220001220703125,48.459999084472656,48.220001220703125,48.459999084472656,3200,0.0,0.0,0.0
2022-12-27 00:00:00-05:00,48.375,48.54999923706055,48.20500183105469,48.27000045776367,15200,0.0,0.0,0.0
2022-12-28 00:00:00-05:00,48.40999984741211,48.56999969482422,48.20000076293945,48.43000030517578,15400,0.0,0.0,0.0
2022-12-29 00:00:00-05:00,48.25,48.540000915527344,48.209999084472656,48.279998779296875,77000,0.0,0.0,0.0
2022-12-30 00:00:00-05:00,48.375,48.540000915527344,48.25,48.38999938964844,23200,0.0,0.0,0.0
2023-01-03 00:00:00-05:00,48.47999954223633,48.6150016784668,48.32500076293945,48.34000015258789,3300,0.0,0.0,0.0
2023-01-04 00:00:00-05:00,48.560001373291016,48.79999923706055,48.52000045776367,48.540000915527344,9700,0.0,0.0,0.0
2023-01-05 00:00:00-05:00,48.56999969482422,48.689998626708984,48.529998779296875,48.68000030517578,3700,0.0,0.0,0.0
2023-01-06 00:00:00-05:00,48.744998931884766,48.78499984741211,48.619998931884766,48.7400016784668,17800,0.0,0.0,0.0
2023-01-09 00:00:00-05:00,48.79999923706055,48.95000076293945,48.79999923706055,48.95000076293945,3400,0.0,0.0,0.0
2023-01-10 00:00:00-05:00,48.8650016784668,48.959999084472656,48.779998779296875,48.959999084472656,19800,0.0,0.0,0.0
2023-01-11 00:00:00-05:00,49.10499954223633,49.2599983215332,49.06999969482422,49.06999969482422,5000,0.0,0.0,0.0
2023-01-12 00:00:00-05:00,49.13999938964844,49.33000183105469,49.13999938964844,49.29999923706055,6700,0.0,0.0,0.0
2023-01-13 00:00:00-05:00,49.20000076293945,49.5,49.20000076293945,49.22999954223633,10700,0.0,0.0,0.0
2023-01-17 00:00:00-05:00,49.29999923706055,49.439998626708984,49.29999923706055,49.439998626708984,16200,0.0,0.0,0.0
2023-01-18 00:00:00-05:00,49.720001220703125,49.75,49.5099983215332,49.5099983215332,7700,0.0,0.0,0.0
2023-01-19 00:00:00-05:00,49.72999954223633,49.7400016784668,49.54999923706055,49.720001220703125,12700,0.0,0.0,0.0
2023-01-20 00:00:00-05:00,49.66999816894531,49.71500015258789,49.55500030517578,49.71500015258789,60500,0.0,0.0,0.0
2023-01-23 00:00:00-05:00,49.63999938964844,49.77000045776367,49.43000030517578,49.56999969482422,2600,0.0,0.0,0.0
2023-01-24 00:00:00-05:00,49.44499969482422,49.65999984741211,49.44499969482422,49.65999984741211,10900,0.0,0.0,0.0
2023-01-25 00:00:00-05:00,49.58000183105469,49.65999984741211,49.55500030517578,49.65999984741211,5300,0.0,0.0,0.0
2023-01-26 00:00:00-05:00,49.590999603271484,49.93000030517578,49.59000015258789,49.630001068115234,26700,0.0,0.0,0.0
2023-01-27 00:00:00-05:00,49.599998474121094,49.61000061035156,49.54999923706055,49.54999923706055,3600,0.0,0.0,0.0
2023-01-30 00:00:00-05:00,49.650001525878906,49.650001525878906,49.5099983215332,49.599998474121094,2600,0.0,0.0,0.0
2023-01-31 00:00:00-05:00,49.720001220703125,49.720001220703125,49.47999954223633,49.689998626708984,21200,0.0,0.0,0.0
2023-02-01 00:00:00-05:00,49.70000076293945,49.84000015258789,49.650001525878906,49.75,3600,0.0,0.0,0.0
2023-02-02 00:00:00-05:00,49.959999084472656,49.959999084472656,49.83000183105469,49.900001525878906,20100,0.0,0.0,0.0
2023-02-03 00:00:00-05:00,49.779998779296875,49.82500076293945,49.689998626708984,49.724998474121094,11000,0.0,0.0,0.0
2023-02-06 00:00:00-05:00,49.720001220703125,49.77000045776367,49.560001373291016,49.665000915527344,8900,0.0,0.0,0.0
2023-02-07 00:00:00-05:00,49.72999954223633,49.72999954223633,49.54499816894531,49.54999923706055,6700,0.0,0.0,0.0
2023-02-08 00:00:00-05:00,49.599998474121094,49.66999816894531,49.499000549316406,49.66999816894531,147200,0.0,0.0,0.0
2023-02-09 00:00:00-05:00,49.55500030517578,49.56999969482422,49.47999954223633,49.47999954223633,19600,0.0,0.0,0.0
2023-02-10 00:00:00-05:00,49.529998779296875,49.57899856567383,49.459999084472656,49.459999084472656,3400,0.0,0.0,0.0
2023-02-13 00:00:00-05:00,49.58000183105469,49.67499923706055,49.40999984741211,49.42499923706055,5300,0.0,0.0,0.0
2023-02-14 00:00:00-05:00,49.40999984741211,49.47999954223633,49.29999923706055,49.47999954223633,13500,0.0,0.0,0.0
2023-02-15 00:00:00-05:00,49.30699920654297,49.43000030517578,49.20000076293945,49.34000015258789,23700,0.0,0.0,0.0
2023-02-16 00:00:00-05:00,49.209999084472656,49.27000045776367,49.06999969482422,49.1349983215332,13300,0.0,0.0,0.0
2023-02-17 00:00:00-05:00,49.04999923706055,49.04999923706055,48.880001068115234,48.880001068115234,11800,0.0,0.0,0.0
2023-02-21 00:00:00-05:00,48.83000183105469,48.83000183105469,48.66999816894531,48.790000915527344,3500,0.0,0.0,0.0
2023-02-22 00:00:00-05:00,48.59000015258789,48.619998931884766,48.59000015258789,48.599998474121094,4000,0.0,0.0,0.0
2023-02-23 00:00:00-05:00,48.599998474121094,48.65999984741211,48.43000030517578,48.54499816894531,7200,0.0,0.0,0.0
2023-02-24 00:00:00-05:00,48.47999954223633,48.5,48.369998931884766,48.459999084472656,10200,0.0,0.0,0.0
2023-02-27 00:00:00-05:00,48.380001068115234,48.619998931884766,48.380001068115234,48.619998931884766,1400,0.0,0.0,0.0
2023-02-28 00:00:00-05:00,48.529998779296875,48.599998474121094,48.529998779296875,48.58000183105469,4500,0.0,0.0,0.0
2023-03-01 00:00:00-05:00,48.65999984741211,48.65999984741211,47.4900016784668,48.5,30800,0.0,0.0,0.0
2023-03-02 00:00:00-05:00,48.5,48.59600067138672,48.20000076293945,48.38999938964844,14900,0.0,0.0,0.0
2023-03-03 00:00:00-05:00,48.5,48.571998596191406,48.34000015258789,48.560001373291016,5500,0.0,0.0,0.0
2023-03-06 00:00:00-05:00,48.599998474121094,48.63999938964844,48.49599838256836,48.63999938964844,4600,0.0,0.0,0.0
2023-03-07 00:00:00-05:00,48.58000183105469,48.71500015258789,48.494998931884766,48.58000183105469,12900,0.0,0.0,0.0
2023-03-08 00:00:00-05:00,48.58000183105469,48.75,48.36000061035156,48.560001373291016,9600,0.0,0.0,0.0
2023-03-09 00:00:00-05:00,48.59000015258789,48.84000015258789,48.52000045776367,48.779998779296875,21100,0.0,0.0,0.0
2023-03-10 00:00:00-05:00,48.86899948120117,49.029998779296875,48.7400016784668,48.7400016784668,7900,0.0,0.0,0.0
2023-03-13 00:00:00-04:00,49.04999923706055,49.04999923706055,48.810001373291016,48.90999984741211,67700,0.0,0.0,0.0
2023-03-14 00:00:00-04:00,48.970001220703125,48.970001220703125,48.540000915527344,48.81999969482422,13800,0.0,0.0,0.0
2023-03-15 00:00:00-04:00,48.959999084472656,49.04999923706055,48.779998779296875,49.040000915527344,5300,0.0,0.0,0.0
2023-03-16 00:00:00-04:00,49.060001373291016,49.060001373291016,48.65999984741211,48.72999954223633,6400,0.0,0.0,0.0
2023-03-17 00:00:00-04:00,49.06999969482422,49.11000061035156,48.97999954223633,48.9900016784668,5200,0.0,0.0,0.0
2023-03-20 00:00:00-04:00,49.06999969482422,49.11000061035156,48.790000915527344,48.93000030517578,12100,0.0,0.0,0.0
2023-03-21 00:00:00-04:00,49.0,49.0,48.63999938964844,48.83000183105469,9300,0.0,0.0,0.0
2023-03-22 00:00:00-04:00,48.970001220703125,49.130001068115234,48.63999938964844,49.130001068115234,10100,0.0,0.0,0.0
2023-03-23 00:00:00-04:00,48.93000030517578,49.16999816894531,48.93000030517578,49.040000915527344,9900,0.0,0.0,0.0
2023-03-24 00:00:00-04:00,48.97999954223633,49.25,48.90999984741211,49.040000915527344,11400,0.0,0.0,0.0
2023-03-27 00:00:00-04:00,49.06999969482422,49.08000183105469,48.70000076293945,48.90999984741211,5600,0.0,0.0,0.0
2023-03-28 00:00:00-04:00,49.0099983215332,49.04999923706055,48.77000045776367,49.0,108400,0.0,0.0,0.0
2023-03-29 00:00:00-04:00,48.880001068115234,49.27000045776367,48.880001068115234,49.119998931884766,17700,0.0,0.0,0.0
2023-03-30 00:00:00-04:00,49.209999084472656,49.400001525878906,49.09000015258789,49.09000015258789,14700,0.0,0.0,0.0
2023-03-31 00:00:00-04:00,49.209999084472656,49.36000061035156,49.150001525878906,49.22999954223633,11100,0.0,0.0,0.0
2023-04-03 00:00:00-04:00,49.20000076293945,49.41999816894531,49.20000076293945,49.33399963378906,17400,0.0,0.0,0.0
2023-04-04 00:00:00-04:00,49.13999938964844,49.52000045776367,49.13999938964844,49.290000915527344,14100,0.0,0.0,0.0
2023-04-05 00:00:00-04:00,49.470001220703125,49.84000015258789,49.470001220703125,49.529998779296875,15200,0.0,0.0,0.0
2023-04-06 00:00:00-04:00,49.54999923706055,49.720001220703125,49.53499984741211,49.720001220703125,10200,0.0,0.0,0.0
2023-04-10 00:00:00-04:00,49.72999954223633,49.72999954223633,49.540000915527344,49.560001373291016,14100,0.0,0.0,0.0
2023-04-11 00:00:00-04:00,49.650001525878906,49.709999084472656,49.630001068115234,49.709999084472656,5400,0.0,0.0,0.0
2023-04-12 00:00:00-04:00,49.7599983215332,49.81999969482422,49.63999938964844,49.810001373291016,15500,0.0,0.0,0.0
2023-04-13 00:00:00-04:00,49.869998931884766,49.869998931884766,49.66999816894531,49.689998626708984,13000,0.0,0.0,0.0
2023-04-14 00:00:00-04:00,49.70000076293945,49.81999969482422,49.61000061035156,49.619998931884766,9900,0.0,0.0,0.0
2023-04-17 00:00:00-04:00,49.56999969482422,49.720001220703125,49.540000915527344,49.59000015258789,19300,0.0,0.0,0.0
2023-04-18 00:00:00-04:00,49.40999984741211,49.40999984741211,49.02000045776367,49.29999923706055,27300,0.0,0.0,0.0
2023-04-19 00:00:00-04:00,49.119998931884766,49.13999938964844,48.959999084472656,49.11000061035156,2800,0.0,0.0,0.0
2023-04-20 00:00:00-04:00,49.13999938964844,49.23500061035156,49.051998138427734,49.20000076293945,4200,0.0,0.0,0.0
2023-04-21 00:00:00-04:00,49.060001373291016,49.06999969482422,48.93000030517578,48.939998626708984,14700,0.0,0.0,0.0
2023-04-24 00:00:00-04:00,49.06999969482422,49.209999084472656,48.970001220703125,49.060001373291016,9000,0.0,0.0,0.0
2023-04-25 00:00:00-04:00,49.2400016784668,49.2599983215332,49.04999923706055,49.16999816894531,11900,0.0,0.0,0.0
2023-04-26 00:00:00-04:00,49.2400016784668,49.310001373291016,49.09000015258789,49.09000015258789,9700,0.0,0.0,0.0
2023-04-27 00:00:00-04:00,49.02000045776367,49.040000915527344,48.9900016784668,49.029998779296875,7900,0.0,0.0,0.0
2023-04-28 00:00:00-04:00,49.25,49.2599983215332,49.060001373291016,49.189998626708984,6500,0.0,0.0,0.0
2023-05-01 00:00:00-04:00,49.27000045776367,49.27000045776367,48.97999954223633,49.040000915527344,23900,0.0,0.0,0.0
2023-05-02 00:00:00-04:00,49.119998931884766,49.2599983215332,49.0,49.150001525878906,26400,0.0,0.0,0.0
2023-05-03 00:00:00-04:00,49.2400016784668,49.27000045776367,49.099998474121094,49.22999954223633,11000,0.0,0.0,0.0
2023-05-04 00:00:00-04:00,49.279998779296875,49.29899978637695,49.185001373291016,49.22999954223633,3100,0.0,0.0,0.0
2023-05-05 00:00:00-04:00,49.25,49.33000183105469,49.22100067138672,49.22999954223633,14000,0.0,0.0,0.0
2023-05-08 00:00:00-04:00,49.2400016784668,49.38999938964844,49.13999938964844,49.2400016784668,20300,0.0,0.0,0.0
2023-05-09 00:00:00-04:00,49.279998779296875,49.380001068115234,49.16999816894531,49.220001220703125,15400,0.0,0.0,0.0
2023-05-10 00:00:00-04:00,49.310001373291016,49.400001525878906,49.185001373291016,49.34000015258789,13700,0.0,0.0,0.0
2023-05-11 00:00:00-04:00,49.33000183105469,49.400001525878906,49.25,49.25,3400,0.0,0.0,0.0
2023-05-12 00:00:00-04:00,49.31999969482422,49.38999938964844,49.18000030517578,49.255001068115234,10100,0.0,0.0,0.0
2023-05-15 00:00:00-04:00,49.2400016784668,49.25,49.159000396728516,49.25,14400,0.0,0.0,0.0
2023-05-16 00:00:00-04:00,49.20000076293945,49.25,49.09000015258789,49.13999938964844,14800,0.0,0.0,0.0
2023-05-17 00:00:00-04:00,49.150001525878906,49.24399948120117,49.09000015258789,49.189998626708984,4100,0.0,0.0,0.0
2023-05-18 00:00:00-04:00,49.15999984741211,49.15999984741211,48.91999816894531,48.959999084472656,20400,0.0,0.0,0.0
2023-05-19 00:00:00-04:00,48.900001525878906,48.900001525878906,48.5,48.779998779296875,26900,0.0,0.0,0.0
2023-05-22 00:00:00-04:00,48.59000015258789,48.72999954223633,48.5,48.529998779296875,43000,0.0,0.0,0.0
2023-05-23 00:00:00-04:00,48.560001373291016,48.599998474121094,48.29999923706055,48.349998474121094,14700,0.0,0.0,0.0
2023-05-24 00:00:00-04:00,48.380001068115234,48.4900016784668,48.22999954223633,48.22999954223633,3400,0.0,0.0,0.0
2023-05-25 00:00:00-04:00,48.18000030517578,48.459999084472656,48.15999984741211,48.369998931884766,14600,0.0,0.0,0.0
2023-05-26 00:00:00-04:00,48.369998931884766,48.59000015258789,48.369998931884766,48.380001068115234,9100,0.0,0.0,0.0
2023-05-30 00:00:00-04:00,48.459999084472656,48.70000076293945,48.459999084472656,48.599998474121094,191900,0.0,0.0,0.0
2023-05-31 00:00:00-04:00,48.54999923706055,48.779998779296875,48.54999923706055,48.68000030517578,38600,0.0,0.0,0.0
2023-06-01 00:00:00-04:00,48.73500061035156,49.22999954223633,48.619998931884766,48.7599983215332,48000,0.0,0.0,0.0
2023-06-02 00:00:00-04:00,48.77000045776367,48.77000045776367,48.63999938964844,48.63999938964844,25600,0.0,0.0,0.0
2023-06-05 00:00:00-04:00,48.66999816894531,48.880001068115234,48.54999923706055,48.77000045776367,2900,0.0,0.0,0.0
2023-06-06 00:00:00-04:00,48.75,48.95000076293945,48.599998474121094,48.845001220703125,9400,0.0,0.0,0.0
2023-06-07 00:00:00-04:00,48.93000030517578,48.93000030517578,48.54999923706055,48.7599983215332,15800,0.0,0.0,0.0
2023-06-08 00:00:00-04:00,48.869998931884766,48.98899841308594,48.749000549316406,48.87799835205078,18700,0.0,0.0,0.0
2023-06-09 00:00:00-04:00,48.84000015258789,48.84000015258789,48.52000045776367,48.67499923706055,6600,0.0,0.0,0.0
2023-06-12 00:00:00-04:00,48.84000015258789,48.9900016784668,48.560001373291016,48.849998474121094,11200,0.0,0.0,0.0
2023-06-13 00:00:00-04:00,48.880001068115234,49.060001373291016,48.79999923706055,48.81999969482422,8000,0.0,0.0,0.0
2023-06-14 00:00:00-04:00,48.970001220703125,49.04999923706055,48.81999969482422,48.93000030517578,21000,0.0,0.0,0.0
2023-06-15 00:00:00-04:00,48.97999954223633,48.97999954223633,48.810001373291016,48.89500045776367,3700,0.0,0.0,0.0
2023-06-16 00:00:00-04:00,48.90999984741211,49.08000183105469,48.80099868774414,48.97999954223633,14800,0.0,0.0,0.0
2023-06-20 00:00:00-04:00,48.95000076293945,49.119998931884766,48.95000076293945,49.064998626708984,21200,0.0,0.0,0.0
2023-06-21 00:00:00-04:00,49.13999938964844,49.13999938964844,48.95800018310547,49.060001373291016,25700,0.0,0.0,0.0
2023-06-22 00:00:00-04:00,49.02000045776367,49.029998779296875,48.84700012207031,49.029998779296875,15100,0.0,0.0,0.0
2023-06-23 00:00:00-04:00,49.189998626708984,49.189998626708984,49.06999969482422,49.16999816894531,67400,0.0,0.0,0.0
2023-06-26 00:00:00-04:00,49.130001068115234,49.244998931884766,49.025001525878906,49.040000915527344,24100,0.0,0.0,0.0
2023-06-27 00:00:00-04:00,48.9900016784668,49.130001068115234,48.93000030517578,48.93000030517578,11000,0.0,0.0,0.0
2023-06-28 00:00:00-04:00,49.04800033569336,49.18000030517578,49.0099983215332,49.13999938964844,12700,0.0,0.0,0.0
2023-06-29 00:00:00-04:00,48.97999954223633,49.04999923706055,48.810001373291016,49.02000045776367,15000,0.0,0.0,0.0
2023-06-30 00:00:00-04:00,49.060001373291016,49.11000061035156,48.86000061035156,48.9900016784668,28000,0.0,0.0,0.0
2023-07-03 00:00:00-04:00,49.040000915527344,49.31999969482422,48.7599983215332,48.959999084472656,18600,0.0,0.0,0.0
2023-07-05 00:00:00-04:00,49.02000045776367,49.1150016784668,48.79999923706055,48.970001220703125,13200,0.0,0.0,0.0
2023-07-06 00:00:00-04:00,49.04999923706055,49.04999923706055,48.75,48.8650016784668,13600,0.0,0.0,0.0
2023-07-07 00:00:00-04:00,48.869998931884766,49.0,48.68000030517578,48.95000076293945,17800,0.0,0.0,0.0
2023-07-10 00:00:00-04:00,48.88999938964844,49.22999954223633,48.71500015258789,48.88999938964844,29100,0.0,0.0,0.0
2023-07-11 00:00:00-04:00,48.880001068115234,49.060001373291016,48.68000030517578,48.869998931884766,4700,0.0,0.0,0.0
2023-07-12 00:00:00-04:00,49.04999923706055,49.18000030517578,49.0,49.06999969482422,14400,0.0,0.0,0.0
2023-07-13 00:00:00-04:00,49.08000183105469,49.189998626708984,49.08000183105469,49.099998474121094,6100,0.0,0.0,0.0
2023-07-14 00:00:00-04:00,49.0099983215332,49.06999969482422,48.994998931884766,49.0,8900,0.0,0.0,0.0
2023-07-17 00:00:00-04:00,49.09000015258789,49.09000015258789,49.012001037597656,49.09000015258789,11700,0.0,0.0,0.0
2023-07-18 00:00:00-04:00,49.15999984741211,49.255001068115234,49.099998474121094,49.150001525878906,12700,0.0,0.0,0.0
2023-07-19 00:00:00-04:00,49.220001220703125,49.220001220703125,49.165000915527344,49.20000076293945,3800,0.0,0.0,0.0
2023-07-20 00:00:00-04:00,49.220001220703125,49.40999984741211,49.16999816894531,49.279998779296875,12800,0.0,0.0,0.0
2023-07-21 00:00:00-04:00,49.209999084472656,49.220001220703125,49.099998474121094,49.15999984741211,8000,0.0,0.0,0.0
2023-07-24 00:00:00-04:00,49.11000061035156,49.220001220703125,49.08000183105469,49.119998931884766,6900,0.0,0.0,0.0
2023-07-25 00:00:00-04:00,49.189998626708984,49.220001220703125,49.064998626708984,49.220001220703125,7600,0.0,0.0,0.0
2023-07-26 00:00:00-04:00,49.15999984741211,49.220001220703125,49.15999984741211,49.16999816894531,5500,0.0,0.0,0.0
2023-07-27 00:00:00-04:00,49.130001068115234,49.20000076293945,49.099998474121094,49.099998474121094,10200,0.0,0.0,0.0
2023-07-28 00:00:00-04:00,49.13999938964844,49.220001220703125,49.09000015258789,49.095001220703125,3100,0.0,0.0,0.0
2023-07-31 00:00:00-04:00,49.08000183105469,49.19499969482422,48.939998626708984,49.04999923706055,11400,0.0,0.0,0.0
2023-08-01 00:00:00-04:00,48.959999084472656,48.959999084472656,48.79999923706055,48.81999969482422,11400,0.0,0.0,0.0
2023-08-02 00:00:00-04:00,48.77000045776367,48.900001525878906,48.6609992980957,48.68000030517578,12200,0.0,0.0,0.0
2023-08-03 00:00:00-04:00,48.470001220703125,48.6879997253418,48.459999084472656,48.459999084472656,10100,0.0,0.0,0.0
2023-08-04 00:00:00-04:00,48.59000015258789,48.70000076293945,48.48500061035156,48.70000076293945,71900,0.0,0.0,0.0
2023-08-07 00:00:00-04:00,48.47999954223633,48.709999084472656,48.47999954223633,48.57500076293945,21000,0.0,0.0,0.0
2023-08-08 00:00:00-04:00,48.630001068115234,48.82899856567383,48.529998779296875,48.689998626708984,6600,0.0,0.0,0.0
2023-08-09 00:00:00-04:00,48.689998626708984,48.8650016784668,48.599998474121094,48.744998931884766,2800,0.0,0.0,0.0
2023-08-10 00:00:00-04:00,48.77000045776367,48.810001373291016,48.650001525878906,48.68000030517578,23700,0.0,0.0,0.0
2023-08-11 00:00:00-04:00,48.63999938964844,48.81999969482422,48.54999923706055,48.66999816894531,57600,0.0,0.0,0.0
2023-08-14 00:00:00-04:00,48.630001068115234,48.72999954223633,48.56999969482422,48.630001068115234,13100,0.0,0.0,0.0
2023-08-15 00:00:00-04:00,48.68000030517578,48.95000076293945,48.650001525878906,48.80500030517578,30000,0.0,0.0,0.0
2023-08-16 00:00:00-04:00,48.689998626708984,48.95000076293945,48.540000915527344,48.56999969482422,7800,0.0,0.0,0.0
2023-08-17 00:00:00-04:00,48.54999923706055,48.810001373291016,48.5,48.560001373291016,48400,0.0,0.0,0.0
2023-08-18 00:00:00-04:00,48.52000045776367,48.68000030517578,48.5,48.5,13000,0.0,0.0,0.0
2023-08-21 00:00:00-04:00,48.400001525878906,48.61000061035156,48.27399826049805,48.29999923706055,17100,0.0,0.0,0.0
2023-08-22 00:00:00-04:00,48.25,48.40999984741211,48.099998474121094,48.099998474121094,14500,0.0,0.0,0.0
2023-08-23 00:00:00-04:00,48.45500183105469,48.56999969482422,48.220001220703125,48.31999969482422,5800,0.0,0.0,0.0
2023-08-24 00:00:00-04:00,48.18000030517578,48.36000061035156,48.150001525878906,48.209999084472656,11400,0.0,0.0,0.0
2023-08-25 00:00:00-04:00,48.25,48.2599983215332,48.09000015258789,48.2599983215332,3500,0.0,0.0,0.0
2023-08-28 00:00:00-04:00,48.25,48.31999969482422,48.15999984741211,48.2599983215332,9300,0.0,0.0,0.0
2023-08-29 00:00:00-04:00,48.540000915527344,48.564998626708984,48.137001037597656,48.15999984741211,9600,0.0,0.0,0.0
2023-08-30 00:00:00-04:00,48.18000030517578,48.61000061035156,48.17499923706055,48.31999969482422,9900,0.0,0.0,0.0
2023-08-31 00:00:00-04:00,48.27000045776367,48.47999954223633,48.20000076293945,48.20000076293945,6700,0.0,0.0,0.0
2023-09-01 00:00:00-04:00,48.38999938964844,48.7400016784668,48.290000915527344,48.290000915527344,7500,0.0,0.0,0.0
2023-09-05 00:00:00-04:00,48.529998779296875,48.529998779296875,48.18000030517578,48.303001403808594,22500,0.0,0.0,0.0
2023-09-06 00:00:00-04:00,48.2400016784668,48.61000061035156,48.150001525878906,48.25,10300,0.0,0.0,0.0
2023-09-07 00:00:00-04:00,48.310001373291016,48.369998931884766,48.130001068115234,48.130001068115234,7400,0.0,0.0,0.0
2023-09-08 00:00:00-04:00,48.27000045776367,48.31999969482422,48.13999938964844,48.31999969482422,10600,0.0,0.0,0.0
2023-09-11 00:00:00-04:00,48.400001525878906,48.470001220703125,48.18000030517578,48.27000045776367,17500,0.0,0.0,0.0
2023-09-12 00:00:00-04:00,48.279998779296875,48.6349983215332,48.16999816894531,48.18000030517578,10100,0.0,0.0,0.0
2023-09-13 00:00:00-04:00,48.20000076293945,48.599998474121094,48.20000076293945,48.310001373291016,6200,0.0,0.0,0.0
2023-09-14 00:00:00-04:00,48.22999954223633,48.33000183105469,48.04999923706055,48.15999984741211,20200,0.0,0.0,0.0
2023-09-15 00:00:00-04:00,48.25,48.25,48.09000015258789,48.16999816894531,10200,0.0,0.0,0.0
2023-09-18 00:00:00-04:00,48.16999816894531,48.27000045776367,48.060001373291016,48.16999816894531,18200,0.0,0.0,0.0
2023-09-19 00:00:00-04:00,48.2599983215332,48.59000015258789,48.09000015258789,48.209999084472656,14500,0.0,0.0,0.0
2023-09-20 00:00:00-04:00,48.17499923706055,48.2400016784668,48.13999938964844,48.220001220703125,18600,0.0,0.0,0.0
2023-09-21 00:00:00-04:00,47.91999816894531,48.029998779296875,47.91999816894531,47.95000076293945,6900,0.0,0.0,0.0
2023-09-22 00:00:00-04:00,47.810001373291016,47.94900131225586,47.7599983215332,47.7599983215332,20000,0.0,0.0,0.0
2023-09-25 00:00:00-04:00,47.59000015258789,47.70000076293945,47.439998626708984,47.52000045776367,21900,0.0,0.0,0.0
2023-09-26 00:00:00-04:00,47.47999954223633,47.47999954223633,47.369998931884766,47.470001220703125,12400,0.0,0.0,0.0
2023-09-27 00:00:00-04:00,47.5099983215332,47.5099983215332,47.310001373291016,47.380001068115234,10500,0.0,0.0,0.0
2023-09-28 00:00:00-04:00,47.290000915527344,47.29800033569336,47.099998474121094,47.165000915527344,13200,0.0,0.0,0.0
2023-09-29 00:00:00-04:00,47.33000183105469,47.38999938964844,47.16999816894531,47.2400016784668,15700,0.0,0.0,0.0
2023-10-02 00:00:00-04:00,47.22999954223633,47.29999923706055,47.02000045776367,47.04999923706055,17900,0.0,0.0,0.0
2023-10-03 00:00:00-04:00,47.060001373291016,47.060001373291016,46.849998474121094,46.95500183105469,33400,0.0,0.0,0.0
2023-10-04 00:00:00-04:00,46.93000030517578,46.97999954223633,46.91999816894531,46.970001220703125,9300,0.0,0.0,0.0
2023-10-05 00:00:00-04:00,47.04999923706055,47.11000061035156,46.9900016784668,47.099998474121094,8800,0.0,0.0,0.0
2023-10-06 00:00:00-04:00,46.83000183105469,46.98500061035156,46.81999969482422,46.84000015258789,22000,0.0,0.0,0.0
2023-10-09 00:00:00-04:00,46.96500015258789,47.040000915527344,46.88999938964844,47.040000915527344,5700,0.0,0.0,0.0
2023-10-10 00:00:00-04:00,47.0,47.279998779296875,47.0,47.15999984741211,4100,0.0,0.0,0.0
2023-10-11 00:00:00-04:00,47.36000061035156,47.54999923706055,47.310001373291016,47.470001220703125,2900,0.0,0.0,0.0
2023-10-12 00:00:00-04:00,47.56999969482422,47.56999969482422,47.22999954223633,47.33000183105469,7000,0.0,0.0,0.0
2023-10-13 00:00:00-04:00,47.33000183105469,47.560001373291016,47.21099853515625,47.560001373291016,22600,0.0,0.0,0.0
2023-10-16 00:00:00-04:00,47.43000030517578,47.43000030517578,47.06999969482422,47.15999984741211,22900,0.0,0.0,0.0
2023-10-17 00:00:00-04:00,47.13199996948242,47.189998626708984,47.0,47.060001373291016,15100,0.0,0.0,0.0
2023-10-18 00:00:00-04:00,46.939998626708984,47.060001373291016,46.79999923706055,46.81999969482422,12900,0.0,0.0,0.0
2023-10-19 00:00:00-04:00,46.90999984741211,46.90999984741211,46.77000045776367,46.83000183105469,18100,0.0,0.0,0.0
2023-10-20 00:00:00-04:00,46.720001220703125,46.849998474121094,46.650001525878906,46.7400016784668,11100,0.0,0.0,0.0
2023-10-23 00:00:00-04:00,46.7400016784668,46.84000015258789,46.56999969482422,46.7599983215332,13800,0.0,0.0,0.0
2023-10-24 00:00:00-04:00,46.63999938964844,46.79999923706055,46.29999923706055,46.75,26600,0.0,0.0,0.0
2023-10-25 00:00:00-04:00,46.630001068115234,46.68000030517578,46.459999084472656,46.459999084472656,9200,0.0,0.0,0.0
2023-10-26 00:00:00-04:00,46.58000183105469,46.70000076293945,46.310001373291016,46.61000061035156,27700,0.0,0.0,0.0
2023-10-27 00:00:00-04:00,46.58000183105469,46.650001525878906,46.5099983215332,46.57500076293945,3800,0.0,0.0,0.0
2023-10-30 00:00:00-04:00,46.599998474121094,46.599998474121094,46.5,46.5099983215332,35000,0.0,0.0,0.0
2023-10-31 00:00:00-04:00,46.59000015258789,46.665000915527344,46.5,46.63999938964844,4800,0.0,0.0,0.0
2023-11-01 00:00:00-04:00,46.630001068115234,46.7599983215332,46.34000015258789,46.70000076293945,27500,0.0,0.0,0.0
2023-11-02 00:00:00-04:00,46.93000030517578,47.19900131225586,46.834999084472656,47.09000015258789,22500,0.0,0.0,0.0
2023-11-03 00:00:00-04:00,47.22999954223633,47.5099983215332,47.185001373291016,47.4010009765625,19700,0.0,0.0,0.0
2023-11-06 00:00:00-05:00,47.310001373291016,47.41999816894531,47.099998474121094,47.099998474121094,29100,0.0,0.0,0.0
2023-11-07 00:00:00-05:00,47.290000915527344,47.56999969482422,47.27000045776367,47.56999969482422,6500,0.0,0.0,0.0
2023-11-08 00:00:00-05:00,47.45000076293945,47.709999084472656,47.41999816894531,47.59000015258789,4300,0.0,0.0,0.0
2023-11-09 00:00:00-05:00,47.61000061035156,47.76499938964844,47.43000030517578,47.525001525878906,7100,0.0,0.0,0.0
2023-11-10 00:00:00-05:00,47.689998626708984,47.79999923706055,47.654998779296875,47.654998779296875,10500,0.0,0.0,0.0
2023-11-13 00:00:00-05:00,47.52000045776367,47.77000045776367,47.52000045776367,47.619998931884766,10700,0.0,0.0,0.0
2023-11-14 00:00:00-05:00,47.810001373291016,48.19599914550781,47.810001373291016,48.04199981689453,14200,0.0,0.0,0.0
2023-11-15 00:00:00-05:00,47.900001525878906,48.13999938964844,47.790000915527344,47.790000915527344,26100,0.0,0.0,0.0
2023-11-16 00:00:00-05:00,48.051998138427734,48.279998779296875,47.91999816894531,48.13100051879883,13500,0.0,0.0,0.0
2023-11-17 00:00:00-05:00,48.18000030517578,48.189998626708984,47.89500045776367,48.03499984741211,8100,0.0,0.0,0.0
2023-11-20 00:00:00-05:00,48.31999969482422,48.43000030517578,47.900001525878906,48.20800018310547,31100,0.0,0.0,0.0
2023-11-21 00:00:00-05:00,48.06999969482422,48.380001068115234,47.9900016784668,48.189998626708984,25600,0.0,0.0,0.0
2023-11-22 00:00:00-05:00,48.439998626708984,48.439998626708984,48.119998931884766,48.23500061035156,14900,0.0,0.0,0.0
2023-11-24 00:00:00-05:00,48.349998474121094,48.400001525878906,48.349998474121094,48.400001525878906,600,0.0,0.0,0.0
2023-11-27 00:00:00-05:00,48.25,48.58000183105469,48.23500061035156,48.560001373291016,26600,0.0,0.0,0.0
2023-11-28 00:00:00-05:00,48.61000061035156,48.91999816894531,48.349998474121094,48.83000183105469,14200,0.0,0.0,0.0
2023-11-29 00:00:00-05:00,48.880001068115234,49.029998779296875,48.68000030517578,48.70000076293945,16600,0.0,0.0,0.0
2023-11-30 00:00:00-05:00,48.959999084472656,48.9900016784668,48.65999984741211,48.849998474121094,26000,0.0,0.0,0.0
2023-12-01 00:00:00-05:00,48.91999816894531,49.125,48.75199890136719,48.994998931884766,10400,0.0,0.0,0.0
2023-12-04 00:00:00-05:00,49.040000915527344,49.119998931884766,48.810001373291016,49.0,32700,0.0,0.0,0.0
2023-12-05 00:00:00-05:00,49.130001068115234,49.224998474121094,48.970001220703125,49.220001220703125,9000,0.0,0.0,0.0
2023-12-06 00:00:00-05:00,49.16999816894531,49.349998474121094,49.04999923706055,49.099998474121094,27000,0.0,0.0,0.0
2023-12-07 00:00:00-05:00,49.33000183105469,49.400001525878906,49.029998779296875,49.255001068115234,15800,0.0,0.0,0.0
2023-12-08 00:00:00-05:00,49.29999923706055,49.95000076293945,49.22999954223633,49.290000915527344,41100,0.0,0.0,0.0
2023-12-11 00:00:00-05:00,49.38999938964844,49.38999938964844,49.220001220703125,49.26499938964844,5900,0.0,0.0,0.0
2023-12-12 00:00:00-05:00,49.310001373291016,49.724998474121094,49.20000076293945,49.310001373291016,64500,0.0,0.0,0.0
2023-12-13 00:00:00-05:00,49.40999984741211,49.689998626708984,49.22999954223633,49.54999923706055,47700,0.0,0.0,0.0
2023-12-14 00:00:00-05:00,49.736000061035156,49.93000030517578,49.57099914550781,49.76900100708008,18300,0.0,0.0,0.0
2023-12-15 00:00:00-05:00,49.939998626708984,49.939998626708984,49.720001220703125,49.784000396728516,41200,0.0,0.0,0.0
2023-12-18 00:00:00-05:00,49.900001525878906,49.900001525878906,49.619998931884766,49.7599983215332,54600,0.0,0.0,0.0
2023-12-19 00:00:00-05:00,49.65999984741211,49.900001525878906,49.65999984741211,49.869998931884766,32500,0.0,0.0,0.0
2023-12-20 00:00:00-05:00,49.7599983215332,51.970001220703125,49.7599983215332,50.0,164100,0.0,0.0,0.0
2023-12-21 00:00:00-05:00,50.029998779296875,50.040000915527344,49.869998931884766,49.939998626708984,33800,0.0,0.0,0.0
2023-12-22 00:00:00-05:00,50.0,50.0,49.86000061035156,49.8849983215332,45600,0.0,0.0,0.0
2023-12-26 00:00:00-05:00,49.880001068115234,49.880001068115234,49.827999114990234,49.834999084472656,20200,0.0,0.0,0.0
2023-12-27 00:00:00-05:00,49.95000076293945,50.02000045776367,49.88999938964844,49.95899963378906,27100,0.0,0.0,0.0
2023-12-28 00:00:00-05:00,49.810001373291016,49.939998626708984,49.611000061035156,49.779998779296875,372300,0.0,0.0,0.0
2023-12-29 00:00:00-05:00,49.95000076293945,49.95000076293945,49.880001068115234,49.90999984741211,66600,0.0,0.0,0.0
2024-01-02 00:00:00-05:00,49.95000076293945,49.97999954223633,49.79499816894531,49.939998626708984,392500,0.0,0.0,0.0
2024-01-03 00:00:00-05:00,49.93000030517578,50.0,49.85300064086914,49.94499969482422,27000,0.0,0.0,0.0
2024-01-04 00:00:00-05:00,49.7599983215332,49.90999984741211,49.7599983215332,49.790000915527344,20200,0.0,0.0,0.0
2024-01-05 00:00:00-05:00,49.93000030517578,49.93000030517578,49.72999954223633,49.85499954223633,9500,0.0,0.0,0.0
2024-01-08 00:00:00-05:00,49.81999969482422,49.979000091552734,49.81999969482422,49.86000061035156,38200,0.0,0.0,0.0
2024-01-09 00:00:00-05:00,49.97999954223633,50.0099983215332,49.81999969482422,49.9900016784668,15000,0.0,0.0,0.0
2024-01-10 00:00:00-05:00,49.810001373291016,49.959999084472656,49.79999923706055,49.79999923706055,9000,0.0,0.0,0.0
2024-01-11 00:00:00-05:00,49.93000030517578,50.03900146484375,49.79999923706055,49.9900016784668,29100,0.0,0.0,0.0
2024-01-12 00:00:00-05:00,49.79100036621094,50.04999923706055,49.78900146484375,49.90999984741211,33100,0.0,0.0,0.0
2024-01-16 00:00:00-05:00,50.0,50.0,49.736000061035156,49.880001068115234,14700,0.0,0.0,0.0
2024-01-17 00:00:00-05:00,49.900001525878906,49.900001525878906,49.709999084472656,49.755001068115234,5400,0.0,0.0,0.0
2024-01-18 00:00:00-05:00,49.73099899291992,49.75,49.59000015258789,49.599998474121094,14600,0.0,0.0,0.0
2024-01-19 00:00:00-05:00,49.709999084472656,49.709999084472656,49.540000915527344,49.66999816894531,56700,0.0,0.0,0.0
2024-01-22 00:00:00-05:00,49.66999816894531,49.66999816894531,49.4900016784668,49.59000015258789,24800,0.0,0.0,0.0
2024-01-23 00:00:00-05:00,49.47999954223633,49.54999923706055,47.43000030517578,49.52000045776367,27300,0.0,0.0,0.0
2024-01-24 00:00:00-05:00,49.54999923706055,49.54999923706055,49.31999969482422,49.35499954223633,14800,0.0,0.0,0.0
2024-01-25 00:00:00-05:00,49.400001525878906,49.43000030517578,49.327999114990234,49.400001525878906,9000,0.0,0.0,0.0
2024-01-26 00:00:00-05:00,49.33000183105469,49.45000076293945,49.33000183105469,49.42499923706055,12500,0.0,0.0,0.0
2024-01-29 00:00:00-05:00,49.59000015258789,49.630001068115234,49.5,49.630001068115234,42500,0.0,0.0,0.0
2024-01-30 00:00:00-05:00,49.709999084472656,49.709999084472656,49.529998779296875,49.709999084472656,23700,0.0,0.0,0.0
2024-01-31 00:00:00-05:00,49.810001373291016,49.89500045776367,49.70000076293945,49.79999923706055,13800,0.0,0.0,0.0
2024-02-01 00:00:00-05:00,49.9900016784668,50.09000015258789,49.90999984741211,50.060001373291016,34300,0.0,0.0,0.0
2024-02-02 00:00:00-05:00,49.91999816894531,49.91999816894531,49.77000045776367,49.83000183105469,33000,0.0,0.0,0.0
2024-02-05 00:00:00-05:00,49.810001373291016,49.81999969482422,49.58000183105469,49.66999816894531,18400,0.0,0.0,0.0
2024-02-06 00:00:00-05:00,49.599998474121094,49.709999084472656,49.599998474121094,49.630001068115234,12300,0.0,0.0,0.0
2024-02-07 00:00:00-05:00,49.7400016784668,49.7400016784668,49.619998931884766,49.619998931884766,8300,0.0,0.0,0.0
2024-02-08 00:00:00-05:00,49.63999938964844,49.72999954223633,49.63999938964844,49.72999954223633,3100,0.0,0.0,0.0
2024-02-09 00:00:00-05:00,49.749000549316406,49.749000549316406,49.667999267578125,49.66999816894531,3900,0.0,0.0,0.0
2024-02-12 00:00:00-05:00,49.689998626708984,49.790000915527344,49.689998626708984,49.7400016784668,17700,0.0,0.0,0.0
2024-02-13 00:00:00-05:00,49.65999984741211,49.72999954223633,49.54999923706055,49.599998474121094,31900,0.0,0.0,0.0
2024-02-14 00:00:00-05:00,49.599998474121094,49.66600036621094,49.58000183105469,49.64500045776367,9800,0.0,0.0,0.0
2024-02-15 00:00:00-05:00,49.7599983215332,49.7599983215332,49.63999938964844,49.63999938964844,36600,0.0,0.0,0.0
2024-02-16 00:00:00-05:00,49.70000076293945,49.71799850463867,49.61000061035156,49.63999938964844,8700,0.0,0.0,0.0
2024-02-20 00:00:00-05:00,49.630001068115234,49.77000045776367,49.630001068115234,49.65999984741211,12100,0.0,0.0,0.0
2024-02-21 00:00:00-05:00,49.70000076293945,49.779998779296875,49.619998931884766,49.72999954223633,35900,0.0,0.0,0.0
2024-02-22 00:00:00-05:00,49.70000076293945,49.70000076293945,49.540000915527344,49.560001373291016,8100,0.0,0.0,0.0
2024-02-23 00:00:00-05:00,49.72999954223633,49.72999954223633,49.619998931884766,49.689998626708984,4400,0.0,0.0,0.0
2024-02-26 00:00:00-05:00,49.79999923706055,49.79999923706055,49.632999420166016,49.68000030517578,18000,0.0,0.0,0.0
2024-02-27 00:00:00-05:00,49.70000076293945,49.71799850463867,49.599998474121094,49.709999084472656,8900,0.0,0.0,0.0
2024-02-28 00:00:00-05:00,49.7599983215332,49.77000045776367,49.709999084472656,49.720001220703125,16700,0.0,0.0,0.0
2024-02-29 00:00:00-05:00,49.79999923706055,49.79999923706055,49.722999572753906,49.77000045776367,11500,0.0,0.0,0.0
2024-03-01 00:00:00-05:00,49.81999969482422,49.84000015258789,49.698001861572266,49.779998779296875,22900,0.0,0.0,0.0
2024-03-04 00:00:00-05:00,49.7599983215332,49.779998779296875,49.70000076293945,49.755001068115234,17000,0.0,0.0,0.0
2024-03-05 00:00:00-05:00,49.86000061035156,49.86000061035156,49.779998779296875,49.81999969482422,11900,0.0,0.0,0.0
2024-03-06 00:00:00-05:00,49.7400016784668,49.849998474121094,49.7400016784668,49.810001373291016,16900,0.0,0.0,0.0
2024-03-07 00:00:00-05:00,49.900001525878906,49.90999984741211,49.869998931884766,49.90999984741211,20400,0.0,0.0,0.0
2024-03-08 00:00:00-05:00,49.97999954223633,49.97999954223633,49.869998931884766,49.93000030517578,9400,0.0,0.0,0.0
2024-03-11 00:00:00-04:00,49.9900016784668,49.9900016784668,49.87799835205078,49.93000030517578,16900,0.0,0.0,0.0
2024-03-12 00:00:00-04:00,49.91999816894531,49.95000076293945,49.880001068115234,49.91999816894531,8800,0.0,0.0,0.0
2024-03-13 00:00:00-04:00,50.0099983215332,50.0099983215332,49.92499923706055,49.95000076293945,12900,0.0,0.0,0.0
2024-03-14 00:00:00-04:00,49.880001068115234,49.880001068115234,49.79999923706055,49.834999084472656,173400,0.0,0.0,0.0
2024-03-15 00:00:00-04:00,49.849998474121094,49.880001068115234,49.77000045776367,49.82500076293945,239400,0.0,0.0,0.0
2024-03-18 00:00:00-04:00,49.83000183105469,49.83000183105469,49.72999954223633,49.810001373291016,15400,0.0,0.0,0.0
2024-03-19 00:00:00-04:00,49.720001220703125,49.83000183105469,49.71099853515625,49.79999923706055,9200,0.0,0.0,0.0
2024-03-20 00:00:00-04:00,49.83000183105469,49.83000183105469,49.72999954223633,49.790000915527344,10500,0.0,0.0,0.0
2024-03-21 00:00:00-04:00,49.7400016784668,49.7400016784668,49.67900085449219,49.70000076293945,9400,0.0,0.0,0.0
2024-03-22 00:00:00-04:00,49.79999923706055,49.79999923706055,49.63999938964844,49.70000076293945,20200,0.0,0.0,0.0
2024-03-25 00:00:00-04:00,49.70000076293945,49.709999084472656,49.64500045776367,49.709999084472656,76700,0.0,0.0,0.0
2024-03-26 00:00:00-04:00,49.70000076293945,49.70000076293945,49.61000061035156,49.650001525878906,22300,0.0,0.0,0.0
2024-03-27 00:00:00-04:00,49.630001068115234,49.65999984741211,49.58000183105469,49.630001068115234,38400,0.0,0.0,0.0
2024-03-28 00:00:00-04:00,49.75,49.75,49.619998931884766,49.650001525878906,74800,0.0,0.0,0.0
2024-04-01 00:00:00-04:00,49.68000030517578,49.68000030517578,49.529998779296875,49.56999969482422,5100,0.0,0.0,0.0
2024-04-02 00:00:00-04:00,49.529998779296875,49.54999923706055,49.349998474121094,49.36000061035156,8800,0.0,0.0,0.0
2024-04-03 00:00:00-04:00,49.25,49.34000015258789,49.2400016784668,49.31999969482422,13900,0.0,0.0,0.0
2024-04-04 00:00:00-04:00,49.41999816894531,49.41999816894531,49.31999969482422,49.369998931884766,9500,0.0,0.0,0.0
2024-04-05 00:00:00-04:00,49.369998931884766,49.369998931884766,49.305999755859375,49.34000015258789,5700,0.0,0.0,0.0
2024-04-08 00:00:00-04:00,49.310001373291016,49.310001373291016,49.2239990234375,49.275001525878906,22600,0.0,0.0,0.0
2024-04-09 00:00:00-04:00,49.290000915527344,49.61000061035156,49.290000915527344,49.369998931884766,23600,0.0,0.0,0.0
2024-04-10 00:00:00-04:00,49.279998779296875,49.290000915527344,49.150001525878906,49.150001525878906,4200,0.0,0.0,0.0
2024-04-11 00:00:00-04:00,49.150001525878906,49.2599983215332,49.150001525878906,49.15999984741211,5500,0.0,0.0,0.0
2024-04-12 00:00:00-04:00,49.400001525878906,49.400001525878906,49.290000915527344,49.34000015258789,14900,0.0,0.0,0.0
2024-04-15 00:00:00-04:00,49.34000015258789,49.34000015258789,49.209999084472656,49.31999969482422,14500,0.0,0.0,0.0
2024-04-16 00:00:00-04:00,49.29999923706055,49.29999923706055,49.150001525878906,49.220001220703125,19500,0.0,0.0,0.0
2024-04-17 00:00:00-04:00,49.09000015258789,49.22999954223633,49.09000015258789,49.13999938964844,6600,0.0,0.0,0.0
2024-04-18 00:00:00-04:00,49.18000030517578,49.2400016784668,49.13999938964844,49.22999954223633,21100,0.0,0.0,0.0
2024-04-19 00:00:00-04:00,49.2599983215332,49.2599983215332,49.13999938964844,49.220001220703125,10800,0.0,0.0,0.0
2024-04-22 00:00:00-04:00,49.18000030517578,49.29999923706055,49.18000030517578,49.26900100708008,34500,0.0,0.0,0.0
2024-04-23 00:00:00-04:00,49.029998779296875,49.220001220703125,49.029998779296875,49.13999938964844,20300,0.0,0.0,0.0
2024-04-24 00:00:00-04:00,49.125,49.125,49.007999420166016,49.11000061035156,10400,0.0,0.0,0.0
2024-04-25 00:00:00-04:00,49.06999969482422,49.06999969482422,48.9010009765625,49.040000915527344,13200,0.0,0.0,0.0
2024-04-26 00:00:00-04:00,48.970001220703125,49.04999923706055,48.90999984741211,49.0,12800,0.0,0.0,0.0
2024-04-29 00:00:00-04:00,49.040000915527344,49.099998474121094,48.9900016784668,49.040000915527344,17700,0.0,0.0,0.0
2024-04-30 00:00:00-04:00,49.060001373291016,49.11000061035156,48.95000076293945,49.099998474121094,28300,0.0,0.0,0.0
2024-05-01 00:00:00-04:00,48.9900016784668,49.15999984741211,48.9370002746582,49.099998474121094,10100,0.0,0.0,0.0
2024-05-02 00:00:00-04:00,49.20000076293945,49.20000076293945,49.029998779296875,49.189998626708984,59900,0.0,0.0,0.0
2024-05-03 00:00:00-04:00,49.36000061035156,49.36000061035156,49.11000061035156,49.31999969482422,137300,0.0,0.0,0.0
2024-05-06 00:00:00-04:00,49.20000076293945,49.380001068115234,49.20000076293945,49.290000915527344,15000,0.0,0.0,0.0
2024-05-07 00:00:00-04:00,49.31999969482422,49.5099983215332,49.310001373291016,49.5,14800,0.0,0.0,0.0
2024-05-08 00:00:00-04:00,49.540000915527344,49.540000915527344,49.439998626708984,49.529998779296875,14100,0.0,0.0,0.0
2024-05-09 00:00:00-04:00,49.54999923706055,49.54999923706055,49.349998474121094,49.52000045776367,9000,0.0,0.0,0.0
2024-05-10 00:00:00-04:00,49.52000045776367,49.52000045776367,49.41999816894531,49.4900016784668,2300,0.0,0.0,0.0
2024-05-13 00:00:00-04:00,49.44499969482422,49.540000915527344,49.44499969482422,49.5099983215332,6100,0.0,0.0,0.0
2024-05-14 00:00:00-04:00,49.599998474121094,49.599998474121094,49.45000076293945,49.54999923706055,10700,0.0,0.0,0.0
2024-05-15 00:00:00-04:00,49.58000183105469,49.61000061035156,49.505001068115234,49.59000015258789,16200,0.0,0.0,0.0
2024-05-16 00:00:00-04:00,49.560001373291016,49.599998474121094,49.5,49.540000915527344,37000,0.0,0.0,0.0
2024-05-17 00:00:00-04:00,49.56999969482422,49.57899856567383,49.40999984741211,49.540000915527344,9800,0.0,0.0,0.0
2024-05-20 00:00:00-04:00,49.5,49.5,49.369998931884766,49.380001068115234,21100,0.0,0.0,0.0
2024-05-21 00:00:00-04:00,49.34000015258789,49.36000061035156,49.22999954223633,49.2599983215332,15600,0.0,0.0,0.0
2024-05-22 00:00:00-04:00,49.18000030517578,49.22999954223633,49.09000015258789,49.209999084472656,9400,0.0,0.0,0.0
2024-05-23 00:00:00-04:00,49.189998626708984,49.189998626708984,49.09000015258789,49.11000061035156,12500,0.0,0.0,0.0
2024-05-24 00:00:00-04:00,49.02000045776367,49.09000015258789,48.90999984741211,48.90999984741211,21900,0.0,0.0,0.0
2024-05-28 00:00:00-04:00,49.060001373291016,49.13999938964844,48.97999954223633,49.04999923706055,51300,0.0,0.0,0.0
2024-05-29 00:00:00-04:00,48.93000030517578,49.15999984741211,48.790000915527344,48.790000915527344,17800,0.0,0.0,0.0
2024-05-30 00:00:00-04:00,49.02000045776367,49.02000045776367,48.79999923706055,48.81999969482422,16200,0.0,0.0,0.0
2024-05-31 00:00:00-04:00,49.029998779296875,49.029998779296875,48.93000030517578,48.93000030517578,7000,0.0,0.0,0.0
2024-06-03 00:00:00-04:00,48.91999816894531,49.130001068115234,48.91999816894531,49.060001373291016,6300,0.0,0.0,0.0
2024-06-04 00:00:00-04:00,49.13999938964844,49.189998626708984,49.09000015258789,49.14500045776367,7200,0.0,0.0,0.0
2024-06-05 00:00:00-04:00,49.290000915527344,49.37799835205078,49.229000091552734,49.29999923706055,15900,0.0,0.0,0.0
2024-06-06 00:00:00-04:00,49.459999084472656,49.4900016784668,49.369998931884766,49.44499969482422,3100,0.0,0.0,0.0
2024-06-07 00:00:00-04:00,49.40999984741211,49.40999984741211,49.2599983215332,49.34000015258789,9000,0.0,0.0,0.0
2024-06-10 00:00:00-04:00,49.310001373291016,49.369998931884766,49.189998626708984,49.30500030517578,15100,0.0,0.0,0.0
2024-06-11 00:00:00-04:00,49.290000915527344,49.400001525878906,49.2599983215332,49.27000045776367,6200,0.0,0.0,0.0
2024-06-12 00:00:00-04:00,49.279998779296875,49.63999938964844,49.279998779296875,49.47999954223633,11900,0.0,0.0,0.0
2024-06-13 00:00:00-04:00,49.65999984741211,49.75,49.560001373291016,49.65999984741211,238000,0.0,0.0,0.0
2024-06-14 00:00:00-04:00,49.72999954223633,49.77000045776367,49.58000183105469,49.709999084472656,2500,0.0,0.0,0.0
2024-06-17 00:00:00-04:00,49.68000030517578,49.81999969482422,49.630001068115234,49.689998626708984,29600,0.0,0.0,0.0
2024-06-18 00:00:00-04:00,49.63999938964844,49.7859992980957,49.63999938964844,49.68000030517578,6500,0.0,0.0,0.0
2024-06-20 00:00:00-04:00,49.810001373291016,49.819000244140625,49.650001525878906,49.720001220703125,27300,0.0,0.0,0.0
2024-06-21 00:00:00-04:00,49.81999969482422,49.81999969482422,49.66999816894531,49.79999923706055,2500,0.0,0.0,0.0
2024-06-24 00:00:00-04:00,49.81999969482422,49.83000183105469,49.650001525878906,49.810001373291016,12800,0.0,0.0,0.0
2024-06-25 00:00:00-04:00,49.900001525878906,49.900001525878906,49.66999816894531,49.83000183105469,5800,0.0,0.0,0.0
2024-06-26 00:00:00-04:00,49.849998474121094,49.849998474121094,49.56999969482422,49.720001220703125,8100,0.0,0.0,0.0
2024-06-27 00:00:00-04:00,49.599998474121094,49.72999954223633,49.5099983215332,49.5099983215332,7200,0.0,0.0,0.0
2024-06-28 00:00:00-04:00,49.650001525878906,49.650001525878906,49.38999938964844,49.52000045776367,9100,0.0,0.0,0.0
2024-07-01 00:00:00-04:00,49.5099983215332,49.5099983215332,49.189998626708984,49.43000030517578,23400,0.0,0.0,0.0
2024-07-02 00:00:00-04:00,49.40999984741211,49.45000076293945,49.25,49.34000015258789,24600,0.0,0.0,0.0
2024-07-03 00:00:00-04:00,49.400001525878906,49.52000045776367,49.400001525878906,49.439998626708984,7100,0.0,0.0,0.0
2024-07-05 00:00:00-04:00,49.619998931884766,49.619998931884766,49.459999084472656,49.525001525878906,16700,0.0,0.0,0.0
2024-07-08 00:00:00-04:00,49.45000076293945,49.590999603271484,49.441001892089844,49.529998779296875,7000,0.0,0.0,0.0
2024-07-09 00:00:00-04:00,49.560001373291016,49.650001525878906,49.470001220703125,49.59000015258789,7400,0.0,0.0,0.0
2024-07-10 00:00:00-04:00,49.5,49.68000030517578,49.5,49.6150016784668,4300,0.0,0.0,0.0
2024-07-11 00:00:00-04:00,49.560001373291016,49.75,49.560001373291016,49.66999816894531,15300,0.0,0.0,0.0
2024-07-12 00:00:00-04:00,49.869998931884766,49.869998931884766,49.61000061035156,49.7400016784668,3100,0.0,0.0,0.0
2024-07-15 00:00:00-04:00,49.68000030517578,49.750999450683594,49.619998931884766,49.70399856567383,13600,0.0,0.0,0.0
2024-07-16 00:00:00-04:00,49.93000030517578,49.93000030517578,49.630001068115234,49.81999969482422,8400,0.0,0.0,0.0
2024-07-17 00:00:00-04:00,49.880001068115234,49.880001068115234,49.7400016784668,49.7599983215332,2400,0.0,0.0,0.0
2024-07-18 00:00:00-04:00,49.900001525878906,49.900001525878906,49.680999755859375,49.77000045776367,17900,0.0,0.0,0.0
2024-07-19 00:00:00-04:00,49.88999938964844,49.88999938964844,49.68199920654297,49.770999908447266,13100,0.0,0.0,0.0
2024-07-22 00:00:00-04:00,49.79999923706055,49.84000015258789,49.689998626708984,49.75,23100,0.0,0.0,0.0
2024-07-23 00:00:00-04:00,49.81999969482422,49.81999969482422,49.630001068115234,49.630001068115234,3000,0.0,0.0,0.0
2024-07-24 00:00:00-04:00,49.630001068115234,49.709999084472656,49.49100112915039,49.5629997253418,20800,0.0,0.0,0.0
2024-07-25 00:00:00-04:00,49.689998626708984,49.689998626708984,49.47999954223633,49.599998474121094,23700,0.0,0.0,0.0
2024-07-26 00:00:00-04:00,49.560001373291016,49.689998626708984,49.54499816894531,49.59000015258789,5400,0.0,0.0,0.0
2024-07-29 00:00:00-04:00,49.599998474121094,49.75,49.56999969482422,49.650001525878906,123000,0.0,0.0,0.0
2024-07-30 00:00:00-04:00,49.70000076293945,49.70000076293945,49.52000045776367,49.64500045776367,96600,0.0,0.0,0.0
2024-07-31 00:00:00-04:00,49.88999938964844,49.88999938964844,49.650001525878906,49.7400016784668,34400,0.0,0.0,0.0
2024-08-01 00:00:00-04:00,49.869998931884766,49.9370002746582,49.77000045776367,49.849998474121094,51000,0.0,0.0,0.0
2024-08-02 00:00:00-04:00,49.9900016784668,50.209999084472656,49.75,50.09000015258789,56400,0.0,0.0,0.0
2024-08-05 00:00:00-04:00,50.45000076293945,50.45000076293945,50.2599983215332,50.310001373291016,22900,0.0,0.0,0.0
2024-08-06 00:00:00-04:00,50.41999816894531,50.41999816894531,50.20000076293945,50.290000915527344,24700,0.0,0.0,0.0
2024-08-07 00:00:00-04:00,50.11000061035156,50.130001068115234,49.95000076293945,50.06999969482422,7400,0.0,0.0,0.0
2024-08-08 00:00:00-04:00,49.72999954223633,49.91600036621094,49.72999954223633,49.72999954223633,27100,0.0,0.0,0.0
2024-08-09 00:00:00-04:00,49.79999923706055,49.970001220703125,49.784000396728516,49.869998931884766,10900,0.0,0.0,0.0
2024-08-12 00:00:00-04:00,49.900001525878906,49.970001220703125,49.83000183105469,49.89500045776367,78100,0.0,0.0,0.0
2024-08-13 00:00:00-04:00,50.220001220703125,50.220001220703125,49.95500183105469,50.0,23200,0.0,0.0,0.0
2024-08-14 00:00:00-04:00,50.25,50.25,49.880001068115234,50.119998931884766,15700,0.0,0.0,0.0
2024-08-15 00:00:00-04:00,50.15999984741211,50.15999984741211,49.8120002746582,49.9900016784668,9800,0.0,0.0,0.0
2024-08-16 00:00:00-04:00,50.150001525878906,50.150001525878906,49.869998931884766,50.0099983215332,8400,0.0,0.0,0.0
2024-08-19 00:00:00-04:00,50.06999969482422,50.06999969482422,49.79999923706055,50.040000915527344,8700,0.0,0.0,0.0
2024-08-20 00:00:00-04:00,50.08000183105469,50.08000183105469,49.87900161743164,50.04999923706055,13500,0.0,0.0,0.0
2024-08-21 00:00:00-04:00,49.970001220703125,50.099998474121094,49.84000015258789,49.97999954223633,33200,0.0,0.0,0.0
2024-08-22 00:00:00-04:00,50.0,50.0,49.82500076293945,49.959999084472656,15000,0.0,0.0,0.0
2024-08-23 00:00:00-04:00,49.95000076293945,50.029998779296875,49.7599983215332,50.0,41100,0.0,0.0,0.0
2024-08-26 00:00:00-04:00,50.52000045776367,50.52000045776367,49.91999816894531,50.02000045776367,35000,0.0,0.0,0.0
2024-08-27 00:00:00-04:00,49.97999954223633,49.9900016784668,49.869998931884766,49.97999954223633,29600,0.0,0.0,0.0
2024-08-28 00:00:00-04:00,49.97999954223633,49.97999954223633,49.7599983215332,49.91999816894531,18300,0.0,0.0,0.0
2024-08-29 00:00:00-04:00,49.880001068115234,49.959999084472656,49.7400016784668,49.7400016784668,10000,0.0,0.0,0.0
2024-08-30 00:00:00-04:00,49.9900016784668,49.9900016784668,49.779998779296875,49.970001220703125,6100,0.0,0.0,0.0
2024-09-03 00:00:00-04:00,50.04999923706055,50.04999923706055,49.88999938964844,49.95000076293945,12700,0.0,0.0,0.0
2024-09-04 00:00:00-04:00,49.95000076293945,50.06999969482422,49.88999938964844,49.939998626708984,35800,0.0,0.0,0.0
2024-09-05 00:00:00-04:00,50.099998474121094,50.150001525878906,49.959999084472656,50.13999938964844,26900,0.0,0.0,0.0
2024-09-06 00:00:00-04:00,50.20000076293945,50.209999084472656,50.0099983215332,50.16600036621094,23700,0.0,0.0,0.0
2024-09-09 00:00:00-04:00,50.20000076293945,50.25,50.11000061035156,50.18000030517578,11200,0.0,0.0,0.0
2024-09-10 00:00:00-04:00,50.18000030517578,50.31999969482422,50.18000030517578,50.20500183105469,9800,0.0,0.0,0.0
2024-09-11 00:00:00-04:00,50.349998474121094,50.36000061035156,50.13999938964844,50.22999954223633,15200,0.0,0.0,0.0
2024-09-12 00:00:00-04:00,50.369998931884766,50.369998931884766,50.119998931884766,50.290000915527344,6200,0.0,0.0,0.0
2024-09-13 00:00:00-04:00,50.34000015258789,50.400001525878906,50.15999984741211,50.255001068115234,24700,0.0,0.0,0.0
2024-09-16 00:00:00-04:00,50.38999938964844,50.40999984741211,50.18000030517578,50.400001525878906,14700,0.0,0.0,0.0
2024-09-17 00:00:00-04:00,50.380001068115234,50.43000030517578,50.20000076293945,50.334999084472656,8400,0.0,0.0,0.0
2024-09-18 00:00:00-04:00,50.220001220703125,50.43000030517578,50.11000061035156,50.18000030517578,37400,0.0,0.0,0.0
2024-09-19 00:00:00-04:00,50.13999938964844,50.369998931884766,50.13999938964844,50.369998931884766,11300,0.0,0.0,0.0
2024-09-20 00:00:00-04:00,50.400001525878906,50.400001525878906,50.224998474121094,50.38999938964844,7400,0.0,0.0,0.0
2024-09-23 00:00:00-04:00,50.369998931884766,50.38999938964844,50.15999984741211,50.209999084472656,14800,0.0,0.0,0.0
2024-09-24 00:00:00-04:00,50.31999969482422,50.400001525878906,50.209999084472656,50.380001068115234,17700,0.0,0.0,0.0
2024-09-25 00:00:00-04:00,50.34000015258789,50.39899826049805,50.18000030517578,50.20000076293945,8900,0.0,0.0,0.0
2024-09-26 00:00:00-04:00,50.290000915527344,50.33000183105469,50.15999984741211,50.18000030517578,21400,0.0,0.0,0.0
2024-09-27 00:00:00-04:00,50.380001068115234,50.380001068115234,50.18000030517578,50.29999923706055,36000,0.0,0.0,0.0
2024-09-30 00:00:00-04:00,50.369998931884766,50.380001068115234,50.15999984741211,50.18000030517578,22700,0.0,0.0,0.0
2024-10-01 00:00:00-04:00,50.400001525878906,50.5099983215332,50.279998779296875,50.5099983215332,20900,0.0,0.0,0.0
2024-10-02 00:00:00-04:00,50.5,50.5099983215332,50.25,50.404998779296875,30000,0.0,0.0,0.0
2024-10-03 00:00:00-04:00,50.5,50.5,50.369998931884766,50.47999954223633,11200,0.0,0.0,0.0
2024-10-04 00:00:00-04:00,50.369998931884766,50.369998931884766,50.08000183105469,50.19499969482422,19200,0.0,0.0,0.0
2024-10-07 00:00:00-04:00,50.2599983215332,50.279998779296875,50.0,50.09000015258789,25700,0.0,0.0,0.0
2024-10-08 00:00:00-04:00,50.18000030517578,50.209999084472656,49.97999954223633,50.11000061035156,25700,0.0,0.0,0.0
2024-10-09 00:00:00-04:00,50.060001373291016,50.08000183105469,49.84000015258789,49.84000015258789,11100,0.0,0.0,0.0
2024-10-10 00:00:00-04:00,50.04999923706055,50.10100173950195,49.880001068115234,50.099998474121094,9100,0.0,0.0,0.0
2024-10-11 00:00:00-04:00,50.09000015258789,50.09000015258789,49.880001068115234,50.02000045776367,12400,0.0,0.0,0.0
