Date,Open,High,Low,Close,Volume,Dividends,Stock Splits,Capital Gains
2013-04-16 00:00:00-04:00,17.92197624754191,17.99468231201172,17.92197624754191,17.99468231201172,300,0.0,0.0,0.0
2013-04-17 00:00:00-04:00,17.99468231201172,17.99468231201172,17.99468231201172,17.99468231201172,0,0.0,0.0,0.0
2013-04-18 00:00:00-04:00,17.99468231201172,17.99468231201172,17.99468231201172,17.99468231201172,0,0.0,0.0,0.0
2013-04-19 00:00:00-04:00,17.99468231201172,17.99468231201172,17.99468231201172,17.99468231201172,0,0.0,0.0,0.0
2013-04-22 00:00:00-04:00,17.99468231201172,17.99468231201172,17.99468231201172,17.99468231201172,0,0.0,0.0,0.0
2013-04-23 00:00:00-04:00,19.630560740472873,19.630560740472873,17.907433131971285,18.02376365661621,3200,0.0,0.0,0.0
2013-04-24 00:00:00-04:00,18.096470150325004,18.183717705907682,18.08919940513038,18.125553131103516,800,0.0,0.0,0.0
2013-04-25 00:00:00-04:00,18.29277229309082,18.29277229309082,18.29277229309082,18.29277229309082,400,0.0,0.0,0.0
2013-04-26 00:00:00-04:00,18.29277229309082,18.29277229309082,18.29277229309082,18.29277229309082,0,0.0,0.0,0.0
2013-04-29 00:00:00-04:00,18.525432845222646,18.66357421875,18.525432845222646,18.66357421875,900,0.0,0.0,0.0
2013-04-30 00:00:00-04:00,18.66357421875,18.66357421875,18.66357421875,18.66357421875,0,0.0,0.0,0.0
2013-05-01 00:00:00-04:00,18.510893253312947,18.510893253312947,18.48908240408818,18.496353149414062,300,0.0,0.0,0.0
2013-05-02 00:00:00-04:00,18.547245094036462,18.554515838623047,18.547245094036462,18.554515838623047,600,0.0,0.0,0.0
2013-05-03 00:00:00-04:00,18.554515838623047,18.554515838623047,18.554515838623047,18.554515838623047,0,0.0,0.0,0.0
2013-05-06 00:00:00-04:00,18.903505392898047,18.910776138305664,18.903505392898047,18.910776138305664,300,0.0,0.0,0.0
2013-05-07 00:00:00-04:00,18.830797058522577,18.830797058522577,18.816255569458008,18.816255569458008,300,0.0,0.0,0.0
2013-05-08 00:00:00-04:00,18.816255569458008,18.816255569458008,18.816255569458008,18.816255569458008,0,0.0,0.0,0.0
2013-05-09 00:00:00-04:00,18.816255569458008,18.816255569458008,18.816255569458008,18.816255569458008,0,0.0,0.0,0.0
2013-05-10 00:00:00-04:00,18.816255569458008,18.816255569458008,18.816255569458008,18.816255569458008,0,0.0,0.0,0.0
2013-05-13 00:00:00-04:00,18.89623260498047,18.89623260498047,18.89623260498047,18.89623260498047,200,0.0,0.0,0.0
2013-05-14 00:00:00-04:00,18.89623260498047,18.89623260498047,18.89623260498047,18.89623260498047,0,0.0,0.0,0.0
2013-05-15 00:00:00-04:00,18.89623260498047,18.89623260498047,18.89623260498047,18.89623260498047,0,0.0,0.0,0.0
2013-05-16 00:00:00-04:00,18.89623260498047,18.89623260498047,18.89623260498047,18.89623260498047,0,0.0,0.0,0.0
2013-05-17 00:00:00-04:00,19.01983667931633,19.01983667931633,18.990755081176758,18.990755081176758,2100,0.0,0.0,0.0
2013-05-20 00:00:00-04:00,19.24521827697754,19.24521827697754,19.24521827697754,19.24521827697754,200,0.0,0.0,0.0
2013-05-21 00:00:00-04:00,19.048913955688477,19.048913955688477,19.048913955688477,19.048913955688477,100,0.0,0.0,0.0
2013-05-22 00:00:00-04:00,19.12162208557129,19.12162208557129,19.12162208557129,19.12162208557129,400,0.0,0.0,0.0
2013-05-23 00:00:00-04:00,19.12162208557129,19.12162208557129,19.12162208557129,19.12162208557129,0,0.0,0.0,0.0
2013-05-24 00:00:00-04:00,19.12162208557129,19.12162208557129,19.12162208557129,19.12162208557129,0,0.0,0.0,0.0
2013-05-28 00:00:00-04:00,19.12162208557129,19.12162208557129,19.12162208557129,19.12162208557129,0,0.0,0.0,0.0
2013-05-29 00:00:00-04:00,19.12162208557129,19.12162208557129,19.12162208557129,19.12162208557129,0,0.0,0.0,0.0
2013-05-30 00:00:00-04:00,18.830801010131836,18.830801010131836,18.830801010131836,18.830801010131836,1000,0.0,0.0,0.0
2013-05-31 00:00:00-04:00,18.830801010131836,18.830801010131836,18.830801010131836,18.830801010131836,0,0.0,0.0,0.0
2013-06-03 00:00:00-04:00,18.503914091298125,18.503914091298125,18.481876373291016,18.481876373291016,200,0.265,0.0,0.0
2013-06-04 00:00:00-04:00,18.481876373291016,18.481876373291016,18.481876373291016,18.481876373291016,0,0.0,0.0,0.0
2013-06-05 00:00:00-04:00,18.481876373291016,18.481876373291016,18.481876373291016,18.481876373291016,0,0.0,0.0,0.0
2013-06-06 00:00:00-04:00,18.481876373291016,18.481876373291016,18.481876373291016,18.481876373291016,0,0.0,0.0,0.0
2013-06-07 00:00:00-04:00,18.481876373291016,18.481876373291016,18.481876373291016,18.481876373291016,0,0.0,0.0,0.0
2013-06-10 00:00:00-04:00,18.481876373291016,18.481876373291016,18.481876373291016,18.481876373291016,0,0.0,0.0,0.0
2013-06-11 00:00:00-04:00,18.481876373291016,18.481876373291016,18.481876373291016,18.481876373291016,0,0.0,0.0,0.0
2013-06-12 00:00:00-04:00,18.481876373291016,18.481876373291016,18.481876373291016,18.481876373291016,0,0.0,0.0,0.0
2013-06-13 00:00:00-04:00,18.481876373291016,18.481876373291016,18.481876373291016,18.481876373291016,0,0.0,0.0,0.0
2013-06-14 00:00:00-04:00,18.481876373291016,18.481876373291016,18.481876373291016,18.481876373291016,0,0.0,0.0,0.0
2013-06-17 00:00:00-04:00,18.371686935424805,18.371686935424805,18.371686935424805,18.371686935424805,100,0.0,0.0,0.0
2013-06-18 00:00:00-04:00,18.371686935424805,18.371686935424805,18.371686935424805,18.371686935424805,0,0.0,0.0,0.0
2013-06-19 00:00:00-04:00,18.371686935424805,18.371686935424805,18.371686935424805,18.371686935424805,0,0.0,0.0,0.0
2013-06-20 00:00:00-04:00,17.644458770751953,17.644458770751953,17.644458770751953,17.644458770751953,2000,0.0,0.0,0.0
2013-06-21 00:00:00-04:00,17.644458770751953,17.644458770751953,17.644458770751953,17.644458770751953,0,0.0,0.0,0.0
2013-06-24 00:00:00-04:00,17.078840255737305,17.078840255737305,17.078840255737305,17.078840255737305,1000,0.0,0.0,0.0
2013-06-25 00:00:00-04:00,17.078840255737305,17.078840255737305,17.078840255737305,17.078840255737305,0,0.0,0.0,0.0
2013-06-26 00:00:00-04:00,17.078840255737305,17.078840255737305,17.078840255737305,17.078840255737305,0,0.0,0.0,0.0
2013-06-27 00:00:00-04:00,17.078840255737305,17.078840255737305,17.078840255737305,17.078840255737305,0,0.0,0.0,0.0
2013-06-28 00:00:00-04:00,17.078840255737305,17.078840255737305,17.078840255737305,17.078840255737305,0,0.0,0.0,0.0
2013-07-01 00:00:00-04:00,17.078840255737305,17.078840255737305,17.078840255737305,17.078840255737305,0,0.0,0.0,0.0
2013-07-02 00:00:00-04:00,17.078840255737305,17.078840255737305,17.078840255737305,17.078840255737305,0,0.0,0.0,0.0
2013-07-03 00:00:00-04:00,17.078840255737305,17.078840255737305,17.078840255737305,17.078840255737305,0,0.0,0.0,0.0
2013-07-05 00:00:00-04:00,17.078840255737305,17.078840255737305,17.078840255737305,17.078840255737305,0,0.0,0.0,0.0
2013-07-08 00:00:00-04:00,17.806066513061523,17.806066513061523,17.806066513061523,17.806066513061523,100,0.0,0.0,0.0
2013-07-09 00:00:00-04:00,17.813417434692383,17.813417434692383,17.813417434692383,17.813417434692383,100,0.0,0.0,0.0
2013-07-10 00:00:00-04:00,17.813417434692383,17.813417434692383,17.813417434692383,17.813417434692383,0,0.0,0.0,0.0
2013-07-11 00:00:00-04:00,18.334958334390496,18.334958334390496,18.327613830566406,18.327613830566406,200,0.0,0.0,0.0
2013-07-12 00:00:00-04:00,18.327613830566406,18.327613830566406,18.327613830566406,18.327613830566406,0,0.0,0.0,0.0
2013-07-15 00:00:00-04:00,18.327613830566406,18.327613830566406,18.327613830566406,18.327613830566406,0,0.0,0.0,0.0
2013-07-16 00:00:00-04:00,18.327613830566406,18.327613830566406,18.327613830566406,18.327613830566406,0,0.0,0.0,0.0
2013-07-17 00:00:00-04:00,18.562681198120117,18.562681198120117,18.562681198120117,18.562681198120117,6000,0.0,0.0,0.0
2013-07-18 00:00:00-04:00,18.562681198120117,18.562681198120117,18.562681198120117,18.562681198120117,0,0.0,0.0,0.0
2013-07-19 00:00:00-04:00,18.562681198120117,18.562681198120117,18.562681198120117,18.562681198120117,0,0.0,0.0,0.0
2013-07-22 00:00:00-04:00,18.562681198120117,18.562681198120117,18.562681198120117,18.562681198120117,0,0.0,0.0,0.0
2013-07-23 00:00:00-04:00,18.562681198120117,18.562681198120117,18.562681198120117,18.562681198120117,0,0.0,0.0,0.0
2013-07-24 00:00:00-04:00,18.562681198120117,18.562681198120117,18.562681198120117,18.562681198120117,0,0.0,0.0,0.0
2013-07-25 00:00:00-04:00,18.650831236823823,18.65817714409788,18.555337244438178,18.636140823364258,3800,0.0,0.0,0.0
2013-07-26 00:00:00-04:00,18.636140823364258,18.636140823364258,18.636140823364258,18.636140823364258,0,0.0,0.0,0.0
2013-07-29 00:00:00-04:00,18.636140823364258,18.636140823364258,18.636140823364258,18.636140823364258,0,0.0,0.0,0.0
2013-07-30 00:00:00-04:00,18.636140823364258,18.636140823364258,18.636140823364258,18.636140823364258,0,0.0,0.0,0.0
2013-07-31 00:00:00-04:00,18.51860243836262,18.592060089111328,18.51860243836262,18.592060089111328,2000,0.0,0.0,0.0
2013-08-01 00:00:00-04:00,18.665515899658203,18.665515899658203,18.665515899658203,18.665515899658203,400,0.0,0.0,0.0
2013-08-02 00:00:00-04:00,18.665515899658203,18.665515899658203,18.665515899658203,18.665515899658203,0,0.0,0.0,0.0
2013-08-05 00:00:00-04:00,18.849161698356493,18.952001571655273,18.82712398218324,18.952001571655273,800,0.0,0.0,0.0
2013-08-06 00:00:00-04:00,18.783050537109375,18.783050537109375,18.783050537109375,18.783050537109375,10000,0.0,0.0,0.0
2013-08-07 00:00:00-04:00,18.783050537109375,18.783050537109375,18.783050537109375,18.783050537109375,0,0.0,0.0,0.0
2013-08-08 00:00:00-04:00,18.783050537109375,18.783050537109375,18.783050537109375,18.783050537109375,0,0.0,0.0,0.0
2013-08-09 00:00:00-04:00,18.783050537109375,18.783050537109375,18.783050537109375,18.783050537109375,0,0.0,0.0,0.0
2013-08-12 00:00:00-04:00,18.783050537109375,18.783050537109375,18.783050537109375,18.783050537109375,0,0.0,0.0,0.0
2013-08-13 00:00:00-04:00,19.047492359657333,19.1282958984375,19.047492359657333,19.1282958984375,1900,0.0,0.0,0.0
2013-08-14 00:00:00-04:00,19.142990112304688,19.142990112304688,19.142990112304688,19.142990112304688,600,0.0,0.0,0.0
2013-08-15 00:00:00-04:00,18.8785457611084,18.8785457611084,18.8785457611084,18.8785457611084,200,0.0,0.0,0.0
2013-08-16 00:00:00-04:00,18.8785457611084,18.8785457611084,18.8785457611084,18.8785457611084,0,0.0,0.0,0.0
2013-08-19 00:00:00-04:00,18.8785457611084,18.8785457611084,18.8785457611084,18.8785457611084,0,0.0,0.0,0.0
2013-08-20 00:00:00-04:00,18.8785457611084,18.8785457611084,18.8785457611084,18.8785457611084,0,0.0,0.0,0.0
2013-08-21 00:00:00-04:00,18.8785457611084,18.8785457611084,18.8785457611084,18.8785457611084,0,0.0,0.0,0.0
2013-08-22 00:00:00-04:00,18.8785457611084,18.8785457611084,18.8785457611084,18.8785457611084,0,0.0,0.0,0.0
2013-08-23 00:00:00-04:00,18.8785457611084,18.8785457611084,18.8785457611084,18.8785457611084,0,0.0,0.0,0.0
2013-08-26 00:00:00-04:00,18.8785457611084,18.8785457611084,18.8785457611084,18.8785457611084,0,0.0,0.0,0.0
2013-08-27 00:00:00-04:00,18.8785457611084,18.8785457611084,18.8785457611084,18.8785457611084,0,0.0,0.0,0.0
2013-08-28 00:00:00-04:00,18.8785457611084,18.8785457611084,18.8785457611084,18.8785457611084,0,0.0,0.0,0.0
2013-08-29 00:00:00-04:00,18.8785457611084,18.8785457611084,18.8785457611084,18.8785457611084,0,0.0,0.0,0.0
2013-08-30 00:00:00-04:00,18.8785457611084,18.8785457611084,18.8785457611084,18.8785457611084,0,0.0,0.0,0.0
2013-09-03 00:00:00-04:00,18.650877108876347,18.650877108876347,18.561887631113883,18.606382369995117,1000,0.243,0.0,0.0
2013-09-04 00:00:00-04:00,18.83627049307283,18.83627049307283,18.74728102953708,18.76211166381836,5000,0.0,0.0,0.0
2013-09-05 00:00:00-04:00,18.932683291577714,18.932683291577714,18.814029693603516,18.814029693603516,200,0.0,0.0,0.0
2013-09-06 00:00:00-04:00,18.814029693603516,18.814029693603516,18.814029693603516,18.814029693603516,0,0.0,0.0,0.0
2013-09-09 00:00:00-04:00,19.207067489624023,19.207067489624023,19.207067489624023,19.207067489624023,1500,0.0,0.0,0.0
2013-09-10 00:00:00-04:00,19.488868435082846,19.488868435082846,19.35538281201632,19.399877548217773,2000,0.0,0.0,0.0
2013-09-11 00:00:00-04:00,19.58527946472168,19.58527946472168,19.58527946472168,19.58527946472168,1400,0.0,0.0,0.0
2013-09-12 00:00:00-04:00,19.65201830647508,19.65201830647508,19.429543193318764,19.45178985595703,4400,0.0,0.0,0.0
2013-09-13 00:00:00-04:00,19.518532943708827,19.56302768406521,19.422127437192945,19.540781021118164,4500,0.0,0.0,0.0
2013-09-16 00:00:00-04:00,19.778087563250242,19.778087563250242,19.600107192993164,19.600107192993164,19400,0.0,0.0,0.0
2013-09-17 00:00:00-04:00,19.770674116586978,19.770674116586978,19.622356414794922,19.622356414794922,22600,0.0,0.0,0.0
2013-09-18 00:00:00-04:00,19.748423225249105,20.356524584446657,19.689096435871566,20.104385375976562,8000,0.0,0.0,0.0
2013-09-19 00:00:00-04:00,20.059890492605387,20.074722544503988,20.022811777321202,20.067306518554688,1200,0.0,0.0,0.0
2013-09-20 00:00:00-04:00,20.067306518554688,20.067306518554688,20.067306518554688,20.067306518554688,0,0.0,0.0,0.0
2013-09-23 00:00:00-04:00,20.067306518554688,20.067306518554688,20.067306518554688,20.067306518554688,0,0.0,0.0,0.0
2013-09-24 00:00:00-04:00,20.067306518554688,20.067306518554688,20.067306518554688,20.067306518554688,0,0.0,0.0,0.0
2013-09-25 00:00:00-04:00,20.067306518554688,20.067306518554688,20.067306518554688,20.067306518554688,0,0.0,0.0,0.0
2013-09-26 00:00:00-04:00,20.067306518554688,20.067306518554688,20.067306518554688,20.067306518554688,0,0.0,0.0,0.0
2013-09-27 00:00:00-04:00,19.689099129862303,19.76325798034668,19.689099129862303,19.76325798034668,41900,0.0,0.0,0.0
2013-09-30 00:00:00-04:00,19.607526546341848,19.792922973632812,19.585278465860437,19.792922973632812,23900,0.0,0.0,0.0
2013-10-01 00:00:00-04:00,19.792922973632812,19.792922973632812,19.792922973632812,19.792922973632812,0,0.0,0.0,0.0
2013-10-02 00:00:00-04:00,19.68168067932129,19.68168067932129,19.68168067932129,19.68168067932129,300,0.0,0.0,0.0
2013-10-03 00:00:00-04:00,19.629770278930664,19.629770278930664,19.629770278930664,19.629770278930664,2000,0.0,0.0,0.0
2013-10-04 00:00:00-04:00,19.629770278930664,19.629770278930664,19.629770278930664,19.629770278930664,0,0.0,0.0,0.0
2013-10-07 00:00:00-04:00,19.503700256347656,19.503700256347656,19.503700256347656,19.503700256347656,2300,0.0,0.0,0.0
2013-10-08 00:00:00-04:00,19.45178985595703,19.45178985595703,19.45178985595703,19.45178985595703,4000,0.0,0.0,0.0
2013-10-09 00:00:00-04:00,19.53336082750739,19.592687606811523,19.53336082750739,19.592687606811523,3000,0.0,0.0,0.0
2013-10-10 00:00:00-04:00,19.92640762526073,19.963486343068798,19.830000695819884,19.904159545898438,8800,0.0,0.0,0.0
2013-10-11 00:00:00-04:00,19.896742388844892,19.978317260742188,19.896742388844892,19.978317260742188,3100,0.0,0.0,0.0
2013-10-14 00:00:00-04:00,20.037645224540192,20.141466766135377,19.941238294948306,20.08213996887207,8000,0.0,0.0,0.0
2013-10-15 00:00:00-04:00,20.096974563920984,20.096974563920984,19.985736981789362,20.022815704345703,25600,0.0,0.0,0.0
2013-10-16 00:00:00-04:00,20.17113203767589,20.22304281147337,20.09697318319555,20.185962677001953,14300,0.0,0.0,0.0
2013-10-17 00:00:00-04:00,20.356530131865313,20.601253381545696,20.26753921631671,20.4677677154541,8300,0.0,0.0,0.0
2013-10-18 00:00:00-04:00,20.556756461778054,20.57158851623535,20.475182991188056,20.57158851623535,900,0.0,0.0,0.0
2013-10-21 00:00:00-04:00,20.482591170217052,20.578996658325195,20.482591170217052,20.578996658325195,3300,0.0,0.0,0.0
2013-10-22 00:00:00-04:00,20.77922821044922,20.77922821044922,20.77922821044922,20.77922821044922,400,0.0,0.0,0.0
2013-10-23 00:00:00-04:00,20.51967430114746,20.51967430114746,20.51967430114746,20.51967430114746,100,0.0,0.0,0.0
2013-10-24 00:00:00-04:00,20.6160831451416,20.653163281069006,20.6160831451416,20.6160831451416,2300,0.0,0.0,0.0
2013-10-25 00:00:00-04:00,20.549338020069023,21.157439451205132,20.549338020069023,20.58641815185547,2400,0.0,0.0,0.0
2013-10-28 00:00:00-04:00,20.504841317102546,21.520814199574193,20.430682475078104,20.80889129638672,12300,0.0,0.0,0.0
2013-10-29 00:00:00-04:00,20.80889548622394,20.816311513365815,20.75698471069336,20.75698471069336,900,0.0,0.0,0.0
2013-10-30 00:00:00-04:00,20.593833923339844,20.593833923339844,20.593833923339844,20.593833923339844,2600,0.0,0.0,0.0
2013-10-31 00:00:00-04:00,20.593833923339844,20.593833923339844,20.593833923339844,20.593833923339844,0,0.0,0.0,0.0
2013-11-01 00:00:00-04:00,20.223039627075195,20.223039627075195,20.223039627075195,20.223039627075195,500,0.0,0.0,0.0
2013-11-04 00:00:00-05:00,20.334280406830512,20.363943099975586,20.334280406830512,20.363943099975586,1000,0.0,0.0,0.0
2013-11-05 00:00:00-05:00,20.21562385559082,20.21562385559082,20.21562385559082,20.21562385559082,1100,0.0,0.0,0.0
2013-11-06 00:00:00-05:00,20.42326787283704,20.42326787283704,20.371355693273607,20.408435821533203,1500,0.0,0.0,0.0
2013-11-07 00:00:00-05:00,20.193376541137695,20.193376541137695,20.193376541137695,20.193376541137695,300,0.0,0.0,0.0
2013-11-08 00:00:00-05:00,20.059893048724135,20.185962677001953,20.022814328715217,20.185962677001953,7500,0.0,0.0,0.0
2013-11-11 00:00:00-05:00,20.17854305687837,20.17854305687837,20.096969604492188,20.096969604492188,500,0.0,0.0,0.0
2013-11-12 00:00:00-05:00,20.08955648369417,20.08955648369417,19.985734939575195,19.985734939575195,500,0.0,0.0,0.0
2013-11-13 00:00:00-05:00,19.948652568607898,20.119216918945312,19.948652568607898,20.119216918945312,2200,0.0,0.0,0.0
2013-11-14 00:00:00-05:00,20.119216918945312,20.119216918945312,20.119216918945312,20.119216918945312,0,0.0,0.0,0.0
2013-11-15 00:00:00-05:00,20.23046137552278,20.41585782774342,20.23046137552278,20.401025772094727,3300,0.0,0.0,0.0
2013-11-18 00:00:00-05:00,20.55674858516392,20.578996658325195,20.54191795085176,20.578996658325195,2800,0.0,0.0,0.0
2013-11-19 00:00:00-05:00,20.408435821533203,20.408435821533203,20.408435821533203,20.408435821533203,1100,0.0,0.0,0.0
2013-11-20 00:00:00-05:00,20.326862844920058,20.33427887126192,20.312030792236328,20.312030792236328,5800,0.0,0.0,0.0
2013-11-21 00:00:00-05:00,20.30461311340332,20.30461311340332,20.30461311340332,20.30461311340332,500,0.0,0.0,0.0
2013-11-22 00:00:00-05:00,20.349109805831414,20.482595443725586,20.349109805831414,20.482595443725586,8800,0.0,0.0,0.0
2013-11-25 00:00:00-05:00,20.482595443725586,20.482595443725586,20.482595443725586,20.482595443725586,0,0.0,0.0,0.0
2013-11-26 00:00:00-05:00,20.393608605113165,20.393608605113165,20.37877655029297,20.37877655029297,1300,0.0,0.0,0.0
2013-11-27 00:00:00-05:00,20.37877655029297,20.37877655029297,20.37877655029297,20.37877655029297,0,0.0,0.0,0.0
2013-11-29 00:00:00-05:00,20.54191690365332,20.54191690365332,20.49000473559009,20.512252807617188,1100,0.0,0.0,0.0
2013-12-02 00:00:00-05:00,20.393612682752714,20.408444740538535,20.289791107177734,20.289791107177734,3400,0.0,0.0,0.0
2013-12-03 00:00:00-05:00,20.022815704345703,20.022815704345703,20.022815704345703,20.022815704345703,4600,0.0,0.0,0.0
2013-12-04 00:00:00-05:00,19.96348762512207,19.96348762512207,19.96348762512207,19.96348762512207,200,0.0,0.0,0.0
2013-12-05 00:00:00-05:00,19.96348762512207,19.96348762512207,19.96348762512207,19.96348762512207,0,0.0,0.0,0.0
2013-12-06 00:00:00-05:00,20.067306518554688,20.067306518554688,20.067306518554688,20.067306518554688,500,0.0,0.0,0.0
2013-12-09 00:00:00-05:00,20.171131134033203,20.223041905505145,20.074724203188932,20.171131134033203,53400,0.0,0.0,0.0
2013-12-10 00:00:00-05:00,20.119223264995316,20.17113546206828,20.104392623151497,20.15630340576172,53200,0.0,0.0,0.0
2013-12-11 00:00:00-05:00,20.1043856113194,20.1043856113194,19.956067928908226,20.00056266784668,28200,0.0,0.0,0.0
2013-12-12 00:00:00-05:00,19.80033388946556,19.80033388946556,19.718759029886186,19.733591079711914,64600,0.0,0.0,0.0
2013-12-13 00:00:00-05:00,20.14146152904376,20.14146152904376,19.733590080719214,19.74842071533203,53300,0.0,0.0,0.0
2013-12-16 00:00:00-05:00,20.022812002476012,20.022812002476012,19.94865315661141,19.978317260742188,19100,0.0,0.0,0.0
2013-12-17 00:00:00-05:00,19.800337244396143,19.926406860351562,19.76325711354904,19.926406860351562,28600,0.0,0.0,0.0
2013-12-18 00:00:00-05:00,19.926406860351562,19.926406860351562,19.926406860351562,19.926406860351562,0,0.0,0.0,0.0
2013-12-19 00:00:00-05:00,19.926406860351562,19.926406860351562,19.926406860351562,19.926406860351562,0,0.0,0.0,0.0
2013-12-20 00:00:00-05:00,20.178545515059692,20.260120391845703,20.178545515059692,20.260120391845703,19700,0.0,0.0,0.0
2013-12-23 00:00:00-05:00,20.39360809326172,20.39360809326172,20.39360809326172,20.39360809326172,19300,0.0,0.0,0.0
2013-12-24 00:00:00-05:00,20.408435821533203,20.408435821533203,20.408435821533203,20.408435821533203,10900,0.0,0.0,0.0
2013-12-26 00:00:00-05:00,20.541921615600586,20.541921615600586,20.541921615600586,20.541921615600586,1000,0.0,0.0,0.0
2013-12-27 00:00:00-05:00,20.648517608642578,20.648517608642578,20.648517608642578,20.648517608642578,0,0.143,0.0,0.0
2013-12-30 00:00:00-05:00,21.021234522720587,21.021234522720587,20.648517608642578,20.648517608642578,63800,0.0,0.0,0.0
2013-12-31 00:00:00-05:00,20.745428453160873,20.8050631171225,20.745428453160873,20.782699584960938,1100,0.0,0.0,0.0
2014-01-02 00:00:00-05:00,20.529254913330078,20.536708002823072,20.521800402034433,20.529254913330078,1000,0.0,0.0,0.0
2014-01-03 00:00:00-05:00,20.49942800395066,20.49942800395066,20.42488434503043,20.454702377319336,13400,0.0,0.0,0.0
2014-01-06 00:00:00-05:00,20.454702377319336,20.454702377319336,20.454702377319336,20.454702377319336,0,0.0,0.0,0.0
2014-01-07 00:00:00-05:00,20.454702377319336,20.454702377319336,20.454702377319336,20.454702377319336,0,0.0,0.0,0.0
2014-01-08 00:00:00-05:00,20.454702377319336,20.454702377319336,20.454702377319336,20.454702377319336,0,0.0,0.0,0.0
2014-01-09 00:00:00-05:00,20.663427587974127,20.663427587974127,20.350345287165318,20.40252685546875,4100,0.0,0.0,0.0
2014-01-10 00:00:00-05:00,20.596342086791992,20.596342086791992,20.58143448642648,20.596342086791992,800,0.0,0.0,0.0
2014-01-13 00:00:00-05:00,20.61870261371596,20.62615712371311,20.544158935546875,20.544158935546875,2300,0.0,0.0,0.0
2014-01-14 00:00:00-05:00,20.544158935546875,20.544158935546875,20.544158935546875,20.544158935546875,0,0.0,0.0,0.0
2014-01-15 00:00:00-05:00,20.52179527282715,20.52179527282715,20.52179527282715,20.52179527282715,200,0.0,0.0,0.0
2014-01-16 00:00:00-05:00,20.417437098101047,20.47707176208496,20.39507498773367,20.47707176208496,7400,0.0,0.0,0.0
2014-01-17 00:00:00-05:00,20.283256663610448,20.46216205897363,20.283256663610448,20.305620193481445,12500,0.0,0.0,0.0
2014-01-21 00:00:00-05:00,20.424888610839844,20.424888610839844,20.424888610839844,20.424888610839844,100,0.0,0.0,0.0
2014-01-22 00:00:00-05:00,20.43234611954766,20.47707176208496,20.380165966287056,20.47707176208496,7600,0.0,0.0,0.0
2014-01-23 00:00:00-05:00,20.268349506331308,20.268349506331308,20.208714847180673,20.216169357299805,8100,0.0,0.0,0.0
2014-01-24 00:00:00-05:00,20.216169357299805,20.216169357299805,20.216169357299805,20.216169357299805,0,0.0,0.0,0.0
2014-01-27 00:00:00-05:00,19.671997207546642,19.70181524152742,19.671997207546642,19.694360733032227,9500,0.0,0.0,0.0
2014-01-28 00:00:00-05:00,19.85836101377609,19.87327003479004,19.85836101377609,19.87327003479004,6700,0.0,0.0,0.0
2014-01-29 00:00:00-05:00,19.783811569213867,19.783811569213867,19.783811569213867,19.783811569213867,100,0.0,0.0,0.0
2014-01-30 00:00:00-05:00,19.835999589345004,19.835999589345004,19.791272524757954,19.79872703552246,4300,0.0,0.0,0.0
2014-01-31 00:00:00-05:00,19.79872703552246,19.79872703552246,19.79872703552246,19.79872703552246,0,0.0,0.0,0.0
2014-02-03 00:00:00-05:00,19.79872703552246,19.79872703552246,19.79872703552246,19.79872703552246,0,0.0,0.0,0.0
2014-02-04 00:00:00-05:00,19.79872703552246,19.79872703552246,19.79872703552246,19.79872703552246,0,0.0,0.0,0.0
2014-02-05 00:00:00-05:00,19.79872703552246,19.79872703552246,19.79872703552246,19.79872703552246,0,0.0,0.0,0.0
2014-02-06 00:00:00-05:00,19.679461838988626,19.69437086364809,19.679461838988626,19.68691635131836,1300,0.0,0.0,0.0
2014-02-07 00:00:00-05:00,19.68691635131836,19.68691635131836,19.68691635131836,19.68691635131836,0,0.0,0.0,0.0
2014-02-10 00:00:00-05:00,19.83599853515625,19.83599853515625,19.83599853515625,19.83599853515625,400,0.0,0.0,0.0
2014-02-11 00:00:00-05:00,19.83599853515625,19.83599853515625,19.83599853515625,19.83599853515625,0,0.0,0.0,0.0
2014-02-12 00:00:00-05:00,19.83599853515625,19.83599853515625,19.83599853515625,19.83599853515625,0,0.0,0.0,0.0
2014-02-13 00:00:00-05:00,20.201261520385742,20.201261520385742,20.201261520385742,20.201261520385742,400,0.0,0.0,0.0
2014-02-14 00:00:00-05:00,20.201261520385742,20.201261520385742,20.201261520385742,20.201261520385742,0,0.0,0.0,0.0
2014-02-18 00:00:00-05:00,20.201261520385742,20.201261520385742,20.201261520385742,20.201261520385742,0,0.0,0.0,0.0
2014-02-19 00:00:00-05:00,20.201261520385742,20.201261520385742,20.201261520385742,20.201261520385742,0,0.0,0.0,0.0
2014-02-20 00:00:00-05:00,20.365257393241002,20.38762092590332,20.342895282381257,20.38762092590332,2000,0.0,0.0,0.0
2014-02-21 00:00:00-05:00,20.55161498479201,20.55161498479201,20.50688934326172,20.50688934326172,1400,0.0,0.0,0.0
2014-02-24 00:00:00-05:00,20.50688934326172,20.50688934326172,20.50688934326172,20.50688934326172,0,0.0,0.0,0.0
2014-02-25 00:00:00-05:00,20.544158935546875,20.544158935546875,20.544158935546875,20.544158935546875,4200,0.0,0.0,0.0
2014-02-26 00:00:00-05:00,20.544158935546875,20.544158935546875,20.544158935546875,20.544158935546875,0,0.0,0.0,0.0
2014-02-27 00:00:00-05:00,20.47707057841422,20.491979598999023,20.47707057841422,20.491979598999023,6600,0.0,0.0,0.0
2014-02-28 00:00:00-05:00,20.491979598999023,20.491979598999023,20.491979598999023,20.491979598999023,0,0.0,0.0,0.0
2014-03-03 00:00:00-05:00,20.313071037178286,20.313071037178286,20.171438217163086,20.171438217163086,10800,0.0,0.0,0.0
2014-03-04 00:00:00-05:00,20.372711181640625,20.372711181640625,20.372711181640625,20.372711181640625,200,0.0,0.0,0.0
2014-03-05 00:00:00-05:00,20.52179433209451,20.61870010666978,20.52179433209451,20.551610946655273,31000,0.0,0.0,0.0
2014-03-06 00:00:00-05:00,20.551610946655273,20.551610946655273,20.551610946655273,20.551610946655273,0,0.0,0.0,0.0
2014-03-07 00:00:00-05:00,20.551610946655273,20.551610946655273,20.551610946655273,20.551610946655273,0,0.0,0.0,0.0
2014-03-10 00:00:00-04:00,20.544157753324583,20.559066772460938,20.544157753324583,20.559066772460938,3100,0.0,0.0,0.0
2014-03-11 00:00:00-04:00,20.559066772460938,20.559066772460938,20.559066772460938,20.559066772460938,0,0.0,0.0,0.0
2014-03-12 00:00:00-04:00,20.559066772460938,20.559066772460938,20.559066772460938,20.559066772460938,0,0.0,0.0,0.0
2014-03-13 00:00:00-04:00,20.208709716796875,20.208709716796875,20.208709716796875,20.208709716796875,1800,0.0,0.0,0.0
2014-03-14 00:00:00-04:00,19.940359115600586,19.940359115600586,19.940359115600586,19.940359115600586,9200,0.0,0.0,0.0
2014-03-17 00:00:00-04:00,20.2236250858875,20.290714263916016,20.2236250858875,20.290714263916016,5500,0.0,0.0,0.0
2014-03-18 00:00:00-04:00,20.29816731311617,20.50688934326172,20.29816731311617,20.50688934326172,6400,0.0,0.0,0.0
2014-03-19 00:00:00-04:00,20.50688934326172,20.50688934326172,20.50688934326172,20.50688934326172,0,0.0,0.0,0.0
2014-03-20 00:00:00-04:00,20.260896090674475,20.26835060119629,20.238532559109032,20.26835060119629,7500,0.0,0.0,0.0
2014-03-21 00:00:00-04:00,20.447555541992188,20.447555541992188,20.432558825302674,20.447555541992188,96900,0.159,0.0,0.0
2014-03-24 00:00:00-04:00,20.447555541992188,20.447555541992188,20.447555541992188,20.447555541992188,0,0.0,0.0,0.0
2014-03-25 00:00:00-04:00,20.447555541992188,20.447555541992188,20.447555541992188,20.447555541992188,0,0.0,0.0,0.0
2014-03-26 00:00:00-04:00,20.747480392456055,20.747480392456055,20.747480392456055,20.747480392456055,3900,0.0,0.0,0.0
2014-03-27 00:00:00-04:00,20.747480392456055,20.747480392456055,20.747480392456055,20.747480392456055,0,0.0,0.0,0.0
2014-03-28 00:00:00-04:00,20.657503128051758,20.66500148613265,20.657503128051758,20.657503128051758,3900,0.0,0.0,0.0
2014-03-31 00:00:00-04:00,20.657503128051758,20.657503128051758,20.657503128051758,20.657503128051758,0,0.0,0.0,0.0
2014-04-01 00:00:00-04:00,20.657503128051758,20.657503128051758,20.657503128051758,20.657503128051758,0,0.0,0.0,0.0
2014-04-02 00:00:00-04:00,20.882453539667807,21.024919509887695,20.882453539667807,21.024919509887695,5600,0.0,0.0,0.0
2014-04-03 00:00:00-04:00,20.747485643642214,20.934940338134766,20.732488924843015,20.934940338134766,8800,0.0,0.0,0.0
2014-04-04 00:00:00-04:00,20.934940338134766,20.934940338134766,20.934940338134766,20.934940338134766,0,0.0,0.0,0.0
2014-04-07 00:00:00-04:00,21.024919509887695,21.024919509887695,21.024919509887695,21.024919509887695,900,0.0,0.0,0.0
2014-04-08 00:00:00-04:00,20.964929580688477,20.964929580688477,20.964929580688477,20.964929580688477,200,0.0,0.0,0.0
2014-04-09 00:00:00-04:00,20.964929580688477,20.964929580688477,20.964929580688477,20.964929580688477,0,0.0,0.0,0.0
2014-04-10 00:00:00-04:00,20.904941869615477,20.99492073059082,20.904941869615477,20.99492073059082,86400,0.0,0.0,0.0
2014-04-11 00:00:00-04:00,20.99492073059082,20.99492073059082,20.99492073059082,20.99492073059082,0,0.0,0.0,0.0
2014-04-14 00:00:00-04:00,20.99492073059082,20.99492073059082,20.99492073059082,20.99492073059082,0,0.0,0.0,0.0
2014-04-15 00:00:00-04:00,20.99492073059082,20.99492073059082,20.99492073059082,20.99492073059082,0,0.0,0.0,0.0
2014-04-16 00:00:00-04:00,20.99492073059082,20.99492073059082,20.99492073059082,20.99492073059082,0,0.0,0.0,0.0
2014-04-17 00:00:00-04:00,21.03991404037645,21.122394561767578,21.03991404037645,21.122394561767578,800,0.0,0.0,0.0
2014-04-21 00:00:00-04:00,21.219865798950195,21.219865798950195,21.219865798950195,21.219865798950195,800,0.0,0.0,0.0
2014-04-22 00:00:00-04:00,21.219865798950195,21.219865798950195,21.219865798950195,21.219865798950195,0,0.0,0.0,0.0
2014-04-23 00:00:00-04:00,21.27235639026436,21.27235639026436,21.12989044189453,21.12989044189453,1900,0.0,0.0,0.0
2014-04-24 00:00:00-04:00,21.249862670898438,21.27985467605699,21.234865953236305,21.249862670898438,6500,0.0,0.0,0.0
2014-04-25 00:00:00-04:00,21.294852339763743,21.294852339763743,21.099899291992188,21.099899291992188,2500,0.0,0.0,0.0
2014-04-28 00:00:00-04:00,21.04741668701172,21.04741668701172,21.024923034898162,21.04741668701172,2700,0.0,0.0,0.0
2014-04-29 00:00:00-04:00,21.174878589955398,21.174878589955398,21.137388229370117,21.137388229370117,900,0.0,0.0,0.0
2014-04-30 00:00:00-04:00,21.137388229370117,21.137388229370117,21.137388229370117,21.137388229370117,0,0.0,0.0,0.0
2014-05-01 00:00:00-04:00,21.24236431206737,21.249862670898438,21.24236431206737,21.249862670898438,900,0.0,0.0,0.0
2014-05-02 00:00:00-04:00,21.249862670898438,21.249862670898438,21.249862670898438,21.249862670898438,0,0.0,0.0,0.0
2014-05-05 00:00:00-04:00,21.444812494130638,21.46730613708496,21.444812494130638,21.46730613708496,10200,0.0,0.0,0.0
2014-05-06 00:00:00-04:00,21.497304916381836,21.504803275954014,21.497304916381836,21.497304916381836,1500,0.0,0.0,0.0
2014-05-07 00:00:00-04:00,21.497304916381836,21.497304916381836,21.497304916381836,21.497304916381836,0,0.0,0.0,0.0
2014-05-08 00:00:00-04:00,21.60977554321289,21.60977554321289,21.60977554321289,21.60977554321289,7000,0.0,0.0,0.0
2014-05-09 00:00:00-04:00,21.60977554321289,21.60977554321289,21.60977554321289,21.60977554321289,0,0.0,0.0,0.0
2014-05-12 00:00:00-04:00,21.55728530883789,21.55728530883789,21.55728530883789,21.55728530883789,400,0.0,0.0,0.0
2014-05-13 00:00:00-04:00,21.55728530883789,21.55728530883789,21.55728530883789,21.55728530883789,0,0.0,0.0,0.0
2014-05-14 00:00:00-04:00,21.55728530883789,21.55728530883789,21.55728530883789,21.55728530883789,0,0.0,0.0,0.0
2014-05-15 00:00:00-04:00,21.602275559965577,21.602275559965577,21.5872802734375,21.5872802734375,3000,0.0,0.0,0.0
2014-05-16 00:00:00-04:00,21.992177362941817,21.992177362941817,21.48230053521659,21.65475845336914,1000,0.0,0.0,0.0
2014-05-19 00:00:00-04:00,21.65475845336914,21.65475845336914,21.65475845336914,21.65475845336914,0,0.0,0.0,0.0
2014-05-20 00:00:00-04:00,21.407325744628906,21.407325744628906,21.407325744628906,21.407325744628906,700,0.0,0.0,0.0
2014-05-21 00:00:00-04:00,21.78973186657182,21.78973186657182,21.60977554321289,21.60977554321289,700,0.0,0.0,0.0
2014-05-22 00:00:00-04:00,21.6922550201416,21.6922550201416,21.6922550201416,21.6922550201416,400,0.0,0.0,0.0
2014-05-23 00:00:00-04:00,21.759741111513765,21.77473783019689,21.579784777813686,21.662263870239258,7000,0.0,0.0,0.0
2014-05-27 00:00:00-04:00,22.119651553306056,22.119651553306056,21.684756766413784,21.75973892211914,9000,0.0,0.0,0.0
2014-05-28 00:00:00-04:00,21.59478243550705,21.79723386944288,21.59478243550705,21.77474021911621,12800,0.0,0.0,0.0
2014-05-29 00:00:00-04:00,21.932195007664525,21.984682083129883,21.66225984222491,21.984682083129883,9200,0.0,0.0,0.0
2014-05-30 00:00:00-04:00,21.617267208053573,21.82721690204151,21.617267208053573,21.80472183227539,8200,0.0,0.0,0.0
2014-06-02 00:00:00-04:00,21.85721112461449,21.902199838564016,21.804724053312476,21.894702911376953,5200,0.0,0.0,0.0
2014-06-03 00:00:00-04:00,21.812226677801693,21.977186281331363,21.624771997813824,21.819725036621094,2900,0.0,0.0,0.0
2014-06-04 00:00:00-04:00,21.909702482122473,22.32960199501461,21.819725036621094,21.819725036621094,1800,0.0,0.0,0.0
2014-06-05 00:00:00-04:00,21.879710037693368,22.119651794433594,21.879710037693368,22.119651794433594,15500,0.0,0.0,0.0
2014-06-06 00:00:00-04:00,21.812224814747037,22.41957752558532,21.812224814747037,22.044668197631836,10000,0.0,0.0,0.0
2014-06-09 00:00:00-04:00,22.419578624845766,22.584539652539522,21.954691836282183,22.262117385864258,20500,0.0,0.0,0.0
2014-06-10 00:00:00-04:00,22.082160878481883,22.239622116088867,22.082160878481883,22.239622116088867,3700,0.0,0.0,0.0
2014-06-11 00:00:00-04:00,21.932195420877814,22.14214515686035,21.932195420877814,22.14214515686035,700,0.0,0.0,0.0
2014-06-12 00:00:00-04:00,22.14214515686035,22.14214515686035,22.14214515686035,22.14214515686035,0,0.0,0.0,0.0
2014-06-13 00:00:00-04:00,21.752239227294922,21.752239227294922,21.752239227294922,21.752239227294922,200,0.0,0.0,0.0
2014-06-16 00:00:00-04:00,21.93219498229344,22.194631789482195,21.872209548950195,21.872209548950195,10000,0.0,0.0,0.0
2014-06-17 00:00:00-04:00,21.93219757080078,21.93219757080078,21.93219757080078,21.93219757080078,100,0.0,0.0,0.0
2014-06-18 00:00:00-04:00,22.00717559425457,22.187131881713867,22.00717559425457,22.187131881713867,14000,0.0,0.0,0.0
2014-06-19 00:00:00-04:00,22.17963981628418,22.17963981628418,22.17963981628418,22.17963981628418,100,0.0,0.0,0.0
2014-06-20 00:00:00-04:00,22.422951030640053,22.430554782564535,22.202448025899646,22.331708908081055,16800,0.41,0.0,0.0
2014-06-23 00:00:00-04:00,22.4001404554917,22.438159216269305,22.118808877074613,22.248069763183594,29100,0.0,0.0,0.0
2014-06-24 00:00:00-04:00,22.263275958449373,22.339310574998994,22.240464703324076,22.308897018432617,6400,0.0,0.0,0.0
2014-06-25 00:00:00-04:00,22.308896095597675,22.308896095597675,21.989545788390597,22.027563095092773,18700,0.0,0.0,0.0
2014-06-26 00:00:00-04:00,22.362123489379883,22.362123489379883,22.362123489379883,22.362123489379883,200,0.0,0.0,0.0
2014-06-27 00:00:00-04:00,22.316502716794773,22.316502716794773,22.27088165283203,22.27088165283203,400,0.0,0.0,0.0
2014-06-30 00:00:00-04:00,22.27088165283203,22.27088165283203,22.27088165283203,22.27088165283203,0,0.0,0.0,0.0
2014-07-01 00:00:00-04:00,22.44576581868941,22.45336957181049,22.415350806205094,22.422954559326172,7100,0.0,0.0,0.0
2014-07-02 00:00:00-04:00,22.66626432231323,22.66626432231323,22.46857113152902,22.506589889526367,4400,0.0,0.0,0.0
2014-07-03 00:00:00-04:00,22.719489487522466,22.719489487522466,22.620643615722656,22.620643615722656,1000,0.0,0.0,0.0
2014-07-07 00:00:00-04:00,22.46857265393389,22.476176406048566,22.43055534362793,22.43055534362793,1700,0.0,0.0,0.0
2014-07-08 00:00:00-04:00,22.26327133178711,22.26327133178711,22.26327133178711,22.26327133178711,1600,0.0,0.0,0.0
2014-07-09 00:00:00-04:00,22.293692481410673,22.30129623413086,22.286088728690487,22.30129623413086,3500,0.0,0.0,0.0
2014-07-10 00:00:00-04:00,22.012353422816847,22.118803024291992,22.012353422816847,22.118803024291992,4200,0.0,0.0,0.0
2014-07-11 00:00:00-04:00,22.1416208113887,22.164430618286133,22.1416208113887,22.164430618286133,3100,0.0,0.0,0.0
2014-07-14 00:00:00-04:00,22.35452101249296,22.35452101249296,22.339313507080078,22.339313507080078,1700,0.0,0.0,0.0
2014-07-15 00:00:00-04:00,22.339313507080078,22.339313507080078,22.339313507080078,22.339313507080078,0,0.0,0.0,0.0
2014-07-16 00:00:00-04:00,22.38493537902832,22.38493537902832,22.38493537902832,22.38493537902832,1300,0.0,0.0,0.0
2014-07-17 00:00:00-04:00,22.141615305360485,22.14921760559082,22.141615305360485,22.14921760559082,3700,0.0,0.0,0.0
2014-07-18 00:00:00-04:00,22.202449331754188,22.27848395493626,22.202449331754188,22.27088165283203,9300,0.0,0.0,0.0
2014-07-21 00:00:00-04:00,22.11120030337067,22.14921760559082,22.11120030337067,22.14921760559082,4700,0.0,0.0,0.0
2014-07-22 00:00:00-04:00,22.362124335818468,22.369728088378906,22.362124335818468,22.369728088378906,800,0.0,0.0,0.0
2014-07-23 00:00:00-04:00,22.40774154663086,22.40774154663086,22.40774154663086,22.40774154663086,800,0.0,0.0,0.0
2014-07-24 00:00:00-04:00,22.48377799987793,22.48377799987793,22.48377799987793,22.48377799987793,900,0.0,0.0,0.0
2014-07-25 00:00:00-04:00,22.48377799987793,22.48377799987793,22.48377799987793,22.48377799987793,0,0.0,0.0,0.0
2014-07-28 00:00:00-04:00,22.35451380721657,22.3773250579834,22.35451380721657,22.3773250579834,2700,0.0,0.0,0.0
2014-07-29 00:00:00-04:00,22.392536801560308,22.4153466063822,22.339310539685425,22.346914291381836,13800,0.0,0.0,0.0
2014-07-30 00:00:00-04:00,22.19484519958496,22.19484519958496,22.19484519958496,22.19484519958496,400,0.0,0.0,0.0
2014-07-31 00:00:00-04:00,22.050376892089844,22.050376892089844,22.050376892089844,22.050376892089844,3200,0.0,0.0,0.0
2014-08-01 00:00:00-04:00,22.050376892089844,22.050376892089844,22.050376892089844,22.050376892089844,0,0.0,0.0,0.0
2014-08-04 00:00:00-04:00,22.050376892089844,22.050376892089844,22.050376892089844,22.050376892089844,0,0.0,0.0,0.0
2014-08-05 00:00:00-04:00,21.822270157830435,21.829872459845152,21.670198012721897,21.700613021850586,104900,0.0,0.0,0.0
2014-08-06 00:00:00-04:00,21.700613021850586,21.700613021850586,21.700613021850586,21.700613021850586,0,0.0,0.0,0.0
2014-08-07 00:00:00-04:00,21.449690958431958,21.457294709796383,21.39646614914827,21.404069900512695,69200,0.0,0.0,0.0
2014-08-08 00:00:00-04:00,21.36605147629308,21.556140899658203,21.36605147629308,21.556140899658203,6400,0.0,0.0,0.0
2014-08-11 00:00:00-04:00,21.66259214663511,21.66259214663511,21.647384643554688,21.647384643554688,10500,0.0,0.0,0.0
2014-08-12 00:00:00-04:00,21.57895511434642,21.647387436770984,21.57895511434642,21.616973876953125,127200,0.0,0.0,0.0
2014-08-13 00:00:00-04:00,22.172034459166287,22.172034459166287,21.69300965893116,21.708215713500977,91100,0.0,0.0,0.0
2014-08-14 00:00:00-04:00,21.784250259399414,21.784250259399414,21.784250259399414,21.784250259399414,700,0.0,0.0,0.0
2014-08-15 00:00:00-04:00,21.898303985595703,21.898303985595703,21.898303985595703,21.898303985595703,200,0.0,0.0,0.0
2014-08-18 00:00:00-04:00,21.890702354534174,21.928719665462978,21.86789109781642,21.883098602294922,13300,0.0,0.0,0.0
2014-08-19 00:00:00-04:00,21.921115411173652,21.989547729492188,21.921115411173652,21.989547729492188,145600,0.0,0.0,0.0
2014-08-20 00:00:00-04:00,21.951530884148447,21.966736938333156,21.92111587524414,21.92111587524414,16000,0.0,0.0,0.0
2014-08-21 00:00:00-04:00,22.035167694091797,22.035167694091797,22.035167694091797,22.035167694091797,1100,0.0,0.0,0.0
2014-08-22 00:00:00-04:00,21.95912894233513,21.96673269309172,21.92111163881933,21.951526641845703,15900,0.0,0.0,0.0
2014-08-25 00:00:00-04:00,22.080793380737305,22.080793380737305,22.080793380737305,22.080793380737305,800,0.0,0.0,0.0
2014-08-26 00:00:00-04:00,22.111205840533692,22.134017097738525,22.111205840533692,22.126413345336914,1600,0.0,0.0,0.0
2014-08-27 00:00:00-04:00,22.179636001586914,22.18723975324792,22.156824746603895,22.179636001586914,13900,0.0,0.0,0.0
2014-08-28 00:00:00-04:00,21.966738539301108,22.080793380737305,21.95913478652086,22.080793380737305,27600,0.0,0.0,0.0
2014-08-29 00:00:00-04:00,21.989548362288865,22.012359619140625,21.989548362288865,22.012359619140625,4000,0.0,0.0,0.0
2014-09-02 00:00:00-04:00,21.96673269309172,21.989543945361504,21.92871538957592,21.951526641845703,34200,0.0,0.0,0.0
2014-09-03 00:00:00-04:00,22.187239117711286,22.187239117711286,22.156824111938477,22.156824111938477,1200,0.0,0.0,0.0
2014-09-04 00:00:00-04:00,22.179632607580633,22.19484010857554,22.14921760559082,22.14921760559082,19000,0.0,0.0,0.0
2014-09-05 00:00:00-04:00,22.035164248663254,22.14921760559082,22.035164248663254,22.14921760559082,61500,0.0,0.0,0.0
2014-09-08 00:00:00-04:00,22.14921760559082,22.14921760559082,22.14921760559082,22.14921760559082,0,0.0,0.0,0.0
2014-09-09 00:00:00-04:00,21.76144261370912,21.76144261370912,21.731027603149414,21.731027603149414,367100,0.0,0.0,0.0
2014-09-10 00:00:00-04:00,21.71581625261401,21.769041061401367,21.708212501320492,21.769041061401367,102900,0.0,0.0,0.0
2014-09-11 00:00:00-04:00,21.63218346361617,21.662597026360665,21.63218346361617,21.639785766601562,135500,0.0,0.0,0.0
2014-09-12 00:00:00-04:00,21.563747619383456,21.609368681197083,21.54093636334294,21.548540115356445,36500,0.0,0.0,0.0
2014-09-15 00:00:00-04:00,21.47250263660162,21.47250263660162,21.419277826266757,21.442089080810547,38900,0.0,0.0,0.0
2014-09-16 00:00:00-04:00,21.57135581970215,21.57135581970215,21.57135581970215,21.57135581970215,4100,0.0,0.0,0.0
2014-09-17 00:00:00-04:00,21.48771336958098,21.48771336958098,21.373659980252594,21.381263732910156,6400,0.0,0.0,0.0
2014-09-18 00:00:00-04:00,21.518127267169074,21.525731019945802,21.495317459106445,21.495317459106445,2500,0.0,0.0,0.0
2014-09-19 00:00:00-04:00,21.589244842529297,21.589244842529297,21.589244842529297,21.589244842529297,0,0.123,0.0,0.0
2014-09-22 00:00:00-04:00,21.222679003401833,21.27613639831543,21.222679003401833,21.27613639831543,30300,0.0,0.0,0.0
2014-09-23 00:00:00-04:00,21.11576466236824,21.123401641845703,21.10812768289077,21.123401641845703,7400,0.0,0.0,0.0
2014-09-24 00:00:00-04:00,21.3906956238834,21.3906956238834,21.11577011808129,21.237958908081055,900,0.0,0.0,0.0
2014-09-25 00:00:00-04:00,21.03939460405933,21.03939460405933,20.924842834472656,20.924842834472656,14700,0.0,0.0,0.0
2014-09-26 00:00:00-04:00,20.886659396812025,20.924842834472656,20.886659396812025,20.924842834472656,10100,0.0,0.0,0.0
2014-09-29 00:00:00-04:00,20.726287886084005,20.733924865722656,20.726287886084005,20.733924865722656,1600,0.0,0.0,0.0
2014-09-30 00:00:00-04:00,20.627010433759445,20.642284393310547,20.627010433759445,20.642284393310547,300,0.0,0.0,0.0
2014-10-01 00:00:00-04:00,20.336813016426255,20.344449996948242,20.336813016426255,20.344449996948242,1800,0.0,0.0,0.0
2014-10-02 00:00:00-04:00,20.153526121752442,20.275714874267578,20.10006872460267,20.275714874267578,3900,0.0,0.0,0.0
2014-10-03 00:00:00-04:00,20.252809377003846,20.30626678466797,20.252809377003846,20.30626678466797,1200,0.0,0.0,0.0
2014-10-06 00:00:00-04:00,20.3138976866724,20.413175491683475,20.3138976866724,20.39790153503418,8700,0.0,0.0,0.0
2014-10-07 00:00:00-04:00,20.268079492193127,20.275715014749,20.12297980134926,20.145889282226562,9300,0.0,0.0,0.0
2014-10-08 00:00:00-04:00,20.32153882672425,20.382633209228516,20.32153882672425,20.382633209228516,200,0.0,0.0,0.0
2014-10-09 00:00:00-04:00,20.382633209228516,20.382633209228516,20.382633209228516,20.382633209228516,0,0.0,0.0,0.0
2014-10-10 00:00:00-04:00,19.65713314507361,19.65713314507361,19.512033462524414,19.512033462524414,1600,0.0,0.0,0.0
2014-10-13 00:00:00-04:00,19.71823135952281,19.74114230015846,19.58840560913086,19.58840560913086,9000,0.0,0.0,0.0
2014-10-14 00:00:00-04:00,19.58840560913086,19.58840560913086,19.58840560913086,19.58840560913086,0,0.0,0.0,0.0
2014-10-15 00:00:00-04:00,19.14546775817871,19.14546775817871,19.14546775817871,19.14546775817871,12000,0.0,0.0,0.0
2014-10-16 00:00:00-04:00,19.183656447606225,19.183656447606225,19.015645790957237,19.061466217041016,8600,0.0,0.0,0.0
2014-10-17 00:00:00-04:00,19.52731329651884,19.687686984779152,19.52731329651884,19.618955612182617,512200,0.0,0.0,0.0
2014-10-20 00:00:00-04:00,19.542587109136473,19.672412872314453,19.542587109136473,19.672412872314453,64100,0.0,0.0,0.0
2014-10-21 00:00:00-04:00,19.825147844127766,19.863332748413086,19.75641792962451,19.863332748413086,32300,0.0,0.0,0.0
2014-10-22 00:00:00-04:00,19.85569232981111,19.90914972994997,19.69532012939453,19.69532012939453,478400,0.0,0.0,0.0
2014-10-23 00:00:00-04:00,19.8709696861683,19.94733803796813,19.855695724487305,19.855695724487305,263700,0.0,0.0,0.0
2014-10-24 00:00:00-04:00,19.863328834551382,20.000791549682617,19.863328834551382,20.000791549682617,203700,0.0,0.0,0.0
2014-10-27 00:00:00-04:00,19.733503108732037,19.878602803288782,19.725866129375905,19.848054885864258,187600,0.0,0.0,0.0
2014-10-28 00:00:00-04:00,19.90151396346327,20.199350357055664,19.90151396346327,20.199350357055664,138200,0.0,0.0,0.0
2014-10-29 00:00:00-04:00,20.184074319690723,20.184074319690723,20.016063690185547,20.016063690185547,25800,0.0,0.0,0.0
2014-10-30 00:00:00-04:00,20.229896545410156,20.229896545410156,20.229896545410156,20.229896545410156,100,0.0,0.0,0.0
2014-10-31 00:00:00-04:00,20.367361051595964,20.443729400634766,20.367361051595964,20.443729400634766,400,0.0,0.0,0.0
2014-11-03 00:00:00-05:00,20.35208708133419,20.35208708133419,20.283355712890625,20.283355712890625,2700,0.0,0.0,0.0
2014-11-04 00:00:00-05:00,20.436090677261642,20.436090677261642,20.130618763762474,20.237533569335938,14200,0.0,0.0,0.0
2014-11-05 00:00:00-05:00,20.176442904863965,20.22226333618164,20.168805923543477,20.22226333618164,1100,0.0,0.0,0.0
2014-11-06 00:00:00-05:00,20.199354069713152,20.199354069713152,20.07716528045967,20.100074768066406,14600,0.0,0.0,0.0
2014-11-07 00:00:00-05:00,20.100074768066406,20.100074768066406,20.100074768066406,20.100074768066406,0,0.0,0.0,0.0
2014-11-10 00:00:00-05:00,20.100074768066406,20.100074768066406,20.100074768066406,20.100074768066406,0,0.0,0.0,0.0
2014-11-11 00:00:00-05:00,20.260444498486322,20.313901901245117,20.260444498486322,20.313901901245117,700,0.0,0.0,0.0
2014-11-12 00:00:00-05:00,20.12298571227841,20.17644312550115,20.100074768066406,20.100074768066406,8200,0.0,0.0,0.0
2014-11-13 00:00:00-05:00,20.153526306152344,20.153526306152344,20.153526306152344,20.153526306152344,100,0.0,0.0,0.0
2014-11-14 00:00:00-05:00,20.22989645728503,20.22989645728503,20.206985517695372,20.214622497558594,41200,0.0,0.0,0.0
2014-11-17 00:00:00-05:00,20.09243029622145,20.13061518900616,20.07715779571229,20.12297821044922,5300,0.0,0.0,0.0
2014-11-18 00:00:00-05:00,20.344449996948242,20.344449996948242,20.344449996948242,20.344449996948242,600,0.0,0.0,0.0
2014-11-19 00:00:00-05:00,20.26044441061858,20.298627853393555,20.26044441061858,20.298627853393555,5900,0.0,0.0,0.0
2014-11-20 00:00:00-05:00,20.252803802490234,20.252803802490234,20.252803802490234,20.252803802490234,56400,0.0,0.0,0.0
2014-11-21 00:00:00-05:00,20.52009770613393,20.52009770613393,20.428455396160796,20.436092376708984,2100,0.0,0.0,0.0
2014-11-24 00:00:00-05:00,20.52773111842525,20.558279037475586,20.52773111842525,20.558279037475586,3000,0.0,0.0,0.0
2014-11-25 00:00:00-05:00,20.535367868942167,20.59646224975586,20.520095366192447,20.59646224975586,237300,0.0,0.0,0.0
2014-11-26 00:00:00-05:00,20.649924909716987,20.672834396362305,20.64228792863348,20.672834396362305,3300,0.0,0.0,0.0
2014-11-28 00:00:00-05:00,20.672834396362305,20.672834396362305,20.672834396362305,20.672834396362305,0,0.0,0.0,0.0
2014-12-01 00:00:00-05:00,20.321538969154496,20.3673593922026,20.237533646395487,20.32917594909668,3400,0.0,0.0,0.0
2014-12-02 00:00:00-05:00,20.35208325097889,20.36735720922619,20.35208325097889,20.35972023010254,2800,0.0,0.0,0.0
2014-12-03 00:00:00-05:00,20.405546553914125,20.405546553914125,20.390274047851562,20.390274047851562,200,0.0,0.0,0.0
2014-12-04 00:00:00-05:00,20.344448265814137,20.40554264818636,20.344448265814137,20.374996185302734,30200,0.0,0.0,0.0
2014-12-05 00:00:00-05:00,20.336813250502416,20.3520872117222,20.298629804058077,20.30626678466797,7700,0.0,0.0,0.0
2014-12-08 00:00:00-05:00,20.1993483643042,20.1993483643042,20.092432111452496,20.10770606994629,6300,0.0,0.0,0.0
2014-12-09 00:00:00-05:00,19.8786007142193,19.947332064596534,19.825141864344445,19.89387321472168,38200,0.0,0.0,0.0
2014-12-10 00:00:00-05:00,19.78696272482473,19.78696272482473,19.55785914488836,19.58840560913086,31300,0.0,0.0,0.0
2014-12-11 00:00:00-05:00,19.641863247271427,19.664774188179162,19.542585416548008,19.550222396850586,8200,0.0,0.0,0.0
2014-12-12 00:00:00-05:00,19.214197158813477,19.214197158813477,19.214197158813477,19.214197158813477,600,0.0,0.0,0.0
2014-12-15 00:00:00-05:00,19.069098088258805,19.069098088258805,18.75598925680236,18.786537170410156,19000,0.0,0.0,0.0
2014-12-16 00:00:00-05:00,18.702531783494848,19.069098005570726,18.702531783494848,18.923999786376953,55900,0.0,0.0,0.0
2014-12-17 00:00:00-05:00,18.702531274854575,19.32111193986008,18.702531274854575,19.214197158813477,597400,0.0,0.0,0.0
2014-12-18 00:00:00-05:00,19.450942878527023,19.58840560913086,19.41275943407264,19.58840560913086,321900,0.0,0.0,0.0
2014-12-19 00:00:00-05:00,19.443304137325008,19.64949821455566,19.420394655369318,19.61131477355957,207900,0.0,0.0,0.0
2014-12-22 00:00:00-05:00,19.664768173034908,19.718225562196128,19.618947761840232,19.65713119506836,1048400,0.0,0.0,0.0
2014-12-23 00:00:00-05:00,19.62658873259997,19.710592594112345,19.565494353043285,19.61131477355957,204900,0.0,0.0,0.0
2014-12-24 00:00:00-05:00,19.596036819085374,19.64185723025934,19.550216407911403,19.58076286315918,396100,0.0,0.0,0.0
2014-12-26 00:00:00-05:00,19.73350352596947,19.741140505487078,19.61131476689761,19.68768310546875,352600,0.0,0.0,0.0
2014-12-29 00:00:00-05:00,19.707841947423447,19.707841947423447,19.560536656947637,19.591548919677734,217100,0.386,0.0,0.0
2014-12-30 00:00:00-05:00,19.514016362530107,19.5217694268701,19.436487197875977,19.436487197875977,11200,0.0,0.0,0.0
2014-12-31 00:00:00-05:00,19.4675016201024,19.545029314632107,19.265926361083984,19.265926361083984,84600,0.0,0.0,0.0
2015-01-02 00:00:00-05:00,19.459749528404114,19.46750259399414,19.44424339722406,19.46750259399414,2200,0.0,0.0,0.0
2015-01-05 00:00:00-05:00,18.94030540300694,18.94030540300694,18.932552337646484,18.932552337646484,2500,0.0,0.0,0.0
2015-01-06 00:00:00-05:00,18.824012400436214,18.824012400436214,18.599177940978098,18.637943267822266,81500,0.0,0.0,0.0
2015-01-07 00:00:00-05:00,18.831762450441595,18.963560104370117,18.73872715965853,18.963560104370117,245400,0.0,0.0,0.0
2015-01-08 00:00:00-05:00,18.994573353798753,19.165136337280273,18.994573353798753,19.165136337280273,175900,0.0,0.0,0.0
2015-01-09 00:00:00-05:00,19.041089157501304,19.126371383666992,19.041089157501304,19.126371383666992,1170000,0.0,0.0,0.0
2015-01-12 00:00:00-05:00,18.963563120342286,18.97131618570274,18.932552337646484,18.932552337646484,2500,0.0,0.0,0.0
2015-01-13 00:00:00-05:00,19.14963680796373,19.25817678295542,19.07986068725586,19.07986068725586,74500,0.0,0.0,0.0
2015-01-14 00:00:00-05:00,18.878285391738252,19.07986068725586,18.85502619192021,19.07986068725586,25800,0.0,0.0,0.0
2015-01-15 00:00:00-05:00,19.103115458720914,19.118621589538726,18.986822435079375,18.99457550048828,84400,0.0,0.0,0.0
2015-01-16 00:00:00-05:00,19.126376635348887,19.35896270671461,19.126376635348887,19.35120964050293,10100,0.0,0.0,0.0
2015-01-20 00:00:00-05:00,19.31244659423828,19.31244659423828,19.31244659423828,19.31244659423828,2400,0.0,0.0,0.0
2015-01-21 00:00:00-05:00,19.47525958022377,19.529529571533203,19.42874117731881,19.529529571533203,10800,0.0,0.0,0.0
2015-01-22 00:00:00-05:00,19.521772922630007,19.67682980095845,19.506266791173335,19.65357208251953,59000,0.0,0.0,0.0
2015-01-23 00:00:00-05:00,19.65357208251953,19.65357208251953,19.65357208251953,19.65357208251953,0,0.0,0.0,0.0
2015-01-26 00:00:00-05:00,19.59154664417137,19.723345787974008,19.583793579389344,19.70008659362793,39900,0.0,0.0,0.0
2015-01-27 00:00:00-05:00,19.700090102295693,19.700090102295693,19.669079316390345,19.692337036132812,18600,0.0,0.0,0.0
2015-01-28 00:00:00-05:00,19.630311965942383,19.630311965942383,19.630311965942383,19.630311965942383,200,0.0,0.0,0.0
2015-01-29 00:00:00-05:00,19.545029725671004,19.630311965942383,19.545029725671004,19.630311965942383,800,0.0,0.0,0.0
2015-01-30 00:00:00-05:00,19.397724829908558,19.475254000457944,19.3589595052609,19.36671257019043,1700,0.0,0.0,0.0
2015-02-02 00:00:00-05:00,19.5062641645312,19.607052526681677,19.5062641645312,19.576040267944336,500,0.0,0.0,0.0
2015-02-03 00:00:00-05:00,19.87065160115874,19.98694610595703,19.87065160115874,19.98694610595703,1100,0.0,0.0,0.0
2015-02-04 00:00:00-05:00,19.80087661743164,19.80087661743164,19.80087661743164,19.80087661743164,100,0.0,0.0,0.0
2015-02-05 00:00:00-05:00,19.979191933075654,20.017955780029297,19.979191933075654,20.017955780029297,1100,0.0,0.0,0.0
2015-02-06 00:00:00-05:00,19.83188247680664,19.83188247680664,19.83188247680664,19.83188247680664,100,0.0,0.0,0.0
2015-02-09 00:00:00-05:00,19.692337036132812,19.692337036132812,19.692337036132812,19.692337036132812,9400,0.0,0.0,0.0
2015-02-10 00:00:00-05:00,19.65357329577663,19.75436019897461,19.645820229569683,19.75436019897461,600,0.0,0.0,0.0
2015-02-11 00:00:00-05:00,19.568289227503634,19.638065338134766,19.568289227503634,19.638065338134766,6900,0.0,0.0,0.0
2015-02-12 00:00:00-05:00,19.86289781325066,19.979190826416016,19.86289781325066,19.979190826416016,1900,0.0,0.0,0.0
2015-02-13 00:00:00-05:00,20.15750755719077,20.17301368713379,20.15750755719077,20.17301368713379,21700,0.0,0.0,0.0
2015-02-17 00:00:00-05:00,20.07222642110504,20.21177864074707,20.07222642110504,20.21177864074707,1700,0.0,0.0,0.0
2015-02-18 00:00:00-05:00,20.23503856698731,20.328072397607844,20.20402630428308,20.289308547973633,24900,0.0,0.0,0.0
2015-02-19 00:00:00-05:00,20.227281391125327,20.281551361083984,20.227281391125327,20.281551361083984,2600,0.0,0.0,0.0
2015-02-20 00:00:00-05:00,20.242790395063118,20.483129501342773,20.242790395063118,20.483129501342773,1800,0.0,0.0,0.0
2015-02-23 00:00:00-05:00,20.483129501342773,20.483129501342773,20.483129501342773,20.483129501342773,0,0.0,0.0,0.0
2015-02-24 00:00:00-05:00,20.382341999785634,20.467622756958008,20.382341999785634,20.467622756958008,26900,0.0,0.0,0.0
2015-02-25 00:00:00-05:00,20.467622756958008,20.467622756958008,20.467622756958008,20.467622756958008,0,0.0,0.0,0.0
2015-02-26 00:00:00-05:00,20.390092849731445,20.4133520438,20.390092849731445,20.390092849731445,16600,0.0,0.0,0.0
2015-02-27 00:00:00-05:00,20.413354567112727,20.42886069840849,20.39009537016908,20.405601501464844,8800,0.0,0.0,0.0
2015-03-02 00:00:00-05:00,20.351323602834476,20.39784049987793,20.351323602834476,20.39784049987793,4100,0.0,0.0,0.0
2015-03-03 00:00:00-05:00,20.304810553385888,20.304810553385888,20.281551361083984,20.281551361083984,300,0.0,0.0,0.0
2015-03-04 00:00:00-05:00,20.017957122468413,20.14200321553398,20.010204056808554,20.110992431640625,5200,0.0,0.0,0.0
2015-03-05 00:00:00-05:00,20.18852302225591,20.21178074211695,20.15751075744629,20.15751075744629,2000,0.0,0.0,0.0
2015-03-06 00:00:00-05:00,19.98694610595703,19.98694610595703,19.98694610595703,19.98694610595703,100,0.0,0.0,0.0
2015-03-09 00:00:00-04:00,19.886157989501953,19.886157989501953,19.886157989501953,19.886157989501953,100,0.0,0.0,0.0
2015-03-10 00:00:00-04:00,19.55278968811035,19.55278968811035,19.55278968811035,19.55278968811035,1700,0.0,0.0,0.0
2015-03-11 00:00:00-04:00,19.490757296327335,19.514016489498655,19.490757296327335,19.498510360717773,2600,0.0,0.0,0.0
2015-03-12 00:00:00-04:00,19.715596651951238,19.762113571166992,19.707843585624243,19.762113571166992,7800,0.0,0.0,0.0
2015-03-13 00:00:00-04:00,19.521775316686924,19.607057571411133,19.521775316686924,19.607057571411133,1100,0.0,0.0,0.0
2015-03-16 00:00:00-04:00,19.870652662442303,19.870652662442303,19.847394943237305,19.847394943237305,600,0.0,0.0,0.0
2015-03-17 00:00:00-04:00,19.847394943237305,19.847394943237305,19.847394943237305,19.847394943237305,0,0.0,0.0,0.0
2015-03-18 00:00:00-04:00,20.204023299872826,20.289305530881606,20.204023299872826,20.25054168701172,600,0.0,0.0,0.0
2015-03-19 00:00:00-04:00,20.00244706926329,20.064470103635202,20.00244706926329,20.048965454101562,7600,0.0,0.0,0.0
2015-03-20 00:00:00-04:00,20.31475257873535,20.31475257873535,20.31475257873535,20.31475257873535,100,0.062,0.0,0.0
2015-03-23 00:00:00-04:00,20.52458381652832,20.52458381652832,20.52458381652832,20.52458381652832,2400,0.0,0.0,0.0
2015-03-24 00:00:00-04:00,20.55567169189453,20.55567169189453,20.55567169189453,20.55567169189453,900,0.0,0.0,0.0
2015-03-25 00:00:00-04:00,20.594530692165993,20.633387704325553,20.49350157117114,20.516815185546875,8900,0.0,0.0,0.0
2015-03-26 00:00:00-04:00,20.182640821978552,20.22927101828107,20.182640821978552,20.190412521362305,31100,0.0,0.0,0.0
2015-03-27 00:00:00-04:00,20.19818115234375,20.19818115234375,20.19818115234375,20.19818115234375,100,0.0,0.0,0.0
2015-03-30 00:00:00-04:00,20.306983454041596,20.361385345458984,20.306983454041596,20.361385345458984,1100,0.0,0.0,0.0
2015-03-31 00:00:00-04:00,20.089380264282227,20.089380264282227,20.089380264282227,20.089380264282227,100,0.0,0.0,0.0
2015-04-01 00:00:00-04:00,20.182636260986328,20.182636260986328,20.182636260986328,20.182636260986328,100,0.0,0.0,0.0
2015-04-02 00:00:00-04:00,20.330294245255313,20.400238037109375,20.330294245255313,20.400238037109375,4400,0.0,0.0,0.0
2015-04-06 00:00:00-04:00,20.70333174035344,20.711103439331055,20.70333174035344,20.711103439331055,1100,0.0,0.0,0.0
2015-04-07 00:00:00-04:00,20.680014479027268,20.680014479027268,20.648927688598633,20.648927688598633,500,0.0,0.0,0.0
2015-04-08 00:00:00-04:00,20.66447108381295,20.680014479027268,20.648927688598633,20.648927688598633,3900,0.0,0.0,0.0
2015-04-09 00:00:00-04:00,20.711103439331055,20.711103439331055,20.711103439331055,20.711103439331055,100,0.0,0.0,0.0
2015-04-10 00:00:00-04:00,20.71110070818892,20.7421875,20.71110070818892,20.7421875,2100,0.0,0.0,0.0
2015-04-13 00:00:00-04:00,20.757730329705602,20.76550202800136,20.680016311347796,20.687788009643555,8800,0.0,0.0,0.0
2015-04-14 00:00:00-04:00,20.82767370591599,20.835445404052734,20.82767370591599,20.835445404052734,7600,0.0,0.0,0.0
2015-04-15 00:00:00-04:00,20.936475170237347,20.936475170237347,20.866531372070312,20.866531372070312,6600,0.0,0.0,0.0
2015-04-16 00:00:00-04:00,21.138534620898152,21.138534620898152,21.09967613220215,21.09967613220215,200,0.0,0.0,0.0
2015-04-17 00:00:00-04:00,20.781042098999023,20.781042098999023,20.781042098999023,20.781042098999023,100,0.0,0.0,0.0
2015-04-20 00:00:00-04:00,20.80436464753969,20.85099336426655,20.80436464753969,20.84322166442871,4600,0.0,0.0,0.0
2015-04-21 00:00:00-04:00,20.928703719939815,20.93647541786138,20.91316032409668,20.91316032409668,3700,0.0,0.0,0.0
2015-04-22 00:00:00-04:00,20.91316032409668,20.91316032409668,20.91316032409668,20.91316032409668,0,0.0,0.0,0.0
2015-04-23 00:00:00-04:00,20.91316032409668,20.91316032409668,20.91316032409668,20.91316032409668,0,0.0,0.0,0.0
2015-04-24 00:00:00-04:00,21.192935943603516,21.192935943603516,21.192935943603516,21.192935943603516,100,0.0,0.0,0.0
2015-04-27 00:00:00-04:00,21.30950952086579,21.41831033480919,21.30173782239842,21.356138229370117,9600,0.0,0.0,0.0
2015-04-28 00:00:00-04:00,21.418305940970683,21.433849334716797,21.418305940970683,21.433849334716797,200,0.0,0.0,0.0
2015-04-29 00:00:00-04:00,21.293965636174924,21.30173733446428,21.262880325317383,21.262880325317383,2800,0.0,0.0,0.0
2015-04-30 00:00:00-04:00,21.107449999031132,21.107449999031132,21.014192581176758,21.014192581176758,7100,0.0,0.0,0.0
2015-05-01 00:00:00-04:00,21.0841324117227,21.22402000427246,21.0841324117227,21.22402000427246,7800,0.0,0.0,0.0
2015-05-04 00:00:00-04:00,21.317282550816067,21.317282550816067,21.286195755004883,21.286195755004883,1100,0.0,0.0,0.0
2015-05-05 00:00:00-04:00,21.177394040461788,21.208480834960938,21.169622341837,21.208480834960938,2400,0.0,0.0,0.0
2015-05-06 00:00:00-04:00,21.045275818775828,21.07636260986328,21.045275818775828,21.07636260986328,3300,0.0,0.0,0.0
2015-05-07 00:00:00-04:00,21.07636260986328,21.07636260986328,21.07636260986328,21.07636260986328,0,0.0,0.0,0.0
2015-05-08 00:00:00-04:00,21.239565063142894,21.32505226135254,21.239565063142894,21.32505226135254,2500,0.0,0.0,0.0
2015-05-11 00:00:00-04:00,21.115222930908203,21.115222930908203,21.115222930908203,21.115222930908203,100,0.0,0.0,0.0
2015-05-12 00:00:00-04:00,21.115222425526913,21.15407943725586,21.115222425526913,21.15407943725586,300,0.0,0.0,0.0
2015-05-13 00:00:00-04:00,21.34059715270996,21.34059715270996,21.34059715270996,21.34059715270996,100,0.0,0.0,0.0
2015-05-14 00:00:00-04:00,21.488251729255126,21.542652130126953,21.488251729255126,21.542652130126953,5100,0.0,0.0,0.0
2015-05-15 00:00:00-04:00,21.433855043205494,21.581514358520508,21.433855043205494,21.581514358520508,4200,0.0,0.0,0.0
2015-05-18 00:00:00-04:00,21.581514358520508,21.581514358520508,21.581514358520508,21.581514358520508,0,0.0,0.0,0.0
2015-05-19 00:00:00-04:00,21.581514358520508,21.581514358520508,21.581514358520508,21.581514358520508,0,0.0,0.0,0.0
2015-05-20 00:00:00-04:00,21.410539043268265,21.527113040194546,21.371682032492803,21.48825454711914,25600,0.0,0.0,0.0
2015-05-21 00:00:00-04:00,21.511566162109375,21.511566162109375,21.511566162109375,21.511566162109375,1800,0.0,0.0,0.0
2015-05-22 00:00:00-04:00,21.387219224660225,21.41053283144156,21.387219224660225,21.394990921020508,1200,0.0,0.0,0.0
2015-05-26 00:00:00-04:00,20.990875244140625,20.990875244140625,20.990875244140625,20.990875244140625,200,0.0,0.0,0.0
2015-05-27 00:00:00-04:00,21.02195957185828,21.21624755859375,21.02195957185828,21.21624755859375,2900,0.0,0.0,0.0
2015-05-28 00:00:00-04:00,21.084136962890625,21.084136962890625,21.084136962890625,21.084136962890625,100,0.0,0.0,0.0
2015-05-29 00:00:00-04:00,20.84322119171466,20.84322119171466,20.749963760375977,20.749963760375977,1000,0.0,0.0,0.0
2015-06-01 00:00:00-04:00,20.7421875,20.7421875,20.7421875,20.7421875,100,0.0,0.0,0.0
2015-06-02 00:00:00-04:00,20.874303817749023,20.874303817749023,20.874303817749023,20.874303817749023,300,0.0,0.0,0.0
2015-06-03 00:00:00-04:00,21.014192581176758,21.014192581176758,21.014192581176758,21.014192581176758,100,0.0,0.0,0.0
2015-06-04 00:00:00-04:00,20.726645263282503,20.734416961669922,20.726645263282503,20.734416961669922,400,0.0,0.0,0.0
2015-06-05 00:00:00-04:00,20.734416961669922,20.734416961669922,20.734416961669922,20.734416961669922,0,0.0,0.0,0.0
2015-06-08 00:00:00-04:00,20.734416961669922,20.734416961669922,20.734416961669922,20.734416961669922,0,0.0,0.0,0.0
2015-06-09 00:00:00-04:00,20.734416961669922,20.734416961669922,20.734416961669922,20.734416961669922,0,0.0,0.0,0.0
2015-06-10 00:00:00-04:00,20.804357190155176,20.804357190155176,20.781042098999023,20.781042098999023,12700,0.0,0.0,0.0
2015-06-11 00:00:00-04:00,20.781044999395395,20.866532196599703,20.74995968914828,20.835445404052734,3100,0.0,0.0,0.0
2015-06-12 00:00:00-04:00,20.594527287648276,20.648927688598633,20.594527287648276,20.648927688598633,1900,0.0,0.0,0.0
2015-06-15 00:00:00-04:00,20.54789924621582,20.54789924621582,20.54789924621582,20.54789924621582,200,0.0,0.0,0.0
2015-06-16 00:00:00-04:00,20.571213104389827,20.594528198242188,20.571213104389827,20.594528198242188,5200,0.0,0.0,0.0
2015-06-17 00:00:00-04:00,20.49349942329135,20.62561532600706,20.454640932904468,20.617843627929688,15600,0.0,0.0,0.0
2015-06-18 00:00:00-04:00,20.80436234476238,20.92093486482653,20.711103439331055,20.711103439331055,13500,0.0,0.0,0.0
2015-06-19 00:00:00-04:00,21.033912658691406,21.033912658691406,21.033912658691406,21.033912658691406,0,0.409,0.0,0.0
2015-06-22 00:00:00-04:00,21.010233323866885,21.136515593586314,21.010233323866885,21.04969596862793,2300,0.0,0.0,0.0
2015-06-23 00:00:00-04:00,21.12862374064703,21.136516571044922,21.11283807985124,21.136516571044922,2200,0.0,0.0,0.0
2015-06-24 00:00:00-04:00,21.010234080104432,21.010234080104432,20.9155216217041,20.9155216217041,15800,0.0,0.0,0.0
2015-06-25 00:00:00-04:00,20.93919585300334,20.93919585300334,20.931303024291992,20.931303024291992,11800,0.0,0.0,0.0
2015-06-26 00:00:00-04:00,20.978662490844727,20.978662490844727,20.978662490844727,20.978662490844727,200,0.0,0.0,0.0
2015-06-29 00:00:00-04:00,20.489313893311174,20.489313893311174,20.299890518188477,20.299890518188477,1500,0.0,0.0,0.0
2015-06-30 00:00:00-04:00,20.25253395464283,20.36303054113327,20.220964146532598,20.339353561401367,16700,0.0,0.0,0.0
2015-07-01 00:00:00-04:00,20.512998358469233,20.520891189575195,20.26832661579885,20.520891189575195,1100,0.0,0.0,0.0
2015-07-02 00:00:00-04:00,20.37092403051156,20.37092403051156,20.315675735473633,20.315675735473633,25300,0.0,0.0,0.0
2015-07-06 00:00:00-04:00,19.897365129862823,19.913150787353516,19.897365129862823,19.913150787353516,1400,0.0,0.0,0.0
2015-07-07 00:00:00-04:00,19.447486371705224,19.857904475038783,19.447486371705224,19.802656173706055,2000,0.0,0.0,0.0
2015-07-08 00:00:00-04:00,19.455379486083984,19.463272315733263,19.44748665643471,19.455379486083984,1000,0.0,0.0,0.0
2015-07-09 00:00:00-04:00,19.794763102969043,19.794763102969043,19.581661224365234,19.581661224365234,6700,0.0,0.0,0.0
2015-07-10 00:00:00-04:00,20.1499311387537,20.213072263329767,20.126252652511493,20.19728660583496,118000,0.0,0.0,0.0
2015-07-13 00:00:00-04:00,20.29988883034652,20.29988883034652,20.291996002197266,20.291996002197266,800,0.0,0.0,0.0
2015-07-14 00:00:00-04:00,20.291996002197266,20.291996002197266,20.291996002197266,20.291996002197266,0,0.0,0.0,0.0
2015-07-15 00:00:00-04:00,20.363036714614598,20.363036714614598,20.32357406616211,20.32357406616211,10100,0.0,0.0,0.0
2015-07-16 00:00:00-04:00,20.497207641601562,20.497207641601562,20.497207641601562,20.497207641601562,500,0.0,0.0,0.0
2015-07-17 00:00:00-04:00,20.4656378686265,20.4656378686265,20.441959381103516,20.441959381103516,4100,0.0,0.0,0.0
2015-07-20 00:00:00-04:00,20.481423526975156,20.481423526975156,20.42617372275486,20.441959381103516,10000,0.0,0.0,0.0
2015-07-21 00:00:00-04:00,20.441959381103516,20.441959381103516,20.441959381103516,20.441959381103516,0,0.0,0.0,0.0
2015-07-22 00:00:00-04:00,20.18939710324156,20.26832389831543,20.157827288454055,20.26832389831543,3300,0.0,0.0,0.0
2015-07-23 00:00:00-04:00,20.071006774902344,20.071006774902344,20.071006774902344,20.071006774902344,200,0.0,0.0,0.0
2015-07-24 00:00:00-04:00,19.88947553113588,19.944723831740728,19.86579704284668,19.86579704284668,18600,0.0,0.0,0.0
2015-07-27 00:00:00-04:00,19.660585403442383,19.660585403442383,19.660585403442383,19.660585403442383,15300,0.0,0.0,0.0
2015-07-28 00:00:00-04:00,19.826331251273142,19.84211540222168,19.77897428221839,19.84211540222168,3100,0.0,0.0,0.0
2015-07-29 00:00:00-04:00,19.84211540222168,19.84211540222168,19.84211540222168,19.84211540222168,0,0.0,0.0,0.0
2015-07-30 00:00:00-04:00,19.87369728088379,19.87369728088379,19.87369728088379,19.87369728088379,100,0.0,0.0,0.0
2015-07-31 00:00:00-04:00,20.118364334106445,20.118364334106445,20.118364334106445,20.118364334106445,400,0.0,0.0,0.0
2015-08-03 00:00:00-04:00,20.118364334106445,20.118364334106445,20.118364334106445,20.118364334106445,0,0.0,0.0,0.0
2015-08-04 00:00:00-04:00,20.08679074601604,20.08679074601604,20.063112258911133,20.063112258911133,1100,0.0,0.0,0.0
2015-08-05 00:00:00-04:00,20.118364556067846,20.118364556067846,20.110471725463867,20.110471725463867,1900,0.0,0.0,0.0
2015-08-06 00:00:00-04:00,20.031542889764733,20.031542889764733,20.00786590576172,20.00786590576172,1000,0.0,0.0,0.0
2015-08-07 00:00:00-04:00,20.00786590576172,20.00786590576172,20.00786590576172,20.00786590576172,0,0.0,0.0,0.0
2015-08-10 00:00:00-04:00,20.157827332765248,20.213075637817383,20.157827332765248,20.213075637817383,1300,0.0,0.0,0.0
2015-08-11 00:00:00-04:00,20.213075637817383,20.213075637817383,20.213075637817383,20.213075637817383,0,0.0,0.0,0.0
2015-08-12 00:00:00-04:00,19.652692575052594,19.660585403442383,19.652692575052594,19.660585403442383,4700,0.0,0.0,0.0
2015-08-13 00:00:00-04:00,19.723731994628906,19.723731994628906,19.723731994628906,19.723731994628906,200,0.0,0.0,0.0
2015-08-14 00:00:00-04:00,19.69215965270996,19.69215965270996,19.69215965270996,19.69215965270996,1000,0.0,0.0,0.0
2015-08-17 00:00:00-04:00,19.53430862477485,19.66848373413086,19.53430862477485,19.66848373413086,6100,0.0,0.0,0.0
2015-08-18 00:00:00-04:00,19.66848373413086,19.66848373413086,19.66848373413086,19.66848373413086,0,0.0,0.0,0.0
2015-08-19 00:00:00-04:00,19.352776547179456,19.352776547179456,19.210708618164062,19.210708618164062,7100,0.0,0.0,0.0
2015-08-20 00:00:00-04:00,18.98182284385779,18.98182284385779,18.87921905517578,18.87921905517578,16500,0.0,0.0,0.0
2015-08-21 00:00:00-04:00,18.626651523566828,18.626651523566828,18.38987115563223,18.405656814575195,26200,0.0,0.0,0.0
2015-08-24 00:00:00-04:00,17.482216824723462,18.050488502880395,17.482216824723462,17.624284744262695,447700,0.0,0.0,0.0
2015-08-25 00:00:00-04:00,18.23991371881888,18.26359070417559,18.23991371881888,18.247806549072266,152600,0.0,0.0,0.0
2015-08-26 00:00:00-04:00,18.121519415829333,18.121519415829333,17.93998886981611,17.9478816986084,19300,0.0,0.0,0.0
2015-08-27 00:00:00-04:00,18.35830275930882,18.47669219970703,18.35830275930882,18.47669219970703,4300,0.0,0.0,0.0
2015-08-28 00:00:00-04:00,18.421443939208984,18.421443939208984,18.421443939208984,18.421443939208984,200,0.0,0.0,0.0
2015-08-31 00:00:00-04:00,18.255695122596304,18.263587951660156,18.22412531174411,18.263587951660156,167800,0.0,0.0,0.0
2015-09-01 00:00:00-04:00,17.837387792942657,17.861064777482536,17.711105524052012,17.758460998535156,900,0.0,0.0,0.0
2015-09-02 00:00:00-04:00,17.9478816986084,17.9478816986084,17.9478816986084,17.9478816986084,100,0.0,0.0,0.0
2015-09-03 00:00:00-04:00,18.034704208374023,18.034704208374023,18.034704208374023,18.034704208374023,100,0.0,0.0,0.0
2015-09-04 00:00:00-04:00,17.79002948455366,17.79002948455366,17.48221518593877,17.561141967773438,2500,0.0,0.0,0.0
2015-09-08 00:00:00-04:00,17.947886309766627,17.987350463867188,17.868959506969052,17.987350463867188,29700,0.0,0.0,0.0
2015-09-09 00:00:00-04:00,18.318835323913472,18.318835323913472,18.06627082824707,18.06627082824707,1400,0.0,0.0,0.0
2015-09-10 00:00:00-04:00,18.034702662929696,18.184663410427355,18.034702662929696,18.129413604736328,9500,0.0,0.0,0.0
2015-09-11 00:00:00-04:00,17.92420124829465,18.05837631225586,17.92420124829465,18.05837631225586,500,0.0,0.0,0.0
2015-09-14 00:00:00-04:00,17.947885116165374,17.97945643734621,17.900529639797565,17.908422470092773,139500,0.0,0.0,0.0
2015-09-15 00:00:00-04:00,18.12941195216367,18.12941195216367,17.91631159982211,18.06627082824707,324600,0.0,0.0,0.0
2015-09-16 00:00:00-04:00,18.255697607246276,18.350410063499908,18.216234961959255,18.31094741821289,249500,0.0,0.0,0.0
2015-09-17 00:00:00-04:00,18.287267383309544,18.405656814575195,18.216233423469493,18.405656814575195,147100,0.0,0.0,0.0
2015-09-18 00:00:00-04:00,18.001209678850135,18.104709992333664,17.913631439208984,17.913631439208984,841800,0.202,0.0,0.0
2015-09-21 00:00:00-04:00,17.969364070052954,17.969364070052954,17.889747619628906,17.889747619628906,2000,0.0,0.0,0.0
2015-09-22 00:00:00-04:00,17.42000879780605,17.42000879780605,17.38020133972168,17.38020133972168,3500,0.0,0.0,0.0
2015-09-23 00:00:00-04:00,17.435932961322642,17.435932961322642,17.29262367781896,17.348356246948242,103200,0.0,0.0,0.0
2015-09-24 00:00:00-04:00,17.109506717357192,17.189123153686523,17.109506717357192,17.189123153686523,200,0.0,0.0,0.0
2015-09-25 00:00:00-04:00,17.451854813907694,17.451854813907694,17.308545544680815,17.31650733947754,11900,0.0,0.0,0.0
2015-09-28 00:00:00-04:00,17.08562469482422,17.08562469482422,17.08562469482422,17.08562469482422,800,0.0,0.0,0.0
2015-09-29 00:00:00-04:00,17.03784872996092,17.101541562802467,17.029886936036114,17.07765769958496,18600,0.0,0.0,0.0
2015-09-30 00:00:00-04:00,17.372238159179688,17.372238159179688,17.34835429365637,17.372238159179688,14700,0.0,0.0,0.0
2015-10-01 00:00:00-04:00,17.435937881469727,17.44389967930632,17.364283219498066,17.435937881469727,35200,0.0,0.0,0.0
2015-10-02 00:00:00-04:00,17.404087860047305,17.658859252929688,17.404087860047305,17.658859252929688,200,0.0,0.0,0.0
2015-10-05 00:00:00-04:00,18.064899444580078,18.064899444580078,18.064899444580078,18.064899444580078,100,0.0,0.0,0.0
2015-10-06 00:00:00-04:00,18.279861450195312,18.279861450195312,18.279861450195312,18.279861450195312,100,0.0,0.0,0.0
2015-10-07 00:00:00-04:00,18.550559654558125,18.550559654558125,18.399290084838867,18.399290084838867,200,0.0,0.0,0.0
2015-10-08 00:00:00-04:00,18.478901902320413,18.789405822753906,18.478901902320413,18.789405822753906,400,0.0,0.0,0.0
2015-10-09 00:00:00-04:00,18.821256637573242,18.884949494338596,18.78144917155395,18.821256637573242,163100,0.0,0.0,0.0
2015-10-12 00:00:00-04:00,18.821256637573242,18.821256637573242,18.821256637573242,18.821256637573242,0,0.0,0.0,0.0
2015-10-13 00:00:00-04:00,18.574444679039406,18.598330066791334,18.574444679039406,18.590368270874023,6000,0.0,0.0,0.0
2015-10-14 00:00:00-04:00,18.55851884164274,18.56648063659668,18.55851884164274,18.56648063659668,2200,0.0,0.0,0.0
2015-10-15 00:00:00-04:00,18.82125540571651,18.876986461918897,18.82125540571651,18.86902618408203,81400,0.0,0.0,0.0
2015-10-16 00:00:00-04:00,18.916799545288086,18.916799545288086,18.916799545288086,18.916799545288086,600,0.0,0.0,0.0
2015-10-19 00:00:00-04:00,18.916799545288086,18.916799545288086,18.916799545288086,18.916799545288086,0,0.0,0.0,0.0
2015-10-20 00:00:00-04:00,18.70183648902056,18.71776008605957,18.70183648902056,18.71776008605957,200,0.0,0.0,0.0
2015-10-21 00:00:00-04:00,18.76552095964853,18.781444549560547,18.701828118557575,18.781444549560547,4000,0.0,0.0,0.0
2015-10-22 00:00:00-04:00,18.79736969508818,18.98048643855924,18.79736969508818,18.972524642944336,2800,0.0,0.0,0.0
2015-10-23 00:00:00-04:00,19.012331920047696,19.02029371558621,19.004371643066406,19.004371643066406,1300,0.0,0.0,0.0
2015-10-26 00:00:00-04:00,18.964559898851245,19.012329146556596,18.964559898851245,18.988445281982422,9100,0.0,0.0,0.0
2015-10-27 00:00:00-04:00,18.717752978968107,18.717752978968107,18.70979118347168,18.70979118347168,500,0.0,0.0,0.0
2015-10-28 00:00:00-04:00,18.813293272147078,18.924756901111564,18.733678346746196,18.84514045715332,7300,0.0,0.0,0.0
2015-10-29 00:00:00-04:00,18.725712687027332,18.741636276245117,18.725712687027332,18.741636276245117,7100,0.0,0.0,0.0
2015-10-30 00:00:00-04:00,18.845138731773066,18.845138731773066,18.813291549682617,18.813291549682617,900,0.0,0.0,0.0
2015-11-02 00:00:00-05:00,19.052143521526972,19.052143521526972,18.956603480464626,18.96456527709961,1700,0.0,0.0,0.0
2015-11-03 00:00:00-05:00,18.948639364546327,19.052141189575195,18.900870109140754,19.052141189575195,60800,0.0,0.0,0.0
2015-11-04 00:00:00-05:00,18.96455890871165,19.04417532976846,18.89290428161621,18.89290428161621,20000,0.0,0.0,0.0
2015-11-05 00:00:00-05:00,18.932714462280273,18.932714462280273,18.932714462280273,18.932714462280273,200,0.0,0.0,0.0
2015-11-06 00:00:00-05:00,18.59832701039915,18.741636276245117,18.59832701039915,18.741636276245117,2400,0.0,0.0,0.0
2015-11-09 00:00:00-05:00,18.622214984122518,18.622214984122518,18.574445724487305,18.574445724487305,200,0.0,0.0,0.0
2015-11-10 00:00:00-05:00,18.574445724487305,18.574445724487305,18.574445724487305,18.574445724487305,0,0.0,0.0,0.0
2015-11-11 00:00:00-05:00,18.622211277298472,18.6540584564209,18.622211277298472,18.6540584564209,1100,0.0,0.0,0.0
2015-11-12 00:00:00-05:00,18.41521453857422,18.41521453857422,18.41521453857422,18.41521453857422,100,0.0,0.0,0.0
2015-11-13 00:00:00-05:00,18.21616789448499,18.21616789448499,18.096744016186012,18.104705810546875,3900,0.0,0.0,0.0
2015-11-16 00:00:00-05:00,18.24005479233454,18.407249450683594,18.24005479233454,18.407249450683594,2400,0.0,0.0,0.0
2015-11-17 00:00:00-05:00,18.494826454381737,18.5664810921683,18.455018997192383,18.455018997192383,24600,0.0,0.0,0.0
2015-11-18 00:00:00-05:00,18.582406474956716,18.646099323737893,18.582406474956716,18.590368270874023,36800,0.0,0.0,0.0
2015-11-19 00:00:00-05:00,18.821256637573242,18.821256637573242,18.821256637573242,18.821256637573242,100,0.0,0.0,0.0
2015-11-20 00:00:00-05:00,18.789405822753906,18.789405822753906,18.789405822753906,18.789405822753906,100,0.0,0.0,0.0
2015-11-23 00:00:00-05:00,18.709793513807607,18.709793513807607,18.622215270996094,18.622215270996094,38900,0.0,0.0,0.0
2015-11-24 00:00:00-05:00,18.55056285447173,18.654064702720046,18.486869993456455,18.646102905273438,1100,0.0,0.0,0.0
2015-11-25 00:00:00-05:00,18.646102905273438,18.646102905273438,18.646102905273438,18.646102905273438,0,0.0,0.0,0.0
2015-11-27 00:00:00-05:00,18.614253997802734,18.614253997802734,18.614253997802734,18.614253997802734,600,0.0,0.0,0.0
2015-11-30 00:00:00-05:00,18.590369029358353,18.590369029358353,18.526676177978516,18.526676177978516,28800,0.0,0.0,0.0
2015-12-01 00:00:00-05:00,18.741640040455817,18.76552391052246,18.693869263207823,18.76552391052246,68100,0.0,0.0,0.0
2015-12-02 00:00:00-05:00,18.677945937583964,18.677945937583964,18.494829177856445,18.494829177856445,2100,0.0,0.0,0.0
2015-12-03 00:00:00-05:00,18.598327975541704,18.598327975541704,18.407249450683594,18.407249450683594,214900,0.0,0.0,0.0
2015-12-04 00:00:00-05:00,18.43113614163008,18.526676177978516,18.43113614163008,18.526676177978516,900,0.0,0.0,0.0
2015-12-07 00:00:00-05:00,18.303749316490784,18.303749316490784,18.19228721305023,18.248018264770508,27100,0.0,0.0,0.0
2015-12-08 00:00:00-05:00,18.064900949729576,18.064900949729576,17.88178269026502,17.937515258789062,104000,0.0,0.0,0.0
2015-12-09 00:00:00-05:00,17.945476190414194,18.14451651274679,17.82605078216892,17.92159080505371,292900,0.0,0.0,0.0
2015-12-10 00:00:00-05:00,17.929554218206928,17.977323474681633,17.86586137005489,17.873823165893555,102500,0.0,0.0,0.0
2015-12-11 00:00:00-05:00,17.547392806431986,17.547392806431986,17.451852798461914,17.451852798461914,7600,0.0,0.0,0.0
2015-12-14 00:00:00-05:00,17.475739746426974,17.475739746426974,17.340392275496505,17.427968978881836,10900,0.0,0.0,0.0
2015-12-15 00:00:00-05:00,17.666815539540202,17.682737607712234,17.571275537723952,17.60312271118164,96000,0.0,0.0,0.0
2015-12-16 00:00:00-05:00,17.786246540447987,17.953439712524414,17.738477279648638,17.953439712524414,452600,0.0,0.0,0.0
2015-12-17 00:00:00-05:00,17.92955139189132,17.945474981058542,17.810127510251235,17.88178062438965,408000,0.0,0.0,0.0
2015-12-18 00:00:00-05:00,17.74643898010254,17.770322851094157,17.71459179403716,17.74643898010254,63200,0.0,0.0,0.0
2015-12-21 00:00:00-05:00,17.85789825831723,17.913629306523937,17.650896137437208,17.754396438598633,41400,0.0,0.0,0.0
2015-12-22 00:00:00-05:00,17.730516528614697,17.81013298034668,17.730516528614697,17.81013298034668,14400,0.0,0.0,0.0
2015-12-23 00:00:00-05:00,18.17636310126073,18.255979537963867,18.104708460083632,18.255979537963867,41400,0.0,0.0,0.0
2015-12-24 00:00:00-05:00,18.224134024765352,18.31171226501465,18.224134024765352,18.31171226501465,29200,0.0,0.0,0.0
2015-12-28 00:00:00-05:00,18.19228474589333,18.279861450195312,18.15247577252237,18.279861450195312,125700,0.0,0.0,0.0
2015-12-29 00:00:00-05:00,18.314465335731,18.42711972689775,18.314465335731,18.37883949279785,232700,0.243,0.0,0.0
2015-12-30 00:00:00-05:00,18.250092840972723,18.266186765405596,18.169624753609483,18.19376564025879,148400,0.0,0.0,0.0
2015-12-31 00:00:00-05:00,18.016734023614667,18.06501579284668,18.016734023614667,18.06501579284668,6200,0.0,0.0,0.0
2016-01-04 00:00:00-05:00,17.62244353350505,17.638537457876005,17.46955432158319,17.566116333007812,39300,0.0,0.0,0.0
2016-01-05 00:00:00-05:00,17.558069229125977,17.590257077608122,17.533929877565456,17.558069229125977,9900,0.0,0.0,0.0
2016-01-06 00:00:00-05:00,17.22814779365787,17.30056890254561,17.179867565999633,17.24424171447754,44100,0.0,0.0,0.0
2016-01-07 00:00:00-05:00,16.85799555470538,16.986743841970284,16.79362141107293,16.83385467529297,140000,0.0,0.0,0.0
2016-01-08 00:00:00-05:00,16.882139780326575,16.906280666718665,16.568315931234864,16.592456817626953,111000,0.0,0.0,0.0
2016-01-11 00:00:00-05:00,16.560265848054748,16.67292022705078,16.544171926826515,16.67292022705078,16300,0.0,0.0,0.0
2016-01-12 00:00:00-05:00,16.71315722717892,16.71315722717892,16.536127139998147,16.689016342163086,236600,0.0,0.0,0.0
2016-01-13 00:00:00-05:00,16.84190465474406,16.866044003683857,16.42347187871045,16.447612762451172,41600,0.0,0.0,0.0
2016-01-14 00:00:00-05:00,16.60854594750036,16.793622970581055,16.60854594750036,16.793622970581055,400,0.0,0.0,0.0
2016-01-15 00:00:00-05:00,16.11769403401056,16.141833381465663,15.884336776605721,15.996991157531738,30200,0.0,0.0,0.0
2016-01-19 00:00:00-05:00,16.20620869998545,16.278629817168778,16.04527407775656,16.157928466796875,50100,0.0,0.0,0.0
2016-01-20 00:00:00-05:00,15.779730041713496,15.892384427531864,15.594653005982163,15.81191635131836,12500,0.0,0.0,0.0
2016-01-21 00:00:00-05:00,15.86824469348934,16.013086934203706,15.86824469348934,15.972853660583496,19300,0.0,0.0,0.0
2016-01-22 00:00:00-05:00,16.38324198577255,16.463708545233306,16.35910109705358,16.42347526550293,5600,0.0,0.0,0.0
2016-01-25 00:00:00-05:00,16.42347526550293,16.42347526550293,16.42347526550293,16.42347526550293,0,0.0,0.0,0.0
2016-01-26 00:00:00-05:00,16.310814339369195,16.536123071545966,16.310814339369195,16.503936767578125,3700,0.0,0.0,0.0
2016-01-27 00:00:00-05:00,16.648786453400284,16.664878845214844,16.640739490092344,16.664878845214844,52500,0.0,0.0,0.0
2016-01-28 00:00:00-05:00,16.680973052978516,16.680973052978516,16.680973052978516,16.680973052978516,200,0.0,0.0,0.0
2016-01-29 00:00:00-05:00,16.777534415761547,16.946516036987305,16.76948745263633,16.946516036987305,9700,0.0,0.0,0.0
2016-02-01 00:00:00-05:00,16.745341407086336,16.841903400054612,16.745341407086336,16.825809478759766,155500,0.0,0.0,0.0
2016-02-02 00:00:00-05:00,16.455660152274387,16.455660152274387,16.34300422668457,16.34300422668457,25100,0.0,0.0,0.0
2016-02-03 00:00:00-05:00,16.40737975822311,16.592456817626953,16.36714648237072,16.592456817626953,2300,0.0,0.0,0.0
2016-02-04 00:00:00-05:00,16.648780750257377,16.793622970581055,16.648780750257377,16.793622970581055,300,0.0,0.0,0.0
2016-02-05 00:00:00-05:00,16.624641505212523,16.624641505212523,16.479799270629883,16.479799270629883,9800,0.0,0.0,0.0
2016-02-08 00:00:00-05:00,16.18206729680716,16.23839448417772,16.06136442695509,16.149879455566406,115800,0.0,0.0,0.0
2016-02-09 00:00:00-05:00,15.948709460241286,15.948709460241286,15.78777486441323,15.85214900970459,90300,0.0,0.0,0.0
2016-02-10 00:00:00-05:00,15.99699440707442,16.093556420912396,15.860199116104619,15.868246078491211,217400,0.0,0.0,0.0
2016-02-11 00:00:00-05:00,15.626840734270852,15.634887695312498,15.48199850512299,15.6348876953125,128900,0.0,0.0,0.0
2016-02-12 00:00:00-05:00,15.691217983755909,15.836060241481846,15.691217983755909,15.819966316223145,71000,0.0,0.0,0.0
2016-02-16 00:00:00-05:00,16.262537144495212,16.286678030345513,16.15792970874603,16.270584106445312,5600,0.0,0.0,0.0
2016-02-17 00:00:00-05:00,16.640735768594205,16.680969041334905,16.63268880708587,16.64878273010254,27900,0.0,0.0,0.0
2016-02-18 00:00:00-05:00,16.65682784062335,16.67292022705078,16.65682784062335,16.67292022705078,1500,0.0,0.0,0.0
2016-02-19 00:00:00-05:00,16.67292022705078,16.67292022705078,16.67292022705078,16.67292022705078,0,0.0,0.0,0.0
2016-02-22 00:00:00-05:00,16.82580919201667,16.841903113037247,16.809715270996094,16.809715270996094,24100,0.0,0.0,0.0
2016-02-23 00:00:00-05:00,16.600502244956555,16.600502244956555,16.592456817626953,16.592456817626953,900,0.0,0.0,0.0
2016-02-24 00:00:00-05:00,16.206207966178614,16.431518268858277,16.141833813241693,16.415424346923828,79000,0.0,0.0,0.0
2016-02-25 00:00:00-05:00,16.42347526550293,16.431522228409253,16.42347526550293,16.42347526550293,4200,0.0,0.0,0.0
2016-02-26 00:00:00-05:00,16.624638298662603,16.64073221824559,16.520030890974496,16.536123275756836,57900,0.0,0.0,0.0
2016-02-29 00:00:00-05:00,16.536123275756836,16.536123275756836,16.536123275756836,16.536123275756836,100,0.0,0.0,0.0
2016-03-01 00:00:00-05:00,16.536123275756836,16.536123275756836,16.536123275756836,16.536123275756836,0,0.0,0.0,0.0
2016-03-02 00:00:00-05:00,17.04307450974372,17.04307450974372,16.96260643005371,16.96260643005371,1700,0.0,0.0,0.0
2016-03-03 00:00:00-05:00,16.96260643005371,16.96260643005371,16.96260643005371,16.96260643005371,300,0.0,0.0,0.0
2016-03-04 00:00:00-05:00,17.662677818153384,17.686817169189453,17.638536932316256,17.686817169189453,5700,0.0,0.0,0.0
2016-03-07 00:00:00-05:00,17.686817169189453,17.686817169189453,17.686817169189453,17.686817169189453,0,0.0,0.0,0.0
2016-03-08 00:00:00-05:00,17.52587946600528,17.52587946600528,17.429317474365234,17.429317474365234,1200,0.0,0.0,0.0
2016-03-09 00:00:00-05:00,17.429317474365234,17.429317474365234,17.429317474365234,17.429317474365234,0,0.0,0.0,0.0
2016-03-10 00:00:00-05:00,17.429317474365234,17.429317474365234,17.429317474365234,17.429317474365234,0,0.0,0.0,0.0
2016-03-11 00:00:00-05:00,17.920168129542837,17.952354431152344,17.920168129542837,17.952354431152344,600,0.0,0.0,0.0
2016-03-14 00:00:00-04:00,17.952354431152344,17.952354431152344,17.952354431152344,17.952354431152344,0,0.0,0.0,0.0
2016-03-15 00:00:00-04:00,17.710956716030825,17.719003677368164,17.710956716030825,17.719003677368164,6700,0.0,0.0,0.0
2016-03-16 00:00:00-04:00,17.662677534410378,17.67072296142578,17.662677534410378,17.67072296142578,3100,0.0,0.0,0.0
2016-03-17 00:00:00-04:00,17.67072296142578,17.67072296142578,17.67072296142578,17.67072296142578,0,0.0,0.0,0.0
2016-03-18 00:00:00-04:00,17.67072296142578,17.67072296142578,17.67072296142578,17.67072296142578,0,0.0,0.0,0.0
2016-03-21 00:00:00-04:00,17.756244659423828,17.756244659423828,17.756244659423828,17.756244659423828,0,0.105767,0.0,0.0
2016-03-22 00:00:00-04:00,18.08775930233969,18.209044813901226,18.03115795753062,18.192873001098633,3400,0.0,0.0,0.0
2016-03-23 00:00:00-04:00,17.9341311965081,17.95838737487793,17.92604528964181,17.95838737487793,6800,0.0,0.0,0.0
2016-03-24 00:00:00-04:00,17.66730075448468,17.691556930541992,17.60261504795035,17.691556930541992,4300,0.0,0.0,0.0
2016-03-28 00:00:00-04:00,17.691556930541992,17.691556930541992,17.691556930541992,17.691556930541992,0,0.0,0.0,0.0
2016-03-29 00:00:00-04:00,17.79667091369629,17.804756819222003,17.79667091369629,17.79667091369629,1300,0.0,0.0,0.0
2016-03-30 00:00:00-04:00,18.362671204463627,18.362671204463627,18.27372932434082,18.27372932434082,200,0.0,0.0,0.0
2016-03-31 00:00:00-04:00,18.200960159301758,18.200960159301758,18.200960159301758,18.200960159301758,100,0.0,0.0,0.0
2016-04-01 00:00:00-04:00,17.780499932218575,17.942214965820312,17.74007194493257,17.942214965820312,1100,0.0,0.0,0.0
2016-04-04 00:00:00-04:00,17.958386064034766,17.974557876586914,17.958386064034766,17.974557876586914,2400,0.0,0.0,0.0
2016-04-05 00:00:00-04:00,17.465160369873047,17.465160369873047,17.465160369873047,17.465160369873047,8800,0.0,0.0,0.0
2016-04-06 00:00:00-04:00,17.481328546807486,17.6349561271966,17.481328546807486,17.618785858154297,15700,0.0,0.0,0.0
2016-04-07 00:00:00-04:00,17.618785858154297,17.618785858154297,17.618785858154297,17.618785858154297,0,0.0,0.0,0.0
2016-04-08 00:00:00-04:00,17.78049785053686,17.837097643002295,17.78049785053686,17.788583755493164,700,0.0,0.0,0.0
2016-04-11 00:00:00-04:00,18.006900189669732,18.014986095356647,17.9907283782959,17.9907283782959,172700,0.0,0.0,0.0
2016-04-12 00:00:00-04:00,18.03115860753922,18.200959563629713,18.03115860753922,18.18478775024414,38200,0.0,0.0,0.0
2016-04-13 00:00:00-04:00,18.459702133998796,18.492045760288313,18.378844610503993,18.475873947143555,165600,0.0,0.0,0.0
2016-04-14 00:00:00-04:00,18.556732238543223,18.564816603221157,18.52438861091528,18.532474517822266,20600,0.0,0.0,0.0
2016-04-15 00:00:00-04:00,18.532473922058745,18.564816006417935,18.5082162021176,18.51630210876465,4900,0.0,0.0,0.0
2016-04-18 00:00:00-04:00,18.58907584841813,18.645675659179688,18.55673376036689,18.645675659179688,8200,0.0,0.0,0.0
2016-04-19 00:00:00-04:00,18.89632940128067,18.944843292236328,18.88015759021919,18.944843292236328,46700,0.0,0.0,0.0
2016-04-20 00:00:00-04:00,18.89633189807843,19.03378922580587,18.89633189807843,18.961017608642578,52600,0.0,0.0,0.0
2016-04-21 00:00:00-04:00,18.872071444937276,18.88015735036529,18.807385743741904,18.815471649169922,13700,0.0,0.0,0.0
2016-04-22 00:00:00-04:00,18.775044084060422,18.799301802879455,18.766958177787412,18.791215896606445,25800,0.0,0.0,0.0
2016-04-25 00:00:00-04:00,18.73461347409255,18.73461347409255,18.686099585470142,18.710355758666992,3800,0.0,0.0,0.0
2016-04-26 00:00:00-04:00,18.775044084060422,18.8316454279715,18.775044084060422,18.791215896606445,25200,0.0,0.0,0.0
2016-04-27 00:00:00-04:00,18.791215896606445,18.791215896606445,18.791215896606445,18.791215896606445,0,0.0,0.0,0.0
2016-04-28 00:00:00-04:00,18.726533724919854,18.839733349660467,18.686105728149414,18.686105728149414,10500,0.0,0.0,0.0
2016-04-29 00:00:00-04:00,18.72653444816352,18.750792172500184,18.645676909270595,18.653762817382812,2200,0.0,0.0,0.0
2016-05-02 00:00:00-04:00,18.67801368032829,18.718441663808846,18.67801368032829,18.710355758666992,13800,0.0,0.0,0.0
2016-05-03 00:00:00-04:00,18.403099060058594,18.403099060058594,18.403099060058594,18.403099060058594,300,0.0,0.0,0.0
2016-05-04 00:00:00-04:00,18.16861325748971,18.21712869049174,18.10392755571578,18.128185272216797,32700,0.0,0.0,0.0
2016-05-05 00:00:00-04:00,18.152443644532173,18.152443644532173,18.0554143172514,18.120100021362305,9300,0.0,0.0,0.0
2016-05-06 00:00:00-04:00,18.15244483947754,18.15244483947754,18.15244483947754,18.15244483947754,1100,0.0,0.0,0.0
2016-05-09 00:00:00-04:00,18.15244483947754,18.15244483947754,18.15244483947754,18.15244483947754,0,0.0,0.0,0.0
2016-05-10 00:00:00-04:00,18.16053062451467,18.22521788017401,18.16053062451467,18.200960159301758,900,0.0,0.0,0.0
2016-05-11 00:00:00-04:00,18.15244483947754,18.15244483947754,18.15244483947754,18.15244483947754,100,0.0,0.0,0.0
2016-05-12 00:00:00-04:00,18.15244483947754,18.15244483947754,18.15244483947754,18.15244483947754,0,0.0,0.0,0.0
2016-05-13 00:00:00-04:00,17.95030403137207,17.95030403137207,17.95030403137207,17.95030403137207,2200,0.0,0.0,0.0
2016-05-16 00:00:00-04:00,18.12818712050329,18.15244483947754,18.12818712050329,18.15244483947754,1300,0.0,0.0,0.0
2016-05-17 00:00:00-04:00,18.079675352951394,18.168617248535156,18.079675352951394,18.168617248535156,19000,0.0,0.0,0.0
2016-05-18 00:00:00-04:00,18.168617248535156,18.168617248535156,18.168617248535156,18.168617248535156,0,0.0,0.0,0.0
2016-05-19 00:00:00-04:00,17.877531707790972,17.877531707790972,17.86944580078125,17.86944580078125,4900,0.0,0.0,0.0
2016-05-20 00:00:00-04:00,17.86944580078125,17.86944580078125,17.86944580078125,17.86944580078125,100,0.0,0.0,0.0
2016-05-23 00:00:00-04:00,17.982641818364918,17.99881362915039,17.942213833630003,17.99881362915039,3500,0.0,0.0,0.0
2016-05-24 00:00:00-04:00,18.168617248535156,18.168617248535156,18.168617248535156,18.168617248535156,200,0.0,0.0,0.0
2016-05-25 00:00:00-04:00,18.395017076782807,18.467788696289062,18.395017076782807,18.467788696289062,1000,0.0,0.0,0.0
2016-05-26 00:00:00-04:00,18.50821304321289,18.50821304321289,18.50821304321289,18.50821304321289,900,0.0,0.0,0.0
2016-05-27 00:00:00-04:00,18.50821304321289,18.50821304321289,18.50821304321289,18.50821304321289,0,0.0,0.0,0.0
2016-05-31 00:00:00-04:00,18.5567281731765,18.5567281731765,18.362669534380878,18.403099060058594,1000,0.0,0.0,0.0
2016-06-01 00:00:00-04:00,18.217131596287246,18.314159393310547,18.217131596287246,18.314159393310547,1500,0.0,0.0,0.0
2016-06-02 00:00:00-04:00,18.338415145874023,18.338415145874023,18.338415145874023,18.338415145874023,400,0.0,0.0,0.0
2016-06-03 00:00:00-04:00,18.44352586021692,18.48395538330078,18.44352586021692,18.48395538330078,300,0.0,0.0,0.0
2016-06-06 00:00:00-04:00,18.48395538330078,18.48395538330078,18.48395538330078,18.48395538330078,0,0.0,0.0,0.0
2016-06-07 00:00:00-04:00,18.48395538330078,18.48395538330078,18.48395538330078,18.48395538330078,0,0.0,0.0,0.0
2016-06-08 00:00:00-04:00,18.88016128540039,18.928675185851077,18.88016128540039,18.88016128540039,600,0.0,0.0,0.0
2016-06-09 00:00:00-04:00,18.88016128540039,18.88016128540039,18.88016128540039,18.88016128540039,0,0.0,0.0,0.0
2016-06-10 00:00:00-04:00,18.88016128540039,18.88016128540039,18.88016128540039,18.88016128540039,0,0.0,0.0,0.0
2016-06-13 00:00:00-04:00,17.950301527362445,17.950301527362445,17.93412971496582,17.93412971496582,2500,0.0,0.0,0.0
2016-06-14 00:00:00-04:00,17.93412971496582,17.93412971496582,17.93412971496582,17.93412971496582,0,0.0,0.0,0.0
2016-06-15 00:00:00-04:00,17.780506067865606,17.804763793945312,17.780506067865606,17.804763793945312,5300,0.0,0.0,0.0
2016-06-16 00:00:00-04:00,17.66730075448468,17.691556930541992,17.66730075448468,17.691556930541992,1700,0.0,0.0,0.0
2016-06-17 00:00:00-04:00,17.691556930541992,17.691556930541992,17.691556930541992,17.691556930541992,0,0.0,0.0,0.0
2016-06-20 00:00:00-04:00,18.47595673514599,18.47595673514599,18.409971237182617,18.409971237182617,400,0.431,0.0,0.0
2016-06-21 00:00:00-04:00,18.50070795867635,18.541948318481445,18.50070795867635,18.541948318481445,200,0.0,0.0,0.0
2016-06-22 00:00:00-04:00,18.60793282383733,18.60793282383733,18.550195693969727,18.550195693969727,500,0.0,0.0,0.0
2016-06-23 00:00:00-04:00,18.863630042699224,19.028593063354492,18.863630042699224,19.028593063354492,500,0.0,0.0,0.0
2016-06-24 00:00:00-04:00,17.601654063988974,17.601654063988974,17.510923385620117,17.510923385620117,4500,0.0,0.0,0.0
2016-06-27 00:00:00-04:00,17.510923385620117,17.510923385620117,17.510923385620117,17.510923385620117,0,0.0,0.0,0.0
2016-06-28 00:00:00-04:00,17.387199623670867,17.444936752319336,17.387199623670867,17.444936752319336,5400,0.0,0.0,0.0
2016-06-29 00:00:00-04:00,17.873842239379883,17.873842239379883,17.873842239379883,17.873842239379883,800,0.0,0.0,0.0
2016-06-30 00:00:00-04:00,18.129541397094727,18.129541397094727,18.129541397094727,18.129541397094727,100,0.0,0.0,0.0
2016-07-01 00:00:00-04:00,18.253259322508697,18.253259322508697,18.212018966674805,18.212018966674805,12200,0.0,0.0,0.0
2016-07-05 00:00:00-04:00,17.964580251402946,17.97282864022831,17.824360787810377,17.832609176635742,24800,0.0,0.0,0.0
2016-07-06 00:00:00-04:00,17.70888328552246,17.70888328552246,17.70888328552246,17.70888328552246,600,0.0,0.0,0.0
2016-07-07 00:00:00-04:00,17.725374221801758,17.725374221801758,17.725374221801758,17.725374221801758,9000,0.0,0.0,0.0
2016-07-08 00:00:00-04:00,17.939826742024586,17.972820281982422,17.939826742024586,17.972820281982422,18400,0.0,0.0,0.0
2016-07-11 00:00:00-04:00,18.212021654102493,18.294503951160376,18.212021654102493,18.236766815185547,25900,0.0,0.0,0.0
2016-07-12 00:00:00-04:00,18.525450649438604,18.607932938279085,18.50895545024555,18.53369903564453,43200,0.0,0.0,0.0
2016-07-13 00:00:00-04:00,18.63267707824707,18.63267707824707,18.63267707824707,18.63267707824707,500,0.0,0.0,0.0
2016-07-14 00:00:00-04:00,18.797643661499023,18.797643661499023,18.797643661499023,18.797643661499023,100,0.0,0.0,0.0
2016-07-15 00:00:00-04:00,18.731658935546875,18.731658935546875,18.731658935546875,18.731658935546875,100,0.0,0.0,0.0
2016-07-18 00:00:00-04:00,18.731658935546875,18.731658935546875,18.731658935546875,18.731658935546875,100,0.0,0.0,0.0
2016-07-19 00:00:00-04:00,18.558445657097312,18.558445657097312,18.508956909179688,18.508956909179688,2000,0.0,0.0,0.0
2016-07-20 00:00:00-04:00,18.5584439594094,18.65742301940918,18.5584439594094,18.65742301940918,600,0.0,0.0,0.0
2016-07-21 00:00:00-04:00,18.665671073953053,18.665671073953053,18.616182327270508,18.616182327270508,1100,0.0,0.0,0.0
2016-07-22 00:00:00-04:00,18.665672752834777,18.665672752834777,18.632680776485252,18.64917755126953,900,0.0,0.0,0.0
2016-07-25 00:00:00-04:00,18.723411464579755,18.76465182832142,18.64917755126953,18.64917755126953,10400,0.0,0.0,0.0
2016-07-26 00:00:00-04:00,18.764644622802734,18.764644622802734,18.764644622802734,18.764644622802734,1100,0.0,0.0,0.0
2016-07-27 00:00:00-04:00,18.913114772129695,18.913114772129695,18.83063249272184,18.8801212310791,300,0.0,0.0,0.0
2016-07-28 00:00:00-04:00,18.855375289916992,18.855375289916992,18.855375289916992,18.855375289916992,100,0.0,0.0,0.0
2016-07-29 00:00:00-04:00,19.061585815840164,19.09457778930664,19.061585815840164,19.09457778930664,2800,0.0,0.0,0.0
2016-08-01 00:00:00-04:00,19.036840450917794,19.06158561066547,18.946109771728516,18.946109771728516,14400,0.0,0.0,0.0
2016-08-02 00:00:00-04:00,18.822389485747262,18.838886260986328,18.822389485747262,18.838886260986328,4800,0.0,0.0,0.0
2016-08-03 00:00:00-04:00,18.781146211610153,18.847131729125977,18.781146211610153,18.847131729125977,9300,0.0,0.0,0.0
2016-08-04 00:00:00-04:00,18.847131729125977,18.847131729125977,18.847131729125977,18.847131729125977,0,0.0,0.0,0.0
2016-08-05 00:00:00-04:00,19.094576778560196,19.119321937264374,19.08632839232547,19.102825164794922,26600,0.0,0.0,0.0
2016-08-08 00:00:00-04:00,19.234794729583985,19.234794729583985,19.218297958374023,19.218297958374023,1300,0.0,0.0,0.0
2016-08-09 00:00:00-04:00,19.408010813464006,19.449251174926758,19.39976242652767,19.449251174926758,4800,0.0,0.0,0.0
2016-08-10 00:00:00-04:00,19.515235900878906,19.515235900878906,19.515235900878906,19.515235900878906,2000,0.0,0.0,0.0
2016-08-11 00:00:00-04:00,19.638958988589167,19.638958988589167,19.614215401460502,19.63071060180664,3100,0.0,0.0,0.0
2016-08-12 00:00:00-04:00,19.539979487016748,19.556474685668945,19.539979487016748,19.556474685668945,3200,0.0,0.0,0.0
2016-08-15 00:00:00-04:00,19.655455762154222,19.655455762154222,19.614215401460502,19.63071060180664,2900,0.0,0.0,0.0
2016-08-16 00:00:00-04:00,19.704944176231756,19.704944176231756,19.572973136382032,19.58946990966797,13000,0.0,0.0,0.0
2016-08-17 00:00:00-04:00,19.58946990966797,19.58946990966797,19.58946990966797,19.58946990966797,0,0.0,0.0,0.0
2016-08-18 00:00:00-04:00,19.630711497484683,19.638959884643555,19.630711497484683,19.638959884643555,2700,0.0,0.0,0.0
2016-08-19 00:00:00-04:00,19.638959884643555,19.638959884643555,19.638959884643555,19.638959884643555,0,0.0,0.0,0.0
2016-08-22 00:00:00-04:00,19.638959884643555,19.638959884643555,19.638959884643555,19.638959884643555,0,0.0,0.0,0.0
2016-08-23 00:00:00-04:00,19.581218719482422,19.581218719482422,19.581218719482422,19.581218719482422,100,0.0,0.0,0.0
2016-08-24 00:00:00-04:00,19.581218719482422,19.581218719482422,19.581218719482422,19.581218719482422,0,0.0,0.0,0.0
2016-08-25 00:00:00-04:00,19.40800790445221,19.40800790445221,19.36676597595215,19.36676597595215,300,0.0,0.0,0.0
2016-08-26 00:00:00-04:00,19.36676597595215,19.36676597595215,19.36676597595215,19.36676597595215,0,0.0,0.0,0.0
2016-08-29 00:00:00-04:00,19.36676597595215,19.36676597595215,19.36676597595215,19.36676597595215,0,0.0,0.0,0.0
2016-08-30 00:00:00-04:00,19.325525283813477,19.325525283813477,19.325525283813477,19.325525283813477,100,0.0,0.0,0.0
2016-08-31 00:00:00-04:00,19.325525283813477,19.325525283813477,19.325525283813477,19.325525283813477,0,0.0,0.0,0.0
2016-09-01 00:00:00-04:00,19.2677881581385,19.325525283813477,19.2677881581385,19.325525283813477,600,0.0,0.0,0.0
2016-09-02 00:00:00-04:00,19.490489959716797,19.490489959716797,19.490489959716797,19.490489959716797,500,0.0,0.0,0.0
2016-09-06 00:00:00-04:00,19.721439248034795,19.746184405828792,19.721439248034795,19.73793601989746,1000,0.0,0.0,0.0
2016-09-07 00:00:00-04:00,19.803922767763336,19.8616598996605,19.729688862975884,19.787425994873047,37700,0.0,0.0,0.0
2016-09-08 00:00:00-04:00,19.869911428195216,19.869911428195216,19.812174287167903,19.836917877197266,3200,0.0,0.0,0.0
2016-09-09 00:00:00-04:00,19.55647705866128,19.55647705866128,19.449251174926758,19.449251174926758,300,0.0,0.0,0.0
2016-09-12 00:00:00-04:00,19.25129305078844,19.515235118524068,19.25129305078844,19.490489959716797,22600,0.0,0.0,0.0
2016-09-13 00:00:00-04:00,19.01209831237793,19.01209831237793,19.01209831237793,19.01209831237793,800,0.0,0.0,0.0
2016-09-14 00:00:00-04:00,19.119328438963265,19.12757682800293,19.119328438963265,19.12757682800293,500,0.0,0.0,0.0
2016-09-15 00:00:00-04:00,19.276039123535156,19.276039123535156,19.276039123535156,19.276039123535156,1000,0.0,0.0,0.0
2016-09-16 00:00:00-04:00,19.01209831237793,19.036843476057857,18.995603109810443,19.01209831237793,3800,0.0,0.0,0.0
2016-09-19 00:00:00-04:00,19.204892943979072,19.204892943979072,19.171506881713867,19.171506881713867,15000,0.271,0.0,0.0
2016-09-20 00:00:00-04:00,19.271669269191033,19.288362305341174,19.238283196890748,19.24662971496582,2500,0.0,0.0,0.0
2016-09-21 00:00:00-04:00,19.446934054539653,19.63055419921875,19.446934054539653,19.63055419921875,1600,0.0,0.0,0.0
2016-09-22 00:00:00-04:00,19.839219850100175,19.8642578125,19.839219850100175,19.8642578125,1100,0.0,0.0,0.0
2016-09-23 00:00:00-04:00,19.739063420662397,19.739063420662397,19.705678939819336,19.705678939819336,1500,0.0,0.0,0.0
2016-09-26 00:00:00-04:00,19.480321884155273,19.480321884155273,19.480321884155273,19.480321884155273,200,0.0,0.0,0.0
2016-09-27 00:00:00-04:00,19.530405162687458,19.530405162687458,19.48867416381836,19.48867416381836,500,0.0,0.0,0.0
2016-09-28 00:00:00-04:00,19.605516662071988,19.714019775390625,19.5554391592746,19.714019775390625,8500,0.0,0.0,0.0
2016-09-29 00:00:00-04:00,19.714021491528833,19.714021491528833,19.513708279031462,19.547094345092773,4500,0.0,0.0,0.0
2016-09-30 00:00:00-04:00,19.572134002952627,19.71402160062792,19.572134002952627,19.697328567504883,2800,0.0,0.0,0.0
2016-10-03 00:00:00-04:00,19.697328567504883,19.697328567504883,19.697328567504883,19.697328567504883,0,0.0,0.0,0.0
2016-10-04 00:00:00-04:00,19.680637399883654,19.688983917236328,19.663944365178306,19.688983917236328,500,0.0,0.0,0.0
2016-10-05 00:00:00-04:00,19.73071678426733,19.755756338701296,19.72237026612267,19.74740982055664,3600,0.0,0.0,0.0
2016-10-06 00:00:00-04:00,19.74740982055664,19.74740982055664,19.74740982055664,19.74740982055664,0,0.0,0.0,0.0
2016-10-07 00:00:00-04:00,19.63890433840549,19.655595779418945,19.63890433840549,19.655595779418945,1400,0.0,0.0,0.0
2016-10-10 00:00:00-04:00,19.655595779418945,19.655595779418945,19.655595779418945,19.655595779418945,0,0.0,0.0,0.0
2016-10-11 00:00:00-04:00,19.53040313720703,19.53040313720703,19.53040313720703,19.53040313720703,300,0.0,0.0,0.0
2016-10-12 00:00:00-04:00,19.53040313720703,19.53040313720703,19.53040313720703,19.53040313720703,0,0.0,0.0,0.0
2016-10-13 00:00:00-04:00,19.23828125,19.23828125,19.23828125,19.23828125,100,0.0,0.0,0.0
2016-10-14 00:00:00-04:00,19.497016852290233,19.497016852290233,19.421899795532227,19.421899795532227,2300,0.0,0.0,0.0
2016-10-17 00:00:00-04:00,19.338438034057617,19.338438034057617,19.338438034057617,19.338438034057617,100,0.0,0.0,0.0
2016-10-18 00:00:00-04:00,19.54709438617709,19.55544090270996,19.54709438617709,19.55544090270996,1500,0.0,0.0,0.0
2016-10-19 00:00:00-04:00,19.55544090270996,19.55544090270996,19.55544090270996,19.55544090270996,0,0.0,0.0,0.0
2016-10-20 00:00:00-04:00,19.62221141520267,19.62221141520267,19.61386489868164,19.61386489868164,2800,0.0,0.0,0.0
2016-10-21 00:00:00-04:00,19.655595917233903,19.655595917233903,19.513708320045605,19.55544090270996,2600,0.0,0.0,0.0
2016-10-24 00:00:00-04:00,19.66394232340022,19.66394232340022,19.597171783447266,19.597171783447266,1100,0.0,0.0,0.0
2016-10-25 00:00:00-04:00,19.63055419921875,19.63055419921875,19.63055419921875,19.63055419921875,200,0.0,0.0,0.0
2016-10-26 00:00:00-04:00,19.63055419921875,19.63055419921875,19.63055419921875,19.63055419921875,0,0.0,0.0,0.0
2016-10-27 00:00:00-04:00,19.530407106406646,19.563793182373047,19.522060587415044,19.563793182373047,400,0.0,0.0,0.0
2016-10-28 00:00:00-04:00,19.563793182373047,19.563793182373047,19.563793182373047,19.563793182373047,0,0.0,0.0,0.0
2016-10-31 00:00:00-04:00,19.547094345092773,19.547094345092773,19.547094345092773,19.547094345092773,100,0.0,0.0,0.0
2016-11-01 00:00:00-04:00,19.413555178724135,19.413555178724135,19.355131149291992,19.355131149291992,800,0.0,0.0,0.0
2016-11-02 00:00:00-04:00,19.355131149291992,19.355131149291992,19.355131149291992,19.355131149291992,0,0.0,0.0,0.0
2016-11-03 00:00:00-04:00,19.280014038085938,19.280014038085938,19.280014038085938,19.280014038085938,400,0.0,0.0,0.0
2016-11-04 00:00:00-04:00,19.21324348449707,19.21324348449707,19.21324348449707,19.21324348449707,400,0.0,0.0,0.0
2016-11-07 00:00:00-05:00,19.388519325795933,19.396865844726562,19.388519325795933,19.396865844726562,300,0.0,0.0,0.0
2016-11-08 00:00:00-05:00,19.380165432111845,19.572132110595703,19.380165432111845,19.572132110595703,3000,0.0,0.0,0.0
2016-11-09 00:00:00-05:00,19.338438008105193,19.49701865278717,19.338438008105193,19.463632583618164,900,0.0,0.0,0.0
2016-11-10 00:00:00-05:00,19.505363368811704,19.505363368811704,19.288358715059164,19.421899795532227,7600,0.0,0.0,0.0
2016-11-11 00:00:00-05:00,19.421899795532227,19.421899795532227,19.421899795532227,19.421899795532227,0,0.0,0.0,0.0
2016-11-14 00:00:00-05:00,18.95450419201168,19.079700346379816,18.95450419201168,19.05466079711914,1400,0.0,0.0,0.0
2016-11-15 00:00:00-05:00,19.129779943394368,19.221590042114258,19.129779943394368,19.221590042114258,1100,0.0,0.0,0.0
2016-11-16 00:00:00-05:00,19.037971733323293,19.088050842285156,19.029625215162984,19.088050842285156,47600,0.0,0.0,0.0
2016-11-17 00:00:00-05:00,19.104738235473633,19.104738235473633,19.104738235473633,19.104738235473633,100,0.0,0.0,0.0
2016-11-18 00:00:00-05:00,18.987892029624685,18.996238546823797,18.962852478027344,18.962852478027344,1800,0.0,0.0,0.0
2016-11-21 00:00:00-05:00,18.962852478027344,18.962852478027344,18.962852478027344,18.962852478027344,0,0.0,0.0,0.0
2016-11-22 00:00:00-05:00,18.962852478027344,18.962852478027344,18.962852478027344,18.962852478027344,0,0.0,0.0,0.0
2016-11-23 00:00:00-05:00,19.07135595395635,19.23828152514582,19.07135595395635,19.229936599731445,73900,0.0,0.0,0.0
2016-11-25 00:00:00-05:00,19.229936599731445,19.229936599731445,19.229936599731445,19.229936599731445,0,0.0,0.0,0.0
2016-11-28 00:00:00-05:00,19.305051803588867,19.3133983208226,19.280013843823053,19.305051803588867,12800,0.0,0.0,0.0
2016-11-29 00:00:00-05:00,19.371822357177734,19.380168874414768,19.371822357177734,19.371822357177734,8200,0.0,0.0,0.0
2016-11-30 00:00:00-05:00,19.380169002631053,19.463632583618164,19.32174497352069,19.463632583618164,4100,0.0,0.0,0.0
2016-12-01 00:00:00-05:00,19.46363062118461,19.46363062118461,19.371820532162058,19.388513565063477,39500,0.0,0.0,0.0
2016-12-02 00:00:00-05:00,19.430246353149414,19.46363082737066,19.430246353149414,19.430246353149414,3800,0.0,0.0,0.0
2016-12-05 00:00:00-05:00,19.62221336364746,19.62221336364746,19.62221336364746,19.62221336364746,900,0.0,0.0,0.0
2016-12-06 00:00:00-05:00,19.688978162221417,19.80582618713379,19.688978162221417,19.80582618713379,12100,0.0,0.0,0.0
2016-12-07 00:00:00-05:00,20.006141729653113,20.164722360523164,20.006141729653113,20.148029327392578,7300,0.0,0.0,0.0
2016-12-08 00:00:00-05:00,20.106298500097754,20.20645351582567,20.106298500097754,20.181415557861328,8600,0.0,0.0,0.0
2016-12-09 00:00:00-05:00,20.18976406298908,20.198110580444336,20.07291441055093,20.198110580444336,10800,0.0,0.0,0.0
2016-12-12 00:00:00-05:00,20.10629829551753,20.148029286323673,20.089605262420967,20.13968276977539,41100,0.0,0.0,0.0
2016-12-13 00:00:00-05:00,20.306610066414436,20.356687574137645,20.281570516585194,20.298263549804688,21100,0.0,0.0,0.0
2016-12-14 00:00:00-05:00,20.22314827868545,20.25653434807363,19.94771957397461,19.94771957397461,17000,0.0,0.0,0.0
2016-12-15 00:00:00-05:00,19.90599040431333,19.997798919677734,19.90599040431333,19.997798919677734,4600,0.0,0.0,0.0
2016-12-16 00:00:00-05:00,19.956064375705765,19.956064375705765,19.922679901123047,19.922679901123047,7300,0.0,0.0,0.0
2016-12-19 00:00:00-05:00,19.939373170881368,19.96441272306598,19.905988693237305,19.905988693237305,2400,0.0,0.0,0.0
2016-12-20 00:00:00-05:00,19.914331204546396,19.939369159758805,19.914331204546396,19.93102264404297,4200,0.0,0.0,0.0
2016-12-21 00:00:00-05:00,19.956064224243164,19.964410740809313,19.922679749913826,19.956064224243164,1800,0.0,0.0,0.0
2016-12-22 00:00:00-05:00,19.9015974789532,19.9015974789532,19.826180771170105,19.868078231811523,68900,0.095,0.0,0.0
2016-12-23 00:00:00-05:00,19.8764591828619,19.8764591828619,19.85970115661621,19.85970115661621,45000,0.0,0.0,0.0
2016-12-27 00:00:00-05:00,19.926739416994003,20.002156134249006,19.926739416994003,19.993776321411133,99700,0.0,0.0,0.0
2016-12-28 00:00:00-05:00,19.9518776566316,19.968637282642856,19.85132309713587,19.93511962890625,121900,0.0,0.0,0.0
2016-12-29 00:00:00-05:00,19.968634586112746,20.077568943903792,19.968634586112746,20.052431106567383,373300,0.0,0.0,0.0
2016-12-30 00:00:00-05:00,20.069189650944843,20.14460635546935,20.027290593828113,20.044050216674805,150800,0.0,0.0,0.0
2017-01-03 00:00:00-05:00,20.211642081535476,20.24515972700792,20.169743026838027,20.220020294189453,20500,0.0,0.0,0.0
2017-01-04 00:00:00-05:00,20.345720569424305,20.47141456604004,20.345720569424305,20.47141456604004,13500,0.0,0.0,0.0
2017-01-05 00:00:00-05:00,20.563586742255463,20.639001846313477,20.53844730871242,20.639001846313477,25500,0.0,0.0,0.0
2017-01-06 00:00:00-05:00,20.513312032149987,20.521691845029153,20.463034753160873,20.47141456604004,5600,0.0,0.0,0.0
2017-01-09 00:00:00-05:00,20.43789183537845,20.4797908926418,20.42951202392578,20.42951202392578,1500,0.0,0.0,0.0
2017-01-10 00:00:00-05:00,20.51331329345703,20.51331329345703,20.51331329345703,20.51331329345703,100,0.0,0.0,0.0
2017-01-11 00:00:00-05:00,20.429510102179307,20.597103118896484,20.42113188980036,20.597103118896484,1000,0.0,0.0,0.0
2017-01-12 00:00:00-05:00,20.689284448170543,20.706042475272127,20.63062735760039,20.697664260864258,4300,0.0,0.0,0.0
2017-01-13 00:00:00-05:00,20.689284051390906,20.773080578435152,20.672524426324895,20.75632095336914,24000,0.0,0.0,0.0
2017-01-17 00:00:00-05:00,20.622247298558282,20.680904388427734,20.622247298558282,20.680904388427734,14600,0.0,0.0,0.0
2017-01-18 00:00:00-05:00,20.496553421020508,20.496553421020508,20.496553421020508,20.496553421020508,300,0.0,0.0,0.0
2017-01-19 00:00:00-05:00,20.437890678994034,20.47978973388672,20.42113265532248,20.47978973388672,10400,0.0,0.0,0.0
2017-01-20 00:00:00-05:00,20.563583374023438,20.563583374023438,20.563583374023438,20.563583374023438,100,0.0,0.0,0.0
2017-01-23 00:00:00-05:00,20.61386426062324,20.65576171875,20.555207179931553,20.65576171875,2500,0.0,0.0,0.0
2017-01-24 00:00:00-05:00,20.706036621163488,20.773075103759766,20.706036621163488,20.773075103759766,1000,0.0,0.0,0.0
2017-01-25 00:00:00-05:00,20.898773876004277,20.965810775756836,20.898773876004277,20.965810775756836,13100,0.0,0.0,0.0
2017-01-26 00:00:00-05:00,20.92391420162327,20.940673828125,20.92391420162327,20.940673828125,2600,0.0,0.0,0.0
2017-01-27 00:00:00-05:00,20.84011459350586,20.84011459350586,20.84011459350586,20.84011459350586,900,0.0,0.0,0.0
2017-01-30 00:00:00-05:00,20.613864699213803,20.706039428710938,20.605484887753043,20.706039428710938,8300,0.0,0.0,0.0
2017-01-31 00:00:00-05:00,20.6641424669081,20.739559173583984,20.6641424669081,20.739559173583984,11100,0.0,0.0,0.0
2017-02-01 00:00:00-05:00,20.83173619179915,20.83173619179915,20.756319482631735,20.806596755981445,3400,0.0,0.0,0.0
2017-02-02 00:00:00-05:00,20.756320310356234,20.86525467333899,20.756320310356234,20.7982177734375,6200,0.0,0.0,0.0
2017-02-03 00:00:00-05:00,20.873632929308833,20.949049635860785,20.873632929308833,20.90715217590332,3000,0.0,0.0,0.0
2017-02-06 00:00:00-05:00,20.747938545731582,20.747938545731582,20.689281463623047,20.689281463623047,2400,0.0,0.0,0.0
2017-02-07 00:00:00-05:00,20.63900888856758,20.672528144728773,20.63900888856758,20.664148330688477,5000,0.0,0.0,0.0
2017-02-08 00:00:00-05:00,20.67251897815074,20.773075103759766,20.655759357501672,20.773075103759766,3800,0.0,0.0,0.0
2017-02-09 00:00:00-05:00,20.85687338773126,20.85687338773126,20.848493576049805,20.848493576049805,500,0.0,0.0,0.0
2017-02-10 00:00:00-05:00,20.898772801382652,20.965809697688155,20.898772801382652,20.957429885864258,3700,0.0,0.0,0.0
2017-02-13 00:00:00-05:00,21.041226947212262,21.116643657282147,21.041226947212262,21.099884033203125,25600,0.0,0.0,0.0
2017-02-14 00:00:00-05:00,21.091506312010946,21.133403778076172,20.923913251178284,21.133403778076172,19000,0.0,0.0,0.0
2017-02-15 00:00:00-05:00,21.125018113766227,21.20881462097168,21.099880280404395,21.20881462097168,5900,0.0,0.0,0.0
2017-02-16 00:00:00-05:00,21.250719501598173,21.300996780395508,21.217200250209363,21.300996780395508,16400,0.0,0.0,0.0
2017-02-17 00:00:00-05:00,21.11664566070471,21.192062377929688,21.11664566070471,21.192062377929688,29400,0.0,0.0,0.0
2017-02-21 00:00:00-05:00,21.242337102476366,21.250716914303318,21.233957290649414,21.233957290649414,5700,0.0,0.0,0.0
2017-02-22 00:00:00-05:00,21.16691671288038,21.334508125414175,21.16691671288038,21.326129913330078,13800,0.0,0.0,0.0
2017-02-23 00:00:00-05:00,21.435070961036708,21.535627118660777,21.384793681367626,21.51886749267578,8300,0.0,0.0,0.0
2017-02-24 00:00:00-05:00,21.08312621972042,21.08312621972042,20.999329690414665,21.007709503173828,8300,0.0,0.0,0.0
2017-02-27 00:00:00-05:00,20.999325490601226,21.074742192064665,20.999325490601226,21.066362380981445,3300,0.0,0.0,0.0
2017-02-28 00:00:00-05:00,21.007706077434705,21.016085888827366,20.94904899597168,20.94904899597168,8300,0.0,0.0,0.0
2017-03-01 00:00:00-05:00,21.091506254073085,21.317756406089913,21.091506254073085,21.300996780395508,14900,0.0,0.0,0.0
2017-03-02 00:00:00-05:00,21.125021622184892,21.150161058007285,21.074744348825803,21.0831241607666,1600,0.0,0.0,0.0
2017-03-03 00:00:00-05:00,21.166917035522697,21.284231185913086,21.150157414528234,21.284231185913086,1800,0.0,0.0,0.0
2017-03-06 00:00:00-05:00,21.25071962273604,21.25071962273604,21.11664581298828,21.11664581298828,32600,0.0,0.0,0.0
2017-03-07 00:00:00-05:00,21.150164235131005,21.16692386153019,21.099886954219393,21.125024795532227,5300,0.0,0.0,0.0
2017-03-08 00:00:00-05:00,21.108262215861032,21.108262215861032,20.94904899597168,20.94904899597168,1400,0.0,0.0,0.0
2017-03-09 00:00:00-05:00,20.990946454649386,20.999326266042047,20.9239095617937,20.94904899597168,29400,0.0,0.0,0.0
2017-03-10 00:00:00-05:00,21.125026116690332,21.150165557861328,21.099888273805377,21.150165557861328,25800,0.0,0.0,0.0
2017-03-13 00:00:00-04:00,21.250713348388672,21.26747137094486,21.20881429628466,21.250713348388672,17000,0.0,0.0,0.0
2017-03-14 00:00:00-04:00,21.15016116219829,21.19206022210869,21.15016116219829,21.17530059814453,28100,0.0,0.0,0.0
2017-03-15 00:00:00-04:00,21.233957401922876,21.619419158268542,21.233957401922876,21.6026611328125,8300,0.0,0.0,0.0
2017-03-16 00:00:00-04:00,21.535621068964375,21.686452865600586,21.535621068964375,21.686452865600586,6600,0.0,0.0,0.0
2017-03-17 00:00:00-04:00,21.61103845744536,21.753490447998047,21.61103845744536,21.753490447998047,1200,0.0,0.0,0.0
2017-03-20 00:00:00-04:00,21.787152878537125,21.787152878537125,21.728246193000626,21.74507713317871,2600,0.11,0.0,0.0
2017-03-21 00:00:00-04:00,21.753491943475304,21.753491943475304,21.59360122680664,21.59360122680664,5700,0.0,0.0,0.0
2017-03-22 00:00:00-04:00,21.526281995783375,21.677757263183594,21.50945105383069,21.677757263183594,29100,0.0,0.0,0.0
2017-03-23 00:00:00-04:00,21.677757512088593,21.71983326236645,21.6188508196648,21.669342041015625,30400,0.0,0.0,0.0
2017-03-24 00:00:00-04:00,21.72824582709407,21.803983451533224,21.703001022338867,21.703001022338867,11400,0.0,0.0,0.0
2017-03-27 00:00:00-04:00,21.70300403687797,21.719833374023438,21.70300403687797,21.719833374023438,2500,0.0,0.0,0.0
2017-03-28 00:00:00-04:00,21.761911501817675,21.88814036286633,21.761911501817675,21.812402725219727,12900,0.0,0.0,0.0
2017-03-29 00:00:00-04:00,21.778737278238307,21.829230098470678,21.778737278238307,21.803983688354492,5600,0.0,0.0,0.0
2017-03-30 00:00:00-04:00,21.820814261708968,21.896551885697882,21.76190757751465,21.76190757751465,9300,0.0,0.0,0.0
2017-03-31 00:00:00-04:00,21.761908321565823,21.77873765684906,21.736661911010742,21.736661911010742,4700,0.0,0.0,0.0
2017-04-03 00:00:00-04:00,21.602016988057738,21.72824582709407,21.602016988057738,21.703001022338867,25800,0.0,0.0,0.0
2017-04-04 00:00:00-04:00,21.61043534859183,21.677757512088593,21.602019877518863,21.669342041015625,2200,0.0,0.0,0.0
2017-04-05 00:00:00-04:00,21.686167627911683,21.71141242980957,21.686167627911683,21.71141242980957,11900,0.0,0.0,0.0
2017-04-06 00:00:00-04:00,21.610432166474236,21.627263106141832,21.59360122680664,21.59360122680664,3400,0.0,0.0,0.0
2017-04-07 00:00:00-04:00,21.568354450261246,21.585185389642415,21.54310964627621,21.551525115966797,9800,0.0,0.0,0.0
2017-04-10 00:00:00-04:00,21.50944850950112,21.52627944946289,21.501033039520234,21.52627944946289,7100,0.0,0.0,0.0
2017-04-11 00:00:00-04:00,21.62726347275681,21.67775468752875,21.60201706282745,21.635677337646484,11800,0.0,0.0,0.0
2017-04-12 00:00:00-04:00,21.501035690307617,21.501035690307617,21.501035690307617,21.501035690307617,2100,0.0,0.0,0.0
2017-04-13 00:00:00-04:00,21.53469671349062,21.53469671349062,21.47579002380371,21.47579002380371,6900,0.0,0.0,0.0
2017-04-17 00:00:00-04:00,21.509452181664575,21.585189819335938,21.509452181664575,21.585189819335938,4000,0.0,0.0,0.0
2017-04-18 00:00:00-04:00,21.391634602108166,21.425294876098633,21.307481509501894,21.425294876098633,16900,0.0,0.0,0.0
2017-04-19 00:00:00-04:00,21.492621987336182,21.492621987336182,21.324315775866033,21.332731246948242,10800,0.0,0.0,0.0
2017-04-20 00:00:00-04:00,21.652506122050465,21.652506122050465,21.51786182600487,21.534692764282227,8400,0.0,0.0,0.0
2017-04-21 00:00:00-04:00,21.475792180511473,21.593605571716708,21.458961237457277,21.467376708984375,28200,0.0,0.0,0.0
2017-04-24 00:00:00-04:00,21.99753557317673,22.056442260742188,21.99753557317673,22.056442260742188,4500,0.0,0.0,0.0
2017-04-25 00:00:00-04:00,22.18267526550629,22.20792007446289,22.15742885146265,22.20792007446289,4500,0.0,0.0,0.0
2017-04-26 00:00:00-04:00,22.16584587097168,22.21633709749845,22.149014927100374,22.16584587097168,26700,0.0,0.0,0.0
2017-04-27 00:00:00-04:00,22.064857234888482,22.090103645457404,22.00595054864782,22.073272705078125,11700,0.0,0.0,0.0
2017-04-28 00:00:00-04:00,22.090104311935974,22.16584194084099,22.090104311935974,22.1153507232666,8600,0.0,0.0,0.0
2017-05-01 00:00:00-04:00,22.157428106469425,22.249996683096654,22.157428106469425,22.233165740966797,19400,0.0,0.0,0.0
2017-05-02 00:00:00-04:00,22.28365682512944,22.292072296142578,22.24158107515073,22.292072296142578,9700,0.0,0.0,0.0
2017-05-03 00:00:00-04:00,22.199502084534906,22.199502084534906,22.149010867263,22.174257278442383,33900,0.0,0.0,0.0
2017-05-04 00:00:00-04:00,22.149015937253715,22.25841547231946,22.132184992614796,22.25,107700,0.0,0.0,0.0
2017-05-05 00:00:00-04:00,22.27524174051517,22.451963424682617,22.27524174051517,22.451963424682617,11400,0.0,0.0,0.0
2017-05-08 00:00:00-04:00,22.350980150711496,22.367811093613216,22.308904398544257,22.317319869995117,28600,0.0,0.0,0.0
2017-05-09 00:00:00-04:00,22.29207295801605,22.342564180507033,22.29207295801605,22.334150314331055,57800,0.0,0.0,0.0
2017-05-10 00:00:00-04:00,22.300487767155715,22.325734180195127,22.275241354116304,22.292072296142578,6700,0.0,0.0,0.0
2017-05-11 00:00:00-04:00,22.207916679753144,22.25840950012207,22.207916679753144,22.25840950012207,1000,0.0,0.0,0.0
2017-05-12 00:00:00-04:00,22.350980758666992,22.359396230346757,22.325735948714804,22.350980758666992,3300,0.0,0.0,0.0
2017-05-15 00:00:00-04:00,22.502454371670623,22.56977653503418,22.502454371670623,22.56977653503418,9200,0.0,0.0,0.0
2017-05-16 00:00:00-04:00,22.653928870187663,22.70442008972168,22.637097928647346,22.70442008972168,20900,0.0,0.0,0.0
2017-05-17 00:00:00-04:00,22.460379893675672,22.53611753238547,22.418302536010742,22.418302536010742,2300,0.0,0.0,0.0
2017-05-18 00:00:00-04:00,22.140599704742677,22.24999923605222,22.0648620615552,22.15743064880371,5500,0.0,0.0,0.0
2017-05-19 00:00:00-04:00,22.44354616201708,22.552944068179144,22.44354616201708,22.502452850341797,12500,0.0,0.0,0.0
2017-05-22 00:00:00-04:00,22.578189484509164,22.578189484509164,22.494036388431375,22.536113739013672,3200,0.0,0.0,0.0
2017-05-23 00:00:00-04:00,22.586608388263112,22.65393055434236,22.586608388263112,22.603439331054688,43100,0.0,0.0,0.0
2017-05-24 00:00:00-04:00,22.58660888671875,22.620269167957687,22.55294700039273,22.58660888671875,4900,0.0,0.0,0.0
2017-05-25 00:00:00-04:00,22.637096901469956,22.637096901469956,22.56135927306212,22.62026596069336,16400,0.0,0.0,0.0
2017-05-26 00:00:00-04:00,22.519283542904304,22.527699013298843,22.48562166132615,22.510868072509766,12500,0.0,0.0,0.0
2017-05-30 00:00:00-04:00,22.46879268821992,22.5697751244103,22.46879268821992,22.55294418334961,22400,0.0,0.0,0.0
2017-05-31 00:00:00-04:00,22.569774014392703,22.578189484509164,22.502451858547833,22.536113739013672,10500,0.0,0.0,0.0
2017-06-01 00:00:00-04:00,22.527699261803907,22.54453020277865,22.502452850341797,22.502452850341797,5700,0.0,0.0,0.0
2017-06-02 00:00:00-04:00,22.679173129742416,22.712833404541016,22.66234218979973,22.712833404541016,4200,0.0,0.0,0.0
2017-06-05 00:00:00-04:00,22.628684997558594,22.670762356131846,22.628684997558594,22.628684997558594,4200,0.0,0.0,0.0
2017-06-06 00:00:00-04:00,22.58660673075986,22.637097950342273,22.56136031842519,22.595022201538086,7300,0.0,0.0,0.0
2017-06-07 00:00:00-04:00,22.477203913091,22.578187942504883,22.477203913091,22.578187942504883,16200,0.0,0.0,0.0
2017-06-08 00:00:00-04:00,22.50245296525442,22.65392822462687,22.477206553663382,22.55294418334961,10100,0.0,0.0,0.0
2017-06-09 00:00:00-04:00,22.544529036906628,22.544529036906628,22.426714061263024,22.477205276489258,7000,0.0,0.0,0.0
2017-06-12 00:00:00-04:00,22.426715354091424,22.443546295166016,22.40147054756642,22.443546295166016,4100,0.0,0.0,0.0
2017-06-13 00:00:00-04:00,22.510868435784765,22.55294418334961,22.510868435784765,22.55294418334961,1300,0.0,0.0,0.0
2017-06-14 00:00:00-04:00,22.611853778099483,22.611853778099483,22.519285202026367,22.519285202026367,1000,0.0,0.0,0.0
2017-06-15 00:00:00-04:00,22.266823365096766,22.29206977528123,22.25840950012207,22.25840950012207,900,0.0,0.0,0.0
2017-06-16 00:00:00-04:00,22.451963424682617,22.451963424682617,22.451963424682617,22.451963424682617,1200,0.0,0.0,0.0
2017-06-19 00:00:00-04:00,22.603220900606868,22.620310943695124,22.594675064086914,22.594675064086914,11800,0.407,0.0,0.0
2017-06-20 00:00:00-04:00,22.381031036376953,22.389576871749664,22.338301859513404,22.381031036376953,8400,0.0,0.0,0.0
2017-06-21 00:00:00-04:00,22.34684748953581,22.363939160124172,22.26139076654543,22.27848243713379,13500,0.0,0.0,0.0
2017-06-22 00:00:00-04:00,22.278481686175457,22.363938406285286,22.278481686175457,22.321210861206055,7700,0.0,0.0,0.0
2017-06-23 00:00:00-04:00,22.372485201004242,22.389576871749664,22.372485201004242,22.381031036376953,8400,0.0,0.0,0.0
2017-06-26 00:00:00-04:00,22.569038481768004,22.569038481768004,22.46649169921875,22.46649169921875,2800,0.0,0.0,0.0
2017-06-27 00:00:00-04:00,22.457944869995117,22.500672422510675,22.398124014541025,22.457944869995117,13100,0.0,0.0,0.0
2017-06-28 00:00:00-04:00,22.58612922756696,22.594675064086914,22.58612922756696,22.594675064086914,27600,0.0,0.0,0.0
2017-06-29 00:00:00-04:00,22.534856764235492,22.534856764235492,22.46649169921875,22.46649169921875,3200,0.0,0.0,0.0
2017-06-30 00:00:00-04:00,22.620308002644233,22.637399673461914,22.51776123764102,22.637399673461914,34300,0.0,0.0,0.0
2017-07-03 00:00:00-04:00,22.620309829711914,22.645947338009208,22.620309829711914,22.620309829711914,9200,0.0,0.0,0.0
2017-07-05 00:00:00-04:00,22.5177639668494,22.611764907836914,22.509218130404783,22.611764907836914,4900,0.0,0.0,0.0
2017-07-06 00:00:00-04:00,22.4835788013349,22.56903552891289,22.4835788013349,22.50921630859375,2000,0.0,0.0,0.0
2017-07-07 00:00:00-04:00,22.543399016255766,22.551944852385752,22.500671465557406,22.517763137817383,21400,0.0,0.0,0.0
2017-07-10 00:00:00-04:00,22.56903648376465,22.56903648376465,22.56903648376465,22.56903648376465,200,0.0,0.0,0.0
2017-07-11 00:00:00-04:00,22.628857683407368,22.705768585205078,22.628857683407368,22.705768585205078,2800,0.0,0.0,0.0
2017-07-12 00:00:00-04:00,22.945048322519725,23.004867553710938,22.902319135988996,23.004867553710938,4600,0.0,0.0,0.0
2017-07-13 00:00:00-04:00,22.95359230041504,22.95359230041504,22.95359230041504,22.95359230041504,100,0.0,0.0,0.0
2017-07-14 00:00:00-04:00,23.175782165846318,23.192872211337065,23.167236328125,23.167236328125,4600,0.0,0.0,0.0
2017-07-17 00:00:00-04:00,23.22704890964464,23.22704890964464,23.1757755279541,23.1757755279541,600,0.0,0.0,0.0
2017-07-18 00:00:00-04:00,23.150139729484643,23.192867279052734,23.098866344012627,23.192867279052734,6600,0.0,0.0,0.0
2017-07-19 00:00:00-04:00,23.30396278587885,23.397963726041848,23.30396278587885,23.321054458618164,4000,0.0,0.0,0.0
2017-07-20 00:00:00-04:00,23.312507668232477,23.38087272644043,23.295415996192602,23.38087272644043,39300,0.0,0.0,0.0
2017-07-21 00:00:00-04:00,23.32105705203589,23.32105705203589,23.20996279682771,23.2612361907959,7800,0.0,0.0,0.0
2017-07-24 00:00:00-04:00,23.209959902902913,23.2612332904781,23.209959902902913,23.252687454223633,2500,0.0,0.0,0.0
2017-07-25 00:00:00-04:00,23.346690337775517,23.346690337775517,23.25268776766089,23.321054458618164,50400,0.0,0.0,0.0
2017-07-26 00:00:00-04:00,23.32105622734351,23.474876403808594,23.32105622734351,23.474876403808594,4900,0.0,0.0,0.0
2017-07-27 00:00:00-04:00,23.252688480759204,23.329599380493164,23.252688480759204,23.329599380493164,1900,0.0,0.0,0.0
2017-07-28 00:00:00-04:00,23.22705276631201,23.244144439697266,23.22705276631201,23.244144439697266,300,0.0,0.0,0.0
2017-07-31 00:00:00-04:00,23.2099619913209,23.35523796081543,23.2099619913209,23.35523796081543,9000,0.0,0.0,0.0
2017-08-01 00:00:00-04:00,23.45778262752893,23.49196434020996,23.440690956212666,23.49196434020996,7700,0.0,0.0,0.0
2017-08-02 00:00:00-04:00,23.42360202125434,23.551786311197883,23.38087446792372,23.46632957458496,1700,0.0,0.0,0.0
2017-08-03 00:00:00-04:00,23.432148848671364,23.474876403808594,23.432148848671364,23.474876403808594,8000,0.0,0.0,0.0
2017-08-04 00:00:00-04:00,23.50051025562146,23.509056091308594,23.50051025562146,23.509056091308594,2100,0.0,0.0,0.0
2017-08-07 00:00:00-04:00,23.551786422729492,23.551786422729492,23.551786422729492,23.551786422729492,300,0.0,0.0,0.0
2017-08-08 00:00:00-04:00,23.551786422729492,23.551786422729492,23.551786422729492,23.551786422729492,0,0.0,0.0,0.0
2017-08-09 00:00:00-04:00,23.346687397406434,23.37232490328653,23.346687397406434,23.363779067993164,5900,0.0,0.0,0.0
2017-08-10 00:00:00-04:00,23.0988699803004,23.0988699803004,22.970684051513672,22.970684051513672,900,0.0,0.0,0.0
2017-08-11 00:00:00-04:00,22.936500549316406,22.936500549316406,22.936500549316406,22.936500549316406,100,0.0,0.0,0.0
2017-08-14 00:00:00-04:00,23.090317685445182,23.124499394930822,23.081771850585938,23.081771850585938,4200,0.0,0.0,0.0
2017-08-15 00:00:00-04:00,23.021960144774944,23.021960144774944,22.979230956543265,22.996322631835938,2500,0.0,0.0,0.0
2017-08-16 00:00:00-04:00,23.184322592508128,23.235597610473633,23.158686713476992,23.235597610473633,3100,0.0,0.0,0.0
2017-08-17 00:00:00-04:00,23.209963683138724,23.209963683138724,22.996322631835938,22.996322631835938,2100,0.0,0.0,0.0
2017-08-18 00:00:00-04:00,23.06468387272062,23.115957260131836,22.987772976628,23.115957260131836,9400,0.0,0.0,0.0
2017-08-21 00:00:00-04:00,23.115954600635796,23.167229612099405,23.115954600635796,23.15868377685547,6200,0.0,0.0,0.0
2017-08-22 00:00:00-04:00,23.29541694950919,23.321054458618164,23.29541694950919,23.321054458618164,3900,0.0,0.0,0.0
2017-08-23 00:00:00-04:00,23.261231621963514,23.3039608001709,23.20995823806614,23.3039608001709,5600,0.0,0.0,0.0
2017-08-24 00:00:00-04:00,23.3210551738131,23.329599380493164,23.312509337181364,23.329599380493164,10000,0.0,0.0,0.0
2017-08-25 00:00:00-04:00,23.449239686455723,23.500513076782227,23.432148013029657,23.500513076782227,4200,0.0,0.0,0.0
2017-08-28 00:00:00-04:00,23.611609602076083,23.611609602076083,23.517608642578125,23.517608642578125,2000,0.0,0.0,0.0
2017-08-29 00:00:00-04:00,23.278325114665073,23.440692744654655,23.278325114665073,23.406509399414062,8000,0.0,0.0,0.0
2017-08-30 00:00:00-04:00,23.406509399414062,23.406509399414062,23.406509399414062,23.406509399414062,0,0.0,0.0,0.0
2017-08-31 00:00:00-04:00,23.645788192749023,23.645788192749023,23.645788192749023,23.645788192749023,400,0.0,0.0,0.0
2017-09-01 00:00:00-04:00,23.688514788448405,23.70560646057129,23.688514788448405,23.70560646057129,1200,0.0,0.0,0.0
2017-09-05 00:00:00-04:00,23.48341850455183,23.56887523118165,23.48341850455183,23.49196434020996,1600,0.0,0.0,0.0
2017-09-06 00:00:00-04:00,23.594511044375295,23.714149475097656,23.594511044375295,23.714149475097656,1700,0.0,0.0,0.0
2017-09-07 00:00:00-04:00,23.919244719862657,23.919244719862657,23.825242163955235,23.850879669189453,1800,0.0,0.0,0.0
2017-09-08 00:00:00-04:00,23.94488406001628,23.94488406001628,23.833789825439453,23.833789825439453,2700,0.0,0.0,0.0
2017-09-11 00:00:00-04:00,24.038887223275626,24.073070569378626,24.01325134365003,24.02179718017578,2000,0.0,0.0,0.0
2017-09-12 00:00:00-04:00,24.02179718017578,24.02179718017578,24.02179718017578,24.02179718017578,0,0.0,0.0,0.0
2017-09-13 00:00:00-04:00,23.90215794474192,23.91070378157013,23.876522064208984,23.876522064208984,3400,0.0,0.0,0.0
2017-09-14 00:00:00-04:00,23.89361000061035,23.9277933449084,23.89361000061035,23.89361000061035,6400,0.0,0.0,0.0
2017-09-15 00:00:00-04:00,23.979066927564674,24.01325027214236,23.979066927564674,23.996158599853516,9400,0.0,0.0,0.0
2017-09-18 00:00:00-04:00,23.968587276906938,24.071975149661046,23.968587276906938,23.98581886291504,21400,0.228,0.0,0.0
2017-09-19 00:00:00-04:00,23.985816807911927,24.080588879542315,23.985816807911927,24.03750991821289,2500,0.0,0.0,0.0
2017-09-20 00:00:00-04:00,24.089207103161186,24.132286071777344,24.089207103161186,24.132286071777344,7200,0.0,0.0,0.0
2017-09-21 00:00:00-04:00,23.873814601919786,24.003049850463867,23.873814601919786,24.003049850463867,2100,0.0,0.0,0.0
2017-09-22 00:00:00-04:00,24.0202814463268,24.0202814463268,23.908279418945312,23.908279418945312,2900,0.0,0.0,0.0
2017-09-25 00:00:00-04:00,23.908278301765964,23.908278301765964,23.735965728759766,23.735965728759766,7600,0.0,0.0,0.0
2017-09-26 00:00:00-04:00,23.77043342590332,23.779049220523284,23.77043342590332,23.77043342590332,4900,0.0,0.0,0.0
2017-09-27 00:00:00-04:00,23.77042931185168,23.77904510498047,23.658425644471905,23.77904510498047,14400,0.0,0.0,0.0
2017-09-28 00:00:00-04:00,23.718735786094733,23.735965728759766,23.718735786094733,23.735965728759766,1000,0.0,0.0,0.0
2017-09-29 00:00:00-04:00,23.84797271074649,23.89966583251953,23.84797271074649,23.89966583251953,10700,0.0,0.0,0.0
2017-10-02 00:00:00-04:00,23.92551040649414,23.92551040649414,23.891047233827855,23.92551040649414,7800,0.0,0.0,0.0
2017-10-03 00:00:00-04:00,23.92550775494137,24.08058872816372,23.92550775494137,23.99443244934082,16000,0.0,0.0,0.0
2017-10-04 00:00:00-04:00,23.994434955363772,23.994434955363772,23.977203369140625,23.977203369140625,800,0.0,0.0,0.0
2017-10-05 00:00:00-04:00,24.054742963904832,24.054742963904832,24.003049850463867,24.003049850463867,4500,0.0,0.0,0.0
2017-10-06 00:00:00-04:00,23.92551040649414,23.92551040649414,23.92551040649414,23.92551040649414,300,0.0,0.0,0.0
2017-10-09 00:00:00-04:00,23.92550980814077,23.94274139404297,23.92550980814077,23.94274139404297,3100,0.0,0.0,0.0
2017-10-10 00:00:00-04:00,24.02028283748144,24.166748046875,24.02028283748144,24.166748046875,13100,0.0,0.0,0.0
2017-10-11 00:00:00-04:00,24.097823445294484,24.227058710789425,24.097823445294484,24.218442916870117,15000,0.0,0.0,0.0
2017-10-12 00:00:00-04:00,24.14090230852562,24.192595428519038,24.132286514644274,24.166748046875,3300,0.0,0.0,0.0
2017-10-13 00:00:00-04:00,24.304595947265625,24.304595947265625,24.304595947265625,24.304595947265625,200,0.0,0.0,0.0
2017-10-16 00:00:00-04:00,24.313209533691406,24.313209533691406,24.313209533691406,24.313209533691406,200,0.0,0.0,0.0
2017-10-17 00:00:00-04:00,24.278751831010602,24.278751831010602,24.17536394727358,24.218442916870117,2100,0.0,0.0,0.0
2017-10-18 00:00:00-04:00,24.287363799299246,24.313209533691406,24.261516421612683,24.313209533691406,1100,0.0,0.0,0.0
2017-10-19 00:00:00-04:00,24.227057547128357,24.252903284350204,24.209825960117403,24.244287490844727,14400,0.0,0.0,0.0
2017-10-20 00:00:00-04:00,24.235671997070312,24.235671997070312,24.235671997070312,24.235671997070312,4300,0.0,0.0,0.0
2017-10-23 00:00:00-04:00,24.175365447998047,24.175365447998047,24.175365447998047,24.175365447998047,100,0.0,0.0,0.0
2017-10-24 00:00:00-04:00,24.14090668426043,24.158138275146484,24.14090668426043,24.158138275146484,600,0.0,0.0,0.0
2017-10-25 00:00:00-04:00,24.12367043473217,24.12367043473217,23.994436814633602,24.08059310913086,8100,0.0,0.0,0.0
2017-10-26 00:00:00-04:00,24.02028124767789,24.0719760075445,24.02028124767789,24.0633602142334,6900,0.0,0.0,0.0
2017-10-27 00:00:00-04:00,23.959972491388918,24.02028140165869,23.959972491388918,24.011667251586914,2200,0.0,0.0,0.0
2017-10-30 00:00:00-04:00,23.985819308650576,24.020280838012695,23.985819308650576,24.020280838012695,3800,0.0,0.0,0.0
2017-10-31 00:00:00-04:00,23.994437113672003,24.08920755983492,23.951358144239173,24.071977615356445,4200,0.0,0.0,0.0
2017-11-01 00:00:00-04:00,24.140901865500577,24.175363397098877,24.132286071777344,24.132286071777344,2800,0.0,0.0,0.0
2017-11-02 00:00:00-04:00,24.19259523539426,24.22705841064453,24.183979441581695,24.22705841064453,19700,0.0,0.0,0.0
2017-11-03 00:00:00-04:00,24.23566979367587,24.23566979367587,24.115051980662642,24.14951515197754,6800,0.0,0.0,0.0
2017-11-06 00:00:00-05:00,24.14951515197754,24.14951515197754,24.14951515197754,24.14951515197754,0,0.0,0.0,0.0
2017-11-07 00:00:00-05:00,24.1064395904541,24.1064395904541,24.1064395904541,24.1064395904541,700,0.0,0.0,0.0
2017-11-08 00:00:00-05:00,24.218441300412266,24.304595947265625,24.218441300412266,24.304595947265625,7700,0.0,0.0,0.0
2017-11-09 00:00:00-05:00,24.14090145702132,24.14951725059877,24.046129370964003,24.08920669555664,5200,0.0,0.0,0.0
2017-11-10 00:00:00-05:00,24.046126009184302,24.046126009184302,23.951353936376638,24.028894424438477,20700,0.0,0.0,0.0
2017-11-13 00:00:00-05:00,23.761815972494507,23.865203857421875,23.753200178476003,23.865203857421875,15500,0.0,0.0,0.0
2017-11-14 00:00:00-05:00,23.761816730053813,23.796279907226562,23.753200935760624,23.796279907226562,63400,0.0,0.0,0.0
2017-11-15 00:00:00-05:00,23.529191480878747,23.692888259887695,23.529191480878747,23.692888259887695,35500,0.0,0.0,0.0
2017-11-16 00:00:00-05:00,23.761815567394493,23.822124481201172,23.761815567394493,23.822124481201172,6000,0.0,0.0,0.0
2017-11-17 00:00:00-05:00,23.779047155137732,23.822124481201172,23.761815567394493,23.822124481201172,3200,0.0,0.0,0.0
2017-11-20 00:00:00-05:00,23.77043342590332,23.80489496108838,23.744586042043426,23.77043342590332,5400,0.0,0.0,0.0
2017-11-21 00:00:00-05:00,23.91689666258075,23.968589782714844,23.91689666258075,23.968589782714844,3800,0.0,0.0,0.0
2017-11-22 00:00:00-05:00,24.063357593930125,24.063357593930125,24.028894424438477,24.028894424438477,1600,0.0,0.0,0.0
2017-11-24 00:00:00-05:00,24.201210021972656,24.201210021972656,24.201210021972656,24.201210021972656,600,0.0,0.0,0.0
2017-11-27 00:00:00-05:00,24.175366514240757,24.175366514240757,24.071980262820734,24.09782600402832,2000,0.0,0.0,0.0
2017-11-28 00:00:00-05:00,24.0805904526422,24.14951515197754,24.0805904526422,24.14951515197754,1200,0.0,0.0,0.0
2017-11-29 00:00:00-05:00,24.123666197577393,24.123666197577393,24.02027833368112,24.03750991821289,5100,0.0,0.0,0.0
2017-11-30 00:00:00-05:00,24.02889719502502,24.02889719502502,23.959972491388918,24.011667251586914,6700,0.0,0.0,0.0
2017-12-01 00:00:00-05:00,23.891047233827855,23.97720352219905,23.873815647494713,23.92551040649414,7400,0.0,0.0,0.0
2017-12-04 00:00:00-05:00,23.942741839988845,23.977203369140625,23.873815495096263,23.977203369140625,3000,0.0,0.0,0.0
2017-12-05 00:00:00-05:00,23.8565849956999,23.90827810986906,23.8565849956999,23.89104652404785,3200,0.0,0.0,0.0
2017-12-06 00:00:00-05:00,23.71012055596541,23.7704294649609,23.71012055596541,23.727352142333984,27200,0.0,0.0,0.0
2017-12-07 00:00:00-05:00,23.675658831152536,23.787662506103516,23.675658831152536,23.787662506103516,3600,0.0,0.0,0.0
2017-12-08 00:00:00-05:00,23.779046855691494,23.830739974975586,23.779046855691494,23.830739974975586,600,0.0,0.0,0.0
2017-12-11 00:00:00-05:00,23.91689461332757,23.92551040649414,23.91689461332757,23.92551040649414,1100,0.0,0.0,0.0
2017-12-12 00:00:00-05:00,23.839355719712387,23.934127807617188,23.830739925966984,23.934127807617188,3600,0.0,0.0,0.0
2017-12-13 00:00:00-05:00,23.985820459216473,24.08920669555664,23.985820459216473,24.08920669555664,1300,0.0,0.0,0.0
2017-12-14 00:00:00-05:00,23.94273933936482,23.99443244934082,23.94273933936482,23.99443244934082,7500,0.0,0.0,0.0
2017-12-15 00:00:00-05:00,24.011665643253103,24.011665643253103,23.94274094423367,24.003049850463867,6600,0.0,0.0,0.0
2017-12-18 00:00:00-05:00,24.30459640208849,24.339059576110397,24.244287490844727,24.244287490844727,1000,0.0,0.0,0.0
2017-12-19 00:00:00-05:00,24.244288354975023,24.25290414878759,24.19259523539426,24.22705841064453,8800,0.0,0.0,0.0
2017-12-20 00:00:00-05:00,24.235671806031018,24.295982360839844,24.218441862237373,24.295982360839844,13100,0.0,0.0,0.0
2017-12-21 00:00:00-05:00,24.318606662484235,24.38821262400592,24.318606662484235,24.353408813476562,4700,0.276,0.0,0.0
2017-12-22 00:00:00-05:00,24.370810794456187,24.40561294555664,24.362109841796816,24.40561294555664,2200,0.0,0.0,0.0
2017-12-26 00:00:00-05:00,24.40560921478022,24.614428727609763,24.40560921478022,24.597026824951172,1800,0.0,0.0,0.0
2017-12-27 00:00:00-05:00,24.666632486249572,24.666632486249572,24.59702653596976,24.64052963256836,2700,0.0,0.0,0.0
2017-12-28 00:00:00-05:00,24.762340545654297,24.77974244875145,24.762340545654297,24.762340545654297,2900,0.0,0.0,0.0
2017-12-29 00:00:00-05:00,24.840649767430865,24.86675262451172,24.840649767430865,24.86675262451172,700,0.0,0.0,0.0
2018-01-02 00:00:00-05:00,24.910257363807567,25.005966186523438,24.910257363807567,25.005966186523438,8400,0.0,0.0,0.0
2018-01-03 00:00:00-05:00,25.119073165338737,25.119073165338737,25.05816650390625,25.05816650390625,4000,0.0,0.0,0.0
2018-01-04 00:00:00-05:00,25.36269113221293,25.388793985012303,25.34528923034668,25.34528923034668,6100,0.0,0.0,0.0
2018-01-05 00:00:00-05:00,25.5280070505671,25.57151014768934,25.46710205078125,25.46710205078125,17400,0.0,0.0,0.0
2018-01-08 00:00:00-05:00,25.475806522496118,25.51930962562985,25.45840461742782,25.510608673095703,17800,0.0,0.0,0.0
2018-01-09 00:00:00-05:00,25.519309283458348,25.632418345811654,25.519309283458348,25.59761619567871,46000,0.0,0.0,0.0
2018-01-10 00:00:00-05:00,25.53670920450844,25.54541015625,25.53670920450844,25.54541015625,1400,0.0,0.0,0.0
2018-01-11 00:00:00-05:00,25.597614405775566,25.745527267456055,25.597614405775566,25.745527267456055,11900,0.0,0.0,0.0
2018-01-12 00:00:00-05:00,25.815133339482074,25.89344024658203,25.815133339482074,25.89344024658203,1400,0.0,0.0,0.0
2018-01-16 00:00:00-05:00,25.884742365234178,25.884742365234178,25.876041412353516,25.876041412353516,600,0.0,0.0,0.0
2018-01-17 00:00:00-05:00,26.041352599805485,26.171863555908203,26.02395069644863,26.171863555908203,1900,0.0,0.0,0.0
2018-01-18 00:00:00-05:00,26.128363075338065,26.14576332090173,26.09355926513672,26.09355926513672,3900,0.0,0.0,0.0
2018-01-19 00:00:00-05:00,26.154459419452923,26.337176070025645,26.154459419452923,26.258869171142578,18300,0.0,0.0,0.0
2018-01-22 00:00:00-05:00,26.284975004488178,26.345881671788714,26.284975004488178,26.328479766845703,5300,0.0,0.0,0.0
2018-01-23 00:00:00-05:00,26.389381035467174,26.424184840421805,26.380680084228516,26.380680084228516,2900,0.0,0.0,0.0
2018-01-24 00:00:00-05:00,26.51989629720772,26.554700107821578,26.51989629720772,26.53729820251465,4400,0.0,0.0,0.0
2018-01-25 00:00:00-05:00,26.63300257275493,26.667804718017578,26.528592817893472,26.667804718017578,5500,0.0,0.0,0.0
2018-01-26 00:00:00-05:00,26.572100137473814,26.659106338792864,26.572100137473814,26.633005142211914,12500,0.0,0.0,0.0
2018-01-29 00:00:00-05:00,26.363283157348633,26.363283157348633,26.32848100536248,26.363283157348633,2700,0.0,0.0,0.0
2018-01-30 00:00:00-05:00,26.12835962911049,26.12835962911049,26.06745296929148,26.102256774902344,16300,0.0,0.0,0.0
2018-01-31 00:00:00-05:00,26.093556985115256,26.093556985115256,26.084856033325195,26.084856033325195,5800,0.0,0.0,0.0
2018-02-01 00:00:00-05:00,26.084853425352165,26.189263176857082,26.084853425352165,26.16316032409668,5200,0.0,0.0,0.0
2018-02-02 00:00:00-05:00,25.702024504488055,25.702024504488055,25.658519744873047,25.658519744873047,1300,0.0,0.0,0.0
2018-02-05 00:00:00-05:00,25.467103146406544,25.5280081488126,24.849348851566152,24.962459564208984,23200,0.0,0.0,0.0
2018-02-06 00:00:00-05:00,24.89285980818072,24.97986602783203,24.779749067374397,24.97986602783203,7200,0.0,0.0,0.0
2018-02-07 00:00:00-05:00,25.01466278396894,25.04946658963734,24.884151831786024,24.892852783203125,3700,0.0,0.0,0.0
2018-02-08 00:00:00-05:00,24.849351573962384,24.858052526621755,24.40561294555664,24.40561294555664,900,0.0,0.0,0.0
2018-02-09 00:00:00-05:00,24.231598349166582,24.292503356933594,24.014079515977542,24.292503356933594,7500,0.0,0.0,0.0
2018-02-12 00:00:00-05:00,24.59703081641719,24.797147750854492,24.483920090318158,24.797147750854492,15700,0.0,0.0,0.0
2018-02-13 00:00:00-05:00,24.71884083572041,24.797147750854492,24.59703081641719,24.797147750854492,11500,0.0,0.0,0.0
2018-02-14 00:00:00-05:00,24.84064838635935,25.11907386779785,24.84064838635935,25.11907386779785,6700,0.0,0.0,0.0
2018-02-15 00:00:00-05:00,25.432297126443615,25.440998077392578,25.29308523033357,25.440998077392578,5100,0.0,0.0,0.0
2018-02-16 00:00:00-05:00,25.423598163323895,25.510606020079848,25.39749696797289,25.49320411682129,12500,0.0,0.0,0.0
2018-02-20 00:00:00-05:00,25.249585067696415,25.327891975795225,25.24088411573689,25.275686264038086,2900,0.0,0.0,0.0
2018-02-21 00:00:00-05:00,25.275686264038086,25.275686264038086,25.275686264038086,25.275686264038086,0,0.0,0.0,0.0
2018-02-22 00:00:00-05:00,25.25828742980957,25.25828742980957,25.25828742980957,25.25828742980957,3100,0.0,0.0,0.0
2018-02-23 00:00:00-05:00,25.528007424462793,25.528007424462793,25.449700520866415,25.47580337524414,3500,0.0,0.0,0.0
2018-02-26 00:00:00-05:00,25.658523188198075,25.693327000560686,25.58021626991931,25.649822235107422,11000,0.0,0.0,0.0
2018-02-27 00:00:00-05:00,25.702021580457988,25.702021580457988,25.34528923034668,25.34528923034668,2900,0.0,0.0,0.0
2018-02-28 00:00:00-05:00,25.31919278173418,25.31919278173418,25.12777514440843,25.171279907226562,3100,0.0,0.0,0.0
2018-03-01 00:00:00-05:00,24.979857808388758,24.997259710407953,24.72753686725728,24.771039962768555,7300,0.0,0.0,0.0
2018-03-02 00:00:00-05:00,24.631834514062326,24.884157180786133,24.631834514062326,24.884157180786133,1900,0.0,0.0,0.0
2018-03-05 00:00:00-05:00,24.657932524304105,24.953758239746094,24.657932524304105,24.953758239746094,4900,0.0,0.0,0.0
2018-03-06 00:00:00-05:00,25.13647336580819,25.13647336580819,25.014663362226525,25.10167121887207,600,0.0,0.0,0.0
2018-03-07 00:00:00-05:00,24.988561630249023,24.997262582258244,24.849349717175304,24.988561630249023,2900,0.0,0.0,0.0
2018-03-08 00:00:00-05:00,24.91895443344147,24.979859434937733,24.892853238249828,24.953758239746094,12900,0.0,0.0,0.0
2018-03-09 00:00:00-05:00,25.02336180245377,25.30178558814692,25.014660851708776,25.232179641723633,16700,0.0,0.0,0.0
2018-03-12 00:00:00-04:00,25.188681840648876,25.26698875427246,25.188681840648876,25.26698875427246,1400,0.0,0.0,0.0
2018-03-13 00:00:00-04:00,25.39749693574483,25.39749693574483,25.10167121887207,25.10167121887207,11400,0.0,0.0,0.0
2018-03-14 00:00:00-04:00,25.10167121887207,25.10167121887207,25.10167121887207,25.10167121887207,0,0.0,0.0,0.0
2018-03-15 00:00:00-04:00,25.127771583428945,25.127771583428945,24.97115943808899,25.03206443786621,5600,0.0,0.0,0.0
2018-03-16 00:00:00-04:00,25.005963906850777,25.005963906850777,24.997262954711914,24.997262954711914,1500,0.0,0.0,0.0
2018-03-19 00:00:00-04:00,24.853990584863983,24.853990584863983,24.63558997046716,24.714214324951172,5700,0.116,0.0,0.0
2018-03-20 00:00:00-04:00,24.714214324951172,24.714214324951172,24.714214324951172,24.714214324951172,0,0.0,0.0,0.0
2018-03-21 00:00:00-04:00,24.731684679948657,24.915142059326172,24.731684679948657,24.915142059326172,500,0.0,0.0,0.0
2018-03-22 00:00:00-04:00,24.478345101942978,24.478345101942978,24.460872650146484,24.460872650146484,700,0.0,0.0,0.0
2018-03-23 00:00:00-04:00,24.39971924210087,24.39971924210087,24.286149978637695,24.286149978637695,900,0.0,0.0,0.0
2018-03-26 00:00:00-04:00,24.2337368882957,24.556970596313477,24.2337368882957,24.556970596313477,1200,0.0,0.0,0.0
2018-03-27 00:00:00-04:00,24.556968848941377,24.609384536743164,24.556968848941377,24.609384536743164,600,0.0,0.0,0.0
2018-03-28 00:00:00-04:00,24.312360340848343,24.522024765323447,24.312360340848343,24.48708152770996,6300,0.0,0.0,0.0
2018-03-29 00:00:00-04:00,24.513288486473883,24.661800995106464,24.513288486473883,24.62685775756836,7100,0.0,0.0,0.0
2018-04-02 00:00:00-04:00,24.548231825270662,24.548231825270662,24.120166778564453,24.120166778564453,3700,0.0,0.0,0.0
2018-04-03 00:00:00-04:00,24.43466039682373,24.43466039682373,24.321092809294782,24.347301483154297,3200,0.0,0.0,0.0
2018-04-04 00:00:00-04:00,24.25994300842285,24.25994300842285,24.25994300842285,24.25994300842285,3000,0.0,0.0,0.0
2018-04-05 00:00:00-04:00,24.609383197858694,24.609383197858694,24.583174522251362,24.60064697265625,2200,0.0,0.0,0.0
2018-04-06 00:00:00-04:00,24.644326843405814,24.644326843405814,24.425926208496094,24.425926208496094,18700,0.0,0.0,0.0
2018-04-09 00:00:00-04:00,24.522022286309,24.58317419564909,24.382246017456055,24.382246017456055,7900,0.0,0.0,0.0
2018-04-10 00:00:00-04:00,24.68800869321923,24.696744918823242,24.68800869321923,24.696744918823242,300,0.0,0.0,0.0
2018-04-11 00:00:00-04:00,24.757896423339844,24.766632648799728,24.757896423339844,24.757896423339844,1200,0.0,0.0,0.0
2018-04-12 00:00:00-04:00,24.71421659932435,24.731687383722893,24.670535472666472,24.679271697998047,3100,0.0,0.0,0.0
2018-04-13 00:00:00-04:00,24.705480575561523,24.784104937922578,24.705480575561523,24.705480575561523,30800,0.0,0.0,0.0
2018-04-16 00:00:00-04:00,24.696744918823242,24.696744918823242,24.696744918823242,24.696744918823242,1900,0.0,0.0,0.0
2018-04-17 00:00:00-04:00,24.766633987426758,24.766633987426758,24.766633987426758,24.766633987426758,300,0.0,0.0,0.0
2018-04-18 00:00:00-04:00,24.950087161921395,24.95882338695314,24.94135093688965,24.94135093688965,1300,0.0,0.0,0.0
2018-04-19 00:00:00-04:00,24.871461868286133,24.871461868286133,24.871461868286133,24.871461868286133,300,0.0,0.0,0.0
2018-04-20 00:00:00-04:00,24.73168815497463,24.82778497035411,24.696744918823242,24.696744918823242,2600,0.0,0.0,0.0
2018-04-23 00:00:00-04:00,24.69674532828394,24.705481554032794,24.63559341430664,24.63559341430664,3300,0.0,0.0,0.0
2018-04-24 00:00:00-04:00,24.583174522251362,24.60064697265625,24.583174522251362,24.60064697265625,300,0.0,0.0,0.0
2018-04-25 00:00:00-04:00,24.522021111455366,24.539493560791016,24.42592430637377,24.539493560791016,3000,0.0,0.0,0.0
2018-04-26 00:00:00-04:00,24.61812096280893,24.63559341430664,24.61812096280893,24.63559341430664,200,0.0,0.0,0.0
2018-04-27 00:00:00-04:00,24.74042607723631,25.579085463824118,24.74042607723631,24.784107208251953,2900,0.0,0.0,0.0
2018-04-30 00:00:00-04:00,24.696744148661196,24.775368510380765,24.670535472666472,24.679271697998047,1500,0.0,0.0,0.0
2018-05-01 00:00:00-04:00,24.373510562194326,24.39971923828125,24.373510562194326,24.39971923828125,700,0.0,0.0,0.0
2018-05-02 00:00:00-04:00,24.556970596313477,24.556970596313477,24.556970596313477,24.556970596313477,1500,0.0,0.0,0.0
2018-05-03 00:00:00-04:00,24.329832077026367,24.329832077026367,24.329832077026367,24.329832077026367,4400,0.0,0.0,0.0
2018-05-04 00:00:00-04:00,24.329832178155467,24.63559341430664,24.329832178155467,24.63559341430664,48500,0.0,0.0,0.0
2018-05-07 00:00:00-04:00,24.51328431178742,24.530756760713224,24.425923733422838,24.434659957885742,12300,0.0,0.0,0.0
2018-05-08 00:00:00-04:00,24.39098050183567,24.478341080200252,24.39098050183567,24.434659957885742,2200,0.0,0.0,0.0
2018-05-09 00:00:00-04:00,24.548231287706162,24.60064697265625,24.548231287706162,24.60064697265625,5400,0.0,0.0,0.0
2018-05-10 00:00:00-04:00,24.792840388662857,24.81031284009691,24.74916092634241,24.801576614379883,4200,0.0,0.0,0.0
2018-05-11 00:00:00-04:00,24.862728159179134,24.862728159179134,24.83652114868164,24.83652114868164,1400,0.0,0.0,0.0
2018-05-14 00:00:00-04:00,24.950090092935465,24.950090092935465,24.845258712768555,24.845258712768555,1900,0.0,0.0,0.0
2018-05-15 00:00:00-04:00,24.67053490526535,24.67053490526535,24.574438095092773,24.574438095092773,2900,0.0,0.0,0.0
2018-05-16 00:00:00-04:00,24.731687545776367,24.731687545776367,24.731687545776367,24.731687545776367,400,0.0,0.0,0.0
2018-05-17 00:00:00-04:00,24.71421659932435,24.76663228504919,24.679271697998047,24.679271697998047,800,0.0,0.0,0.0
2018-05-18 00:00:00-04:00,24.583175659179688,24.609384335999128,24.565704874231386,24.583175659179688,4800,0.0,0.0,0.0
2018-05-21 00:00:00-04:00,24.740423810908315,24.740423810908315,24.679271899352965,24.705480575561523,2500,0.0,0.0,0.0
2018-05-22 00:00:00-04:00,24.766633987426758,24.766633987426758,24.766633987426758,24.766633987426758,300,0.0,0.0,0.0
2018-05-23 00:00:00-04:00,24.382246787556635,24.39971923828125,24.35603811146971,24.39971923828125,5500,0.0,0.0,0.0
2018-05-24 00:00:00-04:00,24.373507681203286,24.373507681203286,24.356035232543945,24.356035232543945,400,0.0,0.0,0.0
2018-05-25 00:00:00-04:00,24.181318283081055,24.181318283081055,24.181318283081055,24.181318283081055,1800,0.0,0.0,0.0
2018-05-29 00:00:00-04:00,23.683366005843425,23.683366005843425,23.6658935546875,23.6658935546875,700,0.0,0.0,0.0
2018-05-30 00:00:00-04:00,23.989125636580315,23.997861862182617,23.989125636580315,23.997861862182617,700,0.0,0.0,0.0
2018-05-31 00:00:00-04:00,23.997861862182617,23.997861862182617,23.997861862182617,23.997861862182617,0,0.0,0.0,0.0
2018-06-01 00:00:00-04:00,23.997860725282337,24.032805626036023,23.997860725282337,24.01533317565918,3800,0.0,0.0,0.0
2018-06-04 00:00:00-04:00,24.242472676558823,24.242472676558823,24.137639629125317,24.172584533691406,1800,0.0,0.0,0.0
2018-06-05 00:00:00-04:00,24.05028095516236,24.059017181396484,24.024072276459993,24.059017181396484,400,0.0,0.0,0.0
2018-06-06 00:00:00-04:00,24.24247055766697,24.25994300842285,24.24247055766697,24.25994300842285,800,0.0,0.0,0.0
2018-06-07 00:00:00-04:00,24.321098129666044,24.321098129666044,24.286153223542307,24.294889450073242,5100,0.0,0.0,0.0
2018-06-08 00:00:00-04:00,24.076486179209272,24.137638092041016,24.041542943133127,24.137638092041016,13400,0.0,0.0,0.0
2018-06-11 00:00:00-04:00,24.329832077026367,24.329832077026367,24.329832077026367,24.329832077026367,300,0.0,0.0,0.0
2018-06-12 00:00:00-04:00,24.251207358383954,24.268679809554353,24.137638092041016,24.137638092041016,7200,0.0,0.0,0.0
2018-06-13 00:00:00-04:00,24.190058169718373,24.190058169718373,24.102697570292907,24.12890625,2000,0.0,0.0,0.0
2018-06-14 00:00:00-04:00,24.12016409923725,24.12890032366056,24.102691650390625,24.102691650390625,11300,0.0,0.0,0.0
2018-06-15 00:00:00-04:00,23.814402398940064,23.83187484741211,23.761986719788325,23.83187484741211,3200,0.0,0.0,0.0
2018-06-18 00:00:00-04:00,23.58241826131992,23.635874155460744,23.573508945629783,23.600236892700195,13700,0.53,0.0,0.0
2018-06-19 00:00:00-04:00,23.368601635289128,23.46660241637207,23.368601635289128,23.457693099975586,12600,0.0,0.0,0.0
2018-06-20 00:00:00-04:00,23.564608572026227,23.564608572026227,23.484426405448453,23.493335723876953,12600,0.0,0.0,0.0
2018-06-21 00:00:00-04:00,23.38642424350285,23.395333561413814,23.288423445760913,23.297332763671875,11200,0.0,0.0,0.0
2018-06-22 00:00:00-04:00,23.582420349121094,23.635876247994478,23.582420349121094,23.582420349121094,32800,0.0,0.0,0.0
2018-06-25 00:00:00-04:00,23.341876380111657,23.341876380111657,23.234966278076172,23.234966278076172,500,0.0,0.0,0.0
2018-06-26 00:00:00-04:00,23.288420782790826,23.359693618650017,23.288420782790826,23.350784301757812,1900,0.0,0.0,0.0
2018-06-27 00:00:00-04:00,23.190421363134043,23.208238297384625,23.083511261238424,23.09242057800293,9200,0.0,0.0,0.0
2018-06-28 00:00:00-04:00,23.021148107803427,23.05678367614746,23.021148107803427,23.05678367614746,3600,0.0,0.0,0.0
2018-06-29 00:00:00-04:00,23.288420296550242,23.288420296550242,23.252784729003906,23.252784729003906,10900,0.0,0.0,0.0
2018-07-02 00:00:00-04:00,22.923146654442235,23.030056754921944,22.923146654442235,22.97660255432129,17800,0.0,0.0,0.0
2018-07-03 00:00:00-04:00,23.24388036457178,23.24388036457178,23.163698196411133,23.163698196411133,3100,0.0,0.0,0.0
2018-07-05 00:00:00-04:00,23.288423445760913,23.341879353226684,23.252787873395707,23.297332763671875,6700,0.0,0.0,0.0
2018-07-06 00:00:00-04:00,23.47551173276855,23.493330365561512,23.457693099975586,23.457693099975586,3200,0.0,0.0,0.0
2018-07-09 00:00:00-04:00,23.67151269510618,23.67151269510618,23.64478644395376,23.6626033782959,2900,0.0,0.0,0.0
2018-07-10 00:00:00-04:00,23.680422011916466,23.698240645537034,23.653694061485613,23.6626033782959,34300,0.0,0.0,0.0
2018-07-11 00:00:00-04:00,23.39532893491075,23.39532893491075,23.208236694335938,23.208236694335938,4200,0.0,0.0,0.0
2018-07-12 00:00:00-04:00,23.30624008178711,23.30624008178711,23.28842144749412,23.30624008178711,3700,0.0,0.0,0.0
2018-07-13 00:00:00-04:00,23.297330764640613,23.315149398933606,23.297330764640613,23.30624008178711,3200,0.0,0.0,0.0
2018-07-16 00:00:00-04:00,23.288423538208008,23.324060809993323,23.25278796570134,23.288423538208008,25200,0.0,0.0,0.0
2018-07-17 00:00:00-04:00,23.3329716659457,23.3329716659457,23.315153028878516,23.32406234741211,11800,0.0,0.0,0.0
2018-07-18 00:00:00-04:00,23.26169728364767,23.315151492046994,23.24387864775501,23.288423538208008,19000,0.0,0.0,0.0
2018-07-19 00:00:00-04:00,23.181509017944336,23.243872527870288,23.181509017944336,23.181509017944336,11500,0.0,0.0,0.0
2018-07-20 00:00:00-04:00,23.181509017944336,23.181509017944336,23.181509017944336,23.181509017944336,0,0.0,0.0,0.0
2018-07-23 00:00:00-04:00,23.368604752155104,23.404242022494266,23.359695434570312,23.359695434570312,5200,0.0,0.0,0.0
2018-07-24 00:00:00-04:00,23.66260517477833,23.66260517477833,23.528968811035156,23.528968811035156,4100,0.0,0.0,0.0
2018-07-25 00:00:00-04:00,23.733875183698355,23.74278450012207,23.62696678517051,23.74278450012207,4800,0.0,0.0,0.0
2018-07-26 00:00:00-04:00,23.733875183698355,23.74278450012207,23.733875183698355,23.74278450012207,1900,0.0,0.0,0.0
2018-07-27 00:00:00-04:00,23.74278450012207,23.74278450012207,23.74278450012207,23.74278450012207,0,0.0,0.0,0.0
2018-07-30 00:00:00-04:00,23.840784072875977,23.840784072875977,23.840784072875977,23.840784072875977,600,0.0,0.0,0.0
2018-07-31 00:00:00-04:00,23.947697540633822,23.956606858493803,23.885334014892578,23.885334014892578,2700,0.0,0.0,0.0
2018-08-01 00:00:00-04:00,23.742789171879515,23.742789171879515,23.67151632574414,23.6804256439209,8400,0.0,0.0,0.0
2018-08-02 00:00:00-04:00,23.40424156188965,23.40424156188965,23.40424156188965,23.40424156188965,100,0.0,0.0,0.0
2018-08-03 00:00:00-04:00,23.48442268371582,23.48442268371582,23.48442268371582,23.48442268371582,400,0.0,0.0,0.0
2018-08-06 00:00:00-04:00,23.37751007080078,23.37751007080078,23.37751007080078,23.37751007080078,1100,0.0,0.0,0.0
2018-08-07 00:00:00-04:00,23.37751007080078,23.37751007080078,23.37751007080078,23.37751007080078,0,0.0,0.0,0.0
2018-08-08 00:00:00-04:00,23.528968811035156,23.528968811035156,23.528968811035156,23.528968811035156,1100,0.0,0.0,0.0
2018-08-09 00:00:00-04:00,23.44878214778528,23.44878214778528,23.43096351623535,23.43096351623535,8000,0.0,0.0,0.0
2018-08-10 00:00:00-04:00,22.923146836524445,22.958784103393555,22.923146836524445,22.958784103393555,1000,0.0,0.0,0.0
2018-08-13 00:00:00-04:00,22.86078222199462,22.86078222199462,22.73605519249357,22.753873825073242,11000,0.0,0.0,0.0
2018-08-14 00:00:00-04:00,22.78060074686143,22.834054946899414,22.762782113755975,22.834054946899414,13000,0.0,0.0,0.0
2018-08-15 00:00:00-04:00,22.834054946899414,22.834054946899414,22.834054946899414,22.834054946899414,0,0.0,0.0,0.0
2018-08-16 00:00:00-04:00,22.646967696595333,22.646967696595333,22.58460417091879,22.59351348876953,4100,0.0,0.0,0.0
2018-08-17 00:00:00-04:00,22.63805761665329,22.6469669342041,22.611329664000845,22.6469669342041,5600,0.0,0.0,0.0
2018-08-20 00:00:00-04:00,22.77169236745649,22.77169236745649,22.76278305053711,22.76278305053711,2600,0.0,0.0,0.0
2018-08-21 00:00:00-04:00,22.95878446897466,22.985510720273652,22.914237884678943,22.923147201538086,26200,0.0,0.0,0.0
2018-08-22 00:00:00-04:00,22.923147201538086,22.923147201538086,22.923147201538086,22.923147201538086,0,0.0,0.0,0.0
2018-08-23 00:00:00-04:00,22.834057522787667,22.834057522787667,22.789512634277344,22.789512634277344,1500,0.0,0.0,0.0
2018-08-24 00:00:00-04:00,22.976603194336974,22.976603194336974,22.91423797607422,22.91423797607422,800,0.0,0.0,0.0
2018-08-27 00:00:00-04:00,23.199330619112658,23.24387550354004,23.199330619112658,23.24387550354004,4200,0.0,0.0,0.0
2018-08-28 00:00:00-04:00,23.243876628695787,23.243876628695787,23.15478515625,23.15478515625,1200,0.0,0.0,0.0
2018-08-29 00:00:00-04:00,23.17260282125805,23.17260282125805,23.083511352539062,23.083511352539062,6300,0.0,0.0,0.0
2018-08-30 00:00:00-04:00,22.976607601625826,23.021152495365214,22.87860679626465,22.87860679626465,5200,0.0,0.0,0.0
2018-08-31 00:00:00-04:00,22.82514999678246,22.82514999678246,22.718239884935482,22.780603408813477,2300,0.0,0.0,0.0
2018-09-04 00:00:00-04:00,22.45987283401906,22.504419418143186,22.361873747502848,22.49551010131836,2000,0.0,0.0,0.0
2018-09-05 00:00:00-04:00,22.29060154711721,22.33514643323174,22.29060154711721,22.308420181274414,2800,0.0,0.0,0.0
2018-09-06 00:00:00-04:00,22.379695396352272,22.379695396352272,22.2371480072282,22.26387596130371,60700,0.0,0.0,0.0
2018-09-07 00:00:00-04:00,22.076784318176227,22.112419889283302,22.0589656829834,22.0589656829834,4200,0.0,0.0,0.0
2018-09-10 00:00:00-04:00,22.130235854112065,22.130235854112065,22.09459858802661,22.112417221069336,12900,0.0,0.0,0.0
2018-09-11 00:00:00-04:00,21.916416480298224,22.06787145655697,21.83623433408605,22.03223419189453,32900,0.0,0.0,0.0
2018-09-12 00:00:00-04:00,21.99660131089867,22.13914698838758,21.99660131089867,22.121328353881836,7100,0.0,0.0,0.0
2018-09-13 00:00:00-04:00,22.30841979028706,22.370783309465782,22.299510473364606,22.326236724853516,7500,0.0,0.0,0.0
2018-09-14 00:00:00-04:00,22.406418786126707,22.44205605367059,22.335145950317383,22.335145950317383,47900,0.0,0.0,0.0
2018-09-17 00:00:00-04:00,22.335145950317383,22.335145950317383,22.335145950317383,22.335145950317383,0,0.0,0.0,0.0
2018-09-18 00:00:00-04:00,22.50441866340116,22.575691496331018,22.50441866340116,22.54896354675293,8600,0.0,0.0,0.0
2018-09-19 00:00:00-04:00,22.771691031386545,22.771691031386545,22.700418199491686,22.72714614868164,32100,0.0,0.0,0.0
2018-09-20 00:00:00-04:00,22.97660255432129,22.97660255432129,22.97660255432129,22.97660255432129,500,0.0,0.0,0.0
2018-09-21 00:00:00-04:00,23.1458740234375,23.172601972858157,23.136964706963948,23.1458740234375,1300,0.0,0.0,0.0
2018-09-24 00:00:00-04:00,23.005813598632812,23.005813598632812,23.005813598632812,23.005813598632812,100,0.365,0.0,0.0
2018-09-25 00:00:00-04:00,23.16846641686917,23.177502687248467,23.141359329223633,23.141359329223633,6200,0.0,0.0,0.0
2018-09-26 00:00:00-04:00,23.23171858603189,23.23171858603189,23.141359329223633,23.141359329223633,1800,0.0,0.0,0.0
2018-09-27 00:00:00-04:00,23.258825713278302,23.258825713278302,23.213646088145087,23.240753173828125,2700,0.0,0.0,0.0
2018-09-28 00:00:00-04:00,22.978711403993657,23.041963577270508,22.978711403993657,23.041963577270508,800,0.0,0.0,0.0
2018-10-01 00:00:00-04:00,23.060034623149186,23.10521425156085,23.023889541625977,23.023889541625977,13100,0.0,0.0,0.0
2018-10-02 00:00:00-04:00,22.88835027999069,22.942566181974026,22.87931400907806,22.89738655090332,6500,0.0,0.0,0.0
2018-10-03 00:00:00-04:00,22.978712096933027,22.978712096933027,22.861242294311523,22.861242294311523,500,0.0,0.0,0.0
2018-10-04 00:00:00-04:00,22.662447728851998,22.662447728851998,22.517870847287742,22.554014205932617,8800,0.0,0.0,0.0
2018-10-05 00:00:00-04:00,22.572087619282218,22.626305244583296,22.373294830322266,22.373294830322266,17100,0.0,0.0,0.0
2018-10-08 00:00:00-04:00,22.25582148468527,22.25582148468527,22.14738969835235,22.210641860961914,1300,0.0,0.0,0.0
2018-10-09 00:00:00-04:00,22.255826055184166,22.255826055184166,22.219682693481445,22.219682693481445,5500,0.0,0.0,0.0
2018-10-10 00:00:00-04:00,22.047993297577648,22.047993297577648,21.912452697753906,21.912452697753906,3000,0.0,0.0,0.0
2018-10-11 00:00:00-04:00,21.47872543334961,21.47872543334961,21.47872543334961,21.47872543334961,500,0.0,0.0,0.0
2018-10-12 00:00:00-04:00,21.388365538036307,21.397401809692383,21.388365538036307,21.397401809692383,400,0.0,0.0,0.0
2018-10-15 00:00:00-04:00,21.54197883605957,21.587158471113412,21.514870020931706,21.54197883605957,5700,0.0,0.0,0.0
2018-10-16 00:00:00-04:00,21.79498612848238,21.82209321620616,21.79498612848238,21.81305694580078,2200,0.0,0.0,0.0
2018-10-17 00:00:00-04:00,21.785948469635457,21.785948469635457,21.72269630432129,21.72269630432129,1100,0.0,0.0,0.0
2018-10-18 00:00:00-04:00,21.252819061279297,21.252819061279297,21.252819061279297,21.252819061279297,100,0.0,0.0,0.0
2018-10-19 00:00:00-04:00,21.478722778255932,21.505829864995313,21.46968650817871,21.46968650817871,700,0.0,0.0,0.0
2018-10-22 00:00:00-04:00,21.49679946899414,21.49679946899414,21.49679946899414,21.49679946899414,400,0.0,0.0,0.0
2018-10-23 00:00:00-04:00,21.0720971248787,21.27089159961778,21.035953771693848,21.252819061279297,27900,0.0,0.0,0.0
2018-10-24 00:00:00-04:00,20.999811556670018,20.999811556670018,20.529935836791992,20.529935836791992,81000,0.0,0.0,0.0
2018-10-25 00:00:00-04:00,20.773906218259977,20.981735229492188,20.773906218259977,20.981735229492188,56700,0.0,0.0,0.0
2018-10-26 00:00:00-04:00,20.620297559308792,20.73776735525152,20.45764813322958,20.656442642211914,14000,0.0,0.0,0.0
2018-10-29 00:00:00-04:00,20.81005295948104,20.8461963139625,20.502826690673828,20.502826690673828,14600,0.0,0.0,0.0
2018-10-30 00:00:00-04:00,20.764874244604478,20.891380310058594,20.746801703326405,20.891380310058594,14000,0.0,0.0,0.0
2018-10-31 00:00:00-04:00,21.1895694732666,21.1895694732666,21.1895694732666,21.1895694732666,500,0.0,0.0,0.0
2018-11-01 00:00:00-04:00,21.397401128966045,21.496798390528117,21.388364857597445,21.46065330505371,115600,0.0,0.0,0.0
2018-11-02 00:00:00-04:00,21.749806393956444,21.749806393956444,21.641374588012695,21.641374588012695,1500,0.0,0.0,0.0
2018-11-05 00:00:00-05:00,21.713665899548367,21.74980926513672,21.713665899548367,21.74980926513672,700,0.0,0.0,0.0
2018-11-06 00:00:00-05:00,21.659443910688882,21.659443910688882,21.623300552368164,21.623300552368164,200,0.0,0.0,0.0
2018-11-07 00:00:00-05:00,21.876308031183413,22.011850357055664,21.840164674845145,22.011850357055664,5400,0.0,0.0,0.0
2018-11-08 00:00:00-05:00,21.85823946064369,21.876310278923427,21.74076966261696,21.80402183532715,14800,0.0,0.0,0.0
2018-11-09 00:00:00-05:00,21.39740139502636,21.41547393798828,21.39740139502636,21.41547393798828,3400,0.0,0.0,0.0
2018-11-12 00:00:00-05:00,21.298000257714236,21.298000257714236,21.180532196816564,21.225711822509766,2500,0.0,0.0,0.0
2018-11-13 00:00:00-05:00,21.225715156365148,21.325112416692896,21.162462981062948,21.171499252319336,13800,0.0,0.0,0.0
2018-11-14 00:00:00-05:00,21.30703653075363,21.343181610107422,21.18053219999986,21.343181610107422,9300,0.0,0.0,0.0
2018-11-15 00:00:00-05:00,21.225712386570564,21.46968650817871,21.225712386570564,21.46968650817871,3800,0.0,0.0,0.0
2018-11-16 00:00:00-05:00,21.261858954695885,21.370290756225586,21.261858954695885,21.370290756225586,38000,0.0,0.0,0.0
2018-11-19 00:00:00-05:00,21.388360898063084,21.388360898063084,21.261856569306943,21.316072463989258,55200,0.0,0.0,0.0
2018-11-20 00:00:00-05:00,20.927522583989763,20.927522583989763,20.855234146118164,20.855234146118164,1300,0.0,0.0,0.0
2018-11-21 00:00:00-05:00,21.243784287507854,21.270893096923828,21.23474801770253,21.270893096923828,5600,0.0,0.0,0.0
2018-11-23 00:00:00-05:00,20.954628146674448,21.05402365615957,20.954628146674448,20.981735229492188,6000,0.0,0.0,0.0
2018-11-26 00:00:00-05:00,21.216675478091876,21.316072722458212,21.216675478091876,21.270893096923828,7200,0.0,0.0,0.0
2018-11-27 00:00:00-05:00,21.14438637203153,21.2166748046875,21.13535010251301,21.2166748046875,4000,0.0,0.0,0.0
2018-11-28 00:00:00-05:00,21.171494204527047,21.487756729125977,21.1534216663232,21.487756729125977,30600,0.0,0.0,0.0
2018-11-29 00:00:00-05:00,21.36125167735787,21.379324216401134,21.334144592285156,21.334144592285156,35500,0.0,0.0,0.0
2018-11-30 00:00:00-05:00,21.25282055731318,21.270893096923828,21.243784287507854,21.270893096923828,5100,0.0,0.0,0.0
2018-12-03 00:00:00-05:00,21.695588992501964,21.695588992501964,21.578119200101813,21.623300552368164,20200,0.0,0.0,0.0
2018-12-04 00:00:00-05:00,21.496794244221864,21.560046408109443,21.054025650024414,21.054025650024414,15600,0.0,0.0,0.0
2018-12-06 00:00:00-05:00,20.60222468435524,20.62933349609375,20.3853593609243,20.62933349609375,27200,0.0,0.0,0.0
2018-12-07 00:00:00-05:00,20.692585938407806,20.82812655189561,20.466684341430664,20.466684341430664,91500,0.0,0.0,0.0
2018-12-10 00:00:00-05:00,20.430540839190524,20.430540839190524,20.13235080220664,20.322107315063477,39500,0.0,0.0,0.0
2018-12-11 00:00:00-05:00,20.46668378269547,20.46668378269547,20.258854732788354,20.340179443359375,13100,0.0,0.0,0.0
2018-12-12 00:00:00-05:00,20.69258641586362,20.773911130531253,20.620297972102666,20.638370513916016,30400,0.0,0.0,0.0
2018-12-13 00:00:00-05:00,20.67451346017106,20.71969481379996,20.629333830034575,20.656442642211914,14700,0.0,0.0,0.0
2018-12-14 00:00:00-05:00,20.412467469773024,20.412467469773024,20.358251571655273,20.358251571655273,2000,0.0,0.0,0.0
2018-12-17 00:00:00-05:00,20.26788769459476,20.31306731598445,20.105238300004526,20.132347106933594,88400,0.0,0.0,0.0
2018-12-18 00:00:00-05:00,20.213673460214228,20.222708006438648,20.159455841914372,20.177528381347656,15200,0.0,0.0,0.0
2018-12-19 00:00:00-05:00,20.240782997330115,20.358252794381578,19.87030451153845,19.969701766967773,41200,0.0,0.0,0.0
2018-12-20 00:00:00-05:00,19.897413333446977,19.91548587507772,19.843195708554745,19.852231979370117,53100,0.0,0.0,0.0
2018-12-21 00:00:00-05:00,19.820190114438077,19.820190114438077,19.51808104557667,19.573009490966797,3800,0.285,0.0,0.0
2018-12-24 00:00:00-05:00,19.554696543882617,19.60962497626898,19.380754470825195,19.380754470825195,539900,0.0,0.0,0.0
2018-12-26 00:00:00-05:00,19.46315423181514,19.792728424072266,19.298367135686576,19.792728424072266,39100,0.0,0.0,0.0
2018-12-27 00:00:00-05:00,19.444840306267228,19.710330963134766,19.380756836304332,19.710330963134766,16800,0.0,0.0,0.0
2018-12-28 00:00:00-05:00,19.948355782085432,19.957509066472213,19.783568724826903,19.838497161865234,31100,0.0,0.0,0.0
2018-12-31 00:00:00-05:00,19.966665154698006,19.994130247743847,19.765259710792698,19.8842716217041,96400,0.0,0.0,0.0
2019-01-02 00:00:00-05:00,19.737794296195442,19.865962982177734,19.737794296195442,19.865962982177734,2100,0.0,0.0,0.0
2019-01-03 00:00:00-05:00,19.77441443309766,19.77441443309766,19.655400777900628,19.710330963134766,1200,0.0,0.0,0.0
2019-01-04 00:00:00-05:00,19.93920587533547,20.28708839416504,19.93920587533547,20.28708839416504,9500,0.0,0.0,0.0
2019-01-07 00:00:00-05:00,20.296238547315873,20.451870576618987,20.296238547315873,20.396942138671875,3400,0.0,0.0,0.0
2019-01-08 00:00:00-05:00,20.451872678003596,20.48849105834961,20.451872678003596,20.48849105834961,2500,0.0,0.0,0.0
2019-01-09 00:00:00-05:00,20.763136716181968,20.799755096435547,20.74482665298331,20.799755096435547,20000,0.0,0.0,0.0
2019-01-10 00:00:00-05:00,20.76313589036601,20.91876792907715,20.76313589036601,20.91876792907715,1700,0.0,0.0,0.0
2019-01-11 00:00:00-05:00,20.7356705743226,20.75398063659668,20.7356705743226,20.75398063659668,200,0.0,0.0,0.0
2019-01-14 00:00:00-05:00,20.699052083618557,20.699052083618557,20.671586990356445,20.671586990356445,1000,0.0,0.0,0.0
2019-01-15 00:00:00-05:00,20.717361558185324,20.808910128034878,20.717361558185324,20.799755096435547,4700,0.0,0.0,0.0
2019-01-16 00:00:00-05:00,20.93707847595215,20.93707847595215,20.93707847595215,20.93707847595215,200,0.0,0.0,0.0
2019-01-17 00:00:00-05:00,21.037780196778865,21.037780196778865,21.010316848754883,21.010316848754883,200,0.0,0.0,0.0
2019-01-18 00:00:00-05:00,21.202565535079934,21.266649003418642,21.202565535079934,21.25749397277832,3900,0.0,0.0,0.0
2019-01-22 00:00:00-05:00,21.09270916747391,21.09270916747391,20.964540481567383,20.964540481567383,2000,0.0,0.0,0.0
2019-01-23 00:00:00-05:00,21.03777767645662,21.065242767333984,20.99200427113784,21.065242767333984,9300,0.0,0.0,0.0
2019-01-24 00:00:00-05:00,21.17510129625146,21.211721420288086,21.17510129625146,21.211721420288086,1200,0.0,0.0,0.0
2019-01-25 00:00:00-05:00,21.468057955325985,21.559604776990426,21.468057955325985,21.486366271972656,7600,0.0,0.0,0.0
2019-01-28 00:00:00-05:00,21.339888588343737,21.376508712768555,21.321580272274968,21.376508712768555,430500,0.0,0.0,0.0
2019-01-29 00:00:00-05:00,21.468055806851076,21.50467418262343,21.468055806851076,21.477209091186523,20500,0.0,0.0,0.0
2019-01-30 00:00:00-05:00,21.623689712108074,21.788475036621094,21.60537964955874,21.788475036621094,900,0.0,0.0,0.0
2019-01-31 00:00:00-05:00,21.825097416468466,21.898335928088407,21.825097416468466,21.88002586364746,10700,0.0,0.0,0.0
2019-02-01 00:00:00-05:00,21.861713409423828,21.94410694425751,21.861713409423828,21.861713409423828,8200,0.0,0.0,0.0
2019-02-04 00:00:00-05:00,21.815941686498153,21.934953609270195,21.815941686498153,21.925800323486328,1300,0.0,0.0,0.0
2019-02-05 00:00:00-05:00,22.017342708852894,22.145511383840557,22.017342708852894,22.136356353759766,1500,0.0,0.0,0.0
2019-02-06 00:00:00-05:00,22.081428734047954,22.090582018322987,22.017343521118164,22.017343521118164,300,0.0,0.0,0.0
2019-02-07 00:00:00-05:00,21.870868571949437,21.898333665773446,21.76101168894076,21.788475036621094,5700,0.0,0.0,0.0
2019-02-08 00:00:00-05:00,21.733546968687893,21.733546968687893,21.72439193725586,21.72439193725586,100,0.0,0.0,0.0
2019-02-11 00:00:00-05:00,21.669462446427886,21.6877725084061,21.660307415438776,21.678617477416992,2700,0.0,0.0,0.0
2019-02-12 00:00:00-05:00,21.925800081875607,21.944108399385392,21.916645050048828,21.916645050048828,11500,0.0,0.0,0.0
2019-02-13 00:00:00-05:00,21.962416308691534,21.962416308691534,21.907487869262695,21.907487869262695,100,0.0,0.0,0.0
2019-02-14 00:00:00-05:00,21.870870211990727,21.934953689575195,21.870870211990727,21.934953689575195,100,0.0,0.0,0.0
2019-02-15 00:00:00-05:00,22.035656084601023,22.237063284396246,22.035656084601023,22.11804962158203,4600,0.0,0.0,0.0
2019-02-19 00:00:00-05:00,22.246214398709135,22.264524459838867,22.246214398709135,22.264524459838867,400,0.0,0.0,0.0
2019-02-20 00:00:00-05:00,22.346921115614656,22.346921115614656,22.310302734375,22.310302734375,1500,0.0,0.0,0.0
2019-02-21 00:00:00-05:00,22.255369186401367,22.255369186401367,22.255369186401367,22.255369186401367,900,0.0,0.0,0.0
2019-02-22 00:00:00-05:00,22.4201600521622,22.4201600521622,22.392694956100407,22.4110050201416,1100,0.0,0.0,0.0
2019-02-25 00:00:00-05:00,22.54832235220287,22.54832235220287,22.530014038085938,22.530014038085938,200,0.0,0.0,0.0
2019-02-26 00:00:00-05:00,22.57579217517367,22.694805845671652,22.57579217517367,22.649030685424805,2600,0.0,0.0,0.0
2019-02-27 00:00:00-05:00,22.493396759033203,22.493396759033203,22.493396759033203,22.493396759033203,0,0.0,0.0,0.0
2019-02-28 00:00:00-05:00,22.447624098491275,22.447624098491275,22.35607552871026,22.365230560302734,4700,0.0,0.0,0.0
2019-03-01 00:00:00-05:00,22.47508385730478,22.539169068216133,22.47508385730478,22.530014038085938,3500,0.0,0.0,0.0
2019-03-04 00:00:00-05:00,22.621561091297675,22.621561091297675,22.51170422083638,22.539169311523438,300,0.0,0.0,0.0
2019-03-05 00:00:00-05:00,22.539172750348985,22.63987460594545,22.539172750348985,22.603256225585938,800,0.0,0.0,0.0
2019-03-06 00:00:00-05:00,22.575787686296046,22.575787686296046,22.530014281294417,22.539169311523438,500,0.0,0.0,0.0
2019-03-07 00:00:00-05:00,22.127203925899334,22.127203925899334,22.09058380126953,22.09058380126953,300,0.0,0.0,0.0
2019-03-08 00:00:00-05:00,21.880021681165854,21.94410514831543,21.880021681165854,21.94410514831543,600,0.0,0.0,0.0
2019-03-11 00:00:00-04:00,22.191287994384766,22.191287994384766,22.191287994384766,22.191287994384766,100,0.0,0.0,0.0
2019-03-12 00:00:00-04:00,22.26452531578916,22.26452531578916,22.218751907348633,22.218751907348633,3500,0.0,0.0,0.0
2019-03-13 00:00:00-04:00,22.328606019850177,22.420154571533203,22.328606019850177,22.420154571533203,2700,0.0,0.0,0.0
2019-03-14 00:00:00-04:00,22.356077194213867,22.356077194213867,22.356077194213867,22.356077194213867,300,0.0,0.0,0.0
2019-03-15 00:00:00-04:00,22.603341272271507,22.66768559847112,22.57576438107822,22.612533569335938,3400,0.099,0.0,0.0
2019-03-18 00:00:00-04:00,22.75041483684234,22.87910349104059,22.75041483684234,22.869911193847656,6000,0.0,0.0,0.0
2019-03-19 00:00:00-04:00,22.96183335490395,22.998602545184735,22.860721588134766,22.860721588134766,2200,0.0,0.0,0.0
2019-03-20 00:00:00-04:00,22.759607471214586,22.888296127319336,22.741222876556353,22.888296127319336,5200,0.0,0.0,0.0
2019-03-21 00:00:00-04:00,22.72283828189812,22.888296127319336,22.72283828189812,22.888296127319336,1600,0.0,0.0,0.0
2019-03-22 00:00:00-04:00,22.511422362713958,22.511422362713958,22.410308837890625,22.410308837890625,600,0.0,0.0,0.0
2019-03-25 00:00:00-04:00,22.437885284423828,22.437885284423828,22.437885284423828,22.437885284423828,100,0.0,0.0,0.0
2019-03-26 00:00:00-04:00,22.584958508542787,22.584958508542787,22.49303728370012,22.54819107055664,1100,0.0,0.0,0.0
2019-03-27 00:00:00-04:00,22.520614624023438,22.520614624023438,22.520614624023438,22.520614624023438,100,0.0,0.0,0.0
2019-03-28 00:00:00-04:00,22.557383030099682,22.557383030099682,22.52980613708496,22.52980613708496,200,0.0,0.0,0.0
2019-03-29 00:00:00-04:00,22.630919471524894,22.64011001586914,22.630919471524894,22.64011001586914,200,0.0,0.0,0.0
2019-04-01 00:00:00-04:00,22.897488396208892,23.00779421076985,22.897488396208892,22.99860191345215,1200,0.0,0.0,0.0
2019-04-02 00:00:00-04:00,23.035366740187122,23.07213592529297,23.026174443910662,23.07213592529297,1000,0.0,0.0,0.0
2019-04-03 00:00:00-04:00,23.36628569393401,23.36628569393401,23.274364471435547,23.274364471435547,1600,0.0,0.0,0.0
2019-04-04 00:00:00-04:00,23.320326819839313,23.329517364501953,23.301942224010926,23.329517364501953,18000,0.0,0.0,0.0
2019-04-05 00:00:00-04:00,23.38466756677637,23.39385986328125,23.38466756677637,23.39385986328125,1100,0.0,0.0,0.0
2019-04-08 00:00:00-04:00,23.366282973766605,23.39385986328125,23.366282973766605,23.39385986328125,700,0.0,0.0,0.0
2019-04-09 00:00:00-04:00,23.320327758789062,23.320327758789062,23.320327758789062,23.320327758789062,100,0.0,0.0,0.0
2019-04-10 00:00:00-04:00,23.375478744506836,23.375478744506836,23.375478744506836,23.375478744506836,0,0.0,0.0,0.0
2019-04-11 00:00:00-04:00,23.2559814453125,23.2559814453125,23.21002170758822,23.2559814453125,1200,0.0,0.0,0.0
2019-04-12 00:00:00-04:00,23.42143743276475,23.43062973022461,23.42143743276475,23.43062973022461,300,0.0,0.0,0.0
2019-04-15 00:00:00-04:00,23.467398920064035,23.467398920064035,23.42143743276475,23.43062973022461,1700,0.0,0.0,0.0
2019-04-16 00:00:00-04:00,23.458209991455078,23.458209991455078,23.458209991455078,23.458209991455078,300,0.0,0.0,0.0
2019-04-17 00:00:00-04:00,23.586897161418815,23.586897161418815,23.540937423706055,23.540937423706055,700,0.0,0.0,0.0
2019-04-18 00:00:00-04:00,23.522551028822676,23.540935623802767,23.49497413635254,23.49497413635254,3300,0.0,0.0,0.0
2019-04-22 00:00:00-04:00,23.36628763923407,23.449016571044922,23.36628763923407,23.449016571044922,3900,0.0,0.0,0.0
2019-04-23 00:00:00-04:00,23.338706526710595,23.38466801010635,23.301939093245313,23.366283416748047,15700,0.0,0.0,0.0
2019-04-24 00:00:00-04:00,23.210017290315644,23.219209586761366,23.154865264892578,23.154865264892578,1300,0.0,0.0,0.0
2019-04-25 00:00:00-04:00,23.007795517557295,23.02617835998535,22.998603219717495,23.02617835998535,2000,0.0,0.0,0.0
2019-04-26 00:00:00-04:00,23.05375357742731,23.09052276611328,23.05375357742731,23.09052276611328,1200,0.0,0.0,0.0
2019-04-29 00:00:00-04:00,23.154867695444864,23.191635131835938,23.136483100623597,23.191635131835938,300,0.0,0.0,0.0
2019-04-30 00:00:00-04:00,23.154870383940874,23.210022421556882,23.118101190029094,23.182445526123047,2000,0.0,0.0,0.0
2019-05-01 00:00:00-04:00,23.21002175702756,23.21002175702756,23.01698875427246,23.01698875427246,1100,0.0,0.0,0.0
2019-05-02 00:00:00-04:00,22.961833507496774,22.989410400390625,22.961833507496774,22.989410400390625,700,0.0,0.0,0.0
2019-05-03 00:00:00-04:00,23.182445749633608,23.24679183959961,23.182445749633608,23.24679183959961,1000,0.0,0.0,0.0
2019-05-06 00:00:00-04:00,22.74122165669609,22.925064086914062,22.74122165669609,22.925064086914062,16900,0.0,0.0,0.0
2019-05-07 00:00:00-04:00,22.594151254706514,22.594151254706514,22.520614624023438,22.520614624023438,800,0.0,0.0,0.0
2019-05-08 00:00:00-04:00,22.419501135897434,22.419501135897434,22.410308837890625,22.410308837890625,700,0.0,0.0,0.0
2019-05-09 00:00:00-04:00,22.005858470707402,22.189699172973633,22.005858470707402,22.189699172973633,200,0.0,0.0,0.0
2019-05-10 00:00:00-04:00,22.088582219148886,22.336767196655273,22.088582219148886,22.336767196655273,5100,0.0,0.0,0.0
2019-05-13 00:00:00-04:00,21.785246000452265,21.785246000452265,21.702517080575124,21.73928451538086,200,0.0,0.0,0.0
2019-05-14 00:00:00-04:00,21.94151496887207,21.996667006317136,21.94151496887207,21.94151496887207,1700,0.0,0.0,0.0
2019-05-15 00:00:00-04:00,21.904742906694384,22.07020075061488,21.904742906694384,22.06100845336914,800,0.0,0.0,0.0
2019-05-16 00:00:00-04:00,22.125352414749337,22.171313900217566,22.125352414749337,22.152929306030273,1300,0.0,0.0,0.0
2019-05-17 00:00:00-04:00,21.969090110968775,21.969090110968775,21.91393807352371,21.94151496887207,1000,0.0,0.0,0.0
2019-05-20 00:00:00-04:00,21.748479914241976,21.8220165475929,21.748479914241976,21.812824249267578,400,0.0,0.0,0.0
2019-05-21 00:00:00-04:00,21.87716749781286,21.978281021118164,21.84040005958919,21.978281021118164,13500,0.0,0.0,0.0
2019-05-22 00:00:00-04:00,21.941510814120804,21.959893654287157,21.913933923994286,21.923126220703125,8400,0.0,0.0,0.0
2019-05-23 00:00:00-04:00,21.647362797210487,21.647362797210487,21.56463387924906,21.59221076965332,11500,0.0,0.0,0.0
2019-05-24 00:00:00-04:00,21.76686339069995,21.831207722414185,21.76686339069995,21.803630828857422,2000,0.0,0.0,0.0
2019-05-28 00:00:00-04:00,21.822013094234734,21.822013094234734,21.72089958190918,21.72089958190918,3800,0.0,0.0,0.0
2019-05-29 00:00:00-04:00,21.537062882525085,21.610599517822266,21.51867828538787,21.610599517822266,57400,0.0,0.0,0.0
2019-05-30 00:00:00-04:00,21.693326612179835,21.693326612179835,21.665749718812425,21.674942016601562,1200,0.0,0.0,0.0
2019-05-31 00:00:00-04:00,21.50948341449665,21.573827743530273,21.50948341449665,21.573827743530273,600,0.0,0.0,0.0
2019-06-03 00:00:00-04:00,21.555443779380873,21.564634323120117,21.49109770044649,21.564634323120117,600,0.0,0.0,0.0
2019-06-04 00:00:00-04:00,21.693325537614204,21.84039878845215,21.693325537614204,21.84039878845215,100,0.0,0.0,0.0
2019-06-05 00:00:00-04:00,21.95070103635952,21.95070103635952,21.74847577147832,21.794435501098633,14600,0.0,0.0,0.0
2019-06-06 00:00:00-04:00,21.84959142444755,21.895551158577476,21.84039912697127,21.858783721923828,10700,0.0,0.0,0.0
2019-06-07 00:00:00-04:00,22.11616022316289,22.125352520300385,22.10696792602539,22.10696792602539,5100,0.0,0.0,0.0
2019-06-10 00:00:00-04:00,22.26323699951172,22.309198492483958,22.26323699951172,22.26323699951172,2900,0.0,0.0,0.0
2019-06-11 00:00:00-04:00,22.493036870627353,22.493036870627353,22.428692540394596,22.46546173095703,5900,0.0,0.0,0.0
2019-06-12 00:00:00-04:00,22.300005069756903,22.31838966601904,22.235660736091024,22.254043579101562,6500,0.0,0.0,0.0
2019-06-13 00:00:00-04:00,22.355154296448408,22.355154296448408,22.272425376914978,22.309194564819336,3400,0.0,0.0,0.0
2019-06-14 00:00:00-04:00,22.134545833761724,22.16212272644043,22.134545833761724,22.16212272644043,4100,0.0,0.0,0.0
2019-06-17 00:00:00-04:00,22.125352414749337,22.171313900217566,22.125352414749337,22.152929306030273,2300,0.0,0.0,0.0
2019-06-18 00:00:00-04:00,22.502230292415085,22.502230292415085,22.456270555167528,22.474655151367188,1200,0.0,0.0,0.0
2019-06-19 00:00:00-04:00,22.594152855624436,22.676881790161133,22.58496055698128,22.676881790161133,1700,0.0,0.0,0.0
2019-06-20 00:00:00-04:00,22.943450927734375,22.943450927734375,22.897491188792056,22.943450927734375,600,0.0,0.0,0.0
2019-06-21 00:00:00-04:00,22.840563024169274,22.849916458129883,22.812502722287444,22.849916458129883,800,0.43,0.0,0.0
2019-06-24 00:00:00-04:00,22.887331008911133,22.887331008911133,22.887331008911133,22.887331008911133,1100,0.0,0.0,0.0
2019-06-25 00:00:00-04:00,22.793798647481886,22.831210600995515,22.709619522094727,22.709619522094727,1400,0.0,0.0,0.0
2019-06-26 00:00:00-04:00,22.775090967610925,22.793797835694104,22.73767723144457,22.765737533569336,2100,0.0,0.0,0.0
2019-06-27 00:00:00-04:00,22.95280163775723,22.95280163775723,22.906034469604492,22.906034469604492,1400,0.0,0.0,0.0
2019-06-28 00:00:00-04:00,22.999569955562382,22.999569955562382,22.952804565429688,22.952804565429688,2000,0.0,0.0,0.0
2019-07-01 00:00:00-04:00,23.298872807677757,23.298872807677757,23.195986808278032,23.242753982543945,1400,0.0,0.0,0.0
2019-07-02 00:00:00-04:00,23.242752482087212,23.261459350585938,23.23339904783785,23.261459350585938,1800,0.0,0.0,0.0
2019-07-03 00:00:00-04:00,23.31757805267249,23.354990005493164,23.31757805267249,23.354990005493164,400,0.0,0.0,0.0
2019-07-05 00:00:00-04:00,23.083749362480436,23.1585750579834,23.083749362480436,23.1585750579834,800,0.0,0.0,0.0
2019-07-08 00:00:00-04:00,23.093101298098293,23.093101298098293,23.08374786376953,23.08374786376953,700,0.0,0.0,0.0
2019-07-09 00:00:00-04:00,22.952804565429688,22.952804565429688,22.952804565429688,22.952804565429688,0,0.0,0.0,0.0
2019-07-10 00:00:00-04:00,23.046333109208877,23.046333109208877,23.027628025362166,23.03697967529297,800,0.0,0.0,0.0
2019-07-11 00:00:00-04:00,22.990217613716396,23.027631354789463,22.98086417844813,23.00892448425293,1900,0.0,0.0,0.0
2019-07-12 00:00:00-04:00,23.008921157530345,23.065039977040694,23.008921157530345,23.03697967529297,3700,0.0,0.0,0.0
2019-07-15 00:00:00-04:00,23.083749365602134,23.083749365602134,23.06504249572754,23.06504249572754,2000,0.0,0.0,0.0
2019-07-16 00:00:00-04:00,23.008921966552723,23.065040788036278,22.98086166381836,22.98086166381836,700,0.0,0.0,0.0
2019-07-17 00:00:00-04:00,22.952802250450876,22.952802250450876,22.93409538269043,22.93409538269043,3900,0.0,0.0,0.0
2019-07-18 00:00:00-04:00,22.906035973845228,22.98086166381836,22.82185684962731,22.98086166381836,14100,0.0,0.0,0.0
2019-07-19 00:00:00-04:00,22.98086288271267,23.008923186935338,22.943450927734375,22.943450927734375,2100,0.0,0.0,0.0
2019-07-22 00:00:00-04:00,22.97150973063235,22.97150973063235,22.962156295776367,22.962156295776367,1400,0.0,0.0,0.0
2019-07-23 00:00:00-04:00,23.08374786376953,23.08374786376953,23.08374786376953,23.08374786376953,100,0.0,0.0,0.0
2019-07-24 00:00:00-04:00,23.111806789668375,23.111806789668375,23.083748270173285,23.102455139160156,1200,0.0,0.0,0.0
2019-07-25 00:00:00-04:00,22.990217411371674,22.999570846557617,22.990217411371674,22.999570846557617,2900,0.0,0.0,0.0
2019-07-26 00:00:00-04:00,22.92474365234375,22.934097086919028,22.915390217768476,22.92474365234375,600,0.0,0.0,0.0
2019-07-29 00:00:00-04:00,22.887331008911133,22.887331008911133,22.887331008911133,22.887331008911133,0,0.0,0.0,0.0
2019-07-30 00:00:00-04:00,22.634794235229492,22.68155962395283,22.634794235229492,22.634794235229492,8600,0.0,0.0,0.0
2019-07-31 00:00:00-04:00,22.67220639284709,22.67220639284709,22.457082748413086,22.457082748413086,2700,0.0,0.0,0.0
2019-08-01 00:00:00-04:00,22.531909470929932,22.597381732315643,22.213899815069066,22.22325325012207,700,0.0,0.0,0.0
2019-08-02 00:00:00-04:00,22.064246521002886,22.064246521002886,21.98006739676455,22.03618621826172,600,0.0,0.0,0.0
2019-08-05 00:00:00-04:00,21.596587252182097,21.596587252182097,21.362756729125977,21.362756729125977,2100,0.0,0.0,0.0
2019-08-06 00:00:00-04:00,21.596587527038253,21.596587527038253,21.50305495982837,21.568527221679688,1900,0.0,0.0,0.0
2019-08-07 00:00:00-04:00,21.46564259659732,21.643352508544922,21.46564259659732,21.643352508544922,9600,0.0,0.0,0.0
2019-08-08 00:00:00-04:00,21.79300498179786,21.895890987286624,21.79300498179786,21.886537551879883,2400,0.0,0.0,0.0
2019-08-09 00:00:00-04:00,21.643355423360305,21.690122604370117,21.643355423360305,21.690122604370117,31000,0.0,0.0,0.0
2019-08-12 00:00:00-04:00,21.596583901026086,21.596583901026086,21.484344482421875,21.484344482421875,1800,0.0,0.0,0.0
2019-08-13 00:00:00-04:00,21.66205868879012,21.793003205842787,21.633998384856582,21.699472427368164,7400,0.0,0.0,0.0
2019-08-14 00:00:00-04:00,21.25051640544295,21.25051640544295,21.128925323486328,21.128925323486328,2700,0.0,0.0,0.0
2019-08-15 00:00:00-04:00,21.222455570181523,21.222455570181523,21.20374870300293,21.20374870300293,700,0.0,0.0,0.0
2019-08-16 00:00:00-04:00,21.315992827806635,21.45629079464816,21.315992827806635,21.437583923339844,35400,0.0,0.0,0.0
2019-08-19 00:00:00-04:00,21.605941164997,21.605941164997,21.568527424167666,21.577880859375,800,0.0,0.0,0.0
2019-08-20 00:00:00-04:00,21.52176244328182,21.52176244328182,21.503055572509766,21.503055572509766,3500,0.0,0.0,0.0
2019-08-21 00:00:00-04:00,21.71817751267194,21.71817751267194,21.699472427368164,21.699472427368164,400,0.0,0.0,0.0
2019-08-22 00:00:00-04:00,21.67141000592801,21.67141000592801,21.59658432006836,21.59658432006836,3600,0.0,0.0,0.0
2019-08-23 00:00:00-04:00,21.540469533795783,21.559174620773266,21.32534408569336,21.32534408569336,1700,0.0,0.0,0.0
2019-08-26 00:00:00-04:00,21.48434618636613,21.503053054947998,21.44693423318757,21.474992752075195,4300,0.0,0.0,0.0
2019-08-27 00:00:00-04:00,21.6059379496766,21.6059379496766,21.493698527877036,21.512405395507812,2800,0.0,0.0,0.0
2019-08-28 00:00:00-04:00,21.409519407523632,21.512405395507812,21.409519407523632,21.512405395507812,700,0.0,0.0,0.0
2019-08-29 00:00:00-04:00,21.652708859562267,21.69947604057208,21.624650334941922,21.690122604370117,22000,0.0,0.0,0.0
2019-08-30 00:00:00-04:00,21.79300470817527,21.79300470817527,21.718179009846207,21.77429962158203,500,0.0,0.0,0.0
2019-09-03 00:00:00-04:00,21.63399886855438,21.746238302812742,21.63399886855438,21.72753143310547,13800,0.0,0.0,0.0
2019-09-04 00:00:00-04:00,21.989420831011607,22.045539652508772,21.942653659776322,22.03618621826172,23700,0.0,0.0,0.0
2019-09-05 00:00:00-04:00,22.335493087768555,22.372906831640595,22.335493087768555,22.335493087768555,16900,0.0,0.0,0.0
2019-09-06 00:00:00-04:00,22.400964816272534,22.410316467285156,22.400964816272534,22.410316467285156,400,0.0,0.0,0.0
2019-09-09 00:00:00-04:00,22.531909942626953,22.531909942626953,22.531909942626953,22.531909942626953,100,0.0,0.0,0.0
2019-09-10 00:00:00-04:00,22.597380779305507,22.653499603271484,22.597380779305507,22.653499603271484,100,0.0,0.0,0.0
2019-09-11 00:00:00-04:00,22.803151599353637,22.803151599353637,22.76573964370473,22.77509307861328,1700,0.0,0.0,0.0
2019-09-12 00:00:00-04:00,22.915389205136517,22.990214894446943,22.915389205136517,22.971508026123047,2000,0.0,0.0,0.0
2019-09-13 00:00:00-04:00,23.139868390625036,23.16792869567871,23.139868390625036,23.16792869567871,5400,0.0,0.0,0.0
2019-09-16 00:00:00-04:00,23.07439613342285,23.111808089515485,23.07439613342285,23.07439613342285,1200,0.0,0.0,0.0
2019-09-17 00:00:00-04:00,23.03697967529297,23.03697967529297,23.03697967529297,23.03697967529297,300,0.0,0.0,0.0
2019-09-18 00:00:00-04:00,22.915390017261892,23.102455139160156,22.915390017261892,23.102455139160156,800,0.0,0.0,0.0
2019-09-19 00:00:00-04:00,23.158575671113805,23.158575671113805,23.093103408813477,23.093103408813477,23400,0.0,0.0,0.0
2019-09-20 00:00:00-04:00,23.06371265127165,23.06371265127165,23.0068359375,23.0068359375,200,0.329,0.0,0.0
2019-09-23 00:00:00-04:00,22.883604049682617,22.883604049682617,22.883604049682617,22.883604049682617,0,0.0,0.0,0.0
2019-09-24 00:00:00-04:00,22.826725280363444,22.826725280363444,22.741409301757812,22.741409301757812,700,0.0,0.0,0.0
2019-09-25 00:00:00-04:00,22.589739027917453,22.656095504760742,22.589739027917453,22.656095504760742,200,0.0,0.0,0.0
2019-09-26 00:00:00-04:00,22.665576934814453,22.67505669050385,22.665576934814453,22.665576934814453,6200,0.0,0.0,0.0
2019-09-27 00:00:00-04:00,22.675055298518586,22.69401480873349,22.55182209827855,22.57077980041504,1000,0.0,0.0,0.0
2019-09-30 00:00:00-04:00,22.703495724295514,22.712973671809003,22.67505645751953,22.67505645751953,13900,0.0,0.0,0.0
2019-10-01 00:00:00-04:00,22.72245226597743,22.72245226597743,22.56130004530759,22.57077980041504,3100,0.0,0.0,0.0
2019-10-02 00:00:00-04:00,22.30535414673366,22.30535414673366,22.191598892211914,22.191598892211914,1000,0.0,0.0,0.0
2019-10-03 00:00:00-04:00,22.26743122044159,22.3432674407959,22.26743122044159,22.3432674407959,400,0.0,0.0,0.0
2019-10-04 00:00:00-04:00,22.4570255279541,22.4570255279541,22.4570255279541,22.4570255279541,0,0.0,0.0,0.0
2019-10-07 00:00:00-04:00,22.485461769889703,22.485461769889703,22.428585052490234,22.428585052490234,800,0.0,0.0,0.0
2019-10-08 00:00:00-04:00,22.20107650756836,22.20107650756836,22.20107650756836,22.20107650756836,0,0.0,0.0,0.0
2019-10-09 00:00:00-04:00,22.305351676631577,22.362228393554688,22.305351676631577,22.362228393554688,1100,0.0,0.0,0.0
2019-10-10 00:00:00-04:00,22.542343139648438,22.551822895090833,22.542343139648438,22.542343139648438,9100,0.0,0.0,0.0
2019-10-11 00:00:00-04:00,22.997356414794922,23.082672390348193,22.997356414794922,22.997356414794922,6300,0.0,0.0,0.0
2019-10-14 00:00:00-04:00,22.912038803100586,22.912038803100586,22.912038803100586,22.912038803100586,0,0.0,0.0,0.0
2019-10-15 00:00:00-04:00,23.120591885339664,23.13007164001465,23.120591885339664,23.13007164001465,600,0.0,0.0,0.0
2019-10-16 00:00:00-04:00,23.158512115478516,23.158512115478516,23.158512115478516,23.158512115478516,0,0.0,0.0,0.0
2019-10-17 00:00:00-04:00,23.20590545234154,23.224864959716797,23.20590545234154,23.224864959716797,12800,0.0,0.0,0.0
2019-10-18 00:00:00-04:00,23.224864959716797,23.26278397446731,23.21538520602917,23.224864959716797,4100,0.0,0.0,0.0
2019-10-21 00:00:00-04:00,23.48081379146377,23.48081379146377,23.414457321166992,23.414457321166992,100,0.0,0.0,0.0
2019-10-22 00:00:00-04:00,23.423936194412594,23.423936194412594,23.37653923034668,23.37653923034668,200,0.0,0.0,0.0
2019-10-23 00:00:00-04:00,23.41445755260919,23.423935498678233,23.404977798461914,23.404977798461914,6700,0.0,0.0,0.0
2019-10-24 00:00:00-04:00,23.528210148488625,23.528210148488625,23.480813187518073,23.50925064086914,600,0.0,0.0,0.0
2019-10-25 00:00:00-04:00,23.509255198203334,23.55665397644043,23.509255198203334,23.55665397644043,600,0.0,0.0,0.0
2019-10-28 00:00:00-04:00,23.670404666040284,23.689364175122808,23.660924911499023,23.660924911499023,6100,0.0,0.0,0.0
2019-10-29 00:00:00-04:00,23.556650811478008,23.62300728401608,23.556650811478008,23.604047775268555,600,0.0,0.0,0.0
2019-10-30 00:00:00-04:00,23.518732538785283,23.651447296142578,23.518732538785283,23.651447296142578,400,0.0,0.0,0.0
2019-10-31 00:00:00-04:00,23.604047268694412,23.698843002319336,23.509251535069488,23.698843002319336,181300,0.0,0.0,0.0
2019-11-01 00:00:00-04:00,23.87895527841659,23.916872487913633,23.87895527841659,23.897912979125977,5000,0.0,0.0,0.0
2019-11-04 00:00:00-05:00,24.096984168258643,24.144381132076774,24.096984168258643,24.125423431396484,1700,0.0,0.0,0.0
2019-11-05 00:00:00-05:00,24.144381733869643,24.286576245024744,24.144381733869643,24.2486572265625,108400,0.0,0.0,0.0
2019-11-06 00:00:00-05:00,24.27709527594665,24.27709527594665,24.220216751098633,24.220216751098633,900,0.0,0.0,0.0
2019-11-07 00:00:00-05:00,24.362413871280538,24.362413871280538,24.343454360961914,24.343454360961914,800,0.0,0.0,0.0
2019-11-08 00:00:00-05:00,24.201261701143547,24.286577689680193,24.201261701143547,24.26761817932129,24600,0.0,0.0,0.0
2019-11-11 00:00:00-05:00,24.087505987187633,24.172821974095417,24.087505987187633,24.134902954101562,2200,0.0,0.0,0.0
2019-11-12 00:00:00-05:00,24.210739412731737,24.22969711341203,24.125423431396484,24.125423431396484,3500,0.0,0.0,0.0
2019-11-13 00:00:00-05:00,24.04958603604818,24.04958603604818,24.021146774291992,24.021146774291992,200,0.0,0.0,0.0
2019-11-14 00:00:00-05:00,23.983230590820312,23.983230590820312,23.91687411363129,23.983230590820312,4000,0.0,0.0,0.0
2019-11-15 00:00:00-05:00,24.049586225332376,24.08750343322754,23.983227947378992,24.08750343322754,4100,0.0,0.0,0.0
2019-11-18 00:00:00-05:00,24.06854541458716,24.115944187486868,24.030628204345703,24.030628204345703,9200,0.0,0.0,0.0
2019-11-19 00:00:00-05:00,24.163339889203854,24.163339889203854,24.07802391052246,24.07802391052246,400,0.0,0.0,0.0
2019-11-20 00:00:00-05:00,23.91687416423795,23.91687416423795,23.897914654121426,23.907394409179688,600,0.0,0.0,0.0
2019-11-21 00:00:00-05:00,23.869476318359375,23.869476318359375,23.850516808940775,23.869476318359375,4200,0.0,0.0,0.0
2019-11-22 00:00:00-05:00,23.878956952083307,23.92635391929621,23.878956952083307,23.907394409179688,1200,0.0,0.0,0.0
2019-11-25 00:00:00-05:00,24.0685449051208,24.125423431396484,24.0685449051208,24.125423431396484,5600,0.0,0.0,0.0
2019-11-26 00:00:00-05:00,24.040106471339033,24.08750343322754,24.021146963352354,24.08750343322754,4000,0.0,0.0,0.0
2019-11-27 00:00:00-05:00,24.087503243644914,24.172819220835294,24.021146774291992,24.021146774291992,198700,0.0,0.0,0.0
2019-11-29 00:00:00-05:00,23.916873798853395,23.92635355376683,23.73676387973322,23.774681091308594,20600,0.0,0.0,0.0
2019-12-02 00:00:00-05:00,23.784160614013672,23.784160614013672,23.784160614013672,23.784160614013672,200,0.0,0.0,0.0
2019-12-03 00:00:00-05:00,23.613527946871017,23.679884420581548,23.604048192329753,23.660924911499023,4500,0.0,0.0,0.0
2019-12-04 00:00:00-05:00,23.869477197025045,23.907394409179688,23.85051768690852,23.907394409179688,1400,0.0,0.0,0.0
2019-12-05 00:00:00-05:00,23.907393712948345,23.935832977294922,23.907393712948345,23.935832977294922,600,0.0,0.0,0.0
2019-12-06 00:00:00-05:00,24.125423431396484,24.134901377697492,24.096984168258643,24.125423431396484,123100,0.0,0.0,0.0
2019-12-09 00:00:00-05:00,24.134899931993836,24.14437968580527,24.106462478637695,24.106462478637695,4400,0.0,0.0,0.0
2019-12-10 00:00:00-05:00,24.163342219096954,24.163342219096954,24.134902954101562,24.134902954101562,1800,0.0,0.0,0.0
2019-12-11 00:00:00-05:00,24.21074020009141,24.315013885498047,24.21074020009141,24.315013885498047,500,0.0,0.0,0.0
2019-12-12 00:00:00-05:00,24.504605403775713,24.62783859876209,24.485645894369092,24.60887908935547,4700,0.0,0.0,0.0
2019-12-13 00:00:00-05:00,24.80794976151432,24.85534672588176,24.722633779190286,24.779510498046875,4300,0.0,0.0,0.0
2019-12-16 00:00:00-05:00,25.12077401030977,25.12077401030977,25.092334747314453,25.092334747314453,300,0.0,0.0,0.0
2019-12-17 00:00:00-05:00,25.044938809122883,25.054418563842773,25.044938809122883,25.054418563842773,900,0.0,0.0,0.0
2019-12-18 00:00:00-05:00,25.016498334117852,25.025978088378906,25.016498334117852,25.025978088378906,400,0.0,0.0,0.0
2019-12-19 00:00:00-05:00,24.978581587737196,25.00701904296875,24.978581587737196,25.00701904296875,400,0.0,0.0,0.0
2019-12-20 00:00:00-05:00,25.077607013589724,25.077607013589724,25.058528900146484,25.058528900146484,100,0.164,0.0,0.0
2019-12-23 00:00:00-05:00,25.020375390954236,25.06807067974296,25.00129727543875,25.039453506469727,10400,0.0,0.0,0.0
2019-12-24 00:00:00-05:00,25.10622468320917,25.10622468320917,25.048992156982422,25.048992156982422,300,0.0,0.0,0.0
2019-12-26 00:00:00-05:00,25.20161247253418,25.20161247253418,25.20161247253418,25.20161247253418,100,0.0,0.0,0.0
2019-12-27 00:00:00-05:00,25.335154480249535,25.335154480249535,25.316078186035156,25.316078186035156,300,0.0,0.0,0.0
2019-12-30 00:00:00-05:00,25.28746298511078,25.28746298511078,25.18253517150879,25.18253517150879,4000,0.0,0.0,0.0
2019-12-31 00:00:00-05:00,25.21115268552212,25.306541442871094,25.172996454826844,25.306541442871094,10900,0.0,0.0,0.0
2020-01-02 00:00:00-05:00,25.59270505290962,25.630861282348633,25.51639441342075,25.630861282348633,1800,0.0,0.0,0.0
2020-01-03 00:00:00-05:00,25.354234911850973,25.41146743850467,25.306541442871094,25.306541442871094,1300,0.0,0.0,0.0
2020-01-06 00:00:00-05:00,25.21115268552212,25.306541442871094,25.21115268552212,25.306541442871094,5900,0.0,0.0,0.0
2020-01-07 00:00:00-05:00,25.258846282958984,25.258846282958984,25.258846282958984,25.258846282958984,100,0.0,0.0,0.0
2020-01-08 00:00:00-05:00,25.239767139931285,25.32561683654785,25.239767139931285,25.32561683654785,200,0.0,0.0,0.0
2020-01-09 00:00:00-05:00,25.41146469116211,25.41146469116211,25.41146469116211,25.41146469116211,100,0.0,0.0,0.0
2020-01-10 00:00:00-05:00,25.37331199645996,25.37331199645996,25.37331199645996,25.37331199645996,100,0.0,0.0,0.0
2020-01-13 00:00:00-05:00,25.42100239782934,25.583162713362505,25.42100239782934,25.573623657226562,4400,0.0,0.0,0.0
2020-01-14 00:00:00-05:00,25.59270217557576,25.611780288150356,25.564085006713867,25.564085006713867,5200,0.0,0.0,0.0
2020-01-15 00:00:00-05:00,25.487775201474143,25.487775201474143,25.449620794477905,25.45915985107422,5100,0.0,0.0,0.0
2020-01-16 00:00:00-05:00,25.630862694365323,25.640399932861328,25.592706462824264,25.640399932861328,4300,0.0,0.0,0.0
2020-01-17 00:00:00-05:00,25.85025337117549,25.85025337117549,25.821636199951172,25.821636199951172,1200,0.0,0.0,0.0
2020-01-21 00:00:00-05:00,25.525931427859394,25.525931427859394,25.45915985107422,25.45915985107422,800,0.0,0.0,0.0
2020-01-22 00:00:00-05:00,25.51639447523936,25.51639447523936,25.45916195033134,25.497316360473633,4500,0.0,0.0,0.0
2020-01-23 00:00:00-05:00,25.297000885009766,25.297000885009766,25.297000885009766,25.297000885009766,200,0.0,0.0,0.0
2020-01-24 00:00:00-05:00,25.268383578160226,25.268383578160226,25.077607895188272,25.125301361083984,14800,0.0,0.0,0.0
2020-01-27 00:00:00-05:00,24.448043823242188,24.448043823242188,24.448043823242188,24.448043823242188,100,0.0,0.0,0.0
2020-01-28 00:00:00-05:00,24.610202664963765,24.676976062920744,24.610202664963765,24.65789794921875,1800,0.0,0.0,0.0
2020-01-29 00:00:00-05:00,24.715131072005796,24.715131072005796,24.686513900756836,24.686513900756836,200,0.0,0.0,0.0
2020-01-30 00:00:00-05:00,24.371733247233884,24.533893585205078,24.371733247233884,24.533893585205078,1000,0.0,0.0,0.0
2020-01-31 00:00:00-05:00,24.09510612487793,24.09510612487793,24.09510612487793,24.09510612487793,200,0.0,0.0,0.0
2020-02-03 00:00:00-05:00,24.171417236328125,24.171417236328125,24.171417236328125,24.171417236328125,100,0.0,0.0,0.0
2020-02-04 00:00:00-05:00,24.743748739122683,24.772364091555993,24.676977157592773,24.676977157592773,3000,0.0,0.0,0.0
2020-02-05 00:00:00-05:00,24.867750451821365,24.905906677246094,24.867750451821365,24.905906677246094,200,0.0,0.0,0.0
2020-02-06 00:00:00-05:00,24.953602650765045,24.953602650765045,24.934524536132812,24.934524536132812,300,0.0,0.0,0.0
2020-02-07 00:00:00-05:00,24.6578997932948,24.667438850859188,24.572050094604492,24.572050094604492,9400,0.0,0.0,0.0
2020-02-10 00:00:00-05:00,24.59112637065083,24.65789794921875,24.59112637065083,24.65789794921875,300,0.0,0.0,0.0
2020-02-11 00:00:00-05:00,24.896368839354082,24.896368839354082,24.877290725708008,24.877290725708008,8800,0.0,0.0,0.0
2020-02-12 00:00:00-05:00,25.06806883813131,25.125301361083984,25.06806883813131,25.125301361083984,200,0.0,0.0,0.0
2020-02-13 00:00:00-05:00,24.99175806517859,25.001295302794595,24.953601837158203,24.953601837158203,2700,0.0,0.0,0.0
2020-02-14 00:00:00-05:00,24.944063593448927,24.944063593448927,24.934524536132812,24.934524536132812,900,0.0,0.0,0.0
2020-02-18 00:00:00-05:00,24.762822909240825,24.762822909240825,24.724668502807617,24.724668502807617,1000,0.0,0.0,0.0
2020-02-19 00:00:00-05:00,24.877290725708008,24.877290725708008,24.877290725708008,24.877290725708008,1200,0.0,0.0,0.0
2020-02-20 00:00:00-05:00,24.667437006069747,24.667437006069747,24.65789794921875,24.65789794921875,700,0.0,0.0,0.0
2020-02-21 00:00:00-05:00,24.61020278930664,24.61020278930664,24.61020278930664,24.61020278930664,100,0.0,0.0,0.0
2020-02-24 00:00:00-05:00,23.627704620361328,23.627704620361328,23.627704620361328,23.627704620361328,100,0.0,0.0,0.0
2020-02-25 00:00:00-05:00,23.25568962097168,23.25568962097168,23.25568962097168,23.25568962097168,100,0.0,0.0,0.0
2020-02-26 00:00:00-05:00,23.599086555281936,23.627703726155627,23.322461181059225,23.341537475585938,154400,0.0,0.0,0.0
2020-02-27 00:00:00-05:00,22.940907166161587,23.036295920450716,22.578432083129883,22.578432083129883,68000,0.0,0.0,0.0
2020-02-28 00:00:00-05:00,22.015640051698526,22.339960719014005,21.83440160363655,22.28272819519043,71200,0.0,0.0,0.0
2020-03-02 00:00:00-05:00,22.30180313538864,22.75966875632966,22.2827268415324,22.75012969970703,70600,0.0,0.0,0.0
2020-03-03 00:00:00-05:00,23.055375150983707,23.055375150983707,22.4067337736927,22.597511291503906,149800,0.0,0.0,0.0
2020-03-04 00:00:00-05:00,22.874133801075192,23.05537223815918,22.70243442061552,23.05537223815918,79600,0.0,0.0,0.0
2020-03-05 00:00:00-05:00,22.530737813238126,22.664280972853216,22.282727788675036,22.292266845703125,213700,0.0,0.0,0.0
2020-03-06 00:00:00-05:00,22.07287625080018,22.111032485961914,21.90117683135125,22.111032485961914,47900,0.0,0.0,0.0
2020-03-09 00:00:00-04:00,20.651586971577547,20.756514787357165,20.28911187430405,20.33680534362793,3800,0.0,0.0,0.0
2020-03-10 00:00:00-04:00,21.13806554936558,21.13806554936558,20.518041423094655,21.09037208557129,1300,0.0,0.0,0.0
2020-03-11 00:00:00-04:00,20.518041464808505,20.518041464808505,20.041099548339844,20.041099548339844,14800,0.0,0.0,0.0
2020-03-12 00:00:00-04:00,18.104717635103473,18.1524129260831,17.923480987548828,17.923480987548828,300,0.0,0.0,0.0
2020-03-13 00:00:00-04:00,18.944134096221152,18.944134096221152,18.39088152860751,18.848745346069336,5600,0.0,0.0,0.0
2020-03-16 00:00:00-04:00,17.05544393230594,17.236682389119657,16.76927947998047,16.76927947998047,6500,0.0,0.0,0.0
2020-03-17 00:00:00-04:00,16.549886556295828,17.38930361451546,16.549886556295828,17.379764556884766,2300,0.0,0.0,0.0
2020-03-18 00:00:00-04:00,16.311415060066366,16.435419166582186,16.00617250305282,16.216026306152344,600,0.0,0.0,0.0
2020-03-19 00:00:00-04:00,16.44495562766337,16.473572795136384,16.406801223754883,16.406801223754883,300,0.0,0.0,0.0
2020-03-20 00:00:00-04:00,16.93475319419929,16.93475319419929,16.36737632751465,16.36737632751465,26800,0.139,0.0,0.0
2020-03-23 00:00:00-04:00,16.328907340222887,16.328907340222887,16.10772705078125,16.10772705078125,1200,0.0,0.0,0.0
2020-03-24 00:00:00-04:00,17.15593154151806,17.434810638427734,17.15593154151806,17.434810638427734,6500,0.0,0.0,0.0
2020-03-25 00:00:00-04:00,17.617524629385,18.079118728637695,17.617524629385,18.079118728637695,23000,0.0,0.0,0.0
2020-03-26 00:00:00-04:00,18.35799941496969,18.82921028137207,18.35799941496969,18.82921028137207,100,0.0,0.0,0.0
2020-03-27 00:00:00-04:00,18.19451969274963,18.36761795300414,18.021421432495117,18.021421432495117,23700,0.0,0.0,0.0
2020-03-30 00:00:00-04:00,18.232985557131343,18.367618560791016,18.136821484218583,18.367618560791016,13000,0.0,0.0,0.0
2020-03-31 00:00:00-04:00,18.0598895863617,18.569565788973048,18.0598895863617,18.434934616088867,8500,0.0,0.0,0.0
2020-04-01 00:00:00-04:00,17.75215721130371,17.75215721130371,17.75215721130371,17.75215721130371,100,0.0,0.0,0.0
2020-04-02 00:00:00-04:00,17.75215721130371,17.75215721130371,17.75215721130371,17.75215721130371,0,0.0,0.0,0.0
2020-04-03 00:00:00-04:00,17.723309112586083,17.800241470336914,17.704075564595353,17.800241470336914,21400,0.0,0.0,0.0
2020-04-06 00:00:00-04:00,18.521483949383363,18.733047485351562,18.521483949383363,18.733047485351562,25300,0.0,0.0,0.0
2020-04-07 00:00:00-04:00,18.934995733111272,18.954227447509766,18.934995733111272,18.954227447509766,300,0.0,0.0,0.0
2020-04-08 00:00:00-04:00,19.17540916158615,19.17540916158615,19.15617561340332,19.15617561340332,1000,0.0,0.0,0.0
2020-04-09 00:00:00-04:00,19.15617561340332,19.15617561340332,19.15617561340332,19.15617561340332,0,0.0,0.0,0.0
2020-04-13 00:00:00-04:00,19.28119118071399,19.319658279418945,19.242725916221254,19.319658279418945,1100,0.0,0.0,0.0
2020-04-14 00:00:00-04:00,19.665851435435936,19.665851435435936,19.646617889404297,19.646617889404297,900,0.0,0.0,0.0
2020-04-15 00:00:00-04:00,19.050391675567017,19.050391675567017,18.983076095581055,18.983076095581055,15300,0.0,0.0,0.0
2020-04-16 00:00:00-04:00,18.983076095581055,18.983076095581055,18.983076095581055,18.983076095581055,0,0.0,0.0,0.0
2020-04-17 00:00:00-04:00,19.425438559010402,19.511987686157227,19.38697146507315,19.511987686157227,3600,0.0,0.0,0.0
2020-04-20 00:00:00-04:00,19.511987686157227,19.511987686157227,19.511987686157227,19.511987686157227,0,0.0,0.0,0.0
2020-04-21 00:00:00-04:00,18.71381377746847,18.71381377746847,18.704198837280273,18.704198837280273,200,0.0,0.0,0.0
2020-04-22 00:00:00-04:00,19.031160593601946,19.069625854492188,19.0119270460508,19.069625854492188,8100,0.0,0.0,0.0
2020-04-23 00:00:00-04:00,19.069625854492188,19.069625854492188,19.069625854492188,19.069625854492188,0,0.0,0.0,0.0
2020-04-24 00:00:00-04:00,19.271574181722038,19.30042266845703,19.233107087126015,19.30042266845703,6500,0.0,0.0,0.0
2020-04-27 00:00:00-04:00,19.54083870796212,19.608154296875,19.54083870796212,19.608154296875,14500,0.0,0.0,0.0
2020-04-28 00:00:00-04:00,19.608154296875,19.608154296875,19.608154296875,19.608154296875,0,0.0,0.0,0.0
2020-04-29 00:00:00-04:00,20.387094580543778,20.464026936786084,20.387094580543778,20.406326293945312,1800,0.0,0.0,0.0
2020-04-30 00:00:00-04:00,20.108212550164886,20.108212550164886,19.983198165893555,19.983198165893555,1000,0.0,0.0,0.0
2020-05-01 00:00:00-04:00,19.983198165893555,19.983198165893555,19.983198165893555,19.983198165893555,0,0.0,0.0,0.0
2020-05-04 00:00:00-04:00,19.444669723510742,19.444669723510742,19.444669723510742,19.444669723510742,0,0.0,0.0,0.0
2020-05-05 00:00:00-04:00,19.483135223388672,19.483135223388672,19.483135223388672,19.483135223388672,0,0.0,0.0,0.0
2020-05-06 00:00:00-04:00,19.598535537719727,19.598535537719727,19.598535537719727,19.598535537719727,0,0.0,0.0,0.0
2020-05-07 00:00:00-04:00,19.502370834350586,19.502370834350586,19.502370834350586,19.502370834350586,0,0.0,0.0,0.0
2020-05-08 00:00:00-04:00,20.040899508648,20.06974983215332,19.992817470351323,20.06974983215332,1000,0.0,0.0,0.0
2020-05-11 00:00:00-04:00,20.06974983215332,20.06974983215332,20.06974983215332,20.06974983215332,100,0.0,0.0,0.0
2020-05-12 00:00:00-04:00,20.146680696091774,20.146680696091774,19.867799758911133,19.867799758911133,800,0.0,0.0,0.0
2020-05-13 00:00:00-04:00,19.646619640885945,19.646619640885945,19.62738609313965,19.62738609313965,900,0.0,0.0,0.0
2020-05-14 00:00:00-04:00,19.473520278930664,19.473520278930664,19.473520278930664,19.473520278930664,100,0.0,0.0,0.0
2020-05-15 00:00:00-04:00,19.415822982788086,19.415822982788086,19.415822982788086,19.415822982788086,100,0.0,0.0,0.0
2020-05-18 00:00:00-04:00,20.19476318359375,20.19476318359375,20.19476318359375,20.19476318359375,200,0.0,0.0,0.0
2020-05-19 00:00:00-04:00,20.098595776880636,20.108212550164886,19.925497526188057,19.983198165893555,10300,0.0,0.0,0.0
2020-05-20 00:00:00-04:00,20.35824378581389,20.35824378581389,20.271694657776973,20.33901023864746,38700,0.0,0.0,0.0
2020-05-21 00:00:00-04:00,20.117830276489258,20.117830276489258,20.117830276489258,20.117830276489258,0,0.0,0.0,0.0
2020-05-22 00:00:00-04:00,19.848566522512378,19.906267166137695,19.848566522512378,19.906267166137695,1900,0.0,0.0,0.0
2020-05-26 00:00:00-04:00,20.54096031188965,20.54096031188965,20.54096031188965,20.54096031188965,0,0.0,0.0,0.0
2020-05-27 00:00:00-04:00,20.88715362548828,20.88715362548828,20.88715362548828,20.88715362548828,0,0.0,0.0,0.0
2020-05-28 00:00:00-04:00,21.069867768065116,21.16603366623933,21.021785736083984,21.021785736083984,300,0.0,0.0,0.0
2020-05-29 00:00:00-04:00,20.781373016806533,20.944854502163725,20.723672374295496,20.916004180908203,1200,0.0,0.0,0.0
2020-06-01 00:00:00-04:00,21.29105058096211,21.377599716186523,21.281433806580267,21.377599716186523,600,0.0,0.0,0.0
2020-06-02 00:00:00-04:00,21.377599716186523,21.377599716186523,21.377599716186523,21.377599716186523,0,0.0,0.0,0.0
2020-06-03 00:00:00-04:00,22.16615248703547,22.358484268188477,22.16615248703547,22.358484268188477,200,0.0,0.0,0.0
2020-06-04 00:00:00-04:00,22.2142391204834,22.2142391204834,22.2142391204834,22.2142391204834,100,0.0,0.0,0.0
2020-06-05 00:00:00-04:00,22.820079803466797,22.820079803466797,22.820079803466797,22.820079803466797,100,0.0,0.0,0.0
2020-06-08 00:00:00-04:00,22.925864598307577,23.108579635620117,22.906631050335292,23.108579635620117,2300,0.0,0.0,0.0
2020-06-09 00:00:00-04:00,22.75276438284261,22.86816382656321,22.75276438284261,22.839313507080078,300,0.0,0.0,0.0
2020-06-10 00:00:00-04:00,22.73353203004501,22.800847611494497,22.68544999592738,22.743148803710938,16700,0.0,0.0,0.0
2020-06-11 00:00:00-04:00,21.406450271606445,21.406450271606445,21.406450271606445,21.406450271606445,0,0.0,0.0,0.0
2020-06-12 00:00:00-04:00,22.02190798728579,22.02190798728579,21.550697067936095,21.781494140625,1600,0.0,0.0,0.0
2020-06-15 00:00:00-04:00,21.77187697190934,21.77187697190934,21.72379493713379,21.72379493713379,300,0.0,0.0,0.0
2020-06-16 00:00:00-04:00,22.300788583802163,22.300788583802163,21.993059158325195,21.993059158325195,200,0.0,0.0,0.0
2020-06-17 00:00:00-04:00,22.16615614225741,22.16615614225741,22.05075852190586,22.079607009887695,1700,0.0,0.0,0.0
2020-06-18 00:00:00-04:00,21.99306114676643,22.050759960707023,21.99306114676643,22.012292861938477,2100,0.0,0.0,0.0
2020-06-19 00:00:00-04:00,22.21263442616784,22.21263442616784,21.930599212646484,21.930599212646484,1000,0.256,0.0,0.0
2020-06-22 00:00:00-04:00,22.00840015653285,22.095928192138672,22.00840015653285,22.095928192138672,100,0.0,0.0,0.0
2020-06-23 00:00:00-04:00,22.436315180341687,22.436315180341687,22.270984649658203,22.270984649658203,600,0.0,0.0,0.0
2020-06-24 00:00:00-04:00,21.7263659600906,21.7263659600906,21.687463788042717,21.697189331054688,400,0.0,0.0,0.0
2020-06-25 00:00:00-04:00,21.81389455091596,21.950048446655273,21.755543146307357,21.950048446655273,1100,0.0,0.0,0.0
2020-06-26 00:00:00-04:00,21.804170202492607,21.804170202492607,21.619388580322266,21.619388580322266,300,0.0,0.0,0.0
2020-06-29 00:00:00-04:00,21.716642379760742,21.716642379760742,21.716642379760742,21.716642379760742,1400,0.0,0.0,0.0
2020-06-30 00:00:00-04:00,21.77499196153213,21.77499196153213,21.76526641845703,21.76526641845703,200,0.0,0.0,0.0
2020-07-01 00:00:00-04:00,21.745817269890583,21.794443130493164,21.745817269890583,21.794443130493164,100,0.0,0.0,0.0
2020-07-02 00:00:00-04:00,22.095928192138672,22.095928192138672,22.095928192138672,22.095928192138672,100,0.0,0.0,0.0
2020-07-06 00:00:00-04:00,22.698898315429688,22.698898315429688,22.698898315429688,22.698898315429688,100,0.0,0.0,0.0
2020-07-07 00:00:00-04:00,22.494664804502047,22.514115890090217,22.339059829711914,22.339059829711914,1900,0.0,0.0,0.0
2020-07-08 00:00:00-04:00,22.533567428588867,22.533567428588867,22.533567428588867,22.533567428588867,0,0.0,0.0,0.0
2020-07-09 00:00:00-04:00,22.22235878679273,22.270984649658203,22.22235878679273,22.270984649658203,300,0.0,0.0,0.0
2020-07-10 00:00:00-04:00,22.358513014826716,22.426589965820312,22.329336383704693,22.426589965820312,300,0.0,0.0,0.0
2020-07-13 00:00:00-04:00,22.36823651388768,22.36823651388768,22.358510971069336,22.358510971069336,100,0.0,0.0,0.0
2020-07-14 00:00:00-04:00,22.553018738296686,22.630821228027344,22.553018738296686,22.630821228027344,2800,0.0,0.0,0.0
2020-07-15 00:00:00-04:00,22.815603256225586,22.815603256225586,22.815603256225586,22.815603256225586,100,0.0,0.0,0.0
2020-07-16 00:00:00-04:00,22.640546798706055,22.640546798706055,22.640546798706055,22.640546798706055,100,0.0,0.0,0.0
2020-07-17 00:00:00-04:00,22.71834945678711,22.71834945678711,22.71834945678711,22.71834945678711,100,0.0,0.0,0.0
2020-07-20 00:00:00-04:00,22.89340591430664,22.89340591430664,22.89340591430664,22.89340591430664,200,0.0,0.0,0.0
2020-07-21 00:00:00-04:00,22.93230628967285,22.93230628967285,22.93230628967285,22.93230628967285,100,0.0,0.0,0.0
2020-07-22 00:00:00-04:00,22.94203384763324,23.078187756712808,22.893407981521364,22.990659713745117,2400,0.0,0.0,0.0
2020-07-23 00:00:00-04:00,22.94203141259002,22.94203141259002,22.72807502746582,22.72807502746582,600,0.0,0.0,0.0
2020-07-24 00:00:00-04:00,22.611370421446647,22.77670094603833,22.611370421446647,22.76697540283203,158200,0.0,0.0,0.0
2020-07-27 00:00:00-04:00,22.96148308556086,23.019834491184064,22.942031998700546,23.010108947753906,1900,0.0,0.0,0.0
2020-07-28 00:00:00-04:00,22.93230606793556,22.93230606793556,22.835052490234375,22.835052490234375,500,0.0,0.0,0.0
2020-07-29 00:00:00-04:00,22.825327140468495,22.951757349039152,22.825327140468495,22.92258071899414,5000,0.0,0.0,0.0
2020-07-30 00:00:00-04:00,22.562746047973633,22.562746047973633,22.562746047973633,22.562746047973633,100,0.0,0.0,0.0
2020-07-31 00:00:00-04:00,22.23208602304264,22.23208602304264,22.0764810240765,22.15428352355957,8500,0.0,0.0,0.0
2020-08-03 00:00:00-04:00,22.484943362979564,22.621097265783714,22.475217819213867,22.475217819213867,4000,0.0,0.0,0.0
2020-08-04 00:00:00-04:00,22.669721770969844,22.74752426147461,22.621095910013498,22.74752426147461,1000,0.0,0.0,0.0
2020-08-05 00:00:00-04:00,22.93230626234248,22.93230626234248,22.92258071899414,22.92258071899414,1200,0.0,0.0,0.0
2020-08-06 00:00:00-04:00,22.8836786086238,22.96148109436035,22.815599810516435,22.96148109436035,4900,0.0,0.0,0.0
2020-08-07 00:00:00-04:00,22.77670094603833,22.77670094603833,22.76697540283203,22.76697540283203,4300,0.0,0.0,0.0
2020-08-10 00:00:00-04:00,22.87395485721018,22.92258071899414,22.87395485721018,22.92258071899414,800,0.0,0.0,0.0
2020-08-11 00:00:00-04:00,23.292144420797126,23.379672457757138,23.146263122558594,23.146263122558594,1100,0.0,0.0,0.0
2020-08-12 00:00:00-04:00,23.651979192783255,23.651979192783255,23.438022809264286,23.525550842285156,32700,0.0,0.0,0.0
2020-08-13 00:00:00-04:00,23.54500171191896,23.54500171191896,23.389396721266934,23.40884780883789,1200,0.0,0.0,0.0
2020-08-14 00:00:00-04:00,23.369947271570236,23.369947271570236,23.311594009399414,23.311594009399414,500,0.0,0.0,0.0
2020-08-17 00:00:00-04:00,23.49637601077182,23.525552642330435,23.42829905875953,23.486650466918945,13200,0.0,0.0,0.0
2020-08-18 00:00:00-04:00,23.43802457454899,23.515827070320995,23.39912239918408,23.457475662231445,11400,0.0,0.0,0.0
2020-08-19 00:00:00-04:00,23.554727200086017,23.574178287611044,23.36994743347168,23.36994743347168,5500,0.0,0.0,0.0
2020-08-20 00:00:00-04:00,23.087910039124445,23.272691643168297,23.04900972272226,23.243515014648438,3200,0.0,0.0,0.0
2020-08-21 00:00:00-04:00,23.06846258252303,23.272695304376217,23.06846258252303,23.16571617126465,13100,0.0,0.0,0.0
2020-08-24 00:00:00-04:00,23.525552587235687,23.525552587235687,23.418573460062444,23.447750091552734,4300,0.0,0.0,0.0
2020-08-25 00:00:00-04:00,23.486650440081995,23.486650440081995,23.33104544852948,23.476924896240234,9100,0.0,0.0,0.0
2020-08-26 00:00:00-04:00,23.476923184415472,23.564451217651367,23.476923184415472,23.564451217651367,3800,0.0,0.0,0.0
2020-08-27 00:00:00-04:00,23.36022183585435,23.50610128204013,23.350496292114258,23.350496292114258,32300,0.0,0.0,0.0
2020-08-28 00:00:00-04:00,23.418571640610754,23.515825216398007,23.418571640610754,23.496374130249023,16000,0.0,0.0,0.0
2020-08-31 00:00:00-04:00,23.31159395376312,23.31159395376312,23.20461668328751,23.272693634033203,4200,0.0,0.0,0.0
2020-09-01 00:00:00-04:00,23.272693770291276,23.389396585122086,23.272693770291276,23.340770721435547,1200,0.0,0.0,0.0
2020-09-02 00:00:00-04:00,23.38939512111974,23.535276412963867,23.369945889837183,23.535276412963867,7600,0.0,0.0,0.0
2020-09-03 00:00:00-04:00,23.14626314967949,23.155988693237305,23.09763728684818,23.155988693237305,700,0.0,0.0,0.0
2020-09-04 00:00:00-04:00,23.126812123936237,23.292142641681462,22.903128349369673,23.194889068603516,2200,0.0,0.0,0.0
2020-09-08 00:00:00-04:00,22.971208463112564,23.04901095503426,22.93230628967285,22.93230628967285,1100,0.0,0.0,0.0
2020-09-09 00:00:00-04:00,23.23379151479611,23.44774976617354,23.23379151479611,23.311594009399414,6800,0.0,0.0,0.0
2020-09-10 00:00:00-04:00,23.389395951795645,23.389395951795645,23.058734893798828,23.058734893798828,4300,0.0,0.0,0.0
2020-09-11 00:00:00-04:00,23.262966072454628,23.3407685601234,23.11708663994538,23.233789443969727,20800,0.0,0.0,0.0
2020-09-14 00:00:00-04:00,23.408847781933478,23.447749957030677,23.369947461794087,23.39912223815918,5800,0.0,0.0,0.0
2020-09-15 00:00:00-04:00,23.613080817773934,23.63253005063365,23.55472755432129,23.55472755432129,7500,0.0,0.0,0.0
2020-09-16 00:00:00-04:00,23.60335341776203,23.71033068243048,23.564451245186095,23.574176788330078,2300,0.0,0.0,0.0
2020-09-17 00:00:00-04:00,23.496374298135894,23.60335341776203,23.496374298135894,23.574176788330078,6400,0.0,0.0,0.0
2020-09-18 00:00:00-04:00,23.469997048674582,23.519139710021147,23.35205841064453,23.35205841064453,4900,0.254,0.0,0.0
2020-09-21 00:00:00-04:00,22.791847091335242,22.791847091335242,22.742704425896658,22.752532958984375,600,0.0,0.0,0.0
2020-09-22 00:00:00-04:00,22.60510667404395,22.70339012145996,22.58544960964058,22.70339012145996,4200,0.0,0.0,0.0
2020-09-23 00:00:00-04:00,22.614936302050417,22.772189075695366,22.44785499572754,22.44785499572754,14500,0.0,0.0,0.0
2020-09-24 00:00:00-04:00,22.261116727524612,22.477340698242188,22.261116727524612,22.477340698242188,800,0.0,0.0,0.0
2020-09-25 00:00:00-04:00,22.280773654821783,22.438026428222656,22.280773654821783,22.438026428222656,4100,0.0,0.0,0.0
2020-09-28 00:00:00-04:00,22.782016613125098,22.782016613125098,22.74270248413086,22.74270248413086,1200,0.0,0.0,0.0
2020-09-29 00:00:00-04:00,22.693563530228847,22.791846986051,22.693563530228847,22.713220596313477,7700,0.0,0.0,0.0
2020-09-30 00:00:00-04:00,22.84098564511087,22.84098564511087,22.654247283935547,22.654247283935547,24200,0.0,0.0,0.0
2020-10-01 00:00:00-04:00,22.732874270183984,22.840986251831055,22.732874270183984,22.840986251831055,38300,0.0,0.0,0.0
2020-10-02 00:00:00-04:00,22.840986251831055,22.840986251831055,22.840986251831055,22.840986251831055,200,0.0,0.0,0.0
2020-10-05 00:00:00-04:00,22.988411368610386,23.116180419921875,22.96875617768634,23.116180419921875,2200,0.0,0.0,0.0
2020-10-06 00:00:00-04:00,23.145663578703463,23.155492111226078,22.93927001953125,22.93927001953125,2500,0.0,0.0,0.0
2020-10-07 00:00:00-04:00,23.09652328491211,23.09652328491211,23.09652328491211,23.09652328491211,100,0.0,0.0,0.0
2020-10-08 00:00:00-04:00,23.24394625455092,23.312744105315122,23.24394625455092,23.302915573120117,500,0.0,0.0,0.0
2020-10-09 00:00:00-04:00,23.489652486834512,23.528966613189727,23.44051170349121,23.44051170349121,6200,0.0,0.0,0.0
2020-10-12 00:00:00-04:00,23.568281138738204,23.568281138738204,23.558452606201172,23.558452606201172,400,0.0,0.0,0.0
2020-10-13 00:00:00-04:00,23.361886872353647,23.361886872353647,23.31274421115551,23.332401275634766,600,0.0,0.0,0.0
2020-10-14 00:00:00-04:00,23.37171526046932,23.37171526046932,23.283260345458984,23.283260345458984,1000,0.0,0.0,0.0
2020-10-15 00:00:00-04:00,22.89012947725783,23.01789665222168,22.89012947725783,23.01789665222168,200,0.0,0.0,0.0
2020-10-16 00:00:00-04:00,23.04738052148161,23.14566209118965,23.04738052148161,23.07686424255371,800,0.0,0.0,0.0
2020-10-19 00:00:00-04:00,23.23411885171578,23.23411885171578,23.047382354736328,23.047382354736328,2800,0.0,0.0,0.0
2020-10-20 00:00:00-04:00,23.224288940429688,23.342229450900703,23.224288940429688,23.224288940429688,3400,0.0,0.0,0.0
2020-10-21 00:00:00-04:00,23.32257238404189,23.33240091613008,23.214462280273438,23.214462280273438,800,0.0,0.0,0.0
2020-10-22 00:00:00-04:00,23.29308880689673,23.29308880689673,23.26360321044922,23.26360321044922,300,0.0,0.0,0.0
2020-10-23 00:00:00-04:00,23.3618872613162,23.951586083306093,23.342230196509664,23.450342178344727,11200,0.0,0.0,0.0
2020-10-26 00:00:00-04:00,23.155490405143457,23.155490405143457,22.958925392976653,23.008066177368164,1900,0.0,0.0,0.0
2020-10-27 00:00:00-04:00,22.919612530464157,22.919612530464157,22.811500549316406,22.811500549316406,4600,0.0,0.0,0.0
2020-10-28 00:00:00-04:00,22.270943879597112,22.270943879597112,22.044893264770508,22.044893264770508,2800,0.0,0.0,0.0
2020-10-29 00:00:00-04:00,22.08420787977967,22.22180546949052,22.08420787977967,22.192319869995117,28700,0.0,0.0,0.0
2020-10-30 00:00:00-04:00,22.0645502225904,22.0645502225904,21.907297458721494,22.01540756225586,2800,0.0,0.0,0.0
2020-11-02 00:00:00-05:00,22.24145920988549,22.34957119304625,22.24145920988549,22.33974266052246,4000,0.0,0.0,0.0
2020-11-03 00:00:00-05:00,22.880300664089166,22.94909851704161,22.811500936535822,22.929441452026367,4900,0.0,0.0,0.0
2020-11-04 00:00:00-05:00,23.381543828108352,23.381543828108352,23.283260380769942,23.293088912963867,4000,0.0,0.0,0.0
2020-11-05 00:00:00-05:00,23.794330596923828,23.794330596923828,23.794330596923828,23.794330596923828,400,0.0,0.0,0.0
2020-11-06 00:00:00-05:00,23.80415905525625,23.882785436853926,23.764846801757812,23.764846801757812,12000,0.0,0.0,0.0
2020-11-09 00:00:00-05:00,24.79682107530948,24.91476159823245,24.62973976135254,24.62973976135254,6300,0.0,0.0,0.0
2020-11-10 00:00:00-05:00,24.91476051999314,24.993386907005387,24.845962665682542,24.895103454589844,3000,0.0,0.0,0.0
2020-11-11 00:00:00-05:00,25.11132628668134,25.130983352661133,25.091671095302537,25.130983352661133,5400,0.0,0.0,0.0
2020-11-12 00:00:00-05:00,24.885274357133564,24.983557807318633,24.69853598924203,24.71819305419922,15400,0.0,0.0,0.0
2020-11-13 00:00:00-05:00,24.963899968320337,25.101497544153382,24.963899968320337,25.072011947631836,4400,0.0,0.0,0.0
2020-11-16 00:00:00-05:00,25.45531664804479,25.48480224609375,25.435659582678817,25.48480224609375,4900,0.0,0.0,0.0
2020-11-17 00:00:00-05:00,25.455314993550477,25.573255503479718,25.38651714384209,25.563426971435547,2300,0.0,0.0,0.0
2020-11-18 00:00:00-05:00,25.60273922501142,25.81896318078156,25.563426971435547,25.563426971435547,13100,0.0,0.0,0.0
2020-11-19 00:00:00-05:00,25.5830843916127,25.671539306640625,25.533941730707838,25.671539306640625,4300,0.0,0.0,0.0
2020-11-20 00:00:00-05:00,25.691196545270646,25.76982293438804,25.68136801230585,25.72068214416504,1900,0.0,0.0,0.0
2020-11-23 00:00:00-05:00,25.789478196319152,25.818963793151,25.759992599487305,25.759992599487305,2900,0.0,0.0,0.0
2020-11-24 00:00:00-05:00,26.074499738592856,26.27106475830078,26.074499738592856,26.27106475830078,1000,0.0,0.0,0.0
2020-11-25 00:00:00-05:00,26.162954618374574,26.271064722958197,26.074499703514714,26.2612361907959,5300,0.0,0.0,0.0
2020-11-27 00:00:00-05:00,26.467632258596836,26.477460790997387,26.447975193795738,26.45780372619629,3800,0.0,0.0,0.0
2020-11-30 00:00:00-05:00,26.182608542936872,26.212094137999003,25.86810302734375,25.86810302734375,14600,0.0,0.0,0.0
2020-12-01 00:00:00-05:00,26.290722566197974,26.575744383546493,26.290722566197974,26.50694465637207,49400,0.0,0.0,0.0
2020-12-02 00:00:00-05:00,26.37917748367849,26.526601721279047,26.37917748367849,26.50694465637207,3200,0.0,0.0,0.0
2020-12-03 00:00:00-05:00,26.693683270235205,26.693683270235205,26.57574462890625,26.57574462890625,2100,0.0,0.0,0.0
2020-12-04 00:00:00-05:00,26.88042061414342,26.890249146312787,26.841106485465957,26.860763549804688,800,0.0,0.0,0.0
2020-12-07 00:00:00-05:00,26.76248006749275,26.850934982299805,26.742823003179886,26.850934982299805,9800,0.0,0.0,0.0
2020-12-08 00:00:00-05:00,26.772310045983357,26.83127936750685,26.70351219177246,26.70351219177246,84100,0.0,0.0,0.0
2020-12-09 00:00:00-05:00,26.949218284476792,26.978703880787677,26.73299620199945,26.801794052124023,6900,0.0,0.0,0.0
2020-12-10 00:00:00-05:00,26.919735127387398,26.978706325352597,26.84110873803479,26.9688777923584,1900,0.0,0.0,0.0
2020-12-11 00:00:00-05:00,26.831280241102963,26.98853302001953,26.742825318637266,26.98853302001953,3300,0.0,0.0,0.0
2020-12-14 00:00:00-05:00,27.09664280488717,27.165440655743115,26.890249252319336,26.890249252319336,9700,0.0,0.0,0.0
2020-12-15 00:00:00-05:00,27.047502976434597,27.214584280688623,27.00818884620969,27.194927215576172,2600,0.0,0.0,0.0
2020-12-16 00:00:00-05:00,27.253896924170625,27.322694778442383,27.234239858778427,27.322694778442383,6900,0.0,0.0,0.0
2020-12-17 00:00:00-05:00,27.47994599238875,27.47994599238875,27.420976674160677,27.430805206298828,1600,0.0,0.0,0.0
2020-12-18 00:00:00-05:00,27.38052253474852,27.400242483451304,27.291784646183785,27.350942611694336,5200,0.089,0.0,0.0
2020-12-21 00:00:00-05:00,26.611461327639393,26.966412880123244,26.572023311028858,26.867815017700195,2600,0.0,0.0,0.0
2020-12-22 00:00:00-05:00,26.83823585510254,26.84809582968395,26.78893786279334,26.83823585510254,2900,0.0,0.0,0.0
2020-12-23 00:00:00-05:00,27.23262619288303,27.370662070134415,27.20304627035868,27.272064208984375,27500,0.0,0.0,0.0
2020-12-24 00:00:00-05:00,27.33122332210032,27.370663220457015,27.301645278930664,27.301645278930664,1700,0.0,0.0,0.0
2020-12-28 00:00:00-05:00,27.656593618816103,27.656593618816103,27.518557742463088,27.548137664794922,7900,0.0,0.0,0.0
2020-12-29 00:00:00-05:00,27.853791348956175,27.853791348956175,27.69603551300284,27.715755462646484,8600,0.0,0.0,0.0
2020-12-30 00:00:00-05:00,27.92280796546299,27.952387888523077,27.814350128173828,27.814350128173828,3200,0.0,0.0,0.0
2020-12-31 00:00:00-05:00,27.735472641637053,27.843930480598683,27.696034624213272,27.725614547729492,6200,0.0,0.0,0.0
2021-01-04 00:00:00-05:00,28.34677644900663,28.34677644900663,27.745331199079907,27.80449104309082,5000,0.0,0.0,0.0
2021-01-05 00:00:00-05:00,27.922808394372478,28.23832005613522,27.922808394372478,28.189022064208984,3600,0.0,0.0,0.0
2021-01-06 00:00:00-05:00,28.28761984248349,28.61299147775983,28.28761984248349,28.484813690185547,6600,0.0,0.0,0.0
2021-01-07 00:00:00-05:00,28.504534381208007,28.662290215715725,28.504534381208007,28.603132247924805,10600,0.0,0.0,0.0
2021-01-08 00:00:00-05:00,28.89892156972299,28.987659454345703,28.839763606840425,28.987659454345703,3800,0.0,0.0,0.0
2021-01-11 00:00:00-05:00,28.593270984241673,28.85948464819705,28.593270984241673,28.70172882080078,7700,0.0,0.0,0.0
2021-01-12 00:00:00-05:00,28.859485325672384,28.967941284179688,28.84962535115393,28.967941284179688,2500,0.0,0.0,0.0
2021-01-13 00:00:00-05:00,28.94822232721304,29.076398230823063,28.94822232721304,28.977800369262695,7300,0.0,0.0,0.0
2021-01-14 00:00:00-05:00,29.352471286887134,29.352471286887134,29.303171416782522,29.34261131286621,600,0.0,0.0,0.0
2021-01-15 00:00:00-05:00,28.849624864658804,28.99752071874594,28.849624864658804,28.889062881469727,2600,0.0,0.0,0.0
2021-01-19 00:00:00-05:00,29.352472449225573,29.352472449225573,29.096118756323424,29.224294662475586,82000,0.0,0.0,0.0
2021-01-20 00:00:00-05:00,29.382049560546875,29.411629482843402,29.135555849869142,29.382049560546875,10700,0.0,0.0,0.0
2021-01-21 00:00:00-05:00,29.480648828633562,29.480648828633562,29.244015080755446,29.45107078552246,49400,0.0,0.0,0.0
2021-01-22 00:00:00-05:00,29.214435347649975,29.214435347649975,29.076399463969953,29.174997329711914,30100,0.0,0.0,0.0
2021-01-25 00:00:00-05:00,28.938362352997224,28.987660343478513,28.6918686393952,28.977800369262695,38300,0.0,0.0,0.0
2021-01-26 00:00:00-05:00,29.105979030003848,29.135557072944255,28.997521190961432,29.1158390045166,25900,0.0,0.0,0.0
2021-01-27 00:00:00-05:00,28.553830013578036,29.451068833983513,28.37635612487793,28.37635612487793,49200,0.0,0.0,0.0
2021-01-28 00:00:00-05:00,28.445376641190755,28.76088831273262,28.445376641190755,28.64257049560547,9500,0.0,0.0,0.0
2021-01-29 00:00:00-05:00,28.189022254604428,28.189022254604428,27.863650616139232,27.912948608398438,24400,0.0,0.0,0.0
2021-02-01 00:00:00-05:00,28.396074785373337,28.474952697753906,28.27775885710137,28.474952697753906,16600,0.0,0.0,0.0
2021-02-02 00:00:00-05:00,28.64256907698802,28.721446990966797,28.64256907698802,28.721446990966797,6700,0.0,0.0,0.0
2021-02-03 00:00:00-05:00,28.721446360550832,28.85948411743222,28.701728292937293,28.7707462310791,24300,0.0,0.0,0.0
2021-02-04 00:00:00-05:00,28.691868189794352,28.760886127625763,28.691868189794352,28.751026153564453,10300,0.0,0.0,0.0
2021-02-05 00:00:00-05:00,28.898922584778063,28.997520446777344,28.86934454259674,28.997520446777344,8900,0.0,0.0,0.0
2021-02-08 00:00:00-05:00,29.224294791080712,29.322892655030483,29.20457672276903,29.244014739990234,4900,0.0,0.0,0.0
2021-02-09 00:00:00-05:00,29.313031751379423,29.451069508772566,29.293311803095005,29.401769638061523,76600,0.0,0.0,0.0
2021-02-10 00:00:00-05:00,29.559524838322286,29.559524838322286,29.303171157836914,29.303171157836914,4400,0.0,0.0,0.0
2021-02-11 00:00:00-05:00,29.5496658380417,29.60882568359375,29.5496658380417,29.60882568359375,3300,0.0,0.0,0.0
2021-02-12 00:00:00-05:00,29.529947602603187,29.756721367472863,29.529947602603187,29.737001419067383,7400,0.0,0.0,0.0
2021-02-16 00:00:00-05:00,29.973634590365922,30.04265252787995,29.875036730803984,29.953914642333984,21200,0.0,0.0,0.0
2021-02-17 00:00:00-05:00,29.815880180670327,29.88489812145602,29.71728231643455,29.875038146972656,10000,0.0,0.0,0.0
2021-02-18 00:00:00-05:00,29.529947474307907,29.73700128987254,29.529947474307907,29.717281341552734,9300,0.0,0.0,0.0
2021-02-19 00:00:00-05:00,29.993356880258258,30.022936804615743,29.86518096923828,29.86518096923828,6200,0.0,0.0,0.0
2021-02-22 00:00:00-05:00,29.924338680623467,30.0327946411413,29.786300915404038,29.825740814208984,17100,0.0,0.0,0.0
2021-02-23 00:00:00-05:00,29.806018561917334,29.973634357692163,29.61868469886138,29.91447639465332,4100,0.0,0.0,0.0
2021-02-24 00:00:00-05:00,29.667984181370567,30.003215789794922,29.608826215353865,30.003215789794922,14300,0.0,0.0,0.0
2021-02-25 00:00:00-05:00,30.091954453206867,30.091954453206867,29.490509161338984,29.510229110717773,7400,0.0,0.0,0.0
2021-02-26 00:00:00-05:00,29.194716936908453,29.194716936908453,28.95808319025908,28.967941284179688,6000,0.0,0.0,0.0
2021-03-01 00:00:00-05:00,29.42149056210813,29.61868629029673,29.42149056210813,29.559526443481445,3700,0.0,0.0,0.0
2021-03-02 00:00:00-05:00,29.529948931789335,29.61868682301044,29.47078908391002,29.490509033203125,3700,0.0,0.0,0.0
2021-03-03 00:00:00-05:00,29.411629741390655,29.579245541348875,29.37219172524637,29.421489715576172,4000,0.0,0.0,0.0
2021-03-04 00:00:00-05:00,29.49050824178927,29.579246130628984,29.027100729424635,29.056678771972656,3300,0.0,0.0,0.0
2021-03-05 00:00:00-05:00,29.431350579460325,29.431350579460325,29.036961003106317,29.411630630493164,4200,0.0,0.0,0.0
2021-03-08 00:00:00-05:00,29.25387511750552,29.34261300822316,29.155277252197266,29.155277252197266,2700,0.0,0.0,0.0
2021-03-09 00:00:00-05:00,29.37219185408724,29.52008770632317,29.332751957172167,29.44120979309082,36100,0.0,0.0,0.0
2021-03-10 00:00:00-05:00,29.628542862041687,29.628542862041687,29.45106897250683,29.618684768676758,5000,0.0,0.0,0.0
2021-03-11 00:00:00-05:00,29.92433800312737,30.05251391014574,29.855320062379185,30.02293586730957,59700,0.0,0.0,0.0
2021-03-12 00:00:00-05:00,29.86518013806362,30.072233961009836,29.86518013806362,30.042654037475586,7400,0.0,0.0,0.0
2021-03-15 00:00:00-04:00,30.032793431762755,30.09195327758789,29.86517951038496,30.09195327758789,5100,0.0,0.0,0.0
2021-03-16 00:00:00-04:00,30.091953636849603,30.170831551627014,30.07223368800579,30.151111602783203,12800,0.0,0.0,0.0
2021-03-17 00:00:00-04:00,30.04265372295201,30.38774530484737,29.94405774006576,30.299007415771484,6500,0.0,0.0,0.0
2021-03-18 00:00:00-04:00,30.14125038744189,30.21026832495592,29.953914642333984,29.953914642333984,3700,0.0,0.0,0.0
2021-03-19 00:00:00-04:00,30.09249841127911,30.09249841127911,29.795533717926727,30.033105850219727,16600,0.12,0.0,0.0
2021-03-22 00:00:00-04:00,29.924219195597885,30.01330898502757,29.89452385782503,29.934118270874023,7200,0.0,0.0,0.0
2021-03-23 00:00:00-04:00,29.70644413978204,29.72624228962526,29.458972930908203,29.458972930908203,4600,0.0,0.0,0.0
2021-03-24 00:00:00-04:00,29.44907501311463,29.587658291351506,29.340187072753906,29.340187072753906,5800,0.0,0.0,0.0
2021-03-25 00:00:00-04:00,29.37978258546793,29.548063085120017,29.37978258546793,29.51836585998535,2700,0.0,0.0,0.0
2021-03-26 00:00:00-04:00,29.746038215710374,30.013307571411133,29.746038215710374,30.013307571411133,2900,0.0,0.0,0.0
2021-03-29 00:00:00-04:00,29.944017538407522,30.02320825306952,29.845028673066135,29.963815689086914,2700,0.0,0.0,0.0
2021-03-30 00:00:00-04:00,29.864826695955177,30.003409974006786,29.864826695955177,29.94401741027832,7900,0.0,0.0,0.0
2021-03-31 00:00:00-04:00,29.914320484832672,30.06280472772849,29.914320484832672,29.993511199951172,7200,0.0,0.0,0.0
2021-04-01 00:00:00-04:00,30.151892457850362,30.270679473876953,30.11229804454521,30.270679473876953,3200,0.0,0.0,0.0
2021-04-05 00:00:00-04:00,30.508249974115927,30.627036983742375,30.508249974115927,30.617137908935547,4800,0.0,0.0,0.0
2021-04-06 00:00:00-04:00,30.47855561504123,30.51815002748266,30.38946582697861,30.468656539916992,146400,0.0,0.0,0.0
2021-04-07 00:00:00-04:00,30.48845241542522,30.48845241542522,30.389465441549337,30.40926170349121,3300,0.0,0.0,0.0
2021-04-08 00:00:00-04:00,30.617137908935547,30.666631394914212,30.537947198536404,30.617137908935547,14300,0.0,0.0,0.0
2021-04-09 00:00:00-04:00,30.488453360069244,30.55774688720703,30.488453360069244,30.55774688720703,3800,0.0,0.0,0.0
2021-04-12 00:00:00-04:00,30.330070385691936,30.330070385691936,30.25087967533982,30.310274124145508,4800,0.0,0.0,0.0
2021-04-13 00:00:00-04:00,30.36966754850437,30.478555486355727,30.349869398339486,30.4488582611084,3500,0.0,0.0,0.0
2021-04-14 00:00:00-04:00,30.49835205078125,30.61713906489253,30.49835205078125,30.49835205078125,4700,0.0,0.0,0.0
2021-04-15 00:00:00-04:00,30.69632961174765,30.805217550087622,30.69632961174765,30.77552032470703,6400,0.0,0.0,0.0
2021-04-16 00:00:00-04:00,30.825013155065477,30.97349739074707,30.825013155065477,30.97349739074707,6200,0.0,0.0,0.0
2021-04-19 00:00:00-04:00,31.052687843073507,31.052687843073507,30.854710122519286,30.933900833129883,24100,0.0,0.0,0.0
2021-04-20 00:00:00-04:00,30.6963296036079,30.6963296036079,30.409262089171563,30.468656539916992,6200,0.0,0.0,0.0
2021-04-21 00:00:00-04:00,30.508250769106006,30.74582290649414,30.508250769106006,30.74582290649414,7200,0.0,0.0,0.0
2021-04-22 00:00:00-04:00,30.676531885981124,30.726027262300335,30.47855604487094,30.537948608398438,7600,0.0,0.0,0.0
2021-04-23 00:00:00-04:00,30.70622887908717,30.95370009464128,30.676531653520684,30.805217742919922,26900,0.0,0.0,0.0
2021-04-26 00:00:00-04:00,30.92400218989549,31.003192901611328,30.92400218989549,31.003192901611328,7100,0.0,0.0,0.0
2021-04-27 00:00:00-04:00,30.726027393821187,30.86461067199707,30.726027393821187,30.86461067199707,11000,0.0,0.0,0.0
2021-04-28 00:00:00-04:00,30.884407778065317,31.03289012652558,30.884407778065317,31.003192901611328,3300,0.0,0.0,0.0
2021-04-29 00:00:00-04:00,31.151675508707132,31.151675508707132,30.864609884374676,31.042789459228516,4100,0.0,0.0,0.0
2021-04-30 00:00:00-04:00,30.68643132785898,30.68643132785898,30.577543386711373,30.597341537475586,4200,0.0,0.0,0.0
2021-05-03 00:00:00-04:00,30.80521817216957,30.914104224652863,30.80521817216957,30.874509811401367,22200,0.0,0.0,0.0
2021-05-04 00:00:00-04:00,30.636937537308818,30.656733799822515,30.41916165715814,30.547847747802734,33200,0.0,0.0,0.0
2021-05-05 00:00:00-04:00,30.834911972852773,31.003192468907216,30.79531756157521,30.933900833129883,3300,0.0,0.0,0.0
2021-05-06 00:00:00-04:00,31.072484742794014,31.339754104614258,31.032890330703335,31.339754104614258,68400,0.0,0.0,0.0
2021-05-07 00:00:00-04:00,31.438743767428257,31.77530288696289,31.438743767428257,31.77530288696289,13900,0.0,0.0,0.0
2021-05-10 00:00:00-04:00,31.844593615847657,31.91388902894304,31.616922442938638,31.626821517944336,35600,0.0,0.0,0.0
2021-05-11 00:00:00-04:00,30.99329330208174,31.280360807227755,30.98339422727786,31.22096824645996,14800,0.0,0.0,0.0
2021-05-12 00:00:00-04:00,30.89430631133916,31.02299240352016,30.607240676879883,30.607240676879883,8300,0.0,0.0,0.0
2021-05-13 00:00:00-04:00,30.60724001525442,30.83491308043087,30.587441864876762,30.805217742919922,7100,0.0,0.0,0.0
2021-05-14 00:00:00-04:00,31.12198018187704,31.369451394132298,31.12198018187704,31.349653244018555,12000,0.0,0.0,0.0
2021-05-17 00:00:00-04:00,31.013092791794605,31.131879806518555,30.924003002765527,31.131879806518555,15400,0.0,0.0,0.0
2021-05-18 00:00:00-04:00,31.498135787533638,31.498135787533638,31.339754361760367,31.379350662231445,8100,0.0,0.0,0.0
2021-05-19 00:00:00-04:00,30.90420489683949,31.14177703857422,30.77552069475401,31.14177703857422,5000,0.0,0.0,0.0
2021-05-20 00:00:00-04:00,31.08238358130985,31.300159454345703,31.08238358130985,31.300159454345703,5200,0.0,0.0,0.0
2021-05-21 00:00:00-04:00,31.3298558211448,31.3298558211448,31.141777166809508,31.161575317382812,5900,0.0,0.0,0.0
2021-05-24 00:00:00-04:00,31.319956812763483,31.616923407830775,31.319956812763483,31.47833824157715,116000,0.0,0.0,0.0
2021-05-25 00:00:00-04:00,31.557528589086857,31.567427664279567,31.40904623730729,31.4189453125,22900,0.0,0.0,0.0
2021-05-26 00:00:00-04:00,31.458540460071113,31.537731170654297,31.44864138524128,31.537731170654297,9200,0.0,0.0,0.0
2021-05-27 00:00:00-04:00,31.587225391443567,31.66641610386867,31.567427241323415,31.656517028808594,10300,0.0,0.0,0.0
2021-05-28 00:00:00-04:00,31.78520376057798,31.834697248825705,31.745607459535353,31.755508422851562,10700,0.0,0.0,0.0
2021-06-01 00:00:00-04:00,32.13166150742169,32.13166150742169,31.973280081565637,31.993078231811523,11700,0.0,0.0,0.0
2021-06-02 00:00:00-04:00,32.09206627810684,32.16136169433594,32.08216909070907,32.16136169433594,75600,0.0,0.0,0.0
2021-06-03 00:00:00-04:00,31.963382765975307,32.04257159052939,31.90398831547646,31.97327995300293,39800,0.0,0.0,0.0
2021-06-04 00:00:00-04:00,32.17125753396813,32.250450134277344,32.121764046830386,32.250450134277344,3800,0.0,0.0,0.0
2021-06-07 00:00:00-04:00,32.29004313407644,32.33953662194342,32.181155195102455,32.32963943481445,6300,0.0,0.0,0.0
2021-06-08 00:00:00-04:00,32.29994570384395,32.329641042818906,32.22075309842907,32.280147552490234,13900,0.0,0.0,0.0
2021-06-09 00:00:00-04:00,32.250451228532015,32.250451228532015,32.101966985969696,32.12176513671875,11300,0.0,0.0,0.0
2021-06-10 00:00:00-04:00,32.16135874905694,32.30983920309296,32.16135874905694,32.29994201660156,7700,0.0,0.0,0.0
2021-06-11 00:00:00-04:00,32.30984128444545,32.32963943481445,32.20095334547146,32.32963943481445,11700,0.0,0.0,0.0
2021-06-14 00:00:00-04:00,32.31974263217992,32.389034271240234,32.29004351821756,32.389034271240234,10200,0.0,0.0,0.0
2021-06-15 00:00:00-04:00,32.260349401136516,32.29004474011146,32.24055124978279,32.280147552490234,4400,0.0,0.0,0.0
2021-06-16 00:00:00-04:00,32.33953659610462,32.33953659610462,32.02277374267578,32.02277374267578,6100,0.0,0.0,0.0
2021-06-17 00:00:00-04:00,31.943585491375885,31.943585491375885,31.715912422389735,31.805002212524414,28400,0.0,0.0,0.0
2021-06-18 00:00:00-04:00,31.399999618530273,31.43000030517578,31.1200008392334,31.1200008392334,38200,0.325,0.0,0.0
2021-06-21 00:00:00-04:00,31.18000030517578,31.479999542236328,31.18000030517578,31.479999542236328,12100,0.0,0.0,0.0
2021-06-22 00:00:00-04:00,31.299999237060547,31.5,31.209999084472656,31.459999084472656,20200,0.0,0.0,0.0
2021-06-23 00:00:00-04:00,31.530000686645508,31.549999237060547,31.329999923706055,31.360000610351562,5200,0.0,0.0,0.0
2021-06-24 00:00:00-04:00,31.520000457763672,31.6200008392334,31.520000457763672,31.6200008392334,9800,0.0,0.0,0.0
2021-06-25 00:00:00-04:00,31.739999771118164,31.739999771118164,31.649999618530273,31.709999084472656,7600,0.0,0.0,0.0
2021-06-28 00:00:00-04:00,31.530000686645508,31.56999969482422,31.399999618530273,31.440000534057617,2500,0.0,0.0,0.0
2021-06-29 00:00:00-04:00,31.43000030517578,31.43000030517578,31.350000381469727,31.399999618530273,6200,0.0,0.0,0.0
2021-06-30 00:00:00-04:00,31.09000015258789,31.100000381469727,31.010000228881836,31.09000015258789,22800,0.0,0.0,0.0
2021-07-01 00:00:00-04:00,31.170000076293945,31.190000534057617,31.06999969482422,31.190000534057617,17100,0.0,0.0,0.0
2021-07-02 00:00:00-04:00,31.190000534057617,31.299999237060547,31.139999389648438,31.290000915527344,4900,0.0,0.0,0.0
2021-07-06 00:00:00-04:00,31.18000030517578,31.18000030517578,30.670000076293945,30.790000915527344,145700,0.0,0.0,0.0
2021-07-07 00:00:00-04:00,30.899999618530273,31.0,30.760000228881836,30.979999542236328,18500,0.0,0.0,0.0
2021-07-08 00:00:00-04:00,30.3799991607666,30.5,30.329999923706055,30.440000534057617,5500,0.0,0.0,0.0
2021-07-09 00:00:00-04:00,30.75,30.989999771118164,30.75,30.989999771118164,2500,0.0,0.0,0.0
2021-07-12 00:00:00-04:00,30.989999771118164,31.15999984741211,30.979999542236328,31.100000381469727,7300,0.0,0.0,0.0
2021-07-13 00:00:00-04:00,31.1299991607666,31.139999389648438,30.93000030517578,30.950000762939453,10500,0.0,0.0,0.0
2021-07-14 00:00:00-04:00,31.1200008392334,31.1200008392334,31.049999237060547,31.06999969482422,7500,0.0,0.0,0.0
2021-07-15 00:00:00-04:00,30.889999389648438,30.90999984741211,30.770000457763672,30.829999923706055,6400,0.0,0.0,0.0
2021-07-16 00:00:00-04:00,30.850000381469727,30.850000381469727,30.540000915527344,30.549999237060547,11700,0.0,0.0,0.0
2021-07-19 00:00:00-04:00,30.030000686645508,30.030000686645508,29.739999771118164,29.860000610351562,7000,0.0,0.0,0.0
2021-07-20 00:00:00-04:00,29.719999313354492,30.149999618530273,29.719999313354492,30.110000610351562,17000,0.0,0.0,0.0
2021-07-21 00:00:00-04:00,30.239999771118164,30.510000228881836,30.209999084472656,30.510000228881836,7800,0.0,0.0,0.0
2021-07-22 00:00:00-04:00,30.649999618530273,30.65999984741211,30.549999237060547,30.600000381469727,2900,0.0,0.0,0.0
2021-07-23 00:00:00-04:00,30.610000610351562,30.690000534057617,30.579999923706055,30.65999984741211,11100,0.0,0.0,0.0
2021-07-26 00:00:00-04:00,30.639999389648438,30.75,30.600000381469727,30.719999313354492,20300,0.0,0.0,0.0
2021-07-27 00:00:00-04:00,30.5,30.549999237060547,30.399999618530273,30.549999237060547,11400,0.0,0.0,0.0
2021-07-28 00:00:00-04:00,30.5,30.760000228881836,30.5,30.709999084472656,22100,0.0,0.0,0.0
2021-07-29 00:00:00-04:00,31.059999465942383,31.059999465942383,30.969999313354492,31.020000457763672,9700,0.0,0.0,0.0
2021-07-30 00:00:00-04:00,30.81999969482422,30.889999389648438,30.700000762939453,30.780000686645508,5800,0.0,0.0,0.0
2021-08-02 00:00:00-04:00,31.059999465942383,31.1200008392334,30.899999618530273,30.899999618530273,6000,0.0,0.0,0.0
2021-08-03 00:00:00-04:00,30.989999771118164,31.200000762939453,30.940000534057617,31.200000762939453,3500,0.0,0.0,0.0
2021-08-04 00:00:00-04:00,31.280000686645508,31.280000686645508,31.139999389648438,31.190000534057617,4000,0.0,0.0,0.0
2021-08-05 00:00:00-04:00,31.25,31.280000686645508,31.229999542236328,31.239999771118164,4000,0.0,0.0,0.0
2021-08-06 00:00:00-04:00,31.1200008392334,31.15999984741211,31.079999923706055,31.079999923706055,13000,0.0,0.0,0.0
2021-08-09 00:00:00-04:00,31.190000534057617,31.200000762939453,31.1200008392334,31.139999389648438,16800,0.0,0.0,0.0
2021-08-10 00:00:00-04:00,31.100000381469727,31.200000762939453,31.09000015258789,31.170000076293945,66100,0.0,0.0,0.0
2021-08-11 00:00:00-04:00,31.31999969482422,31.450000762939453,31.290000915527344,31.450000762939453,19800,0.0,0.0,0.0
2021-08-12 00:00:00-04:00,31.309999465942383,31.350000381469727,31.280000686645508,31.329999923706055,9500,0.0,0.0,0.0
2021-08-13 00:00:00-04:00,31.360000610351562,31.43000030517578,31.360000610351562,31.399999618530273,8000,0.0,0.0,0.0
2021-08-16 00:00:00-04:00,31.219999313354492,31.290000915527344,31.079999923706055,31.290000915527344,13100,0.0,0.0,0.0
2021-08-17 00:00:00-04:00,30.8799991607666,30.90999984741211,30.65999984741211,30.829999923706055,20600,0.0,0.0,0.0
2021-08-18 00:00:00-04:00,30.829999923706055,30.959999084472656,30.739999771118164,30.739999771118164,13700,0.0,0.0,0.0
2021-08-19 00:00:00-04:00,30.200000762939453,30.329999923706055,30.1299991607666,30.219999313354492,13800,0.0,0.0,0.0
2021-08-20 00:00:00-04:00,30.010000228881836,30.229999542236328,30.010000228881836,30.229999542236328,6100,0.0,0.0,0.0
2021-08-23 00:00:00-04:00,30.489999771118164,30.610000610351562,30.489999771118164,30.59000015258789,8700,0.0,0.0,0.0
2021-08-24 00:00:00-04:00,30.700000762939453,30.81999969482422,30.700000762939453,30.790000915527344,4400,0.0,0.0,0.0
2021-08-25 00:00:00-04:00,30.799999237060547,30.889999389648438,30.799999237060547,30.8799991607666,2100,0.0,0.0,0.0
2021-08-26 00:00:00-04:00,30.709999084472656,30.739999771118164,30.670000076293945,30.670000076293945,3300,0.0,0.0,0.0
2021-08-27 00:00:00-04:00,30.84000015258789,31.09000015258789,30.84000015258789,31.09000015258789,2200,0.0,0.0,0.0
2021-08-30 00:00:00-04:00,31.110000610351562,31.1200008392334,31.020000457763672,31.079999923706055,5600,0.0,0.0,0.0
2021-08-31 00:00:00-04:00,31.170000076293945,31.170000076293945,31.100000381469727,31.149999618530273,4500,0.0,0.0,0.0
2021-09-01 00:00:00-04:00,31.350000381469727,31.420000076293945,31.350000381469727,31.40999984741211,3800,0.0,0.0,0.0
2021-09-02 00:00:00-04:00,31.520000457763672,31.530000686645508,31.440000534057617,31.489999771118164,21500,0.0,0.0,0.0
2021-09-03 00:00:00-04:00,31.510000228881836,31.639999389648438,31.510000228881836,31.6200008392334,12300,0.0,0.0,0.0
2021-09-07 00:00:00-04:00,31.729999542236328,31.729999542236328,31.5,31.540000915527344,26100,0.0,0.0,0.0
2021-09-08 00:00:00-04:00,31.40999984741211,31.43000030517578,31.239999771118164,31.299999237060547,6200,0.0,0.0,0.0
2021-09-09 00:00:00-04:00,31.309999465942383,31.3700008392334,31.270000457763672,31.270000457763672,2300,0.0,0.0,0.0
2021-09-10 00:00:00-04:00,31.540000915527344,31.540000915527344,31.309999465942383,31.31999969482422,10100,0.0,0.0,0.0
2021-09-13 00:00:00-04:00,31.649999618530273,31.65999984741211,31.450000762939453,31.610000610351562,8900,0.0,0.0,0.0
2021-09-14 00:00:00-04:00,31.690000534057617,31.690000534057617,31.3700008392334,31.40999984741211,11900,0.0,0.0,0.0
2021-09-15 00:00:00-04:00,31.389999389648438,31.520000457763672,31.34000015258789,31.520000457763672,20100,0.0,0.0,0.0
2021-09-16 00:00:00-04:00,31.239999771118164,31.309999465942383,31.149999618530273,31.25,10100,0.0,0.0,0.0
2021-09-17 00:00:00-04:00,30.780000686645508,30.780000686645508,30.450000762939453,30.479999542236328,13000,0.0,0.0,0.0
2021-09-20 00:00:00-04:00,29.690000534057617,29.709999084472656,29.489999771118164,29.68000030517578,18300,0.0,0.0,0.0
2021-09-21 00:00:00-04:00,30.049999237060547,30.06999969482422,29.889999389648438,29.969999313354492,35100,0.0,0.0,0.0
2021-09-22 00:00:00-04:00,30.239999771118164,30.479999542236328,30.239999771118164,30.290000915527344,11000,0.0,0.0,0.0
2021-09-23 00:00:00-04:00,30.489999771118164,30.639999389648438,30.479999542236328,30.610000610351562,10800,0.0,0.0,0.0
2021-09-24 00:00:00-04:00,30.329999923706055,30.3700008392334,30.299999237060547,30.34000015258789,9400,0.0,0.0,0.0
2021-09-27 00:00:00-04:00,30.270000457763672,30.40999984741211,30.270000457763672,30.40999984741211,2400,0.0,0.0,0.0
2021-09-28 00:00:00-04:00,30.149999618530273,30.149999618530273,29.829999923706055,29.90999984741211,4200,0.0,0.0,0.0
2021-09-29 00:00:00-04:00,29.8700008392334,29.950000762939453,29.760000228881836,29.760000228881836,7500,0.0,0.0,0.0
2021-09-30 00:00:00-04:00,29.940000534057617,29.979999542236328,29.790000915527344,29.81999969482422,10000,0.0,0.0,0.0
2021-10-01 00:00:00-04:00,29.770000457763672,30.010000228881836,29.670000076293945,29.959999084472656,38600,0.0,0.0,0.0
2021-10-04 00:00:00-04:00,29.81999969482422,29.81999969482422,29.559999465942383,29.639999389648438,7100,0.0,0.0,0.0
2021-10-05 00:00:00-04:00,29.690000534057617,29.90999984741211,29.690000534057617,29.84000015258789,5500,0.0,0.0,0.0
2021-10-06 00:00:00-04:00,29.360000610351562,29.549999237060547,29.270000457763672,29.549999237060547,10100,0.0,0.0,0.0
2021-10-07 00:00:00-04:00,29.799999237060547,29.93000030517578,29.799999237060547,29.81999969482422,16900,0.0,0.0,0.0
2021-10-08 00:00:00-04:00,29.90999984741211,29.940000534057617,29.8700008392334,29.889999389648438,11400,0.0,0.0,0.0
2021-10-11 00:00:00-04:00,30.079999923706055,30.170000076293945,29.90999984741211,29.93000030517578,7700,0.0,0.0,0.0
2021-10-12 00:00:00-04:00,29.940000534057617,29.989999771118164,29.889999389648438,29.899999618530273,5200,0.0,0.0,0.0
2021-10-13 00:00:00-04:00,30.06999969482422,30.190000534057617,29.979999542236328,30.190000534057617,5400,0.0,0.0,0.0
2021-10-14 00:00:00-04:00,30.530000686645508,30.530000686645508,30.469999313354492,30.510000228881836,8000,0.0,0.0,0.0
2021-10-15 00:00:00-04:00,30.579999923706055,30.729999542236328,30.579999923706055,30.719999313354492,8800,0.0,0.0,0.0
2021-10-18 00:00:00-04:00,30.579999923706055,30.68000030517578,30.579999923706055,30.6299991607666,8800,0.0,0.0,0.0
2021-10-19 00:00:00-04:00,30.84000015258789,30.8799991607666,30.770000457763672,30.84000015258789,18800,0.0,0.0,0.0
2021-10-20 00:00:00-04:00,30.780000686645508,30.889999389648438,30.75,30.8799991607666,8500,0.0,0.0,0.0
2021-10-21 00:00:00-04:00,30.65999984741211,30.709999084472656,30.579999923706055,30.65999984741211,8000,0.0,0.0,0.0
2021-10-22 00:00:00-04:00,30.65999984741211,30.75,30.6299991607666,30.75,2300,0.0,0.0,0.0
2021-10-25 00:00:00-04:00,30.790000915527344,30.84000015258789,30.760000228881836,30.799999237060547,8900,0.0,0.0,0.0
2021-10-26 00:00:00-04:00,30.989999771118164,30.989999771118164,30.809999465942383,30.84000015258789,3800,0.0,0.0,0.0
2021-10-27 00:00:00-04:00,30.809999465942383,30.860000610351562,30.690000534057617,30.690000534057617,8100,0.0,0.0,0.0
2021-10-28 00:00:00-04:00,30.719999313354492,30.81999969482422,30.719999313354492,30.81999969482422,7300,0.0,0.0,0.0
2021-10-29 00:00:00-04:00,30.549999237060547,30.600000381469727,30.469999313354492,30.579999923706055,15800,0.0,0.0,0.0
2021-11-01 00:00:00-04:00,30.68000030517578,30.860000610351562,30.68000030517578,30.860000610351562,6700,0.0,0.0,0.0
2021-11-02 00:00:00-04:00,30.649999618530273,30.690000534057617,30.610000610351562,30.6299991607666,26200,0.0,0.0,0.0
2021-11-03 00:00:00-04:00,30.610000610351562,30.889999389648438,30.56999969482422,30.889999389648438,6100,0.0,0.0,0.0
2021-11-04 00:00:00-04:00,30.75,30.75,30.600000381469727,30.68000030517578,9800,0.0,0.0,0.0
2021-11-05 00:00:00-04:00,30.770000457763672,30.790000915527344,30.68000030517578,30.790000915527344,6900,0.0,0.0,0.0
2021-11-08 00:00:00-05:00,30.940000534057617,30.959999084472656,30.889999389648438,30.940000534057617,6100,0.0,0.0,0.0
2021-11-09 00:00:00-05:00,30.889999389648438,30.889999389648438,30.760000228881836,30.81999969482422,5500,0.0,0.0,0.0
2021-11-10 00:00:00-05:00,30.829999923706055,30.829999923706055,30.5,30.559999465942383,12500,0.0,0.0,0.0
2021-11-11 00:00:00-05:00,30.809999465942383,30.850000381469727,30.719999313354492,30.780000686645508,5800,0.0,0.0,0.0
2021-11-12 00:00:00-05:00,30.780000686645508,30.8799991607666,30.780000686645508,30.8799991607666,7500,0.0,0.0,0.0
2021-11-15 00:00:00-05:00,30.940000534057617,30.940000534057617,30.780000686645508,30.780000686645508,64600,0.0,0.0,0.0
2021-11-16 00:00:00-05:00,30.790000915527344,30.829999923706055,30.760000228881836,30.780000686645508,11300,0.0,0.0,0.0
2021-11-17 00:00:00-05:00,30.81999969482422,30.81999969482422,30.700000762939453,30.75,22500,0.0,0.0,0.0
2021-11-18 00:00:00-05:00,30.639999389648438,30.639999389648438,30.5,30.540000915527344,56000,0.0,0.0,0.0
2021-11-19 00:00:00-05:00,30.459999084472656,30.459999084472656,30.299999237060547,30.329999923706055,21200,0.0,0.0,0.0
2021-11-22 00:00:00-05:00,30.329999923706055,30.459999084472656,30.239999771118164,30.239999771118164,18800,0.0,0.0,0.0
2021-11-23 00:00:00-05:00,30.270000457763672,30.350000381469727,30.200000762939453,30.34000015258789,6800,0.0,0.0,0.0
2021-11-24 00:00:00-05:00,30.010000228881836,30.200000762939453,29.950000762939453,30.200000762939453,7200,0.0,0.0,0.0
2021-11-26 00:00:00-05:00,29.209999084472656,29.260000228881836,29.1200008392334,29.219999313354492,2600,0.0,0.0,0.0
2021-11-29 00:00:00-05:00,29.540000915527344,29.56999969482422,29.34000015258789,29.5,35000,0.0,0.0,0.0
2021-11-30 00:00:00-05:00,29.31999969482422,29.43000030517578,29.049999237060547,29.25,15700,0.0,0.0,0.0
2021-12-01 00:00:00-05:00,29.790000915527344,29.81999969482422,29.190000534057617,29.190000534057617,10700,0.0,0.0,0.0
2021-12-02 00:00:00-05:00,29.530000686645508,29.770000457763672,29.530000686645508,29.610000610351562,7900,0.0,0.0,0.0
2021-12-03 00:00:00-05:00,29.40999984741211,29.530000686645508,29.40999984741211,29.530000686645508,6000,0.0,0.0,0.0
2021-12-06 00:00:00-05:00,29.84000015258789,29.93000030517578,29.719999313354492,29.829999923706055,14600,0.0,0.0,0.0
2021-12-07 00:00:00-05:00,30.209999084472656,30.399999618530273,30.209999084472656,30.3799991607666,12100,0.0,0.0,0.0
2021-12-08 00:00:00-05:00,30.3799991607666,30.489999771118164,30.3799991607666,30.489999771118164,10700,0.0,0.0,0.0
2021-12-09 00:00:00-05:00,30.309999465942383,30.309999465942383,30.200000762939453,30.219999313354492,14300,0.0,0.0,0.0
2021-12-10 00:00:00-05:00,30.190000534057617,30.239999771118164,30.170000076293945,30.229999542236328,21400,0.0,0.0,0.0
2021-12-13 00:00:00-05:00,30.040000915527344,30.040000915527344,29.84000015258789,29.84000015258789,14500,0.0,0.0,0.0
2021-12-14 00:00:00-05:00,29.760000228881836,29.829999923706055,29.6299991607666,29.709999084472656,6100,0.0,0.0,0.0
2021-12-15 00:00:00-05:00,29.59000015258789,30.010000228881836,29.59000015258789,29.989999771118164,10000,0.0,0.0,0.0
2021-12-16 00:00:00-05:00,30.219999313354492,30.25,30.06999969482422,30.110000610351562,6200,0.0,0.0,0.0
2021-12-17 00:00:00-05:00,29.5,29.559999465942383,29.3799991607666,29.40999984741211,46000,0.0,0.0,0.0
2021-12-20 00:00:00-05:00,29.1299991607666,29.170000076293945,28.979999542236328,29.170000076293945,8600,0.0,0.0,0.0
2021-12-21 00:00:00-05:00,29.3700008392334,29.56999969482422,29.3700008392334,29.559999465942383,9600,0.0,0.0,0.0
2021-12-22 00:00:00-05:00,29.520000457763672,29.799999237060547,29.520000457763672,29.790000915527344,5600,0.0,0.0,0.0
2021-12-23 00:00:00-05:00,29.979999542236328,30.079999923706055,29.940000534057617,30.079999923706055,16600,0.0,0.0,0.0
2021-12-27 00:00:00-05:00,30.110000610351562,30.399999618530273,30.110000610351562,30.399999618530273,18400,0.0,0.0,0.0
2021-12-28 00:00:00-05:00,30.389999389648438,30.610000610351562,30.389999389648438,30.420000076293945,8000,0.0,0.0,0.0
2021-12-29 00:00:00-05:00,30.3700008392334,30.3700008392334,30.290000915527344,30.360000610351562,5400,0.0,0.0,0.0
2021-12-30 00:00:00-05:00,30.329999923706055,30.389999389648438,30.309999465942383,30.350000381469727,8200,0.0,0.0,0.0
2021-12-31 00:00:00-05:00,30.3799991607666,30.420000076293945,30.309999465942383,30.309999465942383,4000,0.0,0.0,0.0
2022-01-03 00:00:00-05:00,30.469999313354492,30.559999465942383,30.440000534057617,30.510000228881836,54700,0.0,0.0,0.0
2022-01-04 00:00:00-05:00,30.65999984741211,30.75,30.649999618530273,30.690000534057617,27400,0.0,0.0,0.0
2022-01-05 00:00:00-05:00,30.780000686645508,30.829999923706055,30.420000076293945,30.420000076293945,12400,0.0,0.0,0.0
2022-01-06 00:00:00-05:00,30.399999618530273,30.43000030517578,30.299999237060547,30.299999237060547,4200,0.0,0.0,0.0
2022-01-07 00:00:00-05:00,30.479999542236328,30.600000381469727,30.350000381469727,30.56999969482422,39600,0.0,0.0,0.0
2022-01-10 00:00:00-05:00,30.360000610351562,30.389999389648438,30.170000076293945,30.389999389648438,19700,0.0,0.0,0.0
2022-01-11 00:00:00-05:00,30.469999313354492,30.899999618530273,30.469999313354492,30.899999618530273,11700,0.0,0.0,0.0
2022-01-12 00:00:00-05:00,31.139999389648438,31.280000686645508,30.920000076293945,31.280000686645508,28000,0.0,0.0,0.0
2022-01-13 00:00:00-05:00,31.31999969482422,31.31999969482422,30.959999084472656,30.959999084472656,15700,0.0,0.0,0.0
2022-01-14 00:00:00-05:00,30.920000076293945,31.049999237060547,30.8700008392334,31.040000915527344,20900,0.0,0.0,0.0
2022-01-18 00:00:00-05:00,30.739999771118164,30.760000228881836,30.540000915527344,30.600000381469727,10300,0.0,0.0,0.0
2022-01-19 00:00:00-05:00,30.90999984741211,30.90999984741211,30.729999542236328,30.739999771118164,29100,0.0,0.0,0.0
2022-01-20 00:00:00-05:00,30.90999984741211,30.989999771118164,30.459999084472656,30.459999084472656,97700,0.0,0.0,0.0
2022-01-21 00:00:00-05:00,30.309999465942383,30.440000534057617,30.09000015258789,30.1200008392334,78800,0.0,0.0,0.0
2022-01-24 00:00:00-05:00,29.5,29.649999618530273,28.969999313354492,29.649999618530273,37400,0.0,0.0,0.0
2022-01-25 00:00:00-05:00,29.420000076293945,29.739999771118164,29.31999969482422,29.6299991607666,13200,0.0,0.0,0.0
2022-01-26 00:00:00-05:00,29.940000534057617,29.979999542236328,29.540000915527344,29.540000915527344,5500,0.0,0.0,0.0
2022-01-27 00:00:00-05:00,29.610000610351562,29.770000457763672,29.3700008392334,29.440000534057617,5000,0.0,0.0,0.0
2022-01-28 00:00:00-05:00,29.219999313354492,29.420000076293945,29.100000381469727,29.420000076293945,25000,0.0,0.0,0.0
2022-01-31 00:00:00-05:00,29.559999465942383,30.020000457763672,29.559999465942383,30.020000457763672,19400,0.0,0.0,0.0
2022-02-01 00:00:00-05:00,30.190000534057617,30.239999771118164,30.010000228881836,30.239999771118164,20200,0.0,0.0,0.0
2022-02-02 00:00:00-05:00,30.389999389648438,30.40999984741211,30.219999313354492,30.34000015258789,37300,0.0,0.0,0.0
2022-02-03 00:00:00-05:00,30.100000381469727,30.18000030517578,30.0,30.0,8100,0.0,0.0,0.0
2022-02-04 00:00:00-05:00,29.920000076293945,30.139999389648438,29.899999618530273,30.09000015258789,6300,0.0,0.0,0.0
2022-02-07 00:00:00-05:00,30.06999969482422,30.219999313354492,30.020000457763672,30.09000015258789,13800,0.0,0.0,0.0
2022-02-08 00:00:00-05:00,30.200000762939453,30.299999237060547,30.1200008392334,30.299999237060547,8200,0.0,0.0,0.0
2022-02-09 00:00:00-05:00,30.6200008392334,30.65999984741211,30.59000015258789,30.649999618530273,47300,0.0,0.0,0.0
2022-02-10 00:00:00-05:00,30.549999237060547,30.84000015258789,30.3700008392334,30.40999984741211,32500,0.0,0.0,0.0
2022-02-11 00:00:00-05:00,30.530000686645508,30.559999465942383,30.020000457763672,30.059999465942383,28700,0.0,0.0,0.0
2022-02-14 00:00:00-05:00,29.889999389648438,29.969999313354492,29.670000076293945,29.829999923706055,8800,0.0,0.0,0.0
2022-02-15 00:00:00-05:00,30.170000076293945,30.299999237060547,30.1200008392334,30.299999237060547,24800,0.0,0.0,0.0
2022-02-16 00:00:00-05:00,30.270000457763672,30.639999389648438,30.270000457763672,30.610000610351562,27600,0.0,0.0,0.0
2022-02-17 00:00:00-05:00,30.260000228881836,30.260000228881836,30.1200008392334,30.139999389648438,10900,0.0,0.0,0.0
2022-02-18 00:00:00-05:00,30.139999389648438,30.25,29.989999771118164,30.079999923706055,8500,0.0,0.0,0.0
2022-02-22 00:00:00-05:00,29.739999771118164,29.799999237060547,29.489999771118164,29.610000610351562,9900,0.0,0.0,0.0
2022-02-23 00:00:00-05:00,29.850000381469727,29.850000381469727,29.31999969482422,29.31999969482422,4000,0.0,0.0,0.0
2022-02-24 00:00:00-05:00,28.299999237060547,28.899999618530273,28.059999465942383,28.829999923706055,67500,0.0,0.0,0.0
2022-02-25 00:00:00-05:00,29.010000228881836,29.459999084472656,29.010000228881836,29.459999084472656,14300,0.0,0.0,0.0
2022-02-28 00:00:00-05:00,28.719999313354492,29.040000915527344,28.670000076293945,28.940000534057617,24600,0.0,0.0,0.0
2022-03-01 00:00:00-05:00,28.799999237060547,28.860000610351562,28.149999618530273,28.260000228881836,21400,0.0,0.0,0.0
2022-03-02 00:00:00-05:00,28.59000015258789,28.959999084472656,28.5,28.8799991607666,54400,0.0,0.0,0.0
2022-03-03 00:00:00-05:00,28.579999923706055,28.649999618530273,28.149999618530273,28.190000534057617,30000,0.0,0.0,0.0
2022-03-04 00:00:00-05:00,27.6200008392334,27.68000030517578,27.40999984741211,27.549999237060547,41600,0.0,0.0,0.0
2022-03-07 00:00:00-05:00,27.270000457763672,27.290000915527344,26.549999237060547,26.780000686645508,31100,0.0,0.0,0.0
2022-03-08 00:00:00-05:00,26.829999923706055,27.239999771118164,26.649999618530273,26.829999923706055,25600,0.0,0.0,0.0
2022-03-09 00:00:00-05:00,27.3700008392334,27.850000381469727,27.3700008392334,27.760000228881836,22800,0.0,0.0,0.0
2022-03-10 00:00:00-05:00,27.360000610351562,27.489999771118164,27.290000915527344,27.31999969482422,9900,0.0,0.0,0.0
2022-03-11 00:00:00-05:00,27.6200008392334,27.6200008392334,27.079999923706055,27.1200008392334,14600,0.0,0.0,0.0
2022-03-14 00:00:00-04:00,27.299999237060547,27.489999771118164,27.049999237060547,27.149999618530273,14900,0.0,0.0,0.0
2022-03-15 00:00:00-04:00,27.040000915527344,27.280000686645508,26.920000076293945,27.219999313354492,37600,0.0,0.0,0.0
2022-03-16 00:00:00-04:00,27.920000076293945,28.290000915527344,27.700000762939453,28.290000915527344,53200,0.0,0.0,0.0
2022-03-17 00:00:00-04:00,28.239999771118164,28.68000030517578,28.219999313354492,28.5,11200,0.0,0.0,0.0
2022-03-18 00:00:00-04:00,28.239999771118164,28.75,28.239999771118164,28.75,20800,0.0,0.0,0.0
2022-03-21 00:00:00-04:00,28.6200008392334,28.68000030517578,28.440000534057617,28.549999237060547,8500,0.0,0.0,0.0
2022-03-22 00:00:00-04:00,28.84000015258789,28.889999389648438,28.760000228881836,28.8799991607666,14700,0.0,0.0,0.0
2022-03-23 00:00:00-04:00,28.59000015258789,28.709999084472656,28.5,28.5,7700,0.0,0.0,0.0
2022-03-24 00:00:00-04:00,28.510000228881836,28.670000076293945,28.510000228881836,28.670000076293945,7900,0.0,0.0,0.0
2022-03-25 00:00:00-04:00,28.530000686645508,28.610000610351562,28.479999542236328,28.610000610351562,6800,0.0,0.0,0.0
2022-03-28 00:00:00-04:00,28.40999984741211,28.530000686645508,28.34000015258789,28.530000686645508,10800,0.0,0.0,0.0
2022-03-29 00:00:00-04:00,29.010000228881836,29.030000686645508,28.809999465942383,28.979999542236328,11600,0.0,0.0,0.0
2022-03-30 00:00:00-04:00,29.25,29.25,29.010000228881836,29.059999465942383,25300,0.0,0.0,0.0
2022-03-31 00:00:00-04:00,28.920000076293945,28.93000030517578,28.6200008392334,28.6200008392334,5300,0.0,0.0,0.0
2022-04-01 00:00:00-04:00,28.969999313354492,28.969999313354492,28.770000457763672,28.950000762939453,13800,0.0,0.0,0.0
2022-04-04 00:00:00-04:00,29.0,29.110000610351562,28.93000030517578,29.079999923706055,10800,0.0,0.0,0.0
2022-04-05 00:00:00-04:00,28.950000762939453,28.989999771118164,28.579999923706055,28.6200008392334,14200,0.0,0.0,0.0
2022-04-06 00:00:00-04:00,28.200000762939453,28.360000610351562,28.139999389648438,28.25,26300,0.0,0.0,0.0
2022-04-07 00:00:00-04:00,28.149999618530273,28.200000762939453,27.989999771118164,28.1200008392334,6000,0.0,0.0,0.0
2022-04-08 00:00:00-04:00,28.139999389648438,28.34000015258789,28.139999389648438,28.219999313354492,13500,0.0,0.0,0.0
2022-04-11 00:00:00-04:00,28.079999923706055,28.079999923706055,27.8700008392334,27.8700008392334,8300,0.0,0.0,0.0
2022-04-12 00:00:00-04:00,27.969999313354492,28.020000457763672,27.739999771118164,27.780000686645508,24300,0.0,0.0,0.0
2022-04-13 00:00:00-04:00,27.899999618530273,28.1299991607666,27.899999618530273,28.1200008392334,7500,0.0,0.0,0.0
2022-04-14 00:00:00-04:00,28.09000015258789,28.149999618530273,28.010000228881836,28.049999237060547,7000,0.0,0.0,0.0
2022-04-18 00:00:00-04:00,27.989999771118164,28.09000015258789,27.889999389648438,27.959999084472656,15000,0.0,0.0,0.0
2022-04-19 00:00:00-04:00,27.889999389648438,28.059999465942383,27.81999969482422,28.059999465942383,9300,0.0,0.0,0.0
2022-04-20 00:00:00-04:00,28.190000534057617,28.280000686645508,28.15999984741211,28.170000076293945,5500,0.0,0.0,0.0
2022-04-21 00:00:00-04:00,28.389999389648438,28.389999389648438,27.799999237060547,27.81999969482422,4200,0.0,0.0,0.0
2022-04-22 00:00:00-04:00,27.6299991607666,27.6299991607666,27.270000457763672,27.270000457763672,13200,0.0,0.0,0.0
2022-04-25 00:00:00-04:00,26.709999084472656,26.959999084472656,26.610000610351562,26.959999084472656,10200,0.0,0.0,0.0
2022-04-26 00:00:00-04:00,26.3799991607666,26.450000762939453,26.18000030517578,26.18000030517578,27200,0.0,0.0,0.0
2022-04-27 00:00:00-04:00,26.399999618530273,26.510000228881836,26.280000686645508,26.420000076293945,9700,0.0,0.0,0.0
2022-04-28 00:00:00-04:00,26.559999465942383,26.850000381469727,26.360000610351562,26.739999771118164,9100,0.0,0.0,0.0
2022-04-29 00:00:00-04:00,26.889999389648438,27.030000686645508,26.479999542236328,26.510000228881836,5600,0.0,0.0,0.0
2022-05-02 00:00:00-04:00,26.3799991607666,26.469999313354492,26.100000381469727,26.389999389648438,25500,0.0,0.0,0.0
2022-05-03 00:00:00-04:00,26.579999923706055,26.790000915527344,26.579999923706055,26.75,18700,0.0,0.0,0.0
2022-05-04 00:00:00-04:00,26.690000534057617,27.229999542236328,26.530000686645508,27.209999084472656,6200,0.0,0.0,0.0
2022-05-05 00:00:00-04:00,26.739999771118164,26.739999771118164,26.149999618530273,26.399999618530273,59400,0.0,0.0,0.0
2022-05-06 00:00:00-04:00,26.100000381469727,26.170000076293945,25.940000534057617,26.059999465942383,6400,0.0,0.0,0.0
2022-05-09 00:00:00-04:00,25.549999237060547,25.68000030517578,25.190000534057617,25.190000534057617,12800,0.0,0.0,0.0
2022-05-10 00:00:00-04:00,25.579999923706055,25.579999923706055,25.209999084472656,25.290000915527344,4400,0.0,0.0,0.0
2022-05-11 00:00:00-04:00,25.700000762939453,25.81999969482422,25.309999465942383,25.309999465942383,15900,0.0,0.0,0.0
2022-05-12 00:00:00-04:00,24.979999542236328,25.40999984741211,24.979999542236328,25.200000762939453,9600,0.0,0.0,0.0
2022-05-13 00:00:00-04:00,25.760000228881836,25.959999084472656,25.739999771118164,25.93000030517578,18700,0.0,0.0,0.0
2022-05-16 00:00:00-04:00,25.81999969482422,26.09000015258789,25.790000915527344,26.040000915527344,18200,0.0,0.0,0.0
2022-05-17 00:00:00-04:00,26.56999969482422,26.639999389648438,26.459999084472656,26.549999237060547,8800,0.0,0.0,0.0
2022-05-18 00:00:00-04:00,26.360000610351562,26.3799991607666,25.90999984741211,25.90999984741211,10900,0.0,0.0,0.0
2022-05-19 00:00:00-04:00,25.940000534057617,26.280000686645508,25.899999618530273,26.110000610351562,21700,0.0,0.0,0.0
2022-05-20 00:00:00-04:00,26.540000915527344,26.540000915527344,26.079999923706055,26.329999923706055,8600,0.0,0.0,0.0
2022-05-23 00:00:00-04:00,26.690000534057617,26.920000076293945,26.690000534057617,26.899999618530273,14400,0.0,0.0,0.0
2022-05-24 00:00:00-04:00,26.639999389648438,26.700000762939453,26.489999771118164,26.670000076293945,18000,0.0,0.0,0.0
2022-05-25 00:00:00-04:00,26.6200008392334,26.829999923706055,26.610000610351562,26.790000915527344,27000,0.0,0.0,0.0
2022-05-26 00:00:00-04:00,26.889999389648438,27.09000015258789,26.889999389648438,27.09000015258789,7800,0.0,0.0,0.0
2022-05-27 00:00:00-04:00,27.219999313354492,27.43000030517578,27.219999313354492,27.420000076293945,9100,0.0,0.0,0.0
2022-05-31 00:00:00-04:00,27.5,27.610000610351562,27.399999618530273,27.399999618530273,3500,0.0,0.0,0.0
2022-06-01 00:00:00-04:00,27.520000457763672,27.520000457763672,27.110000610351562,27.25,10100,0.0,0.0,0.0
2022-06-02 00:00:00-04:00,27.3799991607666,27.75,27.360000610351562,27.75,12300,0.0,0.0,0.0
2022-06-03 00:00:00-04:00,27.459999084472656,27.469999313354492,27.290000915527344,27.3700008392334,6900,0.0,0.0,0.0
2022-06-06 00:00:00-04:00,27.700000762939453,27.719999313354492,27.40999984741211,27.5,13600,0.0,0.0,0.0
2022-06-07 00:00:00-04:00,27.31999969482422,27.59000015258789,27.280000686645508,27.579999923706055,3200,0.0,0.0,0.0
2022-06-08 00:00:00-04:00,27.34000015258789,27.420000076293945,27.200000762939453,27.200000762939453,6300,0.0,0.0,0.0
2022-06-09 00:00:00-04:00,26.90999984741211,26.90999984741211,26.540000915527344,26.540000915527344,700,0.0,0.0,0.0
2022-06-10 00:00:00-04:00,25.979999542236328,25.979999542236328,25.780000686645508,25.81999969482422,4700,0.0,0.0,0.0
2022-06-13 00:00:00-04:00,25.079999923706055,25.09000015258789,24.790000915527344,24.799999237060547,8000,0.0,0.0,0.0
2022-06-14 00:00:00-04:00,24.81999969482422,24.81999969482422,24.68000030517578,24.709999084472656,7900,0.0,0.0,0.0
2022-06-15 00:00:00-04:00,24.90999984741211,25.15999984741211,24.809999465942383,25.149999618530273,17900,0.0,0.0,0.0
2022-06-16 00:00:00-04:00,24.360000610351562,24.479999542236328,24.200000762939453,24.299999237060547,6200,0.0,0.0,0.0
2022-06-17 00:00:00-04:00,23.6200008392334,23.6200008392334,23.329999923706055,23.43000030517578,17300,0.0,0.0,0.0
2022-06-21 00:00:00-04:00,23.809999465942383,23.959999084472656,23.809999465942383,23.84000015258789,11100,0.0,0.0,0.0
2022-06-22 00:00:00-04:00,23.56999969482422,23.729999542236328,23.489999771118164,23.489999771118164,12900,0.0,0.0,0.0
2022-06-23 00:00:00-04:00,23.329999923706055,23.420000076293945,23.149999618530273,23.350000381469727,15000,0.0,0.0,0.0
2022-06-24 00:00:00-04:00,23.729999542236328,24.15999984741211,23.729999542236328,24.15999984741211,7100,0.0,0.0,0.0
2022-06-27 00:00:00-04:00,24.09000015258789,24.15999984741211,24.049999237060547,24.1200008392334,19400,0.0,0.0,0.0
2022-06-28 00:00:00-04:00,24.270000457763672,24.270000457763672,23.979999542236328,23.979999542236328,7100,0.0,0.0,0.0
2022-06-29 00:00:00-04:00,23.8700008392334,23.899999618530273,23.799999237060547,23.799999237060547,4200,0.0,0.0,0.0
2022-06-30 00:00:00-04:00,23.260000228881836,23.56999969482422,23.260000228881836,23.530000686645508,1100,0.0,0.0,0.0
2022-07-01 00:00:00-04:00,23.139999389648438,23.40999984741211,23.030000686645508,23.40999984741211,12500,0.0,0.0,0.0
2022-07-05 00:00:00-04:00,22.549999237060547,22.790000915527344,22.479999542236328,22.790000915527344,2400,0.0,0.0,0.0
2022-07-06 00:00:00-04:00,22.729999542236328,22.799999237060547,22.670000076293945,22.739999771118164,7500,0.0,0.0,0.0
2022-07-07 00:00:00-04:00,23.0,23.309999465942383,23.0,23.280000686645508,12700,0.0,0.0,0.0
2022-07-08 00:00:00-04:00,23.299999237060547,23.399999618530273,23.299999237060547,23.399999618530273,2000,0.0,0.0,0.0
2022-07-11 00:00:00-04:00,22.8799991607666,22.90999984741211,22.799999237060547,22.799999237060547,36600,0.0,0.0,0.0
2022-07-12 00:00:00-04:00,22.68000030517578,22.8700008392334,22.68000030517578,22.739999771118164,2100,0.0,0.0,0.0
2022-07-13 00:00:00-04:00,22.40999984741211,22.760000228881836,22.40999984741211,22.670000076293945,8300,0.0,0.0,0.0
2022-07-14 00:00:00-04:00,22.15999984741211,22.40999984741211,22.06999969482422,22.399999618530273,10200,0.0,0.0,0.0
2022-07-15 00:00:00-04:00,22.3700008392334,22.690000534057617,22.3700008392334,22.690000534057617,9600,0.0,0.0,0.0
2022-07-18 00:00:00-04:00,22.959999084472656,23.229999542236328,22.959999084472656,22.979999542236328,105200,0.0,0.0,0.0
2022-07-19 00:00:00-04:00,23.520000457763672,23.56999969482422,23.489999771118164,23.549999237060547,5400,0.0,0.0,0.0
2022-07-20 00:00:00-04:00,23.559999465942383,23.600000381469727,23.420000076293945,23.530000686645508,7300,0.0,0.0,0.0
2022-07-21 00:00:00-04:00,23.709999084472656,23.84000015258789,23.65999984741211,23.84000015258789,3800,0.0,0.0,0.0
2022-07-22 00:00:00-04:00,23.959999084472656,23.959999084472656,23.639999389648438,23.719999313354492,8200,0.0,0.0,0.0
2022-07-25 00:00:00-04:00,23.8799991607666,23.959999084472656,23.8700008392334,23.959999084472656,16200,0.0,0.0,0.0
2022-07-26 00:00:00-04:00,23.770000457763672,23.770000457763672,23.559999465942383,23.610000610351562,6200,0.0,0.0,0.0
2022-07-27 00:00:00-04:00,23.809999465942383,24.18000030517578,23.799999237060547,24.18000030517578,16400,0.0,0.0,0.0
2022-07-28 00:00:00-04:00,24.059999465942383,24.399999618530273,24.059999465942383,24.399999618530273,5200,0.0,0.0,0.0
2022-07-29 00:00:00-04:00,24.540000915527344,24.780000686645508,24.540000915527344,24.780000686645508,15200,0.0,0.0,0.0
2022-08-01 00:00:00-04:00,24.610000610351562,24.770000457763672,24.549999237060547,24.700000762939453,35700,0.0,0.0,0.0
2022-08-02 00:00:00-04:00,24.34000015258789,24.510000228881836,24.280000686645508,24.280000686645508,7900,0.0,0.0,0.0
2022-08-03 00:00:00-04:00,24.389999389648438,24.59000015258789,24.34000015258789,24.59000015258789,3400,0.0,0.0,0.0
2022-08-04 00:00:00-04:00,24.649999618530273,24.770000457763672,24.6299991607666,24.700000762939453,6200,0.0,0.0,0.0
2022-08-05 00:00:00-04:00,24.450000762939453,24.6200008392334,24.450000762939453,24.6200008392334,5700,0.0,0.0,0.0
2022-08-08 00:00:00-04:00,24.850000381469727,24.850000381469727,24.68000030517578,24.739999771118164,4100,0.0,0.0,0.0
2022-08-09 00:00:00-04:00,24.65999984741211,24.65999984741211,24.469999313354492,24.489999771118164,8000,0.0,0.0,0.0
2022-08-10 00:00:00-04:00,24.920000076293945,25.059999465942383,24.860000610351562,24.940000534057617,56800,0.0,0.0,0.0
2022-08-11 00:00:00-04:00,25.18000030517578,25.18000030517578,24.979999542236328,25.0,5500,0.0,0.0,0.0
2022-08-12 00:00:00-04:00,25.049999237060547,25.190000534057617,24.979999542236328,25.190000534057617,6500,0.0,0.0,0.0
2022-08-15 00:00:00-04:00,24.809999465942383,24.899999618530273,24.780000686645508,24.899999618530273,23800,0.0,0.0,0.0
2022-08-16 00:00:00-04:00,24.860000610351562,24.989999771118164,24.84000015258789,24.959999084472656,100600,0.0,0.0,0.0
2022-08-17 00:00:00-04:00,24.639999389648438,24.780000686645508,24.579999923706055,24.709999084472656,7900,0.0,0.0,0.0
2022-08-18 00:00:00-04:00,24.59000015258789,24.639999389648438,24.520000457763672,24.6200008392334,34400,0.0,0.0,0.0
2022-08-19 00:00:00-04:00,24.360000610351562,24.360000610351562,24.190000534057617,24.190000534057617,2200,0.0,0.0,0.0
2022-08-22 00:00:00-04:00,23.8700008392334,23.8700008392334,23.760000228881836,23.760000228881836,2400,0.0,0.0,0.0
2022-08-23 00:00:00-04:00,23.799999237060547,24.030000686645508,23.799999237060547,23.8700008392334,27300,0.0,0.0,0.0
2022-08-24 00:00:00-04:00,23.84000015258789,23.889999389648438,23.799999237060547,23.860000610351562,4700,0.0,0.0,0.0
2022-08-25 00:00:00-04:00,23.959999084472656,24.209999084472656,23.959999084472656,24.209999084472656,31600,0.0,0.0,0.0
2022-08-26 00:00:00-04:00,23.860000610351562,23.860000610351562,23.709999084472656,23.709999084472656,7900,0.0,0.0,0.0
2022-08-29 00:00:00-04:00,23.540000915527344,23.690000534057617,23.5,23.56999969482422,115100,0.0,0.0,0.0
2022-08-30 00:00:00-04:00,23.530000686645508,23.530000686645508,23.209999084472656,23.229999542236328,16000,0.0,0.0,0.0
2022-08-31 00:00:00-04:00,23.299999237060547,23.299999237060547,23.079999923706055,23.079999923706055,9400,0.0,0.0,0.0
2022-09-01 00:00:00-04:00,22.770000457763672,22.770000457763672,22.559999465942383,22.709999084472656,3200,0.0,0.0,0.0
2022-09-02 00:00:00-04:00,22.920000076293945,23.040000915527344,22.559999465942383,22.559999465942383,36300,0.0,0.0,0.0
2022-09-06 00:00:00-04:00,22.649999618530273,22.65999984741211,22.420000076293945,22.510000228881836,20700,0.0,0.0,0.0
2022-09-07 00:00:00-04:00,22.43000030517578,22.670000076293945,22.43000030517578,22.65999984741211,17700,0.0,0.0,0.0
2022-09-08 00:00:00-04:00,22.6299991607666,22.690000534057617,22.6200008392334,22.68000030517578,18400,0.0,0.0,0.0
2022-09-09 00:00:00-04:00,23.280000686645508,23.329999923706055,23.239999771118164,23.329999923706055,8300,0.0,0.0,0.0
2022-09-12 00:00:00-04:00,23.600000381469727,23.760000228881836,23.600000381469727,23.690000534057617,8000,0.0,0.0,0.0
2022-09-13 00:00:00-04:00,23.219999313354492,23.219999313354492,22.81999969482422,22.81999969482422,12900,0.0,0.0,0.0
2022-09-14 00:00:00-04:00,22.940000534057617,23.049999237060547,22.860000610351562,22.989999771118164,10100,0.0,0.0,0.0
2022-09-15 00:00:00-04:00,22.90999984741211,22.950000762939453,22.700000762939453,22.760000228881836,2100,0.0,0.0,0.0
2022-09-16 00:00:00-04:00,22.030000686645508,22.15999984741211,22.010000228881836,22.15999984741211,6700,0.0,0.0,0.0
2022-09-19 00:00:00-04:00,21.899999618530273,22.270000457763672,21.899999618530273,22.239999771118164,3900,0.0,0.0,0.0
2022-09-20 00:00:00-04:00,21.969999313354492,22.010000228881836,21.75,21.889999389648438,8100,0.0,0.0,0.0
2022-09-21 00:00:00-04:00,21.81999969482422,21.969999313354492,21.610000610351562,21.610000610351562,17700,0.0,0.0,0.0
2022-09-22 00:00:00-04:00,21.59000015258789,21.59000015258789,21.459999084472656,21.520000457763672,5000,0.0,0.0,0.0
2022-09-23 00:00:00-04:00,20.979999542236328,20.979999542236328,20.670000076293945,20.760000228881836,7300,0.0,0.0,0.0
2022-09-26 00:00:00-04:00,20.540000915527344,20.649999618530273,20.299999237060547,20.3799991607666,16700,0.0,0.0,0.0
2022-09-27 00:00:00-04:00,20.56999969482422,20.56999969482422,20.200000762939453,20.270000457763672,12200,0.0,0.0,0.0
2022-09-28 00:00:00-04:00,20.1200008392334,20.670000076293945,20.1200008392334,20.670000076293945,61600,0.0,0.0,0.0
2022-09-29 00:00:00-04:00,20.229999542236328,20.25,19.979999542236328,20.239999771118164,20000,0.0,0.0,0.0
2022-09-30 00:00:00-04:00,20.209999084472656,20.329999923706055,20.170000076293945,20.18000030517578,12000,0.0,0.0,0.0
2022-10-03 00:00:00-04:00,20.450000762939453,20.81999969482422,20.450000762939453,20.729999542236328,10400,0.0,0.0,0.0
2022-10-04 00:00:00-04:00,21.3799991607666,21.65999984741211,21.3799991607666,21.65999984741211,10300,0.0,0.0,0.0
2022-10-05 00:00:00-04:00,21.290000915527344,21.530000686645508,21.149999618530273,21.420000076293945,3700,0.0,0.0,0.0
2022-10-06 00:00:00-04:00,21.239999771118164,21.239999771118164,21.1200008392334,21.149999618530273,9800,0.0,0.0,0.0
2022-10-07 00:00:00-04:00,20.860000610351562,20.90999984741211,20.649999618530273,20.739999771118164,21200,0.0,0.0,0.0
2022-10-10 00:00:00-04:00,20.639999389648438,20.649999618530273,20.489999771118164,20.600000381469727,63900,0.0,0.0,0.0
2022-10-11 00:00:00-04:00,20.440000534057617,20.530000686645508,20.260000228881836,20.260000228881836,5700,0.0,0.0,0.0
2022-10-12 00:00:00-04:00,20.1200008392334,20.280000686645508,20.1200008392334,20.219999313354492,8600,0.0,0.0,0.0
2022-10-13 00:00:00-04:00,19.81999969482422,20.719999313354492,19.81999969482422,20.68000030517578,24800,0.0,0.0,0.0
2022-10-14 00:00:00-04:00,20.770000457763672,20.770000457763672,20.260000228881836,20.260000228881836,15400,0.0,0.0,0.0
2022-10-17 00:00:00-04:00,20.729999542236328,20.920000076293945,20.729999542236328,20.850000381469727,12300,0.0,0.0,0.0
2022-10-18 00:00:00-04:00,21.190000534057617,21.190000534057617,20.93000030517578,21.020000457763672,9100,0.0,0.0,0.0
2022-10-19 00:00:00-04:00,20.850000381469727,20.889999389648438,20.75,20.809999465942383,13000,0.0,0.0,0.0
2022-10-20 00:00:00-04:00,21.110000610351562,21.110000610351562,20.829999923706055,20.850000381469727,2100,0.0,0.0,0.0
2022-10-21 00:00:00-04:00,20.829999923706055,21.260000228881836,20.829999923706055,21.260000228881836,1100,0.0,0.0,0.0
2022-10-24 00:00:00-04:00,21.030000686645508,21.25,21.030000686645508,21.139999389648438,30800,0.0,0.0,0.0
2022-10-25 00:00:00-04:00,21.15999984741211,21.510000228881836,21.15999984741211,21.489999771118164,7800,0.0,0.0,0.0
2022-10-26 00:00:00-04:00,21.649999618530273,21.850000381469727,21.649999618530273,21.729999542236328,3400,0.0,0.0,0.0
2022-10-27 00:00:00-04:00,21.68000030517578,21.68000030517578,21.290000915527344,21.469999313354492,22700,0.0,0.0,0.0
2022-10-28 00:00:00-04:00,21.309999465942383,21.530000686645508,21.239999771118164,21.530000686645508,19100,0.0,0.0,0.0
2022-10-31 00:00:00-04:00,21.219999313354492,21.270000457763672,21.18000030517578,21.229999542236328,31900,0.0,0.0,0.0
2022-11-01 00:00:00-04:00,21.579999923706055,21.600000381469727,21.559999465942383,21.600000381469727,10200,0.0,0.0,0.0
2022-11-02 00:00:00-04:00,21.600000381469727,21.739999771118164,21.170000076293945,21.229999542236328,7600,0.0,0.0,0.0
2022-11-03 00:00:00-04:00,21.170000076293945,21.170000076293945,21.1200008392334,21.1200008392334,31100,0.0,0.0,0.0
2022-11-04 00:00:00-04:00,21.8700008392334,22.110000610351562,21.790000915527344,22.110000610351562,6000,0.0,0.0,0.0
2022-11-07 00:00:00-05:00,22.239999771118164,22.280000686645508,22.190000534057617,22.219999313354492,5500,0.0,0.0,0.0
2022-11-08 00:00:00-05:00,22.440000534057617,22.6200008392334,22.360000610351562,22.510000228881836,11200,0.0,0.0,0.0
2022-11-09 00:00:00-05:00,22.420000076293945,22.520000457763672,22.190000534057617,22.200000762939453,22600,0.0,0.0,0.0
2022-11-10 00:00:00-05:00,23.15999984741211,23.399999618530273,23.149999618530273,23.399999618530273,74300,0.0,0.0,0.0
2022-11-11 00:00:00-05:00,23.770000457763672,24.110000610351562,23.770000457763672,24.110000610351562,2400,0.0,0.0,0.0
2022-11-14 00:00:00-05:00,24.020000457763672,24.209999084472656,24.020000457763672,24.040000915527344,7700,0.0,0.0,0.0
2022-11-15 00:00:00-05:00,24.3799991607666,24.399999618530273,24.190000534057617,24.229999542236328,8500,0.0,0.0,0.0
2022-11-16 00:00:00-05:00,24.06999969482422,24.06999969482422,23.93000030517578,24.020000457763672,2200,0.0,0.0,0.0
2022-11-17 00:00:00-05:00,23.6200008392334,23.959999084472656,23.6200008392334,23.959999084472656,7500,0.0,0.0,0.0
2022-11-18 00:00:00-05:00,23.90999984741211,23.969999313354492,23.8799991607666,23.93000030517578,2700,0.0,0.0,0.0
2022-11-21 00:00:00-05:00,23.68000030517578,23.770000457763672,23.670000076293945,23.770000457763672,4100,0.0,0.0,0.0
2022-11-22 00:00:00-05:00,23.899999618530273,24.079999923706055,23.899999618530273,24.079999923706055,1500,0.0,0.0,0.0
2022-11-23 00:00:00-05:00,24.15999984741211,24.309999465942383,24.110000610351562,24.309999465942383,18400,0.0,0.0,0.0
2022-11-25 00:00:00-05:00,24.270000457763672,24.3799991607666,24.270000457763672,24.3700008392334,1700,0.0,0.0,0.0
2022-11-28 00:00:00-05:00,24.190000534057617,24.350000381469727,24.15999984741211,24.170000076293945,87900,0.0,0.0,0.0
2022-11-29 00:00:00-05:00,24.3700008392334,24.510000228881836,24.360000610351562,24.440000534057617,231100,0.0,0.0,0.0
2022-11-30 00:00:00-05:00,24.700000762939453,25.100000381469727,24.579999923706055,25.100000381469727,323600,0.0,0.0,0.0
2022-12-01 00:00:00-05:00,25.09000015258789,25.18000030517578,25.09000015258789,25.18000030517578,2300,0.0,0.0,0.0
2022-12-02 00:00:00-05:00,24.860000610351562,25.18000030517578,24.860000610351562,25.1299991607666,35300,0.0,0.0,0.0
2022-12-05 00:00:00-05:00,25.149999618530273,25.149999618530273,24.780000686645508,24.860000610351562,5800,0.0,0.0,0.0
2022-12-06 00:00:00-05:00,24.81999969482422,24.81999969482422,24.549999237060547,24.65999984741211,19800,0.0,0.0,0.0
2022-12-07 00:00:00-05:00,24.65999984741211,24.760000228881836,24.59000015258789,24.700000762939453,20100,0.0,0.0,0.0
2022-12-08 00:00:00-05:00,24.6299991607666,24.790000915527344,24.6299991607666,24.75,7300,0.0,0.0,0.0
2022-12-09 00:00:00-05:00,24.889999389648438,24.979999542236328,24.790000915527344,24.799999237060547,33600,0.0,0.0,0.0
2022-12-12 00:00:00-05:00,24.670000076293945,24.829999923706055,24.670000076293945,24.829999923706055,11700,0.0,0.0,0.0
2022-12-13 00:00:00-05:00,25.399999618530273,25.420000076293945,25.059999465942383,25.110000610351562,14600,0.0,0.0,0.0
2022-12-14 00:00:00-05:00,25.1299991607666,25.200000762939453,24.959999084472656,25.030000686645508,8400,0.0,0.0,0.0
2022-12-15 00:00:00-05:00,24.510000228881836,24.540000915527344,24.31999969482422,24.399999618530273,15000,0.0,0.0,0.0
2022-12-16 00:00:00-05:00,24.1299991607666,24.200000762939453,24.0,24.110000610351562,9800,0.0,0.0,0.0
2022-12-19 00:00:00-05:00,24.209999084472656,24.209999084472656,23.889999389648438,23.959999084472656,373500,0.0,0.0,0.0
2022-12-20 00:00:00-05:00,24.030000686645508,24.079999923706055,23.920000076293945,23.989999771118164,239800,0.0,0.0,0.0
2022-12-21 00:00:00-05:00,24.200000762939453,24.3799991607666,24.15999984741211,24.329999923706055,27600,0.0,0.0,0.0
2022-12-22 00:00:00-05:00,24.25,24.25,23.860000610351562,24.040000915527344,18800,0.0,0.0,0.0
2022-12-23 00:00:00-05:00,24.010000228881836,24.139999389648438,23.950000762939453,24.139999389648438,19100,0.0,0.0,0.0
2022-12-27 00:00:00-05:00,24.280000686645508,24.360000610351562,24.25,24.309999465942383,11300,0.0,0.0,0.0
2022-12-28 00:00:00-05:00,24.3700008392334,24.3700008392334,23.969999313354492,23.979999542236328,25300,0.0,0.0,0.0
2022-12-29 00:00:00-05:00,24.299999237060547,24.479999542236328,24.299999237060547,24.469999313354492,18900,0.0,0.0,0.0
2022-12-30 00:00:00-05:00,24.270000457763672,24.3700008392334,24.1200008392334,24.149999618530273,16500,0.0,0.0,0.0
2023-01-03 00:00:00-05:00,24.549999237060547,24.59000015258789,24.31999969482422,24.34000015258789,18700,0.0,0.0,0.0
2023-01-04 00:00:00-05:00,24.690000534057617,24.809999465942383,24.579999923706055,24.790000915527344,22200,0.0,0.0,0.0
2023-01-05 00:00:00-05:00,24.649999618530273,24.760000228881836,24.649999618530273,24.690000534057617,13900,0.0,0.0,0.0
2023-01-06 00:00:00-05:00,24.84000015258789,25.329999923706055,24.780000686645508,25.299999237060547,9800,0.0,0.0,0.0
2023-01-09 00:00:00-05:00,25.510000228881836,25.68000030517578,25.479999542236328,25.5,22400,0.0,0.0,0.0
2023-01-10 00:00:00-05:00,25.540000915527344,25.6299991607666,25.450000762939453,25.6299991607666,4000,0.0,0.0,0.0
2023-01-11 00:00:00-05:00,25.780000686645508,25.899999618530273,25.719999313354492,25.899999618530273,9300,0.0,0.0,0.0
2023-01-12 00:00:00-05:00,26.040000915527344,26.229999542236328,26.010000228881836,26.209999084472656,4900,0.0,0.0,0.0
2023-01-13 00:00:00-05:00,26.18000030517578,26.34000015258789,26.15999984741211,26.34000015258789,5700,0.0,0.0,0.0
2023-01-17 00:00:00-05:00,26.34000015258789,26.479999542236328,26.34000015258789,26.389999389648438,16200,0.0,0.0,0.0
2023-01-18 00:00:00-05:00,26.65999984741211,26.65999984741211,26.299999237060547,26.299999237060547,7300,0.0,0.0,0.0
2023-01-19 00:00:00-05:00,26.299999237060547,26.360000610351562,26.149999618530273,26.299999237060547,23800,0.0,0.0,0.0
2023-01-20 00:00:00-05:00,26.360000610351562,26.59000015258789,26.219999313354492,26.59000015258789,124400,0.0,0.0,0.0
2023-01-23 00:00:00-05:00,26.600000381469727,26.829999923706055,26.600000381469727,26.829999923706055,22200,0.0,0.0,0.0
2023-01-24 00:00:00-05:00,26.6200008392334,26.81999969482422,26.6200008392334,26.809999465942383,20800,0.0,0.0,0.0
2023-01-25 00:00:00-05:00,26.6299991607666,26.889999389648438,26.549999237060547,26.860000610351562,189000,0.0,0.0,0.0
2023-01-26 00:00:00-05:00,26.959999084472656,27.06999969482422,26.809999465942383,27.06999969482422,1326700,0.0,0.0,0.0
2023-01-27 00:00:00-05:00,26.860000610351562,27.049999237060547,26.860000610351562,26.979999542236328,40500,0.0,0.0,0.0
2023-01-30 00:00:00-05:00,26.770000457763672,26.790000915527344,26.639999389648438,26.649999618530273,37900,0.0,0.0,0.0
2023-01-31 00:00:00-05:00,26.530000686645508,26.780000686645508,26.459999084472656,26.780000686645508,40500,0.0,0.0,0.0
2023-02-01 00:00:00-05:00,26.760000228881836,27.1200008392334,26.65999984741211,27.100000381469727,9100,0.0,0.0,0.0
2023-02-02 00:00:00-05:00,27.31999969482422,27.31999969482422,27.079999923706055,27.209999084472656,13700,0.0,0.0,0.0
2023-02-03 00:00:00-05:00,26.829999923706055,27.079999923706055,26.809999465942383,26.8700008392334,15000,0.0,0.0,0.0
2023-02-06 00:00:00-05:00,26.469999313354492,26.510000228881836,26.329999923706055,26.489999771118164,60200,0.0,0.0,0.0
2023-02-07 00:00:00-05:00,26.3700008392334,26.700000762939453,26.3700008392334,26.690000534057617,121200,0.0,0.0,0.0
2023-02-08 00:00:00-05:00,26.780000686645508,26.780000686645508,26.559999465942383,26.6299991607666,22000,0.0,0.0,0.0
2023-02-09 00:00:00-05:00,26.93000030517578,26.93000030517578,26.6299991607666,26.6299991607666,66200,0.0,0.0,0.0
2023-02-10 00:00:00-05:00,26.40999984741211,26.469999313354492,26.309999465942383,26.43000030517578,28400,0.0,0.0,0.0
2023-02-13 00:00:00-05:00,26.450000762939453,26.709999084472656,26.43000030517578,26.649999618530273,145200,0.0,0.0,0.0
2023-02-14 00:00:00-05:00,26.75,26.81999969482422,26.479999542236328,26.719999313354492,11700,0.0,0.0,0.0
2023-02-15 00:00:00-05:00,26.34000015258789,26.530000686645508,26.309999465942383,26.510000228881836,32200,0.0,0.0,0.0
2023-02-16 00:00:00-05:00,26.329999923706055,26.600000381469727,26.329999923706055,26.469999313354492,21400,0.0,0.0,0.0
2023-02-17 00:00:00-05:00,26.309999465942383,26.389999389648438,26.270000457763672,26.3700008392334,11800,0.0,0.0,0.0
2023-02-21 00:00:00-05:00,26.270000457763672,26.270000457763672,26.06999969482422,26.09000015258789,3000,0.0,0.0,0.0
2023-02-22 00:00:00-05:00,25.899999618530273,26.0,25.809999465942383,25.860000610351562,15100,0.0,0.0,0.0
2023-02-23 00:00:00-05:00,26.049999237060547,26.139999389648438,25.850000381469727,26.06999969482422,240000,0.0,0.0,0.0
2023-02-24 00:00:00-05:00,25.600000381469727,25.670000076293945,25.479999542236328,25.6200008392334,45700,0.0,0.0,0.0
2023-02-27 00:00:00-05:00,25.81999969482422,25.940000534057617,25.81999969482422,25.899999618530273,10400,0.0,0.0,0.0
2023-02-28 00:00:00-05:00,25.829999923706055,25.8700008392334,25.690000534057617,25.690000534057617,16900,0.0,0.0,0.0
2023-03-01 00:00:00-05:00,25.979999542236328,25.979999542236328,25.850000381469727,25.940000534057617,9800,0.0,0.0,0.0
2023-03-02 00:00:00-05:00,25.790000915527344,26.06999969482422,25.780000686645508,26.030000686645508,37000,0.0,0.0,0.0
2023-03-03 00:00:00-05:00,26.219999313354492,26.459999084472656,26.200000762939453,26.450000762939453,22500,0.0,0.0,0.0
2023-03-06 00:00:00-05:00,26.360000610351562,26.43000030517578,26.34000015258789,26.3700008392334,19000,0.0,0.0,0.0
2023-03-07 00:00:00-05:00,26.219999313354492,26.219999313354492,25.84000015258789,25.8700008392334,8500,0.0,0.0,0.0
2023-03-08 00:00:00-05:00,25.950000762939453,26.010000228881836,25.860000610351562,25.979999542236328,12000,0.0,0.0,0.0
2023-03-09 00:00:00-05:00,25.979999542236328,25.979999542236328,25.610000610351562,25.649999618530273,7900,0.0,0.0,0.0
2023-03-10 00:00:00-05:00,25.520000457763672,25.719999313354492,25.3700008392334,25.3700008392334,13900,0.0,0.0,0.0
2023-03-13 00:00:00-04:00,25.209999084472656,25.3799991607666,25.209999084472656,25.209999084472656,5400,0.0,0.0,0.0
2023-03-14 00:00:00-04:00,25.43000030517578,25.469999313354492,25.3700008392334,25.440000534057617,10700,0.0,0.0,0.0
2023-03-15 00:00:00-04:00,24.59000015258789,24.700000762939453,24.43000030517578,24.700000762939453,3600,0.0,0.0,0.0
2023-03-16 00:00:00-04:00,24.75,25.059999465942383,24.75,25.059999465942383,13700,0.0,0.0,0.0
2023-03-17 00:00:00-04:00,24.850000381469727,24.8700008392334,24.690000534057617,24.829999923706055,12400,0.0,0.0,0.0
2023-03-20 00:00:00-04:00,25.049999237060547,25.1299991607666,25.049999237060547,25.09000015258789,4000,0.0,0.0,0.0
2023-03-21 00:00:00-04:00,25.450000762939453,25.489999771118164,25.31999969482422,25.459999084472656,6400,0.0,0.0,0.0
2023-03-22 00:00:00-04:00,25.479999542236328,25.790000915527344,25.40999984741211,25.40999984741211,8600,0.0,0.0,0.0
2023-03-23 00:00:00-04:00,25.739999771118164,25.860000610351562,25.469999313354492,25.510000228881836,3300,0.0,0.0,0.0
2023-03-24 00:00:00-04:00,25.219999313354492,25.3700008392334,25.190000534057617,25.329999923706055,12900,0.0,0.0,0.0
2023-03-27 00:00:00-04:00,25.479999542236328,25.540000915527344,25.40999984741211,25.5,7300,0.0,0.0,0.0
2023-03-28 00:00:00-04:00,25.5,25.610000610351562,25.479999542236328,25.600000381469727,24400,0.0,0.0,0.0
2023-03-29 00:00:00-04:00,25.75,25.889999389648438,25.75,25.889999389648438,15400,0.0,0.0,0.0
2023-03-30 00:00:00-04:00,26.059999465942383,26.239999771118164,26.059999465942383,26.229999542236328,9000,0.0,0.0,0.0
2023-03-31 00:00:00-04:00,26.309999465942383,26.350000381469727,26.239999771118164,26.280000686645508,13900,0.0,0.0,0.0
2023-04-03 00:00:00-04:00,26.360000610351562,26.43000030517578,26.299999237060547,26.43000030517578,8900,0.0,0.0,0.0
2023-04-04 00:00:00-04:00,26.5,26.5,26.399999618530273,26.469999313354492,18900,0.0,0.0,0.0
2023-04-05 00:00:00-04:00,26.229999542236328,26.239999771118164,26.079999923706055,26.190000534057617,23400,0.0,0.0,0.0
2023-04-06 00:00:00-04:00,26.06999969482422,26.270000457763672,26.030000686645508,26.219999313354492,6400,0.0,0.0,0.0
2023-04-10 00:00:00-04:00,26.149999618530273,26.25,26.100000381469727,26.25,8600,0.0,0.0,0.0
2023-04-11 00:00:00-04:00,26.469999313354492,26.520000457763672,26.450000762939453,26.459999084472656,22600,0.0,0.0,0.0
2023-04-12 00:00:00-04:00,26.65999984741211,26.670000076293945,26.510000228881836,26.510000228881836,14600,0.0,0.0,0.0
2023-04-13 00:00:00-04:00,26.860000610351562,26.989999771118164,26.809999465942383,26.979999542236328,31300,0.0,0.0,0.0
2023-04-14 00:00:00-04:00,27.0,27.049999237060547,26.81999969482422,26.920000076293945,11700,0.0,0.0,0.0
2023-04-17 00:00:00-04:00,26.860000610351562,26.860000610351562,26.729999542236328,26.860000610351562,8000,0.0,0.0,0.0
2023-04-18 00:00:00-04:00,27.030000686645508,27.030000686645508,26.950000762939453,27.010000228881836,2200,0.0,0.0,0.0
2023-04-19 00:00:00-04:00,26.760000228881836,26.81999969482422,26.760000228881836,26.799999237060547,4900,0.0,0.0,0.0
2023-04-20 00:00:00-04:00,26.81999969482422,26.81999969482422,26.670000076293945,26.780000686645508,5300,0.0,0.0,0.0
2023-04-21 00:00:00-04:00,26.65999984741211,26.739999771118164,26.6200008392334,26.739999771118164,8400,0.0,0.0,0.0
2023-04-24 00:00:00-04:00,26.75,26.760000228881836,26.68000030517578,26.760000228881836,2900,0.0,0.0,0.0
2023-04-25 00:00:00-04:00,26.510000228881836,26.510000228881836,26.25,26.25,16200,0.0,0.0,0.0
2023-04-26 00:00:00-04:00,26.43000030517578,26.459999084472656,26.299999237060547,26.329999923706055,8000,0.0,0.0,0.0
2023-04-27 00:00:00-04:00,26.459999084472656,26.68000030517578,26.459999084472656,26.670000076293945,10900,0.0,0.0,0.0
2023-04-28 00:00:00-04:00,26.559999465942383,26.829999923706055,26.559999465942383,26.799999237060547,9400,0.0,0.0,0.0
2023-05-01 00:00:00-04:00,26.850000381469727,26.850000381469727,26.780000686645508,26.780000686645508,3900,0.0,0.0,0.0
2023-05-02 00:00:00-04:00,26.489999771118164,26.489999771118164,26.299999237060547,26.440000534057617,4900,0.0,0.0,0.0
2023-05-03 00:00:00-04:00,26.469999313354492,26.579999923706055,26.469999313354492,26.469999313354492,17900,0.0,0.0,0.0
2023-05-04 00:00:00-04:00,26.450000762939453,26.520000457763672,26.40999984741211,26.469999313354492,11900,0.0,0.0,0.0
2023-05-05 00:00:00-04:00,26.559999465942383,26.940000534057617,26.559999465942383,26.90999984741211,9200,0.0,0.0,0.0
2023-05-08 00:00:00-04:00,26.959999084472656,26.959999084472656,26.940000534057617,26.940000534057617,3200,0.0,0.0,0.0
2023-05-09 00:00:00-04:00,26.639999389648438,26.719999313354492,26.639999389648438,26.719999313354492,7300,0.0,0.0,0.0
2023-05-10 00:00:00-04:00,26.719999313354492,26.739999771118164,26.549999237060547,26.670000076293945,6900,0.0,0.0,0.0
2023-05-11 00:00:00-04:00,26.40999984741211,26.559999465942383,26.3799991607666,26.559999465942383,19600,0.0,0.0,0.0
2023-05-12 00:00:00-04:00,26.530000686645508,26.530000686645508,26.3700008392334,26.420000076293945,5400,0.0,0.0,0.0
2023-05-15 00:00:00-04:00,26.5,26.690000534057617,26.5,26.690000534057617,5300,0.0,0.0,0.0
2023-05-16 00:00:00-04:00,26.520000457763672,26.520000457763672,26.360000610351562,26.360000610351562,1700,0.0,0.0,0.0
2023-05-17 00:00:00-04:00,26.299999237060547,26.459999084472656,26.290000915527344,26.450000762939453,5900,0.0,0.0,0.0
2023-05-18 00:00:00-04:00,26.34000015258789,26.450000762939453,26.290000915527344,26.43000030517578,6400,0.0,0.0,0.0
2023-05-19 00:00:00-04:00,26.600000381469727,26.600000381469727,26.540000915527344,26.600000381469727,14700,0.0,0.0,0.0
2023-05-22 00:00:00-04:00,26.65999984741211,26.68000030517578,26.6200008392334,26.65999984741211,9800,0.0,0.0,0.0
2023-05-23 00:00:00-04:00,26.440000534057617,26.440000534057617,26.260000228881836,26.260000228881836,19100,0.0,0.0,0.0
2023-05-24 00:00:00-04:00,26.020000457763672,26.020000457763672,25.81999969482422,25.84000015258789,18500,0.0,0.0,0.0
2023-05-25 00:00:00-04:00,25.850000381469727,25.889999389648438,25.770000457763672,25.8700008392334,14200,0.0,0.0,0.0
2023-05-26 00:00:00-04:00,26.100000381469727,26.270000457763672,26.100000381469727,26.239999771118164,26100,0.0,0.0,0.0
2023-05-30 00:00:00-04:00,26.209999084472656,26.219999313354492,25.959999084472656,26.010000228881836,7100,0.0,0.0,0.0
2023-05-31 00:00:00-04:00,25.709999084472656,25.739999771118164,25.520000457763672,25.739999771118164,7600,0.0,0.0,0.0
2023-06-01 00:00:00-04:00,25.799999237060547,26.079999923706055,25.790000915527344,26.06999969482422,16000,0.0,0.0,0.0
2023-06-02 00:00:00-04:00,26.459999084472656,26.549999237060547,26.459999084472656,26.540000915527344,8200,0.0,0.0,0.0
2023-06-05 00:00:00-04:00,26.489999771118164,26.510000228881836,26.440000534057617,26.450000762939453,4500,0.0,0.0,0.0
2023-06-06 00:00:00-04:00,26.579999923706055,26.700000762939453,26.579999923706055,26.700000762939453,7400,0.0,0.0,0.0
2023-06-07 00:00:00-04:00,26.549999237060547,26.600000381469727,26.459999084472656,26.5,7000,0.0,0.0,0.0
2023-06-08 00:00:00-04:00,26.600000381469727,26.760000228881836,26.600000381469727,26.760000228881836,12500,0.0,0.0,0.0
2023-06-09 00:00:00-04:00,26.799999237060547,26.809999465942383,26.760000228881836,26.780000686645508,12100,0.0,0.0,0.0
2023-06-12 00:00:00-04:00,26.8700008392334,26.940000534057617,26.860000610351562,26.93000030517578,6500,0.0,0.0,0.0
2023-06-13 00:00:00-04:00,27.239999771118164,27.290000915527344,27.229999542236328,27.229999542236328,9700,0.0,0.0,0.0
2023-06-14 00:00:00-04:00,27.40999984741211,27.479999542236328,27.25,27.43000030517578,11000,0.0,0.0,0.0
2023-06-15 00:00:00-04:00,27.3799991607666,27.6299991607666,27.3799991607666,27.6299991607666,1185100,0.0,0.0,0.0
2023-06-16 00:00:00-04:00,27.06999969482422,27.09000015258789,26.959999084472656,26.959999084472656,30900,0.0,0.0,0.0
2023-06-20 00:00:00-04:00,26.700000762939453,26.760000228881836,26.559999465942383,26.649999618530273,40200,0.0,0.0,0.0
2023-06-21 00:00:00-04:00,26.520000457763672,26.610000610351562,26.469999313354492,26.549999237060547,122300,0.0,0.0,0.0
2023-06-22 00:00:00-04:00,26.25,26.34000015258789,26.25,26.329999923706055,6600,0.0,0.0,0.0
2023-06-23 00:00:00-04:00,25.809999465942383,25.90999984741211,25.799999237060547,25.850000381469727,12400,0.0,0.0,0.0
2023-06-26 00:00:00-04:00,25.969999313354492,26.059999465942383,25.899999618530273,26.040000915527344,17000,0.0,0.0,0.0
2023-06-27 00:00:00-04:00,26.110000610351562,26.25,26.09000015258789,26.239999771118164,9200,0.0,0.0,0.0
2023-06-28 00:00:00-04:00,26.18000030517578,26.280000686645508,26.18000030517578,26.25,4800,0.0,0.0,0.0
2023-06-29 00:00:00-04:00,26.190000534057617,26.239999771118164,26.18000030517578,26.239999771118164,3200,0.0,0.0,0.0
2023-06-30 00:00:00-04:00,26.489999771118164,26.530000686645508,26.459999084472656,26.459999084472656,5200,0.0,0.0,0.0
2023-07-03 00:00:00-04:00,26.59000015258789,26.610000610351562,26.549999237060547,26.610000610351562,4200,0.0,0.0,0.0
2023-07-05 00:00:00-04:00,26.440000534057617,26.440000534057617,26.290000915527344,26.290000915527344,4100,0.0,0.0,0.0
2023-07-06 00:00:00-04:00,25.729999542236328,25.799999237060547,25.729999542236328,25.799999237060547,4700,0.0,0.0,0.0
2023-07-07 00:00:00-04:00,26.15999984741211,26.15999984741211,26.059999465942383,26.059999465942383,1700,0.0,0.0,0.0
2023-07-10 00:00:00-04:00,25.899999618530273,26.100000381469727,25.899999618530273,26.100000381469727,1600,0.0,0.0,0.0
2023-07-11 00:00:00-04:00,26.309999465942383,26.350000381469727,26.280000686645508,26.350000381469727,1600,0.0,0.0,0.0
2023-07-12 00:00:00-04:00,26.780000686645508,26.860000610351562,26.780000686645508,26.860000610351562,1100,0.0,0.0,0.0
2023-07-13 00:00:00-04:00,27.239999771118164,27.34000015258789,27.239999771118164,27.34000015258789,4200,0.0,0.0,0.0
2023-07-14 00:00:00-04:00,27.329999923706055,27.34000015258789,27.190000534057617,27.260000228881836,4200,0.0,0.0,0.0
2023-07-17 00:00:00-04:00,27.059999465942383,27.18000030517578,27.010000228881836,27.18000030517578,4700,0.0,0.0,0.0
2023-07-18 00:00:00-04:00,27.06999969482422,27.270000457763672,27.06999969482422,27.219999313354492,8200,0.0,0.0,0.0
2023-07-19 00:00:00-04:00,27.209999084472656,27.270000457763672,27.149999618530273,27.200000762939453,3800,0.0,0.0,0.0
2023-07-20 00:00:00-04:00,27.1200008392334,27.1200008392334,26.950000762939453,27.020000457763672,6100,0.0,0.0,0.0
2023-07-21 00:00:00-04:00,26.969999313354492,26.989999771118164,26.969999313354492,26.979999542236328,400,0.0,0.0,0.0
2023-07-24 00:00:00-04:00,27.1200008392334,27.1200008392334,27.040000915527344,27.06999969482422,3400,0.0,0.0,0.0
2023-07-25 00:00:00-04:00,27.260000228881836,27.309999465942383,27.25,27.280000686645508,5500,0.0,0.0,0.0
2023-07-26 00:00:00-04:00,27.1200008392334,27.360000610351562,27.1200008392334,27.360000610351562,14600,0.0,0.0,0.0
2023-07-27 00:00:00-04:00,27.649999618530273,27.649999618530273,27.25,27.25,6600,0.0,0.0,0.0
2023-07-28 00:00:00-04:00,27.600000381469727,27.649999618530273,27.549999237060547,27.6200008392334,11700,0.0,0.0,0.0
2023-07-31 00:00:00-04:00,27.610000610351562,27.610000610351562,27.579999923706055,27.600000381469727,1000,0.0,0.0,0.0
2023-08-01 00:00:00-04:00,27.219999313354492,27.219999313354492,27.110000610351562,27.170000076293945,129000,0.0,0.0,0.0
2023-08-02 00:00:00-04:00,26.56999969482422,26.649999618530273,26.56999969482422,26.610000610351562,17600,0.0,0.0,0.0
2023-08-03 00:00:00-04:00,26.479999542236328,26.719999313354492,26.479999542236328,26.6200008392334,3900,0.0,0.0,0.0
2023-08-04 00:00:00-04:00,26.90999984741211,26.959999084472656,26.709999084472656,26.709999084472656,2400,0.0,0.0,0.0
2023-08-07 00:00:00-04:00,26.729999542236328,26.829999923706055,26.729999542236328,26.829999923706055,102500,0.0,0.0,0.0
2023-08-08 00:00:00-04:00,26.3799991607666,26.59000015258789,26.34000015258789,26.59000015258789,6300,0.0,0.0,0.0
2023-08-09 00:00:00-04:00,26.6299991607666,26.6299991607666,26.530000686645508,26.549999237060547,2000,0.0,0.0,0.0
2023-08-10 00:00:00-04:00,26.809999465942383,26.889999389648438,26.610000610351562,26.649999618530273,7900,0.0,0.0,0.0
2023-08-11 00:00:00-04:00,26.440000534057617,26.479999542236328,26.3799991607666,26.399999618530273,3400,0.0,0.0,0.0
2023-08-14 00:00:00-04:00,26.1299991607666,26.31999969482422,26.1299991607666,26.299999237060547,8900,0.0,0.0,0.0
2023-08-15 00:00:00-04:00,26.15999984741211,26.15999984741211,25.940000534057617,25.940000534057617,4900,0.0,0.0,0.0
2023-08-16 00:00:00-04:00,25.959999084472656,25.959999084472656,25.75,25.75,4700,0.0,0.0,0.0
2023-08-17 00:00:00-04:00,25.809999465942383,25.829999923706055,25.639999389648438,25.670000076293945,5300,0.0,0.0,0.0
2023-08-18 00:00:00-04:00,25.450000762939453,25.65999984741211,25.450000762939453,25.65999984741211,4200,0.0,0.0,0.0
2023-08-21 00:00:00-04:00,25.65999984741211,25.729999542236328,25.540000915527344,25.709999084472656,19700,0.0,0.0,0.0
2023-08-22 00:00:00-04:00,25.799999237060547,25.799999237060547,25.6200008392334,25.6200008392334,1000,0.0,0.0,0.0
2023-08-23 00:00:00-04:00,25.84000015258789,25.979999542236328,25.84000015258789,25.940000534057617,12900,0.0,0.0,0.0
2023-08-24 00:00:00-04:00,25.690000534057617,25.709999084472656,25.600000381469727,25.600000381469727,3100,0.0,0.0,0.0
2023-08-25 00:00:00-04:00,25.65999984741211,25.709999084472656,25.579999923706055,25.700000762939453,900,0.0,0.0,0.0
2023-08-28 00:00:00-04:00,25.920000076293945,26.0,25.899999618530273,26.0,9000,0.0,0.0,0.0
2023-08-29 00:00:00-04:00,26.229999542236328,26.350000381469727,26.15999984741211,26.350000381469727,3500,0.0,0.0,0.0
2023-08-30 00:00:00-04:00,26.43000030517578,26.440000534057617,26.3799991607666,26.420000076293945,3700,0.0,0.0,0.0
2023-08-31 00:00:00-04:00,26.209999084472656,26.209999084472656,26.149999618530273,26.200000762939453,3200,0.0,0.0,0.0
2023-09-01 00:00:00-04:00,26.280000686645508,26.309999465942383,26.239999771118164,26.309999465942383,2300,0.0,0.0,0.0
2023-09-05 00:00:00-04:00,26.260000228881836,26.260000228881836,26.219999313354492,26.219999313354492,900,0.0,0.0,0.0
2023-09-06 00:00:00-04:00,26.190000534057617,26.190000534057617,26.020000457763672,26.09000015258789,1500,0.0,0.0,0.0
2023-09-07 00:00:00-04:00,25.920000076293945,25.920000076293945,25.8700008392334,25.920000076293945,1800,0.0,0.0,0.0
2023-09-08 00:00:00-04:00,25.940000534057617,25.969999313354492,25.889999389648438,25.889999389648438,1000,0.0,0.0,0.0
2023-09-11 00:00:00-04:00,26.149999618530273,26.18000030517578,26.139999389648438,26.18000030517578,2100,0.0,0.0,0.0
2023-09-12 00:00:00-04:00,26.139999389648438,26.139999389648438,26.110000610351562,26.110000610351562,1000,0.0,0.0,0.0
2023-09-13 00:00:00-04:00,26.020000457763672,26.09000015258789,26.020000457763672,26.049999237060547,1100,0.0,0.0,0.0
2023-09-14 00:00:00-04:00,26.219999313354492,26.389999389648438,26.219999313354492,26.3700008392334,8300,0.0,0.0,0.0
2023-09-15 00:00:00-04:00,25.940000534057617,25.940000534057617,25.90999984741211,25.90999984741211,600,0.0,0.0,0.0
2023-09-18 00:00:00-04:00,25.799999237060547,25.8799991607666,25.760000228881836,25.829999923706055,1900,0.0,0.0,0.0
2023-09-19 00:00:00-04:00,25.84000015258789,25.84000015258789,25.729999542236328,25.780000686645508,2300,0.0,0.0,0.0
2023-09-20 00:00:00-04:00,25.969999313354492,26.030000686645508,25.729999542236328,25.729999542236328,2000,0.0,0.0,0.0
2023-09-21 00:00:00-04:00,25.399999618530273,25.399999618530273,25.270000457763672,25.270000457763672,10600,0.0,0.0,0.0
2023-09-22 00:00:00-04:00,25.479999542236328,25.530000686645508,25.360000610351562,25.399999618530273,8500,0.0,0.0,0.0
2023-09-25 00:00:00-04:00,25.15999984741211,25.260000228881836,25.149999618530273,25.260000228881836,2500,0.0,0.0,0.0
2023-09-26 00:00:00-04:00,25.0,25.020000457763672,24.90999984741211,24.920000076293945,23500,0.0,0.0,0.0
2023-09-27 00:00:00-04:00,25.010000228881836,25.010000228881836,24.770000457763672,24.90999984741211,4000,0.0,0.0,0.0
2023-09-28 00:00:00-04:00,24.920000076293945,25.200000762939453,24.920000076293945,25.1299991607666,8200,0.0,0.0,0.0
2023-09-29 00:00:00-04:00,25.3799991607666,25.3799991607666,25.059999465942383,25.110000610351562,3300,0.0,0.0,0.0
2023-10-02 00:00:00-04:00,24.780000686645508,24.780000686645508,24.709999084472656,24.770000457763672,1700,0.0,0.0,0.0
2023-10-03 00:00:00-04:00,24.440000534057617,24.479999542236328,24.389999389648438,24.479999542236328,3700,0.0,0.0,0.0
2023-10-04 00:00:00-04:00,24.520000457763672,24.520000457763672,24.270000457763672,24.43000030517578,4100,0.0,0.0,0.0
2023-10-05 00:00:00-04:00,24.469999313354492,24.59000015258789,24.420000076293945,24.59000015258789,8900,0.0,0.0,0.0
2023-10-06 00:00:00-04:00,24.639999389648438,24.969999313354492,24.639999389648438,24.969999313354492,800,0.0,0.0,0.0
2023-10-09 00:00:00-04:00,24.68000030517578,24.920000076293945,24.68000030517578,24.920000076293945,1300,0.0,0.0,0.0
2023-10-10 00:00:00-04:00,25.139999389648438,25.329999923706055,25.139999389648438,25.270000457763672,3900,0.0,0.0,0.0
2023-10-11 00:00:00-04:00,25.360000610351562,25.399999618530273,25.209999084472656,25.3700008392334,9900,0.0,0.0,0.0
2023-10-12 00:00:00-04:00,25.399999618530273,25.399999618530273,25.149999618530273,25.200000762939453,2800,0.0,0.0,0.0
2023-10-13 00:00:00-04:00,25.149999618530273,25.219999313354492,25.010000228881836,25.06999969482422,9400,0.0,0.0,0.0
2023-10-16 00:00:00-04:00,25.1299991607666,25.299999237060547,25.1299991607666,25.299999237060547,2200,0.0,0.0,0.0
2023-10-17 00:00:00-04:00,25.110000610351562,25.3700008392334,25.110000610351562,25.280000686645508,800,0.0,0.0,0.0
2023-10-18 00:00:00-04:00,24.950000762939453,24.950000762939453,24.790000915527344,24.81999969482422,9300,0.0,0.0,0.0
2023-10-19 00:00:00-04:00,24.709999084472656,24.729999542236328,24.610000610351562,24.610000610351562,700,0.0,0.0,0.0
2023-10-20 00:00:00-04:00,24.459999084472656,24.459999084472656,24.290000915527344,24.290000915527344,3100,0.0,0.0,0.0
2023-10-23 00:00:00-04:00,24.399999618530273,24.399999618530273,24.299999237060547,24.299999237060547,1200,0.0,0.0,0.0
2023-10-24 00:00:00-04:00,24.3700008392334,24.540000915527344,24.3700008392334,24.489999771118164,7900,0.0,0.0,0.0
2023-10-25 00:00:00-04:00,24.299999237060547,24.31999969482422,24.270000457763672,24.280000686645508,30200,0.0,0.0,0.0
2023-10-26 00:00:00-04:00,24.170000076293945,24.170000076293945,24.049999237060547,24.09000015258789,2400,0.0,0.0,0.0
2023-10-27 00:00:00-04:00,24.31999969482422,24.31999969482422,24.110000610351562,24.110000610351562,9800,0.0,0.0,0.0
2023-10-30 00:00:00-04:00,24.31999969482422,24.459999084472656,24.31999969482422,24.459999084472656,6800,0.0,0.0,0.0
2023-10-31 00:00:00-04:00,24.360000610351562,24.469999313354492,24.360000610351562,24.469999313354492,8800,0.0,0.0,0.0
2023-11-01 00:00:00-04:00,24.5,24.729999542236328,24.5,24.729999542236328,4400,0.0,0.0,0.0
2023-11-02 00:00:00-04:00,25.15999984741211,25.329999923706055,25.15999984741211,25.280000686645508,11600,0.0,0.0,0.0
2023-11-03 00:00:00-04:00,25.559999465942383,25.719999313354492,25.540000915527344,25.670000076293945,4700,0.0,0.0,0.0
2023-11-06 00:00:00-05:00,25.549999237060547,25.56999969482422,25.459999084472656,25.510000228881836,11200,0.0,0.0,0.0
2023-11-07 00:00:00-05:00,25.360000610351562,25.360000610351562,25.239999771118164,25.270000457763672,109000,0.0,0.0,0.0
2023-11-08 00:00:00-05:00,25.34000015258789,25.34000015258789,25.270000457763672,25.329999923706055,1100,0.0,0.0,0.0
2023-11-09 00:00:00-05:00,25.479999542236328,25.600000381469727,25.280000686645508,25.280000686645508,9600,0.0,0.0,0.0
2023-11-10 00:00:00-05:00,25.25,25.5,25.200000762939453,25.5,4300,0.0,0.0,0.0
2023-11-13 00:00:00-05:00,25.3700008392334,25.56999969482422,25.3700008392334,25.540000915527344,17000,0.0,0.0,0.0
2023-11-14 00:00:00-05:00,26.059999465942383,26.329999923706055,26.059999465942383,26.309999465942383,124800,0.0,0.0,0.0
2023-11-15 00:00:00-05:00,26.3799991607666,26.420000076293945,26.3799991607666,26.420000076293945,4700,0.0,0.0,0.0
2023-11-16 00:00:00-05:00,26.290000915527344,26.299999237060547,26.170000076293945,26.229999542236328,12800,0.0,0.0,0.0
2023-11-17 00:00:00-05:00,26.40999984741211,26.559999465942383,26.40999984741211,26.559999465942383,16000,0.0,0.0,0.0
2023-11-20 00:00:00-05:00,26.6299991607666,26.739999771118164,26.6299991607666,26.729999542236328,10700,0.0,0.0,0.0
2023-11-21 00:00:00-05:00,26.6200008392334,26.6200008392334,26.559999465942383,26.559999465942383,1900,0.0,0.0,0.0
2023-11-22 00:00:00-05:00,26.5,26.59000015258789,26.479999542236328,26.579999923706055,4400,0.0,0.0,0.0
2023-11-24 00:00:00-05:00,26.6299991607666,26.760000228881836,26.6299991607666,26.760000228881836,400,0.0,0.0,0.0
2023-11-27 00:00:00-05:00,26.639999389648438,26.709999084472656,26.639999389648438,26.670000076293945,3100,0.0,0.0,0.0
2023-11-28 00:00:00-05:00,26.639999389648438,26.780000686645508,26.6299991607666,26.739999771118164,22000,0.0,0.0,0.0
2023-11-29 00:00:00-05:00,26.81999969482422,26.850000381469727,26.790000915527344,26.809999465942383,4200,0.0,0.0,0.0
2023-11-30 00:00:00-05:00,26.75,26.81999969482422,26.75,26.780000686645508,3900,0.0,0.0,0.0
2023-12-01 00:00:00-05:00,26.979999542236328,27.200000762939453,26.979999542236328,27.190000534057617,5000,0.0,0.0,0.0
2023-12-04 00:00:00-05:00,26.8799991607666,26.93000030517578,26.860000610351562,26.899999618530273,3700,0.0,0.0,0.0
2023-12-05 00:00:00-05:00,26.739999771118164,26.790000915527344,26.739999771118164,26.75,7100,0.0,0.0,0.0
2023-12-06 00:00:00-05:00,26.93000030517578,26.93000030517578,26.809999465942383,26.809999465942383,2600,0.0,0.0,0.0
2023-12-07 00:00:00-05:00,26.770000457763672,26.93000030517578,26.75,26.90999984741211,10700,0.0,0.0,0.0
2023-12-08 00:00:00-05:00,26.809999465942383,26.899999618530273,26.790000915527344,26.899999618530273,4900,0.0,0.0,0.0
2023-12-11 00:00:00-05:00,26.969999313354492,27.049999237060547,26.950000762939453,27.030000686645508,9700,0.0,0.0,0.0
2023-12-12 00:00:00-05:00,26.989999771118164,27.110000610351562,26.959999084472656,27.079999923706055,6500,0.0,0.0,0.0
2023-12-13 00:00:00-05:00,27.1200008392334,27.6299991607666,27.010000228881836,27.579999923706055,6600,0.0,0.0,0.0
2023-12-14 00:00:00-05:00,27.959999084472656,28.020000457763672,27.920000076293945,28.020000457763672,8200,0.0,0.0,0.0
2023-12-15 00:00:00-05:00,27.18000030517578,27.18000030517578,27.030000686645508,27.030000686645508,1500,0.0,0.0,0.0
2023-12-18 00:00:00-05:00,27.15999984741211,27.15999984741211,27.079999923706055,27.149999618530273,8900,0.0,0.0,0.0
2023-12-19 00:00:00-05:00,27.270000457763672,27.459999084472656,27.270000457763672,27.459999084472656,6700,0.0,0.0,0.0
2023-12-20 00:00:00-05:00,27.299999237060547,27.399999618530273,27.030000686645508,27.030000686645508,24400,0.0,0.0,0.0
2023-12-21 00:00:00-05:00,27.420000076293945,27.549999237060547,27.3700008392334,27.549999237060547,5900,0.0,0.0,0.0
2023-12-22 00:00:00-05:00,27.729999542236328,27.770000457763672,27.610000610351562,27.649999618530273,13400,0.0,0.0,0.0
2023-12-26 00:00:00-05:00,27.649999618530273,27.84000015258789,27.649999618530273,27.809999465942383,5000,0.0,0.0,0.0
2023-12-27 00:00:00-05:00,27.75,27.940000534057617,27.75,27.8700008392334,26800,0.0,0.0,0.0
2023-12-28 00:00:00-05:00,27.959999084472656,27.959999084472656,27.860000610351562,27.860000610351562,2300,0.0,0.0,0.0
2023-12-29 00:00:00-05:00,27.93000030517578,27.93000030517578,27.829999923706055,27.899999618530273,2600,0.0,0.0,0.0
2024-01-02 00:00:00-05:00,27.56999969482422,27.6299991607666,27.5,27.5,8500,0.0,0.0,0.0
2024-01-03 00:00:00-05:00,27.290000915527344,27.420000076293945,27.239999771118164,27.34000015258789,17700,0.0,0.0,0.0
2024-01-04 00:00:00-05:00,27.3799991607666,27.469999313354492,27.360000610351562,27.360000610351562,12100,0.0,0.0,0.0
2024-01-05 00:00:00-05:00,27.270000457763672,27.520000457763672,27.270000457763672,27.299999237060547,4000,0.0,0.0,0.0
2024-01-08 00:00:00-05:00,27.309999465942383,27.559999465942383,27.309999465942383,27.559999465942383,2300,0.0,0.0,0.0
2024-01-09 00:00:00-05:00,27.209999084472656,27.239999771118164,27.15999984741211,27.209999084472656,10100,0.0,0.0,0.0
2024-01-10 00:00:00-05:00,27.290000915527344,27.360000610351562,27.239999771118164,27.280000686645508,6800,0.0,0.0,0.0
2024-01-11 00:00:00-05:00,27.100000381469727,27.270000457763672,27.09000015258789,27.270000457763672,2200,0.0,0.0,0.0
2024-01-12 00:00:00-05:00,27.489999771118164,27.549999237060547,27.3799991607666,27.440000534057617,7100,0.0,0.0,0.0
2024-01-16 00:00:00-05:00,26.959999084472656,26.979999542236328,26.81999969482422,26.8799991607666,4500,0.0,0.0,0.0
2024-01-17 00:00:00-05:00,26.420000076293945,26.520000457763672,26.329999923706055,26.520000457763672,112800,0.0,0.0,0.0
2024-01-18 00:00:00-05:00,26.649999618530273,26.760000228881836,26.6200008392334,26.760000228881836,7700,0.0,0.0,0.0
2024-01-19 00:00:00-05:00,26.770000457763672,26.979999542236328,26.760000228881836,26.979999542236328,6500,0.0,0.0,0.0
2024-01-22 00:00:00-05:00,26.90999984741211,27.020000457763672,26.889999389648438,26.940000534057617,16100,0.0,0.0,0.0
2024-01-23 00:00:00-05:00,26.8799991607666,26.969999313354492,26.8799991607666,26.959999084472656,3000,0.0,0.0,0.0
2024-01-24 00:00:00-05:00,27.40999984741211,27.510000228881836,27.360000610351562,27.360000610351562,7000,0.0,0.0,0.0
2024-01-25 00:00:00-05:00,27.399999618530273,27.469999313354492,27.399999618530273,27.450000762939453,6700,0.0,0.0,0.0
2024-01-26 00:00:00-05:00,27.579999923706055,27.6200008392334,27.540000915527344,27.579999923706055,4900,0.0,0.0,0.0
2024-01-29 00:00:00-05:00,27.579999923706055,27.75,27.559999465942383,27.75,6200,0.0,0.0,0.0
2024-01-30 00:00:00-05:00,27.610000610351562,27.690000534057617,27.59000015258789,27.68000030517578,5100,0.0,0.0,0.0
2024-01-31 00:00:00-05:00,27.75,27.770000457763672,27.5,27.5,3100,0.0,0.0,0.0
2024-02-01 00:00:00-05:00,27.690000534057617,27.809999465942383,27.6299991607666,27.809999465942383,2700,0.0,0.0,0.0
2024-02-02 00:00:00-05:00,27.540000915527344,27.59000015258789,27.530000686645508,27.59000015258789,1500,0.0,0.0,0.0
2024-02-05 00:00:00-05:00,27.399999618530273,27.479999542236328,27.329999923706055,27.440000534057617,6300,0.0,0.0,0.0
2024-02-06 00:00:00-05:00,27.610000610351562,27.649999618530273,27.610000610351562,27.649999618530273,1100,0.0,0.0,0.0
2024-02-07 00:00:00-05:00,27.59000015258789,27.649999618530273,27.56999969482422,27.649999618530273,102300,0.0,0.0,0.0
2024-02-08 00:00:00-05:00,27.610000610351562,27.610000610351562,27.489999771118164,27.549999237060547,35900,0.0,0.0,0.0
2024-02-09 00:00:00-05:00,27.510000228881836,27.65999984741211,27.469999313354492,27.65999984741211,11100,0.0,0.0,0.0
2024-02-12 00:00:00-05:00,27.729999542236328,27.809999465942383,27.649999618530273,27.719999313354492,12200,0.0,0.0,0.0
2024-02-13 00:00:00-05:00,27.31999969482422,27.31999969482422,27.09000015258789,27.18000030517578,2100,0.0,0.0,0.0
2024-02-14 00:00:00-05:00,27.530000686645508,27.600000381469727,27.469999313354492,27.600000381469727,4400,0.0,0.0,0.0
2024-02-15 00:00:00-05:00,27.68000030517578,27.809999465942383,27.68000030517578,27.809999465942383,500,0.0,0.0,0.0
2024-02-16 00:00:00-05:00,27.989999771118164,28.0,27.920000076293945,27.920000076293945,3400,0.0,0.0,0.0
2024-02-20 00:00:00-05:00,27.93000030517578,27.93000030517578,27.860000610351562,27.90999984741211,5900,0.0,0.0,0.0
2024-02-21 00:00:00-05:00,27.889999389648438,27.959999084472656,27.850000381469727,27.959999084472656,5600,0.0,0.0,0.0
2024-02-22 00:00:00-05:00,28.329999923706055,28.40999984741211,28.290000915527344,28.399999618530273,8800,0.0,0.0,0.0
2024-02-23 00:00:00-05:00,28.440000534057617,28.440000534057617,28.3700008392334,28.389999389648438,38600,0.0,0.0,0.0
2024-02-26 00:00:00-05:00,28.350000381469727,28.350000381469727,28.280000686645508,28.34000015258789,3400,0.0,0.0,0.0
2024-02-27 00:00:00-05:00,28.360000610351562,28.360000610351562,28.329999923706055,28.360000610351562,4400,0.0,0.0,0.0
2024-02-28 00:00:00-05:00,28.1200008392334,28.1200008392334,28.059999465942383,28.1200008392334,6600,0.0,0.0,0.0
2024-02-29 00:00:00-05:00,28.260000228881836,28.280000686645508,28.219999313354492,28.280000686645508,4800,0.0,0.0,0.0
2024-03-01 00:00:00-05:00,28.440000534057617,28.690000534057617,28.440000534057617,28.670000076293945,1500,0.0,0.0,0.0
2024-03-04 00:00:00-05:00,28.6299991607666,28.670000076293945,28.6200008392334,28.649999618530273,6400,0.0,0.0,0.0
2024-03-05 00:00:00-05:00,28.549999237060547,28.559999465942383,28.40999984741211,28.489999771118164,2700,0.0,0.0,0.0
2024-03-06 00:00:00-05:00,28.860000610351562,28.93000030517578,28.770000457763672,28.81999969482422,4100,0.0,0.0,0.0
2024-03-07 00:00:00-05:00,29.049999237060547,29.149999618530273,29.049999237060547,29.110000610351562,9600,0.0,0.0,0.0
2024-03-08 00:00:00-05:00,29.1200008392334,29.15999984741211,28.920000076293945,28.920000076293945,17500,0.0,0.0,0.0
2024-03-11 00:00:00-04:00,28.809999465942383,28.8700008392334,28.809999465942383,28.8700008392334,1400,0.0,0.0,0.0
2024-03-12 00:00:00-04:00,28.989999771118164,29.15999984741211,28.8799991607666,29.15999984741211,1800,0.0,0.0,0.0
2024-03-13 00:00:00-04:00,29.049999237060547,29.1200008392334,29.049999237060547,29.09000015258789,4100,0.0,0.0,0.0
2024-03-14 00:00:00-04:00,28.90999984741211,28.950000762939453,28.799999237060547,28.850000381469727,2100,0.0,0.0,0.0
2024-03-15 00:00:00-04:00,28.780000686645508,28.780000686645508,28.65999984741211,28.739999771118164,2100,0.0,0.0,0.0
2024-03-18 00:00:00-04:00,28.729999542236328,28.729999542236328,28.639999389648438,28.639999389648438,3300,0.0,0.0,0.0
2024-03-19 00:00:00-04:00,28.600000381469727,28.639999389648438,28.479999542236328,28.600000381469727,11200,0.0,0.0,0.0
2024-03-20 00:00:00-04:00,28.65999984741211,29.030000686645508,28.65999984741211,29.030000686645508,3200,0.0,0.0,0.0
2024-03-21 00:00:00-04:00,29.15999984741211,29.15999984741211,29.06999969482422,29.06999969482422,7000,0.0,0.0,0.0
2024-03-22 00:00:00-04:00,28.84000015258789,28.850000381469727,28.780000686645508,28.790000915527344,6200,0.0,0.0,0.0
2024-03-25 00:00:00-04:00,28.790000915527344,28.850000381469727,28.75,28.75,10500,0.0,0.0,0.0
2024-03-26 00:00:00-04:00,28.81999969482422,28.81999969482422,28.739999771118164,28.739999771118164,1700,0.0,0.0,0.0
2024-03-27 00:00:00-04:00,28.809999465942383,28.950000762939453,28.809999465942383,28.950000762939453,14200,0.0,0.0,0.0
2024-03-28 00:00:00-04:00,28.790000915527344,28.829999923706055,28.780000686645508,28.790000915527344,5500,0.0,0.0,0.0
2024-04-01 00:00:00-04:00,28.780000686645508,28.780000686645508,28.729999542236328,28.729999542236328,2300,0.0,0.0,0.0
2024-04-02 00:00:00-04:00,28.670000076293945,28.670000076293945,28.59000015258789,28.670000076293945,3200,0.0,0.0,0.0
2024-04-03 00:00:00-04:00,28.8799991607666,28.8799991607666,28.8799991607666,28.8799991607666,500,0.0,0.0,0.0
2024-04-04 00:00:00-04:00,29.1299991607666,29.1299991607666,28.6299991607666,28.65999984741211,6200,0.0,0.0,0.0
2024-04-05 00:00:00-04:00,28.610000610351562,28.770000457763672,28.549999237060547,28.719999313354492,7400,0.0,0.0,0.0
2024-04-08 00:00:00-04:00,28.90999984741211,28.950000762939453,28.860000610351562,28.899999618530273,36000,0.0,0.0,0.0
2024-04-09 00:00:00-04:00,29.110000610351562,29.1299991607666,28.899999618530273,29.020000457763672,19200,0.0,0.0,0.0
2024-04-10 00:00:00-04:00,28.639999389648438,28.799999237060547,28.56999969482422,28.68000030517578,29700,0.0,0.0,0.0
2024-04-11 00:00:00-04:00,28.799999237060547,28.829999923706055,28.510000228881836,28.809999465942383,29700,0.0,0.0,0.0
2024-04-12 00:00:00-04:00,28.469999313354492,28.5,28.190000534057617,28.209999084472656,38100,0.0,0.0,0.0
2024-04-15 00:00:00-04:00,28.559999465942383,28.56999969482422,28.139999389648438,28.139999389648438,14300,0.0,0.0,0.0
2024-04-16 00:00:00-04:00,27.899999618530273,27.940000534057617,27.799999237060547,27.8700008392334,3800,0.0,0.0,0.0
2024-04-17 00:00:00-04:00,28.020000457763672,28.020000457763672,27.790000915527344,27.8799991607666,22500,0.0,0.0,0.0
2024-04-18 00:00:00-04:00,27.899999618530273,27.979999542236328,27.84000015258789,27.8700008392334,7000,0.0,0.0,0.0
2024-04-19 00:00:00-04:00,27.84000015258789,27.899999618530273,27.780000686645508,27.790000915527344,26500,0.0,0.0,0.0
2024-04-22 00:00:00-04:00,27.850000381469727,28.079999923706055,27.81999969482422,28.010000228881836,9300,0.0,0.0,0.0
2024-04-23 00:00:00-04:00,28.049999237060547,28.299999237060547,28.030000686645508,28.299999237060547,45400,0.0,0.0,0.0
2024-04-24 00:00:00-04:00,28.360000610351562,28.360000610351562,28.139999389648438,28.270000457763672,15000,0.0,0.0,0.0
2024-04-25 00:00:00-04:00,27.940000534057617,28.239999771118164,27.8700008392334,28.239999771118164,5900,0.0,0.0,0.0
2024-04-26 00:00:00-04:00,28.440000534057617,28.520000457763672,28.43000030517578,28.5,2900,0.0,0.0,0.0
2024-04-29 00:00:00-04:00,28.579999923706055,28.739999771118164,28.579999923706055,28.709999084472656,6300,0.0,0.0,0.0
2024-04-30 00:00:00-04:00,28.540000915527344,28.59000015258789,28.31999969482422,28.31999969482422,5900,0.0,0.0,0.0
2024-05-01 00:00:00-04:00,28.270000457763672,28.34000015258789,28.260000228881836,28.280000686645508,4200,0.0,0.0,0.0
2024-05-02 00:00:00-04:00,28.65999984741211,28.829999923706055,28.559999465942383,28.799999237060547,22400,0.0,0.0,0.0
2024-05-03 00:00:00-04:00,28.979999542236328,29.15999984741211,28.969999313354492,29.1299991607666,8400,0.0,0.0,0.0
2024-05-06 00:00:00-04:00,29.15999984741211,29.25,29.15999984741211,29.239999771118164,2000,0.0,0.0,0.0
2024-05-07 00:00:00-04:00,29.229999542236328,29.25,29.219999313354492,29.25,2200,0.0,0.0,0.0
2024-05-08 00:00:00-04:00,29.09000015258789,29.190000534057617,29.09000015258789,29.18000030517578,9300,0.0,0.0,0.0
2024-05-09 00:00:00-04:00,29.229999542236328,29.420000076293945,29.229999542236328,29.420000076293945,19700,0.0,0.0,0.0
2024-05-10 00:00:00-04:00,29.6299991607666,29.690000534057617,29.540000915527344,29.610000610351562,11900,0.0,0.0,0.0
2024-05-13 00:00:00-04:00,29.719999313354492,29.760000228881836,29.65999984741211,29.65999984741211,8600,0.0,0.0,0.0
2024-05-14 00:00:00-04:00,29.829999923706055,29.920000076293945,29.799999237060547,29.90999984741211,9600,0.0,0.0,0.0
2024-05-15 00:00:00-04:00,30.100000381469727,30.280000686645508,30.06999969482422,30.260000228881836,7800,0.0,0.0,0.0
2024-05-16 00:00:00-04:00,30.31999969482422,30.399999618530273,30.299999237060547,30.299999237060547,3900,0.0,0.0,0.0
2024-05-17 00:00:00-04:00,30.270000457763672,30.420000076293945,30.260000228881836,30.420000076293945,3400,0.0,0.0,0.0
2024-05-20 00:00:00-04:00,30.479999542236328,30.5,30.420000076293945,30.420000076293945,5700,0.0,0.0,0.0
2024-05-21 00:00:00-04:00,30.3700008392334,30.399999618530273,30.31999969482422,30.389999389648438,12000,0.0,0.0,0.0
2024-05-22 00:00:00-04:00,30.170000076293945,30.170000076293945,29.950000762939453,30.030000686645508,50300,0.0,0.0,0.0
2024-05-23 00:00:00-04:00,30.290000915527344,30.290000915527344,29.860000610351562,29.93000030517578,11000,0.0,0.0,0.0
2024-05-24 00:00:00-04:00,30.149999618530273,30.239999771118164,30.139999389648438,30.190000534057617,17500,0.0,0.0,0.0
2024-05-28 00:00:00-04:00,30.31999969482422,30.360000610351562,30.219999313354492,30.260000228881836,7300,0.0,0.0,0.0
2024-05-29 00:00:00-04:00,29.899999618530273,29.899999618530273,29.799999237060547,29.81999969482422,5600,0.0,0.0,0.0
2024-05-30 00:00:00-04:00,29.959999084472656,30.010000228881836,29.8700008392334,29.950000762939453,6000,0.0,0.0,0.0
2024-05-31 00:00:00-04:00,29.989999771118164,30.040000915527344,29.799999237060547,30.040000915527344,2800,0.0,0.0,0.0
2024-06-03 00:00:00-04:00,30.309999465942383,30.309999465942383,30.040000915527344,30.170000076293945,14200,0.0,0.0,0.0
2024-06-04 00:00:00-04:00,29.989999771118164,30.0,29.809999465942383,29.93000030517578,4800,0.0,0.0,0.0
2024-06-05 00:00:00-04:00,30.139999389648438,30.190000534057617,30.049999237060547,30.18000030517578,4300,0.0,0.0,0.0
2024-06-06 00:00:00-04:00,30.200000762939453,30.350000381469727,30.200000762939453,30.329999923706055,15500,0.0,0.0,0.0
2024-06-07 00:00:00-04:00,30.139999389648438,30.15999984741211,29.969999313354492,30.0,11200,0.0,0.0,0.0
2024-06-10 00:00:00-04:00,30.020000457763672,30.09000015258789,30.020000457763672,30.09000015258789,2700,0.0,0.0,0.0
2024-06-11 00:00:00-04:00,29.75,29.75,29.6299991607666,29.709999084472656,5500,0.0,0.0,0.0
2024-06-12 00:00:00-04:00,30.219999313354492,30.309999465942383,30.049999237060547,30.1200008392334,7400,0.0,0.0,0.0
2024-06-13 00:00:00-04:00,29.860000610351562,29.860000610351562,29.649999618530273,29.760000228881836,11700,0.0,0.0,0.0
2024-06-14 00:00:00-04:00,29.420000076293945,29.579999923706055,29.350000381469727,29.579999923706055,5400,0.0,0.0,0.0
2024-06-17 00:00:00-04:00,29.420000076293945,29.719999313354492,29.420000076293945,29.719999313354492,3100,0.0,0.0,0.0
2024-06-18 00:00:00-04:00,29.739999771118164,29.920000076293945,29.739999771118164,29.8799991607666,7800,0.0,0.0,0.0
2024-06-20 00:00:00-04:00,29.899999618530273,29.969999313354492,29.81999969482422,29.940000534057617,9700,0.0,0.0,0.0
2024-06-21 00:00:00-04:00,29.18000030517578,29.270000457763672,29.18000030517578,29.209999084472656,14500,0.0,0.0,0.0
2024-06-24 00:00:00-04:00,29.440000534057617,29.440000534057617,29.31999969482422,29.329999923706055,4000,0.0,0.0,0.0
2024-06-25 00:00:00-04:00,29.280000686645508,29.399999618530273,29.260000228881836,29.3700008392334,4900,0.0,0.0,0.0
2024-06-26 00:00:00-04:00,29.200000762939453,29.25,29.15999984741211,29.229999542236328,5600,0.0,0.0,0.0
2024-06-27 00:00:00-04:00,29.290000915527344,29.329999923706055,29.149999618530273,29.239999771118164,14100,0.0,0.0,0.0
2024-06-28 00:00:00-04:00,29.260000228881836,29.3700008392334,29.170000076293945,29.280000686645508,20500,0.0,0.0,0.0
2024-07-01 00:00:00-04:00,29.469999313354492,29.479999542236328,29.270000457763672,29.350000381469727,4100,0.0,0.0,0.0
2024-07-02 00:00:00-04:00,29.31999969482422,29.450000762939453,29.270000457763672,29.43000030517578,3600,0.0,0.0,0.0
2024-07-03 00:00:00-04:00,29.68000030517578,29.889999389648438,29.68000030517578,29.84000015258789,2700,0.0,0.0,0.0
2024-07-05 00:00:00-04:00,29.899999618530273,29.950000762939453,29.889999389648438,29.950000762939453,900,0.0,0.0,0.0
2024-07-08 00:00:00-04:00,29.959999084472656,29.959999084472656,29.780000686645508,29.780000686645508,2700,0.0,0.0,0.0
2024-07-09 00:00:00-04:00,29.790000915527344,29.860000610351562,29.790000915527344,29.829999923706055,3100,0.0,0.0,0.0
2024-07-10 00:00:00-04:00,29.989999771118164,30.18000030517578,29.989999771118164,30.18000030517578,3000,0.0,0.0,0.0
2024-07-11 00:00:00-04:00,30.329999923706055,30.329999923706055,30.229999542236328,30.25,3600,0.0,0.0,0.0
2024-07-12 00:00:00-04:00,30.510000228881836,30.579999923706055,30.479999542236328,30.479999542236328,4300,0.0,0.0,0.0
2024-07-15 00:00:00-04:00,30.399999618530273,30.399999618530273,30.149999618530273,30.170000076293945,4300,0.0,0.0,0.0
2024-07-16 00:00:00-04:00,30.1200008392334,30.31999969482422,30.1200008392334,30.31999969482422,8800,0.0,0.0,0.0
2024-07-17 00:00:00-04:00,29.950000762939453,29.950000762939453,29.950000762939453,29.950000762939453,400,0.0,0.0,0.0
2024-07-18 00:00:00-04:00,30.0,30.0,29.68000030517578,29.68000030517578,2500,0.0,0.0,0.0
2024-07-19 00:00:00-04:00,29.5,29.5,29.450000762939453,29.450000762939453,700,0.0,0.0,0.0
2024-07-22 00:00:00-04:00,29.700000762939453,29.75,29.649999618530273,29.75,1300,0.0,0.0,0.0
2024-07-23 00:00:00-04:00,29.5,29.530000686645508,29.440000534057617,29.450000762939453,7000,0.0,0.0,0.0
2024-07-24 00:00:00-04:00,29.299999237060547,29.309999465942383,29.030000686645508,29.030000686645508,1400,0.0,0.0,0.0
2024-07-25 00:00:00-04:00,28.809999465942383,29.010000228881836,28.65999984741211,28.780000686645508,5800,0.0,0.0,0.0
2024-07-26 00:00:00-04:00,29.09000015258789,29.219999313354492,29.09000015258789,29.219999313354492,1500,0.0,0.0,0.0
2024-07-29 00:00:00-04:00,29.06999969482422,29.06999969482422,28.979999542236328,29.010000228881836,2600,0.0,0.0,0.0
2024-07-30 00:00:00-04:00,29.110000610351562,29.110000610351562,29.0,29.030000686645508,1400,0.0,0.0,0.0
2024-07-31 00:00:00-04:00,29.510000228881836,29.56999969482422,29.469999313354492,29.559999465942383,2400,0.0,0.0,0.0
2024-08-01 00:00:00-04:00,29.290000915527344,29.290000915527344,28.709999084472656,28.799999237060547,7900,0.0,0.0,0.0
2024-08-02 00:00:00-04:00,28.350000381469727,28.350000381469727,28.049999237060547,28.219999313354492,8100,0.0,0.0,0.0
2024-08-05 00:00:00-04:00,26.850000381469727,27.739999771118164,26.850000381469727,27.610000610351562,6500,0.0,0.0,0.0
2024-08-06 00:00:00-04:00,27.479999542236328,27.770000457763672,27.399999618530273,27.700000762939453,5700,0.0,0.0,0.0
2024-08-07 00:00:00-04:00,28.309999465942383,28.34000015258789,27.860000610351562,27.8700008392334,29400,0.0,0.0,0.0
2024-08-08 00:00:00-04:00,28.209999084472656,28.489999771118164,28.200000762939453,28.489999771118164,13300,0.0,0.0,0.0
2024-08-09 00:00:00-04:00,28.389999389648438,28.559999465942383,28.31999969482422,28.559999465942383,5900,0.0,0.0,0.0
2024-08-12 00:00:00-04:00,28.59000015258789,28.739999771118164,28.59000015258789,28.639999389648438,4300,0.0,0.0,0.0
2024-08-13 00:00:00-04:00,28.739999771118164,29.030000686645508,28.739999771118164,29.030000686645508,1700,0.0,0.0,0.0
2024-08-14 00:00:00-04:00,29.010000228881836,29.030000686645508,28.989999771118164,28.989999771118164,3900,0.0,0.0,0.0
2024-08-15 00:00:00-04:00,29.309999465942383,29.43000030517578,29.309999465942383,29.399999618530273,5500,0.0,0.0,0.0
2024-08-16 00:00:00-04:00,29.5,29.649999618530273,29.5,29.639999389648438,5200,0.0,0.0,0.0
2024-08-19 00:00:00-04:00,29.829999923706055,30.030000686645508,29.829999923706055,29.989999771118164,5100,0.0,0.0,0.0
2024-08-20 00:00:00-04:00,29.90999984741211,29.90999984741211,29.809999465942383,29.84000015258789,39000,0.0,0.0,0.0
2024-08-21 00:00:00-04:00,30.059999465942383,30.1200008392334,30.0,30.040000915527344,23200,0.0,0.0,0.0
2024-08-22 00:00:00-04:00,30.1299991607666,30.1299991607666,29.81999969482422,29.81999969482422,6600,0.0,0.0,0.0
2024-08-23 00:00:00-04:00,30.309999465942383,30.440000534057617,30.299999237060547,30.440000534057617,1600,0.0,0.0,0.0
2024-08-26 00:00:00-04:00,30.399999618530273,30.399999618530273,30.239999771118164,30.290000915527344,1300,0.0,0.0,0.0
2024-08-27 00:00:00-04:00,30.34000015258789,30.5,30.34000015258789,30.450000762939453,2400,0.0,0.0,0.0
2024-08-28 00:00:00-04:00,30.399999618530273,30.420000076293945,30.200000762939453,30.280000686645508,8500,0.0,0.0,0.0
2024-08-29 00:00:00-04:00,30.440000534057617,30.56999969482422,30.3700008392334,30.3700008392334,7000,0.0,0.0,0.0
2024-08-30 00:00:00-04:00,30.450000762939453,30.469999313354492,30.3700008392334,30.399999618530273,4200,0.0,0.0,0.0
2024-09-03 00:00:00-04:00,29.920000076293945,29.920000076293945,29.719999313354492,29.780000686645508,17300,0.0,0.0,0.0
2024-09-04 00:00:00-04:00,29.540000915527344,29.690000534057617,29.540000915527344,29.6200008392334,11000,0.0,0.0,0.0
2024-09-05 00:00:00-04:00,29.59000015258789,29.65999984741211,29.59000015258789,29.600000381469727,1300,0.0,0.0,0.0
2024-09-06 00:00:00-04:00,29.440000534057617,29.440000534057617,28.969999313354492,28.989999771118164,1800,0.0,0.0,0.0
2024-09-09 00:00:00-04:00,29.229999542236328,29.34000015258789,29.229999542236328,29.239999771118164,2800,0.0,0.0,0.0
2024-09-10 00:00:00-04:00,29.09000015258789,29.09000015258789,28.850000381469727,29.059999465942383,16900,0.0,0.0,0.0
2024-09-11 00:00:00-04:00,28.8700008392334,29.3700008392334,28.8700008392334,29.3700008392334,2700,0.0,0.0,0.0
2024-09-12 00:00:00-04:00,29.520000457763672,29.59000015258789,29.520000457763672,29.59000015258789,600,0.0,0.0,0.0
2024-09-13 00:00:00-04:00,29.770000457763672,29.809999465942383,29.719999313354492,29.75,1000,0.0,0.0,0.0
2024-09-16 00:00:00-04:00,29.799999237060547,29.8799991607666,29.799999237060547,29.8799991607666,2100,0.0,0.0,0.0
2024-09-17 00:00:00-04:00,29.950000762939453,29.950000762939453,29.760000228881836,29.850000381469727,1400,0.0,0.0,0.0
2024-09-18 00:00:00-04:00,29.75,30.059999465942383,29.719999313354492,29.75,2300,0.0,0.0,0.0
2024-09-19 00:00:00-04:00,30.399999618530273,30.469999313354492,30.209999084472656,30.40999984741211,9100,0.0,0.0,0.0
2024-09-20 00:00:00-04:00,29.899999618530273,29.950000762939453,29.899999618530273,29.920000076293945,2500,0.0,0.0,0.0
2024-09-23 00:00:00-04:00,30.1200008392334,30.1200008392334,30.1200008392334,30.1200008392334,400,0.0,0.0,0.0
2024-09-24 00:00:00-04:00,30.510000228881836,30.75,30.510000228881836,30.75,3000,0.0,0.0,0.0
2024-09-25 00:00:00-04:00,30.68000030517578,30.68000030517578,30.5,30.5,4900,0.0,0.0,0.0
2024-09-26 00:00:00-04:00,31.399999618530273,31.559999465942383,31.209999084472656,31.489999771118164,23400,0.0,0.0,0.0
2024-09-27 00:00:00-04:00,31.479999542236328,31.559999465942383,31.3700008392334,31.399999618530273,4700,0.0,0.0,0.0
2024-09-30 00:00:00-04:00,31.34000015258789,31.34000015258789,31.049999237060547,31.18000030517578,8900,0.0,0.0,0.0
2024-10-01 00:00:00-04:00,31.229999542236328,31.229999542236328,30.90999984741211,31.100000381469727,2800,0.0,0.0,0.0
2024-10-02 00:00:00-04:00,31.270000457763672,31.280000686645508,31.25,31.280000686645508,1000,0.0,0.0,0.0
2024-10-03 00:00:00-04:00,30.799999237060547,30.899999618530273,30.799999237060547,30.829999923706055,1500,0.0,0.0,0.0
2024-10-04 00:00:00-04:00,30.93000030517578,31.1200008392334,30.93000030517578,31.1200008392334,12700,0.0,0.0,0.0
2024-10-07 00:00:00-04:00,31.1200008392334,31.1200008392334,31.110000610351562,31.110000610351562,700,0.0,0.0,0.0
2024-10-08 00:00:00-04:00,30.610000610351562,30.709999084472656,30.600000381469727,30.709999084472656,19300,0.0,0.0,0.0
2024-10-09 00:00:00-04:00,30.479999542236328,30.700000762939453,30.479999542236328,30.68000030517578,1200,0.0,0.0,0.0
2024-10-10 00:00:00-04:00,30.56999969482422,30.709999084472656,30.540000915527344,30.709999084472656,4500,0.0,0.0,0.0
2024-10-11 00:00:00-04:00,30.84000015258789,30.93000030517578,30.84000015258789,30.93000030517578,1500,0.0,0.0,0.0
