Date,Open,High,Low,Close,Volume,Dividends,Stock Splits,Capital Gains
2009-09-28 00:00:00-04:00,21.163667678833008,21.22297313543939,21.163667678833008,21.163667678833008,800,0.0,0.0,0.0
2009-09-29 00:00:00-04:00,21.163667678833008,21.163667678833008,21.163667678833008,21.163667678833008,0,0.0,0.0,0.0
2009-09-30 00:00:00-04:00,20.884084701538086,20.884084701538086,20.884084701538086,20.884084701538086,1000,0.0,0.0,0.0
2009-10-01 00:00:00-04:00,20.917968738833306,20.917968738833306,20.892551427702486,20.901023864746094,22000,0.0,0.0,0.0
2009-10-02 00:00:00-04:00,20.612970347772723,20.612970347772723,20.6044979095459,20.6044979095459,2200,0.0,0.0,0.0
2009-10-05 00:00:00-04:00,20.6044979095459,20.6044979095459,20.6044979095459,20.6044979095459,0,0.0,0.0,0.0
2009-10-06 00:00:00-04:00,20.6044979095459,20.6044979095459,20.6044979095459,20.6044979095459,0,0.0,0.0,0.0
2009-10-07 00:00:00-04:00,21.08740782699581,21.146713256835938,21.08740782699581,21.146713256835938,600,0.0,0.0,0.0
2009-10-08 00:00:00-04:00,21.146713256835938,21.146713256835938,21.146713256835938,21.146713256835938,0,0.0,0.0,0.0
2009-10-09 00:00:00-04:00,21.146713256835938,21.146713256835938,21.146713256835938,21.146713256835938,0,0.0,0.0,0.0
2009-10-12 00:00:00-04:00,21.502553939819336,21.502553939819336,21.502553939819336,21.502553939819336,300,0.0,0.0,0.0
2009-10-13 00:00:00-04:00,21.502553939819336,21.502553939819336,21.502553939819336,21.502553939819336,0,0.0,0.0,0.0
2009-10-14 00:00:00-04:00,21.612691374375615,21.722829818725586,21.57032919120097,21.722829818725586,13900,0.0,0.0,0.0
2009-10-15 00:00:00-04:00,21.688941688137923,21.722829818725586,21.680469251502995,21.722829818725586,1500,0.0,0.0,0.0
2009-10-16 00:00:00-04:00,21.69741794848794,21.74825096130371,21.62116762128811,21.74825096130371,14700,0.0,0.0,0.0
2009-10-19 00:00:00-04:00,21.917694091796875,21.92616491304493,21.909221654596653,21.917694091796875,2900,0.0,0.0,0.0
2009-10-20 00:00:00-04:00,21.866859684687547,21.866859684687547,21.73130392004878,21.799081802368164,1700,0.0,0.0,0.0
2009-10-21 00:00:00-04:00,21.824501812993987,21.917697018689537,21.621168140892003,21.629640579223633,53500,0.0,0.0,0.0
2009-10-22 00:00:00-04:00,21.671998977661133,21.671998977661133,21.671998977661133,21.671998977661133,100,0.0,0.0,0.0
2009-10-23 00:00:00-04:00,21.765194194636127,21.765194194636127,21.60422111425934,21.705888748168945,36700,0.0,0.0,0.0
2009-10-26 00:00:00-04:00,21.790598560789,21.790598560789,21.587265014648438,21.587265014648438,7500,0.0,0.0,0.0
2009-10-27 00:00:00-04:00,21.553383072413013,21.553383072413013,21.417827336154904,21.4432430267334,600,0.0,0.0,0.0
2009-10-28 00:00:00-04:00,21.392412910461427,21.392412910461427,21.180606842041016,21.180606842041016,4100,0.0,0.0,0.0
2009-10-29 00:00:00-04:00,21.282284860230472,21.485618591308594,21.273812419441445,21.485618591308594,2100,0.0,0.0,0.0
2009-10-30 00:00:00-04:00,21.443250573531433,21.477140327499136,21.002695083618164,21.002695083618164,13600,0.0,0.0,0.0
2009-11-02 00:00:00-05:00,21.09588053064079,21.239908697493775,21.09588053064079,21.12129783630371,9600,0.0,0.0,0.0
2009-11-03 00:00:00-05:00,21.155187884937106,21.155187884937106,21.087410012957868,21.13824462890625,1300,0.0,0.0,0.0
2009-11-04 00:00:00-05:00,21.417831908142645,21.477137353421305,20.78241365281037,21.265331268310547,6400,0.0,0.0,0.0
2009-11-05 00:00:00-05:00,21.443255558125422,21.655061721801758,21.443255558125422,21.655061721801758,2000,0.0,0.0,0.0
2009-11-06 00:00:00-05:00,21.722829818725586,21.722829818725586,21.722829818725586,21.722829818725586,100,0.0,0.0,0.0
2009-11-09 00:00:00-05:00,22.002423967283573,22.07867431640625,22.002423967283573,22.07867431640625,3500,0.0,0.0,0.0
2009-11-10 00:00:00-05:00,22.163388940458702,22.20574951171875,22.163388940458702,22.20574951171875,800,0.0,0.0,0.0
2009-11-11 00:00:00-05:00,22.34131430867698,22.383674893994133,22.29895210740708,22.31589698791504,2200,0.0,0.0,0.0
2009-11-12 00:00:00-05:00,22.23964145051749,22.265058765346648,22.180335998535156,22.180335998535156,900,0.0,0.0,0.0
2009-11-13 00:00:00-05:00,22.22269820794231,22.358253998426818,22.21422576904297,22.21422576904297,2500,0.0,0.0,0.0
2009-11-16 00:00:00-05:00,22.50227928161621,22.50227928161621,22.50227928161621,22.50227928161621,100,0.0,0.0,0.0
2009-11-17 00:00:00-05:00,22.54462957026502,22.6378231048584,22.54462957026502,22.6378231048584,900,0.0,0.0,0.0
2009-11-18 00:00:00-05:00,22.536168775528473,22.56158447265625,22.536168775528473,22.56158447265625,1800,0.0,0.0,0.0
2009-11-19 00:00:00-05:00,22.324361557989448,22.400611877441406,22.324361557989448,22.400611877441406,1200,0.0,0.0,0.0
2009-11-20 00:00:00-05:00,22.33283015131663,22.349773406982422,22.33283015131663,22.349773406982422,3300,0.0,0.0,0.0
2009-11-23 00:00:00-05:00,22.671712838129753,22.671712838129753,22.6378231048584,22.6378231048584,1400,0.0,0.0,0.0
2009-11-24 00:00:00-05:00,22.6378231048584,22.6378231048584,22.6378231048584,22.6378231048584,0,0.0,0.0,0.0
2009-11-25 00:00:00-05:00,22.654784885738657,22.72256278693347,22.654784885738657,22.71409034729004,2100,0.0,0.0,0.0
2009-11-27 00:00:00-05:00,22.3836669921875,22.3836669921875,22.3836669921875,22.3836669921875,100,0.0,0.0,0.0
2009-11-30 00:00:00-05:00,22.50228171293518,22.50228171293518,22.375198364257812,22.375198364257812,23500,0.0,0.0,0.0
2009-12-01 00:00:00-05:00,22.629358098158104,22.773386279926417,22.629358098158104,22.75644302368164,10400,0.0,0.0,0.0
2009-12-02 00:00:00-05:00,22.81574249267578,22.81574249267578,22.81574249267578,22.81574249267578,200,0.0,0.0,0.0
2009-12-03 00:00:00-05:00,22.75644730769868,22.78186300482646,22.56158447265625,22.56158447265625,3100,0.0,0.0,0.0
2009-12-04 00:00:00-05:00,22.570058570030888,22.64630889892578,22.570058570030888,22.64630889892578,400,0.0,0.0,0.0
2009-12-07 00:00:00-05:00,22.64630889892578,22.64630889892578,22.64630889892578,22.64630889892578,0,0.0,0.0,0.0
2009-12-08 00:00:00-05:00,22.451445119031085,22.451445119031085,22.307416915893555,22.307416915893555,23700,0.0,0.0,0.0
2009-12-09 00:00:00-05:00,22.34130859375,22.34130859375,22.34130859375,22.34130859375,100,0.0,0.0,0.0
2009-12-10 00:00:00-05:00,22.620887756347656,22.620887756347656,22.620887756347656,22.620887756347656,500,0.0,0.0,0.0
2009-12-11 00:00:00-05:00,22.73103141784668,22.73103141784668,22.73103141784668,22.73103141784668,300,0.0,0.0,0.0
2009-12-14 00:00:00-05:00,22.7818660736084,22.7818660736084,22.70561574004941,22.7818660736084,2200,0.0,0.0,0.0
2009-12-15 00:00:00-05:00,22.697143537458032,22.697143537458032,22.663253784179688,22.663253784179688,6300,0.0,0.0,0.0
2009-12-16 00:00:00-05:00,22.798809556715565,22.798809556715565,22.64630889892578,22.64630889892578,1400,0.0,0.0,0.0
2009-12-17 00:00:00-05:00,22.64630889892578,22.64630889892578,22.64630889892578,22.64630889892578,0,0.0,0.0,0.0
2009-12-18 00:00:00-05:00,22.52769711804686,22.52769711804686,22.392141342163086,22.392141342163086,1400,0.0,0.0,0.0
2009-12-21 00:00:00-05:00,22.73949815148491,22.764915459780006,22.73949815148491,22.75644302368164,700,0.0,0.0,0.0
2009-12-22 00:00:00-05:00,22.849639892578125,22.866584767224836,22.84116745525477,22.849639892578125,16500,0.0,0.0,0.0
2009-12-23 00:00:00-05:00,22.908334320689306,22.933853149414062,22.857295040730342,22.933853149414062,4500,0.109,0.0,0.0
2009-12-24 00:00:00-05:00,22.933853149414062,22.933853149414062,22.933853149414062,22.933853149414062,0,0.0,0.0,0.0
2009-12-28 00:00:00-05:00,23.11249550851491,23.121002326493066,23.061456223155595,23.095481872558594,5200,0.0,0.0,0.0
2009-12-29 00:00:00-05:00,23.172041025051836,23.172041025051836,23.155027389526367,23.155027389526367,500,0.0,0.0,0.0
2009-12-30 00:00:00-05:00,23.061457909526716,23.138017654418945,23.061457909526716,23.138017654418945,4700,0.0,0.0,0.0
2009-12-31 00:00:00-05:00,23.138016464513285,23.138016464513285,23.052949905395508,23.052949905395508,1500,0.0,0.0,0.0
2010-01-04 00:00:00-05:00,23.05294869351935,23.20606816738004,23.05294869351935,23.1805477142334,2500,0.0,0.0,0.0
2010-01-05 00:00:00-05:00,23.180552678864743,23.180552678864743,23.06996726989746,23.06996726989746,1900,0.0,0.0,0.0
2010-01-06 00:00:00-05:00,23.138017654418945,23.138017654418945,23.138017654418945,23.138017654418945,5100,0.0,0.0,0.0
2010-01-07 00:00:00-05:00,23.061454858093768,23.061454858093768,22.959374670907874,23.04444122314453,1700,0.0,0.0,0.0
2010-01-08 00:00:00-05:00,23.07847187095846,23.155031622308737,23.07847187095846,23.129512786865234,5800,0.0,0.0,0.0
2010-01-11 00:00:00-05:00,23.231579311737303,23.231579311737303,23.18904685974121,23.18904685974121,900,0.0,0.0,0.0
2010-01-12 00:00:00-05:00,23.18904685974121,23.18904685974121,23.18904685974121,23.18904685974121,0,0.0,0.0,0.0
2010-01-13 00:00:00-05:00,23.138014666201233,23.240093231201172,23.138014666201233,23.240093231201172,600,0.0,0.0,0.0
2010-01-14 00:00:00-05:00,23.22308648448264,23.325166702270508,23.22308648448264,23.325166702270508,4100,0.0,0.0,0.0
2010-01-15 00:00:00-05:00,23.103988105459553,23.163534207289104,23.103988105459553,23.155027389526367,5600,0.0,0.0,0.0
2010-01-19 00:00:00-05:00,23.18054909003198,23.844066308639132,23.18054909003198,23.435747146606445,250400,0.0,0.0,0.0
2010-01-20 00:00:00-05:00,23.052946880494236,23.163532257080078,22.993400783678055,23.163532257080078,6100,0.0,0.0,0.0
2010-01-21 00:00:00-05:00,22.967880164073303,22.967880164073303,22.772228240966797,22.772228240966797,42700,0.0,0.0,0.0
2010-01-22 00:00:00-05:00,22.653142249323373,22.653142249323373,22.329891204833984,22.329891204833984,1500,0.0,0.0,0.0
2010-01-25 00:00:00-05:00,22.491509103361487,22.508521114315666,22.372415291625895,22.4234561920166,51100,0.0,0.0,0.0
2010-01-26 00:00:00-05:00,22.517029974693216,22.517029974693216,22.397937774658203,22.397937774658203,1600,0.0,0.0,0.0
2010-01-27 00:00:00-05:00,22.30436955284392,22.576582908270293,22.244823439082182,22.44898223876953,194800,0.0,0.0,0.0
2010-01-28 00:00:00-05:00,22.457480690994338,22.457480690994338,22.10870933532715,22.10870933532715,2200,0.0,0.0,0.0
2010-01-29 00:00:00-05:00,22.193777919151714,22.2958564791061,21.870525360107422,21.870525360107422,4600,0.0,0.0,0.0
2010-02-01 00:00:00-05:00,22.023646680339752,22.091699600219727,22.006634667251955,22.091699600219727,4500,0.0,0.0,0.0
2010-02-02 00:00:00-05:00,22.151247135249413,22.355405893142226,22.07468739822591,22.33839225769043,487900,0.0,0.0,0.0
2010-02-03 00:00:00-05:00,22.26183826796727,22.329891204833984,22.210798970944737,22.329891204833984,18200,0.0,0.0,0.0
2010-02-04 00:00:00-05:00,21.938588624091757,21.938588624091757,21.776962280273438,21.776962280273438,13200,0.0,0.0,0.0
2010-02-05 00:00:00-05:00,21.73441681336419,21.7514304453984,21.48772563890514,21.547271728515625,17400,0.0,0.0,0.0
2010-02-08 00:00:00-05:00,21.734420776367188,21.734420776367188,21.734420776367188,21.734420776367188,200,0.0,0.0,0.0
2010-02-09 00:00:00-05:00,21.827997752038378,21.981117248535156,21.73442436584372,21.981117248535156,12800,0.0,0.0,0.0
2010-02-10 00:00:00-05:00,21.904558004695968,21.93858528137207,21.725919669675996,21.93858528137207,900,0.0,0.0,0.0
2010-02-11 00:00:00-05:00,21.853515815053132,22.02364730834961,21.853515815053132,22.02364730834961,200,0.0,0.0,0.0
2010-02-12 00:00:00-05:00,21.862022399902344,21.862022399902344,21.862022399902344,21.862022399902344,200,0.0,0.0,0.0
2010-02-16 00:00:00-05:00,22.25333144804518,22.38093050185652,22.219305790866827,22.329891204833984,3900,0.0,0.0,0.0
2010-02-17 00:00:00-05:00,22.44898028759524,22.457487106323242,22.38092736028101,22.457487106323242,900,0.0,0.0,0.0
2010-02-18 00:00:00-05:00,22.534045412155145,22.62761878967285,22.534045412155145,22.62761878967285,6900,0.0,0.0,0.0
2010-02-19 00:00:00-05:00,22.585084285312227,22.65313720703125,22.508524545564622,22.65313720703125,11800,0.0,0.0,0.0
2010-02-22 00:00:00-05:00,22.65313720703125,22.65313720703125,22.65313720703125,22.65313720703125,0,0.0,0.0,0.0
2010-02-23 00:00:00-05:00,22.542549048336877,22.542549048336877,22.32137667429357,22.34689712524414,3400,0.0,0.0,0.0
2010-02-24 00:00:00-05:00,22.483007431030273,22.483007431030273,22.414954504114004,22.483007431030273,2400,0.0,0.0,0.0
2010-02-25 00:00:00-05:00,22.21929617794901,22.35540199279785,22.21929617794901,22.35540199279785,2700,0.0,0.0,0.0
2010-02-26 00:00:00-05:00,22.517032666909643,22.542553122472547,22.508525848388672,22.508525848388672,1100,0.0,0.0,0.0
2010-03-01 00:00:00-05:00,22.687166301608443,22.687166301608443,22.67015266418457,22.67015266418457,600,0.0,0.0,0.0
2010-03-02 00:00:00-05:00,22.738204868976027,22.755218505859375,22.738204868976027,22.755218505859375,200,0.0,0.0,0.0
2010-03-03 00:00:00-05:00,22.76371955871582,22.789240007577035,22.76371955871582,22.76371955871582,900,0.0,0.0,0.0
2010-03-04 00:00:00-05:00,22.823272705078125,22.823272705078125,22.823272705078125,22.823272705078125,300,0.0,0.0,0.0
2010-03-05 00:00:00-05:00,23.010416359184457,23.010416359184457,23.001911163330078,23.001911163330078,700,0.0,0.0,0.0
2010-03-08 00:00:00-05:00,23.061452372484343,23.103984832763672,23.061452372484343,23.103984832763672,500,0.0,0.0,0.0
2010-03-09 00:00:00-05:00,23.155031622308737,23.21457935753331,23.129512786865234,23.129512786865234,13400,0.0,0.0,0.0
2010-03-10 00:00:00-05:00,23.138015248165242,23.1805477142334,23.138015248165242,23.1805477142334,900,0.0,0.0,0.0
2010-03-11 00:00:00-05:00,23.18054708872507,23.248600006103516,23.12950780631862,23.248600006103516,59200,0.0,0.0,0.0
2010-03-12 00:00:00-05:00,23.367695533731343,23.367695533731343,23.291135787963867,23.291135787963867,1900,0.0,0.0,0.0
2010-03-15 00:00:00-04:00,23.30814552307129,23.30814552307129,23.22307897284832,23.30814552307129,700,0.0,0.0,0.0
2010-03-16 00:00:00-04:00,23.35918541910308,23.4527587890625,23.35918541910308,23.4527587890625,1400,0.0,0.0,0.0
2010-03-17 00:00:00-04:00,23.35918418009014,23.588863372802734,23.35918418009014,23.588863372802734,2200,0.0,0.0,0.0
2010-03-18 00:00:00-04:00,23.588863372802734,23.588863372802734,23.588863372802734,23.588863372802734,0,0.0,0.0,0.0
2010-03-19 00:00:00-04:00,23.495298385620117,23.503803582602018,23.41873863270367,23.495298385620117,3100,0.0,0.0,0.0
2010-03-22 00:00:00-04:00,23.444257672453123,23.656923294067383,23.444257672453123,23.656923294067383,1300,0.0,0.0,0.0
2010-03-23 00:00:00-04:00,23.61439022383751,23.716468811035156,23.61439022383751,23.716468811035156,700,0.0,0.0,0.0
2010-03-24 00:00:00-04:00,23.576570794232836,23.65333978901707,23.576570794232836,23.61069107055664,4433200,0.076,0.0,0.0
2010-03-25 00:00:00-04:00,23.789820662347836,23.84100108333478,23.63628265327606,23.66187286376953,34400,0.0,0.0,0.0
2010-03-26 00:00:00-04:00,23.721578714720355,23.738638852882257,23.568040725151885,23.61069107055664,27800,0.0,0.0,0.0
2010-03-29 00:00:00-04:00,23.747177124023438,23.747177124023438,23.69599831880536,23.747177124023438,29200,0.0,0.0,0.0
2010-03-30 00:00:00-04:00,23.77276311068131,23.815411836284575,23.72158268762388,23.78982162475586,21900,0.0,0.0,0.0
2010-03-31 00:00:00-04:00,23.704525534027063,23.76423440407635,23.653345108032227,23.653345108032227,16900,0.0,0.0,0.0
2010-04-01 00:00:00-04:00,23.644806204681004,23.72157518805205,23.644806204681004,23.713045120239258,12400,0.0,0.0,0.0
2010-04-05 00:00:00-04:00,23.934826708696814,23.934826708696814,23.866587779721158,23.883647918701172,18100,0.0,0.0,0.0
2010-04-06 00:00:00-04:00,23.84100069511261,23.977478561633028,23.81541048503584,23.926298141479492,27400,0.0,0.0,0.0
2010-04-07 00:00:00-04:00,23.866592136623265,23.94336114910329,23.721584182710405,23.79835319519043,13800,0.0,0.0,0.0
2010-04-08 00:00:00-04:00,23.77275756362494,23.909235406043607,23.77275756362494,23.900705337524414,16200,0.0,0.0,0.0
2010-04-09 00:00:00-04:00,23.875119625658954,23.994537353515625,23.875119625658954,23.994537353515625,26000,0.0,0.0,0.0
2010-04-12 00:00:00-04:00,24.03718538646181,24.07130403672633,24.00306510925293,24.00306510925293,17100,0.0,0.0,0.0
2010-04-13 00:00:00-04:00,23.994531807239454,24.10542106628418,23.994531807239454,24.10542106628418,389500,0.0,0.0,0.0
2010-04-14 00:00:00-04:00,24.13101375419247,24.241901397705078,24.096893478069013,24.241901397705078,38000,0.0,0.0,0.0
2010-04-15 00:00:00-04:00,24.216315685324172,24.31014483513469,24.199257171040582,24.26749610900879,44500,0.0,0.0,0.0
2010-04-16 00:00:00-04:00,24.23337774158304,24.23337774158304,23.95189189685183,24.04572105407715,32000,0.0,0.0,0.0
2010-04-19 00:00:00-04:00,24.054252888186188,24.12249183654785,23.90924491954955,24.12249183654785,52000,0.0,0.0,0.0
2010-04-20 00:00:00-04:00,24.23337295417043,24.250433093376497,24.15660395468755,24.207782745361328,15400,0.0,0.0,0.0
2010-04-21 00:00:00-04:00,24.284556262330067,24.284556262330067,24.10542964817796,24.19925880432129,21300,0.0,0.0,0.0
2010-04-22 00:00:00-04:00,23.883651600406765,24.19072764160571,23.875121529601834,24.18219757080078,20100,0.0,0.0,0.0
2010-04-23 00:00:00-04:00,24.165138376309187,24.31014633178711,24.13101971869688,24.31014633178711,57200,0.0,0.0,0.0
2010-04-26 00:00:00-04:00,24.318673121809347,24.318673121809347,24.216313908893472,24.224843978881836,18500,0.0,0.0,0.0
2010-04-27 00:00:00-04:00,24.131019049117054,24.23337664605851,23.772764205932617,23.772764205932617,16400,0.0,0.0,0.0
2010-04-28 00:00:00-04:00,23.909241668981352,23.934830254297555,23.730113437044736,23.849531173706055,23200,0.0,0.0,0.0
2010-04-29 00:00:00-04:00,23.95188945999849,24.173666410093656,23.95188945999849,24.131017684936523,19500,0.0,0.0,0.0
2010-04-30 00:00:00-04:00,24.105428006766278,24.113958077375262,23.823942184448242,23.823942184448242,18900,0.0,0.0,0.0
2010-05-03 00:00:00-04:00,23.917771065281485,24.062777383169994,23.875120712716107,24.011598587036133,23400,0.0,0.0,0.0
2010-05-04 00:00:00-04:00,23.755704197604324,23.755704197604324,23.380389210505964,23.508337020874023,19800,0.0,0.0,0.0
2010-05-05 00:00:00-04:00,23.37186091266208,23.525398947529787,23.32921218161874,23.363330841064453,19800,0.0,0.0,0.0
2010-05-06 00:00:00-04:00,23.201259429757332,23.721580671051925,22.06678617953942,22.868593215942383,54800,0.0,0.0,0.0
2010-05-07 00:00:00-04:00,22.655347118499662,22.68946739879153,22.177674583025123,22.33974266052246,32000,0.0,0.0,0.0
2010-05-10 00:00:00-04:00,23.303616097919,23.35479488767083,23.09036924251792,23.1841983795166,25800,0.0,0.0,0.0
2010-05-11 00:00:00-04:00,23.05625167944521,23.371856129239983,23.05625167944521,23.20125961303711,56300,0.0,0.0,0.0
2010-05-12 00:00:00-04:00,23.30362019889619,23.533927233725507,23.30362019889619,23.508337020874023,17200,0.0,0.0,0.0
2010-05-13 00:00:00-04:00,23.51686792362195,23.51686792362195,23.235382080078125,23.235382080078125,19900,0.0,0.0,0.0
2010-05-14 00:00:00-04:00,22.868596622670434,22.902716906891044,22.706530153456637,22.877126693725586,14500,0.0,0.0,0.0
2010-05-17 00:00:00-04:00,22.8771277843225,22.92830658614851,22.604172005324088,22.894187927246094,72200,0.0,0.0,0.0
2010-05-18 00:00:00-04:00,23.13302464601531,23.13302464601531,22.58711147054457,22.680940628051758,44300,0.0,0.0,0.0
2010-05-19 00:00:00-04:00,22.518867774314085,22.621226981531912,22.40798012452715,22.552988052368164,22600,0.0,0.0,0.0
2010-05-20 00:00:00-04:00,22.015607135313964,22.126496422490153,21.734121322631836,21.734121322631836,25700,0.0,0.0,0.0
2010-05-21 00:00:00-04:00,21.384395523883974,21.90471839904785,21.171148657268546,21.90471839904785,123200,0.0,0.0,0.0
2010-05-24 00:00:00-04:00,21.80236025822312,21.99001855130758,21.725591252314853,21.734121322631836,16900,0.0,0.0,0.0
2010-05-25 00:00:00-04:00,21.299100714852518,21.700005945574954,21.256451983771104,21.597646713256836,26300,0.0,0.0,0.0
2010-05-26 00:00:00-04:00,21.836483989315504,21.879132720693683,21.427050311083637,21.486759185791016,31200,0.0,0.0,0.0
2010-05-27 00:00:00-04:00,21.793826701370257,22.024133682250977,21.793826701370257,22.024133682250977,22000,0.0,0.0,0.0
2010-05-28 00:00:00-04:00,21.972956923366517,21.981486993106117,21.810888852203078,21.91324806213379,26300,0.0,0.0,0.0
2010-06-01 00:00:00-04:00,21.998549036628223,22.04972783255104,21.69147300720215,21.69147300720215,25600,0.0,0.0,0.0
2010-06-02 00:00:00-04:00,21.77677491930175,22.12649971968971,21.77677491930175,22.075319290161133,15800,0.0,0.0,0.0
2010-06-03 00:00:00-04:00,22.177677017523774,22.31415489978373,22.11796814740313,22.254446029663086,14300,0.0,0.0,0.0
2010-06-04 00:00:00-04:00,21.83647776377429,21.97295561760865,21.529401779174805,21.529401779174805,18800,0.0,0.0,0.0
2010-06-07 00:00:00-04:00,21.537935940073577,21.640295163367202,21.34174919128418,21.34174919128418,47200,0.0,0.0,0.0
2010-06-08 00:00:00-04:00,21.35880986932137,21.512346267700195,21.256450643457455,21.512346267700195,15300,0.0,0.0,0.0
2010-06-09 00:00:00-04:00,21.554996081779958,21.700004032394872,21.299098837018228,21.34174919128418,55800,0.0,0.0,0.0
2010-06-10 00:00:00-04:00,21.65735853047609,21.87060546875,21.614709793599317,21.87060546875,23000,0.0,0.0,0.0
2010-06-11 00:00:00-04:00,21.776772768389066,21.87060029270109,21.751182556152344,21.751182556152344,5300,0.0,0.0,0.0
2010-06-14 00:00:00-04:00,22.135027605015534,22.152086119562068,22.007078170776367,22.007078170776367,17100,0.0,0.0,0.0
2010-06-15 00:00:00-04:00,22.117968682610496,22.39092445373535,22.083848397747527,22.39092445373535,17800,0.0,0.0,0.0
2010-06-16 00:00:00-04:00,22.20326695902084,22.467692649297675,22.20326695902084,22.407983779907227,15500,0.0,0.0,0.0
2010-06-17 00:00:00-04:00,22.450628687007143,22.450628687007143,22.331210968547868,22.44209861755371,19900,0.0,0.0,0.0
2010-06-18 00:00:00-04:00,22.50180775898291,22.51033782854332,22.467689107685683,22.476219177246094,9700,0.0,0.0,0.0
2010-06-21 00:00:00-04:00,22.70652712542621,22.766235987905098,22.322682113855524,22.3482723236084,37600,0.0,0.0,0.0
2010-06-22 00:00:00-04:00,22.476218982345017,22.501807563859945,22.135024337609327,22.143552780151367,38000,0.0,0.0,0.0
2010-06-23 00:00:00-04:00,22.10090719077963,22.109437261474557,21.99854959632975,22.049728393554688,21600,0.0,0.0,0.0
2010-06-24 00:00:00-04:00,21.870603306182616,21.981492614209518,21.734125409337864,21.768245697021484,24700,0.0,0.0,0.0
2010-06-25 00:00:00-04:00,21.674412329156386,21.87059906445285,21.674412329156386,21.776771545410156,18700,0.0,0.0,0.0
2010-06-28 00:00:00-04:00,21.62323379298036,21.75971166498711,21.62323379298036,21.657352447509766,10400,0.0,0.0,0.0
2010-06-29 00:00:00-04:00,21.341750713472944,21.341750713472944,20.804367600006017,20.940845489501953,14200,0.0,0.0,0.0
2010-06-30 00:00:00-04:00,21.017614798123216,21.08585374382057,20.702010284377245,20.753189086914062,37100,0.0,0.0,0.0
2010-07-01 00:00:00-04:00,20.574065179051523,20.75319182503629,20.44611571541096,20.70201301574707,14700,0.0,0.0,0.0
2010-07-02 00:00:00-04:00,20.799708752493896,20.799708752493896,20.54260383648926,20.55117416381836,69200,0.114,0.0,0.0
2010-07-06 00:00:00-04:00,20.91111973613543,20.97111039280948,20.585455470780822,20.73114776611328,50200,0.0,0.0,0.0
2010-07-07 00:00:00-04:00,20.868267963969785,21.36533546447754,20.868267963969785,21.36533546447754,12800,0.0,0.0,0.0
2010-07-08 00:00:00-04:00,21.5453103637559,21.579591674845584,21.38247903994855,21.55388069152832,16300,0.0,0.0,0.0
2010-07-09 00:00:00-04:00,21.5881625223677,21.725284500781974,21.5881625223677,21.699573516845703,22500,0.0,0.0,0.0
2010-07-12 00:00:00-04:00,21.75099461223518,21.776705597072347,21.656724270411523,21.7424259185791,17100,0.0,0.0,0.0
2010-07-13 00:00:00-04:00,21.95667432093067,22.136646270751953,21.95667432093067,22.136646270751953,16500,0.0,0.0,0.0
2010-07-14 00:00:00-04:00,21.999523632447644,22.119504928588867,21.982382980249593,22.119504928588867,14800,0.0,0.0,0.0
2010-07-15 00:00:00-04:00,22.050945281982422,22.05951560859742,21.905252998772813,22.050945281982422,20000,0.0,0.0,0.0
2010-07-16 00:00:00-04:00,21.879545989047614,21.879545989047614,21.519600405909273,21.562450408935547,14600,0.0,0.0,0.0
2010-07-19 00:00:00-04:00,21.58815746274243,21.742420060959635,21.58815746274243,21.613866806030273,10000,0.0,0.0,0.0
2010-07-20 00:00:00-04:00,21.39104447143226,21.965243267648667,21.373905453123626,21.956674575805664,9300,0.0,0.0,0.0
2010-07-21 00:00:00-04:00,21.896686972777665,21.939538614268926,21.62244300572554,21.665294647216797,8500,0.0,0.0,0.0
2010-07-22 00:00:00-04:00,22.033797497533207,22.248050689697266,22.033797497533207,22.248050689697266,7000,0.0,0.0,0.0
2010-07-23 00:00:00-04:00,22.17949110285365,22.368034969756053,22.119500466883697,22.359464645385742,16600,0.0,0.0,0.0
2010-07-26 00:00:00-04:00,22.350897477844164,22.522300720214844,22.342327152263383,22.522300720214844,48500,0.0,0.0,0.0
2010-07-27 00:00:00-04:00,22.616570337936196,22.616570337936196,22.428028084815445,22.505159378051758,6000,0.0,0.0,0.0
2010-07-28 00:00:00-04:00,22.43660175194414,22.47088142369804,22.325189140842973,22.385181427001953,15300,0.0,0.0,0.0
2010-07-29 00:00:00-04:00,22.522300709996994,22.522300709996994,22.145214557726053,22.265195846557617,146500,0.0,0.0,0.0
2010-07-30 00:00:00-04:00,22.076651094476258,22.290904305834193,22.076651094476258,22.27376365661621,145700,0.0,0.0,0.0
2010-08-02 00:00:00-04:00,22.590865249002487,22.770837210682664,22.513733941247345,22.7022762298584,72500,0.0,0.0,0.0
2010-08-03 00:00:00-04:00,22.650859146917192,22.70227948124405,22.608007506125677,22.633718490600586,78500,0.0,0.0,0.0
2010-08-04 00:00:00-04:00,22.71941422930249,22.84796584900085,22.702273577443368,22.83939552307129,21000,0.0,0.0,0.0
2010-08-05 00:00:00-04:00,22.659430596186482,22.796552584257743,22.659430596186482,22.770841598510742,19900,0.0,0.0,0.0
2010-08-06 00:00:00-04:00,22.53944449863537,22.685136795043945,22.445174166575335,22.685136795043945,34800,0.0,0.0,0.0
2010-08-09 00:00:00-04:00,22.753695191865475,22.87367812707741,22.727985847237836,22.84796714782715,26700,0.0,0.0,0.0
2010-08-10 00:00:00-04:00,22.633712216344065,22.7622638338371,22.599432547836425,22.74512481689453,20400,0.0,0.0,0.0
2010-08-11 00:00:00-04:00,22.25662757063281,22.25662757063281,22.10236659990997,22.136646270751953,20600,0.0,0.0,0.0
2010-08-12 00:00:00-04:00,21.76812819222323,21.956672083823033,21.71670787388803,21.888111114501953,17800,0.0,0.0,0.0
2010-08-13 00:00:00-04:00,21.86240013802313,21.92239078185127,21.84525948703725,21.888111114501953,13600,0.0,0.0,0.0
2010-08-16 00:00:00-04:00,21.810977748597587,21.84525741269183,21.802407423918453,21.836687088012695,11100,0.0,0.0,0.0
2010-08-17 00:00:00-04:00,22.008094724416683,22.239488633275055,22.008094724416683,22.162357330322266,17400,0.0,0.0,0.0
2010-08-18 00:00:00-04:00,22.093802468735724,22.239494788567743,22.093802468735724,22.179502487182617,10600,0.0,0.0,0.0
2010-08-19 00:00:00-04:00,22.05951062580331,22.05951062580331,21.768126125201913,21.836687088012695,19800,0.0,0.0,0.0
2010-08-20 00:00:00-04:00,21.70814140542754,21.750991405883248,21.605299115862014,21.73385238647461,17600,0.0,0.0,0.0
2010-08-23 00:00:00-04:00,21.845260785792185,21.89668110718445,21.639577865600586,21.639577865600586,60300,0.0,0.0,0.0
2010-08-24 00:00:00-04:00,21.365340427750407,21.433901421863954,21.305349762228932,21.32248878479004,47100,0.0,0.0,0.0
2010-08-25 00:00:00-04:00,21.11680514893883,21.40818977355957,21.11680514893883,21.40818977355957,22400,0.0,0.0,0.0
2010-08-26 00:00:00-04:00,21.296774473306908,21.305344799902826,21.1767915355867,21.185361862182617,24300,0.0,0.0,0.0
2010-08-27 00:00:00-04:00,21.288212177422682,21.48532485961914,21.288212177422682,21.48532485961914,14800,0.0,0.0,0.0
2010-08-30 00:00:00-04:00,21.468177377859302,21.536738360080648,21.27106475830078,21.27106475830078,13000,0.0,0.0,0.0
2010-08-31 00:00:00-04:00,21.228217515788355,21.271067522261088,21.05681422065149,21.159656524658203,31600,0.0,0.0,0.0
2010-09-01 00:00:00-04:00,22.67655941414314,22.67655941414314,21.511023040035656,21.7081356048584,38600,0.0,0.0,0.0
2010-09-02 00:00:00-04:00,21.810981609941795,21.95667388603537,21.810981609941795,21.939533233642578,20300,0.0,0.0,0.0
2010-09-03 00:00:00-04:00,22.239491652452205,22.239491652452205,22.119508701224493,22.196640014648438,5300,0.0,0.0,0.0
2010-09-07 00:00:00-04:00,22.179500701895783,22.179500701895783,22.050949049949836,22.128080368041992,11900,0.0,0.0,0.0
2010-09-08 00:00:00-04:00,22.09379635376674,22.230918306877786,22.09379635376674,22.162357330322266,12300,0.0,0.0,0.0
2010-09-09 00:00:00-04:00,22.213782653241385,22.256632660248393,22.179501339937385,22.222352981567383,23400,0.0,0.0,0.0
2010-09-10 00:00:00-04:00,22.239491492058956,22.33376182530168,22.222350837061068,22.325191497802734,11400,0.0,0.0,0.0
2010-09-13 00:00:00-04:00,22.505160650769355,22.590862274169922,22.453740330578018,22.590862274169922,17200,0.0,0.0,0.0
2010-09-14 00:00:00-04:00,22.530878430153173,22.7279910792462,22.530878430153173,22.62514877319336,44600,0.0,0.0,0.0
2010-09-15 00:00:00-04:00,22.51373515108391,22.685136795043945,22.51373515108391,22.685136795043945,12100,0.0,0.0,0.0
2010-09-16 00:00:00-04:00,22.66799032282076,22.73655128479004,22.650849673672873,22.73655128479004,22800,0.0,0.0,0.0
2010-09-17 00:00:00-04:00,22.839396323739823,22.86510730242984,22.719415025764903,22.805116653442383,11100,0.0,0.0,0.0
2010-09-20 00:00:00-04:00,22.85653666782902,23.14792121722766,22.85653666782902,23.13935089111328,13700,0.0,0.0,0.0
2010-09-21 00:00:00-04:00,23.105062058036456,23.216474626597837,23.062212076049484,23.165054321289062,7400,0.0,0.0,0.0
2010-09-22 00:00:00-04:00,23.062221606079937,23.13078258636385,23.045080952353285,23.087932586669922,68300,0.0,0.0,0.0
2010-09-23 00:00:00-04:00,23.14038899434291,23.166187120058662,22.96840476989746,22.96840476989746,19500,0.091,0.0,0.0
2010-09-24 00:00:00-04:00,23.28656737263493,23.432753422898045,23.28656737263493,23.38115882873535,21500,0.0,0.0,0.0
2010-09-27 00:00:00-04:00,23.424162796874437,23.501555537097495,23.424162796874437,23.492956161499023,12300,0.0,0.0,0.0
2010-09-28 00:00:00-04:00,23.191988689173364,23.39836881964747,23.140394066595707,23.33817481994629,21100,0.0,0.0,0.0
2010-09-29 00:00:00-04:00,23.44136570526508,23.44136570526508,23.33817481994629,23.33817481994629,17900,0.0,0.0,0.0
2010-09-30 00:00:00-04:00,23.535948651122688,23.587543254930313,23.191980251970808,23.329566955566406,45600,0.0,0.0,0.0
2010-10-01 00:00:00-04:00,23.449958093602717,23.48435395168234,23.295172631836945,23.36396598815918,26500,0.0,0.0,0.0
2010-10-04 00:00:00-04:00,23.320964628917782,23.320964628917782,23.097385869565677,23.18337631225586,19800,0.0,0.0,0.0
2010-10-05 00:00:00-04:00,23.49294929857502,23.6563341068905,23.415556580960462,23.639135360717773,34400,0.0,0.0,0.0
2010-10-06 00:00:00-04:00,23.613341911252462,23.69073464417227,23.58754542705455,23.64773941040039,21100,0.0,0.0,0.0
2010-10-07 00:00:00-04:00,23.759523303601437,23.759523303601437,23.51874741783411,23.639135360717773,35400,0.0,0.0,0.0
2010-10-08 00:00:00-04:00,23.630540386093244,23.871317956840326,23.596144527508244,23.86271858215332,15000,0.0,0.0,0.0
2010-10-11 00:00:00-04:00,23.879908832652887,23.879908832652887,23.845511346146957,23.854110717773438,63500,0.0,0.0,0.0
2010-10-12 00:00:00-04:00,23.768125016461934,23.879915237426758,23.768125016461934,23.879915237426758,64800,0.0,0.0,0.0
2010-10-13 00:00:00-04:00,24.103496801203992,24.215285394815762,24.103496801203992,24.20668601989746,26900,0.0,0.0,0.0
2010-10-14 00:00:00-04:00,24.15509156669412,24.19808680140049,24.026104222411956,24.12929344177246,38600,0.0,0.0,0.0
2010-10-15 00:00:00-04:00,24.370066198093685,24.370066198093685,24.189482639702884,24.258275985717773,35400,0.0,0.0,0.0
2010-10-18 00:00:00-04:00,24.387260310555835,24.499048861526873,24.361462195641398,24.46465301513672,20700,0.0,0.0,0.0
2010-10-19 00:00:00-04:00,24.137887231278935,24.249677439908325,23.974502424908195,24.051895141601562,40100,0.0,0.0,0.0
2010-10-20 00:00:00-04:00,24.180889225664746,24.421665159641698,24.172289850856565,24.36147117614746,23600,0.0,0.0,0.0
2010-10-21 00:00:00-04:00,24.413066864013672,24.49905897573374,24.24968365592496,24.413066864013672,17700,0.0,0.0,0.0
2010-10-22 00:00:00-04:00,24.41306181934112,24.456058686397913,24.404462445929763,24.438859939575195,19900,0.0,0.0,0.0
2010-10-25 00:00:00-04:00,24.60224865915997,24.739835375255183,24.55065241050199,24.55925178527832,16100,0.0,0.0,0.0
2010-10-26 00:00:00-04:00,24.490464988750457,24.576457119389858,24.490464988750457,24.56785774230957,36100,0.0,0.0,0.0
2010-10-27 00:00:00-04:00,24.413057199501573,24.490449905395508,24.284069903065838,24.490449905395508,33600,0.0,0.0,0.0
2010-10-28 00:00:00-04:00,24.47325945890018,24.550652191032267,24.361470868133285,24.51625633239746,17700,0.0,0.0,0.0
2010-10-29 00:00:00-04:00,24.464660191646196,24.54205291892961,24.44746144332479,24.481857299804688,27000,0.0,0.0,0.0
2010-11-01 00:00:00-04:00,24.63664880336855,24.73124030219827,24.473263934525395,24.54205894470215,23600,0.0,0.0,0.0
2010-11-02 00:00:00-04:00,24.748433427563672,24.81722678193521,24.731234678930054,24.78282928466797,12700,0.0,0.0,0.0
2010-11-03 00:00:00-04:00,24.843019073650407,24.860217819382562,24.662437163950795,24.817222595214844,26900,0.0,0.0,0.0
2010-11-04 00:00:00-04:00,25.12679433967647,25.31597728139402,25.12679433967647,25.298778533935547,53100,0.0,0.0,0.0
2010-11-05 00:00:00-04:00,25.30737880634448,25.367572784423828,25.272981310206056,25.367572784423828,39700,0.0,0.0,0.0
2010-11-08 00:00:00-05:00,25.28158426996889,25.33317888133138,25.272984894714618,25.324581146240234,16300,0.0,0.0,0.0
2010-11-09 00:00:00-05:00,25.462165426684823,25.462165426684823,25.204189114301,25.22138786315918,23000,0.0,0.0,0.0
2010-11-10 00:00:00-05:00,25.2643810390186,25.324576655123256,25.23858455799372,25.298778533935547,16900,0.0,0.0,0.0
2010-11-11 00:00:00-05:00,25.023608847861713,25.178394317626953,24.94621611297909,25.178394317626953,75200,0.0,0.0,0.0
2010-11-12 00:00:00-05:00,25.0579967828241,25.100993644251208,24.73122883679086,24.86021614074707,61000,0.0,0.0,0.0
2010-11-15 00:00:00-05:00,24.929015554966565,24.97201242687356,24.7656307220459,24.7656307220459,60200,0.0,0.0,0.0
2010-11-16 00:00:00-05:00,24.533448712196122,24.533448712196122,24.29267120361328,24.29267120361328,33800,0.0,0.0,0.0
2010-11-17 00:00:00-05:00,24.438862218532737,24.47325807522286,24.404464721679688,24.404464721679688,23000,0.0,0.0,0.0
2010-11-18 00:00:00-05:00,24.688236580636282,24.868820151990565,24.679638846909622,24.808626174926758,25900,0.0,0.0,0.0
2010-11-19 00:00:00-05:00,24.76563250334987,24.90321922302246,24.76563250334987,24.90321922302246,19600,0.0,0.0,0.0
2010-11-22 00:00:00-05:00,24.851624613186008,24.911818598022382,24.636645158677197,24.90321922302246,23300,0.0,0.0,0.0
2010-11-23 00:00:00-05:00,24.662441778305304,24.662441778305304,24.542053815980918,24.55065155029297,21400,0.0,0.0,0.0
2010-11-24 00:00:00-05:00,24.76563610813939,24.972017857851476,24.76563610813939,24.920421600341797,28100,0.0,0.0,0.0
2010-11-26 00:00:00-05:00,24.748433427563672,24.82582615625202,24.748433427563672,24.78282928466797,10100,0.0,0.0,0.0
2010-11-29 00:00:00-05:00,24.653838970119903,24.765627542399695,24.481854784898797,24.731231689453125,32300,0.0,0.0,0.0
2010-11-30 00:00:00-05:00,24.473266234589882,24.662449250029255,24.473266234589882,24.56785774230957,58900,0.0,0.0,0.0
2010-12-01 00:00:00-05:00,24.954806394951046,25.161186399382924,24.954806394951046,25.14398765563965,62000,0.0,0.0,0.0
2010-12-02 00:00:00-05:00,25.118195857908933,25.376172158458434,25.118195857908933,25.367572784423828,13200,0.0,0.0,0.0
2010-12-03 00:00:00-05:00,25.29017607303663,25.393366905028145,25.29017607303663,25.384767532348633,19000,0.0,0.0,0.0
2010-12-06 00:00:00-05:00,25.350371129890817,25.444962593263515,25.3245746509075,25.436363220214844,30600,0.0,0.0,0.0
2010-12-07 00:00:00-05:00,25.616946773911568,25.728735343218908,25.39336799513418,25.436363220214844,41200,0.0,0.0,0.0
2010-12-08 00:00:00-05:00,25.43636770882107,25.46216583251953,25.333176854190217,25.46216583251953,21800,0.0,0.0,0.0
2010-12-09 00:00:00-05:00,25.625547975495937,25.625547975495937,25.410568540667402,25.47076416015625,13600,0.0,0.0,0.0
2010-12-10 00:00:00-05:00,25.539555498325534,25.608348846435547,25.496558630655027,25.608348846435547,16700,0.0,0.0,0.0
2010-12-13 00:00:00-05:00,25.720136968754197,25.720136968754197,25.608348395106663,25.625545501708984,29400,0.0,0.0,0.0
2010-12-14 00:00:00-05:00,25.70293762557684,25.72873574512585,25.591149054523257,25.616947174072266,35200,0.0,0.0,0.0
2010-12-15 00:00:00-05:00,25.539552688598633,25.694336474695575,25.50515519824646,25.539552688598633,25300,0.0,0.0,0.0
2010-12-16 00:00:00-05:00,25.556752154811406,25.65994299523916,25.453562954546417,25.625545501708984,21300,0.0,0.0,0.0
2010-12-17 00:00:00-05:00,25.711537269182607,25.73733538900295,25.625545176610878,25.720136642456055,22900,0.0,0.0,0.0
2010-12-20 00:00:00-05:00,25.599748331314416,25.763131500688097,25.599748331314416,25.754533767700195,19100,0.0,0.0,0.0
2010-12-21 00:00:00-05:00,25.77173558455093,25.823331832885742,25.77173558455093,25.823331832885742,15900,0.0,0.0,0.0
2010-12-22 00:00:00-05:00,25.821606275034508,25.873369808962995,25.812978745124248,25.864742279052734,30500,0.098,0.0,0.0
2010-12-23 00:00:00-05:00,25.83023498999873,25.847488405077737,25.787097338468335,25.795724868774414,24600,0.0,0.0,0.0
2010-12-27 00:00:00-05:00,25.692196617446758,25.873369808962995,25.692196617446758,25.864742279052734,30300,0.0,0.0,0.0
2010-12-28 00:00:00-05:00,25.804350034678162,25.890623684300714,25.804350034678162,25.881996154785156,21300,0.0,0.0,0.0
2010-12-29 00:00:00-05:00,25.94239162812795,25.976901752059632,25.916510680712467,25.92513656616211,32500,0.0,0.0,0.0
2010-12-30 00:00:00-05:00,25.847486759325715,25.907879467622962,25.83886087510201,25.89925193786621,48300,0.0,0.0,0.0
2010-12-31 00:00:00-05:00,25.838858833174324,25.864739774866276,25.81297624594946,25.821603775024414,46300,0.0,0.0,0.0
2011-01-03 00:00:00-05:00,25.994149837010198,26.175324659425442,25.994149837010198,26.054542541503906,39000,0.0,0.0,0.0
2011-01-04 00:00:00-05:00,26.03728721610908,26.045914745234008,25.916505099425958,26.002777099609375,20300,0.0,0.0,0.0
2011-01-05 00:00:00-05:00,25.951015738248174,26.166699047789976,25.951015738248174,26.158071517944336,32200,0.0,0.0,0.0
2011-01-06 00:00:00-05:00,26.1753215680676,26.1753215680676,26.08904793165576,26.123558044433594,91900,0.0,0.0,0.0
2011-01-07 00:00:00-05:00,26.209830035312688,26.209830035312688,25.968265827998835,26.123558044433594,681500,0.0,0.0,0.0
2011-01-10 00:00:00-05:00,26.011398611851885,26.16669080911296,26.011398611851885,26.114927291870117,38800,0.0,0.0,0.0
2011-01-11 00:00:00-05:00,26.26160095590702,26.29610943070964,26.2012098908526,26.22709083557129,35300,0.0,0.0,0.0
2011-01-12 00:00:00-05:00,26.36512271373566,26.460023880004883,26.321986717540256,26.460023880004883,25400,0.0,0.0,0.0
2011-01-13 00:00:00-05:00,26.434146419874587,26.468656539947762,26.399637945334504,26.416893005371094,44200,0.0,0.0,0.0
2011-01-14 00:00:00-05:00,26.38237747448765,26.623943328857422,26.38237747448765,26.623943328857422,53600,0.0,0.0,0.0
2011-01-18 00:00:00-05:00,26.589431476607288,26.75335121154785,26.589431476607288,26.75335121154785,54300,0.0,0.0,0.0
2011-01-19 00:00:00-05:00,26.856882982205484,26.856882982205484,26.46865404123074,26.47728157043457,61500,0.0,0.0,0.0
2011-01-20 00:00:00-05:00,26.416887883809476,26.49453234785465,26.270223192999214,26.460023880004883,65100,0.0,0.0,0.0
2011-01-21 00:00:00-05:00,26.606693597666006,26.632576187592957,26.451401349170457,26.494537353515625,32500,0.0,0.0,0.0
2011-01-24 00:00:00-05:00,26.434143352128025,26.641199111938477,26.434143352128025,26.641199111938477,55600,0.0,0.0,0.0
2011-01-25 00:00:00-05:00,26.537674676128155,26.710220336914062,26.477283612576432,26.710220336914062,26900,0.0,0.0,0.0
2011-01-26 00:00:00-05:00,26.787866854324623,26.908650628738183,26.73610331988058,26.839632034301758,61000,0.0,0.0,0.0
2011-01-27 00:00:00-05:00,26.865512387488625,26.969041099631294,26.787866264764883,26.900022506713867,67500,0.0,0.0,0.0
2011-01-28 00:00:00-05:00,26.91728064433169,26.91728064433169,26.313366653096505,26.38238525390625,50600,0.0,0.0,0.0
2011-01-31 00:00:00-05:00,26.468655490238085,26.57218255528569,26.382381839009728,26.563556671142578,61900,0.0,0.0,0.0
2011-02-01 00:00:00-05:00,26.796493207463648,27.046686629765784,26.779239793762102,26.960412979125977,55500,0.0,0.0,0.0
2011-02-02 00:00:00-05:00,27.020808586714605,27.020808586714605,26.917281504956545,26.977672576904297,22900,0.0,0.0,0.0
2011-02-03 00:00:00-05:00,26.925902405418515,27.04668617248535,26.813747813356088,27.04668617248535,35100,0.0,0.0,0.0
2011-02-04 00:00:00-05:00,27.020801551333943,27.07256507873535,26.917274496531125,27.07256507873535,56200,0.0,0.0,0.0
2011-02-07 00:00:00-05:00,27.158844252558456,27.322764042501603,27.158844252558456,27.210609436035156,67700,0.0,0.0,0.0
2011-02-08 00:00:00-05:00,27.23648657543763,27.365896224975586,27.15021292723467,27.365896224975586,53100,0.0,0.0,0.0
2011-02-09 00:00:00-05:00,27.357269877388237,27.37452493688081,27.21060680830048,27.296878814697266,45700,0.0,0.0,0.0
2011-02-10 00:00:00-05:00,27.150212330706456,27.27099609375,27.089821271951152,27.27099609375,44700,0.0,0.0,0.0
2011-02-11 00:00:00-05:00,27.132960948548195,27.452171324583034,27.132960948548195,27.400407791137695,172700,0.0,0.0,0.0
2011-02-14 00:00:00-05:00,27.39177718675879,27.52118682861328,27.38314965789744,27.52118682861328,27300,0.0,0.0,0.0
2011-02-15 00:00:00-05:00,27.443550120694603,27.443550120694603,27.33139549812172,27.391786575317383,67900,0.0,0.0,0.0
2011-02-16 00:00:00-05:00,27.50392562226773,27.633335235192135,27.478044687002352,27.607454299926758,68500,0.0,0.0,0.0
2011-02-17 00:00:00-05:00,27.50393191828915,27.667851676467517,27.50393191828915,27.650596618652344,83400,0.0,0.0,0.0
2011-02-18 00:00:00-05:00,27.685110092163086,27.728246096400024,27.598836438156123,27.685110092163086,34800,0.0,0.0,0.0
2011-02-22 00:00:00-05:00,27.426282417380712,27.564319563511116,27.115698015821014,27.193344116210938,25900,0.0,0.0,0.0
2011-02-23 00:00:00-05:00,27.12433863487405,27.12433863487405,26.839636677875376,26.98630142211914,42300,0.0,0.0,0.0
2011-02-24 00:00:00-05:00,27.003547077314398,27.029429664340935,26.744727789180647,27.012174606323242,27800,0.0,0.0,0.0
2011-02-25 00:00:00-05:00,27.115704904421797,27.245114556103314,27.098449845388796,27.227859497070312,18400,0.0,0.0,0.0
2011-02-28 00:00:00-05:00,27.365896224975586,27.391778813096366,27.253741634184816,27.365896224975586,31100,0.0,0.0,0.0
2011-03-01 00:00:00-05:00,27.495303665113518,27.495303665113518,26.925898325019684,26.943153381347656,54700,0.0,0.0,0.0
2011-03-02 00:00:00-05:00,26.908645784342987,27.081191416603907,26.908645784342987,27.038055419921875,31100,0.0,0.0,0.0
2011-03-03 00:00:00-05:00,27.193349537942314,27.469423885246027,27.193349537942314,27.460796356201172,30300,0.0,0.0,0.0
2011-03-04 00:00:00-05:00,27.4262927639218,27.4262927639218,27.11570824519441,27.210609436035156,108000,0.0,0.0,0.0
2011-03-07 00:00:00-05:00,27.383150126039077,27.40040518405677,26.943156019785384,27.012174606323242,18900,0.0,0.0,0.0
2011-03-08 00:00:00-05:00,27.003541806132198,27.245107634626695,26.874132187326516,27.193344116210938,20500,0.0,0.0,0.0
2011-03-09 00:00:00-05:00,27.081190835818106,27.184719529380608,26.99491884430424,27.098445892333984,100700,0.0,0.0,0.0
2011-03-10 00:00:00-05:00,26.822371541982896,26.822371541982896,26.598060744110846,26.623943328857422,66000,0.0,0.0,0.0
2011-03-11 00:00:00-05:00,26.64982894552414,26.831003779483613,26.529046819906522,26.770612716674805,46300,0.0,0.0,0.0
2011-03-14 00:00:00-04:00,26.623945108860543,26.649826049804688,26.43414276576151,26.649826049804688,35900,0.0,0.0,0.0
2011-03-15 00:00:00-04:00,25.92513024022362,26.382379397546288,25.881994241367828,26.356496810913086,289500,0.0,0.0,0.0
2011-03-16 00:00:00-04:00,26.201203402941676,26.252966925094544,25.64905313302453,25.735326766967773,42000,0.0,0.0,0.0
2011-03-17 00:00:00-04:00,26.0976785420379,26.192579717852215,26.002777366223583,26.054542541503906,34700,0.0,0.0,0.0
2011-03-18 00:00:00-04:00,26.31336183577375,26.31336183577375,26.054542541503906,26.054542541503906,60400,0.0,0.0,0.0
2011-03-21 00:00:00-04:00,26.425517841857392,26.606692673990242,26.425517841857392,26.563556671142578,50400,0.0,0.0,0.0
2011-03-22 00:00:00-04:00,26.57218110061083,26.57218110061083,26.46002651202691,26.47728157043457,51800,0.0,0.0,0.0
2011-03-23 00:00:00-04:00,26.42551347019919,26.667079324568956,26.31335889402954,26.623943328857422,66000,0.0,0.0,0.0
2011-03-24 00:00:00-04:00,26.748598538475587,26.91307258605957,26.71397337909313,26.91307258605957,52900,0.104,0.0,0.0
2011-03-25 00:00:00-04:00,26.947693979881407,27.077542849938382,26.947693979881407,26.98232078552246,31100,0.0,0.0,0.0
2011-03-28 00:00:00-04:00,27.042924062631045,27.042924062631045,26.895763397216797,26.895763397216797,20500,0.0,0.0,0.0
2011-03-29 00:00:00-04:00,26.869788122855457,27.09485576479617,26.869788122855457,27.086200714111328,39400,0.0,0.0,0.0
2011-03-30 00:00:00-04:00,27.19008555486517,27.276650946170165,27.17277214638467,27.224712371826172,22800,0.0,0.0,0.0
2011-03-31 00:00:00-04:00,27.259329544262776,27.285299649368145,27.198734283447266,27.198734283447266,19800,0.0,0.0,0.0
2011-04-01 00:00:00-04:00,27.32858613566003,27.432464922579342,27.24202075507682,27.276647567749023,34300,0.0,0.0,0.0
2011-04-04 00:00:00-04:00,27.371864665963574,27.371864665963574,27.22470404110528,27.28529930114746,27800,0.0,0.0,0.0
2011-04-05 00:00:00-04:00,27.285296241274015,27.397830047147103,27.25932613941246,27.29395294189453,52700,0.0,0.0,0.0
2011-04-06 00:00:00-04:00,27.415154221761167,27.458436090775475,27.285306963620773,27.35455894470215,28800,0.0,0.0,0.0
2011-04-07 00:00:00-04:00,27.35455136089501,27.441116726021612,27.198734033886524,27.311267852783203,27600,0.0,0.0,0.0
2011-04-08 00:00:00-04:00,27.4238116160594,27.4238116160594,27.103520163560177,27.224712371826172,26800,0.0,0.0,0.0
2011-04-11 00:00:00-04:00,27.267986549453198,27.30261335664575,27.103512517482656,27.155452728271484,19400,0.0,0.0,0.0
2011-04-12 00:00:00-04:00,27.016951279043703,27.016951279043703,26.843822169916304,26.887104034423828,38600,0.0,0.0,0.0
2011-04-13 00:00:00-04:00,27.077547030080126,27.077547030080126,26.913072980088113,27.0082950592041,32600,0.0,0.0,0.0
2011-04-14 00:00:00-04:00,26.817855836861924,26.999643325805664,26.800542428182037,26.999643325805664,24700,0.0,0.0,0.0
2011-04-15 00:00:00-04:00,27.01695508338802,27.094863771349974,26.982329917125778,26.999643325805664,46200,0.0,0.0,0.0
2011-04-18 00:00:00-04:00,26.68800513753439,26.80919568049369,26.53218778167396,26.731287002563477,68900,0.0,0.0,0.0
2011-04-19 00:00:00-04:00,26.852470856446683,26.921722809642485,26.774562202714307,26.904409408569336,115100,0.0,0.0,0.0
2011-04-20 00:00:00-04:00,27.34589927276813,27.423807949416254,27.293960705368477,27.38918113708496,44500,0.0,0.0,0.0
2011-04-21 00:00:00-04:00,27.553651858668744,27.64021722792276,27.51036999959028,27.62290382385254,61600,0.0,0.0,0.0
2011-04-25 00:00:00-04:00,27.55365446962994,27.60559303566517,27.493059200739296,27.56231117248535,58300,0.0,0.0,0.0
2011-04-26 00:00:00-04:00,27.67484827763097,27.84797740190542,27.596939593823365,27.787382125854492,96600,0.0,0.0,0.0
2011-04-27 00:00:00-04:00,27.882603882392004,28.02110784058633,27.71813146397213,27.943199157714844,83600,0.0,0.0,0.0
2011-04-28 00:00:00-04:00,27.943192236508118,28.00378749682221,27.891255328921197,27.995132446289062,49400,0.0,0.0,0.0
2011-04-29 00:00:00-04:00,28.021100199350176,28.124980616314296,28.021100199350176,28.055727005004883,13000,0.0,0.0,0.0
2011-05-02 00:00:00-04:00,28.15960856613391,28.15960856613391,27.969167709350586,27.969167709350586,38000,0.0,0.0,0.0
2011-05-03 00:00:00-04:00,27.95185692484751,27.995138791711625,27.804694614875803,27.9085750579834,16300,0.0,0.0,0.0
2011-05-04 00:00:00-04:00,27.917226701430458,27.917226701430458,27.61424871708697,27.778722763061523,22000,0.0,0.0,0.0
2011-05-05 00:00:00-04:00,27.59693286263006,27.666184825668015,27.44111718411743,27.47574234008789,29100,0.0,0.0,0.0
2011-05-06 00:00:00-04:00,27.882596659456873,27.882596659456873,27.510368400170556,27.579620361328125,51600,0.0,0.0,0.0
2011-05-09 00:00:00-04:00,27.631567321483526,27.78738304314494,27.631567321483526,27.77007293701172,35700,0.0,0.0,0.0
2011-05-10 00:00:00-04:00,27.899917693573567,27.943199561973927,27.796040548973725,27.925886154174805,37300,0.0,0.0,0.0
2011-05-11 00:00:00-04:00,27.847976427246913,27.847976427246913,27.562313464746936,27.657535552978516,24900,0.0,0.0,0.0
2011-05-12 00:00:00-04:00,27.56231442940745,27.796040480830268,27.50171915335652,27.787382125854492,18400,0.0,0.0,0.0
2011-05-13 00:00:00-04:00,27.81334984231842,27.81334984231842,27.544997014422048,27.553653717041016,39600,0.0,0.0,0.0
2011-05-16 00:00:00-04:00,27.44112433382823,27.588285000013332,27.302620371665483,27.35455894470215,32000,0.0,0.0,0.0
2011-05-17 00:00:00-04:00,27.198733936331344,27.311267754824392,27.060230013064363,27.28529930114746,24800,0.0,0.0,0.0
2011-05-18 00:00:00-04:00,27.337243397209605,27.56231273088422,27.337243397209605,27.53634262084961,22500,0.0,0.0,0.0
2011-05-19 00:00:00-04:00,27.64021722792276,27.64021722792276,27.553651858668744,27.62290382385254,75900,0.0,0.0,0.0
2011-05-20 00:00:00-04:00,27.562312248160094,27.562312248160094,27.39783818968282,27.415151596069336,35000,0.0,0.0,0.0
2011-05-23 00:00:00-04:00,27.077552795410156,27.15546148562109,26.96501728683989,27.077552795410156,213100,0.0,0.0,0.0
2011-05-24 00:00:00-04:00,27.120826270933073,27.20739163893409,27.06888771057129,27.06888771057129,27000,0.0,0.0,0.0
2011-05-25 00:00:00-04:00,27.051572906807834,27.285298892985928,27.051572906807834,27.19007682800293,29000,0.0,0.0,0.0
2011-05-26 00:00:00-04:00,27.11216866875992,27.337237957650288,27.077543513367488,27.311267852783203,23200,0.0,0.0,0.0
2011-05-27 00:00:00-04:00,27.34590224067979,27.3891841096941,27.302620371665483,27.35455894470215,34500,0.0,0.0,0.0
2011-05-31 00:00:00-04:00,27.614251687061632,27.640221797460395,27.475747733796286,27.63156509399414,53700,0.0,0.0,0.0
2011-06-01 00:00:00-04:00,27.63156252793725,27.63156252793725,27.103515223215375,27.12082862854004,29500,0.0,0.0,0.0
2011-06-02 00:00:00-04:00,27.120831250570305,27.146801361068082,26.965013889778366,27.06023597717285,29100,0.0,0.0,0.0
2011-06-03 00:00:00-04:00,26.713982399234077,26.913081673427616,26.713982399234077,26.79189109802246,37900,0.0,0.0,0.0
2011-06-06 00:00:00-04:00,26.739941304960904,26.800536571000052,26.566812209291513,26.61009407043457,53500,0.0,0.0,0.0
2011-06-07 00:00:00-04:00,26.62740405754489,26.748594574067656,26.592777252197266,26.592777252197266,25900,0.0,0.0,0.0
2011-06-08 00:00:00-04:00,26.48025287388591,26.549504858163807,26.37637407192029,26.454282760620117,1606800,0.0,0.0,0.0
2011-06-09 00:00:00-04:00,26.50621694325237,26.722629551161983,26.4542767285641,26.61009407043457,17800,0.0,0.0,0.0
2011-06-10 00:00:00-04:00,26.480250415180304,26.488907118798455,26.177272392934597,26.1945858001709,143000,0.0,0.0,0.0
2011-06-13 00:00:00-04:00,26.289802547660067,26.289802547660067,26.064733252606914,26.17726707458496,11900,0.0,0.0,0.0
2011-06-14 00:00:00-04:00,26.41098837649043,26.610087530572095,26.41098837649043,26.53217887878418,19800,0.0,0.0,0.0
2011-06-15 00:00:00-04:00,26.359060237637447,26.385028697759928,26.021455396168466,26.108020782470703,71900,0.0,0.0,0.0
2011-06-16 00:00:00-04:00,26.07339296220097,26.246522066069303,25.969514179002175,26.099361419677734,22300,0.0,0.0,0.0
2011-06-17 00:00:00-04:00,26.22920336715434,26.22920336715434,26.056074298224416,26.151294708251953,16100,0.0,0.0,0.0
2011-06-20 00:00:00-04:00,26.142640422115104,26.341739600195726,26.133983720751125,26.27248764038086,18000,0.0,0.0,0.0
2011-06-21 00:00:00-04:00,26.376371130711746,26.722632664587426,26.35905937489585,26.670692443847656,35100,0.0,0.0,0.0
2011-06-22 00:00:00-04:00,26.618751790475205,26.627408493254183,26.50621795654297,26.50621795654297,37400,0.0,0.0,0.0
2011-06-23 00:00:00-04:00,26.168612812833935,26.367712020874023,26.03010887236281,26.367712020874023,15600,0.0,0.0,0.0
2011-06-24 00:00:00-04:00,26.24652166189379,26.24652166189379,26.09936101776838,26.116674423217773,23700,0.0,0.0,0.0
2011-06-27 00:00:00-04:00,26.073392732421148,26.506217964923447,26.05607932685772,26.3936824798584,109400,0.0,0.0,0.0
2011-06-28 00:00:00-04:00,26.56682170720021,26.826516269096324,26.56682170720021,26.79189109802246,14800,0.0,0.0,0.0
2011-06-29 00:00:00-04:00,26.93904804652359,27.034268492067905,26.878451116143992,26.999643325805664,30800,0.0,0.0,0.0
2011-06-30 00:00:00-04:00,27.11217698822579,27.31993293762207,27.077551822208502,27.31993293762207,15300,0.0,0.0,0.0
2011-07-01 00:00:00-04:00,27.31127296550836,27.69215965270996,27.31127296550836,27.69215965270996,15000,0.0,0.0,0.0
2011-07-05 00:00:00-04:00,27.63912881031588,27.760848252040365,27.63912881031588,27.708683013916016,34700,0.139,0.0,0.0
2011-07-06 00:00:00-04:00,27.769535799222325,27.89125686884949,27.656509210161573,27.88256072998047,23700,0.0,0.0,0.0
2011-07-07 00:00:00-04:00,28.13469346281643,28.25641286449902,28.06513762379498,28.212942123413086,23400,0.0,0.0,0.0
2011-07-08 00:00:00-04:00,27.865173415362722,28.030366897583008,27.865173415362722,28.030366897583008,16600,0.0,0.0,0.0
2011-07-11 00:00:00-04:00,27.743448720681084,27.839086336072036,27.59564588703251,27.656505584716797,31900,0.0,0.0,0.0
2011-07-12 00:00:00-04:00,27.586955715264814,27.691287826373728,27.50870704650879,27.50870704650879,46000,0.0,0.0,0.0
2011-07-13 00:00:00-04:00,27.717375546111114,27.86517843449091,27.534796385449425,27.630434036254883,21900,0.0,0.0,0.0
2011-07-14 00:00:00-04:00,27.647822006919775,27.743459660020978,27.386994154484,27.439159393310547,18400,0.0,0.0,0.0
2011-07-15 00:00:00-04:00,27.6652034309982,27.682592391967773,27.44784639378633,27.682592391967773,15300,0.0,0.0,0.0
2011-07-18 00:00:00-04:00,27.6217366788677,27.630431160609042,27.334825414614706,27.517404556274414,18000,0.0,0.0,0.0
2011-07-19 00:00:00-04:00,27.71737449145262,28.11731238644608,27.71737449145262,28.06514549255371,631300,0.0,0.0,0.0
2011-07-20 00:00:00-04:00,28.239039008704577,28.239039008704577,27.978211106077364,28.012989044189453,47500,0.0,0.0,0.0
2011-07-21 00:00:00-04:00,28.169477395454994,28.343360396916225,28.07383975468792,28.291196823120117,86400,0.0,0.0,0.0
2011-07-22 00:00:00-04:00,28.33466841069556,28.404220950014004,28.195560015452916,28.360750198364258,44600,0.0,0.0,0.0
2011-07-25 00:00:00-04:00,28.143392291951283,28.404220110748785,28.065143614651465,28.291196823120117,45700,0.0,0.0,0.0
2011-07-26 00:00:00-04:00,28.212941447119444,28.2911901058404,28.13469278839849,28.178163528442383,20600,0.0,0.0,0.0
2011-07-27 00:00:00-04:00,28.012980709195418,28.012980709195418,27.569570421715586,27.6130428314209,64300,0.0,0.0,0.0
2011-07-28 00:00:00-04:00,27.630429215877925,27.856480750334008,27.543486062886704,27.578262329101562,89800,0.0,0.0,0.0
2011-07-29 00:00:00-04:00,27.291349385373746,27.647814797965115,27.213100718385142,27.352209091186523,306300,0.0,0.0,0.0
2011-08-01 00:00:00-04:00,27.656515103140265,27.691293032816304,27.03052729369818,27.29135513305664,45000,0.0,0.0,0.0
2011-08-02 00:00:00-04:00,27.12616748354213,27.20441617434163,26.647980855511495,26.656675338745117,117000,0.0,0.0,0.0
2011-08-03 00:00:00-04:00,26.674053136119685,26.856632232666016,26.343669544794295,26.856632232666016,40200,0.0,0.0,0.0
2011-08-04 00:00:00-04:00,26.534954734278116,26.534954734278116,25.613359451293945,25.613359451293945,60900,0.0,0.0,0.0
2011-08-05 00:00:00-04:00,25.969821037134825,25.969821037134825,24.96997728151364,25.67421531677246,159900,0.0,0.0,0.0
2011-08-08 00:00:00-04:00,24.943898416301458,25.23080968925663,24.178800582885742,24.178800582885742,290100,0.0,0.0,0.0
2011-08-09 00:00:00-04:00,24.57874046202176,25.213422775268555,23.75278284571762,25.213422775268555,719300,0.0,0.0,0.0
2011-08-10 00:00:00-04:00,24.743922007738966,24.88303202419224,24.126628875732422,24.126628875732422,91300,0.0,0.0,0.0
2011-08-11 00:00:00-04:00,24.465716552753744,25.38731192258192,24.291831854179083,25.083011627197266,191200,0.0,0.0,0.0
2011-08-12 00:00:00-04:00,25.39599949001884,25.482942650457243,25.135171667006492,25.361223220825195,93200,0.0,0.0,0.0
2011-08-15 00:00:00-04:00,25.63943856671025,25.76985247088747,25.465553913908206,25.761157989501953,150200,0.0,0.0,0.0
2011-08-16 00:00:00-04:00,25.59596600316402,25.70029645578698,25.25688788638278,25.578577041625977,82100,0.0,0.0,0.0
2011-08-17 00:00:00-04:00,25.76984227609116,25.804620187874754,25.39598801592809,25.48293113708496,28400,0.0,0.0,0.0
2011-08-18 00:00:00-04:00,24.874335758238388,24.874335758238388,24.196181317226007,24.430927276611328,95200,0.0,0.0,0.0
2011-08-19 00:00:00-04:00,24.10055313511391,24.57004523756887,24.00491714477539,24.00491714477539,28800,0.0,0.0,0.0
2011-08-22 00:00:00-04:00,24.5787331248198,24.66567626768238,24.04838144583032,24.09185218811035,46200,0.0,0.0,0.0
2011-08-23 00:00:00-04:00,24.21357106033276,24.96127804136428,24.144016883997214,24.952585220336914,32500,0.0,0.0,0.0
2011-08-24 00:00:00-04:00,24.961285202257447,25.196031236597243,24.891731005968197,25.17864227294922,27200,0.0,0.0,0.0
2011-08-25 00:00:00-04:00,25.300367459503768,25.300367459503768,24.796099040126304,24.813488006591797,74000,0.0,0.0,0.0
2011-08-26 00:00:00-04:00,24.7004579997534,25.352529228169914,24.50918436974026,25.274280548095703,31100,0.0,0.0,0.0
2011-08-29 00:00:00-04:00,25.57858092465052,25.908962952514617,25.57858092465052,25.88288116455078,107400,0.0,0.0,0.0
2011-08-30 00:00:00-04:00,25.78724155678626,26.126318040926595,25.65682765198634,26.00459861755371,64200,0.0,0.0,0.0
2011-08-31 00:00:00-04:00,26.16979266589927,26.27412313525989,25.9350466223835,26.082849502563477,128000,0.0,0.0,0.0
2011-09-01 00:00:00-04:00,26.108932760499037,26.343677144016596,25.822021484375,25.822021484375,70600,0.0,0.0,0.0
2011-09-02 00:00:00-04:00,25.343834746128014,25.500332106276442,25.169950080198678,25.274280548095703,43800,0.0,0.0,0.0
2011-09-06 00:00:00-04:00,24.604818970427115,25.187335968017578,24.5439592578629,25.187335968017578,125700,0.0,0.0,0.0
2011-09-07 00:00:00-04:00,25.500329734569245,25.79593546328892,25.491635253335993,25.787240982055664,33500,0.0,0.0,0.0
2011-09-08 00:00:00-04:00,25.682902278606523,25.917646563330965,25.517710504813454,25.569875717163086,49500,0.0,0.0,0.0
2011-09-09 00:00:00-04:00,25.282969871553753,25.34382957512672,24.73523088109449,24.943893432617188,77000,0.0,0.0,0.0
2011-09-12 00:00:00-04:00,24.700456673034243,25.065616607666016,24.509183053294855,25.065616607666016,33000,0.0,0.0,0.0
2011-09-13 00:00:00-04:00,25.074305645420363,25.352522362202997,25.039527726671313,25.265579223632812,506500,0.0,0.0,0.0
2011-09-14 00:00:00-04:00,25.474250136996336,25.926353279568065,25.143868091764986,25.665525436401367,82600,0.0,0.0,0.0
2011-09-15 00:00:00-04:00,25.9350466223835,26.082849502563477,25.70030057886773,26.082849502563477,26000,0.0,0.0,0.0
2011-09-16 00:00:00-04:00,26.14371026354609,26.239347912865373,26.039379790018675,26.21326446533203,61400,0.0,0.0,0.0
2011-09-19 00:00:00-04:00,25.82201667235034,26.21325834417226,25.6829083012622,26.11762237548828,105600,0.0,0.0,0.0
2011-09-20 00:00:00-04:00,26.082846023343354,26.5001711617242,26.082846023343354,26.100234985351562,515000,0.0,0.0,0.0
2011-09-21 00:00:00-04:00,26.15239875432868,26.15239875432868,25.465551376342773,25.465551376342773,49200,0.0,0.0,0.0
2011-09-22 00:00:00-04:00,24.761317909813474,24.88303900105119,24.343992718348762,24.683069229125977,39000,0.0,0.0,0.0
2011-09-23 00:00:00-04:00,24.472799626058812,24.830512438370555,24.472799626058812,24.699642181396484,34200,0.099,0.0,0.0
2011-09-26 00:00:00-04:00,24.90903361886718,25.249298266079197,24.542595920096517,25.22312355041504,45900,0.0,0.0,0.0
2011-09-27 00:00:00-04:00,25.65063681229802,25.86002956889202,25.353996657763425,25.51104164123535,68600,0.0,0.0,0.0
2011-09-28 00:00:00-04:00,25.528486647482534,25.63318217401601,25.03990364074707,25.03990364074707,55700,0.0,0.0,0.0
2011-09-29 00:00:00-04:00,25.449972909931514,25.476147632605855,24.682199349983073,25.048635482788086,35800,0.0,0.0,0.0
2011-09-30 00:00:00-04:00,24.717096307701386,24.943938902639736,24.56005130627438,24.603675842285156,20600,0.0,0.0,0.0
2011-10-03 00:00:00-04:00,24.34193169019103,24.507701585688036,23.888246536254883,23.888246536254883,112200,0.0,0.0,0.0
2011-10-04 00:00:00-04:00,23.600331865898152,24.40300497974583,23.399664003462682,24.34193229675293,88600,0.0,0.0,0.0
2011-10-05 00:00:00-04:00,24.333210703396272,24.76072120666504,24.237240044527628,24.76072120666504,49200,0.0,0.0,0.0
2011-10-06 00:00:00-04:00,24.725823669730968,25.17078399658203,24.725823669730968,25.17078399658203,24400,0.0,0.0,0.0
2011-10-07 00:00:00-04:00,25.22312559265917,25.301648081903874,25.02245774863632,25.08353042602539,22900,0.0,0.0,0.0
2011-10-10 00:00:00-04:00,25.484864017169564,25.868751525878906,25.476140776065147,25.868751525878906,28700,0.0,0.0,0.0
2011-10-11 00:00:00-04:00,25.912378588427895,26.025799039048405,25.868754058107946,25.929826736450195,1436200,0.0,0.0,0.0
2011-10-12 00:00:00-04:00,26.1217704435177,26.37478605425141,26.078145914697668,26.1479434967041,49700,0.0,0.0,0.0
2011-10-13 00:00:00-04:00,25.990906899953938,26.21774785199941,25.93855745184555,26.182849884033203,193900,0.0,0.0,0.0
2011-10-14 00:00:00-04:00,26.523107045733802,26.715051651000977,26.418411501138685,26.715051651000977,21300,0.0,0.0,0.0
2011-10-17 00:00:00-04:00,26.444585493399813,26.462035306153286,26.147945333013723,26.217742919921875,43500,0.0,0.0,0.0
2011-10-18 00:00:00-04:00,26.10432184398498,26.69760215063782,25.97345157965996,26.54928207397461,78700,0.0,0.0,0.0
2011-10-19 00:00:00-04:00,26.47076203752707,26.52310981529081,26.11304917194745,26.174121856689453,69700,0.0,0.0,0.0
2011-10-20 00:00:00-04:00,26.20901835903457,26.313713902076536,26.078146434073627,26.165393829345703,39200,0.0,0.0,0.0
2011-10-21 00:00:00-04:00,26.52310521537735,26.671425280072942,26.4358578248319,26.645252227783203,39700,0.0,0.0,0.0
2011-10-24 00:00:00-04:00,26.67143181666507,27.046594523080888,26.67143181666507,27.002971649169922,78900,0.0,0.0,0.0
2011-10-25 00:00:00-04:00,26.863376587244463,26.863376587244463,26.427141189575195,26.427141189575195,84100,0.0,0.0,0.0
2011-10-26 00:00:00-04:00,26.715050780910982,26.741223834154482,26.261365664826535,26.653976440429688,24500,0.0,0.0,0.0
2011-10-27 00:00:00-04:00,27.317057028710078,27.491551833570917,27.07276629883185,27.474102020263672,34300,0.0,0.0,0.0
2011-10-28 00:00:00-04:00,27.37812141948638,27.482818603515625,27.334498563535615,27.482818603515625,41100,0.0,0.0,0.0
2011-10-31 00:00:00-04:00,27.14256185630521,27.273432118102164,26.915719292607847,26.9244441986084,99600,0.0,0.0,0.0
2011-11-01 00:00:00-04:00,26.20029338565923,26.488208624442052,26.08687127286578,26.235191345214844,55800,0.0,0.0,0.0
2011-11-02 00:00:00-04:00,26.6452525060693,26.69760027530107,26.453307912043506,26.662700653076172,224900,0.0,0.0,0.0
2011-11-03 00:00:00-04:00,26.88082255772822,27.16001292333032,26.688879597403233,27.14256477355957,31000,0.0,0.0,0.0
2011-11-04 00:00:00-04:00,26.959350496321328,27.02914810180664,26.784857314661135,27.02914810180664,697100,0.0,0.0,0.0
2011-11-07 00:00:00-05:00,27.029144128398165,27.168739318847656,26.767403562331854,27.168739318847656,30200,0.0,0.0,0.0
2011-11-08 00:00:00-05:00,27.308335831501225,27.543903350830078,27.107667943527463,27.543903350830078,48200,0.0,0.0,0.0
2011-11-09 00:00:00-05:00,26.86337266971842,26.976793124365525,26.531832883939373,26.610355377197266,1005600,0.0,0.0,0.0
2011-11-10 00:00:00-05:00,26.819746605374057,26.845921322999647,26.523106462039923,26.767398834228516,19700,0.0,0.0,0.0
2011-11-11 00:00:00-05:00,27.05531608671991,27.273433757527933,27.05531608671991,27.203636169433594,30600,0.0,0.0,0.0
2011-11-14 00:00:00-05:00,27.221083685268006,27.221083685268006,26.985516221289743,27.046588897705078,23200,0.0,0.0,0.0
2011-11-15 00:00:00-05:00,27.046591723835885,27.35195680192616,26.93317126494248,27.33450698852539,45200,0.0,0.0,0.0
2011-11-16 00:00:00-05:00,26.97679594957406,27.247261419062085,26.784852981567383,26.784852981567383,25200,0.0,0.0,0.0
2011-11-17 00:00:00-05:00,26.610355242904422,26.758675322297957,26.209019536372352,26.357337951660156,182800,0.0,0.0,0.0
2011-11-18 00:00:00-05:00,26.35734409675212,26.435866607920893,26.24392361623395,26.3311710357666,25600,0.0,0.0,0.0
2011-11-21 00:00:00-05:00,25.912379352182633,25.956002219682667,25.624464100007526,25.85130500793457,168700,0.0,0.0,0.0
2011-11-22 00:00:00-05:00,25.86875350025948,25.929826177284724,25.624462792158507,25.7989559173584,44400,0.0,0.0,0.0
2011-11-23 00:00:00-05:00,25.55467408902367,25.55467408902367,25.29293181411488,25.30165672302246,19900,0.0,0.0,0.0
2011-11-25 00:00:00-05:00,25.423795120264646,25.449969839781406,25.17950439453125,25.17950439453125,13300,0.0,0.0,0.0
2011-11-28 00:00:00-05:00,25.83385554086176,25.947275989036406,25.772782863836515,25.7989559173584,34300,0.0,0.0,0.0
2011-11-29 00:00:00-05:00,25.973451093750022,26.165394033562148,25.903653509808734,25.95600128173828,27800,0.0,0.0,0.0
2011-11-30 00:00:00-05:00,26.653976072749483,26.889543533325195,26.653976072749483,26.889543533325195,15800,0.0,0.0,0.0
2011-12-01 00:00:00-05:00,26.845922503389698,27.046590355025483,26.845922503389698,26.95934295654297,40100,0.0,0.0,0.0
2011-12-02 00:00:00-05:00,27.186192607823063,27.186192607823063,26.898277282714844,26.898277282714844,27900,0.0,0.0,0.0
2011-12-05 00:00:00-05:00,27.26471213942245,27.29088686215444,27.00297156852638,27.072769165039062,50700,0.0,0.0,0.0
2011-12-06 00:00:00-05:00,27.168739044104978,27.30833423314282,27.072768391707662,27.151290893554688,223900,0.0,0.0,0.0
2011-12-07 00:00:00-05:00,27.046589350972198,27.255982101093498,26.906994184224665,27.13383674621582,101500,0.0,0.0,0.0
2011-12-08 00:00:00-05:00,26.985515220394337,26.994240125859438,26.645252227783203,26.645252227783203,127200,0.0,0.0,0.0
2011-12-09 00:00:00-05:00,26.784853106303878,27.194913766089293,26.784853106303878,27.151290893554688,26300,0.0,0.0,0.0
2011-12-12 00:00:00-05:00,26.88082060482997,26.88082060482997,26.592905353206685,26.819747924804688,38300,0.0,0.0,0.0
2011-12-13 00:00:00-05:00,27.04659865020809,27.04659865020809,26.50566594499719,26.58418846130371,22800,0.0,0.0,0.0
2011-12-14 00:00:00-05:00,26.392236323479228,26.462033906696103,26.1828435738286,26.235191345214844,78600,0.0,0.0,0.0
2011-12-15 00:00:00-05:00,26.45330551141987,26.45330551141987,26.252637694153933,26.278812408447266,56300,0.0,0.0,0.0
2011-12-16 00:00:00-05:00,26.400958027922428,26.531828272571083,26.24391306870186,26.296260833740234,55600,0.0,0.0,0.0
2011-12-19 00:00:00-05:00,26.38351085301651,26.42713538165962,26.008348227213812,26.104320526123047,19100,0.0,0.0,0.0
2011-12-20 00:00:00-05:00,26.48821563424377,26.81975382623529,26.48821563424377,26.7935791015625,16700,0.0,0.0,0.0
2011-12-21 00:00:00-05:00,26.57545481803136,26.715051651000977,26.49693399163786,26.715051651000977,19200,0.0,0.0,0.0
2011-12-22 00:00:00-05:00,26.850928769138868,26.88599444863457,26.763267914446867,26.86846160888672,15600,0.145,0.0,0.0
2011-12-23 00:00:00-05:00,26.956127485207418,27.131452560424805,26.921061801354405,27.131452560424805,9500,0.0,0.0,0.0
2011-12-27 00:00:00-05:00,27.05255001602633,27.210342211825395,27.05255001602633,27.148977279663086,27300,0.0,0.0,0.0
2011-12-28 00:00:00-05:00,27.01748602169133,27.01748602169133,26.772032965862312,26.78956413269043,1514300,0.0,0.0,0.0
2011-12-29 00:00:00-05:00,26.903526416753024,27.07884979248047,26.894759997163117,27.07884979248047,41200,0.0,0.0,0.0
2011-12-30 00:00:00-05:00,27.017484664916992,27.122680020720644,26.99118707998367,27.017484664916992,10600,0.0,0.0,0.0
2012-01-03 00:00:00-05:00,27.420733724946558,27.517160997290592,27.350604039594717,27.376901626586914,23400,0.0,0.0,0.0
2012-01-04 00:00:00-05:00,27.315536894890165,27.43826341966329,27.280472890107912,27.42949867248535,99900,0.0,0.0,0.0
2012-01-05 00:00:00-05:00,27.40320010581722,27.508393794839794,27.219108641992406,27.464563369750977,69200,0.0,0.0,0.0
2012-01-06 00:00:00-05:00,27.43826435643311,27.499629292938227,27.37690109195154,27.45579719543457,88100,0.0,0.0,0.0
2012-01-09 00:00:00-05:00,27.490869097761102,27.508400268708314,27.359374447501423,27.438270568847656,63700,0.0,0.0,0.0
2012-01-10 00:00:00-05:00,27.736324187574116,27.736324187574116,27.596064777858814,27.622364044189453,39100,0.0,0.0,0.0
2012-01-11 00:00:00-05:00,27.55222721911728,27.639889745541073,27.508395119893574,27.60482406616211,81800,0.0,0.0,0.0
2012-01-12 00:00:00-05:00,27.67495110476879,27.67495110476879,27.42073164169122,27.631120681762695,30400,0.0,0.0,0.0
2012-01-13 00:00:00-05:00,27.482094943382464,27.56975746154785,27.394432425217076,27.56975746154785,72300,0.0,0.0,0.0
2012-01-17 00:00:00-05:00,27.832744887875062,27.894108152387552,27.70125193934493,27.762615203857422,23000,0.0,0.0,0.0
2012-01-18 00:00:00-05:00,27.771379071802862,28.025598526000977,27.762612653103147,28.025598526000977,47100,0.0,0.0,0.0
2012-01-19 00:00:00-05:00,28.08696454099814,28.192158225408168,28.08696454099814,28.183393478393555,3690800,0.0,0.0,0.0
2012-01-20 00:00:00-05:00,28.113262126088912,28.183393478393555,28.08696454099814,28.183393478393555,120900,0.0,0.0,0.0
2012-01-23 00:00:00-05:00,28.192163906989155,28.314890454208488,28.139565382160463,28.235994338989258,22300,0.0,0.0,0.0
2012-01-24 00:00:00-05:00,28.086968353193853,28.22722773279337,28.086968353193853,28.17462921142578,58100,0.0,0.0,0.0
2012-01-25 00:00:00-05:00,28.271054524679,28.621704600588377,28.20092317187834,28.59540367126465,354800,0.0,0.0,0.0
2012-01-26 00:00:00-05:00,28.691832199821455,28.75319546062271,28.42884631866652,28.490209579467773,21900,0.0,0.0,0.0
2012-01-27 00:00:00-05:00,28.393781121273054,28.516507644943815,28.393781121273054,28.4814453125,23900,0.0,0.0,0.0
2012-01-30 00:00:00-05:00,28.244751345421296,28.472671508789062,28.165855261169707,28.472671508789062,46000,0.0,0.0,0.0
2012-01-31 00:00:00-05:00,28.5691104798972,28.64800659190863,28.341190236335002,28.463916778564453,26100,0.0,0.0,0.0
2012-02-01 00:00:00-05:00,28.621706944430066,28.761966317470314,28.595406012952548,28.64800453186035,44300,0.0,0.0,0.0
2012-02-02 00:00:00-05:00,28.691835895017526,28.726901575433438,28.630472626313352,28.67430305480957,81500,0.0,0.0,0.0
2012-02-03 00:00:00-05:00,28.972357661949797,29.06878662109375,28.87592870280584,29.06878662109375,89000,0.0,0.0,0.0
2012-02-06 00:00:00-05:00,28.989890503980305,29.06878662109375,28.972357661949797,29.06878662109375,17400,0.0,0.0,0.0
2012-02-07 00:00:00-05:00,28.954816696367097,29.156439307079253,28.91975436619084,29.147674560546875,67300,0.0,0.0,0.0
2012-02-08 00:00:00-05:00,29.156444549560547,29.20027832224422,29.02495326365158,29.156444549560547,89600,0.0,0.0,0.0
2012-02-09 00:00:00-05:00,29.24410766269234,29.358069448144082,29.121381129458413,29.3230037689209,65900,0.0,0.0,0.0
2012-02-10 00:00:00-05:00,29.0775522898065,29.130150817561717,29.016189012782647,29.103853225708008,29100,0.0,0.0,0.0
2012-02-13 00:00:00-05:00,29.2879357051033,29.366831804908216,29.22657244348247,29.33176612854004,16400,0.0,0.0,0.0
2012-02-14 00:00:00-05:00,29.24409956900699,29.34052848815918,29.1476706498548,29.34052848815918,19600,0.0,0.0,0.0
2012-02-15 00:00:00-05:00,29.44573623718005,29.472033829874317,29.130151748657227,29.130151748657227,27800,0.0,0.0,0.0
2012-02-16 00:00:00-05:00,29.191501939790527,29.489553451538086,29.173969104505797,29.489553451538086,30200,0.0,0.0,0.0
2012-02-17 00:00:00-05:00,29.515851032441976,29.515851032441976,29.37559169421056,29.489553451538086,110500,0.0,0.0,0.0
2012-02-21 00:00:00-05:00,29.568459038596394,29.656123243186407,29.454497244653123,29.559694290161133,158500,0.0,0.0,0.0
2012-02-22 00:00:00-05:00,29.550919546935695,29.603518057851858,29.472023452584814,29.524621963500977,165800,0.0,0.0,0.0
2012-02-23 00:00:00-05:00,29.550921862114457,29.67364838648717,29.4895585999281,29.629817962646484,18000,0.0,0.0,0.0
2012-02-24 00:00:00-05:00,29.69994780714585,29.822674325283536,29.69994780714585,29.743778228759766,13600,0.0,0.0,0.0
2012-02-27 00:00:00-05:00,29.603523589635817,29.85774475716488,29.603523589635817,29.77884864807129,39100,0.0,0.0,0.0
2012-02-28 00:00:00-05:00,29.805143271271685,29.936637888028457,29.78761043276765,29.92786979675293,97600,0.0,0.0,0.0
2012-02-29 00:00:00-05:00,29.99800649925484,30.006771248046057,29.787615743741853,29.822681427001953,42100,0.0,0.0,0.0
2012-03-01 00:00:00-05:00,29.945412598068767,30.05060632004383,29.866516470575437,29.980478286743164,92000,0.0,0.0,0.0
2012-03-02 00:00:00-05:00,29.945404533550725,29.971702120950326,29.87527651913605,29.9366397857666,50800,0.0,0.0,0.0
2012-03-05 00:00:00-05:00,29.857741871985446,29.857741871985446,29.682416830491785,29.805143356323242,53200,0.0,0.0,0.0
2012-03-06 00:00:00-05:00,29.489556373002046,29.498324463536246,29.31423134683212,29.39312744140625,149600,0.0,0.0,0.0
2012-03-07 00:00:00-05:00,29.47202531556573,29.612284676161494,29.463260568549032,29.585987091064453,67200,0.0,0.0,0.0
2012-03-08 00:00:00-05:00,29.75254524304648,29.927870286911308,29.72624765688323,29.910337448120117,1301500,0.0,0.0,0.0
2012-03-09 00:00:00-05:00,29.94540502496494,30.024301132505677,29.910339345158548,29.91910743713379,5500,0.0,0.0,0.0
2012-03-12 00:00:00-04:00,29.96293923192382,30.006769661657923,29.901575961486582,29.998004913330078,32100,0.0,0.0,0.0
2012-03-13 00:00:00-04:00,30.13825682977694,30.50643636120369,30.111955903213165,30.480138778686523,53600,0.0,0.0,0.0
2012-03-14 00:00:00-04:00,30.55904197692871,30.62040524643681,30.48014586698296,30.55904197692871,16300,0.0,0.0,0.0
2012-03-15 00:00:00-04:00,30.594099951902585,30.690525533951377,30.576567115881023,30.681760787963867,51400,0.0,0.0,0.0
2012-03-16 00:00:00-04:00,30.664226978833977,30.743123066404035,30.664226978833977,30.716825485229492,10000,0.0,0.0,0.0
2012-03-19 00:00:00-04:00,30.699295897157775,30.91845134758519,30.699295897157775,30.857088088989258,55300,0.0,0.0,0.0
2012-03-20 00:00:00-04:00,30.681762620308433,30.813257226299882,30.66422978323979,30.804489135742188,24600,0.0,0.0,0.0
2012-03-21 00:00:00-04:00,30.78695490599092,30.839553414817498,30.734359741210938,30.734359741210938,46100,0.0,0.0,0.0
2012-03-22 00:00:00-04:00,30.50644199539437,30.637936620358964,30.48890915579594,30.60287094116211,58100,0.0,0.0,0.0
2012-03-23 00:00:00-04:00,30.655649576185965,30.664447911816374,30.497313090657197,30.638059616088867,42600,0.12,0.0,0.0
2012-03-26 00:00:00-04:00,30.849172948620087,31.06028938293457,30.84037796849868,31.06028938293457,15300,0.0,0.0,0.0
2012-03-27 00:00:00-04:00,31.12185831137892,31.17463489309774,31.051485061645508,31.051485061645508,13300,0.0,0.0,0.0
2012-03-28 00:00:00-04:00,31.07788644795852,31.086681429140942,30.76121343607468,30.9195499420166,34100,0.0,0.0,0.0
2012-03-29 00:00:00-04:00,30.752409339431033,30.90195083618164,30.68203943640496,30.90195083618164,67900,0.0,0.0,0.0
2012-03-30 00:00:00-04:00,30.954729207572292,31.007509154568258,30.90195261615818,30.928340911865234,98500,0.0,0.0,0.0
2012-04-02 00:00:00-04:00,30.928331631335446,31.280191127897236,30.875551700176924,31.20981788635254,29400,0.0,0.0,0.0
2012-04-03 00:00:00-04:00,31.20102855918619,31.28019679247023,31.042692092618104,31.192230224609375,39300,0.0,0.0,0.0
2012-04-04 00:00:00-04:00,30.92834663643273,30.92834663643273,30.761215140050368,30.866771697998047,33900,0.0,0.0,0.0
2012-04-05 00:00:00-04:00,30.761209446417457,30.954729207572292,30.734817795128546,30.928340911865234,12000,0.0,0.0,0.0
2012-04-09 00:00:00-04:00,30.567688194551305,30.787599620411388,30.567688194551305,30.682043075561523,12400,0.0,0.0,0.0
2012-04-10 00:00:00-04:00,30.602876520776004,30.673246436040955,30.12786700930417,30.198240280151367,14800,0.0,0.0,0.0
2012-04-11 00:00:00-04:00,30.47092072295907,30.47092072295907,30.303789279716305,30.33897590637207,24900,0.0,0.0,0.0
2012-04-12 00:00:00-04:00,30.400563947985106,30.726031996089464,30.38297062706286,30.717233657836914,17100,0.0,0.0,0.0
2012-04-13 00:00:00-04:00,30.66444946730264,30.66444946730264,30.356571460676218,30.36536979675293,43800,0.0,0.0,0.0
2012-04-16 00:00:00-04:00,30.54129567276995,30.54129567276995,30.18064111846835,30.22462272644043,24600,0.0,0.0,0.0
2012-04-17 00:00:00-04:00,30.646852588272512,30.80518906342768,30.638057608800178,30.787595748901367,14700,0.0,0.0,0.0
2012-04-18 00:00:00-04:00,30.70843308517571,30.805194654842683,30.64685815094804,30.690839767456055,27500,0.0,0.0,0.0
2012-04-19 00:00:00-04:00,30.629270593164684,30.752420484778764,30.321395864129485,30.382970809936523,25500,0.0,0.0,0.0
2012-04-20 00:00:00-04:00,30.56768407733899,30.682038942946562,30.42694091796875,30.42694091796875,93800,0.0,0.0,0.0
2012-04-23 00:00:00-04:00,30.163053578689023,30.198240214035586,29.99591873858398,30.180646896362305,20500,0.0,0.0,0.0
2012-04-24 00:00:00-04:00,30.171846457112334,30.28620133622835,30.101476546905406,30.18943977355957,16500,0.0,0.0,0.0
2012-04-25 00:00:00-04:00,30.638057802835267,30.787595943883506,30.638057802835267,30.77880096435547,66600,0.0,0.0,0.0
2012-04-26 00:00:00-04:00,30.787601408005674,30.928344594504694,30.717228136965037,30.893157958984375,69300,0.0,0.0,0.0
2012-04-27 00:00:00-04:00,30.981115167493336,31.12185831137892,30.937130208619333,31.051485061645508,166600,0.0,0.0,0.0
2012-04-30 00:00:00-04:00,30.893146829274492,30.919538474197882,30.822776939167895,30.85796356201172,51500,0.0,0.0,0.0
2012-05-01 00:00:00-04:00,30.87555696265775,31.174636579036637,30.87555696265775,30.937131881713867,22000,0.0,0.0,0.0
2012-05-02 00:00:00-04:00,30.84037768912048,30.954729207572292,30.81398603783157,30.928340911865234,32200,0.0,0.0,0.0
2012-05-03 00:00:00-04:00,30.93713394575852,30.945932280828636,30.66444595905452,30.743614196777344,291200,0.0,0.0,0.0
2012-05-04 00:00:00-04:00,30.567683896123373,30.567683896123373,30.18064104904514,30.207029342651367,33700,0.0,0.0,0.0
2012-05-07 00:00:00-04:00,30.048700525856148,30.25981699524038,30.039905544273758,30.163055419921875,12200,0.0,0.0,0.0
2012-05-08 00:00:00-04:00,29.987119753217833,30.10147462503269,29.705633419198012,30.066287994384766,18600,0.0,0.0,0.0
2012-05-09 00:00:00-04:00,29.758420927481303,30.08388895472918,29.644066026606186,29.943145751953125,18400,0.0,0.0,0.0
2012-05-10 00:00:00-04:00,30.075080954050886,30.075080954050886,29.863967895507816,29.863967895507812,21000,0.0,0.0,0.0
2012-05-11 00:00:00-04:00,29.793596494098658,30.136657752278737,29.793596494098658,29.969526290893555,70000,0.0,0.0,0.0
2012-05-14 00:00:00-04:00,29.617668340669926,29.758414870380726,29.547298431396484,29.547298431396484,15500,0.0,0.0,0.0
2012-05-15 00:00:00-04:00,29.591285650746368,29.758420508653696,29.3977624913095,29.450542449951172,19200,0.0,0.0,0.0
2012-05-16 00:00:00-04:00,29.582479349405144,29.66164757928364,29.353769638386687,29.38016128540039,8300,0.0,0.0,0.0
2012-05-17 00:00:00-04:00,29.397752760942794,29.397752760942794,28.878765106201172,28.878765106201172,19300,0.0,0.0,0.0
2012-05-18 00:00:00-04:00,29.01950758871353,29.0546908597657,28.57968482253806,28.597274780273438,40000,0.0,0.0,0.0
2012-05-21 00:00:00-04:00,28.702833545025083,29.257007792857046,28.702833545025083,29.248212814331055,35600,0.0,0.0,0.0
2012-05-22 00:00:00-04:00,29.327384799323724,29.46812796283339,29.11626837626837,29.230623245239258,25100,0.0,0.0,0.0
2012-05-23 00:00:00-04:00,29.028301298375496,29.21302604675293,28.825983237450508,29.21302604675293,16000,0.0,0.0,0.0
2012-05-24 00:00:00-04:00,29.344982144071242,29.40655707683877,29.072290759256347,29.28340721130371,83400,0.0,0.0,0.0
2012-05-25 00:00:00-04:00,29.309791657588008,29.31858999287405,29.098678588867188,29.098678588867188,36000,0.0,0.0,0.0
2012-05-29 00:00:00-04:00,29.38016505328668,29.556091492839574,29.327385108071766,29.485721588134766,12800,0.0,0.0,0.0
2012-05-30 00:00:00-04:00,29.195429160593047,29.230615781381204,29.072279343415353,29.160245895385742,26400,0.0,0.0,0.0
2012-05-31 00:00:00-04:00,28.86996687243051,29.160251516518812,28.861171893328514,29.019508361816406,23700,0.0,0.0,0.0
2012-06-01 00:00:00-04:00,28.544497984889066,28.63246119524133,28.306993290240296,28.31578826904297,33100,0.0,0.0,0.0
2012-06-04 00:00:00-04:00,28.333383504145186,28.403756761665676,28.139862079336257,28.377365112304688,33000,0.0,0.0,0.0
2012-06-05 00:00:00-04:00,28.36857237963546,28.500520570145582,28.289404136445757,28.465333938598633,24500,0.0,0.0,0.0
2012-06-06 00:00:00-04:00,28.667654190219295,29.01071548461914,28.667654190219295,29.01071548461914,10900,0.0,0.0,0.0
2012-06-07 00:00:00-04:00,29.380168705305326,29.380168705305326,29.142663955688477,29.142663955688477,15200,0.0,0.0,0.0
2012-06-08 00:00:00-04:00,29.01950626885581,29.257007598876953,29.01950626885581,29.257007598876953,4800,0.0,0.0,0.0
2012-06-11 00:00:00-04:00,29.380164557029108,29.380164557029108,28.94913673400879,28.94913673400879,15900,0.0,0.0,0.0
2012-06-12 00:00:00-04:00,29.072290686654377,29.18664557104371,28.98432745594391,29.142663955688477,13600,0.0,0.0,0.0
2012-06-13 00:00:00-04:00,29.098672431692965,29.257005521940005,28.940335985864905,28.993112564086914,9300,0.0,0.0,0.0
2012-06-14 00:00:00-04:00,29.037104124651428,29.28340721130371,29.037104124651428,29.28340721130371,4000,0.0,0.0,0.0
2012-06-15 00:00:00-04:00,29.34496525009253,29.564876556396484,29.34496525009253,29.564876556396484,12100,0.0,0.0,0.0
2012-06-18 00:00:00-04:00,29.58247766391442,29.71442246914002,29.573679330217374,29.661645889282227,22100,0.0,0.0,0.0
2012-06-19 00:00:00-04:00,29.907957140662287,30.075088634321023,29.907957140662287,29.987125396728516,14900,0.0,0.0,0.0
2012-06-20 00:00:00-04:00,29.96952442477935,30.013506032344026,29.723224737951913,29.863967895507812,176800,0.0,0.0,0.0
2012-06-21 00:00:00-04:00,29.907943159405193,29.907943159405193,29.21302249830314,29.221820831298828,37700,0.0,0.0,0.0
2012-06-22 00:00:00-04:00,29.380163207570497,29.44173812866211,29.29219663773853,29.44173812866211,10700,0.0,0.0,0.0
2012-06-25 00:00:00-04:00,29.1514527748121,29.1514527748121,28.887559782877346,28.975522994995117,12500,0.0,0.0,0.0
2012-06-26 00:00:00-04:00,29.007315740572384,29.139810917263002,28.918987869106846,29.113309860229492,18400,0.136,0.0,0.0
2012-06-27 00:00:00-04:00,29.192815733648597,29.325310953189742,29.192815733648597,29.281147003173828,7700,0.0,0.0,0.0
2012-06-28 00:00:00-04:00,29.130985260009766,29.148651513751243,28.86599819287434,29.130985260009766,6700,0.0,0.0,0.0
2012-06-29 00:00:00-04:00,29.634459440481447,29.899446487426758,29.537296737053104,29.899446487426758,254300,0.0,0.0,0.0
2012-07-02 00:00:00-04:00,29.93477130679579,29.97893524169922,29.79344469340946,29.97893524169922,97100,0.0,0.0,0.0
2012-07-03 00:00:00-04:00,29.996607801351765,30.208599450784003,29.996607801351765,30.182098388671875,42400,0.0,0.0,0.0
2012-07-05 00:00:00-04:00,30.09378151702873,30.305773244067026,30.09378151702873,30.19977569580078,35900,0.0,0.0,0.0
2012-07-06 00:00:00-04:00,29.952442945193667,29.952442945193667,29.749286112481972,29.917110443115234,31600,0.0,0.0,0.0
2012-07-09 00:00:00-04:00,29.890615045975597,29.92594755076647,29.79345234254726,29.899446487426758,50600,0.0,0.0,0.0
2012-07-10 00:00:00-04:00,30.067276837920332,30.08494309186544,29.5726318359375,29.5726318359375,71500,0.0,0.0,0.0
2012-07-11 00:00:00-04:00,29.652124858898727,29.652124858898727,29.360640126304943,29.554962158203125,35000,0.0,0.0,0.0
2012-07-12 00:00:00-04:00,29.360643675993717,29.510801781046045,29.192815947413557,29.413639068603516,20700,0.0,0.0,0.0
2012-07-13 00:00:00-04:00,29.528463117637845,29.864115149407837,29.51079686654544,29.84644889831543,17900,0.0,0.0,0.0
2012-07-16 00:00:00-04:00,29.766951382139144,29.8552792649303,29.71395263076881,29.731618881225586,52800,0.0,0.0,0.0
2012-07-17 00:00:00-04:00,29.68744610710457,29.978930729185922,29.68744610710457,29.943601608276367,194300,0.0,0.0,0.0
2012-07-18 00:00:00-04:00,29.96128020124461,30.25276834572822,29.96128020124461,30.217435836791992,17200,0.0,0.0,0.0
2012-07-19 00:00:00-04:00,30.332255463345142,30.47358208606604,30.323424023578042,30.438249588012695,14500,0.0,0.0,0.0
2012-07-20 00:00:00-04:00,30.332259153051254,30.332259153051254,30.12910231877064,30.14676856994629,13900,0.0,0.0,0.0
2012-07-23 00:00:00-04:00,29.69629350508356,29.917116634534345,29.53730058231951,29.81995391845703,13600,0.0,0.0,0.0
2012-07-24 00:00:00-04:00,29.837625408999017,29.837625408999017,29.440146401833623,29.62563705444336,32100,0.0,0.0,0.0
2012-07-25 00:00:00-04:00,29.590303905363516,29.66980037899351,29.457808659482172,29.493141174316406,28500,0.0,0.0,0.0
2012-07-26 00:00:00-04:00,29.890619901849703,30.03194657447927,29.837621136053492,30.014280319213867,15700,0.0,0.0,0.0
2012-07-27 00:00:00-04:00,30.120265293695773,30.59724393188738,30.093767603627118,30.53541374206543,11800,0.0,0.0,0.0
2012-07-30 00:00:00-04:00,30.606087907347487,30.694415813690142,30.508925188674375,30.553089141845703,17500,0.0,0.0,0.0
2012-07-31 00:00:00-04:00,30.58841981778412,30.58841981778412,30.447093154415082,30.473590850830078,172200,0.0,0.0,0.0
2012-08-01 00:00:00-04:00,30.614924572689798,30.614924572689798,30.288107220078828,30.349937438964844,111700,0.0,0.0,0.0
2012-08-02 00:00:00-04:00,30.137934444475604,30.341091283372812,30.031940304505966,30.182098388671875,17500,0.0,0.0,0.0
2012-08-03 00:00:00-04:00,30.623744187959975,30.75623938839047,30.623744187959975,30.659076690673828,21600,0.0,0.0,0.0
2012-08-06 00:00:00-04:00,30.76508289373023,30.897574762113035,30.738581824458574,30.773914337158203,40100,0.0,0.0,0.0
2012-08-07 00:00:00-04:00,30.87990648499686,30.950571505771833,30.835742531759326,30.844573974609375,36900,0.0,0.0,0.0
2012-08-08 00:00:00-04:00,30.738581013519013,30.888742503783966,30.738581013519013,30.800411224365234,13600,0.0,0.0,0.0
2012-08-09 00:00:00-04:00,30.773907447040337,30.871070150463158,30.73857494225147,30.826906204223633,16500,0.0,0.0,0.0
2012-08-10 00:00:00-04:00,30.773907447040337,30.844569087124952,30.73857494225147,30.826906204223633,8000,0.0,0.0,0.0
2012-08-13 00:00:00-04:00,30.89757610352755,30.959406318689318,30.826914444554394,30.95057487487793,11800,0.0,0.0,0.0
2012-08-14 00:00:00-04:00,31.100739849011187,31.118406110014966,30.977079391479492,30.977079391479492,12600,0.0,0.0,0.0
2012-08-15 00:00:00-04:00,31.003558337995177,31.065388529347594,30.985895457173957,31.038890838623047,28200,0.0,0.0,0.0
2012-08-16 00:00:00-04:00,31.074229239356207,31.303883798056763,31.030065289932256,31.259719848632812,11900,0.0,0.0,0.0
2012-08-17 00:00:00-04:00,31.312723075359045,31.39221954345703,31.295056819171286,31.39221954345703,42100,0.0,0.0,0.0
2012-08-20 00:00:00-04:00,31.321551102939154,31.40104756236767,31.30388484867799,31.374549865722656,20200,0.0,0.0,0.0
2012-08-21 00:00:00-04:00,31.462874495939317,31.542370947101574,31.206722259521484,31.206722259521484,17300,0.0,0.0,0.0
2012-08-22 00:00:00-04:00,31.19789035131159,31.303884506225582,31.13606014682064,31.303884506225586,132700,0.0,0.0,0.0
2012-08-23 00:00:00-04:00,31.118387280289404,31.18021747164182,31.021224588309114,31.038890838623047,68100,0.0,0.0,0.0
2012-08-24 00:00:00-04:00,30.985901340508303,31.27738610230106,30.9770665289275,31.259719848632812,14600,0.0,0.0,0.0
2012-08-27 00:00:00-04:00,31.383380254817215,31.383380254817215,31.259719848632812,31.259719848632812,51500,0.0,0.0,0.0
2012-08-28 00:00:00-04:00,31.233220274939278,31.34804923213199,31.18905632817074,31.268552780151367,33900,0.0,0.0,0.0
2012-08-29 00:00:00-04:00,31.32154545187404,31.339211702947843,31.206719874133608,31.295047760009766,23000,0.0,0.0,0.0
2012-08-30 00:00:00-04:00,31.144881529930732,31.162547778292787,31.003554912526614,31.021221160888672,12500,0.0,0.0,0.0
2012-08-31 00:00:00-04:00,31.25971800970106,31.25971800970106,31.030063464510512,31.180221557617188,32700,0.0,0.0,0.0
2012-09-04 00:00:00-04:00,31.162552267752865,31.24204871208868,30.96823024675975,31.144886016845703,17700,0.0,0.0,0.0
2012-09-05 00:00:00-04:00,31.15371972285206,31.224381354483388,31.091889531614882,31.11838722229004,14100,0.0,0.0,0.0
2012-09-06 00:00:00-04:00,31.45404789103093,31.683702468872067,31.45404789103093,31.68370246887207,66900,0.0,0.0,0.0
2012-09-07 00:00:00-04:00,31.701360731292176,31.71902698197871,31.666028229919107,31.710195541381836,67700,0.0,0.0,0.0
2012-09-10 00:00:00-04:00,31.68369810893477,31.710199172745796,31.489376068115234,31.489376068115234,10900,0.0,0.0,0.0
2012-09-11 00:00:00-04:00,31.604196246262806,31.613031055851803,31.52469980742483,31.55120086669922,14200,0.0,0.0,0.0
2012-09-12 00:00:00-04:00,31.586524579760233,31.60419082641602,31.489365277391443,31.604190826416016,21300,0.0,0.0,0.0
2012-09-13 00:00:00-04:00,31.710203142343637,32.16068084960541,31.674870632501335,32.08118438720703,19300,0.0,0.0,0.0
2012-09-14 00:00:00-04:00,32.1694938653769,32.328486699101305,32.15183099006678,32.20482635498047,26300,0.0,0.0,0.0
2012-09-17 00:00:00-04:00,32.20483279852419,32.257831543533534,32.17833511076569,32.24899673461914,10300,0.0,0.0,0.0
2012-09-18 00:00:00-04:00,32.19600177378544,32.25783195901321,32.18716696475725,32.24016571044922,15400,0.0,0.0,0.0
2012-09-19 00:00:00-04:00,32.31966441745189,32.39032604718546,32.22250172826217,32.31083297729492,20500,0.0,0.0,0.0
2012-09-20 00:00:00-04:00,32.17834275123726,32.29317170794316,32.14301024617496,32.25783920288086,14100,0.0,0.0,0.0
2012-09-21 00:00:00-04:00,32.443321709418896,32.443321709418896,32.26666259765625,32.26666259765625,17900,0.0,0.0,0.0
2012-09-24 00:00:00-04:00,32.074197386067404,32.22499045029263,32.074197386067404,32.18063735961914,13700,0.153,0.0,0.0
2012-09-25 00:00:00-04:00,32.23384983244538,32.31368063572645,31.808086676167942,31.83469581604004,31900,0.0,0.0,0.0
2012-09-26 00:00:00-04:00,31.816953007604962,31.816953007604962,31.57746061472779,31.657291412353516,20100,0.0,0.0,0.0
2012-09-27 00:00:00-04:00,31.737119134169827,32.012092606823664,31.728250550255158,31.967742919921875,12300,0.0,0.0,0.0
2012-09-28 00:00:00-04:00,31.77260620118594,31.85243700605987,31.683906810732623,31.754865646362305,8600,0.0,0.0,0.0
2012-10-01 00:00:00-04:00,31.90566790293513,32.10080729513204,31.781487366900958,31.816965103149414,17300,0.0,0.0,0.0
2012-10-02 00:00:00-04:00,31.950005225443917,31.976614363231576,31.657291175121614,31.825824737548828,156100,0.0,0.0,0.0
2012-10-03 00:00:00-04:00,31.941148792833587,32.05646075210721,31.843580778934854,32.04759216308594,11000,0.0,0.0,0.0
2012-10-04 00:00:00-04:00,32.16289178928334,32.251594573145184,32.109673502631466,32.207244873046875,10600,0.0,0.0,0.0
2012-10-05 00:00:00-04:00,32.34917043299803,32.38464816780116,32.109677958831995,32.127418518066406,18800,0.0,0.0,0.0
2012-10-08 00:00:00-04:00,32.02984108185721,32.02984108185721,31.923401130228964,31.994359970092773,12300,0.0,0.0,0.0
2012-10-09 00:00:00-04:00,31.852434441040483,31.8701749944355,31.59520149230957,31.59520149230957,14000,0.0,0.0,0.0
2012-10-10 00:00:00-04:00,31.56860510943651,31.648435940137688,31.408943448034154,31.4355525970459,18500,0.0,0.0,0.0
2012-10-11 00:00:00-04:00,31.612942437081742,31.63955157567141,31.382322007420502,31.400062561035156,30300,0.0,0.0,0.0
2012-10-12 00:00:00-04:00,31.408943798524174,31.497643218663743,31.364594088454393,31.373462677001953,15400,0.0,0.0,0.0
2012-10-15 00:00:00-04:00,31.462155303668965,31.66616661093073,31.408933638601372,31.648426055908203,13000,0.0,0.0,0.0
2012-10-16 00:00:00-04:00,31.746005946687504,31.985498428344727,31.746005946687504,31.985498428344727,42600,0.0,0.0,0.0
2012-10-17 00:00:00-04:00,31.914532722839567,31.985494954289425,31.85244246215366,31.923404693603516,33700,0.0,0.0,0.0
2012-10-18 00:00:00-04:00,31.834700614499937,31.834700614499937,31.57746761141422,31.692779541015625,23300,0.0,0.0,0.0
2012-10-19 00:00:00-04:00,31.42667745229984,31.42667745229984,31.08074505265251,31.16057586669922,10000,0.0,0.0,0.0
2012-10-22 00:00:00-04:00,31.08075262189237,31.231542316444646,30.983181227221568,31.204933166503906,9700,0.0,0.0,0.0
2012-10-23 00:00:00-04:00,30.885601100048767,30.956563324715184,30.761420590547655,30.79690170288086,207000,0.0,0.0,0.0
2012-10-24 00:00:00-04:00,30.94769007918431,30.965430634619672,30.690457100868958,30.717069625854492,11100,0.0,0.0,0.0
2012-10-25 00:00:00-04:00,30.965435346423153,30.965435346423153,30.672724596362205,30.752552032470703,27000,0.0,0.0,0.0
2012-10-26 00:00:00-04:00,30.74368761155407,30.89448068430252,30.5840259503691,30.841259002685547,10000,0.0,0.0,0.0
2012-10-31 00:00:00-04:00,30.921083416210152,30.921083416210152,30.646109860420115,30.77029037475586,35500,0.0,0.0,0.0
2012-11-01 00:00:00-04:00,30.894485985044206,31.160587671453747,30.894485985044206,31.09849739074707,95300,0.0,0.0,0.0
2012-11-02 00:00:00-04:00,31.311370984652076,31.311370984652076,30.832386016845703,30.832386016845703,11200,0.0,0.0,0.0
2012-11-05 00:00:00-05:00,30.81464539350446,30.921085357666016,30.752551748772646,30.921085357666016,25200,0.0,0.0,0.0
2012-11-06 00:00:00-05:00,31.018650312590225,31.18718050292574,30.99203778931059,31.089609146118164,20600,0.0,0.0,0.0
2012-11-07 00:00:00-05:00,30.770279604578032,30.770279604578032,30.37112905782771,30.513050079345703,26600,0.0,0.0,0.0
2012-11-08 00:00:00-05:00,30.477579507975214,30.566278908195354,30.1227751397642,30.13164710998535,12600,0.0,0.0,0.0
2012-11-09 00:00:00-05:00,30.007465279288148,30.397747360259963,29.963112197459353,30.140514373779297,39200,0.0,0.0,0.0
2012-11-12 00:00:00-05:00,30.282439945250587,30.30018050388954,30.122778301165578,30.21148109436035,15800,0.0,0.0,0.0
2012-11-13 00:00:00-05:00,30.016333587746427,30.344525411519623,29.980852476077693,30.11390495300293,9400,0.0,0.0,0.0
2012-11-14 00:00:00-05:00,30.051813383020335,30.051813383020335,29.643787384033203,29.643787384033203,24500,0.0,0.0,0.0
2012-11-15 00:00:00-05:00,29.6703977171493,29.68813827089633,29.48412697830243,29.617176055908203,13200,0.0,0.0,0.0
2012-11-16 00:00:00-05:00,29.52848707706585,29.80345729788636,29.377694008906936,29.75910758972168,12800,0.0,0.0,0.0
2012-11-19 00:00:00-05:00,30.051811468690932,30.406612396240234,30.051811468690932,30.406612396240234,27900,0.0,0.0,0.0
2012-11-20 00:00:00-05:00,30.371139803589237,30.433230060992816,30.175997061083564,30.397748947143555,118600,0.0,0.0,0.0
2012-11-21 00:00:00-05:00,30.46870361391559,30.548534417298992,30.415485334103185,30.50418472290039,20100,0.0,0.0,0.0
2012-11-23 00:00:00-05:00,30.663836227428085,30.814629199102146,30.646095678780334,30.77914810180664,12100,0.0,0.0,0.0
2012-11-26 00:00:00-05:00,30.82351747394867,30.93882942199707,30.7348180577058,30.93882942199707,23400,0.0,0.0,0.0
2012-11-27 00:00:00-05:00,30.912216844813432,31.018660204547626,30.823517428700768,30.832386016845703,18900,0.0,0.0,0.0
2012-11-28 00:00:00-05:00,30.717067656850784,31.098481115099627,30.548534082850516,31.089609146118164,9500,0.0,0.0,0.0
2012-11-29 00:00:00-05:00,31.196058977073527,31.293630364810234,31.098490973002647,31.222671508789062,65700,0.0,0.0,0.0
2012-11-30 00:00:00-05:00,31.22266477078249,31.267014469183067,31.116224817888096,31.21379280090332,18900,0.0,0.0,0.0
2012-12-03 00:00:00-05:00,31.364590081817866,31.373458669232523,31.063007354736328,31.063007354736328,22400,0.0,0.0,0.0
2012-12-04 00:00:00-05:00,31.045269633415877,31.0896193418733,30.956570216501035,31.009788513183594,9400,0.0,0.0,0.0
2012-12-05 00:00:00-05:00,30.983174601380757,31.018655716158047,30.68159189310446,30.912212371826172,29600,0.0,0.0,0.0
2012-12-06 00:00:00-05:00,30.770295448533517,31.018659901823575,30.770295448533517,31.000919342041016,9700,0.0,0.0,0.0
2012-12-07 00:00:00-05:00,31.125090914433223,31.125090914433223,30.921079611177195,30.965429306030273,13500,0.0,0.0,0.0
2012-12-10 00:00:00-05:00,30.912216852566633,31.107359628462433,30.912216852566633,30.983179092407227,9800,0.0,0.0,0.0
2012-12-11 00:00:00-05:00,31.178312557837227,31.400064415620808,31.178312557837227,31.249271392822266,14900,0.0,0.0,0.0
2012-12-12 00:00:00-05:00,31.222662888215282,31.355711975394826,31.133960113097366,31.16944122314453,9800,0.0,0.0,0.0
2012-12-13 00:00:00-05:00,31.240406956096766,31.240406956096766,30.912211726753572,30.992042541503906,12700,0.0,0.0,0.0
2012-12-14 00:00:00-05:00,30.832382852244685,30.85899538127967,30.717074299866532,30.752552032470703,12000,0.0,0.0,0.0
2012-12-17 00:00:00-05:00,30.832391006229425,31.107364654541016,30.832391006229425,31.107364654541016,22300,0.0,0.0,0.0
2012-12-18 00:00:00-05:00,31.204935286254642,31.488777517124145,31.12510444734345,31.426687240600586,20400,0.0,0.0,0.0
2012-12-19 00:00:00-05:00,31.475754921305633,31.475754921305633,31.234800338745117,31.234800338745117,20900,0.215,0.0,0.0
2012-12-20 00:00:00-05:00,31.1098562525995,31.315113067626953,31.1098562525995,31.315113067626953,24800,0.0,0.0,0.0
2012-12-21 00:00:00-05:00,30.913532743636452,31.118789628891154,30.708275858381747,31.074169158935547,30100,0.0,0.0,0.0
2012-12-24 00:00:00-05:00,30.993852615356445,31.02062421790246,30.940306005940595,30.993852615356445,21400,0.0,0.0,0.0
2012-12-26 00:00:00-05:00,31.00277438807614,31.00277438807614,30.708273184232446,30.788591384887695,54100,0.0,0.0,0.0
2012-12-27 00:00:00-05:00,30.797504638461202,30.83320236206055,30.46730920597297,30.833202362060547,31000,0.0,0.0,0.0
2012-12-28 00:00:00-05:00,30.583337141705922,30.708275819151467,30.431623458862305,30.431623458862305,40600,0.0,0.0,0.0
2012-12-31 00:00:00-05:00,30.556569004418108,30.97600555419922,30.538720133570656,30.97600555419922,19700,0.0,0.0,0.0
2013-01-02 00:00:00-05:00,31.600701050772795,31.797035217285156,31.511460104716562,31.797035217285156,20200,0.0,0.0,0.0
2013-01-03 00:00:00-05:00,31.797038512819462,31.86843059619895,31.63640206981033,31.66317367553711,25700,0.0,0.0,0.0
2013-01-04 00:00:00-05:00,31.716730049244706,31.779199418042595,31.64533453957554,31.743501663208008,29400,0.0,0.0,0.0
2013-01-07 00:00:00-05:00,31.62747802746276,31.761342873615593,31.600706419961977,31.69887351989746,120500,0.0,0.0,0.0
2013-01-08 00:00:00-05:00,31.725631351743747,31.725631351743747,31.520374506605684,31.627464294433594,23600,0.0,0.0,0.0
2013-01-09 00:00:00-05:00,31.68993578613202,31.77918011902173,31.68101305500465,31.70778465270996,18300,0.0,0.0,0.0
2013-01-10 00:00:00-05:00,31.91304428582739,31.91304428582739,31.70778740882446,31.895198822021484,15500,0.0,0.0,0.0
2013-01-11 00:00:00-05:00,31.930899017216877,31.984445631437513,31.877355807320374,31.957674026489258,49700,0.0,0.0,0.0
2013-01-14 00:00:00-05:00,31.850586159683854,31.895210047874972,31.788116801405934,31.814891815185547,11200,0.0,0.0,0.0
2013-01-15 00:00:00-05:00,31.689936091228404,31.797029291727107,31.663164493265352,31.76133155822754,30900,0.0,0.0,0.0
2013-01-16 00:00:00-05:00,31.73456587418102,31.877353430465316,31.689941996829027,31.797035217285156,26600,0.0,0.0,0.0
2013-01-17 00:00:00-05:00,31.948732435242125,32.08259720388218,31.868414254922588,31.99335289001465,14200,0.0,0.0,0.0
2013-01-18 00:00:00-05:00,31.913059717524714,32.05584732728203,31.868439227786517,32.04692459106445,28400,0.0,0.0,0.0
2013-01-22 00:00:00-05:00,32.06476205743758,32.100459798254995,31.93982336890055,32.09153366088867,238600,0.0,0.0,0.0
2013-01-23 00:00:00-05:00,32.24324416023648,32.350333967746685,32.136150948402666,32.31463623046875,53000,0.0,0.0,0.0
2013-01-24 00:00:00-05:00,32.07368123298772,32.252166512953956,32.02906076407705,32.10045623779297,59900,0.0,0.0,0.0
2013-01-25 00:00:00-05:00,32.1718560838189,32.21647656351531,32.07368898589218,32.162933349609375,43000,0.0,0.0,0.0
2013-01-28 00:00:00-05:00,32.20755373335726,32.225402606047524,32.118312774230304,32.145084381103516,32200,0.0,0.0,0.0
2013-01-29 00:00:00-05:00,32.136151003528916,32.305713553728175,32.091530534016755,32.287864685058594,176600,0.0,0.0,0.0
2013-01-30 00:00:00-05:00,32.270023085611,32.35034131055501,32.145084381103516,32.145084381103516,12100,0.0,0.0,0.0
2013-01-31 00:00:00-05:00,32.18077801293222,32.225398486792024,32.09153366088867,32.09153366088867,26400,0.0,0.0,0.0
2013-02-01 00:00:00-05:00,32.261085674211905,32.403873186448315,32.23431067519563,32.39494705200195,17200,0.0,0.0,0.0
2013-02-04 00:00:00-05:00,32.21645856819975,32.252156293746765,31.99335289001465,31.99335289001465,23300,0.0,0.0,0.0
2013-02-05 00:00:00-05:00,32.15400370999619,32.41280723010973,32.13615483919622,32.332489013671875,28300,0.0,0.0,0.0
2013-02-06 00:00:00-05:00,32.23432173140024,32.37710929261205,32.22539899821625,32.296791076660156,16000,0.0,0.0,0.0
2013-02-07 00:00:00-05:00,32.332485154570755,32.332485154570755,32.073681665347166,32.287864685058594,16400,0.0,0.0,0.0
2013-02-08 00:00:00-05:00,32.43956798494619,32.60020436409811,32.43956798494619,32.58235549926758,17900,0.0,0.0,0.0
2013-02-11 00:00:00-05:00,32.57343643205615,32.57343643205615,32.46634663535305,32.51988983154297,11800,0.0,0.0,0.0
2013-02-12 00:00:00-05:00,32.50204845372963,32.53774619563045,32.44850524520244,32.457427978515625,53000,0.0,0.0,0.0
2013-02-13 00:00:00-05:00,32.48420314368422,32.546672490149746,32.3860360551458,32.44850540161133,67300,0.0,0.0,0.0
2013-02-14 00:00:00-05:00,32.39495882687265,32.53774639100928,32.39495882687265,32.493125915527344,36200,0.0,0.0,0.0
2013-02-15 00:00:00-05:00,32.49313345161327,32.54668007720502,32.40389247995187,32.475284576416016,15500,0.0,0.0,0.0
2013-02-19 00:00:00-05:00,32.56451800480217,32.6805305480957,32.55559186804192,32.6805305480957,21800,0.0,0.0,0.0
2013-02-20 00:00:00-05:00,32.62697513814372,32.67159559228004,32.341400146484375,32.341400146484375,24700,0.0,0.0,0.0
2013-02-21 00:00:00-05:00,32.18077071990748,32.22539118365509,32.06475479070515,32.189693450927734,19500,0.0,0.0,0.0
2013-02-22 00:00:00-05:00,32.34142293287141,32.4395866394043,32.23432968230399,32.4395866394043,20100,0.0,0.0,0.0
2013-02-25 00:00:00-05:00,32.59128024634154,32.680521162372095,32.06475067138672,32.06475067138672,14400,0.0,0.0,0.0
2013-02-26 00:00:00-05:00,32.12722401881593,32.19861948404397,31.966587626375997,32.171844482421875,17800,0.0,0.0,0.0
2013-02-27 00:00:00-05:00,32.180767955710635,32.618053228928645,32.180767955710635,32.58235549926758,19000,0.0,0.0,0.0
2013-02-28 00:00:00-05:00,32.53774635246949,32.71623165850988,32.44850540161133,32.44850540161133,17800,0.0,0.0,0.0
2013-03-01 00:00:00-05:00,32.37709881262599,32.60020451757368,32.270009027461505,32.57343292236328,23800,0.0,0.0,0.0
2013-03-04 00:00:00-05:00,32.484196157402856,32.68052688793135,32.475270021642324,32.67160415649414,20900,0.0,0.0,0.0
2013-03-05 00:00:00-05:00,32.930416083696734,33.09105252541812,32.930416083696734,33.001808166503906,36300,0.0,0.0,0.0
2013-03-06 00:00:00-05:00,33.073192236921884,33.09996383319262,32.97502517816516,33.046417236328125,7500,0.0,0.0,0.0
2013-03-07 00:00:00-05:00,33.064277902369405,33.09105291251898,32.99288581872708,33.073204040527344,29200,0.0,0.0,0.0
2013-03-08 00:00:00-05:00,33.16242965676815,33.19812738423932,33.046413744648156,33.17135238647461,16300,0.0,0.0,0.0
2013-03-11 00:00:00-04:00,33.1713644203369,33.27845764160156,33.117821214028474,33.27845764160156,11400,0.0,0.0,0.0
2013-03-12 00:00:00-04:00,33.153522274097824,33.18921661376953,33.08212678610592,33.18921661376953,59100,0.0,0.0,0.0
2013-03-13 00:00:00-04:00,33.1802942295049,33.25168631392472,33.099976006829934,33.21599197387695,33300,0.0,0.0,0.0
2013-03-14 00:00:00-04:00,33.314159306808655,33.412322998046875,33.29631043449508,33.412322998046875,476300,0.0,0.0,0.0
2013-03-15 00:00:00-04:00,33.34093090341349,33.34985363740553,33.251686541871585,33.29631042480469,70300,0.0,0.0,0.0
2013-03-18 00:00:00-04:00,33.03749101494169,33.296294432623725,33.010719421499644,33.17135238647461,39400,0.0,0.0,0.0
2013-03-19 00:00:00-04:00,33.242759268650985,33.26953087129581,32.90363754974669,33.12674331665039,31900,0.0,0.0,0.0
2013-03-20 00:00:00-04:00,33.28738438260851,33.349853733706084,33.23384116985306,33.31415939331055,23800,0.0,0.0,0.0
2013-03-21 00:00:00-04:00,33.15351068744854,33.207053880405695,33.02856862712806,33.05534362792969,28400,0.0,0.0,0.0
2013-03-22 00:00:00-04:00,33.15352294639556,33.358779872048196,33.15352294639556,33.31415939331055,19400,0.0,0.0,0.0
2013-03-25 00:00:00-04:00,33.48528817109243,33.48528817109243,33.1895943260442,33.279197692871094,89400,0.151,0.0,0.0
2013-03-26 00:00:00-04:00,33.44945919077207,33.556983947753906,33.41361646572799,33.556983947753906,208700,0.0,0.0,0.0
2013-03-27 00:00:00-04:00,33.33297004573369,33.5211392137121,33.28816835118885,33.494258880615234,15400,0.0,0.0,0.0
2013-03-28 00:00:00-04:00,33.494251576385835,33.66449934578964,33.494251576385835,33.63761901855469,14500,0.0,0.0,0.0
2013-04-01 00:00:00-04:00,33.5749240175154,33.59284539002285,33.42259406027823,33.4673957824707,25100,0.0,0.0,0.0
2013-04-02 00:00:00-04:00,33.565944948275465,33.780997893384836,33.565944948275465,33.709312438964844,13000,0.0,0.0,0.0
2013-04-03 00:00:00-04:00,33.73619187173027,33.76307220461901,33.40465181473509,33.440494537353516,21600,0.0,0.0,0.0
2013-04-04 00:00:00-04:00,33.5121802420632,33.5121802420632,33.41361446317446,33.494258880615234,15200,0.0,0.0,0.0
2013-04-05 00:00:00-04:00,33.0731131418085,33.32400534840663,33.0551917816015,33.28816604614258,27200,0.0,0.0,0.0
2013-04-08 00:00:00-04:00,33.33297392587583,33.512184143066406,33.27025086258171,33.512184143066406,13200,0.0,0.0,0.0
2013-04-09 00:00:00-04:00,33.5032160043087,33.75410821444131,33.49425703315396,33.628662109375,25700,0.0,0.0,0.0
2013-04-10 00:00:00-04:00,33.76306247095602,34.121482757509796,33.76306247095602,34.10356140136719,17900,0.0,0.0,0.0
2013-04-11 00:00:00-04:00,34.04980101429721,34.26485389311015,34.04980101429721,34.157325744628906,20400,0.0,0.0,0.0
2013-04-12 00:00:00-04:00,34.06773576292744,34.157339170398146,33.97812893730585,34.13045883178711,12000,0.0,0.0,0.0
2013-04-15 00:00:00-04:00,33.96916861937989,33.96916861937989,33.41361999511719,33.41361999511719,23800,0.0,0.0,0.0
2013-04-16 00:00:00-04:00,33.69139168438868,33.92436599731445,33.63763101075247,33.92436599731445,75300,0.0,0.0,0.0
2013-04-17 00:00:00-04:00,33.691396526507326,33.691396526507326,33.368822183877796,33.43154525756836,25300,0.0,0.0,0.0
2013-04-18 00:00:00-04:00,33.42257434742814,33.42257434742814,33.04623600119538,33.1627197265625,8900,0.0,0.0,0.0
2013-04-19 00:00:00-04:00,33.28816809345046,33.45841589866273,33.28816809345046,33.440494537353516,11800,0.0,0.0,0.0
2013-04-22 00:00:00-04:00,33.42256623581632,33.72722247851044,33.42256623581632,33.655540466308594,11600,0.0,0.0,0.0
2013-04-23 00:00:00-04:00,33.87060357048814,33.98709073267713,33.655554029070906,33.9154052734375,30400,0.0,0.0,0.0
2013-04-24 00:00:00-04:00,33.89747786138986,34.01396157290159,33.88851547241211,33.88851547241211,15900,0.0,0.0,0.0
2013-04-25 00:00:00-04:00,34.02292045514435,34.16628790066262,34.02292045514435,34.03187942504883,13900,0.0,0.0,0.0
2013-04-26 00:00:00-04:00,34.031896829774524,34.085660931146194,33.93333101966878,34.04085922241211,16100,0.0,0.0,0.0
2013-04-29 00:00:00-04:00,34.11251902183581,34.36341116161573,34.11251902183581,34.327571868896484,8500,0.0,0.0,0.0
2013-04-30 00:00:00-04:00,34.237984212491064,34.46199615329745,34.237984212491064,34.435115814208984,33100,0.0,0.0,0.0
2013-05-01 00:00:00-04:00,34.43510392422211,34.43510392422211,34.18421173095703,34.18421173095703,17600,0.0,0.0,0.0
2013-05-02 00:00:00-04:00,34.36341544886281,34.5874272925142,34.36341544886281,34.578468322753906,6000,0.0,0.0,0.0
2013-05-03 00:00:00-04:00,34.88313095914777,35.02649842863064,34.88313095914777,34.910011291503906,13200,0.0,0.0,0.0
2013-05-06 00:00:00-04:00,34.963775634765625,34.99961835694081,34.91001155150284,34.963775634765625,20100,0.0,0.0,0.0
2013-05-07 00:00:00-04:00,35.03545603325738,35.08026114296983,34.95481162118492,35.062339782714844,16400,0.0,0.0,0.0
2013-05-08 00:00:00-04:00,35.017540049897804,35.20570921587567,34.99961868864037,35.196746826171875,37200,0.0,0.0,0.0
2013-05-09 00:00:00-04:00,35.16090002564957,35.32218540628083,35.125057310776214,35.14297866821289,15400,0.0,0.0,0.0
2013-05-10 00:00:00-04:00,35.20570741574001,35.25946807861328,35.13402197437567,35.25946807861328,10700,0.0,0.0,0.0
2013-05-13 00:00:00-04:00,35.23259356210527,35.36700207777174,35.23259356210527,35.32219696044922,26500,0.0,0.0,0.0
2013-05-14 00:00:00-04:00,35.34011697030116,35.599971600957524,35.34011697030116,35.56412887573242,24500,0.0,0.0,0.0
2013-05-15 00:00:00-04:00,35.51036478181031,35.743335637007455,35.51036478181031,35.72541427612305,16100,0.0,0.0,0.0
2013-05-16 00:00:00-04:00,35.62684627006702,35.71645306887961,35.50140016987926,35.5372428894043,46600,0.0,0.0,0.0
2013-05-17 00:00:00-04:00,35.69853240906487,35.84189987182617,35.662689688837055,35.84189987182617,8700,0.0,0.0,0.0
2013-05-20 00:00:00-04:00,35.832940900844186,35.940465643377685,35.77917682050247,35.84189987182617,12900,0.0,0.0,0.0
2013-05-21 00:00:00-04:00,35.81501954073028,35.93150325424576,35.73437512929268,35.84189987182617,9900,0.0,0.0,0.0
2013-05-22 00:00:00-04:00,35.86878520384495,36.19136289457003,35.46556650858901,35.56412887573242,14100,0.0,0.0,0.0
2013-05-23 00:00:00-04:00,35.250522945718224,35.54621696205095,35.20572123635282,35.50141525268555,22000,0.0,0.0,0.0
2013-05-24 00:00:00-04:00,35.26843662532577,35.44764684187469,35.16987083531633,35.393882751464844,24000,0.0,0.0,0.0
2013-05-28 00:00:00-04:00,35.815022976107336,35.94046909078753,35.57308971858828,35.68061447143555,60900,0.0,0.0,0.0
2013-05-29 00:00:00-04:00,35.375949769449264,35.44763519978537,35.205701999625184,35.358028411865234,24100,0.0,0.0,0.0
2013-05-30 00:00:00-04:00,35.47452369956442,35.59996981340293,35.4655647277832,35.4655647277832,113800,0.0,0.0,0.0
2013-05-31 00:00:00-04:00,35.340113963154714,35.54620448843685,34.963775634765625,34.963775634765625,45800,0.0,0.0,0.0
2013-06-03 00:00:00-04:00,35.0892220767774,35.20570921587567,34.84728882702722,35.196746826171875,149000,0.0,0.0,0.0
2013-06-04 00:00:00-04:00,35.25051851774829,35.34012192522363,34.90106044318322,35.017547607421875,64800,0.0,0.0,0.0
2013-06-05 00:00:00-04:00,34.90104773483036,34.99065110967884,34.5157470703125,34.5157470703125,36200,0.0,0.0,0.0
2013-06-06 00:00:00-04:00,34.54263343430172,34.71288466166903,34.32758392983281,34.703922271728516,11400,0.0,0.0,0.0
2013-06-07 00:00:00-04:00,34.990652682238895,35.24154829575985,34.892086914586,35.23258590698242,231900,0.0,0.0,0.0
2013-06-10 00:00:00-04:00,35.340120200594036,35.34908259179473,35.18779373168945,35.18779373168945,15300,0.0,0.0,0.0
2013-06-11 00:00:00-04:00,34.89209580596022,35.169871820298084,34.89209580596022,34.901058197021484,29000,0.0,0.0,0.0
2013-06-12 00:00:00-04:00,35.14297912583725,35.14297912583725,34.578468322753906,34.578468322753906,29200,0.0,0.0,0.0
2013-06-13 00:00:00-04:00,34.59639644918098,34.99961853027344,34.49783067178613,34.99961853027344,21800,0.0,0.0,0.0
2013-06-14 00:00:00-04:00,34.98170070038438,35.01754342635528,34.80249048868037,34.85625457763672,16200,0.0,0.0,0.0
2013-06-17 00:00:00-04:00,35.12506292214298,35.223628694716275,34.91001001669671,35.08026123046875,19500,0.0,0.0,0.0
2013-06-18 00:00:00-04:00,35.116095211705044,35.411792484617315,35.116095211705044,35.358028411865234,36300,0.0,0.0,0.0
2013-06-19 00:00:00-04:00,35.375962548418414,35.375962548418414,34.91897972847148,34.9369010925293,85900,0.0,0.0,0.0
2013-06-20 00:00:00-04:00,34.55158261324114,34.578462936484335,33.91538647857755,33.96915054321289,612700,0.0,0.0,0.0
2013-06-21 00:00:00-04:00,34.22006605734845,34.22006605734845,33.75412076658116,34.04085922241211,18500,0.0,0.0,0.0
2013-06-24 00:00:00-04:00,33.66449737548828,33.92435191738237,33.39568386442337,33.66449737548828,64800,0.0,0.0,0.0
2013-06-25 00:00:00-04:00,33.98707768672878,34.013958014550205,33.77202480970881,33.94227600097656,215400,0.0,0.0,0.0
2013-06-26 00:00:00-04:00,34.1573259749512,34.336536138812136,34.14836700492546,34.282772064208984,49800,0.0,0.0,0.0
2013-06-27 00:00:00-04:00,34.47096220277541,34.5695280140931,34.39927673339844,34.39927673339844,17200,0.0,0.0,0.0
2013-06-28 00:00:00-04:00,34.20213331548749,34.41718623130189,34.148372650146484,34.148372650146484,22400,0.0,0.0,0.0
2013-07-01 00:00:00-04:00,34.435115814208984,34.677049120457994,34.435115814208984,34.435115814208984,15000,0.0,0.0,0.0
2013-07-02 00:00:00-04:00,34.54948953999898,34.648563181194625,34.30630972136301,34.423397064208984,23400,0.197,0.0,0.0
2013-07-03 00:00:00-04:00,34.27028669434565,34.64856760578403,34.27028669434565,34.54048538208008,18300,0.0,0.0,0.0
2013-07-05 00:00:00-04:00,34.74763171470325,34.81968307495117,34.54047589405628,34.81968307495117,22100,0.0,0.0,0.0
2013-07-08 00:00:00-04:00,35.00883102416992,35.116913246783014,34.94578477886029,35.00883102416992,9400,0.0,0.0,0.0
2013-07-09 00:00:00-04:00,35.152940542519026,35.26102277535207,35.062875450921176,35.20698165893555,31600,0.0,0.0,0.0
2013-07-10 00:00:00-04:00,35.23399282921093,35.36008530430419,35.197968861871615,35.25200653076172,31300,0.0,0.0,0.0
2013-07-11 00:00:00-04:00,35.68433784218559,35.84645777844889,35.64831386194313,35.81943893432617,17000,0.0,0.0,0.0
2013-07-12 00:00:00-04:00,35.783411518320214,35.82844407044591,35.67533270606585,35.81943893432617,8500,0.0,0.0,0.0
2013-07-15 00:00:00-04:00,35.87347337442078,35.94552475724465,35.83744596512743,35.936519622802734,25000,0.0,0.0,0.0
2013-07-16 00:00:00-04:00,35.91849415656448,35.91849415656448,35.75637430359373,35.846439361572266,55200,0.0,0.0,0.0
2013-07-17 00:00:00-04:00,35.97254359633324,35.97254359633324,35.87347337442078,35.936519622802734,24900,0.0,0.0,0.0
2013-07-18 00:00:00-04:00,35.89148049656848,36.071614091479454,35.89148049656848,35.96353530883789,8300,0.0,0.0,0.0
2013-07-19 00:00:00-04:00,35.774395653726124,35.801414489746094,35.711349412504546,35.801414489746094,35900,0.0,0.0,0.0
2013-07-22 00:00:00-04:00,35.89147879046471,35.95452503032226,35.81942741738282,35.90949249267578,63200,0.0,0.0,0.0
2013-07-23 00:00:00-04:00,35.954536590703256,35.96354516258649,35.8014252263232,35.81943893432617,65300,0.0,0.0,0.0
2013-07-24 00:00:00-04:00,35.981547411430164,35.981547411430164,35.71134874896354,35.77439498901367,25400,0.0,0.0,0.0
2013-07-25 00:00:00-04:00,35.78340485118739,35.936519622802734,35.71135346836353,35.936519622802734,16800,0.0,0.0,0.0
2013-07-26 00:00:00-04:00,35.81942323020886,36.01757049560547,35.74736842978755,36.01757049560547,14800,0.0,0.0,0.0
2013-07-29 00:00:00-04:00,35.999559598175594,35.999559598175594,35.85545342187586,35.945518493652344,11100,0.0,0.0,0.0
2013-07-30 00:00:00-04:00,36.03558075994881,36.09863042819845,35.927501995078835,36.01757049560547,15900,0.0,0.0,0.0
2013-07-31 00:00:00-04:00,36.07161237681302,36.15267231888164,35.90048735945144,35.90949249267578,34400,0.0,0.0,0.0
2013-08-01 00:00:00-04:00,36.20671835969876,36.35082456126346,36.20671835969876,36.296783447265625,33600,0.0,0.0,0.0
2013-08-02 00:00:00-04:00,36.26074559336908,36.41386032104492,36.251740461511375,36.41386032104492,38300,0.0,0.0,0.0
2013-08-05 00:00:00-04:00,36.42287549156872,36.45890290045293,36.368837814005225,36.44989776611328,24600,0.0,0.0,0.0
2013-08-06 00:00:00-04:00,36.34181361903986,36.34181361903986,36.152674886036706,36.215721130371094,13100,0.0,0.0,0.0
2013-08-07 00:00:00-04:00,36.14367882945723,36.188711381611085,35.990564029217914,36.13467025756836,15000,0.0,0.0,0.0
2013-08-08 00:00:00-04:00,36.323800536512785,36.35982450493899,36.1166446803097,36.28777313232422,17500,0.0,0.0,0.0
2013-08-09 00:00:00-04:00,36.23373420855202,36.28777531809,36.08962801887999,36.14366912841797,18200,0.0,0.0,0.0
2013-08-12 00:00:00-04:00,36.008561834559586,36.17968683147471,36.008561834559586,36.15266799926758,71300,0.0,0.0,0.0
2013-08-13 00:00:00-04:00,36.170691695807946,36.278770490268144,35.999566651599054,36.23373794555664,22200,0.0,0.0,0.0
2013-08-14 00:00:00-04:00,36.188698240733885,36.23373077653548,36.02657836323833,36.03558349609375,137600,0.0,0.0,0.0
2013-08-15 00:00:00-04:00,35.702339946561246,35.702339946561246,35.51320122764726,35.594261169433594,13100,0.0,0.0,0.0
2013-08-16 00:00:00-04:00,35.54923322899199,35.59426577230503,35.41413216329005,35.48618698120117,7700,0.0,0.0,0.0
2013-08-19 00:00:00-04:00,35.58525307077891,35.59426163985333,35.38710921605324,35.396114349365234,22900,0.0,0.0,0.0
2013-08-20 00:00:00-04:00,35.45915222167969,35.576239541678206,35.38710086490018,35.45915222167969,6400,0.0,0.0,0.0
2013-08-21 00:00:00-04:00,35.45014787001873,35.612267721039565,35.3060417175293,35.3060417175293,45800,0.0,0.0,0.0
2013-08-22 00:00:00-04:00,35.38710874837127,35.63028857373027,35.36909504622293,35.594261169433594,17200,0.0,0.0,0.0
2013-08-23 00:00:00-04:00,35.82844407044591,35.83745264232915,35.62129158205692,35.81943893432617,16500,0.0,0.0,0.0
2013-08-26 00:00:00-04:00,35.81943341915493,36.00857217041898,35.7653923034668,35.7653923034668,19800,0.0,0.0,0.0
2013-08-27 00:00:00-04:00,35.36910157242209,35.50419920981887,35.152940542519026,35.20698165893555,34100,0.0,0.0,0.0
2013-08-28 00:00:00-04:00,35.143921893644986,35.37809310321051,35.143921893644986,35.261009216308594,26700,0.0,0.0,0.0
2013-08-29 00:00:00-04:00,35.40512014912024,35.57624515476245,35.40512014912024,35.423133850097656,16000,0.0,0.0,0.0
2013-08-30 00:00:00-04:00,35.468160867659314,35.468160867659314,35.270013623491316,35.32405471801758,14700,0.0,0.0,0.0
2013-09-03 00:00:00-04:00,35.45915466794089,35.4771683673189,35.36008103924274,35.45014953613281,5000,0.0,0.0,0.0
2013-09-04 00:00:00-04:00,35.459157994001295,35.77439260904267,35.43213916028084,35.69333267211914,38500,0.0,0.0,0.0
2013-09-05 00:00:00-04:00,35.76538641999942,35.855454931329895,35.756381286747576,35.77439498901367,15600,0.0,0.0,0.0
2013-09-06 00:00:00-04:00,35.936514169042844,35.99055183901922,35.57624700230946,35.79240798950195,5800,0.0,0.0,0.0
2013-09-09 00:00:00-04:00,35.97254066609566,36.188701668484995,35.97254066609566,36.14366912841797,17500,0.0,0.0,0.0
2013-09-10 00:00:00-04:00,36.395841060924376,36.42285988813134,36.31478114354213,36.40484619140625,11700,0.0,0.0,0.0
2013-09-11 00:00:00-04:00,36.32381141522374,36.53096389770508,36.32381141522374,36.53096389770508,8900,0.0,0.0,0.0
2013-09-12 00:00:00-04:00,36.566987876920194,36.63904270687722,36.512950190215825,36.53096389770508,13700,0.0,0.0,0.0
2013-09-13 00:00:00-04:00,36.521945915352084,36.639033265980274,36.44989453972416,36.566978454589844,8000,0.0,0.0,0.0
2013-09-16 00:00:00-04:00,36.981284895080194,36.981284895080194,36.69307253548853,36.75611877441406,36300,0.0,0.0,0.0
2013-09-17 00:00:00-04:00,36.81015560328251,36.98128404996596,36.81015560328251,36.954261779785156,25500,0.0,0.0,0.0
2013-09-18 00:00:00-04:00,36.99029816093873,37.48566304816375,36.90923820224641,37.43162536621094,27000,0.0,0.0,0.0
2013-09-19 00:00:00-04:00,37.58473284127023,37.58473284127023,37.45864034868461,37.476654052734375,4800,0.0,0.0,0.0
2013-09-20 00:00:00-04:00,37.54869756769401,37.54869756769401,37.25148010253906,37.25148010253906,49600,0.0,0.0,0.0
2013-09-23 00:00:00-04:00,37.32353881342655,37.32353881342655,37.08035896547911,37.16141891479492,8800,0.0,0.0,0.0
2013-09-24 00:00:00-04:00,37.18673097659491,37.25001956770292,36.996861754301335,37.03302764892578,3600,0.158,0.0,0.0
2013-09-25 00:00:00-04:00,37.10536374223397,37.10536374223397,36.85220589946719,36.87028884887695,16300,0.0,0.0,0.0
2013-09-26 00:00:00-04:00,37.03303142596793,37.18673476931344,36.98782577756157,37.0872802734375,9400,0.0,0.0,0.0
2013-09-27 00:00:00-04:00,36.98782838281489,37.042077234105506,36.92453978079424,36.99686813354492,10400,0.0,0.0,0.0
2013-09-30 00:00:00-04:00,36.68946917566325,36.93358038971787,36.68946917566325,36.834129333496094,15800,0.0,0.0,0.0
2013-10-01 00:00:00-04:00,36.79795743915542,37.123443603515625,36.79795743915542,37.123443603515625,14900,0.0,0.0,0.0
2013-10-02 00:00:00-04:00,36.82508060224773,37.01494638420249,36.82508060224773,36.96070098876953,5000,0.0,0.0,0.0
2013-10-03 00:00:00-04:00,36.98782058330782,36.98782058330782,36.60808905125675,36.66233444213867,37400,0.0,0.0,0.0
2013-10-04 00:00:00-04:00,36.716574803551474,36.98781204223633,36.716574803551474,36.98781204223633,13500,0.0,0.0,0.0
2013-10-07 00:00:00-04:00,36.65330123901367,36.825084089099796,36.65330123901367,36.65330123901367,13000,0.0,0.0,0.0
2013-10-08 00:00:00-04:00,36.617134454851126,36.617134454851126,36.11986541748047,36.11986541748047,30200,0.0,0.0,0.0
2013-10-09 00:00:00-04:00,36.192189776833004,36.23739886985889,35.92095246352547,36.092735290527344,6800,0.0,0.0,0.0
2013-10-10 00:00:00-04:00,36.59001151731816,36.95166015625,36.59001151731816,36.95166015625,17600,0.0,0.0,0.0
2013-10-11 00:00:00-04:00,36.92453171260832,37.159603118896484,36.91549196385351,37.159603118896484,9100,0.0,0.0,0.0
2013-10-14 00:00:00-04:00,36.94263303251528,37.37661361694336,36.94263303251528,37.37661361694336,15400,0.0,0.0,0.0
2013-10-15 00:00:00-04:00,37.24098250350625,37.39468585649178,37.13248825073242,37.13248825073242,15300,0.0,0.0,0.0
2013-10-16 00:00:00-04:00,37.43988605324,37.64783477783203,37.43988605324,37.64783477783203,11200,0.0,0.0,0.0
2013-10-17 00:00:00-04:00,37.53029684860985,37.86482620239258,37.53029684860985,37.86482620239258,26700,0.0,0.0,0.0
2013-10-18 00:00:00-04:00,38.054697011685185,38.217440111011456,38.00949136164345,38.208396911621094,22400,0.0,0.0,0.0
2013-10-21 00:00:00-04:00,38.28976483899563,38.28976483899563,38.1451047031652,38.181270599365234,14100,0.0,0.0,0.0
2013-10-22 00:00:00-04:00,38.371147106112986,38.5519731886863,38.33498464877484,38.42539596557617,66000,0.0,0.0,0.0
2013-10-23 00:00:00-04:00,38.316887985517624,38.362093627743334,38.199350556555245,38.325927734375,4100,0.0,0.0,0.0
2013-10-24 00:00:00-04:00,38.48867777562093,38.57004932595085,38.443472125208764,38.51580047607422,14100,0.0,0.0,0.0
2013-10-25 00:00:00-04:00,38.741820204243716,38.78702928965441,38.588120350548095,38.73278045654297,6900,0.0,0.0,0.0
2013-10-28 00:00:00-04:00,38.81416826356856,38.9045795743779,38.73279670425199,38.85033416748047,26300,0.0,0.0,0.0
2013-10-29 00:00:00-04:00,38.94977783194305,39.0221061706543,38.84128015042197,39.0221061706543,26300,0.0,0.0,0.0
2013-10-30 00:00:00-04:00,39.06731631213915,39.08539926114161,38.732790378018265,38.832244873046875,21900,0.0,0.0,0.0
2013-10-31 00:00:00-04:00,38.832252550359584,39.00403542639043,38.71471508309082,38.77800369262695,7800,0.0,0.0,0.0
2013-11-01 00:00:00-04:00,38.92265471714871,38.92265471714871,38.70566623515327,38.82320022583008,9200,0.0,0.0,0.0
2013-11-04 00:00:00-05:00,38.90456643769493,38.958815275244895,38.796072211564265,38.92264938354492,10700,0.0,0.0,0.0
2013-11-05 00:00:00-05:00,38.777995825001184,38.95882186511847,38.66950158051875,38.85936737060547,33200,0.0,0.0,0.0
2013-11-06 00:00:00-05:00,39.05827841494816,39.094444314668706,38.9678636656468,39.04019546508789,200100,0.0,0.0,0.0
2013-11-07 00:00:00-05:00,39.13059809804297,39.139641295455064,38.56100082397461,38.56100082397461,21100,0.0,0.0,0.0
2013-11-08 00:00:00-05:00,38.59716345140631,38.91360983192778,38.488669224726884,38.89552688598633,14800,0.0,0.0,0.0
2013-11-11 00:00:00-05:00,38.92265974596421,38.96786539813969,38.87745409378873,38.91361999511719,8300,0.0,0.0,0.0
2013-11-12 00:00:00-05:00,38.85936990025593,38.913618750513535,38.76895859879665,38.8774528503418,4500,0.0,0.0,0.0
2013-11-13 00:00:00-05:00,38.7689497011682,39.25717544555664,38.7689497011682,39.25717544555664,14400,0.0,0.0,0.0
2013-11-14 00:00:00-05:00,39.27527053808754,39.510345458984375,39.27527053808754,39.510345458984375,17300,0.0,0.0,0.0
2013-11-15 00:00:00-05:00,39.45610015686731,39.59172058105469,39.45610015686731,39.59172058105469,5400,0.0,0.0,0.0
2013-11-18 00:00:00-05:00,39.673079690741616,39.673079690741616,39.36567648153146,39.419921875,9600,0.0,0.0,0.0
2013-11-19 00:00:00-05:00,39.3656834698716,39.447055023489355,39.24814601487479,39.30239486694336,11500,0.0,0.0,0.0
2013-11-20 00:00:00-05:00,39.38377313823919,39.4380185505902,39.076369822024,39.130615234375,10100,0.0,0.0,0.0
2013-11-21 00:00:00-05:00,39.266213334784254,39.3927904902539,39.21196450431062,39.356624603271484,11900,0.0,0.0,0.0
2013-11-22 00:00:00-05:00,39.52842158941191,39.654998779296875,39.52842158941191,39.654998779296875,121000,0.0,0.0,0.0
2013-11-25 00:00:00-05:00,39.76350092388217,39.76350092388217,39.57363510131836,39.57363510131836,49300,0.0,0.0,0.0
2013-11-26 00:00:00-05:00,39.564583637582615,39.81774146376494,39.564583637582615,39.70924377441406,43900,0.0,0.0,0.0
2013-11-27 00:00:00-05:00,39.81774861310911,39.89912017024781,39.79966566163714,39.87199401855469,53000,0.0,0.0,0.0
2013-11-29 00:00:00-05:00,39.99856928701736,40.07089763418498,39.99856928701736,40.025691986083984,13300,0.0,0.0,0.0
2013-12-02 00:00:00-05:00,40.00760822808828,40.00760822808828,39.82678219037076,39.88103103637695,12400,0.0,0.0,0.0
2013-12-03 00:00:00-05:00,39.68212147742372,39.76349302077402,39.58266698566561,39.654998779296875,8400,0.0,0.0,0.0
2013-12-04 00:00:00-05:00,39.501308126228,39.76350578887866,39.32952523464869,39.63692855834961,11300,0.0,0.0,0.0
2013-12-05 00:00:00-05:00,39.627876353301346,39.627876353301346,39.49225596379627,39.519378662109375,10600,0.0,0.0,0.0
2013-12-06 00:00:00-05:00,39.87198274269694,39.9262315817712,39.72732262080162,39.89910888671875,9300,0.0,0.0,0.0
2013-12-09 00:00:00-05:00,39.998564422723284,40.06185301216202,39.962398529052734,39.962398529052734,3600,0.0,0.0,0.0
2013-12-10 00:00:00-05:00,39.86293558295738,39.91718441194606,39.8086867539687,39.81772994995117,12000,0.0,0.0,0.0
2013-12-11 00:00:00-05:00,39.926244344962974,39.926244344962974,39.43801498413086,39.43801498413086,7300,0.0,0.0,0.0
2013-12-12 00:00:00-05:00,39.51034346371306,39.51034346371306,39.2752685546875,39.2752685546875,17400,0.0,0.0,0.0
2013-12-13 00:00:00-05:00,39.39280600920028,39.39280600920028,39.2210231518125,39.2752685546875,10600,0.0,0.0,0.0
2013-12-16 00:00:00-05:00,39.483215292776684,39.64595839101374,39.465135792057005,39.5374641418457,12500,0.0,0.0,0.0
2013-12-17 00:00:00-05:00,39.53746056152531,39.53746056152531,39.32951183237989,39.45608901977539,10800,0.0,0.0,0.0
2013-12-18 00:00:00-05:00,39.48320886464155,39.98952102661133,39.23909770599891,39.98952102661133,4900,0.0,0.0,0.0
2013-12-19 00:00:00-05:00,39.88102699277872,39.998564422723284,39.79061225860235,39.962398529052734,10300,0.0,0.0,0.0
2013-12-20 00:00:00-05:00,40.07993360575748,40.378293588598076,40.07993360575748,40.278839111328125,26000,0.0,0.0,0.0
2013-12-23 00:00:00-05:00,40.5513143131347,40.5513143131347,40.43324681046891,40.50590133666992,16100,0.2,0.0,0.0
2013-12-24 00:00:00-05:00,40.57855071093535,40.633044192407716,40.54222172328711,40.58763122558594,4800,0.0,0.0,0.0
2013-12-26 00:00:00-05:00,40.76020440814411,40.869187939248725,40.72387540960124,40.860107421875,16000,0.0,0.0,0.0
2013-12-27 00:00:00-05:00,41.068988033033285,41.068988033033285,40.7874435317898,40.79652404785156,9400,0.0,0.0,0.0
2013-12-30 00:00:00-05:00,40.8510136258224,40.8510136258224,40.75111063609246,40.823768615722656,20600,0.0,0.0,0.0
2013-12-31 00:00:00-05:00,40.89642834990449,41.023576365960395,40.87826385267884,41.014495849609375,24200,0.0,0.0,0.0
2014-01-02 00:00:00-05:00,40.72386604387557,40.77835952915739,40.64212754821443,40.66937255859375,46300,0.0,0.0,0.0
2014-01-03 00:00:00-05:00,40.68754076321492,40.73295027282821,40.533147737625036,40.56947326660156,131400,0.0,0.0,0.0
2014-01-06 00:00:00-05:00,40.66029478793534,40.66029478793534,40.27884729426074,40.351505279541016,16500,0.0,0.0,0.0
2014-01-07 00:00:00-05:00,40.460493012332996,40.70570854144093,40.460493012332996,40.62397003173828,5200,0.0,0.0,0.0
2014-01-08 00:00:00-05:00,40.57856051846432,40.69662802459565,40.542231522035635,40.62397003173828,19600,0.0,0.0,0.0
2014-01-09 00:00:00-05:00,40.83284954991602,40.83284954991602,40.52406006236542,40.66937255859375,12800,0.0,0.0,0.0
2014-01-10 00:00:00-05:00,40.814696627724004,40.814696627724004,40.56040055335023,40.769287109375,16500,0.0,0.0,0.0
2014-01-13 00:00:00-05:00,40.705703530167916,40.77836151408037,40.10628902098362,40.20619201660156,14900,0.0,0.0,0.0
2014-01-14 00:00:00-05:00,40.406006230801985,40.714795796224486,40.406006230801985,40.678466796875,19800,0.0,0.0,0.0
2014-01-15 00:00:00-05:00,40.778356078402574,41.005407051078485,40.778356078402574,40.969078063964844,14500,0.0,0.0,0.0
2014-01-16 00:00:00-05:00,40.941835775163135,40.99632579492981,40.83284880658352,40.9509162902832,13200,0.0,0.0,0.0
2014-01-17 00:00:00-05:00,40.98724296508015,41.0235684880321,40.787436998491245,40.81468200683594,33300,0.0,0.0,0.0
2014-01-21 00:00:00-05:00,41.132564443124174,41.132564443124174,40.76928141799795,41.03266143798828,37800,0.0,0.0,0.0
2014-01-22 00:00:00-05:00,41.096221263915524,41.096221263915524,40.950908796922356,41.050811767578125,30400,0.0,0.0,0.0
2014-01-23 00:00:00-05:00,40.72386388283369,40.787437880027284,40.55130638538294,40.76019287109375,12600,0.0,0.0,0.0
2014-01-24 00:00:00-05:00,40.62395994528283,40.62395994528283,40.069955013131626,40.08811950683594,27400,0.0,0.0,0.0
2014-01-27 00:00:00-05:00,40.05179972185069,40.05179972185069,39.55228815604312,39.652191162109375,27400,0.0,0.0,0.0
2014-01-28 00:00:00-05:00,39.661269156921044,39.80658513070383,39.65218864082137,39.74300765991211,12600,0.0,0.0,0.0
2014-01-29 00:00:00-05:00,39.55227176472673,39.61584574869087,39.28889185143397,39.33430480957031,22700,0.0,0.0,0.0
2014-01-30 00:00:00-05:00,39.79749582191708,39.99730179459451,39.71575732986931,39.879234313964844,19800,0.0,0.0,0.0
2014-01-31 00:00:00-05:00,39.41605799626504,39.92465005781453,39.41605799626504,39.68851852416992,17800,0.0,0.0,0.0
2014-02-03 00:00:00-05:00,39.7066840866398,39.7066840866398,38.73490598350774,38.75306701660156,28300,0.0,0.0,0.0
2014-02-04 00:00:00-05:00,38.9437911872473,39.15267770597163,38.8529687022431,39.08910369873047,17300,0.0,0.0,0.0
2014-02-05 00:00:00-05:00,38.93469807866951,39.098175048828125,38.62590863109467,39.098175048828125,10600,0.0,0.0,0.0
2014-02-06 00:00:00-05:00,39.17082647915657,39.47961587517058,39.17082647915657,39.44328689575195,13300,0.0,0.0,0.0
2014-02-07 00:00:00-05:00,39.62495679383205,40.03364944458008,39.62495679383205,40.03364944458008,41700,0.0,0.0,0.0
2014-02-10 00:00:00-05:00,40.12444861762628,40.18802261352539,40.024545634206845,40.18802261352539,7800,0.0,0.0,0.0
2014-02-11 00:00:00-05:00,40.25159288095023,40.71477876762253,40.25159288095023,40.61487579345703,18600,0.0,0.0,0.0
2014-02-12 00:00:00-05:00,40.67846352638131,40.77836653429829,40.59672501667866,40.62397003173828,11800,0.0,0.0,0.0
2014-02-13 00:00:00-05:00,40.45140632735728,40.96908232169625,40.41507733646814,40.941837310791016,18000,0.0,0.0,0.0
2014-02-14 00:00:00-05:00,40.95091868074384,41.12347619428304,40.95091868074384,41.05990219116211,27200,0.0,0.0,0.0
2014-02-18 00:00:00-05:00,41.01448073185431,41.15979319157434,41.01448073185431,41.114383697509766,24000,0.0,0.0,0.0
2014-02-19 00:00:00-05:00,40.95999930483376,41.05082178419221,40.732948303222656,40.732948303222656,8400,0.0,0.0,0.0
2014-02-20 00:00:00-05:00,40.84193787921539,41.0871533923132,40.84193787921539,41.04174041748047,17800,0.0,0.0,0.0
2014-02-21 00:00:00-05:00,41.05989979433969,41.177967278039375,40.9509162902832,40.9509162902832,8900,0.0,0.0,0.0
2014-02-24 00:00:00-05:00,41.01450193062493,41.386865517650136,41.01450193062493,41.150733947753906,13800,0.0,0.0,0.0
2014-02-25 00:00:00-05:00,41.08714750281326,41.2415405086382,41.0326540195393,41.105308532714844,23300,0.0,0.0,0.0
2014-02-26 00:00:00-05:00,41.27788198266143,41.332372017893725,41.032666430543735,41.150733947753906,13000,0.0,0.0,0.0
2014-02-27 00:00:00-05:00,41.14164437500224,41.45043390261383,41.14164437500224,41.38685989379883,14500,0.0,0.0,0.0
2014-02-28 00:00:00-05:00,41.49583250935687,41.73196744963651,41.26878154767715,41.45950698852539,21400,0.0,0.0,0.0
2014-03-03 00:00:00-05:00,41.05991316886471,41.277883712500774,40.96001014738669,41.21430969238281,16700,0.0,0.0,0.0
2014-03-04 00:00:00-05:00,41.65931876711668,41.89545376004399,41.62299323818622,41.85004425048828,14600,0.0,0.0,0.0
2014-03-05 00:00:00-05:00,41.8409538269043,41.90452782339743,41.81370881827094,41.8409538269043,443400,0.0,0.0,0.0
2014-03-06 00:00:00-05:00,41.959031688542424,42.02260570076785,41.82279968261719,41.82279968261719,20200,0.0,0.0,0.0
2014-03-07 00:00:00-05:00,42.086165770691935,42.086165770691935,41.613899361667,41.713802337646484,18600,0.0,0.0,0.0
2014-03-10 00:00:00-04:00,41.741052907315826,41.777381896972656,41.55941142355479,41.777381896972656,10200,0.0,0.0,0.0
2014-03-11 00:00:00-04:00,41.86819793129339,41.895446403861214,41.59573745727539,41.59573745727539,4200,0.0,0.0,0.0
2014-03-12 00:00:00-04:00,41.41410792189358,41.66840744018555,41.37778238887235,41.66840744018555,7700,0.0,0.0,0.0
2014-03-13 00:00:00-04:00,41.83188710435055,41.83188710435055,41.01450193062493,41.150733947753906,17000,0.0,0.0,0.0
2014-03-14 00:00:00-04:00,41.07806002201577,41.24153699338048,40.950912036403835,40.97815704345703,16400,0.0,0.0,0.0
2014-03-17 00:00:00-04:00,41.21430824284159,41.43227531428732,41.205224260558936,41.32329177856445,10100,0.0,0.0,0.0
2014-03-18 00:00:00-04:00,41.513994858919595,41.75921030061744,41.49583036718021,41.72288131713867,10600,0.0,0.0,0.0
2014-03-19 00:00:00-04:00,41.69564777782993,41.71381227456444,41.20521675956882,41.423187255859375,12500,0.0,0.0,0.0
2014-03-20 00:00:00-04:00,41.214298788366314,41.6139073040302,41.214298788366314,41.58666229248047,8100,0.0,0.0,0.0
2014-03-21 00:00:00-04:00,41.78645289652216,41.78645289652216,41.27786101523549,41.28694152832031,10500,0.0,0.0,0.0
2014-03-24 00:00:00-04:00,41.28694116076407,41.28694116076407,40.93274225672915,41.114383697509766,13000,0.0,0.0,0.0
2014-03-25 00:00:00-04:00,41.38966050610275,41.38966050610275,41.02507280705666,41.29851531982422,12200,0.162,0.0,0.0
2014-03-26 00:00:00-04:00,41.35318674779833,41.426105653190795,40.91568374633789,40.91568374633789,437700,0.0,0.0,0.0
2014-03-27 00:00:00-04:00,40.92480806621693,40.92480806621693,40.68782505596235,40.8154296875,11600,0.0,0.0,0.0
2014-03-28 00:00:00-04:00,40.85189978374332,41.134455453550025,40.84278665496016,40.8974723815918,5900,0.0,0.0,0.0
2014-03-31 00:00:00-04:00,41.116220950831725,41.36231712303371,41.116220950831725,41.289398193359375,12600,0.0,0.0,0.0
2014-04-01 00:00:00-04:00,41.380563482981046,41.6540026252012,41.380563482981046,41.6448860168457,7900,0.0,0.0,0.0
2014-04-02 00:00:00-04:00,41.72689631754867,41.781585508221106,41.65398087361762,41.7724723815918,16600,0.0,0.0,0.0
2014-04-03 00:00:00-04:00,41.91830085494057,41.91830085494057,41.50814067495778,41.617515563964844,11600,0.0,0.0,0.0
2014-04-04 00:00:00-04:00,41.49903321845573,41.49903321845573,40.88835285353534,40.92481231689453,8700,0.0,0.0,0.0
2014-04-07 00:00:00-04:00,40.83366484733477,40.933926636008685,40.47819376164788,40.651371002197266,38200,0.0,0.0,0.0
2014-04-08 00:00:00-04:00,40.71516250247821,40.824540866662424,40.414380693384054,40.76985168457031,9200,0.0,0.0,0.0
2014-04-09 00:00:00-04:00,40.851896441649,41.34408880286551,40.851896441649,41.32585906982422,19500,0.0,0.0,0.0
2014-04-10 00:00:00-04:00,41.3623103144907,41.3623103144907,40.323240076431595,40.478187561035156,15600,0.0,0.0,0.0
2014-04-11 00:00:00-04:00,40.150061759306816,40.43261736654125,39.99511426554203,40.022457122802734,17500,0.0,0.0,0.0
2014-04-14 00:00:00-04:00,40.3597098083188,40.44174188016361,40.02246839160857,40.332366943359375,17700,0.0,0.0,0.0
2014-04-15 00:00:00-04:00,40.3961652400685,40.53288650512695,40.058923857081496,40.53288650512695,12400,0.0,0.0,0.0
2014-04-16 00:00:00-04:00,40.824558389724494,41.04330825805664,40.74252631985832,41.04330825805664,14100,0.0,0.0,0.0
2014-04-17 00:00:00-04:00,40.906573574243964,41.16178280760878,40.815424935924355,41.09798049926758,9700,0.0,0.0,0.0
2014-04-21 00:00:00-04:00,41.13443767806986,41.27115541253527,41.13443767806986,41.243812561035156,8400,0.0,0.0,0.0
2014-04-22 00:00:00-04:00,41.47168731689453,41.626634809354854,41.46257419020621,41.47168731689453,10000,0.0,0.0,0.0
2014-04-23 00:00:00-04:00,41.53549266044798,41.53549266044798,41.30762623001894,41.344085693359375,28700,0.0,0.0,0.0
2014-04-24 00:00:00-04:00,41.65397900752884,41.7268944481933,41.280278247089385,41.416996002197266,7100,0.0,0.0,0.0
2014-04-25 00:00:00-04:00,41.225597408556176,41.23471401358903,40.98861783219294,41.015960693359375,22200,0.0,0.0,0.0
2014-04-28 00:00:00-04:00,41.161789556134735,41.38965597384517,40.87012081962263,41.28028106689453,16700,0.0,0.0,0.0
2014-04-29 00:00:00-04:00,41.36231462223484,41.51726212297565,41.2802825697939,41.426116943359375,9300,0.0,0.0,0.0
2014-04-30 00:00:00-04:00,41.41700803566111,41.544616178589095,41.41700803566111,41.535499572753906,3900,0.0,0.0,0.0
2014-05-01 00:00:00-04:00,41.608407756870776,41.63575061337616,41.44434366390751,41.55371856689453,11300,0.0,0.0,0.0
2014-05-02 00:00:00-04:00,41.635753018437335,41.653982749482445,41.489918647042124,41.51726150512695,11700,0.0,0.0,0.0
2014-05-05 00:00:00-04:00,41.41700711053852,41.71779251098633,41.28940244742719,41.71779251098633,3900,0.0,0.0,0.0
2014-05-06 00:00:00-04:00,41.6357623133509,41.6357623133509,41.31675064125837,41.353206634521484,11600,0.0,0.0,0.0
2014-05-07 00:00:00-04:00,41.35319942819612,41.46257781982422,41.16179245829572,41.46257781982422,7800,0.0,0.0,0.0
2014-05-08 00:00:00-04:00,41.46257659070625,41.72689900355728,41.316742216491086,41.43523025512695,16700,0.0,0.0,0.0
2014-05-09 00:00:00-04:00,41.48080053826639,41.58106231689453,41.28939358468478,41.58106231689453,11800,0.0,0.0,0.0
2014-05-12 00:00:00-04:00,41.79070420911819,42.036800384521484,41.75424822077272,42.036800384521484,15200,0.0,0.0,0.0
2014-05-13 00:00:00-04:00,42.10059630262108,42.17351522214571,42.036793986519754,42.06414031982422,13600,0.0,0.0,0.0
2014-05-14 00:00:00-04:00,41.972991135703985,42.00945059500183,41.84538650512695,41.84538650512695,9000,0.0,0.0,0.0
2014-05-15 00:00:00-04:00,41.74512944676303,41.74512944676303,41.325856048366006,41.453460693359375,13200,0.0,0.0,0.0
2014-05-16 00:00:00-04:00,41.47168713742855,41.69955355027157,41.371425359463146,41.672210693359375,7500,0.0,0.0,0.0
2014-05-19 00:00:00-04:00,41.617525298808346,41.890964323769225,41.617525298808346,41.88185119628906,10200,0.0,0.0,0.0
2014-05-20 00:00:00-04:00,41.790692948460276,41.85449525708054,41.54460031633354,41.62662887573242,10300,0.0,0.0,0.0
2014-05-21 00:00:00-04:00,41.72690029827071,42.01856905575101,41.72690029827071,41.99122619628906,5900,0.0,0.0,0.0
2014-05-22 00:00:00-04:00,42.05502983085988,42.20086421414682,42.05502983085988,42.12794876098633,8200,0.0,0.0,0.0
2014-05-23 00:00:00-04:00,42.164404025609315,42.31935501098633,42.146177770356395,42.31935501098633,7600,0.0,0.0,0.0
2014-05-27 00:00:00-04:00,42.51074522802883,42.61100697723075,42.474285777961846,42.592777252197266,8800,0.0,0.0,0.0
2014-05-28 00:00:00-04:00,42.63834982629872,42.63834982629872,42.49251550299534,42.592777252197266,8600,0.0,0.0,0.0
2014-05-29 00:00:00-04:00,42.60190751396286,42.75685501098633,42.56544805220475,42.75685501098633,6900,0.0,0.0,0.0
2014-05-30 00:00:00-04:00,42.82977995014947,42.92092514038086,42.71128842127576,42.92092514038086,8400,0.0,0.0,0.0
2014-06-02 00:00:00-04:00,42.993828422478174,42.993828422478174,42.73861918052577,42.90268325805664,9500,0.0,0.0,0.0
2014-06-03 00:00:00-04:00,42.85712584992378,42.85712584992378,42.74775091849941,42.7933235168457,6300,0.0,0.0,0.0
2014-06-04 00:00:00-04:00,42.75685360056399,42.930030822753906,42.75685360056399,42.930030822753906,12500,0.0,0.0,0.0
2014-06-05 00:00:00-04:00,42.94826646321441,43.22170550107735,42.811548682765945,43.19436264038086,7400,0.0,0.0,0.0
2014-06-06 00:00:00-04:00,43.26727906780372,43.358424249495116,43.26727906780372,43.33108139038086,9400,0.0,0.0,0.0
2014-06-09 00:00:00-04:00,43.385764890832995,43.46779694094829,43.321962571517275,43.376651763916016,8500,0.0,0.0,0.0
2014-06-10 00:00:00-04:00,43.349318937535216,43.376661801579104,43.25817026244487,43.34020233154297,12900,0.0,0.0,0.0
2014-06-11 00:00:00-04:00,43.25816656207195,43.31285576244796,43.15790476653234,43.23993682861328,5700,0.0,0.0,0.0
2014-06-12 00:00:00-04:00,43.285506681531544,43.285506681531544,42.73862518724519,42.85711669921875,9400,0.0,0.0,0.0
2014-06-13 00:00:00-04:00,42.80243361150715,42.94826800205705,42.80243361150715,42.92092514038086,28500,0.0,0.0,0.0
2014-06-16 00:00:00-04:00,42.87534652179217,43.03029401881049,42.829773933078876,42.96649169921875,12300,0.0,0.0,0.0
2014-06-17 00:00:00-04:00,42.93914973241427,43.057641247100165,42.893577142755305,42.99383544921875,17100,0.0,0.0,0.0
2014-06-18 00:00:00-04:00,43.02119066114284,43.34020233154297,42.88446938699053,43.34020233154297,19400,0.0,0.0,0.0
2014-06-19 00:00:00-04:00,43.3675339280389,43.403989908713946,43.23081270037041,43.34930419921875,7400,0.0,0.0,0.0
2014-06-20 00:00:00-04:00,43.46780388037116,43.46780388037116,43.294626625576676,43.358428955078125,16800,0.0,0.0,0.0
2014-06-23 00:00:00-04:00,43.31284732274822,43.32196044921875,43.22169867321559,43.32196044921875,24000,0.0,0.0,0.0
2014-06-24 00:00:00-04:00,43.294621228559976,43.45868533453073,43.04852506960385,43.103214263916016,17400,0.0,0.0,0.0
2014-06-25 00:00:00-04:00,43.057644136636874,43.43134496006409,43.057644136636874,43.38576889038086,222400,0.0,0.0,0.0
2014-06-26 00:00:00-04:00,43.42222203945695,43.42222203945695,43.08498073004263,43.31284713745117,22800,0.0,0.0,0.0
2014-06-27 00:00:00-04:00,43.28551047573405,43.53160317122374,43.28551047573405,43.48603057861328,23100,0.0,0.0,0.0
2014-06-30 00:00:00-04:00,43.54071718716067,43.61363263560895,43.44956853039315,43.51337432861328,11400,0.0,0.0,0.0
2014-07-01 00:00:00-04:00,43.659211961369024,43.987336719327395,43.659211961369024,43.92353439331055,18300,0.0,0.0,0.0
2014-07-02 00:00:00-04:00,43.93268966674805,43.99677124128276,43.88691412020849,43.93268966674805,49200,0.21,0.0,0.0
2014-07-03 00:00:00-04:00,44.13408763548678,44.15239715576172,43.97846195142571,44.15239715576172,31300,0.0,0.0,0.0
2014-07-07 00:00:00-04:00,44.1340944909255,44.1340944909255,43.969312275039044,44.03339385986328,19400,0.0,0.0,0.0
2014-07-08 00:00:00-04:00,43.99678117312887,43.99678117312887,43.55736306618912,43.694679260253906,9800,0.0,0.0,0.0
2014-07-09 00:00:00-04:00,43.8045285898683,43.914385724897436,43.69467494702351,43.89607620239258,17400,0.0,0.0,0.0
2014-07-10 00:00:00-04:00,43.43833701232647,43.83198291056253,43.35594592915652,43.74959182739258,5500,0.0,0.0,0.0
2014-07-11 00:00:00-04:00,43.80452220638743,43.8960698055708,43.740440633050994,43.88691329956055,6500,0.0,0.0,0.0
2014-07-14 00:00:00-04:00,44.12493667166392,44.234790306233855,44.106627150538245,44.18901824951172,14200,0.0,0.0,0.0
2014-07-15 00:00:00-04:00,44.234789552322205,44.234789552322205,43.91438166854404,43.99677276611328,15800,0.0,0.0,0.0
2014-07-16 00:00:00-04:00,44.22562937550874,44.22562937550874,43.98760913566402,44.042537689208984,10100,0.0,0.0,0.0
2014-07-17 00:00:00-04:00,43.896074929233265,44.03339110576046,43.4658098933094,43.4841194152832,63300,0.0,0.0,0.0
2014-07-18 00:00:00-04:00,43.72213895120936,44.08832242922025,43.72213895120936,44.03339385986328,23300,0.0,0.0,0.0
2014-07-21 00:00:00-04:00,43.96016053623796,44.02424212292322,43.81368783921672,43.95100402832031,19300,0.0,0.0,0.0
2014-07-22 00:00:00-04:00,44.143239096319725,44.24393970023023,44.10662005995526,44.16154861450195,37500,0.0,0.0,0.0
2014-07-23 00:00:00-04:00,44.30802327862021,44.399567381502415,44.27140424059386,44.34463882446289,7300,0.0,0.0,0.0
2014-07-24 00:00:00-04:00,44.372091133640986,44.43617268428763,44.308009582994345,44.335472106933594,16700,0.0,0.0,0.0
2014-07-25 00:00:00-04:00,44.198169946932374,44.21647946751244,44.01508172549964,44.097469329833984,6300,0.0,0.0,0.0
2014-07-28 00:00:00-04:00,44.12493535679607,44.16155439795621,43.83199001188293,44.097469329833984,18500,0.0,0.0,0.0
2014-07-29 00:00:00-04:00,44.17070435134419,44.2164764035306,43.960150117539726,43.969303131103516,10700,0.0,0.0,0.0
2014-07-30 00:00:00-04:00,44.16156208327896,44.16156208327896,43.8686131952007,44.02424240112305,17000,0.0,0.0,0.0
2014-07-31 00:00:00-04:00,43.731277503150054,43.731277503150054,43.09961492973053,43.13623046875,76700,0.0,0.0,0.0
2014-08-01 00:00:00-04:00,43.00809048794488,43.200335266901625,42.83415523443899,42.962318420410156,17500,0.0,0.0,0.0
2014-08-04 00:00:00-04:00,43.127087694641,43.41087652336922,42.99892454719163,43.39257049560547,9000,0.0,0.0,0.0
2014-08-05 00:00:00-04:00,43.15456319936691,43.200335266901625,42.797536183537254,42.962318420410156,13300,0.0,0.0,0.0
2014-08-06 00:00:00-04:00,42.7151326961632,42.98976851403065,42.651051121733595,42.87076187133789,9400,0.0,0.0,0.0
2014-08-07 00:00:00-04:00,43.13624112656662,43.13624112656662,42.678513599992144,42.69682312011719,20200,0.0,0.0,0.0
2014-08-08 00:00:00-04:00,42.75176055056698,43.136250076414605,42.72429451858885,43.108787536621094,8300,0.0,0.0,0.0
2014-08-11 00:00:00-04:00,43.33763885498047,43.46580199331899,43.24609475393399,43.33763885498047,38100,0.0,0.0,0.0
2014-08-12 00:00:00-04:00,43.30102386642078,43.30102386642078,43.17286071609875,43.236942291259766,5900,0.0,0.0,0.0
2014-08-13 00:00:00-04:00,43.474958019864665,43.630583688366215,43.39256693295691,43.612274169921875,14400,0.0,0.0,0.0
2014-08-14 00:00:00-04:00,43.68551128916009,43.77705538719797,43.68551128916009,43.76790237426758,18500,0.0,0.0,0.0
2014-08-15 00:00:00-04:00,44.02423348227544,44.02423348227544,43.7129786256723,43.85945129394531,8900,0.0,0.0,0.0
2014-08-18 00:00:00-04:00,44.17986273213815,44.30802938288775,44.17986273213815,44.28056335449219,14200,0.0,0.0,0.0
2014-08-19 00:00:00-04:00,44.43618596053815,44.59181163226714,44.38125740406599,44.54603958129883,8400,0.0,0.0,0.0
2014-08-20 00:00:00-04:00,44.536889412584195,44.71082461424662,44.536889412584195,44.7016716003418,7500,0.0,0.0,0.0
2014-08-21 00:00:00-04:00,44.65589121566338,44.774901336634066,44.63758169765378,44.68335723876953,8400,0.0,0.0,0.0
2014-08-22 00:00:00-04:00,44.674205574259624,44.77490618813192,44.628433520367814,44.7016716003418,14300,0.0,0.0,0.0
2014-08-25 00:00:00-04:00,44.939694192089476,45.12278592353673,44.848150072458,44.884765625,36900,0.0,0.0,0.0
2014-08-26 00:00:00-04:00,44.98545734588676,45.00376686462508,44.91222276311709,44.96714782714844,22700,0.0,0.0,0.0
2014-08-27 00:00:00-04:00,44.93968934498104,44.9763083857577,44.84814523522334,44.866451263427734,17600,0.0,0.0,0.0
2014-08-28 00:00:00-04:00,44.765759007038795,44.87561264912943,44.710830439901315,44.81153106689453,12100,0.0,0.0,0.0
2014-08-29 00:00:00-04:00,44.94883833310448,44.94883833310448,44.73828410577355,44.89391326904297,4000,0.0,0.0,0.0
2014-09-02 00:00:00-04:00,45.04953665061675,45.04953665061675,44.85729195180447,44.95799255371094,17300,0.0,0.0,0.0
2014-09-03 00:00:00-04:00,44.976313276122646,44.976313276122646,44.793221544515376,44.81153106689453,9200,0.0,0.0,0.0
2014-09-04 00:00:00-04:00,44.912223776862824,45.04953993222426,44.6467409874402,44.6650505065918,15600,0.0,0.0,0.0
2014-09-05 00:00:00-04:00,44.65589856561653,44.89391884673387,44.59181698812742,44.8572998046875,2700,0.0,0.0,0.0
2014-09-08 00:00:00-04:00,44.93968934498104,44.93968934498104,44.70167256430066,44.866451263427734,8800,0.0,0.0,0.0
2014-09-09 00:00:00-04:00,44.793212318023706,44.82067484984356,44.50942001787867,44.57350158691406,10600,0.0,0.0,0.0
2014-09-10 00:00:00-04:00,44.63758904459335,44.8572998046875,44.50942588961512,44.8572998046875,9000,0.0,0.0,0.0
2014-09-11 00:00:00-04:00,44.71998169433917,44.848148345947266,44.6009750418365,44.848148345947266,7900,0.0,0.0,0.0
2014-09-12 00:00:00-04:00,44.82068024989519,44.82068024989519,44.44534380367389,44.564353942871094,14900,0.0,0.0,0.0
2014-09-15 00:00:00-04:00,44.50941592136874,44.51857242592169,44.33548074887878,44.427024841308594,10000,0.0,0.0,0.0
2014-09-16 00:00:00-04:00,44.45449552251035,44.866447473808655,44.408719979313965,44.793212890625,106800,0.0,0.0,0.0
2014-09-17 00:00:00-04:00,44.86644722017948,45.067848434117394,44.756593599933176,44.96714782714844,7100,0.0,0.0,0.0
2014-09-18 00:00:00-04:00,45.040389983348234,45.13193409315131,44.98546142215603,45.113624572753906,14500,0.0,0.0,0.0
2014-09-19 00:00:00-04:00,45.25093202807005,45.287551058990815,45.07699686947094,45.168540954589844,5700,0.0,0.0,0.0
2014-09-22 00:00:00-04:00,45.06784173926834,45.06784173926834,44.62842383137524,44.738277435302734,6400,0.0,0.0,0.0
2014-09-23 00:00:00-04:00,44.564355957063135,44.802372754031246,44.564355957063135,44.67420959472656,15800,0.0,0.0,0.0
2014-09-24 00:00:00-04:00,44.58876893036164,45.03888020172343,44.58876893036164,45.0205078125,34100,0.167,0.0,0.0
2014-09-25 00:00:00-04:00,44.643891999322484,44.643891999322484,44.258082256873784,44.322383880615234,12100,0.0,0.0,0.0
2014-09-26 00:00:00-04:00,44.39587482990095,44.70819500965972,44.33156969998944,44.66226577758789,8000,0.0,0.0,0.0
2014-09-29 00:00:00-04:00,44.31321513884958,44.6806526184082,44.31321513884958,44.6806526184082,7300,0.0,0.0,0.0
2014-09-30 00:00:00-04:00,44.80005207288316,44.80923651662162,44.54284559810145,44.607147216796875,9300,0.0,0.0,0.0
2014-10-01 00:00:00-04:00,44.48772583684577,44.48772583684577,43.93656813601932,44.00086975097656,32800,0.0,0.0,0.0
2014-10-02 00:00:00-04:00,43.95493455863166,44.04679650640376,43.63342650186686,44.01005172729492,8000,0.0,0.0,0.0
2014-10-03 00:00:00-04:00,44.395874281989656,44.5152895830675,44.37750188855251,44.4693603515625,21200,0.0,0.0,0.0
2014-10-06 00:00:00-04:00,44.634717970197975,44.634717970197975,44.313209776468064,44.386695861816406,7800,0.0,0.0,0.0
2014-10-07 00:00:00-04:00,44.120295943812984,44.19378552432285,43.76204299926758,43.76204299926758,12000,0.0,0.0,0.0
2014-10-08 00:00:00-04:00,43.78959609849258,44.58877944946289,43.569134384151354,44.58877944946289,11800,0.0,0.0,0.0
2014-10-09 00:00:00-04:00,44.441794340107535,44.478535615222185,43.762029939948604,43.79877471923828,16300,0.0,0.0,0.0
2014-10-10 00:00:00-04:00,43.84471179182,43.84471179182,43.25680923461914,43.25680923461914,18400,0.0,0.0,0.0
2014-10-13 00:00:00-04:00,43.30274422794342,43.33948901870268,42.45763506553721,42.55868148803711,31800,0.0,0.0,0.0
2014-10-14 00:00:00-04:00,42.65970792916652,42.89854547267523,42.3381998946449,42.411685943603516,28300,0.0,0.0,0.0
2014-10-15 00:00:00-04:00,41.934027528977786,42.310652815145836,41.25426302253577,42.11774444580078,39800,0.0,0.0,0.0
2014-10-16 00:00:00-04:00,41.73193933131757,42.24635586617664,41.437988026876944,42.14530944824219,77500,0.0,0.0,0.0
2014-10-17 00:00:00-04:00,42.687273274456004,42.96285212270502,42.49436492692403,42.67808532714844,1267100,0.0,0.0,0.0
2014-10-20 00:00:00-04:00,42.56785244769334,43.13738250732422,42.54948005813428,43.13738250732422,30700,0.0,0.0,0.0
2014-10-21 00:00:00-04:00,43.46808036214334,43.9365675554126,43.33947713392829,43.9273796081543,40800,0.0,0.0,0.0
2014-10-22 00:00:00-04:00,44.02843279968051,44.09273442371437,43.61506271362305,43.61506271362305,48900,0.0,0.0,0.0
2014-10-23 00:00:00-04:00,44.11110878549539,44.45098931401061,44.07436399750027,44.193782806396484,23200,0.0,0.0,0.0
2014-10-24 00:00:00-04:00,44.24889405361576,44.533660888671875,44.1294787554549,44.533660888671875,46900,0.0,0.0,0.0
2014-10-27 00:00:00-04:00,44.386686333183206,44.506105138436794,43.61506332970172,44.4693603515625,12400,0.0,0.0,0.0
2014-10-28 00:00:00-04:00,44.662261485740615,44.974585139662246,44.662261485740615,44.96540069580078,98500,0.0,0.0,0.0
2014-10-29 00:00:00-04:00,44.96540093091952,45.04807494280682,44.72656333916712,44.873538970947266,20700,0.0,0.0,0.0
2014-10-30 00:00:00-04:00,44.79087338254131,45.332846783688325,44.79087338254131,45.18587112426758,82500,0.0,0.0,0.0
2014-10-31 00:00:00-04:00,45.89318518522744,45.89318518522744,45.553304684617075,45.63597869873047,56000,0.0,0.0,0.0
2014-11-03 00:00:00-05:00,45.80132536674855,45.82888220257611,45.663534179259834,45.74620819091797,14200,0.0,0.0,0.0
2014-11-04 00:00:00-05:00,45.7094527087897,45.7094527087897,45.369572297821705,45.562477111816406,20600,0.0,0.0,0.0
2014-11-05 00:00:00-05:00,45.91156032052091,45.91156032052091,45.6084245867792,45.70028305053711,25700,0.0,0.0,0.0
2014-11-06 00:00:00-05:00,45.75540158893787,45.89318928866312,45.58086559677299,45.87481689453125,16600,0.0,0.0,0.0
2014-11-07 00:00:00-05:00,45.92992972045094,45.92992972045094,45.654350842963346,45.84725570678711,23000,0.0,0.0,0.0
2014-11-10 00:00:00-05:00,45.92075538098594,46.04935865183364,45.782964159834066,46.0034294128418,17400,0.0,0.0,0.0
2014-11-11 00:00:00-05:00,45.985045841214564,46.076904296875,45.87481148941148,46.076904296875,18900,0.0,0.0,0.0
2014-11-12 00:00:00-05:00,45.9299376401077,46.17795972386542,45.9299376401077,46.13203048706055,13200,0.0,0.0,0.0
2014-11-13 00:00:00-05:00,46.187141982530406,46.35249003053942,46.01260948926576,46.2606315612793,11300,0.0,0.0,0.0
2014-11-14 00:00:00-05:00,46.3524856715082,46.3524856715082,46.1044636228189,46.233070373535156,31400,0.0,0.0,0.0
2014-11-17 00:00:00-05:00,46.19632339477539,46.30655424312411,46.150394166644716,46.19632339477539,10700,0.0,0.0,0.0
2014-11-18 00:00:00-05:00,46.15039583123327,46.57295035195728,46.15039583123327,46.49027633666992,21300,0.0,0.0,0.0
2014-11-19 00:00:00-05:00,46.57294293365874,46.57294293365874,46.25143136800798,46.398406982421875,20400,0.0,0.0,0.0
2014-11-20 00:00:00-05:00,46.35249221968806,46.53621267106111,46.343307773998674,46.46272659301758,7200,0.0,0.0,0.0
2014-11-21 00:00:00-05:00,46.912831956551976,46.912831956551976,46.57295144315199,46.71073913574219,28000,0.0,0.0,0.0
2014-11-24 00:00:00-05:00,46.775043496404706,46.95876393478274,46.775043496404706,46.940391540527344,35000,0.0,0.0,0.0
2014-11-25 00:00:00-05:00,46.94958824702307,47.06900707986979,46.90365900490558,46.92203140258789,25700,0.0,0.0,0.0
2014-11-26 00:00:00-05:00,46.96795488534843,47.124114990234375,46.94039454011623,47.124114990234375,7000,0.0,0.0,0.0
2014-11-28 00:00:00-05:00,47.12410708713517,47.25271032939722,47.050621021917806,47.17003631591797,7400,0.0,0.0,0.0
2014-12-01 00:00:00-05:00,46.94957674291297,46.94957674291297,46.61888067401539,46.71073913574219,16800,0.0,0.0,0.0
2014-12-02 00:00:00-05:00,46.729105594923446,46.967943171764915,46.729105594923446,46.88526916503906,9300,0.0,0.0,0.0
2014-12-03 00:00:00-05:00,46.986313945834056,47.04142761230469,46.86689516152247,47.04142761230469,12200,0.0,0.0,0.0
2014-12-04 00:00:00-05:00,46.94957705545195,47.114925091001446,46.839346199810855,46.995506286621094,9700,0.0,0.0,0.0
2014-12-05 00:00:00-05:00,47.0138786799239,47.12410953556498,46.995506286621094,46.995506286621094,15000,0.0,0.0,0.0
2014-12-08 00:00:00-05:00,46.94957620449398,47.059807058137146,46.65562492532844,46.68318176269531,21600,0.0,0.0,0.0
2014-12-09 00:00:00-05:00,46.21470961974788,46.637264251708984,46.02180119717734,46.637264251708984,19700,0.0,0.0,0.0
2014-12-10 00:00:00-05:00,46.57294032964654,46.57294032964654,45.902363907365825,45.95747756958008,21900,0.0,0.0,0.0
2014-12-11 00:00:00-05:00,46.15957484077588,46.5821293117491,46.150390397570035,46.36166763305664,501100,0.0,0.0,0.0
2014-12-12 00:00:00-05:00,46.012603195305076,46.012603195305076,45.74620876504382,45.819698333740234,7300,0.0,0.0,0.0
2014-12-15 00:00:00-05:00,45.700275018469796,45.83806619406489,45.121556986815605,45.13074493408203,27900,0.0,0.0,0.0
2014-12-16 00:00:00-05:00,45.01134167722651,45.62680119774719,44.735762735139986,44.75413513183594,91300,0.0,0.0,0.0
2014-12-17 00:00:00-05:00,44.73575167043608,45.57167624037864,44.65307765784063,45.4890022277832,242400,0.0,0.0,0.0
2014-12-18 00:00:00-05:00,46.18714416386994,46.46272659301758,46.12284253151579,46.46272659301758,22600,0.0,0.0,0.0
2014-12-19 00:00:00-05:00,46.63724737347968,46.96794340200418,46.63724737347968,46.79340744018555,18600,0.0,0.0,0.0
2014-12-22 00:00:00-05:00,46.775039969185,46.958760393709014,46.775039969185,46.89445877075195,122000,0.0,0.0,0.0
2014-12-23 00:00:00-05:00,47.087360388022084,47.087360388022084,46.89445553247189,46.96794509887695,78600,0.0,0.0,0.0
2014-12-24 00:00:00-05:00,47.05829975717165,47.11361682312696,46.96609878540039,46.96609878540039,8500,0.188,0.0,0.0
2014-12-26 00:00:00-05:00,47.0767383076966,47.29801359800622,47.0767383076966,47.21503448486328,16100,0.0,0.0,0.0
2014-12-29 00:00:00-05:00,47.17815420302085,47.30723555928221,47.17815420302085,47.251914978027344,29400,0.0,0.0,0.0
2014-12-30 00:00:00-05:00,47.261134913388766,47.261134913388766,46.901559915849774,46.98453903198242,40900,0.0,0.0,0.0
2014-12-31 00:00:00-05:00,47.12283645163273,47.12283645163273,46.49588394165039,46.49588394165039,23200,0.0,0.0,0.0
2015-01-02 00:00:00-05:00,46.818588113746344,46.855468508257324,46.173198795344234,46.43135452270508,15200,0.0,0.0,0.0
2015-01-05 00:00:00-05:00,46.28383200290446,46.28383200290446,45.57390030394713,45.65687942504883,26600,0.0,0.0,0.0
2015-01-06 00:00:00-05:00,45.74906888302913,45.841269844296626,45.13133826951866,45.232757568359375,20700,0.0,0.0,0.0
2015-01-07 00:00:00-05:00,45.74907496868271,45.85049428101448,45.53701800521972,45.81361389160156,11700,0.0,0.0,0.0
2015-01-08 00:00:00-05:00,46.283830954897574,46.71716322896548,46.25616890375158,46.66184616088867,15600,0.0,0.0,0.0
2015-01-09 00:00:00-05:00,46.83702620823124,46.83702620823124,46.136316329521364,46.311492919921875,26900,0.0,0.0,0.0
2015-01-12 00:00:00-05:00,46.403691842568506,46.449790573037646,45.86893672122495,45.98879623413086,27700,0.0,0.0,0.0
2015-01-13 00:00:00-05:00,46.293046617239966,46.680283656925795,45.68453428382571,45.91503143310547,25400,0.0,0.0,0.0
2015-01-14 00:00:00-05:00,45.43560823659618,45.77674663466019,45.31575222148983,45.67532730102539,64400,0.0,0.0,0.0
2015-01-15 00:00:00-05:00,45.98879165587558,45.98879165587558,45.25120149047451,45.3065185546875,45600,0.0,0.0,0.0
2015-01-16 00:00:00-05:00,45.149782864057485,45.85971450805664,45.149782864057485,45.85971450805664,20700,0.0,0.0,0.0
2015-01-20 00:00:00-05:00,46.14552314984873,46.18240353349747,45.68452890556031,46.0717658996582,23400,0.0,0.0,0.0
2015-01-21 00:00:00-05:00,45.887375263855176,46.40369017099057,45.887375263855176,46.23773193359375,13300,0.0,0.0,0.0
2015-01-22 00:00:00-05:00,46.51432440827472,46.94765664778706,46.1639677642608,46.90155792236328,17700,0.0,0.0,0.0
2015-01-23 00:00:00-05:00,47.00298114347358,47.0306396776101,46.72638525078569,46.82780456542969,73700,0.0,0.0,0.0
2015-01-26 00:00:00-05:00,46.837021082713,46.91078186035156,46.58808373384404,46.91078186035156,96500,0.0,0.0,0.0
2015-01-27 00:00:00-05:00,46.422120737688985,46.45900112272381,45.91502775333498,46.06254577636719,80000,0.0,0.0,0.0
2015-01-28 00:00:00-05:00,46.51432927477204,46.56964634422513,45.69375991821289,45.69375991821289,35900,0.0,0.0,0.0
2015-01-29 00:00:00-05:00,45.813612472774736,46.2469482421875,45.490917868174215,46.2469482421875,17300,0.0,0.0,0.0
2015-01-30 00:00:00-05:00,46.0348928537927,46.412908053679075,45.758296966552734,45.758296966552734,9500,0.0,0.0,0.0
2015-02-02 00:00:00-05:00,45.942695848689965,46.30227085734723,45.352620161774844,46.23773193359375,14700,0.0,0.0,0.0
2015-02-03 00:00:00-05:00,46.52354662149769,46.82780456542969,46.35758838246343,46.82780456542969,20800,0.0,0.0,0.0
2015-02-04 00:00:00-05:00,46.634183676154436,47.021417188317315,46.634183676154436,46.717159271240234,19400,0.0,0.0,0.0
2015-02-05 00:00:00-05:00,46.95687490508001,47.20581222382247,46.95687490508001,47.17815017700195,32000,0.0,0.0,0.0
2015-02-06 00:00:00-05:00,47.3072393057291,47.353338035205226,46.89234370622871,47.012203216552734,26400,0.0,0.0,0.0
2015-02-09 00:00:00-05:00,46.698726716649176,47.021421338600454,46.698726716649176,46.82780456542969,10200,0.0,0.0,0.0
2015-02-10 00:00:00-05:00,47.1689512203311,47.41788864135742,47.05831353891112,47.41788864135742,14400,0.0,0.0,0.0
2015-02-11 00:00:00-05:00,47.307233895374075,47.593048095703125,47.26113165406288,47.593048095703125,24600,0.0,0.0,0.0
2015-02-12 00:00:00-05:00,47.620708681077566,47.90652287262685,47.620708681077566,47.89730453491211,23400,0.0,0.0,0.0
2015-02-13 00:00:00-05:00,47.943422518490124,48.13703934224721,47.93420417707201,48.081722259521484,28500,0.0,0.0,0.0
2015-02-17 00:00:00-05:00,48.0540449159837,48.23844333966909,48.03560472190443,48.17390441894531,19600,0.0,0.0,0.0
2015-02-18 00:00:00-05:00,48.10014563096506,48.30298425711455,48.10014563096506,48.25688552856445,11400,0.0,0.0,0.0
2015-02-19 00:00:00-05:00,48.18312294873125,48.47816253806369,48.18312294873125,48.45050048828125,17600,0.0,0.0,0.0
2015-02-20 00:00:00-05:00,48.28454258694292,48.717878359709914,48.17390493838169,48.67177963256836,25800,0.0,0.0,0.0
2015-02-23 00:00:00-05:00,48.65334513801285,48.828521728515625,48.59802454869774,48.828521728515625,28500,0.0,0.0,0.0
2015-02-24 00:00:00-05:00,48.77320485635357,48.94838144757484,48.67178553408047,48.90228271484375,56800,0.0,0.0,0.0
2015-02-25 00:00:00-05:00,48.91150085393438,49.01292017579151,48.77320465630835,48.828521728515625,17200,0.0,0.0,0.0
2015-02-26 00:00:00-05:00,48.82852192878773,48.95759978727791,48.81008173227372,48.90228271484375,6700,0.0,0.0,0.0
2015-02-27 00:00:00-05:00,48.95758249578351,48.976022685784564,48.800846156434496,48.81928634643555,19200,0.0,0.0,0.0
2015-03-02 00:00:00-05:00,48.85617634718935,49.123550362089325,48.85617634718935,49.10511016845703,18600,0.0,0.0,0.0
2015-03-03 00:00:00-05:00,49.12356002825702,49.12356002825702,48.72710457991945,48.98526382446289,33300,0.0,0.0,0.0
2015-03-04 00:00:00-05:00,48.88384241510237,48.88384241510237,48.53348571629183,48.754764556884766,9800,0.0,0.0,0.0
2015-03-05 00:00:00-05:00,48.81929947164621,48.89305673437366,48.6994399629681,48.7916374206543,24200,0.0,0.0,0.0
2015-03-06 00:00:00-05:00,48.72710769970757,48.72710769970757,48.05405628358113,48.15547561645508,11600,0.0,0.0,0.0
2015-03-09 00:00:00-04:00,48.14624991078977,48.432064150140505,48.118587858804965,48.358306884765625,8400,0.0,0.0,0.0
2015-03-10 00:00:00-04:00,47.99872350889599,47.99872350889599,47.58382797241211,47.58382797241211,120100,0.0,0.0,0.0
2015-03-11 00:00:00-04:00,47.620715715037996,47.620715715037996,47.22426030970958,47.27035903930664,18800,0.0,0.0,0.0
2015-03-12 00:00:00-04:00,47.399437235215764,47.83277303422986,47.399437235215764,47.823551177978516,19400,0.0,0.0,0.0
2015-03-13 00:00:00-04:00,47.70368925432135,47.83276708893539,47.270353509168004,47.593048095703125,35500,0.0,0.0,0.0
2015-03-16 00:00:00-04:00,47.712919590202134,48.18313232269396,47.712919590202134,48.12781524658203,11800,0.0,0.0,0.0
2015-03-17 00:00:00-04:00,48.07249638583371,48.16469737785654,47.89731977665265,48.118595123291016,24300,0.0,0.0,0.0
2015-03-18 00:00:00-04:00,48.05406413186816,48.791654604450365,47.74058774138212,48.616477966308594,13100,0.0,0.0,0.0
2015-03-19 00:00:00-04:00,48.515045266422185,48.70866556984517,48.49660507004343,48.55192565917969,19200,0.0,0.0,0.0
2015-03-20 00:00:00-04:00,48.856186009917906,49.14200027497824,48.856186009917906,49.00370407104492,16400,0.0,0.0,0.0
2015-03-23 00:00:00-04:00,48.96681573931962,49.049794855072506,48.8930549621582,48.8930549621582,19900,0.0,0.0,0.0
2015-03-24 00:00:00-04:00,48.81008520416912,49.0037055227846,48.63490860048742,48.662567138671875,19400,0.0,0.0,0.0
2015-03-25 00:00:00-04:00,48.81250187941923,48.81250187941923,47.83143784113195,47.84994888305664,12100,0.202,0.0,0.0
2015-03-26 00:00:00-04:00,47.600044427003496,47.94248979918223,47.47047069323962,47.85919189453125,13400,0.0,0.0,0.0
2015-03-27 00:00:00-04:00,47.831438988154616,47.91473691350314,47.74814106280609,47.822181701660156,15900,0.0,0.0,0.0
2015-03-30 00:00:00-04:00,48.10909550403236,48.42377614959384,48.10909550403236,48.39601135253906,14200,0.0,0.0,0.0
2015-03-31 00:00:00-04:00,48.11834485207045,48.247918591110604,47.914726958939006,47.923980712890625,8300,0.0,0.0,0.0
2015-04-01 00:00:00-04:00,47.89621984585367,47.89621984585367,47.43345443671499,47.71111297607422,18000,0.0,0.0,0.0
2015-04-02 00:00:00-04:00,47.83143358449022,47.90547421497969,47.73888191372341,47.886966705322266,12000,0.0,0.0,0.0
2015-04-06 00:00:00-04:00,47.61856397572307,48.386752762031286,47.61856397572307,48.21090316772461,16700,0.0,0.0,0.0
2015-04-07 00:00:00-04:00,48.31271231911887,48.497819200005324,48.12760543823242,48.12760543823242,12800,0.0,0.0,0.0
2015-04-08 00:00:00-04:00,48.257180944262586,48.33122511154819,48.17388302137639,48.275691986083984,17500,0.0,0.0,0.0
2015-04-09 00:00:00-04:00,48.33122523082947,48.54409691637061,48.19239418213644,48.53483963012695,10600,0.0,0.0,0.0
2015-04-10 00:00:00-04:00,48.62739400739234,48.75696776762456,48.45154087797419,48.73845672607422,40500,0.0,0.0,0.0
2015-04-13 00:00:00-04:00,48.858778303158445,48.89580038745053,48.48856452147817,48.49782180786133,18500,0.0,0.0,0.0
2015-04-14 00:00:00-04:00,48.51632496232025,48.571858083771154,48.29419953775655,48.4515380859375,12800,0.0,0.0,0.0
2015-04-15 00:00:00-04:00,48.67366533630471,48.840261164202374,48.599621176963595,48.72919845581055,15800,0.0,0.0,0.0
2015-04-16 00:00:00-04:00,48.55334933423032,48.840265179334565,48.55334933423032,48.645904541015625,36100,0.0,0.0,0.0
2015-04-17 00:00:00-04:00,48.34047033658191,48.386746167659076,47.88696224915822,48.05355453491211,35000,0.0,0.0,0.0
2015-04-20 00:00:00-04:00,48.33123314928394,48.719954500319076,48.33123314928394,48.664424896240234,10000,0.0,0.0,0.0
2015-04-21 00:00:00-04:00,48.84952828399745,48.84952828399745,48.599634473780235,48.664424896240234,2463200,0.0,0.0,0.0
2015-04-22 00:00:00-04:00,48.78472961437091,49.03462336425787,48.67366690240558,48.9605827331543,18600,0.0,0.0,0.0
2015-04-23 00:00:00-04:00,48.8865372188209,49.29376950517297,48.84951513898348,49.117919921875,21100,0.0,0.0,0.0
2015-04-24 00:00:00-04:00,49.40483643296793,49.47887706305441,49.29377019190835,49.42334747314453,11900,0.0,0.0,0.0
2015-04-27 00:00:00-04:00,49.64546986875833,49.64546986875833,49.2197265625,49.2197265625,21100,0.0,0.0,0.0
2015-04-28 00:00:00-04:00,49.32154509554477,49.43260782079699,48.95133130387687,49.284523010253906,33200,0.0,0.0,0.0
2015-04-29 00:00:00-04:00,49.0716342430003,49.164185893406966,48.84950533915748,49.0068473815918,21300,0.0,0.0,0.0
2015-04-30 00:00:00-04:00,48.858776800093,48.979093274410495,48.229415508970035,48.39601135253906,13100,0.0,0.0,0.0
2015-05-01 00:00:00-04:00,48.747708928211026,48.97909164428711,48.6459034988584,48.97909164428711,9700,0.0,0.0,0.0
2015-05-04 00:00:00-04:00,49.11793493676771,49.33080666497599,49.062401800035616,49.071659088134766,9300,0.0,0.0,0.0
2015-05-05 00:00:00-04:00,48.960582872687574,48.960582872687574,48.4515380859375,48.4515380859375,12500,0.0,0.0,0.0
2015-05-06 00:00:00-04:00,48.664405527202376,48.71068135572333,47.95174646999764,47.97951126098633,15200,0.0,0.0,0.0
2015-05-07 00:00:00-04:00,48.220143553531486,48.59035721119778,48.201636048205366,48.488548278808594,22700,0.0,0.0,0.0
2015-05-08 00:00:00-04:00,48.905057082742346,49.1734619140625,48.905057082742346,49.1734619140625,10600,0.0,0.0,0.0
2015-05-11 00:00:00-04:00,49.182709564232475,49.210474360363186,48.9328158071959,48.97909164428711,13200,0.0,0.0,0.0
2015-05-12 00:00:00-04:00,48.7199461912957,48.96058620333303,48.4237765846499,48.83100891113281,26200,0.0,0.0,0.0
2015-05-13 00:00:00-04:00,48.914312542774816,49.099419451188524,48.76622772216797,48.76622772216797,17300,0.0,0.0,0.0
2015-05-14 00:00:00-04:00,49.043882342863135,49.451114654541016,49.043882342863135,49.451114654541016,25000,0.0,0.0,0.0
2015-05-15 00:00:00-04:00,49.45112298271859,49.47888778368935,49.36782504918562,49.46037673950195,10300,0.0,0.0,0.0
2015-05-18 00:00:00-04:00,49.43261676315866,49.65474578446662,49.43261676315866,49.599212646484375,18700,0.0,0.0,0.0
2015-05-19 00:00:00-04:00,49.64547197868658,49.67323677312961,49.48813343601629,49.543663024902344,13100,0.0,0.0,0.0
2015-05-20 00:00:00-04:00,49.63621928192294,49.75653574748681,49.432601370014986,49.6824951171875,17000,0.0,0.0,0.0
2015-05-21 00:00:00-04:00,49.4696234504746,49.765793032911674,49.4696234504746,49.6824951171875,17900,0.0,0.0,0.0
2015-05-22 00:00:00-04:00,49.62697745016499,49.765808529810094,49.599212646484375,49.599212646484375,26200,0.0,0.0,0.0
2015-05-26 00:00:00-04:00,49.55292752457007,49.55292752457007,48.97909579799079,49.108673095703125,13100,0.0,0.0,0.0
2015-05-27 00:00:00-04:00,49.26601020780175,49.682499825895825,49.24749916581754,49.608455657958984,16000,0.0,0.0,0.0
2015-05-28 00:00:00-04:00,49.55292724115493,49.580692039481455,49.37707410343272,49.53441619873047,19400,0.0,0.0,0.0
2015-05-29 00:00:00-04:00,49.51590329124709,49.51590329124709,49.06239159548054,49.12718200683594,303700,0.0,0.0,0.0
2015-06-01 00:00:00-04:00,49.35855740893416,49.451109073217765,49.053130561682835,49.30302429199219,62300,0.0,0.0,0.0
2015-06-02 00:00:00-04:00,49.13643103483897,49.47887644729455,49.03462208044464,49.247493743896484,17100,0.0,0.0,0.0
2015-06-03 00:00:00-04:00,49.43261456363506,49.57144563710282,49.31229453533773,49.35857391357422,19300,0.0,0.0,0.0
2015-06-04 00:00:00-04:00,49.191965442610375,49.31228190948117,48.868027530999896,48.9605827331543,18900,0.0,0.0,0.0
2015-06-05 00:00:00-04:00,48.86803456191431,48.96984353362199,48.59037597674272,48.78473663330078,25200,0.0,0.0,0.0
2015-06-08 00:00:00-04:00,48.71068912208844,48.71994287702027,48.36824016907112,48.4515380859375,20800,0.0,0.0,0.0
2015-06-09 00:00:00-04:00,48.40525480232178,48.52557478164278,48.18312941193467,48.36823272705078,20800,0.0,0.0,0.0
2015-06-10 00:00:00-04:00,48.56259310452531,49.090145279205466,48.56259310452531,49.0068473815918,32000,0.0,0.0,0.0
2015-06-11 00:00:00-04:00,49.136430961793714,49.256750955955404,49.062386802118866,49.117919921875,10900,0.0,0.0,0.0
2015-06-12 00:00:00-04:00,48.88653840439062,48.88653840439062,48.673666736092784,48.74770736694336,27100,0.0,0.0,0.0
2015-06-15 00:00:00-04:00,48.38675412787004,48.52558517456055,48.2664376533998,48.52558517456055,9500,0.0,0.0,0.0
2015-06-16 00:00:00-04:00,48.46079983810818,48.812502578473676,48.414523997943846,48.7569694519043,27400,0.0,0.0,0.0
2015-06-17 00:00:00-04:00,48.83100970067772,48.99760554843718,48.59962697108072,48.92356491088867,17800,0.0,0.0,0.0
2015-06-18 00:00:00-04:00,49.025381429820996,49.50665800520422,49.01612414206356,49.395591735839844,16700,0.0,0.0,0.0
2015-06-19 00:00:00-04:00,49.42336431432734,49.42336431432734,49.21048904506843,49.229000091552734,4200,0.0,0.0,0.0
2015-06-22 00:00:00-04:00,49.58995171040898,49.691757152708064,49.515907537150916,49.56218338012695,8200,0.0,0.0,0.0
2015-06-23 00:00:00-04:00,49.589945061828814,49.62696361287423,49.46036777599977,49.571434020996094,60600,0.0,0.0,0.0
2015-06-24 00:00:00-04:00,49.49739664496104,49.645481461308805,49.330800785242246,49.34931182861328,20700,0.0,0.0,0.0
2015-06-25 00:00:00-04:00,49.46037211426166,49.46037211426166,49.13643769782623,49.19197082519531,24500,0.0,0.0,0.0
2015-06-26 00:00:00-04:00,49.24749411506391,49.275262440502466,48.96058182028462,49.08089828491211,83200,0.0,0.0,0.0
2015-06-29 00:00:00-04:00,48.62738613825171,48.83100050111517,48.00727870383494,48.05355453491211,24800,0.0,0.0,0.0
2015-06-30 00:00:00-04:00,48.42377554748137,48.43303283346464,48.11835219181597,48.220157623291016,18400,0.0,0.0,0.0
2015-07-01 00:00:00-04:00,48.571853458253614,48.673662405908324,48.423768679106665,48.6551513671875,79400,0.0,0.0,0.0
2015-07-02 00:00:00-04:00,48.6969949473882,48.71558910872463,48.492462719161104,48.641212463378906,41600,0.235,0.0,0.0
2015-07-06 00:00:00-04:00,48.250739884515845,48.68769021046676,48.250739884515845,48.56683349609375,17900,0.0,0.0,0.0
2015-07-07 00:00:00-04:00,48.65051033806174,48.86433786941638,48.018323051242135,48.83644485473633,18400,0.0,0.0,0.0
2015-07-08 00:00:00-04:00,48.520352382706406,48.520352382706406,48.03691482543945,48.03691482543945,51200,0.0,0.0,0.0
2015-07-09 00:00:00-04:00,48.52035316609204,48.80855735290641,48.148480571287465,48.15777587890625,11700,0.0,0.0,0.0
2015-07-10 00:00:00-04:00,48.64120642005009,48.92941056524696,48.585423942971374,48.88292694091797,42100,0.0,0.0,0.0
2015-07-13 00:00:00-04:00,49.26410042866162,49.50581741333008,49.26410042866162,49.50581741333008,10700,0.0,0.0,0.0
2015-07-14 00:00:00-04:00,49.5522974354648,49.84979687794438,49.5522974354648,49.73823547363281,17300,0.0,0.0,0.0
2015-07-15 00:00:00-04:00,49.85910088351478,49.924178671628624,49.673162826129456,49.71964645385742,13200,0.0,0.0,0.0
2015-07-16 00:00:00-04:00,50.1194133595441,50.249568939208984,50.03574140883473,50.249568939208984,12400,0.0,0.0,0.0
2015-07-17 00:00:00-04:00,50.537767038783436,50.75159454345703,50.49128341541494,50.75159454345703,17000,0.0,0.0,0.0
2015-07-20 00:00:00-04:00,50.872462625314974,51.104884324375845,50.76089765630471,50.98402404785156,27600,0.0,0.0,0.0
2015-07-21 00:00:00-04:00,50.946833050014334,50.946833050014334,50.649333574553765,50.73300552368164,24400,0.0,0.0,0.0
2015-07-22 00:00:00-04:00,50.24957219945762,50.58426002400999,50.20308856748618,50.3890266418457,46600,0.0,0.0,0.0
2015-07-23 00:00:00-04:00,50.54707214003926,50.54707214003926,50.0450439453125,50.0450439453125,33800,0.0,0.0,0.0
2015-07-24 00:00:00-04:00,50.34255562542481,50.34255562542481,49.5430241878526,49.61739730834961,23500,0.0,0.0,0.0
2015-07-27 00:00:00-04:00,49.329190630561015,49.4872357090704,49.217625643581655,49.31059646606445,21100,0.0,0.0,0.0
2015-07-28 00:00:00-04:00,49.58019328804086,49.94277053268906,49.34777161362808,49.9334716796875,19500,0.0,0.0,0.0
2015-07-29 00:00:00-04:00,49.99855368267444,50.212381215595855,49.970664214263614,50.13800811767578,12300,0.0,0.0,0.0
2015-07-30 00:00:00-04:00,50.03574025103334,50.27746079036646,49.82191272560694,50.212379455566406,11400,0.0,0.0,0.0
2015-07-31 00:00:00-04:00,50.38902475437675,50.44480369206359,50.16589836420842,50.25886917114258,62800,0.0,0.0,0.0
2015-08-03 00:00:00-04:00,50.26816636100487,50.31464999297581,49.87769959668046,50.10082244873047,11400,0.0,0.0,0.0
2015-08-04 00:00:00-04:00,50.12870604120193,50.21237798752889,50.00784932154228,50.02644348144531,755300,0.0,0.0,0.0
2015-08-05 00:00:00-04:00,50.19378508287636,50.51917400014278,50.184486230112626,50.24026870727539,17600,0.0,0.0,0.0
2015-08-06 00:00:00-04:00,50.30535025850382,50.37972335381803,49.53370855908721,49.66386413574219,7700,0.0,0.0,0.0
2015-08-07 00:00:00-04:00,49.60808080987455,49.60808080987455,49.21761056799816,49.51511001586914,20600,0.0,0.0,0.0
2015-08-10 00:00:00-04:00,49.86840360619172,50.11012418067993,49.86840360619172,50.03574752807617,14200,0.0,0.0,0.0
2015-08-11 00:00:00-04:00,49.79402369193709,49.94277343033269,49.44074173331998,49.60808563232422,15200,0.0,0.0,0.0
2015-08-12 00:00:00-04:00,49.24552461291523,49.61739730834961,48.771382227157446,49.61739730834961,72400,0.0,0.0,0.0
2015-08-13 00:00:00-04:00,49.663880951969574,49.87771209627582,49.47794637748972,49.61739730834961,9100,0.0,0.0,0.0
2015-08-14 00:00:00-04:00,49.533705969843304,49.72894287109375,49.50581650386751,49.72894287109375,11500,0.0,0.0,0.0
2015-08-17 00:00:00-04:00,49.62668619090464,50.11941909790039,49.51512121286964,50.11941909790039,47200,0.0,0.0,0.0
2015-08-18 00:00:00-04:00,50.091527577688744,50.16590068019597,49.97996260421718,50.0450439453125,17300,0.0,0.0,0.0
2015-08-19 00:00:00-04:00,49.73823817759459,50.08222126169814,49.48722234439255,49.72894287109375,10200,0.0,0.0,0.0
2015-08-20 00:00:00-04:00,49.33848024819158,49.33848024819158,48.59473148649469,48.604026794433594,24000,0.0,0.0,0.0
2015-08-21 00:00:00-04:00,48.12058320262834,48.17636568271627,46.92129002576171,46.939884185791016,68300,0.0,0.0,0.0
2015-08-24 00:00:00-04:00,46.47504840664907,46.61449930990952,30.81912130159714,45.03403091430664,133800,0.0,0.0,0.0
2015-08-25 00:00:00-04:00,46.735358860195994,46.800436656653595,44.65285873413086,44.65285873413086,452900,0.0,0.0,0.0
2015-08-26 00:00:00-04:00,45.54535666053283,46.633088484804375,44.99684132151018,46.61449432373047,77100,0.0,0.0,0.0
2015-08-27 00:00:00-04:00,47.30246674158955,47.702232360839844,46.81902916606655,47.702232360839844,75700,0.0,0.0,0.0
2015-08-28 00:00:00-04:00,47.451214017087565,47.71152518014825,47.367542065178974,47.68363571166992,26400,0.0,0.0,0.0
2015-08-31 00:00:00-04:00,47.43261465070293,47.50698774064133,47.03284909617354,47.125816345214844,22200,0.0,0.0,0.0
2015-09-01 00:00:00-04:00,46.660975254056225,46.660975254056225,45.517461012709994,45.81496047973633,112800,0.0,0.0,0.0
2015-09-02 00:00:00-04:00,46.42855439976413,46.77254104614258,46.01949351194396,46.77254104614258,31900,0.0,0.0,0.0
2015-09-03 00:00:00-04:00,47.00496561607,47.20019899180044,46.623794172107566,46.70746612548828,19500,0.0,0.0,0.0
2015-09-04 00:00:00-04:00,46.242626360864165,46.34488893727529,45.83356186932383,46.18684387207031,25900,0.0,0.0,0.0
2015-09-08 00:00:00-04:00,46.912007238045184,47.265289306640625,46.744663286946,47.265289306640625,37100,0.0,0.0,0.0
2015-09-09 00:00:00-04:00,47.683639262236596,47.683639262236596,46.540124865321125,46.67028045654297,14700,0.0,0.0,0.0
2015-09-10 00:00:00-04:00,46.623788975818265,47.26527151592713,46.55871119116114,46.958473205566406,38900,0.0,0.0,0.0
2015-09-11 00:00:00-04:00,46.80971952935823,47.27456283569336,46.781830065849476,47.27456283569336,200800,0.0,0.0,0.0
2015-09-14 00:00:00-04:00,47.497692489239455,47.497692489239455,47.0328491505491,47.153709411621094,11300,0.0,0.0,0.0
2015-09-15 00:00:00-04:00,47.330348272095385,47.888158856027665,47.265270488852394,47.78589630126953,23900,0.0,0.0,0.0
2015-09-16 00:00:00-04:00,47.84168397638243,48.111294011367974,47.69293422371348,48.083404541015625,11500,0.0,0.0,0.0
2015-09-17 00:00:00-04:00,48.00902216686507,48.73417668134979,47.95324323281144,48.21355438232422,17700,0.0,0.0,0.0
2015-09-18 00:00:00-04:00,47.52559169494939,47.98113982067769,47.51629638671875,47.51629638671875,17600,0.0,0.0,0.0
2015-09-21 00:00:00-04:00,47.80449105750426,48.046211598907696,47.525585741362484,47.67433547973633,288100,0.0,0.0,0.0
2015-09-22 00:00:00-04:00,47.079334044540204,47.190895455821455,46.76324042384889,47.10722351074219,51500,0.0,0.0,0.0
2015-09-23 00:00:00-04:00,47.181610674548565,47.2559873296436,46.93989363843791,47.04215621948242,10200,0.0,0.0,0.0
2015-09-24 00:00:00-04:00,46.67956790753965,46.958473205566406,46.30769535899507,46.958473205566406,31900,0.0,0.0,0.0
2015-09-25 00:00:00-04:00,47.377474498415125,47.377474498415125,46.38830397293603,46.640262603759766,49000,0.189,0.0,0.0
2015-09-28 00:00:00-04:00,46.36964955197516,46.36964955197516,45.32449037698238,45.333824157714844,26900,0.0,0.0,0.0
2015-09-29 00:00:00-04:00,45.315160684291506,45.791080273159295,45.02587399471658,45.34315490722656,41400,0.0,0.0,0.0
2015-09-30 00:00:00-04:00,45.86572963568016,46.19234072191759,45.62310120608048,46.136348724365234,36100,0.0,0.0,0.0
2015-10-01 00:00:00-04:00,46.211004327709,46.4069709777832,45.80040702853537,46.4069709777832,16900,0.0,0.0,0.0
2015-10-02 00:00:00-04:00,45.83773801843254,47.00421142578125,45.735087789018756,47.00421142578125,11100,0.0,0.0,0.0
2015-10-05 00:00:00-04:00,47.35881710753329,47.77874821748994,47.33082288680088,47.73208999633789,9900,0.0,0.0,0.0
2015-10-06 00:00:00-04:00,47.67608995679715,47.73208194861571,47.200170485616624,47.452125549316406,19300,0.0,0.0,0.0
2015-10-07 00:00:00-04:00,47.6294270389899,47.75073766959094,47.28414846323672,47.71341323852539,20100,0.0,0.0,0.0
2015-10-08 00:00:00-04:00,47.601436374501176,48.07735942953853,47.424133731134646,48.04003143310547,32000,0.0,0.0,0.0
2015-10-09 00:00:00-04:00,48.22666944149729,48.32931965516721,48.086691230166714,48.28266143798828,24600,0.0,0.0,0.0
2015-10-12 00:00:00-04:00,48.27333146884251,48.46929813233774,48.24533724828435,48.39464569091797,4500,0.0,0.0,0.0
2015-10-13 00:00:00-04:00,48.198675618736786,48.53461692105857,48.10535562381922,48.124019622802734,7300,0.0,0.0,0.0
2015-10-14 00:00:00-04:00,48.29199311195083,48.29199311195083,47.760081588544736,47.806739807128906,15300,0.0,0.0,0.0
2015-10-15 00:00:00-04:00,48.01203568624707,48.59993915206218,48.01203568624707,48.57194137573242,15100,0.0,0.0,0.0
2015-10-16 00:00:00-04:00,48.69326530985686,48.823909759521484,48.5159626367112,48.823909759521484,24100,0.0,0.0,0.0
2015-10-19 00:00:00-04:00,48.7119231443178,49.029204007533345,48.66526492674365,49.01054000854492,310900,0.0,0.0,0.0
2015-10-20 00:00:00-04:00,48.90789163397145,49.075864071392736,48.72125519685959,48.8145751953125,372800,0.0,0.0,0.0
2015-10-21 00:00:00-04:00,48.98254803877405,48.98254803877405,48.515958722023576,48.54395294189453,68300,0.0,0.0,0.0
2015-10-22 00:00:00-04:00,48.89857418452574,49.42115207316428,48.89857418452574,49.33716583251953,23400,0.0,0.0,0.0
2015-10-23 00:00:00-04:00,50.25166320800781,50.3916414136298,49.953046358488315,50.25166320800781,35100,0.0,0.0,0.0
2015-10-26 00:00:00-04:00,50.18635582224921,50.39165630187263,50.13036737129352,50.29833984375,19400,0.0,0.0,0.0
2015-10-27 00:00:00-04:00,50.29832511531036,50.41963576338845,50.13968291120214,50.307655334472656,15000,0.0,0.0,0.0
2015-10-28 00:00:00-04:00,50.4382988764072,50.79290771484375,50.16767624813212,50.79290771484375,21200,0.0,0.0,0.0
2015-10-29 00:00:00-04:00,50.755580381528745,50.979544798146144,50.68092794918537,50.85823059082031,19700,0.0,0.0,0.0
2015-10-30 00:00:00-04:00,50.94222313675883,50.94222313675883,50.6156120300293,50.6156120300293,22400,0.0,0.0,0.0
2015-11-02 00:00:00-05:00,50.755586275668584,51.13818938031758,50.69959783485764,51.11019515991211,27100,0.0,0.0,0.0
2015-11-03 00:00:00-05:00,51.026210777693244,51.33415789263283,50.91423033224196,51.13819122314453,14700,0.0,0.0,0.0
2015-11-04 00:00:00-05:00,51.324826890748795,51.3528211117369,50.95155399853479,51.016876220703125,74600,0.0,0.0,0.0
2015-11-05 00:00:00-05:00,51.19417505697792,51.27816126761368,50.8488999953836,51.12885284423828,26700,0.0,0.0,0.0
2015-11-06 00:00:00-05:00,50.98887634277344,51.035534559175176,50.6995932652064,50.98887634277344,27800,0.0,0.0,0.0
2015-11-09 00:00:00-05:00,50.87689616065769,50.87689616065769,50.3356508803239,50.5502815246582,71600,0.0,0.0,0.0
2015-11-10 00:00:00-05:00,50.3356508803239,50.587609521879926,50.307656662304474,50.5502815246582,15000,0.0,0.0,0.0
2015-11-11 00:00:00-05:00,50.64360427830754,50.80224293545669,50.4756318414473,50.53162384033203,10200,0.0,0.0,0.0
2015-11-12 00:00:00-05:00,50.20500880053662,50.35431723662068,49.89706170852306,49.91572570800781,27000,0.0,0.0,0.0
2015-11-13 00:00:00-05:00,49.803743718365226,49.803743718365226,49.22517395019531,49.22517395019531,21600,0.0,0.0,0.0
2015-11-16 00:00:00-05:00,49.085196607578524,49.88773083317385,49.085196607578524,49.85040283203125,38200,0.0,0.0,0.0
2015-11-17 00:00:00-05:00,50.08368363467624,50.28898402433255,49.925045013427734,49.925045013427734,49200,0.0,0.0,0.0
2015-11-18 00:00:00-05:00,50.34499873112957,50.867576599121094,50.261012493803115,50.867576599121094,22800,0.0,0.0,0.0
2015-11-19 00:00:00-05:00,50.88622480797488,51.0075390153007,50.8115723756315,50.85823059082031,29500,0.0,0.0,0.0
2015-11-20 00:00:00-05:00,51.184834313245524,51.32481249852238,51.0821876784747,51.19416809082031,37300,0.0,0.0,0.0
2015-11-23 00:00:00-05:00,51.16619150848747,51.39948619114198,50.988885271401664,51.119529724121094,50800,0.0,0.0,0.0
2015-11-24 00:00:00-05:00,50.87690115302739,51.16618782019182,50.66227048763214,51.06353759765625,23700,0.0,0.0,0.0
2015-11-25 00:00:00-05:00,51.24083960152971,51.24083960152971,51.09153115971044,51.11019515991211,20100,0.0,0.0,0.0
2015-11-27 00:00:00-05:00,51.11952038049771,51.22217059167039,51.02620394841003,51.147518157958984,10500,0.0,0.0,0.0
2015-11-30 00:00:00-05:00,51.25016320143888,51.25016320143888,50.774243717053025,50.79290771484375,26900,0.0,0.0,0.0
2015-12-01 00:00:00-05:00,51.110198425222194,51.3248291015625,50.9422259724699,51.3248291015625,33500,0.0,0.0,0.0
2015-12-02 00:00:00-05:00,51.287493726862465,51.41813815804819,50.87689643459394,50.886226654052734,25300,0.0,0.0,0.0
2015-12-03 00:00:00-05:00,51.100857411864155,51.100857411864155,49.97171218579849,50.16767883300781,28400,0.0,0.0,0.0
2015-12-04 00:00:00-05:00,50.270334875628876,51.399483792425144,50.270334875628876,51.3061637878418,175100,0.0,0.0,0.0
2015-12-07 00:00:00-05:00,51.296835308502835,51.296835308502835,50.830245949130735,51.05420684814453,45100,0.0,0.0,0.0
2015-12-08 00:00:00-05:00,50.58760666247579,51.10085413598571,50.57827644359461,50.95154571533203,72600,0.0,0.0,0.0
2015-12-09 00:00:00-05:00,50.79290860616597,51.11018945458877,50.15834690932038,50.307655334472656,33100,0.0,0.0,0.0
2015-12-10 00:00:00-05:00,50.447634871989074,50.858232162046825,50.447634871989074,50.5502815246582,14300,0.0,0.0,0.0
2015-12-11 00:00:00-05:00,49.92506522168468,50.0557096826042,49.4584758270895,49.49580383300781,45900,0.0,0.0,0.0
2015-12-14 00:00:00-05:00,49.52378923729073,49.86906433105469,49.08519414535141,49.86906433105469,32500,0.0,0.0,0.0
2015-12-15 00:00:00-05:00,50.24234193926677,50.456972615607086,50.11169748930261,50.158355712890625,38800,0.0,0.0,0.0
2015-12-16 00:00:00-05:00,50.49430299413231,51.026214599609375,50.289002528932585,51.026214599609375,16900,0.0,0.0,0.0
2015-12-17 00:00:00-05:00,51.110198414711796,51.110198414711796,50.27033615112305,50.27033615112305,28600,0.0,0.0,0.0
2015-12-18 00:00:00-05:00,50.10235364906782,50.10235364906782,49.30915332794884,49.34648132324219,27100,0.0,0.0,0.0
2015-12-21 00:00:00-05:00,49.710424486220816,49.80374092237282,49.35581562121427,49.682430267333984,25200,0.0,0.0,0.0
2015-12-22 00:00:00-05:00,49.99971323991972,50.186346120084586,49.77574880001028,50.04637145996094,45800,0.0,0.0,0.0
2015-12-23 00:00:00-05:00,50.35431487893476,50.559615303860504,50.35431487893476,50.5502815246582,37600,0.0,0.0,0.0
2015-12-24 00:00:00-05:00,50.56903709266455,50.61588558657471,50.4659682614756,50.503448486328125,57700,0.22,0.0,0.0
2015-12-28 00:00:00-05:00,50.35352206030377,50.48469924926758,50.15675270254773,50.48469924926758,24900,0.0,0.0,0.0
2015-12-29 00:00:00-05:00,50.70957461832397,51.17806663254358,50.70957461832397,51.08436965942383,102600,0.0,0.0,0.0
2015-12-30 00:00:00-05:00,51.0656281228701,51.0656281228701,50.784533637055816,50.82201385498047,24700,0.0,0.0,0.0
2015-12-31 00:00:00-05:00,50.65335067639289,50.681459049478114,50.16611862182617,50.16611862182617,30700,0.0,0.0,0.0
2016-01-04 00:00:00-05:00,49.31346524707838,49.31346524707838,48.723164370247424,49.219764709472656,70300,0.0,0.0,0.0
2016-01-05 00:00:00-05:00,49.48212232648687,49.50086243388911,49.060478845711586,49.360313415527344,44800,0.0,0.0,0.0
2016-01-06 00:00:00-05:00,48.638845797849925,49.13544624044373,48.61073741787239,48.91057205200195,24600,0.0,0.0,0.0
2016-01-07 00:00:00-05:00,48.08601901212985,48.49829068896256,47.56130668081613,47.61752700805664,52600,0.0,0.0,0.0
2016-01-08 00:00:00-05:00,48.01105931671376,48.11412454910673,47.158404062592965,47.24272918701172,61600,0.0,0.0,0.0
2016-01-11 00:00:00-05:00,47.47697717837674,47.55193761343631,46.7180224321051,47.364540100097656,31400,0.0,0.0,0.0
2016-01-12 00:00:00-05:00,47.78618458294786,47.982950367513745,47.24273214064929,47.86114501953125,42600,0.0,0.0,0.0
2016-01-13 00:00:00-05:00,48.07664822412886,48.07664822412886,46.3900742384426,46.41818618774414,32300,0.0,0.0,0.0
2016-01-14 00:00:00-05:00,46.736759322636765,47.58004271312787,46.034021376739155,47.22399139404297,45100,0.0,0.0,0.0
2016-01-15 00:00:00-05:00,46.052774292310865,46.48378616116574,45.79041628901184,46.221431732177734,143900,0.0,0.0,0.0
2016-01-19 00:00:00-05:00,46.83045229723313,46.83045229723313,46.01527735022571,46.4462890625,47700,0.0,0.0,0.0
2016-01-20 00:00:00-05:00,45.65922560889734,46.474400611638636,44.769090177517306,46.14645767211914,39500,0.0,0.0,0.0
2016-01-21 00:00:00-05:00,46.27763453750187,46.71801811702541,45.80914258458233,46.28700637817383,347400,0.0,0.0,0.0
2016-01-22 00:00:00-05:00,47.07407436823974,47.36453709992133,46.91478524098302,47.327056884765625,89200,0.0,0.0,0.0
2016-01-25 00:00:00-05:00,47.30832040256665,47.420757473845086,46.73675963091034,46.79297637939453,46600,0.0,0.0,0.0
2016-01-26 00:00:00-05:00,46.97100013362311,47.20524608980113,46.65242549024862,47.11154556274414,42500,0.0,0.0,0.0
2016-01-27 00:00:00-05:00,47.02722222719141,47.19587962077737,46.062129921690655,46.30574417114258,52600,0.0,0.0,0.0
2016-01-28 00:00:00-05:00,46.87730098497958,46.87730098497958,46.28700373155639,46.68990707397461,21300,0.0,0.0,0.0
2016-01-29 00:00:00-05:00,46.76486881171203,47.673744387189195,46.76486881171203,47.626895904541016,21300,0.0,0.0,0.0
2016-02-01 00:00:00-05:00,47.46760987608913,48.0016904766596,47.40202128123383,47.86114501953125,12700,0.0,0.0,0.0
2016-02-02 00:00:00-05:00,47.61752558629222,47.61752558629222,46.98974803524725,47.06470489501953,26800,0.0,0.0,0.0
2016-02-03 00:00:00-05:00,47.39264809785584,47.39264809785584,46.390072021255385,47.16777038574219,13700,0.0,0.0,0.0
2016-02-04 00:00:00-05:00,47.01785559592823,47.3457985535795,46.82108982133747,47.1021842956543,20300,0.0,0.0,0.0
2016-02-05 00:00:00-05:00,46.96164047890589,46.96164047890589,45.79041039411656,45.85599899291992,32500,0.0,0.0,0.0
2016-02-08 00:00:00-05:00,45.32191805007176,45.47183535692652,44.656660224298186,45.26570129394531,120000,0.0,0.0,0.0
2016-02-09 00:00:00-05:00,44.76908501556967,45.79976934465276,44.76908501556967,45.35001754760742,39800,0.0,0.0,0.0
2016-02-10 00:00:00-05:00,45.706082302251964,46.183946184912976,45.415619524860574,45.42498779296875,66900,0.0,0.0,0.0
2016-02-11 00:00:00-05:00,44.740993433339355,45.25633400409679,44.56296773051359,45.03145980834961,79200,0.0,0.0,0.0
2016-02-12 00:00:00-05:00,45.52804959989786,45.724815368652344,45.26569524155856,45.724815368652344,188300,0.0,0.0,0.0
2016-02-16 00:00:00-05:00,46.37133733383922,46.51188278198242,46.0433908062182,46.51188278198242,50800,0.0,0.0,0.0
2016-02-17 00:00:00-05:00,46.87730193011103,47.45823450373026,46.75549660036393,47.38327407836914,32500,0.0,0.0,0.0
2016-02-18 00:00:00-05:00,47.439503128134874,47.439503128134874,46.999119483864824,47.05533981323242,48900,0.0,0.0,0.0
2016-02-19 00:00:00-05:00,46.95227610058826,47.18652213695175,46.75551028787753,47.120933532714844,50100,0.0,0.0,0.0
2016-02-22 00:00:00-05:00,47.69248943364326,47.81429478627939,47.48635179947369,47.73933792114258,90300,0.0,0.0,0.0
2016-02-23 00:00:00-05:00,47.63626234286148,47.72995930456134,47.16777038574219,47.16777038574219,83000,0.0,0.0,0.0
2016-02-24 00:00:00-05:00,46.71801620883287,47.476970854004726,46.446290029403784,47.43012237548828,42400,0.0,0.0,0.0
2016-02-25 00:00:00-05:00,47.62689187133283,47.917354583740234,47.41138243564307,47.917354583740234,62600,0.0,0.0,0.0
2016-02-26 00:00:00-05:00,48.179713319946075,48.179713319946075,47.77681350708008,47.77681350708008,23800,0.0,0.0,0.0
2016-02-29 00:00:00-05:00,47.8049175352509,48.104752088075756,47.38327407836914,47.38327407836914,85100,0.0,0.0,0.0
2016-03-01 00:00:00-05:00,47.83302749531711,48.66694259643555,47.69248205456464,48.66694259643555,134000,0.0,0.0,0.0
2016-03-02 00:00:00-05:00,48.70443528206504,48.70443528206504,48.33901203850108,48.58262634277344,40100,0.0,0.0,0.0
2016-03-03 00:00:00-05:00,48.57325093905922,48.69505986045815,48.376485155937324,48.68568801879883,15300,0.0,0.0,0.0
2016-03-04 00:00:00-05:00,48.74189590327896,48.95740174039611,48.55449843534379,48.77000427246094,23600,0.0,0.0,0.0
2016-03-07 00:00:00-05:00,48.64820836672068,48.788757398762975,48.32963723280415,48.545143127441406,91300,0.0,0.0,0.0
2016-03-08 00:00:00-05:00,48.25467793704538,48.6575813591636,48.19845760803686,48.36711502075195,27300,0.0,0.0,0.0
2016-03-09 00:00:00-05:00,48.52639783226057,48.52639783226057,48.301520119887364,48.43269729614258,35200,0.0,0.0,0.0
2016-03-10 00:00:00-05:00,48.713789864736825,48.91992387244922,48.048528643023054,48.507652282714844,82800,0.0,0.0,0.0
2016-03-11 00:00:00-05:00,48.891821947101555,49.18228825330428,48.88245010615079,49.172916412353516,152100,0.0,0.0,0.0
2016-03-14 00:00:00-04:00,49.097957064104484,49.36031140844797,49.097957064104484,49.238502502441406,72900,0.0,0.0,0.0
2016-03-15 00:00:00-04:00,49.06983901193563,49.28534485002118,48.994882169010374,49.25723648071289,29900,0.0,0.0,0.0
2016-03-16 00:00:00-04:00,49.16354381805779,49.68825248719092,49.16354381805779,49.60392379760742,55800,0.0,0.0,0.0
2016-03-17 00:00:00-04:00,49.57581575398509,49.85691019635404,49.42589847976766,49.753841400146484,30600,0.0,0.0,0.0
2016-03-18 00:00:00-04:00,50.00683312472534,50.00683312472534,49.71637038363638,49.92250442504883,39900,0.0,0.0,0.0
2016-03-21 00:00:00-04:00,49.95998345553211,50.09116063540181,49.82880627566241,50.053680419921875,45700,0.0,0.0,0.0
2016-03-22 00:00:00-04:00,49.81006473114581,50.20359983371343,49.81006473114581,50.081790924072266,40400,0.0,0.0,0.0
2016-03-23 00:00:00-04:00,49.970833932285494,49.999043643155524,49.74514907093289,49.81097412109375,29700,0.192,0.0,0.0
2016-03-24 00:00:00-04:00,49.547657748689645,49.829769134521484,49.35958827439546,49.829769134521484,35500,0.0,0.0,0.0
2016-03-28 00:00:00-04:00,49.914414461317605,49.98964155262889,49.810974071967934,49.867393493652344,80300,0.0,0.0,0.0
2016-03-29 00:00:00-04:00,49.76394405272375,50.469215393066406,49.71692668080668,50.469215393066406,52600,0.0,0.0,0.0
2016-03-30 00:00:00-04:00,50.7513414145014,50.88299152866045,50.610285670932946,50.685516357421875,38300,0.0,0.0,0.0
2016-03-31 00:00:00-04:00,50.704317513712496,50.770146154187046,50.478632641671986,50.52565002441406,36000,0.0,0.0,0.0
2016-04-01 00:00:00-04:00,50.33757400567392,51.06165313720703,50.121291187766026,51.06165313720703,175700,0.0,0.0,0.0
2016-04-04 00:00:00-04:00,51.07105098722147,51.108662733201626,50.85476820225425,50.94880294799805,315900,0.0,0.0,0.0
2016-04-05 00:00:00-04:00,50.591475077692245,50.74193285478471,50.478632641671986,50.52565002441406,23200,0.0,0.0,0.0
2016-04-06 00:00:00-04:00,50.54444362580141,51.14627456665039,50.54444362580141,51.14627456665039,18100,0.0,0.0,0.0
2016-04-07 00:00:00-04:00,50.98642391288047,50.98642391288047,50.384592864375435,50.54445266723633,33100,0.0,0.0,0.0
2016-04-08 00:00:00-04:00,50.81715324299272,50.89238032270216,50.393989709640756,50.506832122802734,32300,0.0,0.0,0.0
2016-04-11 00:00:00-04:00,50.76073375304446,50.88298180162115,50.33757019042969,50.33757019042969,31600,0.0,0.0,0.0
2016-04-12 00:00:00-04:00,50.45981663382177,50.9017878504038,50.28114917404399,50.79834747314453,189900,0.0,0.0,0.0
2016-04-13 00:00:00-04:00,51.04284197512165,51.249722737745515,50.96761488965582,51.23091506958008,148200,0.0,0.0,0.0
2016-04-14 00:00:00-04:00,51.25913001062337,51.353168361049725,51.13688553586353,51.240325927734375,190100,0.0,0.0,0.0
2016-04-15 00:00:00-04:00,51.277931050686675,51.277931050686675,51.099263588771976,51.19329833984375,46900,0.0,0.0,0.0
2016-04-18 00:00:00-04:00,51.118070539249636,51.5224264201377,51.08045520447033,51.46600341796875,24200,0.0,0.0,0.0
2016-04-19 00:00:00-04:00,51.5976533379311,51.5976533379311,51.193297458332715,51.381370544433594,44900,0.0,0.0,0.0
2016-04-20 00:00:00-04:00,51.353172302246094,51.541245430336545,51.21211655937911,51.353172302246094,60400,0.0,0.0,0.0
2016-04-21 00:00:00-04:00,51.37197200164793,51.400181710965,51.080458518986234,51.21210861206055,40300,0.0,0.0,0.0
2016-04-22 00:00:00-04:00,50.83596176315003,50.99582155221358,50.572658011757575,50.90178680419922,15100,0.0,0.0,0.0
2016-04-25 00:00:00-04:00,50.770145566959535,50.85477828979492,50.582072450970195,50.85477828979492,26800,0.0,0.0,0.0
2016-04-26 00:00:00-04:00,50.920595332210915,51.05224541653524,50.63848390900648,50.74192428588867,41400,0.0,0.0,0.0
2016-04-27 00:00:00-04:00,50.44101611527774,50.647896899116986,50.20592561989543,50.5162467956543,29100,0.0,0.0,0.0
2016-04-28 00:00:00-04:00,50.42218848284703,50.77012486104483,50.02723832882122,50.09306335449219,29500,0.0,0.0,0.0
2016-04-29 00:00:00-04:00,50.06486597223898,50.06486597223898,49.60408709197583,49.90500259399414,33700,0.0,0.0,0.0
2016-05-02 00:00:00-04:00,50.01784700836474,50.37518552648342,49.933214295841786,50.33757019042969,57900,0.0,0.0,0.0
2016-05-03 00:00:00-04:00,50.05546693522475,50.19652266476514,49.88620149465476,50.00844955444336,26900,0.0,0.0,0.0
2016-05-04 00:00:00-04:00,49.80156849267294,49.87679917125461,49.68872606199664,49.81097412109375,23300,0.0,0.0,0.0
2016-05-05 00:00:00-04:00,49.8955941679635,49.98962890511059,49.71692314531064,49.829769134521484,38200,0.0,0.0,0.0
2016-05-06 00:00:00-04:00,49.72633169292959,50.04605484008789,49.64169898964664,50.04605484008789,29000,0.0,0.0,0.0
2016-05-09 00:00:00-04:00,50.093081370862855,50.34697952713657,50.093081370862855,50.1965217590332,22900,0.0,0.0,0.0
2016-05-10 00:00:00-04:00,50.43160192146597,50.845359802246094,50.43160192146597,50.845359802246094,26100,0.0,0.0,0.0
2016-05-11 00:00:00-04:00,50.732523882053286,50.732523882053286,50.2153255681572,50.25293731689453,22300,0.0,0.0,0.0
2016-05-12 00:00:00-04:00,50.38458461015106,50.38458461015106,49.87678840096584,50.14949417114258,25700,0.0,0.0,0.0
2016-05-13 00:00:00-04:00,50.09308194197856,50.271749422639516,49.76395310430267,49.867393493652344,28000,0.0,0.0,0.0
2016-05-16 00:00:00-04:00,49.94261374128652,50.47861965851689,49.94261374128652,50.375179290771484,25200,0.0,0.0,0.0
2016-05-17 00:00:00-04:00,50.24353307737058,50.35637549303527,49.66991178468184,49.763946533203125,75800,0.0,0.0,0.0
2016-05-18 00:00:00-04:00,49.62290206843075,50.11189072803477,49.50065400673067,49.70753479003906,23800,0.0,0.0,0.0
2016-05-19 00:00:00-04:00,49.51006054385189,49.613497350207865,49.22794907518329,49.51946258544922,26100,0.0,0.0,0.0
2016-05-20 00:00:00-04:00,49.68872606199664,49.92381655177005,49.68872606199664,49.81097412109375,25500,0.0,0.0,0.0
2016-05-23 00:00:00-04:00,49.7545519940684,49.905009766702435,49.6511116027832,49.6511116027832,27100,0.0,0.0,0.0
2016-05-24 00:00:00-04:00,50.055461302945204,50.488026896975335,50.055461302945204,50.441009521484375,27400,0.0,0.0,0.0
2016-05-25 00:00:00-04:00,50.52564271893528,50.788942893977556,50.52564271893528,50.694908142089844,22000,0.0,0.0,0.0
2016-05-26 00:00:00-04:00,50.75132868307485,50.84536343039998,50.67609801545821,50.7889404296875,88300,0.0,0.0,0.0
2016-05-27 00:00:00-04:00,50.760732464367344,50.995822927941035,50.760732464367344,50.967613220214844,26600,0.0,0.0,0.0
2016-05-31 00:00:00-04:00,51.10865892449381,51.10865892449381,50.704303090976694,50.920589447021484,50600,0.0,0.0,0.0
2016-06-01 00:00:00-04:00,50.79834779946613,51.00522855531363,50.723117129268566,50.967613220214844,133700,0.0,0.0,0.0
2016-06-02 00:00:00-04:00,50.873573633699124,51.080454384468425,50.81715421963165,51.04283905029297,32500,0.0,0.0,0.0
2016-06-03 00:00:00-04:00,51.06165313720703,51.108670517239844,50.741929930909244,51.06165313720703,22600,0.0,0.0,0.0
2016-06-06 00:00:00-04:00,51.08987697348306,51.315561879071915,51.05226162681928,51.221527099609375,19300,0.0,0.0,0.0
2016-06-07 00:00:00-04:00,51.2215140812843,51.35316417395077,51.12747573852539,51.12747573852539,50200,0.0,0.0,0.0
2016-06-08 00:00:00-04:00,51.1933036743812,51.37197474210991,51.14628629394592,51.3437614440918,100800,0.0,0.0,0.0
2016-06-09 00:00:00-04:00,51.10866840916331,51.3249548053462,51.10866840916331,51.268531799316406,124800,0.0,0.0,0.0
2016-06-10 00:00:00-04:00,50.92059949917514,51.00523221562303,50.71371872848117,50.88298416137695,18200,0.0,0.0,0.0
2016-06-13 00:00:00-04:00,50.68550176083689,50.835959503288834,50.469215393066406,50.469215393066406,24900,0.0,0.0,0.0
2016-06-14 00:00:00-04:00,50.32816710286691,50.488026896975335,50.158901681342805,50.441009521484375,18500,0.0,0.0,0.0
2016-06-15 00:00:00-04:00,50.582058831646165,50.73251656648731,50.337562770532195,50.36577606201172,17900,0.0,0.0,0.0
2016-06-16 00:00:00-04:00,50.168301296121165,50.55384949602059,49.90500113634467,50.506832122802734,20500,0.0,0.0,0.0
2016-06-17 00:00:00-04:00,50.516233254346574,50.516233254346574,49.952014064355026,50.14008712768555,23100,0.0,0.0,0.0
2016-06-20 00:00:00-04:00,50.57266728296939,50.73253068853552,50.41280746459961,50.41280746459961,16900,0.0,0.0,0.0
2016-06-21 00:00:00-04:00,50.497432524391016,50.563257567517525,50.393992145993415,50.441009521484375,35000,0.0,0.0,0.0
2016-06-22 00:00:00-04:00,50.52563583588247,50.73251656648731,50.31875510527763,50.36577606201172,66100,0.0,0.0,0.0
2016-06-23 00:00:00-04:00,50.70431052726843,50.84536624325524,50.54445073053286,50.83596420288086,25100,0.0,0.0,0.0
2016-06-24 00:00:00-04:00,49.256150481424754,49.98963151359223,48.917619670518086,49.26555252075195,55900,0.0,0.0,0.0
2016-06-27 00:00:00-04:00,48.823582436641075,48.823582436641075,48.306384169350366,48.49445724487305,61900,0.0,0.0,0.0
2016-06-28 00:00:00-04:00,48.98345383032517,49.38780975341797,48.94583849161976,49.38780975341797,47600,0.0,0.0,0.0
2016-06-29 00:00:00-04:00,49.76394737231992,50.16830325473199,49.76394737231992,50.15890121459961,24900,0.0,0.0,0.0
2016-06-30 00:00:00-04:00,50.33757466840555,50.65729787891273,50.15890718705009,50.619686126708984,60700,0.0,0.0,0.0
2016-07-01 00:00:00-04:00,50.67610339068298,51.02403629732608,50.67610339068298,50.88298416137695,45100,0.0,0.0,0.0
2016-07-05 00:00:00-04:00,50.62909334255518,50.77955112833646,50.49744322839613,50.685516357421875,24000,0.0,0.0,0.0
2016-07-06 00:00:00-04:00,50.5598660239191,50.994423047146654,50.4276098519551,50.98497772216797,16600,0.247,0.0,0.0
2016-07-07 00:00:00-04:00,51.09833568317015,51.2116975926871,50.86216293617892,50.99441909790039,17700,0.0,0.0,0.0
2016-07-08 00:00:00-04:00,51.37230493933974,51.77852241575776,51.3628560099101,51.769073486328125,29200,0.0,0.0,0.0
2016-07-11 00:00:00-04:00,51.90130999389071,52.109143118029095,51.85407617577999,51.92965316772461,30000,0.0,0.0,0.0
2016-07-12 00:00:00-04:00,52.15637977847132,52.250851023550425,52.080806386117544,52.165828704833984,28100,0.0,0.0,0.0
2016-07-13 00:00:00-04:00,52.269753029909566,52.269753029909566,52.09970836724039,52.128047943115234,36400,0.0,0.0,0.0
2016-07-14 00:00:00-04:00,52.39256280902883,52.468139819983804,52.298095149045345,52.41145706176758,169700,0.0,0.0,0.0
2016-07-15 00:00:00-04:00,52.5531624622974,52.5531624622974,52.260306948702315,52.34532928466797,17200,0.0,0.0,0.0
2016-07-18 00:00:00-04:00,52.37366789024899,52.590946388416036,52.37366789024899,52.56260681152344,50400,0.0,0.0,0.0
2016-07-19 00:00:00-04:00,52.41145706176758,52.496479397236804,52.354774303551345,52.41145706176758,29700,0.0,0.0,0.0
2016-07-20 00:00:00-04:00,52.67595997793396,52.90268736656574,52.59093765766073,52.8365592956543,28200,0.0,0.0,0.0
2016-07-21 00:00:00-04:00,52.81767364321791,52.81767364321791,52.45869005433289,52.61928939819336,85900,0.0,0.0,0.0
2016-07-22 00:00:00-04:00,52.64762444956578,52.85545760479928,52.60039062438813,52.789329528808594,40500,0.0,0.0,0.0
2016-07-25 00:00:00-04:00,52.82712235224334,52.82712235224334,52.54371575494881,52.69486618041992,15500,0.0,0.0,0.0
2016-07-26 00:00:00-04:00,52.66652339840989,52.78933423779481,52.45869022463698,52.56260681152344,38000,0.0,0.0,0.0
2016-07-27 00:00:00-04:00,52.90269523224984,52.90269523224984,52.61928865710482,52.760990142822266,33300,0.0,0.0,0.0
2016-07-28 00:00:00-04:00,52.827109968556094,52.9593697130857,52.675959578517535,52.94047546386719,24600,0.0,0.0,0.0
2016-07-29 00:00:00-04:00,52.98771673112166,53.13886714240053,52.86490589579818,52.96882247924805,37400,0.0,0.0,0.0
2016-08-01 00:00:00-04:00,53.02551182152476,53.33725800688837,52.95938373360792,53.20500183105469,49100,0.0,0.0,0.0
2016-08-02 00:00:00-04:00,53.11996912007688,53.11996912007688,52.7232006700237,52.94992446899414,23900,0.0,0.0,0.0
2016-08-03 00:00:00-04:00,52.85546836170833,52.95938496047372,52.83657410705002,52.912147521972656,22800,0.0,0.0,0.0
2016-08-04 00:00:00-04:00,53.00662580805246,53.119987747289514,52.90270919553888,53.07275390625,15300,0.0,0.0,0.0
2016-08-05 00:00:00-04:00,53.157760018334486,53.375038503691925,53.157760018334486,53.290016174316406,29400,0.0,0.0,0.0
2016-08-08 00:00:00-04:00,53.3466995323917,53.3466995323917,53.10107786532183,53.15776062011719,19100,0.0,0.0,0.0
2016-08-09 00:00:00-04:00,53.205005016199905,53.46951738370244,53.205005016199905,53.33726119995117,46900,0.0,0.0,0.0
2016-08-10 00:00:00-04:00,53.34670305355517,53.36559730640074,53.13886987596411,53.22389221191406,48800,0.0,0.0,0.0
2016-08-11 00:00:00-04:00,53.375045100076555,53.54508977984266,53.318362338917716,53.52619552612305,60800,0.0,0.0,0.0
2016-08-12 00:00:00-04:00,53.356139949768476,53.431716949212316,53.318351450046556,53.38447952270508,18000,0.0,0.0,0.0
2016-08-15 00:00:00-04:00,53.47895420415174,53.62065568163845,53.47895420415174,53.51674270629883,27300,0.0,0.0,0.0
2016-08-16 00:00:00-04:00,53.39393322544893,53.39393322544893,53.167205810546875,53.167205810546875,37700,0.0,0.0,0.0
2016-08-17 00:00:00-04:00,53.18610345790404,53.29002004621439,52.94048537947885,53.27112579345703,37700,0.0,0.0,0.0
2016-08-18 00:00:00-04:00,53.23334115846652,53.31836350020137,53.15776774565248,53.252235412597656,21800,0.0,0.0,0.0
2016-08-19 00:00:00-04:00,52.88380305841931,53.223892403442946,52.88380305841931,53.195552825927734,22500,0.0,0.0,0.0
2016-08-22 00:00:00-04:00,53.15776774565248,53.29002392085992,53.110533912179896,53.252235412597656,11900,0.0,0.0,0.0
2016-08-23 00:00:00-04:00,53.34670244165396,53.507298183433875,53.30891393639626,53.35614776611328,20000,0.0,0.0,0.0
2016-08-24 00:00:00-04:00,53.29001799320699,53.31835756939612,52.89324951171875,52.89324951171875,34000,0.0,0.0,0.0
2016-08-25 00:00:00-04:00,52.9027064032437,53.06330217504375,52.855472564697266,52.855472564697266,17500,0.0,0.0,0.0
2016-08-26 00:00:00-04:00,52.91214038633338,53.167207384256734,52.572054659479015,52.81767272949219,27700,0.0,0.0,0.0
2016-08-29 00:00:00-04:00,52.883792716211644,53.04439203271424,52.883792716211644,52.94047546386719,61800,0.0,0.0,0.0
2016-08-30 00:00:00-04:00,52.94047634710821,52.94992167002027,52.6381755619876,52.74209213256836,11800,0.0,0.0,0.0
2016-08-31 00:00:00-04:00,52.685420913552754,52.74210367455833,52.48703665559884,52.67597198486328,14400,0.0,0.0,0.0
2016-09-01 00:00:00-04:00,52.64762861392698,52.7515451997634,52.458689694561684,52.70431137084961,27900,0.0,0.0,0.0
2016-09-02 00:00:00-04:00,52.9593697130857,53.04439203271424,52.77043082461011,52.94047546386719,67000,0.0,0.0,0.0
2016-09-06 00:00:00-04:00,53.016059396777095,53.14831556389005,52.90269748263889,53.13887023925781,22300,0.0,0.0,0.0
2016-09-07 00:00:00-04:00,53.15776062011719,53.21444337491255,52.997161283385346,53.15776062011719,18400,0.0,0.0,0.0
2016-09-08 00:00:00-04:00,53.053848997861564,53.053848997861564,52.82712156119478,52.88380432128906,27000,0.0,0.0,0.0
2016-09-09 00:00:00-04:00,52.534274663642904,52.534274663642904,51.750179290771484,51.750179290771484,42400,0.0,0.0,0.0
2016-09-12 00:00:00-04:00,51.438430346009135,52.43980059064971,51.353408004133,52.402015686035156,52100,0.0,0.0,0.0
2016-09-13 00:00:00-04:00,52.18472807740476,52.23196190272702,51.6745941150206,51.86353302001953,21000,0.0,0.0,0.0
2016-09-14 00:00:00-04:00,51.91076649119183,52.24140686990184,51.82574416470784,51.94855499267578,111500,0.0,0.0,0.0
2016-09-15 00:00:00-04:00,51.99579378395393,52.628735027570066,51.98634485582552,52.55316162109375,46100,0.0,0.0,0.0
2016-09-16 00:00:00-04:00,52.439796447753906,52.52481878291303,52.2225179476162,52.439796447753906,20000,0.0,0.0,0.0
2016-09-19 00:00:00-04:00,52.59093999723768,52.64762274784463,52.222511127566875,52.27919387817383,21500,0.0,0.0,0.0
2016-09-20 00:00:00-04:00,52.40201154612446,52.61929004626218,52.40201154612446,52.439796447753906,57600,0.0,0.0,0.0
2016-09-21 00:00:00-04:00,52.66652165669031,53.00661098299528,52.37366615821434,52.96882247924805,22400,0.0,0.0,0.0
2016-09-22 00:00:00-04:00,53.1955560024763,53.39394026434976,53.1955560024763,53.299468994140625,21800,0.0,0.0,0.0
2016-09-23 00:00:00-04:00,53.23334968652657,53.23334968652657,53.053859649091976,53.07275390625,29100,0.0,0.0,0.0
2016-09-26 00:00:00-04:00,52.78553740434213,52.78553740434213,52.57701376293534,52.586490631103516,14300,0.187,0.0,0.0
2016-09-27 00:00:00-04:00,52.643367301855974,53.01302666048632,52.50118895665407,52.98459243774414,64900,0.0,0.0,0.0
2016-09-28 00:00:00-04:00,53.04145759744559,53.0509380816027,52.823453466520846,53.013023376464844,15600,0.0,0.0,0.0
2016-09-29 00:00:00-04:00,53.069901332137455,53.12676978041907,52.50119153910144,52.624412536621094,13900,0.0,0.0,0.0
2016-09-30 00:00:00-04:00,52.81397649494582,53.07937219890184,52.73814708481822,52.94667434692383,19100,0.0,0.0,0.0
2016-10-03 00:00:00-04:00,52.8234455254344,52.870837091859585,52.643356126720825,52.813968658447266,24000,0.0,0.0,0.0
2016-10-04 00:00:00-04:00,52.94667746444251,52.94667746444251,52.510669177772364,52.61492919921875,18400,0.0,0.0,0.0
2016-10-05 00:00:00-04:00,52.77606021273922,52.7950175647046,52.65283923283681,52.69075393676758,18300,0.0,0.0,0.0
2016-10-06 00:00:00-04:00,52.67180430722439,52.813982659937516,52.558063794501315,52.757110595703125,16900,0.0,0.0,0.0
2016-10-07 00:00:00-04:00,52.7476361000929,52.7476361000929,52.359019349699274,52.567543029785156,22200,0.0,0.0,0.0
2016-10-10 00:00:00-04:00,52.728676900062304,52.88980899338986,52.728676900062304,52.785545349121094,15600,0.0,0.0,0.0
2016-10-11 00:00:00-04:00,52.67180065708165,52.681281141669906,52.0367455879958,52.216835021972656,15800,0.0,0.0,0.0
2016-10-12 00:00:00-04:00,52.2737039014246,52.453793324443055,52.22630871285821,52.311614990234375,12600,0.0,0.0,0.0
2016-10-13 00:00:00-04:00,52.017796269808095,52.3400640964262,51.780834738934374,52.17892837524414,21300,0.0,0.0,0.0
2016-10-14 00:00:00-04:00,52.40640387780124,52.558059086428855,52.245268184777615,52.292659759521484,9900,0.0,0.0,0.0
2016-10-17 00:00:00-04:00,52.21683641754979,52.235793771487515,52.036746978759766,52.036746978759766,25600,0.0,0.0,0.0
2016-10-18 00:00:00-04:00,52.43484718657431,52.567545065152146,52.368498247285395,52.48223876953125,16100,0.0,0.0,0.0
2016-10-19 00:00:00-04:00,52.491719255570246,52.6054597778161,52.444327672613305,52.48223876953125,21300,0.0,0.0,0.0
2016-10-20 00:00:00-04:00,52.415881148832,52.50118743032399,52.28318329223232,52.42536163330078,20800,0.0,0.0,0.0
2016-10-21 00:00:00-04:00,52.45378812999525,52.68127271905252,52.39691607879472,52.662315368652344,23200,0.0,0.0,0.0
2016-10-24 00:00:00-04:00,52.90875720208272,53.07936975125708,52.90875720208272,53.06989288330078,18500,0.0,0.0,0.0
2016-10-25 00:00:00-04:00,53.03198734752832,53.03198734752832,52.785545349121094,52.785545349121094,46300,0.0,0.0,0.0
2016-10-26 00:00:00-04:00,52.59597831248029,52.74763353414075,52.47275731496063,52.624412536621094,14700,0.0,0.0,0.0
2016-10-27 00:00:00-04:00,52.81397619693665,52.81397619693665,52.44431686401367,52.44431686401367,8600,0.0,0.0,0.0
2016-10-28 00:00:00-04:00,52.35900986399195,52.48222722943704,52.03674210870244,52.11256790161133,15300,0.0,0.0,0.0
2016-10-31 00:00:00-04:00,52.2263104231718,52.2263104231718,51.99882941988262,52.02726364135742,25600,0.0,0.0,0.0
2016-11-01 00:00:00-04:00,52.08413990020278,52.08413990020278,51.33534067118866,51.619693756103516,24000,0.0,0.0,0.0
2016-11-02 00:00:00-04:00,51.54386257162803,51.69551777546227,51.28794373720552,51.36376953125,25500,0.0,0.0,0.0
2016-11-03 00:00:00-04:00,51.34481485907041,51.34481485907041,50.89932970840913,50.9372444152832,21500,0.0,0.0,0.0
2016-11-04 00:00:00-04:00,50.89932516447094,51.2310697806396,50.89932516447094,50.9088020324707,27100,0.0,0.0,0.0
2016-11-07 00:00:00-05:00,51.61021229891139,52.06517791748047,51.61021229891139,52.06517791748047,25500,0.0,0.0,0.0
2016-11-08 00:00:00-05:00,51.95143614419745,52.463270192709196,51.95143614419745,52.311614990234375,50000,0.0,0.0,0.0
2016-11-09 00:00:00-05:00,51.82821002976887,52.79501320570872,51.82821002976887,52.662315368652344,184300,0.0,0.0,0.0
2016-11-10 00:00:00-05:00,52.86136809816182,52.91824015578953,51.87560746041983,52.34005355834961,97600,0.0,0.0,0.0
2016-11-11 00:00:00-05:00,52.34005441751855,52.34005441751855,52.06517822475707,52.264225006103516,78800,0.0,0.0,0.0
2016-11-14 00:00:00-05:00,52.34953324344591,52.34953324344591,51.704997685300015,51.809261322021484,53600,0.0,0.0,0.0
2016-11-15 00:00:00-05:00,52.03674294280629,52.24526658845709,51.96091353293671,52.20735549926758,22900,0.0,0.0,0.0
2016-11-16 00:00:00-05:00,52.05569909720847,52.425362063873436,52.05569909720847,52.387447357177734,38700,0.0,0.0,0.0
2016-11-17 00:00:00-05:00,52.45379520458641,52.76658248901367,52.45379520458641,52.76658248901367,35300,0.0,0.0,0.0
2016-11-18 00:00:00-05:00,52.82346190673889,52.84241926233686,52.567543029785156,52.567543029785156,28800,0.0,0.0,0.0
2016-11-21 00:00:00-05:00,52.728687174098845,53.04147455210515,52.728687174098845,53.03199768066406,28200,0.0,0.0,0.0
2016-11-22 00:00:00-05:00,53.15520795522755,53.193119049072266,53.04146382645625,53.193119049072266,47900,0.0,0.0,0.0
2016-11-23 00:00:00-05:00,52.90877665745118,53.05095503929269,52.79503612142584,53.03199768066406,15500,0.0,0.0,0.0
2016-11-25 00:00:00-05:00,53.117293245637114,53.22155688913795,53.08885540557144,53.193119049072266,21000,0.0,0.0,0.0
2016-11-28 00:00:00-05:00,53.16468081092211,53.21207238645932,53.06041717529297,53.06041717529297,57500,0.0,0.0,0.0
2016-11-29 00:00:00-05:00,53.11729026419639,53.43007756139662,53.088852425726905,53.28790283203125,26200,0.0,0.0,0.0
2016-11-30 00:00:00-05:00,53.363732019523724,53.363732019523724,52.785545349121094,52.785545349121094,61900,0.0,0.0,0.0
2016-12-01 00:00:00-05:00,52.757103729392696,52.757103729392696,52.16944027177093,52.311614990234375,27900,0.0,0.0,0.0
2016-12-02 00:00:00-05:00,52.22631040261746,52.51066708023506,52.22631040261746,52.33057403564453,32700,0.0,0.0,0.0
2016-12-05 00:00:00-05:00,52.5864995161774,52.72867787293913,52.4822358699849,52.64337158203125,19500,0.0,0.0,0.0
2016-12-06 00:00:00-05:00,52.75710784273377,52.75710784273377,52.60545262843477,52.68128204345703,102900,0.0,0.0,0.0
2016-12-07 00:00:00-05:00,52.68127621294381,53.42059484885897,52.567532102999074,53.37320327758789,26500,0.0,0.0,0.0
2016-12-08 00:00:00-05:00,53.515379689062634,53.54381752532351,53.3068560457059,53.39216232299805,52300,0.0,0.0,0.0
2016-12-09 00:00:00-05:00,53.55329512101426,53.86608601391597,53.55329512101426,53.856605529785156,49600,0.0,0.0,0.0
2016-12-12 00:00:00-05:00,53.733387723194944,53.799736653052264,53.61964721711747,53.76182556152344,528600,0.0,0.0,0.0
2016-12-13 00:00:00-05:00,53.91347672021433,54.406357030476094,53.91347672021433,54.23574447631836,45100,0.0,0.0,0.0
2016-12-14 00:00:00-05:00,54.18834483766978,54.425306297234364,53.91347229254102,53.970340728759766,36100,0.0,0.0,0.0
2016-12-15 00:00:00-05:00,54.07461239384877,54.3684459490889,54.00826346455994,54.103050231933594,26000,0.0,0.0,0.0
2016-12-16 00:00:00-05:00,54.1978298865958,54.207306754848965,53.96086840706915,53.998783111572266,46100,0.0,0.0,0.0
2016-12-19 00:00:00-05:00,54.06514260623113,54.406367781977735,54.06514260623113,54.20731735229492,16300,0.0,0.0,0.0
2016-12-20 00:00:00-05:00,54.340002807983765,54.37791389296545,54.22625870580407,54.34947967529297,18700,0.0,0.0,0.0
2016-12-21 00:00:00-05:00,54.23574713032658,54.32105341157988,54.17887507090925,54.24522399902344,32500,0.0,0.0,0.0
2016-12-22 00:00:00-05:00,54.21287200897941,54.21287200897941,54.003518002234834,54.06061553955078,35800,0.226,0.0,0.0
2016-12-23 00:00:00-05:00,54.12723060903308,54.174810077806484,54.06061862673415,54.146263122558594,25900,0.0,0.0,0.0
2016-12-27 00:00:00-05:00,54.222388495337945,54.5078689325244,54.222388495337945,54.30803298950195,16200,0.0,0.0,0.0
2016-12-28 00:00:00-05:00,54.38415728534176,54.38415728534176,53.955934859850814,53.98448181152344,20300,0.0,0.0,0.0
2016-12-29 00:00:00-05:00,53.99400468585553,54.0225516400679,53.879809608844724,53.9654541015625,33900,0.0,0.0,0.0
2016-12-30 00:00:00-05:00,54.01303038675263,54.01303038675263,53.43255511483921,53.59432601928711,23400,0.0,0.0,0.0
2017-01-03 00:00:00-05:00,54.15577744335959,54.15577744335959,53.76561999215954,54.00352096557617,135600,0.0,0.0,0.0
2017-01-04 00:00:00-05:00,54.11771233335494,54.4031927750007,54.070132864760765,54.36513137817383,43500,0.0,0.0,0.0
2017-01-05 00:00:00-05:00,54.31754889343396,54.58399680683058,54.31754889343396,54.564964294433594,71400,0.0,0.0,0.0
2017-01-06 00:00:00-05:00,54.6220602048435,55.04076457486535,54.536415716648065,54.95512008666992,68600,0.0,0.0,0.0
2017-01-09 00:00:00-05:00,54.95512107418387,55.02173305174614,54.82189711905934,54.93608856201172,50400,0.0,0.0,0.0
2017-01-10 00:00:00-05:00,54.97415457489669,55.08834601990245,54.80286559234775,54.917057037353516,29500,0.0,0.0,0.0
2017-01-11 00:00:00-05:00,54.86947618355708,54.99318569673194,54.603028275254765,54.94560623168945,31900,0.0,0.0,0.0
2017-01-12 00:00:00-05:00,54.793352137103504,54.91705802555218,54.50786807433111,54.89802551269531,52200,0.0,0.0,0.0
2017-01-13 00:00:00-05:00,54.936092236258716,55.06931620029356,54.936092236258716,55.01222229003906,35300,0.0,0.0,0.0
2017-01-17 00:00:00-05:00,54.95512613985375,55.03125619555989,54.76480463066925,54.983673095703125,29200,0.0,0.0,0.0
2017-01-18 00:00:00-05:00,55.04075905501996,55.07882407486285,54.9265676255714,55.059791564941406,27800,0.0,0.0,0.0
2017-01-19 00:00:00-05:00,55.097863688327735,55.154957595372856,54.83141214515512,54.92657470703125,71700,0.0,0.0,0.0
2017-01-20 00:00:00-05:00,55.06931858448444,55.09786917092853,54.86948262978041,54.96464157104492,19400,0.0,0.0,0.0
2017-01-23 00:00:00-05:00,54.92657425133607,55.12641018449719,54.850444202466775,55.07883071899414,25200,0.0,0.0,0.0
2017-01-24 00:00:00-05:00,55.06931089262419,55.38334188908016,55.050278381013484,55.32624435424805,94100,0.0,0.0,0.0
2017-01-25 00:00:00-05:00,55.56415469924971,55.735443702627784,55.55464025687583,55.725929260253906,57000,0.0,0.0,0.0
2017-01-26 00:00:00-05:00,55.72592867296076,55.84963457292262,55.706896158332555,55.735443115234375,30900,0.0,0.0,0.0
2017-01-27 00:00:00-05:00,55.80205312043919,55.8115711924559,55.67834359478799,55.77350616455078,22100,0.0,0.0,0.0
2017-01-30 00:00:00-05:00,55.59270327251395,55.59270327251395,55.2025457823846,55.478511810302734,30300,0.0,0.0,0.0
2017-01-31 00:00:00-05:00,55.269154523130915,55.392860412597656,55.116894419022906,55.392860412597656,57800,0.0,0.0,0.0
2017-02-01 00:00:00-05:00,55.678334583460504,55.68785265393675,55.3833397401418,55.58317565917969,43600,0.0,0.0,0.0
2017-02-02 00:00:00-05:00,55.526084899902344,55.659312492259616,55.421411522456985,55.526084899902344,22100,0.0,0.0,0.0
2017-02-03 00:00:00-05:00,55.8306000763276,55.8306000763276,55.64028219696373,55.77350616455078,43200,0.0,0.0,0.0
2017-02-06 00:00:00-05:00,55.68786705222995,55.79254407405163,55.640287577787696,55.744964599609375,31000,0.0,0.0,0.0
2017-02-07 00:00:00-05:00,55.9543009130967,56.039945397543455,55.86865642864995,55.93526840209961,62300,0.0,0.0,0.0
2017-02-08 00:00:00-05:00,55.86865853441601,56.097045044908974,55.84011158188454,56.039947509765625,47500,0.0,0.0,0.0
2017-02-09 00:00:00-05:00,56.09704669563304,56.36349460731503,56.09704669563304,56.29688262939453,148000,0.0,0.0,0.0
2017-02-10 00:00:00-05:00,56.37301307325538,56.5442984247643,56.37301307325538,56.5062370300293,29000,0.0,0.0,0.0
2017-02-13 00:00:00-05:00,56.61091732399482,56.89639776654528,56.61091732399482,56.80123519897461,803200,0.0,0.0,0.0
2017-02-14 00:00:00-05:00,56.80123079518823,57.02961730957031,56.68703935303744,57.02961730957031,54700,0.0,0.0,0.0
2017-02-15 00:00:00-05:00,57.00107168093939,57.40074355279355,57.00107168093939,57.36267852783203,193100,0.0,0.0,0.0
2017-02-16 00:00:00-05:00,57.419776065274306,57.419776065274306,57.18187510438571,57.36267852783203,73700,0.0,0.0,0.0
2017-02-17 00:00:00-05:00,57.19139007279865,57.49590301513672,57.19139007279865,57.49590301513672,115000,0.0,0.0,0.0
2017-02-21 00:00:00-05:00,57.6671904165521,57.819446883543165,57.62912902236472,57.74332046508789,44600,0.0,0.0,0.0
2017-02-22 00:00:00-05:00,57.73380207463193,57.86702965883262,57.66719009757183,57.8194465637207,40500,0.0,0.0,0.0
2017-02-23 00:00:00-05:00,57.94315725174828,57.97170420532987,57.610097359694514,57.800418853759766,35100,0.0,0.0,0.0
2017-02-24 00:00:00-05:00,57.657679582369106,57.981225048724944,57.657679582369106,57.96219253540039,100900,0.0,0.0,0.0
2017-02-27 00:00:00-05:00,57.943153250276836,58.04783024628791,57.84799432485603,58.019283294677734,39400,0.0,0.0,0.0
2017-02-28 00:00:00-05:00,58.00026112111324,58.02880807781142,57.80993960626982,57.89558410644531,30000,0.0,0.0,0.0
2017-03-01 00:00:00-05:00,58.37137795967114,58.73298842456934,58.30476598325311,58.694923400878906,60100,0.0,0.0,0.0
2017-03-02 00:00:00-05:00,58.628314317891174,58.628314317891174,58.35234832763672,58.35234832763672,46300,0.0,0.0,0.0
2017-03-03 00:00:00-05:00,58.34282613046745,58.476050072168235,58.238149139108216,58.428470611572266,31800,0.0,0.0,0.0
2017-03-06 00:00:00-05:00,58.2667019982021,58.41895846559744,58.142992484043226,58.31428146362305,30900,0.0,0.0,0.0
2017-03-07 00:00:00-05:00,58.19057728799166,58.41896018074962,58.16202670383644,58.2096061706543,33600,0.0,0.0,0.0
2017-03-08 00:00:00-05:00,58.34283204694003,58.46653793101839,58.22863697383313,58.31428146362305,45900,0.0,0.0,0.0
2017-03-09 00:00:00-05:00,58.34283164535426,58.41895806348767,58.12396320186001,58.32379913330078,46100,0.0,0.0,0.0
2017-03-10 00:00:00-05:00,58.599762680225005,58.599762680225005,58.27621724890865,58.51411819458008,104700,0.0,0.0,0.0
2017-03-13 00:00:00-04:00,58.571207694404066,58.599758274192595,58.44749819553397,58.52362823486328,37000,0.0,0.0,0.0
2017-03-14 00:00:00-04:00,58.599759975510956,58.599759975510956,58.304761509665326,58.41895294189453,52200,0.0,0.0,0.0
2017-03-15 00:00:00-04:00,58.56169801558603,58.92330484155864,58.437988506658364,58.8662109375,31400,0.0,0.0,0.0
2017-03-16 00:00:00-04:00,58.87572906570809,58.87572906570809,58.63782810368235,58.723472595214844,154600,0.0,0.0,0.0
2017-03-17 00:00:00-04:00,58.961373557240584,59.047018048773076,58.67589312882581,58.723472595214844,95000,0.0,0.0,0.0
2017-03-20 00:00:00-04:00,58.72346595158061,58.82814294384228,58.61878895931894,58.70443344116211,51800,0.0,0.0,0.0
2017-03-21 00:00:00-04:00,58.89475570519239,58.94233516683671,58.095408407294975,58.11444091796875,35800,0.0,0.0,0.0
2017-03-22 00:00:00-04:00,58.07637885708522,58.32379787837635,57.96218741730185,58.27621841430664,29700,0.0,0.0,0.0
2017-03-23 00:00:00-04:00,58.209598853950624,58.40943839759563,58.07637491157407,58.13347244262695,114900,0.0,0.0,0.0
2017-03-24 00:00:00-04:00,58.25853490583208,58.392176713005036,58.00079557422731,58.11534881591797,54300,0.191,0.0,0.0
2017-03-27 00:00:00-04:00,57.752605306766434,58.27762826308016,57.6380557042809,58.18217086791992,23100,0.0,0.0,0.0
2017-03-28 00:00:00-04:00,58.16307703965224,58.659463491877375,58.0867082124794,58.525821685791016,42400,0.0,0.0,0.0
2017-03-29 00:00:00-04:00,58.506720356637814,58.716727315686654,58.4685359490051,58.659454345703125,41700,0.0,0.0,0.0
2017-03-30 00:00:00-04:00,58.64036719911232,58.793101201349614,58.583090582723635,58.73582458496094,43700,0.0,0.0,0.0
2017-03-31 00:00:00-04:00,58.68809589203663,58.840829894273924,58.56399837726074,58.73582458496094,29900,0.0,0.0,0.0
2017-04-03 00:00:00-04:00,58.754918746935616,58.83128757133024,58.382629831676766,58.630821228027344,111000,0.0,0.0,0.0
2017-04-04 00:00:00-04:00,58.59263850618801,58.73582458496094,58.55445409526222,58.73582458496094,24800,0.0,0.0,0.0
2017-04-05 00:00:00-04:00,58.840834439296195,59.17494259850546,58.54491433542831,58.55445861816406,64600,0.0,0.0,0.0
2017-04-06 00:00:00-04:00,58.668997914302636,58.78355113580945,58.51626392709239,58.62126922607422,47300,0.0,0.0,0.0
2017-04-07 00:00:00-04:00,58.649913434126,58.77401095303428,58.5258195566837,58.630821228027344,24500,0.0,0.0,0.0
2017-04-10 00:00:00-04:00,58.659454345703125,58.85037274240115,58.611725656895004,58.659454345703125,34100,0.0,0.0,0.0
2017-04-11 00:00:00-04:00,58.63082265318353,58.63082265318353,58.22035295721594,58.48763656616211,34900,0.0,0.0,0.0
2017-04-12 00:00:00-04:00,58.50672682198985,58.525819027916015,58.31580840419417,58.373085021972656,30500,0.0,0.0,0.0
2017-04-13 00:00:00-04:00,58.35399709238131,58.53536759977225,58.14398645326934,58.18217086791992,28600,0.0,0.0,0.0
2017-04-17 00:00:00-04:00,58.24898035984083,58.64036142965868,58.24898035984083,58.62126922607422,40100,0.0,0.0,0.0
2017-04-18 00:00:00-04:00,58.47808181595281,58.69764034506199,58.38262443574802,58.53535842895508,82100,0.0,0.0,0.0
2017-04-19 00:00:00-04:00,58.745372152069635,58.76446435741671,58.401719738753876,58.49717712402344,45400,0.0,0.0,0.0
2017-04-20 00:00:00-04:00,58.678544371995635,59.041285306648696,58.573539075635125,58.974464416503906,30400,0.0,0.0,0.0
2017-04-21 00:00:00-04:00,58.94583395849921,58.99356265041537,58.764463472631505,58.87901306152344,42600,0.0,0.0,0.0
2017-04-24 00:00:00-04:00,59.49949574966115,59.49949574966115,59.33721383074524,59.46131134033203,39900,0.0,0.0,0.0
2017-04-25 00:00:00-04:00,59.642684491549645,59.91951600937585,59.59495579848517,59.83360290527344,40200,0.0,0.0,0.0
2017-04-26 00:00:00-04:00,59.900426561380534,59.97679538697204,59.757236834129465,59.776329040527344,49000,0.0,0.0,0.0
2017-04-27 00:00:00-04:00,59.938603606066295,60.100881878300726,59.90041919796446,60.00542449951172,29500,0.0,0.0,0.0
2017-04-28 00:00:00-04:00,60.33953965351471,60.33953965351471,60.072256032394236,60.17726135253906,40800,0.0,0.0,0.0
2017-05-01 00:00:00-04:00,60.30134830723207,60.549543333857315,60.23452740963277,60.434993743896484,61000,0.0,0.0,0.0
2017-05-02 00:00:00-04:00,60.53999745476207,60.597274072409455,60.40635565505078,60.55908966064453,69200,0.0,0.0,0.0
2017-05-03 00:00:00-04:00,60.43499507951056,60.4922680550238,60.177255765303286,60.30134963989258,69800,0.0,0.0,0.0
2017-05-04 00:00:00-04:00,60.559080777551756,60.559080777551756,60.24406853036348,60.48271560668945,26700,0.0,0.0,0.0
2017-05-05 00:00:00-04:00,60.654545277160146,60.73091045240913,60.40635026430336,60.68318176269531,51800,0.0,0.0,0.0
2017-05-08 00:00:00-04:00,60.7213748646211,60.7404670715332,60.559092926601274,60.7404670715332,42300,0.0,0.0,0.0
2017-05-09 00:00:00-04:00,60.80728087482737,60.931378384532735,60.71181985141336,60.77864074707031,70000,0.0,0.0,0.0
2017-05-10 00:00:00-04:00,60.73091879438627,60.73091879438627,60.54000036784093,60.72137451171875,50200,0.0,0.0,0.0
2017-05-11 00:00:00-04:00,60.55908425626692,60.68318176269531,60.32043716623227,60.68318176269531,55900,0.0,0.0,0.0
2017-05-12 00:00:00-04:00,60.683186376237614,60.759555198758264,60.63545768289515,60.73091506958008,45900,0.0,0.0,0.0
2017-05-15 00:00:00-04:00,60.740461306452424,60.89319530578664,60.730913383169536,60.84546661376953,121900,0.0,0.0,0.0
2017-05-16 00:00:00-04:00,61.026838347794154,61.026838347794154,60.80728344685375,60.92183303833008,57300,0.0,0.0,0.0
2017-05-17 00:00:00-04:00,60.45408567282673,60.549543057113496,59.75723292996333,59.766780853271484,70700,0.0,0.0,0.0
2017-05-18 00:00:00-04:00,59.72859689272272,60.3586251015705,59.72859689272272,60.234527587890625,77300,0.0,0.0,0.0
2017-05-19 00:00:00-04:00,60.31090358211143,60.606827337169484,60.301355657595806,60.425453186035156,57800,0.0,0.0,0.0
2017-05-22 00:00:00-04:00,60.530441679099376,60.80727314963169,60.530441679099376,60.76908874511719,58400,0.0,0.0,0.0
2017-05-23 00:00:00-04:00,60.90275122047202,60.92184342921877,60.769109400711244,60.864566802978516,52200,0.0,0.0,0.0
2017-05-24 00:00:00-04:00,60.94092224073088,61.18911361694336,60.87410134554038,61.18911361694336,33200,0.0,0.0,0.0
2017-05-25 00:00:00-04:00,61.30368204455942,61.76188050149616,61.27504555136752,61.628238677978516,36000,0.0,0.0,0.0
2017-05-26 00:00:00-04:00,61.637779941029116,61.83824265463791,61.590047602246486,61.67596435546875,80100,0.0,0.0,0.0
2017-05-30 00:00:00-04:00,61.63777701541553,61.780966742034614,61.63777701541553,61.73323440551758,22500,0.0,0.0,0.0
2017-05-31 00:00:00-04:00,61.8477843503515,61.85733227373294,61.52322050176732,61.75232696533203,34700,0.0,0.0,0.0
2017-06-01 00:00:00-04:00,61.84778294317444,62.11506652832031,61.76186620055956,62.11506652832031,53200,0.0,0.0,0.0
2017-06-02 00:00:00-04:00,62.28688585962635,62.64962678760515,62.24870145411322,62.59235382080078,44300,0.0,0.0,0.0
2017-06-05 00:00:00-04:00,62.69736604633743,62.69736604633743,62.53508776716496,62.554176330566406,67300,0.0,0.0,0.0
2017-06-06 00:00:00-04:00,62.43962354202673,62.63053828684627,62.353706808806464,62.38234329223633,69900,0.0,0.0,0.0
2017-06-07 00:00:00-04:00,62.611454093113224,62.659186429665304,62.34417048745846,62.60191345214844,57900,0.0,0.0,0.0
2017-06-08 00:00:00-04:00,62.592347400097,62.62098388056166,62.30596802959051,62.44915771484375,71500,0.0,0.0,0.0
2017-06-09 00:00:00-04:00,62.54461500699639,62.65916821165607,61.26547032814782,61.8000373840332,71300,0.0,0.0,0.0
2017-06-12 00:00:00-04:00,61.53276380478456,61.53276380478456,61.02683314753212,61.48503875732422,40600,0.0,0.0,0.0
2017-06-13 00:00:00-04:00,61.8095922411495,62.019602831793755,61.71413486801959,61.96232986450195,35100,0.0,0.0,0.0
2017-06-14 00:00:00-04:00,62.11508358855036,62.22963684918902,61.618700691649806,61.990989685058594,33800,0.0,0.0,0.0
2017-06-15 00:00:00-04:00,61.51368030455199,61.79051182115531,61.2463967113989,61.78096389770508,46200,0.0,0.0,0.0
2017-06-16 00:00:00-04:00,61.75232217402205,61.75232217402205,61.45639483561129,61.70458984375,22500,0.0,0.0,0.0
2017-06-19 00:00:00-04:00,61.98141390412413,62.3918871332745,61.98141390412413,62.3727912902832,37200,0.0,0.0,0.0
2017-06-20 00:00:00-04:00,62.32506858262545,62.41097803051281,62.02914855155056,62.05778503417969,43800,0.0,0.0,0.0
2017-06-21 00:00:00-04:00,62.1914357091807,62.3632619124775,61.952788609209115,62.35371398925781,81700,0.0,0.0,0.0
2017-06-22 00:00:00-04:00,62.33462879531784,62.535091496178424,62.23916412382354,62.32508087158203,25400,0.0,0.0,0.0
2017-06-23 00:00:00-04:00,62.296447122439815,62.52554632164926,62.210530370903626,62.487361907958984,32900,0.0,0.0,0.0
2017-06-26 00:00:00-04:00,62.7260136876968,62.81193044561089,62.28690382206026,62.3155403137207,293600,0.0,0.0,0.0
2017-06-27 00:00:00-04:00,62.15324545650583,62.2200663468991,61.58049392700195,61.58049392700195,32300,0.0,0.0,0.0
2017-06-28 00:00:00-04:00,61.79051111849349,62.267805324533995,61.64732140009502,62.181888580322266,28500,0.0,0.0,0.0
2017-06-29 00:00:00-04:00,62.038711139839066,62.038711139839066,61.036393837081235,61.34186553955078,51800,0.0,0.0,0.0
2017-06-30 00:00:00-04:00,61.66641439532571,61.72369465656035,61.44686312321136,61.5518684387207,54600,0.0,0.0,0.0
2017-07-03 00:00:00-04:00,61.69504474213702,61.81914589334648,61.217750549316406,61.217750549316406,85800,0.0,0.0,0.0
2017-07-05 00:00:00-04:00,61.37048687170622,61.65685901150302,61.21774923746959,61.57094955444336,58300,0.0,0.0,0.0
2017-07-06 00:00:00-04:00,61.31030714022835,61.34863528268156,61.01324118920693,61.08990478515625,90400,0.248,0.0,0.0
2017-07-07 00:00:00-04:00,61.358215456616826,61.71277907799957,61.31988731703914,61.60736846923828,25800,0.0,0.0,0.0
2017-07-10 00:00:00-04:00,61.72235799075493,62.029005011371254,61.64569440784043,61.94275665283203,27500,0.0,0.0,0.0
2017-07-11 00:00:00-04:00,61.846940002074874,62.04817645378906,61.664865793410385,61.95235061645508,35000,0.0,0.0,0.0
2017-07-12 00:00:00-04:00,62.30689187091038,62.632708412267824,62.28772963249687,62.57521438598633,37600,0.0,0.0,0.0
2017-07-13 00:00:00-04:00,62.6231339141966,62.747714072971824,62.52730808432179,62.642303466796875,31800,0.0,0.0,0.0
2017-07-14 00:00:00-04:00,62.757286764351186,63.14059736573461,62.74770929982178,63.035186767578125,27800,0.0,0.0,0.0
2017-07-17 00:00:00-04:00,63.0831125280301,63.16935358761316,62.996864157404346,63.04478073120117,20700,0.0,0.0,0.0
2017-07-18 00:00:00-04:00,62.99684652201019,63.322663048325325,62.93935249838308,63.30349349975586,28500,0.0,0.0,0.0
2017-07-19 00:00:00-04:00,63.418511233765685,63.67724174241524,63.418511233765685,63.648494720458984,40600,0.0,0.0,0.0
2017-07-20 00:00:00-04:00,63.811390016390426,63.811390016390426,63.48558073399919,63.68681716918945,28800,0.0,0.0,0.0
2017-07-21 00:00:00-04:00,63.437665715386125,63.72515052185654,63.437665715386125,63.69640350341797,35500,0.0,0.0,0.0
2017-07-24 00:00:00-04:00,63.81137567711164,63.87846178480872,63.571807501760944,63.792213439941406,38700,0.0,0.0,0.0
2017-07-25 00:00:00-04:00,63.8497145541476,63.926378133424414,63.658062916996904,63.76347351074219,49800,0.0,0.0,0.0
2017-07-26 00:00:00-04:00,63.868897022685864,63.964722860643064,63.80181820501155,63.89764404296875,20800,0.0,0.0,0.0
2017-07-27 00:00:00-04:00,64.25218589744,64.25218589744,63.150170857021976,63.705970764160156,44900,0.0,0.0,0.0
2017-07-28 00:00:00-04:00,63.36101676569904,63.58141547325044,63.25560614520292,63.495174407958984,185400,0.0,0.0,0.0
2017-07-31 00:00:00-04:00,63.600577099367264,63.600577099367264,63.26517572448875,63.29393005371094,39700,0.0,0.0,0.0
2017-08-01 00:00:00-04:00,63.495168496236715,63.50474596190416,63.380173108844915,63.45683670043945,21400,0.0,0.0,0.0
2017-08-02 00:00:00-04:00,63.81139938557327,63.878485518195504,63.32268539023041,63.648494720458984,31700,0.0,0.0,0.0
2017-08-03 00:00:00-04:00,63.6772451911197,63.744324016331646,63.49517827185506,63.571834564208984,104100,0.0,0.0,0.0
2017-08-04 00:00:00-04:00,63.72516386590792,63.840159274784604,63.53351216215732,63.61016845703125,40400,0.0,0.0,0.0
2017-08-07 00:00:00-04:00,63.79223342790299,64.03180167831738,63.74431685340299,63.89764404296875,50900,0.0,0.0,0.0
2017-08-08 00:00:00-04:00,63.89762838923414,64.29051642192121,63.75388601199116,63.82096481323242,69200,0.0,0.0,0.0
2017-08-09 00:00:00-04:00,63.485584812503646,63.888057708740234,63.485584812503646,63.888057708740234,17900,0.0,0.0,0.0
2017-08-10 00:00:00-04:00,63.64848610002416,63.64848610002416,62.795623779296875,62.795623779296875,42400,0.0,0.0,0.0
2017-08-11 00:00:00-04:00,62.86270743587651,63.30351213923917,62.85312265876957,63.15019226074219,31800,0.0,0.0,0.0
2017-08-14 00:00:00-04:00,63.55266362854307,63.96472130165461,63.55266362854307,63.888057708740234,45400,0.0,0.0,0.0
2017-08-15 00:00:00-04:00,64.05096236040133,64.05096236040133,63.8209788927008,63.888057708740234,30200,0.0,0.0,0.0
2017-08-16 00:00:00-04:00,64.0701463803073,64.26179809482295,63.935988717937484,64.03181457519531,35800,0.0,0.0,0.0
2017-08-17 00:00:00-04:00,63.88805004715047,63.955128855145674,63.01602554321289,63.01602554321289,38700,0.0,0.0,0.0
2017-08-18 00:00:00-04:00,62.97768845645426,63.29392022943352,62.738120260750186,62.88186264038086,34000,0.0,0.0,0.0
2017-08-21 00:00:00-04:00,62.881861008171676,63.06392786067294,62.584791481701615,62.996849060058594,31400,0.0,0.0,0.0
2017-08-22 00:00:00-04:00,63.17892651307883,63.86888410448747,63.17892651307883,63.76347351074219,21800,0.0,0.0,0.0
2017-08-23 00:00:00-04:00,63.58139863245382,63.62931519673065,63.41849401157859,63.485572814941406,29900,0.0,0.0,0.0
2017-08-24 00:00:00-04:00,63.61015845751098,63.72515384831037,63.1310219624109,63.37059020996094,39600,0.0,0.0,0.0
2017-08-25 00:00:00-04:00,63.56224045365983,63.67722851760356,63.30350268770303,63.313087463378906,30900,0.0,0.0,0.0
2017-08-28 00:00:00-04:00,63.49516747791713,63.61974032897851,63.418503887552106,63.47599792480469,23900,0.0,0.0,0.0
2017-08-29 00:00:00-04:00,63.12144604796724,63.84015080828292,63.12144604796724,63.753902435302734,44200,0.0,0.0,0.0
2017-08-30 00:00:00-04:00,63.801821627817226,64.25221113252539,63.77307460599214,64.19470977783203,20700,0.0,0.0,0.0
2017-08-31 00:00:00-04:00,64.38636083581025,64.7025853479368,64.2905276934859,64.66426086425781,36500,0.0,0.0,0.0
2017-09-01 00:00:00-04:00,64.74091714265809,64.78883371382025,64.55885025653487,64.66426086425781,170700,0.0,0.0,0.0
2017-09-05 00:00:00-04:00,64.55886015406027,64.61635419943546,63.926396410759494,64.28096008300781,98800,0.0,0.0,0.0
2017-09-06 00:00:00-04:00,64.39594526428577,64.54927245975003,64.13721476074369,64.38636779785156,37700,0.0,0.0,0.0
2017-09-07 00:00:00-04:00,64.59716906093861,64.74090412343583,64.47258892538662,64.6546630859375,23300,0.0,0.0,0.0
2017-09-08 00:00:00-04:00,64.70259288377366,64.70259288377366,64.3863683348168,64.41511535644531,21100,0.0,0.0,0.0
2017-09-11 00:00:00-04:00,64.76009882169076,65.04757636936631,64.76009882169076,65.01882934570312,29700,0.0,0.0,0.0
2017-09-12 00:00:00-04:00,65.17214600353026,65.22005526486568,64.89424596803184,65.12422943115234,28100,0.0,0.0,0.0
2017-09-13 00:00:00-04:00,64.99965207408466,65.14339447021484,64.96132028104715,65.14339447021484,27700,0.0,0.0,0.0
2017-09-14 00:00:00-04:00,64.98048066778111,65.0858912678658,64.89423961918912,64.93257141113281,30600,0.0,0.0,0.0
2017-09-15 00:00:00-04:00,65.00922759741282,65.2392183487687,64.98048058125376,65.05714416503906,28000,0.0,0.0,0.0
2017-09-18 00:00:00-04:00,65.21049147543636,65.32547957559115,64.97092318538853,65.03800201416016,35000,0.0,0.0,0.0
2017-09-19 00:00:00-04:00,65.12424694967255,65.24881983590593,65.01883631091953,65.11466217041016,38800,0.0,0.0,0.0
2017-09-20 00:00:00-04:00,65.1146512095178,65.2008995862721,64.71217828077961,65.06674194335938,38300,0.0,0.0,0.0
2017-09-21 00:00:00-04:00,65.01881222724765,65.01881222724765,64.7313347552605,64.80799102783203,89200,0.0,0.0,0.0
2017-09-22 00:00:00-04:00,64.74090405287266,64.83673717582079,64.61633122849726,64.77923583984375,34200,0.0,0.0,0.0
2017-09-25 00:00:00-04:00,64.568433412746,64.568433412746,64.04138763872177,64.20429229736328,44400,0.0,0.0,0.0
2017-09-26 00:00:00-04:00,64.52435399389084,64.63008494297868,64.20716847988776,64.36095428466797,24100,0.203,0.0,0.0
2017-09-27 00:00:00-04:00,64.53398243615327,64.89923022138996,64.44747927646382,64.75505828857422,35100,0.0,0.0,0.0
2017-09-28 00:00:00-04:00,64.6589147038451,64.88960439442575,64.52434938430302,64.87037658691406,47300,0.0,0.0,0.0
2017-09-29 00:00:00-04:00,64.99536501877995,65.19721309027533,64.8704062126662,65.1875991821289,30000,0.0,0.0,0.0
2017-10-02 00:00:00-04:00,65.34135339009686,65.37979433321824,65.05299498387421,65.2740707397461,124800,0.0,0.0,0.0
2017-10-03 00:00:00-04:00,65.31251739520101,65.42786223443008,65.22601426572386,65.37019348144531,33600,0.0,0.0,0.0
2017-10-04 00:00:00-04:00,65.34137155154487,65.54321955870023,65.28369545431408,65.47593688964844,22000,0.0,0.0,0.0
2017-10-05 00:00:00-04:00,65.68738008897465,65.99496633222351,65.65854571198498,65.97573852539062,22700,0.0,0.0,0.0
2017-10-06 00:00:00-04:00,65.81234827058684,66.04303065284188,65.75467950833826,66.03341674804688,34500,0.0,0.0,0.0
2017-10-09 00:00:00-04:00,66.26410559297247,66.26410559297247,65.98536102366533,66.04302978515625,25300,0.0,0.0,0.0
2017-10-10 00:00:00-04:00,66.18721085631233,66.22565914279195,65.90846627928067,66.10070037841797,44000,0.0,0.0,0.0
2017-10-11 00:00:00-04:00,66.11029935803859,66.36020949710506,66.11029935803859,66.33137512207031,25900,0.0,0.0,0.0
2017-10-12 00:00:00-04:00,66.30254721089184,66.54284347062023,66.30254721089184,66.34098815917969,82500,0.0,0.0,0.0
2017-10-13 00:00:00-04:00,66.55247693936796,66.62937353354248,66.37946326910674,66.45635986328125,29400,0.0,0.0,0.0
2017-10-16 00:00:00-04:00,66.62934412757198,66.68701288112011,66.50439271713117,66.67740631103516,31500,0.0,0.0,0.0
2017-10-17 00:00:00-04:00,66.64855968322966,66.7735184177098,66.62933921121837,66.72545623779297,28200,0.0,0.0,0.0
2017-10-18 00:00:00-04:00,66.88887508204309,66.90810289282281,66.73508926211112,66.76392364501953,54100,0.0,0.0,0.0
2017-10-19 00:00:00-04:00,66.51399928721612,66.69662678446467,66.32176521988262,66.67740631103516,32300,0.0,0.0,0.0
2017-10-20 00:00:00-04:00,66.97537144819889,67.042654105225,66.84080613414665,66.9849853515625,24300,0.0,0.0,0.0
2017-10-23 00:00:00-04:00,67.1676120943351,67.22528818690603,66.58128859714296,66.6101303100586,75500,0.0,0.0,0.0
2017-10-24 00:00:00-04:00,66.7350883023938,66.90810193061739,66.57168857942182,66.69664001464844,19800,0.0,0.0,0.0
2017-10-25 00:00:00-04:00,66.6389768797953,66.85043881363005,66.20643910606192,66.48518371582031,58000,0.0,0.0,0.0
2017-10-26 00:00:00-04:00,66.61973290961814,66.7062433766871,66.48516759040854,66.49478149414062,40100,0.0,0.0,0.0
2017-10-27 00:00:00-04:00,67.30217313078683,67.91733830167539,67.28295265666212,67.81160736083984,51600,0.0,0.0,0.0
2017-10-30 00:00:00-04:00,67.30218913728635,68.01347151448267,67.30218913728635,67.80200958251953,38400,0.0,0.0,0.0
2017-10-31 00:00:00-04:00,67.97501750128383,68.17686551027542,67.82122435161727,67.93656921386719,45400,0.0,0.0,0.0
2017-11-01 00:00:00-04:00,68.13841809362117,68.17686638152914,67.75394254780245,67.92695617675781,143800,0.0,0.0,0.0
2017-11-02 00:00:00-04:00,67.96540359611441,67.96540359611441,67.63860415296449,67.93656921386719,31100,0.0,0.0,0.0
2017-11-03 00:00:00-04:00,68.15763469973672,68.37870315228967,67.95577938808763,68.34986877441406,41200,0.0,0.0,0.0
2017-11-06 00:00:00-05:00,68.37870981444752,68.56133733646638,68.30181324378057,68.51327514648438,44300,0.0,0.0,0.0
2017-11-07 00:00:00-05:00,68.51328083350191,68.6093978881836,68.42677768426675,68.6093978881836,37000,0.0,0.0,0.0
2017-11-08 00:00:00-05:00,68.5805579033048,68.86891637705735,68.54210961792042,68.82085418701172,51800,0.0,0.0,0.0
2017-11-09 00:00:00-05:00,68.44600482317108,68.54212188720703,68.01347436837835,68.54212188720703,43800,0.0,0.0,0.0
2017-11-10 00:00:00-05:00,68.44598871998438,68.59978185286876,68.28258901623988,68.55171966552734,45600,0.0,0.0,0.0
2017-11-13 00:00:00-05:00,68.39794243564872,68.73435578940808,68.3402663369606,68.61901092529297,23900,0.0,0.0,0.0
2017-11-14 00:00:00-05:00,68.37872214501974,68.5805701794738,68.18648801694783,68.54212188720703,18600,0.0,0.0,0.0
2017-11-15 00:00:00-05:00,68.13841054097556,68.30181024652698,67.96539693119747,68.00384521484375,32300,0.0,0.0,0.0
2017-11-16 00:00:00-05:00,68.30179152982568,68.80161174700144,68.28257105989965,68.65743255615234,1242300,0.0,0.0,0.0
2017-11-17 00:00:00-05:00,68.58055413893702,68.68628508462537,68.31142348927946,68.39793395996094,27300,0.0,0.0,0.0
2017-11-20 00:00:00-05:00,68.47483738781884,68.57095444929834,68.43638909657469,68.48445129394531,44900,0.0,0.0,0.0
2017-11-21 00:00:00-05:00,68.75358130739293,69.2053395583876,68.75358130739293,69.18611907958984,46100,0.0,0.0,0.0
2017-11-22 00:00:00-05:00,69.26301210614807,69.26301210614807,69.02271577512951,69.14767456054688,40000,0.0,0.0,0.0
2017-11-24 00:00:00-05:00,69.2437773088475,69.44562530517578,69.22454949971498,69.44562530517578,10700,0.0,0.0,0.0
2017-11-27 00:00:00-05:00,69.46484471595997,69.61863785361993,69.40717595596769,69.5321273803711,39400,0.0,0.0,0.0
2017-11-28 00:00:00-05:00,69.7051392607184,69.86854629873488,69.4744568932237,69.78203582763672,1239900,0.0,0.0,0.0
2017-11-29 00:00:00-05:00,69.81087096861239,69.91660191596362,68.91696853489941,69.23416137695312,38300,0.0,0.0,0.0
2017-11-30 00:00:00-05:00,69.45523565615024,69.97427647726424,69.34950471111256,69.86854553222656,46500,0.0,0.0,0.0
2017-12-01 00:00:00-05:00,69.84931568030578,69.91659834033743,68.76317921600626,69.6570816040039,52300,0.0,0.0,0.0
2017-12-04 00:00:00-05:00,70.14728279014105,70.14728279014105,69.08997344970703,69.08997344970703,66500,0.0,0.0,0.0
2017-12-05 00:00:00-05:00,70.14728572968735,70.14728572968735,69.00347321342745,69.06114196777344,41300,0.0,0.0,0.0
2017-12-06 00:00:00-05:00,68.95542826010171,69.40718650405786,68.88814558546535,69.27262115478516,24100,0.0,0.0,0.0
2017-12-07 00:00:00-05:00,69.27261274684308,69.70514312654115,69.19571617566011,69.58980560302734,33200,0.0,0.0,0.0
2017-12-08 00:00:00-05:00,70.00311946226411,70.0800160377923,69.80127145144836,69.93583679199219,56800,0.0,0.0,0.0
2017-12-11 00:00:00-05:00,70.16651925691286,70.2914706923279,69.98389172316229,70.24341583251953,40900,0.0,0.0,0.0
2017-12-12 00:00:00-05:00,70.24342441372508,70.47410683546507,70.21459002766532,70.31070709228516,38600,0.0,0.0,0.0
2017-12-13 00:00:00-05:00,70.37798868815698,70.67595378387317,70.3683747818643,70.39720916748047,1282900,0.0,0.0,0.0
2017-12-14 00:00:00-05:00,70.61826582681469,70.71438286384243,70.3203008120507,70.3587417602539,46800,0.0,0.0,0.0
2017-12-15 00:00:00-05:00,70.72401242375764,71.0700397002658,70.53177097388563,70.89702606201172,60700,0.0,0.0,0.0
2017-12-18 00:00:00-05:00,71.3487777709961,71.47372920202808,71.23343291163215,71.3487777709961,317300,0.0,0.0,0.0
2017-12-19 00:00:00-05:00,71.33916174385138,71.33916174385138,70.9258518433352,71.06041717529297,39800,0.0,0.0,0.0
2017-12-20 00:00:00-05:00,71.35839271049538,71.35839271049538,70.84896568843983,70.95469665527344,67700,0.0,0.0,0.0
2017-12-21 00:00:00-05:00,71.17660686572188,71.27309724715086,70.91610197493836,70.95469665527344,43600,0.28,0.0,0.0
2017-12-22 00:00:00-05:00,71.08976705027942,71.08976705027942,70.73277181475372,70.83890533447266,54300,0.0,0.0,0.0
2017-12-26 00:00:00-05:00,70.64592607619389,70.85819307585724,70.49154739964584,70.62662506103516,40000,0.0,0.0,0.0
2017-12-27 00:00:00-05:00,70.62663829503477,70.86784950145385,70.62663829503477,70.83890533447266,40500,0.0,0.0,0.0
2017-12-28 00:00:00-05:00,71.06082599616514,71.06082599616514,70.78102010112009,70.88715362548828,121800,0.0,0.0,0.0
2017-12-29 00:00:00-05:00,71.15730507471018,71.15730507471018,70.50121030635371,70.57839965820312,145000,0.0,0.0,0.0
2018-01-02 00:00:00-05:00,70.77136421417687,71.31168230477547,70.77136421417687,71.2923812866211,116100,0.0,0.0,0.0
2018-01-03 00:00:00-05:00,71.38885627241174,71.9484679571037,71.38885627241174,71.90022277832031,75100,0.0,0.0,0.0
2018-01-04 00:00:00-05:00,72.18004608154297,72.34407531237791,72.12215774194391,72.18004608154297,72100,0.0,0.0,0.0
2018-01-05 00:00:00-05:00,72.4598431325045,72.90367085792676,72.36336012457473,72.89402770996094,95100,0.0,0.0,0.0
2018-01-08 00:00:00-05:00,72.8457815177876,73.12558738974076,72.8168373519272,73.00016021728516,265600,0.0,0.0,0.0
2018-01-09 00:00:00-05:00,73.1448817953921,73.36679933789627,72.94226527111347,73.13523864746094,133500,0.0,0.0,0.0
2018-01-10 00:00:00-05:00,72.8071834148351,73.07733876505418,72.60456690217077,73.06769561767578,51500,0.0,0.0,0.0
2018-01-11 00:00:00-05:00,73.25100302042878,73.55010986328125,73.13522637522948,73.55010986328125,49800,0.0,0.0,0.0
2018-01-12 00:00:00-05:00,73.55978088606713,74.07114755930111,73.42470317469149,74.00360870361328,88600,0.0,0.0,0.0
2018-01-16 00:00:00-05:00,74.43778802716503,74.77548228136044,73.63696496637114,73.79134368896484,71200,0.0,0.0,0.0
2018-01-17 00:00:00-05:00,74.12904335724411,74.70794888688611,73.99396564570041,74.62110900878906,54100,0.0,0.0,0.0
2018-01-18 00:00:00-05:00,74.63075736330269,74.82373077506234,74.44744182360974,74.58251953125,119900,0.0,0.0,0.0
2018-01-19 00:00:00-05:00,74.88159666917899,74.95878601074219,74.63073498968896,74.95878601074219,49200,0.0,0.0,0.0
2018-01-22 00:00:00-05:00,74.88159629157367,75.56663513183594,74.86229527568982,75.56663513183594,95300,0.0,0.0,0.0
2018-01-23 00:00:00-05:00,75.7017133275423,76.03940749606333,75.6920628195329,75.94292449951172,53800,0.0,0.0,0.0
2018-01-24 00:00:00-05:00,76.17449307644705,76.23238876933682,75.45085948536801,75.70172119140625,95200,0.0,0.0,0.0
2018-01-25 00:00:00-05:00,76.07801074821205,76.07801074821205,75.55699367464779,75.71137237548828,66000,0.0,0.0,0.0
2018-01-26 00:00:00-05:00,76.05873599407431,76.75342559814453,75.93330142817175,76.75342559814453,67500,0.0,0.0,0.0
2018-01-29 00:00:00-05:00,76.70515035745714,76.74374502714218,76.22272802816497,76.2709732055664,77600,0.0,0.0,0.0
2018-01-30 00:00:00-05:00,75.71137027370331,75.88504262673683,75.16140904929405,75.55699157714844,109000,0.0,0.0,0.0
2018-01-31 00:00:00-05:00,76.1648554953241,76.20345017301089,75.4412218513564,75.78856658935547,67400,0.0,0.0,0.0
2018-02-01 00:00:00-05:00,75.47016494857357,76.03941987371762,75.17106540222207,75.5280532836914,57400,0.0,0.0,0.0
2018-02-02 00:00:00-05:00,75.02632927850186,75.02632927850186,73.90710584322966,73.92640686035156,249000,0.0,0.0,0.0
2018-02-05 00:00:00-05:00,73.19311399797866,74.18690278606584,70.65557527882493,70.84854125976562,196600,0.0,0.0,0.0
2018-02-06 00:00:00-05:00,69.65214087716964,72.72034730125618,69.05393451633437,72.64315795898438,178800,0.0,0.0,0.0
2018-02-07 00:00:00-05:00,72.52738766152875,73.35715484491931,71.98707688580735,72.0063705444336,108300,0.0,0.0,0.0
2018-02-08 00:00:00-05:00,72.18003051270281,72.40194803527041,68.9767463649272,69.11182403564453,160900,0.0,0.0,0.0
2018-02-09 00:00:00-05:00,69.97053296531118,70.87748932022681,67.8961227919406,70.298583984375,129300,0.0,0.0,0.0
2018-02-12 00:00:00-05:00,71.00291223053306,71.85198020941817,70.5011962657939,71.45639038085938,66200,0.0,0.0,0.0
2018-02-13 00:00:00-05:00,71.09942466051803,71.85200252191802,70.9353954292729,71.68798065185547,68200,0.0,0.0,0.0
2018-02-14 00:00:00-05:00,71.2151812085036,72.81682685969132,71.2151812085036,72.710693359375,112000,0.0,0.0,0.0
2018-02-15 00:00:00-05:00,73.25102552106952,73.84923202934615,72.5080981618396,73.79134368896484,101200,0.0,0.0,0.0
2018-02-16 00:00:00-05:00,73.54047777678676,74.39918912928694,73.54047777678676,73.72380065917969,65000,0.0,0.0,0.0
2018-02-20 00:00:00-05:00,73.52118745765232,74.14833819184938,73.32822139844552,73.40541076660156,133300,0.0,0.0,0.0
2018-02-21 00:00:00-05:00,73.79134184096287,74.47638084265563,73.19313534766749,73.27032470703125,44400,0.0,0.0,0.0
2018-02-22 00:00:00-05:00,73.4343531878947,73.96502087983148,73.17384091687731,73.37646484375,35100,0.0,0.0,0.0
2018-02-23 00:00:00-05:00,73.80097258856244,74.5728513301294,73.62730023976894,74.54390716552734,56900,0.0,0.0,0.0
2018-02-26 00:00:00-05:00,74.92985419098842,75.5280532836914,74.92985419098842,75.5280532836914,79600,0.0,0.0,0.0
2018-02-27 00:00:00-05:00,75.52804734867374,75.61488720570858,74.5728530883789,74.5728530883789,50800,0.0,0.0,0.0
2018-02-28 00:00:00-05:00,74.8526608260119,75.08422151525794,73.86851501464844,73.86851501464844,39000,0.0,0.0,0.0
2018-03-01 00:00:00-05:00,73.9071011397791,74.21585114344994,72.20897243899906,72.7492904663086,92400,0.0,0.0,0.0
2018-03-02 00:00:00-05:00,72.02566152867543,73.15452811116855,71.73620516133715,73.06769561767578,61400,0.0,0.0,0.0
2018-03-05 00:00:00-05:00,72.73964325781444,74.03253901764332,72.5756214211826,73.9071044921875,47600,0.0,0.0,0.0
2018-03-06 00:00:00-05:00,74.17726715646717,74.24480599946078,73.61766275502666,74.02289581298828,27700,0.0,0.0,0.0
2018-03-07 00:00:00-05:00,73.34751518455353,74.24482134763848,73.34751518455353,74.1483383178711,42400,0.0,0.0,0.0
2018-03-08 00:00:00-05:00,74.31235675478648,74.59216268095075,74.12904121509352,74.58251953125,69200,0.0,0.0,0.0
2018-03-09 00:00:00-05:00,75.0745730865032,75.8657455444336,74.95879641926281,75.8657455444336,65300,0.0,0.0,0.0
2018-03-12 00:00:00-04:00,76.04906909210244,76.24203511334031,75.79820737554773,75.87539672851562,38100,0.0,0.0,0.0
2018-03-13 00:00:00-04:00,76.28062431646819,76.40605884633618,75.12281354975359,75.2964859008789,51400,0.0,0.0,0.0
2018-03-14 00:00:00-04:00,75.58593931223288,75.64383500676595,74.84301204322443,74.99739074707031,101200,0.0,0.0,0.0
2018-03-15 00:00:00-04:00,75.13246606996077,75.45085925456361,74.87195385570756,75.08422088623047,86600,0.0,0.0,0.0
2018-03-16 00:00:00-04:00,75.16140006746465,75.33507239974425,74.9201889038086,74.9201889038086,56600,0.0,0.0,0.0
2018-03-19 00:00:00-04:00,74.63074321077048,74.63074321077048,73.14488134731452,73.74308776855469,85100,0.0,0.0,0.0
2018-03-20 00:00:00-04:00,73.70450628995248,74.10009625898367,73.61767377646733,73.95536804199219,40500,0.0,0.0,0.0
2018-03-21 00:00:00-04:00,73.72379857030866,74.3509418342751,73.51153152538005,73.56941986083984,55700,0.0,0.0,0.0
2018-03-22 00:00:00-04:00,72.72099999604733,72.93383369512398,71.58911973913922,71.6181411743164,93300,0.203,0.0,0.0
2018-03-23 00:00:00-04:00,71.73421265455981,71.75355781189744,70.04122722553502,70.14764404296875,114400,0.0,0.0,0.0
2018-03-26 00:00:00-04:00,71.34726508153648,72.27598791757585,70.41854224549712,72.26631164550781,110000,0.0,0.0,0.0
2018-03-27 00:00:00-04:00,72.56620305450377,72.57587194387628,69.98318509155071,70.43787384033203,51700,0.0,0.0,0.0
2018-03-28 00:00:00-04:00,70.33144887058369,70.9602735061019,69.78969589516159,70.14764404296875,239300,0.0,0.0,0.0
2018-03-29 00:00:00-04:00,70.52494146849857,71.86965509736461,70.16699329977847,71.36659240722656,37600,0.0,0.0,0.0
2018-04-02 00:00:00-04:00,70.86353468160668,70.92157753586226,68.94803930203315,69.58654022216797,96100,0.0,0.0,0.0
2018-04-03 00:00:00-04:00,70.11861955227036,70.61199854154101,69.41239955660296,70.48623657226562,51700,0.0,0.0,0.0
2018-04-04 00:00:00-04:00,69.17056735814342,71.5504209577726,69.17056735814342,71.39563751220703,36900,0.0,0.0,0.0
2018-04-05 00:00:00-04:00,71.95671484178801,72.19856990194829,71.60844296469075,72.00508880615234,41100,0.0,0.0,0.0
2018-04-06 00:00:00-04:00,71.26019015822152,71.77292178893889,69.93482155402552,70.36048889160156,36000,0.0,0.0,0.0
2018-04-09 00:00:00-04:00,70.795824649202,71.64715193787313,70.46689787757626,70.52494812011719,128700,0.0,0.0,0.0
2018-04-10 00:00:00-04:00,71.49236450705952,72.0050961056444,71.12474005461645,71.81161499023438,62800,0.0,0.0,0.0
2018-04-11 00:00:00-04:00,71.32790209029086,71.9663956513662,71.32790209029086,71.36659240722656,52600,0.0,0.0,0.0
2018-04-12 00:00:00-04:00,71.86966438197254,72.30500062163489,71.76324754457382,72.0438003540039,77700,0.0,0.0,0.0
2018-04-13 00:00:00-04:00,72.45978643384316,72.46946270407517,71.58910663375282,71.86965942382812,32700,0.0,0.0,0.0
2018-04-16 00:00:00-04:00,72.38239627119314,72.67262535250124,72.17923886661032,72.49848937988281,47500,0.0,0.0,0.0
2018-04-17 00:00:00-04:00,73.06926187729191,73.83352488156712,73.01121901496253,73.67874145507812,49700,0.0,0.0,0.0
2018-04-18 00:00:00-04:00,73.74646435872683,73.8915715219696,73.40786129560753,73.72711181640625,53800,0.0,0.0,0.0
2018-04-19 00:00:00-04:00,73.44656003280271,73.44656003280271,72.85643295787136,73.1369857788086,32100,0.0,0.0,0.0
2018-04-20 00:00:00-04:00,73.05957695280175,73.05957695280175,72.05346634771617,72.21792602539062,63200,0.0,0.0,0.0
2018-04-23 00:00:00-04:00,72.45979562157261,72.66295303721498,71.82129456026875,72.18891906738281,47600,0.0,0.0,0.0
2018-04-24 00:00:00-04:00,72.44043749628126,72.44043749628126,70.21537498630855,70.74745178222656,172200,0.0,0.0,0.0
2018-04-25 00:00:00-04:00,70.73777087098743,71.01832362733848,70.10894623646479,70.76679229736328,48000,0.0,0.0,0.0
2018-04-26 00:00:00-04:00,71.46333382941879,72.37270381115773,71.395614709706,72.11150360107422,37100,0.0,0.0,0.0
2018-04-27 00:00:00-04:00,72.63394552439172,72.63394552439172,71.8793585842898,72.22763061523438,48000,0.0,0.0,0.0
2018-04-30 00:00:00-04:00,72.37272736965807,72.66295648051891,71.68585968017578,71.68585968017578,53800,0.0,0.0,0.0
2018-05-01 00:00:00-04:00,71.59878862320974,72.08249884180572,71.3182358107242,72.07282257080078,38000,0.0,0.0,0.0
2018-05-02 00:00:00-04:00,72.22761203311298,72.50815745952096,71.7439018235609,71.85031127929688,41100,0.0,0.0,0.0
2018-05-03 00:00:00-04:00,71.49236128668254,72.01476913175546,70.74744352616275,71.7922592163086,72100,0.0,0.0,0.0
2018-05-04 00:00:00-04:00,71.56976966838677,73.05959069809963,71.56976966838677,72.87578582763672,47100,0.0,0.0,0.0
2018-05-07 00:00:00-04:00,73.12730204117202,73.48525023426916,73.0112163207969,73.23371887207031,36600,0.0,0.0,0.0
2018-05-08 00:00:00-04:00,73.15633832140146,73.28210032492542,72.7306709543474,73.1369857788086,36400,0.0,0.0,0.0
2018-05-09 00:00:00-04:00,73.31111190228474,73.93993659703233,73.17567364567219,73.86254119873047,72800,0.0,0.0,0.0
2018-05-10 00:00:00-04:00,74.03669011386806,74.68486008123101,74.03669011386806,74.58811950683594,33100,0.0,0.0,0.0
2018-05-11 00:00:00-04:00,74.59779231678574,74.86866886485488,74.53007317976845,74.73323059082031,30300,0.0,0.0,0.0
2018-05-14 00:00:00-04:00,74.93637428433581,75.18790562471249,74.72354064100409,74.791259765625,25700,0.0,0.0,0.0
2018-05-15 00:00:00-04:00,74.34625793879975,74.34625793879975,73.88190026960399,74.0947265625,40400,0.0,0.0,0.0
2018-05-16 00:00:00-04:00,74.11408303950708,74.57844073335929,74.11408303950708,74.40431213378906,47400,0.0,0.0,0.0
2018-05-17 00:00:00-04:00,74.29788286846576,74.74289532601368,74.13341580609466,74.326904296875,55300,0.0,0.0,0.0
2018-05-18 00:00:00-04:00,74.2301695429328,74.48169352935679,74.2301695429328,74.26885986328125,37700,0.0,0.0,0.0
2018-05-21 00:00:00-04:00,74.82029064593335,75.12019599071375,74.62680951709538,74.84931945800781,42300,0.0,0.0,0.0
2018-05-22 00:00:00-04:00,75.12987700452342,75.12987700452342,74.49137595355056,74.56877136230469,39300,0.0,0.0,0.0
2018-05-23 00:00:00-04:00,74.18178761509722,75.0524673461914,74.18178761509722,75.0524673461914,175600,0.0,0.0,0.0
2018-05-24 00:00:00-04:00,75.02345715608699,75.12019772273649,74.50104923918111,75.00410461425781,35200,0.0,0.0,0.0
2018-05-25 00:00:00-04:00,74.97507878788356,75.2653078516532,74.92670481697805,75.02345275878906,46200,0.0,0.0,0.0
2018-05-29 00:00:00-04:00,74.63648868068465,74.95573919839018,74.17212362031006,74.5107192993164,49200,0.0,0.0,0.0
2018-05-30 00:00:00-04:00,74.85898320102473,75.3620459107471,74.76224264325703,75.29432678222656,42500,0.0,0.0,0.0
2018-05-31 00:00:00-04:00,75.12021222465461,75.42011025341287,74.86868079814218,74.97509765625,44300,0.0,0.0,0.0
2018-06-01 00:00:00-04:00,75.3233570143185,75.93282924223078,75.3233570143185,75.87478637695312,38700,0.0,0.0,0.0
2018-06-04 00:00:00-04:00,76.06826327568287,76.49393061288195,76.06826327568287,76.445556640625,27400,0.0,0.0,0.0
2018-06-05 00:00:00-04:00,76.60035642092954,76.71644953944741,76.39719899914783,76.66807556152344,46800,0.0,0.0,0.0
2018-06-06 00:00:00-04:00,76.7648074975912,77.25819396972656,76.52295239685473,77.25819396972656,36700,0.0,0.0,0.0
2018-06-07 00:00:00-04:00,77.27753382418146,77.29688636417747,76.66806166927267,76.89057159423828,155000,0.0,0.0,0.0
2018-06-08 00:00:00-04:00,76.75512706954616,77.14209668593101,76.6293650810745,77.11307525634766,44300,0.0,0.0,0.0
2018-06-11 00:00:00-04:00,77.16144035992602,77.4516620032429,77.14208782187315,77.24850463867188,24600,0.0,0.0,0.0
2018-06-12 00:00:00-04:00,77.35493422445509,77.5871130536005,77.25819366071383,77.51939392089844,40000,0.0,0.0,0.0
2018-06-13 00:00:00-04:00,77.54842383123994,77.80962409512445,77.25819475507316,77.28721618652344,34000,0.0,0.0,0.0
2018-06-14 00:00:00-04:00,77.60646694464253,77.8386457778262,77.51939526917864,77.74190521240234,40700,0.0,0.0,0.0
2018-06-15 00:00:00-04:00,77.47102529406725,77.73222554738942,77.35493219212867,77.62580871582031,54700,0.0,0.0,0.0
2018-06-18 00:00:00-04:00,77.2001487703756,77.62580871582031,76.98731510723741,77.62580871582031,35800,0.0,0.0,0.0
2018-06-19 00:00:00-04:00,76.81319173026621,77.18080887539001,76.48426491129614,77.08406829833984,33900,0.0,0.0,0.0
2018-06-20 00:00:00-04:00,77.44201337075143,77.7128899276965,77.33559652611835,77.42266082763672,42400,0.0,0.0,0.0
2018-06-21 00:00:00-04:00,77.53876062846636,77.57745833719932,76.7938426518152,76.93895721435547,35700,0.0,0.0,0.0
2018-06-22 00:00:00-04:00,77.20981144768396,77.20981144768396,76.74545383895484,76.8712158203125,30300,0.0,0.0,0.0
2018-06-25 00:00:00-04:00,76.42621892961395,76.43589520117489,74.93639048503296,75.53619384765625,45400,0.0,0.0,0.0
2018-06-26 00:00:00-04:00,75.79739096936139,76.24240349176543,75.79739096936139,75.87478637695312,46100,0.0,0.0,0.0
2018-06-27 00:00:00-04:00,76.13597923039275,76.51327257958648,74.99442291259766,74.99442291259766,95800,0.0,0.0,0.0
2018-06-28 00:00:00-04:00,75.02346013444317,75.90380892098439,74.87834558829195,75.64260864257812,57200,0.0,0.0,0.0
2018-06-29 00:00:00-04:00,76.05858536068112,76.43587868085311,75.76835632324219,75.76835632324219,64800,0.0,0.0,0.0
2018-07-02 00:00:00-04:00,75.2072554317877,76.20369720458984,75.2072554317877,76.20369720458984,60800,0.0,0.0,0.0
2018-07-03 00:00:00-04:00,76.50265215282934,76.50265215282934,75.51264392289164,75.59028625488281,25100,0.258,0.0,0.0
2018-07-05 00:00:00-04:00,76.06589503384708,76.37648661665041,75.6873617737145,76.33766174316406,36400,0.0,0.0,0.0
2018-07-06 00:00:00-04:00,76.46380432145305,77.31793636263025,76.43468753006461,77.20146179199219,64700,0.0,0.0,0.0
2018-07-09 00:00:00-04:00,77.79355350782632,77.96826171875,77.48296195563827,77.96826171875,48000,0.0,0.0,0.0
2018-07-10 00:00:00-04:00,78.13326879099415,78.29826894786596,78.00709350722525,78.22061920166016,45100,0.0,0.0,0.0
2018-07-11 00:00:00-04:00,77.70619234876912,78.07502489208376,77.5703090133647,77.8517837524414,45300,0.0,0.0,0.0
2018-07-12 00:00:00-04:00,78.28854723631862,78.82237243652344,78.15265651444761,78.82237243652344,29700,0.0,0.0,0.0
2018-07-13 00:00:00-04:00,78.82238958009977,79.06503947071887,78.66709750074877,79.02621459960938,83700,0.0,0.0,0.0
2018-07-16 00:00:00-04:00,79.0747333783116,79.0747333783116,78.70590087136894,78.79325866699219,28600,0.0,0.0,0.0
2018-07-17 00:00:00-04:00,78.38561472417076,79.40473971751432,78.37590665611428,79.278564453125,120800,0.0,0.0,0.0
2018-07-18 00:00:00-04:00,79.33678088668059,79.3853138113766,79.0067806950185,79.34648895263672,68200,0.0,0.0,0.0
2018-07-19 00:00:00-04:00,78.97767066124443,79.2009043617476,78.79325441771854,78.90972900390625,78000,0.0,0.0,0.0
2018-07-20 00:00:00-04:00,79.06503723210099,79.30768711584979,78.9291538896086,78.94856262207031,34800,0.0,0.0,0.0
2018-07-23 00:00:00-04:00,78.88060403254318,79.01649475097656,78.56031188255685,79.01649475097656,43400,0.0,0.0,0.0
2018-07-24 00:00:00-04:00,79.60858034651646,79.83182152512926,79.09416371481598,79.4241714477539,31900,0.0,0.0,0.0
2018-07-25 00:00:00-04:00,79.40473738145253,80.5112201445796,79.40473738145253,80.4141616821289,54200,0.0,0.0,0.0
2018-07-26 00:00:00-04:00,79.51150400422627,79.73474513270011,79.28827028083845,79.4726791381836,67800,0.0,0.0,0.0
2018-07-27 00:00:00-04:00,79.96767915095782,79.96767915095782,78.3079551656616,78.6573715209961,51300,0.0,0.0,0.0
2018-07-30 00:00:00-04:00,78.63795503096809,78.63795503096809,77.35676420224246,77.57029724121094,44600,0.0,0.0,0.0
2018-07-31 00:00:00-04:00,77.9294334802207,78.41473322235302,77.74501720858275,78.12355041503906,31300,0.0,0.0,0.0
2018-08-01 00:00:00-04:00,78.4632498812868,78.75443265567529,78.15265837764568,78.482666015625,34700,0.0,0.0,0.0
2018-08-02 00:00:00-04:00,77.97794000596515,79.32707977294922,77.97794000596515,79.32707977294922,40500,0.0,0.0,0.0
2018-08-03 00:00:00-04:00,79.31739424700453,79.49210245744189,79.0844524347836,79.45327758789062,42700,0.0,0.0,0.0
2018-08-06 00:00:00-04:00,79.45325970534881,79.90944256354481,79.41443484453585,79.89973449707031,27800,0.0,0.0,0.0
2018-08-07 00:00:00-04:00,80.21034476726928,80.29770257583273,80.06475335638804,80.16181182861328,34000,0.0,0.0,0.0
2018-08-08 00:00:00-04:00,80.14239199193793,80.33650890949221,79.99680060122935,80.1715087890625,56400,0.0,0.0,0.0
2018-08-09 00:00:00-04:00,80.25885962450985,80.44326845866655,80.01620979606965,80.19091796875,47100,0.0,0.0,0.0
2018-08-10 00:00:00-04:00,79.7056240669896,79.90944904898627,79.40473322254014,79.58914947509766,29900,0.0,0.0,0.0
2018-08-13 00:00:00-04:00,79.92886893400629,80.19093495106802,79.54062764526572,79.57945251464844,32800,0.0,0.0,0.0
2018-08-14 00:00:00-04:00,79.78325199226116,80.1132595738595,79.58913511255693,80.0259017944336,47200,0.0,0.0,0.0
2018-08-15 00:00:00-04:00,79.5697545610453,79.68622176807335,78.83209682782426,79.40474700927734,61900,0.0,0.0,0.0
2018-08-16 00:00:00-04:00,79.89003787176136,80.12298707000011,79.64738801074391,79.76386260986328,44900,0.0,0.0,0.0
2018-08-17 00:00:00-04:00,79.57942968642928,80.01620378787656,79.31737114962854,79.8511962890625,38900,0.0,0.0,0.0
2018-08-20 00:00:00-04:00,80.10357936931825,80.10357936931825,79.76387100913914,79.92887115478516,38100,0.0,0.0,0.0
2018-08-21 00:00:00-04:00,80.16179453966225,80.42386050374458,80.08415222167969,80.08415222167969,58400,0.0,0.0,0.0
2018-08-22 00:00:00-04:00,79.94826670044374,80.3947414881225,79.94826670044374,80.27826690673828,49000,0.0,0.0,0.0
2018-08-23 00:00:00-04:00,80.23945224944922,80.64710222850296,80.12298505834009,80.22975158691406,30700,0.0,0.0,0.0
2018-08-24 00:00:00-04:00,80.45298343056578,80.8994582646068,80.45298343056578,80.84122467041016,40800,0.0,0.0,0.0
2018-08-27 00:00:00-04:00,81.28770100127178,81.56917572021484,81.26829227121075,81.56917572021484,41800,0.0,0.0,0.0
2018-08-28 00:00:00-04:00,81.76328960694224,81.82153060513575,81.51093910008422,81.5982894897461,39700,0.0,0.0,0.0
2018-08-29 00:00:00-04:00,81.77299885330062,82.4524154663086,81.77299885330062,82.4524154663086,84300,0.0,0.0,0.0
2018-08-30 00:00:00-04:00,82.2000595617292,82.67565115962582,82.06417624804446,82.25829315185547,82300,0.0,0.0,0.0
2018-08-31 00:00:00-04:00,82.15153280085373,82.55918277251274,82.13212407104957,82.34564971923828,39800,0.0,0.0,0.0
2018-09-04 00:00:00-04:00,82.22917107603298,82.29711272851213,81.78269630187214,82.20975494384766,38400,0.0,0.0,0.0
2018-09-05 00:00:00-04:00,82.01565213710883,82.07388573349583,81.2294689655404,81.35564422607422,45300,0.0,0.0,0.0
2018-09-06 00:00:00-04:00,81.51094222116375,81.51094222116375,80.59857640041515,81.17122650146484,46500,0.0,0.0,0.0
2018-09-07 00:00:00-04:00,80.67622992328523,81.43329631860635,80.67622992328523,81.03534698486328,155300,0.0,0.0,0.0
2018-09-10 00:00:00-04:00,81.50124440913945,81.50124440913945,80.95771103736408,81.12271118164062,26900,0.0,0.0,0.0
2018-09-11 00:00:00-04:00,80.83150378462132,81.76327816943406,80.83150378462132,81.73416137695312,55600,0.0,0.0,0.0
2018-09-12 00:00:00-04:00,81.64683341597852,81.87006715634513,81.29741700010449,81.71477508544922,71600,0.0,0.0,0.0
2018-09-13 00:00:00-04:00,82.01564858038385,82.47183147919496,82.01564858038385,82.30683135986328,40100,0.0,0.0,0.0
2018-09-14 00:00:00-04:00,82.35534631489864,82.45240476057104,81.9282876729231,82.20975494384766,210500,0.0,0.0,0.0
2018-09-17 00:00:00-04:00,82.20976668338305,82.20976668338305,81.30710894006937,81.4041748046875,61100,0.0,0.0,0.0
2018-09-18 00:00:00-04:00,81.39448537690687,82.20978550978874,81.39448537690687,81.93801879882812,44700,0.0,0.0,0.0
2018-09-19 00:00:00-04:00,81.99624824774796,82.0059489109945,81.62741570195837,81.92830657958984,33500,0.0,0.0,0.0
2018-09-20 00:00:00-04:00,82.34565756188265,82.74360690908338,82.26801523018558,82.617431640625,71000,0.0,0.0,0.0
2018-09-21 00:00:00-04:00,83.07359689787624,83.07359689787624,82.33594670501675,82.39418029785156,55700,0.0,0.0,0.0
2018-09-24 00:00:00-04:00,82.30682039545201,82.50093728585544,81.792396566222,82.46211242675781,89600,0.0,0.0,0.0
2018-09-25 00:00:00-04:00,82.54949580819907,82.66596301652176,82.38448825459695,82.55919647216797,39700,0.0,0.0,0.0
2018-09-26 00:00:00-04:00,82.72072162794565,83.25590592493049,82.49691215630364,82.60395050048828,75500,0.216,0.0,0.0
2018-09-27 00:00:00-04:00,82.85694807330977,83.40186513499039,82.80829158254336,83.14886474609375,44800,0.0,0.0,0.0
2018-09-28 00:00:00-04:00,82.98345303267554,83.27537715921818,82.91533839300745,83.11968231201172,53000,0.0,0.0,0.0
2018-10-01 00:00:00-04:00,83.6548655518278,83.88840037492061,83.31429238816365,83.50890350341797,70200,0.0,0.0,0.0
2018-10-02 00:00:00-04:00,83.44079324126764,83.66460271707747,83.12941098618779,83.26564025878906,94500,0.0,0.0,0.0
2018-10-03 00:00:00-04:00,83.71325065430814,83.83975456568312,83.26563913268065,83.39213562011719,84300,0.0,0.0,0.0
2018-10-04 00:00:00-04:00,83.22672083359679,83.22672083359679,81.59196205428219,82.13688659667969,84900,0.0,0.0,0.0
2018-10-05 00:00:00-04:00,82.1368789192233,82.35094817865198,80.78430418558125,81.41680145263672,109300,0.0,0.0,0.0
2018-10-08 00:00:00-04:00,81.115161929377,81.42654420952293,80.21020601771238,81.0665054321289,83200,0.0,0.0,0.0
2018-10-09 00:00:00-04:00,80.87188430602708,81.68925990651428,80.87188430602708,81.1540756225586,74600,0.0,0.0,0.0
2018-10-10 00:00:00-04:00,80.98865122350382,80.98865122350382,77.78724877335657,77.894287109375,259600,0.0,0.0,0.0
2018-10-11 00:00:00-04:00,77.55370605245307,78.30297439990795,76.02598585801053,76.64875030517578,170600,0.0,0.0,0.0
2018-10-12 00:00:00-04:00,78.41001513247521,78.63381716855052,77.1450206345313,78.36135864257812,85600,0.0,0.0,0.0
2018-10-15 00:00:00-04:00,78.15701962379286,78.31271446202587,77.50506419255375,77.56344604492188,424700,0.0,0.0,0.0
2018-10-16 00:00:00-04:00,78.3224403354388,79.8598934653558,78.3224403354388,79.69447326660156,76200,0.0,0.0,0.0
2018-10-17 00:00:00-04:00,79.80151340355647,79.80151340355647,78.80897734087887,79.53878021240234,434600,0.0,0.0,0.0
2018-10-18 00:00:00-04:00,79.27604501129986,79.27604501129986,77.53424814099917,77.99159240722656,93600,0.0,0.0,0.0
2018-10-19 00:00:00-04:00,78.41002156649566,78.8868240260719,77.65102777502446,77.86509704589844,79300,0.0,0.0,0.0
2018-10-22 00:00:00-04:00,78.069440075229,78.31270767091857,77.54398117766699,77.894287109375,85800,0.0,0.0,0.0
2018-10-23 00:00:00-04:00,76.37630352651179,77.86510024384118,75.77300455155888,77.48560333251953,165200,0.0,0.0,0.0
2018-10-24 00:00:00-04:00,77.55370220212873,77.55370220212873,74.43988012089503,74.53718566894531,73400,0.0,0.0,0.0
2018-10-25 00:00:00-04:00,75.27673869017535,77.02826865785428,74.99454733849713,76.60984802246094,94800,0.0,0.0,0.0
2018-10-26 00:00:00-04:00,74.8680235519882,75.90920836886843,73.86576243397428,74.88748168945312,110800,0.0,0.0,0.0
2018-10-29 00:00:00-04:00,75.84110285474192,76.15248505910988,72.30885285401135,73.58358001708984,160500,0.0,0.0,0.0
2018-10-30 00:00:00-04:00,73.3111314184581,74.61504981137008,73.10678749454172,74.57612609863281,323500,0.0,0.0,0.0
2018-10-31 00:00:00-04:00,75.76327546292579,76.59038396579088,75.6951608197237,75.92869567871094,103400,0.0,0.0,0.0
2018-11-01 00:00:00-04:00,76.11357330758644,76.92122357896858,75.70488549216603,76.84337615966797,66300,0.0,0.0,0.0
2018-11-02 00:00:00-04:00,76.89203406611698,77.16450006498411,75.45189376323042,75.99681091308594,83100,0.0,0.0,0.0
2018-11-05 00:00:00-05:00,75.96760387093995,76.2108714646632,75.35457220737496,76.02598571777344,69300,0.0,0.0,0.0
2018-11-06 00:00:00-05:00,76.00654160605171,76.75580266648487,75.91896139569819,76.60984802246094,57900,0.0,0.0,0.0
2018-11-07 00:00:00-05:00,77.35909188640612,78.84788831601261,77.35909188640612,78.82843017578125,111700,0.0,0.0,0.0
2018-11-08 00:00:00-05:00,78.64354498469534,78.78950702123053,78.26404814406636,78.53650665283203,76100,0.0,0.0,0.0
2018-11-09 00:00:00-05:00,78.04997827924493,78.04997827924493,77.08664063249672,77.5829086303711,61400,0.0,0.0,0.0
2018-11-12 00:00:00-05:00,77.20340318403906,77.20340318403906,75.51026274017177,75.64649200439453,126900,0.0,0.0,0.0
2018-11-13 00:00:00-05:00,75.77298471094306,76.55143647374614,75.28644957521476,75.50051879882812,58700,0.0,0.0,0.0
2018-11-14 00:00:00-05:00,76.18169491621703,76.21088584514189,74.49827958347039,74.80966186523438,65800,0.0,0.0,0.0
2018-11-15 00:00:00-05:00,74.4788170757699,75.92869004430375,73.90470161943607,75.77300262451172,106800,0.0,0.0,0.0
2018-11-16 00:00:00-05:00,75.07239331076768,75.8508452849303,74.94588938981123,75.58811950683594,55900,0.0,0.0,0.0
2018-11-19 00:00:00-05:00,75.26699107371975,75.26699107371975,73.1748883090254,73.3695068359375,114200,0.0,0.0,0.0
2018-11-20 00:00:00-05:00,71.74448146596657,72.82458274392394,71.51093923251949,72.09477996826172,118800,0.0,0.0,0.0
2018-11-21 00:00:00-05:00,72.79540834810851,72.99002692016704,72.32833862304688,72.32833862304688,107800,0.0,0.0,0.0
2018-11-23 00:00:00-05:00,71.85150697392001,72.31858398175731,71.81259069520932,71.84178161621094,23300,0.0,0.0,0.0
2018-11-26 00:00:00-05:00,72.63971595965245,73.15544214853594,72.34779183344648,73.12625122070312,265700,0.0,0.0,0.0
2018-11-27 00:00:00-05:00,72.84405842286324,73.4473648071289,72.54240894269978,73.4473648071289,63600,0.0,0.0,0.0
2018-11-28 00:00:00-05:00,74.03119951143488,75.81192016601562,73.81712283069557,75.81192016601562,80600,0.0,0.0,0.0
2018-11-29 00:00:00-05:00,75.65623029895191,76.0649181213939,75.13077134555279,75.63677215576172,77400,0.0,0.0,0.0
2018-11-30 00:00:00-05:00,75.61730494745757,76.4054896484804,75.48107567626691,76.31791687011719,108900,0.0,0.0,0.0
2018-12-03 00:00:00-05:00,78.00132921212042,78.0110545711824,77.15475526562159,77.5829086303711,178800,0.0,0.0,0.0
2018-12-04 00:00:00-05:00,77.10610350878437,77.2423327833984,74.72208377910007,74.81938934326172,141300,0.0,0.0,0.0
2018-12-06 00:00:00-05:00,73.37924801207238,75.04319763183594,72.77594164553962,75.04319763183594,108200,0.0,0.0,0.0
2018-12-07 00:00:00-05:00,74.85831373047411,75.25726877432523,72.70782882012394,72.92190551757812,268500,0.0,0.0,0.0
2018-12-10 00:00:00-05:00,72.73701166597135,73.719814838756,71.79313219966647,73.47654724121094,317100,0.0,0.0,0.0
2018-12-11 00:00:00-05:00,74.48854967695381,74.49827503670907,73.03866928803413,73.54467010498047,112300,0.0,0.0,0.0
2018-12-12 00:00:00-05:00,74.5761148491724,75.15023024552075,74.15769428028733,74.16742706298828,62900,0.0,0.0,0.0
2018-12-13 00:00:00-05:00,74.50800641506687,74.75127403525762,73.73927984439145,74.12850952148438,74800,0.0,0.0,0.0
2018-12-14 00:00:00-05:00,73.44735788783028,73.52519787851631,72.27966894028306,72.43536376953125,64100,0.0,0.0,0.0
2018-12-17 00:00:00-05:00,72.04676570733281,72.4666075674318,70.27952802720144,70.74818420410156,161400,0.252,0.0,0.0
2018-12-18 00:00:00-05:00,71.31448658556718,71.81244031019654,70.67007500673438,71.20708465576172,81100,0.0,0.0,0.0
2018-12-19 00:00:00-05:00,71.08991825391065,72.22251773583247,69.2445686231553,69.77181243896484,148600,0.0,0.0,0.0
2018-12-20 00:00:00-05:00,69.3617378553367,69.90850592062705,67.78000637468875,68.60992431640625,245100,0.0,0.0,0.0
2018-12-21 00:00:00-05:00,68.70756722608586,69.42031738335486,66.42284399720462,66.69622802734375,212100,0.0,0.0,0.0
2018-12-24 00:00:00-05:00,66.03228534363852,66.77433295504528,65.00709533691406,65.00709533691406,111800,0.0,0.0,0.0
2018-12-26 00:00:00-05:00,65.46601019889367,68.81497999368266,65.23167460831749,68.79544830322266,234400,0.0,0.0,0.0
2018-12-27 00:00:00-05:00,67.7995402683881,69.36174011230469,66.65717488172606,69.36174011230469,258700,0.0,0.0,0.0
2018-12-28 00:00:00-05:00,69.78655767623827,70.3334412813606,68.80020764494522,69.31780242919922,216800,0.015,0.0,0.0
2018-12-31 00:00:00-05:00,69.94280258179901,70.10881972664446,69.36661535164322,70.06975555419922,217700,0.0,0.0,0.0
2019-01-02 00:00:00-05:00,68.74161427226612,70.31391206875078,68.74161427226612,69.99163818359375,151000,0.0,0.0,0.0
2019-01-03 00:00:00-05:00,69.19085554114088,69.28851228251362,67.69668579101562,67.69668579101562,145800,0.0,0.0,0.0
2019-01-04 00:00:00-05:00,68.9759949953062,70.67525331125468,68.74161736407316,70.48970031738281,219200,0.0,0.0,0.0
2019-01-07 00:00:00-05:00,70.65570785600416,71.46627272306391,70.39203398818196,71.10493469238281,79500,0.0,0.0,0.0
2019-01-08 00:00:00-05:00,71.90572068093157,72.08150571623321,71.03656340936466,71.88619232177734,109900,0.0,0.0,0.0
2019-01-09 00:00:00-05:00,72.20846346494989,72.56003352258588,71.91548593334386,72.34518432617188,147800,0.0,0.0,0.0
2019-01-10 00:00:00-05:00,71.78854283406933,72.68699645996094,71.65182195407405,72.68699645996094,61200,0.0,0.0,0.0
2019-01-11 00:00:00-05:00,72.24753086023013,72.4916763305664,72.07174582355887,72.4916763305664,56500,0.0,0.0,0.0
2019-01-14 00:00:00-05:00,71.85690262002542,72.18893691106916,71.79830263575428,71.95455932617188,53900,0.0,0.0,0.0
2019-01-15 00:00:00-05:00,72.11080699374742,73.12645310713204,72.11080699374742,73.04833221435547,59900,0.0,0.0,0.0
2019-01-16 00:00:00-05:00,73.23387497921179,73.51708462578584,73.04832948373328,73.15575408935547,94200,0.0,0.0,0.0
2019-01-17 00:00:00-05:00,72.85301864299555,73.94679320929467,72.74559402261217,73.62451934814453,116100,0.0,0.0,0.0
2019-01-18 00:00:00-05:00,74.2983541989956,74.74758098772857,73.88819158111707,74.49366760253906,149300,0.0,0.0,0.0
2019-01-22 00:00:00-05:00,74.05420196143805,74.05420196143805,72.81393886485726,73.37059020996094,103900,0.0,0.0,0.0
2019-01-23 00:00:00-05:00,73.71240640986257,73.89795190768861,72.61863198002038,73.43895721435547,91400,0.0,0.0,0.0
2019-01-24 00:00:00-05:00,73.45849135477052,73.69286892343274,73.1069212764129,73.47801971435547,62200,0.0,0.0,0.0
2019-01-25 00:00:00-05:00,74.11280275883033,74.49366911900348,74.06397068158601,74.32765197753906,80100,0.0,0.0,0.0
2019-01-28 00:00:00-05:00,73.55614577187457,73.55614577187457,72.98972650201438,73.48778533935547,121900,0.0,0.0,0.0
2019-01-29 00:00:00-05:00,73.58544135818879,73.59520926295254,72.8530049662014,73.10691833496094,82700,0.0,0.0,0.0
2019-01-30 00:00:00-05:00,73.92726566948612,75.0894008105658,73.72218431236568,74.83548736572266,115300,0.0,0.0,0.0
2019-01-31 00:00:00-05:00,75.02101970589523,76.05619411421823,75.02101970589523,75.75345611572266,119300,0.0,0.0,0.0
2019-02-01 00:00:00-05:00,75.57768477688917,76.02691162891293,75.35307507624219,75.56791687011719,60700,0.0,0.0,0.0
2019-02-04 00:00:00-05:00,75.59721394378634,76.42730712890625,75.59721394378634,76.42730712890625,124400,0.0,0.0,0.0
2019-02-05 00:00:00-05:00,76.65191958186556,77.1011464106384,76.65191958186556,77.02302551269531,119700,0.0,0.0,0.0
2019-02-06 00:00:00-05:00,76.98395857816607,77.02302275110172,76.52496385958365,76.77887725830078,170600,0.0,0.0,0.0
2019-02-07 00:00:00-05:00,76.20269211064672,76.39801298068133,75.45072725051925,75.93901824951172,136100,0.0,0.0,0.0
2019-02-08 00:00:00-05:00,75.39212421842211,75.91947937011719,75.37259585757225,75.91947937011719,42800,0.0,0.0,0.0
2019-02-11 00:00:00-05:00,76.30034070320166,76.30034070320166,75.90971390614742,76.03666687011719,72500,0.0,0.0,0.0
2019-02-12 00:00:00-05:00,76.53473571483434,77.17927597470911,76.53473571483434,77.08161926269531,119200,0.0,0.0,0.0
2019-02-13 00:00:00-05:00,77.32575867013705,77.61873623380362,77.21833406017457,77.26716613769531,63900,0.0,0.0,0.0
2019-02-14 00:00:00-05:00,76.90582841064219,77.44295146237317,76.6714508293091,77.16950225830078,75900,0.0,0.0,0.0
2019-02-15 00:00:00-05:00,77.75544905551956,77.75544905551956,77.39411109119129,77.71638488769531,77800,0.0,0.0,0.0
2019-02-19 00:00:00-05:00,77.44295364484933,77.9898371669483,77.44295364484933,77.73592376708984,134300,0.0,0.0,0.0
2019-02-20 00:00:00-05:00,77.7749885481263,77.99960568258935,77.51131469097592,77.76522064208984,323900,0.0,0.0,0.0
2019-02-21 00:00:00-05:00,77.65778808461303,77.74568432849215,77.21832921740291,77.51130676269531,113900,0.0,0.0,0.0
2019-02-22 00:00:00-05:00,77.78475026910908,78.20468078653501,77.75545400405844,78.17538452148438,131400,0.0,0.0,0.0
2019-02-25 00:00:00-05:00,78.65390543903338,78.77109794679095,78.28280700722709,78.31210327148438,92900,0.0,0.0,0.0
2019-02-26 00:00:00-05:00,78.12654394227025,78.60506693771286,78.0484156101533,78.37068939208984,185600,0.0,0.0,0.0
2019-02-27 00:00:00-05:00,78.08749070901042,78.3609324589757,77.69685644446196,78.29257202148438,89300,0.0,0.0,0.0
2019-02-28 00:00:00-05:00,78.11677902646751,78.34139612721462,77.96052980698406,78.03865814208984,103000,0.0,0.0,0.0
2019-03-01 00:00:00-05:00,78.61485411718355,78.75157500654637,78.22421981154852,78.67344665527344,121400,0.0,0.0,0.0
2019-03-04 00:00:00-05:00,79.01525004067322,79.13243510752635,77.69685843274308,78.3804702758789,106800,0.0,0.0,0.0
2019-03-05 00:00:00-05:00,78.40975829875063,78.55624706764458,78.20467700259044,78.35116577148438,101200,0.0,0.0,0.0
2019-03-06 00:00:00-05:00,78.39023636172372,78.40977217475522,77.8531207150315,77.94100952148438,51900,0.0,0.0,0.0
2019-03-07 00:00:00-05:00,77.79451741557226,77.82381368033714,76.84723178428865,77.09137725830078,92200,0.0,0.0,0.0
2019-03-08 00:00:00-05:00,76.33940954292626,77.07184600830078,76.30034537068548,77.07184600830078,86200,0.0,0.0,0.0
2019-03-11 00:00:00-04:00,77.18902630905035,78.37068939208984,77.18902630905035,78.37068939208984,76700,0.0,0.0,0.0
2019-03-12 00:00:00-04:00,78.48789704055872,78.78086716645672,78.39023288119678,78.59532165527344,62900,0.0,0.0,0.0
2019-03-13 00:00:00-04:00,78.90782197106545,79.51329799188468,78.90782197106545,79.16172790527344,56800,0.0,0.0,0.0
2019-03-14 00:00:00-04:00,79.30821729362219,79.32775310454471,79.04454345199849,79.19102478027344,50400,0.0,0.0,0.0
2019-03-15 00:00:00-04:00,79.30821566818724,79.81604243156171,79.28868730839376,79.58165740966797,75500,0.0,0.0,0.0
2019-03-18 00:00:00-04:00,79.58165257307978,79.9234547291576,79.49376378325758,79.82579803466797,73800,0.0,0.0,0.0
2019-03-19 00:00:00-04:00,80.14808104660669,80.43129070869642,79.65979006729248,80.01136016845703,89100,0.0,0.0,0.0
2019-03-20 00:00:00-04:00,79.89188708494892,80.53822598343736,79.53933587794747,80.16609191894531,101600,0.228,0.0,0.0
2019-03-21 00:00:00-04:00,79.85270342345929,81.29228608461887,79.85270342345929,81.17476654052734,61200,0.0,0.0,0.0
2019-03-22 00:00:00-04:00,80.74388583742487,80.93975178504643,79.50996398925781,79.50996398925781,85500,0.0,0.0,0.0
2019-03-25 00:00:00-04:00,79.37286225255995,79.7352011836503,79.08886222967817,79.59809875488281,64800,0.0,0.0,0.0
2019-03-26 00:00:00-04:00,80.18566567935262,80.51863399108817,79.57850003624982,79.91146087646484,57700,0.0,0.0,0.0
2019-03-27 00:00:00-04:00,80.03878874701735,80.10733995901134,78.97133990708595,79.56871795654297,51100,0.0,0.0,0.0
2019-03-28 00:00:00-04:00,79.7547804617414,79.98981209683986,79.40222927333323,79.88208770751953,60800,0.0,0.0,0.0
2019-03-29 00:00:00-04:00,80.39133248732519,80.54802524129826,80.07795445090076,80.5284423828125,47100,0.0,0.0,0.0
2019-04-01 00:00:00-04:00,81.23353926534465,81.44898807134716,81.01809793086404,81.42940521240234,43800,0.0,0.0,0.0
2019-04-02 00:00:00-04:00,81.47836750962786,81.74278467486438,81.36085541087566,81.68402862548828,45000,0.0,0.0,0.0
2019-04-03 00:00:00-04:00,81.97779775036337,82.30097089167653,81.6546246090502,81.88966369628906,44700,0.0,0.0,0.0
2019-04-04 00:00:00-04:00,81.89945972092418,82.15408168891295,81.5664988540721,81.9778060913086,214700,0.0,0.0,0.0
2019-04-05 00:00:00-04:00,82.20304733871936,82.34993743896484,82.1932521748627,82.34993743896484,49100,0.0,0.0,0.0
2019-04-08 00:00:00-04:00,82.16387403981359,82.46745687525717,81.889669224378,82.42828369140625,69300,0.0,0.0,0.0
2019-04-09 00:00:00-04:00,82.10511599955983,82.3499428113021,81.97780874720154,82.08553314208984,34400,0.0,0.0,0.0
2019-04-10 00:00:00-04:00,82.21283878002906,82.38911437988281,82.0855315301707,82.38911437988281,29500,0.0,0.0,0.0
2019-04-11 00:00:00-04:00,82.54580751991816,82.54580751991816,82.08553192522255,82.23242950439453,36500,0.0,0.0,0.0
2019-04-12 00:00:00-04:00,82.72207363583749,82.7808296721609,82.51642003718514,82.69269561767578,102100,0.0,0.0,0.0
2019-04-15 00:00:00-04:00,82.79063415527344,82.81021701241225,82.3401537258683,82.79063415527344,39800,0.0,0.0,0.0
2019-04-16 00:00:00-04:00,83.07463635466524,83.07463635466524,82.48705349512184,82.65353393554688,43300,0.0,0.0,0.0
2019-04-17 00:00:00-04:00,83.01587952000287,83.01587952000287,82.51643815853127,82.64374542236328,39700,0.0,0.0,0.0
2019-04-18 00:00:00-04:00,82.79064830494205,82.93754590891362,82.4478922100234,82.85919952392578,47200,0.0,0.0,0.0
2019-04-22 00:00:00-04:00,82.52621363016193,83.09421359363935,82.52621363016193,83.07463073730469,61600,0.0,0.0,0.0
2019-04-23 00:00:00-04:00,83.27049393074489,84.1029035955287,83.21173788687256,84.00497436523438,52700,0.0,0.0,0.0
2019-04-24 00:00:00-04:00,84.05394602164012,84.13229239756515,83.79932403564453,83.79932403564453,44700,0.0,0.0,0.0
2019-04-25 00:00:00-04:00,84.19103944840809,84.2204174683607,83.6132443270971,84.0245590209961,41700,0.0,0.0,0.0
2019-04-26 00:00:00-04:00,84.08332660830003,84.38690948486328,83.69160218825338,84.38690948486328,97200,0.0,0.0,0.0
2019-04-29 00:00:00-04:00,84.38691033551093,84.62194947282131,84.36732747649604,84.47505187988281,44500,0.0,0.0,0.0
2019-04-30 00:00:00-04:00,84.19104656879297,84.25959777832031,83.65242458570557,84.25959777832031,48700,0.0,0.0,0.0
2019-05-01 00:00:00-04:00,84.7492631222834,84.76884598277414,83.7405776977539,83.7405776977539,65300,0.0,0.0,0.0
2019-05-02 00:00:00-04:00,83.70138780590518,83.99517548378745,82.9571122398656,83.4859390258789,90300,0.0,0.0,0.0
2019-05-03 00:00:00-04:00,84.05394362937686,84.5533849507607,83.99518011334473,84.49462890625,62400,0.0,0.0,0.0
2019-05-06 00:00:00-04:00,82.8200199276997,84.1910516728872,82.75146871401643,84.07353210449219,50100,0.0,0.0,0.0
2019-05-07 00:00:00-04:00,83.3586443097083,83.3586443097083,81.85051009434346,82.4968490600586,154500,0.0,0.0,0.0
2019-05-08 00:00:00-04:00,82.37933695984974,83.02567592556487,82.21284903201695,82.4968490600586,57300,0.0,0.0,0.0
2019-05-09 00:00:00-04:00,81.70359620703202,82.34014735182531,81.1355962641998,82.16387176513672,70700,0.0,0.0,0.0
2019-05-10 00:00:00-04:00,81.83090571284119,82.67311048683386,80.76346447110677,82.42828369140625,66900,0.0,0.0,0.0
2019-05-13 00:00:00-04:00,80.54802726256897,80.88098816583447,79.76457841608718,79.98982238769531,155400,0.0,0.0,0.0
2019-05-14 00:00:00-04:00,80.39131481936094,81.28248785080179,80.23462957134502,80.74386596679688,79900,0.0,0.0,0.0
2019-05-15 00:00:00-04:00,80.23464106224311,81.9092555166356,80.23464106224311,81.6644287109375,55700,0.0,0.0,0.0
2019-05-16 00:00:00-04:00,81.84071217660814,82.94732675498615,81.84071217660814,82.46746826171875,65900,0.0,0.0,0.0
2019-05-17 00:00:00-04:00,81.68401950297677,82.73187793845007,81.68401950297677,81.90925598144531,80800,0.0,0.0,0.0
2019-05-20 00:00:00-04:00,80.98870380186595,81.42939653212704,80.85160138930148,81.0180892944336,42300,0.0,0.0,0.0
2019-05-21 00:00:00-04:00,81.63505057130627,81.92884572632639,81.49794815803585,81.7427749633789,29800,0.0,0.0,0.0
2019-05-22 00:00:00-04:00,81.3902307956885,81.88967961375194,81.3902307956885,81.57630157470703,38000,0.0,0.0,0.0
2019-05-23 00:00:00-04:00,80.76347208091818,80.82222812647032,80.11712569375827,80.50885009765625,48100,0.0,0.0,0.0
2019-05-24 00:00:00-04:00,80.9887035704373,81.10622312580865,80.50884512783283,80.61656951904297,45100,0.0,0.0,0.0
2019-05-28 00:00:00-04:00,80.7830479068282,81.13559909249493,80.1856699239774,80.19546508789062,63300,0.0,0.0,0.0
2019-05-29 00:00:00-04:00,79.73519730053928,79.89189005236946,79.19658277704676,79.63726806640625,52400,0.0,0.0,0.0
2019-05-30 00:00:00-04:00,79.84292300111572,80.0387889440964,79.6078913410607,79.9702377319336,62300,0.0,0.0,0.0
2019-05-31 00:00:00-04:00,79.03987934174057,79.34346216797553,78.77546969816831,78.80484771728516,190300,0.0,0.0,0.0
2019-06-03 00:00:00-04:00,78.66775734874861,78.80485977328233,77.14982804231151,77.57093048095703,119900,0.0,0.0,0.0
2019-06-04 00:00:00-04:00,78.35438104861743,79.50996398925781,78.10955421773194,79.50996398925781,74100,0.0,0.0,0.0
2019-06-05 00:00:00-04:00,80.12691642194962,80.38153839111328,79.61767995514342,80.38153839111328,62000,0.0,0.0,0.0
2019-06-06 00:00:00-04:00,80.50884559292116,81.0376723878656,80.25422362390617,80.86139678955078,46900,0.0,0.0,0.0
2019-06-07 00:00:00-04:00,81.27271814897651,82.48706469124943,81.27271814897651,82.29119873046875,78300,0.0,0.0,0.0
2019-06-10 00:00:00-04:00,82.80044180742956,83.4271979316953,82.73189058982307,82.76126861572266,56100,0.0,0.0,0.0
2019-06-11 00:00:00-04:00,83.50552717218238,83.50552717218238,82.4772590271765,82.74166870117188,36200,0.0,0.0,0.0
2019-06-12 00:00:00-04:00,82.63394760766096,82.7122939851328,82.36953792309569,82.53601837158203,34900,0.0,0.0,0.0
2019-06-13 00:00:00-04:00,82.83960071147774,82.94732511192746,82.60456905209735,82.77104949951172,34000,0.0,0.0,0.0
2019-06-14 00:00:00-04:00,82.67312706650154,82.86899302503605,82.53602463128856,82.76126861572266,34900,0.0,0.0,0.0
2019-06-17 00:00:00-04:00,82.94988775159634,83.25445085233868,82.86146161211373,83.08743286132812,47500,0.272,0.0,0.0
2019-06-18 00:00:00-04:00,83.81445889842598,84.37446613510592,83.73586704613396,83.92253112792969,87900,0.0,0.0,0.0
2019-06-19 00:00:00-04:00,84.08955117820629,84.37446819972003,83.73586909512177,84.24674987792969,94300,0.0,0.0,0.0
2019-06-20 00:00:00-04:00,85.22921069114925,85.28815644979295,84.52183160484157,85.18008422851562,40300,0.0,0.0,0.0
2019-06-21 00:00:00-04:00,85.0032491925717,85.35693877623449,84.84605798630305,85.06220245361328,59300,0.0,0.0,0.0
2019-06-24 00:00:00-04:00,85.07202441296805,85.17027735256315,84.87553352507165,84.9050064086914,63000,0.0,0.0,0.0
2019-06-25 00:00:00-04:00,84.83623318057276,84.83623318057276,83.53937384198281,83.62779998779297,57900,0.0,0.0,0.0
2019-06-26 00:00:00-04:00,83.99130647567922,84.13867838405137,83.71621624439608,83.76534271240234,55700,0.0,0.0,0.0
2019-06-27 00:00:00-04:00,83.95200228718498,84.18780032616269,83.85375685210072,84.0207748413086,30400,0.0,0.0,0.0
2019-06-28 00:00:00-04:00,84.20743416486292,84.32533316720044,83.93234398838717,84.29586029052734,98300,0.0,0.0,0.0
2019-07-01 00:00:00-04:00,85.44537218126217,85.47484506646428,84.78711942625739,85.08185577392578,47100,0.0,0.0,0.0
2019-07-02 00:00:00-04:00,85.08184140128948,85.4748306274414,84.98359596866301,85.4748306274414,45200,0.0,0.0,0.0
2019-07-03 00:00:00-04:00,85.76957618317952,86.26081085205078,85.72044971803392,86.26081085205078,36700,0.0,0.0,0.0
2019-07-05 00:00:00-04:00,85.80885592206099,86.23131797587794,85.4453471170024,86.0937728881836,42200,0.0,0.0,0.0
2019-07-08 00:00:00-04:00,85.61237414388887,85.63202772743716,85.33728393938006,85.56324768066406,42700,0.0,0.0,0.0
2019-07-09 00:00:00-04:00,85.19974129708707,85.92676650080108,85.19974129708707,85.8678207397461,48900,0.0,0.0,0.0
2019-07-10 00:00:00-04:00,86.21168750324895,86.65379572295575,86.17238782884111,86.51625061035156,89800,0.0,0.0,0.0
2019-07-11 00:00:00-04:00,86.78152558884652,86.92889750084223,86.44748208861314,86.72257232666016,34600,0.0,0.0,0.0
2019-07-12 00:00:00-04:00,86.78152054808243,87.05661077015063,86.62432185224553,87.0173110961914,40900,0.0,0.0,0.0
2019-07-15 00:00:00-04:00,87.16468101076815,87.20398068383066,87.00748231851809,87.13520812988281,41100,0.0,0.0,0.0
2019-07-16 00:00:00-04:00,87.12537147283678,87.25308977409424,86.75203586448353,86.82080841064453,41800,0.0,0.0,0.0
2019-07-17 00:00:00-04:00,86.92889517882483,86.98784094378985,86.41800689697266,86.41800689697266,24900,0.0,0.0,0.0
2019-07-18 00:00:00-04:00,86.13308108488857,86.62431573119771,85.87764446567283,86.48677062988281,31200,0.0,0.0,0.0
2019-07-19 00:00:00-04:00,87.10572671793588,87.10572671793588,85.84815979003906,85.84815979003906,23300,0.0,0.0,0.0
2019-07-22 00:00:00-04:00,86.14290945711178,86.54571797674001,86.14290945711178,86.39835357666016,36800,0.0,0.0,0.0
2019-07-23 00:00:00-04:00,86.80116888912438,86.89941432874804,86.38853354531706,86.88959503173828,34700,0.0,0.0,0.0
2019-07-24 00:00:00-04:00,86.64397814080722,87.34153051014653,86.64397814080722,87.30223083496094,49500,0.0,0.0,0.0
2019-07-25 00:00:00-04:00,87.17452279362513,87.17452279362513,86.69310733755894,86.71276092529297,28700,0.0,0.0,0.0
2019-07-26 00:00:00-04:00,87.19414782193431,87.54783735922986,87.14502136011438,87.4888916015625,28700,0.0,0.0,0.0
2019-07-29 00:00:00-04:00,87.43977621586825,87.68539356478922,87.0074872831604,87.28257751464844,38000,0.0,0.0,0.0
2019-07-30 00:00:00-04:00,86.74222166703159,87.17451058888823,86.74222166703159,86.96818542480469,22400,0.0,0.0,0.0
2019-07-31 00:00:00-04:00,87.15486702147695,87.3120657368192,85.33729997530412,85.95625305175781,73500,0.0,0.0,0.0
2019-08-01 00:00:00-04:00,86.09379708684742,87.4201368698553,85.4748440182517,85.58291625976562,52800,0.0,0.0,0.0
2019-08-02 00:00:00-04:00,85.2488646143923,85.2488646143923,84.26639523658342,84.72815704345703,42200,0.0,0.0,0.0
2019-08-05 00:00:00-04:00,83.13656306737917,83.13656306737917,81.26986971406646,81.98706817626953,77100,0.0,0.0,0.0
2019-08-06 00:00:00-04:00,82.77304125405732,83.30357559302674,82.31127946852952,83.18567657470703,111100,0.0,0.0,0.0
2019-08-07 00:00:00-04:00,82.4291868794265,83.7751652046321,81.70216159821454,83.57867431640625,56200,0.0,0.0,0.0
2019-08-08 00:00:00-04:00,84.10919383135519,85.33728040464837,84.04042128307658,85.32745361328125,35200,0.0,0.0,0.0
2019-08-09 00:00:00-04:00,85.04253070880962,85.22920225356216,84.25655985400242,84.78709411621094,56300,0.0,0.0,0.0
2019-08-12 00:00:00-04:00,84.20744101696496,84.51200409489662,83.57866127795693,83.89305114746094,39200,0.0,0.0,0.0
2019-08-13 00:00:00-04:00,83.8046377326413,85.68115027503038,83.8046377326413,85.35693359375,51200,0.0,0.0,0.0
2019-08-14 00:00:00-04:00,84.1484905016158,84.35480813909716,82.82215854886678,82.83197784423828,124000,0.0,0.0,0.0
2019-08-15 00:00:00-04:00,83.1365676278035,83.25445916468918,82.45866130812264,83.04814147949219,46400,0.0,0.0,0.0
2019-08-16 00:00:00-04:00,83.74568028288527,84.41375970072534,83.7358609868383,84.27621459960938,42500,0.0,0.0,0.0
2019-08-19 00:00:00-04:00,85.25868855628018,85.53377877356543,85.07201698213107,85.33728790283203,42400,0.0,0.0,0.0
2019-08-20 00:00:00-04:00,85.36676850862119,85.49448683659037,84.88536058480993,84.89518737792969,390900,0.0,0.0,0.0
2019-08-21 00:00:00-04:00,85.64184478121258,85.91693497851873,85.53377256146435,85.70079803466797,85100,0.0,0.0,0.0
2019-08-22 00:00:00-04:00,85.94641840128745,86.06430992108803,84.98359518092225,85.52395629882812,46800,0.0,0.0,0.0
2019-08-23 00:00:00-04:00,85.22922036028845,85.77940082510241,83.06779068082223,83.30358123779297,101800,0.0,0.0,0.0
2019-08-26 00:00:00-04:00,84.17798334522007,84.33517456054688,83.6474489391538,84.33517456054688,139800,0.0,0.0,0.0
2019-08-27 00:00:00-04:00,84.81657917133745,84.9049978132456,83.86358272065898,84.07972717285156,44700,0.0,0.0,0.0
2019-08-28 00:00:00-04:00,83.79480985962257,84.55130794387281,83.4411203019963,84.54148864746094,58000,0.0,0.0,0.0
2019-08-29 00:00:00-04:00,85.32746330155913,85.84817086845449,85.10149954397826,85.65167999267578,38000,0.0,0.0,0.0
2019-08-30 00:00:00-04:00,86.10361700589962,86.10361700589962,85.08184793766605,85.53378295898438,37500,0.0,0.0,0.0
2019-09-03 00:00:00-04:00,84.94429213820929,85.23903591730617,84.55130293129535,84.8263931274414,116800,0.0,0.0,0.0
2019-09-04 00:00:00-04:00,85.52395287003198,85.74991660435447,85.20956300375822,85.72044372558594,277100,0.0,0.0,0.0
2019-09-05 00:00:00-04:00,86.5457150469662,87.15484869737757,86.34922418974742,87.00747680664062,68700,0.0,0.0,0.0
2019-09-06 00:00:00-04:00,87.15486665662051,87.16469345020009,86.84047672289944,86.8601303100586,67400,0.0,0.0,0.0
2019-09-09 00:00:00-04:00,87.20399405194436,87.20399405194436,85.9955532808718,86.368896484375,161500,0.0,0.0,0.0
2019-09-10 00:00:00-04:00,85.91693154802935,85.91693154802935,85.16043353564287,85.89728546142578,47600,0.0,0.0,0.0
2019-09-11 00:00:00-04:00,86.0544958639005,86.58503026845155,86.0544958639005,86.54573059082031,33500,0.0,0.0,0.0
2019-09-12 00:00:00-04:00,87.0959039970188,87.43976674915034,86.94853210449219,86.94853210449219,36900,0.0,0.0,0.0
2019-09-13 00:00:00-04:00,86.88959124247891,87.04678243989234,86.63414711408006,86.66361999511719,62800,0.0,0.0,0.0
2019-09-16 00:00:00-04:00,86.22151707778201,86.48678051903578,86.1723906092755,86.35906219482422,19600,0.0,0.0,0.0
2019-09-17 00:00:00-04:00,86.39836232065099,86.77169799804688,86.39836232065099,86.77169799804688,170000,0.0,0.0,0.0
2019-09-18 00:00:00-04:00,86.69307473219439,86.87974626722277,85.96604966806781,86.83061981201172,87200,0.0,0.0,0.0
2019-09-19 00:00:00-04:00,86.98783702276732,87.44959881590341,86.94853734934657,87.0860824584961,30900,0.0,0.0,0.0
2019-09-20 00:00:00-04:00,87.28257833844377,87.3808312754568,86.27063605064183,86.35906219482422,45700,0.0,0.0,0.0
2019-09-23 00:00:00-04:00,86.16255739278905,86.53590053605274,86.14291130423914,86.290283203125,103900,0.0,0.0,0.0
2019-09-24 00:00:00-04:00,86.77020523516644,86.95743849195784,85.15404306942871,85.48909759521484,46800,0.267,0.0,0.0
2019-09-25 00:00:00-04:00,85.50881251852506,86.24791142217839,84.88797214611728,86.10009765625,33900,0.0,0.0,0.0
2019-09-26 00:00:00-04:00,86.04096597780129,86.20850077931324,85.45954510671025,85.94242095947266,34300,0.0,0.0,0.0
2019-09-27 00:00:00-04:00,86.28733319407952,86.28733319407952,84.75986659759796,85.19346618652344,36700,0.0,0.0,0.0
2019-09-30 00:00:00-04:00,85.4201197595701,86.02125410435771,85.4201197595701,85.79459381103516,40100,0.0,0.0,0.0
2019-10-01 00:00:00-04:00,86.16907666713092,86.36616669326423,84.95695120275366,85.05549621582031,93700,0.0,0.0,0.0
2019-10-02 00:00:00-04:00,84.44450517014702,84.44450517014702,83.07470930946968,83.5181655883789,63800,0.0,0.0,0.0
2019-10-03 00:00:00-04:00,83.43933914896458,84.41495513916016,82.65097147673434,84.41495513916016,40700,0.0,0.0,0.0
2019-10-04 00:00:00-04:00,84.75985421028237,86.01139156222149,84.75985421028237,85.64677429199219,68200,0.0,0.0,0.0
2019-10-07 00:00:00-04:00,85.3905551826372,85.94241325057918,85.30185941114522,85.36099243164062,33900,0.0,0.0,0.0
2019-10-08 00:00:00-04:00,84.8879692607115,85.12447879666064,84.09959411621094,84.09959411621094,33500,0.0,0.0,0.0
2019-10-09 00:00:00-04:00,84.85839627293761,85.3215660505766,84.63173600272006,84.9963607788086,38800,0.0,0.0,0.0
2019-10-10 00:00:00-04:00,85.00622294723087,85.81430404100134,85.00622294723087,85.51866149902344,30900,0.0,0.0,0.0
2019-10-11 00:00:00-04:00,86.40558060996318,87.03627767497369,86.37601785980675,86.4548568725586,54200,0.0,0.0,0.0
2019-10-14 00:00:00-04:00,86.33659866359304,86.70122346000362,86.33659866359304,86.46470642089844,34300,0.0,0.0,0.0
2019-10-15 00:00:00-04:00,86.8293238031634,87.58812856295258,86.78004754459855,87.43045806884766,41700,0.0,0.0,0.0
2019-10-16 00:00:00-04:00,87.1249645888577,87.21365283031298,86.73077708366449,87.1939468383789,60500,0.0,0.0,0.0
2019-10-17 00:00:00-04:00,87.65711530209619,87.70639156318411,87.22351578223024,87.35162353515625,87200,0.0,0.0,0.0
2019-10-18 00:00:00-04:00,87.32206433151948,87.36148383829003,86.38587548085086,86.6716537475586,38900,0.0,0.0,0.0
2019-10-21 00:00:00-04:00,87.07569940431904,87.28264617919922,86.84903911649658,87.28264617919922,74300,0.0,0.0,0.0
2019-10-22 00:00:00-04:00,87.39105458897527,87.5487251119893,86.4745716485412,86.48442840576172,33400,0.0,0.0,0.0
2019-10-23 00:00:00-04:00,86.46470509402536,86.68150861729369,86.28732107666963,86.62238311767578,87100,0.0,0.0,0.0
2019-10-24 00:00:00-04:00,87.13483053374735,87.27279505924457,86.8194819728247,87.2333755493164,41700,0.0,0.0,0.0
2019-10-25 00:00:00-04:00,86.81948273275901,87.6768401645701,86.81948273275901,87.63742065429688,31500,0.0,0.0,0.0
2019-10-28 00:00:00-04:00,88.011883526377,88.41592781639373,88.011883526377,88.3173828125,39500,0.0,0.0,0.0
2019-10-29 00:00:00-04:00,88.33710154344172,88.46520931512559,87.99219022082903,88.06117248535156,61100,0.0,0.0,0.0
2019-10-30 00:00:00-04:00,88.11043691842477,88.65243820444081,87.86407064700786,88.5341796875,81400,0.0,0.0,0.0
2019-10-31 00:00:00-04:00,88.72142348270553,88.80026249668569,88.1005831642417,88.41593170166016,58600,0.0,0.0,0.0
2019-11-01 00:00:00-04:00,88.81997370497946,89.17474177021414,88.8002677095787,89.12547302246094,161800,0.0,0.0,0.0
2019-11-04 00:00:00-05:00,89.53935948827704,89.63790449446745,89.28313645738034,89.33241271972656,53600,0.0,0.0,0.0
2019-11-05 00:00:00-05:00,89.55907058397575,89.55907058397575,88.93823024295726,89.0761947631836,83600,0.0,0.0,0.0
2019-11-06 00:00:00-05:00,89.16488073386347,89.21414947509766,88.84953221965844,89.21414947509766,56600,0.0,0.0,0.0
2019-11-07 00:00:00-05:00,89.64775980928052,89.9532515791097,89.35211727696058,89.49008178710938,113900,0.0,0.0,0.0
2019-11-08 00:00:00-05:00,89.49009736758943,89.88428497314453,89.28315056633622,89.88428497314453,65900,0.0,0.0,0.0
2019-11-11 00:00:00-05:00,89.46052273797122,89.83500429686654,89.44081674363568,89.77587127685547,29100,0.0,0.0,0.0
2019-11-12 00:00:00-05:00,89.89411983850106,90.36713883516789,89.88426308317425,90.10106658935547,64500,0.0,0.0,0.0
2019-11-13 00:00:00-05:00,89.835005817763,90.32773838801795,89.835005817763,90.19962310791016,189900,0.0,0.0,0.0
2019-11-14 00:00:00-05:00,90.02223576297823,90.37700380196254,89.89412800609581,90.30802154541016,51100,0.0,0.0,0.0
2019-11-15 00:00:00-05:00,90.95844238085209,91.14567565917969,90.57411154836,91.14567565917969,55000,0.0,0.0,0.0
2019-11-18 00:00:00-05:00,91.0668343625817,91.36246938428111,90.93871908652672,91.28363037109375,44300,0.0,0.0,0.0
2019-11-19 00:00:00-05:00,91.62855433267683,91.62855433267683,91.17523374057951,91.41175079345703,97300,0.0,0.0,0.0
2019-11-20 00:00:00-05:00,91.22450807064449,91.470874356621,90.46570321797786,90.97814178466797,66900,0.0,0.0,0.0
2019-11-21 00:00:00-05:00,91.10624899602952,91.10624899602952,90.60366718899695,90.77119445800781,51700,0.0,0.0,0.0
2019-11-22 00:00:00-05:00,90.9781443868048,90.9781443868048,90.49526855766038,90.85003662109375,32000,0.0,0.0,0.0
2019-11-25 00:00:00-05:00,91.1555109613037,91.75664520263672,91.1555109613037,91.75664520263672,54900,0.0,0.0,0.0
2019-11-26 00:00:00-05:00,91.83550316416341,92.1508517232005,91.83550316416341,92.04244995117188,78800,0.0,0.0,0.0
2019-11-27 00:00:00-05:00,92.2986696072378,92.55488513305306,92.16069756914179,92.5351791381836,56700,0.0,0.0,0.0
2019-11-29 00:00:00-05:00,92.38735531729857,92.45633757519539,92.21982805076374,92.2789535522461,32100,0.0,0.0,0.0
2019-12-02 00:00:00-05:00,92.41692171608426,92.41692171608426,90.93872397265744,91.21465301513672,129500,0.0,0.0,0.0
2019-12-03 00:00:00-05:00,90.14048822797616,90.73176574707031,89.94339070927707,90.73176574707031,52200,0.0,0.0,0.0
2019-12-04 00:00:00-05:00,91.18509517001259,91.33291645601022,91.01756788784996,91.14567565917969,55600,0.0,0.0,0.0
2019-12-05 00:00:00-05:00,91.47088120914411,91.47088120914411,90.86974682484735,91.3427734375,107200,0.0,0.0,0.0
2019-12-06 00:00:00-05:00,91.99316389160445,92.25924367407835,91.92418163661156,92.18040466308594,434100,0.0,0.0,0.0
2019-12-09 00:00:00-05:00,92.09171282011147,92.33807910108395,91.89462280273438,91.89462280273438,52600,0.0,0.0,0.0
2019-12-10 00:00:00-05:00,91.86506023115945,92.07200700535971,91.62855070614518,91.70738220214844,42800,0.0,0.0,0.0
2019-12-11 00:00:00-05:00,91.84533387103254,92.23952136991919,91.83548463447373,92.15083312988281,106600,0.0,0.0,0.0
2019-12-12 00:00:00-05:00,92.11142064172944,92.99834070213133,92.0522951438699,92.71255493164062,58000,0.0,0.0,0.0
2019-12-13 00:00:00-05:00,92.62385527195558,93.08702503505258,92.48589077041623,92.99833679199219,58200,0.0,0.0,0.0
2019-12-16 00:00:00-05:00,93.48747057768497,93.94201185871202,93.48747057768497,93.82343292236328,58700,0.255,0.0,0.0
2019-12-17 00:00:00-05:00,93.93213030557932,93.97165661849913,93.6752205799106,93.77403259277344,45100,0.0,0.0,0.0
2019-12-18 00:00:00-05:00,93.9518916885547,94.13963224025589,93.8629556050138,93.92224884033203,47200,0.0,0.0,0.0
2019-12-19 00:00:00-05:00,94.00128699903783,94.51512145996094,94.00128699903783,94.51512145996094,61900,0.0,0.0,0.0
2019-12-20 00:00:00-05:00,94.89061843959864,95.0190808355901,94.70287034630219,94.82144927978516,87800,0.0,0.0,0.0
2019-12-23 00:00:00-05:00,95.15741836578262,95.23646344857582,95.05859881926345,95.08824920654297,92400,0.0,0.0,0.0
2019-12-24 00:00:00-05:00,95.2068266573889,95.2068266573889,94.95979285312018,95.0487289428711,33100,0.0,0.0,0.0
2019-12-26 00:00:00-05:00,95.19693146877434,95.80957794189453,95.19693146877434,95.80957794189453,53300,0.0,0.0,0.0
2019-12-27 00:00:00-05:00,96.17519806517973,96.17519806517973,95.70088986568774,95.89852142333984,73600,0.0,0.0,0.0
2019-12-30 00:00:00-05:00,95.87875224841373,95.87875224841373,94.93014341056123,95.26611328125,49600,0.0,0.0,0.0
2019-12-31 00:00:00-05:00,95.1080108720055,95.43409729003906,94.89061992664978,95.43409729003906,48700,0.0,0.0,0.0
2020-01-02 00:00:00-05:00,96.02697194399026,96.7483139038086,95.87875016716484,96.7483139038086,279600,0.0,0.0,0.0
2020-01-03 00:00:00-05:00,95.61195993157898,96.49139961846933,95.55266669570716,96.0566177368164,75800,0.0,0.0,0.0
2020-01-06 00:00:00-05:00,95.38468962388802,96.68902778597902,95.35504677411579,96.6396255493164,65500,0.0,0.0,0.0
2020-01-07 00:00:00-05:00,96.63962868033637,96.71867376933218,96.29377531812635,96.43211364746094,94000,0.0,0.0,0.0
2020-01-08 00:00:00-05:00,96.38271071980539,97.62776321378487,96.38271071980539,97.18309783935547,55700,0.0,0.0,0.0
2020-01-09 00:00:00-05:00,97.9340780756521,98.21075471921861,97.68704428120012,98.121826171875,68100,0.0,0.0,0.0
2020-01-10 00:00:00-05:00,98.4281453860782,98.48743108413954,97.85502517524156,97.9241943359375,66400,0.0,0.0,0.0
2020-01-13 00:00:00-05:00,98.35897923230462,98.86293029785156,98.24040029368378,98.86293029785156,64500,0.0,0.0,0.0
2020-01-14 00:00:00-05:00,98.84316474207608,98.93210083199283,98.30957081919594,98.41826629638672,61200,0.0,0.0,0.0
2020-01-15 00:00:00-05:00,98.57636777367928,99.14948044915194,98.57636777367928,98.80363464355469,65900,0.0,0.0,0.0
2020-01-16 00:00:00-05:00,99.33722469497046,99.76212310791016,99.1791269923435,99.76212310791016,65200,0.0,0.0,0.0
2020-01-17 00:00:00-05:00,100.0289232293724,100.26607355135322,99.79176536851877,100.22654724121094,85300,0.0,0.0,0.0
2020-01-21 00:00:00-05:00,100.03880834419034,100.42418047989396,100.0091654935783,100.26608276367188,59800,0.0,0.0,0.0
2020-01-22 00:00:00-05:00,100.67119971664734,100.84906433345073,100.27595171385975,100.28582763671875,94400,0.0,0.0,0.0
2020-01-23 00:00:00-05:00,100.16725157964125,100.46368756790619,99.8609245912338,100.45381164550781,52400,0.0,0.0,0.0
2020-01-24 00:00:00-05:00,100.77989501311956,100.82930478282285,99.10995184913641,99.51508331298828,117200,0.0,0.0,0.0
2020-01-27 00:00:00-05:00,97.62776383483306,98.25028631634618,97.17321499438073,97.7759780883789,80100,0.0,0.0,0.0
2020-01-28 00:00:00-05:00,98.31945753838575,99.2186642360394,98.1020665768047,98.98150634765625,74600,0.0,0.0,0.0
2020-01-29 00:00:00-05:00,99.7127162374721,99.9597500116739,98.96173145301434,99.35698699951172,85700,0.0,0.0,0.0
2020-01-30 00:00:00-05:00,98.82339828616395,99.6040259579367,98.49731187791593,99.58425903320312,82900,0.0,0.0,0.0
2020-01-31 00:00:00-05:00,99.73248114429488,99.73248114429488,97.59810559835638,97.86490631103516,116700,0.0,0.0,0.0
2020-02-03 00:00:00-05:00,98.23051435671984,99.3668636957935,98.23051435671984,99.0901870727539,86500,0.0,0.0,0.0
2020-02-04 00:00:00-05:00,100.31547327567583,101.25420615561033,100.23642819624126,101.02693176269531,68100,0.0,0.0,0.0
2020-02-05 00:00:00-05:00,102.1237678464176,102.1237678464176,100.94789212590895,101.45183563232422,72600,0.0,0.0,0.0
2020-02-06 00:00:00-05:00,101.95579150557093,102.3411636352539,101.67911485234964,102.3411636352539,53700,0.0,0.0,0.0
2020-02-07 00:00:00-05:00,102.0249602187374,102.37080603373812,101.6791144037367,101.94590759277344,83700,0.0,0.0,0.0
2020-02-10 00:00:00-05:00,101.61983001712298,103.13168334960938,101.61983001712298,103.13168334960938,141200,0.0,0.0,0.0
2020-02-11 00:00:00-05:00,103.61586118688706,103.76408297968528,102.77594774619514,102.97357177734375,68000,0.0,0.0,0.0
2020-02-12 00:00:00-05:00,103.5565776104057,103.9320662928429,103.3293031849347,103.89253997802734,63700,0.0,0.0,0.0
2020-02-13 00:00:00-05:00,103.2601227783704,104.18897222824197,103.2601227783704,103.70478057861328,74100,0.0,0.0,0.0
2020-02-14 00:00:00-05:00,103.89252839952631,104.10991933734745,103.67513746170516,104.08027648925781,90600,0.0,0.0,0.0
2020-02-18 00:00:00-05:00,103.69490777049539,104.25814451919862,103.5664453727507,104.07039642333984,101400,0.0,0.0,0.0
2020-02-19 00:00:00-05:00,104.64350488645506,105.0387604202113,104.47552373474214,104.83124542236328,68700,0.0,0.0,0.0
2020-02-20 00:00:00-05:00,104.69292046037852,104.86090917237527,103.16131543780638,104.10992431640625,88800,0.0,0.0,0.0
2020-02-21 00:00:00-05:00,103.47751931490663,103.64550048951972,102.12377137737424,102.499267578125,120700,0.0,0.0,0.0
2020-02-24 00:00:00-05:00,98.30956974818469,99.7917725604131,97.86491192006551,98.48743438720703,155800,0.0,0.0,0.0
2020-02-25 00:00:00-05:00,99.25817555417757,99.44592365032277,95.33528523255706,95.72065734863281,369400,0.0,0.0,0.0
2020-02-26 00:00:00-05:00,96.08626645827628,97.7166910752562,95.32540565775149,95.81947326660156,257500,0.0,0.0,0.0
2020-02-27 00:00:00-05:00,93.31949029274305,95.00920057269622,91.15547180175781,91.15547180175781,327300,0.0,0.0,0.0
2020-02-28 00:00:00-05:00,87.83533058620444,91.4321418351489,87.71675165730737,91.37285614013672,413200,0.0,0.0,0.0
2020-03-02 00:00:00-05:00,92.56851126333731,95.91828918457031,91.22464670945858,95.91828918457031,259100,0.0,0.0,0.0
2020-03-03 00:00:00-05:00,96.4716360173231,97.38072612290703,92.19301636832937,92.87482452392578,206900,0.0,0.0,0.0
2020-03-04 00:00:00-05:00,94.9795554613577,96.95582580566406,94.00129621293745,96.95582580566406,95300,0.0,0.0,0.0
2020-03-05 00:00:00-05:00,94.71275407492199,95.71077270264028,93.16138216714114,93.67521667480469,151300,0.0,0.0,0.0
2020-03-06 00:00:00-05:00,90.70093437849924,92.86495296162947,90.04876150291945,92.31159210205078,234500,0.0,0.0,0.0
2020-03-09 00:00:00-04:00,86.08634399270001,89.11003538550428,82.6871563874374,87.00531005859375,240800,0.0,0.0,0.0
2020-03-10 00:00:00-04:00,89.39658929903291,90.78985595703125,86.23455225778049,90.78985595703125,118100,0.0,0.0,0.0
2020-03-11 00:00:00-04:00,88.4875180446919,88.9420593724492,85.7207362230943,86.74839782714844,190700,0.0,0.0,0.0
2020-03-12 00:00:00-04:00,80.69113530582399,84.12984205970133,77.51921423718159,79.05082702636719,349000,0.0,0.0,0.0
2020-03-13 00:00:00-04:00,83.28991660729919,86.33337482147056,79.35713520861368,86.06657409667969,300400,0.0,0.0,0.0
2020-03-16 00:00:00-04:00,77.35122827981944,81.0765024959982,75.86902536427192,76.13582611083984,319700,0.0,0.0,0.0
2020-03-17 00:00:00-04:00,77.64767057135118,80.93816279780395,75.96783610535148,79.66346740722656,518600,0.0,0.0,0.0
2020-03-18 00:00:00-04:00,75.127914566512,77.81564339211653,72.67734360590055,77.24252319335938,218900,0.0,0.0,0.0
2020-03-19 00:00:00-04:00,76.19510312406662,79.7820310565653,74.80182892371195,77.5488510131836,546200,0.0,0.0,0.0
2020-03-20 00:00:00-04:00,78.67532347070073,79.35713159875255,74.07061004638672,74.07061004638672,238700,0.0,0.0,0.0
2020-03-23 00:00:00-04:00,73.69512353950925,74.29788660246638,71.00739464347875,72.58840942382812,353000,0.0,0.0,0.0
2020-03-24 00:00:00-04:00,76.85715788817708,79.3373794555664,76.29392110199989,79.3373794555664,282600,0.0,0.0,0.0
2020-03-25 00:00:00-04:00,80.09071185677952,82.69762205791766,78.49484440501337,79.73387145996094,221800,0.25,0.0,0.0
2020-03-26 00:00:00-04:00,80.44755092844335,84.59085007201429,80.44755092844335,84.41243743896484,312900,0.0,0.0,0.0
2020-03-27 00:00:00-04:00,82.13262623648949,83.6392798117502,81.01254849838188,81.43877410888672,192500,0.0,0.0,0.0
2020-03-30 00:00:00-04:00,82.47954276482986,84.53137103343873,81.9938463316593,84.31330108642578,346300,0.0,0.0,0.0
2020-03-31 00:00:00-04:00,84.20426597511015,85.3838220161569,83.13375246981154,83.47076416015625,161500,0.0,0.0,0.0
2020-04-01 00:00:00-04:00,80.59622219398278,81.75595716043993,79.1787750682421,79.8329849243164,321400,0.0,0.0,0.0
2020-04-02 00:00:00-04:00,79.4761485096263,81.51806259385081,79.15895789884948,81.5081558227539,254400,0.0,0.0,0.0
2020-04-03 00:00:00-04:00,81.30989342071449,81.75594760565872,79.37701463988111,80.27902221679688,136600,0.0,0.0,0.0
2020-04-06 00:00:00-04:00,83.46084690871967,86.43451139566817,82.88594418868206,86.06776428222656,163700,0.0,0.0,0.0
2020-04-07 00:00:00-04:00,88.94231402118976,89.04143466483377,85.65145874023438,85.65145874023438,443700,0.0,0.0,0.0
2020-04-08 00:00:00-04:00,86.86074315070631,89.22976208966902,85.85961481347498,88.19889831542969,447200,0.0,0.0,0.0
2020-04-09 00:00:00-04:00,89.17029009552239,89.39827438042056,88.08986223156147,88.7837142944336,277400,0.0,0.0,0.0
2020-04-13 00:00:00-04:00,88.66475434897316,89.10089420041226,87.26713605787332,88.95220947265625,424700,0.0,0.0,0.0
2020-04-14 00:00:00-04:00,91.01396115270964,92.66929930320686,90.54808582070164,92.50079345703125,221200,0.0,0.0,0.0
2020-04-15 00:00:00-04:00,90.8256248343616,91.89614588716168,90.4093136124127,91.3014144897461,234100,0.0,0.0,0.0
2020-04-16 00:00:00-04:00,91.98536113509127,92.76841948993523,91.13291001312884,92.40167236328125,119700,0.0,0.0,0.0
2020-04-17 00:00:00-04:00,94.48324265936273,94.48324265936273,92.49088512483357,93.78939056396484,270200,0.0,0.0,0.0
2020-04-20 00:00:00-04:00,93.01622532839787,93.77947014623825,92.45122935525247,92.50079345703125,206200,0.0,0.0,0.0
2020-04-21 00:00:00-04:00,91.41045530169164,91.41045530169164,88.89275158143899,89.27932739257812,124600,0.0,0.0,0.0
2020-04-22 00:00:00-04:00,91.20229540214129,92.22325237151722,90.7364200714738,91.638427734375,354100,0.0,0.0,0.0
2020-04-23 00:00:00-04:00,92.23317080318952,93.26403458876837,91.5591398280523,91.68799591064453,121900,0.0,0.0,0.0
2020-04-24 00:00:00-04:00,92.02500289989077,93.17482350071226,91.48974993045465,93.12525939941406,280500,0.0,0.0,0.0
2020-04-27 00:00:00-04:00,93.98762466830497,94.1660448452454,93.54157800716395,93.88850402832031,155800,0.0,0.0,0.0
2020-04-28 00:00:00-04:00,94.81032931293103,95.01848490139571,92.31244712651652,92.41157531738281,117600,0.0,0.0,0.0
2020-04-29 00:00:00-04:00,94.55261937334744,95.68261129142029,94.03718751485209,95.23656463623047,129200,0.0,0.0,0.0
2020-04-30 00:00:00-04:00,95.3158650171973,95.75199734366164,94.70130495217111,95.41498565673828,348400,0.0,0.0,0.0
2020-05-01 00:00:00-04:00,93.53166691099011,94.43367459720955,92.67921576526783,92.95675659179688,154600,0.0,0.0,0.0
2020-05-04 00:00:00-04:00,92.39176472763123,93.84886169433594,92.24307997466573,93.84886169433594,234600,0.0,0.0,0.0
2020-05-05 00:00:00-04:00,94.7508670279138,95.99980833389371,94.67157504909926,94.97885131835938,183000,0.0,0.0,0.0
2020-05-06 00:00:00-04:00,95.65287500482307,95.97006558317128,94.9887584130346,95.05814361572266,324100,0.0,0.0,0.0
2020-05-07 00:00:00-04:00,96.23770116145204,96.55489933221375,95.78174013461302,96.17823028564453,140200,0.0,0.0,0.0
2020-05-08 00:00:00-04:00,97.04058967368107,97.41725113406225,96.72339908535476,97.31813049316406,103700,0.0,0.0,0.0
2020-05-11 00:00:00-04:00,96.76305631929675,98.5670793475336,96.64410700359011,98.12102508544922,160300,0.0,0.0,0.0
2020-05-12 00:00:00-04:00,98.54724207787154,98.7256622546463,96.29717254638672,96.29717254638672,327300,0.0,0.0,0.0
2020-05-13 00:00:00-04:00,96.29717776853485,97.03067961842179,93.9479799073415,94.95903015136719,163300,0.0,0.0,0.0
2020-05-14 00:00:00-04:00,94.35438110419963,95.90068429140439,93.60105061399362,95.8907699584961,181200,0.0,0.0,0.0
2020-05-15 00:00:00-04:00,95.07797621949176,96.73331451416016,94.79052104146335,96.73331451416016,780600,0.0,0.0,0.0
2020-05-18 00:00:00-04:00,98.72566216744612,99.12215228908647,98.06154556209005,98.70584106445312,168500,0.0,0.0,0.0
2020-05-19 00:00:00-04:00,98.65627818702634,99.47899387621115,98.1606674194336,98.1606674194336,416600,0.0,0.0,0.0
2020-05-20 00:00:00-04:00,99.57811084988425,99.97460096184015,99.35013414014303,99.81600189208984,318700,0.0,0.0,0.0
2020-05-21 00:00:00-04:00,99.9151260076944,100.12328160641806,98.73557005250738,98.96354675292969,187400,0.0,0.0,0.0
2020-05-22 00:00:00-04:00,99.06268445817673,99.45916702956609,98.54724501549808,99.36004638671875,304900,0.0,0.0,0.0
2020-05-26 00:00:00-04:00,101.38213629824479,101.38213629824479,99.39969324958949,99.54837799072266,181500,0.0,0.0,0.0
2020-05-27 00:00:00-04:00,99.75653651221728,100.2025831862033,97.78400773876442,100.1629409790039,206200,0.0,0.0,0.0
2020-05-28 00:00:00-04:00,100.27197685587323,101.8083657397354,100.11337777596933,100.3611831665039,161800,0.0,0.0,0.0
2020-05-29 00:00:00-04:00,100.38100001758733,101.34248610211488,99.59794167160265,101.07485961914062,131300,0.0,0.0,0.0
2020-06-01 00:00:00-04:00,101.07486593148572,101.68941847240674,100.76758966102521,101.62003326416016,294400,0.0,0.0,0.0
2020-06-02 00:00:00-04:00,101.84800935338201,102.30397033691406,100.96582282139741,102.30397033691406,183600,0.0,0.0,0.0
2020-06-03 00:00:00-04:00,102.7995802075827,103.15642055032025,102.37335466278061,102.92843627929688,148000,0.0,0.0,0.0
2020-06-04 00:00:00-04:00,102.71037327272629,103.11677015020435,101.4614320808102,101.98677825927734,185400,0.0,0.0,0.0
2020-06-05 00:00:00-04:00,102.9581851509519,104.45492424694514,102.64099455735635,104.17738342285156,154100,0.0,0.0,0.0
2020-06-08 00:00:00-04:00,104.47474609424009,105.15868377685547,103.79080084920493,105.15868377685547,130000,0.0,0.0,0.0
2020-06-09 00:00:00-04:00,104.71263882156833,105.94175136604586,104.702724489075,105.5155258178711,121900,0.0,0.0,0.0
2020-06-10 00:00:00-04:00,106.06070469983796,107.01227647002833,105.78316387883496,106.36798095703125,179500,0.0,0.0,0.0
2020-06-11 00:00:00-04:00,104.08817173099249,104.56395381557347,100.618896484375,100.618896484375,313800,0.0,0.0,0.0
2020-06-12 00:00:00-04:00,103.35466748114236,103.39431725055226,99.90522072910285,101.68941497802734,204600,0.0,0.0,0.0
2020-06-15 00:00:00-04:00,99.64953995984061,102.88710947349216,99.60982187423099,102.47993469238281,136700,0.196,0.0,0.0
2020-06-16 00:00:00-04:00,105.08191229742003,105.34012534256618,103.0857486894522,104.7740478515625,202100,0.0,0.0,0.0
2020-06-17 00:00:00-04:00,105.29045945633406,105.62812381273802,104.58534596657061,104.82369995117188,194700,0.0,0.0,0.0
2020-06-18 00:00:00-04:00,104.43637934686231,105.07197478915468,104.22781772579873,105.01238250732422,256500,0.0,0.0,0.0
2020-06-19 00:00:00-04:00,106.29351757689876,106.29351757689876,104.09872565678745,104.70452880859375,222800,0.0,0.0,0.0
2020-06-22 00:00:00-04:00,104.67473130646222,105.9459222586047,104.46617725121033,105.90619659423828,104500,0.0,0.0,0.0
2020-06-23 00:00:00-04:00,106.90924775871237,107.77325632549264,106.61130906726669,106.86952209472656,88500,0.0,0.0,0.0
2020-06-24 00:00:00-04:00,106.53186010645771,106.81986549408256,103.86037544188862,104.4463119506836,128600,0.0,0.0,0.0
2020-06-25 00:00:00-04:00,104.4661809028004,105.69764623362204,103.52271338913468,105.6380615234375,190900,0.0,0.0,0.0
2020-06-26 00:00:00-04:00,105.50894934907103,105.50894934907103,102.7878056966048,102.92684173583984,175200,0.0,0.0,0.0
2020-06-29 00:00:00-04:00,103.02614640773801,104.08878326416016,101.99330190423218,104.08878326416016,83400,0.0,0.0,0.0
2020-06-30 00:00:00-04:00,104.05899460856033,106.204135017498,104.05899460856033,105.88633728027344,103200,0.0,0.0,0.0
2020-07-01 00:00:00-04:00,106.05516639405354,107.90236812204972,106.0452330836956,107.48526000976562,116500,0.0,0.0,0.0
2020-07-02 00:00:00-04:00,108.39892737322475,109.0146562302127,107.91230124308039,107.99174499511719,151400,0.0,0.0,0.0
2020-07-06 00:00:00-04:00,109.37217890825742,110.77248015804919,109.37217890825742,110.52420043945312,188600,0.0,0.0,0.0
2020-07-07 00:00:00-04:00,110.30571691833337,111.54711555456964,109.62046244652426,109.74957275390625,134300,0.0,0.0,0.0
2020-07-08 00:00:00-04:00,110.36529968572516,111.16973114013672,109.78929648709072,111.16973114013672,257500,0.0,0.0,0.0
2020-07-09 00:00:00-04:00,111.91457749081182,111.94436984716567,109.9879242930358,111.65636444091797,126800,0.0,0.0,0.0
2020-07-10 00:00:00-04:00,111.67621614606938,112.21250125587925,110.38516613524932,112.19264221191406,112800,0.0,0.0,0.0
2020-07-13 00:00:00-04:00,113.34464807596399,114.55625424735291,109.87866551945449,110.10708618164062,1233500,0.0,0.0,0.0
2020-07-14 00:00:00-04:00,109.54101036695042,111.29882736842977,108.16057579452266,111.2491683959961,206400,0.0,0.0,0.0
2020-07-15 00:00:00-04:00,112.18271390084321,112.3515423012064,110.34544538790594,111.4974594116211,201500,0.0,0.0,0.0
2020-07-16 00:00:00-04:00,110.40502473955159,110.87179182828079,109.6105341768791,110.61357879638672,139400,0.0,0.0,0.0
2020-07-17 00:00:00-04:00,111.08034180326526,111.13993408652533,109.99784589419994,110.8519287109375,118700,0.0,0.0,0.0
2020-07-20 00:00:00-04:00,110.94131611752493,113.92067294395281,110.56393364719338,113.6326675415039,109200,0.0,0.0,0.0
2020-07-21 00:00:00-04:00,114.43709167771394,114.43709167771394,112.20257420159028,112.61968231201172,200600,0.0,0.0,0.0
2020-07-22 00:00:00-04:00,112.66932754170944,113.3545819548131,112.19263474929454,113.23540496826172,177800,0.0,0.0,0.0
2020-07-23 00:00:00-04:00,113.1162466956895,113.45390349215344,109.87867688945437,110.36530303955078,138600,0.0,0.0,0.0
2020-07-24 00:00:00-04:00,109.10405280942226,110.40503626126068,108.19038515739673,109.83895874023438,150300,0.0,0.0,0.0
2020-07-27 00:00:00-04:00,110.32557068150064,111.64642058568325,110.16667560365445,111.45773315429688,257500,0.0,0.0,0.0
2020-07-28 00:00:00-04:00,111.34848989051629,111.636495270643,110.33550440498158,110.45468139648438,85700,0.0,0.0,0.0
2020-07-29 00:00:00-04:00,110.96117747793838,112.0138810820863,110.96117747793838,111.7159423828125,256200,0.0,0.0,0.0
2020-07-30 00:00:00-04:00,110.73276174746198,112.29195817930555,110.27592794454753,112.0536117553711,68000,0.0,0.0,0.0
2020-07-31 00:00:00-04:00,114.16894515111768,114.16894515111768,112.27209203669098,114.15901184082031,103600,0.0,0.0,0.0
2020-08-03 00:00:00-04:00,115.20178837938734,115.89696855436677,115.11241131841669,115.618896484375,88500,0.0,0.0,0.0
2020-08-04 00:00:00-04:00,115.51958259719511,115.89696502685547,115.01308986975708,115.89696502685547,144900,0.0,0.0,0.0
2020-08-05 00:00:00-04:00,116.38360987984902,116.69147432367066,116.00621983707809,116.65174865722656,82700,0.0,0.0,0.0
2020-08-06 00:00:00-04:00,116.63188982489636,118.290396623254,116.37367678098742,118.22087860107422,72800,0.0,0.0,0.0
2020-08-07 00:00:00-04:00,117.99245504216753,118.18115005930592,116.13532753330615,116.98941040039062,119400,0.0,0.0,0.0
2020-08-10 00:00:00-04:00,117.23769173950143,117.31713549479781,115.3011052960148,116.58222961425781,307500,0.0,0.0,0.0
2020-08-11 00:00:00-04:00,116.32401176063682,116.67160943037432,114.54632805507968,114.70523071289062,100700,0.0,0.0,0.0
2020-08-12 00:00:00-04:00,115.47986177263607,117.60513556266407,115.47986177263607,117.2575454711914,70600,0.0,0.0,0.0
2020-08-13 00:00:00-04:00,117.63493599358077,118.61812920440488,117.41645619029389,117.80377197265625,82500,0.0,0.0,0.0
2020-08-14 00:00:00-04:00,117.89313962383349,117.99244999501242,117.18802613849881,117.68458557128906,67800,0.0,0.0,0.0
2020-08-17 00:00:00-04:00,118.29039731808105,118.94585187721242,118.29039731808105,118.78695678710938,87900,0.0,0.0,0.0
2020-08-18 00:00:00-04:00,119.1742726656747,120.05814791512677,118.6777131962344,119.8297348022461,171700,0.0,0.0,0.0
2020-08-19 00:00:00-04:00,120.08793379001429,120.45539050525163,119.2338509425189,119.39275360107422,84800,0.0,0.0,0.0
2020-08-20 00:00:00-04:00,118.95577867292306,121.08105247781151,118.95577867292306,120.93208312988281,79900,0.0,0.0,0.0
2020-08-21 00:00:00-04:00,121.02146589019891,121.96492578427114,120.94201456228454,121.83582305908203,84000,0.0,0.0,0.0
2020-08-24 00:00:00-04:00,123.37516313932201,123.50426586744497,121.65706412438429,122.54093933105469,132800,0.0,0.0,0.0
2020-08-25 00:00:00-04:00,122.50122703135938,123.45462036132812,122.02453415482333,123.45462036132812,122000,0.0,0.0,0.0
2020-08-26 00:00:00-04:00,124.19944874594941,126.34458923339844,124.1299307251652,126.34458923339844,90200,0.0,0.0,0.0
2020-08-27 00:00:00-04:00,126.60280625931082,127.18875037599935,125.24223057894618,126.0963134765625,108400,0.0,0.0,0.0
2020-08-28 00:00:00-04:00,126.88087463378906,127.02984398633826,126.2055534688759,126.88087463378906,88000,0.0,0.0,0.0
2020-08-31 00:00:00-04:00,127.12914321492697,128.3506903561425,126.91066342447324,127.67536163330078,130600,0.0,0.0,0.0
2020-09-01 00:00:00-04:00,128.63868332923514,129.47289952568352,128.11233155144333,129.41331481933594,277600,0.0,0.0,0.0
2020-09-02 00:00:00-04:00,130.7242431640625,130.9923743512207,128.4400667068501,130.7242431640625,130400,0.0,0.0,0.0
2020-09-03 00:00:00-04:00,129.01607446772223,129.06573344137584,123.17653073401074,124.32855224609375,239000,0.0,0.0,0.0
2020-09-04 00:00:00-04:00,123.7128202508005,124.88470084811712,117.86335057468251,122.56080627441406,241900,0.0,0.0,0.0
2020-09-08 00:00:00-04:00,118.49894966290911,120.59443119789275,117.41645367307666,117.63493347167969,235300,0.0,0.0,0.0
2020-09-09 00:00:00-04:00,119.83965680539411,122.0841076589205,119.1742689555142,121.1307144165039,236500,0.0,0.0,0.0
2020-09-10 00:00:00-04:00,122.27280305864964,122.6402522065322,118.12156570730022,118.56846618652344,164100,0.0,0.0,0.0
2020-09-11 00:00:00-04:00,119.59137700654628,119.72048731371726,116.81064861205934,118.02224731445312,148300,0.0,0.0,0.0
2020-09-14 00:00:00-04:00,119.89924691706987,120.80298116693531,119.29344378805087,119.94889831542969,117800,0.0,0.0,0.0
2020-09-15 00:00:00-04:00,121.55775214464505,122.09403724782518,120.68380268306451,121.39884948730469,145800,0.0,0.0,0.0
2020-09-16 00:00:00-04:00,121.75637667346177,121.79610233903149,119.53179243982949,119.58145141601562,105700,0.0,0.0,0.0
2020-09-17 00:00:00-04:00,117.18803037345498,118.76708578988216,116.7311965880063,117.97259521484375,311900,0.0,0.0,0.0
2020-09-18 00:00:00-04:00,118.67770966605705,118.67770966605705,115.2017934833692,116.48291778564453,86700,0.0,0.0,0.0
2020-09-21 00:00:00-04:00,113.94053108361283,116.6716079711914,113.61280003864843,116.6716079711914,273100,0.0,0.0,0.0
2020-09-22 00:00:00-04:00,117.78390106971169,118.75716093418157,116.35381499331181,118.5486068725586,102000,0.0,0.0,0.0
2020-09-23 00:00:00-04:00,118.62522286363844,118.62522286363844,114.86345097522913,115.1819076538086,150500,0.247,0.0,0.0
2020-09-24 00:00:00-04:00,114.13697652261024,116.95332472104216,114.13697652261024,115.5600814819336,117100,0.0,0.0,0.0
2020-09-25 00:00:00-04:00,115.69940735310904,118.40629298404447,115.20181830602844,118.17739868164062,156500,0.0,0.0,0.0
2020-09-28 00:00:00-04:00,120.20756346936652,120.20756346936652,119.21238537053173,120.13790130615234,167300,0.0,0.0,0.0
2020-09-29 00:00:00-04:00,120.10804865151438,120.34688927223509,119.60050568895221,119.73983001708984,74400,0.0,0.0,0.0
2020-09-30 00:00:00-04:00,119.80949685267638,121.99888574529717,119.80949685267638,120.78477478027344,91700,0.0,0.0,0.0
2020-10-01 00:00:00-04:00,121.9690253039454,122.40690609685272,121.48139016168446,122.15811157226562,477000,0.0,0.0,0.0
2020-10-02 00:00:00-04:00,119.57064938525278,121.21269475712491,119.25219269921625,119.45122528076172,336400,0.0,0.0,0.0
2020-10-05 00:00:00-04:00,120.37674456044489,121.97898194206975,120.30708239570497,121.88941955566406,843900,0.0,0.0,0.0
2020-10-06 00:00:00-04:00,121.72023572879853,122.15811653951116,119.33181426972844,119.66021728515625,152400,0.0,0.0,0.0
2020-10-07 00:00:00-04:00,120.74495894646239,122.0784939366976,120.74495894646239,121.80979919433594,744500,0.0,0.0,0.0
2020-10-08 00:00:00-04:00,122.79502528736553,122.79502528736553,122.06854952542183,122.3770523071289,121100,0.0,0.0,0.0
2020-10-09 00:00:00-04:00,122.95425099640231,124.27783203125,122.92438927714198,124.27783203125,122400,0.0,0.0,0.0
2020-10-12 00:00:00-04:00,125.82036155924202,128.34811472527102,125.53175901272547,127.26336669921875,211800,0.0,0.0,0.0
2020-10-13 00:00:00-04:00,127.76096605177081,127.99979907109285,126.4473237046503,126.99467468261719,120900,0.0,0.0,0.0
2020-10-14 00:00:00-04:00,127.28328448122295,127.64154162320685,125.25312018274573,126.02935791015625,278300,0.0,0.0,0.0
2020-10-15 00:00:00-04:00,124.09870136764788,125.39243588605436,123.8001525044352,125.12374114990234,159800,0.0,0.0,0.0
2020-10-16 00:00:00-04:00,125.92983472914298,126.60655612496245,124.55649171671796,124.69581604003906,162900,0.0,0.0,0.0
2020-10-19 00:00:00-04:00,125.37254364856635,125.8303246753929,122.27753906943757,122.57608795166016,98700,0.0,0.0,0.0
2020-10-20 00:00:00-04:00,123.01397063943732,124.29775135268034,122.3870111438284,123.14334106445312,95000,0.0,0.0,0.0
2020-10-21 00:00:00-04:00,123.02391998972196,124.0389983153844,122.72536352138258,123.09358215332031,81300,0.0,0.0,0.0
2020-10-22 00:00:00-04:00,123.11347769566589,123.25280201756748,121.3818699858847,122.54622650146484,82200,0.0,0.0,0.0
2020-10-23 00:00:00-04:00,123.00400880498619,123.17318725585938,122.02873854133563,123.17318725585938,60100,0.0,0.0,0.0
2020-10-26 00:00:00-04:00,122.06855122361398,123.05377543147979,119.6204063793554,121.20274353027344,332000,0.0,0.0,0.0
2020-10-27 00:00:00-04:00,121.45154146755023,122.27754114836189,121.15298498764511,121.86951446533203,168900,0.0,0.0,0.0
2020-10-28 00:00:00-04:00,119.42136553698532,119.71992198787017,116.89361238867309,116.97322845458984,194900,0.0,0.0,0.0
2020-10-29 00:00:00-04:00,117.6897563419348,119.97866126292136,117.31158383001966,118.64512634277344,185000,0.0,0.0,0.0
2020-10-30 00:00:00-04:00,117.69971111574553,117.9883136772547,114.7241307082779,116.03776550292969,253800,0.0,0.0,0.0
2020-11-02 00:00:00-05:00,116.98319024409807,117.88879837895777,115.20182051035127,116.44579315185547,120100,0.0,0.0,0.0
2020-11-03 00:00:00-05:00,117.56038099475033,119.3118964988349,116.83390526589773,118.37642669677734,157200,0.0,0.0,0.0
2020-11-04 00:00:00-05:00,122.19791918434464,124.69581832848283,121.63066797395375,123.71058654785156,241400,0.0,0.0,0.0
2020-11-05 00:00:00-05:00,126.5966082989328,127.15390561898523,125.82037057668643,126.61651611328125,163700,0.0,0.0,0.0
2020-11-06 00:00:00-05:00,126.29805391117407,126.99467553087027,124.73561703501534,126.65631103515625,89300,0.0,0.0,0.0
2020-11-09 00:00:00-05:00,129.34330276611914,129.34330276611914,124.33755798722189,124.53659057617188,224100,0.0,0.0,0.0
2020-11-10 00:00:00-05:00,123.64092182156965,123.92952437422115,121.53114916338187,122.70545959472656,215500,0.0,0.0,0.0
2020-11-11 00:00:00-05:00,123.96933395513632,125.2531145980778,123.64092336430348,125.07398223876953,135400,0.0,0.0,0.0
2020-11-12 00:00:00-05:00,125.11379047970317,125.63127974488818,123.84991005566417,124.29774475097656,286900,0.0,0.0,0.0
2020-11-13 00:00:00-05:00,125.02421910785903,125.4222918572684,123.84990867303472,125.19340515136719,81000,0.0,0.0,0.0
2020-11-16 00:00:00-05:00,125.22325813017541,125.99949580846977,125.06402599482983,125.81040954589844,153100,0.0,0.0,0.0
2020-11-17 00:00:00-05:00,125.88007501451814,126.10896931694018,125.31282380450546,125.48200225830078,102200,0.0,0.0,0.0
2020-11-18 00:00:00-05:00,125.40239427095453,125.82036724994249,124.39726226591615,124.42711639404297,149700,0.0,0.0,0.0
2020-11-19 00:00:00-05:00,124.39726083611681,125.2531145980778,123.86981766498867,125.07398223876953,202800,0.0,0.0,0.0
2020-11-20 00:00:00-05:00,125.09388294189749,125.2033531392637,123.98923465400671,124.01909637451172,263800,0.0,0.0,0.0
2020-11-23 00:00:00-05:00,124.62615804501274,124.99436908641204,123.11348306608707,124.02904510498047,114900,0.0,0.0,0.0
2020-11-24 00:00:00-05:00,124.55648821113441,125.73079101961753,123.88971314817096,125.55166625976562,237600,0.0,0.0,0.0
2020-11-25 00:00:00-05:00,125.92983494771819,126.30799988415956,125.65118630059231,126.18858337402344,312100,0.0,0.0,0.0
2020-11-27 00:00:00-05:00,126.91506654733767,127.3031854132079,126.6364178839033,126.96482849121094,98300,0.0,0.0,0.0
2020-11-30 00:00:00-05:00,126.96482358530709,127.08424009781807,125.17349997157898,126.94491577148438,163100,0.0,0.0,0.0
2020-12-01 00:00:00-05:00,128.1590277986094,129.1342980337291,127.68134658745862,128.59690856933594,146900,0.0,0.0,0.0
2020-12-02 00:00:00-05:00,127.94010863379926,128.44765924096708,127.08425476320964,128.2486114501953,254300,0.0,0.0,0.0
2020-12-03 00:00:00-05:00,128.35807191606298,129.0348009458379,127.83062871803311,128.20880126953125,145000,0.0,0.0,0.0
2020-12-04 00:00:00-05:00,128.3680195057986,128.83575439453125,128.11922499839665,128.83575439453125,83000,0.0,0.0,0.0
2020-12-07 00:00:00-05:00,128.8656159127076,129.48262146719,128.83576178492376,129.3632049560547,87100,0.0,0.0,0.0
2020-12-08 00:00:00-05:00,129.06464364069103,129.82097349146713,128.47749223606698,129.5920867919922,106500,0.0,0.0,0.0
2020-12-09 00:00:00-05:00,129.86079309663089,129.86079309663089,127.03448340191215,127.43255615234375,88400,0.0,0.0,0.0
2020-12-10 00:00:00-05:00,126.81554087601235,128.10926780239174,126.37766009864384,127.64153289794922,58800,0.0,0.0,0.0
2020-12-11 00:00:00-05:00,127.02453221001257,127.41265106201172,126.07911605106209,127.41265106201172,91700,0.0,0.0,0.0
2020-12-14 00:00:00-05:00,127.98502350223305,128.91237160357068,127.69583964035041,127.7656478881836,71800,0.254,0.0,0.0
2020-12-15 00:00:00-05:00,128.91237362860488,129.18161010742188,127.85539031634382,129.18161010742188,58700,0.0,0.0,0.0
2020-12-16 00:00:00-05:00,129.29129992925078,130.35824934422922,128.932323023705,130.04913330078125,73800,0.0,0.0,0.0
2020-12-17 00:00:00-05:00,130.87676725476265,131.16593589335045,130.5277564559241,131.03631591796875,68600,0.0,0.0,0.0
2020-12-18 00:00:00-05:00,131.41524032354468,131.41524032354468,129.70014524764377,130.5975799560547,91600,0.0,0.0,0.0
2020-12-21 00:00:00-05:00,129.4508369008507,130.69728226363628,128.2841506517336,130.6175079345703,83300,0.0,0.0,0.0
2020-12-22 00:00:00-05:00,130.89672017165793,131.23574968374575,130.0192177023496,130.9365997314453,190000,0.0,0.0,0.0
2020-12-23 00:00:00-05:00,131.28561267932986,131.28561267932986,130.25854282487362,130.2685089111328,161500,0.0,0.0,0.0
2020-12-24 00:00:00-05:00,130.5776159337993,131.15596842025485,130.4679281309302,130.89671325683594,69500,0.0,0.0,0.0
2020-12-28 00:00:00-05:00,132.07334417751824,132.85112484652328,131.43516477691415,132.68161010742188,90000,0.0,0.0,0.0
2020-12-29 00:00:00-05:00,133.29985746265768,133.44944004877092,132.2827689110021,132.46224975585938,145400,0.0,0.0,0.0
2020-12-30 00:00:00-05:00,133.05056141968265,133.05056141968265,132.1930215851709,132.20298767089844,99400,0.0,0.0,0.0
2020-12-31 00:00:00-05:00,132.38246432458465,132.81124944369378,131.74428490402488,132.6616668701172,69700,0.0,0.0,0.0
2021-01-04 00:00:00-05:00,133.26994625501135,133.26994625501135,128.9323250611375,130.69729614257812,190200,0.0,0.0,0.0
2021-01-05 00:00:00-05:00,130.22862721975022,131.54486570817434,130.22862721975022,131.37535095214844,223800,0.0,0.0,0.0
2021-01-06 00:00:00-05:00,129.53059181968374,131.33545742748078,128.84256678264163,129.5405731201172,157600,0.0,0.0,0.0
2021-01-07 00:00:00-05:00,130.6075225712865,132.72150418728606,130.6075225712865,132.39244079589844,173400,0.0,0.0,0.0
2021-01-08 00:00:00-05:00,133.28988024557557,133.78845839351985,132.15312267687852,133.758544921875,362900,0.0,0.0,0.0
2021-01-11 00:00:00-05:00,132.44231972170473,132.9408979193343,131.6246441742007,131.79415893554688,171900,0.0,0.0,0.0
2021-01-12 00:00:00-05:00,131.83404402090397,132.0932991870699,130.3083808501414,131.2556915283203,165300,0.0,0.0,0.0
2021-01-13 00:00:00-05:00,131.2257684158305,132.59186760763032,131.2257684158305,132.25283813476562,143700,0.0,0.0,0.0
2021-01-14 00:00:00-05:00,132.38246782103025,132.51210301180765,130.66735773008986,130.8169403076172,90400,0.0,0.0,0.0
2021-01-15 00:00:00-05:00,130.92663021366045,131.2856071039322,129.80980476870488,130.1488494873047,541600,0.0,0.0,0.0
2021-01-19 00:00:00-05:00,131.0462875192695,131.8141021797922,130.44800283016238,131.5947265625,221500,0.0,0.0,0.0
2021-01-20 00:00:00-05:00,133.01069209097284,135.24432791297323,132.9508651412102,134.78562927246094,135000,0.0,0.0,0.0
2021-01-21 00:00:00-05:00,135.44374086282744,136.151713308974,135.16453831851646,135.8824920654297,160500,0.0,0.0,0.0
2021-01-22 00:00:00-05:00,135.37394849947168,136.31127795764206,135.36398241293344,135.73292541503906,113800,0.0,0.0,0.0
2021-01-25 00:00:00-05:00,137.1289471648915,137.53776970961556,134.54630062356452,137.07908630371094,111600,0.0,0.0,0.0
2021-01-26 00:00:00-05:00,137.4879261137115,137.61754609623526,136.75999100349895,137.28848266601562,77000,0.0,0.0,0.0
2021-01-27 00:00:00-05:00,136.37109378000767,136.37109378000767,132.9508548823648,133.95797729492188,127400,0.0,0.0,0.0
2021-01-28 00:00:00-05:00,134.48646063118136,136.470807076658,134.30697980681916,134.43661499023438,440500,0.0,0.0,0.0
2021-01-29 00:00:00-05:00,133.70869459391955,133.77850284352016,130.70725938446705,131.51495361328125,102900,0.0,0.0,0.0
2021-02-01 00:00:00-05:00,132.7015671692062,134.7856202620825,132.17307552776677,134.31695556640625,568900,0.0,0.0,0.0
2021-02-02 00:00:00-05:00,135.68307421718802,136.86967751347382,135.68307421718802,136.27139282226562,121000,0.0,0.0,0.0
2021-02-03 00:00:00-05:00,137.26854779985746,137.34832213429058,136.1317901611328,136.1317901611328,86500,0.0,0.0,0.0
2021-02-04 00:00:00-05:00,136.77992320359107,137.50784301757812,136.21155204388526,137.50784301757812,63300,0.0,0.0,0.0
2021-02-05 00:00:00-05:00,137.8867839358973,138.23579475740254,137.26855184506985,137.86683654785156,63100,0.0,0.0,0.0
2021-02-08 00:00:00-05:00,138.41525964745279,138.5548609168822,137.75713285640103,138.4551544189453,83800,0.0,0.0,0.0
2021-02-09 00:00:00-05:00,137.9964648227337,138.82410640801513,137.9964648227337,138.2657012939453,66600,0.0,0.0,0.0
2021-02-10 00:00:00-05:00,139.12325774821198,139.12325774821198,137.00927594679305,137.966552734375,159000,0.0,0.0,0.0
2021-02-11 00:00:00-05:00,138.73436178838745,138.82410220427448,137.81697981228086,138.5050048828125,82800,0.0,0.0,0.0
2021-02-12 00:00:00-05:00,138.1460314750629,139.07339477539062,137.81698327520914,139.07339477539062,77200,0.0,0.0,0.0
2021-02-16 00:00:00-05:00,139.43238423259714,139.53209074549918,138.1859387058258,138.5748291015625,191900,0.0,0.0,0.0
2021-02-17 00:00:00-05:00,137.41811094733103,138.34547424316406,137.059134061105,138.34547424316406,194300,0.0,0.0,0.0
2021-02-18 00:00:00-05:00,137.16882115293373,138.04632358479296,136.31126610781618,137.8369140625,87600,0.0,0.0,0.0
2021-02-19 00:00:00-05:00,138.2557144004471,138.2557144004471,136.4408978531273,136.61041259765625,73600,0.0,0.0,0.0
2021-02-22 00:00:00-05:00,135.08476251602653,135.30413811493494,133.9180914938666,133.98788452148438,110200,0.0,0.0,0.0
2021-02-23 00:00:00-05:00,132.15311584031858,134.43661216039592,130.14883726681128,133.71865844726562,190500,0.0,0.0,0.0
2021-02-24 00:00:00-05:00,132.94089426006238,134.82551918661076,131.88389572924694,134.7357635498047,80600,0.0,0.0,0.0
2021-02-25 00:00:00-05:00,133.60899666037093,134.57623962286257,130.0790543477685,130.5975799560547,99800,0.0,0.0,0.0
2021-02-26 00:00:00-05:00,131.85397969286262,132.7514295356905,129.94942263106012,130.9465789794922,122600,0.0,0.0,0.0
2021-03-01 00:00:00-05:00,132.92094074891494,134.53632912142385,132.41238128690438,134.32693481445312,111600,0.0,0.0,0.0
2021-03-02 00:00:00-05:00,134.61610343664785,134.61610343664785,132.76139206957146,132.7913055419922,114400,0.0,0.0,0.0
2021-03-03 00:00:00-05:00,132.1730742272355,132.66167108975975,129.3511199951172,129.3511199951172,136000,0.0,0.0,0.0
2021-03-04 00:00:00-05:00,129.24143923419624,130.64743338401766,126.14028227865062,127.52632904052734,150200,0.0,0.0,0.0
2021-03-05 00:00:00-05:00,128.9921389793845,129.84969400202993,125.3824304513258,129.59043884277344,137900,0.0,0.0,0.0
2021-03-08 00:00:00-05:00,129.5106658446875,130.3881530471751,126.75851231098166,126.87816619873047,122400,0.0,0.0,0.0
2021-03-09 00:00:00-05:00,129.48074694393054,131.71436723704605,129.48074694393054,130.92662048339844,236100,0.0,0.0,0.0
2021-03-10 00:00:00-05:00,132.432328680206,132.432328680206,130.68730511683975,130.8169403076172,155700,0.0,0.0,0.0
2021-03-11 00:00:00-05:00,132.66167656857996,133.92806941686862,132.25285402120377,133.41952514648438,123100,0.0,0.0,0.0
2021-03-12 00:00:00-05:00,131.79414438114324,132.61181983834905,131.1360175812553,132.52206420898438,154200,0.0,0.0,0.0
2021-03-15 00:00:00-04:00,132.6217928395021,133.65882873535156,132.05340642394168,133.65882873535156,77200,0.0,0.0,0.0
2021-03-16 00:00:00-04:00,134.4864591931559,135.53347630359784,133.78845285799358,134.2969970703125,176000,0.0,0.0,0.0
2021-03-17 00:00:00-04:00,133.0705128842728,135.16454732148082,132.56196861941874,134.3767852783203,104300,0.0,0.0,0.0
2021-03-18 00:00:00-04:00,132.73147790206207,133.1303343425153,131.00640173477478,131.18588256835938,68400,0.0,0.0,0.0
2021-03-19 00:00:00-04:00,131.38531913540103,131.80412298910264,130.3582492813569,131.36538696289062,229500,0.0,0.0,0.0
2021-03-22 00:00:00-04:00,131.85398644685978,134.0078479214966,131.85398644685978,133.3995819091797,55800,0.0,0.0,0.0
2021-03-23 00:00:00-04:00,133.71868138107826,134.65599563054712,132.97081406958543,133.1702423095703,286600,0.0,0.0,0.0
2021-03-24 00:00:00-04:00,133.5491431143764,133.61895136250925,131.4551239013672,131.4551239013672,62900,0.0,0.0,0.0
2021-03-25 00:00:00-04:00,130.92176529093717,131.84065286081983,129.98289759725714,131.36123657226562,166300,0.216,0.0,0.0
2021-03-26 00:00:00-04:00,131.3212716396229,133.44870515725995,131.3212716396229,133.2888946533203,157300,0.0,0.0,0.0
2021-03-29 00:00:00-04:00,133.04920597996022,133.89817078201162,132.2102083797855,133.53860473632812,85600,0.0,0.0,0.0
2021-03-30 00:00:00-04:00,132.95930250912147,132.95930250912147,131.97050731770437,132.6796417236328,92800,0.0,0.0,0.0
2021-03-31 00:00:00-04:00,133.40876372514057,135.0867283403497,133.40876372514057,134.37757873535156,112800,0.0,0.0,0.0
2021-04-01 00:00:00-04:00,135.63607089794678,136.3751678466797,135.63607089794678,136.3751678466797,83400,0.0,0.0,0.0
2021-04-05 00:00:00-04:00,137.45386311498996,139.2916534878543,137.28407016430637,139.06192016601562,231700,0.0,0.0,0.0
2021-04-06 00:00:00-04:00,139.0719166891325,139.5613154133866,138.65242553675665,138.92208862304688,275900,0.0,0.0,0.0
2021-04-07 00:00:00-04:00,138.78225517949414,139.82100821612764,138.63244235707995,139.6012725830078,126900,0.0,0.0,0.0
2021-04-08 00:00:00-04:00,140.6799733483957,141.04952181108246,140.4902002760856,140.97959899902344,91800,0.0,0.0,0.0
2021-04-09 00:00:00-04:00,140.7898494897125,142.38790893554688,140.520171147837,142.38790893554688,135200,0.0,0.0,0.0
2021-04-12 00:00:00-04:00,141.84855480438895,142.55768914319017,141.6687641790969,142.4278564453125,150300,0.0,0.0,0.0
2021-04-13 00:00:00-04:00,142.62761152572472,144.05587788067734,142.62761152572472,143.81617736816406,83800,0.0,0.0,0.0
2021-04-14 00:00:00-04:00,143.96600371713942,143.96600371713942,141.95843553434565,142.14820861816406,255400,0.0,0.0,0.0
2021-04-15 00:00:00-04:00,143.55649226128787,144.6252079276399,143.22688879148873,144.59524536132812,126200,0.0,0.0,0.0
2021-04-16 00:00:00-04:00,144.954800450205,144.954800450205,143.9859702383063,144.72506713867188,89100,0.0,0.0,0.0
2021-04-19 00:00:00-04:00,144.22568359954238,144.67515258105595,143.26685098381793,143.77622985839844,67400,0.0,0.0,0.0
2021-04-20 00:00:00-04:00,143.4566214962358,144.09584830872203,142.29801813598914,143.0670928955078,70400,0.0,0.0,0.0
2021-04-21 00:00:00-04:00,142.7774273176992,144.0458984375,142.30799348376587,144.0458984375,84200,0.0,0.0,0.0
2021-04-22 00:00:00-04:00,143.68634018875187,144.19571905635038,141.96841526539248,142.34796142578125,162800,0.0,0.0,0.0
2021-04-23 00:00:00-04:00,142.83736307173496,144.6851359802232,142.76745549571973,144.15577697753906,74400,0.0,0.0,0.0
2021-04-26 00:00:00-04:00,144.41544566411687,144.92483974020266,144.02591708612871,144.81497192382812,397900,0.0,0.0,0.0
2021-04-27 00:00:00-04:00,145.0446947316173,145.0446947316173,144.14578728857506,144.46539306640625,70000,0.0,0.0,0.0
2021-04-28 00:00:00-04:00,144.32556490840284,144.91484902438867,144.00594388526997,144.07586669921875,89600,0.0,0.0,0.0
2021-04-29 00:00:00-04:00,145.5740574100056,145.71388779893218,143.32677350487685,144.6451873779297,71900,0.0,0.0,0.0
2021-04-30 00:00:00-04:00,143.60643053889203,144.61520580125128,143.60643053889203,143.79620361328125,138000,0.0,0.0,0.0
2021-05-03 00:00:00-04:00,144.49535777983013,144.8649062522948,143.2968094245003,143.40667724609375,87400,0.0,0.0,0.0
2021-05-04 00:00:00-04:00,142.58766091645484,142.58766091645484,139.91090341003323,141.29922485351562,150400,0.0,0.0,0.0
2021-05-05 00:00:00-04:00,142.09826120719202,142.09826120719202,140.7199222150209,140.919677734375,263000,0.0,0.0,0.0
2021-05-06 00:00:00-04:00,140.83977103288703,141.9584293624521,140.17058166771662,141.928466796875,121100,0.0,0.0,0.0
2021-05-07 00:00:00-04:00,142.8573296519516,143.7063096084115,142.59764901650624,142.9072723388672,109500,0.0,0.0,0.0
2021-05-10 00:00:00-04:00,142.36791861925602,142.36791861925602,139.94085943723016,139.98080444335938,122100,0.0,0.0,0.0
2021-05-11 00:00:00-04:00,137.70355598972623,139.68117667132816,137.47383791714884,139.46144104003906,98500,0.0,0.0,0.0
2021-05-12 00:00:00-04:00,137.49382268880248,138.27287986594277,135.735937579055,135.95567321777344,126900,0.0,0.0,0.0
2021-05-13 00:00:00-04:00,137.07433357012553,138.31282692634215,136.4850342173392,137.3839569091797,193800,0.0,0.0,0.0
2021-05-14 00:00:00-04:00,138.69236662402247,140.18057335901733,138.62244381375143,139.8909149169922,84900,0.0,0.0,0.0
2021-05-17 00:00:00-04:00,139.45145427021717,139.46145195265612,138.28286845257713,139.33160400390625,71200,0.0,0.0,0.0
2021-05-18 00:00:00-04:00,139.5513411643006,139.87094695804882,138.21296237476346,138.3228302001953,69600,0.0,0.0,0.0
2021-05-19 00:00:00-04:00,136.13546889412004,138.33281012235798,136.13546889412004,138.28286743164062,61400,0.0,0.0,0.0
2021-05-20 00:00:00-04:00,138.7722726531016,140.88970849055707,138.7722726531016,140.51016235351562,325500,0.0,0.0,0.0
2021-05-21 00:00:00-04:00,140.98959902538883,141.09946684590219,139.64122261366742,139.68118286132812,93200,0.0,0.0,0.0
2021-05-24 00:00:00-04:00,140.6500113651185,142.21810815790892,140.6500113651185,141.83856201171875,51700,0.0,0.0,0.0
2021-05-25 00:00:00-04:00,142.4578218966069,142.66755984993523,141.67876473207872,141.98838806152344,136000,0.0,0.0,0.0
2021-05-26 00:00:00-04:00,142.23808606072495,142.52772926646392,141.95842529643608,142.22808837890625,82200,0.0,0.0,0.0
2021-05-27 00:00:00-04:00,142.2880375759883,142.47779541752405,141.57888793945312,141.57888793945312,101400,0.0,0.0,0.0
2021-05-28 00:00:00-04:00,142.1182310104451,142.6575876957778,141.81860534122666,141.9084930419922,63800,0.0,0.0,0.0
2021-06-01 00:00:00-04:00,142.50775701991927,142.50775701991927,140.98960285568748,141.1993408203125,67100,0.0,0.0,0.0
2021-06-02 00:00:00-04:00,141.4490374911734,141.94843391247016,141.08947145822498,141.5389404296875,70200,0.0,0.0,0.0
2021-06-03 00:00:00-04:00,140.64001165567768,141.00956011456563,139.83099192656155,140.41029357910156,40700,0.0,0.0,0.0
2021-06-04 00:00:00-04:00,141.199341645616,142.54771810185028,141.1893592035558,142.48779296875,55500,0.0,0.0,0.0
2021-06-07 00:00:00-04:00,142.3479571662173,142.9172611493954,142.0982589608796,142.88729858398438,100000,0.0,0.0,0.0
2021-06-08 00:00:00-04:00,143.39669200200788,143.82616559779086,142.42786175062656,142.93724060058594,64400,0.0,0.0,0.0
2021-06-09 00:00:00-04:00,143.66635237178522,143.90606812977978,143.01714314939014,143.13699340820312,41300,0.0,0.0,0.0
2021-06-10 00:00:00-04:00,143.32000732421875,144.57000732421875,143.32000732421875,144.57000732421875,65200,0.173,0.0,0.0
2021-06-11 00:00:00-04:00,144.61000061035156,144.77999877929688,144.27000427246094,144.75,58500,0.0,0.0,0.0
2021-06-14 00:00:00-04:00,144.97000122070312,146.1999969482422,144.58999633789062,146.1999969482422,56700,0.0,0.0,0.0
2021-06-15 00:00:00-04:00,146.19000244140625,146.19000244140625,145.24000549316406,145.4199981689453,55300,0.0,0.0,0.0
2021-06-16 00:00:00-04:00,145.7100067138672,145.97999572753906,143.61000061035156,144.85000610351562,62200,0.0,0.0,0.0
2021-06-17 00:00:00-04:00,144.41000366210938,146.92999267578125,144.41000366210938,146.6199951171875,96700,0.0,0.0,0.0
2021-06-18 00:00:00-04:00,145.83999633789062,146.2899932861328,145.33999633789062,145.49000549316406,95500,0.0,0.0,0.0
2021-06-21 00:00:00-04:00,145.77999877929688,146.85000610351562,144.86000061035156,146.7100067138672,72400,0.0,0.0,0.0
2021-06-22 00:00:00-04:00,146.75999450683594,148.24000549316406,146.72999572753906,148.02999877929688,132900,0.0,0.0,0.0
2021-06-23 00:00:00-04:00,148.1199951171875,148.5399932861328,147.8000030517578,148.0500030517578,104900,0.0,0.0,0.0
2021-06-24 00:00:00-04:00,149.05999755859375,149.47000122070312,148.57000732421875,148.82000732421875,75200,0.0,0.0,0.0
2021-06-25 00:00:00-04:00,149.11000061035156,149.24000549316406,148.5,148.80999755859375,76500,0.0,0.0,0.0
2021-06-28 00:00:00-04:00,149.3800048828125,150.24000549316406,149.3000030517578,150.2100067138672,128800,0.0,0.0,0.0
2021-06-29 00:00:00-04:00,150.22000122070312,150.86000061035156,150.0,150.82000732421875,51100,0.0,0.0,0.0
2021-06-30 00:00:00-04:00,150.5500030517578,150.8699951171875,150.36000061035156,150.60000610351562,415400,0.0,0.0,0.0
2021-07-01 00:00:00-04:00,150.5,151.10000610351562,150.27999877929688,151.10000610351562,99100,0.0,0.0,0.0
2021-07-02 00:00:00-04:00,151.72999572753906,153.08999633789062,151.6699981689453,152.97999572753906,62500,0.0,0.0,0.0
2021-07-06 00:00:00-04:00,153.32000732421875,154.0,152.47999572753906,153.97000122070312,113400,0.0,0.0,0.0
2021-07-07 00:00:00-04:00,154.75999450683594,154.80999755859375,153.75999450683594,154.5800018310547,236200,0.0,0.0,0.0
2021-07-08 00:00:00-04:00,152.22000122070312,154.02999877929688,151.8800048828125,153.6199951171875,166300,0.0,0.0,0.0
2021-07-09 00:00:00-04:00,153.52999877929688,154.85000610351562,153.49000549316406,154.67999267578125,92300,0.0,0.0,0.0
2021-07-12 00:00:00-04:00,155.2100067138672,155.5399932861328,154.67999267578125,155.27999877929688,78900,0.0,0.0,0.0
2021-07-13 00:00:00-04:00,155.02999877929688,156.47000122070312,154.89999389648438,155.22000122070312,125600,0.0,0.0,0.0
2021-07-14 00:00:00-04:00,156.3300018310547,156.6699981689453,155.52999877929688,155.86000061035156,83400,0.0,0.0,0.0
2021-07-15 00:00:00-04:00,155.83999633789062,155.83999633789062,154.1999969482422,155.00999450683594,94300,0.0,0.0,0.0
2021-07-16 00:00:00-04:00,155.52000427246094,155.77999877929688,153.75,153.91000366210938,160300,0.0,0.0,0.0
2021-07-19 00:00:00-04:00,152.13999938964844,152.42999267578125,151.07000732421875,152.05999755859375,165600,0.0,0.0,0.0
2021-07-20 00:00:00-04:00,152.6699981689453,154.80999755859375,151.97000122070312,154.1999969482422,130400,0.0,0.0,0.0
2021-07-21 00:00:00-04:00,154.3300018310547,155.27000427246094,154.17999267578125,155.27000427246094,187200,0.0,0.0,0.0
2021-07-22 00:00:00-04:00,155.44000244140625,156.44000244140625,155.27999877929688,156.4199981689453,69000,0.0,0.0,0.0
2021-07-23 00:00:00-04:00,157.3699951171875,158.8000030517578,157.0,158.67999267578125,123500,0.0,0.0,0.0
2021-07-26 00:00:00-04:00,158.55999755859375,158.99000549316406,158.1199951171875,158.9499969482422,72000,0.0,0.0,0.0
2021-07-27 00:00:00-04:00,158.69000244140625,158.75999450683594,155.7100067138672,157.27999877929688,143800,0.0,0.0,0.0
2021-07-28 00:00:00-04:00,157.6699981689453,158.1999969482422,156.64999389648438,157.41000366210938,95000,0.0,0.0,0.0
2021-07-29 00:00:00-04:00,157.2100067138672,158.0800018310547,157.2100067138672,157.58999633789062,73600,0.0,0.0,0.0
2021-07-30 00:00:00-04:00,155.9199981689453,156.6999969482422,155.67999267578125,156.35000610351562,116200,0.0,0.0,0.0
2021-08-02 00:00:00-04:00,157.24000549316406,157.24000549316406,155.99000549316406,156.17999267578125,84100,0.0,0.0,0.0
2021-08-03 00:00:00-04:00,156.50999450683594,157.2899932861328,155.47000122070312,157.2899932861328,73800,0.0,0.0,0.0
2021-08-04 00:00:00-04:00,157.22000122070312,157.72000122070312,156.86000061035156,157.35000610351562,60700,0.0,0.0,0.0
2021-08-05 00:00:00-04:00,157.6699981689453,158.4600067138672,157.55999755859375,158.4600067138672,141900,0.0,0.0,0.0
2021-08-06 00:00:00-04:00,158.07000732421875,158.35000610351562,157.52999877929688,157.85000610351562,53200,0.0,0.0,0.0
2021-08-09 00:00:00-04:00,158.07000732421875,158.19000244140625,157.50999450683594,157.9199981689453,645200,0.0,0.0,0.0
2021-08-10 00:00:00-04:00,158.1699981689453,158.2899932861328,156.91000366210938,157.16000366210938,85300,0.0,0.0,0.0
2021-08-11 00:00:00-04:00,157.69000244140625,157.8800048828125,156.49000549316406,156.8699951171875,58200,0.0,0.0,0.0
2021-08-12 00:00:00-04:00,156.85000610351562,157.75999450683594,156.42999267578125,157.6999969482422,103700,0.0,0.0,0.0
2021-08-13 00:00:00-04:00,157.9600067138672,158.3699951171875,157.75999450683594,158.27000427246094,70100,0.0,0.0,0.0
2021-08-16 00:00:00-04:00,157.8300018310547,158.8800048828125,156.47999572753906,158.8800048828125,77800,0.0,0.0,0.0
2021-08-17 00:00:00-04:00,157.72000122070312,158.02999877929688,156.4199981689453,157.41000366210938,96200,0.0,0.0,0.0
2021-08-18 00:00:00-04:00,157.0399932861328,157.83999633789062,155.66000366210938,155.82000732421875,191800,0.0,0.0,0.0
2021-08-19 00:00:00-04:00,154.74000549316406,157.07000732421875,154.4600067138672,156.4600067138672,106400,0.0,0.0,0.0
2021-08-20 00:00:00-04:00,156.91000366210938,158.25,156.91000366210938,158.14999389648438,149500,0.0,0.0,0.0
2021-08-23 00:00:00-04:00,158.52999877929688,160.4199981689453,158.5,160.0500030517578,107100,0.0,0.0,0.0
2021-08-24 00:00:00-04:00,160.3800048828125,160.52999877929688,160.0,160.14999389648438,52000,0.0,0.0,0.0
2021-08-25 00:00:00-04:00,160.4600067138672,160.50999450683594,159.99000549316406,160.14999389648438,81400,0.0,0.0,0.0
2021-08-26 00:00:00-04:00,159.99000549316406,160.16000366210938,159.1999969482422,159.3300018310547,92600,0.0,0.0,0.0
2021-08-27 00:00:00-04:00,159.55999755859375,160.91000366210938,159.41000366210938,160.82000732421875,118400,0.0,0.0,0.0
2021-08-30 00:00:00-04:00,161.22999572753906,162.92999267578125,161.22999572753906,162.74000549316406,62300,0.0,0.0,0.0
2021-08-31 00:00:00-04:00,162.8300018310547,162.8300018310547,161.9600067138672,162.36000061035156,81700,0.0,0.0,0.0
2021-09-01 00:00:00-04:00,162.75,163.47000122070312,162.49000549316406,162.5500030517578,298000,0.0,0.0,0.0
2021-09-02 00:00:00-04:00,163.2100067138672,163.22000122070312,161.9600067138672,162.44000244140625,251800,0.0,0.0,0.0
2021-09-03 00:00:00-04:00,162.13999938964844,163.0800018310547,161.99000549316406,162.99000549316406,202300,0.0,0.0,0.0
2021-09-07 00:00:00-04:00,163.0,163.4600067138672,162.5,163.27000427246094,116700,0.0,0.0,0.0
2021-09-08 00:00:00-04:00,163.16000366210938,163.16000366210938,161.83999633789062,162.80999755859375,76600,0.0,0.0,0.0
2021-09-09 00:00:00-04:00,162.9600067138672,163.47000122070312,162.0,162.00999450683594,143700,0.0,0.0,0.0
2021-09-10 00:00:00-04:00,162.83999633789062,163.11000061035156,160.5399932861328,160.63999938964844,71800,0.0,0.0,0.0
2021-09-13 00:00:00-04:00,161.7100067138672,161.82000732421875,159.72999572753906,160.60000610351562,71800,0.0,0.0,0.0
2021-09-14 00:00:00-04:00,161.1699981689453,161.38999938964844,160.0,160.3000030517578,79000,0.0,0.0,0.0
2021-09-15 00:00:00-04:00,160.5800018310547,161.66000366210938,159.6199951171875,161.42999267578125,129000,0.0,0.0,0.0
2021-09-16 00:00:00-04:00,161.07000732421875,161.72000122070312,160.0800018310547,161.50999450683594,59500,0.0,0.0,0.0
2021-09-17 00:00:00-04:00,161.33999633789062,161.33999633789062,159.27000427246094,159.52999877929688,56800,0.0,0.0,0.0
2021-09-20 00:00:00-04:00,156.9600067138672,157.74000549316406,154.49000549316406,156.5,149500,0.0,0.0,0.0
2021-09-21 00:00:00-04:00,157.41000366210938,157.88999938964844,156.3800048828125,156.80999755859375,120200,0.0,0.0,0.0
2021-09-22 00:00:00-04:00,157.14999389648438,158.72999572753906,156.7899932861328,158.0800018310547,103900,0.0,0.0,0.0
2021-09-23 00:00:00-04:00,158.86000061035156,160.05999755859375,158.66000366210938,159.64999389648438,80800,0.0,0.0,0.0
2021-09-24 00:00:00-04:00,158.49000549316406,159.83999633789062,158.3800048828125,159.6699981689453,85700,0.0,0.0,0.0
2021-09-27 00:00:00-04:00,158.4600067138672,158.72999572753906,157.55999755859375,158.3800048828125,72600,0.0,0.0,0.0
2021-09-28 00:00:00-04:00,156.4499969482422,156.57000732421875,153.6699981689453,153.97000122070312,167600,0.0,0.0,0.0
2021-09-29 00:00:00-04:00,154.5800018310547,155.30999755859375,153.66000366210938,153.86000061035156,100300,0.0,0.0,0.0
2021-09-30 00:00:00-04:00,154.61000061035156,155.0399932861328,152.6300048828125,152.6699981689453,166700,0.0,0.0,0.0
2021-10-01 00:00:00-04:00,153.17999267578125,154.64999389648438,151.6699981689453,154.3300018310547,97100,0.0,0.0,0.0
2021-10-04 00:00:00-04:00,153.6300048828125,153.72000122070312,149.8699951171875,150.99000549316406,350600,0.0,0.0,0.0
2021-10-05 00:00:00-04:00,151.50999450683594,153.9499969482422,151.44000244140625,153.0500030517578,85000,0.0,0.0,0.0
2021-10-06 00:00:00-04:00,151.64999389648438,154.17999267578125,151.22000122070312,154.1199951171875,778100,0.0,0.0,0.0
2021-10-07 00:00:00-04:00,155.4199981689453,156.5399932861328,155.3000030517578,155.57000732421875,193900,0.0,0.0,0.0
2021-10-08 00:00:00-04:00,156.0399932861328,156.0399932861328,154.8800048828125,155.0399932861328,395600,0.0,0.0,0.0
2021-10-11 00:00:00-04:00,154.52999877929688,156.02999877929688,154.08999633789062,154.08999633789062,95800,0.0,0.0,0.0
2021-10-12 00:00:00-04:00,154.77000427246094,154.77999877929688,153.47000122070312,153.74000549316406,96300,0.0,0.0,0.0
2021-10-13 00:00:00-04:00,154.4499969482422,154.89999389648438,153.5,154.64999389648438,82800,0.0,0.0,0.0
2021-10-14 00:00:00-04:00,155.97999572753906,157.39999389648438,155.88999938964844,157.33999633789062,87800,0.0,0.0,0.0
2021-10-15 00:00:00-04:00,158.2100067138672,158.82000732421875,157.69000244140625,158.77000427246094,79200,0.0,0.0,0.0
2021-10-18 00:00:00-04:00,158.22000122070312,160.3699951171875,158.10000610351562,160.27000427246094,89900,0.0,0.0,0.0
2021-10-19 00:00:00-04:00,160.8800048828125,161.52000427246094,160.67999267578125,161.47999572753906,470900,0.0,0.0,0.0
2021-10-20 00:00:00-04:00,161.7899932861328,161.82000732421875,160.75999450683594,161.11000061035156,132300,0.0,0.0,0.0
2021-10-21 00:00:00-04:00,160.83999633789062,162.33999633789062,160.7899932861328,162.3300018310547,71100,0.0,0.0,0.0
2021-10-22 00:00:00-04:00,161.82000732421875,162.30999755859375,160.74000549316406,161.47000122070312,46600,0.0,0.0,0.0
2021-10-25 00:00:00-04:00,162.0399932861328,163.14999389648438,161.17999267578125,162.8800048828125,71400,0.0,0.0,0.0
2021-10-26 00:00:00-04:00,163.83999633789062,164.6699981689453,163.0800018310547,163.35000610351562,182800,0.0,0.0,0.0
2021-10-27 00:00:00-04:00,163.83999633789062,165.27999877929688,163.64999389648438,163.8699951171875,104800,0.0,0.0,0.0
2021-10-28 00:00:00-04:00,164.80999755859375,165.6999969482422,164.52999877929688,165.57000732421875,170000,0.0,0.0,0.0
2021-10-29 00:00:00-04:00,164.0399932861328,166.49000549316406,163.9199981689453,166.44000244140625,123400,0.0,0.0,0.0
2021-11-01 00:00:00-04:00,166.72999572753906,166.7899932861328,165.4199981689453,166.2100067138672,92200,0.0,0.0,0.0
2021-11-02 00:00:00-04:00,166.10000610351562,167.22999572753906,166.10000610351562,167.0399932861328,153700,0.0,0.0,0.0
2021-11-03 00:00:00-04:00,167.24000549316406,168.66000366210938,166.5500030517578,168.52000427246094,68700,0.0,0.0,0.0
2021-11-04 00:00:00-04:00,169.02000427246094,170.7899932861328,168.77000427246094,170.47000122070312,119500,0.0,0.0,0.0
2021-11-05 00:00:00-04:00,171.27999877929688,171.75,170.42999267578125,170.9499969482422,72700,0.0,0.0,0.0
2021-11-08 00:00:00-05:00,171.0,171.4600067138672,170.5399932861328,170.75999450683594,58900,0.0,0.0,0.0
2021-11-09 00:00:00-05:00,171.17999267578125,171.17999267578125,169.17999267578125,169.74000549316406,120800,0.0,0.0,0.0
2021-11-10 00:00:00-05:00,168.47000122070312,169.58999633789062,166.6199951171875,167.4499969482422,107300,0.0,0.0,0.0
2021-11-11 00:00:00-05:00,168.74000549316406,168.74000549316406,167.52999877929688,167.61000061035156,80900,0.0,0.0,0.0
2021-11-12 00:00:00-05:00,168.00999450683594,169.67999267578125,167.5500030517578,169.5800018310547,135000,0.0,0.0,0.0
2021-11-15 00:00:00-05:00,169.97999572753906,170.35000610351562,168.80999755859375,169.57000732421875,129500,0.0,0.0,0.0
2021-11-16 00:00:00-05:00,169.3699951171875,171.3300018310547,169.3699951171875,171.02999877929688,69100,0.0,0.0,0.0
2021-11-17 00:00:00-05:00,171.1300048828125,171.9199981689453,170.7100067138672,171.02999877929688,93900,0.0,0.0,0.0
2021-11-18 00:00:00-05:00,172.0,173.10000610351562,171.42999267578125,172.89999389648438,105800,0.0,0.0,0.0
2021-11-19 00:00:00-05:00,173.5800018310547,174.49000549316406,173.17999267578125,173.82000732421875,177000,0.0,0.0,0.0
2021-11-22 00:00:00-05:00,174.61000061035156,175.75999450683594,171.80999755859375,171.89999389648438,161100,0.0,0.0,0.0
2021-11-23 00:00:00-05:00,171.33999633789062,172.0399932861328,169.50999450683594,171.24000549316406,100500,0.0,0.0,0.0
2021-11-24 00:00:00-05:00,170.32000732421875,172.1999969482422,169.64999389648438,172.1999969482422,163500,0.0,0.0,0.0
2021-11-26 00:00:00-05:00,170.57000732421875,171.14999389648438,167.9199981689453,168.42999267578125,74100,0.0,0.0,0.0
2021-11-29 00:00:00-05:00,170.42999267578125,172.22000122070312,170.17999267578125,171.67999267578125,103600,0.0,0.0,0.0
2021-11-30 00:00:00-05:00,171.1300048828125,172.22999572753906,168.75999450683594,169.47999572753906,160500,0.0,0.0,0.0
2021-12-01 00:00:00-05:00,171.4600067138672,172.1699981689453,166.58999633789062,166.83999633789062,206400,0.0,0.0,0.0
2021-12-02 00:00:00-05:00,166.00999450683594,168.7899932861328,165.8000030517578,167.7100067138672,211300,0.0,0.0,0.0
2021-12-03 00:00:00-05:00,168.9199981689453,169.39999389648438,163.85000610351562,165.52999877929688,170400,0.0,0.0,0.0
2021-12-06 00:00:00-05:00,166.25999450683594,168.02999877929688,164.72000122070312,167.52999877929688,168500,0.0,0.0,0.0
2021-12-07 00:00:00-05:00,170.39999389648438,172.42999267578125,170.27999877929688,172.24000549316406,111700,0.0,0.0,0.0
2021-12-08 00:00:00-05:00,172.4600067138672,173.30999755859375,171.7100067138672,173.19000244140625,141200,0.0,0.0,0.0
2021-12-09 00:00:00-05:00,172.75999450683594,173.4600067138672,171.3000030517578,171.3800048828125,153700,0.0,0.0,0.0
2021-12-10 00:00:00-05:00,172.61000061035156,173.60000610351562,171.6300048828125,173.55999755859375,90800,0.0,0.0,0.0
2021-12-13 00:00:00-05:00,173.2899932861328,173.47999572753906,170.8699951171875,170.9199981689453,96100,0.0,0.0,0.0
2021-12-14 00:00:00-05:00,169.0500030517578,170.1199951171875,167.14999389648438,168.88999938964844,534700,0.0,0.0,0.0
2021-12-15 00:00:00-05:00,168.88999938964844,172.85000610351562,167.50999450683594,172.74000549316406,135600,0.0,0.0,0.0
2021-12-16 00:00:00-05:00,173.2100067138672,173.44000244140625,168.10000610351562,168.75999450683594,128700,0.0,0.0,0.0
2021-12-17 00:00:00-05:00,167.27000427246094,169.25,166.30999755859375,167.74000549316406,167000,0.0,0.0,0.0
2021-12-20 00:00:00-05:00,165.49000549316406,166.0500030517578,164.55999755859375,165.7100067138672,191800,0.0,0.0,0.0
2021-12-21 00:00:00-05:00,167.1699981689453,169.3699951171875,165.6999969482422,169.27000427246094,383000,0.0,0.0,0.0
2021-12-22 00:00:00-05:00,169.22000122070312,171.6300048828125,169.0,171.55999755859375,165300,0.0,0.0,0.0
2021-12-23 00:00:00-05:00,171.97000122070312,173.39999389648438,171.72999572753906,172.86000061035156,193100,0.0,0.0,0.0
2021-12-27 00:00:00-05:00,173.38999938964844,175.63999938964844,173.38999938964844,175.61000061035156,185000,0.0,0.0,0.0
2021-12-28 00:00:00-05:00,176.10000610351562,176.10000610351562,174.72000122070312,175.02999877929688,131900,0.0,0.0,0.0
2021-12-29 00:00:00-05:00,175.14999389648438,175.47000122070312,174.27999877929688,175.0399932861328,109700,0.0,0.0,0.0
2021-12-30 00:00:00-05:00,174.97000122070312,175.75,174.1199951171875,174.27999877929688,126100,0.0,0.0,0.0
2021-12-31 00:00:00-05:00,174.2100067138672,174.4600067138672,173.22000122070312,173.35000610351562,77900,0.0,0.0,0.0
2022-01-03 00:00:00-05:00,173.97999572753906,175.10000610351562,173.1699981689453,175.10000610351562,378100,0.0,0.0,0.0
2022-01-04 00:00:00-05:00,175.3800048828125,175.47999572753906,172.24000549316406,173.42999267578125,211500,0.0,0.0,0.0
2022-01-05 00:00:00-05:00,172.66000366210938,172.6699981689453,168.1699981689453,168.1699981689453,197100,0.0,0.0,0.0
2022-01-06 00:00:00-05:00,167.35000610351562,168.8300018310547,166.2100067138672,167.5800018310547,194600,0.0,0.0,0.0
2022-01-07 00:00:00-05:00,167.66000366210938,168.1300048828125,165.41000366210938,165.99000549316406,179600,0.0,0.0,0.0
2022-01-10 00:00:00-05:00,163.75999450683594,165.8699951171875,161.25,165.6999969482422,534200,0.0,0.0,0.0
2022-01-11 00:00:00-05:00,165.4499969482422,167.5500030517578,164.30999755859375,167.5500030517578,738700,0.0,0.0,0.0
2022-01-12 00:00:00-05:00,168.69000244140625,169.5800018310547,167.6699981689453,168.38999938964844,189800,0.0,0.0,0.0
2022-01-13 00:00:00-05:00,169.00999450683594,169.2100067138672,163.99000549316406,164.22000122070312,309200,0.0,0.0,0.0
2022-01-14 00:00:00-05:00,163.13999938964844,165.0,162.99000549316406,164.89999389648438,147600,0.0,0.0,0.0
2022-01-18 00:00:00-05:00,162.39999389648438,163.1699981689453,160.9199981689453,161.32000732421875,259700,0.0,0.0,0.0
2022-01-19 00:00:00-05:00,161.83999633789062,163.10000610351562,159.22000122070312,159.2899932861328,291600,0.0,0.0,0.0
2022-01-20 00:00:00-05:00,160.6199951171875,162.35000610351562,157.08999633789062,157.2899932861328,198600,0.0,0.0,0.0
2022-01-21 00:00:00-05:00,156.41000366210938,157.69000244140625,153.19000244140625,153.22000122070312,407900,0.0,0.0,0.0
2022-01-24 00:00:00-05:00,150.25999450683594,154.1699981689453,145.82000732421875,154.00999450683594,607100,0.0,0.0,0.0
2022-01-25 00:00:00-05:00,151.27000427246094,153.42999267578125,149.3000030517578,150.8300018310547,290700,0.0,0.0,0.0
2022-01-26 00:00:00-05:00,154.6999969482422,156.0399932861328,149.55999755859375,151.30999755859375,799700,0.0,0.0,0.0
2022-01-27 00:00:00-05:00,153.41000366210938,154.25999450683594,149.77000427246094,150.1999969482422,812800,0.0,0.0,0.0
2022-01-28 00:00:00-05:00,151.55999755859375,155.58999633789062,149.4199981689453,155.5800018310547,531100,0.0,0.0,0.0
2022-01-31 00:00:00-05:00,156.0800018310547,159.97999572753906,155.4600067138672,159.8300018310547,267600,0.0,0.0,0.0
2022-02-01 00:00:00-05:00,160.27999877929688,161.1300048828125,158.47999572753906,160.9499969482422,444100,0.0,0.0,0.0
2022-02-02 00:00:00-05:00,162.75,162.9499969482422,160.72999572753906,162.36000061035156,397500,0.0,0.0,0.0
2022-02-03 00:00:00-05:00,158.19000244140625,159.58999633789062,155.74000549316406,156.1199951171875,353700,0.0,0.0,0.0
2022-02-04 00:00:00-05:00,156.8699951171875,159.58999633789062,155.77999877929688,158.0500030517578,236000,0.0,0.0,0.0
2022-02-07 00:00:00-05:00,158.3800048828125,159.0500030517578,156.0800018310547,156.6300048828125,180400,0.0,0.0,0.0
2022-02-08 00:00:00-05:00,156.33999633789062,158.67999267578125,155.66000366210938,158.30999755859375,144400,0.0,0.0,0.0
2022-02-09 00:00:00-05:00,160.11000061035156,161.14999389648438,159.74000549316406,161.08999633789062,312400,0.0,0.0,0.0
2022-02-10 00:00:00-05:00,158.4499969482422,160.6999969482422,156.8000030517578,157.6199951171875,315600,0.0,0.0,0.0
2022-02-11 00:00:00-05:00,157.63999938964844,158.19000244140625,152.3800048828125,152.9600067138672,381600,0.0,0.0,0.0
2022-02-14 00:00:00-05:00,152.55999755859375,154.4600067138672,151.75999450683594,153.32000732421875,397800,0.0,0.0,0.0
2022-02-15 00:00:00-05:00,155.52999877929688,156.6300048828125,154.9499969482422,156.5500030517578,239000,0.0,0.0,0.0
2022-02-16 00:00:00-05:00,155.63999938964844,157.0399932861328,154.33999633789062,156.52000427246094,171400,0.0,0.0,0.0
2022-02-17 00:00:00-05:00,155.19000244140625,155.4600067138672,151.97999572753906,152.1199951171875,151700,0.0,0.0,0.0
2022-02-18 00:00:00-05:00,152.64999389648438,152.8000030517578,149.63999938964844,150.60000610351562,280100,0.0,0.0,0.0
2022-02-22 00:00:00-05:00,149.02999877929688,151.1999969482422,147.1699981689453,148.66000366210938,650300,0.0,0.0,0.0
2022-02-23 00:00:00-05:00,149.8300018310547,150.32000732421875,144.8800048828125,145.0500030517578,434000,0.0,0.0,0.0
2022-02-24 00:00:00-05:00,140.1300048828125,149.5800018310547,139.86000061035156,149.4199981689453,560700,0.0,0.0,0.0
2022-02-25 00:00:00-05:00,149.74000549316406,151.8800048828125,148.35000610351562,151.8800048828125,630000,0.0,0.0,0.0
2022-02-28 00:00:00-05:00,150.3800048828125,152.75,149.80999755859375,152.05999755859375,353000,0.0,0.0,0.0
2022-03-01 00:00:00-05:00,151.6300048828125,152.55999755859375,148.8000030517578,149.89999389648438,419800,0.0,0.0,0.0
2022-03-02 00:00:00-05:00,150.5399932861328,152.89999389648438,149.5800018310547,152.39999389648438,294800,0.0,0.0,0.0
2022-03-03 00:00:00-05:00,153.4199981689453,153.42999267578125,149.7100067138672,150.41000366210938,276400,0.0,0.0,0.0
2022-03-04 00:00:00-05:00,149.41000366210938,149.8800048828125,147.08999633789062,148.3800048828125,222200,0.0,0.0,0.0
2022-03-07 00:00:00-05:00,148.22999572753906,148.61000061035156,142.61000061035156,142.64999389648438,546200,0.0,0.0,0.0
2022-03-08 00:00:00-05:00,142.36000061035156,146.16000366210938,140.61000061035156,141.8800048828125,401900,0.0,0.0,0.0
2022-03-09 00:00:00-05:00,145.6300048828125,147.64999389648438,144.49000549316406,147.02000427246094,378500,0.0,0.0,0.0
2022-03-10 00:00:00-05:00,145.3800048828125,146.3300018310547,143.86000061035156,145.94000244140625,255400,0.0,0.0,0.0
2022-03-11 00:00:00-05:00,147.05999755859375,147.05999755859375,143.0500030517578,143.22000122070312,222400,0.0,0.0,0.0
2022-03-14 00:00:00-04:00,142.8800048828125,144.3300018310547,140.72000122070312,141.00999450683594,364800,0.0,0.0,0.0
2022-03-15 00:00:00-04:00,142.14999389648438,145.72999572753906,141.64999389648438,145.4600067138672,201600,0.0,0.0,0.0
2022-03-16 00:00:00-04:00,147.11000061035156,149.9600067138672,145.14999389648438,149.8800048828125,341800,0.0,0.0,0.0
2022-03-17 00:00:00-04:00,149.08999633789062,151.86000061035156,148.77000427246094,151.6999969482422,231100,0.0,0.0,0.0
2022-03-18 00:00:00-04:00,151.36000061035156,154.94000244140625,151.0,154.7899932861328,200100,0.0,0.0,0.0
2022-03-21 00:00:00-04:00,154.50999450683594,155.42999267578125,152.75,154.50999450683594,267200,0.0,0.0,0.0
2022-03-22 00:00:00-04:00,154.85000610351562,157.63999938964844,154.85000610351562,157.27999877929688,263600,0.0,0.0,0.0
2022-03-23 00:00:00-04:00,155.94000244140625,157.3800048828125,155.1699981689453,155.1699981689453,159400,0.0,0.0,0.0
2022-03-24 00:00:00-04:00,155.61000061035156,157.8800048828125,154.86000061035156,157.8300018310547,172500,0.0,0.0,0.0
2022-03-25 00:00:00-04:00,158.10000610351562,158.4499969482422,156.14999389648438,157.94000244140625,210100,0.0,0.0,0.0
2022-03-28 00:00:00-04:00,157.91000366210938,160.39999389648438,157.6699981689453,160.39999389648438,211400,0.0,0.0,0.0
2022-03-29 00:00:00-04:00,162.08999633789062,163.3000030517578,161.0500030517578,163.0399932861328,403300,0.0,0.0,0.0
2022-03-30 00:00:00-04:00,162.27999877929688,162.57000732421875,160.47999572753906,161.3000030517578,584200,0.0,0.0,0.0
2022-03-31 00:00:00-04:00,161.35000610351562,161.35000610351562,158.55999755859375,158.8699951171875,318700,0.0,0.0,0.0
2022-04-01 00:00:00-04:00,159.10000610351562,159.3800048828125,157.6699981689453,158.97000122070312,187900,0.0,0.0,0.0
2022-04-04 00:00:00-04:00,159.25,162.02000427246094,159.1199951171875,161.9600067138672,404800,0.0,0.0,0.0
2022-04-05 00:00:00-04:00,161.27000427246094,161.5800018310547,158.4600067138672,158.86000061035156,729900,0.0,0.0,0.0
2022-04-06 00:00:00-04:00,156.6199951171875,156.86000061035156,154.19000244140625,155.32000732421875,581900,0.0,0.0,0.0
2022-04-07 00:00:00-04:00,154.88999938964844,156.77999877929688,153.67999267578125,155.8300018310547,434400,0.0,0.0,0.0
2022-04-08 00:00:00-04:00,155.24000549316406,155.63999938964844,153.8300018310547,154.10000610351562,296900,0.0,0.0,0.0
2022-04-11 00:00:00-04:00,152.3300018310547,152.38999938964844,150.1699981689453,150.3000030517578,325200,0.0,0.0,0.0
2022-04-12 00:00:00-04:00,152.32000732421875,153.07000732421875,149.17999267578125,149.75999450683594,657100,0.0,0.0,0.0
2022-04-13 00:00:00-04:00,149.74000549316406,152.6199951171875,149.35000610351562,152.25999450683594,388000,0.0,0.0,0.0
2022-04-14 00:00:00-04:00,152.2899932861328,152.41000366210938,149.1199951171875,149.14999389648438,416200,0.0,0.0,0.0
2022-04-18 00:00:00-04:00,148.77000427246094,150.2100067138672,148.08999633789062,149.3300018310547,514800,0.0,0.0,0.0
2022-04-19 00:00:00-04:00,149.05999755859375,152.6300048828125,148.6999969482422,152.3699951171875,455000,0.0,0.0,0.0
2022-04-20 00:00:00-04:00,152.9600067138672,153.0,150.27999877929688,150.75,351300,0.0,0.0,0.0
2022-04-21 00:00:00-04:00,152.52000427246094,153.67999267578125,147.72999572753906,148.16000366210938,331400,0.0,0.0,0.0
2022-04-22 00:00:00-04:00,148.0800018310547,148.5,143.67999267578125,143.92999267578125,454000,0.0,0.0,0.0
2022-04-25 00:00:00-04:00,143.1199951171875,145.6999969482422,142.3800048828125,145.63999938964844,343000,0.0,0.0,0.0
2022-04-26 00:00:00-04:00,144.66000366210938,144.6999969482422,140.0800018310547,140.11000061035156,354800,0.0,0.0,0.0
2022-04-27 00:00:00-04:00,140.74000549316406,143.17999267578125,139.97000122070312,140.72999572753906,1106800,0.0,0.0,0.0
2022-04-28 00:00:00-04:00,143.1300048828125,146.57000732421875,141.55999755859375,145.75,274100,0.0,0.0,0.0
2022-04-29 00:00:00-04:00,143.5,144.74000549316406,138.8800048828125,139.1300048828125,299300,0.0,0.0,0.0
2022-05-02 00:00:00-04:00,138.8000030517578,141.02000427246094,137.05999755859375,140.89999389648438,720400,0.0,0.0,0.0
2022-05-03 00:00:00-04:00,140.8699951171875,141.83999633789062,139.8699951171875,140.85000610351562,758800,0.0,0.0,0.0
2022-05-04 00:00:00-04:00,141.27999877929688,146.02999877929688,139.1699981689453,145.67999267578125,543800,0.0,0.0,0.0
2022-05-05 00:00:00-04:00,143.6999969482422,143.8300018310547,137.08999633789062,138.64999389648438,538900,0.0,0.0,0.0
2022-05-06 00:00:00-04:00,137.6699981689453,139.5,135.32000732421875,137.49000549316406,986000,0.0,0.0,0.0
2022-05-09 00:00:00-04:00,135.02999877929688,135.6300048828125,131.6300048828125,132.2100067138672,653400,0.0,0.0,0.0
2022-05-10 00:00:00-04:00,135.1199951171875,135.67999267578125,131.72999572753906,133.32000732421875,624300,0.0,0.0,0.0
2022-05-11 00:00:00-04:00,132.39999389648438,134.5399932861328,129.13999938964844,129.5399932861328,707300,0.0,0.0,0.0
2022-05-12 00:00:00-04:00,127.7699966430664,130.99000549316406,126.1500015258789,128.91000366210938,783900,0.0,0.0,0.0
2022-05-13 00:00:00-04:00,130.88999938964844,133.77999877929688,130.08999633789062,133.1999969482422,368300,0.0,0.0,0.0
2022-05-16 00:00:00-04:00,132.52000427246094,133.58999633789062,131.32000732421875,131.9499969482422,293100,0.0,0.0,0.0
2022-05-17 00:00:00-04:00,134.5500030517578,135.24000549316406,132.6999969482422,135.1300048828125,419800,0.0,0.0,0.0
2022-05-18 00:00:00-04:00,133.00999450683594,133.25,128.22000122070312,128.6300048828125,309100,0.0,0.0,0.0
2022-05-19 00:00:00-04:00,127.73999786376953,129.75999450683594,127.33999633789062,127.76000213623047,2133300,0.0,0.0,0.0
2022-05-20 00:00:00-04:00,129.17999267578125,129.47000122070312,123.80999755859375,127.31999969482422,527400,0.0,0.0,0.0
2022-05-23 00:00:00-04:00,128.02000427246094,129.97999572753906,127.12000274658203,129.91000366210938,408800,0.0,0.0,0.0
2022-05-24 00:00:00-04:00,127.62999725341797,128.00999450683594,125.1500015258789,127.44999694824219,563300,0.0,0.0,0.0
2022-05-25 00:00:00-04:00,126.62000274658203,130.02000427246094,126.62000274658203,129.1300048828125,334200,0.0,0.0,0.0
2022-05-26 00:00:00-04:00,129.0500030517578,133.08999633789062,128.80999755859375,132.39999389648438,241600,0.0,0.0,0.0
2022-05-27 00:00:00-04:00,133.7899932861328,136.75999450683594,133.7899932861328,136.75999450683594,291700,0.0,0.0,0.0
2022-05-31 00:00:00-04:00,136.52999877929688,137.64999389648438,134.80999755859375,136.27999877929688,334600,0.0,0.0,0.0
2022-06-01 00:00:00-04:00,137.39999389648438,138.1999969482422,134.60000610351562,135.3800048828125,356300,0.0,0.0,0.0
2022-06-02 00:00:00-04:00,134.75999450683594,139.02999877929688,134.33999633789062,138.9199981689453,366000,0.0,0.0,0.0
2022-06-03 00:00:00-04:00,136.5399932861328,137.24000549316406,135.0500030517578,135.55999755859375,291800,0.0,0.0,0.0
2022-06-06 00:00:00-04:00,137.38999938964844,138.3000030517578,135.49000549316406,136.08999633789062,245700,0.0,0.0,0.0
2022-06-07 00:00:00-04:00,134.52000427246094,137.47000122070312,134.14999389648438,137.22000122070312,235700,0.0,0.0,0.0
2022-06-08 00:00:00-04:00,136.80999755859375,137.8000030517578,135.8800048828125,136.16000366210938,272400,0.0,0.0,0.0
2022-06-09 00:00:00-04:00,135.3000030517578,136.4600067138672,132.3699951171875,132.39999389648438,188800,0.0,0.0,0.0
2022-06-10 00:00:00-04:00,129.97000122070312,130.1999969482422,127.44999694824219,127.48999786376953,353800,0.0,0.0,0.0
2022-06-13 00:00:00-04:00,123.58999633789062,124.5,121.54000091552734,121.94999694824219,598900,0.0,0.0,0.0
2022-06-14 00:00:00-04:00,122.73999786376953,123.12000274658203,121.0199966430664,122.16999816894531,445900,0.0,0.0,0.0
2022-06-15 00:00:00-04:00,123.51000213623047,126.62000274658203,122.31999969482422,124.94999694824219,426600,0.0,0.0,0.0
2022-06-16 00:00:00-04:00,121.70999908447266,121.87999725341797,119.11000061035156,120.18000030517578,428600,0.0,0.0,0.0
2022-06-17 00:00:00-04:00,120.2300033569336,122.5199966430664,119.68000030517578,121.37000274658203,568700,0.0,0.0,0.0
2022-06-21 00:00:00-04:00,123.43000030517578,125.38999938964844,123.30999755859375,124.44000244140625,375600,0.0,0.0,0.0
2022-06-22 00:00:00-04:00,123.23999786376953,126.12000274658203,123.01000213623047,124.36000061035156,442200,0.0,0.0,0.0
2022-06-23 00:00:00-04:00,125.36000061035156,126.58000183105469,124.3499984741211,126.3499984741211,478200,0.0,0.0,0.0
2022-06-24 00:00:00-04:00,127.5199966430664,131.0,127.5199966430664,130.91000366210938,274100,0.0,0.0,0.0
2022-06-27 00:00:00-04:00,131.4199981689453,131.58999633789062,129.50999450683594,129.97999572753906,326100,0.0,0.0,0.0
2022-06-28 00:00:00-04:00,130.25999450683594,131.3300018310547,126.19999694824219,126.26000213623047,415600,0.0,0.0,0.0
2022-06-29 00:00:00-04:00,126.2300033569336,127.37999725341797,125.5,126.69999694824219,370400,0.0,0.0,0.0
2022-06-30 00:00:00-04:00,125.23999786376953,126.45999908447266,123.29000091552734,125.23999786376953,331900,0.0,0.0,0.0
2022-07-01 00:00:00-04:00,124.79000091552734,126.41000366210938,124.02999877929688,126.37000274658203,289100,0.0,0.0,0.0
2022-07-05 00:00:00-04:00,124.55000305175781,127.9000015258789,124.06999969482422,127.86000061035156,282100,0.0,0.0,0.0
2022-07-06 00:00:00-04:00,127.94999694824219,129.6300048828125,127.37999725341797,128.74000549316406,615700,0.0,0.0,0.0
2022-07-07 00:00:00-04:00,129.1699981689453,131.27999877929688,129.07000732421875,131.00999450683594,240800,0.0,0.0,0.0
2022-07-08 00:00:00-04:00,129.8699951171875,131.67999267578125,129.64999389648438,131.17999267578125,220600,0.0,0.0,0.0
2022-07-11 00:00:00-04:00,130.17999267578125,130.25999450683594,128.75999450683594,129.0500030517578,238800,0.0,0.0,0.0
2022-07-12 00:00:00-04:00,129.2899932861328,130.0500030517578,126.7699966430664,127.4800033569336,282500,0.0,0.0,0.0
2022-07-13 00:00:00-04:00,125.29000091552734,128.14999389648438,124.9000015258789,127.06999969482422,305700,0.0,0.0,0.0
2022-07-14 00:00:00-04:00,125.80000305175781,127.87000274658203,124.61000061035156,127.55999755859375,294000,0.0,0.0,0.0
2022-07-15 00:00:00-04:00,129.07000732421875,129.85000610351562,128.57000732421875,129.72999572753906,242600,0.0,0.0,0.0
2022-07-18 00:00:00-04:00,130.89999389648438,131.25,127.91999816894531,128.36000061035156,265400,0.0,0.0,0.0
2022-07-19 00:00:00-04:00,129.7899932861328,132.0800018310547,129.0,131.91000366210938,2619000,0.0,0.0,0.0
2022-07-20 00:00:00-04:00,132.0399932861328,133.92999267578125,131.77000427246094,133.3300018310547,387800,0.0,0.0,0.0
2022-07-21 00:00:00-04:00,133.47000122070312,135.24000549316406,132.33999633789062,135.24000549316406,325000,0.0,0.0,0.0
2022-07-22 00:00:00-04:00,135.1199951171875,135.75999450683594,132.66000366210938,133.42999267578125,425300,0.0,0.0,0.0
2022-07-25 00:00:00-04:00,133.5399932861328,133.69000244140625,132.2100067138672,133.0500030517578,221300,0.0,0.0,0.0
2022-07-26 00:00:00-04:00,132.10000610351562,132.16000366210938,130.24000549316406,130.6300048828125,144900,0.0,0.0,0.0
2022-07-27 00:00:00-04:00,132.41000366210938,136.0,132.27999877929688,135.32000732421875,338000,0.0,0.0,0.0
2022-07-28 00:00:00-04:00,135.5399932861328,137.58999633789062,134.27000427246094,137.3000030517578,215300,0.0,0.0,0.0
2022-07-29 00:00:00-04:00,138.39999389648438,140.55999755859375,138.08999633789062,140.24000549316406,241000,0.0,0.0,0.0
2022-08-01 00:00:00-04:00,139.3300018310547,141.22000122070312,138.9199981689453,139.75999450683594,220600,0.0,0.0,0.0
2022-08-02 00:00:00-04:00,138.86000061035156,140.72000122070312,138.2100067138672,139.02999877929688,222400,0.0,0.0,0.0
2022-08-03 00:00:00-04:00,139.72999572753906,142.60000610351562,139.72999572753906,142.14999389648438,157100,0.0,0.0,0.0
2022-08-04 00:00:00-04:00,142.1699981689453,142.8800048828125,141.4199981689453,142.77999877929688,230400,0.0,0.0,0.0
2022-08-05 00:00:00-04:00,140.8000030517578,142.52999877929688,140.64999389648438,142.0,323500,0.0,0.0,0.0
2022-08-08 00:00:00-04:00,142.42999267578125,143.6699981689453,140.8800048828125,141.49000549316406,335400,0.0,0.0,0.0
2022-08-09 00:00:00-04:00,140.80999755859375,140.97000122070312,139.9600067138672,140.4199981689453,173400,0.0,0.0,0.0
2022-08-10 00:00:00-04:00,143.3699951171875,143.9499969482422,142.44000244140625,143.8300018310547,268300,0.0,0.0,0.0
2022-08-11 00:00:00-04:00,144.8699951171875,145.3300018310547,142.7899932861328,143.1300048828125,247700,0.0,0.0,0.0
2022-08-12 00:00:00-04:00,144.11000061035156,145.91000366210938,143.5800018310547,145.91000366210938,1514800,0.0,0.0,0.0
2022-08-15 00:00:00-04:00,145.4199981689453,147.05999755859375,145.4199981689453,146.89999389648438,707000,0.0,0.0,0.0
2022-08-16 00:00:00-04:00,146.50999450683594,147.6699981689453,145.67999267578125,146.9499969482422,200400,0.0,0.0,0.0
2022-08-17 00:00:00-04:00,145.57000732421875,146.99000549316406,145.1699981689453,145.97999572753906,194700,0.0,0.0,0.0
2022-08-18 00:00:00-04:00,145.7100067138672,146.64999389648438,145.25999450683594,146.22000122070312,222400,0.0,0.0,0.0
2022-08-19 00:00:00-04:00,145.1999969482422,145.22000122070312,143.64999389648438,143.94000244140625,195600,0.0,0.0,0.0
2022-08-22 00:00:00-04:00,141.97999572753906,142.14999389648438,140.16000366210938,140.57000732421875,182100,0.0,0.0,0.0
2022-08-23 00:00:00-04:00,140.36000061035156,141.16000366210938,139.9499969482422,140.1999969482422,159000,0.0,0.0,0.0
2022-08-24 00:00:00-04:00,140.02000427246094,141.1300048828125,139.91000366210938,140.47999572753906,209100,0.0,0.0,0.0
2022-08-25 00:00:00-04:00,141.1300048828125,142.6300048828125,140.6699981689453,142.5800018310547,162000,0.0,0.0,0.0
2022-08-26 00:00:00-04:00,142.4199981689453,142.8699951171875,137.0800018310547,137.1199951171875,287200,0.0,0.0,0.0
2022-08-29 00:00:00-04:00,135.88999938964844,136.9199981689453,135.27999877929688,135.8300018310547,258900,0.0,0.0,0.0
2022-08-30 00:00:00-04:00,136.58999633789062,136.61000061035156,133.30999755859375,134.3000030517578,329800,0.0,0.0,0.0
2022-08-31 00:00:00-04:00,135.11000061035156,135.6199951171875,133.13999938964844,133.16000366210938,301900,0.0,0.0,0.0
2022-09-01 00:00:00-04:00,132.1999969482422,133.63999938964844,130.91000366210938,133.50999450683594,444500,0.0,0.0,0.0
2022-09-02 00:00:00-04:00,134.80999755859375,135.2899932861328,131.0500030517578,131.75999450683594,375600,0.0,0.0,0.0
2022-09-06 00:00:00-04:00,132.05999755859375,132.4499969482422,130.27000427246094,131.2100067138672,417900,0.0,0.0,0.0
2022-09-07 00:00:00-04:00,131.25,133.9600067138672,131.16000366210938,133.58999633789062,196600,0.0,0.0,0.0
2022-09-08 00:00:00-04:00,132.63999938964844,134.5800018310547,132.1999969482422,134.1199951171875,423200,0.0,0.0,0.0
2022-09-09 00:00:00-04:00,135.0,136.94000244140625,134.8699951171875,136.58999633789062,182200,0.0,0.0,0.0
2022-09-12 00:00:00-04:00,137.30999755859375,138.49000549316406,137.30999755859375,138.44000244140625,1399100,0.0,0.0,0.0
2022-09-13 00:00:00-04:00,134.91000366210938,135.24000549316406,131.0800018310547,131.47999572753906,294100,0.0,0.0,0.0
2022-09-14 00:00:00-04:00,131.97000122070312,132.8000030517578,131.00999450683594,132.2100067138672,254800,0.0,0.0,0.0
2022-09-15 00:00:00-04:00,131.4600067138672,132.52999877929688,129.60000610351562,130.19000244140625,322400,0.0,0.0,0.0
2022-09-16 00:00:00-04:00,128.47000122070312,129.4499969482422,127.75,129.17999267578125,289500,0.0,0.0,0.0
2022-09-19 00:00:00-04:00,128.08999633789062,130.3699951171875,128.05999755859375,130.35000610351562,481100,0.0,0.0,0.0
2022-09-20 00:00:00-04:00,129.1699981689453,130.1699981689453,128.3300018310547,129.32000732421875,383800,0.0,0.0,0.0
2022-09-21 00:00:00-04:00,129.8300018310547,131.2899932861328,126.94000244140625,126.9800033569336,452100,0.0,0.0,0.0
2022-09-22 00:00:00-04:00,126.44000244140625,127.20999908447266,125.41999816894531,125.95999908447266,330300,0.0,0.0,0.0
2022-09-23 00:00:00-04:00,124.69999694824219,124.72000122070312,122.47000122070312,123.94000244140625,327500,0.0,0.0,0.0
2022-09-26 00:00:00-04:00,123.01000213623047,125.02999877929688,122.69000244140625,123.05999755859375,308600,0.0,0.0,0.0
2022-09-27 00:00:00-04:00,124.52999877929688,125.5199966430664,122.08000183105469,122.97000122070312,459900,0.0,0.0,0.0
2022-09-28 00:00:00-04:00,122.87999725341797,125.56999969482422,122.01000213623047,124.91999816894531,371500,0.0,0.0,0.0
2022-09-29 00:00:00-04:00,123.4000015258789,123.44999694824219,120.44999694824219,121.83000183105469,375700,0.0,0.0,0.0
2022-09-30 00:00:00-04:00,121.20999908447266,122.83999633789062,119.48999786376953,119.48999786376953,468400,0.0,0.0,0.0
2022-10-03 00:00:00-04:00,120.2699966430664,122.9000015258789,119.73999786376953,122.13999938964844,320000,0.0,0.0,0.0
2022-10-04 00:00:00-04:00,124.5,126.13999938964844,124.5,125.94999694824219,391700,0.0,0.0,0.0
2022-10-05 00:00:00-04:00,124.30000305175781,126.6500015258789,123.41000366210938,125.94000244140625,555800,0.0,0.0,0.0
2022-10-06 00:00:00-04:00,125.36000061035156,126.69999694824219,124.70999908447266,124.81999969482422,431500,0.0,0.0,0.0
2022-10-07 00:00:00-04:00,122.91000366210938,122.91000366210938,119.88999938964844,120.54000091552734,345700,0.0,0.0,0.0
2022-10-10 00:00:00-04:00,120.66999816894531,120.72000122070312,118.31999969482422,119.37999725341797,384300,0.0,0.0,0.0
2022-10-11 00:00:00-04:00,118.66999816894531,120.1500015258789,117.5,118.16999816894531,498600,0.0,0.0,0.0
2022-10-12 00:00:00-04:00,118.38999938964844,119.19000244140625,117.9000015258789,118.16000366210938,341600,0.0,0.0,0.0
2022-10-13 00:00:00-04:00,115.16000366210938,121.47000122070312,114.66000366210938,120.94000244140625,590600,0.0,0.0,0.0
2022-10-14 00:00:00-04:00,121.98999786376953,122.26000213623047,117.36000061035156,117.55000305175781,431900,0.0,0.0,0.0
2022-10-17 00:00:00-04:00,119.94999694824219,121.61000061035156,119.94999694824219,121.2699966430664,233700,0.0,0.0,0.0
2022-10-18 00:00:00-04:00,124.29000091552734,124.58999633789062,121.31999969482422,122.45999908447266,553500,0.0,0.0,0.0
2022-10-19 00:00:00-04:00,121.62000274658203,123.02999877929688,120.80000305175781,121.94000244140625,218100,0.0,0.0,0.0
2022-10-20 00:00:00-04:00,121.56999969482422,123.51000213623047,120.7300033569336,121.16000366210938,366000,0.0,0.0,0.0
2022-10-21 00:00:00-04:00,120.8499984741211,124.3499984741211,120.36000061035156,124.13999938964844,424700,0.0,0.0,0.0
2022-10-24 00:00:00-04:00,124.58999633789062,126.19000244140625,123.23999786376953,125.7699966430664,486100,0.0,0.0,0.0
2022-10-25 00:00:00-04:00,126.01000213623047,128.10000610351562,125.91000366210938,127.95999908447266,352500,0.0,0.0,0.0
2022-10-26 00:00:00-04:00,125.22000122070312,127.81999969482422,125.22000122070312,125.4000015258789,269500,0.0,0.0,0.0
2022-10-27 00:00:00-04:00,125.75,126.13999938964844,123.80999755859375,124.04000091552734,346700,0.0,0.0,0.0
2022-10-28 00:00:00-04:00,123.25,127.43000030517578,123.1500015258789,127.19999694824219,237300,0.0,0.0,0.0
2022-10-31 00:00:00-04:00,126.30000305175781,126.58000183105469,125.31999969482422,125.97000122070312,195400,0.0,0.0,0.0
2022-11-01 00:00:00-04:00,127.23999786376953,127.43000030517578,124.05999755859375,124.33999633789062,201900,0.0,0.0,0.0
2022-11-02 00:00:00-04:00,124.26000213623047,125.5199966430664,120.36000061035156,120.38999938964844,419600,0.0,0.0,0.0
2022-11-03 00:00:00-04:00,119.18000030517578,119.61000061035156,118.0,118.06999969482422,199500,0.0,0.0,0.0
2022-11-04 00:00:00-04:00,120.11000061035156,120.5,117.0999984741211,119.47000122070312,305200,0.0,0.0,0.0
2022-11-07 00:00:00-05:00,119.83999633789062,121.0199966430664,119.02999877929688,120.79000091552734,229500,0.0,0.0,0.0
2022-11-08 00:00:00-05:00,121.48999786376953,122.7300033569336,119.97000122070312,121.45999908447266,502100,0.0,0.0,0.0
2022-11-09 00:00:00-05:00,120.6500015258789,120.94000244140625,118.3499984741211,118.54000091552734,277500,0.0,0.0,0.0
2022-11-10 00:00:00-05:00,123.69999694824219,126.87999725341797,123.0,126.72000122070312,270300,0.0,0.0,0.0
2022-11-11 00:00:00-05:00,126.83999633789062,128.83999633789062,126.30000305175781,128.67999267578125,269100,0.0,0.0,0.0
2022-11-14 00:00:00-05:00,127.72000122070312,128.85000610351562,127.05999755859375,127.2699966430664,218000,0.0,0.0,0.0
2022-11-15 00:00:00-05:00,129.94000244140625,130.3000030517578,127.19999694824219,128.61000061035156,334200,0.0,0.0,0.0
2022-11-16 00:00:00-05:00,127.7300033569336,128.35000610351562,127.1500015258789,127.55999755859375,265600,0.0,0.0,0.0
2022-11-17 00:00:00-05:00,125.66000366210938,127.80999755859375,125.66000366210938,127.26000213623047,966400,0.0,0.0,0.0
2022-11-18 00:00:00-05:00,128.52000427246094,128.55999755859375,126.47000122070312,127.45999908447266,225900,0.0,0.0,0.0
2022-11-21 00:00:00-05:00,126.97000122070312,127.31999969482422,125.94999694824219,126.30000305175781,266300,0.0,0.0,0.0
2022-11-22 00:00:00-05:00,126.69999694824219,128.0800018310547,125.97000122070312,128.0399932861328,306900,0.0,0.0,0.0
2022-11-23 00:00:00-05:00,128.08999633789062,129.58999633789062,128.0500030517578,129.30999755859375,205000,0.0,0.0,0.0
2022-11-25 00:00:00-05:00,128.8699951171875,129.1999969482422,128.66000366210938,128.94000244140625,185600,0.0,0.0,0.0
2022-11-28 00:00:00-05:00,127.83999633789062,128.6300048828125,126.51000213623047,126.87000274658203,171200,0.0,0.0,0.0
2022-11-29 00:00:00-05:00,126.79000091552734,126.97000122070312,125.38999938964844,125.94999694824219,180600,0.0,0.0,0.0
2022-11-30 00:00:00-05:00,125.98999786376953,131.33999633789062,125.7699966430664,131.33999633789062,406300,0.0,0.0,0.0
2022-12-01 00:00:00-05:00,131.52000427246094,132.0,130.05999755859375,131.27999877929688,238700,0.0,0.0,0.0
2022-12-02 00:00:00-05:00,129.30999755859375,131.35000610351562,129.30999755859375,131.02000427246094,235600,0.0,0.0,0.0
2022-12-05 00:00:00-05:00,129.89999389648438,130.4600067138672,128.1699981689453,128.75,420700,0.0,0.0,0.0
2022-12-06 00:00:00-05:00,128.7100067138672,128.75999450683594,125.72000122070312,126.47000122070312,341200,0.0,0.0,0.0
2022-12-07 00:00:00-05:00,125.9000015258789,126.79000091552734,125.33000183105469,125.93000030517578,208200,0.0,0.0,0.0
2022-12-08 00:00:00-05:00,126.48999786376953,127.61000061035156,125.69000244140625,127.25,193500,0.0,0.0,0.0
2022-12-09 00:00:00-05:00,126.70999908447266,128.0,126.36000061035156,126.44000244140625,145600,0.0,0.0,0.0
2022-12-12 00:00:00-05:00,126.62000274658203,128.22999572753906,126.45999908447266,128.22999572753906,232300,0.0,0.0,0.0
2022-12-13 00:00:00-05:00,132.1999969482422,132.25999450683594,127.94000244140625,129.0,344200,0.0,0.0,0.0
2022-12-14 00:00:00-05:00,128.75999450683594,130.2100067138672,126.8499984741211,128.1199951171875,240900,0.0,0.0,0.0
2022-12-15 00:00:00-05:00,126.20999908447266,126.44000244140625,123.73999786376953,124.38999938964844,221400,0.0,0.0,0.0
2022-12-16 00:00:00-05:00,123.83999633789062,124.29000091552734,122.08000183105469,122.70999908447266,293100,0.0,0.0,0.0
2022-12-19 00:00:00-05:00,122.91000366210938,122.91000366210938,120.63999938964844,121.2300033569336,223400,0.0,0.0,0.0
2022-12-20 00:00:00-05:00,120.68000030517578,121.86000061035156,120.1500015258789,121.12999725341797,598800,0.0,0.0,0.0
2022-12-21 00:00:00-05:00,121.9000015258789,123.54000091552734,121.69999694824219,123.0199966430664,271600,0.0,0.0,0.0
2022-12-22 00:00:00-05:00,121.68000030517578,121.9000015258789,118.73999786376953,120.5,313600,0.0,0.0,0.0
2022-12-23 00:00:00-05:00,119.98999786376953,121.1500015258789,119.30999755859375,121.05999755859375,266800,0.0,0.0,0.0
2022-12-27 00:00:00-05:00,120.80999755859375,120.87000274658203,119.44000244140625,119.76000213623047,215500,0.0,0.0,0.0
2022-12-28 00:00:00-05:00,119.66000366210938,120.5199966430664,118.08999633789062,118.18000030517578,259100,0.0,0.0,0.0
2022-12-29 00:00:00-05:00,119.36000061035156,121.0999984741211,119.25,120.7699966430664,463100,0.0,0.0,0.0
2022-12-30 00:00:00-05:00,119.76000213623047,120.54000091552734,119.08999633789062,120.52999877929688,385800,0.0,0.0,0.0
2023-01-03 00:00:00-05:00,121.41999816894531,121.95999908447266,118.45999908447266,119.51000213623047,422900,0.0,0.0,0.0
2023-01-04 00:00:00-05:00,120.0999984741211,120.41999816894531,118.41999816894531,119.75,453200,0.0,0.0,0.0
2023-01-05 00:00:00-05:00,119.19999694824219,119.19999694824219,117.55999755859375,117.73999786376953,346100,0.0,0.0,0.0
2023-01-06 00:00:00-05:00,118.48999786376953,121.08999633789062,117.30999755859375,120.69000244140625,419400,0.0,0.0,0.0
2023-01-09 00:00:00-05:00,121.72000122070312,123.41000366210938,121.12000274658203,121.30000305175781,186300,0.0,0.0,0.0
2023-01-10 00:00:00-05:00,120.98999786376953,122.12000274658203,120.61000061035156,122.02999877929688,157900,0.0,0.0,0.0
2023-01-11 00:00:00-05:00,122.55000305175781,124.33000183105469,122.44000244140625,124.30000305175781,291700,0.0,0.0,0.0
2023-01-12 00:00:00-05:00,124.58000183105469,125.23999786376953,122.91999816894531,124.8499984741211,191900,0.0,0.0,0.0
2023-01-13 00:00:00-05:00,123.70999908447266,125.61000061035156,123.55999755859375,125.52999877929688,120300,0.0,0.0,0.0
2023-01-17 00:00:00-05:00,125.44000244140625,126.47000122070312,125.20999908447266,125.66999816894531,322100,0.0,0.0,0.0
2023-01-18 00:00:00-05:00,126.31999969482422,126.8499984741211,123.88999938964844,123.93000030517578,236200,0.0,0.0,0.0
2023-01-19 00:00:00-05:00,123.12999725341797,123.83999633789062,122.56999969482422,122.9800033569336,299800,0.0,0.0,0.0
2023-01-20 00:00:00-05:00,123.75,126.12000274658203,123.2699966430664,126.0999984741211,185400,0.0,0.0,0.0
2023-01-23 00:00:00-05:00,126.41999816894531,128.63999938964844,126.0,127.97000122070312,233600,0.0,0.0,0.0
2023-01-24 00:00:00-05:00,127.33000183105469,128.49000549316406,126.0,127.8499984741211,256400,0.0,0.0,0.0
2023-01-25 00:00:00-05:00,125.94000244140625,127.83999633789062,124.95999908447266,127.63999938964844,187300,0.0,0.0,0.0
2023-01-26 00:00:00-05:00,128.85000610351562,129.58999633789062,127.79000091552734,129.52000427246094,189200,0.0,0.0,0.0
2023-01-27 00:00:00-05:00,129.3300018310547,131.47000122070312,129.22999572753906,130.6199951171875,246700,0.0,0.0,0.0
2023-01-30 00:00:00-05:00,129.4600067138672,130.0800018310547,128.3000030517578,128.41000366210938,216100,0.0,0.0,0.0
2023-01-31 00:00:00-05:00,128.60000610351562,130.49000549316406,128.5399932861328,130.49000549316406,195100,0.0,0.0,0.0
2023-02-01 00:00:00-05:00,130.27000427246094,133.5800018310547,129.27000427246094,132.57000732421875,320700,0.0,0.0,0.0
2023-02-02 00:00:00-05:00,134.8300018310547,136.49000549316406,134.27999877929688,135.92999267578125,306500,0.0,0.0,0.0
2023-02-03 00:00:00-05:00,133.27000427246094,136.3699951171875,133.27000427246094,134.17999267578125,580300,0.0,0.0,0.0
2023-02-06 00:00:00-05:00,133.07000732421875,133.85000610351562,132.69000244140625,133.1300048828125,168700,0.0,0.0,0.0
2023-02-07 00:00:00-05:00,132.99000549316406,135.8699951171875,132.58999633789062,135.49000549316406,170500,0.0,0.0,0.0
2023-02-08 00:00:00-05:00,134.91000366210938,135.41000366210938,133.41000366210938,133.69000244140625,204400,0.0,0.0,0.0
2023-02-09 00:00:00-05:00,135.2899932861328,135.41000366210938,132.2100067138672,132.61000061035156,211400,0.0,0.0,0.0
2023-02-10 00:00:00-05:00,131.8800048828125,132.5,131.1199951171875,132.1999969482422,188500,0.0,0.0,0.0
2023-02-13 00:00:00-05:00,132.58999633789062,134.1999969482422,132.5800018310547,134.07000732421875,90300,0.0,0.0,0.0
2023-02-14 00:00:00-05:00,133.57000732421875,135.1699981689453,132.77999877929688,134.58999633789062,139900,0.0,0.0,0.0
2023-02-15 00:00:00-05:00,133.9600067138672,135.2899932861328,133.67999267578125,135.2899932861328,479300,0.0,0.0,0.0
2023-02-16 00:00:00-05:00,133.22999572753906,134.77999877929688,132.74000549316406,132.77000427246094,127000,0.0,0.0,0.0
2023-02-17 00:00:00-05:00,132.0399932861328,132.1199951171875,130.8000030517578,132.1199951171875,117900,0.0,0.0,0.0
2023-02-21 00:00:00-05:00,130.4199981689453,130.9199981689453,129.07000732421875,129.08999633789062,194700,0.0,0.0,0.0
2023-02-22 00:00:00-05:00,129.55999755859375,130.02999877929688,128.7100067138672,129.25999450683594,171300,0.0,0.0,0.0
2023-02-23 00:00:00-05:00,130.63999938964844,130.75,128.6999969482422,130.39999389648438,226300,0.0,0.0,0.0
2023-02-24 00:00:00-05:00,128.4499969482422,128.60000610351562,127.55999755859375,128.3000030517578,143300,0.0,0.0,0.0
2023-02-27 00:00:00-05:00,129.57000732421875,130.22000122070312,128.85000610351562,129.0800018310547,125400,0.0,0.0,0.0
2023-02-28 00:00:00-05:00,128.91000366210938,129.77000427246094,128.67999267578125,128.72000122070312,160000,0.0,0.0,0.0
2023-03-01 00:00:00-05:00,128.60000610351562,128.8000030517578,127.37999725341797,127.83000183105469,123100,0.0,0.0,0.0
2023-03-02 00:00:00-05:00,126.86000061035156,129.00999450683594,126.86000061035156,128.7899932861328,152000,0.0,0.0,0.0
2023-03-03 00:00:00-05:00,129.5399932861328,131.32000732421875,129.41000366210938,131.32000732421875,145200,0.0,0.0,0.0
2023-03-06 00:00:00-05:00,131.8800048828125,133.07000732421875,131.64999389648438,131.75,165100,0.0,0.0,0.0
2023-03-07 00:00:00-05:00,131.6199951171875,131.99000549316406,129.77000427246094,129.97000122070312,283300,0.0,0.0,0.0
2023-03-08 00:00:00-05:00,130.16000366210938,130.7100067138672,129.47999572753906,130.39999389648438,144300,0.0,0.0,0.0
2023-03-09 00:00:00-05:00,130.61000061035156,131.6999969482422,127.94000244140625,128.3000030517578,359800,0.0,0.0,0.0
2023-03-10 00:00:00-05:00,128.0500030517578,128.72999572753906,125.91000366210938,126.37000274658203,545600,0.0,0.0,0.0
2023-03-13 00:00:00-04:00,125.33000183105469,128.8699951171875,125.08999633789062,127.30999755859375,473400,0.0,0.0,0.0
2023-03-14 00:00:00-04:00,128.80999755859375,130.05999755859375,128.13999938964844,129.86000061035156,248900,0.0,0.0,0.0
2023-03-15 00:00:00-04:00,128.41000366210938,130.35000610351562,128.00999450683594,130.27999877929688,5490600,0.0,0.0,0.0
2023-03-16 00:00:00-04:00,129.67999267578125,133.47000122070312,129.57000732421875,133.32000732421875,440200,0.0,0.0,0.0
2023-03-17 00:00:00-04:00,133.4499969482422,134.17999267578125,132.0500030517578,132.86000061035156,342400,0.0,0.0,0.0
2023-03-20 00:00:00-04:00,132.38999938964844,133.4199981689453,132.08999633789062,133.25,316000,0.0,0.0,0.0
2023-03-21 00:00:00-04:00,134.10000610351562,135.3300018310547,133.57000732421875,135.22000122070312,259200,0.0,0.0,0.0
2023-03-22 00:00:00-04:00,135.08999633789062,137.05999755859375,133.32000732421875,133.32000732421875,227700,0.0,0.0,0.0
2023-03-23 00:00:00-04:00,134.75999450683594,136.24000549316406,133.35000610351562,134.39999389648438,239100,0.0,0.0,0.0
2023-03-24 00:00:00-04:00,133.88999938964844,135.02000427246094,133.1699981689453,135.00999450683594,183900,0.0,0.0,0.0
2023-03-27 00:00:00-04:00,135.41000366210938,135.7100067138672,134.00999450683594,134.4499969482422,444500,0.0,0.0,0.0
2023-03-28 00:00:00-04:00,134.24000549316406,134.24000549316406,132.75,133.64999389648438,237400,0.0,0.0,0.0
2023-03-29 00:00:00-04:00,135.13999938964844,135.7899932861328,134.69000244140625,135.67999267578125,325200,0.0,0.0,0.0
2023-03-30 00:00:00-04:00,136.55999755859375,136.77000427246094,136.02000427246094,136.72000122070312,196700,0.0,0.0,0.0
2023-03-31 00:00:00-04:00,136.83999633789062,139.0800018310547,136.83999633789062,138.92999267578125,137400,0.0,0.0,0.0
2023-04-03 00:00:00-04:00,138.35000610351562,139.27999877929688,138.11000061035156,139.19000244140625,401700,0.0,0.0,0.0
2023-04-04 00:00:00-04:00,139.30999755859375,139.8800048828125,138.36000061035156,138.72999572753906,263400,0.0,0.0,0.0
2023-04-05 00:00:00-04:00,138.47000122070312,138.47000122070312,136.99000549316406,137.66000366210938,274400,0.0,0.0,0.0
2023-04-06 00:00:00-04:00,137.0800018310547,138.67999267578125,136.5,138.6699981689453,176300,0.0,0.0,0.0
2023-04-10 00:00:00-04:00,137.3800048828125,138.35000610351562,136.6199951171875,138.35000610351562,170400,0.0,0.0,0.0
2023-04-11 00:00:00-04:00,138.3699951171875,138.3699951171875,137.4499969482422,137.69000244140625,214100,0.0,0.0,0.0
2023-04-12 00:00:00-04:00,138.4199981689453,138.64999389648438,136.64999389648438,136.8300018310547,200700,0.0,0.0,0.0
2023-04-13 00:00:00-04:00,137.47000122070312,139.55999755859375,137.47000122070312,139.4600067138672,167300,0.0,0.0,0.0
2023-04-14 00:00:00-04:00,138.85000610351562,139.75,137.9600067138672,139.02000427246094,124400,0.0,0.0,0.0
2023-04-17 00:00:00-04:00,138.8800048828125,139.17999267578125,138.1199951171875,139.1699981689453,130500,0.0,0.0,0.0
2023-04-18 00:00:00-04:00,140.0,140.13999938964844,138.94000244140625,139.3699951171875,613300,0.0,0.0,0.0
2023-04-19 00:00:00-04:00,138.41000366210938,139.83999633789062,138.41000366210938,139.47999572753906,147000,0.0,0.0,0.0
2023-04-20 00:00:00-04:00,138.25999450683594,139.66000366210938,138.17999267578125,138.77000427246094,237900,0.0,0.0,0.0
2023-04-21 00:00:00-04:00,138.8699951171875,139.10000610351562,138.14999389648438,138.8800048828125,169600,0.0,0.0,0.0
2023-04-24 00:00:00-04:00,138.6699981689453,139.2899932861328,137.8300018310547,138.7100067138672,175800,0.0,0.0,0.0
2023-04-25 00:00:00-04:00,138.14999389648438,138.5,136.24000549316406,136.24000549316406,435500,0.0,0.0,0.0
2023-04-26 00:00:00-04:00,137.8000030517578,138.2899932861328,136.8300018310547,137.07000732421875,241200,0.0,0.0,0.0
2023-04-27 00:00:00-04:00,137.88999938964844,140.22000122070312,137.7899932861328,140.1300048828125,194100,0.0,0.0,0.0
2023-04-28 00:00:00-04:00,139.75999450683594,141.10000610351562,139.5,141.0800018310547,266500,0.0,0.0,0.0
2023-05-01 00:00:00-04:00,140.92999267578125,141.67999267578125,140.82000732421875,141.0399932861328,150100,0.0,0.0,0.0
2023-05-02 00:00:00-04:00,140.9600067138672,141.02000427246094,139.08999633789062,139.94000244140625,240200,0.0,0.0,0.0
2023-05-03 00:00:00-04:00,140.02999877929688,141.22999572753906,139.08999633789062,139.1300048828125,157000,0.0,0.0,0.0
2023-05-04 00:00:00-04:00,138.72000122070312,139.10000610351562,137.94000244140625,138.61000061035156,343500,0.0,0.0,0.0
2023-05-05 00:00:00-04:00,139.80999755859375,141.91000366210938,139.69000244140625,141.5800018310547,242400,0.0,0.0,0.0
2023-05-08 00:00:00-04:00,141.3300018310547,141.85000610351562,141.0500030517578,141.7899932861328,166600,0.0,0.0,0.0
2023-05-09 00:00:00-04:00,141.22000122070312,141.61000061035156,141.00999450683594,141.00999450683594,130800,0.0,0.0,0.0
2023-05-10 00:00:00-04:00,141.99000549316406,142.85000610351562,141.10000610351562,142.47999572753906,157300,0.0,0.0,0.0
2023-05-11 00:00:00-04:00,142.6999969482422,143.00999450683594,141.91000366210938,142.77000427246094,271800,0.0,0.0,0.0
2023-05-12 00:00:00-04:00,143.0500030517578,143.19000244140625,141.52999877929688,142.41000366210938,134300,0.0,0.0,0.0
2023-05-15 00:00:00-04:00,142.5,142.80999755859375,141.85000610351562,142.74000549316406,122300,0.0,0.0,0.0
2023-05-16 00:00:00-04:00,142.44000244140625,143.42999267578125,142.44000244140625,142.74000549316406,163000,0.0,0.0,0.0
2023-05-17 00:00:00-04:00,143.3300018310547,144.64999389648438,142.88999938964844,144.5500030517578,186000,0.0,0.0,0.0
2023-05-18 00:00:00-04:00,144.67999267578125,146.6300048828125,144.67999267578125,146.52000427246094,243400,0.0,0.0,0.0
2023-05-19 00:00:00-04:00,146.61000061035156,146.86000061035156,145.85000610351562,146.1999969482422,168200,0.0,0.0,0.0
2023-05-22 00:00:00-04:00,145.97000122070312,146.75999450683594,145.97000122070312,146.30999755859375,132400,0.0,0.0,0.0
2023-05-23 00:00:00-04:00,145.52000427246094,145.83999633789062,144.0,144.22999572753906,133000,0.0,0.0,0.0
2023-05-24 00:00:00-04:00,143.47999572753906,144.0500030517578,142.86000061035156,143.50999450683594,252300,0.0,0.0,0.0
2023-05-25 00:00:00-04:00,146.38999938964844,146.91000366210938,145.41000366210938,146.5800018310547,215100,0.0,0.0,0.0
2023-05-26 00:00:00-04:00,146.8000030517578,149.67999267578125,146.8000030517578,149.4199981689453,191100,0.0,0.0,0.0
2023-05-30 00:00:00-04:00,150.9199981689453,151.22999572753906,149.33999633789062,149.82000732421875,168200,0.0,0.0,0.0
2023-05-31 00:00:00-04:00,149.17999267578125,149.7899932861328,148.5,148.97999572753906,165800,0.0,0.0,0.0
2023-06-01 00:00:00-04:00,148.88999938964844,151.1300048828125,148.6699981689453,150.72999572753906,290200,0.0,0.0,0.0
2023-06-02 00:00:00-04:00,151.77000427246094,152.77000427246094,151.33999633789062,152.4600067138672,441400,0.0,0.0,0.0
2023-06-05 00:00:00-04:00,152.39999389648438,153.55999755859375,151.97000122070312,152.35000610351562,386000,0.0,0.0,0.0
2023-06-06 00:00:00-04:00,152.2100067138672,152.50999450683594,151.7100067138672,152.3300018310547,222500,0.0,0.0,0.0
2023-06-07 00:00:00-04:00,152.10000610351562,152.75,149.60000610351562,149.75999450683594,243900,0.0,0.0,0.0
2023-06-08 00:00:00-04:00,149.92999267578125,151.5399932861328,149.92999267578125,151.4499969482422,207400,0.0,0.0,0.0
2023-06-09 00:00:00-04:00,152.0,153.1199951171875,151.6300048828125,151.9600067138672,373400,0.0,0.0,0.0
2023-06-12 00:00:00-04:00,152.60000610351562,154.25999450683594,152.22999572753906,154.22000122070312,154400,0.0,0.0,0.0
2023-06-13 00:00:00-04:00,155.14999389648438,155.30999755859375,154.02999877929688,155.13999938964844,265200,0.0,0.0,0.0
2023-06-14 00:00:00-04:00,154.8699951171875,156.05999755859375,153.88999938964844,155.85000610351562,233600,0.0,0.0,0.0
2023-06-15 00:00:00-04:00,155.30999755859375,158.4499969482422,155.2899932861328,157.8699951171875,240800,0.0,0.0,0.0
2023-06-16 00:00:00-04:00,158.92999267578125,158.92999267578125,156.77999877929688,156.97999572753906,292500,0.0,0.0,0.0
2023-06-20 00:00:00-04:00,156.19000244140625,157.27000427246094,155.75999450683594,156.75999450683594,191000,0.0,0.0,0.0
2023-06-21 00:00:00-04:00,156.27000427246094,156.44000244140625,154.85000610351562,155.1999969482422,222900,0.0,0.0,0.0
2023-06-22 00:00:00-04:00,154.63999938964844,157.0,154.63999938964844,156.9600067138672,173800,0.0,0.0,0.0
2023-06-23 00:00:00-04:00,155.3800048828125,156.52999877929688,155.0500030517578,155.52999877929688,186600,0.0,0.0,0.0
2023-06-26 00:00:00-04:00,155.3800048828125,156.25,153.50999450683594,153.5399932861328,186000,0.0,0.0,0.0
2023-06-27 00:00:00-04:00,154.17999267578125,156.1699981689453,153.99000549316406,155.88999938964844,247900,0.0,0.0,0.0
2023-06-28 00:00:00-04:00,155.3000030517578,156.9600067138672,155.3000030517578,156.14999389648438,189000,0.0,0.0,0.0
2023-06-29 00:00:00-04:00,156.1300048828125,156.5399932861328,155.52999877929688,156.22000122070312,159300,0.0,0.0,0.0
2023-06-30 00:00:00-04:00,157.5399932861328,158.9199981689453,157.5399932861328,158.55999755859375,186100,0.0,0.0,0.0
2023-07-03 00:00:00-04:00,158.72000122070312,158.9199981689453,158.17999267578125,158.6699981689453,309700,0.0,0.0,0.0
2023-07-05 00:00:00-04:00,157.92999267578125,159.3800048828125,157.92999267578125,158.8300018310547,284000,0.0,0.0,0.0
2023-07-06 00:00:00-04:00,157.3699951171875,158.0,156.6300048828125,157.75999450683594,222900,0.0,0.0,0.0
2023-07-07 00:00:00-04:00,157.55999755859375,158.66000366210938,156.88999938964844,156.9199981689453,272900,0.0,0.0,0.0
2023-07-10 00:00:00-04:00,156.5500030517578,156.9199981689453,155.4600067138672,156.72000122070312,192200,0.0,0.0,0.0
2023-07-11 00:00:00-04:00,156.85000610351562,157.44000244140625,156.0399932861328,157.27999877929688,200300,0.0,0.0,0.0
2023-07-12 00:00:00-04:00,158.89999389648438,159.75,158.25999450683594,159.0,246900,0.0,0.0,0.0
2023-07-13 00:00:00-04:00,160.30999755859375,161.5,160.02000427246094,161.19000244140625,164600,0.0,0.0,0.0
2023-07-14 00:00:00-04:00,161.72999572753906,163.0800018310547,161.52000427246094,161.91000366210938,146500,0.0,0.0,0.0
2023-07-17 00:00:00-04:00,162.25999450683594,163.3000030517578,161.9199981689453,163.0399932861328,149600,0.0,0.0,0.0
2023-07-18 00:00:00-04:00,162.77999877929688,164.97000122070312,162.02000427246094,164.4199981689453,669100,0.0,0.0,0.0
2023-07-19 00:00:00-04:00,164.97000122070312,165.41000366210938,163.97999572753906,164.44000244140625,202700,0.0,0.0,0.0
2023-07-20 00:00:00-04:00,163.38999938964844,164.0399932861328,160.89999389648438,161.2899932861328,160000,0.0,0.0,0.0
2023-07-21 00:00:00-04:00,162.16000366210938,162.24000549316406,160.63999938964844,160.82000732421875,135600,0.0,0.0,0.0
2023-07-24 00:00:00-04:00,161.30999755859375,161.77000427246094,160.58999633789062,161.44000244140625,217600,0.0,0.0,0.0
2023-07-25 00:00:00-04:00,161.72000122070312,162.94000244140625,161.67999267578125,162.38999938964844,144600,0.0,0.0,0.0
2023-07-26 00:00:00-04:00,161.97999572753906,162.5800018310547,161.1300048828125,162.00999450683594,159300,0.0,0.0,0.0
2023-07-27 00:00:00-04:00,164.02000427246094,164.5399932861328,160.82000732421875,161.19000244140625,146600,0.0,0.0,0.0
2023-07-28 00:00:00-04:00,162.55999755859375,164.24000549316406,162.47999572753906,163.8699951171875,157700,0.0,0.0,0.0
2023-07-31 00:00:00-04:00,164.0,164.24000549316406,163.35000610351562,164.10000610351562,161800,0.0,0.0,0.0
2023-08-01 00:00:00-04:00,163.5500030517578,163.99000549316406,163.08999633789062,163.72000122070312,124700,0.0,0.0,0.0
2023-08-02 00:00:00-04:00,162.30999755859375,162.30999755859375,160.02999877929688,160.49000549316406,192100,0.0,0.0,0.0
2023-08-03 00:00:00-04:00,159.3800048828125,160.8300018310547,159.36000061035156,160.0500030517578,159900,0.0,0.0,0.0
2023-08-04 00:00:00-04:00,161.10000610351562,161.8699951171875,159.0800018310547,159.2899932861328,278900,0.0,0.0,0.0
2023-08-07 00:00:00-04:00,159.89999389648438,160.5800018310547,159.11000061035156,160.5399932861328,160300,0.0,0.0,0.0
2023-08-08 00:00:00-04:00,159.9199981689453,160.1199951171875,158.75,159.94000244140625,167400,0.0,0.0,0.0
2023-08-09 00:00:00-04:00,160.13999938964844,160.13999938964844,157.7899932861328,158.11000061035156,201700,0.0,0.0,0.0
2023-08-10 00:00:00-04:00,159.08999633789062,160.60000610351562,157.80999755859375,158.33999633789062,222600,0.0,0.0,0.0
2023-08-11 00:00:00-04:00,157.38999938964844,158.3300018310547,156.99000549316406,157.58999633789062,110500,0.0,0.0,0.0
2023-08-14 00:00:00-04:00,157.32000732421875,159.42999267578125,157.27000427246094,159.42999267578125,207300,0.0,0.0,0.0
2023-08-15 00:00:00-04:00,159.0399932861328,159.52000427246094,157.6999969482422,157.8699951171875,4889100,0.0,0.0,0.0
2023-08-16 00:00:00-04:00,157.63999938964844,158.64999389648438,156.6699981689453,156.69000244140625,213600,0.0,0.0,0.0
2023-08-17 00:00:00-04:00,157.11000061035156,157.16000366210938,154.8000030517578,155.0500030517578,261100,0.0,0.0,0.0
2023-08-18 00:00:00-04:00,153.4499969482422,155.30999755859375,153.13999938964844,154.77000427246094,190700,0.0,0.0,0.0
2023-08-21 00:00:00-04:00,155.52999877929688,157.33999633789062,155.22000122070312,157.11000061035156,253600,0.0,0.0,0.0
2023-08-22 00:00:00-04:00,158.2899932861328,158.2899932861328,156.69000244140625,157.0,273600,0.0,0.0,0.0
2023-08-23 00:00:00-04:00,157.49000549316406,159.80999755859375,157.49000549316406,159.38999938964844,177000,0.0,0.0,0.0
2023-08-24 00:00:00-04:00,160.82000732421875,160.88999938964844,156.38999938964844,156.42999267578125,130000,0.0,0.0,0.0
2023-08-25 00:00:00-04:00,156.94000244140625,158.3300018310547,155.4199981689453,157.6199951171875,174800,0.0,0.0,0.0
2023-08-28 00:00:00-04:00,158.64999389648438,158.91000366210938,157.66000366210938,158.63999938964844,221500,0.0,0.0,0.0
2023-08-29 00:00:00-04:00,158.4600067138672,162.0399932861328,158.4600067138672,161.89999389648438,383900,0.0,0.0,0.0
2023-08-30 00:00:00-04:00,162.05999755859375,163.16000366210938,161.69000244140625,162.8800048828125,211700,0.0,0.0,0.0
2023-08-31 00:00:00-04:00,163.0,164.0399932861328,162.9199981689453,163.1999969482422,115700,0.0,0.0,0.0
2023-09-01 00:00:00-04:00,164.36000061035156,164.36000061035156,162.39999389648438,163.0500030517578,139200,0.0,0.0,0.0
2023-09-05 00:00:00-04:00,162.72000122070312,163.80999755859375,162.4499969482422,163.30999755859375,300300,0.0,0.0,0.0
2023-09-06 00:00:00-04:00,162.9199981689453,162.9199981689453,160.75999450683594,161.61000061035156,171500,0.0,0.0,0.0
2023-09-07 00:00:00-04:00,159.52999877929688,161.1999969482422,159.33999633789062,160.8699951171875,156300,0.0,0.0,0.0
2023-09-08 00:00:00-04:00,160.80999755859375,161.9600067138672,160.80999755859375,161.22000122070312,114300,0.0,0.0,0.0
2023-09-11 00:00:00-04:00,162.4499969482422,163.22999572753906,161.77000427246094,163.08999633789062,187900,0.0,0.0,0.0
2023-09-12 00:00:00-04:00,162.2899932861328,162.55999755859375,160.82000732421875,161.0399932861328,197100,0.0,0.0,0.0
2023-09-13 00:00:00-04:00,160.9600067138672,162.25,160.61000061035156,161.77000427246094,169200,0.0,0.0,0.0
2023-09-14 00:00:00-04:00,162.42999267578125,163.17999267578125,161.57000732421875,162.82000732421875,792300,0.0,0.0,0.0
2023-09-15 00:00:00-04:00,162.35000610351562,162.41000366210938,159.92999267578125,160.1699981689453,174700,0.0,0.0,0.0
2023-09-18 00:00:00-04:00,159.6999969482422,160.86000061035156,159.6999969482422,160.35000610351562,219400,0.0,0.0,0.0
2023-09-19 00:00:00-04:00,159.77000427246094,160.2899932861328,158.83999633789062,160.07000732421875,193200,0.0,0.0,0.0
2023-09-20 00:00:00-04:00,160.5,160.57000732421875,157.75,157.7899932861328,247900,0.0,0.0,0.0
2023-09-21 00:00:00-04:00,156.17999267578125,156.4499969482422,154.82000732421875,154.86000061035156,323200,0.0,0.0,0.0
2023-09-22 00:00:00-04:00,155.5800018310547,156.3699951171875,154.55999755859375,154.77999877929688,186700,0.0,0.0,0.0
2023-09-25 00:00:00-04:00,154.35000610351562,155.60000610351562,153.99000549316406,155.5500030517578,164100,0.0,0.0,0.0
2023-09-26 00:00:00-04:00,154.19000244140625,154.2899932861328,152.32000732421875,152.69000244140625,174000,0.0,0.0,0.0
2023-09-27 00:00:00-04:00,153.14999389648438,153.5500030517578,151.1699981689453,152.6999969482422,212300,0.0,0.0,0.0
2023-09-28 00:00:00-04:00,152.22000122070312,154.52000427246094,151.8800048828125,153.7899932861328,151700,0.0,0.0,0.0
2023-09-29 00:00:00-04:00,155.3300018310547,155.64999389648438,153.33999633789062,153.8300018310547,151300,0.0,0.0,0.0
2023-10-02 00:00:00-04:00,153.7899932861328,155.86000061035156,153.6699981689453,155.4600067138672,673300,0.0,0.0,0.0
2023-10-03 00:00:00-04:00,154.4499969482422,155.1199951171875,152.07000732421875,152.67999267578125,280500,0.0,0.0,0.0
2023-10-04 00:00:00-04:00,152.8800048828125,155.08999633789062,152.8800048828125,154.8000030517578,254400,0.0,0.0,0.0
2023-10-05 00:00:00-04:00,154.72999572753906,155.17999267578125,153.33999633789062,154.8699951171875,160200,0.0,0.0,0.0
2023-10-06 00:00:00-04:00,153.64999389648438,157.91000366210938,153.60000610351562,157.42999267578125,305800,0.0,0.0,0.0
2023-10-09 00:00:00-04:00,156.3699951171875,158.4600067138672,155.8000030517578,158.17999267578125,235200,0.0,0.0,0.0
2023-10-10 00:00:00-04:00,158.42999267578125,160.0,158.1300048828125,158.8300018310547,214100,0.0,0.0,0.0
2023-10-11 00:00:00-04:00,159.42999267578125,160.30999755859375,158.8800048828125,160.27000427246094,185700,0.0,0.0,0.0
2023-10-12 00:00:00-04:00,160.38999938964844,161.3000030517578,158.80999755859375,159.77999877929688,195700,0.0,0.0,0.0
2023-10-13 00:00:00-04:00,160.25999450683594,160.47999572753906,157.50999450683594,158.1300048828125,206800,0.0,0.0,0.0
2023-10-16 00:00:00-04:00,158.72999572753906,160.25999450683594,158.60000610351562,159.8800048828125,3053100,0.0,0.0,0.0
2023-10-17 00:00:00-04:00,158.27000427246094,159.97999572753906,157.35000610351562,159.25,837500,0.0,0.0,0.0
2023-10-18 00:00:00-04:00,158.2100067138672,159.00999450683594,156.49000549316406,157.05999755859375,279400,0.0,0.0,0.0
2023-10-19 00:00:00-04:00,157.50999450683594,158.02000427246094,155.35000610351562,155.7100067138672,431000,0.0,0.0,0.0
2023-10-20 00:00:00-04:00,155.4499969482422,155.7100067138672,153.33999633789062,153.47999572753906,316500,0.0,0.0,0.0
2023-10-23 00:00:00-04:00,152.8000030517578,155.4199981689453,152.0399932861328,154.05999755859375,219700,0.0,0.0,0.0
2023-10-24 00:00:00-04:00,154.7899932861328,155.6999969482422,153.9499969482422,155.38999938964844,176700,0.0,0.0,0.0
2023-10-25 00:00:00-04:00,154.4499969482422,154.57000732421875,152.0399932861328,152.27999877929688,183900,0.0,0.0,0.0
2023-10-26 00:00:00-04:00,151.7100067138672,152.00999450683594,148.4499969482422,149.00999450683594,309600,0.0,0.0,0.0
2023-10-27 00:00:00-04:00,150.1699981689453,150.97999572753906,149.0500030517578,149.6199951171875,270200,0.0,0.0,0.0
2023-10-30 00:00:00-04:00,150.9199981689453,152.32000732421875,150.75999450683594,151.91000366210938,256900,0.0,0.0,0.0
2023-10-31 00:00:00-04:00,151.9499969482422,152.5399932861328,150.77999877929688,152.4199981689453,189300,0.0,0.0,0.0
2023-11-01 00:00:00-04:00,152.8300018310547,155.16000366210938,152.8300018310547,155.02000427246094,518200,0.0,0.0,0.0
2023-11-02 00:00:00-04:00,156.8699951171875,157.80999755859375,156.44000244140625,157.77000427246094,301100,0.0,0.0,0.0
2023-11-03 00:00:00-04:00,158.0399932861328,159.36000061035156,157.72000122070312,158.9499969482422,200300,0.0,0.0,0.0
2023-11-06 00:00:00-05:00,159.25,160.16000366210938,159.10000610351562,160.13999938964844,386900,0.0,0.0,0.0
2023-11-07 00:00:00-05:00,160.5500030517578,162.10000610351562,160.30999755859375,161.72999572753906,2724300,0.0,0.0,0.0
2023-11-08 00:00:00-05:00,162.0399932861328,162.5399932861328,161.35000610351562,162.4199981689453,384700,0.0,0.0,0.0
2023-11-09 00:00:00-05:00,162.63999938964844,162.85000610351562,160.83999633789062,161.0800018310547,211700,0.0,0.0,0.0
2023-11-10 00:00:00-05:00,161.8000030517578,164.4499969482422,161.58999633789062,164.36000061035156,198400,0.0,0.0,0.0
2023-11-13 00:00:00-05:00,163.82000732421875,164.6199951171875,163.05999755859375,164.13999938964844,231300,0.0,0.0,0.0
2023-11-14 00:00:00-05:00,166.57000732421875,167.60000610351562,166.35000610351562,167.0500030517578,228600,0.0,0.0,0.0
2023-11-15 00:00:00-05:00,167.75,167.92999267578125,166.36000061035156,166.99000549316406,278400,0.0,0.0,0.0
2023-11-16 00:00:00-05:00,166.8300018310547,167.8699951171875,166.6699981689453,167.75,289700,0.0,0.0,0.0
2023-11-17 00:00:00-05:00,167.61000061035156,167.8000030517578,166.77999877929688,167.47999572753906,195900,0.0,0.0,0.0
2023-11-20 00:00:00-05:00,167.47000122070312,169.55999755859375,167.42999267578125,169.25,258200,0.0,0.0,0.0
2023-11-21 00:00:00-05:00,168.58999633789062,168.8699951171875,167.94000244140625,168.7899932861328,339600,0.0,0.0,0.0
2023-11-22 00:00:00-05:00,169.63999938964844,170.5500030517578,169.0,169.47999572753906,229900,0.0,0.0,0.0
2023-11-24 00:00:00-05:00,169.25,169.5,168.77000427246094,169.0800018310547,82300,0.0,0.0,0.0
2023-11-27 00:00:00-05:00,168.88999938964844,169.77999877929688,168.88999938964844,168.9600067138672,381000,0.0,0.0,0.0
2023-11-28 00:00:00-05:00,168.63999938964844,169.6999969482422,168.47999572753906,169.4499969482422,452000,0.0,0.0,0.0
2023-11-29 00:00:00-05:00,170.3000030517578,170.6699981689453,168.82000732421875,168.82000732421875,333000,0.0,0.0,0.0
2023-11-30 00:00:00-05:00,169.14999389648438,169.27999877929688,167.50999450683594,168.8300018310547,196300,0.0,0.0,0.0
2023-12-01 00:00:00-05:00,168.35000610351562,169.4199981689453,167.75999450683594,169.05999755859375,481400,0.0,0.0,0.0
2023-12-04 00:00:00-05:00,167.6199951171875,167.6199951171875,166.13999938964844,167.42999267578125,401500,0.0,0.0,0.0
2023-12-05 00:00:00-05:00,166.88999938964844,169.02999877929688,166.88999938964844,168.5800018310547,3423900,0.0,0.0,0.0
2023-12-06 00:00:00-05:00,169.52000427246094,169.52000427246094,167.47000122070312,167.60000610351562,317800,0.0,0.0,0.0
2023-12-07 00:00:00-05:00,168.64999389648438,169.91000366210938,168.55999755859375,169.72000122070312,211900,0.0,0.0,0.0
2023-12-08 00:00:00-05:00,169.11000061035156,170.75999450683594,168.94000244140625,170.57000732421875,242100,0.0,0.0,0.0
2023-12-11 00:00:00-05:00,169.80999755859375,170.61000061035156,169.39999389648438,170.5800018310547,164600,0.0,0.0,0.0
2023-12-12 00:00:00-05:00,170.27999877929688,171.89999389648438,170.0500030517578,171.89999389648438,189300,0.0,0.0,0.0
2023-12-13 00:00:00-05:00,172.25,174.0500030517578,172.0399932861328,173.77999877929688,243700,0.0,0.0,0.0
2023-12-14 00:00:00-05:00,174.1999969482422,174.35000610351562,171.64999389648438,172.97999572753906,245700,0.0,0.0,0.0
2023-12-15 00:00:00-05:00,172.86000061035156,174.17999267578125,172.82000732421875,173.61000061035156,505500,0.0,0.0,0.0
2023-12-18 00:00:00-05:00,174.0399932861328,175.47000122070312,173.97999572753906,175.14999389648438,208600,0.0,0.0,0.0
2023-12-19 00:00:00-05:00,175.2100067138672,175.9199981689453,175.08999633789062,175.9199981689453,182700,0.0,0.0,0.0
2023-12-20 00:00:00-05:00,175.44000244140625,176.2899932861328,173.17999267578125,173.17999267578125,233200,0.0,0.0,0.0
2023-12-21 00:00:00-05:00,174.67999267578125,175.11000061035156,173.5800018310547,174.99000549316406,201100,0.0,0.0,0.0
2023-12-22 00:00:00-05:00,175.11000061035156,175.66000366210938,174.2899932861328,175.0,217200,0.0,0.0,0.0
2023-12-26 00:00:00-05:00,175.05999755859375,175.77000427246094,175.05999755859375,175.4499969482422,149800,0.0,0.0,0.0
2023-12-27 00:00:00-05:00,175.5800018310547,175.89999389648438,175.1999969482422,175.80999755859375,292900,0.0,0.0,0.0
2023-12-28 00:00:00-05:00,176.0399932861328,176.4199981689453,175.63999938964844,175.8000030517578,231100,0.0,0.0,0.0
2023-12-29 00:00:00-05:00,175.83999633789062,176.00999450683594,174.3000030517578,175.22000122070312,283100,0.0,0.0,0.0
2024-01-02 00:00:00-05:00,173.6199951171875,173.77000427246094,171.57000732421875,172.6300048828125,434500,0.0,0.0,0.0
2024-01-03 00:00:00-05:00,171.4600067138672,172.25,171.02000427246094,171.1999969482422,2188000,0.0,0.0,0.0
2024-01-04 00:00:00-05:00,170.83999633789062,171.9499969482422,170.27999877929688,170.3800048828125,730800,0.0,0.0,0.0
2024-01-05 00:00:00-05:00,170.4499969482422,171.61000061035156,169.89999389648438,170.47000122070312,310900,0.0,0.0,0.0
2024-01-08 00:00:00-05:00,171.11000061035156,174.14999389648438,171.11000061035156,174.1300048828125,1284600,0.0,0.0,0.0
2024-01-09 00:00:00-05:00,173.27999877929688,174.89999389648438,172.91000366210938,174.5500030517578,513900,0.0,0.0,0.0
2024-01-10 00:00:00-05:00,174.89999389648438,176.83999633789062,174.89999389648438,176.4499969482422,203500,0.0,0.0,0.0
2024-01-11 00:00:00-05:00,177.30999755859375,177.9199981689453,174.94000244140625,176.89999389648438,286700,0.0,0.0,0.0
2024-01-12 00:00:00-05:00,177.05999755859375,177.5399932861328,176.5,177.0800018310547,213700,0.0,0.0,0.0
2024-01-16 00:00:00-05:00,176.72000122070312,177.6999969482422,176.1699981689453,177.02000427246094,764900,0.0,0.0,0.0
2024-01-17 00:00:00-05:00,175.91000366210938,176.2899932861328,174.6300048828125,176.1999969482422,3896200,0.0,0.0,0.0
2024-01-18 00:00:00-05:00,177.4499969482422,178.72999572753906,176.92999267578125,178.61000061035156,869300,0.0,0.0,0.0
2024-01-19 00:00:00-05:00,179.52000427246094,181.3800048828125,178.97000122070312,181.33999633789062,365500,0.0,0.0,0.0
2024-01-22 00:00:00-05:00,182.24000549316406,182.63999938964844,181.49000549316406,181.67999267578125,327200,0.0,0.0,0.0
2024-01-23 00:00:00-05:00,182.00999450683594,182.33999633789062,181.3300018310547,182.25999450683594,205300,0.0,0.0,0.0
2024-01-24 00:00:00-05:00,183.61000061035156,184.80999755859375,183.0500030517578,183.16000366210938,410300,0.0,0.0,0.0
2024-01-25 00:00:00-05:00,183.47999572753906,184.24000549316406,182.3300018310547,183.3800048828125,270000,0.0,0.0,0.0
2024-01-26 00:00:00-05:00,182.97000122070312,183.89999389648438,182.69000244140625,183.0500030517578,179300,0.0,0.0,0.0
2024-01-29 00:00:00-05:00,183.32000732421875,185.05999755859375,183.16000366210938,184.97999572753906,466800,0.0,0.0,0.0
2024-01-30 00:00:00-05:00,185.0500030517578,185.13999938964844,183.8699951171875,184.16000366210938,2362600,0.0,0.0,0.0
2024-01-31 00:00:00-05:00,182.22999572753906,183.11000061035156,180.22000122070312,180.2899932861328,674600,0.0,0.0,0.0
2024-02-01 00:00:00-05:00,181.17999267578125,183.0500030517578,181.1300048828125,183.0500030517578,430800,0.0,0.0,0.0
2024-02-02 00:00:00-05:00,183.77000427246094,187.27999877929688,183.50999450683594,186.8000030517578,359100,0.0,0.0,0.0
2024-02-05 00:00:00-05:00,187.24000549316406,187.49000549316406,185.58999633789062,186.92999267578125,291700,0.0,0.0,0.0
2024-02-06 00:00:00-05:00,187.4499969482422,187.6300048828125,185.63999938964844,186.80999755859375,987900,0.0,0.0,0.0
2024-02-07 00:00:00-05:00,187.86000061035156,189.39999389648438,187.7100067138672,189.32000732421875,1363800,0.0,0.0,0.0
2024-02-08 00:00:00-05:00,189.36000061035156,189.7899932861328,189.0800018310547,189.4600067138672,254300,0.0,0.0,0.0
2024-02-09 00:00:00-05:00,190.11000061035156,191.6999969482422,189.9199981689453,191.47999572753906,289100,0.0,0.0,0.0
2024-02-12 00:00:00-05:00,191.47999572753906,191.9600067138672,190.0,190.41000366210938,366300,0.0,0.0,0.0
2024-02-13 00:00:00-05:00,187.02000427246094,189.00999450683594,186.5500030517578,187.75999450683594,265400,0.0,0.0,0.0
2024-02-14 00:00:00-05:00,189.1199951171875,190.02000427246094,187.89999389648438,189.82000732421875,751300,0.0,0.0,0.0
2024-02-15 00:00:00-05:00,189.83999633789062,190.07000732421875,188.64999389648438,190.02999877929688,268800,0.0,0.0,0.0
2024-02-16 00:00:00-05:00,190.27000427246094,190.27000427246094,188.5,188.77000427246094,243600,0.0,0.0,0.0
2024-02-20 00:00:00-05:00,187.7100067138672,188.27999877929688,185.47000122070312,186.85000610351562,537800,0.0,0.0,0.0
2024-02-21 00:00:00-05:00,185.8800048828125,186.47999572753906,184.80999755859375,186.47999572753906,290500,0.0,0.0,0.0
2024-02-22 00:00:00-05:00,190.3300018310547,192.6999969482422,190.25,192.42999267578125,328500,0.0,0.0,0.0
2024-02-23 00:00:00-05:00,193.35000610351562,193.8300018310547,191.60000610351562,192.1199951171875,286900,0.0,0.0,0.0
2024-02-26 00:00:00-05:00,192.5,192.8000030517578,191.50999450683594,191.50999450683594,340200,0.0,0.0,0.0
2024-02-27 00:00:00-05:00,191.6999969482422,191.97000122070312,190.75999450683594,191.8300018310547,230600,0.0,0.0,0.0
2024-02-28 00:00:00-05:00,191.1300048828125,191.3800048828125,190.47000122070312,190.9600067138672,175700,0.0,0.0,0.0
2024-02-29 00:00:00-05:00,191.75,192.66000366210938,190.47999572753906,192.32000732421875,242500,0.0,0.0,0.0
2024-03-01 00:00:00-05:00,192.4499969482422,194.61000061035156,192.4499969482422,194.47000122070312,263000,0.0,0.0,0.0
2024-03-04 00:00:00-05:00,194.0800018310547,194.42999267578125,193.4199981689453,193.4199981689453,340700,0.0,0.0,0.0
2024-03-05 00:00:00-05:00,192.27999877929688,192.2899932861328,189.2899932861328,190.22000122070312,232700,0.0,0.0,0.0
2024-03-06 00:00:00-05:00,191.8699951171875,192.16000366210938,190.3000030517578,191.1699981689453,395900,0.0,0.0,0.0
2024-03-07 00:00:00-05:00,192.50999450683594,194.33999633789062,191.77000427246094,193.7899932861328,401900,0.0,0.0,0.0
2024-03-08 00:00:00-05:00,194.27000427246094,195.7100067138672,191.27999877929688,191.5500030517578,382000,0.0,0.0,0.0
2024-03-11 00:00:00-04:00,190.97999572753906,191.3000030517578,190.0,190.69000244140625,325100,0.0,0.0,0.0
2024-03-12 00:00:00-04:00,192.02999877929688,194.38999938964844,190.75,194.2100067138672,4080300,0.0,0.0,0.0
2024-03-13 00:00:00-04:00,194.11000061035156,194.11000061035156,192.77000427246094,193.4199981689453,432300,0.0,0.0,0.0
2024-03-14 00:00:00-04:00,194.25999450683594,194.61000061035156,192.72999572753906,193.88999938964844,297800,0.0,0.0,0.0
2024-03-15 00:00:00-04:00,191.99000549316406,192.5800018310547,190.8000030517578,191.42999267578125,342100,0.0,0.0,0.0
2024-03-18 00:00:00-04:00,193.8300018310547,194.94000244140625,193.1699981689453,193.25,268000,0.0,0.0,0.0
2024-03-19 00:00:00-04:00,192.75,194.6300048828125,191.7899932861328,194.52000427246094,307200,0.0,0.0,0.0
2024-03-20 00:00:00-04:00,194.89999389648438,196.69000244140625,194.17999267578125,196.69000244140625,304500,0.0,0.0,0.0
2024-03-21 00:00:00-04:00,197.89999389648438,197.89999389648438,196.35000610351562,196.44000244140625,348800,0.0,0.0,0.0
2024-03-22 00:00:00-04:00,196.32000732421875,197.3300018310547,196.0,196.82000732421875,232500,0.0,0.0,0.0
2024-03-25 00:00:00-04:00,195.88999938964844,196.55999755859375,195.11000061035156,195.91000366210938,195100,0.0,0.0,0.0
2024-03-26 00:00:00-04:00,196.77000427246094,196.8300018310547,195.0800018310547,195.14999389648438,341700,0.0,0.0,0.0
2024-03-27 00:00:00-04:00,196.33999633789062,196.3800048828125,194.36000061035156,195.61000061035156,306800,0.0,0.0,0.0
2024-03-28 00:00:00-04:00,195.41000366210938,195.74000549316406,194.88999938964844,195.10000610351562,257400,0.0,0.0,0.0
2024-04-01 00:00:00-04:00,195.49000549316406,196.5500030517578,194.49000549316406,195.33999633789062,1656900,0.0,0.0,0.0
2024-04-02 00:00:00-04:00,192.88999938964844,193.92999267578125,192.3699951171875,193.77999877929688,1310900,0.0,0.0,0.0
2024-04-03 00:00:00-04:00,193.0800018310547,195.05999755859375,193.0800018310547,194.10000610351562,443300,0.0,0.0,0.0
2024-04-04 00:00:00-04:00,195.77999877929688,196.3000030517578,191.41000366210938,191.4499969482422,382500,0.0,0.0,0.0
2024-04-05 00:00:00-04:00,192.36000061035156,195.07000732421875,192.2899932861328,194.1699981689453,295700,0.0,0.0,0.0
2024-04-08 00:00:00-04:00,194.60000610351562,194.89999389648438,193.57000732421875,194.1300048828125,227400,0.0,0.0,0.0
2024-04-09 00:00:00-04:00,194.94000244140625,194.97000122070312,192.1699981689453,194.27999877929688,278700,0.0,0.0,0.0
2024-04-10 00:00:00-04:00,192.25999450683594,193.49000549316406,192.0,192.97000122070312,355300,0.0,0.0,0.0
2024-04-11 00:00:00-04:00,193.9199981689453,196.47999572753906,192.91000366210938,195.9600067138672,244700,0.0,0.0,0.0
2024-04-12 00:00:00-04:00,194.5399932861328,195.1300048828125,192.77999877929688,193.5500030517578,221200,0.0,0.0,0.0
2024-04-15 00:00:00-04:00,194.8800048828125,194.9600067138672,189.8699951171875,190.0,322400,0.0,0.0,0.0
2024-04-16 00:00:00-04:00,190.17999267578125,191.4199981689453,189.61000061035156,190.07000732421875,249500,0.0,0.0,0.0
2024-04-17 00:00:00-04:00,191.2899932861328,191.39999389648438,188.0,188.3300018310547,221900,0.0,0.0,0.0
2024-04-18 00:00:00-04:00,188.7100067138672,189.69000244140625,187.36000061035156,187.58999633789062,230100,0.0,0.0,0.0
2024-04-19 00:00:00-04:00,187.11000061035156,187.2100067138672,182.97999572753906,183.55999755859375,363700,0.0,0.0,0.0
2024-04-22 00:00:00-04:00,184.72000122070312,186.41000366210938,183.25,185.27000427246094,233900,0.0,0.0,0.0
2024-04-23 00:00:00-04:00,186.4499969482422,188.2899932861328,186.11000061035156,188.1999969482422,279800,0.0,0.0,0.0
2024-04-24 00:00:00-04:00,189.38999938964844,189.50999450683594,187.1699981689453,187.89999389648438,259400,0.0,0.0,0.0
2024-04-25 00:00:00-04:00,183.77999877929688,187.00999450683594,183.35000610351562,186.83999633789062,421200,0.0,0.0,0.0
2024-04-26 00:00:00-04:00,189.5800018310547,191.1999969482422,189.1199951171875,190.47000122070312,219700,0.0,0.0,0.0
2024-04-29 00:00:00-04:00,191.33999633789062,191.39999389648438,189.58999633789062,190.6199951171875,450000,0.0,0.0,0.0
2024-04-30 00:00:00-04:00,190.4199981689453,191.02999877929688,187.4199981689453,187.4199981689453,196800,0.0,0.0,0.0
2024-05-01 00:00:00-04:00,187.47000122070312,190.19000244140625,186.36000061035156,186.72000122070312,272900,0.0,0.0,0.0
2024-05-02 00:00:00-04:00,188.42999267578125,189.41000366210938,186.72999572753906,189.35000610351562,246700,0.0,0.0,0.0
2024-05-03 00:00:00-04:00,192.75,193.27000427246094,191.63999938964844,192.77999877929688,319800,0.0,0.0,0.0
2024-05-06 00:00:00-04:00,193.55999755859375,195.25,193.1199951171875,195.22999572753906,204200,0.0,0.0,0.0
2024-05-07 00:00:00-04:00,195.7100067138672,196.02999877929688,194.99000549316406,195.4499969482422,248200,0.0,0.0,0.0
2024-05-08 00:00:00-04:00,194.44000244140625,195.6199951171875,194.41000366210938,195.2100067138672,300700,0.0,0.0,0.0
2024-05-09 00:00:00-04:00,195.27000427246094,195.88999938964844,194.61000061035156,195.77000427246094,286000,0.0,0.0,0.0
2024-05-10 00:00:00-04:00,196.30999755859375,196.86000061035156,195.22999572753906,195.9199981689453,210800,0.0,0.0,0.0
2024-05-13 00:00:00-04:00,196.50999450683594,196.50999450683594,195.32000732421875,196.1300048828125,314400,0.0,0.0,0.0
2024-05-14 00:00:00-04:00,195.72000122070312,197.5500030517578,195.67999267578125,197.27000427246094,204500,0.0,0.0,0.0
2024-05-15 00:00:00-04:00,198.22999572753906,200.4499969482422,197.89999389648438,200.35000610351562,340900,0.0,0.0,0.0
2024-05-16 00:00:00-04:00,200.42999267578125,201.08999633789062,199.57000732421875,199.57000732421875,439600,0.0,0.0,0.0
2024-05-17 00:00:00-04:00,200.02000427246094,200.02000427246094,198.85000610351562,199.64999389648438,158600,0.0,0.0,0.0
2024-05-20 00:00:00-04:00,199.64999389648438,201.05999755859375,199.64999389648438,200.74000549316406,245700,0.0,0.0,0.0
2024-05-21 00:00:00-04:00,200.2899932861328,201.50999450683594,200.1199951171875,201.47999572753906,178100,0.0,0.0,0.0
2024-05-22 00:00:00-04:00,201.41000366210938,201.5500030517578,199.8000030517578,200.7100067138672,195700,0.0,0.0,0.0
2024-05-23 00:00:00-04:00,202.85000610351562,203.0399932861328,199.77999877929688,200.32000732421875,318600,0.0,0.0,0.0
2024-05-24 00:00:00-04:00,200.97999572753906,202.33999633789062,200.5500030517578,201.99000549316406,228900,0.0,0.0,0.0
2024-05-28 00:00:00-04:00,202.8300018310547,203.38999938964844,202.02000427246094,203.38999938964844,206300,0.0,0.0,0.0
2024-05-29 00:00:00-04:00,201.72999572753906,203.2100067138672,201.72999572753906,202.6999969482422,187800,0.0,0.0,0.0
2024-05-30 00:00:00-04:00,201.6300048828125,201.6300048828125,199.0,199.3699951171875,195500,0.0,0.0,0.0
2024-05-31 00:00:00-04:00,200.08999633789062,200.14999389648438,196.39999389648438,200.14999389648438,565800,0.0,0.0,0.0
2024-06-03 00:00:00-04:00,201.3699951171875,201.6999969482422,199.0800018310547,201.44000244140625,370900,0.0,0.0,0.0
2024-06-04 00:00:00-04:00,201.41000366210938,202.49000549316406,200.60000610351562,202.25,250700,0.0,0.0,0.0
2024-06-05 00:00:00-04:00,203.7100067138672,205.94000244140625,203.35000610351562,205.92999267578125,325400,0.0,0.0,0.0
2024-06-06 00:00:00-04:00,206.47000122070312,206.83999633789062,205.52999877929688,206.19000244140625,169400,0.0,0.0,0.0
2024-06-07 00:00:00-04:00,206.1300048828125,207.22999572753906,205.4499969482422,205.97999572753906,179900,0.0,0.0,0.0
2024-06-10 00:00:00-04:00,205.80999755859375,206.94000244140625,205.4199981689453,206.77000427246094,2711100,0.0,0.0,0.0
2024-06-11 00:00:00-04:00,206.49000549316406,208.67999267578125,205.75,208.64999389648438,3105000,0.0,0.0,0.0
2024-06-12 00:00:00-04:00,210.61000061035156,213.0,210.0800018310547,211.5399932861328,349100,0.0,0.0,0.0
2024-06-13 00:00:00-04:00,213.24000549316406,213.4499969482422,211.57000732421875,212.80999755859375,263700,0.0,0.0,0.0
2024-06-14 00:00:00-04:00,212.55999755859375,213.77000427246094,212.4199981689453,213.74000549316406,232400,0.0,0.0,0.0
2024-06-17 00:00:00-04:00,213.77000427246094,216.86000061035156,213.35000610351562,215.97000122070312,403500,0.0,0.0,0.0
2024-06-18 00:00:00-04:00,215.99000549316406,216.30999755859375,215.30999755859375,216.13999938964844,233200,0.0,0.0,0.0
2024-06-20 00:00:00-04:00,216.92999267578125,217.22999572753906,213.74000549316406,214.75999450683594,367300,0.0,0.0,0.0
2024-06-21 00:00:00-04:00,214.64999389648438,215.30999755859375,213.4600067138672,214.1199951171875,203100,0.0,0.0,0.0
2024-06-24 00:00:00-04:00,213.4499969482422,214.4600067138672,211.6699981689453,211.8000030517578,306400,0.0,0.0,0.0
2024-06-25 00:00:00-04:00,212.80999755859375,214.5399932861328,212.52000427246094,214.39999389648438,1167700,0.0,0.0,0.0
2024-06-26 00:00:00-04:00,214.13999938964844,215.92999267578125,214.13999938964844,215.77999877929688,362400,0.0,0.0,0.0
2024-06-27 00:00:00-04:00,215.77999877929688,216.8000030517578,215.2899932861328,216.14999389648438,203200,0.0,0.0,0.0
2024-06-28 00:00:00-04:00,216.69000244140625,218.22000122070312,214.44000244140625,214.52000427246094,232000,0.0,0.0,0.0
2024-07-01 00:00:00-04:00,215.2899932861328,216.9600067138672,213.67999267578125,216.72000122070312,464100,0.0,0.0,0.0
2024-07-02 00:00:00-04:00,215.67999267578125,218.61000061035156,215.5,218.61000061035156,346200,0.0,0.0,0.0
2024-07-03 00:00:00-04:00,218.32000732421875,220.5500030517578,218.2899932861328,220.4199981689453,282500,0.0,0.0,0.0
2024-07-05 00:00:00-04:00,220.77000427246094,223.22000122070312,220.6999969482422,223.02000427246094,269100,0.0,0.0,0.0
2024-07-08 00:00:00-04:00,223.38999938964844,223.52999877929688,222.6699981689453,223.3300018310547,435000,0.0,0.0,0.0
2024-07-09 00:00:00-04:00,224.16000366210938,224.7100067138672,222.9199981689453,223.77000427246094,226900,0.0,0.0,0.0
2024-07-10 00:00:00-04:00,224.4199981689453,226.11000061035156,223.85000610351562,225.97000122070312,368800,0.0,0.0,0.0
2024-07-11 00:00:00-04:00,225.58999633789062,225.80999755859375,219.8800048828125,220.44000244140625,452300,0.0,0.0,0.0
2024-07-12 00:00:00-04:00,220.7100067138672,223.58999633789062,220.44000244140625,221.57000732421875,242800,0.0,0.0,0.0
2024-07-15 00:00:00-04:00,223.08999633789062,224.39999389648438,221.35000610351562,222.3800048828125,277100,0.0,0.0,0.0
2024-07-16 00:00:00-04:00,223.1999969482422,223.42999267578125,220.5,221.5399932861328,507300,0.0,0.0,0.0
2024-07-17 00:00:00-04:00,217.6999969482422,217.77999877929688,215.0,215.2899932861328,384300,0.0,0.0,0.0
2024-07-18 00:00:00-04:00,217.0,217.0,211.99000549316406,213.8699951171875,377600,0.0,0.0,0.0
2024-07-19 00:00:00-04:00,213.3800048828125,215.16000366210938,211.99000549316406,212.3699951171875,178400,0.0,0.0,0.0
2024-07-22 00:00:00-04:00,214.86000061035156,216.42999267578125,213.8300018310547,215.63999938964844,306500,0.0,0.0,0.0
2024-07-23 00:00:00-04:00,215.8800048828125,217.7100067138672,215.74000549316406,215.80999755859375,225900,0.0,0.0,0.0
2024-07-24 00:00:00-04:00,212.38999938964844,212.47999572753906,207.2100067138672,207.61000061035156,380800,0.0,0.0,0.0
2024-07-25 00:00:00-04:00,207.5800018310547,209.4600067138672,203.13999938964844,205.25999450683594,400700,0.0,0.0,0.0
2024-07-26 00:00:00-04:00,206.99000549316406,208.3699951171875,205.8000030517578,207.02000427246094,230600,0.0,0.0,0.0
2024-07-29 00:00:00-04:00,208.3000030517578,209.22999572753906,206.69000244140625,207.39999389648438,227600,0.0,0.0,0.0
2024-07-30 00:00:00-04:00,208.02000427246094,208.19000244140625,202.49000549316406,204.17999267578125,233100,0.0,0.0,0.0
2024-07-31 00:00:00-04:00,208.85000610351562,210.75999450683594,207.8300018310547,210.1300048828125,367100,0.0,0.0,0.0
2024-08-01 00:00:00-04:00,211.25999450683594,213.1999969482422,204.52000427246094,206.2899932861328,1727600,0.0,0.0,0.0
2024-08-02 00:00:00-04:00,201.92999267578125,203.74000549316406,199.3000030517578,202.0399932861328,1570200,0.0,0.0,0.0
2024-08-05 00:00:00-04:00,188.5500030517578,197.75999450683594,187.80999755859375,194.66000366210938,2982000,0.0,0.0,0.0
2024-08-06 00:00:00-04:00,195.89999389648438,200.16000366210938,193.97999572753906,196.6999969482422,785000,0.0,0.0,0.0
2024-08-07 00:00:00-04:00,199.64999389648438,201.0500030517578,194.74000549316406,195.02999877929688,484500,0.0,0.0,0.0
2024-08-08 00:00:00-04:00,198.55999755859375,201.1199951171875,196.2100067138672,200.7899932861328,375700,0.0,0.0,0.0
2024-08-09 00:00:00-04:00,200.47000122070312,202.91000366210938,200.27000427246094,202.44000244140625,270700,0.0,0.0,0.0
2024-08-12 00:00:00-04:00,203.02000427246094,204.49000549316406,202.14999389648438,203.30999755859375,335200,0.0,0.0,0.0
2024-08-13 00:00:00-04:00,204.94000244140625,208.1999969482422,204.94000244140625,208.19000244140625,239900,0.0,0.0,0.0
2024-08-14 00:00:00-04:00,208.42999267578125,209.39999389648438,206.64999389648438,208.75999450683594,256200,0.0,0.0,0.0
2024-08-15 00:00:00-04:00,211.1699981689453,213.19000244140625,210.52999877929688,213.0800018310547,231800,0.0,0.0,0.0
2024-08-16 00:00:00-04:00,212.33999633789062,214.0,212.14999389648438,213.35000610351562,243800,0.0,0.0,0.0
2024-08-19 00:00:00-04:00,213.50999450683594,216.0,212.63999938964844,216.0,319600,0.0,0.0,0.0
2024-08-20 00:00:00-04:00,215.86000061035156,217.13999938964844,215.19000244140625,216.00999450683594,225100,0.0,0.0,0.0
2024-08-21 00:00:00-04:00,216.19000244140625,217.52000427246094,215.3699951171875,216.6999969482422,257400,0.0,0.0,0.0
2024-08-22 00:00:00-04:00,217.9199981689453,218.16000366210938,212.89999389648438,213.32000732421875,310500,0.0,0.0,0.0
2024-08-23 00:00:00-04:00,214.94000244140625,216.75,213.50999450683594,215.77000427246094,264900,0.0,0.0,0.0
2024-08-26 00:00:00-04:00,216.0,216.35000610351562,213.0399932861328,214.27999877929688,177500,0.0,0.0,0.0
2024-08-27 00:00:00-04:00,213.52000427246094,215.3300018310547,212.60000610351562,214.8300018310547,204800,0.0,0.0,0.0
2024-08-28 00:00:00-04:00,214.9199981689453,214.97999572753906,211.1999969482422,212.7899932861328,279400,0.0,0.0,0.0
2024-08-29 00:00:00-04:00,213.6300048828125,215.5,211.36000061035156,211.8800048828125,393900,0.0,0.0,0.0
2024-08-30 00:00:00-04:00,213.30999755859375,214.4600067138672,211.75999450683594,214.3699951171875,253600,0.0,0.0,0.0
2024-09-03 00:00:00-04:00,213.0,213.0,206.8000030517578,207.83999633789062,297300,0.0,0.0,0.0
2024-09-04 00:00:00-04:00,206.3000030517578,208.7100067138672,205.83999633789062,207.11000061035156,304600,0.0,0.0,0.0
2024-09-05 00:00:00-04:00,206.63999938964844,209.82000732421875,206.5,207.6300048828125,433000,0.0,0.0,0.0
2024-09-06 00:00:00-04:00,207.9499969482422,208.3699951171875,202.27000427246094,202.67999267578125,380100,0.0,0.0,0.0
2024-09-09 00:00:00-04:00,204.60000610351562,205.3800048828125,203.0,205.02999877929688,204500,0.0,0.0,0.0
2024-09-10 00:00:00-04:00,206.07000732421875,207.44000244140625,204.6699981689453,207.17999267578125,297600,0.0,0.0,0.0
2024-09-11 00:00:00-04:00,207.89999389648438,212.13999938964844,204.4499969482422,211.86000061035156,425200,0.0,0.0,0.0
2024-09-12 00:00:00-04:00,212.24000549316406,214.6999969482422,211.4499969482422,214.39999389648438,262800,0.0,0.0,0.0
2024-09-13 00:00:00-04:00,214.60000610351562,215.6999969482422,214.25999450683594,215.0500030517578,173700,0.0,0.0,0.0
2024-09-16 00:00:00-04:00,213.92999267578125,214.3300018310547,212.57000732421875,214.05999755859375,312300,0.0,0.0,0.0
2024-09-17 00:00:00-04:00,215.50999450683594,216.07000732421875,213.24000549316406,214.47000122070312,271100,0.0,0.0,0.0
2024-09-18 00:00:00-04:00,214.7899932861328,216.60000610351562,213.38999938964844,213.58999633789062,559900,0.0,0.0,0.0
2024-09-19 00:00:00-04:00,218.14999389648438,219.61000061035156,217.49000549316406,218.86000061035156,310300,0.0,0.0,0.0
2024-09-20 00:00:00-04:00,218.66000366210938,219.2899932861328,217.1300048828125,218.5800018310547,270800,0.0,0.0,0.0
2024-09-23 00:00:00-04:00,218.7899932861328,219.14999389648438,218.08999633789062,218.6999969482422,198400,0.0,0.0,0.0
2024-09-24 00:00:00-04:00,219.22999572753906,219.7899932861328,217.0,219.63999938964844,217400,0.0,0.0,0.0
2024-09-25 00:00:00-04:00,219.30999755859375,220.42999267578125,219.22999572753906,219.82000732421875,323900,0.0,0.0,0.0
2024-09-26 00:00:00-04:00,221.99000549316406,222.11000061035156,218.8699951171875,220.14999389648438,248200,0.0,0.0,0.0
2024-09-27 00:00:00-04:00,220.4600067138672,220.4600067138672,218.19000244140625,218.72000122070312,169100,0.0,0.0,0.0
2024-09-30 00:00:00-04:00,218.24000549316406,220.0800018310547,217.50999450683594,220.0500030517578,261800,0.0,0.0,0.0
2024-10-01 00:00:00-04:00,219.88999938964844,219.88999938964844,215.3300018310547,216.5,369900,0.0,0.0,0.0
2024-10-02 00:00:00-04:00,216.2899932861328,217.49000549316406,214.92999267578125,216.8699951171875,311700,0.0,0.0,0.0
2024-10-03 00:00:00-04:00,216.22999572753906,218.0399932861328,215.77000427246094,216.91000366210938,377200,0.0,0.0,0.0
2024-10-04 00:00:00-04:00,219.0800018310547,219.39999389648438,217.05999755859375,219.32000732421875,201900,0.0,0.0,0.0
2024-10-07 00:00:00-04:00,218.52000427246094,219.0399932861328,216.5,216.7899932861328,230800,0.0,0.0,0.0
2024-10-08 00:00:00-04:00,218.17999267578125,220.72000122070312,218.07000732421875,220.52999877929688,337300,0.0,0.0,0.0
2024-10-09 00:00:00-04:00,220.52000427246094,222.14999389648438,219.97000122070312,221.97000122070312,234400,0.0,0.0,0.0
2024-10-10 00:00:00-04:00,221.16000366210938,222.58999633789062,220.5800018310547,222.0500030517578,207800,0.0,0.0,0.0
2024-10-11 00:00:00-04:00,221.42999267578125,222.5800018310547,220.9499969482422,222.1300048828125,215500,0.0,0.0,0.0
