Date,Open,High,Low,Close,Volume,Dividends,Stock Splits
1993-10-14 00:00:00-04:00,2.400809026801068,2.400809026801068,2.299079830750175,2.3397715091705322,24600,0.0,0.0
1993-10-15 00:00:00-04:00,2.319424051099119,2.3601157011184015,2.2990782260894775,2.2990782260894775,7300,0.0,0.0
1993-10-18 00:00:00-04:00,2.2990789865625314,2.360116481781006,2.2990789865625314,2.360116481781006,3300,0.0,0.0
1993-10-19 00:00:00-04:00,2.360116481781006,2.360116481781006,2.339770650041514,2.360116481781006,1600,0.0,0.0
1993-10-20 00:00:00-04:00,2.339770650041514,2.360116481781006,2.339770650041514,2.360116481781006,800,0.0,0.0
1993-10-21 00:00:00-04:00,2.3804631875908893,2.3804631875908893,2.3194256699603537,2.3397715091705322,10800,0.0,0.0
1993-10-22 00:00:00-04:00,2.3397700399415107,2.3804616928100586,2.3397700399415107,2.3804616928100586,6100,0.0,0.0
1993-10-25 00:00:00-04:00,2.319424213507237,2.3804616928100586,2.319424213507237,2.3804616928100586,13200,0.0,0.0
1993-10-26 00:00:00-04:00,2.421153345678607,2.421153345678607,2.3804616928100586,2.3804616928100586,5800,0.0,0.0
1993-10-27 00:00:00-04:00,2.3804616928100586,2.3804616928100586,2.3804616928100586,2.3804616928100586,0,0.0,0.0
1993-10-28 00:00:00-04:00,2.3804616928100586,2.3804616928100586,2.3804616928100586,2.3804616928100586,700,0.0,0.0
1993-10-29 00:00:00-04:00,2.3804616928100586,2.3804616928100586,2.3804616928100586,2.3804616928100586,0,0.0,0.0
1993-11-01 00:00:00-05:00,2.3804616928100586,2.3804616928100586,2.3804616928100586,2.3804616928100586,0,0.0,0.0
1993-11-02 00:00:00-05:00,2.4008069038391113,2.4008069038391113,2.4008069038391113,2.4008069038391113,200,0.0,0.0
1993-11-03 00:00:00-05:00,2.3804616928100586,2.3804616928100586,2.3804616928100586,2.3804616928100586,1700,0.0,0.0
1993-11-04 00:00:00-05:00,2.3804610826201356,2.4008069038391113,2.3804610826201356,2.4008069038391113,5200,0.0,0.0
1993-11-05 00:00:00-05:00,2.3804616928100586,2.3804616928100586,2.3804616928100586,2.3804616928100586,300,0.0,0.0
1993-11-08 00:00:00-05:00,2.3510243892669678,2.3510243892669678,2.330580698925516,2.3510243892669678,7900,0.07,0.0
1993-11-09 00:00:00-05:00,2.3510203131458214,2.3510203131458214,2.310133003351981,2.3305766582489014,3000,0.0,0.0
1993-11-10 00:00:00-05:00,2.3305766582489014,2.3305766582489014,2.3305766582489014,2.3305766582489014,400,0.0,0.0
1993-11-11 00:00:00-05:00,2.330580698925516,2.3510243892669678,2.330580698925516,2.3510243892669678,1400,0.0,0.0
1993-11-12 00:00:00-05:00,2.3305785592678374,2.3305785592678374,2.2896912161227876,2.3101348876953125,16700,0.0,0.0
1993-11-15 00:00:00-05:00,2.289690481649863,2.289690481649863,2.248803151620401,2.269246816635132,7600,0.0,0.0
1993-11-16 00:00:00-05:00,2.248803151620401,2.269246816635132,2.22835948660567,2.269246816635132,5900,0.0,0.0
1993-11-17 00:00:00-05:00,2.269249664885657,2.2896933555603027,2.269249664885657,2.2896933555603027,6300,0.0,0.0
1993-11-18 00:00:00-05:00,2.3101341466645935,2.3101341466645935,2.269246816635132,2.269246816635132,16500,0.0,0.0
1993-11-19 00:00:00-05:00,2.248802383740743,2.248802383740743,2.2079150676727295,2.2079150676727295,10200,0.0,0.0
1993-11-22 00:00:00-05:00,2.187471409638723,2.2079150676727295,2.187471409638723,2.2079150676727295,1100,0.0,0.0
1993-11-23 00:00:00-05:00,2.187472320738293,2.187472320738293,2.146584987640381,2.146584987640381,19900,0.0,0.0
1993-11-24 00:00:00-05:00,2.167028654189337,2.167028654189337,2.126141321091425,2.146584987640381,26700,0.0,0.0
1993-11-26 00:00:00-05:00,2.167028654189337,2.167028654189337,2.146584987640381,2.146584987640381,1100,0.0,0.0
1993-11-29 00:00:00-05:00,2.1670291423797607,2.1670291423797607,2.146585471225235,2.1670291423797607,15200,0.0,0.0
1993-11-30 00:00:00-05:00,2.1874728135342867,2.1874728135342867,2.1670291423797607,2.1670291423797607,10800,0.0,0.0
1993-12-01 00:00:00-05:00,2.187473773956299,2.187473773956299,2.167030093825866,2.187473773956299,5300,0.0,0.0
1993-12-02 00:00:00-05:00,2.2079150676727295,2.2079150676727295,2.187471409638723,2.2079150676727295,5200,0.0,0.0
1993-12-03 00:00:00-05:00,2.187472833405941,2.228360176086426,2.187472833405941,2.228360176086426,5800,0.0,0.0
1993-12-06 00:00:00-05:00,2.228360176086426,2.248803847426668,2.228360176086426,2.228360176086426,6900,0.0,0.0
1993-12-07 00:00:00-05:00,2.228360176086426,2.228360176086426,2.2079165047461835,2.228360176086426,13200,0.0,0.0
1993-12-08 00:00:00-05:00,2.248803151620401,2.269246816635132,2.248803151620401,2.269246816635132,31400,0.0,0.0
1993-12-09 00:00:00-05:00,2.2396600246429443,2.2602073643185676,2.2396600246429443,2.2396600246429443,7000,0.07,0.0
1993-12-10 00:00:00-05:00,2.260207414627075,2.260207414627075,2.2191127343611283,2.260207414627075,7400,0.0,0.0
1993-12-13 00:00:00-05:00,2.2396600744941018,2.260207414627075,2.2191127343611283,2.260207414627075,9200,0.0,0.0
1993-12-14 00:00:00-05:00,2.2602067706740905,2.2602067706740905,2.1985647678375244,2.1985647678375244,10200,0.0,0.0
1993-12-15 00:00:00-05:00,2.219113826751709,2.219113826751709,2.219113826751709,2.219113826751709,4100,0.0,0.0
1993-12-16 00:00:00-05:00,2.1985647678375244,2.2191121021163798,2.1985647678375244,2.1985647678375244,11600,0.0,0.0
1993-12-17 00:00:00-05:00,2.1985661556135936,2.2191135028623186,2.178018808364868,2.178018808364868,31100,0.0,0.0
1993-12-20 00:00:00-05:00,2.1985647678375244,2.2191121021163798,2.178017433558669,2.1985647678375244,24600,0.0,0.0
1993-12-21 00:00:00-05:00,2.198566476504008,2.219113826751709,2.198566476504008,2.219113826751709,15900,0.0,0.0
1993-12-22 00:00:00-05:00,2.219113826751709,2.2396611769994097,2.219113826751709,2.219113826751709,9800,0.0,0.0
1993-12-23 00:00:00-05:00,2.2191121021163798,2.2191121021163798,2.178017433558669,2.1985647678375244,63500,0.0,0.0
1993-12-27 00:00:00-05:00,2.1985647678375244,2.1985647678375244,2.178017433558669,2.1985647678375244,14100,0.0,0.0
1993-12-28 00:00:00-05:00,2.198566476504008,2.219113826751709,2.198566476504008,2.219113826751709,28800,0.0,0.0
1993-12-29 00:00:00-05:00,2.2191121021163798,2.2191121021163798,2.1985647678375244,2.1985647678375244,12200,0.0,0.0
1993-12-30 00:00:00-05:00,2.2191121021163798,2.2191121021163798,2.1985647678375244,2.1985647678375244,12600,0.0,0.0
1993-12-31 00:00:00-05:00,2.219113826751709,2.219113826751709,2.198566476504008,2.219113826751709,21300,0.0,0.0
1994-01-03 00:00:00-05:00,2.219112684967321,2.2396600246429443,2.219112684967321,2.2396600246429443,500,0.0,0.0
1994-01-04 00:00:00-05:00,2.219112684967321,2.2396600246429443,2.219112684967321,2.2396600246429443,8900,0.0,0.0
1994-01-05 00:00:00-05:00,2.2396611769994097,2.2396611769994097,2.219113826751709,2.219113826751709,19300,0.0,0.0
1994-01-06 00:00:00-05:00,2.2602082150323053,2.301302909851074,2.239660867622921,2.301302909851074,37100,0.0,0.0
1994-01-07 00:00:00-05:00,2.301302909851074,2.301302909851074,2.2807555624416898,2.301302909851074,5600,0.0,0.0
1994-01-10 00:00:00-05:00,2.2922163009643555,2.312866898270341,2.2922163009643555,2.2922163009643555,6500,0.07,0.0
1994-01-11 00:00:00-05:00,2.292215551029552,2.292215551029552,2.2715649604797363,2.2715649604797363,12500,0.0,0.0
1994-01-12 00:00:00-05:00,2.292215551029552,2.292215551029552,2.2715649604797363,2.2715649604797363,17800,0.0,0.0
1994-01-13 00:00:00-05:00,2.2922163009643555,2.2922163009643555,2.2715657036583705,2.2922163009643555,10700,0.0,0.0
1994-01-14 00:00:00-05:00,2.2715657036583705,2.2922163009643555,2.2715657036583705,2.2922163009643555,7600,0.0,0.0
1994-01-17 00:00:00-05:00,2.2922160923480988,2.312866687774658,2.2922160923480988,2.312866687774658,3300,0.0,0.0
1994-01-18 00:00:00-05:00,2.312866687774658,2.312866687774658,2.2922160923480988,2.312866687774658,4400,0.0,0.0
1994-01-19 00:00:00-05:00,2.312866898270341,2.312866898270341,2.2922163009643555,2.2922163009643555,2100,0.0,0.0
1994-01-20 00:00:00-05:00,2.312866687774658,2.312866687774658,2.312866687774658,2.312866687774658,11900,0.0,0.0
1994-01-21 00:00:00-05:00,2.3335172832012177,2.3335172832012177,2.312866687774658,2.312866687774658,4500,0.0,0.0
1994-01-24 00:00:00-05:00,2.3335172832012177,2.3335172832012177,2.312866687774658,2.312866687774658,3900,0.0,0.0
1994-01-25 00:00:00-05:00,2.312866687774658,2.312866687774658,2.312866687774658,2.312866687774658,0,0.0,0.0
1994-01-26 00:00:00-05:00,2.312866687774658,2.312866687774658,2.312866687774658,2.312866687774658,1600,0.0,0.0
1994-01-27 00:00:00-05:00,2.312866898270341,2.312866898270341,2.2922163009643555,2.2922163009643555,6800,0.0,0.0
1994-01-28 00:00:00-05:00,2.2922163009643555,2.2922163009643555,2.2922163009643555,2.2922163009643555,3900,0.0,0.0
1994-01-31 00:00:00-05:00,2.2922163009643555,2.2922163009643555,2.2922163009643555,2.2922163009643555,13400,0.0,0.0
1994-02-01 00:00:00-05:00,2.312866898270341,2.312866898270341,2.2922163009643555,2.2922163009643555,4600,0.0,0.0
1994-02-02 00:00:00-05:00,2.2715649604797363,2.292215551029552,2.2715649604797363,2.2715649604797363,20300,0.0,0.0
1994-02-03 00:00:00-05:00,2.2715649604797363,2.292215551029552,2.2715649604797363,2.2715649604797363,4800,0.0,0.0
1994-02-04 00:00:00-05:00,2.292215551029552,2.292215551029552,2.2509143699299203,2.2715649604797363,12600,0.0,0.0
1994-02-07 00:00:00-05:00,2.2715630006352696,2.2715630006352696,2.2509124279022217,2.2509124279022217,3100,0.0,0.0
1994-02-08 00:00:00-05:00,2.2715630006352696,2.2715630006352696,2.2509124279022217,2.2509124279022217,4700,0.0,0.0
1994-02-09 00:00:00-05:00,2.2832953929901123,2.2832953929901123,2.2625381621447476,2.2832953929901123,9100,0.07,0.0
1994-02-10 00:00:00-05:00,2.2832949735500194,2.2832949735500194,2.2417805194854736,2.2417805194854736,10200,0.0,0.0
1994-02-11 00:00:00-05:00,2.2625377465177463,2.2625377465177463,2.2417805194854736,2.2417805194854736,9300,0.0,0.0
1994-02-14 00:00:00-05:00,2.2210232924532005,2.2625377465177463,2.2210232924532005,2.2417805194854736,8800,0.0,0.0
1994-02-15 00:00:00-05:00,2.2625372409820557,2.2625372409820557,2.241780018587725,2.2625372409820557,2700,0.0,0.0
1994-02-16 00:00:00-05:00,2.2625377465177463,2.2625377465177463,2.2417805194854736,2.2417805194854736,8800,0.0,0.0
1994-02-17 00:00:00-05:00,2.2625372409820557,2.2625372409820557,2.241780018587725,2.2625372409820557,4400,0.0,0.0
1994-02-18 00:00:00-05:00,2.2417803350484595,2.2417803350484595,2.1795086590748913,2.200265884399414,22500,0.0,0.0
1994-02-22 00:00:00-05:00,2.179508924484253,2.200266152336484,2.179508924484253,2.179508924484253,4700,0.0,0.0
1994-02-23 00:00:00-05:00,2.158751696632022,2.179508924484253,2.158751696632022,2.179508924484253,7600,0.0,0.0
1994-02-24 00:00:00-05:00,2.158752202987671,2.158752202987671,2.137994970266636,2.158752202987671,7700,0.0,0.0
1994-02-25 00:00:00-05:00,2.1587532006421135,2.1587532006421135,2.137995958328247,2.137995958328247,18300,0.0,0.0
1994-02-28 00:00:00-05:00,2.137995958328247,2.1587532006421135,2.137995958328247,2.137995958328247,14300,0.0,0.0
1994-03-01 00:00:00-05:00,2.1587498421762503,2.1587498421762503,2.1172354221343994,2.1172354221343994,13400,0.0,0.0
1994-03-02 00:00:00-05:00,2.096478212113474,2.1172354221343994,2.0757210020925485,2.1172354221343994,19300,0.0,0.0
1994-03-03 00:00:00-05:00,2.137994346052113,2.137994346052113,2.096479892730713,2.096479892730713,10000,0.0,0.0
1994-03-04 00:00:00-05:00,2.096478212113474,2.1172354221343994,2.096478212113474,2.1172354221343994,4300,0.0,0.0
1994-03-07 00:00:00-05:00,2.117237119391413,2.117237119391413,2.0757226660700128,2.096479892730713,12500,0.0,0.0
1994-03-08 00:00:00-05:00,2.096478212113474,2.1172354221343994,2.096478212113474,2.1172354221343994,9300,0.0,0.0
1994-03-09 00:00:00-05:00,2.087181806564331,2.1080536246299744,2.087181806564331,2.087181806564331,5500,0.07,0.0
1994-03-10 00:00:00-05:00,2.087181806564331,2.1080536246299744,2.087181806564331,2.087181806564331,5900,0.0,0.0
1994-03-11 00:00:00-05:00,2.087182337694829,2.1080541610717773,2.066310514317881,2.1080541610717773,3500,0.0,0.0
1994-03-14 00:00:00-05:00,2.087182228011314,2.1080540502914276,2.066310405731201,2.066310405731201,9100,0.0,0.0
1994-03-15 00:00:00-05:00,2.066310405731201,2.087182228011314,2.066310405731201,2.066310405731201,8400,0.0,0.0
1994-03-16 00:00:00-05:00,2.045438583451088,2.066310405731201,2.045438583451088,2.066310405731201,16200,0.0,0.0
1994-03-17 00:00:00-05:00,2.066310514317881,2.1080541610717773,2.066310514317881,2.1080541610717773,3300,0.0,0.0
1994-03-18 00:00:00-05:00,2.1080541610717773,2.1080541610717773,2.066310514317881,2.1080541610717773,11300,0.0,0.0
1994-03-21 00:00:00-05:00,2.066309319329016,2.08718113063537,2.0245656967163086,2.0245656967163086,11300,0.0,0.0
1994-03-22 00:00:00-05:00,2.024566761170975,2.066310405731201,2.024566761170975,2.066310405731201,14900,0.0,0.0
1994-03-23 00:00:00-05:00,2.066310405731201,2.087182228011314,2.066310405731201,2.066310405731201,3400,0.0,0.0
1994-03-24 00:00:00-05:00,2.045440673828125,2.045440673828125,2.003696986607143,2.045440673828125,18900,0.0,0.0
1994-03-25 00:00:00-05:00,2.0245656967163086,2.0454375080226623,2.0245656967163086,2.0245656967163086,7800,0.0,0.0
1994-03-28 00:00:00-05:00,2.045440673828125,2.045440673828125,2.045440673828125,2.045440673828125,3700,0.0,0.0
1994-03-29 00:00:00-05:00,2.0454375080226623,2.0454375080226623,2.0245656967163086,2.0245656967163086,3800,0.0,0.0
1994-03-30 00:00:00-05:00,2.0245656967163086,2.0245656967163086,2.003693885409955,2.0245656967163086,10800,0.0,0.0
1994-03-31 00:00:00-05:00,2.003694474069696,2.003694474069696,1.9828226566314697,1.9828226566314697,5100,0.0,0.0
1994-04-04 00:00:00-04:00,1.961951872576838,1.961951872576838,1.920208215713501,1.920208215713501,3500,0.0,0.0
1994-04-05 00:00:00-04:00,1.920207204316792,1.9828226566314697,1.920207204316792,1.9828226566314697,21100,0.0,0.0
1994-04-06 00:00:00-04:00,1.9619508391932439,1.9828226566314697,1.9619508391932439,1.9828226566314697,6900,0.0,0.0
1994-04-07 00:00:00-04:00,1.9828217724959054,2.0036935806274414,1.9828217724959054,2.0036935806274414,28700,0.0,0.0
1994-04-08 00:00:00-04:00,2.0036935806274414,2.0036935806274414,1.9828217724959054,2.0036935806274414,17200,0.0,0.0
1994-04-11 00:00:00-04:00,1.994457466805235,1.994457466805235,1.9524688885567039,1.9734631776809692,4200,0.07,0.0
1994-04-12 00:00:00-04:00,1.9734631776809695,1.9734631776809695,1.9524688885567039,1.9734631776809692,5400,0.0,0.0
1994-04-13 00:00:00-04:00,1.9734631776809695,1.994457466805235,1.9734631776809695,1.9734631776809692,2400,0.0,0.0
1994-04-14 00:00:00-04:00,1.9734631776809695,1.9734631776809695,1.9734631776809695,1.9734631776809692,3600,0.0,0.0
1994-04-15 00:00:00-04:00,1.9734624862670898,1.9944567680358884,1.9734624862670898,1.9944567680358887,4700,0.0,0.0
1994-04-18 00:00:00-04:00,1.9944576935101581,1.9944576935101581,1.9524691104888916,1.9524691104888916,11800,0.0,0.0
1994-04-19 00:00:00-04:00,1.9524688885567039,1.9734631776809695,1.9524688885567039,1.9734631776809692,4100,0.0,0.0
1994-04-20 00:00:00-04:00,1.931474599432438,1.9734631776809695,1.931474599432438,1.9734631776809692,10900,0.0,0.0
1994-04-21 00:00:00-04:00,1.9734634019995247,1.9734634019995247,1.9524691104888916,1.9524691104888916,9000,0.0,0.0
1994-04-22 00:00:00-04:00,1.9734631776809695,1.9734631776809695,1.9524688885567039,1.9734631776809692,5900,0.0,0.0
1994-04-25 00:00:00-04:00,1.9524691104888916,1.9524691104888916,1.9524691104888916,1.9524691104888916,600,0.0,0.0
1994-04-26 00:00:00-04:00,1.9734631776809695,1.9734631776809695,1.9734631776809695,1.9734631776809692,2000,0.0,0.0
1994-04-28 00:00:00-04:00,1.9734631776809695,1.9734631776809695,1.9734631776809695,1.9734631776809692,2300,0.0,0.0
1994-04-29 00:00:00-04:00,1.9734631776809695,1.9734631776809695,1.9734631776809695,1.9734631776809692,900,0.0,0.0
1994-05-02 00:00:00-04:00,1.9734624862670898,1.9944567680358884,1.9524682044982908,1.9944567680358887,9500,0.0,0.0
1994-05-03 00:00:00-04:00,1.9944554939866066,2.0154497623443604,1.9944554939866066,2.0154497623443604,2800,0.0,0.0
1994-05-04 00:00:00-04:00,1.9734631776809695,1.994457466805235,1.9524688885567039,1.9734631776809692,21100,0.0,0.0
1994-05-05 00:00:00-04:00,1.9734631776809695,1.994457466805235,1.9734631776809695,1.9734631776809692,13000,0.0,0.0
1994-05-06 00:00:00-04:00,1.9734629003897957,1.9734629003897957,1.9314743280410767,1.9314743280410767,6200,0.0,0.0
1994-05-09 00:00:00-04:00,1.943303812874688,1.9644266804059347,1.9010580778121948,1.9010580778121948,11300,0.07,0.0
1994-05-10 00:00:00-04:00,1.9221809453434415,1.943303812874688,1.9010580778121948,1.9010580778121948,15300,0.0,0.0
1994-05-11 00:00:00-04:00,1.9221809453434415,1.9221809453434415,1.9010580778121948,1.9010580778121948,4700,0.0,0.0
1994-05-12 00:00:00-04:00,1.9010580778121948,1.9221809453434415,1.9010580778121948,1.9010580778121948,3700,0.0,0.0
1994-05-13 00:00:00-04:00,1.9010581420018122,1.9221810102462769,1.9010581420018122,1.9221810102462769,11300,0.0,0.0
1994-05-16 00:00:00-04:00,1.9010581420018122,1.9433038784907413,1.9010581420018122,1.9221810102462769,7800,0.0,0.0
1994-05-17 00:00:00-04:00,1.9221797766892805,1.9433026313781736,1.9221797766892805,1.9433026313781738,12400,0.0,0.0
1994-05-18 00:00:00-04:00,1.964425486067067,1.964425486067067,1.9433026313781736,1.9433026313781738,6800,0.0,0.0
1994-05-19 00:00:00-04:00,1.9644263982772827,1.985549262774888,1.9644263982772827,1.9644263982772827,10900,0.0,0.0
1994-05-20 00:00:00-04:00,1.985549262774888,1.985549262774888,1.9644263982772827,1.9644263982772827,7400,0.0,0.0
1994-05-23 00:00:00-04:00,1.964425486067067,1.964425486067067,1.9433026313781736,1.9433026313781738,11000,0.0,0.0
1994-05-24 00:00:00-04:00,1.964425486067067,1.964425486067067,1.9433026313781736,1.9433026313781738,5800,0.0,0.0
1994-05-25 00:00:00-04:00,1.9433026313781736,1.9433026313781736,1.9433026313781736,1.9433026313781738,2300,0.0,0.0
1994-05-26 00:00:00-04:00,1.9644263982772827,1.985549262774888,1.9644263982772827,1.9644263982772827,5600,0.0,0.0
1994-05-27 00:00:00-04:00,1.964425486067067,1.964425486067067,1.9433026313781736,1.9433026313781738,2100,0.0,0.0
1994-05-31 00:00:00-04:00,1.9644264654910313,1.985549330711365,1.9644264654910313,1.9855493307113647,6300,0.0,0.0
1994-06-01 00:00:00-04:00,2.006671190261841,2.006671190261841,1.9855483356275057,2.006671190261841,4300,0.0,0.0
1994-06-02 00:00:00-04:00,2.0066721959316984,2.0066721959316984,1.985549330711365,1.9855493307113647,4200,0.0,0.0
1994-06-03 00:00:00-04:00,1.985547478000323,2.0277931690216064,1.985547478000323,2.0277931690216064,13900,0.0,0.0
1994-06-06 00:00:00-04:00,2.02779372697024,2.0911622809380597,2.02779372697024,2.0489165782928467,16500,0.0,0.0
1994-06-07 00:00:00-04:00,2.0489165782928467,2.0489165782928467,2.0489165782928467,2.0489165782928467,0,0.0,0.0
1994-06-08 00:00:00-04:00,2.0489160145322485,2.0489160145322485,2.0277931690216064,2.0277931690216064,3000,0.0,0.0
1994-06-09 00:00:00-04:00,1.997197409470876,2.0396909713745117,1.997197409470876,2.0396909713745117,10300,0.07,0.0
1994-06-10 00:00:00-04:00,2.0396927682976975,2.0396927682976975,2.0184459686279297,2.0184459686279297,4700,0.0,0.0
1994-06-13 00:00:00-04:00,2.0184459686279297,2.0396927682976975,2.0184459686279297,2.0184459686279297,8000,0.0,0.0
1994-06-14 00:00:00-04:00,2.0184441904226937,2.0396909713745117,2.0184441904226937,2.0396909713745117,9300,0.0,0.0
1994-06-15 00:00:00-04:00,2.0184459686279297,2.0184459686279297,1.997199168958162,2.0184459686279297,2800,0.0,0.0
1994-06-16 00:00:00-04:00,2.0184441904226937,2.0396909713745117,2.0184441904226937,2.0396909713745117,900,0.0,0.0
1994-06-17 00:00:00-04:00,2.0184441904226937,2.0396909713745117,1.997197409470876,2.0396909713745117,14900,0.0,0.0
1994-06-20 00:00:00-04:00,2.0396909713745117,2.0396909713745117,2.0184441904226937,2.0396909713745117,3600,0.0,0.0
1994-06-21 00:00:00-04:00,2.0396924120314575,2.0396924120314575,1.9971988201141357,1.9971988201141357,4500,0.0,0.0
1994-06-22 00:00:00-04:00,2.0184459686279297,2.0396927682976975,2.0184459686279297,2.0184459686279297,8500,0.0,0.0
1994-06-23 00:00:00-04:00,2.0396927682976975,2.0609395679674654,2.0184459686279297,2.0184459686279297,4300,0.0,0.0
1994-06-24 00:00:00-04:00,2.0184456160727966,2.0184456160727966,1.9971988201141357,1.9971988201141357,5300,0.0,0.0
1994-06-27 00:00:00-04:00,2.0184459686279297,2.0396927682976975,2.0184459686279297,2.0184459686279297,9400,0.0,0.0
1994-06-28 00:00:00-04:00,1.9971988201141357,2.0184456160727966,1.9971988201141357,1.9971988201141357,10800,0.0,0.0
1994-06-29 00:00:00-04:00,1.9971990943274613,1.9971990943274613,1.9759522954516373,1.9812639951705933,6500,0.0,0.0
1994-06-30 00:00:00-04:00,1.9759520241554747,1.9971988201141357,1.9759520241554747,1.9971988201141357,1700,0.0,0.0
1994-07-01 00:00:00-04:00,1.9971988201141357,1.9971988201141357,1.9759520241554747,1.9971988201141357,8300,0.0,0.0
1994-07-05 00:00:00-04:00,1.9759520241554747,1.9971988201141357,1.9759520241554747,1.9971988201141357,10400,0.0,0.0
1994-07-06 00:00:00-04:00,1.9971988201141357,1.9971988201141357,1.9759520241554747,1.9971988201141357,4900,0.0,0.0
1994-07-07 00:00:00-04:00,1.997199789170296,1.997199789170296,1.9759529829025269,1.9759529829025269,4000,0.0,0.0
1994-07-08 00:00:00-04:00,1.9759529829025269,1.997199789170296,1.9759529829025269,1.9759529829025269,9200,0.0,0.0
1994-07-11 00:00:00-04:00,1.9879237540224763,2.0092992782592773,1.9879237540224763,2.0092992782592773,2700,0.07,0.0
1994-07-12 00:00:00-04:00,1.9879237540224763,2.0092992782592773,1.9879237540224763,2.0092992782592773,4500,0.0,0.0
1994-07-13 00:00:00-04:00,2.0092992782592773,2.0092992782592773,1.9879237540224763,2.0092992782592773,10500,0.0,0.0
1994-07-14 00:00:00-04:00,2.0092992782592773,2.030674802496078,1.9879237540224763,2.0092992782592773,16000,0.0,0.0
1994-07-15 00:00:00-04:00,2.0092992782592773,2.030674802496078,2.0092992782592773,2.0092992782592773,7600,0.0,0.0
1994-07-18 00:00:00-04:00,2.0092987010353487,2.0306742191314697,2.0092987010353487,2.0306742191314697,1900,0.0,0.0
1994-07-19 00:00:00-04:00,2.0092992782592773,2.030674802496078,2.0092992782592773,2.0092992782592773,2600,0.0,0.0
1994-07-20 00:00:00-04:00,2.0092992654410744,2.0092992654410744,1.9879237413406374,1.9879237413406372,10800,0.0,0.0
1994-07-21 00:00:00-04:00,2.0092992654410744,2.0092992654410744,1.9879237413406374,1.9879237413406372,6500,0.0,0.0
1994-07-22 00:00:00-04:00,2.0092992654410744,2.0092992654410744,1.9879237413406374,1.9879237413406372,1200,0.0,0.0
1994-07-25 00:00:00-04:00,1.9879228848478068,1.9879228848478068,1.9665473699569702,1.9665473699569702,3800,0.0,0.0
1994-07-26 00:00:00-04:00,1.9665473699569702,1.9665473699569702,1.9665473699569702,1.9665473699569702,4100,0.0,0.0
1994-07-27 00:00:00-04:00,1.9665482297856756,2.0092992782592773,1.9665482297856756,2.0092992782592773,27600,0.0,0.0
1994-07-28 00:00:00-04:00,2.0092992782592773,2.030674802496078,2.0092992782592773,2.0092992782592773,10300,0.0,0.0
1994-07-29 00:00:00-04:00,2.030674802496078,2.030674802496078,2.0092992782592773,2.0092992782592773,2600,0.0,0.0
1994-08-01 00:00:00-04:00,2.030674789541511,2.030674789541511,1.9879237413406374,1.9879237413406372,13900,0.0,0.0
1994-08-02 00:00:00-04:00,1.9879237540224763,2.0092992782592773,1.9879237540224763,2.0092992782592773,2900,0.0,0.0
1994-08-03 00:00:00-04:00,1.9879237540224763,2.0092992782592773,1.9879237540224763,2.0092992782592773,11300,0.0,0.0
1994-08-04 00:00:00-04:00,1.9879237540224763,2.0092992782592773,1.9879237540224763,2.0092992782592773,8800,0.0,0.0
1994-08-05 00:00:00-04:00,1.9879237413406374,1.9879237413406374,1.9879237413406374,1.9879237413406372,9300,0.0,0.0
1994-08-08 00:00:00-04:00,1.9879237413406374,1.9879237413406374,1.9879237413406374,1.9879237413406372,4400,0.0,0.0
1994-08-09 00:00:00-04:00,1.978461146354675,1.9999661588150521,1.978461146354675,1.9784611463546753,7300,0.07,0.0
1994-08-10 00:00:00-04:00,1.978461146354675,1.978461146354675,1.9569561338942982,1.9784611463546753,4800,0.0,0.0
1994-08-11 00:00:00-04:00,1.9569561338942982,1.978461146354675,1.9569561338942982,1.9784611463546753,9200,0.0,0.0
1994-08-12 00:00:00-04:00,1.9569561338942982,1.978461146354675,1.9569561338942982,1.9784611463546753,3800,0.0,0.0
1994-08-15 00:00:00-04:00,1.9569551944732668,1.9784601966103357,1.9569551944732668,1.9569551944732666,6200,0.0,0.0
1994-08-16 00:00:00-04:00,1.9569563532388337,1.9999663829803465,1.9569563532388337,1.9999663829803467,14300,0.0,0.0
1994-08-17 00:00:00-04:00,1.978461146354675,1.978461146354675,1.9569561338942982,1.9784611463546753,4600,0.0,0.0
1994-08-18 00:00:00-04:00,1.9569551944732668,1.9569551944732668,1.9569551944732668,1.9569551944732666,2800,0.0,0.0
1994-08-19 00:00:00-04:00,1.935450192336198,1.9569551944732668,1.935450192336198,1.9569551944732666,25200,0.0,0.0
1994-08-22 00:00:00-04:00,1.9569561338942982,1.978461146354675,1.9569561338942982,1.9784611463546753,14100,0.0,0.0
1994-08-23 00:00:00-04:00,1.9569551944732668,1.9784601966103357,1.9569551944732668,1.9569551944732666,6700,0.0,0.0
1994-08-24 00:00:00-04:00,1.9569560421837702,1.9569560421837702,1.9354510307312014,1.9354510307312012,21600,0.0,0.0
1994-08-25 00:00:00-04:00,1.9354494769921464,1.9354494769921464,1.9139444828033447,1.9139444828033447,13000,0.0,0.0
1994-08-26 00:00:00-04:00,1.9354510307312014,1.9569560421837702,1.9139460192786324,1.9354510307312012,3900,0.0,0.0
1994-08-29 00:00:00-04:00,1.9139460192786324,1.9569560421837702,1.9139460192786324,1.9354510307312012,17200,0.0,0.0
1994-08-30 00:00:00-04:00,1.9569551944732668,1.9569551944732668,1.9569551944732668,1.9569551944732666,3500,0.0,0.0
1994-08-31 00:00:00-04:00,1.9569551944732668,1.9569551944732668,1.935450192336198,1.9569551944732666,17400,0.0,0.0
1994-09-01 00:00:00-04:00,1.9569551944732668,1.9569551944732668,1.9569551944732668,1.9569551944732666,4500,0.0,0.0
1994-09-02 00:00:00-04:00,1.9569561338942982,1.978461146354675,1.9569561338942982,1.9784611463546753,7400,0.0,0.0
1994-09-06 00:00:00-04:00,1.9569560421837702,1.9784610536363392,1.9354510307312014,1.9354510307312012,4900,0.0,0.0
1994-09-07 00:00:00-04:00,1.935450192336198,1.9569551944732668,1.935450192336198,1.9569551944732666,14200,0.0,0.0
1994-09-08 00:00:00-04:00,1.978461146354675,1.978461146354675,1.9569561338942982,1.9784611463546753,3000,0.0,0.0
1994-09-09 00:00:00-04:00,1.9473052024841309,1.9473052024841309,1.925668478012085,1.9473052024841309,1800,0.07,0.0
1994-09-12 00:00:00-04:00,1.925668721911551,1.925668721911551,1.8823952674865723,1.8823952674865723,9300,0.0,0.0
1994-09-13 00:00:00-04:00,1.925666187297214,1.925666187297214,1.9040294885635376,1.9040294885635376,3900,0.0,0.0
1994-09-14 00:00:00-04:00,1.8823943298854187,1.9256677627563477,1.8823943298854187,1.9256677627563477,6700,0.0,0.0
1994-09-15 00:00:00-04:00,1.9040294885635376,1.925666187297214,1.9040294885635376,1.9040294885635376,5400,0.0,0.0
1994-09-16 00:00:00-04:00,1.8823952674865723,1.8823952674865723,1.860758540274083,1.8823952674865723,13700,0.0,0.0
1994-09-19 00:00:00-04:00,1.8823930995408877,1.8823930995408877,1.8607563972473145,1.8607563972473145,9400,0.0,0.0
1994-09-20 00:00:00-04:00,1.8391193151474,1.8391193151474,1.8174826173221363,1.8391193151474,26300,0.0,0.0
1994-09-21 00:00:00-04:00,1.8174829926601674,1.8607563972473145,1.8174829926601674,1.8607563972473145,14300,0.0,0.0
1994-09-22 00:00:00-04:00,1.8391197488968631,1.8391197488968631,1.7958463430404663,1.7958463430404663,13000,0.0,0.0
1994-09-23 00:00:00-04:00,1.8174830459686648,1.8174830459686648,1.7958463430404663,1.7958463430404663,46900,0.0,0.0
1994-09-26 00:00:00-04:00,1.8174829926601674,1.8607563972473145,1.7958462903665942,1.8607563972473145,26600,0.0,0.0
1994-09-27 00:00:00-04:00,1.8174829926601674,1.8823930995408877,1.8174829926601674,1.8607563972473145,22200,0.0,0.0
1994-09-28 00:00:00-04:00,1.860758540274083,1.8823952674865723,1.860758540274083,1.8823952674865723,5900,0.0,0.0
1994-09-29 00:00:00-04:00,1.8823930995408877,1.8823930995408877,1.839119694953741,1.8607563972473145,5800,0.0,0.0
1994-09-30 00:00:00-04:00,1.8391193151474,1.8607560129726635,1.8391193151474,1.8391193151474,1400,0.0,0.0
1994-10-03 00:00:00-04:00,1.8391193151474,1.8823927107979268,1.8391193151474,1.8391193151474,17400,0.0,0.0
1994-10-04 00:00:00-04:00,1.8607563972473145,1.8607563972473145,1.839119694953741,1.8607563972473145,4400,0.0,0.0
1994-10-05 00:00:00-04:00,1.8391206150963193,1.8607573282150995,1.817483901977539,1.817483901977539,20000,0.0,0.0
1994-10-06 00:00:00-04:00,1.817483901977539,1.8391206150963193,1.817483901977539,1.817483901977539,2300,0.0,0.0
1994-10-07 00:00:00-04:00,1.8078979438259488,1.8296798467636108,1.8078979438259488,1.8296798467636108,7500,0.07,0.0
1994-10-10 00:00:00-04:00,1.8296826029398354,1.8296826029398354,1.8079006671905518,1.8079006671905518,3600,0.0,0.0
1994-10-11 00:00:00-04:00,1.8296826029398354,1.8514645386891193,1.8079006671905518,1.8079006671905518,19800,0.0,0.0
1994-10-12 00:00:00-04:00,1.8079006671905518,1.8296826029398354,1.8079006671905518,1.8079006671905518,7600,0.0,0.0
1994-10-13 00:00:00-04:00,1.8296798467636108,1.8514617497012729,1.8296798467636108,1.8296798467636108,11000,0.0,0.0
1994-10-14 00:00:00-04:00,1.8514617497012729,1.8514617497012729,1.8296798467636108,1.8296798467636108,9200,0.0,0.0
1994-10-17 00:00:00-04:00,1.8514645386891193,1.8514645386891193,1.8079006671905518,1.8079006671905518,14400,0.0,0.0
1994-10-18 00:00:00-04:00,1.8078998415558427,1.8078998415558427,1.7643359899520876,1.7643359899520874,31500,0.0,0.0
1994-10-19 00:00:00-04:00,1.7643367956919842,1.8079006671905518,1.7643367956919842,1.8079006671905518,27600,0.0,0.0
1994-10-20 00:00:00-04:00,1.7861173152923584,1.8078992337715336,1.7643353968131834,1.7861173152923584,21900,0.0,0.0
1994-10-21 00:00:00-04:00,1.8078992337715336,1.8078992337715336,1.7861173152923584,1.7861173152923584,6300,0.0,0.0
1994-10-24 00:00:00-04:00,1.8079006671905518,1.8079006671905518,1.7861187314412679,1.8079006671905518,20000,0.0,0.0
1994-10-25 00:00:00-04:00,1.7861187314412679,1.8079006671905518,1.7861187314412679,1.8079006671905518,14500,0.0,0.0
1994-10-26 00:00:00-04:00,1.7861184198645095,1.8079003518140768,1.7207726240158079,1.720772624015808,32600,0.0,0.0
1994-10-27 00:00:00-04:00,1.7207723781466484,1.764336235821247,1.7207723781466484,1.7425543069839478,15800,0.0,0.0
1994-10-28 00:00:00-04:00,1.7643359899520876,1.7643359899520876,1.74255406415021,1.7643359899520874,5300,0.0,0.0
1994-10-31 00:00:00-05:00,1.7425545559653752,1.7425545559653752,1.7207726240158079,1.720772624015808,12000,0.0,0.0
1994-11-01 00:00:00-05:00,1.7425543069839478,1.764336235821247,1.7425543069839478,1.7425543069839478,13900,0.0,0.0
1994-11-02 00:00:00-05:00,1.7425543069839478,1.7425543069839478,1.7207723781466484,1.7425543069839478,22500,0.0,0.0
1994-11-03 00:00:00-05:00,1.7207723781466484,1.7425543069839478,1.6772085204720497,1.7425543069839478,25400,0.0,0.0
1994-11-04 00:00:00-05:00,1.7425543069839478,1.764336235821247,1.7207723781466484,1.7425543069839478,28600,0.0,0.0
1994-11-07 00:00:00-05:00,1.742554200001252,1.742554200001252,1.6989903450012207,1.6989903450012207,15800,0.0,0.0
1994-11-08 00:00:00-05:00,1.7332148300973993,1.7332148300973993,1.6454571171810752,1.6673965454101562,11800,0.07,0.0
1994-11-09 00:00:00-05:00,1.7112756967544556,1.7112756967544556,1.6454574007254381,1.7112756967544556,22600,0.0,0.0
1994-11-10 00:00:00-05:00,1.6893359736392373,1.6893359736392373,1.6454571171810752,1.6673965454101562,21300,0.0,0.0
1994-11-11 00:00:00-05:00,1.6235193014144897,1.6454587514336045,1.6235193014144897,1.6235193014144897,5900,0.0,0.0
1994-11-14 00:00:00-05:00,1.6454570293426514,1.6893358834584553,1.6235176022847493,1.6454570293426514,36800,0.0,0.0
1994-11-15 00:00:00-05:00,1.6235178879329135,1.711275611604963,1.6235178879329135,1.6893361806869507,55000,0.0,0.0
1994-11-16 00:00:00-05:00,1.6673965454101562,1.7112754018683183,1.6454571171810752,1.6673965454101562,52300,0.0,0.0
1994-11-17 00:00:00-05:00,1.6673965454101562,1.6893359736392373,1.6673965454101562,1.6673965454101562,37800,0.0,0.0
1994-11-18 00:00:00-05:00,1.6893362647447832,1.7112756967544556,1.6673968327351105,1.7112756967544556,19700,0.0,0.0
1994-11-21 00:00:00-05:00,1.7112756967544556,1.7332151287641282,1.7112756967544556,1.7112756967544556,34500,0.0,0.0
1994-11-22 00:00:00-05:00,1.7112756967544556,1.7332151287641282,1.6893362647447832,1.7112756967544556,53400,0.0,0.0
1994-11-23 00:00:00-05:00,1.6893361327124805,1.8209727144822843,1.6893361327124805,1.799033284187317,43400,0.0,0.0
1994-11-25 00:00:00-05:00,1.7990340755646488,1.820973515510559,1.7990340755646488,1.820973515510559,16200,0.0,0.0
1994-11-28 00:00:00-05:00,1.8209732373555503,1.8209732373555503,1.7770943641662598,1.7770943641662598,34400,0.0,0.0
1994-11-29 00:00:00-05:00,1.7770946457982062,1.8209735259413717,1.7551552057266235,1.7551552057266235,72000,0.0,0.0
1994-11-30 00:00:00-05:00,1.7770938538923495,1.8209727144822843,1.7551544235973824,1.799033284187317,24200,0.0,0.0
1994-12-01 00:00:00-05:00,1.799033284187317,1.8209727144822843,1.7770938538923495,1.799033284187317,20300,0.0,0.0
1994-12-02 00:00:00-05:00,1.7770930996962955,1.864850783631915,1.7770930996962955,1.8429113626480103,25400,0.0,0.0
1994-12-05 00:00:00-05:00,1.8429129554564696,1.86485239540238,1.820973515510559,1.820973515510559,12200,0.0,0.0
1994-12-06 00:00:00-05:00,1.8429129881017348,1.8867918687708238,1.8429129881017348,1.8648524284362793,41100,0.0,0.0
1994-12-07 00:00:00-05:00,1.8867918353482902,1.8867918353482902,1.820973515510559,1.820973515510559,16000,0.0,0.0
1994-12-08 00:00:00-05:00,1.8209727144822843,1.8429121447772514,1.7551544235973824,1.799033284187317,44000,0.0,0.0
1994-12-09 00:00:00-05:00,1.7672231720715035,1.811403751373291,1.7672231720715035,1.811403751373291,10500,0.07,0.0
1994-12-12 00:00:00-05:00,1.7893137931823728,1.8114040869253651,1.7893137931823728,1.789313793182373,9900,0.0,0.0
1994-12-13 00:00:00-05:00,1.8114040869253651,1.8114040869253651,1.7672234994393807,1.789313793182373,18100,0.0,0.0
1994-12-14 00:00:00-05:00,1.789312707526343,1.8776738288856687,1.789312707526343,1.8555835485458374,83600,0.0,0.0
1994-12-15 00:00:00-05:00,1.8555843306750786,1.8555843306750786,1.811403751373291,1.811403751373291,20200,0.0,0.0
1994-12-16 00:00:00-05:00,1.7893143743276596,1.811404675245285,1.7672240734100342,1.7672240734100342,26500,0.0,0.0
1994-12-19 00:00:00-05:00,1.7893134617223971,1.833494041024185,1.7893134617223971,1.811403751373291,20800,0.0,0.0
1994-12-20 00:00:00-05:00,1.7893137931823728,1.8334943806683575,1.7893137931823728,1.789313793182373,23600,0.0,0.0
1994-12-21 00:00:00-05:00,1.7893138362700682,1.8334944248199463,1.7893138362700682,1.8334944248199463,27900,0.0,0.0
1994-12-22 00:00:00-05:00,1.8114040869253651,1.8334943806683575,1.7672234994393807,1.789313793182373,56400,0.0,0.0
1994-12-23 00:00:00-05:00,1.7893134617223971,1.811403751373291,1.7893134617223971,1.811403751373291,9100,0.0,0.0
1994-12-27 00:00:00-05:00,1.811403751373291,1.811403751373291,1.7893134617223971,1.811403751373291,23400,0.0,0.0
1994-12-28 00:00:00-05:00,1.8114040869253651,1.8334943806683575,1.7893137931823728,1.789313793182373,6200,0.0,0.0
1994-12-29 00:00:00-05:00,1.8114040869253651,1.8114040869253651,1.7672234994393807,1.789313793182373,38300,0.0,0.0
1994-12-30 00:00:00-05:00,1.7672240734100342,1.7893143743276596,1.7672240734100342,1.7672240734100342,45600,0.0,0.0
1995-01-03 00:00:00-05:00,1.7893134617223971,1.811403751373291,1.7893134617223971,1.811403751373291,8600,0.0,0.0
1995-01-04 00:00:00-05:00,1.8334944248199463,1.8334944248199463,1.8114041305450073,1.8334944248199463,11400,0.0,0.0
1995-01-05 00:00:00-05:00,1.8334944248199463,1.8334944248199463,1.8114041305450073,1.8334944248199463,8500,0.0,0.0
1995-01-06 00:00:00-05:00,1.8555858219371122,1.8776761293411253,1.833495514533099,1.8776761293411255,19600,0.0,0.0
1995-01-09 00:00:00-05:00,1.84565269947052,1.8678894789822131,1.8234159199588271,1.84565269947052,19200,0.07,0.0
1995-01-10 00:00:00-05:00,1.8678908348083496,1.8678908348083496,1.8456540391558691,1.8678908348083496,19300,0.0,0.0
1995-01-11 00:00:00-05:00,1.890127420425415,1.890127420425415,1.8678906272439395,1.890127420425415,11900,0.0,0.0
1995-01-12 00:00:00-05:00,1.8678908348083496,1.8678908348083496,1.8678908348083496,1.8678908348083496,8700,0.0,0.0
1995-01-13 00:00:00-05:00,1.8678908348083496,1.8901276304608299,1.8678908348083496,1.8678908348083496,19100,0.0,0.0
1995-01-16 00:00:00-05:00,1.8901267439820044,1.9123635292053223,1.8901267439820044,1.9123635292053223,15600,0.0,0.0
1995-01-17 00:00:00-05:00,1.9123649816403443,1.9346017837524412,1.8901281795282472,1.9346017837524414,12700,0.0,0.0
1995-01-18 00:00:00-05:00,1.9346003144286399,1.9346003144286399,1.9123635292053223,1.9123635292053223,6800,0.0,0.0
1995-01-19 00:00:00-05:00,1.9123635292053223,1.9123635292053223,1.8901267439820044,1.9123635292053223,30000,0.0,0.0
1995-01-20 00:00:00-05:00,1.9123642136068906,1.9123642136068906,1.890127420425415,1.890127420425415,8800,0.0,0.0
1995-01-23 00:00:00-05:00,1.9123644261133101,1.9123644261133101,1.8678908348083496,1.8678908348083496,4800,0.0,0.0
1995-01-24 00:00:00-05:00,1.890127420425415,1.890127420425415,1.8678906272439395,1.890127420425415,19400,0.0,0.0
1995-01-25 00:00:00-05:00,1.8901267439820044,1.9123635292053223,1.8678899587586868,1.9123635292053223,11100,0.0,0.0
1995-01-26 00:00:00-05:00,1.8901267439820044,1.9123635292053223,1.8901267439820044,1.9123635292053223,4100,0.0,0.0
1995-01-27 00:00:00-05:00,1.9123635292053223,1.9346003144286399,1.8901267439820044,1.9123635292053223,25600,0.0,0.0
1995-01-30 00:00:00-05:00,1.9346017837524412,1.9346017837524412,1.9346017837524412,1.9346017837524414,6400,0.0,0.0
1995-01-31 00:00:00-05:00,1.934600980444388,1.956837773323059,1.912364187565717,1.956837773323059,7300,0.0,0.0
1995-02-01 00:00:00-05:00,2.0013113590804013,2.0013113590804013,1.956837773323059,1.956837773323059,10300,0.0,0.0
1995-02-02 00:00:00-05:00,1.9790752172470092,2.001312017440796,1.9790752172470092,2.001312017440796,43700,0.0,0.0
1995-02-03 00:00:00-05:00,2.023548126220703,2.068021711412367,1.9790745410290393,2.023548126220703,19000,0.0,0.0
1995-02-06 00:00:00-05:00,2.0457851886749268,2.068021984204002,2.0235483931458513,2.0457851886749268,6200,0.0,0.0
1995-02-07 00:00:00-05:00,2.045783330035466,2.0680201053619385,2.0235465547089935,2.0680201053619385,17600,0.0,0.0
1995-02-08 00:00:00-05:00,2.0680201053619385,2.0680201053619385,2.0235465547089935,2.0680201053619385,13200,0.0,0.0
1995-02-09 00:00:00-05:00,2.0581783986353615,2.0581783986353615,2.035806894302368,2.035806894302368,23600,0.07,0.0
1995-02-10 00:00:00-05:00,2.0581783986353615,2.0581783986353615,2.0134353899693753,2.035806894302368,8300,0.0,0.0
1995-02-13 00:00:00-05:00,2.0134365558624268,2.058179590437147,2.0134365558624268,2.0134365558624268,23000,0.0,0.0
1995-02-14 00:00:00-05:00,2.058178663253784,2.0805501704630642,2.0358071560445037,2.058178663253784,26400,0.0,0.0
1995-02-15 00:00:00-05:00,2.0581783986353615,2.0805499029683543,2.035806894302368,2.035806894302368,27700,0.0,0.0
1995-02-16 00:00:00-05:00,2.05817868632655,2.080550193786621,2.05817868632655,2.080550193786621,7100,0.0,0.0
1995-02-17 00:00:00-05:00,2.05817868632655,2.080550193786621,2.05817868632655,2.080550193786621,15100,0.0,0.0
1995-02-21 00:00:00-05:00,2.0805511077245074,2.0805511077245074,2.0134365558624268,2.0134365558624268,38600,0.0,0.0
1995-02-22 00:00:00-05:00,2.035806894302368,2.035806894302368,2.0134353899693753,2.035806894302368,5400,0.0,0.0
1995-02-23 00:00:00-05:00,2.035806894302368,2.0581783986353615,2.0134353899693753,2.035806894302368,5600,0.0,0.0
1995-02-24 00:00:00-05:00,2.035806894302368,2.0805499029683543,2.035806894302368,2.035806894302368,18600,0.0,0.0
1995-02-27 00:00:00-05:00,2.0358071560445037,2.058178663253784,2.0358071560445037,2.058178663253784,4900,0.0,0.0
1995-02-28 00:00:00-05:00,2.080550193786621,2.080550193786621,2.05817868632655,2.080550193786621,15500,0.0,0.0
1995-03-01 00:00:00-05:00,2.1029217012466925,2.1029217012466925,2.080550193786621,2.080550193786621,6800,0.0,0.0
1995-03-02 00:00:00-05:00,2.1029217012466925,2.1252932087067635,2.080550193786621,2.080550193786621,35300,0.0,0.0
1995-03-03 00:00:00-05:00,2.0805485654384532,2.1029200553894043,2.058177075487502,2.1029200553894043,24000,0.0,0.0
1995-03-06 00:00:00-05:00,2.080550193786621,2.080550193786621,2.05817868632655,2.080550193786621,10000,0.0,0.0
1995-03-07 00:00:00-05:00,2.1029216776723447,2.1029216776723447,2.058178663253784,2.058178663253784,11200,0.0,0.0
1995-03-08 00:00:00-05:00,2.058178663253784,2.058178663253784,2.0134356488352236,2.058178663253784,8900,0.0,0.0
1995-03-09 00:00:00-05:00,2.025766241681445,2.0482747554779053,2.025766241681445,2.0482747554779053,5800,0.07,0.0
1995-03-10 00:00:00-05:00,2.0257675647735596,2.0707846217685275,2.0257675647735596,2.0257675647735596,28700,0.0,0.0
1995-03-13 00:00:00-05:00,2.0482747554779053,2.0482747554779053,2.025766241681445,2.0482747554779053,30000,0.0,0.0
1995-03-14 00:00:00-05:00,2.0482747554779053,2.070783269274366,2.0482747554779053,2.0482747554779053,23100,0.0,0.0
1995-03-15 00:00:00-05:00,2.0482760932710433,2.0482760932710433,2.0257675647735596,2.0257675647735596,4400,0.0,0.0
1995-03-16 00:00:00-05:00,2.0257668132367344,2.070783853530884,2.0032582930896594,2.070783853530884,23400,0.0,0.0
1995-03-17 00:00:00-05:00,2.0482747554779053,2.0482747554779053,2.025766241681445,2.0482747554779053,4000,0.0,0.0
1995-03-20 00:00:00-05:00,2.070783853530884,2.070783853530884,2.070783853530884,2.070783853530884,5200,0.0,0.0
1995-03-21 00:00:00-05:00,2.0482747554779053,2.093291783070826,2.0482747554779053,2.0482747554779053,9500,0.0,0.0
1995-03-22 00:00:00-05:00,2.070783853530884,2.070783853530884,2.0257668132367344,2.070783853530884,22800,0.0,0.0
1995-03-23 00:00:00-05:00,2.048275432279033,2.093292474746704,2.048275432279033,2.093292474746704,15800,0.0,0.0
1995-03-24 00:00:00-05:00,2.093292474746704,2.093292474746704,2.093292474746704,2.093292474746704,2500,0.0,0.0
1995-03-27 00:00:00-05:00,2.093292474746704,2.093292474746704,2.0707839535128687,2.093292474746704,7300,0.0,0.0
1995-03-28 00:00:00-05:00,2.1157994270324707,2.1157994270324707,2.093290922489572,2.1157994270324707,24600,0.0,0.0
1995-03-29 00:00:00-05:00,2.070783853530884,2.0932923736779587,2.070783853530884,2.070783853530884,13500,0.0,0.0
1995-03-30 00:00:00-05:00,2.0707839535128687,2.093292474746704,2.048275432279033,2.093292474746704,3000,0.0,0.0
1995-03-31 00:00:00-05:00,2.0932923736779587,2.1158008938250337,2.070783853530884,2.070783853530884,30600,0.0,0.0
1995-04-03 00:00:00-04:00,2.048273913403775,2.1157994270324707,2.048273913403775,2.1157994270324707,2900,0.0,0.0
1995-04-04 00:00:00-04:00,2.093290922489572,2.1157994270324707,2.0707824179466736,2.1157994270324707,21900,0.0,0.0
1995-04-05 00:00:00-04:00,2.1383094139721086,2.1383094139721086,2.070783853530884,2.070783853530884,8000,0.0,0.0
1995-04-06 00:00:00-04:00,2.0707839535128687,2.138309517214375,2.0707839535128687,2.093292474746704,4900,0.0,0.0
1995-04-07 00:00:00-04:00,2.1157994270324707,2.1157994270324707,2.1157994270324707,2.1157994270324707,2900,0.0,0.0
1995-04-10 00:00:00-04:00,2.1284808438757192,2.1284808438757192,2.0831940174102783,2.0831940174102783,5700,0.07,0.0
1995-04-11 00:00:00-04:00,2.128480516454225,2.128480516454225,2.083193696955199,2.105837106704712,8000,0.0,0.0
1995-04-12 00:00:00-04:00,2.1058374306429988,2.1058374306429988,2.0831940174102783,2.0831940174102783,6500,0.0,0.0
1995-04-13 00:00:00-04:00,2.1058374306429988,2.1058374306429988,2.0831940174102783,2.0831940174102783,12600,0.0,0.0
1995-04-17 00:00:00-04:00,2.083193696955199,2.105837106704712,2.083193696955199,2.105837106704712,5500,0.0,0.0
1995-04-18 00:00:00-04:00,2.0831940174102783,2.1058374306429988,2.0831940174102783,2.0831940174102783,9100,0.0,0.0
1995-04-19 00:00:00-04:00,2.0831940174102783,2.1058374306429988,2.060550604177558,2.0831940174102783,19400,0.0,0.0
1995-04-20 00:00:00-04:00,2.060549020767212,2.0831924165998186,2.060549020767212,2.060549020767212,11000,0.0,0.0
1995-04-21 00:00:00-04:00,2.0831940174102783,2.0831940174102783,2.060550604177558,2.0831940174102783,5000,0.0,0.0
1995-04-24 00:00:00-04:00,2.1058374306429988,2.1058374306429988,2.0831940174102783,2.0831940174102783,14200,0.0,0.0
1995-04-25 00:00:00-04:00,2.105837106704712,2.128480516454225,2.083193696955199,2.105837106704712,27500,0.0,0.0
1995-04-26 00:00:00-04:00,2.105837106704712,2.105837106704712,2.083193696955199,2.105837106704712,11000,0.0,0.0
1995-04-27 00:00:00-04:00,2.1058374306429988,2.1058374306429988,2.060550604177558,2.0831940174102783,16400,0.0,0.0
1995-04-28 00:00:00-04:00,2.037908173678966,2.0605515978309543,2.0152647495269775,2.0152647495269775,9200,0.0,0.0
1995-05-01 00:00:00-04:00,2.060549020767212,2.0831924165998186,2.060549020767212,2.060549020767212,13500,0.0,0.0
1995-05-02 00:00:00-04:00,2.0831940174102783,2.0831940174102783,2.060550604177558,2.0831940174102783,2900,0.0,0.0
1995-05-03 00:00:00-04:00,2.0831940174102783,2.0831940174102783,2.060550604177558,2.0831940174102783,3500,0.0,0.0
1995-05-04 00:00:00-04:00,2.0831917550828725,2.0831917550828725,2.037904977798462,2.037904977798462,14500,0.0,0.0
1995-05-05 00:00:00-04:00,2.060548366440667,2.060548366440667,2.037904977798462,2.037904977798462,6200,0.0,0.0
1995-05-08 00:00:00-04:00,2.0379056249346053,2.0831924165998186,2.0379056249346053,2.060549020767212,16400,0.0,0.0
1995-05-09 00:00:00-04:00,2.0733090427186753,2.0733090427186753,2.0277418110105727,2.050525426864624,9200,0.07,0.0
1995-05-10 00:00:00-04:00,2.050525426864624,2.0733090427186753,2.0277418110105727,2.050525426864624,20900,0.0,0.0
1995-05-11 00:00:00-04:00,2.0733090427186753,2.0733090427186753,2.050525426864624,2.050525426864624,2600,0.0,0.0
1995-05-12 00:00:00-04:00,2.050525801522391,2.0733094215393066,2.050525801522391,2.0733094215393066,5400,0.0,0.0
1995-05-15 00:00:00-04:00,2.0277438163757324,2.0505274547619767,2.0277438163757324,2.0277438163757324,36300,0.0,0.0
1995-05-16 00:00:00-04:00,2.0277418110105727,2.050525426864624,2.0277418110105727,2.050525426864624,18000,0.0,0.0
1995-05-17 00:00:00-04:00,2.050525801522391,2.0733094215393066,2.050525801522391,2.0733094215393066,25400,0.0,0.0
1995-05-18 00:00:00-04:00,2.050525426864624,2.050525426864624,2.0277418110105727,2.050525426864624,10000,0.0,0.0
1995-05-19 00:00:00-04:00,2.050525426864624,2.050525426864624,2.0277418110105727,2.050525426864624,4900,0.0,0.0
1995-05-22 00:00:00-04:00,2.0505274547619767,2.0505274547619767,2.0277438163757324,2.0277438163757324,2000,0.0,0.0
1995-05-23 00:00:00-04:00,2.0505274547619767,2.0505274547619767,2.0277438163757324,2.0277438163757324,21800,0.0,0.0
1995-05-24 00:00:00-04:00,2.050525426864624,2.0733090427186753,2.050525426864624,2.050525426864624,15400,0.0,0.0
1995-05-25 00:00:00-04:00,2.050525426864624,2.0733090427186753,2.050525426864624,2.050525426864624,3900,0.0,0.0
1995-05-26 00:00:00-04:00,2.0733088488164153,2.096092462539673,2.050525235093158,2.096092462539673,26300,0.0,0.0
1995-05-30 00:00:00-04:00,2.096092462539673,2.096092462539673,2.0733088488164153,2.096092462539673,15500,0.0,0.0
1995-05-31 00:00:00-04:00,2.1188766615731374,2.1188766615731374,2.0733094215393066,2.0733094215393066,4400,0.0,0.0
1995-06-01 00:00:00-04:00,2.096092839394846,2.1188764572143555,2.0733092215753373,2.1188764572143555,9600,0.0,0.0
1995-06-02 00:00:00-04:00,2.118876358296009,2.164443591807751,2.118876358296009,2.14165997505188,32200,0.0,0.0
1995-06-05 00:00:00-04:00,2.164442777633667,2.1872263858192844,2.141659169448049,2.164442777633667,12100,0.0,0.0
1995-06-06 00:00:00-04:00,2.187227208563622,2.187227208563622,2.14165997505188,2.14165997505188,16800,0.0,0.0
1995-06-07 00:00:00-04:00,2.14165997505188,2.164443591807751,2.14165997505188,2.14165997505188,26600,0.0,0.0
1995-06-08 00:00:00-04:00,2.14165997505188,2.164443591807751,2.14165997505188,2.14165997505188,11800,0.0,0.0
1995-06-09 00:00:00-04:00,2.14165997505188,2.164443591807751,2.14165997505188,2.14165997505188,17800,0.0,0.0
1995-06-12 00:00:00-04:00,2.118876358296009,2.14165997505188,2.118876358296009,2.14165997505188,1500,0.0,0.0
1995-06-13 00:00:00-04:00,2.177414655685425,2.177414655685425,2.154494501415052,2.177414655685425,10700,0.07,0.0
1995-06-14 00:00:00-04:00,2.17741588328747,2.17741588328747,2.1544957160949707,2.1544957160949707,1800,0.0,0.0
1995-06-15 00:00:00-04:00,2.1544957160949707,2.17741588328747,2.1544957160949707,2.1544957160949707,19800,0.0,0.0
1995-06-16 00:00:00-04:00,2.131575548902471,2.17741588328747,2.131575548902471,2.1544957160949707,2200,0.0,0.0
1995-06-19 00:00:00-04:00,2.131575345993042,2.131575345993042,2.131575345993042,2.131575345993042,18100,0.0,0.0
1995-06-20 00:00:00-04:00,2.131575548902471,2.1544957160949707,2.131575548902471,2.1544957160949707,12900,0.0,0.0
1995-06-21 00:00:00-04:00,2.15449551100372,2.1774156760143977,2.131575345993042,2.131575345993042,8500,0.0,0.0
1995-06-22 00:00:00-04:00,2.131575548902471,2.17741588328747,2.131575548902471,2.1544957160949707,5800,0.0,0.0
1995-06-23 00:00:00-04:00,2.1544957160949707,2.1544957160949707,2.131575548902471,2.1544957160949707,2900,0.0,0.0
1995-06-26 00:00:00-04:00,2.15449551100372,2.15449551100372,2.131575345993042,2.131575345993042,2000,0.0,0.0
1995-06-27 00:00:00-04:00,2.131575345993042,2.15449551100372,2.131575345993042,2.131575345993042,8500,0.0,0.0
1995-06-28 00:00:00-04:00,2.15449551100372,2.15449551100372,2.131575345993042,2.131575345993042,8800,0.0,0.0
1995-06-29 00:00:00-04:00,2.1544957160949707,2.1544957160949707,2.131575548902471,2.1544957160949707,7800,0.0,0.0
1995-06-30 00:00:00-04:00,2.1544953014539634,2.1544953014539634,2.1086549758911133,2.1086549758911133,11300,0.0,0.0
1995-07-03 00:00:00-04:00,2.131575345993042,2.131575345993042,2.108655180982364,2.131575345993042,7900,0.0,0.0
1995-07-05 00:00:00-04:00,2.1086547662923625,2.1315749267955404,2.0857346057891846,2.0857346057891846,12500,0.0,0.0
1995-07-06 00:00:00-04:00,2.1086549758911133,2.1315751386725386,2.085734813109688,2.1086549758911133,12800,0.0,0.0
1995-07-07 00:00:00-04:00,2.108655180982364,2.131575345993042,2.108655180982364,2.131575345993042,15100,0.0,0.0
1995-07-10 00:00:00-04:00,2.1086553817099714,2.1544957160949707,2.1086553817099714,2.1544957160949707,15400,0.0,0.0
1995-07-11 00:00:00-04:00,2.17741588328747,2.17741588328747,2.131575548902471,2.1544957160949707,8900,0.0,0.0
1995-07-12 00:00:00-04:00,2.1674078203016713,2.1674078203016713,2.144350290298462,2.144350290298462,10200,0.07,0.0
1995-07-13 00:00:00-04:00,2.144350290298462,2.1674078203016713,2.121292760295253,2.144350290298462,6500,0.0,0.0
1995-07-14 00:00:00-04:00,2.121292760295253,2.1674078203016713,2.121292760295253,2.144350290298462,6500,0.0,0.0
1995-07-17 00:00:00-04:00,2.1443501192590464,2.1443501192590464,2.1212925910949707,2.1212925910949707,13000,0.0,0.0
1995-07-18 00:00:00-04:00,2.1212925910949707,2.1212925910949707,2.098235062930895,2.1212925910949707,13700,0.0,0.0
1995-07-19 00:00:00-04:00,2.1212931412916918,2.1212931412916918,2.075178073002742,2.098235607147217,11200,0.0,0.0
1995-07-20 00:00:00-04:00,2.052120006602743,2.1212925910949707,2.052120006602743,2.1212925910949707,6100,0.0,0.0
1995-07-21 00:00:00-04:00,2.098235062930895,2.1212925910949707,2.075177534766819,2.1212925910949707,10500,0.0,0.0
1995-07-24 00:00:00-04:00,2.098235607147217,2.098235607147217,2.075178073002742,2.098235607147217,2900,0.0,0.0
1995-07-25 00:00:00-04:00,2.1212931412916918,2.1212931412916918,2.075178073002742,2.098235607147217,7900,0.0,0.0
1995-07-26 00:00:00-04:00,2.098235607147217,2.1212931412916918,2.075178073002742,2.098235607147217,19800,0.0,0.0
1995-07-27 00:00:00-04:00,2.098235607147217,2.1212931412916918,2.075178073002742,2.098235607147217,13500,0.0,0.0
1995-07-28 00:00:00-04:00,2.098235607147217,2.1212931412916918,2.098235607147217,2.098235607147217,1900,0.0,0.0
1995-07-31 00:00:00-04:00,2.098235607147217,2.098235607147217,2.075178073002742,2.098235607147217,3900,0.0,0.0
1995-08-01 00:00:00-04:00,2.1212931412916918,2.1212931412916918,2.098235607147217,2.098235607147217,2200,0.0,0.0
1995-08-02 00:00:00-04:00,2.098235607147217,2.1212931412916918,2.075178073002742,2.098235607147217,18900,0.0,0.0
1995-08-03 00:00:00-04:00,2.098235607147217,2.098235607147217,2.052120538858267,2.098235607147217,5800,0.0,0.0
1995-08-04 00:00:00-04:00,2.075176477432251,2.098233993848165,2.075176477432251,2.075176477432251,6000,0.0,0.0
1995-08-07 00:00:00-04:00,2.098235607147217,2.098235607147217,2.098235607147217,2.098235607147217,6700,0.0,0.0
1995-08-08 00:00:00-04:00,2.075176477432251,2.098233993848165,2.075176477432251,2.075176477432251,10000,0.0,0.0
1995-08-09 00:00:00-04:00,2.098233993848165,2.098233993848165,2.075176477432251,2.075176477432251,6500,0.0,0.0
1995-08-10 00:00:00-04:00,2.075178073002742,2.1212931412916918,2.075178073002742,2.098235607147217,17300,0.0,0.0
1995-08-11 00:00:00-04:00,2.1112251308229237,2.134425406985813,2.088024854660034,2.088024854660034,12900,0.07,0.0
1995-08-14 00:00:00-04:00,2.1112251308229237,2.1112251308229237,2.088024854660034,2.088024854660034,8200,0.0,0.0
1995-08-15 00:00:00-04:00,2.1112251308229237,2.1112251308229237,2.088024854660034,2.088024854660034,9400,0.0,0.0
1995-08-16 00:00:00-04:00,2.111227035522461,2.111227035522461,2.0880267384288076,2.111227035522461,7000,0.0,0.0
1995-08-17 00:00:00-04:00,2.1112267560856317,2.1576273441314697,2.1112267560856317,2.1576273441314697,9300,0.0,0.0
1995-08-18 00:00:00-04:00,2.1344258785247803,2.1344258785247803,2.1112255972364675,2.1344258785247803,5600,0.0,0.0
1995-08-21 00:00:00-04:00,2.111227035522461,2.1344273326161143,2.111227035522461,2.111227035522461,8100,0.0,0.0
1995-08-22 00:00:00-04:00,2.111227035522461,2.111227035522461,2.0880267384288076,2.111227035522461,5800,0.0,0.0
1995-08-23 00:00:00-04:00,2.1112251308229237,2.134425406985813,2.088024854660034,2.088024854660034,7000,0.0,0.0
1995-08-24 00:00:00-04:00,2.111227035522461,2.1344273326161143,2.0880267384288076,2.111227035522461,12000,0.0,0.0
1995-08-25 00:00:00-04:00,2.111225812993151,2.1808266639709473,2.111225812993151,2.1808266639709473,6600,0.0,0.0
1995-08-28 00:00:00-04:00,2.1344258785247803,2.1808264411014058,2.1344258785247803,2.1344258785247803,9300,0.0,0.0
1995-08-29 00:00:00-04:00,2.1344258785247803,2.157626159813093,2.1344258785247803,2.1344258785247803,6000,0.0,0.0
1995-08-30 00:00:00-04:00,2.1344273326161143,2.1344273326161143,2.111227035522461,2.111227035522461,8400,0.0,0.0
1995-08-31 00:00:00-04:00,2.1344258785247803,2.1344258785247803,2.1344258785247803,2.1344258785247803,2800,0.0,0.0
1995-09-01 00:00:00-04:00,2.1344273326161143,2.1344273326161143,2.111227035522461,2.111227035522461,800,0.0,0.0
1995-09-05 00:00:00-04:00,2.1344258785247803,2.1344258785247803,2.1112255972364675,2.1344258785247803,6900,0.0,0.0
1995-09-06 00:00:00-04:00,2.1344258785247803,2.157626159813093,2.1344258785247803,2.1344258785247803,15400,0.0,0.0
1995-09-07 00:00:00-04:00,2.1808266639709473,2.1808266639709473,2.1344260966524167,2.1808266639709473,6200,0.0,0.0
1995-09-08 00:00:00-04:00,2.157626380311682,2.1808266639709473,2.157626380311682,2.1808266639709473,7200,0.0,0.0
1995-09-11 00:00:00-04:00,2.180827361659,2.2040276527404785,2.180827361659,2.2040276527404785,10700,0.0,0.0
1995-09-12 00:00:00-04:00,2.157627070577521,2.2040276527404785,2.157627070577521,2.2040276527404785,6000,0.0,0.0
1995-09-13 00:00:00-04:00,2.1689515113830566,2.19227357064524,2.1689515113830566,2.1689515113830566,9400,0.062,0.0
1995-09-14 00:00:00-04:00,2.1456286907196045,2.1689507417056872,2.1456286907196045,2.1456286907196045,7000,0.0,0.0
1995-09-15 00:00:00-04:00,2.145629452120873,2.1689515113830566,2.145629452120873,2.1689515113830566,1500,0.0,0.0
1995-09-18 00:00:00-04:00,2.1689515113830566,2.1689515113830566,2.1689515113830566,2.1689515113830566,3800,0.0,0.0
1995-09-19 00:00:00-04:00,2.1689515113830566,2.1689515113830566,2.145629452120873,2.1689515113830566,5700,0.0,0.0
1995-09-20 00:00:00-04:00,2.145628876738496,2.168950929746523,2.1223068237304688,2.1223068237304688,16300,0.0,0.0
1995-09-21 00:00:00-04:00,2.145628876738496,2.145628876738496,2.1223068237304688,2.1223068237304688,27700,0.0,0.0
1995-09-22 00:00:00-04:00,2.145628876738496,2.145628876738496,2.1223068237304688,2.1223068237304688,5700,0.0,0.0
1995-09-25 00:00:00-04:00,2.1223068237304688,2.145628876738496,2.1223068237304688,2.1223068237304688,16900,0.0,0.0
1995-09-26 00:00:00-04:00,2.1223068237304688,2.145628876738496,2.1223068237304688,2.1223068237304688,14500,0.0,0.0
1995-09-27 00:00:00-04:00,2.098984588747439,2.1456286907196045,2.098984588747439,2.1456286907196045,3900,0.0,0.0
1995-09-28 00:00:00-04:00,2.1223068237304688,2.145628876738496,2.1223068237304688,2.1223068237304688,8800,0.0,0.0
1995-09-29 00:00:00-04:00,2.1223066397335217,2.1689507417056872,2.1223066397335217,2.1456286907196045,9300,0.0,0.0
1995-10-02 00:00:00-04:00,2.1689507417056872,2.1689507417056872,2.1456286907196045,2.1456286907196045,4900,0.0,0.0
1995-10-03 00:00:00-04:00,2.1689507417056872,2.1689507417056872,2.1456286907196045,2.1456286907196045,8900,0.0,0.0
1995-10-04 00:00:00-04:00,2.1456286907196045,2.1456286907196045,2.1456286907196045,2.1456286907196045,5000,0.0,0.0
1995-10-05 00:00:00-04:00,2.1689515113830566,2.1689515113830566,2.145629452120873,2.1689515113830566,8100,0.0,0.0
1995-10-06 00:00:00-04:00,2.1223066397335217,2.1456286907196045,2.1223066397335217,2.1456286907196045,19900,0.0,0.0
1995-10-09 00:00:00-04:00,2.145629452120873,2.1689515113830566,2.145629452120873,2.1689515113830566,13400,0.0,0.0
1995-10-10 00:00:00-04:00,2.145629452120873,2.1689515113830566,2.145629452120873,2.1689515113830566,8100,0.0,0.0
1995-10-11 00:00:00-04:00,2.1349778641825137,2.1584391593933105,2.1349778641825137,2.1584391593933105,17800,0.069,0.0
1995-10-12 00:00:00-04:00,2.1349799633026123,2.181902599858714,2.1349799633026123,2.1349799633026123,27900,0.0,0.0
1995-10-13 00:00:00-04:00,2.1584391593933105,2.1819004546041074,2.1349778641825137,2.1584391593933105,7000,0.0,0.0
1995-10-16 00:00:00-04:00,2.1584391593933105,2.1819004546041074,2.1584391593933105,2.1584391593933105,4200,0.0,0.0
1995-10-17 00:00:00-04:00,2.1584391593933105,2.1819004546041074,2.1584391593933105,2.1584391593933105,11500,0.0,0.0
1995-10-18 00:00:00-04:00,2.1584391593933105,2.1819004546041074,2.1584391593933105,2.1584391593933105,4200,0.0,0.0
1995-10-19 00:00:00-04:00,2.1584391593933105,2.1819004546041074,2.1584391593933105,2.1584391593933105,11400,0.0,0.0
1995-10-20 00:00:00-04:00,2.1349818757785264,2.1819045543670654,2.1349818757785264,2.1819045543670654,10700,0.0,0.0
1995-10-23 00:00:00-04:00,2.1584391593933105,2.1819004546041074,2.1584391593933105,2.1584391593933105,18100,0.0,0.0
1995-10-24 00:00:00-04:00,2.1584432150727957,2.1819045543670654,2.1584432150727957,2.1819045543670654,7100,0.0,0.0
1995-10-25 00:00:00-04:00,2.1819004546041074,2.1819004546041074,2.1584391593933105,2.1584391593933105,25500,0.0,0.0
1995-10-26 00:00:00-04:00,2.1584391593933105,2.1819004546041074,2.1584391593933105,2.1584391593933105,12800,0.0,0.0
1995-10-27 00:00:00-04:00,2.1819004546041074,2.1819004546041074,2.1584391593933105,2.1584391593933105,11200,0.0,0.0
1995-10-30 00:00:00-05:00,2.1819019621991096,2.2053632736206055,2.1819019621991096,2.2053632736206055,6800,0.0,0.0
1995-10-31 00:00:00-05:00,2.2053617498149043,2.2053617498149043,2.1584391593933105,2.1584391593933105,20500,0.0,0.0
1995-11-01 00:00:00-05:00,2.1584406507776137,2.2053632736206055,2.1584406507776137,2.2053632736206055,12600,0.0,0.0
1995-11-02 00:00:00-05:00,2.1819019621991096,2.2288245850421013,2.1819019621991096,2.2053632736206055,28800,0.0,0.0
1995-11-03 00:00:00-05:00,2.2288245850421013,2.2288245850421013,2.1819019621991096,2.2053632736206055,10100,0.0,0.0
1995-11-06 00:00:00-05:00,2.2288245850421013,2.2288245850421013,2.2053632736206055,2.2053632736206055,6800,0.0,0.0
1995-11-07 00:00:00-05:00,2.205365426916825,2.2288267612457275,2.205365426916825,2.2288267612457275,13700,0.0,0.0
1995-11-08 00:00:00-05:00,2.228825824956099,2.2522871494293213,2.205364500482877,2.2522871494293213,15900,0.0,0.0
1995-11-09 00:00:00-05:00,2.2288267612457275,2.2288267612457275,2.2288267612457275,2.2288267612457275,9300,0.0,0.0
1995-11-10 00:00:00-05:00,2.205365426916825,2.2288267612457275,2.205365426916825,2.2288267612457275,5800,0.0,0.0
1995-11-13 00:00:00-05:00,2.1946516315987767,2.241848440880471,2.1946516315987767,2.218250036239624,15600,0.069,0.0
1995-11-14 00:00:00-05:00,2.1946544647216797,2.218252899826214,2.1946544647216797,2.1946544647216797,17400,0.0,0.0
1995-11-15 00:00:00-05:00,2.218252899826214,2.218252899826214,2.1710560296171457,2.1946544647216797,10700,0.0,0.0
1995-11-16 00:00:00-05:00,2.218250036239624,2.218250036239624,2.17105322695793,2.218250036239624,6400,0.0,0.0
1995-11-17 00:00:00-05:00,2.218252899826214,2.241851334930748,2.1946544647216797,2.1946544647216797,27700,0.0,0.0
1995-11-20 00:00:00-05:00,2.218254546115273,2.2418529987335205,2.218254546115273,2.2418529987335205,7600,0.0,0.0
1995-11-21 00:00:00-05:00,2.1946516315987767,2.218250036239624,2.1946516315987767,2.218250036239624,12900,0.0,0.0
1995-11-22 00:00:00-05:00,2.1946516315987767,2.218250036239624,2.1946516315987767,2.218250036239624,3400,0.0,0.0
1995-11-24 00:00:00-05:00,2.241848440880471,2.241848440880471,2.218250036239624,2.218250036239624,3300,0.0,0.0
1995-11-27 00:00:00-05:00,2.218252899826214,2.218252899826214,2.1710560296171457,2.1946544647216797,46400,0.0,0.0
1995-11-28 00:00:00-05:00,2.218250036239624,2.218250036239624,2.1946516315987767,2.218250036239624,4300,0.0,0.0
1995-11-29 00:00:00-05:00,2.218252899826214,2.218252899826214,2.1946544647216797,2.1946544647216797,12400,0.0,0.0
1995-11-30 00:00:00-05:00,2.1946516315987767,2.218250036239624,2.1946516315987767,2.218250036239624,8800,0.0,0.0
1995-12-01 00:00:00-05:00,2.1946560934970254,2.265451451351768,2.1946560934970254,2.2418529987335205,35900,0.0,0.0
1995-12-04 00:00:00-05:00,2.218253592650096,2.2654504776000977,2.218253592650096,2.2654504776000977,29900,0.0,0.0
1995-12-05 00:00:00-05:00,2.241848440880471,2.265446845521318,2.218250036239624,2.218250036239624,51100,0.0,0.0
1995-12-06 00:00:00-05:00,2.241848440880471,2.241848440880471,2.218250036239624,2.218250036239624,19800,0.0,0.0
1995-12-07 00:00:00-05:00,2.241848440880471,2.241848440880471,2.218250036239624,2.218250036239624,37100,0.0,0.0
1995-12-08 00:00:00-05:00,2.218252899826214,2.241851334930748,2.1946544647216797,2.1946544647216797,33400,0.0,0.0
1995-12-11 00:00:00-05:00,2.1946516315987767,2.241848440880471,2.1946516315987767,2.218250036239624,31700,0.0,0.0
1995-12-12 00:00:00-05:00,2.218250036239624,2.218250036239624,2.1946516315987767,2.218250036239624,19400,0.0,0.0
1995-12-13 00:00:00-05:00,2.2068628331889277,2.2068628331889277,2.183133125305176,2.183133125305176,35500,0.065,0.0
1995-12-14 00:00:00-05:00,2.1831336893061155,2.2305931173345095,2.1831336893061155,2.2068634033203125,24000,0.0,0.0
1995-12-15 00:00:00-05:00,2.2068634033203125,2.2068634033203125,2.1831336893061155,2.2068634033203125,13000,0.0,0.0
1995-12-18 00:00:00-05:00,2.183133125305176,2.2068628331889277,2.183133125305176,2.183133125305176,36200,0.0,0.0
1995-12-19 00:00:00-05:00,2.183133125305176,2.2068628331889277,2.159403417421424,2.183133125305176,43200,0.0,0.0
1995-12-20 00:00:00-05:00,2.183133125305176,2.183133125305176,2.159403417421424,2.183133125305176,42800,0.0,0.0
1995-12-21 00:00:00-05:00,2.1594018936157227,2.1831315847543573,2.1594018936157227,2.1594018936157227,15100,0.0,0.0
1995-12-22 00:00:00-05:00,2.1594018936157227,2.1831315847543573,2.1594018936157227,2.1594018936157227,15100,0.0,0.0
1995-12-26 00:00:00-05:00,2.159403417421424,2.183133125305176,2.159403417421424,2.183133125305176,6800,0.0,0.0
1995-12-27 00:00:00-05:00,2.1831315847543573,2.1831315847543573,2.1594018936157227,2.1594018936157227,10800,0.0,0.0
1995-12-28 00:00:00-05:00,2.1594018936157227,2.1831315847543573,2.1594018936157227,2.1594018936157227,28200,0.0,0.0
1995-12-29 00:00:00-05:00,2.1831315847543573,2.1831315847543573,2.1594018936157227,2.1594018936157227,37500,0.0,0.0
1996-01-02 00:00:00-05:00,2.2068634033203125,2.2068634033203125,2.1831336893061155,2.2068634033203125,8200,0.0,0.0
1996-01-03 00:00:00-05:00,2.2068601872058626,2.2305898666381836,2.2068601872058626,2.2305898666381836,5500,0.0,0.0
1996-01-04 00:00:00-05:00,2.2068640786248284,2.2068640786248284,2.1831343573492927,2.1949992179870605,40400,0.0,0.0
1996-01-05 00:00:00-05:00,2.1831336893061155,2.2068634033203125,2.1831336893061155,2.2068634033203125,15200,0.0,0.0
1996-01-08 00:00:00-05:00,2.1831336893061155,2.2068634033203125,2.1831336893061155,2.2068634033203125,2300,0.0,0.0
1996-01-09 00:00:00-05:00,2.1831336893061155,2.2068634033203125,2.159403975291919,2.2068634033203125,56300,0.0,0.0
1996-01-10 00:00:00-05:00,2.171543836593628,2.1954069556770746,2.171543836593628,2.171543836593628,53800,0.065,0.0
1996-01-11 00:00:00-05:00,2.171545445919037,2.195408582687378,2.171545445919037,2.195408582687378,14200,0.0,0.0
1996-01-12 00:00:00-05:00,2.1954069556770746,2.2192700747605207,2.171543836593628,2.171543836593628,10800,0.0,0.0
1996-01-15 00:00:00-05:00,2.1954092312884588,2.2431355189251643,2.1954092312884588,2.2192723751068115,26600,0.0,0.0
1996-01-16 00:00:00-05:00,2.219269242692501,2.2431323528289795,2.219269242692501,2.2431323528289795,13800,0.0,0.0
1996-01-17 00:00:00-05:00,2.2431323528289795,2.2431323528289795,2.219269242692501,2.2431323528289795,11000,0.0,0.0
1996-01-18 00:00:00-05:00,2.2192723751068115,2.2431355189251643,2.2192723751068115,2.2192723751068115,5800,0.0,0.0
1996-01-19 00:00:00-05:00,2.2192720112047697,2.266998291015625,2.195408871299342,2.266998291015625,18000,0.0,0.0
1996-01-22 00:00:00-05:00,2.2431351511101973,2.266998291015625,2.2431351511101973,2.266998291015625,25800,0.0,0.0
1996-01-23 00:00:00-05:00,2.2431323528289795,2.2431323528289795,2.219269242692501,2.2431323528289795,19000,0.0,0.0
1996-01-24 00:00:00-05:00,2.2431355189251643,2.266998662743517,2.2192723751068115,2.2192723751068115,31800,0.0,0.0
1996-01-25 00:00:00-05:00,2.2431355189251643,2.2431355189251643,2.2192723751068115,2.2192723751068115,10300,0.0,0.0
1996-01-26 00:00:00-05:00,2.2192723751068115,2.2431355189251643,2.1954092312884588,2.2192723751068115,20500,0.0,0.0
1996-01-29 00:00:00-05:00,2.219269242692501,2.2431323528289795,2.219269242692501,2.2431323528289795,7100,0.0,0.0
1996-01-30 00:00:00-05:00,2.2431323528289795,2.266995462965458,2.219269242692501,2.2431323528289795,22300,0.0,0.0
1996-01-31 00:00:00-05:00,2.2431323528289795,2.266995462965458,2.219269242692501,2.2431323528289795,41300,0.0,0.0
1996-02-01 00:00:00-05:00,2.2431351511101973,2.266998291015625,2.2431351511101973,2.266998291015625,6400,0.0,0.0
1996-02-02 00:00:00-05:00,2.266995462965458,2.266995462965458,2.2431323528289795,2.2431323528289795,17200,0.0,0.0
1996-02-05 00:00:00-05:00,2.266998291015625,2.266998291015625,2.2431351511101973,2.266998291015625,17300,0.0,0.0
1996-02-06 00:00:00-05:00,2.266995462965458,2.266995462965458,2.2431323528289795,2.2431323528289795,17700,0.0,0.0
1996-02-07 00:00:00-05:00,2.2669956336418786,2.290858745574951,2.2669956336418786,2.290858745574951,23500,0.0,0.0
1996-02-08 00:00:00-05:00,2.290858745574951,2.290858745574951,2.2669956336418786,2.290858745574951,14100,0.0,0.0
1996-02-09 00:00:00-05:00,2.2669956336418786,2.290858745574951,2.2669956336418786,2.290858745574951,14400,0.0,0.0
1996-02-12 00:00:00-05:00,2.290858745574951,2.290858745574951,2.2669956336418786,2.290858745574951,12500,0.0,0.0
1996-02-13 00:00:00-05:00,2.279345989227295,2.279345989227295,2.255352873551218,2.279345989227295,11400,0.065,0.0
1996-02-14 00:00:00-05:00,2.303336074671795,2.327329158782959,2.303336074671795,2.327329158782959,48100,0.0,0.0
1996-02-15 00:00:00-05:00,2.327332220579448,2.327332220579448,2.279345989227295,2.279345989227295,7700,0.0,0.0
1996-02-16 00:00:00-05:00,2.27934299056063,2.327329158782959,2.27934299056063,2.327329158782959,17300,0.0,0.0
1996-02-20 00:00:00-05:00,2.3273306737343473,2.3273306737343473,2.279344474275907,2.303337574005127,22600,0.0,0.0
1996-02-21 00:00:00-05:00,2.303337574005127,2.303337574005127,2.279344474275907,2.303337574005127,14400,0.0,0.0
1996-02-22 00:00:00-05:00,2.303337574005127,2.303337574005127,2.279344474275907,2.303337574005127,20800,0.0,0.0
1996-02-23 00:00:00-05:00,2.3033391049033716,2.3033391049033716,2.279345989227295,2.279345989227295,28400,0.0,0.0
1996-02-26 00:00:00-05:00,2.255352873551218,2.3033391049033716,2.255352873551218,2.279345989227295,4900,0.0,0.0
1996-02-27 00:00:00-05:00,2.255349636077881,2.3033357985476233,2.255349636077881,2.255349636077881,10900,0.0,0.0
1996-02-28 00:00:00-05:00,2.255349636077881,2.279342717312752,2.255349636077881,2.255349636077881,16200,0.0,0.0
1996-02-29 00:00:00-05:00,2.2553509076436358,2.2553509076436358,2.2313578128814697,2.2313578128814697,14100,0.0,0.0
1996-03-01 00:00:00-05:00,2.279345989227295,2.279345989227295,2.255352873551218,2.279345989227295,17900,0.0,0.0
1996-03-04 00:00:00-05:00,2.255352873551218,2.3033391049033716,2.255352873551218,2.279345989227295,15300,0.0,0.0
1996-03-05 00:00:00-05:00,2.279344474275907,2.303337574005127,2.279344474275907,2.303337574005127,18500,0.0,0.0
1996-03-06 00:00:00-05:00,2.3033391049033716,2.327332220579448,2.279345989227295,2.279345989227295,12400,0.0,0.0
1996-03-07 00:00:00-05:00,2.3033391049033716,2.3033391049033716,2.279345989227295,2.279345989227295,17400,0.0,0.0
1996-03-08 00:00:00-05:00,2.2073647181193032,2.2313578128814697,2.1833716233571367,2.2313578128814697,38200,0.0,0.0
1996-03-11 00:00:00-05:00,2.1833703923732677,2.255349636077881,2.1833703923732677,2.255349636077881,23900,0.0,0.0
1996-03-12 00:00:00-05:00,2.2313578128814697,2.2553509076436358,2.2073647181193032,2.2313578128814697,31600,0.0,0.0
1996-03-13 00:00:00-05:00,2.2674423974493276,2.2674423974493276,2.2191989421844482,2.2191989421844482,4700,0.062,0.0
1996-03-14 00:00:00-05:00,2.1950772145520085,2.243320669816888,2.1950772145520085,2.2191989421844482,9800,0.0,0.0
1996-03-15 00:00:00-05:00,2.170957565307617,2.170957565307617,2.170957565307617,2.170957565307617,9900,0.0,0.0
1996-03-18 00:00:00-05:00,2.1709561609959867,2.195077896118164,2.1709561609959867,2.195077896118164,12900,0.0,0.0
1996-03-19 00:00:00-05:00,2.170957565307617,2.1950793160332576,2.170957565307617,2.170957565307617,11000,0.0,0.0
1996-03-20 00:00:00-05:00,2.170957565307617,2.170957565307617,2.170957565307617,2.170957565307617,6100,0.0,0.0
1996-03-21 00:00:00-05:00,2.146834135055542,2.195077598764655,2.146834135055542,2.146834135055542,15700,0.0,0.0
1996-03-22 00:00:00-05:00,2.146835814581977,2.1950793160332576,2.146835814581977,2.170957565307617,11100,0.0,0.0
1996-03-25 00:00:00-05:00,2.170957565307617,2.1950793160332576,2.170957565307617,2.170957565307617,10700,0.0,0.0
1996-03-26 00:00:00-05:00,2.1950793160332576,2.1950793160332576,2.170957565307617,2.170957565307617,7700,0.0,0.0
1996-03-27 00:00:00-05:00,2.1950793160332576,2.1950793160332576,2.170957565307617,2.170957565307617,11200,0.0,0.0
1996-03-28 00:00:00-05:00,2.1709558669100986,2.1709558669100986,2.146834135055542,2.146834135055542,1500,0.0,0.0
1996-03-29 00:00:00-05:00,2.1709558669100986,2.1709558669100986,2.146834135055542,2.146834135055542,12700,0.0,0.0
1996-04-01 00:00:00-05:00,2.170957565307617,2.170957565307617,2.146835814581977,2.170957565307617,8300,0.0,0.0
1996-04-02 00:00:00-05:00,2.170957565307617,2.1950793160332576,2.170957565307617,2.170957565307617,15100,0.0,0.0
1996-04-03 00:00:00-05:00,2.1709558669100986,2.195077598764655,2.146834135055542,2.146834135055542,9400,0.0,0.0
1996-04-04 00:00:00-05:00,2.1709558669100986,2.1709558669100986,2.146834135055542,2.146834135055542,6400,0.0,0.0
1996-04-08 00:00:00-04:00,2.1227137765219046,2.1227137765219046,2.074470281600952,2.074470281600952,43700,0.0,0.0
1996-04-09 00:00:00-04:00,2.0985910892486572,2.122712825906688,2.0985910892486572,2.0985910892486572,12500,0.0,0.0
1996-04-10 00:00:00-04:00,2.0985920564694838,2.122713804244995,2.0985920564694838,2.122713804244995,6900,0.0,0.0
1996-04-11 00:00:00-04:00,2.134744731859229,2.134744731859229,2.1104862689971924,2.1104862689971924,8000,0.062,0.0
1996-04-12 00:00:00-04:00,2.1104862689971924,2.1590031947212656,2.1104862689971924,2.1104862689971924,23700,0.0,0.0
1996-04-15 00:00:00-04:00,2.1347451210021973,2.1347451210021973,2.1104866537180813,2.1347451210021973,11500,0.0,0.0
1996-04-16 00:00:00-04:00,2.1104866537180813,2.1347451210021973,2.1104866537180813,2.1347451210021973,15200,0.0,0.0
1996-04-17 00:00:00-04:00,2.1104866537180813,2.1347451210021973,2.1104866537180813,2.1347451210021973,29700,0.0,0.0
1996-04-18 00:00:00-04:00,2.1347451210021973,2.1347451210021973,2.1104866537180813,2.1347451210021973,7500,0.0,0.0
1996-04-19 00:00:00-04:00,2.1347451210021973,2.1347451210021973,2.1347451210021973,2.1347451210021973,8500,0.0,0.0
1996-04-22 00:00:00-04:00,2.1347451210021973,2.1347451210021973,2.1104866537180813,2.1347451210021973,3600,0.0,0.0
1996-04-23 00:00:00-04:00,2.1347451210021973,2.1347451210021973,2.1104866537180813,2.1347451210021973,12000,0.0,0.0
1996-04-24 00:00:00-04:00,2.1347451210021973,2.1347451210021973,2.1104866537180813,2.1347451210021973,5800,0.0,0.0
1996-04-25 00:00:00-04:00,2.1347451210021973,2.1347451210021973,2.1347451210021973,2.1347451210021973,0,0.0,0.0
1996-04-26 00:00:00-04:00,2.1104862689971924,2.1104862689971924,2.1104862689971924,2.1104862689971924,2600,0.0,0.0
1996-04-29 00:00:00-04:00,2.134744731859229,2.134744731859229,2.1104862689971924,2.1104862689971924,7600,0.0,0.0
1996-04-30 00:00:00-04:00,2.1104862689971924,2.134744731859229,2.1104862689971924,2.1104862689971924,5400,0.0,0.0
1996-05-01 00:00:00-04:00,2.134744731859229,2.134744731859229,2.1104862689971924,2.1104862689971924,4100,0.0,0.0
1996-05-02 00:00:00-04:00,2.110488156711354,2.110488156711354,2.0619711875915527,2.0619711875915527,17100,0.0,0.0
1996-05-03 00:00:00-04:00,2.086229672151453,2.110488156711354,2.0619711875915527,2.0619711875915527,9400,0.0,0.0
1996-05-06 00:00:00-04:00,2.0619711875915527,2.086229672151453,2.0619711875915527,2.0619711875915527,16500,0.0,0.0
1996-05-07 00:00:00-04:00,2.0862278061351556,2.1104862689971924,2.0862278061351556,2.1104862689971924,4100,0.0,0.0
1996-05-08 00:00:00-04:00,2.0862278061351556,2.134744731859229,2.0862278061351556,2.1104862689971924,29900,0.0,0.0
1996-05-09 00:00:00-04:00,2.1104862689971924,2.134744731859229,2.1104862689971924,2.1104862689971924,8900,0.0,0.0
1996-05-10 00:00:00-04:00,2.1104866537180813,2.1347451210021973,2.1104866537180813,2.1347451210021973,2900,0.0,0.0
1996-05-13 00:00:00-04:00,2.0980536636264846,2.1224496364593506,2.0980536636264846,2.1224496364593506,11500,0.062,0.0
1996-05-14 00:00:00-04:00,2.1224510209126906,2.1468470096588135,2.1224510209126906,2.1468470096588135,8800,0.0,0.0
1996-05-15 00:00:00-04:00,2.1224496364593506,2.1468456092922166,2.1224496364593506,2.1224496364593506,9100,0.0,0.0
1996-05-16 00:00:00-04:00,2.1224496364593506,2.1468456092922166,2.1224496364593506,2.1224496364593506,14000,0.0,0.0
1996-05-17 00:00:00-04:00,2.1224496364593506,2.1224496364593506,2.1224496364593506,2.1224496364593506,200,0.0,0.0
1996-05-20 00:00:00-04:00,2.1468470096588135,2.1468470096588135,2.1224510209126906,2.1468470096588135,32200,0.0,0.0
1996-05-21 00:00:00-04:00,2.1468456092922166,2.1712415821250826,2.1224496364593506,2.1224496364593506,41200,0.0,0.0
1996-05-22 00:00:00-04:00,2.1224496364593506,2.1468456092922166,2.1224496364593506,2.1224496364593506,23300,0.0,0.0
1996-05-23 00:00:00-04:00,2.1468470096588135,2.1468470096588135,2.1224510209126906,2.1468470096588135,25100,0.0,0.0
1996-05-24 00:00:00-04:00,2.1224496364593506,2.1224496364593506,2.1224496364593506,2.1224496364593506,300,0.0,0.0
1996-05-28 00:00:00-04:00,2.1224510209126906,2.1468470096588135,2.1224510209126906,2.1468470096588135,22200,0.0,0.0
1996-05-29 00:00:00-04:00,2.1224496364593506,2.1468456092922166,2.1224496364593506,2.1224496364593506,12500,0.0,0.0
1996-05-30 00:00:00-04:00,2.1224510209126906,2.1468470096588135,2.1224510209126906,2.1468470096588135,20100,0.0,0.0
1996-05-31 00:00:00-04:00,2.1224510209126906,2.1468470096588135,2.1224510209126906,2.1468470096588135,12300,0.0,0.0
1996-06-03 00:00:00-04:00,2.1468470096588135,2.1468470096588135,2.1224510209126906,2.1468470096588135,6200,0.0,0.0
1996-06-04 00:00:00-04:00,2.1468456092922166,2.1712415821250826,2.1224496364593506,2.1224496364593506,28000,0.0,0.0
1996-06-05 00:00:00-04:00,2.1468453139401555,2.171241283416748,2.1468453139401555,2.171241283416748,6000,0.0,0.0
1996-06-06 00:00:00-04:00,2.1468453139401555,2.171241283416748,2.1468453139401555,2.171241283416748,5600,0.0,0.0
1996-06-07 00:00:00-04:00,2.1468456092922166,2.1468456092922166,2.1224496364593506,2.1224496364593506,5200,0.0,0.0
1996-06-10 00:00:00-04:00,2.1224510209126906,2.1468470096588135,2.1224510209126906,2.1468470096588135,7700,0.0,0.0
1996-06-11 00:00:00-04:00,2.1224510209126906,2.1468470096588135,2.1224510209126906,2.1468470096588135,7000,0.0,0.0
1996-06-12 00:00:00-04:00,2.134481191635132,2.134481191635132,2.134481191635132,2.134481191635132,2100,0.062,0.0
1996-06-13 00:00:00-04:00,2.134481191635132,2.134481191635132,2.134481191635132,2.134481191635132,4400,0.0,0.0
1996-06-14 00:00:00-04:00,2.134481191635132,2.134481191635132,2.134481191635132,2.134481191635132,2700,0.0,0.0
1996-06-17 00:00:00-04:00,2.1099472045898438,2.159015744231468,2.1099472045898438,2.1099472045898438,4900,0.0,0.0
1996-06-18 00:00:00-04:00,2.1099469250646132,2.1590154582056504,2.1099469250646132,2.134481191635132,5100,0.0,0.0
1996-06-19 00:00:00-04:00,2.134481191635132,2.1590154582056504,2.134481191635132,2.134481191635132,4500,0.0,0.0
1996-06-20 00:00:00-04:00,2.134481191635132,2.134481191635132,2.134481191635132,2.134481191635132,4100,0.0,0.0
1996-06-21 00:00:00-04:00,2.1099469250646132,2.134481191635132,2.1099469250646132,2.134481191635132,2100,0.0,0.0
1996-06-24 00:00:00-04:00,2.1099469250646132,2.134481191635132,2.1099469250646132,2.134481191635132,1500,0.0,0.0
1996-06-25 00:00:00-04:00,2.1099469250646132,2.1590154582056504,2.1099469250646132,2.134481191635132,11400,0.0,0.0
1996-06-26 00:00:00-04:00,2.134481474410656,2.134481474410656,2.1099472045898438,2.1099472045898438,3800,0.0,0.0
1996-06-27 00:00:00-04:00,2.13448209383271,2.1590163707733154,2.1099478168921038,2.1590163707733154,6300,0.0,0.0
1996-06-28 00:00:00-04:00,2.13448209383271,2.1590163707733154,2.13448209383271,2.1590163707733154,10000,0.0,0.0
1996-07-01 00:00:00-04:00,2.1835506477139215,2.1835506477139215,2.13448209383271,2.1590163707733154,3900,0.0,0.0
1996-07-02 00:00:00-04:00,2.13448209383271,2.1590163707733154,2.13448209383271,2.1590163707733154,9800,0.0,0.0
1996-07-03 00:00:00-04:00,2.1590163707733154,2.1590163707733154,2.13448209383271,2.1590163707733154,16300,0.0,0.0
1996-07-05 00:00:00-04:00,2.1099469250646132,2.134481191635132,2.1099469250646132,2.134481191635132,8500,0.0,0.0
1996-07-08 00:00:00-04:00,2.1099469250646132,2.134481191635132,2.1099469250646132,2.134481191635132,5400,0.0,0.0
1996-07-09 00:00:00-04:00,2.1099472045898438,2.134481474410656,2.1099472045898438,2.1099472045898438,17000,0.0,0.0
1996-07-10 00:00:00-04:00,2.134481191635132,2.1590154582056504,2.134481191635132,2.134481191635132,13300,0.0,0.0
1996-07-11 00:00:00-04:00,2.1220452785491943,2.171395168748013,2.1220452785491943,2.1220452785491943,4900,0.062,0.0
1996-07-12 00:00:00-04:00,2.171395168748013,2.171395168748013,2.1220452785491943,2.1220452785491943,14000,0.0,0.0
1996-07-15 00:00:00-04:00,2.122044048090091,2.171393909673581,2.122044048090091,2.146718978881836,12200,0.0,0.0
1996-07-16 00:00:00-04:00,2.171393871307373,2.171393871307373,2.146718940951607,2.171393871307373,17500,0.0,0.0
1996-07-17 00:00:00-04:00,2.171393871307373,2.171393871307373,2.171393871307373,2.171393871307373,500,0.0,0.0
1996-07-18 00:00:00-04:00,2.171393871307373,2.171393871307373,2.146718940951607,2.171393871307373,6000,0.0,0.0
1996-07-19 00:00:00-04:00,2.1960688016631384,2.1960688016631384,2.146718940951607,2.171393871307373,4200,0.0,0.0
1996-07-22 00:00:00-04:00,2.171393871307373,2.171393871307373,2.171393871307373,2.171393871307373,2500,0.0,0.0
1996-07-23 00:00:00-04:00,2.1713961912005133,2.196071147918701,2.146721234482326,2.196071147918701,8200,0.0,0.0
1996-07-24 00:00:00-04:00,2.171393871307373,2.171393871307373,2.146718940951607,2.171393871307373,2500,0.0,0.0
1996-07-25 00:00:00-04:00,2.1960688016631384,2.1960688016631384,2.171393871307373,2.171393871307373,1300,0.0,0.0
1996-07-26 00:00:00-04:00,2.1713961912005133,2.196071147918701,2.1713961912005133,2.196071147918701,8500,0.0,0.0
1996-07-29 00:00:00-04:00,2.1713961912005133,2.196071147918701,2.1713961912005133,2.196071147918701,4200,0.0,0.0
1996-07-30 00:00:00-04:00,2.1960688016631384,2.1960688016631384,2.171393871307373,2.171393871307373,8500,0.0,0.0
1996-07-31 00:00:00-04:00,2.1960688016631384,2.1960688016631384,2.171393871307373,2.171393871307373,9400,0.0,0.0
1996-08-01 00:00:00-04:00,2.196071147918701,2.2207461046368886,2.1713961912005133,2.196071147918701,4000,0.0,0.0
1996-08-02 00:00:00-04:00,2.2207461046368886,2.2207461046368886,2.196071147918701,2.196071147918701,11600,0.0,0.0
1996-08-05 00:00:00-04:00,2.2207433503607046,2.2700932025909424,2.2207433503607046,2.2700932025909424,16100,0.0,0.0
1996-08-06 00:00:00-04:00,2.2454189433846423,2.294768810272217,2.220744009940855,2.294768810272217,32700,0.0,0.0
1996-08-07 00:00:00-04:00,2.2454182764758235,2.2947681287060613,2.2454182764758235,2.2700932025909424,8900,0.0,0.0
1996-08-08 00:00:00-04:00,2.2454189433846423,2.294768810272217,2.2454189433846423,2.294768810272217,15500,0.0,0.0
1996-08-09 00:00:00-04:00,2.2947681287060613,2.2947681287060613,2.2700932025909424,2.2700932025909424,4000,0.0,0.0
1996-08-12 00:00:00-04:00,2.319443743716004,2.319443743716004,2.2700938768284296,2.294768810272217,7200,0.0,0.0
1996-08-13 00:00:00-04:00,2.2574581918509113,2.307072657605876,2.2574581918509113,2.2822654247283936,9200,0.062,0.0
1996-08-14 00:00:00-04:00,2.257460117340088,2.307074625413496,2.257460117340088,2.257460117340088,15100,0.0,0.0
1996-08-15 00:00:00-04:00,2.282267371376792,2.282267371376792,2.257460117340088,2.257460117340088,9800,0.0,0.0
1996-08-16 00:00:00-04:00,2.2822654247283936,2.2822654247283936,2.2822654247283936,2.2822654247283936,1800,0.0,0.0
1996-08-19 00:00:00-04:00,2.257460117340088,2.257460117340088,2.257460117340088,2.257460117340088,1100,0.0,0.0
1996-08-20 00:00:00-04:00,2.307070732116699,2.307070732116699,2.307070732116699,2.307070732116699,14700,0.0,0.0
1996-08-21 00:00:00-04:00,2.282263519943401,2.307070732116699,2.282263519943401,2.307070732116699,6600,0.0,0.0
1996-08-22 00:00:00-04:00,2.282267371376792,2.307074625413496,2.257460117340088,2.257460117340088,19700,0.0,0.0
1996-08-23 00:00:00-04:00,2.2574581918509113,2.2822654247283936,2.2574581918509113,2.2822654247283936,2300,0.0,0.0
1996-08-26 00:00:00-04:00,2.2574581918509113,2.2822654247283936,2.2574581918509113,2.2822654247283936,40400,0.0,0.0
1996-08-27 00:00:00-04:00,2.257460117340088,2.307074625413496,2.257460117340088,2.257460117340088,18300,0.0,0.0
1996-08-28 00:00:00-04:00,2.282263519943401,2.307070732116699,2.282263519943401,2.307070732116699,5700,0.0,0.0
1996-08-29 00:00:00-04:00,2.282267371376792,2.282267371376792,2.257460117340088,2.257460117340088,5500,0.0,0.0
1996-08-30 00:00:00-04:00,2.2822666803995766,2.2822666803995766,2.232652187347412,2.232652187347412,20700,0.0,0.0
1996-09-03 00:00:00-04:00,2.257460117340088,2.282267371376792,2.257460117340088,2.257460117340088,12200,0.0,0.0
1996-09-04 00:00:00-04:00,2.257460117340088,2.282267371376792,2.2326528633033838,2.257460117340088,16800,0.0,0.0
1996-09-05 00:00:00-04:00,2.257460117340088,2.257460117340088,2.2326528633033838,2.257460117340088,10400,0.0,0.0
1996-09-06 00:00:00-04:00,2.2574563077701035,2.307070732116699,2.2574563077701035,2.307070732116699,12300,0.0,0.0
1996-09-09 00:00:00-04:00,2.282267371376792,2.282267371376792,2.257460117340088,2.257460117340088,11300,0.0,0.0
1996-09-10 00:00:00-04:00,2.2822654247283936,2.2822654247283936,2.2574581918509113,2.2822654247283936,4800,0.0,0.0
1996-09-11 00:00:00-04:00,2.2447556977743632,2.2946391577249043,2.2447556977743632,2.269697427749634,14800,0.062,0.0
1996-09-12 00:00:00-04:00,2.2946391577249043,2.2946391577249043,2.269697427749634,2.269697427749634,8500,0.0,0.0
1996-09-13 00:00:00-04:00,2.269697427749634,2.2946391577249043,2.269697427749634,2.269697427749634,5900,0.0,0.0
1996-09-16 00:00:00-04:00,2.2946391577249043,2.2946391577249043,2.269697427749634,2.269697427749634,2600,0.0,0.0
1996-09-17 00:00:00-04:00,2.2946391577249043,2.2946391577249043,2.269697427749634,2.269697427749634,6200,0.0,0.0
1996-09-18 00:00:00-04:00,2.294635772705078,2.294635772705078,2.269694079523501,2.294635772705078,12200,0.0,0.0
1996-09-19 00:00:00-04:00,2.294635772705078,2.319577465886655,2.294635772705078,2.294635772705078,12300,0.0,0.0
1996-09-20 00:00:00-04:00,2.294635772705078,2.294635772705078,2.294635772705078,2.294635772705078,5700,0.0,0.0
1996-09-23 00:00:00-04:00,2.294638231065538,2.294638231065538,2.2447547912597656,2.2447547912597656,32300,0.0,0.0
1996-09-24 00:00:00-04:00,2.2198116779327393,2.2447533821791747,2.2198116779327393,2.2198116779327393,15300,0.0,0.0
1996-09-25 00:00:00-04:00,2.2198130713568793,2.269696511162652,2.2198130713568793,2.2447547912597656,14800,0.0,0.0
1996-09-26 00:00:00-04:00,2.269696511162652,2.269696511162652,2.2447547912597656,2.2447547912597656,2400,0.0,0.0
1996-09-27 00:00:00-04:00,2.2447547912597656,2.2447547912597656,2.2447547912597656,2.2447547912597656,1600,0.0,0.0
1996-09-30 00:00:00-04:00,2.269696511162652,2.269696511162652,2.2447547912597656,2.2447547912597656,9900,0.0,0.0
1996-10-01 00:00:00-04:00,2.269696511162652,2.269696511162652,2.2447547912597656,2.2447547912597656,1700,0.0,0.0
1996-10-02 00:00:00-04:00,2.269697427749634,2.2946391577249043,2.2447556977743632,2.269697427749634,13700,0.0,0.0
1996-10-03 00:00:00-04:00,2.2946391577249043,2.2946391577249043,2.269697427749634,2.269697427749634,15300,0.0,0.0
1996-10-04 00:00:00-04:00,2.294635772705078,2.294635772705078,2.269694079523501,2.294635772705078,10400,0.0,0.0
1996-10-07 00:00:00-04:00,2.2946391577249043,2.2946391577249043,2.269697427749634,2.269697427749634,6500,0.0,0.0
1996-10-08 00:00:00-04:00,2.269694079523501,2.294635772705078,2.2447523863419243,2.294635772705078,16700,0.0,0.0
1996-10-09 00:00:00-04:00,2.294634347320885,2.3195760250091553,2.2696926696326143,2.3195760250091553,23500,0.0,0.0
1996-10-10 00:00:00-04:00,2.281867265701294,2.30694273015955,2.281867265701294,2.281867265701294,25300,0.062,0.0
1996-10-11 00:00:00-04:00,2.25679087638855,2.25679087638855,2.25679087638855,2.25679087638855,700,0.0,0.0
1996-10-14 00:00:00-04:00,2.256791801243038,2.30694273015955,2.256791801243038,2.281867265701294,2300,0.0,0.0
1996-10-15 00:00:00-04:00,2.281867265701294,2.30694273015955,2.281867265701294,2.281867265701294,5900,0.0,0.0
1996-10-16 00:00:00-04:00,2.2818639356157053,2.3069393634796143,2.256788507751797,2.3069393634796143,24100,0.0,0.0
1996-10-17 00:00:00-04:00,2.281867265701294,2.281867265701294,2.281867265701294,2.281867265701294,9700,0.0,0.0
1996-10-18 00:00:00-04:00,2.2818639356157053,2.3069393634796143,2.2818639356157053,2.3069393634796143,1200,0.0,0.0
1996-10-21 00:00:00-04:00,2.3069393634796143,2.3069393634796143,2.2818639356157053,2.3069393634796143,15300,0.0,0.0
1996-10-22 00:00:00-04:00,2.30694273015955,2.30694273015955,2.281867265701294,2.281867265701294,9100,0.0,0.0
1996-10-23 00:00:00-04:00,2.3069393634796143,2.3069393634796143,2.3069393634796143,2.3069393634796143,1500,0.0,0.0
1996-10-24 00:00:00-04:00,2.3069393634796143,2.3069393634796143,2.3069393634796143,2.3069393634796143,5600,0.0,0.0
1996-10-25 00:00:00-04:00,2.281867265701294,2.281867265701294,2.256791801243038,2.281867265701294,16300,0.0,0.0
1996-10-28 00:00:00-05:00,2.281866330570645,2.30694178475274,2.25679087638855,2.25679087638855,9200,0.0,0.0
1996-10-29 00:00:00-05:00,2.256791801243038,2.281867265701294,2.256791801243038,2.281867265701294,9700,0.0,0.0
1996-10-30 00:00:00-05:00,2.2818639356157053,2.3069393634796143,2.2818639356157053,2.3069393634796143,3200,0.0,0.0
1996-10-31 00:00:00-05:00,2.2818639356157053,2.3069393634796143,2.2818639356157053,2.3069393634796143,8600,0.0,0.0
1996-11-01 00:00:00-05:00,2.3069379560409056,2.3320133686065674,2.3069379560409056,2.3320133686065674,8800,0.0,0.0
1996-11-04 00:00:00-05:00,2.332014791343523,2.332014791343523,2.3069393634796143,2.3069393634796143,9000,0.0,0.0
1996-11-05 00:00:00-05:00,2.3069379560409056,2.3320133686065674,2.3069379560409056,2.3320133686065674,20200,0.0,0.0
1996-11-06 00:00:00-05:00,2.3570887811722296,2.3570887811722296,2.3320133686065674,2.3320133686065674,2800,0.0,0.0
1996-11-07 00:00:00-05:00,2.332014791343523,2.332014791343523,2.3069393634796143,2.3069393634796143,6500,0.0,0.0
1996-11-08 00:00:00-05:00,2.3069379560409056,2.3320133686065674,2.3069379560409056,2.3320133686065674,6100,0.0,0.0
1996-11-11 00:00:00-05:00,2.3069393634796143,2.332014791343523,2.3069393634796143,2.3069393634796143,4800,0.0,0.0
1996-11-12 00:00:00-05:00,2.3069379560409056,2.3320133686065674,2.3069379560409056,2.3320133686065674,16800,0.0,0.0
1996-11-13 00:00:00-05:00,2.344519394509336,2.3949391664342676,2.31930950854687,2.3697292804718018,127100,0.062,0.0
1996-11-14 00:00:00-05:00,2.344517946243286,2.3697278166329987,2.344517946243286,2.344517946243286,4100,0.0,0.0
1996-11-15 00:00:00-05:00,2.3697278166329987,2.3697278166329987,2.344517946243286,2.344517946243286,11300,0.0,0.0
1996-11-18 00:00:00-05:00,2.344517946243286,2.3697278166329987,2.344517946243286,2.344517946243286,7000,0.0,0.0
1996-11-19 00:00:00-05:00,2.344517946243286,2.3697278166329987,2.344517946243286,2.344517946243286,9700,0.0,0.0
1996-11-20 00:00:00-05:00,2.344517946243286,2.344517946243286,2.344517946243286,2.344517946243286,3500,0.0,0.0
1996-11-21 00:00:00-05:00,2.3697307058002637,2.3697307058002637,2.3193109035491943,2.3193109035491943,17300,0.0,0.0
1996-11-22 00:00:00-05:00,2.3193109035491943,2.3445208046747292,2.3193109035491943,2.3193109035491943,20800,0.0,0.0
1996-11-25 00:00:00-05:00,2.3193080758535736,2.344517946243286,2.2940982054638606,2.344517946243286,11900,0.0,0.0
1996-11-26 00:00:00-05:00,2.2940982054638606,2.344517946243286,2.2940982054638606,2.344517946243286,64800,0.0,0.0
1996-11-27 00:00:00-05:00,2.344517946243286,2.344517946243286,2.3193080758535736,2.344517946243286,4900,0.0,0.0
1996-11-29 00:00:00-05:00,2.3445208046747292,2.3445208046747292,2.3193109035491943,2.3193109035491943,1400,0.0,0.0
1996-12-02 00:00:00-05:00,2.344517946243286,2.344517946243286,2.3193080758535736,2.344517946243286,65400,0.0,0.0
1996-12-03 00:00:00-05:00,2.344517946243286,2.344517946243286,2.344517946243286,2.344517946243286,3500,0.0,0.0
1996-12-04 00:00:00-05:00,2.3193109035491943,2.3445208046747292,2.3193109035491943,2.3193109035491943,5800,0.0,0.0
1996-12-05 00:00:00-05:00,2.3193109035491943,2.3445208046747292,2.3193109035491943,2.3193109035491943,15700,0.0,0.0
1996-12-06 00:00:00-05:00,2.294100284576416,2.294100284576416,2.294100284576416,2.294100284576416,7800,0.0,0.0
1996-12-09 00:00:00-05:00,2.3193101778135197,2.344520071050623,2.294100284576416,2.294100284576416,20100,0.0,0.0
1996-12-10 00:00:00-05:00,2.294100284576416,2.3193101778135197,2.294100284576416,2.294100284576416,20200,0.0,0.0
1996-12-11 00:00:00-05:00,2.2559759616851807,2.2559759616851807,2.2559759616851807,2.2559759616851807,21600,0.062,0.0
1996-12-12 00:00:00-05:00,2.2559759616851807,2.2813240061984974,2.2559759616851807,2.2559759616851807,11400,0.0,0.0
1996-12-13 00:00:00-05:00,2.2559763378567164,2.2813243865966797,2.2306282891167535,2.2813243865966797,27900,0.0,0.0
1996-12-16 00:00:00-05:00,2.25597726485946,2.25597726485946,2.2306292057037354,2.2306292057037354,8900,0.0,0.0
1996-12-17 00:00:00-05:00,2.2306292057037354,2.25597726485946,2.2306292057037354,2.2306292057037354,17700,0.0,0.0
1996-12-18 00:00:00-05:00,2.25597726485946,2.281325324015184,2.2306292057037354,2.2306292057037354,34000,0.0,0.0
1996-12-19 00:00:00-05:00,2.2559763378567164,2.332020484076606,2.2559763378567164,2.2813243865966797,56400,0.0,0.0
1996-12-20 00:00:00-05:00,2.2813264092246257,2.3066744804382324,2.2813264092246257,2.3066744804382324,31400,0.0,0.0
1996-12-23 00:00:00-05:00,2.2813243865966797,2.2813243865966797,2.2813243865966797,2.2813243865966797,5500,0.0,0.0
1996-12-24 00:00:00-05:00,2.3066708212313447,2.3320188522338867,2.2813227902288022,2.3320188522338867,22700,0.0,0.0
1996-12-26 00:00:00-05:00,2.3066708212313447,2.3320188522338867,2.3066708212313447,2.3320188522338867,12100,0.0,0.0
1996-12-27 00:00:00-05:00,2.3066708212313447,2.3320188522338867,2.3066708212313447,2.3320188522338867,10000,0.0,0.0
1996-12-30 00:00:00-05:00,2.3320188522338867,2.3320188522338867,2.3066708212313447,2.3320188522338867,16400,0.0,0.0
1996-12-31 00:00:00-05:00,2.3066724353366426,2.332020484076606,2.2813243865966797,2.2813243865966797,29400,0.0,0.0
1997-01-02 00:00:00-05:00,2.2813243865966797,2.2813243865966797,2.2559763378567164,2.2813243865966797,5200,0.0,0.0
1997-01-03 00:00:00-05:00,2.306671906543034,2.357367992401123,2.28132386361399,2.357367992401123,16000,0.0,0.0
1997-01-06 00:00:00-05:00,2.357366883236429,2.357366883236429,2.3066708212313447,2.3320188522338867,5000,0.0,0.0
1997-01-07 00:00:00-05:00,2.3320188522338867,2.357366883236429,2.3066708212313447,2.3320188522338867,10200,0.0,0.0
1997-01-08 00:00:00-05:00,2.3320188522338867,2.357366883236429,2.3320188522338867,2.3320188522338867,8400,0.0,0.0
1997-01-09 00:00:00-05:00,2.3320199494720786,2.382716035330167,2.3320199494720786,2.357367992401123,69800,0.0,0.0
1997-01-10 00:00:00-05:00,2.3320199494720786,2.357367992401123,2.306671906543034,2.357367992401123,32000,0.0,0.0
1997-01-13 00:00:00-05:00,2.3700084686279297,2.3700084686279297,2.3445245065996723,2.3700084686279297,22500,0.062,0.0
1997-01-14 00:00:00-05:00,2.3700076212053713,2.395491574121558,2.3445236682891846,2.3445236682891846,10600,0.0,0.0
1997-01-15 00:00:00-05:00,2.3445236682891846,2.3445236682891846,2.3445236682891846,2.3445236682891846,3800,0.0,0.0
1997-01-16 00:00:00-05:00,2.3445236682891846,2.3700076212053713,2.3445236682891846,2.3445236682891846,9700,0.0,0.0
1997-01-17 00:00:00-05:00,2.3445236682891846,2.395491574121558,2.3445236682891846,2.3445236682891846,6600,0.0,0.0
1997-01-20 00:00:00-05:00,2.395491574121558,2.395491574121558,2.3445236682891846,2.3445236682891846,11700,0.0,0.0
1997-01-21 00:00:00-05:00,2.3445246270362365,2.3954925537109375,2.3445246270362365,2.3954925537109375,8800,0.0,0.0
1997-01-22 00:00:00-05:00,2.3700084686279297,2.395492430656187,2.3700084686279297,2.3700084686279297,5900,0.0,0.0
1997-01-23 00:00:00-05:00,2.3445245065996723,2.3700084686279297,2.3445245065996723,2.3700084686279297,4800,0.0,0.0
1997-01-24 00:00:00-05:00,2.3954925537109375,2.3954925537109375,2.3954925537109375,2.3954925537109375,2400,0.0,0.0
1997-01-27 00:00:00-05:00,2.3445236682891846,2.395491574121558,2.3445236682891846,2.3445236682891846,36700,0.0,0.0
1997-01-28 00:00:00-05:00,2.319039715372998,2.3700076212053713,2.319039715372998,2.3445236682891846,12000,0.0,0.0
1997-01-29 00:00:00-05:00,2.3190414905548096,2.370009435402168,2.3190414905548096,2.3190414905548096,16100,0.0,0.0
1997-01-30 00:00:00-05:00,2.3445236682891846,2.3700076212053713,2.3445236682891846,2.3445236682891846,7200,0.0,0.0
1997-01-31 00:00:00-05:00,2.3700076212053713,2.3700076212053713,2.3445236682891846,2.3445236682891846,17200,0.0,0.0
1997-02-03 00:00:00-05:00,2.3445245065996723,2.3700084686279297,2.3445245065996723,2.3700084686279297,29500,0.0,0.0
1997-02-04 00:00:00-05:00,2.3700084686279297,2.395492430656187,2.3700084686279297,2.3700084686279297,9000,0.0,0.0
1997-02-05 00:00:00-05:00,2.3700084686279297,2.395492430656187,2.3700084686279297,2.3700084686279297,2200,0.0,0.0
1997-02-06 00:00:00-05:00,2.3700084686279297,2.3700084686279297,2.3445245065996723,2.3700084686279297,5100,0.0,0.0
1997-02-07 00:00:00-05:00,2.3700084686279297,2.395492430656187,2.3700084686279297,2.3700084686279297,12700,0.0,0.0
1997-02-10 00:00:00-05:00,2.395492430656187,2.395492430656187,2.3700084686279297,2.3700084686279297,7800,0.0,0.0
1997-02-11 00:00:00-05:00,2.3954925537109375,2.4209765170482878,2.3954925537109375,2.3954925537109375,19600,0.0,0.0
1997-02-12 00:00:00-05:00,2.4082008512396564,2.4338200092315674,2.382581693247745,2.4338200092315674,16400,0.062,0.0
1997-02-13 00:00:00-05:00,2.382581693247745,2.4338200092315674,2.382581693247745,2.4338200092315674,23100,0.0,0.0
1997-02-14 00:00:00-05:00,2.4338174880819117,2.4594366195354054,2.408198356628418,2.408198356628418,17700,0.0,0.0
1997-02-18 00:00:00-05:00,2.4338183958063677,2.4338183958063677,2.40819925479788,2.421008825302124,18800,0.0,0.0
1997-02-19 00:00:00-05:00,2.4082002590099973,2.4594385623931885,2.4082002590099973,2.4594385623931885,13100,0.0,0.0
1997-02-20 00:00:00-05:00,2.4338200092315674,2.4594391672234788,2.4338200092315674,2.4338200092315674,4900,0.0,0.0
1997-02-21 00:00:00-05:00,2.4594385623931885,2.4850577140847845,2.433819410701593,2.4594385623931885,22100,0.0,0.0
1997-02-24 00:00:00-05:00,2.459440329640182,2.4850594997406006,2.459440329640182,2.4850594997406006,10900,0.0,0.0
1997-02-25 00:00:00-05:00,2.4594385623931885,2.4850577140847845,2.4594385623931885,2.4594385623931885,53500,0.0,0.0
1997-02-26 00:00:00-05:00,2.4338200092315674,2.4594391672234788,2.4338200092315674,2.4338200092315674,8500,0.0,0.0
1997-02-27 00:00:00-05:00,2.4338200092315674,2.4338200092315674,2.4338200092315674,2.4338200092315674,4600,0.0,0.0
1997-02-28 00:00:00-05:00,2.4338174880819117,2.4338174880819117,2.408198356628418,2.408198356628418,12700,0.0,0.0
1997-03-03 00:00:00-05:00,2.4594391672234788,2.4594391672234788,2.4082008512396564,2.4338200092315674,3900,0.0,0.0
1997-03-04 00:00:00-05:00,2.4338200092315674,2.4594391672234788,2.4338200092315674,2.4338200092315674,24200,0.0,0.0
1997-03-05 00:00:00-05:00,2.4338200092315674,2.4594391672234788,2.4338200092315674,2.4338200092315674,21900,0.0,0.0
1997-03-06 00:00:00-05:00,2.4594391672234788,2.4594391672234788,2.4338200092315674,2.4338200092315674,6400,0.0,0.0
1997-03-07 00:00:00-05:00,2.4338200092315674,2.4594391672234788,2.4338200092315674,2.4338200092315674,6300,0.0,0.0
1997-03-10 00:00:00-05:00,2.4594366195354054,2.4594366195354054,2.408198356628418,2.408198356628418,20600,0.0,0.0
1997-03-11 00:00:00-05:00,2.4082008512396564,2.4594391672234788,2.4082008512396564,2.4338200092315674,9600,0.0,0.0
1997-03-12 00:00:00-05:00,2.446592437460067,2.446592437460067,2.4208388328552246,2.4208388328552246,6200,0.062,0.0
1997-03-13 00:00:00-05:00,2.4208394224925707,2.4208394224925707,2.3950858116149902,2.3950858116149902,6700,0.0,0.0
1997-03-14 00:00:00-05:00,2.3950852282503816,2.4208388328552246,2.3950852282503816,2.4208388328552246,13200,0.0,0.0
1997-03-17 00:00:00-05:00,2.3950858116149902,2.4208394224925707,2.3950858116149902,2.3950858116149902,15100,0.0,0.0
1997-03-18 00:00:00-05:00,2.4208388328552246,2.4208388328552246,2.3950852282503816,2.4208388328552246,24600,0.0,0.0
1997-03-19 00:00:00-05:00,2.3950858116149902,2.3950858116149902,2.3950858116149902,2.3950858116149902,2800,0.0,0.0
1997-03-20 00:00:00-05:00,2.395085684631182,2.395085684631182,2.3693320751190186,2.3693320751190186,26800,0.0,0.0
1997-03-21 00:00:00-05:00,2.36933220073741,2.4208394224925707,2.36933220073741,2.3950858116149902,29200,0.0,0.0
1997-03-24 00:00:00-05:00,2.4208394224925707,2.4208394224925707,2.3950858116149902,2.3950858116149902,27200,0.0,0.0
1997-03-25 00:00:00-05:00,2.420840564258596,2.420840564258596,2.3950869412345686,2.407963752746582,10300,0.0,0.0
1997-03-26 00:00:00-05:00,2.4208394224925707,2.4208394224925707,2.3950858116149902,2.3950858116149902,5900,0.0,0.0
1997-03-27 00:00:00-05:00,2.420839294143345,2.420839294143345,2.3693320751190186,2.3693320751190186,3100,0.0,0.0
1997-03-31 00:00:00-05:00,2.395085684631182,2.395085684631182,2.3435784656068552,2.3693320751190186,6800,0.0,0.0
1997-04-01 00:00:00-05:00,2.3435778617858887,2.3435778617858887,2.3435778617858887,2.3435778617858887,4300,0.0,0.0
1997-04-02 00:00:00-05:00,2.3178250789642334,2.3435786909527248,2.3178250789642334,2.3178250789642334,6000,0.0,0.0
1997-04-03 00:00:00-05:00,2.3435786909527248,2.3435786909527248,2.3178250789642334,2.3178250789642334,5600,0.0,0.0
1997-04-04 00:00:00-05:00,2.3693320751190186,2.3693320751190186,2.3693320751190186,2.3693320751190186,6000,0.0,0.0
1997-04-07 00:00:00-04:00,2.3693320751190186,2.395085684631182,2.3693320751190186,2.3693320751190186,6000,0.0,0.0
1997-04-08 00:00:00-04:00,2.3435778617858887,2.3950850675394246,2.3435778617858887,2.3435778617858887,22800,0.0,0.0
1997-04-09 00:00:00-04:00,2.3435786909527248,2.3435786909527248,2.3178250789642334,2.3178250789642334,4000,0.0,0.0
1997-04-10 00:00:00-04:00,2.36933220073741,2.3950858116149902,2.36933220073741,2.3950858116149902,4600,0.0,0.0
1997-04-11 00:00:00-04:00,2.382036125266945,2.382036125266945,2.356144428253174,2.356144428253174,1800,0.062,0.0
1997-04-14 00:00:00-04:00,2.356145066685147,2.356145066685147,2.3302533626556396,2.3302533626556396,6700,0.0,0.0
1997-04-15 00:00:00-04:00,2.356144428253174,2.382036125266945,2.356144428253174,2.356144428253174,16700,0.0,0.0
1997-04-16 00:00:00-04:00,2.356145066685147,2.356145066685147,2.3302533626556396,2.3302533626556396,11700,0.0,0.0
1997-04-17 00:00:00-04:00,2.356144428253174,2.382036125266945,2.356144428253174,2.356144428253174,3500,0.0,0.0
1997-04-18 00:00:00-04:00,2.3302533626556396,2.356145066685147,2.3302533626556396,2.3302533626556396,5600,0.0,0.0
1997-04-21 00:00:00-04:00,2.3302533626556396,2.3820367707146537,2.3302533626556396,2.3302533626556396,3100,0.0,0.0
1997-04-22 00:00:00-04:00,2.330252813256305,2.3820362091064453,2.330252813256305,2.3820362091064453,7900,0.0,0.0
1997-04-23 00:00:00-04:00,2.356144511181375,2.3820362091064453,2.356144511181375,2.3820362091064453,2200,0.0,0.0
1997-04-24 00:00:00-04:00,2.356145066685147,2.3820367707146537,2.3302533626556396,2.3302533626556396,9800,0.0,0.0
1997-04-25 00:00:00-04:00,2.356144428253174,2.356144428253174,2.330252731239403,2.356144428253174,15800,0.0,0.0
1997-04-28 00:00:00-04:00,2.382036125266945,2.382036125266945,2.356144428253174,2.356144428253174,4700,0.0,0.0
1997-04-29 00:00:00-04:00,2.3820351118682535,2.4079267978668213,2.3820351118682535,2.4079267978668213,12500,0.0,0.0
1997-04-30 00:00:00-04:00,2.4079267978668213,2.4079267978668213,2.4079267978668213,2.4079267978668213,11700,0.0,0.0
1997-05-01 00:00:00-04:00,2.4079267978668213,2.4079267978668213,2.4079267978668213,2.4079267978668213,8700,0.0,0.0
1997-05-02 00:00:00-04:00,2.43381929397583,2.43381929397583,2.3820359047423016,2.43381929397583,8300,0.0,0.0
1997-05-05 00:00:00-04:00,2.4079267978668213,2.4079267978668213,2.3820351118682535,2.4079267978668213,8400,0.0,0.0
1997-05-06 00:00:00-04:00,2.407927907031515,2.407927907031515,2.356144511181375,2.3820362091064453,8200,0.0,0.0
1997-05-07 00:00:00-04:00,2.356144511181375,2.3820362091064453,2.356144511181375,2.3820362091064453,11800,0.0,0.0
1997-05-08 00:00:00-04:00,2.3820362091064453,2.407927907031515,2.3820362091064453,2.3820362091064453,4300,0.0,0.0
1997-05-09 00:00:00-04:00,2.4079267978668213,2.420872640866105,2.4079267978668213,2.4079267978668213,14200,0.0,0.0
1997-05-12 00:00:00-04:00,2.4079267978668213,2.4079267978668213,2.3820351118682535,2.4079267978668213,2900,0.0,0.0
1997-05-13 00:00:00-04:00,2.368777767471645,2.394808292388916,2.368777767471645,2.394808292388916,5700,0.062,0.0
1997-05-14 00:00:00-04:00,2.368777767471645,2.394808292388916,2.368777767471645,2.394808292388916,67700,0.0,0.0
1997-05-15 00:00:00-04:00,2.381793973210094,2.381793973210094,2.368778705596924,2.368778705596924,7000,0.0,0.0
1997-05-16 00:00:00-04:00,2.368778705596924,2.381793973210094,2.368778705596924,2.368778705596924,14700,0.0,0.0
1997-05-19 00:00:00-04:00,2.3817930299302805,2.394808292388916,2.368777767471645,2.394808292388916,16300,0.0,0.0
1997-05-20 00:00:00-04:00,2.4078259468078613,2.4078259468078613,2.4078259468078613,2.4078259468078613,1700,0.0,0.0
1997-05-21 00:00:00-04:00,2.381793973210094,2.3948092408232635,2.368778705596924,2.368778705596924,21300,0.0,0.0
1997-05-22 00:00:00-04:00,2.368778705596924,2.3948092408232635,2.368778705596924,2.368778705596924,30800,0.0,0.0
1997-05-23 00:00:00-04:00,2.39480830777076,2.4208388328552246,2.3817930452285276,2.4208388328552246,9000,0.0,0.0
1997-05-27 00:00:00-04:00,2.39480830777076,2.4208388328552246,2.39480830777076,2.4208388328552246,22400,0.0,0.0
1997-05-28 00:00:00-04:00,2.4208388328552246,2.4208388328552246,2.4078235703129924,2.4208388328552246,15000,0.0,0.0
1997-05-29 00:00:00-04:00,2.420841222196012,2.420841222196012,2.4078259468078613,2.4078259468078613,10900,0.0,0.0
1997-05-30 00:00:00-04:00,2.4208388173061866,2.4208388173061866,2.394808292388916,2.394808292388916,12100,0.0,0.0
1997-06-02 00:00:00-04:00,2.420841222196012,2.4338564975841623,2.3948106714197106,2.4078259468078613,13300,0.0,0.0
1997-06-03 00:00:00-04:00,2.4208383763090096,2.446868896484375,2.4208383763090096,2.446868896484375,13200,0.0,0.0
1997-06-04 00:00:00-04:00,2.4338536363966923,2.446868896484375,2.4208383763090096,2.446868896484375,17600,0.0,0.0
1997-06-05 00:00:00-04:00,2.4208388405050183,2.446869365671739,2.4208388405050183,2.433854103088379,7000,0.0,0.0
1997-06-06 00:00:00-04:00,2.4208383763090096,2.446868896484375,2.4208383763090096,2.446868896484375,15200,0.0,0.0
1997-06-09 00:00:00-04:00,2.446870096106278,2.49893116198088,2.4338548296376277,2.472900629043579,122900,0.0,0.0
1997-06-10 00:00:00-04:00,2.49893116198088,2.49893116198088,2.472900629043579,2.472900629043579,4600,0.0,0.0
1997-06-11 00:00:00-04:00,2.4858806133270264,2.4858806133270264,2.4858806133270264,2.4858806133270264,10100,0.062,0.0
1997-06-12 00:00:00-04:00,2.4858794237176576,2.5120465755462646,2.4858794237176576,2.5120465755462646,44900,0.0,0.0
1997-06-13 00:00:00-04:00,2.5382137273748713,2.5382137273748713,2.5120465755462646,2.5120465755462646,5700,0.0,0.0
1997-06-16 00:00:00-04:00,2.5120465755462646,2.5120465755462646,2.4858794237176576,2.5120465755462646,33300,0.0,0.0
1997-06-17 00:00:00-04:00,2.485881761177299,2.5382161140441895,2.472798172960576,2.5382161140441895,46500,0.0,0.0
1997-06-18 00:00:00-04:00,2.5382124105265724,2.5382124105265724,2.5251288414001465,2.5251288414001465,15500,0.0,0.0
1997-06-19 00:00:00-04:00,2.525130151460568,2.5382137273748713,2.498962999631961,2.5120465755462646,29400,0.0,0.0
1997-06-20 00:00:00-04:00,2.512047047517737,2.5643813610076904,2.512047047517737,2.5643813610076904,57000,0.0,0.0
1997-06-23 00:00:00-04:00,2.538214204262714,2.5643813610076904,2.5251306258902257,2.5643813610076904,22500,0.0,0.0
1997-06-24 00:00:00-04:00,2.525132525827467,2.5382161140441895,2.525132525827467,2.5382161140441895,4500,0.0,0.0
1997-06-25 00:00:00-04:00,2.5120465755462646,2.5382137273748713,2.498962999631961,2.5120465755462646,10400,0.0,0.0
1997-06-26 00:00:00-04:00,2.525132525827467,2.5382161140441895,2.512048937610744,2.5382161140441895,18300,0.0,0.0
1997-06-27 00:00:00-04:00,2.551297782635202,2.5643813610076904,2.5251306258902257,2.5643813610076904,10000,0.0,0.0
1997-06-30 00:00:00-04:00,2.512047047517737,2.5643813610076904,2.512047047517737,2.5643813610076904,14400,0.0,0.0
1997-07-01 00:00:00-04:00,2.564381961333446,2.564381961333446,2.525131217027322,2.5512983798980713,16500,0.0,0.0
1997-07-02 00:00:00-04:00,2.5774655427688207,2.5774655427688207,2.5512983798980713,2.5512983798980713,6900,0.0,0.0
1997-07-03 00:00:00-04:00,2.5774625648151743,2.590546131134033,2.5774625648151743,2.590546131134033,3800,0.0,0.0
1997-07-07 00:00:00-04:00,2.5643815898895266,2.669050226211548,2.5643815898895266,2.616715908050537,58900,0.0,0.0
1997-07-08 00:00:00-04:00,2.590546131134033,2.6167132637717505,2.590546131134033,2.590546131134033,15800,0.0,0.0
1997-07-09 00:00:00-04:00,2.6036323285102845,2.6297994875907897,2.590548748970032,2.616715908050537,10100,0.0,0.0
1997-07-10 00:00:00-04:00,2.616715908050537,2.616715908050537,2.590548748970032,2.616715908050537,13600,0.0,0.0
1997-07-11 00:00:00-04:00,2.616609811782837,2.616609811782837,2.6034610187588028,2.616609811782837,1300,0.062,0.0
1997-07-14 00:00:00-04:00,2.6034608033238626,2.6034608033238626,2.5771632194519043,2.5771632194519043,18300,0.0,0.0
1997-07-15 00:00:00-04:00,2.550865154073696,2.6034603118896484,2.550865154073696,2.6034603118896484,16900,0.0,0.0
1997-07-16 00:00:00-04:00,2.564014399051666,2.6429071497917174,2.564014399051666,2.629758358001709,6600,0.0,0.0
1997-07-17 00:00:00-04:00,2.6166095662117006,2.629758358001709,2.6034607744216918,2.629758358001709,3900,0.0,0.0
1997-07-18 00:00:00-04:00,2.6297593728089943,2.6297593728089943,2.5640153884887695,2.5640153884887695,6600,0.0,0.0
1997-07-21 00:00:00-04:00,2.5771632194519043,2.5771632194519043,2.5771632194519043,2.5771632194519043,1000,0.0,0.0
1997-07-22 00:00:00-04:00,2.5771631908416746,2.629758358001709,2.5771631908416746,2.629758358001709,2500,0.0,0.0
1997-07-23 00:00:00-04:00,2.6560578181825836,2.682355420342807,2.6297602160223597,2.6692066192626953,26700,0.0,0.0
1997-07-24 00:00:00-04:00,2.6692047333717346,2.682353525161743,2.629758358001709,2.629758358001709,30300,0.0,0.0
1997-07-25 00:00:00-04:00,2.6034607744216918,2.629758358001709,2.5771631908416746,2.629758358001709,19500,0.0,0.0
1997-07-28 00:00:00-04:00,2.57716463544042,2.629759832082061,2.57716463544042,2.59031343460083,30800,0.0,0.0
1997-07-29 00:00:00-04:00,2.5903119826316834,2.629758358001709,2.5903119826316834,2.629758358001709,12000,0.0,0.0
1997-07-30 00:00:00-04:00,2.656055205008563,2.6823527812957764,2.6297576287213493,2.6823527812957764,23800,0.0,0.0
1997-07-31 00:00:00-04:00,2.682353525161743,2.682353525161743,2.6034607744216918,2.629758358001709,39800,0.0,0.0
1997-08-01 00:00:00-04:00,2.6429080963134766,2.6429080963134766,2.6297592998144044,2.6429080963134766,6300,0.0,0.0
1997-08-04 00:00:00-04:00,2.62976070441822,2.6560583114624023,2.62976070441822,2.6560583114624023,20100,0.0,0.0
1997-08-05 00:00:00-04:00,2.6429080963134766,2.6429080963134766,2.6297592998144044,2.6429080963134766,15000,0.0,0.0
1997-08-06 00:00:00-04:00,2.629758358001709,2.6429071497917174,2.629758358001709,2.629758358001709,20000,0.0,0.0
1997-08-07 00:00:00-04:00,2.642909507940311,2.6560583114624023,2.62976070441822,2.6560583114624023,7300,0.0,0.0
1997-08-08 00:00:00-04:00,2.6297578907976247,2.656055469705601,2.6034603118896484,2.6034603118896484,24800,0.0,0.0
1997-08-11 00:00:00-04:00,2.682354675851217,2.7086522707125034,2.6560570809899304,2.6955034732818604,31600,0.0,0.0
1997-08-12 00:00:00-04:00,2.6955034732818604,2.6955034732818604,2.6955034732818604,2.6955034732818604,0,0.0,0.0
1997-08-13 00:00:00-04:00,2.668973684310913,2.668973684310913,2.6425482022880327,2.668973684310913,4700,0.062,0.0
1997-08-14 00:00:00-04:00,2.668973684310913,2.695399166333793,2.668973684310913,2.668973684310913,4400,0.0,0.0
1997-08-15 00:00:00-04:00,2.668973684310913,2.668973684310913,2.668973684310913,2.668973684310913,4800,0.0,0.0
1997-08-18 00:00:00-04:00,2.695399166333793,2.695399166333793,2.6557609432994727,2.668973684310913,9400,0.0,0.0
1997-08-19 00:00:00-04:00,2.655759572982788,2.655759572982788,2.6425468387888436,2.655759572982788,13900,0.0,0.0
1997-08-20 00:00:00-04:00,2.6557609432994727,2.682186425322353,2.6425482022880327,2.668973684310913,5000,0.0,0.0
1997-08-21 00:00:00-04:00,2.655759572982788,2.668972307176732,2.6425468387888436,2.655759572982788,6700,0.0,0.0
1997-08-22 00:00:00-04:00,2.642546037230829,2.642546037230829,2.6161205768585205,2.6161205768585205,8400,0.0,0.0
1997-08-25 00:00:00-04:00,2.6425456514163894,2.6425456514163894,2.5896947383880615,2.5896947383880615,13300,0.0,0.0
1997-08-26 00:00:00-04:00,2.5764842103854777,2.6821861267089844,2.5764842103854777,2.6821861267089844,19500,0.0,0.0
1997-08-27 00:00:00-04:00,2.66897091627121,2.66897091627121,2.642545461654663,2.642545461654663,2500,0.0,0.0
1997-08-28 00:00:00-04:00,2.6557609432994727,2.682186425322353,2.6293354612765927,2.668973684310913,12700,0.0,0.0
1997-08-29 00:00:00-04:00,2.6821861267089844,2.6821861267089844,2.6557606476281075,2.6821861267089844,3100,0.0,0.0
1997-09-02 00:00:00-04:00,2.6821861267089844,2.6821861267089844,2.629335168547231,2.6821861267089844,11900,0.0,0.0
1997-09-03 00:00:00-04:00,2.655758005731246,2.6953961849212646,2.655758005731246,2.6953961849212646,1500,0.0,0.0
1997-09-04 00:00:00-04:00,2.668972307176732,2.6821850413706763,2.655759572982788,2.655759572982788,23100,0.0,0.0
1997-09-05 00:00:00-04:00,2.6557584767365574,2.6557584767365574,2.629333019256592,2.629333019256592,4800,0.0,0.0
1997-09-08 00:00:00-04:00,2.6293341045948995,2.655759572982788,2.6293341045948995,2.655759572982788,32800,0.0,0.0
1997-09-09 00:00:00-04:00,2.6557609432994727,2.668973684310913,2.6557609432994727,2.668973684310913,21200,0.0,0.0
1997-09-10 00:00:00-04:00,2.6557581889629365,2.66897091627121,2.642545461654663,2.642545461654663,14800,0.0,0.0
1997-09-11 00:00:00-04:00,2.6424389921053493,2.6557175800053763,2.6291604042053223,2.6291604042053223,24400,0.062,0.0
1997-09-12 00:00:00-04:00,2.6424389921053493,2.6424389921053493,2.6291604042053223,2.6291604042053223,8500,0.0,0.0
1997-09-15 00:00:00-04:00,2.6291604042053223,2.6291604042053223,2.6291604042053223,2.6291604042053223,18700,0.0,0.0
1997-09-16 00:00:00-04:00,2.6291604042053223,2.6424389921053493,2.6158818163052957,2.6291604042053223,52200,0.0,0.0
1997-09-17 00:00:00-04:00,2.6291611433029174,2.6689969182014464,2.6291611433029174,2.6557183265686035,36700,0.0,0.0
1997-09-18 00:00:00-04:00,2.655717475929452,2.655717475929452,2.6424388885498047,2.6424388885498047,6500,0.0,0.0
1997-09-19 00:00:00-04:00,2.655718219814016,2.668996810913086,2.655718219814016,2.668996810913086,26300,0.0,0.0
1997-09-22 00:00:00-04:00,2.668996167905403,2.668996167905403,2.6291604042053223,2.6291604042053223,49500,0.0,0.0
1997-09-23 00:00:00-04:00,2.6291604042053223,2.6424389921053493,2.6291604042053223,2.6291604042053223,51000,0.0,0.0
1997-09-24 00:00:00-04:00,2.6158828735351562,2.629161466801832,2.6158828735351562,2.6158828735351562,26300,0.0,0.0
1997-09-25 00:00:00-04:00,2.6158818163052957,2.6424389921053493,2.6158818163052957,2.6291604042053223,6200,0.0,0.0
1997-09-26 00:00:00-04:00,2.6291604042053223,2.6424389921053493,2.6158818163052957,2.6291604042053223,33700,0.0,0.0
1997-09-29 00:00:00-04:00,2.6424388885498047,2.6424388885498047,2.6291603011701574,2.6424388885498047,11600,0.0,0.0
1997-09-30 00:00:00-04:00,2.6424397349357602,2.6557183265686035,2.6291611433029174,2.6557183265686035,87000,0.0,0.0
1997-10-01 00:00:00-04:00,2.668996810913086,2.695553993111226,2.655718219814016,2.668996810913086,35600,0.0,0.0
1997-10-02 00:00:00-04:00,2.668996810913086,2.668996810913086,2.642439628714946,2.668996810913086,58300,0.0,0.0
1997-10-03 00:00:00-04:00,2.695554604624758,2.695554604624758,2.6689974164018535,2.6822760105133057,9000,0.0,0.0
1997-10-06 00:00:00-04:00,2.6955544068975357,2.7353901863098145,2.6955544068975357,2.7353901863098145,33600,0.0,0.0
1997-10-07 00:00:00-04:00,2.722111572237576,2.722111572237576,2.7088329792022705,2.7088329792022705,7300,0.0,0.0
1997-10-08 00:00:00-04:00,2.722111922766775,2.722111922766775,2.695554733276367,2.695554733276367,8900,0.0,0.0
1997-10-09 00:00:00-04:00,2.695554733276367,2.695554733276367,2.66899754378596,2.695554733276367,21300,0.0,0.0
1997-10-10 00:00:00-04:00,2.668758852397976,2.682102646659966,2.6554150581359863,2.6554150581359863,9400,0.062,0.0
1997-10-13 00:00:00-04:00,2.6554150581359863,2.682102646659966,2.6554150581359863,2.6554150581359863,30600,0.0,0.0
1997-10-14 00:00:00-04:00,2.6687610149383545,2.6687610149383545,2.655417209863663,2.6687610149383545,24500,0.0,0.0
1997-10-15 00:00:00-04:00,2.668758594628536,2.668758594628536,2.642071008682251,2.642071008682251,9100,0.0,0.0
1997-10-16 00:00:00-04:00,2.6687610149383545,2.6687610149383545,2.6687610149383545,2.6687610149383545,8500,0.0,0.0
1997-10-17 00:00:00-04:00,2.6687610149383545,2.6687610149383545,2.6687610149383545,2.6687610149383545,500,0.0,0.0
1997-10-20 00:00:00-04:00,2.65541532739478,2.682102918624878,2.65541532739478,2.682102918624878,1900,0.0,0.0
1997-10-21 00:00:00-04:00,2.6687591230098286,2.682102918624878,2.65541532739478,2.682102918624878,9600,0.0,0.0
1997-10-22 00:00:00-04:00,2.655417209863663,2.682104820013046,2.655417209863663,2.6687610149383545,6000,0.0,0.0
1997-10-23 00:00:00-04:00,2.682102918624878,2.682102918624878,2.65541532739478,2.682102918624878,12300,0.0,0.0
1997-10-24 00:00:00-04:00,2.668758852397976,2.668758852397976,2.6554150581359863,2.6554150581359863,2800,0.0,0.0
1997-10-27 00:00:00-05:00,2.64207217644672,2.682103573059549,2.588696980962948,2.615384578704834,8500,0.0,0.0
1997-10-28 00:00:00-05:00,2.642071008682251,2.668758594628536,2.6020396297628228,2.642071008682251,12600,0.0,0.0
1997-10-29 00:00:00-05:00,2.6420715317797305,2.682102918624878,2.6420715317797305,2.682102918624878,7700,0.0,0.0
1997-10-30 00:00:00-05:00,2.6687610149383545,2.6687610149383545,2.6687610149383545,2.6687610149383545,4600,0.0,0.0
1997-10-31 00:00:00-05:00,2.6687610149383545,2.6687610149383545,2.6687610149383545,2.6687610149383545,300,0.0,0.0
1997-11-03 00:00:00-05:00,2.6687610149383545,2.6687610149383545,2.6687610149383545,2.6687610149383545,2800,0.0,0.0
1997-11-04 00:00:00-05:00,2.682102918624878,2.682102918624878,2.6687591230098286,2.682102918624878,13200,0.0,0.0
1997-11-05 00:00:00-05:00,2.682102918624878,2.695446714239927,2.682102918624878,2.682102918624878,7800,0.0,0.0
1997-11-06 00:00:00-05:00,2.682105306351539,2.695449113845825,2.668761498857253,2.695449113845825,24300,0.0,0.0
1997-11-07 00:00:00-05:00,2.695446714239927,2.708790509854976,2.682102918624878,2.682102918624878,7900,0.0,0.0
1997-11-10 00:00:00-05:00,2.682102918624878,2.708790509854976,2.682102918624878,2.682102918624878,9100,0.0,0.0
1997-11-11 00:00:00-05:00,2.695449113845825,2.7087929213401116,2.682105306351539,2.695449113845825,13000,0.0,0.0
1997-11-12 00:00:00-05:00,2.681931257247925,2.681931257247925,2.681931257247925,2.681931257247925,1600,0.062,0.0
1997-11-13 00:00:00-05:00,2.681931257247925,2.681931257247925,2.681931257247925,2.681931257247925,2200,0.0,0.0
1997-11-14 00:00:00-05:00,2.6953410677390526,2.7087507247924805,2.6953410677390526,2.7087507247924805,4700,0.0,0.0
1997-11-17 00:00:00-05:00,2.6953409135341646,2.6953409135341646,2.681931257247925,2.681931257247925,7000,0.0,0.0
1997-11-18 00:00:00-05:00,2.681931257247925,2.6953409135341646,2.6685216009616854,2.681931257247925,14400,0.0,0.0
1997-11-19 00:00:00-05:00,2.6685210875610808,2.695340394973755,2.6685210875610808,2.695340394973755,52800,0.0,0.0
1997-11-20 00:00:00-05:00,2.6953410677390526,2.7087507247924805,2.6953410677390526,2.7087507247924805,31200,0.0,0.0
1997-11-21 00:00:00-05:00,2.7087500486800917,2.722159702386429,2.695340394973755,2.695340394973755,24600,0.0,0.0
1997-11-24 00:00:00-05:00,2.722160381845909,2.722160381845909,2.7087507247924805,2.7087507247924805,33800,0.0,0.0
1997-11-25 00:00:00-05:00,2.7087507247924805,2.722160381845909,2.7087507247924805,2.7087507247924805,5300,0.0,0.0
1997-11-26 00:00:00-05:00,2.722160381845909,2.722160381845909,2.7087507247924805,2.7087507247924805,18100,0.0,0.0
1997-11-28 00:00:00-05:00,2.722158908843994,2.722158908843994,2.722158908843994,2.722158908843994,4200,0.0,0.0
1997-12-01 00:00:00-05:00,2.7221593482821596,2.7355690002441406,2.7087496963201785,2.7355690002441406,32000,0.0,0.0
1997-12-02 00:00:00-05:00,2.7355685586412553,2.7355685586412553,2.722158908843994,2.722158908843994,23800,0.0,0.0
1997-12-03 00:00:00-05:00,2.7489782084385164,2.7623878582357775,2.722158908843994,2.722158908843994,33200,0.0,0.0
1997-12-04 00:00:00-05:00,2.722158908843994,2.7355685586412553,2.722158908843994,2.722158908843994,9800,0.0,0.0
1997-12-05 00:00:00-05:00,2.722158908843994,2.7489782084385164,2.722158908843994,2.722158908843994,9900,0.0,0.0
1997-12-08 00:00:00-05:00,2.7355685586412553,2.7355685586412553,2.722158908843994,2.722158908843994,6400,0.0,0.0
1997-12-09 00:00:00-05:00,2.7489786522061217,2.7489786522061217,2.7355690002441406,2.7355690002441406,4800,0.0,0.0
1997-12-10 00:00:00-05:00,2.7489786522061217,2.7489786522061217,2.7221593482821596,2.7355690002441406,9800,0.0,0.0
1997-12-11 00:00:00-05:00,2.762412551571341,2.762412551571341,2.7219870020361507,2.7489373683929443,33800,0.062,0.0
1997-12-12 00:00:00-05:00,2.7489352155788778,2.7489352155788778,2.735460042953491,2.735460042953491,3900,0.0,0.0
1997-12-15 00:00:00-05:00,2.7489373683929443,2.762412551571341,2.7354621852145473,2.7489373683929443,7600,0.0,0.0
1997-12-16 00:00:00-05:00,2.7489373683929443,2.7489373683929443,2.7354621852145473,2.7489373683929443,9700,0.0,0.0
1997-12-17 00:00:00-05:00,2.735461473464966,2.735461473464966,2.7219862937927246,2.7219862937927246,11200,0.0,0.0
1997-12-18 00:00:00-05:00,2.7219848703281047,2.735460042953491,2.708509697702718,2.735460042953491,8900,0.0,0.0
1997-12-19 00:00:00-05:00,2.735460042953491,2.7489352155788778,2.735460042953491,2.735460042953491,18900,0.0,0.0
1997-12-22 00:00:00-05:00,2.735461473464966,2.748936653137207,2.7219862937927246,2.7219862937927246,14100,0.0,0.0
1997-12-23 00:00:00-05:00,2.735461473464966,2.735461473464966,2.7219862937927246,2.7219862937927246,10800,0.0,0.0
1997-12-24 00:00:00-05:00,2.735460042953491,2.735460042953491,2.735460042953491,2.735460042953491,3800,0.0,0.0
1997-12-26 00:00:00-05:00,2.735460042953491,2.735460042953491,2.735460042953491,2.735460042953491,100,0.0,0.0
1997-12-29 00:00:00-05:00,2.7354621852145473,2.7489373683929443,2.7354621852145473,2.7489373683929443,9900,0.0,0.0
1997-12-30 00:00:00-05:00,2.7489373683929443,2.7489373683929443,2.7354621852145473,2.7489373683929443,7000,0.0,0.0
1997-12-31 00:00:00-05:00,2.7354621852145473,2.762412551571341,2.7354621852145473,2.7489373683929443,17600,0.0,0.0
1998-01-02 00:00:00-05:00,2.7489373683929443,2.7489373683929443,2.7354621852145473,2.7489373683929443,11700,0.0,0.0
1998-01-05 00:00:00-05:00,2.775888204574585,2.775888204574585,2.748937833656385,2.775888204574585,68000,0.0,0.0
1998-01-06 00:00:00-05:00,2.762413019115485,2.7893633900336847,2.762413019115485,2.775888204574585,17200,0.0,0.0
1998-01-07 00:00:00-05:00,2.789362668991089,2.789362668991089,2.7758874870152863,2.789362668991089,21100,0.0,0.0
1998-01-08 00:00:00-05:00,2.7893633900336847,2.802838575492785,2.775888204574585,2.775888204574585,10900,0.0,0.0
1998-01-09 00:00:00-05:00,2.775887248607782,2.802837610244751,2.775887248607782,2.802837610244751,18400,0.0,0.0
1998-01-12 00:00:00-05:00,2.802837607974098,2.856738331204369,2.802837607974098,2.8297879695892334,36200,0.0,0.0
1998-01-13 00:00:00-05:00,2.8296793693614797,2.897375048054338,2.8296793693614797,2.856757640838623,31000,0.062,0.0
1998-01-14 00:00:00-05:00,2.8702967765771947,2.8702967765771947,2.8432185051000514,2.856757640838623,20800,0.0,0.0
1998-01-15 00:00:00-05:00,2.843218445777893,2.8838358521461487,2.843218445777893,2.8702967166900635,16300,0.0,0.0
1998-01-16 00:00:00-05:00,2.8567587030885364,2.8838369846343994,2.8567587030885364,2.8838369846343994,5700,0.0,0.0
1998-01-20 00:00:00-05:00,2.856757640838623,2.856757640838623,2.8432185051000514,2.856757640838623,4100,0.0,0.0
1998-01-21 00:00:00-05:00,2.8567574614570255,2.8567574614570255,2.8296791916801816,2.8432183265686035,9500,0.0,0.0
1998-01-22 00:00:00-05:00,2.8432185051000514,2.856757640838623,2.8432185051000514,2.856757640838623,3900,0.0,0.0
1998-01-23 00:00:00-05:00,2.8432183265686035,2.8432183265686035,2.8296791916801816,2.8432183265686035,9700,0.0,0.0
1998-01-26 00:00:00-05:00,2.8432183265686035,2.8567574614570255,2.8432183265686035,2.8432183265686035,6600,0.0,0.0
1998-01-27 00:00:00-05:00,2.8567574614570255,2.8567574614570255,2.8432183265686035,2.8432183265686035,10200,0.0,0.0
1998-01-28 00:00:00-05:00,2.8432183265686035,2.8567574614570255,2.8432183265686035,2.8432183265686035,18200,0.0,0.0
1998-01-29 00:00:00-05:00,2.856757640838623,2.856757640838623,2.856757640838623,2.856757640838623,8100,0.0,0.0
1998-01-30 00:00:00-05:00,2.8702967166900635,2.8702967166900635,2.8567575812339783,2.8702967166900635,8100,0.0,0.0
1998-02-02 00:00:00-05:00,2.8567574614570255,2.8567574614570255,2.8432183265686035,2.8432183265686035,8300,0.0,0.0
1998-02-03 00:00:00-05:00,2.8567575812339783,2.8702967166900635,2.843218445777893,2.8702967166900635,24600,0.0,0.0
1998-02-04 00:00:00-05:00,2.8702967166900635,2.8838358521461487,2.8702967166900635,2.8702967166900635,6900,0.0,0.0
1998-02-05 00:00:00-05:00,2.8702967765771947,2.897375048054338,2.856757640838623,2.856757640838623,13300,0.0,0.0
1998-02-06 00:00:00-05:00,2.870296596345447,2.870296596345447,2.8432183265686035,2.8432183265686035,25900,0.0,0.0
1998-02-09 00:00:00-05:00,2.843218445777893,2.8702967166900635,2.843218445777893,2.8702967166900635,14900,0.0,0.0
1998-02-10 00:00:00-05:00,2.856758745732131,2.9786110145074347,2.856758745732131,2.9244544506073,29600,0.0,0.0
1998-02-11 00:00:00-05:00,2.9243445943254947,2.978751005382713,2.9243445943254947,2.965149402618408,6800,0.062,0.0
1998-02-12 00:00:00-05:00,2.9651507976443265,2.9651507976443265,2.9243459701538086,2.9243459701538086,10500,0.0,0.0
1998-02-13 00:00:00-05:00,2.9243459701538086,2.9243459701538086,2.9107443609903023,2.9243459701538086,9000,0.0,0.0
1998-02-17 00:00:00-05:00,2.910743603166544,2.910743603166544,2.883540391921997,2.883540391921997,22300,0.0,0.0
1998-02-18 00:00:00-05:00,2.8699374198913574,2.8971406181841663,2.8699374198913574,2.8699374198913574,14300,0.0,0.0
1998-02-19 00:00:00-05:00,2.8699389804493296,2.8699389804493296,2.842735767364502,2.842735767364502,13800,0.0,0.0
1998-02-20 00:00:00-05:00,2.84273499080113,2.8563365936279297,2.84273499080113,2.8563365936279297,1700,0.0,0.0
1998-02-23 00:00:00-05:00,2.8971419975442707,2.8971419975442707,2.85633718067745,2.883540391921997,32600,0.0,0.0
1998-02-24 00:00:00-05:00,2.8563365936279297,2.8835397992815293,2.8563365936279297,2.8563365936279297,15800,0.0,0.0
1998-02-25 00:00:00-05:00,2.8699381964547297,2.8699381964547297,2.8563365936279297,2.8563365936279297,4700,0.0,0.0
1998-02-26 00:00:00-05:00,2.856337373906916,2.856337373906916,2.842735767364502,2.842735767364502,7400,0.0,0.0
1998-02-27 00:00:00-05:00,2.856337373906916,2.856337373906916,2.842735767364502,2.842735767364502,2600,0.0,0.0
1998-03-02 00:00:00-05:00,2.8699389804493296,2.8699389804493296,2.842735767364502,2.842735767364502,6900,0.0,0.0
1998-03-03 00:00:00-05:00,2.856337373906916,2.856337373906916,2.842735767364502,2.842735767364502,21800,0.0,0.0
1998-03-04 00:00:00-05:00,2.829134160822088,2.842735767364502,2.829134160822088,2.842735767364502,5600,0.0,0.0
1998-03-05 00:00:00-05:00,2.829133987426758,2.829133987426758,2.8155323817179756,2.829133987426758,7800,0.0,0.0
1998-03-06 00:00:00-05:00,2.8427355931355405,2.8427355931355405,2.829133987426758,2.829133987426758,11400,0.0,0.0
1998-03-09 00:00:00-05:00,2.84273499080113,2.8563365936279297,2.8291333879743306,2.8563365936279297,10600,0.0,0.0
1998-03-10 00:00:00-05:00,2.856337198844323,2.856337198844323,2.829133987426758,2.829133987426758,14700,0.0,0.0
1998-03-11 00:00:00-05:00,2.8426903802991492,2.856357160973664,2.829023599624634,2.829023599624634,6700,0.062,0.0
1998-03-12 00:00:00-05:00,2.8426922154768803,2.8563590049743652,2.8426922154768803,2.8563590049743652,5400,0.0,0.0
1998-03-13 00:00:00-05:00,2.8426915849958148,2.870025157928467,2.8426915849958148,2.870025157928467,12200,0.0,0.0
1998-03-16 00:00:00-05:00,2.8563583714621408,2.870025157928467,2.8563583714621408,2.870025157928467,7900,0.0,0.0
1998-03-17 00:00:00-05:00,2.856357507796084,2.8836910724639893,2.856357507796084,2.8836910724639893,2100,0.0,0.0
1998-03-18 00:00:00-05:00,2.856358446753942,2.856358446753942,2.842691659927368,2.842691659927368,4100,0.0,0.0
1998-03-19 00:00:00-05:00,2.8426903802991492,2.856357160973664,2.829023599624634,2.829023599624634,12000,0.0,0.0
1998-03-20 00:00:00-05:00,2.842691659927368,2.856358446753942,2.8290248731007943,2.842691659927368,13600,0.0,0.0
1998-03-23 00:00:00-05:00,2.8290248731007943,2.842691659927368,2.8290248731007943,2.842691659927368,5100,0.0,0.0
1998-03-24 00:00:00-05:00,2.829023599624634,2.829023599624634,2.829023599624634,2.829023599624634,600,0.0,0.0
1998-03-25 00:00:00-05:00,2.8153556846990817,2.8153556846990817,2.8016889095306396,2.8016889095306396,9500,0.0,0.0
1998-03-26 00:00:00-05:00,2.8153574466705322,2.8153574466705322,2.8016906629488307,2.8153574466705322,6700,0.0,0.0
1998-03-27 00:00:00-05:00,2.8016889095306396,2.8016889095306396,2.8016889095306396,2.8016889095306396,14600,0.0,0.0
1998-03-30 00:00:00-05:00,2.8153556846990817,2.8153556846990817,2.8016889095306396,2.8016889095306396,17100,0.0,0.0
1998-03-31 00:00:00-05:00,2.8016900139696457,2.8016900139696457,2.7880232334136963,2.7880232334136963,3300,0.0,0.0
1998-04-01 00:00:00-05:00,2.8016906629488307,2.829024230392234,2.8016906629488307,2.8153574466705322,8200,0.0,0.0
1998-04-02 00:00:00-05:00,2.8290254259793954,2.8563590049743652,2.8290254259793954,2.8563590049743652,8800,0.0,0.0
1998-04-03 00:00:00-05:00,2.842691659927368,2.842691659927368,2.8290248731007943,2.842691659927368,3500,0.0,0.0
1998-04-06 00:00:00-04:00,2.8426915849958148,2.883691944394793,2.8426915849958148,2.870025157928467,20800,0.0,0.0
1998-04-07 00:00:00-04:00,2.842691659927368,2.842691659927368,2.842691659927368,2.842691659927368,8400,0.0,0.0
1998-04-08 00:00:00-04:00,2.8290254259793954,2.8563590049743652,2.8290254259793954,2.8563590049743652,20000,0.0,0.0
1998-04-09 00:00:00-04:00,2.842691659927368,2.856358446753942,2.842691659927368,2.842691659927368,5700,0.0,0.0
1998-04-13 00:00:00-04:00,2.8425807161973076,2.8563129901885986,2.828848442206016,2.8563129901885986,4500,0.062,0.0
1998-04-14 00:00:00-04:00,2.8288495540618896,2.8425818334505393,2.8013849952845895,2.8288495540618896,6800,0.0,0.0
1998-04-15 00:00:00-04:00,2.815114569430258,2.8425791018149433,2.801382303237915,2.801382303237915,8300,0.0,0.0
1998-04-16 00:00:00-04:00,2.8288468356226004,2.8288468356226004,2.801382303237915,2.801382303237915,6900,0.0,0.0
1998-04-17 00:00:00-04:00,2.801382303237915,2.801382303237915,2.801382303237915,2.801382303237915,0,0.0,0.0
1998-04-20 00:00:00-04:00,2.8013848550248857,2.8013848550248857,2.7739202976226807,2.7739202976226807,16900,0.0,0.0
1998-04-21 00:00:00-04:00,2.760187463807355,2.8151165675647154,2.760187463807355,2.787652015686035,30100,0.0,0.0
1998-04-22 00:00:00-04:00,2.7876500370455726,2.801382303237915,2.7739177708532297,2.801382303237915,7800,0.0,0.0
1998-04-23 00:00:00-04:00,2.787652576323783,2.8013848550248857,2.7739202976226807,2.7739202976226807,22600,0.0,0.0
1998-04-24 00:00:00-04:00,2.760186827961524,2.760186827961524,2.732722282409668,2.732722282409668,22100,0.0,0.0
1998-04-27 00:00:00-04:00,2.7189907273467706,2.7189907273467706,2.6640616217438056,2.691526174545288,26900,0.0,0.0
1998-04-28 00:00:00-04:00,2.6777946949005127,2.691526975387182,2.6777946949005127,2.6777946949005127,11400,0.0,0.0
1998-04-29 00:00:00-04:00,2.691526174545288,2.691526174545288,2.6640616217438056,2.691526174545288,2900,0.0,0.0
1998-04-30 00:00:00-04:00,2.70525883436203,2.746455669403076,2.70525883436203,2.746455669403076,34900,0.0,0.0
1998-05-01 00:00:00-04:00,2.7739202260971068,2.7739202260971068,2.746455669403076,2.746455669403076,1700,0.0,0.0
1998-05-04 00:00:00-04:00,2.787652015686035,2.801384291625375,2.760187463807355,2.787652015686035,12300,0.0,0.0
1998-05-05 00:00:00-04:00,2.760185504660887,2.8288468356226004,2.760185504660887,2.801382303237915,14100,0.0,0.0
1998-05-06 00:00:00-04:00,2.801382303237915,2.8288468356226004,2.801382303237915,2.801382303237915,16000,0.0,0.0
1998-05-07 00:00:00-04:00,2.815114569430258,2.815114569430258,2.801382303237915,2.801382303237915,4200,0.0,0.0
1998-05-08 00:00:00-04:00,2.801382303237915,2.815114569430258,2.7876500370455726,2.801382303237915,13400,0.0,0.0
1998-05-11 00:00:00-04:00,2.7876506747269048,2.815115213394165,2.7876506747269048,2.815115213394165,10800,0.0,0.0
1998-05-12 00:00:00-04:00,2.801382944060535,2.815115213394165,2.7876506747269048,2.815115213394165,11400,0.0,0.0
1998-05-13 00:00:00-04:00,2.8288052082061768,2.8288052082061768,2.8150061584100494,2.8288052082061768,4200,0.062,0.0
1998-05-14 00:00:00-04:00,2.8288026709182588,2.8288026709182588,2.801204596080032,2.8150036334991455,6100,0.0,0.0
1998-05-15 00:00:00-04:00,2.8150044380150407,2.8150044380150407,2.8012053966522217,2.8012053966522217,600,0.0,0.0
1998-05-18 00:00:00-04:00,2.8288052082061768,2.8288052082061768,2.8288052082061768,2.8288052082061768,800,0.0,0.0
1998-05-19 00:00:00-04:00,2.7874055586609185,2.8288026709182588,2.7874055586609185,2.8150036334991455,10000,0.0,0.0
1998-05-20 00:00:00-04:00,2.801204596080032,2.8150036334991455,2.801204596080032,2.8150036334991455,7800,0.0,0.0
1998-05-21 00:00:00-04:00,2.787408058817794,2.8288052082061768,2.787408058817794,2.8288052082061768,9300,0.0,0.0
1998-05-22 00:00:00-04:00,2.8150044380150407,2.8150044380150407,2.8012053966522217,2.8012053966522217,15000,0.0,0.0
1998-05-26 00:00:00-04:00,2.8288050217203575,2.8288050217203575,2.787407875061035,2.787407875061035,21200,0.0,0.0
1998-05-27 00:00:00-04:00,2.787406355289403,2.8012053966522217,2.787406355289403,2.8012053966522217,2900,0.0,0.0
1998-05-28 00:00:00-04:00,2.801206923947476,2.801206923947476,2.787407875061035,2.787407875061035,7200,0.0,0.0
1998-05-29 00:00:00-04:00,2.801204596080032,2.8150036334991455,2.7874055586609185,2.8150036334991455,9500,0.0,0.0
1998-06-01 00:00:00-04:00,2.8150061584100494,2.8288052082061768,2.8012071086139216,2.8288052082061768,7800,0.0,0.0
1998-06-02 00:00:00-04:00,2.8012053966522217,2.8288034793778594,2.8012053966522217,2.8012053966522217,19100,0.0,0.0
1998-06-03 00:00:00-04:00,2.8150036334991455,2.8288026709182588,2.801204596080032,2.8150036334991455,17200,0.0,0.0
1998-06-04 00:00:00-04:00,2.801204596080032,2.8288026709182588,2.801204596080032,2.8150036334991455,13400,0.0,0.0
1998-06-05 00:00:00-04:00,2.8150061584100494,2.8426042580023045,2.8012071086139216,2.8288052082061768,8800,0.0,0.0
1998-06-08 00:00:00-04:00,2.8426042580023045,2.8564033077984323,2.8288052082061768,2.8288052082061768,18700,0.0,0.0
1998-06-09 00:00:00-04:00,2.8426032066345215,2.856402251326922,2.8426032066345215,2.8426032066345215,3500,0.0,0.0
1998-06-10 00:00:00-04:00,2.8426039677399855,2.87020206451416,2.8426039677399855,2.87020206451416,27100,0.0,0.0
1998-06-11 00:00:00-04:00,2.8562259674072266,2.8700911420062907,2.8562259674072266,2.8562259674072266,16900,0.062,0.0
1998-06-12 00:00:00-04:00,2.842363067791222,2.8978238105773926,2.842363067791222,2.8978238105773926,28000,0.0,0.0
1998-06-15 00:00:00-04:00,2.911688996273935,2.911688996273935,2.88395862488085,2.8978238105773926,28300,0.0,0.0
1998-06-16 00:00:00-04:00,2.883955717086792,2.8978208888035555,2.883955717086792,2.883955717086792,6800,0.0,0.0
1998-06-17 00:00:00-04:00,2.883955717086792,2.883955717086792,2.883955717086792,2.883955717086792,4800,0.0,0.0
1998-06-18 00:00:00-04:00,2.897820346021422,2.897820346021422,2.8700900077819824,2.8700900077819824,8800,0.0,0.0
1998-06-19 00:00:00-04:00,2.8978208888035555,2.8978208888035555,2.883955717086792,2.883955717086792,5500,0.0,0.0
1998-06-22 00:00:00-04:00,2.883955717086792,2.883955717086792,2.883955717086792,2.883955717086792,2200,0.0,0.0
1998-06-23 00:00:00-04:00,2.897822433426267,2.9116876125335693,2.897822433426267,2.9116876125335693,6800,0.0,0.0
1998-06-24 00:00:00-04:00,2.8978238105773926,2.911688996273935,2.88395862488085,2.8978238105773926,6300,0.0,0.0
1998-06-25 00:00:00-04:00,2.897820346021422,2.9116855151411416,2.8700900077819824,2.8700900077819824,12200,0.0,0.0
1998-06-26 00:00:00-04:00,2.883955717086792,2.8978208888035555,2.8700905453700285,2.883955717086792,7600,0.0,0.0
1998-06-29 00:00:00-04:00,2.883955717086792,2.8978208888035555,2.883955717086792,2.883955717086792,5800,0.0,0.0
1998-06-30 00:00:00-04:00,2.897822433426267,2.9116876125335693,2.897822433426267,2.9116876125335693,5400,0.0,0.0
1998-07-01 00:00:00-04:00,2.9116876125335693,2.939417970748175,2.9116876125335693,2.9116876125335693,5700,0.0,0.0
1998-07-02 00:00:00-04:00,2.9394166469573975,2.9394166469573975,2.9116863012313843,2.9394166469573975,2800,0.0,0.0
1998-07-06 00:00:00-04:00,2.925551474094391,2.9394166469573975,2.9116863012313843,2.9394166469573975,10300,0.0,0.0
1998-07-07 00:00:00-04:00,2.9394166469573975,2.9394166469573975,2.925551474094391,2.9394166469573975,2500,0.0,0.0
1998-07-08 00:00:00-04:00,2.925551474094391,2.9394166469573975,2.925551474094391,2.9394166469573975,3400,0.0,0.0
1998-07-09 00:00:00-04:00,2.9255510607795534,2.9532814025878906,2.9255510607795534,2.9532814025878906,9200,0.0,0.0
1998-07-10 00:00:00-04:00,2.9532829630431405,2.9532829630431405,2.9255526065826416,2.9255526065826416,5200,0.0,0.0
1998-07-13 00:00:00-04:00,2.9393709795815606,2.9393709795815606,2.9254403114318848,2.9254403114318848,7000,0.062,0.0
1998-07-14 00:00:00-04:00,2.911509143618437,2.911509143618437,2.897578477859497,2.897578477859497,15600,0.0,0.0
1998-07-15 00:00:00-04:00,2.89757930368617,2.89757930368617,2.883648633956909,2.883648633956909,4000,0.0,0.0
1998-07-16 00:00:00-04:00,2.8836478121005573,2.897578477859497,2.8836478121005573,2.897578477859497,7000,0.0,0.0
1998-07-17 00:00:00-04:00,2.883648633956909,2.883648633956909,2.883648633956909,2.883648633956909,4000,0.0,0.0
1998-07-20 00:00:00-04:00,2.897578477859497,2.897578477859497,2.8836478121005573,2.897578477859497,1700,0.0,0.0
1998-07-21 00:00:00-04:00,2.8836478121005573,2.911509143618437,2.8836478121005573,2.897578477859497,8800,0.0,0.0
1998-07-22 00:00:00-04:00,2.9115114212036133,2.9115114212036133,2.897580744547137,2.9115114212036133,5300,0.0,0.0
1998-07-23 00:00:00-04:00,2.8975800428345306,2.9393720626831055,2.8975800428345306,2.9393720626831055,19700,0.0,0.0
1998-07-24 00:00:00-04:00,2.9393704751363168,2.9393704751363168,2.897578477859497,2.897578477859497,15100,0.0,0.0
1998-07-27 00:00:00-04:00,2.883648633956909,2.883648633956909,2.883648633956909,2.883648633956909,5600,0.0,0.0
1998-07-28 00:00:00-04:00,2.89757930368617,2.89757930368617,2.869717964227649,2.883648633956909,18700,0.0,0.0
1998-07-29 00:00:00-04:00,2.869717964227649,2.883648633956909,2.855787294498388,2.883648633956909,12800,0.0,0.0
1998-07-30 00:00:00-04:00,2.883648633956909,2.883648633956909,2.869717964227649,2.883648633956909,4100,0.0,0.0
1998-07-31 00:00:00-04:00,2.883648633956909,2.89757930368617,2.869717964227649,2.883648633956909,13400,0.0,0.0
1998-08-03 00:00:00-04:00,2.883648633956909,2.89757930368617,2.869717964227649,2.883648633956909,6800,0.0,0.0
1998-08-04 00:00:00-04:00,2.8836478121005573,2.897578477859497,2.8836478121005573,2.897578477859497,6400,0.0,0.0
1998-08-05 00:00:00-04:00,2.8836478121005573,2.897578477859497,2.8836478121005573,2.897578477859497,14500,0.0,0.0
1998-08-06 00:00:00-04:00,2.883648633956909,2.89757930368617,2.883648633956909,2.883648633956909,4100,0.0,0.0
1998-08-07 00:00:00-04:00,2.897578477859497,2.897578477859497,2.897578477859497,2.897578477859497,1200,0.0,0.0
1998-08-10 00:00:00-04:00,2.8836478121005573,2.897578477859497,2.8836478121005573,2.897578477859497,2100,0.0,0.0
1998-08-11 00:00:00-04:00,2.883648633956909,2.883648633956909,2.883648633956909,2.883648633956909,600,0.0,0.0
1998-08-12 00:00:00-04:00,2.883536857107411,2.8975346088409424,2.883536857107411,2.8975346088409424,1100,0.062,0.0
1998-08-13 00:00:00-04:00,2.8975346088409424,2.8975346088409424,2.8975346088409424,2.8975346088409424,0,0.0,0.0
1998-08-14 00:00:00-04:00,2.8835353362851026,2.897533080636001,2.869537591934204,2.869537591934204,11400,0.0,0.0
1998-08-17 00:00:00-04:00,2.883535861968994,2.8975336088717563,2.883535861968994,2.883535861968994,15200,0.0,0.0
1998-08-18 00:00:00-04:00,2.911531686782837,2.911531686782837,2.8975339382886887,2.911531686782837,13000,0.0,0.0
1998-08-19 00:00:00-04:00,2.8975346088409424,2.9115323605744736,2.883536857107411,2.8975346088409424,19700,0.0,0.0
1998-08-20 00:00:00-04:00,2.8975346088409424,2.9115323605744736,2.8975346088409424,2.8975346088409424,8300,0.0,0.0
1998-08-21 00:00:00-04:00,2.883536857107411,2.9115323605744736,2.883536857107411,2.8975346088409424,8000,0.0,0.0
1998-08-24 00:00:00-04:00,2.8975346088409424,2.9115323605744736,2.855541353640349,2.8975346088409424,25800,0.0,0.0
1998-08-25 00:00:00-04:00,2.883536857107411,2.9115323605744736,2.883536857107411,2.8975346088409424,11900,0.0,0.0
1998-08-26 00:00:00-04:00,2.9115313557745184,2.9115313557745184,2.883535861968994,2.883535861968994,7200,0.0,0.0
1998-08-27 00:00:00-04:00,2.8975346088409424,2.8975346088409424,2.883536857107411,2.8975346088409424,6700,0.0,0.0
1998-08-28 00:00:00-04:00,2.9115323605744736,2.9255301123080044,2.883536857107411,2.8975346088409424,24600,0.0,0.0
1998-08-31 00:00:00-04:00,2.925529435276985,2.925529435276985,2.8975339382886887,2.911531686782837,8500,0.0,0.0
1998-09-01 00:00:00-04:00,2.9115323605744736,2.9115323605744736,2.86953910537388,2.8975346088409424,9600,0.0,0.0
1998-09-02 00:00:00-04:00,2.8975346088409424,2.8975346088409424,2.8975346088409424,2.8975346088409424,1900,0.0,0.0
1998-09-03 00:00:00-04:00,2.8975336088717563,2.8975336088717563,2.869538115066232,2.883535861968994,9100,0.0,0.0
1998-09-04 00:00:00-04:00,2.883535861968994,2.883535861968994,2.869538115066232,2.883535861968994,5900,0.0,0.0
1998-09-08 00:00:00-04:00,2.855540692806244,2.911531686782837,2.855540692806244,2.911531686782837,23600,0.0,0.0
1998-09-09 00:00:00-04:00,2.9115333922171707,2.9255311489105225,2.9115333922171707,2.9255311489105225,5500,0.0,0.0
1998-09-10 00:00:00-04:00,2.897535635523819,2.9395289056038743,2.897535635523819,2.9255311489105225,23800,0.0,0.0
1998-09-11 00:00:00-04:00,2.9535440116558433,2.981673002243042,2.9535440116558433,2.981673002243042,16300,0.062,0.0
1998-09-14 00:00:00-04:00,2.995738983154297,2.995738983154297,2.981674480885967,2.995738983154297,4600,0.0,0.0
1998-09-15 00:00:00-04:00,2.981674480885967,2.995738983154297,2.981674480885967,2.995738983154297,7600,0.0,0.0
1998-09-16 00:00:00-04:00,3.0098035812377932,3.0238680839538574,2.9816745758056644,3.0238680839538574,18300,0.0,0.0
1998-09-17 00:00:00-04:00,2.995738319147413,3.00980281829834,2.9816738199964865,3.00980281829834,12400,0.0,0.0
1998-09-18 00:00:00-04:00,2.9957374975366413,2.9957374975366413,2.981673002243042,2.981673002243042,10200,0.0,0.0
1998-09-21 00:00:00-04:00,2.9676085069494427,2.981673002243042,2.9676085069494427,2.981673002243042,10800,0.0,0.0
1998-09-22 00:00:00-04:00,2.981675581909469,2.981675581909469,2.967611074447632,2.967611074447632,5700,0.0,0.0
1998-09-23 00:00:00-04:00,2.967611074447632,2.995740089371306,2.967611074447632,2.967611074447632,15000,0.0,0.0
1998-09-24 00:00:00-04:00,2.981673002243042,3.00980199283024,2.9676085069494427,2.981673002243042,16100,0.0,0.0
1998-09-25 00:00:00-04:00,2.995738319147413,3.00980281829834,2.9816738199964865,3.00980281829834,8200,0.0,0.0
1998-09-28 00:00:00-04:00,3.023870979194288,3.037935495376587,3.023870979194288,3.037935495376587,3900,0.0,0.0
1998-09-29 00:00:00-04:00,3.037932586669922,3.066061592102051,3.0238680839538574,3.0238680839538574,11300,0.0,0.0
1998-09-30 00:00:00-04:00,3.037932586669922,3.037932586669922,3.0238680839538574,3.0238680839538574,6000,0.0,0.0
1998-10-01 00:00:00-04:00,3.05199699445602,3.066061496734619,3.05199699445602,3.066061496734619,11100,0.0,0.0
1998-10-02 00:00:00-04:00,3.066061496734619,3.122319505849016,3.066061496734619,3.066061496734619,25200,0.0,0.0
1998-10-05 00:00:00-04:00,3.080124724504635,3.1082537174224854,3.0660602280457097,3.1082537174224854,16100,0.0,0.0
1998-10-06 00:00:00-04:00,3.122319121794267,3.122319121794267,3.066061119599776,3.0941901206970215,14500,0.0,0.0
1998-10-07 00:00:00-04:00,3.066061496734619,3.0801259990132186,3.037932492177421,3.066061496734619,14100,0.0,0.0
1998-10-08 00:00:00-04:00,3.037932586669922,3.037932586669922,2.9957390785217286,3.0238680839538574,10200,0.0,0.0
1998-10-09 00:00:00-04:00,2.9957390785217286,2.9957390785217286,2.953545570373535,2.953545570373535,24700,0.0,0.0
1998-10-12 00:00:00-04:00,2.939479516362244,2.981673002243042,2.939479516362244,2.981673002243042,16200,0.0,0.0
1998-10-13 00:00:00-04:00,3.0098228769482307,3.0098228769482307,2.995692253112793,2.995692253112793,8200,0.062,0.0
1998-10-14 00:00:00-04:00,2.9956899826679755,3.0804736614227295,2.9956899826679755,3.0804736614227295,22700,0.0,0.0
1998-10-15 00:00:00-04:00,3.038083999245255,3.066345245749862,3.038083999245255,3.0522146224975586,10300,0.0,0.0
1998-10-16 00:00:00-04:00,3.0522146224975586,3.094606492254469,3.0522146224975586,3.0522146224975586,9700,0.0,0.0
1998-10-19 00:00:00-04:00,3.038083999245255,3.0522146224975586,3.009822752740648,3.0522146224975586,22800,0.0,0.0
1998-10-20 00:00:00-04:00,3.0522153036934987,3.0663459300994873,3.0522153036934987,3.0663459300994873,15000,0.0,0.0
1998-10-21 00:00:00-04:00,3.0663458293134513,3.1087377071380615,3.0663458293134513,3.1087377071380615,20400,0.0,0.0
1998-10-22 00:00:00-04:00,3.0946052074432373,3.0946052074432373,3.080474590057652,3.0946052074432373,6500,0.0,0.0
1998-10-23 00:00:00-04:00,3.1087378093174522,3.1087378093174522,3.0663459300994873,3.0663459300994873,13300,0.0,0.0
1998-10-26 00:00:00-05:00,3.066345245749862,3.094606492254469,3.0522146224975586,3.0522146224975586,27100,0.0,0.0
1998-10-27 00:00:00-05:00,3.0804736614227295,3.0804736614227295,3.052212435171145,3.0804736614227295,20600,0.0,0.0
1998-10-28 00:00:00-05:00,3.0804758690021656,3.0804758690021656,3.0522146224975586,3.0522146224975586,9200,0.0,0.0
1998-10-29 00:00:00-05:00,3.0663459300994873,3.0663459300994873,3.0663459300994873,3.0663459300994873,1500,0.0,0.0
1998-10-30 00:00:00-05:00,3.080474590057652,3.0946052074432373,3.080474590057652,3.0946052074432373,3300,0.0,0.0
1998-11-02 00:00:00-05:00,3.0946052074432373,3.108735824828823,3.0946052074432373,3.0946052074432373,9600,0.0,0.0
1998-11-03 00:00:00-05:00,3.0946052074432373,3.1228664422144083,3.0946052074432373,3.0946052074432373,12900,0.0,0.0
1998-11-04 00:00:00-05:00,3.0946052074432373,3.108735824828823,3.0946052074432373,3.0946052074432373,3100,0.0,0.0
1998-11-05 00:00:00-05:00,3.094607081196525,3.1087377071380615,3.0804764552549884,3.1087377071380615,28300,0.0,0.0
1998-11-06 00:00:00-05:00,3.0946042745485216,3.0946042745485216,3.0804736614227295,3.0804736614227295,6000,0.0,0.0
1998-11-09 00:00:00-05:00,3.0804764552549884,3.1087377071380615,3.0804764552549884,3.1087377071380615,900,0.0,0.0
1998-11-10 00:00:00-05:00,3.0944275856018066,3.0944275856018066,3.0944275856018066,3.0944275856018066,100,0.062,0.0
1998-11-11 00:00:00-05:00,3.0944275856018066,3.0944275856018066,3.0944275856018066,3.0944275856018066,600,0.0,0.0
1998-11-12 00:00:00-05:00,3.0944275856018066,3.0944275856018066,3.0944275856018066,3.0944275856018066,0,0.0,0.0
1998-11-13 00:00:00-05:00,3.094431312402822,3.094431312402822,3.0802366733551025,3.0802366733551025,7100,0.0,0.0
1998-11-16 00:00:00-05:00,3.0944310127327976,3.108625650405884,3.0944310127327976,3.108625650405884,6100,0.0,0.0
1998-11-17 00:00:00-05:00,3.1086235626323804,3.151207447052002,3.0944289344925062,3.151207447052002,19000,0.0,0.0
1998-11-18 00:00:00-05:00,3.1370114707946777,3.1937899589538574,3.1370114707946777,3.1937899589538574,13600,0.0,0.0
1998-11-19 00:00:00-05:00,3.179597854614258,3.179597854614258,3.179597854614258,3.179597854614258,6000,0.0,0.0
1998-11-20 00:00:00-05:00,3.179597854614258,3.179597854614258,3.137013954775674,3.179597854614258,14300,0.0,0.0
1998-11-23 00:00:00-05:00,3.179597854614258,3.2363763877323697,3.151208588055202,3.179597854614258,24000,0.0,0.0
1998-11-24 00:00:00-05:00,3.193789266150094,3.193789266150094,3.1654000282287598,3.1654000282287598,2500,0.0,0.0
1998-11-25 00:00:00-05:00,3.165402456646052,3.1795970864964826,3.1228185670947597,3.1370131969451904,15500,0.0,0.0
1998-11-27 00:00:00-05:00,3.151208450577476,3.151208450577476,3.122819185256958,3.122819185256958,3800,0.0,0.0
1998-11-30 00:00:00-05:00,3.137013954775674,3.179597854614258,3.1228193214961464,3.179597854614258,16600,0.0,0.0
1998-12-01 00:00:00-05:00,3.16540322133473,3.179597854614258,3.16540322133473,3.179597854614258,5800,0.0,0.0
1998-12-02 00:00:00-05:00,3.179594647189427,3.179594647189427,3.1654000282287598,3.1654000282287598,7200,0.0,0.0
1998-12-03 00:00:00-05:00,3.1795953369140624,3.1937899589538574,3.1795953369140624,3.1937899589538574,16300,0.0,0.0
1998-12-04 00:00:00-05:00,3.179597854614258,3.179597854614258,3.179597854614258,3.179597854614258,11800,0.0,0.0
1998-12-07 00:00:00-05:00,3.179594647189427,3.179594647189427,3.1654000282287598,3.1654000282287598,12800,0.0,0.0
1998-12-08 00:00:00-05:00,3.179594647189427,3.179594647189427,3.1654000282287598,3.1654000282287598,6800,0.0,0.0
1998-12-09 00:00:00-05:00,3.1654000282287598,3.179594647189427,3.1654000282287598,3.1654000282287598,3100,0.0,0.0
1998-12-10 00:00:00-05:00,3.17959670333175,3.1937913314716235,3.151207447052002,3.151207447052002,9800,0.0,0.0
1998-12-11 00:00:00-05:00,3.165351585025701,3.1796099254987897,3.1510932445526123,3.1510932445526123,5300,0.062,0.0
1998-12-14 00:00:00-05:00,3.1653518676757812,3.1653518676757812,3.1653518676757812,3.1653518676757812,3200,0.0,0.0
1998-12-15 00:00:00-05:00,3.165351585025701,3.165351585025701,3.1368349040795236,3.1510932445526123,5600,0.0,0.0
1998-12-16 00:00:00-05:00,3.1510932445526123,3.1510932445526123,3.1510932445526123,3.1510932445526123,1300,0.0,0.0
1998-12-17 00:00:00-05:00,3.1368355751037598,3.1510939186269584,3.1225772315805607,3.1368355751037598,21100,0.0,0.0
1998-12-18 00:00:00-05:00,3.1368367312705683,3.1510950800490707,3.1225783824920654,3.1225783824920654,7200,0.0,0.0
1998-12-21 00:00:00-05:00,3.1510939186269584,3.1510939186269584,3.1225772315805607,3.1368355751037598,4400,0.0,0.0
1998-12-22 00:00:00-05:00,3.1225783824920654,3.1368367312705683,3.108320033713563,3.1225783824920654,15200,0.0,0.0
1998-12-23 00:00:00-05:00,3.1368367312705683,3.1368367312705683,3.1225783824920654,3.1225783824920654,1800,0.0,0.0
1998-12-24 00:00:00-05:00,3.108320033713563,3.1368367312705683,3.108320033713563,3.1225783824920654,10400,0.0,0.0
1998-12-28 00:00:00-05:00,3.1368367312705683,3.1368367312705683,3.108320033713563,3.1225783824920654,18800,0.0,0.0
1998-12-29 00:00:00-05:00,3.108320033713563,3.1225783824920654,3.108320033713563,3.1225783824920654,11000,0.0,0.0
1998-12-30 00:00:00-05:00,3.122574514205303,3.122574514205303,3.10831618309021,3.10831618309021,7500,0.0,0.0
1998-12-31 00:00:00-05:00,3.122574514205303,3.122574514205303,3.10831618309021,3.10831618309021,1200,0.0,0.0
1999-01-04 00:00:00-05:00,3.122574514205303,3.122574514205303,3.10831618309021,3.10831618309021,2100,0.0,0.0
1999-01-05 00:00:00-05:00,3.10831618309021,3.10831618309021,3.10831618309021,3.10831618309021,4300,0.0,0.0
1999-01-06 00:00:00-05:00,3.10831618309021,3.122574514205303,3.0940578519751174,3.10831618309021,8400,0.0,0.0
1999-01-07 00:00:00-05:00,3.1225783824920654,3.1225783824920654,3.1225783824920654,3.1225783824920654,1100,0.0,0.0
1999-01-08 00:00:00-05:00,3.1083202010475546,3.1083202010475546,3.094061851501465,3.094061851501465,8200,0.0,0.0
1999-01-11 00:00:00-05:00,3.0940606185683497,3.0940606185683497,3.0798022747039795,3.0798022747039795,2200,0.0,0.0
1999-01-12 00:00:00-05:00,3.0655451524092854,3.094061851501465,3.0512868028631956,3.094061851501465,14500,0.0,0.0
1999-01-13 00:00:00-05:00,3.0939458536547284,3.0939458536547284,3.0796220302581787,3.0796220302581787,2700,0.062,0.0
1999-01-14 00:00:00-05:00,3.0939405441284182,3.0939405441284182,2.9793501536051434,3.007997751235962,26200,0.0,0.0
1999-01-15 00:00:00-05:00,3.036645348866781,3.036645348866781,3.007997751235962,3.007997751235962,11300,0.0,0.0
1999-01-19 00:00:00-05:00,3.007997751235962,3.036645348866781,3.007997751235962,3.007997751235962,10400,0.0,0.0
1999-01-20 00:00:00-05:00,2.9936739524205525,3.007997751235962,2.9936739524205525,3.007997751235962,2500,0.0,0.0
1999-01-21 00:00:00-05:00,2.993681794175735,3.008005630511504,2.979357957839966,2.979357957839966,3200,0.0,0.0
1999-01-22 00:00:00-05:00,2.993681794175735,2.993681794175735,2.979357957839966,2.979357957839966,8200,0.0,0.0
1999-01-25 00:00:00-05:00,2.9650321164967326,3.022327423095703,2.9650321164967326,3.022327423095703,24800,0.0,0.0
1999-01-26 00:00:00-05:00,3.0223266930101023,3.0223266930101023,2.9936790466308594,2.9936790466308594,7600,0.0,0.0
1999-01-27 00:00:00-05:00,2.9936790466308594,3.008002869820481,2.979355223441238,2.9936790466308594,7200,0.0,0.0
1999-01-28 00:00:00-05:00,2.9936803613068923,3.036651849746704,2.9936803613068923,3.036651849746704,7800,0.0,0.0
1999-01-29 00:00:00-05:00,3.0080035964459606,3.022327423095703,2.9936797697962176,3.022327423095703,5200,0.0,0.0
1999-02-01 00:00:00-05:00,3.022328020266767,3.036651849746704,3.0080041907868296,3.036651849746704,5300,0.0,0.0
1999-02-02 00:00:00-05:00,3.036651143403811,3.0652987957000732,3.008003491107549,3.0652987957000732,23300,0.0,0.0
1999-02-03 00:00:00-05:00,3.0652987957000732,3.0652987957000732,3.0652987957000732,3.0652987957000732,1600,0.0,0.0
1999-02-04 00:00:00-05:00,3.0509749695519424,3.0652987957000732,3.0509749695519424,3.0652987957000732,1600,0.0,0.0
1999-02-05 00:00:00-05:00,3.0652992769523904,3.093946933746338,3.0652992769523904,3.093946933746338,13200,0.0,0.0
1999-02-08 00:00:00-05:00,3.1082683932890585,3.1225922107696533,3.1082683932890585,3.1225922107696533,10400,0.0,0.0
1999-02-09 00:00:00-05:00,3.1082707621433117,3.1225945905402854,3.079623105349364,3.093946933746338,14900,0.0,0.0
1999-02-10 00:00:00-05:00,3.122610404879548,3.122610404879548,3.0938305854797363,3.0938305854797363,7200,0.062,0.0
1999-02-11 00:00:00-05:00,3.0938305854797363,3.122610404879548,3.0938305854797363,3.0938305854797363,6500,0.0,0.0
1999-02-12 00:00:00-05:00,3.1226112058869115,3.1226112058869115,3.093831379104544,3.1082212924957275,13100,0.0,0.0
1999-02-16 00:00:00-05:00,3.093831379104544,3.1370011192780956,3.093831379104544,3.1082212924957275,10600,0.0,0.0
1999-02-17 00:00:00-05:00,3.1370011192780956,3.1370011192780956,3.07944146571336,3.1082212924957275,20200,0.0,0.0
1999-02-18 00:00:00-05:00,3.108219603417625,3.108219603417625,3.065049886703491,3.065049886703491,11900,0.0,0.0
1999-02-19 00:00:00-05:00,3.093829697846247,3.093829697846247,3.065049886703491,3.065049886703491,15800,0.0,0.0
1999-02-22 00:00:00-05:00,3.0650518787980645,3.0938317086459337,3.0362720489501953,3.0362720489501953,20200,0.0,0.0
1999-02-23 00:00:00-05:00,3.0506599811321133,3.079439792274869,3.0218801699893576,3.065049886703491,18500,0.0,0.0
1999-02-24 00:00:00-05:00,3.079441793721999,3.079441793721999,3.021882134026261,3.0362720489501953,14800,0.0,0.0
1999-02-25 00:00:00-05:00,3.0506619638741297,3.079441793721999,3.021882134026261,3.0362720489501953,31600,0.0,0.0
1999-02-26 00:00:00-05:00,3.079441793721999,3.079441793721999,3.0362720489501953,3.0362720489501953,6000,0.0,0.0
1999-03-01 00:00:00-05:00,3.065052195540014,3.065052195540014,3.036272362718042,3.0506622791290283,2500,0.0,0.0
1999-03-02 00:00:00-05:00,3.0506612474673265,3.0938309821012977,3.0506612474673265,3.0794410705566406,7700,0.0,0.0
1999-03-03 00:00:00-05:00,3.065049886703491,3.079439792274869,3.065049886703491,3.065049886703491,6000,0.0,0.0
1999-03-04 00:00:00-05:00,3.0794410705566406,3.0794410705566406,3.0794410705566406,3.0794410705566406,1800,0.0,0.0
1999-03-05 00:00:00-05:00,3.0794410705566406,3.0938309821012977,3.0794410705566406,3.0794410705566406,6500,0.0,0.0
1999-03-08 00:00:00-05:00,3.0794406757798307,3.0938305854797363,3.0794406757798307,3.0938305854797363,7100,0.0,0.0
1999-03-09 00:00:00-05:00,3.065049886703491,3.065049886703491,3.065049886703491,3.065049886703491,4000,0.0,0.0
1999-03-10 00:00:00-05:00,3.079439792274869,3.093829697846247,3.0506599811321133,3.065049886703491,8800,0.0,0.0
1999-03-11 00:00:00-05:00,3.0649347440891357,3.0649347440891357,3.0504775047302246,3.0504775047302246,5400,0.062,0.0
1999-03-12 00:00:00-05:00,3.0360202653713135,3.0504775047302246,3.0360202653713135,3.0504775047302246,4900,0.0,0.0
1999-03-15 00:00:00-05:00,3.0649354457855225,3.0649354457855225,3.0649354457855225,3.0649354457855225,2000,0.0,0.0
1999-03-16 00:00:00-05:00,3.0649354457855225,3.079392688454322,3.0504782031167226,3.0649354457855225,9800,0.0,0.0
1999-03-17 00:00:00-05:00,3.0504779502259733,3.079392433166504,3.0504779502259733,3.079392433166504,3000,0.0,0.0
1999-03-18 00:00:00-05:00,3.0504775047302246,3.0504775047302246,3.0504775047302246,3.0504775047302246,2200,0.0,0.0
1999-03-19 00:00:00-05:00,3.079388128008161,3.079388128008161,3.0360164642333984,3.0360164642333984,1800,0.0,0.0
1999-03-22 00:00:00-05:00,3.0504775047302246,3.0504775047302246,3.0504775047302246,3.0504775047302246,3400,0.0,0.0
1999-03-23 00:00:00-05:00,3.0360164642333984,3.0360164642333984,3.0360164642333984,3.0360164642333984,1400,0.0,0.0
1999-03-24 00:00:00-05:00,3.0504775047302246,3.0504775047302246,3.0504775047302246,3.0504775047302246,1100,0.0,0.0
1999-03-25 00:00:00-05:00,3.0360202653713135,3.0649347440891357,3.0360202653713135,3.0504775047302246,10900,0.0,0.0
1999-03-26 00:00:00-05:00,3.0649347440891357,3.0649347440891357,3.0504775047302246,3.0504775047302246,5500,0.0,0.0
1999-03-29 00:00:00-05:00,3.0649347440891357,3.0649347440891357,3.0360202653713135,3.0504775047302246,8400,0.0,0.0
1999-03-30 00:00:00-05:00,3.050479217009111,3.050479217009111,3.0215647220611572,3.0215647220611572,8000,0.0,0.0
1999-03-31 00:00:00-05:00,3.0504736854916525,3.0504736854916525,3.0215592429751443,3.0360164642333984,3000,0.0,0.0
1999-04-01 00:00:00-05:00,3.0360202653713135,3.0649347440891357,3.0360202653713135,3.0504775047302246,9100,0.0,0.0
1999-04-05 00:00:00-04:00,3.0504775047302246,3.0504775047302246,3.0504775047302246,3.0504775047302246,3200,0.0,0.0
1999-04-06 00:00:00-04:00,3.0504775047302246,3.0649347440891357,3.0504775047302246,3.0504775047302246,3700,0.0,0.0
1999-04-07 00:00:00-04:00,3.0360164642333984,3.0360164642333984,3.0360164642333984,3.0360164642333984,7700,0.0,0.0
1999-04-08 00:00:00-04:00,3.0360219695351343,3.0360219695351343,3.0215647220611572,3.0215647220611572,5500,0.0,0.0
1999-04-09 00:00:00-04:00,3.0215592429751443,3.0360164642333984,3.00710202171689,3.0360164642333984,6100,0.0,0.0
1999-04-12 00:00:00-04:00,3.0215592429751443,3.0360164642333984,3.00710202171689,3.0360164642333984,7200,0.0,0.0
1999-04-13 00:00:00-04:00,3.021378993988037,3.050430715084076,3.021378993988037,3.021378993988037,6300,0.062,0.0
1999-04-14 00:00:00-04:00,3.021378993988037,3.050430715084076,3.021378993988037,3.021378993988037,5300,0.0,0.0
1999-04-15 00:00:00-04:00,3.021378993988037,3.021378993988037,3.021378993988037,3.021378993988037,8400,0.0,0.0
1999-04-16 00:00:00-04:00,3.0359048545360565,3.0359048545360565,3.021378993988037,3.021378993988037,15600,0.0,0.0
1999-04-19 00:00:00-04:00,3.0359067916870117,3.050432661503696,3.021380921870328,3.0359067916870117,7500,0.0,0.0
1999-04-20 00:00:00-04:00,3.050430715084076,3.050430715084076,3.021378993988037,3.021378993988037,7900,0.0,0.0
1999-04-21 00:00:00-04:00,3.021377399989537,3.050429105758667,3.021377399989537,3.050429105758667,2900,0.0,0.0
1999-04-22 00:00:00-04:00,3.021377399989537,3.050429105758667,3.021377399989537,3.050429105758667,7400,0.0,0.0
1999-04-23 00:00:00-04:00,3.0359048545360565,3.0359048545360565,3.021378993988037,3.021378993988037,4300,0.0,0.0
1999-04-26 00:00:00-04:00,3.0359067916870117,3.0359067916870117,3.021380921870328,3.0359067916870117,2000,0.0,0.0
1999-04-27 00:00:00-04:00,3.035903252874102,3.050429105758667,3.021377399989537,3.050429105758667,6900,0.0,0.0
1999-04-28 00:00:00-04:00,3.0359067916870117,3.0359067916870117,3.021380921870328,3.0359067916870117,7600,0.0,0.0
1999-04-29 00:00:00-04:00,3.050429105758667,3.050429105758667,3.050429105758667,3.050429105758667,9800,0.0,0.0
1999-04-30 00:00:00-04:00,3.050432661503696,3.050432661503696,3.0359067916870117,3.0359067916870117,2500,0.0,0.0
1999-05-03 00:00:00-04:00,3.0359050651679294,3.0359050651679294,3.0068533420562744,3.0068533420562744,15300,0.0,0.0
1999-05-04 00:00:00-04:00,3.021378993988037,3.0359048545360565,3.0068531334400177,3.021378993988037,9500,0.0,0.0
1999-05-05 00:00:00-04:00,3.0359050651679294,3.0359050651679294,3.0068533420562744,3.0068533420562744,9600,0.0,0.0
1999-05-06 00:00:00-04:00,3.021380921870328,3.0359067916870117,3.021380921870328,3.0359067916870117,4200,0.0,0.0
1999-05-07 00:00:00-04:00,3.021379203612102,3.021379203612102,3.0068533420562744,3.0068533420562744,6000,0.0,0.0
1999-05-10 00:00:00-04:00,3.021378993988037,3.021378993988037,3.021378993988037,3.021378993988037,1000,0.0,0.0
1999-05-11 00:00:00-04:00,3.021378993988037,3.021378993988037,3.0068531334400177,3.021378993988037,8700,0.0,0.0
1999-05-12 00:00:00-04:00,3.006664752960205,3.006664752960205,3.006664752960205,3.006664752960205,3500,0.062,0.0
1999-05-13 00:00:00-04:00,2.9920706748962402,3.006666141603051,2.9920706748962402,2.9920706748962402,7000,0.0,0.0
1999-05-14 00:00:00-04:00,2.9774749946594237,2.9774749946594237,2.919093132019043,2.919093132019043,19200,0.0,0.0
1999-05-17 00:00:00-04:00,2.919093767801921,2.919093767801921,2.8899028301239014,2.8899028301239014,18800,0.0,0.0
1999-05-18 00:00:00-04:00,2.8899022006988524,2.919093132019043,2.8899022006988524,2.919093132019043,43900,0.0,0.0
1999-05-19 00:00:00-04:00,2.9044976663589477,2.919093132019043,2.9044976663589477,2.919093132019043,5400,0.0,0.0
1999-05-20 00:00:00-04:00,2.8899027126938552,2.9336891174316406,2.8899027126938552,2.9336891174316406,21100,0.0,0.0
1999-05-21 00:00:00-04:00,2.9336885976791383,2.9482840633392335,2.9044976663589477,2.919093132019043,20600,0.0,0.0
1999-05-24 00:00:00-04:00,2.9044981809397834,2.9482845856775692,2.9044981809397834,2.9336891174316406,12100,0.0,0.0
1999-05-25 00:00:00-04:00,2.9336891174316406,2.9336891174316406,2.919093649185712,2.9336891174316406,4300,0.0,0.0
1999-05-26 00:00:00-04:00,2.9336885976791383,2.9336885976791383,2.9044976663589477,2.919093132019043,20800,0.0,0.0
1999-05-27 00:00:00-04:00,2.919093132019043,2.919093132019043,2.919093132019043,2.919093132019043,1600,0.0,0.0
1999-05-28 00:00:00-04:00,2.919093649185712,2.9336891174316406,2.919093649185712,2.9336891174316406,6000,0.0,0.0
1999-06-01 00:00:00-04:00,2.933687591073501,2.933687591073501,2.904496669769287,2.904496669769287,15700,0.0,0.0
1999-06-02 00:00:00-04:00,2.919092130421394,2.933687591073501,2.904496669769287,2.904496669769287,16900,0.0,0.0
1999-06-03 00:00:00-04:00,2.919092130421394,2.919092130421394,2.904496669769287,2.904496669769287,6800,0.0,0.0
1999-06-04 00:00:00-04:00,2.919093649185712,2.9336891174316406,2.919093649185712,2.9336891174316406,15200,0.0,0.0
1999-06-07 00:00:00-04:00,2.919093132019043,2.919093132019043,2.919093132019043,2.919093132019043,5300,0.0,0.0
1999-06-08 00:00:00-04:00,2.9044981809397834,2.9336891174316406,2.9044981809397834,2.9336891174316406,8700,0.0,0.0
1999-06-09 00:00:00-04:00,2.9190925088259254,2.9482834339141846,2.9190925088259254,2.9482834339141846,7900,0.0,0.0
1999-06-10 00:00:00-04:00,2.9482840633392335,2.9482840633392335,2.919093132019043,2.919093132019043,29800,0.0,0.0
1999-06-11 00:00:00-04:00,2.9189748764038086,2.9189748764038086,2.8896384454851773,2.9189748764038086,6500,0.062,0.0
1999-06-14 00:00:00-04:00,2.9189758179756593,2.9189758179756593,2.889639377593994,2.889639377593994,4000,0.0,0.0
1999-06-15 00:00:00-04:00,2.8749704360961914,2.904306869117581,2.8603022195854964,2.8749704360961914,22300,0.0,0.0
1999-06-16 00:00:00-04:00,2.889639377593994,2.889639377593994,2.889639377593994,2.889639377593994,600,0.0,0.0
1999-06-17 00:00:00-04:00,2.8896393954753874,2.9336440563201904,2.8896393954753874,2.9336440563201904,8100,0.0,0.0
1999-06-18 00:00:00-04:00,2.9336440563201904,2.9336440563201904,2.9336440563201904,2.9336440563201904,5100,0.0,0.0
1999-06-21 00:00:00-04:00,2.9336440563201904,2.9336440563201904,2.9336440563201904,2.9336440563201904,3500,0.0,0.0
1999-06-22 00:00:00-04:00,2.9189758360385896,2.9336440563201904,2.9189758360385896,2.9336440563201904,10100,0.0,0.0
1999-06-23 00:00:00-04:00,2.9189763033028804,2.9189763033028804,2.9043080806732178,2.9043080806732178,2700,0.0,0.0
1999-06-24 00:00:00-04:00,2.9189748764038086,2.9189748764038086,2.9189748764038086,2.9189748764038086,700,0.0,0.0
1999-06-25 00:00:00-04:00,2.9043075977848267,2.9043075977848267,2.889639377593994,2.889639377593994,3600,0.0,0.0
1999-06-28 00:00:00-04:00,2.8896386526068865,2.8896386526068865,2.8749704360961914,2.8749704360961914,4200,0.0,0.0
1999-06-29 00:00:00-04:00,2.904306660944493,2.9189748764038086,2.904306660944493,2.9189748764038086,9500,0.0,0.0
1999-06-30 00:00:00-04:00,2.9189748764038086,2.9189748764038086,2.8896384454851773,2.9189748764038086,3300,0.0,0.0
1999-07-01 00:00:00-04:00,2.933643091863124,2.933643091863124,2.9189748764038086,2.9189748764038086,13800,0.0,0.0
1999-07-02 00:00:00-04:00,2.9189765500785105,2.948312997817993,2.9189765500785105,2.948312997817993,10300,0.0,0.0
1999-07-06 00:00:00-04:00,2.9629809711918687,2.9629809711918687,2.9043080806732178,2.9043080806732178,12100,0.0,0.0
1999-07-07 00:00:00-04:00,2.9336440563201904,2.9336440563201904,2.9043076157569883,2.9336440563201904,2000,0.0,0.0
1999-07-08 00:00:00-04:00,2.9043064589547636,2.962979316711426,2.9043064589547636,2.962979316711426,14600,0.0,0.0
1999-07-09 00:00:00-04:00,2.948312997817993,2.948312997817993,2.933644773948252,2.948312997817993,6300,0.0,0.0
1999-07-12 00:00:00-04:00,2.9483148910729167,2.977651357650757,2.9483148910729167,2.977651357650757,4100,0.0,0.0
1999-07-13 00:00:00-04:00,2.977532178015258,2.9922724363222644,2.962791919708252,2.962791919708252,10500,0.062,0.0
1999-07-14 00:00:00-04:00,2.962791919708252,2.977532178015258,2.962791919708252,2.962791919708252,6400,0.0,0.0
1999-07-15 00:00:00-04:00,2.948049743576805,2.9775302410125732,2.948049743576805,2.9775302410125732,17100,0.0,0.0
1999-07-16 00:00:00-04:00,2.962791919708252,2.977532178015258,2.962791919708252,2.962791919708252,5500,0.0,0.0
1999-07-19 00:00:00-04:00,2.948049743576805,2.9775302410125732,2.948049743576805,2.9775302410125732,1800,0.0,0.0
1999-07-20 00:00:00-04:00,2.9480523076550713,2.9922730922698975,2.9480523076550713,2.9922730922698975,8900,0.0,0.0
1999-07-21 00:00:00-04:00,2.977532178015258,2.977532178015258,2.962791919708252,2.962791919708252,8600,0.0,0.0
1999-07-22 00:00:00-04:00,2.977530040740967,2.977530040740967,2.948049545288086,2.948049545288086,4300,0.0,0.0
1999-07-23 00:00:00-04:00,2.948049545288086,2.948049545288086,2.948049545288086,2.948049545288086,3600,0.0,0.0
1999-07-26 00:00:00-04:00,2.948049545288086,2.948049545288086,2.948049545288086,2.948049545288086,0,0.0,0.0
1999-07-27 00:00:00-04:00,2.962789992294689,2.9775302410125732,2.962789992294689,2.9775302410125732,5400,0.0,0.0
1999-07-28 00:00:00-04:00,2.962791919708252,2.962791919708252,2.9480516614012457,2.962791919708252,4400,0.0,0.0
1999-07-29 00:00:00-04:00,2.9627888490207233,2.9627888490207233,2.9333083629608154,2.9333083629608154,11400,0.0,0.0
1999-07-30 00:00:00-04:00,2.9333092975616455,2.948049545288086,2.9333092975616455,2.948049545288086,10200,0.0,0.0
1999-08-02 00:00:00-04:00,2.948049545288086,2.948049545288086,2.9333092975616455,2.948049545288086,6500,0.0,0.0
1999-08-03 00:00:00-04:00,2.918569049835205,2.948049545288086,2.918569049835205,2.948049545288086,11000,0.0,0.0
1999-08-04 00:00:00-04:00,2.9480486059907696,2.9480486059907696,2.9185681199308617,2.9333083629608154,5100,0.0,0.0
1999-08-05 00:00:00-04:00,2.9333083629608154,2.9333083629608154,2.9333083629608154,2.9333083629608154,0,0.0,0.0
1999-08-06 00:00:00-04:00,2.9185707569122314,2.9185707569122314,2.90383050056419,2.9185707569122314,5900,0.0,0.0
1999-08-09 00:00:00-04:00,2.9333100778802397,2.9333100778802397,2.903829574584961,2.903829574584961,10100,0.0,0.0
1999-08-10 00:00:00-04:00,2.903829574584961,2.9185698262326003,2.903829574584961,2.903829574584961,3600,0.0,0.0
1999-08-11 00:00:00-04:00,2.9185283293529434,2.933343193968948,2.9037134647369385,2.9037134647369385,12700,0.062,0.0
1999-08-12 00:00:00-04:00,2.903710120763534,2.903710120763534,2.888895273208618,2.888895273208618,8300,0.0,0.0
1999-08-13 00:00:00-04:00,2.888895273208618,2.903710120763534,2.888895273208618,2.888895273208618,7600,0.0,0.0
1999-08-16 00:00:00-04:00,2.903710120763534,2.903710120763534,2.888895273208618,2.888895273208618,9900,0.0,0.0
1999-08-17 00:00:00-04:00,2.888895273208618,2.903710120763534,2.888895273208618,2.888895273208618,22800,0.0,0.0
1999-08-18 00:00:00-04:00,2.903710120763534,2.903710120763534,2.8740804256537023,2.888895273208618,7100,0.0,0.0
1999-08-19 00:00:00-04:00,2.888893829178564,2.888893829178564,2.8740789890289307,2.8740789890289307,4300,0.0,0.0
1999-08-20 00:00:00-04:00,2.888895273208618,2.888895273208618,2.888895273208618,2.888895273208618,3300,0.0,0.0
1999-08-23 00:00:00-04:00,2.888895983523038,2.888895983523038,2.8592662811279297,2.8592662811279297,7300,0.0,0.0
1999-08-24 00:00:00-04:00,2.8592662811279297,2.888895983523038,2.8592662811279297,2.8592662811279297,26700,0.0,0.0
1999-08-25 00:00:00-04:00,2.8592662811279297,2.874081132325484,2.8444514299303756,2.8592662811279297,7100,0.0,0.0
1999-08-26 00:00:00-04:00,2.8740813707311945,2.8740813707311945,2.844451665878296,2.844451665878296,11200,0.0,0.0
1999-08-27 00:00:00-04:00,2.859267721625523,2.859267721625523,2.8296380043029785,2.8296380043029785,24000,0.0,0.0
1999-08-30 00:00:00-04:00,2.844453108938117,2.844453108938117,2.8148233890533447,2.8148233890533447,15500,0.0,0.0
1999-08-31 00:00:00-04:00,2.829636813451846,2.844451665878296,2.829636813451846,2.844451665878296,7100,0.0,0.0
1999-09-01 00:00:00-04:00,2.844449308729663,2.888893829178564,2.844449308729663,2.8740789890289307,19000,0.0,0.0
1999-09-02 00:00:00-04:00,2.8592662811279297,2.8592662811279297,2.8592662811279297,2.8592662811279297,2000,0.0,0.0
1999-09-03 00:00:00-04:00,2.9037134647369385,2.9037134647369385,2.9037134647369385,2.9037134647369385,3000,0.0,0.0
1999-09-07 00:00:00-04:00,2.888893829178564,2.888893829178564,2.859264148879297,2.8740789890289307,16500,0.0,0.0
1999-09-08 00:00:00-04:00,2.844453108938117,2.859267968880503,2.8148233890533447,2.8148233890533447,18000,0.0,0.0
1999-09-09 00:00:00-04:00,2.8444528629642507,2.8444528629642507,2.8296380043029785,2.8296380043029785,2300,0.0,0.0
1999-09-10 00:00:00-04:00,2.8296380043029785,2.8296380043029785,2.8296380043029785,2.8296380043029785,500,0.0,0.0
1999-09-13 00:00:00-04:00,2.829519271850586,2.829519271850586,2.829519271850586,2.829519271850586,4400,0.062,0.0
1999-09-14 00:00:00-04:00,2.8444114785445365,2.8444114785445365,2.829519271850586,2.829519271850586,1900,0.0,0.0
1999-09-15 00:00:00-04:00,2.8146270651566354,2.829519271850586,2.8146270651566354,2.829519271850586,3600,0.0,0.0
1999-09-16 00:00:00-04:00,2.7103783602410174,2.799731492996216,2.7103783602410174,2.799731492996216,64300,0.0,0.0
1999-09-17 00:00:00-04:00,2.7997352004681946,2.8146274089813232,2.7997352004681946,2.8146274089813232,11400,0.0,0.0
1999-09-20 00:00:00-04:00,2.8146236817887487,2.8146236817887487,2.7699471154111497,2.799731492996216,8400,0.0,0.0
1999-09-21 00:00:00-04:00,2.799731492996216,2.799731492996216,2.799731492996216,2.799731492996216,0,0.0,0.0
1999-09-22 00:00:00-04:00,2.755056858062744,2.755056858062744,2.755056858062744,2.755056858062744,1800,0.0,0.0
1999-09-23 00:00:00-04:00,2.7550563330207365,2.7550563330207365,2.7103797438366164,2.7252719402313232,19200,0.0,0.0
1999-09-24 00:00:00-04:00,2.7103797438366164,2.7252719402313232,2.7103797438366164,2.7252719402313232,5500,0.0,0.0
1999-09-27 00:00:00-04:00,2.725271650440785,2.725271650440785,2.6954872608184814,2.6954872608184814,32100,0.0,0.0
1999-09-28 00:00:00-04:00,2.7103794556296332,2.725271650440785,2.6954872608184814,2.6954872608184814,10000,0.0,0.0
1999-09-29 00:00:00-04:00,2.7103794556296332,2.7103794556296332,2.665702871196178,2.6954872608184814,39700,0.0,0.0
1999-09-30 00:00:00-04:00,2.695486693591862,2.710378885269165,2.680594501914559,2.710378885269165,800,0.0,0.0
1999-10-01 00:00:00-04:00,2.710378885269165,2.710378885269165,2.695486693591862,2.710378885269165,10100,0.0,0.0
1999-10-04 00:00:00-04:00,2.710378885269165,2.710378885269165,2.695486693591862,2.710378885269165,6800,0.0,0.0
1999-10-05 00:00:00-04:00,2.7103794556296332,2.7103794556296332,2.6805950660073297,2.6954872608184814,7100,0.0,0.0
1999-10-06 00:00:00-04:00,2.6805950660073297,2.6954872608184814,2.6805950660073297,2.6954872608184814,15200,0.0,0.0
1999-10-07 00:00:00-04:00,2.695486693591862,2.710378885269165,2.695486693591862,2.710378885269165,23100,0.0,0.0
1999-10-08 00:00:00-04:00,2.710378885269165,2.710378885269165,2.680594501914559,2.710378885269165,14800,0.0,0.0
1999-10-11 00:00:00-04:00,2.710378885269165,2.710378885269165,2.695486693591862,2.710378885269165,17800,0.0,0.0
1999-10-12 00:00:00-04:00,2.6805950660073297,2.7103794556296332,2.6805950660073297,2.6954872608184814,22700,0.0,0.0
1999-10-13 00:00:00-04:00,2.695366144180298,2.695366144180298,2.680391887823741,2.695366144180298,12000,0.062,0.0
1999-10-14 00:00:00-04:00,2.680396090854298,2.680396090854298,2.605524691668424,2.6354732513427734,14300,0.0,0.0
1999-10-15 00:00:00-04:00,2.6055238246917725,2.6055238246917725,2.5905495498372217,2.6055238246917725,15700,0.0,0.0
1999-10-18 00:00:00-04:00,2.6204989715055986,2.6354732513427734,2.605524691668424,2.6354732513427734,12900,0.0,0.0
1999-10-19 00:00:00-04:00,2.63547127970149,2.665419816970825,2.63547127970149,2.665419816970825,17700,0.0,0.0
1999-10-20 00:00:00-04:00,2.6504475311799482,2.6504475311799482,2.6204989715055986,2.6354732513427734,16900,0.0,0.0
1999-10-21 00:00:00-04:00,2.6055238246917725,2.6055238246917725,2.6055238246917725,2.6055238246917725,600,0.0,0.0
1999-10-22 00:00:00-04:00,2.6055238246917725,2.6204980995463227,2.5905495498372217,2.6055238246917725,7400,0.0,0.0
1999-10-25 00:00:00-04:00,2.590548276901245,2.6055225443977843,2.590548276901245,2.590548276901245,4300,0.0,0.0
1999-10-26 00:00:00-04:00,2.6055225443977843,2.6055225443977843,2.5755740094047064,2.590548276901245,5600,0.0,0.0
1999-10-27 00:00:00-04:00,2.590548276901245,2.590548276901245,2.590548276901245,2.590548276901245,3300,0.0,0.0
1999-10-28 00:00:00-04:00,2.6204989715055986,2.6354732513427734,2.605524691668424,2.6354732513427734,17800,0.0,0.0
1999-10-29 00:00:00-04:00,2.6654199035474044,2.680394172668457,2.635471365305299,2.680394172668457,25600,0.0,0.0
1999-11-01 00:00:00-05:00,2.6803925522081142,2.7253153324127197,2.6803925522081142,2.7253153324127197,22400,0.0,0.0
1999-11-02 00:00:00-05:00,2.7402899265289307,2.7402899265289307,2.6953671408481283,2.7402899265289307,24000,0.0,0.0
1999-11-03 00:00:00-05:00,2.7253167007280434,2.755265235900879,2.7253167007280434,2.755265235900879,4800,0.0,0.0
1999-11-04 00:00:00-05:00,2.785211289182622,2.815159797668457,2.785211289182622,2.815159797668457,11800,0.0,0.0
1999-11-05 00:00:00-05:00,2.845111454968677,2.8600857257843018,2.8301371841530525,2.8600857257843018,17200,0.0,0.0
1999-11-08 00:00:00-05:00,2.845110565266281,2.8600848313992615,2.830136299133301,2.830136299133301,25200,0.0,0.0
1999-11-09 00:00:00-05:00,2.830136299133301,2.8600848313992615,2.830136299133301,2.830136299133301,17200,0.0,0.0
1999-11-10 00:00:00-05:00,2.8457937468873693,2.8457937468873693,2.8156795273435877,2.8307366371154785,9400,0.065,0.0
1999-11-11 00:00:00-05:00,2.830740255468032,2.830740255468032,2.8006259974311383,2.815683126449585,16300,0.0,0.0
1999-11-12 00:00:00-05:00,2.8307396204683792,2.875910997390747,2.81568249482759,2.875910997390747,39800,0.0,0.0
1999-11-15 00:00:00-05:00,2.8608541892319126,2.8759113165436596,2.845797061920166,2.845797061920166,25300,0.0,0.0
1999-11-16 00:00:00-05:00,2.8608538334568343,2.906025209774574,2.8457967080175877,2.890968084335327,41800,0.0,0.0
1999-11-17 00:00:00-05:00,2.890968123031536,2.9060252486723255,2.875910997390747,2.875910997390747,13200,0.0,0.0
1999-11-18 00:00:00-05:00,2.875910997390747,2.890968123031536,2.875910997390747,2.875910997390747,4200,0.0,0.0
1999-11-19 00:00:00-05:00,2.8909657528525905,2.8909657528525905,2.860851526260376,2.860851526260376,11300,0.0,0.0
1999-11-22 00:00:00-05:00,2.8909657528525905,2.9060228661486978,2.860851526260376,2.860851526260376,28800,0.0,0.0
1999-11-23 00:00:00-05:00,2.8909657528525905,2.8909657528525905,2.8457944129642687,2.860851526260376,21200,0.0,0.0
1999-11-24 00:00:00-05:00,2.8759086395564832,2.8759086395564832,2.860851526260376,2.860851526260376,6100,0.0,0.0
1999-11-26 00:00:00-05:00,2.860851526260376,2.860851526260376,2.860851526260376,2.860851526260376,1900,0.0,0.0
1999-11-29 00:00:00-05:00,2.875911642523373,2.875911642523373,2.815683126449585,2.815683126449585,8000,0.0,0.0
1999-11-30 00:00:00-05:00,2.830740255468032,2.830740255468032,2.8006259974311383,2.815683126449585,13500,0.0,0.0
1999-12-01 00:00:00-05:00,2.8156813493843287,2.8156813493843287,2.755452871322632,2.755452871322632,32800,0.0,0.0
1999-12-02 00:00:00-05:00,2.7705110734508884,2.8156824496484574,2.7705110734508884,2.8006253242492676,14000,0.0,0.0
1999-12-03 00:00:00-05:00,2.815683126449585,2.830740255468032,2.815683126449585,2.815683126449585,16100,0.0,0.0
1999-12-06 00:00:00-05:00,2.815683126449585,2.8457973844864792,2.815683126449585,2.815683126449585,27300,0.0,0.0
1999-12-07 00:00:00-05:00,2.815683126449585,2.830740255468032,2.770511739394244,2.815683126449585,27900,0.0,0.0
1999-12-08 00:00:00-05:00,2.785566118748292,2.8006232329036878,2.7705090045928955,2.7705090045928955,31400,0.0,0.0
1999-12-09 00:00:00-05:00,2.7705087403993347,2.7855658531188965,2.7554516276797734,2.7855658531188965,8300,0.0,0.0
1999-12-10 00:00:00-05:00,2.755453948051699,2.8156824496484574,2.755453948051699,2.8006253242492676,23000,0.0,0.0
1999-12-13 00:00:00-05:00,2.8163710728935576,2.831512852855351,2.7860875129699707,2.7860875129699707,59900,0.065,0.0
1999-12-14 00:00:00-05:00,2.770947893460592,2.770947893460592,2.725522518157959,2.725522518157959,19500,0.0,0.0
1999-12-15 00:00:00-05:00,2.725522518157959,2.7406643099255033,2.695238934622871,2.725522518157959,28400,0.0,0.0
1999-12-16 00:00:00-05:00,2.725522518157959,2.7406643099255033,2.7103807263904147,2.725522518157959,16400,0.0,0.0
1999-12-17 00:00:00-05:00,2.7103803157806396,2.7255221052542744,2.695238526307005,2.7103803157806396,27300,0.0,0.0
1999-12-20 00:00:00-05:00,2.7103791812832436,2.740662747554565,2.695237398147583,2.695237398147583,16600,0.0,0.0
1999-12-21 00:00:00-05:00,2.7255230329253455,2.7255230329253455,2.6346722651611674,2.6649558544158936,31000,0.0,0.0
1999-12-22 00:00:00-05:00,2.619530164494234,2.619530164494234,2.5741047859191895,2.5741047859191895,29300,0.0,0.0
1999-12-23 00:00:00-05:00,2.604385905795627,2.6195276843176947,2.558960570229424,2.5892441272735596,47200,0.0,0.0
1999-12-27 00:00:00-05:00,2.574104118898425,2.6195294857025146,2.574104118898425,2.6195294857025146,54200,0.0,0.0
1999-12-28 00:00:00-05:00,2.6195275262854567,2.634669303894043,2.574102193459697,2.634669303894043,38900,0.0,0.0
1999-12-29 00:00:00-05:00,2.634670911516462,2.6800962720598496,2.634670911516462,2.649812698364258,34500,0.0,0.0
1999-12-30 00:00:00-05:00,2.634671962867349,2.695239134427518,2.634671962867349,2.6800973415374756,21800,0.0,0.0
1999-12-31 00:00:00-05:00,2.695236414328389,2.695236414328389,2.634669303894043,2.634669303894043,30800,0.0,0.0
2000-01-03 00:00:00-05:00,2.664954485212054,2.664954485212054,2.649812698364258,2.649812698364258,10100,0.0,0.0
2000-01-04 00:00:00-05:00,2.6800956150119224,2.695237398147583,2.649812048740601,2.695237398147583,11100,0.0,0.0
2000-01-05 00:00:00-05:00,2.695239134427518,2.695239134427518,2.6800973415374756,2.6800973415374756,9700,0.0,0.0
2000-01-06 00:00:00-05:00,2.695238526307005,2.7103803157806396,2.6800967368333697,2.7103803157806396,12700,0.0,0.0
2000-01-07 00:00:00-05:00,2.7103803157806396,2.740663894727909,2.7103803157806396,2.7103803157806396,11700,0.0,0.0
2000-01-10 00:00:00-05:00,2.7103807263904147,2.7558061016930475,2.7103807263904147,2.725522518157959,9500,0.0,0.0
2000-01-11 00:00:00-05:00,2.7558061016930475,2.770947893460592,2.725522518157959,2.725522518157959,8600,0.0,0.0
2000-01-12 00:00:00-05:00,2.7413596196121044,2.7565893952766163,2.710900068283081,2.710900068283081,16400,0.065,0.0
2000-01-13 00:00:00-05:00,2.7261316776275635,2.7565912494446314,2.7261316776275635,2.7261316776275635,6300,0.0,0.0
2000-01-14 00:00:00-05:00,2.7261303327360205,2.756589889526367,2.7261303327360205,2.756589889526367,9100,0.0,0.0
2000-01-18 00:00:00-05:00,2.7413614635360974,2.7413614635360974,2.7261316776275635,2.7261316776275635,7200,0.0,0.0
2000-01-19 00:00:00-05:00,2.726129843947593,2.7413596196121044,2.710900068283081,2.710900068283081,17400,0.0,0.0
2000-01-20 00:00:00-05:00,2.7261316776275635,2.7261316776275635,2.7261316776275635,2.7261316776275635,11200,0.0,0.0
2000-01-21 00:00:00-05:00,2.7261303327360205,2.756589889526367,2.7261303327360205,2.756589889526367,11200,0.0,0.0
2000-01-24 00:00:00-05:00,2.741360902786255,2.756590685579512,2.726131119992998,2.741360902786255,11600,0.0,0.0
2000-01-25 00:00:00-05:00,2.7261303327360205,2.756589889526367,2.7109005543408475,2.756589889526367,26900,0.0,0.0
2000-01-26 00:00:00-05:00,2.7718191327275457,2.8327382345457335,2.7413595818184517,2.8175084590911865,38900,0.0,0.0
2000-01-27 00:00:00-05:00,2.8175084590911865,2.8327382345457335,2.8022786836366396,2.8175084590911865,26600,0.0,0.0
2000-01-28 00:00:00-05:00,2.817508532949116,2.832738308802895,2.802278757095337,2.802278757095337,8800,0.0,0.0
2000-01-31 00:00:00-05:00,2.8022786836366396,2.8327382345457335,2.8022786836366396,2.8175084590911865,18600,0.0,0.0
2000-02-01 00:00:00-05:00,2.847970333150638,2.863200121028449,2.817510757395016,2.832740545272827,14600,0.0,0.0
2000-02-02 00:00:00-05:00,2.8327377806318568,2.8936568726884557,2.8327377806318568,2.8631973266601562,31700,0.0,0.0
2000-02-03 00:00:00-05:00,2.863200960661236,2.9088903376930637,2.863200960661236,2.893660545349121,5800,0.0,0.0
2000-02-04 00:00:00-05:00,2.8936578466005973,2.9088876247406006,2.878428068460594,2.9088876247406006,5300,0.0,0.0
2000-02-07 00:00:00-05:00,2.8936568726884557,2.8936568726884557,2.8631973266601562,2.8631973266601562,5500,0.0,0.0
2000-02-08 00:00:00-05:00,2.86319844180314,2.8936579996946628,2.86319844180314,2.8784282207489014,15100,0.0,0.0
2000-02-09 00:00:00-05:00,2.878427099674306,2.8936568726884557,2.8631973266601562,2.8631973266601562,14700,0.0,0.0
2000-02-10 00:00:00-05:00,2.86319844180314,2.8784282207489014,2.86319844180314,2.8784282207489014,5100,0.0,0.0
2000-02-11 00:00:00-05:00,2.8484107790766533,2.8790388519699506,2.833096742630005,2.833096742630005,8700,0.065,0.0
2000-02-14 00:00:00-05:00,2.863724815523302,2.863724815523302,2.833096742630005,2.833096742630005,1300,0.0,0.0
2000-02-15 00:00:00-05:00,2.833096742630005,2.833096742630005,2.833096742630005,2.833096742630005,3400,0.0,0.0
2000-02-16 00:00:00-05:00,2.817782706183356,2.833096742630005,2.817782706183356,2.833096742630005,7000,0.0,0.0
2000-02-17 00:00:00-05:00,2.8177835941314697,2.8330976354039232,2.8177835941314697,2.8177835941314697,2000,0.0,0.0
2000-02-18 00:00:00-05:00,2.817784135512884,2.817784135512884,2.7718420028686523,2.7718420028686523,16500,0.0,0.0
2000-02-22 00:00:00-05:00,2.80247009129814,2.80247009129814,2.7718420028686523,2.7718420028686523,10500,0.0,0.0
2000-02-23 00:00:00-05:00,2.7565298080444336,2.787157917022705,2.7565298080444336,2.7565298080444336,3500,0.0,0.0
2000-02-24 00:00:00-05:00,2.787157917022705,2.787157917022705,2.7565298080444336,2.7565298080444336,8000,0.0,0.0
2000-02-25 00:00:00-05:00,2.7718420028686523,2.7871560470833963,2.7565279586539084,2.7718420028686523,17900,0.0,0.0
2000-02-28 00:00:00-05:00,2.7871560470833963,2.7871560470833963,2.7412139144391645,2.7718420028686523,13300,0.0,0.0
2000-02-29 00:00:00-05:00,2.7718438143170747,2.7718438143170747,2.7259016516488357,2.741215705871582,12400,0.0,0.0
2000-03-01 00:00:00-05:00,2.7412158020518045,2.7412158020518045,2.649331473491409,2.6952736377716064,35200,0.0,0.0
2000-03-02 00:00:00-05:00,2.679957628250122,2.710585715430123,2.679957628250122,2.679957628250122,16300,0.0,0.0
2000-03-03 00:00:00-05:00,2.6799595830115406,2.6952736377716064,2.6799595830115406,2.6952736377716064,2900,0.0,0.0
2000-03-06 00:00:00-05:00,2.6646455282514747,2.6952736377716064,2.6646455282514747,2.6952736377716064,3400,0.0,0.0
2000-03-07 00:00:00-05:00,2.6799595830115406,2.6952736377716064,2.6799595830115406,2.6952736377716064,21300,0.0,0.0
2000-03-08 00:00:00-05:00,2.7105876925316723,2.7105876925316723,2.6952736377716064,2.6952736377716064,3000,0.0,0.0
2000-03-09 00:00:00-05:00,2.6952749074891558,2.6952749074891558,2.634018659591675,2.634018659591675,16000,0.0,0.0
2000-03-10 00:00:00-05:00,2.6340177513960468,2.64933180809021,2.6340177513960468,2.64933180809021,3700,0.0,0.0
2000-03-13 00:00:00-05:00,2.619132939835041,2.6345396041870117,2.60372627548307,2.6345396041870117,15500,0.065,0.0
2000-03-14 00:00:00-05:00,2.6037275160060207,2.6191341876983643,2.5883208443136776,2.6191341876983643,3700,0.0,0.0
2000-03-15 00:00:00-05:00,2.6037275160060207,2.6191341876983643,2.6037275160060207,2.6191341876983643,2300,0.0,0.0
2000-03-16 00:00:00-05:00,2.5883199590197683,2.603726625442505,2.5883199590197683,2.603726625442505,12400,0.0,0.0
2000-03-17 00:00:00-05:00,2.5883208443136776,2.6191341876983643,2.5883208443136776,2.6191341876983643,10400,0.0,0.0
2000-03-20 00:00:00-05:00,2.60372627548307,2.6345396041870117,2.60372627548307,2.6345396041870117,14500,0.0,0.0
2000-03-21 00:00:00-05:00,2.6345392891338895,2.6345392891338895,2.5883193016052246,2.5883193016052246,21400,0.0,0.0
2000-03-22 00:00:00-05:00,2.588321186775385,2.6499478816986084,2.588321186775385,2.6499478816986084,22900,0.0,0.0
2000-03-23 00:00:00-05:00,2.6191345342369967,2.6653545554294142,2.603727860506191,2.6499478816986084,21300,0.0,0.0
2000-03-24 00:00:00-05:00,2.649949239168553,2.665355920791626,2.649949239168553,2.665355920791626,4600,0.0,0.0
2000-03-27 00:00:00-05:00,2.649949239168553,2.665355920791626,2.649949239168553,2.665355920791626,2900,0.0,0.0
2000-03-28 00:00:00-05:00,2.665353183746338,2.696166515350342,2.665353183746338,2.696166515350342,7500,0.0,0.0
2000-03-29 00:00:00-05:00,2.6807607358152215,2.711574077606201,2.6807607358152215,2.711574077606201,1600,0.0,0.0
2000-03-30 00:00:00-05:00,2.6807607358152215,2.711574077606201,2.6807607358152215,2.711574077606201,4400,0.0,0.0
2000-03-31 00:00:00-05:00,2.726979202099061,2.7423858642578125,2.7115725399403092,2.7423858642578125,1300,0.0,0.0
2000-04-03 00:00:00-04:00,2.742385286755032,2.7731986045837402,2.7269786278406776,2.7731986045837402,8300,0.0,0.0
2000-04-04 00:00:00-04:00,2.773199977137107,2.788606643676758,2.742386644057806,2.788606643676758,10300,0.0,0.0
2000-04-05 00:00:00-04:00,2.773198269225739,2.804011583328247,2.773198269225739,2.804011583328247,4600,0.0,0.0
2000-04-06 00:00:00-04:00,2.788605263498094,2.8040119224124482,2.7731986045837402,2.7731986045837402,4800,0.0,0.0
2000-04-07 00:00:00-04:00,2.773198269225739,2.804011583328247,2.773198269225739,2.804011583328247,14100,0.0,0.0
2000-04-10 00:00:00-04:00,2.773199977137107,2.819419976756059,2.773199977137107,2.788606643676758,9600,0.0,0.0
2000-04-11 00:00:00-04:00,2.804011772239143,2.819418430328369,2.773198456060691,2.819418430328369,40400,0.0,0.0
2000-04-12 00:00:00-04:00,2.7890512445470788,2.820040702819824,2.7890512445470788,2.820040702819824,12500,0.065,0.0
2000-04-13 00:00:00-04:00,2.7890509136473933,2.8045456409454346,2.7890509136473933,2.8045456409454346,29300,0.0,0.0
2000-04-14 00:00:00-04:00,2.789048910140991,2.8045436263084413,2.7735541939735415,2.789048910140991,8300,0.0,0.0
2000-04-17 00:00:00-04:00,2.758061030723529,2.7735557556152344,2.742566305831824,2.7735557556152344,11300,0.0,0.0
2000-04-18 00:00:00-04:00,2.7735557556152344,2.7735557556152344,2.758061030723529,2.7735557556152344,24400,0.0,0.0
2000-04-19 00:00:00-04:00,2.7735541939735415,2.789048910140991,2.7735541939735415,2.789048910140991,21600,0.0,0.0
2000-04-20 00:00:00-04:00,2.789048910140991,2.789048910140991,2.7735541939735415,2.789048910140991,33600,0.0,0.0
2000-04-24 00:00:00-04:00,2.8045456409454346,2.8045456409454346,2.8045456409454346,2.8045456409454346,3800,0.0,0.0
2000-04-25 00:00:00-04:00,2.7890509136473933,2.8045456409454346,2.7890509136473933,2.8045456409454346,2300,0.0,0.0
2000-04-26 00:00:00-04:00,2.8045459736834517,2.820040702819824,2.8045459736834517,2.820040702819824,18100,0.0,0.0
2000-04-27 00:00:00-04:00,2.820040702819824,2.820040702819824,2.820040702819824,2.820040702819824,200,0.0,0.0
2000-04-28 00:00:00-04:00,2.820038342475891,2.820038342475891,2.789048910140991,2.789048910140991,3300,0.0,0.0
2000-05-01 00:00:00-04:00,2.820040702819824,2.8355354319561967,2.8045459736834517,2.820040702819824,6400,0.0,0.0
2000-05-02 00:00:00-04:00,2.820038342475891,2.820038342475891,2.789048910140991,2.789048910140991,12200,0.0,0.0
2000-05-03 00:00:00-04:00,2.789048910140991,2.789048910140991,2.789048910140991,2.789048910140991,0,0.0,0.0
2000-05-04 00:00:00-04:00,2.789048910140991,2.789048910140991,2.789048910140991,2.789048910140991,0,0.0,0.0
2000-05-05 00:00:00-04:00,2.789048910140991,2.789048910140991,2.789048910140991,2.789048910140991,4300,0.0,0.0
2000-05-08 00:00:00-04:00,2.758060731671073,2.7735554548827084,2.7270712852478027,2.7270712852478027,21600,0.0,0.0
2000-05-09 00:00:00-04:00,2.727072677171299,2.7425674082915905,2.680588483810425,2.680588483810425,9800,0.0,0.0
2000-05-10 00:00:00-04:00,2.680588483810425,2.680588483810425,2.665093752690133,2.680588483810425,6500,0.0,0.0
2000-05-11 00:00:00-04:00,2.650034981114524,2.650034981114524,2.603269657918385,2.6188580989837646,18700,0.065,0.0
2000-05-12 00:00:00-04:00,2.634444659216362,2.665621519088745,2.6188562292801705,2.665621519088745,17200,0.0,0.0
2000-05-15 00:00:00-04:00,2.665621136510095,2.6812095642089844,2.6500327088112057,2.6812095642089844,12200,0.0,0.0
2000-05-16 00:00:00-04:00,2.681210779462542,2.7747413880484446,2.650033909933908,2.727976083755493,23600,0.0,0.0
2000-05-17 00:00:00-04:00,2.7123864196067635,2.7123864196067635,2.6812095642089844,2.6812095642089844,16700,0.0,0.0
2000-05-18 00:00:00-04:00,2.6812095642089844,2.6812095642089844,2.6812095642089844,2.6812095642089844,4000,0.0,0.0
2000-05-19 00:00:00-04:00,2.6967979919078737,2.6967979919078737,2.6812095642089844,2.6812095642089844,9800,0.0,0.0
2000-05-22 00:00:00-04:00,2.6500327088112057,2.6812095642089844,2.6500327088112057,2.6812095642089844,7500,0.0,0.0
2000-05-23 00:00:00-04:00,2.665621519088745,2.665621519088745,2.6500330891525534,2.665621519088745,7700,0.0,0.0
2000-05-24 00:00:00-04:00,2.665621136510095,2.6812095642089844,2.665621136510095,2.6812095642089844,2000,0.0,0.0
2000-05-25 00:00:00-04:00,2.6812099490249364,2.6812099490249364,2.634444659216362,2.665621519088745,13700,0.0,0.0
2000-05-26 00:00:00-04:00,2.6344440937042237,2.6500325202941895,2.6188556671142575,2.6500325202941895,9200,0.0,0.0
2000-05-30 00:00:00-04:00,2.665620946884155,2.665620946884155,2.6344440937042237,2.6500325202941895,4600,0.0,0.0
2000-05-31 00:00:00-04:00,2.665622344698225,2.727976083755493,2.650033909933908,2.727976083755493,17600,0.0,0.0
2000-06-01 00:00:00-04:00,2.727976809726672,2.7747421264648438,2.7123883708139482,2.7747421264648438,6600,0.0,0.0
2000-06-02 00:00:00-04:00,2.7747414552647136,2.868272066116333,2.7747414552647136,2.868272066116333,13000,0.0,0.0
2000-06-05 00:00:00-04:00,2.821506890985701,2.821506890985701,2.8059184551239014,2.8059184551239014,2500,0.0,0.0
2000-06-06 00:00:00-04:00,2.8059184551239014,2.8059184551239014,2.8059184551239014,2.8059184551239014,1600,0.0,0.0
2000-06-07 00:00:00-04:00,2.7903294563293457,2.8059178890462695,2.774741023612422,2.7903294563293457,13800,0.0,0.0
2000-06-08 00:00:00-04:00,2.759152412414551,2.7747408441231074,2.759152412414551,2.759152412414551,12600,0.0,0.0
2000-06-09 00:00:00-04:00,2.774741023612422,2.7903294563293457,2.774741023612422,2.7903294563293457,7400,0.0,0.0
2000-06-12 00:00:00-04:00,2.7903292758316645,2.805917707540221,2.759152412414551,2.759152412414551,13200,0.0,0.0
2000-06-13 00:00:00-04:00,2.759779214859009,2.759779214859009,2.759779214859009,2.759779214859009,2100,0.065,0.0
2000-06-14 00:00:00-04:00,2.7597797066824774,2.775460273197719,2.7440991401672363,2.7440991401672363,14000,0.0,0.0
2000-06-15 00:00:00-04:00,2.7440991401672363,2.7440991401672363,2.7440991401672363,2.7440991401672363,2800,0.0,0.0
2000-06-16 00:00:00-04:00,2.759779214859009,2.759779214859009,2.728418087417429,2.759779214859009,20800,0.0,0.0
2000-06-19 00:00:00-04:00,2.75978013370814,2.791141271591187,2.75978013370814,2.7911412715911865,24300,0.0,0.0
2000-06-20 00:00:00-04:00,2.775461371739705,2.822503089904785,2.775461371739705,2.822503089904785,11000,0.0,0.0
2000-06-21 00:00:00-04:00,2.791141491362503,2.8225026317148902,2.775460921186309,2.8068220615386963,19100,0.0,0.0
2000-06-22 00:00:00-04:00,2.775460702649663,2.8225024094742337,2.775460702649663,2.7911412715911865,16800,0.0,0.0
2000-06-23 00:00:00-04:00,2.806822517183092,2.822503089904785,2.806822517183092,2.822503089904785,5700,0.0,0.0
2000-06-26 00:00:00-04:00,2.8381824349309066,2.8695435668085962,2.822501868992062,2.853863000869751,17200,0.0,0.0
2000-06-27 00:00:00-04:00,2.8381824349309066,2.8538630008697514,2.791140737114372,2.853863000869751,23600,0.0,0.0
2000-06-28 00:00:00-04:00,2.8538630008697514,2.8538630008697514,2.8538630008697514,2.853863000869751,2100,0.0,0.0
2000-06-29 00:00:00-04:00,2.853862512307089,2.8695430755615234,2.853862512307089,2.8695430755615234,11700,0.0,0.0
2000-06-30 00:00:00-04:00,2.8852236388159582,2.8852236388159582,2.8695430755615234,2.8695430755615234,7700,0.0,0.0
2000-07-03 00:00:00-04:00,2.9009053888528245,2.9009053888528245,2.88522481918335,2.8852248191833496,6200,0.0,0.0
2000-07-05 00:00:00-04:00,2.916584235556582,2.9479453563690186,2.916584235556582,2.9479453563690186,9200,0.0,0.0
2000-07-06 00:00:00-04:00,2.9165847301483154,2.9165847301483154,2.9165847301483154,2.9165847301483154,7200,0.0,0.0
2000-07-07 00:00:00-04:00,2.9165847301483154,2.9165847301483154,2.9165847301483154,2.9165847301483154,3200,0.0,0.0
2000-07-10 00:00:00-04:00,2.916584235556582,2.9479453563690186,2.916584235556582,2.9479453563690186,12000,0.0,0.0
2000-07-11 00:00:00-04:00,2.9322669506073,2.9322669506073,2.9322669506073,2.9322669506073,300,0.0,0.0
2000-07-12 00:00:00-04:00,2.9328972800918245,2.9328972800918245,2.9013607501983643,2.9013607501983643,11100,0.065,0.0
2000-07-13 00:00:00-04:00,2.9013615266524533,2.9486663341522217,2.9013615266524533,2.9486663341522217,10300,0.0,0.0
2000-07-14 00:00:00-04:00,2.932896375656128,2.932896375656128,2.932896375656128,2.932896375656128,4600,0.0,0.0
2000-07-17 00:00:00-04:00,2.932898064985632,2.9486663341522217,2.932898064985632,2.9486663341522217,4200,0.0,0.0
2000-07-18 00:00:00-04:00,2.932896375656128,2.932896375656128,2.932896375656128,2.932896375656128,500,0.0,0.0
2000-07-19 00:00:00-04:00,2.9486663341522217,2.9486663341522217,2.932898064985632,2.9486663341522217,4000,0.0,0.0
2000-07-20 00:00:00-04:00,2.9328954904637436,2.980200256438965,2.9328954904637436,2.9644320011138916,4900,0.0,0.0
2000-07-21 00:00:00-04:00,2.9802028724854006,2.9802028724854006,2.9486663341522217,2.9486663341522217,8800,0.0,0.0
2000-07-24 00:00:00-04:00,2.948664575815201,3.027505874633789,2.948664575815201,3.027505874633789,13300,0.0,0.0
2000-07-25 00:00:00-04:00,3.0275067526196677,3.0275067526196677,2.9802019596099854,2.9802019596099854,6500,0.0,0.0
2000-07-26 00:00:00-04:00,3.0117366313934326,3.0117366313934326,2.9644318675495565,3.0117366313934326,8100,0.0,0.0
2000-07-27 00:00:00-04:00,2.980200122164182,3.0117366313934326,2.980200122164182,3.0117366313934326,8200,0.0,0.0
2000-07-28 00:00:00-04:00,3.0117399516858554,3.0117399516858554,2.9959716796875,2.9959716796875,4500,0.0,0.0
2000-07-31 00:00:00-04:00,3.0117399516858554,3.027508223684211,2.9959716796875,2.9959716796875,6100,0.0,0.0
2000-08-01 00:00:00-04:00,3.0117376148700714,3.0432741343975067,2.9959693551063538,3.027505874633789,9600,0.0,0.0
2000-08-02 00:00:00-04:00,3.027508223684211,3.0432764956825658,2.9959716796875,2.9959716796875,11000,0.0,0.0
2000-08-03 00:00:00-04:00,3.027505874633789,3.027505874633789,3.0117376148700714,3.027505874633789,5500,0.0,0.0
2000-08-04 00:00:00-04:00,3.027505874633789,3.0590423941612244,3.027505874633789,3.027505874633789,8900,0.0,0.0
2000-08-07 00:00:00-04:00,3.05904458100314,3.05904458100314,3.043276309967041,3.043276309967041,7000,0.0,0.0
2000-08-08 00:00:00-04:00,3.043275402753781,3.0748119354248047,3.043275402753781,3.0748119354248047,4500,0.0,0.0
2000-08-09 00:00:00-04:00,3.043274193694911,3.059042453765869,3.043274193694911,3.059042453765869,2900,0.0,0.0
2000-08-10 00:00:00-04:00,3.0748119585368103,3.090580224990845,3.0748119585368103,3.0905802249908447,3700,0.0,0.0
2000-08-11 00:00:00-04:00,3.0595086370546793,3.091213389770272,3.0595086370546793,3.0753610134124756,2500,0.065,0.0
2000-08-14 00:00:00-04:00,3.0753610134124756,3.107065766128068,3.0753610134124756,3.0753610134124756,16600,0.0,0.0
2000-08-15 00:00:00-04:00,3.0753610134124756,3.0753610134124756,3.0753610134124756,3.0753610134124756,2100,0.0,0.0
2000-08-16 00:00:00-04:00,3.0595086370546793,3.0753610134124756,3.0595086370546793,3.0753610134124756,5000,0.0,0.0
2000-08-17 00:00:00-04:00,3.0595086370546793,3.0753610134124756,3.0595086370546793,3.0753610134124756,4200,0.0,0.0
2000-08-18 00:00:00-04:00,3.0912140133429546,3.1070663928985596,3.0753616337873497,3.1070663928985596,11800,0.0,0.0
2000-08-21 00:00:00-04:00,3.0595086370546793,3.0753610134124756,3.0595086370546793,3.0753610134124756,4500,0.0,0.0
2000-08-22 00:00:00-04:00,3.0753611028194427,3.0753611028194427,3.043656349182129,3.043656349182129,12600,0.0,0.0
2000-08-23 00:00:00-04:00,3.043656349182129,3.043656349182129,3.043656349182129,3.043656349182129,22100,0.0,0.0
2000-08-24 00:00:00-04:00,3.059508726000786,3.059508726000786,3.027803972363472,3.043656349182129,14700,0.0,0.0
2000-08-25 00:00:00-04:00,3.043655075952021,3.043655075952021,3.0119503355775206,3.0278027057647705,15100,0.0,0.0
2000-08-28 00:00:00-04:00,3.0278062193017257,3.0278062193017257,2.980249053553531,3.011953830718994,13600,0.0,0.0
2000-08-29 00:00:00-04:00,3.011953830718994,3.011953830718994,2.980249053553531,3.011953830718994,6700,0.0,0.0
2000-08-30 00:00:00-04:00,3.011953830718994,3.011953830718994,2.9961014421362626,3.011953830718994,3900,0.0,0.0
2000-08-31 00:00:00-04:00,3.011951595544815,3.059508726000786,3.011951595544815,3.043656349182129,11300,0.0,0.0
2000-09-01 00:00:00-04:00,3.0753610134124756,3.0753610134124756,3.0595086370546793,3.0753610134124756,5400,0.0,0.0
2000-09-05 00:00:00-04:00,3.043656260696883,3.0753610134124756,3.043656260696883,3.0753610134124756,3900,0.0,0.0
2000-09-06 00:00:00-04:00,2.9802455952030202,3.027802705764771,2.9802455952030202,3.0278027057647705,35600,0.0,0.0
2000-09-07 00:00:00-04:00,3.011951595544815,3.0753611028194427,3.011951595544815,3.043656349182129,19600,0.0,0.0
2000-09-08 00:00:00-04:00,3.043656260696883,3.0753610134124756,3.043656260696883,3.0753610134124756,3000,0.0,0.0
2000-09-11 00:00:00-04:00,3.0753611777112893,3.0753611777112893,3.0436564233018943,3.059508800506592,7400,0.0,0.0
2000-09-12 00:00:00-04:00,3.0436564233018943,3.0912135549159867,3.0436564233018943,3.059508800506592,7800,0.0,0.0
2000-09-13 00:00:00-04:00,3.0601463317871094,3.0601463317871094,3.0601463317871094,3.0601463317871094,9900,0.065,0.0
2000-09-14 00:00:00-04:00,3.060144928452882,3.076083183288574,3.04420667361719,3.076083183288574,10100,0.0,0.0
2000-09-15 00:00:00-04:00,3.076084593931834,3.076084593931834,3.044208069642385,3.0601463317871094,6300,0.0,0.0
2000-09-18 00:00:00-04:00,3.0442075729370113,3.0442075729370113,3.0282693133928387,3.0442075729370117,6400,0.0,0.0
2000-09-19 00:00:00-04:00,3.044208069642385,3.0601463317871094,3.0282698074976606,3.0601463317871094,11300,0.0,0.0
2000-09-20 00:00:00-04:00,3.0282693133928387,3.0442075729370113,3.0123310538486656,3.0442075729370117,2800,0.0,0.0
2000-09-21 00:00:00-04:00,3.01233111951769,3.09202241897583,3.01233111951769,3.09202241897583,31100,0.0,0.0
2000-09-22 00:00:00-04:00,3.09202241897583,3.09202241897583,3.09202241897583,3.09202241897583,200,0.0,0.0
2000-09-25 00:00:00-04:00,3.076084159084202,3.09202241897583,3.076084159084202,3.09202241897583,14400,0.0,0.0
2000-09-26 00:00:00-04:00,3.09202241897583,3.09202241897583,3.09202241897583,3.09202241897583,18300,0.0,0.0
2000-09-27 00:00:00-04:00,3.076084159084202,3.09202241897583,3.076084159084202,3.09202241897583,7600,0.0,0.0
2000-09-28 00:00:00-04:00,3.107961654663086,3.107961654663086,3.07608512487167,3.107961654663086,800,0.0,0.0
2000-09-29 00:00:00-04:00,3.1079611182212834,3.1079611182212834,3.0601463317871094,3.0601463317871094,13800,0.0,0.0
2000-10-02 00:00:00-04:00,3.092021438124266,3.092021438124266,3.076083183288574,3.076083183288574,8000,0.0,0.0
2000-10-03 00:00:00-04:00,3.076083183288574,3.092021438124266,3.076083183288574,3.076083183288574,20600,0.0,0.0
2000-10-04 00:00:00-04:00,3.060144928452882,3.076083183288574,3.060144928452882,3.076083183288574,600,0.0,0.0
2000-10-05 00:00:00-04:00,3.060148219058388,3.060148219058388,3.0282716751098633,3.0282716751098633,9300,0.0,0.0
2000-10-06 00:00:00-04:00,3.0282716751098633,3.0282716751098633,3.0282716751098633,3.0282716751098633,0,0.0,0.0
2000-10-09 00:00:00-04:00,3.0282716751098633,3.0282716751098633,3.0282716751098633,3.0282716751098633,7700,0.0,0.0
2000-10-10 00:00:00-04:00,3.012333403135601,3.0442099470841257,3.012333403135601,3.0282716751098633,12100,0.0,0.0
2000-10-11 00:00:00-04:00,3.012882709503174,3.0449346532212926,3.012882709503174,3.012882709503174,17200,0.065,0.0
2000-10-12 00:00:00-04:00,3.0289088244213485,3.0609607696533203,3.0289088244213485,3.0609607696533203,8000,0.0,0.0
2000-10-13 00:00:00-04:00,3.0289086813622332,3.0289086813622332,3.012882709503174,3.012882709503174,11400,0.0,0.0
2000-10-16 00:00:00-04:00,2.9968587980475476,3.012884780924807,2.980832815170288,2.980832815170288,17800,0.0,0.0
2000-10-17 00:00:00-04:00,2.980832981026691,2.980832981026691,2.9487810134887695,2.9487810134887695,7500,0.0,0.0
2000-10-18 00:00:00-04:00,2.932752847671509,2.932752847671509,2.932752847671509,2.932752847671509,600,0.0,0.0
2000-10-19 00:00:00-04:00,2.9327538864032645,2.9808318189672525,2.916727908881935,2.964805841445923,17800,0.0,0.0
2000-10-20 00:00:00-04:00,2.9487810134887695,2.9487810134887695,2.9487810134887695,2.9487810134887695,3200,0.0,0.0
2000-10-23 00:00:00-04:00,2.9487810134887695,2.9487810134887695,2.9487810134887695,2.9487810134887695,1300,0.0,0.0
2000-10-24 00:00:00-04:00,2.964805841445923,2.964805841445923,2.964805841445923,2.964805841445923,1000,0.0,0.0
2000-10-25 00:00:00-04:00,2.964805841445923,2.964805841445923,2.964805841445923,2.964805841445923,9600,0.0,0.0
2000-10-26 00:00:00-04:00,2.9808318189672525,2.9968577964885816,2.964805841445923,2.964805841445923,6900,0.0,0.0
2000-10-27 00:00:00-04:00,2.9808345121495865,2.9968605041503906,2.9808345121495865,2.9968605041503906,2300,0.0,0.0
2000-10-30 00:00:00-05:00,2.9808318189672525,2.9808318189672525,2.964805841445923,2.964805841445923,700,0.0,0.0
2000-10-31 00:00:00-05:00,2.980832815170288,2.980832815170288,2.980832815170288,2.980832815170288,1000,0.0,0.0
2000-11-01 00:00:00-05:00,2.980832815170288,2.980832815170288,2.9648068322930285,2.980832815170288,8400,0.0,0.0
2000-11-02 00:00:00-05:00,2.9808345121495865,2.9968605041503906,2.9808345121495865,2.9968605041503906,1000,0.0,0.0
2000-11-03 00:00:00-05:00,2.9808318189672525,2.9808318189672525,2.964805841445923,2.964805841445923,3700,0.0,0.0
2000-11-06 00:00:00-05:00,2.964805841445923,2.964805841445923,2.964805841445923,2.964805841445923,2800,0.0,0.0
2000-11-07 00:00:00-05:00,2.980832981026691,2.980832981026691,2.9487810134887695,2.9487810134887695,8800,0.0,0.0
2000-11-08 00:00:00-05:00,2.948778819516708,2.948778819516708,2.932752847671509,2.932752847671509,13300,0.0,0.0
2000-11-09 00:00:00-05:00,2.916728973388672,2.916728973388672,2.916728973388672,2.916728973388672,3400,0.0,0.0
2000-11-10 00:00:00-05:00,2.9327549567589393,2.9327549567589393,2.884677006648137,2.916728973388672,11100,0.0,0.0
2000-11-13 00:00:00-05:00,2.901254892349243,2.901254892349243,2.901254892349243,2.901254892349243,1100,0.065,0.0
2000-11-14 00:00:00-05:00,2.9012558846500336,2.917373972898089,2.869019708153922,2.8851377964019775,16700,0.0,0.0
2000-11-15 00:00:00-05:00,2.88513680961397,2.901254892349243,2.88513680961397,2.901254892349243,5100,0.0,0.0
2000-11-16 00:00:00-05:00,2.869019708153922,2.885137796401978,2.869019708153922,2.8851377964019775,1400,0.0,0.0
2000-11-17 00:00:00-05:00,2.88513680961397,2.901254892349243,2.88513680961397,2.901254892349243,5700,0.0,0.0
2000-11-20 00:00:00-05:00,2.9012555342454176,2.949609793149508,2.9012555342454176,2.9334917068481445,20500,0.0,0.0
2000-11-21 00:00:00-05:00,2.9334917068481445,2.9334917068481445,2.917373620546781,2.9334917068481445,5500,0.0,0.0
2000-11-22 00:00:00-05:00,2.9173742917066066,2.949610471725464,2.9173742917066066,2.949610471725464,5200,0.0,0.0
2000-11-24 00:00:00-05:00,2.949610471725464,2.949610471725464,2.949610471725464,2.949610471725464,0,0.0,0.0
2000-11-27 00:00:00-05:00,2.949608624969398,2.949608624969398,2.9173724651336665,2.917372465133667,2600,0.0,0.0
2000-11-28 00:00:00-05:00,2.9173726102580195,2.965726852416992,2.9173726102580195,2.965726852416992,17900,0.0,0.0
2000-11-29 00:00:00-05:00,2.9657285617348927,2.9657285617348927,2.949610471725464,2.949610471725464,7400,0.0,0.0
2000-11-30 00:00:00-05:00,2.965726852416992,2.965726852416992,2.965726852416992,2.965726852416992,2200,0.0,0.0
2000-12-01 00:00:00-05:00,2.965726852416992,2.98184493313665,2.9496087716973345,2.965726852416992,8200,0.0,0.0
2000-12-04 00:00:00-05:00,2.98184493313665,2.997963013856307,2.965726852416992,2.965726852416992,11000,0.0,0.0
2000-12-05 00:00:00-05:00,2.9657267048872633,2.9657267048872633,2.8367820655443388,2.917372465133667,85500,0.0,0.0
2000-12-06 00:00:00-05:00,2.917373972898089,2.917373972898089,2.885137796401978,2.8851377964019775,23300,0.0,0.0
2000-12-07 00:00:00-05:00,2.885137796401978,2.885137796401978,2.8529016199058663,2.8851377964019775,31600,0.0,0.0
2000-12-08 00:00:00-05:00,2.8529021324736346,2.8690202236175533,2.8529021324736346,2.8690202236175537,12600,0.0,0.0
2000-12-11 00:00:00-05:00,2.869019708153922,2.9012558846500336,2.8529016199058663,2.8851377964019775,31900,0.0,0.0
2000-12-12 00:00:00-05:00,2.869018726878696,2.901254892349243,2.869018726878696,2.901254892349243,18700,0.0,0.0
2000-12-13 00:00:00-05:00,2.8841435750325526,2.916549682617188,2.8841435750325526,2.9165496826171875,11600,0.059,0.0
2000-12-14 00:00:00-05:00,2.900347446209818,2.9489566212859604,2.900347446209818,2.932753562927246,24400,0.0,0.0
2000-12-15 00:00:00-05:00,2.9327544814250506,2.965160608291626,2.9327544814250506,2.965160608291626,13100,0.0,0.0
2000-12-18 00:00:00-05:00,2.9651602663836636,2.9651602663836636,2.9165510816888496,2.9489572048187256,40200,0.0,0.0
2000-12-19 00:00:00-05:00,2.9489572048187256,2.9489572048187256,2.9489572048187256,2.9489572048187256,15600,0.0,0.0
2000-12-20 00:00:00-05:00,2.9489564662394314,2.9813625812530513,2.9489564662394314,2.9813625812530518,29600,0.0,0.0
2000-12-21 00:00:00-05:00,2.981366096004363,3.0137722492218018,2.981366096004363,3.0137722492218018,16900,0.0,0.0
2000-12-22 00:00:00-05:00,2.981366096004363,3.029975325830521,2.9651630193956433,3.0137722492218018,27000,0.0,0.0
2000-12-26 00:00:00-05:00,3.046175003051758,3.046175003051758,3.029971944524887,3.046175003051758,11800,0.0,0.0
2000-12-27 00:00:00-05:00,3.0299707462913115,3.094782954768131,3.0137676941721065,3.078579902648926,36000,0.0,0.0
2000-12-28 00:00:00-05:00,3.110988756749018,3.110988756749018,3.078582623866216,3.094785690307617,3700,0.0,0.0
2000-12-29 00:00:00-05:00,3.094782954768131,3.094782954768131,3.0623768505297213,3.078579902648926,12000,0.0,0.0
2001-01-02 00:00:00-05:00,3.0947823462708626,3.127188444137573,3.078579297337507,3.1271884441375732,20200,0.0,0.0
2001-01-03 00:00:00-05:00,3.1271912697034008,3.175800460424179,3.1271912697034008,3.159597396850586,10500,0.0,0.0
2001-01-04 00:00:00-05:00,3.224409651144957,3.224409651144957,3.110988206129808,3.159597396850586,25500,0.0,0.0
2001-01-05 00:00:00-05:00,3.1433956136508865,3.1758017539978027,3.1433956136508865,3.1758017539978027,3900,0.0,0.0
2001-01-08 00:00:00-05:00,3.1758005257808803,3.2082066535949707,3.1758005257808803,3.2082066535949707,11800,0.0,0.0
2001-01-09 00:00:00-05:00,3.1758005257808803,3.224409717502016,3.1758005257808803,3.2082066535949707,9500,0.0,0.0
2001-01-10 00:00:00-05:00,3.2235770637008745,3.2235770637008745,3.1910156792190474,3.207296371459961,12900,0.059,0.0
2001-01-11 00:00:00-05:00,3.1910156792190474,3.207296371459961,3.1910156792190474,3.207296371459961,20300,0.0,0.0
2001-01-12 00:00:00-05:00,3.1910156792190474,3.207296371459961,3.1910156792190474,3.207296371459961,31600,0.0,0.0
2001-01-16 00:00:00-05:00,3.191013813018799,3.223575178457766,3.191013813018799,3.191013813018799,13500,0.0,0.0
2001-01-17 00:00:00-05:00,3.1910156792190474,3.207296371459961,3.174734986978134,3.207296371459961,25400,0.0,0.0
2001-01-18 00:00:00-05:00,3.174734986978134,3.207296371459961,3.174734986978134,3.207296371459961,8700,0.0,0.0
2001-01-19 00:00:00-05:00,3.207296371459961,3.207296371459961,3.207296371459961,3.207296371459961,4000,0.0,0.0
2001-01-22 00:00:00-05:00,3.207296371459961,3.207296371459961,3.207296371459961,3.207296371459961,400,0.0,0.0
2001-01-23 00:00:00-05:00,3.207296371459961,3.207296371459961,3.1910156792190474,3.207296371459961,6800,0.0,0.0
2001-01-24 00:00:00-05:00,3.2072954911452074,3.2072954911452074,3.158453427828275,3.174734115600586,27900,0.0,0.0
2001-01-25 00:00:00-05:00,3.174733130299315,3.191013813018799,3.1584524475798315,3.191013813018799,10900,0.0,0.0
2001-01-26 00:00:00-05:00,3.191013813018799,3.191013813018799,3.1584524475798315,3.191013813018799,11200,0.0,0.0
2001-01-29 00:00:00-05:00,3.1910138204863894,3.204038416377157,3.164964628704854,3.188408851623535,7200,0.0,0.0
2001-01-30 00:00:00-05:00,3.1779898915694176,3.206644058227539,3.1675702623547073,3.206644058227539,6000,0.0,0.0
2001-01-31 00:00:00-05:00,3.2066435557635478,3.2222728729248047,3.2066435557635478,3.2222728729248047,19500,0.0,0.0
2001-02-01 00:00:00-05:00,3.2248787879943843,3.2248787879943843,3.217064127121204,3.2248787879943848,10200,0.0,0.0
2001-02-02 00:00:00-05:00,3.219668848463204,3.2248787879943843,3.219668848463204,3.2248787879943848,8600,0.0,0.0
2001-02-05 00:00:00-05:00,3.2248768597788797,3.2405061721801762,3.2222718915708497,3.240506172180176,42200,0.0,0.0
2001-02-06 00:00:00-05:00,3.2405061721801762,3.243111140388206,3.230086547771498,3.240506172180176,12700,0.0,0.0
2001-02-07 00:00:00-05:00,3.2326912879943848,3.2326912879943848,3.227481600369179,3.2326912879943848,5300,0.0,0.0
2001-02-08 00:00:00-05:00,3.224875675134258,3.2431099490453,3.224875675134258,3.235295295715332,9800,0.0,0.0
2001-02-09 00:00:00-05:00,3.224877369150677,3.224877369150677,3.198828179802772,3.2170627117156982,10000,0.0,0.0
2001-02-12 00:00:00-05:00,3.2066438141818208,3.235297730235643,3.2066438141818208,3.211853504180908,19700,0.0,0.0
2001-02-13 00:00:00-05:00,3.2238901401848308,3.2238901401848308,3.1977223498212335,3.210806369781494,9300,0.056,0.0
2001-02-14 00:00:00-05:00,3.1924885570306487,3.2029557228088374,3.1872550989200126,3.202955722808838,21500,0.0,0.0
2001-02-15 00:00:00-05:00,3.1898724642761613,3.1898724642761613,3.1820221504587236,3.187255859375,14500,0.0,0.0
2001-02-16 00:00:00-05:00,3.1924885570306487,3.205572576642614,3.1584702058623053,3.202955722808838,10500,0.0,0.0
2001-02-20 00:00:00-05:00,3.174172135389858,3.1924896192068863,3.163704966129127,3.171555280685425,8300,0.0,0.0
2001-02-21 00:00:00-05:00,3.1820204370121807,3.1820204370121807,3.163702964782715,3.163702964782715,18200,0.0,0.0
2001-02-22 00:00:00-05:00,3.1820226028682317,3.2055737972259526,3.1401539238131777,3.205573797225952,36200,0.0,0.0
2001-02-23 00:00:00-05:00,3.205574273362082,3.210807983799852,3.184639930725097,3.1846399307250977,8200,0.0,0.0
2001-02-26 00:00:00-05:00,3.184639004916862,3.2238908235610264,3.184639004916862,3.187255859375,2100,0.0,0.0
2001-02-27 00:00:00-05:00,3.1924915753938135,3.218659639358521,3.1924915753938135,3.2186596393585205,5300,0.0,0.0
2001-02-28 00:00:00-05:00,3.2186552682648726,3.2186552682648726,3.189870387083561,3.1924872398376465,20400,0.0,0.0
2001-03-01 00:00:00-05:00,3.218657759554536,3.242208953456656,3.2003400256545502,3.2212746143341064,7200,0.0,0.0
2001-03-02 00:00:00-05:00,3.221276495666422,3.2317436713408747,3.2160427830506193,3.2186596393585205,11000,0.0,0.0
2001-03-05 00:00:00-05:00,3.213423375619396,3.2238905429840083,3.202956208254784,3.223890542984009,5800,0.0,0.0
2001-03-06 00:00:00-05:00,3.21080677094596,3.2238905429840083,3.21080677094596,3.223890542984009,1800,0.0,0.0
2001-03-07 00:00:00-05:00,3.2238931024171706,3.2238931024171706,3.205575607376167,3.2186596393585205,3700,0.0,0.0
2001-03-08 00:00:00-05:00,3.2134225368499756,3.2134225368499756,3.2134225368499756,3.2134225368499756,400,0.0,0.0
2001-03-09 00:00:00-05:00,3.2134225368499756,3.2134225368499756,3.192488207585042,3.2134225368499756,15500,0.0,0.0
2001-03-12 00:00:00-05:00,3.2160427830506193,3.218659639358521,3.2160427830506193,3.2186596393585205,3500,0.0,0.0
2001-03-13 00:00:00-05:00,3.225491285324097,3.225491285324097,3.199203563488227,3.2254912853240967,28400,0.056,0.0
2001-03-14 00:00:00-05:00,3.209718896987137,3.2176051139831543,3.2018326799911203,3.2176051139831543,1200,0.0,0.0
2001-03-15 00:00:00-05:00,3.2176051139831543,3.2176051139831543,3.2176051139831543,3.2176051139831543,2200,0.0,0.0
2001-03-16 00:00:00-05:00,3.204460802469876,3.2123472690582275,3.204460802469876,3.2123472690582275,2100,0.0,0.0
2001-03-19 00:00:00-05:00,3.207090074422359,3.225491581677489,3.2044612518575804,3.2176051139831543,28400,0.0,0.0
2001-03-20 00:00:00-05:00,3.2202350890767573,3.2438939992306994,3.2202350890767573,3.2228639125823975,14600,0.0,0.0
2001-03-21 00:00:00-05:00,3.222862463000851,3.225491285324097,3.220233640677605,3.2254912853240967,13600,0.0,0.0
2001-03-22 00:00:00-05:00,3.2123477195519157,3.2176051139831543,3.2123477195519157,3.2176051139831543,4500,0.0,0.0
2001-03-23 00:00:00-05:00,3.2176046182394202,3.2228622625589196,3.207089580298701,3.22023344039917,18000,0.0,0.0
2001-03-26 00:00:00-05:00,3.207088904517857,3.2176039402429035,3.207088904517857,3.214975118637085,16600,0.0,0.0
2001-03-27 00:00:00-05:00,3.2149758785351095,3.2149758785351095,3.20708966255188,3.20708966255188,20400,0.0,0.0
2001-03-28 00:00:00-05:00,3.201832138099293,3.2070895316407473,3.1886882781982426,3.188688278198242,9200,0.0,0.0
2001-03-29 00:00:00-05:00,3.204461687678851,3.204461687678851,3.1860604286193848,3.1860604286193848,5100,0.0,0.0
2001-03-30 00:00:00-05:00,3.2070909023356844,3.2070909023356844,3.199204683303833,3.199204683303833,1400,0.0,0.0
2001-04-02 00:00:00-04:00,3.2097188143717537,3.2097188143717537,3.1886887357914593,3.191317558288574,10500,0.0,0.0
2001-04-03 00:00:00-04:00,3.193946123123169,3.193946123123169,3.193946123123169,3.193946123123169,8300,0.0,0.0
2001-04-04 00:00:00-04:00,3.186059456078377,3.193945671739697,3.1755444182971924,3.188688278198242,8800,0.0,0.0
2001-04-05 00:00:00-04:00,3.193946123123169,3.193946123123169,3.193946123123169,3.193946123123169,3000,0.0,0.0
2001-04-06 00:00:00-04:00,3.183431083855949,3.193946123123169,3.175544867080112,3.193946123123169,16900,0.0,0.0
2001-04-09 00:00:00-04:00,3.193946520354012,3.1992041659906705,3.154515180872443,3.167659044265747,45800,0.0,0.0
2001-04-10 00:00:00-04:00,3.1718850919353474,3.1718850919353474,3.1533976640280303,3.156038761138916,18900,0.056,0.0
2001-04-11 00:00:00-04:00,3.169243574142456,3.169243574142456,3.161320535730378,3.169243574142456,8200,0.0,0.0
2001-04-12 00:00:00-04:00,3.1586795727939943,3.166602611541748,3.156038475921789,3.166602611541748,7200,0.0,0.0
2001-04-16 00:00:00-04:00,3.169243574142456,3.169243574142456,3.166602477382147,3.169243574142456,6400,0.0,0.0
2001-04-17 00:00:00-04:00,3.148116264783893,3.1560393056145393,3.140193223953247,3.140193223953247,14800,0.0,0.0
2001-04-18 00:00:00-04:00,3.161320535730378,3.1850899028354624,3.1375511686252935,3.169243574142456,11700,0.0,0.0
2001-04-19 00:00:00-04:00,3.169242243236493,3.26431941986084,3.169242243236493,3.26431941986084,3400,0.0,0.0
2001-04-20 00:00:00-04:00,3.26431941986084,3.26431941986084,3.26431941986084,3.26431941986084,0,0.0,0.0
2001-04-23 00:00:00-04:00,3.26431941986084,3.26431941986084,3.26431941986084,3.26431941986084,0,0.0,0.0
2001-04-24 00:00:00-04:00,3.145474537880111,3.1481156349182124,3.145474537880111,3.148115634918213,6200,0.0,0.0
2001-04-25 00:00:00-04:00,3.1666029457875844,3.1666029457875844,3.145474672317505,3.145474672317505,29600,0.0,0.0
2001-04-26 00:00:00-04:00,3.1507564005579907,3.169243574142456,3.1507564005579907,3.169243574142456,4400,0.0,0.0
2001-04-27 00:00:00-04:00,3.158679858249802,3.158679858249802,3.1533976640280303,3.156038761138916,11800,0.0,0.0
2001-04-30 00:00:00-04:00,3.1666026282437403,3.1666026282437403,3.156038492568062,3.161320686340332,3000,0.0,0.0
2001-05-01 00:00:00-04:00,3.158680231803244,3.158680231803244,3.132269761308785,3.153398036956787,14500,0.0,0.0
2001-05-02 00:00:00-04:00,3.1375528421612415,3.1375528421612415,3.111142364208791,3.116424560546875,28300,0.0,0.0
2001-05-03 00:00:00-04:00,3.126984702480191,3.148112957075166,3.116420575182704,3.1296257972717285,12500,0.0,0.0
2001-05-04 00:00:00-04:00,3.1507571914024717,3.1560391343800154,3.1507571914024717,3.153398036956787,11400,0.0,0.0
2001-05-07 00:00:00-04:00,3.153394435484394,3.1586766242980957,3.153394435484394,3.1586766242980957,28500,0.0,0.0
2001-05-08 00:00:00-04:00,3.1586799448618983,3.166602984542924,3.1560388476785928,3.163961887359619,6400,0.0,0.0
2001-05-09 00:00:00-04:00,3.1586795727939943,3.166602611541748,3.1586795727939943,3.166602611541748,6900,0.0,0.0
2001-05-10 00:00:00-04:00,3.166602984542924,3.166602984542924,3.1639618873596187,3.163961887359619,2600,0.0,0.0
2001-05-11 00:00:00-04:00,3.170860528945923,3.176167530041815,3.1602467798058793,3.170860528945923,14200,0.056,0.0
2001-05-14 00:00:00-04:00,3.1708585456915075,3.1708585456915075,3.162898302078247,3.162898302078247,15000,0.0,0.0
2001-05-15 00:00:00-04:00,3.1629000694227147,3.165553569793701,3.1629000694227147,3.165553569793701,1100,0.0,0.0
2001-05-16 00:00:00-04:00,3.1629000694227147,3.1735138178549365,3.1629000694227147,3.165553569793701,21000,0.0,0.0
2001-05-17 00:00:00-04:00,3.1628977644296006,3.173511505126953,3.1628977644296006,3.173511505126953,7800,0.0,0.0
2001-05-18 00:00:00-04:00,3.173511505126953,3.173511505126953,3.173511505126953,3.173511505126953,0,0.0,0.0
2001-05-21 00:00:00-04:00,3.170860528945923,3.176167530041815,3.170860528945923,3.170860528945923,7400,0.0,0.0
2001-05-22 00:00:00-04:00,3.1629000723147556,3.1841275691986084,3.1629000723147556,3.1841275691986084,7500,0.0,0.0
2001-05-23 00:00:00-04:00,3.1841267214361153,3.1841267214361153,3.1655527298709347,3.168205976486206,8900,0.0,0.0
2001-05-24 00:00:00-04:00,3.170860528945923,3.186781279181858,3.170860528945923,3.170860528945923,8400,0.0,0.0
2001-05-25 00:00:00-04:00,3.170862078895897,3.1867828369140625,3.170862078895897,3.1867828369140625,2800,0.0,0.0
2001-05-29 00:00:00-04:00,3.1655540890912044,3.184128088631658,3.1496333373052696,3.1602470874786377,17700,0.0,0.0
2001-05-30 00:00:00-04:00,3.152286323872829,3.1841275691986084,3.152286323872829,3.1841275691986084,5300,0.0,0.0
2001-05-31 00:00:00-04:00,3.1894345699454334,3.1894345699454334,3.1629000723147556,3.1841275691986084,3000,0.0,0.0
2001-06-01 00:00:00-04:00,3.1841267214361153,3.192086967385242,3.1628992302040073,3.168205976486206,9200,0.0,0.0
2001-06-04 00:00:00-04:00,3.189433729560996,3.223928213119507,3.189433729560996,3.223928213119507,22800,0.0,0.0
2001-06-05 00:00:00-04:00,3.1894363979454052,3.2239309103631277,3.1894363979454052,3.2133171558380127,2900,0.0,0.0
2001-06-06 00:00:00-04:00,3.2133141161816563,3.2212746143341064,3.2133141161816563,3.2212746143341064,5300,0.0,0.0
2001-06-07 00:00:00-04:00,3.2212746143341064,3.2212746143341064,3.2212746143341064,3.2212746143341064,0,0.0,0.0
2001-06-08 00:00:00-04:00,3.2080096729118375,3.2318906784057613,3.2080096729118375,3.2318906784057617,10200,0.0,0.0
2001-06-11 00:00:00-04:00,3.223928213119507,3.223928213119507,3.223928213119507,3.223928213119507,3000,0.0,0.0
2001-06-12 00:00:00-04:00,3.223928213119507,3.223928213119507,3.213314467474198,3.223928213119507,7800,0.0,0.0
2001-06-13 00:00:00-04:00,3.2105951309204097,3.2105951309204097,3.2105951309204097,3.21059513092041,7400,0.06,0.0
2001-06-14 00:00:00-04:00,3.218593969822937,3.218593969822937,3.2132608890533447,3.2132608890533447,3000,0.0,0.0
2001-06-15 00:00:00-04:00,3.215933322906494,3.215933322906494,3.215933322906494,3.215933322906494,1300,0.0,0.0
2001-06-18 00:00:00-04:00,3.223928218082126,3.223928218082126,3.2105951309204097,3.21059513092041,9400,0.0,0.0
2001-06-19 00:00:00-04:00,3.2079284626265694,3.2265948863759664,3.2079284626265694,3.21059513092041,10300,0.0,0.0
2001-06-20 00:00:00-04:00,3.21326179921425,3.21326179921425,3.2105951309204097,3.21059513092041,1900,0.0,0.0
2001-06-21 00:00:00-04:00,3.21326231247249,3.2265954017639165,3.2105956437526997,3.226595401763916,15800,0.0,0.0
2001-06-22 00:00:00-04:00,3.2292618161761806,3.2292618161761806,3.21326231247249,3.226595401763916,6300,0.0,0.0
2001-06-25 00:00:00-04:00,3.215930020359854,3.2452626228332524,3.215930020359854,3.245262622833252,13300,0.0,0.0
2001-06-26 00:00:00-04:00,3.2452614372701643,3.2479281058774485,3.2319283485412598,3.2319283485412598,3500,0.0,0.0
2001-06-27 00:00:00-04:00,3.2505946159362793,3.2505946159362793,3.2505946159362793,3.2505946159362793,200,0.0,0.0
2001-06-28 00:00:00-04:00,3.247928772498051,3.250595187345087,3.234595681032598,3.2425954341888428,9900,0.0,0.0
2001-06-29 00:00:00-04:00,3.2532607478947493,3.2532607478947493,3.2425943292186674,3.247927665710449,5600,0.0,0.0
2001-07-02 00:00:00-04:00,3.253263010670165,3.253263010670165,3.237263498681478,3.2399299144744873,15100,0.0,0.0
2001-07-03 00:00:00-04:00,3.2532613277435303,3.2532613277435303,3.2532613277435303,3.2532613277435303,600,0.0,0.0
2001-07-05 00:00:00-04:00,3.2532623772700684,3.2532623772700684,3.2399292836703024,3.245262622833252,12200,0.0,0.0
2001-07-06 00:00:00-04:00,3.253261710368375,3.261261463165283,3.2479286266062877,3.261261463165283,8800,0.0,0.0
2001-07-09 00:00:00-04:00,3.255928269750933,3.2692613601684566,3.255928269750933,3.269261360168457,4400,0.0,0.0
2001-07-10 00:00:00-04:00,3.269261461616409,3.2772612143921434,3.269261461616409,3.27459454536438,6800,0.0,0.0
2001-07-11 00:00:00-04:00,3.2799547598005714,3.293353319168091,3.2772749968158146,3.293353319168091,15200,0.06,0.0
2001-07-12 00:00:00-04:00,3.2826335764448378,3.2826335764448378,3.2719147831521638,3.27459454536438,12700,0.0,0.0
2001-07-13 00:00:00-04:00,3.2799530344487815,3.2799530344487815,3.271914005279541,3.271914005279541,7700,0.0,0.0
2001-07-16 00:00:00-04:00,3.28263434603796,3.28263434603796,3.266556024551391,3.2665560245513916,4300,0.0,0.0
2001-07-17 00:00:00-04:00,3.2692359634178083,3.293353319168091,3.2692359634178083,3.293353319168091,5100,0.0,0.0
2001-07-18 00:00:00-04:00,3.298711919064323,3.3040711879730225,3.298711919064323,3.3040711879730225,15900,0.0,0.0
2001-07-19 00:00:00-04:00,3.2960321903228755,3.2960321903228755,3.2960321903228755,3.296032190322876,1800,0.0,0.0
2001-07-20 00:00:00-04:00,3.298713207244873,3.298713207244873,3.298713207244873,3.298713207244873,500,0.0,0.0
2001-07-23 00:00:00-04:00,3.3040724782464217,3.3040724782464217,3.298713207244873,3.298713207244873,6900,0.0,0.0
2001-07-24 00:00:00-04:00,3.3040724782464217,3.3094320048042625,3.298713207244873,3.298713207244873,6400,0.0,0.0
2001-07-25 00:00:00-04:00,3.2987095295582893,3.2987095295582893,3.2853109836578365,3.285310983657837,3600,0.0,0.0
2001-07-26 00:00:00-04:00,3.306751489639282,3.306751489639282,3.2933529318475236,3.3067514896392822,3100,0.0,0.0
2001-07-27 00:00:00-04:00,3.2960313802422,3.301390647888184,3.282632827793043,3.3013906478881836,5800,0.0,0.0
2001-07-30 00:00:00-04:00,3.3094306789740098,3.312110185623169,3.3067509167686606,3.312110185623169,18400,0.0,0.0
2001-07-31 00:00:00-04:00,3.2987139450231413,3.3094327449798584,3.2987139450231413,3.3094327449798584,4400,0.0,0.0
2001-08-01 00:00:00-04:00,3.3147879005193333,3.328186447714558,3.3147879005193333,3.3255066871643066,10500,0.0,0.0
2001-08-02 00:00:00-04:00,3.33354574906452,3.3362255096435547,3.33354574906452,3.3362255096435547,3700,0.0,0.0
2001-08-03 00:00:00-04:00,3.3308685621124794,3.3335480690002446,3.3308685621124794,3.333548069000244,1800,0.0,0.0
2001-08-06 00:00:00-04:00,3.3308662440415207,3.3362255096435547,3.3308662440415207,3.3362255096435547,7900,0.0,0.0
2001-08-07 00:00:00-04:00,3.3362255096435547,3.3362255096435547,3.3362255096435547,3.3362255096435547,2800,0.0,0.0
2001-08-08 00:00:00-04:00,3.3442672269917217,3.3496267524626573,3.3389079570770264,3.3389079570770264,10000,0.0,0.0
2001-08-09 00:00:00-04:00,3.3389067958057423,3.354985111070273,3.3362270340022953,3.349625587463379,10900,0.0,0.0
2001-08-10 00:00:00-04:00,3.352306955914199,3.376424312591553,3.349627192826432,3.3764243125915527,21500,0.0,0.0
2001-08-13 00:00:00-04:00,3.3683446676449966,3.3683446676449966,3.3629595010561752,3.365652084350586,4100,0.06,0.0
2001-08-14 00:00:00-04:00,3.373728033202783,3.384498104671779,3.373728033202783,3.37911319732666,2500,0.0,0.0
2001-08-15 00:00:00-04:00,3.379115830417443,3.384500741958618,3.373730662097309,3.384500741958618,5100,0.0,0.0
2001-08-16 00:00:00-04:00,3.387194147466932,3.3925793170928955,3.387194147466932,3.3925793170928955,6200,0.0,0.0
2001-08-17 00:00:00-04:00,3.3925780134852572,3.408733002597507,3.3925780134852572,3.400655508041382,8200,0.0,0.0
2001-08-20 00:00:00-04:00,3.4087344361159153,3.4114270210266113,3.387194270388408,3.4114270210266113,11200,0.0,0.0
2001-08-21 00:00:00-04:00,3.403347969055176,3.427580451849443,3.403347969055176,3.403347969055176,11300,0.0,0.0
2001-08-22 00:00:00-04:00,3.403348091819731,3.419503080931981,3.400655508041382,3.400655508041382,15100,0.0,0.0
2001-08-23 00:00:00-04:00,3.406039721158553,3.4168097972869873,3.4006548114837707,3.4168097972869873,4600,0.0,0.0
2001-08-24 00:00:00-04:00,3.4114273721910524,3.424890041351318,3.4006572882186514,3.4248900413513184,10200,0.0,0.0
2001-08-27 00:00:00-04:00,3.4275809351124753,3.4275809351124753,3.40334844890161,3.414118528366089,2400,0.0,0.0
2001-08-28 00:00:00-04:00,3.424891011027821,3.4275833401988978,3.4087357521057133,3.408735752105713,4900,0.0,0.0
2001-08-29 00:00:00-04:00,3.4114259502813336,3.4356586933135986,3.4114259502813336,3.4356586933135986,2000,0.0,0.0
2001-08-30 00:00:00-04:00,3.4356586933135986,3.4356586933135986,3.4356586933135986,3.4356586933135986,100,0.0,0.0
2001-08-31 00:00:00-04:00,3.4356602582412146,3.4356602582412146,3.406042333586972,3.4275825023651123,12100,0.0,0.0
2001-09-04 00:00:00-04:00,3.4464296147526636,3.4625846095348396,3.435659532638209,3.443737030029297,8500,0.0,0.0
2001-09-05 00:00:00-04:00,3.441043618288957,3.459891450043643,3.438351290991674,3.4518136978149414,14300,0.0,0.0
2001-09-06 00:00:00-04:00,3.4464286702728457,3.486816402939203,3.4464286702728457,3.476046323776245,12800,0.0,0.0
2001-09-07 00:00:00-04:00,3.4760458564565395,3.4975860118865967,3.4760458564565395,3.4975860118865967,19000,0.0,0.0
2001-09-10 00:00:00-04:00,3.497588627897513,3.5191287994384766,3.497588627897513,3.5191287994384766,7700,0.0,0.0
2001-09-17 00:00:00-04:00,3.505664958690202,3.519127367842414,3.500279789606121,3.508357286453247,11600,0.0,0.0
2001-09-18 00:00:00-04:00,3.505665072671036,3.5191274822609557,3.5002799034118652,3.5002799034118652,15600,0.0,0.0
2001-09-19 00:00:00-04:00,3.500279052584779,3.500279052584779,3.4329659938812256,3.4329659938812256,40000,0.0,0.0
2001-09-20 00:00:00-04:00,3.4464303426302845,3.4464303426302845,3.4006574197819703,3.4275825023651123,33700,0.0,0.0
2001-09-21 00:00:00-04:00,3.406040904301969,3.406040904301969,3.3871933287249156,3.395270824432373,11100,0.0,0.0
2001-09-24 00:00:00-04:00,3.427581892545577,3.427581892545577,3.381809234619989,3.3925793170928955,3400,0.0,0.0
2001-09-25 00:00:00-04:00,3.4329696513814687,3.457202419417071,3.3252687454223633,3.3252687454223633,20200,0.0,0.0
2001-09-26 00:00:00-04:00,3.3252642408186035,3.379114620849179,3.3252642408186035,3.352189302444458,16500,0.0,0.0
2001-09-27 00:00:00-04:00,3.3521894246574084,3.41950246634442,3.3521894246574084,3.365652084350586,4300,0.0,0.0
2001-09-28 00:00:00-04:00,3.4195031895042978,3.4195031895042978,3.381808042526245,3.381808042526245,6600,0.0,0.0
2001-10-01 00:00:00-04:00,3.4141196059373073,3.454507352481626,3.4114270210266113,3.4114270210266113,5600,0.0,0.0
2001-10-02 00:00:00-04:00,3.4464274952603886,3.486815214157104,3.4464274952603886,3.4868152141571045,8800,0.0,0.0
2001-10-03 00:00:00-04:00,3.4572019510395995,3.473356956355198,3.4572019510395995,3.4679720401763916,9700,0.0,0.0
2001-10-04 00:00:00-04:00,3.47066022930996,3.5002778727156274,3.47066022930996,3.4868152141571045,13800,0.0,0.0
2001-10-05 00:00:00-04:00,3.486817237042942,3.5137425697807885,3.486817237042942,3.5002799034118652,12500,0.0,0.0
2001-10-08 00:00:00-04:00,3.4814301993925447,3.52720308303833,3.4814301993925447,3.52720308303833,8500,0.0,0.0
2001-10-09 00:00:00-04:00,3.505664958690202,3.543360115162788,3.500279789606121,3.508357286453247,10000,0.0,0.0
2001-10-10 00:00:00-04:00,3.540664398724741,3.5514344705872363,3.5137393474578857,3.5137393474578857,9900,0.0,0.0
2001-10-11 00:00:00-04:00,3.5126585960388184,3.5126585960388184,3.5126585960388184,3.5126585960388184,2200,0.066,0.0
2001-10-12 00:00:00-04:00,3.5045426372493966,3.5045426372493966,3.4801867008209224,3.480186700820923,2600,0.0,0.0
2001-10-15 00:00:00-04:00,3.493716666573458,3.493716666573458,3.4585359096527104,3.45853590965271,8700,0.0,0.0
2001-10-16 00:00:00-04:00,3.458533724847736,3.458533724847736,3.4558277130126953,3.4558277130126953,5100,0.0,0.0
2001-10-17 00:00:00-04:00,3.455829070286767,3.455829070286767,3.4450039863586426,3.4450039863586426,2200,0.0,0.0
2001-10-18 00:00:00-04:00,3.463948876078755,3.4747737058318267,3.4531240463256836,3.4531240463256836,5200,0.0,0.0
2001-10-19 00:00:00-04:00,3.453122690663312,3.4747723416700125,3.453122690663312,3.4612412452697754,800,0.0,0.0
2001-10-22 00:00:00-04:00,3.493715983318716,3.5180719070455835,3.4910097122192383,3.4910097122192383,11000,0.0,0.0
2001-10-23 00:00:00-04:00,3.4910094172939763,3.5180716098340703,3.4828908627656263,3.4855971336364746,46400,0.0,0.0
2001-10-24 00:00:00-04:00,3.4855971336364746,3.5045405135640233,3.4855971336364746,3.4855971336364746,5000,0.0,0.0
2001-10-25 00:00:00-04:00,3.5072449846884797,3.515363535050787,3.499126434326172,3.499126434326172,4700,0.0,0.0
2001-10-26 00:00:00-04:00,3.5072449846884797,3.5180698045329106,3.493713895361925,3.499126434326172,10300,0.0,0.0
2001-10-29 00:00:00-05:00,3.5180719080684364,3.523484450268966,3.501834539551065,3.520778179168701,7100,0.0,0.0
2001-10-30 00:00:00-05:00,3.5234827410182223,3.5234827410182223,3.515363931655884,3.515363931655884,4800,0.0,0.0
2001-10-31 00:00:00-05:00,3.5343105893419073,3.5343105893419073,3.504542112350464,3.504542112350464,11400,0.0,0.0
2001-11-01 00:00:00-05:00,3.5180701001036474,3.5451322810303862,3.5180701001036474,3.5316011905670166,9600,0.0,0.0
2001-11-02 00:00:00-05:00,3.555956980571658,3.555956980571658,3.539719620952284,3.5451321601867676,4900,0.0,0.0
2001-11-05 00:00:00-05:00,3.5721944596573505,3.591138090896146,3.5586633682250977,3.5586633682250977,13100,0.0,0.0
2001-11-06 00:00:00-05:00,3.59925589969921,3.639848907534189,3.59925589969921,3.6100807189941406,5100,0.0,0.0
2001-11-07 00:00:00-05:00,3.610084400871289,3.65067745010658,3.599259570536258,3.6236155033111572,11100,0.0,0.0
2001-11-08 00:00:00-05:00,3.6209073319162113,3.6533818058873306,3.6209073319162113,3.6506755352020264,18600,0.0,0.0
2001-11-09 00:00:00-05:00,3.620904710299202,3.6506728920321794,3.620904710299202,3.6479666233062744,2700,0.0,0.0
2001-11-12 00:00:00-05:00,3.6263183338012057,3.6398494243621826,3.6263183338012057,3.6398494243621826,4000,0.0,0.0
2001-11-13 00:00:00-05:00,3.6591662646801675,3.6591662646801675,3.6401223594406864,3.6455633640289307,4100,0.071,0.0
2001-11-14 00:00:00-05:00,3.65916819722946,3.672771105064922,3.6428449153900146,3.6428449153900146,18600,0.0,0.0
2001-11-15 00:00:00-05:00,3.6401216614851153,3.6564449315737817,3.623798131942749,3.623798131942749,9700,0.0,0.0
2001-11-16 00:00:00-05:00,3.623799145817711,3.623799145817711,3.5993139743804927,3.599313974380493,9200,0.0,0.0
2001-11-19 00:00:00-05:00,3.599313719103089,3.599313719103089,3.5802698135375977,3.5802698135375977,8600,0.0,0.0
2001-11-20 00:00:00-05:00,3.5775505061956814,3.5775505061956814,3.5693888664245605,3.5693888664245605,6300,0.0,0.0
2001-11-21 00:00:00-05:00,3.577549908408795,3.577549908408795,3.539462089538574,3.539462089538574,9600,0.0,0.0
2001-11-23 00:00:00-05:00,3.547623727945935,3.547623727945935,3.539462089538574,3.539462089538574,1900,0.0,0.0
2001-11-26 00:00:00-05:00,3.563948185299459,3.5721098258161557,3.5394630042954947,3.5421836376190186,14700,0.0,0.0
2001-11-27 00:00:00-05:00,3.563947183657602,3.569388189321589,3.563947183657602,3.5666675567626953,8000,0.0,0.0
2001-11-28 00:00:00-05:00,3.566665109805689,3.5775473731215457,3.550341844558716,3.550341844558716,17400,0.0,0.0
2001-11-29 00:00:00-05:00,3.580271303772651,3.580271303772651,3.536742210388183,3.5367422103881836,10600,0.0,0.0
2001-11-30 00:00:00-05:00,3.563945972598171,3.563945972598171,3.5476224422454834,3.5476224422454834,15400,0.0,0.0
2001-12-03 00:00:00-05:00,3.550341844558716,3.566665109805689,3.550341844558716,3.550341844558716,3800,0.0,0.0
2001-12-04 00:00:00-05:00,3.563944738566942,3.563944738566942,3.5285773179270024,3.550341844558716,17600,0.0,0.0
2001-12-05 00:00:00-05:00,3.550344585358884,3.550344585358884,3.482330322265625,3.482330322265625,23800,0.0,0.0
2001-12-06 00:00:00-05:00,3.509536313361694,3.528580485852334,3.482330760373983,3.485051393508911,16100,0.0,0.0
2001-12-07 00:00:00-05:00,3.5122589333085497,3.5122589333085497,3.4442446231842045,3.444244623184204,8600,0.0,0.0
2001-12-10 00:00:00-05:00,3.4687254042763835,3.495931197503158,3.4524018764495845,3.452401876449585,9700,0.0,0.0
2001-12-11 00:00:00-05:00,3.4687252411471103,3.4687252411471103,3.446960711370715,3.4660046100616455,7300,0.0,0.0
2001-12-12 00:00:00-05:00,3.4744885832746712,3.48543184413113,3.458073822443943,3.463545322418213,5400,0.071,0.0
2001-12-13 00:00:00-05:00,3.4854299539484517,3.501844966785078,3.4580719470977783,3.4580719470977783,23700,0.0,0.0
2001-12-14 00:00:00-05:00,3.482695942708198,3.515525985987706,3.4772244427668917,3.49637508392334,11000,0.0,0.0
2001-12-17 00:00:00-05:00,3.520997485929012,3.526469246778236,3.49637508392334,3.49637508392334,6900,0.0,0.0
2001-12-18 00:00:00-05:00,3.496373839319383,3.5182603531095022,3.496373839319383,3.501845598220825,14400,0.0,0.0
2001-12-19 00:00:00-05:00,3.5045814776715463,3.515524734566606,3.501845598220825,3.501845598220825,4000,0.0,0.0
2001-12-20 00:00:00-05:00,3.5045827463108727,3.5045827463108727,3.4526020615617536,3.463545322418213,24600,0.0,0.0
2001-12-21 00:00:00-05:00,3.488165591416333,3.4909014701843257,3.4608073255519245,3.490901470184326,11000,0.0,0.0
2001-12-24 00:00:00-05:00,3.490902430037168,3.490902430037168,3.460808277130127,3.460808277130127,3800,0.0,0.0
2001-12-26 00:00:00-05:00,3.4744885832746712,3.4909036050133193,3.4608094419771183,3.463545322418213,2700,0.0,0.0
2001-12-27 00:00:00-05:00,3.4854269739743704,3.4908987272109266,3.4662763594615345,3.4744837284088135,6700,0.0,0.0
2001-12-28 00:00:00-05:00,3.49910831451416,3.49910831451416,3.4662785570041614,3.49910831451416,6000,0.0,0.0
2001-12-31 00:00:00-05:00,3.5155241456330355,3.518259763717651,3.499109132586437,3.5182597637176514,12100,0.0,0.0
2002-01-02 00:00:00-05:00,3.534676627144154,3.5510913878759904,3.49637508392334,3.49637508392334,18400,0.0,0.0
2002-01-03 00:00:00-05:00,3.5182582571924756,3.5729747699795635,3.501843512082485,3.5292015075683594,11700,0.0,0.0
2002-01-04 00:00:00-05:00,3.572978101243839,3.597600241865265,3.534676558763988,3.564770460128784,8000,0.0,0.0
2002-01-07 00:00:00-05:00,3.589391469955445,3.614013861938026,3.589391469955445,3.5893914699554443,16000,0.0,0.0
2002-01-08 00:00:00-05:00,3.6003337457050124,3.6249561309814453,3.5811831175601156,3.6249561309814453,8300,0.0,0.0
2002-01-09 00:00:00-05:00,3.6331635057710097,3.6386352629025462,3.619484373849909,3.6249561309814453,19500,0.0,0.0
2002-01-10 00:00:00-05:00,3.624954297089691,3.624954297089691,3.6140110492706303,3.61401104927063,23400,0.0,0.0
2002-01-11 00:00:00-05:00,3.634650438381894,3.634650438381894,3.6126389503479004,3.6126389503479004,11900,0.075,0.0
2002-01-14 00:00:00-05:00,3.640150964448362,3.640150964448362,3.596128015164848,3.6043825149536133,12900,0.0,0.0
2002-01-15 00:00:00-05:00,3.6181401082416293,3.6208916086415215,3.6098858694394735,3.615388870239258,15200,0.0,0.0
2002-01-16 00:00:00-05:00,3.6208916086415215,3.6208916086415215,3.615388870239258,3.615388870239258,2100,0.0,0.0
2002-01-17 00:00:00-05:00,3.6291470045717804,3.6291470045717804,3.6208927631378174,3.6208927631378174,4200,0.0,0.0
2002-01-18 00:00:00-05:00,3.62914904610992,3.6456578006622693,3.618143297207604,3.6319005489349365,15300,0.0,0.0
2002-01-22 00:00:00-05:00,3.6374008272341873,3.6759207883108567,3.6374008272341873,3.6429035663604736,19500,0.0,0.0
2002-01-23 00:00:00-05:00,3.659412485184702,3.659412485184702,3.648406744003296,3.648406744003296,14600,0.0,0.0
2002-01-24 00:00:00-05:00,3.659412485184702,3.6621639860794453,3.648406744003296,3.648406744003296,4900,0.0,0.0
2002-01-25 00:00:00-05:00,3.662161350250244,3.6676640856815865,3.6484041180758195,3.662161350250244,19100,0.0,0.0
2002-01-28 00:00:00-05:00,3.6704175472259526,3.6704175472259526,3.6621633084665777,3.670417547225952,2800,0.0,0.0
2002-01-29 00:00:00-05:00,3.678671785985327,3.678671785985327,3.6621633084665777,3.670417547225952,7900,0.0,0.0
2002-01-30 00:00:00-05:00,3.67591832002729,3.6814213178560116,3.662161350250244,3.662161350250244,12100,0.0,0.0
2002-01-31 00:00:00-05:00,3.6814262004395863,3.6896804457326886,3.6786746978759766,3.6786746978759766,7700,0.0,0.0
2002-02-01 00:00:00-05:00,3.697932131205729,3.714440872761813,3.6951808929443364,3.695180892944336,8400,0.0,0.0
2002-02-04 00:00:00-05:00,3.7282011285316217,3.7694726222004014,3.7282011285316217,3.7557153701782227,24700,0.0,0.0
2002-02-05 00:00:00-05:00,3.7612165532015673,3.7612165532015673,3.7364535640417302,3.758465051651001,10200,0.0,0.0
2002-02-06 00:00:00-05:00,3.766718149857129,3.769469650571995,3.7392039299011226,3.739203929901123,11800,0.0,0.0
2002-02-07 00:00:00-05:00,3.7529618740081787,3.7529618740081787,3.7309503889615994,3.7529618740081787,12800,0.0,0.0
2002-02-08 00:00:00-05:00,3.752961171077901,3.7557124093952163,3.733700928471391,3.739203929901123,9700,0.0,0.0
2002-02-11 00:00:00-05:00,3.7529641296919927,3.7639698788301845,3.7392068776698135,3.7557153701782227,14700,0.0,0.0
2002-02-12 00:00:00-05:00,3.7639680547521337,3.7639680547521337,3.7557135501004346,3.758465051651001,10100,0.0,0.0
2002-02-13 00:00:00-05:00,3.7556966568907546,3.772302653975075,3.7446260801489974,3.752929210662842,19200,0.08,0.0
2002-02-14 00:00:00-05:00,3.7695359279806873,3.7750713497684774,3.7501624796102986,3.766768217086792,5100,0.0,0.0
2002-02-15 00:00:00-05:00,3.7722987188655424,3.7861369913430547,3.7639958609562725,3.769531011581421,11600,0.0,0.0
2002-02-19 00:00:00-05:00,3.8027469793718325,3.8027469793718325,3.775070667266846,3.7750706672668457,10600,0.0,0.0
2002-02-20 00:00:00-05:00,3.7861430307768127,3.8055164847828733,3.7833753190777997,3.7916781902313232,23400,0.0,0.0
2002-02-21 00:00:00-05:00,3.7972137928009038,3.8110520880054133,3.780607785766786,3.7972137928009033,26500,0.0,0.0
2002-02-22 00:00:00-05:00,3.8138193559363973,3.819354779334423,3.7916781902313232,3.7916781902313232,13400,0.0,0.0
2002-02-25 00:00:00-05:00,3.8138196856154583,3.8165873975537212,3.794446229934693,3.7944462299346924,25800,0.0,0.0
2002-02-26 00:00:00-05:00,3.8110501766204834,3.8110501766204834,3.7972118883563954,3.8110501766204834,3900,0.0,0.0
2002-02-27 00:00:00-05:00,3.8138134731364,3.819348887996059,3.8082783222198486,3.8082783222198486,7900,0.0,0.0
2002-02-28 00:00:00-05:00,3.827655911382673,3.827655911382673,3.8110501766204834,3.8110501766204834,12600,0.0,0.0
2002-03-01 00:00:00-05:00,3.827653249873349,3.833188666907361,3.8165826797485356,3.816582679748535,3900,0.0,0.0
2002-03-04 00:00:00-05:00,3.8082794084991862,3.827652838147883,3.8082794084991862,3.824885129928589,16700,0.0,0.0
2002-03-05 00:00:00-05:00,3.8055146015691013,3.8138174686138315,3.7833734468208973,3.7861411571502686,26700,0.0,0.0
2002-03-06 00:00:00-05:00,3.7833753190777997,3.7999810613848473,3.7833753190777997,3.7916781902313232,5300,0.0,0.0
2002-03-07 00:00:00-05:00,3.7944441121346757,3.7944441121346757,3.775070667266846,3.7750706672668457,10500,0.0,0.0
2002-03-08 00:00:00-05:00,3.772304825742739,3.7750725375074303,3.6975781917572026,3.697578191757202,25100,0.0,0.0
2002-03-11 00:00:00-05:00,3.741858633921085,3.7529292106628422,3.741858633921085,3.752929210662842,1700,0.0,0.0
2002-03-12 00:00:00-05:00,3.7529317542775114,3.7556992023811095,3.683740536760138,3.722487449645996,65800,0.0,0.0
2002-03-13 00:00:00-05:00,3.733618820226499,3.733618820226499,3.7057769298553462,3.7057769298553467,2700,0.08,0.0
2002-03-14 00:00:00-05:00,3.7308384507293852,3.7308384507293852,3.691859710367576,3.697427988052368,8500,0.0,0.0
2002-03-15 00:00:00-05:00,3.716918095754488,3.716918095754488,3.6946444511413574,3.6946444511413574,5000,0.0,0.0
2002-03-18 00:00:00-05:00,3.7141338237971495,3.7141338237971495,3.6946444511413574,3.6946444511413574,7100,0.0,0.0
2002-03-19 00:00:00-05:00,3.702995108238556,3.7141319248511357,3.691858291625976,3.6918582916259766,6200,0.0,0.0
2002-03-20 00:00:00-05:00,3.6918575768190802,3.6974258512859306,3.6333892345428467,3.6333892345428467,20900,0.0,0.0
2002-03-21 00:00:00-05:00,3.6723701014993297,3.6723701014993297,3.6361756324768066,3.6361756324768066,5300,0.0,0.0
2002-03-22 00:00:00-05:00,3.644527662703888,3.661232759023634,3.6389591202488267,3.6500959396362305,16100,0.0,0.0
2002-03-25 00:00:00-05:00,3.650097350011097,3.655665894617809,3.647313343230562,3.652881622314453,14100,0.0,0.0
2002-03-26 00:00:00-05:00,3.655664092222541,3.655664092222541,3.625037908554077,3.625037908554077,20900,0.0,0.0
2002-03-27 00:00:00-05:00,3.6612311379223,3.6723679523786017,3.6333892345428467,3.6333892345428467,8200,0.0,0.0
2002-03-28 00:00:00-05:00,3.641742385235509,3.66680028831416,3.641742385235509,3.658447742462158,11100,0.0,0.0
2002-04-01 00:00:00-05:00,3.6612341737017,3.6668027183084124,3.647313343230562,3.652881622314453,15900,0.0,0.0
2002-04-02 00:00:00-05:00,3.6668027183084124,3.6751552696956593,3.6333922472366034,3.652881622314453,34300,0.0,0.0
2002-04-03 00:00:00-05:00,3.6528802108637612,3.6668013014786953,3.644527662703888,3.6500959396362305,16800,0.0,0.0
2002-04-04 00:00:00-05:00,3.658449360405167,3.675154459496972,3.658449360405167,3.669586181640625,9200,0.0,0.0
2002-04-05 00:00:00-05:00,3.677933692932129,3.6890704989117213,3.675149425056631,3.677933692932129,23200,0.0,0.0
2002-04-08 00:00:00-04:00,3.6890769763654214,3.708566354669469,3.6500979542344614,3.6751558780670166,25100,0.0,0.0
2002-04-09 00:00:00-04:00,3.6612321957825804,3.6779375550551063,3.6584481905060575,3.6668007373809814,6200,0.0,0.0
2002-04-10 00:00:00-04:00,3.6779375550551063,3.680721825854307,3.666800737380982,3.6668007373809814,12800,0.0,0.0
2002-04-11 00:00:00-04:00,3.7116203308105473,3.722825211689441,3.6780056881738656,3.711620330810547,23500,0.08,0.0
2002-04-12 00:00:00-04:00,3.725626869527747,3.7340304642370152,3.7144219875335693,3.7144219875335693,4100,0.0,0.0
2002-04-15 00:00:00-04:00,3.731229547782203,3.7340308353455196,3.717223644256592,3.717223644256592,6200,0.0,0.0
2002-04-16 00:00:00-04:00,3.720023393630981,3.742433152189661,3.717222374170192,3.7200233936309814,12700,0.0,0.0
2002-04-17 00:00:00-04:00,3.720023393630981,3.742433152189661,3.717222374170192,3.7200233936309814,4800,0.0,0.0
2002-04-18 00:00:00-04:00,3.745233560519709,3.748034846468977,3.731227397918701,3.731227397918701,5700,0.0,0.0
2002-04-19 00:00:00-04:00,3.750838293579933,3.753639313997764,3.717223644256592,3.717223644256592,5300,0.0,0.0
2002-04-22 00:00:00-04:00,3.739633396657732,3.767645470750962,3.734030821551795,3.750838279724121,9600,0.0,0.0
2002-04-23 00:00:00-04:00,3.7340312173701977,3.7592422737283906,3.7340312173701977,3.7536396980285645,8200,0.0,0.0
2002-04-24 00:00:00-04:00,3.7676444589640643,3.776048052220731,3.753638292106011,3.7592408657073975,12800,0.0,0.0
2002-04-25 00:00:00-04:00,3.7788489668922525,3.7788489668922525,3.756439208984375,3.756439208984375,4900,0.0,0.0
2002-04-26 00:00:00-04:00,3.767643107362197,3.7816492691956887,3.767643107362197,3.770444393157959,5400,0.0,0.0
2002-04-29 00:00:00-04:00,3.7928556376839797,3.8012592312326774,3.7760481834411617,3.776048183441162,7700,0.0,0.0
2002-04-30 00:00:00-04:00,3.7956575590929025,3.8124647489999153,3.7844526767730717,3.7844526767730713,21300,0.0,0.0
2002-05-01 00:00:00-04:00,3.829273128827337,3.8348754377645586,3.8096646468287645,3.8124656677246094,12600,0.0,0.0
2002-05-02 00:00:00-04:00,3.812464630289167,3.8376756815101434,3.812464630289167,3.820868492126465,11700,0.0,0.0
2002-05-03 00:00:00-04:00,3.848880563481082,3.848880563481082,3.820868492126465,3.820868492126465,15600,0.0,0.0
2002-05-06 00:00:00-04:00,3.851682003074696,3.860085598098855,3.840477120660661,3.843278408050537,10200,0.0,0.0
2002-05-07 00:00:00-04:00,3.871287739241179,3.8740890246474553,3.8516792756878035,3.8600828647613525,9000,0.0,0.0
2002-05-08 00:00:00-04:00,3.86008576216,3.86008576216,3.83207368850708,3.83207368850708,12300,0.0,0.0
2002-05-09 00:00:00-04:00,3.857285091696064,3.8824958801269527,3.832074036119671,3.882495880126953,10200,0.0,0.0
2002-05-10 00:00:00-04:00,3.8824928576551216,3.8824928576551216,3.8656856784520404,3.8796918392181396,7700,0.0,0.0
2002-05-13 00:00:00-04:00,3.8881479384552056,3.9022354845306504,3.8740603923797607,3.8740603923797607,6600,0.08,0.0
2002-05-14 00:00:00-04:00,3.888148046731893,3.888148046731893,3.8599729537963867,3.8599729537963867,11400,0.0,0.0
2002-05-15 00:00:00-04:00,3.8740601286084,3.8740601286084,3.84025018154789,3.8458850383758545,8100,0.0,0.0
2002-05-16 00:00:00-04:00,3.871242565845631,3.8740601286084,3.84025018154789,3.8458850383758545,10300,0.0,0.0
2002-05-17 00:00:00-04:00,3.8599700184186028,3.8599700184186028,3.831795215606689,3.8317952156066895,9700,0.0,0.0
2002-05-20 00:00:00-04:00,3.857155623566379,3.876878297290658,3.8487032026546113,3.8684256076812744,16700,0.0,0.0
2002-05-21 00:00:00-04:00,3.8740601286084,3.8740601286084,3.845885038375855,3.8458850383758545,10900,0.0,0.0
2002-05-22 00:00:00-04:00,3.868425986950915,3.868425986950915,3.8402511582501577,3.8656086921691895,14100,0.0,0.0
2002-05-23 00:00:00-04:00,3.8740591720521076,3.8740591720521076,3.817709274198124,3.828979253768921,27700,0.0,0.0
2002-05-24 00:00:00-04:00,3.845885038375855,3.871242565845631,3.8317977619571564,3.8458850383758545,11700,0.0,0.0
2002-05-28 00:00:00-04:00,3.87124228477478,3.87124228477478,3.87124228477478,3.8712422847747803,2400,0.0,0.0
2002-05-29 00:00:00-04:00,3.8768732547760014,3.8768732547760014,3.8740556952375753,3.876873254776001,8500,0.0,0.0
2002-05-30 00:00:00-04:00,3.8909609568844137,3.8909609568844137,3.882508277893066,3.8825082778930664,3700,0.0,0.0
2002-05-31 00:00:00-04:00,3.9050527787876654,3.9050527787876654,3.8740603923797607,3.8740603923797607,5800,0.0,0.0
2002-06-03 00:00:00-04:00,3.9135047706284385,3.924774751742012,3.9106872081756587,3.910687208175659,5700,0.0,0.0
2002-06-04 00:00:00-04:00,3.927592656208073,3.927592656208073,3.9135053791488,3.9247753620147705,13100,0.0,0.0
2002-06-05 00:00:00-04:00,3.9332272323732704,3.9332272323732704,3.9247748135793032,3.9304096698760986,5300,0.0,0.0
2002-06-06 00:00:00-04:00,3.9332272323732704,3.9416796511672376,3.919139688584959,3.9304096698760986,9800,0.0,0.0
2002-06-07 00:00:00-04:00,3.9444981972699065,3.9501333236694336,3.9360457763682324,3.9501333236694336,5900,0.0,0.0
2002-06-10 00:00:00-04:00,3.9501333236694336,3.9501333236694336,3.9416806340701434,3.9501333236694336,5500,0.0,0.0
2002-06-11 00:00:00-04:00,3.961399892048448,3.961399892048448,3.9360423825103554,3.9557647705078125,13400,0.0,0.0
2002-06-12 00:00:00-04:00,3.950946381712426,3.9707863255594837,3.9396093867835136,3.9651176929473877,5800,0.083,0.0
2002-06-13 00:00:00-04:00,3.9707883554601953,3.9707883554601953,3.9367773532867436,3.936777353286743,16700,0.0,0.0
2002-06-14 00:00:00-04:00,3.950949871649781,3.967955514212147,3.93961286670671,3.9424471855163574,7200,0.0,0.0
2002-06-17 00:00:00-04:00,3.9396091942090794,3.9396091942090794,3.891426900542607,3.9169352054595947,17700,0.0,0.0
2002-06-18 00:00:00-04:00,3.9367757719145686,3.9367757719145686,3.891427516937256,3.891427516937256,12500,0.0,0.0
2002-06-19 00:00:00-04:00,3.9112663799644625,3.9254376888275146,3.899929386933068,3.9254376888275146,16000,0.0,0.0
2002-06-20 00:00:00-04:00,3.9367784195943454,3.967955112457276,3.9367784195943454,3.9679551124572754,15700,0.0,0.0
2002-06-21 00:00:00-04:00,3.967955112457276,3.967955112457276,3.9367784195943454,3.9679551124572754,15800,0.0,0.0
2002-06-24 00:00:00-04:00,3.970789430979949,3.999131805320206,3.9566181086620746,3.9679551124572754,19000,0.0,0.0
2002-06-25 00:00:00-04:00,3.9877905343733575,3.9877905343733575,3.962282235555542,3.9764535427093506,6100,0.0,0.0
2002-06-26 00:00:00-04:00,3.9877952437599107,3.9877952437599107,3.9566185474395756,3.956618547439575,13900,0.0,0.0
2002-06-27 00:00:00-04:00,3.9764546878763003,3.982123320488397,3.9651176929473877,3.9651176929473877,2500,0.0,0.0
2002-06-28 00:00:00-04:00,3.996295203629256,3.996295203629256,3.9877922534942627,3.9877922534942627,3500,0.0,0.0
2002-07-01 00:00:00-04:00,4.004797883468931,4.004797883468931,3.9877922534942627,3.9877922534942627,10900,0.0,0.0
2002-07-02 00:00:00-04:00,3.9991314854001936,4.035976812360941,3.9991314854001936,4.0189714431762695,5500,0.0,0.0
2002-07-03 00:00:00-04:00,4.027472972869873,4.038809972507201,4.024638655386694,4.027472972869873,6600,0.0,0.0
2002-07-05 00:00:00-04:00,4.041643616479856,4.041643616479856,4.038809299468994,4.038809299468994,4500,0.0,0.0
2002-07-08 00:00:00-04:00,4.041641716578578,4.052978708997366,4.03030472415979,4.04447603225708,25300,0.0,0.0
2002-07-09 00:00:00-04:00,4.055816282530635,4.055816282530635,3.9679543179880508,4.010468006134033,57000,0.0,0.0
2002-07-10 00:00:00-04:00,4.0388111306568755,4.0558167701370165,4.004800121992064,4.0189714431762695,12300,0.0,0.0
2002-07-11 00:00:00-04:00,4.042633159652783,4.071142397597191,4.042633159652783,4.068291664123535,15000,0.083,0.0
2002-07-12 00:00:00-04:00,4.068294126659628,4.08254861831665,4.06259211248722,4.08254861831665,9000,0.0,0.0
2002-07-15 00:00:00-04:00,4.07114315032959,4.093950653656835,4.07114315032959,4.07114315032959,6000,0.0,0.0
2002-07-16 00:00:00-04:00,4.10250444361483,4.10250444361483,4.088249683380127,4.088249683380127,53700,0.0,0.0
2002-07-17 00:00:00-04:00,4.105355178152221,4.105355178152221,4.068293182183704,4.088249683380127,13600,0.0,0.0
2002-07-18 00:00:00-04:00,4.093947188293231,4.093947188293231,4.051183223724365,4.051183223724365,9200,0.0,0.0
2002-07-19 00:00:00-04:00,4.076846416224689,4.076846416224689,4.019827640366456,4.022678375244141,23200,0.0,0.0
2002-07-22 00:00:00-04:00,4.042634000067796,4.054037751993629,4.034080982208252,4.034080982208252,10100,0.0,0.0
2002-07-23 00:00:00-04:00,4.062590784723441,4.062590784723441,4.0340812669530735,4.045485019683838,11100,0.0,0.0
2002-07-24 00:00:00-04:00,4.0540380381470955,4.0540380381470955,4.008423027224036,4.045485019683838,15200,0.0,0.0
2002-07-25 00:00:00-04:00,4.051186650840164,4.054037656726349,4.011273384094238,4.011273384094238,10100,0.0,0.0
2002-07-26 00:00:00-04:00,4.042630485187924,4.051183223724365,4.01126999074321,4.051183223724365,13600,0.0,0.0
2002-07-29 00:00:00-04:00,4.054035473708082,4.062588214874268,4.045482460655157,4.062588214874268,8500,0.0,0.0
2002-07-30 00:00:00-04:00,4.065440466377586,4.0825459539573945,4.06258946115201,4.076844215393066,6800,0.0,0.0
2002-07-31 00:00:00-04:00,4.076845353934925,4.076845353934925,4.056888583669385,4.059739589691162,17600,0.0,0.0
2002-08-01 00:00:00-04:00,4.07399321016749,4.076844215393066,4.06258946115201,4.076844215393066,16300,0.0,0.0
2002-08-02 00:00:00-04:00,4.082544701557612,4.082544701557612,4.062588214874268,4.062588214874268,5100,0.0,0.0
2002-08-05 00:00:00-04:00,4.065440084018167,4.096800322889565,4.065440084018167,4.093949317932129,3000,0.0,0.0
2002-08-06 00:00:00-04:00,4.105355742146403,4.108206748962402,4.0796974964633295,4.108206748962402,15400,0.0,0.0
2002-08-07 00:00:00-04:00,4.111057755778402,4.113908762594402,4.096802993585379,4.108206748962402,6100,0.0,0.0
2002-08-08 00:00:00-04:00,4.12816277953456,4.156672300651494,4.1082062778848725,4.113908290863037,24300,0.0,0.0
2002-08-09 00:00:00-04:00,4.142417155846497,4.1481191682957474,4.122460656047954,4.139566421508789,9800,0.0,0.0
2002-08-12 00:00:00-04:00,4.1395645096991815,4.1395645096991815,4.125309757046364,4.13671350479126,36300,0.0,0.0
2002-08-13 00:00:00-04:00,4.1719839018150475,4.1719839018150475,4.131841003469037,4.157647132873535,12600,0.083,0.0
2002-08-14 00:00:00-04:00,4.157647132873535,4.157647132873535,4.1375758204260915,4.157647132873535,8700,0.0,0.0
2002-08-15 00:00:00-04:00,4.180585737388482,4.180585737388482,4.117504119873047,4.117504119873047,18800,0.0,0.0
2002-08-16 00:00:00-04:00,4.128972821093337,4.151911537719884,4.11463632829005,4.131840229034424,13500,0.0,0.0
2002-08-19 00:00:00-04:00,4.163382612806921,4.163382612806921,4.143311023712158,4.143311023712158,3600,0.0,0.0
2002-08-20 00:00:00-04:00,4.166249748290888,4.166249748290888,4.108902936844063,4.143311023712158,13100,0.0,0.0
2002-08-21 00:00:00-04:00,4.160515016121963,4.160515016121963,4.146178245544434,4.146178245544434,4900,0.0,0.0
2002-08-22 00:00:00-04:00,4.157646541003295,4.157646541003295,4.100299746852087,4.128973007202148,12300,0.0,0.0
2002-08-23 00:00:00-04:00,4.128973007202148,4.128973007202148,4.103167154922419,4.128973007202148,8500,0.0,0.0
2002-08-26 00:00:00-04:00,4.14044236603239,4.149044590243385,4.128973007202148,4.128973007202148,13200,0.0,0.0
2002-08-27 00:00:00-04:00,4.157644874171207,4.157644874171207,4.08596134185791,4.08596134185791,32400,0.0,0.0
2002-08-28 00:00:00-04:00,4.1117686374464135,4.14044189453125,4.1117686374464135,4.14044189453125,16500,0.0,0.0
2002-08-29 00:00:00-04:00,4.149041824022978,4.149041824022978,4.103164419289077,4.134705066680908,21800,0.0,0.0
2002-08-30 00:00:00-04:00,4.157647132873535,4.1719839018150475,4.131841003469037,4.157647132873535,9300,0.0,0.0
2002-09-03 00:00:00-04:00,4.171977996826172,4.18631474547555,4.157641248176795,4.171977996826172,21400,0.0,0.0
2002-09-04 00:00:00-04:00,4.1863179206848145,4.226460519209267,4.1662463479716445,4.1863179206848145,36900,0.0,0.0
2002-09-05 00:00:00-04:00,4.214992530718317,4.229329294882702,4.214992530718317,4.226461887359619,8700,0.0,0.0
2002-09-06 00:00:00-04:00,4.229330913279472,4.249402226719485,4.220728960869629,4.223596096038818,24700,0.0,0.0
2002-09-09 00:00:00-04:00,4.25800083780464,4.260867970539814,4.243664080325152,4.2465314865112305,10300,0.0,0.0
2002-09-10 00:00:00-04:00,4.280941551655699,4.286676093271144,4.246533481609933,4.249400615692139,31900,0.0,0.0
2002-09-11 00:00:00-04:00,4.282857408958548,4.2943937139134,4.254016509047816,4.2770891189575195,7500,0.086,0.0
2002-09-12 00:00:00-04:00,4.279972656272618,4.3059294074974055,4.279972656272618,4.297276973724365,14600,0.0,0.0
2002-09-13 00:00:00-04:00,4.3001597566874254,4.3001597566874254,4.268435001373291,4.268435001373291,11100,0.0,0.0
2002-09-16 00:00:00-04:00,4.297276973724365,4.297276973724365,4.297276973724365,4.297276973724365,3000,0.0,0.0
2002-09-17 00:00:00-04:00,4.297277043292927,4.300161187930632,4.254015973916039,4.262668132781982,16300,0.0,0.0
2002-09-18 00:00:00-04:00,4.277085420106339,4.285737572578238,4.25689697265625,4.25689697265625,9900,0.0,0.0
2002-09-19 00:00:00-04:00,4.28285551071167,4.294391810553404,4.268435067147732,4.28285551071167,3600,0.0,0.0
2002-09-20 00:00:00-04:00,4.308812213226955,4.311696357105895,4.279971599578857,4.279971599578857,11600,0.0,0.0
2002-09-23 00:00:00-04:00,4.282855444715017,4.282855444715017,4.262666714017769,4.268435001373291,13700,0.0,0.0
2002-09-24 00:00:00-04:00,4.27708501457619,4.27708501457619,4.259780711273091,4.271317005157471,10600,0.0,0.0
2002-09-25 00:00:00-04:00,4.254013799852317,4.305927276611328,4.254013799852317,4.305927276611328,27200,0.0,0.0
2002-09-26 00:00:00-04:00,4.352077089283372,4.352077089283372,4.288627247527863,4.311699867248535,19400,0.0,0.0
2002-09-27 00:00:00-04:00,4.317462778694912,4.317462778694912,4.28862190246582,4.28862190246582,22900,0.0,0.0
2002-09-30 00:00:00-04:00,4.314581566223279,4.314581566223279,4.2857406704074785,4.297276973724365,17000,0.0,0.0
2002-10-01 00:00:00-04:00,4.314581566223279,4.314581566223279,4.294393104180519,4.297276973724365,33200,0.0,0.0
2002-10-02 00:00:00-04:00,4.311697969088259,4.3174662590026855,4.311697969088259,4.3174662590026855,3100,0.0,0.0
2002-10-03 00:00:00-04:00,4.317465710814293,4.3203495803581395,4.297276973724365,4.297276973724365,12400,0.0,0.0
2002-10-04 00:00:00-04:00,4.320351026582942,4.320351026582942,4.303046703338623,4.303046703338623,1600,0.0,0.0
2002-10-07 00:00:00-04:00,4.3232285892544535,4.3232285892544535,4.305924292359007,4.3203444480896,5100,0.0,0.0
2002-10-08 00:00:00-04:00,4.32323427386991,4.337654723608774,4.311697969088259,4.3174662590026855,20500,0.0,0.0
2002-10-09 00:00:00-04:00,4.326117686860965,4.326117686860965,4.29727679226303,4.308813095092773,15800,0.0,0.0
2002-10-10 00:00:00-04:00,4.336659321193204,4.336659321193204,4.296048641204834,4.296048641204834,23000,0.086,0.0
2002-10-11 00:00:00-04:00,4.307655032706657,4.307655032706657,4.249639256889146,4.2583417892456055,16100,0.0,0.0
2002-10-14 00:00:00-04:00,4.278646920660414,4.290250019888142,4.24963903427124,4.24963903427124,13900,0.0,0.0
2002-10-15 00:00:00-04:00,4.206124731870036,4.2206286655837,4.124903090368854,4.182918548583984,51500,0.0,0.0
2002-10-16 00:00:00-04:00,4.177114963531494,4.1916188906447465,4.14810738594439,4.177114963531494,9100,0.0,0.0
2002-10-17 00:00:00-04:00,4.168415454380149,4.17131629703501,4.066888451216235,4.122003078460693,20800,0.0,0.0
2002-10-18 00:00:00-04:00,4.124903323793692,4.124903323793692,4.032078308757068,4.061086177825928,25700,0.0,0.0
2002-10-21 00:00:00-04:00,4.061087524975379,4.061087524975379,4.014675140380859,4.014675140380859,16400,0.0,0.0
2002-10-22 00:00:00-04:00,4.046581883810372,4.046581883810372,3.9972686767578125,3.9972686767578125,17000,0.0,0.0
2002-10-23 00:00:00-04:00,4.00016998898072,4.003070831298828,3.9972691466626116,4.003070831298828,3100,0.0,0.0
2002-10-24 00:00:00-04:00,3.9827670813652585,4.003072710484658,3.916049336566359,3.974064826965332,24900,0.0,0.0
2002-10-25 00:00:00-04:00,3.968261553400175,4.032078424561265,3.968261553400175,4.003070831298828,19600,0.0,0.0
2002-10-28 00:00:00-05:00,4.032078424561265,4.052384044148475,4.003070831298828,4.003070831298828,6600,0.0,0.0
2002-10-29 00:00:00-05:00,4.032078424561265,4.037880109197482,4.003070831298828,4.003070831298828,7400,0.0,0.0
2002-10-30 00:00:00-05:00,4.017578125,4.017578125,4.017578125,4.017578125,100,0.0,0.0
2002-10-31 00:00:00-05:00,4.0175756023711555,4.055285453796387,4.0175756023711555,4.055285453796387,9800,0.0,0.0
2002-11-01 00:00:00-05:00,4.055285481164823,4.090095043182373,4.055285481164823,4.090095043182373,9200,0.0,0.0
2002-11-04 00:00:00-05:00,4.092996305342539,4.092996305342539,4.078492641448975,4.078492641448975,14800,0.0,0.0
2002-11-05 00:00:00-05:00,4.092994213104248,4.092994213104248,4.066887465457167,4.092994213104248,5200,0.0,0.0
2002-11-06 00:00:00-05:00,4.069789238355395,4.104598522186279,4.069789238355395,4.104598522186279,7400,0.0,0.0
2002-11-07 00:00:00-05:00,4.116201178648656,4.13360595703125,4.116201178648656,4.13360595703125,1300,0.0,0.0
2002-11-08 00:00:00-05:00,4.142307539033514,4.177116813538389,4.133605289567176,4.159712314605713,10300,0.0,0.0
2002-11-11 00:00:00-05:00,4.191620556184183,4.191620556184183,4.148109034194532,4.185819149017334,3600,0.0,0.0
2002-11-12 00:00:00-05:00,4.14811213324703,4.191623687744141,4.14811213324703,4.191623687744141,4000,0.0,0.0
2002-11-13 00:00:00-05:00,4.1729470513614775,4.23130989074707,4.1729470513614775,4.23130989074707,15100,0.086,0.0
2002-11-14 00:00:00-05:00,4.202127826363846,4.231309381693902,4.193373471083203,4.228391170501709,21700,0.0,0.0
2002-11-15 00:00:00-05:00,4.210882966536105,4.23130989074707,4.210882966536105,4.23130989074707,9700,0.0,0.0
2002-11-18 00:00:00-05:00,4.219636815221067,4.228391170501709,4.202127826363846,4.228391170501709,29000,0.0,0.0
2002-11-19 00:00:00-05:00,4.228388947145485,4.228388947145485,4.184616915462389,4.2079620361328125,18500,0.0,0.0
2002-11-20 00:00:00-05:00,4.2167163868102735,4.2167163868102735,4.2079620361328125,4.2079620361328125,14800,0.0,0.0
2002-11-21 00:00:00-05:00,4.187537332684421,4.190455265584642,4.158355777314715,4.164192199707031,11600,0.0,0.0
2002-11-22 00:00:00-05:00,4.143763477929543,4.172945022583008,4.12917270560281,4.172945022583008,4300,0.0,0.0
2002-11-25 00:00:00-05:00,4.1787826667483685,4.1787826667483685,4.161273956298828,4.161273956298828,8800,0.0,0.0
2002-11-26 00:00:00-05:00,4.1729468979594335,4.1729468979594335,4.164192541947407,4.1700286865234375,2600,0.0,0.0
2002-11-27 00:00:00-05:00,4.172945600587402,4.172945600587402,4.129173277544197,4.146682262420654,27000,0.0,0.0
2002-11-29 00:00:00-05:00,4.146682262420654,4.146682262420654,4.146682262420654,4.146682262420654,1300,0.0,0.0
2002-12-02 00:00:00-05:00,4.146682329633212,4.146682329633212,4.132091555048978,4.135009765625,8700,0.0,0.0
2002-12-03 00:00:00-05:00,4.132090946623926,4.146681719059758,4.132090946623926,4.14084529876709,9000,0.0,0.0
2002-12-04 00:00:00-05:00,4.1466789470387155,4.1466789470387155,4.1320881843566895,4.1320881843566895,1600,0.0,0.0
2002-12-05 00:00:00-05:00,4.135009765625,4.143764119057189,4.132091555048978,4.135009765625,22100,0.0,0.0
2002-12-06 00:00:00-05:00,4.135009765625,4.137927976201023,4.135009765625,4.135009765625,9300,0.0,0.0
2002-12-09 00:00:00-05:00,4.135010617451152,4.143764972686768,4.135010617451152,4.143764972686768,2700,0.0,0.0
2002-12-10 00:00:00-05:00,4.137928828628335,4.143764972686768,4.135010617451152,4.143764972686768,12500,0.0,0.0
2002-12-11 00:00:00-05:00,4.171949742789201,4.171949742789201,4.1425903786349805,4.15433406829834,11300,0.086,0.0
2002-12-12 00:00:00-05:00,4.133782681385373,4.15433406829834,4.133782681385373,4.15433406829834,2700,0.0,0.0
2002-12-13 00:00:00-05:00,4.169011860302893,4.174883842468262,4.169011860302893,4.174883842468262,8200,0.0,0.0
2002-12-16 00:00:00-05:00,4.139652799612276,4.1660758794467325,4.127909115244233,4.145524501800537,15200,0.0,0.0
2002-12-17 00:00:00-05:00,4.139655113220215,4.151398804151678,4.127911422288751,4.139655113220215,16300,0.0,0.0
2002-12-18 00:00:00-05:00,4.163141855490404,4.163141855490404,4.1308465003967285,4.1308465003967285,3000,0.0,0.0
2002-12-19 00:00:00-05:00,4.154332973587477,4.16607666015625,4.1396535753701915,4.16607666015625,7900,0.0,0.0
2002-12-20 00:00:00-05:00,4.160205291252391,4.177820682525635,4.14258961998755,4.177820682525635,10200,0.0,0.0
2002-12-23 00:00:00-05:00,4.183693303026197,4.186629295349121,4.183693303026197,4.186629295349121,2900,0.0,0.0
2002-12-24 00:00:00-05:00,4.183692330005195,4.183692330005195,4.16607666015625,4.16607666015625,3400,0.0,0.0
2002-12-26 00:00:00-05:00,4.186628658153853,4.186628658153853,4.154333307500245,4.177820682525635,6300,0.0,0.0
2002-12-27 00:00:00-05:00,4.177820787110539,4.227731530286825,4.177820787110539,4.224795818328857,8700,0.0,0.0
2002-12-30 00:00:00-05:00,4.227731530286825,4.257090889799323,4.213052130522178,4.224795818328857,6700,0.0,0.0
2002-12-31 00:00:00-05:00,4.2394767976221095,4.257092475891113,4.2394767976221095,4.257092475891113,3900,0.0,0.0
2003-01-02 00:00:00-05:00,4.257089588096443,4.257089588096443,4.169011816482351,4.213050842285156,25700,0.0,0.0
2003-01-03 00:00:00-05:00,4.221860227846287,4.2424116134643555,4.213052531151633,4.2424116134643555,7200,0.0,0.0
2003-01-06 00:00:00-05:00,4.239473513615228,4.239473513615228,4.218922138214111,4.218922138214111,7300,0.0,0.0
2003-01-07 00:00:00-05:00,4.22773023756124,4.2336022196648875,4.213050842285156,4.213050842285156,2100,0.0,0.0
2003-01-08 00:00:00-05:00,4.183690547943115,4.218921592642609,4.174882856766105,4.183690547943115,21100,0.0,0.0
2003-01-09 00:00:00-05:00,4.169013865814892,4.169013865814892,4.124975098355781,4.12791109085083,26500,0.0,0.0
2003-01-10 00:00:00-05:00,4.124972820281982,4.145524196414229,4.122036829408375,4.124972820281982,21400,0.0,0.0
2003-01-13 00:00:00-05:00,4.135608221377071,4.162194319303333,4.135608221377071,4.159240245819092,11500,0.086,0.0
2003-01-14 00:00:00-05:00,4.162194807659969,4.171056747436523,4.150378794052568,4.171056747436523,19400,0.0,0.0
2003-01-15 00:00:00-05:00,4.179916660063702,4.191732667940651,4.171054724584952,4.188778877258301,9100,0.0,0.0
2003-01-16 00:00:00-05:00,4.191736629155885,4.194690704345703,4.17992061011273,4.194690704345703,13600,0.0,0.0
2003-01-17 00:00:00-05:00,4.194688684704687,4.224228858947754,4.194688684704687,4.224228858947754,17300,0.0,0.0
2003-01-21 00:00:00-05:00,4.247861307226268,4.253769173631607,4.230137144578232,4.238999366760254,17300,0.0,0.0
2003-01-22 00:00:00-05:00,4.238999366760254,4.238999366760254,4.224229278172893,4.238999366760254,5200,0.0,0.0
2003-01-23 00:00:00-05:00,4.2242259127453385,4.250811994678339,4.2153639793396,4.2153639793396,20000,0.0,0.0
2003-01-24 00:00:00-05:00,4.215365049280511,4.247859001159668,4.2094569043665615,4.247859001159668,10400,0.0,0.0
2003-01-27 00:00:00-05:00,4.256722475052977,4.2803544998168945,4.256722475052977,4.2803544998168945,12100,0.0,0.0
2003-01-28 00:00:00-05:00,4.295124860950828,4.312849021517493,4.289216995239258,4.289216995239258,10000,0.0,0.0
2003-01-29 00:00:00-05:00,4.312850066708727,4.315803859422357,4.2862639602737485,4.309895992279053,7100,0.0,0.0
2003-01-30 00:00:00-05:00,4.31285015214746,4.330574035644531,4.298080061422534,4.330574035644531,17900,0.0,0.0
2003-01-31 00:00:00-05:00,4.342390537261963,4.342390537261963,4.31285063422627,4.342390537261963,14900,0.0,0.0
2003-02-03 00:00:00-05:00,4.342390537261963,4.342390537261963,4.31285063422627,4.342390537261963,10700,0.0,0.0
2003-02-04 00:00:00-05:00,4.342390392595712,4.351252335039578,4.3158042835480455,4.336482524871826,8100,0.0,0.0
2003-02-05 00:00:00-05:00,4.33943646244357,4.342390537261963,4.33943646244357,4.342390537261963,1100,0.0,0.0
2003-02-06 00:00:00-05:00,4.32762336883093,4.32762336883093,4.303991317749023,4.303991317749023,10100,0.0,0.0
2003-02-07 00:00:00-05:00,4.303985477753536,4.336479715187552,4.303985477753536,4.321709632873535,7500,0.0,0.0
2003-02-10 00:00:00-05:00,4.357157661397643,4.357157661397643,4.31284769617148,4.321709632873535,21800,0.0,0.0
2003-02-11 00:00:00-05:00,4.354206554819457,4.35716062963785,4.298080541850383,4.342390537261963,16700,0.0,0.0
2003-02-12 00:00:00-05:00,4.31742906772701,4.356057167053223,4.3085149781513605,4.356057167053223,4400,0.086,0.0
2003-02-13 00:00:00-05:00,4.367942331358307,4.367942331358307,4.3441712389912945,4.347142696380615,16300,0.0,0.0
2003-02-14 00:00:00-05:00,4.329313101168467,4.367941186988016,4.329313101168467,4.364969730377197,4300,0.0,0.0
2003-02-18 00:00:00-05:00,4.36496875276098,4.36496875276098,4.32336950302124,4.32336950302124,13500,0.0,0.0
2003-02-19 00:00:00-05:00,4.335255043428828,4.335255043428828,4.32336950302124,4.32336950302124,2200,0.0,0.0
2003-02-20 00:00:00-05:00,4.347142313717519,4.350113770845272,4.338228225708008,4.338228225708008,7900,0.0,0.0
2003-02-21 00:00:00-05:00,4.3322844583209985,4.353084087371826,4.320398915524284,4.353084087371826,7500,0.0,0.0
2003-02-24 00:00:00-05:00,4.338228225708008,4.350113770845272,4.308514221177971,4.338228225708008,10000,0.0,0.0
2003-02-25 00:00:00-05:00,4.341198644238044,4.364969730377197,4.338227471000924,4.364969730377197,23100,0.0,0.0
2003-02-26 00:00:00-05:00,4.3679424283781705,4.379827974825677,4.353085424475344,4.359028339385986,26100,0.0,0.0
2003-02-27 00:00:00-05:00,4.3649712566288725,4.3649712566288725,4.329314614952476,4.356057167053223,7700,0.0,0.0
2003-02-28 00:00:00-05:00,4.362001140376351,4.3679437737435975,4.3263444900512695,4.3263444900512695,12100,0.0,0.0
2003-03-03 00:00:00-05:00,4.317428304075715,4.335256763447379,4.317428304075715,4.320399761199951,9400,0.0,0.0
2003-03-04 00:00:00-05:00,4.338230030217042,4.427371514138514,4.338230030217042,4.36794376373291,25000,0.0,0.0
2003-03-05 00:00:00-05:00,4.38279914855957,4.38279914855957,4.38279914855957,4.38279914855957,500,0.0,0.0
2003-03-06 00:00:00-05:00,4.3709144579073484,4.427370740078665,4.367943000063117,4.391714096069336,14400,0.0,0.0
2003-03-07 00:00:00-05:00,4.379827691296606,4.38279914855957,4.373885060144441,4.38279914855957,4100,0.0,0.0
2003-03-10 00:00:00-05:00,4.382797253224865,4.400625705718994,4.382797253224865,4.400625705718994,2700,0.0,0.0
2003-03-11 00:00:00-05:00,4.382799340336508,4.442227071327333,4.3709137941383425,4.385770797729492,15300,0.0,0.0
2003-03-12 00:00:00-05:00,4.423432847327635,4.423432847327635,4.366645374859465,4.393544673919678,12300,0.086,0.0
2003-03-13 00:00:00-05:00,4.378600070258713,4.3935441551983265,4.366644859313965,4.366644859313965,6200,0.0,0.0
2003-03-14 00:00:00-05:00,4.384577818248443,4.384577818248443,4.366644859313965,4.366644859313965,4300,0.0,0.0
2003-03-17 00:00:00-05:00,4.366644859313965,4.378600070258713,4.360667396358947,4.366644859313965,3800,0.0,0.0
2003-03-18 00:00:00-05:00,4.348708158208716,4.363652229309082,4.348708158208716,4.363652229309082,10000,0.0,0.0
2003-03-19 00:00:00-05:00,4.363652229309082,4.363652229309082,4.3516970294356785,4.363652229309082,5700,0.0,0.0
2003-03-20 00:00:00-05:00,4.348712235356674,4.384577868602815,4.348712235356674,4.378600120544434,9000,0.0,0.0
2003-03-21 00:00:00-05:00,4.363652207256108,4.363652207256108,4.303875923156738,4.303875923156738,27700,0.0,0.0
2003-03-24 00:00:00-05:00,4.321807514798101,4.345717906951904,4.291919382088668,4.345717906951904,11600,0.0,0.0
2003-03-25 00:00:00-05:00,4.3337650277129836,4.3397427714643255,4.282955345964623,4.318820953369141,15000,0.0,0.0
2003-03-26 00:00:00-05:00,4.33077627303837,4.342731475830078,4.327787401081813,4.342731475830078,3600,0.0,0.0
2003-03-27 00:00:00-05:00,4.306863866251135,4.34870719909668,4.306863866251135,4.34870719909668,7600,0.0,0.0
2003-03-28 00:00:00-05:00,4.348712235356674,4.378600120544434,4.333768150245436,4.378600120544434,6000,0.0,0.0
2003-03-31 00:00:00-05:00,4.381586665302796,4.390552997589111,4.381586665302796,4.390552997589111,7300,0.0,0.0
2003-04-01 00:00:00-05:00,4.390553248176689,4.390553248176689,4.372620582580566,4.372620582580566,12500,0.0,0.0
2003-04-02 00:00:00-05:00,4.357678522364082,4.366644859313965,4.357678522364082,4.366644859313965,2400,0.0,0.0
2003-04-03 00:00:00-05:00,4.333763131292243,4.375606464137789,4.333763131292243,4.34870719909668,5000,0.0,0.0
2003-04-04 00:00:00-05:00,4.336754493280537,4.357676029205322,4.333765620995696,4.357676029205322,7400,0.0,0.0
2003-04-07 00:00:00-04:00,4.34572040610507,4.354686737060547,4.324798872197447,4.354686737060547,17300,0.0,0.0
2003-04-08 00:00:00-04:00,4.354686738644387,4.369630813598633,4.354686738644387,4.369630813598633,5000,0.0,0.0
2003-04-09 00:00:00-04:00,4.36963424920721,4.393544673919678,4.363656785546467,4.393544673919678,8000,0.0,0.0
2003-04-10 00:00:00-04:00,4.378596254386647,4.4084843982188655,4.378596254386647,4.396529197692871,5800,0.0,0.0
2003-04-11 00:00:00-04:00,4.419381618499756,4.425394520305825,4.3802986168931195,4.419381618499756,11500,0.086,0.0
2003-04-14 00:00:00-04:00,4.40434584274919,4.40434584274919,4.386307726348405,4.3893141746521,8300,0.0,0.0
2003-04-15 00:00:00-04:00,4.386311671300676,4.422388223259394,4.386311671300676,4.4043498039245605,14800,0.0,0.0
2003-04-16 00:00:00-04:00,4.3953285305130345,4.425392452070943,4.3953285305130345,4.398334980010986,6600,0.0,0.0
2003-04-17 00:00:00-04:00,4.4043475922960855,4.4043475922960855,4.3953285305130345,4.398334980010986,4800,0.0,0.0
2003-04-21 00:00:00-04:00,4.398334340711954,4.419378910717173,4.398334340711954,4.407353401184082,6900,0.0,0.0
2003-04-22 00:00:00-04:00,4.404347105677929,4.413366453175274,4.395328044891357,4.395328044891357,36500,0.0,0.0
2003-04-23 00:00:00-04:00,4.392320662201568,4.401340007781982,4.380295154805062,4.401340007781982,18500,0.0,0.0
2003-04-24 00:00:00-04:00,4.389314976670023,4.431404113769531,4.383302078963955,4.431404113769531,9900,0.0,0.0
2003-04-25 00:00:00-04:00,4.43441118497056,4.43441118497056,4.395328204528237,4.416372776031494,12800,0.0,0.0
2003-04-28 00:00:00-04:00,4.413366453175274,4.419379064796064,4.395328044891357,4.395328044891357,7000,0.0,0.0
2003-04-29 00:00:00-04:00,4.404346169598075,4.404346169598075,4.398333559255177,4.401340007781982,4900,0.0,0.0
2003-04-30 00:00:00-04:00,4.401342868879152,4.464476895428823,4.401342868879152,4.437419414520264,21900,0.0,0.0
2003-05-01 00:00:00-04:00,4.449443331420228,4.4554559435118,4.425392309632345,4.446436882019043,12200,0.0,0.0
2003-05-02 00:00:00-04:00,4.4554541621840125,4.4554541621840125,4.425390540324244,4.428396701812744,3800,0.0,0.0
2003-05-05 00:00:00-04:00,4.428396701812744,4.431403150011925,4.425390540324244,4.428396701812744,12100,0.0,0.0
2003-05-06 00:00:00-04:00,4.434410562622565,4.434410562622565,4.428397664916497,4.431404113769531,8700,0.0,0.0
2003-05-07 00:00:00-04:00,4.4253924639191204,4.449443486545517,4.4253924639191204,4.434411525726318,9400,0.0,0.0
2003-05-08 00:00:00-04:00,4.434413425711441,4.509572975299771,4.434413425711441,4.506566524505615,22800,0.0,0.0
2003-05-09 00:00:00-04:00,4.494540374420394,4.518591403961182,4.48552131002032,4.518591403961182,2300,0.0,0.0
2003-05-12 00:00:00-04:00,4.509568214416504,4.527606613426846,4.503555319176182,4.509568214416504,6300,0.0,0.0
2003-05-13 00:00:00-04:00,4.520456425636103,4.550693708094175,4.520456425636103,4.541622638702393,9800,0.086,0.0
2003-05-14 00:00:00-04:00,4.520455393664893,4.535574031442507,4.490218406473694,4.514408111572266,23000,0.0,0.0
2003-05-15 00:00:00-04:00,4.523480695080483,4.535575551683741,4.520456908838637,4.5325517654418945,11000,0.0,0.0
2003-05-16 00:00:00-04:00,4.523480695080483,4.5446466220451525,4.523480695080483,4.5325517654418945,7800,0.0,0.0
2003-05-19 00:00:00-04:00,4.5325517654418945,4.535575551683741,4.529527979200048,4.5325517654418945,4200,0.0,0.0
2003-05-20 00:00:00-04:00,4.529525525220005,4.565810363735718,4.529525525220005,4.56278657913208,7700,0.0,0.0
2003-05-21 00:00:00-04:00,4.562791766528608,4.577910418371085,4.53557825088501,4.53557825088501,7800,0.0,0.0
2003-05-22 00:00:00-04:00,4.52952666499379,4.568835009640407,4.52952666499379,4.553716659545898,9600,0.0,0.0
2003-05-23 00:00:00-04:00,4.550695011595691,4.577908515930176,4.550695011595691,4.577908515930176,3300,0.0,0.0
2003-05-27 00:00:00-04:00,4.577908075052529,4.61116886138916,4.577908075052529,4.61116886138916,7800,0.0,0.0
2003-05-28 00:00:00-04:00,4.5839553596754845,4.614192647882713,4.5839553596754845,4.61116886138916,5500,0.0,0.0
2003-05-29 00:00:00-04:00,4.59907444669514,4.614193092254763,4.577908515930176,4.577908515930176,17300,0.0,0.0
2003-05-30 00:00:00-04:00,4.5960495052275,4.5960495052275,4.586978435516357,4.586978435516357,8900,0.0,0.0
2003-06-02 00:00:00-04:00,4.586978994080186,4.608144922104965,4.586978994080186,4.60512113571167,9800,0.0,0.0
2003-06-03 00:00:00-04:00,4.586978994080186,4.614192494891554,4.586978994080186,4.60512113571167,22000,0.0,0.0
2003-06-04 00:00:00-04:00,4.626287505492774,4.647453434219344,4.580931573181931,4.61116886138916,21200,0.0,0.0
2003-06-05 00:00:00-04:00,4.599075966097897,4.6383843421936035,4.599075966097897,4.6383843421936035,3100,0.0,0.0
2003-06-06 00:00:00-04:00,4.608142287744327,4.64745062329313,4.580928802490234,4.580928802490234,10900,0.0,0.0
2003-06-09 00:00:00-04:00,4.58093117807543,4.590002536773682,4.58093117807543,4.590002536773682,2200,0.0,0.0
2003-06-10 00:00:00-04:00,4.580928716246076,4.67466402053833,4.580928716246076,4.67466402053833,11800,0.0,0.0
2003-06-11 00:00:00-04:00,4.662506733607269,4.662506733607269,4.656427707005524,4.6594672203063965,3600,0.08,0.0
2003-06-12 00:00:00-04:00,4.653390568559218,4.65946930802065,4.635153770446777,4.635153770446777,12600,0.0,0.0
2003-06-13 00:00:00-04:00,4.635153770446777,4.635153770446777,4.619956486997088,4.635153770446777,14300,0.0,0.0
2003-06-16 00:00:00-04:00,4.635153770446777,4.656429793357899,4.635153770446777,4.635153770446777,13900,0.0,0.0
2003-06-17 00:00:00-04:00,4.6351540924564105,4.638193607330322,4.6351540924564105,4.638193607330322,20900,0.0,0.0
2003-06-18 00:00:00-04:00,4.638193607330322,4.674666916224976,4.6351540924564105,4.638193607330322,19600,0.0,0.0
2003-06-19 00:00:00-04:00,4.635152695093839,4.650349975017767,4.528772025490345,4.556127071380615,13100,0.0,0.0
2003-06-20 00:00:00-04:00,4.559167876254289,4.559167876254289,4.528773307800293,4.528773307800293,2400,0.0,0.0
2003-06-23 00:00:00-04:00,4.525738874115169,4.543975402602783,4.522699356079102,4.522699356079102,5200,0.0,0.0
2003-06-24 00:00:00-04:00,4.525735424923637,4.525735424923637,4.40719692063813,4.464946269989014,29700,0.0,0.0
2003-06-25 00:00:00-04:00,4.452788496974924,4.46798578570858,4.452788496974924,4.464946269989014,14800,0.0,0.0
2003-06-26 00:00:00-04:00,4.458866887732981,4.483182430267334,4.458866887732981,4.483182430267334,6000,0.0,0.0
2003-06-27 00:00:00-04:00,4.467981177946086,4.471020690531048,4.437586921688092,4.44062614440918,9500,0.0,0.0
2003-06-30 00:00:00-04:00,4.440628220675502,4.464943752996452,4.440628220675502,4.446707248687744,13300,0.0,0.0
2003-07-01 00:00:00-04:00,4.483179090567077,4.49837636579602,4.467981815338135,4.467981815338135,16000,0.0,0.0
2003-07-02 00:00:00-04:00,4.49533606627347,4.49533606627347,4.471020546106971,4.47406005859375,5800,0.0,0.0
2003-07-03 00:00:00-04:00,4.492300347066089,4.510537147521973,4.471024321420983,4.510537147521973,9100,0.0,0.0
2003-07-07 00:00:00-04:00,4.510537000452072,4.52877351044923,4.492300200590815,4.498379230499268,14300,0.0,0.0
2003-07-08 00:00:00-04:00,4.513575718575276,4.5226939719641095,4.477102125291845,4.480141639709473,10500,0.0,0.0
2003-07-09 00:00:00-04:00,4.498378122665665,4.501417636871338,4.480141327295656,4.501417636871338,10600,0.0,0.0
2003-07-10 00:00:00-04:00,4.480141639709473,4.498378436351188,4.480141639709473,4.480141639709473,5800,0.0,0.0
2003-07-11 00:00:00-04:00,4.50459104072038,4.507647142628506,4.477086706439097,4.501534938812256,8600,0.08,0.0
2003-07-14 00:00:00-04:00,4.4801411628723145,4.498477476140547,4.4770850620866405,4.4801411628723145,11300,0.0,0.0
2003-07-15 00:00:00-04:00,4.477085961389206,4.483198164188299,4.391517162322998,4.391517162322998,27000,0.0,0.0
2003-07-16 00:00:00-04:00,4.391513163061864,4.391513163061864,4.287608141668423,4.348728656768799,17100,0.0,0.0
2003-07-17 00:00:00-04:00,4.364010092934079,4.364010092934079,4.21732081519645,4.247880935668945,26500,0.0,0.0
2003-07-18 00:00:00-04:00,4.214266641495599,4.302891526822139,4.214266641495599,4.263163089752197,34900,0.0,0.0
2003-07-21 00:00:00-04:00,4.23871377901261,4.30289042375891,4.232601870270258,4.253993988037109,24400,0.0,0.0
2003-07-22 00:00:00-04:00,4.232601034170974,4.257049247202425,4.20509672164917,4.20509672164917,17200,0.0,0.0
2003-07-23 00:00:00-04:00,4.217322742373091,4.272331100938854,4.214266641495599,4.263163089752197,16800,0.0,0.0
2003-07-24 00:00:00-04:00,4.263160807008126,4.263160807008126,4.202040279414861,4.232600688934326,27400,0.0,0.0
2003-07-25 00:00:00-04:00,4.235656546695997,4.235656546695997,4.217320533924547,4.229544639587402,10300,0.0,0.0
2003-07-28 00:00:00-04:00,4.162315286836798,4.195931531798735,4.143979259201526,4.150091171264648,44800,0.0,0.0
2003-07-29 00:00:00-04:00,4.1042497324676175,4.180650507583123,4.1042497324676175,4.1409220695495605,19500,0.0,0.0
2003-07-30 00:00:00-04:00,4.125642641602756,4.162314985665719,4.113418526915102,4.116474628448486,16400,0.0,0.0
2003-07-31 00:00:00-04:00,4.119528770446777,4.150089190514258,4.119528770446777,4.119528770446777,31600,0.0,0.0
2003-08-01 00:00:00-04:00,4.122585755285675,4.1409220695495605,4.116473844828265,4.1409220695495605,7600,0.0,0.0
2003-08-04 00:00:00-04:00,4.140921203459014,4.1531453132629395,4.110360783226317,4.1531453132629395,12400,0.0,0.0
2003-08-05 00:00:00-04:00,4.125642798861069,4.140923015664548,4.09508236525411,4.107306480407715,10600,0.0,0.0
2003-08-06 00:00:00-04:00,4.107306621039171,4.156203374773676,4.107306621039171,4.150091171264648,11300,0.0,0.0
2003-08-07 00:00:00-04:00,4.131753974134676,4.18676233291626,4.128697873245193,4.18676233291626,10300,0.0,0.0
2003-08-08 00:00:00-04:00,4.1837039754140495,4.2356564967297405,4.168424062099982,4.232600688934326,8000,0.0,0.0
2003-08-11 00:00:00-04:00,4.202043202544011,4.244827747344971,4.186762987154677,4.244827747344971,27300,0.0,0.0
2003-08-12 00:00:00-04:00,4.2478849894715145,4.2478849894715145,4.211212635040283,4.211212635040283,4700,0.0,0.0
2003-08-13 00:00:00-04:00,4.195840828138874,4.223505760396774,4.186619281768799,4.186619281768799,6900,0.08,0.0
2003-08-14 00:00:00-04:00,4.186618818879051,4.1958403642295545,4.162027835845947,4.162027835845947,5500,0.0,0.0
2003-08-15 00:00:00-04:00,4.162027835845947,4.162027835845947,4.162027835845947,4.162027835845947,900,0.0,0.0
2003-08-18 00:00:00-04:00,4.257319308370482,4.257319308370482,4.165102949572459,4.208137035369873,30700,0.0,0.0
2003-08-19 00:00:00-04:00,4.211211672654954,4.211211672654954,4.192768573760986,4.192768573760986,5800,0.0,0.0
2003-08-20 00:00:00-04:00,4.189694155130283,4.2235066947324444,4.180472606720191,4.201989650726318,16400,0.0,0.0
2003-08-21 00:00:00-04:00,4.1958417892456055,4.1958417892456055,4.1958417892456055,4.1958417892456055,3400,0.0,0.0
2003-08-22 00:00:00-04:00,4.192769818966353,4.192769818966353,4.1835479736328125,4.1835479736328125,5500,0.0,0.0
2003-08-25 00:00:00-04:00,4.211211232148065,4.214285179358105,4.1896941879732665,4.1958417892456055,5500,0.0,0.0
2003-08-26 00:00:00-04:00,4.2235084239679095,4.2235084239679095,4.1835479736328125,4.1835479736328125,24000,0.0,0.0
2003-08-27 00:00:00-04:00,4.180470255791168,4.220430374145508,4.180470255791168,4.220430374145508,17800,0.0,0.0
2003-08-28 00:00:00-04:00,4.211211449889391,4.211211449889391,4.189694404602051,4.189694404602051,12000,0.0,0.0
2003-08-29 00:00:00-04:00,4.192768135183306,4.1958417892456055,4.192768135183306,4.1958417892456055,2200,0.0,0.0
2003-09-02 00:00:00-04:00,4.1958422281448,4.226581117165109,4.192768573760986,4.192768573760986,18000,0.0,0.0
2003-09-03 00:00:00-04:00,4.189696789193035,4.214287795845473,4.180475234985352,4.180475234985352,14900,0.0,0.0
2003-09-04 00:00:00-04:00,4.195839127552634,4.248095024383044,4.180469987547558,4.238873481750488,10400,0.0,0.0
2003-09-05 00:00:00-04:00,4.229651471508844,4.272685527801514,4.229651471508844,4.272685527801514,7900,0.0,0.0
2003-09-08 00:00:00-04:00,4.263465140441481,4.291130065917969,4.263465140441481,4.291130065917969,8500,0.0,0.0
2003-09-09 00:00:00-04:00,4.291132445524621,4.312649491428361,4.278836948844231,4.2819108963012695,15800,0.0,0.0
2003-09-10 00:00:00-04:00,4.278838891414387,4.318799347054429,4.275764942561793,4.28498649597168,16500,0.0,0.0
2003-09-11 00:00:00-04:00,4.297349055394049,4.328265354433014,4.257158279418945,4.257158279418945,15000,0.08,0.0
2003-09-12 00:00:00-04:00,4.284985065460205,4.2880767561147,4.254069043434804,4.284985065460205,10100,0.0,0.0
2003-09-15 00:00:00-04:00,4.2973480224609375,4.300439710589635,4.278798483367966,4.2973480224609375,13900,0.0,0.0
2003-09-16 00:00:00-04:00,4.2973521393339125,4.309718608856201,4.2973521393339125,4.309718608856201,13800,0.0,0.0
2003-09-17 00:00:00-04:00,4.303535521515002,4.318993682127836,4.303535521515002,4.309718608856201,13800,0.0,0.0
2003-09-18 00:00:00-04:00,4.322082144675432,4.322082144675432,4.303532600402832,4.303532600402832,12000,0.0,0.0
2003-09-19 00:00:00-04:00,4.322082411546771,4.331357479095459,4.322082411546771,4.331357479095459,5300,0.0,0.0
2003-09-22 00:00:00-04:00,4.331360199445504,4.331360199445504,4.272619247436523,4.272619247436523,31800,0.0,0.0
2003-09-23 00:00:00-04:00,4.269525527954102,4.269525527954102,4.260250459627007,4.269525527954102,13300,0.0,0.0
2003-09-24 00:00:00-04:00,4.275710409465527,4.288076877593994,4.275710409465527,4.288076877593994,2500,0.0,0.0
2003-09-25 00:00:00-04:00,4.294257828266532,4.303532600402832,4.269524906009939,4.303532600402832,6400,0.0,0.0
2003-09-26 00:00:00-04:00,4.306626727206623,4.306626727206623,4.269527322821222,4.288076877593994,7900,0.0,0.0
2003-09-29 00:00:00-04:00,4.303533058382587,4.303533058382587,4.281891822814941,4.281891822814941,5400,0.0,0.0
2003-09-30 00:00:00-04:00,4.30662680524048,4.356092678650644,4.303535114442379,4.328268051147461,5600,0.0,0.0
2003-10-01 00:00:00-04:00,4.312807746590545,4.356090511713359,4.288074822188857,4.32208251953125,20900,0.0,0.0
2003-10-02 00:00:00-04:00,4.300440147361549,4.322081376781197,4.297348458918845,4.312806606292725,7200,0.0,0.0
2003-10-03 00:00:00-04:00,4.303532600402832,4.318990750523125,4.2911661392745355,4.303532600402832,7900,0.0,0.0
2003-10-06 00:00:00-04:00,4.303532973649841,4.32208251953125,4.297349595129561,4.32208251953125,8100,0.0,0.0
2003-10-07 00:00:00-04:00,4.33444927657181,4.349907133193079,4.32208251953125,4.32208251953125,8600,0.0,0.0
2003-10-08 00:00:00-04:00,4.3158992257002335,4.387006306182802,4.3158992257002335,4.349906921386719,9800,0.0,0.0
2003-10-09 00:00:00-04:00,4.374641528283259,4.3777332185827795,4.343725509807507,4.3560919761657715,4500,0.0,0.0
2003-10-10 00:00:00-04:00,4.384072461791108,4.393400192260742,4.368526046659581,4.393400192260742,11600,0.08,0.0
2003-10-13 00:00:00-04:00,4.3996234286721245,4.3996234286721245,4.352984428405762,4.352984428405762,7500,0.0,0.0
2003-10-14 00:00:00-04:00,4.356089417294405,4.384072908075139,4.328105926513672,4.328105926513672,10700,0.0,0.0
2003-10-15 00:00:00-04:00,4.3467654403324545,4.3467654403324545,4.315672874450684,4.315672874450684,3200,0.0,0.0
2003-10-16 00:00:00-04:00,4.297015841592251,4.306343875501157,4.272141677548685,4.278360366821289,13500,0.0,0.0
2003-10-17 00:00:00-04:00,4.272141573290656,4.2939066886901855,4.265923180693232,4.2939066886901855,7100,0.0,0.0
2003-10-20 00:00:00-04:00,4.306340674878729,4.306340674878729,4.265920114219047,4.287684917449951,15000,0.0,0.0
2003-10-21 00:00:00-04:00,4.272138409785615,4.303231239318848,4.272138409785615,4.303231239318848,13900,0.0,0.0
2003-10-22 00:00:00-04:00,4.303232305073772,4.306341648101807,4.28768588645687,4.306341648101807,4600,0.0,0.0
2003-10-23 00:00:00-04:00,4.306342702330021,4.312561093385131,4.269031169905977,4.290796279907227,11300,0.0,0.0
2003-10-24 00:00:00-04:00,4.300121897060884,4.30634058157681,4.300121897060884,4.303231239318848,4200,0.0,0.0
2003-10-27 00:00:00-05:00,4.31566862784831,4.321887016296387,4.309449942877012,4.321887016296387,4100,0.0,0.0
2003-10-28 00:00:00-05:00,4.3374336078396984,4.349870681762695,4.328105876528258,4.349870681762695,8700,0.0,0.0
2003-10-29 00:00:00-05:00,4.356089190592084,4.365416921525811,4.321887016296387,4.321887016296387,11200,0.0,0.0
2003-10-30 00:00:00-05:00,4.3529793885431065,4.35919807285787,4.321886560015666,4.340542316436768,7300,0.0,0.0
2003-10-31 00:00:00-05:00,4.328105701267685,4.374744652459537,4.321887016296387,4.321887016296387,16600,0.0,0.0
2003-11-03 00:00:00-05:00,4.3436512276539965,4.368525369398872,4.32188613123486,4.346760272979736,9000,0.0,0.0
2003-11-04 00:00:00-05:00,4.374745592866722,4.380964279174805,4.368527203081922,4.380964279174805,1600,0.0,0.0
2003-11-05 00:00:00-05:00,4.384072717302334,4.415165252854308,4.359198570251465,4.359198570251465,10700,0.0,0.0
2003-11-06 00:00:00-05:00,4.384073257446289,4.387182303818284,4.3778545716557815,4.384073257446289,5900,0.0,0.0
2003-11-07 00:00:00-05:00,4.377855104947496,4.408947944641113,4.377855104947496,4.408947944641113,11300,0.0,0.0
2003-11-10 00:00:00-05:00,4.390294533318459,4.477354115964155,4.390294533318459,4.455589294433594,11300,0.0,0.0
2003-11-11 00:00:00-05:00,4.474241941335922,4.474241941335922,4.4618048667907715,4.4618048667907715,500,0.0,0.0
2003-11-12 00:00:00-05:00,4.471184241385887,4.471184241385887,4.455550670623779,4.455550670623779,2100,0.08,0.0
2003-11-13 00:00:00-05:00,4.455549913847888,4.499323844909668,4.4492963673309855,4.499323844909668,9000,0.0,0.0
2003-11-14 00:00:00-05:00,4.496201501871376,4.549355506896973,4.496201501871376,4.549355506896973,8700,0.0,0.0
2003-11-17 00:00:00-05:00,4.5430981070393734,4.5430981070393734,4.474310874938965,4.474310874938965,3700,0.0,0.0
2003-11-18 00:00:00-05:00,4.505577063065564,4.508703836303074,4.468056678771973,4.468056678771973,11700,0.0,0.0
2003-11-19 00:00:00-05:00,4.452425484224691,4.493072663423586,4.4492987093203915,4.489945888519287,5300,0.0,0.0
2003-11-20 00:00:00-05:00,4.4899441470255255,4.493070920717058,4.443043734394743,4.474310874938965,5800,0.0,0.0
2003-11-21 00:00:00-05:00,4.474312776133775,4.4961996049034045,4.45867919921875,4.45867919921875,8200,0.0,0.0
2003-11-24 00:00:00-05:00,4.502450319982609,4.511830639757961,4.483690276802924,4.499323844909668,4100,0.0,0.0
2003-11-25 00:00:00-05:00,4.611886503294488,4.665040473289002,4.596252930086877,4.633773326873779,138800,0.0,0.0
2003-11-26 00:00:00-05:00,4.683801354189644,4.846390067319145,4.680674877541508,4.7650957107543945,95300,0.0,0.0
2003-11-28 00:00:00-05:00,4.768225193023682,4.830759234278629,4.758845161381896,4.768225193023682,13600,0.0,0.0
2003-12-01 00:00:00-05:00,4.749464831554282,4.768225193023682,4.705691151768733,4.768225193023682,42800,0.0,0.0
2003-12-02 00:00:00-05:00,4.7650923775093155,4.811993072651628,4.721318753199032,4.758839130401611,34400,0.0,0.0
2003-12-03 00:00:00-05:00,4.768222007859539,4.774475556900589,4.718194808273664,4.7213215827941895,50400,0.0,0.0
2003-12-04 00:00:00-05:00,4.749461333214842,4.76509490655972,4.693180886633131,4.718194484710693,22500,0.0,0.0
2003-12-05 00:00:00-05:00,4.7025604248046875,4.721320770514582,4.627519638336267,4.7025604248046875,37200,0.0,0.0
2003-12-08 00:00:00-05:00,4.727573899706061,4.811995005968855,4.727573899706061,4.780727863311768,24100,0.0,0.0
2003-12-09 00:00:00-05:00,4.780729147866262,4.818249550224942,4.780729147866262,4.799489498138428,43600,0.0,0.0
2003-12-10 00:00:00-05:00,4.80574561777665,4.80574561777665,4.711944406801313,4.768225193023682,24300,0.0,0.0
2003-12-11 00:00:00-05:00,4.796513944837235,4.846804999081882,4.75879565415375,4.79022741317749,21800,0.08,0.0
2003-12-12 00:00:00-05:00,4.7807955755887015,4.853088855743408,4.7807955755887015,4.853088855743408,3300,0.0,0.0
2003-12-15 00:00:00-05:00,4.840512833752422,4.868801593780518,4.765076340182821,4.868801593780518,15700,0.0,0.0
2003-12-16 00:00:00-05:00,4.827941965785166,4.8593740002307095,4.7933669677015445,4.809082984924316,20200,0.0,0.0
2003-12-17 00:00:00-05:00,4.840517545298821,4.840517545298821,4.777653739468629,4.780797004699707,7800,0.0,0.0
2003-12-18 00:00:00-05:00,4.812230408618286,4.827946139669619,4.787084579467773,4.787084579467773,7400,0.0,0.0
2003-12-19 00:00:00-05:00,4.777651805352356,4.80908384542209,4.768222313234696,4.802797317504883,11400,0.0,0.0
2003-12-22 00:00:00-05:00,4.831084702451885,4.831084702451885,4.777650429575216,4.805939197540283,16300,0.0,0.0
2003-12-23 00:00:00-05:00,4.79651254722157,4.79651254722157,4.761937232684241,4.768223762512207,7800,0.0,0.0
2003-12-24 00:00:00-05:00,4.799655914306641,4.799655914306641,4.799655914306641,4.799655914306641,1200,0.0,0.0
2003-12-26 00:00:00-05:00,4.768225715718532,4.834232807159424,4.768225715718532,4.834232807159424,4500,0.0,0.0
2003-12-29 00:00:00-05:00,4.834229922723721,4.862518702141972,4.777652363887221,4.796511650085449,20500,0.0,0.0
2003-12-30 00:00:00-05:00,4.802796423332998,4.802796423332998,4.771364688873291,4.771364688873291,11100,0.0,0.0
2003-12-31 00:00:00-05:00,4.7776537225646,4.79336974890611,4.711646651736873,4.73050594329834,28800,0.0,0.0
2004-01-02 00:00:00-05:00,4.761932655354083,4.85622841382562,4.746216945407121,4.837369441986084,18900,0.0,0.0
2004-01-05 00:00:00-05:00,4.837375116274736,4.840518082096087,4.80908632557445,4.821659088134766,10100,0.0,0.0
2004-01-06 00:00:00-05:00,4.853085151933046,4.853085151933046,4.805937422576254,4.837369441986084,13100,0.0,0.0
2004-01-07 00:00:00-05:00,4.812228559191748,4.840517044067383,4.809085294286153,4.840517044067383,6700,0.0,0.0
2004-01-08 00:00:00-05:00,4.840516098335712,4.887664163433209,4.8248003763947285,4.853088855743408,14400,0.0,0.0
2004-01-09 00:00:00-05:00,4.8530880623728825,4.8876633644104,4.8530880623728825,4.8876633644104,8100,0.0,0.0
2004-01-12 00:00:00-05:00,4.887664768216212,4.950528563033244,4.887664768216212,4.922239780426025,19400,0.0,0.0
2004-01-13 00:00:00-05:00,4.960149819565387,4.991743251420769,4.944353103637695,4.944353103637695,11200,0.08,0.0
2004-01-14 00:00:00-05:00,4.9601518516565735,4.975948574055917,4.909602581016608,4.947514533996582,13000,0.0,0.0
2004-01-15 00:00:00-05:00,4.982266418869856,4.982266418869856,4.925398349761963,4.925398349761963,23600,0.0,0.0
2004-01-16 00:00:00-05:00,4.9096001937991955,4.969627348172521,4.9032816886901855,4.9032816886901855,13600,0.0,0.0
2004-01-20 00:00:00-05:00,4.90012401324677,4.90012401324677,4.878008484324225,4.881167888641357,13900,0.0,0.0
2004-01-21 00:00:00-05:00,4.87168997698734,4.890645800295374,4.868530572670208,4.881167888641357,4200,0.0,0.0
2004-01-22 00:00:00-05:00,4.89696741104126,4.89696741104126,4.86537395238649,4.89696741104126,10900,0.0,0.0
2004-01-23 00:00:00-05:00,4.912762405905333,4.912762405905333,4.903284492174124,4.9064435958862305,13300,0.0,0.0
2004-01-26 00:00:00-05:00,4.89696741104126,4.89696741104126,4.852736629184092,4.89696741104126,26900,0.0,0.0
2004-01-27 00:00:00-05:00,4.896966108024055,4.896966108024055,4.855894743220415,4.865372657775879,22400,0.0,0.0
2004-01-28 00:00:00-05:00,4.855889562566827,4.8653674670105005,4.8337743517658724,4.862208366394043,9200,0.0,0.0
2004-01-29 00:00:00-05:00,4.865368708672807,4.865368708672807,4.824297678503008,4.840094089508057,13500,0.0,0.0
2004-01-30 00:00:00-05:00,4.8369360514072515,4.859051272713773,4.821139335632324,4.821139335632324,9100,0.0,0.0
2004-02-02 00:00:00-05:00,4.849577563063427,4.8653739912193394,4.817984104156494,4.817984104156494,18100,0.0,0.0
2004-02-03 00:00:00-05:00,4.817979639396342,4.8306169509887695,4.811660832951492,4.8306169509887695,24000,0.0,0.0
2004-02-04 00:00:00-05:00,4.805341364165296,4.843253291339914,4.7863852499293795,4.80850076675415,12300,0.0,0.0
2004-02-05 00:00:00-05:00,4.792708264235259,4.84641695022583,4.783230349442063,4.84641695022583,14700,0.0,0.0
2004-02-06 00:00:00-05:00,4.849576585295967,4.928559915341195,4.827461048001008,4.874851226806641,13900,0.0,0.0
2004-02-09 00:00:00-05:00,4.896966984788957,4.919082223143763,4.896966984788957,4.915923118591309,2900,0.0,0.0
2004-02-10 00:00:00-05:00,4.887484973971751,4.915919000205479,4.887484973971751,4.9032816886901855,7200,0.0,0.0
2004-02-11 00:00:00-05:00,4.855646798517314,4.890579400356126,4.763551481980038,4.865173816680908,24000,0.08,0.0
2004-02-12 00:00:00-05:00,4.890579400356126,4.890579400356126,4.842944006679705,4.865173816680908,11000,0.0,0.0
2004-02-13 00:00:00-05:00,4.865170601171863,4.881049156188965,4.8461165774379396,4.881049156188965,4800,0.0,0.0
2004-02-17 00:00:00-05:00,4.890576168055928,4.9318602899570925,4.881049156188965,4.881049156188965,13700,0.0,0.0
2004-02-18 00:00:00-05:00,4.868347725759947,4.887402057647705,4.846117924272838,4.887402057647705,21500,0.0,0.0
2004-02-19 00:00:00-05:00,4.890577471351499,4.903280258178711,4.890577471351499,4.903280258178711,6500,0.0,0.0
2004-02-20 00:00:00-05:00,4.909631444998625,4.919158458709717,4.893752886907932,4.919158458709717,7700,0.0,0.0
2004-02-23 00:00:00-05:00,4.915987947376711,4.922339498553438,4.839771150407761,4.849298477172852,31800,0.0,0.0
2004-02-24 00:00:00-05:00,4.8715277115447035,4.877878959094855,4.852473363177064,4.868351936340332,5200,0.0,0.0
2004-02-25 00:00:00-05:00,4.8715245614578935,4.881051578051937,4.849294755118993,4.877875804901123,5000,0.0,0.0
2004-02-26 00:00:00-05:00,4.884229833089359,4.954095363616943,4.858824240689973,4.954095363616943,19100,0.0,0.0
2004-02-27 00:00:00-05:00,4.9731487097233185,4.9731487097233185,4.922337532043457,4.922337532043457,6800,0.0,0.0
2004-03-01 00:00:00-05:00,4.922333523266786,4.947739091416277,4.912806510925293,4.912806510925293,16500,0.0,0.0
2004-03-02 00:00:00-05:00,4.912810434501436,4.9318644744017766,4.909634660231878,4.928689002990723,3700,0.0,0.0
2004-03-03 00:00:00-05:00,4.92233837982398,4.92233837982398,4.906459808349609,4.906459808349609,2100,0.0,0.0
2004-03-04 00:00:00-05:00,4.906459808349609,4.906459808349609,4.8905812368752395,4.906459808349609,5500,0.0,0.0
2004-03-05 00:00:00-05:00,4.928689771217559,4.954095363616943,4.928689771217559,4.954095363616943,9300,0.0,0.0
2004-03-08 00:00:00-05:00,4.969972133636475,4.969972133636475,4.938215304138899,4.969972133636475,5000,0.0,0.0
2004-03-09 00:00:00-05:00,4.973149406487207,4.973149406487207,4.922338221688436,4.954095363616943,8400,0.0,0.0
2004-03-10 00:00:00-05:00,4.9223335596202205,4.9223335596202205,4.877873663601127,4.90963077545166,21900,0.0,0.0
2004-03-11 00:00:00-05:00,4.90324997179659,4.928787708282471,4.90324997179659,4.928787708282471,1300,0.08,0.0
2004-03-12 00:00:00-05:00,4.906440867377575,4.9287863043292175,4.893672002771816,4.909633159637451,7800,0.0,0.0
2004-03-15 00:00:00-05:00,4.890481035932436,4.9096344902489255,4.8777121678660516,4.887289047241211,6800,0.0,0.0
2004-03-16 00:00:00-05:00,4.893672943115234,4.893672943115234,4.893672943115234,4.893672943115234,600,0.0,0.0
2004-03-17 00:00:00-05:00,4.900055768265813,4.912824630737305,4.896863476539516,4.912824630737305,6000,0.0,0.0
2004-03-18 00:00:00-05:00,4.916018962860107,4.951133579730863,4.916018962860107,4.916018962860107,11300,0.0,0.0
2004-03-19 00:00:00-05:00,4.906442264965783,4.928787708282471,4.900057983061229,4.928787708282471,2800,0.0,0.0
2004-03-22 00:00:00-05:00,4.916018636649519,4.9511332511901855,4.900057780331565,4.9511332511901855,7200,0.0,0.0
2004-03-23 00:00:00-05:00,4.951131226770197,4.963900089263916,4.916016626587198,4.963900089263916,8900,0.0,0.0
2004-03-24 00:00:00-05:00,4.963903432345485,4.979864597320557,4.9447499734886184,4.979864597320557,6300,0.0,0.0
2004-03-25 00:00:00-05:00,4.976669187716578,4.979861479599787,4.922401443436851,4.9383625984191895,7000,0.0,0.0
2004-03-26 00:00:00-05:00,4.947938802338478,4.963899956135985,4.925593369682181,4.960707664489746,5700,0.0,0.0
2004-03-29 00:00:00-05:00,4.963901721906541,4.963901721906541,4.941555976867676,4.941555976867676,5200,0.0,0.0
2004-03-30 00:00:00-05:00,4.94794010068989,4.9639012586756435,4.9064412117004395,4.9064412117004395,9900,0.0,0.0
2004-03-31 00:00:00-05:00,4.893672002771816,4.916017439723458,4.884095430425933,4.909633159637451,15700,0.0,0.0
2004-04-01 00:00:00-05:00,4.909634103047885,4.922402970107246,4.893672943115234,4.893672943115234,7400,0.0,0.0
2004-04-02 00:00:00-05:00,4.852174560295251,4.852174560295251,4.775561349867024,4.807483673095703,50700,0.0,0.0
2004-04-05 00:00:00-04:00,4.775559107593501,4.775559107593501,4.516989263262523,4.5489115715026855,59100,0.0,0.0
2004-04-06 00:00:00-04:00,4.548914751712872,4.615951402336523,4.501031560310509,4.596797943115234,26100,0.0,0.0
2004-04-07 00:00:00-04:00,4.58402791669676,4.6255268141910815,4.5776436348543115,4.619142532348633,21600,0.0,0.0
2004-04-08 00:00:00-04:00,4.628718721094421,4.660641040944456,4.609565268297639,4.625526428222656,14300,0.0,0.0
2004-04-12 00:00:00-04:00,4.615947589920448,4.615947589920448,4.603178729130317,4.612755298614502,8300,0.0,0.0
2004-04-13 00:00:00-04:00,4.590285927946337,4.593495991533768,4.542135892520411,4.574235916137695,22500,0.08,0.0
2004-04-14 00:00:00-04:00,4.542137622833252,4.548557752453842,4.510037893116191,4.542137622833252,32000,0.0,0.0
2004-04-15 00:00:00-04:00,4.490776031542919,4.500406222159191,4.413736343383789,4.413736343383789,60900,0.0,0.0
2004-04-16 00:00:00-04:00,4.400900510222084,4.442630456858123,4.400900510222084,4.429790496826172,24500,0.0,0.0
2004-04-19 00:00:00-04:00,4.45546753681742,4.490777327548375,4.432997697818504,4.461887359619141,16500,0.0,0.0
2004-04-20 00:00:00-04:00,4.455470751525834,4.477940606737186,4.397690773977994,4.400900840759277,13700,0.0,0.0
2004-04-21 00:00:00-04:00,4.413741138368066,4.423371033317522,4.375221252441406,4.375221252441406,6900,0.0,0.0
2004-04-22 00:00:00-04:00,4.391266510869503,4.420156470461304,4.381636320253231,4.413736343383789,7700,0.0,0.0
2004-04-23 00:00:00-04:00,4.397689194353865,4.416949281994641,4.368799215957055,4.378429412841797,26500,0.0,0.0
2004-04-26 00:00:00-04:00,4.352746132952971,4.352746132952971,4.291756157710649,4.294966220855713,49200,0.0,0.0
2004-04-27 00:00:00-04:00,4.301389886952225,4.301389886952225,4.211510181427002,4.211510181427002,39000,0.0,0.0
2004-04-28 00:00:00-04:00,4.2115076534747,4.285337596864931,4.2115076534747,4.266077518463135,15600,0.0,0.0
2004-04-29 00:00:00-04:00,4.23718802425079,4.269288056440686,4.233977959806082,4.2628679275512695,7800,0.0,0.0
2004-04-30 00:00:00-04:00,4.262867461679501,4.285337604208194,4.253237575526382,4.272497653961182,7700,0.0,0.0
2004-05-03 00:00:00-04:00,4.259658164835439,4.298178019746371,4.224348068237305,4.224348068237305,15200,0.0,0.0
2004-05-04 00:00:00-04:00,4.237189934882799,4.2660799156550455,4.208299954110553,4.227560043334961,19300,0.0,0.0
2004-05-05 00:00:00-04:00,4.250027324979968,4.256447452886097,4.198667526245117,4.198667526245117,9500,0.0,0.0
2004-05-06 00:00:00-04:00,4.211506836018648,4.211506836018648,4.163357108552891,4.179407119750977,20800,0.0,0.0
2004-05-07 00:00:00-04:00,4.092736390147418,4.1473062331729915,4.0606363744399845,4.076686382293701,55600,0.0,0.0
2004-05-10 00:00:00-04:00,4.067057269190298,4.073477089868831,3.996437404955455,4.015697479248047,41400,0.0,0.0
2004-05-11 00:00:00-04:00,4.0285390178458655,4.073478698730469,4.022118888503141,4.073478698730469,24600,0.0,0.0
2004-05-12 00:00:00-04:00,4.073479830543682,4.131626351764005,4.063788846363906,4.1219353675842285,15700,0.08,0.0
2004-05-13 00:00:00-04:00,4.102550948752495,4.147776031425758,4.034713478777937,4.05409574508667,31500,0.0,0.0
2004-05-14 00:00:00-04:00,4.054096721764041,4.1025519371032715,4.054096721764041,4.1025519371032715,9800,0.0,0.0
2004-05-17 00:00:00-04:00,4.079939558435729,4.102551951262647,4.057327165608811,4.073478698730469,17700,0.0,0.0
2004-05-18 00:00:00-04:00,4.057327747344971,4.118704382991341,4.037945473520923,4.057327747344971,10600,0.0,0.0
2004-05-19 00:00:00-04:00,4.060558631322128,4.086401462554932,4.060558631322128,4.086401462554932,6800,0.0,0.0
2004-05-20 00:00:00-04:00,4.102551923143168,4.1510074463882605,4.102551923143168,4.131625175476074,15700,0.0,0.0
2004-05-21 00:00:00-04:00,4.212384044742922,4.212384044742922,4.1865412224127185,4.18977165222168,14600,0.0,0.0
2004-05-24 00:00:00-04:00,4.189773644020651,4.225307464599609,4.189773644020651,4.225307464599609,5600,0.0,0.0
2004-05-25 00:00:00-04:00,4.251150833678142,4.254381265428971,4.234998982994923,4.241459846496582,15500,0.0,0.0
2004-05-26 00:00:00-04:00,4.293144755005723,4.293144755005723,4.2349982261657715,4.2349982261657715,15500,0.0,0.0
2004-05-27 00:00:00-04:00,4.247918979838085,4.296374515666129,4.247918979838085,4.289913654327393,3100,0.0,0.0
2004-05-28 00:00:00-04:00,4.299604228451774,4.299604228451774,4.251148700714111,4.251148700714111,6700,0.0,0.0
2004-06-01 00:00:00-04:00,4.2899163166584735,4.328680584535599,4.2446914915040015,4.296377182006836,10300,0.0,0.0
2004-06-02 00:00:00-04:00,4.32544550923802,4.331906059120936,4.280220427774959,4.3222150802612305,33800,0.0,0.0
2004-06-03 00:00:00-04:00,4.331905175706746,4.344826580908152,4.280219554901123,4.280219554901123,13600,0.0,0.0
2004-06-04 00:00:00-04:00,4.312523221939938,4.312523221939938,4.212382100576093,4.280219554901123,18200,0.0,0.0
2004-06-07 00:00:00-04:00,4.280225326706946,4.296377182006836,4.280225326706946,4.296377182006836,7300,0.0,0.0
2004-06-08 00:00:00-04:00,4.296372264588243,4.3222150802612305,4.27375956982138,4.3222150802612305,4600,0.0,0.0
2004-06-09 00:00:00-04:00,4.280219554901123,4.328674747388745,4.280219554901123,4.280219554901123,10500,0.0,0.0
2004-06-10 00:00:00-04:00,4.318987078891299,4.325447940476384,4.244689019087832,4.264070987701416,13900,0.0,0.0
2004-06-14 00:00:00-04:00,4.234818833403119,4.303069956563916,4.234818833403119,4.283569812774658,15400,0.08,0.0
2004-06-15 00:00:00-04:00,4.316071702706287,4.329071906541725,4.280321219646161,4.30307149887085,18500,0.0,0.0
2004-06-16 00:00:00-04:00,4.303071691845199,4.303071691845199,4.2738211544163764,4.290071487426758,4700,0.0,0.0
2004-06-17 00:00:00-04:00,4.2900698635703005,4.3128204451531245,4.2575695198007315,4.3063201904296875,12300,0.0,0.0
2004-06-18 00:00:00-04:00,4.3128204398577275,4.325820639339434,4.3095703125,4.3095703125,11600,0.0,0.0
2004-06-21 00:00:00-04:00,4.3128204451531245,4.3225705172890745,4.3063201904296875,4.3063201904296875,5100,0.0,0.0
2004-06-22 00:00:00-04:00,4.325820548124364,4.325820548124364,4.277069568634033,4.277069568634033,8900,0.0,0.0
2004-06-23 00:00:00-04:00,4.306322106556964,4.3160721830312765,4.228320874863774,4.244571208953857,26100,0.0,0.0
2004-06-24 00:00:00-04:00,4.257569996360797,4.286820216042695,4.234819412231445,4.234819412231445,14300,0.0,0.0
2004-06-25 00:00:00-04:00,4.257571978511184,4.273822004805613,4.257571978511184,4.270572185516357,8500,0.0,0.0
2004-06-28 00:00:00-04:00,4.30957241422629,4.32257262004804,4.247821204110963,4.296572208404541,11000,0.0,0.0
2004-06-29 00:00:00-04:00,4.3193230628967285,4.3193230628967285,4.3193230628967285,4.3193230628967285,6500,0.0,0.0
2004-06-30 00:00:00-04:00,4.335571575271915,4.34857177734375,4.335571575271915,4.34857177734375,6400,0.0,0.0
2004-07-01 00:00:00-04:00,4.371325224372174,4.390825696599893,4.312824427588001,4.355074882507324,5900,0.0,0.0
2004-07-02 00:00:00-04:00,4.387572760304538,4.478574182621348,4.387572760304538,4.452573776245117,25200,0.0,0.0
2004-07-06 00:00:00-04:00,4.498073288875873,4.501323416182239,4.472072890323346,4.485073089599609,13900,0.0,0.0
2004-07-07 00:00:00-04:00,4.511075026180594,4.543575380477486,4.485074618763359,4.507824897766113,18300,0.0,0.0
2004-07-08 00:00:00-04:00,4.498076080180988,4.514326416847851,4.455825328826904,4.455825328826904,7800,0.0,0.0
2004-07-09 00:00:00-04:00,4.43307362643759,4.452573776245117,4.420073423249474,4.452573776245117,6400,0.0,0.0
2004-07-12 00:00:00-04:00,4.455822563740718,4.485073089599609,4.455822563740718,4.485073089599609,5000,0.0,0.0
2004-07-13 00:00:00-04:00,4.4785326945297195,4.511222839355469,4.455649780205491,4.511222839355469,5600,0.08,0.0
2004-07-14 00:00:00-04:00,4.543916761817793,4.543916761817793,4.462191637959512,4.504688739776611,5600,0.0,0.0
2004-07-15 00:00:00-04:00,4.537374830513538,4.556988668003926,4.511222839355469,4.511222839355469,7900,0.0,0.0
2004-07-16 00:00:00-04:00,4.5439139946774025,4.556989994061476,4.4523819989888835,4.507955074310303,9400,0.0,0.0
2004-07-19 00:00:00-04:00,4.527569770812988,4.589680697377403,4.494879612564483,4.527569770812988,5400,0.0,0.0
2004-07-20 00:00:00-04:00,4.511226896068923,4.59622109964171,4.511226896068923,4.586413860321045,13200,0.0,0.0
2004-07-21 00:00:00-04:00,4.5896829400946,4.5896829400946,4.530840751197039,4.586413860321045,18100,0.0,0.0
2004-07-22 00:00:00-04:00,4.589680956704379,4.589680956704379,4.543914794921875,4.543914794921875,9900,0.0,0.0
2004-07-23 00:00:00-04:00,4.5602600531668545,4.566798210144043,4.543914972480367,4.566798210144043,5800,0.0,0.0
2004-07-26 00:00:00-04:00,4.573335876656594,4.576604955017445,4.543914794921875,4.543914794921875,6100,0.0,0.0
2004-07-27 00:00:00-04:00,4.573335876656594,4.576604955017445,4.543914794921875,4.543914794921875,11200,0.0,0.0
2004-07-28 00:00:00-04:00,4.566798031691363,4.576604955017445,4.543914794921875,4.543914794921875,4700,0.0,0.0
2004-07-29 00:00:00-04:00,4.56353235244751,4.5766083638740245,4.56353235244751,4.56353235244751,3200,0.0,0.0
2004-07-30 00:00:00-04:00,4.5667966008599175,4.641983509063721,4.5667966008599175,4.641983509063721,14900,0.0,0.0
2004-08-02 00:00:00-04:00,4.641991025531631,4.658336126924848,4.609301134502075,4.638721942901611,10800,0.0,0.0
2004-08-03 00:00:00-04:00,4.658331324168964,4.658331324168964,4.573337133959044,4.59295129776001,12600,0.0,0.0
2004-08-04 00:00:00-04:00,4.58968425979931,4.58968425979931,4.553725307220492,4.560263156890869,4700,0.0,0.0
2004-08-05 00:00:00-04:00,4.543918179429386,4.5766083638740245,4.543918179429386,4.56353235244751,7600,0.0,0.0
2004-08-06 00:00:00-04:00,4.6419880510899905,4.651794980939194,4.576607999167505,4.589684009552002,15000,0.0,0.0
2004-08-09 00:00:00-04:00,4.619103498945361,4.6419864311936925,4.592951487302535,4.625641345977783,3900,0.0,0.0
2004-08-10 00:00:00-04:00,4.65833067357425,4.684482680485374,4.625640509057089,4.628909587860107,6900,0.0,0.0
2004-08-11 00:00:00-04:00,4.701236446717102,4.701236446717102,4.619046999444173,4.6946611404418945,18400,0.08,0.0
2004-08-12 00:00:00-04:00,4.701235655255323,4.701235655255323,4.668359756469727,4.668359756469727,7000,0.0,0.0
2004-08-13 00:00:00-04:00,4.684800688197515,4.684800688197515,4.605898857116699,4.605898857116699,7100,0.0,0.0
2004-08-16 00:00:00-04:00,4.658497807143302,4.658497807143302,4.609184265136719,4.609184265136719,6400,0.0,0.0
2004-08-17 00:00:00-04:00,4.6584999257439454,4.717676453886532,4.619049011491553,4.697950839996338,11100,0.0,0.0
2004-08-18 00:00:00-04:00,4.701237488636767,4.75055104251858,4.645348627022484,4.681511878967285,18000,0.0,0.0
2004-08-19 00:00:00-04:00,4.6847981518682476,4.6847981518682476,4.619046661565138,4.648634910583496,18000,0.0,0.0
2004-08-20 00:00:00-04:00,4.648634491768814,4.648634491768814,4.6190462454161825,4.6387715339660645,4900,0.0,0.0
2004-08-23 00:00:00-04:00,4.642059491352567,4.642059491352567,4.609183903768302,4.615758895874023,8600,0.0,0.0
2004-08-24 00:00:00-04:00,4.632199109385296,4.668362367453072,4.632199109385296,4.658499717712402,5400,0.0,0.0
2004-08-25 00:00:00-04:00,4.668364606380893,4.668364606380893,4.635488986968994,4.635488986968994,2300,0.0,0.0
2004-08-26 00:00:00-04:00,4.668362367453072,4.668362367453072,4.6354867638081805,4.658499717712402,10500,0.0,0.0
2004-08-27 00:00:00-04:00,4.668361041017026,4.69466164187126,4.661786047567414,4.6913743019104,12600,0.0,0.0
2004-08-30 00:00:00-04:00,4.701237349616668,4.701237349616668,4.674936746520379,4.678224086761475,7600,0.0,0.0
2004-08-31 00:00:00-04:00,4.714385952064001,4.727536248872678,4.661784764829291,4.668359756469727,14500,0.0,0.0
2004-09-01 00:00:00-04:00,4.671650977348275,4.730827514951373,4.671650977348275,4.704526901245117,17400,0.0,0.0
2004-09-02 00:00:00-04:00,4.701234934447009,4.707809925079346,4.681509335494481,4.707809925079346,9300,0.0,0.0
2004-09-03 00:00:00-04:00,4.701236640438011,4.72096193302072,4.684798687600504,4.714386940002441,9100,0.0,0.0
2004-09-07 00:00:00-04:00,4.701232690059731,4.770271783142401,4.701232690059731,4.740683555603027,5400,0.0,0.0
2004-09-08 00:00:00-04:00,4.793288314150353,4.793288314150353,4.7505497659577225,4.78013801574707,12800,0.0,0.0
2004-09-09 00:00:00-04:00,4.7801395844026935,4.832740795277493,4.773564589807317,4.7834272384643555,8800,0.0,0.0
2004-09-10 00:00:00-04:00,4.793292182163271,4.836030764844388,4.773566875404663,4.796579837799072,6800,0.0,0.0
2004-09-13 00:00:00-04:00,4.842856892561161,4.852774232894672,4.823022842407227,4.823022842407227,9700,0.08,0.0
2004-09-14 00:00:00-04:00,4.842856195093868,4.849467754364014,4.842856195093868,4.849467754364014,3400,0.0,0.0
2004-09-15 00:00:00-04:00,4.86268888472947,4.86599466322725,4.856077327733909,4.8593831062316895,2000,0.0,0.0
2004-09-16 00:00:00-04:00,4.8726098294311635,4.8759156105914645,4.819718591892929,4.8296356201171875,17300,0.0,0.0
2004-09-17 00:00:00-04:00,4.852776996093848,4.889139652252197,4.826331370659282,4.889139652252197,6400,0.0,0.0
2004-09-20 00:00:00-04:00,4.889130722417884,4.892436498373496,4.806488215064468,4.826322555541992,4900,0.0,0.0
2004-09-21 00:00:00-04:00,4.826327164901185,4.826327164901185,4.756907379815058,4.806492805480957,18000,0.0,0.0
2004-09-22 00:00:00-04:00,4.75029332444454,4.796573261925566,4.75029332444454,4.783350467681885,18300,0.0,0.0
2004-09-23 00:00:00-04:00,4.789962630514332,4.875910967294262,4.766822814941406,4.766822814941406,8900,0.0,0.0
2004-09-24 00:00:00-04:00,4.786660336397644,4.789966116815935,4.7436864519861555,4.770132064819336,11600,0.0,0.0
2004-09-27 00:00:00-04:00,4.7833511530178106,4.799879727004619,4.776739597320557,4.776739597320557,7600,0.0,0.0
2004-09-28 00:00:00-04:00,4.80979399102008,4.852768132674594,4.80979399102008,4.826322555541992,3900,0.0,0.0
2004-09-29 00:00:00-04:00,4.842855697405315,4.842855697405315,4.813104629516602,4.813104629516602,6500,0.0,0.0
2004-09-30 00:00:00-04:00,4.813105874192624,4.83955148488133,4.733768726869961,4.74038028717041,16100,0.0,0.0
2004-10-01 00:00:00-04:00,4.740379545563714,4.743685325196768,4.71393393901228,4.733767986297607,10900,0.0,0.0
2004-10-04 00:00:00-04:00,4.720545680231394,4.7502970695495605,4.720545680231394,4.7502970695495605,3400,0.0,0.0
2004-10-05 00:00:00-04:00,4.766824406895985,4.7767414289882755,4.707321643829346,4.707321643829346,18400,0.0,0.0
2004-10-06 00:00:00-04:00,4.727157071224494,4.727157071224494,4.6940999031066895,4.6940999031066895,11600,0.0,0.0
2004-10-07 00:00:00-04:00,4.700713141199368,4.70732438802953,4.684184551239014,4.684184551239014,18800,0.0,0.0
2004-10-08 00:00:00-04:00,4.690793328002918,4.7172392471676385,4.684182084654088,4.71393346786499,15500,0.0,0.0
2004-10-11 00:00:00-04:00,4.713932752260969,4.723849773406982,4.713932752260969,4.723849773406982,6400,0.0,0.0
2004-10-12 00:00:00-04:00,4.723849458775063,4.743683815002441,4.717238216870201,4.743683815002441,8100,0.0,0.0
2004-10-13 00:00:00-04:00,4.760307215918019,4.763631528957232,4.737037658691406,4.737037658691406,6900,0.08,0.0
2004-10-14 00:00:00-04:00,4.770277356189159,4.770277356189159,4.707116713597869,4.730386257171631,12000,0.0,0.0
2004-10-15 00:00:00-04:00,4.720414763680993,4.773602485656738,4.720414763680993,4.773602485656738,12900,0.0,0.0
2004-10-18 00:00:00-04:00,4.7769285605193685,4.7902254959207,4.737037754315376,4.760307312011719,23700,0.0,0.0
2004-10-19 00:00:00-04:00,4.790224782328154,4.790224782328154,4.753658294677734,4.753658294677734,13400,0.0,0.0
2004-10-20 00:00:00-04:00,4.773600973988643,4.78024959564209,4.753655743075759,4.78024959564209,7900,0.0,0.0
2004-10-21 00:00:00-04:00,4.7869013793303345,4.800198315277543,4.760307507435918,4.763631820678711,10500,0.0,0.0
2004-10-22 00:00:00-04:00,4.753659197974295,4.770280447164295,4.737037948784295,4.763631820678711,8100,0.0,0.0
2004-10-25 00:00:00-04:00,4.766953726504763,4.820141443432625,4.766953726504763,4.803520202636719,18500,0.0,0.0
2004-10-26 00:00:00-04:00,4.8367683768975525,4.843416690826416,4.820147116539134,4.843416690826416,12100,0.0,0.0
2004-10-27 00:00:00-04:00,4.843415369029204,4.8766578806739584,4.823470115661621,4.823470115661621,5700,0.0,0.0
2004-10-28 00:00:00-04:00,4.853387779380399,4.870008716352153,4.853387779380399,4.863360404968262,3600,0.0,0.0
2004-10-29 00:00:00-04:00,4.8700050022715935,4.886626243591309,4.82014159533626,4.886626243591309,6600,0.0,0.0
2004-11-01 00:00:00-05:00,4.856708049403267,4.856708049403267,4.786899089813232,4.786899089813232,10600,0.0,0.0
2004-11-02 00:00:00-05:00,4.810172220697051,4.810172220697051,4.780254029553462,4.793550968170166,5100,0.0,0.0
2004-11-03 00:00:00-05:00,4.820143564360006,4.836764812469482,4.7968740072211,4.836764812469482,9200,0.0,0.0
2004-11-04 00:00:00-05:00,4.846735582520536,4.87332944252424,4.846735582520536,4.870005130767822,7500,0.0,0.0
2004-11-05 00:00:00-05:00,4.936491361497699,4.936491361497699,4.850061135848399,4.8533854484558105,4100,0.0,0.0
2004-11-08 00:00:00-05:00,4.853384756420852,4.853384756420852,4.8201422691345215,4.8201422691345215,7400,0.0,0.0
2004-11-09 00:00:00-05:00,4.823465754996567,4.823465754996567,4.790223273404753,4.803520202636719,7600,0.0,0.0
2004-11-10 00:00:00-05:00,4.846976263481274,4.846976263481274,4.753379569723173,4.7634077072143555,13600,0.08,0.0
2004-11-11 00:00:00-05:00,4.813550442560561,4.813550442560561,4.783466019280225,4.800179481506348,2800,0.0,0.0
2004-11-12 00:00:00-05:00,4.78680693182531,4.806863526144753,4.783464431762695,4.783464431762695,3800,0.0,0.0
2004-11-15 00:00:00-05:00,4.813549772973542,4.813549772973542,4.7667515751880725,4.770094394683838,8700,0.0,0.0
2004-11-16 00:00:00-05:00,4.756721019744873,4.780120427111012,4.746692884467198,4.756721019744873,12600,0.0,0.0
2004-11-17 00:00:00-05:00,4.756724780679045,4.766753242674459,4.7199547097293015,4.729982852935791,19400,0.0,0.0
2004-11-18 00:00:00-05:00,4.746693251269011,4.780120796495947,4.713266024830774,4.71660852432251,5100,0.0,0.0
2004-11-19 00:00:00-05:00,4.716612598297176,4.766753959447185,4.696556308868351,4.706584453582764,4800,0.0,0.0
2004-11-22 00:00:00-05:00,4.746692884467198,4.756721019744873,4.713265660612057,4.756721019744873,8500,0.0,0.0
2004-11-23 00:00:00-05:00,4.7600654899476496,4.7600654899476496,4.723295435307801,4.733323574066162,2900,0.0,0.0
2004-11-24 00:00:00-05:00,4.750037351189287,4.753380170371669,4.733323574066162,4.733323574066162,4800,0.0,0.0
2004-11-26 00:00:00-05:00,4.750040531158447,4.76675431947081,4.733326742846085,4.750040531158447,4500,0.0,0.0
2004-11-29 00:00:00-05:00,4.699900647689552,4.729985091547412,4.699900647689552,4.713271617889404,17300,0.0,0.0
2004-11-30 00:00:00-05:00,4.719955965209747,4.719955965209747,4.699899673461914,4.699899673461914,7500,0.0,0.0
2004-12-01 00:00:00-05:00,4.699897480791884,4.699897480791884,4.689869020807592,4.696554660797119,21400,0.0,0.0
2004-12-02 00:00:00-05:00,4.686523857721277,4.686523857721277,4.602955318051115,4.623011589050293,49200,0.0,0.0
2004-12-03 00:00:00-05:00,4.612984635472222,4.683182239532471,4.612984635472222,4.683182239532471,13500,0.0,0.0
2004-12-06 00:00:00-05:00,4.673153400421143,4.686524675137698,4.673153400421143,4.673153400421143,6100,0.0,0.0
2004-12-07 00:00:00-05:00,4.706583186389119,4.706583186389119,4.686526902360219,4.689869403839111,21100,0.0,0.0
2004-12-08 00:00:00-05:00,4.686529677489701,4.719956943594792,4.663130240548153,4.713271617889404,13600,0.0,0.0
2004-12-09 00:00:00-05:00,4.7065840914782004,4.7065840914782004,4.66312837600708,4.66312837600708,14500,0.0,0.0
2004-12-10 00:00:00-05:00,4.689867558648857,4.689867558648857,4.659782825653213,4.683182239532471,7200,0.0,0.0
2004-12-13 00:00:00-05:00,4.6730993725444545,4.706718921661377,4.6730993725444545,4.706718921661377,5400,0.08,0.0
2004-12-14 00:00:00-05:00,4.693272269926073,4.693272269926073,4.656291013695845,4.6831865310668945,9500,0.0,0.0
2004-12-15 00:00:00-05:00,4.6831816171519245,4.696629361727154,4.669733872576694,4.693267345428467,10200,0.0,0.0
2004-12-16 00:00:00-05:00,4.673096953867095,4.6831830057537545,4.622667976912262,4.652925491333008,14400,0.0,0.0
2004-12-17 00:00:00-05:00,4.622667159987069,4.632752889471745,4.605857397099567,4.629391193389893,6500,0.0,0.0
2004-12-20 00:00:00-05:00,4.629390819336044,4.632752515146272,4.5823235511779785,4.5823235511779785,28700,0.0,0.0
2004-12-21 00:00:00-05:00,4.605861027530133,4.605861027530133,4.602499008178711,4.602499008178711,6600,0.0,0.0
2004-12-22 00:00:00-05:00,4.58568556760774,4.592409279847731,4.565513789648702,4.5823235511779785,6600,0.0,0.0
2004-12-23 00:00:00-05:00,4.57560205927591,4.595773848436897,4.568878343302057,4.58568811416626,16800,0.0,0.0
2004-12-27 00:00:00-05:00,4.602497849449906,4.602497849449906,4.525173347553352,4.52853536605835,23300,0.0,0.0
2004-12-28 00:00:00-05:00,4.5621545810289375,4.5621545810289375,4.488192097770649,4.515087604522705,32500,0.0,0.0
2004-12-29 00:00:00-05:00,4.5150847330117205,4.531894173576462,4.484827227003943,4.504998683929443,23000,0.0,0.0
2004-12-30 00:00:00-05:00,4.444483992533415,4.504998683929443,4.444483992533415,4.504998683929443,35100,0.0,0.0
2004-12-31 00:00:00-05:00,4.505001557143099,4.52853536605835,4.505001557143099,4.52853536605835,15500,0.0,0.0
2005-01-03 00:00:00-05:00,4.488190852863612,4.558791618659882,4.4848288352972085,4.535257816314697,31000,0.0,0.0
2005-01-04 00:00:00-05:00,4.548704785988601,4.5587908369583445,4.525171308298373,4.552066802978516,9100,0.0,0.0
2005-01-05 00:00:00-05:00,4.538618434405477,4.562151908874512,4.538618434405477,4.562151908874512,8100,0.0,0.0
2005-01-06 00:00:00-05:00,4.599132851969422,4.602494547442878,4.5722373644647645,4.595770835876465,15800,0.0,0.0
2005-01-07 00:00:00-05:00,4.605858351086641,4.64956361539876,4.605858351086641,4.632753849029541,14800,0.0,0.0
2005-01-10 00:00:00-05:00,4.649567287919278,4.666377067565918,4.636119528325942,4.666377067565918,4900,0.0,0.0
2005-01-11 00:00:00-05:00,4.666373239895605,4.673096953867095,4.646201456741902,4.652925491333008,11900,0.0,0.0
2005-01-12 00:00:00-05:00,4.673214765276709,4.707029763072451,4.649544460309922,4.679977893829346,10300,0.08,0.0
2005-01-13 00:00:00-05:00,4.65968805681923,4.686739921569824,4.65968805681923,4.686739921569824,10100,0.0,0.0
2005-01-14 00:00:00-05:00,4.690124317045235,4.690124317045235,4.656309626932499,4.669835567474365,9200,0.0,0.0
2005-01-18 00:00:00-05:00,4.669831310557607,4.69012004163371,4.65968662253599,4.683357238769531,5200,0.0,0.0
2005-01-19 00:00:00-05:00,4.7848033015967415,4.7848033015967415,4.74422550201416,4.74422550201416,29600,0.0,0.0
2005-01-20 00:00:00-05:00,4.744225996576147,4.764515059724315,4.730700061971942,4.75437068939209,6500,0.0,0.0
2005-01-21 00:00:00-05:00,4.744227736590308,4.750990867614746,4.723938988484668,4.750990867614746,11200,0.0,0.0
2005-01-24 00:00:00-05:00,4.707026958465576,4.727315687067331,4.7036453962041085,4.707026958465576,8500,0.0,0.0
2005-01-25 00:00:00-05:00,4.707026958465576,4.717171322766454,4.7036453962041085,4.707026958465576,11700,0.0,0.0
2005-01-26 00:00:00-05:00,4.700264407171762,4.707027532519507,4.683357238769531,4.683357238769531,9400,0.0,0.0
2005-01-27 00:00:00-05:00,4.700266554581815,4.717174053192139,4.700266554581815,4.717174053192139,9200,0.0,0.0
2005-01-28 00:00:00-05:00,4.717172985525225,4.76789546987586,4.717172985525225,4.737462043762207,8000,0.0,0.0
2005-01-31 00:00:00-05:00,4.747607560848128,4.75437068939209,4.7374631905159035,4.75437068939209,8700,0.0,0.0
2005-02-01 00:00:00-05:00,4.7645174578147,4.78480620869094,4.747609950428579,4.757754325866699,18100,0.0,0.0
2005-02-02 00:00:00-05:00,4.7577520978088055,4.835526466369629,4.7577520978088055,4.835526466369629,9900,0.0,0.0
2005-02-03 00:00:00-05:00,4.771278314443024,4.828763622537353,4.771278314443024,4.818619251251221,5500,0.0,0.0
2005-02-04 00:00:00-05:00,4.835528069756362,4.845672443807586,4.805094625118852,4.842290878295898,8400,0.0,0.0
2005-02-07 00:00:00-05:00,4.849052401447547,4.849052401447547,4.822000531291711,4.835526466369629,13600,0.0,0.0
2005-02-08 00:00:00-05:00,4.838905369662749,4.8727200275197164,4.8355238071319855,4.852431297302246,5200,0.0,0.0
2005-02-09 00:00:00-05:00,4.852432283417903,4.869339454540501,4.84566915698197,4.865958213806152,10200,0.0,0.0
2005-02-10 00:00:00-05:00,4.89639407913195,4.89639407913195,4.852435022419756,4.889631271362305,9500,0.0,0.0
2005-02-11 00:00:00-05:00,4.865830692800553,4.8692307472229,4.859029935399937,4.8692307472229,3000,0.08,0.0
2005-02-14 00:00:00-05:00,4.8828321439484945,4.8828321439484945,4.862430519441006,4.865830898284912,7800,0.0,0.0
2005-02-15 00:00:00-05:00,4.862430314100245,4.8692307472229,4.845428744876664,4.8692307472229,9800,0.0,0.0
2005-02-16 00:00:00-05:00,4.882829906504124,4.882829906504124,4.855627536773682,4.855627536773682,1000,0.0,0.0
2005-02-17 00:00:00-05:00,4.84542542250111,4.84542542250111,4.77061876377701,4.780819892883301,10600,0.0,0.0
2005-02-18 00:00:00-05:00,4.7808213087207605,4.7808213087207605,4.7604193687438965,4.7604193687438965,5400,0.0,0.0
2005-02-22 00:00:00-05:00,4.757015239618583,4.757015239618583,4.692409741820761,4.699210166931152,14300,0.0,0.0
2005-02-23 00:00:00-05:00,4.726413601327867,4.733214352277599,4.7060119970339755,4.712812423706055,13600,0.0,0.0
2005-02-24 00:00:00-05:00,4.743414702695269,4.743414702695269,4.733213901519775,4.733213901519775,4000,0.0,0.0
2005-02-25 00:00:00-05:00,4.770620176593411,4.774020553969194,4.736617375669084,4.7604193687438965,12700,0.0,0.0
2005-02-28 00:00:00-05:00,4.770617210255059,4.777417960777964,4.723013253705261,4.76721715927124,7700,0.0,0.0
2005-03-01 00:00:00-05:00,4.726413925962515,4.757016658782959,4.726413925962515,4.757016658782959,7000,0.0,0.0
2005-03-02 00:00:00-05:00,4.750219216252071,4.794423155402285,4.750219216252071,4.791022777557373,14700,0.0,0.0
2005-03-03 00:00:00-05:00,4.808018960401341,4.8114190101623535,4.808018960401341,4.8114190101623535,7100,0.0,0.0
2005-03-04 00:00:00-05:00,4.845427937601077,4.848828315734863,4.828426371210053,4.848828315734863,4800,0.0,0.0
2005-03-07 00:00:00-05:00,4.848823753485387,4.882826529996377,4.828421828156712,4.8794264793396,14900,0.0,0.0
2005-03-08 00:00:00-05:00,4.882825243583872,4.882825243583872,4.8114190101623535,4.8114190101623535,27800,0.0,0.0
2005-03-09 00:00:00-05:00,4.828424275962184,4.848826211633772,4.733215999476228,4.763818740844727,13300,0.0,0.0
2005-03-10 00:00:00-05:00,4.780820729544402,4.876029014587402,4.767219545966831,4.876029014587402,10900,0.0,0.0
2005-03-11 00:00:00-05:00,4.804223008321028,4.886287948302879,4.759771084306587,4.787126064300537,3600,0.08,0.0
2005-03-14 00:00:00-05:00,4.787123711444429,4.869188611091643,4.787123711444429,4.838414192199707,8600,0.0,0.0
2005-03-15 00:00:00-05:00,4.838414192199707,4.838414192199707,4.838414192199707,4.838414192199707,2200,0.0,0.0
2005-03-16 00:00:00-05:00,4.824736090651957,4.824736090651957,4.793962001800537,4.793962001800537,5600,0.0,0.0
2005-03-17 00:00:00-05:00,4.793963174612323,4.800801753997803,4.77344678426196,4.800801753997803,9800,0.0,0.0
2005-03-18 00:00:00-05:00,4.7700306570108335,4.797385645817569,4.7700306570108335,4.7802886962890625,3600,0.0,0.0
2005-03-21 00:00:00-05:00,4.800803554297513,4.804223008321028,4.787126064300537,4.787126064300537,6900,0.0,0.0
2005-03-22 00:00:00-05:00,4.763190009964642,4.770028591156006,4.718738090881111,4.770028591156006,9000,0.0,0.0
2005-03-23 00:00:00-05:00,4.70506117245456,4.728996698669872,4.581963435125327,4.640092849731445,33200,0.0,0.0
2005-03-24 00:00:00-05:00,4.6503489214790035,4.732413821881157,4.6503489214790035,4.728994369506836,7300,0.0,0.0
2005-03-28 00:00:00-05:00,4.701642934430872,4.746094870397152,4.664029908350407,4.705062389373779,7600,0.0,0.0
2005-03-29 00:00:00-05:00,4.705057673256141,4.705057673256141,4.701638221740723,4.701638221740723,7000,0.0,0.0
2005-03-30 00:00:00-05:00,4.701638221740723,4.701638221740723,4.653766878815407,4.701638221740723,4600,0.0,0.0
2005-03-31 00:00:00-05:00,4.701642934430872,4.705062389373779,4.67086849213905,4.705062389373779,9800,0.0,0.0
2005-04-01 00:00:00-05:00,4.701637371337314,4.722153750622099,4.674282416355458,4.694798469543457,27300,0.0,0.0
2005-04-04 00:00:00-04:00,4.657189638614892,4.681125164031982,4.650351056823043,4.681125164031982,10400,0.0,0.0
2005-04-05 00:00:00-04:00,4.6537675857543945,4.660606489824106,4.6537675857543945,4.6537675857543945,4300,0.0,0.0
2005-04-06 00:00:00-04:00,4.660609777322845,4.660609777322845,4.653770868429107,4.657190322875977,1400,0.0,0.0
2005-04-07 00:00:00-04:00,4.650350625044208,4.670866694611945,4.646931171417236,4.646931171417236,6000,0.0,0.0
2005-04-08 00:00:00-04:00,4.6332541606445075,4.640092742506387,4.599060273043866,4.626415252685547,7900,0.0,0.0
2005-04-11 00:00:00-04:00,4.568282551960255,4.581960031938403,4.5580245235008565,4.571702003479004,17100,0.0,0.0
2005-04-12 00:00:00-04:00,4.5887976900532985,4.609313741406174,4.581958788871169,4.602475166320801,3800,0.0,0.0
2005-04-13 00:00:00-04:00,4.651992911782466,4.713882058886871,4.621048338230263,4.655431270599365,7500,0.074,0.0
2005-04-14 00:00:00-04:00,4.658866245425933,4.672619342803955,4.658866245425933,4.672619342803955,3200,0.0,0.0
2005-04-15 00:00:00-04:00,4.6966849224295135,4.6966849224295135,4.61072802318183,4.617604732513428,14600,0.0,0.0
2005-04-18 00:00:00-04:00,4.6038526315280555,4.621043752753858,4.590099537807642,4.600414276123047,15300,0.0,0.0
2005-04-19 00:00:00-04:00,4.600415790119554,4.638236728322653,4.600415790119554,4.607292175292969,9100,0.0,0.0
2005-04-20 00:00:00-04:00,4.593536577752383,4.6313578232770745,4.5832218416545345,4.617604732513428,4100,0.0,0.0
2005-04-21 00:00:00-04:00,4.621044827770224,4.621044827770224,4.56603244009077,4.603853702545166,11200,0.0,0.0
2005-04-22 00:00:00-04:00,4.572909355163574,4.576347711520846,4.572909355163574,4.572909355163574,3500,0.0,0.0
2005-04-25 00:00:00-04:00,4.617607886011126,4.617607886011126,4.572910228529064,4.593539714813232,7400,0.0,0.0
2005-04-26 00:00:00-04:00,4.603853906579598,4.610730291394431,4.572909355163574,4.572909355163574,11800,0.0,0.0
2005-04-27 00:00:00-04:00,4.583224335336426,4.614168888366111,4.583224335336426,4.607292175292969,7400,0.0,0.0
2005-04-28 00:00:00-04:00,4.621045273539526,4.621045273539526,4.600415790119554,4.607292175292969,3800,0.0,0.0
2005-04-29 00:00:00-04:00,4.6416754021770315,4.6416754021770315,4.614169203803518,4.6210455894470215,7400,0.0,0.0
2005-05-02 00:00:00-04:00,4.634798688633778,4.6485521157202845,4.596977747845134,4.6210455894470215,20400,0.0,0.0
2005-05-03 00:00:00-04:00,4.607292130740778,4.624483585357666,4.607292130740778,4.624483585357666,7700,0.0,0.0
2005-05-04 00:00:00-04:00,4.638235406181701,4.648550472851077,4.562593551337407,4.610729217529297,30700,0.0,0.0
2005-05-05 00:00:00-04:00,4.600413338484638,4.662302411562316,4.600413338484638,4.641672611236572,14700,0.0,0.0
2005-05-06 00:00:00-04:00,4.648554379368959,4.648554379368959,4.60041834482523,4.6313629150390625,7100,0.0,0.0
2005-05-09 00:00:00-04:00,4.6279223029902745,4.645113758948658,4.6210455894470215,4.6210455894470215,9700,0.0,0.0
2005-05-10 00:00:00-04:00,4.607289450959548,4.651987075805664,4.607289450959548,4.651987075805664,8800,0.0,0.0
2005-05-11 00:00:00-04:00,4.653371861158907,4.681029319763184,4.653371861158907,4.681029319763184,6600,0.074,0.0
2005-05-12 00:00:00-04:00,4.670658221611615,4.684486951998577,4.639543495815217,4.6602864265441895,12600,0.0,0.0
2005-05-13 00:00:00-04:00,4.656827838595741,4.684485289554505,4.649913311004639,4.649913311004639,16000,0.0,0.0
2005-05-16 00:00:00-04:00,4.674114864548183,4.694857792516444,4.674114864548183,4.691400527954102,7100,0.0,0.0
2005-05-17 00:00:00-04:00,4.6948600646968455,4.701774597167969,4.6948600646968455,4.701774597167969,2500,0.0,0.0
2005-05-18 00:00:00-04:00,4.719058990478516,4.722516255777455,4.708687524284666,4.719058990478516,6500,0.0,0.0
2005-05-19 00:00:00-04:00,4.719063767782944,4.7328925132751465,4.719063767782944,4.7328925132751465,2000,0.0,0.0
2005-05-20 00:00:00-04:00,4.7328925132751465,4.7328925132751465,4.7328925132751465,4.7328925132751465,600,0.0,0.0
2005-05-23 00:00:00-04:00,4.736349782074022,4.736349782074022,4.7086922910896165,4.7328925132751465,3800,0.0,0.0
2005-05-24 00:00:00-04:00,4.732886064148827,4.732886064148827,4.7052286108510275,4.708685874938965,9600,0.0,0.0
2005-05-25 00:00:00-04:00,4.712143421173096,4.732886347537033,4.705228892583204,4.712143421173096,9200,0.0,0.0
2005-05-26 00:00:00-04:00,4.712143421173096,4.712143421173096,4.701771957991127,4.712143421173096,7600,0.0,0.0
2005-05-27 00:00:00-04:00,4.712149559888492,4.7328925132751465,4.705235022290741,4.7328925132751465,3600,0.0,0.0
2005-05-31 00:00:00-04:00,4.722513198852539,4.743256447515916,4.722513198852539,4.722513198852539,6100,0.0,0.0
2005-06-01 00:00:00-04:00,4.736347982446822,4.770919997892964,4.722519242209,4.767462730407715,19100,0.0,0.0
2005-06-02 00:00:00-04:00,4.72597175496121,4.770915197942966,4.719057226947321,4.753629207611084,28500,0.0,0.0
2005-06-03 00:00:00-04:00,4.750174410021829,4.7778318770322,4.750174410021829,4.7605462074279785,7500,0.0,0.0
2005-06-06 00:00:00-04:00,4.743264319671773,4.774379079455055,4.725978305380695,4.7328925132751465,18500,0.0,0.0
2005-06-07 00:00:00-04:00,4.7536304670329645,4.77091646194458,4.73634447212135,4.77091646194458,7200,0.0,0.0
2005-06-08 00:00:00-04:00,4.767461725426421,4.767461725426421,4.722518246701795,4.725975513458252,7600,0.0,0.0
2005-06-09 00:00:00-04:00,4.719058990478516,4.719058990478516,4.687944591896965,4.719058990478516,29000,0.0,0.0
2005-06-10 00:00:00-04:00,4.719058990478516,4.719058990478516,4.701773323389754,4.719058990478516,7300,0.0,0.0
2005-06-13 00:00:00-04:00,4.726008998564812,4.726008998564812,4.691258800812629,4.708633899688721,3800,0.07,0.0
2005-06-14 00:00:00-04:00,4.712108985744428,4.719058826453397,4.691258800812629,4.708633899688721,4700,0.0,0.0
2005-06-15 00:00:00-04:00,4.673884180702068,4.694734367769639,4.673884180702068,4.687784194946289,6800,0.0,0.0
2005-06-16 00:00:00-04:00,4.691258800812629,4.712108985744428,4.677358787992245,4.708633899688721,5100,0.0,0.0
2005-06-17 00:00:00-04:00,4.712109565734863,4.712109565734863,4.687784291753278,4.712109565734863,4600,0.0,0.0
2005-06-20 00:00:00-04:00,4.694733947471034,4.715583801269531,4.694733947471034,4.715583801269531,2900,0.0,0.0
2005-06-21 00:00:00-04:00,4.712109046571415,4.715583801269531,4.691258861370469,4.715583801269531,19700,0.0,0.0
2005-06-22 00:00:00-04:00,4.719059783556247,4.764234917235366,4.708634854677223,4.7607598304748535,25000,0.0,0.0
2005-06-23 00:00:00-04:00,4.743382251999389,4.778132438659668,4.743382251999389,4.778132438659668,12100,0.0,0.0
2005-06-24 00:00:00-04:00,4.792034046067013,4.792034046067013,4.774658946939086,4.7885589599609375,4300,0.0,0.0
2005-06-27 00:00:00-04:00,4.80593717217944,4.837212304587976,4.798987326867913,4.823312282562256,21600,0.0,0.0
2005-06-28 00:00:00-04:00,4.812882625319948,4.812882625319948,4.771182268766676,4.778132438659668,12900,0.0,0.0
2005-06-29 00:00:00-04:00,4.726010541794211,4.764235506681619,4.726010541794211,4.743385314941406,28700,0.0,0.0
2005-06-30 00:00:00-04:00,4.757282631601894,4.774657726287842,4.757282631601894,4.774657726287842,4300,0.0,0.0
2005-07-01 00:00:00-04:00,4.781608312220314,4.781608312220314,4.76423321602456,4.7677083015441895,10100,0.0,0.0
2005-07-05 00:00:00-04:00,4.757283687591553,4.7642338595696305,4.743383675037837,4.757283687591553,11500,0.0,0.0
2005-07-06 00:00:00-04:00,4.7607598304748535,4.764234917235366,4.743384728074806,4.7607598304748535,13000,0.0,0.0
2005-07-07 00:00:00-04:00,4.750332051754613,4.781607151031494,4.750332051754613,4.781607151031494,8300,0.0,0.0
2005-07-08 00:00:00-04:00,4.785085523268549,4.805935382843018,4.785085523268549,4.805935382843018,6600,0.0,0.0
2005-07-11 00:00:00-04:00,4.805932080956929,4.805932080956929,4.778132066355771,4.781607151031494,9400,0.0,0.0
2005-07-12 00:00:00-04:00,4.7816102756694026,4.805935221490454,4.7816102756694026,4.795510292053223,12600,0.0,0.0
2005-07-13 00:00:00-04:00,4.80249363143654,4.816464508677039,4.799000828853417,4.809479236602783,7900,0.07,0.0
2005-07-14 00:00:00-04:00,4.81995485898786,4.81995485898786,4.795505586437172,4.802491188049316,7200,0.0,0.0
2005-07-15 00:00:00-04:00,4.792017431635213,4.802495510392093,4.788524627685547,4.788524627685547,3000,0.0,0.0
2005-07-18 00:00:00-04:00,4.788525169299813,4.799003249241834,4.7501053207842965,4.760583400726318,46300,0.0,0.0
2005-07-19 00:00:00-04:00,4.77106148066834,4.77106148066834,4.7326416321528235,4.760583400726318,14400,0.0,0.0
2005-07-20 00:00:00-04:00,4.767566258985928,4.767566258985928,4.729146429950728,4.7570881843566895,22900,0.0,0.0
2005-07-21 00:00:00-04:00,4.736130671849686,4.764072418212891,4.736130671849686,4.764072418212891,17700,0.0,0.0
2005-07-22 00:00:00-04:00,4.764078023020188,4.78154138522344,4.736136243784245,4.767570495605469,10900,0.0,0.0
2005-07-25 00:00:00-04:00,4.767569693953121,4.767569693953121,4.750106334686279,4.750106334686279,2000,0.0,0.0
2005-07-26 00:00:00-04:00,4.7675677202012725,4.778046131134033,4.750104368164181,4.778046131134033,9100,0.0,0.0
2005-07-27 00:00:00-04:00,4.778042248590447,4.837418529926403,4.778042248590447,4.802491188049316,17500,0.0,0.0
2005-07-28 00:00:00-04:00,4.844408153341003,4.844408153341003,4.795509897374222,4.823451995849609,5800,0.0,0.0
2005-07-29 00:00:00-04:00,4.826943425301228,4.851392714555798,4.802494469138704,4.812972545623779,10100,0.0,0.0
2005-08-01 00:00:00-04:00,4.816467296858371,4.875843642775576,4.77455464087426,4.7815399169921875,12000,0.0,0.0
2005-08-02 00:00:00-04:00,4.854884337815416,4.854884337815416,4.746610122474541,4.809479236602783,12300,0.0,0.0
2005-08-03 00:00:00-04:00,4.8304372399003945,4.837422847747803,4.816466357297694,4.837422847747803,8400,0.0,0.0
2005-08-04 00:00:00-04:00,4.826944796286077,4.854886563577204,4.826944796286077,4.840915679931641,5800,0.0,0.0
2005-08-05 00:00:00-04:00,4.851392801128236,4.851392801128236,4.805987358093262,4.805987358093262,9300,0.0,0.0
2005-08-08 00:00:00-04:00,4.792017403359823,4.79900267812582,4.767568108948541,4.785031795501709,6200,0.0,0.0
2005-08-09 00:00:00-04:00,4.792015556779162,4.809479236602783,4.785029951612918,4.809479236602783,7300,0.0,0.0
2005-08-10 00:00:00-04:00,4.809479236602783,4.826942583334417,4.80249363143654,4.809479236602783,4100,0.0,0.0
2005-08-11 00:00:00-04:00,4.834056144861419,4.848098414648043,4.809481921639238,4.812992572784424,8600,0.07,0.0
2005-08-12 00:00:00-04:00,4.812989222632491,4.823520833943246,4.791925665217095,4.820010185241699,7700,0.0,0.0
2005-08-15 00:00:00-04:00,4.802453171518151,4.820005729211009,4.791921235150142,4.816495418548584,7500,0.0,0.0
2005-08-16 00:00:00-04:00,4.8165013768043075,4.8165013768043075,4.781395548403752,4.795437812805176,16400,0.0,0.0
2005-08-17 00:00:00-04:00,4.791926325470414,4.809479236602783,4.781394712708566,4.809479236602783,7900,0.0,0.0
2005-08-18 00:00:00-04:00,4.79192579402489,4.82703161239624,4.79192579402489,4.82703161239624,8600,0.0,0.0
2005-08-19 00:00:00-04:00,4.805963482180576,4.816495418548584,4.795431880606145,4.816495418548584,3500,0.0,0.0
2005-08-22 00:00:00-04:00,4.798947623840935,4.816500534973304,4.798947623840935,4.809479236602783,3100,0.0,0.0
2005-08-23 00:00:00-04:00,4.79894846260403,4.812990727005453,4.777884898604897,4.795437812805176,16900,0.0,0.0
2005-08-24 00:00:00-04:00,4.8024621326136625,4.8375676482976635,4.798951480607001,4.834057331085205,15200,0.0,0.0
2005-08-25 00:00:00-04:00,4.834053791426251,4.851606369018555,4.834053791426251,4.851606369018555,7000,0.0,0.0
2005-08-26 00:00:00-04:00,4.862139861245205,4.865650177001953,4.858629210694393,4.865650177001953,3400,0.0,0.0
2005-08-29 00:00:00-04:00,4.844584521581915,4.862137430767589,4.82703161239624,4.82703161239624,4900,0.0,0.0
2005-08-30 00:00:00-04:00,4.827034706562156,4.872672165781309,4.827034706562156,4.848098278045654,3600,0.0,0.0
2005-08-31 00:00:00-04:00,4.876180348733007,4.876180348733007,4.812990001060624,4.823521614074707,7400,0.0,0.0
2005-09-01 00:00:00-04:00,4.8656487604366,4.8656487604366,4.827032620002409,4.858627796173096,6500,0.0,0.0
2005-09-02 00:00:00-04:00,4.8516064971156245,4.858627796173096,4.8305432695311445,4.858627796173096,11900,0.0,0.0
2005-09-06 00:00:00-04:00,4.858627796173096,4.876180709022806,4.8305432695311445,4.858627796173096,7300,0.0,0.0
2005-09-07 00:00:00-04:00,4.855118430701558,4.904266532720397,4.855118430701558,4.900755882263184,24800,0.0,0.0
2005-09-08 00:00:00-04:00,4.883201525698586,4.918307350336985,4.883201525698586,4.907775402069092,26600,0.0,0.0
2005-09-09 00:00:00-04:00,4.897242781010512,4.932348598426054,4.89373213231018,4.925327301025391,7100,0.0,0.0
2005-09-12 00:00:00-04:00,4.921817999759616,4.921817999759616,4.897243788595154,4.907775402069092,11400,0.0,0.0
2005-09-13 00:00:00-04:00,4.932474397091047,4.939531031503042,4.914833484018758,4.921889781951904,14600,0.07,0.0
2005-09-14 00:00:00-04:00,4.921892423103037,4.925420742202376,4.897194862365723,4.897194862365723,5500,0.0,0.0
2005-09-15 00:00:00-04:00,4.886607646942139,4.918361492539005,4.886607646942139,4.886607646942139,9200,0.0,0.0
2005-09-16 00:00:00-04:00,4.886607646942139,4.890135627689223,4.861909762839441,4.886607646942139,5200,0.0,0.0
2005-09-19 00:00:00-04:00,4.847796995373926,4.854853630065918,4.823099446909679,4.854853630065918,6300,0.0,0.0
2005-09-20 00:00:00-04:00,4.840739906886479,4.851324520717615,4.823098659515381,4.823098659515381,13000,0.0,0.0
2005-09-21 00:00:00-04:00,4.833685094323284,4.833685094323284,4.7631204147341215,4.801930904388428,21000,0.0,0.0
2005-09-22 00:00:00-04:00,4.78429002353094,4.787818005178247,4.745479197100142,4.766648769378662,16900,0.0,0.0
2005-09-23 00:00:00-04:00,4.756062472974252,4.7878166541924365,4.657271948667886,4.727836608886719,20200,0.0,0.0
2005-09-26 00:00:00-04:00,4.738420864006142,4.738420864006142,4.699610054229587,4.717251300811768,15800,0.0,0.0
2005-09-27 00:00:00-04:00,4.731366207452981,4.741950825232816,4.685499081768452,4.7101969718933105,9100,0.0,0.0
2005-09-28 00:00:00-04:00,4.696080754760745,4.780758310791014,4.696080754760745,4.738419532775879,18600,0.0,0.0
2005-09-29 00:00:00-04:00,4.745476245880127,4.7525328777440805,4.72430702324572,4.745476245880127,5100,0.0,0.0
2005-09-30 00:00:00-04:00,4.763117290675042,4.766645606460062,4.731363121567281,4.749004364013672,8700,0.0,0.0
2005-10-03 00:00:00-04:00,4.749002233976702,4.787812680768412,4.745473919774212,4.773699760437012,6100,0.0,0.0
2005-10-04 00:00:00-04:00,4.756061238467118,4.770174503326416,4.756061238467118,4.770174503326416,8300,0.0,0.0
2005-10-05 00:00:00-04:00,4.752535571215719,4.86191073526492,4.738422635968115,4.777233123779297,47400,0.0,0.0
2005-10-06 00:00:00-04:00,4.784288673540626,4.784288673540626,4.727836608886719,4.727836608886719,15700,0.0,0.0
2005-10-07 00:00:00-04:00,4.738419532775879,4.738419532775879,4.727834585913072,4.738419532775879,8300,0.0,0.0
2005-10-10 00:00:00-04:00,4.749001894624365,4.749001894624365,4.738417289251806,4.741945266723633,3000,0.0,0.0
2005-10-11 00:00:00-04:00,4.731360661351074,4.745473580673998,4.7278323474007085,4.741945266723633,10600,0.0,0.0
2005-10-12 00:00:00-04:00,4.727761152244373,4.770321602391943,4.692293941334536,4.717121124267578,13100,0.07,0.0
2005-10-13 00:00:00-04:00,4.699388535437731,4.699388535437731,4.6497344970703125,4.6497344970703125,8000,0.0,0.0
2005-10-14 00:00:00-04:00,4.674562165451206,4.681655406951904,4.663921795839411,4.681655406951904,3700,0.0,0.0
2005-10-17 00:00:00-04:00,4.678108617081306,4.681655406951904,4.678108617081306,4.681655406951904,6300,0.0,0.0
2005-10-18 00:00:00-04:00,4.688750240782001,4.688750240782001,4.621362568178603,4.642642974853516,24400,0.0,0.0
2005-10-19 00:00:00-04:00,4.642639592563477,4.646186380798795,4.610719174926302,4.628452777862549,12500,0.0,0.0
2005-10-20 00:00:00-04:00,4.592985600901102,4.614265992206618,4.589438812643459,4.610719203948975,16800,0.0,0.0
2005-10-21 00:00:00-04:00,4.592987104994813,4.660374750996507,4.592987104994813,4.639094352722168,16600,0.0,0.0
2005-10-24 00:00:00-04:00,4.628452016689888,4.663918878489332,4.624905229037858,4.635545253753662,15600,0.0,0.0
2005-10-25 00:00:00-04:00,4.635546548288091,4.685200574562165,4.635546548288091,4.674560546875,7100,0.0,0.0
2005-10-26 00:00:00-04:00,4.663924109525598,4.681657729435411,4.653284072875977,4.653284072875977,6300,0.0,0.0
2005-10-27 00:00:00-04:00,4.674560010200652,4.674560010200652,4.61426596316162,4.628452777862549,7900,0.0,0.0
2005-10-28 00:00:00-04:00,4.628456149817104,4.642642974853516,4.614269324780692,4.642642974853516,7800,0.0,0.0
2005-10-31 00:00:00-05:00,4.653281172158242,4.674561570432581,4.6320011121243585,4.639094352722168,7900,0.0,0.0
2005-11-01 00:00:00-05:00,4.653282932918058,4.671016548483503,4.632002864831991,4.6461896896362305,25500,0.0,0.0
2005-11-02 00:00:00-05:00,4.646185234856079,4.681652093740626,4.646185234856079,4.663918495178223,11200,0.0,0.0
2005-11-03 00:00:00-05:00,4.685202196822503,4.688748986693102,4.678108617081306,4.681655406951904,17400,0.0,0.0
2005-11-04 00:00:00-05:00,4.667465282538755,4.68874566846169,4.663918495178223,4.663918495178223,19200,0.0,0.0
2005-11-07 00:00:00-05:00,4.663920805029615,4.6674675941467285,4.663920805029615,4.6674675941467285,400,0.0,0.0
2005-11-08 00:00:00-05:00,4.656828554338713,4.780963155645171,4.653281764468114,4.681655406951904,11500,0.0,0.0
2005-11-09 00:00:00-05:00,4.656827961577375,4.6958416304664645,4.639094352722168,4.639094352722168,11400,0.0,0.0
2005-11-10 00:00:00-05:00,4.6390966408450485,4.692583398278536,4.635530766333346,4.671188831329346,10700,0.07,0.0
2005-11-11 00:00:00-05:00,4.681880918164115,4.681880918164115,4.639091491699219,4.639091491699219,11600,0.0,0.0
2005-11-14 00:00:00-05:00,4.639095475762689,4.671187658187217,4.635529602146535,4.64622688293457,8700,0.0,0.0
2005-11-15 00:00:00-05:00,4.635527229408953,4.660487651824951,4.635527229408953,4.660487651824951,4700,0.0,0.0
2005-11-16 00:00:00-05:00,4.642657362252994,4.671183646562924,4.639091491699219,4.639091491699219,12200,0.0,0.0
2005-11-17 00:00:00-05:00,4.639093566807408,4.660488119579765,4.631961822509766,4.631961822509766,10400,0.0,0.0
2005-11-18 00:00:00-05:00,4.63196184045344,4.692580306977088,4.63196184045344,4.689014434814453,8200,0.0,0.0
2005-11-21 00:00:00-05:00,4.66405352361588,4.681882542510272,4.6533562483033455,4.660487651824951,4300,0.0,0.0
2005-11-22 00:00:00-05:00,4.653360439805536,4.67832088470459,4.639097279854568,4.67832088470459,5000,0.0,0.0
2005-11-23 00:00:00-05:00,4.671183548789516,4.731801986694336,4.671183548789516,4.731801986694336,6600,0.0,0.0
2005-11-25 00:00:00-05:00,4.738936342149272,4.760331238302916,4.738936342149272,4.756765365600586,3300,0.0,0.0
2005-11-28 00:00:00-05:00,4.713978441955375,4.763899326324463,4.713978441955375,4.763899326324463,8300,0.0,0.0
2005-11-29 00:00:00-05:00,4.731803679895881,4.763895505511289,4.731803679895881,4.749632358551025,7000,0.0,0.0
2005-11-30 00:00:00-05:00,4.760329973816408,4.7745931207766725,4.724671936385626,4.749632358551025,4300,0.0,0.0
2005-12-01 00:00:00-05:00,4.7496332315780245,4.870870173054873,4.7496332315780245,4.767462253570557,6400,0.0,0.0
2005-12-02 00:00:00-05:00,4.735368124033019,4.7995524406433105,4.735368124033019,4.7995524406433105,7800,0.0,0.0
2005-12-05 00:00:00-05:00,4.795986955058499,4.795986955058499,4.76389479417479,4.78885555267334,5300,0.0,0.0
2005-12-06 00:00:00-05:00,4.767463598405394,4.788858498843697,4.763897724988943,4.785292625427246,3200,0.0,0.0
2005-12-07 00:00:00-05:00,4.785292625427246,4.792424032199743,4.785292625427246,4.785292625427246,7600,0.0,0.0
2005-12-08 00:00:00-05:00,4.813817893527594,4.8280810440541515,4.813817893527594,4.817383766174316,11000,0.0,0.0
2005-12-09 00:00:00-05:00,4.817383461093757,4.824514865875244,4.813817588672858,4.824514865875244,7500,0.0,0.0
2005-12-12 00:00:00-05:00,4.820949723323725,4.824515255972613,4.813817977905273,4.813817977905273,4800,0.0,0.0
2005-12-13 00:00:00-05:00,4.860966045909189,4.860966045909189,4.791523479629973,4.79883337020874,15800,0.329,0.0
2005-12-14 00:00:00-05:00,4.868272611219355,4.893856864046735,4.787865955346314,4.813449859619141,25000,0.0,0.0
2005-12-15 00:00:00-05:00,4.795176531984605,4.802486419677734,4.795176531984605,4.802486419677734,700,0.0,0.0
2005-12-16 00:00:00-05:00,4.7915193186891605,4.7915193186891605,4.754970943198126,4.76593542098999,20100,0.0,0.0
2005-12-19 00:00:00-05:00,4.762284465579561,4.773249301105006,4.714771223966902,4.740355491638184,42100,0.0,0.0
2005-12-20 00:00:00-05:00,4.733044570676151,4.754973888397217,4.733044570676151,4.754973888397217,12200,0.0,0.0
2005-12-21 00:00:00-05:00,4.7513189440179255,4.7659383729804095,4.7366995150554425,4.754973888397217,10000,0.0,0.0
2005-12-22 00:00:00-05:00,4.754970943198126,4.76593542098999,4.7366965811753765,4.76593542098999,17500,0.0,0.0
2005-12-23 00:00:00-05:00,4.754974968294809,4.806142807006836,4.754974968294809,4.806142807006836,11300,0.0,0.0
2005-12-27 00:00:00-05:00,4.828073330615528,4.875586584491128,4.817108840814957,4.857312202453613,26100,0.0,0.0
2005-12-28 00:00:00-05:00,4.868274406371887,4.8755842951764965,4.846345437067422,4.850000381469727,13000,0.0,0.0
2005-12-29 00:00:00-05:00,4.864619538436836,4.930406791225307,4.85000011019999,4.8828935623168945,18400,0.0,0.0
2005-12-30 00:00:00-05:00,4.930406400173272,4.930406400173272,4.8609642086946865,4.871928691864014,20300,0.0,0.0
2006-01-03 00:00:00-05:00,4.871929735622,4.948681831359863,4.871929735622,4.948681831359863,32400,0.0,0.0
2006-01-04 00:00:00-05:00,4.948683430873967,4.948683430873967,4.904825126069974,4.919444561004639,16100,0.0,0.0
2006-01-05 00:00:00-05:00,4.908478981709182,4.988885681713113,4.904824036648618,4.955992221832275,21800,0.0,0.0
2006-01-06 00:00:00-05:00,4.966958045959473,4.970612992004239,4.948683664290482,4.966958045959473,11100,0.0,0.0
2006-01-09 00:00:00-05:00,4.941374120755789,4.988887025118391,4.941374120755789,4.966958045959473,21900,0.0,0.0
2006-01-10 00:00:00-05:00,4.970612992004239,4.988887025118391,4.945028718245716,4.966958045959473,20100,0.0,0.0
2006-01-11 00:00:00-05:00,4.9790751377402245,4.993762660558058,4.946028123855555,4.986418724060059,10100,0.063,0.0
2006-01-12 00:00:00-05:00,4.953368663787842,4.957040629778534,4.949696697797149,4.953368663787842,18300,0.0,0.0
2006-01-13 00:00:00-05:00,4.942356768299582,4.953372324233991,4.942356768299582,4.949700355529785,15300,0.0,0.0
2006-01-17 00:00:00-05:00,4.942352425986458,4.946024391464503,4.931336879730225,4.931336879730225,10200,0.0,0.0
2006-01-18 00:00:00-05:00,4.923994676097019,4.927666642863179,4.909307159210402,4.9129791259765625,5000,0.0,0.0
2006-01-19 00:00:00-05:00,4.90931082800268,4.9239983558654785,4.901967239160424,4.9239983558654785,4900,0.0,0.0
2006-01-20 00:00:00-05:00,4.909307294341343,4.920322844765008,4.901963710784912,4.901963710784912,12400,0.0,0.0
2006-01-23 00:00:00-05:00,4.90931082800268,4.9276703253757494,4.90931082800268,4.9239983558654785,2400,0.0,0.0
2006-01-24 00:00:00-05:00,4.935013914218006,4.938685883728277,4.912982797512951,4.9239983558654785,7100,0.0,0.0
2006-01-25 00:00:00-05:00,4.916651298952267,4.9350104331970215,4.916651298952267,4.9350104331970215,3100,0.0,0.0
2006-01-26 00:00:00-05:00,5.026807842530245,5.026807842530245,4.953370250088011,4.957042217254639,40100,0.0,0.0
2006-01-27 00:00:00-05:00,4.990088172454387,4.997431755065918,4.942353659856474,4.997431755065918,14900,0.0,0.0
2006-01-30 00:00:00-05:00,5.001105272149165,5.001105272149165,4.9607146798168955,4.9717302322387695,9200,0.0,0.0
2006-01-31 00:00:00-05:00,4.990090692309058,5.004778215126893,4.96438761492239,4.986418724060059,10500,0.0,0.0
2006-02-01 00:00:00-05:00,4.964387413184141,4.979074935405117,4.938683986663818,4.938683986663818,44100,0.0,0.0
2006-02-02 00:00:00-05:00,4.938682379395811,4.949697929932053,4.912979311418567,4.920322895050049,49500,0.0,0.0
2006-02-03 00:00:00-05:00,4.890947589872926,4.890947589872926,4.828525556653874,4.854228973388672,111900,0.0,0.0
2006-02-06 00:00:00-05:00,4.75876037703188,4.8211824159808625,4.75876037703188,4.813838481903076,94500,0.0,0.0
2006-02-07 00:00:00-05:00,4.795479976924634,4.832198601602204,4.795479976924634,4.817511081695557,39500,0.0,0.0
2006-02-08 00:00:00-05:00,4.80282356178891,4.839542536644576,4.80282356178891,4.817511081695557,33800,0.0,0.0
2006-02-09 00:00:00-05:00,4.813836439069014,4.8395398472555335,4.813836439069014,4.835867881774902,43600,0.0,0.0
2006-02-10 00:00:00-05:00,4.835867088784098,4.839539053662596,4.8101640349902945,4.8285231590271,16000,0.0,0.0
2006-02-13 00:00:00-05:00,4.86283742068482,4.86283742068482,4.8185627681458945,4.851768493652344,52500,0.063,0.0
2006-02-14 00:00:00-05:00,4.822252058626392,4.851768493652344,4.811183483457576,4.851768493652344,58300,0.0,0.0
2006-02-15 00:00:00-05:00,4.851768617144448,4.859147902020591,4.829631466243358,4.8554582595825195,36200,0.0,0.0
2006-02-16 00:00:00-05:00,4.851768984741663,4.8702168464660645,4.851768984741663,4.8702168464660645,32000,0.0,0.0
2006-02-17 00:00:00-05:00,4.8665294703815665,4.888666985134349,4.851771244500998,4.884977340698242,63700,0.0,0.0
2006-02-21 00:00:00-05:00,4.888664708190466,4.888664708190466,4.855458627459282,4.8702168464660645,27100,0.0,0.0
2006-02-22 00:00:00-05:00,4.881285667419434,4.907112815873606,4.8702170905754825,4.881285667419434,107800,0.0,0.0
2006-02-23 00:00:00-05:00,4.892355805535869,4.907114028930664,4.866528650697127,4.907114028930664,53400,0.0,0.0
2006-02-24 00:00:00-05:00,4.899734022549796,4.907113309096612,4.888665444593321,4.896044731140137,33700,0.0,0.0
2006-02-27 00:00:00-05:00,4.877598403689888,4.907114855451024,4.877598403689888,4.884977340698242,44300,0.0,0.0
2006-02-28 00:00:00-05:00,4.903426170349121,4.918184399117074,4.884978296423199,4.903426170349121,49900,0.0,0.0
2006-03-01 00:00:00-05:00,4.892354133315481,4.92187057001627,4.888664490761962,4.899733066558838,26800,0.0,0.0
2006-03-02 00:00:00-05:00,4.899734254597618,4.9218717634227325,4.888665676116943,4.888665676116943,22300,0.0,0.0
2006-03-03 00:00:00-05:00,4.881286158046505,4.896044731140137,4.8702175800900305,4.896044731140137,30300,0.0,0.0
2006-03-06 00:00:00-05:00,4.888668179743279,4.888668179743279,4.844393491282485,4.873909950256348,40100,0.0,0.0
2006-03-07 00:00:00-05:00,4.8443924158162845,4.848082060334894,4.80380738170318,4.829634189605713,47100,0.0,0.0
2006-03-08 00:00:00-05:00,4.829635975333397,4.851773146902401,4.822256683567731,4.844394207000732,34700,0.0,0.0
2006-03-09 00:00:00-05:00,4.83332170581989,4.866527436273966,4.83332170581989,4.8591485023498535,22500,0.0,0.0
2006-03-10 00:00:00-05:00,4.8554616033338345,4.896046994374727,4.851771958354861,4.892357349395752,76800,0.0,0.0
2006-03-13 00:00:00-05:00,4.878639367602596,4.878639367602596,4.848982013368333,4.867517948150635,67200,0.063,0.0
2006-03-14 00:00:00-05:00,4.886054991210623,4.886054991210623,4.8638117937178444,4.8712263107299805,23200,0.0,0.0
2006-03-15 00:00:00-05:00,4.856395742753213,4.882345835122615,4.837859810970713,4.845273971557617,43800,0.0,0.0
2006-03-16 00:00:00-05:00,4.8452741433739845,4.893467426300049,4.8452741433739845,4.893467426300049,25100,0.0,0.0
2006-03-17 00:00:00-05:00,4.8823466252677665,4.8823466252677665,4.856396528698673,4.867517948150635,38200,0.0,0.0
2006-03-20 00:00:00-05:00,4.867519052223913,4.904590576653703,4.852690371743271,4.8712263107299805,58100,0.0,0.0
2006-03-21 00:00:00-05:00,4.8749311625327305,4.8934670937127205,4.856395584896222,4.882345676422119,34400,0.0,0.0
2006-03-22 00:00:00-05:00,4.897174350657415,4.900881607602108,4.856395584896222,4.882345676422119,34300,0.0,0.0
2006-03-23 00:00:00-05:00,4.863810704829343,4.919418509340244,4.863810704829343,4.912003993988037,36300,0.0,0.0
2006-03-24 00:00:00-05:00,4.8971775447245145,4.926834912538415,4.8971775447245145,4.908298969268799,33600,0.0,0.0
2006-03-27 00:00:00-05:00,4.897174683496709,4.926832033982978,4.893467426300049,4.893467426300049,32700,0.0,0.0
2006-03-28 00:00:00-05:00,4.904588511003322,4.915710281837404,4.856395584896222,4.882345676422119,51600,0.0,0.0
2006-03-29 00:00:00-05:00,4.886054047658949,4.915711402893066,4.856396692424831,4.915711402893066,33900,0.0,0.0
2006-03-30 00:00:00-05:00,4.900883671691266,4.912005093665839,4.8638117937178444,4.8712263107299805,61500,0.0,0.0
2006-03-31 00:00:00-05:00,4.9008836775166476,4.934248297023658,4.8860549970183795,4.930541038513184,51800,0.0,0.0
2006-04-03 00:00:00-04:00,4.930539311257445,4.937953472137451,4.893467446226894,4.937953472137451,71400,0.0,0.0
2006-04-04 00:00:00-04:00,4.92312589473249,4.9601977680303815,4.900883053588624,4.926833152770996,56100,0.0,0.0
2006-04-05 00:00:00-04:00,4.908298969268799,4.93054217190108,4.8897630259991836,4.908298969268799,19000,0.0,0.0
2006-04-06 00:00:00-04:00,4.8971781730651855,4.923128284845993,4.878642227417284,4.8971781730651855,22000,0.0,0.0
2006-04-07 00:00:00-04:00,4.900878202827434,4.911999612391686,4.837856292724609,4.837856292724609,59300,0.0,0.0
2006-04-10 00:00:00-04:00,4.8378617140074445,4.874933238611524,4.826740291980584,4.830447196960449,59800,0.0,0.0
2006-04-11 00:00:00-04:00,4.835289518375542,4.853915512728651,4.8203887939453125,4.8203887939453125,40800,0.063,0.0
2006-04-12 00:00:00-04:00,4.816661574139808,4.84273774059793,4.786860139541634,4.812936305999756,67300,0.0,0.0
2006-04-13 00:00:00-04:00,4.820389873523599,4.820389873523599,4.790588417988784,4.798038959503174,33100,0.0,0.0
2006-04-17 00:00:00-04:00,4.798035588700668,4.82411175515879,4.798035588700668,4.812936305999756,31900,0.0,0.0
2006-04-18 00:00:00-04:00,4.805486686188892,4.850189201872632,4.801761772599573,4.827837944030762,54700,0.0,0.0
2006-04-19 00:00:00-04:00,4.812937620206543,4.857639784310048,4.805487081892015,4.8352885246276855,53500,0.0,0.0
2006-04-20 00:00:00-04:00,4.812937620206543,4.8352885246276855,4.805487081892015,4.8352885246276855,35100,0.0,0.0
2006-04-21 00:00:00-04:00,4.805488069515084,4.839014788298423,4.805488069515084,4.8203887939453125,16200,0.0,0.0
2006-04-24 00:00:00-04:00,4.816665046263491,4.861367230384607,4.809214504612616,4.839015960693359,24000,0.0,0.0
2006-04-25 00:00:00-04:00,4.839014788975524,4.872541507763554,4.831564604390014,4.842740058898926,23600,0.0,0.0
2006-04-26 00:00:00-04:00,4.865087247240631,4.865087247240631,4.842736001687236,4.861361980438232,26700,0.0,0.0
2006-04-27 00:00:00-04:00,4.842737490818955,4.857638207349492,4.827836774288417,4.831562042236328,42300,0.0,0.0
2006-04-28 00:00:00-04:00,4.857636721884455,4.8613619886931785,4.820384764319206,4.82411003112793,32300,0.0,0.0
2006-05-01 00:00:00-04:00,4.827836978775898,4.85763841309924,4.805485725402832,4.805485725402832,44400,0.0,0.0
2006-05-02 00:00:00-04:00,4.805487533529276,4.83156406481967,4.786861896514893,4.786861896514893,53400,0.0,0.0
2006-05-03 00:00:00-04:00,4.794311597258249,4.794311597258249,4.7570599717211985,4.764510154724121,52200,0.0,0.0
2006-05-04 00:00:00-04:00,4.786861632697481,4.790586546738315,4.742159111595131,4.760785102844238,51300,0.0,0.0
2006-05-05 00:00:00-04:00,4.742159804811361,4.779411792755127,4.742159804811361,4.779411792755127,40600,0.0,0.0
2006-05-08 00:00:00-04:00,4.786861935046405,4.794312118859877,4.76078540354611,4.771961212158203,32200,0.0,0.0
2006-05-09 00:00:00-04:00,4.764512713250545,4.786863984784302,4.75333725511437,4.775688171386719,40000,0.0,0.0
2006-05-10 00:00:00-04:00,4.7719632555156,4.794314171787949,4.757062526246898,4.775688171386719,44300,0.0,0.0
2006-05-11 00:00:00-04:00,4.756599435798559,4.7753115426691695,4.756599435798559,4.767826557159424,39100,0.059,0.0
2006-05-12 00:00:00-04:00,4.756601057604832,4.775313170855507,4.752858563573922,4.760343551635742,59200,0.0,0.0
2006-05-15 00:00:00-04:00,4.752858563573922,4.760343551635742,4.734146450323246,4.760343551635742,45700,0.0,0.0
2006-05-16 00:00:00-04:00,4.741631438385067,4.760343551635742,4.7378889443541565,4.760343551635742,53600,0.0,0.0
2006-05-17 00:00:00-04:00,4.741627896795416,4.760339996069757,4.737885405559826,4.745370388031006,39200,0.0,0.0
2006-05-18 00:00:00-04:00,4.734142914324236,4.752855013598578,4.726658288756665,4.745370388031006,48200,0.0,0.0
2006-05-19 00:00:00-04:00,4.749116625518232,4.7640862464904785,4.734147004545985,4.7640862464904785,28100,0.0,0.0
2006-05-22 00:00:00-04:00,4.722917231890008,4.764083577273056,4.722917231890008,4.756598949432373,37900,0.0,0.0
2006-05-23 00:00:00-04:00,4.752856731414795,4.767826344863986,4.726659997104646,4.752856731414795,17200,0.0,0.0
2006-05-24 00:00:00-04:00,4.734142997746049,4.764082214351119,4.726658372046589,4.749112606048584,35000,0.0,0.0
2006-05-25 00:00:00-04:00,4.764086992479089,4.764086992479089,4.722920617585318,4.726663112640381,34300,0.0,0.0
2006-05-26 00:00:00-04:00,4.719175011928181,4.756599224003027,4.715432876243686,4.752856731414795,47100,0.0,0.0
2006-05-30 00:00:00-04:00,4.76782613122703,4.76782613122703,4.730402277732811,4.737886905670166,23200,0.0,0.0
2006-05-31 00:00:00-04:00,4.749112522362988,4.7565975048341675,4.737885405559826,4.745370388031006,32100,0.0,0.0
2006-06-01 00:00:00-04:00,4.7453720412087534,4.77531126771639,4.737887056129979,4.771568775177002,47200,0.0,0.0
2006-06-02 00:00:00-04:00,4.767826282637614,4.790280880970207,4.764083790098226,4.771568775177002,35500,0.0,0.0
2006-06-05 00:00:00-04:00,4.771568837452218,4.794023436077873,4.7416296105538365,4.752856731414795,35800,0.0,0.0
2006-06-06 00:00:00-04:00,4.737889499015026,4.7902833508698475,4.734147004545985,4.7640862464904785,67100,0.0,0.0
2006-06-07 00:00:00-04:00,4.760343615826891,4.775313235248515,4.715434757562019,4.730404376983643,55600,0.0,0.0
2006-06-08 00:00:00-04:00,4.719176969970292,4.734146589630554,4.696722718931841,4.722919464111328,51600,0.0,0.0
2006-06-09 00:00:00-04:00,4.7154348327331395,4.737889083771591,4.696722718931841,4.722919464111328,23200,0.0,0.0
2006-06-12 00:00:00-04:00,4.692979076810941,4.722918308807837,4.692979076810941,4.719175815582275,46400,0.0,0.0
2006-06-13 00:00:00-04:00,4.703759318209811,4.711279130519862,4.662399095469338,4.673679351806641,66300,0.059,0.0
2006-06-14 00:00:00-04:00,4.632322311401367,4.681202380031758,4.621042405896425,4.632322311401367,114800,0.0,0.0
2006-06-15 00:00:00-04:00,4.628560952465353,4.651120755533039,4.624800865760204,4.643600940704346,86000,0.0,0.0
2006-06-16 00:00:00-04:00,4.6548797948740095,4.666159693869836,4.621039739305006,4.651119709014893,38800,0.0,0.0
2006-06-19 00:00:00-04:00,4.651118918077385,4.677438797452377,4.628559123922097,4.662398815155029,43000,0.0,0.0
2006-06-20 00:00:00-04:00,4.481919478304125,4.651119385809966,4.481919478304125,4.628559589385986,51200,0.0,0.0
2006-06-21 00:00:00-04:00,4.628559022839973,4.651118816502583,4.624798937702386,4.636078834533691,41300,0.0,0.0
2006-06-22 00:00:00-04:00,4.628559589385986,4.647359300212137,4.624799503788157,4.628559589385986,50800,0.0,0.0
2006-06-23 00:00:00-04:00,4.609762500391483,4.647362304935201,4.609762500391483,4.632322311401367,35200,0.0,0.0
2006-06-26 00:00:00-04:00,4.605999121444936,4.643599257705648,4.590959138656946,4.639839172363281,37300,0.0,0.0
2006-06-27 00:00:00-04:00,4.654880842238189,4.666160743772032,4.628560952465353,4.643600940704346,28100,0.0,0.0
2006-06-28 00:00:00-04:00,4.636082399430259,4.662402298469034,4.613522588420374,4.632322311401367,45500,0.0,0.0
2006-06-29 00:00:00-04:00,4.628558428506825,4.666158199310303,4.6210382591972845,4.666158199310303,44900,0.0,0.0
2006-06-30 00:00:00-04:00,4.64735813461786,4.673678368619844,4.636078239234957,4.666158199310303,38500,0.0,0.0
2006-07-03 00:00:00-04:00,4.64735813461786,4.681198179347976,4.64735813461786,4.666158199310303,42400,0.0,0.0
2006-07-05 00:00:00-04:00,4.639840853999196,4.654880842238189,4.628560952465353,4.643600940704346,30100,0.0,0.0
2006-07-06 00:00:00-04:00,4.651119358003774,4.651119358003774,4.6097594924194105,4.621039390563965,43100,0.0,0.0
2006-07-07 00:00:00-04:00,4.624800178701796,4.636080078559902,4.617280006408691,4.617280006408691,38900,0.0,0.0
2006-07-10 00:00:00-04:00,4.63231647460946,4.63231647460946,4.605996608734131,4.605996608734131,31000,0.0,0.0
2006-07-11 00:00:00-04:00,4.609759519978338,4.6435995731958055,4.605999434380508,4.628559589385986,52000,0.0,0.0
2006-07-12 00:00:00-04:00,4.627047779941206,4.638379224663098,4.615716335219314,4.623270511627197,52100,0.056,0.0
2006-07-13 00:00:00-04:00,4.619498629412063,4.638384632782085,4.604389898760156,4.6081671714782715,49100,0.0,0.0
2006-07-14 00:00:00-04:00,4.6043853759765625,4.627048629803098,4.5930539291733945,4.6043853759765625,57300,0.0,0.0
2006-07-17 00:00:00-04:00,4.604386288550703,4.645935535430908,4.604386288550703,4.645935535430908,66800,0.0,0.0
2006-07-18 00:00:00-04:00,4.6308268166254525,4.6534897147235,4.627049546869022,4.645935535430908,31600,0.0,0.0
2006-07-19 00:00:00-04:00,4.65726865190686,4.672377376121643,4.642159927692076,4.649714469909668,34700,0.0,0.0
2006-07-20 00:00:00-04:00,4.64971553895734,4.668601178402644,4.627052267314298,4.653492450714111,88900,0.0,0.0
2006-07-21 00:00:00-04:00,4.645936459576608,4.679931173706002,4.6346050082735895,4.67237663269043,28500,0.0,0.0
2006-07-24 00:00:00-04:00,4.649713730084394,4.679931173706002,4.630827737765803,4.67237663269043,46700,0.0,0.0
2006-07-25 00:00:00-04:00,4.653489682223436,4.679930210113525,4.653489682223436,4.679930210113525,52600,0.0,0.0
2006-07-26 00:00:00-04:00,4.679933518899265,4.706373705262708,4.672378974097982,4.698819160461426,50400,0.0,0.0
2006-07-27 00:00:00-04:00,4.691262440675119,4.732811333967163,4.672376449098615,4.729034423828125,48300,0.0,0.0
2006-07-28 00:00:00-04:00,4.744141696818368,4.7516958750107365,4.725255711007121,4.747918605804443,40500,0.0,0.0
2006-07-31 00:00:00-04:00,4.755472537097007,4.770581251773066,4.732809284972832,4.763026714324951,36300,0.0,0.0
2006-08-01 00:00:00-04:00,4.747921558595661,4.781916282153602,4.740367375705253,4.766807556152344,83600,0.0,0.0
2006-08-02 00:00:00-04:00,4.763027164555163,4.804576404006943,4.763027164555163,4.797021865844727,51400,0.0,0.0
2006-08-03 00:00:00-04:00,4.797024377667803,4.812133101683276,4.77436147175479,4.789470195770264,36300,0.0,0.0
2006-08-04 00:00:00-04:00,4.778137296272556,4.815909277833888,4.778137296272556,4.804577827453613,70900,0.0,0.0
2006-08-07 00:00:00-04:00,4.797023287053222,4.804577827453613,4.785691836672948,4.804577827453613,58000,0.0,0.0
2006-08-08 00:00:00-04:00,4.781913149740499,4.819685120111171,4.7781358806593905,4.797021865844727,20100,0.0,0.0
2006-08-09 00:00:00-04:00,4.793247211714214,4.800801753997803,4.789470300792822,4.800801753997803,56100,0.0,0.0
2006-08-10 00:00:00-04:00,4.797023491832332,4.8385727453675464,4.797023491832332,4.8347954750061035,56500,0.0,0.0
2006-08-11 00:00:00-04:00,4.821894405849889,4.856038483818945,4.821894405849889,4.837069511413574,10000,0.056,0.0
2006-08-14 00:00:00-04:00,4.837071512901556,4.848452756332898,4.821896401058699,4.825690269470215,39800,0.0,0.0
2006-08-15 00:00:00-04:00,4.825685336090387,4.859829393281569,4.810510239761287,4.848447799682617,53300,0.0,0.0
2006-08-16 00:00:00-04:00,4.859833451042128,4.878802065939387,4.848451847940008,4.863626956939697,63900,0.0,0.0
2006-08-17 00:00:00-04:00,4.90915556804648,4.916743308523911,4.878805329743517,4.886393070220947,58200,0.0,0.0
2006-08-18 00:00:00-04:00,4.875009500340532,4.9129470992556445,4.875009500340532,4.893978118896484,43900,0.0,0.0
2006-08-21 00:00:00-04:00,4.875011821308181,4.90915556804648,4.867424080830751,4.886393070220947,36500,0.0,0.0
2006-08-22 00:00:00-04:00,4.890183692140217,4.916740042564327,4.867420847631593,4.875008583068848,60400,0.0,0.0
2006-08-23 00:00:00-04:00,4.856040218801313,4.9053594199549835,4.856040218801313,4.9015655517578125,43900,0.0,0.0
2006-08-24 00:00:00-04:00,4.924326995019193,4.924326995019193,4.878801671698882,4.882595539093018,56200,0.0,0.0
2006-08-25 00:00:00-04:00,4.882595956702962,4.905358801211585,4.867420847631593,4.875008583068848,37000,0.0,0.0
2006-08-28 00:00:00-04:00,4.852245787317233,4.9167400919693955,4.852245787317233,4.9129462242126465,53500,0.0,0.0
2006-08-29 00:00:00-04:00,4.916737470350914,4.928118705749512,4.890181133819871,4.928118705749512,54800,0.0,0.0
2006-08-30 00:00:00-04:00,4.931914571091232,4.9546774129204,4.916739463806152,4.916739463806152,26800,0.0,0.0
2006-08-31 00:00:00-04:00,4.878801574256429,4.9243268966674805,4.875008068741168,4.9243268966674805,48200,0.0,0.0
2006-09-01 00:00:00-04:00,4.916740728406595,4.950884819030762,4.916740728406595,4.950884819030762,43100,0.0,0.0
2006-09-05 00:00:00-04:00,4.924326448937951,4.947089288975384,4.905357837677002,4.905357837677002,37500,0.0,0.0
2006-09-06 00:00:00-04:00,4.893975912854566,4.89776977957689,4.852244464318132,4.871213436126709,74100,0.0,0.0
2006-09-07 00:00:00-04:00,4.840865179214962,4.886390512842926,4.840865179214962,4.87880277633667,29500,0.0,0.0
2006-09-08 00:00:00-04:00,4.856040519981372,4.901565855761431,4.856040519981372,4.893978118896484,41000,0.0,0.0
2006-09-11 00:00:00-04:00,4.8939762367567505,4.90915134284735,4.875007625495803,4.905357837677002,42800,0.0,0.0
2006-09-12 00:00:00-04:00,4.8977716835606415,4.912946794546142,4.8939778153634705,4.9015655517578125,25400,0.0,0.0
2006-09-13 00:00:00-04:00,4.896232575160262,4.9267149269759685,4.877181014430872,4.911473751068115,30700,0.056,0.0
2006-09-14 00:00:00-04:00,4.896231177942873,4.915282369857406,4.869558855181779,4.8771796226501465,53100,0.0,0.0
2006-09-15 00:00:00-04:00,4.869558310584219,4.9000406502922464,4.86574829065433,4.884799480438232,32100,0.0,0.0
2006-09-18 00:00:00-04:00,4.884799480438232,4.907661416908329,4.873368693892261,4.884799480438232,38300,0.0,0.0
2006-09-19 00:00:00-04:00,4.884797620837079,4.903849166746372,4.87336683864271,4.892418384552002,56900,0.0,0.0
2006-09-20 00:00:00-04:00,4.877177220500171,4.907659548603833,4.877177220500171,4.892418384552002,55400,0.0,0.0
2006-09-21 00:00:00-04:00,4.861935573984366,4.926710605621338,4.861935573984366,4.926710605621338,67800,0.0,0.0
2006-09-22 00:00:00-04:00,4.9152798476148964,4.938141774910364,4.9152798476148964,4.930521011352539,38300,0.0,0.0
2006-09-25 00:00:00-04:00,4.9229002241419915,4.930520623722706,4.9114694430819315,4.926710605621338,75500,0.0,0.0
2006-09-26 00:00:00-04:00,4.930520623722706,4.938141386681398,4.9229002241419915,4.926710605621338,29800,0.0,0.0
2006-09-27 00:00:00-04:00,4.930522917637574,4.9495744705200195,4.930522917637574,4.9495744705200195,46400,0.0,0.0
2006-09-28 00:00:00-04:00,4.9495744705200195,4.957195237024257,4.930522917637574,4.9495744705200195,21900,0.0,0.0
2006-09-29 00:00:00-04:00,4.961005620276375,4.968626023402465,4.945764087267901,4.9495744705200195,27600,0.0,0.0
2006-10-02 00:00:00-04:00,4.953385372111511,4.976247310638428,4.949574988460661,4.976247310638428,34600,0.0,0.0
2006-10-03 00:00:00-04:00,4.957197686764285,4.976249249061601,4.949576916494028,4.961008071899414,19900,0.0,0.0
2006-10-04 00:00:00-04:00,4.934334268507513,4.9838681703641585,4.934334268507513,4.972437381744385,63200,0.0,0.0
2006-10-05 00:00:00-04:00,4.961006139413212,4.987678098212793,4.945764604809811,4.976247310638428,33700,0.0,0.0
2006-10-06 00:00:00-04:00,4.9571943051127025,4.983866256107131,4.949573540041106,4.953383922576904,32600,0.0,0.0
2006-10-09 00:00:00-04:00,4.945764087267901,4.980056809780673,4.945764087267901,4.9495744705200195,32600,0.0,0.0
2006-10-10 00:00:00-04:00,4.9457665313589,4.976249249061601,4.9457665313589,4.961008071899414,28900,0.0,0.0
2006-10-11 00:00:00-04:00,4.959475098085013,4.982435791455985,4.940341247767177,4.9441680908203125,40800,0.056,0.0
2006-10-12 00:00:00-04:00,4.94416968483987,4.970956864952427,4.93651599626602,4.9556498527526855,44700,0.0,0.0
2006-10-13 00:00:00-04:00,4.963299649279182,4.963299649279182,4.898244807207042,4.9135518074035645,43000,0.0,0.0
2006-10-16 00:00:00-04:00,4.886765269928678,4.947993278503418,4.886765269928678,4.947993278503418,32900,0.0,0.0
2006-10-17 00:00:00-04:00,4.944166436730567,4.9594734388742525,4.840843898549905,4.947993278503418,45900,0.0,0.0
2006-10-18 00:00:00-04:00,4.955648480587128,4.955648480587128,4.9097274567029405,4.940341472625732,34100,0.0,0.0
2006-10-19 00:00:00-04:00,4.951821269999136,4.967128276824951,4.921207256347505,4.967128276824951,48400,0.0,0.0
2006-10-20 00:00:00-04:00,4.936512176211252,4.98626001860069,4.936512176211252,4.978606700897217,36400,0.0,0.0
2006-10-23 00:00:00-04:00,4.978606700897217,4.990086859926263,4.955646017891447,4.978606700897217,30900,0.0,0.0
2006-10-24 00:00:00-04:00,4.990088265251104,4.990088265251104,4.947994093658118,4.970954418182373,41000,0.0,0.0
2006-10-25 00:00:00-04:00,4.978608102988977,4.986261422847802,4.955647413516943,4.970954418182373,56100,0.0,0.0
2006-10-26 00:00:00-04:00,4.963302777579324,4.986263109871848,4.95182224648516,4.974782943725586,41800,0.0,0.0
2006-10-27 00:00:00-04:00,4.970956100027531,4.974782943725586,4.967129256329477,4.974782943725586,24000,0.0,0.0
2006-10-30 00:00:00-05:00,4.967129834205581,5.001570701599121,4.967129834205581,5.001570701599121,58900,0.0,0.0
2006-10-31 00:00:00-05:00,4.993914327915855,5.016874648855136,4.978607325640426,5.01304817199707,51800,0.0,0.0
2006-11-01 00:00:00-05:00,4.986261233106383,5.043662772128285,4.986261233106383,5.0398359298706055,55300,0.0,0.0
2006-11-02 00:00:00-05:00,5.020702083529971,5.043662772128285,5.020702083529971,5.0398359298706055,35000,0.0,0.0
2006-11-03 00:00:00-05:00,5.024530696038447,5.032184018302472,4.990089833480598,5.005396842956543,75500,0.0,0.0
2006-11-06 00:00:00-05:00,5.020703852432487,5.028357539644406,4.986262989874638,5.005396842956543,31200,0.0,0.0
2006-11-07 00:00:00-05:00,5.016873867324372,5.024527549743652,4.990086708752217,5.024527549743652,33700,0.0,0.0
2006-11-08 00:00:00-05:00,5.039838350842475,5.039838350842475,4.990090472438695,5.0168776512146,59500,0.0,0.0
2006-11-09 00:00:00-05:00,5.0168776512146,5.028358183502507,4.993917316534664,5.0168776512146,38900,0.0,0.0
2006-11-10 00:00:00-05:00,5.005391984578849,5.051312968434453,5.001565144687331,5.036005973815918,48900,0.0,0.0
2006-11-13 00:00:00-05:00,5.053687379972688,5.057530576319687,5.019099712371826,5.019099712371826,26600,0.056,0.0
2006-11-14 00:00:00-05:00,5.015255062700913,5.053685915512256,5.015255062700913,5.04215669631958,34400,0.0,0.0
2006-11-15 00:00:00-05:00,5.026786583021471,5.057531425947616,5.015257358551025,5.015257358551025,59200,0.0,0.0
2006-11-16 00:00:00-05:00,5.015258639977839,5.057532718175694,5.015258639977839,5.030631065368652,38600,0.0,0.0
2006-11-17 00:00:00-05:00,5.015263336396144,5.057537454180543,5.00757693324923,5.049851417541504,41300,0.0,0.0
2006-11-20 00:00:00-05:00,5.049845398469798,5.057531425947616,5.00757096456577,5.015257358551025,45000,0.0,0.0
2006-11-21 00:00:00-05:00,5.007569901205069,5.049844326132096,5.007569901205069,5.011413097381592,34300,0.0,0.0
2006-11-22 00:00:00-05:00,5.003726427671882,5.0536865055085265,5.003726427671882,5.0460004806518555,19100,0.0,0.0
2006-11-24 00:00:00-05:00,5.0536865055085265,5.069058921729181,4.999883231989891,5.0460004806518555,17400,0.0,0.0
2006-11-27 00:00:00-05:00,5.069062054966736,5.080591649139269,5.007572352076721,5.0383172035217285,61100,0.0,0.0
2006-11-28 00:00:00-05:00,5.034473127953799,5.065217971801758,5.022943536630228,5.065217971801758,15100,0.0,0.0
2006-11-29 00:00:00-05:00,5.072903667089068,5.080590060801102,5.038315628399762,5.053688049316406,40600,0.0,0.0
2006-11-30 00:00:00-05:00,5.026788948599523,5.149768378177519,5.026788948599523,5.080592632293701,90600,0.0,0.0
2006-12-01 00:00:00-05:00,5.092117057373677,5.126705080932849,5.072901448006663,5.099803447723389,83600,0.0,0.0
2006-12-04 00:00:00-05:00,5.119019029788931,5.1228622252184515,5.095960590226386,5.115176200866699,48000,0.0,0.0
2006-12-05 00:00:00-05:00,5.134393214768297,5.149765635277793,5.11133476725776,5.130550384521484,66200,0.0,0.0
2006-12-06 00:00:00-05:00,5.11133604492004,5.149766922546503,5.107492847205142,5.145924091339111,32200,0.0,0.0
2006-12-07 00:00:00-05:00,5.13055159536522,5.153610048317703,5.092120351767745,5.122865200042725,98100,0.0,0.0
2006-12-08 00:00:00-05:00,5.095962855513142,5.134393727369994,5.092119658375221,5.111335277557373,67200,0.0,0.0
2006-12-11 00:00:00-05:00,5.0998058321028585,5.138236702297713,5.0998058321028585,5.103648662567139,38000,0.0,0.0
2006-12-12 00:00:00-05:00,5.1267071877672565,5.134393214768297,5.107491570503531,5.130550384521484,29700,0.0,0.0
2006-12-13 00:00:00-05:00,5.129780765060306,5.1336407336014265,5.098901752945065,5.1143412590026855,102300,0.058,0.0
2006-12-14 00:00:00-05:00,5.114338856290255,5.129778355094411,5.0718803266054975,5.125918388366699,84000,0.0,0.0
2006-12-15 00:00:00-05:00,5.125919350683776,5.149078787291202,5.125919350683776,5.141358852386475,47300,0.0,0.0
2006-12-18 00:00:00-05:00,5.129780298203959,5.156799339319103,5.1259203300141305,5.145219802856445,67500,0.0,0.0
2006-12-19 00:00:00-05:00,5.141358910985068,5.156798412863738,5.118199842220443,5.149078845977783,49100,0.0,0.0
2006-12-20 00:00:00-05:00,5.1336393816113555,5.172237952536696,5.1336393816113555,5.1683783531188965,46000,0.0,0.0
2006-12-21 00:00:00-05:00,5.152936871732821,5.191535427831321,5.152936871732821,5.17223596572876,41600,0.0,0.0
2006-12-22 00:00:00-05:00,5.187676489726467,5.210835922459902,5.1760969574130975,5.195396423339844,48300,0.0,0.0
2006-12-26 00:00:00-05:00,5.17223744562391,5.218556315165591,5.17223744562391,5.206976413726807,43600,0.0,0.0
2006-12-27 00:00:00-05:00,5.195399289776839,5.233998242926378,5.195399289776839,5.226278305053711,43800,0.0,0.0
2006-12-28 00:00:00-05:00,5.23399063578105,5.253289716199404,5.2069712606039005,5.230130672454834,97100,0.0,0.0
2006-12-29 00:00:00-05:00,5.230132156107949,5.264871099685707,5.222412227265573,5.249431610107422,48000,0.0,0.0
2007-01-03 00:00:00-05:00,5.237855948803392,5.2687349529088525,5.210836912237805,5.257155418395996,78300,0.0,0.0
2007-01-04 00:00:00-05:00,5.233995845136585,5.264874846267219,5.230135877968574,5.253294944763184,35300,0.0,0.0
2007-01-05 00:00:00-05:00,5.253294486763985,5.253294486763985,5.230135421988456,5.241714954376221,15900,0.0,0.0
2007-01-08 00:00:00-05:00,5.218551150582549,5.245570157653336,5.218551150582549,5.230130672454834,36700,0.0,0.0
2007-01-09 00:00:00-05:00,5.230135392068451,5.253294456711493,5.214695892937525,5.237854957580566,47800,0.0,0.0
2007-01-10 00:00:00-05:00,5.2262707091286185,5.245570157653336,5.210831223930117,5.230130672454834,61600,0.0,0.0
2007-01-11 00:00:00-05:00,5.221608304900154,5.26812592825582,5.221608304900154,5.229361057281494,26300,0.058,0.0
2007-01-12 00:00:00-05:00,5.229360416759951,5.260372161865234,5.225483856199499,5.260372161865234,37500,0.0,0.0
2007-01-16 00:00:00-05:00,5.248741003251273,5.264246870348612,5.225482017760747,5.240988254547119,40300,0.0,0.0
2007-01-17 00:00:00-05:00,5.237106806771621,5.27974780906379,5.237106806771621,5.2719950675964355,50900,0.0,0.0
2007-01-18 00:00:00-05:00,5.248739847144333,5.318516418557629,5.237110541805101,5.2526164054870605,47600,0.0,0.0
2007-01-19 00:00:00-05:00,5.2448653194011605,5.330147787514337,5.2448653194011605,5.256494998931885,45300,0.0,0.0
2007-01-22 00:00:00-05:00,5.256489214973039,5.275871253485769,5.237106806771621,5.2719950675964355,32100,0.0,0.0
2007-01-23 00:00:00-05:00,5.268124580383301,5.283630450867945,5.2254831592836934,5.268124580383301,19400,0.0,0.0
2007-01-24 00:00:00-05:00,5.275877058771571,5.279753618615146,5.225482889872381,5.256494998931885,56500,0.0,0.0
2007-01-25 00:00:00-05:00,5.248743492768657,5.248743492768657,5.213855182829605,5.229361057281494,35300,0.0,0.0
2007-01-26 00:00:00-05:00,5.233238697052002,5.233238697052002,5.178967940438876,5.233238697052002,30300,0.0,0.0
2007-01-29 00:00:00-05:00,5.213855182829605,5.252620053803931,5.202225869412991,5.229361057281494,32900,0.0,0.0
2007-01-30 00:00:00-05:00,5.244863288801605,5.2526164054870605,5.237110541805101,5.2526164054870605,23500,0.0,0.0
2007-01-31 00:00:00-05:00,5.248742499606386,5.268124931426023,5.233236628088504,5.264248371124268,33700,0.0,0.0
2007-02-01 00:00:00-05:00,5.256495620209895,5.264248371124268,5.221607316872377,5.264248371124268,57000,0.0,0.0
2007-02-02 00:00:00-05:00,5.260371189086365,5.26424774892994,5.23323600955953,5.256494998931885,17900,0.0,0.0
2007-02-05 00:00:00-05:00,5.264248852168767,5.326272343907971,5.256496100545952,5.318519592285156,193300,0.0,0.0
2007-02-06 00:00:00-05:00,5.314644250918718,5.330150127410889,5.27975593638902,5.330150127410889,69400,0.0,0.0
2007-02-07 00:00:00-05:00,5.322392973630413,5.349528514208697,5.322392973630413,5.337899208068848,55100,0.0,0.0
2007-02-08 00:00:00-05:00,5.345651405520733,5.365033826885309,5.318516237423689,5.353404521942139,82600,0.0,0.0
2007-02-09 00:00:00-05:00,5.337898751901343,5.361157362193401,5.310763213642014,5.341774940490723,75900,0.0,0.0
2007-02-12 00:00:00-05:00,5.341779442357702,5.353409126993773,5.310767689373361,5.330150127410889,51900,0.0,0.0
2007-02-13 00:00:00-05:00,5.306013255049232,5.36829948425293,5.306013255049232,5.36829948425293,55800,0.058,0.0
2007-02-14 00:00:00-05:00,5.341047846476506,5.3760839333428665,5.337154865434665,5.372190952301025,49800,0.0,0.0
2007-02-15 00:00:00-05:00,5.356619399388766,5.3760839333428665,5.352726418346925,5.372190952301025,34600,0.0,0.0
2007-02-16 00:00:00-05:00,5.352727890014648,5.368299447208119,5.333263350709008,5.352727890014648,58200,0.0,0.0
2007-02-20 00:00:00-05:00,5.341047763824463,5.368297888185448,5.309904658481879,5.341047763824463,41300,0.0,0.0
2007-02-21 00:00:00-05:00,5.325477757739876,5.383871004401589,5.325477757739876,5.352727890014648,62000,0.0,0.0
2007-02-22 00:00:00-05:00,5.341049314933347,5.352727890014648,5.321584775627707,5.352727890014648,32200,0.0,0.0
2007-02-23 00:00:00-05:00,5.341049351790114,5.36829948425293,5.333263387512047,5.36829948425293,25100,0.0,0.0
2007-02-26 00:00:00-05:00,5.344942507827059,5.39944314956665,5.344942507827059,5.39944314956665,37600,0.0,0.0
2007-02-27 00:00:00-05:00,5.387761944678835,5.399440515334232,5.356618842094396,5.3760833740234375,31700,0.0,0.0
2007-02-28 00:00:00-05:00,5.372188060599048,5.391652584075928,5.352723537122167,5.391652584075928,54600,0.0,0.0
2007-03-01 00:00:00-05:00,5.35272835434954,5.407228994882076,5.344942389449789,5.3877644538879395,53300,0.0,0.0
2007-03-02 00:00:00-05:00,5.3994403705165395,5.403333351048948,5.35272571789281,5.395547389984131,43500,0.0,0.0
2007-03-05 00:00:00-05:00,5.399444070547855,5.418908615293144,5.3605153523125875,5.3838725090026855,47200,0.0,0.0
2007-03-06 00:00:00-05:00,5.4500487170334395,5.4500487170334395,5.395548096211267,5.407227039337158,24100,0.0,0.0
2007-03-07 00:00:00-05:00,5.391654267483816,5.415011405944824,5.379975326998291,5.415011405944824,41600,0.0,0.0
2007-03-08 00:00:00-05:00,5.395546876390636,5.415011405944824,5.391654267483816,5.415011405944824,35200,0.0,0.0
2007-03-09 00:00:00-05:00,5.3916584754029255,5.415015632093023,5.3721939306576365,5.3838725090026855,50700,0.0,0.0
2007-03-12 00:00:00-04:00,5.376085877793553,5.39555004753245,5.364406930443926,5.3877644538879395,40300,0.0,0.0
2007-03-13 00:00:00-04:00,5.386982408610579,5.410438229455846,5.375254684596757,5.394801139831543,33100,0.058,0.0
2007-03-14 00:00:00-04:00,5.375253454223701,5.3908905402687415,5.3244328313729365,5.371344089508057,69300,0.0,0.0
2007-03-15 00:00:00-04:00,5.34397877806689,5.379162311553955,5.34397877806689,5.379162311553955,32600,0.0,0.0
2007-03-16 00:00:00-04:00,5.367433456626109,5.3869799027685445,5.355705738067627,5.355705738067627,28800,0.0,0.0
2007-03-19 00:00:00-04:00,5.359618049929573,5.386982865890591,5.35570868398724,5.367436408996582,19300,0.0,0.0
2007-03-20 00:00:00-04:00,5.3517971339431805,5.379162311553955,5.3517971339431805,5.379162311553955,52300,0.0,0.0
2007-03-21 00:00:00-04:00,5.359618372578057,5.4104390144348145,5.355709006400381,5.4104390144348145,50400,0.0,0.0
2007-03-22 00:00:00-04:00,5.410436182792099,5.410436182792099,5.390889734951357,5.402617454528809,31700,0.0,0.0
2007-03-23 00:00:00-04:00,5.386982408610579,5.410438229455846,5.375254684596757,5.394801139831543,46800,0.0,0.0
2007-03-26 00:00:00-04:00,5.379161701772693,5.394798784570159,5.355705891167764,5.386980056762695,26600,0.0,0.0
2007-03-27 00:00:00-04:00,5.386982354939457,5.398710451654055,5.343980452105461,5.3752546310424805,71100,0.0,0.0
2007-03-28 00:00:00-04:00,5.343980958977897,5.375255140881248,5.340071593035564,5.367436408996582,82500,0.0,0.0
2007-03-29 00:00:00-04:00,5.363524465651582,5.375252184210063,5.336159291925191,5.355705738067627,57100,0.0,0.0
2007-03-30 00:00:00-04:00,5.355705738067627,5.375252184210063,5.336159291925191,5.355705738067627,23500,0.0,0.0
2007-04-02 00:00:00-04:00,5.35570655768526,5.398708820343018,5.336160108551507,5.398708820343018,42300,0.0,0.0
2007-04-03 00:00:00-04:00,5.3908922318329235,5.414348054669265,5.324434502083888,5.367436408996582,59900,0.0,0.0
2007-04-04 00:00:00-04:00,5.35570380484039,5.375250243927225,5.35570380484039,5.363522529602051,20400,0.0,0.0
2007-04-05 00:00:00-04:00,5.359616085176264,5.390890255614983,5.355706720667045,5.3830718994140625,42100,0.0,0.0
2007-04-09 00:00:00-04:00,5.3869799027685445,5.3869799027685445,5.355705738067627,5.355705738067627,31200,0.0,0.0
2007-04-10 00:00:00-04:00,5.35961768011937,5.406528949737549,5.3557083144467805,5.406528949737549,67300,0.0,0.0
2007-04-11 00:00:00-04:00,5.397892981845345,5.437150535104784,5.378264205215625,5.393967151641846,49100,0.058,0.0
2007-04-12 00:00:00-04:00,5.3900357968106,5.421442031860352,5.37433286647942,5.421442031860352,65900,0.0,0.0
2007-04-13 00:00:00-04:00,5.405740554730814,5.42536894213086,5.390037245790791,5.41751766204834,53100,0.0,0.0
2007-04-16 00:00:00-04:00,5.4018140632034495,5.441071207563355,5.390036582946777,5.390036582946777,53500,0.0,0.0
2007-04-17 00:00:00-04:00,5.378262692791897,5.40574312210083,5.366485579881022,5.40574312210083,53500,0.0,0.0
2007-04-18 00:00:00-04:00,5.405742990970535,5.409668445587158,5.358633791694452,5.409668445587158,58300,0.0,0.0
2007-04-19 00:00:00-04:00,5.362558408463977,5.437147645133431,5.362558408463977,5.433221817016602,45700,0.0,0.0
2007-04-20 00:00:00-04:00,5.429295988899772,5.448924755096343,5.421444707053689,5.433221817016602,17900,0.0,0.0
2007-04-23 00:00:00-04:00,5.433223030398241,5.448925971984863,5.42144591780519,5.448925971984863,27400,0.0,0.0
2007-04-24 00:00:00-04:00,5.448925971984863,5.448925971984863,5.429297201404672,5.448925971984863,37800,0.0,0.0
2007-04-25 00:00:00-04:00,5.448925466841565,5.452851295471191,5.429296698081061,5.452851295471191,46600,0.0,0.0
2007-04-26 00:00:00-04:00,5.437148355340313,5.452851295471191,5.3782620490588,5.452851295471191,59900,0.0,0.0
2007-04-27 00:00:00-04:00,5.4410743139977225,5.452851800978433,5.429297201404672,5.448925971984863,38200,0.0,0.0
2007-04-30 00:00:00-04:00,5.452851511768167,5.452851511768167,5.437148571014404,5.437148571014404,25100,0.0,0.0
2007-05-01 00:00:00-04:00,5.448922066343069,5.452847892522712,5.421442031860352,5.421442031860352,67400,0.0,0.0
2007-05-02 00:00:00-04:00,5.421446925172492,5.452852814181311,5.405743980668082,5.441075325012207,47100,0.0,0.0
2007-05-03 00:00:00-04:00,5.448925466841565,5.452851295471191,5.429296698081061,5.452851295471191,32400,0.0,0.0
2007-05-04 00:00:00-04:00,5.4410730988626845,5.460701865059255,5.433221817016602,5.433221817016602,32400,0.0,0.0
2007-05-07 00:00:00-04:00,5.448925682982817,5.452851511768167,5.401816860721527,5.437148571014404,43800,0.0,0.0
2007-05-08 00:00:00-04:00,5.433222107394721,5.448925046313705,5.429296279068077,5.4449992179870605,36600,0.0,0.0
2007-05-09 00:00:00-04:00,5.444998954853243,5.4528506111270945,5.401815968509787,5.429296016693115,69700,0.0,0.0
2007-05-10 00:00:00-04:00,5.41359397268994,5.4410740254121155,5.41359397268994,5.437148571014404,46400,0.0,0.0
2007-05-11 00:00:00-04:00,5.428472080390096,5.463951973078433,5.420587409151475,5.444241046905518,45600,0.058,0.0
2007-05-14 00:00:00-04:00,5.424534320831299,5.444245639594222,5.420591981886287,5.424534320831299,43000,0.0,0.0
2007-05-15 00:00:00-04:00,5.404819217691704,5.428472858837698,5.40087688150706,5.412703514099121,70800,0.0,0.0
2007-05-16 00:00:00-04:00,5.4048234535723365,5.432419076568409,5.396938775023649,5.40876579284668,48500,0.0,0.0
2007-05-17 00:00:00-04:00,5.416645850283765,5.42058818646841,5.392992585099642,5.412703514099121,42600,0.0,0.0
2007-05-18 00:00:00-04:00,5.420590544900542,5.420590544900542,5.3575146423501705,5.396936893463135,43200,0.0,0.0
2007-05-21 00:00:00-04:00,5.385107348110726,5.400876315234082,5.381165012339429,5.39299201965332,55400,0.0,0.0
2007-05-22 00:00:00-04:00,5.40088031072872,5.40088031072872,5.3654000144628915,5.385111331939697,40000,0.0,0.0
2007-05-23 00:00:00-04:00,5.37328609734839,5.389055080262162,5.349632434996627,5.3693437576293945,53100,0.0,0.0
2007-05-24 00:00:00-04:00,5.349629705992906,5.373283356278245,5.310207456800029,5.357514381408691,46900,0.0,0.0
2007-05-25 00:00:00-04:00,5.33780128607989,5.3653968888945585,5.32597465286816,5.345685958862305,60500,0.0,0.0
2007-05-29 00:00:00-04:00,5.337803868227848,5.36145752205559,5.325977229295013,5.353572845458984,28200,0.0,0.0
2007-05-30 00:00:00-04:00,5.337804045962808,5.377226678334357,5.337804045962808,5.373284339904785,48700,0.0,0.0
2007-05-31 00:00:00-04:00,5.389054902845708,5.389054902845708,5.3456902952510195,5.377228260040283,41300,0.0,0.0
2007-06-01 00:00:00-04:00,5.377228260040283,5.377228260040283,5.32597897326718,5.377228260040283,85700,0.0,0.0
2007-06-04 00:00:00-04:00,5.373280293160895,5.389049259041118,5.337800025939941,5.337800025939941,61000,0.0,0.0
2007-06-05 00:00:00-04:00,5.329916989259367,5.3653968888945585,5.32597465286816,5.345685958862305,80000,0.0,0.0
2007-06-06 00:00:00-04:00,5.34568354413084,5.357510172000292,5.318087577819824,5.318087577819824,45400,0.0,0.0
2007-06-07 00:00:00-04:00,5.322033397659177,5.329918072043379,5.2431885336269906,5.247130870819092,96400,0.0,0.0
2007-06-08 00:00:00-04:00,5.247132420919377,5.298381315708697,5.195883150167978,5.207709789276123,119100,0.0,0.0
2007-06-11 00:00:00-04:00,5.184055833480656,5.203767148155445,5.184055833480656,5.199824810028076,51300,0.0,0.0
2007-06-12 00:00:00-04:00,5.187997105904655,5.195881780539747,5.1485748606151365,5.16434383392334,47900,0.0,0.0
2007-06-13 00:00:00-04:00,5.15563318386146,5.1833515200217875,5.143753573249313,5.1675124168396,150500,0.058,0.0
2007-06-14 00:00:00-04:00,5.131874340271174,5.1675124168396,5.131874340271174,5.1675124168396,44500,0.0,0.0
2007-06-15 00:00:00-04:00,5.1595924651251694,5.175431567658682,5.151673102675409,5.155632972717285,44500,0.0,0.0
2007-06-18 00:00:00-04:00,5.171470805175614,5.195229264323984,5.135832738819159,5.159591197967529,23000,0.0,0.0
2007-06-19 00:00:00-04:00,5.155629176049259,5.187307357788086,5.131870350928281,5.187307357788086,64600,0.0,0.0
2007-06-20 00:00:00-04:00,5.147712493807714,5.167511463541454,5.127913524073974,5.15167236328125,43700,0.0,0.0
2007-06-21 00:00:00-04:00,5.16355254663555,5.179391649817739,5.135834210475222,5.1675124168396,54700,0.0,0.0
2007-06-22 00:00:00-04:00,5.151671837462706,5.179390165680438,5.1279130006804365,5.159591197967529,36100,0.0,0.0
2007-06-25 00:00:00-04:00,5.183348863293198,5.183348863293198,5.147710804991081,5.163549900054932,27700,0.0,0.0
2007-06-26 00:00:00-04:00,5.13187339354751,5.167511463541454,5.1199941627608405,5.15167236328125,37500,0.0,0.0
2007-06-27 00:00:00-04:00,5.143751408470542,5.147711277008057,5.127912311954333,5.147711277008057,36000,0.0,0.0
2007-06-28 00:00:00-04:00,5.159595023167044,5.218991970341235,5.135836546404711,5.143755912780762,59200,0.0,0.0
2007-06-29 00:00:00-04:00,5.143749574671912,5.187307357788086,5.143749574671912,5.187307357788086,54700,0.0,0.0
2007-07-02 00:00:00-04:00,5.183355274434082,5.191274642944336,5.159596413634757,5.191274642944336,58000,0.0,0.0
2007-07-03 00:00:00-04:00,5.179393274937517,5.211071491241455,5.179393274937517,5.211071491241455,34000,0.0,0.0
2007-07-05 00:00:00-04:00,5.191266847280153,5.211065805275349,5.179387623536522,5.187307357788086,27300,0.0,0.0
2007-07-06 00:00:00-04:00,5.203146448657499,5.203146448657499,5.159588665541326,5.187307357788086,43100,0.0,0.0
2007-07-09 00:00:00-04:00,5.171472072601318,5.191270667532572,5.151673100036073,5.171472072601318,45000,0.0,0.0
2007-07-10 00:00:00-04:00,5.159591197967529,5.187309903819161,5.143752099323983,5.159591197967529,41400,0.0,0.0
2007-07-11 00:00:00-04:00,5.154819239603862,5.1945942310275175,5.15084166459701,5.170729160308838,35600,0.058,0.0
2007-07-12 00:00:00-04:00,5.15481646243285,5.178681520294166,5.122996638165912,5.130951404571533,33700,0.0,0.0
2007-07-13 00:00:00-04:00,5.134930102656995,5.150840018276816,5.107087845152884,5.122997760772705,85900,0.0,0.0
2007-07-16 00:00:00-04:00,5.115042411620274,5.1428850473488845,5.103110070206466,5.119019985198975,52400,0.0,0.0
2007-07-17 00:00:00-04:00,5.099132263181767,5.130952091710025,5.08719992231424,5.103109836578369,48200,0.0,0.0
2007-07-18 00:00:00-04:00,5.095157649427513,5.130954690158646,5.083224923194666,5.107089996337891,35600,0.0,0.0
2007-07-19 00:00:00-04:00,5.103110344407444,5.115042686462402,5.075268086505104,5.115042686462402,35200,0.0,0.0
2007-07-20 00:00:00-04:00,5.071290440177706,5.134930102656995,5.071290440177706,5.122997760772705,50900,0.0,0.0
2007-07-23 00:00:00-04:00,5.103113817403781,5.170731100603634,5.09913624090436,5.138911247253418,51200,0.0,0.0
2007-07-24 00:00:00-04:00,5.138907676392527,5.146862444541283,5.111065418888416,5.122997760772705,47600,0.0,0.0
2007-07-25 00:00:00-04:00,5.099132263181767,5.126974897635701,5.099132263181767,5.103109836578369,45600,0.0,0.0
2007-07-26 00:00:00-04:00,5.047428639342079,5.115045919259316,4.975834162441076,5.015608787536621,108000,0.0,0.0
2007-07-27 00:00:00-04:00,5.0156051582319545,5.103109877039604,5.0156051582319545,5.083222389221191,19400,0.0,0.0
2007-07-30 00:00:00-04:00,5.071290008050111,5.10708740997497,5.059357667182583,5.103109836578369,44800,0.0,0.0
2007-07-31 00:00:00-04:00,5.122996297436842,5.126973870036219,5.079244136810303,5.079244136810303,30400,0.0,0.0
2007-08-01 00:00:00-04:00,5.0752676216871935,5.111065023895882,5.071290048259055,5.083222389221191,31200,0.0,0.0
2007-08-02 00:00:00-04:00,5.0752676216871935,5.111065023895882,5.071290048259055,5.083222389221191,28900,0.0,0.0
2007-08-03 00:00:00-04:00,5.083224268897432,5.099134189170881,5.071291923522949,5.071291923522949,26200,0.0,0.0
2007-08-06 00:00:00-04:00,5.071290048259055,5.08719996264933,5.0553801338687805,5.083222389221191,29100,0.0,0.0
2007-08-07 00:00:00-04:00,5.063336451770681,5.095156669616699,5.059359256447026,5.095156669616699,25200,0.0,0.0
2007-08-08 00:00:00-04:00,5.087205053895587,5.095160208713338,5.027542910053089,5.047430038452148,24700,0.0,0.0
2007-08-09 00:00:00-04:00,5.027542079294141,5.063339132090883,5.0116321516102795,5.059361934661865,29700,0.0,0.0
2007-08-10 00:00:00-04:00,5.051405632466478,5.05538320831359,4.971856012136792,5.011631011962891,53000,0.0,0.0
2007-08-13 00:00:00-04:00,5.018823061272929,5.054785644068553,5.018823061272929,5.038802146911621,54200,0.058,0.0
2007-08-14 00:00:00-04:00,5.030811549045403,5.050791019573981,4.974869107780725,5.002840518951416,37300,0.0,0.0
2007-08-15 00:00:00-04:00,4.994849769436583,4.994849769436583,4.894952774047852,4.894952774047852,60400,0.0,0.0
2007-08-16 00:00:00-04:00,4.894951242704531,4.910934741723357,4.715136783473578,4.783066749572754,107200,0.0,0.0
2007-08-17 00:00:00-04:00,4.882962473657473,4.930912958536689,4.523333265448479,4.910933494567871,124700,0.0,0.0
2007-08-20 00:00:00-04:00,4.906936628897003,4.9468955495328055,4.835011105259672,4.886957168579102,54100,0.0,0.0
2007-08-21 00:00:00-04:00,4.846999527468259,4.942900497478749,4.846999527468259,4.930912971496582,59000,0.0,0.0
2007-08-22 00:00:00-04:00,4.9149290742725364,4.994846542741084,4.910933105579971,4.926916599273682,53200,0.0,0.0
2007-08-23 00:00:00-04:00,4.934908236976106,5.022817256414774,4.934908236976106,4.958883285522461,73500,0.0,0.0
2007-08-24 00:00:00-04:00,4.942901070982739,4.978864034178448,4.942901070982739,4.96687650680542,28900,0.0,0.0
2007-08-27 00:00:00-04:00,4.95488986459954,4.95488986459954,4.934910774230957,4.934910774230957,42300,0.0,0.0
2007-08-28 00:00:00-04:00,4.94689534631515,4.954886901468114,4.906936427320853,4.918924331665039,35700,0.0,0.0
2007-08-29 00:00:00-04:00,4.926919693728093,4.986857737455701,4.926919693728093,4.974870204925537,64200,0.0,0.0
2007-08-30 00:00:00-04:00,4.986854956471643,4.994846894419471,4.938904472014405,4.990850925445557,30800,0.0,0.0
2007-08-31 00:00:00-04:00,5.006834909846775,5.034806314322717,5.002839321558738,5.010830879211426,46700,0.0,0.0
2007-09-04 00:00:00-04:00,5.018820926292393,5.046791939149141,5.018820926292393,5.030808448791504,27800,0.0,0.0
2007-09-05 00:00:00-04:00,5.062775999328229,5.074763523176551,5.034804983323309,5.046792507171631,28900,0.0,0.0
2007-09-06 00:00:00-04:00,5.066773146283455,5.210624609155975,5.066773146283455,5.19464111328125,189200,0.0,0.0
2007-09-07 00:00:00-04:00,5.142694211171446,5.266566579283301,5.142694211171446,5.234599590301514,123800,0.0,0.0
2007-09-10 00:00:00-04:00,5.2505830847924075,5.274558135990465,5.202632601319725,5.234599590301514,78100,0.0,0.0
2007-09-11 00:00:00-04:00,5.210624158026888,5.2505830847924075,5.210624158026888,5.234599590301514,57700,0.0,0.0
2007-09-12 00:00:00-04:00,5.233797126495124,5.249851703643799,5.19366049223778,5.249851703643799,34800,0.058,0.0
2007-09-13 00:00:00-04:00,5.229783151903677,5.249851468132071,5.181619422618308,5.193660259246826,33000,0.0,0.0
2007-09-14 00:00:00-04:00,5.181620271879628,5.193661110481625,5.1535248542178484,5.1615519523620605,42800,0.0,0.0
2007-09-17 00:00:00-04:00,5.149507724085317,5.1896443367004395,5.145493986269583,5.1896443367004395,36300,0.0,0.0
2007-09-18 00:00:00-04:00,5.20168871678384,5.253866195678711,5.17760665622799,5.253866195678711,58500,0.0,0.0
2007-09-19 00:00:00-04:00,5.237808444057227,5.237808444057227,5.173590165162641,5.225767612457275,46500,0.0,0.0
2007-09-20 00:00:00-04:00,5.177603123253239,5.1896443367004395,5.157535199716784,5.1896443367004395,42900,0.0,0.0
2007-09-21 00:00:00-04:00,5.209712260236894,5.213725998052627,5.157535199716784,5.1896443367004395,32000,0.0,0.0
2007-09-24 00:00:00-04:00,5.233798050058804,5.233798050058804,5.149511409462089,5.157538890838623,57600,0.0,0.0
2007-09-25 00:00:00-04:00,5.205702630783692,5.205702630783692,5.153525150150355,5.157538890838623,77700,0.0,0.0
2007-09-26 00:00:00-04:00,5.1575377693597195,5.193660279385341,5.1575377693597195,5.185633182525635,23700,0.0,0.0
2007-09-27 00:00:00-04:00,5.15753774936127,5.20570147864664,5.141483172932814,5.193660259246826,47500,0.0,0.0
2007-09-28 00:00:00-04:00,5.213729729388848,5.213729729388848,5.145497668773821,5.157538890838623,73500,0.0,0.0
2007-10-01 00:00:00-04:00,5.141484238787636,5.173593398300935,5.125429659030987,5.149511337280273,54500,0.0,0.0
2007-10-02 00:00:00-04:00,5.177604377149611,5.177604377149611,5.137468137585523,5.141481876373291,46600,0.0,0.0
2007-10-03 00:00:00-04:00,5.149509486225547,5.189646112575252,5.117400338254278,5.165564060211182,79900,0.0,0.0
2007-10-04 00:00:00-04:00,5.1454982272013465,5.157539450572951,5.097334482029191,5.129443645477295,84300,0.0,0.0
2007-10-05 00:00:00-04:00,5.081277571376515,5.125427937960554,5.077263832092285,5.077263832092285,66300,0.0,0.0
2007-10-08 00:00:00-04:00,5.0772659644976175,5.1093751267145215,5.061211383389166,5.065225124359131,45500,0.0,0.0
2007-10-09 00:00:00-04:00,5.069236554591329,5.081277389241177,5.021072833220706,5.0732502937316895,106300,0.0,0.0
2007-10-10 00:00:00-04:00,5.057198227639315,5.089307391141606,5.04515700424739,5.061211585998535,47600,0.0,0.0
2007-10-11 00:00:00-04:00,5.072500624698044,5.096693960773852,5.060404148930156,5.064436435699463,88700,0.058,0.0
2007-10-12 00:00:00-04:00,5.064437468749785,5.088630425220471,5.048308702922625,5.0725016593933105,42300,0.0,0.0
2007-10-15 00:00:00-04:00,5.056370667288387,5.080563997647062,5.056370667288387,5.068467140197754,35100,0.0,0.0
2007-10-16 00:00:00-04:00,5.044277438938248,5.08459916941836,5.036212862118112,5.06040620803833,47900,0.0,0.0
2007-10-17 00:00:00-04:00,5.072500624698044,5.072500624698044,5.036210812854349,5.064436435699463,42700,0.0,0.0
2007-10-18 00:00:00-04:00,5.048305601629632,5.116852525879992,5.048305601629632,5.112820625305176,53300,0.0,0.0
2007-10-19 00:00:00-04:00,5.08459501404222,5.116852525879992,5.08459501404222,5.112820625305176,27100,0.0,0.0
2007-10-22 00:00:00-04:00,5.06443585569105,5.132982800218711,5.06443585569105,5.120886325836182,35600,0.0,0.0
2007-10-23 00:00:00-04:00,5.145081195745411,5.145081195745411,5.120887855214902,5.141048908233643,17300,0.0,0.0
2007-10-24 00:00:00-04:00,5.141049010293769,5.141049010293769,5.05637289356615,5.0725016593933105,113500,0.0,0.0
2007-10-25 00:00:00-04:00,5.056369842187877,5.056369842187877,4.959597305624443,4.987822532653809,167700,0.0,0.0
2007-10-26 00:00:00-04:00,4.991856846972793,4.999921036027852,4.911213033722027,4.951534748077393,101000,0.0,0.0
2007-10-29 00:00:00-04:00,4.907182063774435,4.9394395977311,4.882988721036867,4.911214351654053,144400,0.0,0.0
2007-10-30 00:00:00-04:00,4.927343559697399,4.927343559697399,4.866860389709473,4.866860389709473,138300,0.0,0.0
2007-10-31 00:00:00-04:00,4.8910527957611745,4.895085083227729,4.866859455501951,4.878956317901611,261900,0.0,0.0
2007-11-01 00:00:00-04:00,4.878956317901611,4.931374516806418,4.850730690175833,4.878956317901611,203800,0.0,0.0
2007-11-02 00:00:00-04:00,4.878954704368101,4.927340984344482,4.846697184383847,4.927340984344482,237400,0.0,0.0
2007-11-05 00:00:00-05:00,4.987826345145153,4.987826345145153,4.842667429346439,4.866860389709473,68500,0.0,0.0
2007-11-06 00:00:00-05:00,4.85072967213381,4.891051769256592,4.85072967213381,4.891051769256592,72000,0.0,0.0
2007-11-07 00:00:00-05:00,4.854761774416726,4.878955108679767,4.850729487949552,4.862826347351074,104100,0.0,0.0
2007-11-08 00:00:00-05:00,4.798312212745174,4.862827660015148,4.737829437570948,4.830569744110107,90100,0.0,0.0
2007-11-09 00:00:00-05:00,4.794281063561432,4.818474023619075,4.770087718963623,4.770087718963623,108800,0.0,0.0
2007-11-12 00:00:00-05:00,4.770087064596273,4.770087064596273,4.725733054215031,4.741861820220947,64800,0.0,0.0
2007-11-13 00:00:00-05:00,4.7451000830273635,4.793726168857828,4.7369955421660634,4.757256507873535,94700,0.058,0.0
2007-11-14 00:00:00-05:00,4.720790053162545,4.757259738916374,4.712685893242828,4.732946872711182,69400,0.0,0.0
2007-11-15 00:00:00-05:00,4.6275896450795555,4.700529009595998,4.6275896450795555,4.672163486480713,95700,0.0,0.0
2007-11-16 00:00:00-05:00,4.639745911752961,4.720789432525635,4.639745911752961,4.720789432525635,157200,0.0,0.0
2007-11-19 00:00:00-05:00,4.692421620072329,4.761308670043945,4.688369349733818,4.761308670043945,92500,0.0,0.0
2007-11-20 00:00:00-05:00,4.728893847884346,4.822093797600456,4.728893847884346,4.7856245040893555,110000,0.0,0.0
2007-11-21 00:00:00-05:00,4.76131062306827,4.850458674853982,4.76131062306827,4.834249973297119,71900,0.0,0.0
2007-11-23 00:00:00-05:00,4.830194389741337,4.870716309074851,4.830194389741337,4.862611770629883,30700,0.0,0.0
2007-11-26 00:00:00-05:00,4.736998991717412,4.886930015267178,4.736998991717412,4.8545122146606445,148900,0.0,0.0
2007-11-27 00:00:00-05:00,4.708631739100465,4.89503198014505,4.708631739100465,4.878823280334473,134900,0.0,0.0
2007-11-28 00:00:00-05:00,4.903137048436217,4.955815038628389,4.850458671798117,4.951763153076172,57800,0.0,0.0
2007-11-29 00:00:00-05:00,4.923398971557617,4.955816383447769,4.895033832765243,4.923398971557617,108200,0.0,0.0
2007-11-30 00:00:00-05:00,5.00444283304672,5.00444283304672,4.907190211992888,4.911242485046387,94200,0.0,0.0
2007-12-03 00:00:00-05:00,4.793729927047479,4.972026101318974,4.793729927047479,4.935556411743164,151800,0.0,0.0
2007-12-04 00:00:00-05:00,4.907189515848518,4.9841811471586865,4.907189515848518,4.94771146774292,140400,0.0,0.0
2007-12-05 00:00:00-05:00,4.951763153076172,4.98823282816762,4.92744990753323,4.951763153076172,221500,0.0,0.0
2007-12-06 00:00:00-05:00,4.951763740952341,4.976076602935791,4.903137630539467,4.976076602935791,149900,0.0,0.0
2007-12-07 00:00:00-05:00,4.94771356621337,4.976078712702357,4.923400307475568,4.972026824951172,110100,0.0,0.0
2007-12-10 00:00:00-05:00,4.959870002359202,4.988235535294327,4.927452581672891,4.972026824951172,130700,0.0,0.0
2007-12-11 00:00:00-05:00,4.935553037882644,4.992283283824217,4.935553037882644,4.980126857757568,91500,0.0,0.0
2007-12-12 00:00:00-05:00,4.976057130234681,5.00863357721315,4.967912824319123,5.004561424255371,89400,0.06,0.0
2007-12-13 00:00:00-05:00,4.988272488964935,5.008632862506626,4.939407825469971,4.939407825469971,112200,0.0,0.0
2007-12-14 00:00:00-05:00,4.939405032977634,4.97198145689053,4.927188971095699,4.955693244934082,59600,0.0,0.0
2007-12-17 00:00:00-05:00,4.898689323426579,4.93126578068615,4.890545403282688,4.894617557525635,101300,0.0,0.0
2007-12-18 00:00:00-05:00,4.82538811578852,4.910901335684624,4.817243814683343,4.870180606842041,100200,0.0,0.0
2007-12-19 00:00:00-05:00,4.870180197990635,4.886468410491943,4.837603772988018,4.886468410491943,122800,0.0,0.0
2007-12-20 00:00:00-05:00,4.910900923414715,4.95976556091864,4.857964135700058,4.886468410491943,143200,0.0,0.0
2007-12-21 00:00:00-05:00,4.88239761368084,4.9068301333763005,4.86203724532491,4.878325462341309,158900,0.0,0.0
2007-12-24 00:00:00-05:00,4.84982307085402,4.8823995175901205,4.81724662411792,4.857967376708984,116700,0.0,0.0
2007-12-26 00:00:00-05:00,4.845749028308511,4.894614067699433,4.841677265310706,4.878325462341309,109500,0.0,0.0
2007-12-27 00:00:00-05:00,4.857967376708984,4.894615976372567,4.813174471190438,4.857967376708984,185400,0.0,0.0
2007-12-28 00:00:00-05:00,4.870180881044313,4.931261589405519,4.821316236687013,4.927189826965332,214500,0.0,0.0
2007-12-31 00:00:00-05:00,4.984198345517208,4.984198345517208,4.886469057567852,4.923117637634277,209500,0.0,0.0
2008-01-02 00:00:00-05:00,4.988270376506295,5.0249189556928435,4.943477884356991,5.016774654388428,107100,0.0,0.0
2008-01-03 00:00:00-05:00,4.984200020828213,5.1063618659973145,4.984200020828213,5.1063618659973145,102800,0.0,0.0
2008-01-04 00:00:00-05:00,5.1267226313407654,5.208163738250732,5.1104344099587715,5.208163738250732,165500,0.0,0.0
2008-01-07 00:00:00-05:00,5.204091666623996,5.236668109893799,5.171515223354193,5.236668109893799,73700,0.0,0.0
2008-01-08 00:00:00-05:00,5.248885288291638,5.293677806854248,5.216308840547579,5.293677806854248,121100,0.0,0.0
2008-01-09 00:00:00-05:00,5.289603169071172,5.293675320211806,5.240738520408683,5.273314952850342,133500,0.0,0.0
2008-01-10 00:00:00-05:00,5.273317429928738,5.322182101544827,5.265173512163668,5.293677806854248,50100,0.0,0.0
2008-01-11 00:00:00-05:00,5.305950184646453,5.355041426113761,5.281404368841545,5.2977681159973145,85500,0.06,0.0
2008-01-14 00:00:00-05:00,5.260947801548914,5.330493800889389,5.260947801548914,5.318221092224121,147000,0.0,0.0
2008-01-15 00:00:00-05:00,5.31822342056197,5.391860485076904,5.314132385835019,5.391860485076904,121700,0.0,0.0
2008-01-16 00:00:00-05:00,5.412313461303711,5.420495528615276,5.363222227861646,5.412313461303711,111300,0.0,0.0
2008-01-17 00:00:00-05:00,5.547314949281293,5.547314949281293,5.3673133663360195,5.375495433807373,81300,0.0,0.0
2008-01-18 00:00:00-05:00,5.3754963158707305,5.387769028949136,5.26504072773754,5.289586544036865,129200,0.0,0.0
2008-01-22 00:00:00-05:00,5.1586786648579315,5.395953313034255,5.105496362315969,5.379589557647705,118200,0.0,0.0
2008-01-23 00:00:00-05:00,5.440953504779853,5.481862694955537,5.338679944126633,5.436862468719482,97200,0.0,0.0
2008-01-24 00:00:00-05:00,5.424585577738978,5.494131576695302,5.412312478999129,5.457313060760498,121500,0.0,0.0
2008-01-25 00:00:00-05:00,5.440951731372678,5.473679228903195,5.363223632130794,5.391860485076904,95700,0.0,0.0
2008-01-28 00:00:00-05:00,5.359130399242436,5.375494140104484,5.32231188476724,5.350948333740234,159200,0.0,0.0
2008-01-29 00:00:00-05:00,5.420494808889095,5.420494808889095,5.265039061892547,5.322312355041504,207100,0.0,0.0
2008-01-30 00:00:00-05:00,5.314130059288241,5.363221284091686,5.31003902635236,5.318221092224121,75200,0.0,0.0
2008-01-31 00:00:00-05:00,5.318223348624057,5.346859811040267,5.310041279280832,5.334587097167969,67400,0.0,0.0
2008-02-01 00:00:00-05:00,5.342768937840134,5.408223929214297,5.330495834350586,5.330495834350586,76000,0.0,0.0
2008-02-04 00:00:00-05:00,5.3754953469790525,5.3754953469790525,5.3059493351657,5.346858501434326,61300,0.0,0.0
2008-02-05 00:00:00-05:00,5.346861665635995,5.4082260365672195,5.330497911416203,5.400043964385986,86900,0.0,0.0
2008-02-06 00:00:00-05:00,5.367316455946403,5.400043964385986,5.367316455946403,5.400043964385986,21700,0.0,0.0
2008-02-07 00:00:00-05:00,5.400046625542118,5.465501674677692,5.400046625542118,5.453228950500488,79500,0.0,0.0
2008-02-08 00:00:00-05:00,5.453226816840481,5.461408889852498,5.408226585702533,5.449135780334473,29400,0.0,0.0
2008-02-11 00:00:00-05:00,5.461408255104056,5.48186265497137,5.416407639053559,5.4736809730529785,42600,0.0,0.0
2008-02-12 00:00:00-05:00,5.4409490964484775,5.5145857351603675,5.4409490964484775,5.481858253479004,76400,0.0,0.0
2008-02-13 00:00:00-05:00,5.473640286152766,5.490077629070153,5.317485332489014,5.317485332489014,75200,0.06,0.0
2008-02-14 00:00:00-05:00,5.465423973853665,5.465423973853665,5.062708325137379,5.066817760467529,226100,0.0,0.0
2008-02-15 00:00:00-05:00,5.066816020656178,5.14078426361084,4.97641043392239,5.14078426361084,125000,0.0,0.0
2008-02-19 00:00:00-05:00,5.1695526261478575,5.206536769866943,5.083256421435798,5.206536769866943,97900,0.0,0.0
2008-02-20 00:00:00-05:00,5.177769509475122,5.210644204172333,5.075035990572023,5.103801250457764,64900,0.0,0.0
2008-02-21 00:00:00-05:00,5.075037227442018,5.083255707170662,4.972303683501065,5.0339436531066895,111300,0.0,0.0
2008-02-22 00:00:00-05:00,5.029832147754132,5.029832147754132,4.951754858918986,4.959973335266113,106800,0.0,0.0
2008-02-25 00:00:00-05:00,4.98873919888412,5.033941800499481,4.972301853578785,5.005176544189453,100300,0.0,0.0
2008-02-26 00:00:00-05:00,5.03805109982793,5.03805109982793,4.964082851986967,4.9846296310424805,60800,0.0,0.0
2008-02-27 00:00:00-05:00,5.005178911783725,5.021616264864401,4.955866852541694,4.976413249969482,57400,0.0,0.0
2008-02-28 00:00:00-05:00,4.9476478132741075,4.968194601906702,4.849023698114533,4.881898403167725,77200,0.0,0.0
2008-02-29 00:00:00-05:00,4.8366932553328095,4.914770541077502,4.779162355591273,4.783271789550781,83300,0.0,0.0
2008-03-03 00:00:00-05:00,4.824366772732415,4.988740666023725,4.824366772732415,4.9476470947265625,146800,0.0,0.0
2008-03-04 00:00:00-05:00,4.951756296200897,4.980521559610974,4.8613506787583844,4.935318946838379,136000,0.0,0.0
2008-03-05 00:00:00-05:00,4.902443347977442,5.042160987854004,4.902443347977442,5.042160987854004,83600,0.0,0.0
2008-03-06 00:00:00-05:00,5.0339439569173425,5.062709225549705,4.729852742554853,4.886007785797119,322900,0.0,0.0
2008-03-07 00:00:00-05:00,4.886006034324073,4.898333946190592,4.832584560372825,4.873677730560303,195000,0.0,0.0
2008-03-10 00:00:00-04:00,4.840806319987544,4.906555750387083,4.836697274510711,4.853134632110596,205800,0.0,0.0
2008-03-11 00:00:00-04:00,4.836695297941828,4.92710053184734,4.836695297941828,4.906553745269775,166600,0.0,0.0
2008-03-12 00:00:00-04:00,4.914813983867599,4.914813983867599,4.8322121442997625,4.8363423347473145,110500,0.06,0.0
2008-03-13 00:00:00-04:00,4.790909694588333,4.852860953464946,4.790909694588333,4.815690040588379,53700,0.0,0.0
2008-03-14 00:00:00-04:00,4.844601131103995,4.852861509968938,4.790910243988037,4.790910243988037,64200,0.0,0.0
2008-03-17 00:00:00-04:00,4.770259537803531,4.807430453751268,4.708307879931791,4.724828243255615,75200,0.0,0.0
2008-03-18 00:00:00-04:00,4.724829465973537,4.823952065444517,4.724829465973537,4.807431697845459,104800,0.0,0.0
2008-03-19 00:00:00-04:00,4.811558614070795,4.881770232806282,4.774388104631181,4.782648086547852,86700,0.0,0.0
2008-03-20 00:00:00-04:00,4.83634116921792,4.83634116921792,4.728958606719971,4.728958606719971,103400,0.0,0.0
2008-03-24 00:00:00-04:00,4.8652516843898095,4.8652516843898095,4.753739326848879,4.790910243988037,119300,0.0,0.0
2008-03-25 00:00:00-04:00,4.8156917763861955,4.8363423347473145,4.753740495179478,4.8363423347473145,92100,0.0,0.0
2008-03-26 00:00:00-04:00,4.890033548839375,4.890033548839375,4.832212065150655,4.885903358459473,59300,0.0,0.0
2008-03-27 00:00:00-04:00,4.885901415493692,4.906551965304507,4.856990882084438,4.89829158782959,71700,0.0,0.0
2008-03-28 00:00:00-04:00,4.881770644949821,4.910681568789966,4.869380474090576,4.869380474090576,34200,0.0,0.0
2008-03-31 00:00:00-04:00,4.902420200306115,4.914810368658238,4.88176965713501,4.88176965713501,54600,0.0,0.0
2008-04-01 00:00:00-04:00,4.931334578176619,4.943725150088121,4.89416404407209,4.906554222106934,65500,0.0,0.0
2008-04-02 00:00:00-04:00,4.918941322391313,4.918941322391313,4.881770417667726,4.914811134338379,50700,0.0,0.0
2008-04-03 00:00:00-04:00,4.914811134338379,4.93546168072664,4.902420964055986,4.914811134338379,64700,0.0,0.0
2008-04-04 00:00:00-04:00,4.914814382477142,4.935464942513098,4.898294013223713,4.910684585571289,42800,0.0,0.0
2008-04-07 00:00:00-04:00,4.894161310481659,4.960242748260498,4.894161310481659,4.960242748260498,26100,0.0,0.0
2008-04-08 00:00:00-04:00,4.9354647688137865,4.972635696794974,4.902424031469766,4.906554222106934,42100,0.0,0.0
2008-04-09 00:00:00-04:00,4.902421962082588,4.947852858284376,4.890031789277826,4.9272027015686035,27700,0.0,0.0
2008-04-10 00:00:00-04:00,4.927203412731709,4.997415058553443,4.927203412731709,4.972634315490723,48800,0.0,0.0
2008-04-11 00:00:00-04:00,4.943580877983671,4.9892397294419,4.918676409778624,4.9726362228393555,63700,0.06,0.0
2008-04-14 00:00:00-04:00,4.980933868563378,5.001687838852204,4.951878547668457,4.951878547668457,58300,0.0,0.0
2008-04-15 00:00:00-04:00,4.956029520841341,4.972632619563541,4.939426422119141,4.939426422119141,52800,0.0,0.0
2008-04-16 00:00:00-04:00,4.943580271646171,4.997540473937988,4.939429395504646,4.997540473937988,43000,0.0,0.0
2008-04-17 00:00:00-04:00,5.014144550213909,5.063953885975707,4.98093832637271,5.059803009033203,69300,0.0,0.0
2008-04-18 00:00:00-04:00,5.063953885975707,5.080556997896306,5.043199897112604,5.059803009033203,29200,0.0,0.0
2008-04-21 00:00:00-04:00,5.055648338955848,5.080552788276835,5.03489436728897,5.047346591949463,51300,0.0,0.0
2008-04-22 00:00:00-04:00,5.039045704020964,5.0805532553213375,5.026593082366643,5.0556488037109375,27800,0.0,0.0
2008-04-23 00:00:00-04:00,5.026596071080938,5.097159385681152,5.026596071080938,5.097159385681152,46200,0.0,0.0
2008-04-24 00:00:00-04:00,5.109608388852389,5.109608388852389,5.072251319885254,5.072251319885254,53000,0.0,0.0
2008-04-25 00:00:00-04:00,5.097158652034945,5.097158652034945,5.068103313446045,5.068103313446045,46100,0.0,0.0
2008-04-28 00:00:00-04:00,5.076405155430749,5.101310016499495,5.063952922821045,5.063952922821045,79200,0.0,0.0
2008-04-29 00:00:00-04:00,5.093009978025561,5.105462213857688,5.0639542332846785,5.080557346343994,59000,0.0,0.0
2008-04-30 00:00:00-04:00,5.097160459403311,5.097160459403311,5.0639542332846785,5.080557346343994,22500,0.0,0.0
2008-05-01 00:00:00-04:00,5.084703433724845,5.122060501879899,5.084703433724845,5.093005180358887,40400,0.0,0.0
2008-05-02 00:00:00-04:00,5.101311078056727,5.12206506729126,5.0930097198725655,5.12206506729126,32500,0.0,0.0
2008-05-05 00:00:00-04:00,5.109609084837982,5.122061310906799,5.039045810699463,5.039045810699463,120200,0.0,0.0
2008-05-06 00:00:00-04:00,5.039045810699463,5.072252010782398,5.030744062754165,5.039045810699463,101700,0.0,0.0
2008-05-07 00:00:00-04:00,5.030744062754165,5.063950262837099,5.022442710657995,5.039045810699463,65800,0.0,0.0
2008-05-08 00:00:00-04:00,5.039048220371572,5.055651328352643,5.001691128451832,5.026595592498779,59400,0.0,0.0
2008-05-09 00:00:00-04:00,5.0182942364329035,5.051500452395046,5.001691128451832,5.026595592498779,86400,0.0,0.0
2008-05-12 00:00:00-04:00,5.0224433155564014,5.126212802275756,5.001689339042696,5.009990692138672,117200,0.0,0.0
2008-05-13 00:00:00-04:00,5.035018208780362,5.047533039547161,4.976617256508566,4.984960079193115,57500,0.06,0.0
2008-05-14 00:00:00-04:00,4.930733512636593,5.05587911605835,4.930733512636593,5.05587911605835,57600,0.0,0.0
2008-05-15 00:00:00-04:00,5.047535161128362,5.089250087738037,5.014163060709895,5.089250087738037,58500,0.0,0.0
2008-05-16 00:00:00-04:00,5.051705118715623,5.110106478834204,5.051705118715623,5.064219951629639,82300,0.0,0.0
2008-05-19 00:00:00-04:00,5.026676856084187,5.135136367487498,5.026676856084187,5.130964756011963,64500,0.0,0.0
2008-05-20 00:00:00-04:00,5.126796237347793,5.147653909481383,5.0892525070727315,5.135139465332031,45900,0.0,0.0
2008-05-21 00:00:00-04:00,5.1101076623525366,5.151822986073894,5.105936050415039,5.105936050415039,53200,0.0,0.0
2008-05-22 00:00:00-04:00,5.097591242925642,5.1184488966789194,5.076733589172363,5.076733589172363,68600,0.0,0.0
2008-05-23 00:00:00-04:00,5.101763256891528,5.122620913921501,5.055876729686962,5.064219951629639,46500,0.0,0.0
2008-05-27 00:00:00-04:00,5.139306152605541,5.139306152605541,5.051704325103099,5.076733589172363,44300,0.0,0.0
2008-05-28 00:00:00-04:00,5.126794249232519,5.14348030090332,5.051706817800489,5.14348030090332,61700,0.0,0.0
2008-05-29 00:00:00-04:00,5.1351369361507135,5.143479762198898,5.089250000491858,5.105936050415039,89600,0.0,0.0
2008-05-30 00:00:00-04:00,5.043365114520661,5.13096700476644,5.043365114520661,5.101766109466553,60400,0.0,0.0
2008-06-02 00:00:00-04:00,5.143480060184103,5.147651672363281,5.093421907514464,5.147651672363281,35300,0.0,0.0
2008-06-03 00:00:00-04:00,5.1142771247104974,5.139305990161992,5.09341947161649,5.110105514526367,65500,0.0,0.0
2008-06-04 00:00:00-04:00,5.1101080807378345,5.1101080807378345,5.068392753601074,5.068392753601074,38100,0.0,0.0
2008-06-05 00:00:00-04:00,5.026675379158483,5.097591162099207,5.026675379158483,5.093419551849365,43700,0.0,0.0
2008-06-06 00:00:00-04:00,5.047533032581047,5.097591162099207,5.047533032581047,5.093419551849365,49200,0.0,0.0
2008-06-09 00:00:00-04:00,5.072564037528804,5.101764525938258,5.06839242551979,5.089250087738037,48800,0.0,0.0
2008-06-10 00:00:00-04:00,5.089250000491858,5.118450886227532,5.072563950568678,5.105936050415039,74900,0.0,0.0
2008-06-11 00:00:00-04:00,5.097550827956073,5.1227033931314665,5.064014340913188,5.072398662567139,55500,0.06,0.0
2008-06-12 00:00:00-04:00,5.017903408165088,5.080784241937479,4.99694299697876,4.99694299697876,49800,0.0,0.0
2008-06-13 00:00:00-04:00,5.009519437878482,5.009519437878482,4.959214687347412,4.959214687347412,44300,0.0,0.0
2008-06-16 00:00:00-04:00,4.98436455429739,5.03047711728271,4.967596313231237,5.009516716003418,60900,0.0,0.0
2008-06-17 00:00:00-04:00,4.992751990121817,5.026288495865751,4.992751990121817,5.013712406158447,71200,0.0,0.0
2008-06-18 00:00:00-04:00,4.971787837259977,5.022092558066553,4.94244351673607,4.980172157287598,70100,0.0,0.0
2008-06-19 00:00:00-04:00,4.988556077528836,4.988556077528836,4.96759607703255,4.980172157287598,26100,0.0,0.0
2008-06-20 00:00:00-04:00,4.971790743747438,4.988558993818944,4.934062480926514,4.934062480926514,39600,0.0,0.0
2008-06-23 00:00:00-04:00,4.9508313644964534,4.963407453712639,4.829261435975541,4.879566192626953,87000,0.0,0.0
2008-06-24 00:00:00-04:00,4.896331523564822,4.917291526490957,4.850218557639893,4.913099765777588,92100,0.0,0.0
2008-06-25 00:00:00-04:00,5.001135288637996,5.001135288637996,4.917293641722273,4.929870128631592,73500,0.0,0.0
2008-06-26 00:00:00-04:00,4.854412353779389,4.959214002867522,4.854412353779389,4.942445755004883,29400,0.0,0.0
2008-06-27 00:00:00-04:00,4.971792498390474,4.971792498390474,4.921487730422419,4.955024242401123,56900,0.0,0.0
2008-06-30 00:00:00-04:00,4.887949524148408,4.980175100015346,4.887949524148408,4.959214687347412,54600,0.0,0.0
2008-07-01 00:00:00-04:00,4.971787837259977,4.996940397556457,4.971787837259977,4.980172157287598,41700,0.0,0.0
2008-07-02 00:00:00-04:00,4.9843693955739905,5.047250260701126,4.9843693955739905,5.034674167633057,84200,0.0,0.0
2008-07-03 00:00:00-04:00,5.168820226457233,5.168820226457233,5.001137652927013,5.034674167633057,47000,0.0,0.0
2008-07-07 00:00:00-04:00,5.038864998896671,5.059825015202927,5.009520256451881,5.0262885093688965,45300,0.0,0.0
2008-07-08 00:00:00-04:00,5.168817324526617,5.168817324526617,5.009518769214547,5.059823513031006,63000,0.0,0.0
2008-07-09 00:00:00-04:00,5.084978368886122,5.084978368886122,5.013713183188838,5.055634021759033,76100,0.0,0.0
2008-07-10 00:00:00-04:00,5.043054811785014,5.055631296448586,4.992750072490318,5.001134395599365,153000,0.0,0.0
2008-07-11 00:00:00-04:00,5.13682672844902,5.13682672844902,4.959840445162388,4.964054107666016,103000,0.062,0.0
2008-07-14 00:00:00-04:00,4.9556243965299585,4.9977638178205215,4.913484573364258,4.913484573364258,49000,0.0,0.0
2008-07-15 00:00:00-04:00,5.031475267459735,5.031475267459735,4.841846876316487,4.888200759887695,111400,0.0,0.0
2008-07-16 00:00:00-04:00,5.031474249863462,5.031474249863462,4.867129864985721,4.955623149871826,59400,0.0,0.0
2008-07-17 00:00:00-04:00,4.95562456771703,4.985122203826904,4.938768718243509,4.985122203826904,49300,0.0,0.0
2008-07-18 00:00:00-04:00,4.959839510180058,4.976695362642959,4.909271550916133,4.934555530548096,69600,0.0,0.0
2008-07-21 00:00:00-04:00,4.900841108161726,4.9682644806278375,4.896627046913844,4.947194576263428,44500,0.0,0.0
2008-07-22 00:00:00-04:00,4.942983754401995,4.942983754401995,4.883988465769061,4.90505838394165,77400,0.0,0.0
2008-07-23 00:00:00-04:00,4.888203316850172,4.900845109039132,4.841849409031772,4.862919330596924,92000,0.0,0.0
2008-07-24 00:00:00-04:00,4.8839904224102115,4.8839904224102115,4.782855256914978,4.808138847351074,97500,0.0,0.0
2008-07-25 00:00:00-04:00,4.808138847351074,4.820780642569122,4.7870689207373776,4.808138847351074,79900,0.0,0.0
2008-07-28 00:00:00-04:00,4.942985734678052,4.942985734678052,4.795497052133026,4.808138847351074,108200,0.0,0.0
2008-07-29 00:00:00-04:00,4.791278231376368,4.862915669641781,4.7870641698607495,4.837631702423096,74100,0.0,0.0
2008-07-30 00:00:00-04:00,4.7828493157795,4.867128515669353,4.7828493157795,4.812346935272217,58200,0.0,0.0
2008-07-31 00:00:00-04:00,4.820777416229248,4.846061391619286,4.812349692349339,4.820777416229248,71200,0.0,0.0
2008-08-01 00:00:00-04:00,4.883985575344849,4.883985575344849,4.812348137079435,4.837631702423096,93600,0.0,0.0
2008-08-04 00:00:00-04:00,4.824991910993754,4.86713173979072,4.824991910993754,4.85870361328125,54400,0.0,0.0
2008-08-05 00:00:00-04:00,4.955622499138727,4.955622499138727,4.833417540997763,4.846059322357178,66700,0.0,0.0
2008-08-06 00:00:00-04:00,4.888199636860468,4.888199636860468,4.812348137079435,4.837631702423096,62200,0.0,0.0
2008-08-07 00:00:00-04:00,4.803921222686768,4.8587028305474655,4.79549349941019,4.803921222686768,76300,0.0,0.0
2008-08-08 00:00:00-04:00,4.883984484426432,4.883984484426432,4.7912771611656595,4.824988842010498,95200,0.0,0.0
2008-08-11 00:00:00-04:00,4.867128515669353,4.867128515669353,4.795491095294246,4.812346935272217,83800,0.0,0.0
2008-08-12 00:00:00-04:00,4.820777400123846,4.833419588714207,4.795493826693431,4.799707889556885,68700,0.0,0.0
2008-08-13 00:00:00-04:00,4.792080830956777,4.838688012797423,4.783606577490489,4.787843704223633,76800,0.062,0.0
2008-08-14 00:00:00-04:00,4.834450429371591,4.834450429371591,4.783606125600875,4.796317100524902,105500,0.0,0.0
2008-08-15 00:00:00-04:00,4.7836067451104105,4.821740078895624,4.7836067451104105,4.8090291023254395,85800,0.0,0.0
2008-08-18 00:00:00-04:00,4.792079942295956,4.872583314923623,4.792079942295956,4.859872341156006,73600,0.0,0.0
2008-08-19 00:00:00-04:00,4.842924804645343,4.859872906331322,4.800554348393086,4.813265323638916,91100,0.0,0.0
2008-08-20 00:00:00-04:00,4.8090303081500965,4.85987463125429,4.8090303081500965,4.851400375366211,97000,0.0,0.0
2008-08-21 00:00:00-04:00,4.855638298692533,4.8683492805320245,4.830215930938721,4.830215930938721,60200,0.0,0.0
2008-08-22 00:00:00-04:00,4.830214000265985,4.864110207672614,4.82174015045166,4.82174015045166,65500,0.0,0.0
2008-08-25 00:00:00-04:00,4.847164357729525,4.872586727142334,4.8302162461459375,4.872586727142334,42600,0.0,0.0
2008-08-26 00:00:00-04:00,4.87258213633447,4.940374518796774,4.838685945103319,4.893767356872559,117700,0.0,0.0
2008-08-27 00:00:00-04:00,4.885292071584006,4.953084439677635,4.885292071584006,4.944610595703125,63000,0.0,0.0
2008-08-28 00:00:00-04:00,4.953086274747775,4.9785086242388115,4.931901454925537,4.931901454925537,100600,0.0,0.0
2008-08-29 00:00:00-04:00,4.919191955653699,4.970036269967015,4.910718105305492,4.936140060424805,49400,0.0,0.0
2008-09-02 00:00:00-04:00,4.898005258320512,4.970034373050287,4.898005258320512,4.931901454925537,56500,0.0,0.0
2008-09-03 00:00:00-04:00,4.9234266010510535,4.9403746972789175,4.898004658746501,4.914952754974365,59000,0.0,0.0
2008-09-04 00:00:00-04:00,4.914952627649163,4.923426473506331,4.893767406894529,4.898004531860352,41000,0.0,0.0
2008-09-05 00:00:00-04:00,4.898006773238236,4.961562060511209,4.8429253357001505,4.95308780670166,62400,0.0,0.0
2008-09-08 00:00:00-04:00,4.957324933606435,4.982747290960421,4.944613956966772,4.95308780670166,103800,0.0,0.0
2008-09-09 00:00:00-04:00,4.974269655725491,4.974269655725491,4.919188255630821,4.944610595703125,66200,0.0,0.0
2008-09-10 00:00:00-04:00,4.923430080880303,4.9658005534342164,4.914956228814384,4.940378189086914,78800,0.0,0.0
2008-09-11 00:00:00-04:00,4.941227761314521,4.954006684462323,4.89011125625403,4.894371032714844,80400,0.062,0.0
2008-09-12 00:00:00-04:00,4.894370241118832,4.907149568434399,4.877331544265987,4.881591320037842,70000,0.0,0.0
2008-09-15 00:00:00-04:00,4.881592316556145,4.92844864090798,4.8389953626110875,4.8517746925354,81200,0.0,0.0
2008-09-16 00:00:00-04:00,4.8347390592869015,4.868816481567265,4.72398723375826,4.749545097351074,91900,0.0,0.0
2008-09-17 00:00:00-04:00,4.766579674580794,4.766579674580794,4.579154014587402,4.579154014587402,163800,0.0,0.0
2008-09-18 00:00:00-04:00,4.579154801095196,4.643049821872438,4.200043234108893,4.4641432762146,230100,0.0,0.0
2008-09-19 00:00:00-04:00,4.677128171981216,4.7239849092362,4.608973360957293,4.719725131988525,111000,0.0,0.0
2008-09-22 00:00:00-04:00,4.723984352873252,4.732503500130549,4.472663212145618,4.476922988891602,104300,0.0,0.0
2008-09-23 00:00:00-04:00,4.472661972045898,4.536556980581302,4.4002474123806765,4.472661972045898,79500,0.0,0.0
2008-09-24 00:00:00-04:00,4.44710771821249,4.5621193243334215,4.44710771821249,4.498224258422852,59500,0.0,0.0
2008-09-25 00:00:00-04:00,4.44710732432885,4.668610958171935,4.44710732432885,4.660091400146484,82100,0.0,0.0
2008-09-26 00:00:00-04:00,4.638789681333891,4.677126443692635,4.442844468928296,4.647308826446533,46300,0.0,0.0
2008-09-29 00:00:00-04:00,4.988082970736072,4.988082970736072,4.259678014079155,4.336352348327637,76600,0.0,0.0
2008-09-30 00:00:00-04:00,4.336354698027734,4.438586928264967,3.991320413183608,4.229862689971924,137000,0.0,0.0
2008-10-01 00:00:00-04:00,4.272457689589663,4.447104454040527,4.259678767034255,4.447104454040527,78600,0.0,0.0
2008-10-02 00:00:00-04:00,4.353395938873291,4.442849293995174,4.353395938873291,4.353395938873291,51400,0.0,0.0
2008-10-03 00:00:00-04:00,4.400249048338621,4.468403857778045,4.302276611328125,4.302276611328125,61100,0.0,0.0
2008-10-06 00:00:00-04:00,4.302276408502606,4.302276408502606,3.8379712832922324,3.850750207901001,107400,0.0,0.0
2008-10-07 00:00:00-04:00,3.514236379905496,4.123370815750913,3.514236379905496,3.8124139308929443,98800,0.0,0.0
2008-10-08 00:00:00-04:00,3.6164690218557736,3.9955807718957663,3.505717219879844,3.808154582977295,128900,0.0,0.0
2008-10-09 00:00:00-04:00,3.8081534262272116,3.8933473441673376,3.0925275216669905,3.113825798034668,145300,0.0,0.0
2008-10-10 00:00:00-04:00,3.0115765277781015,3.015872535988954,2.577668841182173,2.6721832752227783,264300,0.062,0.0
2008-10-13 00:00:00-04:00,2.74951649789221,3.3724537382214486,2.74951649789221,3.2564585208892822,206800,0.0,0.0
2008-10-14 00:00:00-04:00,3.329490601967439,3.561480898490333,3.2521605714114132,3.398228406906128,167500,0.0,0.0
2008-10-15 00:00:00-04:00,3.3982289258694576,3.4583747192308425,3.2049037175281665,3.26934552192688,117400,0.0,0.0
2008-10-16 00:00:00-04:00,3.3810439556714558,3.4154128581408005,3.2994177098793536,3.398228406906128,72500,0.0,0.0
2008-10-17 00:00:00-04:00,3.3939338197915965,3.574370633422928,3.3380842274306373,3.544297933578491,92000,0.0,0.0
2008-10-20 00:00:00-04:00,3.643108141409522,3.7290308356412587,3.5528900499437857,3.6860694885253906,75400,0.0,0.0
2008-10-21 00:00:00-04:00,3.6474022830896566,3.759101394278507,3.5872569229953046,3.703251838684082,81300,0.0,0.0
2008-10-22 00:00:00-04:00,3.759102648017704,3.8450249123161737,3.61733080949781,3.8192484378814697,72700,0.0,0.0
2008-10-23 00:00:00-04:00,3.823543246922245,4.064125933941803,3.823543246922245,4.0039801597595215,91300,0.0,0.0
2008-10-24 00:00:00-04:00,3.8922838237984423,3.9739099009510634,3.66029342434753,3.8450262546539307,126500,0.0,0.0
2008-10-27 00:00:00-04:00,3.8020656290536756,3.9309488763762945,3.7634004909729497,3.806361436843872,59900,0.0,0.0
2008-10-28 00:00:00-04:00,3.952427236633448,3.9953885670235465,3.784878949473208,3.95672345161438,111600,0.0,0.0
2008-10-29 00:00:00-04:00,3.922352933219533,4.021163378764095,3.849318947508577,3.943833589553833,69500,0.0,0.0
2008-10-30 00:00:00-04:00,3.995388861022508,3.995388861022508,3.789175033569336,3.789175033569336,79000,0.0,0.0
2008-10-31 00:00:00-04:00,3.845025467448281,3.8750985715768564,3.608738899230957,3.608738899230957,117500,0.0,0.0
2008-11-03 00:00:00-05:00,3.694662005925092,3.703254029717963,3.5915548524421848,3.6173317432403564,104400,0.0,0.0
2008-11-04 00:00:00-05:00,3.668884386823776,3.668884386823776,3.5743696856054497,3.6474037170410156,170500,0.0,0.0
2008-11-05 00:00:00-05:00,3.60444353637511,3.9266524209591016,3.60444353637511,3.8836910724639893,128400,0.0,0.0
2008-11-06 00:00:00-05:00,3.9094664323026356,4.034053802490234,3.8836895513595087,4.034053802490234,113800,0.0,0.0
2008-11-07 00:00:00-05:00,4.0039803413721815,4.094198801882952,3.9953883216476056,4.042645454406738,81100,0.0,0.0
2008-11-10 00:00:00-05:00,4.072717849473434,4.077014063886147,3.9953880385923752,4.025460720062256,90300,0.0,0.0
2008-11-11 00:00:00-05:00,4.046943347425784,4.046943347425784,3.905171480644796,3.9094676971435547,52100,0.0,0.0
2008-11-12 00:00:00-05:00,4.001170882628833,4.001170882628833,3.6551235886541473,3.7719147205352783,105400,0.062,0.0
2008-11-13 00:00:00-05:00,3.715679943540231,3.84977293278928,3.702703295794883,3.823819637298584,114300,0.0,0.0
2008-11-14 00:00:00-05:00,3.8497725109084135,3.8670748435128504,3.7502842015629403,3.7935402393341064,42500,0.0,0.0
2008-11-17 00:00:00-05:00,3.8973539683113314,3.8973539683113314,3.6248419390460875,3.681074619293213,103500,0.0,0.0
2008-11-18 00:00:00-05:00,3.7113543160935385,3.7589356336003066,3.6075403074313894,3.637819290161133,85100,0.0,0.0
2008-11-19 00:00:00-05:00,3.6032157229744493,3.672425083256452,3.5167040226219464,3.5210297107696533,59900,0.0,0.0
2008-11-20 00:00:00-05:00,3.5296795369871132,3.6378192307061803,3.356656192044684,3.4042375087738037,90000,0.0,0.0
2008-11-21 00:00:00-05:00,3.3912615973600997,3.447494093545809,3.330703207221425,3.4301917552948,113600,0.0,0.0
2008-11-24 00:00:00-05:00,3.702703920378441,3.702703920378441,3.3696334094096567,3.5383315086364746,148900,0.0,0.0
2008-11-25 00:00:00-05:00,3.5729354569343514,3.594563477440382,3.4647957669243783,3.5080513954162598,91400,0.0,0.0
2008-11-26 00:00:00-05:00,3.5080532634488395,3.6551233861802297,3.451820751457602,3.5945653915405273,100100,0.0,0.0
2008-11-28 00:00:00-05:00,3.5815861293699243,3.672423478168299,3.56860948311877,3.6248421669006348,33100,0.0,0.0
2008-12-01 00:00:00-05:00,3.482097522848224,3.6378185021079292,3.4172136783599854,3.4172136783599854,55700,0.0,0.0
2008-12-02 00:00:00-05:00,3.6637732014435924,3.6637732014435924,3.3350284099578857,3.3350284099578857,104100,0.0,0.0
2008-12-03 00:00:00-05:00,3.3307047590181025,3.3696351413508587,3.2052626451239297,3.274472236633301,90900,0.0,0.0
2008-12-04 00:00:00-05:00,3.2441913965348217,3.278796071762905,3.1490285396575928,3.1490285396575928,80300,0.0,0.0
2008-12-05 00:00:00-05:00,3.1490283602455005,3.1793073462148977,3.027911797587545,3.144702672958374,124900,0.0,0.0
2008-12-08 00:00:00-05:00,3.39558485991509,3.39558485991509,3.006282091140747,3.006282091140747,97200,0.0,0.0
2008-12-09 00:00:00-05:00,3.023586821358991,3.023586821358991,2.802981874338804,2.9111216068267822,206400,0.0,0.0
2008-12-10 00:00:00-05:00,2.8765172104820462,3.0798198369513368,2.7510751248660643,2.867866039276123,198800,0.0,0.0
2008-12-11 00:00:00-05:00,2.794509093238505,2.868738273234696,2.7377455781582234,2.781409740447998,194100,0.062,0.0
2008-12-12 00:00:00-05:00,2.7508426591694723,2.7945067853992938,2.6678807152293222,2.7159111499786377,217900,0.0,0.0
2008-12-15 00:00:00-05:00,2.689716434609636,2.7508465050015047,2.6198537349700928,2.6198537349700928,225200,0.0,0.0
2008-12-16 00:00:00-05:00,2.6329526901245117,2.680983184632626,2.571822629138707,2.6329526901245117,189300,0.0,0.0
2008-12-17 00:00:00-05:00,2.6853465126453853,2.7770412868484216,2.6329495583027893,2.750842809677124,218600,0.0,0.0
2008-12-18 00:00:00-05:00,2.667884779537526,2.9342364594083206,2.667884779537526,2.8993051052093506,131600,0.0,0.0
2008-12-19 00:00:00-05:00,2.864370900321358,3.0695927143096924,2.864370900321358,3.0695927143096924,190200,0.0,0.0
2008-12-22 00:00:00-05:00,2.990998674938069,3.161289054518302,2.990998674938069,3.1438233852386475,169500,0.0,0.0
2008-12-23 00:00:00-05:00,3.1569217700888403,3.532433960491137,3.0215627707105197,3.121990442276001,202400,0.0,0.0
2008-12-24 00:00:00-05:00,3.143823147213453,3.1743881702423096,3.100158977320219,3.1743881702423096,72300,0.0,0.0
2008-12-26 00:00:00-05:00,3.2879147481790945,3.2879147481790945,3.196219900462858,3.257349729537964,90400,0.0,0.0
2008-12-29 00:00:00-05:00,3.2442492217106604,3.3359440367924886,3.0739589400760146,3.187485933303833,332400,0.0,0.0
2008-12-30 00:00:00-05:00,3.1874862319222164,3.335944349319112,3.143821871539558,3.2922801971435547,235000,0.0,0.0
2008-12-31 00:00:00-05:00,3.235517392029473,3.3621435647130054,3.2180517273977545,3.261715888977051,152800,0.0,0.0
2009-01-02 00:00:00-05:00,3.292281458465301,3.493136843630637,3.292281458465301,3.4713046550750732,75100,0.0,0.0
2009-01-05 00:00:00-05:00,3.584831641996029,3.7332900219737772,3.5280681192742813,3.6634273529052734,79400,0.0,0.0
2009-01-06 00:00:00-05:00,3.619763693630667,3.8075199662588615,3.619763693630667,3.759489059448242,108200,0.0,0.0
2009-01-07 00:00:00-05:00,3.8686480307201214,3.8686480307201214,3.711457058165766,3.7332892417907715,71900,0.0,0.0
2009-01-08 00:00:00-05:00,3.7289244326631894,3.8730163277195317,3.698359611413195,3.7463901042938232,124100,0.0,0.0
2009-01-09 00:00:00-05:00,3.6896264352413453,3.90358100915713,3.6896264352413453,3.864283561706543,174600,0.0,0.0
2009-01-12 00:00:00-05:00,3.7638543765905834,4.008374104925843,3.7638543765905834,3.995274543762207,137500,0.0,0.0
2009-01-13 00:00:00-05:00,4.1764002376132545,4.1764002376132545,3.890646704847111,3.956589698791504,130200,0.062,0.0
2009-01-14 00:00:00-05:00,3.952191437542614,3.9565877467713673,3.846682531583274,3.864267349243164,92100,0.0,0.0
2009-01-15 00:00:00-05:00,3.8642659528153125,3.8950392677858017,3.8159078265395476,3.855473756790161,80500,0.0,0.0
2009-01-16 00:00:00-05:00,3.855476223665962,4.110456360365633,3.855476223665962,4.088475227355957,87900,0.0,0.0
2009-01-20 00:00:00-05:00,4.031321869842916,4.088472611398805,3.8290963302047616,3.855473756790161,125900,0.0,0.0
2009-01-21 00:00:00-05:00,3.8950408994357724,3.9126257181074067,3.8247016247492347,3.9082298278808594,50800,0.0,0.0
2009-01-22 00:00:00-05:00,3.8950408442779336,3.974172736807272,3.8598712074327035,3.9346067905426025,43800,0.0,0.0
2009-01-23 00:00:00-05:00,3.9258154145318014,3.9829661912083996,3.8994379717367447,3.930211305618286,72300,0.0,0.0
2009-01-26 00:00:00-05:00,3.8862472543059927,3.9785676228089173,3.8862472543059927,3.8994357585906982,58200,0.0,0.0
2009-01-27 00:00:00-05:00,3.930210431312,4.0225308316744535,3.930210431312,4.013738632202148,60700,0.0,0.0
2009-01-28 00:00:00-05:00,4.004948808853743,4.057703300274627,3.956590629865124,4.048911094665527,53700,0.0,0.0
2009-01-29 00:00:00-05:00,4.018135567858355,4.097267052463589,3.9829659259770946,4.000550746917725,47700,0.0,0.0
2009-01-30 00:00:00-05:00,4.040116548629768,4.040116548629768,3.9170227938483726,3.930211305618286,71700,0.0,0.0
2009-02-02 00:00:00-05:00,3.9082309914630153,4.031324758812676,3.9082309914630153,4.00934362411499,57400,0.0,0.0
2009-02-03 00:00:00-05:00,3.9785701966425693,4.1280414060824295,3.9785701966425693,4.07968282699585,85700,0.0,0.0
2009-02-04 00:00:00-05:00,4.0445132381989914,4.158814802269497,4.0445132381989914,4.136833667755127,68900,0.0,0.0
2009-02-05 00:00:00-05:00,4.106059380511994,4.2819075774108315,4.106059380511994,4.264322757720947,88000,0.0,0.0
2009-02-06 00:00:00-05:00,4.264324240315936,4.352248369334295,4.264324240315936,4.321475028991699,59500,0.0,0.0
2009-02-09 00:00:00-05:00,4.277511301070778,4.36543581946183,4.2511342809576025,4.356643199920654,54500,0.0,0.0
2009-02-10 00:00:00-05:00,4.3302660358853435,4.475340899451578,4.264322649283771,4.295096397399902,56700,0.0,0.0
2009-02-11 00:00:00-05:00,4.282708852572837,4.335800232323809,4.242890212276413,4.300405979156494,51800,0.062,0.0
2009-02-12 00:00:00-05:00,4.260587113426554,4.300405751616118,4.229617249027006,4.234041213989258,45800,0.0,0.0
2009-02-13 00:00:00-05:00,4.211918824605607,4.225191559265136,4.1544030785041395,4.1765241622924805,51600,0.0,0.0
2009-02-17 00:00:00-05:00,4.061494361592286,4.132282864480845,3.9110685819877182,3.9951298236846924,102300,0.0,0.0
2009-02-18 00:00:00-05:00,3.950886191225777,3.986280433450626,3.880097706776079,3.888946056365967,100800,0.0,0.0
2009-02-19 00:00:00-05:00,3.8889485871441676,3.9730098616488667,3.880100231796111,3.9110701084136963,49900,0.0,0.0
2009-02-20 00:00:00-05:00,3.9022206482972925,3.9022206482972925,3.6633091886450675,3.7694923877716064,98000,0.0,0.0
2009-02-23 00:00:00-05:00,3.751794401446489,3.822583333303518,3.7031274063567823,3.716400146484375,68000,0.0,0.0
2009-02-24 00:00:00-05:00,3.7783410369794286,4.189799858190781,3.7164008678072507,3.981858253479004,150400,0.0,0.0
2009-02-25 00:00:00-05:00,4.114583998220968,4.149978234692894,3.986279785527089,4.127856731414795,88400,0.0,0.0
2009-02-26 00:00:00-05:00,4.362346672968966,4.362346672968966,4.0703438089964035,4.251739501953125,116800,0.0,0.0
2009-02-27 00:00:00-05:00,4.28713433568292,4.318104634619328,4.2074974488264125,4.278285980224609,51700,0.0,0.0
2009-03-02 00:00:00-05:00,4.247315639150758,4.273861124558203,3.981858253479004,3.981858253479004,139600,0.0,0.0
2009-03-03 00:00:00-05:00,3.9553086252882976,4.003976005974221,3.928763164852781,3.959733009338379,42200,0.0,0.0
2009-03-04 00:00:00-05:00,3.981855907955685,4.145554377984169,3.9730071367436746,4.09246301651001,54600,0.0,0.0
2009-03-05 00:00:00-05:00,3.9818554603492187,4.026098467570578,3.9287641048431396,3.9287641048431396,27000,0.0,0.0
2009-03-06 00:00:00-05:00,3.977431848848989,3.9907050067565715,3.7783391214946134,3.7960362434387207,62800,0.0,0.0
2009-03-09 00:00:00-04:00,4.092462292220304,4.092462292220304,3.75179225563758,3.7827625274658203,36500,0.0,0.0
2009-03-10 00:00:00-04:00,4.065917763857183,4.065917763857183,3.804885301065258,3.9199163913726807,54600,0.0,0.0
2009-03-11 00:00:00-04:00,4.009916781040403,4.032194181471842,3.920807604220719,4.0054612159729,49000,0.062,0.0
2009-03-12 00:00:00-04:00,3.9965498606477907,4.107936419780291,3.99209429630505,4.076747894287109,68000,0.0,0.0
2009-03-13 00:00:00-04:00,4.143580001033115,4.143580001033115,4.072292672612879,4.121302604675293,44900,0.0,0.0
2009-03-16 00:00:00-04:00,4.090115875486911,4.183680631622433,4.072294037409009,4.139125823974609,56100,0.0,0.0
2009-03-17 00:00:00-04:00,4.107939134171403,4.165860234181382,4.0722954456893055,4.134671688079834,28400,0.0,0.0
2009-03-18 00:00:00-04:00,4.156946612512531,4.183679575332952,4.112391816113838,4.170312881469727,46100,0.0,0.0
2009-03-19 00:00:00-04:00,4.183681271295811,4.2015031120986235,4.045561686394359,4.090116500854492,48800,0.0,0.0
2009-03-20 00:00:00-04:00,4.05447045328373,4.143579605298613,4.045559325629266,4.085658550262451,21500,0.0,0.0
2009-03-23 00:00:00-04:00,4.085658769335061,4.33961997242134,4.085658769335061,4.18813419342041,41200,0.0,0.0
2009-03-24 00:00:00-04:00,4.192591239975262,4.192591239975262,4.099026486031976,4.179224967956543,55300,0.0,0.0
2009-03-25 00:00:00-04:00,4.20150476994179,4.20150476994179,4.1391280900660545,4.174771785736084,41900,0.0,0.0
2009-03-26 00:00:00-04:00,4.22823524599943,4.246057085053666,4.170314162846624,4.241601943969727,47900,0.0,0.0
2009-03-27 00:00:00-04:00,4.170315047354727,4.268335395395851,4.170315047354727,4.259424686431885,19700,0.0,0.0
2009-03-30 00:00:00-04:00,4.277245987504467,4.277245987504467,4.058927909305386,4.099027156829834,83000,0.0,0.0
2009-03-31 00:00:00-04:00,4.06338436307254,4.210414686167781,3.974275140727892,4.130216598510742,52000,0.0,0.0
2009-04-01 00:00:00-04:00,4.205959796905518,4.223781644247671,4.125761696319004,4.205959796905518,41400,0.0,0.0
2009-04-02 00:00:00-04:00,4.2727900560881,4.2727900560881,4.18813600190086,4.241601943969727,36800,0.0,0.0
2009-04-03 00:00:00-04:00,4.214869499206543,4.237146907032448,4.179225816647579,4.214869499206543,38200,0.0,0.0
2009-04-06 00:00:00-04:00,4.205956024778992,4.205956024778992,4.1703123620618285,4.18813419342041,21200,0.0,0.0
2009-04-07 00:00:00-04:00,4.1881358231677925,4.205957661461463,4.125759601593018,4.125759601593018,48800,0.0,0.0
2009-04-08 00:00:00-04:00,4.103481866665249,4.143581105819631,4.050016356094777,4.072293758392334,84900,0.0,0.0
2009-04-09 00:00:00-04:00,4.094571065899489,4.152492146580452,4.076749227605818,4.125759601593018,39800,0.0,0.0
2009-04-13 00:00:00-04:00,4.292619932299405,4.292619932299405,4.036946773529053,4.036946773529053,49700,0.062,0.0
2009-04-14 00:00:00-04:00,4.0593737950971445,4.113199693504517,4.0593737950971445,4.104228496551514,34300,0.0,0.0
2009-04-15 00:00:00-04:00,4.131142543382912,4.202910423278809,4.117686172845008,4.202910423278809,53800,0.0,0.0
2009-04-16 00:00:00-04:00,4.202908956880435,4.261220445893502,4.202908956880435,4.256734848022461,37400,0.0,0.0
2009-04-17 00:00:00-04:00,4.225337964076963,4.2791638736344035,4.225337964076963,4.243279933929443,40600,0.0,0.0
2009-04-20 00:00:00-04:00,4.29261879036382,4.29261879036382,4.099742786710682,4.216365337371826,44900,0.0,0.0
2009-04-21 00:00:00-04:00,4.140110932440101,4.315045359864213,4.140110932440101,4.252248287200928,59500,0.0,0.0
2009-04-22 00:00:00-04:00,4.2253388617784475,4.341961904482065,4.2253388617784475,4.30607795715332,38700,0.0,0.0
2009-04-23 00:00:00-04:00,4.2881344729665765,4.404757046818764,4.2881344729665765,4.391300678253174,42400,0.0,0.0
2009-04-24 00:00:00-04:00,4.413728244375987,4.413728244375987,4.33747477622057,4.391300678253174,30900,0.0,0.0
2009-04-27 00:00:00-04:00,4.431670667363331,4.4406414380726416,4.368873561317007,4.404757499694824,34900,0.0,0.0
2009-04-28 00:00:00-04:00,4.436157703399658,4.463070452014462,4.4047589263218185,4.436157703399658,53900,0.0,0.0
2009-04-29 00:00:00-04:00,4.458581477148994,4.472038269042969,4.458581477148994,4.472038269042969,35800,0.0,0.0
2009-04-30 00:00:00-04:00,4.512409742598565,4.525866112547674,4.395786728985514,4.404757499694824,68700,0.0,0.0
2009-05-01 00:00:00-04:00,4.458582893482473,4.481010459326769,4.400271821165637,4.440640926361084,48300,0.0,0.0
2009-05-04 00:00:00-04:00,4.440644816718611,4.4854999877038955,4.400275676156591,4.418217658996582,79300,0.0,0.0
2009-05-05 00:00:00-04:00,4.427185581856204,4.4585839246377,4.35541769677259,4.395787239074707,55400,0.0,0.0
2009-05-06 00:00:00-04:00,4.391303469322611,4.472042587573631,4.3374775330787685,4.454100608825684,64500,0.0,0.0
2009-05-07 00:00:00-04:00,4.50792367249755,4.50792367249755,4.400271868608534,4.4137282371521,24000,0.0,0.0
2009-05-08 00:00:00-04:00,4.395787603891685,4.557265358731243,4.395787603891685,4.512410640716553,95900,0.0,0.0
2009-05-11 00:00:00-04:00,4.498954338661025,4.548295090044069,4.476526763284226,4.494469165802002,66500,0.0,0.0
2009-05-12 00:00:00-04:00,4.50343993929047,4.50343993929047,4.449614015048402,4.494469165802002,64500,0.0,0.0
2009-05-13 00:00:00-04:00,4.513423919677734,4.535991125362853,4.490856713992616,4.513423919677734,42900,0.062,0.0
2009-05-14 00:00:00-04:00,4.585639779428262,4.585639779428262,4.504397990833794,4.549532413482666,50300,0.0,0.0
2009-05-15 00:00:00-04:00,4.572096086652421,4.603689899797243,4.5495288927917965,4.5766096115112305,22900,0.0,0.0
2009-05-18 00:00:00-04:00,4.576608518782095,4.657849794676068,4.540501189399592,4.626255989074707,64200,0.0,0.0
2009-05-19 00:00:00-04:00,4.599176434790164,4.599176434790164,4.4998814692047056,4.535988807678223,109300,0.0,0.0
2009-05-20 00:00:00-04:00,4.545013689107318,4.626255384823347,4.508906364440918,4.508906364440918,91100,0.0,0.0
2009-05-21 00:00:00-04:00,4.54050422253508,4.57661157603792,4.481829665484562,4.504396438598633,87500,0.0,0.0
2009-05-22 00:00:00-04:00,4.508909368177299,4.5359900949343155,4.490855693817139,4.490855693817139,62700,0.0,0.0
2009-05-26 00:00:00-04:00,4.50890830272801,4.581122983104416,4.490854632633908,4.540502548217773,82800,0.0,0.0
2009-05-27 00:00:00-04:00,4.526962616097818,4.590150685622843,4.526962616097818,4.545016288757324,75800,0.0,0.0
2009-05-28 00:00:00-04:00,4.612719366432065,4.612719366432065,4.504396865230228,4.513423919677734,88400,0.0,0.0
2009-05-29 00:00:00-04:00,4.558557029307157,4.558557029307157,4.486341905649788,4.495368957519531,65800,0.0,0.0
2009-06-01 00:00:00-04:00,4.490856713992616,4.60369231198456,4.486343186768863,4.513423919677734,88800,0.0,0.0
2009-06-02 00:00:00-04:00,4.563072215432218,4.599179578587141,4.517938226705424,4.594666481018066,40900,0.0,0.0
2009-06-03 00:00:00-04:00,4.55855705992904,4.6127180802107475,4.504395609213806,4.5811238288879395,109400,0.0,0.0
2009-06-04 00:00:00-04:00,4.581123853821397,4.630771778841657,4.581123853821397,4.612718105316162,55200,0.0,0.0
2009-06-05 00:00:00-04:00,4.608206207427317,4.684934454627506,4.581125472354558,4.585638999938965,45600,0.0,0.0
2009-06-08 00:00:00-04:00,4.526962998103765,4.6217448951726805,4.526962998103765,4.617231369018555,75000,0.0,0.0
2009-06-09 00:00:00-04:00,4.6217448951726805,4.626258421326806,4.594664599115016,4.617231369018555,17200,0.0,0.0
2009-06-10 00:00:00-04:00,4.644311852848895,4.644311852848895,4.526962761574274,4.590150833129883,47100,0.0,0.0
2009-06-11 00:00:00-04:00,4.604684471613375,4.6183076767305185,4.513861949302064,4.545650005340576,37700,0.062,0.0
2009-06-12 00:00:00-04:00,4.559272472958373,4.559272472958373,4.404874729692892,4.4275803565979,76100,0.0,0.0
2009-06-15 00:00:00-04:00,4.427577287312906,4.454824107325639,4.2141452352792905,4.336755275726318,97000,0.0,0.0
2009-06-16 00:00:00-04:00,4.318594085583038,4.400333740272236,4.318594085583038,4.3957929611206055,122000,0.0,0.0
2009-06-17 00:00:00-04:00,4.409415941688656,4.4502859835029085,4.3912515267794126,4.4275803565979,49000,0.0,0.0
2009-06-18 00:00:00-04:00,4.427578242084891,4.486612670614856,4.427578242084891,4.4593658447265625,35200,0.0,0.0
2009-06-19 00:00:00-04:00,4.472992258687946,4.545649928855349,4.463909833380083,4.532026290893555,51600,0.0,0.0
2009-06-22 00:00:00-04:00,4.504778516531932,4.527484139849735,4.3867096217383486,4.409415245056152,27100,0.0,0.0
2009-06-23 00:00:00-04:00,4.45482668246097,4.486614296622891,4.395792232536144,4.463908672332764,47400,0.0,0.0
2009-06-24 00:00:00-04:00,4.513860958507606,4.51840217024115,4.4321213126727494,4.495696544647217,30700,0.0,0.0
2009-06-25 00:00:00-04:00,4.522943089028097,4.522943089028097,4.441203015413678,4.500237464904785,69900,0.0,0.0
2009-06-26 00:00:00-04:00,4.47299164535264,4.545649305557245,4.441203594207764,4.441203594207764,48100,0.0,0.0
2009-06-29 00:00:00-04:00,4.45482668246097,4.495696286494685,4.45482668246097,4.463908672332764,43000,0.0,0.0
2009-06-30 00:00:00-04:00,4.491157409036644,4.532027030368958,4.486616195641738,4.513862609863281,61700,0.0,0.0
2009-07-01 00:00:00-04:00,4.482073052220888,4.541107501711995,4.472991062415819,4.500237464904785,50500,0.0,0.0
2009-07-02 00:00:00-04:00,4.500236950143954,4.513860149830144,4.441202507405517,4.486613750457764,34100,0.0,0.0
2009-07-06 00:00:00-04:00,4.427579814169195,4.5184018775886825,4.427579814169195,4.500237464904785,48100,0.0,0.0
2009-07-07 00:00:00-04:00,4.541108539070519,4.554731743427051,4.450286454903881,4.477532863616943,69900,0.0,0.0
2009-07-08 00:00:00-04:00,4.536564765436022,4.568352801753523,4.450283942456781,4.55927038192749,104400,0.0,0.0
2009-07-09 00:00:00-04:00,4.559268526869797,4.581974134122895,4.504775329306425,4.536562919616699,46200,0.0,0.0
2009-07-10 00:00:00-04:00,4.541108389777416,4.545649602104915,4.5047795573051035,4.52294397354126,59800,0.0,0.0
2009-07-13 00:00:00-04:00,4.501009185059952,4.57869160894081,4.501009185059952,4.574121952056885,51200,0.062,0.0
2009-07-14 00:00:00-04:00,4.587831571313655,4.592401229277676,4.505579471107558,4.569553375244141,41100,0.0,0.0
2009-07-15 00:00:00-04:00,4.569551964009423,4.647234382260498,4.546704117032089,4.633525848388672,93700,0.0,0.0
2009-07-16 00:00:00-04:00,4.647236603698582,4.647236603698582,4.592402006213208,4.638097286224365,28300,0.0,0.0
2009-07-17 00:00:00-04:00,4.633527353313064,4.638096575563422,4.59240130255381,4.615249156951904,36800,0.0,0.0
2009-07-20 00:00:00-04:00,4.574123210897562,4.642666339874268,4.574123210897562,4.642666339874268,22700,0.0,0.0
2009-07-21 00:00:00-04:00,4.619819087062574,4.642666944961474,4.615249864112108,4.638097286224365,38400,0.0,0.0
2009-07-22 00:00:00-04:00,4.633528063273899,4.647236603698582,4.596971664950316,4.638097286224365,46100,0.0,0.0
2009-07-23 00:00:00-04:00,4.633525848388672,4.660942916132325,4.615247657964091,4.633525848388672,60400,0.0,0.0
2009-07-24 00:00:00-04:00,4.702071201183957,4.702071201183957,4.610680205374999,4.638097286224365,52900,0.0,0.0
2009-07-27 00:00:00-04:00,4.642663514813665,4.706637382507324,4.619815673795478,4.706637382507324,65300,0.0,0.0
2009-07-28 00:00:00-04:00,4.688361136354369,4.7751824451965605,4.656373971381772,4.7523345947265625,149100,0.0,0.0
2009-07-29 00:00:00-04:00,4.766041403529525,4.7888888078442875,4.702067538403799,4.761471748352051,83300,0.0,0.0
2009-07-30 00:00:00-04:00,4.779752261849902,4.84829537975927,4.770612947042511,4.84372615814209,55400,0.0,0.0
2009-07-31 00:00:00-04:00,4.862007793434928,4.921412074371426,4.8528684721584705,4.8711466789245605,52300,0.0,0.0
2009-08-03 00:00:00-04:00,4.921410262619599,4.930549144744873,4.857436344596021,4.930549144744873,85100,0.0,0.0
2009-08-04 00:00:00-04:00,4.921406583604225,4.9305454588977,4.880280555317741,4.893989086151123,69700,0.0,0.0
2009-08-05 00:00:00-04:00,4.884855225052422,4.957968487903605,4.866577018286332,4.8711466789245605,96500,0.0,0.0
2009-08-06 00:00:00-04:00,4.893989336724751,4.907697868260013,4.843724430571214,4.884850025177002,63900,0.0,0.0
2009-08-07 00:00:00-04:00,4.907699121728439,4.907699121728439,4.834586353818264,4.8757123947143555,103900,0.0,0.0
2009-08-10 00:00:00-04:00,4.930549144744873,4.980814085900543,4.875714544633234,4.930549144744873,88600,0.0,0.0
2009-08-11 00:00:00-04:00,4.903131008148193,4.935118181017366,4.862005390093445,4.903131008148193,90600,0.0,0.0
2009-08-12 00:00:00-04:00,4.9261266642511465,4.9261266642511465,4.88473057182624,4.916927337646484,55000,0.07,0.0
2009-08-13 00:00:00-04:00,4.898531217283267,5.050316661966531,4.880132994856454,4.930728435516357,63100,0.0,0.0
2009-08-14 00:00:00-04:00,4.898529192911502,4.939925285926491,4.898529192911502,4.935325622558594,48400,0.0,0.0
2009-08-17 00:00:00-04:00,4.89853187909478,4.944527660700141,4.889332985962677,4.921529769897461,50200,0.0,0.0
2009-08-18 00:00:00-04:00,4.880130978087957,4.990520705677273,4.880130978087957,4.935325622558594,62800,0.0,0.0
2009-08-19 00:00:00-04:00,4.95832440612241,4.990521616928742,4.944525852147194,4.981322288513184,54600,0.0,0.0
2009-08-20 00:00:00-04:00,4.96292198859803,5.041114492739399,4.958322326319611,4.9905195236206055,87500,0.0,0.0
2009-08-21 00:00:00-04:00,5.027318792987855,5.054915904998779,4.995121577444194,5.054915904998779,69000,0.0,0.0
2009-08-24 00:00:00-04:00,5.0687156667097755,5.128509564664886,5.022719888200033,5.06411600112915,78200,0.0,0.0
2009-08-25 00:00:00-04:00,5.110110636074729,5.1423078520493934,5.064115302558081,5.1377081871032715,87000,0.0,0.0
2009-08-26 00:00:00-04:00,5.137706258445592,5.197500564354258,5.119308044215851,5.160704135894775,104700,0.0,0.0
2009-08-27 00:00:00-04:00,5.142306373555382,5.197501021094944,5.133107046308088,5.18370246887207,67800,0.0,0.0
2009-08-28 00:00:00-04:00,5.183706015231991,5.220502472098814,5.183706015231991,5.215902805328369,48400,0.0,0.0
2009-08-31 00:00:00-04:00,5.192901905580227,5.252696223054705,5.192901905580227,5.243496894836426,107300,0.0,0.0
2009-09-01 00:00:00-04:00,5.2021006690733556,5.271093868628297,5.2021006690733556,5.248095989227295,97000,0.0,0.0
2009-09-02 00:00:00-04:00,5.2710961961373926,5.326290867882758,5.24349864094058,5.294094085693359,69800,0.0,0.0
2009-09-03 00:00:00-04:00,5.2572980875125195,5.358488108376203,5.2526984214782715,5.2526984214782715,71400,0.0,0.0
2009-09-04 00:00:00-04:00,5.330888427468033,5.436678063523975,5.32168909982069,5.432078838348389,80200,0.0,0.0
2009-09-08 00:00:00-04:00,5.473473863267998,5.5194696188845835,5.363084576165835,5.459675312042236,120300,0.0,0.0
2009-09-09 00:00:00-04:00,5.432082622855905,5.468879081785037,5.326292474448357,5.349290370941162,136100,0.0,0.0
2009-09-10 00:00:00-04:00,5.317091458412377,5.367686459598914,5.317091458412377,5.358487129211426,92100,0.0,0.0
2009-09-11 00:00:00-04:00,5.4093869570334325,5.4093869570334325,5.344604159810093,5.3862504959106445,82900,0.07,0.0
2009-09-14 00:00:00-04:00,5.404759737944149,5.4140142338051715,5.349231438878931,5.3631134033203125,77500,0.0,0.0
2009-09-15 00:00:00-04:00,5.326093741295447,5.414013424684244,5.326093741295447,5.404758930206299,74300,0.0,0.0
2009-09-16 00:00:00-04:00,5.344605381055349,5.464916948103823,5.344605381055349,5.460289478302002,112200,0.0,0.0
2009-09-17 00:00:00-04:00,5.497307441158336,5.506561937925238,5.395505328923996,5.441779136657715,103100,0.0,0.0
2009-09-18 00:00:00-04:00,5.474170157377531,5.50193452835083,5.455660723828569,5.50193452835083,45500,0.0,0.0
2009-09-21 00:00:00-04:00,5.497308254241943,5.501935723959692,5.45103443966406,5.497308254241943,47700,0.0,0.0
2009-09-22 00:00:00-04:00,5.488053650325982,5.506563089028775,5.464917182922363,5.464917182922363,58100,0.0,0.0
2009-09-23 00:00:00-04:00,5.464917753031684,5.506563663482666,5.464917753031684,5.506563663482666,58400,0.0,0.0
2009-09-24 00:00:00-04:00,5.506562994923639,5.52044540468836,5.469544118150694,5.49268102645874,71200,0.0,0.0
2009-09-25 00:00:00-04:00,5.464916848817306,5.5111902220953874,5.464916848817306,5.497308254241943,44200,0.0,0.0
2009-09-28 00:00:00-04:00,5.5111874726713035,5.548206329345703,5.506560005262108,5.548206329345703,45400,0.0,0.0
2009-09-29 00:00:00-04:00,5.617618895077713,5.617618895077713,5.520444253487992,5.575972557067871,59300,0.0,0.0
2009-09-30 00:00:00-04:00,5.552835653584656,5.594481991594497,5.53432621905803,5.575972557067871,72000,0.0,0.0
2009-10-01 00:00:00-04:00,5.6500086054733885,5.6500086054733885,5.538952031526395,5.571343421936035,89800,0.0,0.0
2009-10-02 00:00:00-04:00,5.571344139158394,5.580599075495202,5.552834707784433,5.56671667098999,79400,0.0,0.0
2009-10-05 00:00:00-04:00,5.552834958446269,5.668519020080566,5.552834958446269,5.668519020080566,119300,0.0,0.0
2009-10-06 00:00:00-04:00,5.668519491796536,5.737929758033344,5.645382589284363,5.677774429321289,74200,0.0,0.0
2009-10-07 00:00:00-04:00,5.668519020080566,5.682400983912774,5.659264083325979,5.668519020080566,82900,0.0,0.0
2009-10-08 00:00:00-04:00,5.6685224132599625,5.682404385401923,5.636130997828743,5.650012969970703,63800,0.0,0.0
2009-10-09 00:00:00-04:00,5.663891873351761,5.700910739873038,5.520443875906738,5.529698371887207,121700,0.0,0.0
2009-10-12 00:00:00-04:00,5.520442254186787,5.520442254186787,5.2242909677161435,5.275191783905029,314500,0.0,0.0
2009-10-13 00:00:00-04:00,5.331066769906037,5.45677772992532,5.270539319973753,5.424185752868652,168700,0.07,0.0
2009-10-14 00:00:00-04:00,5.428838473331155,5.466086043602383,5.205353051703789,5.22863245010376,183800,0.0,0.0
2009-10-15 00:00:00-04:00,5.368313406651916,5.368313406651916,4.986525422512825,5.0563645362854,315000,0.0,0.0
2009-10-16 00:00:00-04:00,5.061019475038462,5.242601752279362,5.061019475038462,5.18673038482666,117500,0.0,0.0
2009-10-19 00:00:00-04:00,5.205355966086261,5.3031310037971835,5.205355966086261,5.256571292877197,88800,0.0,0.0
2009-10-20 00:00:00-04:00,5.2751935865770525,5.349688747618994,5.2751935865770525,5.335721015930176,110600,0.0,0.0
2009-10-21 00:00:00-04:00,5.331065175390072,5.386936548456573,5.317097443129997,5.32175350189209,100500,0.0,0.0
2009-10-22 00:00:00-04:00,5.317096061480621,5.368311362476715,5.317096061480621,5.349687576293945,80700,0.0,0.0
2009-10-23 00:00:00-04:00,5.354344290946037,5.354344290946037,5.307784597762137,5.326408386230469,112700,0.0,0.0
2009-10-26 00:00:00-04:00,5.349689153287046,5.349689153287046,5.265882312772864,5.307785511016846,100200,0.0,0.0
2009-10-27 00:00:00-04:00,5.349692067074526,5.349692067074526,5.307788401980885,5.317100524902344,72000,0.0,0.0
2009-10-28 00:00:00-04:00,5.377626186048112,5.377626186048112,5.2426035572117256,5.256571292877197,85900,0.0,0.0
2009-10-29 00:00:00-04:00,5.251912498343135,5.321752028358123,5.237944769950569,5.303128242492676,79900,0.0,0.0
2009-10-30 00:00:00-04:00,5.326411607464326,5.326411607464326,5.2472607916257825,5.251916408538818,67800,0.0,0.0
2009-11-02 00:00:00-05:00,5.307786208399112,5.335722121591777,5.251914826040059,5.293818473815918,56300,0.0,0.0
2009-11-03 00:00:00-05:00,5.317098739462655,5.331066475128126,5.247259617108987,5.256571292877197,62600,0.0,0.0
2009-11-04 00:00:00-05:00,5.307784207720675,5.321752381065083,5.2146652722218425,5.247257232666016,87400,0.0,0.0
2009-11-05 00:00:00-05:00,5.228634463425529,5.270538107122463,5.223978848368495,5.26588249206543,47800,0.0,0.0
2009-11-06 00:00:00-05:00,5.233290522508796,5.284506284372263,5.233290522508796,5.26588249206543,44300,0.0,0.0
2009-11-09 00:00:00-05:00,5.261224613288898,5.303128242492676,5.242600827423451,5.303128242492676,74500,0.0,0.0
2009-11-10 00:00:00-05:00,5.29844528655566,5.30312969067826,5.223489012558437,5.270336627960205,87800,0.07,0.0
2009-11-11 00:00:00-05:00,5.25159514692562,5.260964397439373,5.190693454885078,5.195378303527832,57800,0.0,0.0
2009-11-12 00:00:00-05:00,5.1860136220237685,5.200068181545248,5.073579826485064,5.111057758331299,129400,0.0,0.0
2009-11-13 00:00:00-05:00,5.1063703874561535,5.139163896731876,5.0642080699964565,5.13447904586792,66800,0.0,0.0
2009-11-16 00:00:00-05:00,5.101686039348613,5.176641866906577,5.101686039348613,5.171957015991211,64400,0.0,0.0
2009-11-17 00:00:00-05:00,5.190696035363089,5.190696035363089,5.134479164017913,5.143848419189453,53800,0.0,0.0
2009-11-18 00:00:00-05:00,5.0876312967973885,5.181326524521313,5.0876312967973885,5.157902717590332,69600,0.0,0.0
2009-11-19 00:00:00-05:00,5.176642894744873,5.181327746590431,5.139164973524535,5.176642894744873,43100,0.0,0.0
2009-11-20 00:00:00-05:00,5.200064594992594,5.204748998163337,5.157901839052737,5.162586688995361,63300,0.0,0.0
2009-11-23 00:00:00-05:00,5.167271972299551,5.181326524521313,5.115739954468958,5.157902717590332,82100,0.0,0.0
2009-11-24 00:00:00-05:00,5.209434702317723,5.223488807678223,5.125109176610818,5.223488807678223,83200,0.0,0.0
2009-11-25 00:00:00-05:00,5.209432598782461,5.246910495791762,5.209432598782461,5.242225646972656,44600,0.0,0.0
2009-11-27 00:00:00-05:00,5.12979557546586,5.246914197950342,5.12979557546586,5.232860088348389,27800,0.0,0.0
2009-11-30 00:00:00-05:00,5.214118267570647,5.279704821036913,5.214118267570647,5.265650272369385,41100,0.0,0.0
2009-12-01 00:00:00-05:00,5.312497874384125,5.312497874384125,5.232857219022174,5.265650272369385,81300,0.0,0.0
2009-12-02 00:00:00-05:00,5.289076254686202,5.293761106174161,5.256283187814544,5.284391403198242,151100,0.0,0.0
2009-12-03 00:00:00-05:00,5.270334872102717,5.289073822665988,5.256280770873221,5.279704570770264,68100,0.0,0.0
2009-12-04 00:00:00-05:00,5.279704821036913,5.293758922932597,5.260965422813542,5.265650272369385,72300,0.0,0.0
2009-12-07 00:00:00-05:00,5.265650022768944,5.279704570770264,5.242226222871901,5.279704570770264,114200,0.0,0.0
2009-12-08 00:00:00-05:00,5.256282460746494,5.312499330509797,5.25159760990656,5.298445224761963,60600,0.0,0.0
2009-12-09 00:00:00-05:00,5.317181035481005,5.349974078414859,5.2843875457754494,5.34528923034668,83100,0.0,0.0
2009-12-10 00:00:00-05:00,5.345290009823872,5.415561400778791,5.345290009823872,5.396822452545166,142500,0.0,0.0
2009-12-11 00:00:00-05:00,5.633971351446995,5.633971351446995,5.379381864968207,5.39352560043335,105700,0.073,0.0
2009-12-14 00:00:00-05:00,5.473673699080166,5.473673699080166,5.374666660354732,5.402954578399658,117900,0.0,0.0
2009-12-15 00:00:00-05:00,5.351093319534381,5.374666057369113,5.3039469446226075,5.322805404663086,85900,0.0,0.0
2009-12-16 00:00:00-05:00,5.308661672038015,5.388810239615338,5.294517489791791,5.322805404663086,97600,0.0,0.0
2009-12-17 00:00:00-05:00,5.280376905513804,5.332238038762424,5.280376905513804,5.289806365966797,61500,0.0,0.0
2009-12-18 00:00:00-05:00,5.280372379994356,5.294516108930604,5.252084922121858,5.275657653808594,105600,0.0,0.0
2009-12-21 00:00:00-05:00,5.256799181384447,5.322803998904756,5.256799181384447,5.313374996185303,125100,0.0,0.0
2009-12-22 00:00:00-05:00,5.289801832365879,5.322804016424138,5.266228651058107,5.275657653808594,74800,0.0,0.0
2009-12-23 00:00:00-05:00,5.270942802893254,5.3840935212957985,5.256798625877195,5.379378795623779,96800,0.0,0.0
2009-12-24 00:00:00-05:00,5.4170954597137575,5.4170954597137575,5.35109110173861,5.374663829803467,53100,0.0,0.0
2009-12-28 00:00:00-05:00,5.360524107304699,5.417099506239422,5.360524107304699,5.407670497894287,40800,0.0,0.0
2009-12-29 00:00:00-05:00,5.398239850455303,5.4218130405558735,5.3793813882990875,5.402954578399658,47300,0.0,0.0
2009-12-30 00:00:00-05:00,5.3982417922780765,5.417100261217946,5.374668593697898,5.384098052978516,48800,0.0,0.0
2009-12-31 00:00:00-05:00,5.407668112712381,5.407668112712381,5.341663284924233,5.398238658905029,71100,0.0,0.0
2010-01-04 00:00:00-05:00,5.402952170115505,5.435954351773359,5.35580581092914,5.412381172180176,78700,0.0,0.0
2010-01-05 00:00:00-05:00,5.473673699080166,5.473673699080166,5.384096116243442,5.402954578399658,78500,0.0,0.0
2010-01-06 00:00:00-05:00,5.49724810046894,5.49724810046894,5.384097302599493,5.407670497894287,68800,0.0,0.0
2010-01-07 00:00:00-05:00,5.417097091674805,5.435955549580592,5.360521717957443,5.417097091674805,58700,0.0,0.0
2010-01-08 00:00:00-05:00,5.450100422062473,5.450100422062473,5.3935245915422625,5.440670967102051,41400,0.0,0.0
2010-01-11 00:00:00-05:00,5.412381818731518,5.478386639553021,5.412381818731518,5.473671913146973,81700,0.0,0.0
2010-01-12 00:00:00-05:00,5.473672628781986,5.487816809849359,5.454814170313271,5.478387355804443,51200,0.0,0.0
2010-01-13 00:00:00-05:00,5.5462328588379926,5.5462328588379926,5.432366762647293,5.475066661834717,82000,0.073,0.0
2010-01-14 00:00:00-05:00,5.460833068981664,5.498788431292936,5.4560885355768525,5.465577602386475,30800,0.0,0.0
2010-01-15 00:00:00-05:00,5.456088465234948,5.50827697462421,5.4465993985476615,5.494043827056885,50400,0.0,0.0
2010-01-19 00:00:00-05:00,5.522510897211281,5.584188476890264,5.503533215191873,5.565210342407227,105000,0.0,0.0
2010-01-20 00:00:00-05:00,5.536741701625159,5.579441581207701,5.527252638400844,5.555719375610352,64000,0.0,0.0
2010-01-21 00:00:00-05:00,5.536743676012989,5.555721356765571,5.489299247899735,5.522510528564453,99300,0.0,0.0
2010-01-22 00:00:00-05:00,5.4987888783236905,5.5462328588379926,5.475066661834717,5.475066661834717,59200,0.0,0.0
2010-01-25 00:00:00-05:00,5.47981442576744,5.527258434248181,5.470325352592945,5.517769813537598,65900,0.0,0.0
2010-01-26 00:00:00-05:00,5.498788314507826,5.54623229015748,5.484555167059289,5.522510528564453,81600,0.0,0.0
2010-01-27 00:00:00-05:00,5.546232660387819,5.588932558047394,5.522510897211281,5.565210342407227,112900,0.0,0.0
2010-01-28 00:00:00-05:00,5.550974843998194,5.560463907222509,5.522508559252125,5.555719375610352,43300,0.0,0.0
2010-01-29 00:00:00-05:00,5.6221461951651595,5.6221461951651595,5.569957208410276,5.588934898376465,45400,0.0,0.0
2010-02-01 00:00:00-05:00,5.641120955534553,5.641120955534553,5.56520978262884,5.612654209136963,65300,0.0,0.0
2010-02-02 00:00:00-05:00,5.622145531739185,5.674334059871883,5.607911926596277,5.664844989776611,86300,0.0,0.0
2010-02-03 00:00:00-05:00,5.636378684418327,5.6790785949195195,5.626889614323055,5.664844989776611,66800,0.0,0.0
2010-02-04 00:00:00-05:00,5.598422565767702,5.660100155807902,5.579444880560234,5.584189414978027,93800,0.0,0.0
2010-02-05 00:00:00-05:00,5.574698411618616,5.607909236090988,5.555720732996755,5.5936760902404785,65000,0.0,0.0
2010-02-08 00:00:00-05:00,5.584189852246193,5.6174006908439,5.57944531745688,5.598423004150391,62400,0.0,0.0
2010-02-09 00:00:00-05:00,5.6173982286934345,5.712286620570646,5.603165083027739,5.631631374359131,141200,0.0,0.0
2010-02-10 00:00:00-05:00,5.685576710573014,5.685576710573014,5.590101120963835,5.6569342613220215,83600,0.073,0.0
2010-02-11 00:00:00-05:00,5.690350984555743,5.690350984555743,5.647386852541417,5.666481971740723,49500,0.0,0.0
2010-02-12 00:00:00-05:00,5.652158237015893,5.70944356918335,5.633063126293408,5.70944356918335,41900,0.0,0.0
2010-02-16 00:00:00-05:00,5.742863556226743,5.74763745076325,5.704673310461962,5.728542327880859,110600,0.0,0.0
2010-02-17 00:00:00-05:00,5.728538929824107,5.761955261230469,5.718991146414649,5.761955261230469,76100,0.0,0.0
2010-02-18 00:00:00-05:00,5.718990528366846,5.800144857523459,5.718990528366846,5.723764419555664,72100,0.0,0.0
2010-02-19 00:00:00-05:00,5.690351236712638,5.728541476803576,5.609196862703501,5.613970756530762,131800,0.0,0.0
2010-02-22 00:00:00-05:00,5.590101009439861,5.609196126980744,5.513720539276328,5.5375895500183105,156500,0.0,0.0
2010-02-23 00:00:00-05:00,5.585326163806754,5.652159291434952,5.547135935237337,5.56145715713501,66800,0.0,0.0
2010-02-24 00:00:00-05:00,5.585323921638292,5.623514134876657,5.571002705489717,5.599645137786865,94700,0.0,0.0
2010-02-25 00:00:00-05:00,5.676030010494429,5.685577342885377,5.537590276348886,5.613970756530762,76500,0.0,0.0
2010-02-26 00:00:00-05:00,5.656930608215197,5.666477933378926,5.613966506820347,5.637835502624512,75500,0.0,0.0
2010-03-01 00:00:00-05:00,5.699896642846856,5.723765648653152,5.656932978711624,5.718991756439209,52500,0.0,0.0
2010-03-02 00:00:00-05:00,5.718992981423652,5.738088554369617,5.6760293080857815,5.690350532531738,52700,0.0,0.0
2010-03-03 00:00:00-05:00,5.656936822104925,5.680805388864404,5.637841695539105,5.661710262298584,104100,0.0,0.0
2010-03-04 00:00:00-05:00,5.652159623918581,5.70944497014247,5.652159623918581,5.68557596206665,77400,0.0,0.0
2010-03-05 00:00:00-05:00,5.718993886356266,5.752410689035823,5.676030206220131,5.747636795043945,68300,0.0,0.0
2010-03-08 00:00:00-05:00,5.752407933084381,5.771503044639927,5.723765038119378,5.761955261230469,72600,0.0,0.0
2010-03-09 00:00:00-05:00,5.781050989430213,5.781050989430213,5.699896642846856,5.718991756439209,85600,0.0,0.0
2010-03-10 00:00:00-05:00,5.723766251888857,5.752409152927812,5.6903499133962985,5.733314037322998,58600,0.0,0.0
2010-03-11 00:00:00-05:00,5.758768316161642,5.758768316161642,5.701132657104726,5.720344543457031,69700,0.073,0.0
2010-03-12 00:00:00-05:00,5.705939201223944,5.734756819193239,5.677121125206869,5.701136112213135,83700,0.0,0.0
2010-03-15 00:00:00-04:00,5.739557243225213,5.739557243225213,5.6723158604863775,5.686724662780762,67600,0.0,0.0
2010-03-16 00:00:00-04:00,5.691529149290965,5.725149848928791,5.686726061329082,5.71074104309082,66200,0.0,0.0
2010-03-17 00:00:00-04:00,5.715544097662132,5.744362169526897,5.715544097662132,5.734755992889404,46400,0.0,0.0
2010-03-18 00:00:00-04:00,5.691528810313187,5.758770205584055,5.691528810313187,5.744361400604248,56900,0.0,0.0
2010-03-19 00:00:00-04:00,5.705935001373291,5.758767567461468,5.701131915897791,5.705935001373291,61700,0.0,0.0
2010-03-22 00:00:00-04:00,5.6723155980427595,5.758768865856656,5.6723155980427595,5.7491631507873535,86900,0.0,0.0
2010-03-23 00:00:00-04:00,5.787586858591864,5.811601833051921,5.73955690967175,5.797192573547363,82600,0.0,0.0
2010-03-24 00:00:00-04:00,5.811602714235797,5.811602714235797,5.768375845262931,5.792390823364258,46600,0.0,0.0
2010-03-25 00:00:00-04:00,5.797195233700371,5.826013307885668,5.782786425631598,5.8116044998168945,49200,0.0,0.0
2010-03-26 00:00:00-04:00,5.826012869650805,5.840421676635742,5.821209781306587,5.840421676635742,50200,0.0,0.0
2010-03-29 00:00:00-04:00,5.850031584862271,5.854834218222211,5.816410403054644,5.835622310638428,66300,0.0,0.0
2010-03-30 00:00:00-04:00,5.835619027248933,5.854830924023214,5.787589514337106,5.8116044998168945,57400,0.0,0.0
2010-03-31 00:00:00-04:00,5.8308196772784875,5.8404254020463755,5.744365864127457,5.835622310638428,54600,0.0,0.0
2010-04-01 00:00:00-04:00,5.91246572586399,5.91246572586399,5.845223873444074,5.86923885345459,44200,0.0,0.0
2010-04-05 00:00:00-04:00,5.859632678231326,5.878844570630209,5.845223873444074,5.86923885345459,45200,0.0,0.0
2010-04-06 00:00:00-04:00,5.898056135700442,5.898056135700442,5.811602853727248,5.826011657714844,53300,0.0,0.0
2010-04-07 00:00:00-04:00,5.787589514337106,5.845225204659949,5.787589514337106,5.8116044998168945,50800,0.0,0.0
2010-04-08 00:00:00-04:00,5.8019970310231805,5.845223903656006,5.8019970310231805,5.845223903656006,45600,0.0,0.0
2010-04-09 00:00:00-04:00,5.821208570369771,5.859632353035107,5.806799766382176,5.826011657714844,43300,0.0,0.0
2010-04-12 00:00:00-04:00,5.8212081875139114,5.845223164612206,5.811602471503147,5.830814361572266,67300,0.0,0.0
2010-04-13 00:00:00-04:00,5.846759546875075,5.861255515438979,5.817767148928734,5.837095260620117,65400,0.073,0.0
2010-04-14 00:00:00-04:00,5.856424201832664,5.856424201832664,5.788775570921605,5.812935829162598,65300,0.0,0.0
2010-04-15 00:00:00-04:00,5.793608542025402,5.817768803716332,5.759784452149298,5.769448280334473,72900,0.0,0.0
2010-04-16 00:00:00-04:00,5.721126686304757,5.764615053543463,5.721126686304757,5.74528694152832,59100,0.0,0.0
2010-04-19 00:00:00-04:00,5.711463110305484,5.803271999410922,5.711463110305484,5.793607711791992,56500,0.0,0.0
2010-04-20 00:00:00-04:00,5.793604613716434,5.812932717800174,5.754948405548956,5.78394079208374,82100,0.0,0.0
2010-04-21 00:00:00-04:00,5.764614206272683,5.793606139624955,5.73562181210194,5.750117778778076,88500,0.0,0.0
2010-04-22 00:00:00-04:00,5.79843818048218,5.79843818048218,5.740453853975574,5.764614105224609,55300,0.0,0.0
2010-04-23 00:00:00-04:00,5.764612911391249,5.779108874811216,5.754948628565693,5.7742767333984375,32200,0.0,0.0
2010-04-26 00:00:00-04:00,5.754953030214864,5.788777124337778,5.750120885106242,5.759785175323486,84100,0.0,0.0
2010-04-27 00:00:00-04:00,5.750121238993401,5.783945796016744,5.730793118188098,5.754953384399414,81900,0.0,0.0
2010-04-28 00:00:00-04:00,5.769445887952414,5.779110172948819,5.7452860970983455,5.750117778778076,64700,0.0,0.0
2010-04-29 00:00:00-04:00,5.754948405548956,5.798436754941957,5.754948405548956,5.78394079208374,52200,0.0,0.0
2010-04-30 00:00:00-04:00,5.798441771416035,5.817769892221338,5.750121238993401,5.754953384399414,73000,0.0,0.0
2010-05-03 00:00:00-04:00,5.793609032561962,5.837097415124002,5.779113058647516,5.8274335861206055,110300,0.0,0.0
2010-05-04 00:00:00-04:00,5.793609032561962,5.841929560035052,5.779113058647516,5.8274335861206055,73600,0.0,0.0
2010-05-05 00:00:00-04:00,5.822600719952115,5.856424808502197,5.822600719952115,5.856424808502197,62200,0.0,0.0
2010-05-06 00:00:00-04:00,5.846760372058908,5.861256342668704,5.750119339144006,5.793607711791992,91600,0.0,0.0
2010-05-07 00:00:00-04:00,5.798437118530273,5.861253575945891,5.750116624881836,5.798437118530273,46500,0.0,0.0
2010-05-10 00:00:00-04:00,5.832266220071451,5.870922464018101,5.783946145547526,5.846762657165527,95800,0.0,0.0
2010-05-11 00:00:00-04:00,5.846759800981779,5.87575173936961,5.779111176712587,5.866087913513184,62800,0.0,0.0
2010-05-12 00:00:00-04:00,5.896710395812988,5.906432677969804,5.848097594210802,5.896710395812988,67600,0.073,0.0
2010-05-13 00:00:00-04:00,5.930743999037344,5.930743999037344,5.8383801556935015,5.872408866882324,43300,0.0,0.0
2010-05-14 00:00:00-04:00,5.8918538666877005,5.8918538666877005,5.843241488726794,5.882131576538086,26000,0.0,0.0
2010-05-17 00:00:00-04:00,5.8480988444853,5.886988908639003,5.79462512217549,5.828653812408447,91100,0.0,0.0
2010-05-18 00:00:00-04:00,5.886988728840144,5.886988728840144,5.828653634391244,5.867543697357178,45100,0.0,0.0
2010-05-19 00:00:00-04:00,5.799487785846328,5.87240655644942,5.799487785846328,5.857822895050049,91400,0.0,0.0
2010-05-20 00:00:00-04:00,5.8529627108253965,5.8529627108253965,5.7849048377716565,5.809211254119873,88500,0.0,0.0
2010-05-21 00:00:00-04:00,5.804348884624888,5.833516671971497,5.750875148696734,5.818933010101318,49500,0.0,0.0
2010-05-24 00:00:00-04:00,5.818935212628572,5.857825301406851,5.818935212628572,5.852963924407959,31000,0.0,0.0
2010-05-25 00:00:00-04:00,5.784903700752683,5.848100185394287,5.736291341217308,5.848100185394287,66200,0.0,0.0
2010-05-26 00:00:00-04:00,5.84809982131246,5.877267606102795,5.823793411254883,5.823793411254883,24800,0.0,0.0
2010-05-27 00:00:00-04:00,5.804348133559394,5.877267360687256,5.804348133559394,5.877267360687256,50600,0.0,0.0
2010-05-28 00:00:00-04:00,5.814073734727305,5.906437578071148,5.814073734727305,5.872408866882324,40400,0.0,0.0
2010-06-01 00:00:00-04:00,5.901575088500977,5.911297376126861,5.872407298410733,5.901575088500977,39300,0.0,0.0
2010-06-02 00:00:00-04:00,5.896714386376018,5.896714386376018,5.80435009354614,5.862685680389404,60600,0.0,0.0
2010-06-03 00:00:00-04:00,5.886988728840144,5.896711476384688,5.843237755708059,5.867543697357178,29500,0.0,0.0
2010-06-04 00:00:00-04:00,5.833516483646939,5.877267931451289,5.80434869724196,5.857822895050049,47500,0.0,0.0
2010-06-07 00:00:00-04:00,5.843240737915039,5.877269444475887,5.809211567747835,5.843240737915039,29700,0.0,0.0
2010-06-08 00:00:00-04:00,5.886988728840144,5.886988728840144,5.848098665874211,5.867543697357178,36800,0.0,0.0
2010-06-09 00:00:00-04:00,5.877266444901721,5.886988728840144,5.852960039646483,5.867543697357178,42100,0.0,0.0
2010-06-10 00:00:00-04:00,5.86268370070416,5.891851020670352,5.86268370070416,5.877267360687256,32700,0.0,0.0
2010-06-11 00:00:00-04:00,5.859174350530087,5.9178643226623535,5.859174350530087,5.9178643226623535,41000,0.073,0.0
2010-06-14 00:00:00-04:00,5.917865223251464,5.917865223251464,5.854284799118025,5.878738880157471,97000,0.0,0.0
2010-06-15 00:00:00-04:00,5.908080037658814,5.908080037658814,5.864062810154756,5.873844623565674,70100,0.0,0.0
2010-06-16 00:00:00-04:00,5.883625401103133,5.883625401103133,5.829826831817627,5.829826831817627,68200,0.0,0.0
2010-06-17 00:00:00-04:00,5.849391414288419,5.854282321711141,5.82004643617469,5.824937343597412,44000,0.0,0.0
2010-06-18 00:00:00-04:00,5.829827258360647,5.839608605117993,5.78581003189628,5.805373191833496,81900,0.0,0.0
2010-06-21 00:00:00-04:00,5.805371311935922,5.834716275550511,5.800480406929761,5.815153121948242,36800,0.0,0.0
2010-06-22 00:00:00-04:00,5.820045546812933,5.8591718673706055,5.815155106560123,5.8591718673706055,53700,0.0,0.0
2010-06-23 00:00:00-04:00,5.864060963305031,5.89829683303833,5.834716465159217,5.89829683303833,81900,0.0,0.0
2010-06-24 00:00:00-04:00,5.898297354716094,5.9276418554572965,5.888515543520741,5.922750949859619,158700,0.0,0.0
2010-06-25 00:00:00-04:00,5.9325356590907585,5.9618801741667165,5.922753843117,5.937426567077637,73000,0.0,0.0
2010-06-28 00:00:00-04:00,5.932532761054973,5.947205011425574,5.922750949859619,5.922750949859619,61700,0.0,0.0
2010-06-29 00:00:00-04:00,5.888516940404101,5.947206422231347,5.888516940404101,5.908080101013184,61300,0.0,0.0
2010-06-30 00:00:00-04:00,5.927645673735912,5.9520997510539,5.868956168026375,5.9178643226623535,56400,0.0,0.0
2010-07-01 00:00:00-04:00,5.917861040151432,5.991222764990489,5.917861040151432,5.947205543518066,83100,0.0,0.0
2010-07-02 00:00:00-04:00,5.9667692569936905,5.991223323025236,5.883625712339947,5.986332416534424,42400,0.0,0.0
2010-07-06 00:00:00-04:00,5.9667692691846055,6.010786494846816,5.9667692691846055,5.991223335266113,28900,0.0,0.0
2010-07-07 00:00:00-04:00,6.001007546639106,6.010788897127428,5.971662562328735,5.996116638183594,47600,0.0,0.0
2010-07-08 00:00:00-04:00,5.996118601040471,6.0450263023376465,5.996118601040471,6.0450263023376465,58700,0.0,0.0
2010-07-09 00:00:00-04:00,6.015677027509698,6.045021531845911,6.015677027509698,6.040131092071533,33200,0.0,0.0
2010-07-12 00:00:00-04:00,6.020572684900486,6.064589476141088,6.020572684900486,6.0450263023376465,44700,0.0,0.0
2010-07-13 00:00:00-04:00,6.076018056412594,6.076018056412594,6.036659273745758,6.041578769683838,63800,0.073,0.0
2010-07-14 00:00:00-04:00,6.041579977383629,6.056339875729441,6.007141152964318,6.01206111907959,38800,0.0,0.0
2010-07-15 00:00:00-04:00,5.9973001885400965,6.031739476225863,5.977620796659822,6.002220153808594,60500,0.0,0.0
2010-07-16 00:00:00-04:00,6.012059762511075,6.031739153337885,5.987460406679143,6.021899223327637,47800,0.0,0.0
2010-07-19 00:00:00-04:00,6.007140546120965,6.076018657195287,6.007140546120965,6.056339263916016,46000,0.0,0.0
2010-07-20 00:00:00-04:00,6.0268235714765845,6.115381129199554,6.0268235714765845,6.100621223449707,44200,0.0,0.0
2010-07-21 00:00:00-04:00,6.100617086477443,6.149815800559402,6.090777625177277,6.120296478271484,65900,0.0,0.0
2010-07-22 00:00:00-04:00,6.120295490895561,6.144894843967973,6.105536066729568,6.115375995635986,58000,0.0,0.0
2010-07-23 00:00:00-04:00,6.115375995635986,6.1547347728743915,6.115375995635986,6.115375995635986,62600,0.0,0.0
2010-07-26 00:00:00-04:00,6.135056374012299,6.159655731053278,6.105537051724381,6.120296478271484,45300,0.0,0.0
2010-07-27 00:00:00-04:00,6.110457533113171,6.1842551412759805,6.110457533113171,6.125216960906982,73000,0.0,0.0
2010-07-28 00:00:00-04:00,6.125215810172885,6.18425397945048,6.125215810172885,6.1596550941467285,72100,0.0,0.0
2010-07-29 00:00:00-04:00,6.208853650051255,6.208853650051255,6.110456696245706,6.139975547790527,92300,0.0,0.0
2010-07-30 00:00:00-04:00,6.135055928151311,6.194094099242878,6.120296033483163,6.184254169464111,55900,0.0,0.0
2010-08-02 00:00:00-04:00,6.189173338569243,6.208852726402785,6.174413914992491,6.203932762145996,79800,0.0,0.0
2010-08-03 00:00:00-04:00,6.1645729622695065,6.208851694836715,6.159653468023679,6.194092273712158,54500,0.0,0.0
2010-08-04 00:00:00-04:00,6.223613229131528,6.2531325505971935,6.208853802995545,6.218693733215332,74400,0.0,0.0
2010-08-05 00:00:00-04:00,6.248212740842271,6.258052671306717,6.228533349107086,6.238373279571533,60400,0.0,0.0
2010-08-06 00:00:00-04:00,6.253133541996619,6.267892970472628,6.22361421585083,6.22361421585083,42800,0.0,0.0
2010-08-09 00:00:00-04:00,6.238374113520611,6.2432936102167655,6.203934821484895,6.22361421585083,46900,0.0,0.0
2010-08-10 00:00:00-04:00,6.2432936102167655,6.262973004582702,6.19901532478874,6.22361421585083,75600,0.0,0.0
2010-08-11 00:00:00-04:00,6.215203828825084,6.259739127152399,6.20530678125199,6.244894027709961,52800,0.073,0.0
2010-08-12 00:00:00-04:00,6.230047775055745,6.284480110880468,6.230047775055745,6.259737968444824,38600,0.0,0.0
2010-08-13 00:00:00-04:00,6.234994381451187,6.309220314025879,6.234994381451187,6.309220314025879,32700,0.0,0.0
2010-08-16 00:00:00-04:00,6.284477603394613,6.34385843839713,6.284477603394613,6.329013347625732,53300,0.0,0.0
2010-08-17 00:00:00-04:00,6.32406546167084,6.423033529944841,6.3191174121948706,6.413136959075928,64200,0.0,0.0
2010-08-18 00:00:00-04:00,6.408189136009594,6.437879795685794,6.343859766642015,6.348808288574219,93300,0.0,0.0
2010-08-19 00:00:00-04:00,6.338910203494174,6.373548904917105,6.319116592407227,6.319116592407227,63100,0.0,0.0
2010-08-20 00:00:00-04:00,6.309223136182759,6.378501050313382,6.304274612619746,6.358707427978516,34800,0.0,0.0
2010-08-23 00:00:00-04:00,6.378501864578366,6.403243541717529,6.363656291994179,6.403243541717529,57000,0.0,0.0
2010-08-24 00:00:00-04:00,6.3587064537419336,6.383448123931885,6.3587064537419336,6.383448123931885,43800,0.0,0.0
2010-08-25 00:00:00-04:00,6.343859766642015,6.373550426318215,6.3389117166268365,6.348808288574219,67700,0.0,0.0
2010-08-26 00:00:00-04:00,6.343861989237907,6.373552659316345,6.284481120998222,6.31417179107666,138500,0.0,0.0
2010-08-27 00:00:00-04:00,6.368603910506501,6.368603910506501,6.299325997384063,6.353758811950684,88500,0.0,0.0
2010-08-30 00:00:00-04:00,6.348808671614306,6.383447383395529,6.329015054608314,6.343860149383545,59800,0.0,0.0
2010-08-31 00:00:00-04:00,6.324066532377553,6.398292950087813,6.319118482063846,6.343860149383545,88000,0.0,0.0
2010-09-01 00:00:00-04:00,6.3982945795353094,6.3982945795353094,6.348810288459686,6.353758811950684,64400,0.0,0.0
2010-09-02 00:00:00-04:00,6.373550426318215,6.373550426318215,6.333963194694632,6.348808288574219,52000,0.0,0.0
2010-09-03 00:00:00-04:00,6.348808671614306,6.37355081085106,6.343860149383545,6.343860149383545,47600,0.0,0.0
2010-09-07 00:00:00-04:00,6.34386185728948,6.363655479624346,6.319120183308782,6.358707427978516,56300,0.0,0.0
2010-09-08 00:00:00-04:00,6.3438599907686335,6.363653607279727,6.279530619128318,6.284479141235352,65200,0.0,0.0
2010-09-09 00:00:00-04:00,6.2894296446641595,6.333965413823222,6.2894296446641595,6.31417179107666,44300,0.0,0.0
2010-09-10 00:00:00-04:00,6.29437464518683,6.358704001085454,6.29437464518683,6.329013347625732,41300,0.0,0.0
2010-09-13 00:00:00-04:00,6.330508232116699,6.360368853586606,6.325531303663041,6.330508232116699,50600,0.073,0.0
2010-09-14 00:00:00-04:00,6.3106010488270465,6.3553924560546875,6.30064719183156,6.3553924560546875,40300,0.0,0.0
2010-09-15 00:00:00-04:00,6.335486648153173,6.360370823502498,6.181205615314459,6.211066246032715,101200,0.0,0.0
2010-09-16 00:00:00-04:00,6.2160415040697705,6.260832912725566,6.161296712727155,6.2309722900390625,56700,0.0,0.0
2010-09-17 00:00:00-04:00,6.1861828000433015,6.295672416687012,6.1861828000433015,6.295672416687012,47200,0.0,0.0
2010-09-20 00:00:00-04:00,6.325529871442419,6.340460178796866,6.280738474753165,6.290692329406738,40600,0.0,0.0
2010-09-21 00:00:00-04:00,6.265807753567249,6.330506380664652,6.265807753567249,6.31557559967041,26600,0.0,0.0
2010-09-22 00:00:00-04:00,6.290693753739476,6.330508232116699,6.28073989683216,6.330508232116699,48100,0.0,0.0
2010-09-23 00:00:00-04:00,6.310597896575928,6.345435429406141,6.305620970564243,6.310597896575928,40200,0.0,0.0
2010-09-24 00:00:00-04:00,6.310597896575928,6.340458503394457,6.295667118540876,6.310597896575928,44200,0.0,0.0
2010-09-27 00:00:00-04:00,6.330507516023457,6.355391680850883,6.295669495414672,6.350414752960205,41500,0.0,0.0
2010-09-28 00:00:00-04:00,6.340463408609766,6.375301443017749,6.315579233925822,6.320556163787842,65900,0.0,0.0
2010-09-29 00:00:00-04:00,6.320554431196508,6.370322766921893,6.3155775026987655,6.3553924560546875,101200,0.0,0.0
2010-09-30 00:00:00-04:00,6.365342210455935,6.425063894512019,6.350411908098353,6.390226364135742,76100,0.0,0.0
2010-10-01 00:00:00-04:00,6.41013724565179,6.41013724565179,6.3106010488270465,6.3553924560546875,100200,0.0,0.0
2010-10-04 00:00:00-04:00,6.330510023511882,6.345440338471786,6.310602778689957,6.320556163787842,46200,0.0,0.0
2010-10-05 00:00:00-04:00,6.3504120375810915,6.3504120375810915,6.240922043932931,6.265806198120117,93300,0.0,0.0
2010-10-06 00:00:00-04:00,6.2309722900390625,6.2956704640684995,6.21106457541334,6.2309722900390625,124800,0.0,0.0
2010-10-07 00:00:00-04:00,6.216038637159715,6.255853098796183,6.186178028245276,6.191154479980469,118000,0.0,0.0
2010-10-08 00:00:00-04:00,6.221020948918188,6.260835445021166,6.166276135433152,6.201113700866699,152400,0.0,0.0
2010-10-11 00:00:00-04:00,6.196132485730455,6.240923881530762,6.196132485730455,6.240923881530762,103400,0.0,0.0
2010-10-12 00:00:00-04:00,6.255852834896714,6.310598073306827,6.235945604918256,6.305621147155762,108300,0.0,0.0
2010-10-13 00:00:00-04:00,6.307124685679989,6.312129977234822,6.2420511217031684,6.277090549468994,105200,0.073,0.0
2010-10-14 00:00:00-04:00,6.277090549468995,6.282096318400227,6.247056413258,6.277090549468994,47100,0.0,0.0
2010-10-15 00:00:00-04:00,6.2820946736755925,6.287100441296258,6.22202689435644,6.22703218460083,76400,0.0,0.0
2010-10-18 00:00:00-04:00,6.2570695331464785,6.2570695331464785,6.197001722913455,6.217024326324463,73600,0.0,0.0
2010-10-19 00:00:00-04:00,6.186990038949304,6.2420525550842285,6.186990038949304,6.2420525550842285,49100,0.0,0.0
2010-10-20 00:00:00-04:00,6.217022692457319,6.257067888755241,6.202005863189697,6.202005863189697,77400,0.0,0.0
2010-10-21 00:00:00-04:00,6.217024182057127,6.28710353105771,6.217024182057127,6.2420525550842285,83600,0.0,0.0
2010-10-22 00:00:00-04:00,6.262073787391964,6.28209638595581,6.237045419843056,6.2820963859558105,105400,0.0,0.0
2010-10-25 00:00:00-04:00,6.282092923102839,6.332149153231955,6.252058803124456,6.307121276855469,74100,0.0,0.0
2010-10-26 00:00:00-04:00,6.312131404876708,6.317137174940117,6.282097739249271,6.312131404876709,33700,0.0,0.0
2010-10-27 00:00:00-04:00,6.3071276067524265,6.332155508247169,6.292110293003637,6.317138671875,53000,0.0,0.0
2010-10-28 00:00:00-04:00,6.30212183550283,6.347172821995959,6.30212183550283,6.317138671875,49100,0.0,0.0
2010-10-29 00:00:00-04:00,6.327144762442895,6.352172642371783,6.30712217207406,6.337155818939209,82300,0.0,0.0
2010-11-01 00:00:00-04:00,6.347167352811732,6.367189943180567,6.322138995506634,6.337155818939209,52200,0.0,0.0
2010-11-02 00:00:00-04:00,6.3421670967768975,6.387218083597,6.3421670967768975,6.357183933258057,41800,0.0,0.0
2010-11-03 00:00:00-04:00,6.3772048284743805,6.402233200806213,6.362187996025879,6.372199058532715,37800,0.0,0.0
2010-11-04 00:00:00-04:00,6.377203734662255,6.4022321027012445,6.372197965579174,6.397226333618164,45200,0.0,0.0
2010-11-05 00:00:00-04:00,6.407237871784326,6.417248932574073,6.382209503745336,6.397226333618164,41400,0.0,0.0
2010-11-08 00:00:00-05:00,6.3872187161807465,6.4322697074626545,6.332156181335449,6.332156181335449,92500,0.0,0.0
2010-11-09 00:00:00-05:00,6.352177386292568,6.352177386292568,6.237047525034754,6.262075901031494,191500,0.0,0.0
2010-11-10 00:00:00-05:00,6.268620082627043,6.273655234157961,6.0823237975894076,6.193094730377197,104400,0.073,0.0
2010-11-11 00:00:00-05:00,6.127638790644009,6.193094315626956,5.840641895100541,6.0118327140808105,223700,0.0,0.0
2010-11-12 00:00:00-05:00,5.951413815523866,6.026939661615535,5.896028579199493,5.926239013671875,176600,0.0,0.0
2010-11-15 00:00:00-05:00,5.911130455021266,5.926235904421536,5.588888550668521,5.64427375793457,275500,0.0,0.0
2010-11-16 00:00:00-05:00,5.568749120393157,5.790290457036052,5.357277604417571,5.734905242919922,437500,0.0,0.0
2010-11-17 00:00:00-05:00,5.765120461441496,5.916171751122951,5.734910491612493,5.89099645614624,165500,0.0,0.0
2010-11-18 00:00:00-05:00,5.911130648299108,5.966516337554432,5.6644140621675,5.81043004989624,158800,0.0,0.0
2010-11-19 00:00:00-05:00,5.790292231437268,5.936308277196805,5.790292231437268,5.885957717895508,67400,0.0,0.0
2010-11-22 00:00:00-05:00,5.93630894299353,5.9916941802939645,5.865818248101414,5.976589202880859,86200,0.0,0.0
2010-11-23 00:00:00-05:00,5.97155216664959,6.006797743066867,5.936307070410735,5.986657619476318,68100,0.0,0.0
2010-11-24 00:00:00-05:00,6.006798564173327,6.052113968491111,5.971552982938112,6.031973361968994,111000,0.0,0.0
2010-11-26 00:00:00-05:00,6.0420439780770465,6.0974292083451544,6.0420439780770465,6.067219257354736,25100,0.0,0.0
2010-11-29 00:00:00-05:00,6.082325291223446,6.117570400238037,6.072255465867247,6.117570400238037,44200,0.0,0.0
2010-11-30 00:00:00-05:00,6.112533709762176,6.213234330973571,6.092393585519897,6.172954082489014,115100,0.0,0.0
2010-12-01 00:00:00-05:00,6.17798934222426,6.17798934222426,5.996727740678114,6.0118327140808105,122000,0.0,0.0
2010-12-02 00:00:00-05:00,5.99169390813437,6.082324728853443,5.800362922449631,5.845677852630615,169200,0.0,0.0
2010-12-03 00:00:00-05:00,5.860780473728279,5.991691008983878,5.860780473728279,5.95141077041626,69600,0.0,0.0
2010-12-06 00:00:00-05:00,5.981623684532269,5.981623684532269,5.815467511087916,5.885957717895508,63700,0.0,0.0
2010-12-07 00:00:00-05:00,5.880924218155243,5.880924218155243,5.729872990325904,5.7550482749938965,169700,0.0,0.0
2010-12-08 00:00:00-05:00,5.790292528198166,5.790292528198166,5.598961065297149,5.689591884613037,162800,0.0,0.0
2010-12-09 00:00:00-05:00,5.7198014461193845,5.790292131893659,5.598960682087926,5.72987174987793,128700,0.0,0.0
2010-12-10 00:00:00-05:00,5.689590863687533,5.714766140111065,5.6241353370577345,5.6593804359436035,127600,0.0,0.0
2010-12-13 00:00:00-05:00,5.610223843434158,5.625428050496306,5.468321294077754,5.508864879608154,201300,0.073,0.0
2010-12-14 00:00:00-05:00,5.4024348080048386,5.498726131965934,5.351755596256665,5.493658065795898,207400,0.0,0.0
2010-12-15 00:00:00-05:00,5.463254314367769,5.6203611021116275,5.402438923946271,5.605157375335693,150000,0.0,0.0
2010-12-16 00:00:00-05:00,5.554473823667725,5.782531501817266,5.554473823667725,5.767327785491943,162800,0.0,0.0
2010-12-17 00:00:00-05:00,5.772396782429891,5.828144073486328,5.7571925803365405,5.828144073486328,89100,0.0,0.0
2010-12-20 00:00:00-05:00,5.802802344046659,5.828142189359518,5.5494048575527675,5.554472923278809,157300,0.0,0.0
2010-12-21 00:00:00-05:00,5.5342023225984,5.579813957214355,5.458183253783445,5.5798139572143555,134300,0.0,0.0
2010-12-22 00:00:00-05:00,5.615289206383882,5.671036488793526,5.589949356809524,5.635560989379883,132100,0.0,0.0
2010-12-23 00:00:00-05:00,5.615287069245491,5.69130610571883,5.579811583333566,5.630490779876709,62400,0.0,0.0
2010-12-27 00:00:00-05:00,5.605155917964817,5.701446806933264,5.605155917964817,5.645699501037598,69300,0.0,0.0
2010-12-28 00:00:00-05:00,5.630490779876709,5.645694973825175,5.574743518684078,5.630490779876709,100600,0.0,0.0
2010-12-29 00:00:00-05:00,5.600083827972411,5.64062738193189,5.54940414386442,5.600083827972412,118600,0.0,0.0
2010-12-30 00:00:00-05:00,5.564610433464113,5.6659698486328125,5.564610433464113,5.6659698486328125,72000,0.0,0.0
2010-12-31 00:00:00-05:00,5.69130800326657,5.757191415724469,5.645696856165633,5.752123832702637,98900,0.0,0.0
2011-01-03 00:00:00-05:00,5.767329715943834,5.7723977841878105,5.676106420822607,5.726786136627197,107500,0.0,0.0
2011-01-04 00:00:00-05:00,5.741985082919679,5.787596692548987,5.7115776653782655,5.736917018890381,58300,0.0,0.0
2011-01-05 00:00:00-05:00,5.736917018890381,5.747053146948977,5.681169764519665,5.736917018890381,78900,0.0,0.0
2011-01-06 00:00:00-05:00,5.76732684010912,5.76732684010912,5.681171656192513,5.696375370025635,106600,0.0,0.0
2011-01-07 00:00:00-05:00,5.681171421384521,5.716646913301354,5.650763511657715,5.650763511657715,73800,0.0,0.0
2011-01-10 00:00:00-05:00,5.625423670026407,5.681170935891368,5.579812050992673,5.600083827972412,83800,0.0,0.0
2011-01-11 00:00:00-05:00,5.610219715212019,5.625423911086317,5.5646080942237415,5.595016002655029,87200,0.0,0.0
2011-01-12 00:00:00-05:00,5.616956609651205,5.67307498256566,5.520024299621582,5.520024299621582,165400,0.073,0.0
2011-01-13 00:00:00-05:00,5.494514439131795,5.5200224723999565,5.315955287047379,5.3312602043151855,184900,0.0,0.0
2011-01-14 00:00:00-05:00,5.33125839290328,5.4281906379118094,5.142496188954605,5.285343170166016,306500,0.0,0.0
2011-01-18 00:00:00-05:00,5.254733357341777,5.346563316479589,5.183309623315139,5.305749893188477,159800,0.0,0.0
2011-01-19 00:00:00-05:00,5.315955041771898,5.346564874895188,5.213921453803388,5.321056842803955,130300,0.0,0.0
2011-01-20 00:00:00-05:00,5.336362490778974,5.407786255413689,5.264938726144258,5.392480850219727,190000,0.0,0.0
2011-01-21 00:00:00-05:00,5.417989616478308,5.530226826951855,5.412887814517099,5.50471830368042,166800,0.0,0.0
2011-01-24 00:00:00-05:00,5.540428886053537,5.591445922851562,5.499615451228925,5.5914459228515625,85000,0.0,0.0
2011-01-25 00:00:00-05:00,5.61185695758682,5.632263690698467,5.550636758251878,5.571043491363525,125500,0.0,0.0
2011-01-26 00:00:00-05:00,5.5812449415542895,5.667973652913727,5.5812449415542895,5.601651668548584,97400,0.0,0.0
2011-01-27 00:00:00-05:00,5.6475627205490975,5.6475627205490975,5.55573276072191,5.616952896118164,98200,0.0,0.0
2011-01-28 00:00:00-05:00,5.611851923140123,5.63736043827947,5.550631778726366,5.581241607666016,104600,0.0,0.0
2011-01-31 00:00:00-05:00,5.596549510955811,5.657769682741853,5.565939181795452,5.5965495109558105,93700,0.0,0.0
2011-02-01 00:00:00-05:00,5.616955524408752,5.662870769074239,5.611853722438227,5.6271586418151855,60700,0.0,0.0
2011-02-02 00:00:00-05:00,5.62715828800695,5.703683853149414,5.622056972891787,5.703683853149414,74100,0.0,0.0
2011-02-03 00:00:00-05:00,5.703687700265313,5.708789018821297,5.637365693688401,5.642467498779297,57100,0.0,0.0
2011-02-04 00:00:00-05:00,5.662868130573447,5.662868130573447,5.6067493081143605,5.637359619140625,72000,0.0,0.0
2011-02-07 00:00:00-05:00,5.622057802676522,5.7036846949818285,5.622057802676522,5.667972564697266,59100,0.0,0.0
2011-02-08 00:00:00-05:00,5.673075906738056,5.708787560179887,5.657770981910812,5.683279514312744,56600,0.0,0.0
2011-02-09 00:00:00-05:00,5.6781777105254,5.7138893639672315,5.673075906738056,5.683279514312744,42600,0.0,0.0
2011-02-10 00:00:00-05:00,5.688377390926639,5.749598026275635,5.667970674655138,5.749598026275635,55600,0.0,0.0
2011-02-11 00:00:00-05:00,5.766541002786484,5.80248593833793,5.751136310239492,5.771676063537598,93300,0.073,0.0
2011-02-14 00:00:00-05:00,5.77681545205454,5.77681545205454,5.689521312713623,5.689521312713623,65500,0.0,0.0
2011-02-15 00:00:00-05:00,5.674115675716857,5.689520377271694,5.622766017591892,5.6381707191467285,74000,0.0,0.0
2011-02-16 00:00:00-05:00,5.643306710744112,5.699791441909832,5.643306710744112,5.689521312713623,81400,0.0,0.0
2011-02-17 00:00:00-05:00,5.689520358767482,5.7254648255140745,5.689520358767482,5.704925060272217,51000,0.0,0.0
2011-02-18 00:00:00-05:00,5.725461933373315,5.725461933373315,5.653573036193848,5.653573036193848,57100,0.0,0.0
2011-02-22 00:00:00-05:00,5.648437014861729,5.648437014861729,5.576547640196494,5.622762203216553,123500,0.0,0.0
2011-02-23 00:00:00-05:00,5.648440828283767,5.7254648255140745,5.622765999304788,5.704925060272217,51800,0.0,0.0
2011-02-24 00:00:00-05:00,5.694656377311727,5.725465785486925,5.674116608626024,5.689521312713623,55400,0.0,0.0
2011-02-25 00:00:00-05:00,5.674113750055005,5.710058204719792,5.674113750055005,5.699788570404053,64400,0.0,0.0
2011-02-28 00:00:00-05:00,5.72032738092648,5.735732074700879,5.694652564831557,5.710057258605957,65900,0.0,0.0
2011-03-01 00:00:00-05:00,5.704923629260849,5.740868576697716,5.684383869171143,5.684383869171143,60100,0.0,0.0
2011-03-02 00:00:00-05:00,5.663845529788502,5.7254648255140745,5.648440828283767,5.704925060272217,69300,0.0,0.0
2011-03-03 00:00:00-05:00,5.725463868542068,5.725463868542068,5.648439884185791,5.648439884185791,84800,0.0,0.0
2011-03-04 00:00:00-05:00,5.663844583115736,5.689519407803345,5.622765059498182,5.648439884185791,67300,0.0,0.0
2011-03-07 00:00:00-05:00,5.694656377311727,5.694656377311727,5.643306710744112,5.689521312713623,62900,0.0,0.0
2011-03-08 00:00:00-05:00,5.715193279175084,5.730597975535468,5.679248824432032,5.725462913513184,70100,0.0,0.0
2011-03-09 00:00:00-05:00,5.70492793037494,5.725467705950192,5.679253578186034,5.679253578186035,68200,0.0,0.0
2011-03-10 00:00:00-05:00,5.684388154799689,5.699793353761286,5.653578736290251,5.679253578186035,31900,0.0,0.0
2011-03-11 00:00:00-05:00,5.6963077719338076,5.6963077719338076,5.649786125167409,5.675631046295166,45100,0.073,0.0
2011-03-14 00:00:00-04:00,5.6963074852984175,5.6963074852984175,5.634278297424316,5.634278297424316,64700,0.0,0.0
2011-03-15 00:00:00-04:00,5.587757993816143,5.660124569049373,5.587757993816143,5.6549553871154785,54500,0.0,0.0
2011-03-16 00:00:00-04:00,5.675633581263851,5.696310316137562,5.629112406679477,5.644619464874268,59500,0.0,0.0
2011-03-17 00:00:00-04:00,5.64978684984413,5.691139320504992,5.629110614513698,5.6704630851745605,55500,0.0,0.0
2011-03-18 00:00:00-04:00,5.675630271814652,5.7738427333553135,5.6601232226619915,5.737659454345703,88500,0.0,0.0
2011-03-21 00:00:00-04:00,5.737661960453627,5.7893523111933165,5.737661960453627,5.763506889343262,85500,0.0,0.0
2011-03-22 00:00:00-04:00,5.763505361441929,5.784181594848634,5.7324912578120175,5.784181594848633,49400,0.0,0.0
2011-03-23 00:00:00-04:00,5.779014385391317,5.866888523101807,5.76350683664682,5.866888523101807,94700,0.0,0.0
2011-03-24 00:00:00-04:00,5.841042893507027,5.8875645521632,5.830704528045479,5.861719131469727,122900,0.0,0.0
2011-03-25 00:00:00-04:00,5.841041349115579,5.939253330230714,5.825534297983772,5.939253330230713,82800,0.0,0.0
2011-03-28 00:00:00-04:00,5.923744235023217,5.990942090687121,5.913405875862571,5.970265865325928,92700,0.0,0.0
2011-03-29 00:00:00-04:00,5.970269471093384,5.996114891644343,5.949593233244696,5.965100288391113,49300,0.0,0.0
2011-03-30 00:00:00-04:00,5.954760340721376,6.006450670848892,5.9495911598205575,5.949591159820557,60600,0.0,0.0
2011-03-31 00:00:00-04:00,5.980606231111494,5.985775412852268,5.825534722570692,5.846210956573486,101300,0.0,0.0
2011-04-01 00:00:00-04:00,5.8513776080865405,5.908237601517572,5.8513776080865405,5.877223014831543,38100,0.0,0.0
2011-04-04 00:00:00-04:00,5.861719340186974,5.903071817584802,5.861719340186974,5.866888523101807,48200,0.0,0.0
2011-04-05 00:00:00-04:00,5.866888111558562,5.965100115249046,5.8307043266533265,5.903071403503418,75100,0.0,0.0
2011-04-06 00:00:00-04:00,5.882395578885888,5.908241000499635,5.851380974357309,5.866888523101807,65900,0.0,0.0
2011-04-07 00:00:00-04:00,5.851378409728822,5.934083328275348,5.851378409728822,5.908238410949707,31100,0.0,0.0
2011-04-08 00:00:00-04:00,5.939253892599526,5.939253892599526,5.866887318492091,5.872056007385254,44800,0.0,0.0
2011-04-11 00:00:00-04:00,5.851380012230314,5.882394611659245,5.8151967236968405,5.820365905761719,43600,0.0,0.0
2011-04-12 00:00:00-04:00,5.7945197312617935,5.804857601080425,5.758336447456177,5.779012680053711,45400,0.0,0.0
2011-04-13 00:00:00-04:00,5.7909827370139855,5.84301283172379,5.744155304434819,5.764967441558838,38900,0.073,0.0
2011-04-14 00:00:00-04:00,5.744150255056167,5.78577449271454,5.723338136226979,5.749353408813477,28100,0.0,0.0
2011-04-15 00:00:00-04:00,5.749356088059847,5.749356088059847,5.723340803350017,5.738949775695801,56400,0.0,0.0
2011-04-18 00:00:00-04:00,5.707729171155102,5.759759220128043,5.6973228636404825,5.749353408813477,20000,0.0,0.0
2011-04-19 00:00:00-04:00,5.718134982469669,5.770165527642663,5.718134982469669,5.749353408813477,41200,0.0,0.0
2011-04-20 00:00:00-04:00,5.759763131671518,5.785778421925397,5.749357313290201,5.754560470581055,64800,0.0,0.0
2011-04-21 00:00:00-04:00,5.754556562570786,5.78577449271454,5.7337444437416,5.749353408813477,70200,0.0,0.0
2011-04-25 00:00:00-04:00,5.81699562982529,5.81699562982529,5.738949775695802,5.738949775695801,43300,0.0,0.0
2011-04-26 00:00:00-04:00,5.770165527642663,5.78577449271454,5.744150255056167,5.749353408813477,56400,0.0,0.0
2011-04-27 00:00:00-04:00,5.749357313290201,5.806590554888423,5.749357313290201,5.754560470581055,39100,0.0,0.0
2011-04-28 00:00:00-04:00,5.754559531936692,5.80138645131512,5.754559531936692,5.780574321746826,72200,0.0,0.0
2011-04-29 00:00:00-04:00,5.806591023260465,5.869027427185795,5.801387865549914,5.832606315612793,69000,0.0,0.0
2011-05-02 00:00:00-04:00,5.8430070877075195,5.863819700572018,5.8221949710430225,5.8430070877075195,61000,0.0,0.0
2011-05-03 00:00:00-04:00,5.858621607965122,5.858621607965122,5.827403157902242,5.832606315612793,38100,0.0,0.0
2011-05-04 00:00:00-04:00,5.858620457286841,5.9002447183950695,5.843010987221007,5.874229431152344,62000,0.0,0.0
2011-05-05 00:00:00-04:00,5.874229617977656,5.915853880409711,5.858620643615723,5.858620643615723,105100,0.0,0.0
2011-05-06 00:00:00-04:00,5.874228863430619,5.89504099197332,5.863823047259411,5.869025707244873,37700,0.0,0.0
2011-05-09 00:00:00-04:00,5.848212830705342,5.931461334228516,5.848212830705342,5.931461334228516,54200,0.0,0.0
2011-05-10 00:00:00-04:00,5.915852363867976,5.9418676452690224,5.9054465490276895,5.931461334228516,58500,0.0,0.0
2011-05-11 00:00:00-04:00,5.948742854610561,5.974925802352848,5.901614147952272,5.906850337982178,50200,0.073,0.0
2011-05-12 00:00:00-04:00,5.927794170972026,5.959213795287242,5.917321295798945,5.953977108001709,38300,0.0,0.0
2011-05-13 00:00:00-04:00,5.96445108700038,6.001106902917784,5.9539777113679575,5.9853973388671875,62600,0.0,0.0
2011-05-16 00:00:00-04:00,5.959213795287242,5.990632920204473,5.953977108001709,5.953977108001709,54000,0.0,0.0
2011-05-17 00:00:00-04:00,5.98016245194,6.006345399507851,5.94350662498392,5.9958720207214355,57700,0.0,0.0
2011-05-18 00:00:00-04:00,6.016816302665801,6.016816302665801,5.9853971754225785,6.0011067390441895,43300,0.0,0.0
2011-05-19 00:00:00-04:00,5.9853971754225785,6.027289678012225,5.9853971754225785,6.0011067390441895,56300,0.0,0.0
2011-05-20 00:00:00-04:00,6.016815600992904,6.048235223970036,5.9958693521408035,6.02205228805542,42000,0.0,0.0
2011-05-23 00:00:00-04:00,6.011581589502872,6.090130432206427,5.995872020721436,5.9958720207214355,76500,0.0,0.0
2011-05-24 00:00:00-04:00,5.990632665078287,6.053471911032553,5.990632665078287,6.02205228805542,57000,0.0,0.0
2011-05-25 00:00:00-04:00,6.006344503086666,6.063946579620527,6.006344503086666,6.032527446746826,37400,0.0,0.0
2011-05-26 00:00:00-04:00,6.022055738961859,6.069184950735716,6.022055738961859,6.053475379943848,58700,0.0,0.0
2011-05-27 00:00:00-04:00,6.0377655029296875,6.0848947162114255,6.0377655029296875,6.0377655029296875,46400,0.0,0.0
2011-05-31 00:00:00-04:00,6.079654856531285,6.126784045243606,6.048235730321742,6.063945293426514,77000,0.0,0.0
2011-06-01 00:00:00-04:00,6.095364919034063,6.111074482138835,6.063945293426514,6.063945293426514,39800,0.0,0.0
2011-06-02 00:00:00-04:00,6.090131406442344,6.090131406442344,6.0377655029296875,6.0377655029296875,34700,0.0,0.0
2011-06-03 00:00:00-04:00,6.011579195163884,6.084891319274902,6.011579195163884,6.084891319274902,59600,0.0,0.0
2011-06-06 00:00:00-04:00,6.074423138652279,6.1215518626490555,6.069186447297624,6.090132713317871,50200,0.0,0.0
2011-06-07 00:00:00-04:00,6.1058392985874725,6.111075987378265,6.058710098266602,6.058710098266602,48900,0.0,0.0
2011-06-08 00:00:00-04:00,6.084893042822434,6.084893042822434,6.016817586736523,6.058710098266602,88500,0.0,0.0
2011-06-09 00:00:00-04:00,6.063945069442895,6.100600881799411,6.042998819610888,6.084891319274902,78700,0.0,0.0
2011-06-10 00:00:00-04:00,6.100604099148767,6.105840789218003,6.063948267460623,6.095367908477783,57200,0.0,0.0
2011-06-13 00:00:00-04:00,6.123293255491181,6.123293255491181,6.0705974011191355,6.102214813232422,102800,0.073,0.0
2011-06-14 00:00:00-04:00,6.128562991693297,6.128562991693297,6.091675843377894,6.102214813232422,32900,0.0,0.0
2011-06-15 00:00:00-04:00,6.118027265101845,6.1285667439589595,6.075870354773409,6.091679573059082,62800,0.0,0.0
2011-06-16 00:00:00-04:00,6.070601117894864,6.133836483387517,6.070601117894864,6.091679573059082,41400,0.0,0.0
2011-06-17 00:00:00-04:00,6.123295040625374,6.149643226767579,6.086407881556198,6.118025302886963,41300,0.0,0.0
2011-06-20 00:00:00-04:00,6.096949448123738,6.149645842825179,6.075870990753174,6.075870990753174,64700,0.0,0.0
2011-06-21 00:00:00-04:00,6.11275781494987,6.139105506073364,6.11275781494987,6.133836269378662,36900,0.0,0.0
2011-06-22 00:00:00-04:00,6.1127571548613195,6.160183295292277,6.1127571548613195,6.139104843139648,42500,0.0,0.0
2011-06-23 00:00:00-04:00,6.149643357515216,6.24449662862389,6.149643357515216,6.212878704071045,64000,0.0,0.0
2011-06-24 00:00:00-04:00,6.244496822357178,6.270844507327137,6.228687608315349,6.244496822357178,27800,0.0,0.0
2011-06-27 00:00:00-04:00,6.228685914411587,6.281382275120379,6.228685914411587,6.239225387573242,40400,0.0,0.0
2011-06-28 00:00:00-04:00,6.265575271863072,6.265575271863072,6.212878896823398,6.244496822357178,33400,0.0,0.0
2011-06-29 00:00:00-04:00,6.223416328430176,6.27084244732633,6.202337885848647,6.223416328430176,48800,0.0,0.0
2011-06-30 00:00:00-04:00,6.197071711067648,6.276115790538153,6.1759932563721796,6.181262493133545,62800,0.0,0.0
2011-07-01 00:00:00-04:00,6.212879676948816,6.212879676948816,6.139104843139649,6.139104843139648,51600,0.0,0.0
2011-07-05 00:00:00-04:00,6.139105583742609,6.19180197175628,6.139105583742609,6.181262493133545,20300,0.0,0.0
2011-07-06 00:00:00-04:00,6.144373764669131,6.1865306633679005,6.144373764669131,6.160182476043701,57100,0.0,0.0
2011-07-07 00:00:00-04:00,6.170719970701499,6.233955298446084,6.170719970701499,6.223416328430176,29500,0.0,0.0
2011-07-08 00:00:00-04:00,6.228687608315349,6.244496822357178,6.191800447317503,6.244496822357178,51700,0.0,0.0
2011-07-11 00:00:00-04:00,6.255034852837202,6.255034852837202,6.20233898829174,6.207608222961426,62900,0.0,0.0
2011-07-12 00:00:00-04:00,6.1918001272856715,6.239226761860091,6.1918001272856715,6.228687286376953,61600,0.0,0.0
2011-07-13 00:00:00-04:00,6.246184010243714,6.277998413479121,6.22497457664437,6.230277061462402,71200,0.073,0.0
2011-07-14 00:00:00-04:00,6.251488755157311,6.267395709689451,6.1878604313557855,6.19316291809082,48800,0.0,0.0
2011-07-15 00:00:00-04:00,6.118931918834602,6.235584142450256,6.108327447054902,6.1507463455200195,68400,0.0,0.0
2011-07-18 00:00:00-04:00,6.150741403073988,6.177252814056498,6.113624517487523,6.118927001953125,60500,0.0,0.0
2011-07-19 00:00:00-04:00,6.113625300482872,6.156044170294936,6.087113380432129,6.087113380432129,68800,0.0,0.0
2011-07-20 00:00:00-04:00,6.113625834040601,6.150742727620091,6.103021368498504,6.129533290863037,52600,0.0,0.0
2011-07-21 00:00:00-04:00,6.129533739739363,6.177254596682772,6.129533739739363,6.134835720062256,88200,0.0,0.0
2011-07-22 00:00:00-04:00,6.113626281751998,6.203766520988819,6.0712074051314815,6.134835720062256,265700,0.0,0.0
2011-07-25 00:00:00-04:00,6.1189264703102895,6.134833416652271,6.08711207195362,6.1242289543151855,55400,0.0,0.0
2011-07-26 00:00:00-04:00,6.118929512093539,6.118929512093539,6.055301189422608,6.055301189422607,51800,0.0,0.0
2011-07-27 00:00:00-04:00,6.0712069360689584,6.0712069360689584,5.970462238297009,5.981066703796387,97400,0.0,0.0
2011-07-28 00:00:00-04:00,5.981069627497253,6.050000456793375,5.890929351161794,6.023488521575928,82300,0.0,0.0
2011-07-29 00:00:00-04:00,6.00757747465164,6.028786907258288,5.9280422287949,6.002274990081787,66400,0.0,0.0
2011-08-01 00:00:00-04:00,6.060602630344064,6.21967315673828,6.018183755882557,6.219673156738281,90500,0.0,0.0
2011-08-02 00:00:00-04:00,6.161346014103272,6.219671827605505,6.150741550590486,6.156043529510498,89300,0.0,0.0
2011-08-03 00:00:00-04:00,6.187861238491928,6.209070682525635,6.140139862997831,6.209070682525635,62600,0.0,0.0
2011-08-04 00:00:00-04:00,6.166649651561123,6.230277961551544,6.05529998265967,6.081811904907227,94700,0.0,0.0
2011-08-05 00:00:00-04:00,6.071207268794197,6.113626144462139,5.94395064179037,6.097719192504883,61800,0.0,0.0
2011-08-08 00:00:00-04:00,5.954555213698603,5.954555213698603,5.774275241742254,5.832601070404053,132500,0.0,0.0
2011-08-09 00:00:00-04:00,5.774274332311121,5.996973651287714,5.731855462570133,5.933344841003418,95100,0.0,0.0
2011-08-10 00:00:00-04:00,5.779576720521172,6.14013764449221,5.779576720521172,6.039392948150635,89100,0.0,0.0
2011-08-11 00:00:00-04:00,5.992963777067633,6.0783492663195595,5.992963777067633,6.057003021240234,63900,0.073,0.0
2011-08-12 00:00:00-04:00,6.083685119328382,6.083685119328382,5.982290587877902,6.035656452178955,69700,0.0,0.0
2011-08-15 00:00:00-04:00,6.083689356483079,6.147728641820124,6.030323963948814,6.126381874084473,57600,0.0,0.0
2011-08-16 00:00:00-04:00,6.078350949854568,6.153062573857943,6.078350949854568,6.1370530128479,66500,0.0,0.0
2011-08-17 00:00:00-04:00,6.131714411381511,6.195753144393178,6.131714411381511,6.169070720672607,61100,0.0,0.0
2011-08-18 00:00:00-04:00,6.137052142664683,6.163735079854512,6.08902295750993,6.1103692054748535,93900,0.0,0.0
2011-08-19 00:00:00-04:00,6.1103703902438475,6.1317166423476985,6.062341195776484,6.094360828399658,50400,0.0,0.0
2011-08-22 00:00:00-04:00,6.1103723072176885,6.163738208686907,6.089026048416992,6.126381874084473,45500,0.0,0.0
2011-08-23 00:00:00-04:00,6.1583973440366915,6.201089832711136,6.131714411381511,6.169070720672607,56400,0.0,0.0
2011-08-24 00:00:00-04:00,6.163733257330448,6.23844484864923,6.163733257330448,6.211762428283691,50600,0.0,0.0
2011-08-25 00:00:00-04:00,6.2384467124938965,6.243783401735252,6.17440796840173,6.2384467124938965,62600,0.0,0.0
2011-08-26 00:00:00-04:00,6.270465923417034,6.329167974377225,6.249119676801087,6.2758026123046875,101100,0.0,0.0
2011-08-29 00:00:00-04:00,6.28647645439449,6.313159394029046,6.275803583901514,6.3078227043151855,56900,0.0,0.0
2011-08-30 00:00:00-04:00,6.281137457021126,6.377195284122535,6.281137457021126,6.371858596801758,48900,0.0,0.0
2011-08-31 00:00:00-04:00,6.398543348902486,6.441235841772679,6.387870480152267,6.430562973022461,73600,0.0,0.0
2011-09-01 00:00:00-04:00,6.462582006561554,6.48392825272697,6.403879956840327,6.457245826721191,125200,0.0,0.0
2011-09-02 00:00:00-04:00,6.393206801126547,6.430563114913229,6.334504749368431,6.345178127288818,63400,0.0,0.0
2011-09-06 00:00:00-04:00,6.32916791550159,6.3825337860123685,6.31315835792222,6.3345046043396,48700,0.0,0.0
2011-09-07 00:00:00-04:00,6.334504298017593,6.382533477367781,6.334504298017593,6.377196788787842,55500,0.0,0.0
2011-09-08 00:00:00-04:00,6.387870392951618,6.398543261556142,6.3505140804991544,6.36118745803833,49800,0.0,0.0
2011-09-09 00:00:00-04:00,6.345179155031866,6.419890776837102,6.339842465207277,6.414554595947266,54800,0.0,0.0
2011-09-12 00:00:00-04:00,6.398542472974231,6.457245024335658,6.387869605685074,6.435898780822754,49800,0.0,0.0
2011-09-13 00:00:00-04:00,6.469725649243582,6.518047332763672,6.458987269779511,6.518047332763672,55600,0.073,0.0
2011-09-14 00:00:00-04:00,6.491199888030273,6.496569076101306,6.416032791137695,6.416032791137695,40600,0.0,0.0
2011-09-15 00:00:00-04:00,6.416034119803172,6.421403308986084,6.340867519378663,6.340867519378662,57700,0.0,0.0
2011-09-16 00:00:00-04:00,6.340867072931351,6.399926613682929,6.340867072931351,6.35160493850708,46300,0.0,0.0
2011-09-19 00:00:00-04:00,6.3677101110750325,6.405293909568229,6.362341435890755,6.383817672729492,40300,0.0,0.0
2011-09-20 00:00:00-04:00,6.405294005610207,6.453615667230376,6.405294005610207,6.442877292633057,50100,0.0,0.0
2011-09-21 00:00:00-04:00,6.416035658871194,6.464357349040599,6.416035658871194,6.453619480133057,22300,0.0,0.0
2011-09-22 00:00:00-04:00,6.38919021855106,6.485833598889869,6.38919021855106,6.453619480133057,76100,0.0,0.0
2011-09-23 00:00:00-04:00,6.475091904391131,6.4911989542532265,6.437508105334397,6.442877292633057,41500,0.0,0.0
2011-09-26 00:00:00-04:00,6.4589867562819805,6.480463001468619,6.442879700400519,6.464355945587158,34900,0.0,0.0
2011-09-27 00:00:00-04:00,6.501939249578379,6.501939249578379,6.453618081912274,6.458986759185791,58200,0.0,0.0
2011-09-28 00:00:00-04:00,6.485833644866943,6.491202835375869,6.448250335372845,6.485833644866943,62000,0.0,0.0
2011-09-29 00:00:00-04:00,6.491200923919678,6.512677167597106,6.464355491314383,6.491200923919678,65700,0.0,0.0
2011-09-30 00:00:00-04:00,6.512675794584169,6.5448898972918625,6.501937418992318,6.52341365814209,47400,0.0,0.0
2011-10-03 00:00:00-04:00,6.534151555108933,6.5502586052829415,6.512675317532289,6.528782367706299,82700,0.0,0.0
2011-10-04 00:00:00-04:00,6.523413053977417,6.550258478436832,6.432138918035738,6.442877292633057,107500,0.0,0.0
2011-10-05 00:00:00-04:00,6.485832621465652,6.512678057740141,6.389189255691135,6.4267730712890625,87000,0.0,0.0
2011-10-06 00:00:00-04:00,6.426772506648219,6.426772506648219,6.308652904638638,6.3247599601745605,120900,0.0,0.0
2011-10-07 00:00:00-04:00,6.30865429696375,6.335499736804474,6.2495947389415,6.276439666748047,64700,0.0,0.0
2011-10-10 00:00:00-04:00,6.3301286905389125,6.3623433113098145,6.271069149831957,6.3623433113098145,101800,0.0,0.0
2011-10-11 00:00:00-04:00,6.324760385516083,6.335498764618232,6.287177082726758,6.292546272277832,52300,0.0,0.0
2011-10-12 00:00:00-04:00,6.321180382423796,6.342791235268667,6.272555834711991,6.310375213623047,56400,0.073,0.0
2011-10-13 00:00:00-04:00,6.310373434919491,6.450843681195153,6.277956907167735,6.423830509185791,51500,0.0,0.0
2011-10-14 00:00:00-04:00,6.4022206116162845,6.558899402618409,6.4022206116162845,6.558899402618408,56200,0.0,0.0
2011-10-17 00:00:00-04:00,6.515679879159347,6.526485050125694,6.423833607349747,6.429235935211182,44600,0.0,0.0
2011-10-18 00:00:00-04:00,6.418429204756893,6.461650908607645,6.348193807188583,6.364401817321777,69900,0.0,0.0
2011-10-19 00:00:00-04:00,6.33198789193939,6.396820469164821,6.33198789193939,6.36980676651001,57200,0.0,0.0
2011-10-20 00:00:00-04:00,6.402220463688345,6.488663861520689,6.353595923596828,6.456247329711914,76500,0.0,0.0
2011-10-21 00:00:00-04:00,6.45624599284713,6.526481367853421,6.45624599284713,6.483259677886963,45900,0.0,0.0
2011-10-24 00:00:00-04:00,6.483260430405397,6.504871277897019,6.4616495829137754,6.47785758972168,42700,0.0,0.0
2011-10-25 00:00:00-04:00,6.477855611148102,6.504869291072477,6.4562447702572205,6.488661289215088,36100,0.0,0.0
2011-10-26 00:00:00-04:00,6.4670569330072984,6.5264866762381715,6.4670569330072984,6.521083831787109,43200,0.0,0.0
2011-10-27 00:00:00-04:00,6.5156762029834,6.553495052893254,6.483259677886963,6.483259677886963,45300,0.0,0.0
2011-10-28 00:00:00-04:00,6.488666256256927,6.548095985389243,6.4724577267489005,6.4940690994262695,40700,0.0,0.0
2011-10-31 00:00:00-04:00,6.5048716443938845,6.531885334091226,6.499468803405761,6.499468803405762,43600,0.0,0.0
2011-11-01 00:00:00-04:00,6.5156770499259915,6.564301071026277,6.494066202133668,6.504871368408203,58300,0.0,0.0
2011-11-02 00:00:00-04:00,6.4940641282485805,6.515674969139462,6.467050448324206,6.488661289215088,52600,0.0,0.0
2011-11-03 00:00:00-04:00,6.488665978346374,6.521082005487077,6.4616522789001465,6.4616522789001465,80700,0.0,0.0
2011-11-04 00:00:00-04:00,6.483261020345345,6.504871869803431,6.456247329711914,6.456247329711914,74500,0.0,0.0
2011-11-07 00:00:00-05:00,6.456247329711914,6.504871869803431,6.456247329711914,6.456247329711914,47300,0.0,0.0
2011-11-08 00:00:00-05:00,6.477861275941323,6.542693855309094,6.440042400121008,6.537291526794434,79000,0.0,0.0
2011-11-09 00:00:00-05:00,6.537288552660988,6.564301728675285,6.499469178803023,6.558899402618408,95400,0.0,0.0
2011-11-10 00:00:00-05:00,6.531886538885121,6.575108244275717,6.488664833494525,6.542691707611084,94100,0.0,0.0
2011-11-11 00:00:00-05:00,6.521080361295402,6.67235683395482,6.521080361295402,6.6291351318359375,76100,0.0,0.0
2011-11-14 00:00:00-05:00,6.652507211171414,6.750338367265099,6.619897171358343,6.7122931480407715,64700,0.073,0.0
2011-11-15 00:00:00-05:00,6.755774417452274,6.7829492813567525,6.6307678665169965,6.657943248748779,64700,0.0,0.0
2011-11-16 00:00:00-05:00,6.636199415212624,6.734030530381638,6.6035888707139465,6.6090240478515625,60700,0.0,0.0
2011-11-17 00:00:00-05:00,6.565544595578102,6.652505368765559,6.522064208984375,6.522064208984375,59100,0.0,0.0
2011-11-18 00:00:00-05:00,6.587283857628117,6.625329060937391,6.5492386543188434,6.6090240478515625,47800,0.0,0.0
2011-11-21 00:00:00-05:00,6.652505452733922,6.69055118022897,6.576415034398026,6.679680824279785,63000,0.0,0.0
2011-11-22 00:00:00-05:00,6.679681733138639,6.739467144012451,6.668811894037569,6.739467144012451,43300,0.0,0.0
2011-11-23 00:00:00-05:00,6.739467669968533,6.766643047332764,6.690552612705573,6.766643047332764,54900,0.0,0.0
2011-11-25 00:00:00-05:00,6.717727755063489,6.815558910369873,6.717727755063489,6.815558910369873,35900,0.0,0.0
2011-11-28 00:00:00-05:00,6.793817525713957,6.848168273250525,6.777512508783842,6.8372979164123535,49600,0.0,0.0
2011-11-29 00:00:00-05:00,6.8427330948314395,6.848168273250525,6.793817525713957,6.8372979164123535,40600,0.0,0.0
2011-11-30 00:00:00-05:00,6.869907321899506,6.875341981084314,6.782946036690832,6.842731952667236,73100,0.0,0.0
2011-12-01 00:00:00-05:00,6.940566846675822,7.0329623229579274,6.79382008406294,6.831865310668945,96200,0.0,0.0
2011-12-02 00:00:00-05:00,6.886210539236208,6.940561263518594,6.761204080717486,6.81011962890625,70400,0.0,0.0
2011-12-05 00:00:00-05:00,6.83186176152187,6.891647678932381,6.750336170196534,6.750336170196533,55700,0.0,0.0
2011-12-06 00:00:00-05:00,6.734030348082235,6.793815739996481,6.734030348082235,6.761205196380615,39100,0.0,0.0
2011-12-07 00:00:00-05:00,6.799251310736428,6.810121147019858,6.723160383444265,6.777511119842529,65600,0.0,0.0
2011-12-08 00:00:00-05:00,6.750336170196534,6.793816554680323,6.717725622670158,6.750336170196533,37500,0.0,0.0
2011-12-09 00:00:00-05:00,6.782947537071073,6.782947537071073,6.728597304911381,6.739467144012451,25400,0.0,0.0
2011-12-12 00:00:00-05:00,6.744902522700787,6.8046884536743155,6.744902522700787,6.804688453674316,50200,0.0,0.0
2011-12-13 00:00:00-05:00,6.806328842081003,6.811795898089726,6.773527548762975,6.778994083404541,44700,0.073,0.0
2011-12-14 00:00:00-05:00,6.762592675136766,6.8227287203586835,6.762592675136766,6.768059730529785,51800,0.0,0.0
2011-12-15 00:00:00-05:00,6.795398397798771,6.822732647764229,6.7133940838002,6.740728855133057,48200,0.0,0.0
2011-12-16 00:00:00-05:00,6.73525590517972,6.768057706360479,6.718855265272812,6.724322319030762,30700,0.0,0.0
2011-12-19 00:00:00-05:00,6.713388211514862,6.768057706360479,6.713388211514862,6.724322319030762,52200,0.0,0.0
2011-12-20 00:00:00-05:00,6.729792521142928,6.7625938163019566,6.729792521142928,6.735259056091309,62700,0.0,0.0
2011-12-21 00:00:00-05:00,6.735257678233507,6.76259243285218,6.735257678233507,6.757125377655029,42300,0.0,0.0
2011-12-22 00:00:00-05:00,6.757124606305019,6.811794109301642,6.757124606305019,6.795393466949463,42100,0.0,0.0
2011-12-23 00:00:00-05:00,6.778992419596839,6.817261280898197,6.746191134329422,6.789926528930664,74800,0.0,0.0
2011-12-27 00:00:00-05:00,6.7571267642316,6.877399396413702,6.7571267642316,6.855531692504883,85700,0.0,0.0
2011-12-28 00:00:00-05:00,6.833661500114388,6.855529196060075,6.800859695512361,6.811793804168701,63400,0.0,0.0
2011-12-29 00:00:00-05:00,6.795393754744893,6.84459620525225,6.7844596451356844,6.8063273429870605,46900,0.0,0.0
2011-12-30 00:00:00-05:00,6.84459560877073,6.855529196060075,6.784459053894845,6.811793804168701,74500,0.0,0.0
2012-01-03 00:00:00-05:00,6.806327171564372,6.828194868864993,6.778992419596839,6.789926528930664,81900,0.0,0.0
2012-01-04 00:00:00-05:00,6.817261163874709,6.828194751653821,6.762591660878085,6.795393466949463,75900,0.0,0.0
2012-01-05 00:00:00-05:00,6.7680584122773295,6.817260858496873,6.751657770659814,6.811793804168701,101400,0.0,0.0
2012-01-06 00:00:00-05:00,6.844593454873569,6.855527038722268,6.789923971529571,6.850059986114502,129400,0.0,0.0
2012-01-09 00:00:00-05:00,6.882863825686724,6.91019857548144,6.828194326097291,6.8664631843566895,97400,0.0,0.0
2012-01-10 00:00:00-05:00,6.882866166373784,6.89926681328126,6.8336637042841915,6.844597816467285,126600,0.0,0.0
2012-01-11 00:00:00-05:00,6.844597816467285,6.877399110282237,6.844597816467285,6.844597816467285,90600,0.0,0.0
2012-01-12 00:00:00-05:00,6.961723403100862,7.005715294714081,6.8627413847587615,6.983719348907471,145200,0.073,0.0
2012-01-13 00:00:00-05:00,6.983719348907472,7.022212647387574,6.961723403100862,6.983719348907471,54400,0.0,0.0
2012-01-17 00:00:00-05:00,6.956228609479487,6.97822456895861,6.890240731042117,6.91223669052124,107300,0.0,0.0
2012-01-18 00:00:00-05:00,6.906738510009516,6.934233067695821,6.868245185283558,6.8902411460876465,82400,0.0,0.0
2012-01-19 00:00:00-05:00,6.912231538796745,6.945225715637207,6.89023559571132,6.945225715637207,84200,0.0,0.0
2012-01-20 00:00:00-05:00,6.950730265003193,7.055210945211858,6.928734304726366,7.011219024658203,81000,0.0,0.0
2012-01-23 00:00:00-05:00,7.027711398476316,7.13769112998128,7.016713687538182,7.110196590423584,147800,0.0,0.0
2012-01-24 00:00:00-05:00,7.077205247269496,7.110199442166587,7.071706127382491,7.099201202392578,75400,0.0,0.0
2012-01-25 00:00:00-05:00,7.0662063398259845,7.1321941940628415,7.0662063398259845,7.093700885772705,88900,0.0,0.0
2012-01-26 00:00:00-05:00,7.137695449883961,7.220180691753256,7.093703530657022,7.203683853149414,92400,0.0,0.0
2012-01-27 00:00:00-05:00,7.280669157277185,7.286168278066032,7.192685322355712,7.269671440124512,107600,0.0,0.0
2012-01-30 00:00:00-05:00,7.30815990847423,7.368648628051509,7.247671188896951,7.258668899536133,68600,0.0,0.0
2012-01-31 00:00:00-05:00,7.31366205215454,7.368651676952737,7.264171022738712,7.313662052154541,108500,0.0,0.0
2012-02-01 00:00:00-05:00,7.37414860089683,7.4071427854907315,7.3081607561338,7.368649482727051,80300,0.0,0.0
2012-02-02 00:00:00-05:00,7.352154974789393,7.368651810084412,7.308163064386048,7.357654094696045,78200,0.0,0.0
2012-02-03 00:00:00-05:00,7.368651020012044,7.368651020012044,7.297164566590145,7.330158233642578,62600,0.0,0.0
2012-02-06 00:00:00-05:00,7.3411542614084935,7.3411542614084935,7.214677177331091,7.2421722412109375,99200,0.0,0.0
2012-02-07 00:00:00-05:00,7.2586702705472295,7.2586702705472295,7.203680658115509,7.2476725578308105,77200,0.0,0.0
2012-02-08 00:00:00-05:00,7.269666488405701,7.27516508102417,7.220175483866815,7.27516508102417,85300,0.0,0.0
2012-02-09 00:00:00-05:00,7.280663899561628,7.31365807604302,7.17618330214907,7.198179244995117,103200,0.0,0.0
2012-02-10 00:00:00-05:00,7.225671358841043,7.242168178143865,7.159683557205325,7.236669063568115,73100,0.0,0.0
2012-02-13 00:00:00-05:00,7.249395932232043,7.254925727844238,7.188569762548904,7.254925727844238,72400,0.073,0.0
2012-02-14 00:00:00-05:00,7.254919803424365,7.254919803424365,7.155385673086485,7.166445255279541,125200,0.0,0.0
2012-02-15 00:00:00-05:00,7.199625705792968,7.2051549712532035,7.138799039579775,7.1830363273620605,117800,0.0,0.0
2012-02-16 00:00:00-05:00,7.160918450740426,7.188566890404314,7.006087926912829,7.0392656326293945,204600,0.0,0.0
2012-02-17 00:00:00-05:00,7.077972574528991,7.105621009956262,7.022675703674451,7.0613837242126465,120800,0.0,0.0
2012-02-21 00:00:00-05:00,7.061387113081698,7.166450585306861,7.061387113081698,7.116683483123779,78900,0.0,0.0
2012-02-22 00:00:00-05:00,7.111152172088623,7.127741554180292,7.050326019803055,7.111152172088623,67300,0.0,0.0
2012-02-23 00:00:00-05:00,7.133266651242392,7.133266651242392,7.055851689466815,7.066910743713379,103800,0.0,0.0
2012-02-24 00:00:00-05:00,7.0669130321279185,7.232803118344076,7.0669130321279185,7.221744060516357,49600,0.0,0.0
2012-02-27 00:00:00-05:00,7.243859303711465,7.293625831604003,7.210681091099974,7.293625831604004,93100,0.0,0.0
2012-02-28 00:00:00-05:00,7.32127584910428,7.32127584910428,7.205152870692283,7.27703857421875,81400,0.0,0.0
2012-02-29 00:00:00-05:00,7.299157832184497,7.315746679839361,7.199624218905363,7.232801914215088,85600,0.0,0.0
2012-03-01 00:00:00-05:00,7.260450712506925,7.332336425781249,7.227272488168781,7.33233642578125,67100,0.0,0.0
2012-03-02 00:00:00-05:00,7.326807737320284,7.365515232086181,7.2881002425543855,7.365515232086182,54500,0.0,0.0
2012-03-05 00:00:00-05:00,7.382104610428764,7.38763387585956,7.326807737320284,7.365515232086182,53400,0.0,0.0
2012-03-06 00:00:00-05:00,7.32680564030245,7.359983860141556,7.232801299333218,7.27703857421875,70500,0.0,0.0
2012-03-07 00:00:00-05:00,7.299163038041128,7.299163038041128,7.205158622035154,7.254925727844238,82800,0.0,0.0
2012-03-08 00:00:00-05:00,7.299161830797381,7.354458723072839,7.2604543226147085,7.348928928375244,56300,0.0,0.0
2012-03-09 00:00:00-05:00,7.376577374512973,7.3931662312555115,7.3268102769351104,7.348928928375244,63600,0.0,0.0
2012-03-12 00:00:00-04:00,7.372833873950545,7.422875816801754,7.345032735670695,7.417315483093262,74600,0.073,0.0
2012-03-13 00:00:00-04:00,7.411755521744907,7.411755521744907,7.339472770690917,7.339472770690918,45100,0.0,0.0
2012-03-14 00:00:00-04:00,7.328353338754129,7.333913143014783,7.178227488200048,7.183787822723389,106400,0.0,0.0
2012-03-15 00:00:00-04:00,7.144865527662112,7.144865527662112,6.944697755329018,6.972498893737793,247200,0.0,0.0
2012-03-16 00:00:00-04:00,6.950261168013425,6.950261168013425,6.789015130126027,6.916899681091309,259000,0.0,0.0
2012-03-19 00:00:00-04:00,6.900216681147351,7.022541381475661,6.844614930280048,6.978059768676758,124200,0.0,0.0
2012-03-20 00:00:00-04:00,6.978059768676758,7.039221853709587,6.961379296442832,6.978059768676758,89400,0.0,0.0
2012-03-21 00:00:00-04:00,7.028101484396509,7.10038423538208,6.966938871113454,7.10038423538208,70500,0.0,0.0
2012-03-22 00:00:00-04:00,7.12818770716274,7.12818770716274,7.000303155786039,7.061465263366699,91500,0.0,0.0
2012-03-23 00:00:00-04:00,7.09482251508167,7.100382847977765,6.978058175576348,7.000298976898193,106700,0.0,0.0
2012-03-26 00:00:00-04:00,6.950260287570882,7.016982722700029,6.950260287570882,6.961380958557129,151800,0.0,0.0
2012-03-27 00:00:00-04:00,6.978061051913015,7.0837047691721855,6.939139235859426,7.072584629058838,113900,0.0,0.0
2012-03-28 00:00:00-04:00,7.111505001720522,7.200468232255268,7.094824528560927,7.178227424621582,83500,0.0,0.0
2012-03-29 00:00:00-04:00,7.200468296030725,7.200468296030725,7.100384925924024,7.183787822723389,104200,0.0,0.0
2012-03-30 00:00:00-04:00,7.155989292479213,7.256073229381667,7.155989292479213,7.200470924377441,61200,0.0,0.0
2012-04-02 00:00:00-04:00,7.233827677280965,7.278309280056076,7.183785741593333,7.272748947143555,82000,0.0,0.0
2012-04-03 00:00:00-04:00,7.283870356166389,7.283870356166389,7.217147414933224,7.222707748413086,56200,0.0,0.0
2012-04-04 00:00:00-04:00,7.261630058288574,7.278310529627382,7.172666307202145,7.261630058288574,65400,0.0,0.0
2012-04-05 00:00:00-04:00,7.278312135197798,7.306113280403729,7.194908699580004,7.239390850067139,43200,0.0,0.0
2012-04-09 00:00:00-04:00,7.178228001689325,7.34503433748311,7.178228001689325,7.289432048797607,66300,0.0,0.0
2012-04-10 00:00:00-04:00,7.339471998644543,7.339471998644543,7.206027178549433,7.250508785247803,72500,0.0,0.0
2012-04-11 00:00:00-04:00,7.308108268231013,7.308108268231013,7.224235775651943,7.252193450927734,49600,0.073,0.0
2012-04-12 00:00:00-04:00,7.280144947957398,7.285736051669061,7.224229644857963,7.263370037078857,60900,0.0,0.0
2012-04-13 00:00:00-04:00,7.229822950319417,7.302512647824905,7.229822950319417,7.257780075073242,41400,0.0,0.0
2012-04-16 00:00:00-04:00,7.2801466280730605,7.2801466280730605,7.213048035569553,7.257780075073242,56600,0.0,0.0
2012-04-17 00:00:00-04:00,7.235415649232931,7.252190567678192,7.190683599875084,7.229824542999268,38800,0.0,0.0
2012-04-18 00:00:00-04:00,7.24100733296286,7.280148276326226,7.224232947663186,7.274556636810303,51300,0.0,0.0
2012-04-19 00:00:00-04:00,7.302511196014935,7.302511196014935,7.235412616851275,7.2689619064331055,54200,0.0,0.0
2012-04-20 00:00:00-04:00,7.257777229485309,7.313692523565957,7.246594490617838,7.302509784698486,44900,0.0,0.0
2012-04-23 00:00:00-04:00,7.313693279288672,7.3248765525594735,7.274552889336507,7.319284915924072,43000,0.0,0.0
2012-04-24 00:00:00-04:00,7.29132651258325,7.3192841596235745,7.268960501600544,7.302509784698486,58800,0.0,0.0
2012-04-25 00:00:00-04:00,7.319286850971389,7.364018889385054,7.319286850971389,7.341652870178223,101000,0.0,0.0
2012-04-26 00:00:00-04:00,7.347247409162111,7.358430156556764,7.336064128519285,7.352838516235352,76600,0.0,0.0
2012-04-27 00:00:00-04:00,7.336064338684082,7.358430367362306,7.302515562290838,7.336064338684082,49900,0.0,0.0
2012-04-30 00:00:00-04:00,7.364018889385054,7.37520163236449,7.336061232064524,7.341652870178223,50800,0.0,0.0
2012-05-01 00:00:00-04:00,7.364016228073359,7.3751989670114195,7.308100933639753,7.313692569732666,62000,0.0,0.0
2012-05-02 00:00:00-04:00,7.291326558608778,7.35283295588753,7.285734922515863,7.313692569732666,68200,0.0,0.0
2012-05-03 00:00:00-04:00,7.285735640724065,7.336059304025528,7.263369627395394,7.308101654052734,99700,0.0,0.0
2012-05-04 00:00:00-04:00,7.330465470599367,7.330465470599367,7.280142355626474,7.291325092315674,71800,0.0,0.0
2012-05-07 00:00:00-04:00,7.263370269294822,7.319285574181916,7.252187528266124,7.2689619064331055,101700,0.0,0.0
2012-05-08 00:00:00-04:00,7.257781718262534,7.280148276326226,7.235415693446937,7.274556636810303,67100,0.0,0.0
2012-05-09 00:00:00-04:00,7.302510550656432,7.341650940669651,7.27455290068364,7.308101654052734,62000,0.0,0.0
2012-05-10 00:00:00-04:00,7.3192870813320265,7.380793502774623,7.274555041510506,7.347244739532471,106800,0.0,0.0
2012-05-11 00:00:00-04:00,7.3939142174971595,7.399537094809143,7.315196080037761,7.371423244476318,68600,0.073,0.0
2012-05-14 00:00:00-04:00,7.405158067099583,7.405158067099583,7.292703230925058,7.393912315368652,68800,0.0,0.0
2012-05-15 00:00:00-04:00,7.4164046977833396,7.478255271651717,7.388291385545414,7.427650451660156,91000,0.0,0.0
2012-05-16 00:00:00-04:00,7.427650947255093,7.455764797595917,7.388291878514196,7.44451904296875,42100,0.0,0.0
2012-05-17 00:00:00-04:00,7.46701001599599,7.495123866336813,7.410782851541437,7.44451904296875,83600,0.0,0.0
2012-05-18 00:00:00-04:00,7.450140495258171,7.562595338884594,7.427649526532886,7.49512243270874,105200,0.0,0.0
2012-05-21 00:00:00-04:00,7.523232917297495,7.523232917297495,7.438891420079939,7.500741958618164,53200,0.0,0.0
2012-05-22 00:00:00-04:00,7.517615766660231,7.534483864454564,7.478256693064401,7.5288615226745605,53700,0.0,0.0
2012-05-23 00:00:00-04:00,7.506369651944658,7.579464912414551,7.506369651944658,7.579464912414551,69800,0.0,0.0
2012-05-24 00:00:00-04:00,7.579467745385197,7.585090624823646,7.556976763858698,7.568222522735596,62600,0.0,0.0
2012-05-25 00:00:00-04:00,7.585083484649658,7.7200292467782505,7.534478689794738,7.585083484649658,94800,0.0,0.0
2012-05-29 00:00:00-04:00,7.658178225136295,7.658178225136295,7.540100564862591,7.5457234382629395,74900,0.0,0.0
2012-05-30 00:00:00-04:00,7.534481978046703,7.5457277312454325,7.438895220765602,7.4670090675354,113800,0.0,0.0
2012-05-31 00:00:00-04:00,7.506368198155084,7.601954949459455,7.4613862606267904,7.59633207321167,92200,0.0,0.0
2012-06-01 00:00:00-04:00,7.630064394361276,7.630064394361276,7.4894957767129,7.5457234382629395,73500,0.0,0.0
2012-06-04 00:00:00-04:00,7.517613401434025,7.5850863076098785,7.483877216459594,7.49512243270874,100300,0.0,0.0
2012-06-05 00:00:00-04:00,7.5288634391210465,7.568222522735596,7.483881476068047,7.568222522735596,55500,0.0,0.0
2012-06-06 00:00:00-04:00,7.585087743860628,7.613201594147393,7.540105797892641,7.573842525482178,50300,0.0,0.0
2012-06-07 00:00:00-04:00,7.624444014931517,7.635689228392947,7.50074344949462,7.590707302093506,56300,0.0,0.0
2012-06-08 00:00:00-04:00,7.556976763858698,7.618827365227045,7.534485782332198,7.568222522735596,61800,0.0,0.0
2012-06-11 00:00:00-04:00,7.5850863207161,7.618823041975817,7.545727259435592,7.59633207321167,44400,0.0,0.0
2012-06-12 00:00:00-04:00,7.720034548873704,7.720034548873704,7.511992888653067,7.5288615226745605,61900,0.0,0.0
2012-06-13 00:00:00-04:00,7.513596308137265,7.530556871233159,7.428792953491211,7.428792953491211,97000,0.073,0.0
2012-06-14 00:00:00-04:00,7.417486726910327,7.474022665074022,7.293107986450194,7.293107986450195,178200,0.0,0.0
2012-06-15 00:00:00-04:00,7.264834558422837,7.33267730470583,7.1800307211944325,7.2535271644592285,182600,0.0,0.0
2012-06-18 00:00:00-04:00,7.236572587453164,7.389218757828479,7.225265184153758,7.293107986450195,142300,0.0,0.0
2012-06-19 00:00:00-04:00,7.281796877804148,7.406175545764743,7.281796877804148,7.372253894805908,81100,0.0,0.0
2012-06-20 00:00:00-04:00,7.343988631555873,7.4061782578930675,7.327028069448706,7.383563995361328,113700,0.0,0.0
2012-06-21 00:00:00-04:00,7.411831307267213,7.440099269796811,7.2761457341249915,7.315720558166504,78200,0.0,0.0
2012-06-22 00:00:00-04:00,7.281797567304219,7.3213723811981675,7.242222753410271,7.2704901695251465,112600,0.0,0.0
2012-06-25 00:00:00-04:00,7.24787594569824,7.270490202191589,7.236569087034768,7.242222785949707,149500,0.0,0.0
2012-06-26 00:00:00-04:00,7.236569087034768,7.293104458684938,7.225261689204892,7.242222785949707,154900,0.0,0.0
2012-06-27 00:00:00-04:00,7.225265385560416,7.343990427680345,7.225265385560416,7.332683563232422,151500,0.0,0.0
2012-06-28 00:00:00-04:00,7.338334359709204,7.394870281219482,7.293105838167584,7.394870281219482,48500,0.0,0.0
2012-06-29 00:00:00-04:00,7.44010066986084,7.44575437126397,7.360951006883581,7.44010066986084,79300,0.0,0.0
2012-07-02 00:00:00-04:00,7.468363055542799,7.468363055542799,7.406174004090989,7.445748805999756,108800,0.0,0.0
2012-07-03 00:00:00-04:00,7.434446334838868,7.479674863875916,7.434446334838868,7.434446334838867,48100,0.0,0.0
2012-07-05 00:00:00-04:00,7.43444755451396,7.457061822742519,7.4005264217544635,7.4118332862854,64100,0.0,0.0
2012-07-06 00:00:00-04:00,7.394865580767718,7.474015712738037,7.394865580767718,7.474015712738037,70500,0.0,0.0
2012-07-09 00:00:00-04:00,7.44010066986084,7.4909829041557305,7.42314010481809,7.44010066986084,86600,0.0,0.0
2012-07-10 00:00:00-04:00,7.440096127913617,7.490978331146505,7.440096127913617,7.462710380554199,94700,0.0,0.0
2012-07-11 00:00:00-04:00,7.462711240790325,7.519247148491902,7.462711240790325,7.490979194641113,123400,0.0,0.0
2012-07-12 00:00:00-04:00,7.498372213564572,7.509742257652878,7.430153575495366,7.475632667541504,66400,0.073,0.0
2012-07-13 00:00:00-04:00,7.492683781529496,7.509738296512715,7.42446517944336,7.424465179443359,79400,0.0,0.0
2012-07-16 00:00:00-04:00,7.418780160397868,7.44151969442658,7.367616073294952,7.424465179443359,114700,0.0,0.0
2012-07-17 00:00:00-04:00,7.44720901387522,7.549536705017089,7.44720901387522,7.54953670501709,108800,0.0,0.0
2012-07-18 00:00:00-04:00,7.560903604070724,7.617752177242177,7.5495335641444274,7.612067699432373,74800,0.0,0.0
2012-07-19 00:00:00-04:00,7.61206842106633,7.668916999627102,7.606383400564234,7.6404924392700195,93700,0.0,0.0
2012-07-20 00:00:00-04:00,7.657549280997612,7.703028371280533,7.640494215526377,7.697343349456787,90900,0.0,0.0
2012-07-23 00:00:00-04:00,7.703025731251071,7.75987430354446,7.674601174027709,7.742819786071777,135300,0.0,0.0
2012-07-24 00:00:00-04:00,7.759875308468151,7.833778949958269,7.754190830009992,7.793984889984131,146000,0.0,0.0
2012-07-25 00:00:00-04:00,7.793984426098883,7.839463503977745,7.793984426098883,7.828094005584717,87600,0.0,0.0
2012-07-26 00:00:00-04:00,7.8906304149083875,7.896315437208132,7.850836343117305,7.884945392608643,113400,0.0,0.0
2012-07-27 00:00:00-04:00,7.862205063285461,7.913369174585279,7.8508355619707855,7.8792595863342285,99800,0.0,0.0
2012-07-30 00:00:00-04:00,7.91905621910248,7.91905621910248,7.833782497769945,7.873577117919922,108200,0.0,0.0
2012-07-31 00:00:00-04:00,7.833782497769945,7.907686172730014,7.833782497769945,7.873577117919922,180600,0.0,0.0
2012-08-01 00:00:00-04:00,7.9304244866994695,7.941794531298959,7.839466298517816,7.884945392608643,89000,0.0,0.0
2012-08-02 00:00:00-04:00,7.8792537696048575,7.936102860670864,7.788295657621736,7.845144748687744,124100,0.0,0.0
2012-08-03 00:00:00-04:00,7.884940102904057,7.919049671666157,7.845146057809278,7.867885589599609,92900,0.0,0.0
2012-08-06 00:00:00-04:00,7.896314353920864,7.958847964178437,7.879259289361395,7.941793441772461,76600,0.0,0.0
2012-08-07 00:00:00-04:00,7.924736848518964,7.953161408481443,7.839463710784912,7.839463710784912,114900,0.0,0.0
2012-08-08 00:00:00-04:00,7.828091073310571,7.913364176853192,7.77692699432373,7.7769269943237305,80300,0.0,0.0
2012-08-09 00:00:00-04:00,7.759876178808329,7.782615721651625,7.685973071182715,7.725767135620117,79300,0.0,0.0
2012-08-10 00:00:00-04:00,7.725765003770631,7.748504540339174,7.67460091095308,7.680285930633545,95000,0.0,0.0
2012-08-13 00:00:00-04:00,7.727730616886176,7.727730616886176,7.54482538573986,7.624846458435059,171200,0.073,0.0
2012-08-14 00:00:00-04:00,7.5848351574833055,7.727729560193099,7.5848351574833055,7.7048659324646,66000,0.0,0.0
2012-08-15 00:00:00-04:00,7.744872727728907,7.7905988693237305,7.693430682160081,7.7905988693237305,76000,0.0,0.0
2012-08-16 00:00:00-04:00,7.750587307711435,7.842039575278778,7.750587307711435,7.7734503746032715,76400,0.0,0.0
2012-08-17 00:00:00-04:00,7.74487441244214,7.853473886078426,7.74487441244214,7.824894905090332,57100,0.0,0.0
2012-08-20 00:00:00-04:00,7.819183235172519,7.859193500379138,7.739162159660299,7.836330413818359,87400,0.0,0.0
2012-08-21 00:00:00-04:00,7.836327661857508,7.836327661857508,7.676286112135425,7.6934332847595215,88300,0.0,0.0
2012-08-22 00:00:00-04:00,7.693429104798515,7.733439334216151,7.58482967705129,7.681997299194336,125900,0.0,0.0
2012-08-23 00:00:00-04:00,7.630562366148779,7.693435715702816,7.56768847149578,7.624846458435059,132900,0.0,0.0
2012-08-24 00:00:00-04:00,7.607697486877441,7.653423647609333,7.596265674145052,7.607697486877441,48600,0.0,0.0
2012-08-27 00:00:00-04:00,7.601974689892402,7.653416710362162,7.544816768237482,7.573395729064941,106200,0.0,0.0
2012-08-28 00:00:00-04:00,7.54482468377685,7.653424739837646,7.54482468377685,7.6534247398376465,77800,0.0,0.0
2012-08-29 00:00:00-04:00,7.676284580053519,7.7220107279906545,7.641989696551327,7.710578918457031,68900,0.0,0.0
2012-08-30 00:00:00-04:00,7.7220107279906545,7.744873801959223,7.6477056013181395,7.710578918457031,55000,0.0,0.0
2012-08-31 00:00:00-04:00,7.750589706726035,7.773452780694603,7.693431749255275,7.710578918457031,60400,0.0,0.0
2012-09-04 00:00:00-04:00,7.756302511934455,7.762018414818792,7.693429215502246,7.7334394454956055,61500,0.0,0.0
2012-09-05 00:00:00-04:00,7.710579648928248,7.767737611813938,7.682000667485403,7.739158630371094,79100,0.0,0.0
2012-09-06 00:00:00-04:00,7.722012977478295,7.739160151675168,7.6591390969250295,7.664855003356934,69100,0.0,0.0
2012-09-07 00:00:00-04:00,7.693433621374927,7.693433621374927,7.63627564999535,7.647707462310791,106500,0.0,0.0
2012-09-10 00:00:00-04:00,7.647704555609555,7.670567626451942,7.60769431791003,7.659135818481445,54500,0.0,0.0
2012-09-11 00:00:00-04:00,7.6305610108347395,7.68771844252295,7.624845104136259,7.6762871742248535,52100,0.0,0.0
2012-09-12 00:00:00-04:00,7.699151238827063,7.7963194847106925,7.670572246785006,7.796319484710693,107500,0.0,0.0
2012-09-13 00:00:00-04:00,7.802028799394181,7.802028799394181,7.733439598718674,7.7734503746032715,68000,0.0,0.0
2012-09-14 00:00:00-04:00,7.763687053823543,7.895859106983702,7.763687053823543,7.838393211364746,66800,0.073,0.0
2012-09-17 00:00:00-04:00,7.872871113364099,7.872871113364099,7.809658476021682,7.832644939422607,69100,0.0,0.0
2012-09-18 00:00:00-04:00,7.849882557121449,7.924588680267334,7.849882557121449,7.924588680267334,51900,0.0,0.0
2012-09-19 00:00:00-04:00,7.930337677200292,7.976310604763381,7.924590924244774,7.941830635070801,91200,0.0,0.0
2012-09-20 00:00:00-04:00,7.959067221286682,8.039519533377721,7.941826970375511,8.028026580810547,84900,0.0,0.0
2012-09-21 00:00:00-04:00,8.039519410874528,8.096985816955566,8.005040005658115,8.096985816955566,106100,0.0,0.0
2012-09-24 00:00:00-04:00,8.096986680027932,8.11422638447375,8.045267018650158,8.091239929199219,128100,0.0,0.0
2012-09-25 00:00:00-04:00,8.114227342821822,8.114227342821822,8.039521217346191,8.039521217346191,82100,0.0,0.0
2012-09-26 00:00:00-04:00,8.074003997445411,8.09699046346069,8.010790804872956,8.06251049041748,83200,0.0,0.0
2012-09-27 00:00:00-04:00,8.062508761367093,8.114228435820042,8.033775547999847,8.074002265930176,60100,0.0,0.0
2012-09-28 00:00:00-04:00,8.102735479297422,8.114228435820042,8.04526905256293,8.074002265930176,67300,0.0,0.0
2012-10-01 00:00:00-04:00,8.074003004876104,8.114229178447536,8.01653657288219,8.03377628326416,61600,0.0,0.0
2012-10-02 00:00:00-04:00,8.005040077599345,8.056759733929033,7.9877998267959365,7.999293327331543,83900,0.0,0.0
2012-10-03 00:00:00-04:00,7.987803496148578,8.04526992914439,7.987803496148578,8.016536712646484,77900,0.0,0.0
2012-10-04 00:00:00-04:00,7.993548761491157,7.999295513329396,7.9073496760792406,7.9130964279174805,101900,0.0,0.0
2012-10-05 00:00:00-04:00,7.941826004028012,8.194677506222597,7.9130933520860784,8.102731704711914,123600,0.0,0.0
2012-10-08 00:00:00-04:00,8.102740030015996,8.119979748502452,8.045273571006781,8.08549976348877,103700,0.0,0.0
2012-10-09 00:00:00-04:00,8.096987914971086,8.096987914971086,7.918842448392695,7.953322410583496,101300,0.0,0.0
2012-10-10 00:00:00-04:00,7.926171991167329,8.012828168422486,7.897286415100098,7.897286415100098,78700,0.073,0.0
2012-10-11 00:00:00-04:00,7.926170012167519,8.001272270812233,7.926170012167519,7.966609477996826,77800,0.0,0.0
2012-10-12 00:00:00-04:00,7.995494845383549,8.04748875782333,7.955055380573224,8.012825965881348,86900,0.0,0.0
2012-10-15 00:00:00-04:00,7.983944076873001,8.087931949671704,7.972390174865723,7.972390174865723,66500,0.0,0.0
2012-10-16 00:00:00-04:00,7.972390705488835,7.972390705488835,7.82796333963196,7.862625598907471,136700,0.0,0.0
2012-10-17 00:00:00-04:00,7.833739321994294,7.960834987075811,7.8279620960506096,7.926172733306885,95900,0.0,0.0
2012-10-18 00:00:00-04:00,7.955055920887389,7.966609818355209,7.8683992106198275,7.9435014724731445,94500,0.0,0.0
2012-10-19 00:00:00-04:00,7.943502157540612,7.943502157540612,7.856845990746031,7.931947708129883,68100,0.0,0.0
2012-10-22 00:00:00-04:00,7.903061667272715,8.001272270812233,7.8741760984176095,7.966609477996826,67700,0.0,0.0
2012-10-23 00:00:00-04:00,7.966607366969758,7.978161811828612,7.885727905796542,7.978161811828613,87500,0.0,0.0
2012-10-24 00:00:00-04:00,7.995493220668696,8.047487122543117,7.9434993187942755,8.041709899902344,70900,0.0,0.0
2012-10-25 00:00:00-04:00,8.012829476007019,8.134148474529766,8.012829476007019,8.093708992004395,73400,0.0,0.0
2012-10-26 00:00:00-04:00,8.093708987276642,8.163034050542485,8.070600632854694,8.111040115356445,83700,0.0,0.0
2012-10-31 00:00:00-04:00,8.105263078155941,8.12259475758682,7.874179528543977,7.972390174865723,129100,0.0,0.0
2012-11-01 00:00:00-04:00,8.041714140514145,8.047491366201406,7.960834633732191,7.983942985534668,127000,0.0,0.0
2012-11-02 00:00:00-04:00,7.960834239769952,7.983942590428854,7.891509187793247,7.914617538452148,91500,0.0,0.0
2012-11-05 00:00:00-05:00,7.914617538452148,7.93194866370969,7.862623611732984,7.914617538452148,91700,0.0,0.0
2012-11-06 00:00:00-05:00,7.8915099285913675,7.955058312078716,7.8915099285913675,7.926172733306885,36000,0.0,0.0
2012-11-07 00:00:00-05:00,7.914620423970328,7.989722728729248,7.914620423970328,7.989722728729248,71100,0.0,0.0
2012-11-08 00:00:00-05:00,7.966612118469791,8.05326830281024,7.949280991791018,8.030159950256348,51400,0.0,0.0
2012-11-09 00:00:00-05:00,8.007050783227653,8.059044708921748,7.995496883599257,8.001274108886719,69300,0.0,0.0
2012-11-12 00:00:00-05:00,8.041711736641542,8.041711736641542,7.914615564246917,7.966609477996826,109200,0.0,0.0
2012-11-13 00:00:00-05:00,7.962547588812143,7.962547588812143,7.701194934817962,7.72442626953125,452900,0.073,0.0
2012-11-14 00:00:00-05:00,7.712810325235251,7.788312301523119,7.695386962669962,7.72442626953125,228700,0.0,0.0
2012-11-15 00:00:00-05:00,7.6953833137031715,7.718614637400722,7.550187402123866,7.561803340911865,222100,0.0,0.0
2012-11-16 00:00:00-05:00,7.521148606837526,7.730231087832556,7.521148606837526,7.7128071784973145,177300,0.0,0.0
2012-11-19 00:00:00-05:00,7.76507824754931,7.8231568409332874,7.712807624279433,7.788309574127197,96900,0.0,0.0
2012-11-20 00:00:00-05:00,7.753464726612867,7.840582083769962,7.741848783589974,7.82896614074707,88200,0.0,0.0
2012-11-21 00:00:00-05:00,7.840579123119353,7.887041769909045,7.765077183616495,7.8696184158325195,63900,0.0,0.0
2012-11-23 00:00:00-05:00,7.846387748343672,7.9218896941579935,7.846387748343672,7.892850399017334,45300,0.0,0.0
2012-11-26 00:00:00-05:00,7.9218920232942605,7.9218920232942605,7.782503476412799,7.82896614074707,91600,0.0,0.0
2012-11-27 00:00:00-05:00,7.828964700975575,7.898659238538584,7.805733373080755,7.86381196975708,87000,0.0,0.0
2012-11-28 00:00:00-05:00,7.846388612305601,7.927697982998199,7.82315728441078,7.86381196975708,134800,0.0,0.0
2012-11-29 00:00:00-05:00,7.898662378797998,7.910277770424049,7.8405837590314436,7.8812384605407715,70700,0.0,0.0
2012-11-30 00:00:00-05:00,7.863811943816132,7.927697956846505,7.863811943816132,7.90446662902832,168800,0.0,0.0
2012-12-03 00:00:00-05:00,7.93350965905831,7.950933024647967,7.858007669664723,7.9102783203125,111400,0.0,0.0
2012-12-04 00:00:00-05:00,7.881234282780564,7.956736226902784,7.817348278005674,7.834771633148193,203700,0.0,0.0
2012-12-05 00:00:00-05:00,7.869619940200422,7.921890566433404,7.846388612305601,7.86381196975708,140400,0.0,0.0
2012-12-06 00:00:00-05:00,7.846391731783853,7.939317080307326,7.846391731783853,7.8812384605407715,140000,0.0,0.0
2012-12-07 00:00:00-05:00,7.887044941162939,7.933507606634521,7.834774304037744,7.846390247344971,176400,0.0,0.0
2012-12-10 00:00:00-05:00,7.887046263451051,7.910277600081649,7.852199535444533,7.858006954193115,122200,0.0,0.0
2012-12-11 00:00:00-05:00,7.887042788851688,7.9393134117126465,7.858003492386877,7.9393134117126465,121200,0.0,0.0
2012-12-12 00:00:00-05:00,7.91654777760075,7.980767358032717,7.893195152282715,7.893195152282715,187300,0.071,0.0
2012-12-13 00:00:00-05:00,7.922385119146378,7.934061709605217,7.858165541934198,7.869841575622559,159100,0.0,0.0
2012-12-14 00:00:00-05:00,7.840651900183272,7.881518856829896,7.653830333861865,7.764755725860596,172700,0.0,0.0
2012-12-17 00:00:00-05:00,7.758915210265324,7.758915210265324,7.601285167747935,7.653828144073486,176200,0.0,0.0
2012-12-18 00:00:00-05:00,7.63631381165848,7.642152105723889,7.443654561662951,7.607122898101807,367500,0.0,0.0
2012-12-19 00:00:00-05:00,7.607119676199353,7.677177505001013,7.566252748590919,7.636310577392578,177700,0.0,0.0
2012-12-20 00:00:00-05:00,7.6363114612176295,7.700531005859374,7.6363114612176295,7.700531005859375,93800,0.0,0.0
2012-12-21 00:00:00-05:00,7.677178515610934,7.793942135754383,7.659664195297498,7.753074645996094,163600,0.0,0.0
2012-12-24 00:00:00-05:00,7.764751597370426,7.764751597370426,7.718046369815705,7.723884105682373,83900,0.0,0.0
2012-12-26 00:00:00-05:00,7.75891387777097,7.770590463907144,7.694694324332827,7.7063703536987305,139700,0.0,0.0
2012-12-27 00:00:00-05:00,7.677180280335744,7.7297238101242405,7.62463730731758,7.630475044250488,154800,0.0,0.0
2012-12-28 00:00:00-05:00,7.647987728770843,7.758912493421885,7.6187968254089355,7.6187968254089355,144900,0.0,0.0
2012-12-31 00:00:00-05:00,7.718047310051665,7.753075956599886,7.624636843562677,7.67717981338501,117100,0.0,0.0
2013-01-02 00:00:00-05:00,7.700532566827382,7.823133945465089,7.694694830145822,7.823133945465088,153400,0.0,0.0
2013-01-03 00:00:00-05:00,7.85816325614714,7.8931924605638635,7.799781434376039,7.852324962615967,108300,0.0,0.0
2013-01-04 00:00:00-05:00,7.864006510218472,7.89903517996063,7.793948613963489,7.887359142303467,79100,0.0,0.0
2013-01-07 00:00:00-05:00,7.899029465059842,7.939896959219193,7.8815151428602706,7.934058666229248,93900,0.0,0.0
2013-01-08 00:00:00-05:00,7.951572988428819,7.951572988428819,7.893191728840161,7.934058666229248,106900,0.0,0.0
2013-01-09 00:00:00-05:00,7.916547768353803,8.004119974001517,7.899032881807856,7.986605644226074,105600,0.0,0.0
2013-01-10 00:00:00-05:00,8.022402446859601,8.051745654632542,7.981322291782567,8.010664939880371,94600,0.071,0.0
2013-01-11 00:00:00-05:00,8.040007825051122,8.045876578305256,7.951978764939568,7.9695844650268555,95100,0.0,0.0
2013-01-14 00:00:00-05:00,7.998926534958957,8.00479528737913,7.869816780090332,7.869816780090332,129700,0.0,0.0
2013-01-15 00:00:00-05:00,7.852214825866022,7.951981425870229,7.793528393036969,7.8052659034729,82200,0.0,0.0
2013-01-16 00:00:00-05:00,7.78765750942717,7.887423515319825,7.758314303141043,7.887423515319824,49300,0.0,0.0
2013-01-17 00:00:00-05:00,7.910899315661132,7.951980035327909,7.881556664052982,7.9343743324279785,52800,0.0,0.0
2013-01-18 00:00:00-05:00,7.946109699412178,8.022401809692383,7.940240946388679,8.022401809692383,83900,0.0,0.0
2013-01-22 00:00:00-05:00,8.022405058431655,8.063485226881715,7.993061841106476,8.051748275756836,143800,0.0,0.0
2013-01-23 00:00:00-05:00,8.022401023787054,8.057612419128418,8.022401023787054,8.057612419128418,79300,0.0,0.0
2013-01-24 00:00:00-05:00,8.069349924025564,8.069349924025564,8.034137969009164,8.057612419128418,77700,0.0,0.0
2013-01-25 00:00:00-05:00,8.040012016810536,8.104567216912432,8.040012016810536,8.092829704284668,107500,0.0,0.0
2013-01-28 00:00:00-05:00,8.110431510503288,8.110431510503288,7.934373383215916,8.010664939880371,137900,0.0,0.0
2013-01-29 00:00:00-05:00,7.969581422272635,8.051742257436493,7.91676378250122,7.916763782501221,72400,0.0,0.0
2013-01-30 00:00:00-05:00,7.934372032001883,7.951977729797362,7.881554378940399,7.951977729797363,67000,0.0,0.0
2013-01-31 00:00:00-05:00,8.004798575335334,8.022404280152328,7.95784965603984,7.993061065673828,153500,0.0,0.0
2013-02-01 00:00:00-05:00,8.016534172168884,8.03413987401412,7.963716506958007,7.963716506958008,110500,0.0,0.0
2013-02-04 00:00:00-05:00,7.96371778968509,7.96371778968509,7.869819951819352,7.910900115966797,81300,0.0,0.0
2013-02-05 00:00:00-05:00,7.893292429676156,7.957847596758733,7.893292429676156,7.94024133682251,77600,0.0,0.0
2013-02-06 00:00:00-05:00,7.957847518193702,7.97545321828099,7.946110011685433,7.9695844650268555,55700,0.0,0.0
2013-02-07 00:00:00-05:00,7.999669680981031,7.999669680981031,7.940674843593516,7.958373069763184,73300,0.071,0.0
2013-02-08 00:00:00-05:00,7.98196976908959,7.98196976908959,7.952472354546275,7.964271545410156,38400,0.0,0.0
2013-02-11 00:00:00-05:00,7.970171140842096,7.98196976908959,7.964271545410155,7.964271545410156,48800,0.0,0.0
2013-02-12 00:00:00-05:00,7.981970892194897,7.987870488456942,7.917077021161804,7.958373069763184,96300,0.0,0.0
2013-02-13 00:00:00-05:00,7.964274686001841,7.9701742837601985,7.9052798336514805,7.93477725982666,57300,0.0,0.0
2013-02-14 00:00:00-05:00,7.917077587658564,7.917077587658564,7.840384518613704,7.875781536102295,168700,0.0,0.0
2013-02-15 00:00:00-05:00,7.852184772491455,7.905279461970507,7.793189922914844,7.852184772491455,79900,0.0,0.0
2013-02-19 00:00:00-05:00,7.863981120390722,7.887578940843005,7.775489434348767,7.828584671020508,128100,0.0,0.0
2013-02-20 00:00:00-05:00,7.79909253135783,7.852187803951726,7.787293331840608,7.846288204193115,75300,0.0,0.0
2013-02-21 00:00:00-05:00,7.85218595069262,7.911180246504598,7.8167889231120995,7.86398458480835,57700,0.0,0.0
2013-02-22 00:00:00-05:00,7.881679576010456,7.911176993094195,7.840383529663085,7.840383529663086,75300,0.0,0.0
2013-02-25 00:00:00-05:00,7.85218249147279,7.863981120390722,7.816785479486157,7.828584671020508,84000,0.0,0.0
2013-02-26 00:00:00-05:00,7.828584671020508,7.85218249147279,7.769589838581592,7.828584671020508,103800,0.0,0.0
2013-02-27 00:00:00-05:00,7.846284944123572,7.8698827707365036,7.757792672362652,7.787290096282959,81900,0.0,0.0
2013-02-28 00:00:00-05:00,7.810888032888272,7.828586825059629,7.734194954662115,7.763692378997803,101600,0.0,0.0
2013-03-01 00:00:00-05:00,7.769590976020388,7.804987430572511,7.75779178275868,7.80498743057251,62900,0.0,0.0
2013-03-04 00:00:00-05:00,7.775489434348767,7.828584671020508,7.769589838581592,7.828584671020508,75200,0.0,0.0
2013-03-05 00:00:00-05:00,7.810886737204001,7.816786333615817,7.745992864523464,7.7754902839660645,82100,0.0,0.0
2013-03-06 00:00:00-05:00,7.787290205943037,7.787290205943037,7.728295919888236,7.763692378997803,98700,0.0,0.0
2013-03-07 00:00:00-05:00,7.7820808728107655,7.805806706710523,7.728697605119187,7.776149272918701,76000,0.071,0.0
2013-03-08 00:00:00-05:00,7.722763301944082,7.758351754895309,7.657516862086398,7.675311088562012,139800,0.0,0.0
2013-03-11 00:00:00-04:00,7.687175208036846,7.687175208036846,7.532957051581492,7.574477672576904,153200,0.0,0.0
2013-03-12 00:00:00-04:00,7.574481533885381,7.574481533885381,7.461783375306003,7.532960891723633,208000,0.0,0.0
2013-03-13 00:00:00-04:00,7.521098769864046,7.521098769864046,7.4499212485753565,7.4617838859558105,202700,0.0,0.0
2013-03-14 00:00:00-04:00,7.426187828906359,7.461776270394467,7.360941410064697,7.360941410064697,278200,0.0,0.0
2013-03-15 00:00:00-04:00,7.319422555429331,7.384668419142232,7.260107722477117,7.29569673538208,306000,0.0,0.0
2013-03-18 00:00:00-04:00,7.295702680550454,7.527029473099158,7.283839478025581,7.485509395599365,161300,0.0,0.0
2013-03-19 00:00:00-04:00,7.491437808430193,7.580409526824951,7.41432872184282,7.580409526824951,158400,0.0,0.0
2013-03-20 00:00:00-04:00,7.5626186551508505,7.604138733420067,7.532961213957707,7.592276096343994,140500,0.0,0.0
2013-03-21 00:00:00-04:00,7.562617778778075,7.610069452920844,7.509234503950317,7.562617778778076,122400,0.0,0.0
2013-03-22 00:00:00-04:00,7.52702626952074,7.5982043230386145,7.509232038975466,7.580409526824951,138800,0.0,0.0
2013-03-25 00:00:00-04:00,7.532958729543033,7.556684561538899,7.479575466135222,7.527027130126953,130000,0.0,0.0
2013-03-26 00:00:00-04:00,7.4914384771274944,7.568547570597743,7.479575278592791,7.544821739196777,113000,0.0,0.0
2013-03-27 00:00:00-04:00,7.532959542416133,7.586342811584473,7.521096907972344,7.586342811584473,113900,0.0,0.0
2013-03-28 00:00:00-04:00,7.615998909624977,7.615998909624977,7.568547248840332,7.568547248840332,108400,0.0,0.0
2013-04-01 00:00:00-04:00,7.598207697716351,7.598207697716351,7.556687053778494,7.592276096343994,86600,0.0,0.0
2013-04-02 00:00:00-04:00,7.562615971330391,7.574479169865095,7.532958540662074,7.544821739196777,103100,0.0,0.0
2013-04-03 00:00:00-04:00,7.53295876234398,7.544821961227797,7.509232930244805,7.538890361785889,65900,0.0,0.0
2013-04-04 00:00:00-04:00,7.5270279423599815,7.586342811584473,7.5270279423599815,7.586342811584473,66900,0.0,0.0
2013-04-05 00:00:00-04:00,7.6041329647120905,7.6990362519989475,7.6041329647120905,7.693105220794678,110000,0.0,0.0
2013-04-08 00:00:00-04:00,7.6871832650930605,7.704977512359619,7.65159420489102,7.704977512359619,61500,0.0,0.0
2013-04-09 00:00:00-04:00,7.7055651646832475,7.71152936087951,7.604176104455017,7.663816928863525,122200,0.071,0.0
2013-04-10 00:00:00-04:00,7.633998195884505,7.693638464634831,7.6220698008681325,7.675746440887451,55900,0.0,0.0
2013-04-11 00:00:00-04:00,7.6757498475661805,7.6757498475661805,7.634001584034372,7.651893615722656,57000,0.0,0.0
2013-04-12 00:00:00-04:00,7.663819838460417,7.717495918273927,7.657855639999825,7.717495918273926,80000,0.0,0.0
2013-04-15 00:00:00-04:00,7.687675709945802,7.699603537541116,7.657855287791649,7.669783115386963,60400,0.0,0.0
2013-04-16 00:00:00-04:00,7.651892648076352,7.669784677502038,7.622072219848633,7.622072219848633,63000,0.0,0.0
2013-04-17 00:00:00-04:00,7.639960712855532,7.669780556282732,7.633996516659271,7.663816928863525,41700,0.0,0.0
2013-04-18 00:00:00-04:00,7.651891503242775,7.705568152266394,7.651891503242775,7.693639755249023,61000,0.0,0.0
2013-04-19 00:00:00-04:00,7.675747728500242,7.705568152266394,7.65785570175146,7.693639755249023,89400,0.0,0.0
2013-04-22 00:00:00-04:00,7.699602546041415,7.7592433826696015,7.693638348623162,7.723458766937256,104600,0.0,0.0
2013-04-23 00:00:00-04:00,7.741351127624512,7.78906414027172,7.735387498723656,7.741351127624512,64500,0.0,0.0
2013-04-24 00:00:00-04:00,7.717494905689505,7.741351127624512,7.699602881432549,7.741351127624512,50200,0.0,0.0
2013-04-25 00:00:00-04:00,7.729423999786377,7.759244422095203,7.71153197391198,7.729423999786377,57500,0.0,0.0
2013-04-26 00:00:00-04:00,7.705570163140595,7.759246826171876,7.69960596307547,7.759246826171875,49600,0.0,0.0
2013-04-29 00:00:00-04:00,7.729423938907565,7.771172188544753,7.717495542567086,7.753280162811279,62700,0.0,0.0
2013-04-30 00:00:00-04:00,7.783102419665129,7.783102419665129,7.717497361881319,7.747317790985107,105200,0.0,0.0
2013-05-01 00:00:00-04:00,7.765208620312418,7.765208620312418,7.729423999786377,7.729423999786377,75200,0.0,0.0
2013-05-02 00:00:00-04:00,7.7234591033675555,7.759243720658663,7.7234591033675555,7.741351127624512,49700,0.0,0.0
2013-05-03 00:00:00-04:00,7.759245524573077,7.759245524573077,7.711533069610597,7.711533069610596,73500,0.0,0.0
2013-05-06 00:00:00-04:00,7.71749669989791,7.729425098027194,7.699604671481312,7.711533069610596,52000,0.0,0.0
2013-05-07 00:00:00-04:00,7.729422482254533,7.806955337524413,7.699602065800405,7.806955337524414,93000,0.0,0.0
2013-05-08 00:00:00-04:00,7.800989420132604,7.800989420132604,7.729420777691948,7.765205383300781,130400,0.0,0.0
2013-05-09 00:00:00-04:00,7.7837989932358465,7.8017896960666,7.747818731366243,7.771805763244629,109200,0.071,0.0
2013-05-10 00:00:00-04:00,7.753815650939941,7.795792813853989,7.705841587067901,7.753815650939941,122100,0.0,0.0
2013-05-13 00:00:00-04:00,7.723830663812861,7.753814592614339,7.6518695778268375,7.657866477966309,89500,0.0,0.0
2013-05-14 00:00:00-04:00,7.6638619611672665,7.675855760123731,7.62188480861126,7.6398749351501465,119900,0.0,0.0
2013-05-15 00:00:00-04:00,7.615885653829304,7.645869570445474,7.579905411406415,7.585901737213135,110200,0.0,0.0
2013-05-16 00:00:00-04:00,7.609892648485674,7.645873481207922,7.597899418842214,7.615889549255371,204600,0.0,0.0
2013-05-17 00:00:00-04:00,7.3880132008480945,7.633880437865878,7.3880132008480945,7.62188720703125,259600,0.0,0.0
2013-05-20 00:00:00-04:00,7.639879558221816,7.687853639286305,7.633882655114715,7.675860404968262,149100,0.0,0.0
2013-05-21 00:00:00-04:00,7.639876169316195,7.663863199208244,7.621886039871135,7.645873069763184,107300,0.0,0.0
2013-05-22 00:00:00-04:00,7.6638649128932075,7.681855618256998,7.633880975849587,7.651871681213379,106000,0.0,0.0
2013-05-23 00:00:00-04:00,7.657866640930453,7.69384689874121,7.6338790398621,7.687849998474121,133400,0.0,0.0
2013-05-24 00:00:00-04:00,7.663865089416505,7.675858893268621,7.639878053608317,7.663865089416504,42300,0.0,0.0
2013-05-28 00:00:00-04:00,7.687846523098236,7.687846523098236,7.573908329010011,7.57390832901001,126700,0.0,0.0
2013-05-29 00:00:00-04:00,7.561918841041071,7.561918841041071,7.394009617100677,7.4599738121032715,190900,0.0,0.0
2013-05-30 00:00:00-04:00,7.417996731588508,7.4839609273246985,7.388012798291709,7.471967697143555,88800,0.0,0.0
2013-05-31 00:00:00-04:00,7.489958581153614,7.489958581153614,7.268078367490407,7.316052436828613,186400,0.0,0.0
2013-06-03 00:00:00-04:00,7.316051698998036,7.382016466607475,7.208110339821068,7.292064666748047,165300,0.0,0.0
2013-06-04 00:00:00-04:00,7.292062628399666,7.292062628399666,7.076179398495552,7.214104652404785,434500,0.0,0.0
2013-06-05 00:00:00-04:00,7.214109551031864,7.292067579962912,7.148145328965373,7.256087303161621,258500,0.0,0.0
2013-06-06 00:00:00-04:00,7.280068526179017,7.382013515460364,7.250084604879374,7.376016616821289,161700,0.0,0.0
2013-06-07 00:00:00-04:00,7.352030602296013,7.465968832583373,7.3040565503965125,7.423991680145264,155900,0.0,0.0
2013-06-10 00:00:00-04:00,7.411996864864275,7.4179937635033495,7.2980586502005105,7.376016616821289,294000,0.0,0.0
2013-06-11 00:00:00-04:00,7.3102694816963565,7.322332908873772,7.195669799590247,7.225827217102051,221600,0.071,0.0
2013-06-12 00:00:00-04:00,7.213766265299739,7.213766265299739,7.062976837158203,7.062976837158203,220100,0.0,0.0
2013-06-13 00:00:00-04:00,7.008695082503396,7.141389988257266,6.9544107767306205,7.075042247772217,278400,0.0,0.0
2013-06-14 00:00:00-04:00,7.111233231662443,7.23789644241333,7.087106933196385,7.23789644241333,137100,0.0,0.0
2013-06-17 00:00:00-04:00,7.2378959200811215,7.2378959200811215,7.12329615444167,7.129327297210693,89600,0.0,0.0
2013-06-18 00:00:00-04:00,7.117262012375484,7.117262012375484,7.032819714990359,7.050914287567139,105300,0.0,0.0
2013-06-19 00:00:00-04:00,7.0147289801458115,7.075044446805476,7.0147289801458115,7.03282356262207,129200,0.0,0.0
2013-06-20 00:00:00-04:00,6.972505671925979,6.996631965245465,6.875999923431828,6.924252510070801,191000,0.0,0.0
2013-06-21 00:00:00-04:00,6.9242544349219415,6.942349591353924,6.821718091222532,6.876001834869385,147000,0.0,0.0
2013-06-24 00:00:00-04:00,6.803619173329283,6.815682604281195,6.429661442060735,6.7613983154296875,338600,0.0,0.0
2013-06-25 00:00:00-04:00,6.7252122042852145,6.773464803536942,6.610612424866453,6.719181060791016,185300,0.0,0.0
2013-06-26 00:00:00-04:00,6.75537078418784,7.02679182134581,6.75537078418784,7.0026655197143555,183300,0.0,0.0
2013-06-27 00:00:00-04:00,7.0690104936061156,7.1413893699646,7.026789050984866,7.1413893699646,165800,0.0,0.0
2013-06-28 00:00:00-04:00,7.153453153596843,7.153453153596843,7.0207588173858975,7.111232280731201,105300,0.0,0.0
2013-07-01 00:00:00-04:00,7.141390285675481,7.20773745370747,7.141390285675481,7.15948486328125,179300,0.0,0.0
2013-07-02 00:00:00-04:00,7.1413874088177245,7.1413874088177245,7.044882266841704,7.062976837158203,176900,0.0,0.0
2013-07-03 00:00:00-04:00,7.032820498048716,7.032820498048716,6.924251900067454,6.990599632263184,75500,0.0,0.0
2013-07-05 00:00:00-04:00,6.9363145385679905,6.9363145385679905,6.779493376165896,6.857903957366943,113800,0.0,0.0
2013-07-08 00:00:00-04:00,6.803624010324188,6.936318969053649,6.791561146012304,6.821719169616699,121100,0.0,0.0
2013-07-09 00:00:00-04:00,6.7810782631871005,6.787143188581239,6.732555389404297,6.732555389404297,146600,0.063,0.0
2013-07-10 00:00:00-04:00,6.702230392125441,6.738622268795951,6.635510987498756,6.653707504272461,128400,0.0,0.0
2013-07-11 00:00:00-04:00,6.714357967706303,6.787142268513844,6.69009653410379,6.7568159103393555,149700,0.0,0.0
2013-07-12 00:00:00-04:00,6.7568167545479305,6.787143116511448,6.702228377512356,6.714358806610107,95200,0.0,0.0
2013-07-15 00:00:00-04:00,6.6900945379815795,6.7082910415828305,6.629441261291504,6.629441261291504,145000,0.0,0.0
2013-07-16 00:00:00-04:00,6.599116802215577,6.63550866615488,6.574855366776625,6.599116802215576,94200,0.0,0.0
2013-07-17 00:00:00-04:00,6.605181345287751,6.684031143609101,6.605181345287751,6.6779656410217285,101200,0.0,0.0
2013-07-18 00:00:00-04:00,6.671901665736631,6.714359036691064,6.635509220319763,6.647640228271484,109100,0.0,0.0
2013-07-19 00:00:00-04:00,6.623378678551273,6.635509107859107,6.568790300570298,6.574855804443359,133000,0.0,0.0
2013-07-22 00:00:00-04:00,6.544527936917039,6.544527936917039,6.4171552658081055,6.4171552658081055,195400,0.0,0.0
2013-07-23 00:00:00-04:00,6.459613797299323,6.502071747633356,6.411090921293263,6.429287433624268,159700,0.0,0.0
2013-07-24 00:00:00-04:00,6.411090426941031,6.417155930583662,6.307979178769374,6.326175689697266,263000,0.0,0.0
2013-07-25 00:00:00-04:00,6.326176058667339,6.332240984225437,6.241260738032677,6.283718109130859,247400,0.0,0.0
2013-07-26 00:00:00-04:00,6.247326721073438,6.386829853057861,6.247326721073438,6.386829853057861,103700,0.0,0.0
2013-07-29 00:00:00-04:00,6.374698885946769,6.447483198042698,6.332240936728756,6.441417694091797,123400,0.0,0.0
2013-07-30 00:00:00-04:00,6.405025258298029,6.471744060516357,6.368632816263696,6.471744060516357,142900,0.0,0.0
2013-07-31 00:00:00-04:00,6.4353523957994225,6.520267718510845,6.398960527807608,6.453548908233643,217500,0.0,0.0
2013-08-01 00:00:00-04:00,6.477808343584973,6.483873267416266,6.380762621026689,6.40502405166626,74100,0.0,0.0
2013-08-02 00:00:00-04:00,6.398963085694742,6.4232245335335305,6.356505118147955,6.368636131286621,142700,0.0,0.0
2013-08-05 00:00:00-04:00,6.332237651377047,6.3989570033444005,6.277649879455567,6.277649879455566,152600,0.0,0.0
2013-08-06 00:00:00-04:00,6.247326312220748,6.301914691925049,6.247326312220748,6.301914691925049,131000,0.0,0.0
2013-08-07 00:00:00-04:00,6.29584824262835,6.33830560782919,6.247325374273613,6.332240104675293,124300,0.0,0.0
2013-08-08 00:00:00-04:00,6.334072600818536,6.364583663889603,6.303561537747468,6.321867942810059,121400,0.063,0.0
2013-08-09 00:00:00-04:00,6.29745920874323,6.3401749298227745,6.2730504746764,6.321867942810059,150300,0.0,0.0
2013-08-12 00:00:00-04:00,6.285256311295696,6.340176118732153,6.285256311295696,6.327971458435059,227900,0.0,0.0
2013-08-13 00:00:00-04:00,6.315764245663031,6.315764245663031,6.2547421383624435,6.266946792602539,248100,0.0,0.0
2013-08-14 00:00:00-04:00,6.2974572643028885,6.2974572643028885,6.236435738952245,6.266946792602539,101800,0.0,0.0
2013-08-15 00:00:00-04:00,6.236437971257686,6.236437971257686,6.181518171418847,6.193722248077393,116200,0.0,0.0
2013-08-16 00:00:00-04:00,6.169315016381523,6.181519677964714,6.144906275165436,6.151008605957031,124500,0.0,0.0
2013-08-19 00:00:00-04:00,6.157109436151602,6.199824577381742,6.108291965617112,6.193722248077393,229800,0.0,0.0
2013-08-20 00:00:00-04:00,6.1937233315840485,6.346278099179225,6.1937233315840485,6.334074020385742,253000,0.0,0.0
2013-08-21 00:00:00-04:00,6.3035604033856805,6.3340714609661095,6.279151673711342,6.285254001617432,95000,0.0,0.0
2013-08-22 00:00:00-04:00,6.303561921004305,6.425605598758713,6.303561921004305,6.388992786407471,148000,0.0,0.0
2013-08-23 00:00:00-04:00,6.376786312470889,6.443910752591106,6.340173510541675,6.413399696350098,151900,0.0,0.0
2013-08-26 00:00:00-04:00,6.456115079046916,6.456115079046916,6.382888890367464,6.395092964172363,89000,0.0,0.0
2013-08-27 00:00:00-04:00,6.39509161431528,6.4500113897200695,6.382887543086379,6.443909645080566,177100,0.0,0.0
2013-08-28 00:00:00-04:00,6.437810257509233,6.443912586884494,6.38289045703221,6.388992786407471,182700,0.0,0.0
2013-08-29 00:00:00-04:00,6.352378065218298,6.401195526123047,6.315765260514756,6.401195526123047,88800,0.0,0.0
2013-08-30 00:00:00-04:00,6.376786856016221,6.395093258541231,6.3401740509662,6.358480453491211,38000,0.0,0.0
2013-09-03 00:00:00-04:00,6.364582929400635,6.382889332350621,6.321867213250592,6.340174198150635,96700,0.0,0.0
2013-09-04 00:00:00-04:00,6.321867161616976,6.376786951968435,6.309663087066681,6.370684623718262,44300,0.0,0.0
2013-09-05 00:00:00-04:00,6.334070025372167,6.346274096468318,6.273047924041747,6.273047924041748,101400,0.0,0.0
2013-09-06 00:00:00-04:00,6.266947755327614,6.297458231714965,6.242538443097678,6.2547430992126465,93700,0.0,0.0
2013-09-09 00:00:00-04:00,6.224231953949126,6.273049413827157,6.218129625976866,6.230334281921387,101800,0.0,0.0
2013-09-10 00:00:00-04:00,6.2120256423950195,6.236434363542061,6.199820990846591,6.2120256423950195,58600,0.0,0.0
2013-09-11 00:00:00-04:00,6.238430552845991,6.238430552845991,6.146327972412109,6.146327972412109,378700,0.063,0.0
2013-09-12 00:00:00-04:00,6.183166583016903,6.201587561046268,6.140185472095823,6.170886516571045,203400,0.0,0.0
2013-09-13 00:00:00-04:00,6.140185472095823,6.213867627492126,6.121765079640176,6.170886516571045,126800,0.0,0.0
2013-09-16 00:00:00-04:00,6.238433451881478,6.281414597981015,6.232293120846059,6.269134521484375,126500,0.0,0.0
2013-09-17 00:00:00-04:00,6.232291146987453,6.361235130021802,6.232291146987453,6.355095386505127,160300,0.0,0.0
2013-09-18 00:00:00-04:00,6.379654206464179,6.527018547058106,6.348953155780318,6.5270185470581055,345800,0.0,0.0
2013-09-19 00:00:00-04:00,6.52087907670175,6.57000053002134,6.508599006158809,6.5331597328186035,174200,0.0,0.0
2013-09-20 00:00:00-04:00,6.52087907670175,6.557720459478399,6.484038279499013,6.5331597328186035,117600,0.0,0.0
2013-09-23 00:00:00-04:00,6.551580131419972,6.594561256681136,6.514738748643322,6.5331597328186035,86100,0.0,0.0
2013-09-24 00:00:00-04:00,6.5699981933676,6.612979888916016,6.52701708339289,6.612979888916016,111600,0.0,0.0
2013-09-25 00:00:00-04:00,6.588424860544101,6.643686674901945,6.570004450949574,6.606845855712891,178000,0.0,0.0
2013-09-26 00:00:00-04:00,6.5884192485954856,6.6314009484703575,6.5884192485954856,6.6006999015808105,72700,0.0,0.0
2013-09-27 00:00:00-04:00,6.6252599550914875,6.631400280966076,6.557718127192128,6.612979888916016,79600,0.0,0.0
2013-09-30 00:00:00-04:00,6.625263294870339,6.625263294870339,6.57000150528912,6.576141834259033,80500,0.0,0.0
2013-10-01 00:00:00-04:00,6.588421906624859,6.6068428935345995,6.5638611763192065,6.576141834259033,49900,0.0,0.0
2013-10-02 00:00:00-04:00,6.55158082141327,6.5884216224959715,6.520879763461703,6.563860893249512,63100,0.0,0.0
2013-10-03 00:00:00-04:00,6.563864137992826,6.563864137992826,6.459481426275898,6.484042167663574,77400,0.0,0.0
2013-10-04 00:00:00-04:00,6.441057012409648,6.502459126076288,6.441057012409648,6.453337669372559,182900,0.0,0.0
2013-10-07 00:00:00-04:00,6.4471974305966695,6.45333775916356,6.404216301776359,6.410356044769287,125300,0.0,0.0
2013-10-08 00:00:00-04:00,6.391936779022217,6.391936779022217,6.361235716313196,6.391936779022217,59500,0.0,0.0
2013-10-09 00:00:00-04:00,6.387611865997315,6.437032412844771,6.387611865997315,6.3876118659973145,73300,0.063,0.0
2013-10-10 00:00:00-04:00,6.387614463982402,6.393792182135797,6.350548744201661,6.35054874420166,133500,0.0,0.0
2013-10-11 00:00:00-04:00,6.35054701563807,6.356724732109944,6.33819217183379,6.344369888305664,96500,0.0,0.0
2013-10-14 00:00:00-04:00,6.30112590706935,6.350546456211901,6.30112590706935,6.325836181640625,178800,0.0,0.0
2013-10-15 00:00:00-04:00,6.313481338924696,6.3381916134959715,6.288771064353421,6.325836181640625,188300,0.0,0.0
2013-10-16 00:00:00-04:00,6.307306366336206,6.369082374203344,6.307306366336206,6.338194370269775,130900,0.0,0.0
2013-10-17 00:00:00-04:00,6.356723137235208,6.474096775054932,6.350545422313296,6.474096775054932,138900,0.0,0.0
2013-10-18 00:00:00-04:00,6.486450097089843,6.535870622127016,6.4802723841754135,6.498805522918701,120100,0.0,0.0
2013-10-21 00:00:00-04:00,6.511162851473663,6.529695408170353,6.467920022801602,6.486452579498291,104700,0.0,0.0
2013-10-22 00:00:00-04:00,6.511162475447083,6.523517905290907,6.461741934350429,6.474096775054932,111500,0.0,0.0
2013-10-23 00:00:00-04:00,6.474098761778393,6.554407312989779,6.474098761778393,6.492631912231445,160700,0.0,0.0
2013-10-24 00:00:00-04:00,6.492629919820668,6.523517905290907,6.461741934350429,6.474096775054932,206800,0.0,0.0
2013-10-25 00:00:00-04:00,6.4740971489409285,6.5173405667523445,6.46174230752292,6.486452579498291,68300,0.0,0.0
2013-10-28 00:00:00-04:00,6.504982646694001,6.529692909212587,6.486450097089843,6.498805522918701,233400,0.0,0.0
2013-10-29 00:00:00-04:00,6.517338374704951,6.554403475631822,6.498805824241516,6.504982948303223,228800,0.0,0.0
2013-10-30 00:00:00-04:00,6.511165326653902,6.535875608022738,6.480277327657962,6.517343044281006,130900,0.0,0.0
2013-10-31 00:00:00-04:00,6.56676043285091,6.56676043285091,6.480274195294951,6.523517608642578,131700,0.0,0.0
2013-11-01 00:00:00-04:00,6.492628282598165,6.504983120187194,6.449384878188634,6.455562591552734,146400,0.0,0.0
2013-11-04 00:00:00-05:00,6.430853464305946,6.492629430591514,6.430853464305946,6.4617414474487305,132700,0.0,0.0
2013-11-05 00:00:00-05:00,6.449387165477947,6.486452869668811,6.443210039062287,6.4802751541137695,101400,0.0,0.0
2013-11-06 00:00:00-05:00,6.4759236777655,6.494568205563227,6.44484906963672,6.451064109802246,162100,0.063,0.0
2013-11-07 00:00:00-05:00,6.43241944338455,6.475923538208008,6.419989363321368,6.475923538208008,116600,0.0,0.0
2013-11-08 00:00:00-05:00,6.438639585975157,6.438639585975157,6.370275863253476,6.401350498199463,207900,0.0,0.0
2013-11-11 00:00:00-05:00,6.407563209533691,6.41999270336456,6.3889180797386675,6.407563209533691,123900,0.0,0.0
2013-11-12 00:00:00-05:00,6.395134179458117,6.401349223749829,6.351630054814623,6.376489639282227,122300,0.0,0.0
2013-11-13 00:00:00-05:00,6.351627349853516,6.3764869237341975,6.339197266563678,6.351627349853516,180300,0.0,0.0
2013-11-14 00:00:00-05:00,6.345411634660195,6.395130777144004,6.345411634660195,6.3702712059021,85000,0.0,0.0
2013-11-15 00:00:00-05:00,6.37648890535723,6.388918399810791,6.357843774628122,6.388918399810791,115300,0.0,0.0
2013-11-18 00:00:00-05:00,6.382703629172807,6.4386372404604355,6.382703629172807,6.407563209533691,157400,0.0,0.0
2013-11-19 00:00:00-05:00,6.382705954311616,6.41999504208731,6.376490908782546,6.401350498199463,127200,0.0,0.0
2013-11-20 00:00:00-05:00,6.4137776600995515,6.41999270336456,6.3764885859078,6.407563209533691,205400,0.0,0.0
2013-11-21 00:00:00-05:00,6.407561193764628,6.438635214915726,6.382701621224372,6.3951311111450195,112500,0.0,0.0
2013-11-22 00:00:00-05:00,6.419991417338617,6.419991417338617,6.364057224556345,6.382702350616455,124600,0.0,0.0
2013-11-25 00:00:00-05:00,6.357841491699219,6.388916105723835,6.339196960364036,6.357841491699219,191900,0.0,0.0
2013-11-26 00:00:00-05:00,6.376487147782986,6.376487147782986,6.357842022193101,6.3640570640563965,76100,0.0,0.0
2013-11-27 00:00:00-05:00,6.345416273836559,6.401350498199463,6.345416273836559,6.401350498199463,135900,0.0,0.0
2013-11-29 00:00:00-05:00,6.413776213564726,6.413776213564726,6.339197489302231,6.3640570640563965,85100,0.0,0.0
2013-12-02 00:00:00-05:00,6.451064960613023,6.451064960613023,6.339196593674986,6.3702712059021,134300,0.0,0.0
2013-12-03 00:00:00-05:00,6.351623505434853,6.413772106170655,6.339193429668511,6.413772106170654,267300,0.0,0.0
2013-12-04 00:00:00-05:00,6.413778719634008,6.432423852509144,6.35784450640709,6.376489639282227,135700,0.0,0.0
2013-12-05 00:00:00-05:00,6.357842092331652,6.357842092331652,6.283263367246419,6.301908493041992,215500,0.0,0.0
2013-12-06 00:00:00-05:00,6.332986780350639,6.345416872581667,6.283267596825369,6.2956976890563965,203800,0.0,0.0
2013-12-09 00:00:00-05:00,6.3329816409045385,6.3454117230481,6.2770480493553285,6.339196681976318,226400,0.0,0.0
2013-12-10 00:00:00-05:00,6.334819211140333,6.35983328062985,6.309805141650816,6.322311878204346,328200,0.063,0.0
2013-12-11 00:00:00-05:00,6.303553003835346,6.341074415360037,6.297299335850798,6.334820747375488,136700,0.0,0.0
2013-12-12 00:00:00-05:00,6.309804102205032,6.359832232942679,6.303550436767235,6.353578567504883,132800,0.0,0.0
2013-12-13 00:00:00-05:00,6.341072452795094,6.353579188510748,6.303551052883295,6.3285651206970215,130200,0.0,0.0
2013-12-16 00:00:00-05:00,6.316058384981368,6.359832854559785,6.309804718932331,6.3285651206970215,197700,0.0,0.0
2013-12-17 00:00:00-05:00,6.3285680915142395,6.422371337136549,6.316061349927551,6.4161176681518555,238900,0.0,0.0
2013-12-18 00:00:00-05:00,6.447379288078242,6.4598860177765465,6.391097513480544,6.453632354736328,328200,0.0,0.0
2013-12-19 00:00:00-05:00,6.441130609041879,6.509919166564941,6.441130609041879,6.509919166564941,219800,0.0,0.0
2013-12-20 00:00:00-05:00,6.503665146962555,6.584961035847407,6.503665146962555,6.5536932945251465,246400,0.0,0.0
2013-12-23 00:00:00-05:00,6.541186162841338,6.672510191399035,6.541186162841338,6.634988784790039,348500,0.0,0.0
2013-12-24 00:00:00-05:00,6.6037211418151855,6.666256019586141,6.584960141739666,6.6037211418151855,81600,0.0,0.0
2013-12-26 00:00:00-05:00,6.572455150850438,6.634990045235113,6.559947814143919,6.584961891174316,154200,0.0,0.0
2013-12-27 00:00:00-05:00,6.559946537017822,6.559946537017822,6.4911579876720165,6.559946537017822,218800,0.0,0.0
2013-12-30 00:00:00-05:00,6.559945160013133,6.566198825836182,6.509917026193545,6.566198825836182,292300,0.0,0.0
2013-12-31 00:00:00-05:00,6.660002984177068,6.660002984177068,6.503664880357113,6.578707695007324,298700,0.0,0.0
2014-01-02 00:00:00-05:00,6.578706157482277,6.597466558569024,6.516170692016593,6.566198825836182,105600,0.0,0.0
2014-01-03 00:00:00-05:00,6.58495866140192,6.609972726163488,6.56619826192633,6.597465991973877,107100,0.0,0.0
2014-01-06 00:00:00-05:00,6.616229009436264,6.691271233414553,6.616229009436264,6.653750419616699,88700,0.0,0.0
2014-01-07 00:00:00-05:00,6.685018164609599,6.72253957815183,6.660004087708991,6.697525501251221,116400,0.0,0.0
2014-01-08 00:00:00-05:00,6.678766100414085,6.678766100414085,6.641244681210339,6.66000509262085,71100,0.0,0.0
2014-01-09 00:00:00-05:00,6.678766100414085,6.691272842560183,6.653752019739163,6.66000509262085,68200,0.0,0.0
2014-01-10 00:00:00-05:00,6.666257332585049,6.728792819055595,6.666257332585049,6.7037787437438965,110900,0.0,0.0
2014-01-13 00:00:00-05:00,6.718243320108053,6.7559859230817745,6.693081384822954,6.7119526863098145,176100,0.063,0.0
2014-01-14 00:00:00-05:00,6.718242645263671,6.737113944854919,6.686790079339728,6.718242645263672,137600,0.0,0.0
2014-01-15 00:00:00-05:00,6.730827602745276,6.755989551544189,6.718246928299909,6.7559895515441895,98500,0.0,0.0
2014-01-16 00:00:00-05:00,6.755989551544189,6.7685708258977355,6.730827602745276,6.7559895515441895,48900,0.0,0.0
2014-01-17 00:00:00-05:00,6.749700940577077,6.837768087764463,6.749700940577077,6.818896770477295,167200,0.0,0.0
2014-01-21 00:00:00-05:00,6.837764463092596,6.869217041837229,6.806311884347963,6.8314738273620605,127200,0.0,0.0
2014-01-22 00:00:00-05:00,6.844052791595459,6.850343425205332,6.812600223453934,6.844052791595459,67500,0.0,0.0
2014-01-23 00:00:00-05:00,6.8377650149466165,6.88179826879806,6.8377650149466165,6.862926959991455,153900,0.0,0.0
2014-01-24 00:00:00-05:00,6.888089106402996,6.894379742825128,6.850346487686415,6.8566365242004395,158900,0.0,0.0
2014-01-27 00:00:00-05:00,6.888087269596985,6.894377904341631,6.856634695781704,6.869215965270996,232700,0.0,0.0
2014-01-28 00:00:00-05:00,6.856634695781704,6.888087269596985,6.856634695781704,6.869215965270996,203900,0.0,0.0
2014-01-29 00:00:00-05:00,6.881796634852339,6.900668539086277,6.86292533052635,6.869215965270996,99900,0.0,0.0
2014-01-30 00:00:00-05:00,6.894376475573564,6.894376475573564,6.8566332748354135,6.888085842132568,112400,0.0,0.0
2014-01-31 00:00:00-05:00,6.906959332096128,6.919540602966459,6.856635448430831,6.875507354736328,114500,0.0,0.0
2014-02-03 00:00:00-05:00,6.881796634852339,6.9195398434122675,6.86292533052635,6.869215965270996,95900,0.0,0.0
2014-02-04 00:00:00-05:00,6.89438188012659,6.89438188012659,6.812605381011963,6.812605381011963,108400,0.0,0.0
2014-02-05 00:00:00-05:00,6.8251854264215925,6.83147546375078,6.774861528338978,6.806313514709473,240600,0.0,0.0
2014-02-06 00:00:00-05:00,6.8000247041757165,6.831476696220479,6.774862750594931,6.812605381011963,119300,0.0,0.0
2014-02-07 00:00:00-05:00,6.812602124397336,6.8817973136901855,6.800021453575003,6.8817973136901855,97900,0.0,0.0
2014-02-10 00:00:00-05:00,6.906959334045482,6.913249969482423,6.888088027642673,6.913249969482422,131400,0.0,0.0
2014-02-11 00:00:00-05:00,6.913249969482423,6.919540604919363,6.881797392205732,6.913249969482422,155300,0.0,0.0
2014-02-12 00:00:00-05:00,6.9024940156638275,6.921474123839932,6.8708600997924805,6.8708600997924805,42000,0.063,0.0
2014-02-13 00:00:00-05:00,6.864537867387953,6.88984489440918,6.864537867387953,6.88984489440918,60700,0.0,0.0
2014-02-14 00:00:00-05:00,6.883513143069348,6.921473355206051,6.870859336779318,6.908820152282715,117200,0.0,0.0
2014-02-18 00:00:00-05:00,6.92147159576416,6.934125398837586,6.915145297593987,6.92147159576416,60900,0.0,0.0
2014-02-19 00:00:00-05:00,6.921474476115074,6.953108393596461,6.91514817531223,6.934128284454346,75100,0.0,0.0
2014-02-20 00:00:00-05:00,6.940457664735426,6.940457664735426,6.902496829541313,6.9151506423950195,108100,0.0,0.0
2014-02-21 00:00:00-05:00,6.921473671241221,6.95310758504401,6.921473671241221,6.946780681610107,47900,0.0,0.0
2014-02-24 00:00:00-05:00,6.94045653378608,6.95943664660682,6.934129628390198,6.9531097412109375,105700,0.0,0.0
2014-02-25 00:00:00-05:00,6.959434590244755,6.965761493771175,6.915147472293278,6.940454483032227,101300,0.0,0.0
2014-02-26 00:00:00-05:00,6.940454381542927,6.978414595412897,6.940454381542927,6.946780681610107,107000,0.0,0.0
2014-02-27 00:00:00-05:00,6.953109197148898,6.984743118286132,6.940455990714121,6.984743118286133,90000,0.0,0.0
2014-02-28 00:00:00-05:00,7.022704440816101,7.022704440816101,6.959436594068715,6.997397422790527,78900,0.0,0.0
2014-03-03 00:00:00-05:00,6.984743612094289,7.003723724771743,6.965763499416834,6.997397422790527,99800,0.0,0.0
2014-03-04 00:00:00-05:00,6.991072177886963,7.01637920192319,6.978418364185326,6.991072177886963,77000,0.0,0.0
2014-03-05 00:00:00-05:00,7.010052295072371,7.01637920192319,6.991072177886963,6.991072177886963,55300,0.0,0.0
2014-03-06 00:00:00-05:00,6.997396119417117,7.003722420219962,6.921474476115074,6.934128284454346,161600,0.0,0.0
2014-03-07 00:00:00-05:00,6.9151512884844415,6.9214775921353615,6.84555651802076,6.864537239074707,144100,0.0,0.0
2014-03-10 00:00:00-04:00,6.9024943669729595,6.953108393596461,6.883514257830845,6.934128284454346,86800,0.0,0.0
2014-03-11 00:00:00-04:00,6.9214737518573966,6.959434569536228,6.908820548208938,6.92780065536499,78900,0.0,0.0
2014-03-12 00:00:00-04:00,6.948799370821514,6.986979247037372,6.929709432713586,6.967889308929443,62400,0.063,0.0
2014-03-13 00:00:00-04:00,6.974258516484041,6.999711990356444,6.967894996301269,6.999711990356445,76900,0.0,0.0
2014-03-14 00:00:00-04:00,6.999708546340175,7.018798490637118,6.974255084991456,6.974255084991455,41500,0.0,0.0
2014-03-17 00:00:00-04:00,6.974255084991456,7.012435580443729,6.974255084991456,6.974255084991455,45200,0.0,0.0
2014-03-18 00:00:00-04:00,6.980617523193359,6.986980432403365,6.955164065778455,6.980617523193359,44500,0.0,0.0
2014-03-19 00:00:00-04:00,6.967892544199631,6.97425606214299,6.916985614369706,6.942439079284668,70700,0.0,0.0
2014-03-20 00:00:00-04:00,6.923348447147314,6.923348447147314,6.8660780050417705,6.891531467437744,79900,0.0,0.0
2014-03-21 00:00:00-04:00,6.8915283687075855,6.936071756157296,6.8915283687075855,6.910618305206299,60300,0.0,0.0
2014-03-24 00:00:00-04:00,6.92334709229525,6.980617523193359,6.92334709229525,6.980617523193359,64300,0.0,0.0
2014-03-25 00:00:00-04:00,6.974256392786618,6.999709858908308,6.961529356296523,6.986982822418213,94700,0.0,0.0
2014-03-26 00:00:00-04:00,6.99334215447786,7.018795605363221,6.9806157324642495,7.006069183349609,46100,0.0,0.0
2014-03-27 00:00:00-04:00,7.012435191801341,7.050615078279225,7.012435191801341,7.031525135040283,67400,0.0,0.0
2014-03-28 00:00:00-04:00,7.044251561580126,7.044251561580126,7.018798101642086,7.031525135040283,49100,0.0,0.0
2014-03-31 00:00:00-04:00,7.012436768684614,7.044253145617933,6.993346214294434,6.993346214294434,84100,0.0,0.0
2014-04-01 00:00:00-04:00,6.993342399413189,7.031522880507535,6.955162525177002,6.955162525177002,98100,0.0,0.0
2014-04-02 00:00:00-04:00,6.9488022458143766,6.980619227063656,6.916985264565098,6.936075210571289,219300,0.0,0.0
2014-04-03 00:00:00-04:00,6.961528674199023,6.961528674199023,6.936075210571289,6.936075210571289,82600,0.0,0.0
2014-04-04 00:00:00-04:00,6.955167296422096,6.974257246635896,6.936076739349721,6.9615302085876465,161600,0.0,0.0
2014-04-07 00:00:00-04:00,6.97425400712506,6.980617523193359,6.955164065778455,6.980617523193359,59400,0.0,0.0
2014-04-08 00:00:00-04:00,6.99334634066326,7.0124368953984035,6.961529356296523,6.986982822418213,122900,0.0,0.0
2014-04-09 00:00:00-04:00,6.986979247037372,7.006069792003491,6.967889308929443,6.967889308929443,91500,0.0,0.0
2014-04-10 00:00:00-04:00,6.982610076898235,7.0018104839265245,6.9698100090026855,6.9698100090026855,105500,0.063,0.0
2014-04-11 00:00:00-04:00,6.9698126912155685,7.008213520050049,6.9698126912155685,7.008213520050049,101500,0.0,0.0
2014-04-14 00:00:00-04:00,7.001810236527869,7.001810236527869,6.963409423828125,6.963409423828125,102300,0.0,0.0
2014-04-15 00:00:00-04:00,6.96341235985545,7.021014213562012,6.957012018250239,7.021014213562012,95700,0.0,0.0
2014-04-16 00:00:00-04:00,7.014613296435042,7.046614391465363,7.008212955354954,7.027413368225098,142400,0.0,0.0
2014-04-17 00:00:00-04:00,7.033814276063093,7.0466149592547,7.0018131784542454,7.008213520050049,72800,0.0,0.0
2014-04-21 00:00:00-04:00,7.033813488316459,7.0530145109534645,7.027413147437457,7.046614170074463,89500,0.0,0.0
2014-04-22 00:00:00-04:00,7.059412263991551,7.07861328125,7.040211857103032,7.07861328125,77100,0.0,0.0
2014-04-23 00:00:00-04:00,7.078614772018243,7.110615253448486,7.078614772018243,7.110615253448486,69400,0.0,0.0
2014-04-24 00:00:00-04:00,7.11701527672158,7.136215686798095,7.110614936572731,7.136215686798096,105000,0.0,0.0
2014-04-25 00:00:00-04:00,7.149015657812185,7.155415997326029,7.14261531829834,7.14261531829834,64400,0.0,0.0
2014-04-28 00:00:00-04:00,7.1426159553535085,7.168216705322266,7.1426159553535085,7.168216705322266,92800,0.0,0.0
2014-04-29 00:00:00-04:00,7.168215834186425,7.168215834186425,7.097813932920621,7.149015426635742,284700,0.0,0.0
2014-04-30 00:00:00-04:00,7.129815249640622,7.174616405497591,7.129815249640622,7.14261531829834,113500,0.0,0.0
2014-05-01 00:00:00-04:00,7.168218443851706,7.225820297844265,7.168218443851706,7.219419956207275,112400,0.0,0.0
2014-05-02 00:00:00-04:00,7.20661799290825,7.238619082328698,7.149016154025447,7.2322187423706055,198700,0.0,0.0
2014-05-05 00:00:00-04:00,7.213017055152067,7.251417867358271,7.193816038679059,7.2450175285339355,100000,0.0,0.0
2014-05-06 00:00:00-04:00,7.238616635898892,7.2706171041341525,7.232216298103918,7.264217376708984,112200,0.0,0.0
2014-05-07 00:00:00-04:00,7.277020773588086,7.277020773588086,7.225819268526172,7.251420021057129,233800,0.0,0.0
2014-05-08 00:00:00-04:00,7.272655892240428,7.279092018105352,7.240475876698552,7.246912002563477,48400,0.063,0.0
2014-05-09 00:00:00-04:00,7.240480220584022,7.285531901101504,7.234044090857778,7.272660255432129,68700,0.0,0.0
2014-05-12 00:00:00-04:00,7.285529613494873,7.291965741200217,7.272657971867106,7.285529613494873,36500,0.0,0.0
2014-05-13 00:00:00-04:00,7.285533979653697,7.285533979653697,7.253354549407958,7.253354549407959,71500,0.0,0.0
2014-05-14 00:00:00-04:00,7.272659340505231,7.291967113471862,7.259787082672119,7.259787082672119,84700,0.0,0.0
2014-05-15 00:00:00-04:00,7.285529613494873,7.298401868905561,7.272657971867106,7.285529613494873,98200,0.0,0.0
2014-05-16 00:00:00-04:00,7.279092891453378,7.317708423710537,7.279092891453378,7.291964530944824,99800,0.0,0.0
2014-05-19 00:00:00-04:00,7.27909644122203,7.3241481220865,7.27909644122203,7.298404216766357,82100,0.0,0.0
2014-05-20 00:00:00-04:00,7.3112717049876474,7.34988784790039,7.298400066538579,7.349887847900391,63200,0.0,0.0
2014-05-21 00:00:00-04:00,7.330583830669442,7.349891605104405,7.317711571857413,7.324147701263428,87200,0.0,0.0
2014-05-22 00:00:00-04:00,7.33701870895214,7.36919873940377,7.330583193888238,7.343454837799072,61200,0.0,0.0
2014-05-23 00:00:00-04:00,7.343454165913078,7.375634193420411,7.337018037655017,7.37563419342041,43400,0.0,0.0
2014-05-27 00:00:00-04:00,7.388506533301309,7.401378791032003,7.356327116540639,7.382071018218994,66700,0.0,0.0
2014-05-28 00:00:00-04:00,7.401377521788316,7.427121419051915,7.401377521788316,7.420685291290283,84700,0.0,0.0
2014-05-29 00:00:00-04:00,7.427122592926025,7.433558721704902,7.420686464147149,7.427122592926025,55400,0.0,0.0
2014-05-30 00:00:00-04:00,7.427125403689902,7.446433183550456,7.388509230185541,7.401381492614746,77200,0.0,0.0
2014-06-02 00:00:00-04:00,7.401381492614746,7.4206892724752995,7.388509230185541,7.401381492614746,93400,0.0,0.0
2014-06-03 00:00:00-04:00,7.401378609634496,7.401378609634496,7.362762451171876,7.362762451171875,51500,0.0,0.0
2014-06-04 00:00:00-04:00,7.369197432315582,7.369197432315582,7.27909409957245,7.285529613494873,138000,0.0,0.0
2014-06-05 00:00:00-04:00,7.291967668016436,7.324147701263428,7.272659893581474,7.324147701263428,61300,0.0,0.0
2014-06-06 00:00:00-04:00,7.34345765527513,7.362765435440743,7.33058600642581,7.356329917907715,62200,0.0,0.0
2014-06-09 00:00:00-04:00,7.356326936247286,7.39494248092689,7.34989080753968,7.362762451171875,104200,0.0,0.0
2014-06-10 00:00:00-04:00,7.375636359793257,7.375636359793257,7.343456322834,7.369200229644775,60600,0.0,0.0
2014-06-11 00:00:00-04:00,7.378908592129054,7.378908592129054,7.346545450699973,7.365963459014893,62900,0.065,0.0
2014-06-12 00:00:00-04:00,7.391853332519531,7.398326206835846,7.359489578225228,7.391853332519531,90400,0.0,0.0
2014-06-13 00:00:00-04:00,7.3918543425305705,7.398327217731329,7.353017708613376,7.365963459014893,53400,0.0,0.0
2014-06-16 00:00:00-04:00,7.346546461601695,7.372437348680018,7.320655574523371,7.340073585510254,66600,0.0,0.0
2014-06-17 00:00:00-04:00,7.301234486990304,7.32712536534786,7.281816482543945,7.281816482543945,105700,0.0,0.0
2014-06-18 00:00:00-04:00,7.307704883137116,7.3335957527160645,7.301232011420623,7.3335957527160645,95900,0.0,0.0
2014-06-19 00:00:00-04:00,7.34006890906561,7.346541781033107,7.314178038482666,7.327123165130615,44400,0.0,0.0
2014-06-20 00:00:00-04:00,7.346541496149049,7.346541496149049,7.307704883137116,7.3335957527160645,129700,0.0,0.0
2014-06-23 00:00:00-04:00,7.353017995975719,7.359490871429443,7.346545737809374,7.359490871429443,49000,0.0,0.0
2014-06-24 00:00:00-04:00,7.378905341255844,7.378905341255844,7.346542214084761,7.3530144691467285,65800,0.0,0.0
2014-06-25 00:00:00-04:00,7.365965553744621,7.404801581418631,7.365965553744621,7.372438430786133,93200,0.0,0.0
2014-06-26 00:00:00-04:00,7.3918543425305705,7.3918543425305705,7.353017708613376,7.365963459014893,88300,0.0,0.0
2014-06-27 00:00:00-04:00,7.359490583814135,7.398327217731329,7.359490583814135,7.365963459014893,98900,0.0,0.0
2014-06-30 00:00:00-04:00,7.385374044460708,7.41773777064911,7.346538066864015,7.346538066864014,87100,0.0,0.0
2014-07-01 00:00:00-04:00,7.372439999716423,7.391858017685781,7.314185328520691,7.320658206939697,82300,0.0,0.0
2014-07-02 00:00:00-04:00,7.327122137410707,7.327122137410707,7.230031540664592,7.242976665496826,124900,0.0,0.0
2014-07-03 00:00:00-04:00,7.230033684014373,7.230033684014373,7.178251934760772,7.184724807739258,123500,0.0,0.0
2014-07-07 00:00:00-04:00,7.223562907003715,7.2688717964255245,7.210617774577765,7.230035781860352,129800,0.0,0.0
2014-07-08 00:00:00-04:00,7.275341894845041,7.28828763961792,7.249451022586368,7.28828763961792,116500,0.0,0.0
2014-07-09 00:00:00-04:00,7.275347297123494,7.275347297123494,7.217092636962956,7.249456405639648,115900,0.0,0.0
2014-07-10 00:00:00-04:00,7.265727221551032,7.285258572757868,7.233174555612664,7.252706527709961,123500,0.065,0.0
2014-07-11 00:00:00-04:00,7.259216564185266,7.278748536282563,7.252706527709961,7.252706527709961,57300,0.0,0.0
2014-07-14 00:00:00-04:00,7.2592201232910165,7.278752104964601,7.252710083623919,7.259220123291016,102800,0.0,0.0
2014-07-15 00:00:00-04:00,7.246201038360595,7.278753727515657,7.239690376351402,7.246201038360596,90800,0.0,0.0
2014-07-16 00:00:00-04:00,7.239688762508195,7.29177280518956,7.239688762508195,7.259220123291016,121800,0.0,0.0
2014-07-17 00:00:00-04:00,7.278750821305413,7.317813535982068,7.272240161895751,7.272240161895752,90800,0.0,0.0
2014-07-18 00:00:00-04:00,7.291772404576195,7.337346405086606,7.285261744376031,7.324325084686279,75900,0.0,0.0
2014-07-21 00:00:00-04:00,7.330831806115536,7.382915817951244,7.330831806115536,7.369894504547119,41800,0.0,0.0
2014-07-22 00:00:00-04:00,7.382914622062498,7.389425277709961,7.3438513090680155,7.389425277709961,48700,0.0,0.0
2014-07-23 00:00:00-04:00,7.408964705750208,7.421985410358331,7.395943380251111,7.415475368499756,109600,0.0,0.0
2014-07-24 00:00:00-04:00,7.415468480571161,7.415468480571161,7.369894504547119,7.369894504547119,31800,0.0,0.0
2014-07-25 00:00:00-04:00,7.3829211056677355,7.421983832076405,7.3829211056677355,7.40245246887207,58600,0.0,0.0
2014-07-28 00:00:00-04:00,7.441513973957285,7.441513973957285,7.382919277959088,7.408961296081543,47000,0.0,0.0
2014-07-29 00:00:00-04:00,7.4545307757958845,7.4545307757958845,7.376404762268066,7.376404762268066,91500,0.0,0.0
2014-07-30 00:00:00-04:00,7.376411979278529,7.402454009267073,7.2917752265930185,7.291775226593018,120000,0.0,0.0
2014-07-31 00:00:00-04:00,7.278752104964601,7.317814826530244,7.226668062283236,7.259220123291016,115700,0.0,0.0
2014-08-01 00:00:00-04:00,7.311304165972381,7.311304165972381,7.246199423066057,7.259220123291016,127200,0.0,0.0
2014-08-04 00:00:00-04:00,7.252707806132,7.278749819294982,7.239686489105225,7.239686489105225,94800,0.0,0.0
2014-08-05 00:00:00-04:00,7.233175830591836,7.2592178437548185,7.233175830591836,7.239686489105225,88900,0.0,0.0
2014-08-06 00:00:00-04:00,7.23969116661593,7.304796552032776,7.23969116661593,7.291775226593018,118400,0.0,0.0
2014-08-07 00:00:00-04:00,7.308141555235267,7.334335586366344,7.268850820796133,7.327786922454834,179800,0.065,0.0
2014-08-08 00:00:00-04:00,7.360532659954457,7.3867267019127745,7.334338617996141,7.34743595123291,80800,0.0,0.0
2014-08-11 00:00:00-04:00,7.380179931318465,7.38672797454977,7.360533928078561,7.367082595825195,43300,0.0,0.0
2014-08-12 00:00:00-04:00,7.386726755661327,7.386726755661327,7.353984046846377,7.373630046844482,61700,0.0,0.0
2014-08-13 00:00:00-04:00,7.380178713510518,7.393275422327362,7.367081380178448,7.373630046844482,74500,0.0,0.0
2014-08-14 00:00:00-04:00,7.3736308370115085,7.419470259555509,7.3736308370115085,7.393276214599609,91000,0.0,0.0
2014-08-15 00:00:00-04:00,7.406369315942375,7.439111385035801,7.3998206523177155,7.419466018676758,53000,0.0,0.0
2014-08-18 00:00:00-04:00,7.419465977724095,7.445660007563217,7.412917314135582,7.432563304901123,66800,0.0,0.0
2014-08-19 00:00:00-04:00,7.439111343974703,7.439111343974703,7.419465977724095,7.432563304901123,94300,0.0,0.0
2014-08-20 00:00:00-04:00,7.432564561745142,7.439112601925994,7.412918567657471,7.412918567657471,80000,0.0,0.0
2014-08-21 00:00:00-04:00,7.419470259555509,7.445664304511408,7.393276214599609,7.393276214599609,99800,0.0,0.0
2014-08-22 00:00:00-04:00,7.406373977789675,7.419470688767615,7.367082595825195,7.367082595825195,92300,0.0,0.0
2014-08-25 00:00:00-04:00,7.367081589432234,7.373630256284277,7.3408875465393075,7.340887546539307,92400,0.0,0.0
2014-08-26 00:00:00-04:00,7.3605303951648855,7.399821758270264,7.3605303951648855,7.399821758270264,98900,0.0,0.0
2014-08-27 00:00:00-04:00,7.426015897049251,7.432564561745142,7.406370527476619,7.412918567657471,82000,0.0,0.0
2014-08-28 00:00:00-04:00,7.432564561745142,7.445661266621884,7.412918567657471,7.412918567657471,149300,0.0,0.0
2014-08-29 00:00:00-04:00,7.432563345926077,7.45875737590978,7.419466018676758,7.419466018676758,126500,0.0,0.0
2014-09-02 00:00:00-04:00,7.4194672323533615,7.426015897049251,7.399821862780728,7.412918567657471,82500,0.0,0.0
2014-09-03 00:00:00-04:00,7.393274738192388,7.452211483702554,7.3867260721323325,7.4063720703125,123300,0.0,0.0
2014-09-04 00:00:00-04:00,7.406372755659432,7.426018131142311,7.373630046844482,7.373630046844482,90700,0.0,0.0
2014-09-05 00:00:00-04:00,7.39982531004304,7.42601935651425,7.360533928078561,7.367082595825195,176700,0.0,0.0
2014-09-08 00:00:00-04:00,7.367081589432234,7.3998242991772045,7.3408875465393075,7.340887546539307,138600,0.0,0.0
2014-09-09 00:00:00-04:00,7.34743721710062,7.380179931318465,7.34743721710062,7.367082595825195,107400,0.0,0.0
2014-09-10 00:00:00-04:00,7.380176388975089,7.406370422873665,7.373627724371688,7.399821758270264,156900,0.0,0.0
2014-09-11 00:00:00-04:00,7.416286465532224,7.422873016207272,7.3833543402850275,7.39652681350708,121600,0.065,0.0
2014-09-12 00:00:00-04:00,7.376767322908333,7.389940423425014,7.330662727355957,7.330662727355957,133200,0.0,0.0
2014-09-15 00:00:00-04:00,7.343836480484645,7.363596134705684,7.304318428298797,7.3109049797058105,103900,0.0,0.0
2014-09-16 00:00:00-04:00,7.324078083344701,7.324078083344701,7.304319055554977,7.31749153137207,78500,0.0,0.0
2014-09-17 00:00:00-04:00,7.34383487871001,7.350421428680421,7.337248956867576,7.35042142868042,99000,0.0,0.0
2014-09-18 00:00:00-04:00,7.370183466865155,7.3833565721973455,7.34383788432901,7.37677001953125,94800,0.0,0.0
2014-09-19 00:00:00-04:00,7.396532865496776,7.396532865496776,7.370187269368139,7.389946937561035,73800,0.0,0.0
2014-09-22 00:00:00-04:00,7.4031125721877515,7.4096991221581625,7.350421428680421,7.35042142868042,120700,0.0,0.0
2014-09-23 00:00:00-04:00,7.442633657086651,7.442633657086651,7.3372513359027565,7.3635969161987305,113700,0.0,0.0
2014-09-24 00:00:00-04:00,7.34383487871001,7.4096991221581625,7.34383487871001,7.35042142868042,153100,0.0,0.0
2014-09-25 00:00:00-04:00,7.376767789609979,7.409699914857176,7.370181238934931,7.39652681350708,103000,0.0,0.0
2014-09-26 00:00:00-04:00,7.3899446974620435,7.416290285604596,7.3899446974620435,7.409703731536865,83200,0.0,0.0
2014-09-29 00:00:00-04:00,7.416286621502142,7.429459095001221,7.4031135198750055,7.429459095001221,121800,0.0,0.0
2014-09-30 00:00:00-04:00,7.44922237396552,7.495326995849609,7.436049265925286,7.495326995849609,168500,0.0,0.0
2014-10-01 00:00:00-04:00,7.521669387817383,7.541428413353689,7.49532381105961,7.521669387817383,93600,0.0,0.0
2014-10-02 00:00:00-04:00,7.521672103348573,7.54801768961783,7.4887399634799205,7.501913070678711,66800,0.0,0.0
2014-10-03 00:00:00-04:00,7.501913070678711,7.515085549749178,7.482153409880526,7.501913070678711,78600,0.0,0.0
2014-10-06 00:00:00-04:00,7.521668742782641,7.580946442436185,7.521668742782641,7.561186790466309,87300,0.0,0.0
2014-10-07 00:00:00-04:00,7.567775870458935,7.60729455947876,7.5546033928711624,7.60729455947876,68600,0.0,0.0
2014-10-08 00:00:00-04:00,7.607290900025641,7.627049920966438,7.567772230016096,7.6204633712768555,114900,0.0,0.0
2014-10-09 00:00:00-04:00,7.627054881720689,7.633641435694268,7.5809502601623535,7.5809502601623535,60400,0.0,0.0
2014-10-10 00:00:00-04:00,7.587532361212587,7.600704833300809,7.541427138583837,7.554600238800049,63300,0.0,0.0
2014-10-13 00:00:00-04:00,7.561187113828696,7.567773664767003,7.541428089141847,7.541428089141846,81600,0.0,0.0
2014-10-14 00:00:00-04:00,7.591106377335748,7.597730530999538,7.518242582176249,7.524866104125977,142900,0.065,0.0
2014-10-15 00:00:00-04:00,7.551369713779901,7.591114044189453,7.531497864432477,7.591114044189453,129600,0.0,0.0
2014-10-16 00:00:00-04:00,7.5646146444503115,7.683846950531007,7.5646146444503115,7.683846950531006,118600,0.0,0.0
2014-10-17 00:00:00-04:00,7.683844730911221,7.723588400314484,7.683844730911221,7.716964244842529,63200,0.0,0.0
2014-10-20 00:00:00-04:00,7.7302152024061,7.7302152024061,7.697095045421098,7.710343360900879,40100,0.0,0.0
2014-10-21 00:00:00-04:00,7.723589546237597,7.723589546237597,7.677221714482938,7.7037177085876465,52200,0.0,0.0
2014-10-22 00:00:00-04:00,7.71034336090088,7.7302152024061,7.670599046175986,7.710343360900879,97900,0.0,0.0
2014-10-23 00:00:00-04:00,7.716966215598572,7.716966215598572,7.683846693209213,7.690470218658447,122500,0.0,0.0
2014-10-24 00:00:00-04:00,7.697095045421098,7.716966886926318,7.690470887681207,7.710343360900879,42800,0.0,0.0
2014-10-27 00:00:00-04:00,7.697095045421098,7.71034336090088,7.683847361655768,7.710343360900879,67500,0.0,0.0
2014-10-28 00:00:00-04:00,7.710341925875713,7.710341925875713,7.677221775054932,7.677221775054932,51400,0.0,0.0
2014-10-29 00:00:00-04:00,7.697092410140897,7.750084390488072,7.697092410140897,7.716964244842529,142000,0.0,0.0
2014-10-30 00:00:00-04:00,7.7302173215956245,7.769961015501544,7.7302173215956245,7.750089168548584,121600,0.0,0.0
2014-10-31 00:00:00-04:00,7.763335359391102,7.763335359391102,7.683847361655768,7.710343360900879,90000,0.0,0.0
2014-11-03 00:00:00-05:00,7.723591044666209,7.7302152024061,7.71034336090088,7.710343360900879,62600,0.0,0.0
2014-11-04 00:00:00-05:00,7.71034336090088,7.716966886926318,7.677223203915877,7.710343360900879,71400,0.0,0.0
2014-11-05 00:00:00-05:00,7.71034336090088,7.716966886926318,7.690470887681207,7.710343360900879,114700,0.0,0.0
2014-11-06 00:00:00-05:00,7.72359323501587,7.73021739463432,7.697097228256701,7.723593235015869,88800,0.0,0.0
2014-11-07 00:00:00-05:00,7.730214529925834,7.730214529925834,7.683846693209213,7.690470218658447,114200,0.0,0.0
2014-11-10 00:00:00-05:00,7.703716565612853,7.716964244842528,7.683844730911221,7.716964244842529,64000,0.0,0.0
2014-11-11 00:00:00-05:00,7.7368378591471165,7.7368378591471165,7.683845870937697,7.7037177085876465,123200,0.0,0.0
2014-11-12 00:00:00-05:00,7.720370018692513,7.727031404906745,7.693725109100342,7.693725109100342,43300,0.065,0.0
2014-11-13 00:00:00-05:00,7.693726752964697,7.733693808260056,7.693726752964697,7.7070488929748535,46600,0.0,0.0
2014-11-14 00:00:00-05:00,7.707047144357649,7.78032112121582,7.680402235117789,7.78032112121582,148700,0.0,0.0
2014-11-17 00:00:00-05:00,7.766997804859047,7.766997804859047,7.587144838905493,7.620450496673584,308600,0.0,0.0
2014-11-18 00:00:00-05:00,7.647097737077001,7.647097737077001,7.567162990570068,7.567162990570068,179500,0.0,0.0
2014-11-19 00:00:00-05:00,7.560498175634502,7.587143076819616,7.547175407409668,7.547175407409668,131400,0.0,0.0
2014-11-20 00:00:00-05:00,7.567162243039842,7.593807155910007,7.540517330169678,7.540517330169678,120000,0.0,0.0
2014-11-21 00:00:00-05:00,7.553838453342073,7.58714474596688,7.527193546295166,7.527193546295166,131000,0.0,0.0
2014-11-24 00:00:00-05:00,7.553839352730697,7.553839352730697,7.500549532291996,7.513871669769287,135800,0.0,0.0
2014-11-25 00:00:00-05:00,7.527194442511346,7.540516579988637,7.500549532291996,7.513871669769287,146300,0.0,0.0
2014-11-26 00:00:00-05:00,7.507208373264275,7.553836791522085,7.507208373264275,7.547175407409668,106200,0.0,0.0
2014-11-28 00:00:00-05:00,7.56050416949691,7.580487702412273,7.507214324879236,7.573826313018799,76200,0.0,0.0
2014-12-01 00:00:00-05:00,7.593806266784668,7.613790425546059,7.567161357034238,7.593806266784668,177000,0.0,0.0
2014-12-02 00:00:00-05:00,7.600467249465651,7.647095680236816,7.593805863565563,7.647095680236816,149500,0.0,0.0
2014-12-03 00:00:00-05:00,7.633775616150156,7.7270331382751465,7.633775616150156,7.7270331382751465,287100,0.0,0.0
2014-12-04 00:00:00-05:00,7.720371012014796,7.760338063912937,7.713709624943494,7.740354537963867,210800,0.0,0.0
2014-12-05 00:00:00-05:00,7.713710280612376,7.727033055887422,7.6737432253170175,7.7070488929748535,157200,0.0,0.0
2014-12-08 00:00:00-05:00,7.7203710399471905,7.747015953063965,7.693726126830416,7.747015953063965,83400,0.0,0.0
2014-12-09 00:00:00-05:00,7.733693150892565,7.753677312106471,7.713709624943494,7.740354537963867,76500,0.0,0.0
2014-12-10 00:00:00-05:00,7.747021628861312,7.780327953475118,7.733698844909668,7.733698844909668,111000,0.0,0.0
2014-12-11 00:00:00-05:00,7.753677700335121,7.760338452475093,7.67374295727165,7.680403709411621,95600,0.0,0.0
2014-12-12 00:00:00-05:00,7.697154095836135,7.717251564303612,7.677057266235352,7.677057266235352,85400,0.065,0.0
2014-12-15 00:00:00-05:00,7.690449442820648,7.7239445607919635,7.636857509613037,7.636857509613037,189400,0.0,0.0
2014-12-16 00:00:00-05:00,7.636862968167092,7.677057266235352,7.623465294722134,7.677057266235352,107900,0.0,0.0
2014-12-17 00:00:00-05:00,7.677053954344092,7.7038499285408815,7.650257980147302,7.690451622009277,114400,0.0,0.0
2014-12-18 00:00:00-05:00,7.697151479731885,7.73064661026001,7.67035550308268,7.73064661026001,125500,0.0,0.0
2014-12-19 00:00:00-05:00,7.737345832901326,7.737345832901326,7.71724900995244,7.723947525024414,59400,0.0,0.0
2014-12-22 00:00:00-05:00,7.730645532786248,7.737344685731461,7.663655281066895,7.6636552810668945,87900,0.0,0.0
2014-12-23 00:00:00-05:00,7.670356495457399,7.750744435805436,7.670356495457399,7.710550785064697,108900,0.0,0.0
2014-12-24 00:00:00-05:00,7.710550785064697,7.723948455689424,7.697152475573411,7.710550785064697,49600,0.0,0.0
2014-12-26 00:00:00-05:00,7.7172499398103405,7.730647610435067,7.703851630319054,7.710550785064697,38500,0.0,0.0
2014-12-29 00:00:00-05:00,7.703850608911092,7.730646585474385,7.703850608911092,7.717248916625977,83300,0.0,0.0
2014-12-30 00:00:00-05:00,7.703850608911092,7.744044893189269,7.703850608911092,7.717248916625977,90100,0.0,0.0
2014-12-31 00:00:00-05:00,7.744043718662917,7.777538205137123,7.744043718662917,7.770839691162109,76500,0.0,0.0
2015-01-02 00:00:00-05:00,7.770838528716716,7.824430465698242,7.764139376877455,7.824430465698242,110700,0.0,0.0
2015-01-05 00:00:00-05:00,7.824431037471363,7.844527855591447,7.777537610036061,7.831129550933838,131900,0.0,0.0
2015-01-06 00:00:00-05:00,7.824435015169809,7.898123811648753,7.824435015169809,7.891424655914307,141200,0.0,0.0
2015-01-07 00:00:00-05:00,7.891418802808297,7.9450107312011475,7.891418802808297,7.9048171043396,145500,0.0,0.0
2015-01-08 00:00:00-05:00,7.904821331409983,7.92491815558745,7.804335932789604,7.817734241485596,328700,0.0,0.0
2015-01-09 00:00:00-05:00,7.817735859435363,7.891424655914307,7.817735859435363,7.891424655914307,125600,0.0,0.0
2015-01-12 00:00:00-05:00,7.894786358150166,7.93520299248684,7.894786358150166,7.921730995178223,127700,0.065,0.0
2015-01-13 00:00:00-05:00,7.9352048968726745,7.982358504796377,7.914996574854502,7.9486775398254395,136100,0.0,0.0
2015-01-14 00:00:00-05:00,7.9890965350171,8.002569181934804,7.955416202545166,7.955416202545166,169700,0.0,0.0
2015-01-15 00:00:00-05:00,8.002572533394527,8.049725532531738,8.002572533394527,8.049725532531738,127300,0.0,0.0
2015-01-16 00:00:00-05:00,8.049716980403256,8.076661614485522,7.962146759033203,7.962146759033203,335200,0.0,0.0
2015-01-20 00:00:00-05:00,7.948674763197445,7.975619397279711,7.935202124950937,7.962146759033203,302700,0.0,0.0
2015-01-21 00:00:00-05:00,7.948679879086313,7.968888207051707,7.9284715511209205,7.955416202545166,258500,0.0,0.0
2015-01-22 00:00:00-05:00,7.96888783767468,7.989096164703369,7.935206864352777,7.989096164703369,212100,0.0,0.0
2015-01-23 00:00:00-05:00,8.00930508945535,8.00930508945535,7.968887793212346,7.995832443237305,155000,0.0,0.0
2015-01-26 00:00:00-05:00,8.002571654356139,8.016043663024902,7.955418660398426,8.016043663024902,95000,0.0,0.0
2015-01-27 00:00:00-05:00,7.995834739980999,8.0564603805542,7.995834739980999,8.0564603805542,156100,0.0,0.0
2015-01-28 00:00:00-05:00,8.036252073747264,8.103613397170344,8.036252073747264,8.076668739318848,116900,0.0,0.0
2015-01-29 00:00:00-05:00,8.11034870147705,8.123821349912806,8.056459392556505,8.11034870147705,179300,0.0,0.0
2015-01-30 00:00:00-05:00,8.117084442747078,8.170973747797435,8.117084442747078,8.150765419006348,170700,0.0,0.0
2015-02-02 00:00:00-05:00,8.197920275677056,8.204656600952148,8.164239291712931,8.204656600952148,125900,0.0,0.0
2015-02-03 00:00:00-05:00,8.18444864861751,8.218129636793547,8.157503986558964,8.170976638793945,234100,0.0,0.0
2015-02-04 00:00:00-05:00,8.150765879095957,8.17771053314209,8.103612252706801,8.17771053314209,191600,0.0,0.0
2015-02-05 00:00:00-05:00,8.170976638793945,8.218129636793547,8.130559324500418,8.170976638793945,218700,0.0,0.0
2015-02-06 00:00:00-05:00,8.144029651442958,8.191182635979386,8.090140342712402,8.090140342712402,163200,0.0,0.0
2015-02-09 00:00:00-05:00,8.096877688406773,8.1170860211274,8.0564603805542,8.0564603805542,161800,0.0,0.0
2015-02-10 00:00:00-05:00,8.04972178820057,8.063194434493784,7.982360483967896,7.989096164703369,189300,0.0,0.0
2015-02-11 00:00:00-05:00,8.012802277925614,8.019575723173366,7.938296318054199,7.938296318054199,92200,0.065,0.0
2015-02-12 00:00:00-05:00,7.945071001326928,7.972164788742561,7.931524753570557,7.931524753570557,132300,0.0,0.0
2015-02-13 00:00:00-05:00,7.972162818042315,7.972162818042315,7.917975902557374,7.917975902557373,77000,0.0,0.0
2015-02-17 00:00:00-05:00,7.924751368161314,7.931524815067741,7.789285659790039,7.789285659790039,140200,0.0,0.0
2015-02-18 00:00:00-05:00,7.796058310610776,7.904430866241455,7.768965171703106,7.904430866241455,122500,0.0,0.0
2015-02-19 00:00:00-05:00,7.904433489650087,7.965393233912168,7.89088659272447,7.924753189086914,103600,0.0,0.0
2015-02-20 00:00:00-05:00,7.924751306716648,7.9789375896450245,7.87733847064218,7.931524753570557,100300,0.0,0.0
2015-02-23 00:00:00-05:00,7.93152087947485,7.951840564160122,7.884108066558838,7.884108066558838,110500,0.0,0.0
2015-02-24 00:00:00-05:00,7.897659330999348,7.945072174072266,7.897659330999348,7.945072174072266,95600,0.0,0.0
2015-02-25 00:00:00-05:00,7.958617662048685,7.978937356064112,7.911204827362212,7.951844215393066,95100,0.0,0.0
2015-02-26 00:00:00-05:00,7.945072888523741,7.945072888523741,7.904433489650087,7.924753189086914,158200,0.0,0.0
2015-02-27 00:00:00-05:00,7.924750421073337,7.9924835901399,7.8976572826369855,7.985710144042969,93500,0.0,0.0
2015-03-02 00:00:00-05:00,7.965384990553845,8.006024347369925,7.951838107647866,7.972158432006836,79600,0.0,0.0
2015-03-03 00:00:00-05:00,7.958617895034744,7.9789375896450245,7.924751306716648,7.931524753570557,89300,0.0,0.0
2015-03-04 00:00:00-05:00,7.951840457451208,7.972160787814923,7.9315207730386135,7.965387344360352,77800,0.0,0.0
2015-03-05 00:00:00-05:00,7.9789387673892955,7.9789387673892955,7.938299372170092,7.945072174072266,79900,0.0,0.0
2015-03-06 00:00:00-05:00,7.911205955253125,7.911205955253125,7.857019666185764,7.8773393630981445,132100,0.0,0.0
2015-03-09 00:00:00-04:00,7.877338628223865,7.890884876251221,7.86379173424505,7.890884876251221,88500,0.0,0.0
2015-03-10 00:00:00-04:00,7.890884718398552,7.931524753570557,7.836698435470176,7.931524753570557,85100,0.0,0.0
2015-03-11 00:00:00-04:00,7.9076811425801345,7.928114895471307,7.866814935911077,7.8872480392456055,65600,0.065,0.0
2015-03-12 00:00:00-04:00,7.914493397675389,7.914493397675389,7.873627185821533,7.873627185821533,21600,0.0,0.0
2015-03-13 00:00:00-04:00,7.866816997528077,7.880438853468692,7.860005744779362,7.866816997528076,20700,0.0,0.0
2015-03-16 00:00:00-04:00,7.866816997528077,7.873628250276791,7.8327613833413166,7.866816997528076,81800,0.0,0.0
2015-03-17 00:00:00-04:00,7.846382736860281,7.846382736860281,7.798704624176025,7.798704624176025,91100,0.0,0.0
2015-03-18 00:00:00-04:00,7.805522769387511,7.900878429412842,7.7987115116234245,7.900878429412842,89300,0.0,0.0
2015-03-19 00:00:00-04:00,7.900873252595021,7.900873252595021,7.825950765395441,7.846384525299072,87700,0.0,0.0
2015-03-20 00:00:00-04:00,7.853192433983629,7.900870541173054,7.853192433983629,7.8872480392456055,52300,0.0,0.0
2015-03-23 00:00:00-04:00,7.894064146397891,7.928119772609856,7.88725289124409,7.921308517456055,54700,0.0,0.0
2015-03-24 00:00:00-04:00,7.907684891440897,7.9417405128479,7.894063032612266,7.9417405128479,45500,0.0,0.0
2015-03-25 00:00:00-04:00,7.941739131697687,7.941739131697687,7.914494769221549,7.928117275238037,48700,0.0,0.0
2015-03-26 00:00:00-04:00,7.928119772609856,7.928119772609856,7.88725289124409,7.921308517456055,41000,0.0,0.0
2015-03-27 00:00:00-04:00,7.921309415933135,7.9485537900815,7.914498160006765,7.93493127822876,54800,0.0,0.0
2015-03-30 00:00:00-04:00,7.934927145207289,7.955360902343182,7.907682785249543,7.914494037628174,135100,0.0,0.0
2015-03-31 00:00:00-04:00,7.948550633389344,8.037094976596254,7.921306270060821,8.003039360046387,173900,0.0,0.0
2015-04-01 00:00:00-04:00,8.030281699623254,8.071148559095404,7.982604238202993,8.009848594665527,101500,0.0,0.0
2015-04-02 00:00:00-04:00,8.00304106866903,8.009852323344555,7.962174190172874,7.975796699523926,59000,0.0,0.0
2015-04-06 00:00:00-04:00,8.003039908368814,8.016662415744841,7.948551177978515,7.948551177978516,85300,0.0,0.0
2015-04-07 00:00:00-04:00,7.948551491568562,7.989417716195109,7.948551491568562,7.968984603881836,97100,0.0,0.0
2015-04-08 00:00:00-04:00,7.968983904262714,8.003039521499618,7.962172650903959,7.982606410980225,56500,0.0,0.0
2015-04-09 00:00:00-04:00,7.9586358070373535,7.9860321178651414,7.938088737211406,7.9586358070373535,137800,0.065,0.0
2015-04-10 00:00:00-04:00,7.958636601980365,7.986032915544615,7.938089530102087,7.979183673858643,74100,0.0,0.0
2015-04-13 00:00:00-04:00,7.9586354860504676,7.965484726776064,7.938088417053222,7.938088417053223,88700,0.0,0.0
2015-04-14 00:00:00-04:00,7.958634748267296,7.98603105545044,7.958634748267296,7.9860310554504395,55500,0.0,0.0
2015-04-15 00:00:00-04:00,7.992880762979316,8.02712631225586,7.992880762979316,8.02712631225586,95400,0.0,0.0
2015-04-16 00:00:00-04:00,8.01342672717038,8.047672271728516,8.006577487622865,8.047672271728516,42800,0.0,0.0
2015-04-17 00:00:00-04:00,8.04082202911377,8.04082202911377,8.006576488827658,8.04082202911377,53400,0.0,0.0
2015-04-20 00:00:00-04:00,8.040823032181,8.047672271728516,8.027125206265408,8.047672271728516,37100,0.0,0.0
2015-04-21 00:00:00-04:00,8.047674973537156,8.068222045898438,8.020278659328897,8.068222045898438,37500,0.0,0.0
2015-04-22 00:00:00-04:00,8.047676156487036,8.047676156487036,7.9791850343088635,8.01343059539795,80800,0.0,0.0
2015-04-23 00:00:00-04:00,7.999729260648158,8.006577847323914,7.972332954406738,7.972332954406738,69400,0.0,0.0
2015-04-24 00:00:00-04:00,7.972332954406738,7.986030780937716,7.9586344746962965,7.972332954406738,56000,0.0,0.0
2015-04-27 00:00:00-04:00,7.98603105545044,8.020276602724241,7.944936921265468,7.9860310554504395,97400,0.0,0.0
2015-04-28 00:00:00-04:00,7.931238760937475,8.00657844543457,7.931238760937475,8.00657844543457,105100,0.0,0.0
2015-04-29 00:00:00-04:00,7.965484309592341,8.00657844543457,7.9449372416712265,8.00657844543457,66700,0.0,0.0
2015-04-30 00:00:00-04:00,7.97918213714658,8.00657844543457,7.95178582885859,8.00657844543457,72000,0.0,0.0
2015-05-01 00:00:00-04:00,7.972332481113507,7.992879546279889,7.931237697601318,7.931237697601318,55200,0.0,0.0
2015-05-04 00:00:00-04:00,7.931242061011856,7.958638380699056,7.89699649810791,7.89699649810791,98300,0.0,0.0
2015-05-05 00:00:00-04:00,7.910690784454346,7.924388610435356,7.876445239732663,7.910690784454346,97000,0.0,0.0
2015-05-06 00:00:00-04:00,7.903840996285342,7.903840996285342,7.80110502243042,7.80110502243042,107400,0.0,0.0
2015-05-07 00:00:00-04:00,7.8148038676901415,7.883294961321256,7.807954627691134,7.869596481323242,75600,0.0,0.0
2015-05-08 00:00:00-04:00,7.87644396385442,7.8969910260873055,7.87644396385442,7.890142440795898,55000,0.0,0.0
2015-05-11 00:00:00-04:00,7.907363884976484,7.907363884976484,7.790269374847412,7.790269374847412,169100,0.065,0.0
2015-05-12 00:00:00-04:00,7.769603144833531,7.804043007277884,7.755827593987233,7.797154903411865,79300,0.0,0.0
2015-05-13 00:00:00-04:00,7.797158449720347,7.810934663718091,7.783382892608642,7.783382892608643,81000,0.0,0.0
2015-05-14 00:00:00-04:00,7.810929097452087,7.921136103353576,7.804040995361851,7.866032600402832,67300,0.0,0.0
2015-05-15 00:00:00-04:00,7.866035715492178,7.934915449900987,7.852259505856083,7.921139240264893,101100,0.0,0.0
2015-05-18 00:00:00-04:00,7.914252604331628,7.914252604331628,7.824709195735257,7.872925281524658,89500,0.0,0.0
2015-05-19 00:00:00-04:00,7.838482093509846,7.852257642992008,7.817818440843766,7.831593990325928,72300,0.0,0.0
2015-05-20 00:00:00-04:00,7.852261183709349,7.852261183709349,7.804045753452117,7.824709415435791,53100,0.0,0.0
2015-05-21 00:00:00-04:00,7.852261991939244,7.852261991939244,7.776494785609771,7.783382892608643,94200,0.0,0.0
2015-05-22 00:00:00-04:00,7.776494979858398,7.7833830870293275,7.748943208060735,7.776494979858398,77300,0.0,0.0
2015-05-26 00:00:00-04:00,7.783379471525939,7.783379471525939,7.742051504583915,7.762715816497803,70400,0.0,0.0
2015-05-27 00:00:00-04:00,7.769603647045288,7.769603647045288,7.7420518866860615,7.7489399909973145,186400,0.0,0.0
2015-05-28 00:00:00-04:00,7.748939608555211,7.762715816497802,7.7351634006126195,7.762715816497803,74500,0.0,0.0
2015-05-29 00:00:00-04:00,7.783379855667792,7.783379855667792,7.7420518866860615,7.7489399909973145,123800,0.0,0.0
2015-06-01 00:00:00-04:00,7.748942091774355,7.7902700719603075,7.735165879417051,7.742053985595703,158200,0.0,0.0
2015-06-02 00:00:00-04:00,7.7420518866860615,7.762716199619818,7.73516378237481,7.7489399909973145,78300,0.0,0.0
2015-06-03 00:00:00-04:00,7.735165233698841,7.735165233698841,7.680061702641492,7.707613468170166,208900,0.0,0.0
2015-06-04 00:00:00-04:00,7.707615423955322,7.721391638658287,7.65939998626709,7.65939998626709,166300,0.0,0.0
2015-06-05 00:00:00-04:00,7.631847784183529,7.659399555152617,7.576744242245355,7.611184120178223,203500,0.0,0.0
2015-06-08 00:00:00-04:00,7.631846179429885,7.666286050121057,7.576742649078368,7.576742649078369,150100,0.0,0.0
2015-06-09 00:00:00-04:00,7.5802039244050405,7.5802039244050405,7.503986386817269,7.538630962371826,225800,0.065,0.0
2015-06-10 00:00:00-04:00,7.517845607661432,7.5663476242300804,7.483201026916504,7.483201026916504,262000,0.0,0.0
2015-06-11 00:00:00-04:00,7.483201150431651,7.5940632820129395,7.469343053588777,7.5940632820129395,348400,0.0,0.0
2015-06-12 00:00:00-04:00,7.600992330434377,7.670280832277468,7.55941870069618,7.5940632820129395,117600,0.0,0.0
2015-06-15 00:00:00-04:00,7.628707408905029,7.691067519402461,7.628707408905029,7.628707408905029,116600,0.0,0.0
2015-06-16 00:00:00-04:00,7.649498807798629,7.677214356853338,7.635641363666681,7.65642786026001,40000,0.0,0.0
2015-06-17 00:00:00-04:00,7.656422264865821,7.677208746268169,7.628706736065912,7.649493217468262,82000,0.0,0.0
2015-06-18 00:00:00-04:00,7.6494932720375335,7.718782424926758,7.6494932720375335,7.718782424926758,99900,0.0,0.0
2015-06-19 00:00:00-04:00,7.725710587545747,7.725710587545747,7.684137625650053,7.7049241065979,42100,0.0,0.0
2015-06-22 00:00:00-04:00,7.704928127690797,7.704928127690797,7.656426093236525,7.684141635894775,52300,0.0,0.0
2015-06-23 00:00:00-04:00,7.677209981892896,7.711854563666309,7.656423497145023,7.670280933380127,84000,0.0,0.0
2015-06-24 00:00:00-04:00,7.698000853446667,7.698000853446667,7.65642786026001,7.65642786026001,36200,0.0,0.0
2015-06-25 00:00:00-04:00,7.670280832277468,7.677209880698906,7.5940632820129395,7.5940632820129395,196000,0.0,0.0
2015-06-26 00:00:00-04:00,7.5732785564088605,7.587135995679654,7.5455630170766925,7.566349506378174,90800,0.0,0.0
2015-06-29 00:00:00-04:00,7.573275537926383,7.5802039244050405,7.497057339548294,7.538630962371826,99600,0.0,0.0
2015-06-30 00:00:00-04:00,7.524774937095527,7.607921544817022,7.517846548711611,7.6009931564331055,142000,0.0,0.0
2015-07-01 00:00:00-04:00,7.621778360896339,7.628707408905029,7.580204733634589,7.628707408905029,120000,0.0,0.0
2015-07-02 00:00:00-04:00,7.6425670138748405,7.6425670138748405,7.573278496487934,7.614851474761963,71800,0.0,0.0
2015-07-06 00:00:00-04:00,7.628707408905029,7.628707408905029,7.587133781643279,7.628707408905029,81400,0.0,0.0
2015-07-07 00:00:00-04:00,7.663351144702206,7.7049241065979,7.6564220974561525,7.7049241065979,74000,0.0,0.0
2015-07-08 00:00:00-04:00,7.711853153843954,7.746497729283909,7.697995059351846,7.7049241065979,60700,0.0,0.0
2015-07-09 00:00:00-04:00,7.722352042163005,7.722352042163005,7.687503749952841,7.708413124084473,25300,0.065,0.0
2015-07-10 00:00:00-04:00,7.694471697055267,7.694471697055267,7.652653623491195,7.687501907348633,67800,0.0,0.0
2015-07-13 00:00:00-04:00,7.673564773471381,7.701443274092154,7.652655399498888,7.666594982147217,70300,0.0,0.0
2015-07-14 00:00:00-04:00,7.687503489257956,7.687503489257956,7.659624989370404,7.680534362792969,46300,0.0,0.0
2015-07-15 00:00:00-04:00,7.680534362792968,7.701443071539665,7.659624989370404,7.680534362792969,60400,0.0,0.0
2015-07-16 00:00:00-04:00,7.6944708157455874,7.729319095611572,7.680531902604586,7.729319095611572,87200,0.0,0.0
2015-07-17 00:00:00-04:00,7.7293236099317815,7.7293236099317815,7.701445102691651,7.70144510269165,18200,0.0,0.0
2015-07-20 00:00:00-04:00,7.715382931576567,7.722352723568779,7.680535300967403,7.694474220275879,38400,0.0,0.0
2015-07-21 00:00:00-04:00,7.694472914561869,7.715381622314452,7.652654834380866,7.715381622314453,63500,0.0,0.0
2015-07-22 00:00:00-04:00,7.687503489257956,7.687503489257956,7.666594780511259,7.680534362792969,57200,0.0,0.0
2015-07-23 00:00:00-04:00,7.687503489257956,7.687503489257956,7.666594780511259,7.680534362792969,56800,0.0,0.0
2015-07-24 00:00:00-04:00,7.694474220275879,7.708413804260303,7.687504428283667,7.694474220275879,33200,0.0,0.0
2015-07-27 00:00:00-04:00,7.708412496180815,7.7362909947428715,7.708412496180815,7.715381622314453,41700,0.0,0.0
2015-07-28 00:00:00-04:00,7.715382236528735,7.750230528674505,7.694473527111629,7.722352027893066,90700,0.0,0.0
2015-07-29 00:00:00-04:00,7.73629161062173,7.750230528674505,7.694473527111629,7.722352027893066,106500,0.0,0.0
2015-07-30 00:00:00-04:00,7.729322515560991,7.736292307553203,7.694474220275879,7.694474220275879,69800,0.0,0.0
2015-07-31 00:00:00-04:00,7.729321203933399,7.750229911685983,7.715381622314452,7.715381622314453,68700,0.0,0.0
2015-08-03 00:00:00-04:00,7.736291668839092,7.778109087987991,7.729321877422311,7.764170169830322,73400,0.0,0.0
2015-08-04 00:00:00-04:00,7.764168472925564,7.764168472925564,7.736289978027344,7.736289978027344,53600,0.0,0.0
2015-08-05 00:00:00-04:00,7.736291566037091,7.736291566037091,7.666594982147217,7.666594982147217,52500,0.0,0.0
2015-08-06 00:00:00-04:00,7.673562992611096,7.722350191206072,7.659623413197828,7.687501907348633,81900,0.0,0.0
2015-08-07 00:00:00-04:00,7.736287586847236,7.757196285389373,7.722348011368783,7.7502264976501465,85900,0.0,0.0
2015-08-10 00:00:00-04:00,7.750230528674505,7.757200320038836,7.722352027893067,7.722352027893066,70700,0.0,0.0
2015-08-11 00:00:00-04:00,7.760910568533259,7.824007511138916,7.753900317153397,7.824007511138916,44900,0.065,0.0
2015-08-12 00:00:00-04:00,7.8240068533166935,7.866071701049805,7.8240068533166935,7.866071701049805,78300,0.0,0.0
2015-08-13 00:00:00-04:00,7.866072879082268,7.880094051361084,7.809986852770658,7.880094051361084,57900,0.0,0.0
2015-08-14 00:00:00-04:00,7.852049862272743,7.880092871228793,7.831017772705224,7.866071701049805,65100,0.0,0.0
2015-08-17 00:00:00-04:00,7.8730831309225895,7.8871049717995785,7.852051038205279,7.880094051361084,58900,0.0,0.0
2015-08-18 00:00:00-04:00,7.859061958643774,7.880094051361084,7.824008025049474,7.880094051361084,63100,0.0,0.0
2015-08-19 00:00:00-04:00,7.88009260326267,7.88009260326267,7.8380284255580435,7.873081684112549,26000,0.0,0.0
2015-08-20 00:00:00-04:00,7.894114675122917,7.894114675122917,7.845038908218133,7.852049827575684,43200,0.0,0.0
2015-08-21 00:00:00-04:00,7.8800935337665825,7.8800935337665825,7.824007511138916,7.824007511138916,59200,0.0,0.0
2015-08-24 00:00:00-04:00,7.753903374982808,7.788956651500113,7.66276338512135,7.74689245223999,101500,0.0,0.0
2015-08-25 00:00:00-04:00,7.746890529156728,7.753901450159159,7.732868687151865,7.739879608154297,61800,0.0,0.0
2015-08-26 00:00:00-04:00,7.767919983737507,7.767919983737507,7.68379096609318,7.718844890594482,134900,0.0,0.0
2015-08-27 00:00:00-04:00,7.746888870912948,7.746888870912948,7.711834942002411,7.725856781005859,90200,0.0,0.0
2015-08-28 00:00:00-04:00,7.7258577018808205,7.73286795362004,7.704824940868672,7.711835861206055,66700,0.0,0.0
2015-08-31 00:00:00-04:00,7.746887896475925,7.753898815095785,7.697812134734901,7.718844890594482,74000,0.0,0.0
2015-09-01 00:00:00-04:00,7.72585843474766,7.739879608154296,7.704825671740365,7.739879608154297,70800,0.0,0.0
2015-09-02 00:00:00-04:00,7.725856233239045,7.725856233239045,7.697812557220459,7.697812557220459,103900,0.0,0.0
2015-09-03 00:00:00-04:00,7.725856513407774,7.739877683327492,7.6978128363722185,7.7328667640686035,95100,0.0,0.0
2015-09-04 00:00:00-04:00,7.73287059747244,7.788956642150879,7.725860343336429,7.788956642150879,74900,0.0,0.0
2015-09-08 00:00:00-04:00,7.788949986424212,7.8240039015439535,7.7819397382785205,7.795960903167725,60400,0.0,0.0
2015-09-09 00:00:00-04:00,7.802974029057496,7.8380279541015625,7.802974029057496,7.8380279541015625,60200,0.0,0.0
2015-09-10 00:00:00-04:00,7.841556947511805,7.848608868831238,7.792194843292236,7.792194843292236,82300,0.065,0.0
2015-09-11 00:00:00-04:00,7.813346614302004,7.820398532624581,7.792191531842218,7.799243450164795,45300,0.0,0.0
2015-09-14 00:00:00-04:00,7.827449266792989,7.841552428796639,7.813345432281494,7.813345432281494,80500,0.0,0.0
2015-09-15 00:00:00-04:00,7.813345831916998,7.813345831916998,7.756931836001256,7.771035671234131,48800,0.0,0.0
2015-09-16 00:00:00-04:00,7.756931107101779,7.792190019362895,7.749879190147992,7.778086185455322,54800,0.0,0.0
2015-09-17 00:00:00-04:00,7.792190210273689,7.869759281142357,7.75693129714872,7.848604202270508,84500,0.0,0.0
2015-09-18 00:00:00-04:00,7.8486067038286995,7.961434723783606,7.841554784454506,7.905020713806152,55500,0.0,0.0
2015-09-21 00:00:00-04:00,7.8768122302363555,7.912071147980713,7.8768122302363555,7.890915393829346,30200,0.0,0.0
2015-09-22 00:00:00-04:00,7.883864301560117,7.954381465911865,7.876812383372562,7.954381465911865,34100,0.0,0.0
2015-09-23 00:00:00-04:00,7.9614338874816895,7.97553772474855,7.933226885455943,7.9614338874816895,50200,0.0,0.0
2015-09-24 00:00:00-04:00,7.9825900830785805,7.9825900830785805,7.919124151551026,7.926176071166992,40600,0.0,0.0
2015-09-25 00:00:00-04:00,7.912071802063626,7.97553772474855,7.8979679647967655,7.9614338874816895,96700,0.0,0.0
2015-09-28 00:00:00-04:00,7.947330065725072,7.9755370654189734,7.890915393829347,7.890915393829346,52300,0.0,0.0
2015-09-29 00:00:00-04:00,7.912069934132796,7.982587086295045,7.912069934132796,7.968483924865723,73100,0.0,0.0
2015-09-30 00:00:00-04:00,7.968484257883326,8.003743171691895,7.947329178601324,8.003743171691895,79500,0.0,0.0
2015-10-01 00:00:00-04:00,8.003742945862118,8.03194994161153,7.99669102879781,8.01784610748291,47800,0.0,0.0
2015-10-02 00:00:00-04:00,8.03900196866285,8.074260884908577,8.017846887918571,8.046053886413574,109000,0.0,0.0
2015-10-05 00:00:00-04:00,8.060161997690267,8.067213246673663,8.031954984231936,8.039006233215332,111200,0.0,0.0
2015-10-06 00:00:00-04:00,8.053105804164298,8.067208967157853,8.03900196866285,8.046053886413574,48300,0.0,0.0
2015-10-07 00:00:00-04:00,8.046054114015055,8.07426111330796,8.024899032672355,8.031950950622559,100800,0.0,0.0
2015-10-08 00:00:00-04:00,8.053106080297274,8.067209243774414,8.02489908083508,8.067209243774414,31900,0.0,0.0
2015-10-09 00:00:00-04:00,8.053110076198623,8.053110076198623,8.024903062740291,8.039006233215332,44900,0.0,0.0
2015-10-12 00:00:00-04:00,8.060157721915022,8.095415965652858,8.03900196866285,8.046053886413574,77500,0.0,0.0
2015-10-13 00:00:00-04:00,8.056693694443666,8.070878339410257,8.028325080871582,8.028325080871582,40100,0.065,0.0
2015-10-14 00:00:00-04:00,8.049600633192265,8.155982746295201,8.03541599071935,8.0637845993042,88800,0.0,0.0
2015-10-15 00:00:00-04:00,8.077967295597817,8.106335897347977,8.049598693847656,8.049598693847656,64400,0.0,0.0
2015-10-16 00:00:00-04:00,8.085058938764744,8.106335897347977,8.049598693847656,8.049598693847656,81000,0.0,0.0
2015-10-19 00:00:00-04:00,8.070878676320433,8.155984520589334,8.049602384343489,8.056694030761719,129700,0.0,0.0
2015-10-20 00:00:00-04:00,8.0637845993042,8.106337850361962,8.056692278067741,8.0637845993042,117600,0.0,0.0
2015-10-21 00:00:00-04:00,8.049597425211067,8.085057664539534,8.021228827931868,8.035412788391113,279800,0.0,0.0
2015-10-22 00:00:00-04:00,8.028320469981136,8.092149982949511,8.021228827931868,8.035412788391113,182600,0.0,0.0
2015-10-23 00:00:00-04:00,8.056695315047742,8.085063934326172,8.042511343589144,8.085063934326172,41700,0.0,0.0
2015-10-26 00:00:00-04:00,8.09924695298234,8.113430921587831,8.028325080871582,8.028325080871582,160200,0.0,0.0
2015-10-27 00:00:00-04:00,8.092158300887847,8.106342952288221,7.999960095869637,8.007052421569824,231800,0.0,0.0
2015-10-28 00:00:00-04:00,8.02832729113071,8.049604264438308,7.999958669748531,8.042511940002441,189200,0.0,0.0
2015-10-29 00:00:00-04:00,8.03541819570035,8.092155428439185,8.014141902513579,8.077971458435059,77200,0.0,0.0
2015-10-30 00:00:00-04:00,8.113430361469867,8.141798973083496,8.077970104223617,8.141798973083496,76400,0.0,0.0
2015-11-02 00:00:00-05:00,8.155982205578274,8.177258491516113,8.134705919640437,8.177258491516113,126600,0.0,0.0
2015-11-03 00:00:00-05:00,8.198535453814886,8.205627098220209,8.155982205578274,8.177258491516113,94200,0.0,0.0
2015-11-04 00:00:00-05:00,8.134708433094797,8.17726101811833,8.120523787179524,8.148892402648926,162400,0.0,0.0
2015-11-05 00:00:00-05:00,8.14889349679295,8.184354439981295,8.085063934326172,8.085063934326172,105600,0.0,0.0
2015-11-06 00:00:00-05:00,8.070880225918396,8.070880225918396,7.978682041168213,7.978682041168213,188300,0.0,0.0
2015-11-09 00:00:00-05:00,7.978682041168213,7.978682041168213,7.900668504700176,7.978682041168213,109500,0.0,0.0
2015-11-10 00:00:00-05:00,7.9999564672995,8.028325080871582,7.971587853727416,8.028325080871582,116200,0.0,0.0
2015-11-11 00:00:00-05:00,8.042511343589144,8.085063934326172,8.007050400400798,8.085063934326172,161400,0.0,0.0
2015-11-12 00:00:00-05:00,8.10289522369795,8.10289522369795,8.045832633972168,8.045832633972168,105400,0.065,0.0
2015-11-13 00:00:00-05:00,8.067230227083906,8.11715981444211,8.045831249439294,8.102893829345703,61900,0.0,0.0
2015-11-16 00:00:00-05:00,8.095764601642665,8.124295902466715,8.074365615844727,8.074365615844727,64500,0.0,0.0
2015-11-17 00:00:00-05:00,8.074366354985655,8.088632346823548,8.052968047468749,8.06723403930664,64900,0.0,0.0
2015-11-18 00:00:00-05:00,8.081498611110707,8.095764601642665,8.074365615844727,8.074365615844727,28500,0.0,0.0
2015-11-19 00:00:00-05:00,8.07436446553454,8.124294745043239,8.06723215152453,8.117161750793457,57300,0.0,0.0
2015-11-20 00:00:00-05:00,8.145694231758206,8.145694231758206,8.074365639370322,8.088631629943848,190000,0.0,0.0
2015-11-23 00:00:00-05:00,8.10289343099647,8.202753281043243,8.10289343099647,8.174221992492676,112400,0.0,0.0
2015-11-24 00:00:00-05:00,8.188487296648171,8.20988627324078,8.124292407589078,8.174221992492676,107800,0.0,0.0
2015-11-25 00:00:00-05:00,8.188490402923735,8.195623397827148,8.159959103549918,8.195623397827148,47600,0.0,0.0
2015-11-27 00:00:00-05:00,8.195623397827148,8.195623397827148,8.181358088260158,8.195623397827148,29400,0.0,0.0
2015-11-30 00:00:00-05:00,8.195620781392217,8.231285064283698,8.181355476379395,8.181355476379395,140300,0.0,0.0
2015-12-01 00:00:00-05:00,8.217020034790039,8.245551326011963,8.217020034790039,8.217020034790039,90200,0.0,0.0
2015-12-02 00:00:00-05:00,8.252682620305368,8.252682620305368,8.18848705291748,8.18848705291748,125400,0.0,0.0
2015-12-03 00:00:00-05:00,8.188491584535752,8.188491584535752,8.131428977553895,8.167093276977539,114700,0.0,0.0
2015-12-04 00:00:00-05:00,8.145693793982927,8.217022382537387,8.138560799079514,8.195623397827148,129400,0.0,0.0
2015-12-07 00:00:00-05:00,8.202757576401183,8.209890572333897,8.167093276977539,8.167093276977539,141900,0.0,0.0
2015-12-08 00:00:00-05:00,8.195620322659842,8.238417595782057,8.195620322659842,8.224151611328125,85900,0.0,0.0
2015-12-09 00:00:00-05:00,8.227736473083496,8.263602940685326,8.199043435821228,8.227736473083496,74800,0.065,0.0
2015-12-10 00:00:00-05:00,8.227739590281802,8.263606071472168,8.213392724167164,8.263606071472168,79300,0.0,0.0
2015-12-11 00:00:00-05:00,8.256433277748041,8.28512632810292,8.227740227393161,8.242086410522461,123800,0.0,0.0
2015-12-14 00:00:00-05:00,8.270777933682103,8.270777933682103,8.148832321166992,8.148832321166992,200000,0.0,0.0
2015-12-15 00:00:00-05:00,8.177524885674387,8.23491097241556,8.177524885674387,8.199045181274414,200700,0.0,0.0
2015-12-16 00:00:00-05:00,8.177522822328688,8.213389288516154,8.170350076367951,8.206215858459473,211300,0.0,0.0
2015-12-17 00:00:00-05:00,8.263607007680413,8.313819676577928,8.227740522426629,8.29947280883789,199100,0.0,0.0
2015-12-18 00:00:00-05:00,8.27795611071926,8.349689106524977,8.27795611071926,8.28512954711914,181900,0.0,0.0
2015-12-21 00:00:00-05:00,8.29229830706722,8.356857145968473,8.29229830706722,8.328164100646973,117600,0.0,0.0
2015-12-22 00:00:00-05:00,8.342512025795548,8.356858208231799,8.320992410093046,8.335338592529297,118200,0.0,0.0
2015-12-23 00:00:00-05:00,8.356857155933803,8.392723633652487,8.177525451436544,8.292298316955566,362100,0.0,0.0
2015-12-24 00:00:00-05:00,8.313819676577928,8.328165860221658,8.285126625194161,8.29947280883789,58100,0.0,0.0
2015-12-28 00:00:00-05:00,8.320993465978406,8.364032702844836,8.306646597625372,8.342513084411621,145100,0.0,0.0
2015-12-29 00:00:00-05:00,8.364032045087068,8.414244712181231,8.349685861958571,8.399898529052734,159200,0.0,0.0
2015-12-30 00:00:00-05:00,8.421416600389827,8.45728307777368,8.37837737480613,8.442936897277832,130000,0.0,0.0
2015-12-31 00:00:00-05:00,8.478803483256227,8.507496531026616,8.435764253648756,8.45011043548584,105800,0.0,0.0
2016-01-04 00:00:00-05:00,8.450109645477678,8.493149555157531,8.421416600389827,8.442936897277832,128600,0.0,0.0
2016-01-05 00:00:00-05:00,8.471630144081008,8.521842803156305,8.464456711614202,8.493149757385254,143400,0.0,0.0
2016-01-06 00:00:00-05:00,8.536187279109946,8.579227181218496,8.514667670103687,8.543360710144043,177100,0.0,0.0
2016-01-07 00:00:00-05:00,8.607922249301666,8.607922249301666,8.54336272297651,8.550536155700684,159000,0.0,0.0
2016-01-08 00:00:00-05:00,8.550537405700197,8.615096941463284,8.550537405700197,8.60792350769043,214300,0.0,0.0
2016-01-11 00:00:00-05:00,8.6007527935827,8.636619289692103,8.557713545528628,8.579233169555664,164700,0.0,0.0
2016-01-12 00:00:00-05:00,8.607924502604927,8.643790991518388,8.59357763340099,8.629444122314453,96400,0.0,0.0
2016-01-13 00:00:00-05:00,8.654683506615147,8.654683506615147,8.503226517736882,8.510438919067383,212800,0.065,0.0
2016-01-14 00:00:00-05:00,8.524865664089914,8.575351801167438,8.49601673767961,8.503229141235352,115800,0.0,0.0
2016-01-15 00:00:00-05:00,8.4743810413066,8.647474616649724,8.4743810413066,8.582564353942871,177600,0.0,0.0
2016-01-19 00:00:00-05:00,8.604202554973881,8.647475609873515,8.575353622436523,8.575353622436523,106400,0.0,0.0
2016-01-20 00:00:00-05:00,8.611407880683629,8.625832680152328,8.42389030227663,8.47437572479248,241100,0.0,0.0
2016-01-21 00:00:00-05:00,8.488800949659339,8.553710487084393,8.481588549563556,8.532073974609375,162200,0.0,0.0
2016-01-22 00:00:00-05:00,8.589772672643175,8.611409187316895,8.560923757140747,8.611409187316895,64100,0.0,0.0
2016-01-25 00:00:00-05:00,8.625837326049805,8.697959986614148,8.589775995767635,8.625837326049805,150200,0.0,0.0
2016-01-26 00:00:00-05:00,8.661896942290666,8.712382382007899,8.63304802133617,8.669109344482422,146000,0.0,0.0
2016-01-27 00:00:00-05:00,8.69074758299518,8.69074758299518,8.625837326049805,8.625837326049805,129000,0.0,0.0
2016-01-28 00:00:00-05:00,8.669104567234232,8.669104567234232,8.611406069308387,8.640254974365234,121900,0.0,0.0
2016-01-29 00:00:00-05:00,8.705170867336589,8.734019791232324,8.654685422472198,8.712383270263672,99200,0.0,0.0
2016-02-01 00:00:00-05:00,8.71959301917527,8.755654335021973,8.705168217711634,8.755654335021973,99400,0.0,0.0
2016-02-02 00:00:00-05:00,8.755659305589413,8.813357168574122,8.741234495936844,8.7700834274292,139600,0.0,0.0
2016-02-03 00:00:00-05:00,8.798930843374109,8.827779769897461,8.784506724018765,8.827779769897461,109800,0.0,0.0
2016-02-04 00:00:00-05:00,8.842206100066477,8.842206100066477,8.7700834274292,8.7700834274292,119800,0.0,0.0
2016-02-05 00:00:00-05:00,8.770077917208408,8.856624657308345,8.770077917208408,8.81335163116455,83300,0.0,0.0
2016-02-08 00:00:00-05:00,8.85662770037654,8.863840103149414,8.813354659364467,8.863840103149414,94300,0.0,0.0
2016-02-09 00:00:00-05:00,8.863843738638735,8.871056144369765,8.82056999206543,8.82056999206543,130500,0.0,0.0
2016-02-10 00:00:00-05:00,8.860447156245625,8.911202359469046,8.83144408419113,8.88219928741455,63300,0.065,0.0
2016-02-11 00:00:00-05:00,8.889446241826212,8.932950484654578,8.824189186096191,8.824189186096191,74600,0.0,0.0
2016-02-12 00:00:00-05:00,8.853195276006737,8.88219834498391,8.744433940214261,8.751684188842773,101100,0.0,0.0
2016-02-16 00:00:00-05:00,8.722678184509277,8.758932181402475,8.671923003751289,8.722678184509277,151100,0.0,0.0
2016-02-17 00:00:00-05:00,8.744430845436938,8.78793508776208,8.664671915361737,8.729928970336914,256900,0.0,0.0
2016-02-18 00:00:00-05:00,8.715431286330936,8.816941686841874,8.715431286330936,8.744434356689453,198500,0.0,0.0
2016-02-19 00:00:00-05:00,8.766187736662811,8.860447901641619,8.751685853671685,8.795190811157227,149300,0.0,0.0
2016-02-22 00:00:00-05:00,8.853193846589072,8.853193846589072,8.751682775814867,8.773435592651367,106300,0.0,0.0
2016-02-23 00:00:00-05:00,8.795190071251065,8.88945022830012,8.77343794008214,8.88219928741455,161000,0.0,0.0
2016-02-24 00:00:00-05:00,8.88219928741455,8.95470731329468,8.88219928741455,8.88219928741455,264600,0.0,0.0
2016-02-25 00:00:00-05:00,8.889450383611422,8.918453456172642,8.83869448801344,8.874948501586914,134400,0.0,0.0
2016-02-26 00:00:00-05:00,8.874949093144906,8.874949093144906,8.795190811157227,8.795190811157227,74300,0.0,0.0
2016-02-29 00:00:00-05:00,8.845944255407549,8.845944255407549,8.787938117980957,8.787938117980957,93600,0.0,0.0
2016-03-01 00:00:00-05:00,8.838691968698072,8.874945971937972,8.773435592651367,8.773435592651367,189400,0.0,0.0
2016-03-02 00:00:00-05:00,8.773438678158376,8.831444827147205,8.751685853671685,8.795190811157227,111100,0.0,0.0
2016-03-03 00:00:00-05:00,8.816940079233694,8.86769527023488,8.802438892442334,8.860445022583008,101000,0.0,0.0
2016-03-04 00:00:00-05:00,8.860447311050201,8.918453456172642,8.845945429025694,8.874948501586914,189200,0.0,0.0
2016-03-07 00:00:00-05:00,8.89670051574413,8.932953834533691,8.85319556511383,8.932953834533691,135600,0.0,0.0
2016-03-08 00:00:00-05:00,8.889452045916645,8.947458201886091,8.889452045916645,8.918455123901367,92900,0.0,0.0
2016-03-09 00:00:00-05:00,8.954706655592707,8.983709725516995,8.918452645315414,8.932953834533691,130100,0.0,0.0
2016-03-10 00:00:00-05:00,8.936600217762118,8.965757123237873,8.907443312286363,8.943889617919922,106400,0.065,0.0
2016-03-11 00:00:00-05:00,8.965755874737273,8.965755874737273,8.892863273620605,8.892863273620605,63000,0.0,0.0
2016-03-14 00:00:00-04:00,8.965753764976956,8.965753764976956,8.914728678140019,8.936596870422363,107800,0.0,0.0
2016-03-15 00:00:00-04:00,8.958466966119401,8.965756365661274,8.900153160095215,8.900153160095215,95600,0.0,0.0
2016-03-16 00:00:00-04:00,8.936596870422363,8.980331864676652,8.914728678140019,8.936596870422363,108200,0.0,0.0
2016-03-17 00:00:00-04:00,8.994907902451947,9.038642883300781,8.994907902451947,9.038642883300781,95500,0.0,0.0
2016-03-18 00:00:00-04:00,9.07509157047285,9.07509157047285,9.00219968467837,9.045934677124023,100600,0.0,0.0
2016-03-21 00:00:00-04:00,9.038650529251484,9.06780743953337,9.038650529251484,9.053229331970215,60400,0.0,0.0
2016-03-22 00:00:00-04:00,9.075089253621234,9.104246139526367,9.060511158246165,9.104246139526367,131000,0.0,0.0
2016-03-23 00:00:00-04:00,9.096963841248686,9.096963841248686,8.994915008544922,8.994915008544922,187800,0.0,0.0
2016-03-24 00:00:00-04:00,8.994913268673368,9.009491372601715,8.900153160095215,8.900153160095215,125200,0.0,0.0
2016-03-28 00:00:00-04:00,8.929307727113194,8.958464622497559,8.907440229363726,8.958464622497559,99600,0.0,0.0
2016-03-29 00:00:00-04:00,8.958464133259758,8.994910424288623,8.929307239467704,8.95117473602295,99900,0.0,0.0
2016-03-30 00:00:00-04:00,9.024069298433652,9.06780430114189,8.97304489688893,9.016779899597168,98600,0.0,0.0
2016-03-31 00:00:00-04:00,9.075091805099811,9.140694990619565,9.016778016894518,9.031356811523438,127200,0.0,0.0
2016-04-01 00:00:00-04:00,9.060511158246165,9.147981815961563,9.060511158246165,9.104246139526367,101100,0.0,0.0
2016-04-04 00:00:00-04:00,9.104249301751286,9.155274391174316,9.096959903954392,9.155274391174316,94700,0.0,0.0
2016-04-05 00:00:00-04:00,9.199010383213523,9.220877883815595,9.147985983423583,9.206299781799316,118900,0.0,0.0
2016-04-06 00:00:00-04:00,9.220878135090077,9.279191935054898,9.191721235107666,9.228167533874512,84300,0.0,0.0
2016-04-07 00:00:00-04:00,9.257320143039816,9.279187634102094,9.228163256571777,9.235452651977539,101800,0.0,0.0
2016-04-08 00:00:00-04:00,9.271904240197282,9.293771743774414,9.257325441042257,9.293771743774414,82400,0.0,0.0
2016-04-11 00:00:00-04:00,9.334069683186272,9.334069683186272,9.25347749488187,9.2681303024292,100200,0.065,0.0
2016-04-12 00:00:00-04:00,9.297429748882275,9.31940999204446,9.275450204437211,9.31208324432373,72800,0.0,0.0
2016-04-13 00:00:00-04:00,9.297432494655204,9.334065545360415,9.253473392782814,9.282779693603516,140800,0.0,0.0
2016-04-14 00:00:00-04:00,9.297433671934039,9.319413924370789,9.253474564495367,9.260801315307617,102300,0.0,0.0
2016-04-15 00:00:00-04:00,9.28277925773563,9.326738357543945,9.275452508195146,9.326738357543945,73500,0.0,0.0
2016-04-18 00:00:00-04:00,9.312084758483172,9.378024101257324,9.312084758483172,9.378024101257324,108800,0.0,0.0
2016-04-19 00:00:00-04:00,9.356046533771883,9.385352836906625,9.268126925650273,9.304759979248047,128900,0.0,0.0
2016-04-20 00:00:00-04:00,9.297431260659033,9.378024101257324,9.297431260659033,9.378024101257324,87500,0.0,0.0
2016-04-21 00:00:00-04:00,9.385350734907378,9.40000353383433,9.34871768951416,9.34871768951416,70200,0.0,0.0
2016-04-22 00:00:00-04:00,9.378028440907727,9.400007999097664,9.319415819922854,9.341395378112793,69100,0.0,0.0
2016-04-25 00:00:00-04:00,9.31209012250646,9.319416875638941,9.2681303024292,9.2681303024292,141500,0.0,0.0
2016-04-26 00:00:00-04:00,9.30476042274629,9.341393478090126,9.253474564495367,9.260801315307617,121500,0.0,0.0
2016-04-27 00:00:00-04:00,9.282781082607247,9.319414138793945,9.24614802642055,9.319414138793945,119100,0.0,0.0
2016-04-28 00:00:00-04:00,9.29010441722691,9.35604375437082,9.253471374511719,9.253471374511719,120000,0.0,0.0
2016-04-29 00:00:00-04:00,9.326738687517196,9.363371737798373,9.27545283635394,9.334065437316895,123000,0.0,0.0
2016-05-02 00:00:00-04:00,9.370698156069553,9.39267770597371,9.326738357543945,9.326738357543945,105900,0.0,0.0
2016-05-03 00:00:00-04:00,9.319413836611968,9.41465950012207,9.319413836611968,9.41465950012207,136000,0.0,0.0
2016-05-04 00:00:00-04:00,9.38535013005436,9.443962719419241,9.378023381704455,9.436635971069336,70300,0.0,0.0
2016-05-05 00:00:00-04:00,9.414662530912576,9.473275158292521,9.414662530912576,9.451294898986816,87900,0.0,0.0
2016-05-06 00:00:00-04:00,9.4293125168687,9.473272323608398,9.4293125168687,9.473272323608398,72700,0.0,0.0
2016-05-09 00:00:00-04:00,9.473274630159334,9.53188725427164,9.414662006047031,9.487927436828613,147000,0.0,0.0
2016-05-10 00:00:00-04:00,9.495250034081048,9.495250034081048,9.400004386901855,9.400004386901855,106500,0.0,0.0
2016-05-11 00:00:00-04:00,9.433144921122349,9.447872338315603,9.37423314552316,9.40368938446045,91200,0.065,0.0
2016-05-12 00:00:00-04:00,9.396321202359031,9.425776726098162,9.352137565612793,9.352137565612793,145000,0.0,0.0
2016-05-13 00:00:00-04:00,9.359507415703568,9.411054438586174,9.359507415703568,9.396327018737793,115000,0.0,0.0
2016-05-16 00:00:00-04:00,9.411048613091056,9.411048613091056,9.352137565612793,9.352137565612793,117200,0.0,0.0
2016-05-17 00:00:00-04:00,9.396326806562167,9.425782347869315,9.352143143463692,9.388962745666504,102700,0.0,0.0
2016-05-18 00:00:00-04:00,9.396327376896298,9.44051034040107,9.36687183380127,9.36687183380127,165700,0.0,0.0
2016-05-19 00:00:00-04:00,9.337414809800137,9.359506288048834,9.226956014005793,9.2564115524292,177700,0.0,0.0
2016-05-20 00:00:00-04:00,9.219590020610207,9.300592552550468,9.204861904470944,9.263772964477539,121300,0.0,0.0
2016-05-23 00:00:00-04:00,9.278503066597283,9.307958602905273,9.234319410997605,9.307958602905273,96400,0.0,0.0
2016-05-24 00:00:00-04:00,9.315321960275735,9.344777496583728,9.278503066597283,9.307958602905273,48200,0.0,0.0
2016-05-25 00:00:00-04:00,9.278501212937279,9.366867804207367,9.278501212937279,9.359503746032715,92200,0.0,0.0
2016-05-26 00:00:00-04:00,9.381595906991187,9.433143615722656,9.374231848275935,9.433143615722656,55800,0.0,0.0
2016-05-27 00:00:00-04:00,9.433140320843284,9.455231786997471,9.40368479854602,9.418412208557129,127700,0.0,0.0
2016-05-31 00:00:00-04:00,9.403690195862469,9.433145735065954,9.278503978678794,9.315322875976562,151500,0.0,0.0
2016-06-01 00:00:00-04:00,9.359502719266285,9.447869300842285,9.359502719266285,9.447869300842285,80000,0.0,0.0
2016-06-02 00:00:00-04:00,9.403689595137266,9.469964027404785,9.403689595137266,9.469964027404785,152800,0.0,0.0
2016-06-03 00:00:00-04:00,9.499418125033916,9.536237716674805,9.462599235668325,9.536237716674805,78400,0.0,0.0
2016-06-06 00:00:00-04:00,9.55832866524618,9.56569272362455,9.49941760276972,9.550965309143066,125500,0.0,0.0
2016-06-07 00:00:00-04:00,9.565689737888436,9.58778190612793,9.53623421584415,9.58778190612793,91000,0.0,0.0
2016-06-08 00:00:00-04:00,9.536240079720807,9.60251522064209,9.536240079720807,9.60251522064209,81700,0.0,0.0
2016-06-09 00:00:00-04:00,9.59881141903358,9.628414509449224,9.584009520929087,9.60621166229248,59200,0.065,0.0
2016-06-10 00:00:00-04:00,9.59881141903358,9.60621166229248,9.57660857187684,9.60621166229248,73400,0.0,0.0
2016-06-13 00:00:00-04:00,9.59881141903358,9.60621166229248,9.57660857187684,9.60621166229248,75300,0.0,0.0
2016-06-14 00:00:00-04:00,9.598812103271484,9.606212347057898,9.554407111586,9.598812103271484,77700,0.0,0.0
2016-06-15 00:00:00-04:00,9.59881141903358,9.60621166229248,9.56920832861794,9.60621166229248,96100,0.0,0.0
2016-06-16 00:00:00-04:00,9.60621166229248,9.60621166229248,9.584009520929087,9.60621166229248,69300,0.0,0.0
2016-06-17 00:00:00-04:00,9.591410469981334,9.60621166229248,9.561807379565693,9.60621166229248,79500,0.0,0.0
2016-06-20 00:00:00-04:00,9.539605238202299,9.60621166229248,9.539605238202299,9.60621166229248,68700,0.0,0.0
2016-06-21 00:00:00-04:00,9.532204289150052,9.60621166229248,9.532204289150052,9.60621166229248,155500,0.0,0.0
2016-06-22 00:00:00-04:00,9.606213120420918,9.658019065856934,9.598812876038735,9.658019065856934,91700,0.0,0.0
2016-06-23 00:00:00-04:00,9.643213272094727,9.643213272094727,9.606209241950227,9.643213272094727,91100,0.0,0.0
2016-06-24 00:00:00-04:00,9.658020877200029,9.70242517499489,9.606214922047908,9.687623977661133,94600,0.0,0.0
2016-06-27 00:00:00-04:00,9.702421188354492,9.739425225174632,9.680219048579728,9.702421188354492,161100,0.0,0.0
2016-06-28 00:00:00-04:00,9.739427475845496,9.769030570983887,9.709824380707104,9.769030570983887,107100,0.0,0.0
2016-06-29 00:00:00-04:00,9.769030123734229,9.850439160982797,9.746827979845268,9.820836067199707,189300,0.0,0.0
2016-06-30 00:00:00-04:00,9.872639656066895,9.909643693564162,9.798631581072359,9.872639656066895,143200,0.0,0.0
2016-07-01 00:00:00-04:00,9.931843314916826,9.961446396248299,9.850435017703555,9.8948392868042,134300,0.0,0.0
2016-07-05 00:00:00-04:00,9.89484701619921,9.954053225111299,9.865243911743164,9.865243911743164,119300,0.0,0.0
2016-07-06 00:00:00-04:00,9.924449406314395,9.946651556609945,9.89484630398912,9.917048454284668,95500,0.0,0.0
2016-07-07 00:00:00-04:00,9.94664728923964,9.983651327718949,9.939247046178442,9.968850135803223,79100,0.0,0.0
2016-07-08 00:00:00-04:00,10.01325563593815,10.028057535448568,9.983652542710727,10.02065658569336,103900,0.0,0.0
2016-07-11 00:00:00-04:00,9.994632713871546,10.039251923355925,9.875649100844237,9.957450866699219,149100,0.065,0.0
2016-07-12 00:00:00-04:00,9.96488459903444,9.972321250497743,9.75666332244873,9.75666332244873,171800,0.0,0.0
2016-07-13 00:00:00-04:00,9.756663278941817,9.823591723416877,9.578187899807066,9.593060493469238,248100,0.0,0.0
2016-07-14 00:00:00-04:00,9.585620138675466,9.622801960313993,9.265851366360053,9.325343132019043,567600,0.0,0.0
2016-07-15 00:00:00-04:00,9.347658423164749,9.548443794250488,9.332785826712978,9.548443794250488,214700,0.0,0.0
2016-07-18 00:00:00-04:00,9.622806175681886,9.719480514526367,9.622806175681886,9.719480514526367,134300,0.0,0.0
2016-07-19 00:00:00-04:00,9.778975132220317,9.778975132220317,9.600499705483733,9.697174072265625,233300,0.0,0.0
2016-07-20 00:00:00-04:00,9.697174072265625,9.712047379092827,9.674864821223128,9.697174072265625,124100,0.0,0.0
2016-07-21 00:00:00-04:00,9.689729090305843,9.756657495105127,9.689729090305843,9.749220848083496,107600,0.0,0.0
2016-07-22 00:00:00-04:00,9.77153762485635,9.77153762485635,9.741791725158691,9.741791725158691,77600,0.0,0.0
2016-07-25 00:00:00-04:00,9.756665175943606,9.7864110782496,9.72691927363761,9.734355926513672,46800,0.0,0.0
2016-07-26 00:00:00-04:00,9.726917840424559,9.860774735677513,9.726917840424559,9.823592185974121,280100,0.0,0.0
2016-07-27 00:00:00-04:00,9.875647330039982,9.912829879743375,9.823592185974121,9.823592185974121,151500,0.0,0.0
2016-07-28 00:00:00-04:00,9.89795658730317,9.89795658730317,9.823591493141166,9.860774040222168,105600,0.0,0.0
2016-07-29 00:00:00-04:00,9.920261784709567,9.920261784709567,9.838460072664336,9.84589672088623,98000,0.0,0.0
2016-08-01 00:00:00-04:00,9.875648188345782,9.890521493199058,9.816156387329102,9.816156387329102,96000,0.0,0.0
2016-08-02 00:00:00-04:00,9.793846288051036,9.838464780336588,9.734354492204867,9.823592185974121,110700,0.0,0.0
2016-08-03 00:00:00-04:00,9.845903197587411,9.957450866699219,9.823593947444358,9.957450866699219,132100,0.0,0.0
2016-08-04 00:00:00-04:00,9.979755669732118,10.031810799935547,9.957446429530355,10.016938209533691,176900,0.0,0.0
2016-08-05 00:00:00-04:00,10.024374900440902,10.039248201153953,9.979756416697771,10.002065658569336,139900,0.0,0.0
2016-08-08 00:00:00-04:00,10.02437427583326,10.061556816101074,10.002065035351759,10.061556816101074,131300,0.0,0.0
2016-08-09 00:00:00-04:00,10.076431375910316,10.091303968358426,10.024375529346784,10.083868026733398,98300,0.0,0.0
2016-08-10 00:00:00-04:00,10.102549031327865,10.102549031327865,10.035298223372157,10.095076560974121,98100,0.065,0.0
2016-08-11 00:00:00-04:00,10.03529779620259,10.110020358717355,9.982991218566895,9.982991218566895,111300,0.0,0.0
2016-08-12 00:00:00-04:00,10.035299734357269,10.072660666523324,10.012882319920713,10.027827262878418,98900,0.0,0.0
2016-08-15 00:00:00-04:00,9.960574239319845,9.98299093617878,9.848490042411234,9.855961799621582,339200,0.0,0.0
2016-08-16 00:00:00-04:00,9.833546117140523,9.863435286906963,9.758823549031437,9.82607364654541,256700,0.0,0.0
2016-08-17 00:00:00-04:00,9.788712744587546,9.8709077835083,9.773767803357943,9.8709077835083,113400,0.0,0.0
2016-08-18 00:00:00-04:00,9.900794552376496,9.9082670211792,9.863432920976834,9.9082670211792,70500,0.0,0.0
2016-08-19 00:00:00-04:00,9.938154701388278,9.938154701388278,9.841014759284214,9.900793075561523,87300,0.0,0.0
2016-08-22 00:00:00-04:00,9.893321654013484,9.938155752269186,9.878377429670794,9.915739059448242,66300,0.0,0.0
2016-08-23 00:00:00-04:00,9.893321506764956,9.95309982847363,9.893321506764956,9.930683135986328,76500,0.0,0.0
2016-08-24 00:00:00-04:00,9.923212227801162,9.93815716688496,9.833544731140137,9.833544731140137,88400,0.0,0.0
2016-08-25 00:00:00-04:00,9.818604976391104,9.85596591588818,9.781243324279785,9.781243324279785,95000,0.0,0.0
2016-08-26 00:00:00-04:00,9.743874600589502,9.818597850582032,9.706512975593236,9.713985443115234,111300,0.0,0.0
2016-08-29 00:00:00-04:00,9.796182201855515,9.833543833540745,9.781237976749736,9.803654670715332,135100,0.0,0.0
2016-08-30 00:00:00-04:00,9.818601888564313,9.848491058330753,9.788712718797875,9.82607364654541,65600,0.0,0.0
2016-08-31 00:00:00-04:00,9.848491084277917,9.878380254123103,9.818601914432731,9.8709077835083,146800,0.0,0.0
2016-09-01 00:00:00-04:00,9.893326533313154,9.893326533313154,9.773769829152078,9.811131477355957,114300,0.0,0.0
2016-09-02 00:00:00-04:00,9.73640561831125,9.73640561831125,9.616848945617676,9.616848945617676,424000,0.0,0.0
2016-09-06 00:00:00-04:00,9.586956402566122,9.646734717869263,9.527178087262982,9.609373092651367,376900,0.0,0.0
2016-09-07 00:00:00-04:00,9.616848260709077,9.616848260709077,9.542125701904297,9.542125701904297,181200,0.0,0.0
2016-09-08 00:00:00-04:00,9.57201242880114,9.57201242880114,9.512233399330755,9.534650802612305,123800,0.0,0.0
2016-09-09 00:00:00-04:00,9.512236532334937,9.512236532334937,9.340373992919922,9.340373992919922,143500,0.0,0.0
2016-09-12 00:00:00-04:00,9.351634341740809,9.381655611065678,9.269076030038299,9.276580810546875,239200,0.055,0.0
2016-09-13 00:00:00-04:00,9.209031989323881,9.276579297464705,9.156494239752034,9.261569023132324,266500,0.0,0.0
2016-09-14 00:00:00-04:00,9.276575916488897,9.336618423461914,9.269071139939626,9.336618423461914,91500,0.0,0.0
2016-09-15 00:00:00-04:00,9.269073641263537,9.321610670101624,9.216535896662114,9.25406265258789,125800,0.0,0.0
2016-09-16 00:00:00-04:00,9.209032769508497,9.239054036480052,9.148989519801924,9.164000511169434,182900,0.0,0.0
2016-09-19 00:00:00-04:00,9.096453821354865,9.20903412590269,9.096453821354865,9.194023132324219,160200,0.0,0.0
2016-09-20 00:00:00-04:00,9.194023132324219,9.239055397296063,9.194023132324219,9.194023132324219,112900,0.0,0.0
2016-09-21 00:00:00-04:00,9.201525469943478,9.284083758989533,9.201525469943478,9.269073486328125,169700,0.0,0.0
2016-09-22 00:00:00-04:00,9.321608954812785,9.366640481026703,9.299093191705825,9.351630210876465,121900,0.0,0.0
2016-09-23 00:00:00-04:00,9.366642139764682,9.366642139764682,9.306599617004395,9.306599617004395,88800,0.0,0.0
2016-09-26 00:00:00-04:00,9.306600561892873,9.336621826321041,9.209031989323881,9.261569023132324,178000,0.0,0.0
2016-09-27 00:00:00-04:00,9.276579699865858,9.291590690612793,9.261569424882357,9.291590690612793,52600,0.0,0.0
2016-09-28 00:00:00-04:00,9.299094838481857,9.336620878384538,9.29158934419599,9.306599617004395,115500,0.0,0.0
2016-09-29 00:00:00-04:00,9.269074191719637,9.306600234110611,9.224041938781738,9.224041938781738,130100,0.0,0.0
2016-09-30 00:00:00-04:00,9.246557707368998,9.246557707368998,9.186515180627385,9.224041938781738,117400,0.0,0.0
2016-10-03 00:00:00-04:00,9.239053726196289,9.239053726196289,9.201526964801277,9.239053726196289,74300,0.0,0.0
2016-10-04 00:00:00-04:00,9.239052996387837,9.239052996387837,9.141483710773343,9.171504974365234,140600,0.0,0.0
2016-10-05 00:00:00-04:00,9.209030365201782,9.209030365201782,9.111461094076887,9.14148235321045,180700,0.0,0.0
2016-10-06 00:00:00-04:00,9.126473426818848,9.156494692732194,9.0964521609055,9.126473426818848,120100,0.0,0.0
2016-10-07 00:00:00-04:00,9.088946186161738,9.148988714821966,9.081441406901762,9.103957176208496,113800,0.0,0.0
2016-10-10 00:00:00-04:00,9.103957656324697,9.126473426818848,9.0964521609055,9.126473426818848,161300,0.0,0.0
2016-10-11 00:00:00-04:00,9.133976680820755,9.133976680820755,9.088944435119629,9.088944435119629,85200,0.0,0.0
2016-10-12 00:00:00-04:00,9.107790489072888,9.107790489072888,9.002236366271973,9.002236366271973,98600,0.055,0.0
2016-10-13 00:00:00-04:00,9.002240750554853,9.009780488504495,8.904227033325437,8.911766052246094,180300,0.0,0.0
2016-10-14 00:00:00-04:00,8.843912741270096,8.904229945565755,8.76851749420166,8.76851749420166,118800,0.0,0.0
2016-10-17 00:00:00-04:00,8.745896680030999,8.798673410930446,8.632802760780569,8.655421257019043,203300,0.0,0.0
2016-10-18 00:00:00-04:00,8.700659355316352,8.760975827319696,8.610184647311339,8.753436088562012,242500,0.0,0.0
2016-10-19 00:00:00-04:00,8.783589988579092,8.858985900878906,8.760971502500631,8.858985900878906,115900,0.0,0.0
2016-10-20 00:00:00-04:00,8.881606114632879,8.934383551120652,8.828829397173955,8.889145851135254,100600,0.0,0.0
2016-10-21 00:00:00-04:00,8.949464034199044,8.949464034199044,8.896687306543267,8.919305801391602,72600,0.0,0.0
2016-10-24 00:00:00-04:00,8.97961958227372,8.97961958227372,8.881605175196702,8.896684646606445,63500,0.0,0.0
2016-10-25 00:00:00-04:00,8.92684365596561,8.934383392333984,8.881605956784203,8.934383392333984,69000,0.0,0.0
2016-10-26 00:00:00-04:00,8.934383551120652,8.934383551120652,8.843908151149856,8.889145851135254,58200,0.0,0.0
2016-10-27 00:00:00-04:00,8.851445388388672,8.851445388388672,8.798668685831595,8.828826904296875,154300,0.0,0.0
2016-10-28 00:00:00-04:00,8.776053982178414,8.828830707469988,8.760974506935705,8.821290969848633,153700,0.0,0.0
2016-10-31 00:00:00-04:00,8.828830707469988,8.843909463683742,8.806212213634879,8.821290969848633,129600,0.0,0.0
2016-11-01 00:00:00-04:00,8.821289049334345,8.851447274224954,8.783591088463883,8.813749313354492,96600,0.0,0.0
2016-11-02 00:00:00-04:00,8.821289049334345,8.858987010204805,8.798670560423588,8.813749313354492,69800,0.0,0.0
2016-11-03 00:00:00-04:00,8.813751634091895,8.821291372057026,8.776054382324219,8.776054382324219,44900,0.0,0.0
2016-11-04 00:00:00-04:00,8.76851749420166,8.791135996419268,8.723279770737221,8.76851749420166,76800,0.0,0.0
2016-11-07 00:00:00-05:00,8.73835411064237,8.813749313354492,8.723274638682666,8.813749313354492,107800,0.0,0.0
2016-11-08 00:00:00-05:00,8.798674573708457,8.82129307293605,8.768516335061959,8.79113483428955,57300,0.0,0.0
2016-11-09 00:00:00-05:00,8.688867568969727,8.726744205901227,8.62826523885403,8.688867568969727,163500,0.055,0.0
2016-11-10 00:00:00-05:00,8.635837025505936,8.635837025505936,8.393427788208973,8.423728942871094,289900,0.0,0.0
2016-11-11 00:00:00-05:00,8.35555362701416,8.438882368722949,8.317676991913503,8.35555362701416,170100,0.0,0.0
2016-11-14 00:00:00-05:00,8.294951015620205,8.347978591918945,8.113144040290328,8.347978591918945,440700,0.0,0.0
2016-11-15 00:00:00-05:00,8.310100161039024,8.446455001831055,8.279799005036734,8.446455001831055,209300,0.0,0.0
2016-11-16 00:00:00-05:00,8.431309343483061,8.52221286063743,8.317679405212402,8.317679405212402,166300,0.0,0.0
2016-11-17 00:00:00-05:00,8.317676460487109,8.355553093167781,8.143444961567367,8.219198226928711,207700,0.0,0.0
2016-11-18 00:00:00-05:00,8.219198651379607,8.2798009778236,8.166171073913574,8.166171073913574,224200,0.0,0.0
2016-11-21 00:00:00-05:00,8.181322472997405,8.249500274658203,8.17374700116026,8.249500274658203,247500,0.0,0.0
2016-11-22 00:00:00-05:00,8.257074953396428,8.325252754473777,8.226773788743913,8.279801368713379,322900,0.0,0.0
2016-11-23 00:00:00-05:00,8.234345003335628,8.279797088033916,8.211619322204674,8.241920471191406,141300,0.0,0.0
2016-11-25 00:00:00-05:00,8.204049036341658,8.272226845234625,8.204049036341658,8.234350204467773,55600,0.0,0.0
2016-11-28 00:00:00-05:00,8.28737846636766,8.310104888124389,8.226776119890296,8.272228240966797,105800,0.0,0.0
2016-11-29 00:00:00-05:00,8.24192567710851,8.272226845234625,8.211624508982396,8.234350204467773,141600,0.0,0.0
2016-11-30 00:00:00-05:00,8.196472684909754,8.257075014664458,8.173746991860929,8.204048156738281,282200,0.0,0.0
2016-12-01 00:00:00-05:00,8.181320231195025,8.188895700956381,8.10556697845459,8.10556697845459,214300,0.0,0.0
2016-12-02 00:00:00-05:00,8.143441523368724,8.196468353271484,8.090414693465963,8.196468353271484,386300,0.0,0.0
2016-12-05 00:00:00-05:00,8.166171520032401,8.234349321615634,8.151021298812104,8.204048156738281,214600,0.0,0.0
2016-12-06 00:00:00-05:00,8.18131843655113,8.325248718261719,8.18131843655113,8.325248718261719,199300,0.0,0.0
2016-12-07 00:00:00-05:00,8.317674540335416,8.491906721469993,8.317674540335416,8.423728942871094,225500,0.0,0.0
2016-12-08 00:00:00-05:00,8.378281518443321,8.423732910626809,8.363130572757589,8.40858268737793,103200,0.0,0.0
2016-12-09 00:00:00-05:00,8.3555513465889,8.370702285468807,8.294949035942327,8.332825660705566,234300,0.0,0.0
2016-12-12 00:00:00-05:00,8.313794148634388,8.359473929347564,8.27572718066206,8.329020500183105,284800,0.055,0.0
2016-12-13 00:00:00-05:00,8.329021593684196,8.450836052401836,8.329021593684196,8.397541999816895,202800,0.0,0.0
2016-12-14 00:00:00-05:00,8.412768363952637,8.458448146778103,8.382314933379973,8.412768363952637,243700,0.0,0.0
2016-12-15 00:00:00-05:00,8.412768217102354,8.412768217102354,8.336634278966132,8.344247817993164,253800,0.0,0.0
2016-12-16 00:00:00-05:00,8.321410421912326,8.42038428073703,8.321410421912326,8.351863861083984,166300,0.0,0.0
2016-12-19 00:00:00-05:00,8.359473709643622,8.427994104979554,8.351860897102855,8.389927864074707,132800,0.0,0.0
2016-12-20 00:00:00-05:00,8.351860060898415,8.38231348621344,8.336632985207437,8.367086410522461,214100,0.0,0.0
2016-12-21 00:00:00-05:00,8.344247817993164,8.382314787061274,8.344247817993164,8.344247817993164,200200,0.0,0.0
2016-12-22 00:00:00-05:00,8.34424521836263,8.382312175571066,8.336631681707578,8.374698638916016,128600,0.0,0.0
2016-12-23 00:00:00-05:00,8.405152059469401,8.405152059469401,8.367085102260964,8.374698638916016,142700,0.0,0.0
2016-12-27 00:00:00-05:00,8.367087721167001,8.389928338281289,8.34424783011976,8.359474182128906,149000,0.0,0.0
2016-12-28 00:00:00-05:00,8.336635133491633,8.412769079431769,8.329021593684196,8.397541999816895,210400,0.0,0.0
2016-12-29 00:00:00-05:00,8.38992978093176,8.427996030533649,8.382316240584515,8.405156135559082,223300,0.0,0.0
2016-12-30 00:00:00-05:00,8.405156158580361,8.511743545532227,8.405156158580361,8.511743545532227,186600,0.0,0.0
2017-01-03 00:00:00-05:00,8.466062199182607,8.504129171222964,8.435608766763742,8.48890209197998,164500,0.0,0.0
2017-01-04 00:00:00-05:00,8.504124817994022,8.57264518737793,8.481284936888297,8.57264518737793,120300,0.0,0.0
2017-01-05 00:00:00-05:00,8.618330947347687,8.618330947347687,8.565037612323632,8.603104591369629,129900,0.0,0.0
2017-01-06 00:00:00-05:00,8.542194025523672,8.58026098812665,8.534580487789693,8.565033912658691,77400,0.0,0.0
2017-01-09 00:00:00-05:00,8.565037612323632,8.625944488370333,8.565037612323632,8.603104591369629,90700,0.0,0.0
2017-01-10 00:00:00-05:00,8.625941530913886,8.656394958496094,8.610715180156276,8.656394958496094,92500,0.0,0.0
2017-01-11 00:00:00-05:00,8.641168607738484,8.671622035320691,8.633555069326185,8.656394958496094,72800,0.0,0.0
2017-01-12 00:00:00-05:00,8.664006141583068,8.717299443847306,8.664006141583068,8.702073097229004,226900,0.0,0.0
2017-01-13 00:00:00-05:00,8.679232858693512,8.709686279296875,8.64877943809015,8.709686279296875,116400,0.0,0.0
2017-01-17 00:00:00-05:00,8.728813104631735,8.736463422780764,8.652312111864918,8.659961700439453,133700,0.055,0.0
2017-01-18 00:00:00-05:00,8.621711568843292,8.675262336737514,8.621711568843292,8.659961700439453,101600,0.0,0.0
2017-01-19 00:00:00-05:00,8.621713419605706,8.637013329613595,8.529911041259766,8.529911041259766,167100,0.0,0.0
2017-01-20 00:00:00-05:00,8.529907344343773,8.58345883009846,8.49930680801581,8.545207977294922,198200,0.0,0.0
2017-01-23 00:00:00-05:00,8.537556796703797,8.62170881026913,8.537556796703797,8.614058494567871,85000,0.0,0.0
2017-01-24 00:00:00-05:00,8.575811499371312,8.629362274195863,8.575811499371312,8.621712684631348,114400,0.0,0.0
2017-01-25 00:00:00-05:00,8.560507014233314,8.614058494567871,8.560507014233314,8.614058494567871,84200,0.0,0.0
2017-01-26 00:00:00-05:00,8.60641204635314,8.621712684631348,8.575811499371312,8.621712684631348,67500,0.0,0.0
2017-01-27 00:00:00-05:00,8.62171251690754,8.667612971700056,8.614062197917262,8.629362106323242,49400,0.0,0.0
2017-01-30 00:00:00-05:00,8.621712686237347,8.682913780212402,8.621712686237347,8.682913780212402,48800,0.0,0.0
2017-01-31 00:00:00-05:00,8.705862103187682,8.713512420654297,8.675261562895656,8.713512420654297,59500,0.0,0.0
2017-02-01 00:00:00-05:00,8.675263461071873,8.690563369778342,8.637012594943817,8.682913780212402,133100,0.0,0.0
2017-02-02 00:00:00-05:00,8.69821351808659,8.69821351808659,8.629362106323242,8.629362106323242,76000,0.0,0.0
2017-02-03 00:00:00-05:00,8.667612075805664,8.682912712204727,8.637011532582036,8.667612075805664,57300,0.0,0.0
2017-02-06 00:00:00-05:00,8.682915627256342,8.705865859985352,8.659964664952588,8.705865859985352,56400,0.0,0.0
2017-02-07 00:00:00-05:00,8.713516180753269,8.721165771946442,8.690565218449516,8.705865859985352,77700,0.0,0.0
2017-02-08 00:00:00-05:00,8.705860152295214,8.75176058766023,8.690559520790696,8.73646068572998,67700,0.0,0.0
2017-02-09 00:00:00-05:00,8.71351432719993,8.71351432719993,8.682913780212402,8.682913780212402,131100,0.0,0.0
2017-02-10 00:00:00-05:00,8.682910778686832,8.682910778686832,8.606409072875977,8.606409072875977,228600,0.0,0.0
2017-02-13 00:00:00-05:00,8.62563077680632,8.633317947387695,8.61025496932586,8.633317947387695,161900,0.055,0.0
2017-02-14 00:00:00-05:00,8.641008937687713,8.656384750660399,8.59488296508789,8.59488296508789,215000,0.0,0.0
2017-02-15 00:00:00-05:00,8.564128591452265,8.610254545304414,8.525689807802928,8.548752784729004,134100,0.0,0.0
2017-02-16 00:00:00-05:00,8.556440688090634,8.57950366501671,8.548752784729004,8.548752784729004,84600,0.0,0.0
2017-02-17 00:00:00-05:00,8.564130165516836,8.594881051456472,8.54875435596754,8.556442260742188,75800,0.0,0.0
2017-02-21 00:00:00-05:00,8.548755646233163,8.594882348684008,8.548755646233163,8.587194442749023,72800,0.0,0.0
2017-02-22 00:00:00-05:00,8.587189741413217,8.61794061515853,8.587189741413217,8.602564811706543,71200,0.0,0.0
2017-02-23 00:00:00-05:00,8.633314091438788,8.656377792358398,8.625626924290778,8.656377792358398,72800,0.0,0.0
2017-02-24 00:00:00-05:00,8.679446557174735,8.68713446261607,8.641007763127071,8.671758651733398,90500,0.0,0.0
2017-02-27 00:00:00-05:00,8.68712866042602,8.694816560732557,8.625626924290778,8.656377792358398,70400,0.0,0.0
2017-02-28 00:00:00-05:00,8.679444596643183,8.694820404052734,8.656381618687707,8.694820404052734,61400,0.0,0.0
2017-03-01 00:00:00-05:00,8.656382890917408,8.664070795752076,8.61025619506836,8.61025619506836,120300,0.0,0.0
2017-03-02 00:00:00-05:00,8.617942448666044,8.633317522230488,8.541064881367372,8.548752784729004,172400,0.0,0.0
2017-03-03 00:00:00-05:00,8.525690749828424,8.56412953772496,8.51031494140625,8.51031494140625,95700,0.0,0.0
2017-03-06 00:00:00-05:00,8.52569299777023,8.556443889563667,8.518005091532098,8.541068077087402,68200,0.0,0.0
2017-03-07 00:00:00-05:00,8.525692323049146,8.53338022867886,8.51031651178972,8.518004417419434,81800,0.0,0.0
2017-03-08 00:00:00-05:00,8.48725414276123,8.502629955134273,8.456503251174233,8.48725414276123,161800,0.0,0.0
2017-03-09 00:00:00-05:00,8.464189799737571,8.479564876485425,8.348873424913316,8.402688026428223,155100,0.0,0.0
2017-03-10 00:00:00-05:00,8.394996889709116,8.418059862531981,8.333495140075684,8.333495140075684,262200,0.0,0.0
2017-03-13 00:00:00-04:00,8.352813206008209,8.383720902274296,8.345086097717285,8.345086097717285,63600,0.055,0.0
2017-03-14 00:00:00-04:00,8.345088883078414,8.375996589660645,8.345088883078414,8.375996589660645,57300,0.0,0.0
2017-03-15 00:00:00-04:00,8.391450211770879,8.491900444030762,8.3528161305845,8.491900444030762,107600,0.0,0.0
2017-03-16 00:00:00-04:00,8.484172895618835,8.484172895618835,8.40690400033194,8.453265190124512,100800,0.0,0.0
2017-03-17 00:00:00-04:00,8.468718528747559,8.484172011435312,8.460991418954809,8.468718528747559,63700,0.0,0.0
2017-03-20 00:00:00-04:00,8.460995079558403,8.51508413461125,8.453267966422558,8.484175682067871,95500,0.0,0.0
2017-03-21 00:00:00-04:00,8.499628498549855,8.56917103144166,8.491901386695666,8.538263320922852,330900,0.0,0.0
2017-03-22 00:00:00-04:00,8.553716807733284,8.56917103144166,8.530536209068664,8.538263320922852,99400,0.0,0.0
2017-03-23 00:00:00-04:00,8.545989331910626,8.56144281673039,8.53053511019301,8.553715705871582,48100,0.0,0.0
2017-03-24 00:00:00-04:00,8.553715705871582,8.576897038448005,8.522807999334203,8.553715705871582,40600,0.0,0.0
2017-03-27 00:00:00-04:00,8.592350006103516,8.600077116497237,8.584622895709794,8.592350006103516,76500,0.0,0.0
2017-03-28 00:00:00-04:00,8.607805853814659,8.615532228770903,8.538263320922852,8.538263320922852,126000,0.0,0.0
2017-03-29 00:00:00-04:00,8.553716063854244,8.654166298529145,8.553716063854244,8.623258590698242,117700,0.0,0.0
2017-03-30 00:00:00-04:00,8.64643669128418,8.64643669128418,8.615528992375747,8.64643669128418,96800,0.0,0.0
2017-03-31 00:00:00-04:00,8.638715592203585,8.654169082641602,8.600080760761367,8.654169082641602,81700,0.0,0.0
2017-04-03 00:00:00-04:00,8.677343070097184,8.685070177873174,8.630981897236353,8.66961669921875,65900,0.0,0.0
2017-04-04 00:00:00-04:00,8.661890909187232,8.677344390192614,8.623256101327271,8.64643669128418,102700,0.0,0.0
2017-04-05 00:00:00-04:00,8.630985260009766,8.646438744685122,8.60780466454781,8.630985260009766,93400,0.0,0.0
2017-04-06 00:00:00-04:00,8.630981383864896,8.677342553968161,8.630981383864896,8.66188907623291,69500,0.0,0.0
2017-04-07 00:00:00-04:00,8.66962123999097,8.715982437133789,8.66962123999097,8.715982437133789,36800,0.0,0.0
2017-04-10 00:00:00-04:00,8.72371092942888,8.754618644714355,8.70825744023517,8.754618644714355,69800,0.0,0.0
2017-04-11 00:00:00-04:00,8.789556691870205,8.789556691870205,8.735204544992285,8.774027824401855,78200,0.055,0.0
2017-04-12 00:00:00-04:00,8.758497078228629,8.836143626957195,8.758497078228629,8.789555549621582,135800,0.0,0.0
2017-04-13 00:00:00-04:00,8.805085947910607,8.828379618428366,8.797321144240543,8.8206148147583,57700,0.0,0.0
2017-04-17 00:00:00-04:00,8.820613092330952,8.836142696638568,8.805084228515625,8.805084228515625,45500,0.0,0.0
2017-04-18 00:00:00-04:00,8.812850751580672,8.843909225768494,8.812850751580672,8.8206148147583,42200,0.0,0.0
2017-04-19 00:00:00-04:00,8.828379468843304,8.859437942504883,8.812850602258726,8.859437942504883,39400,0.0,0.0
2017-04-20 00:00:00-04:00,8.859437295378816,8.859437295378816,8.789555549621582,8.789555549621582,39300,0.0,0.0
2017-04-21 00:00:00-04:00,8.820616743938643,8.836146354675293,8.812852679062914,8.836146354675293,69100,0.0,0.0
2017-04-24 00:00:00-04:00,8.789558421420397,8.812852837945336,8.774029550896381,8.797323226928711,81500,0.0,0.0
2017-04-25 00:00:00-04:00,8.75850027043254,8.75850027043254,8.727441787719727,8.727441787719727,70400,0.0,0.0
2017-04-26 00:00:00-04:00,8.742968572258725,8.7662622416381,8.71967416238695,8.750733375549316,76600,0.0,0.0
2017-04-27 00:00:00-04:00,8.766263032703463,8.781792640686035,8.735204557230785,8.781792640686035,94200,0.0,0.0
2017-04-28 00:00:00-04:00,8.781794356404694,8.805088032437023,8.758499939879755,8.797323226928711,84100,0.0,0.0
2017-05-01 00:00:00-04:00,8.812850751580672,8.828379618428366,8.78179227739285,8.8206148147583,110000,0.0,0.0
2017-05-02 00:00:00-04:00,8.820613702275754,8.85943697523713,8.78955523200512,8.851672172546387,131100,0.0,0.0
2017-05-03 00:00:00-04:00,8.828378504966498,8.867201777927875,8.820613702275754,8.851672172546387,118700,0.0,0.0
2017-05-04 00:00:00-04:00,8.82837789448476,8.843907498792376,8.797319426361817,8.805084228515625,80000,0.0,0.0
2017-05-05 00:00:00-04:00,8.789553534740575,8.84390640258789,8.789553534740575,8.84390640258789,88800,0.0,0.0
2017-05-08 00:00:00-04:00,8.820612921690254,8.83614252569744,8.79731925617175,8.828377723693848,79200,0.0,0.0
2017-05-09 00:00:00-04:00,8.797320352592912,8.805085155564242,8.77402668417129,8.789555549621582,87600,0.0,0.0
2017-05-10 00:00:00-04:00,8.770052378992487,8.809065217127156,8.746644973754883,8.746644973754883,99900,0.055,0.0
2017-05-11 00:00:00-04:00,8.738841662730163,8.809064617773119,8.738841662730163,8.801261901855469,159500,0.0,0.0
2017-05-12 00:00:00-04:00,8.801261347833554,8.887089729309082,8.793459376514969,8.887089729309082,64100,0.0,0.0
2017-05-15 00:00:00-04:00,8.87148560380316,8.9417085647583,8.84807819818745,8.9417085647583,133700,0.0,0.0
2017-05-16 00:00:00-04:00,8.941706120530743,8.941706120530743,8.902693292430097,8.918298721313477,79600,0.0,0.0
2017-05-17 00:00:00-04:00,8.93390228639034,8.96511239613769,8.926099572926576,8.949507713317871,166300,0.0,0.0
2017-05-18 00:00:00-04:00,8.949506578299108,8.972913971614055,8.832468123509138,8.871480941772461,108500,0.0,0.0
2017-05-19 00:00:00-04:00,8.855878493995565,8.918298721313477,8.855878493995565,8.918298721313477,88400,0.0,0.0
2017-05-22 00:00:00-04:00,8.902694416054151,8.91829984690712,8.871484298456114,8.887089729309082,68500,0.0,0.0
2017-05-23 00:00:00-04:00,8.910497665405273,8.965115188447594,8.887090261831128,8.910497665405273,138800,0.0,0.0
2017-05-24 00:00:00-04:00,8.941707784873449,8.941707784873449,8.902694949511243,8.910497665405273,49100,0.0,0.0
2017-05-25 00:00:00-04:00,8.910496882779176,8.949509714714809,8.855879364534019,8.879286766052246,101100,0.0,0.0
2017-05-26 00:00:00-04:00,8.957313253799438,8.957313253799438,8.887091036952306,8.9417085647583,72200,0.0,0.0
2017-05-30 00:00:00-04:00,8.926100811208338,8.965113639831543,8.902693411677541,8.965113639831543,37000,0.0,0.0
2017-05-31 00:00:00-04:00,8.972916513755127,9.043139457702637,8.949509113808567,9.043139457702637,92800,0.0,0.0
2017-06-01 00:00:00-04:00,9.066544532775879,9.082149958143876,9.03533442614752,9.066544532775879,68800,0.0,0.0
2017-06-02 00:00:00-04:00,9.082150119927466,9.082150119927466,9.004124479912853,9.035334587097168,80900,0.0,0.0
2017-06-05 00:00:00-04:00,9.004125305222061,9.035335415267063,8.926099658055694,8.988520622253418,112100,0.0,0.0
2017-06-06 00:00:00-04:00,9.004126132531443,9.058743644101588,9.004126132531443,9.027533531188965,54400,0.0,0.0
2017-06-07 00:00:00-04:00,9.011928846786546,9.058743644101588,9.011928846786546,9.027533531188965,27200,0.0,0.0
2017-06-08 00:00:00-04:00,9.01192855834961,9.050941384268686,8.965113018425164,9.01192855834961,83800,0.0,0.0
2017-06-09 00:00:00-04:00,8.980717908715238,9.035335415267063,8.972915195177057,8.988520622253418,70200,0.0,0.0
2017-06-12 00:00:00-04:00,9.03948213623989,9.05516242980957,8.945402617854452,9.05516242980957,135900,0.055,0.0
2017-06-13 00:00:00-04:00,9.023800666800765,9.047320354464192,8.97676054379652,9.039480209350586,74400,0.0,0.0
2017-06-14 00:00:00-04:00,9.063000644691405,9.102199874904654,9.039480209350586,9.039480209350586,100700,0.0,0.0
2017-06-15 00:00:00-04:00,9.023801477492881,9.08652114868164,9.023801477492881,9.08652114868164,66000,0.0,0.0
2017-06-16 00:00:00-04:00,9.062999700825634,9.102198926956481,9.047319412231445,9.047319412231445,57500,0.0,0.0
2017-06-19 00:00:00-04:00,9.047320354464192,9.094360477468438,9.039480209350586,9.039480209350586,40500,0.0,0.0
2017-06-20 00:00:00-04:00,9.047321005483075,9.117880821228027,9.047321005483075,9.117880821228027,37900,0.0,0.0
2017-06-21 00:00:00-04:00,9.10219955444336,9.141399530953885,9.10219955444336,9.10219955444336,62900,0.0,0.0
2017-06-22 00:00:00-04:00,9.14140223516955,9.14140223516955,9.125722688533425,9.133562088012695,26900,0.0,0.0
2017-06-23 00:00:00-04:00,9.13356305025935,9.141403198242188,9.125723649954177,9.141403198242188,27300,0.0,0.0
2017-06-26 00:00:00-04:00,9.157086172658147,9.17276572553243,9.141405872105981,9.164925575256348,52800,0.0,0.0
2017-06-27 00:00:00-04:00,9.14140223516955,9.164921928962531,9.11788254137657,9.133562088012695,46500,0.0,0.0
2017-06-28 00:00:00-04:00,9.133561310137052,9.14140145662619,9.110041618347168,9.110041618347168,72900,0.0,0.0
2017-06-29 00:00:00-04:00,9.078681341451208,9.117881324325502,9.008121521812974,9.031641960144043,176200,0.0,0.0
2017-06-30 00:00:00-04:00,9.015962443562918,9.078682122486542,9.015962443562918,9.05516242980957,80000,0.0,0.0
2017-07-03 00:00:00-04:00,9.070841653590021,9.12572193145752,9.070841653590021,9.12572193145752,32400,0.0,0.0
2017-07-05 00:00:00-04:00,9.10219955444336,9.133559386116307,9.070839722770412,9.10219955444336,55700,0.0,0.0
2017-07-06 00:00:00-04:00,9.07084119534085,9.09436163367192,9.015961667923332,9.031641960144043,82800,0.0,0.0
2017-07-07 00:00:00-04:00,9.023801793125882,9.06300177590935,9.0081215009415,9.015961647033691,68000,0.0,0.0
2017-07-10 00:00:00-04:00,9.031642737132598,9.05516242980957,9.031642737132598,9.05516242980957,70000,0.0,0.0
2017-07-11 00:00:00-04:00,9.05516018077262,9.164919217789254,9.05516018077262,9.10219955444336,39900,0.0,0.0
2017-07-12 00:00:00-04:00,9.153404350655522,9.161281815324719,9.137650172553512,9.145526885986328,31700,0.055,0.0
2017-07-13 00:00:00-04:00,9.161280202722853,9.177034378051758,9.137648564111371,9.177034378051758,36400,0.0,0.0
2017-07-14 00:00:00-04:00,9.18491308931775,9.224299659845961,9.169158911848275,9.208544731140137,57600,0.0,0.0
2017-07-17 00:00:00-04:00,9.271565647341015,9.271565647341015,9.153405910871658,9.169160842895508,49100,0.0,0.0
2017-07-18 00:00:00-04:00,9.224298406510966,9.224298406510966,9.161280202722853,9.177034378051758,54900,0.0,0.0
2017-07-19 00:00:00-04:00,9.177034378051758,9.200666767899484,9.161280202722853,9.177034378051758,33900,0.0,0.0
2017-07-20 00:00:00-04:00,9.184911841334333,9.208543479945813,9.169157666005429,9.177034378051758,39900,0.0,0.0
2017-07-21 00:00:00-04:00,9.18491308931775,9.208544731140137,9.169158911848275,9.208544731140137,45400,0.0,0.0
2017-07-24 00:00:00-04:00,9.25580913764593,9.25580913764593,9.137650172553512,9.145526885986328,66200,0.0,0.0
2017-07-25 00:00:00-04:00,9.137651154895167,9.137651154895167,9.098264578551321,9.106142044067383,56900,0.0,0.0
2017-07-26 00:00:00-04:00,9.090384535652163,9.177034378051758,9.090384535652163,9.177034378051758,65700,0.0,0.0
2017-07-27 00:00:00-04:00,9.153405910871658,9.184915023682851,9.153405910871658,9.169160842895508,57800,0.0,0.0
2017-07-28 00:00:00-04:00,9.161279213933229,9.23217487335205,9.137647577872343,9.23217487335205,69600,0.0,0.0
2017-07-31 00:00:00-04:00,9.232177768865762,9.318827629089355,9.208545374156817,9.318827629089355,137600,0.0,0.0
2017-08-01 00:00:00-04:00,9.279439226483916,9.373966532975599,9.279439226483916,9.366089820861816,57200,0.0,0.0
2017-08-02 00:00:00-04:00,9.342460898468367,9.397602411149338,9.279442670749997,9.287320137023926,195800,0.0,0.0
2017-08-03 00:00:00-04:00,9.279439926147461,9.310949030687121,9.271563213439778,9.279439926147461,104600,0.0,0.0
2017-08-04 00:00:00-04:00,9.279440407843648,9.279440407843648,9.208544731140137,9.208544731140137,53700,0.0,0.0
2017-08-07 00:00:00-04:00,9.271561904279656,9.271561904279656,9.153402215513045,9.161279678344727,144800,0.0,0.0
2017-08-08 00:00:00-04:00,9.137647577872343,9.23217487335205,9.137647577872343,9.23217487335205,133700,0.0,0.0
2017-08-09 00:00:00-04:00,9.180736673551266,9.244052036421662,9.133249774009139,9.164907455444336,91900,0.055,0.0
2017-08-10 00:00:00-04:00,9.156988853967173,9.172818065172608,9.085758913099385,9.117417335510254,74700,0.0,0.0
2017-08-11 00:00:00-04:00,9.085758968792678,9.204475789226139,9.085758968792678,9.180732727050781,68800,0.0,0.0
2017-08-14 00:00:00-04:00,9.22822242000623,9.22822242000623,9.141163988511718,9.188650131225586,68900,0.0,0.0
2017-08-15 00:00:00-04:00,9.133246810710968,9.188647546553032,9.109503746032715,9.109503746032715,98800,0.0,0.0
2017-08-16 00:00:00-04:00,9.101587794466266,9.275705337524414,9.101587794466266,9.275705337524414,95800,0.0,0.0
2017-08-17 00:00:00-04:00,9.244049635506139,9.283621160938404,9.220305814512619,9.267792701721191,137100,0.0,0.0
2017-08-18 00:00:00-04:00,9.362764177885595,9.362764177885595,9.220304294523201,9.315278053283691,71700,0.0,0.0
2017-08-21 00:00:00-04:00,9.28362264645767,9.362767219543457,9.28362264645767,9.362767219543457,75600,0.0,0.0
2017-08-22 00:00:00-04:00,9.346938757793453,9.370681827807754,9.33110954126486,9.362767219543457,56700,0.0,0.0
2017-08-23 00:00:00-04:00,9.35484822972702,9.386505893178043,9.315276716496916,9.339019775390625,71300,0.0,0.0
2017-08-24 00:00:00-04:00,9.299448519018199,9.339020791331388,9.275705457541614,9.331106185913086,75400,0.0,0.0
2017-08-25 00:00:00-04:00,9.331109506162434,9.339024114396958,9.283622611533886,9.29945182800293,51900,0.0,0.0
2017-08-28 00:00:00-04:00,9.32319196684605,9.32319196684605,9.259876630432501,9.307363510131836,49800,0.0,0.0
2017-08-29 00:00:00-04:00,9.315278115878117,9.362764240799105,9.307363510131836,9.307363510131836,96900,0.0,0.0
2017-08-30 00:00:00-04:00,9.32319196684605,9.354849635052824,9.307363510131836,9.307363510131836,77300,0.0,0.0
2017-08-31 00:00:00-04:00,9.291537219768408,9.378596400790984,9.291537219768408,9.29945182800293,74900,0.0,0.0
2017-09-01 00:00:00-04:00,9.26779073220852,9.32319145986317,9.26779073220852,9.275705337524414,104000,0.0,0.0
2017-09-05 00:00:00-04:00,9.275705337524414,9.307363004009687,9.259876126892625,9.275705337524414,115700,0.0,0.0
2017-09-06 00:00:00-04:00,9.3073631244365,9.331106185913086,9.267790852123312,9.331106185913086,65300,0.0,0.0
2017-09-07 00:00:00-04:00,9.299450483617324,9.35485122369274,9.275707417124785,9.323193550109863,147000,0.0,0.0
2017-09-08 00:00:00-04:00,9.354851681440634,9.362766288918246,9.291536331176758,9.291536331176758,90100,0.0,0.0
2017-09-11 00:00:00-04:00,9.307365546131983,9.33110861378631,9.283621723699145,9.291536331176758,69700,0.0,0.0
2017-09-12 00:00:00-04:00,9.335268829629262,9.335268829629262,9.271655472840012,9.295510292053223,73800,0.055,0.0
2017-09-13 00:00:00-04:00,9.271659026834667,9.343224270237585,9.271659026834667,9.311417579650879,38400,0.0,0.0
2017-09-14 00:00:00-04:00,9.311416883568373,9.351175433412402,9.303465021933315,9.343223571777344,77600,0.0,0.0
2017-09-15 00:00:00-04:00,9.375026188011988,9.375026188011988,9.351171371799243,9.359123229980469,18000,0.0,0.0
2017-09-18 00:00:00-04:00,9.351173383196462,9.367076344648641,9.303462982177734,9.303462982177734,39700,0.0,0.0
2017-09-19 00:00:00-04:00,9.279606819152832,9.327316454942421,9.279606819152832,9.279606819152832,94800,0.0,0.0
2017-09-20 00:00:00-04:00,9.3034641193444,9.3034641193444,9.255754470825195,9.255754470825195,141100,0.0,0.0
2017-09-21 00:00:00-04:00,9.239851819942723,9.271658508752132,9.168286580538735,9.200093269348145,126000,0.0,0.0
2017-09-22 00:00:00-04:00,9.200089210996389,9.263702560554025,9.200089210996389,9.21599292755127,63200,0.0,0.0
2017-09-25 00:00:00-04:00,9.295514428363068,9.295514428363068,9.247804768706844,9.28756332397461,57700,0.0,0.0
2017-09-26 00:00:00-04:00,9.303461637047626,9.303461637047626,9.263703101668977,9.279606819152832,47500,0.0,0.0
2017-09-27 00:00:00-04:00,9.279605880521526,9.279605880521526,9.176234002325488,9.192137718200684,91500,0.0,0.0
2017-09-28 00:00:00-04:00,9.192137006269428,9.20803996258203,9.144426620669924,9.176233291625977,103800,0.0,0.0
2017-09-29 00:00:00-04:00,9.22394423954638,9.22394423954638,9.14442717814321,9.152379035949707,100900,0.0,0.0
2017-10-02 00:00:00-04:00,9.136478300122532,9.215995387459532,9.10467161685396,9.144430160522461,71000,0.0,0.0
2017-10-03 00:00:00-04:00,9.120572605344757,9.168282236789356,9.120572605344757,9.136475563049316,63400,0.0,0.0
2017-10-04 00:00:00-04:00,9.120576538181012,9.176238051644864,9.120576538181012,9.128527641296387,62600,0.0,0.0
2017-10-05 00:00:00-04:00,9.112623230645573,9.16828473527646,9.112623230645573,9.160333633422852,56900,0.0,0.0
2017-10-06 00:00:00-04:00,9.128523462530216,9.192137566651292,9.120572363054618,9.152379035949707,84500,0.0,0.0
2017-10-09 00:00:00-04:00,9.144429913053383,9.184188455645927,9.144429913053383,9.160333633422852,42600,0.0,0.0
2017-10-10 00:00:00-04:00,9.144431364189629,9.176238051644864,9.128527641296387,9.128527641296387,108500,0.0,0.0
2017-10-11 00:00:00-04:00,9.128526824528556,9.168285369873047,9.128526824528556,9.168285369873047,78300,0.0,0.0
2017-10-12 00:00:00-04:00,9.164289507193855,9.228207767379356,9.164289507193855,9.212227821350098,56700,0.055,0.0
2017-10-13 00:00:00-04:00,9.204234712778556,9.292122092826366,9.204234712778556,9.220213890075684,36500,0.0,0.0
2017-10-16 00:00:00-04:00,9.228207361673121,9.228207361673121,9.140319186307623,9.180268287658691,217900,0.0,0.0
2017-10-17 00:00:00-04:00,9.148311918702149,9.188261032104492,9.14032194362849,9.188261032104492,53300,0.0,0.0
2017-10-18 00:00:00-04:00,9.156299501501191,9.164289474487305,9.116350398536387,9.164289474487305,88200,0.0,0.0
2017-10-19 00:00:00-04:00,9.180271057030831,9.188261032104492,9.14032194362849,9.188261032104492,44300,0.0,0.0
2017-10-20 00:00:00-04:00,9.18026970446231,9.18026970446231,9.140320596945841,9.15630054473877,62400,0.0,0.0
2017-10-23 00:00:00-04:00,9.156301711428895,9.220219986813332,9.100373410959,9.204240798950195,100200,0.0,0.0
2017-10-24 00:00:00-04:00,9.204238577452108,9.204238577452108,9.156299501501191,9.164289474487305,80400,0.0,0.0
2017-10-25 00:00:00-04:00,9.16428691653847,9.16428691653847,9.052429611851942,9.084388732910156,144200,0.0,0.0
2017-10-26 00:00:00-04:00,9.068413860257358,9.116352183629422,8.93258734075999,8.940576553344727,262400,0.0,0.0
2017-10-27 00:00:00-04:00,8.916606039317848,8.972534328758172,8.86866772321637,8.908616065979004,221500,0.0,0.0
2017-10-30 00:00:00-04:00,8.9166036468167,9.036450928844593,8.900624466392337,9.004491806030273,103500,0.0,0.0
2017-10-31 00:00:00-04:00,9.020475174497657,9.020475174497657,8.972536087036133,8.972536087036133,58600,0.0,0.0
2017-11-01 00:00:00-04:00,8.972532959922018,9.028462002795687,8.972532959922018,8.996502876281738,61700,0.0,0.0
2017-11-02 00:00:00-04:00,8.988513487178702,9.028462588403753,8.97253354190239,9.012482643127441,75100,0.0,0.0
2017-11-03 00:00:00-04:00,8.996502876281738,9.004492848401645,8.956553777647883,8.996502876281738,64500,0.0,0.0
2017-11-06 00:00:00-05:00,9.020472526550293,9.028462499109425,8.980523425720351,9.020472526550293,81000,0.0,0.0
2017-11-07 00:00:00-05:00,8.996501834835296,9.044440138073979,8.996501834835296,9.004491806030273,70000,0.0,0.0
2017-11-08 00:00:00-05:00,9.020472526550293,9.052431654821103,9.020472526550293,9.020472526550293,90400,0.0,0.0
2017-11-09 00:00:00-05:00,9.044442176818848,9.044442176818848,8.988513889778162,9.044442176818848,76800,0.0,0.0
2017-11-10 00:00:00-05:00,9.012480520037785,9.084388732910156,8.98851136973551,9.084388732910156,68300,0.0,0.0
2017-11-13 00:00:00-05:00,9.084391965994955,9.084391965994955,9.028463674729897,9.068412780761719,89600,0.0,0.0
2017-11-14 00:00:00-05:00,9.072425864262872,9.104540614914157,9.056368106099203,9.088482856750488,97600,0.055,0.0
2017-11-15 00:00:00-05:00,9.11256970415714,9.144684455549081,9.096511945623135,9.104540824890137,165400,0.0,0.0
2017-11-16 00:00:00-05:00,9.13665557628208,9.13665557628208,9.088483066356131,9.104540824890137,53100,0.0,0.0
2017-11-17 00:00:00-05:00,9.08848245249368,9.144683837890625,9.08848245249368,9.144683837890625,54900,0.0,0.0
2017-11-20 00:00:00-05:00,9.12862648648361,9.136655365565444,9.072425864262872,9.088482856750488,211700,0.0,0.0
2017-11-21 00:00:00-05:00,9.072426073498196,9.13665557628208,9.05636831496419,9.104540824890137,125800,0.0,0.0
2017-11-22 00:00:00-05:00,9.14468362682978,9.14468362682978,9.07242525132717,9.128625869750977,123000,0.0,0.0
2017-11-24 00:00:00-05:00,9.112569808959961,9.152712674404516,9.07242617783933,9.112569808959961,33400,0.0,0.0
2017-11-27 00:00:00-05:00,9.104542610552484,9.112571491394181,9.072427852861916,9.080456733703613,123100,0.0,0.0
2017-11-28 00:00:00-05:00,9.080454848147372,9.104540719994812,9.064397089798371,9.096511840820312,211900,0.0,0.0
2017-11-29 00:00:00-05:00,9.080455057198671,9.120597922643224,9.016224788000013,9.112569808959961,126900,0.0,0.0
2017-11-30 00:00:00-05:00,9.152713297994717,9.152713297994717,9.056369036146744,9.072426795959473,74800,0.0,0.0
2017-12-01 00:00:00-05:00,9.06439662498548,9.09651137436061,9.032281875610352,9.032281875610352,94900,0.0,0.0
2017-12-04 00:00:00-05:00,9.032283162103784,9.072426795959473,8.992139528248098,9.072426795959473,170200,0.0,0.0
2017-12-05 00:00:00-05:00,9.03228223452975,9.12862648648361,9.016224476366082,9.088482856750488,153700,0.0,0.0
2017-12-06 00:00:00-05:00,9.080454821233552,9.24905745501803,9.080454821233552,9.224970817565918,157500,0.0,0.0
2017-12-07 00:00:00-05:00,9.208915229723951,9.305259497201149,9.208915229723951,9.289201736450195,131200,0.0,0.0
2017-12-08 00:00:00-05:00,9.24905861954148,9.281173374511715,9.224971979056686,9.241029739379883,116300,0.0,0.0
2017-12-11 00:00:00-05:00,9.241032615224125,9.29723326249285,9.224974849903692,9.257089614868164,84800,0.0,0.0
2017-12-12 00:00:00-05:00,9.244985088347342,9.261119042663658,9.220783772199885,9.228850364685059,162600,0.055,0.0
2017-12-13 00:00:00-05:00,9.261118733278028,9.261118733278028,9.15624611036053,9.212716102600098,91800,0.0,0.0
2017-12-14 00:00:00-05:00,9.236917649266347,9.236917649266347,9.132044254376481,9.204648971557617,277200,0.0,0.0
2017-12-15 00:00:00-05:00,9.269186638389183,9.269186638389183,9.140111923217773,9.140111923217773,123600,0.0,0.0
2017-12-18 00:00:00-05:00,9.10784579357048,9.212719221336203,9.10784579357048,9.123980522155762,149100,0.0,0.0
2017-12-19 00:00:00-05:00,9.123976824282488,9.123976824282488,9.035237391721212,9.059438705444336,209100,0.0,0.0
2017-12-20 00:00:00-05:00,9.067506066467342,9.115909463259483,9.019103439021093,9.059438705444336,188000,0.0,0.0
2017-12-21 00:00:00-05:00,9.059438165598287,9.123976280590654,9.051371574401855,9.051371574401855,192500,0.0,0.0
2017-12-22 00:00:00-05:00,9.002971583495853,9.11591236574028,9.002971583495853,9.091711044311523,109100,0.0,0.0
2017-12-26 00:00:00-05:00,9.132044948165651,9.132044948165651,9.083642312598242,9.099776268005371,87500,0.0,0.0
2017-12-27 00:00:00-05:00,9.099774782865781,9.172379493713379,9.091708191151744,9.172379493713379,132200,0.0,0.0
2017-12-28 00:00:00-05:00,9.14817882367507,9.16431277758445,9.107842784882688,9.156246185302734,180800,0.0,0.0
2017-12-29 00:00:00-05:00,9.156247213848843,9.180448532104492,9.13204512624716,9.180448532104492,163600,0.0,0.0
2018-01-02 00:00:00-05:00,9.204649280803478,9.204649280803478,9.123977968494343,9.140111923217773,119900,0.0,0.0
2018-01-03 00:00:00-05:00,9.244985011030021,9.26918632697508,9.172380293848887,9.204648971557617,130600,0.0,0.0
2018-01-04 00:00:00-05:00,9.180447500839783,9.220783539632164,9.140111462047402,9.156246185302734,181400,0.0,0.0
2018-01-05 00:00:00-05:00,9.140110818819545,9.220782890727076,9.099774782865781,9.172379493713379,222700,0.0,0.0
2018-01-08 00:00:00-05:00,9.244984436603238,9.244984436603238,9.156245770754396,9.164312362670898,78000,0.0,0.0
2018-01-09 00:00:00-05:00,9.196581686554367,9.196581686554367,9.132044330598237,9.148179054260254,103000,0.0,0.0
2018-01-10 00:00:00-05:00,9.156247035295378,9.156247035295378,9.091709674974817,9.099776268005371,140000,0.0,0.0
2018-01-11 00:00:00-05:00,9.099775882390212,9.156246647287194,9.099775882390212,9.140111923217773,66400,0.0,0.0
2018-01-12 00:00:00-05:00,9.132046323577407,9.1562484143523,9.091711044311523,9.091711044311523,149600,0.0,0.0
2018-01-16 00:00:00-05:00,9.132047026190317,9.140114390402646,9.059442286971754,9.067509651184082,158400,0.0,0.0
2018-01-17 00:00:00-05:00,9.123980431324185,9.123980431324185,9.059442286971754,9.067509651184082,99200,0.0,0.0
2018-01-18 00:00:00-05:00,9.07557487487793,9.115910917079923,9.05137355729514,9.07557487487793,124700,0.0,0.0
2018-01-19 00:00:00-05:00,9.107839498026374,9.107839498026374,9.043302166987313,9.083638191223145,85000,0.0,0.0
2018-01-22 00:00:00-05:00,9.099776036876182,9.12397812339119,9.067507357535508,9.107843399047852,119300,0.0,0.0
2018-01-23 00:00:00-05:00,9.15242857546243,9.15242857546243,9.095682144165039,9.095682144165039,195700,0.055,0.0
2018-01-24 00:00:00-05:00,9.120000582991194,9.120000582991194,9.030827522277832,9.030827522277832,116500,0.0,0.0
2018-01-25 00:00:00-05:00,9.071360239712615,9.071360239712615,9.00650696408253,9.030827522277832,130600,0.0,0.0
2018-01-26 00:00:00-05:00,9.095682679481767,9.095682679481767,8.982189037095297,9.006508827209473,178100,0.0,0.0
2018-01-29 00:00:00-05:00,8.974081275606437,8.998401836374535,8.884908205459746,8.901121139526367,201500,0.0,0.0
2018-01-30 00:00:00-05:00,8.8930137110509,8.8930137110509,8.83626651763916,8.83626651763916,186300,0.0,0.0
2018-01-31 00:00:00-05:00,8.909226642659974,8.933547199741573,8.83626651763916,8.83626651763916,107200,0.0,0.0
2018-02-01 00:00:00-05:00,8.836267319608263,8.868693958881405,8.787627747254579,8.828161239624023,129100,0.0,0.0
2018-02-02 00:00:00-05:00,8.828162152685632,8.828162152685632,8.738988305627544,8.803841590881348,170500,0.0,0.0
2018-02-05 00:00:00-05:00,8.820056208419956,8.820056208419956,8.73898920693567,8.747096061706543,125300,0.0,0.0
2018-02-06 00:00:00-05:00,8.755202483136138,8.828162626238369,8.747095628766516,8.787629127502441,128200,0.0,0.0
2018-02-07 00:00:00-05:00,8.852485506993256,8.941658616856461,8.820058851305506,8.876805305480957,169300,0.0,0.0
2018-02-08 00:00:00-05:00,8.876802586754533,8.893016296188812,8.836269086281053,8.852482795715332,59200,0.0,0.0
2018-02-09 00:00:00-05:00,8.860589027404785,8.884908816733953,8.79573574045223,8.860589027404785,118400,0.0,0.0
2018-02-12 00:00:00-05:00,8.917337529500486,8.917337529500486,8.820057576497598,8.868697166442871,111700,0.0,0.0
2018-02-13 00:00:00-05:00,8.884909196262853,8.93354955011108,8.868695487276046,8.925442695617676,101100,0.0,0.0
2018-02-14 00:00:00-05:00,8.937660529905619,8.945807305217787,8.921365425294576,8.929512977600098,85900,0.055,0.0
2018-02-15 00:00:00-05:00,8.913221043734096,8.962105597963822,8.888779155116046,8.921368598937988,68000,0.0,0.0
2018-02-16 00:00:00-05:00,8.921368598937988,8.937663709345774,8.913221043734096,8.921368598937988,84200,0.0,0.0
2018-02-20 00:00:00-05:00,8.880631300332745,8.945810185777882,8.82359996981665,8.864336967468262,146700,0.0,0.0
2018-02-21 00:00:00-05:00,8.872484522397304,8.880631300332745,8.848041857610175,8.864336967468262,24900,0.0,0.0
2018-02-22 00:00:00-05:00,8.896930422426307,8.896930422426307,8.782866932961472,8.81545639038086,94900,0.0,0.0
2018-02-23 00:00:00-05:00,8.89692641019083,8.89692641019083,8.82359996981665,8.864336967468262,88100,0.0,0.0
2018-02-26 00:00:00-05:00,8.888780128849517,8.913222020145085,8.848043125361091,8.85619068145752,58700,0.0,0.0
2018-02-27 00:00:00-05:00,8.896928177658532,8.913222513760054,8.782864716972842,8.823601722717285,77500,0.0,0.0
2018-02-28 00:00:00-05:00,8.87248611093583,8.87248611093583,8.823601549602836,8.848043441772461,72500,0.0,0.0
2018-03-01 00:00:00-05:00,8.831748962402344,8.864338410429914,8.807307070630099,8.831748962402344,89300,0.0,0.0
2018-03-02 00:00:00-05:00,8.872484854985725,8.872484854985725,8.782863301393961,8.791010856628418,87900,0.0,0.0
2018-03-05 00:00:00-05:00,8.81545210484543,8.839894768772904,8.782862663269043,8.782862663269043,50900,0.0,0.0
2018-03-06 00:00:00-05:00,8.815452745338156,8.815452745338156,8.76656896791868,8.791010856628418,62200,0.0,0.0
2018-03-07 00:00:00-05:00,8.782862663269043,8.791010217911534,8.766568330977638,8.782862663269043,49900,0.0,0.0
2018-03-08 00:00:00-05:00,8.782866973602646,8.807309649525756,8.76657263331453,8.774720191955566,35300,0.0,0.0
2018-03-09 00:00:00-05:00,8.766568330977638,8.831747214130413,8.758420776335146,8.782862663269043,44000,0.0,0.0
2018-03-12 00:00:00-04:00,8.807307386615763,8.823601722717285,8.782864716972842,8.823601722717285,18700,0.0,0.0
2018-03-13 00:00:00-04:00,8.82360157918363,8.82360157918363,8.791012130516961,8.807307243347168,58700,0.0,0.0
2018-03-14 00:00:00-04:00,8.792572687822535,8.817133509390201,8.751638765959378,8.759825706481934,82300,0.052,0.0
2018-03-15 00:00:00-04:00,8.759821836487388,8.784381866455078,8.735261806519697,8.784381866455078,120600,0.0,0.0
2018-03-16 00:00:00-04:00,8.776195462405093,8.776195462405093,8.702514593833946,8.72707462310791,91600,0.0,0.0
2018-03-19 00:00:00-04:00,8.718888395980398,8.718888395980398,8.653394458753732,8.669768333435059,60000,0.0,0.0
2018-03-20 00:00:00-04:00,8.653394458753732,8.67795527077572,8.645208302162388,8.669768333435059,67100,0.0,0.0
2018-03-21 00:00:00-04:00,8.677954555419712,8.677954555419712,8.604273686926172,8.653393745422363,83400,0.0,0.0
2018-03-22 00:00:00-04:00,8.645210266113281,8.653396424564294,8.612463290060747,8.645210266113281,49300,0.0,0.0
2018-03-23 00:00:00-04:00,8.653392247157111,8.653392247157111,8.59608526191738,8.637019157409668,110200,0.0,0.0
2018-03-26 00:00:00-04:00,8.628834371305185,8.694328308105469,8.587900465617679,8.694328308105469,182400,0.0,0.0
2018-03-27 00:00:00-04:00,8.653393863434788,8.68614082979526,8.628833833851749,8.67795467376709,110900,0.0,0.0
2018-03-28 00:00:00-04:00,8.686141370818104,8.718888339218246,8.62064743401782,8.694328308105469,108100,0.0,0.0
2018-03-29 00:00:00-04:00,8.718888938424117,8.751635909074794,8.686141967773438,8.686141967773438,67900,0.0,0.0
2018-04-02 00:00:00-04:00,8.751636024408928,8.759822962366831,8.686142082244455,8.710702896118164,82100,0.0,0.0
2018-04-03 00:00:00-04:00,8.718888395980398,8.718888395980398,8.669768333435059,8.669768333435059,74700,0.0,0.0
2018-04-04 00:00:00-04:00,8.710702896118164,8.718889053326691,8.70251595816026,8.710702896118164,52500,0.0,0.0
2018-04-05 00:00:00-04:00,8.70251595816026,8.735262929242499,8.70251595816026,8.710702896118164,61000,0.0,0.0
2018-04-06 00:00:00-04:00,8.71070432380157,8.768011337400752,8.71070432380157,8.75163745880127,54300,0.0,0.0
2018-04-09 00:00:00-04:00,8.759824398101012,8.759824398101012,8.735264360951291,8.75163745880127,29900,0.0,0.0
2018-04-10 00:00:00-04:00,8.768009841651677,8.768009841651677,8.727075932885455,8.735262870788574,44200,0.0,0.0
2018-04-11 00:00:00-04:00,8.751634652381874,8.751634652381874,8.718887686433504,8.72707462310791,63900,0.0,0.0
2018-04-12 00:00:00-04:00,8.727075333321062,8.735262270661725,8.661581396094396,8.669768333435059,97200,0.0,0.0
2018-04-13 00:00:00-04:00,8.669770408052365,8.75163745880127,8.669770408052365,8.75163745880127,99500,0.0,0.0
2018-04-16 00:00:00-04:00,8.736828704069884,8.753282618887887,8.687468528747559,8.687468528747559,83000,0.052,0.0
2018-04-17 00:00:00-04:00,8.679242697917791,8.712149747259343,8.654562607053116,8.671015739440918,88500,0.0,0.0
2018-04-18 00:00:00-04:00,8.629878269906664,8.679239216401731,8.629878269906664,8.654559135437012,71100,0.0,0.0
2018-04-19 00:00:00-04:00,8.695692342189668,8.695692342189668,8.629878269906664,8.654559135437012,77100,0.0,0.0
2018-04-20 00:00:00-04:00,8.654559865414814,8.671012992590509,8.61342587062704,8.629878997802734,101500,0.0,0.0
2018-04-23 00:00:00-04:00,8.613424072298026,8.6298771960386,8.588743209838867,8.588743209838867,82200,0.0,0.0
2018-04-24 00:00:00-04:00,8.629880018848505,8.629880018848505,8.564065933227539,8.564065933227539,119800,0.0,0.0
2018-04-25 00:00:00-04:00,8.596974276997603,8.596974276997603,8.49825313362692,8.547614097595215,278800,0.0,0.0
2018-04-26 00:00:00-04:00,8.522931374619446,8.613426324837748,8.522931374619446,8.57229232788086,152500,0.0,0.0
2018-04-27 00:00:00-04:00,8.621654510498047,8.629881468724298,8.596974420385218,8.621654510498047,130100,0.0,0.0
2018-04-30 00:00:00-04:00,8.662785306048166,8.662785306048166,8.58874427858838,8.654559135437012,83400,0.0,0.0
2018-05-01 00:00:00-04:00,8.646334526268394,8.69569470159072,8.638107568859393,8.687468528747559,114800,0.0,0.0
2018-05-02 00:00:00-04:00,8.679238319396973,8.695691443484469,8.662784410743928,8.679238319396973,51100,0.0,0.0
2018-05-03 00:00:00-04:00,8.687462477217087,8.72859566647777,8.679235525538832,8.7039155960083,77300,0.0,0.0
2018-05-04 00:00:00-04:00,8.703920756151891,8.720374669263148,8.687467627606393,8.71214771270752,61000,0.0,0.0
2018-05-07 00:00:00-04:00,8.753276521512532,8.753276521512532,8.687462477217087,8.7039155960083,46800,0.0,0.0
2018-05-08 00:00:00-04:00,8.70391839781099,8.728598476225008,8.662784410743928,8.679238319396973,117600,0.0,0.0
2018-05-09 00:00:00-04:00,8.68746589203148,8.720372927114092,8.68746589203148,8.69569206237793,42700,0.0,0.0
2018-05-10 00:00:00-04:00,8.745054414485931,8.753281370721817,8.695693461636345,8.72860050201416,90500,0.0,0.0
2018-05-11 00:00:00-04:00,8.745054414485931,8.745054414485931,8.712147374108117,8.72860050201416,59700,0.0,0.0
2018-05-14 00:00:00-04:00,8.771590190471072,8.771590190471072,8.672382852762512,8.705451965332031,144900,0.052,0.0
2018-05-15 00:00:00-04:00,8.697185735463282,8.697185735463282,8.66411583272643,8.672383308410645,96000,0.0,0.0
2018-05-16 00:00:00-04:00,8.713723182678223,8.713723182678223,8.647584929136201,8.713723182678223,140100,0.0,0.0
2018-05-17 00:00:00-04:00,8.697186122018287,8.705452809640045,8.647582054138184,8.647582054138184,68900,0.0,0.0
2018-05-18 00:00:00-04:00,8.66411583272643,8.672383308410645,8.647581669787881,8.672383308410645,61900,0.0,0.0
2018-05-21 00:00:00-04:00,8.705452203403498,8.705452203403498,8.66411561445369,8.697185516357422,66600,0.0,0.0
2018-05-22 00:00:00-04:00,8.697189013507804,8.713723182678223,8.66411909830662,8.713723182678223,67300,0.0,0.0
2018-05-23 00:00:00-04:00,8.738524830648938,8.738524830648938,8.680654055907212,8.713723182678223,63100,0.0,0.0
2018-05-24 00:00:00-04:00,8.738522381932748,8.771591499437102,8.721988217395547,8.755057334899902,82800,0.0,0.0
2018-05-25 00:00:00-04:00,8.779858405773538,8.779858405773538,8.730255126953125,8.730255126953125,54100,0.0,0.0
2018-05-29 00:00:00-04:00,8.779858442507628,8.796393394470215,8.763324278974947,8.796393394470215,97700,0.0,0.0
2018-05-30 00:00:00-04:00,8.730252148935842,8.90386514244515,8.730252148935842,8.870795249938965,219500,0.0,0.0
2018-05-31 00:00:00-04:00,8.92866862052809,8.92866862052809,8.87079708509963,8.879064559936523,141800,0.0,0.0
2018-06-01 00:00:00-04:00,8.903866984447204,8.903866984447204,8.821193812937858,8.879064559936523,121500,0.0,0.0
2018-06-04 00:00:00-04:00,8.903867368394627,8.903867368394627,8.845995830470663,8.854263305664062,29700,0.0,0.0
2018-06-05 00:00:00-04:00,8.870799527738445,8.870799527738445,8.837730407714844,8.837730407714844,57600,0.0,0.0
2018-06-06 00:00:00-04:00,8.755056802993654,8.829462509965483,8.755056802993654,8.796393394470215,68700,0.0,0.0
2018-06-07 00:00:00-04:00,8.788125918488921,8.796393394470215,8.738521851031068,8.796393394470215,125400,0.0,0.0
2018-06-08 00:00:00-04:00,8.730253909768413,8.829461242007513,8.730253909768413,8.812926292419434,89300,0.0,0.0
2018-06-11 00:00:00-04:00,8.829461242007513,8.83772792837176,8.804658817625393,8.812926292419434,102000,0.0,0.0
2018-06-12 00:00:00-04:00,8.847820035405594,8.856128038093726,8.822896819635943,8.839512825012207,95300,0.052,0.0
2018-06-13 00:00:00-04:00,8.82289578022017,8.83951178363892,8.764741352843847,8.773049354553223,62300,0.0,0.0
2018-06-14 00:00:00-04:00,8.764740105532686,8.814586524105986,8.748124104478562,8.789663314819336,124000,0.0,0.0
2018-06-15 00:00:00-04:00,8.77305041696085,8.814588845948684,8.739819198393732,8.7979736328125,90900,0.0,0.0
2018-06-18 00:00:00-04:00,8.773050823350562,8.806282043457031,8.739819603244092,8.806282043457031,108500,0.0,0.0
2018-06-19 00:00:00-04:00,8.83120452402484,8.872743743767646,8.764742089354234,8.856127738952637,112500,0.0,0.0
2018-06-20 00:00:00-04:00,8.847820035405594,8.881051253863376,8.822896819635943,8.839512825012207,75900,0.0,0.0
2018-06-21 00:00:00-04:00,8.881051802661517,8.905975812266073,8.814589361638955,8.831205368041992,58100,0.0,0.0
2018-06-22 00:00:00-04:00,8.864435332356456,8.864435332356456,8.806280902776592,8.847819328308105,64300,0.0,0.0
2018-06-25 00:00:00-04:00,8.84781976419207,8.84781976419207,8.789665331747255,8.81458854675293,98100,0.0,0.0
2018-06-26 00:00:00-04:00,8.83120455161986,8.83120455161986,8.781357329313789,8.81458854675293,89200,0.0,0.0
2018-06-27 00:00:00-04:00,8.83951337124351,8.83951337124351,8.797974147530711,8.831205368041992,101000,0.0,0.0
2018-06-28 00:00:00-04:00,8.856125698232571,8.881048907417306,8.806279279863103,8.87274169921875,92400,0.0,0.0
2018-06-29 00:00:00-04:00,8.88935895628794,8.905974961102949,8.856127738952637,8.856127738952637,57400,0.0,0.0
2018-07-02 00:00:00-04:00,8.889356907910395,8.922588117588218,8.86443369872566,8.87274169921875,88000,0.0,0.0
2018-07-03 00:00:00-04:00,8.881052017211914,8.947515252134902,8.881052017211914,8.881052017211914,44300,0.0,0.0
2018-07-05 00:00:00-04:00,8.872745212585626,8.905976435422113,8.872745212585626,8.889360427856445,70000,0.0,0.0
2018-07-06 00:00:00-04:00,8.947513768008845,8.947513768008845,8.847819328308105,8.847819328308105,53400,0.0,0.0
2018-07-09 00:00:00-04:00,8.847820582150236,8.889359805863036,8.814589361638955,8.831205368041992,46200,0.0,0.0
2018-07-10 00:00:00-04:00,8.831203980632298,8.914281622711346,8.814587976839686,8.864435195922852,137200,0.0,0.0
2018-07-11 00:00:00-04:00,8.831202489047836,8.881048907417306,8.831202489047836,8.87274169921875,107400,0.0,0.0
2018-07-12 00:00:00-04:00,8.822897142735282,8.91428279876709,8.822897142735282,8.91428279876709,78000,0.0,0.0
2018-07-13 00:00:00-04:00,8.88105008637774,8.939205305254944,8.872742877076401,8.922589302062988,101500,0.0,0.0
2018-07-16 00:00:00-04:00,8.96600250040494,8.96600250040494,8.915913545737638,8.940958023071289,86500,0.052,0.0
2018-07-17 00:00:00-04:00,8.949306447565698,8.97435092489935,8.915913545737638,8.940958023071289,90900,0.0,0.0
2018-07-18 00:00:00-04:00,8.957654035325648,8.966002459782235,8.915913505341873,8.932609558105469,83800,0.0,0.0
2018-07-19 00:00:00-04:00,8.97435092489935,8.97435092489935,8.915913545737638,8.940958023071289,105600,0.0,0.0
2018-07-20 00:00:00-04:00,8.940958023071289,8.949306447565698,8.932609598576878,8.940958023071289,25200,0.0,0.0
2018-07-23 00:00:00-04:00,8.940958023071289,8.98269934939376,8.932609598576878,8.940958023071289,75500,0.0,0.0
2018-07-24 00:00:00-04:00,8.932604879497617,8.949301719665527,8.915908835478866,8.949301719665527,88300,0.0,0.0
2018-07-25 00:00:00-04:00,8.991046765077943,8.991046765077943,8.899215698242188,8.899215698242188,64400,0.0,0.0
2018-07-26 00:00:00-04:00,8.91591166308749,8.932607712401257,8.882518768310547,8.882518768310547,58100,0.0,0.0
2018-07-27 00:00:00-04:00,8.932607700881576,8.932607700881576,8.849125862121582,8.849125862121582,93900,0.0,0.0
2018-07-30 00:00:00-04:00,8.849122911040432,8.857470534828007,8.807381607505977,8.832426071166992,109500,0.0,0.0
2018-07-31 00:00:00-04:00,8.899213775571395,8.907562197325426,8.840776415591815,8.86582088470459,95600,0.0,0.0
2018-08-01 00:00:00-04:00,8.849124938329446,8.915910720825195,8.849124938329446,8.915910720825195,68800,0.0,0.0
2018-08-02 00:00:00-04:00,8.899215648493083,8.91591249551515,8.857474327087402,8.857474327087402,122500,0.0,0.0
2018-08-03 00:00:00-04:00,8.874172138926653,8.940957941977029,8.865823714507963,8.924261093139648,90900,0.0,0.0
2018-08-06 00:00:00-04:00,8.874167531208252,8.974346183768231,8.874167531208252,8.949301719665527,87200,0.0,0.0
2018-08-07 00:00:00-04:00,8.957653994664836,8.966002419083527,8.924261093139648,8.924261093139648,59400,0.0,0.0
2018-08-08 00:00:00-04:00,8.92425834652517,8.965999659622344,8.915910720825195,8.915910720825195,51400,0.0,0.0
2018-08-09 00:00:00-04:00,8.924261133648884,8.957654035325648,8.915913505341873,8.932609558105469,67000,0.0,0.0
2018-08-10 00:00:00-04:00,8.915912602605774,8.974349975585938,8.915912602605774,8.974349975585938,33100,0.0,0.0
2018-08-13 00:00:00-04:00,8.950862047967393,9.02636148042757,8.934084040745391,9.009583473205566,86000,0.052,0.0
2018-08-14 00:00:00-04:00,9.001194469594566,9.02636148042757,9.001194469594566,9.009583473205566,49500,0.0,0.0
2018-08-15 00:00:00-04:00,9.017974853515625,9.051530076783735,9.001196841871755,9.017974853515625,77200,0.0,0.0
2018-08-16 00:00:00-04:00,9.0431383849426,9.051527388272808,8.967638955009505,8.984416961669922,83600,0.0,0.0
2018-08-17 00:00:00-04:00,8.950861748368478,9.009583171641156,8.950861748368478,8.984416961669922,153900,0.0,0.0
2018-08-20 00:00:00-04:00,8.959249635184609,9.009582048854584,8.959249635184609,9.001193046569824,55900,0.0,0.0
2018-08-21 00:00:00-04:00,9.00958090986487,9.05991411719102,8.976025704987167,9.051525115966797,192700,0.0,0.0
2018-08-22 00:00:00-04:00,9.059914588928223,9.06830359058925,9.01797038064232,9.059914588928223,66000,0.0,0.0
2018-08-23 00:00:00-04:00,9.08508014678955,9.093469147853055,9.026358739383372,9.08508014678955,113600,0.0,0.0
2018-08-24 00:00:00-04:00,9.059915059792626,9.093470268161443,9.059915059792626,9.068304061889648,49700,0.0,0.0
2018-08-27 00:00:00-04:00,9.034748853520831,9.08508126606442,9.034748853520831,9.068304061889648,40600,0.0,0.0
2018-08-28 00:00:00-04:00,9.059913943618213,9.08508014678955,9.059913943618213,9.08508014678955,45900,0.0,0.0
2018-08-29 00:00:00-04:00,9.085081469378837,9.093470471663597,9.001193046569824,9.001193046569824,111500,0.0,0.0
2018-08-30 00:00:00-04:00,9.001191908640646,9.051525115966797,9.001191908640646,9.051525115966797,70700,0.0,0.0
2018-08-31 00:00:00-04:00,9.085080793892073,9.101858797214128,9.059914588928223,9.059914588928223,89700,0.0,0.0
2018-09-04 00:00:00-04:00,9.05991411719102,9.093469322068723,9.051525115966797,9.051525115966797,101100,0.0,0.0
2018-09-05 00:00:00-04:00,9.034748853520831,9.068304061889648,9.017970849326785,9.068304061889648,118000,0.0,0.0
2018-09-06 00:00:00-04:00,9.059914600022287,9.068303601693586,9.03474839502762,9.043136596679688,43800,0.0,0.0
2018-09-07 00:00:00-04:00,9.05991411719102,9.076691319620277,9.026358912313317,9.051525115966797,64200,0.0,0.0
2018-09-10 00:00:00-04:00,9.068305698463158,9.068305698463158,9.009583473205566,9.009583473205566,136300,0.0,0.0
2018-09-11 00:00:00-04:00,9.00958297529904,9.043138187869229,9.00958297529904,9.034749984741211,50900,0.0,0.0
2018-09-12 00:00:00-04:00,9.034750181631782,9.0431383849426,8.984416961669922,8.984416961669922,127000,0.0,0.0
2018-09-13 00:00:00-04:00,9.034138445726356,9.034138445726356,8.958292007446289,8.958292007446289,71500,0.049,0.0
2018-09-14 00:00:00-04:00,8.916151838909533,8.958288823387914,8.874014854431152,8.874014854431152,90600,0.0,0.0
2018-09-17 00:00:00-04:00,8.840304207360948,8.848731763832594,8.73917594078924,8.79816722869873,170900,0.0,0.0
2018-09-18 00:00:00-04:00,8.77289029332154,8.840309175591917,8.705471411051164,8.823454856872559,97700,0.0,0.0
2018-09-19 00:00:00-04:00,8.924583088068646,8.924583088068646,8.815027204587107,8.831881523132324,140700,0.0,0.0
2018-09-20 00:00:00-04:00,8.916155586265642,8.916155586265642,8.781317822220988,8.840309143066406,125800,0.0,0.0
2018-09-21 00:00:00-04:00,8.84873656514793,8.84873656514793,8.747608243704102,8.756035804748535,77400,0.0,0.0
2018-09-24 00:00:00-04:00,8.8403060532478,8.8403060532478,8.730750207328802,8.747605323791504,145100,0.0,0.0
2018-09-25 00:00:00-04:00,8.756035572687258,8.772889890632978,8.671761571869352,8.68018913269043,121100,0.0,0.0
2018-09-26 00:00:00-04:00,8.680184715431242,8.806594848632812,8.671757158898863,8.806594848632812,126400,0.0,0.0
2018-09-27 00:00:00-04:00,8.806599734456729,8.823454856872559,8.798172173248814,8.823454856872559,59900,0.0,0.0
2018-09-28 00:00:00-04:00,8.890870032059246,8.890870032059246,8.848733047285325,8.882442474365234,68200,0.0,0.0
2018-10-01 00:00:00-04:00,8.890871849037076,8.916153723589689,8.815025421682938,8.848734855651855,99600,0.0,0.0
2018-10-02 00:00:00-04:00,8.874018525040064,8.882446086160906,8.823454765707947,8.831881523132324,73300,0.0,0.0
2018-10-03 00:00:00-04:00,8.848733709055384,8.848733709055384,8.747605420252581,8.781314849853516,64500,0.0,0.0
2018-10-04 00:00:00-04:00,8.739176585959996,8.764458453545354,8.688612850789278,8.697039604187012,91900,0.0,0.0
2018-10-05 00:00:00-04:00,8.680187905293954,8.739179215307132,8.570632041200675,8.579059600830078,133100,0.0,0.0
2018-10-08 00:00:00-04:00,8.57905849015516,8.57905849015516,8.503212070702517,8.536921501159668,58000,0.0,0.0
2018-10-09 00:00:00-04:00,8.595912679651047,8.595912679651047,8.511639506570825,8.520066261291504,56800,0.0,0.0
2018-10-10 00:00:00-04:00,8.503210883372216,8.536920309122413,8.393655048760051,8.444219589233398,123600,0.0,0.0
2018-10-11 00:00:00-04:00,8.410510186659303,8.444220419419798,8.284100028592183,8.42736530303955,151900,0.0,0.0
2018-10-12 00:00:00-04:00,8.444223167927166,8.444223167927166,8.385231045091158,8.410512924194336,166100,0.0,0.0
2018-10-15 00:00:00-04:00,8.350384110045882,8.460480553020547,8.350384110045882,8.418135643005371,121500,0.049,0.0
2018-10-16 00:00:00-04:00,8.435072309706396,8.502823829650879,8.418134025889362,8.502823829650879,77100,0.0,0.0
2018-10-17 00:00:00-04:00,8.502823462207076,8.502823462207076,8.392727045139578,8.43507194519043,173100,0.0,0.0
2018-10-18 00:00:00-04:00,8.443541306789117,8.460478782653809,8.426603023262613,8.460478782653809,205500,0.0,0.0
2018-10-19 00:00:00-04:00,8.468945729654529,8.51129061983512,8.435069979042375,8.494352340698242,169700,0.0,0.0
2018-10-22 00:00:00-04:00,8.460479297002248,8.485886723836629,8.426603535551601,8.452010154724121,52200,0.0,0.0
2018-10-23 00:00:00-04:00,8.460479660577667,8.477417945861816,8.426603897671264,8.477417945861816,74900,0.0,0.0
2018-10-24 00:00:00-04:00,8.502823683808256,8.51976196733476,8.460478782653809,8.460478782653809,79000,0.0,0.0
2018-10-25 00:00:00-04:00,8.426604270935059,8.46894917835924,8.392728506528098,8.426604270935059,98800,0.0,0.0
2018-10-26 00:00:00-04:00,8.42660265610856,8.435071797502806,8.384257756799116,8.39272689819336,123200,0.0,0.0
2018-10-29 00:00:00-04:00,8.350384196525784,8.418135730186936,8.350384196525784,8.358853340148926,134500,0.0,0.0
2018-10-30 00:00:00-04:00,8.32497757331835,8.358853340148926,8.308040093734057,8.358853340148926,164000,0.0,0.0
2018-10-31 00:00:00-04:00,8.41813211519839,8.41813211519839,8.299567386037483,8.384256362915039,179200,0.0,0.0
2018-11-01 00:00:00-04:00,8.401193108264888,8.409662246704102,8.350379085291095,8.409662246704102,115100,0.0,0.0
2018-11-02 00:00:00-04:00,8.409663774088207,8.409663774088207,8.291098237389521,8.341912269592285,146200,0.0,0.0
2018-11-05 00:00:00-05:00,8.37578831835363,8.409664071800835,8.324974284351986,8.350380897521973,227400,0.0,0.0
2018-11-06 00:00:00-05:00,8.358849455610654,8.392725206698435,8.341911983897571,8.375787734985352,107500,0.0,0.0
2018-11-07 00:00:00-05:00,8.401198866418474,8.519764462847453,8.367323097104771,8.511295318603516,188900,0.0,0.0
2018-11-08 00:00:00-05:00,8.519762332649709,8.629857949645475,8.485886571805969,8.528230667114258,161500,0.0,0.0
2018-11-09 00:00:00-05:00,8.595460891723633,8.67205342294446,8.569929236372468,8.595460891723633,168700,0.049,0.0
2018-11-12 00:00:00-05:00,8.620994530976493,8.655035937539028,8.586953124413956,8.646525382995605,168000,0.0,0.0
2018-11-13 00:00:00-05:00,8.612481192862164,8.680563983982744,8.595460900887463,8.629502296447754,132700,0.0,0.0
2018-11-14 00:00:00-05:00,8.672057197136699,8.672057197136699,8.552912666754903,8.6124849319458,166900,0.0,0.0
2018-11-15 00:00:00-05:00,8.603970631896464,8.62950228724763,8.578439788156189,8.595460891723633,211800,0.0,0.0
2018-11-16 00:00:00-05:00,8.620995504497841,8.620995504497841,8.510360717773438,8.510360717773438,111300,0.0,0.0
2018-11-19 00:00:00-05:00,8.518872270715647,8.527382827216584,8.459299186820434,8.484830856323242,139200,0.0,0.0
2018-11-20 00:00:00-05:00,8.51035877228471,8.527379879402588,8.442275967035316,8.467806816101074,119800,0.0,0.0
2018-11-21 00:00:00-05:00,8.484825120935065,8.484825120935065,8.425252077308746,8.450783729553223,47500,0.0,0.0
2018-11-23 00:00:00-05:00,8.484825963974115,8.50184625555075,8.416743174445829,8.425252914428711,90900,0.0,0.0
2018-11-26 00:00:00-05:00,8.467806816101074,8.467806816101074,8.40823456441062,8.467806816101074,123200,0.0,0.0
2018-11-27 00:00:00-05:00,8.459297180175781,8.501849140975297,8.442276882822663,8.459297180175781,116100,0.0,0.0
2018-11-28 00:00:00-05:00,8.476319307366794,8.510360717773438,8.45929819635785,8.510360717773438,129400,0.0,0.0
2018-11-29 00:00:00-05:00,8.510357904797408,8.58695125579834,8.510357904797408,8.58695125579834,260200,0.0,0.0
2018-11-30 00:00:00-05:00,8.561423233495182,8.586954088380375,8.544402122497559,8.544402122497559,126200,0.0,0.0
2018-12-03 00:00:00-05:00,8.578440703106908,8.62099265495309,8.55290985664359,8.58695125579834,86500,0.0,0.0
2018-12-04 00:00:00-05:00,8.57844165761591,8.646524463500871,8.57844165761591,8.620993614196777,234600,0.0,0.0
2018-12-06 00:00:00-05:00,8.629505120472691,8.672056270139844,8.620994565894797,8.655035972595215,228600,0.0,0.0
2018-12-07 00:00:00-05:00,8.638012970785118,8.740137980121157,8.620992676969763,8.723116874694824,241700,0.0,0.0
2018-12-10 00:00:00-05:00,8.757158248090288,8.782689094543457,8.731627401637121,8.782689094543457,148000,0.0,0.0
2018-12-11 00:00:00-05:00,8.782691966665084,8.782691966665084,8.697588846787054,8.714609146118164,168900,0.0,0.0
2018-12-12 00:00:00-05:00,8.680565866443352,8.697586973720126,8.620993614196777,8.620993614196777,219900,0.0,0.0
2018-12-13 00:00:00-05:00,8.628689599099902,8.637241518786363,8.51751708984375,8.51751708984375,261600,0.049,0.0
2018-12-14 00:00:00-05:00,8.517517412258714,8.560276196753627,8.500413572238356,8.508965492248535,212400,0.0,0.0
2018-12-17 00:00:00-05:00,8.491862942844875,8.534620914175818,8.474759101867676,8.474759101867676,154200,0.0,0.0
2018-12-18 00:00:00-05:00,8.483310542279721,8.491862462284361,8.41489681335456,8.4405517578125,287300,0.0,0.0
2018-12-19 00:00:00-05:00,8.440551763279066,8.55172427674345,8.440551763279066,8.508965492248535,322200,0.0,0.0
2018-12-20 00:00:00-05:00,8.500412456920365,8.543171235805005,8.449102574703495,8.466205596923828,217900,0.0,0.0
2018-12-21 00:00:00-05:00,8.491862303845426,8.56027603149414,8.466206544310184,8.56027603149414,279300,0.0,0.0
2018-12-24 00:00:00-05:00,8.577376365661621,8.628687053084501,8.517514576631351,8.577376365661621,150600,0.0,0.0
2018-12-26 00:00:00-05:00,8.50896420161288,8.577377920205388,8.449102401733398,8.449102401733398,171000,0.0,0.0
2018-12-27 00:00:00-05:00,8.517517717783791,8.543172663178595,8.432000145726432,8.457655906677246,387900,0.0,0.0
2018-12-28 00:00:00-05:00,8.474758931755112,8.500413877149915,8.432000145726432,8.457655906677246,334200,0.0,0.0
2018-12-31 00:00:00-05:00,8.491862462284361,8.52606932674694,8.4405517578125,8.4405517578125,478500,0.0,0.0
2019-01-02 00:00:00-05:00,8.45765559533236,8.620137997592797,8.45765559533236,8.603034973144531,123600,0.0,0.0
2019-01-03 00:00:00-05:00,8.62869181160307,8.739864349365234,8.61158796784451,8.739864349365234,132200,0.0,0.0
2019-01-04 00:00:00-05:00,8.739863719358524,8.739863719358524,8.628691189610151,8.731311798095703,117500,0.0,0.0
2019-01-07 00:00:00-05:00,8.76551754333507,8.81682824877484,8.75696562316911,8.782621383666992,57100,0.0,0.0
2019-01-08 00:00:00-05:00,8.78262155375028,8.85103528529087,8.774069633418705,8.799724578857422,68300,0.0,0.0
2019-01-09 00:00:00-05:00,8.816830152956113,8.85103702545166,8.782623280460566,8.85103702545166,319000,0.0,0.0
2019-01-10 00:00:00-05:00,8.85103702545166,8.876691975934277,8.82538125941287,8.85103702545166,112000,0.0,0.0
2019-01-11 00:00:00-05:00,8.851034187163805,8.919447910216464,8.851034187163805,8.893792152404785,126100,0.0,0.0
2019-01-14 00:00:00-05:00,8.885240407191686,8.953654125304997,8.885240407191686,8.910895347595215,95100,0.0,0.0
2019-01-15 00:00:00-05:00,8.901446314404621,8.93581480135563,8.858486320272885,8.867077827453613,73600,0.049,0.0
2019-01-16 00:00:00-05:00,8.849891907458415,8.892852710872175,8.815523428609243,8.824115753173828,107100,0.0,0.0
2019-01-17 00:00:00-05:00,8.832709196187992,8.875670009027171,8.832709196187992,8.85848617553711,113900,0.0,0.0
2019-01-18 00:00:00-05:00,8.867076447368277,8.884261097873818,8.849892616271973,8.849892616271973,184800,0.0,0.0
2019-01-22 00:00:00-05:00,8.884262508643264,8.918630995702626,8.858486348201085,8.901446342468262,148900,0.0,0.0
2019-01-23 00:00:00-05:00,8.867076579230657,9.01314283306296,8.867076579230657,8.987366676330566,281800,0.0,0.0
2019-01-24 00:00:00-05:00,9.004552270730247,9.167803207287388,9.004552270730247,9.150618553161621,473700,0.0,0.0
2019-01-25 00:00:00-05:00,9.150614465791286,9.150614465791286,9.030325218279017,9.038917541503906,98700,0.0,0.0
2019-01-28 00:00:00-05:00,9.030329799852092,9.047513635611113,8.953000490412855,8.970184326171875,224900,0.0,0.0
2019-01-29 00:00:00-05:00,8.952998473089737,8.995959281921387,8.935813821793369,8.995959281921387,72500,0.0,0.0
2019-01-30 00:00:00-05:00,8.978774138172087,9.081879582067522,8.978774138172087,9.047511100769043,134700,0.0,0.0
2019-01-31 00:00:00-05:00,9.064698243565477,9.099066734313965,9.030329752816987,9.099066734313965,125700,0.0,0.0
2019-02-01 00:00:00-05:00,9.099064187632548,9.159208824756524,9.090471862497916,9.142024993896484,125500,0.0,0.0
2019-02-04 00:00:00-05:00,9.142027552601938,9.142027552601938,9.09047440677448,9.099066734313965,102500,0.0,0.0
2019-02-05 00:00:00-05:00,9.107657547791286,9.107657547791286,9.073289062756233,9.081880569458008,74500,0.0,0.0
2019-02-06 00:00:00-05:00,9.11624745810839,9.124839782714844,9.073287473894467,9.124839782714844,95900,0.0,0.0
2019-02-07 00:00:00-05:00,9.081879895900668,9.150616860872898,9.081879895900668,9.090472221374512,136900,0.0,0.0
2019-02-08 00:00:00-05:00,9.124839782714844,9.159208261731486,9.090471303698202,9.124839782714844,184000,0.0,0.0
2019-02-11 00:00:00-05:00,9.12484034362722,9.167801149891156,9.12484034362722,9.142024993896484,97400,0.0,0.0
2019-02-12 00:00:00-05:00,9.15842208500074,9.15842208500074,9.089367128188673,9.1066312789917,115000,0.049,0.0
2019-02-13 00:00:00-05:00,9.080741858445474,9.141164779663086,9.080741858445474,9.141164779663086,51900,0.0,0.0
2019-02-14 00:00:00-05:00,9.14979333350937,9.175688743591309,9.141161255748642,9.175688743591309,70000,0.0,0.0
2019-02-15 00:00:00-05:00,9.184321403503418,9.184321403503418,9.149793913472214,9.184321403503418,40800,0.0,0.0
2019-02-19 00:00:00-05:00,9.167057913222537,9.19295332682815,9.149794578552246,9.149794578552246,93700,0.0,0.0
2019-02-20 00:00:00-05:00,9.175689325195544,9.184321403503418,9.132529756856465,9.184321403503418,75100,0.0,0.0
2019-02-21 00:00:00-05:00,9.201586143042498,9.201586143042498,9.149795311681519,9.192954063415527,56000,0.0,0.0
2019-02-22 00:00:00-05:00,9.218848600250054,9.218848600250054,9.184321111317294,9.210216522216797,91800,0.0,0.0
2019-02-25 00:00:00-05:00,9.201583942052203,9.210216019614407,9.141161045517222,9.158424377441406,94800,0.0,0.0
2019-02-26 00:00:00-05:00,9.141162499616923,9.184322071093183,9.141162499616923,9.149794578552246,70300,0.0,0.0
2019-02-27 00:00:00-05:00,9.175689033284035,9.227479855083041,9.15842487721752,9.210216522216797,151600,0.0,0.0
2019-02-28 00:00:00-05:00,9.227481558722987,9.227481558722987,9.184322806988979,9.192954063415527,87100,0.0,0.0
2019-03-01 00:00:00-05:00,9.210216522216797,9.2361119331163,9.192952366150282,9.210216522216797,80400,0.0,0.0
2019-03-04 00:00:00-05:00,9.184322806988979,9.244745717976928,9.149795311681519,9.192954063415527,188900,0.0,0.0
2019-03-05 00:00:00-05:00,9.19295207591252,9.19295207591252,9.141161255748642,9.175688743591309,229200,0.0,0.0
2019-03-06 00:00:00-05:00,9.201584736918871,9.201584736918871,9.14116183516434,9.184321403503418,127300,0.0,0.0
2019-03-07 00:00:00-05:00,9.192951126111641,9.262006094662327,9.17568779557405,9.23611068725586,91000,0.0,0.0
2019-03-08 00:00:00-05:00,9.23611068725586,9.262006094662327,9.227478610386985,9.23611068725586,48200,0.0,0.0
2019-03-11 00:00:00-04:00,9.262007922323306,9.279272079467773,9.227480431234696,9.279272079467773,103200,0.0,0.0
2019-03-12 00:00:00-04:00,9.29227149245325,9.318275751457495,9.248930509672512,9.274934768676758,84900,0.045,0.0
2019-03-13 00:00:00-04:00,9.266267895325736,9.300940521788055,9.257600358705623,9.283604621887207,66700,0.0,0.0
2019-03-14 00:00:00-04:00,9.300941683471878,9.300941683471878,9.205592155456543,9.205592155456543,92500,0.0,0.0
2019-03-15 00:00:00-04:00,9.231599730392361,9.24026809786242,9.170922811423983,9.179591178894043,126800,0.0,0.0
2019-03-18 00:00:00-04:00,9.196925597219915,9.196925597219915,9.144917054147271,9.170921325683594,82400,0.0,0.0
2019-03-19 00:00:00-04:00,9.179588410900536,9.231596946716309,9.162251681188096,9.231596946716309,128200,0.0,0.0
2019-03-20 00:00:00-04:00,9.248932838439941,9.248932838439941,9.214260208817308,9.248932838439941,162400,0.0,0.0
2019-03-21 00:00:00-04:00,9.205591311290425,9.266268202948686,9.205591311290425,9.240263938903809,177400,0.0,0.0
2019-03-22 00:00:00-04:00,9.274934768676758,9.29227149245325,9.240262147784266,9.274934768676758,77800,0.0,0.0
2019-03-25 00:00:00-04:00,9.27493709422528,9.283605458286985,9.24893282870086,9.266268730163574,79400,0.0,0.0
2019-03-26 00:00:00-04:00,9.24893199542489,9.318277248349524,9.24893199542489,9.283604621887207,119300,0.0,0.0
2019-03-27 00:00:00-04:00,9.318278429322376,9.361619424558347,9.292274162845084,9.335615158081055,88600,0.0,0.0
2019-03-28 00:00:00-04:00,9.352952423259838,9.361620788902487,9.292275517082983,9.344284057617188,108900,0.0,0.0
2019-03-29 00:00:00-04:00,9.370287788937686,9.370287788937686,9.300941700563698,9.335615158081055,89600,0.0,0.0
2019-04-01 00:00:00-04:00,9.335615158081055,9.352951060179008,9.309610064943037,9.335615158081055,90700,0.0,0.0
2019-04-02 00:00:00-04:00,9.335614513667593,9.344282050787907,9.29227352142334,9.29227352142334,52100,0.0,0.0
2019-04-03 00:00:00-04:00,9.300941700563698,9.335615158081055,9.300941700563698,9.335615158081055,48800,0.0,0.0
2019-04-04 00:00:00-04:00,9.35294944723434,9.35294944723434,9.300940096588203,9.309608459472656,32600,0.0,0.0
2019-04-05 00:00:00-04:00,9.31827819560901,9.326946559770937,9.292273929783935,9.300941467285156,56900,0.0,0.0
2019-04-08 00:00:00-04:00,9.344282695799668,9.344282695799668,9.309610064943037,9.335615158081055,44300,0.0,0.0
2019-04-09 00:00:00-04:00,9.33561282833008,9.370285450533975,9.309607741681766,9.361617088317871,69500,0.0,0.0
2019-04-10 00:00:00-04:00,9.361618577932912,9.387622842058487,9.352950214337502,9.37028694152832,35300,0.0,0.0
2019-04-11 00:00:00-04:00,9.357230726997981,9.383343696594238,9.331117757401724,9.383343696594238,83200,0.045,0.0
2019-04-12 00:00:00-04:00,9.374638843998593,9.374638843998593,9.331116679620921,9.348525047302246,53700,0.0,0.0
2019-04-15 00:00:00-04:00,9.36593274698713,9.36593274698713,9.313705992064524,9.339818954467773,68600,0.0,0.0
2019-04-16 00:00:00-04:00,9.33111779370548,9.34852616346527,9.244073454557519,9.270186424255371,110500,0.0,0.0
2019-04-17 00:00:00-04:00,9.287593708389194,9.305002074558177,9.209253985338348,9.252776145935059,106200,0.0,0.0
2019-04-18 00:00:00-04:00,9.27018342598958,9.27018342598958,9.22666210060809,9.235365867614746,125900,0.0,0.0
2019-04-22 00:00:00-04:00,9.235371593611665,9.27018917357365,9.191850241246623,9.217963218688965,67900,0.0,0.0
2019-04-23 00:00:00-04:00,9.217960232419385,9.226664832119068,9.20055103302002,9.20055103302002,61800,0.0,0.0
2019-04-24 00:00:00-04:00,9.209257125854492,9.261483902404013,9.200552524743497,9.209257125854492,110700,0.0,0.0
2019-04-25 00:00:00-04:00,9.244071547792483,9.270184512104041,9.209253985338348,9.252776145935059,125700,0.0,0.0
2019-04-26 00:00:00-04:00,9.244074700182022,9.278892274509554,9.209257125854492,9.209257125854492,91000,0.0,0.0
2019-04-29 00:00:00-04:00,9.2266631816235,9.270184512104041,9.217958583480923,9.252776145935059,115100,0.0,0.0
2019-04-30 00:00:00-04:00,9.261482654433646,9.2875956241315,9.235368854619454,9.270186424255371,125900,0.0,0.0
2019-05-01 00:00:00-04:00,9.287593846097316,9.305002212524414,9.261480881398576,9.305002212524414,90000,0.0,0.0
2019-05-02 00:00:00-04:00,9.278891024193435,9.305003993891289,9.261482654433646,9.270186424255371,120600,0.0,0.0
2019-05-03 00:00:00-04:00,9.296299394388242,9.331116960916741,9.261481827859743,9.28759479522705,153000,0.0,0.0
2019-05-06 00:00:00-04:00,9.296299808839738,9.296299808839738,9.278890609741211,9.278890609741211,121400,0.0,0.0
2019-05-07 00:00:00-04:00,9.322411409067694,9.331116007339332,9.296298444368954,9.305002212524414,55800,0.0,0.0
2019-05-08 00:00:00-04:00,9.28759628750173,9.3311184601843,9.28759628750173,9.296300888061523,36500,0.0,0.0
2019-05-09 00:00:00-04:00,9.313708430434172,9.331117630004883,9.313708430434172,9.331117630004883,86300,0.0,0.0
2019-05-10 00:00:00-04:00,9.313706810796054,9.357228972038072,9.305002212524414,9.305002212524414,92100,0.0,0.0
2019-05-13 00:00:00-04:00,9.313708019571877,9.357230186462402,9.313708019571877,9.357230186462402,94700,0.0,0.0
2019-05-14 00:00:00-04:00,9.32663675945996,9.361600687475695,9.309154378649191,9.352859497070312,123100,0.045,0.0
2019-05-15 00:00:00-04:00,9.379079557045703,9.396561932865424,9.344115639011822,9.361598014831543,75400,0.0,0.0
2019-05-16 00:00:00-04:00,9.37034187788108,9.37034187788108,9.317895569054576,9.352859497070312,94900,0.0,0.0
2019-05-17 00:00:00-04:00,9.361600240739344,9.387822977098345,9.282931198056582,9.32663631439209,215200,0.0,0.0
2019-05-20 00:00:00-04:00,9.335375284707522,9.370339202741404,9.317892908887801,9.361598014831543,165700,0.0,0.0
2019-05-21 00:00:00-04:00,9.370341620230624,9.370341620230624,9.326636503011237,9.33537769317627,54000,0.0,0.0
2019-05-22 00:00:00-04:00,9.326634096797662,9.379079557045703,9.326634096797662,9.361598014831543,120100,0.0,0.0
2019-05-23 00:00:00-04:00,9.37034187788108,9.387823425086049,9.335377949865343,9.352859497070312,123900,0.0,0.0
2019-05-24 00:00:00-04:00,9.370339844374326,9.396562576293945,9.3528574673575,9.396562576293945,48700,0.0,0.0
2019-05-28 00:00:00-04:00,9.39656587885912,9.431529811575754,9.361601946142484,9.422788619995117,100700,0.0,0.0
2019-05-29 00:00:00-04:00,9.46649463577046,9.46649463577046,9.41404914855957,9.41404914855957,93900,0.0,0.0
2019-05-30 00:00:00-04:00,9.422787277991903,9.466492396064645,9.422787277991903,9.449010848999023,70200,0.0,0.0
2019-05-31 00:00:00-04:00,9.492715835571289,9.501457026553517,9.457751905248232,9.492715835571289,73500,0.0,0.0
2019-06-03 00:00:00-04:00,9.50145740181219,9.527680142188682,9.49271621048473,9.510198593139648,49100,0.0,0.0
2019-06-04 00:00:00-04:00,9.510198217535745,9.527679765894346,9.475234287212688,9.492715835571289,69500,0.0,0.0
2019-06-05 00:00:00-04:00,9.492715391005826,9.518938962724398,9.449011105353167,9.466492652893066,69600,0.0,0.0
2019-06-06 00:00:00-04:00,9.457751462320209,9.518938962724398,9.457751462320209,9.466492652893066,55700,0.0,0.0
2019-06-07 00:00:00-04:00,9.492714564045334,9.545160869307791,9.492714564045334,9.527678489685059,44000,0.0,0.0
2019-06-10 00:00:00-04:00,9.527678489685059,9.536419679496424,9.492714564045334,9.527678489685059,98000,0.0,0.0
2019-06-11 00:00:00-04:00,9.449011921059205,9.536421333516142,9.440270729731745,9.510198593139648,73800,0.0,0.0
2019-06-12 00:00:00-04:00,9.51893869832315,9.571384173091925,9.466492389948586,9.553902626037598,95000,0.0,0.0
2019-06-13 00:00:00-04:00,9.549515434731044,9.593401242464477,9.531960776816806,9.540738105773926,52800,0.045,0.0
2019-06-14 00:00:00-04:00,9.540737442161207,9.56706859014892,9.531960113814602,9.549514770507812,24000,0.0,0.0
2019-06-17 00:00:00-04:00,9.531960487365723,9.567068965075919,9.523183995727276,9.531960487365723,49200,0.0,0.0
2019-06-18 00:00:00-04:00,9.531959266400683,9.567067739613774,9.48807430267334,9.48807430267334,53600,0.0,0.0
2019-06-19 00:00:00-04:00,9.49685001373291,9.514404667424671,9.48807352393899,9.49685001373291,61200,0.0,0.0
2019-06-20 00:00:00-04:00,9.496850886001335,9.540736687209606,9.496850886001335,9.52318286895752,51800,0.0,0.0
2019-06-21 00:00:00-04:00,9.540738105773926,9.57584658455024,9.51440695595473,9.540738105773926,88600,0.0,0.0
2019-06-24 00:00:00-04:00,9.584623336791992,9.59340066522097,9.540737531699207,9.584623336791992,50500,0.0,0.0
2019-06-25 00:00:00-04:00,9.540737731690081,9.602177357876597,9.531960403077115,9.558292388916016,103200,0.0,0.0
2019-06-26 00:00:00-04:00,9.567068099975586,9.59340008366627,9.531959625440066,9.567068099975586,71900,0.0,0.0
2019-06-27 00:00:00-04:00,9.60217534218668,9.637283812216447,9.584621525697772,9.619729995727539,73100,0.0,0.0
2019-06-28 00:00:00-04:00,9.637284860236171,9.654839515686035,9.610953714113418,9.654839515686035,98200,0.0,0.0
2019-07-01 00:00:00-04:00,9.672393879659117,9.681170370067527,9.637284569817403,9.646061897277832,36700,0.0,0.0
2019-07-02 00:00:00-04:00,9.681170661808789,9.681170661808789,9.637284860236171,9.654839515686035,78500,0.0,0.0
2019-07-03 00:00:00-04:00,9.672393879659117,9.689947697527955,9.646061897277832,9.646061897277832,37400,0.0,0.0
2019-07-05 00:00:00-04:00,9.593399043058922,9.689947128295898,9.593399043058922,9.689947128295898,84300,0.0,0.0
2019-07-08 00:00:00-04:00,9.654840095997441,9.707503228460348,9.654840095997441,9.672394752502441,65200,0.0,0.0
2019-07-09 00:00:00-04:00,9.65483894771319,9.725055891277853,9.65483894771319,9.698724746704102,103500,0.0,0.0
2019-07-10 00:00:00-04:00,9.716275802537501,9.751384264341407,9.66361352835752,9.733830451965332,83400,0.0,0.0
2019-07-11 00:00:00-04:00,9.751384264341407,9.768938913769238,9.716275802537501,9.733830451965332,93800,0.0,0.0
2019-07-12 00:00:00-04:00,9.7250548392057,9.768940633448977,9.7250548392057,9.760163307189941,43400,0.0,0.0
2019-07-15 00:00:00-04:00,9.760165794363472,9.786496942798617,9.742611974424081,9.77772045135498,91600,0.0,0.0
2019-07-16 00:00:00-04:00,9.78212742929173,9.78212742929173,9.72925069682951,9.764501571655273,64500,0.045,0.0
2019-07-17 00:00:00-04:00,9.764501571655273,9.78212742929173,9.711625679640203,9.764501571655273,76800,0.0,0.0
2019-07-18 00:00:00-04:00,9.773312750538896,9.773312750538896,9.738061882024883,9.746874809265137,35500,0.0,0.0
2019-07-19 00:00:00-04:00,9.755688642837045,9.773314500473502,9.72925069682951,9.764501571655273,65900,0.0,0.0
2019-07-22 00:00:00-04:00,9.764501522822783,9.782127380371094,9.764501522822783,9.782127380371094,61300,0.0,0.0
2019-07-23 00:00:00-04:00,9.790939121412888,9.870253796672694,9.773314104936885,9.826189994812012,344000,0.0,0.0
2019-07-24 00:00:00-04:00,9.85262952356435,9.870254541370135,9.835003665311381,9.861441612243652,61400,0.0,0.0
2019-07-25 00:00:00-04:00,9.870252943146761,9.976005554199219,9.852627928194874,9.976005554199219,202200,0.0,0.0
2019-07-26 00:00:00-04:00,9.976004375794838,10.028881095298585,9.931941423396486,10.020068168640137,134300,0.0,0.0
2019-07-29 00:00:00-04:00,10.002445751466889,10.090572519579984,10.002445751466889,10.07294750213623,117400,0.0,0.0
2019-07-30 00:00:00-04:00,10.081758475532721,10.125822274939134,10.072946388009093,10.090571403503418,135900,0.0,0.0
2019-07-31 00:00:00-04:00,10.152263502396409,10.18751438231665,10.099386762292413,10.161075592041016,100200,0.0,0.0
2019-08-01 00:00:00-04:00,10.169884300716198,10.24919895772584,10.14344636186196,10.231573104858398,115800,0.0,0.0
2019-08-02 00:00:00-04:00,10.222765730905376,10.258016612441713,10.213952800409464,10.2492036819458,72200,0.0,0.0
2019-08-05 00:00:00-04:00,10.31088776186804,10.328513614735483,10.222761018871601,10.231573104858398,108000,0.0,0.0
2019-08-06 00:00:00-04:00,10.275640867011404,10.275640867011404,10.161075300446518,10.22276496887207,59500,0.0,0.0
2019-08-07 00:00:00-04:00,10.231576341517773,10.275640147178608,10.161074588639309,10.17870044708252,125200,0.0,0.0
2019-08-08 00:00:00-04:00,10.161075515039467,10.196326394692573,10.143450495436548,10.187514305114746,53600,0.0,0.0
2019-08-09 00:00:00-04:00,10.205138206481934,10.213951135541343,10.16107440163206,10.205138206481934,96200,0.0,0.0
2019-08-12 00:00:00-04:00,10.222764994375117,10.284453822507318,10.21395206451416,10.21395206451416,111100,0.0,0.0
2019-08-13 00:00:00-04:00,10.236065142480701,10.271453407478452,10.174135889665335,10.209524154663086,135900,0.045,0.0
2019-08-14 00:00:00-04:00,10.244916291623317,10.28030456999571,10.191834295926284,10.20068073272705,88600,0.0,0.0
2019-08-15 00:00:00-04:00,10.244916291623317,10.253763572147193,10.182987015402409,10.20068073272705,86100,0.0,0.0
2019-08-16 00:00:00-04:00,10.20068073272705,10.218375293774802,10.182987015402409,10.20068073272705,96600,0.0,0.0
2019-08-19 00:00:00-04:00,10.191834208373137,10.218375205993652,10.147598649856876,10.218375205993652,107900,0.0,0.0
2019-08-20 00:00:00-04:00,10.218374535205765,10.2360682512169,10.174138979593359,10.18298625946045,69600,0.0,0.0
2019-08-21 00:00:00-04:00,10.18298447716766,10.209525468400507,10.10336065974622,10.156442642211914,116700,0.0,0.0
2019-08-22 00:00:00-04:00,10.165290156358743,10.174137434882576,10.112208172661582,10.129901885986328,78200,0.0,0.0
2019-08-23 00:00:00-04:00,10.121054372660485,10.165289920530496,10.085666103109057,10.156442642211914,142900,0.0,0.0
2019-08-26 00:00:00-04:00,10.129901650979068,10.165289920530496,10.10336065974622,10.156442642211914,55600,0.0,0.0
2019-08-27 00:00:00-04:00,10.156441606970633,10.200677150331735,10.13874789585988,10.1741361618042,99300,0.0,0.0
2019-08-28 00:00:00-04:00,10.20952658045707,10.20952658045707,10.112209039521206,10.147597312927246,140700,0.0,0.0
2019-08-29 00:00:00-04:00,10.138749164510163,10.182984713406409,10.129901885986328,10.129901885986328,64600,0.0,0.0
2019-08-30 00:00:00-04:00,10.191831755486241,10.191831755486241,10.067972390194791,10.156442642211914,69900,0.0,0.0
2019-09-03 00:00:00-04:00,10.112206907332343,10.200677150331735,10.112206907332343,10.1741361618042,50100,0.0,0.0
2019-09-04 00:00:00-04:00,10.18298625946045,10.200679975471584,10.147597983715134,10.18298625946045,65200,0.0,0.0
2019-09-05 00:00:00-04:00,10.182984713406409,10.182984713406409,10.076819902289166,10.129901885986328,69800,0.0,0.0
2019-09-06 00:00:00-04:00,10.138751314987811,10.138751314987811,10.067974759230937,10.103363037109375,85300,0.0,0.0
2019-09-09 00:00:00-04:00,10.13875064163249,10.13875064163249,10.006044819332654,10.067974090576172,106700,0.0,0.0
2019-09-10 00:00:00-04:00,10.067972460166025,10.076819738546096,10.023736911988584,10.032584190368652,48100,0.0,0.0
2019-09-11 00:00:00-04:00,10.059125265648282,10.059125265648282,9.979501447009648,10.01488971710205,88400,0.0,0.0
2019-09-12 00:00:00-04:00,10.014889789617575,10.014889789617575,9.8821839867409,9.891031265258789,71300,0.0,0.0
2019-09-13 00:00:00-04:00,9.882184514200974,9.891031793191086,9.65216032279584,9.696395874023438,356400,0.0,0.0
2019-09-16 00:00:00-04:00,9.72293849376084,9.767174052388327,9.67870293513335,9.731785774230957,90300,0.0,0.0
2019-09-17 00:00:00-04:00,9.753992454465694,9.816176955898136,9.745109680422845,9.78952693939209,92800,0.045,0.0
2019-09-18 00:00:00-04:00,9.833942950806717,9.94054385967965,9.833942950806717,9.905010223388672,87900,0.0,0.0
2019-09-19 00:00:00-04:00,9.976075697066566,10.020492946218068,9.940542067183078,10.002726554870605,45700,0.0,0.0
2019-09-20 00:00:00-04:00,10.047146011052021,10.056028785082727,9.949427872015521,9.98496150970459,87100,0.0,0.0
2019-09-23 00:00:00-04:00,10.02937903619035,10.038262657646815,9.993845397553267,10.020495414733887,35000,0.0,0.0
2019-09-24 00:00:00-04:00,10.029378768613114,10.064912406302183,9.940544250796066,9.98496150970459,96500,0.0,0.0
2019-09-25 00:00:00-04:00,10.020493772887283,10.020493772887283,9.931660114444256,9.9583101272583,32300,0.0,0.0
2019-09-26 00:00:00-04:00,9.958312299071743,10.02049595826239,9.958312299071743,9.99384593963623,49300,0.0,0.0
2019-09-27 00:00:00-04:00,9.97607815464034,10.02937903619035,9.96719538037265,10.020495414733887,38700,0.0,0.0
2019-09-30 00:00:00-04:00,10.091562422771796,10.109329665210705,9.98496150970459,9.98496150970459,66700,0.0,0.0
2019-10-01 00:00:00-04:00,9.984961487240474,10.07379600485766,9.984961487240474,10.038262367248535,50800,0.0,0.0
2019-10-02 00:00:00-04:00,10.047144910589,10.10044493769028,10.047144910589,10.091561317443848,46600,0.0,0.0
2019-10-03 00:00:00-04:00,10.08267703016717,10.109327039715506,10.073793411254883,10.073793411254883,22000,0.0,0.0
2019-10-04 00:00:00-04:00,10.09156252265378,10.118213386575922,10.056028884613013,10.082679748535156,35800,0.0,0.0
2019-10-07 00:00:00-04:00,10.109329642466786,10.135979658876444,10.029378746049067,10.038262367248535,67700,0.0,0.0
2019-10-08 00:00:00-04:00,10.100443420803218,10.100443420803218,10.047143401706547,10.073793411254883,52300,0.0,0.0
2019-10-09 00:00:00-04:00,10.091561045253206,10.091561045253206,10.047144639596361,10.05602741241455,52100,0.0,0.0
2019-10-10 00:00:00-04:00,10.056028221624503,10.064911842346191,10.020494585926452,10.064911842346191,55800,0.0,0.0
2019-10-11 00:00:00-04:00,10.047143401706547,10.08267703016717,10.020492544969683,10.073793411254883,56700,0.0,0.0
2019-10-14 00:00:00-04:00,10.082679748535156,10.10044614396116,10.056028884613013,10.082679748535156,39100,0.0,0.0
2019-10-15 00:00:00-04:00,10.113895704937425,10.113895704937425,10.015788589804691,10.033626556396484,65600,0.045,0.0
2019-10-16 00:00:00-04:00,10.051462120885967,10.051462120885967,9.971192991527772,9.980111122131348,91500,0.0,0.0
2019-10-17 00:00:00-04:00,10.024706903336934,10.033625886036942,9.92660064531987,9.953356742858887,54900,0.0,0.0
2019-10-18 00:00:00-04:00,9.962276304698385,9.989032403792821,9.89092614007252,9.899845123291016,66000,0.0,0.0
2019-10-21 00:00:00-04:00,9.864168797787807,9.908762007138058,9.837411851504518,9.873086929321289,85400,0.0,0.0
2019-10-22 00:00:00-04:00,9.89092521738704,9.899844199773518,9.855250138402093,9.864169120788574,66100,0.0,0.0
2019-10-23 00:00:00-04:00,9.899844864503898,9.899844864503898,9.83741283416748,9.83741283416748,63000,0.0,0.0
2019-10-24 00:00:00-04:00,9.864171065326708,9.88200818305495,9.810658011019697,9.828495979309082,58100,0.0,0.0
2019-10-25 00:00:00-04:00,9.846331849853174,9.855250832868144,9.792818802324385,9.801737785339355,90100,0.0,0.0
2019-10-28 00:00:00-04:00,9.783900292218982,9.819575372340797,9.739306229426463,9.748225212097168,73500,0.0,0.0
2019-10-29 00:00:00-04:00,9.774981278283116,9.801737375648647,9.739306198275408,9.783900260925293,72100,0.0,0.0
2019-10-30 00:00:00-04:00,9.792817356180606,9.890924453735352,9.783899225043646,9.890924453735352,94300,0.0,0.0
2019-10-31 00:00:00-04:00,9.971194708258901,9.980112840397902,9.908762679919855,9.953356742858887,96700,0.0,0.0
2019-11-01 00:00:00-04:00,9.926600425616481,9.962275505065918,9.890925346167046,9.962275505065918,83200,0.0,0.0
2019-11-04 00:00:00-05:00,9.944438338261392,9.944438338261392,9.882007156854023,9.899845123291016,72100,0.0,0.0
2019-11-05 00:00:00-05:00,9.899844328669651,9.962275505065918,9.899844328669651,9.962275505065918,72600,0.0,0.0
2019-11-06 00:00:00-05:00,9.980112339722202,10.051463347181766,9.953356243525468,10.0425443649292,142100,0.0,0.0
2019-11-07 00:00:00-05:00,10.051463110364821,10.051463110364821,9.90876194936876,9.944437026977539,51300,0.0,0.0
2019-11-08 00:00:00-05:00,9.85525048484182,9.962275725558893,9.85525048484182,9.953356742858887,53500,0.0,0.0
2019-11-11 00:00:00-05:00,9.997949654827652,10.02470574928649,9.926599502563477,9.926599502563477,70800,0.0,0.0
2019-11-12 00:00:00-05:00,9.931078910827637,9.948988437478317,9.895259003512324,9.931078910827637,27200,0.045,0.0
2019-11-13 00:00:00-05:00,9.993760357116201,9.993760357116201,9.859435960902342,9.904211044311523,62700,0.0,0.0
2019-11-14 00:00:00-05:00,9.931078999720777,9.957943716944238,9.868394374861376,9.886303901672363,71400,0.0,0.0
2019-11-15 00:00:00-05:00,9.87734757107163,9.922122663951445,9.850482856949286,9.895257949829102,67600,0.0,0.0
2019-11-18 00:00:00-05:00,9.931078435022808,9.975853530525233,9.877348149617115,9.94898796081543,106100,0.0,0.0
2019-11-19 00:00:00-05:00,9.984807197473195,9.984807197473195,9.940032958984375,9.940032958984375,36900,0.0,0.0
2019-11-20 00:00:00-05:00,9.96690101597649,9.993765738883512,9.957945823669434,9.957945823669434,40800,0.0,0.0
2019-11-21 00:00:00-05:00,9.993761992337978,9.993761992337978,9.904212664880859,9.913166999816895,56900,0.0,0.0
2019-11-22 00:00:00-05:00,9.90421239787178,10.02062643502623,9.88630202045491,9.966897010803223,89300,0.0,0.0
2019-11-25 00:00:00-05:00,9.94899063136238,9.975856208283545,9.93108110076241,9.957945823669434,37300,0.0,0.0
2019-11-26 00:00:00-05:00,9.97585391998291,10.002718636727598,9.931078822732465,9.97585391998291,72400,0.0,0.0
2019-11-27 00:00:00-05:00,9.975852199511657,9.984806534206292,9.940032298691719,9.966897010803223,96400,0.0,0.0
2019-11-29 00:00:00-05:00,10.01167343612439,10.029582961917011,9.931078435022808,9.94898796081543,57500,0.0,0.0
2019-12-02 00:00:00-05:00,9.9400323792099,9.975852280319993,9.89525728931883,9.92212200164795,63300,0.0,0.0
2019-12-03 00:00:00-05:00,9.940034675592793,9.9937641126638,9.904214766207454,9.984808921813965,129800,0.0,0.0
2019-12-04 00:00:00-05:00,9.984808256221841,9.984808256221841,9.931078822732465,9.97585391998291,75900,0.0,0.0
2019-12-05 00:00:00-05:00,9.975852862183745,9.975852862183745,9.913167391074456,9.940032958984375,114800,0.0,0.0
2019-12-06 00:00:00-05:00,9.9400323792099,9.948986713977067,9.904212478099804,9.92212200164795,109700,0.0,0.0
2019-12-09 00:00:00-05:00,9.931078435022808,9.957943150718698,9.913168055216273,9.94898796081543,108600,0.0,0.0
2019-12-10 00:00:00-05:00,9.922125908455355,9.975856208283545,9.922125908455355,9.957945823669434,107800,0.0,0.0
2019-12-11 00:00:00-05:00,9.94003221889374,10.011672019958496,9.94003221889374,10.011672019958496,101100,0.0,0.0
2019-12-12 00:00:00-05:00,9.99818566976267,10.007177049810306,9.944239104407252,9.971212387084961,114200,0.045,0.0
2019-12-13 00:00:00-05:00,9.971212014362887,9.99818529603234,9.935247352981897,9.9891939163208,84400,0.0,0.0
2019-12-16 00:00:00-05:00,9.98020470078501,10.016169366874863,9.917265892028809,9.917265892028809,172600,0.0,0.0
2019-12-17 00:00:00-05:00,9.944239104407252,9.980203767132597,9.926256344311982,9.971212387084961,93200,0.0,0.0
2019-12-18 00:00:00-05:00,9.971213500242923,10.025160071620784,9.962222119191516,10.016169548034668,117700,0.0,0.0
2019-12-19 00:00:00-05:00,10.016166824162864,10.043140102516478,9.926254753030742,10.00717544555664,57100,0.0,0.0
2019-12-20 00:00:00-05:00,10.025158813223541,10.043141573069088,9.96222086869449,9.980203628540039,79200,0.0,0.0
2019-12-23 00:00:00-05:00,10.016166824162864,10.043140102516478,9.998184066950417,10.00717544555664,55000,0.0,0.0
2019-12-24 00:00:00-05:00,10.043143552880247,10.061125458805394,10.025160789489746,10.025160789489746,43600,0.0,0.0
2019-12-26 00:00:00-05:00,10.070113690560085,10.070113690560085,10.025157653611474,10.043140411376953,85400,0.0,0.0
2019-12-27 00:00:00-05:00,10.025159856858426,10.088098665404688,10.025159856858426,10.079107284545898,80900,0.0,0.0
2019-12-30 00:00:00-05:00,10.070116840500646,10.088099603891147,9.989196120174096,10.025160789489746,127300,0.0,0.0
2019-12-31 00:00:00-05:00,10.052131790259692,10.061122311677346,10.034149032494213,10.043140411376953,80800,0.0,0.0
2020-01-02 00:00:00-05:00,10.025160071620784,10.06112473836112,9.98020488129433,10.016169548034668,123500,0.0,0.0
2020-01-03 00:00:00-05:00,10.043142107359499,10.115071435637928,10.034150726958387,10.106080055236816,89400,0.0,0.0
2020-01-06 00:00:00-05:00,10.1060804300048,10.115071810739343,10.070115764531893,10.088098526000977,37500,0.0,0.0
2020-01-07 00:00:00-05:00,10.115069560412694,10.160025596618652,10.088096281675146,10.160025596618652,83400,0.0,0.0
2020-01-08 00:00:00-05:00,10.17801052069985,10.204984664916992,10.169019996759461,10.204984664916992,74300,0.0,0.0
2020-01-09 00:00:00-05:00,10.213973557100841,10.222964937070117,10.160026992215563,10.187000274658203,75700,0.0,0.0
2020-01-10 00:00:00-05:00,10.204984150216523,10.23195743560791,10.195992769264299,10.23195743560791,53500,0.0,0.0
2020-01-13 00:00:00-05:00,10.204984150216523,10.240948816560133,10.204984150216523,10.23195743560791,62800,0.0,0.0
2020-01-14 00:00:00-05:00,10.245495016802867,10.299655740033073,10.21841379431859,10.272575378417969,48600,0.045,0.0
2020-01-15 00:00:00-05:00,10.29965683835937,10.29965683835937,10.23646903422957,10.254522323608398,101400,0.0,0.0
2020-01-16 00:00:00-05:00,10.22744599299188,10.272580525544713,10.15523108525519,10.191338539123535,225100,0.0,0.0
2020-01-17 00:00:00-05:00,10.191337438513882,10.236471966192429,10.191337438513882,10.209391593933105,47500,0.0,0.0
2020-01-21 00:00:00-05:00,10.245495016802867,10.272575378417969,10.227440868480015,10.272575378417969,91600,0.0,0.0
2020-01-22 00:00:00-05:00,10.272576709253157,10.28160378458406,10.236469268798828,10.236469268798828,62200,0.0,0.0
2020-01-23 00:00:00-05:00,10.245495016802867,10.272575378417969,10.227440868480015,10.272575378417969,67000,0.0,0.0
2020-01-24 00:00:00-05:00,10.308684754278847,10.326738045130137,10.254523159986308,10.31771183013916,122300,0.0,0.0
2020-01-27 00:00:00-05:00,10.344790896645724,10.39895248413086,10.299656383886315,10.39895248413086,92400,0.0,0.0
2020-01-28 00:00:00-05:00,10.398951844559972,10.426032206202391,10.38089769621891,10.407978057861328,130800,0.0,0.0
2020-01-29 00:00:00-05:00,10.380897928679083,10.426032439673266,10.380897928679083,10.389925003051758,117100,0.0,0.0
2020-01-30 00:00:00-05:00,10.407978057861328,10.417005132031859,10.38089769621891,10.407978057861328,131700,0.0,0.0
2020-01-31 00:00:00-05:00,10.444088196805197,10.462142349819022,10.380900382995605,10.380900382995605,218600,0.0,0.0
2020-02-03 00:00:00-05:00,10.42603490466077,10.444088196805197,10.371873306488693,10.380900382995605,98300,0.0,0.0
2020-02-04 00:00:00-05:00,10.353817334576489,10.417005132031859,10.344790260405958,10.407978057861328,56000,0.0,0.0
2020-02-05 00:00:00-05:00,10.407980751646946,10.407980751646946,10.371873306488693,10.380900382995605,149300,0.0,0.0
2020-02-06 00:00:00-05:00,10.407980896806372,10.417007973439185,10.362846374511719,10.362846374511719,43400,0.0,0.0
2020-02-07 00:00:00-05:00,10.389927604410156,10.407980896806372,10.362846374511719,10.362846374511719,80700,0.0,0.0
2020-02-10 00:00:00-05:00,10.380898069062622,10.389925143557374,10.362843920073121,10.371870994567871,88500,0.0,0.0
2020-02-11 00:00:00-05:00,10.389925409405132,10.407978697987359,10.371871259953679,10.39895248413086,63000,0.0,0.0
2020-02-12 00:00:00-05:00,10.37186986466983,10.417004371357484,10.344789505004883,10.344789505004883,161400,0.0,0.0
2020-02-13 00:00:00-05:00,10.34751107816373,10.392815589904785,10.34751107816373,10.392815589904785,83800,0.043,0.0
2020-02-14 00:00:00-05:00,10.374692476542622,10.401874835419402,10.293144535800675,10.320327758789062,89900,0.0,0.0
2020-02-18 00:00:00-05:00,10.311265961545484,10.383752822875977,10.311265961545484,10.383752822875977,58200,0.0,0.0
2020-02-19 00:00:00-05:00,10.401875803108238,10.429059028625488,10.374693441702677,10.429059028625488,92100,0.0,0.0
2020-02-20 00:00:00-05:00,10.419998384812658,10.465302898438535,10.3293893575609,10.410937309265137,96000,0.0,0.0
2020-02-21 00:00:00-05:00,10.447180006323066,10.447180006323066,10.356571849609887,10.401875495910645,234600,0.0,0.0
2020-02-24 00:00:00-05:00,10.39281537749057,10.456241174164699,10.39281537749057,10.438119888305664,140700,0.0,0.0
2020-02-25 00:00:00-05:00,10.438117688527672,10.501543471835154,10.438117688527672,10.483421325683594,192100,0.0,0.0
2020-02-26 00:00:00-05:00,10.483423749275204,10.483423749275204,10.35657215333428,10.392815589904785,250900,0.0,0.0
2020-02-27 00:00:00-05:00,10.338447774374844,10.401873558672861,10.247839634536463,10.293143272399902,184900,0.0,0.0
2020-02-28 00:00:00-05:00,10.293144948490644,10.293144948490644,10.139110135160388,10.157232284545898,192800,0.0,0.0
2020-03-02 00:00:00-05:00,10.157232509534728,10.311267326276946,10.157232509534728,10.256901741027832,136500,0.0,0.0
2020-03-03 00:00:00-05:00,10.256901753880229,10.401875495910645,10.23878046818226,10.401875495910645,142400,0.0,0.0
2020-03-04 00:00:00-05:00,10.419997738334958,10.510606759965148,10.39281537749057,10.438119888305664,139900,0.0,0.0
2020-03-05 00:00:00-05:00,10.401874106152826,10.46530075790067,10.36563067548758,10.383752822875977,93500,0.0,0.0
2020-03-06 00:00:00-05:00,10.166293687526766,10.438119888305664,10.166293687526766,10.438119888305664,169400,0.0,0.0
2020-03-09 00:00:00-04:00,10.238779076133863,10.356570441546761,10.10286556337519,10.275022506713867,183000,0.0,0.0
2020-03-10 00:00:00-04:00,10.302204847180532,10.31126592083896,10.184413481955605,10.202535629272461,251700,0.0,0.0
2020-03-11 00:00:00-04:00,10.148170203489013,10.193474708348427,9.88540511223827,9.90352725982666,276700,0.0,0.0
2020-03-12 00:00:00-04:00,9.686066314934541,9.704188463468904,8.671249328023547,9.078989028930664,538700,0.0,0.0
2020-03-13 00:00:00-04:00,9.160535927799355,9.595457978983292,9.115232285563009,9.305510520935059,334300,0.0,0.0
2020-03-16 00:00:00-04:00,8.825994326569052,9.189953383303255,8.562124422615522,8.83509349822998,190200,0.043,0.0
2020-03-17 00:00:00-04:00,8.980678010079776,9.126261305716122,8.735006415629664,9.05346965789795,184700,0.0,0.0
2020-03-18 00:00:00-04:00,8.44383742587431,8.735004832107721,7.825108531585865,7.916097640991211,462100,0.0,0.0
2020-03-19 00:00:00-04:00,7.879702484428395,8.025285765880543,6.942509459271584,7.979791641235352,361100,0.0,0.0
2020-03-20 00:00:00-04:00,8.007087276154003,8.553024512502986,7.897899828884207,8.261857986450195,273900,0.0,0.0
2020-03-23 00:00:00-04:00,8.016188969083776,8.343751413950907,7.734120657417244,7.834208965301514,260300,0.0,0.0
2020-03-24 00:00:00-04:00,8.016188671618911,8.380146930187731,8.016188671618911,8.19816780090332,122800,0.0,0.0
2020-03-25 00:00:00-04:00,8.225462728482963,8.971577435961507,8.225462728482963,8.935181617736816,127700,0.0,0.0
2020-03-26 00:00:00-04:00,8.935182385416265,9.41742810300722,8.935182385416265,9.317338943481445,189800,0.0,0.0
2020-03-27 00:00:00-04:00,9.189954377558134,9.31733932361374,8.989776918084498,9.253646850585938,172100,0.0,0.0
2020-03-30 00:00:00-04:00,9.262744581995799,9.490218656266856,9.199051251133486,9.462921142578125,163900,0.0,0.0
2020-03-31 00:00:00-04:00,9.472018964175884,9.535711418218174,9.335534886158237,9.344634056091309,151500,0.0,0.0
2020-04-01 00:00:00-04:00,9.326437959117687,9.326437959117687,8.989776400332573,9.0443696975708,189800,0.0,0.0
2020-04-02 00:00:00-04:00,9.00797467418786,9.153558837781016,8.871490551266334,8.962480545043945,95600,0.0,0.0
2020-04-03 00:00:00-04:00,8.962479174943397,8.989775821805866,8.744103396809368,8.889687538146973,118100,0.0,0.0
2020-04-06 00:00:00-04:00,8.980676859756702,9.05346849825109,8.9260835647583,8.9260835647583,98700,0.0,0.0
2020-04-07 00:00:00-04:00,9.007973876830377,9.126260511172955,8.998875572453882,9.0443696975708,167300,0.0,0.0
2020-04-08 00:00:00-04:00,9.117161171558012,9.171754462597262,9.026171196166308,9.144457817077637,164300,0.0,0.0
2020-04-09 00:00:00-04:00,9.381029773994333,9.490217208862305,9.299138980907205,9.490217208862305,193500,0.0,0.0
2020-04-13 00:00:00-04:00,9.444724039877757,9.444724039877757,9.23544743207802,9.399229049682617,118100,0.0,0.0
2020-04-14 00:00:00-04:00,9.44765533155184,9.511614033704035,9.411107377268875,9.493340492248535,119700,0.043,0.0
2020-04-15 00:00:00-04:00,9.191821790710023,9.511616247266165,9.191821790710023,9.456794738769531,81200,0.0,0.0
2020-04-16 00:00:00-04:00,9.438517570495605,9.475065522630874,9.374558872101861,9.438517570495605,166800,0.0,0.0
2020-04-17 00:00:00-04:00,9.465929931236662,9.475067138671875,9.383697678435936,9.475067138671875,225100,0.0,0.0
2020-04-20 00:00:00-04:00,9.502475495325811,9.502475495325811,9.365420903818665,9.420243263244629,97500,0.0,0.0
2020-04-21 00:00:00-04:00,9.392834364488138,9.42938232421875,9.319738445026914,9.42938232421875,78900,0.0,0.0
2020-04-22 00:00:00-04:00,9.374559110229814,9.420244269402351,9.338011157166171,9.411107063293457,103100,0.0,0.0
2020-04-23 00:00:00-04:00,9.438518137129954,9.475066091459352,9.219230411153559,9.246641159057617,137300,0.0,0.0
2020-04-24 00:00:00-04:00,9.246643015247356,9.246643015247356,9.100451168582913,9.136999130249023,112400,0.0,0.0
2020-04-27 00:00:00-04:00,9.063898937416138,9.100446881866535,8.908569955659011,8.954255104064941,174600,0.0,0.0
2020-04-28 00:00:00-04:00,8.935983363305567,8.990805732030038,8.890298201263839,8.97253131866455,225900,0.0,0.0
2020-04-29 00:00:00-04:00,8.963395940393138,9.109587777438264,8.963395940393138,9.091313362121582,83800,0.0,0.0
2020-04-30 00:00:00-04:00,9.073038258582976,9.091311799386476,8.98166794044967,9.045626640319824,145000,0.0,0.0
2020-05-01 00:00:00-04:00,8.9177086691573,9.118721961975098,8.9177086691573,9.118721961975098,111000,0.0,0.0
2020-05-04 00:00:00-04:00,9.054763819062222,9.173544883728027,9.0456266130021,9.173544883728027,89100,0.0,0.0
2020-05-05 00:00:00-04:00,9.182684296726961,9.283190973427994,9.17354708847083,9.255780220031738,160700,0.0,0.0
2020-05-06 00:00:00-04:00,9.274053167058032,9.338012749353855,9.23750520776274,9.328875541687012,91300,0.0,0.0
2020-05-07 00:00:00-04:00,9.43851695741273,9.43851695741273,9.365421057890167,9.392831802368164,76400,0.0,0.0
2020-05-08 00:00:00-04:00,9.456793839140662,9.456793839140662,9.429382216127857,9.447656631469727,38500,0.0,0.0
2020-05-11 00:00:00-04:00,9.502477527180103,9.511614734266821,9.36542290636744,9.401970863342285,58800,0.0,0.0
2020-05-12 00:00:00-04:00,9.401971214657804,9.429381965570165,9.35628604888916,9.35628604888916,75400,0.0,0.0
2020-05-13 00:00:00-04:00,9.401971207194176,9.401971207194176,9.210094208215843,9.237504959106445,62000,0.0,0.0
2020-05-14 00:00:00-04:00,9.194377899169922,9.249433561686905,9.120968890657316,9.194377899169922,73600,0.043,0.0
2020-05-15 00:00:00-04:00,9.166849155211821,9.22190569259692,9.166849155211821,9.176025390625,62900,0.0,0.0
2020-05-18 00:00:00-04:00,9.166850090026855,9.25861070332824,9.157673853677904,9.166850090026855,103600,0.0,0.0
2020-05-19 00:00:00-04:00,9.185202562724758,9.231082869375449,9.166850090026855,9.166850090026855,89900,0.0,0.0
2020-05-20 00:00:00-04:00,9.194376946514058,9.27696043173282,9.194376946514058,9.26778507232666,122300,0.0,0.0
2020-05-21 00:00:00-04:00,9.267786936947465,9.304491007238395,9.249434464254968,9.286138534545898,114100,0.0,0.0
2020-05-22 00:00:00-04:00,9.30449002972641,9.37789816259615,9.286137558961988,9.313665390014648,81400,0.0,0.0
2020-05-26 00:00:00-04:00,9.322841622386404,9.368721924188671,9.313665387007157,9.350369453430176,92000,0.0,0.0
2020-05-27 00:00:00-04:00,9.405425987598319,9.405425987598319,9.350369450434444,9.387073516845703,113500,0.0,0.0
2020-05-28 00:00:00-04:00,9.42377663480031,9.497184753417969,9.396247933998337,9.497184753417969,73500,0.0,0.0
2020-05-29 00:00:00-04:00,9.54306697845459,9.579771048560412,9.515539144648736,9.54306697845459,98000,0.0,0.0
2020-06-01 00:00:00-04:00,9.543065131181413,9.644001960754395,9.543065131181413,9.644001960754395,48600,0.0,0.0
2020-06-02 00:00:00-04:00,9.653178195691515,9.68988225869402,9.625649492119221,9.680706024169922,86000,0.0,0.0
2020-06-03 00:00:00-04:00,9.7265843758292,9.74493596611215,9.616471333756635,9.6348237991333,55100,0.0,0.0
2020-06-04 00:00:00-04:00,9.708235779201175,9.708235779201175,9.588947331997343,9.6072998046875,69500,0.0,0.0
2020-06-05 00:00:00-04:00,9.60729978674298,9.634827620632736,9.598123550415039,9.598123550415039,43600,0.0,0.0
2020-06-08 00:00:00-04:00,9.63482572623069,9.71741008675626,9.607297897753462,9.644001960754395,84500,0.0,0.0
2020-06-09 00:00:00-04:00,9.68070408748125,9.689880320169582,9.625647566444968,9.6348237991333,32200,0.0,0.0
2020-06-10 00:00:00-04:00,9.6898832321167,9.708234827914564,9.64400292998107,9.6898832321167,74800,0.0,0.0
2020-06-11 00:00:00-04:00,9.644002860762248,9.662354456428398,9.515538190723323,9.5797700881958,118200,0.0,0.0
2020-06-12 00:00:00-04:00,9.598122587382383,9.726587257801778,9.598122587382383,9.708234786987305,99700,0.0,0.0
2020-06-15 00:00:00-04:00,9.637292663712815,9.747854232788086,9.637292663712815,9.747854232788086,46600,0.043,0.0
2020-06-16 00:00:00-04:00,9.747852870243122,9.812346890189144,9.729426383972168,9.729426383972168,44400,0.0,0.0
2020-06-17 00:00:00-04:00,9.7109981245884,9.738638290781548,9.637290428963311,9.692571640014648,41100,0.0,0.0
2020-06-18 00:00:00-04:00,9.72021317174434,9.729426854658113,9.692573001668185,9.710999488830566,24000,0.0,0.0
2020-06-19 00:00:00-04:00,9.7294240403514,9.738636841935138,9.674142837524414,9.674142837524414,23800,0.0,0.0
2020-06-22 00:00:00-04:00,9.674144025007541,9.683357706387154,9.637290178154114,9.66493034362793,54500,0.0,0.0
2020-06-23 00:00:00-04:00,9.499088702136143,9.664930577659845,9.499088702136143,9.655716896057129,219000,0.0,0.0
2020-06-24 00:00:00-04:00,9.701784190481359,9.71099787186097,9.628076496774503,9.66493034362793,98300,0.0,0.0
2020-06-25 00:00:00-04:00,9.674145463368655,9.738639485284931,9.664931780619144,9.683359146118164,127700,0.0,0.0
2020-06-26 00:00:00-04:00,9.720210178091206,9.720210178091206,9.628075134659767,9.646502494812012,50100,0.0,0.0
2020-06-29 00:00:00-04:00,9.674142837524414,9.674142837524414,9.600435152865039,9.674142837524414,60300,0.0,0.0
2020-06-30 00:00:00-04:00,9.738638821935686,9.738638821935686,9.637290954589844,9.637290954589844,66000,0.0,0.0
2020-07-01 00:00:00-04:00,9.674142837524414,9.701782999605452,9.655715477027115,9.674142837524414,73000,0.0,0.0
2020-07-02 00:00:00-04:00,9.729423858167328,9.729423858167328,9.646502494812012,9.646502494812012,54400,0.0,0.0
2020-07-06 00:00:00-04:00,9.701782999605452,9.747850522183787,9.628075314946077,9.674142837524414,56100,0.0,0.0
2020-07-07 00:00:00-04:00,9.692572224324657,9.747852560043489,9.655717495625309,9.738638877868652,32100,0.0,0.0
2020-07-08 00:00:00-04:00,9.766279572280101,9.839987269691154,9.73863852675216,9.82155990600586,34400,0.0,0.0
2020-07-09 00:00:00-04:00,9.830771576848237,9.895265579223633,9.803131415639479,9.895265579223633,83900,0.0,0.0
2020-07-10 00:00:00-04:00,9.849200438758782,9.95976286764773,9.849200438758782,9.913695335388184,45100,0.0,0.0
2020-07-13 00:00:00-04:00,10.116392219834607,10.116392219834607,9.913696460747621,9.941336631774902,97700,0.0,0.0
2020-07-14 00:00:00-04:00,9.971859502374157,9.981110047816774,9.907107448636973,9.91635799407959,59700,0.043,0.0
2020-07-15 00:00:00-04:00,9.879357761528757,9.962610915143092,9.879357761528757,9.934859275817871,48800,0.0,0.0
2020-07-16 00:00:00-04:00,9.870107308811702,9.962611009746176,9.870107308811702,9.944109916687012,29200,0.0,0.0
2020-07-17 00:00:00-04:00,9.944110683108143,9.999613084382691,9.916359923561238,9.925609588623047,44900,0.0,0.0
2020-07-20 00:00:00-04:00,9.953359698931713,9.990361000028162,9.925608061473921,9.962610244750977,25000,0.0,0.0
2020-07-21 00:00:00-04:00,9.98110992979051,10.018111228942871,9.934858085304919,10.018111228942871,57300,0.0,0.0
2020-07-22 00:00:00-04:00,9.99036047512374,10.027361774276102,9.962609721304608,10.018111228942871,52600,0.0,0.0
2020-07-23 00:00:00-04:00,10.01811227718517,10.036613369787487,9.981110974161188,10.027362823486328,50400,0.0,0.0
2020-07-24 00:00:00-04:00,10.02736347277829,10.02736347277829,9.990362167358398,9.990362167358398,62800,0.0,0.0
2020-07-27 00:00:00-04:00,9.962611408838658,10.055114231298031,9.953360861938508,9.990362167358398,92300,0.0,0.0
2020-07-28 00:00:00-04:00,9.999611854553223,10.027362610687124,9.97186021623869,9.999611854553223,33100,0.0,0.0
2020-07-29 00:00:00-04:00,10.018111228942871,10.064363073428463,9.98110992979051,10.018111228942871,97300,0.0,0.0
2020-07-30 00:00:00-04:00,9.990361731306054,10.055113792419434,9.944109881004781,10.055113792419434,82900,0.0,0.0
2020-07-31 00:00:00-04:00,10.156868425091561,10.156868425091561,10.055115047472706,10.092116355895996,78800,0.0,0.0
2020-08-03 00:00:00-04:00,10.129116552258338,10.193869496525549,10.092115247897366,10.184618949890137,106300,0.0,0.0
2020-08-04 00:00:00-04:00,10.221619818408886,10.286371877734435,10.212369272167908,10.249370574951172,99500,0.0,0.0
2020-08-05 00:00:00-04:00,10.304875394798517,10.314125061035156,10.258623534891909,10.314125061035156,43300,0.0,0.0
2020-08-06 00:00:00-04:00,10.277121182054998,10.36037433265193,10.277121182054998,10.341874122619629,47800,0.0,0.0
2020-08-07 00:00:00-04:00,10.341874027772116,10.360374237634746,10.314122389707235,10.332623481750488,66300,0.0,0.0
2020-08-10 00:00:00-04:00,10.332623576513162,10.369624878758394,10.332623576513162,10.341874122619629,85200,0.0,0.0
2020-08-11 00:00:00-04:00,10.341874027772116,10.360374237634746,10.332623481750488,10.332623481750488,131300,0.0,0.0
2020-08-12 00:00:00-04:00,10.37887542486486,10.37887542486486,10.323373030406696,10.341874122619629,56300,0.0,0.0
2020-08-13 00:00:00-04:00,10.36695362996427,10.38553282539877,10.320506527282822,10.34837532043457,61100,0.047,0.0
2020-08-14 00:00:00-04:00,10.348378712871279,10.366957028491377,10.31122119572599,10.320509910583496,97500,0.0,0.0
2020-08-17 00:00:00-04:00,10.311218536231216,10.450558968110748,10.311218536231216,10.404111862182617,152900,0.0,0.0
2020-08-18 00:00:00-04:00,10.37624476206386,10.404112673431765,10.366955162972916,10.39482307434082,89300,0.0,0.0
2020-08-19 00:00:00-04:00,10.413402726696658,10.413402726696658,10.329798103041654,10.357666015625,127000,0.0,0.0
2020-08-20 00:00:00-04:00,10.32050874106608,10.376245453420486,10.30193042755127,10.30193042755127,89000,0.0,0.0
2020-08-21 00:00:00-04:00,10.339088397993125,10.339088397993125,10.236905454377577,10.26477336883545,106000,0.0,0.0
2020-08-24 00:00:00-04:00,10.264771098908021,10.292639007203247,10.209034396412735,10.236903190612793,143400,0.0,0.0
2020-08-25 00:00:00-04:00,10.218325927914238,10.246193841482423,10.153300500953476,10.171878814697266,158800,0.0,0.0
2020-08-26 00:00:00-04:00,10.144009391696006,10.153298990138103,10.032536868105428,10.060404777526855,124400,0.0,0.0
2020-08-27 00:00:00-04:00,10.060405539076934,10.060405539076934,9.976800918579102,9.976800918579102,65500,0.0,0.0
2020-08-28 00:00:00-04:00,9.986090990195175,10.106853127082875,9.986090990195175,10.078985214233398,108200,0.0,0.0
2020-08-31 00:00:00-04:00,10.171879592814573,10.246194625284602,10.1533012776496,10.227616310119629,112200,0.0,0.0
2020-09-01 00:00:00-04:00,10.255482957904206,10.28335087015881,10.227615045649605,10.274062156677246,101900,0.0,0.0
2020-09-02 00:00:00-04:00,10.274062156677246,10.28335087015881,10.236904645036125,10.274062156677246,28800,0.0,0.0
2020-09-03 00:00:00-04:00,10.274062827305112,10.311220341371648,10.199746913267022,10.255483627319336,79900,0.0,0.0
2020-09-04 00:00:00-04:00,10.236904260240994,10.236904260240994,10.097562932395771,10.106852531433105,59500,0.0,0.0
2020-09-08 00:00:00-04:00,10.088275200405015,10.144011919039334,10.013960166162645,10.032539367675781,100300,0.0,0.0
2020-09-09 00:00:00-04:00,10.078985474168316,10.171878814697266,10.060406274519528,10.171878814697266,45200,0.0,0.0
2020-09-10 00:00:00-04:00,10.181168102674746,10.255483127183652,10.181168102674746,10.2183256149292,58300,0.0,0.0
2020-09-11 00:00:00-04:00,10.199748992919922,10.255485718336539,10.190460276938149,10.199748992919922,57500,0.0,0.0
2020-09-14 00:00:00-04:00,10.206277128280531,10.28091251734524,10.178289413452148,10.178289413452148,33000,0.047,0.0
2020-09-15 00:00:00-04:00,10.178289037851496,10.280912137957575,10.178289037851496,10.27158260345459,29100,0.0,0.0
2020-09-16 00:00:00-04:00,10.271582079834563,10.280911613861951,10.215605765383566,10.252923011779785,60400,0.0,0.0
2020-09-17 00:00:00-04:00,10.187617963791933,10.252922921985046,10.122313005598821,10.140971183776855,71000,0.0,0.0
2020-09-18 00:00:00-04:00,10.16895790593714,10.178287438974577,10.103652954101562,10.103652954101562,57900,0.0,0.0
2020-09-21 00:00:00-04:00,10.103652656362518,10.159628963224364,10.038347706451377,10.057005882263184,62400,0.0,0.0
2020-09-22 00:00:00-04:00,10.057005882263184,10.112982189125029,10.019688640926358,10.057005882263184,53800,0.0,0.0
2020-09-23 00:00:00-04:00,10.057009415609905,10.057009415609905,10.01036262512207,10.01036262512207,44400,0.0,0.0
2020-09-24 00:00:00-04:00,9.935729044860027,10.010363560730791,9.935729044860027,9.97304630279541,68900,0.0,0.0
2020-09-25 00:00:00-04:00,10.001032803345248,10.029020518463062,9.963715553283691,9.963715553283691,21800,0.0,0.0
2020-09-28 00:00:00-04:00,9.991702799805608,10.047679117129451,9.991702799805608,10.01969051361084,36000,0.0,0.0
2020-09-29 00:00:00-04:00,10.029020309448242,10.057008023982762,9.973043990665795,10.029020309448242,78800,0.0,0.0
2020-09-30 00:00:00-04:00,10.122313471235737,10.122313471235737,10.01969037253913,10.084996223449707,75200,0.0,0.0
2020-10-01 00:00:00-04:00,10.084997397410682,10.140972830748956,10.084997397410682,10.131643295288086,44300,0.0,0.0
2020-10-02 00:00:00-04:00,10.159630972720317,10.178289152222565,10.150301438112498,10.168959617614746,22400,0.0,0.0
2020-10-05 00:00:00-04:00,10.140971678539023,10.187618460829924,10.084996251560638,10.122313499450684,26500,0.0,0.0
2020-10-06 00:00:00-04:00,10.122314166652195,10.150301881986168,10.075667381286621,10.075667381286621,49800,0.0,0.0
2020-10-07 00:00:00-04:00,10.07566570445055,10.187617436868377,10.038348460311274,10.047677993774414,71600,0.0,0.0
2020-10-08 00:00:00-04:00,10.140969897699344,10.140969897699344,10.057005882263184,10.057005882263184,59700,0.0,0.0
2020-10-09 00:00:00-04:00,10.075667381286621,10.15963141700197,10.075667381286621,10.075667381286621,41700,0.0,0.0
2020-10-12 00:00:00-04:00,10.084995332796606,10.159629821777344,10.084995332796606,10.159629821777344,55600,0.0,0.0
2020-10-13 00:00:00-04:00,10.12231326676842,10.196947760832886,10.112983732582025,10.150300979614258,37200,0.0,0.0
2020-10-14 00:00:00-04:00,10.194339342795155,10.194339342795155,10.128751049098078,10.166230201721191,57100,0.047,0.0
2020-10-15 00:00:00-04:00,10.166232030877955,10.166232030877955,10.081903698909825,10.119382858276367,70100,0.0,0.0
2020-10-16 00:00:00-04:00,10.100642510258217,10.100642510258217,10.025684193911387,10.035054206848145,64400,0.0,0.0
2020-10-19 00:00:00-04:00,10.04442201878166,10.110010307819572,10.04442201878166,10.100640296936035,54600,0.0,0.0
2020-10-20 00:00:00-04:00,10.110012539247046,10.194340868664526,10.100642526295411,10.18497085571289,78400,0.0,0.0
2020-10-21 00:00:00-04:00,10.14749121087905,10.166231235883682,10.063162885505353,10.11001205444336,87100,0.0,0.0
2020-10-22 00:00:00-04:00,10.110012523194975,10.166231707241904,10.035054206848145,10.035054206848145,60800,0.0,0.0
2020-10-23 00:00:00-04:00,10.081900664582982,10.081900664582982,10.006942368409927,10.025681495666504,43400,0.0,0.0
2020-10-26 00:00:00-04:00,10.006942658087658,10.025681785886688,9.950723487543765,9.96009349822998,42200,0.0,0.0
2020-10-27 00:00:00-04:00,10.006943864354767,10.035053006228374,9.931985556976144,9.997573852539062,74000,0.0,0.0
2020-10-28 00:00:00-04:00,9.978832337165,10.03505150608148,9.960093209908425,10.025681495666504,45400,0.0,0.0
2020-10-29 00:00:00-04:00,10.006945061611487,10.044424219784903,9.988205035737971,10.035054206848145,60400,0.0,0.0
2020-10-30 00:00:00-04:00,10.110011150284981,10.128751173613656,9.950724526285224,10.006943702697754,41500,0.0,0.0
2020-11-02 00:00:00-05:00,10.025681495666504,10.100639791839559,9.988202347579977,10.025681495666504,51800,0.0,0.0
2020-11-03 00:00:00-05:00,10.035052387675698,10.11001069043395,10.035052387675698,10.081901550292969,28300,0.0,0.0
2020-11-04 00:00:00-05:00,10.119380208530286,10.278666817522517,10.119380208530286,10.259926795959473,76200,0.0,0.0
2020-11-05 00:00:00-05:00,10.231817657188317,10.344255105846349,10.231817657188317,10.259926795959473,75600,0.0,0.0
2020-11-06 00:00:00-05:00,10.288034279971185,10.33488343277002,10.288034279971185,10.297404289245605,33000,0.0,0.0
2020-11-09 00:00:00-05:00,10.391104771076371,10.400474782313175,10.325516479565655,10.334885597229004,37800,0.0,0.0
2020-11-10 00:00:00-05:00,10.372364748602765,10.372364748602765,10.325516479565655,10.334885597229004,21200,0.0,0.0
2020-11-11 00:00:00-05:00,10.362995147705078,10.38173427573141,10.344255126105333,10.362995147705078,38800,0.0,0.0
2020-11-12 00:00:00-05:00,10.36017366586298,10.397812770568734,10.303714560110828,10.322534561157227,42000,0.047,0.0
2020-11-13 00:00:00-05:00,10.350762462197963,10.360172461627371,10.313123361867266,10.341352462768555,30400,0.0,0.0
2020-11-16 00:00:00-05:00,10.360172366591625,10.388401467233962,10.29430326857693,10.350762367248535,39400,0.0,0.0
2020-11-17 00:00:00-05:00,10.30371198275829,10.378990173339844,10.30371198275829,10.378990173339844,48600,0.0,0.0
2020-11-18 00:00:00-05:00,10.378992232532159,10.463680438085252,10.331943129737441,10.369583129882812,69100,0.0,0.0
2020-11-19 00:00:00-05:00,10.397812595266323,10.426041698972949,10.397812595266323,10.416631698608398,20600,0.0,0.0
2020-11-20 00:00:00-05:00,10.435449694296283,10.463678792579039,10.397810597456989,10.426039695739746,58400,0.0,0.0
2020-11-23 00:00:00-05:00,10.41663021592084,10.48249931170996,10.41663021592084,10.463679313659668,47800,0.0,0.0
2020-11-24 00:00:00-05:00,10.491908073425293,10.491908073425293,10.463678974651339,10.491908073425293,51500,0.0,0.0
2020-11-25 00:00:00-05:00,10.520138069586118,10.529547170919523,10.454268975931065,10.491908073425293,115000,0.0,0.0
2020-11-27 00:00:00-05:00,10.520138589546763,10.548367689715947,10.510728590361396,10.529547691345215,43300,0.0,0.0
2020-11-30 00:00:00-05:00,10.548367500305176,10.557777499321572,10.529547502272383,10.548367500305176,45300,0.0,0.0
2020-12-01 00:00:00-05:00,10.557779479126683,10.623647689819336,10.557779479126683,10.623647689819336,58500,0.0,0.0
2020-12-02 00:00:00-05:00,10.623646640773233,10.670695742645087,10.586007538753146,10.633056640625,79600,0.0,0.0
2020-12-03 00:00:00-05:00,10.586005119760484,10.689512402316682,10.586005119760484,10.680103302001953,85900,0.0,0.0
2020-12-04 00:00:00-05:00,10.661285820575415,10.717744922710947,10.661285820575415,10.708334922790527,49600,0.0,0.0
2020-12-07 00:00:00-05:00,10.680107213366956,10.727155424331336,10.614238102720039,10.670697212219238,61500,0.0,0.0
2020-12-08 00:00:00-05:00,10.689514230234435,10.9247588286784,10.68010512831074,10.849480628967285,569300,0.0,0.0
2020-12-09 00:00:00-05:00,10.849481161718169,10.849481161718169,10.76479295853792,10.8024320602417,49600,0.0,0.0
2020-12-10 00:00:00-05:00,10.745974197648486,10.811842403375191,10.745974197648486,10.774203300476074,51000,0.0,0.0
2020-12-11 00:00:00-05:00,10.755384710051441,10.811842918395996,10.736564709011894,10.811842918395996,64800,0.0,0.0
2020-12-14 00:00:00-05:00,10.790111497265046,10.81845654643184,10.610590750038668,10.657833099365234,230600,0.047,0.0
2020-12-15 00:00:00-05:00,10.620040049613687,10.667282401829477,10.620040049613687,10.648386001586914,52600,0.0,0.0
2020-12-16 00:00:00-05:00,10.638935204332263,10.638935204332263,10.516105473783488,10.563347816467285,218700,0.0,0.0
2020-12-17 00:00:00-05:00,10.544450634808417,10.610589374648704,10.47831189496813,10.487760543823242,217000,0.0,0.0
2020-12-18 00:00:00-05:00,10.47831249383843,10.638935929264504,10.47831249383843,10.610589981079102,157800,0.0,0.0
2020-12-21 00:00:00-05:00,10.53500252741597,10.610589919996299,10.53500252741597,10.582244873046875,143300,0.0,0.0
2020-12-22 00:00:00-05:00,10.54445051896467,10.62003790682965,10.525554122534796,10.563347816467285,71300,0.0,0.0
2020-12-23 00:00:00-05:00,10.553899470947123,10.638935510006636,10.535002172901557,10.572795867919922,75900,0.0,0.0
2020-12-24 00:00:00-05:00,10.544451530956003,10.610590276417263,10.544451530956003,10.591693878173828,46300,0.0,0.0
2020-12-28 00:00:00-05:00,10.563347102438632,10.620037188969034,10.535001158100753,10.544449806213379,136300,0.0,0.0
2020-12-29 00:00:00-05:00,10.591693583361634,10.638935929264504,10.5822449339665,10.610589981079102,59400,0.0,0.0
2020-12-30 00:00:00-05:00,10.657832084125403,10.667280733305233,10.60114199119198,10.629487037658691,156500,0.0,0.0
2020-12-31 00:00:00-05:00,10.62948573513331,10.723970413208008,10.610588439089302,10.723970413208008,71200,0.0,0.0
2021-01-04 00:00:00-05:00,10.723971251457481,10.723971251457481,10.620037917236731,10.695625305175781,96400,0.0,0.0
2021-01-05 00:00:00-05:00,10.69562404662494,10.72396998957118,10.629485315228981,10.686176300048828,60100,0.0,0.0
2021-01-06 00:00:00-05:00,10.638936700278327,10.695626798611913,10.638936700278327,10.657833099365234,186400,0.0,0.0
2021-01-07 00:00:00-05:00,10.629488757150552,10.714524811379425,10.629488757150552,10.67673110961914,120700,0.0,0.0
2021-01-08 00:00:00-05:00,10.686176961234382,10.723970653095144,10.67672831300102,10.705073356628418,94200,0.0,0.0
2021-01-11 00:00:00-05:00,10.695624708395055,10.733418400255816,10.686176961234382,10.705073356628418,69800,0.0,0.0
2021-01-12 00:00:00-05:00,10.676729800367518,10.752317194619058,10.638936103241747,10.667281150817871,73400,0.0,0.0
2021-01-13 00:00:00-05:00,10.657832140657636,10.780661877428617,10.657832140657636,10.761765480041504,103600,0.0,0.0
2021-01-14 00:00:00-05:00,10.741838040980824,10.798773978020483,10.722859998611616,10.751327514648438,98400,0.049,0.0
2021-01-15 00:00:00-05:00,10.73235076478847,10.760818284253665,10.722861289978027,10.722861289978027,39900,0.0,0.0
2021-01-19 00:00:00-05:00,10.72285896932092,10.770305428138567,10.703880023807491,10.732348442077637,64400,0.0,0.0
2021-01-20 00:00:00-05:00,10.732349261129556,10.798773765563965,10.713370314167724,10.798773765563965,67300,0.0,0.0
2021-01-21 00:00:00-05:00,10.770306451355545,10.884177420356476,10.770306451355545,10.83673095703125,80600,0.0,0.0
2021-01-22 00:00:00-05:00,10.817752210458506,10.941112655406872,10.817752210458506,10.874688148498535,124100,0.0,0.0
2021-01-25 00:00:00-05:00,10.86519738729496,10.960090304462888,10.855707914584983,10.903154373168945,95200,0.0,0.0
2021-01-26 00:00:00-05:00,10.884178145323201,11.0075385961991,10.874688671032883,10.969581604003906,103500,0.0,0.0
2021-01-27 00:00:00-05:00,10.912643433767279,11.064471371529498,10.884175921678336,10.998046875,81300,0.0,0.0
2021-01-28 00:00:00-05:00,10.912643024423433,11.007535934448242,10.903153552427781,11.007535934448242,73600,0.0,0.0
2021-01-29 00:00:00-05:00,10.979067518461283,11.03600344546934,10.979067518461283,11.007535934448242,70200,0.0,0.0
2021-02-01 00:00:00-05:00,11.045495664066284,11.05498423345553,10.98855972290039,10.98855972290039,76500,0.0,0.0
2021-02-02 00:00:00-05:00,10.960091666964551,11.026516174260093,10.950602193074891,10.979069709777832,93900,0.0,0.0
2021-02-03 00:00:00-05:00,10.931623458862305,10.979069015377707,10.922133985572831,10.931623458862305,117300,0.0,0.0
2021-02-04 00:00:00-05:00,10.931622377318412,10.960089889404355,10.912643432617188,10.912643432617188,76900,0.0,0.0
2021-02-05 00:00:00-05:00,10.979070446700774,11.054984432981376,10.931624883999971,11.026516914367676,92800,0.0,0.0
2021-02-08 00:00:00-05:00,11.017026811798027,11.121409215707947,10.979069820821525,11.083452224731445,110000,0.0,0.0
2021-02-09 00:00:00-05:00,11.111918449401855,11.149875435963946,11.054982517075747,11.111918449401855,123300,0.0,0.0
2021-02-10 00:00:00-05:00,11.149875305865947,11.197321764756436,11.102428846975458,11.178342819213867,86500,0.0,0.0
2021-02-11 00:00:00-05:00,11.215506612708811,11.215506612708811,11.120217326725196,11.129746437072754,56000,0.049,0.0
2021-02-12 00:00:00-05:00,11.110689200402195,11.14880473642217,11.07257366438222,11.08210277557373,68700,0.0,0.0
2021-02-16 00:00:00-05:00,11.101160118874507,11.101160118874507,10.977285308038127,11.02492904663086,104400,0.0,0.0
2021-02-17 00:00:00-05:00,11.072574693488276,11.072574693488276,10.977286298955088,11.00587272644043,91400,0.0,0.0
2021-02-18 00:00:00-05:00,11.034458232842313,11.034458232842313,10.929640734981433,10.967756271362305,77900,0.0,0.0
2021-02-19 00:00:00-05:00,11.005871807743176,11.04398734412405,10.939168937517099,10.967756271362305,130400,0.0,0.0
2021-02-22 00:00:00-05:00,10.958227330767826,10.97728555362815,10.748591423034668,10.748591423034668,72000,0.0,0.0
2021-02-23 00:00:00-05:00,10.720004182811998,10.777177938301909,10.291204197248721,10.61518669128418,468600,0.0,0.0
2021-02-24 00:00:00-05:00,10.63424381486583,10.948697192604099,10.577070969138507,10.853408813476562,384700,0.0,0.0
2021-02-25 00:00:00-05:00,10.84387966783402,10.910581623881956,10.710474846992156,10.88199520111084,260500,0.0,0.0
2021-02-26 00:00:00-05:00,11.034456305539024,11.053514524773743,10.920109716368442,10.94869613647461,132200,0.0,0.0
2021-03-01 00:00:00-05:00,11.005872686692605,11.244095035284454,10.967757147267756,11.034459114074707,175000,0.0,0.0
2021-03-02 00:00:00-05:00,11.05351624822249,11.2917385733243,11.024928914913115,11.196449279785156,155700,0.0,0.0
2021-03-03 00:00:00-05:00,11.3393822396743,11.3393822396743,11.043987067312965,11.263151168823242,114700,0.0,0.0
2021-03-04 00:00:00-05:00,11.367967675622069,11.387024985781368,11.177389121553713,11.2250337600708,72500,0.0,0.0
2021-03-05 00:00:00-05:00,11.225034744749358,11.263150277157408,11.063043504828652,11.186919212341309,68700,0.0,0.0
2021-03-08 00:00:00-05:00,11.377497949892998,11.377497949892998,11.005871700971289,11.0725736618042,88000,0.0,0.0
2021-03-09 00:00:00-05:00,11.24409296532637,11.339381341973507,11.024927972420603,11.186919212341309,131100,0.0,0.0
2021-03-10 00:00:00-05:00,11.33938214075142,11.625249108322052,11.244093757391902,11.3870267868042,209900,0.0,0.0
2021-03-11 00:00:00-05:00,11.568075287549895,11.568075287549895,11.263150123694203,11.377496719360352,116800,0.0,0.0
2021-03-12 00:00:00-05:00,11.663585073174525,11.663585073174525,11.252154868884928,11.328700065612793,267400,0.049,0.0
2021-03-15 00:00:00-04:00,11.233016745684141,11.663583652973657,11.213880905077588,11.405243873596191,134200,0.0,0.0
2021-03-16 00:00:00-04:00,11.548766140374292,11.548766140374292,11.280857978219311,11.33826732635498,92800,0.0,0.0
2021-03-17 00:00:00-04:00,11.338269562186346,11.47222321343329,11.290428581387804,11.319132804870605,64600,0.0,0.0
2021-03-18 00:00:00-04:00,11.299995487841173,11.386108147070503,11.223449381041723,11.242586135864258,66500,0.0,0.0
2021-03-19 00:00:00-04:00,11.242586925871448,11.280859525715211,11.223450169704188,11.252155303955078,52000,0.0,0.0
2021-03-22 00:00:00-04:00,11.271290888489428,11.338268621044172,11.204314068425422,11.213882446289062,62300,0.0,0.0
2021-03-23 00:00:00-04:00,11.252154610461833,11.338268182925631,11.252154610461833,11.290427207946777,45000,0.0,0.0
2021-03-24 00:00:00-04:00,11.414813377895518,11.414813377895518,11.290427207946777,11.290427207946777,413900,0.0,0.0
2021-03-25 00:00:00-04:00,11.395675229596844,11.395675229596844,11.175608049087966,11.26172161102295,115700,0.0,0.0
2021-03-26 00:00:00-04:00,11.271291037310627,11.366972992228897,11.242586815831446,11.309563636779785,41300,0.0,0.0
2021-03-29 00:00:00-04:00,11.366973250861172,11.395677472993459,11.271291293765854,11.3478364944458,46600,0.0,0.0
2021-03-30 00:00:00-04:00,11.414815023284662,11.510496074543621,11.328701438408016,11.357405662536621,60400,0.0,0.0
2021-03-31 00:00:00-04:00,11.453085110135687,11.453085110135687,11.30956219604183,11.33826732635498,131400,0.0,0.0
2021-04-01 00:00:00-04:00,11.481791850415018,11.481791850415018,11.357405662536621,11.357405662536621,75600,0.0,0.0
2021-04-05 00:00:00-04:00,11.405245591698055,11.45308656915719,11.252155193821423,11.309563636779785,123600,0.0,0.0
2021-04-06 00:00:00-04:00,11.539198676093875,11.539198676093875,11.319130572812881,11.33826732635498,141900,0.0,0.0
2021-04-07 00:00:00-04:00,11.453087626286413,11.453087626286413,11.347837283663475,11.357405662536621,138200,0.0,0.0
2021-04-08 00:00:00-04:00,11.673154149393323,11.673154149393323,11.35740496587421,11.39567756652832,164200,0.0,0.0
2021-04-09 00:00:00-04:00,11.357404257207683,11.472222052005746,11.22344970703125,11.22344970703125,315000,0.0,0.0
2021-04-12 00:00:00-04:00,11.24258785353137,11.386109886665226,11.24258785353137,11.357405662536621,154800,0.0,0.0
2021-04-13 00:00:00-04:00,11.721540607679435,11.721540607679435,11.385267446228003,11.519776344299316,208800,0.049,0.0
2021-04-14 00:00:00-04:00,11.67350162729319,11.692717708246374,11.4909534396038,11.61585521697998,134100,0.0,0.0
2021-04-15 00:00:00-04:00,11.721540913402977,11.721540913402977,11.43330611301742,11.61585521697998,104400,0.0,0.0
2021-04-16 00:00:00-04:00,11.625464064904245,11.932914051323785,11.48134619656516,11.567816734313965,86700,0.0,0.0
2021-04-19 00:00:00-04:00,11.60624645228933,11.663893775278597,11.54860004557318,11.625462532043457,133200,0.0,0.0
2021-04-20 00:00:00-04:00,11.683110397986953,11.683110397986953,11.577424694958392,11.606247901916504,46800,0.0,0.0
2021-04-21 00:00:00-04:00,11.654285735401533,11.654285735401533,11.58703128880832,11.625462532043457,36300,0.0,0.0
2021-04-22 00:00:00-04:00,11.683109207843312,11.683109207843312,11.558207435384114,11.596638679504395,64300,0.0,0.0
2021-04-23 00:00:00-04:00,11.654285735401533,11.654285735401533,11.596638412412267,11.625462532043457,63700,0.0,0.0
2021-04-26 00:00:00-04:00,11.66389602361097,11.721542441439043,11.625464772967824,11.683111190795898,127400,0.0,0.0
2021-04-27 00:00:00-04:00,11.721542441439043,11.721542441439043,11.644679940152752,11.683111190795898,46300,0.0,0.0
2021-04-28 00:00:00-04:00,11.817621026183554,11.817621026183554,11.654287981881861,11.683111190795898,142500,0.0,0.0
2021-04-29 00:00:00-04:00,11.721541727523734,11.721541727523734,11.53899352715544,11.567816734313965,88000,0.0,0.0
2021-04-30 00:00:00-04:00,11.673502438077373,11.683110479221291,11.519777444867604,11.567816734313965,141000,0.0,0.0
2021-05-03 00:00:00-04:00,11.654286002912839,11.75997169516709,11.53899227056098,11.721540451049805,155000,0.0,0.0
2021-05-04 00:00:00-04:00,11.740756531245015,11.740756531245015,11.673501166834914,11.721540451049805,105500,0.0,0.0
2021-05-05 00:00:00-04:00,11.817619249805086,11.817619249805086,11.683109434636421,11.731148719787598,52000,0.0,0.0
2021-05-06 00:00:00-04:00,11.817619630375379,11.856050876479316,11.692717851469288,11.788796424865723,138700,0.0,0.0
2021-05-07 00:00:00-04:00,11.836834795290757,11.836834795290757,11.759972303082883,11.788796424865723,90100,0.0,0.0
2021-05-10 00:00:00-04:00,11.865659258010227,11.865659258010227,11.769580681853164,11.846443176269531,94300,0.0,0.0
2021-05-11 00:00:00-04:00,11.86565910890328,11.86565910890328,11.750364452454342,11.7984037399292,126300,0.0,0.0
2021-05-12 00:00:00-04:00,11.779187428603809,11.827226711404508,11.58703121367412,11.663893699645996,60600,0.0,0.0
2021-05-13 00:00:00-04:00,11.64467739128217,11.68310863351321,11.625462228303196,11.654285430908203,94300,0.0,0.0
2021-05-14 00:00:00-04:00,11.79802352149448,11.79802352149448,11.576147796980678,11.595441818237305,71700,0.049,0.0
2021-05-17 00:00:00-04:00,11.740141001409103,11.759434098902558,11.576145532762483,11.585792541503906,71700,0.0,0.0
2021-05-18 00:00:00-04:00,11.63402917810322,11.63402917810322,11.5375609098312,11.57614803314209,50700,0.0,0.0
2021-05-19 00:00:00-04:00,11.672615679925102,11.769083023071289,11.576147416789375,11.769083023071289,75300,0.0,0.0
2021-05-20 00:00:00-04:00,11.798022952962313,11.798022952962313,11.701555611296524,11.711202621459961,78000,0.0,0.0
2021-05-21 00:00:00-04:00,11.807669963125749,11.807669963125749,11.576147239140427,11.711202621459961,55700,0.0,0.0
2021-05-24 00:00:00-04:00,11.759435327736101,11.769082337485614,11.711202118967512,11.749789237976074,72300,0.0,0.0
2021-05-25 00:00:00-04:00,11.788376683737253,11.788376683737253,11.711202443580996,11.759435653686523,35800,0.0,0.0
2021-05-26 00:00:00-04:00,11.76908316933773,11.76908316933773,11.72084903717041,11.72084903717041,94400,0.0,0.0
2021-05-27 00:00:00-04:00,11.759435922751376,11.759435922751376,11.720848801790343,11.740142822265625,94300,0.0,0.0
2021-05-28 00:00:00-04:00,11.7980238527504,11.807670863649577,11.730496616435364,11.78837776184082,62700,0.0,0.0
2021-06-01 00:00:00-04:00,11.865551353891304,11.875198364257812,11.788377110938315,11.875198364257812,65000,0.0,0.0
2021-06-02 00:00:00-04:00,12.010252557487052,12.010252557487052,11.807669944325074,11.894491195678711,137700,0.0,0.0
2021-06-03 00:00:00-04:00,11.875197284571742,11.875197284571742,11.769082020167163,11.846256256103516,83000,0.0,0.0
2021-06-04 00:00:00-04:00,11.89449197243089,11.89449197243089,11.788377613840984,11.8366117477417,58400,0.0,0.0
2021-06-07 00:00:00-04:00,11.80767071540752,11.875198870864354,11.79802370462946,11.8366117477417,43200,0.0,0.0
2021-06-08 00:00:00-04:00,11.933077863767318,11.933077863767318,11.798022486784259,11.855903625488281,64400,0.0,0.0
2021-06-09 00:00:00-04:00,11.933078427070782,11.933078427070782,11.672615590581204,11.740142822265625,208300,0.0,0.0
2021-06-10 00:00:00-04:00,11.778730179769104,11.788377190200476,11.682261915434466,11.72084903717041,80700,0.0,0.0
2021-06-11 00:00:00-04:00,11.710194141643754,11.748937509141316,11.613335261042476,11.652078628540039,91900,0.049,0.0
2021-06-14 00:00:00-04:00,11.652077914657687,11.681136131286621,11.603648477324152,11.681136131286621,94100,0.0,0.0
2021-06-15 00:00:00-04:00,11.632708008920563,11.69082260131836,11.632708008920563,11.69082260131836,78200,0.0,0.0
2021-06-16 00:00:00-04:00,11.700508068840676,11.71988021444683,11.63270740664863,11.652078628540039,73400,0.0,0.0
2021-06-17 00:00:00-04:00,11.700507770270864,11.739251136779785,11.623021037253022,11.739251136779785,100600,0.0,0.0
2021-06-18 00:00:00-04:00,11.729565857211027,11.768309226339225,11.671451265376119,11.758624076843262,45500,0.0,0.0
2021-06-21 00:00:00-04:00,11.739251533927925,11.768308828863969,11.739251533927925,11.748937606811523,55900,0.0,0.0
2021-06-22 00:00:00-04:00,11.787680974631163,11.797367047514761,11.719880311875482,11.748937606811523,73400,0.0,0.0
2021-06-23 00:00:00-04:00,11.77799566671338,11.787681740226075,11.719881073066826,11.768309593200684,74700,0.0,0.0
2021-06-24 00:00:00-04:00,11.768309432828445,11.807052802636443,11.739252136401147,11.787681579589844,41300,0.0,0.0
2021-06-25 00:00:00-04:00,11.787680974631163,11.816738269567207,11.739251533927925,11.748937606811523,41500,0.0,0.0
2021-06-28 00:00:00-04:00,11.75862372796857,11.807052245155873,11.748937655045207,11.797367095947266,51000,0.0,0.0
2021-06-29 00:00:00-04:00,11.816739874002424,11.836112022399902,11.758625276239746,11.836112022399902,97700,0.0,0.0
2021-06-30 00:00:00-04:00,11.86516796735294,11.884540113539872,11.768309083847823,11.826424598693848,108200,0.0,0.0
2021-07-01 00:00:00-04:00,11.865167920245096,11.991084098815918,11.816738478684815,11.991084098815918,103100,0.0,0.0
2021-07-02 00:00:00-04:00,11.991084098815918,12.01045532121117,11.942654657255638,11.991084098815918,55200,0.0,0.0
2021-07-06 00:00:00-04:00,12.010455273365613,12.049198641716544,11.913597314345669,11.942654609680176,78900,0.0,0.0
2021-07-07 00:00:00-04:00,12.058884923655327,12.058884923655327,11.923283593935134,11.971712112426758,86400,0.0,0.0
2021-07-08 00:00:00-04:00,11.97171105170982,12.039512634277344,11.962025903098485,12.039512634277344,17500,0.0,0.0
2021-07-09 00:00:00-04:00,12.097627430791691,12.097627430791691,12.02014069826784,12.068570137023926,41700,0.0,0.0
2021-07-12 00:00:00-04:00,12.097627430791691,12.126685648274172,12.01045462577368,12.068570137023926,60800,0.0,0.0
2021-07-13 00:00:00-04:00,12.028701855295026,12.096770203459291,11.98008120916554,11.999529838562012,41500,0.049,0.0
2021-07-14 00:00:00-04:00,11.999529000637784,12.067597344048854,11.931460657226715,11.941184043884277,108000,0.0,0.0
2021-07-15 00:00:00-04:00,11.970358137624519,12.057874190132367,11.77587554797584,11.853668212890625,142900,0.0,0.0
2021-07-16 00:00:00-04:00,11.912013678257367,11.912013678257367,11.736979711127212,11.77587604522705,120100,0.0,0.0
2021-07-19 00:00:00-04:00,11.766152807986177,11.814772530712636,11.698083526917952,11.71753215789795,90100,0.0,0.0
2021-07-20 00:00:00-04:00,11.717531131335688,11.756427462526245,11.688359114783193,11.746703147888184,96300,0.0,0.0
2021-07-21 00:00:00-04:00,11.727256549082687,11.746704252826445,11.668911583127867,11.688360214233398,93100,0.0,0.0
2021-07-22 00:00:00-04:00,11.707807387622426,11.707807387622426,11.610566091223275,11.639739036560059,98800,0.0,0.0
2021-07-23 00:00:00-04:00,11.659186470734372,11.756427764892578,11.600842436128817,11.756427764892578,96400,0.0,0.0
2021-07-26 00:00:00-04:00,11.785600311915449,11.834220961179874,11.76615260862673,11.805048942565918,120600,0.0,0.0
2021-07-27 00:00:00-04:00,11.863392105815956,11.921737066107335,11.814771460133423,11.902288436889648,117400,0.0,0.0
2021-07-28 00:00:00-04:00,11.90228956720726,11.98980655227466,11.863393232439725,11.970358848571777,58000,0.0,0.0
2021-07-29 00:00:00-04:00,11.980080024330142,12.009252965539632,11.834219027729095,11.96063232421875,72500,0.0,0.0
2021-07-30 00:00:00-04:00,12.009254455566406,12.028702158090738,11.960633808213004,12.009254455566406,63200,0.0,0.0
2021-08-02 00:00:00-04:00,11.960632671922655,12.009253314656974,11.921736343207526,11.941184043884277,92500,0.0,0.0
2021-08-03 00:00:00-04:00,11.999530140623383,12.028702158090738,11.970358123156027,12.009254455566406,72000,0.0,0.0
2021-08-04 00:00:00-04:00,12.009254731092094,12.038426749228737,12.009254731092094,12.018978118896484,41500,0.0,0.0
2021-08-05 00:00:00-04:00,11.98980655227466,12.018978571509868,11.950910217507124,11.970358848571777,42700,0.0,0.0
2021-08-06 00:00:00-04:00,11.970357821828996,11.999529838562012,11.931461490397744,11.999529838562012,38300,0.0,0.0
2021-08-09 00:00:00-04:00,11.999530140623383,12.038426473033761,11.970358123156027,12.009254455566406,51900,0.0,0.0
2021-08-10 00:00:00-04:00,12.057875205731426,12.16484082451994,12.009255481585877,12.10649585723877,91600,0.0,0.0
2021-08-11 00:00:00-04:00,12.242631096844367,12.242631096844367,12.018976514684056,12.028700828552246,86100,0.0,0.0
2021-08-12 00:00:00-04:00,11.98008120916554,12.2037358104165,11.96063350713076,11.999529838562012,87000,0.0,0.0
2021-08-13 00:00:00-04:00,12.134741584048593,12.134741584048593,11.97854232788086,11.97854232788086,75500,0.0485,0.0
2021-08-16 00:00:00-04:00,12.154265867598914,12.154265867598914,11.939491427649045,11.959016799926758,66700,0.0,0.0
2021-08-17 00:00:00-04:00,12.056641261502723,12.183552451563173,12.017591449710057,12.144502639770508,42300,0.0,0.0
2021-08-18 00:00:00-04:00,12.17379093170166,12.17379093170166,12.095691306609861,12.17379093170166,26100,0.0,0.0
2021-08-19 00:00:00-04:00,12.203077023283965,12.203077023283965,12.066402225455665,12.164027214050293,68900,0.0,0.0
2021-08-20 00:00:00-04:00,12.183552602701305,12.320227411181575,12.08592853751908,12.290940284729004,49200,0.0,0.0
2021-08-23 00:00:00-04:00,12.369038870074391,12.369038870074391,12.232364073077118,12.281176567077637,57800,0.0,0.0
2021-08-24 00:00:00-04:00,12.329989724425364,12.378802221051968,12.24212741670166,12.369039535522461,99600,0.0,0.0
2021-08-25 00:00:00-04:00,12.388564109802246,12.388564109802246,12.31046448676177,12.388564109802246,47400,0.0,0.0
2021-08-26 00:00:00-04:00,12.427614078252539,12.427614078252539,12.33975269948824,12.408089637756348,66300,0.0,0.0
2021-08-27 00:00:00-04:00,12.476425911009631,12.476425911009631,12.388563605907585,12.447138786315918,36400,0.0,0.0
2021-08-30 00:00:00-04:00,12.437376101077712,12.476425911009631,12.378801851690286,12.447138786315918,52600,0.0,0.0
2021-08-31 00:00:00-04:00,12.495951947541604,12.495951947541604,12.378802511501581,12.408089637756348,78400,0.0,0.0
2021-09-01 00:00:00-04:00,12.535000932579504,12.535000932579504,12.408088819153717,12.427613258361816,65500,0.0,0.0
2021-09-02 00:00:00-04:00,12.40808913275245,12.44713894317648,12.300702386841595,12.339752197265625,45500,0.0,0.0
2021-09-03 00:00:00-04:00,12.4276142971119,12.4276142971119,12.271415046307752,12.310464859008789,67900,0.0,0.0
2021-09-07 00:00:00-04:00,12.349514298282008,12.388564109802246,12.27141467524153,12.388564109802246,114900,0.0,0.0
2021-09-08 00:00:00-04:00,12.427614290088199,12.437376976013184,12.320227537976281,12.437376976013184,61800,0.0,0.0
2021-09-09 00:00:00-04:00,12.398327785875008,12.447140286929917,12.203078712676389,12.261653900146484,61200,0.0,0.0
2021-09-10 00:00:00-04:00,12.339752041758366,12.505713966724251,12.290939546588241,12.447138786315918,104200,0.0,0.0
2021-09-13 00:00:00-04:00,12.416269339420575,12.435868331364773,12.318271575971774,12.386870384216309,120300,0.0485,0.0
2021-09-14 00:00:00-04:00,12.445668251519875,12.445668251519875,12.328071496534166,12.426069259643555,51100,0.0,0.0
2021-09-15 00:00:00-04:00,12.465268914406218,12.612264633178711,12.386871073117423,12.612264633178711,116700,0.0,0.0
2021-09-16 00:00:00-04:00,12.612263813405004,12.622063776573121,12.445668177850726,12.484867095947266,64300,0.0,0.0
2021-09-17 00:00:00-04:00,12.494668098758808,12.592665869442222,12.328072449342612,12.41627025604248,155800,0.0,0.0
2021-09-20 00:00:00-04:00,12.484868134775267,12.494668098758808,12.347672377309696,12.41627025604248,87100,0.0,0.0
2021-09-21 00:00:00-04:00,12.455469144834783,12.465269108792702,12.377071302323433,12.435869216918945,39700,0.0,0.0
2021-09-22 00:00:00-04:00,12.41627025604248,12.494668098758808,12.298673491967989,12.41627025604248,65700,0.0,0.0
2021-09-23 00:00:00-04:00,12.455468232682879,12.494667151067897,12.328071514287585,12.396669387817383,55800,0.0,0.0
2021-09-24 00:00:00-04:00,12.328071496534166,12.435868288293749,12.328071496534166,12.426069259643555,78400,0.0,0.0
2021-09-27 00:00:00-04:00,12.42606930868901,12.42606930868901,12.347671471722437,12.377070426940918,129400,0.0,0.0
2021-09-28 00:00:00-04:00,12.337872598224715,12.337872598224715,12.112478096105448,12.259474754333496,166900,0.0,0.0
2021-09-29 00:00:00-04:00,12.337872518771801,12.357471512330385,12.239874747250852,12.318272590637207,38600,0.0,0.0
2021-09-30 00:00:00-04:00,12.435869497190152,12.435869497190152,12.200675964355469,12.200675964355469,84000,0.0,0.0
2021-10-01 00:00:00-04:00,12.396670575051038,12.406470539229822,12.03408031162023,12.200675964355469,93100,0.0,0.0
2021-10-04 00:00:00-04:00,12.298672763303392,12.298672763303392,12.112477196951717,12.220274925231934,33100,0.0,0.0
2021-10-05 00:00:00-04:00,12.259474942817615,12.259474942817615,12.034080437233005,12.102679252624512,69000,0.0,0.0
2021-10-06 00:00:00-04:00,12.151677218968748,12.151677218968748,12.053680379772441,12.08307933807373,44100,0.0,0.0
2021-10-07 00:00:00-04:00,12.092878481544066,12.10267844517132,11.965481758117676,11.965481758117676,57300,0.0,0.0
2021-10-08 00:00:00-04:00,12.073278560703898,12.092878487968818,11.906682917255953,11.955681800842285,54700,0.0,0.0
2021-10-11 00:00:00-04:00,11.896885727994157,12.004682540893555,11.867485832550226,12.004682540893555,97000,0.0,0.0
2021-10-12 00:00:00-04:00,11.945882742643663,12.024281523069584,11.91648378409397,11.994881629943848,57100,0.0,0.0
2021-10-13 00:00:00-04:00,11.993404795172452,12.190180036505215,11.993404795172452,12.121308326721191,43000,0.0485,0.0
2021-10-14 00:00:00-04:00,12.111470731008513,12.200018466694935,12.091792830882248,12.160663604736328,79400,0.0,0.0
2021-10-15 00:00:00-04:00,12.20001815674794,12.20001815674794,12.01308280176722,12.131147384643555,74300,0.0,0.0
2021-10-18 00:00:00-04:00,12.072114835756627,12.111469694346717,12.052436937314662,12.062275886535645,23600,0.0,0.0
2021-10-19 00:00:00-04:00,12.170501513084933,12.170501513084933,12.022921027945554,12.062275886535645,47500,0.0,0.0
2021-10-20 00:00:00-04:00,12.091792860012069,12.121308771978649,11.993405235731572,12.072115898132324,49200,0.0,0.0
2021-10-21 00:00:00-04:00,12.150824338179017,12.170501297979364,11.904856241764817,11.954049110412598,95200,0.0,0.0
2021-10-22 00:00:00-04:00,11.934373091199147,12.042598724365234,11.90485718002547,12.042598724365234,114100,0.0,0.0
2021-10-25 00:00:00-04:00,11.97372886348489,12.052438591467693,11.767115592956543,11.767115592956543,121000,0.0,0.0
2021-10-26 00:00:00-04:00,11.806469189205782,11.84582404897138,11.639210800628524,11.737598419189453,140500,0.0,0.0
2021-10-27 00:00:00-04:00,11.688404307050174,11.727759165796046,11.61953353881836,11.61953353881836,122200,0.0,0.0
2021-10-28 00:00:00-04:00,11.619533321124823,11.668726189915144,11.570339514040676,11.599855422973633,81700,0.0,0.0
2021-10-29 00:00:00-04:00,11.708080710625026,11.835984230041504,11.688403751334537,11.835984230041504,99700,0.0,0.0
2021-11-01 00:00:00-04:00,11.776953154365177,11.944211541172988,11.776953154365177,11.90485668182373,97300,0.0,0.0
2021-11-02 00:00:00-04:00,11.90485822879834,12.101632551114433,11.90485822879834,12.052438735961914,69900,0.0,0.0
2021-11-03 00:00:00-04:00,12.013082933319936,12.062276744630593,11.963889122009277,11.963889122009277,49300,0.0,0.0
2021-11-04 00:00:00-04:00,11.895016982242794,12.00324260405444,11.895016982242794,11.924532890319824,72600,0.0,0.0
2021-11-05 00:00:00-04:00,11.944211432212636,12.022921150193127,11.895017623901367,11.895017623901367,104700,0.0,0.0
2021-11-08 00:00:00-05:00,11.885178565979004,12.190179424086836,11.835984758117245,11.885178565979004,112500,0.0,0.0
2021-11-09 00:00:00-05:00,11.875340449308874,12.101631606020337,11.875340449308874,11.963889122009277,55400,0.0,0.0
2021-11-10 00:00:00-05:00,12.003242713816304,12.101630326031165,11.904856039895252,11.934371948242188,72400,0.0,0.0
2021-11-11 00:00:00-05:00,11.954050279912321,11.993405141657043,11.93437331818692,11.97372817993164,30100,0.0,0.0
2021-11-12 00:00:00-05:00,11.972245853536501,12.031514812426705,11.903099519871382,11.992002487182617,26300,0.0485,0.0
2021-11-15 00:00:00-05:00,11.9821244781242,12.100661456901125,11.9821244781242,12.031515121459961,44000,0.0,0.0
2021-11-16 00:00:00-05:00,12.001879223213528,12.031514172105519,11.962366900072299,11.972245216369629,26400,0.0,0.0
2021-11-17 00:00:00-05:00,11.962367385684487,12.110539310015206,11.942611694335938,11.942611694335938,51700,0.0,0.0
2021-11-18 00:00:00-05:00,11.932733219769968,11.982123860560113,11.932733219769968,11.952489852905273,18000,0.0,0.0
2021-11-19 00:00:00-05:00,11.932733694157632,12.031514979664987,11.912978002285055,11.922855377197266,27200,0.0,0.0
2021-11-22 00:00:00-05:00,11.952490657849282,11.992002984732743,11.90310001373291,11.90310001373291,27100,0.0,0.0
2021-11-23 00:00:00-05:00,11.903099065269187,11.962367079847688,11.843830108642578,11.843830108642578,26900,0.0,0.0
2021-11-24 00:00:00-05:00,11.883343879729285,11.932734525925722,11.754928576437832,11.814197540283203,46000,0.0,0.0
2021-11-26 00:00:00-05:00,11.784562585766727,11.814196594292437,11.754927635192871,11.754927635192871,24100,0.0,0.0
2021-11-29 00:00:00-05:00,11.814196403401901,11.942611694335938,11.79443977000522,11.942611694335938,30600,0.0,0.0
2021-11-30 00:00:00-05:00,12.031514501350259,12.031514501350259,11.893220895547477,11.952489852905273,47000,0.0,0.0
2021-12-01 00:00:00-05:00,11.972245216369629,12.031514172105519,11.95248952582306,11.972245216369629,32300,0.0,0.0
2021-12-02 00:00:00-05:00,11.93273386445677,12.001880200069852,11.912978172302246,11.912978172302246,39300,0.0,0.0
2021-12-03 00:00:00-05:00,11.912977844156254,11.982124177864684,11.912977844156254,11.932733535766602,44000,0.0,0.0
2021-12-06 00:00:00-05:00,11.903099855200901,11.98212450791533,11.903099855200901,11.912978172302246,46200,0.0,0.0
2021-12-07 00:00:00-05:00,11.972246019950942,12.10066131429124,11.922855377197266,11.922855377197266,44400,0.0,0.0
2021-12-08 00:00:00-05:00,12.120417442756938,12.140173133805648,11.972245520675088,12.071026802062988,67900,0.0,0.0
2021-12-09 00:00:00-05:00,12.051270326815851,12.120417601512331,12.051270326815851,12.061148643493652,38000,0.0,0.0
2021-12-10 00:00:00-05:00,12.061148154543467,12.15005111694336,12.061148154543467,12.15005111694336,52800,0.0,0.0
2021-12-13 00:00:00-05:00,12.156992627419706,12.275984282949718,12.137160212000563,12.226404190063477,93100,0.047,0.0
2021-12-14 00:00:00-05:00,12.186740313414157,12.32556438446045,12.166908843642753,12.32556438446045,92100,0.0,0.0
2021-12-15 00:00:00-05:00,12.325564956686973,12.325564956686973,12.246237182595253,12.285901069641113,28400,0.0,0.0
2021-12-16 00:00:00-05:00,12.256152250537674,12.335480023370023,12.2164883641215,12.266068458557129,85000,0.0,0.0
2021-12-17 00:00:00-05:00,12.295816332156333,12.335480219202191,12.275984861464233,12.285901069641113,46700,0.0,0.0
2021-12-20 00:00:00-05:00,12.375143720785045,12.375143720785045,12.216488177543436,12.246236801147461,58500,0.0,0.0
2021-12-21 00:00:00-05:00,12.21648874899831,12.266068844995946,12.1867410696644,12.206573486328125,32900,0.0,0.0
2021-12-22 00:00:00-05:00,12.196656798398587,12.305732248774975,12.147076704350544,12.15699291229248,143800,0.0,0.0
2021-12-23 00:00:00-05:00,12.20657272030595,12.226404190063477,12.156992627419706,12.226404190063477,50600,0.0,0.0
2021-12-27 00:00:00-05:00,12.196656503922526,12.22640418136847,12.127243995666504,12.127243995666504,36600,0.0,0.0
2021-12-28 00:00:00-05:00,12.107412338256836,12.176823899775355,12.107412338256836,12.107412338256836,39200,0.0,0.0
2021-12-29 00:00:00-05:00,12.087580110518042,12.335479629111338,12.087580110518042,12.127243995666504,69800,0.0,0.0
2021-12-30 00:00:00-05:00,12.107412818244436,12.15699291229248,12.067748932138329,12.15699291229248,73500,0.0,0.0
2021-12-31 00:00:00-05:00,12.28590097070885,12.345396327967723,12.077665328979492,12.077665328979492,96400,0.0,0.0
2022-01-03 00:00:00-05:00,12.25615215472693,12.25615215472693,12.087580402360564,12.15699291229248,84700,0.0,0.0
2022-01-04 00:00:00-05:00,12.12724486022091,12.196657373425367,12.057833292678135,12.117329597473145,61300,0.0,0.0
2022-01-05 00:00:00-05:00,12.176823887044147,12.176823887044147,11.899176695598758,11.909092903137207,113600,0.0,0.0
2022-01-06 00:00:00-05:00,11.909093953940106,11.978505521510606,11.839681440707922,11.919010162353516,122900,0.0,0.0
2022-01-07 00:00:00-05:00,11.919009772541946,11.948757451147593,11.8495972615799,11.879344940185547,59400,0.0,0.0
2022-01-10 00:00:00-05:00,11.919009001243934,12.038000653628034,11.800016403198242,11.800016403198242,82000,0.0,0.0
2022-01-11 00:00:00-05:00,11.82976512136555,11.869429005814874,11.710773468017578,11.710773468017578,75200,0.0,0.0
2022-01-12 00:00:00-05:00,11.74052161818566,11.770269296306347,11.68102531628265,11.760353088378906,52400,0.0,0.0
2022-01-13 00:00:00-05:00,11.700857921241324,11.800017165133392,11.681025505065918,11.681025505065918,101400,0.0,0.0
2022-01-14 00:00:00-05:00,11.65812736411404,11.668083294224624,11.449057579040527,11.449057579040527,160200,0.047,0.0
2022-01-18 00:00:00-05:00,11.279811059060375,11.439102150008305,11.150386810302734,11.150386810302734,158200,0.0,0.0
2022-01-19 00:00:00-05:00,11.150386094832275,11.220076654737607,11.05082964410281,11.200164794921875,151000,0.0,0.0
2022-01-20 00:00:00-05:00,11.190209739002416,11.319633989563897,10.981139941856917,11.020962715148926,172700,0.0,0.0
2022-01-21 00:00:00-05:00,11.02096185947188,11.120519259697083,10.951272248984077,11.00105094909668,189900,0.0,0.0
2022-01-24 00:00:00-05:00,10.86167162198089,11.020962715148926,10.84176071005979,11.020962715148926,155400,0.0,0.0
2022-01-25 00:00:00-05:00,10.941316594427754,11.150386380602477,10.921405683551463,11.140430450439453,182900,0.0,0.0
2022-01-26 00:00:00-05:00,11.150386048213479,11.20016474809496,11.080696438049246,11.110563278198242,99900,0.0,0.0
2022-01-27 00:00:00-05:00,11.110563802345196,11.210121206804828,11.100607872009277,11.100607872009277,63300,0.0,0.0
2022-01-28 00:00:00-05:00,11.100608053449603,11.269855074127472,11.030918438858642,11.259900093078613,123000,0.0,0.0
2022-01-31 00:00:00-05:00,11.259899909034646,11.259899909034646,11.070741030451297,11.100607872009277,70600,0.0,0.0
2022-02-01 00:00:00-05:00,11.150386233561678,11.44905748836551,11.150386233561678,11.269854545593262,107700,0.0,0.0
2022-02-02 00:00:00-05:00,11.34949994574094,11.389322715922672,11.160342024740142,11.200164794921875,91200,0.0,0.0
2022-02-03 00:00:00-05:00,11.160342076599743,11.180252987058266,11.070740605912054,11.090652465820312,82200,0.0,0.0
2022-02-04 00:00:00-05:00,11.03091822011263,11.080696922168958,10.961228606903632,11.011007308959961,98500,0.0,0.0
2022-02-07 00:00:00-05:00,11.150386435533456,11.150386435533456,10.97118443896499,11.03091812133789,79400,0.0,0.0
2022-02-08 00:00:00-05:00,11.011007694171655,11.060785448519649,10.911450286576056,10.931361198425293,68000,0.0,0.0
2022-02-09 00:00:00-05:00,10.9711848256034,10.9711848256034,10.911450191675613,10.951272964477539,48300,0.0,0.0
2022-02-10 00:00:00-05:00,10.9214062374928,10.941317149378987,10.712336440713912,10.732247352600098,163900,0.0,0.0
2022-02-11 00:00:00-05:00,10.74220266932461,10.79198137036981,10.533132884494577,10.562999725341797,108600,0.0,0.0
2022-02-14 00:00:00-05:00,10.5600004196167,10.59000015258789,10.449999809265137,10.579999923706055,165700,0.047,0.0
2022-02-15 00:00:00-05:00,10.600000381469727,10.720000267028809,10.520000457763672,10.649999618530273,186000,0.0,0.0
2022-02-16 00:00:00-05:00,10.600000381469727,10.899999618530273,10.600000381469727,10.84000015258789,143300,0.0,0.0
2022-02-17 00:00:00-05:00,10.819999694824219,11.100000381469727,10.819999694824219,11.039999961853027,127900,0.0,0.0
2022-02-18 00:00:00-05:00,11.039999961853027,11.069999694824219,10.949999809265137,11.0,88300,0.0,0.0
2022-02-22 00:00:00-05:00,10.949999809265137,10.970000267028809,10.789999961853027,10.8100004196167,149700,0.0,0.0
2022-02-23 00:00:00-05:00,10.920000076293945,10.920000076293945,10.670000076293945,10.739999771118164,133500,0.0,0.0
2022-02-24 00:00:00-05:00,10.65999984741211,10.880000114440918,10.600000381469727,10.880000114440918,183000,0.0,0.0
2022-02-25 00:00:00-05:00,10.899999618530273,10.90999984741211,10.800000190734863,10.880000114440918,90000,0.0,0.0
2022-02-28 00:00:00-05:00,10.970000267028809,11.039999961853027,10.869999885559082,11.029999732971191,100500,0.0,0.0
2022-03-01 00:00:00-05:00,11.029999732971191,11.289999961853027,11.020000457763672,11.119999885559082,55700,0.0,0.0
2022-03-02 00:00:00-05:00,11.09000015258789,11.149999618530273,11.039999961853027,11.050000190734863,29000,0.0,0.0
2022-03-03 00:00:00-05:00,11.100000381469727,11.140000343322754,11.020000457763672,11.039999961853027,53700,0.0,0.0
2022-03-04 00:00:00-05:00,10.989999771118164,11.100000381469727,10.890000343322754,10.989999771118164,72500,0.0,0.0
2022-03-07 00:00:00-05:00,10.949999809265137,10.970000267028809,10.779999732971191,10.850000381469727,72600,0.0,0.0
2022-03-08 00:00:00-05:00,10.800000190734863,10.850000381469727,10.699999809265137,10.8100004196167,125500,0.0,0.0
2022-03-09 00:00:00-05:00,10.90999984741211,11.100000381469727,10.75,10.979999542236328,176000,0.0,0.0
2022-03-10 00:00:00-05:00,10.930000305175781,10.9399995803833,10.479999542236328,10.510000228881836,140300,0.0,0.0
2022-03-11 00:00:00-05:00,10.510000228881836,11.100000381469727,10.449999809265137,10.8100004196167,120900,0.0,0.0
2022-03-14 00:00:00-04:00,10.649999618530273,10.649999618530273,10.350000381469727,10.420000076293945,99900,0.0,0.0
2022-03-15 00:00:00-04:00,10.59000015258789,10.680000305175781,10.420000076293945,10.529999732971191,53800,0.0,0.0
2022-03-16 00:00:00-04:00,10.529999732971191,10.600000381469727,10.380000114440918,10.470000267028809,149000,0.0,0.0
2022-03-17 00:00:00-04:00,10.420000076293945,10.640000343322754,10.420000076293945,10.529999732971191,55200,0.0,0.0
2022-03-18 00:00:00-04:00,10.489999771118164,10.65999984741211,10.489999771118164,10.600000381469727,42200,0.0,0.0
2022-03-21 00:00:00-04:00,10.550000190734863,10.600000381469727,10.460000038146973,10.510000228881836,108800,0.0,0.0
2022-03-22 00:00:00-04:00,10.449999809265137,10.510000228881836,10.399999618530273,10.430000305175781,139600,0.0,0.0
2022-03-23 00:00:00-04:00,10.390000343322754,10.479999542236328,10.369999885559082,10.380000114440918,63300,0.0,0.0
2022-03-24 00:00:00-04:00,10.329999923706055,10.399999618530273,10.300000190734863,10.329999923706055,69100,0.0,0.0
2022-03-25 00:00:00-04:00,10.300000190734863,10.300000190734863,10.079999923706055,10.119999885559082,172900,0.0,0.0
2022-03-28 00:00:00-04:00,10.079999923706055,10.170000076293945,10.0,10.039999961853027,204400,0.0,0.0
2022-03-29 00:00:00-04:00,10.039999961853027,10.390000343322754,10.010000228881836,10.270000457763672,125500,0.0,0.0
2022-03-30 00:00:00-04:00,10.1899995803833,10.329999923706055,10.1899995803833,10.329999923706055,93600,0.0,0.0
2022-03-31 00:00:00-04:00,10.520000457763672,10.520000457763672,10.369999885559082,10.460000038146973,73100,0.0,0.0
2022-04-01 00:00:00-04:00,10.449999809265137,10.5,10.279999732971191,10.430000305175781,60200,0.0,0.0
2022-04-04 00:00:00-04:00,10.399999618530273,10.479999542236328,10.279999732971191,10.300000190734863,63700,0.0,0.0
2022-04-05 00:00:00-04:00,10.270000457763672,10.300000190734863,10.050000190734863,10.069999694824219,110800,0.0,0.0
2022-04-06 00:00:00-04:00,10.300000190734863,10.300000190734863,10.029999732971191,10.079999923706055,88700,0.0,0.0
2022-04-07 00:00:00-04:00,10.039999961853027,10.180000305175781,10.010000228881836,10.100000381469727,90800,0.0,0.0
2022-04-08 00:00:00-04:00,10.199999809265137,10.199999809265137,10.010000228881836,10.010000228881836,84100,0.0,0.0
2022-04-11 00:00:00-04:00,10.010000228881836,10.09000015258789,9.8100004196167,9.829999923706055,88100,0.0,0.0
2022-04-12 00:00:00-04:00,9.779999732971191,10.029999732971191,9.779999732971191,9.869999885559082,166900,0.0,0.0
2022-04-13 00:00:00-04:00,9.819999694824219,10.0,9.75,9.859999656677246,154900,0.0,0.0
2022-04-14 00:00:00-04:00,9.789999961853027,9.819999694824219,9.630000114440918,9.720000267028809,168100,0.0,0.0
2022-04-18 00:00:00-04:00,9.649999618530273,9.729999542236328,9.5600004196167,9.65999984741211,212400,0.0,0.0
2022-04-19 00:00:00-04:00,9.510000228881836,9.649999618530273,9.5,9.5600004196167,210800,0.0,0.0
2022-04-20 00:00:00-04:00,9.529999732971191,9.760000228881836,9.529999732971191,9.680000305175781,127000,0.0,0.0
2022-04-21 00:00:00-04:00,9.680000305175781,9.739999771118164,9.550000190734863,9.59000015258789,124700,0.0,0.0
2022-04-22 00:00:00-04:00,9.600000381469727,9.600000381469727,9.420000076293945,9.420000076293945,170100,0.0,0.0
2022-04-25 00:00:00-04:00,9.350000381469727,9.40999984741211,9.3100004196167,9.350000381469727,179400,0.0,0.0
2022-04-26 00:00:00-04:00,9.319999694824219,9.529999732971191,9.3100004196167,9.350000381469727,175200,0.0,0.0
2022-04-27 00:00:00-04:00,9.350000381469727,9.390000343322754,9.270000457763672,9.329999923706055,194300,0.0,0.0
2022-04-28 00:00:00-04:00,9.25,9.479999542236328,9.210000038146973,9.4399995803833,169900,0.0,0.0
2022-04-29 00:00:00-04:00,9.529999732971191,9.569999694824219,9.329999923706055,9.380000114440918,134200,0.0,0.0
2022-05-02 00:00:00-04:00,9.329999923706055,9.420000076293945,9.270000457763672,9.279999732971191,100000,0.0,0.0
2022-05-03 00:00:00-04:00,9.300000190734863,9.390000343322754,9.270000457763672,9.300000190734863,146600,0.0,0.0
2022-05-04 00:00:00-04:00,9.350000381469727,9.399999618530273,9.229999542236328,9.359999656677246,109600,0.0,0.0
2022-05-05 00:00:00-04:00,9.220000267028809,9.380000114440918,9.149999618530273,9.15999984741211,376700,0.0,0.0
2022-05-06 00:00:00-04:00,9.15999984741211,9.3100004196167,9.149999618530273,9.300000190734863,182700,0.0,0.0
2022-05-09 00:00:00-04:00,9.149999618530273,9.34000015258789,9.140000343322754,9.260000228881836,122400,0.0,0.0
2022-05-10 00:00:00-04:00,9.210000038146973,9.390000343322754,9.180000305175781,9.300000190734863,194900,0.0,0.0
2022-05-11 00:00:00-04:00,9.3100004196167,9.3100004196167,9.170000076293945,9.25,99500,0.0,0.0
2022-05-12 00:00:00-04:00,9.239999771118164,9.270000457763672,9.180000305175781,9.260000228881836,233000,0.0,0.0
2022-05-13 00:00:00-04:00,9.210000038146973,9.220000267028809,9.119999885559082,9.119999885559082,127500,0.0,0.0
2022-05-16 00:00:00-04:00,9.1899995803833,9.1899995803833,9.050000190734863,9.130000114440918,113600,0.0,0.0
2022-05-17 00:00:00-04:00,9.079999923706055,9.1899995803833,9.0600004196167,9.079999923706055,141600,0.0,0.0
2022-05-18 00:00:00-04:00,9.029999732971191,9.100000381469727,9.0,9.029999732971191,169100,0.0,0.0
2022-05-19 00:00:00-04:00,9.199999809265137,9.199999809265137,9.050000190734863,9.109999656677246,140600,0.0,0.0
2022-05-20 00:00:00-04:00,9.119999885559082,9.180000305175781,9.029999732971191,9.0600004196167,91300,0.0,0.0
2022-05-23 00:00:00-04:00,9.050000190734863,9.1899995803833,9.029999732971191,9.029999732971191,115900,0.0,0.0
2022-05-24 00:00:00-04:00,9.029999732971191,9.180000305175781,9.029999732971191,9.100000381469727,131800,0.0,0.0
2022-05-25 00:00:00-04:00,9.130000114440918,9.40999984741211,9.130000114440918,9.40999984741211,142600,0.0,0.0
2022-05-26 00:00:00-04:00,9.430000305175781,9.680000305175781,9.279999732971191,9.630000114440918,308700,0.0,0.0
2022-05-27 00:00:00-04:00,9.720000267028809,9.850000381469727,9.630000114440918,9.850000381469727,186300,0.0,0.0
2022-05-31 00:00:00-04:00,9.869999885559082,9.869999885559082,9.729999542236328,9.819999694824219,160900,0.0,0.0
2022-06-01 00:00:00-04:00,9.850000381469727,9.890000343322754,9.760000228881836,9.880000114440918,123100,0.0,0.0
2022-06-02 00:00:00-04:00,9.880000114440918,9.989999771118164,9.800000190734863,9.989999771118164,153200,0.0,0.0
2022-06-03 00:00:00-04:00,9.8100004196167,9.859999656677246,9.729999542236328,9.789999961853027,76800,0.0,0.0
2022-06-06 00:00:00-04:00,9.75,9.829999923706055,9.6899995803833,9.720000267028809,115300,0.0,0.0
2022-06-07 00:00:00-04:00,9.65999984741211,9.829999923706055,9.65999984741211,9.8100004196167,73900,0.0,0.0
2022-06-08 00:00:00-04:00,9.819999694824219,9.829999923706055,9.630000114440918,9.710000038146973,127600,0.0,0.0
2022-06-09 00:00:00-04:00,9.65999984741211,9.6899995803833,9.449999809265137,9.449999809265137,109800,0.0,0.0
2022-06-10 00:00:00-04:00,9.40999984741211,9.40999984741211,9.300000190734863,9.359999656677246,143000,0.0,0.0
2022-06-13 00:00:00-04:00,9.25,9.270000457763672,9.050000190734863,9.199999809265137,152000,0.0,0.0
2022-06-14 00:00:00-04:00,9.149999618530273,9.270000457763672,9.039999961853027,9.050000190734863,115500,0.0,0.0
2022-06-15 00:00:00-04:00,9.039999961853027,9.15999984741211,8.970000267028809,9.149999618530273,125200,0.0,0.0
2022-06-16 00:00:00-04:00,9.029999732971191,9.069999694824219,8.850000381469727,9.010000228881836,235200,0.0,0.0
2022-06-17 00:00:00-04:00,8.970000267028809,9.109999656677246,8.899999618530273,8.949999809265137,178400,0.0,0.0
2022-06-21 00:00:00-04:00,9.109999656677246,9.109999656677246,8.930000305175781,8.930000305175781,107900,0.0,0.0
2022-06-22 00:00:00-04:00,8.920000076293945,9.079999923706055,8.920000076293945,9.010000228881836,164700,0.0,0.0
2022-06-23 00:00:00-04:00,9.0600004196167,9.1899995803833,9.010000228881836,9.100000381469727,128300,0.0,0.0
2022-06-24 00:00:00-04:00,9.100000381469727,9.180000305175781,9.100000381469727,9.140000343322754,142000,0.0,0.0
2022-06-27 00:00:00-04:00,9.130000114440918,9.220000267028809,9.100000381469727,9.180000305175781,99200,0.0,0.0
2022-06-28 00:00:00-04:00,9.239999771118164,9.3100004196167,9.1899995803833,9.279999732971191,74900,0.0,0.0
2022-06-29 00:00:00-04:00,9.270000457763672,9.399999618530273,9.229999542236328,9.380000114440918,112500,0.0,0.0
2022-06-30 00:00:00-04:00,9.399999618530273,9.520000457763672,9.300000190734863,9.4399995803833,260300,0.0,0.0
2022-07-01 00:00:00-04:00,9.59000015258789,9.59000015258789,9.319999694824219,9.369999885559082,349200,0.0,0.0
2022-07-05 00:00:00-04:00,9.390000343322754,9.399999618530273,9.15999984741211,9.25,294900,0.0,0.0
2022-07-06 00:00:00-04:00,9.260000228881836,9.359999656677246,9.149999618530273,9.15999984741211,359600,0.0,0.0
2022-07-07 00:00:00-04:00,9.289999961853027,9.289999961853027,9.170000076293945,9.1899995803833,307600,0.0,0.0
2022-07-08 00:00:00-04:00,9.170000076293945,9.329999923706055,9.15999984741211,9.329999923706055,167600,0.0,0.0
2022-07-11 00:00:00-04:00,9.3100004196167,9.420000076293945,9.300000190734863,9.380000114440918,103800,0.0,0.0
2022-07-12 00:00:00-04:00,9.380000114440918,9.449999809265137,9.359999656677246,9.369999885559082,72900,0.0,0.0
2022-07-13 00:00:00-04:00,9.279999732971191,9.380000114440918,9.279999732971191,9.34000015258789,124400,0.0,0.0
2022-07-14 00:00:00-04:00,9.279999732971191,9.350000381469727,9.229999542236328,9.239999771118164,129600,0.0,0.0
2022-07-15 00:00:00-04:00,9.239999771118164,9.380000114440918,9.239999771118164,9.3100004196167,77100,0.0,0.0
2022-07-18 00:00:00-04:00,9.279999732971191,9.350000381469727,9.220000267028809,9.25,69800,0.0,0.0
2022-07-19 00:00:00-04:00,9.270000457763672,9.3100004196167,9.260000228881836,9.279999732971191,54700,0.0,0.0
2022-07-20 00:00:00-04:00,9.25,9.34000015258789,9.25,9.300000190734863,96900,0.0,0.0
2022-07-21 00:00:00-04:00,9.279999732971191,9.359999656677246,9.260000228881836,9.279999732971191,85900,0.0,0.0
2022-07-22 00:00:00-04:00,9.329999923706055,9.380000114440918,9.319999694824219,9.350000381469727,51300,0.0,0.0
2022-07-25 00:00:00-04:00,9.3100004196167,9.399999618530273,9.279999732971191,9.350000381469727,106000,0.0,0.0
2022-07-26 00:00:00-04:00,9.489999771118164,9.489999771118164,9.369999885559082,9.399999618530273,78900,0.0,0.0
2022-07-27 00:00:00-04:00,9.479999542236328,9.479999542236328,9.380000114440918,9.420000076293945,55100,0.0,0.0
2022-07-28 00:00:00-04:00,9.510000228881836,9.569999694824219,9.489999771118164,9.569999694824219,126000,0.0,0.0
2022-07-29 00:00:00-04:00,9.720000267028809,9.720000267028809,9.550000190734863,9.619999885559082,139200,0.0,0.0
2022-08-01 00:00:00-04:00,9.59000015258789,9.699999809265137,9.59000015258789,9.630000114440918,96000,0.0,0.0
2022-08-02 00:00:00-04:00,9.649999618530273,9.729999542236328,9.600000381469727,9.649999618530273,56600,0.0,0.0
2022-08-03 00:00:00-04:00,9.65999984741211,9.739999771118164,9.609999656677246,9.680000305175781,142600,0.0,0.0
2022-08-04 00:00:00-04:00,9.710000038146973,9.770000457763672,9.680000305175781,9.720000267028809,48500,0.0,0.0
2022-08-05 00:00:00-04:00,9.680000305175781,9.680000305175781,9.550000190734863,9.550000190734863,104900,0.0,0.0
2022-08-08 00:00:00-04:00,9.640000343322754,9.640000343322754,9.569999694824219,9.600000381469727,56700,0.0,0.0
2022-08-09 00:00:00-04:00,9.569999694824219,9.640000343322754,9.539999961853027,9.600000381469727,41500,0.0,0.0
2022-08-10 00:00:00-04:00,9.649999618530273,9.729999542236328,9.630000114440918,9.729999542236328,99800,0.0,0.0
2022-08-11 00:00:00-04:00,9.720000267028809,9.789999961853027,9.720000267028809,9.720000267028809,54900,0.0,0.0
2022-08-12 00:00:00-04:00,9.770000457763672,9.779999732971191,9.710000038146973,9.779999732971191,47900,0.0,0.0
2022-08-15 00:00:00-04:00,9.739999771118164,9.789999961853027,9.699999809265137,9.75,37700,0.0,0.0
2022-08-16 00:00:00-04:00,9.729999542236328,9.729999542236328,9.59000015258789,9.59000015258789,101800,0.0,0.0
2022-08-17 00:00:00-04:00,9.640000343322754,9.640000343322754,9.489999771118164,9.489999771118164,109800,0.0,0.0
2022-08-18 00:00:00-04:00,9.510000228881836,9.529999732971191,9.460000038146973,9.489999771118164,125100,0.0,0.0
2022-08-19 00:00:00-04:00,9.430000305175781,9.430000305175781,9.3100004196167,9.319999694824219,52600,0.0,0.0
2022-08-22 00:00:00-04:00,9.34000015258789,9.34000015258789,9.270000457763672,9.319999694824219,123900,0.0,0.0
2022-08-23 00:00:00-04:00,9.3100004196167,9.369999885559082,9.279999732971191,9.359999656677246,75300,0.0,0.0
2022-08-24 00:00:00-04:00,9.34000015258789,9.460000038146973,9.34000015258789,9.460000038146973,117300,0.0,0.0
2022-08-25 00:00:00-04:00,9.460000038146973,9.470000267028809,9.390000343322754,9.399999618530273,34000,0.0,0.0
2022-08-26 00:00:00-04:00,9.380000114440918,9.420000076293945,9.319999694824219,9.319999694824219,83000,0.0,0.0
2022-08-29 00:00:00-04:00,9.350000381469727,9.350000381469727,9.140000343322754,9.140000343322754,61500,0.0,0.0
2022-08-30 00:00:00-04:00,9.199999809265137,9.199999809265137,9.130000114440918,9.180000305175781,117100,0.0,0.0
2022-08-31 00:00:00-04:00,9.270000457763672,9.270000457763672,9.130000114440918,9.170000076293945,133500,0.0,0.0
2022-09-01 00:00:00-04:00,9.119999885559082,9.119999885559082,9.029999732971191,9.0600004196167,116200,0.0,0.0
2022-09-02 00:00:00-04:00,9.0600004196167,9.220000267028809,9.0600004196167,9.100000381469727,66800,0.0,0.0
2022-09-06 00:00:00-04:00,9.079999923706055,9.079999923706055,8.979999542236328,9.039999961853027,88500,0.0,0.0
2022-09-07 00:00:00-04:00,9.020000457763672,9.069999694824219,9.020000457763672,9.029999732971191,78700,0.0,0.0
2022-09-08 00:00:00-04:00,9.0,9.069999694824219,8.989999771118164,9.010000228881836,42300,0.0,0.0
2022-09-09 00:00:00-04:00,9.029999732971191,9.0600004196167,8.960000038146973,8.989999771118164,38000,0.0,0.0
2022-09-12 00:00:00-04:00,9.0,9.050000190734863,8.920000076293945,8.920000076293945,95300,0.0,0.0
2022-09-13 00:00:00-04:00,8.850000381469727,8.90999984741211,8.850000381469727,8.899999618530273,61500,0.0,0.0
2022-09-14 00:00:00-04:00,8.850000381469727,8.880000114440918,8.789999961853027,8.8100004196167,88300,0.0,0.0
2022-09-15 00:00:00-04:00,8.779999732971191,8.8100004196167,8.619999885559082,8.619999885559082,141400,0.0,0.0
2022-09-16 00:00:00-04:00,8.569999694824219,8.630000114440918,8.569999694824219,8.59000015258789,129400,0.0,0.0
2022-09-19 00:00:00-04:00,8.550000190734863,8.600000381469727,8.539999961853027,8.539999961853027,214800,0.0,0.0
2022-09-20 00:00:00-04:00,8.520000457763672,8.569999694824219,8.5,8.550000190734863,287000,0.0,0.0
2022-09-21 00:00:00-04:00,8.520000457763672,8.619999885559082,8.5,8.550000190734863,108400,0.0,0.0
2022-09-22 00:00:00-04:00,8.520000457763672,8.520000457763672,8.399999618530273,8.399999618530273,63900,0.0,0.0
2022-09-23 00:00:00-04:00,8.359999656677246,8.430000305175781,8.329999923706055,8.359999656677246,94800,0.0,0.0
2022-09-26 00:00:00-04:00,8.3100004196167,8.3100004196167,8.029999732971191,8.1899995803833,299800,0.0,0.0
2022-09-27 00:00:00-04:00,8.199999809265137,8.220000267028809,8.109999656677246,8.210000038146973,202500,0.0,0.0
2022-09-28 00:00:00-04:00,8.220000267028809,8.3100004196167,8.170000076293945,8.199999809265137,187700,0.0,0.0
2022-09-29 00:00:00-04:00,8.100000381469727,8.149999618530273,8.079999923706055,8.09000015258789,108100,0.0,0.0
2022-09-30 00:00:00-04:00,8.130000114440918,8.149999618530273,8.09000015258789,8.119999885559082,108800,0.0,0.0
2022-10-03 00:00:00-04:00,8.199999809265137,8.239999771118164,8.119999885559082,8.1899995803833,265500,0.0,0.0
2022-10-04 00:00:00-04:00,8.1899995803833,8.380000114440918,8.1899995803833,8.319999694824219,283600,0.0,0.0
2022-10-05 00:00:00-04:00,8.289999961853027,8.34000015258789,8.260000228881836,8.270000457763672,182100,0.0,0.0
2022-10-06 00:00:00-04:00,8.260000228881836,8.34000015258789,8.260000228881836,8.3100004196167,88500,0.0,0.0
2022-10-07 00:00:00-04:00,8.260000228881836,8.359999656677246,8.25,8.34000015258789,94100,0.0,0.0
2022-10-10 00:00:00-04:00,8.34000015258789,8.34000015258789,8.239999771118164,8.25,50600,0.0,0.0
2022-10-11 00:00:00-04:00,8.25,8.289999961853027,8.229999542236328,8.260000228881836,112000,0.0,0.0
2022-10-12 00:00:00-04:00,8.279999732971191,8.319999694824219,8.260000228881836,8.319999694824219,69700,0.0,0.0
2022-10-13 00:00:00-04:00,8.1899995803833,8.319999694824219,8.170000076293945,8.25,107200,0.0,0.0
2022-10-14 00:00:00-04:00,8.25,8.25,8.149999618530273,8.180000305175781,60100,0.0,0.0
2022-10-17 00:00:00-04:00,8.289999961853027,8.289999961853027,8.130000114440918,8.149999618530273,97400,0.0,0.0
2022-10-18 00:00:00-04:00,8.279999732971191,8.279999732971191,8.119999885559082,8.130000114440918,123100,0.0,0.0
2022-10-19 00:00:00-04:00,8.149999618530273,8.149999618530273,8.0600004196167,8.09000015258789,83000,0.0,0.0
2022-10-20 00:00:00-04:00,8.109999656677246,8.149999618530273,8.0600004196167,8.119999885559082,130000,0.0,0.0
2022-10-21 00:00:00-04:00,8.079999923706055,8.079999923706055,8.020000457763672,8.020000457763672,73900,0.0,0.0
2022-10-24 00:00:00-04:00,8.010000228881836,8.010000228881836,7.880000114440918,7.900000095367432,140800,0.0,0.0
2022-10-25 00:00:00-04:00,7.920000076293945,7.989999771118164,7.900000095367432,7.960000038146973,167700,0.0,0.0
2022-10-26 00:00:00-04:00,8.069999694824219,8.069999694824219,7.960000038146973,8.050000190734863,201200,0.0,0.0
2022-10-27 00:00:00-04:00,8.010000228881836,8.039999961853027,7.940000057220459,8.0,107200,0.0,0.0
2022-10-28 00:00:00-04:00,8.020000457763672,8.069999694824219,7.869999885559082,7.960000038146973,136600,0.0,0.0
2022-10-31 00:00:00-04:00,7.980000019073486,7.980000019073486,7.829999923706055,7.849999904632568,146800,0.0,0.0
2022-11-01 00:00:00-04:00,7.909999847412109,7.929999828338623,7.869999885559082,7.920000076293945,83200,0.0,0.0
2022-11-02 00:00:00-04:00,7.880000114440918,8.0,7.869999885559082,7.980000019073486,188700,0.0,0.0
2022-11-03 00:00:00-04:00,7.920000076293945,7.920000076293945,7.820000171661377,7.889999866485596,132200,0.0,0.0
2022-11-04 00:00:00-04:00,7.900000095367432,7.980000019073486,7.880000114440918,7.920000076293945,139100,0.0,0.0
2022-11-07 00:00:00-05:00,7.909999847412109,7.949999809265137,7.880000114440918,7.900000095367432,146300,0.0,0.0
2022-11-08 00:00:00-05:00,7.909999847412109,7.949999809265137,7.840000152587891,7.849999904632568,229200,0.0,0.0
2022-11-09 00:00:00-05:00,7.829999923706055,7.880000114440918,7.809999942779541,7.820000171661377,128200,0.0,0.0
2022-11-10 00:00:00-05:00,7.949999809265137,8.100000381469727,7.949999809265137,8.039999961853027,159800,0.0,0.0
2022-11-11 00:00:00-05:00,8.109999656677246,8.180000305175781,8.020000457763672,8.15999984741211,86400,0.0,0.0
2022-11-14 00:00:00-05:00,8.109999656677246,8.109999656677246,8.039999961853027,8.039999961853027,260700,0.0,0.0
2022-11-15 00:00:00-05:00,8.130000114440918,8.229999542236328,8.09000015258789,8.1899995803833,143000,0.0,0.0
2022-11-16 00:00:00-05:00,8.220000267028809,8.34000015258789,8.220000267028809,8.319999694824219,124400,0.0,0.0
2022-11-17 00:00:00-05:00,8.319999694824219,8.399999618530273,8.279999732971191,8.359999656677246,172500,0.0,0.0
2022-11-18 00:00:00-05:00,8.359999656677246,8.470000267028809,8.350000381469727,8.420000076293945,134100,0.0,0.0
2022-11-21 00:00:00-05:00,8.430000305175781,8.600000381469727,8.40999984741211,8.579999923706055,157700,0.0,0.0
2022-11-22 00:00:00-05:00,8.529999732971191,8.720000267028809,8.520000457763672,8.720000267028809,297900,0.0,0.0
2022-11-23 00:00:00-05:00,8.710000038146973,8.869999885559082,8.680000305175781,8.829999923706055,159400,0.0,0.0
2022-11-25 00:00:00-05:00,8.729999542236328,8.800000190734863,8.729999542236328,8.779999732971191,40500,0.0,0.0
2022-11-28 00:00:00-05:00,8.770000457763672,8.800000190734863,8.710000038146973,8.729999542236328,131700,0.0,0.0
2022-11-29 00:00:00-05:00,8.720000267028809,8.819999694824219,8.6899995803833,8.800000190734863,127600,0.0,0.0
2022-11-30 00:00:00-05:00,8.850000381469727,8.930000305175781,8.800000190734863,8.930000305175781,131800,0.0,0.0
2022-12-01 00:00:00-05:00,8.949999809265137,8.949999809265137,8.800000190734863,8.850000381469727,139100,0.0,0.0
2022-12-02 00:00:00-05:00,8.800000190734863,8.859999656677246,8.760000228881836,8.819999694824219,145400,0.0,0.0
2022-12-05 00:00:00-05:00,8.84000015258789,8.84000015258789,8.720000267028809,8.770000457763672,99700,0.0,0.0
2022-12-06 00:00:00-05:00,8.739999771118164,8.8100004196167,8.739999771118164,8.760000228881836,103400,0.0,0.0
2022-12-07 00:00:00-05:00,8.729999542236328,8.819999694824219,8.729999542236328,8.789999961853027,84900,0.0,0.0
2022-12-08 00:00:00-05:00,8.800000190734863,8.800000190734863,8.699999809265137,8.760000228881836,100700,0.0,0.0
2022-12-09 00:00:00-05:00,8.720000267028809,8.739999771118164,8.649999618530273,8.699999809265137,62200,0.0,0.0
2022-12-12 00:00:00-05:00,8.699999809265137,8.789999961853027,8.649999618530273,8.680000305175781,138600,0.0,0.0
2022-12-13 00:00:00-05:00,8.75,8.819999694824219,8.65999984741211,8.6899995803833,135300,0.0,0.0
2022-12-14 00:00:00-05:00,8.670000076293945,8.670000076293945,8.550000190734863,8.579999923706055,180500,0.0,0.0
2022-12-15 00:00:00-05:00,8.609999656677246,8.609999656677246,8.529999732971191,8.550000190734863,192400,0.0,0.0
2022-12-16 00:00:00-05:00,8.539999961853027,8.539999961853027,8.449999809265137,8.479999542236328,227300,0.0,0.0
2022-12-19 00:00:00-05:00,8.460000038146973,8.5,8.420000076293945,8.5,127900,0.0,0.0
2022-12-20 00:00:00-05:00,8.449999809265137,8.479999542236328,8.420000076293945,8.420000076293945,450200,0.0,0.0
2022-12-21 00:00:00-05:00,8.4399995803833,8.479999542236328,8.40999984741211,8.449999809265137,213200,0.0,0.0
2022-12-22 00:00:00-05:00,8.449999809265137,8.479999542236328,8.420000076293945,8.470000267028809,141900,0.0,0.0
2022-12-23 00:00:00-05:00,8.449999809265137,8.479999542236328,8.399999618530273,8.420000076293945,212600,0.0,0.0
2022-12-27 00:00:00-05:00,8.399999618530273,8.489999771118164,8.359999656677246,8.380000114440918,330200,0.0,0.0
2022-12-28 00:00:00-05:00,8.40999984741211,8.4399995803833,8.359999656677246,8.430000305175781,284600,0.0,0.0
2022-12-29 00:00:00-05:00,8.430000305175781,8.630000114440918,8.40999984741211,8.630000114440918,329900,0.0,0.0
2022-12-30 00:00:00-05:00,8.609999656677246,8.670000076293945,8.489999771118164,8.59000015258789,279800,0.0,0.0
2023-01-03 00:00:00-05:00,8.630000114440918,8.699999809265137,8.630000114440918,8.640000343322754,88400,0.0,0.0
2023-01-04 00:00:00-05:00,8.699999809265137,8.75,8.649999618530273,8.729999542236328,65000,0.0,0.0
2023-01-05 00:00:00-05:00,8.729999542236328,8.729999542236328,8.630000114440918,8.6899995803833,40800,0.0,0.0
2023-01-06 00:00:00-05:00,8.720000267028809,8.800000190734863,8.6899995803833,8.800000190734863,125900,0.0,0.0
2023-01-09 00:00:00-05:00,8.890000343322754,8.90999984741211,8.829999923706055,8.869999885559082,65400,0.0,0.0
2023-01-10 00:00:00-05:00,8.829999923706055,8.850000381469727,8.8100004196167,8.84000015258789,33800,0.0,0.0
2023-01-11 00:00:00-05:00,8.850000381469727,8.899999618530273,8.850000381469727,8.880000114440918,48800,0.0,0.0
2023-01-12 00:00:00-05:00,8.949999809265137,9.0,8.920000076293945,8.979999542236328,30100,0.0,0.0
2023-01-13 00:00:00-05:00,8.970000267028809,8.979999542236328,8.850000381469727,8.960000038146973,58900,0.0,0.0
2023-01-17 00:00:00-05:00,8.949999809265137,8.970000267028809,8.819999694824219,8.859999656677246,93000,0.0,0.0
2023-01-18 00:00:00-05:00,8.880000114440918,9.0,8.869999885559082,8.869999885559082,128400,0.0,0.0
2023-01-19 00:00:00-05:00,8.859999656677246,8.920000076293945,8.859999656677246,8.880000114440918,271500,0.0,0.0
2023-01-20 00:00:00-05:00,8.90999984741211,9.09000015258789,8.850000381469727,9.079999923706055,150700,0.0,0.0
2023-01-23 00:00:00-05:00,9.079999923706055,9.109999656677246,9.0600004196167,9.079999923706055,38500,0.0,0.0
2023-01-24 00:00:00-05:00,9.119999885559082,9.130000114440918,9.029999732971191,9.069999694824219,58000,0.0,0.0
2023-01-25 00:00:00-05:00,9.09000015258789,9.109999656677246,8.989999771118164,9.079999923706055,69900,0.0,0.0
2023-01-26 00:00:00-05:00,9.069999694824219,9.15999984741211,8.9399995803833,9.039999961853027,73800,0.0,0.0
2023-01-27 00:00:00-05:00,9.039999961853027,9.069999694824219,8.970000267028809,9.069999694824219,48000,0.0,0.0
2023-01-30 00:00:00-05:00,9.050000190734863,9.069999694824219,8.960000038146973,9.050000190734863,51100,0.0,0.0
2023-01-31 00:00:00-05:00,9.069999694824219,9.109999656677246,9.029999732971191,9.050000190734863,92900,0.0,0.0
2023-02-01 00:00:00-05:00,9.020000457763672,9.130000114440918,8.970000267028809,9.069999694824219,190900,0.0,0.0
2023-02-02 00:00:00-05:00,9.149999618530273,9.170000076293945,9.029999732971191,9.119999885559082,113200,0.0,0.0
2023-02-03 00:00:00-05:00,9.0600004196167,9.119999885559082,8.989999771118164,9.100000381469727,151600,0.0,0.0
2023-02-06 00:00:00-05:00,9.069999694824219,9.079999923706055,8.90999984741211,8.90999984741211,107300,0.0,0.0
2023-02-07 00:00:00-05:00,8.899999618530273,9.0600004196167,8.899999618530273,9.0600004196167,52800,0.0,0.0
2023-02-08 00:00:00-05:00,9.069999694824219,9.069999694824219,8.989999771118164,9.020000457763672,55600,0.0,0.0
2023-02-09 00:00:00-05:00,9.029999732971191,9.079999923706055,8.90999984741211,8.920000076293945,50900,0.0,0.0
2023-02-10 00:00:00-05:00,8.920000076293945,9.0,8.859999656677246,8.90999984741211,70600,0.0,0.0
2023-02-13 00:00:00-05:00,8.90999984741211,8.960000038146973,8.880000114440918,8.949999809265137,66600,0.0,0.0
2023-02-14 00:00:00-05:00,8.949999809265137,8.949999809265137,8.829999923706055,8.90999984741211,82200,0.0,0.0
2023-02-15 00:00:00-05:00,8.90999984741211,8.920000076293945,8.8100004196167,8.850000381469727,47700,0.0,0.0
2023-02-16 00:00:00-05:00,8.779999732971191,8.779999732971191,8.619999885559082,8.619999885559082,122200,0.0,0.0
2023-02-17 00:00:00-05:00,8.569999694824219,8.630000114440918,8.529999732971191,8.539999961853027,69900,0.0,0.0
2023-02-21 00:00:00-05:00,8.520000457763672,8.529999732971191,8.390000343322754,8.460000038146973,132700,0.0,0.0
2023-02-22 00:00:00-05:00,8.520000457763672,8.569999694824219,8.449999809265137,8.5,95200,0.0,0.0
2023-02-23 00:00:00-05:00,8.5600004196167,8.5600004196167,8.420000076293945,8.4399995803833,86000,0.0,0.0
2023-02-24 00:00:00-05:00,8.449999809265137,8.449999809265137,8.399999618530273,8.449999809265137,49700,0.0,0.0
2023-02-27 00:00:00-05:00,8.460000038146973,8.510000228881836,8.460000038146973,8.5,49200,0.0,0.0
2023-02-28 00:00:00-05:00,8.539999961853027,8.59000015258789,8.520000457763672,8.539999961853027,69000,0.0,0.0
2023-03-01 00:00:00-05:00,8.569999694824219,8.609999656677246,8.520000457763672,8.539999961853027,55000,0.0,0.0
2023-03-02 00:00:00-05:00,8.510000228881836,8.529999732971191,8.430000305175781,8.460000038146973,70100,0.0,0.0
2023-03-03 00:00:00-05:00,8.510000228881836,8.539999961853027,8.4399995803833,8.470000267028809,78100,0.0,0.0
2023-03-06 00:00:00-05:00,8.489999771118164,8.489999771118164,8.40999984741211,8.449999809265137,52500,0.0,0.0
2023-03-07 00:00:00-05:00,8.449999809265137,8.449999809265137,8.359999656677246,8.359999656677246,52800,0.0,0.0
2023-03-08 00:00:00-05:00,8.390000343322754,8.4399995803833,8.350000381469727,8.359999656677246,98200,0.0,0.0
2023-03-09 00:00:00-05:00,8.380000114440918,8.4399995803833,8.380000114440918,8.420000076293945,88300,0.0,0.0
2023-03-10 00:00:00-05:00,8.4399995803833,8.510000228881836,8.399999618530273,8.420000076293945,77700,0.0,0.0
2023-03-13 00:00:00-04:00,8.5600004196167,8.5600004196167,8.40999984741211,8.449999809265137,47300,0.0,0.0
2023-03-14 00:00:00-04:00,8.550000190734863,8.550000190734863,8.359999656677246,8.359999656677246,75900,0.0,0.0
2023-03-15 00:00:00-04:00,8.470000267028809,8.470000267028809,8.380000114440918,8.460000038146973,62400,0.0,0.0
2023-03-16 00:00:00-04:00,8.479999542236328,8.569999694824219,8.4399995803833,8.460000038146973,61700,0.0,0.0
2023-03-17 00:00:00-04:00,8.489999771118164,8.609999656677246,8.430000305175781,8.579999923706055,102900,0.0,0.0
2023-03-20 00:00:00-04:00,8.609999656677246,8.640000343322754,8.539999961853027,8.579999923706055,52400,0.0,0.0
2023-03-21 00:00:00-04:00,8.600000381469727,8.640000343322754,8.460000038146973,8.510000228881836,44200,0.0,0.0
2023-03-22 00:00:00-04:00,8.510000228881836,8.5600004196167,8.300000190734863,8.380000114440918,561600,0.0,0.0
2023-03-23 00:00:00-04:00,8.380000114440918,8.40999984741211,8.359999656677246,8.369999885559082,52100,0.0,0.0
2023-03-24 00:00:00-04:00,8.390000343322754,8.569999694824219,8.380000114440918,8.470000267028809,126600,0.0,0.0
2023-03-27 00:00:00-04:00,8.430000305175781,8.649999618530273,8.430000305175781,8.470000267028809,101200,0.0,0.0
2023-03-28 00:00:00-04:00,8.5,8.59000015258789,8.489999771118164,8.569999694824219,52000,0.0,0.0
2023-03-29 00:00:00-04:00,8.579999923706055,8.680000305175781,8.569999694824219,8.680000305175781,77200,0.0,0.0
2023-03-30 00:00:00-04:00,8.6899995803833,8.850000381469727,8.649999618530273,8.84000015258789,86900,0.0,0.0
2023-03-31 00:00:00-04:00,8.930000305175781,8.979999542236328,8.84000015258789,8.90999984741211,119700,0.0,0.0
2023-04-03 00:00:00-04:00,8.890000343322754,8.979999542236328,8.819999694824219,8.890000343322754,145400,0.0,0.0
2023-04-04 00:00:00-04:00,8.869999885559082,8.90999984741211,8.710000038146973,8.779999732971191,85100,0.0,0.0
2023-04-05 00:00:00-04:00,8.789999961853027,8.920000076293945,8.789999961853027,8.880000114440918,129200,0.0,0.0
2023-04-06 00:00:00-04:00,8.880000114440918,8.9399995803833,8.880000114440918,8.899999618530273,39900,0.0,0.0
2023-04-10 00:00:00-04:00,8.869999885559082,8.899999618530273,8.770000457763672,8.770000457763672,77800,0.0,0.0
2023-04-11 00:00:00-04:00,8.760000228881836,8.90999984741211,8.760000228881836,8.90999984741211,64100,0.0,0.0
2023-04-12 00:00:00-04:00,8.829999923706055,8.920000076293945,8.829999923706055,8.869999885559082,47700,0.0,0.0
2023-04-13 00:00:00-04:00,8.890000343322754,8.9399995803833,8.770000457763672,8.819999694824219,94900,0.0,0.0
2023-04-14 00:00:00-04:00,8.880000114440918,8.880000114440918,8.729999542236328,8.779999732971191,40000,0.0,0.0
2023-04-17 00:00:00-04:00,8.760000228881836,8.789999961853027,8.6899995803833,8.720000267028809,30000,0.0,0.0
2023-04-18 00:00:00-04:00,8.720000267028809,8.760000228881836,8.5600004196167,8.5600004196167,72500,0.0,0.0
2023-04-19 00:00:00-04:00,8.539999961853027,8.569999694824219,8.479999542236328,8.5600004196167,52400,0.0,0.0
2023-04-20 00:00:00-04:00,8.5600004196167,8.6899995803833,8.5600004196167,8.609999656677246,71500,0.0,0.0
2023-04-21 00:00:00-04:00,8.609999656677246,8.640000343322754,8.520000457763672,8.600000381469727,40400,0.0,0.0
2023-04-24 00:00:00-04:00,8.640000343322754,8.649999618530273,8.579999923706055,8.579999923706055,34000,0.0,0.0
2023-04-25 00:00:00-04:00,8.59000015258789,8.609999656677246,8.510000228881836,8.510000228881836,90900,0.0,0.0
2023-04-26 00:00:00-04:00,8.539999961853027,8.59000015258789,8.5,8.539999961853027,62300,0.0,0.0
2023-04-27 00:00:00-04:00,8.539999961853027,8.59000015258789,8.510000228881836,8.5600004196167,48800,0.0,0.0
2023-04-28 00:00:00-04:00,8.569999694824219,8.630000114440918,8.569999694824219,8.59000015258789,51700,0.0,0.0
2023-05-01 00:00:00-04:00,8.539999961853027,8.569999694824219,8.460000038146973,8.460000038146973,89200,0.0,0.0
2023-05-02 00:00:00-04:00,8.4399995803833,8.489999771118164,8.430000305175781,8.479999542236328,62900,0.0,0.0
2023-05-03 00:00:00-04:00,8.479999542236328,8.5,8.4399995803833,8.449999809265137,49800,0.0,0.0
2023-05-04 00:00:00-04:00,8.470000267028809,8.489999771118164,8.430000305175781,8.470000267028809,94400,0.0,0.0
2023-05-05 00:00:00-04:00,8.489999771118164,8.550000190734863,8.479999542236328,8.510000228881836,143800,0.0,0.0
2023-05-08 00:00:00-04:00,8.479999542236328,8.510000228881836,8.470000267028809,8.489999771118164,72800,0.0,0.0
2023-05-09 00:00:00-04:00,8.520000457763672,8.550000190734863,8.479999542236328,8.479999542236328,70000,0.0,0.0
2023-05-10 00:00:00-04:00,8.529999732971191,8.550000190734863,8.460000038146973,8.5,64600,0.0,0.0
2023-05-11 00:00:00-04:00,8.539999961853027,8.550000190734863,8.470000267028809,8.489999771118164,37400,0.0,0.0
2023-05-12 00:00:00-04:00,8.5,8.5,8.40999984741211,8.4399995803833,78800,0.0,0.0
2023-05-15 00:00:00-04:00,8.460000038146973,8.5,8.430000305175781,8.5,67900,0.0,0.0
2023-05-16 00:00:00-04:00,8.5,8.510000228881836,8.449999809265137,8.470000267028809,42400,0.0,0.0
2023-05-17 00:00:00-04:00,8.5,8.5,8.460000038146973,8.460000038146973,115200,0.0,0.0
2023-05-18 00:00:00-04:00,8.489999771118164,8.489999771118164,8.359999656677246,8.369999885559082,57600,0.0,0.0
2023-05-19 00:00:00-04:00,8.350000381469727,8.359999656677246,8.289999961853027,8.300000190734863,66000,0.0,0.0
2023-05-22 00:00:00-04:00,8.319999694824219,8.319999694824219,8.220000267028809,8.239999771118164,68000,0.0,0.0
2023-05-23 00:00:00-04:00,8.229999542236328,8.289999961853027,8.229999542236328,8.239999771118164,60900,0.0,0.0
2023-05-24 00:00:00-04:00,8.220000267028809,8.220000267028809,8.09000015258789,8.109999656677246,82800,0.0,0.0
2023-05-25 00:00:00-04:00,8.149999618530273,8.1899995803833,8.149999618530273,8.180000305175781,45000,0.0,0.0
2023-05-26 00:00:00-04:00,8.199999809265137,8.239999771118164,8.1899995803833,8.210000038146973,41500,0.0,0.0
2023-05-30 00:00:00-04:00,8.229999542236328,8.300000190734863,8.229999542236328,8.270000457763672,47400,0.0,0.0
2023-05-31 00:00:00-04:00,8.329999923706055,8.369999885559082,8.279999732971191,8.350000381469727,55800,0.0,0.0
2023-06-01 00:00:00-04:00,8.369999885559082,8.420000076293945,8.350000381469727,8.359999656677246,85400,0.0,0.0
2023-06-02 00:00:00-04:00,8.399999618530273,8.420000076293945,8.319999694824219,8.350000381469727,42100,0.0,0.0
2023-06-05 00:00:00-04:00,8.34000015258789,8.390000343322754,8.319999694824219,8.390000343322754,41900,0.0,0.0
2023-06-06 00:00:00-04:00,8.390000343322754,8.430000305175781,8.390000343322754,8.40999984741211,25600,0.0,0.0
2023-06-07 00:00:00-04:00,8.460000038146973,8.460000038146973,8.359999656677246,8.399999618530273,20200,0.0,0.0
2023-06-08 00:00:00-04:00,8.40999984741211,8.470000267028809,8.40999984741211,8.4399995803833,22500,0.0,0.0
2023-06-09 00:00:00-04:00,8.420000076293945,8.470000267028809,8.420000076293945,8.420000076293945,62500,0.0,0.0
2023-06-12 00:00:00-04:00,8.420000076293945,8.449999809265137,8.399999618530273,8.40999984741211,48100,0.0,0.0
2023-06-13 00:00:00-04:00,8.399999618530273,8.430000305175781,8.390000343322754,8.40999984741211,32300,0.0,0.0
2023-06-14 00:00:00-04:00,8.329999923706055,8.380000114440918,8.319999694824219,8.359999656677246,51800,0.0,0.0
2023-06-15 00:00:00-04:00,8.319999694824219,8.420000076293945,8.319999694824219,8.390000343322754,79300,0.0,0.0
2023-06-16 00:00:00-04:00,8.350000381469727,8.369999885559082,8.319999694824219,8.329999923706055,101000,0.0,0.0
2023-06-20 00:00:00-04:00,8.3100004196167,8.369999885559082,8.300000190734863,8.3100004196167,85700,0.0,0.0
2023-06-21 00:00:00-04:00,8.300000190734863,8.359999656677246,8.300000190734863,8.34000015258789,115500,0.0,0.0
2023-06-22 00:00:00-04:00,8.3100004196167,8.359999656677246,8.289999961853027,8.329999923706055,151000,0.0,0.0
2023-06-23 00:00:00-04:00,8.369999885559082,8.430000305175781,8.34000015258789,8.380000114440918,142500,0.0,0.0
2023-06-26 00:00:00-04:00,8.380000114440918,8.40999984741211,8.380000114440918,8.380000114440918,126300,0.0,0.0
2023-06-27 00:00:00-04:00,8.369999885559082,8.449999809265137,8.369999885559082,8.399999618530273,140500,0.0,0.0
2023-06-28 00:00:00-04:00,8.40999984741211,8.479999542236328,8.40999984741211,8.470000267028809,106900,0.0,0.0
2023-06-29 00:00:00-04:00,8.449999809265137,8.449999809265137,8.390000343322754,8.399999618530273,128700,0.0,0.0
2023-06-30 00:00:00-04:00,8.4399995803833,8.470000267028809,8.40999984741211,8.40999984741211,120200,0.0,0.0
2023-07-03 00:00:00-04:00,8.449999809265137,8.489999771118164,8.430000305175781,8.479999542236328,72900,0.0,0.0
2023-07-05 00:00:00-04:00,8.460000038146973,8.529999732971191,8.460000038146973,8.489999771118164,74500,0.0,0.0
2023-07-06 00:00:00-04:00,8.460000038146973,8.460000038146973,8.369999885559082,8.390000343322754,80500,0.0,0.0
2023-07-07 00:00:00-04:00,8.390000343322754,8.449999809265137,8.380000114440918,8.430000305175781,48400,0.0,0.0
2023-07-10 00:00:00-04:00,8.420000076293945,8.479999542236328,8.399999618530273,8.470000267028809,46500,0.0,0.0
2023-07-11 00:00:00-04:00,8.470000267028809,8.489999771118164,8.4399995803833,8.479999542236328,52600,0.0,0.0
2023-07-12 00:00:00-04:00,8.489999771118164,8.539999961853027,8.489999771118164,8.5,46600,0.0,0.0
2023-07-13 00:00:00-04:00,8.550000190734863,8.619999885559082,8.529999732971191,8.569999694824219,64200,0.0,0.0
2023-07-14 00:00:00-04:00,8.539999961853027,8.5600004196167,8.489999771118164,8.510000228881836,79900,0.0,0.0
2023-07-17 00:00:00-04:00,8.520000457763672,8.569999694824219,8.470000267028809,8.489999771118164,81200,0.0,0.0
2023-07-18 00:00:00-04:00,8.5,8.569999694824219,8.479999542236328,8.5,56300,0.0,0.0
2023-07-19 00:00:00-04:00,8.5,8.569999694824219,8.5,8.510000228881836,110900,0.0,0.0
2023-07-20 00:00:00-04:00,8.460000038146973,8.529999732971191,8.449999809265137,8.460000038146973,90500,0.0,0.0
2023-07-21 00:00:00-04:00,8.449999809265137,8.510000228881836,8.420000076293945,8.4399995803833,246400,0.0,0.0
2023-07-24 00:00:00-04:00,8.460000038146973,8.520000457763672,8.449999809265137,8.470000267028809,94200,0.0,0.0
2023-07-25 00:00:00-04:00,8.470000267028809,8.479999542236328,8.4399995803833,8.470000267028809,84600,0.0,0.0
2023-07-26 00:00:00-04:00,8.470000267028809,8.510000228881836,8.449999809265137,8.470000267028809,120500,0.0,0.0
2023-07-27 00:00:00-04:00,8.460000038146973,8.479999542236328,8.420000076293945,8.430000305175781,155500,0.0,0.0
2023-07-28 00:00:00-04:00,8.430000305175781,8.489999771118164,8.420000076293945,8.489999771118164,110900,0.0,0.0
2023-07-31 00:00:00-04:00,8.5,8.510000228881836,8.449999809265137,8.5,128900,0.0,0.0
2023-08-01 00:00:00-04:00,8.449999809265137,8.470000267028809,8.430000305175781,8.430000305175781,110900,0.0,0.0
2023-08-02 00:00:00-04:00,8.420000076293945,8.430000305175781,8.350000381469727,8.380000114440918,126000,0.0,0.0
2023-08-03 00:00:00-04:00,8.34000015258789,8.34000015258789,8.220000267028809,8.220000267028809,154700,0.0,0.0
2023-08-04 00:00:00-04:00,8.229999542236328,8.300000190734863,8.229999542236328,8.289999961853027,101900,0.0,0.0
2023-08-07 00:00:00-04:00,8.270000457763672,8.279999732971191,8.220000267028809,8.25,70200,0.0,0.0
2023-08-08 00:00:00-04:00,8.239999771118164,8.279999732971191,8.229999542236328,8.239999771118164,88800,0.0,0.0
2023-08-09 00:00:00-04:00,8.289999961853027,8.300000190734863,8.229999542236328,8.300000190734863,68200,0.0,0.0
2023-08-10 00:00:00-04:00,8.319999694824219,8.380000114440918,8.319999694824219,8.319999694824219,87200,0.0,0.0
2023-08-11 00:00:00-04:00,8.359999656677246,8.390000343322754,8.300000190734863,8.34000015258789,103000,0.0,0.0
2023-08-14 00:00:00-04:00,8.350000381469727,8.350000381469727,8.25,8.350000381469727,31400,0.0,0.0
2023-08-15 00:00:00-04:00,8.350000381469727,8.390000343322754,8.279999732971191,8.279999732971191,79300,0.0,0.0
2023-08-16 00:00:00-04:00,8.260000228881836,8.319999694824219,8.199999809265137,8.199999809265137,109700,0.0,0.0
2023-08-17 00:00:00-04:00,8.210000038146973,8.229999542236328,8.170000076293945,8.210000038146973,108900,0.0,0.0
2023-08-18 00:00:00-04:00,8.210000038146973,8.260000228881836,8.180000305175781,8.210000038146973,78500,0.0,0.0
2023-08-21 00:00:00-04:00,8.1899995803833,8.210000038146973,8.0600004196167,8.079999923706055,81800,0.0,0.0
2023-08-22 00:00:00-04:00,8.069999694824219,8.149999618530273,8.029999732971191,8.0600004196167,147100,0.0,0.0
2023-08-23 00:00:00-04:00,8.109999656677246,8.140000343322754,8.050000190734863,8.130000114440918,119200,0.0,0.0
2023-08-24 00:00:00-04:00,8.170000076293945,8.170000076293945,8.050000190734863,8.069999694824219,55100,0.0,0.0
2023-08-25 00:00:00-04:00,8.109999656677246,8.140000343322754,8.050000190734863,8.119999885559082,123900,0.0,0.0
2023-08-28 00:00:00-04:00,8.149999618530273,8.15999984741211,8.079999923706055,8.079999923706055,88900,0.0,0.0
2023-08-29 00:00:00-04:00,8.079999923706055,8.149999618530273,8.079999923706055,8.119999885559082,92300,0.0,0.0
2023-08-30 00:00:00-04:00,8.109999656677246,8.15999984741211,8.069999694824219,8.100000381469727,100300,0.0,0.0
2023-08-31 00:00:00-04:00,8.15999984741211,8.15999984741211,8.09000015258789,8.100000381469727,78700,0.0,0.0
2023-09-01 00:00:00-04:00,8.09000015258789,8.140000343322754,8.069999694824219,8.09000015258789,72800,0.0,0.0
2023-09-05 00:00:00-04:00,8.050000190734863,8.09000015258789,8.029999732971191,8.069999694824219,102200,0.0,0.0
2023-09-06 00:00:00-04:00,8.109999656677246,8.109999656677246,8.050000190734863,8.069999694824219,102800,0.0,0.0
2023-09-07 00:00:00-04:00,8.109999656677246,8.109999656677246,8.010000228881836,8.020000457763672,82100,0.0,0.0
2023-09-08 00:00:00-04:00,8.010000228881836,8.020000457763672,7.960000038146973,7.96999979019165,128400,0.0,0.0
2023-09-11 00:00:00-04:00,7.980000019073486,7.989999771118164,7.869999885559082,7.949999809265137,140100,0.0,0.0
2023-09-12 00:00:00-04:00,7.96999979019165,7.96999979019165,7.920000076293945,7.949999809265137,64000,0.0,0.0
2023-09-13 00:00:00-04:00,7.960000038146973,7.960000038146973,7.929999828338623,7.929999828338623,70800,0.0,0.0
2023-09-14 00:00:00-04:00,7.909999847412109,7.920000076293945,7.849999904632568,7.860000133514404,143500,0.0,0.0
2023-09-15 00:00:00-04:00,7.889999866485596,7.889999866485596,7.820000171661377,7.840000152587891,194100,0.0,0.0
2023-09-18 00:00:00-04:00,7.840000152587891,7.849999904632568,7.820000171661377,7.849999904632568,127200,0.0,0.0
2023-09-19 00:00:00-04:00,7.849999904632568,7.849999904632568,7.789999961853027,7.829999923706055,128200,0.0,0.0
2023-09-20 00:00:00-04:00,7.869999885559082,7.889999866485596,7.849999904632568,7.869999885559082,91000,0.0,0.0
2023-09-21 00:00:00-04:00,7.860000133514404,7.860000133514404,7.78000020980835,7.789999961853027,118700,0.0,0.0
2023-09-22 00:00:00-04:00,7.829999923706055,7.840000152587891,7.78000020980835,7.78000020980835,44100,0.0,0.0
2023-09-25 00:00:00-04:00,7.769999980926514,7.769999980926514,7.679999828338623,7.699999809265137,155700,0.0,0.0
2023-09-26 00:00:00-04:00,7.710000038146973,7.710000038146973,7.53000020980835,7.550000190734863,160000,0.0,0.0
2023-09-27 00:00:00-04:00,7.519999980926514,7.599999904632568,7.429999828338623,7.429999828338623,162000,0.0,0.0
2023-09-28 00:00:00-04:00,7.449999809265137,7.460000038146973,7.380000114440918,7.409999847412109,154500,0.0,0.0
2023-09-29 00:00:00-04:00,7.480000019073486,7.510000228881836,7.409999847412109,7.409999847412109,169300,0.0,0.0
2023-10-02 00:00:00-04:00,7.480000019073486,7.489999771118164,7.360000133514404,7.389999866485596,128700,0.0,0.0
2023-10-03 00:00:00-04:00,7.389999866485596,7.429999828338623,7.360000133514404,7.420000076293945,111200,0.0,0.0
2023-10-04 00:00:00-04:00,7.429999828338623,7.460000038146973,7.389999866485596,7.409999847412109,181000,0.0,0.0
2023-10-05 00:00:00-04:00,7.409999847412109,7.440000057220459,7.380000114440918,7.400000095367432,66900,0.0,0.0
2023-10-06 00:00:00-04:00,7.349999904632568,7.389999866485596,7.320000171661377,7.360000133514404,123500,0.0,0.0
2023-10-09 00:00:00-04:00,7.400000095367432,7.420000076293945,7.360000133514404,7.420000076293945,78200,0.0,0.0
2023-10-10 00:00:00-04:00,7.440000057220459,7.550000190734863,7.380000114440918,7.510000228881836,136800,0.0,0.0
2023-10-11 00:00:00-04:00,7.559999942779541,7.610000133514404,7.550000190734863,7.610000133514404,77200,0.0,0.0
2023-10-12 00:00:00-04:00,7.599999904632568,7.630000114440918,7.510000228881836,7.510000228881836,49100,0.0,0.0
2023-10-13 00:00:00-04:00,7.53000020980835,7.53000020980835,7.460000038146973,7.510000228881836,110100,0.0,0.0
2023-10-16 00:00:00-04:00,7.53000020980835,7.53000020980835,7.409999847412109,7.449999809265137,69600,0.0,0.0
2023-10-17 00:00:00-04:00,7.420000076293945,7.420000076293945,7.329999923706055,7.380000114440918,45700,0.0,0.0
2023-10-18 00:00:00-04:00,7.309999942779541,7.369999885559082,7.289999961853027,7.289999961853027,63900,0.0,0.0
2023-10-19 00:00:00-04:00,7.309999942779541,7.320000171661377,7.179999828338623,7.25,153100,0.0,0.0
2023-10-20 00:00:00-04:00,7.25,7.260000228881836,7.170000076293945,7.210000038146973,126900,0.0,0.0
2023-10-23 00:00:00-04:00,7.170000076293945,7.21999979019165,7.159999847412109,7.179999828338623,160800,0.0,0.0
2023-10-24 00:00:00-04:00,7.190000057220459,7.239999771118164,7.179999828338623,7.239999771118164,168900,0.0,0.0
2023-10-25 00:00:00-04:00,7.239999771118164,7.239999771118164,7.070000171661377,7.139999866485596,143000,0.0,0.0
2023-10-26 00:00:00-04:00,7.159999847412109,7.179999828338623,7.110000133514404,7.139999866485596,159700,0.0,0.0
2023-10-27 00:00:00-04:00,7.159999847412109,7.159999847412109,7.079999923706055,7.139999866485596,88600,0.0,0.0
2023-10-30 00:00:00-04:00,7.170000076293945,7.199999809265137,7.150000095367432,7.199999809265137,108200,0.0,0.0
2023-10-31 00:00:00-04:00,7.230000019073486,7.269999980926514,7.199999809265137,7.25,150000,0.0,0.0
2023-11-01 00:00:00-04:00,7.289999961853027,7.400000095367432,7.269999980926514,7.400000095367432,99400,0.0,0.0
2023-11-02 00:00:00-04:00,7.429999828338623,7.510000228881836,7.429999828338623,7.440000057220459,123100,0.0,0.0
2023-11-03 00:00:00-04:00,7.5,7.630000114440918,7.5,7.599999904632568,143500,0.0,0.0
2023-11-06 00:00:00-05:00,7.579999923706055,7.639999866485596,7.449999809265137,7.53000020980835,184400,0.0,0.0
2023-11-07 00:00:00-05:00,7.570000171661377,7.679999828338623,7.510000228881836,7.659999847412109,111700,0.0,0.0
2023-11-08 00:00:00-05:00,7.699999809265137,7.789999961853027,7.670000076293945,7.789999961853027,172000,0.0,0.0
2023-11-09 00:00:00-05:00,7.800000190734863,7.800000190734863,7.710000038146973,7.730000019073486,56200,0.0,0.0
2023-11-10 00:00:00-05:00,7.769999980926514,7.800000190734863,7.739999771118164,7.769999980926514,55200,0.0,0.0
2023-11-13 00:00:00-05:00,7.75,7.769999980926514,7.71999979019165,7.739999771118164,68800,0.0,0.0
2023-11-14 00:00:00-05:00,7.800000190734863,7.900000095367432,7.800000190734863,7.800000190734863,186400,0.0,0.0
2023-11-15 00:00:00-05:00,7.809999942779541,7.849999904632568,7.789999961853027,7.840000152587891,89300,0.0,0.0
2023-11-16 00:00:00-05:00,7.849999904632568,7.989999771118164,7.849999904632568,7.96999979019165,100200,0.0,0.0
2023-11-17 00:00:00-05:00,7.989999771118164,8.0,7.909999847412109,7.96999979019165,147700,0.0,0.0
2023-11-20 00:00:00-05:00,7.989999771118164,8.029999732971191,7.949999809265137,8.020000457763672,115300,0.0,0.0
2023-11-21 00:00:00-05:00,7.980000019073486,8.0,7.980000019073486,7.989999771118164,84800,0.0,0.0
2023-11-22 00:00:00-05:00,8.0,8.039999961853027,7.980000019073486,8.029999732971191,105900,0.0,0.0
2023-11-24 00:00:00-05:00,8.029999732971191,8.050000190734863,8.010000228881836,8.039999961853027,20500,0.0,0.0
2023-11-27 00:00:00-05:00,8.0600004196167,8.079999923706055,8.029999732971191,8.050000190734863,96800,0.0,0.0
2023-11-28 00:00:00-05:00,8.029999732971191,8.069999694824219,8.020000457763672,8.069999694824219,101500,0.0,0.0
2023-11-29 00:00:00-05:00,8.069999694824219,8.180000305175781,8.069999694824219,8.140000343322754,221700,0.0,0.0
2023-11-30 00:00:00-05:00,8.149999618530273,8.1899995803833,8.119999885559082,8.149999618530273,100800,0.0,0.0
2023-12-01 00:00:00-05:00,8.170000076293945,8.359999656677246,8.15999984741211,8.279999732971191,184300,0.0,0.0
2023-12-04 00:00:00-05:00,8.260000228881836,8.380000114440918,8.229999542236328,8.3100004196167,259100,0.0,0.0
2023-12-05 00:00:00-05:00,8.34000015258789,8.380000114440918,8.319999694824219,8.359999656677246,59600,0.0,0.0
2023-12-06 00:00:00-05:00,8.369999885559082,8.390000343322754,8.3100004196167,8.329999923706055,137200,0.0,0.0
2023-12-07 00:00:00-05:00,8.350000381469727,8.40999984741211,8.319999694824219,8.40999984741211,117400,0.0,0.0
2023-12-08 00:00:00-05:00,8.390000343322754,8.390000343322754,8.3100004196167,8.359999656677246,109800,0.0,0.0
2023-12-11 00:00:00-05:00,8.359999656677246,8.359999656677246,8.300000190734863,8.3100004196167,101500,0.0,0.0
2023-12-12 00:00:00-05:00,8.329999923706055,8.329999923706055,8.229999542236328,8.289999961853027,118300,0.0,0.0
2023-12-13 00:00:00-05:00,8.289999961853027,8.369999885559082,8.229999542236328,8.369999885559082,311200,0.0,0.0
2023-12-14 00:00:00-05:00,8.350000381469727,8.479999542236328,8.350000381469727,8.460000038146973,174300,0.0,0.0
2023-12-15 00:00:00-05:00,8.449999809265137,8.550000190734863,8.4399995803833,8.470000267028809,229900,0.0,0.0
2023-12-18 00:00:00-05:00,8.479999542236328,8.479999542236328,8.399999618530273,8.430000305175781,158900,0.0,0.0
2023-12-19 00:00:00-05:00,8.430000305175781,8.489999771118164,8.430000305175781,8.460000038146973,291800,0.0,0.0
2023-12-20 00:00:00-05:00,8.479999542236328,8.489999771118164,8.430000305175781,8.449999809265137,124700,0.0,0.0
2023-12-21 00:00:00-05:00,8.470000267028809,8.5,8.40999984741211,8.449999809265137,96300,0.0,0.0
2023-12-22 00:00:00-05:00,8.470000267028809,8.5,8.420000076293945,8.460000038146973,140600,0.0,0.0
2023-12-26 00:00:00-05:00,8.470000267028809,8.479999542236328,8.420000076293945,8.4399995803833,190400,0.0,0.0
2023-12-27 00:00:00-05:00,8.470000267028809,8.510000228881836,8.460000038146973,8.470000267028809,252900,0.0,0.0
2023-12-28 00:00:00-05:00,8.470000267028809,8.489999771118164,8.399999618530273,8.4399995803833,179200,0.0,0.0
2023-12-29 00:00:00-05:00,8.40999984741211,8.479999542236328,8.40999984741211,8.449999809265137,224100,0.0,0.0
2024-01-02 00:00:00-05:00,8.449999809265137,8.520000457763672,8.430000305175781,8.520000457763672,74200,0.0,0.0
2024-01-03 00:00:00-05:00,8.520000457763672,8.550000190734863,8.479999542236328,8.539999961853027,79400,0.0,0.0
2024-01-04 00:00:00-05:00,8.479999542236328,8.520000457763672,8.4399995803833,8.460000038146973,158700,0.0,0.0
2024-01-05 00:00:00-05:00,8.470000267028809,8.479999542236328,8.430000305175781,8.449999809265137,81100,0.0,0.0
2024-01-08 00:00:00-05:00,8.489999771118164,8.539999961853027,8.449999809265137,8.539999961853027,133500,0.0,0.0
2024-01-09 00:00:00-05:00,8.539999961853027,8.539999961853027,8.479999542236328,8.479999542236328,190900,0.0,0.0
2024-01-10 00:00:00-05:00,8.529999732971191,8.529999732971191,8.430000305175781,8.449999809265137,107200,0.0,0.0
2024-01-11 00:00:00-05:00,8.460000038146973,8.479999542236328,8.430000305175781,8.449999809265137,136700,0.0,0.0
2024-01-12 00:00:00-05:00,8.489999771118164,8.489999771118164,8.449999809265137,8.479999542236328,74100,0.0,0.0
2024-01-16 00:00:00-05:00,8.430000305175781,8.470000267028809,8.399999618530273,8.399999618530273,293200,0.0,0.0
2024-01-17 00:00:00-05:00,8.399999618530273,8.399999618530273,8.300000190734863,8.300000190734863,140000,0.0,0.0
2024-01-18 00:00:00-05:00,8.350000381469727,8.350000381469727,8.239999771118164,8.260000228881836,177700,0.0,0.0
2024-01-19 00:00:00-05:00,8.279999732971191,8.279999732971191,8.15999984741211,8.25,137800,0.0,0.0
2024-01-22 00:00:00-05:00,8.289999961853027,8.34000015258789,8.270000457763672,8.3100004196167,180000,0.0,0.0
2024-01-23 00:00:00-05:00,8.289999961853027,8.319999694824219,8.220000267028809,8.260000228881836,149700,0.0,0.0
2024-01-24 00:00:00-05:00,8.3100004196167,8.369999885559082,8.270000457763672,8.3100004196167,226300,0.0,0.0
2024-01-25 00:00:00-05:00,8.350000381469727,8.380000114440918,8.3100004196167,8.34000015258789,155500,0.0,0.0
2024-01-26 00:00:00-05:00,8.369999885559082,8.369999885559082,8.300000190734863,8.3100004196167,67400,0.0,0.0
2024-01-29 00:00:00-05:00,8.350000381469727,8.399999618530273,8.319999694824219,8.399999618530273,101200,0.0,0.0
2024-01-30 00:00:00-05:00,8.430000305175781,8.460000038146973,8.40999984741211,8.449999809265137,102900,0.0,0.0
2024-01-31 00:00:00-05:00,8.470000267028809,8.59000015258789,8.449999809265137,8.5,138000,0.0,0.0
2024-02-01 00:00:00-05:00,8.5600004196167,8.649999618530273,8.5600004196167,8.630000114440918,163900,0.0,0.0
2024-02-02 00:00:00-05:00,8.579999923706055,8.579999923706055,8.140000343322754,8.569999694824219,212700,0.0,0.0
2024-02-05 00:00:00-05:00,8.520000457763672,8.539999961853027,8.460000038146973,8.460000038146973,61600,0.0,0.0
2024-02-06 00:00:00-05:00,8.479999542236328,8.5600004196167,8.479999542236328,8.5600004196167,62600,0.0,0.0
2024-02-07 00:00:00-05:00,8.579999923706055,8.609999656677246,8.539999961853027,8.569999694824219,71900,0.0,0.0
2024-02-08 00:00:00-05:00,8.59000015258789,8.59000015258789,8.520000457763672,8.569999694824219,102200,0.0,0.0
2024-02-09 00:00:00-05:00,8.569999694824219,8.609999656677246,8.529999732971191,8.579999923706055,94000,0.0,0.0
2024-02-12 00:00:00-05:00,8.609999656677246,8.630000114440918,8.579999923706055,8.619999885559082,68300,0.0,0.0
2024-02-13 00:00:00-05:00,8.579999923706055,8.579999923706055,8.520000457763672,8.550000190734863,137600,0.0,0.0
2024-02-14 00:00:00-05:00,8.550000190734863,8.59000015258789,8.550000190734863,8.579999923706055,73500,0.0,0.0
2024-02-15 00:00:00-05:00,8.579999923706055,8.600000381469727,8.569999694824219,8.59000015258789,77600,0.0,0.0
2024-02-16 00:00:00-05:00,8.579999923706055,8.579999923706055,8.539999961853027,8.579999923706055,47300,0.0,0.0
2024-02-20 00:00:00-05:00,8.529999732971191,8.59000015258789,8.529999732971191,8.5600004196167,99100,0.0,0.0
2024-02-21 00:00:00-05:00,8.569999694824219,8.59000015258789,8.5600004196167,8.569999694824219,99700,0.0,0.0
2024-02-22 00:00:00-05:00,8.619999885559082,8.619999885559082,8.5600004196167,8.579999923706055,70800,0.0,0.0
2024-02-23 00:00:00-05:00,8.619999885559082,8.619999885559082,8.5600004196167,8.569999694824219,23700,0.0,0.0
2024-02-26 00:00:00-05:00,8.609999656677246,8.609999656677246,8.449999809265137,8.470000267028809,229600,0.0,0.0
2024-02-27 00:00:00-05:00,8.470000267028809,8.489999771118164,8.430000305175781,8.4399995803833,69600,0.0,0.0
2024-02-28 00:00:00-05:00,8.470000267028809,8.5,8.460000038146973,8.489999771118164,61200,0.0,0.0
2024-02-29 00:00:00-05:00,8.5,8.550000190734863,8.5,8.529999732971191,38000,0.0,0.0
2024-03-01 00:00:00-05:00,8.550000190734863,8.5600004196167,8.510000228881836,8.5600004196167,44800,0.0,0.0
2024-03-04 00:00:00-05:00,8.59000015258789,8.619999885559082,8.550000190734863,8.5600004196167,57500,0.0,0.0
2024-03-05 00:00:00-05:00,8.609999656677246,8.609999656677246,8.529999732971191,8.550000190734863,126600,0.0,0.0
2024-03-06 00:00:00-05:00,8.569999694824219,8.619999885559082,8.520000457763672,8.609999656677246,116300,0.0,0.0
2024-03-07 00:00:00-05:00,8.640000343322754,8.640000343322754,8.600000381469727,8.619999885559082,56800,0.0,0.0
2024-03-08 00:00:00-05:00,8.649999618530273,8.65999984741211,8.630000114440918,8.65999984741211,50600,0.0,0.0
2024-03-11 00:00:00-04:00,8.680000305175781,8.680000305175781,8.65999984741211,8.680000305175781,25500,0.0,0.0
2024-03-12 00:00:00-04:00,8.6899995803833,8.729999542236328,8.630000114440918,8.649999618530273,92500,0.0,0.0
2024-03-13 00:00:00-04:00,8.65999984741211,8.670000076293945,8.649999618530273,8.65999984741211,31400,0.0,0.0
2024-03-14 00:00:00-04:00,8.619999885559082,8.670000076293945,8.520000457763672,8.539999961853027,81500,0.0,0.0
2024-03-15 00:00:00-04:00,8.5,8.569999694824219,8.5,8.5600004196167,40100,0.0,0.0
2024-03-18 00:00:00-04:00,8.539999961853027,8.609999656677246,8.529999732971191,8.569999694824219,100400,0.0,0.0
2024-03-19 00:00:00-04:00,8.569999694824219,8.59000015258789,8.529999732971191,8.5600004196167,94700,0.0,0.0
2024-03-20 00:00:00-04:00,8.529999732971191,8.569999694824219,8.520000457763672,8.520000457763672,117800,0.0,0.0
2024-03-21 00:00:00-04:00,8.539999961853027,8.569999694824219,8.479999542236328,8.520000457763672,115800,0.0,0.0
2024-03-22 00:00:00-04:00,8.569999694824219,8.569999694824219,8.479999542236328,8.520000457763672,289800,0.0,0.0
2024-03-25 00:00:00-04:00,8.489999771118164,8.5,8.470000267028809,8.479999542236328,101400,0.0,0.0
2024-03-26 00:00:00-04:00,8.479999542236328,8.5,8.460000038146973,8.460000038146973,197900,0.0,0.0
2024-03-27 00:00:00-04:00,8.479999542236328,8.5,8.460000038146973,8.5,80000,0.0,0.0
2024-03-28 00:00:00-04:00,8.510000228881836,8.510000228881836,8.470000267028809,8.5,344100,0.0,0.0
2024-04-01 00:00:00-04:00,8.470000267028809,8.489999771118164,8.40999984741211,8.460000038146973,95300,0.0,0.0
2024-04-02 00:00:00-04:00,8.420000076293945,8.430000305175781,8.380000114440918,8.399999618530273,98300,0.0,0.0
2024-04-03 00:00:00-04:00,8.369999885559082,8.369999885559082,8.329999923706055,8.359999656677246,113300,0.0,0.0
2024-04-04 00:00:00-04:00,8.369999885559082,8.390000343322754,8.319999694824219,8.34000015258789,130900,0.0,0.0
2024-04-05 00:00:00-04:00,8.329999923706055,8.359999656677246,8.289999961853027,8.319999694824219,94700,0.0,0.0
2024-04-08 00:00:00-04:00,8.329999923706055,8.369999885559082,8.329999923706055,8.350000381469727,155800,0.0,0.0
2024-04-09 00:00:00-04:00,8.34000015258789,8.369999885559082,8.329999923706055,8.359999656677246,41300,0.0,0.0
2024-04-10 00:00:00-04:00,8.329999923706055,8.329999923706055,8.210000038146973,8.229999542236328,88500,0.0,0.0
2024-04-11 00:00:00-04:00,8.270000457763672,8.270000457763672,8.229999542236328,8.260000228881836,46100,0.0,0.0
2024-04-12 00:00:00-04:00,8.289999961853027,8.289999961853027,8.260000228881836,8.270000457763672,55100,0.0,0.0
2024-04-15 00:00:00-04:00,8.199999809265137,8.300000190734863,8.15999984741211,8.170000076293945,136800,0.0,0.0
2024-04-16 00:00:00-04:00,8.170000076293945,8.1899995803833,8.140000343322754,8.180000305175781,136100,0.0,0.0
2024-04-17 00:00:00-04:00,8.199999809265137,8.199999809265137,8.15999984741211,8.1899995803833,69200,0.0,0.0
2024-04-18 00:00:00-04:00,8.199999809265137,8.210000038146973,8.15999984741211,8.1899995803833,219700,0.0,0.0
2024-04-19 00:00:00-04:00,8.220000267028809,8.239999771118164,8.1899995803833,8.1899995803833,88200,0.0,0.0
2024-04-22 00:00:00-04:00,8.1899995803833,8.210000038146973,8.15999984741211,8.170000076293945,109000,0.0,0.0
2024-04-23 00:00:00-04:00,8.170000076293945,8.239999771118164,8.170000076293945,8.220000267028809,73500,0.0,0.0
2024-04-24 00:00:00-04:00,8.229999542236328,8.239999771118164,8.1899995803833,8.229999542236328,100100,0.0,0.0
2024-04-25 00:00:00-04:00,8.199999809265137,8.199999809265137,8.140000343322754,8.15999984741211,67400,0.0,0.0
2024-04-26 00:00:00-04:00,8.210000038146973,8.239999771118164,8.199999809265137,8.229999542236328,281100,0.0,0.0
2024-04-29 00:00:00-04:00,8.25,8.279999732971191,8.239999771118164,8.260000228881836,141000,0.0,0.0
2024-04-30 00:00:00-04:00,8.270000457763672,8.279999732971191,8.25,8.270000457763672,224800,0.0,0.0
2024-05-01 00:00:00-04:00,8.289999961853027,8.319999694824219,8.279999732971191,8.300000190734863,105500,0.0,0.0
2024-05-02 00:00:00-04:00,8.289999961853027,8.350000381469727,8.289999961853027,8.350000381469727,78700,0.0,0.0
2024-05-03 00:00:00-04:00,8.399999618530273,8.460000038146973,8.380000114440918,8.449999809265137,126400,0.0,0.0
2024-05-06 00:00:00-04:00,8.460000038146973,8.470000267028809,8.430000305175781,8.460000038146973,131500,0.0,0.0
2024-05-07 00:00:00-04:00,8.489999771118164,8.539999961853027,8.489999771118164,8.529999732971191,467900,0.0,0.0
2024-05-08 00:00:00-04:00,8.550000190734863,8.579999923706055,8.529999732971191,8.579999923706055,79900,0.0,0.0
2024-05-09 00:00:00-04:00,8.59000015258789,8.59000015258789,8.529999732971191,8.539999961853027,117600,0.0,0.0
2024-05-10 00:00:00-04:00,8.6899995803833,8.6899995803833,8.510000228881836,8.5600004196167,405700,0.0,0.0
2024-05-13 00:00:00-04:00,8.569999694824219,8.569999694824219,8.460000038146973,8.460000038146973,182100,0.0,0.0
2024-05-14 00:00:00-04:00,8.470000267028809,8.489999771118164,8.460000038146973,8.479999542236328,183000,0.0,0.0
2024-05-15 00:00:00-04:00,8.489999771118164,8.529999732971191,8.489999771118164,8.510000228881836,161500,0.0,0.0
2024-05-16 00:00:00-04:00,8.510000228881836,8.520000457763672,8.470000267028809,8.489999771118164,184900,0.0,0.0
2024-05-17 00:00:00-04:00,8.539999961853027,8.539999961853027,8.470000267028809,8.489999771118164,160100,0.0,0.0
2024-05-20 00:00:00-04:00,8.460000038146973,8.5,8.460000038146973,8.489999771118164,120300,0.0,0.0
2024-05-21 00:00:00-04:00,8.510000228881836,8.510000228881836,8.420000076293945,8.479999542236328,80800,0.0,0.0
2024-05-22 00:00:00-04:00,8.470000267028809,8.470000267028809,8.40999984741211,8.40999984741211,41100,0.0,0.0
2024-05-23 00:00:00-04:00,8.449999809265137,8.479999542236328,8.359999656677246,8.460000038146973,298300,0.0,0.0
2024-05-24 00:00:00-04:00,8.479999542236328,8.8100004196167,8.449999809265137,8.8100004196167,735900,0.0,0.0
2024-05-28 00:00:00-04:00,8.8100004196167,8.829999923706055,8.680000305175781,8.710000038146973,264200,0.0,0.0
2024-05-29 00:00:00-04:00,8.699999809265137,8.699999809265137,8.539999961853027,8.579999923706055,252300,0.0,0.0
2024-05-30 00:00:00-04:00,8.609999656677246,8.609999656677246,8.520000457763672,8.550000190734863,316500,0.0,0.0
2024-05-31 00:00:00-04:00,8.600000381469727,8.619999885559082,8.5600004196167,8.59000015258789,226400,0.0,0.0
2024-06-03 00:00:00-04:00,8.619999885559082,8.65999984741211,8.59000015258789,8.630000114440918,135600,0.0,0.0
2024-06-04 00:00:00-04:00,8.670000076293945,8.680000305175781,8.609999656677246,8.65999984741211,182800,0.0,0.0
2024-06-05 00:00:00-04:00,8.680000305175781,8.729999542236328,8.640000343322754,8.720000267028809,160400,0.0,0.0
2024-06-06 00:00:00-04:00,8.739999771118164,8.75,8.6899995803833,8.75,163400,0.0,0.0
2024-06-07 00:00:00-04:00,8.670000076293945,8.75,8.640000343322754,8.729999542236328,157100,0.0,0.0
2024-06-10 00:00:00-04:00,8.729999542236328,8.760000228881836,8.720000267028809,8.739999771118164,112600,0.0,0.0
2024-06-11 00:00:00-04:00,8.760000228881836,8.800000190734863,8.75,8.760000228881836,230500,0.0,0.0
2024-06-12 00:00:00-04:00,8.850000381469727,8.930000305175781,8.760000228881836,8.8100004196167,205400,0.0,0.0
2024-06-13 00:00:00-04:00,8.869999885559082,8.869999885559082,8.800000190734863,8.850000381469727,90400,0.0,0.0
2024-06-14 00:00:00-04:00,8.800000190734863,8.890000343322754,8.800000190734863,8.880000114440918,143400,0.0,0.0
2024-06-17 00:00:00-04:00,8.859999656677246,8.869999885559082,8.819999694824219,8.869999885559082,162700,0.0,0.0
2024-06-18 00:00:00-04:00,8.850000381469727,8.869999885559082,8.819999694824219,8.859999656677246,311500,0.0,0.0
2024-06-20 00:00:00-04:00,8.869999885559082,8.880000114440918,8.779999732971191,8.819999694824219,217700,0.0,0.0
2024-06-21 00:00:00-04:00,8.829999923706055,8.829999923706055,8.760000228881836,8.819999694824219,124300,0.0,0.0
2024-06-24 00:00:00-04:00,8.8100004196167,8.880000114440918,8.720000267028809,8.779999732971191,421300,0.0,0.0
2024-06-25 00:00:00-04:00,8.8100004196167,8.819999694824219,8.75,8.819999694824219,98000,0.0,0.0
2024-06-26 00:00:00-04:00,8.819999694824219,8.850000381469727,8.760000228881836,8.850000381469727,154200,0.0,0.0
2024-06-27 00:00:00-04:00,8.880000114440918,8.920000076293945,8.84000015258789,8.869999885559082,226500,0.0,0.0
2024-06-28 00:00:00-04:00,8.899999618530273,8.9399995803833,8.850000381469727,8.869999885559082,242700,0.0,0.0
2024-07-01 00:00:00-04:00,8.869999885559082,8.890000343322754,8.789999961853027,8.859999656677246,204200,0.0,0.0
2024-07-02 00:00:00-04:00,8.90999984741211,8.90999984741211,8.850000381469727,8.880000114440918,76500,0.0,0.0
2024-07-03 00:00:00-04:00,8.859999656677246,8.9399995803833,8.859999656677246,8.90999984741211,51200,0.0,0.0
2024-07-05 00:00:00-04:00,8.949999809265137,9.029999732971191,8.90999984741211,9.0,165600,0.0,0.0
2024-07-08 00:00:00-04:00,9.010000228881836,9.010000228881836,8.970000267028809,9.0,79200,0.0,0.0
2024-07-09 00:00:00-04:00,9.0,9.010000228881836,8.970000267028809,8.989999771118164,92600,0.0,0.0
2024-07-10 00:00:00-04:00,9.020000457763672,9.029999732971191,8.989999771118164,9.020000457763672,115400,0.0,0.0
2024-07-11 00:00:00-04:00,9.0600004196167,9.220000267028809,9.0600004196167,9.119999885559082,211800,0.0,0.0
2024-07-12 00:00:00-04:00,9.109999656677246,9.149999618530273,9.069999694824219,9.149999618530273,127000,0.0,0.0
2024-07-15 00:00:00-04:00,9.180000305175781,9.180000305175781,9.100000381469727,9.130000114440918,205800,0.0,0.0
2024-07-16 00:00:00-04:00,9.109999656677246,9.119999885559082,9.069999694824219,9.09000015258789,85200,0.0,0.0
2024-07-17 00:00:00-04:00,9.079999923706055,9.119999885559082,8.9399995803833,8.960000038146973,141700,0.0,0.0
2024-07-18 00:00:00-04:00,8.970000267028809,8.989999771118164,8.819999694824219,8.84000015258789,110200,0.0,0.0
2024-07-19 00:00:00-04:00,8.850000381469727,8.899999618530273,8.739999771118164,8.789999961853027,159800,0.0,0.0
2024-07-22 00:00:00-04:00,8.8100004196167,8.859999656677246,8.760000228881836,8.800000190734863,142900,0.0,0.0
2024-07-23 00:00:00-04:00,8.819999694824219,8.890000343322754,8.8100004196167,8.890000343322754,121500,0.0,0.0
2024-07-24 00:00:00-04:00,8.850000381469727,8.869999885559082,8.75,8.770000457763672,110600,0.0,0.0
2024-07-25 00:00:00-04:00,8.819999694824219,8.880000114440918,8.800000190734863,8.880000114440918,96100,0.0,0.0
2024-07-26 00:00:00-04:00,8.930000305175781,8.9399995803833,8.869999885559082,8.920000076293945,132800,0.0,0.0
2024-07-29 00:00:00-04:00,8.970000267028809,8.989999771118164,8.880000114440918,8.930000305175781,109700,0.0,0.0
2024-07-30 00:00:00-04:00,8.930000305175781,8.9399995803833,8.890000343322754,8.930000305175781,118600,0.0,0.0
2024-07-31 00:00:00-04:00,8.960000038146973,8.979999542236328,8.920000076293945,8.949999809265137,207100,0.0,0.0
2024-08-01 00:00:00-04:00,9.0,9.09000015258789,8.960000038146973,9.0600004196167,246600,0.0,0.0
2024-08-02 00:00:00-04:00,9.140000343322754,9.140000343322754,9.069999694824219,9.09000015258789,289400,0.0,0.0
2024-08-05 00:00:00-04:00,9.029999732971191,9.0600004196167,9.0,9.029999732971191,90700,0.0,0.0
2024-08-06 00:00:00-04:00,9.029999732971191,9.119999885559082,9.020000457763672,9.100000381469727,98400,0.0,0.0
2024-08-07 00:00:00-04:00,9.100000381469727,9.100000381469727,9.0,9.050000190734863,258400,0.0,0.0
2024-08-08 00:00:00-04:00,9.029999732971191,9.050000190734863,8.970000267028809,9.010000228881836,121300,0.0,0.0
2024-08-09 00:00:00-04:00,9.029999732971191,9.029999732971191,9.0,9.029999732971191,138200,0.0,0.0
2024-08-12 00:00:00-04:00,9.010000228881836,9.029999732971191,9.0,9.029999732971191,53100,0.0,0.0
2024-08-13 00:00:00-04:00,9.109999656677246,9.140000343322754,9.039999961853027,9.079999923706055,182500,0.0,0.0
2024-08-14 00:00:00-04:00,9.050000190734863,9.109999656677246,9.050000190734863,9.109999656677246,82500,0.0,0.0
2024-08-15 00:00:00-04:00,9.0,9.069999694824219,9.0,9.0600004196167,130800,0.0,0.0
2024-08-16 00:00:00-04:00,9.039999961853027,9.039999961853027,9.0,9.0,59900,0.0,0.0
2024-08-19 00:00:00-04:00,8.989999771118164,9.010000228881836,8.989999771118164,9.0,76600,0.0,0.0
2024-08-20 00:00:00-04:00,9.010000228881836,9.020000457763672,9.0,9.020000457763672,119700,0.0,0.0
2024-08-21 00:00:00-04:00,9.029999732971191,9.039999961853027,9.010000228881836,9.029999732971191,83300,0.0,0.0
2024-08-22 00:00:00-04:00,9.020000457763672,9.039999961853027,8.979999542236328,9.0,134100,0.0,0.0
2024-08-23 00:00:00-04:00,9.0,9.0,8.949999809265137,8.960000038146973,381700,0.0,0.0
2024-08-26 00:00:00-04:00,8.949999809265137,8.989999771118164,8.949999809265137,8.979999542236328,175600,0.0,0.0
2024-08-27 00:00:00-04:00,8.979999542236328,8.979999542236328,8.949999809265137,8.970000267028809,155000,0.0,0.0
2024-08-28 00:00:00-04:00,8.979999542236328,8.979999542236328,8.90999984741211,8.960000038146973,95600,0.0,0.0
2024-08-29 00:00:00-04:00,8.949999809265137,8.970000267028809,8.920000076293945,8.970000267028809,139300,0.0,0.0
2024-08-30 00:00:00-04:00,8.989999771118164,9.0,8.970000267028809,9.0,97600,0.0,0.0
2024-09-03 00:00:00-04:00,9.0,9.069999694824219,8.989999771118164,9.050000190734863,247800,0.0,0.0
2024-09-04 00:00:00-04:00,9.079999923706055,9.079999923706055,9.039999961853027,9.069999694824219,181800,0.0,0.0
2024-09-05 00:00:00-04:00,9.0600004196167,9.100000381469727,9.050000190734863,9.100000381469727,161500,0.0,0.0
2024-09-06 00:00:00-04:00,9.119999885559082,9.199999809265137,9.109999656677246,9.199999809265137,151600,0.0,0.0
2024-09-09 00:00:00-04:00,9.260000228881836,9.260000228881836,9.180000305175781,9.220000267028809,134800,0.0,0.0
2024-09-10 00:00:00-04:00,9.229999542236328,9.270000457763672,9.180000305175781,9.270000457763672,142500,0.0,0.0
2024-09-11 00:00:00-04:00,9.270000457763672,9.359999656677246,9.270000457763672,9.34000015258789,188800,0.0,0.0
2024-09-12 00:00:00-04:00,9.34000015258789,9.399999618530273,9.34000015258789,9.350000381469727,249100,0.0,0.0
2024-09-13 00:00:00-04:00,9.420000076293945,9.420000076293945,9.279999732971191,9.3100004196167,220100,0.0,0.0
2024-09-16 00:00:00-04:00,9.329999923706055,9.350000381469727,9.25,9.289999961853027,251000,0.0,0.0
2024-09-17 00:00:00-04:00,9.229999542236328,9.270000457763672,9.199999809265137,9.229999542236328,91100,0.0,0.0
2024-09-18 00:00:00-04:00,9.25,9.25,9.210000038146973,9.229999542236328,232300,0.0,0.0
2024-09-19 00:00:00-04:00,9.25,9.279999732971191,9.199999809265137,9.229999542236328,142900,0.0,0.0
2024-09-20 00:00:00-04:00,9.229999542236328,9.260000228881836,9.199999809265137,9.239999771118164,57100,0.0,0.0
2024-09-23 00:00:00-04:00,9.270000457763672,9.270000457763672,9.210000038146973,9.229999542236328,152300,0.0,0.0
2024-09-24 00:00:00-04:00,9.25,9.270000457763672,9.1899995803833,9.260000228881836,228900,0.0,0.0
2024-09-25 00:00:00-04:00,9.279999732971191,9.279999732971191,9.210000038146973,9.25,129300,0.0,0.0
2024-09-26 00:00:00-04:00,9.260000228881836,9.279999732971191,9.220000267028809,9.220000267028809,118600,0.0,0.0
2024-09-27 00:00:00-04:00,9.239999771118164,9.289999961853027,9.229999542236328,9.279999732971191,124600,0.0,0.0
2024-09-30 00:00:00-04:00,9.300000190734863,9.3100004196167,9.25,9.3100004196167,93200,0.0,0.0
2024-10-01 00:00:00-04:00,9.319999694824219,9.399999618530273,9.319999694824219,9.34000015258789,173000,0.0,0.0
2024-10-02 00:00:00-04:00,9.289999961853027,9.319999694824219,9.279999732971191,9.300000190734863,129600,0.0,0.0
2024-10-03 00:00:00-04:00,9.369999885559082,9.369999885559082,9.25,9.25,155900,0.0,0.0
2024-10-04 00:00:00-04:00,9.229999542236328,9.229999542236328,9.199999809265137,9.229999542236328,82700,0.0,0.0
2024-10-07 00:00:00-04:00,9.260000228881836,9.260000228881836,9.149999618530273,9.170000076293945,108300,0.0,0.0
2024-10-08 00:00:00-04:00,9.149999618530273,9.180000305175781,9.119999885559082,9.119999885559082,134200,0.0,0.0
2024-10-09 00:00:00-04:00,9.130000114440918,9.130000114440918,9.069999694824219,9.100000381469727,243700,0.0,0.0
2024-10-10 00:00:00-04:00,9.100000381469727,9.130000114440918,9.069999694824219,9.100000381469727,153200,0.0,0.0
2024-10-11 00:00:00-04:00,9.109999656677246,9.109999656677246,9.050000190734863,9.069999694824219,232200,0.0,0.0
