Date,Open,High,Low,Close,Volume,Dividends,Stock Splits
2023-06-20 00:00:00+09:00,43918.91796875,43963.96484375,40630.62890625,41441.44140625,299610,0.0,0.0
2023-06-21 00:00:00+09:00,41576.578125,43648.6484375,41261.26171875,42297.296875,532549,0.0,0.0
2023-06-22 00:00:00+09:00,41756.7578125,42027.02734375,37612.61328125,37702.703125,326433,0.0,0.0
2023-06-23 00:00:00+09:00,37567.56640625,37567.56640625,34369.37109375,35270.26953125,207498,0.0,0.0
2023-06-26 00:00:00+09:00,35135.13671875,39189.1875,34504.50390625,35630.62890625,510661,0.0,0.0
2023-06-27 00:00:00+09:00,34954.953125,35090.08984375,33018.01953125,33243.2421875,150903,0.0,0.0
2023-06-28 00:00:00+09:00,33333.33203125,33783.78515625,32162.162109375,33693.6953125,188457,0.0,0.0
2023-06-29 00:00:00+09:00,34054.0546875,34684.68359375,30720.720703125,30720.720703125,177969,0.0,0.0
2023-06-30 00:00:00+09:00,31126.126953125,32072.072265625,29324.32421875,29414.4140625,135665,0.0,0.0
2023-07-03 00:00:00+09:00,29684.685546875,31216.216796875,29189.189453125,30315.314453125,96193,0.0,0.0
2023-07-04 00:00:00+09:00,30000.0,30270.26953125,28558.55859375,29009.009765625,72842,0.0,0.0
2023-07-05 00:00:00+09:00,28963.96484375,29864.865234375,28378.37890625,29819.8203125,60092,0.0,0.0
2023-07-06 00:00:00+09:00,29864.865234375,29864.865234375,28378.37890625,28378.37890625,39176,0.0,0.0
2023-07-07 00:00:00+09:00,27162.162109375,27972.97265625,27027.02734375,27117.1171875,46455,0.0,0.0
2023-07-10 00:00:00+09:00,27387.38671875,27387.38671875,25675.67578125,26036.03515625,64619,0.0,0.0
2023-07-11 00:00:00+09:00,26216.216796875,33018.01953125,26126.126953125,31351.3515625,991816,0.0,0.0
2023-07-12 00:00:00+09:00,30450.451171875,40720.72265625,29414.4140625,40720.72265625,1636908,0.0,0.0
2023-07-13 00:00:00+09:00,41441.44140625,41846.84765625,35945.9453125,35945.9453125,1235011,0.0,0.0
2023-07-14 00:00:00+09:00,35630.62890625,37567.56640625,32747.748046875,32747.748046875,488765,0.0,0.0
2023-07-17 00:00:00+09:00,30675.67578125,32387.38671875,27117.1171875,27297.296875,897602,0.0,0.0
2023-07-18 00:00:00+09:00,26711.7109375,31981.982421875,26171.171875,28108.107421875,1669260,0.0,0.0
2023-07-19 00:00:00+09:00,27162.162109375,30585.5859375,27162.162109375,28873.873046875,549962,0.0,0.0
2023-07-20 00:00:00+09:00,28873.873046875,29774.775390625,27747.748046875,28513.513671875,177482,0.0,0.0
2023-07-21 00:00:00+09:00,27927.927734375,31531.53125,27747.748046875,30765.765625,553896,0.0,0.0
2023-07-24 00:00:00+09:00,30495.49609375,30540.541015625,28198.197265625,29099.099609375,186111,0.0,0.0
2023-07-25 00:00:00+09:00,28738.73828125,29369.369140625,26576.576171875,26666.666015625,410729,0.0,0.0
2023-07-26 00:00:00+09:00,26126.126953125,26846.84765625,22477.4765625,22972.97265625,214936,0.0,0.0
2023-07-27 00:00:00+09:00,23333.333984375,27432.431640625,23063.0625,25495.49609375,320213,0.0,0.0
2023-07-28 00:00:00+09:00,25495.49609375,27207.20703125,24504.50390625,25900.900390625,100465,0.0,0.0
2023-07-31 00:00:00+09:00,25900.900390625,26621.62109375,25810.810546875,26036.03515625,52407,0.0,0.0
2023-08-01 00:00:00+09:00,26801.802734375,28378.37890625,26126.126953125,26576.576171875,133487,0.0,0.0
2023-08-02 00:00:00+09:00,26846.84765625,28513.513671875,25540.541015625,28153.15234375,117279,0.0,0.0
2023-08-03 00:00:00+09:00,28153.15234375,30810.810546875,27072.072265625,29459.458984375,354689,0.0,0.0
2023-08-04 00:00:00+09:00,28873.873046875,29099.099609375,26126.126953125,27432.431640625,151831,0.0,0.0
2023-08-07 00:00:00+09:00,27432.431640625,29009.009765625,26126.126953125,27702.703125,98823,0.0,0.0
2023-08-08 00:00:00+09:00,27387.38671875,27837.837890625,26216.216796875,26936.9375,82943,0.0,0.0
2023-08-09 00:00:00+09:00,26801.802734375,31261.26171875,26801.802734375,30360.361328125,591167,0.0,0.0
2023-08-10 00:00:00+09:00,30810.810546875,37342.34375,29189.189453125,32117.1171875,4414052,0.0,0.0
2023-08-11 00:00:00+09:00,32432.431640625,35450.44921875,30180.1796875,30900.900390625,2671149,0.0,0.0
2023-08-14 00:00:00+09:00,33873.875,35585.5859375,31351.3515625,31576.576171875,1381647,0.0,0.0
2023-08-16 00:00:00+09:00,30900.900390625,34414.4140625,29684.685546875,32387.38671875,1163451,0.0,0.0
2023-08-17 00:00:00+09:00,31846.84765625,33198.19921875,30360.361328125,31036.03515625,318577,0.0,0.0
2023-08-18 00:00:00+09:00,29954.955078125,30765.765625,28558.55859375,29009.009765625,210147,0.0,0.0
2023-08-21 00:00:00+09:00,28423.423828125,29909.91015625,28063.0625,29054.0546875,185005,0.0,0.0
2023-08-22 00:00:00+09:00,29099.099609375,29324.32421875,27342.341796875,28513.513671875,177210,0.0,0.0
2023-08-23 00:00:00+09:00,29054.0546875,29099.099609375,27207.20703125,27342.341796875,117851,0.0,0.0
2023-08-24 00:00:00+09:00,27477.4765625,28513.513671875,27027.02734375,27612.61328125,98398,0.0,0.0
2023-08-25 00:00:00+09:00,27657.658203125,28873.873046875,27342.341796875,28198.197265625,104454,0.0,0.0
2023-08-28 00:00:00+09:00,28423.423828125,28693.693359375,26756.755859375,26981.982421875,114171,0.0,0.0
2023-08-29 00:00:00+09:00,27162.162109375,28468.46875,26846.84765625,28468.46875,71322,0.0,0.0
2023-08-30 00:00:00+09:00,28648.6484375,28648.6484375,27612.61328125,28198.197265625,72489,0.0,0.0
2023-08-31 00:00:00+09:00,28198.197265625,29099.099609375,27252.251953125,27297.296875,110298,0.0,0.0
2023-09-01 00:00:00+09:00,27477.4765625,28378.37890625,27072.072265625,27207.20703125,49512,0.0,0.0
2023-09-04 00:00:00+09:00,27207.20703125,28018.017578125,26171.171875,27027.02734375,67442,0.0,0.0
2023-09-05 00:00:00+09:00,26981.982421875,27432.431640625,26756.755859375,27162.162109375,48335,0.0,0.0
2023-09-06 00:00:00+09:00,26846.84765625,28018.017578125,26756.755859375,26846.84765625,108732,0.0,0.0
2023-09-07 00:00:00+09:00,26891.892578125,27117.1171875,25045.044921875,26351.3515625,116631,0.0,0.0
2023-09-08 00:00:00+09:00,26351.3515625,29684.685546875,25675.67578125,28603.603515625,423694,0.0,0.0
2023-09-11 00:00:00+09:00,28738.73828125,31351.3515625,28423.423828125,28783.783203125,465363,0.0,0.0
2023-09-12 00:00:00+09:00,28603.603515625,31036.03515625,27657.658203125,29594.59375,458723,0.0,0.0
2023-09-13 00:00:00+09:00,28693.693359375,29189.189453125,27702.703125,28108.107421875,110653,0.0,0.0
2023-09-14 00:00:00+09:00,27882.8828125,29234.234375,27297.296875,28873.873046875,79734,0.0,0.0
2023-09-15 00:00:00+09:00,28648.6484375,29279.279296875,27882.8828125,28153.15234375,75221,0.0,0.0
2023-09-18 00:00:00+09:00,27972.97265625,30270.26953125,27702.703125,29369.369140625,200497,0.0,0.0
2023-09-19 00:00:00+09:00,29279.279296875,30405.40625,28513.513671875,30045.044921875,159170,0.0,0.0
2023-09-20 00:00:00+09:00,30180.1796875,30855.85546875,28828.828125,29009.009765625,135468,0.0,0.0
2023-09-21 00:00:00+09:00,28513.513671875,30180.1796875,27927.927734375,29729.73046875,103001,0.0,0.0
2023-09-22 00:00:00+09:00,28828.828125,33288.2890625,28198.197265625,28333.333984375,861198,0.0,0.0
2023-09-25 00:00:00+09:00,28378.37890625,30630.630859375,27927.927734375,30180.1796875,319087,0.0,0.0
2023-09-26 00:00:00+09:00,29549.548828125,29639.638671875,24954.955078125,24954.955078125,296033,0.0,0.0
2023-09-27 00:00:00+09:00,24864.865234375,29324.32421875,23873.873046875,28423.423828125,406802,0.0,0.0
2023-10-04 00:00:00+09:00,28153.15234375,28648.6484375,26621.62109375,26621.62109375,91590,0.0,0.0
2023-10-05 00:00:00+09:00,27207.20703125,28468.46875,26261.26171875,26576.576171875,88279,0.0,0.0
2023-10-06 00:00:00+09:00,26531.53125,28648.6484375,26531.53125,28288.2890625,72489,0.0,0.0
2023-10-10 00:00:00+09:00,28288.2890625,29054.0546875,27027.02734375,27117.1171875,81383,0.0,0.0
2023-10-11 00:00:00+09:00,27342.341796875,28693.693359375,27342.341796875,28648.6484375,70405,0.0,0.0
2023-10-12 00:00:00+09:00,29549.548828125,36306.3046875,28828.828125,33513.51171875,4182139,0.0,0.0
2023-10-13 00:00:00+09:00,34954.953125,35135.13671875,31171.171875,31801.802734375,1298403,0.0,0.0
2023-10-16 00:00:00+09:00,31081.08203125,32522.5234375,30720.720703125,32477.4765625,544527,0.0,0.0
2023-10-17 00:00:00+09:00,32702.703125,33918.91796875,30495.49609375,31351.3515625,790032,0.0,0.0
2023-10-18 00:00:00+09:00,30630.630859375,31081.08203125,28738.73828125,29279.279296875,311709,0.0,0.0
2023-10-19 00:00:00+09:00,28243.244140625,29684.685546875,27342.341796875,29549.548828125,230905,0.0,0.0
2023-10-20 00:00:00+09:00,28288.2890625,29099.099609375,27657.658203125,28378.37890625,106192,0.0,0.0
2023-10-23 00:00:00+09:00,27657.658203125,28243.244140625,26171.171875,26936.9375,110648,0.0,0.0
2023-10-24 00:00:00+09:00,27162.162109375,27702.703125,25810.810546875,27522.5234375,87232,0.0,0.0
2023-10-25 00:00:00+09:00,27567.568359375,27837.837890625,26531.53125,26936.9375,59816,0.0,0.0
2023-10-26 00:00:00+09:00,26036.03515625,29279.279296875,25585.5859375,27567.568359375,478978,0.0,0.0
2023-10-27 00:00:00+09:00,27387.38671875,28693.693359375,26801.802734375,28693.693359375,133059,0.0,0.0
2023-10-30 00:00:00+09:00,28153.15234375,28558.55859375,27207.20703125,27342.341796875,93725,0.0,0.0
2023-10-31 00:00:00+09:00,27567.568359375,27837.837890625,26351.3515625,26981.982421875,56238,0.0,0.0
2023-11-01 00:00:00+09:00,27477.4765625,27612.61328125,26756.755859375,27027.02734375,37033,0.0,0.0
2023-11-02 00:00:00+09:00,27432.431640625,27657.658203125,26846.84765625,27117.1171875,62347,0.0,0.0
2023-11-03 00:00:00+09:00,27297.296875,27297.296875,26036.03515625,26126.126953125,79564,0.0,0.0
2023-11-06 00:00:00+09:00,26396.396484375,27027.02734375,25675.67578125,26891.892578125,66506,0.0,0.0
2023-11-07 00:00:00+09:00,26936.9375,27072.072265625,26036.03515625,26171.171875,46488,0.0,0.0
2023-11-08 00:00:00+09:00,26081.08203125,26756.755859375,25990.990234375,26126.126953125,34186,0.0,0.0
2023-11-09 00:00:00+09:00,26036.03515625,26306.306640625,24954.955078125,25045.044921875,51021,0.0,0.0
2023-11-10 00:00:00+09:00,24324.32421875,25405.40625,24189.189453125,24864.865234375,55022,0.0,0.0
2023-11-13 00:00:00+09:00,24954.955078125,24954.955078125,23603.603515625,23783.783203125,39332,0.0,0.0
2023-11-14 00:00:00+09:00,23738.73828125,24504.50390625,23693.693359375,24099.099609375,27454,0.0,0.0
2023-11-15 00:00:00+09:00,24324.32421875,24954.955078125,24189.189453125,24864.865234375,23901,0.0,0.0
2023-11-16 00:00:00+09:00,25045.044921875,25045.044921875,23918.91796875,24414.4140625,37971,0.0,0.0
2023-11-17 00:00:00+09:00,24414.4140625,24594.59375,23738.73828125,24144.14453125,29600,0.0,0.0
2023-11-20 00:00:00+09:00,23873.873046875,24234.234375,23108.107421875,23783.783203125,59662,0.0,0.0
2023-11-21 00:00:00+09:00,24099.099609375,24099.099609375,23243.244140625,23423.423828125,38131,0.0,0.0
2023-11-22 00:00:00+09:00,23333.333984375,23513.513671875,22567.568359375,22837.837890625,47323,0.0,0.0
2023-11-23 00:00:00+09:00,23063.0625,23648.6484375,22612.61328125,23198.197265625,33477,0.0,0.0
2023-11-24 00:00:00+09:00,23108.107421875,23828.828125,22702.703125,23423.423828125,31443,0.0,0.0
2023-11-27 00:00:00+09:00,23873.873046875,23873.873046875,22972.97265625,23423.423828125,22723,0.0,0.0
2023-11-28 00:00:00+09:00,23423.423828125,23963.96484375,23153.15234375,23198.197265625,26646,0.0,0.0
2023-11-29 00:00:00+09:00,23153.15234375,23558.55859375,22927.927734375,23243.244140625,15645,0.0,0.0
2023-11-30 00:00:00+09:00,23243.244140625,24594.59375,23198.197265625,24234.234375,44739,0.0,0.0
2023-12-01 00:00:00+09:00,23963.96484375,25045.044921875,23648.6484375,25045.044921875,49239,0.0,0.0
2023-12-04 00:00:00+09:00,25000.0,25855.85546875,24459.458984375,25180.1796875,36120,0.0,0.0
2023-12-05 00:00:00+09:00,25000.0,25720.720703125,24639.638671875,25000.0,24307,0.0,0.0
2023-12-06 00:00:00+09:00,25405.40625,25540.541015625,23468.46875,23783.783203125,46712,0.0,0.0
2023-12-07 00:00:00+09:00,23783.783203125,24054.0546875,22702.703125,23018.017578125,38632,0.0,0.0
2023-12-08 00:00:00+09:00,23063.0625,23333.333984375,21261.26171875,22117.1171875,83565,0.0,0.0
2023-12-11 00:00:00+09:00,22207.20703125,22342.341796875,21441.44140625,21486.486328125,39157,0.0,0.0
2023-12-12 00:00:00+09:00,21486.486328125,21486.486328125,20270.26953125,21081.08203125,76460,0.0,0.0
2023-12-13 00:00:00+09:00,21351.3515625,21351.3515625,19774.775390625,19774.775390625,62758,0.0,0.0
2023-12-14 00:00:00+09:00,19954.955078125,20495.49609375,19324.32421875,19639.638671875,48907,0.0,0.0
2023-12-15 00:00:00+09:00,19684.685546875,20450.451171875,19324.32421875,20270.26953125,33320,0.0,0.0
2023-12-18 00:00:00+09:00,19954.955078125,20270.26953125,19369.369140625,19639.638671875,37221,0.0,0.0
2023-12-19 00:00:00+09:00,19639.638671875,19819.8203125,18558.55859375,18648.6484375,81643,0.0,0.0
2023-12-20 00:00:00+09:00,18828.828125,19639.638671875,18468.46875,18648.6484375,65897,0.0,0.0
2023-12-21 00:00:00+09:00,18468.46875,18828.828125,18108.107421875,18378.37890625,45264,0.0,0.0
2023-12-22 00:00:00+09:00,18558.55859375,19009.009765625,18063.0625,19009.009765625,38600,0.0,0.0
2023-12-26 00:00:00+09:00,19279.279296875,20450.451171875,18513.513671875,19054.0546875,112035,0.0,0.0
2023-12-27 00:00:00+09:00,19504.50390625,19954.955078125,19009.009765625,19279.279296875,48529,0.0,0.0
2023-12-28 00:00:00+09:00,19099.099609375,19684.685546875,18918.91796875,19684.685546875,25551,0.0,0.0
2024-01-02 00:00:00+09:00,20180.1796875,20720.720703125,19909.91015625,20720.720703125,59360,0.0,0.0
2024-01-03 00:00:00+09:00,20720.720703125,21036.03515625,20135.134765625,20405.40625,34700,0.0,0.0
2024-01-04 00:00:00+09:00,20450.451171875,20630.630859375,19549.548828125,19774.775390625,26052,0.0,0.0
2024-01-05 00:00:00+09:00,20090.08984375,20090.08984375,19549.548828125,19864.865234375,16506,0.0,0.0
2024-01-08 00:00:00+09:00,19909.91015625,20900.900390625,19549.548828125,19954.955078125,25453,0.0,0.0
2024-01-09 00:00:00+09:00,20000.0,20810.810546875,19909.91015625,20585.5859375,38918,0.0,0.0
2024-01-10 00:00:00+09:00,20360.361328125,20405.40625,19144.14453125,19549.548828125,50886,0.0,0.0
2024-01-11 00:00:00+09:00,19549.548828125,19684.685546875,19234.234375,19504.50390625,18759,0.0,0.0
2024-01-12 00:00:00+09:00,19504.50390625,19504.50390625,18603.603515625,19009.009765625,36981,0.0,0.0
2024-01-15 00:00:00+09:00,18873.873046875,18963.96484375,18603.603515625,18513.513671875,1844,0.0,0.0
2024-01-16 00:00:00+09:00,18468.46875,19054.0546875,18333.333984375,18423.423828125,16674,0.0,0.0
2024-01-17 00:00:00+09:00,18423.423828125,18423.423828125,17675.67578125,17828.828125,35798,0.0,0.0
2024-01-18 00:00:00+09:00,17666.666015625,18243.244140625,17522.5234375,17720.720703125,22001,0.0,0.0
2024-01-19 00:00:00+09:00,17918.91796875,18243.244140625,16414.4140625,17189.189453125,39288,0.0,0.0
2024-01-22 00:00:00+09:00,17189.189453125,17432.431640625,16990.990234375,17072.072265625,18641,0.0,0.0
2024-01-23 00:00:00+09:00,17117.1171875,17702.703125,16909.91015625,17468.46875,28555,0.0,0.0
2024-01-24 00:00:00+09:00,17468.46875,17567.568359375,16783.783203125,16855.85546875,20237,0.0,0.0
2024-01-25 00:00:00+09:00,16711.7109375,16846.84765625,15810.810546875,16351.3515625,21460,0.0,0.0
2024-01-26 00:00:00+09:00,15945.9462890625,16711.7109375,15945.9462890625,16351.3515625,17061,0.0,0.0
2024-01-29 00:00:00+09:00,16396.396484375,16738.73828125,16153.1533203125,16198.1982421875,21142,0.0,0.0
2024-01-30 00:00:00+09:00,17009.009765625,17090.08984375,16216.2158203125,16351.3515625,23040,0.0,0.0
2024-01-31 00:00:00+09:00,16351.3515625,16387.38671875,15945.9462890625,15954.955078125,14269,0.0,0.0
2024-02-01 00:00:00+09:00,15765.765625,15909.91015625,15324.32421875,15756.7568359375,23210,0.0,0.0
2024-02-02 00:00:00+09:00,15756.7568359375,16126.1259765625,15342.3427734375,15612.6123046875,30218,0.0,0.0
2024-02-05 00:00:00+09:00,15549.5498046875,15639.6396484375,15225.2255859375,15468.46875,16163,0.0,0.0
2024-02-06 00:00:00+09:00,15468.46875,15630.630859375,15207.20703125,15315.3154296875,12718,0.0,0.0
2024-02-07 00:00:00+09:00,15396.396484375,15765.765625,15225.2255859375,15315.3154296875,16663,0.0,0.0
2024-02-08 00:00:00+09:00,15396.396484375,15459.458984375,15279.279296875,15423.423828125,11621,0.0,0.0
2024-02-13 00:00:00+09:00,15414.4140625,16171.1708984375,15342.3427734375,16171.1708984375,37250,0.0,0.0
2024-02-14 00:00:00+09:00,16009.0087890625,16414.4140625,15936.9365234375,16297.296875,12312,0.0,0.0
2024-02-15 00:00:00+09:00,16342.3427734375,16342.3427734375,16081.0810546875,16279.279296875,7667,0.0,0.0
2024-02-16 00:00:00+09:00,16135.134765625,16387.38671875,16081.0810546875,16099.0986328125,11494,0.0,0.0
2024-02-19 00:00:00+09:00,16216.2158203125,16351.3515625,16036.0361328125,16072.072265625,10159,0.0,0.0
2024-02-20 00:00:00+09:00,16072.072265625,16144.14453125,15864.865234375,15864.865234375,13436,0.0,0.0
2024-02-21 00:00:00+09:00,15990.9912109375,16072.072265625,15675.67578125,15765.765625,12790,0.0,0.0
2024-02-22 00:00:00+09:00,15819.8193359375,15819.8193359375,15045.044921875,15162.162109375,37305,0.0,0.0
2024-02-23 00:00:00+09:00,15243.2431640625,15360.3603515625,14837.837890625,14954.955078125,24186,0.0,0.0
2024-02-26 00:00:00+09:00,14954.955078125,19234.234375,14558.55859375,15405.4052734375,336862,0.0,0.0
2024-02-27 00:00:00+09:00,15495.4951171875,18468.46875,15495.4951171875,16180.1806640625,496994,0.0,0.0
2024-02-28 00:00:00+09:00,16648.6484375,17045.044921875,15837.837890625,16351.3515625,85965,0.0,0.0
2024-02-29 00:00:00+09:00,16342.3427734375,16351.3515625,15459.458984375,15495.4951171875,60976,0.0,0.0
2024-03-04 00:00:00+09:00,15495.4951171875,16108.1083984375,15180.1806640625,15981.982421875,30595,0.0,0.0
2024-03-05 00:00:00+09:00,16036.0361328125,18000.0,15909.91015625,17828.828125,164904,0.0,0.0
2024-03-06 00:00:00+09:00,17882.8828125,17927.927734375,16963.96484375,17090.08984375,78745,0.0,0.0
2024-03-07 00:00:00+09:00,17090.08984375,19369.369140625,16729.73046875,18783.783203125,311753,0.0,0.0
2024-03-08 00:00:00+09:00,18693.693359375,18738.73828125,17882.8828125,18288.2890625,70378,0.0,0.0
2024-03-11 00:00:00+09:00,18018.017578125,19369.369140625,17666.666015625,17828.828125,72951,0.0,0.0
2024-03-12 00:00:00+09:00,17828.828125,18333.333984375,17315.314453125,17414.4140625,33307,0.0,0.0
2024-03-13 00:00:00+09:00,17477.4765625,17567.568359375,16846.84765625,17117.1171875,28242,0.0,0.0
2024-03-14 00:00:00+09:00,17099.099609375,17639.638671875,16954.955078125,17279.279296875,16442,0.0,0.0
2024-03-15 00:00:00+09:00,17279.279296875,19189.189453125,17117.1171875,17864.865234375,85824,0.0,0.0
2024-03-18 00:00:00+09:00,18009.009765625,18648.6484375,17810.810546875,18558.55859375,44317,0.0,0.0
2024-03-19 00:00:00+09:00,18603.603515625,18603.603515625,17864.865234375,18243.244140625,24356,0.0,0.0
2024-03-20 00:00:00+09:00,18198.197265625,18558.55859375,17675.67578125,17720.720703125,24648,0.0,0.0
2024-03-21 00:00:00+09:00,17873.873046875,17945.9453125,17333.333984375,17567.568359375,29437,0.0,0.0
2024-03-22 00:00:00+09:00,17738.73828125,20270.26953125,17450.451171875,19369.369140625,311544,0.0,0.0
2024-03-25 00:00:00+09:00,19369.369140625,19684.685546875,18423.423828125,19189.189453125,56730,0.0,0.0
2024-03-26 00:00:00+09:00,19009.009765625,19144.14453125,18423.423828125,18738.73828125,27864,0.0,0.0
2024-03-27 00:00:00+09:00,18828.828125,18828.828125,17801.802734375,17981.982421875,37816,0.0,0.0
2024-03-28 00:00:00+09:00,18108.107421875,18288.2890625,17756.755859375,17774.775390625,25132,0.0,0.0
2024-03-29 00:00:00+09:00,17909.91015625,18153.15234375,16954.955078125,17054.0546875,44882,0.0,0.0
2024-04-01 00:00:00+09:00,17054.0546875,17432.431640625,16981.982421875,17342.341796875,17756,0.0,0.0
2024-04-02 00:00:00+09:00,17486.486328125,17522.5234375,16585.5859375,16675.67578125,23511,0.0,0.0
2024-04-03 00:00:00+09:00,17018.017578125,17207.20703125,16045.044921875,17126.126953125,21797,0.0,0.0
2024-04-04 00:00:00+09:00,17126.126953125,17432.431640625,16414.4140625,16783.783203125,17545,0.0,0.0
2024-04-05 00:00:00+09:00,16342.3427734375,16783.783203125,15909.91015625,15936.9365234375,31408,0.0,0.0
2024-04-08 00:00:00+09:00,15765.765625,16351.3515625,15270.2705078125,15945.9462890625,26404,0.0,0.0
2024-04-09 00:00:00+09:00,15405.4052734375,16126.1259765625,15234.234375,15306.306640625,26588,0.0,0.0
2024-04-11 00:00:00+09:00,15180.1806640625,16126.1259765625,14639.6396484375,15783.7841796875,32156,0.0,0.0
2024-04-12 00:00:00+09:00,15342.3427734375,15765.765625,15243.2431640625,15243.2431640625,14600,0.0,0.0
2024-04-15 00:00:00+09:00,15522.5224609375,15522.5224609375,14774.7744140625,14972.97265625,18563,0.0,0.0
2024-04-16 00:00:00+09:00,14972.97265625,14981.982421875,13873.8740234375,14216.2158203125,41424,0.0,0.0
2024-04-17 00:00:00+09:00,14216.2158203125,14828.8291015625,13963.9638671875,13963.9638671875,19091,0.0,0.0
2024-04-18 00:00:00+09:00,14090.08984375,14441.44140625,13963.9638671875,14414.4140625,7591,0.0,0.0
2024-04-19 00:00:00+09:00,14414.4140625,14846.8466796875,13963.9638671875,14531.53125,12662,0.0,0.0
2024-04-22 00:00:00+09:00,14684.6845703125,15081.0810546875,14531.53125,15054.0537109375,12743,0.0,0.0
2024-04-23 00:00:00+09:00,14882.8828125,15405.4052734375,14747.748046875,14747.748046875,12971,0.0,0.0
2024-04-24 00:00:00+09:00,14792.79296875,15225.2255859375,14432.4326171875,14459.458984375,24103,0.0,0.0
2024-04-25 00:00:00+09:00,14459.458984375,14639.6396484375,14072.072265625,14144.14453125,17913,0.0,0.0
2024-04-26 00:00:00+09:00,14099.0986328125,14225.2255859375,13495.4951171875,13765.765625,46309,0.0,0.0
2024-04-29 00:00:00+09:00,13765.765625,14144.14453125,13612.6123046875,14054.0537109375,24498,0.0,0.0
2024-04-30 00:00:00+09:00,14144.14453125,14144.14453125,13756.7568359375,13783.7841796875,15389,0.0,0.0
2024-05-02 00:00:00+09:00,13873.8740234375,13945.9462890625,13540.541015625,13558.55859375,22006,0.0,0.0
2024-05-03 00:00:00+09:00,13603.603515625,13954.955078125,13459.458984375,13549.5498046875,27910,0.0,0.0
2024-05-07 00:00:00+09:00,13549.5498046875,13603.603515625,13234.234375,13513.513671875,22765,0.0,0.0
2024-05-08 00:00:00+09:00,13594.5947265625,13819.8193359375,13333.3330078125,13540.541015625,14567,0.0,0.0
2024-05-09 00:00:00+09:00,13540.541015625,13639.6396484375,13441.44140625,13513.513671875,13899,0.0,0.0
2024-05-10 00:00:00+09:00,13513.513671875,13639.6396484375,13171.1708984375,13243.2431640625,31976,0.0,0.0
2024-05-13 00:00:00+09:00,13243.2431640625,13351.3515625,12954.955078125,13189.189453125,30034,0.0,0.0
2024-05-14 00:00:00+09:00,13225.2255859375,13405.4052734375,13081.0810546875,13396.396484375,11855,0.0,0.0
2024-05-16 00:00:00+09:00,13639.6396484375,13918.9189453125,13423.423828125,13738.73828125,21097,0.0,0.0
2024-05-17 00:00:00+09:00,13783.7841796875,13783.7841796875,13495.4951171875,13738.73828125,13012,0.0,0.0
2024-05-20 00:00:00+09:00,13720.720703125,13756.7568359375,13459.458984375,13549.5498046875,9639,0.0,0.0
2024-05-21 00:00:00+09:00,13603.603515625,13603.603515625,12981.982421875,13108.1083984375,24749,0.0,0.0
2024-05-22 00:00:00+09:00,13414.4140625,13414.4140625,12882.8828125,13000.0,21868,0.0,0.0
2024-05-23 00:00:00+09:00,12990.9912109375,12990.9912109375,12585.5859375,12702.703125,27187,0.0,0.0
2024-05-24 00:00:00+09:00,12459.458984375,12837.837890625,12396.396484375,12819.8193359375,16149,0.0,0.0
2024-05-27 00:00:00+09:00,12810.810546875,12810.810546875,12108.1083984375,12252.251953125,21658,0.0,0.0
2024-05-28 00:00:00+09:00,12423.423828125,12423.423828125,12027.02734375,12279.279296875,13067,0.0,0.0
2024-05-29 00:00:00+09:00,12279.279296875,12279.279296875,11801.8017578125,12072.072265625,35527,0.0,0.0
2024-05-30 00:00:00+09:00,12153.1533203125,12180.1806640625,11711.7119140625,11810.810546875,27405,0.0,0.0
2024-05-31 00:00:00+09:00,11675.67578125,12837.837890625,11675.67578125,12027.02734375,31389,0.0,0.0
2024-06-03 00:00:00+09:00,11891.8916015625,11891.8916015625,10153.1533203125,11792.79296875,139338,0.0,0.0
2024-06-04 00:00:00+09:00,11792.79296875,11792.79296875,11045.044921875,11162.162109375,31193,0.0,0.0
2024-06-05 00:00:00+09:00,11099.0986328125,11261.26171875,11099.0986328125,11189.189453125,25713,0.0,0.0
2024-06-07 00:00:00+09:00,11351.3515625,12081.0810546875,11171.1708984375,11558.55859375,28421,0.0,0.0
2024-06-10 00:00:00+09:00,11558.55859375,11558.55859375,10756.7568359375,10774.7744140625,45737,0.0,0.0
2024-06-11 00:00:00+09:00,10630.630859375,10720.720703125,10144.14453125,10351.3515625,35216,0.0,0.0
2024-06-12 00:00:00+09:00,10396.396484375,10990.9912109375,10396.396484375,10675.67578125,25781,0.0,0.0
2024-06-13 00:00:00+09:00,10675.67578125,11585.5859375,10549.5498046875,11180.1806640625,46409,0.0,0.0
2024-06-14 00:00:00+09:00,11180.1806640625,11252.251953125,10594.5947265625,10693.693359375,29255,0.0,0.0
2024-06-17 00:00:00+09:00,10693.693359375,10702.703125,10225.2255859375,10261.26171875,16453,0.0,0.0
2024-06-18 00:00:00+09:00,10261.26171875,10315.3154296875,9459.458984375,9819.8193359375,47305,0.0,0.0
2024-06-19 00:00:00+09:00,9882.8828125,9882.8828125,9549.5498046875,9639.6396484375,16854,0.0,0.0
2024-06-20 00:00:00+09:00,9639.6396484375,9846.8466796875,9621.6220703125,9747.748046875,8831,0.0,0.0
2024-06-21 00:00:00+09:00,9747.748046875,9756.7568359375,9009.0087890625,9288.2880859375,33923,0.0,0.0
2024-06-24 00:00:00+09:00,9567.5673828125,9864.865234375,9198.1982421875,9324.32421875,38330,0.0,0.0
2024-06-25 00:00:00+09:00,9369.369140625,9369.369140625,8918.9189453125,9045.044921875,27294,0.0,0.0
2024-06-26 00:00:00+09:00,9009.0087890625,9135.134765625,8963.9638671875,9054.0537109375,12448,0.0,0.0
2024-06-27 00:00:00+09:00,8963.9638671875,9144.14453125,8900.9013671875,9081.0810546875,23202,0.0,0.0
2024-06-28 00:00:00+09:00,9081.0810546875,9225.2255859375,8981.982421875,9054.0537109375,11375,0.0,0.0
2024-07-01 00:00:00+09:00,9081.0810546875,11261.26171875,9054.0537109375,9972.97265625,530801,0.0,0.0
2024-07-02 00:00:00+09:00,9945.9462890625,12693.693359375,9180.1806640625,11855.85546875,1268537,0.0,0.0
2024-07-03 00:00:00+09:00,11981.982421875,12144.14453125,10702.703125,10864.865234375,199204,0.0,0.0
2024-07-04 00:00:00+09:00,10882.8828125,11666.6669921875,9909.91015625,10045.044921875,163061,0.0,0.0
2024-07-05 00:00:00+09:00,10180.1806640625,13054.0537109375,10117.1171875,12162.162109375,1584966,0.0,0.0
2024-07-08 00:00:00+09:00,12162.162109375,12738.73828125,11810.810546875,12432.4326171875,384060,0.0,0.0
2024-07-09 00:00:00+09:00,12297.296875,13441.44140625,11711.7119140625,11981.982421875,354037,0.0,0.0
2024-07-10 00:00:00+09:00,11918.9189453125,12468.46875,11441.44140625,12342.3427734375,167695,0.0,0.0
2024-07-11 00:00:00+09:00,12882.8828125,12882.8828125,11459.458984375,11567.5673828125,126342,0.0,0.0
2024-07-12 00:00:00+09:00,11306.306640625,11783.7841796875,10936.9365234375,10990.9912109375,85330,0.0,0.0
2024-07-15 00:00:00+09:00,11090.08984375,11252.251953125,10900.9013671875,11216.2158203125,35514,0.0,0.0
2024-07-16 00:00:00+09:00,11216.2158203125,11234.234375,10594.5947265625,10900.9013671875,46439,0.0,0.0
2024-07-17 00:00:00+09:00,10900.9013671875,11684.6845703125,10774.7744140625,11288.2880859375,55903,0.0,0.0
2024-07-18 00:00:00+09:00,10954.955078125,12018.017578125,10819.8193359375,11342.3427734375,120848,0.0,0.0
2024-07-19 00:00:00+09:00,11342.3427734375,12792.79296875,10837.837890625,12072.072265625,239076,0.0,0.0
2024-07-22 00:00:00+09:00,12315.3154296875,12315.3154296875,11468.46875,11666.6669921875,75080,0.0,0.0
2024-07-23 00:00:00+09:00,11936.9365234375,13873.8740234375,11774.7744140625,12882.8828125,962632,0.0,0.0
2024-07-24 00:00:00+09:00,13198.1982421875,13198.1982421875,12387.3876953125,12720.720703125,147164,0.0,0.0
2024-07-25 00:00:00+09:00,12576.576171875,12603.603515625,11873.8740234375,11981.982421875,74240,0.0,0.0
2024-07-26 00:00:00+09:00,11981.982421875,12567.5673828125,11756.7568359375,12009.0087890625,84394,0.0,0.0
2024-07-29 00:00:00+09:00,12333.3330078125,12819.8193359375,11711.7119140625,11774.7744140625,73841,0.0,0.0
2024-07-30 00:00:00+09:00,12027.02734375,12306.306640625,11189.189453125,11234.234375,92111,0.0,0.0
2024-07-31 00:00:00+09:00,11135.134765625,11225.2255859375,10162.162109375,10441.44140625,71458,0.0,0.0
2024-08-01 00:00:00+09:00,10441.44140625,10792.79296875,10135.134765625,10693.693359375,29373,0.0,0.0
2024-08-02 00:00:00+09:00,10369.369140625,10603.603515625,9981.982421875,10000.0,40948,0.0,0.0
2024-08-05 00:00:00+09:00,8360.3603515625,9144.14453125,7846.8466796875,8540.541015625,177484,0.0,0.0
2024-08-06 00:00:00+09:00,8018.01806640625,9099.0986328125,8018.01806640625,8945.9462890625,71306,0.0,0.0
2024-08-07 00:00:00+09:00,9261.26171875,9306.306640625,8927.927734375,9009.0087890625,34110,0.0,0.0
2024-08-08 00:00:00+09:00,9009.0087890625,9126.1259765625,8405.4052734375,8405.4052734375,50624,0.0,0.0
2024-08-09 00:00:00+09:00,8405.4052734375,8981.982421875,8405.4052734375,8846.8466796875,40121,0.0,0.0
2024-08-12 00:00:00+09:00,8873.8740234375,9909.91015625,8873.8740234375,9909.91015625,116016,0.0,0.0
2024-08-13 00:00:00+09:00,10072.072265625,12036.0361328125,9909.91015625,10216.2158203125,701010,0.0,0.0
2024-08-14 00:00:00+09:00,10423.423828125,11351.3515625,9585.5859375,11234.234375,305249,0.0,0.0
2024-08-16 00:00:00+09:00,9009.0087890625,10045.044921875,8036.0361328125,8873.8740234375,513261,0.0,0.0
2024-08-19 00:00:00+09:00,8873.8740234375,9108.1083984375,8054.05419921875,8270.2705078125,134972,0.0,0.0
2024-08-20 00:00:00+09:00,8270.2705078125,8369.369140625,7639.6396484375,7765.765625,95485,0.0,0.0
2024-08-21 00:00:00+09:00,7612.61279296875,8171.17138671875,7612.61279296875,8126.1259765625,53061,0.0,0.0
2024-08-22 00:00:00+09:00,8135.13525390625,8135.13525390625,7468.46826171875,7558.55859375,62723,0.0,0.0
2024-08-23 00:00:00+09:00,7630.630859375,7711.7119140625,6882.8828125,7198.1982421875,113326,0.0,0.0
2024-08-26 00:00:00+09:00,7063.06298828125,7189.18896484375,6729.7294921875,6783.78369140625,62810,0.0,0.0
2024-08-27 00:00:00+09:00,6630.630859375,6846.8466796875,6234.234375,6324.32421875,69767,0.0,0.0
2024-08-28 00:00:00+09:00,6324.32421875,6324.32421875,5630.630859375,5639.6396484375,115089,0.0,0.0
2024-08-29 00:00:00+09:00,5765.765625,6756.7568359375,5603.603515625,6342.34228515625,317313,0.0,0.0
2024-08-30 00:00:00+09:00,6198.1982421875,8243.2431640625,6171.17138671875,8243.2431640625,980450,0.0,0.0
2024-09-02 00:00:00+09:00,9045.044921875,10378.3779296875,7936.93701171875,8072.072265625,1178535,0.0,0.0
2024-09-03 00:00:00+09:00,8072.072265625,8603.603515625,7666.66650390625,7666.66650390625,221844,0.0,0.0
2024-09-04 00:00:00+09:00,7423.42333984375,7504.50439453125,6846.8466796875,7378.37841796875,99367,0.0,0.0
2024-09-05 00:00:00+09:00,7189.18896484375,7738.73876953125,6927.927734375,7648.6484375,99155,0.0,0.0
2024-09-06 00:00:00+09:00,7963.9638671875,7963.9638671875,7180.18017578125,7387.38720703125,45034,0.0,0.0
2024-09-09 00:00:00+09:00,7432.4326171875,8504.5048828125,7162.162109375,8009.0087890625,204819,0.0,0.0
2024-09-10 00:00:00+09:00,8243.2431640625,8270.2705078125,7837.837890625,8171.17138671875,51881,0.0,0.0
2024-09-11 00:00:00+09:00,8090.09033203125,8558.55859375,7918.9189453125,8207.20703125,69628,0.0,0.0
2024-09-12 00:00:00+09:00,8459.458984375,8558.55859375,8153.1533203125,8378.3779296875,60159,0.0,0.0
2024-09-13 00:00:00+09:00,10630.630859375,10630.630859375,8648.6484375,8684.6845703125,974831,0.0,0.0
2024-09-19 00:00:00+09:00,8603.603515625,9234.234375,8513.513671875,8558.55859375,107479,0.0,0.0
2024-09-20 00:00:00+09:00,8486.486328125,8765.765625,8108.10791015625,8549.5498046875,51806,0.0,0.0
2024-09-23 00:00:00+09:00,8513.513671875,8801.8017578125,8387.3876953125,8396.396484375,29768,0.0,0.0
2024-09-24 00:00:00+09:00,8405.4052734375,8558.55859375,8198.1982421875,8279.279296875,38111,0.0,0.0
2024-09-25 00:00:00+09:00,8279.279296875,8918.9189453125,8108.10791015625,8342.3427734375,44576,0.0,0.0
2024-09-26 00:00:00+09:00,8468.46875,8657.6572265625,8360.3603515625,8513.513671875,24455,0.0,0.0
2024-09-27 00:00:00+09:00,8513.513671875,8558.55859375,8126.1259765625,8324.32421875,23996,0.0,0.0
2024-09-30 00:00:00+09:00,8324.32421875,8369.369140625,8126.1259765625,8180.18017578125,12848,0.0,0.0
2024-10-02 00:00:00+09:00,8162.162109375,8279.279296875,7891.89208984375,8054.05419921875,18070,0.0,0.0
2024-10-04 00:00:00+09:00,8054.05419921875,8369.369140625,8009.0087890625,8009.0087890625,18925,0.0,0.0
2024-10-07 00:00:00+09:00,8063.06298828125,8522.5224609375,8009.0087890625,8171.17138671875,10372,0.0,0.0
2024-10-08 00:00:00+09:00,8531.53125,8855.85546875,8162.162109375,8378.3779296875,51291,0.0,0.0
2024-10-10 00:00:00+09:00,8378.3779296875,8639.6396484375,7927.927734375,8063.06298828125,19222,0.0,0.0
2024-10-11 00:00:00+09:00,8063.06298828125,8144.14404296875,7927.927734375,7972.97314453125,12267,0.0,0.0
2024-10-14 00:00:00+09:00,7972.97314453125,8117.1171875,7279.279296875,7351.3515625,40396,0.0,0.0
2024-10-15 00:00:00+09:00,7648.6484375,7648.6484375,7297.29736328125,7495.49560546875,20099,0.0,0.0
2024-10-16 00:00:00+09:00,7495.49560546875,7630.630859375,7009.0087890625,7333.33349609375,23469,0.0,0.0
2024-10-17 00:00:00+09:00,7297.29736328125,7576.57666015625,7162.162109375,7306.30615234375,17736,0.0,0.0
2024-10-18 00:00:00+09:00,7324.32421875,9459.458984375,7324.32421875,7549.54931640625,219440,0.0,0.0
2024-10-21 00:00:00+09:00,8198.1982421875,8198.1982421875,7189.18896484375,7306.30615234375,29042,0.0,0.0
2024-10-22 00:00:00+09:00,7225.22509765625,7648.6484375,7027.02685546875,7378.37841796875,22046,0.0,0.0
2024-10-23 00:00:00+09:00,7477.4775390625,7504.50439453125,7117.1171875,7189.18896484375,17739,0.0,0.0
2024-10-24 00:00:00+09:00,7144.14404296875,8054.05419921875,7090.09033203125,7495.49560546875,27191,0.0,0.0
2024-10-25 00:00:00+09:00,7432.4326171875,7594.5947265625,7369.369140625,7369.369140625,8770,0.0,0.0
2024-10-28 00:00:00+09:00,7288.2880859375,7927.927734375,7234.234375,7693.69384765625,22486,0.0,0.0
2024-10-29 00:00:00+09:00,7576.57666015625,8090.09033203125,7513.513671875,8027.02685546875,24182,0.0,0.0
2024-10-30 00:00:00+09:00,8027.02685546875,8729.7294921875,8027.02685546875,8639.6396484375,88435,0.0,0.0
2024-10-31 00:00:00+09:00,8684.6845703125,8828.8291015625,8108.10791015625,8441.44140625,60580,0.0,0.0
2024-11-01 00:00:00+09:00,8882.8828125,8891.8916015625,7891.89208984375,7891.89208984375,113426,0.0,0.0
2024-11-04 00:00:00+09:00,7756.7568359375,8270.2705078125,7522.5224609375,7891.89208984375,11985,0.0,0.0
2024-11-05 00:00:00+09:00,8099.09912109375,8108.10791015625,7594.5947265625,7603.603515625,14703,0.0,0.0
2024-11-06 00:00:00+09:00,7603.603515625,8009.0087890625,7576.57666015625,7846.8466796875,25475,0.0,0.0
2024-11-07 00:00:00+09:00,7846.8466796875,8108.10791015625,7441.44140625,7486.486328125,23945,0.0,0.0
2024-11-08 00:00:00+09:00,7405.4052734375,7972.97314453125,7234.234375,7513.513671875,28310,0.0,0.0
2024-11-11 00:00:00+09:00,7450.45068359375,9144.14453125,7036.0361328125,7549.54931640625,144457,0.0,0.0
2024-11-12 00:00:00+09:00,7657.65771484375,7657.65771484375,6126.1259765625,6918.9189453125,67718,0.0,0.0
2024-11-13 00:00:00+09:00,6945.94580078125,7243.2431640625,6693.69384765625,6729.7294921875,14176,0.0,0.0
2024-11-14 00:00:00+09:00,6729.7294921875,7153.1533203125,6441.44140625,6612.61279296875,14962,0.0,0.0
2024-11-15 00:00:00+09:00,6612.61279296875,6981.98193359375,6423.42333984375,6828.82861328125,32576,0.0,0.0
2024-11-18 00:00:00+09:00,6342.34228515625,6756.7568359375,6342.34228515625,6495.49560546875,22667,0.0,0.0
2024-11-19 00:00:00+09:00,6918.9189453125,6918.9189453125,6423.42333984375,6486.486328125,15315,0.0,0.0
2024-11-20 00:00:00+09:00,6414.41455078125,6414.41455078125,6171.17138671875,6198.1982421875,29240,0.0,0.0
2024-11-21 00:00:00+09:00,6000.0,6270.2705078125,5963.9638671875,6171.17138671875,21846,0.0,0.0
2024-11-22 00:00:00+09:00,6432.4326171875,6531.53173828125,6171.17138671875,6216.21630859375,12968,0.0,0.0
2024-11-25 00:00:00+09:00,6117.1171875,6486.486328125,6117.1171875,6288.2880859375,21932,0.0,0.0
2024-11-26 00:00:00+09:00,7504.50439453125,8171.17138671875,6774.77490234375,6846.8466796875,996428,0.0,0.0
2024-11-27 00:00:00+09:00,6837.837890625,7072.072265625,6513.513671875,6837.837890625,67354,0.0,0.0
2024-11-28 00:00:00+09:00,6774.77490234375,6927.927734375,6522.5224609375,6594.5947265625,49806,0.0,0.0
2024-11-29 00:00:00+09:00,6594.5947265625,6594.5947265625,6171.17138671875,6288.2880859375,50816,0.0,0.0
2024-12-02 00:00:00+09:00,6486.486328125,6486.486328125,6009.0087890625,6009.0087890625,29906,0.0,0.0
2024-12-03 00:00:00+09:00,5918.9189453125,6099.09912109375,5918.9189453125,5990.9912109375,22366,0.0,0.0
2024-12-04 00:00:00+09:00,5945.94580078125,5981.98193359375,5558.55859375,5630.630859375,71267,0.0,0.0
2024-12-05 00:00:00+09:00,5630.630859375,5810.81103515625,5423.42333984375,5423.42333984375,34395,0.0,0.0
2024-12-06 00:00:00+09:00,5603.603515625,5603.603515625,4918.9189453125,5108.10791015625,55455,0.0,0.0
2024-12-09 00:00:00+09:00,4891.89208984375,4954.955078125,4693.69384765625,4774.77490234375,27064,0.0,0.0
2024-12-10 00:00:00+09:00,4747.74755859375,5216.21630859375,4747.74755859375,4828.82861328125,34654,0.0,0.0
2024-12-11 00:00:00+09:00,4828.82861328125,5333.33349609375,4792.79296875,5261.26123046875,42317,0.0,0.0
2024-12-12 00:00:00+09:00,5270.2705078125,5414.41455078125,5063.06298828125,5189.18896484375,20268,0.0,0.0
2024-12-13 00:00:00+09:00,5081.0810546875,6027.02685546875,5081.0810546875,5702.70263671875,72482,0.0,0.0
2024-12-16 00:00:00+09:00,5891.89208984375,5927.927734375,5504.50439453125,5513.513671875,27365,0.0,0.0
2024-12-17 00:00:00+09:00,5522.5224609375,5675.67578125,5396.396484375,5522.5224609375,15780,0.0,0.0
2024-12-18 00:00:00+09:00,5531.53173828125,5630.630859375,5405.4052734375,5594.5947265625,13235,0.0,0.0
2024-12-19 00:00:00+09:00,5585.58544921875,5603.603515625,5387.38720703125,5558.55859375,10381,0.0,0.0
2024-12-20 00:00:00+09:00,5558.55859375,5558.55859375,5306.30615234375,5333.33349609375,21308,0.0,0.0
2024-12-23 00:00:00+09:00,5333.33349609375,5432.4326171875,5234.234375,5234.234375,13031,0.0,0.0
2024-12-24 00:00:00+09:00,5243.2431640625,5387.38720703125,5171.17138671875,5360.3603515625,31640,0.0,0.0
2024-12-26 00:00:00+09:00,5306.30615234375,5594.5947265625,5189.18896484375,5306.30615234375,31011,0.0,0.0
2024-12-27 00:00:00+09:00,5144.14404296875,5243.2431640625,4792.79296875,5009.0087890625,31683,0.0,0.0
2024-12-30 00:00:00+09:00,4945.94580078125,5576.57666015625,4927.927734375,5342.34228515625,41741,0.0,0.0
2025-01-02 00:00:00+09:00,5405.4052734375,5405.4052734375,5072.072265625,5207.20703125,25655,0.0,0.0
2025-01-03 00:00:00+09:00,5207.20703125,5765.765625,5207.20703125,5432.4326171875,29089,0.0,0.0
2025-01-06 00:00:00+09:00,5432.4326171875,5666.66650390625,5315.3154296875,5315.3154296875,58627,0.0,0.0
2025-01-07 00:00:00+09:00,5396.396484375,5504.50439453125,4864.86474609375,5027.02685546875,73726,0.0,0.0
2025-01-08 00:00:00+09:00,5072.072265625,5774.77490234375,5072.072265625,5432.4326171875,156910,0.0,0.0
2025-01-09 00:00:00+09:00,5441.44140625,5477.4775390625,5279.279296875,5450.45068359375,26853,0.0,0.0
2025-01-10 00:00:00+09:00,5495.49560546875,5504.50439453125,5279.279296875,5279.279296875,27685,0.0,0.0
2025-01-13 00:00:00+09:00,5342.34228515625,5576.57666015625,5297.29736328125,5567.5673828125,58100,0.0,0.0
2025-01-14 00:00:00+09:00,5567.5673828125,6117.1171875,5522.5224609375,6045.044921875,67794,0.0,0.0
2025-01-15 00:00:00+09:00,6261.26123046875,6261.26123046875,5819.81982421875,5945.94580078125,28461,0.0,0.0
2025-01-16 00:00:00+09:00,5891.89208984375,6180.18017578125,5891.89208984375,6162.162109375,37202,0.0,0.0
2025-01-17 00:00:00+09:00,6153.1533203125,6639.6396484375,5990.9912109375,6621.62158203125,58735,0.0,0.0
2025-01-20 00:00:00+09:00,6585.58544921875,6729.7294921875,6306.30615234375,6450.45068359375,29890,0.0,0.0
2025-01-21 00:00:00+09:00,6378.37841796875,6756.7568359375,6378.37841796875,6711.7119140625,32016,0.0,0.0
2025-01-22 00:00:00+09:00,7009.0087890625,7009.0087890625,6558.55859375,6855.85595703125,21480,0.0,0.0
2025-01-23 00:00:00+09:00,6828.82861328125,7378.37841796875,5954.955078125,6126.1259765625,69256,0.0,0.0
2025-01-24 00:00:00+09:00,6099.09912109375,6225.22509765625,5540.54052734375,5702.70263671875,71324,0.0,0.0
2025-01-31 00:00:00+09:00,6567.5673828125,7288.2880859375,5945.94580078125,6846.8466796875,326663,0.0,0.0
2025-02-03 00:00:00+09:00,7747.74755859375,8828.8291015625,6081.0810546875,6090.09033203125,656519,0.0,0.0
2025-02-04 00:00:00+09:00,6099.09912109375,6558.55859375,5756.7568359375,6450.45068359375,104784,0.0,0.0
2025-02-05 00:00:00+09:00,6450.45068359375,6549.54931640625,6144.14404296875,6216.21630859375,77773,0.0,0.0
2025-02-06 00:00:00+09:00,6306.30615234375,6648.6484375,6261.26123046875,6288.2880859375,34311,0.0,0.0
2025-02-07 00:00:00+09:00,6126.1259765625,6396.396484375,5936.93701171875,6171.17138671875,33594,0.0,0.0
2025-02-10 00:00:00+09:00,6468.46826171875,6477.4775390625,6135.13525390625,6306.30615234375,13547,0.0,0.0
2025-02-11 00:00:00+09:00,6306.30615234375,6486.486328125,6234.234375,6234.234375,13276,0.0,0.0
2025-02-12 00:00:00+09:00,6234.234375,6414.41455078125,6036.0361328125,6135.13525390625,16935,0.0,0.0
2025-02-13 00:00:00+09:00,6135.13525390625,6360.3603515625,6027.02685546875,6054.05419921875,16563,0.0,0.0
2025-02-14 00:00:00+09:00,6225.22509765625,6225.22509765625,5963.9638671875,6000.0,19169,0.0,0.0
2025-02-17 00:00:00+09:00,6099.09912109375,6099.09912109375,5774.77490234375,6009.0087890625,23355,0.0,0.0
2025-02-18 00:00:00+09:00,6009.0087890625,6135.13525390625,5891.89208984375,6108.10791015625,10936,0.0,0.0
2025-02-19 00:00:00+09:00,6108.10791015625,6207.20703125,5927.927734375,6018.01806640625,18301,0.0,0.0
2025-02-20 00:00:00+09:00,6018.01806640625,6054.05419921875,5765.765625,6000.0,10666,0.0,0.0
2025-02-21 00:00:00+09:00,6000.0,6081.0810546875,5855.85595703125,6000.0,18068,0.0,0.0
2025-02-24 00:00:00+09:00,6000.0,6117.1171875,5855.85595703125,5927.927734375,9557,0.0,0.0
2025-02-25 00:00:00+09:00,6009.0087890625,6018.01806640625,5864.86474609375,5945.94580078125,10971,0.0,0.0
2025-02-26 00:00:00+09:00,5945.94580078125,6036.0361328125,5855.85595703125,5954.955078125,14724,0.0,0.0
2025-02-27 00:00:00+09:00,5972.97314453125,6108.10791015625,5864.86474609375,5900.90087890625,9016,0.0,0.0
2025-02-28 00:00:00+09:00,5900.90087890625,5990.9912109375,5792.79296875,5819.81982421875,16378,0.0,0.0
2025-03-04 00:00:00+09:00,5810.81103515625,5918.9189453125,5729.7294921875,5765.765625,6508,0.0,0.0
2025-03-05 00:00:00+09:00,5765.765625,5945.94580078125,5405.4052734375,5522.5224609375,17285,0.0,0.0
2025-03-06 00:00:00+09:00,5666.66650390625,5666.66650390625,5297.29736328125,5369.369140625,17975,0.0,0.0
2025-03-07 00:00:00+09:00,5450.45068359375,5459.45947265625,5270.2705078125,5270.2705078125,15081,0.0,0.0
2025-03-10 00:00:00+09:00,5270.2705078125,5477.4775390625,5180.18017578125,5243.2431640625,11695,0.0,0.0
2025-03-11 00:00:00+09:00,4981.98193359375,5513.513671875,4981.98193359375,5171.17138671875,24550,0.0,0.0
2025-03-12 00:00:00+09:00,5432.4326171875,6216.21630859375,5090.09033203125,5468.46826171875,136664,0.0,0.0
2025-03-13 00:00:00+09:00,5468.46826171875,6486.486328125,5468.46826171875,6216.21630859375,145871,0.0,0.0
2025-03-14 00:00:00+09:00,6162.162109375,6252.25244140625,5855.85595703125,6000.0,39041,0.0,0.0
2025-03-17 00:00:00+09:00,6036.0361328125,6036.0361328125,5648.6484375,5819.81982421875,21683,0.0,0.0
2025-03-18 00:00:00+09:00,5819.81982421875,6027.02685546875,5576.57666015625,5648.6484375,17753,0.0,0.0
2025-03-19 00:00:00+09:00,5648.6484375,5648.6484375,5342.34228515625,5396.396484375,18117,0.0,0.0
2025-03-20 00:00:00+09:00,5360.3603515625,5486.486328125,5252.25244140625,5405.4052734375,17257,0.0,0.0
2025-03-21 00:00:00+09:00,5036.0361328125,5630.630859375,4864.86474609375,5360.3603515625,87715,0.0,0.0
2025-03-24 00:00:00+09:00,5315.3154296875,5396.396484375,4648.6484375,4648.6484375,101184,0.0,0.0
2025-03-25 00:00:00+09:00,4945.94580078125,5288.2880859375,4738.73876953125,5045.044921875,70160,0.0,0.0
2025-03-26 00:00:00+09:00,5045.044921875,6216.21630859375,5045.044921875,5297.29736328125,145206,0.0,0.0
2025-03-27 00:00:00+09:00,5297.29736328125,5486.486328125,5297.29736328125,5297.29736328125,25936,0.0,0.0
2025-03-28 00:00:00+09:00,5243.2431640625,5675.67578125,5144.14404296875,5531.53173828125,35023,0.0,0.0
2025-03-31 00:00:00+09:00,5540.54052734375,5963.9638671875,5243.2431640625,5945.94580078125,61989,0.0,0.0
2025-04-01 00:00:00+09:00,5945.94580078125,6216.21630859375,5945.94580078125,5954.955078125,33975,0.0,0.0
2025-04-02 00:00:00+09:00,5954.955078125,6432.4326171875,5756.7568359375,6333.33349609375,70149,0.0,0.0
2025-04-03 00:00:00+09:00,6315.3154296875,6540.54052734375,6135.13525390625,6441.44140625,43492,0.0,0.0
2025-04-04 00:00:00+09:00,6567.5673828125,6756.7568359375,6315.3154296875,6648.6484375,44421,0.0,0.0
2025-04-07 00:00:00+09:00,6297.29736328125,6810.81103515625,6180.18017578125,6621.62158203125,36804,0.0,0.0
2025-04-08 00:00:00+09:00,6711.7119140625,6837.837890625,5531.53173828125,5666.66650390625,42020,0.0,0.0
2025-04-09 00:00:00+09:00,5810.81103515625,5936.93701171875,5009.0087890625,5351.3515625,26349,0.0,0.0
2025-04-10 00:00:00+09:00,5612.61279296875,6909.90966796875,5216.21630859375,5270.2705078125,94845,0.0,0.0
2025-04-11 00:00:00+09:00,5270.2705078125,5306.30615234375,5045.044921875,5198.1982421875,44447,0.0,0.0
2025-04-14 00:00:00+09:00,5225.22509765625,5756.7568359375,5225.22509765625,5540.54052734375,40018,0.0,0.0
2025-04-15 00:00:00+09:00,5630.630859375,5756.7568359375,5324.32421875,5459.45947265625,17653,0.0,0.0
2025-04-16 00:00:00+09:00,5459.45947265625,5684.6845703125,5261.26123046875,5378.37841796875,30834,0.0,0.0
2025-04-17 00:00:00+09:00,5378.37841796875,5567.5673828125,5243.2431640625,5495.49560546875,19174,0.0,0.0
2025-04-18 00:00:00+09:00,5477.4775390625,5675.67578125,5369.369140625,5495.49560546875,26111,0.0,0.0
2025-04-21 00:00:00+09:00,5639.6396484375,5828.82861328125,5378.37841796875,5720.720703125,23243,0.0,0.0
2025-04-22 00:00:00+09:00,5765.765625,5864.86474609375,5513.513671875,5558.55859375,17225,0.0,0.0
2025-04-23 00:00:00+09:00,5774.77490234375,5774.77490234375,5513.513671875,5603.603515625,18687,0.0,0.0
2025-04-24 00:00:00+09:00,5945.94580078125,7279.279296875,5945.94580078125,7279.279296875,389371,0.0,0.0
2025-04-25 00:00:00+09:00,8891.8916015625,9459.458984375,8018.01806640625,9459.458984375,1968386,0.0,0.0
2025-04-28 00:00:00+09:00,9009.0087890625,11396.396484375,8189.18896484375,9360.3603515625,2299483,0.0,0.0
2025-04-29 00:00:00+09:00,9774.7744140625,12162.162109375,9549.5498046875,12162.162109375,2634659,0.0,0.0
2025-04-30 00:00:00+09:00,13234.234375,13279.279296875,10990.9912109375,11351.3515625,1702532,0.0,0.0
2025-05-02 00:00:00+09:00,11261.26171875,14594.5947265625,10405.4052734375,13972.97265625,2216458,0.0,0.0
2025-05-07 00:00:00+09:00,13423.423828125,16342.3427734375,12666.6669921875,14234.234375,1471857,0.0,0.0
2025-05-08 00:00:00+09:00,14603.603515625,17954.955078125,14603.603515625,17216.216796875,1815992,0.0,0.0
2025-05-09 00:00:00+09:00,17702.703125,18873.873046875,14414.4140625,15315.3154296875,881617,0.0,0.0
2025-05-12 00:00:00+09:00,15765.765625,16216.2158203125,14234.234375,14729.7294921875,350396,0.0,0.0
2025-05-13 00:00:00+09:00,14783.7841796875,15000.0,13072.072265625,13576.576171875,388183,0.0,0.0
2025-05-14 00:00:00+09:00,13576.576171875,15495.4951171875,12621.6220703125,13000.0,494154,0.0,0.0
2025-05-15 00:00:00+09:00,13000.0,13963.9638671875,12621.6220703125,13405.4052734375,198891,0.0,0.0
2025-05-16 00:00:00+09:00,14666.6669921875,15675.67578125,13459.458984375,14504.5048828125,687453,0.0,0.0
2025-05-19 00:00:00+09:00,14504.5048828125,14594.5947265625,12882.8828125,13243.2431640625,175652,0.0,0.0
2025-05-20 00:00:00+09:00,13243.2431640625,13621.6220703125,12162.162109375,12819.8193359375,153490,0.0,0.0
2025-05-21 00:00:00+09:00,12819.8193359375,12819.8193359375,11846.8466796875,11945.9462890625,181684,0.0,0.0
2025-05-22 00:00:00+09:00,11819.8193359375,13963.9638671875,11738.73828125,12432.4326171875,639625,0.0,0.0
2025-05-23 00:00:00+09:00,12234.234375,12333.3330078125,11369.369140625,11792.79296875,253961,0.0,0.0
2025-05-26 00:00:00+09:00,11819.8193359375,12792.79296875,11702.703125,12387.3876953125,221119,0.0,0.0
2025-05-27 00:00:00+09:00,12171.1708984375,12189.189453125,11288.2880859375,11423.423828125,148434,0.0,0.0
2025-05-28 00:00:00+09:00,11531.53125,11540.541015625,10585.5859375,10630.630859375,111103,0.0,0.0
2025-05-29 00:00:00+09:00,10540.541015625,10918.9189453125,10477.4775390625,10621.6220703125,79363,0.0,0.0
2025-05-30 00:00:00+09:00,10765.765625,10963.9638671875,10009.0087890625,10864.865234375,69462,0.0,0.0
2025-06-02 00:00:00+09:00,11414.4140625,11414.4140625,10612.6123046875,10738.73828125,106394,0.0,0.0
2025-06-04 00:00:00+09:00,10747.748046875,10747.748046875,9729.7294921875,10009.0087890625,83910,0.0,0.0
2025-06-05 00:00:00+09:00,10099.0986328125,10315.3154296875,9774.7744140625,9936.9365234375,62665,0.0,0.0
2025-06-09 00:00:00+09:00,9936.9365234375,10207.20703125,9702.703125,10090.08984375,67115,0.0,0.0
2025-06-10 00:00:00+09:00,10099.0986328125,10612.6123046875,9981.982421875,10171.1708984375,62214,0.0,0.0
2025-06-11 00:00:00+09:00,10180.1806640625,10279.279296875,9522.5224609375,10207.20703125,90613,0.0,0.0
2025-06-12 00:00:00+09:00,10315.3154296875,10315.3154296875,9684.6845703125,9729.7294921875,62449,0.0,0.0
2025-06-13 00:00:00+09:00,10270.2705078125,10270.2705078125,9144.14453125,9306.306640625,116307,0.0,0.0
2025-06-16 00:00:00+09:00,9450.4501953125,10117.1171875,9243.2431640625,9819.8193359375,110704,0.0,0.0
2025-06-17 00:00:00+09:00,9828.8291015625,10315.3154296875,9621.6220703125,9918.9189453125,151361,0.0,0.0
2025-06-18 00:00:00+09:00,9918.9189453125,10045.044921875,9369.369140625,9441.44140625,50543,0.0,0.0
2025-06-19 00:00:00+09:00,9621.6220703125,10000.0,9189.189453125,9261.26171875,112587,0.0,0.0
2025-06-20 00:00:00+09:00,9261.26171875,9639.6396484375,8612.6123046875,8783.7841796875,112995,0.0,0.0
2025-06-23 00:00:00+09:00,8783.7841796875,8783.7841796875,8216.2158203125,8477.4775390625,61050,0.0,0.0
2025-06-24 00:00:00+09:00,8333.3330078125,8612.6123046875,8243.2431640625,8612.6123046875,59814,0.0,0.0
2025-06-25 00:00:00+09:00,8675.67578125,8963.9638671875,8378.3779296875,8738.73828125,44611,0.0,0.0
2025-06-26 00:00:00+09:00,8738.73828125,8738.73828125,8198.1982421875,8324.32421875,36016,0.0,0.0
2025-06-27 00:00:00+09:00,8378.3779296875,8441.44140625,7981.98193359375,8396.396484375,81138,0.0,0.0
2025-06-30 00:00:00+09:00,8396.396484375,8738.73828125,7837.837890625,8000.0,55091,0.0,0.0
2025-07-01 00:00:00+09:00,8000.0,8081.0810546875,7837.837890625,8018.01806640625,31193,0.0,0.0
2025-07-02 00:00:00+09:00,8081.0810546875,8090.09033203125,7855.85595703125,8045.044921875,18761,0.0,0.0
2025-07-03 00:00:00+09:00,8045.044921875,9108.1083984375,8036.0361328125,8738.73828125,114591,0.0,0.0
2025-07-04 00:00:00+09:00,8783.7841796875,8783.7841796875,8414.4140625,8603.603515625,38178,0.0,0.0
2025-07-07 00:00:00+09:00,8981.982421875,8981.982421875,8486.486328125,8522.5224609375,26953,0.0,0.0
2025-07-08 00:00:00+09:00,8558.55859375,8729.7294921875,8342.3427734375,8414.4140625,20792,0.0,0.0
2025-07-09 00:00:00+09:00,8414.4140625,9486.486328125,8270.2705078125,9279.279296875,118289,0.0,0.0
2025-07-10 00:00:00+09:00,9054.0537109375,9369.369140625,8918.9189453125,8936.9365234375,51062,0.0,0.0
2025-07-11 00:00:00+09:00,8918.9189453125,9279.279296875,8792.79296875,8855.85546875,15845,0.0,0.0
2025-07-14 00:00:00+09:00,8846.8466796875,9000.0,8585.5859375,8738.73828125,17324,0.0,0.0
2025-07-15 00:00:00+09:00,9009.0087890625,9594.5947265625,8630.630859375,9072.072265625,83971,0.0,0.0
2025-07-16 00:00:00+09:00,9072.072265625,9279.279296875,8657.6572265625,9171.1708984375,35072,0.0,0.0
2025-07-17 00:00:00+09:00,9171.1708984375,9756.7568359375,9009.0087890625,9423.423828125,108553,0.0,0.0
2025-07-18 00:00:00+09:00,9423.423828125,9594.5947265625,8855.85546875,9432.4326171875,27139,0.0,0.0
2025-07-21 00:00:00+09:00,9684.6845703125,9684.6845703125,9135.134765625,9162.162109375,20017,0.0,0.0
2025-07-22 00:00:00+09:00,9162.162109375,9297.296875,8900.9013671875,8981.982421875,20552,0.0,0.0
2025-07-23 00:00:00+09:00,9279.279296875,9279.279296875,8864.865234375,8936.9365234375,14134,0.0,0.0
2025-07-24 00:00:00+09:00,8936.9365234375,9369.369140625,8900.9013671875,8936.9365234375,19961,0.0,0.0
2025-07-25 00:00:00+09:00,8936.9365234375,9243.2431640625,8864.865234375,9027.02734375,18758,0.0,0.0
2025-07-28 00:00:00+09:00,9252.251953125,9252.251953125,8567.5673828125,8621.6220703125,41492,0.0,0.0
2025-07-29 00:00:00+09:00,8972.97265625,8972.97265625,8558.55859375,8657.6572265625,32932,0.0,0.0
2025-07-30 00:00:00+09:00,8558.55859375,8945.9462890625,8522.5224609375,8693.693359375,21250,0.0,0.0
2025-07-31 00:00:00+09:00,8738.73828125,8846.8466796875,8621.6220703125,8702.703125,14343,0.0,0.0
2025-08-01 00:00:00+09:00,8603.603515625,8693.693359375,8216.2158203125,8288.2880859375,43637,0.0,0.0
2025-08-04 00:00:00+09:00,8288.2880859375,8648.6484375,8207.20703125,8495.4951171875,10965,0.0,0.0
2025-08-05 00:00:00+09:00,8513.513671875,8684.6845703125,8405.4052734375,8486.486328125,7479,0.0,0.0
2025-08-06 00:00:00+09:00,8378.3779296875,8540.541015625,8261.26171875,8351.3515625,21816,0.0,0.0
2025-08-07 00:00:00+09:00,8351.3515625,8459.458984375,7837.837890625,7837.837890625,18853,0.0,0.0
2025-08-08 00:00:00+09:00,7882.8828125,8936.9365234375,7882.8828125,8387.3876953125,118499,0.0,0.0
2025-08-11 00:00:00+09:00,8387.3876953125,8540.541015625,8108.10791015625,8198.1982421875,24001,0.0,0.0
2025-08-12 00:00:00+09:00,8270.2705078125,8738.73828125,8126.1259765625,8621.6220703125,44301,0.0,0.0
2025-08-13 00:00:00+09:00,8675.67578125,8882.8828125,8315.3154296875,8720.720703125,19741,0.0,0.0
2025-08-14 00:00:00+09:00,8855.85546875,8900.9013671875,8495.4951171875,8828.8291015625,25794,0.0,0.0
2025-08-18 00:00:00+09:00,8828.8291015625,8990.9912109375,8567.5673828125,8720.720703125,16002,0.0,0.0
2025-08-19 00:00:00+09:00,8720.720703125,8846.8466796875,8270.2705078125,8657.6572265625,13237,0.0,0.0
2025-08-20 00:00:00+09:00,8405.4052734375,8657.6572265625,8108.10791015625,8468.46875,15765,0.0,0.0
2025-08-21 00:00:00+09:00,8468.46875,8648.6484375,8369.369140625,8522.5224609375,16272,0.0,0.0
2025-08-22 00:00:00+09:00,8549.5498046875,8648.6484375,8396.396484375,8522.5224609375,8092,0.0,0.0
2025-08-25 00:00:00+09:00,8522.5224609375,8936.9365234375,8522.5224609375,8576.576171875,24788,0.0,0.0
2025-08-26 00:00:00+09:00,8576.576171875,8819.8193359375,8423.423828125,8585.5859375,10135,0.0,0.0
2025-08-27 00:00:00+09:00,8612.6123046875,11153.1533203125,8495.4951171875,11153.1533203125,1819113,0.0,0.0
2025-08-28 00:00:00+09:00,11144.14453125,11261.26171875,9747.748046875,9909.91015625,710433,0.0,0.0
2025-08-29 00:00:00+09:00,9549.5498046875,10000.0,9414.4140625,9666.6669921875,156908,0.0,0.0
2025-09-01 00:00:00+09:00,9666.6669921875,9783.7841796875,8990.9912109375,9279.279296875,86377,0.0,0.0
2025-09-02 00:00:00+09:00,9234.234375,9774.7744140625,9009.0087890625,9414.4140625,106169,0.0,0.0
2025-09-03 00:00:00+09:00,9360.3603515625,9495.4951171875,9054.0537109375,9162.162109375,52811,0.0,0.0
2025-09-04 00:00:00+09:00,9162.162109375,9342.3427734375,9018.017578125,9189.189453125,28696,0.0,0.0
2025-09-05 00:00:00+09:00,9108.1083984375,9189.189453125,8963.9638671875,9171.1708984375,31208,0.0,0.0
2025-09-08 00:00:00+09:00,9171.1708984375,9639.6396484375,9036.0361328125,9387.3876953125,63462,0.0,0.0
2025-09-09 00:00:00+09:00,9360.3603515625,9360.3603515625,9099.0986328125,9252.251953125,23303,0.0,0.0
2025-09-10 00:00:00+09:00,9252.251953125,9783.7841796875,9252.251953125,9351.3515625,88831,0.0,0.0
2025-09-11 00:00:00+09:00,9423.423828125,9477.4775390625,9045.044921875,9063.0634765625,37893,0.0,0.0
2025-09-12 00:00:00+09:00,9081.0810546875,9369.369140625,9009.0087890625,9054.0537109375,23960,0.0,0.0
2025-09-15 00:00:00+09:00,9072.072265625,9279.279296875,8981.982421875,9279.279296875,33311,0.0,0.0
2025-09-16 00:00:00+09:00,9387.3876953125,9819.8193359375,9063.0634765625,9558.55859375,84892,0.0,0.0
2025-09-17 00:00:00+09:00,9558.55859375,9675.67578125,9207.20703125,9351.3515625,29129,0.0,0.0
2025-09-18 00:00:00+09:00,9459.458984375,9729.7294921875,9270.2705078125,9297.296875,29845,0.0,0.0
2025-09-22 00:00:00+09:00,9288.2880859375,9495.4951171875,9045.044921875,9054.0537109375,42775,0.0,0.0
2025-09-23 00:00:00+09:00,9054.0537109375,9144.14453125,8963.9638671875,9027.02734375,30642,0.0,0.0
2025-09-24 00:00:00+09:00,9027.02734375,9279.279296875,8765.765625,8909.91015625,29524,0.0,0.0
2025-09-25 00:00:00+09:00,9099.0986328125,9099.0986328125,8729.7294921875,8819.8193359375,22274,0.0,0.0
2025-09-26 00:00:00+09:00,8819.8193359375,8819.8193359375,8432.4326171875,8522.5224609375,25966,0.0,0.0
2025-09-29 00:00:00+09:00,8522.5224609375,8729.7294921875,8441.44140625,8531.53125,10766,0.0,0.0
2025-09-30 00:00:00+09:00,8531.53125,8810.810546875,8378.3779296875,8576.576171875,10039,0.0,0.0
2025-10-01 00:00:00+09:00,8702.703125,8828.8291015625,8306.306640625,8585.5859375,23126,0.0,0.0
2025-10-02 00:00:00+09:00,8585.5859375,8801.8017578125,8378.3779296875,8693.693359375,14880,0.0,0.0
2025-10-10 00:00:00+09:00,8711.7119140625,9774.7744140625,8108.10791015625,8558.55859375,64094,0.0,0.0
2025-10-13 00:00:00+09:00,8540.541015625,8594.5947265625,8342.3427734375,8531.53125,14018,0.0,0.0
2025-10-14 00:00:00+09:00,8441.44140625,8639.6396484375,8207.20703125,8513.513671875,16347,0.0,0.0
2025-10-15 00:00:00+09:00,8603.603515625,8693.693359375,8450.4501953125,8558.55859375,16541,0.0,0.0
2025-10-16 00:00:00+09:00,8828.8291015625,8828.8291015625,8441.44140625,8612.6123046875,22491,0.0,0.0
2025-10-17 00:00:00+09:00,8612.6123046875,8720.720703125,8351.3515625,8405.4052734375,39455,0.0,0.0
2025-10-20 00:00:00+09:00,8405.4052734375,8756.7568359375,7963.9638671875,8738.73828125,34758,0.0,0.0
2025-10-21 00:00:00+09:00,8729.7294921875,8846.8466796875,8378.3779296875,8423.423828125,19521,0.0,0.0
2025-10-22 00:00:00+09:00,8648.6484375,8648.6484375,8306.306640625,8414.4140625,9348,0.0,0.0
2025-10-23 00:00:00+09:00,8351.3515625,8729.7294921875,8297.296875,8297.296875,13258,0.0,0.0
2025-10-24 00:00:00+09:00,8297.296875,8522.5224609375,8225.2255859375,8360.3603515625,21696,0.0,0.0
2025-10-27 00:00:00+09:00,8360.3603515625,8792.79296875,8270.2705078125,8513.513671875,20614,0.0,0.0
2025-10-28 00:00:00+09:00,8576.576171875,8738.73828125,8387.3876953125,8423.423828125,15200,0.0,0.0
2025-10-29 00:00:00+09:00,8423.423828125,8621.6220703125,8171.17138671875,8198.1982421875,27016,0.0,0.0
2025-10-30 00:00:00+09:00,7936.93701171875,8279.279296875,7936.93701171875,8117.1171875,24953,0.0,0.0
2025-10-31 00:00:00+09:00,8117.1171875,8288.2880859375,7927.927734375,8018.01806640625,25867,0.0,0.0
2025-11-03 00:00:00+09:00,7927.927734375,8108.10791015625,7738.73876953125,7792.79296875,22205,0.0,0.0
2025-11-04 00:00:00+09:00,7792.79296875,8387.3876953125,7657.65771484375,8198.1982421875,32685,0.0,0.0
2025-11-05 00:00:00+09:00,8198.1982421875,8378.3779296875,7738.73876953125,7846.8466796875,20008,0.0,0.0
2025-11-06 00:00:00+09:00,7846.8466796875,8279.279296875,7729.7294921875,8063.06298828125,13921,0.0,0.0
2025-11-07 00:00:00+09:00,7972.97314453125,8063.06298828125,7666.66650390625,7738.73876953125,48347,0.0,0.0
2025-11-10 00:00:00+09:00,7792.79296875,8180.18017578125,7738.73876953125,8018.01806640625,22200,0.0,0.0
2025-11-11 00:00:00+09:00,8018.01806640625,8099.09912109375,7837.837890625,8063.06298828125,18720,0.0,0.0
2025-11-12 00:00:00+09:00,7936.93701171875,8648.6484375,7936.93701171875,8342.3427734375,49983,0.0,0.0
2025-11-13 00:00:00+09:00,8342.3427734375,8828.8291015625,8243.2431640625,8396.396484375,34430,0.0,0.0
2025-11-14 00:00:00+09:00,8387.3876953125,8954.955078125,8288.2880859375,8477.4775390625,33230,0.0,0.0
2025-11-17 00:00:00+09:00,8558.55859375,8828.8291015625,8378.3779296875,8594.5947265625,19817,0.0,0.0
2025-11-18 00:00:00+09:00,8603.603515625,8855.85546875,8477.4775390625,8666.6669921875,22812,0.0,0.0
2025-11-19 00:00:00+09:00,8666.6669921875,8729.7294921875,7837.837890625,8180.18017578125,35649,0.0,0.0
2025-11-20 00:00:00+09:00,8171.17138671875,8450.4501953125,8135.13525390625,8234.234375,8800,0.0,0.0
2025-11-21 00:00:00+09:00,8153.1533203125,8648.6484375,7936.93701171875,8126.1259765625,27580,0.0,0.0
2025-11-24 00:00:00+09:00,8126.1259765625,8729.7294921875,8126.1259765625,8558.55859375,37788,0.0,0.0
2025-11-25 00:00:00+09:00,8531.53125,8630.630859375,8279.279296875,8279.279296875,14838,0.0,0.0
2025-11-26 00:00:00+09:00,8288.2880859375,8720.720703125,8288.2880859375,8531.53125,14872,0.0,0.0
2025-11-27 00:00:00+09:00,8531.53125,8810.810546875,8450.4501953125,8612.6123046875,39950,0.0,0.0
2025-11-28 00:00:00+09:00,8612.6123046875,9342.3427734375,8513.513671875,9216.2158203125,82647,0.0,0.0
2025-12-01 00:00:00+09:00,9225.2255859375,9774.7744140625,9216.2158203125,9630.630859375,39644,0.0,0.0
2025-12-02 00:00:00+09:00,9630.630859375,9864.865234375,9369.369140625,9702.703125,22520,0.0,0.0
2025-12-03 00:00:00+09:00,9702.703125,10360.3603515625,9414.4140625,9720.720703125,80828,0.0,0.0
2025-12-04 00:00:00+09:00,9720.720703125,11261.26171875,9702.703125,10540.541015625,173913,0.0,0.0
2025-12-05 00:00:00+09:00,10747.748046875,11171.1708984375,10045.044921875,10045.044921875,101967,0.0,0.0
2025-12-08 00:00:00+09:00,10054.0537109375,10990.9912109375,10009.0087890625,10432.4326171875,55511,0.0,0.0
2025-12-09 00:00:00+09:00,10432.4326171875,11135.134765625,10180.1806640625,11108.1083984375,59744,0.0,0.0
2025-12-10 00:00:00+09:00,10990.9912109375,12612.6123046875,10738.73828125,11873.8740234375,153771,0.0,0.0
2025-12-11 00:00:00+09:00,11873.8740234375,13333.3330078125,11738.73828125,11873.8740234375,154576,0.0,0.0
2025-12-12 00:00:00+09:00,11882.8828125,13054.0537109375,11801.8017578125,12747.748046875,81771,0.0,0.0
2025-12-15 00:00:00+09:00,12747.748046875,13378.3779296875,12405.4052734375,12702.703125,125911,0.0,0.0
2025-12-16 00:00:00+09:00,12792.79296875,12945.9462890625,11567.5673828125,11846.8466796875,67389,0.0,0.0
2025-12-17 00:00:00+09:00,11639.6396484375,12702.703125,11261.26171875,12522.5224609375,112484,0.0,0.0
2025-12-18 00:00:00+09:00,12522.5224609375,13333.3330078125,12234.234375,12432.4326171875,74072,0.0,0.0
2025-12-19 00:00:00+09:00,12972.97265625,13234.234375,11891.8916015625,12306.306640625,180987,0.0,0.0
2025-12-22 00:00:00+09:00,12468.46875,12738.73828125,9909.91015625,10729.7294921875,198353,0.0,0.0
2025-12-23 00:00:00+09:00,10675.67578125,10765.765625,10396.396484375,10450.4501953125,33512,0.0,0.0
2025-12-24 00:00:00+09:00,10270.2705078125,11261.26171875,10180.1806640625,10450.4501953125,74687,0.0,0.0
2025-12-26 00:00:00+09:00,10495.4951171875,10963.9638671875,10324.32421875,10963.9638671875,48796,0.0,0.0
2025-12-29 00:00:00+09:00,11288.2880859375,12027.02734375,11144.14453125,11891.8916015625,62788,0.0,0.0
2025-12-30 00:00:00+09:00,11891.8916015625,12522.5224609375,11369.369140625,11711.7119140625,31515,0.0,0.0
2026-01-02 00:00:00+09:00,11711.7119140625,12090.08984375,11396.396484375,11765.765625,26402,0.0,0.0
2026-01-05 00:00:00+09:00,12117.1171875,12117.1171875,11261.26171875,11711.7119140625,32876,0.0,0.0
2026-01-06 00:00:00+09:00,11711.7119140625,11891.8916015625,11351.3515625,11441.44140625,28528,0.0,0.0
2026-01-07 00:00:00+09:00,11441.44140625,12153.1533203125,10828.8291015625,11270.2705078125,51698,0.0,0.0
2026-01-08 00:00:00+09:00,11171.1708984375,11333.3330078125,10630.630859375,10900.9013671875,48578,0.0,0.0
2026-01-09 00:00:00+09:00,10909.91015625,11090.08984375,10576.576171875,10891.8916015625,30946,0.0,0.0
2026-01-12 00:00:00+09:00,10882.8828125,10882.8828125,10369.369140625,10504.5048828125,25626,0.0,0.0
2026-01-13 00:00:00+09:00,10504.5048828125,10504.5048828125,10063.0634765625,10090.08984375,18981,0.0,0.0
2026-01-14 00:00:00+09:00,10180.1806640625,10234.234375,9684.6845703125,9702.703125,18578,0.0,0.0
2026-01-15 00:00:00+09:00,9846.8466796875,10180.1806640625,9549.5498046875,9882.8828125,12737,0.0,0.0
2026-01-16 00:00:00+09:00,9891.8916015625,9909.91015625,9171.1708984375,9351.3515625,29547,0.0,0.0
2026-01-19 00:00:00+09:00,9729.7294921875,10531.53125,9324.32421875,9765.765625,38023,0.0,0.0
2026-01-20 00:00:00+09:00,9954.955078125,10288.2880859375,9450.4501953125,9828.8291015625,19276,0.0,0.0
2026-01-21 00:00:00+09:00,9369.369140625,9864.865234375,9234.234375,9324.32421875,27328,0.0,0.0
2026-01-22 00:00:00+09:00,9306.306640625,9594.5947265625,9009.0087890625,9594.5947265625,18931,0.0,0.0
2026-01-23 00:00:00+09:00,9513.513671875,10072.072265625,9189.189453125,9648.6484375,17706,0.0,0.0
2026-01-26 00:00:00+09:00,9648.6484375,9909.91015625,9459.458984375,9756.7568359375,25130,0.0,0.0
2026-01-27 00:00:00+09:00,9756.7568359375,9864.865234375,9513.513671875,9594.5947265625,22111,0.0,0.0
2026-01-28 00:00:00+09:00,9594.5947265625,9819.8193359375,9189.189453125,9531.53125,50849,0.0,0.0
2026-01-29 00:00:00+09:00,9531.53125,9855.85546875,9288.2880859375,9693.693359375,26594,0.0,0.0
2026-01-30 00:00:00+09:00,9702.703125,9792.79296875,9018.017578125,9117.1171875,26255,0.0,0.0
2026-02-02 00:00:00+09:00,9117.1171875,9270.2705078125,8828.8291015625,9036.0361328125,21056,0.0,0.0
2026-02-03 00:00:00+09:00,9324.32421875,10090.08984375,8981.982421875,9783.7841796875,25741,0.0,0.0
2026-02-04 00:00:00+09:00,10090.08984375,10423.423828125,9747.748046875,10351.3515625,38317,0.0,0.0
2026-02-05 00:00:00+09:00,10351.3515625,10765.765625,10063.0634765625,10180.1806640625,43483,0.0,0.0
2026-02-06 00:00:00+09:00,9468.46875,9909.91015625,9108.1083984375,9450.4501953125,35116,0.0,0.0
2026-02-09 00:00:00+09:00,9459.458984375,9801.8017578125,9450.4501953125,9792.79296875,18278,0.0,0.0
2026-02-10 00:00:00+09:00,9729.7294921875,10090.08984375,9729.7294921875,9954.955078125,8467,0.0,0.0
2026-02-11 00:00:00+09:00,9954.955078125,10270.2705078125,9954.955078125,9990.9912109375,13503,0.0,0.0
2026-02-12 00:00:00+09:00,10081.0810546875,10585.5859375,9936.9365234375,10216.2158203125,22452,0.0,0.0
2026-02-13 00:00:00+09:00,10063.0634765625,10063.0634765625,9549.5498046875,9594.5947265625,27514,0.0,0.0
2026-02-19 00:00:00+09:00,9594.5947265625,9594.5947265625,9144.14453125,9252.251953125,26866,0.0,0.0
2026-02-20 00:00:00+09:00,9288.2880859375,9315.3154296875,8468.46875,8711.7119140625,52013,0.0,0.0
2026-02-23 00:00:00+09:00,8774.7744140625,9144.14453125,8369.369140625,8792.79296875,21921,0.0,0.0
2026-02-24 00:00:00+09:00,8792.79296875,9135.134765625,8702.703125,8981.982421875,20924,0.0,0.0
2026-02-25 00:00:00+09:00,8981.982421875,9288.2880859375,8846.8466796875,9009.0087890625,17510,0.0,0.0
2026-02-26 00:00:00+09:00,9198.1982421875,9198.1982421875,8585.5859375,8900.9013671875,41568,0.0,0.0
2026-02-27 00:00:00+09:00,9144.14453125,10252.251953125,8855.85546875,9909.91015625,106878,0.0,0.0
2026-03-03 00:00:00+09:00,9909.91015625,10468.46875,9252.251953125,9864.865234375,57939,0.0,0.0
2026-03-04 00:00:00+09:00,9864.865234375,9864.865234375,8792.79296875,9036.0361328125,44425,0.0,0.0
2026-03-05 00:00:00+09:00,9459.458984375,11423.423828125,9279.279296875,11198.1982421875,140945,0.0,0.0
2026-03-06 00:00:00+09:00,11198.1982421875,11783.7841796875,10765.765625,11414.4140625,105413,0.0,0.0
2026-03-09 00:00:00+09:00,13063.0634765625,13063.0634765625,10855.85546875,10873.8740234375,104418,0.0,0.0
2026-03-10 00:00:00+09:00,11414.4140625,11414.4140625,9909.91015625,10927.927734375,104452,0.0,0.0
2026-03-11 00:00:00+09:00,10450.4501953125,11657.6572265625,10450.4501953125,11072.072265625,71395,0.0,0.0
2026-03-12 00:00:00+09:00,11531.53125,12477.4775390625,10990.9912109375,11504.5048828125,109491,0.0,0.0
2026-03-13 00:00:00+09:00,11504.5048828125,12072.072265625,11081.0810546875,11576.576171875,60350,0.0,0.0
2026-03-16 00:00:00+09:00,11684.6845703125,11684.6845703125,10486.486328125,10522.5224609375,64473,0.0,0.0
2026-03-17 00:00:00+09:00,10720.720703125,10828.8291015625,10306.306640625,10333.3330078125,30587,0.0,0.0
2026-03-18 00:00:00+09:00,10360.3603515625,11306.306640625,10000.0,10441.44140625,56425,0.0,0.0
2026-03-19 00:00:00+09:00,10243.2431640625,10441.44140625,9630.630859375,9783.7841796875,46295,0.0,0.0
2026-03-20 00:00:00+09:00,9828.8291015625,10171.1708984375,9702.703125,9810.810546875,13995,0.0,0.0
2026-03-23 00:00:00+09:00,9729.7294921875,9729.7294921875,9009.0087890625,9018.017578125,30719,0.0,0.0
2026-03-24 00:00:00+09:00,9054.0537109375,9360.3603515625,8684.6845703125,9207.20703125,37021,0.0,0.0
2026-03-25 00:00:00+09:00,9207.20703125,9378.3779296875,8909.91015625,9054.0537109375,24338,0.0,0.0
2026-03-26 00:00:00+09:00,9387.3876953125,9459.458984375,8963.9638671875,9009.0087890625,17938,0.0,0.0
2026-03-27 00:00:00+09:00,9279.279296875,9333.3330078125,8837.837890625,9279.279296875,9642,0.0,0.0
2026-03-30 00:00:00+09:00,9279.279296875,9279.279296875,8819.8193359375,8828.8291015625,14562,0.0,0.0
2026-03-31 00:00:00+09:00,8756.7568359375,8837.837890625,8342.3427734375,8342.3427734375,28372,0.0,0.0
2026-04-01 00:00:00+09:00,8819.8193359375,8954.955078125,8288.2880859375,8783.7841796875,17038,0.0,0.0
2026-04-02 00:00:00+09:00,9306.306640625,9306.306640625,8378.3779296875,8540.541015625,35507,0.0,0.0
2026-04-03 00:00:00+09:00,8657.6572265625,8774.7744140625,8180.18017578125,8342.3427734375,20586,0.0,0.0
2026-04-06 00:00:00+09:00,8342.3427734375,8342.3427734375,7819.81982421875,7963.9638671875,20126,0.0,0.0
2026-04-07 00:00:00+09:00,7963.9638671875,8315.3154296875,7963.9638671875,8288.2880859375,14707,0.0,0.0
2026-04-08 00:00:00+09:00,8333.3330078125,8603.603515625,8198.1982421875,8297.296875,12515,0.0,0.0
2026-04-09 00:00:00+09:00,8603.603515625,8630.630859375,8297.296875,8369.369140625,8292,0.0,0.0
2026-04-10 00:00:00+09:00,8612.6123046875,8639.6396484375,8198.1982421875,8261.26171875,27199,0.0,0.0
2026-04-13 00:00:00+09:00,8288.2880859375,8378.3779296875,8108.10791015625,8279.279296875,8023,0.0,0.0
2026-04-14 00:00:00+09:00,8468.46875,8540.541015625,8171.17138671875,8216.2158203125,24976,0.0,0.0
2026-04-15 00:00:00+09:00,8009.0087890625,8018.01806640625,6783.78369140625,7252.25244140625,237579,0.0,0.0
2026-04-16 00:00:00+09:00,7369.369140625,7747.74755859375,7099.09912109375,7468.46826171875,68312,0.0,0.0
2026-04-17 00:00:00+09:00,7477.4775390625,9009.0087890625,7378.37841796875,8639.6396484375,112712,0.0,0.0
2026-04-20 00:00:00+09:00,8819.8193359375,9279.279296875,8135.13525390625,8468.46875,79117,0.0,0.0
2026-04-21 00:00:00+09:00,8468.46875,8504.5048828125,7657.65771484375,8378.3779296875,39383,0.0,0.0
2026-04-22 00:00:00+09:00,8648.6484375,8648.6484375,7837.837890625,8468.46875,21490,0.0,0.0
2026-04-23 00:00:00+09:00,8513.513671875,8684.6845703125,8108.10791015625,8144.14404296875,26915,0.0,0.0
2026-04-24 00:00:00+09:00,9135.134765625,10360.3603515625,5702.70263671875,7891.89208984375,323090,0.0,0.0
2026-04-27 00:00:00+09:00,7909.90966796875,8153.1533203125,7738.73876953125,7801.8017578125,45867,0.0,0.0
2026-04-28 00:00:00+09:00,7801.8017578125,7873.8740234375,7252.25244140625,7639.6396484375,52009,0.0,0.0
2026-04-29 00:00:00+09:00,7594.5947265625,7657.65771484375,7360.3603515625,7657.65771484375,19367,0.0,0.0
2026-04-30 00:00:00+09:00,7648.6484375,7702.70263671875,7423.42333984375,7639.6396484375,19567,0.0,0.0
2026-05-04 00:00:00+09:00,8054.05419921875,8054.05419921875,7342.34228515625,7513.513671875,28234,0.0,0.0
2026-05-06 00:00:00+09:00,7468.46826171875,7729.7294921875,7027.02685546875,7180.18017578125,33863,0.0,0.0
2026-05-07 00:00:00+09:00,7189.18896484375,7342.34228515625,6666.66650390625,6864.86474609375,78024,0.0,0.0
2026-05-08 00:00:00+09:00,6864.86474609375,7108.10791015625,6666.66650390625,6864.86474609375,26958,0.0,0.0
2026-05-11 00:00:00+09:00,6882.8828125,6900.90087890625,6216.21630859375,6405.4052734375,40074,0.0,0.0
2026-05-12 00:00:00+09:00,6405.4052734375,6738.73876953125,6243.2431640625,6594.5947265625,86471,0.0,0.0
2026-05-13 00:00:00+09:00,6666.66650390625,6666.66650390625,6126.1259765625,6189.18896484375,41198,0.0,0.0
2026-05-14 00:00:00+09:00,6342.34228515625,6396.396484375,5819.81982421875,5918.9189453125,55548,0.0,0.0
2026-05-15 00:00:00+09:00,5918.9189453125,5927.927734375,5270.2705078125,5648.6484375,73380,0.0,0.0
2026-05-18 00:00:00+09:00,5666.66650390625,5666.66650390625,5171.17138671875,5657.65771484375,17664,0.0,0.0
2026-05-19 00:00:00+09:00,5657.65771484375,5657.65771484375,5279.279296875,5423.42333984375,14484,0.0,0.0
2026-05-20 00:00:00+09:00,5423.42333984375,5423.42333984375,5135.13525390625,5243.2431640625,28513,0.0,0.0
2026-05-21 00:00:00+09:00,5216.21630859375,5495.49560546875,5045.044921875,5045.044921875,21789,0.0,0.0
2026-05-22 00:00:00+09:00,4846.8466796875,5495.49560546875,4846.8466796875,5297.29736328125,45709,0.0,0.0
2026-05-26 00:00:00+09:00,5405.4052734375,5558.55859375,5234.234375,5387.38720703125,19664,0.0,0.0
2026-05-27 00:00:00+09:00,5342.34228515625,5405.4052734375,4945.94580078125,5045.044921875,23813,0.0,0.0
2026-05-28 00:00:00+09:00,5045.044921875,5090.09033203125,4882.8828125,5054.05419921875,15315,0.0,0.0
2026-05-29 00:00:00+09:00,5054.05419921875,5225.22509765625,4549.54931640625,4792.79296875,23061,0.0,0.0
2026-06-01 00:00:00+09:00,4810.81103515625,4810.81103515625,4333.33349609375,4522.5224609375,23181,0.0,0.0
2026-06-02 00:00:00+09:00,4540.54052734375,4621.62158203125,4324.32421875,4612.61279296875,11255,0.0,0.0
2026-06-04 00:00:00+09:00,4054.053955078125,4558.55859375,4054.053955078125,4468.46826171875,15566,0.0,0.0
2026-06-05 00:00:00+09:00,4468.46826171875,4513.513671875,4027.027099609375,4387.38720703125,9806,0.0,0.0
2026-06-08 00:00:00+09:00,4081.0810546875,4378.37841796875,3990.990966796875,4072.072021484375,10982,0.0,0.0
2026-06-09 00:00:00+09:00,4072.072021484375,4270.2705078125,4018.01806640625,4180.18017578125,7997,0.0,0.0
2026-06-10 00:00:00+09:00,3783.78369140625,4234.234375,3765.765869140625,3792.792724609375,90,0.0,0.0
2026-06-11 00:00:00+09:00,3792.792724609375,4675.67578125,3774.774658203125,4009.009033203125,78689,0.0,0.0
2026-06-12 00:00:00+09:00,3882.8828125,4324.32421875,3855.85595703125,4180.18017578125,19704,0.0,0.0
2026-06-15 00:00:00+09:00,4216.21630859375,4414.41455078125,3873.873779296875,3927.927978515625,32197,0.0,0.0
2026-06-16 00:00:00+09:00,3981.98193359375,4072.072021484375,3819.81982421875,3981.98193359375,11895,0.0,0.0
2026-06-17 00:00:00+09:00,3981.98193359375,3981.98193359375,3387.387451171875,3576.57666015625,292273,0.0,0.0
2026-06-18 00:00:00+09:00,3576.57666015625,3765.765869140625,3369.369384765625,3468.468505859375,31961,0.0,0.0
2026-06-19 00:00:00+09:00,3378.37841796875,4144.14404296875,3306.306396484375,3765.765869140625,87407,0.0,0.0
2026-06-22 00:00:00+09:00,3756.7568359375,3756.7568359375,3396.396484375,3432.432373046875,22549,0.0,0.0
2026-06-23 00:00:00+09:00,3225.225341796875,3585.585693359375,3225.225341796875,3243.2431640625,36834,0.0,0.0
2026-06-24 00:00:00+09:00,3693.693603515625,3693.693603515625,3171.171142578125,3252.252197265625,20385,0.0,0.0
2026-06-25 00:00:00+09:00,3342.34228515625,3396.396484375,3153.153076171875,3153.153076171875,14394,0.0,0.0
2026-06-26 00:00:00+09:00,3612.612548828125,3612.612548828125,2756.7568359375,2972.972900390625,34351,0.0,0.0
2026-06-29 00:00:00+09:00,2612.612548828125,3360.3603515625,2612.612548828125,2891.891845703125,76238,0.0,0.0
2026-06-30 00:00:00+09:00,3504.50439453125,3504.50439453125,2045.0450439453125,2783.78369140625,546017,0.0,0.0
2026-07-01 00:00:00+09:00,2783.78369140625,2783.78369140625,2783.78369140625,2783.78369140625,0,0.0,0.111
2026-07-02 00:00:00+09:00,2783.78369140625,2783.78369140625,2783.78369140625,2783.78369140625,0,0.0,0.0
2026-07-03 00:00:00+09:00,2783.78369140625,2783.78369140625,2783.78369140625,2783.78369140625,0,0.0,0.0
2026-07-06 00:00:00+09:00,2783.78369140625,2783.78369140625,2783.78369140625,2783.78369140625,0,0.0,0.0
2026-07-07 00:00:00+09:00,2783.78369140625,2783.78369140625,2783.78369140625,2783.78369140625,0,0.0,0.0
2026-07-08 00:00:00+09:00,2783.78369140625,2783.78369140625,2783.78369140625,2783.78369140625,0,0.0,0.0
2026-07-09 00:00:00+09:00,2783.78369140625,2783.78369140625,2783.78369140625,2783.78369140625,0,0.0,0.0
2026-07-10 00:00:00+09:00,2783.78369140625,2783.78369140625,2783.78369140625,2783.78369140625,0,0.0,0.0
2026-07-13 00:00:00+09:00,2783.78369140625,2783.78369140625,2783.78369140625,2783.78369140625,0,0.0,0.0
2026-07-14 00:00:00+09:00,2783.78369140625,2783.78369140625,2783.78369140625,2783.78369140625,0,0.0,0.0
2026-07-15 00:00:00+09:00,2783.78369140625,2783.78369140625,2783.78369140625,2783.78369140625,0,0.0,0.0
2026-07-16 00:00:00+09:00,2783.78369140625,2783.78369140625,2783.78369140625,2783.78369140625,0,0.0,0.0
2026-07-20 00:00:00+09:00,2783.78369140625,2783.78369140625,2783.78369140625,2783.78369140625,0,0.0,0.0
2026-07-21 00:00:00+09:00,2783.78369140625,2783.78369140625,2783.78369140625,2783.78369140625,0,0.0,0.0
2026-07-22 00:00:00+09:00,2700.0,2710.0,1999.0,2080.0,155360,0.0,0.0
2026-07-23 00:00:00+09:00,2080.0,2600.0,1960.0,1962.0,146215,0.0,0.0
2026-07-24 00:00:00+09:00,1976.0,2170.0,1944.0,1960.0,89085,0.0,0.0
2026-07-27 00:00:00+09:00,2015.0,2110.0,1900.0,1994.0,33537,0.0,0.0
2026-07-28 00:00:00+09:00,1994.0,2190.0,1906.0,1936.0,54781,0.0,0.0
2026-07-29 00:00:00+09:00,1866.0,2020.0,1765.0,1902.0,61103,0.0,0.0
2026-07-30 00:00:00+09:00,1959.0,2095.0,1860.0,2075.0,39552,0.0,0.0
2026-07-31 00:00:00+09:00,2075.0,2220.0,1965.0,2190.0,22096,0.0,0.0
2026-08-03 00:00:00+09:00,2190.0,2390.0,2190.0,2205.0,29507,0.0,0.0
2026-08-04 00:00:00+09:00,2205.0,2590.0,2205.0,2300.0,66082,0.0,0.0
2026-08-05 00:00:00+09:00,2365.0,2990.0,2365.0,2990.0,88156,0.0,0.0
2026-08-06 00:00:00+09:00,3885.0,3885.0,3885.0,3885.0,62282,0.0,0.0
2026-08-07 00:00:00+09:00,5010.0,5010.0,3315.0,3705.0,1564768,0.0,0.0
2026-08-10 00:00:00+09:00,3745.0,3745.0,3205.0,3290.0,370296,0.0,0.0
2026-08-11 00:00:00+09:00,3200.0,3515.0,2990.0,3295.0,295177,0.0,0.0
2026-08-12 00:00:00+09:00,3295.0,3400.0,3010.0,3240.0,123804,0.0,0.0
2026-08-13 00:00:00+09:00,3210.0,3860.0,3050.0,3055.0,284188,0.0,0.0
2026-08-14 00:00:00+09:00,3130.0,3400.0,2850.0,3060.0,170503,0.0,0.0
2026-08-18 00:00:00+09:00,3110.0,3120.0,2800.0,2860.0,50149,0.0,0.0
2026-08-19 00:00:00+09:00,2815.0,2875.0,2690.0,2690.0,45104,0.0,0.0
2026-08-20 00:00:00+09:00,3190.0,3300.0,2705.0,2885.0,271370,0.0,0.0
2026-08-21 00:00:00+09:00,2880.0,2985.0,2700.0,2790.0,71129,0.0,0.0
2026-08-24 00:00:00+09:00,2830.0,3160.0,2830.0,3025.0,96556,0.0,0.0
2026-08-25 00:00:00+09:00,3025.0,3030.0,2630.0,2785.0,103174,0.0,0.0
2026-08-26 00:00:00+09:00,2730.0,2815.0,2640.0,2760.0,63752,0.0,0.0
2026-08-27 00:00:00+09:00,2760.0,2820.0,2640.0,2745.0,28353,0.0,0.0
2026-08-28 00:00:00+09:00,2745.0,2780.0,2640.0,2725.0,18538,0.0,0.0
2026-08-31 00:00:00+09:00,2695.0,2755.0,2605.0,2750.0,19011,0.0,0.0
2026-09-01 00:00:00+09:00,2755.0,2890.0,2700.0,2795.0,14512,0.0,0.0
2026-09-02 00:00:00+09:00,2795.0,2850.0,2715.0,2775.0,14929,0.0,0.0
2026-09-03 00:00:00+09:00,2990.0,2990.0,2655.0,2680.0,36048,0.0,0.0
2026-09-04 00:00:00+09:00,2680.0,2750.0,2615.0,2745.0,19456,0.0,0.0
